{"index":{"university,1|retail,2|tourism,3|wreck,4|historical,5|artsCulture,6|namedBuilding,7|water,8|wetland,9|park,10|beach,11|natureReserve,12|cemetery,13|trail,14":{}},"37":{"RG":{"99":{"54":"2"}},"X8":{"GX":{"QG":"2","JC":"2"}},"W8":{"XR":{"V9":"2"},"WW":{"H4":"2"},"VV":{"GM":"2","GC":"2"},"XX":{"52":"2"}},"RJ":{"56":{"VV":"2","VR":"2","R9":"2","VW":"2"},"68":{"93":"2","72":"2","55":"2","63":"2","64":"2","62":"2","82":"2","54":"2","83":"2","84":"2","73":"2"},"57":{"W5":"2","X7":"2"},"67":{"GV":"2","6C":"2","6X":"2","8X":"2","48":"2","68":"2","JF":"2","JM":"2","8M":"2","CP":"2","HH":"2","5X":"2","27":"2","MR":"2","GF":"2","49":"2","JG":"2","PF":"2","H8":"2","6F":"2","CM":"2","HF":"2","HQ":"2","GH":"2","JV":"2","8W":"2","JR":"2","7X":"2","MP":"2","9M":"2","GJ":"2","CJ":"2","7W":"2","8Q":"2","8V":"2","33":"2","8R":"2","HR":"2","4H":"2","9Q":"2","5F":"2","HM":"2","MQ":"2","GR":"2","JJ":"2","4P":"2","GC":"2","9R":"2","6V":"2","GM":"2","5H":"2","GQ":"2","JQ":"2","HG":"2","GG":"2","HJ":"2","69":"2","8J":"2","MM":"2","HP":"2","9P":"2"},"66":{"3X":"2","9W":"2","4C":"2"},"77":{"23":"2"},"58":{"V9":"2","WJ":"2","WF":"2","XJ":"2","VP":"2","VF":"2","WH":"2"}},"QJ":{"FR":{"R3":"2","Q2":"2","R5":"2","P2":"2","Q4":"2","V4":"2","R2":"2","P4":"2","J2":"2","M4":"2","R4":"2","Q5":"2"},"FQ":{"VV":"2","HX":"2","XW":"2"},"4M":{"G6":"2"},"CP":{"JH":"2"},"3W":{"93":"2"},"J5":{"HX":"2"},"GR":{"5C":"2","6C":"2","5F":"2","6F":"2","7F":"2","7C":"2","59":"2","69":"2"},"39":{"7R":"2","7V":"2","8V":"2","7W":"2","8W":"2","8R":"2","37":"2","8X":"2"}},"7Q":{"6W":{"GX":"2"}},"QM":{"P7":{"3V":"2"}},"X9":{"H6":{"FX":"2"},"24":{"MM":"2","GG":"2"},"23":{"VQ":"2"},"MP":{"7Q":"2","6C":"2","3J":"2","6Q":"2","6R":"2","5X":"2","7M":"2","6F":"2","6M":"2","5J":"2","5P":"2","4W":"2","7P":"2","6J":"2","7R":"2","6P":"2","4J":"2","7W":"2","5M":"2","8R":"2","7J":"2","4H":"2","9Q":"2","5F":"2","2J":"2","39":"2","6W":"2","3H":"2","8P":"2","9R":"2","5Q":"2","6V":"2","6H":"2","8J":"2","6G":"2"},"PW":{"8W":"2"},"44":{"M4":"2"},"MQ":{"63":"2","62":"2","82":"2","74":"2","52":"2","73":"2"}},"RF":{"93":{"M6":"2"},"72":{"5J":"2"},"MH":{"W7":"2"},"R2":{"GR":"2"},"R3":{"PV":"2","R8":"2","G9":"2","PM":"2","RX":"2","XW":"2","P7":"2","R6":"2","WX":"2","93":"2","W7":"2","V4":"2","MR":"2","MV":"2","X8":"2","QW":"2","PH":"2","Q6":"2","RW":"2","H3":"2","H4":"2","VF":"2","R9":"2","PW":"2","G4":"2","J6":"2","JH":"2","PJ":"2","PP":"2","R7":"2","8C":"2","QJ":"2","QV":"2","PR":"2","83":"2","WV":"2","8F":"2","M7":"2","PQ":"2","X7":"2","QR":"2","QX":"2","Q5":"2","RC":"2","96":"2","H7":"2","VX":"2","J5":"2","RV":"2","M8":"2","RM":"2","P8":"2","Q8":"2","P5":"2","H2":"2","MM":"2","VW":"2","F4":"2","MC":"2","RR":"2"},"V4":{"JG":"2","MF":"2","7M":"2","64":"2","52":"2","7J":"2","8H":"2","26":"2","8J":"2","MG":"2","8F":"2","9J":"2","7G":"2","79":"2","8G":"2","53":"2","65":"2","HF":"2","7P":"2","42":"2","JF":"2","9G":"2","55":"2","7H":"2","24":"2","8P":"2","8M":"2","C8":"2","HC":"2","9H":"2","6J":"2","6M":"2","9C":"2","6H":"2","8C":"2","9F":"2","GM":"2","66":"2","7F":"2"},"Q3":{"V6":"2"},"PJ":{"3G":"2","2P":"2","2C":"2","4H":"2","3J":"2","4F":"2","2F":"2","2H":"2","3P":"2","3Q":"2","2M":"2","5Q":"2"},"V3":{"6C":"2","28":"2","3H":"2","7M":"2","2W":"2","5X":"2","8Q":"2","8G":"2","29":"2","2R":"2","4G":"2","CV":"2","CR":"2","CQ":"2","3W":"2","9R":"2","3V":"2","8P":"2","F2":"2","9Q":"2","8M":"2","3Q":"2","9V":"2","6H":"2","FJ":"2"},"MJ":{"WP":"2","XP":"2"},"W4":{"GH":"2","9G":"2","JJ":"2","49":"2","FH":"2","39":"2"},"R4":{"R5":"2","R2":"2","R3":"2","V4":"2","Q3":"2","X3":"2","X2":"2","V3":"2","R6":"2","V2":"2","R4":"2","Q2":"2"}},"VG":{"M8":{"M5":"2","M7":"2","P8":"2"},"6P":{"R5":"2","P5":"2","P6":"2","R6":"2","Q5":"2","Q4":"2","P4":"2","F5":"2","F4":"2","Q6":"2","R4":"2"}},"XH":{"XF":{"JH":"2","MH":"2","PH":"2","G7":"2","MF":"2","MG":"2","MJ":"2"},"VH":{"JV":"2"}},"VF":{"25":{"R7":"2"}},"VC":{"HH":{"FP":"2"}},"QH":{"5P":{"X8":"2","XC":"2","V3":"2","V2":"2","W2":"2","X9":"2"},"5C":{"3C":"2","7Q":"2","6Q":"2"},"6Q":{"56":"2","57":"2","6C":"2","5F":"2","58":"2","53":"2"},"5M":{"G8":"2","QJ":"2","RM":"2","M7":"2","VW":"2","WQ":"2","WW":"2","MF":"2","H5":"2","WV":"2","R9":"2","VX":"2","VR":"2","J8":"2","VJ":"2","M9":"2","P9":"2","VP":"2","RR":"2","V9":"2","MG":"2","94":"2","H8":"2","RW":"2","J9":"2","VH":"2","WX":"2","Q5":"2","6P":"2","QC":"2","J6":"2","C3":"2","RJ":"2","R6":"2","VQ":"2","RH":"2","RV":"2","J4":"2","R8":"2","W8":"2","VG":"2","WR":"2","RQ":"2","QP":"2","QH":"2","WP":"2","QF":"2","QM":"2","PF":"2","VF":"2","HC":"2","J7":"2","M8":"2","RP":"2","XW":"2","PG":"2","VV":"2"},"6M":{"2W":"2","2V":"2"},"4C":{"V4":"2"},"6P":{"5H":"2","9H":"2","4M":"2","2H":"2","2C":"2","6M":"2","2F":"2","HG":"2","29":"2"},"5J":{"FQ":"2","CQ":"2","9V":"2","9W":"2","HX":"2","GV":"2","CW":"2","CV":"2"},"5G":{"39":"2"}},"RC":{"RX":{"QF":"2"}},"WG":{"9R":{"82":"2"},"9P":{"VQ":"2","JC":"2"},"9Q":{"6C":"2","M9":"2","GP":"2","JF":"2","JM":"2","PC":"2","HH":"2","5C":"2","C7":"2","3P":"2","JG":"2","MF":"2","9C":"2","4M":"2","5P":"2","H3":"2","R4":"2","R3":"2","Q3":"2","7P":"2","HC":"2","JH":"2","JP":"2","GJ":"2","JC":"2","CX":"2","8Q":"2","FH":"2","9Q":"2","HM":"2","GR":"2","JJ":"2","C3":"2","4P":"2","Q5":"2","GQ":"2","HG":"2","GG":"2","P3":"2","6H":"2","HJ":"2","J8":"2","C2":"2","3M":"2","HP":"2","MC":"2","H9":"2"},"9M":{"QV":"2"}},"WC":{"W5":{"RV":"2"}},"W9":{"7G":{"75":"2","C7":"2","73":"2","97":"2","F5":"2","C2":"2","64":"2","C6":"2","76":"2","96":"2","93":"2","83":"2","65":"2","F6":"2","F4":"2","C3":"2","C5":"2","98":"2","WR":"2","F2":"2","C4":"2","92":"2","C8":"2","G5":"2","F3":"2","9C":"2","66":"2","82":"2"},"FQ":{"53":"2"},"FM":{"67":"2","64":"2","66":"2","78":"2","77":"2"},"FP":{"6W":"2"},"X6":{"FG":"2"},"8H":{"6R":"2","5M":"2"},"F5":{"44":"2"},"7F":{"9X":"2","FR":"2","GR":"2","FW":"2","FV":"2","CV":"2","CR":"2","FQ":"2","CQ":"2","8P":"2","9Q":"2","GV":"2","CW":"2","CX":"2","FX":"2","GQ":"2"},"V2":{"V6":"2"},"PM":{"R3":"2"},"CQ":{"8P":"2","FP":"2","CP":"2","GP":"2","9P":"2"},"Q2":{"MH":"2","CH":"2"}}}}