{"index":{"university,1|retail,2|tourism,3|wreck,4|historical,5|artsCulture,6|namedBuilding,7|water,8|wetland,9|park,10|beach,11|natureReserve,12|cemetery,13|trail,14":{}},"38":{"93":{"R2":{"2Q":"2"}},"W3":{"52":{"CG":"2"},"5G":{"GM":"2"}},"W2":{"9F":{"JG":"2"}},"W4":{"85":{"35":"2","3F":"2","24":"2","23":"2","33":"2","48":"2","4C":"2","47":"2","3C":"2","26":"2","34":"2","32":"2","25":"2"},"84":{"4P":"2","4V":"2","5R":"2","5W":"2","4W":"2","5G":"2","5V":"2","4R":"2","65":"2","5P":"2","64":"2","4Q":"2","5Q":"2"},"73":{"JH":"2","MH":"2","JJ":"2","MJ":"2"}}}}