{"index":{"university,1|retail,2|tourism,3|wreck,4|historical,5|artsCulture,6|namedBuilding,7|water,8|wetland,9|park,10|beach,11|natureReserve,12|cemetery,13|trail,14":{}},"4F":{"XV":{"CX":{"PR":"2","RR":"2","QR":"2","RQ":"2"},"QW":{"QJ":"2","RM":"2","QM":"2","RJ":"2"},"M7":{"MH":"2","MG":"2"}},"RW":{"7C":{"XV":"2","CR":"2","9R":"2","9V":"2","9W":"2","CQ":"2"},"W8":{"QW":"2"},"2G":{"PQ":"2","62":"2","WW":"2","GH":"2","QQ":"2","PP":"2","2F":"2","63":"2","P4":"2","GJ":"2","2C":"2","G2":"2","9J":"2","2P":"2","53":"2","2Q":"2","86":"2","FH":"2","F2":"2","RQ":"2","QP":"2","H6":"2","72":"2","FJ":"2"},"2P":{"32":"2","QP":"2","22":"2","QV":"2"},"5V":{"XC":"2","57":"2","QQ":"2","PG":"2","48":"2","VF":"2","VC":"2","WC":"2","VW":"2","W9":"2"},"6X":{"P6":"2","P7":"2","M8":"2","M9":"2","P9":"2","F3":"2","P8":"2"},"3J":{"XV":"2","XQ":"2","R6":"2","RW":"2","XF":"2","X7":"2","W6":"2","9R":"2","WJ":"2","VH":"2","XR":"2","V2":"2","W2":"2","54":"2","83":"2","55":"2","2X":"2","WH":"2","XM":"2","X6":"2","3X":"2","VG":"2","XH":"2","74":"2","65":"2","7H":"2","84":"2","XP":"2","73":"2","XG":"2","WG":"2","WC":"2","XJ":"2","W9":"2"},"3G":{"G7":"2","75":"2","HQ":"2","G6":"2","C2":"2","F9":"2","52":"2","76":"2","74":"2","QX":"2","96":"2","J3":"2","PX":"2","PW":"2","86":"2","85":"2","F4":"2","J2":"2","J6":"2","C3":"2","J4":"2","87":"2","4F":"2","C4":"2","H2":"2","H7":"2","CG":"2","J7":"2","GQ":"2","56":"2"},"8H":{"G3":"2","MJ":"2"},"8X":{"2X":"2","VQ":"2"},"2R":{"PQ":"2","FR":"2","QQ":"2","JR":"2","PM":"2","2G":"2","PP":"2","JQ":"2","PH":"2","GJ":"2","FV":"2","PX":"2","PJ":"2","CV":"2","MJ":"2","CR":"2","HP":"2","3J":"2","MP":"2","QP":"2","MR":"2","C9":"2","PR":"2","QR":"2","MQ":"2","MH":"2","MM":"2"},"GP":{"H6":"2","PJ":"2","H7":"2","RJ":"2","VJ":"2","VH":"2","MC":"2","QJ":"2","MG":"2","G7":"2","PG":"2","WH":"2","MF":"2","QH":"2","PH":"2","XG":"2","MH":"2","G6":"2","RH":"2"},"2Q":{"JQ":"2","9C":"2"},"3R":{"JX":"2","5X":"2","W6":"2","VV":"2","MX":"2","5W":"2","52":"2","JW":"2"},"5X":{"82":"2","73":"2"},"5G":{"7G":"2","P5":"2","PP":"2","8V":"2","5V":"2","2G":"2","G4":"2","X2":"2","R6":"2","Q5":"2","Q4":"2","94":"2","R7":"2","P4":"2","7F":"2","8W":"2","88":"2","2F":"2","Q6":"2","V7":"2","5W":"2","3F":"2","8X":"2"},"M5":{"67":"2","46":"2"},"M6":{"6R":"2","6Q":"2"},"4R":{"F7":"2","C7":"2"},"3P":{"5R":"2"},"7F":{"74":"2","84":"2"},"4M":{"VR":"2","MH":"2","6Q":"2","XW":"2","68":"2","WX":"2","8M":"2","CP":"2","MJ":"2","W7":"2","MR":"2","VC":"2","CM":"2","XX":"2","CH":"2","FR":"2","R3":"2","WW":"2","8W":"2","VF":"2","H4":"2","XV":"2","W6":"2","PJ":"2","G6":"2","G7":"2","87":"2","QM":"2","WV":"2","4Q":"2","Q7":"2","G8":"2","QX":"2","RC":"2","FQ":"2","GM":"2","GQ":"2","J5":"2","FM":"2","RM":"2","RJ":"2","69":"2","8J":"2","VW":"2","VQ":"2","9P":"2","FP":"2"},"6F":{"75":"2","54":"2","6G":"2","84":"2","64":"2","7J":"2","8H":"2","74":"2","8J":"2","45":"2","8F":"2","7G":"2","8G":"2","65":"2","44":"2","55":"2","7H":"2","6J":"2","6H":"2","2X":"2","7F":"2"},"3V":{"95":"2","42":"2","F3":"2","8M":"2","F8":"2","V7":"2","M6":"2","G3":"2","C5":"2","86":"2","X5":"2","77":"2","66":"2","85":"2","R3":"2","Q3":"2","G4":"2","G2":"2","P6":"2","55":"2","8C":"2","G7":"2","87":"2","Q4":"2","FH":"2","7V":"2","76":"2","J2":"2","63":"2","HV":"2","G8":"2","JJ":"2","C3":"2","75":"2","98":"2","72":"2","8P":"2","96":"2","65":"2","67":"2","M2":"2","64":"2","74":"2","88":"2","HJ":"2","C2":"2","54":"2","53":"2","V6":"2"},"5J":{"55":"2","9V":"2","8J":"2","62":"2","9X":"2","9W":"2","CX":"2","8W":"2","CW":"2","8X":"2","FW":"2"},"2H":{"CQ":"2","CR":"2","JR":"2","2V":"2","CH":"2","GG":"2","45":"2","55":"2","CG":"2","78":"2","9Q":"2","JW":"2","2W":"2"},"5P":{"8P":"2","63":"2","62":"2","CQ":"2"},"XX":{"MV":"2","PX":"2"},"CH":{"68":"2"},"FR":{"F4":"2"},"29":{"PH":"2","WG":"2","XH":"2","WH":"2"},"JV":{"8V":"2","4R":"2","RF":"2","XC":"2","6V":"2","8W":"2","8R":"2","X9":"2","WC":"2"},"7P":{"G4":"2","J7":"2"},"7X":{"57":"2","97":"2","9H":"2","9G":"2","XR":"2","P7":"2","66":"2","47":"2","GJ":"2","C8":"2","98":"2","MV":"2","87":"2","77":"2","M7":"2","99":"2"},"5W":{"2V":"2"},"6P":{"42":"2"},"4J":{"FW":"2","G9":"2","PM":"2","32":"2","WG":"2","48":"2","GP":"2","47":"2","JM":"2","8M":"2","CP":"2","MJ":"2","7M":"2","3P":"2","XG":"2","XH":"2","6M":"2","5J":"2","FV":"2","R3":"2","JR":"2","6J":"2","R7":"2","GJ":"2","4J":"2","7J":"2","HR":"2","QM":"2","WH":"2","P2":"2","FJ":"2","4H":"2","HM":"2","JJ":"2","4P":"2","2F":"2","8P":"2","GM":"2","5H":"2","GQ":"2","JQ":"2","FM":"2","69":"2","HJ":"2","8J":"2","MM":"2","3M":"2","HP":"2","9P":"2","FP":"2","R2":"2"},"FF":{"PH":"2","PG":"2","QG":"2","Q7":"2","PF":"2","2Q":"2","Q8":"2","PJ":"2","QF":"2","2P":"2"},"2C":{"7V":"2","R3":"2","6M":"2","7J":"2"},"4V":{"V6":"2"},"5M":{"G8":"2","MW":"2","9M":"2","MF":"2","C2":"2","8F":"2","7G":"2","F8":"2","4G":"2","C3":"2","6W":"2","6X":"2","MV":"2","3V":"2","8P":"2","5W":"2","8M":"2","4H":"2","6V":"2","PF":"2","F3":"2","9P":"2","8C":"2","2V":"2"},"4G":{"66":"2","HW":"2","79":"2","F5":"2","QC":"2","M5":"2","P4":"2","C2":"2","JM":"2","5X":"2","27":"2","VC":"2","89":"2","9G":"2","44":"2","88":"2","46":"2","36":"2","59":"2","5C":"2","JH":"2","43":"2","WQ":"2","47":"2","XG":"2","H5":"2","48":"2","78":"2","CC":"2","45":"2","9Q":"2","8C":"2","Q3":"2","68":"2","77":"2","HH":"2","F2":"2","C5":"2","GM":"2","4H":"2","C6":"2","JW":"2","7C":"2","54":"2","35":"2","P3":"2","HM":"2","96":"2","99":"2","94":"2","6C":"2","CG":"2","M4":"2","7F":"2","55":"2","76":"2","95":"2","P5":"2","85":"2","9F":"2","P2":"2","8F":"2","67":"2","J4":"2","69":"2","34":"2","JJ":"2","H3":"2","58":"2","9C":"2","P9":"2","M6":"2","26":"2","33":"2","GP":"2","37":"2","53":"2","56":"2","57":"2","H4":"2","Q2":"2","CF":"2","8G":"2","3P":"2","98":"2","QR":"2","86":"2","J3":"2","49":"2","7G":"2","J5":"2"},"J7":{"QC":"2"},"4F":{"4V":"2","3R":"2","9V":"2","VV":"2","8V":"2","7W":"2","CX":"2","WV":"2","WW":"2","9W":"2","FX":"2","4R":"2","7V":"2","VW":"2","8W":"2"},"4H":{"62":"2","GH":"2","MF":"2","4P":"2","G9":"2","54":"2","Q7":"2","7V":"2","5H":"2","63":"2","5V":"2","8J":"2","5G":"2","7W":"2","45":"2","J9":"2","MC":"2","57":"2","53":"2","78":"2","8W":"2","4Q":"2","46":"2","44":"2","5Q":"2","3R":"2","55":"2","FG":"2","5R":"2","8V":"2","5P":"2","CC":"2","47":"2","8M":"2","4H":"2","58":"2","PF":"2","PC":"2","56":"2","7X":"2","R2":"2"},"5F":{"MW":"2","HR":"2","HG":"2","WQ":"2","JG":"2","HQ":"2","GH":"2","VJ":"2","XV":"2","WM":"2","VP":"2","VM":"2","HJ":"2","GJ":"2","HH":"2","FP":"2","XX":"2","FQ":"2","XR":"2","GG":"2","WR":"2","HV":"2","WP":"2","JH":"2","XW":"2","GQ":"2","GM":"2"},"4Q":{"2R":"2"},"2J":{"MR":"2","GW":"2","JV":"2","22":"2","HM":"2","MQ":"2","QM":"2","WW":"2","23":"2","JP":"2","FW":"2","FV":"2","PX":"2","MM":"2"},"39":{"MR":"2","JQ":"2","QV":"2","QR":"2","RW":"2","HJ":"2","HM":"2","JM":"2","MQ":"2","RV":"2","PV":"2","JP":"2","2H":"2","WX":"2","VX":"2","GJ":"2","PR":"2"},"3X":{"J2":"2","H3":"2","Q2":"2"},"4P":{"JH":"2","R5":"2","97":"2","H6":"2","Q3":"2","VG":"2","94":"2","7W":"2","MV":"2"},"2V":{"PC":"2","24":"2","2C":"2","P2":"2","29":"2"},"6W":{"36":"2"},"2F":{"87":"2","8W":"2","79":"2","8R":"2","XQ":"2","F5":"2","RX":"2","VR":"2","7W":"2","QC":"2","G8":"2","7X":"2","97":"2","39":"2","PC":"2","XF":"2","CJ":"2","7J":"2","5J":"2","7P":"2","6J":"2","FJ":"2","WG":"2","7M":"2","88":"2","29":"2","4P":"2","6M":"2","Q9":"2","8J":"2","QH":"2","7V":"2","WQ":"2","RF":"2","XG":"2","GJ":"2","4J":"2","78":"2","8Q":"2","5H":"2","C8":"2","J7":"2","6P":"2","F9":"2","RH":"2","RP":"2","8C":"2","8M":"2","5P":"2","XC":"2","F8":"2","G9":"2","J8":"2","CM":"2","4H":"2","C6":"2","6X":"2","7C":"2","G7":"2","96":"2","99":"2","7F":"2","4Q":"2","C9":"2","MG":"2","WF":"2","R9":"2","7H":"2","95":"2","8P":"2","7Q":"2","6F":"2","WP":"2","8F":"2","WR":"2","6Q":"2","C7":"2","H8":"2","P9":"2","QF":"2","3H":"2","5Q":"2","7R":"2","5M":"2","H7":"2","8H":"2","VV":"2","F7":"2","8G":"2","FM":"2","8V":"2","98":"2","F6":"2","RC":"2","XP":"2","H6":"2","49":"2","GX":"2","C3":"2","J5":"2","6H":"2"},"3H":{"VW":"2","WQ":"2","WW":"2","RF":"2","7M":"2","W4":"2","VX":"2","VR":"2","RX":"2","VJ":"2","Q2":"2","VP":"2","VM":"2","RR":"2","8J":"2","W2":"2","3C":"2","G2":"2","WX":"2","37":"2","Q5":"2","PX":"2","Q3":"2","CR":"2","RH":"2","VQ":"2","RV":"2","J4":"2","CQ":"2","R8":"2","VG":"2","WR":"2","P2":"2","RC":"2","4C":"2","XQ":"2","PR":"2","4M":"2","RG":"2","9H":"2","QR":"2","Q4":"2","RP":"2","Q6":"2","7X":"2","VV":"2"},"GC":{"85":"2"},"5Q":{"7V":"2","F7":"2","C7":"2","CX":"2","FV":"2","FW":"2"},"6V":{"6M":"2"},"9X":{"5P":"2","4M":"2","4P":"2","7W":"2","8W":"2","3M":"2"},"X4":{"F4":"2"},"5H":{"F8":"2","8V":"2","G8":"2"},"W2":{"8Q":"2","8P":"2","9P":"2","5M":"2","5J":"2"},"3Q":{"4P":"2"},"JW":{"PV":"2","87":"2"},"H7":{"XH":"2"},"J9":{"H4":"2","FM":"2","FJ":"2","FH":"2"},"CG":{"55":"2","89":"2","65":"2"},"4X":{"MH":"2","PR":"2","24":"2","RP":"2"},"6H":{"8J":"2"},"X3":{"32":"2","22":"2"},"2M":{"7R":"2","9X":"2","7Q":"2","C5":"2","FV":"2","95":"2","FW":"2"},"3C":{"V8":"2","83":"2","9X":"2","HW":"2","8W":"2","87":"2","79":"2","8R":"2","W9":"2","CP":"2","HJ":"2","QC":"2","GC":"2","FC":"2","G8":"2","7X":"2","JM":"2","XF":"2","PC":"2","CJ":"2","VC":"2","JX":"2","89":"2","JP":"2","PH":"2","FJ":"2","88":"2","VF":"2","H9":"2","HG":"2","P8":"2","9V":"2","5C":"2","PF":"2","JH":"2","GF":"2","FP":"2","RF":"2","4C":"2","GJ":"2","V9":"2","CC":"2","CQ":"2","FX":"2","FV":"2","R6":"2","FW":"2","CX":"2","X3":"2","M8":"2","9Q":"2","8C":"2","MH":"2","R3":"2","GH":"2","XC":"2","WH":"2","FQ":"2","HP":"2","F8":"2","JC":"2","G9":"2","HH":"2","CW":"2","GW":"2","CM":"2","GM":"2","MW":"2","WC":"2","C6":"2","JW":"2","FR":"2","HM":"2","G7":"2","MJ":"2","99":"2","PJ":"2","MF":"2","CG":"2","X8":"2","C9":"2","MG":"2","WF":"2","R9":"2","95":"2","JF":"2","85":"2","HF":"2","9F":"2","J9":"2","8F":"2","R8":"2","69":"2","R7":"2","JJ":"2","JG":"2","C7":"2","H8":"2","9C":"2","QF":"2","FG":"2","HC":"2","CV":"2","57":"2","H7":"2","V6":"2","X9":"2","MM":"2","9R":"2","CF":"2","F7":"2","8G":"2","FM":"2","W8":"2","8V":"2","98":"2","MC":"2","RC":"2","86":"2","R5":"2","PG":"2","M9":"2","QG":"2","CR":"2","GX":"2","73":"2","6H":"2"},"3F":{"7Q":"2","7C":"2","95":"2","58":"2","FW":"2","6C":"2","6X":"2","5R":"2","PM":"2","F3":"2","99":"2","48":"2","2R":"2","GP":"2","6Q":"2","P7":"2","68":"2","2Q":"2","MG":"2","6R":"2","93":"2","CP":"2","C4":"2","3R":"2","4C":"2","MJ":"2","CW":"2","5X":"2","C7":"2","5C":"2","GF":"2","49":"2","M5":"2","M6":"2","C5":"2","7F":"2","86":"2","9C":"2","CM":"2","5J":"2","2H":"2","CH":"2","77":"2","HQ":"2","GH":"2","85":"2","66":"2","7P":"2","79":"2","MP":"2","84":"2","94":"2","PJ":"2","6P":"2","F7":"2","FC":"2","PP":"2","P6":"2","GJ":"2","8C":"2","4J":"2","CX":"2","2C":"2","CJ":"2","59":"2","83":"2","HX":"2","HR":"2","QM":"2","WH":"2","FJ":"2","FH":"2","M7":"2","4F":"2","4H":"2","5F":"2","4Q":"2","76":"2","PQ":"2","HM":"2","HV":"2","MQ":"2","2J":"2","97":"2","F2":"2","C3":"2","75":"2","98":"2","2F":"2","3H":"2","89":"2","78":"2","72":"2","FX":"2","PG":"2","RC":"2","5Q":"2","GM":"2","QC":"2","96":"2","J3":"2","3Q":"2","67":"2","GQ":"2","HW":"2","F5":"2","FM":"2","C8":"2","82":"2","Q9":"2","P3":"2","88":"2","69":"2","HJ":"2","C2":"2","3C":"2","P4":"2","H2":"2","MM":"2","C6":"2","HP":"2","F4":"2","MC":"2","FP":"2","92":"2"},"3M":{"RJ":"2","FJ":"2","MC":"2","7W":"2","2V":"2","Q9":"2","FH":"2","GG":"2","2X":"2","W7":"2","Q8":"2","VX":"2","M9":"2","7X":"2","2W":"2","RM":"2","8W":"2","68":"2"},"6G":{"24":"2","23":"2","22":"2","2P":"2"},"CF":{"QV":"2","XQ":"2","QR":"2","HR":"2","HP":"2","CM":"2","HQ":"2","CJ":"2","PV":"2","GR":"2","MV":"2","XP":"2","PR":"2"},"3W":{"PP":"2","MP":"2","RF":"2","PJ":"2","JJ":"2","M9":"2","52":"2"}},"VV":{"2W":{"2V":"2","3W":"2"},"5V":{"RR":"2","QV":"2"},"2X":{"34":"2"},"3X":{"HM":"2","HP":"2","GP":"2","GM":"2","VV":"2","VQ":"2","HQ":"2"}},"RV":{"XW":{"QV":"2","RW":"2","VV":"2","RV":"2","WV":"2","R9":"2","RC":"2","VW":"2"}},"RX":{"GH":{"4W":"2"},"H5":{"PX":"2"},"F5":{"JV":"2"},"J8":{"H4":"2","G3":"2","G4":"2","M8":"2","J6":"2","H3":"2"},"X8":{"J7":"2"},"8H":{"H5":"2"},"X2":{"P2":"2"},"P4":{"8Q":"2","7Q":"2","6Q":"2","MV":"2"},"5V":{"W8":"2","WJ":"2","VH":"2","XM":"2","VG":"2","VF":"2","PW":"2","PR":"2","RH":"2"},"GJ":{"6H":"2"},"8J":{"RM":"2","WR":"2","MF":"2"},"96":{"6H":"2"},"5X":{"QM":"2","36":"2"},"43":{"97":"2","C5":"2"},"27":{"4Q":"2"},"86":{"PH":"2"},"44":{"4M":"2"},"6P":{"QQ":"2"},"F6":{"C5":"2"},"42":{"9F":"2"},"3R":{"4J":"2","3J":"2"},"9G":{"R8":"2","V5":"2"},"6W":{"33":"2"},"6X":{"3M":"2"},"5W":{"78":"2"},"99":{"85":"2","75":"2"},"H6":{"P2":"2"},"33":{"MJ":"2"},"6V":{"3X":"2","3W":"2"},"92":{"55":"2","65":"2","52":"2","53":"2"},"H7":{"G7":"2"},"34":{"QC":"2","PG":"2","67":"2","PP":"2","85":"2","R3":"2","XC":"2","Q9":"2","H9":"2","R9":"2","FC":"2","V7":"2","V8":"2"},"M8":{"WF":"2"},"9C":{"3Q":"2","8P":"2","6J":"2","8J":"2","FM":"2","9H":"2","FP":"2","CP":"2","3R":"2","9P":"2","CM":"2","4W":"2","5X":"2","8M":"2","5W":"2","9M":"2","9J":"2"},"M4":{"X4":"2","M3":"2","J3":"2"},"9F":{"C7":"2","JJ":"2","76":"2","JM":"2","P2":"2","F3":"2","43":"2"},"7F":{"MQ":"2"},"82":{"X2":"2"}},"WW":{"6J":{"CF":"2","FF":"2"},"8G":{"M5":"2","M4":"2","G5":"2","Q5":"2","Q6":"2","H5":"2"},"9P":{"RJ":"2"},"R9":{"X5":"2"},"X7":{"68":"2","67":"2","98":"2"},"3M":{"X2":"2"}},"QW":{"W8":{"WR":"2","WW":"2","VX":"2","VW":"2"},"XR":{"WW":"2","PF":"2","47":"2","R9":"2","XQ":"2","PX":"2"},"X9":{"35":"2","62":"2","JG":"2","42":"2","92":"2","54":"2","45":"2","C3":"2","55":"2","93":"2","65":"2","84":"2","46":"2","52":"2","44":"2","G4":"2","MH":"2","36":"2"},"VR":{"XV":"2","FR":"2","CR":"2","JH":"2","MH":"2","PR":"2","PH":"2","PC":"2","9V":"2","FQ":"2","HP":"2","WV":"2","MG":"2","GP":"2","XJ":"2","MJ":"2","9W":"2","XX":"2","XW":"2"},"WG":{"HX":"2","GX":"2","FX":"2","WH":"2","VH":"2"},"JF":{"WR":"2","XM":"2","WQ":"2","XQ":"2"},"XF":{"7C":"2","PV":"2","23":"2","G9":"2","X9":"2","M9":"2","XW":"2","47":"2","68":"2","F8":"2","PC":"2","V7":"2","W7":"2","C7":"2","27":"2","4R":"2","XG":"2","H8":"2","86":"2","XH":"2","VC":"2","3V":"2","QW":"2","XX":"2","CH":"2","77":"2","W9":"2","R9":"2","PW":"2","79":"2","F7":"2","8C":"2","46":"2","CJ":"2","4V":"2","QV":"2","PR":"2","V9":"2","J7":"2","P9":"2","XC":"2","57":"2","5F":"2","26":"2","HM":"2","63":"2","G8":"2","QF":"2","QR":"2","98":"2","89":"2","78":"2","8P":"2","RC":"2","9H":"2","QC":"2","67":"2","J9":"2","37":"2","64":"2","VJ":"2","QG":"2","C8":"2","Q9":"2","RH":"2","RJ":"2","88":"2","P5":"2","J8":"2","P4":"2","54":"2","6G":"2","38":"2","45":"2","H9":"2","9J":"2","WC":"2"},"MR":{"X9":"2"},"WJ":{"M6":"2","P6":"2","X3":"2","Q7":"2","X2":"2","XC":"2","M3":"2","J3":"2","XF":"2","W2":"2","M2":"2","X9":"2","R4":"2","M7":"2"},"WR":{"6C":"2","5R":"2","PM":"2","99":"2","8H":"2","8X":"2","2W":"2","9F":"2","7G":"2","JF":"2","6R":"2","F8":"2","7H":"2","4R":"2","7F":"2","9C":"2","3V":"2","F9":"2","HF":"2","C9":"2","4W":"2","FV":"2","2X":"2","CC":"2","HC":"2","8C":"2","G7":"2","RF":"2","JC":"2","CX":"2","7J":"2","8F":"2","57":"2","7V":"2","9G":"2","2V":"2","89":"2","RC":"2","9X":"2","CG":"2","C8":"2","8G":"2","6G":"2","CF":"2","3W":"2"},"XG":{"R3":"2","XF":"2","HC":"2","R8":"2","X4":"2","J8":"2","XC":"2","6G":"2","J9":"2","P4":"2","H8":"2","87":"2","J7":"2","JC":"2","6H":"2","H9":"2"},"V8":{"5H":"2","5F":"2","5G":"2"},"XH":{"XX":"2","XW":"2","XV":"2","CQ":"2","WV":"2","WW":"2","9Q":"2","WX":"2","5M":"2","5P":"2","4Q":"2","5Q":"2"},"VC":{"8P":"2","CX":"2","9C":"2","8J":"2","5H":"2","5G":"2","FX":"2","7J":"2","6J":"2","5J":"2","8C":"2","7M":"2","8M":"2","6H":"2"},"X8":{"2W":"2","2X":"2","3X":"2","4X":"2","5X":"2","6X":"2"},"W9":{"3G":"2","2H":"2","3H":"2"},"JV":{"HV":"2","HR":"2","VX":"2"},"VF":{"G2":"2","R8":"2","V8":"2","F2":"2","V9":"2","R9":"2","VC":"2","RC":"2","W9":"2"},"JR":{"XH":"2"},"R9":{"X2":"2"},"XV":{"F4":"2","H3":"2"},"WF":{"P3":"2","75":"2","J5":"2","M3":"2","RF":"2","H5":"2","M5":"2","3H":"2","7M":"2","W4":"2","R9":"2","V3":"2","84":"2","Q7":"2","P5":"2","7J":"2","G4":"2","P4":"2","JP":"2","74":"2","94":"2","X6":"2","X7":"2","Q5":"2","83":"2","2Q":"2","VC":"2","Q3":"2","H4":"2","F4":"2","V5":"2","J6":"2","FH":"2","R6":"2","FG":"2","J4":"2","7H":"2","R8":"2","P2":"2","RC":"2","C4":"2","4H":"2","P6":"2","QF":"2","X4":"2","FF":"2","VF":"2","RG":"2","M6":"2","6J":"2","G5":"2","6M":"2","R7":"2","F7":"2","6H":"2","M4":"2","M2":"2","56":"2","Q6":"2"},"XQ":{"M4":"2","2H":"2"},"XP":{"35":"2","P8":"2","VH":"2","QC":"2","W3":"2","WH":"2","RF":"2","33":"2","P7":"2","34":"2","32":"2","V3":"2","XG":"2"},"XJ":{"76":"2","58":"2","QJ":"2","QM":"2","67":"2","29":"2","2C":"2","57":"2","69":"2","48":"2","2F":"2","78":"2","3C":"2","G4":"2","59":"2","49":"2","68":"2"},"V9":{"9M":"2","FR":"2","HR":"2","HQ":"2","GR":"2","JR":"2","HM":"2","8H":"2","JQ":"2","22":"2","32":"2","GP":"2","RJ":"2","FQ":"2","HP":"2","CJ":"2","6M":"2","9C":"2","9F":"2","GQ":"2","GM":"2"},"WH":{"HJ":"2","J9":"2","H5":"2","H2":"2","G4":"2","GP":"2","H9":"2"},"WV":{"72":"2","C9":"2","92":"2","83":"2","FR":"2","82":"2","CP":"2","74":"2","46":"2","JW":"2","73":"2","H9":"2"},"XC":{"FF":"2","GW":"2","HR":"2","9V":"2","58":"2","HW":"2","PV":"2","GV":"2","WX":"2","PW":"2","HV":"2","CW":"2","JW":"2","CV":"2","8W":"2"},"XM":{"G8":"2","F5":"2","G4":"2","3C":"2","H8":"2","2C":"2","H3":"2","79":"2","F8":"2","H4":"2","G3":"2","F4":"2","68":"2","WH":"2","89":"2","H7":"2","G5":"2","F7":"2","7C":"2","8C":"2","WJ":"2"},"VV":{"2J":"2","JH":"2","HJ":"2","35":"2","XC":"2","JJ":"2","XF":"2","MJ":"2","HG":"2","JG":"2","H2":"2","34":"2"},"WQ":{"Q7":"2","Q6":"2","XH":"2"},"RC":{"4P":"2","4M":"2","RJ":"2","3W":"2","VJ":"2","VH":"2","4J":"2","6G":"2","QJ":"2","V4":"2","HH":"2","MJ":"2","7G":"2","4H":"2","QH":"2","HG":"2"},"QC":{"V3":"2","H5":"2"},"JW":{"WH":"2"},"RV":{"RG":"2","VM":"2","Q9":"2","V9":"2","XM":"2","R9":"2","VF":"2","VC":"2","WG":"2","WC":"2","XJ":"2","W9":"2"},"WM":{"WP":"2","VC":"2","RC":"2","WM":"2"},"VW":{"62":"2"},"WC":{"9M":"2","FM":"2","R9":"2","GW":"2","GX":"2","HM":"2","CM":"2","HJ":"2","GJ":"2","FV":"2","8Q":"2","PX":"2","PW":"2","FP":"2","CV":"2","CR":"2","FQ":"2","CQ":"2","9R":"2","8P":"2","9Q":"2","QP":"2","QM":"2","FF":"2","HX":"2","CW":"2","9P":"2","HW":"2","GM":"2","CP":"2"}},"WX":{"J4":{"G6":"2"},"G5":{"FF":"2"},"GQ":{"GF":"2","MP":"2","MM":"2","GG":"2"}},"VX":{"P6":{"F7":"2"},"F7":{"W5":"2"},"32":{"3F":"2"},"C2":{"57":"2","47":"2","36":"2"},"M2":{"5H":"2"},"MQ":{"C4":"2"}},"QX":{"M2":{"58":"2","5F":"2","75":"2","6M":"2","57":"2","48":"2","5C":"2","5J":"2","47":"2"},"H6":{"HR":"2","HG":"2","JG":"2","GF":"2","HQ":"2","M5":"2","G9":"2","JR":"2","JQ":"2","Q2":"2","QX":"2","8F":"2","J9":"2","H9":"2","HH":"2","HF":"2","J6":"2","JF":"2","MV":"2","JV":"2","MR":"2","HC":"2","M4":"2","FC":"2","JH":"2","GC":"2","JC":"2"},"GW":{"G2":"2"},"99":{"M4":"2","P3":"2","M3":"2","VV":"2","P4":"2","M2":"2","P2":"2"},"P5":{"RM":"2"},"RW":{"X8":"2","X6":"2","X9":"2","X7":"2"},"Q2":{"QJ":"2"},"H7":{"VF":"2","P2":"2","VH":"2","Q2":"2"},"CQ":{"55":"2","65":"2"},"Q6":{"F4":"2"},"WJ":{"X5":"2"},"C9":{"72":"2","63":"2","62":"2","82":"2","54":"2","C2":"2","P4":"2","92":"2","52":"2","53":"2","43":"2"},"QC":{"CH":"2","9H":"2","9G":"2","6H":"2","GP":"2","8H":"2","9J":"2"},"CH":{"7C":"2","59":"2","69":"2"},"W2":{"HX":"2"},"Q4":{"VX":"2"},"Q9":{"HW":"2"},"R2":{"Q5":"2","XF":"2","PM":"2"},"M8":{"9G":"2"},"P3":{"CP":"2"},"98":{"92":"2"},"8Q":{"QQ":"2"},"H5":{"GW":"2","QX":"2","V6":"2","R7":"2","M8":"2","HX":"2","GX":"2"},"W3":{"H2":"2"},"J4":{"RF":"2"},"HF":{"56":"2","68":"2","55":"2","GF":"2","63":"2","64":"2","54":"2"},"JJ":{"2F":"2"},"GV":{"HW":"2","HV":"2","HX":"2","CX":"2","GX":"2","JV":"2","CW":"2","FV":"2"},"J6":{"6R":"2"},"J7":{"J4":"2"},"PR":{"WG":"2"},"C8":{"9X":"2","7X":"2","6X":"2","8X":"2"},"8G":{"J7":"2"},"Q7":{"FW":"2"},"XJ":{"25":"2"},"VW":{"27":"2","25":"2","28":"2","26":"2"},"H9":{"CJ":"2"},"Q3":{"7H":"2","64":"2"},"HG":{"MJ":"2"}},"VW":{"3Q":{"R8":"2","V8":"2"},"9R":{"X3":"2","X2":"2"},"64":{"7X":"2"},"W8":{"54":"2","43":"2"},"65":{"H4":"2","H3":"2","H2":"2"},"CX":{"HP":"2"},"RJ":{"W4":"2"},"86":{"3J":"2"},"RV":{"FR":"2","CR":"2","7R":"2","8Q":"2","7Q":"2","8R":"2","FV":"2","CV":"2"},"FX":{"W8":"2"}}}}