{"index":{"university,1|retail,2|tourism,3|wreck,4|historical,5|artsCulture,6|namedBuilding,7|water,8|wetland,9|park,10|beach,11|natureReserve,12|cemetery,13|trail,14":{}},"4G":{"W8":{"4R":{"39":"2"},"VR":{"G5":"2","H5":"2"},"3V":{"XF":"2","XC":"2","QW":"2","XM":"2","WF":"2","WP":"2","WQ":"2","XG":"2","WC":"2","WR":"2"},"X9":{"PC":"2","MC":"2"},"4V":{"3C":"2","3G":"2","2H":"2","2C":"2","4C":"2","3F":"2","49":"2"}},"R8":{"8C":{"W7":"2","W5":"2","W3":"2","V7":"2","W6":"2","W4":"2"},"PH":{"57":"2","55":"2","54":"2"},"9V":{"X5":"2","X6":"2","X7":"2"},"MG":{"RG":"2","QG":"2","VV":"2","PF":"2","RP":"2","QC":"2","QJ":"2","RQ":"2","QM":"2","PG":"2","RF":"2","VF":"2","QH":"2","QF":"2","RC":"2","RH":"2"},"98":{"6G":"2"},"8M":{"8C":"2","8G":"2","8F":"2","9F":"2","99":"2"},"CW":{"75":"2"},"CV":{"4M":"2","26":"2"},"99":{"53":"2"}},"X9":{"FM":{"FC":"2"},"RF":{"X5":"2","X8":"2","VG":"2","WJ":"2","XJ":"2","XG":"2","XF":"2","X6":"2","R9":"2","XH":"2","WH":"2","VH":"2"},"P8":{"PM":"2"},"F9":{"9G":"2","CF":"2"},"HM":{"XV":"2","PW":"2","XX":"2","QW":"2","XW":"2"},"76":{"QC":"2","Q7":"2"},"JP":{"35":"2","24":"2","23":"2","22":"2","83":"2","F4":"2","25":"2"},"QX":{"2W":"2","W5":"2","V3":"2","7J":"2","W3":"2","3V":"2"},"MG":{"6Q":"2"},"X6":{"J4":"2","M4":"2"},"PV":{"JH":"2","HJ":"2","HF":"2","C8":"2","HH":"2","JG":"2","HG":"2","RJ":"2","FF":"2","95":"2"},"VC":{"2W":"2"},"8W":{"WG":"2"},"JJ":{"4H":"2","3C":"2","3G":"2","4P":"2","4J":"2","4G":"2","4F":"2","4C":"2","4Q":"2","3F":"2","37":"2"},"HH":{"MX":"2"},"QC":{"3Q":"2","4Q":"2"},"HP":{"X2":"2","R3":"2","X8":"2","W5":"2","V5":"2","X7":"2","W4":"2","R5":"2","X4":"2","V4":"2","R2":"2","X5":"2","X9":"2","W3":"2","X3":"2"},"6X":{"36":"2","37":"2"},"RC":{"WR":"2","VQ":"2"},"MP":{"7R":"2","6R":"2","FW":"2"},"VF":{"28":"2","6C":"2","89":"2","F9":"2","79":"2","39":"2","29":"2","2G":"2","F8":"2","69":"2","2H":"2","8C":"2","C8":"2"},"QW":{"MJ":"2"},"QR":{"63":"2","6X":"2"},"JM":{"C4":"2","2Q":"2","3R":"2","2V":"2","2X":"2","C3":"2","2R":"2"},"VV":{"53":"2"}},"WG":{"X6":{"35":"2","28":"2","45":"2","27":"2","47":"2","26":"2","46":"2","36":"2","25":"2","37":"2"},"W6":{"XG":"2","XF":"2","X6":"2","WF":"2","X7":"2","WC":"2"}},"R6":{"FR":{"39":"2"},"7P":{"3G":"2","2G":"2","3F":"2"},"6R":{"R8":"2"},"7Q":{"C7":"2","F4":"2"},"5V":{"8M":"2","26":"2"},"C3":{"HP":"2","GP":"2","GQ":"2","HQ":"2"},"MV":{"CJ":"2","CM":"2"},"27":{"XV":"2","XR":"2","XQ":"2"},"37":{"2Q":"2"}},"W3":{"3G":{"P6":"2"}},"XF":{"PW":{"RR":"2","RQ":"2"},"CC":{"WG":"2","HR":"2","XG":"2","WH":"2"},"FC":{"2G":"2"},"4V":{"R3":"2","Q5":"2","Q4":"2","R4":"2"},"CV":{"FJ":"2"}},"V7":{"7R":{"35":"2","24":"2","23":"2","34":"2"},"C4":{"8Q":"2","9P":"2"},"RJ":{"M8":"2","H9":"2","J9":"2","P8":"2"},"QF":{"GH":"2"}},"V4":{"JH":{"R6":"2","VM":"2","Q6":"2","R5":"2","WJ":"2","RP":"2","Q4":"2","QM":"2","VP":"2","XM":"2","WM":"2","P6":"2","Q7":"2","R4":"2","Q5":"2","XJ":"2","RM":"2"},"MH":{"4M":"2"},"8H":{"47":"2"}},"W7":{"PR":{"4G":"2","4F":"2"},"8R":{"X3":"2","W3":"2"},"G2":{"35":"2","34":"2"}},"X6":{"82":{"P7":"2","X6":"2"},"92":{"27":"2","26":"2"}},"XG":{"XW":{"G6":"2","C4":"2","82":"2","G5":"2","G4":"2","C3":"2","F5":"2","F4":"2","F6":"2","J9":"2","H5":"2","C5":"2","92":"2","F3":"2","J7":"2"},"R3":{"W5":"2","V5":"2"},"XV":{"63":"2","9X":"2","WG":"2","VG":"2","7W":"2","8W":"2","7X":"2","8X":"2"},"7C":{"5Q":"2","7X":"2"},"VR":{"HW":"2"},"66":{"QW":"2"},"6C":{"24":"2","33":"2","WW":"2","34":"2"},"FJ":{"WG":"2"},"JM":{"9R":"2","CP":"2","7W":"2"},"7F":{"63":"2","72":"2","62":"2","VH":"2","C2":"2","54":"2","G8":"2","53":"2","43":"2","XP":"2","44":"2","G9":"2"},"MP":{"MH":"2","WR":"2","PQ":"2","MQ":"2","JR":"2"},"CH":{"9C":"2","CC":"2"},"FH":{"WV":"2","HQ":"2"},"WV":{"99":"2","77":"2","VM":"2","VJ":"2","MC":"2","88":"2","CC":"2","24":"2","XM":"2","HF":"2","QH":"2","34":"2","XP":"2","MH":"2","M9":"2","RH":"2"},"PP":{"4R":"2","5R":"2","4Q":"2"},"QQ":{"WX":"2","MW":"2","VX":"2"},"38":{"MF":"2"},"8F":{"2Q":"2","2R":"2"},"48":{"6X":"2"},"RR":{"M8":"2","M9":"2"},"5C":{"R5":"2","V6":"2","R6":"2","Q5":"2","M3":"2","Q6":"2"},"JP":{"W8":"2","V9":"2","W9":"2","G2":"2","V8":"2"},"78":{"9X":"2"},"27":{"RH":"2","45":"2","QH":"2"},"PQ":{"73":"2"},"GJ":{"3H":"2"},"V3":{"27":"2"},"8G":{"M6":"2","M4":"2","G4":"2","F3":"2"},"49":{"93":"2","P6":"2","C2":"2","C3":"2","VF":"2","P9":"2","XH":"2","92":"2","WH":"2"},"59":{"2J":"2","9V":"2","8V":"2","8W":"2"}},"V8":{"6R":{"7R":"2","7Q":"2"},"6J":{"9C":"2","FJ":"2"},"83":{"CP":"2","9P":"2","8M":"2","9M":"2"},"CW":{"4P":"2"},"X7":{"R6":"2","R7":"2"}},"VC":{"XX":{"F2":"2"},"XW":{"9R":"2"},"W8":{"24":"2","23":"2","34":"2"},"M5":{"C4":"2","GJ":"2","C3":"2"},"PF":{"MX":"2","PX":"2"},"V8":{"X3":"2","X2":"2"},"54":{"C7":"2"},"PG":{"M6":"2","M2":"2","P2":"2","M7":"2"},"G8":{"9J":"2","8H":"2","8J":"2","9H":"2","38":"2","48":"2","47":"2","37":"2"},"F8":{"V6":"2","W6":"2"},"43":{"7R":"2"},"32":{"72":"2","63":"2","67":"2","64":"2","62":"2","5C":"2","VC":"2","66":"2","5F":"2","65":"2","74":"2","5G":"2","73":"2","53":"2"},"M4":{"8V":"2","9W":"2","8W":"2","8R":"2"}},"X8":{"8P":{"55":"2"}},"X5":{"HH":{"M8":"2"},"CG":{"64":"2","74":"2"}},"Q6":{"XW":{"66":"2","8H":"2","C2":"2","92":"2","8J":"2","39":"2","2C":"2","38":"2","48":"2","7H":"2","56":"2","49":"2"},"XV":{"9X":"2","MP":"2","9W":"2","CX":"2","8W":"2"},"XQ":{"G8":"2","HG":"2","GF":"2","97":"2","G9":"2","F9":"2","96":"2","95":"2","HH":"2","HF":"2","F8":"2","85":"2","G3":"2","CH":"2","FH":"2","FG":"2","98":"2","CC":"2","99":"2","C9":"2","89":"2","CJ":"2","C8":"2","FF":"2","HC":"2","9C":"2","MH":"2","8C":"2","FC":"2","JH":"2","GC":"2","FJ":"2"},"XR":{"82":"2"},"WV":{"5W":"2"},"WW":{"VC":"2","V9":"2","XF":"2","WF":"2","92":"2","WC":"2"},"X6":{"VM":"2","WM":"2"},"RR":{"PH":"2","PG":"2"},"XP":{"HV":"2"}},"R4":{"G6":{"CR":"2"},"2G":{"72":"2","63":"2","64":"2","62":"2","82":"2","83":"2","74":"2","59":"2","84":"2","73":"2"},"Q2":{"MH":"2","PH":"2","GH":"2","JJ":"2","QH":"2","9J":"2"},"3F":{"4C":"2","25":"2","26":"2"},"2F":{"R8":"2","G9":"2","6X":"2","PM":"2","99":"2","8X":"2","P7":"2","V7":"2","4C":"2","GF":"2","PF":"2","H8":"2","V8":"2","J4":"2","PH":"2","HF":"2","Q6":"2","R4":"2","8W":"2","Q3":"2","7X":"2","HC":"2","MP":"2","PJ":"2","P6":"2","R7":"2","8C":"2","Q4":"2","J7":"2","P2":"2","Q7":"2","QF":"2","W5":"2","V5":"2","M4":"2","98":"2","89":"2","GC":"2","Q5":"2","PG":"2","QQ":"2","9X":"2","QH":"2","QC":"2","M2":"2","J5":"2","QG":"2","P3":"2","P8":"2","J8":"2","MM":"2","9W":"2","V6":"2","H9":"2"},"2H":{"4G":"2","4F":"2"},"3M":{"7C":"2"},"C6":{"24":"2","64":"2","54":"2","44":"2","94":"2","52":"2","53":"2","43":"2"},"2W":{"XW":"2"},"59":{"24":"2","52":"2"},"3C":{"38":"2","36":"2","2M":"2","2P":"2"},"2C":{"JX":"2","GW":"2","4V":"2","3R":"2","HW":"2","5W":"2","4W":"2","XM":"2","HX":"2","GV":"2","HV":"2","XP":"2","XJ":"2"},"95":{"96":"2"},"P7":{"C6":"2"},"2J":{"55":"2","34":"2"},"F6":{"JV":"2"},"J6":{"57":"2","47":"2"},"3R":{"GQ":"2"},"C5":{"3Q":"2","5V":"2","3R":"2","5R":"2","5X":"2"},"GG":{"5H":"2","6P":"2"},"24":{"WV":"2"},"F7":{"C2":"2"},"49":{"X4":"2"}},"W9":{"2H":{"2J":"2","2H":"2"},"G8":{"JQ":"2"},"8X":{"GW":"2","CX":"2","GX":"2","FX":"2","FW":"2"}},"R3":{"FM":{"7M":"2","5M":"2","9W":"2","6P":"2","CQ":"2","9Q":"2","M7":"2"},"G7":{"49":"2"},"PQ":{"8W":"2"},"2P":{"88":"2"}},"VF":{"X4":{"85":"2","96":"2","86":"2","95":"2"}},"Q3":{"JV":{"XM":"2","XH":"2"},"XQ":{"M6":"2","J6":"2"},"W6":{"5X":"2"},"V7":{"Q4":"2"},"MC":{"F9":"2","GC":"2"},"QW":{"H3":"2"},"H8":{"FQ":"2"},"JF":{"P3":"2","M2":"2","P2":"2"},"W7":{"45":"2"},"QH":{"WP":"2","QM":"2","QP":"2"},"PW":{"67":"2","66":"2","37":"2"},"JC":{"JH":"2","G3":"2","G4":"2","MX":"2","HH":"2","F4":"2","7F":"2"},"P9":{"QP":"2"}},"R9":{"XW":{"P3":"2","M7":"2","M3":"2","W4":"2","P8":"2","M9":"2","P9":"2","V2":"2","W2":"2","J9":"2","J3":"2","W3":"2","H3":"2","MC":"2","X3":"2","P7":"2","J2":"2","QC":"2","J6":"2","R6":"2","J4":"2","H2":"2","P6":"2","X4":"2","Q9":"2","H7":"2","M6":"2","PC":"2","J7":"2","M8":"2","M2":"2","V6":"2","R5":"2"},"XV":{"H4":"2","QJ":"2","GH":"2","QX":"2","PW":"2","79":"2","PJ":"2","RX":"2","QW":"2","VM":"2","9M":"2","78":"2","PX":"2","73":"2"},"PF":{"77":"2"},"XR":{"6J":"2","6H":"2"},"QJ":{"V5":"2"},"WV":{"X3":"2"},"G4":{"7G":"2"},"WR":{"RX":"2","VX":"2","VW":"2","XX":"2","RW":"2"},"RM":{"WH":"2"}},"X2":{"GF":{"MH":"2"}},"W6":{"4H":{"M4":"2","M3":"2","J3":"2","4C":"2","G2":"2"},"RX":{"C3":"2"}},"R7":{"7C":{"7G":"2","45":"2"},"4G":{"4H":"2","G3":"2","4G":"2","3X":"2","3H":"2","3W":"2","3J":"2","Q2":"2"},"2J":{"RG":"2","R3":"2","86":"2","P5":"2","Q2":"2","QG":"2","W8":"2","HJ":"2","V7":"2","HM":"2","PF":"2","R8":"2","58":"2","J8":"2","MC":"2","CX":"2","C2":"2","QC":"2","V8":"2","F3":"2","F2":"2","5W":"2","R2":"2","J9":"2","X5":"2","C3":"2","57":"2","V9":"2","G7":"2","FX":"2","W7":"2","JF":"2","R9":"2","FW":"2","GV":"2","P7":"2","R7":"2","CW":"2","P6":"2","46":"2","JC":"2","Q5":"2","M9":"2","G6":"2","P9":"2","Q3":"2"},"HP":{"4W":"2"},"28":{"XW":"2","29":"2"},"8R":{"5G":"2"},"HC":{"XV":"2","XR":"2","XW":"2","XQ":"2"},"6C":{"M2":"2","V5":"2","HC":"2","R5":"2","7F":"2","J2":"2","7G":"2","V9":"2","W3":"2","H2":"2","8C":"2","X3":"2","R4":"2","M3":"2"},"CM":{"WQ":"2","XQ":"2"},"4J":{"WG":"2","XM":"2","XJ":"2","PM":"2"},"79":{"4H":"2","9G":"2","79":"2","8M":"2","3F":"2"},"5F":{"XC":"2","XF":"2","RC":"2","J7":"2"},"3G":{"5X":"2","35":"2","2V":"2","45":"2","38":"2","48":"2","27":"2","PW":"2","4C":"2","47":"2","46":"2","36":"2","6H":"2","37":"2"},"39":{"Q2":"2"},"6M":{"38":"2","27":"2","28":"2","49":"2","37":"2","48":"2","39":"2"},"45":{"2G":"2"},"3F":{"7M":"2","7P":"2","8P":"2","7G":"2","6J":"2","24":"2","8J":"2","7Q":"2","8G":"2","6M":"2","7J":"2","8F":"2","5X":"2","27":"2","6P":"2","25":"2","8M":"2","26":"2"},"7R":{"W4":"2"},"5H":{"QV":"2"},"4H":{"77":"2","86":"2","P5":"2","76":"2","FJ":"2","88":"2","V2":"2","W2":"2","FM":"2","W3":"2","87":"2","P6":"2","V3":"2","GM":"2","49":"2","97":"2"},"2G":{"4P":"2","R3":"2","H6":"2","JH":"2","PJ":"2","H7":"2","4V":"2","JG":"2","8V":"2","V2":"2","R2":"2","HH":"2","3J":"2","4R":"2","CW":"2","7V":"2","V3":"2","XG":"2","4Q":"2","HG":"2"},"FM":{"VV":"2"},"5G":{"5C":"2","6C":"2"},"H5":{"X6":"2","X7":"2"},"9W":{"RC":"2"},"3J":{"35":"2","64":"2","85":"2","R3":"2","25":"2","R4":"2","34":"2","43":"2"},"4F":{"VC":"2"},"33":{"WR":"2"},"6F":{"29":"2"},"69":{"JQ":"2","PW":"2","JW":"2","MR":"2","MX":"2","PV":"2","HX":"2","MV":"2","JV":"2","JX":"2","JR":"2"},"48":{"M7":"2"},"2F":{"JV":"2","W5":"2","X7":"2","W4":"2","W6":"2","X4":"2","MX":"2","X5":"2","W7":"2","X6":"2","HV":"2","7M":"2"},"5C":{"WP":"2"},"2H":{"W8":"2","95":"2","42":"2","52":"2","X9":"2","F3":"2","WG":"2","9F":"2","V2":"2","93":"2","CP":"2","C4":"2","VP":"2","M3":"2","V4":"2","CW":"2","V8":"2","C5":"2","J4":"2","CM":"2","X8":"2","CV":"2","FR":"2","73":"2","R4":"2","FV":"2","R3":"2","Q3":"2","94":"2","55":"2","87":"2","Q4":"2","CJ":"2","83":"2","XC":"2","V3":"2","9G":"2","X7":"2","44":"2","C3":"2","98":"2","WQ":"2","9X":"2","WP":"2","9H":"2","J3":"2","96":"2","82":"2","P3":"2","C2":"2","P4":"2","54":"2","53":"2","WM":"2","C6":"2","43":"2","FP":"2","92":"2","R2":"2"},"6J":{"62":"2","52":"2","53":"2"},"5J":{"2J":"2","HV":"2","2M":"2","GG":"2","7X":"2"},"3C":{"8Q":"2","9P":"2","CC":"2","9Q":"2"},"CW":{"C2":"2","C3":"2"},"26":{"JC":"2"},"5M":{"72":"2","Q5":"2","Q4":"2"},"3H":{"HR":"2","28":"2","7M":"2","VX":"2","39":"2","2G":"2","64":"2","F9":"2","26":"2","25":"2","2F":"2","2H":"2","W6":"2","8J":"2","35":"2","X6":"2","2C":"2","5X":"2","37":"2","43":"2","27":"2","29":"2","2J":"2","24":"2","36":"2","4C":"2","CC":"2","C9":"2","FC":"2","WJ":"2"},"36":{"M3":"2"},"2M":{"68":"2","24":"2","85":"2","23":"2","33":"2","79":"2","C2":"2","4F":"2","94":"2","45":"2","78":"2","69":"2","34":"2"},"6H":{"6V":"2","5X":"2","6X":"2"},"59":{"WW":"2","WX":"2","VG":"2","VX":"2","VV":"2","VW":"2","8R":"2","RV":"2"},"37":{"HV":"2","HR":"2","JV":"2","JR":"2"}},"WF":{"9G":{"HW":"2","HV":"2","JV":"2"},"F2":{"39":"2"},"24":{"W5":"2","HW":"2","CX":"2","8W":"2","XH":"2"},"VF":{"24":"2","33":"2","25":"2","42":"2","43":"2"},"8C":{"37":"2"},"34":{"2H":"2"},"32":{"Q7":"2","JJ":"2","JM":"2"},"WG":{"C3":"2"}},"Q4":{"XW":{"7R":"2"},"R3":{"WX":"2","VX":"2","XX":"2","42":"2","52":"2","CQ":"2"},"XQ":{"QJ":"2","QG":"2","RG":"2","RH":"2","RJ":"2","PX":"2","QH":"2"},"W5":{"C2":"2"},"W4":{"9P":"2","CX":"2"},"W6":{"WG":"2","WF":"2"},"R5":{"82":"2","75":"2"},"XR":{"P3":"2","M3":"2","P2":"2","J5":"2","J7":"2"},"XC":{"RR":"2"},"V4":{"22":"2","HC":"2","42":"2","F9":"2","C9":"2","J9":"2","M8":"2","94":"2","98":"2","24":"2","23":"2","33":"2","JF":"2","F8":"2","34":"2","C8":"2","JC":"2","G6":"2","H9":"2"},"R2":{"9H":"2","4R":"2","5R":"2","5X":"2","4X":"2"},"X6":{"5C":"2","5F":"2"},"WX":{"7F":"2"},"XP":{"XR":"2"},"R4":{"9X":"2","9M":"2","8X":"2","77":"2","V3":"2","J8":"2","Q2":"2","X2":"2","9W":"2","V2":"2","W2":"2","H9":"2","W3":"2","X3":"2","78":"2","8W":"2","R3":"2","Q3":"2","CV":"2","CR":"2","87":"2","8V":"2","98":"2","9R":"2","8M":"2","R4":"2","88":"2","H7":"2","HC":"2","6J":"2","Q4":"2","F7":"2","J7":"2","9V":"2","5J":"2","JC":"2","R2":"2"},"XG":{"PP":"2","WX":"2"},"W9":{"WR":"2"},"Q3":{"VR":"2","XP":"2","VM":"2"}},"V9":{"3W":{"3G":"2","2H":"2","2C":"2","2G":"2","2F":"2","8X":"2"},"2V":{"9M":"2","FR":"2","8X":"2","75":"2","GR":"2","2G":"2","7V":"2","3F":"2","59":"2","3C":"2","FV":"2","H3":"2","57":"2","8R":"2","8V":"2","H2":"2","58":"2","48":"2","HX":"2","GV":"2","9V":"2","CX":"2","FC":"2","49":"2","HW":"2","GQ":"2","66":"2"},"6G":{"J3":"2"},"5F":{"HJ":"2","MG":"2","JJ":"2","HX":"2"},"3V":{"W8":"2","W9":"2","WC":"2"},"2X":{"XW":"2"},"3X":{"7M":"2","7P":"2","7V":"2","8V":"2","2V":"2","7W":"2","6V":"2","65":"2","83":"2","8R":"2","7X":"2","73":"2"},"5C":{"2P":"2"},"4C":{"XQ":"2"},"3P":{"8Q":"2","7R":"2","8R":"2","F3":"2"},"3Q":{"55":"2","54":"2"},"49":{"9V":"2","FQ":"2","FP":"2","GP":"2","FV":"2","GR":"2","CV":"2"},"2W":{"FR":"2","RM":"2","JR":"2","PM":"2","P8":"2","84":"2","VJ":"2","JQ":"2","WM":"2","VP":"2","VM":"2","59":"2","74":"2","93":"2","XH":"2","79":"2","XJ":"2","83":"2","PJ":"2","XG":"2","46":"2","85":"2","QC":"2","7H":"2","WH":"2","MR":"2","H2":"2","92":"2","QM":"2","Q9":"2","MQ":"2","8C":"2","49":"2","WJ":"2","RP":"2","56":"2","WG":"2","82":"2"}},"XC":{"MR":{"56":"2","54":"2"},"R3":{"58":"2"},"R6":{"J4":"2","W8":"2","M4":"2"},"Q2":{"54":"2","34":"2"},"VM":{"MR":"2","PJ":"2","W8":"2","V5":"2","PF":"2","JM":"2","MP":"2","QJ":"2","MJ":"2","PG":"2","JP":"2","VF":"2","VC":"2","PM":"2","PH":"2","RC":"2","MM":"2","MH":"2"},"X7":{"22":"2"},"4X":{"2V":"2","4X":"2","3W":"2","5W":"2"},"R5":{"44":"2","GR":"2"},"WJ":{"4R":"2","5V":"2","5R":"2"},"9C":{"P9":"2"},"X5":{"GF":"2"},"P4":{"FR":"2"},"P3":{"C5":"2"},"X9":{"36":"2","26":"2"},"X6":{"2X":"2","3X":"2"},"WM":{"24":"2","G8":"2","H8":"2","H7":"2"},"3X":{"XV":"2","RR":"2","WR":"2","WV":"2"},"WF":{"PH":"2","PG":"2"},"R7":{"H2":"2"},"8G":{"54":"2","53":"2"},"R4":{"4G":"2","4V":"2","3R":"2","4J":"2","3V":"2","5H":"2","4H":"2","5G":"2","4R":"2","3Q":"2"}},"W4":{"G9":{"F2":"2","C3":"2","F3":"2"}},"V3":{"8G":{"J8":"2","J6":"2"},"6X":{"7F":"2"}},"Q7":{"XM":{"PR":"2","X9":"2","W9":"2"},"XG":{"FP":"2","FX":"2"},"XH":{"3M":"2","73":"2"},"X9":{"Q3":"2","P3":"2","P4":"2"}},"X7":{"PP":{"4C":"2"},"85":{"62":"2"},"P7":{"PF":"2","QF":"2"},"GX":{"3C":"2","4F":"2","3H":"2","3F":"2"},"74":{"XG":"2"},"XQ":{"8J":"2","8H":"2","9J":"2"},"73":{"FR":"2","GW":"2","FM":"2","FV":"2","9Q":"2"}},"W5":{"H4":{"W8":"2","W5":"2"},"33":{"X3":"2","W3":"2"},"HW":{"QX":"2"},"2Q":{"Q6":"2"},"43":{"38":"2"}},"Q5":{"X2":{"5X":"2","8V":"2","7W":"2","6X":"2","7V":"2","7X":"2","2W":"2","8W":"2"},"XV":{"HM":"2","GW":"2","GQ":"2"},"XF":{"W6":"2"},"X7":{"4C":"2"},"XC":{"V3":"2"},"W2":{"GF":"2"},"X9":{"8C":"2","5C":"2","4C":"2","59":"2","49":"2"},"W3":{"RG":"2","RH":"2"},"X3":{"63":"2","3M":"2","72":"2","62":"2","4J":"2","3F":"2","4H":"2","4F":"2","53":"2","78":"2","3C":"2","52":"2","73":"2","68":"2"},"W9":{"RG":"2","QG":"2","PC":"2","X5":"2","Q8":"2","WF":"2","VC":"2","QH":"2","WC":"2"}},"R5":{"FQ":{"QJ":"2","RJ":"2"},"2J":{"MW":"2"},"28":{"38":"2"},"PF":{"4P":"2","6Q":"2"},"2V":{"HQ":"2"},"3G":{"46":"2"},"2G":{"8X":"2"},"5V":{"H3":"2"},"2F":{"MM":"2"},"84":{"VG":"2","R9":"2","RC":"2","VH":"2"},"5P":{"QG":"2","QH":"2"},"2W":{"MJ":"2"}},"X4":{"24":{"MH":"2","MG":"2","JG":"2"},"CV":{"FH":"2"}},"W2":{"36":{"VJ":"2"}},"Q2":{"JX":{"PJ":"2","WC":"2"},"86":{"MJ":"2"},"XF":{"J2":"2","J3":"2","M2":"2"},"62":{"CR":"2","9R":"2","9V":"2","2X":"2","CV":"2"},"VV":{"66":"2","86":"2"},"JR":{"4X":"2","5G":"2"},"XC":{"JV":"2","HR":"2","CM":"2","8H":"2","GR":"2","HV":"2","CW":"2","J6":"2","JW":"2","CV":"2","JC":"2","GQ":"2","GP":"2"},"F3":{"G4":"2","F4":"2","F3":"2"},"F2":{"8Q":"2","7V":"2","8V":"2","6W":"2","9P":"2","7W":"2","8W":"2","8R":"2","CW":"2","9Q":"2"},"53":{"X3":"2","X2":"2"},"WX":{"46":"2","37":"2"},"52":{"F7":"2","F6":"2"},"JC":{"GM":"2"},"MH":{"MJ":"2","XP":"2"},"VW":{"QQ":"2"}},"V6":{"PG":{"WR":"2","WP":"2","XM":"2","VP":"2","VQ":"2","RV":"2"},"QG":{"2Q":"2","2P":"2","PP":"2","QQ":"2","PQ":"2","2M":"2","QP":"2"},"G3":{"G7":"2","HF":"2","G9":"2","G8":"2","F6":"2","H3":"2"},"3M":{"38":"2","59":"2","49":"2","48":"2","39":"2"}},"R2":{"M2":{"CM":"2","9F":"2"},"35":{"WM":"2"},"RV":{"35":"2","24":"2","26":"2","34":"2","46":"2","25":"2","36":"2","37":"2"},"3F":{"HR":"2"},"45":{"H5":"2"},"33":{"5X":"2"},"53":{"87":"2"},"QH":{"9J":"2"},"3P":{"V9":"2","R8":"2","R7":"2","WC":"2","V8":"2"},"34":{"62":"2","65":"2","52":"2"},"52":{"Q4":"2","P4":"2"},"44":{"HW":"2"},"32":{"M3":"2","M2":"2"},"64":{"7C":"2","9J":"2","6C":"2","JR":"2","58":"2","7F":"2","6G":"2","79":"2","8J":"2","7G":"2","57":"2","8F":"2","6F":"2","69":"2","56":"2","8G":"2"}},"WC":{"4P":{"VX":"2"},"FQ":{"QJ":"2"},"R6":{"3J":"2"},"CQ":{"4J":"2","4P":"2","3H":"2","2G":"2","7V":"2","7Q":"2","2F":"2","2H":"2","3M":"2","7R":"2","7W":"2","2P":"2","6R":"2","2M":"2","2Q":"2","4Q":"2","2J":"2","6P":"2","5Q":"2","6W":"2","5R":"2","98":"2","3J":"2","6Q":"2","C9":"2","6V":"2","3G":"2","4M":"2","3Q":"2","3P":"2","7X":"2","4R":"2"},"MQ":{"Q4":"2","R4":"2"},"RV":{"Q9":"2","R9":"2","P9":"2"},"2X":{"7J":"2"},"C7":{"5Q":"2"},"82":{"G3":"2","F2":"2","F3":"2","G2":"2"},"CP":{"3X":"2"},"9Q":{"XF":"2","RJ":"2","VM":"2","VJ":"2","WJ":"2","VH":"2","WH":"2","XM":"2","WM":"2","WF":"2","VG":"2","XH":"2","VF":"2","VC":"2","XP":"2","XG":"2","WG":"2","WC":"2","XJ":"2","RH":"2"},"HV":{"C6":"2"},"W9":{"J2":"2"}}}}