{"index":{"university,1|retail,2|tourism,3|wreck,4|historical,5|artsCulture,6|namedBuilding,7|water,8|wetland,9|park,10|beach,11|natureReserve,12|cemetery,13|trail,14":{}},"4P":{"VW":{"85":{"J4":"2"},"HV":{"27":"2","26":"2"},"W9":{"PW":"2","PV":"2","MV":"2"}},"WQ":{"7Q":{"36":"2","58":"2","28":"2","MH":"2","48":"2","47":"2","68":"2","WX":"2","JM":"2","4C":"2","MJ":"2","C7":"2","27":"2","5C":"2","49":"2","9V":"2","35":"2","66":"2","29":"2","56":"2","JH":"2","G6":"2","55":"2","46":"2","59":"2","8R":"2","57":"2","4F":"2","F6":"2","5F":"2","26":"2","PQ":"2","39":"2","JJ":"2","9R":"2","QQ":"2","65":"2","67":"2","37":"2","C8":"2","69":"2","9W":"2","38":"2","45":"2"},"2G":{"2Q":"2","3R":"2","2R":"2","5G":"2","53":"2"},"5V":{"8P":"2","4J":"2","FH":"2","FG":"2","5W":"2","C3":"2","4H":"2","5V":"2","55":"2","6W":"2","93":"2","6V":"2","R7":"2","56":"2"},"5R":{"JG":"2","MF":"2","V3":"2","2G":"2","X8":"2","7J":"2","XV":"2","8H":"2","2F":"2","V4":"2","VP":"2","8J":"2","35":"2","93":"2","45":"2","H8":"2","J9":"2","PV":"2","H9":"2","JW":"2","37":"2","MC":"2","57":"2","R3":"2","46":"2","44":"2","JF":"2","55":"2","7H":"2","36":"2","6Q":"2","47":"2","R4":"2","92":"2","WP":"2","FC":"2","XW":"2","56":"2","JC":"2"},"6X":{"PQ":"2","4W":"2","C7":"2","4J":"2","97":"2","G6":"2","G9":"2","3H":"2","F5":"2","PP":"2","F9":"2","C6":"2","8F":"2","5X":"2","FP":"2","4Q":"2","4X":"2","86":"2","F8":"2","F6":"2","5Q":"2","FQ":"2","CQ":"2","87":"2","98":"2","3W":"2","3J":"2","5P":"2","5W":"2","MP":"2","99":"2","4H":"2","C9":"2","5F":"2","89":"2","C8":"2","88":"2","G5":"2","F7":"2","MQ":"2","9C":"2","8C":"2","9F":"2","JM":"2","MM":"2","CP":"2"},"2R":{"G7":"2","VW":"2","C7":"2","WW":"2","V8":"2","WV":"2","XC":"2","C2":"2","VX":"2","J8":"2","W7":"2","M9":"2","Q7":"2","QV":"2","X8":"2","XV":"2","XP":"2","C6":"2","XF":"2","J9":"2","X7":"2","WX":"2","V7":"2","XX":"2","F6":"2","C3":"2","XR":"2","87":"2","C5":"2","WR":"2","68":"2","XQ":"2","C4":"2","R4":"2","67":"2","88":"2","H7":"2","F7":"2","WF":"2","J7":"2","M8":"2","XW":"2","XM":"2","Q6":"2"},"2W":{"7C":"2","W8":"2","95":"2","GV":"2","28":"2","PM":"2","X9":"2","RG":"2","P7":"2","JM":"2","XF":"2","MJ":"2","GF":"2","49":"2","M6":"2","VG":"2","VC":"2","X8":"2","QW":"2","73":"2","W9":"2","R3":"2","Q3":"2","R9":"2","PW":"2","56":"2","MP":"2","P6":"2","55":"2","PP":"2","RF":"2","WF":"2","QV":"2","83":"2","V9":"2","7J":"2","XC":"2","57":"2","4H":"2","PQ":"2","Q7":"2","JJ":"2","V5":"2","72":"2","GC":"2","RC":"2","5Q":"2","5H":"2","QP":"2","J3":"2","VH":"2","VJ":"2","VX":"2","Q2":"2","82":"2","P8":"2","RJ":"2","3C":"2","MM":"2","VW":"2","92":"2","WC":"2","R2":"2"},"6Q":{"W8":"2","23":"2","62":"2","52":"2","32":"2","22":"2","F3":"2","2W":"2","R6":"2","MG":"2","PC":"2","HH":"2","W7":"2","27":"2","X6":"2","JG":"2","PF":"2","H8":"2","MF":"2","VC":"2","X8":"2","Q6":"2","HQ":"2","VF":"2","R9":"2","X2":"2","JH":"2","R7":"2","GJ":"2","RF":"2","8Q":"2","V9":"2","33":"2","J7":"2","9Q":"2","63":"2","Q7":"2","X7":"2","QF":"2","2V":"2","89":"2","RC":"2","GM":"2","W2":"2","QC":"2","GQ":"2","H7":"2","J9":"2","Q9":"2","88":"2","HJ":"2","J8":"2","53":"2","F4":"2","H9":"2"},"2Q":{"36":"2","FW":"2","62":"2","GV":"2","32":"2","8H":"2","8M":"2","C4":"2","CW":"2","27":"2","4R":"2","9C":"2","9V":"2","CM":"2","4W":"2","FR":"2","FV":"2","7R":"2","9M":"2","8C":"2","CX":"2","CJ":"2","4V":"2","9Q":"2","26":"2","63":"2","GR":"2","C3":"2","75":"2","89":"2","FX":"2","9R":"2","9H":"2","96":"2","65":"2","37":"2","64":"2","FM":"2","4X":"2","69":"2","8J":"2","RQ":"2","9W":"2","VQ":"2","9J":"2"},"8M":{"XR":"2","XX":"2","XW":"2"},"6R":{"38":"2","4J":"2","28":"2","W4":"2","39":"2","X2":"2","5C":"2","94":"2","J9":"2","95":"2","2P":"2","W3":"2","37":"2","2M":"2","57":"2","X3":"2","78":"2","29":"2","2J":"2","C5":"2","47":"2","C4":"2","99":"2","58":"2","X4":"2","48":"2","JC":"2"},"CP":{"5F":"2","39":"2","3F":"2","4F":"2","2F":"2","5C":"2","4C":"2","3C":"2","59":"2","49":"2"},"PC":{"FR":"2"},"3R":{"7Q":"2","XR":"2","36":"2","2G":"2","2P":"2","58":"2","5V":"2","52":"2","G9":"2","5R":"2","X9":"2","3J":"2","3G":"2","RX":"2","M9":"2","2R":"2","2W":"2","R6":"2","P7":"2","W3":"2","WX":"2","2Q":"2","8M":"2","6R":"2","V7":"2","3R":"2","4C":"2","V4":"2","5X":"2","5G":"2","5C":"2","49":"2","7M":"2","4R":"2","3P":"2","XH":"2","3V":"2","QW":"2","5J":"2","PH":"2","Q6":"2","4W":"2","RW":"2","HQ":"2","66":"2","R4":"2","W9":"2","R3":"2","2X":"2","R9":"2","56":"2","X2":"2","XV":"2","7R":"2","6P":"2","5W":"2","P6":"2","55":"2","8C":"2","46":"2","2C":"2","4V":"2","59":"2","5M":"2","4G":"2","V9":"2","8R":"2","WH":"2","57":"2","M7":"2","4F":"2","W4":"2","V3":"2","5F":"2","7V":"2","4Q":"2","26":"2","Q7":"2","GR":"2","39":"2","QF":"2","3X":"2","V5":"2","6W":"2","2V":"2","2F":"2","9R":"2","QX":"2","Q5":"2","R5":"2","5Q":"2","6V":"2","5H":"2","W2":"2","QP":"2","96":"2","3Q":"2","65":"2","37":"2","M8":"2","4X":"2","6H":"2","2M":"2","P8":"2","Q8":"2","3C":"2","3F":"2","3M":"2","HP":"2","3W":"2","H9":"2","92":"2"},"5X":{"C9":"2","5R":"2","29":"2","99":"2","39":"2"},"4R":{"6C":"2","75":"2","M3":"2","GH":"2","M5":"2","3H":"2","Q7":"2","HM":"2","P5":"2","P9":"2","25":"2","2H":"2","HJ":"2","5C":"2","PH":"2","P4":"2","22":"2","GJ":"2","23":"2","96":"2","95":"2","J3":"2","32":"2","H3":"2","Q5":"2","43":"2","65":"2","27":"2","JJ":"2","4X":"2","P7":"2","6P":"2","MJ":"2","QC":"2","5Q":"2","42":"2","CR":"2","3R":"2","VQ":"2","J4":"2","9R":"2","5P":"2","MX":"2","6Q":"2","9Q":"2","4H":"2","QH":"2","33":"2","QG":"2","5F":"2","QF":"2","67":"2","3P":"2","6F":"2","HC":"2","R7":"2","PC":"2","M8":"2","MH":"2","M4":"2","M2":"2","JH":"2","GM":"2","Q6":"2"},"CM":{"29":"2"},"X8":{"HM":"2","HJ":"2","GP":"2","JJ":"2","JM":"2"},"3V":{"MQ":"2","24":"2","66":"2","22":"2","9X":"2","8W":"2","79":"2","W9":"2","CP":"2","XQ":"2","HJ":"2","6G":"2","65":"2","3F":"2","5F":"2","HQ":"2","WM":"2","C2":"2","39":"2","52":"2","27":"2","JP":"2","VJ":"2","7J":"2","FH":"2","FJ":"2","23":"2","44":"2","42":"2","46":"2","36":"2","RQ":"2","29":"2","59":"2","JV":"2","9V":"2","VM":"2","43":"2","4C":"2","47":"2","QP":"2","GJ":"2","H5":"2","48":"2","4J":"2","C8":"2","FX":"2","FV":"2","3C":"2","28":"2","FW":"2","CX":"2","38":"2","XX":"2","RH":"2","45":"2","C4":"2","9W":"2","9Q":"2","RP":"2","8C":"2","R4":"2","8M":"2","5G":"2","GH":"2","HV":"2","HP":"2","68":"2","HH":"2","CW":"2","GW":"2","F2":"2","CM":"2","C5":"2","H2":"2","64":"2","3G":"2","GM":"2","4H":"2","7C":"2","4G":"2","54":"2","FR":"2","G6":"2","G5":"2","35":"2","HM":"2","99":"2","6C":"2","CG":"2","7F":"2","C9":"2","55":"2","7H":"2","2C":"2","95":"2","25":"2","8P":"2","32":"2","75":"2","85":"2","9F":"2","RJ":"2","WP":"2","8F":"2","67":"2","2F":"2","69":"2","34":"2","RM":"2","4F":"2","58":"2","9C":"2","3H":"2","26":"2","33":"2","GP":"2","37":"2","F3":"2","53":"2","CV":"2","56":"2","57":"2","CH":"2","9R":"2","F7":"2","FM":"2","8V":"2","98":"2","J3":"2","XP":"2","QQ":"2","MR":"2","CR":"2","49":"2","GX":"2","7G":"2","JQ":"2","6H":"2"},"5P":{"QV":"2","FQ":"2","8X":"2","HQ":"2","RV":"2","9X":"2","FR":"2","9W":"2","GR":"2","GQ":"2"},"4W":{"4W":"2","73":"2","RF":"2","V3":"2","3F":"2","7Q":"2","V4":"2","63":"2","7R":"2","22":"2","23":"2","JW":"2","32":"2","4V":"2","4G":"2","7P":"2","42":"2","JF":"2","FG":"2","C5":"2","4F":"2","3V":"2","HV":"2","JV":"2","QG":"2","3G":"2","FF":"2","RG":"2","MH":"2","JH":"2","R5":"2","HW":"2"},"GH":{"3P":"2","4M":"2","4P":"2","3M":"2"},"2X":{"2P":"2","G9":"2","WG":"2","M9":"2","RG":"2","P7":"2","JF":"2","XF":"2","C4":"2","VP":"2","5X":"2","GF":"2","WJ":"2","M6":"2","4R":"2","XG":"2","H8":"2","XH":"2","VG":"2","F9":"2","HF":"2","35":"2","JV":"2","VF":"2","HC":"2","J6":"2","G6":"2","FC":"2","G7":"2","RF":"2","QJ":"2","JC":"2","FF":"2","WF":"2","XP":"2","XJ":"2","QM":"2","WH":"2","J7":"2","M7":"2","4Q":"2","9G":"2","XM":"2","HV":"2","G8":"2","QF":"2","VM":"2","GC":"2","RC":"2","WP":"2","QC":"2","VH":"2","JW":"2","HW":"2","RP":"2","H7":"2","J9":"2","H6":"2","QG":"2","M8":"2","RM":"2","2M":"2","P8":"2","RH":"2","RJ":"2","J8":"2","WM":"2","MC":"2","H9":"2"},"7P":{"5R":"2","HM":"2","6Q":"2","JR":"2","JM":"2","7Q":"2","6R":"2","8F":"2","4R":"2","JP":"2","9Q":"2","7P":"2","6P":"2","4Q":"2","5Q":"2"},"7R":{"93":"2","V3":"2","22":"2","94":"2","83":"2","W3":"2","V2":"2","W2":"2"},"5W":{"24":"2","7W":"2","34":"2"},"6P":{"MR":"2","XQ":"2","3W":"2","4X":"2","XR":"2","2V":"2","3V":"2","2X":"2","XM":"2","3X":"2","WX":"2","CW":"2","7V":"2","XP":"2","7P":"2","PR":"2","CV":"2","WQ":"2","2W":"2","WR":"2"},"9M":{"JQ":"2","HP":"2","5R":"2","CR":"2","7W":"2","HQ":"2","6X":"2","6R":"2","5V":"2","2X":"2","6W":"2","JP":"2","6V":"2","CV":"2","7X":"2","2W":"2"},"GJ":{"52":"2"},"CX":{"XV":"2","88":"2"},"4V":{"FW":"2","3J":"2","VR":"2","2R":"2","2W":"2","2Q":"2","93":"2","3R":"2","4C":"2","CW":"2","WJ":"2","XH":"2","J4":"2","3V":"2","PH":"2","4W":"2","CV":"2","FV":"2","WW":"2","8W":"2","2X":"2","H4":"2","PW":"2","J6":"2","G6":"2","G7":"2","CJ":"2","4V":"2","QV":"2","7W":"2","J7":"2","4F":"2","XM":"2","2J":"2","VV":"2","3X":"2","2V":"2","H7":"2","H6":"2","J5":"2","4X":"2","3C":"2","3F":"2","WM":"2","VW":"2","VQ":"2","H5":"2","3W":"2","9J":"2"},"V9":{"RF":"2"},"FJ":{"4R":"2","2Q":"2","3R":"2","3V":"2","2P":"2"},"4Q":{"M7":"2","V3":"2","2G":"2","3F":"2","9W":"2","25":"2","2F":"2","V4":"2","2H":"2","FW":"2","3M":"2","5V":"2","35":"2","45":"2","W9":"2","6R":"2","29":"2","Q3":"2","44":"2","4G":"2","CH":"2","FH":"2","FG":"2","W8":"2","4F":"2","47":"2","4H":"2","6V":"2","3G":"2","CJ":"2","CG":"2","6J":"2","34":"2","6H":"2","FX":"2","FJ":"2","2X":"2"},"3X":{"95":"2","5V":"2","42":"2","62":"2","52":"2","5R":"2","X9":"2","3J":"2","W3":"2","V2":"2","6R":"2","93":"2","PC":"2","C4":"2","5C":"2","M5":"2","M6":"2","XG":"2","C5":"2","86":"2","X5":"2","3V":"2","2H":"2","HQ":"2","66":"2","73":"2","JR":"2","R9":"2","J6":"2","84":"2","94":"2","87":"2","83":"2","V9":"2","HR":"2","P9":"2","XC":"2","V3":"2","5F":"2","76":"2","63":"2","2J":"2","75":"2","3H":"2","72":"2","6V":"2","W2":"2","QC":"2","96":"2","65":"2","JQ":"2","F5":"2","64":"2","J5":"2","Q9":"2","X3":"2","2M":"2","74":"2","54":"2","53":"2","C6":"2","F4":"2"},"2V":{"V8":"2","3Q":"2","66":"2","9X":"2","HW":"2","W9":"2","3R":"2","QC":"2","FC":"2","PX":"2","3F":"2","5F":"2","HQ":"2","FF":"2","2R":"2","97":"2","XF":"2","VC":"2","V2":"2","9G":"2","6J":"2","W7":"2","FJ":"2","WG":"2","44":"2","W4":"2","36":"2","VF":"2","JV":"2","X2":"2","RF":"2","GJ":"2","XG":"2","V9":"2","3V":"2","4R":"2","8Q":"2","FX":"2","X5":"2","FW":"2","X3":"2","38":"2","45":"2","9Q":"2","R3":"2","XC":"2","GV":"2","HV":"2","VG":"2","MV":"2","GW":"2","F2":"2","H2":"2","GM":"2","MW":"2","WC":"2","MX":"2","W3":"2","V4":"2","JW":"2","JR":"2","XH":"2","HM":"2","96":"2","V7":"2","6C":"2","4Q":"2","PW":"2","X8":"2","W6":"2","WF":"2","R9":"2","X6":"2","R8":"2","G3":"2","V5":"2","2Q":"2","R7":"2","H3":"2","G2":"2","W2":"2","QF":"2","5Q":"2","37":"2","HR":"2","FG":"2","V6":"2","8X":"2","X7":"2","QM":"2","X9":"2","X4":"2","2V":"2","8G":"2","FM":"2","W8":"2","RC":"2","R5":"2","QG":"2","MR":"2","GX":"2","W5":"2","JQ":"2","V3":"2"},"2F":{"3W":"2"},"8P":{"HG":"2","JG":"2","H5":"2","77":"2","J8":"2","W7":"2","C6":"2","5C":"2","G4":"2","59":"2","5G":"2","H8":"2","78":"2","46":"2","4G":"2","H4":"2","F6":"2","4F":"2","68":"2","HV":"2","4C":"2","47":"2","R4":"2","5F":"2","58":"2","67":"2","C8":"2","48":"2","G5":"2","GV":"2","9H":"2","Q4":"2","49":"2","69":"2","R5":"2"},"5Q":{"HR":"2","JG":"2","H5":"2","4P":"2","7M":"2","GR":"2","X8":"2","P5":"2","XV":"2","RR":"2","X7":"2","57":"2","43":"2","4Q":"2","44":"2","JF":"2","VQ":"2","RQ":"2","99":"2","8M":"2","3Q":"2","P6":"2","3P":"2","Q9":"2","G5":"2","XW":"2","Q8":"2"},"6V":{"42":"2","43":"2"},"3Q":{"VW":"2","WW":"2","VX":"2","Q7":"2","F9":"2","7V":"2","XV":"2","RR":"2","7R":"2","WX":"2","6R":"2","VC":"2","P7":"2","XX":"2","6V":"2","3Q":"2","QF":"2","VF":"2","XW":"2"},"FM":{"72":"2"},"4X":{"X9":"2","HR":"2","FR":"2","28":"2","H5":"2","2G":"2","J8":"2","W7":"2","M9":"2","3F":"2","2F":"2","3M":"2","W6":"2","5V":"2","3C":"2","2C":"2","5X":"2","J9":"2","WX":"2","2M":"2","29":"2","2J":"2","F4":"2","CR":"2","FQ":"2","CQ":"2","6W":"2","6X":"2","3J":"2","5W":"2","JV":"2","H6":"2","FF":"2","F7":"2","M8":"2","FX":"2","7F":"2"},"3W":{"7Q":"2","W8":"2","G9":"2","6X":"2","F3":"2","2W":"2","XW":"2","W3":"2","WX":"2","3R":"2","4C":"2","CW":"2","M6":"2","7M":"2","4R":"2","V8":"2","9V":"2","6M":"2","5J":"2","5P":"2","XX":"2","CV":"2","W9":"2","WW":"2","7P":"2","7X":"2","79":"2","J6":"2","X2":"2","6J":"2","PP":"2","7W":"2","8Q":"2","V9":"2","7J":"2","J7":"2","M7":"2","F6":"2","5F":"2","4Q":"2","C3":"2","V5":"2","8P":"2","GC":"2","QQ":"2","RC":"2","5Q":"2","X4":"2","5H":"2","W2":"2","3Q":"2","VX":"2","Q9":"2","6H":"2","X3":"2","Q8":"2","C2":"2","RQ":"2","3C":"2","H2":"2","9W":"2","V6":"2","WC":"2"},"9P":{"72":"2","35":"2","24":"2","62":"2","F9":"2","25":"2","34":"2"}},"WW":{"G7":{"9H":"2","8H":"2"}},"QQ":{"M5":{"M6":"2","M5":"2","Q5":"2"},"GW":{"5W":"2"},"X4":{"F2":"2","G2":"2"},"Q3":{"XX":"2"},"X3":{"GX":"2"},"X2":{"3J":"2"},"R6":{"PW":"2","PV":"2"},"VX":{"WG":"2"},"P4":{"PF":"2"},"W3":{"46":"2"}},"VR":{"X2":{"VV":"2","C8":"2","VW":"2"},"Q2":{"H4":"2","P5":"2","M5":"2","J4":"2","Q5":"2","H5":"2","J5":"2"},"6C":{"9X":"2"},"X4":{"74":"2"},"V2":{"M7":"2","28":"2","P8":"2","F9":"2","92":"2","M8":"2","J3":"2","J2":"2","Q8":"2","27":"2","R7":"2","P7":"2","Q7":"2","H9":"2"},"P2":{"9V":"2","9W":"2"},"W2":{"X2":"2","F4":"2","G2":"2","G3":"2","W2":"2","F3":"2","J2":"2","W3":"2","H3":"2","H2":"2","G4":"2"},"5F":{"XG":"2","XF":"2"},"V4":{"H2":"2"},"R2":{"X8":"2","W5":"2","XF":"2","W8":"2","W4":"2","X7":"2","XC":"2","V8":"2","X9":"2","W7":"2","W9":"2"},"6W":{"PH":"2"},"X3":{"FF":"2"},"V3":{"QC":"2","PC":"2","Q9":"2","P9":"2"},"73":{"P6":"2","P7":"2","Q7":"2"},"VW":{"RG":"2"},"M3":{"76":"2"}},"RX":{"W2":{"56":"2","35":"2","4F":"2","45":"2","36":"2","46":"2"}},"QV":{"28":{"R8":"2"},"G2":{"M4":"2"},"8V":{"VQ":"2"},"2V":{"5H":"2","72":"2","56":"2","7G":"2","55":"2","35":"2","9G":"2","54":"2","2C":"2","44":"2","6H":"2","5F":"2","45":"2","36":"2","27":"2","46":"2","26":"2","37":"2","6G":"2","5G":"2","53":"2","43":"2"},"39":{"54":"2"},"29":{"R3":"2","Q3":"2","Q4":"2","P4":"2","R4":"2","Q2":"2"},"9M":{"F7":"2","F6":"2","87":"2"},"38":{"CV":"2"},"2R":{"2F":"2"},"GJ":{"6H":"2"},"6P":{"G2":"2"},"36":{"95":"2","5G":"2"},"2W":{"2W":"2","9C":"2","2X":"2","8F":"2","59":"2","49":"2","4V":"2","58":"2","48":"2"},"8W":{"J4":"2"}},"XV":{"GV":{"X7":"2"},"5F":{"FJ":"2"}},"RR":{"XV":{"GH":"2","CH":"2","FJ":"2","FH":"2"},"35":{"75":"2"},"62":{"CV":"2"},"MP":{"7R":"2","7V":"2"},"24":{"PP":"2","QP":"2","RX":"2","RQ":"2","VP":"2","VQ":"2","WQ":"2","RP":"2"},"J5":{"R2":"2","R3":"2","R4":"2"},"53":{"25":"2"},"XH":{"49":"2"},"34":{"J9":"2"},"M4":{"3R":"2"},"25":{"PQ":"2"},"59":{"8Q":"2","CM":"2","9Q":"2"},"M3":{"8Q":"2"}},"QX":{"J9":{"5H":"2","2J":"2","2H":"2","2G":"2","5J":"2"}},"RW":{"32":{"54":"2","92":"2","84":"2"},"VF":{"X6":"2"},"F5":{"63":"2"},"F4":{"5X":"2","6X":"2"},"3W":{"5C":"2","59":"2"},"2F":{"PQ":"2","MQ":"2"},"59":{"P6":"2"}},"WX":{"PM":{"33":"2"}},"PV":{"XV":{"FM":"2","PP":"2","RX":"2","HM":"2","CM":"2","HJ":"2","JP":"2","MG":"2","X7":"2","PV":"2","GP":"2","PJ":"2","JJ":"2","FP":"2","MV":"2","MP":"2","MR":"2","QG":"2","PR":"2","X4":"2","PF":"2","VF":"2","WF":"2","MH":"2","JH":"2","JM":"2","GM":"2","MM":"2","CP":"2"},"XG":{"PC":"2","PF":"2"},"XP":{"RF":"2"},"XW":{"96":"2"}},"VQ":{"PQ":{"36":"2","62":"2","G9":"2","F3":"2","47":"2","F8":"2","GF":"2","G3":"2","J4":"2","F9":"2","H3":"2","GH":"2","73":"2","FG":"2","H4":"2","G4":"2","F7":"2","G2":"2","G6":"2","FC":"2","GJ":"2","G7":"2","46":"2","FF":"2","FJ":"2","FH":"2","F6":"2","J2":"2","G8":"2","F2":"2","72":"2","GC":"2","J3":"2","37":"2","F5":"2","GG":"2","G5":"2","H2":"2","F4":"2","H5":"2"},"WQ":{"Q5":"2","F4":"2","R2":"2","F5":"2","VR":"2","PX":"2","P4":"2","6R":"2","RG":"2","97":"2","M2":"2","PC":"2","PV":"2","89":"2","V2":"2","VJ":"2","PH":"2","FH":"2","W7":"2","FJ":"2","X2":"2","PF":"2","8J":"2","QH":"2","Q4":"2","GJ":"2","H5":"2","RR":"2","P7":"2","2P":"2","X3":"2","RV":"2","XX":"2","RP":"2","Q3":"2","R4":"2","8M":"2","XV":"2","GH":"2","VW":"2","RW":"2","J8":"2","PR":"2","H2":"2","M3":"2","C6":"2","W3":"2","G6":"2","G5":"2","P3":"2","G7":"2","96":"2","99":"2","PJ":"2","MF":"2","9J":"2","PW":"2","MG":"2","W6":"2","P6":"2","WV":"2","G4":"2","7H":"2","95":"2","P5":"2","JF":"2","85":"2","3M":"2","P2":"2","RJ":"2","4M":"2","G3":"2","QJ":"2","WR":"2","JJ":"2","H3":"2","G2":"2","JG":"2","C7":"2","RM":"2","W2":"2","J2":"2","PQ":"2","J6":"2","9M":"2","2M":"2","X7":"2","H4":"2","Q2":"2","8H":"2","X4":"2","VV":"2","8G":"2","W8":"2","3P":"2","F6":"2","QR":"2","86":"2","J3":"2","QG":"2","7G":"2","6H":"2"},"VW":{"3C":"2","CH":"2","RM":"2","WP":"2","RQ":"2","VP":"2","VQ":"2","CG":"2","FG":"2","FH":"2","6G":"2","WM":"2","RP":"2"},"WW":{"G7":"2","PQ":"2","RM":"2","M3":"2","MF":"2","M5":"2","G6":"2","77":"2","PM":"2","V3":"2","PP":"2","P8":"2","V2":"2","5V":"2","59":"2","7W":"2","95":"2","J3":"2","6R":"2","79":"2","78":"2","Q3":"2","4G":"2","RJ":"2","R6":"2","6W":"2","GG":"2","4F":"2","5R":"2","68":"2","MX":"2","C4":"2","MR":"2","JX":"2","PR":"2","6V":"2","89":"2","Q9":"2","88":"2","MQ":"2","69":"2","R5":"2","7X":"2"},"FM":{"2X":"2","3X":"2"},"HQ":{"R5":"2","63":"2","R6":"2","Q5":"2","WF":"2","VF":"2","27":"2","V5":"2","F3":"2","37":"2"},"QQ":{"35":"2","6H":"2","PQ":"2"},"WV":{"R8":"2","GV":"2","6C":"2","X9":"2","CP":"2","V7":"2","C4":"2","7H":"2","M3":"2","5C":"2","M5":"2","CQ":"2","V8":"2","C5":"2","X8":"2","X5":"2","XX":"2","FR":"2","GH":"2","FV":"2","JV":"2","MX":"2","R7":"2","GJ":"2","MW":"2","59":"2","7J":"2","HR":"2","GW":"2","5F":"2","HV":"2","MQ":"2","GR":"2","QR":"2","VM":"2","C3":"2","M4":"2","QQ":"2","FQ":"2","JW":"2","VH":"2","GQ":"2","M2":"2","HW":"2","VX":"2","VJ":"2","RH":"2","JX":"2","RJ":"2","P5":"2","P4":"2","G5":"2","FP":"2"},"JR":{"W5":"2","W4":"2"},"VX":{"3M":"2","X8":"2","2Q":"2","X7":"2","2P":"2","3F":"2","9X":"2","4F":"2","87":"2","4C":"2","3P":"2","3C":"2","3Q":"2","2M":"2","36":"2"},"PP":{"7Q":"2","5V":"2","FW":"2","5R":"2","6X":"2","8X":"2","GP":"2","6Q":"2","6R":"2","F8":"2","CP":"2","4C":"2","5X":"2","5C":"2","GX":"2","CQ":"2","9V":"2","CM":"2","CH":"2","FR":"2","FV":"2","FG":"2","8W":"2","7X":"2","56":"2","7R":"2","5W":"2","55":"2","GJ":"2","46":"2","CJ":"2","7W":"2","8Q":"2","8V":"2","HX":"2","8R":"2","FJ":"2","FH":"2","7V":"2","6W":"2","FX":"2","6V":"2","GM":"2","FM":"2","JX":"2","9W":"2","45":"2","9P":"2"},"VR":{"FW":"2","GV":"2","RG":"2","GP":"2","W7":"2","GX":"2","MR":"2","VG":"2","HQ":"2","FR":"2","FV":"2","JV":"2","JR":"2","MP":"2","X2":"2","JP":"2","PP":"2","HX":"2","HR":"2","GW":"2","HV":"2","MQ":"2","GR":"2","QR":"2","98":"2","FX":"2","CR":"2","FQ":"2","QQ":"2","W2":"2","JW":"2","VH":"2","GQ":"2","HW":"2","J9":"2","JQ":"2","RH":"2","RJ":"2","JX":"2","88":"2","HP":"2","H9":"2"},"XV":{"9M":"2","WV":"2","M9":"2","5H":"2","XV":"2","P9":"2","Q2":"2","25":"2","2H":"2","FW":"2","22":"2","8Q":"2","2J":"2","6P":"2","V5":"2","6W":"2","6X":"2","6Q":"2","QP":"2","6V":"2","4M":"2","3P":"2","QM":"2","Q9":"2","CW":"2","6H":"2","9P":"2","CX":"2","69":"2","2X":"2"},"JQ":{"M7":"2","H6":"2","M6":"2","P5":"2","H4":"2","H7":"2","W4":"2","M5":"2","7F":"2","8J":"2","J3":"2","7G":"2","VP":"2","H5":"2","W3":"2","8F":"2","7J":"2","J4":"2","J5":"2","G5":"2","7M":"2","P6":"2","J6":"2","7P":"2","J7":"2","G4":"2","8G":"2","M4":"2","8M":"2","G6":"2","M3":"2"},"XP":{"4W":"2","4J":"2","4P":"2","7V":"2","3M":"2","5V":"2","2W":"2","7W":"2","5X":"2","2P":"2","2M":"2","2Q":"2","4Q":"2","4X":"2","2R":"2","2J":"2","4V":"2","5Q":"2","3R":"2","5M":"2","6W":"2","6X":"2","5R":"2","3W":"2","3V":"2","3J":"2","5P":"2","5W":"2","6V":"2","4M":"2","3Q":"2","3P":"2","3X":"2","2V":"2","2X":"2","7X":"2","4R":"2"},"CM":{"RG":"2","86":"2","76":"2","85":"2","75":"2","QQ":"2","96":"2","VG":"2","97":"2"},"RR":{"MC":"2","QW":"2","RW":"2"},"XF":{"PG":"2","J4":"2","VP":"2","WQ":"2","H2":"2"},"9J":{"8Q":"2","CH":"2","WR":"2","CJ":"2","9J":"2"},"8Q":{"8G":"2"},"WX":{"G8":"2","MW":"2","WQ":"2","28":"2","V8":"2","VJ":"2","W7":"2","QV":"2","XP":"2","QX":"2","H8":"2","RW":"2","VH":"2","J9":"2","XH":"2","JW":"2","J3":"2","XJ":"2","MC":"2","PX":"2","PW":"2","V7":"2","XG":"2","JJ":"2","6P":"2","MJ":"2","J2":"2","VQ":"2","RV":"2","98":"2","WR":"2","MX":"2","6Q":"2","WH":"2","XQ":"2","99":"2","JX":"2","H2":"2","89":"2","WP":"2","HX":"2","QW":"2","R7":"2","M2":"2","V6":"2","WJ":"2","XM":"2","JM":"2","WG":"2","JC":"2"},"PV":{"48":"2"},"GP":{"4W":"2","5X":"2","4X":"2","5W":"2"},"XG":{"GH":"2","RX":"2"},"FP":{"7Q":"2","7C":"2","PV":"2","23":"2","34":"2","G9":"2","32":"2","22":"2","99":"2","8H":"2","9F":"2","7G":"2","8M":"2","6R":"2","7H":"2","7M":"2","7F":"2","9C":"2","24":"2","QW":"2","77":"2","8W":"2","2X":"2","7P":"2","PW":"2","79":"2","7R":"2","G6":"2","PP":"2","9M":"2","8C":"2","QV":"2","7W":"2","PR":"2","8Q":"2","8V":"2","33":"2","8R":"2","7J":"2","8F":"2","7V":"2","PQ":"2","G8":"2","QR":"2","89":"2","QQ":"2","HJ":"2","8J":"2","RQ":"2","8G":"2","RR":"2"},"XX":{"3H":"2","2G":"2","P8":"2","7V":"2","XP":"2","2H":"2","G4":"2","8J":"2","32":"2","2J":"2","G3":"2","42":"2","3J":"2","F2":"2","6Q":"2","33":"2","R4":"2","3G":"2","F3":"2","XM":"2"},"FQ":{"M2":"2","92":"2","J3":"2","J2":"2","H3":"2","93":"2","H2":"2","M3":"2"},"VQ":{"XX":"2","JH":"2","VM":"2","8P":"2","W6":"2","HC":"2","JG":"2","P8":"2","VJ":"2","WJ":"2","CX":"2","RF":"2","FX":"2","W7":"2","GX":"2","X6":"2","WM":"2","GF":"2","FW":"2","WX":"2","PM":"2","MM":"2","WG":"2"},"RV":{"V6":"2","V5":"2","J6":"2"},"CQ":{"8J":"2","9P":"2","MX":"2"},"XR":{"7Q":"2","7C":"2","95":"2","36":"2","58":"2","42":"2","6C":"2","3G":"2","48":"2","47":"2","7G":"2","JM":"2","8M":"2","4C":"2","5X":"2","27":"2","5G":"2","5C":"2","49":"2","7M":"2","MV":"2","7F":"2","PX":"2","6F":"2","QW":"2","35":"2","JV":"2","7P":"2","PW":"2","JP":"2","9M":"2","46":"2","CX":"2","59":"2","4G":"2","8Q":"2","7J":"2","HR":"2","QM":"2","4F":"2","5F":"2","HM":"2","HV":"2","39":"2","98":"2","8P":"2","QP":"2","67":"2","RP":"2","37":"2","RM":"2","HJ":"2","8J":"2","3C":"2","3F":"2","6G":"2","HP":"2","38":"2","45":"2","9J":"2","9P":"2"},"MV":{"J4":"2"},"WR":{"M2":"2","22":"2","W5":"2","RJ":"2","W4":"2","5R":"2","95":"2","42":"2","58":"2","X4":"2","J8":"2","HW":"2","P2":"2","V4":"2","J9":"2","85":"2","M8":"2","94":"2","57":"2","23":"2","W7":"2","4R":"2","FW":"2","27":"2","CW":"2","26":"2","84":"2","V3":"2","CV":"2","FV":"2","MM":"2","M9":"2","2W":"2"},"5W":{"5C":"2","6C":"2","79":"2","4F":"2","4C":"2","3F":"2"},"RQ":{"QC":"2","PC":"2","QG":"2","RF":"2","PW":"2","VC":"2","V9":"2","WF":"2","VF":"2","RC":"2","P9":"2","QF":"2","FV":"2","WC":"2"},"MP":{"WV":"2","WW":"2","PW":"2","PV":"2","QW":"2","W6":"2"},"XQ":{"7Q":"2","23":"2","36":"2","58":"2","34":"2","42":"2","FW":"2","62":"2","52":"2","32":"2","3J":"2","22":"2","M9":"2","R6":"2","7G":"2","93":"2","CW":"2","X6":"2","7M":"2","3V":"2","2H":"2","77":"2","CV":"2","29":"2","73":"2","FV":"2","7P":"2","HC":"2","7R":"2","W6":"2","R7":"2","Q4":"2","83":"2","8Q":"2","8V":"2","33":"2","8R":"2","57":"2","63":"2","W5":"2","75":"2","V5":"2","2V":"2","3H":"2","78":"2","72":"2","R5":"2","J9":"2","4X":"2","6H":"2","54":"2","53":"2","6G":"2","43":"2","H9":"2","FP":"2"},"MR":{"63":"2","99":"2","86":"2","RJ":"2","HC":"2","89":"2","88":"2","C9":"2","QJ":"2","QM":"2","9C":"2","CF":"2","CC":"2","98":"2","48":"2","87":"2","QH":"2","49":"2","97":"2","RH":"2","RM":"2"},"PR":{"24":"2","Q8":"2","Q4":"2","25":"2","R4":"2","P8":"2"},"WP":{"VW":"2","WQ":"2","WW":"2","WV":"2","VX":"2","VR":"2","RX":"2","QV":"2","XV":"2","XP":"2","WM":"2","RR":"2","QX":"2","RW":"2","WX":"2","XJ":"2","PX":"2","XX":"2","VQ":"2","RV":"2","XR":"2","WR":"2","MX":"2","WH":"2","XQ":"2","PR":"2","WP":"2","QW":"2","QR":"2","WJ":"2","XW":"2","XM":"2","VV":"2"},"QR":{"3G":"2","2W":"2","9X":"2","38":"2","2G":"2","47":"2","3W":"2","36":"2","27":"2","46":"2","28":"2","26":"2","37":"2","8X":"2","48":"2"},"9V":{"9C":"2","CF":"2","CC":"2"},"MQ":{"P3":"2","M3":"2","36":"2","27":"2","P2":"2","C5":"2","26":"2","RW":"2","37":"2"},"2V":{"3V":"2"},"FX":{"HC":"2"},"XW":{"MQ":"2","R2":"2","W9":"2","QC":"2","65":"2","HQ":"2","JM":"2","RG":"2","XF":"2","PV":"2","JP":"2","9H":"2","PH":"2","RQ":"2","GR":"2","29":"2","PP":"2","QH":"2","3X":"2","QP":"2","4R":"2","FX":"2","FV":"2","FW":"2","CX":"2","93":"2","9Q":"2","RP":"2","MH":"2","R3":"2","XC":"2","HP":"2","MV":"2","CW":"2","PR":"2","GW":"2","64":"2","MW":"2","WC":"2","MX":"2","JR":"2","54":"2","FR":"2","2J":"2","HM":"2","MJ":"2","PJ":"2","MF":"2","3J":"2","4Q":"2","PW":"2","MG":"2","WF":"2","7H":"2","2C":"2","VP":"2","JF":"2","3M":"2","4X":"2","4V":"2","JJ":"2","RM":"2","QF":"2","63":"2","MP":"2","GP":"2","53":"2","HR":"2","CV":"2","2M":"2","X9":"2","MM":"2","8H":"2","92":"2","5R":"2","PG":"2","QG":"2","MR":"2","GQ":"2","GX":"2","7G":"2","JQ":"2","Q7":"2"},"GQ":{"G6":"2","H6":"2","G5":"2","94":"2","J6":"2","H5":"2","J5":"2","H7":"2","84":"2","J7":"2"},"CP":{"X3":"2","X2":"2"},"VV":{"F7":"2","C4":"2","H7":"2","GC":"2","HC":"2","95":"2","R5":"2","J8":"2","F9":"2","C9":"2","C2":"2","J9":"2","85":"2","94":"2","F6":"2","CC":"2","C3":"2","J2":"2","H8":"2","G7":"2","G8":"2","HF":"2","F8":"2","93":"2","GF":"2","H2":"2","FC":"2","C5":"2","84":"2","J7":"2","G9":"2","JC":"2","G6":"2","H9":"2","HG":"2"}},"RV":{"55":{"85":"2","86":"2","95":"2"},"3X":{"9X":"2","CX":"2"},"M8":{"RV":"2"},"8H":{"35":"2","42":"2","54":"2","45":"2","24":"2","23":"2","53":"2","43":"2","34":"2","44":"2","64":"2","25":"2","37":"2"},"CC":{"PM":"2"},"M2":{"6P":"2"}},"XR":{"4P":{"58":"2"},"G9":{"56":"2"},"P3":{"25":"2"},"JM":{"69":"2"},"PM":{"F6":"2"},"92":{"55":"2","64":"2","54":"2","65":"2","74":"2"},"CQ":{"3C":"2"}},"WR":{"FF":{"2C":"2","27":"2","28":"2","29":"2"},"22":{"66":"2","76":"2","89":"2","C9":"2","75":"2","X9":"2","WF":"2","74":"2","65":"2","52":"2","46":"2","64":"2","WG":"2","36":"2","W9":"2","68":"2"},"35":{"X8":"2","RJ":"2","VM":"2","X7":"2","VJ":"2","VH":"2","WH":"2","X9":"2","XP":"2","RH":"2","RM":"2"},"66":{"HR":"2"},"62":{"GG":"2"},"42":{"G7":"2","M7":"2","6C":"2","75":"2","38":"2","73":"2","62":"2","4J":"2","28":"2","97":"2","G6":"2","4P":"2","7M":"2","3H":"2","F5":"2","54":"2","39":"2","2G":"2","J8":"2","84":"2","64":"2","7V":"2","52":"2","7J":"2","7Q":"2","3F":"2","26":"2","63":"2","3M":"2","5C":"2","7R":"2","59":"2","74":"2","8J":"2","H8":"2","3C":"2","2C":"2","95":"2","37":"2","57":"2","43":"2","53":"2","8R":"2","65":"2","27":"2","29":"2","46":"2","4G":"2","F6":"2","MJ":"2","42":"2","5Q":"2","55":"2","6W":"2","6X":"2","4F":"2","3J":"2","6Q":"2","4C":"2","47":"2","4H":"2","58":"2","4M":"2","67":"2","48":"2","9H":"2","J7":"2","M8":"2","49":"2","69":"2","JM":"2","56":"2","66":"2","JC":"2","MM":"2"},"7F":{"35":"2"},"CF":{"RG":"2","X8":"2","WG":"2","XC":"2","VG":"2","WF":"2","X6":"2","X9":"2","X7":"2","WC":"2"},"45":{"F9":"2","FC":"2"},"J3":{"8V":"2","6W":"2","7W":"2","8W":"2"},"24":{"P4":"2"},"23":{"H6":"2","22":"2","H4":"2","F4":"2","88":"2","H5":"2","23":"2","G5":"2","87":"2","F5":"2","4C":"2","G4":"2","G6":"2"},"33":{"JG":"2"},"82":{"HJ":"2","GJ":"2"},"3X":{"H7":"2"},"48":{"GC":"2","FC":"2"},"43":{"23":"2","33":"2","32":"2","22":"2"},"65":{"4W":"2"},"47":{"Q9":"2"},"34":{"W3":"2","W4":"2"},"52":{"7M":"2","F8":"2","J8":"2","28":"2"},"46":{"C5":"2"},"44":{"73":"2"},"32":{"63":"2","X8":"2","VQ":"2","VR":"2","62":"2","Q6":"2","83":"2","67":"2","75":"2","57":"2","PG":"2","74":"2","84":"2","73":"2","MH":"2"},"8M":{"RC":"2","XQ":"2","WC":"2"},"4Q":{"59":"2","78":"2","69":"2","48":"2"},"36":{"W5":"2","W3":"2","W2":"2","W4":"2"}},"RQ":{"PQ":{"H2":"2"},"HR":{"WF":"2","MJ":"2"},"73":{"CF":"2"},"HQ":{"VR":"2"},"GH":{"JV":"2"},"77":{"6C":"2"},"WV":{"9V":"2","9W":"2","CW":"2","CV":"2"},"54":{"23":"2","VC":"2"},"PP":{"8R":"2","9V":"2","9R":"2","8V":"2","8X":"2","9X":"2","98":"2","8Q":"2","9W":"2","C7":"2","FW":"2","C8":"2","97":"2","8W":"2"},"7V":{"RV":"2"},"52":{"JQ":"2","WJ":"2","GX":"2"},"JQ":{"23":"2"},"CM":{"R7":"2"},"VP":{"FC":"2"},"63":{"57":"2","CH":"2","2H":"2","V4":"2","2G":"2","V3":"2","CJ":"2","9Q":"2"},"VM":{"XR":"2","2Q":"2"},"HJ":{"53":"2"},"JP":{"PG":"2","RG":"2","V3":"2","89":"2","RH":"2","25":"2"},"94":{"57":"2","M5":"2","67":"2","M4":"2","88":"2","CQ":"2"},"23":{"XF":"2","PF":"2","MC":"2","XC":"2","QC":"2","V9":"2","R9":"2","WF":"2","VC":"2","RC":"2","XG":"2","GM":"2","WC":"2","GP":"2"},"93":{"4F":"2"},"95":{"3P":"2","4J":"2","3M":"2"},"32":{"HF":"2"},"53":{"M4":"2","J6":"2","34":"2"},"83":{"2H":"2","PW":"2","MW":"2","37":"2"},"GP":{"8G":"2","8H":"2","3H":"2","6G":"2"},"2Q":{"97":"2","F7":"2","F8":"2","C7":"2","47":"2","98":"2"},"JJ":{"3M":"2","QV":"2","VR":"2","PJ":"2","RW":"2","QJ":"2","RV":"2","2P":"2","QW":"2","2G":"2","2F":"2","QH":"2","3P":"2","PH":"2","2M":"2"},"86":{"GX":"2","FX":"2"},"44":{"X3":"2","X2":"2"},"CV":{"24":"2","F2":"2"},"MJ":{"7Q":"2","GV":"2","6X":"2","8X":"2","GP":"2","6Q":"2","6R":"2","CP":"2","5X":"2","CQ":"2","9V":"2","HQ":"2","CV":"2","FR":"2","JV":"2","8W":"2","2X":"2","JR":"2","7X":"2","7R":"2","5W":"2","JP":"2","7W":"2","8Q":"2","8V":"2","8R":"2","HR":"2","GW":"2","9Q":"2","7V":"2","HM":"2","HV":"2","GR":"2","MQ":"2","6W":"2","9R":"2","CR":"2","FQ":"2","GM":"2","GQ":"2","HW":"2","JQ":"2","FM":"2","2M":"2","9W":"2","HP":"2","FP":"2"},"CH":{"W7":"2","V7":"2","X7":"2"},"42":{"9C":"2","9G":"2"},"FQ":{"29":"2"},"CR":{"FF":"2","9J":"2","HC":"2","MC":"2","CM":"2","FG":"2","GG":"2","9H":"2","JF":"2","HF":"2","GF":"2","P7":"2","JC":"2"},"C3":{"GP":"2"},"HP":{"24":"2"},"RV":{"F6":"2"},"87":{"F2":"2","Q5":"2","G2":"2"},"6X":{"7M":"2"},"24":{"G3":"2"},"98":{"2W":"2","2V":"2","2X":"2","3W":"2"},"F2":{"69":"2"},"MP":{"J4":"2","J8":"2","M8":"2","H9":"2","6F":"2","R9":"2","H8":"2","45":"2","W2":"2","J9":"2"},"99":{"22":"2"},"33":{"2F":"2","3F":"2"},"PR":{"XP":"2","WQ":"2","XQ":"2"},"92":{"5M":"2","3J":"2","6G":"2","5G":"2"},"WP":{"4H":"2"},"88":{"XX":"2","XW":"2","XV":"2","VQ":"2","XQ":"2","VR":"2","XR":"2","XH":"2","WQ":"2","WR":"2"},"9V":{"2C":"2"},"72":{"HJ":"2","8P":"2","QJ":"2","JJ":"2","9P":"2","2H":"2","QH":"2","2W":"2"},"JM":{"RF":"2","MF":"2","R9":"2","Q7":"2","P9":"2","XP":"2","PH":"2","MG":"2","VH":"2","MC":"2","V7":"2","MJ":"2","QC":"2","XR":"2","R8":"2","W8":"2","RC":"2","WH":"2","XQ":"2","QH":"2","QG":"2","Q9":"2","VF":"2","RG":"2","R7":"2","PC":"2","V6":"2","PG":"2"},"MM":{"75":"2","62":"2","77":"2","7M":"2","GW":"2","52":"2","7J":"2","63":"2","FW":"2","76":"2","GJ":"2","FV":"2","2P":"2","37":"2","43":"2","53":"2","65":"2","2Q":"2","7P":"2","42":"2","C3":"2","7H":"2","24":"2","36":"2","8P":"2","C4":"2","8M":"2","QW":"2","72":"2","66":"2","82":"2"},"VV":{"WP":"2"},"82":{"JJ":"2","MV":"2"}},"XQ":{"7G":{"7Q":"2"},"6H":{"W5":"2"},"M2":{"WR":"2","WP":"2","VP":"2","VQ":"2","WQ":"2"},"F3":{"X9":"2"}},"QW":{"W7":{"H7":"2"},"4C":{"84":"2"}},"QR":{"Q4":{"FF":"2","5X":"2","2Q":"2","4V":"2","3R":"2","8X":"2","2V":"2","6X":"2","5W":"2","3V":"2","4W":"2","5V":"2","6W":"2","7J":"2","7H":"2","2R":"2","7X":"2"},"P4":{"XV":"2","WV":"2","WW":"2","XR":"2","XW":"2","RW":"2"},"2P":{"FJ":"2"},"94":{"8C":"2","8F":"2","9F":"2"},"J3":{"98":"2","99":"2"},"P3":{"9G":"2"},"H3":{"53":"2"},"H2":{"4P":"2","3M":"2","4V":"2","6Q":"2","3G":"2","5V":"2","3J":"2","2H":"2"},"52":{"7G":"2"},"R4":{"7W":"2","8W":"2","7X":"2","8X":"2"},"Q5":{"62":"2","52":"2"},"Q3":{"CG":"2"}},"RP":{"2X":{"5V":"2","CV":"2"},"4X":{"PQ":"2"}},"VV":{"35":{"GH":"2","8G":"2","9G":"2","8F":"2","HH":"2","GG":"2","HG":"2","9J":"2"},"J2":{"J6":"2"},"XC":{"R2":"2","Q2":"2"},"CJ":{"4G":"2"},"X9":{"QX":"2"},"F3":{"8M":"2"},"84":{"QF":"2"}}}}