{"index":{"university,1|retail,2|tourism,3|wreck,4|historical,5|artsCulture,6|namedBuilding,7|water,8|wetland,9|park,10|beach,11|natureReserve,12|cemetery,13|trail,14":{}},"4Q":{"VW":{"55":{"FQ":"2","FP":"2","CM":"2"},"24":{"CM":"2"},"7J":{"97":"2","96":"2","98":"2","88":"2","86":"2","78":"2","87":"2","77":"2"},"83":{"XX":"2"},"2R":{"GP":"2","GQ":"2","HQ":"2","FV":"2"},"36":{"JQ":"2"},"M2":{"3R":"2","3V":"2"},"84":{"V2":"2"},"49":{"92":"2"},"3M":{"C9":"2","F9":"2","FC":"2"},"48":{"GX":"2"}},"WW":{"9H":{"3H":"2"},"V9":{"9W":"2","8W":"2"},"FJ":{"F4":"2"},"4C":{"6C":"2","6F":"2","7F":"2","7C":"2"},"HQ":{"25":"2"},"9M":{"Q2":"2"},"WM":{"7C":"2","6C":"2","7F":"2","6G":"2","7G":"2","4H":"2","8F":"2","6F":"2"}},"QQ":{"8Q":{"F3":"2"},"7R":{"6H":"2","3R":"2","JX":"2","FV":"2","FW":"2"},"7V":{"G8":"2","G7":"2","J5":"2","M3":"2","73":"2","62":"2","H5":"2","G6":"2","G9":"2","F5":"2","84":"2","F9":"2","52":"2","Q2":"2","C6":"2","5C":"2","G4":"2","94":"2","96":"2","95":"2","J3":"2","83":"2","F8":"2","Q3":"2","H4":"2","F6":"2","F4":"2","J4":"2","C5":"2","4F":"2","4C":"2","C4":"2","H6":"2","5F":"2","H7":"2","G5":"2","F7":"2","F3":"2","FC":"2","GC":"2"},"PP":{"PH":"2","PG":"2","PF":"2","MF":"2","MG":"2","QH":"2"},"MV":{"5H":"2"},"9F":{"G9":"2","H8":"2"}},"V3":{"2J":{"9V":"2","CV":"2"},"RQ":{"5H":"2","2J":"2","7H":"2","2H":"2"}},"VX":{"CH":{"97":"2","96":"2"}},"RX":{"23":{"5J":"2"}},"QV":{"XV":{"M2":"2","H6":"2","H4":"2","F7":"2","H7":"2","G3":"2","F9":"2","C9":"2","J3":"2","F6":"2","CC":"2","J2":"2","G7":"2","H5":"2","H3":"2","G8":"2","J4":"2","F8":"2","G5":"2","H2":"2","FC":"2","G4":"2","G9":"2","G6":"2"},"3R":{"Q2":"2"},"XR":{"JW":"2","MX":"2","HX":"2","JV":"2","JX":"2"},"JM":{"GG":"2"},"HW":{"G9":"2","J8":"2","G8":"2","H8":"2","M7":"2"},"29":{"5X":"2","6X":"2"},"2C":{"52":"2"},"WH":{"W5":"2"},"33":{"M6":"2"},"PQ":{"R4":"2"},"3Q":{"RW":"2"},"WG":{"FW":"2"},"6H":{"HW":"2"}},"XV":{"H5":{"28":"2"}},"WM":{"32":{"C6":"2","C5":"2"}},"V4":{"XQ":{"CW":"2"}},"VP":{"7R":{"HP":"2"},"56":{"X8":"2"},"55":{"WR":"2"},"66":{"35":"2","38":"2","47":"2","36":"2","26":"2","37":"2"},"HG":{"WJ":"2","WM":"2"}},"VM":{"JW":{"FP":"2"},"VM":{"PC":"2","GW":"2","33":"2","PF":"2","FF":"2","FG":"2"}},"RR":{"7F":{"XW":"2","XV":"2","XF":"2","WJ":"2","XR":"2","WV":"2","WW":"2","WH":"2","WF":"2","XH":"2","XP":"2","XG":"2","WG":"2","XJ":"2"},"7G":{"X2":"2"},"8F":{"2J":"2","2H":"2","2G":"2","2F":"2","3F":"2"},"87":{"5C":"2","5F":"2"},"VC":{"6C":"2","7C":"2","59":"2","69":"2"},"3H":{"Q9":"2"},"8W":{"8C":"2","8G":"2","8F":"2","FF":"2","FG":"2"}},"QX":{"63":{"H3":"2","G2":"2"},"R3":{"HM":"2","FM":"2","FP":"2","GM":"2"},"H4":{"RF":"2","RH":"2"},"RW":{"G9":"2","H9":"2","GC":"2","HC":"2"},"62":{"CP":"2"},"G2":{"3P":"2","VM":"2","73":"2"},"4J":{"8F":"2"},"XR":{"FV":"2"},"CH":{"MW":"2","JW":"2","MX":"2","HX":"2","JX":"2","PX":"2"},"F3":{"M4":"2","Q3":"2","X3":"2","P3":"2","M3":"2","Q4":"2","P4":"2","P2":"2","Q2":"2"},"F2":{"XV":"2","XX":"2","XW":"2"},"CJ":{"RF":"2","RC":"2","P2":"2","M2":"2"},"RX":{"9J":"2","8R":"2","CQ":"2","FJ":"2","9R":"2","CM":"2","9M":"2","8Q":"2","CP":"2","9P":"2","9Q":"2","GJ":"2","6H":"2"},"WW":{"CX":"2"},"8Q":{"VJ":"2"},"38":{"P7":"2","P3":"2"},"4F":{"J9":"2"},"C7":{"GV":"2","GW":"2","HW":"2","HV":"2"},"XM":{"6C":"2","88":"2","7C":"2","99":"2","53":"2"},"JJ":{"X3":"2"},"87":{"WJ":"2"},"F5":{"H2":"2"},"H2":{"5P":"2","5Q":"2","6M":"2"},"WQ":{"VC":"2"},"73":{"RQ":"2"},"8M":{"F2":"2"},"6H":{"W5":"2","V9":"2","W4":"2","W9":"2"}},"W2":{"XV":{"QC":"2","Q9":"2","P9":"2"}},"RW":{"QJ":{"V4":"2","V9":"2","V3":"2","W3":"2","V2":"2","W2":"2","W4":"2","V8":"2"},"4J":{"5H":"2","HJ":"2","GF":"2","XC":"2","VF":"2","JF":"2","9Q":"2"},"P8":{"PW":"2"},"P9":{"Q4":"2"},"3M":{"W5":"2"},"GJ":{"25":"2"},"RW":{"X9":"2"},"J9":{"RV":"2"},"X7":{"89":"2","99":"2"},"FV":{"2R":"2"},"2M":{"62":"2"},"V7":{"WW":"2","WX":"2","4W":"2"},"8W":{"FR":"2","CR":"2","8Q":"2","8P":"2","GH":"2","GJ":"2","HH":"2","HG":"2","9Q":"2"},"2R":{"49":"2","48":"2"},"F6":{"68":"2","6F":"2"},"42":{"P4":"2"},"RJ":{"35":"2","44":"2","45":"2","34":"2"},"J6":{"X4":"2","X5":"2","W5":"2","W4":"2"},"CQ":{"P5":"2"},"R8":{"72":"2","82":"2"},"3J":{"PF":"2","JF":"2"},"HV":{"QR":"2","QV":"2"},"QH":{"WV":"2"},"4M":{"7G":"2"},"3P":{"MC":"2","MF":"2"},"6J":{"CG":"2"},"R7":{"CX":"2"},"Q4":{"79":"2"},"5J":{"97":"2","85":"2","J2":"2","96":"2","76":"2","86":"2","95":"2","87":"2","77":"2"},"R2":{"63":"2","72":"2","76":"2","95":"2","89":"2","88":"2","7F":"2","92":"2","54":"2","75":"2","55":"2","8F":"2","96":"2","C6":"2","65":"2","56":"2","C5":"2","64":"2"}},"PV":{"7W":{"JQ":"2","MP":"2","MR":"2","MQ":"2","JP":"2"},"8J":{"WR":"2","WP":"2","WV":"2","VC":"2","WF":"2","VR":"2","VQ":"2","XP":"2","WQ":"2","WC":"2","WM":"2"},"67":{"56":"2","57":"2"},"5H":{"87":"2"},"38":{"M4":"2"},"WP":{"7W":"2"},"96":{"F4":"2"},"XP":{"4J":"2"},"25":{"JH":"2","HH":"2"},"36":{"2V":"2"},"XJ":{"J4":"2","M4":"2","J3":"2"},"6H":{"72":"2"}},"W3":{"JQ":{"5Q":"2","5R":"2"},"RM":{"22":"2"},"MP":{"HP":"2","HQ":"2"}},"W9":{"42":{"2C":"2"}},"PX":{"8V":{"44":"2","36":"2","34":"2","43":"2"},"V4":{"XV":"2","XR":"2"},"W5":{"65":"2"},"PF":{"V4":"2","W3":"2"},"MF":{"WX":"2"},"MG":{"W2":"2"},"V2":{"MP":"2"},"88":{"GV":"2","5P":"2","7Q":"2","6Q":"2","5Q":"2","HV":"2","6P":"2"},"V7":{"HG":"2","JG":"2","GF":"2","F5":"2","C2":"2","8J":"2","9J":"2","PW":"2","HH":"2","HF":"2","F4":"2","CH":"2","JF":"2","C5":"2","C4":"2","PR":"2","QW":"2","HC":"2","9H":"2","JH":"2","JC":"2"}},"PW":{"G8":{"WP":"2","RX":"2","J3":"2","VX":"2","VW":"2","WM":"2"},"FM":{"97":"2","98":"2","88":"2","8M":"2","87":"2","9J":"2"},"RF":{"FQ":"2","CQ":"2","HC":"2","9V":"2","CR":"2","HM":"2","CM":"2","5W":"2","9M":"2","5H":"2","9F":"2","5V":"2","FR":"2","9W":"2","6J":"2","5J":"2","7M":"2","GM":"2","6H":"2"},"MF":{"CC":"2"},"G9":{"R2":"2","4V":"2"},"WV":{"P3":"2","M7":"2","C7":"2","J5":"2","M5":"2","J8":"2","P5":"2","V2":"2","P4":"2","W2":"2","P7":"2","J6":"2","J4":"2","FG":"2","98":"2","P2":"2","P6":"2","C8":"2","FF":"2","M6":"2","J7":"2","M8":"2","M4":"2","GC":"2"},"GW":{"3G":"2","3F":"2"},"VJ":{"QJ":"2","RH":"2","RJ":"2","QH":"2"},"XV":{"38":"2","65":"2","27":"2","28":"2"},"XP":{"RG":"2","X8":"2","W8":"2","V7":"2","MP":"2","V8":"2","PP":"2","V9":"2","X9":"2","RF":"2","G8":"2","W7":"2","R9":"2","PM":"2","RC":"2","W9":"2"},"VM":{"26":"2"},"HJ":{"JP":"2"},"RR":{"HP":"2","GP":"2"},"PH":{"H4":"2","J4":"2","G3":"2","G5":"2","G4":"2","J3":"2","H3":"2","5J":"2"},"94":{"W5":"2","W4":"2"},"H8":{"3C":"2","35":"2","38":"2","29":"2","39":"2"},"VH":{"X4":"2","V4":"2","X3":"2","W3":"2","V5":"2","W4":"2"},"WX":{"V8":"2"},"PV":{"RR":"2","QR":"2","RQ":"2","VV":"2","VQ":"2","QV":"2","RV":"2","QQ":"2"},"XH":{"XR":"2","F3":"2","M9":"2","RG":"2","XF":"2","C4":"2","V4":"2","M5":"2","M6":"2","G3":"2","XG":"2","C5":"2","VG":"2","X5":"2","R4":"2","R3":"2","VF":"2","G2":"2","G6":"2","FC":"2","P6":"2","G7":"2","Q4":"2","XQ":"2","W4":"2","F6":"2","W5":"2","C3":"2","V5":"2","Q5":"2","R5":"2","RC":"2","QH":"2","J3":"2","F5":"2","QG":"2","Q9":"2","RH":"2","P5":"2","C2":"2","P4":"2","G5":"2","H2":"2","F4":"2","H5":"2","WC":"2"},"XJ":{"H7":"2","HM":"2","J8":"2","F3":"2","M8":"2","RX":"2","5G":"2","H8":"2","J7":"2","G9":"2","M9":"2"},"MC":{"RX":"2"},"XG":{"PV":"2","XR":"2","VR":"2","GP":"2","9F":"2","68":"2","7G":"2","JF":"2","JM":"2","XF":"2","CP":"2","PC":"2","VP":"2","MR":"2","GF":"2","PF":"2","CQ":"2","MV":"2","MF":"2","7F":"2","6F":"2","VC":"2","CM":"2","QW":"2","HF":"2","5P":"2","RW":"2","35":"2","FR":"2","JV":"2","VF":"2","JR":"2","PW":"2","HC":"2","W6":"2","MX":"2","9M":"2","RF":"2","JC":"2","MW":"2","WF":"2","CJ":"2","PR":"2","XQ":"2","8Q":"2","8R":"2","J7":"2","XC":"2","M7":"2","9G":"2","HM":"2","JJ":"2","QF":"2","WQ":"2","RC":"2","QQ":"2","5Q":"2","QC":"2","JW":"2","CG":"2","M8":"2","JX":"2","J8":"2","RQ":"2","HP":"2","VQ":"2","MC":"2","9J":"2","RR":"2","WC":"2"},"F6":{"P9":"2"},"MJ":{"2C":"2"},"FQ":{"WG":"2","VG":"2","XM":"2","XJ":"2","XP":"2","XQ":"2","WM":"2","WH":"2","VH":"2"},"JF":{"57":"2"},"RH":{"32":"2"},"XR":{"86":"2","H7":"2","J2":"2","69":"2","96":"2","C6":"2","F5":"2","H2":"2","C5":"2","68":"2"},"C5":{"HX":"2"},"VG":{"PV":"2","2G":"2","42":"2","62":"2","52":"2","3G":"2","WG":"2","48":"2","47":"2","7G":"2","JF":"2","PC":"2","M3":"2","GF":"2","3P":"2","PF":"2","MF":"2","7F":"2","XH":"2","VG":"2","PX":"2","VC":"2","6M":"2","QW":"2","HF":"2","66":"2","FV":"2","WW":"2","VF":"2","R9":"2","PW":"2","79":"2","HC":"2","MP":"2","6J":"2","FC":"2","RF":"2","JC":"2","FF":"2","WF":"2","25":"2","QV":"2","8Q":"2","XJ":"2","V9":"2","WH":"2","5F":"2","26":"2","XM":"2","63":"2","V5":"2","89":"2","78":"2","8P":"2","GC":"2","QX":"2","RC":"2","WP":"2","QC":"2","3Q":"2","VH":"2","M2":"2","H6":"2","GG":"2","P8":"2","88":"2","53":"2","MC":"2","FP":"2","WC":"2"},"WR":{"WX":"2"},"RQ":{"C4":"2","96":"2","94":"2","84":"2"},"WH":{"FR":"2","97":"2","GR":"2","C2":"2","GW":"2","JQ":"2","FW":"2","RR":"2","P4":"2","8J":"2","96":"2","45":"2","FV":"2","J3":"2","32":"2","H3":"2","43":"2","PW":"2","86":"2","H4":"2","7P":"2","42":"2","C3":"2","J4":"2","87":"2","RQ":"2","XQ":"2","MR":"2","8M":"2","33":"2","QW":"2","GV":"2","F7":"2","MQ":"2","M4":"2"},"XQ":{"R5":"2","JQ":"2","MP":"2","HV":"2","R6":"2","MM":"2","HX":"2","Q6":"2","JX":"2","R4":"2","JP":"2"},"QH":{"H4":"2","J4":"2","G3":"2","J2":"2","G4":"2","J3":"2","CC":"2","VQ":"2","P2":"2","H3":"2","H2":"2"},"QG":{"PP":"2","MR":"2","MV":"2","JV":"2","PM":"2","JR":"2"},"CJ":{"XF":"2","R8":"2","XC":"2","V8":"2","X9":"2","WF":"2","VF":"2","VC":"2","WC":"2","W9":"2"},"QM":{"G9":"2"},"VF":{"MW":"2","6C":"2","4W":"2","JG":"2","4P":"2","JR":"2","6G":"2","5H":"2","JQ":"2","7Q":"2","5V":"2","5G":"2","2C":"2","5X":"2","9J":"2","PV":"2","6R":"2","4Q":"2","4X":"2","4V":"2","6P":"2","7P":"2","5Q":"2","JF":"2","9G":"2","6W":"2","6X":"2","5R":"2","5P":"2","MX":"2","5W":"2","6Q":"2","6V":"2","5F":"2","6F":"2","6M":"2","6J":"2","6H":"2","7C":"2","FX":"2","9F":"2","4R":"2"},"PF":{"C6":"2","JJ":"2","MM":"2","MJ":"2","JM":"2","F5":"2","F6":"2","C5":"2"},"HX":{"Q9":"2","V9":"2","RF":"2","R9":"2","VF":"2","VC":"2","RC":"2"},"RG":{"X8":"2","XG":"2","XF":"2"},"WF":{"3Q":"2","2Q":"2","3R":"2","2R":"2"},"PC":{"9V":"2"},"WJ":{"W9":"2"},"XW":{"79":"2","76":"2","69":"2","77":"2"},"FJ":{"8P":"2","7P":"2","GW":"2","7Q":"2","HW":"2","JG":"2","GX":"2"},"GQ":{"3G":"2","3F":"2"},"WG":{"4W":"2","C7":"2","M3":"2","GF":"2","HQ":"2","4P":"2","F9":"2","2F":"2","5V":"2","2W":"2","J9":"2","6R":"2","2M":"2","8W":"2","4Q":"2","2R":"2","F8":"2","2J":"2","4V":"2","5Q":"2","3R":"2","HP":"2","6W":"2","5R":"2","8V":"2","3W":"2","3V":"2","6Q":"2","C9":"2","6V":"2","3Q":"2","C8":"2","3P":"2","FF":"2","F7":"2","M4":"2","2V":"2","FC":"2","4R":"2"},"VV":{"QQ":"2"}},"X3":{"6C":{"8M":"2"},"5F":{"VQ":"2"},"6F":{"HM":"2","PP":"2","F8":"2","X8":"2","QP":"2","PJ":"2","XC":"2","WJ":"2","MM":"2","XJ":"2","G8":"2","6V":"2","JM":"2","F6":"2","X9":"2","9Q":"2"},"7F":{"58":"2","3G":"2","29":"2","94":"2","3F":"2","2C":"2","C3":"2","93":"2","2F":"2","3C":"2"},"25":{"W9":"2"}},"R3":{"5V":{"5V":"2","4X":"2","6X":"2"},"8R":{"X7":"2"},"5W":{"62":"2","65":"2","75":"2"},"4V":{"RR":"2","QG":"2","QR":"2","RQ":"2","RV":"2"}},"XX":{"M8":{"QP":"2"}},"V5":{"JJ":{"X8":"2"}},"VQ":{"55":{"7C":"2","95":"2","36":"2","R8":"2","58":"2","34":"2","42":"2","62":"2","G9":"2","52":"2","6C":"2","28":"2","32":"2","22":"2","F3":"2","99":"2","48":"2","M9":"2","9F":"2","R6":"2","P7":"2","47":"2","68":"2","JF":"2","F8":"2","93":"2","V7":"2","PC":"2","C4":"2","4C":"2","M3":"2","C7":"2","27":"2","5C":"2","GF":"2","49":"2","M5":"2","M6":"2","G3":"2","PF":"2","MF":"2","H8":"2","V8":"2","C5":"2","7F":"2","86":"2","J4":"2","9C":"2","24":"2","6F":"2","F9":"2","HF":"2","C9":"2","Q6":"2","H3":"2","77":"2","35":"2","85":"2","66":"2","29":"2","73":"2","H4":"2","CC":"2","R9":"2","G4":"2","79":"2","HC":"2","56":"2","J6":"2","84":"2","94":"2","F7":"2","G6":"2","G2":"2","FC":"2","P6":"2","55":"2","R7":"2","8C":"2","G7":"2","46":"2","JC":"2","FF":"2","25":"2","87":"2","2C":"2","Q4":"2","59":"2","83":"2","33":"2","J7":"2","P9":"2","8F":"2","57":"2","M7":"2","4F":"2","F6":"2","5F":"2","76":"2","26":"2","J2":"2","Q7":"2","63":"2","G8":"2","39":"2","44":"2","97":"2","F2":"2","C3":"2","75":"2","M4":"2","98":"2","2F":"2","89":"2","78":"2","72":"2","GC":"2","Q5":"2","QC":"2","J3":"2","96":"2","65":"2","67":"2","M2":"2","J9":"2","H7":"2","37":"2","F5":"2","H6":"2","64":"2","J5":"2","M8":"2","C8":"2","Q9":"2","82":"2","P3":"2","74":"2","P8":"2","Q8":"2","88":"2","69":"2","P5":"2","J8":"2","C2":"2","P4":"2","3C":"2","54":"2","G5":"2","H2":"2","53":"2","3F":"2","CF":"2","C6":"2","38":"2","F4":"2","45":"2","MC":"2","H5":"2","H9":"2","43":"2","92":"2"},"54":{"5X":"2","4X":"2","8X":"2","7W":"2","CX":"2","6X":"2","9X":"2","9W":"2","6W":"2","FX":"2","GX":"2","HX":"2","3X":"2","FW":"2","CW":"2","7X":"2","8W":"2"},"45":{"X9":"2","V8":"2","X5":"2","XC":"2","V3":"2","W7":"2","X8":"2","V4":"2","V2":"2","W6":"2","V9":"2","W2":"2","X6":"2","XF":"2","X7":"2","W3":"2","W9":"2","VC":"2","WC":"2","W8":"2","VG":"2","R4":"2","VF":"2","WF":"2","WG":"2"}},"RV":{"5R":{"MC":"2","PC":"2","MF":"2","M9":"2"},"XG":{"FF":"2","HR":"2","9J":"2","FJ":"2","JG":"2","CM":"2","8H":"2","6G":"2","CJ":"2","CF":"2","CC":"2","FM":"2","9H":"2","CP":"2","HV":"2","FP":"2","FC":"2","CW":"2","MM":"2","6H":"2","HG":"2"},"3J":{"9H":"2","9G":"2","CF":"2","CJ":"2","8H":"2"},"2M":{"VV":"2","VR":"2","RW":"2","RV":"2"},"XX":{"HX":"2"},"XH":{"6C":"2","R9":"2","64":"2","7Q":"2","8F":"2","7G":"2","8G":"2","7P":"2","J2":"2","98":"2","8P":"2","F2":"2","99":"2","8M":"2","C9":"2","6M":"2","7F":"2"},"CW":{"2H":"2"},"2P":{"P5":"2","P6":"2","Q7":"2","P7":"2","M8":"2","P8":"2","M7":"2"}},"XR":{"CV":{"QX":"2","PW":"2","QV":"2","QW":"2","PX":"2"}},"WR":{"RR":{"2G":"2","2F":"2"}},"MX":{"5V":{"F7":"2","C4":"2","H7":"2","C2":"2","F6":"2","C3":"2","G7":"2","C5":"2","G6":"2"},"2Q":{"J4":"2","P3":"2","J5":"2"},"2R":{"H4":"2"},"VJ":{"FX":"2"}},"RQ":{"56":{"2M":"2"},"XF":{"35":"2","36":"2","27":"2","26":"2","37":"2","34":"2"},"WF":{"W8":"2","V9":"2","X6":"2"},"CQ":{"J4":"2","M4":"2","Q5":"2"},"VH":{"83":"2"}},"JX":{"RQ":{"M6":"2","P5":"2","P6":"2","Q3":"2","P7":"2","P3":"2","P4":"2","M8":"2","5X":"2","F4":"2","P2":"2","M7":"2","Q2":"2"},"XQ":{"38":"2"},"RP":{"PX":"2"}},"PR":{"2Q":{"WP":"2","WQ":"2"},"2X":{"G2":"2"}},"QW":{"MW":{"68":"2","57":"2","58":"2"},"G8":{"XX":"2"},"PQ":{"GC":"2"},"HG":{"66":"2","65":"2"},"4J":{"2P":"2","42":"2","62":"2","52":"2","32":"2","3J":"2","F3":"2","48":"2","M9":"2","JM":"2","93":"2","CP":"2","3R":"2","VP":"2","HH":"2","49":"2","G3":"2","MV":"2","PX":"2","F9":"2","HQ":"2","66":"2","73":"2","JR":"2","56":"2","X2":"2","G2":"2","JP":"2","GJ":"2","83":"2","P9":"2","FJ":"2","4Q":"2","J2":"2","HM":"2","63":"2","39":"2","VM":"2","F2":"2","C3":"2","89":"2","72":"2","W2":"2","96":"2","3Q":"2","67":"2","M2":"2","RP":"2","37":"2","Q2":"2","82":"2","RM":"2","C2":"2","53":"2","HP":"2","38":"2","43":"2","92":"2"},"FM":{"CQ":"2"},"4P":{"J3":"2","4X":"2","H2":"2"},"G9":{"X3":"2","X2":"2","W3":"2","W4":"2"},"7M":{"RM":"2","GH":"2","97":"2","MF":"2","J8":"2","M9":"2","P9":"2","GJ":"2","96":"2","H8":"2","J9":"2","H9":"2","J3":"2","H3":"2","MC":"2","V7":"2","86":"2","4G":"2","CH":"2","RH":"2","QP":"2","R4":"2","QM":"2","H7":"2","CG":"2","HC":"2","PC":"2","M8":"2","J7":"2","RP":"2","FJ":"2","JC":"2"},"3H":{"V8":"2","83":"2","3Q":"2","Q5":"2","9X":"2","HW":"2","87":"2","8W":"2","79":"2","8R":"2","W9":"2","WW":"2","3R":"2","VR":"2","FC":"2","QC":"2","6G":"2","5F":"2","G8":"2","HQ":"2","7X":"2","2R":"2","RG":"2","97":"2","5X":"2","XF":"2","PC":"2","JX":"2","89":"2","9G":"2","5W":"2","PH":"2","23":"2","88":"2","46":"2","VF":"2","GR":"2","4P":"2","59":"2","JV":"2","QW":"2","P8":"2","9V":"2","Q9":"2","5C":"2","XJ":"2","PF":"2","JH":"2","Q4":"2","47":"2","V9":"2","4R":"2","4J":"2","8Q":"2","FX":"2","P7":"2","FW":"2","CX":"2","RV":"2","M8":"2","9W":"2","9Q":"2","8C":"2","MH":"2","R4":"2","XV":"2","5G":"2","GH":"2","5P":"2","GV":"2","FQ":"2","HV":"2","VW":"2","HX":"2","RW":"2","G9":"2","MV":"2","HH":"2","2G":"2","Q8":"2","CW":"2","GW":"2","F2":"2","VH":"2","3G":"2","GM":"2","MW":"2","QV":"2","M3":"2","MX":"2","GG":"2","W3":"2","JW":"2","7C":"2","5V":"2","XH":"2","FR":"2","62":"2","G6":"2","G5":"2","2J":"2","HM":"2","G7":"2","96":"2","99":"2","6C":"2","3J":"2","7F":"2","4Q":"2","PW":"2","X8":"2","C9":"2","MG":"2","W6":"2","WF":"2","P6":"2","WV":"2","R9":"2","G4":"2","7H":"2","32":"2","JF":"2","3M":"2","9F":"2","QX":"2","J9":"2","8F":"2","4M":"2","G3":"2","4X":"2","2H":"2","2Q":"2","84":"2","G2":"2","JG":"2","W2":"2","9C":"2","P9":"2","3H":"2","5Q":"2","63":"2","33":"2","5M":"2","F3":"2","CV":"2","57":"2","8X":"2","2M":"2","X7":"2","9R":"2","VV":"2","W8":"2","8G":"2","8V":"2","98":"2","5R":"2","F6":"2","RC":"2","R5":"2","86":"2","PG":"2","M9":"2","QG":"2","QQ":"2","GQ":"2","GX":"2","7G":"2","W5":"2","73":"2","V3":"2","Q7":"2"},"GR":{"W5":"2","W6":"2"},"6G":{"63":"2","54":"2","F5":"2","F4":"2","53":"2"},"GW":{"69":"2","FW":"2"},"2G":{"RM":"2","6C":"2","97":"2","3H":"2","2G":"2","F9":"2","3F":"2","2F":"2","2H":"2","VP":"2","VM":"2","5C":"2","59":"2","96":"2","3C":"2","H8":"2","2C":"2","65":"2","FP":"2","F8":"2","2J":"2","CH":"2","FQ":"2","98":"2","68":"2","3J":"2","6Q":"2","MP":"2","99":"2","CC":"2","C9":"2","58":"2","3G":"2","C8":"2","9H":"2","F7":"2","7C":"2","8C":"2","69":"2","R5":"2","RP":"2","7F":"2"},"GX":{"GW":"2","CR":"2","8H":"2","RP":"2","HW":"2","QM":"2","54":"2","RX":"2","QQ":"2","GR":"2","GV":"2","HV":"2","CW":"2","FV":"2","8G":"2","QP":"2"},"5H":{"2J":"2","24":"2","62":"2","23":"2","32":"2","6W":"2","5V":"2","2X":"2","22":"2","7W":"2","2R":"2","27":"2","25":"2","7X":"2","26":"2","6X":"2"},"7J":{"9G":"2","54":"2","2C":"2","CG":"2","6G":"2","5G":"2","53":"2"},"8H":{"M6":"2","M5":"2","H6":"2","J6":"2","J5":"2","H7":"2","V8":"2"},"Q2":{"G7":"2","G9":"2"},"7Q":{"J8":"2","J9":"2"},"3F":{"XV":"2","RR":"2","WR":"2","XR":"2","HV":"2","JW":"2","VV":"2","VR":"2","PV":"2","MV":"2","JV":"2","WQ":"2","RV":"2","XQ":"2","FX":"2","FW":"2"},"9W":{"G8":"2"},"2H":{"P3":"2","HR":"2","FR":"2","WQ":"2","4W":"2","M3":"2","GF":"2","MF":"2","V8":"2","GR":"2","JR":"2","54":"2","6G":"2","VX":"2","2G":"2","84":"2","JQ":"2","3F":"2","2F":"2","2H":"2","G4":"2","7R":"2","P4":"2","59":"2","V9":"2","5G":"2","8F":"2","J9":"2","J3":"2","7G":"2","MC":"2","8G":"2","43":"2","V7":"2","HF":"2","46":"2","44":"2","4V":"2","4G":"2","H4":"2","XX":"2","F4":"2","CR":"2","JF":"2","5M":"2","55":"2","WC":"2","4F":"2","9R":"2","4C":"2","XQ":"2","CC":"2","99":"2","MR":"2","C9":"2","33":"2","5F":"2","48":"2","6F":"2","HC":"2","CG":"2","34":"2","6M":"2","9V":"2","MQ":"2","9C":"2","8C":"2","9F":"2","CF":"2","49":"2","GC":"2","JC":"2","7F":"2"},"3M":{"QJ":"2","P3":"2","RM":"2","62":"2","77":"2","W4":"2","X5":"2","C2":"2","P5":"2","8H":"2","P9":"2","X2":"2","V4":"2","76":"2","PH":"2","JP":"2","P4":"2","22":"2","74":"2","J9":"2","W3":"2","32":"2","Q5":"2","65":"2","PJ":"2","85":"2","F6":"2","V5":"2","RJ":"2","55":"2","7H":"2","GG":"2","P2":"2","F2":"2","99":"2","QG":"2","QF":"2","X4":"2","PF":"2","W5":"2","F7":"2","WF":"2","PC":"2","56":"2","WG":"2","PG":"2","66":"2","R2":"2"},"5V":{"HP":"2","GM":"2","4V":"2"},"5G":{"23":"2","36":"2","34":"2","42":"2","6C":"2","6X":"2","5R":"2","32":"2","2W":"2","6Q":"2","47":"2","7G":"2","JF":"2","6R":"2","7H":"2","5G":"2","7M":"2","4R":"2","JG":"2","86":"2","24":"2","6M":"2","3V":"2","5J":"2","35":"2","85":"2","2X":"2","X2":"2","6J":"2","5W":"2","G6":"2","4J":"2","G7":"2","46":"2","25":"2","87":"2","33":"2","7J":"2","F6":"2","4H":"2","26":"2","44":"2","97":"2","3X":"2","98":"2","6W":"2","2V":"2","3H":"2","5Q":"2","6V":"2","5H":"2","W2":"2","C8":"2","6H":"2","54":"2","53":"2","45":"2","43":"2","3W":"2","92":"2"},"7W":{"PW":"2","PV":"2","QV":"2","QW":"2"},"5X":{"H4":"2","J8":"2","H3":"2"},"9J":{"3R":"2","2V":"2","2R":"2","3V":"2"},"2P":{"35":"2","2J":"2","VV":"2","24":"2","23":"2","33":"2","G5":"2","34":"2","VW":"2"},"6R":{"6X":"2"},"8G":{"WJ":"2","XM":"2","XJ":"2","WM":"2"},"2R":{"6F":"2","4C":"2","6G":"2","5G":"2"},"2J":{"M2":"2","QV":"2","XV":"2","VQ":"2","P5":"2","W5":"2","V5":"2","W4":"2","V7":"2","M5":"2","P8":"2","R5":"2","X4":"2","W2":"2","V4":"2","FH":"2","2C":"2","F6":"2","CC":"2","VP":"2","PV":"2","XM":"2","Q8":"2","WP":"2","53":"2","RR":"2","2F":"2","G5":"2","JP":"2","P7":"2","F5":"2","X3":"2","XP":"2","Q7":"2","Q5":"2","WG":"2","G6":"2"},"4G":{"87":"2","W9":"2","CP":"2","XQ":"2","HJ":"2","WW":"2","5F":"2","M5":"2","P4":"2","7X":"2","FF":"2","97":"2","5X":"2","XF":"2","CJ":"2","27":"2","JX":"2","89":"2","V2":"2","5W":"2","5J":"2","7J":"2","PH":"2","FH":"2","6J":"2","XR":"2","FJ":"2","H9":"2","59":"2","QW":"2","9V":"2","5C":"2","XJ":"2","JH":"2","QH":"2","7V":"2","WQ":"2","GF":"2","Q4":"2","XG":"2","GJ":"2","V9":"2","48":"2","6V":"2","4J":"2","8Q":"2","J7":"2","CQ":"2","FX":"2","R6":"2","X5":"2","93":"2","M8":"2","XX":"2","F9":"2","RH":"2","8C":"2","Q3":"2","MH":"2","R3":"2","8M":"2","XV":"2","GH":"2","XC":"2","WH":"2","HV":"2","VW":"2","77":"2","HX":"2","RW":"2","HH":"2","Q8":"2","GW":"2","CM":"2","M3":"2","MX":"2","GG":"2","C6":"2","XM":"2","6X":"2","XH":"2","G6":"2","P3":"2","99":"2","PJ":"2","3J":"2","M4":"2","X8":"2","W6":"2","P6":"2","R9":"2","P5":"2","HF":"2","X6":"2","P2":"2","QX":"2","J9":"2","WP":"2","67":"2","J4":"2","4M":"2","WR":"2","R7":"2","JJ":"2","JG":"2","C7":"2","W2":"2","58":"2","9C":"2","M6":"2","MP":"2","9P":"2","33":"2","7R":"2","J6":"2","F3":"2","FG":"2","6W":"2","57":"2","H7":"2","V6":"2","8X":"2","CH":"2","9M":"2","X9":"2","Q2":"2","X4":"2","F7":"2","98":"2","F6":"2","QR":"2","J3":"2","M9":"2","XP":"2","H6":"2","CR":"2","XW":"2","GX":"2","C3":"2","JQ":"2","J5":"2","Q7":"2"},"6P":{"77":"2","66":"2","H4":"2","85":"2","67":"2","GH":"2","78":"2","68":"2"},"CV":{"2Q":"2"},"7P":{"R5":"2","R3":"2","R4":"2"},"5Q":{"GF":"2"},"5M":{"R3":"2","H6":"2","JH":"2","8R":"2","8P":"2","9V":"2","CR":"2","4X":"2","9R":"2","8V":"2","X4":"2","MX":"2","C9":"2","V2":"2","RP":"2","6G":"2","5F":"2","8J":"2","R2":"2","CF":"2","9M":"2","2C":"2","CC":"2","4W":"2","8Q":"2","5G":"2","9W":"2","FX":"2","6F":"2","JJ":"2","CP":"2","9P":"2","FW":"2","9Q":"2","4C":"2","47":"2","CW":"2","X3":"2","J6":"2","46":"2","CV":"2","FV":"2","C8":"2","8M":"2","Q3":"2","8W":"2"},"CQ":{"27":"2"},"7H":{"8V":"2","8M":"2"},"4F":{"XQ":"2","CQ":"2","9V":"2","CR":"2","9R":"2","QQ":"2","FR":"2","4R":"2","RR":"2","9Q":"2","XH":"2","QH":"2","CV":"2","FV":"2"},"8V":{"JQ":"2","HR":"2","HQ":"2","GR":"2"},"3V":{"4J":"2","2G":"2","4H":"2","WF":"2","VG":"2","VF":"2","5J":"2","7M":"2","7P":"2","6P":"2","XG":"2","WG":"2"},"3J":{"PV":"2","2G":"2","58":"2","5V":"2","42":"2","34":"2","52":"2","5R":"2","PM":"2","3G":"2","F3":"2","MH":"2","8X":"2","2R":"2","47":"2","JF":"2","JM":"2","MG":"2","6R":"2","93":"2","C4":"2","4C":"2","MJ":"2","HH":"2","C7":"2","27":"2","MR":"2","GF":"2","49":"2","G3":"2","3P":"2","JG":"2","PF":"2","MF":"2","H8":"2","C5":"2","86":"2","24":"2","PX":"2","3V":"2","PH":"2","HF":"2","2H":"2","H3":"2","HQ":"2","FR":"2","35":"2","R4":"2","R3":"2","FG":"2","H4":"2","Q3":"2","PW":"2","G4":"2","56":"2","HC":"2","MP":"2","84":"2","94":"2","6P":"2","PJ":"2","G2":"2","G6":"2","JP":"2","PP":"2","55":"2","JC":"2","QJ":"2","FF":"2","25":"2","87":"2","59":"2","PR":"2","83":"2","HX":"2","HR":"2","7J":"2","57":"2","4F":"2","F6":"2","PQ":"2","J2":"2","HM":"2","Q7":"2","HV":"2","GR":"2","MQ":"2","2J":"2","G8":"2","JJ":"2","44":"2","QF":"2","97":"2","F2":"2","C3":"2","V5":"2","2V":"2","72":"2","FX":"2","PG":"2","WQ":"2","QH":"2","J3":"2","96":"2","M2":"2","J9":"2","HW":"2","F5":"2","H6":"2","CG":"2","VJ":"2","HG":"2","QG":"2","82":"2","RH":"2","HJ":"2","J8":"2","54":"2","G5":"2","H2":"2","53":"2","3F":"2","MM":"2","C6":"2","HP":"2","45":"2","F4":"2","MC":"2","H5":"2","V6":"2","H9":"2","92":"2","WC":"2"},"8P":{"93":"2","64":"2","C3":"2","92":"2"},"5P":{"X9":"2","97":"2","G6":"2","V3":"2","X8":"2","V2":"2","HJ":"2","94":"2","W2":"2","H8":"2","H9":"2","W3":"2","W9":"2","GP":"2","HH":"2","42":"2","C3":"2","87":"2","F2":"2","C4":"2","QG":"2","HC":"2","G5":"2"},"8M":{"HG":"2","38":"2","28":"2","4P":"2","J8":"2","Q2":"2","7Q":"2","HJ":"2","7R":"2","GJ":"2","H8":"2","8Q":"2","37":"2","6R":"2","65":"2","8R":"2","R3":"2","JJ":"2","HH":"2","4Q":"2","Q3":"2","6P":"2","5Q":"2","FH":"2","5M":"2","FG":"2","5P":"2","6Q":"2","9Q":"2","7C":"2","8C":"2","49":"2","JH":"2","GM":"2","66":"2","7F":"2","R2":"2"},"4H":{"F4":"2","87":"2","79":"2","FC":"2","P4":"2","JM":"2","3W":"2","52":"2","27":"2","7P":"2","44":"2","42":"2","GR":"2","4P":"2","59":"2","P8":"2","9V":"2","X2":"2","5C":"2","3X":"2","43":"2","7V":"2","GJ":"2","6V":"2","4R":"2","78":"2","FX":"2","6P":"2","FV":"2","2P":"2","2X":"2","X3":"2","38":"2","C4":"2","R4":"2","GH":"2","GV":"2","F8":"2","JC":"2","MV":"2","PR":"2","F2":"2","H2":"2","GM":"2","QV":"2","4H":"2","5V":"2","35":"2","HM":"2","MJ":"2","V7":"2","PJ":"2","6C":"2","3J":"2","M4":"2","4Q":"2","P6":"2","G4":"2","95":"2","P5":"2","JF":"2","3M":"2","7Q":"2","2W":"2","RJ":"2","J4":"2","G3":"2","QJ":"2","2H":"2","69":"2","4V":"2","34":"2","H3":"2","6Q":"2","G2":"2","RM":"2","Q6":"2","5Q":"2","26":"2","GP":"2","37":"2","F3":"2","CV":"2","QM":"2","H4":"2","MM":"2","X4":"2","8V":"2","5R":"2","F6":"2","86":"2","PM":"2","MR":"2","GQ":"2","49":"2","GX":"2","C3":"2"},"R4":{"7W":"2","7X":"2"},"6V":{"93":"2","92":"2"},"5F":{"FQ":"2","CQ":"2","5R":"2","6Q":"2","4J":"2","6X":"2","6M":"2","8Q":"2","5V":"2","PV":"2","3X":"2","6J":"2","HV":"2","FP":"2","CW":"2","3Q":"2","6P":"2","4Q":"2","5Q":"2"},"3G":{"7Q":"2","GV":"2","PM":"2","VR":"2","6Q":"2","P7":"2","7G":"2","JM":"2","8M":"2","F8":"2","V7":"2","7H":"2","4C":"2","MJ":"2","V4":"2","W7":"2","GX":"2","WJ":"2","49":"2","7M":"2","7F":"2","9V":"2","F9":"2","C9":"2","29":"2","73":"2","R4":"2","FV":"2","R3":"2","WW":"2","VF":"2","7P":"2","7R":"2","PJ":"2","6P":"2","MX":"2","JP":"2","2C":"2","8Q":"2","XJ":"2","8V":"2","33":"2","8R":"2","7J":"2","WV":"2","J7":"2","8F":"2","M7":"2","V3":"2","7V":"2","Q7":"2","X7":"2","39":"2","JJ":"2","VM":"2","3X":"2","V5":"2","FX":"2","8P":"2","9R":"2","R5":"2","VJ":"2","FM":"2","74":"2","P8":"2","JX":"2","8J":"2","3C":"2","MM":"2","VW":"2","38":"2"},"4M":{"36":"2","34":"2","PM":"2","3G":"2","6Q":"2","W3":"2","F8":"2","V4":"2","C7":"2","6F":"2","5J":"2","Q6":"2","35":"2","85":"2","R4":"2","R3":"2","FG":"2","HC":"2","J6":"2","7R":"2","F7":"2","PJ":"2","55":"2","QJ":"2","FF":"2","25":"2","QM":"2","J7":"2","8F":"2","W4":"2","V3":"2","5F":"2","26":"2","63":"2","44":"2","75":"2","V5":"2","GC":"2","65":"2","37":"2","64":"2","CG":"2","Q2":"2","54":"2","53":"2","3F":"2","CF":"2","C6":"2","45":"2","R2":"2"},"3Q":{"48":"2"},"3P":{"8P":"2"},"6F":{"4W":"2","4X":"2"},"CG":{"38":"2","48":"2"},"6M":{"G7":"2","H5":"2","G6":"2","84":"2","M9":"2","5V":"2","96":"2","6R":"2","53":"2","83":"2","86":"2","4V":"2","H4":"2","J2":"2","6W":"2","6X":"2","5R":"2","24":"2","5W":"2","H6":"2","6V":"2","H7":"2","G5":"2","M8":"2","M2":"2","FC":"2","GC":"2","4R":"2"},"6J":{"MW":"2","G8":"2","9X":"2","PQ":"2","4W":"2","JG":"2","WW":"2","MF":"2","G9":"2","RX":"2","VJ":"2","F9":"2","HM":"2","QV":"2","P5":"2","WM":"2","25":"2","HJ":"2","G4":"2","P4":"2","JP":"2","5V":"2","59":"2","QX":"2","MG":"2","94":"2","RW":"2","5X":"2","95":"2","WX":"2","PV":"2","PX":"2","MC":"2","PW":"2","2Q":"2","2R":"2","4X":"2","86":"2","4V":"2","H4":"2","V5":"2","CH":"2","JF":"2","3R":"2","RV":"2","C5":"2","3V":"2","MX":"2","5W":"2","WH":"2","MP":"2","PR":"2","58":"2","QW":"2","CG":"2","MQ":"2","CX":"2","M4":"2","V6":"2","69":"2","WJ":"2","GQ":"2","JM":"2","JC":"2","4R":"2"},"CW":{"QQ":"2"},"9V":{"XR":"2","XQ":"2"},"CX":{"PG":"2","V6":"2"},"9P":{"JQ":"2","HR":"2","HP":"2","VV":"2","JR":"2","HQ":"2","RX":"2","WW":"2","GQ":"2","GP":"2"},"6H":{"RR":"2","QR":"2","6W":"2","9W":"2","QV":"2","JV":"2","RW":"2","RV":"2","JR":"2"},"5J":{"9X":"2","QJ":"2","75":"2","73":"2","V8":"2","G9":"2","WV":"2","JR":"2","VX":"2","39":"2","RX":"2","64":"2","Q7":"2","JQ":"2","9W":"2","63":"2","5C":"2","7R":"2","JP":"2","74":"2","3C":"2","PV":"2","7G":"2","GP":"2","65":"2","V7":"2","PJ":"2","F8":"2","XR":"2","R8":"2","4C":"2","MP":"2","XQ":"2","3G":"2","X4":"2","R7":"2","F7":"2","CW":"2","MQ":"2","CX":"2","49":"2","GC":"2","MM":"2","Q8":"2"},"2V":{"WG":"2","XG":"2","WF":"2"},"FX":{"H6":"2","F4":"2","C4":"2","V8":"2","F3":"2","PC":"2","J9":"2","F6":"2","C3":"2","V9":"2","G7":"2","RF":"2","G5":"2","R7":"2","F5":"2","G4":"2","M9":"2","G6":"2"},"R5":{"63":"2","64":"2","83":"2","73":"2"},"XM":{"CP":"2","MM":"2"},"GM":{"HJ":"2"},"CP":{"2W":"2","2X":"2","4W":"2","3X":"2","4X":"2","3W":"2"}},"QR":{"R2":{"9X":"2"},"J4":{"F2":"2","F3":"2","G2":"2"},"J3":{"GR":"2","FX":"2"},"V8":{"JX":"2"}},"WJ":{"2C":{"5P":"2","6P":"2"},"66":{"5F":"2"}},"RP":{"9V":{"2Q":"2","3R":"2","2R":"2","3V":"2"},"GW":{"7C":"2"}},"XW":{"W7":{"MG":"2"},"C9":{"5X":"2","4X":"2"},"CC":{"WF":"2","VF":"2","42":"2","43":"2"},"P9":{"63":"2","62":"2"},"58":{"5C":"2","5F":"2","6F":"2"},"P8":{"7X":"2"}},"WG":{"HV":{"2W":"2"}},"R2":{"24":{"XG":"2"},"7V":{"V6":"2","W6":"2"},"C2":{"9X":"2","9W":"2"},"C3":{"92":"2"},"34":{"5H":"2","2G":"2"}},"VV":{"FR":{"WP":"2","Q3":"2","P3":"2","MR":"2","Q4":"2","MV":"2","JV":"2","Q2":"2","JR":"2"},"FQ":{"WP":"2","RX":"2","XF":"2","RQ":"2","VP":"2","VQ":"2","RW":"2","WM":"2","RP":"2"},"GQ":{"9M":"2","G7":"2","6C":"2","G6":"2","5H":"2","3F":"2","5G":"2","94":"2","3C":"2","95":"2","57":"2","46":"2","85":"2","55":"2","68":"2","47":"2","8M":"2","67":"2","48":"2","HC":"2","GC":"2","56":"2","66":"2"},"HX":{"CC":"2"},"75":{"92":"2"}}}}