{"index":{"university,1|retail,2|tourism,3|wreck,4|historical,5|artsCulture,6|namedBuilding,7|water,8|wetland,9|park,10|beach,11|natureReserve,12|cemetery,13|trail,14":{}},"4V":{"9M":{"HM":{"RM":"2","WJ":"2","GJ":"2","XJ":"2","RJ":"2","XH":"2","VM":"2","WM":"2","RP":"2"},"57":{"PF":"2","QF":"2"},"HJ":{"JC":"2"},"82":{"VR":"2","VQ":"2","WQ":"2"},"JM":{"4G":"2","2J":"2","9J":"2","4J":"2","CJ":"2","8J":"2","4H":"2","5H":"2","3J":"2","7J":"2","2H":"2","7H":"2","6J":"2","3H":"2","6H":"2"},"X9":{"2H":"2"}},"QJ":{"FR":{"JQ":"2","HQ":"2"},"FV":{"53":"2"},"8X":{"XC":"2"}},"HR":{"HG":{"RQ":"2","QQ":"2"},"73":{"MR":"2","VQ":"2","7C":"2","HJ":"2","6C":"2","7F":"2","RQ":"2","HH":"2","PP":"2","QQ":"2","VP":"2","6F":"2","PQ":"2","GJ":"2","WQ":"2","QP":"2"},"V8":{"93":"2","J2":"2","G5":"2","C2":"2","J3":"2","C3":"2","H5":"2","92":"2"},"84":{"84":"2"},"X8":{"2H":"2","3H":"2","JV":"2"},"W6":{"97":"2","C7":"2","96":"2"},"74":{"V4":"2","W5":"2","V5":"2","W6":"2","W4":"2"},"94":{"J2":"2"},"X6":{"7R":"2"},"93":{"FQ":"2","2Q":"2","MM":"2"},"H8":{"7R":"2","9R":"2","9V":"2"},"XH":{"24":"2"},"W3":{"4H":"2","3G":"2","6C":"2","6F":"2"},"83":{"9M":"2","FR":"2","6C":"2","6G":"2","5H":"2","8H":"2","5C":"2","5G":"2","7W":"2","96":"2","8F":"2","5X":"2","9J":"2","95":"2","7G":"2","2P":"2","79":"2","8G":"2","2M":"2","78":"2","8W":"2","6P":"2","7P":"2","3R":"2","9G":"2","CQ":"2","6X":"2","8V":"2","9Q":"2","5F":"2","89":"2","3Q":"2","6F":"2","9C":"2","9P":"2","5J":"2","7C":"2","8C":"2","9F":"2","69":"2","7F":"2"},"GP":{"R3":"2","V4":"2","V3":"2","R4":"2"},"V7":{"9X":"2","73":"2","4J":"2","62":"2","3H":"2","54":"2","2G":"2","84":"2","64":"2","52":"2","26":"2","2F":"2","2H":"2","63":"2","74":"2","94":"2","23":"2","93":"2","2C":"2","2M":"2","43":"2","53":"2","83":"2","65":"2","8W":"2","2J":"2","44":"2","4G":"2","5Q":"2","42":"2","5M":"2","55":"2","24":"2","8V":"2","5P":"2","JX":"2","33":"2","4M":"2","92":"2","HX":"2","5J":"2","72":"2","82":"2"},"HH":{"R5":"2","V6":"2","R6":"2","V5":"2"},"R6":{"WR":"2","WW":"2","QP":"2","VX":"2","MV":"2","WQ":"2","RP":"2"},"R8":{"7M":"2","7J":"2","H9":"2"},"WH":{"XC":"2","WC":"2"},"XQ":{"HG":"2","JG":"2","GF":"2","G9":"2","F9":"2","7V":"2","7W":"2","J9":"2","H9":"2","HF":"2","JF":"2","GG":"2","CC":"2","C9":"2","FF":"2","HC":"2","FC":"2","CF":"2","GC":"2","JC":"2","7X":"2"},"WP":{"72":"2","62":"2","83":"2","82":"2","93":"2","84":"2","73":"2"},"X4":{"HQ":"2"},"R7":{"X2":"2","R3":"2","X8":"2","W8":"2","X7":"2","W4":"2","V6":"2","V7":"2","R5":"2","X4":"2","V2":"2","W2":"2","Q4":"2","V4":"2","X5":"2","W3":"2","W7":"2","X6":"2","X3":"2","V3":"2","R4":"2","XJ":"2","Q3":"2"},"WF":{"V7":"2"},"MQ":{"2M":"2"},"V6":{"7Q":"2","2G":"2","FW":"2","6X":"2","3G":"2","8X":"2","GP":"2","2W":"2","6Q":"2","P7":"2","68":"2","JF":"2","8M":"2","MG":"2","6R":"2","CP":"2","7H":"2","HH":"2","CW":"2","5X":"2","3P":"2","PF":"2","CQ":"2","MF":"2","CM":"2","C9":"2","5P":"2","4W":"2","HQ":"2","77":"2","29":"2","8W":"2","7X":"2","7R":"2","5W":"2","9M":"2","GJ":"2","2C":"2","CJ":"2","7W":"2","FJ":"2","4Q":"2","QF":"2","4P":"2","6W":"2","2F":"2","78":"2","CR":"2","PG":"2","6V":"2","GM":"2","QP":"2","QC":"2","3Q":"2","96":"2","67":"2","JQ":"2","64":"2","QG":"2","FM":"2","4X":"2","2M":"2","3F":"2","MC":"2","9J":"2","FP":"2"},"72":{"RG":"2"},"82":{"2M":"2"}},"FR":{"9C":{"H7":"2"},"X8":{"CX":"2"},"Q3":{"QX":"2","RX":"2","QV":"2","QW":"2","RW":"2","RV":"2","RP":"2"},"Q4":{"R2":"2","R3":"2","V4":"2","Q3":"2","W5":"2","V3":"2","W3":"2","V2":"2","R4":"2","Q2":"2"},"MJ":{"W6":"2"},"F5":{"4R":"2","5R":"2","4V":"2"},"46":{"2C":"2","39":"2"},"W6":{"F8":"2","J7":"2"},"43":{"CF":"2","CC":"2","FC":"2","FF":"2"}},"6C":{"XX":{"6H":"2"},"XW":{"R2":"2","Q7":"2","P7":"2","Q8":"2","P8":"2"},"7C":{"7R":"2","6R":"2","7V":"2","7Q":"2","6Q":"2","5R":"2","6V":"2"},"22":{"HJ":"2"},"XQ":{"R2":"2","R3":"2","WQ":"2","XQ":"2","Q2":"2"},"86":{"MM":"2"},"MP":{"6F":"2"},"FH":{"QH":"2"},"XM":{"H6":"2","86":"2","H7":"2","95":"2","85":"2","F6":"2","96":"2","C6":"2","87":"2","84":"2","97":"2","G6":"2"},"VG":{"QR":"2"},"2R":{"56":"2","53":"2","43":"2"},"XP":{"MR":"2","QV":"2","PJ":"2","QR":"2","RW":"2","CR":"2","J8":"2","M8":"2","RX":"2","MJ":"2","QW":"2","FR":"2","PV":"2","MW":"2","GR":"2","MV":"2","FW":"2","GV":"2","VX":"2","PW":"2","H2":"2","CW":"2","PQ":"2","CV":"2","FV":"2","PR":"2","MH":"2","GP":"2","QX":"2","VW":"2"},"WQ":{"24":"2"},"GM":{"MM":"2"},"49":{"2C":"2","28":"2","29":"2"}},"HQ":{"WQ":{"WP":"2","WG":"2","VG":"2","WJ":"2","XJ":"2","XM":"2","VP":"2","PV":"2","VM":"2","XH":"2","WM":"2","WH":"2","VH":"2"},"J5":{"RW":"2"},"HQ":{"JW":"2"},"M5":{"68":"2","8C":"2","97":"2","67":"2","79":"2","66":"2","96":"2","89":"2","88":"2","C5":"2","95":"2","78":"2","87":"2","77":"2"},"39":{"7P":"2"},"F9":{"J7":"2"},"QV":{"HG":"2","C7":"2","JG":"2","J5":"2","GF":"2","MF":"2","P8":"2","J8":"2","M9":"2","8H":"2","P9":"2","93":"2","J9":"2","79":"2","Q5":"2","MC":"2","65":"2","HF":"2","F4":"2","QC":"2","J6":"2","JF":"2","FG":"2","98":"2","Q9":"2","PF":"2","H7":"2","HC":"2","PC":"2","M8":"2","JC":"2","Q6":"2"},"X8":{"QJ":"2","RM":"2","RF":"2","MF":"2","V8":"2","R9":"2","VR":"2","VJ":"2","7V":"2","VM":"2","RR":"2","7R":"2","PH":"2","7W":"2","MG":"2","VH":"2","XH":"2","6R":"2","XJ":"2","V7":"2","VC":"2","PJ":"2","XG":"2","QC":"2","RJ":"2","RH":"2","VQ":"2","6W":"2","5W":"2","RQ":"2","RC":"2","WH":"2","QH":"2","6V":"2","QG":"2","QF":"2","PF":"2","RG":"2","V6":"2","WJ":"2","WG":"2","PG":"2","JC":"2"},"JQ":{"55":"2","HF":"2"},"P4":{"Q5":"2","Q6":"2"},"35":{"4F":"2"},"G2":{"J8":"2","M8":"2","M9":"2","P9":"2","J9":"2","J7":"2","M7":"2"},"2Q":{"2X":"2","3X":"2","3W":"2"},"8W":{"PC":"2","RG":"2","RF":"2","P9":"2"},"29":{"2H":"2"},"2R":{"56":"2","55":"2","67":"2","23":"2","33":"2","32":"2","66":"2","76":"2","22":"2","65":"2","42":"2","43":"2"},"4X":{"64":"2"},"R6":{"77":"2","86":"2","66":"2","76":"2","9C":"2","85":"2","75":"2","55":"2","87":"2","65":"2","56":"2"},"3W":{"Q3":"2"},"3V":{"PX":"2"},"XQ":{"2J":"2","4M":"2","2H":"2","4J":"2","3H":"2","3J":"2","2M":"2","3M":"2"},"47":{"8C":"2","85":"2","94":"2","88":"2","86":"2","84":"2","87":"2","77":"2"},"3Q":{"R2":"2"},"9P":{"JH":"2"},"66":{"PV":"2"}},"FM":{"3R":{"FR":"2"},"22":{"23":"2"}},"JR":{"75":{"P3":"2","FR":"2","HG":"2","JG":"2","X5":"2","V3":"2","Q7":"2","W7":"2","F9":"2","Q2":"2","V2":"2","W2":"2","X6":"2","X7":"2","FV":"2","W3":"2","X3":"2","HF":"2","Q3":"2","V5":"2","JF":"2","87":"2","R8":"2","P2":"2","X4":"2","W5":"2","R7":"2","MH":"2","GM":"2","Q8":"2","R2":"2"},"73":{"5V":"2","5W":"2"},"62":{"2V":"2"},"77":{"X7":"2","HM":"2","XM":"2","X6":"2","WM":"2","WP":"2","XH":"2","PW":"2","XP":"2","GM":"2","QP":"2","XJ":"2","GP":"2"},"6G":{"6F":"2"},"84":{"JR":"2","PM":"2","5H":"2","JQ":"2","26":"2","FW":"2","2W":"2","5G":"2","35":"2","MG":"2","45":"2","37":"2","4Q":"2","46":"2","44":"2","6P":"2","CV":"2","CH":"2","3R":"2","55":"2","36":"2","3W":"2","3V":"2","5P":"2","47":"2","MR":"2","3Q":"2","34":"2","6M":"2","3X":"2","9P":"2","2X":"2","4R":"2"},"64":{"X4":"2","X3":"2","XC":"2","V8":"2"},"52":{"RV":"2"},"5C":{"X2":"2","W2":"2"},"59":{"WX":"2"},"74":{"75":"2","8X":"2","VW":"2","73":"2","62":"2","WW":"2","FM":"2","GH":"2","VX":"2","RX":"2","64":"2","W7":"2","52":"2","JQ":"2","8H":"2","CM":"2","9W":"2","63":"2","JP":"2","74":"2","8J":"2","QX":"2","8F":"2","WX":"2","PV":"2","JW":"2","6R":"2","PX":"2","43":"2","53":"2","65":"2","FP":"2","2R":"2","42":"2","FH":"2","6W":"2","4F":"2","5R":"2","MV":"2","WH":"2","MR":"2","PR":"2","6V":"2","5F":"2","CJ":"2","MQ":"2","7C":"2","8C":"2","72":"2","HW":"2","FJ":"2","GM":"2","CP":"2","7F":"2"},"95":{"4P":"2","7M":"2","7J":"2","7Q":"2","2P":"2","8G":"2","2Q":"2","4Q":"2","2R":"2","6P":"2","3R":"2","5M":"2","5P":"2","6Q":"2","4M":"2","3Q":"2","3P":"2","6J":"2","6M":"2","3X":"2","5J":"2","2V":"2"},"83":{"JQ":"2","3C":"2","CF":"2","G4":"2","CG":"2","FF":"2","3F":"2","FG":"2"},"78":{"M7":"2","JR":"2","PM":"2","V3":"2","Q7":"2","P5":"2","V2":"2","P4":"2","W2":"2","W3":"2","PJ":"2","R8":"2","MV":"2","JV":"2","MR":"2","P6":"2","R7":"2","Q8":"2"},"4Q":{"64":"2","65":"2"},"86":{"J5":"2","M3":"2","GF":"2","GH":"2","M5":"2","7V":"2","P5":"2","8H":"2","V2":"2","HJ":"2","P4":"2","GJ":"2","7W":"2","W2":"2","7G":"2","Q5":"2","GP":"2","Q3":"2","FH":"2","J6":"2","7H":"2","6W":"2","GG":"2","CC":"2","6V":"2","FF":"2","R7":"2","9C":"2","M4":"2","M2":"2","9F":"2","FC":"2","CF":"2","GC":"2","7F":"2"},"2R":{"GH":"2","GF":"2","CH":"2","GG":"2","CG":"2","FG":"2","FH":"2"},"85":{"7C":"2","PV":"2","XR":"2","36":"2","58":"2","6C":"2","22":"2","99":"2","48":"2","XW":"2","47":"2","68":"2","WX":"2","F8":"2","M3":"2","HH":"2","27":"2","MR":"2","4R":"2","MV":"2","H8":"2","9C":"2","24":"2","F9":"2","C9":"2","H3":"2","77":"2","35":"2","66":"2","WW":"2","JV":"2","CC":"2","PW":"2","G4":"2","79":"2","56":"2","HC":"2","MP":"2","MX":"2","FC":"2","8C":"2","G7":"2","46":"2","MW":"2","25":"2","87":"2","59":"2","PR":"2","XQ":"2","WV":"2","57":"2","76":"2","26":"2","PQ":"2","MQ":"2","G8":"2","VV":"2","98":"2","89":"2","78":"2","J3":"2","JW":"2","67":"2","J9":"2","H7":"2","C8":"2","JX":"2","88":"2","69":"2","J8":"2","H2":"2","VW":"2","VQ":"2","45":"2","H9":"2"},"87":{"2J":"2","3P":"2","82":"2","3J":"2","2M":"2","92":"2","3M":"2","2P":"2"},"68":{"7G":"2","8C":"2","7H":"2","9C":"2","8J":"2","F7":"2","F8":"2","G7":"2","8G":"2","9G":"2","G5":"2","7J":"2","8F":"2","G8":"2","98":"2","8H":"2","9F":"2"},"5F":{"GF":"2","HR":"2","GQ":"2","HQ":"2","GR":"2"},"58":{"JP":"2"},"92":{"5P":"2","8V":"2","5Q":"2","4Q":"2"},"6F":{"HX":"2","W4":"2"},"3X":{"2X":"2"},"2V":{"2R":"2"},"69":{"46":"2"},"2X":{"QJ":"2","RM":"2","VW":"2","WQ":"2","WW":"2","WV":"2","PM":"2","VR":"2","W7":"2","XV":"2","RR":"2","RW":"2","X7":"2","W9":"2","PJ":"2","XX":"2","RJ":"2","RH":"2","RV":"2","XR":"2","W8":"2","WR":"2","XQ":"2","QM":"2","M8":"2","XW":"2","JC":"2","Q6":"2","VV":"2"},"82":{"9G":"2","Q6":"2"}},"GR":{"9X":{"G6":"2","C9":"2","H6":"2","9C":"2","G7":"2","M4":"2","CC":"2","H7":"2","99":"2"},"FR":{"JV":"2","4V":"2","8X":"2","7W":"2","6X":"2","J3":"2","9X":"2","6W":"2","FW":"2","3P":"2","GJ":"2","FV":"2","7X":"2"},"4J":{"3H":"2"},"3H":{"4M":"2","4P":"2","4Q":"2"},"GW":{"38":"2","28":"2","77":"2","39":"2","59":"2","35":"2","94":"2","23":"2","45":"2","32":"2","37":"2","79":"2","57":"2","43":"2","27":"2","29":"2","86":"2","46":"2","44":"2","42":"2","55":"2","87":"2","24":"2","36":"2","68":"2","47":"2","58":"2","48":"2","34":"2","49":"2","69":"2","56":"2","82":"2"},"2G":{"3X":"2"},"9W":{"GV":"2","WW":"2","46":"2"},"2H":{"35":"2","33":"2","32":"2","54":"2","44":"2","42":"2","34":"2","43":"2"},"FW":{"X2":"2","W5":"2","X7":"2","R8":"2","V8":"2","X5":"2","P4":"2","P3":"2","V9":"2","X9":"2","X6":"2","Q8":"2","R7":"2","X3":"2","V3":"2","M4":"2","M3":"2"},"3C":{"P9":"2"},"5X":{"PR":"2"},"FV":{"PV":"2","G9":"2","RG":"2","JM":"2","93":"2","C4":"2","WJ":"2","4R":"2","PF":"2","MF":"2","C5":"2","77":"2","66":"2","R9":"2","94":"2","F7":"2","G6":"2","G7":"2","QJ":"2","XQ":"2","5M":"2","XP":"2","WH":"2","F6":"2","5F":"2","4Q":"2","76":"2","G8":"2","JJ":"2","44":"2","VM":"2","4P":"2","72":"2","RC":"2","WP":"2","QC":"2","67":"2","RP":"2","64":"2","VJ":"2","QG":"2","82":"2","Q9":"2","Q8":"2","RH":"2","RJ":"2","RQ":"2","WM":"2","RR":"2"},"8R":{"CX":"2"},"8W":{"HC":"2","M5":"2","P4":"2","G5":"2","M4":"2","G6":"2","H9":"2"},"CV":{"P3":"2","P4":"2","98":"2","99":"2"},"FQ":{"RR":"2"},"CR":{"QP":"2"},"8V":{"MW":"2","HG":"2","JG":"2","MF":"2","QQ":"2","W4":"2","PM":"2","MG":"2","JW":"2","53":"2","X3":"2","JJ":"2","HH":"2","HF":"2","JF":"2","MP":"2","WP":"2","X4":"2","QM":"2","QR":"2","PC":"2","MH":"2","V6":"2","JH":"2"},"9R":{"5X":"2","9G":"2","9J":"2","8P":"2","5R":"2","4V":"2","3R":"2","4X":"2","3W":"2","6Q":"2","F9":"2","CX":"2","8H":"2","CH":"2","6X":"2","7Q":"2","6R":"2","CJ":"2","8J":"2","5W":"2","3V":"2","9M":"2","7R":"2","4W":"2","FR":"2","9H":"2","5V":"2","6W":"2","2X":"2","GR":"2","4R":"2","3X":"2","6V":"2","7V":"2","3Q":"2","7P":"2","6P":"2","8M":"2","4Q":"2","7X":"2","2W":"2","5Q":"2"},"8P":{"X3":"2"},"HV":{"9C":"2","G9":"2","F9":"2","J8":"2","H8":"2","CC":"2","GC":"2","H7":"2","J7":"2"},"9Q":{"HM":"2","FQ":"2","FP":"2","GP":"2","GM":"2","GQ":"2","W3":"2","FV":"2","FW":"2"},"5F":{"J5":"2"},"GV":{"9X":"2","4W":"2","7V":"2","7Q":"2","9W":"2","3M":"2","7R":"2","5V":"2","5X":"2","2P":"2","6R":"2","2M":"2","8W":"2","2R":"2","4X":"2","4V":"2","FH":"2","5M":"2","6W":"2","8V":"2","3W":"2","3V":"2","3J":"2","5P":"2","5W":"2","6Q":"2","6V":"2","CJ":"2","3Q":"2","3P":"2","3X":"2","9V":"2","CX":"2","FJ":"2"},"CW":{"88":"2","87":"2"},"9V":{"63":"2","72":"2","62":"2","42":"2","58":"2","C2":"2","33":"2","53":"2","48":"2","74":"2","26":"2","52":"2","73":"2","64":"2"},"9P":{"GP":"2","CG":"2","6X":"2","FG":"2"},"FJ":{"HP":"2"}},"6G":{"38":{"6V":"2"},"V3":{"9X":"2","CX":"2","FW":"2"},"VX":{"X8":"2","V7":"2","X4":"2","XC":"2","X9":"2","VC":"2","X3":"2","WC":"2","W9":"2"},"5H":{"62":"2"},"3F":{"X5":"2","X4":"2","RF":"2","VC":"2","RX":"2","VX":"2","VV":"2","VP":"2","RC":"2","PQ":"2","VW":"2","RW":"2","W4":"2","RV":"2","WC":"2"},"X2":{"C3":"2"},"CM":{"3C":"2","4C":"2","39":"2"},"V4":{"C2":"2","92":"2"},"5G":{"2M":"2","49":"2"},"3C":{"XF":"2","WH":"2","XM":"2","WF":"2","XH":"2","XG":"2","WG":"2","XJ":"2"},"9J":{"MQ":"2"},"WX":{"9M":"2","HR":"2","FM":"2","28":"2","6G":"2","39":"2","5H":"2","3F":"2","CM":"2","2F":"2","5C":"2","5G":"2","3C":"2","2C":"2","9J":"2","7G":"2","FP":"2","29":"2","4G":"2","7H":"2","4F":"2","4C":"2","4H":"2","5F":"2","CJ":"2","6F":"2","34":"2","6J":"2","6H":"2","5J":"2"},"GP":{"88":"2","78":"2","87":"2","77":"2"},"46":{"RG":"2","RH":"2","VH":"2"},"4G":{"W8":"2","23":"2","36":"2","R8":"2","34":"2","42":"2","62":"2","52":"2","28":"2","32":"2","3J":"2","F3":"2","R6":"2","P7":"2","47":"2","8M":"2","XF":"2","F8":"2","93":"2","V7":"2","C4":"2","M5":"2","M6":"2","G3":"2","XG":"2","H8":"2","J4":"2","VC":"2","Q6":"2","H3":"2","35":"2","W9":"2","H4":"2","G4":"2","56":"2","J6":"2","94":"2","F7":"2","G2":"2","G6":"2","P6":"2","55":"2","R7":"2","G7":"2","25":"2","2C":"2","83":"2","V9":"2","33":"2","7J":"2","J7":"2","4Q":"2","26":"2","63":"2","Q7":"2","G8":"2","2J":"2","44":"2","F2":"2","C3":"2","M4":"2","72":"2","Q5":"2","J3":"2","65":"2","H7":"2","F5":"2","H6":"2","64":"2","J5":"2","82":"2","74":"2","Q8":"2","8J":"2","P5":"2","J8":"2","C2":"2","54":"2","G5":"2","H2":"2","53":"2","3F":"2","F4":"2","H5":"2","43":"2","92":"2","WC":"2"},"6P":{"28":"2"},"F4":{"RF":"2","VC":"2","VF":"2","RC":"2"},"5M":{"62":"2"},"7H":{"39":"2"},"4F":{"9X":"2","8X":"2","4W":"2","3H":"2","JQ":"2","9W":"2","3M":"2","2W":"2","5X":"2","VH":"2","9J":"2","2P":"2","2M":"2","8W":"2","4X":"2","4V":"2","3R":"2","RH":"2","3W":"2","3V":"2","3J":"2","MP":"2","MR":"2","3G":"2","9H":"2","3X":"2","CW":"2","MQ":"2","CX":"2","2V":"2","FX":"2","66":"2","MM":"2","7X":"2"},"36":{"MC":"2"},"MR":{"2G":"2","G8":"2"},"JV":{"R4":"2"},"3G":{"R2":"2","X4":"2","X3":"2","XC":"2","V2":"2","XH":"2"},"4M":{"VF":"2"},"X4":{"GW":"2"},"48":{"GW":"2","HW":"2","HX":"2","CX":"2","GX":"2","FX":"2"},"5J":{"MC":"2","M9":"2","J9":"2","JC":"2"},"49":{"C2":"2","J8":"2","92":"2","J7":"2"}},"PM":{"HR":{"R2":"2","V4":"2","V3":"2","V2":"2"},"JG":{"54":"2","44":"2","RW":"2","53":"2","43":"2"},"HQ":{"QX":"2","RX":"2","VX":"2"},"W7":{"35":"2","36":"2","27":"2","25":"2","26":"2"},"F9":{"9R":"2","7P":"2","VR":"2"},"QX":{"V7":"2","G2":"2","R5":"2","R8":"2","C2":"2","F3":"2","F2":"2","92":"2","83":"2","82":"2","93":"2","P6":"2","J7":"2"},"RW":{"85":"2","94":"2","95":"2","84":"2"},"X7":{"34":"2","73":"2"},"PW":{"WJ":"2","X6":"2","XJ":"2","XP":"2"},"V7":{"M7":"2","R6":"2","Q6":"2","P8":"2","QC":"2","X5":"2","M8":"2","R7":"2","P7":"2","P6":"2","J7":"2","Q7":"2","Q5":"2"},"VQ":{"XJ":"2"},"3W":{"H2":"2","G2":"2"},"3V":{"GW":"2","7C":"2","6C":"2","58":"2","HW":"2","6G":"2","5F":"2","GX":"2","HX":"2","6F":"2","48":"2","69":"2","5C":"2","GV":"2","HV":"2","JW":"2","49":"2","59":"2","68":"2"},"XQ":{"VP":"2","VM":"2"},"JV":{"XJ":"2"},"R4":{"FQ":"2"},"QG":{"7V":"2"},"QW":{"4P":"2","QV":"2","W8":"2","9V":"2","6Q":"2","R8":"2","8V":"2","8X":"2","MC":"2","CX":"2","QC":"2","V8":"2","Q9":"2","M8":"2","9X":"2","V9":"2","9W":"2","FX":"2","GX":"2","Q8":"2","R9":"2","FW":"2","78":"2","3P":"2","CW":"2","5P":"2","CV":"2","RC":"2","3H":"2","M9":"2","P9":"2","8W":"2"},"MQ":{"H9":"2","HC":"2"},"2V":{"X7":"2"},"FC":{"8Q":"2"},"CF":{"VG":"2"},"R5":{"H3":"2"},"XW":{"C7":"2"}},"PP":{"P3":{"95":"2","9R":"2","8V":"2","CM":"2","CJ":"2","GH":"2","MJ":"2","C3":"2","JJ":"2","CP":"2"},"C7":{"2Q":"2","2P":"2"},"97":{"XP":"2","XQ":"2"},"77":{"6J":"2","6M":"2","5J":"2"},"3F":{"V4":"2"},"P4":{"QC":"2","PC":"2","PF":"2","4C":"2","QF":"2"},"5G":{"GF":"2"},"2C":{"8Q":"2","7W":"2","8W":"2","9Q":"2"},"95":{"GV":"2","9V":"2","9W":"2","FV":"2","CW":"2"},"J3":{"C9":"2","97":"2","C8":"2","98":"2","99":"2"},"79":{"28":"2"},"78":{"W8":"2","G9":"2","99":"2","8H":"2","RG":"2","9F":"2","8M":"2","F8":"2","PC":"2","27":"2","C7":"2","GF":"2","PF":"2","CQ":"2","MF":"2","H8":"2","9C":"2","VC":"2","X8":"2","F9":"2","5J":"2","C9":"2","CH":"2","GH":"2","W9":"2","FG":"2","CC":"2","R9":"2","HC":"2","84":"2","FC":"2","9M":"2","GJ":"2","8C":"2","G7":"2","JC":"2","FF":"2","CJ":"2","5M":"2","83":"2","8R":"2","FJ":"2","FH":"2","8F":"2","76":"2","9G":"2","X7":"2","G8":"2","97":"2","98":"2","89":"2","GC":"2","9R":"2","RC":"2","9H":"2","96":"2","J9":"2","H7":"2","CG":"2","GG":"2","FM":"2","C8":"2","8G":"2","CF":"2","45":"2","MC":"2","H9":"2","9J":"2"},"44":{"5H":"2"},"J2":{"67":"2","8G":"2","78":"2","77":"2"},"9G":{"RG":"2","JQ":"2","C4":"2","C3":"2","RF":"2","C5":"2","QF":"2"},"87":{"9X":"2","8V":"2","8X":"2"},"4F":{"W8":"2","V9":"2","G4":"2","F4":"2","W9":"2","V8":"2"},"68":{"X5":"2","X4":"2","W5":"2","X6":"2","X9":"2","W4":"2"},"5F":{"F5":"2"},"58":{"6F":"2"},"FF":{"P3":"2"},"88":{"72":"2","95":"2","92":"2","9C":"2","8J":"2","94":"2","2C":"2","7G":"2","8F":"2","82":"2","27":"2","8C":"2","26":"2","C5":"2","49":"2"},"6F":{"JH":"2","JQ":"2","JJ":"2"},"CG":{"M3":"2"},"M4":{"PC":"2","G5":"2","G4":"2","M9":"2"},"69":{"V9":"2","R9":"2","W9":"2"},"56":{"33":"2","44":"2","34":"2","43":"2"},"66":{"W5":"2","V5":"2","W6":"2"}},"JQ":{"95":{"PR":"2","MP":"2","PQ":"2","MQ":"2"},"XR":{"RX":"2","XX":"2"},"36":{"J7":"2"},"58":{"RG":"2","QG":"2","XF":"2","2V":"2","XC":"2","92":"2","83":"2","X5":"2","82":"2","WF":"2","93":"2","QH":"2","RH":"2"},"3G":{"QP":"2","HR":"2"},"48":{"XV":"2","8C":"2","JQ":"2","WR":"2","WV":"2","MP":"2","XR":"2","MQ":"2","FF":"2","JP":"2","FG":"2"},"6Q":{"R2":"2","R3":"2","Q3":"2","P3":"2"},"W3":{"8C":"2","9C":"2","8F":"2","9F":"2"},"68":{"9X":"2","75":"2","M3":"2","62":"2","28":"2","77":"2","F5":"2","6G":"2","C2":"2","39":"2","64":"2","FW":"2","C6":"2","76":"2","5G":"2","35":"2","93":"2","3C":"2","2M":"2","65":"2","27":"2","2J":"2","F6":"2","J2":"2","C3":"2","55":"2","C5":"2","36":"2","68":"2","3J":"2","47":"2","92":"2","34":"2","CW":"2","69":"2"},"JM":{"C9":"2","GH":"2","9C":"2","F8":"2","G9":"2","F9":"2","C8":"2","8F":"2","G8":"2","98":"2","CC":"2","9F":"2","H7":"2","M7":"2","99":"2"},"2Q":{"C4":"2","C6":"2","96":"2","F5":"2","F4":"2","C5":"2","F3":"2","86":"2","95":"2"},"CP":{"X3":"2","X2":"2"},"V7":{"VX":"2","QW":"2"},"4C":{"7P":"2","7Q":"2","6Q":"2","6M":"2","6P":"2"},"M3":{"H9":"2","J9":"2"},"CW":{"W8":"2","X8":"2","P7":"2","Q7":"2","Q8":"2","R8":"2","XF":"2","M8":"2","M9":"2","X9":"2","H7":"2","W9":"2","V8":"2","P8":"2"},"5C":{"4Q":"2"},"GF":{"2V":"2"},"4R":{"GV":"2","HR":"2","GR":"2"},"PF":{"CR":"2","FR":"2","FQ":"2","FV":"2","CQ":"2","FX":"2","FW":"2"},"C5":{"R5":"2","P5":"2","M5":"2","W5":"2","G5":"2","Q5":"2","V5":"2","J5":"2","C5":"2","Q2":"2"},"VG":{"8R":"2","4V":"2","5R":"2","6Q":"2","7Q":"2","6R":"2","5W":"2","3V":"2","7R":"2","4W":"2","8Q":"2","5V":"2","6V":"2","5Q":"2"},"4M":{"HM":"2"},"CM":{"GF":"2","GG":"2"},"77":{"VW":"2","62":"2","H5":"2","VX":"2","2G":"2","2H":"2","63":"2","HJ":"2","G4":"2","2W":"2","8F":"2","HH":"2","H4":"2","9G":"2","CG":"2","G5":"2","9C":"2","8C":"2","2V":"2","9F":"2","CF":"2","7F":"2"},"CV":{"6J":"2"},"35":{"XH":"2"},"66":{"9M":"2","HR":"2","VW":"2","WQ":"2","4W":"2","GR":"2","WV":"2","JR":"2","RX":"2","7V":"2","JQ":"2","XP":"2","FW":"2","QX":"2","XF":"2","FV":"2","6R":"2","XJ":"2","8W":"2","4X":"2","3R":"2","XR":"2","3W":"2","WR":"2","3V":"2","9Q":"2","WH":"2","XQ":"2","8M":"2","3Q":"2","GV":"2","3X":"2","9P":"2","MQ":"2","CX":"2","XM":"2","VV":"2"},"85":{"R2":"2","2W":"2","J2":"2","G5":"2","G4":"2","M2":"2","H2":"2"},"H4":{"9M":"2","QJ":"2","VW":"2","WW":"2","WV":"2","VX":"2","XV":"2","PH":"2","WX":"2","PJ":"2","WR":"2","QH":"2","VF":"2","WF":"2","9P":"2","VV":"2"},"JR":{"4P":"2","4V":"2","5R":"2","6Q":"2","6R":"2","5V":"2","4R":"2","6V":"2","5P":"2","4Q":"2","5Q":"2"},"PW":{"92":"2"},"79":{"2F":"2"},"56":{"WV":"2","WW":"2","JG":"2"},"84":{"MW":"2","MX":"2","JX":"2","PX":"2"},"XV":{"G6":"2","G5":"2","F5":"2","F6":"2","H5":"2"},"P6":{"WP":"2"},"R7":{"CV":"2"},"QJ":{"CQ":"2"},"FF":{"XV":"2"},"25":{"5X":"2","4X":"2"},"87":{"HW":"2"},"Q4":{"MC":"2"},"59":{"WV":"2","WW":"2","C2":"2","C3":"2","VW":"2"},"QV":{"X8":"2","QG":"2","W8":"2","FH":"2","M8":"2","PG":"2","X9":"2","WF":"2","VF":"2","VC":"2","RC":"2","WC":"2","M9":"2","W9":"2"},"HX":{"C5":"2"},"P2":{"CW":"2","FW":"2"},"57":{"W8":"2","GP":"2","XW":"2","R6":"2","W3":"2","JM":"2","PC":"2","V7":"2","MJ":"2","W7":"2","WJ":"2","MF":"2","VC":"2","X5":"2","XX":"2","HQ":"2","R9":"2","JP":"2","R7":"2","QJ":"2","V9":"2","QM":"2","P9":"2","X7":"2","JJ":"2","QF":"2","W5":"2","RC":"2","X4":"2","QC":"2","GQ":"2","RP":"2","HG":"2","RV":"2","Q9":"2","X3":"2","RJ":"2","RQ":"2","MM":"2","HP":"2","V6":"2"},"4F":{"6C":"2","6G":"2","39":"2","2G":"2","3F":"2","2H":"2","5C":"2","59":"2","5G":"2","3C":"2","8G":"2","GP":"2","Q3":"2","4F":"2","4C":"2","5F":"2","58":"2","7C":"2","M4":"2","49":"2","GQ":"2"},"4Q":{"97":"2","96":"2","6F":"2","86":"2","87":"2","6G":"2"},"76":{"HR":"2","6C":"2","4J":"2","4P":"2","3H":"2","JR":"2","6G":"2","5H":"2","3F":"2","2F":"2","2H":"2","3M":"2","5C":"2","5G":"2","3C":"2","8F":"2","2P":"2","Q5":"2","2M":"2","2Q":"2","4Q":"2","2J":"2","4G":"2","4F":"2","3J":"2","4H":"2","5F":"2","3G":"2","4M":"2","3Q":"2","3P":"2","5J":"2","6H":"2","7C":"2","8C":"2","2X":"2","Q6":"2"},"26":{"64":"2","42":"2","52":"2"},"VV":{"XM":"2","XJ":"2"},"75":{"XX":"2","43":"2"},"3H":{"M4":"2","M3":"2"},"WQ":{"FM":"2"},"PG":{"2X":"2"},"5Q":{"X9":"2","RF":"2","PM":"2","R9":"2","X8":"2","P9":"2","W6":"2","V9":"2","W9":"2","VC":"2","PJ":"2","QC":"2","V5":"2","WC":"2","W8":"2","RC":"2","QG":"2","QF":"2","Q9":"2","VF":"2","PF":"2","HC":"2","RG":"2","W5":"2","PC":"2","V6":"2"},"QH":{"68":"2"},"J3":{"VM":"2","VJ":"2","VH":"2"},"JW":{"3Q":"2","3P":"2"},"67":{"46":"2","3H":"2","QQ":"2","69":"2","P3":"2","74":"2","79":"2","GW":"2","V5":"2","X9":"2","5V":"2","XV":"2","6M":"2","V3":"2","9P":"2","4V":"2","9H":"2","R9":"2","XJ":"2","CX":"2","R8":"2","VM":"2","W2":"2","86":"2","5G":"2","5Q":"2","MQ":"2","5M":"2","F6":"2","3M":"2","M5":"2","7G":"2","59":"2","9F":"2","4R":"2","2W":"2","87":"2","VP":"2","37":"2","WQ":"2","48":"2","34":"2","9G":"2","Q2":"2","5X":"2","M2":"2","4G":"2","26":"2","M6":"2","45":"2","9X":"2","H7":"2","8Q":"2","CR":"2","JX":"2","58":"2","CC":"2","36":"2","88":"2","W3":"2","5R":"2","66":"2","6R":"2","7F":"2","3J":"2","6H":"2","MV":"2","7H":"2","HC":"2","4M":"2","M3":"2","2Q":"2","8F":"2","W9":"2","QP":"2","HV":"2","PP":"2","53":"2","4J":"2","9R":"2","85":"2","XC":"2","7J":"2","78":"2","Q3":"2","P6":"2","55":"2","CH":"2","CG":"2","35":"2","JQ":"2","GV":"2","HR":"2","C2":"2","FF":"2","8J":"2","3R":"2","6F":"2","56":"2","76":"2","8G":"2","5P":"2","G4":"2","4H":"2","62":"2","R2":"2","PQ":"2","CF":"2","8R":"2","Q9":"2","FX":"2","4Q":"2","92":"2","47":"2","J7":"2","FG":"2","89":"2","6P":"2","9Q":"2","6V":"2","P5":"2","WC":"2","8H":"2","65":"2","Q8":"2","HX":"2","9C":"2","77":"2","C3":"2","6C":"2","6G":"2","R5":"2","XG":"2","HJ":"2","8C":"2","J6":"2","6X":"2","5J":"2","P2":"2","57":"2","MH":"2","67":"2","7C":"2","4P":"2","6J":"2","3W":"2","75":"2","27":"2","7M":"2","HM":"2","VQ":"2","XH":"2","XW":"2","3V":"2","5H":"2","68":"2","84":"2","GM":"2","RG":"2","95":"2","8M":"2","F5":"2"},"HW":{"WP":"2","QR":"2","VV":"2","PV":"2","QV":"2"},"F5":{"76":"2","45":"2","C5":"2"},"RV":{"XG":"2","XH":"2"},"Q2":{"3C":"2","3G":"2","38":"2","2H":"2","2C":"2","2G":"2","4F":"2","4C":"2","2F":"2","28":"2","3F":"2","49":"2"},"FM":{"4V":"2"},"Q9":{"7V":"2","6P":"2"},"RH":{"R3":"2","7C":"2","6C":"2","89":"2","88":"2","P4":"2","8C":"2","68":"2"},"88":{"H4":"2"},"69":{"93":"2","82":"2","C2":"2","92":"2"},"G5":{"64":"2"},"8G":{"RG":"2","QG":"2","XF":"2","RJ":"2","VM":"2","VJ":"2","VH":"2","QC":"2","QJ":"2","RF":"2","WF":"2","VG":"2","QH":"2","RC":"2","RH":"2","RM":"2"},"3F":{"WG":"2","XC":"2","VG":"2","XG":"2","XF":"2","VF":"2","QF":"2","XH":"2"},"38":{"J4":"2"},"H5":{"V3":"2"},"9J":{"XH":"2"},"FP":{"56":"2","57":"2","55":"2","23":"2","47":"2","94":"2","36":"2","45":"2","46":"2","84":"2","37":"2"}},"8H":{"4P":{"2Q":"2","3R":"2","6Q":"2","6R":"2","7R":"2","6V":"2","3P":"2","2R":"2","7V":"2","3Q":"2","6P":"2"},"3M":{"5M":"2","6P":"2"},"GW":{"9M":"2","9Q":"2"},"7C":{"V2":"2"},"9J":{"GW":"2","9V":"2","8V":"2","8X":"2","7W":"2","CX":"2","HW":"2","9X":"2","9W":"2","GX":"2","HX":"2","7X":"2","8W":"2"},"RP":{"X6":"2"},"5W":{"XM":"2"},"GG":{"3Q":"2"},"9M":{"C2":"2"},"4W":{"G6":"2","F7":"2","F5":"2","F6":"2"},"FX":{"73":"2"},"GX":{"87":"2"},"G5":{"54":"2"},"5C":{"HF":"2","HC":"2"},"8C":{"WR":"2"},"3P":{"VW":"2","WW":"2","WV":"2","VX":"2","VR":"2","RX":"2","QV":"2","RR":"2","RW":"2","WX":"2","H9":"2","HF":"2","JF":"2","RV":"2","WR":"2","XQ":"2","HC":"2","QR":"2","MH":"2","XW":"2","JC":"2","VV":"2"},"3Q":{"W7":"2","X4":"2","Q3":"2","X3":"2","X2":"2","P3":"2","W3":"2","V2":"2","W2":"2","W6":"2"},"4Q":{"24":"2","23":"2","54":"2","45":"2","36":"2","46":"2"},"37":{"Q6":"2"}},"CM":{"P3":{"XV":"2","WV":"2","WW":"2","MM":"2","XW":"2"},"PQ":{"C9":"2","F8":"2","C8":"2"},"FR":{"RG":"2","RF":"2","VG":"2","PV":"2","CW":"2","CQ":"2","PX":"2"},"J5":{"R6":"2","W3":"2","W4":"2"},"M3":{"VP":"2"},"M5":{"4P":"2","86":"2","9G":"2","76":"2","6Q":"2","6M":"2","75":"2","9F":"2","38":"2","7J":"2","7H":"2","6J":"2","4C":"2","7M":"2","5M":"2","5P":"2","7P":"2","6P":"2","8M":"2","4Q":"2","6H":"2","5Q":"2"},"GR":{"8Q":"2","79":"2","2C":"2","8R":"2","25":"2"},"GW":{"MG":"2"},"GX":{"G6":"2","R3":"2","Q6":"2"},"X2":{"W5":"2","V5":"2","78":"2"},"V2":{"22":"2","M6":"2","R6":"2","P5":"2","Q6":"2","M5":"2","R5":"2","G5":"2","P7":"2","R7":"2","P6":"2","G4":"2","Q7":"2","Q5":"2","64":"2","G6":"2"},"VM":{"Q4":"2"},"FW":{"RG":"2","GW":"2","QR":"2","RP":"2","RQ":"2","QM":"2","QQ":"2","RF":"2","RR":"2","VG":"2","FW":"2","VF":"2","QP":"2","RM":"2"},"P4":{"V2":"2"},"W2":{"F3":"2"},"FV":{"Q5":"2"},"PV":{"W7":"2","65":"2"},"H3":{"X4":"2"},"PX":{"6X":"2"},"PW":{"74":"2"},"Q3":{"3Q":"2","3R":"2","2R":"2"},"P7":{"99":"2","MH":"2","M9":"2","GP":"2","9F":"2","JM":"2","8M":"2","MG":"2","PC":"2","MJ":"2","HH":"2","5C":"2","GF":"2","JG":"2","MF":"2","9C":"2","PH":"2","HQ":"2","FR":"2","GH":"2","FG":"2","JV":"2","CC":"2","JH":"2","JP":"2","GJ":"2","FF":"2","CJ":"2","59":"2","HR":"2","P9":"2","FJ":"2","FH":"2","HM":"2","GR":"2","JJ":"2","9R":"2","FQ":"2","GM":"2","QH":"2","GQ":"2","CG":"2","HG":"2","GG":"2","FM":"2","HJ":"2","CF":"2","HP":"2","MC":"2","H9":"2","FP":"2","92":"2"},"J4":{"F5":"2","F6":"2"},"P2":{"J4":"2"},"MX":{"56":"2","55":"2"},"4H":{"3X":"2"},"QH":{"FM":"2","CJ":"2","CM":"2"},"H2":{"WV":"2","WW":"2","VV":"2","VR":"2"},"P6":{"2Q":"2","5R":"2","3R":"2","8X":"2","5W":"2","3V":"2","2P":"2","9X":"2","2G":"2","5V":"2","9W":"2","6W":"2","3P":"2","2R":"2","3Q":"2","4Q":"2","8W":"2"},"GV":{"FP":"2","9F":"2"},"M6":{"JH":"2","XQ":"2","VR":"2","PJ":"2","F7":"2","72":"2","RJ":"2","QJ":"2","RV":"2","RQ":"2","QM":"2","92":"2","83":"2","HH":"2","MJ":"2","H8":"2","G7":"2","G8":"2","JF":"2","HF":"2","82":"2","F8":"2","RR":"2","PM":"2","73":"2","QP":"2","MM":"2","HG":"2"},"M8":{"Q8":"2"},"M4":{"PR":"2"},"FX":{"63":"2","R3":"2","P5":"2","F7":"2","W5":"2","C4":"2","V5":"2","W6":"2","P8":"2","M5":"2","R5":"2","Q4":"2","X5":"2","M8":"2","P4":"2","94":"2","F6":"2","C3":"2","P3":"2","C7":"2","X6":"2","93":"2","96":"2","C6":"2","P7":"2","P6":"2","GJ":"2","C8":"2","M4":"2","R4":"2","Q5":"2","M3":"2","Q3":"2"},"Q8":{"79":"2","78":"2"}},"5C":{"VW":{"XX":"2","XW":"2","XV":"2","VR":"2","VV":"2","XR":"2","RQ":"2","WV":"2","WW":"2","RR":"2","WX":"2","WR":"2"},"WW":{"2W":"2","2V":"2","2X":"2","3X":"2","3W":"2","2R":"2","3V":"2"},"GH":{"XF":"2"},"V8":{"4G":"2","5F":"2","3G":"2","4H":"2","5G":"2","4F":"2","2H":"2","3H":"2"},"VX":{"X2":"2"},"J8":{"GW":"2","8X":"2","7W":"2","HW":"2","6X":"2","5W":"2","4W":"2","9X":"2","5V":"2","9W":"2","2X":"2","6W":"2","FW":"2","6V":"2","7X":"2","2W":"2","8W":"2"},"QV":{"X7":"2"},"H8":{"MW":"2","HR":"2","VW":"2","WW":"2","GR":"2","JR":"2","VX":"2","GW":"2","GX":"2","RX":"2","QX":"2","RW":"2","95":"2","WX":"2","JW":"2","PX":"2","PW":"2","JJ":"2","XX":"2","RV":"2","MX":"2","HV":"2","JV":"2","JX":"2","HX":"2","QW":"2","GV":"2","HW":"2","XW":"2"},"J9":{"93":"2","72":"2","63":"2","62":"2","82":"2","38":"2","83":"2","27":"2","28":"2","92":"2","37":"2","73":"2","48":"2"},"WX":{"55":"2","23":"2","54":"2","22":"2"},"H9":{"7C":"2","PM":"2","P7":"2","V2":"2","M5":"2","PF":"2","J4":"2","PH":"2","R4":"2","R3":"2","WW":"2","Q3":"2","J6":"2","F7":"2","PJ":"2","G2":"2","P6":"2","R7":"2","Q4":"2","XP":"2","WV":"2","P2":"2","F6":"2","V3":"2","J2":"2","XM":"2","M4":"2","Q5":"2","PG":"2","WP":"2","M2":"2","Q2":"2","P3":"2","P5":"2","P4":"2","G5":"2","H2":"2","C6":"2","H5":"2","R2":"2"},"44":{"2J":"2","2H":"2","2G":"2","3H":"2"},"J2":{"W7":"2","X8":"2","Q4":"2","M9":"2","X7":"2"},"CR":{"F3":"2"},"RV":{"35":"2","9G":"2","6C":"2","58":"2","CH":"2","CJ":"2","9H":"2","38":"2","48":"2","47":"2","26":"2","36":"2","37":"2"},"CQ":{"HW":"2"},"MV":{"F2":"2","C3":"2","F3":"2"},"98":{"XV":"2","XX":"2","XW":"2"},"C8":{"2J":"2","2W":"2","2V":"2","2R":"2"},"H7":{"9W":"2"},"CW":{"MR":"2","PV":"2","MV":"2","MQ":"2"},"MQ":{"PP":"2","PM":"2"},"M2":{"4G":"2","4F":"2","6F":"2","7F":"2","4C":"2","28":"2","29":"2"}},"JP":{"VW":{"PW":"2"},"WW":{"7Q":"2","PV":"2","XR":"2","GV":"2","PM":"2","VR":"2","MH":"2","CP":"2","MJ":"2","MR":"2","GF":"2","WJ":"2","WR":"2","MV":"2","XH":"2","F9":"2","QW":"2","GH":"2","FG":"2","JV":"2","PW":"2","MP":"2","JH":"2","MX":"2","FC":"2","PP":"2","GJ":"2","MW":"2","QV":"2","PR":"2","XP":"2","XJ":"2","HR":"2","FH":"2","GW":"2","PQ":"2","XM":"2","HV":"2","GR":"2","JJ":"2","QR":"2","GC":"2","QX":"2","QQ":"2","JW":"2","GQ":"2","RV":"2","GG":"2","RQ":"2","MM":"2","WM":"2","VQ":"2","RR":"2"},"QQ":{"MC":"2","M9":"2","J9":"2","JC":"2"},"WV":{"VP":"2","84":"2"},"VX":{"8G":"2","X3":"2","X2":"2","8H":"2","W3":"2","W2":"2"},"PP":{"WG":"2","WJ":"2","XG":"2","XJ":"2","XF":"2","XH":"2"},"VR":{"F2":"2","PM":"2","F3":"2"},"RX":{"4P":"2","4M":"2","4J":"2","7Q":"2","7R":"2","8Q":"2","5M":"2"},"VJ":{"Q8":"2"},"QV":{"WX":"2","VX":"2","MX":"2","XX":"2"},"XV":{"7Q":"2","W8":"2","95":"2","XR":"2","GV":"2","6C":"2","VR":"2","99":"2","WG":"2","8X":"2","48":"2","GP":"2","6Q":"2","W3":"2","47":"2","MG":"2","CP":"2","V7":"2","CW":"2","5X":"2","GX":"2","5C":"2","M5":"2","M6":"2","WR":"2","PF":"2","CQ":"2","MF":"2","VC":"2","HF":"2","C9":"2","R4":"2","FV":"2","JV":"2","JR":"2","CC":"2","R9":"2","7X":"2","J6":"2","MP":"2","X2":"2","5W":"2","GJ":"2","R7":"2","Q4":"2","PR":"2","XQ":"2","XP":"2","V9":"2","HX":"2","HR":"2","WH":"2","J7":"2","GW":"2","M7":"2","9G":"2","XM":"2","HV":"2","98":"2","6W":"2","89":"2","GC":"2","Q5":"2","R5":"2","PG":"2","RC":"2","FQ":"2","W2":"2","9H":"2","96":"2","HW":"2","H7":"2","JQ":"2","J5":"2","QG":"2","M8":"2","C8":"2","X3":"2","88":"2","J8":"2","RQ":"2","9W":"2","VQ":"2","RR":"2"},"VP":{"72":"2"},"RR":{"7G":"2","6H":"2","47":"2","46":"2","6G":"2"},"JP":{"7J":"2","26":"2"},"5V":{"R5":"2","X8":"2","XC":"2","R6":"2","WF":"2","X9":"2"},"QX":{"QX":"2","VV":"2"},"RW":{"63":"2","24":"2","23":"2","38":"2","22":"2","25":"2","7C":"2","52":"2","34":"2","53":"2"},"WX":{"R5":"2","W7":"2","R3":"2","X5":"2","X4":"2","J8":"2","Q5":"2","M3":"2","M8":"2","W2":"2","J7":"2"},"XH":{"XF":"2"},"PX":{"V3":"2","V2":"2"},"PW":{"MR":"2","QV":"2","RW":"2","FJ":"2","VV":"2","WV":"2","RX":"2","QW":"2","MV":"2","VX":"2","QX":"2","VW":"2"},"XX":{"H4":"2","G3":"2","G4":"2","52":"2","H3":"2","JP":"2"},"VQ":{"72":"2","63":"2","62":"2"},"RV":{"JW":"2","2X":"2","3W":"2","3V":"2","FX":"2"},"XR":{"WW":"2","VW":"2"},"5R":{"FX":"2"},"XQ":{"XQ":"2","VR":"2","VM":"2","VJ":"2","WJ":"2","XR":"2","XM":"2","WM":"2","XP":"2"},"QP":{"2J":"2","3C":"2","2H":"2","4R":"2","3H":"2","3W":"2","2M":"2"},"6V":{"4H":"2","2C":"2","4J":"2","2F":"2","28":"2","29":"2"},"QW":{"X2":"2","W5":"2","V5":"2","W4":"2","W6":"2","V6":"2","V7":"2","Q6":"2","R5":"2","R8":"2","X4":"2","V2":"2","W2":"2","J9":"2","X5":"2","W3":"2","Q8":"2","R7":"2","X3":"2","Q7":"2","JC":"2"},"XW":{"G8":"2","G7":"2","6C":"2","75":"2","73":"2","4J":"2","V8":"2","3H":"2","C2":"2","39":"2","2G":"2","84":"2","64":"2","7V":"2","7Q":"2","3F":"2","26":"2","X2":"2","2F":"2","2H":"2","7R":"2","74":"2","59":"2","35":"2","94":"2","93":"2","3C":"2","5X":"2","G2":"2","8Q":"2","2P":"2","H3":"2","2M":"2","83":"2","65":"2","2J":"2","85":"2","F4":"2","5M":"2","36":"2","P2":"2","68":"2","3J":"2","F2":"2","4C":"2","C9":"2","6V":"2","58":"2","3G":"2","P6":"2","67":"2","6F":"2","CG":"2","5J":"2","CF":"2","49":"2","69":"2","Q6":"2","Q8":"2"},"VV":{"7M":"2","7P":"2","6M":"2","XG":"2","XH":"2","4Q":"2"}},"59":{"VX":{"7V":"2","4W":"2","3X":"2","5X":"2","4X":"2","3W":"2","5W":"2"},"VM":{"8Q":"2","7Q":"2","6Q":"2"}},"8J":{"XR":{"66":"2"},"62":{"RF":"2","VC":"2","VG":"2","WF":"2","VF":"2","RC":"2","WC":"2"},"6X":{"3C":"2","3F":"2"},"PM":{"4M":"2","3M":"2"},"F3":{"89":"2"},"99":{"W6":"2","QQ":"2","MQ":"2"},"MH":{"8X":"2","VW":"2","WW":"2","WV":"2","VX":"2","GW":"2","GX":"2","RX":"2","XV":"2","WM":"2","FW":"2","VM":"2","7W":"2","WX":"2","PW":"2","8W":"2","XX":"2","XR":"2","WR":"2","QW":"2","FX":"2","XW":"2","VV":"2"},"M9":{"QH":"2"},"GP":{"93":"2","35":"2","76":"2","94":"2","36":"2","27":"2","46":"2","59":"2","78":"2","37":"2"},"6Q":{"HR":"2","JR":"2"},"9F":{"7C":"2","6C":"2","3J":"2","8H":"2","9F":"2","7G":"2","8M":"2","7H":"2","5G":"2","5C":"2","7M":"2","7F":"2","6F":"2","6M":"2","5J":"2","5P":"2","4W":"2","CH":"2","5W":"2","6P":"2","5M":"2","4G":"2","8R":"2","7J":"2","8F":"2","4F":"2","5F":"2","4Q":"2","9G":"2","9R":"2","5H":"2","9H":"2","CG":"2","6H":"2","8J":"2","8G":"2","6G":"2","9J":"2"},"68":{"R5":"2","V6":"2","R6":"2","V5":"2"},"JF":{"PF":"2"},"JM":{"93":"2","97":"2","63":"2","9C":"2","85":"2","54":"2","44":"2","96":"2","83":"2","74":"2","86":"2","95":"2","84":"2","87":"2","75":"2","73":"2","53":"2","43":"2"},"CP":{"M2":"2","R3":"2","7C":"2","F4":"2","28":"2","R5":"2","V2":"2","V4":"2","R2":"2","QQ":"2","74":"2","F5":"2","PQ":"2","V3":"2","RC":"2","R4":"2","QP":"2","68":"2"},"MJ":{"X4":"2","QP":"2","F2":"2","X2":"2","W2":"2","G2":"2"},"5X":{"R6":"2","W8":"2","Q6":"2","R8":"2","XC":"2","V8":"2","V9":"2","X9":"2","43":"2","R7":"2","Q7":"2","W9":"2"},"M5":{"XX":"2"},"JG":{"CP":"2","9P":"2"},"CQ":{"M5":"2","G9":"2","J6":"2","H5":"2","J5":"2"},"9C":{"PR":"2","QR":"2","PQ":"2","QQ":"2"},"CM":{"VW":"2","RF":"2","JR":"2","V3":"2","VX":"2","VJ":"2","W7":"2","P5":"2","V4":"2","VP":"2","PH":"2","P4":"2","VH":"2","WX":"2","VC":"2","R3":"2","JJ":"2","MJ":"2","RJ":"2","RH":"2","W8":"2","VG":"2","MX":"2","WH":"2","QH":"2","R4":"2","QG":"2","QF":"2","VF":"2","RG":"2","XM":"2","JM":"2","PG":"2"},"F9":{"G9":"2","F9":"2","H9":"2","GC":"2","HC":"2"},"PH":{"39":"2"},"C9":{"7Q":"2","3J":"2","GP":"2","8M":"2","CP":"2","5G":"2","7M":"2","3P":"2","CQ":"2","4M":"2","CM":"2","6M":"2","5J":"2","GH":"2","6J":"2","7R":"2","9M":"2","GJ":"2","4J":"2","CJ":"2","8Q":"2","8V":"2","8R":"2","FJ":"2","FH":"2","9Q":"2","4Q":"2","4P":"2","9R":"2","CR":"2","FQ":"2","GM":"2","5H":"2","3Q":"2","GQ":"2","FM":"2","3M":"2","HP":"2","9J":"2","9P":"2","FP":"2"},"CH":{"G8":"2","G7":"2","PQ":"2","C7":"2","WW":"2","97":"2","V8":"2","G9":"2","WV":"2","W4":"2","X5":"2","F9":"2","X8":"2","MG":"2","F8":"2","F6":"2","XX":"2","W8":"2","98":"2","CC":"2","C8":"2","X4":"2","W5":"2","7C":"2","XW":"2","VV":"2"},"GH":{"73":"2","QQ":"2","8H":"2","7Q":"2","26":"2","25":"2","2F":"2","5C":"2","G4":"2","59":"2","35":"2","94":"2","23":"2","93":"2","45":"2","2C":"2","5X":"2","PV":"2","2P":"2","8G":"2","2M":"2","46":"2","6P":"2","F4":"2","7P":"2","5Q":"2","C3":"2","5M":"2","55":"2","6W":"2","6X":"2","24":"2","36":"2","3W":"2","68":"2","5P":"2","5W":"2","RQ":"2","6Q":"2","C4":"2","6V":"2","92":"2","34":"2","F3":"2","9V":"2","5J":"2","69":"2","72":"2","66":"2","82":"2"},"85":{"QR":"2","QV":"2","RV":"2"},"FG":{"HR":"2","PQ":"2","8X":"2","JG":"2","4J":"2","GR":"2","6G":"2","2G":"2","7V":"2","5H":"2","3F":"2","26":"2","2F":"2","5C":"2","7R":"2","2W":"2","5V":"2","5G":"2","7W":"2","5X":"2","4Q":"2","29":"2","4V":"2","4G":"2","JF":"2","6W":"2","6X":"2","4F":"2","3W":"2","5W":"2","4C":"2","4H":"2","PR":"2","6V":"2","5F":"2","3G":"2","6F":"2","6M":"2","6J":"2","MQ":"2","5J":"2","7C":"2","6H":"2","2X":"2"},"G4":{"66":"2","58":"2","67":"2","57":"2","55":"2","69":"2","65":"2","56":"2","64":"2","68":"2"},"JH":{"H2":"2"},"G6":{"27":"2"},"PP":{"78":"2"},"GJ":{"G8":"2","6C":"2","75":"2","62":"2","RF":"2","G6":"2","77":"2","G9":"2","3H":"2","2G":"2","F9":"2","52":"2","26":"2","25":"2","2H":"2","63":"2","5C":"2","76":"2","G4":"2","35":"2","93":"2","45":"2","H8":"2","H9":"2","XH":"2","2P":"2","H3":"2","57":"2","43":"2","53":"2","78":"2","XG":"2","86":"2","2R":"2","F8":"2","85":"2","46":"2","44":"2","H4":"2","QC":"2","5Q":"2","RH":"2","55":"2","87":"2","24":"2","5P":"2","RC":"2","C9":"2","33":"2","QG":"2","5F":"2","89":"2","QF":"2","C8":"2","6F":"2","88":"2","RG":"2","G5":"2","34":"2","56":"2"},"8C":{"WC":"2"},"FF":{"66":"2","76":"2","58":"2","54":"2","67":"2","75":"2","45":"2","57":"2","55":"2","74":"2","65":"2","47":"2","56":"2","46":"2","73":"2","64":"2","36":"2"},"CJ":{"G8":"2","MW":"2","WQ":"2","F5":"2","54":"2","R9":"2","PP":"2","Q7":"2","XP":"2","WM":"2","VP":"2","JP":"2","V9":"2","X6":"2","RW":"2","X7":"2","PV":"2","JW":"2","43":"2","53":"2","VC":"2","R3":"2","J6":"2","JF":"2","VQ":"2","WC":"2","MV":"2","RQ":"2","RC":"2","WH":"2","MP":"2","XQ":"2","QP":"2","H6":"2","QG":"2","WP":"2","QF":"2","G5":"2","5J":"2","RP":"2","FJ":"2","WG":"2","PG":"2","MM":"2"},"XQ":{"3P":"2","4Q":"2"},"FJ":{"MQ":"2","3Q":"2","Q5":"2","66":"2","9X":"2","HW":"2","8W":"2","8R":"2","CP":"2","3R":"2","7W":"2","QC":"2","6G":"2","65":"2","5F":"2","HQ":"2","7X":"2","6R":"2","C2":"2","3W":"2","52":"2","PC":"2","V2":"2","JP":"2","9H":"2","72":"2","5W":"2","7J":"2","5J":"2","7P":"2","6J":"2","FJ":"2","7M":"2","44":"2","46":"2","GR":"2","4P":"2","59":"2","6M":"2","HG":"2","9V":"2","Q9":"2","5C":"2","XJ":"2","PF":"2","PP":"2","8J":"2","JH":"2","7V":"2","FP":"2","Q4":"2","47":"2","GJ":"2","3V":"2","74":"2","6V":"2","4R":"2","4J":"2","8Q":"2","5H":"2","CQ":"2","6P":"2","3C":"2","2P":"2","FW":"2","93":"2","F9":"2","45":"2","C4":"2","9W":"2","9Q":"2","R4":"2","8M":"2","5G":"2","GH":"2","5P":"2","GV":"2","FQ":"2","HV":"2","HP":"2","4W":"2","HX":"2","RW":"2","HH":"2","Q8":"2","CW":"2","J8":"2","CM":"2","VH":"2","C5":"2","64":"2","MW":"2","4H":"2","C6":"2","XM":"2","6X":"2","5V":"2","4G":"2","54":"2","FR":"2","62":"2","35":"2","PJ":"2","94":"2","3J":"2","9J":"2","4Q":"2","PW":"2","R9":"2","55":"2","7H":"2","95":"2","8P":"2","75":"2","85":"2","3M":"2","7Q":"2","X6":"2","6F":"2","4M":"2","2Q":"2","4V":"2","6Q":"2","84":"2","JG":"2","W2":"2","4F":"2","58":"2","P9":"2","QF":"2","3H":"2","82":"2","5Q":"2","63":"2","9P":"2","MP":"2","GP":"2","PQ":"2","7R":"2","5M":"2","53":"2","HR":"2","56":"2","57":"2","8X":"2","9M":"2","8H":"2","92":"2","CF":"2","FM":"2","8V":"2","3P":"2","5R":"2","F6":"2","R5":"2","CR":"2","GQ":"2","C3":"2","73":"2","6H":"2"},"FH":{"MQ":"2","3Q":"2","Q5":"2","66":"2","F4":"2","9X":"2","87":"2","F5":"2","3R":"2","7W":"2","FC":"2","6G":"2","65":"2","3F":"2","5F":"2","7X":"2","6R":"2","FF":"2","3W":"2","39":"2","5X":"2","52":"2","PC":"2","89":"2","9G":"2","JP":"2","9H":"2","5W":"2","7J":"2","5J":"2","FH":"2","6J":"2","88":"2","RQ":"2","4P":"2","59":"2","6M":"2","QW":"2","9V":"2","5C":"2","JH":"2","Q4":"2","4C":"2","GJ":"2","3V":"2","6V":"2","4R":"2","4J":"2","8Q":"2","RR":"2","5H":"2","6P":"2","CX":"2","F9":"2","9W":"2","9Q":"2","8C":"2","5G":"2","5P":"2","4W":"2","68":"2","2G":"2","CW":"2","64":"2","GM":"2","M3":"2","JR":"2","6X":"2","5V":"2","54":"2","62":"2","G5":"2","99":"2","6C":"2","MF":"2","CG":"2","9J":"2","4Q":"2","PW":"2","55":"2","76":"2","95":"2","3M":"2","9F":"2","6F":"2","8F":"2","67":"2","4M":"2","QJ":"2","2F":"2","4X":"2","69":"2","4V":"2","6Q":"2","58":"2","J2":"2","9C":"2","5Q":"2","63":"2","9P":"2","MP":"2","26":"2","37":"2","5M":"2","F3":"2","53":"2","56":"2","6W":"2","57":"2","X7":"2","9R":"2","CF":"2","3P":"2","5R":"2","MC":"2","J3":"2","XP":"2","49":"2","JQ":"2","6H":"2"},"F6":{"X8":"2"},"HM":{"72":"2","J2":"2"},"JJ":{"FW":"2"},"78":{"3F":"2"},"GC":{"HW":"2","HV":"2"},"WQ":{"W7":"2","M5":"2","M4":"2","59":"2"},"GM":{"G8":"2","9X":"2","G7":"2","G6":"2","77":"2","G9":"2","F5":"2","J8":"2","F9":"2","HM":"2","26":"2","76":"2","8J":"2","45":"2","9J":"2","2M":"2","27":"2","JJ":"2","86":"2","F8":"2","46":"2","F6":"2","55":"2","33":"2","3Q":"2","34":"2","G5":"2","F7":"2","M8":"2","FC":"2","JH":"2","JM":"2"},"WP":{"CX":"2","H3":"2"},"QP":{"WR":"2"},"67":{"QX":"2","PW":"2","QW":"2","PX":"2"},"RP":{"WJ":"2","XJ":"2","XH":"2","VM":"2","VJ":"2","WH":"2"},"CG":{"XX":"2","XW":"2","86":"2","VR":"2","QR":"2","R8":"2","CX":"2","HW":"2","RQ":"2","QQ":"2","FX":"2","C7":"2","XM":"2","Q8":"2","RR":"2","FW":"2","VF":"2","CW":"2","XJ":"2","97":"2"},"GG":{"7R":"2","6R":"2","9X":"2","7Q":"2","6W":"2","6Q":"2","5X":"2","4X":"2","5W":"2","6X":"2","8X":"2"},"FM":{"MQ":"2","24":"2","V8":"2","83":"2","HW":"2","R2":"2","GC":"2","FC":"2","65":"2","C2":"2","FF":"2","52":"2","PV":"2","JX":"2","9G":"2","9H":"2","72":"2","5W":"2","7J":"2","6J":"2","W7":"2","23":"2","7M":"2","88":"2","36":"2","29":"2","PF":"2","GF":"2","4C":"2","47":"2","48":"2","4R":"2","3C":"2","R6":"2","X3":"2","C4":"2","8C":"2","R3":"2","5P":"2","PR":"2","H2":"2","64":"2","3G":"2","GM":"2","QV":"2","MX":"2","JW":"2","54":"2","62":"2","35":"2","2J":"2","99":"2","V7":"2","94":"2","M4":"2","PW":"2","C9":"2","55":"2","G4":"2","95":"2","25":"2","32":"2","85":"2","P2":"2","9F":"2","8F":"2","R8":"2","J4":"2","R7":"2","4V":"2","34":"2","58":"2","J2":"2","9C":"2","3H":"2","82":"2","5Q":"2","63":"2","MP":"2","26":"2","33":"2","GP":"2","53":"2","FG":"2","56":"2","57":"2","V6":"2","2M":"2","H4":"2","8H":"2","X4":"2","92":"2","8G":"2","FM":"2","W8":"2","5R":"2","QR":"2","49":"2"},"HJ":{"2J":"2","4M":"2","2H":"2","3H":"2","3J":"2","6P":"2","3M":"2"},"P5":{"2Q":"2","3R":"2","2V":"2","2R":"2","2M":"2","2P":"2"},"8G":{"QX":"2","PX":"2"},"MM":{"H7":"2","R8":"2","QC":"2","V8":"2","QW":"2","V9":"2","H8":"2","G7":"2","RF":"2","G8":"2","R9":"2","VC":"2","PW":"2","C8":"2","PX":"2","RC":"2"},"CF":{"WG":"2","VF":"2","XP":"2","XQ":"2"},"9P":{"XF":"2","R5":"2","XC":"2","Q4":"2","CF":"2","FR":"2","X9":"2","W7":"2","X6":"2","WF":"2","VC":"2","R4":"2","WC":"2","W9":"2"},"FP":{"73":"2","62":"2","FM":"2","RF":"2","V8":"2","64":"2","VJ":"2","Q2":"2","CM":"2","63":"2","W6":"2","GJ":"2","74":"2","VH":"2","J3":"2","6R":"2","JJ":"2","J2":"2","RJ":"2","RH":"2","VG":"2","8P":"2","VF":"2","RG":"2","W5":"2","M2":"2","GM":"2"}},"5G":{"X3":{"GV":"2","GW":"2","HW":"2"}},"8F":{"HX":{"29":"2"},"42":{"9R":"2","Q3":"2","CV":"2"}},"9J":{"R6":{"6C":"2","69":"2"},"6R":{"GW":"2","HX":"2","GX":"2","FX":"2","FW":"2"},"2P":{"J4":"2"},"FR":{"JH":"2","HJ":"2","GH":"2","P7":"2","JJ":"2","GJ":"2","HH":"2","HG":"2"},"3J":{"GR":"2"},"2X":{"P9":"2"},"6V":{"J2":"2","J3":"2","H2":"2"}},"JW":{"C7":{"5R":"2"},"6C":{"35":"2"},"99":{"89":"2"},"48":{"7G":"2","8G":"2","8F":"2","7F":"2","59":"2","49":"2","58":"2","48":"2"}},"7G":{"4M":{"WM":"2"},"VR":{"XH":"2"},"XF":{"WG":"2","VG":"2","XG":"2","XF":"2","WF":"2","RH":"2","WH":"2","VH":"2"},"95":{"VV":"2","VR":"2"},"MX":{"Q2":"2"},"XC":{"Q3":"2","Q4":"2","P4":"2"},"7F":{"8C":"2","9C":"2","89":"2","99":"2"},"6G":{"P2":"2"},"V4":{"68":"2"},"P4":{"R2":"2","V2":"2","P2":"2"},"P3":{"RX":"2","5M":"2","VX":"2","VW":"2"},"R4":{"5Q":"2","5R":"2"},"WR":{"2J":"2","3G":"2","2H":"2","4R":"2","4F":"2","3H":"2","4C":"2"}},"79":{"8W":{"GH":"2","GF":"2","HF":"2","HH":"2","GG":"2","HG":"2"}},"8G":{"Q5":{"G7":"2","G8":"2","H8":"2","H7":"2"},"RH":{"X8":"2","X7":"2"},"P9":{"Q6":"2"},"2F":{"26":"2"},"J5":{"8P":"2","MP":"2","6M":"2","7J":"2","9P":"2","JP":"2","6J":"2","7M":"2","GJ":"2","8M":"2","MM":"2"},"G2":{"Q9":"2","M8":"2","M9":"2","P9":"2"},"34":{"QC":"2"},"73":{"8V":"2","7W":"2"}},"GP":{"M7":{"JG":"2","GH":"2","MF":"2","4P":"2","7M":"2","GR":"2","7J":"2","MG":"2","GP":"2","HH":"2","4Q":"2","6P":"2","7P":"2","QC":"2","5Q":"2","FH":"2","JF":"2","5M":"2","GG":"2","5P":"2","6Q":"2","4M":"2","3Q":"2","QF":"2","3P":"2","PF":"2","6J":"2","6M":"2","PC":"2","5J":"2"},"XV":{"M5":"2"},"M6":{"G6":"2","G4":"2"},"R6":{"R5":"2","R3":"2","V4":"2","V3":"2","V2":"2","V5":"2","R4":"2"},"F7":{"6F":"2","7F":"2"},"H4":{"CX":"2"},"C4":{"XG":"2","XF":"2","XH":"2"},"H7":{"9X":"2","CX":"2"},"W4":{"X5":"2","X4":"2","X3":"2","X2":"2","P3":"2","M3":"2","X6":"2","M2":"2","Q2":"2"},"W6":{"Q5":"2","Q6":"2"},"R5":{"VX":"2"},"X4":{"22":"2","4G":"2","28":"2","7W":"2","CX":"2","6R":"2","39":"2","3F":"2","2C":"2","7R":"2","6W":"2","38":"2","23":"2","4F":"2","33":"2","6V":"2","27":"2","26":"2","7V":"2","25":"2","37":"2","7X":"2"},"W2":{"MW":"2","HG":"2","JG":"2","GF":"2","FM":"2","JR":"2","GX":"2","RX":"2","QV":"2","GJ":"2","PV":"2","PW":"2","HF":"2","FH":"2","GG":"2","MV":"2","MX":"2","JV":"2","MR":"2","QW":"2","7C":"2","FJ":"2","GM":"2"},"R2":{"RM":"2","MM":"2","MJ":"2"},"X5":{"C2":"2","96":"2","2X":"2","65":"2","95":"2"},"C3":{"M6":"2"},"H8":{"C2":"2","92":"2"},"H5":{"C2":"2"},"W3":{"R8":"2","99":"2","VR":"2","WG":"2","RG":"2","XW":"2","R6":"2","8M":"2","PC":"2","C4":"2","V7":"2","VP":"2","WJ":"2","JG":"2","V8":"2","VG":"2","VC":"2","CM":"2","PH":"2","Q6":"2","XX":"2","CH":"2","R4":"2","VF":"2","JR":"2","R9":"2","XV":"2","R7":"2","RF":"2","Q4":"2","CJ":"2","XP":"2","V9":"2","HR":"2","WH":"2","P9":"2","XM":"2","Q7":"2","QF":"2","VM":"2","89":"2","8P":"2","Q5":"2","R5":"2","WQ":"2","RC":"2","FQ":"2","WP":"2","QP":"2","QC":"2","VH":"2","H7":"2","JQ":"2","H6":"2","VJ":"2","QG":"2","82":"2","Q9":"2","RM":"2","Q8":"2","RH":"2","RJ":"2","RQ":"2","G5":"2","WM":"2","VQ":"2","9P":"2","92":"2","R2":"2"},"C7":{"4M":"2","FF":"2","9J":"2","8P":"2","58":"2","4J":"2","7F":"2","6G":"2","FG":"2","8J":"2","9M":"2","CF":"2","6M":"2","7G":"2","7J":"2","6F":"2","CG":"2","7H":"2","6J":"2","5J":"2","7M":"2","5M":"2","5P":"2","7P":"2","6P":"2","8M":"2","6H":"2","68":"2"},"X6":{"WP":"2","XR":"2","WJ":"2","XM":"2","XF":"2","XP":"2","WQ":"2","XQ":"2","WM":"2"},"Q8":{"8J":"2"},"6F":{"VC":"2","VG":"2","WF":"2","VF":"2","VJ":"2","WC":"2"},"3X":{"7H":"2","5V":"2","6H":"2","5R":"2","7J":"2","4W":"2","5W":"2","4V":"2"},"6J":{"PJ":"2","PM":"2"},"X3":{"2X":"2"},"J7":{"VV":"2"},"G4":{"8M":"2"},"M3":{"WR":"2"}},"FP":{"2X":{"63":"2","62":"2"},"3X":{"MW":"2","VW":"2","WW":"2","WV":"2","VX":"2","VR":"2","RX":"2","XV":"2","WX":"2","JW":"2","7G":"2","JJ":"2","CH":"2","7H":"2","XR":"2","WR":"2","MX":"2","XQ":"2","JX":"2","HX":"2","FX":"2","XW":"2","JM":"2","VV":"2"},"4X":{"9R":"2","7M":"2","4H":"2","3P":"2","4J":"2","3J":"2"}},"CH":{"9V":{"RG":"2","WJ":"2","VJ":"2","WM":"2"},"3C":{"9V":"2"},"6J":{"P5":"2","R2":"2","R3":"2","V2":"2","Q2":"2"},"7H":{"2W":"2","2X":"2","3X":"2","3W":"2"},"6H":{"QX":"2","WW":"2","WX":"2","RX":"2","VX":"2","XX":"2","XW":"2"},"4X":{"V2":"2"}},"FQ":{"PV":{"W5":"2","W4":"2"},"42":{"4G":"2","72":"2","4J":"2","3G":"2","4H":"2","5H":"2","5G":"2","MG":"2","5J":"2","QF":"2","3H":"2","MH":"2"},"32":{"M2":"2","P5":"2","H4":"2","Q2":"2","Q6":"2","P8":"2","M5":"2","V2":"2","QC":"2","P2":"2","W2":"2","Q9":"2","P4":"2","J3":"2","P3":"2","J2":"2","H3":"2","J4":"2","Q8":"2","J5":"2","R9":"2","P7":"2","H2":"2","P6":"2","V3":"2","Q7":"2","RC":"2","M4":"2","M3":"2","Q3":"2"},"3J":{"3Q":"2","3P":"2","4M":"2","2Q":"2","2M":"2","2P":"2"},"MH":{"6W":"2","3R":"2","3W":"2","3V":"2","6X":"2"},"PC":{"4H":"2","4G":"2","5F":"2","4F":"2","5G":"2"},"MJ":{"9X":"2","6C":"2","28":"2","97":"2","4P":"2","3H":"2","54":"2","2G":"2","25":"2","2F":"2","2H":"2","3M":"2","59":"2","23":"2","2C":"2","9J":"2","95":"2","43":"2","53":"2","65":"2","JJ":"2","29":"2","2J":"2","CV":"2","MJ":"2","CH":"2","42":"2","C3":"2","CR":"2","9G":"2","55":"2","24":"2","98":"2","3J":"2","5W":"2","C4":"2","33":"2","CG":"2","9H":"2","34":"2","7C":"2","MH":"2","69":"2","66":"2"},"HH":{"PR":"2","QR":"2","JV":"2"},"JG":{"9X":"2","8V":"2","8W":"2"},"MV":{"68":"2","79":"2","47":"2","78":"2","69":"2","49":"2"},"C5":{"XX":"2"},"86":{"FR":"2"},"4M":{"56":"2"},"24":{"7F":"2"},"W9":{"HG":"2","JG":"2","GF":"2","MF":"2","7V":"2","PH":"2","MG":"2","8Q":"2","HH":"2","MJ":"2","CH":"2","FH":"2","JF":"2","8P":"2","9Q":"2","CJ":"2","FF":"2","9P":"2","MH":"2","JH":"2","GC":"2","FJ":"2"},"VF":{"4W":"2","4V":"2"},"R9":{"QJ":"2","FM":"2","FP":"2","GP":"2","GM":"2"},"MP":{"QC":"2"},"J6":{"HJ":"2"},"JH":{"RG":"2","MR":"2","JX":"2","VQ":"2","RW":"2","HR":"2","95":"2","JR":"2","MX":"2","RP":"2","RX":"2","PV":"2","XM":"2","GR":"2","MV":"2","GV":"2","PW":"2","HV":"2","XP":"2","PX":"2","GM":"2","QP":"2","QX":"2"},"6J":{"36":"2","27":"2","37":"2"},"PJ":{"9J":"2"},"G6":{"JQ":"2","JR":"2"},"FC":{"47":"2","36":"2","46":"2","26":"2","37":"2"},"P6":{"2X":"2","3X":"2","3W":"2"},"PP":{"CR":"2"},"G7":{"JQ":"2","9J":"2","HJ":"2","FJ":"2","9M":"2","FM":"2","JP":"2","GJ":"2","PR":"2"},"87":{"X4":"2","Q2":"2"},"7J":{"HQ":"2"},"HR":{"2V":"2","2R":"2"},"P9":{"FC":"2"},"76":{"M8":"2","P8":"2"},"PQ":{"63":"2","64":"2","54":"2"},"GR":{"XV":"2","WR":"2","WV":"2","XR":"2","VQ":"2","WQ":"2"},"2J":{"QV":"2","XQ":"2","QR":"2","RW":"2","QG":"2","PF":"2","XR":"2","QC":"2","RV":"2","Q9":"2","RX":"2","QQ":"2","PG":"2","RF":"2","RR":"2","VX":"2","XP":"2","PH":"2","QF":"2","RC":"2","QP":"2","VW":"2"},"JJ":{"7Q":"2","W8":"2","R8":"2","PM":"2","X9":"2","WG":"2","6Q":"2","R6":"2","W3":"2","XF":"2","F8":"2","V7":"2","PC":"2","V4":"2","W7":"2","C7":"2","MR":"2","X6":"2","XG":"2","V8":"2","X8":"2","X5":"2","F9":"2","C9":"2","Q6":"2","R4":"2","W9":"2","R3":"2","Q3":"2","R9":"2","W6":"2","F7":"2","FC":"2","R7":"2","Q4":"2","V9":"2","QM":"2","WH":"2","P2":"2","XC":"2","W4":"2","V3":"2","XM":"2","Q7":"2","X7":"2","97":"2","W5":"2","V5":"2","M4":"2","98":"2","Q5":"2","R5":"2","X4":"2","W2":"2","J3":"2","96":"2","VH":"2","RP":"2","Q2":"2","C8":"2","Q9":"2","P3":"2","X3":"2","P4":"2","C6":"2","V6":"2","R2":"2"},"97":{"MW":"2","HR":"2","FM":"2","HQ":"2","GR":"2","JR":"2","HM":"2","JQ":"2","7Q":"2","CM":"2","JP":"2","GJ":"2","MG":"2","FV":"2","8Q":"2","8G":"2","GP":"2","8R":"2","7P":"2","CH":"2","HP":"2","9G":"2","8V":"2","MV":"2","8P":"2","MP":"2","JV":"2","MR":"2","CJ":"2","9H":"2","FX":"2","FJ":"2","GQ":"2","GM":"2"},"VM":{"66":"2"},"98":{"G6":"2","F6":"2"},"WQ":{"RH":"2","RJ":"2","VJ":"2","VH":"2"},"QH":{"G8":"2","G7":"2","C7":"2","97":"2","G6":"2","G9":"2","F5":"2","F9":"2","C6":"2","MG":"2","93":"2","F8":"2","F6":"2","98":"2","CC":"2","99":"2","H6":"2","C9":"2","89":"2","C8":"2","88":"2","F7":"2","GC":"2"},"QC":{"HF":"2","JF":"2","JC":"2","HC":"2"},"65":{"R5":"2","Q3":"2","P3":"2","Q5":"2","Q4":"2","P4":"2"},"64":{"PR":"2","WR":"2","WP":"2","XR":"2","XP":"2","2F":"2","WQ":"2","CQ":"2","9Q":"2","XQ":"2"},"GG":{"G5":"2"},"2M":{"P5":"2","W5":"2","X7":"2","W4":"2","W6":"2","X4":"2","V2":"2","W2":"2","V4":"2","R2":"2","X5":"2","W3":"2","W7":"2","X6":"2","R7":"2","V3":"2"},"74":{"68":"2","58":"2"},"J8":{"58":"2"},"54":{"W9":"2","WH":"2"},"MM":{"93":"2","82":"2","C2":"2","C3":"2","83":"2","92":"2"},"3M":{"35":"2","28":"2","X7":"2","54":"2","39":"2","7G":"2","24":"2","38":"2","53":"2","48":"2","43":"2","27":"2","4C":"2","47":"2","26":"2","46":"2","44":"2","25":"2","2M":"2","36":"2","49":"2","37":"2"},"C6":{"X2":"2"},"43":{"F7":"2","G7":"2","G8":"2","C7":"2","F8":"2","C8":"2","97":"2"},"9P":{"33":"2","32":"2","42":"2","43":"2"}},"CR":{"W3":{"7F":"2","29":"2"}},"HP":{"3G":{"4J":"2"},"8J":{"29":"2"},"WR":{"PC":"2","MC":"2","PF":"2"},"5X":{"5M":"2","5J":"2"},"26":{"2H":"2","2Q":"2","3H":"2","3V":"2","2P":"2"},"29":{"3R":"2","2R":"2"}},"9G":{"4R":{"28":"2"},"7X":{"M7":"2","M6":"2","M5":"2","J8":"2","M8":"2","GH":"2","J5":"2","C6":"2","J6":"2","J7":"2","JC":"2","M9":"2","P9":"2"},"5W":{"QC":"2"}},"CQ":{"W4":{"4H":"2","J6":"2"},"W6":{"FH":"2"},"V2":{"8Q":"2","7M":"2","7P":"2","35":"2","7Q":"2","38":"2","CP":"2","6M":"2","8R":"2","36":"2","27":"2","42":"2","26":"2","CW":"2","37":"2","43":"2"},"QC":{"8V":"2"},"V8":{"JH":"2","MH":"2","MC":"2","MF":"2","MG":"2","JJ":"2","JF":"2","JG":"2"},"R2":{"5C":"2"},"W3":{"4W":"2","3W":"2","3V":"2","4V":"2"},"J4":{"4V":"2"},"WF":{"62":"2","HC":"2","95":"2","85":"2","94":"2","C7":"2","96":"2","C6":"2","74":"2","C5":"2","73":"2","G9":"2"},"C6":{"6M":"2"},"J6":{"X4":"2"},"V3":{"G8":"2","QJ":"2","G7":"2","HG":"2","75":"2","GF":"2","WW":"2","GH":"2","G6":"2","G9":"2","F5":"2","84":"2","RX":"2","F9":"2","JQ":"2","JP":"2","74":"2","94":"2","93":"2","RW":"2","95":"2","WX":"2","83":"2","HF":"2","F8":"2","85":"2","F6":"2","F4":"2","C3":"2","GG":"2","MP":"2","C4":"2","99":"2","C8":"2","FF":"2","QW":"2","HC":"2","F7":"2","F3":"2","MQ":"2","FC":"2","GC":"2","MM":"2"},"QF":{"H4":"2","M5":"2","H5":"2","H3":"2","J4":"2","J5":"2","J6":"2","M4":"2"},"XG":{"FF":"2","77":"2","HJ":"2","79":"2","FH":"2","FG":"2","9C":"2","67":"2","HH":"2","GG":"2","GH":"2","QW":"2","JJ":"2","CG":"2","GJ":"2","HG":"2"},"WC":{"GH":"2"}},"7H":{"H6":{"WV":"2","XG":"2","XJ":"2","XX":"2"},"M6":{"2P":"2"},"H7":{"X2":"2","W5":"2","V5":"2","W4":"2","X4":"2","V2":"2","W2":"2","V4":"2","X5":"2","W3":"2","X3":"2","V3":"2"},"72":{"7V":"2","9X":"2","9W":"2","8W":"2","GX":"2","8X":"2"},"W6":{"6R":"2","4R":"2","5V":"2","3R":"2","5R":"2","4W":"2","6V":"2","CX":"2","5W":"2","4V":"2"},"V6":{"XV":"2","WV":"2"},"P4":{"QJ":"2","RH":"2","QH":"2"},"23":{"WP":"2","WJ":"2","XM":"2","XJ":"2","WM":"2"},"J5":{"7R":"2","8V":"2","8R":"2"},"XH":{"W8":"2","X9":"2","W9":"2"},"J6":{"5X":"2","VQ":"2","QR":"2","66":"2","C4":"2","HR":"2","76":"2","8P":"2","4X":"2","3W":"2","9R":"2","CH":"2","6G":"2","5W":"2","67":"2","3F":"2","7R":"2","4W":"2","8Q":"2","5G":"2","VP":"2","2X":"2","GR":"2","3X":"2","9P":"2","69":"2","GV":"2","9Q":"2","3Q":"2","PR":"2","64":"2","3H":"2","59":"2","2W":"2"},"J7":{"22":"2","42":"2","85":"2","75":"2","24":"2","23":"2","33":"2","43":"2","74":"2","34":"2","84":"2","32":"2"},"Q7":{"4G":"2","2J":"2","3G":"2","4H":"2","5H":"2","5G":"2","3J":"2","8F":"2","2H":"2","8G":"2","3H":"2"}},"HV":{"X7":{"RM":"2","PM":"2","PP":"2","JQ":"2","WM":"2","VP":"2","VM":"2","PH":"2","JP":"2","PJ":"2","MJ":"2","MP":"2","QP":"2","QG":"2","WP":"2","QM":"2","MH":"2","RP":"2","MM":"2"},"JG":{"RM":"2","VM":"2","RP":"2"},"JR":{"9M":"2"},"8X":{"VW":"2","XX":"2"},"CX":{"62":"2"},"W2":{"P3":"2","M3":"2"},"V4":{"87":"2"},"2C":{"M6":"2"},"9X":{"28":"2"},"GV":{"G7":"2","J8":"2","J9":"2","H7":"2","J7":"2"},"R7":{"2X":"2"},"8W":{"QM":"2","VC":"2","C5":"2"}},"MP":{"MQ":{"5H":"2","6H":"2"},"V8":{"HJ":"2","PX":"2"},"3Q":{"VR":"2","MH":"2","RX":"2","RG":"2","GP":"2","R6":"2","JM":"2","XF":"2","CP":"2","V7":"2","PC":"2","M3":"2","MR":"2","M5":"2","PF":"2","9V":"2","X5":"2","HF":"2","5P":"2","HQ":"2","GH":"2","R4":"2","FV":"2","R3":"2","JV":"2","H4":"2","VF":"2","Q3":"2","R9":"2","MP":"2","6P":"2","JP":"2","9M":"2","R7":"2","RF":"2","MW":"2","CJ":"2","4G":"2","HX":"2","HR":"2","P2":"2","P9":"2","FJ":"2","FH":"2","W4":"2","4H":"2","4Q":"2","HM":"2","G8":"2","QF":"2","W5":"2","VV":"2","3X":"2","M4":"2","4P":"2","QX":"2","R5":"2","PG":"2","FQ":"2","5Q":"2","X4":"2","GM":"2","QH":"2","QC":"2","GQ":"2","M2":"2","J5":"2","VX":"2","QG":"2","FM":"2","Q9":"2","P3":"2","P4":"2","MM":"2","9W":"2","HP":"2","H5":"2","FP":"2","9P":"2","WC":"2"},"HJ":{"WW":"2","WX":"2","RX":"2","VX":"2","VW":"2","8W":"2"},"3R":{"7Q":"2","PV":"2","XR":"2","R8":"2","5V":"2","FW":"2","GV":"2","5R":"2","F3":"2","VR":"2","RX":"2","2W":"2","2R":"2","6Q":"2","XW":"2","R6":"2","P7":"2","JF":"2","V2":"2","XF":"2","MG":"2","6R":"2","3R":"2","M3":"2","GX":"2","MR":"2","X6":"2","M5":"2","M6":"2","WR":"2","4R":"2","3P":"2","JG":"2","MF":"2","XG":"2","MV":"2","9V":"2","PX":"2","CM":"2","X5":"2","3V":"2","5P":"2","4W":"2","XX":"2","RW":"2","FR":"2","CV":"2","R4":"2","FV":"2","R3":"2","JV":"2","JR":"2","7P":"2","PW":"2","MP":"2","J6":"2","XV":"2","W6":"2","6P":"2","5W":"2","G6":"2","P6":"2","R7":"2","MW":"2","Q4":"2","4V":"2","PR":"2","XP":"2","5M":"2","8V":"2","HR":"2","WH":"2","P2":"2","GW":"2","M7":"2","W4":"2","V3":"2","4Q":"2","26":"2","PQ":"2","HV":"2","X7":"2","GR":"2","MQ":"2","QR":"2","F2":"2","W5":"2","3X":"2","4P":"2","2V":"2","FX":"2","9R":"2","QX":"2","R5":"2","CR":"2","PG":"2","QQ":"2","5Q":"2","6V":"2","X4":"2","WP":"2","QP":"2","J3":"2","JW":"2","M2":"2","J9":"2","RP":"2","HW":"2","H7":"2","JQ":"2","F5":"2","H6":"2","RV":"2","QG":"2","M8":"2","Q9":"2","P3":"2","X3":"2","2M":"2","P8":"2","Q8":"2","RJ":"2","P5":"2","J8":"2","RQ":"2","P4":"2","H2":"2","F4":"2","VQ":"2","MC":"2","V6":"2","3W":"2","FP":"2"},"6G":{"GW":"2","CX":"2","HW":"2","9X":"2","9W":"2","FX":"2","GX":"2","JF":"2","HX":"2","FW":"2","GV":"2","HV":"2","CW":"2","CV":"2"},"5F":{"GF":"2"},"JM":{"HP":"2","38":"2","36":"2","27":"2","28":"2","42":"2","52":"2","26":"2","37":"2","29":"2"},"2R":{"W8":"2","32":"2","22":"2","3G":"2","MH":"2","XW":"2","R6":"2","P7":"2","MG":"2","C4":"2","W7":"2","5X":"2","PF":"2","MF":"2","V8":"2","PH":"2","4W":"2","H3":"2","GH":"2","W9":"2","H4":"2","W6":"2","5W":"2","G6":"2","PP":"2","RF":"2","CX":"2","QJ":"2","4V":"2","XQ":"2","HR":"2","J7":"2","V3":"2","7V":"2","J2":"2","HM":"2","Q7":"2","GR":"2","VM":"2","W5":"2","V5":"2","FX":"2","R5":"2","GM":"2","J3":"2","GQ":"2","HW":"2","VX":"2","RM":"2","RJ":"2","P4":"2","H2":"2","3F":"2","V6":"2","H9":"2"},"3W":{"QJ":"2","P3":"2","G7":"2","M7":"2","WQ":"2","C7":"2","M3":"2","73":"2","97":"2","G6":"2","77":"2","QQ":"2","W4":"2","X5":"2","C2":"2","R9":"2","VR":"2","Q2":"2","26":"2","X2":"2","C6":"2","76":"2","PH":"2","22":"2","94":"2","23":"2","96":"2","J9":"2","VH":"2","95":"2","XH":"2","W3":"2","Q5":"2","X3":"2","PJ":"2","XG":"2","86":"2","44":"2","F6":"2","C3":"2","VQ":"2","87":"2","C5":"2","R8":"2","VG":"2","24":"2","98":"2","P2":"2","F2":"2","WH":"2","QP":"2","C4":"2","H6":"2","QH":"2","QG":"2","67":"2","X4":"2","C8":"2","Q9":"2","VF":"2","88":"2","H7":"2","34":"2","F7":"2","F3":"2","WF":"2","FC":"2","GC":"2","WG":"2","PG":"2","Q8":"2","82":"2"},"PC":{"CJ":"2"},"V2":{"7G":"2","8C":"2","8G":"2","8F":"2","6F":"2","7F":"2"},"JP":{"W8":"2","X8":"2","X9":"2","W9":"2","RP":"2"},"5J":{"XR":"2","MH":"2","9F":"2","2Q":"2","V2":"2","6R":"2","MG":"2","VP":"2","5C":"2","M5":"2","M6":"2","WR":"2","H8":"2","MF":"2","9C":"2","J4":"2","Q6":"2","73":"2","R4":"2","R3":"2","H4":"2","Q3":"2","J6":"2","JH":"2","XV":"2","G6":"2","P6":"2","9M":"2","8C":"2","Q4":"2","59":"2","QV":"2","7W":"2","XQ":"2","83":"2","J7":"2","P2":"2","8F":"2","M7":"2","V3":"2","2J":"2","6W":"2","72":"2","Q5":"2","R5":"2","WQ":"2","WP":"2","H7":"2","F5":"2","H6":"2","J5":"2","Q2":"2","82":"2","P3":"2","2M":"2","P5":"2","3C":"2","G5":"2","9W":"2","H5":"2","R2":"2"},"7P":{"24":"2","3Q":"2","F4":"2","87":"2","F5":"2","RX":"2","3R":"2","6G":"2","PX":"2","5F":"2","6R":"2","C2":"2","2R":"2","97":"2","3W":"2","52":"2","PC":"2","CJ":"2","PV":"2","JX":"2","9G":"2","7J":"2","5J":"2","88":"2","GR":"2","4P":"2","59":"2","JV":"2","5C":"2","PF":"2","QH":"2","43":"2","GF":"2","4C":"2","H5":"2","3V":"2","4J":"2","WX":"2","78":"2","5H":"2","FX":"2","FW":"2","93":"2","M8":"2","XX":"2","RH":"2","C4":"2","8M":"2","5G":"2","68":"2","77":"2","MV":"2","2G":"2","C5":"2","MW":"2","4H":"2","MX":"2","C6":"2","JW":"2","JR":"2","4G":"2","35":"2","2J":"2","96":"2","99":"2","94":"2","6C":"2","3J":"2","7F":"2","PW":"2","G4":"2","7H":"2","95":"2","25":"2","32":"2","85":"2","3M":"2","9F":"2","6F":"2","67":"2","4M":"2","G3":"2","2F":"2","2H":"2","69":"2","2Q":"2","34":"2","H3":"2","84":"2","C7":"2","4F":"2","58":"2","H8":"2","9C":"2","QF":"2","82":"2","63":"2","33":"2","J6":"2","F3":"2","53":"2","56":"2","57":"2","M7":"2","H7":"2","9M":"2","2M":"2","H4":"2","CF":"2","F7":"2","3P":"2","98":"2","5R":"2","F6":"2","86":"2","H6":"2","MR":"2","7G":"2","C3":"2","6H":"2"},"6J":{"99":"2","3W":"2","C9":"2","2V":"2","9C":"2","2P":"2","CC":"2","57":"2","2X":"2","3X":"2","9P":"2","48":"2","47":"2","56":"2","2R":"2","46":"2","2W":"2"},"7M":{"HR":"2","4W":"2","GW":"2","GX":"2","7V":"2","FW":"2","2W":"2","5X":"2","FV":"2","6R":"2","2R":"2","4X":"2","4V":"2","3R":"2","3W":"2","3V":"2","5W":"2","GV":"2","2V":"2","FX":"2","GQ":"2","2X":"2","4R":"2"},"4P":{"MQ":"2","66":"2","9X":"2","HW":"2","87":"2","R2":"2","W9":"2","CP":"2","RX":"2","WW":"2","VR":"2","7W":"2","65":"2","PX":"2","7X":"2","P4":"2","WM":"2","C2":"2","FF":"2","JM":"2","2R":"2","3W":"2","PV":"2","JX":"2","9G":"2","5W":"2","VJ":"2","7J":"2","5J":"2","7P":"2","PH":"2","FJ":"2","7M":"2","44":"2","88":"2","GR":"2","29":"2","4P":"2","JV":"2","QW":"2","PP":"2","8J":"2","VM":"2","JH":"2","43":"2","7V":"2","WQ":"2","GF":"2","FP":"2","RF":"2","H5":"2","V9":"2","48":"2","3V":"2","78":"2","8Q":"2","RR":"2","CC":"2","J7":"2","FX":"2","6P":"2","FV":"2","VX":"2","FW":"2","CX":"2","38":"2","F9":"2","RH":"2","8M":"2","XV":"2","5P":"2","GV":"2","FQ":"2","HV":"2","VW":"2","4W":"2","77":"2","HX":"2","RW":"2","MV":"2","J8":"2","CM":"2","VH":"2","GM":"2","MW":"2","QV":"2","GG":"2","W3":"2","JR":"2","6X":"2","4G":"2","FR":"2","54":"2","P3":"2","CG":"2","9J":"2","M4":"2","PW":"2","MG":"2","WV":"2","2C":"2","76":"2","8P":"2","32":"2","3M":"2","7Q":"2","9F":"2","QX":"2","RJ":"2","R8":"2","QJ":"2","4V":"2","6Q":"2","JG":"2","RM":"2","P9":"2","QF":"2","MP":"2","9P":"2","GP":"2","PQ":"2","J6":"2","WJ":"2","F3":"2","FG":"2","6W":"2","57":"2","H7":"2","8X":"2","9M":"2","VQ":"2","QM":"2","MM":"2","Q2":"2","8H":"2","9R":"2","VV":"2","CF":"2","2V":"2","FM":"2","W8":"2","98":"2","86":"2","PM":"2","QG":"2","H6":"2","QQ":"2","MR":"2","CR":"2","XW":"2","GQ":"2","J5":"2"},"6M":{"4P":"2","XX":"2","XW":"2","XV":"2","GC":"2","6C":"2","F9":"2","67":"2","45":"2","57":"2","WW":"2","6W":"2","6V":"2","WX":"2","VX":"2","FC":"2","56":"2","2R":"2","5P":"2","46":"2","4Q":"2","5Q":"2"},"5C":{"HR":"2","HQ":"2"},"3X":{"38":"2","47":"2","37":"2","48":"2"},"FP":{"44":"2","45":"2","42":"2","52":"2","43":"2"},"XG":{"C4":"2"},"V9":{"R3":"2","Q2":"2","W8":"2","V8":"2","P2":"2","V9":"2","W9":"2","Q3":"2"},"3V":{"5V":"2","FW":"2","62":"2","GV":"2","6C":"2","MH":"2","2R":"2","2W":"2","XW":"2","7G":"2","JF":"2","8M":"2","PC":"2","7H":"2","MJ":"2","MR":"2","7M":"2","3P":"2","PF":"2","MF":"2","7F":"2","J4":"2","6F":"2","CM":"2","X5":"2","3V":"2","5J":"2","5P":"2","XX":"2","HQ":"2","FR":"2","FV":"2","8W":"2","WW":"2","2X":"2","H4":"2","7P":"2","X2":"2","6P":"2","9M":"2","4J":"2","QJ":"2","4V":"2","7W":"2","7J":"2","P9":"2","GW":"2","7V":"2","4Q":"2","MQ":"2","QF":"2","2V":"2","FX":"2","8P":"2","QX":"2","CR":"2","6V":"2","9X":"2","X4":"2","QH":"2","QC":"2","RP":"2","J5":"2","HG":"2","Q2":"2","Q9":"2","4X":"2","RM":"2","X3":"2","Q8":"2","RJ":"2","69":"2","J8":"2","RQ":"2","6G":"2","HP":"2","VQ":"2","F4":"2","MC":"2","H5":"2","3W":"2","43":"2"},"4R":{"24":"2","V8":"2","3Q":"2","Q5":"2","9X":"2","HW":"2","8W":"2","79":"2","HJ":"2","3R":"2","7W":"2","M5":"2","7X":"2","FF":"2","2R":"2","97":"2","3W":"2","5X":"2","52":"2","XF":"2","27":"2","72":"2","7J":"2","5J":"2","FH":"2","6J":"2","XR":"2","23":"2","7M":"2","42":"2","4P":"2","JV":"2","6M":"2","5C":"2","QH":"2","3X":"2","7V":"2","QP":"2","GJ":"2","3V":"2","6V":"2","FV":"2","2P":"2","2X":"2","RH":"2","5P":"2","GV":"2","MV":"2","2G":"2","PR":"2","64":"2","3G":"2","MW":"2","C6":"2","JW":"2","6X":"2","62":"2","G6":"2","G5":"2","35":"2","96":"2","V7":"2","3J":"2","M4":"2","4Q":"2","P6":"2","WV":"2","2C":"2","P5":"2","25":"2","VP":"2","32":"2","JF":"2","3M":"2","2W":"2","RJ":"2","WP":"2","4M":"2","QJ":"2","2F":"2","4X":"2","2H":"2","69":"2","34":"2","QF":"2","3H":"2","5Q":"2","26":"2","33":"2","5M":"2","53":"2","FG":"2","8X":"2","2M":"2","92":"2","2V":"2","3P":"2","QG":"2","73":"2","6H":"2"},"4J":{"FW":"2","6X":"2","PM":"2","32":"2","3G":"2","MH":"2","8H":"2","RG":"2","R6":"2","P7":"2","8M":"2","7H":"2","VP":"2","MJ":"2","HH":"2","27":"2","WJ":"2","49":"2","3P":"2","7F":"2","J4":"2","VG":"2","PX":"2","CM":"2","QW":"2","PH":"2","Q6":"2","GH":"2","PW":"2","MP":"2","JH":"2","6J":"2","PJ":"2","PP":"2","9M":"2","GJ":"2","QJ":"2","MW":"2","87":"2","CJ":"2","7W":"2","XQ":"2","XP":"2","4G":"2","XJ":"2","7J":"2","QM":"2","WH":"2","P2":"2","FJ":"2","GW":"2","FH":"2","4F":"2","4H":"2","9Q":"2","5F":"2","7V":"2","4Q":"2","J2":"2","XM":"2","MQ":"2","VM":"2","3H":"2","8P":"2","QX":"2","WQ":"2","5Q":"2","WP":"2","QC":"2","QH":"2","9H":"2","J3":"2","VH":"2","GQ":"2","RP":"2","37":"2","VJ":"2","RV":"2","FM":"2","P3":"2","RM":"2","6H":"2","RH":"2","RJ":"2","88":"2","8J":"2","P4":"2","MM":"2","WM":"2","VQ":"2","9J":"2","9P":"2"},"8Q":{"33":"2","32":"2","42":"2"},"5H":{"QX":"2","WW":"2","WX":"2","RX":"2","7X":"2","PX":"2"},"6P":{"MQ":"2","22":"2","8R":"2","RX":"2","HJ":"2","VR":"2","GC":"2","6G":"2","5F":"2","HQ":"2","3W":"2","5X":"2","52":"2","V2":"2","JP":"2","5W":"2","7P":"2","44":"2","42":"2","W4":"2","RQ":"2","GR":"2","6M":"2","QW":"2","9V":"2","XJ":"2","PP":"2","8J":"2","JH":"2","FP":"2","QP":"2","GJ":"2","XG":"2","3V":"2","6V":"2","8Q":"2","RR":"2","FV":"2","FW":"2","X3":"2","9W":"2","9Q":"2","8C":"2","MH":"2","5G":"2","GV":"2","FQ":"2","HP":"2","4W":"2","JC":"2","G9":"2","HH":"2","CW":"2","GM":"2","WC":"2","JW":"2","JR":"2","6X":"2","XH":"2","FR":"2","2J":"2","MJ":"2","99":"2","W6":"2","8P":"2","7Q":"2","HF":"2","2W":"2","9F":"2","X6":"2","8F":"2","WR":"2","4X":"2","4V":"2","JJ":"2","4F":"2","9C":"2","QF":"2","MP":"2","GP":"2","PQ":"2","7R":"2","5M":"2","HR":"2","HC":"2","CV":"2","6W":"2","CH":"2","X7":"2","H4":"2","MM":"2","X4":"2","9R":"2","2V":"2","8G":"2","3P":"2","QR":"2","QG":"2","QQ":"2","MR":"2","CR":"2","XW":"2","GQ":"2","W5":"2","JQ":"2","V3":"2"},"9Q":{"72":"2","PR":"2","97":"2","62":"2","HV":"2","96":"2","MR":"2","94":"2","PV":"2"},"8C":{"9V":"2","9X":"2","QM":"2","9W":"2","CX":"2","RJ":"2","FV":"2","CW":"2","FW":"2","CV":"2"},"8M":{"Q8":"2","R8":"2","Q9":"2"},"5G":{"2V":"2"},"5P":{"6X":"2","3J":"2","VR":"2","2W":"2","XW":"2","JM":"2","PC":"2","3R":"2","MJ":"2","V4":"2","GX":"2","4R":"2","3P":"2","PF":"2","3V":"2","PH":"2","2H":"2","Q6":"2","XX":"2","JV":"2","WW":"2","2X":"2","XV":"2","7R":"2","PJ":"2","QJ":"2","MW":"2","QV":"2","HX":"2","V3":"2","7V":"2","4Q":"2","XM":"2","Q7":"2","JJ":"2","QF":"2","VV":"2","3X":"2","2V":"2","PG":"2","QQ":"2","6V":"2","QP":"2","QH":"2","QC":"2","3Q":"2","JW":"2","RP":"2","RV":"2","QG":"2","Q9":"2","RQ":"2","MM":"2","3M":"2","3W":"2","RR":"2"},"XC":{"53":"2"},"WH":{"3Q":"2","3P":"2","4P":"2","4Q":"2"},"HP":{"MF":"2","HF":"2","JF":"2","GG":"2"},"4W":{"G7":"2","38":"2","4J":"2","28":"2","77":"2","C2":"2","5H":"2","25":"2","3M":"2","C6":"2","22":"2","23":"2","96":"2","93":"2","J3":"2","53":"2","65":"2","4Q":"2","29":"2","87":"2","24":"2","P2":"2","3J":"2","4H":"2","4M":"2","92":"2","67":"2","48":"2","F3":"2","5J":"2"},"PR":{"54":"2","52":"2","53":"2"},"CM":{"5X":"2","8R":"2","4V":"2","4X":"2","8V":"2","7W":"2","6X":"2","6R":"2","5W":"2","7R":"2","5V":"2","24":"2","6W":"2","23":"2","6V":"2","7V":"2","6H":"2"},"VH":{"GH":"2","GF":"2","GJ":"2","GG":"2","FF":"2","XQ":"2","FG":"2"},"4H":{"MH":"2","MJ":"2"},"6X":{"9R":"2","9V":"2"},"7C":{"5C":"2","5F":"2","6F":"2"},"5V":{"29":"2"},"2J":{"MR":"2"},"HM":{"R5":"2","X5":"2","X8":"2","W5":"2","R6":"2","X6":"2","V5":"2","Q6":"2","X7":"2"},"G7":{"H4":"2"},"3J":{"VQ":"2","RW":"2","2J":"2","HR":"2","RJ":"2","HQ":"2","HW":"2","RX":"2","MJ":"2","VP":"2","HX":"2","WP":"2","WF":"2","RR":"2","VG":"2","VC":"2","3H":"2","QX":"2","RH":"2","P9":"2","5Q":"2"},"9J":{"2V":"2","2R":"2"},"4Q":{"MQ":"2","24":"2","V8":"2","Q5":"2","66":"2","9X":"2","87":"2","R2":"2","W9":"2","HJ":"2","7W":"2","QC":"2","6G":"2","65":"2","3F":"2","M5":"2","5F":"2","6R":"2","P4":"2","7X":"2","WM":"2","C2":"2","97":"2","5X":"2","PC":"2","XF":"2","CJ":"2","VC":"2","9G":"2","5W":"2","5J":"2","VJ":"2","7P":"2","PH":"2","FH":"2","W7":"2","FJ":"2","WG":"2","W4":"2","HG":"2","P8":"2","9V":"2","X2":"2","Q9":"2","PF":"2","XJ":"2","VM":"2","JH":"2","QH":"2","3X":"2","WQ":"2","GF":"2","FP":"2","Q4":"2","GJ":"2","XG":"2","V9":"2","6V":"2","CC":"2","J7":"2","R6":"2","X5":"2","P7":"2","2X":"2","X3":"2","M8":"2","45":"2","9W":"2","Q3":"2","R4":"2","MH":"2","R3":"2","8M":"2","5G":"2","GH":"2","GV":"2","WH":"2","4W":"2","HX":"2","G9":"2","HH":"2","Q8":"2","J8":"2","F2":"2","CM":"2","VH":"2","H2":"2","64":"2","GM":"2","M3":"2","4H":"2","GG":"2","C6":"2","XM":"2","W3":"2","V4":"2","6X":"2","5V":"2","XH":"2","4G":"2","G6":"2","35":"2","G7":"2","MJ":"2","96":"2","V7":"2","PJ":"2","MF":"2","CG":"2","M4":"2","7F":"2","X8":"2","MG":"2","W6":"2","WF":"2","P6":"2","R9":"2","55":"2","G4":"2","76":"2","P5":"2","VP":"2","8P":"2","JF":"2","75":"2","7Q":"2","HF":"2","9F":"2","P2":"2","X6":"2","RJ":"2","6F":"2","WP":"2","R8":"2","J4":"2","G3":"2","QJ":"2","V5":"2","2F":"2","4X":"2","R7":"2","34":"2","H3":"2","6Q":"2","G2":"2","JG":"2","RM":"2","4F":"2","W2":"2","Q6":"2","J2":"2","9C":"2","M6":"2","9P":"2","GP":"2","J6":"2","WJ":"2","F3":"2","FG":"2","6W":"2","M7":"2","H7":"2","V6":"2","CH":"2","9M":"2","VQ":"2","X7":"2","X9":"2","Q2":"2","X4":"2","9R":"2","92":"2","CF":"2","W8":"2","8G":"2","FM":"2","98":"2","MC":"2","F6":"2","RC":"2","R5":"2","86":"2","PG":"2","J3":"2","M9":"2","XP":"2","H6":"2","CR":"2","7G":"2","W5":"2","J5":"2","Q7":"2"},"W6":{"2M":"2","2P":"2"},"8P":{"8Q":"2","7R":"2","4H":"2","7Q":"2","8R":"2","2M":"2"},"3M":{"XR":"2","F3":"2","VR":"2","WG":"2","RG":"2","9F":"2","P7":"2","MG":"2","CP":"2","PC":"2","V7":"2","VP":"2","MJ":"2","GF":"2","WJ":"2","WR":"2","PF":"2","X8":"2","F9":"2","R3":"2","JR":"2","Q3":"2","R9":"2","79":"2","X2":"2","W6":"2","PJ":"2","G6":"2","FC":"2","PP":"2","R7":"2","GJ":"2","RF":"2","JC":"2","QJ":"2","MW":"2","Q4":"2","PR":"2","XQ":"2","XP":"2","XJ":"2","QM":"2","W4":"2","PQ":"2","XM":"2","Q7":"2","X7":"2","QF":"2","QR":"2","VM":"2","W5":"2","Q5":"2","PG":"2","WQ":"2","QQ":"2","X4":"2","WP":"2","QP":"2","QH":"2","9H":"2","65":"2","VH":"2","J9":"2","RP":"2","64":"2","VJ":"2","QG":"2","GG":"2","Q2":"2","M8":"2","RM":"2","X3":"2","74":"2","RH":"2","RJ":"2","RQ":"2","WM":"2","VQ":"2","V6":"2","H9":"2","9J":"2","R2":"2","WC":"2"},"7Q":{"72":"2","63":"2","35":"2","62":"2","82":"2","44":"2","83":"2","45":"2","36":"2","34":"2","53":"2"},"2W":{"P3":"2","M7":"2","M3":"2","GF":"2","G9":"2","W4":"2","V3":"2","P8":"2","Q2":"2","X2":"2","V2":"2","W2":"2","X6":"2","93":"2","W3":"2","R3":"2","Q3":"2","P7":"2","P2":"2","QG":"2","92":"2","P6":"2","X4":"2","FF":"2","M6":"2","M8":"2","M4":"2","M2":"2","R2":"2"},"9F":{"MV":"2"},"6F":{"C7":"2","MW":"2","JW":"2","C8":"2","MV":"2","JV":"2","JR":"2"},"8F":{"F2":"2","C2":"2","H2":"2","G2":"2"},"4M":{"FF":"2","3M":"2","99":"2","22":"2","77":"2","66":"2","9J":"2","76":"2","GC":"2","4V":"2","4X":"2","3W":"2","C9":"2","8H":"2","6G":"2","FG":"2","9C":"2","8J":"2","5W":"2","85":"2","CF":"2","9M":"2","6M":"2","75":"2","CC":"2","7G":"2","4W":"2","9H":"2","55":"2","5V":"2","2X":"2","23":"2","8F":"2","FX":"2","C7":"2","HF":"2","3X":"2","48":"2","CG":"2","43":"2","74":"2","7H":"2","65":"2","3P":"2","FC":"2","7M":"2","84":"2","3Q":"2","C8":"2","8G":"2","G9":"2","8M":"2","64":"2","H9":"2","2W":"2","5Q":"2"},"2F":{"VG":"2","WF":"2"},"4X":{"9X":"2","9W":"2","8W":"2","8X":"2"},"2Q":{"7Q":"2","XR":"2","2P":"2","FW":"2","GV":"2","GP":"2","2R":"2","2W":"2","WX":"2","JM":"2","2Q":"2","8M":"2","CP":"2","HH":"2","MR":"2","GF":"2","WR":"2","7M":"2","3P":"2","CQ":"2","9V":"2","CM":"2","XX":"2","HQ":"2","CV":"2","FR":"2","GH":"2","FV":"2","FG":"2","2X":"2","56":"2","MP":"2","MX":"2","JP":"2","PP":"2","9M":"2","46":"2","FF":"2","CJ":"2","HX":"2","QM":"2","9Q":"2","HM":"2","GR":"2","3X":"2","98":"2","FX":"2","9R":"2","CR":"2","GM":"2","WP":"2","9H":"2","3Q":"2","JW":"2","GQ":"2","HW":"2","GG":"2","FM":"2","2M":"2","JX":"2","MM":"2","WM":"2","HP":"2","9J":"2"},"4V":{"23":"2","42":"2","62":"2","52":"2","32":"2","X9":"2","22":"2","F3":"2","R6":"2","47":"2","JF":"2","93":"2","C4":"2","G3":"2","3P":"2","JG":"2","H8":"2","C5":"2","24":"2","X5":"2","PH":"2","73":"2","2X":"2","94":"2","G2":"2","G6":"2","FC":"2","55":"2","CX":"2","87":"2","Q4":"2","33":"2","97":"2","C3":"2","98":"2","72":"2","PG":"2","9X":"2","X4":"2","W2":"2","QH":"2","3Q":"2","M2":"2","H7":"2","64":"2","J5":"2","Q9":"2","P3":"2","88":"2","C2":"2","P4":"2","54":"2","53":"2","F4":"2","45":"2","43":"2","92":"2"},"JJ":{"HH":"2"},"6Q":{"7C":"2","95":"2","58":"2","R8":"2","42":"2","62":"2","52":"2","G9":"2","6C":"2","3G":"2","F3":"2","48":"2","47":"2","68":"2","93":"2","5G":"2","5C":"2","M6":"2","H8":"2","7F":"2","24":"2","6F":"2","2H":"2","66":"2","85":"2","73":"2","79":"2","84":"2","G6":"2","8C":"2","G7":"2","46":"2","59":"2","4G":"2","83":"2","33":"2","8F":"2","57":"2","4F":"2","5F":"2","J2":"2","G8":"2","F2":"2","75":"2","3H":"2","72":"2","65":"2","67":"2","H7":"2","37":"2","H6":"2","64":"2","J5":"2","82":"2","2M":"2","74":"2","69":"2","C2":"2","P4":"2","8G":"2","38":"2","F4":"2","92":"2","R2":"2"},"5Q":{"24":"2","22":"2","9X":"2","HW":"2","8W":"2","VR":"2","3F":"2","WM":"2","39":"2","27":"2","PV":"2","23":"2","44":"2","42":"2","46":"2","36":"2","RQ":"2","GR":"2","29":"2","43":"2","WQ":"2","4C":"2","47":"2","XG":"2","48":"2","RR":"2","3C":"2","28":"2","X5":"2","FW":"2","CX":"2","38":"2","45":"2","9W":"2","FQ":"2","68":"2","2G":"2","CW":"2","PR":"2","GW":"2","64":"2","3G":"2","54":"2","FR":"2","35":"2","2J":"2","MF":"2","W6":"2","55":"2","2C":"2","25":"2","32":"2","3M":"2","X6":"2","QX":"2","WP":"2","2F":"2","2H":"2","34":"2","4F":"2","58":"2","3H":"2","26":"2","33":"2","37":"2","53":"2","CV":"2","57":"2","2M":"2","VQ":"2","X4":"2","3P":"2","QR":"2","M9":"2","XP":"2","GQ":"2","49":"2","W5":"2"},"9P":{"8R":"2","8P":"2","JG":"2","CM":"2","7W":"2","6X":"2","7Q":"2","CJ":"2","7R":"2","8Q":"2","FM":"2","6W":"2","MF":"2","7V":"2","7P":"2","7X":"2"},"MP":{"5P":"2","4M":"2","4P":"2","5M":"2","27":"2"},"5M":{"62":"2","22":"2","42":"2","52":"2","53":"2","43":"2"},"V6":{"XM":"2"},"CH":{"3P":"2","4M":"2","3H":"2","3J":"2","3M":"2"},"9M":{"G8":"2","HG":"2","JG":"2","GF":"2","WW":"2","MF":"2","G9":"2","WV":"2","PM":"2","VX":"2","P8":"2","Q7":"2","HM":"2","PH":"2","GJ":"2","MG":"2","VH":"2","H9":"2","PJ":"2","HH":"2","HF":"2","P7":"2","MJ":"2","JF":"2","VQ":"2","WR":"2","WH":"2","P6":"2","FF":"2","HC":"2","MH":"2","V6":"2","CF":"2","JH":"2","GC":"2","PG":"2","JC":"2","Q8":"2","Q6":"2"},"CF":{"7M":"2"},"2V":{"7Q":"2","7C":"2","PV":"2","23":"2","XR":"2","2G":"2","2P":"2","58":"2","FW":"2","52":"2","6C":"2","WG":"2","8H":"2","2R":"2","RG":"2","2W":"2","XW":"2","W3":"2","47":"2","68":"2","7G":"2","2Q":"2","WX":"2","V2":"2","F8":"2","93":"2","7H":"2","PC":"2","4C":"2","V4":"2","CW":"2","5G":"2","5C":"2","M5":"2","7M":"2","M6":"2","3P":"2","MV":"2","7F":"2","4M":"2","PX":"2","6F":"2","6M":"2","QW":"2","5J":"2","5P":"2","XX":"2","66":"2","29":"2","R4":"2","W9":"2","R3":"2","CC":"2","Q3":"2","PW":"2","56":"2","J6":"2","JH":"2","XV":"2","6J":"2","7R":"2","6P":"2","JP":"2","8C":"2","4J":"2","G7":"2","RF":"2","46":"2","CX":"2","MW":"2","2C":"2","Q4":"2","59":"2","QV":"2","5M":"2","83":"2","33":"2","7J":"2","QM":"2","J7":"2","P9":"2","8F":"2","57":"2","M7":"2","4F":"2","V3":"2","4H":"2","5F":"2","4Q":"2","9G":"2","G8":"2","QF":"2","QR":"2","F2":"2","C3":"2","V5":"2","4P":"2","2V":"2","2F":"2","89":"2","FX":"2","QX":"2","R5":"2","QQ":"2","5H":"2","WP":"2","W2":"2","QP":"2","9H":"2","3Q":"2","H7":"2","H6":"2","64":"2","CG":"2","J5":"2","VX":"2","QG":"2","FM":"2","P3":"2","6H":"2","Q8":"2","RJ":"2","69":"2","8J":"2","C2":"2","P4":"2","3C":"2","8G":"2","3F":"2","6G":"2","CF":"2","45":"2","H5":"2","92":"2","R2":"2","WC":"2"},"FM":{"P6":"2","Q6":"2"},"3P":{"9M":"2","QJ":"2","G7":"2","X9":"2","RM":"2","WQ":"2","GF":"2","MF":"2","M5":"2","G9":"2","WV":"2","XC":"2","P8":"2","VR":"2","VJ":"2","XV":"2","V2":"2","VM":"2","RR":"2","PH":"2","JP":"2","QX":"2","XF":"2","VH":"2","J9":"2","G2":"2","WX":"2","XJ":"2","MC":"2","Q5":"2","PW":"2","V7":"2","XG":"2","FP":"2","XX":"2","G3":"2","MJ":"2","RJ":"2","HP":"2","XR":"2","WR":"2","P2":"2","9Q":"2","WH":"2","XQ":"2","QH":"2","QG":"2","H2":"2","X4":"2","QM":"2","FF":"2","PF":"2","H7":"2","GV":"2","R7":"2","PC":"2","FX":"2","FC":"2","RP":"2","GC":"2","WG":"2","PG":"2","JC":"2","Q8":"2","VV":"2"},"5R":{"H4":"2","2J":"2","2Q":"2","P2":"2","F3":"2","C3":"2","H3":"2","G5":"2","2H":"2","2R":"2","3H":"2","2M":"2"},"RC":{"QR":"2","PV":"2","QV":"2","MV":"2","QW":"2"},"PG":{"2C":"2","4G":"2","5F":"2","4F":"2","2F":"2","V5":"2","3F":"2","5G":"2"},"7G":{"GV":"2","54":"2","44":"2","45":"2","FV":"2","43":"2"},"6H":{"C7":"2","RF":"2","7M":"2","F5":"2","C2":"2","VR":"2","RX":"2","7J":"2","RR":"2","C6":"2","G4":"2","RW":"2","G2":"2","7G":"2","F6":"2","G3":"2","F4":"2","C3":"2","C5":"2","WR":"2","F2":"2","MP":"2","C4":"2","99":"2","QH":"2","C9":"2","H2":"2","92":"2","C8":"2","VF":"2","6J":"2","6M":"2","F3":"2","MQ":"2","8C":"2","7F":"2"}},"JV":{"7M":{"5F":"2","9Q":"2"},"23":{"J2":"2","J3":"2"},"32":{"23":"2","22":"2"},"22":{"PP":"2","X2":"2","P4":"2","PQ":"2","MQ":"2"},"9W":{"M4":"2"},"5J":{"PM":"2"}},"8M":{"72":{"RV":"2"}},"5F":{"JQ":{"7J":"2"},"C4":{"3J":"2"},"HM":{"25":"2"},"C9":{"54":"2"},"Q9":{"WG":"2","WF":"2"},"83":{"XJ":"2"},"CF":{"Q9":"2","R9":"2"},"QQ":{"93":"2","92":"2"},"VX":{"M7":"2","H6":"2","H4":"2","H5":"2","J4":"2","J5":"2","G5":"2","J6":"2","J7":"2","G4":"2"},"84":{"Q3":"2"},"GM":{"X5":"2","X4":"2","X6":"2"},"QP":{"38":"2","4J":"2","3H":"2","7V":"2","5H":"2","7Q":"2","7R":"2","5G":"2","6R":"2","37":"2","4G":"2","6P":"2","7P":"2","5Q":"2","36":"2","5P":"2","6Q":"2","4H":"2","6V":"2","3G":"2","6M":"2","5J":"2"}},"CJ":{"XW":{"J3":"2"},"5R":{"VW":"2","XW":"2"},"JR":{"6F":"2"},"58":{"XG":"2"},"Q4":{"26":"2"},"FH":{"H3":"2"},"P4":{"XH":"2"},"65":{"JV":"2"},"VX":{"FV":"2"},"PW":{"PW":"2"},"VW":{"4M":"2"},"68":{"2G":"2"}},"QM":{"54":{"M8":"2","M9":"2","P9":"2","28":"2","CG":"2","P8":"2"},"2G":{"JQ":"2","JR":"2","45":"2","55":"2","56":"2","5P":"2","46":"2","44":"2","6P":"2"},"2F":{"38":"2"},"25":{"XP":"2","WQ":"2"},"49":{"PR":"2","QR":"2","GQ":"2"}},"6F":{"XW":{"Q3":"2","V6":"2","V7":"2"},"3M":{"PP":"2","QP":"2","PQ":"2","PM":"2"},"99":{"87":"2"},"W5":{"XJ":"2","83":"2","V2":"2"},"W4":{"RW":"2"},"WJ":{"42":"2","43":"2"},"R8":{"79":"2","78":"2","69":"2"},"QC":{"77":"2"},"Q9":{"2J":"2","3C":"2","2Q":"2","2V":"2","2R":"2","3V":"2","2P":"2"},"X5":{"2J":"2","8R":"2","3W":"2","8V":"2","7W":"2","CX":"2","2V":"2","6X":"2","3G":"2","2P":"2","3F":"2","2C":"2","7R":"2","2G":"2","6W":"2","2X":"2","2F":"2","6V":"2","CW":"2","7V":"2","2M":"2","7X":"2","2W":"2"},"X6":{"24":"2","62":"2","G3":"2"},"F8":{"68":"2","57":"2","67":"2","47":"2","58":"2"},"8C":{"P6":"2"},"32":{"H8":"2","H7":"2"},"C8":{"VG":"2"},"37":{"56":"2","47":"2","45":"2","46":"2"},"P9":{"XW":"2","XV":"2","XQ":"2","VR":"2","VV":"2","XR":"2","RV":"2","WV":"2","WW":"2","WP":"2","RR":"2","XP":"2","WQ":"2","WR":"2"}},"GV":{"WV":{"7G":"2","7F":"2"},"XC":{"FF":"2","99":"2","7C":"2","GC":"2","89":"2","F9":"2","C9":"2","88":"2","79":"2","5F":"2","CC":"2","98":"2","8F":"2","GF":"2","8C":"2","FC":"2","C8":"2","8G":"2"},"XG":{"9M":"2"},"XP":{"4R":"2","5R":"2"}},"9H":{"G6":{"W5":"2","V5":"2","X7":"2","W4":"2","W6":"2","X4":"2","V4":"2","X5":"2","W7":"2","X6":"2","X3":"2","V3":"2"},"H6":{"XW":"2","28":"2","WW":"2","24":"2","23":"2","33":"2","27":"2","26":"2","56":"2","34":"2","25":"2"},"G7":{"WX":"2","VX":"2"},"9G":{"R2":"2","Q2":"2"},"G5":{"XV":"2","5H":"2","PW":"2","QW":"2","RW":"2"},"CF":{"HM":"2","GH":"2","GJ":"2","FJ":"2","FH":"2"},"VV":{"M6":"2","P6":"2","P7":"2","J8":"2","H9":"2","H8":"2","J9":"2","H7":"2","J7":"2","M7":"2"},"G8":{"X6":"2","V2":"2","W2":"2"},"3H":{"56":"2","66":"2","76":"2"},"H8":{"27":"2","26":"2"},"F5":{"7J":"2","XF":"2"},"PM":{"HM":"2","HP":"2"},"H7":{"X2":"2"},"95":{"CP":"2","9P":"2"},"J7":{"22":"2"},"V8":{"MH":"2","FM":"2","MJ":"2"}},"MQ":{"4J":{"V4":"2"},"62":{"4W":"2","62":"2","G6":"2","9W":"2","2W":"2","94":"2","96":"2","95":"2","79":"2","86":"2","85":"2","4V":"2","4G":"2","3R":"2","4F":"2","3W":"2","3V":"2","89":"2","6M":"2","3X":"2","72":"2"},"MF":{"QV":"2","XQ":"2"},"7M":{"86":"2","87":"2"},"R9":{"P6":"2"},"52":{"XM":"2","VF":"2"},"7J":{"P7":"2","9W":"2","CW":"2","P8":"2"},"26":{"RV":"2"},"63":{"5H":"2","4H":"2","6J":"2","33":"2","32":"2","44":"2","4G":"2","6M":"2","42":"2","26":"2","34":"2"},"22":{"5P":"2","4P":"2","5Q":"2","4Q":"2"},"35":{"29":"2"},"7G":{"62":"2","23":"2"},"53":{"X6":"2","XP":"2"},"4Q":{"P7":"2"},"7P":{"HJ":"2"},"42":{"56":"2","55":"2","82":"2","66":"2","65":"2","9W":"2","92":"2","9M":"2"},"5M":{"8V":"2","8X":"2","7W":"2","9M":"2","9P":"2","7X":"2","8W":"2"},"5R":{"63":"2","62":"2","52":"2","53":"2"},"5P":{"63":"2","72":"2","6R":"2","83":"2","94":"2","82":"2","93":"2","74":"2","6V":"2","84":"2","73":"2"},"4M":{"7F":"2"},"QF":{"46":"2"},"6F":{"QX":"2","RX":"2","VX":"2","QW":"2","RW":"2"},"34":{"25":"2"},"9F":{"8G":"2"},"4R":{"6F":"2"}},"9P":{"X2":{"W6":"2"}},"6H":{"X2":{"9J":"2"}},"7C":{"64":{"QQ":"2"},"3R":{"6J":"2","3P":"2","6H":"2","6M":"2"},"4W":{"GX":"2"},"HX":{"QV":"2"},"2M":{"7C":"2"},"59":{"2M":"2","2P":"2"},"49":{"XM":"2","XQ":"2"}},"8C":{"3V":{"54":"2"}},"69":{"HP":{"G8":"2","M7":"2","HG":"2","JG":"2","M5":"2","G9":"2","P8":"2","J8":"2","HM":"2","M9":"2","P5":"2","P9":"2","HJ":"2","GJ":"2","V9":"2","H8":"2","J9":"2","H9":"2","W9":"2","MC":"2","57":"2","PJ":"2","VC":"2","HF":"2","P7":"2","F8":"2","QC":"2","J6":"2","JF":"2","WC":"2","68":"2","QG":"2","58":"2","QF":"2","P6":"2","67":"2","Q9":"2","PF":"2","H7":"2","M6":"2","PC":"2","J7":"2","M8":"2","JM":"2","GM":"2"},"CJ":{"M5":"2","J6":"2","J5":"2"}},"HW":{"82":{"GW":"2","JH":"2","QG":"2","V5":"2","HJ":"2","HC":"2","JG":"2","HM":"2","PF":"2","R8":"2","MC":"2","JM":"2","XC":"2","QC":"2","V4":"2","Q9":"2","PC":"2","HH":"2","GH":"2","PG":"2","MG":"2","W3":"2","JF":"2","HF":"2","Q8":"2","R9":"2","WF":"2","VG":"2","MF":"2","FW":"2","GV":"2","VF":"2","R7":"2","GJ":"2","FV":"2","RC":"2","QF":"2","JC":"2","WG":"2","MH":"2","P9":"2","HG":"2"},"W8":{"V4":"2"},"94":{"4W":"2"},"83":{"FM":"2","6C":"2","76":"2"},"92":{"23":"2","42":"2","52":"2","53":"2"},"J7":{"GW":"2"},"V8":{"97":"2","C7":"2","C8":"2","98":"2"}},"FJ":{"7M":{"6W":"2","5W":"2"},"4R":{"R5":"2","R3":"2","V4":"2","Q3":"2","Q4":"2","R4":"2"},"5V":{"8M":"2"},"6H":{"M7":"2"},"8M":{"FM":"2","CP":"2","CJ":"2","CM":"2","FJ":"2"},"4V":{"X5":"2"}},"GQ":{"3H":{"68":"2","6C":"2","79":"2","7C":"2","78":"2","87":"2","69":"2"},"R9":{"HV":"2"},"WM":{"M9":"2"},"26":{"Q3":"2"},"MG":{"WG":"2"},"G2":{"CV":"2"},"8Q":{"GV":"2","GW":"2","CX":"2","CW":"2","FX":"2","FW":"2"},"H9":{"MW":"2","MR":"2","MX":"2","MV":"2","JX":"2"},"32":{"JQ":"2","GW":"2","FQ":"2","66":"2","4G":"2","CQ":"2","CR":"2","FJ":"2","8V":"2","8X":"2","7W":"2","MX":"2","CX":"2","8H":"2","6X":"2","5F":"2","FH":"2","9C":"2","5W":"2","9X":"2","5H":"2","FR":"2","5G":"2","5V":"2","9W":"2","6W":"2","3J":"2","4F":"2","5C":"2","FW":"2","6J":"2","4C":"2","CW":"2","FP":"2","7V":"2","6P":"2","FV":"2","CV":"2","GQ":"2","3H":"2","GP":"2","6H":"2","7X":"2","8W":"2"},"43":{"2C":"2"},"8R":{"F2":"2","C2":"2"},"5Q":{"QP":"2","RQ":"2","VQ":"2","QQ":"2","RP":"2"},"XR":{"X3":"2","X2":"2","V3":"2"},"RC":{"C2":"2","F2":"2","H2":"2"},"XQ":{"XX":"2"},"33":{"63":"2","R3":"2","M6":"2","86":"2","R6":"2","Q2":"2","C4":"2","72":"2","62":"2","W6":"2","M5":"2","C2":"2","92":"2","83":"2","85":"2","94":"2","75":"2","C3":"2","82":"2","J5":"2","93":"2","74":"2","84":"2","J6":"2","G4":"2","73":"2","Q3":"2"},"QG":{"XR":"2"},"WP":{"CR":"2","9R":"2"},"H7":{"CH":"2","CJ":"2","FJ":"2","FG":"2","FH":"2"},"HC":{"W7":"2","P6":"2","P7":"2","J2":"2","VF":"2","M2":"2","X7":"2"},"GM":{"99":"2","F9":"2","C9":"2","98":"2","HF":"2","F8":"2","GF":"2","C8":"2","HG":"2"}},"GM":{"GV":{"W5":"2","X3":"2","V6":"2","V5":"2","W6":"2"},"MW":{"67":"2","78":"2"},"VX":{"M5":"2","M4":"2"},"VW":{"MX":"2"},"JX":{"HJ":"2"},"RV":{"5H":"2","5J":"2"}},"MM":{"XW":{"93":"2","9C":"2","CF":"2","P3":"2","CC":"2","P2":"2","9F":"2"}},"CP":{"PQ":{"W8":"2","2G":"2","2P":"2","R8":"2","5V":"2","6C":"2","PM":"2","3J":"2","3G":"2","8H":"2","GP":"2","9F":"2","7G":"2","XF":"2","CP":"2","7H":"2","4C":"2","MJ":"2","5G":"2","5C":"2","49":"2","V8":"2","7F":"2","4M":"2","6F":"2","5J":"2","C9":"2","2H":"2","5P":"2","CH":"2","GH":"2","85":"2","66":"2","CC":"2","79":"2","84":"2","5W":"2","FC":"2","GJ":"2","4J":"2","FF":"2","CJ":"2","5M":"2","4G":"2","FJ":"2","FH":"2","8F":"2","4F":"2","4H":"2","5F":"2","4Q":"2","9G":"2","2J":"2","39":"2","JJ":"2","QR":"2","75":"2","4P":"2","2F":"2","3H":"2","QQ":"2","5Q":"2","GM":"2","5H":"2","9H":"2","67":"2","CG":"2","VX":"2","GG":"2","FM":"2","6H":"2","2M":"2","69":"2","HJ":"2","3C":"2","G5":"2","8G":"2","3F":"2","MM":"2","6G":"2","3M":"2","CF":"2","VW":"2","38":"2","9J":"2","FP":"2","92":"2","RR":"2"},"VW":{"W8":"2","R4":"2","V8":"2"},"QQ":{"3G":"2","3R":"2","2R":"2","2F":"2"},"WV":{"C9":"2","9C":"2","98":"2","89":"2","CC":"2","88":"2","59":"2","49":"2","58":"2","29":"2","99":"2","39":"2"},"54":{"CJ":"2"},"PP":{"8Q":"2","8P":"2","7P":"2","9V":"2","7H":"2","9X":"2","8V":"2","7J":"2","7W":"2","6F":"2","9W":"2","8W":"2"},"VR":{"9M":"2","WQ":"2","7M":"2","PM":"2","2G":"2","VR":"2","7V":"2","7J":"2","8H":"2","7Q":"2","RR":"2","7R":"2","5V":"2","GJ":"2","8J":"2","9J":"2","8Q":"2","2P":"2","6R":"2","2M":"2","8R":"2","2Q":"2","FP":"2","4Q":"2","2R":"2","6P":"2","7P":"2","FQ":"2","CR":"2","VQ":"2","CQ":"2","6X":"2","5R":"2","8V":"2","WR":"2","9R":"2","8P":"2","RQ":"2","6Q":"2","9Q":"2","8M":"2","CJ":"2","9V":"2","MQ":"2","9P":"2","RP":"2","GM":"2","CP":"2"},"RX":{"66":"2","62":"2","95":"2","83":"2","85":"2","75":"2","MJ":"2","9F":"2","H8":"2","8F":"2","JJ":"2","96":"2","C6":"2","65":"2","C5":"2","GJ":"2","64":"2","MM":"2","25":"2"},"QV":{"G8":"2","G7":"2","PQ":"2","HG":"2","GF":"2","HQ":"2","FM":"2","GH":"2","G6":"2","QQ":"2","G9":"2","JR":"2","PP":"2","F9":"2","QV":"2","JQ":"2","CM":"2","JP":"2","QX":"2","RW":"2","PV":"2","H9":"2","XJ":"2","PX":"2","PW":"2","GP":"2","JJ":"2","HH":"2","FP":"2","HF":"2","F8":"2","MJ":"2","FH":"2","RH":"2","HP":"2","RV":"2","FG":"2","CQ":"2","GG":"2","MV":"2","MR":"2","H6":"2","PR":"2","FF":"2","QW":"2","CG":"2","HC":"2","QR":"2","F7":"2","9P":"2","MQ":"2","FC":"2","CF":"2","JH":"2","GC":"2","FJ":"2","GQ":"2","JM":"2","CP":"2"},"XV":{"7M":"2","8P":"2","7P":"2","6M":"2"},"RR":{"RM":"2","HG":"2","JG":"2","GF":"2","3H":"2","R9":"2","2G":"2","VJ":"2","7J":"2","8H":"2","XP":"2","2H":"2","VM":"2","MG":"2","8F":"2","XF":"2","8G":"2","XG":"2","HF":"2","2J":"2","RJ":"2","JF":"2","9G":"2","FG":"2","7H":"2","GG":"2","3J":"2","CG":"2","WF":"2","MH":"2","9F":"2","JH":"2","XM":"2","WG":"2"},"QX":{"R2":"2","V2":"2"},"94":{"2J":"2"},"RW":{"2Q":"2","8R":"2","8P":"2","4V":"2","9V":"2","9R":"2","7W":"2","2V":"2","6X":"2","7Q":"2","2P":"2","8Q":"2","2X":"2","6W":"2","6V":"2","7H":"2","7V":"2","3Q":"2","7P":"2","7X":"2","2W":"2"},"PV":{"6W":"2","5X":"2","5W":"2","6X":"2"},"PX":{"H4":"2","G3":"2","H3":"2"},"PW":{"QV":"2","VQ":"2","QR":"2","RW":"2","VM":"2","VJ":"2","WJ":"2","RV":"2","94":"2","QW":"2","GX":"2","WP":"2","RR":"2","XH":"2","PW":"2","XP":"2","WQ":"2"},"83":{"GG":"2"},"P2":{"55":"2","JQ":"2","63":"2","64":"2","62":"2","32":"2","54":"2","44":"2","66":"2","65":"2","45":"2","52":"2","78":"2","JP":"2"},"F2":{"96":"2","95":"2"},"MP":{"CV":"2"},"MR":{"M2":"2","M7":"2","M6":"2","PJ":"2","HJ":"2","H7":"2","GC":"2","Q6":"2","P8":"2","G2":"2","PF":"2","G3":"2","88":"2","C2":"2","QC":"2","CH":"2","F3":"2","F2":"2","M8":"2","F6":"2","C3":"2","RF":"2","J5":"2","VG":"2","C6":"2","VF":"2","VC":"2","P7":"2","H2":"2","FC":"2","P6":"2","GJ":"2","J6":"2","PH":"2","J7":"2","G4":"2","RC":"2","GP":"2","G6":"2"},"QW":{"W8":"2","23":"2","F3":"2","WG":"2","XW":"2","R6":"2","93":"2","PC":"2","V7":"2","W7":"2","5X":"2","V4":"2","PF":"2","V8":"2","R4":"2","R3":"2","Q3":"2","HC":"2","XV":"2","94":"2","W6":"2","5W":"2","G6":"2","55":"2","G7":"2","RF":"2","QJ":"2","WF":"2","Q4":"2","83":"2","QM":"2","WH":"2","P9":"2","W4":"2","V3":"2","W5":"2","V5":"2","Q5":"2","R5":"2","QP":"2","QC":"2","65":"2","VH":"2","67":"2","RP":"2","H6":"2","64":"2","VJ":"2","Q2":"2","Q9":"2","RM":"2","RH":"2","F4":"2","45":"2","MC":"2","V6":"2","R2":"2","WC":"2"},"QR":{"GF":"2","H5":"2","W4":"2","F5":"2","X5":"2","P8":"2","P9":"2","26":"2","G4":"2","96":"2","95":"2","37":"2","57":"2","V7":"2","HF":"2","86":"2","85":"2","H4":"2","G3":"2","F4":"2","FH":"2","J4":"2","FG":"2","36":"2","47":"2","C9":"2","P6":"2","X4":"2","C8":"2","HC":"2","W5":"2","G5":"2","V6":"2","GC":"2","56":"2"},"MQ":{"PV":"2","W8":"2","FW":"2","PM":"2","MH":"2","RG":"2","JF":"2","JM":"2","XF":"2","MG":"2","PC":"2","V7":"2","MJ":"2","HH":"2","W7":"2","CW":"2","27":"2","5C":"2","GF":"2","WJ":"2","JG":"2","MV":"2","V8":"2","XH":"2","VG":"2","PX":"2","HF":"2","PH":"2","FV":"2","WW":"2","JV":"2","JH":"2","PJ":"2","MX":"2","PP":"2","8C":"2","G7":"2","QJ":"2","MW":"2","WF":"2","PR":"2","XJ":"2","HX":"2","WH":"2","WV":"2","8F":"2","HM":"2","HV":"2","VV":"2","FX":"2","CR":"2","PG":"2","QH":"2","JW":"2","VH":"2","HW":"2","37":"2","HG":"2","GG":"2","M8":"2","RH":"2","JX":"2","45":"2"},"M2":{"X4":"2"},"VV":{"G8":"2","X9":"2","62":"2","V8":"2","V9":"2","H8":"2","9J":"2","JW":"2","57":"2","PJ":"2","HF":"2","F8":"2","H4":"2","CH":"2","FH":"2","55":"2","R8":"2","MV":"2","RQ":"2","JV":"2","58":"2","CJ":"2","6F":"2","9H":"2","7C":"2","8C":"2","FJ":"2","7F":"2"}},"7F":{"Q6":{"9J":"2"},"85":{"35":"2","F7":"2","8R":"2","9R":"2","6G":"2","7G":"2","8Q":"2","24":"2","23":"2","9Q":"2","26":"2","34":"2","44":"2","25":"2"},"75":{"V2":"2"},"GX":{"68":"2","67":"2","79":"2","78":"2","69":"2"},"82":{"G9":"2"},"96":{"QX":"2","PX":"2"},"5C":{"76":"2"},"43":{"FV":"2","FW":"2"},"74":{"WV":"2","WW":"2","WX":"2","QP":"2","RX":"2","VV":"2","VW":"2","V5":"2"},"84":{"4P":"2","3M":"2","5R":"2","6R":"2","7R":"2","5V":"2","4R":"2","6V":"2","3P":"2","7V":"2","3Q":"2","4Q":"2","2M":"2","5Q":"2"},"97":{"R3":"2","Q3":"2","Q4":"2"}}}}