{"index":{"university,1|retail,2|tourism,3|wreck,4|historical,5|artsCulture,6|namedBuilding,7|water,8|wetland,9|park,10|beach,11|natureReserve,12|cemetery,13|trail,14":{}},"52":{"M2":{"62":{"88":"2","CG":"2","52":"2","FG":"2","FH":"2"},"54":{"PR":"2","FG":"2"},"44":{"HC":"2"},"84":{"6C":"2","47":"2","45":"2","36":"2","46":"2","37":"2","6G":"2"}},"P8":{"36":{"3P":"2","3M":"2"},"26":{"V3":"2","W3":"2","W4":"2"}},"R5":{"PR":{"FF":"2","9G":"2","CH":"2","9C":"2","9F":"2","W3":"2","8F":"2","JJ":"2","8C":"2","97":"2"},"MR":{"Q6":"2","J6":"2"},"MQ":{"4V":"2"}},"QC":{"X8":{"C4":"2","F4":"2"},"X3":{"WP":"2","XJ":"2","WQ":"2","WM":"2"},"XC":{"4H":"2","5J":"2"},"XG":{"3X":"2"},"XH":{"WF":"2","36":"2","88":"2","HG":"2","99":"2"}},"GG":{"W3":{"WJ":"2","XJ":"2","WH":"2","VH":"2","HC":"2"}},"H8":{"82":{"W8":"2","X8":"2","V9":"2","X9":"2","W9":"2"},"92":{"29":"2"}},"G7":{"5J":{"WX":"2","VX":"2"}},"C7":{"J2":{"GW":"2","WW":"2","PW":"2","JW":"2","PV":"2","RV":"2"},"M3":{"M8":"2"},"M2":{"4W":"2","4X":"2"}},"R9":{"5X":{"97":"2","89":"2","99":"2"},"F7":{"67":"2","78":"2"},"HJ":{"5R":"2","2M":"2"},"8R":{"54":"2","JF":"2","FC":"2","43":"2"},"CQ":{"3V":"2"},"4V":{"RQ":"2"},"HM":{"23":"2","33":"2","32":"2","44":"2","22":"2","43":"2"},"9R":{"M2":"2"},"F9":{"J3":"2"},"88":{"XR":"2"},"7Q":{"XX":"2","76":"2","4J":"2","8H":"2","29":"2","2C":"2","QW":"2","3J":"2","7H":"2","WX":"2","3C":"2","8G":"2"},"5W":{"3X":"2"},"6M":{"PG":"2","GC":"2","FC":"2"},"98":{"2R":"2"},"4W":{"QP":"2"},"7R":{"X2":"2"},"8Q":{"2X":"2"},"F8":{"J2":"2","RP":"2"},"6F":{"4P":"2"},"3X":{"R7":"2"},"9P":{"3X":"2"},"7P":{"3M":"2"},"6P":{"R5":"2","R4":"2"},"GM":{"X2":"2","V2":"2","W2":"2"},"G6":{"27":"2"}},"C6":{"RM":{"HW":"2","JW":"2","HX":"2"},"VW":{"9V":"2","CJ":"2","FF":"2","H2":"2","FG":"2"},"VX":{"55":"2","63":"2","54":"2","45":"2","53":"2"},"VR":{"75":"2","73":"2","62":"2","54":"2","39":"2","84":"2","64":"2","52":"2","63":"2","5C":"2","5V":"2","74":"2","59":"2","37":"2","57":"2","83":"2","65":"2","55":"2","6W":"2","5R":"2","68":"2","6V":"2","58":"2","92":"2","67":"2","49":"2","69":"2","72":"2","66":"2","82":"2"},"QV":{"QR":"2","2Q":"2","88":"2","MQ":"2","7R":"2","WW":"2","55":"2","78":"2","PQ":"2","3Q":"2"},"WM":{"56":"2","97":"2","F8":"2","C7":"2","JF":"2"},"VP":{"7V":"2","85":"2","82":"2","89":"2","84":"2"},"VM":{"M6":"2","M5":"2","P5":"2","9V":"2","P6":"2","9X":"2","Q5":"2","X6":"2","FJ":"2","9W":"2","Q6":"2","W6":"2","8X":"2"},"RR":{"63":"2","X8":"2","66":"2","72":"2","62":"2","3G":"2","CJ":"2","3F":"2","4F":"2","WP":"2","5C":"2","4C":"2","73":"2","64":"2","59":"2","W9":"2"},"PV":{"P5":"2","P6":"2","P7":"2","Q5":"2","Q4":"2"},"VQ":{"9X":"2","9M":"2","8X":"2","6C":"2","4W":"2","GF":"2","FM":"2","4P":"2","7M":"2","6G":"2","7V":"2","7J":"2","7Q":"2","9W":"2","3M":"2","7R":"2","5V":"2","7W":"2","5X":"2","7G":"2","6R":"2","79":"2","2Q":"2","8W":"2","HF":"2","4Q":"2","2R":"2","2J":"2","4V":"2","7P":"2","CV":"2","5Q":"2","CR":"2","3R":"2","6W":"2","7H":"2","6X":"2","8V":"2","3W":"2","3V":"2","5P":"2","5W":"2","6V":"2","3Q":"2","6M":"2","6J":"2","3X":"2","9V":"2","6H":"2","9P":"2","7C":"2","7X":"2","4R":"2"},"RV":{"JQ":"2","FM":"2","9H":"2","8G":"2","CJ":"2","8H":"2","MQ":"2","9J":"2"},"RQ":{"G8":"2","M7":"2","RF":"2","H5":"2","R9":"2","J8":"2","VJ":"2","F9":"2","7V":"2","WM":"2","7Q":"2","G4":"2","7R":"2","8J":"2","V9":"2","H8":"2","VH":"2","8Q":"2","XH":"2","VC":"2","XG":"2","F8":"2","7P":"2","QC":"2","RH":"2","VG":"2","8P":"2","RC":"2","XQ":"2","8M":"2","C9":"2","QF":"2","WP":"2","Q9":"2","H7":"2","RG":"2","M8":"2","J7":"2","9F":"2","WJ":"2","WG":"2"},"WP":{"XW":"2"},"QR":{"GQ":"2"},"RP":{"97":"2","6J":"2","89":"2","6G":"2"},"VV":{"FR":"2","GX":"2"}},"P6":{"C9":{"G6":"2","G7":"2","G9":"2","G8":"2","GC":"2"}},"XP":{"45":{"X5":"2"}},"RC":{"45":{"JW":"2"},"57":{"82":"2","32":"2","4C":"2","2F":"2"},"55":{"4P":"2","4M":"2","3M":"2","JV":"2","6Q":"2","2P":"2","3P":"2","3Q":"2","4Q":"2"},"24":{"HF":"2","FJ":"2"},"23":{"JW":"2","V7":"2"},"33":{"36":"2"},"4C":{"46":"2"},"56":{"9J":"2","9V":"2","CR":"2","5R":"2","3R":"2","3W":"2","6Q":"2","9R":"2","G2":"2","8V":"2","8X":"2","7W":"2","8H":"2","CH":"2","7Q":"2","FG":"2","8J":"2","6M":"2","2C":"2","7R":"2","FR":"2","9H":"2","9W":"2","7J":"2","4R":"2","3X":"2","9Q":"2","3P":"2","2R":"2","7V":"2","3Q":"2","7P":"2","8G":"2","8W":"2"},"52":{"FP":"2","JV":"2"},"46":{"XR":"2","GP":"2","RQ":"2","WQ":"2","X7":"2","W6":"2","29":"2"},"44":{"PH":"2"},"49":{"FV":"2","CV":"2"}},"QF":{"PC":{"G8":"2"},"P8":{"JH":"2","F4":"2","H7":"2","JG":"2","J8":"2","F5":"2","C5":"2","J7":"2"},"M7":{"PH":"2","GH":"2","G9":"2","QP":"2","G4":"2","F9":"2","MG":"2","GM":"2","MJ":"2","HH":"2","65":"2","JF":"2","7F":"2","J9":"2","J6":"2","PM":"2","69":"2","JC":"2","J7":"2"}},"Q3":{"PR":{"5P":"2","4R":"2","PF":"2","VC":"2","CJ":"2","JG":"2"},"MV":{"RF":"2","QQ":"2"}}}}