{"index":{"university,1|retail,2|tourism,3|wreck,4|historical,5|artsCulture,6|namedBuilding,7|water,8|wetland,9|park,10|beach,11|natureReserve,12|cemetery,13|trail,14":{}},"53":{"MR":{"9C":{"GH":"2"}},"99":{"96":{"24":"2","34":"2"}},"C4":{"32":{"HV":"2","CX":"2"}},"JG":{"7Q":{"62":"2","6F":"2","7F":"2"},"7C":{"2Q":"2","6C":"2","P8":"2","R8":"2","F9":"2","4J":"2","V8":"2","5F":"2","Q8":"2","6F":"2","M9":"2","P9":"2"},"F3":{"9V":"2","QP":"2","XM":"2","9W":"2","XP":"2","FV":"2","CV":"2"},"99":{"9X":"2","HR":"2","8X":"2","PP":"2","JQ":"2","XP":"2","9W":"2","7R":"2","JP":"2","5V":"2","6R":"2","GP":"2","8R":"2","8W":"2","FP":"2","7P":"2","CR":"2","FQ":"2","HP":"2","9R":"2","MP":"2","XQ":"2","QP":"2","WP":"2","9V":"2","RP":"2","MM":"2","7X":"2"},"8M":{"FR":"2"},"6R":{"X8":"2"},"C4":{"JM":"2","FV":"2","QH":"2"},"7M":{"9M":"2","FR":"2","8X":"2","FM":"2","7M":"2","CM":"2","8J":"2","9J":"2","FP":"2","6P":"2","CV":"2","7P":"2","CH":"2","FQ":"2","FH":"2","CR":"2","CQ":"2","8V":"2","9R":"2","8P":"2","HV":"2","9Q":"2","JV":"2","8M":"2","4H":"2","3G":"2","CJ":"2","CG":"2","GV":"2","6M":"2","9V":"2","5J":"2","CX":"2","FJ":"2","CP":"2"},"G3":{"4P":"2","5X":"2","4X":"2","5W":"2","4R":"2","3P":"2","3Q":"2","4Q":"2"},"C5":{"7V":"2","85":"2","8V":"2"},"9C":{"93":"2","92":"2","84":"2"},"6F":{"RM":"2","VW":"2","QQ":"2","X5":"2","VX":"2","RX":"2","QV":"2","RW":"2","PX":"2","X3":"2","XX":"2","RJ":"2","WH":"2","QP":"2","X4":"2","QW":"2","QR":"2","XW":"2","WG":"2"},"CM":{"PF":"2","CQ":"2"},"6M":{"X2":"2","8W":"2"},"C9":{"9M":"2","PQ":"2","VW":"2","4P":"2","QQ":"2","7M":"2","VX":"2","PP":"2","RX":"2","QV":"2","CM":"2","HJ":"2","RR":"2","JP":"2","QX":"2","RW":"2","WX":"2","4Q":"2","6P":"2","7P":"2","5Q":"2","HP":"2","RV":"2","8P":"2","RQ":"2","HV":"2","MP":"2","3Q":"2","GV":"2","QR":"2","9P":"2","MM":"2","CP":"2","VV":"2"},"5P":{"M5":"2","X4":"2","2Q":"2","W3":"2","W4":"2","2P":"2"},"FG":{"R3":"2","V5":"2","RJ":"2","V6":"2","V7":"2","VJ":"2","R5":"2","V8":"2","QJ":"2","V4":"2","R2":"2","RX":"2","RF":"2","R9":"2","RC":"2"},"CC":{"X2":"2","M6":"2","W5":"2","XF":"2","RJ":"2","V7":"2","VJ":"2","VH":"2","X4":"2","XC":"2","W2":"2","Q4":"2","X5":"2","H8":"2","WH":"2","W7":"2","QH":"2","XP":"2","X3":"2","C8":"2","G4":"2","XG":"2","G6":"2","RH":"2","Q3":"2"},"7P":{"3G":"2","6W":"2","94":"2","6X":"2"},"G4":{"57":"2","4H":"2","3P":"2","35":"2","44":"2","4X":"2","45":"2","4C":"2","42":"2"},"6J":{"WW":"2","P3":"2","Q5":"2","VR":"2","VQ":"2"},"7R":{"3R":"2"},"G6":{"8H":"2","92":"2","2P":"2","94":"2","CC":"2","82":"2","93":"2","C8":"2","2M":"2","6H":"2"},"FC":{"7Q":"2","23":"2","36":"2","FW":"2","34":"2","6X":"2","28":"2","22":"2","3G":"2","99":"2","8X":"2","6Q":"2","8M":"2","4C":"2","CW":"2","5X":"2","27":"2","5G":"2","7M":"2","CQ":"2","9V":"2","24":"2","CM":"2","6M":"2","5J":"2","5P":"2","4W":"2","CH":"2","FR":"2","35":"2","CV":"2","8W":"2","7P":"2","7R":"2","6J":"2","6P":"2","5W":"2","9M":"2","8C":"2","4J":"2","CX":"2","2C":"2","CJ":"2","7W":"2","5M":"2","4G":"2","8Q":"2","8V":"2","8R":"2","7J":"2","4F":"2","4H":"2","9Q":"2","7V":"2","9G":"2","39":"2","6W":"2","2F":"2","89":"2","FX":"2","8P":"2","9R":"2","CR":"2","6V":"2","9X":"2","5H":"2","9H":"2","37":"2","8J":"2","3C":"2","3F":"2","9W":"2","38":"2","3W":"2","9J":"2","9P":"2"},"9M":{"QX":"2","VX":"2"},"8C":{"P3":"2","38":"2","6C":"2","C7":"2","J5":"2","H5":"2","G6":"2","77":"2","F5":"2","9W":"2","C6":"2","Q3":"2","F6":"2","87":"2","68":"2","67":"2","Q9":"2","48":"2","M6":"2","F7":"2","M4":"2"},"FF":{"G8":"2","C7":"2","GF":"2","73":"2","G6":"2","G9":"2","54":"2","84":"2","F9":"2","63":"2","C6":"2","QX":"2","94":"2","96":"2","93":"2","95":"2","8G":"2","GP":"2","78":"2","F8":"2","85":"2","44":"2","C5":"2","CC":"2","JV":"2","FF":"2","88":"2","G5":"2","F7":"2","FC":"2","72":"2","GM":"2","82":"2"},"FH":{"PG":"2","QG":"2","RF":"2","QF":"2"},"F6":{"H9":"2","J9":"2","FF":"2"},"4P":{"XP":"2"},"F5":{"WP":"2","XM":"2","M2":"2","RJ":"2","WM":"2","VH":"2"},"GG":{"34":"2"},"FM":{"53":"2","43":"2"},"6H":{"MW":"2","MX":"2","H9":"2","PX":"2","HC":"2"},"G5":{"8Q":"2","9R":"2","8P":"2","9V":"2","6C":"2","6M":"2","8R":"2","2M":"2","2F":"2","74":"2","8M":"2","73":"2"},"6G":{"M7":"2","M6":"2","HC":"2","M5":"2","P2":"2","W2":"2","FG":"2","GG":"2","PG":"2","MG":"2","HF":"2","GF":"2","PH":"2","J7":"2","HG":"2"},"C6":{"X5":"2","C2":"2"},"F4":{"RR":"2","QR":"2","44":"2","53":"2"}},"MC":{"G6":{"2V":"2"},"7G":{"FF":"2","GW":"2","FJ":"2","FH":"2","FM":"2","38":"2","GR":"2","GV":"2","78":"2","GM":"2"},"4H":{"5M":"2","28":"2","29":"2"},"7H":{"93":"2","C4":"2","85":"2","96":"2","94":"2","C3":"2","36":"2","C5":"2","F3":"2","95":"2"},"F7":{"57":"2","MH":"2","RG":"2","P3":"2","VX":"2","F6":"2","74":"2","P8":"2"},"9H":{"M6":"2"},"G7":{"8J":"2","CF":"2","F6":"2","52":"2"},"8G":{"X3":"2","88":"2"},"9G":{"FR":"2","97":"2","85":"2","75":"2"},"CF":{"9G":"2","69":"2"},"6H":{"3R":"2","5R":"2","GG":"2","9M":"2","WC":"2"},"4G":{"6R":"2","VG":"2"},"3H":{"J2":"2"},"F6":{"WW":"2","WX":"2","RX":"2","VX":"2","VW":"2","XX":"2"},"7X":{"F7":"2","Q7":"2","P7":"2","79":"2","M8":"2","V8":"2","P8":"2"},"CG":{"83":"2","78":"2"},"9F":{"2J":"2","P5":"2","X5":"2","54":"2","4G":"2","J3":"2"},"6X":{"CR":"2","5Q":"2"},"8X":{"2X":"2","3F":"2"},"6G":{"G5":"2","25":"2","26":"2"},"5J":{"7G":"2","R2":"2"},"5G":{"W6":"2","69":"2"}},"C2":{"P5":{"RM":"2","VP":"2","XH":"2","VM":"2","VJ":"2","RP":"2"},"P6":{"P5":"2","P6":"2","HR":"2","P4":"2","M8":"2"},"Q7":{"8C":"2","Q3":"2","M3":"2","89":"2","H8":"2","V2":"2","J7":"2","99":"2"},"P7":{"H4":"2","V9":"2","R8":"2","R9":"2","W9":"2"},"R6":{"24":"2"},"Q5":{"HG":"2","WW":"2","MF":"2","G9":"2","WV":"2","M9":"2","F9":"2","J9":"2","H9":"2","MC":"2","4F":"2","QG":"2","HC":"2","PC":"2","9C":"2","FC":"2","WJ":"2","GC":"2","JC":"2"},"Q6":{"V8":"2","WV":"2","X5":"2","R9":"2","VJ":"2","W7":"2","W6":"2","V9":"2","X6":"2","VH":"2","W3":"2","W9":"2","V7":"2","VC":"2","QC":"2","WC":"2","W8":"2","VG":"2","RC":"2","X4":"2","VF":"2","R7":"2","R5":"2"}},"MQ":{"W2":{"5V":"2","4W":"2","5W":"2"}},"MP":{"VC":{"74":"2"},"W9":{"FP":"2","CP":"2","WH":"2"}},"QJ":{"38":{"28":"2","29":"2"},"28":{"WP":"2","WJ":"2","WH":"2"},"29":{"P6":"2","Q3":"2","H9":"2","CG":"2","FF":"2"}},"QM":{"GW":{"RR":"2","QR":"2","RQ":"2"}},"9C":{"GM":{"X5":"2","X4":"2"},"GJ":{"CX":"2"}},"8J":{"49":{"J4":"2","W5":"2","J5":"2"},"48":{"GX":"2","JC":"2","HC":"2"}},"PP":{"5V":{"FQ":"2","CM":"2"}},"QW":{"RP":{"MH":"2"}},"FR":{"7X":{"W3":"2"},"8X":{"42":"2"}},"HX":{"V3":{"VV":"2","RV":"2"}},"JP":{"MF":{"4J":"2","3J":"2","3M":"2"}},"MF":{"72":{"V9":"2","CC":"2","X7":"2"},"62":{"4M":"2","4F":"2"},"82":{"26":"2"},"52":{"Q8":"2","R8":"2"}},"QH":{"47":{"MR":"2","MV":"2","JR":"2"}},"H2":{"56":{"24":"2","45":"2"},"46":{"MC":"2","X5":"2","X4":"2","P7":"2","GC":"2","P2":"2","W4":"2"}},"PM":{"CH":{"JQ":"2","JP":"2"},"J9":{"PH":"2","RH":"2","QH":"2"}},"PH":{"VP":{"RX":"2"},"VQ":{"M5":"2","M4":"2","Q2":"2"}},"8G":{"MG":{"4G":"2","4C":"2","36":"2","27":"2","3V":"2","37":"2","39":"2"},"JG":{"36":"2"}},"M9":{"HP":{"7V":"2","3J":"2","7X":"2"},"GP":{"WX":"2","VX":"2","XX":"2"},"GQ":{"X2":"2"},"HQ":{"32":"2","42":"2","52":"2"}}}}