{"55":{"3P":{"MJ":{"65":"2"}},"4G":{"VP":{"C7":"2"},"RH":{"W8":"2","GV":"2","PM":"2","X9":"2","WG":"2","RG":"2","R6":"2","P7":"2","XF":"2","PC":"2","V7":"2","W7":"2","WR":"2","XG":"2","V8":"2","VC":"2","X8":"2","QW":"2","PH":"2","Q6":"2","W9":"2","R9":"2","W6":"2","PJ":"2","P6":"2","RF":"2","WF":"2","V9":"2","P9":"2","XC":"2","M7":"2","X7":"2","QF":"2","Q5":"2","R5":"2","RC":"2","QH":"2","QP":"2","QG":"2","RH":"2","P5":"2","WM":"2","WC":"2"},"RJ":{"JM":"2"},"VJ":{"6R":"2","4R":"2","5V":"2","5R":"2","6V":"2","4V":"2"},"VH":{"4G":"2","28":"2","2V":"2","5F":"2","3G":"2","39":"2","29":"2","3F":"2","2C":"2","2G":"2","4F":"2","2F":"2","2H":"2","4C":"2","3C":"2","2R":"2","8M":"2","2M":"2","GP":"2"}}},"index":{"university,1|retail,2|tourism,3|wreck,4|historical,5|artsCulture,6|namedBuilding,7|water,8|wetland,9|park,10|beach,11|natureReserve,12|cemetery,13|trail,14":{}}}