{"index":{"university,1|retail,2|tourism,3|wreck,4|historical,5|artsCulture,6|namedBuilding,7|water,8|wetland,9|park,10|beach,11|natureReserve,12|cemetery,13|trail,14":{}},"59":{"X2":{"5H":{"GF":"2","G9":"2","HF":"2","F9":"2","CF":"2","C8":"2","GC":"2","HC":"2"},"M5":{"3C":"2","49":"2"},"33":{"MH":"2"},"8W":{"8W":"2"},"84":{"5W":"2"},"FX":{"RR":"2","VR":"2"},"5G":{"9H":"2"}},"M2":{"HR":{"PQ":"2"},"HQ":{"FJ":"2"},"JR":{"28":"2"},"GW":{"86":"2","77":"2","4G":"2","95":"2","5F":"2","83":"2","85":"2","5H":"2","5G":"2","4F":"2","XM":"2","WM":"2","6F":"2","WP":"2","93":"2","78":"2","87":"2","4C":"2","84":"2","XP":"2","73":"2"},"JQ":{"F7":"2"},"C6":{"8F":"2","CC":"2","88":"2","78":"2","87":"2","77":"2"},"5V":{"R2":"2","R3":"2","V3":"2"},"5G":{"66":"2","76":"2"},"QX":{"3P":"2","4Q":"2"},"8F":{"RM":"2"},"J9":{"WX":"2"},"W9":{"8P":"2","7P":"2","5Q":"2","6M":"2","RJ":"2"},"PX":{"CH":"2","9G":"2","WJ":"2","6F":"2","3F":"2","87":"2","99":"2"},"MC":{"3C":"2","6C":"2","6H":"2","6F":"2"},"PW":{"2V":"2","5X":"2","6X":"2"},"JJ":{"56":"2","55":"2","44":"2","45":"2"},"CV":{"4W":"2","3X":"2","6V":"2","4X":"2","5W":"2","4V":"2"},"7H":{"J7":"2"},"8V":{"Q4":"2"},"MX":{"8P":"2","7P":"2","6R":"2","7Q":"2","8G":"2","M4":"2","3R":"2"},"HV":{"RM":"2","QX":"2","RV":"2"},"CC":{"GV":"2","FP":"2","CP":"2","GQ":"2","CX":"2","CW":"2","GR":"2","CQ":"2","FG":"2"},"JX":{"66":"2","85":"2","67":"2","45":"2","57":"2","55":"2","XM":"2","WP":"2","87":"2","XP":"2"},"HX":{"V3":"2","V2":"2"},"CW":{"63":"2","64":"2","62":"2","42":"2"},"9V":{"WP":"2"},"HW":{"7C":"2","W8":"2","95":"2","2P":"2","2Q":"2","PC":"2","4C":"2","5G":"2","5C":"2","49":"2","M5":"2","M6":"2","3P":"2","H8":"2","86":"2","4M":"2","X8":"2","5P":"2","H3":"2","85":"2","R9":"2","J6":"2","G6":"2","P6":"2","4J":"2","Q4":"2","4G":"2","J7":"2","P9":"2","M7":"2","F6":"2","4H":"2","5F":"2","4Q":"2","M4":"2","4P":"2","98":"2","5Q":"2","QC":"2","3Q":"2","96":"2","J5":"2","Q9":"2","2M":"2","P8":"2","P5":"2","J8":"2","3M":"2"},"JC":{"G8":"2","G7":"2","M7":"2","C7":"2","GF":"2","HQ":"2","GH":"2","MF":"2","G6":"2","PM":"2","J8":"2","W7":"2","M9":"2","P9":"2","C6":"2","P4":"2","J9":"2","9J":"2","7G":"2","GP":"2","78":"2","VC":"2","JJ":"2","HH":"2","F8":"2","MJ":"2","R6":"2","9G":"2","7H":"2","GG":"2","68":"2","MP":"2","CC":"2","QH":"2","WP":"2","H7":"2","HC":"2","W5":"2","F7":"2","WF":"2","PC":"2","MH":"2","FC":"2","GC":"2","JC":"2"}},"R3":{"X8":{"6C":"2","HV":"2","9J":"2"},"XF":{"X9":"2","RM":"2","WW":"2","RF":"2","V8":"2","QQ":"2","XC":"2","R9":"2","VR":"2","VJ":"2","QV":"2","XV":"2","XP":"2","WM":"2","VM":"2","RR":"2","V9":"2","XF":"2","VH":"2","WX":"2","W9":"2","XJ":"2","VC":"2","XG":"2","XX":"2","RJ":"2","VQ":"2","WC":"2","W8":"2","VG":"2","RQ":"2","RC":"2","WH":"2","VF":"2","RG":"2","QR":"2","WF":"2","WJ":"2","RP":"2","XW":"2","XM":"2","WG":"2"},"42":{"5X":"2"},"G3":{"GP":"2","GM":"2"},"J3":{"8Q":"2","CP":"2","CJ":"2","CM":"2","8R":"2"},"C3":{"8C":"2","7G":"2","9C":"2","8G":"2","8F":"2","6F":"2","7C":"2","9F":"2"},"H3":{"WM":"2"},"X9":{"Q2":"2"},"W7":{"H9":"2"},"93":{"PR":"2","RR":"2"},"XH":{"X2":"2"},"32":{"Q7":"2"},"XG":{"W8":"2","XR":"2","X9":"2","VR":"2","R6":"2","P7":"2","V7":"2","VP":"2","W7":"2","M6":"2","WR":"2","V8":"2","X5":"2","PH":"2","Q6":"2","XX":"2","R4":"2","R3":"2","WW":"2","Q3":"2","X2":"2","XV":"2","PJ":"2","P6":"2","RF":"2","QJ":"2","Q4":"2","XQ":"2","XP":"2","QM":"2","WV":"2","P9":"2","XC":"2","Q7":"2","X7":"2","QF":"2","VV":"2","W5":"2","V5":"2","Q5":"2","R5":"2","PG":"2","WQ":"2","WP":"2","QH":"2","QC":"2","RP":"2","Q2":"2","Q9":"2","RM":"2","X3":"2","Q8":"2","P8":"2","P5":"2","RQ":"2","VW":"2","VQ":"2","V6":"2","R2":"2"}},"Q2":{"23":{"6F":"2","6G":"2"},"2P":{"R2":"2"},"5V":{"W9":"2"},"6X":{"63":"2","72":"2","62":"2","54":"2","45":"2","93":"2","53":"2","27":"2","26":"2","34":"2","37":"2"},"6Q":{"72":"2","74":"2","75":"2","73":"2"},"9F":{"54":"2","44":"2"},"MG":{"JH":"2","GM":"2"},"CP":{"66":"2","76":"2","58":"2","67":"2","55":"2","69":"2","65":"2","56":"2","59":"2"},"V7":{"97":"2","84":"2","76":"2","59":"2","94":"2","7G":"2","37":"2","83":"2","86":"2","F6":"2","98":"2","68":"2","CC":"2","99":"2","C8":"2","6F":"2","88":"2","F7":"2","49":"2"},"4C":{"M6":"2","P5":"2","M5":"2","J2":"2","J8":"2","Q5":"2","M8":"2","R9":"2","J9":"2"},"VP":{"PV":"2"},"CW":{"3R":"2"},"5X":{"M7":"2","H6":"2","GC":"2","HC":"2","PF":"2","R8":"2","QC":"2","79":"2","67":"2","X5":"2","G7":"2","X9":"2","W7":"2","Q8":"2","R7":"2","J7":"2","Q7":"2","H9":"2","P9":"2"},"GX":{"P6":"2","M8":"2","J7":"2","P8":"2","M7":"2"},"WJ":{"F4":"2"},"XH":{"J8":"2","H8":"2","M9":"2"},"9C":{"9V":"2","7V":"2","8V":"2","6W":"2","7W":"2","5X":"2","8W":"2","6X":"2"},"PX":{"5X":"2","CX":"2"},"5J":{"2Q":"2","2P":"2"},"5P":{"RG":"2","R3":"2","QG":"2","MC":"2","XC":"2","Q4":"2","VG":"2","VF":"2","XP":"2","J6":"2","R4":"2","MH":"2","M9":"2","Q3":"2"},"H3":{"7W":"2"},"W9":{"M5":"2","H6":"2","Q7":"2","Q5":"2"},"JR":{"XH":"2"},"79":{"X5":"2","X6":"2","V7":"2","X7":"2","W6":"2"},"HC":{"HP":"2","GM":"2"},"MP":{"R6":"2"},"5W":{"RQ":"2","VR":"2"},"6P":{"HQ":"2","FM":"2","GH":"2","2G":"2","5H":"2","26":"2","CM":"2","2H":"2","5C":"2","59":"2","5G":"2","7W":"2","7G":"2","79":"2","57":"2","78":"2","29":"2","4G":"2","FH":"2","FG":"2","6W":"2","4F":"2","6X":"2","36":"2","5F":"2","58":"2","3G":"2","3P":"2","48":"2","CG":"2","6J":"2","5J":"2","GQ":"2","7F":"2","7X":"2"},"MX":{"PG":"2"},"4J":{"XP":"2","XQ":"2"},"7W":{"3J":"2","5J":"2"},"5M":{"PQ":"2","HQ":"2","37":"2"},"4H":{"3G":"2","2F":"2","3F":"2"},"MQ":{"2J":"2"},"QF":{"QG":"2","QJ":"2","Q9":"2","MJ":"2","PG":"2","JP":"2","QF":"2","MM":"2","MH":"2"},"VM":{"29":"2"},"3X":{"3Q":"2","3P":"2","2R":"2"},"6W":{"44":"2","92":"2","8X":"2","43":"2"},"X4":{"M6":"2","J6":"2","J7":"2","M7":"2"},"4X":{"WF":"2","VF":"2"},"RM":{"X9":"2"},"2M":{"WR":"2","VX":"2","HH":"2","VW":"2","QV":"2","RW":"2"},"RJ":{"QJ":"2","PG":"2","QG":"2","PF":"2","PJ":"2"},"P5":{"63":"2","83":"2","73":"2"},"8J":{"GF":"2","F6":"2","GG":"2","FH":"2"},"MM":{"JH":"2","MH":"2","MC":"2","PG":"2","QG":"2","PF":"2","Q8":"2","PJ":"2","MG":"2","MM":"2","Q9":"2","MJ":"2","QF":"2","PM":"2","JC":"2","VH":"2"},"V6":{"9W":"2","CW":"2","CV":"2"},"9P":{"R4":"2"}},"W4":{"X9":{"J6":"2"},"J5":{"G5":"2","H5":"2"},"62":{"4X":"2"},"G6":{"FW":"2"},"QQ":{"WQ":"2","PX":"2"},"WV":{"P7":"2"},"J8":{"FF":"2","9J":"2","8R":"2","CQ":"2","CR":"2","9V":"2","7Q":"2","9W":"2","CP":"2","9P":"2","GV":"2","9Q":"2","7P":"2","CV":"2"},"W7":{"H9":"2","JC":"2"},"HM":{"F7":"2","X8":"2","XC":"2","WF":"2"},"P5":{"HW":"2","JW":"2","HX":"2","JX":"2"},"P9":{"PH":"2"},"63":{"24":"2","23":"2","33":"2","32":"2","44":"2","42":"2","34":"2","53":"2","43":"2"},"PH":{"M5":"2","H6":"2","J4":"2","H9":"2","J6":"2","H5":"2","H7":"2"},"GJ":{"PM":"2"},"V9":{"3J":"2"},"XF":{"XJ":"2"},"J9":{"J2":"2","92":"2","H2":"2"},"XJ":{"3P":"2","2P":"2"},"53":{"X4":"2","V4":"2","W5":"2","X3":"2","W4":"2"},"XG":{"GF":"2","GC":"2","FC":"2","FF":"2"},"R8":{"4G":"2"},"4C":{"WJ":"2"},"XQ":{"RR":"2","QR":"2","PV":"2","XP":"2"},"33":{"42":"2","52":"2"},"P6":{"F7":"2","F6":"2","2G":"2","F8":"2","69":"2","G5":"2","2H":"2","J7":"2","G4":"2","G6":"2"},"FF":{"HG":"2"},"M6":{"CX":"2"},"CF":{"QM":"2"},"XW":{"M7":"2","XV":"2","R6":"2","X7":"2","R5":"2","J8":"2","XR":"2","M8":"2","G7":"2","WH":"2","W7":"2","X6":"2","VG":"2","XH":"2","J7":"2","R4":"2","XG":"2","Q5":"2","XJ":"2","M9":"2"},"XM":{"XV":"2","MH":"2","MJ":"2"},"MM":{"6P":"2"},"R2":{"F4":"2","H7":"2","72":"2","62":"2","92":"2","83":"2","F6":"2","H8":"2","82":"2","F8":"2","93":"2","F5":"2","73":"2","G6":"2"}},"X4":{"2P":{"PR":"2","PQ":"2"},"58":{"P4":"2","R4":"2"},"FW":{"PR":"2","WV":"2","WW":"2","QR":"2","VV":"2","PV":"2","PQ":"2","VW":"2","RW":"2","MQ":"2"},"5R":{"WJ":"2","WM":"2"},"6X":{"72":"2"},"PM":{"QP":"2","MR":"2","PQ":"2"},"8H":{"7C":"2","95":"2","6C":"2","99":"2","8H":"2","9F":"2","47":"2","68":"2","CP":"2","5C":"2","49":"2","H8":"2","7F":"2","C5":"2","J4":"2","9C":"2","6F":"2","CM":"2","6M":"2","H3":"2","77":"2","H4":"2","CC":"2","7P":"2","79":"2","9M":"2","8C":"2","2C":"2","CJ":"2","59":"2","8F":"2","4F":"2","5F":"2","G8":"2","98":"2","78":"2","9H":"2","96":"2","37":"2","88":"2","69":"2","8G":"2","CF":"2","C6":"2","9J":"2"},"8X":{"WF":"2"},"48":{"36":"2"},"2R":{"M7":"2","H6":"2","M6":"2","H7":"2","HC":"2","P8":"2","J8":"2","J9":"2","M8":"2","H8":"2","G7":"2","G8":"2","P7":"2","J6":"2","J7":"2","JC":"2","M9":"2","H9":"2"},"2W":{"XR":"2","2G":"2","WG":"2","2R":"2","GP":"2","6Q":"2","JM":"2","XF":"2","CP":"2","PC":"2","5G":"2","MR":"2","WR":"2","M6":"2","XG":"2","H8":"2","XH":"2","4M":"2","VC":"2","3V":"2","2H":"2","5P":"2","4W":"2","HQ":"2","35":"2","WW":"2","8W":"2","VF":"2","JR":"2","R9":"2","7X":"2","J6":"2","JH":"2","XV":"2","6J":"2","RF":"2","MW":"2","WF":"2","7W":"2","XQ":"2","XP":"2","XJ":"2","V9":"2","8R":"2","7J":"2","HR":"2","WV":"2","P9":"2","FH":"2","M7":"2","5F":"2","XM":"2","HV":"2","MQ":"2","2J":"2","72":"2","RC":"2","5Q":"2","5H":"2","WP":"2","JW":"2","J9":"2","JQ":"2","H6":"2","Q9":"2","6H":"2","Q8":"2","J8":"2","3M":"2","6G":"2","HP":"2","9P":"2"},"6Q":{"JP":"2"},"68":{"97":"2","33":"2","98":"2"},"7G":{"35":"2","34":"2"},"7H":{"FM":"2","FP":"2","RG":"2","RF":"2","VC":"2","XC":"2","CM":"2","WF":"2","VF":"2","WC":"2"},"3R":{"RR":"2","QR":"2","QV":"2"},"4C":{"2V":"2","2X":"2"},"5C":{"VV":"2"},"9V":{"WP":"2","VP":"2","WM":"2"},"PX":{"8J":"2","7H":"2","9H":"2","6H":"2","6G":"2","9J":"2"},"CM":{"C4":"2"},"6M":{"PJ":"2","QJ":"2","MJ":"2","PG":"2","JJ":"2","PH":"2","MM":"2","MH":"2"},"3V":{"FR":"2","VW":"2","WQ":"2","GR":"2","X5":"2","VX":"2","RX":"2","W7":"2","X8":"2","7J":"2","8H":"2","V2":"2","VP":"2","GJ":"2","W2":"2","X6":"2","RW":"2","X7":"2","FV":"2","W9":"2","FP":"2","CH":"2","FH":"2","CR":"2","VQ":"2","W8":"2","CJ":"2","X4":"2","WF":"2","M8":"2","FJ":"2"},"4W":{"W8":"2","2P":"2","58":"2","42":"2","X9":"2","48":"2","2R":"2","2Q":"2","XF":"2","GX":"2","X6":"2","GF":"2","49":"2","V8":"2","4M":"2","6M":"2","X8":"2","5P":"2","W9":"2","WW":"2","JV":"2","2X":"2","CC":"2","R9":"2","56":"2","FC":"2","4J":"2","JC":"2","WF":"2","59":"2","XQ":"2","5M":"2","V9":"2","HX":"2","WV":"2","XC":"2","57":"2","X7":"2","39":"2","VV":"2","89":"2","FX":"2","GC":"2","JW":"2","HW":"2","Q9":"2","4X":"2","69":"2","54":"2","CF":"2","VW":"2","WC":"2"},"29":{"W7":"2","W8":"2","X8":"2","VC":"2","X6":"2","X7":"2"},"WW":{"CR":"2","CV":"2"},"2X":{"G7":"2","J5":"2","M3":"2","62":"2","G6":"2","F5":"2","C6":"2","W2":"2","94":"2","W3":"2","H3":"2","83":"2","H4":"2","F6":"2","F4":"2","J6":"2","J4":"2","C5":"2","R4":"2","P6":"2","Q4":"2","M4":"2","72":"2","82":"2"},"6J":{"JQ":"2"},"7R":{"96":"2","95":"2"},"5W":{"4M":"2","3M":"2","99":"2","28":"2","89":"2","8H":"2","8J":"2","29":"2","2P":"2","2C":"2","9P":"2","2F":"2","3P":"2","7M":"2","5M":"2","5P":"2","8M":"2","2M":"2"},"MX":{"RM":"2"},"CX":{"79":"2"},"2C":{"8P":"2","7X":"2"},"4V":{"63":"2","24":"2","38":"2","28":"2","59":"2","26":"2","49":"2","WC":"2","29":"2","43":"2","39":"2"},"8R":{"X4":"2"},"J7":{"QX":"2"},"GW":{"2V":"2"},"FH":{"57":"2","67":"2","66":"2","76":"2"},"4F":{"8P":"2"},"9Q":{"J5":"2"},"76":{"52":"2"},"9G":{"7V":"2","7W":"2"},"GR":{"54":"2"},"39":{"62":"2","27":"2","52":"2","26":"2","34":"2"},"3X":{"RF":"2","Q2":"2","X2":"2","V2":"2","23":"2","93":"2","W9":"2","32":"2","H3":"2","43":"2","VC":"2","J2":"2","42":"2","C3":"2","W8":"2","24":"2","P2":"2","F2":"2","RC":"2","33":"2","H2":"2","92":"2","VF":"2","48":"2","RG":"2","34":"2","F3":"2","M2":"2","R2":"2","82":"2"},"75":{"7R":"2","6R":"2","5V":"2","5R":"2","5X":"2"},"2V":{"FX":"2"},"6W":{"7V":"2","6W":"2","7W":"2","7X":"2","5W":"2","8X":"2"},"2F":{"72":"2","65":"2"},"9R":{"24":"2","34":"2"},"9X":{"8X":"2"},"QH":{"JH":"2","JG":"2"},"4X":{"F2":"2","C2":"2","22":"2","7W":"2","7X":"2","28":"2","92":"2"},"2M":{"2V":"2"},"3C":{"3V":"2"},"38":{"W8":"2","PM":"2","MH":"2","GP":"2","RG":"2","P7":"2","JF":"2","JM":"2","MG":"2","CP":"2","V7":"2","MJ":"2","HH":"2","C7":"2","JG":"2","PF":"2","CQ":"2","MF":"2","CM":"2","X8":"2","HF":"2","PH":"2","GH":"2","73":"2","VF":"2","MP":"2","JH":"2","F7":"2","PJ":"2","JP":"2","MX":"2","FC":"2","GJ":"2","R7":"2","RF":"2","QJ":"2","MW":"2","FF":"2","7W":"2","8R":"2","7J":"2","FJ":"2","FH":"2","9Q":"2","PQ":"2","HM":"2","GR":"2","MQ":"2","JJ":"2","QF":"2","97":"2","GC":"2","PG":"2","FQ":"2","QQ":"2","RC":"2","GM":"2","QC":"2","QP":"2","QH":"2","96":"2","GQ":"2","JQ":"2","QG":"2","FM":"2","RM":"2","Q8":"2","HJ":"2","8J":"2","MM":"2","C6":"2","MC":"2","FP":"2","WC":"2"},"9J":{"9P":"2"},"3W":{"V8":"2","3Q":"2","8W":"2","79":"2","8R":"2","CP":"2","RX":"2","HJ":"2","WW":"2","3R":"2","VR":"2","7W":"2","PX":"2","3F":"2","7X":"2","WM":"2","JM":"2","RG":"2","M2":"2","3W":"2","CJ":"2","VC":"2","89":"2","9G":"2","JP":"2","9H":"2","5W":"2","7J":"2","7P":"2","PH":"2","FH":"2","W7":"2","FJ":"2","88":"2","W4":"2","36":"2","VF":"2","RQ":"2","GR":"2","4P":"2","JV":"2","59":"2","Q9":"2","PP":"2","8J":"2","JH":"2","QH":"2","3X":"2","7V":"2","4C":"2","47":"2","QP":"2","GJ":"2","6V":"2","4R":"2","WX":"2","78":"2","8Q":"2","RR":"2","C8":"2","CQ":"2","6P":"2","FV":"2","VX":"2","R6":"2","P7":"2","2P":"2","FW":"2","CX":"2","2X":"2","XX":"2","RH":"2","9W":"2","9Q":"2","RP":"2","8C":"2","R3":"2","8M":"2","XV":"2","5P":"2","GV":"2","WH":"2","HV":"2","VW":"2","4W":"2","68":"2","JC":"2","HX":"2","RW":"2","G9":"2","MV":"2","HH":"2","CW":"2","J8":"2","GW":"2","CM":"2","3G":"2","MW":"2","WC":"2","M3":"2","MX":"2","V4":"2","JW":"2","JR":"2","6X":"2","5V":"2","35":"2","P3":"2","2J":"2","HM":"2","99":"2","V7":"2","CG":"2","3J":"2","9J":"2","7F":"2","4Q":"2","PW":"2","X8":"2","C9":"2","MG":"2","W6":"2","P6":"2","WV":"2","7H":"2","VP":"2","8P":"2","JF":"2","3M":"2","X6":"2","P2":"2","QX":"2","RJ":"2","8F":"2","R8":"2","4M":"2","QJ":"2","2H":"2","69":"2","R7":"2","4V":"2","JJ":"2","6Q":"2","JG":"2","RM":"2","9C":"2","QF":"2","3H":"2","5Q":"2","MP":"2","9P":"2","26":"2","7R":"2","5M":"2","HR":"2","FG":"2","6W":"2","V6":"2","8X":"2","CH":"2","9M":"2","2M":"2","VQ":"2","QM":"2","X7":"2","H4":"2","MM":"2","9R":"2","VV":"2","W8":"2","8V":"2","98":"2","5R":"2","R5":"2","PG":"2","QG":"2","QQ":"2","CR":"2","XW":"2","7G":"2","V3":"2"}},"V2":{"FR":{"V6":"2"},"7R":{"97":"2","WV":"2","96":"2","87":"2"},"9X":{"X5":"2","V3":"2","X6":"2"},"8V":{"MW":"2","RM":"2","HR":"2","JR":"2","GW":"2","GX":"2","JP":"2","QX":"2","VH":"2","PX":"2","RH":"2","HV":"2","MP":"2","JV":"2","QH":"2","QG":"2","QF":"2","PF":"2","HX":"2","RG":"2","QW":"2","GV":"2","MQ":"2","FX":"2","HW":"2","GM":"2"},"44":{"9R":"2"},"RQ":{"M5":"2","X4":"2","X3":"2","W5":"2","X2":"2"},"R7":{"Q4":"2"},"9W":{"XX":"2"},"QV":{"JH":"2","HH":"2"},"CX":{"35":"2"},"8W":{"F2":"2","C2":"2","G2":"2"},"HQ":{"93":"2","6C":"2","83":"2","92":"2"},"7X":{"25":"2"},"4Q":{"5C":"2","59":"2"},"6X":{"9V":"2","9P":"2","77":"2"},"3F":{"4H":"2","3G":"2","3H":"2","2F":"2"},"FX":{"VW":"2","XX":"2"},"2P":{"F8":"2","C8":"2","PQ":"2","MQ":"2","FF":"2","JP":"2","FX":"2"}},"P2":{"C4":{"3G":"2"},"HM":{"8C":"2","98":"2","99":"2"},"7G":{"HR":"2"},"9H":{"F7":"2","G7":"2","F6":"2","P8":"2"},"H5":{"M2":"2"},"23":{"22":"2"},"G8":{"PW":"2","MX":"2","QW":"2","PX":"2"},"WM":{"C6":"2","C7":"2","96":"2","86":"2"},"2F":{"J8":"2","G8":"2","H8":"2","J9":"2"},"PW":{"2J":"2","4F":"2"},"5J":{"23":"2","22":"2"},"3C":{"VQ":"2"},"PH":{"PQ":"2"},"G9":{"P2":"2"},"GQ":{"7G":"2","6H":"2"},"HG":{"M5":"2","F8":"2","M4":"2","J2":"2","P3":"2","M2":"2","JV":"2","H2":"2","G2":"2","Q2":"2"}},"W2":{"QR":{"FF":"2"},"PJ":{"VC":"2"},"8R":{"6V":"2"},"CR":{"3G":"2","4G":"2"},"8X":{"PR":"2","GW":"2","RR":"2","QR":"2","HW":"2","HX":"2","QV":"2","GX":"2","JV":"2","RW":"2","RV":"2"},"CP":{"JH":"2","HC":"2","JG":"2","P8":"2","MC":"2","PC":"2","J9":"2","M8":"2","GG":"2","JF":"2","Q8":"2","J6":"2","J7":"2","Q7":"2","Q5":"2","M9":"2","P9":"2"},"9P":{"8F":"2","9F":"2"},"FP":{"QV":"2"},"Q7":{"66":"2"},"QP":{"4M":"2"},"37":{"93":"2"},"G6":{"G9":"2","J8":"2"},"HG":{"PR":"2","PP":"2","QP":"2","PJ":"2"}},"V4":{"G3":{"V8":"2"},"F2":{"XP":"2"},"J3":{"4M":"2","5M":"2","6M":"2"},"H3":{"4H":"2"},"G2":{"5P":"2","4P":"2","4J":"2","5Q":"2","3R":"2","4Q":"2"}},"R2":{"XX":{"6R":"2","8V":"2","8M":"2"},"MR":{"WP":"2"},"GW":{"C6":"2","95":"2"},"P5":{"7H":"2","2H":"2","6H":"2","6M":"2","7J":"2","5J":"2"},"C4":{"4M":"2"},"9G":{"X5":"2","X4":"2","W5":"2","W4":"2"},"HM":{"55":"2"},"P8":{"JQ":"2"},"G3":{"X6":"2"},"XC":{"93":"2","C2":"2"},"MQ":{"G5":"2"},"HW":{"6C":"2"},"6G":{"H4":"2"},"F2":{"JH":"2","9J":"2","HP":"2","6C":"2","8H":"2","7Q":"2","CJ":"2","8J":"2","GG":"2","9M":"2","9H":"2","4F":"2","7J":"2","JJ":"2","5C":"2","7H":"2","5J":"2","7P":"2","GM":"2"},"PC":{"WH":"2"},"FG":{"5X":"2","6X":"2"},"3V":{"7R":"2","3Q":"2","2V":"2","3W":"2","4Q":"2"},"39":{"9G":"2"},"6M":{"9G":"2"},"GH":{"WG":"2","VG":"2","WJ":"2","XH":"2","VM":"2","WH":"2"},"7G":{"35":"2","58":"2","45":"2","57":"2","38":"2","48":"2","69":"2","47":"2","34":"2","46":"2","36":"2","25":"2","49":"2","37":"2","59":"2"},"5V":{"H4":"2","J4":"2","G5":"2","G4":"2","H5":"2"},"X9":{"GV":"2","9W":"2","CX":"2"},"MW":{"2Q":"2"},"H3":{"36":"2"},"7J":{"MV":"2"},"J5":{"RM":"2","WP":"2","QP":"2","VP":"2","VQ":"2","WQ":"2"},"CG":{"35":"2"},"6J":{"PG":"2","QF":"2"},"47":{"V4":"2","P3":"2","V3":"2","W3":"2","V5":"2"},"7V":{"62":"2"},"JW":{"FQ":"2","JH":"2","PJ":"2","VM":"2","JG":"2","QM":"2","GG":"2","HH":"2","MJ":"2","JF":"2","MF":"2","RM":"2","HG":"2"},"8G":{"8F":"2","7F":"2","7C":"2","6G":"2"},"59":{"QG":"2"},"68":{"97":"2"}},"X5":{"VR":{"HC":"2"},"VV":{"CR":"2"},"V8":{"CV":"2"},"FH":{"M3":"2"},"FG":{"G9":"2","GC":"2","87":"2"},"92":{"38":"2","45":"2","28":"2"},"PC":{"9P":"2","58":"2"},"GG":{"9J":"2"},"HH":{"W9":"2"},"P4":{"X8":"2","VC":"2","X9":"2"},"GH":{"JH":"2","P5":"2","FM":"2","M4":"2","GJ":"2","P4":"2","RC":"2","P9":"2","GG":"2","JG":"2","FH":"2","FG":"2","M7":"2"},"C3":{"53":"2"},"53":{"M3":"2","J3":"2","M2":"2"},"G9":{"X3":"2","X2":"2"},"M4":{"W6":"2"},"Q5":{"PC":"2","Q7":"2","R7":"2","F5":"2","V7":"2"},"M3":{"3H":"2"}},"P3":{"82":{"GW":"2","HX":"2","GX":"2"},"44":{"QC":"2","RG":"2","RF":"2","VG":"2","M8":"2","RC":"2","P9":"2"},"X2":{"W2":"2"},"83":{"J2":"2","F2":"2","C2":"2","C3":"2","M2":"2","J7":"2","H2":"2"}},"J2":{"FQ":{"PM":"2"},"VR":{"P8":"2"},"86":{"PG":"2"},"F7":{"63":"2","HJ":"2","8R":"2","9R":"2","8H":"2","67":"2","29":"2","HH":"2","75":"2","45":"2","8Q":"2","55":"2","JJ":"2","53":"2","G5":"2","9Q":"2","74":"2","65":"2","3C":"2","46":"2","8G":"2","73":"2","64":"2"},"XF":{"99":"2","F7":"2","C4":"2","76":"2","C9":"2","88":"2","9C":"2","39":"2","F6":"2","98":"2","65":"2","8C":"2","C5":"2","84":"2"},"58":{"JR":"2"},"4J":{"3G":"2","6H":"2"},"HQ":{"HW":"2"},"MQ":{"3G":"2","6G":"2"},"7Q":{"52":"2"},"F6":{"CR":"2","9V":"2","7X":"2"},"7R":{"76":"2","FC":"2"},"FR":{"H4":"2","95":"2","G3":"2","F3":"2","54":"2","75":"2","H3":"2","74":"2","H2":"2","G4":"2","64":"2"},"C7":{"W8":"2","X4":"2","X8":"2","W9":"2"},"WF":{"VP":"2","W2":"2","VM":"2"},"7P":{"7P":"2","6R":"2","7Q":"2","6Q":"2","9M":"2"},"WC":{"PW":"2"},"P9":{"WR":"2","WV":"2"}},"W3":{"M2":{"7M":"2"},"22":{"RG":"2","QG":"2"},"X7":{"PW":"2"},"95":{"GV":"2","HR":"2","GR":"2"},"MQ":{"QJ":"2","QM":"2","RH":"2","QH":"2"},"RX":{"JX":"2","8X":"2","7W":"2","MX":"2","6X":"2","5W":"2","4W":"2","9X":"2","9W":"2","6W":"2","FW":"2","HV":"2","CW":"2","7X":"2"},"82":{"85":"2"},"26":{"HM":"2","FM":"2"},"7P":{"J4":"2"}},"H2":{"M2":{"XV":"2"},"H7":{"HR":"2","HQ":"2","JR":"2"},"76":{"7X":"2","6X":"2"},"X4":{"RQ":"2"},"P2":{"4V":"2"},"75":{"P7":"2","M3":"2"},"H3":{"68":"2","H7":"2","69":"2"},"C7":{"79":"2","59":"2"},"74":{"GW":"2","JV":"2","MC":"2","HQ":"2","MJ":"2","JJ":"2","MF":"2","GV":"2","GQ":"2","MM":"2","MH":"2","GP":"2"}},"X3":{"7R":{"QC":"2","PH":"2","PG":"2","R9":"2","QF":"2"},"C9":{"9Q":"2"},"WW":{"3X":"2"},"WX":{"22":"2"},"CJ":{"3C":"2","4C":"2"},"5F":{"55":"2","F2":"2","47":"2","G2":"2"},"WJ":{"JW":"2","MX":"2","JX":"2"},"26":{"J6":"2","M7":"2"},"FV":{"8J":"2","8M":"2"},"WM":{"G5":"2","86":"2","H2":"2","G2":"2"},"9J":{"V6":"2"}},"V3":{"2G":{"MQ":"2","83":"2","66":"2","22":"2","9X":"2","F4":"2","8W":"2","8R":"2","W9":"2","CP":"2","XQ":"2","RX":"2","7W":"2","6G":"2","65":"2","5F":"2","M5":"2","HQ":"2","7X":"2","6R":"2","P4":"2","C2":"2","2R":"2","M2":"2","3W":"2","5X":"2","XF":"2","PC":"2","CJ":"2","VC":"2","89":"2","9H":"2","5W":"2","7J":"2","VJ":"2","7P":"2","6J":"2","23":"2","7M":"2","88":"2","42":"2","VF":"2","GR":"2","4P":"2","H9":"2","6M":"2","QW":"2","HG":"2","9V":"2","X2":"2","8J":"2","QH":"2","43":"2","7V":"2","WQ":"2","RF":"2","4C":"2","H5":"2","48":"2","74":"2","6V":"2","4R":"2","78":"2","8Q":"2","CQ":"2","FV":"2","3C":"2","2P":"2","FW":"2","CX":"2","93":"2","2X":"2","M8":"2","9W":"2","9Q":"2","8C":"2","8M":"2","5G":"2","5P":"2","GV":"2","XC":"2","WH":"2","FQ":"2","4W":"2","68":"2","JC":"2","RW":"2","CW":"2","GW":"2","F2":"2","CM":"2","C5":"2","VH":"2","H2":"2","64":"2","GM":"2","4H":"2","JR":"2","6X":"2","5V":"2","FR":"2","54":"2","2J":"2","HM":"2","MJ":"2","96":"2","99":"2","V7":"2","6C":"2","CG":"2","3J":"2","M4":"2","9J":"2","4Q":"2","C9":"2","WF":"2","R9":"2","55":"2","7H":"2","95":"2","76":"2","P5":"2","25":"2","8P":"2","85":"2","75":"2","3M":"2","7Q":"2","HF":"2","2W":"2","P2":"2","QX":"2","J9":"2","4M":"2","69":"2","2Q":"2","34":"2","4V":"2","6Q":"2","84":"2","G2":"2","JG":"2","58":"2","H8":"2","J2":"2","3H":"2","82":"2","5Q":"2","MP":"2","9P":"2","26":"2","GP":"2","7R":"2","5M":"2","WJ":"2","53":"2","CV":"2","56":"2","6W":"2","H7":"2","V6":"2","8X":"2","CH":"2","9M":"2","2M":"2","MM":"2","8H":"2","9R":"2","VV":"2","92":"2","CF":"2","2V":"2","8V":"2","3P":"2","5R":"2","MC":"2","RC":"2","86":"2","J3":"2","H6":"2","CR":"2","GX":"2","J5":"2","6H":"2"},"R8":{"V9":"2"},"G9":{"6C":"2","6F":"2","7F":"2"},"3J":{"QJ":"2","FR":"2","RM":"2","VW":"2","WQ":"2","73":"2","62":"2","WW":"2","GH":"2","7M":"2","GR":"2","JR":"2","GW":"2","VX":"2","VR":"2","RX":"2","VJ":"2","64":"2","QV":"2","7V":"2","XV":"2","WM":"2","V2":"2","2H":"2","63":"2","VM":"2","3M":"2","RR":"2","7R":"2","PH":"2","74":"2","QX":"2","2C":"2","VH":"2","FV":"2","8Q":"2","2P":"2","JW":"2","PX":"2","2M":"2","8R":"2","2Q":"2","PJ":"2","4Q":"2","2J":"2","7P":"2","CV":"2","MJ":"2","CH":"2","FH":"2","RJ":"2","VQ":"2","HP":"2","RV":"2","FG":"2","9R":"2","3J":"2","5P":"2","MX":"2","RQ":"2","6Q":"2","HV":"2","MP":"2","QP":"2","JV":"2","8M":"2","QH":"2","JX":"2","6V":"2","4M":"2","3Q":"2","WP":"2","3P":"2","QW":"2","CG":"2","GV":"2","6M":"2","QR":"2","9C":"2","9P":"2","MQ":"2","MH":"2","2V":"2","9F":"2","WJ":"2","RP":"2","XW":"2","VV":"2"},"3G":{"G8":"2","P3":"2","G7":"2","38":"2","C7":"2","M3":"2","73":"2","62":"2","97":"2","G6":"2","F5":"2","54":"2","C2":"2","R9":"2","J8":"2","M9":"2","7V":"2","52":"2","25":"2","2F":"2","63":"2","76":"2","5C":"2","7R":"2","22":"2","59":"2","74":"2","35":"2","MG":"2","94":"2","93":"2","96":"2","8F":"2","2C":"2","J9":"2","G2":"2","PV":"2","H9":"2","32":"2","H3":"2","MC":"2","57":"2","53":"2","83":"2","65":"2","2Q":"2","86":"2","2R":"2","4V":"2","F6":"2","F4":"2","G3":"2","J2":"2","QC":"2","42":"2","C3":"2","RV":"2","6W":"2","C5":"2","VG":"2","98":"2","WR":"2","F2":"2","RC":"2","XQ":"2","99":"2","C4":"2","QG":"2","H2":"2","6V":"2","89":"2","92":"2","QF":"2","67":"2","C8":"2","Q9":"2","48":"2","RG":"2","HC":"2","G5":"2","F7":"2","F3":"2","9F":"2","72":"2","56":"2","PG":"2","66":"2","JC":"2","4R":"2","82":"2"},"8M":{"G8":"2","G7":"2","G6":"2","2G":"2","2F":"2","3C":"2","2C":"2","F8":"2","4V":"2","4G":"2","4C":"2","4H":"2","H6":"2","H7":"2","F7":"2","49":"2","2X":"2"},"6R":{"GF":"2","HF":"2","Q9":"2","J6":"2","H5":"2","F3":"2","J7":"2","HC":"2"},"C7":{"XW":"2","XV":"2","XR":"2","WV":"2","RX":"2","WW":"2","WX":"2","QX":"2","VW":"2"},"5G":{"4J":"2","5H":"2","8H":"2","8F":"2","7G":"2","8G":"2","9G":"2","98":"2","3W":"2","3V":"2","CC":"2","4H":"2","R4":"2","C8":"2","CG":"2","Q4":"2","5J":"2","9C":"2","9F":"2","CF":"2","7F":"2"},"M5":{"63":"2"},"M6":{"5G":"2"},"7M":{"PV":"2","R8":"2","G9":"2","VR":"2","WG":"2","M9":"2","P7":"2","JF":"2","XF":"2","V7":"2","PC":"2","VP":"2","MJ":"2","WR":"2","JG":"2","XG":"2","MV":"2","XH":"2","VC":"2","XX":"2","R4":"2","WW":"2","JH":"2","PJ":"2","QJ":"2","WF":"2","QV":"2","WV":"2","WH":"2","J7":"2","P9":"2","Q7":"2","G8":"2","QF":"2","VM":"2","VV":"2","GC":"2","WQ":"2","RC":"2","WP":"2","QH":"2","VH":"2","VJ":"2","RV":"2","M8":"2","Q9":"2","RM":"2","Q8":"2","RH":"2","RJ":"2","HJ":"2","VW":"2","WM":"2","VQ":"2","H9":"2"},"V8":{"3X":"2","45":"2","74":"2"},"4M":{"FW":"2","GV":"2","28":"2","8H":"2","8X":"2","48":"2","8M":"2","CP":"2","7H":"2","4C":"2","CW":"2","GX":"2","5G":"2","49":"2","7M":"2","CQ":"2","9V":"2","6M":"2","CV":"2","FR":"2","29":"2","FV":"2","8W":"2","7X":"2","6J":"2","7R":"2","6P":"2","9M":"2","2C":"2","5M":"2","4G":"2","HX":"2","8R":"2","7J":"2","GW":"2","4F":"2","5F":"2","7V":"2","39":"2","CR":"2","FQ":"2","HW":"2","6H":"2","JX":"2","3C":"2","6G":"2","38":"2","9P":"2"},"5J":{"R5":"2","Q5":"2","Q4":"2"},"2H":{"G8":"2","G7":"2","VW":"2","JG":"2","J5":"2","GF":"2","62":"2","97":"2","77":"2","G9":"2","F5":"2","54":"2","X5":"2","VX":"2","P8":"2","RX":"2","64":"2","F9":"2","Q7":"2","HM":"2","QV":"2","52":"2","W6":"2","76":"2","GJ":"2","35":"2","QX":"2","94":"2","X6":"2","93":"2","H8":"2","J9":"2","95":"2","32":"2","53":"2","PW":"2","65":"2","78":"2","HH":"2","HF":"2","86":"2","P7":"2","F8":"2","XX":"2","42":"2","J6":"2","C3":"2","JF":"2","55":"2","J4":"2","FG":"2","CC":"2","H6":"2","C9":"2","33":"2","92":"2","67":"2","C8":"2","FF":"2","H7":"2","CG":"2","QW":"2","W5":"2","34":"2","G5":"2","J7":"2","M8":"2","FC":"2","CF":"2","JH":"2","72":"2","R5":"2","GC":"2","FJ":"2","56":"2","66":"2","JC":"2","Q8":"2","Q6":"2","82":"2"},"5P":{"FR":"2","GH":"2","FQ":"2","FM":"2","GM":"2","5F":"2","4F":"2","GJ":"2","CM":"2","FJ":"2","8H":"2","6F":"2","6G":"2"},"29":{"PR":"2","QR":"2","GP":"2","CM":"2","PV":"2","QV":"2","46":"2","RV":"2"},"FG":{"Q3":"2","Q4":"2","P4":"2"},"8W":{"X2":"2","R6":"2","W4":"2","V4":"2","XH":"2","VF":"2","XJ":"2"},"H4":{"QF":"2"},"Q3":{"63":"2","22":"2","3R":"2","42":"2","85":"2","94":"2","33":"2","82":"2","53":"2","43":"2","84":"2","52":"2","32":"2","73":"2","64":"2"},"7P":{"83":"2","W2":"2"},"79":{"4R":"2","5Q":"2","5R":"2","4Q":"2"},"J6":{"WG":"2","XG":"2","XF":"2","WF":"2"},"6J":{"93":"2","72":"2","63":"2","64":"2","62":"2","85":"2","83":"2","74":"2","84":"2","75":"2","73":"2","43":"2"},"7R":{"7P":"2","HR":"2"},"F7":{"3Q":"2","4H":"2","3P":"2","2W":"2","4R":"2","3R":"2","2V":"2","2R":"2","4Q":"2","3M":"2","5G":"2"},"9M":{"QX":"2","RX":"2","RQ":"2","QW":"2","RW":"2"},"4J":{"8P":"2","5P":"2","7Q":"2","6Q":"2","5Q":"2","3R":"2","6P":"2"},"CX":{"GW":"2","CR":"2","MJ":"2","FR":"2","53":"2","43":"2","FW":"2","GV":"2","CW":"2","34":"2","52":"2","44":"2","FV":"2","CV":"2"},"4G":{"RG":"2","4X":"2","PF":"2","HQ":"2","QC":"2","PC":"2","MG":"2","WH":"2","JF":"2","3X":"2","VG":"2","MF":"2","XG":"2","WG":"2"},"V9":{"34":"2"},"8V":{"7M":"2","PR":"2","3C":"2","9C":"2","QR":"2","HF":"2","VW":"2","88":"2","RW":"2","29":"2"},"7J":{"X5":"2"},"P2":{"MW":"2","QJ":"2","RM":"2","M7":"2","VW":"2","WQ":"2","WW":"2","QQ":"2","WV":"2","VX":"2","VR":"2","RX":"2","QV":"2","7V":"2","WM":"2","VP":"2","VM":"2","RR":"2","QX":"2","RW":"2","PV":"2","JW":"2","PX":"2","XJ":"2","PW":"2","8R":"2","4V":"2","RJ":"2","VQ":"2","RV":"2","8V":"2","WR":"2","MX":"2","RQ":"2","MP":"2","XQ":"2","MR":"2","JX":"2","WP":"2","QW":"2","9V":"2","CX":"2","FX":"2","WJ":"2","RP":"2","XW":"2","XM":"2","VV":"2"},"4H":{"66":"2","2Q":"2","8R":"2","3R":"2","2V":"2","57":"2","38":"2","F8":"2","FC":"2","56":"2","2R":"2","46":"2","32":"2"},"7V":{"W8":"2","X8":"2","V6":"2","X9":"2","V7":"2","W9":"2"},"HM":{"C9":"2","9C":"2","F9":"2","CC":"2","FC":"2","FF":"2"},"2J":{"R3":"2","Q2":"2","V5":"2","V4":"2","WW":"2","XM":"2","WX":"2","XP":"2","WQ":"2","R4":"2","WC":"2","XJ":"2"},"39":{"9H":"2","8G":"2","9G":"2"},"JJ":{"H5":"2"},"M4":{"X5":"2","W5":"2","X6":"2","W6":"2","W4":"2"},"4P":{"73":"2","84":"2","Q7":"2","P5":"2","63":"2","45":"2","G2":"2","J3":"2","78":"2","85":"2","J2":"2","W8":"2","H2":"2","67":"2","88":"2","34":"2","72":"2","56":"2","82":"2"},"98":{"9C":"2","CC":"2"},"2F":{"7Q":"2","PV":"2","2G":"2","2P":"2","5V":"2","FW":"2","GV":"2","3J":"2","RX":"2","GP":"2","6Q":"2","2Q":"2","WX":"2","8M":"2","6R":"2","CP":"2","7H":"2","5X":"2","GX":"2","5G":"2","MR":"2","7M":"2","4R":"2","3P":"2","CQ":"2","MV":"2","4M":"2","9V":"2","PX":"2","3V":"2","5J":"2","QW":"2","2H":"2","5P":"2","XX":"2","HQ":"2","FR":"2","CV":"2","FV":"2","8W":"2","JV":"2","WW":"2","JR":"2","7P":"2","PW":"2","6J":"2","7R":"2","6P":"2","MX":"2","9M":"2","4J":"2","MW":"2","4V":"2","7W":"2","5M":"2","8Q":"2","8V":"2","HX":"2","8R":"2","HR":"2","7J":"2","GW":"2","4F":"2","4H":"2","9Q":"2","5F":"2","7V":"2","4Q":"2","HM":"2","HV":"2","GR":"2","2J":"2","4P":"2","3H":"2","FX":"2","8P":"2","9R":"2","QX":"2","CR":"2","FQ":"2","6V":"2","5H":"2","3Q":"2","JW":"2","GQ":"2","HW":"2","JQ":"2","VX":"2","FM":"2","6H":"2","JX":"2","8J":"2","3C":"2","3F":"2","6G":"2","3M":"2","9W":"2","HP":"2","FP":"2","9P":"2"},"3H":{"7Q":"2","XR":"2","36":"2","2G":"2","34":"2","42":"2","52":"2","6X":"2","3J":"2","22":"2","MH":"2","6Q":"2","XW":"2","WX":"2","6R":"2","C7":"2","M5":"2","3P":"2","7F":"2","J4":"2","5P":"2","35":"2","FR":"2","WW":"2","H4":"2","Q3":"2","56":"2","XV":"2","7R":"2","5W":"2","6P":"2","JP":"2","9M":"2","8C":"2","46":"2","JC":"2","87":"2","7W":"2","5M":"2","XC":"2","8F":"2","F6":"2","76":"2","26":"2","63":"2","G8":"2","44":"2","M4":"2","6W":"2","5Q":"2","6V":"2","3Q":"2","VX":"2","J5":"2","RV":"2","P3":"2","6H":"2","53":"2","MM":"2","VW":"2"},"5Q":{"Q7":"2"},"5H":{"J8":"2"},"VH":{"GW":"2","2Q":"2","HM":"2","J8":"2","CX":"2","6G":"2","J9":"2","2P":"2","6M":"2","7G":"2","5G":"2","7J":"2","6F":"2","GF":"2","7H":"2","HV":"2","5P":"2","6P":"2","6H":"2"},"M2":{"WX":"2","RV":"2"},"VJ":{"H2":"2"},"J5":{"Q7":"2"},"Q2":{"8X":"2","4W":"2","GX":"2","HM":"2","9W":"2","2H":"2","2W":"2","7W":"2","5X":"2","7G":"2","8G":"2","8W":"2","FP":"2","29":"2","4X":"2","9G":"2","6W":"2","3W":"2","5P":"2","MX":"2","5W":"2","JX":"2","6V":"2","3P":"2","HX":"2","3X":"2","CW":"2","9V":"2","2V":"2","FX":"2","69":"2","JM":"2","2X":"2"},"C8":{"X3":"2","W3":"2","W2":"2","W4":"2","Q2":"2"},"P3":{"G8":"2","P3":"2","J5":"2","R9":"2","V3":"2","P8":"2","Q2":"2","V4":"2","V2":"2","V9":"2","W2":"2","43":"2","V7":"2","R3":"2","4V":"2","J2":"2","V5":"2","42":"2","R6":"2","R8":"2","P2":"2","CC":"2","33":"2","R4":"2","FF":"2","VF":"2","Q4":"2","M8":"2","M4":"2","M2":"2","V6":"2","CF":"2","Q8":"2","R2":"2"},"6H":{"7V":"2","8V":"2","7W":"2","6V":"2","4X":"2","5X":"2","9W":"2","8W":"2","7X":"2","5W":"2","6X":"2","8X":"2"},"RH":{"WJ":"2","XM":"2","XJ":"2","VP":"2","PQ":"2","XP":"2","XH":"2","WQ":"2","VM":"2","VJ":"2","XQ":"2","WM":"2","WH":"2"},"69":{"R5":"2"},"8J":{"24":"2"},"C2":{"JH":"2","PF":"2","JJ":"2","2M":"2","5J":"2","2P":"2"},"H2":{"8X":"2"},"3F":{"9X":"2","FR":"2","8X":"2","4W":"2","GX":"2","7V":"2","9W":"2","FW":"2","7W":"2","5X":"2","8Q":"2","GP":"2","8W":"2","4X":"2","CV":"2","FQ":"2","HP":"2","CQ":"2","6W":"2","6X":"2","5W":"2","9Q":"2","JX":"2","HX":"2","GV":"2","3X":"2","CW":"2","CX":"2","GQ":"2","CP":"2","2X":"2","7X":"2"},"3M":{"X9":"2","75":"2","M7":"2","M3":"2","77":"2","P8":"2","84":"2","64":"2","W7":"2","X8":"2","Q2":"2","25":"2","V2":"2","W6":"2","76":"2","35":"2","23":"2","X7":"2","W3":"2","79":"2","65":"2","78":"2","86":"2","46":"2","55":"2","W8":"2","24":"2","P2":"2","68":"2","W5":"2","7C":"2","M4":"2","56":"2","66":"2"},"9W":{"63":"2","77":"2","4G":"2","42":"2","3G":"2","39":"2","29":"2","2P":"2","45":"2","3F":"2","2C":"2","57":"2","2G":"2","55":"2","5G":"2","23":"2","4F":"2","53":"2","48":"2","2H":"2","65":"2","47":"2","3C":"2","56":"2","46":"2","44":"2"},"38":{"XH":"2"},"FP":{"93":"2","C4":"2","C3":"2","92":"2"},"9P":{"H6":"2","H5":"2","G7":"2","J4":"2","J5":"2","J6":"2","M4":"2","R4":"2"},"92":{"VQ":"2","XQ":"2","H4":"2","VJ":"2","RQ":"2","VP":"2","G7":"2","XM":"2","WP":"2","G5":"2","XP":"2","PR":"2","WQ":"2","G6":"2"},"R2":{"GM":"2"}},"M3":{"R2":{"8C":"2","69":"2"},"X3":{"FC":"2"},"V2":{"7P":"2","5Q":"2"}},"Q3":{"X2":{"4V":"2"},"V2":{"R9":"2"},"P2":{"C4":"2","62":"2","C2":"2","F3":"2","94":"2","C3":"2","C7":"2","93":"2","96":"2","C5":"2","73":"2"}}}}