{"index":{"university,1|retail,2|tourism,3|wreck,4|historical,5|artsCulture,6|namedBuilding,7|water,8|wetland,9|park,10|beach,11|natureReserve,12|cemetery,13|trail,14":{}},"5F":{"7Q":{"VX":{"XG":"2"},"GQ":{"7X":"2"},"8R":{"G4":"2"},"GR":{"63":"2"}},"5V":{"9P":{"8C":"2","9C":"2","8F":"2","9F":"2"},"5R":{"M2":"2"},"F5":{"X6":"2"},"3W":{"CQ":"2"}},"FW":{"26":{"8G":"2","9G":"2"},"29":{"M2":"2"}},"GV":{"PP":{"W5":"2","W4":"2","X7":"2","W6":"2","R5":"2","X4":"2","X5":"2","X6":"2","R4":"2"},"QM":{"F5":"2"},"QP":{"GH":"2","54":"2","39":"2","26":"2","25":"2","22":"2","35":"2","23":"2","45":"2","57":"2","65":"2","46":"2","44":"2","V5":"2","55":"2","24":"2","C4":"2","47":"2","R4":"2","58":"2","48":"2","34":"2","R5":"2","56":"2"},"98":{"6W":"2","5V":"2","6V":"2"},"RH":{"42":"2"},"CW":{"4M":"2"}},"5R":{"86":{"VM":"2"},"87":{"M6":"2","8R":"2","8P":"2","FJ":"2","CM":"2","CJ":"2","9M":"2","8Q":"2","CP":"2","9P":"2","9Q":"2","J6":"2"}},"6X":{"34":{"79":"2"}},"PM":{"RM":{"7Q":"2"},"7V":{"9R":"2","5P":"2","9X":"2","7Q":"2","6Q":"2","8W":"2","8X":"2"},"WG":{"WV":"2"},"QP":{"PP":"2","QR":"2","QP":"2","PQ":"2","QQ":"2"},"XC":{"X5":"2","4V":"2"},"XJ":{"33":"2","32":"2","22":"2","42":"2","43":"2"},"XG":{"2W":"2","2X":"2"},"XH":{"MR":"2","2X":"2","XM":"2","3X":"2","4X":"2","3W":"2","MQ":"2"},"X9":{"RX":"2"}},"VR":{"HW":{"PQ":"2","VW":"2","77":"2","QQ":"2","RX":"2","F9":"2","HM":"2","QV":"2","JQ":"2","RR":"2","JP":"2","QX":"2","RW":"2","PV":"2","78":"2","F8":"2","FH":"2","HP":"2","RV":"2","FG":"2","87":"2","RQ":"2","PR":"2","FF":"2","88":"2","QW":"2","QR":"2","FC":"2","VV":"2"},"JW":{"7R":"2","7V":"2","4M":"2","7Q":"2","8V":"2","4J":"2","5J":"2"},"MX":{"72":"2","68":"2","85":"2","74":"2","84":"2","75":"2","69":"2","73":"2"}},"GP":{"9R":{"GV":"2","GW":"2","HW":"2","HV":"2","HR":"2","GR":"2"},"59":{"XW":"2"},"5G":{"QW":"2"}},"2R":{"PV":{"VC":"2","V9":"2","WC":"2"}},"JM":{"6J":{"JQ":"2"},"MR":{"7R":"2"},"X6":{"XV":"2","XR":"2","XX":"2"},"H7":{"CF":"2"}},"6R":{"PG":{"QR":"2"},"4R":{"5F":"2"},"JC":{"9F":"2"}},"CP":{"XM":{"MP":"2"},"QV":{"J8":"2","J9":"2"},"MQ":{"9X":"2","CX":"2"}},"3R":{"WX":{"G7":"2","H8":"2"},"VV":{"GR":"2"},"CC":{"W8":"2","WP":"2","WG":"2","XG":"2","VP":"2","VQ":"2","X9":"2","VM":"2","XH":"2","WQ":"2","W9":"2","WM":"2"},"HQ":{"CJ":"2"},"9F":{"PH":"2"}},"CW":{"HH":{"33":"2"},"VQ":{"6P":"2"},"HG":{"M8":"2"}},"5X":{"6J":{"2X":"2","3X":"2"},"6M":{"22":"2"},"5J":{"XX":"2"}},"GX":{"P6":{"84":"2"},"HP":{"9C":"2"},"Q6":{"4Q":"2"},"P8":{"6G":"2"}},"WR":{"GX":{"F8":"2"}},"4R":{"2Q":{"R5":"2","P5":"2","M4":"2","R6":"2","Q5":"2","P4":"2"}},"CQ":{"3R":{"6W":"2","6X":"2"},"HW":{"GV":"2","FR":"2","GW":"2","FQ":"2","6W":"2","GQ":"2","6V":"2","GX":"2","GR":"2","FX":"2","FW":"2"},"3V":{"99":"2","62":"2","C9":"2","85":"2","75":"2","98":"2","74":"2","84":"2","C8":"2","73":"2"},"29":{"C6":"2"},"HX":{"M6":"2","H4":"2","M5":"2","J4":"2","M4":"2","P7":"2","J3":"2","J5":"2","H3":"2","QH":"2"},"2H":{"2G":"2","8W":"2","2P":"2"},"56":{"62":"2"},"WG":{"W4":"2"}},"9V":{"C7":{"CF":"2","XH":"2","CG":"2","FF":"2","FG":"2"},"GF":{"77":"2"},"C2":{"XX":"2","XW":"2","X8":"2","JX":"2","GW":"2","XQ":"2","R6":"2","X7":"2","MX":"2","MQ":"2","WV":"2","WW":"2","MW":"2","WX":"2","VX":"2","CW":"2","XP":"2","JW":"2","M3":"2"},"64":{"PJ":"2","MJ":"2"},"3M":{"35":"2"},"94":{"G4":"2","V2":"2","W2":"2","W9":"2"},"93":{"HR":"2","WW":"2","HQ":"2","WV":"2","JR":"2","VX":"2","VR":"2","RX":"2","QV":"2","P5":"2","JQ":"2","HJ":"2","RR":"2","GJ":"2","X7":"2","WX":"2","JW":"2","Q5":"2","GP":"2","FP":"2","HF":"2","V5":"2","QC":"2","HP":"2","RV":"2","RC":"2","HV":"2","JV":"2","8M":"2","GV":"2","HW":"2","FJ":"2","CP":"2","VV":"2"},"J3":{"3C":"2","38":"2","4C":"2","49":"2","29":"2","39":"2"},"H3":{"RM":"2","RF":"2","MF":"2","PM":"2","F9":"2","V9":"2","XF":"2","VH":"2","MC":"2","VC":"2","PJ":"2","MJ":"2","RJ":"2","JF":"2","RH":"2","WC":"2","VG":"2","RC":"2","WH":"2","CC":"2","C9":"2","QF":"2","VF":"2","PF":"2","RG":"2","WF":"2","PC":"2","FC":"2","WG":"2","PG":"2","MM":"2","JC":"2"},"83":{"W5":"2","RJ":"2","W6":"2"},"HH":{"4Q":"2"},"G3":{"FF":"2","FG":"2","GG":"2","CF":"2","CC":"2","HF":"2","CG":"2","GF":"2","FC":"2"},"J2":{"XV":"2","XR":"2","XP":"2","XW":"2","XQ":"2"},"C3":{"8W":"2","R2":"2","8R":"2","CP":"2","XQ":"2","HJ":"2","6G":"2","65":"2","PX":"2","5F":"2","G8":"2","HQ":"2","WM":"2","FF":"2","JM":"2","XF":"2","CJ":"2","V2":"2","9G":"2","JP":"2","9H":"2","7J":"2","5J":"2","7P":"2","PH":"2","FH":"2","6J":"2","W7":"2","XR":"2","FJ":"2","7M":"2","4P":"2","6M":"2","HG":"2","9V":"2","Q9":"2","PP":"2","8J":"2","VM":"2","JH":"2","QH":"2","7V":"2","FP":"2","RF":"2","GJ":"2","8Q":"2","5H":"2","CQ":"2","6P":"2","X5":"2","93":"2","C4":"2","9W":"2","9Q":"2","MH":"2","R3":"2","8M":"2","5G":"2","5P":"2","FQ":"2","HP":"2","77":"2","G9":"2","CM":"2","VH":"2","C5":"2","3G":"2","GM":"2","4H":"2","GG":"2","XM":"2","JR":"2","4G":"2","G5":"2","2J":"2","HM":"2","MJ":"2","V7":"2","PJ":"2","CG":"2","3J":"2","9J":"2","MG":"2","R9":"2","G4":"2","VP":"2","8P":"2","JF":"2","7Q":"2","QX":"2","R8":"2","QJ":"2","JJ":"2","6Q":"2","JG":"2","RM":"2","4F":"2","3H":"2","MP":"2","9P":"2","GP":"2","7R":"2","5M":"2","FG":"2","CH":"2","9M":"2","QM":"2","MM":"2","8H":"2","X4":"2","9R":"2","92":"2","CF":"2","8G":"2","FM":"2","8V":"2","PM":"2","M9":"2","GQ":"2","7G":"2","W5":"2","JQ":"2","V3":"2","6H":"2"},"98":{"GH":"2"},"F2":{"W8":"2","2G":"2","2P":"2","GV":"2","28":"2","PM":"2","3G":"2","RX":"2","8X":"2","M9":"2","JM":"2","2Q":"2","F8":"2","VP":"2","5X":"2","27":"2","MR":"2","3P":"2","JG":"2","CQ":"2","VC":"2","PX":"2","2H":"2","RW":"2","HQ":"2","CV":"2","W9":"2","MP":"2","F7":"2","JP":"2","CX":"2","CJ":"2","HX":"2","HM":"2","GR":"2","VV":"2","3H":"2","QX":"2","FQ":"2","QQ":"2","9X":"2","QP":"2","JW":"2","RP":"2","HW":"2","J9":"2","RV":"2","QG":"2","GG":"2","M8":"2","JX":"2","HJ":"2","RQ":"2","MM":"2","VW":"2","HP":"2"},"C4":{"G6":"2","H4":"2","8P":"2","G3":"2","J2":"2","G5":"2","G4":"2","F5":"2","M2":"2","H5":"2","J6":"2","J5":"2","H3":"2","H2":"2","G2":"2"},"F3":{"V8":"2","3Q":"2","F4":"2","79":"2","R2":"2","W9":"2","QC":"2","6G":"2","5F":"2","FF":"2","2R":"2","97":"2","52":"2","PC":"2","VC":"2","89":"2","72":"2","FH":"2","44":"2","88":"2","46":"2","36":"2","P8":"2","PF":"2","RF":"2","47":"2","V9":"2","74":"2","C8":"2","J7":"2","P7":"2","F9":"2","45":"2","C4":"2","8C":"2","5G":"2","F8":"2","77":"2","G9":"2","2G":"2","Q8":"2","F2":"2","C5":"2","H2":"2","3G":"2","WC":"2","GG":"2","C6":"2","7C":"2","4G":"2","54":"2","62":"2","35":"2","96":"2","94":"2","7F":"2","C9":"2","R9":"2","55":"2","G4":"2","95":"2","25":"2","6F":"2","8F":"2","R8":"2","67":"2","2H":"2","2Q":"2","H3":"2","G2":"2","84":"2","C7":"2","Q6":"2","J2":"2","QF":"2","3H":"2","82":"2","M6":"2","26":"2","J6":"2","37":"2","53":"2","FG":"2","57":"2","Q2":"2","X4":"2","92":"2","98":"2","5R":"2","F6":"2","RC":"2","J3":"2","Q7":"2","J5":"2"},"F7":{"F9":"2","FC":"2"},"M2":{"4P":"2","2W":"2","2P":"2","2Q":"2","4Q":"2","2R":"2","4V":"2","5Q":"2","3R":"2","5R":"2","3W":"2","3V":"2","3Q":"2","3P":"2","2V":"2","4R":"2"}},"CM":{"JQ":{"9C":"2"}},"3V":{"R5":{"8H":"2"},"6J":{"HH":"2"},"P6":{"WC":"2"},"7J":{"H9":"2","88":"2","78":"2"},"8H":{"2Q":"2","75":"2"},"JC":{"Q6":"2"}},"PH":{"5V":{"X3":"2"},"8W":{"HX":"2","JX":"2"},"8X":{"J2":"2","H2":"2"}},"4W":{"79":{"JJ":"2"},"R8":{"4W":"2","3W":"2","3V":"2","4V":"2"}},"FR":{"HJ":{"2V":"2","2R":"2"},"V4":{"VX":"2"},"GP":{"W3":"2"},"GM":{"M7":"2","JG":"2","W4":"2","V3":"2","P8":"2","Q2":"2","V4":"2","V2":"2","W2":"2","J9":"2","W3":"2","H3":"2","R3":"2","Q3":"2","P7":"2","V5":"2","JF":"2","P2":"2","C4":"2","R4":"2","Q4":"2","R5":"2","R2":"2"},"GJ":{"QJ":"2","RM":"2","VW":"2","WQ":"2","WW":"2","WV":"2","PM":"2","VX":"2","PP":"2","VR":"2","RX":"2","VP":"2","VM":"2","PH":"2","QX":"2","RW":"2","WX":"2","PJ":"2","MJ":"2","RV":"2","XR":"2","WR":"2","MX":"2","RQ":"2","QP":"2","XQ":"2","MR":"2","QH":"2","JX":"2","QM":"2","QW":"2","RP":"2","VV":"2"},"45":{"6Q":"2"},"V5":{"R3":"2","V4":"2","Q3":"2","V3":"2","W3":"2","V2":"2","J5":"2","R4":"2"}},"CV":{"GV":{"72":"2","63":"2","62":"2","54":"2","45":"2","73":"2","53":"2"},"25":{"4J":"2"},"GR":{"4W":"2","7X":"2","5W":"2"},"34":{"9P":"2","9M":"2"}},"FV":{"CF":{"72":"2","63":"2","79":"2","44":"2","78":"2","87":"2","77":"2"},"F6":{"PW":"2","MW":"2"},"G2":{"8J":"2"}},"JV":{"C6":{"CF":"2","CG":"2","9F":"2"}},"8W":{"FQ":{"XM":"2","XP":"2","XQ":"2"},"GQ":{"2Q":"2","2M":"2","2P":"2"}},"JR":{"35":{"2W":"2","2X":"2"},"24":{"2X":"2"},"32":{"7H":"2","7J":"2"},"CP":{"JX":"2"},"G8":{"HJ":"2","9J":"2","FJ":"2","FH":"2","CJ":"2","FG":"2","8J":"2","HH":"2","GG":"2","9M":"2","GH":"2","FM":"2","FP":"2","GJ":"2","8M":"2","GM":"2","GP":"2"},"25":{"22":"2","XX":"2","XW":"2"},"CQ":{"J2":"2"}},"2X":{"V9":{"GW":"2","CW":"2","FX":"2","FW":"2","CV":"2"}},"7X":{"V4":{"68":"2"}},"MP":{"7X":{"3C":"2","6C":"2","2C":"2","6F":"2","3J":"2","3F":"2","3M":"2"},"6X":{"MH":"2","MG":"2"},"P8":{"83":"2"}},"7R":{"V9":{"27":"2"},"5X":{"4J":"2"}},"PJ":{"R5":{"35":"2","24":"2","23":"2","32":"2","45":"2","42":"2"},"Q5":{"RM":"2","X4":"2","X3":"2","WG":"2","WJ":"2","RQ":"2","W3":"2","VM":"2","VJ":"2","WH":"2"},"Q4":{"VX":"2","RQ":"2","VQ":"2","QV":"2","XQ":"2"},"7W":{"FX":"2","FW":"2"},"V5":{"2P":"2"},"R4":{"2W":"2","2Q":"2","2V":"2","4W":"2","3X":"2","4X":"2","3W":"2","2P":"2"}},"5W":{"72":{"X9":"2"},"C4":{"8Q":"2","7R":"2","9R":"2","8P":"2","6R":"2","FM":"2","FP":"2","7Q":"2","6Q":"2","9P":"2","CJ":"2","CM":"2","9W":"2","8R":"2","8M":"2","9Q":"2","9M":"2","PX":"2"},"C5":{"R3":"2","Q3":"2","Q4":"2","R4":"2"}},"JP":{"HJ":{"CQ":"2","9Q":"2"},"PG":{"9V":"2","CV":"2"},"GX":{"2J":"2","2Q":"2","2R":"2","2M":"2","2P":"2"},"FX":{"XV":"2","VQ":"2","VR":"2","XQ":"2","RW":"2","VV":"2","XR":"2","RP":"2","RV":"2","RQ":"2","WV":"2","QQ":"2","WW":"2","XM":"2","WP":"2","RR":"2","XP":"2","WQ":"2","QP":"2","XJ":"2","VW":"2","WR":"2"},"HC":{"8J":"2","7J":"2"}},"CX":{"CC":{"58":"2"}},"4V":{"9P":{"J8":"2","J7":"2"},"QW":{"M5":"2"},"3F":{"MR":"2","JR":"2"}},"QV":{"8P":{"Q3":"2","Q2":"2"},"8M":{"R2":"2","R3":"2","V4":"2","PF":"2","PW":"2","MW":"2","V3":"2","M3":"2","V2":"2","M2":"2","QF":"2","R4":"2"},"9M":{"FF":"2","9G":"2","8H":"2","CH":"2","FH":"2","FG":"2","GG":"2","CF":"2","CC":"2","9H":"2","CG":"2","GF":"2","FC":"2"}},"7W":{"MC":{"33":"2","45":"2"},"4R":{"R6":"2","R7":"2"}},"XQ":{"G3":{"87":"2"}},"XP":{"7X":{"JH":"2","GH":"2","CH":"2","9H":"2","7J":"2","9J":"2"},"VM":{"9C":"2"},"49":{"XC":"2","XF":"2","X9":"2","WH":"2"}},"8Q":{"G9":{"W7":"2","X5":"2","X4":"2","V4":"2","X3":"2","W5":"2","V6":"2","X2":"2","V3":"2","X6":"2","W3":"2","V2":"2","V5":"2","W2":"2","V7":"2","W6":"2","W4":"2"},"MM":{"6G":"2"},"H9":{"24":"2","23":"2"},"95":{"6J":"2"}},"8V":{"P3":{"4H":"2","5P":"2"},"M3":{"MW":"2","HG":"2","JG":"2","GF":"2","VP":"2","PH":"2","VH":"2","PV":"2","PW":"2","PJ":"2","JJ":"2","FQ":"2","JF":"2","RH":"2","FG":"2","CQ":"2","GG":"2","VG":"2","MV":"2","MP":"2","FF":"2","RG":"2","MH":"2","9F":"2","JH":"2","JM":"2","WG":"2"}},"HX":{"VH":{"H2":"2"}},"8R":{"6J":{"5G":"2"},"2H":{"J5":"2"},"42":{"33":"2","44":"2","34":"2","43":"2"}},"HR":{"JH":{"RG":"2","VR":"2","PJ":"2","RJ":"2","VJ":"2","VH":"2","MQ":"2","MP":"2","QJ":"2","QM":"2","PP":"2","MJ":"2","PV":"2","VG":"2","VF":"2","QH":"2","PM":"2","PR":"2","MM":"2","MH":"2","RH":"2","RM":"2"},"MG":{"8X":"2","9X":"2","V9":"2","R9":"2","VC":"2","RC":"2","QF":"2","8W":"2"},"R8":{"QX":"2","QW":"2"},"Q9":{"WW":"2","WX":"2","VX":"2","VW":"2"},"R9":{"8C":"2","9C":"2","F7":"2","8F":"2","9F":"2"},"Q6":{"5P":"2"},"5W":{"VR":"2"},"W6":{"GV":"2","FV":"2","FW":"2"}},"QM":{"4G":{"9X":"2","9M":"2","38":"2","6C":"2","28":"2","6G":"2","52":"2","9W":"2","25":"2","8J":"2","23":"2","8F":"2","7G":"2","32":"2","37":"2","53":"2","27":"2","42":"2","CR":"2","9G":"2","9R":"2","58":"2","48":"2","6F":"2","9H":"2","9V":"2","CX":"2","7C":"2","69":"2","7F":"2"},"28":{"8R":"2","CQ":"2","9V":"2","CR":"2","9R":"2","8Q":"2","FR":"2","9W":"2","GV":"2","FW":"2","9Q":"2","CW":"2","FV":"2","CV":"2"},"6Q":{"9J":"2"},"2V":{"2C":"2"},"5F":{"2V":"2"},"3G":{"W8":"2","R8":"2","GV":"2","G9":"2","F3":"2","99":"2","8X":"2","GP":"2","9F":"2","R6":"2","F8":"2","V7":"2","M3":"2","W7":"2","CW":"2","GX":"2","C7":"2","X6":"2","GF":"2","M6":"2","G3":"2","H8":"2","V8":"2","C5":"2","9C":"2","X5":"2","C9":"2","H3":"2","FR":"2","GH":"2","85":"2","W9":"2","FV":"2","FG":"2","CC":"2","G4":"2","84":"2","W6":"2","F7":"2","G2":"2","G6":"2","FC":"2","55":"2","GJ":"2","R7":"2","8C":"2","G7":"2","FF":"2","Q4":"2","83":"2","V9":"2","P9":"2","P2":"2","FH":"2","F6":"2","7V":"2","J2":"2","Q7":"2","X7":"2","GR":"2","G8":"2","44":"2","C3":"2","M4":"2","89":"2","FX":"2","GC":"2","Q5":"2","R5":"2","6V":"2","9X":"2","GM":"2","J3":"2","96":"2","GQ":"2","M2":"2","F5":"2","H6":"2","CG":"2","GG":"2","C8":"2","Q9":"2","P3":"2","Q8":"2","P5":"2","C2":"2","P4":"2","54":"2","G5":"2","H2":"2","6G":"2","CF":"2","9W":"2","C6":"2","F4":"2","45":"2","V6":"2","H9":"2"},"29":{"H4":"2","G3":"2","G5":"2","G4":"2","GM":"2","H3":"2"},"3F":{"HW":"2","8R":"2","CP":"2","HJ":"2","WW":"2","FC":"2","PX":"2","M5":"2","G8":"2","HQ":"2","7X":"2","FF":"2","CJ":"2","PV":"2","JX":"2","89":"2","JP":"2","9H":"2","VJ":"2","XR":"2","WG":"2","7M":"2","GR":"2","JV":"2","6M":"2","HG":"2","QW":"2","JH":"2","GF":"2","FP":"2","QP":"2","GJ":"2","CC":"2","C8":"2","6P":"2","FV":"2","F9":"2","Q3":"2","8M":"2","XV":"2","GH":"2","GV":"2","WH":"2","HV":"2","HP":"2","VW":"2","F8":"2","JC":"2","HX":"2","RW":"2","MV":"2","HH":"2","PR":"2","GW":"2","CM":"2","VH":"2","GM":"2","MW":"2","QV":"2","M3":"2","MX":"2","GG":"2","V4":"2","JW":"2","JR":"2","FR":"2","P3":"2","HM":"2","G7":"2","9J":"2","7F":"2","PW":"2","C9":"2","P6":"2","WV":"2","P5":"2","P2":"2","X6":"2","RJ":"2","QX":"2","J9":"2","8F":"2","V5":"2","JJ":"2","6Q":"2","JG":"2","RM":"2","M6":"2","9P":"2","MP":"2","GP":"2","J6":"2","HR":"2","FG":"2","CV":"2","M7":"2","9M":"2","9R":"2","FM":"2","QR":"2","MR":"2","CR":"2","XW":"2","GX":"2","7G":"2","W5":"2"},"2C":{"5P":"2"},"4H":{"HR":"2","FM":"2","HQ":"2","GH":"2","JR":"2","HM":"2","JQ":"2","CM":"2","HJ":"2","JP":"2","GJ":"2","GP":"2","HH":"2","HP":"2","MR":"2","MQ":"2","FJ":"2","GQ":"2","JM":"2","GM":"2","CP":"2","82":"2"},"4F":{"XV":"2","8P":"2","4V":"2","3W":"2","7W":"2","2V":"2","5W":"2","3V":"2","J3":"2","4W":"2","6W":"2","38":"2","3X":"2","6V":"2","8M":"2","2W":"2"},"2F":{"M6":"2","H4":"2","M5":"2","RF":"2","P7":"2","RQ":"2","M7":"2"},"2H":{"R8":"2","8H":"2","FG":"2","8J":"2","6M":"2","5H":"2","7J":"2","R9":"2","MF":"2","7H":"2","6J":"2","5J":"2","7M":"2","5M":"2","5P":"2","7P":"2","6P":"2","6H":"2"},"3H":{"F4":"2","C4":"2","G3":"2","58":"2","F3":"2","F2":"2","C3":"2","98":"2","48":"2","C6":"2","87":"2","65":"2","F5":"2","C5":"2","C8":"2","97":"2"}},"GW":{"C4":{"M2":"2","M7":"2","M6":"2","R6":"2","Q2":"2","Q6":"2","P2":"2","P4":"2","J3":"2","P3":"2","J4":"2","P7":"2","P6":"2","Q7":"2","M4":"2","Q5":"2","M3":"2","Q3":"2"},"C2":{"6W":"2","5X":"2","5W":"2","6X":"2"},"C3":{"MX":"2","PX":"2"},"H9":{"8G":"2","9G":"2","8F":"2"},"F4":{"CP":"2","9P":"2","CM":"2","9M":"2"},"QQ":{"3W":"2"}},"9Q":{"XH":{"XM":"2","XJ":"2","XP":"2"},"59":{"7M":"2","4M":"2","6H":"2","4G":"2","7J":"2","3H":"2","3J":"2","6G":"2","5G":"2"}},"7V":{"9X":{"C6":"2","H6":"2","F7":"2","F8":"2","C7":"2","C8":"2","F5":"2","H5":"2","C5":"2"},"FX":{"72":"2","62":"2","52":"2"},"FW":{"PF":"2","7X":"2","6X":"2"},"WH":{"HR":"2","GQ":"2","HQ":"2","GR":"2"}},"HM":{"WR":{"XW":"2","QV":"2","VR":"2","QR":"2","VV":"2","RQ":"2","WV":"2","QQ":"2","PV":"2","XM":"2","RR":"2","PR":"2","XJ":"2","WR":"2"},"XR":{"2J":"2","3W":"2","2M":"2","2P":"2"},"9P":{"CC":"2"}},"XM":{"HM":{"9J":"2"}},"HV":{"52":{"PX":"2"},"95":{"M8":"2"}},"GR":{"XF":{"8C":"2","79":"2"}},"JJ":{"PC":{"HQ":"2"},"9G":{"F7":"2"}},"VM":{"XX":{"XV":"2","XR":"2"},"99":{"XJ":"2","WH":"2"},"JH":{"R2":"2","R3":"2","Q3":"2","J2":"2","F9":"2","F2":"2","C2":"2","M2":"2","P2":"2","W6":"2","FF":"2","P8":"2","Q2":"2"},"95":{"QX":"2","RW":"2"},"JG":{"XW":"2","JQ":"2","5X":"2","RJ":"2","VM":"2","JR":"2","CX":"2","6X":"2","5W":"2","RX":"2","WW":"2","9W":"2","FX":"2","GX":"2","WM":"2","WP":"2","WX":"2","XP":"2","QX":"2"},"89":{"F4":"2"},"C9":{"2J":"2","9V":"2","3P":"2","7V":"2","9W":"2","2M":"2","3M":"2","2P":"2"},"9C":{"V4":"2","X2":"2","W3":"2","W4":"2"},"GG":{"M8":"2","P8":"2"},"CC":{"M6":"2","72":"2","C6":"2","8C":"2","97":"2","F7":"2","85":"2","C7":"2","G5":"2","J8":"2","96":"2","94":"2","F5":"2","F4":"2","F6":"2","J5":"2","C5":"2","F3":"2","84":"2","95":"2","78":"2"},"MG":{"2W":"2","2V":"2","4W":"2","4X":"2","3W":"2","2R":"2","3V":"2"},"96":{"X3":"2"},"MH":{"97":"2","FC":"2","52":"2"},"59":{"4M":"2","4J":"2","5M":"2","5J":"2"},"HG":{"CR":"2","PR":"2","JQ":"2","MR":"2","GR":"2","JR":"2"}},"VV":{"R7":{"XG":"2","XF":"2"},"F5":{"V4":"2","W5":"2","V5":"2","W4":"2"}},"3X":{"GM":{"4W":"2","5X":"2","4X":"2","5W":"2"},"78":{"63":"2"}},"2V":{"PP":{"RM":"2","JV":"2","RP":"2"},"8V":{"PR":"2","PP":"2","MP":"2","QR":"2","MM":"2","MJ":"2","PQ":"2"},"83":{"C9":"2"},"73":{"R4":"2"}},"6W":{"44":{"2C":"2","9F":"2"},"VX":{"PF":"2","MF":"2","HG":"2"},"VW":{"9X":"2"}},"9R":{"VP":{"PW":"2"},"XW":{"QF":"2","XH":"2"},"FW":{"6W":"2"}},"CR":{"2W":{"M2":"2","99":"2","86":"2","F7":"2","H4":"2","F4":"2","76":"2","95":"2","89":"2","88":"2","P2":"2","85":"2","75":"2","J2":"2","98":"2","G7":"2","H3":"2","C7":"2","H2":"2","3C":"2","84":"2","C8":"2","49":"2","G6":"2"},"2V":{"HM":"2","JH":"2","HJ":"2","QX":"2","MP":"2","JJ":"2","JW":"2","MX":"2","HH":"2","HX":"2","QW":"2","JV":"2","RW":"2"},"XF":{"F4":"2"},"CV":{"59":"2"}},"WQ":{"J4":{"Q9":"2","M9":"2"}},"QQ":{"72":{"7H":"2","6H":"2"}},"5Q":{"85":{"X4":"2","P7":"2","Q8":"2","V5":"2","P8":"2"},"95":{"GF":"2","77":"2","J8":"2","F9":"2","76":"2","23":"2","32":"2","43":"2","65":"2","78":"2","86":"2","F8":"2","44":"2","42":"2","55":"2","87":"2","CC":"2","33":"2","C9":"2","92":"2","FF":"2","34":"2","M8":"2","9C":"2","FC":"2","CF":"2","72":"2","GC":"2","56":"2","66":"2","82":"2"}},"6V":{"VQ":{"C6":"2","C7":"2"},"GX":{"M2":"2"}},"9X":{"PX":{"8Q":"2","9R":"2","9W":"2","8R":"2","9Q":"2"}},"GM":{"M6":{"4H":"2"},"RR":{"86":"2","78":"2"},"22":{"3P":"2"},"4W":{"8X":"2"},"3X":{"GH":"2"},"PV":{"P9":"2"},"VJ":{"GH":"2","HF":"2","H9":"2","GG":"2"},"WH":{"99":"2"}},"QP":{"G4":{"58":"2","48":"2"},"W3":{"P6":"2","CF":"2","FF":"2"},"5G":{"CW":"2","FX":"2","FW":"2","CV":"2"}},"JW":{"6Q":{"HV":"2"},"9J":{"C6":"2","C7":"2","96":"2"}},"GQ":{"FR":{"QG":"2"},"JW":{"6P":"2"},"RW":{"C9":"2"}},"HW":{"6W":{"4G":"2"}},"JQ":{"MR":{"PX":"2"},"JV":{"4W":"2","4P":"2","7V":"2","7Q":"2","7R":"2","5V":"2","7W":"2","8Q":"2","2P":"2","6R":"2","8R":"2","2Q":"2","8W":"2","4Q":"2","2R":"2","4X":"2","4V":"2","5Q":"2","3R":"2","6W":"2","5R":"2","8V":"2","3W":"2","3V":"2","5P":"2","5W":"2","6Q":"2","6V":"2","3Q":"2","3P":"2","3X":"2","2V":"2","4R":"2"},"22":{"9V":"2"},"XQ":{"62":"2"},"8R":{"HX":"2"},"5R":{"H2":"2"},"95":{"RX":"2"},"4X":{"38":"2","2C":"2","2F":"2","28":"2","29":"2"},"6Q":{"G8":"2","G7":"2","C7":"2","73":"2","97":"2","G9":"2","C2":"2","84":"2","F9":"2","C6":"2","94":"2","96":"2","93":"2","95":"2","83":"2","86":"2","F8":"2","85":"2","F4":"2","C3":"2","87":"2","F2":"2","C4":"2","C9":"2","92":"2","C8":"2","F7":"2","F3":"2","72":"2","R5":"2","82":"2"},"8V":{"F3":"2"},"RQ":{"FQ":"2"},"6M":{"GW":"2","HW":"2","9W":"2","GX":"2","HX":"2","FW":"2","GV":"2","HV":"2","FV":"2"},"9F":{"3C":"2","2C":"2","2F":"2","28":"2","3F":"2","29":"2"},"5G":{"77":"2"},"H8":{"4P":"2","3M":"2","4G":"2","3R":"2","3G":"2","2P":"2","4H":"2","4F":"2","4R":"2","3P":"2","3Q":"2","3H":"2","4Q":"2"},"9W":{"5H":"2","4H":"2","8F":"2","7F":"2","7C":"2","5G":"2"},"RF":{"PC":"2"},"PV":{"73":"2"},"8F":{"X8":"2","W8":"2","XC":"2","V8":"2","V9":"2","X9":"2","VG":"2","W9":"2"},"JF":{"8V":"2"},"WM":{"VW":"2"},"MV":{"P2":"2","86":"2","87":"2"},"3X":{"MR":"2","JQ":"2","JV":"2","PF":"2","R8":"2","JR":"2","MC":"2","XC":"2","QC":"2","V8":"2","PC":"2","V9":"2","X9":"2","MW":"2","R9":"2","MV":"2","MF":"2","JW":"2","8M":"2"},"WP":{"JH":"2","PJ":"2","Q2":"2","F4":"2","P4":"2","MJ":"2","7R":"2","8Q":"2","J5":"2","CP":"2","9Q":"2","6V":"2","FP":"2","PQ":"2","PH":"2","G4":"2","JC":"2","GM":"2","MH":"2"},"43":{"68":"2","85":"2","66":"2","76":"2","65":"2","86":"2","75":"2","77":"2"},"GV":{"JW":"2","HX":"2"},"6J":{"4G":"2","5F":"2","4F":"2","5G":"2"},"HV":{"VQ":"2","XQ":"2","8R":"2","XR":"2","RP":"2","MP":"2","RQ":"2","PP":"2","QQ":"2","8Q":"2","VP":"2","JP":"2","3Q":"2","WQ":"2","QP":"2"},"6P":{"9V":"2","8X":"2","CX":"2","75":"2","45":"2","9X":"2","9W":"2","FX":"2","87":"2","65":"2","CW":"2","52":"2","CV":"2","M3":"2","8W":"2"}},"FM":{"MJ":{"QX":"2","QW":"2"}},"RM":{"XX":{"RR":"2","RQ":"2"},"CW":{"HR":"2","GR":"2"}},"RJ":{"3G":{"PH":"2","PG":"2"},"4G":{"JG":"2"}},"JX":{"3Q":{"QJ":"2","G7":"2","M7":"2","HG":"2","H5":"2","G6":"2","F5":"2","PM":"2","C2":"2","M9":"2","P9":"2","G4":"2","J9":"2","G2":"2","H9":"2","MC":"2","G3":"2","F4":"2","QC":"2","RJ":"2","C3":"2","RH":"2","87":"2","C5":"2","F2":"2","CC":"2","C4":"2","H6":"2","QH":"2","C9":"2","QG":"2","QF":"2","Q9":"2","PF":"2","H7":"2","RG":"2","HC":"2","G5":"2","F3":"2","PC":"2","9C":"2","PG":"2","JC":"2"},"4P":{"6Q":"2","5Q":"2","5R":"2"},"4Q":{"66":"2","6C":"2","5F":"2","67":"2","57":"2","55":"2","6F":"2","69":"2","5C":"2","6J":"2","65":"2","56":"2","59":"2"},"49":{"M7":"2"}},"HJ":{"RH":{"Q7":"2"},"6X":{"G2":"2"}},"RQ":{"5Q":{"MQ":"2"},"XP":{"FV":"2"}},"WM":{"RR":{"3X":"2","4X":"2"},"QR":{"WV":"2","QW":"2"},"2X":{"2W":"2","2V":"2","2R":"2","3V":"2"},"RV":{"32":"2","42":"2","75":"2"}},"9W":{"HF":{"XV":"2","XR":"2","QR":"2","QV":"2","XW":"2"},"J3":{"RG":"2"},"HX":{"2J":"2","28":"2","29":"2","2C":"2","2G":"2","4H":"2","9P":"2","2F":"2","2H":"2","3H":"2","2M":"2"},"JF":{"2W":"2","3R":"2","2V":"2","3W":"2","2R":"2","3V":"2","4V":"2"},"GX":{"X8":"2","XC":"2","XG":"2","XF":"2","X9":"2","XH":"2"},"P2":{"55":"2","65":"2"},"JX":{"F3":"2"}},"HP":{"2V":{"H6":"2","H5":"2"},"34":{"G5":"2"}},"VQ":{"6R":{"JH":"2"},"5P":{"RR":"2","WX":"2","VR":"2","XX":"2"},"6Q":{"R5":"2","R3":"2","Q7":"2","V6":"2","R6":"2","R7":"2","V5":"2","V7":"2","R4":"2","Q2":"2"},"5Q":{"X2":"2","W2":"2"},"6P":{"GW":"2","JV":"2","M6":"2","JR":"2","CM":"2","MX":"2","HQ":"2","CH":"2","5V":"2","FM":"2","MW":"2","MV":"2","GV":"2","PW":"2","JW":"2","PX":"2","QX":"2"},"RV":{"4H":"2"}},"3W":{"XP":{"JX":"2","MX":"2","QW":"2","FR":"2","GR":"2","GV":"2","PW":"2","FV":"2","PX":"2"}},"FP":{"Q3":{"MC":"2"},"F9":{"79":"2"},"X2":{"PQ":"2"},"H8":{"HM":"2","HR":"2","GR":"2"},"4X":{"P6":"2","JF":"2"},"2R":{"XM":"2"},"W2":{"3W":"2"},"JX":{"H4":"2","C9":"2","GW":"2","C7":"2","G8":"2","H8":"2","H3":"2"},"GR":{"W8":"2"}},"9P":{"9G":{"4G":"2","3R":"2","3G":"2","4H":"2","5P":"2","3Q":"2","3H":"2","5Q":"2"},"V7":{"VQ":"2","PJ":"2","QR":"2","RP":"2","RQ":"2","QM":"2","PP":"2","MJ":"2","QQ":"2","VP":"2","GR":"2","RR":"2","GV":"2","PM":"2","JW":"2","PH":"2","MM":"2","QP":"2","MH":"2","RM":"2"},"8H":{"V2":"2","H2":"2"},"CH":{"PG":"2"},"3G":{"36":"2","2G":"2","58":"2","34":"2","42":"2","28":"2","8H":"2","48":"2","47":"2","68":"2","7H":"2","27":"2","86":"2","77":"2","35":"2","66":"2","56":"2","9M":"2","55":"2","46":"2","87":"2","4G":"2","33":"2","7J":"2","57":"2","76":"2","2J":"2","39":"2","44":"2","97":"2","75":"2","98":"2","2F":"2","78":"2","65":"2","67":"2","37":"2","64":"2","6H":"2","2M":"2","88":"2","69":"2","54":"2","53":"2","38":"2","45":"2","9J":"2","43":"2"},"2G":{"X9":"2","WG":"2","M9":"2","RG":"2","R6":"2","P7":"2","W3":"2","V2":"2","XF":"2","V4":"2","WJ":"2","XG":"2","XH":"2","VG":"2","VC":"2","X8":"2","X5":"2","R3":"2","VF":"2","R9":"2","RF":"2","WF":"2","XQ":"2","XP":"2","V9":"2","XJ":"2","WH":"2","XC":"2","M7":"2","W4":"2","V3":"2","XM":"2","Q7":"2","X7":"2","QF":"2","V5":"2","R5":"2","WQ":"2","RC":"2","X4":"2","W2":"2","QC":"2","VH":"2","VJ":"2","Q2":"2","M8":"2","Q8":"2","P8":"2","J8":"2","V6":"2","R2":"2","WC":"2"},"9H":{"47":"2"},"5G":{"QV":"2","QW":"2","RW":"2","RV":"2"},"HX":{"JH":"2","HH":"2","HG":"2"},"CG":{"3G":"2","2H":"2","2G":"2","3H":"2","2F":"2","3F":"2"},"2F":{"QJ":"2","PR":"2","RM":"2","QM":"2","RX":"2","VX":"2","QV":"2","QW":"2","RJ":"2"},"2H":{"4V":"2","3R":"2","4X":"2","3W":"2","3V":"2","4W":"2","4R":"2","3X":"2","3Q":"2","4Q":"2"},"8G":{"MW":"2","9M":"2","FM":"2","GH":"2","GR":"2","GW":"2","VR":"2","HM":"2","WM":"2","CM":"2","VP":"2","HJ":"2","PH":"2","GJ":"2","8F":"2","PV":"2","7G":"2","8G":"2","PW":"2","PJ":"2","JJ":"2","MJ":"2","CH":"2","FH":"2","9G":"2","FG":"2","GG":"2","HV":"2","MP":"2","MR":"2","CJ":"2","FF":"2","6F":"2","HX":"2","CG":"2","GV":"2","9H":"2","MQ":"2","9C":"2","MH":"2","9F":"2","FC":"2","CF":"2","HW":"2","FJ":"2","JM":"2","GM":"2","7F":"2"},"7X":{"V7":"2"}}}}