{"5H":{"95":{"VV":{"WV":"2","XR":"2"},"W6":{"FR":"2","GQ":"2"},"V8":{"33":"2"}},"GV":{"2J":{"56":"2","3P":"2","4P":"2","47":"2"},"2H":{"6W":"2","4R":"2","5V":"2","3R":"2","4V":"2"}},"G9":{"V5":{"6C":"2","7C":"2"},"42":{"MR":"2","JH":"2","XF":"2","HP":"2","JG":"2","HM":"2","VJ":"2","PF":"2","VH":"2","JM":"2","MP":"2","QM":"2","HH":"2","GH":"2","MG":"2","PV":"2","4R":"2","MV":"2","JP":"2","GV":"2","PM":"2","GJ":"2","GM":"2","RM":"2","HG":"2"},"XR":{"RQ":"2"},"88":{"QF":"2"},"X5":{"RH":"2"},"J3":{"FM":"2"},"98":{"57":"2"},"J2":{"26":"2"},"QQ":{"93":"2","C4":"2","C3":"2","94":"2"},"FM":{"PR":"2","MR":"2","JV":"2","JR":"2"},"JJ":{"J7":"2"},"VG":{"WF":"2","VF":"2"},"FC":{"JJ":"2","FJ":"2"},"52":{"4M":"2","6Q":"2","2M":"2"},"RC":{"24":"2"},"JC":{"8G":"2","8H":"2"},"64":{"G8":"2"}},"99":{"5R":{"JH":"2","HM":"2","MH":"2","4M":"2"},"JR":{"FQ":"2"}},"M9":{"G5":{"84":"2"},"WJ":{"6W":"2","5V":"2","4W":"2","4V":"2"},"H5":{"74":"2","75":"2","73":"2"},"P8":{"F2":"2"}},"RG":{"J2":{"R3":"2","Q3":"2"}},"68":{"R3":{"CH":"2","FM":"2","CJ":"2","FJ":"2","FH":"2"},"WX":{"H3":"2"},"XX":{"9X":"2","9M":"2","8X":"2","73":"2","GR":"2","7V":"2","9W":"2","CM":"2","FV":"2","8Q":"2","8R":"2","8W":"2","CV":"2","CH":"2","FH":"2","FQ":"2","CQ":"2","8V":"2","5W":"2","CC":"2","8M":"2","C9":"2","CJ":"2","CW":"2","9P":"2","CX":"2","FJ":"2","CP":"2","7X":"2"},"X9":{"6Q":"2"}},"JF":{"XV":{"X3":"2","X2":"2"},"QC":{"M4":"2"},"7G":{"V3":"2"},"GF":{"97":"2","C7":"2","86":"2"},"WR":{"89":"2","99":"2"},"XR":{"8J":"2","GM":"2","CJ":"2","FJ":"2","9J":"2"},"2C":{"WP":"2"},"GC":{"3X":"2"},"JC":{"96":"2","94":"2","F5":"2","86":"2","95":"2","87":"2"}},"V2":{"MH":{"5P":"2","4P":"2"},"2G":{"FF":"2","M7":"2","JH":"2","FQ":"2","HJ":"2","9V":"2","HM":"2","M5":"2","9R":"2","8V":"2","J8":"2","7W":"2","JM":"2","CH":"2","P2":"2","FH":"2","HH":"2","GG":"2","CF":"2","GH":"2","7R":"2","9F":"2","FM":"2","Q8":"2","GR":"2","JJ":"2","5J":"2","FC":"2","R4":"2","GQ":"2","GM":"2","MM":"2","MH":"2","GP":"2"},"Q4":{"2G":"2"},"2F":{"PW":"2","PX":"2"},"HG":{"W7":"2"}},"F8":{"JW":{"97":"2","88":"2","86":"2","87":"2"}},"V7":{"63":{"QJ":"2","RM":"2","QQ":"2","R9":"2","PP":"2","VP":"2","VM":"2","PH":"2","MG":"2","X3":"2","PJ":"2","RJ":"2","VQ":"2","RH":"2","RQ":"2","QP":"2","QH":"2","X4":"2","QM":"2","PF":"2","MH":"2","RP":"2","PG":"2"},"35":{"82":"2","G4":"2","VV":"2","PV":"2","83":"2","QV":"2","J5":"2","RV":"2"},"66":{"9M":"2","QJ":"2","X9":"2","RM":"2","HG":"2","38":"2","6C":"2","JG":"2","GF":"2","FM":"2","MF":"2","77":"2","G9":"2","VJ":"2","8H":"2","CM":"2","VM":"2","5C":"2","PH":"2","MG":"2","23":"2","8F":"2","VH":"2","9J":"2","7G":"2","37":"2","79":"2","8G":"2","PJ":"2","HH":"2","JJ":"2","HF":"2","MJ":"2","CH":"2","RJ":"2","JF":"2","RH":"2","FG":"2","7H":"2","GG":"2","99":"2","QH":"2","QG":"2","89":"2","CJ":"2","FF":"2","48":"2","6F":"2","RG":"2","CG":"2","HC":"2","9H":"2","9C":"2","7C":"2","MH":"2","8C":"2","9F":"2","CF":"2","69":"2","JH":"2","WJ":"2","GC":"2","FJ":"2","PG":"2"},"76":{"3C":"2","74":"2","3F":"2","75":"2","49":"2"},"54":{"23":"2","34":"2","42":"2","32":"2","22":"2","99":"2","48":"2","9F":"2","2Q":"2","MG":"2","5C":"2","7M":"2","G3":"2","3P":"2","24":"2","6M":"2","5J":"2","CH":"2","77":"2","GH":"2","H4":"2","G4":"2","6J":"2","G6":"2","GJ":"2","87":"2","8Q":"2","33":"2","8R":"2","7J":"2","FH":"2","76":"2","97":"2","75":"2","8P":"2","GM":"2","3Q":"2","FM":"2","6H":"2","88":"2","HJ":"2","69":"2","8J":"2","43":"2"},"83":{"3C":"2","9X":"2","39":"2"},"67":{"68":"2","8J":"2","7H":"2","9H":"2","85":"2","8G":"2","9G":"2","6C":"2","4J":"2","2G":"2","CJ":"2","6M":"2","76":"2","94":"2","FJ":"2","8H":"2","6F":"2","83":"2","7F":"2","4C":"2","3J":"2","6P":"2","CG":"2","8M":"2","3F":"2","69":"2","3M":"2","5J":"2","77":"2","6G":"2"},"75":{"86":"2"},"57":{"XG":"2","XH":"2","WM":"2"},"24":{"5P":"2","P6":"2","R3":"2","V4":"2","CF":"2","V3":"2","W6":"2"},"55":{"3Q":"2","9R":"2","7P":"2","7G":"2","5P":"2","7H":"2","4M":"2","4R":"2","4P":"2","5M":"2","6M":"2","MX":"2","6F":"2","8R":"2","4Q":"2","73":"2"},"23":{"QM":"2"},"33":{"XV":"2","QJ":"2","GQ":"2","QH":"2"},"53":{"2X":"2"},"43":{"WW":"2","WX":"2","XX":"2","XW":"2"},"74":{"GF":"2","G9":"2","VC":"2","GC":"2","FC":"2","9M":"2","WC":"2"},"65":{"6G":"2"},"56":{"R3":"2","X4":"2","V4":"2","X8":"2","Q3":"2","X3":"2","V3":"2","X6":"2","V5":"2","P2":"2","M2":"2","W6":"2","X7":"2"},"34":{"G3":"2","F2":"2","6Q":"2","C3":"2","F4":"2","6P":"2","7X":"2","42":"2","F3":"2","G2":"2","8X":"2"},"84":{"55":"2","92":"2"},"46":{"97":"2","42":"2"},"44":{"4R":"2","X3":"2","5Q":"2","X2":"2","5R":"2","V2":"2","W3":"2","XQ":"2"},"73":{"G6":"2","24":"2","G5":"2","G4":"2","F5":"2","F6":"2","P2":"2"},"64":{"63":"2","66":"2","6Q":"2","4J":"2","67":"2","6M":"2","4F":"2","53":"2","5M":"2","5P":"2","6P":"2","64":"2","6H":"2"},"25":{"H5":"2"}},"PC":{"PG":{"WV":"2"},"XW":{"3G":"2"}},"C7":{"85":{"9C":"2"}},"PF":{"7G":{"6F":"2"},"HP":{"FR":"2","4M":"2","6W":"2","5Q":"2"}},"CQ":{"W8":{"X8":"2","RH":"2","43":"2"},"R8":{"H4":"2","MH":"2","85":"2","RF":"2","Q5":"2","WF":"2","VF":"2","H3":"2","FH":"2"},"X9":{"4R":"2"},"WG":{"QC":"2","P6":"2","M9":"2"},"MH":{"56":"2","55":"2"},"RG":{"3Q":"2"},"JM":{"F8":"2","F9":"2","G8":"2","83":"2","GC":"2"},"XF":{"8C":"2"},"MG":{"79":"2","X2":"2","8F":"2","PV":"2","JX":"2","7C":"2","26":"2"},"PC":{"95":"2","58":"2","42":"2","52":"2","68":"2","2Q":"2","XF":"2","5X":"2","GX":"2","C7":"2","PF":"2","86":"2","HF":"2","C9":"2","HQ":"2","77":"2","85":"2","66":"2","JV":"2","79":"2","56":"2","84":"2","94":"2","F7":"2","5W":"2","PP":"2","55":"2","9M":"2","CX":"2","2C":"2","XP":"2","83":"2","33":"2","HR":"2","57":"2","76":"2","PQ":"2","63":"2","HV":"2","MQ":"2","44":"2","QR":"2","VM":"2","C3":"2","75":"2","2F":"2","FX":"2","QQ":"2","3Q":"2","JW":"2","65":"2","GQ":"2","67":"2","HW":"2","JQ":"2","64":"2","82":"2","74":"2","JX":"2","69":"2","C2":"2","RQ":"2","54":"2","53":"2","WM":"2","HP":"2","VQ":"2","45":"2","3W":"2","43":"2","9J":"2","92":"2"},"V7":{"5H":"2","3G":"2","WR":"2","4G":"2","V3":"2","VX":"2","VP":"2","VW":"2","XX":"2","5J":"2"},"MJ":{"C4":"2","RR":"2","85":"2","33":"2","F5":"2","F4":"2"},"W7":{"M2":"2","X8":"2","99":"2","R6":"2","W8":"2","V5":"2","V6":"2","R5":"2","F9":"2","9C":"2","G8":"2","VC":"2","Q7":"2","W9":"2"},"X6":{"7C":"2","6C":"2","CH":"2","79":"2","5F":"2","2C":"2","3J":"2","69":"2","CG":"2"},"WJ":{"QW":"2"},"JG":{"QG":"2","QJ":"2","X5":"2","RF":"2","VC":"2","QH":"2","JW":"2","RC":"2"},"PF":{"6C":"2","6G":"2","C2":"2","XC":"2","52":"2","7J":"2","8H":"2","8F":"2","7G":"2","32":"2","79":"2","8G":"2","6P":"2","9G":"2","24":"2","F2":"2","4C":"2","MR":"2","88":"2","7C":"2","9F":"2"},"XG":{"FQ":"2","CQ":"2"},"MF":{"83":"2","87":"2","79":"2","CP":"2","QC":"2","GC":"2","FC":"2","6G":"2","5F":"2","P4":"2","FF":"2","CJ":"2","9G":"2","9H":"2","5J":"2","XR":"2","GR":"2","4P":"2","59":"2","QW":"2","HG":"2","5C":"2","3X":"2","GF":"2","FP":"2","Q4":"2","4C":"2","3V":"2","74":"2","4J":"2","78":"2","5H":"2","CC":"2","C8":"2","6P":"2","F9":"2","8C":"2","Q3":"2","XV":"2","5G":"2","5P":"2","FQ":"2","HP":"2","68":"2","F8":"2","Q8":"2","CM":"2","64":"2","4H":"2","GG":"2","7C":"2","4G":"2","FR":"2","P3":"2","99":"2","94":"2","6C":"2","MF":"2","3J":"2","7F":"2","4Q":"2","C9":"2","MG":"2","WV":"2","76":"2","95":"2","75":"2","85":"2","9F":"2","P2":"2","6F":"2","4M":"2","4X":"2","69":"2","4V":"2","JJ":"2","84":"2","4F":"2","58":"2","9C":"2","QF":"2","GP":"2","CV":"2","56":"2","57":"2","CH":"2","2M":"2","8H":"2","CF":"2","2V":"2","8G":"2","FM":"2","3P":"2","86":"2","PG":"2","GQ":"2","49":"2","7G":"2","JQ":"2","6H":"2"},"V8":{"68":"2","76":"2","29":"2"},"VC":{"5M":"2","VJ":"2","WM":"2","2P":"2"},"X8":{"63":"2","35":"2","62":"2","64":"2","G4":"2","66":"2","WF":"2","R9":"2","52":"2","53":"2"},"W9":{"W2":"2","JX":"2"},"VF":{"8C":"2","8G":"2","79":"2","8F":"2","8H":"2","7F":"2","7C":"2","59":"2","69":"2"},"JH":{"W7":"2","M5":"2","W8":"2","M4":"2","Q7":"2","J8":"2","HX":"2","JM":"2","GX":"2","JX":"2","X7":"2","W6":"2","V8":"2"},"W6":{"4P":"2","9G":"2","XF":"2","RJ":"2","GC":"2","HC":"2","8H":"2","QJ":"2","FG":"2","8J":"2","6M":"2","RF":"2","7J":"2","WF":"2","GF":"2","VG":"2","XH":"2","VF":"2","QH":"2","FC":"2","7M":"2","5M":"2","3Q":"2","QF":"2","XG":"2","WG":"2","4Q":"2","RH":"2"},"PJ":{"3H":"2"},"JP":{"H6":"2","H9":"2","H8":"2","JF":"2","H5":"2"},"R7":{"JQ":"2","HP":"2","GQ":"2","HQ":"2","MQ":"2","JP":"2"},"RF":{"MJ":"2","JG":"2"},"WF":{"Q2":"2"},"XP":{"86":"2","77":"2","6C":"2","95":"2","G3":"2","58":"2","79":"2","83":"2","23":"2","69":"2","96":"2","5C":"2","78":"2","74":"2","87":"2","4C":"2","84":"2","73":"2","59":"2","68":"2"},"P9":{"5X":"2","9G":"2","GC":"2","Q6":"2","P8":"2","7W":"2","6X":"2","M8":"2","9X":"2","9W":"2","6W":"2","P7":"2","P6":"2","CV":"2","C8":"2","M9":"2","7X":"2","WR":"2"},"XC":{"56":"2","35":"2","65":"2","JF":"2","FH":"2"},"XM":{"XV":"2","XQ":"2","WV":"2","RX":"2","WW":"2","CP":"2","XH":"2","VX":"2","XG":"2","WG":"2","VW":"2","WR":"2"},"Q7":{"XV":"2","VV":"2","MX":"2","VW":"2","JX":"2"},"X7":{"G8":"2","G7":"2","HR":"2","38":"2","HQ":"2","RF":"2","28":"2","4P":"2","R9":"2","JQ":"2","8H":"2","H8":"2","VH":"2","79":"2","XJ":"2","53":"2","VC":"2","29":"2","QC":"2","6W":"2","6X":"2","VG":"2","3J":"2","RC":"2","WH":"2","C9":"2","QG":"2","58":"2","QF":"2","3P":"2","Q9":"2","VF":"2","48":"2","HX":"2","RG":"2","GV":"2","PC":"2","9P":"2","HW":"2","XM":"2","WG":"2","7F":"2"},"MQ":{"GX":"2","FX":"2"},"JJ":{"9X":"2","G7":"2","GH":"2","97":"2","F9":"2","9W":"2","96":"2","G2":"2","95":"2","J3":"2","H3":"2","F8":"2","F6":"2","G3":"2","J2":"2","CH":"2","C5":"2","98":"2","CC":"2","C4":"2","C9":"2","H2":"2","C8":"2","F7":"2","F3":"2","FX":"2","9F":"2","FC":"2","CF":"2","CP":"2"},"QF":{"3C":"2","2C":"2","2F":"2","5J":"2","29":"2"},"WQ":{"72":"2","63":"2"},"PG":{"7C":"2","42":"2","F3":"2","99":"2","XW":"2","JF":"2","F8":"2","C7":"2","GF":"2","M5":"2","H8":"2","VC":"2","66":"2","R4":"2","R3":"2","FG":"2","H4":"2","CC":"2","Q3":"2","G4":"2","79":"2","56":"2","J6":"2","F7":"2","G6":"2","8C":"2","G7":"2","RF":"2","46":"2","FF":"2","Q4":"2","XC":"2","57":"2","76":"2","G8":"2","97":"2","C3":"2","98":"2","89":"2","78":"2","RC":"2","96":"2","67":"2","RP":"2","H6":"2","CG":"2","GG":"2","C8":"2","74":"2","88":"2","P5":"2","P4":"2","G5":"2","CF":"2","45":"2","H5":"2","92":"2"},"WP":{"X8":"2","X7":"2","9V":"2","6X":"2","J3":"2","FR":"2","9W":"2","W7":"2","CV":"2"},"QH":{"F4":"2","XF":"2","G2":"2","F2":"2","J3":"2","J2":"2","WH":"2","H3":"2","WF":"2","G5":"2","XH":"2","G4":"2","WG":"2"},"QC":{"R3":"2","2H":"2","Q3":"2","5V":"2","Q4":"2","78":"2"},"JQ":{"PC":"2","Q7":"2","Q8":"2","R8":"2","Q5":"2","M3":"2","R9":"2","Q6":"2"},"VJ":{"8H":"2","5F":"2","8J":"2","9H":"2","6F":"2","5C":"2","4C":"2","FP":"2","8G":"2","49":"2"},"QG":{"5H":"2","6R":"2","8R":"2","74":"2","6G":"2","5G":"2"},"Q8":{"4M":"2","M2":"2","M5":"2","P3":"2","J2":"2","H2":"2","3P":"2","5M":"2","J6":"2","Q3":"2"},"P8":{"JQ":"2","HP":"2","PM":"2","JP":"2"},"RJ":{"W6":"2"},"VQ":{"CV":"2"},"MC":{"M7":"2","HG":"2","JG":"2","GF":"2","FM":"2","GH":"2","MF":"2","GW":"2","P8":"2","J8":"2","Q7":"2","M9":"2","XP":"2","P9":"2","HJ":"2","GJ":"2","XF":"2","J9":"2","H9":"2","JW":"2","MC":"2","JJ":"2","HH":"2","HF":"2","P7":"2","FH":"2","JF":"2","GG":"2","HV":"2","JV":"2","HC":"2","GV":"2","M8":"2","MH":"2","JH":"2","WJ":"2","HW":"2","FJ":"2","GM":"2","JC":"2","Q8":"2"},"V6":{"XV":"2"},"RR":{"7G":"2","RF":"2","MF":"2","29":"2"},"WC":{"CF":"2","J3":"2","FC":"2","FF":"2"}},"MF":{"8Q":{"24":"2"},"2H":{"97":"2"},"2V":{"9R":"2","23":"2","7Q":"2","32":"2","6Q":"2","5Q":"2","22":"2","42":"2"},"RQ":{"H6":"2","J8":"2","M8":"2","J9":"2","P8":"2"},"3H":{"HP":"2","MP":"2"},"6X":{"PF":"2"}},"H8":{"63":{"G2":"2","C2":"2","F2":"2","92":"2","54":"2","J2":"2","43":"2","H2":"2","44":"2"},"C4":{"P8":"2"},"62":{"HW":"2","JW":"2","MX":"2","HX":"2","GX":"2","JX":"2"},"3W":{"35":"2"},"2P":{"F7":"2","G8":"2"},"GH":{"X8":"2","X7":"2"},"P3":{"42":"2","43":"2"},"7J":{"2P":"2"},"2F":{"CC":"2","27":"2","28":"2","29":"2"},"2R":{"XC":"2","XF":"2"},"2W":{"R3":"2","W5":"2","W4":"2","Q4":"2","V4":"2","X5":"2","P4":"2","J3":"2","P3":"2","X3":"2","M3":"2","Q3":"2"}},"C5":{"8P":{"X3":"2","X2":"2"},"7P":{"WW":"2"},"8G":{"99":"2"},"79":{"5F":"2","45":"2","7G":"2","57":"2","33":"2","6F":"2","69":"2","5C":"2","47":"2","56":"2","46":"2","59":"2"},"9P":{"22":"2"},"9M":{"RG":"2","QG":"2","W8":"2","MJ":"2","7R":"2","WF":"2","VG":"2","VF":"2","PH":"2","WC":"2","MH":"2","W9":"2"},"69":{"X4":"2"},"4V":{"9V":"2","8V":"2","CM":"2","Q9":"2","8W":"2"},"9J":{"PH":"2","MJ":"2"}},"86":{"79":{"JH":"2","JF":"2"}},"9C":{"R2":{"M7":"2"},"V2":{"35":"2","45":"2","2C":"2","65":"2","3C":"2","56":"2","26":"2","34":"2","44":"2","25":"2"}},"VC":{"4H":{"33":"2","34":"2"}},"F9":{"M7":{"2W":"2"},"Q9":{"4M":"2","9G":"2","5M":"2","2M":"2"},"83":{"H7":"2"},"45":{"GG":"2"},"F6":{"9V":"2","7V":"2","8V":"2","5V":"2","7W":"2","6V":"2","9W":"2","CX":"2","5W":"2"},"24":{"Q2":"2"},"H8":{"JM":"2"},"23":{"QX":"2"},"34":{"FQ":"2","GP":"2","GQ":"2","CQ":"2","9Q":"2"},"25":{"56":"2","35":"2","66":"2","36":"2","46":"2"}},"HF":{"H6":{"32":"2","22":"2"},"C4":{"5C":"2"},"V9":{"8G":"2","PW":"2","5M":"2","2R":"2","5G":"2"},"H5":{"2X":"2","3X":"2"},"R9":{"G3":"2","WX":"2","HW":"2","MX":"2"},"53":{"H9":"2","HC":"2"},"VC":{"22":"2","28":"2","62":"2","94":"2","45":"2","24":"2","23":"2","27":"2","56":"2","46":"2","32":"2","36":"2"},"G4":{"FQ":"2"},"RC":{"P3":"2","M3":"2","V8":"2","W4":"2","X5":"2","R9":"2","V3":"2","Q7":"2","X8":"2","X2":"2","V4":"2","V2":"2","W6":"2","P4":"2","V9":"2","W2":"2","X6":"2","X7":"2","W3":"2","V7":"2","X3":"2","R3":"2","Q3":"2","P7":"2","R6":"2","W8":"2","P2":"2","R4":"2","X4":"2","W5":"2","R7":"2","Q4":"2","M2":"2","V6":"2","R5":"2","Q6":"2","R2":"2"}},"C9":{"H5":{"M8":"2"},"C2":{"QQ":"2","MQ":"2"},"8H":{"JJ":"2"},"63":{"MW":"2"},"C6":{"5C":"2","4C":"2","59":"2","58":"2"},"G4":{"R3":"2","Q3":"2"},"95":{"46":"2"},"H3":{"5X":"2","2Q":"2","5R":"2","5W":"2","2P":"2","5V":"2","6W":"2","4R":"2","2R":"2","3Q":"2","4Q":"2"},"H4":{"G8":"2","HG":"2","75":"2","JG":"2","GF":"2","62":"2","G9":"2","J8":"2","52":"2","H8":"2","H9":"2","HF":"2","JF":"2","GG":"2","33":"2","H7":"2","34":"2","J7":"2"},"F6":{"HW":"2"},"G3":{"RG":"2","VQ":"2","XQ":"2","QG":"2","VV":"2","VJ":"2","VH":"2","J8":"2","MC":"2","XR":"2","RQ":"2","PC":"2","J9":"2","M8":"2","VP":"2","WM":"2","WP":"2","VX":"2","XP":"2","WQ":"2","M9":"2"},"4C":{"CP":"2"},"H6":{"J3":"2"},"PF":{"R3":"2","R4":"2"},"H7":{"35":"2"},"M6":{"GF":"2","HF":"2"},"PC":{"VC":"2"},"V6":{"V9":"2","V8":"2"}},"77":{"Q8":{"G8":"2"}},"66":{"X4":{"RG":"2"}},"85":{"MM":{"66":"2","3G":"2","39":"2","29":"2","2G":"2","9W":"2","3J":"2","2F":"2","2H":"2"},"JM":{"W8":"2","R8":"2","PM":"2","X9":"2","WG":"2","RG":"2","XF":"2","PC":"2","VP":"2","WJ":"2","PF":"2","XG":"2","V8":"2","XH":"2","VG":"2","VC":"2","PH":"2","W9":"2","VF":"2","R9":"2","PP":"2","QJ":"2","WF":"2","QV":"2","PR":"2","XP":"2","V9":"2","XJ":"2","QM":"2","WH":"2","XC":"2","PQ":"2","XM":"2","QF":"2","QR":"2","VM":"2","RC":"2","QQ":"2","GM":"2","QC":"2","RP":"2","VJ":"2","QG":"2","Q9":"2","RM":"2","RH":"2","RJ":"2","RQ":"2","WC":"2"},"VJ":{"F7":"2","C7":"2","98":"2","F5":"2","F6":"2"}},"FV":{"G9":{"2W":"2"},"PM":{"86":"2","77":"2","76":"2","85":"2","67":"2","94":"2","75":"2","93":"2","87":"2","84":"2"},"WG":{"3Q":"2","WX":"2","3R":"2"},"M9":{"CM":"2","CH":"2","CF":"2","FM":"2","9F":"2","CP":"2","27":"2","47":"2","FP":"2","5P":"2","37":"2"},"RG":{"P3":"2","J5":"2","M3":"2","V8":"2","M5":"2","W4":"2","XC":"2","X5":"2","P8":"2","M9":"2","W7":"2","Q7":"2","WM":"2","P9":"2","Q2":"2","V4":"2","G4":"2","P4":"2","V9":"2","XF":"2","J9":"2","G2":"2","J3":"2","Q5":"2","V7":"2","R3":"2","Q3":"2","H4":"2","F6":"2","G3":"2","J2":"2","V5":"2","J6":"2","R6":"2","J4":"2","WC":"2","W8":"2","P2":"2","H6":"2","R4":"2","X4":"2","Q9":"2","W5":"2","G5":"2","R7":"2","Q4":"2","F7":"2","M8":"2","M4":"2","M2":"2","V6":"2","R5":"2","JC":"2","Q8":"2","Q6":"2","R2":"2"},"JF":{"RX":"2"},"JM":{"67":"2","66":"2","76":"2","65":"2","77":"2"},"MG":{"95":"2","R8":"2","5V":"2","G9":"2","X9":"2","8H":"2","RG":"2","GP":"2","9F":"2","JF":"2","XF":"2","MG":"2","V4":"2","C7":"2","X6":"2","WJ":"2","JG":"2","PF":"2","MF":"2","C5":"2","VC":"2","CM":"2","X8":"2","F9":"2","4W":"2","CH":"2","HQ":"2","GH":"2","R4":"2","HC":"2","X2":"2","JH":"2","9M":"2","R7":"2","RF":"2","JC":"2","WF":"2","CJ":"2","V9":"2","HR":"2","P9":"2","XC":"2","FH":"2","W4":"2","V3":"2","9G":"2","Q7":"2","GR":"2","JJ":"2","QF":"2","V5":"2","R5":"2","GM":"2","VH":"2","GQ":"2","VJ":"2","CG":"2","GG":"2","M8":"2","C8":"2","FM":"2","P8":"2","RJ":"2","8G":"2","MM":"2","CF":"2","3W":"2","H9":"2","9J":"2","FP":"2","WC":"2"},"PC":{"9G":"2","V6":"2","V7":"2","P8":"2","C2":"2","V8":"2","79":"2","F3":"2","Q9":"2","67":"2","C3":"2","V9":"2","9F":"2","X9":"2","53":"2","78":"2","46":"2","Q5":"2"},"HH":{"J2":"2","CF":"2","Q5":"2","XX":"2"},"GF":{"58":"2"},"WJ":{"GW":"2","2J":"2","H7":"2","GC":"2","HC":"2","V7":"2","J8":"2","J9":"2","C3":"2","H8":"2","G8":"2","W7":"2","R7":"2","G9":"2","JC":"2","H9":"2"},"JG":{"R2":"2"},"PF":{"G8":"2","9M":"2","QJ":"2","X9":"2","RM":"2","M7":"2","HG":"2","JG":"2","GF":"2","4J":"2","V8":"2","G9":"2","WV":"2","XC":"2","PM":"2","R9":"2","GW":"2","P8":"2","PP":"2","VR":"2","Q7":"2","X8":"2","7J":"2","JQ":"2","8H":"2","XP":"2","9W":"2","2H":"2","FW":"2","3M":"2","RR":"2","C6":"2","PH":"2","JP":"2","8J":"2","V9":"2","5G":"2","MG":"2","X6":"2","XF":"2","J9":"2","X7":"2","2P":"2","W9":"2","2M":"2","PJ":"2","HH":"2","JJ":"2","HF":"2","2R":"2","F6":"2","CV":"2","MJ":"2","CH":"2","FH":"2","JF":"2","R6":"2","FG":"2","WC":"2","7H":"2","C5":"2","R8":"2","GG":"2","98":"2","WR":"2","3V":"2","RQ":"2","HV":"2","MP":"2","MR":"2","JX":"2","C9":"2","3Q":"2","WP":"2","3P":"2","QM":"2","FF":"2","88":"2","QW":"2","HC":"2","GV":"2","9H":"2","F7":"2","M8":"2","CW":"2","MQ":"2","5J":"2","9P":"2","MH":"2","2V":"2","9F":"2","FC":"2","CF":"2","JH":"2","HW":"2","RP":"2","GC":"2","XM":"2","JM":"2","JC":"2","MM":"2","Q8":"2","82":"2"},"XG":{"9X":"2","7W":"2","4W":"2","6V":"2","5X":"2","CW":"2","FX":"2"},"MF":{"PQ":"2","RF":"2","QQ":"2","WV":"2","PM":"2","VR":"2","VJ":"2","HM":"2","XP":"2","VP":"2","RR":"2","PH":"2","JP":"2","RW":"2","WX":"2","PV":"2","XH":"2","8G":"2","PJ":"2","FP":"2","XX":"2","9G":"2","RV":"2","XR":"2","VG":"2","WR":"2","RQ":"2","XQ":"2","QF":"2","WF":"2","MQ":"2","RP":"2","XW":"2","XM":"2","JM":"2","GM":"2","MM":"2","CP":"2"},"XH":{"PQ":"2","HG":"2","VW":"2","GH":"2","MF":"2","4P":"2","QQ":"2","PM":"2","PP":"2","VJ":"2","P9":"2","HJ":"2","JP":"2","MG":"2","8R":"2","JJ":"2","HH":"2","V5":"2","R6":"2","FG":"2","GG":"2","F2":"2","MP":"2","QP":"2","PR":"2","3P":"2","QM":"2","MH":"2","JH":"2","MM":"2"},"VG":{"38":"2","28":"2","WV":"2","6G":"2","39":"2","P8":"2","8H":"2","P9":"2","3F":"2","26":"2","2F":"2","5G":"2","3C":"2","8F":"2","2C":"2","9J":"2","7G":"2","79":"2","37":"2","78":"2","27":"2","29":"2","CH":"2","7H":"2","4F":"2","CC":"2","47":"2","5F":"2","89":"2","CJ":"2","Q9":"2","48":"2","6F":"2","88":"2","9H":"2","Q4":"2","M8":"2","9C":"2","8C":"2","9F":"2","CF":"2","49":"2","7F":"2","Q8":"2","82":"2"},"PH":{"W9":"2"},"GH":{"68":"2","67":"2","PP":"2","78":"2","77":"2"},"FG":{"XW":"2","JH":"2","XV":"2","FJ":"2","XR":"2","WV":"2","P6":"2","Q3":"2","WR":"2"},"MP":{"2R":"2"},"JH":{"HW":"2","G9":"2","F9":"2","2V":"2","G8":"2"},"JP":{"G7":"2","XR":"2","G9":"2","G8":"2","H7":"2"},"FC":{"RM":"2","WP":"2","QM":"2","QP":"2","RQ":"2","VP":"2","VQ":"2","XX":"2","VM":"2","RP":"2","WM":"2"},"PP":{"RX":"2"},"GJ":{"FC":"2"},"RF":{"MW":"2","QJ":"2","PQ":"2","HG":"2","C7":"2","GF":"2","GH":"2","G9":"2","PM":"2","39":"2","64":"2","F9":"2","HM":"2","5H":"2","3M":"2","JP":"2","8J":"2","QX":"2","H8":"2","3C":"2","2C":"2","J9":"2","9J":"2","JW":"2","MC":"2","PX":"2","2M":"2","53":"2","PW":"2","PJ":"2","29":"2","MJ":"2","5M":"2","HP":"2","GG":"2","MV":"2","MX":"2","4C":"2","MP":"2","CC":"2","99":"2","MR":"2","JX":"2","C9":"2","PR":"2","58":"2","89":"2","4M":"2","FF":"2","H7":"2","HC":"2","6J":"2","6M":"2","QR":"2","F7":"2","MQ":"2","9C":"2","5J":"2","MH":"2","49":"2","69":"2","JH":"2","GC":"2","FJ":"2","JM":"2","MM":"2","JC":"2"},"QJ":{"5P":"2","4M":"2","4P":"2","4J":"2","5Q":"2","4W":"2","3X":"2","4X":"2","5W":"2","4V":"2"},"FF":{"X2":"2","QV":"2","W2":"2"},"XJ":{"7V":"2","RR":"2","WW":"2","CP":"2","WX":"2","XW":"2","CW":"2"},"QM":{"33":"2","32":"2","WF":"2","42":"2","WC":"2","43":"2"},"WH":{"JH":"2","Q2":"2","V2":"2","QJ":"2","W2":"2","J9":"2","R2":"2","2G":"2","W3":"2","C7":"2","2F":"2","2H":"2","V3":"2","2M":"2","H9":"2"},"P9":{"FF":"2","99":"2","77":"2","RW":"2","F9":"2","88":"2","C9":"2","79":"2","FG":"2","98":"2","QW":"2","PG":"2","48":"2","GF":"2","87":"2","78":"2","27":"2","47":"2","FC":"2","QX":"2"},"HM":{"97":"2","6G":"2","GW":"2","GX":"2","5H":"2","8H":"2","22":"2","5G":"2","94":"2","96":"2","RW":"2","95":"2","7G":"2","86":"2","85":"2","4G":"2","XX":"2","98":"2","C4":"2","4H":"2","C9":"2","6F":"2","XW":"2","7F":"2"},"PQ":{"V5":"2","W4":"2","Q6":"2","R5":"2","V2":"2","V4":"2","2F":"2","5P":"2"},"XM":{"62":"2","54":"2","J3":"2","27":"2","26":"2","W6":"2","53":"2"},"G8":{"X8":"2"},"QF":{"7C":"2","36":"2","58":"2","5V":"2","FW":"2","GV":"2","G9":"2","6C":"2","6X":"2","28":"2","X9":"2","3J":"2","3G":"2","99":"2","48":"2","M9":"2","2R":"2","47":"2","7G":"2","MG":"2","F8":"2","PC":"2","3R":"2","4C":"2","CW":"2","GX":"2","5G":"2","27":"2","49":"2","4R":"2","PF":"2","24":"2","6F":"2","6M":"2","F9":"2","3V":"2","HF":"2","C9":"2","2H":"2","5P":"2","4W":"2","FR":"2","29":"2","FV":"2","W9":"2","8W":"2","HC":"2","6P":"2","5W":"2","FC":"2","8C":"2","G7":"2","JC":"2","CX":"2","FF":"2","25":"2","87":"2","2C":"2","4V":"2","59":"2","5M":"2","4G":"2","V9":"2","33":"2","HR":"2","J7":"2","P9":"2","GW":"2","M7":"2","4F":"2","4H":"2","5F":"2","7V":"2","4Q":"2","76":"2","26":"2","HV":"2","GR":"2","2J":"2","39":"2","97":"2","4P":"2","6W":"2","2V":"2","2F":"2","3H":"2","89":"2","FX":"2","GC":"2","CR":"2","RC":"2","5Q":"2","9X":"2","QC":"2","GQ":"2","67":"2","J9":"2","HW":"2","H7":"2","37":"2","C8":"2","Q9":"2","2M":"2","3F":"2","38":"2","45":"2","H9":"2","43":"2","WC":"2"},"VM":{"VR":"2","RV":"2","RQ":"2","QQ":"2","WP":"2","RR":"2","VW":"2"},"PG":{"75":"2","C2":"2","39":"2","84":"2","26":"2","5C":"2","22":"2","74":"2","94":"2","93":"2","57":"2","65":"2","29":"2","F4":"2","C3":"2","55":"2","F2":"2","4C":"2","C4":"2","H2":"2","58":"2","49":"2","56":"2","66":"2","7F":"2"},"RC":{"GW":"2","HW":"2","4X":"2","3W":"2","3V":"2","CQ":"2"},"QQ":{"4P":"2","R3":"2","6Q":"2","Q9":"2","6M":"2","V9":"2","R9":"2","7V":"2","6P":"2","RC":"2","P9":"2","Q3":"2"},"WP":{"45":"2"},"QP":{"XC":"2","XF":"2","MQ":"2"},"QH":{"M2":"2"},"QC":{"P3":"2","QJ":"2","M3":"2","V8":"2","PM":"2","PP":"2","HJ":"2","P4":"2","V9":"2","2C":"2","PJ":"2","HH":"2","Q3":"2","4F":"2","P2":"2","QP":"2","R4":"2","QM":"2","R7":"2","Q4":"2","M2":"2"},"VH":{"QC":"2","FP":"2","32":"2","XG":"2","RH":"2","QF":"2","42":"2","XH":"2","VJ":"2","VH":"2"},"RP":{"MR":"2","JH":"2","7C":"2","4G":"2","HJ":"2","6C":"2","JM":"2","7F":"2","MQ":"2","5F":"2","9C":"2","GH":"2","3F":"2","2C":"2","5G":"2","8F":"2","4F":"2","6F":"2","JJ":"2","2F":"2","5C":"2","8C":"2","4C":"2"},"J9":{"QC":"2","PH":"2","PC":"2","W8":"2","V9":"2","R9":"2","QF":"2","X7":"2","V8":"2"},"VJ":{"92":"2"},"HG":{"FR":"2","HW":"2","HX":"2","CQ":"2"},"QG":{"GW":"2","FQ":"2","F4":"2","GC":"2","HM":"2","95":"2","FJ":"2","G2":"2","PF":"2","G3":"2","CM":"2","C2":"2","PC":"2","FG":"2","92":"2","J9":"2","85":"2","GG":"2","GH":"2","J3":"2","F6":"2","J2":"2","FR":"2","FM":"2","H8":"2","G7":"2","H3":"2","G8":"2","J4":"2","G5":"2","F5":"2","H2":"2","FP":"2","GJ":"2","J6":"2","G4":"2","G9":"2","GQ":"2","GM":"2","MH":"2","GP":"2","G6":"2"},"GG":{"2V":"2"},"Q9":{"HV":"2","HR":"2","JV":"2","JR":"2"},"RM":{"H4":"2","J4":"2","2C":"2","M3":"2","59":"2","58":"2"},"HJ":{"X2":"2","9G":"2","W4":"2","QC":"2","Q9":"2","HH":"2","57":"2","FM":"2","2X":"2","GJ":"2","GM":"2"},"RQ":{"3G":"2","2G":"2","4G":"2","J8":"2","5F":"2","M8":"2","2F":"2","3F":"2"},"WM":{"X6":"2","X7":"2"},"HP":{"R3":"2","P5":"2","V5":"2","GC":"2","HC":"2","Q6":"2","R5":"2","G3":"2","V2":"2","W2":"2","Q4":"2","V4":"2","P4":"2","HF":"2","J5":"2","48":"2","GF":"2","V3":"2","M4":"2","R4":"2","M3":"2","Q3":"2"},"VQ":{"J2":"2"},"MC":{"W4":"2"},"H9":{"FR":"2","F7":"2","FP":"2","6Q":"2","5F":"2","94":"2","F6":"2","C5":"2","9F":"2","W9":"2"}},"VF":{"M7":{"GW":"2","PV":"2","FW":"2"},"76":{"4M":"2","5M":"2"},"P8":{"93":"2","83":"2","53":"2"},"C9":{"3R":"2"},"M8":{"QQ":"2"},"24":{"JQ":"2"},"P7":{"FR":"2","GR":"2","7V":"2","9W":"2","7R":"2","5V":"2","7W":"2","FV":"2","6R":"2","8R":"2","CV":"2","CR":"2","9R":"2","HV":"2","JV":"2","6V":"2","GV":"2","9V":"2"},"F5":{"PM":"2"},"J7":{"XX":"2"},"G6":{"33":"2","32":"2"}},"CC":{"W4":{"V3":"2"}},"79":{"32":{"PH":"2"},"R8":{"PV":"2"},"65":{"CR":"2","9C":"2","9F":"2"}},"HC":{"3C":{"67":"2","G9":"2","78":"2","77":"2","29":"2","39":"2"},"2W":{"9R":"2","9V":"2"},"2H":{"J6":"2"},"Q7":{"H9":"2"},"44":{"7P":"2"},"2Q":{"MG":"2"},"5M":{"W7":"2"},"2V":{"JG":"2"},"2R":{"QV":"2","QW":"2"},"36":{"3G":"2","3H":"2","4C":"2","3J":"2","49":"2"},"7X":{"8H":"2"},"42":{"7P":"2"},"M7":{"97":"2","C7":"2","76":"2"}},"X2":{"P5":{"HP":"2","GP":"2","GQ":"2","HQ":"2","PM":"2","9Q":"2"}},"G6":{"2J":{"F4":"2"},"VR":{"46":"2","37":"2"},"VQ":{"3V":"2"},"7X":{"F6":"2"},"VH":{"C5":"2"}},"G7":{"3F":{"4W":"2"}},"RF":{"R2":{"2X":"2","3X":"2","4X":"2"},"R3":{"45":"2","42":"2","52":"2"},"QM":{"V6":"2"},"6Q":{"G2":"2"},"2X":{"98":"2","GC":"2"},"4W":{"QW":"2"},"WC":{"J2":"2"}},"JC":{"6C":{"PR":"2"},"95":{"6W":"2"},"MJ":{"24":"2"},"8F":{"28":"2"},"5C":{"FF":"2","9G":"2","HJ":"2","FJ":"2","CH":"2","FH":"2","CJ":"2","GG":"2","GH":"2","HF":"2","GF":"2","GJ":"2","8G":"2","HG":"2"},"C6":{"7F":"2","37":"2","6G":"2"},"XH":{"QC":"2","PC":"2","PF":"2","MF":"2"},"47":{"73":"2"},"G9":{"F2":"2"},"H9":{"WM":"2"}},"P9":{"2J":{"VM":"2","WM":"2"},"C2":{"HR":"2"},"CJ":{"PC":"2","MC":"2","GF":"2","M9":"2","P9":"2"},"83":{"H4":"2","C4":"2","C6":"2","G5":"2","G4":"2","F6":"2"},"74":{"P6":"2"}},"P2":{"XP":{"8P":"2","7P":"2","4J":"2","9P":"2","7J":"2","8M":"2"}},"M7":{"XV":{"Q8":"2"},"CH":{"C7":"2"},"GC":{"5P":"2","4P":"2","2P":"2"},"P9":{"GC":"2"},"V8":{"WH":"2"}},"F6":{"PC":{"32":"2"},"P7":{"4J":"2","5F":"2","39":"2","6M":"2","5H":"2","4H":"2","5G":"2","3J":"2","4F":"2","7J":"2","3X":"2","4C":"2","3H":"2","49":"2"},"Q9":{"QX":"2"},"P8":{"47":"2","7F":"2","45":"2","46":"2","59":"2","37":"2","43":"2","48":"2"},"M7":{"WR":"2"}},"76":{"33":{"7X":"2","8X":"2"},"MG":{"27":"2"},"JG":{"X8":"2"}},"Q7":{"32":{"P6":"2"}},"G8":{"RG":{"HC":"2"},"XF":{"W7":"2"},"3W":{"M4":"2"},"MC":{"V4":"2","W3":"2"},"7F":{"J8":"2","52":"2"},"RP":{"JQ":"2","HP":"2","PP":"2","MR":"2","GQ":"2","JM":"2","HQ":"2","JR":"2"},"X5":{"XR":"2"},"75":{"XQ":"2"},"QQ":{"XH":"2","VM":"2","WM":"2","WH":"2"},"9F":{"P8":"2"},"C7":{"9W":"2"},"HX":{"V2":"2"},"XP":{"4P":"2","5M":"2","CM":"2"}},"QF":{"8J":{"27":"2"},"QW":{"QW":"2"},"8M":{"Q2":"2"},"GR":{"F7":"2","3F":"2"},"9J":{"XM":"2"}},"97":{"76":{"X8":"2","X6":"2","X7":"2"},"FJ":{"XG":"2","XF":"2"},"CC":{"WC":"2"},"86":{"4G":"2","28":"2","39":"2","29":"2","3F":"2","4F":"2","27":"2","3C":"2"},"99":{"J5":"2"}},"W5":{"57":{"3Q":"2","4R":"2","5R":"2","Q9":"2","R9":"2","4Q":"2"},"97":{"P7":"2","Q7":"2","2V":"2","CC":"2","2M":"2","3V":"2"},"F7":{"8G":"2"},"C7":{"47":"2","JC":"2","HC":"2"},"F9":{"VQ":"2","XQ":"2","JP":"2"},"76":{"MW":"2","VW":"2","4J":"2","VX":"2","RX":"2","9W":"2","3M":"2","RW":"2","FV":"2","JW":"2","PW":"2","8R":"2","CV":"2","5Q":"2","5M":"2","3J":"2","3P":"2","QW":"2","9V":"2"},"H8":{"VX":"2","VW":"2"},"GC":{"82":"2","Q2":"2"},"87":{"23":"2","58":"2","34":"2","42":"2","52":"2","32":"2","22":"2","P7":"2","F8":"2","PC":"2","C7":"2","H8":"2","86":"2","24":"2","77":"2","35":"2","66":"2","VF":"2","56":"2","94":"2","55":"2","G7":"2","RF":"2","46":"2","25":"2","87":"2","33":"2","P9":"2","57":"2","76":"2","63":"2","X7":"2","G8":"2","44":"2","75":"2","QC":"2","65":"2","64":"2","M8":"2","74":"2","P8":"2","54":"2","53":"2","45":"2","MC":"2","43":"2"},"77":{"62":"2","W4":"2","V3":"2","Q2":"2","X2":"2","V2":"2","V4":"2","W2":"2","W3":"2","X3":"2","R3":"2","HF":"2","Q3":"2","J2":"2","JF":"2","P2":"2","H6":"2","R4":"2","X4":"2","PF":"2","M2":"2","72":"2","R2":"2"},"99":{"M5":"2"}},"V5":{"PP":{"7R":"2","GF":"2","7W":"2","8R":"2"},"JV":{"H9":"2","J9":"2"},"JP":{"Q9":"2","M8":"2","M9":"2","M7":"2"}},"98":{"GV":{"8P":"2"},"H4":{"WG":"2","VG":"2","XG":"2","WH":"2"},"VW":{"JG":"2"}},"89":{"78":{"R7":"2"}},"78":{"7R":{"X4":"2"}},"GC":{"GW":{"F7":"2","G7":"2","H7":"2"},"CR":{"WR":"2","WV":"2","F2":"2","C2":"2","WQ":"2","XQ":"2"},"VV":{"MW":"2","PV":"2","MV":"2"},"MX":{"7G":"2","CH":"2","9H":"2","8G":"2","FH":"2"},"HW":{"CJ":"2","CM":"2","9J":"2"},"8Q":{"QJ":"2","QH":"2"},"MW":{"CF":"2"},"4R":{"25":"2","43":"2"},"9Q":{"WJ":"2","VM":"2","WM":"2"},"PW":{"G7":"2","H7":"2"},"HV":{"7M":"2","7P":"2","6J":"2","7J":"2"}},"PG":{"RC":{"9M":"2"}},"RC":{"P5":{"XQ":"2"},"H7":{"XC":"2","VG":"2","VF":"2","RH":"2","WC":"2","VH":"2"},"HQ":{"58":"2"},"FH":{"C8":"2"},"WV":{"45":"2"},"M8":{"J6":"2"},"9F":{"C4":"2"},"H8":{"5X":"2","4X":"2","5W":"2"},"8F":{"M2":"2","92":"2","F3":"2","H2":"2"},"J5":{"9W":"2"},"8C":{"MX":"2"},"J6":{"8C":"2","24":"2","89":"2","27":"2","28":"2","34":"2","53":"2"},"J7":{"38":"2","47":"2","49":"2","39":"2"},"GP":{"47":"2"}},"FQ":{"3M":{"C4":"2"},"4G":{"38":"2","62":"2","4J":"2","28":"2","52":"2","2H":"2","22":"2","35":"2","23":"2","2C":"2","32":"2","37":"2","57":"2","2M":"2","29":"2","2J":"2","42":"2","3W":"2","3J":"2","47":"2","4H":"2","33":"2","4M":"2","56":"2","2X":"2"},"2J":{"XX":"2","XF":"2","9V":"2","9R":"2","HW":"2","RX":"2","6J":"2","VX":"2","WX":"2","CV":"2","PX":"2","QX":"2"},"28":{"G8":"2","9M":"2","X9":"2","62":"2","V8":"2","3H":"2","G9":"2","W4":"2","W7":"2","X2":"2","V4":"2","W6":"2","5C":"2","PH":"2","W2":"2","XJ":"2","8G":"2","V7":"2","PJ":"2","MJ":"2","CH":"2","V5":"2","XR":"2","98":"2","RC":"2","X4":"2","VF":"2","W5":"2","9H":"2","PC":"2","M2":"2","V6":"2","R5":"2","PG":"2"},"3G":{"X9":"2","XC":"2","X5":"2","R9":"2","J8":"2","F9":"2","X8":"2","P5":"2","X2":"2","V4":"2","V2":"2","P4":"2","W2":"2","X7":"2","9J":"2","W3":"2","W9":"2","Q5":"2","HH":"2","J2":"2","CR":"2","WC":"2","RC":"2","P6":"2","X4":"2","Q9":"2","W5":"2","M6":"2","M8":"2","J7":"2","WF":"2","FC":"2","JH":"2","R5":"2","XM":"2","Q6":"2"},"39":{"JX":"2"},"29":{"8P":"2","8G":"2"},"3F":{"FR":"2","JG":"2","GF":"2","WW":"2","MF":"2","WV":"2","VJ":"2","XV":"2","XP":"2","FV":"2","WX":"2","PV":"2","XJ":"2","PW":"2","XX":"2","VQ":"2","XR":"2","W8":"2","MV":"2","WR":"2","RQ":"2","HV":"2","XQ":"2","QP":"2","JV":"2","QW":"2","RG":"2","GV":"2","9V":"2","WJ":"2","HW":"2","XW":"2","GQ":"2","XM":"2"},"4H":{"35":"2","32":"2","36":"2","27":"2","25":"2","26":"2","37":"2","39":"2"},"3J":{"9M":"2","7V":"2","9W":"2","CM":"2","V4":"2","7R":"2","7W":"2","W2":"2","W3":"2","6R":"2","8W":"2","4X":"2","V5":"2","6W":"2","9Q":"2","6V":"2","CJ":"2","9P":"2","MQ":"2","CP":"2"},"38":{"9M":"2","38":"2","FM":"2","3H":"2","54":"2","39":"2","2G":"2","7J":"2","25":"2","CM":"2","23":"2","45":"2","44":"2","55":"2","24":"2","3J":"2","8M":"2","4H":"2","33":"2","3G":"2","CJ":"2","34":"2","6M":"2","CW":"2","6H":"2","5J":"2","9P":"2","56":"2","CP":"2"},"4F":{"83":"2","3Q":"2","66":"2","87":"2","79":"2","3R":"2","6G":"2","65":"2","3F":"2","5F":"2","C2":"2","3W":"2","39":"2","5X":"2","72":"2","5W":"2","5J":"2","7J":"2","6J":"2","44":"2","88":"2","42":"2","46":"2","4P":"2","3X":"2","4C":"2","47":"2","3V":"2","48":"2","74":"2","4J":"2","78":"2","5H":"2","2P":"2","2X":"2","93":"2","C4":"2","45":"2","5G":"2","5P":"2","4W":"2","77":"2","2G":"2","F2":"2","C5":"2","64":"2","3G":"2","4H":"2","6X":"2","7C":"2","5V":"2","4G":"2","54":"2","35":"2","96":"2","94":"2","3J":"2","7F":"2","7H":"2","95":"2","76":"2","85":"2","75":"2","2W":"2","67":"2","4M":"2","2F":"2","2H":"2","4V":"2","34":"2","84":"2","G2":"2","82":"2","63":"2","F3":"2","53":"2","56":"2","6W":"2","92":"2","5R":"2","86":"2","49":"2","7G":"2","C3":"2","73":"2","6H":"2"},"27":{"GW":"2","GX":"2","7V":"2","FW":"2","3M":"2","7R":"2","7W":"2","PV":"2","6R":"2","PX":"2","2M":"2","PW":"2","8R":"2","2J":"2","5M":"2","6W":"2","6X":"2","8V":"2","MV":"2","9R":"2","6V":"2","4M":"2","QW":"2","CW":"2","9V":"2","FX":"2","7X":"2"},"4C":{"GW":"2","5X":"2","3W":"2","8X":"2","7W":"2","CX":"2","6X":"2","5W":"2","9X":"2","4W":"2","6W":"2","FX":"2","GX":"2","6F":"2","6V":"2","CW":"2","26":"2","3Q":"2","8W":"2"},"3C":{"XV":"2","R2":"2","3G":"2","HP":"2","64":"2","23":"2"},"3H":{"X5":"2","CM":"2","X6":"2"},"2M":{"P3":"2","M7":"2","C2":"2","J8":"2","Q7":"2","P5":"2","Q2":"2","X6":"2","XF":"2","Q5":"2","2M":"2","X3":"2","R3":"2","Q3":"2","W8":"2","P2":"2","4H":"2","3G":"2","Q4":"2","M8":"2","R5":"2","Q6":"2","R2":"2"},"37":{"8R":"2","8P":"2","9V":"2","CR":"2","9R":"2","6Q":"2","8V":"2","7Q":"2","6R":"2","6M":"2","7R":"2","8Q":"2","6W":"2","6V":"2","5M":"2"}},"W2":{"M9":{"33":"2"}},"QC":{"8J":{"FV":"2"},"R3":{"CR":"2"},"9P":{"J3":"2"},"7J":{"Q8":"2"},"8M":{"H4":"2","G5":"2","F5":"2","F6":"2","FG":"2"},"9M":{"5F":"2","6G":"2","5G":"2"}},"96":{"3G":{"MH":"2","QM":"2","PJ":"2","MG":"2","JF":"2"}},"H7":{"PC":{"RQ":"2"},"R6":{"FG":"2"}},"H6":{"8J":{"FC":"2"},"W2":{"QG":"2","RF":"2","RH":"2","RJ":"2","QF":"2","VH":"2"}},"QG":{"P5":{"W5":"2","V5":"2","W4":"2","V6":"2","HC":"2","Q6":"2","P8":"2","R5":"2","J8":"2","V2":"2","V4":"2","J9":"2","R2":"2","M8":"2","GF":"2","P7":"2","V3":"2","Q7":"2"},"47":{"4H":"2","2H":"2","6F":"2"},"P4":{"QR":"2","RX":"2","VX":"2","RW":"2","RV":"2"},"37":{"XJ":"2","RJ":"2","XH":"2","VJ":"2","RP":"2","WH":"2"}},"Q2":{"FM":{"3M":"2","GW":"2","FQ":"2","JV":"2","4G":"2","HR":"2","8X":"2","CM":"2","4J":"2","HQ":"2","HW":"2","5F":"2","3G":"2","FH":"2","CJ":"2","3F":"2","5H":"2","2G":"2","4H":"2","5G":"2","4F":"2","GR":"2","HX":"2","6F":"2","2F":"2","5C":"2","GV":"2","FW":"2","HV":"2","5J":"2","4C":"2","JW":"2","FV":"2","GQ":"2","3H":"2","2M":"2","QX":"2","7X":"2","8W":"2"},"FP":{"H2":"2","G2":"2"},"GP":{"32":"2","42":"2"},"GM":{"3X":"2","4X":"2"},"CM":{"4P":"2","4M":"2","3M":"2","XF":"2","RP":"2","RQ":"2","WV":"2","QQ":"2","VP":"2","7J":"2","XM":"2","4R":"2","WP":"2","3P":"2","7M":"2","3Q":"2","XP":"2","WQ":"2","XG":"2","4Q":"2","QP":"2"},"FJ":{"6J":"2","7H":"2","8H":"2","69":"2"}},"M8":{"MR":{"6V":"2","6X":"2"},"JQ":{"3Q":"2"},"3R":{"2H":"2","2G":"2","3H":"2"},"VJ":{"VR":"2","VV":"2","RQ":"2","PP":"2","QQ":"2","PQ":"2","QX":"2"},"HQ":{"Q9":"2","RC":"2"},"PR":{"C6":"2"},"GP":{"G7":"2","H8":"2","H7":"2"}},"C8":{"RH":{"MW":"2","MX":"2"},"5X":{"J2":"2","M2":"2"},"5W":{"JX":"2","GW":"2","8P":"2","CR":"2","9R":"2","MX":"2","8H":"2","HW":"2","8Q":"2","9Q":"2"}},"Q9":{"4X":{"9X":"2","7R":"2","5V":"2","8Q":"2","6R":"2","8R":"2","8W":"2","FP":"2","2J":"2","FQ":"2","CR":"2","CQ":"2","6Q":"2","9Q":"2","6V":"2","4M":"2","9V":"2","9P":"2","CP":"2"}},"P8":{"79":{"M6":"2","PC":"2","M5":"2","X3":"2","J2":"2","P3":"2","P2":"2"},"4J":{"2Q":"2","3M":"2","2P":"2"},"66":{"MR":"2"},"98":{"6V":"2"},"89":{"G3":"2"},"88":{"VM":"2","JG":"2","MQ":"2","HW":"2","QJ":"2","2G":"2","4H":"2","JF":"2","GR":"2","2F":"2","MF":"2","RM":"2"},"5W":{"HH":"2"},"4Q":{"Q9":"2"},"78":{"G9":"2","F3":"2","M9":"2","XF":"2","PC":"2","C4":"2","V7":"2","G3":"2","JG":"2","PF":"2","MF":"2","MV":"2","H8":"2","J4":"2","VC":"2","F9":"2","HF":"2","R4":"2","R9":"2","G4":"2","HC":"2","JH":"2","F7":"2","G6":"2","MX":"2","R7":"2","G7":"2","JC":"2","WF":"2","J7":"2","P9":"2","F6":"2","Q7":"2","C3":"2","GC":"2","PG":"2","QQ":"2","RC":"2","QP":"2","QH":"2","J9":"2","H7":"2","F5":"2","H6":"2","HG":"2","M8":"2","Q9":"2","P3":"2","Q8":"2","P8":"2","RH":"2","J8":"2","G5":"2","F4":"2","MC":"2","H5":"2","H9":"2"},"CV":{"J9":"2"}},"V6":{"VC":{"7H":"2"},"R9":{"PW":"2","MW":"2","MV":"2","PX":"2"},"RC":{"R3":"2","P2":"2","Q6":"2","Q2":"2"}},"H9":{"7C":{"J3":"2"},"2G":{"VM":"2","HM":"2","VH":"2","CM":"2","RP":"2","MQ":"2","QJ":"2","CJ":"2","QM":"2","HH":"2","MJ":"2","WW":"2","FM":"2","VP":"2","WH":"2","HF":"2","82":"2","WF":"2","VG":"2","JP":"2","XH":"2","5J":"2","8M":"2","XG":"2","GM":"2","WG":"2","RH":"2","5Q":"2"},"2P":{"MC":"2","M9":"2"},"52":{"VR":"2"},"6C":{"R2":"2","4G":"2"},"28":{"FF":"2","MR":"2","JQ":"2","HP":"2","HM":"2","89":"2","JR":"2","JM":"2","MQ":"2","MP":"2","FG":"2","CF":"2","JP":"2","8C":"2","PQ":"2","PR":"2"},"3G":{"3H":"2","Q6":"2","XF":"2","M4":"2","GP":"2","J3":"2","H5":"2","PG":"2","74":"2","V6":"2","RC":"2","GW":"2","CM":"2","V9":"2","X5":"2","X9":"2","9W":"2","HP":"2","WV":"2","9P":"2","G7":"2","9H":"2","2J":"2","FP":"2","J4":"2","R9":"2","XJ":"2","R8":"2","VM":"2","MM":"2","R7":"2","PX":"2","F7":"2","MQ":"2","F6":"2","M5":"2","C9":"2","7G":"2","P9":"2","RQ":"2","52":"2","W7":"2","M7":"2","WG":"2","MG":"2","GR":"2","PM":"2","9G":"2","RH":"2","QC":"2","M2":"2","4G":"2","M6":"2","CC":"2","WF":"2","GC":"2","X6":"2","HH":"2","W6":"2","WH":"2","FM":"2","7F":"2","6H":"2","7H":"2","HC":"2","M3":"2","H4":"2","XR":"2","W9":"2","QP":"2","2G":"2","PP":"2","FW":"2","QH":"2","FH":"2","XC":"2","J8":"2","7J":"2","98":"2","WR":"2","2H":"2","Q3":"2","P6":"2","GH":"2","PR":"2","CH":"2","W8":"2","R4":"2","H3":"2","JP":"2","VC":"2","JQ":"2","GV":"2","Q7":"2","HR":"2","QW":"2","G8":"2","96":"2","RJ":"2","RP":"2","WM":"2","GJ":"2","G4":"2","RM":"2","CJ":"2","X4":"2","62":"2","VG":"2","R2":"2","8P":"2","PV":"2","PQ":"2","Q9":"2","WJ":"2","XQ":"2","V7":"2","FX":"2","VH":"2","J7":"2","P5":"2","WC":"2","H9":"2","8H":"2","Q8":"2","9C":"2","W4":"2","MR":"2","G5":"2","HG":"2","72":"2","J5":"2","MP":"2","6G":"2","R5":"2","PJ":"2","XG":"2","HJ":"2","J6":"2","RF":"2","QM":"2","3G":"2","G3":"2","H8":"2","HW":"2","V8":"2","H6":"2","Q5":"2","7C":"2","V4":"2","J9":"2","CQ":"2","P8":"2","PH":"2","HF":"2","CP":"2","QG":"2","FJ":"2","7M":"2","XH":"2","VF":"2","MJ":"2","84":"2","M9":"2","FV":"2","RG":"2","JC":"2","8W":"2","QF":"2","G6":"2","8M":"2","JJ":"2","83":"2"},"3R":{"G6":"2","G8":"2"},"4C":{"W5":"2"},"5G":{"FP":"2","2X":"2","3X":"2","3W":"2","FV":"2","5W":"2"},"5C":{"JQ":"2","GX":"2","VH":"2"},"3P":{"W6":"2"},"4M":{"QC":"2","PC":"2","FP":"2","QF":"2"},"6F":{"2C":"2","2F":"2","29":"2"},"3V":{"CM":"2","FC":"2"},"77":{"J4":"2"},"CV":{"J7":"2","M7":"2"},"29":{"V4":"2"},"79":{"X8":"2","QP":"2","94":"2","C5":"2","W9":"2","WC":"2"},"6J":{"XR":"2","XM":"2"},"R7":{"2J":"2"},"4J":{"33":"2","44":"2","8M":"2","37":"2"},"2C":{"JF":"2"},"5M":{"Q8":"2"},"4G":{"7C":"2","95":"2","2G":"2","FW":"2","G9":"2","6C":"2","6X":"2","28":"2","3J":"2","3G":"2","F3":"2","48":"2","2W":"2","9F":"2","47":"2","7G":"2","C4":"2","4C":"2","CW":"2","5X":"2","GX":"2","5G":"2","5C":"2","49":"2","G3":"2","4R":"2","3P":"2","C5":"2","7F":"2","9C":"2","9V":"2","6F":"2","F9":"2","3V":"2","5P":"2","85":"2","66":"2","29":"2","2X":"2","7X":"2","HC":"2","J6":"2","84":"2","JH":"2","94":"2","G6":"2","G2":"2","FC":"2","2C":"2","4V":"2","XQ":"2","5M":"2","4G":"2","HX":"2","8R":"2","J7":"2","P9":"2","FJ":"2","8F":"2","57":"2","4F":"2","5F":"2","4Q":"2","76":"2","HM":"2","2J":"2","39":"2","JJ":"2","F2":"2","C3":"2","75":"2","4P":"2","6W":"2","2F":"2","3H":"2","9R":"2","6V":"2","3Q":"2","65":"2","67":"2","J9":"2","HW":"2","H7":"2","37":"2","F5":"2","H6":"2","HJ":"2","J8":"2","C2":"2","3C":"2","G5":"2","8G":"2","3F":"2","38":"2","F4":"2","H5":"2","H9":"2","3W":"2"},"7J":{"2V":"2","3X":"2","2R":"2"},"4F":{"3M":"2","HP":"2","VM":"2","5R":"2","HM":"2","6Q":"2","WJ":"2","JR":"2","HW":"2","MP":"2","CH":"2","7Q":"2","FH":"2","CJ":"2","6R":"2","FG":"2","7R":"2","2G":"2","5V":"2","WH":"2","FX":"2","GX":"2","4R":"2","JP":"2","XH":"2","GV":"2","HV":"2","PM":"2","GQ":"2","GM":"2","GP":"2","5Q":"2"},"F6":{"79":"2"},"4H":{"J5":"2","H5":"2","M5":"2","G6":"2","V3":"2","Q2":"2","25":"2","C6":"2","35":"2","23":"2","96":"2","G2":"2","W3":"2","43":"2","R3":"2","G3":"2","J2":"2","42":"2","J6":"2","C5":"2","36":"2","P2":"2","R4":"2","H2":"2","X4":"2","C8":"2","M2":"2","72":"2","R2":"2"},"5F":{"X9":"2","38":"2","C7":"2","J5":"2","RF":"2","97":"2","77":"2","G9":"2","XC":"2","2G":"2","J8":"2","VJ":"2","3F":"2","2F":"2","2H":"2","76":"2","22":"2","23":"2","H8":"2","XF":"2","VH":"2","H9":"2","32":"2","57":"2","53":"2","8R":"2","65":"2","QC":"2","55":"2","87":"2","4F":"2","98":"2","4C":"2","MP":"2","58":"2","3G":"2","QF":"2","VF":"2","PC":"2","49":"2","56":"2","MM":"2","82":"2"},"HV":{"WJ":"2","XJ":"2","VJ":"2"},"3X":{"H4":"2","F4":"2","F3":"2"},"M4":{"M8":"2"},"2F":{"W7":"2"},"3H":{"63":"2","R3":"2","F7":"2","Q2":"2","F4":"2","72":"2","W6":"2","M5":"2","V2":"2","P2":"2","W2":"2","67":"2","F6":"2","P3":"2","V9":"2","X6":"2","C6":"2","F5":"2","G4":"2","64":"2","97":"2","G6":"2","Q3":"2"},"89":{"76":"2","5F":"2","52":"2"},"78":{"G6":"2","2W":"2","4R":"2","2V":"2","3V":"2"},"5H":{"22":"2","M6":"2","M5":"2","9X":"2","24":"2","23":"2","33":"2","R9":"2","53":"2","43":"2","74":"2","84":"2","32":"2","64":"2"},"JW":{"7M":"2"},"6H":{"J4":"2","Q6":"2"},"3C":{"3G":"2","5C":"2","4G":"2","4X":"2","8M":"2"},"3F":{"PQ":"2","MF":"2","PM":"2","PP":"2","5V":"2","MG":"2","RW":"2","J9":"2","H9":"2","PV":"2","6R":"2","PJ":"2","6P":"2","JF":"2","7H":"2","6W":"2","6X":"2","5R":"2","8P":"2","6Q":"2","WH":"2","PR":"2","6V":"2","PF":"2","QW":"2","MH":"2","JC":"2","7X":"2"},"3M":{"VV":"2"},"6G":{"4H":"2"},"38":{"GX":"2"}},"R2":{"XG":{"2J":"2","2H":"2","8M":"2"}}},"index":{"university,1|retail,2|tourism,3|wreck,4|historical,5|artsCulture,6|namedBuilding,7|water,8|wetland,9|park,10|beach,11|natureReserve,12|cemetery,13|trail,14":{}}}