{"index":{"university,1|retail,2|tourism,3|wreck,4|historical,5|artsCulture,6|namedBuilding,7|water,8|wetland,9|park,10|beach,11|natureReserve,12|cemetery,13|trail,14":{}},"5J":{"G5":{"8C":{"3R":"2","89":"2","79":"2","FH":"2","9C":"2","CF":"2","45":"2","FR":"2","FM":"2","9F":"2","9H":"2","FX":"2","GX":"2","CG":"2","87":"2","3P":"2","8C":"2","46":"2","GQ":"2","GM":"2","97":"2"},"79":{"GC":"2","PF":"2","FH":"2","GG":"2","GH":"2","7J":"2","C7":"2","C6":"2","3C":"2","CW":"2","7M":"2"},"8F":{"4M":"2","3W":"2","7W":"2","FG":"2","CF":"2","3F":"2","5G":"2","9F":"2","6W":"2","J4":"2","69":"2","5J":"2","32":"2"},"89":{"5R":"2"},"7F":{"X9":"2","FM":"2","WW":"2","MF":"2","V3":"2","Q7":"2","Q2":"2","CM":"2","V4":"2","WX":"2","W9":"2","H3":"2","Q5":"2","V7":"2","Q3":"2","R6":"2","R5":"2"},"7C":{"QJ":"2","VW":"2","JG":"2","WW":"2","H5":"2","QQ":"2","VR":"2","J8":"2","RX":"2","5X":"2","WX":"2","PV":"2","37":"2","XJ":"2","PJ":"2","46":"2","JF":"2","VQ":"2","XR":"2","MV":"2","WR":"2","RQ":"2","MR":"2","PR":"2","H7":"2","QR":"2","MH":"2","JH":"2","WG":"2","JC":"2","VV":"2"},"78":{"3R":"2","6X":"2"},"69":{"W5":"2","WF":"2","XW":"2"}}}}