{"5P":{"9X":{"HP":{"XP":"2","XQ":"2"}},"FR":{"7R":{"7R":"2","7V":"2","8V":"2","7W":"2","8W":"2","7X":"2","6X":"2"},"7V":{"72":"2"}},"8X":{"QG":{"V4":"2","W4":"2"},"JM":{"HJ":"2"},"GR":{"V2":"2"},"JP":{"RG":"2","XV":"2","JH":"2","QG":"2","VM":"2","JG":"2","VJ":"2","P8":"2","VH":"2","XR":"2","WV":"2","FG":"2","PG":"2","RH":"2","WR":"2","P9":"2"}},"4P":{"75":{"MH":"2","PH":"2","Q7":"2","P7":"2","Q8":"2","XF":"2","M8":"2","X9":"2","W9":"2","M7":"2","P8":"2"}},"7M":{"4M":{"85":"2","MP":"2","F9":"2","MM":"2","94":"2","JG":"2","95":"2","84":"2"},"4P":{"V4":"2"},"5Q":{"F8":"2","G8":"2"}},"FW":{"MH":{"QJ":"2","RR":"2","QX":"2","QG":"2","PW":"2","RQ":"2","QH":"2"},"HJ":{"X2":"2","R3":"2","Q2":"2","P2":"2","W2":"2","Q4":"2","R2":"2","P4":"2","P3":"2","R4":"2","Q3":"2"},"MJ":{"R8":"2","WJ":"2","Q5":"2","Q4":"2","V8":"2"},"HH":{"QX":"2","WW":"2","WX":"2","RX":"2","VX":"2","VV":"2","VW":"2","RW":"2","RV":"2"}},"7R":{"MW":{"R5":"2"}},"X7":{"HM":{"GH":"2","GF":"2","GJ":"2","CC":"2","JF":"2","9F":"2"}},"FV":{"64":{"GW":"2"},"84":{"GV":"2","FR":"2","FQ":"2","FP":"2","FV":"2","GR":"2"}},"2P":{"PW":{"XR":"2","MG":"2","XM":"2","XJ":"2","GC":"2","FC":"2","VM":"2"},"QW":{"3J":"2","3M":"2"}},"2Q":{"FQ":{"87":"2"},"8V":{"6P":"2"},"RC":{"5V":"2","5R":"2"}},"2R":{"42":{"8C":"2","9C":"2"},"H7":{"5P":"2"},"Q2":{"P6":"2","Q5":"2"}},"4V":{"HV":{"GW":"2","GX":"2"}},"FQ":{"5C":{"JQ":"2","HR":"2","HQ":"2"}},"CR":{"98":{"6F":"2"}},"3R":{"MM":{"4J":"2"}},"CQ":{"94":{"67":"2","77":"2"}},"8V":{"RM":{"2C":"2"},"QM":{"W8":"2","VC":"2","V9":"2","XC":"2","W9":"2","WC":"2"}},"9R":{"HR":{"QJ":"2","RM":"2","QM":"2","QP":"2","RJ":"2","RP":"2"},"GR":{"PH":"2","PG":"2"}},"3V":{"WR":{"VX":"2","PX":"2"}},"5P":{"5J":{"M7":"2"}},"5W":{"CF":{"2R":"2","5W":"2"},"VM":{"CP":"2","CM":"2"}},"8M":{"VQ":{"5F":"2","4F":"2","4C":"2","49":"2"}},"3Q":{"FG":{"56":"2","57":"2","67":"2","66":"2"},"99":{"H8":"2"}},"3P":{"CH":{"X7":"2"},"6J":{"G7":"2","GF":"2","RF":"2","G6":"2","F5":"2","J8":"2","M9":"2","8H":"2","G4":"2","J9":"2","XH":"2","MC":"2","78":"2","F6":"2","F4":"2","FG":"2","7H":"2","GG":"2","C4":"2","H6":"2","QF":"2","88":"2","H7":"2","CG":"2","G5":"2","M8":"2","JC":"2","Q8":"2"},"4J":{"JM":"2"},"6H":{"CQ":"2"},"7J":{"GH":"2","PG":"2","4C":"2","GG":"2","HG":"2"},"XM":{"5F":"2"},"R7":{"62":"2"},"MJ":{"2J":"2"},"5J":{"WG":"2","RJ":"2"}},"6M":{"3G":{"CP":"2","CM":"2","FJ":"2","JM":"2","CQ":"2"},"6P":{"49":"2"}},"9V":{"8Q":{"3P":"2","4W":"2","3W":"2","6P":"2"},"C6":{"79":"2","7C":"2"}},"FX":{"WR":{"WG":"2","WH":"2"}},"CP":{"54":{"R7":"2"},"42":{"67":"2","78":"2","77":"2"},"34":{"5H":"2","6J":"2","9C":"2","7H":"2","9H":"2","8G":"2","8F":"2","8H":"2","9F":"2"}},"7X":{"7J":{"R5":"2","Q5":"2","Q4":"2","R4":"2"}}},"index":{"university,1|retail,2|tourism,3|wreck,4|historical,5|artsCulture,6|namedBuilding,7|water,8|wetland,9|park,10|beach,11|natureReserve,12|cemetery,13|trail,14":{}}}