{"index":{"university,1|retail,2|tourism,3|wreck,4|historical,5|artsCulture,6|namedBuilding,7|water,8|wetland,9|park,10|beach,11|natureReserve,12|cemetery,13|trail,14":{}},"5Q":{"7C":{"MP":{"29":"2"}},"2P":{"XQ":{"M4":"2","V4":"2","Q3":"2","P3":"2","V3":"2","M3":"2","Q4":"2","P4":"2","P2":"2","M2":"2","R4":"2"}},"58":{"VH":{"7H":"2","8H":"2","99":"2"}},"34":{"9C":{"F3":"2"},"65":{"4P":"2"}},"42":{"3P":{"P2":"2"},"3M":{"MW":"2","JW":"2","MX":"2","JX":"2"}},"G9":{"CM":{"V6":"2"}},"6C":{"27":{"2J":"2","2M":"2"}},"6X":{"49":{"23":"2"}},"VR":{"5F":{"MG":"2"},"RQ":{"8Q":"2","8P":"2","7P":"2","7Q":"2","47":"2","6F":"2"},"PV":{"XR":"2"},"QV":{"2R":"2"}},"WG":{"6J":{"QJ":"2","RQ":"2"}},"8H":{"P7":{"MF":"2"},"QW":{"X6":"2","W6":"2"}},"GP":{"85":{"WP":"2","XJ":"2","XP":"2","VQ":"2","WQ":"2","XQ":"2"},"95":{"4P":"2","4M":"2","2Q":"2","5R":"2","3R":"2","6R":"2","3V":"2","7R":"2","4R":"2","6V":"2","2R":"2","7V":"2","3Q":"2","4Q":"2","5Q":"2"}},"JM":{"CG":{"WV":"2"}},"8M":{"8R":{"3R":"2"},"8V":{"G8":"2","M7":"2","G9":"2","3H":"2","6G":"2","39":"2","2G":"2","J8":"2","F9":"2","5H":"2","2H":"2","3M":"2","5G":"2","8F":"2","2C":"2","J9":"2","H9":"2","2P":"2","37":"2","2M":"2","57":"2","2Q":"2","29":"2","2R":"2","P7":"2","2J":"2","3R":"2","5M":"2","6W":"2","3V":"2","3J":"2","5W":"2","99":"2","4H":"2","C9":"2","58":"2","3G":"2","4M":"2","3Q":"2","3P":"2","M8":"2","J7":"2","7F":"2"},"7W":{"X2":"2"},"5V":{"RX":"2"},"6V":{"VC":"2","V9":"2","WC":"2"},"7V":{"G9":"2","MH":"2","R6":"2","W3":"2","MJ":"2","HH":"2","WJ":"2","JG":"2","XG":"2","MF":"2","XH":"2","X5":"2","PH":"2","Q6":"2","XX":"2","GH":"2","R9":"2","HC":"2","JH":"2","PJ":"2","JC":"2","XP":"2","XJ":"2","V9":"2","WV":"2","XC":"2","XM":"2","2J":"2","JJ":"2","GC":"2","Q5":"2","R5":"2","X4":"2","WP":"2","VH":"2","HG":"2","C8":"2","Q9":"2","RH":"2","WM":"2","H9":"2"}},"MG":{"HV":{"2M":"2"}},"CP":{"XC":{"X5":"2","X4":"2","V4":"2","W5":"2","W3":"2","W4":"2"},"X9":{"XW":"2"}},"PC":{"7M":{"JQ":"2"},"8P":{"XR":"2"},"G4":{"79":"2","7F":"2","7C":"2"},"6Q":{"38":"2","27":"2","28":"2","37":"2"},"6P":{"9M":"2","HR":"2","HQ":"2","7M":"2","GR":"2","PP":"2","CM":"2","8J":"2","9J":"2","FP":"2","FQ":"2","CQ":"2","8P":"2","QP":"2","8M":"2","CJ":"2","9P":"2","GQ":"2","CP":"2"},"29":{"WH":"2","VH":"2"}},"7H":{"PG":{"X6":"2"}},"3R":{"38":{"VR":"2","VQ":"2"}},"VP":{"VW":{"WC":"2"}},"5C":{"WW":{"PH":"2","PJ":"2","MJ":"2"}},"MR":{"W8":{"V4":"2","V3":"2","W3":"2","W4":"2"},"6X":{"RM":"2"}},"WJ":{"VH":{"2H":"2"}},"M5":{"H3":{"35":"2","36":"2"}},"7M":{"WX":{"5H":"2","4H":"2","4G":"2","5G":"2"},"V3":{"FQ":"2","FP":"2","GP":"2"}},"3P":{"2P":{"2W":"2"}},"CQ":{"86":{"WF":"2"}},"H8":{"6C":{"9X":"2"}},"7F":{"43":{"GM":"2"}},"J4":{"66":{"Q7":"2"},"5F":{"2X":"2","3X":"2"},"26":{"MF":"2","WV":"2","VR":"2","XV":"2","VP":"2","JP":"2","H9":"2","XH":"2","MJ":"2","XR":"2","WR":"2","WH":"2","WP":"2","VF":"2","PF":"2","HC":"2","WF":"2","Q8":"2","VV":"2"},"5G":{"32":"2","22":"2"}},"VG":{"GW":{"CH":"2","RR":"2","9G":"2","PV":"2","CG":"2"},"JV":{"23":"2","36":"2","34":"2","FW":"2","62":"2","52":"2","5R":"2","22":"2","CW":"2","27":"2","24":"2","3V":"2","5J":"2","77":"2","35":"2","55":"2","GJ":"2","25":"2","83":"2","8V":"2","33":"2","FJ":"2","FH":"2","4H":"2","76":"2","26":"2","HM":"2","PG":"2","GM":"2","67":"2","37":"2","JQ":"2","64":"2","FM":"2","82":"2","HJ":"2","54":"2","6G":"2","CF":"2","3W":"2","9P":"2","FP":"2"},"HR":{"2Q":"2","9V":"2","5R":"2","3R":"2","6Q":"2","8V":"2","8X":"2","6R":"2","2P":"2","9X":"2","3X":"2","3P":"2","3Q":"2","GP":"2","5Q":"2"},"HP":{"6X":"2"},"JR":{"CX":"2","6X":"2"},"HW":{"C7":"2","V8":"2","F9":"2","X8":"2","7J":"2","C6":"2","8F":"2","5X":"2","X7":"2","V7":"2","4X":"2","F8":"2","F6":"2","6W":"2","R8":"2","6X":"2","98":"2","5W":"2","99":"2","C9":"2","C8":"2","F7":"2","9C":"2","8C":"2","9F":"2","7X":"2"},"6X":{"97":"2","96":"2","98":"2"},"FM":{"7X":"2","6X":"2"},"FX":{"XV":"2","PJ":"2","QG":"2","VM":"2","VJ":"2","RQ":"2","WV":"2","RR":"2","XH":"2","QH":"2","PH":"2","QF":"2"},"GX":{"2P":"2","JM":"2","8M":"2","CP":"2","M3":"2","7F":"2","J4":"2","9C":"2","CM":"2","HQ":"2","H3":"2","JR":"2","H4":"2","G4":"2","J6":"2","JH":"2","6J":"2","G6":"2","JP":"2","9M":"2","V9":"2","HR":"2","7J":"2","F6":"2","HM":"2","HV":"2","JJ":"2","M4":"2","8P":"2","RC":"2","GM":"2","J3":"2","HW":"2","JQ":"2","F5":"2","H6":"2","J5":"2","CG":"2","FM":"2","P3":"2","HJ":"2","G5":"2","HP":"2","H5":"2","9P":"2","FP":"2"},"GR":{"PR":"2","RR":"2","XR":"2","QR":"2","PW":"2","QP":"2","RX":"2","MR":"2","RQ":"2","VP":"2","PV":"2","RC":"2","PQ":"2","QV":"2","MV":"2","QW":"2","QQ":"2","XQ":"2","RP":"2"},"HX":{"72":"2","62":"2","52":"2"},"HV":{"X2":"2","RG":"2","F7":"2","W4":"2","X4":"2","CM":"2","CH":"2","W2":"2","Q4":"2","CJ":"2","X5":"2","94":"2","CF":"2","FR":"2","W3":"2","FC":"2","X3":"2","32":"2","FV":"2","R4":"2"},"FP":{"62":"2"},"JW":{"33":"2","5F":"2","6F":"2","74":"2","28":"2"},"7X":{"9H":"2","XX":"2"}},"4M":{"MJ":{"WF":"2"},"M8":{"J3":"2"},"M7":{"MX":"2","PX":"2"}},"6M":{"57":{"6X":"2"},"58":{"62":"2"}},"X5":{"RM":{"PC":"2","V4":"2","W5":"2","Q9":"2","Q4":"2","F5":"2","RC":"2","QF":"2","C5":"2","R4":"2"},"WR":{"3V":"2"},"WV":{"CF":"2","CC":"2","FF":"2","FG":"2"},"RG":{"4M":"2","3M":"2","2J":"2","4J":"2","CX":"2","4H":"2","5H":"2","3J":"2","3H":"2"},"QG":{"XJ":"2"},"VR":{"P3":"2"},"RH":{"MW":"2","9X":"2","HR":"2","PQ":"2","VW":"2","73":"2","HQ":"2","MF":"2","GR":"2","PM":"2","PP":"2","VP":"2","VM":"2","FW":"2","RR":"2","JP":"2","93":"2","H8":"2","FV":"2","PV":"2","MC":"2","83":"2","RJ":"2","RH":"2","HP":"2","MX":"2","MP":"2","QP":"2","MR":"2","QH":"2","JX":"2","H2":"2","QG":"2","PR":"2","QM":"2","PF":"2","HX":"2","GV":"2","CW":"2","MQ":"2","CX":"2","MH":"2","JM":"2","MM":"2","VV":"2"},"RJ":{"2G":"2","G9":"2","X9":"2","3G":"2","R6":"2","PC":"2","HH":"2","M3":"2","WJ":"2","M5":"2","V8":"2","J4":"2","VG":"2","Q6":"2","GH":"2","R4":"2","W9":"2","H4":"2","G4":"2","J6":"2","X2":"2","JH":"2","XV":"2","F7":"2","G2":"2","G6":"2","55":"2","R7":"2","G7":"2","QJ":"2","WF":"2","83":"2","WH":"2","57":"2","F6":"2","76":"2","XM":"2","2F":"2","R5":"2","J3":"2","VH":"2","67":"2","M2":"2","H6":"2","64":"2","J5":"2","VJ":"2","GG":"2","82":"2","X3":"2","74":"2","RJ":"2","54":"2","G5":"2","H2":"2","45":"2","H5":"2","R2":"2"},"VM":{"68":"2"},"PM":{"HH":"2","HG":"2"},"VJ":{"3M":"2","2J":"2","28":"2","39":"2","3J":"2","4F":"2","26":"2","2R":"2","2M":"2","49":"2","37":"2"},"XQ":{"R3":"2"},"QH":{"FP":"2","MW":"2","GP":"2"}},"F9":{"VX":{"4M":"2"},"VH":{"XV":"2","WV":"2"}},"5J":{"62":{"PG":"2"}},"PH":{"94":{"MH":"2"}},"H3":{"8Q":{"8G":"2"},"CX":{"HV":"2"}},"FV":{"2V":{"72":"2","82":"2"},"2R":{"7X":"2","8X":"2"}},"7P":{"83":{"JF":"2","GG":"2"}},"7X":{"JF":{"VC":"2","P9":"2"}},"HC":{"6J":{"48":"2"}},"X2":{"X2":{"PW":"2"}},"6J":{"RM":{"CH":"2","9H":"2","9G":"2","CG":"2"},"VH":{"CC":"2"}},"6P":{"CH":{"9G":"2"}},"PP":{"Q3":{"JM":"2"}},"9M":{"QC":{"39":"2","29":"2","2C":"2","38":"2","4F":"2","48":"2","4C":"2","3C":"2"},"PC":{"X8":"2","X9":"2","X7":"2"},"VC":{"C8":"2","98":"2"},"GJ":{"WP":"2","VP":"2","XP":"2","VQ":"2","WQ":"2","XQ":"2"},"98":{"4W":"2","5W":"2"},"V7":{"G7":"2"}},"4J":{"XP":{"V4":"2"}},"QJ":{"G6":{"XV":"2","WV":"2","WW":"2","XW":"2"},"H6":{"2X":"2","3X":"2"},"G7":{"M7":"2","JH":"2","M6":"2","P5":"2","PJ":"2","HR":"2","Q6":"2","P8":"2","R8":"2","HQ":"2","V8":"2","Q9":"2","85":"2","HH":"2","M8":"2","75":"2","MJ":"2","V9":"2","HF":"2","Q8":"2","GR":"2","P7":"2","P6":"2","J6":"2","Q7":"2","GQ":"2","64":"2","P9":"2","HG":"2"},"G8":{"9G":"2","9F":"2"},"H7":{"32":"2","5F":"2","4F":"2","22":"2","4C":"2","78":"2"}},"JC":{"X6":{"M8":"2"}},"CX":{"8G":{"38":"2","37":"2"}},"CJ":{"QJ":{"35":"2","36":"2","25":"2"}},"PR":{"3F":{"8H":"2"}},"5M":{"28":{"M6":"2","M5":"2","P5":"2","M4":"2"}},"HX":{"87":{"X3":"2"}},"33":{"48":{"8J":"2","7J":"2","9J":"2"}},"QM":{"C4":{"W7":"2","W8":"2","V8":"2"},"33":{"F9":"2","FC":"2"}},"J7":{"VF":{"25":"2"}},"GW":{"34":{"J9":"2","HC":"2"}},"8F":{"P9":{"FQ":"2"}},"57":{"XF":{"XF":"2"}},"M7":{"7W":{"MH":"2","MG":"2"},"7F":{"M6":"2"},"4Q":{"7W":"2","7X":"2"}},"4Q":{"FC":{"2X":"2","3W":"2"}},"9G":{"9H":{"22":"2"}},"QF":{"QG":{"6C":"2"}},"VM":{"M3":{"C4":"2","C3":"2","F4":"2","F3":"2"}},"M4":{"2M":{"97":"2","98":"2"},"FV":{"PW":"2"}},"4P":{"33":{"V4":"2"}},"FX":{"7G":{"F4":"2","F6":"2","F3":"2"},"CF":{"MM":"2","PM":"2"},"8F":{"8Q":"2","8P":"2","5P":"2","7Q":"2","6Q":"2","5Q":"2","9P":"2","9Q":"2"},"3X":{"37":"2"},"6F":{"VW":"2"},"7F":{"GV":"2","FR":"2","CR":"2","GW":"2","FV":"2","FX":"2","FW":"2","CV":"2"}},"FQ":{"G7":{"Q2":"2"}},"9X":{"3W":{"Q6":"2"}},"X4":{"4R":{"7G":"2","5F":"2","4F":"2","7F":"2","5G":"2"}},"9H":{"PQ":{"WV":"2","WW":"2"}},"VH":{"93":{"8F":"2"},"72":{"W7":"2"},"C4":{"F4":"2","C4":"2","G2":"2","CH":"2","F3":"2","F2":"2","C3":"2","H2":"2"},"F2":{"GV":"2","FR":"2","JH":"2","JQ":"2","HV":"2","HR":"2","GQ":"2","HQ":"2","V5":"2","FV":"2","GR":"2","JR":"2"},"C3":{"GW":"2","HW":"2","HX":"2","GX":"2"},"G2":{"3W":"2","2V":"2","5F":"2","54":"2","3V":"2","5G":"2","4F":"2","93":"2","5C":"2","4C":"2","64":"2","2W":"2"}},"JW":{"3R":{"5H":"2","4H":"2","6J":"2","4G":"2","5F":"2","4F":"2","7J":"2","5G":"2"}},"RP":{"88":{"MM":"2"}},"HW":{"8G":{"6H":"2"}},"H7":{"PH":{"2W":"2"},"2G":{"66":"2"},"RH":{"F8":"2","F9":"2","28":"2","49":"2","39":"2"},"87":{"HW":"2","HX":"2"}},"H6":{"X4":{"6X":"2"}},"VJ":{"8F":{"FH":"2"},"8R":{"GJ":"2"}},"J5":{"7M":{"F3":"2"},"MM":{"P4":"2","P2":"2","M2":"2"},"MJ":{"RW":"2","VJ":"2","WJ":"2","VH":"2","MX":"2","QW":"2","WH":"2","XH":"2","PW":"2","PX":"2","XG":"2","WG":"2"},"JP":{"V2":"2"}},"HG":{"MJ":{"7P":"2"}},"QG":{"R3":{"RM":"2","RJ":"2","VM":"2","VJ":"2","WH":"2","VH":"2"}},"M8":{"HC":{"GG":"2"}},"82":{"JQ":{"RJ":"2"},"J3":{"H6":"2","J6":"2","H7":"2","J7":"2"}},"6H":{"3M":{"VC":"2"}},"RH":{"X2":{"3H":"2"},"Q4":{"64":"2"}},"RJ":{"96":{"VC":"2","V9":"2"}},"JX":{"7G":{"4W":"2","4X":"2"},"47":{"3W":"2"}},"69":{"PG":{"8R":"2"},"4M":{"Q7":"2","P7":"2"}},"8J":{"3Q":{"5H":"2","4H":"2","4J":"2","4G":"2","5J":"2"},"9P":{"9G":"2"}},"C2":{"24":{"VM":"2"},"44":{"75":"2"}},"6G":{"QX":{"4P":"2","4M":"2","3M":"2","8P":"2","5R":"2","6Q":"2","4J":"2","7Q":"2","6R":"2","GG":"2","9M":"2","6M":"2","7J":"2","4R":"2","9P":"2","6J":"2","5J":"2","7M":"2","5M":"2","5P":"2","7P":"2","6P":"2","8M":"2","4Q":"2","5Q":"2"},"RX":{"5G":"2"}},"MC":{"M6":{"RX":"2"},"VP":{"PQ":"2"}},"H9":{"QM":{"G9":"2","GC":"2"}},"9P":{"2W":{"8P":"2"},"WQ":{"7G":"2"}},"RR":{"5C":{"28":"2","29":"2"},"R6":{"2H":"2","2G":"2"},"4C":{"X8":"2","VP":"2","X9":"2"}}}}