{"index":{"university,1|retail,2|tourism,3|wreck,4|historical,5|artsCulture,6|namedBuilding,7|water,8|wetland,9|park,10|beach,11|natureReserve,12|cemetery,13|trail,14":{}},"5R":{"24":{"H2":{"C6":"2","96":"2","76":"2","75":"2"}},"66":{"3H":{"RX":"2"}},"87":{"C7":{"XQ":"2","VR":"2","WV":"2","WP":"2","XP":"2","WQ":"2","WR":"2"}},"F5":{"74":{"X8":"2","FQ":"2","8P":"2","9V":"2","9R":"2","7W":"2","FR":"2","6W":"2","X9":"2","7V":"2","8W":"2"},"84":{"28":"2"}},"GC":{"26":{"4V":"2","5R":"2","6Q":"2","CH":"2","FH":"2","9H":"2","5V":"2","4R":"2","4Q":"2","5Q":"2"}},"FC":{"MW":{"3X":"2","4X":"2"},"9M":{"5X":"2","V7":"2","FJ":"2","R8":"2","V8":"2","5W":"2","FM":"2","GM":"2"},"PQ":{"C4":"2","5P":"2","5M":"2","6M":"2","6P":"2"},"X5":{"MW":"2","MR":"2","M8":"2","MV":"2","P8":"2","JR":"2"},"PM":{"8R":"2","CR":"2","9R":"2","CX":"2","7F":"2","6G":"2","5F":"2","8Q":"2","5G":"2","FR":"2","4F":"2","FX":"2","6F":"2","5C":"2","FW":"2","9Q":"2","4C":"2","FV":"2","6H":"2"},"PP":{"9M":"2","C2":"2","J8":"2","C6":"2","J9":"2","9J":"2","8Q":"2","H9":"2","HF":"2","P7":"2","CH":"2","C5":"2","8P":"2","F2":"2","CJ":"2","P6":"2","HC":"2","9H":"2","M6":"2","M8":"2","JC":"2"},"X6":{"MW":"2","QJ":"2","C7":"2","QQ":"2","3H":"2","QV":"2","XP":"2","PV":"2","PX":"2","PW":"2","PJ":"2","F8":"2","RJ":"2","RV":"2","XR":"2","MV":"2","WR":"2","MX":"2","XQ":"2","QP":"2","JV":"2","MR":"2","PR":"2","C8":"2","QM":"2","QW":"2","F7":"2","QR":"2","VV":"2"},"JW":{"XX":"2"},"HH":{"XQ":"2","VR":"2","WJ":"2","VH":"2","XC":"2","XM":"2","WM":"2","WP":"2","XH":"2","XP":"2","WQ":"2","XJ":"2","WR":"2"},"4Q":{"2C":"2","2F":"2"},"2R":{"RM":"2","QM":"2","RJ":"2"},"4X":{"3P":"2","4P":"2","27":"2","28":"2","4Q":"2"},"WC":{"PW":"2","MW":"2","JW":"2","MX":"2","MV":"2","JV":"2","JX":"2","PX":"2"},"7H":{"WW":"2","VW":"2"},"MX":{"23":"2","33":"2","32":"2","44":"2","22":"2","42":"2","34":"2","43":"2"},"PR":{"W7":"2","X8":"2","R7":"2"},"3Q":{"WJ":"2","WH":"2"},"3X":{"W8":"2","X8":"2","V9":"2","X9":"2","W9":"2"},"WF":{"M2":"2","5X":"2","Q2":"2","9J":"2","CH":"2","P2":"2","Q4":"2","CJ":"2","P4":"2","P3":"2","9H":"2","Q3":"2"},"JH":{"2J":"2","2C":"2","2M":"2","5J":"2","2P":"2"},"WG":{"52":"2"},"MM":{"P5":"2","P4":"2"}},"6G":{"P8":{"42":"2"}},"3F":{"GF":{"79":"2"}},"5F":{"VX":{"G6":"2","H6":"2","G5":"2","H5":"2","H7":"2"},"C5":{"8P":"2","8M":"2"},"99":{"PM":"2"}},"G8":{"MR":{"X2":"2","RG":"2","R3":"2","M7":"2","JH":"2","W5":"2","QG":"2","9G":"2","W6":"2","P8":"2","MC":"2","QC":"2","V4":"2","PC":"2","M8":"2","RF":"2","P7":"2","V3":"2","QF":"2","R4":"2","M9":"2","P9":"2"},"QR":{"63":"2","64":"2","54":"2","36":"2","28":"2"},"VV":{"M6":"2","28":"2","J6":"2","29":"2"},"JR":{"FH":"2"},"4J":{"CJ":"2"},"MQ":{"4M":"2","XX":"2","MR":"2","H6":"2","C4":"2","X7":"2","M5":"2","4J":"2","V2":"2","PC":"2","R2":"2","FM":"2","X6":"2","G5":"2","5J":"2","FP":"2","5M":"2"},"MP":{"HR":"2","HG":"2","JG":"2","MF":"2","JQ":"2","WM":"2","PH":"2","MG":"2","V7":"2","XG":"2","HF":"2","JF":"2","WR":"2","PR":"2","WP":"2","PF":"2","QR":"2","MH":"2","M2":"2","JH":"2","PG":"2"},"RV":{"R3":"2","V4":"2","X6":"2","V2":"2","R4":"2"},"QM":{"XG":"2","XF":"2"},"PP":{"JX":"2","QG":"2","HP":"2","HM":"2","6Q":"2","W2":"2","7Q":"2","6R":"2","2G":"2","RM":"2"},"MJ":{"J4":"2","94":"2"},"QQ":{"7M":"2","8P":"2","7P":"2","8M":"2"},"RR":{"QX":"2","RX":"2","VX":"2"},"PM":{"WX":"2"},"PQ":{"95":"2","36":"2","58":"2","5V":"2","G9":"2","28":"2","3J":"2","8X":"2","JM":"2","F8":"2","C4":"2","MJ":"2","HH":"2","GX":"2","27":"2","MR":"2","49":"2","M6":"2","JG":"2","PF":"2","C5":"2","4W":"2","HQ":"2","77":"2","35":"2","GH":"2","66":"2","29":"2","8W":"2","G4":"2","7X":"2","J6":"2","94":"2","F7":"2","5W":"2","G2":"2","G6":"2","FC":"2","G7":"2","MW":"2","25":"2","2C":"2","4V":"2","7W":"2","HX":"2","HR":"2","J7":"2","P9":"2","F6":"2","5F":"2","76":"2","26":"2","HV":"2","GR":"2","G8":"2","39":"2","QR":"2","6W":"2","2F":"2","GC":"2","PG":"2","9X":"2","3Q":"2","GQ":"2","67":"2","HW":"2","37":"2","F5":"2","H6":"2","6H":"2","J8":"2","3C":"2","G5":"2","3F":"2","MM":"2","3M":"2","6G":"2","C6":"2","38":"2","F4":"2"},"JW":{"8H":"2","F4":"2","F3":"2"},"PR":{"J5":"2","M3":"2","RF":"2","V8":"2","M5":"2","C2":"2","R9":"2","P8":"2","W7":"2","Q7":"2","X8":"2","P5":"2","G2":"2","X7":"2","J3":"2","H3":"2","V7":"2","P7":"2","G3":"2","QC":"2","J4":"2","R8":"2","W8":"2","VG":"2","F2":"2","RC":"2","QG":"2","H2":"2","QF":"2","P6":"2","Q9":"2","RG":"2","M6":"2","R7":"2","M4":"2","72":"2","Q8":"2","Q6":"2"},"MM":{"HM":"2","HP":"2","JJ":"2","MX":"2","JM":"2","JV":"2","PX":"2","JP":"2","JR":"2"},"W9":{"WX":"2"},"RM":{"2G":"2","2F":"2","5G":"2"}},"FF":{"3C":{"JC":"2"},"32":{"GX":"2"}},"97":{"26":{"HV":"2","HR":"2","MQ":"2"}},"39":{"2Q":{"HW":"2"},"XF":{"9F":"2","9J":"2"}},"89":{"HM":{"HW":"2","JX":"2"},"GP":{"MC":"2","MF":"2","VF":"2"}},"9G":{"4J":{"RR":"2"},"2M":{"6P":"2"},"V2":{"7P":"2"},"5J":{"5W":"2"}},"7J":{"86":{"J2":"2"},"77":{"FM":"2","CM":"2"},"6C":{"P3":"2","P4":"2","H7":"2"},"58":{"22":"2","C5":"2"},"5F":{"M7":"2","M6":"2","W2":"2","M8":"2","J3":"2","W3":"2","J4":"2","J5":"2","P7":"2","8C":"2","P6":"2","M4":"2"},"39":{"W8":"2","X7":"2"},"38":{"P3":"2","P4":"2"},"69":{"JM":"2"},"48":{"MW":"2","9X":"2","HR":"2","6C":"2","4J":"2","3H":"2","JR":"2","WV":"2","GR":"2","GW":"2","GX":"2","64":"2","HM":"2","QV":"2","5H":"2","JQ":"2","2F":"2","63":"2","HJ":"2","RR":"2","5C":"2","JP":"2","GJ":"2","59":"2","RW":"2","8F":"2","XH":"2","JW":"2","7G":"2","79":"2","PX":"2","57":"2","GP":"2","78":"2","4G":"2","CH":"2","5Q":"2","CR":"2","HP":"2","RV":"2","7H":"2","MV":"2","9R":"2","MX":"2","HV":"2","JV":"2","MR":"2","4H":"2","JX":"2","5F":"2","58":"2","3G":"2","89":"2","6F":"2","HX":"2","QW":"2","QR":"2","5J":"2","6H":"2","7C":"2","FX":"2","69":"2","HW":"2","GM":"2","7F":"2","VV":"2"},"74":{"H6":"2","H7":"2"},"47":{"G6":"2"},"64":{"XM":"2","WM":"2"},"37":{"FM":"2"},"49":{"P3":"2","M3":"2","73":"2","RF":"2","H5":"2","F5":"2","C2":"2","R9":"2","P8":"2","Q7":"2","F9":"2","HM":"2","P5":"2","P4":"2","G2":"2","J3":"2","H3":"2","XJ":"2","8G":"2","83":"2","VC":"2","27":"2","P7":"2","85":"2","F6":"2","G3":"2","J2":"2","C3":"2","HP":"2","55":"2","FG":"2","W8":"2","5R":"2","P2":"2","F2":"2","RC":"2","WH":"2","C4":"2","H2":"2","Q9":"2","VF":"2","G5":"2","R7":"2","F3":"2","F7":"2","M4":"2","M2":"2","9F":"2","WJ":"2","GC":"2","JM":"2","Q8":"2","Q6":"2"},"59":{"3X":"2"}},"5J":{"9X":{"G7":"2","M7":"2","97":"2","MF":"2","G6":"2","F5":"2","J8":"2","M9":"2","52":"2","C6":"2","G4":"2","94":"2","96":"2","93":"2","H8":"2","G2":"2","95":"2","H3":"2","PJ":"2","86":"2","F8":"2","F6":"2","G3":"2","F4":"2","J2":"2","MJ":"2","QC":"2","C3":"2","JF":"2","VQ":"2","C5":"2","F2":"2","C4":"2","H6":"2","H2":"2","92":"2","QF":"2","P6":"2","PF":"2","H7":"2","G5":"2","F7":"2","F3":"2","J7":"2","PC":"2","M8":"2","MM":"2","82":"2"},"QJ":{"XX":"2"},"RM":{"22":"2","66":"2","28":"2","FJ":"2","58":"2","54":"2","29":"2","57":"2","55":"2","65":"2","56":"2","GJ":"2","64":"2"},"8X":{"75":"2","M7":"2","MF":"2","Q7":"2","2F":"2","63":"2","74":"2","MG":"2","2C":"2","65":"2","P7":"2","2J":"2","85":"2","87":"2","R8":"2","99":"2","89":"2","Q9":"2","R7":"2","9C":"2","8C":"2","Q8":"2"},"WQ":{"GM":"2","GJ":"2"},"4W":{"2V":"2","2R":"2"},"C7":{"Q6":"2","XF":"2","GF":"2","VW":"2","PW":"2","GP":"2","QQ":"2","RV":"2","XM":"2","FQ":"2","HQ":"2","PG":"2","XP":"2","RC":"2","GW":"2","CM":"2","V9":"2","WW":"2","JV":"2","XV":"2","9J":"2","HP":"2","WV":"2","9P":"2","9H":"2","FP":"2","R9":"2","XJ":"2","CX":"2","R8":"2","VM":"2","MM":"2","R7":"2","PX":"2","MQ":"2","P9":"2","GX":"2","9F":"2","RQ":"2","MC":"2","VP":"2","7P":"2","M7":"2","WQ":"2","WG":"2","MG":"2","GR":"2","M8":"2","PC":"2","VR":"2","PM":"2","9G":"2","P7":"2","RH":"2","QC":"2","M6":"2","JG":"2","H7":"2","RX":"2","8Q":"2","CR":"2","G9":"2","JX":"2","CC":"2","WF":"2","GC":"2","RW":"2","HH":"2","WH":"2","QR":"2","FM":"2","PF":"2","MV":"2","9V":"2","7H":"2","HC":"2","FR":"2","QV":"2","XR":"2","W9":"2","QP":"2","HV":"2","PP":"2","FW":"2","QH":"2","JF":"2","FH":"2","GQ":"2","9R":"2","RR":"2","MW":"2","XC":"2","J8":"2","JM":"2","7J":"2","WR":"2","WX":"2","P6":"2","GH":"2","PR":"2","CH":"2","W8":"2","CG":"2","JP":"2","VC":"2","JQ":"2","GV":"2","Q7":"2","HR":"2","QW":"2","VV":"2","G8":"2","FF":"2","8J":"2","RJ":"2","FC":"2","RP":"2","8G":"2","WM":"2","GJ":"2","RM":"2","CJ":"2","JR":"2","VG":"2","8P":"2","PQ":"2","PV":"2","CF":"2","8R":"2","Q9":"2","WJ":"2","XQ":"2","FX":"2","JW":"2","VH":"2","QJ":"2","R6":"2","J7":"2","MX":"2","9M":"2","FG":"2","9Q":"2","P5":"2","WC":"2","H9":"2","8H":"2","Q8":"2","HX":"2","MR":"2","CV":"2","HG":"2","MP":"2","PJ":"2","XG":"2","HJ":"2","RF":"2","QM":"2","XX":"2","VX":"2","WP":"2","MH":"2","JH":"2","H8":"2","QX":"2","HW":"2","V8":"2","MF":"2","J9":"2","6J":"2","CQ":"2","P8":"2","PH":"2","HF":"2","CP":"2","QG":"2","FJ":"2","7M":"2","HM":"2","VQ":"2","XH":"2","XW":"2","F9":"2","VF":"2","MJ":"2","GM":"2","M9":"2","FV":"2","RG":"2","JC":"2","CW":"2","VJ":"2","QF":"2","8M":"2","JJ":"2","GG":"2"},"3H":{"57":"2","38":"2","47":"2","37":"2","58":"2","48":"2"},"GW":{"HX":"2","GX":"2"},"GX":{"F2":"2","C2":"2","C3":"2","F3":"2","G2":"2"},"F9":{"32":"2","42":"2"},"7Q":{"G6":"2","C6":"2","F7":"2","G7":"2","F8":"2","C7":"2","G5":"2","G8":"2","F5":"2","F6":"2"},"9W":{"9X":"2","HR":"2","5X":"2","HQ":"2","GR":"2","9Q":"2"},"W6":{"8Q":"2","7R":"2","7P":"2","7Q":"2"},"7R":{"M9":"2"},"5V":{"3M":"2"},"7W":{"53":"2"},"5X":{"R8":"2","V8":"2","67":"2","75":"2","RF":"2","Q8":"2","VF":"2","VC":"2","R7":"2","RC":"2","Q7":"2"},"JW":{"2F":"2"},"W9":{"WR":"2"},"6R":{"QX":"2","RX":"2","VX":"2","VV":"2","VR":"2","9M":"2"},"PX":{"7V":"2","7W":"2"},"57":{"4G":"2"},"V7":{"MQ":"2","MP":"2","QM":"2","PP":"2","MJ":"2","PM":"2","PQ":"2","MM":"2"},"2Q":{"VH":"2","7W":"2","6X":"2","6W":"2","WH":"2","VG":"2","XH":"2","XG":"2","WG":"2","7X":"2"},"R3":{"89":"2"},"8W":{"5X":"2","4X":"2"},"29":{"G5":"2"},"4X":{"R3":"2","R6":"2","V5":"2","76":"2","W4":"2","V6":"2","Q6":"2","R5":"2","Q4":"2","V4":"2","R2":"2","24":"2","P7":"2","P6":"2","V3":"2","R4":"2","Q5":"2","25":"2"},"F8":{"6C":"2","38":"2","4W":"2","4J":"2","28":"2","4P":"2","3H":"2","54":"2","39":"2","2G":"2","64":"2","52":"2","5H":"2","3F":"2","26":"2","25":"2","2F":"2","63":"2","2H":"2","3M":"2","5C":"2","2W":"2","22":"2","59":"2","5G":"2","35":"2","23":"2","45":"2","3C":"2","2C":"2","2P":"2","32":"2","37":"2","57":"2","2M":"2","53":"2","43":"2","65":"2","2Q":"2","27":"2","4Q":"2","29":"2","4X":"2","2R":"2","2J":"2","46":"2","4V":"2","44":"2","4G":"2","5Q":"2","42":"2","3R":"2","5M":"2","55":"2","4F":"2","24":"2","36":"2","3W":"2","3V":"2","68":"2","3J":"2","5P":"2","4C":"2","47":"2","4H":"2","33":"2","5F":"2","58":"2","4M":"2","3G":"2","3Q":"2","67":"2","3P":"2","48":"2","34":"2","3X":"2","5J":"2","2V":"2","49":"2","69":"2","56":"2","66":"2","2X":"2","4R":"2"},"44":{"72":"2","82":"2","74":"2","73":"2"},"7P":{"C9":"2"},"RJ":{"2X":"2"},"6X":{"M6":"2","P6":"2","P7":"2"},"8V":{"7R":"2","6R":"2","7V":"2","7Q":"2","9G":"2","5V":"2","HF":"2","6V":"2"},"WH":{"8J":"2"},"MP":{"6X":"2"},"JV":{"M4":"2","P3":"2","M3":"2","P4":"2"},"6V":{"R3":"2","9J":"2","PF":"2","V2":"2","Q4":"2","R2":"2","PP":"2","H5":"2","FP":"2","V3":"2","R4":"2","Q3":"2"},"3Q":{"P5":"2","Q4":"2","C5":"2"},"C8":{"MQ":"2","V8":"2","Q5":"2","HW":"2","R2":"2","W9":"2","CP":"2","RX":"2","XQ":"2","F5":"2","WW":"2","HJ":"2","VR":"2","QC":"2","GC":"2","FC":"2","G8":"2","HQ":"2","WM":"2","RG":"2","FF":"2","JM":"2","M2":"2","XF":"2","PC":"2","CJ":"2","VC":"2","PV":"2","V2":"2","JP":"2","VJ":"2","PH":"2","FH":"2","W7":"2","XR":"2","FJ":"2","WG":"2","W4":"2","RQ":"2","VF":"2","GR":"2","H9":"2","JV":"2","HG":"2","QW":"2","P8":"2","X2":"2","Q9":"2","XJ":"2","PF":"2","PP":"2","VM":"2","JH":"2","QH":"2","WQ":"2","GF":"2","FP":"2","RF":"2","Q4":"2","XG":"2","QP":"2","GJ":"2","H5":"2","V9":"2","WX":"2","RR":"2","J7":"2","CQ":"2","FV":"2","VX":"2","R6":"2","X5":"2","P7":"2","FW":"2","X3":"2","RV":"2","M8":"2","XX":"2","F9":"2","RH":"2","RP":"2","Q3":"2","R4":"2","MH":"2","R3":"2","XV":"2","GH":"2","XC":"2","GV":"2","WH":"2","FQ":"2","HV":"2","VW":"2","HP":"2","JC":"2","RW":"2","G9":"2","VG":"2","MV":"2","HH":"2","Q8":"2","J8":"2","PR":"2","GW":"2","CM":"2","VH":"2","GM":"2","MW":"2","QV":"2","WC":"2","GG":"2","W3":"2","XM":"2","V4":"2","JW":"2","JR":"2","XH":"2","FR":"2","G6":"2","G5":"2","HM":"2","G7":"2","MJ":"2","V7":"2","PJ":"2","MF":"2","PW":"2","X8":"2","MG":"2","W6":"2","WF":"2","P6":"2","WV":"2","R9":"2","P5":"2","VP":"2","JF":"2","HF":"2","X6":"2","P2":"2","RJ":"2","QX":"2","WP":"2","J9":"2","R8":"2","WR":"2","V5":"2","QJ":"2","R7":"2","JJ":"2","JG":"2","RM":"2","W2":"2","Q6":"2","H8":"2","P9":"2","QF":"2","M6":"2","MP":"2","GP":"2","PQ":"2","J6":"2","WJ":"2","HR":"2","FG":"2","HC":"2","CV":"2","M7":"2","H7":"2","V6":"2","CH":"2","VQ":"2","X7":"2","QM":"2","H4":"2","X9":"2","MM":"2","Q2":"2","X4":"2","VV":"2","F7":"2","W8":"2","FM":"2","MC":"2","F6":"2","QR":"2","RC":"2","R5":"2","PG":"2","M9":"2","PM":"2","XP":"2","QG":"2","H6":"2","QQ":"2","MR":"2","CR":"2","XW":"2","GQ":"2","W5":"2","JQ":"2","V3":"2","Q7":"2"},"QM":{"X2":"2","X8":"2","HR":"2","RJ":"2","HP":"2","HQ":"2","6X":"2","QM":"2","X9":"2","GR":"2","JP":"2","FC":"2","RM":"2"},"3X":{"R5":"2","X4":"2","MW":"2","HV":"2","HR":"2","JW":"2","JV":"2","JR":"2"},"F7":{"7Q":"2","2G":"2","2P":"2","5V":"2","6X":"2","5R":"2","PM":"2","3J":"2","3G":"2","MH":"2","8H":"2","GP":"2","2R":"2","2W":"2","6Q":"2","7G":"2","JM":"2","2Q":"2","8M":"2","6R":"2","CP":"2","7H":"2","3R":"2","4C":"2","MJ":"2","HH":"2","5X":"2","5G":"2","7M":"2","4R":"2","3P":"2","CQ":"2","4M":"2","9V":"2","CM":"2","6M":"2","3V":"2","5J":"2","2H":"2","5P":"2","4W":"2","HQ":"2","CH":"2","FR":"2","CV":"2","GH":"2","FV":"2","8W":"2","2X":"2","7P":"2","JH":"2","6J":"2","7R":"2","PJ":"2","6P":"2","5W":"2","JP":"2","9M":"2","GJ":"2","4J":"2","CJ":"2","4V":"2","7W":"2","5M":"2","4G":"2","8Q":"2","8V":"2","8R":"2","7J":"2","FJ":"2","FH":"2","4F":"2","9Q":"2","4H":"2","7V":"2","4Q":"2","9G":"2","HM":"2","GR":"2","2J":"2","JJ":"2","3X":"2","4P":"2","6W":"2","2V":"2","3H":"2","8P":"2","9R":"2","CR":"2","FQ":"2","5Q":"2","6V":"2","GM":"2","5H":"2","9H":"2","3Q":"2","GQ":"2","FM":"2","4X":"2","6H":"2","2M":"2","HJ":"2","8J":"2","3C":"2","8G":"2","3F":"2","MM":"2","3M":"2","6G":"2","9W":"2","HP":"2","9J":"2","3W":"2","FP":"2","9P":"2"},"M8":{"4G":"2","6G":"2","7G":"2","4H":"2","5H":"2","5G":"2","7H":"2","6J":"2","5J":"2","6H":"2"},"9V":{"F8":"2","QX":"2","RX":"2","G8":"2"},"CX":{"P3":"2","V8":"2","39":"2","P5":"2","W6":"2","P4":"2","3C":"2","2C":"2","Q5":"2","VC":"2","29":"2","Q3":"2","R6":"2","WC":"2","R4":"2","W5":"2","Q4":"2","V6":"2","69":"2"},"HW":{"M6":"2","M5":"2","P3":"2","P4":"2","89":"2","J6":"2","J5":"2","M7":"2"},"JM":{"7H":"2","6G":"2"},"GM":{"RG":"2","QG":"2","RF":"2","RJ":"2"},"MM":{"4F":"2"},"CP":{"5H":"2","4H":"2","3G":"2","4G":"2","3H":"2","5G":"2"},"2X":{"R5":"2","V4":"2","V5":"2","R4":"2"},"7X":{"P6":"2","G5":"2","V9":"2","XJ":"2","R9":"2","F5":"2","F4":"2","W2":"2"},"82":{"H2":"2"}},"6J":{"QJ":{"X5":"2","X6":"2"},"PQ":{"45":"2"},"FM":{"3M":"2","5X":"2","9V":"2","4X":"2","7W":"2","CX":"2","6X":"2","6R":"2","5W":"2","9X":"2","7R":"2","5V":"2","6W":"2","FX":"2","GX":"2","HX":"2","3X":"2","6V":"2","2H":"2","CW":"2","7V":"2","6P":"2","CV":"2","7X":"2"},"PP":{"9X":"2","9W":"2","8W":"2","8X":"2"},"Q7":{"6Q":"2","7F":"2","8H":"2","9C":"2","8J":"2","7G":"2","7J":"2","7H":"2","8C":"2","5Q":"2"},"CM":{"M7":"2","M6":"2","F4":"2","P8":"2","J8":"2","F3":"2","J9":"2","V9":"2","Q8":"2","VC":"2","P7":"2","J7":"2","WG":"2","M9":"2","P9":"2"},"2H":{"47":"2","48":"2"},"VH":{"W5":"2","W6":"2"},"PV":{"8C":"2","8J":"2","6W":"2","4R":"2","79":"2","5V":"2","5Q":"2","5R":"2","88":"2","84":"2","4V":"2"},"PW":{"34":"2"},"FP":{"73":"2","62":"2","54":"2","64":"2","W7":"2","52":"2","63":"2","W6":"2","X6":"2","X7":"2","53":"2","J2":"2","42":"2","H2":"2","58":"2","92":"2","72":"2","R5":"2","82":"2"},"2R":{"2J":"2","3J":"2","2M":"2","3M":"2"},"RJ":{"56":"2","46":"2","87":"2"},"R6":{"Q7":"2","P7":"2","5X":"2","Q6":"2","6X":"2","P8":"2"},"7H":{"HM":"2","FM":"2","9M":"2"},"MV":{"JQ":"2","WF":"2"},"3J":{"8P":"2","C3":"2"},"F2":{"PW":"2","PV":"2","VW":"2","QV":"2","QW":"2","RW":"2","RV":"2"},"WH":{"42":"2","53":"2","43":"2"},"MR":{"XG":"2","X9":"2"},"PR":{"77":"2","4P":"2","7M":"2","7J":"2","8H":"2","7Q":"2","25":"2","7R":"2","7W":"2","8Q":"2","7G":"2","2P":"2","W9":"2","6R":"2","79":"2","8G":"2","57":"2","8R":"2","78":"2","2Q":"2","8W":"2","4Q":"2","6P":"2","7P":"2","5Q":"2","JF":"2","5M":"2","CQ":"2","7H":"2","8V":"2","9R":"2","68":"2","5P":"2","6Q":"2","9Q":"2","3Q":"2","67":"2","3P":"2","6J":"2","6M":"2","9V":"2","7C":"2","6H":"2","56":"2","66":"2","7F":"2"},"3X":{"PW":"2","MW":"2","MX":"2","PX":"2"},"QR":{"37":"2"},"5J":{"Q9":"2"},"MH":{"2W":"2","2V":"2","2X":"2","3W":"2","J6":"2"},"V6":{"GP":"2"},"JH":{"WW":"2","RX":"2","VX":"2","VW":"2","RW":"2"},"HW":{"G8":"2"},"WG":{"2X":"2"},"2X":{"FQ":"2","HP":"2","6W":"2","HF":"2","7W":"2","JP":"2"},"Q8":{"93":"2","82":"2"},"Q6":{"JQ":"2","PM":"2"}},"7M":{"28":{"Q7":"2","Q8":"2","R7":"2"}},"88":{"C4":{"3J":"2"},"8J":{"XR":"2"},"94":{"VF":"2"},"9J":{"2V":"2","2R":"2","2M":"2"}},"42":{"7P":{"3Q":"2","3P":"2","4Q":"2"}},"46":{"2J":{"HP":"2","MG":"2","MM":"2","GQ":"2","JM":"2","HQ":"2","JP":"2"}},"W4":{"6H":{"XJ":"2"}},"29":{"HX":{"FJ":"2","9J":"2"},"9M":{"7H":"2"}},"59":{"H4":{"QG":"2","P7":"2","M7":"2"},"GX":{"7G":"2","7H":"2","6H":"2","7J":"2","6F":"2","7F":"2","6G":"2"}},"6M":{"33":{"QV":"2","VQ":"2","XV":"2","VR":"2","VM":"2","VJ":"2","WJ":"2","XR":"2","RP":"2","WH":"2","RR":"2","WQ":"2","WR":"2"},"32":{"W7":"2","Q3":"2","J2":"2","M3":"2","V5":"2","M2":"2","W6":"2","R4":"2"},"Q7":{"J4":"2"},"J2":{"4J":"2"},"F4":{"RG":"2","QF":"2"}},"5C":{"CR":{"GF":"2","F4":"2","GG":"2"},"FQ":{"4H":"2"},"F5":{"2Q":"2","2P":"2"},"CQ":{"GV":"2","GQ":"2","HQ":"2","GR":"2"}},"47":{"QX":{"3J":"2"}},"XG":{"PR":{"X7":"2"},"MC":{"RX":"2","VX":"2","VW":"2"},"MF":{"R2":"2","R3":"2","V3":"2","Q4":"2","R4":"2","Q2":"2"}},"H5":{"PG":{"6W":"2","2X":"2","5X":"2","6X":"2"}},"4J":{"MW":{"VP":"2","XQ":"2"},"9X":{"G8":"2","PQ":"2","QQ":"2","G9":"2","XC":"2","PP":"2","F9":"2","X2":"2","H8":"2","XF":"2","H9":"2","2P":"2","Q5":"2","2M":"2","X3":"2","F8":"2","7P":"2","F4":"2","QC":"2","QP":"2","C9":"2","QF":"2","WP":"2","C8":"2","9P":"2","FC":"2","GC":"2"},"9M":{"W7":"2","V7":"2","V8":"2"},"P3":{"R3":"2","C2":"2","F3":"2","Q4":"2","P4":"2","C3":"2","93":"2","G4":"2","R4":"2","Q3":"2"},"FR":{"3C":"2","GR":"2","3F":"2"},"8X":{"XM":"2","XP":"2"},"VW":{"XX":"2","XW":"2","X8":"2","8R":"2","7Q":"2","RX":"2","7R":"2","WW":"2","V9":"2","8Q":"2","WX":"2","VX":"2","5J":"2","7P":"2","PX":"2","QX":"2","VW":"2"},"JG":{"52":"2","53":"2"},"C7":{"RG":"2","QG":"2","RJ":"2","VJ":"2","PF":"2","VH":"2","VG":"2","QH":"2","QF":"2","RH":"2"},"WW":{"JX":"2","8R":"2","HM":"2","3W":"2","4X":"2","8X":"2","MX":"2","CX":"2","HW":"2","FH":"2","9X":"2","2X":"2","FX":"2","3X":"2","7H":"2","6H":"2","7X":"2","2W":"2"},"GH":{"QJ":"2","PH":"2","QM":"2","PJ":"2","RH":"2","PM":"2","QH":"2"},"C2":{"WG":"2","XJ":"2","WF":"2","WC":"2"},"VX":{"6C":"2","PM":"2","P7":"2","V2":"2","MJ":"2","HH":"2","M3":"2","5C":"2","J4":"2","6M":"2","PH":"2","GH":"2","FG":"2","H4":"2","Q3":"2","X2":"2","6J":"2","PJ":"2","QJ":"2","59":"2","5M":"2","QM":"2","P2":"2","FH":"2","M7":"2","J2":"2","M4":"2","W2":"2","J3":"2","M2":"2","HW":"2","HG":"2","GG":"2","Q2":"2","P3":"2","6H":"2","69":"2","MM":"2","H5":"2","R2":"2"},"GW":{"GV":"2","35":"2","PW":"2","HV":"2","HR":"2","47":"2","4W":"2","MV":"2","45":"2","36":"2","46":"2","PX":"2"},"2G":{"6R":"2","5P":"2","9X":"2","8V":"2","4P":"2","5Q":"2","6V":"2","9W":"2","CX":"2","8W":"2","4Q":"2"},"VR":{"58":"2"},"GX":{"MW":"2","9M":"2","FR":"2","HR":"2","4J":"2","HQ":"2","RF":"2","28":"2","4P":"2","7M":"2","GW":"2","VX":"2","2G":"2","GX":"2","RX":"2","7V":"2","X8":"2","5H":"2","JQ":"2","3F":"2","CM":"2","X2":"2","9W":"2","2F":"2","VM":"2","RR":"2","5C":"2","7R":"2","PH":"2","2W":"2","JP":"2","5V":"2","8J":"2","RW":"2","2C":"2","9J":"2","FV":"2","WX":"2","6R":"2","PX":"2","PW":"2","8R":"2","8W":"2","29":"2","2R":"2","4X":"2","2J":"2","4V":"2","4G":"2","5Q":"2","CR":"2","JF":"2","3R":"2","5M":"2","RH":"2","RV":"2","CQ":"2","XR":"2","6X":"2","8V":"2","P2":"2","9R":"2","3J":"2","5P":"2","MX":"2","RQ":"2","9Q":"2","MP":"2","8M":"2","4H":"2","33":"2","3G":"2","4M":"2","3Q":"2","HX":"2","RG":"2","GV":"2","9V":"2","5J":"2","FX":"2","HW":"2","RP":"2","XW":"2","CP":"2","MM":"2","2X":"2","7X":"2"},"RX":{"JG":"2","J8":"2","P5":"2","HJ":"2","3M":"2","Q5":"2","2M":"2","VC":"2","JJ":"2","HH":"2","WC":"2","VG":"2","WH":"2","QH":"2","P6":"2","3P":"2","VF":"2","RG":"2","M6":"2","WF":"2","J7":"2","JH":"2","WG":"2"},"F9":{"4H":"2","4G":"2"},"XV":{"67":"2","66":"2","65":"2"},"CM":{"38":"2"},"9W":{"8Q":"2","QC":"2","R2":"2","RM":"2","V4":"2","Q3":"2","RF":"2","Q8":"2","V3":"2","RC":"2","88":"2","QF":"2","78":"2","Q2":"2"},"FW":{"9X":"2","HR":"2","8X":"2","38":"2","VW":"2","WQ":"2","MF":"2","QQ":"2","7M":"2","JR":"2","VX":"2","39":"2","VR":"2","RX":"2","9W":"2","VP":"2","RR":"2","C6":"2","7R":"2","7W":"2","96":"2","RW":"2","95":"2","2P":"2","MC":"2","8R":"2","2Q":"2","8W":"2","HF":"2","2R":"2","7P":"2","JF":"2","3R":"2","VQ":"2","C5":"2","9R":"2","8P":"2","RQ":"2","QP":"2","8M":"2","3Q":"2","48":"2","HC":"2","9V":"2","49":"2","RP":"2","JC":"2","7X":"2"},"RR":{"3G":"2","3F":"2"},"C6":{"C2":"2","F3":"2"},"2W":{"HG":"2","JG":"2","GF":"2","RF":"2","MF":"2","G9":"2","XC":"2","MG":"2","XF":"2","H9":"2","MC":"2","VC":"2","XG":"2","HF":"2","QC":"2","JF":"2","WC":"2","GG":"2","VG":"2","RC":"2","QG":"2","QF":"2","VF":"2","PF":"2","RG":"2","HC":"2","WF":"2","PC":"2","GC":"2","WG":"2","PG":"2","JC":"2"},"GJ":{"XX":"2"},"QX":{"PV":"2","5V":"2","RX":"2","2R":"2","2W":"2","VP":"2","GX":"2","CQ":"2","MV":"2","4M":"2","PX":"2","X5":"2","QW":"2","RW":"2","JV":"2","2X":"2","PW":"2","W6":"2","MX":"2","QJ":"2","MW":"2","4V":"2","QV":"2","8V":"2","HX":"2","8R":"2","7V":"2","VM":"2","W5":"2","2V":"2","QX":"2","CR":"2","QP":"2","QH":"2","JW":"2","RP":"2","RV":"2","Q8":"2","RH":"2","JX":"2","RJ":"2","RQ":"2","VQ":"2"},"96":{"87":"2"},"RW":{"7M":"2","7P":"2","HP":"2","QP":"2","GP":"2","RQ":"2","GQ":"2","HQ":"2"},"5X":{"PH":"2","R2":"2","PG":"2","QG":"2","M8":"2","V2":"2","J7":"2","QH":"2","M7":"2"},"VH":{"G2":"2"},"95":{"9Q":"2"},"FV":{"57":"2"},"8Q":{"W7":"2","W8":"2","X8":"2","RH":"2","JM":"2","W2":"2","X7":"2","VH":"2"},"WX":{"75":"2","C7":"2","73":"2","C2":"2","84":"2","52":"2","7J":"2","8H":"2","7Q":"2","22":"2","74":"2","8J":"2","94":"2","23":"2","9J":"2","32":"2","Q5":"2","8G":"2","43":"2","83":"2","78":"2","85":"2","7P":"2","J2":"2","42":"2","C3":"2","R6":"2","9G":"2","7H":"2","F2":"2","33":"2","92":"2","9H":"2","Q4":"2","M2":"2","72":"2","R5":"2","82":"2"},"JW":{"8V":"2","2Q":"2","3X":"2","92":"2","4V":"2"},"J3":{"V9":"2"},"W9":{"7G":"2","6H":"2","6F":"2","7F":"2","6G":"2"},"PX":{"9M":"2","HG":"2","JG":"2","M3":"2","4P":"2","7M":"2","WV":"2","6G":"2","2G":"2","VJ":"2","52":"2","XV":"2","WM":"2","3F":"2","7Q":"2","VM":"2","HJ":"2","8J":"2","QX":"2","RW":"2","9J":"2","8Q":"2","43":"2","53":"2","JJ":"2","HH":"2","6P":"2","XX":"2","7P":"2","42":"2","5M":"2","XR":"2","5P":"2","6Q":"2","8M":"2","3G":"2","4M":"2","CJ":"2","QW":"2","6M":"2","R7":"2","M2":"2","JH":"2","WJ":"2","XW":"2"},"2M":{"4P":"2","4M":"2","3M":"2","2J":"2","2Q":"2","5R":"2","4J":"2","5V":"2","3J":"2","4R":"2","2R":"2","4Q":"2","2M":"2","5Q":"2"},"8R":{"9R":"2","82":"2","QX":"2","VX":"2","JV":"2","92":"2","PX":"2","JR":"2"},"8W":{"F4":"2","C4":"2","W8":"2","J8":"2","XC":"2","C2":"2","V8":"2","F3":"2","F2":"2","92":"2","J9":"2","75":"2","C3":"2","V9":"2","H8":"2","X9":"2","82":"2","74":"2","VC":"2","84":"2","J7":"2","JC":"2","WC":"2","M9":"2","W9":"2"},"Q3":{"33":"2"},"F8":{"4W":"2","4V":"2"},"2J":{"MH":"2","M7":"2"},"6P":{"8J":"2","8H":"2"},"XX":{"CH":"2","9H":"2","5C":"2","4G":"2","5F":"2","4F":"2","4C":"2","5G":"2"},"F4":{"28":"2"},"CV":{"JH":"2","JG":"2","HH":"2","PP":"2","QQ":"2","2R":"2","PQ":"2","3Q":"2","QP":"2","HG":"2"},"QC":{"6C":"2","79":"2","7C":"2","69":"2"},"CH":{"MW":"2","PJ":"2","MV":"2","PM":"2"},"42":{"MW":"2","MX":"2"},"CR":{"2J":"2","6C":"2","G2":"2","5F":"2","3J":"2","6F":"2","5C":"2","6J":"2","H2":"2","6H":"2","2W":"2"},"5M":{"Q7":"2","Q8":"2","R6":"2","Q6":"2"},"CQ":{"HM":"2","63":"2","64":"2","62":"2","FM":"2","FP":"2","6C":"2","HW":"2","HR":"2","JW":"2","GQ":"2","65":"2","HX":"2","45":"2","36":"2","27":"2","HQ":"2","46":"2","JX":"2","GR":"2","84":"2"},"GG":{"7W":"2"},"4F":{"PG":"2","QG":"2"},"6X":{"VX":"2"},"VG":{"HX":"2","JX":"2"},"8V":{"PR":"2","9X":"2","QR":"2","HV":"2","MR":"2","CX":"2","V2":"2","P2":"2","JV":"2","WQ":"2","CW":"2","QQ":"2","XQ":"2","FX":"2","8X":"2"},"3W":{"2G":"2","2F":"2"},"P2":{"RV":"2"},"9R":{"R3":"2","5X":"2","H6":"2","R6":"2","Q2":"2","F4":"2","H7":"2","XF":"2","R5":"2","P2":"2","Q4":"2","5W":"2","WF":"2","R7":"2","G4":"2","R4":"2","XG":"2","Q5":"2","Q3":"2"},"3V":{"2J":"2","2M":"2"},"3J":{"6C":"2","6F":"2"},"8P":{"QV":"2","QR":"2","RW":"2","R5":"2","RV":"2","RQ":"2","QQ":"2","RR":"2","QH":"2","VX":"2","WX":"2","PQ":"2","PH":"2","PR":"2","VW":"2"},"MX":{"M7":"2","VQ":"2","VR":"2","XQ":"2","77":"2","QR":"2","66":"2","RW":"2","XF":"2","HJ":"2","RJ":"2","76":"2","CQ":"2","VV":"2","HM":"2","FJ":"2","J8":"2","JM":"2","HQ":"2","RP":"2","MQ":"2","CH":"2","3G":"2","RV":"2","RQ":"2","FH":"2","CJ":"2","FG":"2","67":"2","39":"2","29":"2","M8":"2","75":"2","MJ":"2","QQ":"2","2G":"2","FM":"2","38":"2","JJ":"2","CP":"2","48":"2","RR":"2","JP":"2","2H":"2","65":"2","PM":"2","3C":"2","PQ":"2","GJ":"2","84":"2","J7":"2","PR":"2","Q7":"2","GM":"2","3H":"2","QP":"2","MM":"2","M9":"2","49":"2","37":"2","VW":"2","RM":"2","WR":"2","P9":"2"},"5W":{"RX":"2"},"9Q":{"PV":"2","PM":"2","VR":"2","9F":"2","R6":"2","P7":"2","7G":"2","V7":"2","PC":"2","HH":"2","M3":"2","V4":"2","W7":"2","MR":"2","M5":"2","M6":"2","7F":"2","9C":"2","PX":"2","6F":"2","6M":"2","QW":"2","PH":"2","Q6":"2","CH":"2","HQ":"2","R4":"2","WW":"2","VF":"2","PW":"2","J6":"2","84":"2","W6":"2","PJ":"2","G2":"2","G6":"2","PP":"2","P6":"2","R7":"2","8C":"2","RF":"2","Q4":"2","PR":"2","J7":"2","P2":"2","FH":"2","8F":"2","M7":"2","5F":"2","PQ":"2","J2":"2","MQ":"2","QR":"2","W5":"2","V5":"2","M4":"2","2F":"2","QX":"2","Q5":"2","R5":"2","PG":"2","QQ":"2","M2":"2","JQ":"2","F5":"2","CG":"2","VJ":"2","M8":"2","P3":"2","74":"2","HJ":"2","P5":"2","RQ":"2","P4":"2","G5":"2","8G":"2","H2":"2","CF":"2","MC":"2","V6":"2","RR":"2"},"CC":{"QC":"2","PC":"2","PF":"2","QF":"2"},"99":{"9V":"2","9W":"2","CW":"2","CV":"2"},"MR":{"P7":"2"},"JV":{"JQ":"2","FQ":"2","HP":"2","HQ":"2","9X":"2","H8":"2","G8":"2","JP":"2","GM":"2","GP":"2","H9":"2"},"8M":{"VV":"2","VR":"2"},"JX":{"RG":"2","35":"2","CQ":"2","4V":"2","CR":"2","3W":"2","4X":"2","9R":"2","QC":"2","5F":"2","Q9":"2","8J":"2","4W":"2","5G":"2","24":"2","7J":"2","R9":"2","9Q":"2","74":"2","4C":"2","3C":"2","26":"2","PR":"2","RC":"2","8M":"2","36":"2","25":"2","6H":"2"},"C9":{"64":"2","54":"2","65":"2"},"PR":{"XV":"2"},"CJ":{"JF":"2","JC":"2"},"C8":{"VP":"2"},"HX":{"36":"2","2G":"2","GV":"2","32":"2","X9":"2","VR":"2","MH":"2","RX":"2","MG":"2","3R":"2","MJ":"2","W7":"2","GX":"2","4R":"2","3P":"2","PF":"2","CQ":"2","MF":"2","X5":"2","3V":"2","PH":"2","2H":"2","HQ":"2","35":"2","29":"2","JV":"2","2X":"2","JR":"2","W6":"2","PJ":"2","QJ":"2","25":"2","4V":"2","QV":"2","8Q":"2","HX":"2","33":"2","HR":"2","P2":"2","XC":"2","GW":"2","26":"2","J2":"2","Q7":"2","HV":"2","GR":"2","QF":"2","QR":"2","VV":"2","3X":"2","2V":"2","2F":"2","FX":"2","8P":"2","R5":"2","CR":"2","PG":"2","X4":"2","QH":"2","QC":"2","3Q":"2","JW":"2","VH":"2","GQ":"2","M2":"2","HW":"2","VX":"2","QG":"2","RV":"2","RH":"2","JX":"2","RJ":"2","VQ":"2","3W":"2","RR":"2"},"9H":{"6R":"2","5V":"2","5R":"2","6V":"2","4V":"2"},"6J":{"6X":"2"},"3X":{"6J":"2"},"QR":{"9H":"2"},"CW":{"4P":"2","4M":"2","7C":"2","XQ":"2","R6":"2","QR":"2","PJ":"2","RW":"2","RJ":"2","4X":"2","XR":"2","MX":"2","QC":"2","6G":"2","MQ":"2","QJ":"2","RV":"2","QM":"2","RX":"2","2X":"2","4F":"2","3X":"2","WF":"2","RR":"2","VF":"2","VC":"2","XP":"2","WC":"2","QP":"2","QX":"2","RM":"2"},"9V":{"X9":"2","VW":"2","V8":"2","JR":"2","XC":"2","39":"2","RX":"2","JQ":"2","3F":"2","CM":"2","G4":"2","V9":"2","QX":"2","3C":"2","8F":"2","RW":"2","W9":"2","PX":"2","PW":"2","VC":"2","F4":"2","WC":"2","R8":"2","4F":"2","W8":"2","4C":"2","FF":"2","PF":"2","QW":"2","9F":"2","FC":"2","49":"2","CF":"2","XM":"2","VV":"2"},"MQ":{"89":"2","88":"2"},"CX":{"PV":"2","2G":"2","42":"2","5R":"2","32":"2","22":"2","WG":"2","MH":"2","47":"2","7G":"2","JM":"2","MJ":"2","M3":"2","4R":"2","G3":"2","3P":"2","7F":"2","PX":"2","QW":"2","35":"2","PW":"2","G4":"2","MP":"2","JH":"2","PJ":"2","PP":"2","GJ":"2","46":"2","WF":"2","25":"2","2C":"2","Q4":"2","4V":"2","QV":"2","PR":"2","P2":"2","FJ":"2","4Q":"2","J2":"2","63":"2","JJ":"2","QR":"2","75":"2","4P":"2","2F":"2","QX":"2","Q5":"2","GM":"2","QH":"2","3Q":"2","65":"2","M2":"2","J9":"2","37":"2","64":"2","Q2":"2","M8":"2","FM":"2","HJ":"2","J8":"2","3F":"2","MM":"2","CF":"2","R2":"2"},"9P":{"JX":"2","GW":"2","CR":"2","MX":"2","HW":"2","GX":"2","HX":"2","FP":"2","GJ":"2","JW":"2","CV":"2","GP":"2"},"FX":{"52":"2","6X":"2","32":"2","X9":"2","WG":"2","MH":"2","XW":"2","JF":"2","V2":"2","8M":"2","XF":"2","MG":"2","PC":"2","V7":"2","W7":"2","WR":"2","JG":"2","XG":"2","6M":"2","X8":"2","5J":"2","HF":"2","HQ":"2","7X":"2","6J":"2","W6":"2","55":"2","9M":"2","GJ":"2","WF":"2","Q4":"2","7W":"2","33":"2","WV":"2","FJ":"2","XC":"2","63":"2","V5":"2","89":"2","PG":"2","GQ":"2","64":"2","HG":"2","GG":"2","82":"2","HJ":"2","8J":"2","54":"2","53":"2","V6":"2","43":"2","9J":"2"},"FC":{"VW":"2","RW":"2","RV":"2"},"CF":{"WJ":"2","XX":"2"},"HW":{"WP":"2","WJ":"2","MX":"2","4W":"2","HX":"2","XP":"2","JX":"2","WQ":"2","5W":"2","VJ":"2","4V":"2","XQ":"2","PX":"2"},"XW":{"VV":"2","PV":"2","RV":"2"},"GM":{"R3":"2","V4":"2","V3":"2","W3":"2","W2":"2","R4":"2"},"CP":{"3W":"2","7W":"2","6R":"2","98":"2","4W":"2","6W":"2","C7":"2","3X":"2","C8":"2","64":"2","2W":"2"},"2X":{"5X":"2","2Q":"2","9V":"2","3R":"2","8V":"2","7W":"2","6X":"2","5W":"2","2P":"2","4W":"2","5V":"2","9W":"2","6W":"2","4R":"2","6V":"2","CW":"2","7V":"2","3Q":"2","CV":"2","4Q":"2","8W":"2"},"7X":{"7M":"2","6J":"2","HP":"2","6M":"2","JP":"2"}},"78":{"47":{"83":"2","95":"2","84":"2"}},"CC":{"XW":{"56":"2","55":"2","66":"2","65":"2"},"22":{"5H":"2","2W":"2","2V":"2","2R":"2"},"VJ":{"5J":"2"},"RP":{"VV":"2","RW":"2","RV":"2"},"RV":{"Q7":"2","R8":"2","R6":"2","R7":"2","Q6":"2"},"39":{"Q8":"2"},"9M":{"8V":"2","8R":"2"},"J4":{"R8":"2"},"VF":{"9R":"2","9V":"2","8V":"2","8R":"2"},"WX":{"HM":"2","HP":"2","JM":"2","JP":"2"},"VX":{"23":"2","33":"2","32":"2","22":"2"},"PX":{"PG":"2","QG":"2","J9":"2"},"8M":{"8V":"2","5Q":"2","6Q":"2","8R":"2"},"M4":{"35":"2"},"VW":{"3V":"2","4V":"2"}},"5H":{"RM":{"CR":"2"},"FR":{"4P":"2","5R":"2","3R":"2","6Q":"2","6R":"2","2G":"2","6W":"2","4R":"2","2H":"2","5P":"2","3Q":"2","7P":"2","6P":"2","4Q":"2","5Q":"2"},"HR":{"Q7":"2","Q8":"2","R8":"2","R7":"2"},"8X":{"HX":"2"},"GR":{"XF":"2"},"JR":{"QC":"2","PC":"2"},"64":{"C6":"2","96":"2","95":"2","84":"2"},"3F":{"92":"2"},"26":{"Q8":"2"},"G4":{"3R":"2"},"5X":{"5H":"2","3M":"2","5J":"2"},"PX":{"VJ":"2"},"8R":{"J8":"2"},"2R":{"CP":"2","CQ":"2"},"5Q":{"3X":"2"},"RJ":{"P2":"2"},"CR":{"RR":"2","XR":"2","QR":"2","XG":"2","RQ":"2","XH":"2","QQ":"2"},"MV":{"77":"2","66":"2","JG":"2","MC":"2","88":"2","67":"2","98":"2","MG":"2","JF":"2","MF":"2","78":"2","26":"2","56":"2","46":"2","JC":"2","36":"2","97":"2"},"JV":{"X6":"2"},"8M":{"63":"2","64":"2","62":"2","53":"2"},"4H":{"9X":"2","9W":"2","CX":"2","CW":"2"},"VF":{"W2":"2"},"QW":{"8G":"2","4R":"2","5Q":"2","5R":"2","4Q":"2","4V":"2"}},"J7":{"X8":{"QP":"2","RP":"2"},"JH":{"XV":"2","WR":"2","WV":"2","XR":"2","WW":"2"},"QG":{"MR":"2","MV":"2"},"V6":{"66":"2","65":"2"},"3W":{"7G":"2","8G":"2","9G":"2","8F":"2"},"FJ":{"Q7":"2"},"PF":{"RG":"2","99":"2","QG":"2","JG":"2","PF":"2","MG":"2","PG":"2","JF":"2","HF":"2","VG":"2","MF":"2","QH":"2","PH":"2","JC":"2","WG":"2","MH":"2","HG":"2"},"XC":{"VG":"2","XF":"2","WF":"2"},"V4":{"26":"2"},"J9":{"8P":"2"},"7G":{"MG":"2"},"QW":{"H8":"2"},"9F":{"RM":"2","PP":"2","WJ":"2","PQ":"2","VM":"2","VJ":"2"},"FM":{"5P":"2"},"PG":{"3Q":"2","R6":"2"},"MW":{"4F":"2","4C":"2","3F":"2"},"VC":{"9G":"2"},"84":{"9C":"2","F7":"2","9G":"2"},"XP":{"XV":"2","JH":"2","WV":"2","XM":"2","VV":"2","VR":"2","HH":"2","JG":"2","HG":"2","JV":"2"},"PH":{"HM":"2","HJ":"2","GM":"2","JJ":"2","GJ":"2","JM":"2","JC":"2"},"WQ":{"5P":"2","6P":"2"},"QF":{"9H":"2"},"MH":{"V4":"2"}},"3C":{"C6":{"7C":"2","9J":"2","6C":"2","7F":"2","8H":"2","7G":"2","8F":"2","6F":"2","7H":"2","8G":"2"},"9V":{"79":"2"},"2X":{"FR":"2","FQ":"2","FP":"2","9W":"2","CW":"2"},"XH":{"7M":"2","8P":"2","6H":"2","7J":"2","9Q":"2","5G":"2"}},"28":{"2V":{"P6":"2","Q4":"2","R4":"2","M7":"2"}},"P7":{"G6":{"HX":"2","JX":"2","FW":"2"},"G7":{"P2":"2","H5":"2"},"38":{"4J":"2"},"J2":{"HH":"2"},"P4":{"45":"2"},"39":{"H2":"2"}},"M8":{"55":{"VG":"2"}},"F9":{"FR":{"4J":"2","3R":"2","5J":"2"},"CR":{"XV":"2","VR":"2","H7":"2","VV":"2","WV":"2","RX":"2","WW":"2","H8":"2","G7":"2","G8":"2","WX":"2","VX":"2","VW":"2","WR":"2"},"FH":{"84":"2"}},"45":{"2R":{"4F":"2","3F":"2"}},"8C":{"9G":{"WV":"2","WW":"2","VV":"2","VW":"2"},"F5":{"H6":"2","F7":"2","F4":"2","C4":"2","7F":"2","94":"2","F6":"2","7G":"2","H5":"2","8F":"2","C7":"2","J4":"2","J5":"2","F8":"2","G5":"2","C6":"2","F5":"2","8C":"2","G4":"2","C8":"2","8G":"2","M4":"2","G6":"2","M3":"2"},"F4":{"FR":"2","HW":"2","FW":"2"},"W2":{"7F":"2","6G":"2","9C":"2","CF":"2","CC":"2","7G":"2","9F":"2","8F":"2","6F":"2","8C":"2"},"C5":{"VC":"2","M9":"2"},"CV":{"FR":"2","HQ":"2","FM":"2","7M":"2","GR":"2","HM":"2","7J":"2","8H":"2","8J":"2","9J":"2","8G":"2","GP":"2","7P":"2","FQ":"2","HP":"2","FG":"2","7H":"2","8P":"2","8M":"2","9H":"2","FJ":"2","GQ":"2"}},"R4":{"HW":{"6R":"2"}},"R3":{"JP":{"WH":"2"}},"5G":{"6J":{"XV":"2","XW":"2"},"85":{"RM":"2","RJ":"2","RP":"2"},"5Q":{"4Q":"2"},"7J":{"3G":"2","2W":"2","6Q":"2","5F":"2","4F":"2","2V":"2","6F":"2"},"3W":{"99":"2"},"34":{"FM":"2","CM":"2"}},"XC":{"XF":{"PG":"2","MF":"2"}},"68":{"6H":{"4R":"2","4Q":"2","3M":"2"}},"F8":{"W7":{"G6":"2","C4":"2","C9":"2","67":"2","F7":"2","F8":"2","G5":"2","F9":"2","G4":"2","J8":"2","F5":"2","F4":"2","F6":"2","99":"2"},"WV":{"2Q":"2","2P":"2"},"VV":{"XR":"2","XQ":"2"}},"77":{"HF":{"G7":"2","F9":"2"}},"G9":{"4M":{"FM":"2"},"99":{"8P":"2","97":"2","9P":"2","9Q":"2"},"F4":{"P3":"2","Q4":"2","P4":"2"},"3R":{"GV":"2"},"C9":{"GW":"2","9X":"2","W5":"2","2V":"2","W3":"2","GX":"2","8X":"2","V8":"2"},"CC":{"M7":"2","H6":"2","H4":"2","C4":"2","F4":"2","M5":"2","G3":"2","C2":"2","F3":"2","F2":"2","92":"2","C3":"2","H5":"2","H3":"2","G5":"2","F5":"2","G4":"2"},"98":{"8G":"2","7J":"2"},"6F":{"XR":"2"},"GF":{"RH":"2"},"8C":{"Q7":"2","P7":"2","J8":"2","M8":"2","J9":"2","Q6":"2"},"56":{"CH":"2"},"C5":{"P3":"2","P4":"2"}},"2G":{"4H":{"MC":"2","H9":"2","9F":"2","JC":"2","M7":"2"},"CH":{"X6":"2"},"CJ":{"QW":"2"},"C8":{"8Q":"2"},"8R":{"WG":"2","WJ":"2","WH":"2"},"FH":{"35":"2","8G":"2","5F":"2","4F":"2","5G":"2"}},"J8":{"72":{"3R":"2"},"F2":{"GH":"2","HJ":"2","CH":"2","G7":"2","G9":"2","GJ":"2","CM":"2","HH":"2","FJ":"2","GG":"2","FH":"2","FG":"2"},"C3":{"RQ":"2"},"33":{"WW":"2"},"43":{"FR":"2","3R":"2","HR":"2","2V":"2","2R":"2","HQ":"2","3V":"2","FV":"2","GR":"2"},"34":{"7Q":"2"},"44":{"M5":"2","J4":"2","M4":"2","J5":"2"},"64":{"F4":"2"}},"F2":{"7G":{"V4":"2","V6":"2","V5":"2","V8":"2"},"8G":{"87":"2"}},"64":{"HM":{"J2":"2","H3":"2"}},"3G":{"3Q":{"WH":"2"},"C9":{"35":"2","44":"2","45":"2"},"F7":{"8V":"2","CW":"2"},"F8":{"35":"2","8H":"2","3F":"2","F6":"2","7G":"2","24":"2","23":"2","4F":"2","33":"2","C6":"2","7H":"2","34":"2","32":"2","8G":"2","25":"2"},"CQ":{"G3":"2","F4":"2","H3":"2"},"99":{"R2":"2"},"39":{"CR":"2"}},"4H":{"GW":{"XV":"2","WV":"2","4X":"2","XW":"2","GR":"2"},"5X":{"PJ":"2"},"22":{"VJ":"2"},"35":{"99":"2"},"R6":{"GV":"2","8Q":"2","GR":"2"},"HP":{"G3":"2","F2":"2","C2":"2","C3":"2","F3":"2","G2":"2"},"CR":{"P5":"2","M5":"2","X4":"2","X3":"2","P4":"2","W3":"2","W4":"2"},"9V":{"MH":"2","WX":"2","JJ":"2","MM":"2","MJ":"2"},"6C":{"56":"2","PP":"2","PQ":"2","QQ":"2"},"HM":{"CX":"2","GX":"2","FX":"2"},"3W":{"63":"2","C4":"2","H7":"2","95":"2","54":"2","83":"2","85":"2","94":"2","C3":"2","G7":"2","53":"2","93":"2","74":"2","C5":"2","84":"2","73":"2","64":"2"},"6Q":{"2C":"2","2F":"2","29":"2"},"WJ":{"8M":"2"},"CX":{"42":"2","G9":"2","32":"2","22":"2","MH":"2","RG":"2","W3":"2","JF":"2","V2":"2","MG":"2","7H":"2","M3":"2","V4":"2","JG":"2","PF":"2","MF":"2","J4":"2","R4":"2","W9":"2","R3":"2","H4":"2","Q3":"2","J6":"2","G2":"2","Q4":"2","P2":"2","W4":"2","V3":"2","J2":"2","39":"2","M4":"2","98":"2","72":"2","Q5":"2","PG":"2","RC":"2","X4":"2","J3":"2","M2":"2","J5":"2","HG":"2","Q2":"2","82":"2","P3":"2","X3":"2","P5":"2","P4":"2","H2":"2","R2":"2"},"RP":{"62":"2"},"HW":{"6J":"2","2W":"2","2V":"2"},"CH":{"F9":"2","FC":"2"},"5W":{"3R":"2","2R":"2","3V":"2"},"9X":{"X5":"2","W5":"2","X6":"2","W6":"2"},"4W":{"X3":"2","W3":"2","W2":"2"},"FR":{"HX":"2","GX":"2","JX":"2","4V":"2"},"9W":{"X4":"2","X8":"2","XJ":"2","VP":"2","VW":"2","RW":"2","X7":"2"},"6W":{"74":"2","73":"2"},"FX":{"63":"2","C4":"2","F6":"2","24":"2","23":"2","33":"2","53":"2","C6":"2","F5":"2","C5":"2","34":"2","52":"2","46":"2"},"7J":{"JH":"2","PR":"2","MP":"2","JJ":"2","MM":"2","MR":"2","MJ":"2"},"GX":{"R5":"2","P3":"2","R6":"2","P2":"2","M2":"2"},"GR":{"C7":"2"},"CP":{"V9":"2"},"9P":{"7V":"2"},"FW":{"22":"2","4G":"2","3W":"2","PF":"2","CM":"2","2V":"2","7Q":"2","5F":"2","3G":"2","2P":"2","3F":"2","5G":"2","24":"2","PG":"2","MG":"2","23":"2","4F":"2","74":"2","65":"2","26":"2","7P":"2","73":"2","25":"2","2M":"2"},"R7":{"99":"2","F7":"2","C4":"2","GC":"2","C9":"2","94":"2","98":"2","G7":"2","69":"2","96":"2","87":"2","78":"2","C5":"2","C8":"2","97":"2"},"HV":{"GP":"2"},"F5":{"9R":"2","9V":"2","8W":"2","7X":"2","8X":"2"},"47":{"99":"2","89":"2","J8":"2","F9":"2","C9":"2","79":"2","H8":"2","G8":"2","69":"2","G9":"2","68":"2"},"CW":{"PV":"2","FW":"2","GV":"2","G9":"2","6X":"2","28":"2","PM":"2","MH":"2","RX":"2","8X":"2","2R":"2","2W":"2","6Q":"2","P7":"2","68":"2","MJ":"2","HH":"2","5X":"2","MR":"2","X6":"2","GF":"2","7M":"2","JG":"2","MV":"2","9C":"2","PX":"2","6M":"2","X8":"2","X5":"2","QW":"2","5P":"2","4W":"2","77":"2","W9":"2","FG":"2","JV":"2","2X":"2","JR":"2","CC":"2","PW":"2","7X":"2","JH":"2","XV":"2","6J":"2","W6":"2","PJ":"2","5W":"2","MX":"2","FC":"2","PP":"2","9M":"2","MW":"2","FF":"2","PR":"2","5M":"2","HX":"2","QM":"2","WV":"2","GW":"2","M7":"2","HV":"2","X7":"2","GR":"2","G8":"2","JJ":"2","VM":"2","VV":"2","W5":"2","3X":"2","V5":"2","2V":"2","6W":"2","78":"2","GC":"2","QX":"2","R5":"2","FQ":"2","X4":"2","QP":"2","QH":"2","JW":"2","67":"2","HW":"2","VX":"2","HG":"2","QG":"2","GG":"2","FM":"2","4X":"2","6H":"2","X3":"2","P8":"2","JX":"2","HJ":"2","MM":"2","CF":"2","WM":"2","V6":"2","3W":"2","WC":"2"},"7V":{"V7":"2","V8":"2"},"FV":{"3W":"2","4X":"2","G2":"2","G3":"2","2G":"2","2X":"2","H3":"2","3X":"2","2F":"2","H2":"2","2W":"2"},"CV":{"RM":"2","PM":"2"},"Q7":{"XG":"2"},"5Q":{"XC":"2","XF":"2","X9":"2","WC":"2"}},"7C":{"V3":{"JQ":"2","PQ":"2","MQ":"2"},"GJ":{"PC":"2","PF":"2"}},"XH":{"C5":{"8Q":"2"}},"4G":{"PF":{"F2":"2","C3":"2","F5":"2","F6":"2"},"79":{"MC":"2"},"XQ":{"56":"2"}},"G6":{"XX":{"XJ":"2","WM":"2"}},"2J":{"X2":{"5C":"2","59":"2","29":"2"},"CQ":{"7G":"2"},"4X":{"8G":"2"},"8X":{"46":"2"},"7W":{"QV":"2","VQ":"2","FQ":"2","JH":"2","VR":"2","QR":"2","RW":"2","VV":"2","9R":"2","XR":"2","RP":"2","RV":"2","RQ":"2","QW":"2","VP":"2","WH":"2","WP":"2","RR":"2","XP":"2","PR":"2","WQ":"2","VW":"2","WR":"2"},"CH":{"F2":"2"},"W2":{"P8":"2","XC":"2","V8":"2","V4":"2","PC":"2","M8":"2","V9":"2","X9":"2","VC":"2","WC":"2","W9":"2","P9":"2"},"5V":{"CR":"2"},"3Q":{"G2":"2"},"PX":{"9Q":"2"},"7X":{"W5":"2","W4":"2"},"8W":{"4P":"2","4M":"2","4J":"2","29":"2","HH":"2","6M":"2","GH":"2","7J":"2","9P":"2","6J":"2","5J":"2","7M":"2","5M":"2","5P":"2","7P":"2","6P":"2","8G":"2","4Q":"2","5Q":"2"}},"96":{"CG":{"5X":"2","4X":"2"}},"99":{"6J":{"3Q":"2","2Q":"2","2P":"2"},"5J":{"FQ":"2","QR":"2","HR":"2","HQ":"2","RQ":"2","QQ":"2","FR":"2","GR":"2","GQ":"2","GM":"2","GP":"2"}},"6C":{"5H":{"58":"2","48":"2"}},"3J":{"9X":{"HM":"2","MR":"2"},"M7":{"7W":"2","5X":"2","8W":"2","5W":"2","8X":"2"},"VW":{"VC":"2","WF":"2","M8":"2","VF":"2","M9":"2","WC":"2"},"39":{"FF":"2"},"QV":{"Q7":"2","Q8":"2"},"7J":{"6C":"2","6F":"2","7C":"2"},"8H":{"WW":"2"},"Q2":{"RM":"2","PQ":"2","JG":"2","G9":"2","PM":"2","PP":"2","HM":"2","7V":"2","JQ":"2","HJ":"2","RR":"2","7W":"2","H3":"2","PJ":"2","8W":"2","JJ":"2","HH":"2","MJ":"2","J6":"2","8V":"2","RQ":"2","MP":"2","QP":"2","C9":"2","H2":"2","QM":"2","J7":"2","MH":"2","JH":"2","RP":"2","JM":"2","MM":"2","JC":"2","VV":"2"},"93":{"JW":"2"},"H8":{"V5":"2"},"R3":{"72":"2","82":"2","83":"2","74":"2","84":"2","73":"2"},"JJ":{"56":"2","57":"2","64":"2","66":"2"},"XX":{"XP":"2"},"3R":{"PC":"2"},"R6":{"35":"2"},"GG":{"HX":"2","GX":"2"},"5R":{"22":"2"},"WR":{"8Q":"2","9R":"2","8V":"2","8R":"2"},"RQ":{"2J":"2","3J":"2"},"WH":{"PW":"2","MW":"2","PV":"2"},"4H":{"69":"2","58":"2"},"5F":{"FC":"2"},"3P":{"VC":"2","V9":"2"},"PC":{"8M":"2"},"FX":{"V8":"2"},"WJ":{"M7":"2"},"XM":{"XM":"2"},"R2":{"2W":"2","3W":"2","3V":"2","4V":"2"}},"7F":{"RR":{"97":"2","96":"2"},"C7":{"HR":"2"},"VF":{"84":"2"},"CX":{"JH":"2","MH":"2"}},"P6":{"5P":{"WF":"2"},"4R":{"QX":"2"},"CC":{"RW":"2"},"4V":{"P5":"2"}},"7H":{"MH":{"C6":"2","97":"2","C7":"2"},"24":{"PM":"2"},"W8":{"G3":"2"},"X5":{"XX":"2","XW":"2"},"44":{"PC":"2","MC":"2","PF":"2","M8":"2","M9":"2","QF":"2"},"2X":{"63":"2","54":"2","47":"2"},"X6":{"W3":"2"},"9W":{"C7":"2"},"QV":{"HF":"2","FF":"2"},"QW":{"Q3":"2","P3":"2","M3":"2","Q4":"2","P2":"2","M2":"2","H5":"2","86":"2","R4":"2","Q2":"2"},"X9":{"G3":"2","H3":"2"},"RV":{"JJ":"2","MM":"2","JM":"2"}},"2C":{"PM":{"F2":"2"},"FH":{"3G":"2","4G":"2"}},"76":{"PC":{"RR":"2","VR":"2"},"43":{"8G":"2"}},"95":{"J2":{"8R":"2","5R":"2","9R":"2","6Q":"2","8V":"2","7Q":"2","6R":"2","5V":"2","5P":"2","7P":"2","6P":"2","5Q":"2"},"G5":{"9C":"2","CM":"2"}},"32":{"2X":{"3X":"2"}},"75":{"J7":{"WP":"2"},"53":{"C5":"2","95":"2"}},"3M":{"W8":{"3G":"2","2G":"2","3H":"2"},"58":{"GH":"2","QX":"2","M4":"2","PW":"2","J2":"2","HW":"2","M3":"2","JW":"2","HH":"2","GG":"2","J9":"2","HG":"2","PX":"2"},"42":{"GV":"2","MW":"2","HV":"2","QW":"2","RW":"2","GR":"2","PX":"2"},"X9":{"QV":"2","35":"2","QR":"2","RW":"2","CQ":"2","9V":"2","9R":"2","XR":"2","RV":"2","RQ":"2","83":"2","39":"2","RX":"2","QQ":"2","38":"2","23":"2","33":"2","CP":"2","RR":"2","VG":"2","XH":"2","9Q":"2","VX":"2","4C":"2","26":"2","FP":"2","XG":"2","25":"2"},"MH":{"C9":"2","99":"2"},"M9":{"CR":"2","7H":"2","5F":"2","7J":"2","CX":"2","FV":"2","CW":"2","FX":"2","FW":"2","CV":"2"},"RG":{"HR":"2","FR":"2","GH":"2","JR":"2","GR":"2","GW":"2","JQ":"2","JP":"2","2W":"2","23":"2","FV":"2","7G":"2","P7":"2","44":"2","CR":"2","CQ":"2","24":"2","9R":"2","3V":"2","HV":"2","9Q":"2","MP":"2","33":"2","67":"2","34":"2","GV":"2","MQ":"2","2V":"2","JH":"2","HW":"2","66":"2","7F":"2","4R":"2"},"68":{"QW":"2"},"7G":{"HJ":"2","MM":"2","HH":"2","JM":"2"},"93":{"XX":"2"},"C4":{"MH":"2"},"V4":{"M3":"2"},"27":{"7P":"2","7Q":"2","4J":"2","6Q":"2","6P":"2"},"5G":{"4R":"2","5V":"2","5R":"2"},"5C":{"7P":"2","4R":"2","5Q":"2","5R":"2","4Q":"2"},"X6":{"2W":"2"},"GF":{"VW":"2"},"M6":{"JG":"2"},"PF":{"G6":"2"},"H8":{"PP":"2","PJ":"2","PM":"2"},"V8":{"5M":"2"},"VC":{"W8":"2","XR":"2","X9":"2","WG":"2","XF":"2","V7":"2","V4":"2","W7":"2","MR":"2","WJ":"2","WR":"2","XG":"2","V8":"2","XH":"2","VG":"2","VC":"2","VF":"2","RF":"2","WF":"2","PR":"2","XQ":"2","XP":"2","XJ":"2","QM":"2","WH":"2","XC":"2","W4":"2","V3":"2","XM":"2","QR":"2","WQ":"2","RC":"2","WP":"2","W2":"2","Q9":"2","Q8":"2","P8":"2","WM":"2","RR":"2","WC":"2"},"X8":{"QV":"2","VQ":"2","XQ":"2","VR":"2","J8":"2","XR":"2","RV":"2","RQ":"2","PP":"2","QW":"2","H8":"2","PV":"2","RR":"2","PM":"2","XP":"2"},"X5":{"M6":"2","J8":"2","M8":"2","J7":"2","M7":"2"},"PH":{"VH":"2","39":"2","2C":"2","WF":"2","VG":"2","VF":"2","3C":"2","WG":"2"},"HF":{"8C":"2","7G":"2","9C":"2","7F":"2","7C":"2"},"77":{"QX":"2"},"W9":{"9M":"2","G7":"2","C7":"2","FM":"2","GH":"2","97":"2","H5":"2","G6":"2","X5":"2","84":"2","7V":"2","7Q":"2","CM":"2","HJ":"2","7R":"2","5V":"2","GJ":"2","9J":"2","8Q":"2","J3":"2","H3":"2","6R":"2","8R":"2","X3":"2","HH":"2","FP":"2","Q3":"2","4V":"2","H4":"2","FQ":"2","RV":"2","CQ":"2","5R":"2","8V":"2","98":"2","9R":"2","8P":"2","5W":"2","6Q":"2","9Q":"2","JV":"2","CJ":"2","C8":"2","H7":"2","6J":"2","F7":"2","J7":"2","9P":"2","MH":"2","FJ":"2","CP":"2","VV":"2","4R":"2"},"FG":{"GW":"2","HW":"2","5X":"2","5W":"2","6X":"2","FW":"2","WH":"2"},"VF":{"4W":"2","G6":"2","M9":"2","P9":"2","3F":"2","7Q":"2","25":"2","2F":"2","5C":"2","5V":"2","35":"2","3C":"2","2C":"2","7G":"2","J3":"2","H3":"2","79":"2","V7":"2","78":"2","HF":"2","29":"2","4V":"2","J2":"2","JF":"2","3R":"2","R6":"2","7H":"2","R8":"2","4F":"2","5R":"2","3W":"2","3V":"2","4C":"2","9Q":"2","99":"2","H6":"2","H2":"2","5F":"2","3G":"2","89":"2","6F":"2","88":"2","HC":"2","7C":"2","8C":"2","V6":"2","JC":"2","Q8":"2"},"J6":{"V4":"2"},"JH":{"67":"2","QG":"2","47":"2","83":"2","JF":"2","36":"2","46":"2","37":"2","JC":"2","73":"2"},"G6":{"7C":"2"},"FC":{"WJ":"2"},"R7":{"85":"2"},"RF":{"VC":"2"},"WF":{"63":"2","72":"2","62":"2","33":"2","53":"2","52":"2","64":"2","25":"2"},"4G":{"PJ":"2","MX":"2","QJ":"2","PP":"2","MJ":"2","Q8":"2","PM":"2","PQ":"2","PR":"2","PX":"2","MM":"2"},"V9":{"WX":"2"},"P2":{"7M":"2","7P":"2"},"XC":{"24":"2","Q5":"2","R2":"2","W9":"2","HJ":"2","6G":"2","65":"2","3F":"2","CJ":"2","V2":"2","7J":"2","5J":"2","PH":"2","FH":"2","6J":"2","W7":"2","44":"2","4P":"2","6M":"2","XJ":"2","8J":"2","JH":"2","Q4":"2","XG":"2","R6":"2","2P":"2","93":"2","F9":"2","45":"2","Q3":"2","R4":"2","MH":"2","R3":"2","WH":"2","F8":"2","JC":"2","2G":"2","CM":"2","VH":"2","3G":"2","XH":"2","35":"2","V7":"2","9J":"2","7F":"2","X8":"2","W6":"2","P6":"2","55":"2","7H":"2","25":"2","3M":"2","J9":"2","4M":"2","R7":"2","34":"2","G2":"2","Q6":"2","QF":"2","5M":"2","WJ":"2","V6":"2","9M":"2","2M":"2","X7":"2","X9":"2","8H":"2","CF":"2","8G":"2","W8":"2","3P":"2","R5":"2","QG":"2","7G":"2","V3":"2","Q7":"2","6H":"2"},"FH":{"62":"2","52":"2"},"8F":{"X4":"2"},"57":{"G8":"2","QJ":"2","QQ":"2","PM":"2","PH":"2","JP":"2","VH":"2","F8":"2","RJ":"2","RH":"2","HP":"2","XR":"2","VG":"2","RQ":"2","QP":"2","XQ":"2","JX":"2","QG":"2","H7":"2","J7":"2","RP":"2","JM":"2","PG":"2"},"M7":{"PH":"2"},"4H":{"M2":"2","H6":"2","R6":"2","P5":"2","H4":"2","V5":"2","H7":"2","V6":"2","Q6":"2","M5":"2","R5":"2","JM":"2","J3":"2","H5":"2","H8":"2","G7":"2","G8":"2","J4":"2","J5":"2","WP":"2","JP":"2","R7":"2","X3":"2","J6":"2","PH":"2","J7":"2","M4":"2","Q5":"2","G6":"2","M3":"2"},"QF":{"MM":"2"},"2F":{"X8":"2"},"PG":{"RG":"2","RF":"2","VG":"2","RH":"2","VH":"2"},"5H":{"RM":"2","23":"2","45":"2","74":"2","RJ":"2","VM":"2","VJ":"2"},"QH":{"C4":"2","X8":"2","44":"2","45":"2","C5":"2","84":"2"},"QC":{"F7":"2","G7":"2","F8":"2","F9":"2","C8":"2","G8":"2"},"9H":{"7M":"2","7P":"2","6J":"2","8J":"2","7H":"2","6H":"2","6M":"2","7J":"2","8M":"2","9M":"2"},"67":{"3G":"2","28":"2","3F":"2"},"CG":{"WW":"2","X3":"2","X2":"2","GM":"2","W3":"2","W2":"2","V8":"2"},"HG":{"GF":"2","HF":"2","GC":"2","FF":"2","HC":"2"},"QG":{"VW":"2","WQ":"2","WW":"2","WV":"2","52":"2","XV":"2","XP":"2","WM":"2","VP":"2","RW":"2","VQ":"2","RV":"2","XR":"2","WR":"2","XQ":"2","MR":"2","PR":"2","WP":"2","PC":"2","XW":"2","VV":"2"},"M8":{"V5":"2","R4":"2"},"Q9":{"66":"2","76":"2","85":"2","75":"2","45":"2","55":"2","74":"2","65":"2","56":"2","44":"2","64":"2","MM":"2"},"6H":{"3V":"2","FV":"2","4V":"2"},"8J":{"65":"2","X7":"2","73":"2"},"J8":{"HX":"2"},"8G":{"7G":"2","6C":"2","7F":"2"},"CF":{"WX":"2","XX":"2"},"C6":{"5F":"2","3F":"2"},"F4":{"2X":"2"},"MC":{"72":"2","JH":"2","C4":"2","F7":"2","C2":"2","F2":"2","C3":"2","F5":"2","F6":"2","42":"2","C5":"2","92":"2"},"V6":{"6F":"2"},"43":{"Q8":"2","P2":"2","Q2":"2"},"9J":{"56":"2","57":"2","47":"2","36":"2","27":"2","6P":"2","46":"2","26":"2","37":"2","58":"2","53":"2","48":"2"},"92":{"H4":"2","J4":"2","M4":"2","G3":"2","J2":"2","G4":"2","J3":"2","H3":"2","H2":"2","G2":"2"},"WC":{"95":"2","2G":"2","2P":"2","5V":"2","FW":"2","GV":"2","6X":"2","PM":"2","8X":"2","2R":"2","7G":"2","2Q":"2","8M":"2","F8":"2","CP":"2","3R":"2","4C":"2","VP":"2","M3":"2","CW":"2","5X":"2","C7":"2","MR":"2","GF":"2","4R":"2","7F":"2","C5":"2","3V":"2","2H":"2","CV":"2","FR":"2","FV":"2","8W":"2","JR":"2","7X":"2","MP":"2","F7":"2","5W":"2","FC":"2","PP":"2","FF":"2","2C":"2","4V":"2","XP":"2","P2":"2","GW":"2","8F":"2","PQ":"2","MQ":"2","97":"2","75":"2","6W":"2","2V":"2","2F":"2","GC":"2","CR":"2","QQ":"2","GM":"2","QP":"2","3Q":"2","96":"2","M2":"2","C8":"2","P3":"2","RH":"2","RQ":"2","P4":"2","8G":"2","MM":"2","CF":"2","9W":"2","C6":"2","9P":"2"}},"9F":{"8J":{"6H":"2","6G":"2"},"5V":{"PR":"2","HR":"2","PQ":"2","HQ":"2"},"MG":{"3P":"2","2F":"2","3M":"2"},"JG":{"XF":"2"},"QF":{"HV":"2","HR":"2","JV":"2","JR":"2"},"5W":{"CJ":"2","CM":"2"},"9M":{"H5":"2"}},"6F":{"9R":{"63":"2"},"9Q":{"5V":"2","7X":"2","5W":"2"}},"8F":{"7M":{"PF":"2","MC":"2","Q9":"2","PC":"2","J9":"2","JC":"2","M9":"2","H9":"2","P9":"2"},"C3":{"C9":"2","9C":"2","CC":"2","99":"2"},"98":{"3J":"2","3M":"2"},"88":{"XM":"2","XP":"2"}},"4M":{"95":{"22":"2","4G":"2","3G":"2","3F":"2","23":"2","4F":"2","43":"2","44":"2"},"36":{"F2":"2","H2":"2","G2":"2"},"58":{"5H":"2","23":"2","F8":"2","G9":"2","F9":"2","22":"2","G8":"2"},"34":{"R5":"2"},"52":{"9G":"2","7F":"2","8H":"2","CH":"2","CJ":"2","CF":"2","7G":"2","9F":"2","9H":"2","CG":"2","8G":"2"},"28":{"4J":"2","4P":"2","7Q":"2","2W":"2","2P":"2","2Q":"2","4Q":"2","2R":"2","6P":"2","3R":"2","5M":"2","5P":"2","6Q":"2","4M":"2","3Q":"2","5J":"2"},"22":{"63":"2","35":"2","72":"2","62":"2","42":"2","54":"2","75":"2","45":"2","53":"2","43":"2","56":"2","34":"2","52":"2","46":"2","44":"2","73":"2"},"F3":{"7Q":"2","FW":"2","6X":"2","3J":"2","F3":"2","9F":"2","7G":"2","WX":"2","V2":"2","V7":"2","7H":"2","3R":"2","4R":"2","CQ":"2","XG":"2","7F":"2","XH":"2","9C":"2","4M":"2","9V":"2","PX":"2","6M":"2","3V":"2","5J":"2","HF":"2","85":"2","W9":"2","R3":"2","8W":"2","CC":"2","Q3":"2","PW":"2","79":"2","J6":"2","6J":"2","6P":"2","MX":"2","GJ":"2","4J":"2","MW":"2","WF":"2","4V":"2","5M":"2","8V":"2","7J":"2","WV":"2","8F":"2","9G":"2","2J":"2","75":"2","M4":"2","78":"2","GC":"2","JW":"2","H6":"2","VX":"2","J5":"2","Q2":"2","P3":"2","6H":"2","JX":"2","P4":"2","8G":"2","CF":"2","9W":"2","F4":"2","MC":"2","R2":"2"},"99":{"2J":"2","C6":"2","H6":"2","C7":"2","V3":"2","C8":"2","3J":"2"},"48":{"G8":"2","9M":"2","G7":"2","6C":"2","JG":"2","V8":"2","G6":"2","77":"2","4P":"2","W4":"2","PM":"2","PP":"2","P8":"2","J8":"2","W7":"2","X8":"2","XP":"2","X2":"2","CM":"2","W6":"2","5C":"2","76":"2","W2":"2","H8":"2","X7":"2","W9":"2","H3":"2","37":"2","79":"2","Q5":"2","57":"2","65":"2","X3":"2","V7":"2","78":"2","XG":"2","27":"2","4Q":"2","F8":"2","46":"2","5Q":"2","J4":"2","87":"2","W8":"2","98":"2","68":"2","5P":"2","MX":"2","QP":"2","XQ":"2","99":"2","47":"2","JX":"2","WP":"2","67":"2","QM":"2","88":"2","H7":"2","W5":"2","F7":"2","J7":"2","9P":"2","7C":"2","69":"2","JH":"2","R5":"2","56":"2","66":"2","CP":"2","Q6":"2"},"W3":{"PR":"2","H6":"2","PQ":"2","J6":"2","QQ":"2","QH":"2","M7":"2"},"47":{"WX":"2","HW":"2","JW":"2","7J":"2","VX":"2","2M":"2","XX":"2","XW":"2","2P":"2"},"V2":{"CX":"2"},"93":{"P3":"2","WQ":"2","W4":"2","F5":"2","R9":"2","VR":"2","Q7":"2","Q2":"2","P4":"2","Q5":"2","R3":"2","Q3":"2","QC":"2","WR":"2","P2":"2","RC":"2","JV":"2","R4":"2","QF":"2","X4":"2","Q9":"2","G5":"2","Q4":"2","Q8":"2","Q6":"2"},"C4":{"H6":"2","35":"2","F7":"2","9G":"2","72":"2","62":"2","J8":"2","C2":"2","7F":"2","3G":"2","92":"2","54":"2","CF":"2","6M":"2","45":"2","3F":"2","F6":"2","9F":"2","55":"2","38":"2","C7":"2","48":"2","C6":"2","74":"2","65":"2","H2":"2","4C":"2","3C":"2","2R":"2","5P":"2","J7":"2","73":"2","64":"2","25":"2"},"4C":{"C2":"2","22":"2"},"M3":{"75":"2","C7":"2","J5":"2","GF":"2","FM":"2","GH":"2","F5":"2","P8":"2","J8":"2","M9":"2","W7":"2","26":"2","V2":"2","W6":"2","94":"2","45":"2","H8":"2","J9":"2","95":"2","H9":"2","65":"2","V7":"2","HF":"2","86":"2","46":"2","85":"2","F6":"2","C3":"2","55":"2","J4":"2","C5":"2","GG":"2","24":"2","C4":"2","H7":"2","HC":"2","M6":"2","G5":"2","R7":"2","M4":"2","GM":"2","JC":"2"},"C7":{"8P":"2","R8":"2","7W":"2","8H":"2","V8":"2","8J":"2","X5":"2","6M":"2","7G":"2","7J":"2","7H":"2","6J":"2","5J":"2","3P":"2","7M":"2","7V":"2","7P":"2","8M":"2","6H":"2"},"27":{"HF":"2","5M":"2","M3":"2","HH":"2","GG":"2","HG":"2"},"5C":{"VG":"2","VH":"2"},"49":{"C7":"2","W7":"2","7V":"2","W6":"2","7W":"2","X6":"2","J9":"2","X7":"2","H9":"2","2P":"2","8W":"2","F8":"2","J2":"2","8V":"2","C8":"2","FF":"2","HC":"2","F7":"2","M2":"2","CF":"2","JH":"2","JC":"2"},"G3":{"23":"2","36":"2","58":"2","34":"2","6X":"2","5R":"2","32":"2","X9":"2","22":"2","F3":"2","RX":"2","MH":"2","48":"2","6Q":"2","P7":"2","47":"2","68":"2","JF":"2","JM":"2","XF":"2","7H":"2","3R":"2","VP":"2","MJ":"2","HH":"2","GX":"2","5G":"2","5C":"2","MR":"2","X6":"2","49":"2","4R":"2","G3":"2","3P":"2","MF":"2","MV":"2","4M":"2","24":"2","X5":"2","3V":"2","PH":"2","Q6":"2","RW":"2","77":"2","35":"2","GH":"2","85":"2","29":"2","73":"2","JV":"2","JR":"2","CC":"2","7X":"2","JH":"2","6J":"2","G2":"2","G6":"2","JP":"2","8C":"2","4J":"2","46":"2","JC":"2","87":"2","2C":"2","59":"2","7W":"2","XQ":"2","XP":"2","5M":"2","4G":"2","HX":"2","33":"2","J7":"2","P2":"2","XC":"2","GW":"2","57":"2","M7":"2","4F":"2","4H":"2","5F":"2","4Q":"2","PQ":"2","J2":"2","Q7":"2","63":"2","MQ":"2","2J":"2","39":"2","44":"2","V5":"2","4P":"2","Q5":"2","X4":"2","W2":"2","QC":"2","J3":"2","3Q":"2","JW":"2","VH":"2","67":"2","M2":"2","J9":"2","HW":"2","RP":"2","JQ":"2","64":"2","VX":"2","HG":"2","Q2":"2","RM":"2","X3":"2","74":"2","JX":"2","69":"2","RQ":"2","8G":"2","53":"2","MM":"2","VW":"2","38":"2","VQ":"2","45":"2","MC":"2","3W":"2","H9":"2","R2":"2"},"86":{"G6":"2","G7":"2","26":"2"},"J4":{"FF":"2","7C":"2","35":"2","GC":"2","79":"2","FG":"2","GG":"2","69":"2","GF":"2","34":"2"},"X5":{"24":"2","23":"2","33":"2","32":"2","22":"2"},"C9":{"66":"2"},"H3":{"7Q":"2","42":"2","G9":"2","6C":"2","PM":"2","MH":"2","8H":"2","GP":"2","68":"2","JF":"2","2Q":"2","MG":"2","7H":"2","MJ":"2","27":"2","5C":"2","X6":"2","GF":"2","M5":"2","JG":"2","PF":"2","MF":"2","C5":"2","J4":"2","9V":"2","X8":"2","X5":"2","5J":"2","PH":"2","HF":"2","77":"2","29":"2","2X":"2","CC":"2","7P":"2","JH":"2","7R":"2","W6":"2","PJ":"2","G2":"2","FC":"2","9M":"2","GJ":"2","4J":"2","G7":"2","RF":"2","FF":"2","87":"2","2C":"2","CJ":"2","59":"2","PR":"2","5M":"2","7J":"2","P2":"2","FJ":"2","FH":"2","W4":"2","4H":"2","39":"2","JJ":"2","QF":"2","QR":"2","97":"2","F2":"2","W5":"2","M4":"2","98":"2","2F":"2","78":"2","GC":"2","9R":"2","R5":"2","PG":"2","RC":"2","FQ":"2","GM":"2","QC":"2","J3":"2","67":"2","M2":"2","H7":"2","QG":"2","FM":"2","88":"2","HJ":"2","69":"2","8J":"2","J8":"2","8G":"2","H2":"2","MM":"2","9W":"2","C6":"2","45":"2","V6":"2","FP":"2"},"77":{"CQ":"2","H2":"2"},"35":{"9J":"2","HP":"2","HM":"2","CM":"2","7Q":"2","FG":"2","9M":"2","FM":"2","FR":"2","FX":"2","HX":"2","CP":"2","9P":"2","FP":"2","GM":"2","GP":"2"},"66":{"QM":"2","PW":"2","PV":"2","RW":"2","WM":"2"},"85":{"W8":"2","R8":"2","34":"2","GP":"2","6R":"2","MG":"2","V7":"2","PC":"2","W7":"2","5G":"2","PF":"2","CQ":"2","MF":"2","V8":"2","VC":"2","X5":"2","PH":"2","CV":"2","29":"2","W9":"2","FG":"2","JV":"2","VF":"2","JR":"2","R9":"2","MP":"2","W6":"2","PJ":"2","RF":"2","FF":"2","25":"2","8Q":"2","V9":"2","8V":"2","8R":"2","HR":"2","HV":"2","QF":"2","9R":"2","CR":"2","PG":"2","RC":"2","GM":"2","5H":"2","QP":"2","QH":"2","QC":"2","64":"2","CG":"2","QG":"2","Q9":"2","6H":"2","X3":"2","74":"2","6G":"2","CF":"2","V6":"2","9P":"2"},"29":{"9M":"2","QJ":"2","FR":"2","HG":"2","75":"2","JG":"2","FM":"2","GH":"2","77":"2","7M":"2","GW":"2","2G":"2","GX":"2","VJ":"2","7J":"2","CM":"2","2H":"2","FW":"2","5C":"2","76":"2","59":"2","QX":"2","VH":"2","FV":"2","PW":"2","65":"2","FP":"2","6P":"2","7P":"2","CH":"2","42":"2","RJ":"2","FQ":"2","FH":"2","CR":"2","RH":"2","9G":"2","GG":"2","4C":"2","QP":"2","QH":"2","CJ":"2","67":"2","QW":"2","CG":"2","G5":"2","GV":"2","9H":"2","6M":"2","FX":"2","49":"2","FJ":"2","66":"2","CP":"2"},"73":{"GQ":"2","RV":"2"},"R4":{"35":"2","27":"2","46":"2","28":"2"},"H4":{"9M":"2","M3":"2","W6":"2","5V":"2","96":"2","93":"2","95":"2","J3":"2","H3":"2","4V":"2","J2":"2","C3":"2","J4":"2","4C":"2","33":"2","H2":"2","W5":"2","M4":"2"},"Q3":{"FR":"2","JG":"2","FM":"2","PP":"2","J8":"2","GX":"2","8H":"2","CM":"2","FW":"2","FV":"2","8Q":"2","GP":"2","HH":"2","FP":"2","CV":"2","J6":"2","FQ":"2","JF":"2","RV":"2","5P":"2","8P":"2","8M":"2","JX":"2","J7":"2","CW":"2","JH":"2","GQ":"2","GM":"2","CP":"2","4R":"2"},"G4":{"P3":"2","G7":"2","GF":"2","62":"2","FM":"2","GH":"2","G9":"2","54":"2","2G":"2","F9":"2","V4":"2","HJ":"2","GJ":"2","FV":"2","32":"2","H3":"2","8G":"2","X3":"2","FP":"2","42":"2","FH":"2","CR":"2","FQ":"2","FG":"2","CQ":"2","GG":"2","P2":"2","MR":"2","H6":"2","H2":"2","H7":"2","GV":"2","FC":"2","72":"2","GC":"2","FJ":"2","GM":"2"},"84":{"4P":"2","4M":"2","MR":"2","JQ":"2","86":"2","QR":"2","H7":"2","W6":"2","JG":"2","FJ":"2","6Q":"2","42":"2","R5":"2","R8":"2","JR":"2","C9":"2","XC":"2","HQ":"2","MQ":"2","7Q":"2","Q9":"2","98":"2","H8":"2","G7":"2","X9":"2","PV":"2","G8":"2","C7":"2","Q8":"2","4R":"2","MV":"2","JP":"2","FC":"2","5M":"2","5P":"2","7P":"2","52":"2","32":"2","6P":"2","PR":"2","C8":"2","RC":"2","XG":"2","97":"2","P9":"2"},"94":{"7Q":"2","95":"2","R8":"2","58":"2","5V":"2","62":"2","5R":"2","99":"2","MH":"2","8H":"2","48":"2","M9":"2","R6":"2","P7":"2","47":"2","8M":"2","MG":"2","PC":"2","V7":"2","4C":"2","VP":"2","HH":"2","MR":"2","49":"2","7M":"2","4R":"2","JG":"2","PF":"2","XG":"2","MF":"2","H8":"2","J4":"2","9C":"2","VC":"2","6M":"2","F9":"2","5J":"2","PH":"2","HF":"2","C9":"2","Q6":"2","CH":"2","GH":"2","85":"2","66":"2","29":"2","73":"2","R4":"2","FG":"2","VF":"2","H4":"2","CC":"2","7P":"2","HC":"2","56":"2","J6":"2","JH":"2","6P":"2","FC":"2","55":"2","9M":"2","GJ":"2","R7":"2","G7":"2","RF":"2","46":"2","JC":"2","WF":"2","2C":"2","CJ":"2","Q4":"2","4V":"2","59":"2","5M":"2","8Q":"2","V9":"2","8R":"2","7J":"2","J7":"2","P9":"2","FJ":"2","FH":"2","57":"2","9Q":"2","9G":"2","J2":"2","Q7":"2","63":"2","G8":"2","39":"2","JJ":"2","QF":"2","44":"2","V5":"2","72":"2","8P":"2","GC":"2","Q5":"2","R5":"2","PG":"2","RC":"2","QC":"2","9H":"2","J3":"2","65":"2","J9":"2","H7":"2","H6":"2","64":"2","J5":"2","CG":"2","HG":"2","QG":"2","GG":"2","M8":"2","FM":"2","74":"2","P8":"2","Q8":"2","HJ":"2","8J":"2","J8":"2","54":"2","VQ":"2","45":"2","MC":"2","H5":"2","V6":"2","9J":"2","9P":"2"},"W6":{"J2":"2","J3":"2"},"G6":{"MR":"2","8P":"2","6Q":"2","58":"2","MQ":"2","7Q":"2","6M":"2","8Q":"2","48":"2","47":"2","26":"2","5M":"2","7P":"2","46":"2","36":"2","59":"2","37":"2"},"G2":{"83":"2","3Q":"2","Q5":"2","F4":"2","79":"2","R2":"2","8R":"2","W9":"2","CP":"2","XQ":"2","RX":"2","F5":"2","3R":"2","HJ":"2","WW":"2","VR":"2","QC":"2","FC":"2","6G":"2","PX":"2","M5":"2","G8":"2","6R":"2","7X":"2","P4":"2","WM":"2","C2":"2","2R":"2","97":"2","M2":"2","3W":"2","CJ":"2","27":"2","PV":"2","V2":"2","JX":"2","89":"2","9G":"2","JP":"2","9H":"2","72":"2","5W":"2","7J":"2","VJ":"2","7P":"2","PH":"2","FH":"2","W7":"2","XR":"2","FJ":"2","7M":"2","42":"2","W4":"2","RQ":"2","4P":"2","H9":"2","JV":"2","6M":"2","QW":"2","HG":"2","9V":"2","5C":"2","XJ":"2","PF":"2","PP":"2","8J":"2","VM":"2","JH":"2","QH":"2","3X":"2","43":"2","7V":"2","WQ":"2","GF":"2","RF":"2","4C":"2","Q4":"2","QP":"2","H5":"2","74":"2","6V":"2","4R":"2","4J":"2","WX":"2","8Q":"2","CC":"2","RR":"2","5H":"2","C8":"2","J7":"2","6P":"2","VX":"2","28":"2","2P":"2","P7":"2","2X":"2","93":"2","X3":"2","38":"2","XX":"2","F9":"2","RH":"2","C4":"2","9W":"2","RP":"2","8C":"2","Q3":"2","MH":"2","8M":"2","XV":"2","5G":"2","GH":"2","5P":"2","XC":"2","GV":"2","WH":"2","HV":"2","VW":"2","HP":"2","4W":"2","F8":"2","JC":"2","G9":"2","MV":"2","2G":"2","HH":"2","CW":"2","PR":"2","GW":"2","CM":"2","C5":"2","VH":"2","H2":"2","3G":"2","MW":"2","WC":"2","M3":"2","4H":"2","MX":"2","GG":"2","C6":"2","XM":"2","W3":"2","V4":"2","JW":"2","6X":"2","7C":"2","XH":"2","4G":"2","62":"2","G6":"2","G5":"2","G7":"2","MJ":"2","96":"2","99":"2","PJ":"2","94":"2","MF":"2","CG":"2","M4":"2","C9":"2","X8":"2","MG":"2","W6":"2","P6":"2","WV":"2","55":"2","G4":"2","7H":"2","95":"2","P5":"2","25":"2","VP":"2","8P":"2","JF":"2","3M":"2","7Q":"2","2W":"2","HF":"2","9F":"2","X6":"2","QX":"2","RJ":"2","6F":"2","WP":"2","J9":"2","8F":"2","R8":"2","J4":"2","4M":"2","G3":"2","V5":"2","QJ":"2","WR":"2","4X":"2","2H":"2","69":"2","2Q":"2","R7":"2","JJ":"2","H3":"2","6Q":"2","84":"2","G2":"2","JG":"2","C7":"2","RM":"2","4F":"2","H8":"2","J2":"2","9C":"2","QF":"2","3H":"2","82":"2","M6":"2","5Q":"2","63":"2","MP":"2","9P":"2","33":"2","7R":"2","PQ":"2","J6":"2","5M":"2","WJ":"2","F3":"2","FG":"2","HC":"2","CV":"2","6W":"2","M7":"2","H7":"2","CH":"2","9M":"2","VQ":"2","QM":"2","X7":"2","H4":"2","X9":"2","MM":"2","Q2":"2","8H":"2","9R":"2","VV":"2","92":"2","CF":"2","F7":"2","2V":"2","W8":"2","8G":"2","3P":"2","98":"2","5R":"2","MC":"2","F6":"2","QR":"2","86":"2","PG":"2","J3":"2","M9":"2","PM":"2","XP":"2","QG":"2","QQ":"2","MR":"2","CR":"2","XW":"2","GX":"2","7G":"2","C3":"2","73":"2","J5":"2","Q7":"2","6H":"2"},"F7":{"42":"2","52":"2","G9":"2","28":"2","F3":"2","GP":"2","F8":"2","27":"2","C7":"2","G3":"2","H8":"2","F9":"2","C9":"2","H3":"2","FG":"2","H4":"2","G4":"2","F7":"2","G2":"2","G6":"2","G7":"2","Q4":"2","FH":"2","G8":"2","QR":"2","97":"2","F2":"2","98":"2","78":"2","QQ":"2","GM":"2","F5":"2","C8":"2","88":"2","G5":"2","HP":"2","F4":"2","H5":"2","H9":"2"},"FC":{"X3":"2","W2":"2"},"JC":{"3Q":"2","2Q":"2","3R":"2","3W":"2"},"25":{"HX":"2","GX":"2"},"2C":{"95":"2","2G":"2","G9":"2","3G":"2","F3":"2","WG":"2","9F":"2","P7":"2","47":"2","7G":"2","JF":"2","V2":"2","MG":"2","M3":"2","C7":"2","27":"2","M5":"2","M6":"2","G3":"2","JG":"2","H8":"2","C5":"2","86":"2","X5":"2","2H":"2","Q6":"2","CH":"2","H3":"2","85":"2","66":"2","29":"2","FG":"2","H4":"2","G4":"2","56":"2","J6":"2","F7":"2","G2":"2","G6":"2","P6":"2","G7":"2","RF":"2","2C":"2","4G":"2","J7":"2","57":"2","M7":"2","4F":"2","F6":"2","4H":"2","76":"2","26":"2","9G":"2","Q7":"2","G8":"2","2J":"2","39":"2","F2":"2","75":"2","V5":"2","M4":"2","3H":"2","Q5":"2","5H":"2","J3":"2","96":"2","H7":"2","37":"2","F5":"2","H6":"2","J5":"2","CG":"2","GG":"2","M8":"2","P3":"2","J8":"2","6G":"2","CF":"2","C6":"2","H5":"2"},"Q4":{"H6":"2","35":"2","F7":"2","C4":"2","72":"2","X7":"2","95":"2","C2":"2","54":"2","45":"2","C3":"2","98":"2","57":"2","55":"2","C7":"2","56":"2","C5":"2","34":"2","J6":"2","44":"2","C8":"2","97":"2"},"59":{"38":"2","39":"2"},"83":{"M2":"2","3M":"2","FQ":"2","RW":"2","Q2":"2","FJ":"2","G3":"2","8V":"2","C2":"2","P2":"2","FH":"2","CJ":"2","RX":"2","75":"2","3J":"2","65":"2","P7":"2","P6":"2","7V":"2","GQ":"2","64":"2"},"P2":{"X2":"2","QG":"2","GC":"2","M5":"2","F9":"2","P4":"2","P3":"2","H8":"2","G7":"2","G8":"2","QF":"2","G9":"2","M4":"2"},"57":{"MR":"2","JQ":"2","QV":"2","GW":"2","QR":"2","JR":"2","HW":"2","2X":"2","PV":"2","MV":"2","GV":"2","HV":"2","PR":"2","2W":"2"},"W4":{"HM":"2","HP":"2","RR":"2","PW":"2","MW":"2","MX":"2","PV":"2","H5":"2"},"F6":{"42":"2","52":"2","G9":"2","GP":"2","P7":"2","XF":"2","F8":"2","5X":"2","GX":"2","GF":"2","CH":"2","CV":"2","FR":"2","29":"2","R4":"2","84":"2","G2":"2","FC":"2","2C":"2","XP":"2","83":"2","XJ":"2","HX":"2","4F":"2","XM":"2","G8":"2","39":"2","GC":"2","9R":"2","R5":"2","CR":"2","WQ":"2","WP":"2","GQ":"2","RP":"2","H7":"2","H6":"2","82":"2","4X":"2","P3":"2","74":"2","C2":"2","3C":"2","H2":"2","WM":"2","H9":"2","92":"2"},"V3":{"93":"2","C2":"2"},"76":{"95":"2","G9":"2","6C":"2","3G":"2","8H":"2","9F":"2","P7":"2","7G":"2","C4":"2","7H":"2","M3":"2","5C":"2","X6":"2","GF":"2","49":"2","M5":"2","H8":"2","C5":"2","J4":"2","9C":"2","4M":"2","X5":"2","H3":"2","R3":"2","H4":"2","CC":"2","Q3":"2","X2":"2","F7":"2","G6":"2","G7":"2","87":"2","Q4":"2","59":"2","5M":"2","7J":"2","P2":"2","8F":"2","4F":"2","J2":"2","X7":"2","G8":"2","97":"2","M4":"2","GC":"2","5H":"2","W2":"2","9H":"2","J3":"2","M2":"2","J5":"2","Q2":"2","P3":"2","6H":"2","2M":"2","88":"2","69":"2","8G":"2","H2":"2","CF":"2","F4":"2","H9":"2"},"J2":{"9M":"2","QJ":"2","GF":"2","4J":"2","V8":"2","QQ":"2","7M":"2","XC":"2","R9":"2","P8":"2","Q7":"2","M9":"2","QV":"2","7J":"2","8H":"2","P9":"2","7Q":"2","CM":"2","2F":"2","2H":"2","8J":"2","V9":"2","QX":"2","MG":"2","3C":"2","XF":"2","J9":"2","9J":"2","JW":"2","W9":"2","PX":"2","Q5":"2","57":"2","65":"2","V7":"2","P7":"2","2J":"2","46":"2","XX":"2","3R":"2","RH":"2","FG":"2","7H":"2","87":"2","R8":"2","W8":"2","GG":"2","6X":"2","3J":"2","MX":"2","RQ":"2","4C":"2","8M":"2","4H":"2","C9":"2","JX":"2","R4":"2","CJ":"2","P6":"2","QM":"2","FF":"2","Q9":"2","PF":"2","HX":"2","6M":"2","6J":"2","9H":"2","R7":"2","Q4":"2","PC":"2","M8":"2","CX":"2","9P":"2","5J":"2","R5":"2","HW":"2","RP":"2","XW":"2","56":"2","PG":"2","2X":"2","Q8":"2","Q6":"2","4R":"2"},"39":{"7Q":"2","23":"2","32":"2","22":"2","99":"2","8H":"2","8X":"2","8M":"2","CP":"2","C7":"2","7M":"2","G3":"2","3P":"2","CQ":"2","PX":"2","CM":"2","3V":"2","QW":"2","CH":"2","G4":"2","7X":"2","7R":"2","MX":"2","9M":"2","CJ":"2","7W":"2","8Q":"2","33":"2","8R":"2","F6":"2","9Q":"2","7V":"2","9G":"2","PQ":"2","8P":"2","9R":"2","QX":"2","WQ":"2","FQ":"2","QQ":"2","9X":"2","WP":"2","9H":"2","8G":"2","WM":"2","C6":"2","3W":"2","9J":"2","9P":"2"},"44":{"8J":"2","9H":"2","9M":"2","9J":"2"},"97":{"62":"2","RR":"2","QR":"2","RQ":"2","CX":"2","CW":"2","QQ":"2"},"F2":{"MQ":"2","3Q":"2","83":"2","HW":"2","87":"2","8W":"2","XQ":"2","WW":"2","3R":"2","VR":"2","FC":"2","QC":"2","PX":"2","WM":"2","FF":"2","RG":"2","89":"2","9G":"2","72":"2","7J":"2","7M":"2","88":"2","46":"2","W4":"2","36":"2","29":"2","4P":"2","H9":"2","HG":"2","VM":"2","JH":"2","WQ":"2","GF":"2","RF":"2","XG":"2","4R":"2","4J":"2","WX":"2","78":"2","5H":"2","CC":"2","C8":"2","J7":"2","VX":"2","RV":"2","M8":"2","XX":"2","RH":"2","45":"2","9W":"2","R4":"2","MH":"2","XV":"2","FQ":"2","77":"2","RW":"2","VG":"2","J8":"2","GW":"2","VH":"2","64":"2","3G":"2","4H":"2","GG":"2","XM":"2","JR":"2","XH":"2","4G":"2","62":"2","G6":"2","G7":"2","MJ":"2","99":"2","PJ":"2","6C":"2","4Q":"2","C9":"2","WV":"2","55":"2","2C":"2","VP":"2","9F":"2","RJ":"2","WP":"2","8F":"2","67":"2","QJ":"2","34":"2","JJ":"2","RM":"2","QF":"2","63":"2","37":"2","WJ":"2","53":"2","HR":"2","56":"2","57":"2","QM":"2","X4":"2","9R":"2","CF":"2","F7":"2","8G":"2","8V":"2","98":"2","PG":"2","M9":"2","XP":"2","QG":"2","CR":"2","XW":"2","73":"2","Q7":"2"},"W5":{"G7":"2","M5":"2","G6":"2","F5":"2","P5":"2","C6":"2","76":"2","P4":"2","QX":"2","PX":"2","57":"2","86":"2","Q3":"2","85":"2","F4":"2","CH":"2","J6":"2","FH":"2","9G":"2","P2":"2","68":"2","H6":"2","58":"2","CJ":"2","67":"2","H7":"2","CG":"2","F7":"2","9C":"2","M4":"2","M2":"2","9F":"2","CF":"2","FJ":"2","66":"2"},"C3":{"MQ":"2","66":"2","F4":"2","9X":"2","87":"2","8W":"2","7W":"2","QC":"2","3F":"2","G8":"2","7X":"2","PC":"2","VJ":"2","PH":"2","GR":"2","6M":"2","Q9":"2","PF":"2","PP":"2","VM":"2","QH":"2","FP":"2","QP":"2","48":"2","74":"2","J7":"2","FX":"2","6P":"2","FV":"2","28":"2","FW":"2","CX":"2","93":"2","38":"2","RH":"2","9W":"2","RP":"2","GH":"2","5P":"2","GV":"2","FQ":"2","HV":"2","HX":"2","Q8":"2","CW":"2","J8":"2","GW":"2","VH":"2","W3":"2","6X":"2","XH":"2","FR":"2","G6":"2","2J":"2","G7":"2","PJ":"2","94":"2","R9":"2","G4":"2","25":"2","75":"2","RJ":"2","WP":"2","R8":"2","G3":"2","QJ":"2","2H":"2","6Q":"2","RM":"2","58":"2","H8":"2","P9":"2","QF":"2","5Q":"2","MP":"2","GP":"2","J6":"2","37":"2","WJ":"2","F3":"2","HR":"2","CV":"2","56":"2","57":"2","H7":"2","8X":"2","VQ":"2","QM":"2","MM":"2","Q2":"2","QR":"2","RC":"2","86":"2","PM":"2","QG":"2","H6":"2","QQ":"2","GQ":"2"},"75":{"QJ":"2","X9":"2","PQ":"2","G6":"2","QQ":"2","W4":"2","X5":"2","PM":"2","GW":"2","PP":"2","GX":"2","QV":"2","7V":"2","7W":"2","PV":"2","PX":"2","Q5":"2","PJ":"2","8W":"2","XX":"2","R6":"2","5R":"2","8V":"2","MV":"2","MX":"2","MR":"2","JX":"2","PR":"2","X4":"2","W5":"2","GV":"2","QR":"2","HW":"2","JC":"2","Q6":"2"},"98":{"64":"2","Q3":"2","P3":"2","Q4":"2","P4":"2","P2":"2","74":"2","Q2":"2"},"89":{"PH":"2","WJ":"2","XJ":"2","QH":"2"},"72":{"JM":"2"},"GC":{"23":"2","43":"2"},"X4":{"4P":"2"},"W2":{"HF":"2","HG":"2"},"J3":{"FF":"2","H6":"2","F7":"2","W5":"2","28":"2","W6":"2","V6":"2","M5":"2","9R":"2","88":"2","7F":"2","P2":"2","Q4":"2","3G":"2","FH":"2","FG":"2","X5":"2","GG":"2","94":"2","GH":"2","45":"2","J3":"2","F6":"2","CC":"2","J2":"2","55":"2","38":"2","23":"2","J4":"2","X6":"2","93":"2","GF":"2","G5":"2","FW":"2","78":"2","87":"2","27":"2","P7":"2","4C":"2","47":"2","CW":"2","P6":"2","34":"2","J6":"2","J7":"2","FV":"2","G4":"2","CV":"2","3H":"2","MH":"2","25":"2","G6":"2"},"96":{"6R":"2","J4":"2","7Q":"2","6W":"2","6Q":"2","6X":"2"},"65":{"WP":"2","XP":"2","WQ":"2","XQ":"2"},"67":{"99":"2","86":"2","72":"2","76":"2","G3":"2","89":"2","9C":"2","83":"2","85":"2","75":"2","J2":"2","82":"2","H2":"2","8C":"2","73":"2"},"M2":{"95":"2","36":"2","2G":"2","5V":"2","5R":"2","PM":"2","3G":"2","2R":"2","2W":"2","MJ":"2","27":"2","M5":"2","M6":"2","4R":"2","86":"2","J4":"2","2H":"2","CH":"2","85":"2","FG":"2","JV":"2","JR":"2","2X":"2","56":"2","PJ":"2","G6":"2","55":"2","46":"2","2C":"2","4V":"2","HR":"2","QM":"2","FH":"2","76":"2","9G":"2","HV":"2","75":"2","2F":"2","3H":"2","9R":"2","QP":"2","96":"2","37":"2","H6":"2","CG":"2","J5":"2","6H":"2","G5":"2","MM":"2","9W":"2","H5":"2"},"37":{"VQ":"2","PJ":"2","VM":"2","RP":"2","QJ":"2","RQ":"2","VP":"2","XM":"2","PM":"2","CW":"2","XP":"2","RM":"2"},"F5":{"9X":"2","QJ":"2","FR":"2","HR":"2","8X":"2","HQ":"2","GH":"2","JR":"2","GR":"2","PM":"2","GW":"2","GX":"2","JQ":"2","7Q":"2","9W":"2","FW":"2","JP":"2","FV":"2","PJ":"2","JJ":"2","HH":"2","CV":"2","MJ":"2","CR":"2","FQ":"2","HV":"2","MP":"2","JV":"2","QH":"2","JX":"2","HX":"2","GV":"2","CW":"2","CX":"2","2V":"2","HW":"2","GQ":"2","JM":"2","MM":"2"},"64":{"H4":"2","M5":"2","J4":"2","M4":"2","C2":"2","J5":"2"},"J5":{"7G":"2","8G":"2","9G":"2","8F":"2","7F":"2"},"HG":{"9V":"2","FP":"2","8V":"2","CP":"2","G9":"2","FJ":"2"},"Q2":{"7C":"2","PV":"2","95":"2","58":"2","34":"2","6C":"2","22":"2","F3":"2","VR":"2","RX":"2","48":"2","GP":"2","9F":"2","47":"2","68":"2","93":"2","C4":"2","4C":"2","5G":"2","5C":"2","X6":"2","49":"2","9C":"2","PX":"2","6F":"2","X5":"2","QW":"2","RW":"2","H3":"2","CH":"2","77":"2","35":"2","66":"2","PW":"2","79":"2","56":"2","94":"2","W6":"2","G2":"2","55":"2","MW":"2","Q4":"2","59":"2","QV":"2","4G":"2","83":"2","8Q":"2","7J":"2","FH":"2","57":"2","4F":"2","5F":"2","76":"2","F2":"2","C3":"2","M4":"2","8P":"2","QX":"2","WQ":"2","65":"2","GQ":"2","67":"2","RV":"2","6H":"2","8J":"2","C2":"2","H2":"2","6G":"2","VQ":"2","F4":"2","FP":"2","RR":"2"},"C8":{"72":"2","82":"2","98":"2","74":"2","75":"2"},"82":{"MW":"2","RM":"2","PQ":"2","GH":"2","4P":"2","QQ":"2","PP":"2","QV":"2","CM":"2","V4":"2","RR":"2","QX":"2","PV":"2","PX":"2","PW":"2","2Q":"2","4Q":"2","2R":"2","3R":"2","RV":"2","GG":"2","MV":"2","MX":"2","RQ":"2","MP":"2","QP":"2","CC":"2","MR":"2","R4":"2","PR":"2","3Q":"2","CJ":"2","3P":"2","QM":"2","QW":"2","QR":"2","MQ":"2","9P":"2","CF":"2","RP":"2","FJ":"2","PG":"2","MM":"2"},"P3":{"QJ":"2","RM":"2","VW":"2","VX":"2","VR":"2","26":"2","VP":"2","46":"2","XX":"2","42":"2","RJ":"2","RH":"2","VQ":"2","47":"2","QH":"2","RP":"2","56":"2","VV":"2"},"X3":{"9X":"2","XC":"2","X9":"2"},"69":{"97":"2","C8":"2","98":"2"},"C2":{"MQ":"2","V8":"2","W9":"2","F5":"2","VR":"2","QC":"2","6G":"2","HQ":"2","JM":"2","3W":"2","PC":"2","VC":"2","9G":"2","JP":"2","W7":"2","44":"2","VF":"2","RQ":"2","H9":"2","PF":"2","JH":"2","43":"2","RF":"2","Q4":"2","V9":"2","3V":"2","74":"2","RR":"2","5H":"2","R6":"2","2P":"2","M8":"2","C4":"2","9W":"2","5G":"2","XC":"2","FQ":"2","HP":"2","PR":"2","C5":"2","3G":"2","WC":"2","GG":"2","V4":"2","HM":"2","MJ":"2","V7":"2","MF":"2","CG":"2","7F":"2","MG":"2","W6":"2","R9":"2","JF":"2","3M":"2","9F":"2","RJ":"2","6F":"2","J9":"2","8F":"2","R8":"2","34":"2","JJ":"2","JG":"2","QF":"2","PQ":"2","WJ":"2","FG":"2","V6":"2","2M":"2","X9":"2","Q2":"2","CF":"2","3P":"2","MC":"2","RC":"2","XP":"2","QG":"2","QQ":"2","MR":"2","GX":"2","7G":"2","6H":"2"},"P4":{"X5":"2","Q3":"2","P3":"2"},"3C":{"X2":"2","M2":"2","Q2":"2","72":"2","G3":"2","P2":"2","W2":"2","F3":"2","92":"2","45":"2","P3":"2","55":"2","82":"2","46":"2","73":"2","25":"2","Q3":"2"},"54":{"X3":"2","X2":"2","W2":"2"},"G5":{"M3":"2","62":"2","MF":"2","V8":"2","W4":"2","JR":"2","V3":"2","P8":"2","52":"2","JQ":"2","WM":"2","V4":"2","VP":"2","63":"2","VM":"2","W6":"2","G4":"2","PH":"2","V9":"2","7W":"2","VH":"2","J3":"2","W9":"2","53":"2","V7":"2","PJ":"2","R3":"2","F8":"2","G3":"2","F4":"2","J2":"2","V5":"2","JF":"2","RH":"2","6W":"2","R8":"2","W8":"2","6X":"2","3W":"2","JV":"2","MR":"2","R4":"2","6V":"2","WP":"2","QF":"2","HC":"2","R7":"2","QR":"2","M8":"2","MQ":"2","49":"2","JC":"2","7X":"2","R2":"2"},"H2":{"7C":"2","36":"2","2P":"2","5V":"2","GV":"2","6X":"2","5R":"2","PM":"2","32":"2","3J":"2","22":"2","3G":"2","99":"2","2R":"2","2W":"2","6Q":"2","R6":"2","P7":"2","7G":"2","2Q":"2","V2":"2","6R":"2","F8":"2","93":"2","CP":"2","3R":"2","4C":"2","CW":"2","WJ":"2","49":"2","4R":"2","3P":"2","V8":"2","7F":"2","9C":"2","9V":"2","24":"2","PX":"2","CM":"2","6F":"2","F9":"2","3V":"2","5J":"2","PH":"2","2H":"2","Q6":"2","4W":"2","XX":"2","35":"2","CV":"2","JV":"2","79":"2","HC":"2","56":"2","MP":"2","84":"2","7R":"2","6J":"2","F7":"2","5W":"2","G2":"2","MX":"2","JP":"2","PP":"2","P6":"2","55":"2","GJ":"2","8C":"2","4J":"2","G7":"2","JC":"2","CX":"2","FF":"2","25":"2","4V":"2","PR":"2","83":"2","4G":"2","XJ":"2","8V":"2","8R":"2","7J":"2","QM":"2","FJ":"2","4H":"2","7V":"2","4Q":"2","26":"2","PQ":"2","HM":"2","Q7":"2","HV":"2","X7":"2","MQ":"2","2J":"2","44":"2","VM":"2","F2":"2","75":"2","6W":"2","2V":"2","3H":"2","89":"2","72":"2","8P":"2","9R":"2","Q5":"2","R5":"2","CR":"2","QQ":"2","5Q":"2","GM":"2","5H":"2","QH":"2","QC":"2","65":"2","67":"2","64":"2","VJ":"2","M8":"2","FM":"2","Q9":"2","RM":"2","6H":"2","2M":"2","74":"2","RJ":"2","8J":"2","J8":"2","54":"2","53":"2","6G":"2","3M":"2","HP":"2","45":"2","3W":"2","9P":"2","R2":"2"},"C6":{"MW":"2","RM":"2","4J":"2","FM":"2","3H":"2","QV":"2","5H":"2","JW":"2","GP":"2","FP":"2","2J":"2","MJ":"2","FQ":"2","WC":"2","MV":"2","3J":"2","MP":"2","JX":"2","QW":"2","MQ":"2","GQ":"2","GM":"2","MM":"2"},"38":{"W8":"2","G9":"2","3G":"2","F3":"2","GP":"2","R6":"2","P7":"2","CP":"2","5C":"2","X6":"2","CQ":"2","V8":"2","CM":"2","PH":"2","Q6":"2","HQ":"2","W9":"2","G4":"2","P6":"2","R7":"2","FF":"2","59":"2","4G":"2","V9":"2","P9":"2","4F":"2","9Q":"2","HM":"2","Q7":"2","X7":"2","GC":"2","Q5":"2","FQ":"2","GM":"2","GQ":"2","FM":"2","Q8":"2","P8":"2","RQ":"2","3C":"2","3F":"2","HP":"2","F4":"2","9P":"2","FP":"2"},"F4":{"X2":"2","X8":"2","RW":"2","62":"2","X7":"2","X4":"2","4J":"2","V2":"2","W2":"2","24":"2","X9":"2","W3":"2","W7":"2","3C":"2","X3":"2","V3":"2","25":"2","36":"2","VW":"2"},"H5":{"7C":"2","4G":"2","6C":"2","V7":"2","58":"2","88":"2","7F":"2","79":"2","3G":"2","75":"2","3F":"2","45":"2","2C":"2","2G":"2","4F":"2","W7":"2","6F":"2","69":"2","2F":"2","5C":"2","78":"2","4C":"2","3C":"2","59":"2","49":"2","37":"2","68":"2"},"92":{"QJ":"2","RM":"2","PQ":"2","WV":"2","GX":"2","9W":"2","65":"2","8W":"2","J2":"2","MJ":"2","CH":"2","RJ":"2","55":"2","6W":"2","WR":"2","PR":"2","QM":"2","CG":"2","QR":"2","9V":"2","56":"2","JM":"2","66":"2","MM":"2","VV":"2"},"R2":{"77":"2","2J":"2","28":"2","4J":"2","67":"2","4H":"2","38":"2","6F":"2","69":"2","5C":"2","7H":"2","4C":"2","3H":"2","2M":"2","59":"2"}},"V5":{"68":{"7V":"2","8V":"2"}},"2F":{"GV":{"52":"2"},"3Q":{"MR":"2","MV":"2"},"WJ":{"HM":"2"},"GR":{"JQ":"2","QR":"2","MR":"2","9W":"2","8W":"2","MQ":"2","JR":"2"}},"2H":{"57":{"XG":"2"},"7P":{"4P":"2","4M":"2","8P":"2","CR":"2","6Q":"2","7Q":"2","GG":"2","2P":"2","6M":"2","GH":"2","FR":"2","9Q":"2","7H":"2","3P":"2","7M":"2","5M":"2","5P":"2","7P":"2","6P":"2","8G":"2","6H":"2","5Q":"2"},"3P":{"GF":"2"},"64":{"G8":"2","G7":"2","C7":"2","MF":"2","G6":"2","G9":"2","J8":"2","M9":"2","P9":"2","PH":"2","H8":"2","J9":"2","H9":"2","MC":"2","F6":"2","JF":"2","H6":"2","PF":"2","H7":"2","HC":"2","G5":"2","F7":"2","J7":"2","PC":"2","PG":"2","JC":"2"},"44":{"W8":"2"},"HR":{"6W":"2","7W":"2","5W":"2"},"M3":{"GV":"2","GW":"2","HW":"2"},"HH":{"4X":"2"},"36":{"38":"2"},"6P":{"QQ":"2"},"26":{"W7":"2","V6":"2","V7":"2","W6":"2"}},"4F":{"R3":{"X9":"2","W9":"2"},"QM":{"3H":"2"},"MV":{"HJ":"2"}},"58":{"H6":{"WR":"2","XR":"2","WW":"2","VV":"2","VR":"2","XQ":"2"},"J6":{"2R":"2"}},"H8":{"85":{"R3":"2","X4":"2","X5":"2","W3":"2","X3":"2","V3":"2","Q3":"2"},"F8":{"G9":"2"},"M3":{"P5":"2"},"27":{"XM":"2"},"P2":{"MH":"2","PG":"2","8V":"2","MG":"2","R9":"2","8W":"2","CV":"2"},"95":{"47":"2","27":"2","25":"2","26":"2"}},"J2":{"GR":{"QG":"2","8R":"2","6Q":"2","7Q":"2","8Q":"2","VP":"2","QH":"2","7P":"2","6P":"2","RM":"2"}},"9C":{"5P":{"R2":"2"},"X3":{"W8":"2"},"X2":{"XX":"2","XW":"2","QV":"2","XV":"2","QR":"2","XR":"2","WV":"2","WR":"2"},"5M":{"QX":"2","RX":"2"},"C8":{"5X":"2"},"W3":{"2W":"2","2V":"2","3W":"2"}},"3H":{"XX":{"7M":"2","7P":"2","8J":"2","6Q":"2","7J":"2","8M":"2","9M":"2"},"9V":{"J2":"2"},"4V":{"WG":"2","HX":"2"},"5R":{"P7":"2","PJ":"2","M8":"2","QF":"2","CQ":"2"},"3W":{"HJ":"2","GH":"2","GJ":"2","HH":"2"},"CX":{"X3":"2","X2":"2"},"6R":{"MW":"2","4F":"2","2R":"2"},"5W":{"23":"2"},"45":{"W8":"2","VC":"2","V9":"2","W9":"2","WC":"2","V8":"2"},"9X":{"93":"2","C3":"2"},"5V":{"X8":"2","VF":"2","WM":"2"},"55":{"27":"2"},"9W":{"2W":"2","2V":"2"},"6W":{"22":"2"},"H3":{"JH":"2","MH":"2","PJ":"2","MJ":"2","PM":"2"},"FX":{"23":"2","22":"2"},"2F":{"MC":"2"},"XH":{"RM":"2"},"FW":{"4C":"2"},"6V":{"G9":"2","XM":"2","G2":"2"},"7V":{"5H":"2","6J":"2","2H":"2","6H":"2","7J":"2","GC":"2","84":"2","5G":"2"},"8W":{"VQ":"2","PJ":"2","RJ":"2","VM":"2","VJ":"2","RP":"2","QJ":"2","QM":"2","24":"2","VP":"2","WM":"2","WP":"2","PH":"2","WQ":"2","QP":"2","MH":"2","RM":"2"}},"26":{"74":{"WX":"2"}},"J6":{"RG":{"VG":"2","WF":"2","WC":"2"},"MM":{"5H":"2"}},"37":{"R2":{"QW":"2"},"WP":{"J2":"2","H2":"2"},"WM":{"JX":"2","JV":"2","HJ":"2","HM":"2","JR":"2","JM":"2","HX":"2","JJ":"2","GJ":"2","MM":"2"}},"5M":{"63":{"FQ":"2","67":"2","76":"2","GX":"2","86":"2","CQ":"2","77":"2"},"H4":{"V6":"2"},"72":{"HW":"2","JW":"2","MX":"2","CX":"2","JX":"2","RW":"2"},"62":{"PW":"2","PV":"2","QV":"2","QW":"2","XW":"2","RW":"2"},"G2":{"W7":"2","W8":"2","X8":"2","X6":"2","X7":"2","W6":"2","W9":"2"},"G3":{"2J":"2","9V":"2","3J":"2","9W":"2","2H":"2","7H":"2","3H":"2"},"F3":{"JQ":"2","FQ":"2","H4":"2","F7":"2","CQ":"2","CR":"2","9R":"2","MQ":"2","J3":"2","CC":"2","8Q":"2","FR":"2","J4":"2","G5":"2","7H":"2","G4":"2","6H":"2"},"92":{"7R":"2","HV":"2","HR":"2","5X":"2","GR":"2"},"54":{"X9":"2","G9":"2","84":"2","VJ":"2","XV":"2","WM":"2","VP":"2","VM":"2","V9":"2","XF":"2","VH":"2","H9":"2","W9":"2","XJ":"2","VC":"2","XG":"2","86":"2","85":"2","WC":"2","XR":"2","WH":"2","WP":"2","VF":"2","88":"2","HC":"2","WF":"2","WJ":"2","WG":"2"},"83":{"PV":"2","XR":"2","62":"2","GV":"2","5R":"2","PM":"2","VR":"2","RX":"2","GP":"2","WX":"2","VP":"2","MR":"2","WJ":"2","WR":"2","4R":"2","MV":"2","XH":"2","VC":"2","QW":"2","RW":"2","HQ":"2","FR":"2","85":"2","WW":"2","JV":"2","VF":"2","JR":"2","PW":"2","MP":"2","84":"2","XV":"2","94":"2","PJ":"2","5W":"2","PP":"2","8C":"2","4J":"2","QJ":"2","WF":"2","87":"2","Q4":"2","4V":"2","QV":"2","PR":"2","XQ":"2","XP":"2","83":"2","XJ":"2","HX":"2","HR":"2","QM":"2","WH":"2","WV":"2","P2":"2","M7":"2","W4":"2","4Q":"2","PQ":"2","HM":"2","XM":"2","HV":"2","GR":"2","MQ":"2","97":"2","VM":"2","VV":"2","98":"2","72":"2","QX":"2","WQ":"2","WP":"2","3Q":"2","JW":"2","GQ":"2","HW":"2","RP":"2","VX":"2","VJ":"2","RV":"2","Q2":"2","82":"2","P3":"2","RM":"2","RJ":"2","88":"2","RQ":"2","MM":"2","WM":"2","VW":"2","HP":"2","VQ":"2","RR":"2"},"94":{"P2":"2"},"J3":{"2Q":"2","28":"2","5R":"2","4V":"2","3R":"2","6Q":"2","7Q":"2","6R":"2","39":"2","7R":"2","5H":"2","5V":"2","38":"2","6V":"2","27":"2","26":"2","2R":"2","3Q":"2","37":"2"},"C3":{"2W":"2","WX":"2","JJ":"2","2V":"2","MR":"2","JM":"2","8W":"2"},"J2":{"5P":"2","4R":"2","4P":"2","5Q":"2","5R":"2","2V":"2","3V":"2","4Q":"2"},"H3":{"X8":"2","WF":"2","X6":"2","VF":"2","P2":"2","M2":"2","X7":"2","WC":"2"},"82":{"8X":"2","73":"2","QQ":"2","54":"2","PM":"2","64":"2","63":"2","74":"2","QX":"2","93":"2","45":"2","PV":"2","PX":"2","53":"2","83":"2","PJ":"2","JJ":"2","MJ":"2","6W":"2","6X":"2","MV":"2","QP":"2","MR":"2","PR":"2","MH":"2","72":"2","7X":"2","82":"2"},"53":{"RM":"2","X9":"2","V8":"2","XC":"2","R9":"2","P8":"2","Q7":"2","W7":"2","X8":"2","P9":"2","V9":"2","XF":"2","W9":"2","V7":"2","VC":"2","P7":"2","QC":"2","WC":"2","R8":"2","W8":"2","RC":"2","QM":"2","Q9":"2","PF":"2","R7":"2","PC":"2","RP":"2","Q8":"2"},"93":{"38":"2","WW":"2","CP":"2","2Q":"2","PJ":"2","MM":"2","MJ":"2","2M":"2","PM":"2","49":"2","PX":"2","58":"2","48":"2","39":"2"},"74":{"X9":"2","38":"2","GH":"2","3H":"2","XC":"2","VJ":"2","5H":"2","GJ":"2","59":"2","XF":"2","VH":"2","XH":"2","79":"2","XJ":"2","Q5":"2","57":"2","XG":"2","JJ":"2","HH":"2","CH":"2","FH":"2","FG":"2","7H":"2","68":"2","WH":"2","CC":"2","47":"2","4H":"2","58":"2","3G":"2","89":"2","WP":"2","CG":"2","9H":"2","6H":"2","9C":"2","7C":"2","8C":"2","9F":"2","69":"2","JH":"2","WJ":"2","R5":"2","FJ":"2","WG":"2"},"H2":{"MR":"2","QV":"2","VR":"2","QR":"2","RW":"2","MX":"2","RV":"2","3F":"2","QW":"2","QQ":"2","PV":"2","MW":"2","PW":"2","PX":"2","WC":"2","QP":"2","QX":"2"},"84":{"P3":"2","38":"2","H5":"2","7J":"2","Q2":"2","2F":"2","V2":"2","8J":"2","W2":"2","8F":"2","2C":"2","2M":"2","57":"2","78":"2","R3":"2","29":"2","Q3":"2","F8":"2","2J":"2","H4":"2","7H":"2","98":"2","68":"2","8P":"2","99":"2","47":"2","8M":"2","C9":"2","58":"2","89":"2","67":"2","C8":"2","48":"2","88":"2","6M":"2","9C":"2","8C":"2","R2":"2"},"73":{"R5":"2","PC":"2","P5":"2","M5":"2","P6":"2","M4":"2","P7":"2","Q7":"2","J2":"2","G5":"2","Q8":"2","Q5":"2","M8":"2","P4":"2","P2":"2","M2":"2","Q6":"2","J6":"2","H5":"2","R4":"2","P8":"2","M7":"2"},"64":{"X9":"2","GF":"2","FM":"2","RF":"2","28":"2","MF":"2","XC":"2","G4":"2","35":"2","45":"2","8Q":"2","32":"2","6R":"2","MC":"2","43":"2","HF":"2","2J":"2","44":"2","H4":"2","5Q":"2","JF":"2","5M":"2","5R":"2","8P":"2","6Q":"2","WH":"2","MP":"2","33":"2","QF":"2","FF":"2","CG":"2","HC":"2","RG":"2","34":"2","6M":"2","GC":"2","FJ":"2","JC":"2"}},"F3":{"8P":{"MC":"2","RR":"2","MF":"2","VV":"2","VR":"2","VP":"2","VW":"2","RV":"2"}},"56":{"97":{"G6":"2","PC":"2","H6":"2","P7":"2","J8":"2","M9":"2","P9":"2","H7":"2","M7":"2","P8":"2"},"C8":{"66":"2"}},"57":{"9F":{"29":"2"}},"M7":{"4P":{"XX":"2","42":"2","2V":"2","HQ":"2","FM":"2","GR":"2","96":"2","27":"2","WX":"2","XP":"2","2W":"2"},"4M":{"HJ":"2","6W":"2","2X":"2","3X":"2","4X":"2"},"FF":{"F6":"2"},"3M":{"FW":"2"},"GC":{"68":"2","69":"2"},"QC":{"FP":"2","FC":"2"},"6X":{"RF":"2"},"2P":{"6R":"2","RG":"2","6Q":"2","5Q":"2","5R":"2","MR":"2"},"6M":{"6J":"2","5V":"2","XC":"2","5R":"2","R7":"2","M9":"2","P9":"2","7X":"2","X9":"2","8X":"2","5J":"2"},"2C":{"3C":"2","3G":"2","5C":"2","6C":"2","2C":"2","4G":"2","5F":"2","4F":"2","6F":"2","4C":"2","2F":"2","3F":"2"},"2G":{"72":"2","82":"2"},"G8":{"GX":"2"},"Q8":{"29":"2"},"3X":{"8R":"2","8P":"2","CQ":"2","9V":"2","CR":"2","9R":"2","8Q":"2","FR":"2","9P":"2","9Q":"2"},"WF":{"25":"2","77":"2"},"GF":{"56":"2","97":"2","47":"2","96":"2","88":"2"},"2H":{"CQ":"2"},"5J":{"HM":"2","JQ":"2","HP":"2","JM":"2","W9":"2","JP":"2"},"3P":{"MW":"2","FR":"2","4P":"2","XV":"2","4Q":"2","4V":"2","5Q":"2","CR":"2","FQ":"2","3R":"2","XR":"2","GG":"2","6X":"2","5R":"2","MV":"2","PR":"2","3Q":"2","3P":"2","QR":"2","V6":"2","4R":"2"},"3C":{"G9":"2","H9":"2"},"7M":{"3C":"2","5C":"2","2C":"2","4C":"2","59":"2","49":"2","29":"2"},"5M":{"JV":"2","8R":"2","4V":"2","6Q":"2","8V":"2","7W":"2","JM":"2","HW":"2","6R":"2","5W":"2","4W":"2","7R":"2","5V":"2","6W":"2","6V":"2","HV":"2","7V":"2","8W":"2"},"5P":{"QC":"2","5P":"2","6Q":"2","5Q":"2","6P":"2"},"3Q":{"G8":"2","M7":"2","HG":"2","JG":"2","C7":"2","GF":"2","73":"2","GH":"2","MF":"2","G9":"2","W4":"2","54":"2","J8":"2","84":"2","64":"2","Q7":"2","F9":"2","M9":"2","C6":"2","MG":"2","94":"2","93":"2","H8":"2","8F":"2","J9":"2","95":"2","H9":"2","MC":"2","83":"2","HH":"2","JJ":"2","HF":"2","P7":"2","F8":"2","F6":"2","V5":"2","CH":"2","FH":"2","JF":"2","R6":"2","55":"2","FG":"2","C5":"2","GG":"2","CC":"2","92":"2","X4":"2","FF":"2","HC":"2","CG":"2","PC":"2","J7":"2","M8":"2","9C":"2","7C":"2","8C":"2","9F":"2","FC":"2","CF":"2","R5":"2","GC":"2","FJ":"2","66":"2","JC":"2","7F":"2","82":"2"},"RC":{"57":"2","FQ":"2","25":"2","26":"2"},"G9":{"PC":"2","MC":"2","RG":"2","PF":"2","RF":"2","MF":"2","QF":"2"},"JC":{"R6":"2"},"4Q":{"24":"2","23":"2","33":"2","44":"2","25":"2","F3":"2","34":"2","43":"2"},"P9":{"V6":"2","8H":"2"}},"H7":{"QX":{"V4":"2","W4":"2"},"VQ":{"FX":"2"},"XQ":{"QF":"2"}},"2M":{"W8":{"HV":"2","HR":"2"},"H7":{"HP":"2"},"XC":{"HF":"2","QP":"2","RP":"2"},"92":{"CH":"2","CJ":"2"},"J9":{"MC":"2"},"98":{"VM":"2"},"H8":{"5X":"2","8V":"2","7W":"2","CH":"2","6X":"2","FH":"2","FG":"2","5W":"2","6W":"2","9P":"2","CG":"2","VX":"2","WX":"2","7V":"2"},"33":{"8W":"2"},"G5":{"WW":"2","WX":"2","RX":"2","VW":"2","RW":"2"},"VC":{"JH":"2","MH":"2","JJ":"2","MJ":"2","PM":"2"},"H9":{"R3":"2","86":"2","77":"2","66":"2","76":"2","62":"2","V2":"2","R2":"2","85":"2","75":"2","87":"2","65":"2","52":"2"}},"H4":{"Q6":{"XV":"2","WV":"2","WW":"2","WX":"2"}},"8H":{"56":{"5X":"2","9Q":"2","6X":"2"},"57":{"63":"2","35":"2","62":"2","42":"2","54":"2","45":"2","55":"2","33":"2","53":"2","43":"2","26":"2","52":"2","44":"2","32":"2","64":"2","25":"2","36":"2"},"HW":{"56":"2","57":"2"},"47":{"GF":"2","R3":"2","VC":"2","V9":"2","R9":"2","92":"2"},"46":{"9X":"2","HR":"2","HQ":"2","JR":"2","VX":"2","QV":"2","JQ":"2","RW":"2","WX":"2","PV":"2","XX":"2","RV":"2","FG":"2","3W":"2","3V":"2","HV":"2","JV":"2","FF":"2","CG":"2","GV":"2","FC":"2","CF":"2"},"25":{"2W":"2","4R":"2","2X":"2","4V":"2"},"26":{"35":"2","36":"2","26":"2"},"29":{"XC":"2","V2":"2","W2":"2","X9":"2"},"39":{"58":"2","29":"2"}},"X4":{"C6":{"79":"2","HF":"2","4W":"2","JF":"2","3W":"2"},"38":{"VH":"2"},"6F":{"65":"2"},"4C":{"52":"2"},"59":{"38":"2"},"95":{"XG":"2"},"49":{"7P":"2","W8":"2","7Q":"2","X8":"2","6Q":"2","5X":"2","6P":"2","X9":"2"}},"CF":{"R3":{"Q7":"2","Q8":"2","R8":"2","R7":"2"},"H6":{"7C":"2","H7":"2","GC":"2","J8":"2","F9":"2","7F":"2","M8":"2","6M":"2","F6":"2","H8":"2","G7":"2","G8":"2","F8":"2","7P":"2","6P":"2","G9":"2","M9":"2","H9":"2"},"M6":{"G5":"2"},"P5":{"3C":"2","2C":"2","29":"2","39":"2"},"W5":{"9M":"2","38":"2","M5":"2","3H":"2","F5":"2","39":"2","2G":"2","VR":"2","P5":"2","WM":"2","26":"2","25":"2","2H":"2","3M":"2","C6":"2","76":"2","P4":"2","35":"2","96":"2","95":"2","2P":"2","37":"2","Q5":"2","2M":"2","2Q":"2","XG":"2","86":"2","2J":"2","F6":"2","C5":"2","36":"2","WR":"2","3J":"2","6Q":"2","4H":"2","3G":"2","3Q":"2","WP":"2","P6":"2","3P":"2","M6":"2","M4":"2","WG":"2","Q6":"2"},"V5":{"V8":"2","3Q":"2","F4":"2","W9":"2","F5":"2","3R":"2","6G":"2","3F":"2","M5":"2","HQ":"2","2R":"2","97":"2","27":"2","VJ":"2","7J":"2","5J":"2","6J":"2","46":"2","36":"2","GR":"2","4P":"2","H9":"2","JV":"2","6M":"2","HG":"2","P8":"2","Q9":"2","GF":"2","FP":"2","GJ":"2","H5":"2","V9":"2","4R":"2","4J":"2","8Q":"2","5H":"2","C8":"2","CQ":"2","6P":"2","X5":"2","P7":"2","2P":"2","38":"2","45":"2","5G":"2","GH":"2","5P":"2","GV":"2","FQ":"2","HV":"2","F8":"2","VG":"2","2G":"2","Q8":"2","C5":"2","H2":"2","3G":"2","GM":"2","4H":"2","GG":"2","C6":"2","FR":"2","G6":"2","G5":"2","35":"2","2J":"2","96":"2","3J":"2","4Q":"2","X8":"2","P6":"2","G4":"2","7H":"2","2C":"2","3M":"2","HF":"2","J4":"2","4M":"2","2F":"2","2Q":"2","4V":"2","34":"2","6Q":"2","C7":"2","Q6":"2","H8":"2","J2":"2","P9":"2","3H":"2","5Q":"2","GP":"2","PQ":"2","J6":"2","37":"2","5M":"2","HC":"2","CV":"2","H7":"2","2M":"2","H4":"2","X9":"2","Q2":"2","F7":"2","2V":"2","FM":"2","3P":"2","98":"2","5R":"2","F6":"2","RC":"2","H6":"2","CR":"2","GQ":"2","7G":"2","W5":"2","JQ":"2","J5":"2","Q7":"2","6H":"2"},"W6":{"F7":"2","G7":"2","F8":"2","C7":"2","C8":"2","G8":"2","CG":"2","FG":"2"},"V6":{"QF":"2"},"M5":{"HR":"2"},"R5":{"PQ":"2","VW":"2","WQ":"2","M3":"2","WW":"2","V8":"2","M5":"2","QQ":"2","WV":"2","XC":"2","R9":"2","W7":"2","Q7":"2","X8":"2","P5":"2","XV":"2","XP":"2","P9":"2","VM":"2","P4":"2","XF":"2","J9":"2","G2":"2","J3":"2","XJ":"2","Q5":"2","V7":"2","CV":"2","G3":"2","MJ":"2","J6":"2","CR":"2","J4":"2","W8":"2","WR":"2","9R":"2","F2":"2","XQ":"2","CC":"2","P6":"2","FF":"2","PC":"2","9V":"2","M4":"2","M2":"2","FC":"2","CF":"2","XM":"2","Q6":"2","VV":"2"},"J8":{"P4":"2","87":"2"},"V2":{"4R":"2"},"W2":{"J8":"2","GC":"2","J6":"2"},"Q4":{"GW":"2","PW":"2","7W":"2","GX":"2","7X":"2"},"V4":{"JW":"2","HX":"2"},"X5":{"35":"2","24":"2","8G":"2","9G":"2","25":"2","74":"2","26":"2","78":"2","75":"2","77":"2","34":"2"},"W3":{"4C":"2"},"96":{"RW":"2"},"P7":{"3Q":"2","3R":"2"},"3C":{"R5":"2","R8":"2","R6":"2","R7":"2"},"R4":{"MW":"2","GX":"2"}},"F7":{"62":{"JC":"2"},"F9":{"GX":"2"},"JM":{"Q4":"2"},"FC":{"H2":"2"}},"8G":{"G8":{"8G":"2","8F":"2","7F":"2"},"HG":{"X4":"2"},"JG":{"W8":"2","34":"2","62":"2","52":"2","RG":"2","R6":"2","JF":"2","XF":"2","93":"2","PC":"2","C4":"2","5C":"2","C7":"2","MF":"2","C5":"2","86":"2","VC":"2","QW":"2","PH":"2","77":"2","85":"2","W9":"2","VF":"2","56":"2","HC":"2","94":"2","F7":"2","G2":"2","G6":"2","RF":"2","JC":"2","WF":"2","V9":"2","XC":"2","GW":"2","F6":"2","63":"2","QF":"2","44":"2","97":"2","C3":"2","V5":"2","98":"2","72":"2","R5":"2","PG":"2","RC":"2","QH":"2","QC":"2","VH":"2","65":"2","F5":"2","64":"2","VJ":"2","QG":"2","C8":"2","G5":"2","53":"2","C6":"2","MC":"2","V6":"2","H9":"2","WC":"2"},"RF":{"C6":"2","C5":"2"},"G9":{"J2":"2","J3":"2"},"PM":{"VG":"2","WF":"2","VF":"2"},"VP":{"4P":"2","4M":"2","8P":"2","CR":"2","8X":"2","CX":"2","6R":"2","83":"2","9X":"2","7R":"2","8Q":"2","9W":"2","FX":"2","9P":"2","9Q":"2","CW":"2","5M":"2","7V":"2","5P":"2","CV":"2","7X":"2"},"V9":{"89":"2"},"MG":{"6C":"2","V8":"2","G9":"2","54":"2","W7":"2","2F":"2","5C":"2","5V":"2","59":"2","3C":"2","2C":"2","2P":"2","79":"2","2M":"2","V7":"2","2Q":"2","2J":"2","W8":"2","4F":"2","4C":"2","CC":"2","99":"2","C9":"2","5F":"2","58":"2","89":"2","3Q":"2","3P":"2","9C":"2","7C":"2","6H":"2","8C":"2","49":"2","69":"2"},"RW":{"CM":"2"},"95":{"H4":"2","J4":"2","M4":"2","F4":"2"},"57":{"36":"2"},"HF":{"72":"2","54":"2","83":"2","85":"2","75":"2","82":"2","93":"2","74":"2","84":"2","73":"2"},"JF":{"JQ":"2","JW":"2","JX":"2","MQ":"2"},"VQ":{"82":"2","44":"2"},"8P":{"C6":"2","97":"2"},"RQ":{"PP":"2"},"99":{"3Q":"2","4Q":"2"},"PR":{"VG":"2","RH":"2","VH":"2"},"WP":{"CP":"2"},"MQ":{"FR":"2","FQ":"2","GR":"2"},"JH":{"C5":"2"},"PG":{"56":"2","65":"2","75":"2"}},"F6":{"56":{"32":"2","MG":"2","42":"2","52":"2","43":"2"},"55":{"5R":"2","3X":"2","3W":"2"},"4J":{"H2":"2"}},"R5":{"35":{"4X":"2"},"36":{"42":"2"}},"86":{"H6":{"6R":"2","4W":"2","5X":"2","4X":"2","5W":"2","4V":"2"},"GG":{"55":"2","54":"2","45":"2","74":"2","53":"2"},"H7":{"57":"2","42":"2","52":"2","53":"2"}},"J3":{"83":{"GH":"2","JJ":"2","HH":"2","GG":"2","FC":"2"}},"H6":{"XV":{"5J":"2"},"V8":{"39":"2"}},"7G":{"9X":{"2M":"2"},"33":{"3G":"2","2H":"2","4G":"2","2F":"2","5G":"2"},"JG":{"3C":"2","27":"2","25":"2","26":"2","39":"2"},"HG":{"W7":"2","X8":"2","V4":"2","X6":"2","X7":"2","W6":"2","W4":"2"}},"V3":{"9V":{"68":"2","67":"2"}},"6H":{"G6":{"97":"2"},"J4":{"HF":"2","JC":"2","HC":"2"},"FM":{"63":"2","62":"2","74":"2","42":"2","52":"2","73":"2"},"C7":{"5X":"2","4X":"2"},"CJ":{"99":"2","XQ":"2","77":"2","66":"2","28":"2","76":"2","PF":"2","WJ":"2","F9":"2","MC":"2","C9":"2","88":"2","QC":"2","PC":"2","J9":"2","67":"2","98":"2","38":"2","WH":"2","RF":"2","XM":"2","WF":"2","VG":"2","87":"2","VF":"2","47":"2","56":"2","XP":"2","46":"2","QF":"2","G9":"2","JC":"2","WG":"2","XJ":"2","37":"2","H9":"2"},"C8":{"42":"2","52":"2"},"FJ":{"2W":"2","2Q":"2","2V":"2","2X":"2","3X":"2","4X":"2","3W":"2","2R":"2"},"8R":{"C8":"2"},"RJ":{"FR":"2"},"9J":{"M7":"2","X8":"2","M6":"2","F7":"2","W8":"2","P8":"2","M5":"2","R8":"2","M8":"2","F6":"2","CC":"2","V9":"2","C7":"2","Q8":"2","R9":"2","G5":"2","P7":"2","F5":"2","P6":"2","C8":"2","G4":"2","Q7":"2","G6":"2","W9":"2"}}}}