{"index":{"university,1|retail,2|tourism,3|wreck,4|historical,5|artsCulture,6|namedBuilding,7|water,8|wetland,9|park,10|beach,11|natureReserve,12|cemetery,13|trail,14":{}},"5V":{"MW":{"6J":{"38":"2"},"2M":{"4Q":"2"},"CW":{"43":"2"}},"C7":{"FF":{"7V":"2","7Q":"2"},"99":{"RM":"2","X8":"2","PX":"2"},"PJ":{"CG":"2","69":"2"},"9G":{"G7":"2","MX":"2"},"8R":{"25":"2"},"M5":{"35":"2","26":"2"},"JR":{"3H":"2"},"C9":{"27":"2"},"XC":{"52":"2"},"CH":{"93":"2"},"CJ":{"46":"2"},"9C":{"X2":"2","P2":"2","VJ":"2"},"CF":{"JX":"2","8X":"2","9X":"2","PV":"2","MW":"2","HX":"2","MV":"2","JW":"2"},"7R":{"QG":"2","RF":"2","VC":"2","RH":"2","QH":"2"},"8Q":{"5R":"2","FX":"2","CV":"2"},"9F":{"MJ":"2","H8":"2","VQ":"2","FX":"2","FW":"2"},"CG":{"QH":"2"},"7P":{"C7":"2"},"8M":{"4G":"2"}},"GF":{"QJ":{"72":"2","62":"2"},"CF":{"XG":"2"},"F6":{"WX":"2","VV":"2"},"QH":{"7X":"2","6X":"2"}},"R9":{"4G":{"6W":"2","6V":"2"}},"GW":{"W2":{"GR":"2"}},"P8":{"FX":{"3W":"2"}},"M9":{"FR":{"FF":"2"},"VC":{"VC":"2","V9":"2","R9":"2"},"HQ":{"6P":"2"},"WC":{"28":"2"},"PX":{"QP":"2"}},"F9":{"63":{"PW":"2"},"66":{"CQ":"2"},"75":{"54":"2"},"38":{"6C":"2"},"65":{"82":"2"},"47":{"22":"2"},"46":{"8Q":"2","3R":"2"},"64":{"8F":"2"},"37":{"JH":"2","P6":"2","R3":"2","MW":"2","V3":"2","Q4":"2","M8":"2","HH":"2"}},"X8":{"P8":{"JM":"2"}},"P9":{"R3":{"74":"2","6X":"2"},"HP":{"WV":"2"},"HM":{"VV":"2"},"M5":{"P8":"2"},"V4":{"43":"2"},"F6":{"PR":"2","QP":"2","Q8":"2","PJ":"2","MG":"2","V5":"2"},"38":{"X5":"2","X4":"2"},"48":{"24":"2"},"93":{"4V":"2"},"JP":{"68":"2","8C":"2","CH":"2","79":"2","GJ":"2"},"F5":{"PJ":"2","PF":"2","R8":"2","F3":"2","92":"2","PC":"2","PG":"2","PM":"2","PH":"2","G4":"2","QF":"2","M9":"2"},"X3":{"5C":"2","4F":"2","4C":"2","59":"2"},"PX":{"7P":"2","6R":"2","8J":"2","6Q":"2","8H":"2"},"R4":{"62":"2","52":"2"},"Q5":{"95":"2"},"G6":{"25":"2"}},"C6":{"WR":{"WP":"2","WX":"2","VP":"2","VW":"2","VM":"2","WM":"2"},"WV":{"4P":"2","R6":"2","HC":"2","V7":"2","Q6":"2","R5":"2","4J":"2","2V":"2","3V":"2","R2":"2","6M":"2","6J":"2","5J":"2","3P":"2","P6":"2","5M":"2","2R":"2","Q7":"2","R4":"2","Q5":"2","H9":"2","2W":"2"},"XM":{"MW":"2","VC":"2"},"VV":{"QX":"2","RX":"2","GX":"2","XW":"2"},"MX":{"CV":"2"},"VW":{"J2":"2","G2":"2"}},"X7":{"7R":{"J2":"2","G2":"2"},"7Q":{"HX":"2","GX":"2","JX":"2"}},"JW":{"9R":{"2F":"2","3F":"2"},"7Q":{"8F":"2"},"4J":{"H5":"2"},"8H":{"GP":"2"},"8R":{"8P":"2","PH":"2","GJ":"2","8M":"2","9M":"2"},"J5":{"R3":"2"},"5G":{"RQ":"2"}},"MC":{"G6":{"XG":"2"},"V4":{"XV":"2","XR":"2","49":"2"},"V5":{"X6":"2","RJ":"2","X7":"2"},"C5":{"48":"2"}},"HF":{"47":{"VP":"2","RP":"2"},"76":{"25":"2","34":"2"}},"29":{"WW":{"XW":"2"},"XX":{"7C":"2","F4":"2","58":"2","54":"2","83":"2","82":"2","69":"2","5C":"2","C6":"2","74":"2","4C":"2","84":"2","73":"2","59":"2"},"XW":{"FR":"2","9X":"2","8V":"2","5V":"2","XC":"2","WF":"2","9W":"2","8W":"2","8R":"2","8X":"2"}},"F8":{"GH":{"WW":"2","RW":"2"},"CH":{"X7":"2"},"9H":{"4F":"2","83":"2","H3":"2","84":"2","G2":"2"},"8G":{"XV":"2"},"9G":{"3Q":"2","6V":"2","8W":"2"},"GJ":{"QQ":"2"},"FH":{"GC":"2"}},"F6":{"3M":{"3M":"2"},"Q2":{"CP":"2"},"6C":{"R3":"2","Q3":"2","Q4":"2"},"89":{"JW":"2"},"5F":{"79":"2","7C":"2"},"2P":{"Q2":"2"},"98":{"PH":"2"},"C7":{"MR":"2","PJ":"2","9G":"2","RP":"2","QJ":"2","RQ":"2","QM":"2","PP":"2","VP":"2","PQ":"2","QP":"2","RM":"2"},"F8":{"57":"2","6C":"2","79":"2","7C":"2","69":"2"},"C8":{"H4":"2","J4":"2","G3":"2","H5":"2","J5":"2","H3":"2","H2":"2","G2":"2","29":"2"},"JC":{"XG":"2"},"GM":{"MW":"2"},"GP":{"H4":"2","7V":"2"},"8W":{"5R":"2","3W":"2"}},"MV":{"39":{"59":"2"}},"98":{"MW":{"97":"2","67":"2","79":"2","89":"2","88":"2","78":"2","87":"2"},"GF":{"F8":"2"},"RF":{"4H":"2","H6":"2","CH":"2","X4":"2","2H":"2","PF":"2","9P":"2","J5":"2","9Q":"2","Q2":"2"},"MF":{"X3":"2","W2":"2"},"V8":{"FP":"2","JR":"2"},"R9":{"RG":"2","QG":"2","XF":"2","PP":"2","RF":"2","X6":"2","HX":"2","WF":"2","WG":"2"},"P8":{"QM":"2"},"W7":{"R8":"2","8F":"2"},"VP":{"92":"2"},"PH":{"6W":"2","7W":"2","8W":"2","FG":"2"},"V9":{"99":"2","95":"2","C9":"2","9C":"2","98":"2","C7":"2","47":"2","C8":"2","97":"2"},"X6":{"JG":"2","P8":"2","PF":"2","PG":"2","QF":"2","RC":"2","P9":"2"},"W9":{"2C":"2"},"MC":{"XV":"2","WV":"2","XR":"2","WW":"2","WX":"2","VX":"2","XX":"2","XW":"2","WQ":"2","XQ":"2"},"VC":{"7M":"2","8J":"2","7V":"2","6X":"2"},"PJ":{"GF":"2"},"QC":{"7Q":"2","58":"2","5V":"2","6X":"2","8X":"2","48":"2","XW":"2","68":"2","WX":"2","6R":"2","CW":"2","5X":"2","49":"2","9V":"2","4W":"2","XX":"2","77":"2","FR":"2","CV":"2","FV":"2","8W":"2","2X":"2","7X":"2","79":"2","56":"2","7R":"2","5W":"2","55":"2","9M":"2","CX":"2","4V":"2","59":"2","7W":"2","8Q":"2","8V":"2","8R":"2","8F":"2","7V":"2","76":"2","3X":"2","6W":"2","2V":"2","78":"2","FX":"2","9R":"2","FQ":"2","6V":"2","9X":"2","67":"2","4X":"2","69":"2","9W":"2","3W":"2","9J":"2"},"RC":{"8P":"2","6R":"2","5R":"2","G8":"2","6V":"2","4X":"2","RW":"2"},"QH":{"4F":"2","6P":"2","7X":"2"},"QG":{"H6":"2","F7":"2","9G":"2","G2":"2","F3":"2","FH":"2","CF":"2","F6":"2","9H":"2","G7":"2","H5":"2","G5":"2","G4":"2","G6":"2"},"QF":{"W8":"2","23":"2","36":"2","42":"2","62":"2","52":"2","6C":"2","28":"2","PM":"2","32":"2","22":"2","8H":"2","48":"2","GP":"2","W3":"2","7G":"2","JF":"2","CP":"2","7H":"2","4C":"2","MJ":"2","V4":"2","27":"2","5C":"2","GF":"2","49":"2","CQ":"2","MF":"2","7F":"2","24":"2","6F":"2","PH":"2","HF":"2","HQ":"2","FR":"2","35":"2","29":"2","73":"2","R3":"2","JV":"2","JR":"2","HC":"2","GJ":"2","RF":"2","46":"2","87":"2","2C":"2","CJ":"2","59":"2","83":"2","HR":"2","FJ":"2","FH":"2","8F":"2","4F":"2","V3":"2","63":"2","HV":"2","GR":"2","39":"2","89":"2","72":"2","GC":"2","CR":"2","FQ":"2","6V":"2","W2":"2","QH":"2","9H":"2","QC":"2","VH":"2","GQ":"2","37":"2","JQ":"2","QG":"2","82":"2","RM":"2","RH":"2","88":"2","HJ":"2","3C":"2","54":"2","8G":"2","53":"2","HP":"2","38":"2","45":"2","V6":"2","43":"2","FP":"2","92":"2"},"VF":{"58":"2","5G":"2"},"PF":{"W8":"2","23":"2","52":"2","32":"2","M9":"2","P7":"2","V2":"2","93":"2","PC":"2","V7":"2","C4":"2","M3":"2","W7":"2","M5":"2","M6":"2","G3":"2","H8":"2","J4":"2","24":"2","HF":"2","H3":"2","73":"2","H4":"2","R9":"2","G4":"2","J6":"2","X2":"2","G6":"2","G7":"2","83":"2","33":"2","J7":"2","FH":"2","M7":"2","Q7":"2","X7":"2","M4":"2","W2":"2","QC":"2","J3":"2","H7":"2","F5":"2","H6":"2","VJ":"2","GG":"2","Q9":"2","X3":"2","74":"2","P8":"2","Q8":"2","P5":"2","C2":"2","G5":"2","H2":"2","WM":"2","MC":"2","V6":"2","92":"2","WC":"2"},"PC":{"PV":"2","5V":"2","FW":"2","GV":"2","5R":"2","6X":"2","8X":"2","2W":"2","JF":"2","WX":"2","2Q":"2","6R":"2","5X":"2","GX":"2","MR":"2","3P":"2","MF":"2","MV":"2","9V":"2","3V":"2","QW":"2","4W":"2","XX":"2","RW":"2","HQ":"2","FR":"2","CV":"2","FV":"2","WW":"2","JV":"2","8W":"2","JR":"2","PW":"2","7X":"2","JH":"2","PJ":"2","5W":"2","CX":"2","4V":"2","QV":"2","7W":"2","8V":"2","HX":"2","8R":"2","HR":"2","GW":"2","4Q":"2","HV":"2","GR":"2","JJ":"2","3X":"2","2V":"2","6W":"2","FX":"2","5Q":"2","6V":"2","9X":"2","3Q":"2","GQ":"2","JQ":"2","J5":"2","VX":"2","HG":"2","RV":"2","4X":"2","JX":"2","VW":"2","MC":"2","3W":"2"},"RP":{"XJ":"2"}},"MX":{"5X":{"6F":"2","7F":"2"},"F4":{"JQ":"2","JR":"2"},"H7":{"CM":"2"},"8R":{"XV":"2"},"9R":{"4V":"2"},"58":{"M7":"2"},"H8":{"7R":"2","7P":"2","7H":"2","7Q":"2","8V":"2","66":"2","7J":"2","6P":"2","7X":"2","8X":"2"},"G8":{"MP":"2"},"87":{"M5":"2","P4":"2"},"59":{"XC":"2"},"H9":{"9R":"2","C9":"2","9C":"2","82":"2","9G":"2","79":"2","CF":"2","CJ":"2","FJ":"2","CC":"2","83":"2","FC":"2","CG":"2","9F":"2","4Q":"2","87":"2","FH":"2","99":"2"},"68":{"CP":"2","CJ":"2","CM":"2"}},"HV":{"RG":{"MG":"2","H9":"2","J9":"2"},"QM":{"WG":"2","XG":"2"},"QQ":{"FF":"2"},"WH":{"W7":"2","65":"2","74":"2","H7":"2"},"VG":{"PQ":"2","75":"2","WQ":"2","54":"2","64":"2","XP":"2","JW":"2","43":"2","65":"2","46":"2","44":"2","55":"2","MV":"2","HV":"2","9Q":"2","XQ":"2","MR":"2","JX":"2","PR":"2","HX":"2","MQ":"2","HW":"2","56":"2"},"VC":{"CC":"2"},"XG":{"HV":"2"},"WG":{"CP":"2","9P":"2","CQ":"2","9Q":"2"},"QP":{"M8":"2","P8":"2"},"W9":{"W3":"2"}},"CC":{"C4":{"C4":"2"},"G3":{"PC":"2","MC":"2","QV":"2"},"C3":{"QM":"2","PM":"2"},"G2":{"G3":"2","CH":"2","CJ":"2","G7":"2","G8":"2","GJ":"2","G4":"2","GM":"2","GP":"2"}},"99":{"8C":{"XV":"2"},"9C":{"4R":"2"},"CF":{"4G":"2"},"8F":{"JQ":"2","P6":"2","PW":"2","PV":"2","JV":"2"},"CG":{"89":"2"}},"JV":{"7C":{"3R":"2","RV":"2","WM":"2"},"6C":{"MW":"2","9M":"2","HR":"2","38":"2","4J":"2","FM":"2","HQ":"2","28":"2","JR":"2","39":"2","GX":"2","RX":"2","8H":"2","JQ":"2","26":"2","CM":"2","PH":"2","5G":"2","QX":"2","MG":"2","9J":"2","PX":"2","57":"2","PW":"2","27":"2","CH":"2","HP":"2","4F":"2","MV":"2","4C":"2","JV":"2","MR":"2","5F":"2","58":"2","CJ":"2","9H":"2","5J":"2","MQ":"2","MH":"2","FX":"2","JH":"2","FJ":"2","GQ":"2","GM":"2"},"R5":{"FM":"2","GM":"2"},"89":{"9Q":"2","8X":"2"},"7F":{"35":"2","CR":"2","54":"2","55":"2","MG":"2","23":"2","H3":"2","JP":"2","56":"2","34":"2","44":"2"},"FG":{"8G":"2","9G":"2"},"9C":{"HM":"2","WX":"2","MR":"2","VX":"2","VR":"2","VQ":"2","MV":"2","JX":"2"},"FM":{"8Q":"2","7R":"2","7M":"2","8P":"2","7P":"2","5P":"2","7Q":"2","9G":"2","PW":"2","6Q":"2","5M":"2","47":"2","6M":"2","8R":"2","6P":"2"},"9F":{"M7":"2","F7":"2","W4":"2","95":"2","P8":"2","R8":"2","V2":"2","V8":"2","W2":"2","V4":"2","R2":"2","M8":"2","F6":"2","W3":"2","C7":"2","96":"2","C6":"2","F5":"2","P7":"2","C5":"2","X3":"2","V3":"2","R4":"2"},"6F":{"X2":"2","M7":"2","P5":"2","Q2":"2","F4":"2","W5":"2","V5":"2","W6":"2","Q6":"2","G2":"2","R5":"2","W2":"2","Q4":"2","F2":"2","V4":"2","X5":"2","C3":"2","W3":"2","WF":"2","X3":"2","V3":"2","G4":"2","R4":"2","Q5":"2","Q3":"2"},"69":{"G8":"2","JG":"2","FM":"2","GH":"2","G9":"2","PM":"2","PP":"2","F9":"2","HJ":"2","GJ":"2","HH":"2","MJ":"2","JF":"2","FG":"2","CJ":"2","HC":"2","MH":"2","JH":"2","FJ":"2","JC":"2","MM":"2"},"5C":{"P3":"2","RM":"2","X9":"2","V8":"2","PM":"2","R9":"2","W7":"2","X8":"2","Q2":"2","XF":"2","X7":"2","W9":"2","V7":"2","VC":"2","WC":"2","W8":"2","WH":"2","QM":"2","Q4":"2","WF":"2","V6":"2","XM":"2"},"HV":{"9C":"2","58":"2"},"8C":{"Q3":"2","66":"2"},"GJ":{"4F":"2"},"37":{"3G":"2"},"59":{"94":"2","7F":"2","7C":"2","39":"2"}},"C9":{"GV":{"5V":"2"},"FR":{"QX":"2"},"W8":{"6W":"2","6V":"2"},"HV":{"7P":"2","7Q":"2","6Q":"2","46":"2"},"JW":{"3M":"2"},"GX":{"GW":"2"},"X9":{"JM":"2"},"FV":{"3P":"2","2H":"2","3H":"2","3J":"2","2M":"2","H3":"2","3M":"2","H2":"2"},"CW":{"2J":"2"},"GR":{"7Q":"2","6Q":"2","5Q":"2","QQ":"2"},"WC":{"35":"2"},"CV":{"XH":"2"}},"JX":{"M9":{"R8":"2"}},"X4":{"95":{"PF":"2","QF":"2"}},"C8":{"24":{"VW":"2"},"96":{"Q8":"2","JG":"2"},"42":{"QX":"2","QR":"2","PX":"2"},"26":{"89":"2","83":"2","88":"2"}},"FF":{"VR":{"C4":"2"},"QQ":{"2G":"2","2F":"2"}},"F7":{"38":{"99":"2","8H":"2","9C":"2","6M":"2","CC":"2","9F":"2","7J":"2","6V":"2","7H":"2","6J":"2","7M":"2","7X":"2"},"66":{"CR":"2","CP":"2","9M":"2"},"73":{"84":"2"},"39":{"72":"2","7C":"2"}},"HW":{"XF":{"C9":"2","G9":"2"},"V6":{"3W":"2"},"6G":{"VF":"2"},"P2":{"QQ":"2"},"P3":{"W8":"2","XG":"2","XF":"2"},"WF":{"4M":"2","3M":"2","5X":"2","2J":"2","76":"2","28":"2","6C":"2","89":"2","4J":"2","CX":"2","5F":"2","6M":"2","3F":"2","9X":"2","5H":"2","2G":"2","4H":"2","3J":"2","4F":"2","6F":"2","5C":"2","GV":"2","2H":"2","6J":"2","5J":"2","5M":"2","3H":"2","6H":"2"},"XH":{"M4":"2"},"VF":{"H5":"2","G6":"2","54":"2","X5":"2","R9":"2","P8":"2","J8":"2","Q7":"2","P9":"2","G4":"2","22":"2","23":"2","MG":"2","XF":"2","W9":"2","43":"2","85":"2","H4":"2","F4":"2","J6":"2","C3":"2","R8":"2","XQ":"2","92":"2","WP":"2","Q9":"2","G5":"2","R7":"2","F3":"2","J7":"2","M4":"2","XM":"2","PG":"2","Q8":"2","82":"2"},"VC":{"9M":"2","P3":"2","PQ":"2","FR":"2","M7":"2","VW":"2","4J":"2","4P":"2","3H":"2","GR":"2","6G":"2","GW":"2","GX":"2","P5":"2","5H":"2","7J":"2","8H":"2","7Q":"2","3F":"2","FW":"2","3M":"2","RR":"2","5C":"2","P4":"2","5G":"2","QX":"2","3C":"2","5X":"2","FV":"2","8Q":"2","XH":"2","7G":"2","8G":"2","8R":"2","2Q":"2","XG":"2","4X":"2","P7":"2","4G":"2","CH":"2","5Q":"2","FQ":"2","CR":"2","CQ":"2","WC":"2","XR":"2","7H":"2","6X":"2","4F":"2","VG":"2","3W":"2","WR":"2","9R":"2","3V":"2","3J":"2","4C":"2","MR":"2","8M":"2","4H":"2","5F":"2","3G":"2","4M":"2","P6":"2","3P":"2","6F":"2","RG":"2","M6":"2","GV":"2","6J":"2","3X":"2","5J":"2","MQ":"2","9P":"2","6H":"2","2V":"2","WJ":"2","FJ":"2","7F":"2","7X":"2"},"RC":{"XV":"2","QP":"2","VG":"2","XQ":"2"},"XG":{"GW":"2","2J":"2","9J":"2","JG":"2","4J":"2","9M":"2","FR":"2","HF":"2","HX":"2","CP":"2","2H":"2"},"Q5":{"55":"2","F7":"2","G7":"2","F8":"2","HF":"2","G8":"2","65":"2","P9":"2","75":"2","M7":"2"},"WG":{"93":"2","M5":"2","J4":"2","F8":"2","M4":"2","Q7":"2","P7":"2","F2":"2","C2":"2","C3":"2","94":"2","F4":"2","J5":"2","92":"2","F3":"2"},"WC":{"2C":"2"},"Q3":{"2H":"2","2G":"2","5F":"2","4F":"2","2F":"2"}},"JC":{"86":{"JX":"2"},"6C":{"FC":"2"},"79":{"2C":"2"},"67":{"FR":"2","PH":"2","FQ":"2","PG":"2","CQ":"2"},"69":{"6C":"2","6F":"2","7F":"2"},"87":{"96":"2","F6":"2","3M":"2","37":"2"},"78":{"M7":"2","J5":"2","28":"2","97":"2","MF":"2","G6":"2","77":"2","G9":"2","7M":"2","W4":"2","XC":"2","39":"2","F9":"2","7V":"2","P5":"2","7Q":"2","V4":"2","C6":"2","76":"2","7R":"2","W2":"2","96":"2","3C":"2","8F":"2","H9":"2","37":"2","MC":"2","Q5":"2","57":"2","27":"2","86":"2","F6":"2","V5":"2","J6":"2","87":"2","4C":"2","99":"2","47":"2","H6":"2","8M":"2","C9":"2","89":"2","P6":"2","67":"2","48":"2","88":"2","W5":"2","M6":"2","6M":"2","J7":"2","9C":"2","8C":"2","CF":"2","49":"2","69":"2","R5":"2","GC":"2","7F":"2","Q8":"2"},"G9":{"8M":"2","JC":"2"},"68":{"R5":"2","W7":"2","P5":"2","W8":"2","X8":"2","R6":"2","Q5":"2","Q6":"2","V7":"2"}},"VV":{"F4":{"QQ":"2"}}}}