{"index":{"university,1|retail,2|tourism,3|wreck,4|historical,5|artsCulture,6|namedBuilding,7|water,8|wetland,9|park,10|beach,11|natureReserve,12|cemetery,13|trail,14":{}},"63":{"H4":{"XG":{"MF":"2","MG":"2"}},"Q7":{"C8":{"2R":"2"}},"2X":{"JW":{"QX":"2","F5":"2"},"JV":{"PX":"2"},"JX":{"Q3":"2","Q2":"2"}},"3X":{"4W":{"HJ":"2","GP":"2","GQ":"2","GR":"2"},"4X":{"6C":"2"},"3W":{"H4":"2","M5":"2","R3":"2","P3":"2","P4":"2","Q2":"2"},"3V":{"PR":"2","RR":"2","QX":"2","VX":"2","QW":"2"},"5W":{"M4":"2","G9":"2"}}}}