{"index":{"university,1|retail,2|tourism,3|wreck,4|historical,5|artsCulture,6|namedBuilding,7|water,8|wetland,9|park,10|beach,11|natureReserve,12|cemetery,13|trail,14":{}},"66":{"XX":{"3W":{"P8":"2"},"28":{"33":"2","42":"2","43":"2"}},"FF":{"7M":{"4P":"2","4M":"2","3M":"2","8P":"2","5R":"2","6Q":"2","J8":"2","MC":"2","4J":"2","6G":"2","7Q":"2","5W":"2","J9":"2","2P":"2","6M":"2","4W":"2","3J":"2","4R":"2","6J":"2","P7":"2","5J":"2","3P":"2","7M":"2","P6":"2","5M":"2","5P":"2","3Q":"2","7P":"2","6P":"2","Q7":"2","8M":"2","4Q":"2","6H":"2","5Q":"2"},"8P":{"JG":"2"},"HP":{"3J":"2"},"9H":{"2V":"2"},"22":{"WP":"2","XJ":"2","VP":"2","VM":"2","VJ":"2","WM":"2","RP":"2"},"8H":{"XV":"2","WV":"2","XR":"2"},"8M":{"4F":"2","3F":"2"}},"XV":{"G7":{"R5":"2","W5":"2","V5":"2","W6":"2"},"M7":{"44":"2","52":"2","53":"2"},"J5":{"XX":"2","CG":"2","G2":"2"},"M5":{"GV":"2","HV":"2","2X":"2","9W":"2","FV":"2","CW":"2"},"G9":{"3P":"2"},"J8":{"P5":"2","JQ":"2","R6":"2","MR":"2","Q4":"2","JV":"2","JR":"2"},"F9":{"XP":"2","VQ":"2"},"P5":{"P5":"2","P6":"2","7H":"2","P3":"2","Q5":"2","M3":"2","P2":"2","M2":"2"},"7J":{"R5":"2","R2":"2","R3":"2","V2":"2","R4":"2"},"Q2":{"3G":"2"},"CM":{"6C":"2"},"G4":{"HJ":"2"},"P4":{"RR":"2","QR":"2"},"H8":{"7Q":"2"},"J9":{"FJ":"2"},"G2":{"CW":"2"},"8Q":{"R3":"2","XQ":"2","R6":"2","P5":"2","V5":"2","Q6":"2","R5":"2","XR":"2","V2":"2","Q4":"2","V4":"2","R2":"2","V3":"2","R4":"2","Q5":"2"},"J3":{"2H":"2"},"8R":{"R9":"2","QF":"2","W9":"2"},"Q3":{"FR":"2","9V":"2","XM":"2","FV":"2","GR":"2"},"J6":{"XP":"2","XQ":"2"},"J4":{"GX":"2"},"FG":{"F9":"2"},"7H":{"RW":"2","VV":"2","WV":"2","RX":"2","WW":"2","XH":"2","VX":"2","WR":"2"},"P2":{"VP":"2"},"8P":{"XV":"2","WW":"2"},"CC":{"PX":"2"},"H2":{"QV":"2"},"6V":{"V6":"2","W4":"2"},"FF":{"2J":"2","JH":"2","6J":"2","FM":"2","CP":"2","5M":"2","6M":"2","CM":"2","FJ":"2","GR":"2","5J":"2"},"H7":{"6X":"2"},"CG":{"54":"2","22":"2","7C":"2","FH":"2"},"M6":{"3M":"2","5X":"2","22":"2","4V":"2","42":"2","5W":"2","4W":"2","5V":"2","24":"2","3J":"2","33":"2","3P":"2","52":"2"},"Q4":{"2F":"2","92":"2","3F":"2","5G":"2"},"J7":{"VC":"2","V9":"2","QP":"2","VG":"2","QW":"2","V8":"2","VH":"2"},"CF":{"WJ":"2","XJ":"2","3W":"2","P2":"2","VJ":"2","Q2":"2"},"R2":{"QQ":"2"}},"XQ":{"9X":{"6V":"2"},"W9":{"VJ":"2"},"XQ":{"W8":"2","95":"2","GV":"2","WG":"2","XW":"2","9F":"2","R6":"2","V2":"2","CP":"2","W7":"2","GX":"2","WJ":"2","CQ":"2","XG":"2","V8":"2","C5":"2","XH":"2","VC":"2","X8":"2","Q6":"2","XX":"2","29":"2","W9":"2","R3":"2","FG":"2","8W":"2","2X":"2","7X":"2","84":"2","5W":"2","G2":"2","R7":"2","WF":"2","CJ":"2","Q4":"2","7W":"2","XQ":"2","83":"2","V9":"2","XJ":"2","HX":"2","WH":"2","FH":"2","GW":"2","9G":"2","X7":"2","39":"2","97":"2","F2":"2","VV":"2","V5":"2","72":"2","Q5":"2","PG":"2","FQ":"2","9H":"2","QC":"2","96":"2","GQ":"2","HW":"2","CG":"2","82":"2","P3":"2","88":"2","P5":"2","P4":"2","9W":"2","H5":"2","V6":"2","9J":"2","FP":"2","WC":"2"},"WW":{"JJ":"2","H2":"2","73":"2","2J":"2","29":"2","X7":"2","8C":"2","F8":"2","J7":"2","26":"2","5C":"2","3H":"2","4V":"2","JG":"2","QM":"2","9F":"2","VX":"2","HW":"2","7J":"2","GR":"2","WC":"2","GP":"2","WH":"2","M8":"2","J9":"2","PC":"2","VP":"2","G9":"2","RX":"2","3F":"2","R6":"2","83":"2","W3":"2","32":"2","WM":"2","9P":"2","P8":"2","W4":"2","FG":"2","CG":"2","QX":"2","VM":"2","4C":"2","7V":"2","6J":"2","Q3":"2","Q5":"2","48":"2","FQ":"2","XG":"2","66":"2","5P":"2","MV":"2","XH":"2","J3":"2","8H":"2","XW":"2","HM":"2","6X":"2","69":"2","74":"2","R2":"2","94":"2","RF":"2","MM":"2","4J":"2","W8":"2","98":"2","VJ":"2","F9":"2","M4":"2","76":"2","6W":"2","JV":"2","RM":"2","G4":"2","M3":"2","X3":"2","XX":"2","JH":"2","M6":"2","8V":"2","99":"2","G5":"2","XJ":"2","5W":"2","GQ":"2","GX":"2","X6":"2","8M":"2","VC":"2","JQ":"2","7M":"2","88":"2","6C":"2","QV":"2","59":"2","R7":"2","P7":"2","R3":"2","GV":"2","85":"2","VR":"2","F5":"2","JC":"2","8J":"2","QW":"2","6M":"2","P4":"2","QP":"2","HH":"2","55":"2","XQ":"2","H8":"2","9R":"2","Q2":"2","F7":"2","GM":"2","CP":"2","F6":"2","65":"2","C8":"2","3R":"2","RG":"2","54":"2","3X":"2","XC":"2","PH":"2","FH":"2","CQ":"2","3G":"2","89":"2","GW":"2","QJ":"2","2G":"2","PJ":"2","P2":"2","FC":"2","W2":"2","62":"2","V7":"2","H3":"2","WJ":"2","MQ":"2","JW":"2","HC":"2","VG":"2","R5":"2","G2":"2","8Q":"2","7C":"2","CH":"2","PX":"2","WQ":"2","64":"2","78":"2","WG":"2","5J":"2","FF":"2","56":"2","9H":"2","FV":"2","WF":"2","VW":"2","XP":"2","CR":"2","GH":"2","VF":"2","CX":"2","2V":"2","MW":"2","C9":"2","FX":"2","MG":"2","FP":"2","Q6":"2","6F":"2","F4":"2","42":"2","J5":"2","2Q":"2","9X":"2","72":"2","87":"2","GC":"2","67":"2","2H":"2","CW":"2","X5":"2","RP":"2","57":"2","84":"2","G8":"2","82":"2","HF":"2","MC":"2","3V":"2","R4":"2","GJ":"2","PV":"2","J2":"2","5X":"2","Q4":"2","M9":"2","WV":"2","WW":"2","49":"2","C4":"2","X2":"2","CJ":"2","PM":"2","M7":"2","VV":"2","M2":"2","7F":"2","RQ":"2","X4":"2","RV":"2","2P":"2","H6":"2","6P":"2","58":"2","47":"2","R8":"2","68":"2","HJ":"2","QH":"2","WR":"2","XV":"2","CF":"2","3J":"2","QR":"2","9W":"2","W7":"2","PQ":"2","9V":"2","36":"2","J6":"2","4M":"2","93":"2","WX":"2","R9":"2","CM":"2","63":"2","MJ":"2","V8":"2","JP":"2","23":"2","PP":"2","2C":"2","Q9":"2","5V":"2","PW":"2","J8":"2","22":"2","W9":"2","JR":"2","77":"2","MP":"2","HP":"2","CV":"2","GG":"2","MF":"2","2R":"2","C3":"2","P6":"2","Q8":"2","P5":"2","9Q":"2","H9":"2","6V":"2","46":"2","PR":"2","H4":"2","W5":"2","8X":"2","RH":"2","6Q":"2","FJ":"2","XR":"2","4X":"2","PG":"2","JF":"2","FR":"2","QF":"2","H7":"2","JX":"2","J4":"2","24":"2","QG":"2","WP":"2","QC":"2","HG":"2","MX":"2","JM":"2","6G":"2","W6":"2","VQ":"2","XM":"2","P3":"2","P9":"2","6R":"2","RR":"2","MH":"2","Q7":"2","MR":"2","GF":"2","8F":"2","V6":"2","M5":"2","PF":"2","RJ":"2"},"PX":{"MF":"2","MG":"2"},"JM":{"2X":"2","HQ":"2"},"VC":{"XV":"2","GF":"2","PF":"2","MF":"2","QP":"2","5F":"2","6F":"2","GG":"2","HG":"2","XW":"2","CG":"2","6G":"2","29":"2"},"VJ":{"8P":"2","H6":"2","C7":"2","8V":"2","QW":"2","J5":"2","RV":"2"},"W7":{"CR":"2","6J":"2","9X":"2","JJ":"2"},"XR":{"24":"2","3Q":"2","66":"2","RX":"2","XQ":"2","HJ":"2","3R":"2","65":"2","M5":"2","HQ":"2","WM":"2","JM":"2","2R":"2","RG":"2","PC":"2","VC":"2","PV":"2","JX":"2","JP":"2","72":"2","5W":"2","PH":"2","XR":"2","23":"2","44":"2","42":"2","36":"2","H9":"2","JV":"2","HG":"2","QW":"2","Q9":"2","XJ":"2","PP":"2","VM":"2","JH":"2","QH":"2","3X":"2","43":"2","QP":"2","H5":"2","3V":"2","4R":"2","J7":"2","FX":"2","6P":"2","VX":"2","2P":"2","M8":"2","XX":"2","RH":"2","45":"2","C4":"2","XV":"2","5P":"2","GV":"2","WH":"2","4W":"2","JC":"2","77":"2","VG":"2","MV":"2","HH":"2","Q8":"2","PR":"2","GW":"2","F2":"2","VH":"2","H2":"2","64":"2","MW":"2","MX":"2","JW":"2","JR":"2","54":"2","62":"2","35":"2","HM":"2","MJ":"2","PJ":"2","4Q":"2","PW":"2","R9":"2","P5":"2","25":"2","JF":"2","3M":"2","HF":"2","2W":"2","X6":"2","RJ":"2","QX":"2","J9":"2","WP":"2","QJ":"2","2Q":"2","4V":"2","34":"2","JJ":"2","H3":"2","G2":"2","H8":"2","P9":"2","M6":"2","5Q":"2","63":"2","MP":"2","26":"2","33":"2","J6":"2","WJ":"2","53":"2","HR":"2","HC":"2","M7":"2","H7":"2","H4":"2","2V":"2","3P":"2","5R":"2","PG":"2","PM":"2","QG":"2","XP":"2","H6":"2","MR":"2","XW":"2","JQ":"2","V3":"2","J5":"2"},"RQ":{"W8":"2","J8":"2","MR":"2","QW":"2","X9":"2"},"VF":{"X6":"2","X7":"2"},"H9":{"GV":"2","HR":"2","XM":"2","JR":"2"},"QW":{"R3":"2","RJ":"2","V7":"2","G3":"2","QJ":"2","WH":"2","HF":"2","XH":"2","PH":"2","2W":"2","HG":"2","Q3":"2","RM":"2"},"P8":{"2R":"2","4Q":"2"},"9V":{"R2":"2","R3":"2","Q3":"2"},"Q9":{"G8":"2"},"XJ":{"7Q":"2","G9":"2","PM":"2","MH":"2","RX":"2","6Q":"2","JF":"2","6R":"2","MJ":"2","H8":"2","PH":"2","H3":"2","H4":"2","HC":"2","MP":"2","J6":"2","6P":"2","PJ":"2","R7":"2","GJ":"2","JC":"2","HX":"2","J7":"2","P9":"2","Q7":"2","G8":"2","GC":"2","X4":"2","H7":"2","J9":"2","H6":"2","X3":"2","P5":"2","H2":"2","MM":"2","C6":"2","MC":"2","H9":"2"},"VM":{"3Q":"2","2W":"2","2Q":"2","2M":"2","42":"2","52":"2"},"JH":{"VM":"2"},"WQ":{"95":"2","PM":"2","M9":"2","C4":"2","27":"2","MF":"2","C5":"2","QW":"2","85":"2","73":"2","56":"2","G6":"2","MX":"2","PP":"2","83":"2","HR":"2","QM":"2","J7":"2","57":"2","HM":"2","JJ":"2","VM":"2","75":"2","QX":"2","QP":"2","96":"2","65":"2","JW":"2","J9":"2","F5":"2","H6":"2","RM":"2","74":"2","JX":"2","HJ":"2","G5":"2","HP":"2","MC":"2","H5":"2"},"GF":{"HW":"2","HX":"2"},"XG":{"MW":"2","5J":"2"},"GJ":{"GV":"2","JQ":"2","GW":"2","JJ":"2","GX":"2","H5":"2","JP":"2"},"WX":{"46":"2","X3":"2","Q6":"2","XF":"2","GF":"2","42":"2","M4":"2","QQ":"2","69":"2","J2":"2","J3":"2","38":"2","H2":"2","H5":"2","74":"2","79":"2","V6":"2","RC":"2","V5":"2","X9":"2","JV":"2","5V":"2","6M":"2","63":"2","93":"2","5W":"2","J4":"2","R9":"2","VM":"2","86":"2","MM":"2","5Q":"2","F7":"2","5M":"2","F6":"2","C4":"2","3M":"2","M5":"2","C9":"2","7G":"2","RQ":"2","52":"2","2W":"2","87":"2","48":"2","34":"2","PM":"2","97":"2","P7":"2","QC":"2","5X":"2","M2":"2","45":"2","RX":"2","33":"2","CC":"2","88":"2","5R":"2","X6":"2","W6":"2","QR":"2","7F":"2","5C":"2","6H":"2","7H":"2","4M":"2","M3":"2","C7":"2","H4":"2","8F":"2","W9":"2","HV":"2","PP":"2","JF":"2","53":"2","44":"2","85":"2","XC":"2","F4":"2","98":"2","78":"2","GH":"2","55":"2","PR":"2","X7":"2","CH":"2","W8":"2","R4":"2","H3":"2","2V":"2","2C":"2","2R":"2","VC":"2","Q7":"2","73":"2","FF":"2","3R":"2","FC":"2","RP":"2","3P":"2","76":"2","64":"2","5P":"2","GJ":"2","G4":"2","62":"2","VG":"2","R2":"2","PQ":"2","V7":"2","FX":"2","4Q":"2","92":"2","47":"2","J7":"2","89":"2","6P":"2","X2":"2","P5":"2","C6":"2","H9":"2","65":"2","Q8":"2","9C":"2","77":"2","C3":"2","G5":"2","6C":"2","6Q":"2","MP":"2","6G":"2","XG":"2","82":"2","23":"2","8C":"2","J6":"2","RF":"2","QM":"2","5J":"2","P2":"2","G3":"2","57":"2","QX":"2","HW":"2","94":"2","V8":"2","67":"2","Q5":"2","7C":"2","V4":"2","J9":"2","2X":"2","4P":"2","6J":"2","3W":"2","75":"2","32":"2","3V":"2","5H":"2","VF":"2","JC":"2","R3":"2","F3":"2","G2":"2","VJ":"2","QF":"2","G6":"2","F5":"2","4C":"2","83":"2","GG":"2"},"RR":{"2Q":"2","6H":"2","P3":"2"},"FX":{"5V":"2"},"FV":{"FX":"2","CV":"2"},"VX":{"X9":"2","M7":"2","73":"2","62":"2","WW":"2","W4":"2","WV":"2","XC":"2","V3":"2","J8":"2","64":"2","W7":"2","M9":"2","XV":"2","X2":"2","V4":"2","63":"2","74":"2","23":"2","94":"2","93":"2","H8":"2","95":"2","X3":"2","86":"2","P7":"2","F8":"2","85":"2","XX":"2","C3":"2","98":"2","XQ":"2","R4":"2","92":"2","M8":"2","J7":"2","XW":"2","WG":"2","Q6":"2","82":"2"},"X5":{"H6":"2","JV":"2","F4":"2","GC":"2","HC":"2","HM":"2","G2":"2","G3":"2","J8":"2","JM":"2","F3":"2","J9":"2","HH":"2","H8":"2","G7":"2","G8":"2","HF":"2","G5":"2","JP":"2","F5":"2","H2":"2","G4":"2","G9":"2","G6":"2","H9":"2","HG":"2"},"FW":{"FM":"2","6M":"2","CQ":"2"},"CX":{"C9":"2"},"RV":{"WX":"2"},"M8":{"2W":"2","3X":"2","2R":"2"},"XX":{"MQ":"2","24":"2","83":"2","3Q":"2","Q5":"2","66":"2","22":"2","HW":"2","8W":"2","87":"2","CP":"2","65":"2","5F":"2","HQ":"2","6R":"2","FF":"2","3W":"2","39":"2","52":"2","27":"2","89":"2","9G":"2","JP":"2","9H":"2","72":"2","7P":"2","FH":"2","6J":"2","FJ":"2","23":"2","7M":"2","42":"2","46":"2","36":"2","VF":"2","GR":"2","29":"2","H9":"2","JV":"2","6M":"2","PF":"2","8J":"2","JH":"2","FP":"2","RF":"2","47":"2","GJ":"2","H5":"2","48":"2","3V":"2","74":"2","6V":"2","78":"2","5H":"2","6P":"2","28":"2","C4":"2","45":"2","9Q":"2","8C":"2","MH":"2","GV":"2","FQ":"2","HV":"2","HP":"2","4W":"2","68":"2","JC":"2","77":"2","CM":"2","64":"2","GM":"2","M3":"2","JW":"2","JR":"2","7C":"2","FR":"2","62":"2","35":"2","2J":"2","HM":"2","PJ":"2","6C":"2","CG":"2","3J":"2","9J":"2","55":"2","7H":"2","76":"2","8P":"2","32":"2","75":"2","3M":"2","P2":"2","RJ":"2","6F":"2","8F":"2","67":"2","2F":"2","2Q":"2","34":"2","JJ":"2","6Q":"2","84":"2","H8":"2","3H":"2","63":"2","MP":"2","9P":"2","33":"2","GP":"2","37":"2","5M":"2","53":"2","HR":"2","FG":"2","56":"2","57":"2","8X":"2","CH":"2","9M":"2","MM":"2","8H":"2","CF":"2","8G":"2","3P":"2","MC":"2","R5":"2","86":"2","MR":"2","CR":"2","49":"2","GQ":"2","7G":"2","73":"2"},"RP":{"VX":"2"},"MH":{"54":"2"},"R3":{"C6":"2","C8":"2","45":"2","78":"2"},"XV":{"X3":"2","Q6":"2","XF":"2","GP":"2","QQ":"2","J2":"2","XM":"2","H2":"2","FQ":"2","HQ":"2","XP":"2","RC":"2","X5":"2","V9":"2","X9":"2","XV":"2","9J":"2","HP":"2","V3":"2","9P":"2","4V":"2","9H":"2","2J":"2","FP":"2","R9":"2","XJ":"2","CX":"2","R8":"2","VM":"2","5Q":"2","R7":"2","MQ":"2","5M":"2","F6":"2","3M":"2","7G":"2","P9":"2","59":"2","9F":"2","RQ":"2","2W":"2","VP":"2","7P":"2","WQ":"2","WG":"2","34":"2","PM":"2","97":"2","P7":"2","RH":"2","QC":"2","Q2":"2","M2":"2","9X":"2","H7":"2","RX":"2","33":"2","8Q":"2","WF":"2","36":"2","W5":"2","99":"2","X6":"2","RW":"2","WH":"2","6R":"2","FM":"2","7F":"2","3J":"2","6H":"2","MV":"2","9V":"2","7H":"2","2P":"2","4M":"2","C7":"2","2Q":"2","V2":"2","QV":"2","W9":"2","QP":"2","PP":"2","FW":"2","QH":"2","4J":"2","GQ":"2","9R":"2","6W":"2","7J":"2","98":"2","GH":"2","PR":"2","CH":"2","W8":"2","R4":"2","H3":"2","2V":"2","2C":"2","2R":"2","JP":"2","VC":"2","JQ":"2","Q7":"2","QW":"2","VV":"2","8J":"2","3Q":"2","3R":"2","RP":"2","3P":"2","6F":"2","56":"2","WM":"2","G4":"2","RM":"2","25":"2","X4":"2","62":"2","JR":"2","VG":"2","R2":"2","8P":"2","PQ":"2","4W":"2","Q9":"2","WJ":"2","FX":"2","VH":"2","R6":"2","4Q":"2","J7":"2","X2":"2","8X":"2","2M":"2","WC":"2","8H":"2","Q8":"2","9C":"2","MR":"2","G5":"2","6C":"2","6Q":"2","J5":"2","MP":"2","6G":"2","R5":"2","XG":"2","J6":"2","RF":"2","3X":"2","22":"2","5J":"2","P2":"2","WP":"2","5F":"2","MH":"2","JH":"2","H8":"2","V8":"2","H6":"2","7Q":"2","2X":"2","4P":"2","6J":"2","32":"2","FJ":"2","7R":"2","VQ":"2","XH":"2","3V":"2","VF":"2","GM":"2","FV":"2","M9":"2","R3":"2","CW":"2","VJ":"2","QF":"2","G6":"2","8M":"2","JJ":"2","F5":"2","C8":"2"},"GH":{"H6":"2","G7":"2","J2":"2","H7":"2"},"XC":{"56":"2","46":"2"},"WH":{"55":"2","35":"2","45":"2"},"VW":{"46":"2","X3":"2","GF":"2","VW":"2","GP":"2","QQ":"2","XM":"2","FQ":"2","74":"2","XP":"2","V6":"2","V5":"2","V9":"2","X5":"2","XV":"2","9W":"2","HP":"2","WV":"2","9P":"2","5W":"2","FP":"2","R9":"2","XJ":"2","VM":"2","86":"2","MM":"2","5Q":"2","R7":"2","F6":"2","C4":"2","3M":"2","C9":"2","P9":"2","RQ":"2","87":"2","VP":"2","7P":"2","W7":"2","WQ":"2","WG":"2","M8":"2","PC":"2","VR":"2","PM":"2","97":"2","QC":"2","45":"2","9X":"2","RX":"2","8Q":"2","CR":"2","CC":"2","GC":"2","W5":"2","X6":"2","RW":"2","W6":"2","6R":"2","FM":"2","PF":"2","9V":"2","XR":"2","W9":"2","QP":"2","PP":"2","QH":"2","JF":"2","FH":"2","53":"2","GQ":"2","9R":"2","RR":"2","XC":"2","J8":"2","JM":"2","98":"2","WR":"2","X7":"2","W8":"2","35":"2","2V":"2","JP":"2","Q7":"2","C2":"2","VV":"2","96":"2","RJ":"2","3R":"2","FC":"2","RP":"2","3P":"2","64":"2","WM":"2","GJ":"2","RM":"2","4X":"2","X4":"2","62":"2","VG":"2","XQ":"2","V7":"2","VH":"2","QJ":"2","54":"2","89":"2","9Q":"2","X2":"2","8X":"2","2M":"2","WC":"2","H9":"2","Q8":"2","W4":"2","C3":"2","CV":"2","6Q":"2","HG":"2","PJ":"2","43":"2","QM":"2","XX":"2","VX":"2","WP":"2","MH":"2","JH":"2","H8":"2","V8":"2","7Q":"2","MF":"2","V4":"2","4P":"2","CQ":"2","P8":"2","3W":"2","75":"2","HF":"2","CP":"2","FJ":"2","VQ":"2","XH":"2","XW":"2","F9":"2","3V":"2","MJ":"2","CW":"2","8W":"2","VJ":"2","QF":"2","8M":"2","C8":"2"},"RW":{"JQ":"2","XV":"2","HQ":"2","6M":"2","4H":"2","XM":"2","WM":"2","7M":"2","XJ":"2"},"MV":{"7V":"2","7W":"2"},"HH":{"FQ":"2","XM":"2"},"CW":{"3C":"2","HR":"2","39":"2"},"VH":{"G3":"2","M3":"2"},"GM":{"99":"2","F7":"2","C9":"2","CH":"2","9C":"2","F6":"2","CC":"2","C7":"2","C6":"2","F5":"2","C8":"2"},"MW":{"GF":"2","FF":"2"},"QV":{"W7":"2","9V":"2","24":"2","W8":"2","PW":"2","PV":"2","CC":"2","CW":"2","X7":"2","W9":"2","WH":"2","CV":"2"},"MX":{"5H":"2","7G":"2","6J":"2","6H":"2","2R":"2","FC":"2","5J":"2","5G":"2"},"GG":{"M6":"2","J9":"2"},"XM":{"RW":"2","VM":"2","HM":"2","VH":"2","CM":"2","JM":"2","5F":"2","RV":"2","54":"2","6M":"2","2C":"2","5H":"2","5G":"2","6J":"2","5J":"2","7M":"2","44":"2","3H":"2","6H":"2","VW":"2"},"JW":{"GW":"2","FW":"2"},"XH":{"XV":"2","RM":"2","QX":"2","QR":"2","CJ":"2","JM":"2","CC":"2","XP":"2","FC":"2","FF":"2","WC":"2","FH":"2"},"FR":{"3M":"2","77":"2","2J":"2","F2":"2","3X":"2","69":"2","5C":"2","87":"2","78":"2","2M":"2","68":"2"},"HM":{"R8":"2","XG":"2","XF":"2","R9":"2"},"MF":{"2Q":"2"},"X8":{"X8":"2","VQ":"2","RJ":"2","VM":"2","VJ":"2","VH":"2","RP":"2","W2":"2","QM":"2","VP":"2","WH":"2","WP":"2","WQ":"2","WG":"2","RM":"2"},"WF":{"9J":"2","FJ":"2","7F":"2","6G":"2","W2":"2","FH":"2","8J":"2","7G":"2","4H":"2","5H":"2","23":"2","W3":"2","7J":"2","82":"2","6F":"2","6J":"2","7H":"2","5J":"2","V3":"2","PH":"2","MH":"2","6H":"2"},"WV":{"W8":"2","95":"2","36":"2","R8":"2","5V":"2","GV":"2","6X":"2","28":"2","PM":"2","RX":"2","WG":"2","MH":"2","8X":"2","48":"2","M9":"2","GP":"2","2W":"2","RG":"2","6Q":"2","XW":"2","JF":"2","V2":"2","8M":"2","XF":"2","6R":"2","PC":"2","V7":"2","C4":"2","VP":"2","MJ":"2","V4":"2","W7":"2","C7":"2","X6":"2","WJ":"2","4R":"2","G3":"2","JG":"2","CQ":"2","MF":"2","XG":"2","H8":"2","C5":"2","86":"2","J4":"2","9V":"2","CM":"2","VC":"2","X8":"2","X5":"2","3V":"2","QW":"2","PH":"2","XX":"2","H3":"2","CH":"2","85":"2","66":"2","R4":"2","FV":"2","W9":"2","R3":"2","8W":"2","JV":"2","VF":"2","2X":"2","Q3":"2","R9":"2","7P":"2","56":"2","MP":"2","J6":"2","84":"2","XV":"2","PJ":"2","F7":"2","MX":"2","PP":"2","55":"2","9M":"2","RF":"2","JC":"2","QJ":"2","MW":"2","WF":"2","CJ":"2","Q4":"2","4V":"2","QV":"2","PR":"2","XQ":"2","XP":"2","V9":"2","XJ":"2","QM":"2","WH":"2","P9":"2","XC":"2","GW":"2","F6":"2","V3":"2","76":"2","26":"2","PQ":"2","J2":"2","XM":"2","HV":"2","X7":"2","MQ":"2","G8":"2","QF":"2","QR":"2","97":"2","VM":"2","3X":"2","2F":"2","89":"2","9R":"2","QX":"2","Q5":"2","R5":"2","CR":"2","WQ":"2","QQ":"2","9X":"2","X4":"2","QP":"2","QH":"2","J3":"2","96":"2","JW":"2","VH":"2","M2":"2","J9":"2","HW":"2","H7":"2","H6":"2","J5":"2","VJ":"2","QG":"2","M8":"2","C8":"2","4X":"2","X3":"2","74":"2","P8":"2","RH":"2","JX":"2","RJ":"2","88":"2","69":"2","P5":"2","8J":"2","J8":"2","RQ":"2","P4":"2","H2":"2","MM":"2","WM":"2","9W":"2","C6":"2","HP":"2","45":"2","H5":"2","MC":"2","V6":"2","3W":"2","9J":"2","FP":"2","RR":"2","WC":"2"},"R9":{"2V":"2","3V":"2"},"VP":{"F7":"2","9V":"2","6Q":"2","8V":"2","CX":"2","79":"2","7G":"2","4H":"2","55":"2","69":"2","78":"2","65":"2","8W":"2"},"X6":{"GW":"2","HW":"2","MF":"2","HV":"2","HR":"2","JM":"2","JF":"2","JG":"2","HG":"2","GX":"2","JV":"2"},"QX":{"2W":"2"},"J9":{"6C":"2","C7":"2","3H":"2","6G":"2","F9":"2","2H":"2","5G":"2","2M":"2","VC":"2","HF":"2","F8":"2","6P":"2","QC":"2","9G":"2","98":"2","5P":"2","99":"2","C9":"2","89":"2","C8":"2","6F":"2","6J":"2","9H":"2","6M":"2","6H":"2","7C":"2","8C":"2","WG":"2","7F":"2"},"WP":{"XQ":"2","9J":"2"},"R8":{"RM":"2"},"QJ":{"72":"2","P6":"2"},"WR":{"XQ":"2","RX":"2","VR":"2","FC":"2","PX":"2","M5":"2","FF":"2","JM":"2","PV":"2","JX":"2","W4":"2","QW":"2","P8":"2","WQ":"2","WX":"2","CC":"2","J7":"2","VX":"2","R6":"2","X5":"2","P7":"2","RV":"2","M8":"2","XX":"2","VW":"2","JC":"2","HX":"2","RW":"2","VG":"2","Q8":"2","J8":"2","VH":"2","MW":"2","QV":"2","WC":"2","MX":"2","XM":"2","W3":"2","V4":"2","JW":"2","MJ":"2","99":"2","V7":"2","MF":"2","M4":"2","C9":"2","P6":"2","WV":"2","P5":"2","JF":"2","HF":"2","X6":"2","QX":"2","J9":"2","WP":"2","R8":"2","V5":"2","WR":"2","JJ":"2","JG":"2","4F":"2","Q6":"2","M6":"2","MP":"2","M7":"2","VQ":"2","MM":"2","Q2":"2","X4":"2","2V":"2","W8":"2","MC":"2","QR":"2","M9":"2","XP":"2","XW":"2","W5":"2","V3":"2"},"RM":{"XQ":"2","M6":"2","V5":"2","VM":"2","V6":"2","XR":"2","RP":"2","RQ":"2","V4":"2","VP":"2","XM":"2","WM":"2","WP":"2","RR":"2","PM":"2","XP":"2","WQ":"2"},"P9":{"9C":"2","9G":"2","CF":"2","89":"2","P9":"2","9F":"2","78":"2","37":"2","99":"2"},"WJ":{"XJ":"2","RC":"2"},"HC":{"JH":"2","FV":"2","CW":"2","CV":"2"},"CV":{"W6":"2"},"VQ":{"97":"2","V7":"2","X7":"2"},"X7":{"G9":"2","JM":"2","MJ":"2","HH":"2","M6":"2","H8":"2","Q6":"2","H3":"2","HC":"2","JH":"2","PJ":"2","P6":"2","G7":"2","P9":"2","F6":"2","G8":"2","GC":"2","QQ":"2","WP":"2","QP":"2","VH":"2","H7":"2","VJ":"2","HG":"2","Q8":"2","P8":"2","RH":"2","RJ":"2","HJ":"2","J8":"2","MM":"2","WM":"2","C6":"2","H5":"2","H9":"2","RR":"2"},"X9":{"F7":"2","GJ":"2","3X":"2","4X":"2","3W":"2"},"Q2":{"GV":"2","GR":"2"},"X4":{"GX":"2"},"9R":{"RX":"2"},"VV":{"X5":"2","WV":"2","WW":"2","WX":"2","RX":"2","VR":"2","XX":"2","FW":"2"},"W8":{"79":"2","F4":"2","2M":"2","92":"2"},"QR":{"WP":"2","XR":"2","VP":"2","XP":"2","VQ":"2","WQ":"2","XQ":"2"},"RC":{"W7":"2","V6":"2","R6":"2","V7":"2","J5":"2"},"M9":{"55":"2","67":"2","54":"2","66":"2","47":"2","98":"2","88":"2","86":"2","78":"2","37":"2","77":"2","48":"2","43":"2"},"XP":{"MR":"2","JQ":"2","QV":"2","XQ":"2","PJ":"2","HR":"2","2Q":"2","RJ":"2","VM":"2","CQ":"2","5R":"2","VJ":"2","JR":"2","VH":"2","J8":"2","7W":"2","MX":"2","QJ":"2","6R":"2","9C":"2","CC":"2","QW":"2","5V":"2","6W":"2","WH":"2","FX":"2","CP":"2","WP":"2","6V":"2","FC":"2","JC":"2","WC":"2","4Q":"2","RM":"2"},"CR":{"HR":"2","HQ":"2","JR":"2","HM":"2","JQ":"2","WM":"2","VM":"2","JP":"2","5V":"2","8R":"2","4V":"2","3R":"2","HP":"2","6X":"2","3V":"2","MP":"2","6V":"2","GV":"2","MQ":"2","XM":"2","JM":"2","GM":"2","4R":"2"},"XW":{"3Q":"2","22":"2","HW":"2","79":"2","F5":"2","3R":"2","7W":"2","6G":"2","3F":"2","5F":"2","M5":"2","G8":"2","6R":"2","7X":"2","C2":"2","2R":"2","97":"2","3W":"2","39":"2","27":"2","V2":"2","5W":"2","PH":"2","6J":"2","44":"2","46":"2","W4":"2","36":"2","29":"2","4P":"2","H9":"2","6M":"2","X2":"2","5C":"2","PF":"2","QH":"2","3X":"2","7V":"2","4C":"2","47":"2","H5":"2","3V":"2","48":"2","6V":"2","4J":"2","78":"2","6P":"2","3C":"2","28":"2","R6":"2","P7":"2","2P":"2","2X":"2","X3":"2","38":"2","M8":"2","45":"2","5P":"2","HV":"2","4W":"2","68":"2","77":"2","F2":"2","3G":"2","MW":"2","4H":"2","C6":"2","W3":"2","V4":"2","JW":"2","6X":"2","7C":"2","5V":"2","4G":"2","54":"2","G6":"2","35":"2","P3":"2","2J":"2","PJ":"2","6C":"2","3J":"2","M4":"2","7F":"2","P6":"2","7H":"2","2C":"2","P5":"2","JF":"2","3M":"2","7Q":"2","2W":"2","6F":"2","67":"2","J4":"2","4M":"2","QJ":"2","4X":"2","2H":"2","69":"2","2Q":"2","4V":"2","6Q":"2","JG":"2","C7":"2","W2":"2","4F":"2","Q6":"2","3H":"2","82":"2","M6":"2","7R":"2","J6":"2","37":"2","5M":"2","F3":"2","53":"2","6W":"2","57":"2","M7":"2","H7":"2","H4":"2","Q2":"2","92":"2","2V":"2","98":"2","F6":"2","R5":"2","PG":"2","PM":"2","M9":"2","H6":"2","7G":"2","V3":"2","J5":"2","6H":"2"},"GQ":{"9W":"2","CW":"2","CV":"2"},"V3":{"76":"2"}},"8X":{"FQ":{"R5":"2","R2":"2","Q2":"2"},"77":{"P6":"2"},"9G":{"X8":"2","42":"2","X9":"2"},"8V":{"JX":"2","FV":"2","FW":"2"},"88":{"9C":"2","FM":"2","9G":"2","CG":"2","9F":"2"},"CH":{"93":"2","MH":"2","WG":"2","VC":"2","92":"2"},"4W":{"88":"2"},"FR":{"68":"2","78":"2","77":"2"},"6W":{"7Q":"2","FH":"2"},"33":{"35":"2"},"GX":{"C4":"2","94":"2","VW":"2"},"CG":{"QW":"2","JV":"2"},"FW":{"4M":"2","3M":"2","39":"2"},"CW":{"RG":"2","VQ":"2","VR":"2","QR":"2","VM":"2","VJ":"2","WJ":"2","VH":"2","RP":"2","RQ":"2","WV":"2","VP":"2","WH":"2","XM":"2","WM":"2","WP":"2","WF":"2","QH":"2","PM":"2","PQ":"2","WQ":"2","WC":"2","WG":"2","XJ":"2","RH":"2","RM":"2"},"FP":{"WP":"2","QX":"2","RX":"2","VM":"2","PX":"2","WM":"2"},"7V":{"CF":"2","CG":"2"},"PX":{"HW":"2","MX":"2","JX":"2"},"GQ":{"G8":"2","G7":"2","FR":"2","HG":"2","C7":"2","JG":"2","GF":"2","HQ":"2","97":"2","G6":"2","77":"2","7M":"2","GR":"2","2G":"2","M9":"2","HM":"2","F9":"2","7Q":"2","CM":"2","9W":"2","2F":"2","FW":"2","HJ":"2","C6":"2","76":"2","7R":"2","94":"2","96":"2","93":"2","H8":"2","8F":"2","J9":"2","95":"2","9J":"2","FV":"2","H9":"2","8G":"2","8R":"2","8W":"2","HH":"2","JJ":"2","FP":"2","HF":"2","86":"2","F6":"2","7P":"2","CV":"2","CH":"2","FQ":"2","FH":"2","HP":"2","9G":"2","87":"2","C5":"2","4F":"2","98":"2","6Q":"2","99":"2","H6":"2","8M":"2","C9":"2","89":"2","FF":"2","88":"2","CG":"2","HC":"2","6M":"2","6J":"2","F7":"2","9C":"2","JH":"2","GQ":"2","GM":"2","JC":"2"},"GP":{"2G":"2","4Q":"2"}},"7W":{"CP":{"9G":"2","9J":"2","9V":"2","CH":"2","CJ":"2","CF":"2","9H":"2","CG":"2"},"GP":{"R7":"2","VF":"2","V7":"2"},"VX":{"R3":"2","V3":"2","W3":"2","V2":"2"},"PQ":{"MM":"2"},"VW":{"WX":"2","VX":"2","VV":"2","VR":"2","VW":"2"},"8M":{"VV":"2","VW":"2","RW":"2","RV":"2"},"RV":{"9C":"2","CC":"2","9F":"2","FF":"2","FG":"2"}},"XR":{"V8":{"XH":"2"},"3Q":{"WP":"2","RQ":"2","MQ":"2"},"Q5":{"Q5":"2","M3":"2"},"87":{"J8":"2"},"79":{"97":"2","24":"2","47":"2","MX":"2","P2":"2","48":"2"},"R2":{"XX":"2","JX":"2","CR":"2","VH":"2","MX":"2","HW":"2","WW":"2","Q8":"2","HX":"2","VX":"2","JW":"2","PX":"2","WQ":"2","QX":"2"},"W9":{"4H":"2","2H":"2","6H":"2"},"WW":{"W4":"2"},"FC":{"72":"2","83":"2","95":"2","84":"2"},"3F":{"FP":"2"},"5F":{"R2":"2"},"RG":{"9V":"2"},"2R":{"8C":"2","9H":"2","8G":"2","9G":"2"},"97":{"9X":"2","FR":"2","GR":"2","WV":"2","GW":"2","GX":"2","QV":"2","9W":"2","FW":"2","FV":"2","PV":"2","6P":"2","CV":"2","FQ":"2","CQ":"2","8V":"2","MV":"2","HV":"2","9Q":"2","JV":"2","MR":"2","PR":"2","GV":"2","6M":"2","CW":"2","9V":"2","CX":"2","FX":"2","HW":"2","XW":"2"},"M2":{"93":"2","2H":"2","3H":"2","92":"2"},"39":{"M2":"2","Q2":"2","P2":"2","R2":"2","45":"2","2G":"2","2H":"2","2M":"2"},"VC":{"P8":"2"},"V2":{"R3":"2","6W":"2","X3":"2","X2":"2","V3":"2","2X":"2","W3":"2","W2":"2","XW":"2","5W":"2"},"89":{"PH":"2","RG":"2","Q8":"2"},"6J":{"32":"2"},"W7":{"HX":"2"},"XR":{"XM":"2","RW":"2"},"88":{"9M":"2","X9":"2","FM":"2","7Q":"2","CM":"2","63":"2","HJ":"2","PH":"2","GJ":"2","XF":"2","W9":"2","PJ":"2","XG":"2","JJ":"2","6P":"2","7P":"2","MJ":"2","5Q":"2","RJ":"2","3R":"2","RH":"2","8P":"2","6Q":"2","QH":"2","QG":"2","RG":"2","WF":"2","MH":"2","JH":"2","WG":"2","CP":"2"},"W4":{"77":"2","76":"2","J8":"2","85":"2","75":"2","74":"2","84":"2"},"29":{"WJ":"2"},"6M":{"HV":"2","HR":"2","9P":"2","JW":"2","JV":"2","JX":"2"},"X2":{"G6":"2","93":"2","J4":"2","C2":"2","GM":"2","WJ":"2","Q5":"2","C3":"2","V5":"2","H5":"2","92":"2","WH":"2"},"5C":{"5H":"2"},"Q4":{"WV":"2","QX":"2","WW":"2","RX":"2","VW":"2","XW":"2"},"4C":{"HV":"2"},"47":{"FX":"2"},"V9":{"M5":"2","W9":"2","2P":"2"},"74":{"3P":"2","7Q":"2","4P":"2","2M":"2","4Q":"2","3M":"2","2P":"2"},"WX":{"8R":"2","9M":"2","9J":"2"},"78":{"VX":"2","VW":"2","GX":"2","JV":"2","RW":"2","PX":"2"},"C8":{"CR":"2","8Q":"2","9R":"2","8P":"2","JQ":"2","8R":"2","QW":"2","JR":"2"},"R6":{"G4":"2","G8":"2","G2":"2"},"X5":{"H4":"2"},"X3":{"62":"2"},"38":{"GV":"2","FR":"2","QJ":"2","GW":"2","HP":"2","PJ":"2","HQ":"2","FV":"2","8X":"2"},"XX":{"P3":"2","RF":"2","V8":"2","W4":"2","X5":"2","R9":"2","P8":"2","J8":"2","Q7":"2","P5":"2","P9":"2","X2":"2","P4":"2","V9":"2","W2":"2","H8":"2","XF":"2","J3":"2","W3":"2","W9":"2","VC":"2","WC":"2","R8":"2","P2":"2","RC":"2","C9":"2","X4":"2","W5":"2","M4":"2","M2":"2","V6":"2","Q8":"2","Q6":"2"},"F9":{"3V":"2","4V":"2"},"R4":{"QJ":"2","RM":"2","JG":"2","RF":"2","V8":"2","W4":"2","PM":"2","X5":"2","R9":"2","X2":"2","V2":"2","VM":"2","W6":"2","2W":"2","PH":"2","V9":"2","W2":"2","W3":"2","X3":"2","V7":"2","QC":"2","RJ":"2","JF":"2","VQ":"2","R8":"2","RC":"2","QP":"2","QH":"2","X4":"2","QM":"2","Q9":"2","W5":"2","2V":"2","MM":"2","VV":"2"},"R3":{"W8":"2","XR":"2","VR":"2","W3":"2","WX":"2","V2":"2","XF":"2","V7":"2","W7":"2","X6":"2","V8":"2","X5":"2","Q6":"2","R4":"2","R3":"2","Q3":"2","X2":"2","XV":"2","W6":"2","WF":"2","Q4":"2","V9":"2","P2":"2","XC":"2","V3":"2","X7":"2","GR":"2","V5":"2","Q5":"2","R5":"2","W2":"2","RP":"2","Q2":"2","P3":"2","RH":"2","RJ":"2","VW":"2","V6":"2","RR":"2","R2":"2"},"XV":{"P5":"2","P8":"2","M5":"2","QC":"2","Q4":"2","Q9":"2","R2":"2","RF":"2","J5":"2","Q8":"2","R9":"2","V3":"2","QF":"2","RC":"2","Q5":"2","P9":"2"},"XC":{"5H":"2"},"GV":{"4M":"2","4P":"2"},"F8":{"P6":"2"},"2G":{"XV":"2"},"C5":{"V4":"2"},"WC":{"M6":"2"},"M3":{"WG":"2","QW":"2"},"C6":{"96":"2"},"W3":{"HM":"2"},"V4":{"32":"2","RF":"2","J2":"2","VG":"2","22":"2","42":"2","92":"2"},"7C":{"FF":"2","H6":"2","H7":"2","F9":"2","4J":"2","Q9":"2","CF":"2","9F":"2","3J":"2","G7":"2","G8":"2","Q8":"2","R9":"2","HX":"2","FC":"2","G9":"2"},"P3":{"72":"2","82":"2","C2":"2","92":"2"},"99":{"2P":"2"},"V7":{"2J":"2","W6":"2","3G":"2","RV":"2","2P":"2","3F":"2","3J":"2","W3":"2","3C":"2","V3":"2","3H":"2","2M":"2"},"M4":{"97":"2","M3":"2"},"7F":{"2G":"2","45":"2","H2":"2"},"C9":{"M7":"2"},"R9":{"XR":"2","XQ":"2"},"2C":{"F8":"2","G9":"2","F9":"2","G8":"2"},"76":{"X8":"2"},"75":{"HM":"2","PR":"2","GH":"2","QW":"2"},"85":{"C9":"2"},"2W":{"GX":"2"},"P2":{"RR":"2","9X":"2","RX":"2","MX":"2"},"6F":{"WJ":"2"},"8F":{"WV":"2","VW":"2","RW":"2"},"67":{"XF":"2"},"R8":{"53":"2"},"4M":{"V9":"2","W9":"2"},"WR":{"G5":"2","F5":"2","F6":"2"},"V5":{"PR":"2","PV":"2","77":"2"},"69":{"95":"2","X4":"2","X5":"2","CC":"2","MJ":"2","H5":"2","G5":"2","J6":"2","46":"2","G4":"2","37":"2","G6":"2"},"2Q":{"4H":"2"},"R7":{"PP":"2","6W":"2","MR":"2","7W":"2","MQ":"2","6X":"2"},"C7":{"VM":"2","CX":"2","7Q":"2","9X":"2","8Q":"2","7M":"2","2W":"2","5Q":"2"},"W2":{"23":"2","36":"2","58":"2","34":"2","42":"2","52":"2","28":"2","32":"2","22":"2","F3":"2","48":"2","2W":"2","47":"2","68":"2","C4":"2","24":"2","35":"2","R3":"2","2X":"2","CC":"2","56":"2","G2":"2","G6":"2","55":"2","4J":"2","G7":"2","46":"2","25":"2","59":"2","33":"2","57":"2","4H":"2","5F":"2","63":"2","F2":"2","3X":"2","C3":"2","Q2":"2","C2":"2","3C":"2","54":"2","53":"2","3F":"2","3W":"2","R2":"2"},"58":{"5X":"2"},"Q6":{"68":"2"},"82":{"CR":"2","GW":"2","XF":"2","JV":"2","RJ":"2","JR":"2"},"5M":{"97":"2","F7":"2","F8":"2","38":"2","C7":"2","J8":"2","C8":"2","H8":"2","CC":"2","F6":"2","J9":"2","FF":"2","58":"2","99":"2","48":"2"},"56":{"PH":"2"},"57":{"86":"2","F7":"2","F4":"2","42":"2","F9":"2","54":"2","3F":"2","F6":"2","57":"2","55":"2","48":"2","96":"2","C6":"2","43":"2","87":"2","3C":"2","56":"2","C5":"2","44":"2","32":"2","G4":"2","37":"2"},"V6":{"R5":"2","R2":"2","R3":"2","V9":"2","92":"2"},"2M":{"2G":"2"},"X7":{"89":"2","HG":"2"},"Q2":{"P6":"2","F6":"2"},"92":{"43":"2"},"F7":{"XX":"2"},"W8":{"9G":"2","28":"2","58":"2","6G":"2","F3":"2","39":"2","29":"2","2C":"2","9F":"2","38":"2","48":"2","2F":"2","47":"2","26":"2","36":"2","49":"2","37":"2","59":"2"},"8G":{"R5":"2"},"98":{"75":"2","C2":"2","39":"2","2G":"2","7Q":"2","26":"2","2F":"2","59":"2","74":"2","93":"2","45":"2","3C":"2","8F":"2","2C":"2","G2":"2","H3":"2","8G":"2","57":"2","83":"2","7P":"2","36":"2","F2":"2","47":"2","CC":"2","H2":"2","58":"2","92":"2","48":"2","M2":"2","49":"2","66":"2","7F":"2"},"F6":{"HC":"2"},"R5":{"CR":"2","7R":"2","GW":"2","PG":"2","X4":"2","X3":"2","JW":"2","M9":"2","W2":"2","GX":"2","FV":"2","FW":"2"},"86":{"2C":"2","4F":"2","29":"2"},"J3":{"VP":"2"},"H6":{"M2":"2"},"XW":{"XX":"2","MR":"2","M7":"2","QV":"2","GW":"2","MX":"2","RV":"2","M8":"2","P3":"2","QW":"2","MG":"2","MW":"2","JF":"2","HX":"2","MV":"2","WX":"2","P7":"2","PW":"2","PH":"2","PX":"2","GM":"2","MH":"2","QX":"2","M9":"2","Q3":"2"},"49":{"XC":"2"},"W5":{"8Q":"2","7R":"2","8R":"2","3J":"2"},"V3":{"66":"2","22":"2","F4":"2","9X":"2","HW":"2","8W":"2","87":"2","8R":"2","3R":"2","HJ":"2","7W":"2","6G":"2","3F":"2","5F":"2","G8":"2","6R":"2","97":"2","3W":"2","27":"2","89":"2","9G":"2","9H":"2","5W":"2","7J":"2","7P":"2","FH":"2","6J":"2","7M":"2","42":"2","88":"2","W4":"2","36":"2","4P":"2","59":"2","6M":"2","9V":"2","8J":"2","3X":"2","7V":"2","47":"2","H5":"2","48":"2","6V":"2","4R":"2","78":"2","8Q":"2","5H":"2","J7":"2","6P":"2","28":"2","CX":"2","93":"2","2X":"2","X3":"2","38":"2","45":"2","C4":"2","9W":"2","9Q":"2","8C":"2","8M":"2","5G":"2","5P":"2","HV":"2","FQ":"2","4W":"2","68":"2","F8":"2","77":"2","HX":"2","G9":"2","2G":"2","CW":"2","J8":"2","CM":"2","V4":"2","7C":"2","5V":"2","4G":"2","G5":"2","35":"2","2J":"2","HM":"2","G7":"2","96":"2","99":"2","94":"2","6C":"2","9J":"2","7F":"2","4Q":"2","55":"2","G4":"2","7H":"2","2C":"2","76":"2","95":"2","25":"2","8P":"2","32":"2","85":"2","7Q":"2","8F":"2","67":"2","G3":"2","2F":"2","4X":"2","69":"2","4V":"2","JJ":"2","6Q":"2","84":"2","4F":"2","58":"2","H8":"2","9C":"2","9P":"2","26":"2","33":"2","7R":"2","37":"2","5M":"2","F3":"2","CV":"2","56":"2","6W":"2","57":"2","M7":"2","2M":"2","8H":"2","9R":"2","8G":"2","FM":"2","8V":"2","98":"2","86":"2","GQ":"2","7G":"2","C3":"2","J5":"2","6H":"2"}},"CX":{"W8":{"XQ":"2","9G":"2","89":"2","XR":"2","7F":"2","C2":"2","CH":"2","F2":"2","92":"2","94":"2","C3":"2","WP":"2","8C":"2","XP":"2","M9":"2"},"58":{"F5":"2"},"WG":{"XQ":"2","RX":"2","WW":"2","VR":"2","PX":"2","RG":"2","VC":"2","PV":"2","VJ":"2","PH":"2","W7":"2","XR":"2","WG":"2","RQ":"2","VF":"2","PP":"2","VM":"2","WQ":"2","RF":"2","QP":"2","H5":"2","WX":"2","RR":"2","VX":"2","X5":"2","CX":"2","RV":"2","XX":"2","RP":"2","MH":"2","XV":"2","VW":"2","RW":"2","G9":"2","VG":"2","PR":"2","VH":"2","MW":"2","QV":"2","WC":"2","MX":"2","XM":"2","MJ":"2","PJ":"2","V7":"2","PW":"2","X8":"2","MG":"2","WF":"2","WV":"2","VP":"2","JF":"2","X6":"2","RJ":"2","QX":"2","R8":"2","QJ":"2","WR":"2","R7":"2","RM":"2","QF":"2","WJ":"2","VQ":"2","X7":"2","QM":"2","X9":"2","MM":"2","VV":"2","W8":"2","QR":"2","RC":"2","PG":"2","PM":"2","QG":"2","XP":"2","XW":"2"},"R6":{"53":"2"},"47":{"M5":"2","X3":"2","W4":"2"},"W3":{"QR":"2"},"WX":{"WP":"2","VP":"2","VQ":"2"},"MG":{"93":"2"},"27":{"2H":"2","F2":"2","XC":"2","Q9":"2","3H":"2"},"XG":{"2P":"2","5V":"2","5R":"2","3J":"2","3G":"2","48":"2","2R":"2","2W":"2","2Q":"2","8M":"2","MG":"2","3R":"2","HH":"2","27":"2","GF":"2","49":"2","7M":"2","4R":"2","3P":"2","7F":"2","4M":"2","6F":"2","6M":"2","3V":"2","2H":"2","2X":"2","HC":"2","JH":"2","4V":"2","5M":"2","4G":"2","7J":"2","QM":"2","8F":"2","57":"2","4Q":"2","26":"2","2J":"2","JJ":"2","97":"2","VM":"2","4P":"2","2V":"2","2F":"2","3H":"2","89":"2","3Q":"2","2M":"2","88":"2","HJ":"2","3C":"2","3F":"2","MM":"2","43":"2","FP":"2"},"C5":{"WQ":"2","WW":"2","QQ":"2","PP":"2","VR":"2","XV":"2","RR":"2","PW":"2","PJ":"2","44":"2","55":"2","VQ":"2","XR":"2","WR":"2","RQ":"2","QP":"2","QM":"2","QR":"2","RP":"2"},"XH":{"22":"2","25":"2"},"9C":{"FQ":"2","MV":"2"},"X8":{"X2":"2","FF":"2","R3":"2","5X":"2","R6":"2","4V":"2","5R":"2","3R":"2","V7":"2","Q6":"2","6Q":"2","X4":"2","75":"2","W3":"2","G8":"2","4R":"2","74":"2","5P":"2","X3":"2","V3":"2","6P":"2","Q7":"2","R4":"2","4Q":"2","M9":"2","5Q":"2"},"PH":{"CJ":"2","9J":"2"},"4W":{"C8":"2"},"CH":{"XF":"2","WF":"2","W9":"2","WC":"2"},"66":{"QJ":"2","6R":"2","3R":"2","GP":"2","GM":"2","2V":"2","3W":"2","2R":"2","3V":"2","RJ":"2","PM":"2"},"85":{"FQ":"2","CP":"2","HR":"2","GQ":"2","GR":"2","CQ":"2"},"W9":{"V4":"2","W5":"2","V6":"2","V5":"2","W6":"2"},"2X":{"JQ":"2","HR":"2","HQ":"2","WQ":"2","CW":"2","MQ":"2","JR":"2"},"56":{"XV":"2","GW":"2","HV":"2","GX":"2","CW":"2","FX":"2","FW":"2"},"MP":{"27":"2"},"F7":{"95":"2","77":"2"},"G6":{"JQ":"2","FM":"2","9H":"2","GP":"2","GM":"2","CJ":"2","CM":"2","FJ":"2","9M":"2"},"JP":{"CM":"2"},"8C":{"FV":"2"},"JC":{"W7":"2","Q3":"2","XC":"2","X9":"2","WC":"2"},"QJ":{"X8":"2","RH":"2","VH":"2","WH":"2"},"WF":{"9G":"2","CM":"2","9M":"2"},"2C":{"38":"2","36":"2","27":"2","26":"2","37":"2","58":"2","48":"2"},"4V":{"GH":"2"},"XJ":{"WF":"2","WC":"2"},"WH":{"P3":"2","M7":"2","H5":"2","W4":"2","F5":"2","V3":"2","2G":"2","W7":"2","Q7":"2","Q2":"2","X2":"2","V2":"2","V4":"2","W6":"2","C6":"2","W2":"2","96":"2","H8":"2","J3":"2","H3":"2","X3":"2","78":"2","R3":"2","J2":"2","R6":"2","87":"2","C5":"2","P2":"2","4C":"2","R4":"2","H2":"2","3G":"2","3Q":"2","P6":"2","X4":"2","88":"2","G5":"2","8C":"2","R5":"2","Q6":"2","R2":"2"},"WV":{"VR":"2"},"J7":{"W7":"2","X6":"2","X7":"2"},"57":{"8Q":"2","7R":"2","24":"2","23":"2","G2":"2"},"M7":{"47":"2","45":"2","27":"2","26":"2","37":"2"},"9Q":{"C6":"2","96":"2"},"76":{"F9":"2","5F":"2","4F":"2","H9":"2","98":"2"},"26":{"9X":"2","CX":"2","CW":"2","FX":"2","FW":"2"},"XM":{"C4":"2"},"X7":{"QJ":"2","WR":"2","WP":"2","XR":"2","VR":"2","VP":"2","XP":"2","VQ":"2","WQ":"2","WM":"2","RP":"2"},"3X":{"QQ":"2"},"FX":{"4R":"2","3R":"2","4Q":"2"},"GC":{"HX":"2"},"Q5":{"7Q":"2"},"5Q":{"M8":"2","3M":"2"},"X4":{"G9":"2","F9":"2"},"VH":{"JQ":"2","HR":"2","VM":"2","QM":"2","PP":"2","FV":"2","GQ":"2","QP":"2","RM":"2"},"H7":{"G3":"2"},"37":{"4G":"2","6G":"2","5F":"2","3F":"2","5G":"2","4F":"2","6F":"2","2F":"2","5J":"2"},"F5":{"6W":"2","6X":"2"},"4X":{"8V":"2"},"RJ":{"F7":"2","C7":"2"},"8G":{"PR":"2"},"38":{"63":"2","86":"2","77":"2","66":"2","72":"2","76":"2","62":"2","67":"2","QW":"2","53":"2","87":"2","52":"2","QX":"2"},"MC":{"3C":"2","2C":"2","4C":"2","2F":"2","3F":"2","29":"2"},"WC":{"PJ":"2","PM":"2"}},"6X":{"XW":{"38":"2","28":"2","39":"2"},"M7":{"4R":"2"},"VR":{"XJ":"2","VM":"2","WM":"2","VH":"2"},"H7":{"W3":"2","W2":"2"},"VV":{"4W":"2","4V":"2"},"P8":{"MH":"2","MF":"2","MG":"2","65":"2","75":"2"},"R8":{"X2":"2","FF":"2","QV":"2","5X":"2","CQ":"2","CR":"2","9V":"2","VJ":"2","9R":"2","8X":"2","CM":"2","88":"2","6X":"2","9C":"2","5W":"2","CF":"2","CC":"2","9X":"2","9F":"2","9W":"2","PV":"2","CP":"2","GF":"2","9Q":"2","6V":"2","FP":"2","GJ":"2","X3":"2","7P":"2","CV":"2","8W":"2"},"VH":{"32":"2"},"V8":{"23":"2","22":"2"},"Q9":{"XF":"2","W8":"2","42":"2","XC":"2","PG":"2","X9":"2","43":"2","52":"2","W9":"2"},"QW":{"P5":"2","R4":"2"},"G7":{"P4":"2"},"Q8":{"3X":"2","3W":"2"},"R9":{"95":"2","5V":"2","G9":"2","52":"2","6C":"2","5R":"2","8H":"2","48":"2","6Q":"2","9F":"2","68":"2","7G":"2","4C":"2","5G":"2","49":"2","WR":"2","7M":"2","CQ":"2","H8":"2","86":"2","9C":"2","5J":"2","HF":"2","77":"2","66":"2","85":"2","CC":"2","G4":"2","79":"2","HC":"2","56":"2","J6":"2","84":"2","6J":"2","94":"2","F7":"2","55":"2","4J":"2","46":"2","2C":"2","59":"2","4G":"2","7J":"2","4F":"2","4H":"2","76":"2","9G":"2","63":"2","G8":"2","2J":"2","39":"2","75":"2","4P":"2","89":"2","78":"2","5H":"2","9H":"2","65":"2","67":"2","H6":"2","64":"2","6H":"2","74":"2","69":"2","3C":"2","54":"2","8G":"2","53":"2","3F":"2","6G":"2","CF":"2","45":"2","H9":"2","92":"2"},"VC":{"56":"2","47":"2"},"C5":{"PH":"2","MW":"2","MX":"2"},"RC":{"62":"2","9G":"2","CQ":"2"},"WR":{"3Q":"2","2M":"2"}},"WV":{"MQ":{"7M":"2","FH":"2"},"Q5":{"VG":"2","R9":"2"},"F4":{"32":"2","69":"2"},"8W":{"22":"2"},"R2":{"GW":"2","9G":"2","9J":"2","HJ":"2","8H":"2","CH":"2","FH":"2","CJ":"2","8J":"2","9H":"2","FX":"2","7J":"2","JJ":"2","CG":"2","GV":"2","7M":"2"},"8R":{"7V":"2","8V":"2","7W":"2","7X":"2"},"CP":{"2V":"2","J6":"2","M7":"2"},"F5":{"P5":"2","35":"2","P6":"2","67":"2","85":"2","G5":"2","66":"2","36":"2","27":"2","V5":"2","25":"2","26":"2","75":"2","37":"2"},"HJ":{"85":"2","F9":"2","G8":"2","F6":"2"},"GC":{"5H":"2","4J":"2","6H":"2"},"FC":{"X2":"2","MR":"2","HR":"2","9V":"2","CR":"2","V7":"2","JR":"2","X4":"2","V2":"2","R2":"2","X5":"2","RF":"2","XM":"2","X6":"2"},"M5":{"C5":"2","95":"2","FX":"2","FW":"2"},"G8":{"JH":"2","9H":"2","82":"2","RF":"2","WX":"2","Q8":"2","GM":"2","3J":"2","XX":"2","GG":"2","JG":"2"},"P4":{"H6":"2","H5":"2"},"C2":{"JV":"2"},"RG":{"RC":"2","J9":"2","78":"2"},"FF":{"4V":"2","5R":"2","4X":"2","G2":"2","MC":"2","88":"2","7F":"2","F3":"2","PC":"2","F6":"2","9F":"2","9W":"2","PV":"2","C7":"2","4R":"2","HX":"2","3X":"2","5C":"2","C6":"2","5P":"2","QF":"2"},"CJ":{"G8":"2","M3":"2","GH":"2","97":"2","H5":"2","P5":"2","X2":"2","C6":"2","H8":"2","J3":"2","H3":"2","86":"2","H4":"2","F6":"2","G3":"2","J4":"2","68":"2","C4":"2","R4":"2","H2":"2","H7":"2","M6":"2","Q4":"2","J7":"2"},"VC":{"7C":"2","9J":"2","79":"2","3G":"2","9C":"2","9M":"2","2G":"2","4F":"2","2F":"2","9Q":"2","8C":"2","3H":"2"},"9G":{"V4":"2","Q3":"2","P3":"2","H2":"2"},"9H":{"JG":"2","GH":"2","MF":"2","V8":"2","W4":"2","F9":"2","W6":"2","GJ":"2","H9":"2","XJ":"2","PJ":"2","HH":"2","QC":"2","V5":"2","87":"2","VG":"2","98":"2","QG":"2","C8":"2","PF":"2","HC":"2","RG":"2","W5":"2","WF":"2","PC":"2","MH":"2","FC":"2","JH":"2","GC":"2","PG":"2","WG":"2","JC":"2"},"PH":{"W8":"2","P8":"2","J8":"2","85":"2","G7":"2","W7":"2","Q8":"2","C5":"2","Q7":"2"},"FH":{"6C":"2","GH":"2","3H":"2","XP":"2","3F":"2","2H":"2","5C":"2","3C":"2","XF":"2","2M":"2","57":"2","65":"2","4G":"2","4F":"2","VG":"2","P2":"2","3J":"2","RC":"2","4C":"2","4H":"2","QH":"2","JX":"2","5F":"2","3G":"2","WP":"2","VF":"2","RG":"2","3X":"2","49":"2","WG":"2"},"FJ":{"C4":"2","85":"2","23":"2","94":"2","F3":"2","95":"2","H2":"2","G2":"2"},"44":{"7H":"2"},"H9":{"H6":"2","22":"2","VH":"2","5H":"2","24":"2","W7":"2","F8":"2","5J":"2","7P":"2","Q7":"2"},"HG":{"8J":"2","5Q":"2","4Q":"2","29":"2"},"9V":{"3P":"2","4M":"2","4J":"2","8H":"2","3M":"2","5J":"2"},"Q9":{"G8":"2","C7":"2","M3":"2","M5":"2","G6":"2","V3":"2","Q2":"2","G4":"2","H8":"2","G2":"2","J3":"2","H3":"2","F8":"2","H4":"2","F6":"2","J2":"2","J6":"2","J4":"2","98":"2","P2":"2","F2":"2","H2":"2","P6":"2","Q9":"2","H7":"2","G5":"2","Q4":"2","F7":"2","M2":"2","Q8":"2"},"PP":{"RX":"2"},"JH":{"CH":"2","64":"2","36":"2"},"QH":{"G8":"2","G7":"2","J5":"2","28":"2","G9":"2","V3":"2","J8":"2","F9":"2","V4":"2","W2":"2","93":"2","3C":"2","H8":"2","J9":"2","X7":"2","H9":"2","7G":"2","27":"2","29":"2","F8":"2","R6":"2","55":"2","98":"2","47":"2","99":"2","C9":"2","R4":"2","QG":"2","C8":"2","CG":"2","R5":"2","GC":"2","PG":"2","Q6":"2"},"GF":{"CW":"2","CV":"2"},"FP":{"X8":"2","W5":"2","79":"2","99":"2"},"GJ":{"P7":"2","Q7":"2"},"H5":{"3Q":"2","4R":"2","7X":"2"},"74":{"MW":"2","FR":"2","GH":"2","QQ":"2","JR":"2","7J":"2","VM":"2","JP":"2","8Q":"2","PX":"2","GP":"2","CR":"2","FQ":"2","7H":"2","MV":"2","HV":"2","MP":"2","JV":"2","89":"2","6M":"2","5J":"2","MQ":"2","RP":"2","GQ":"2","7F":"2"},"CC":{"MH":"2","6R":"2","HJ":"2","5V":"2","2Q":"2","MG":"2","MM":"2","JW":"2","MX":"2","6V":"2","2R":"2","QW":"2","JX":"2"},"C8":{"WX":"2"},"J7":{"PC":"2","2F":"2","3F":"2"},"R6":{"MC":"2","M9":"2","QQ":"2"},"F9":{"XW":"2","72":"2","95":"2","RP":"2","P4":"2","94":"2","XM":"2","C5":"2","XP":"2","PH":"2","73":"2","WR":"2"},"C4":{"QM":"2"},"9Q":{"PW":"2","MW":"2","VV":"2"},"Q3":{"8X":"2"},"8C":{"3C":"2","CF":"2","GR":"2"},"R4":{"CR":"2","9P":"2","9Q":"2","CQ":"2"},"MH":{"93":"2"},"R3":{"H4":"2","9R":"2","7Q":"2","9Q":"2"},"GH":{"R6":"2","2Q":"2","HM":"2","WJ":"2","C9":"2","RP":"2","6G":"2","CF":"2","MJ":"2","CC":"2","2G":"2","FR":"2","9F":"2","WH":"2","8F":"2","GR":"2","6F":"2","CG":"2","2F":"2","R7":"2","8C":"2","PH":"2","QP":"2"},"F8":{"7G":"2","JQ":"2","RM":"2","6C":"2","VX":"2"},"G9":{"G7":"2","HG":"2","6G":"2","7J":"2","8H":"2","7Q":"2","C6":"2","59":"2","8J":"2","96":"2","8F":"2","XF":"2","9J":"2","8Q":"2","7G":"2","2P":"2","8G":"2","2M":"2","8R":"2","PJ":"2","HH":"2","JJ":"2","HF":"2","46":"2","6P":"2","CH":"2","5Q":"2","FQ":"2","9G":"2","FG":"2","7H":"2","VG":"2","36":"2","9R":"2","68":"2","8P":"2","5P":"2","9Q":"2","8M":"2","89":"2","C8":"2","H7":"2","9H":"2","6M":"2","6J":"2","9P":"2","9C":"2","6H":"2","7C":"2","MH":"2","8C":"2","9F":"2","69":"2","JH":"2","7F":"2"},"HH":{"9J":"2","4X":"2","6X":"2","7Q":"2","FH":"2","CJ":"2","GH":"2","4H":"2","6W":"2","WM":"2","CP":"2","3X":"2","7M":"2","5M":"2","32":"2","7P":"2","6P":"2","8M":"2","HG":"2"},"Q8":{"GX":"2","PX":"2"},"CM":{"G6":"2","8P":"2"},"C5":{"X7":"2"},"GM":{"PW":"2","MX":"2","JX":"2"},"M3":{"25":"2"},"GG":{"R5":"2","W5":"2","MW":"2","V3":"2","Q4":"2","PX":"2"},"C6":{"55":"2","64":"2","46":"2"},"G6":{"XR":"2","6F":"2","VJ":"2"},"G5":{"G8":"2","9X":"2","HG":"2","M7":"2","28":"2","VX":"2","J9":"2","WX":"2","Q5":"2","57":"2","78":"2","HF":"2","P7":"2","F8":"2","XX":"2","J6":"2","68":"2","58":"2","P6":"2","48":"2","88":"2","H7":"2","HC":"2","M6":"2","PC":"2","Q6":"2"},"P3":{"WJ":"2","VM":"2"},"G7":{"JV":"2","CX":"2","HW":"2","9X":"2","FX":"2","GR":"2","CP":"2","XH":"2","GV":"2","5P":"2","6P":"2"},"MJ":{"5H":"2","7P":"2","CP":"2","CM":"2","5J":"2","39":"2"},"96":{"W7":"2","79":"2","66":"2","89":"2","65":"2","88":"2","42":"2","86":"2","87":"2","53":"2"},"99":{"V2":"2"},"94":{"28":"2"},"MF":{"3P":"2"},"CG":{"5V":"2","PM":"2","2R":"2","R6":"2","3R":"2","V7":"2","HH":"2","MR":"2","4W":"2","HQ":"2","GH":"2","JV":"2","8W":"2","JR":"2","MP":"2","5W":"2","G2":"2","MX":"2","JP":"2","P6":"2","RF":"2","QJ":"2","4V":"2","7W":"2","HR":"2","V3":"2","MQ":"2","2V":"2","6W":"2","Q5":"2","RC":"2","9X":"2","QH":"2","JQ":"2","HG":"2","JX":"2","P5":"2","H2":"2","MM":"2"},"M4":{"QQ":"2","G2":"2"},"C9":{"X3":"2","34":"2"},"MG":{"P5":"2","V4":"2","Q5":"2","W4":"2","R4":"2","5G":"2"},"R9":{"72":"2","VV":"2","7F":"2","9M":"2","7H":"2","6J":"2","5J":"2","PQ":"2","73":"2","8M":"2","6H":"2"},"95":{"MH":"2","2W":"2","MP":"2","3X":"2","3W":"2"},"P5":{"7P":"2","HJ":"2","PF":"2","4P":"2","XJ":"2","RH":"2","RJ":"2","VH":"2","QH":"2"},"JF":{"QX":"2","QW":"2"},"75":{"W7":"2","V4":"2"},"85":{"QR":"2","66":"2","MQ":"2","Q9":"2","FH":"2","9C":"2","67":"2","CF":"2","33":"2","CG":"2","JP":"2","43":"2","56":"2","GJ":"2","46":"2","XG":"2"},"9F":{"6R":"2","6W":"2","6V":"2","GC":"2","29":"2"},"8F":{"P7":"2","R9":"2","W9":"2"},"4M":{"FW":"2"},"WR":{"87":"2"},"6Q":{"CR":"2","9V":"2","CJ":"2","6V":"2","CV":"2"},"JG":{"W6":"2","V8":"2"},"84":{"2H":"2","X8":"2"},"C7":{"6M":"2","6P":"2","9Q":"2"},"W2":{"2X":"2","VW":"2"},"Q6":{"52":"2"},"H8":{"2W":"2","2X":"2","3W":"2"},"9C":{"XQ":"2","XR":"2","FH":"2","PG":"2","VG":"2","FW":"2","QH":"2","XP":"2"},"9P":{"XV":"2"},"GP":{"J2":"2","F2":"2","P2":"2","M2":"2","G2":"2"},"F3":{"2X":"2"},"FG":{"42":"2","8V":"2","7F":"2","7R":"2","23":"2","WH":"2","4R":"2","RR":"2","8C":"2","QX":"2","8W":"2"},"HC":{"M7":"2","H6":"2","X7":"2","P8":"2","R8":"2","3F":"2","4F":"2","JF":"2","Q8":"2","CG":"2","R7":"2"},"H7":{"3G":"2","9C":"2","RH":"2","86":"2","84":"2","75":"2","WH":"2"},"CH":{"7C":"2","95":"2","R8":"2","G9":"2","PM":"2","F3":"2","WG":"2","MH":"2","8H":"2","48":"2","M9":"2","RG":"2","9F":"2","P7":"2","47":"2","JF":"2","8M":"2","XF":"2","MG":"2","F8":"2","93":"2","PC":"2","7H":"2","4C":"2","MJ":"2","C7":"2","27":"2","GF":"2","WJ":"2","49":"2","M5":"2","M6":"2","G3":"2","JG":"2","PF":"2","XG":"2","MF":"2","H8":"2","V8":"2","7F":"2","XH":"2","J4":"2","VG":"2","VC":"2","6M":"2","F9":"2","5J":"2","PH":"2","HF":"2","C9":"2","2H":"2","H3":"2","CH":"2","77":"2","GH":"2","85":"2","66":"2","73":"2","FG":"2","H4":"2","VF":"2","G4":"2","79":"2","HC":"2","84":"2","JH":"2","6J":"2","6P":"2","G2":"2","G6":"2","FC":"2","P6":"2","PP":"2","8C":"2","4J":"2","G7":"2","RF":"2","QJ":"2","JC":"2","FF":"2","WF":"2","25":"2","CJ":"2","4V":"2","59":"2","5M":"2","4G":"2","WH":"2","J7":"2","P9":"2","XC":"2","FJ":"2","FH":"2","8F":"2","M7":"2","4F":"2","F6":"2","5F":"2","4Q":"2","76":"2","26":"2","Q7":"2","G8":"2","2J":"2","JJ":"2","QF":"2","97":"2","VM":"2","F2":"2","75":"2","M4":"2","98":"2","89":"2","78":"2","72":"2","8P":"2","GC":"2","PG":"2","RC":"2","5Q":"2","QH":"2","9H":"2","96":"2","VH":"2","67":"2","J9":"2","H7":"2","H6":"2","J5":"2","CG":"2","HG":"2","VJ":"2","QG":"2","GG":"2","M8":"2","C8":"2","RM":"2","6H":"2","74":"2","Q8":"2","88":"2","HJ":"2","J8":"2","C2":"2","3C":"2","G5":"2","8G":"2","H2":"2","3F":"2","6G":"2","CF":"2","C6":"2","45":"2","F4":"2","H5":"2","MC":"2","H9":"2","9J":"2","92":"2","WC":"2"},"9M":{"RM":"2","VG":"2","XG":"2","XJ":"2","XH":"2","VJ":"2"},"9R":{"M2":"2"},"CF":{"8J":"2","6W":"2","9Q":"2"},"F7":{"GQ":"2","CQ":"2"},"8V":{"PH":"2","PG":"2","7V":"2","82":"2","6W":"2","5V":"2","5R":"2","3X":"2","6V":"2","4X":"2","5W":"2","87":"2"},"F6":{"7C":"2","Q6":"2","QC":"2","9C":"2","J9":"2","R7":"2","P6":"2","Q7":"2","M9":"2","P9":"2"},"R5":{"GF":"2","JW":"2","GG":"2","FG":"2"},"86":{"P7":"2","M7":"2"},"PG":{"RX":"2"},"J3":{"X5":"2","X4":"2","V4":"2","V3":"2","W4":"2"},"M9":{"57":"2","GF":"2","GG":"2","HG":"2"},"H6":{"72":"2","H6":"2","76":"2","3H":"2","84":"2","77":"2","73":"2"},"C3":{"XV":"2","RR":"2","XR":"2","VR":"2","VQ":"2","RV":"2"}},"FG":{"3C":{"RV":"2"},"49":{"3R":"2","2V":"2","2R":"2"},"39":{"XV":"2","RR":"2","WR":"2","XR":"2","QR":"2","RQ":"2","VQ":"2","WQ":"2","XQ":"2"}},"CF":{"PG":{"F7":"2","G7":"2","G8":"2"}},"9X":{"7Q":{"M2":"2","R3":"2","Q2":"2","P2":"2","Q4":"2","V4":"2","R2":"2","P4":"2","J3":"2","P3":"2","H3":"2","R4":"2","Q5":"2","M3":"2","Q3":"2"},"X9":{"R6":"2","PF":"2","R5":"2","QC":"2","Q9":"2","R2":"2","MF":"2","R7":"2","PQ":"2","MM":"2"},"RX":{"7V":"2"},"M9":{"M4":"2","M3":"2"},"GP":{"V9":"2","R8":"2"},"R6":{"XF":"2"},"P7":{"7J":"2"},"PC":{"XC":"2"},"MR":{"7V":"2"},"H8":{"X5":"2","X4":"2","V4":"2","W5":"2","WG":"2","XC":"2","X6":"2","WF":"2","X9":"2","W4":"2","W9":"2","WC":"2","VH":"2"},"X8":{"HJ":"2","QX":"2","RX":"2","JJ":"2","GJ":"2","HH":"2"},"QW":{"PC":"2","89":"2","7C":"2"},"RW":{"5W":"2"},"Q3":{"3Q":"2","9X":"2","8R":"2","CP":"2","F5":"2","3R":"2","7W":"2","6G":"2","5F":"2","HQ":"2","7X":"2","2R":"2","M2":"2","39":"2","5X":"2","V2":"2","9H":"2","5J":"2","FH":"2","GR":"2","29":"2","4P":"2","JV":"2","9V":"2","5C":"2","FP":"2","4C":"2","GJ":"2","48":"2","4R":"2","4J":"2","CC":"2","FX":"2","FV":"2","3C":"2","2P":"2","CX":"2","9W":"2","Q3":"2","8M":"2","5G":"2","5P":"2","HV":"2","4W":"2","CW":"2","3G":"2","4G":"2","FR":"2","P3":"2","2J":"2","6C":"2","CG":"2","7F":"2","4Q":"2","7H":"2","2C":"2","3M":"2","7Q":"2","P2":"2","6F":"2","8F":"2","4M":"2","2F":"2","4X":"2","2Q":"2","H3":"2","4F":"2","5M":"2","HR":"2","6W":"2","57":"2","8X":"2","2M":"2","H4":"2","Q2":"2","9R":"2","8V":"2","3P":"2","5R":"2","F6":"2","CR":"2","GQ":"2","49":"2"},"7P":{"QX":"2","PW":"2","MW":"2","JW":"2","MX":"2","PV":"2","QV":"2","MV":"2","QW":"2","JX":"2","PX":"2"},"PW":{"CP":"2","VC":"2","CM":"2"},"MP":{"8J":"2","7H":"2","9H":"2","2C":"2","R7":"2","8H":"2","V7":"2","W9":"2"},"JH":{"58":"2"},"P6":{"X5":"2","MR":"2"},"Q4":{"83":"2","66":"2","HW":"2","87":"2","F5":"2","GC":"2","HQ":"2","C2":"2","97":"2","52":"2","CJ":"2","9G":"2","72":"2","FH":"2","FJ":"2","88":"2","42":"2","46":"2","GR":"2","59":"2","JV":"2","9V":"2","8J":"2","43":"2","GF":"2","47":"2","QP":"2","74":"2","78":"2","FX":"2","FV":"2","FW":"2","93":"2","45":"2","MH":"2","GV":"2","HV":"2","F8":"2","77":"2","HX":"2","GW":"2","C5":"2","64":"2","GG":"2","C6":"2","JW":"2","FR":"2","96":"2","99":"2","94":"2","CG":"2","9J":"2","55":"2","G4":"2","85":"2","9F":"2","QJ":"2","34":"2","H3":"2","84":"2","C7":"2","58":"2","J2":"2","9C":"2","P9":"2","63":"2","MP":"2","33":"2","7R":"2","WJ":"2","F3":"2","53":"2","HR":"2","FG":"2","57":"2","CH":"2","H4":"2","MM":"2","9R":"2","92":"2","F6":"2","86":"2","M9":"2","CR":"2","49":"2","GX":"2","73":"2"},"QV":{"9Q":"2"},"PR":{"96":"2","HH":"2","65":"2","86":"2"},"J7":{"XF":"2","RJ":"2","MP":"2","MQ":"2","8J":"2","9M":"2","2X":"2","WM":"2","3X":"2","9P":"2","FW":"2","PM":"2","RH":"2","2W":"2","RM":"2"},"XC":{"C6":"2","P5":"2","J4":"2","X5":"2","M4":"2","V6":"2","M3":"2","R6":"2","V5":"2"},"GW":{"PC":"2"},"M7":{"WW":"2","PW":"2","WX":"2","PV":"2","VW":"2"},"X7":{"F7":"2","H7":"2","GC":"2","F9":"2","C9":"2","HH":"2","GH":"2","98":"2","G8":"2","F8":"2","GJ":"2","C8":"2","G9":"2"},"GR":{"43":"2"},"QR":{"RV":"2"},"M4":{"H6":"2","GW":"2","C4":"2","H7":"2","P8":"2","MC":"2","94":"2","F6":"2","FW":"2","F5":"2","C5":"2","JW":"2","M9":"2"},"GC":{"HP":"2","MP":"2","MM":"2","JM":"2","HQ":"2","JP":"2"},"Q5":{"F4":"2","95":"2","C2":"2","F2":"2","92":"2","85":"2","67":"2","C3":"2","57":"2","H2":"2","G4":"2","68":"2"},"CR":{"XP":"2"},"QQ":{"MC":"2"},"QC":{"29":"2"},"GQ":{"CH":"2","9H":"2","9J":"2"},"JQ":{"4P":"2"},"VX":{"PJ":"2"},"CG":{"G6":"2","H6":"2","G7":"2","G5":"2","G8":"2","H8":"2","F6":"2"},"Q2":{"VR":"2","HM":"2","JM":"2","QM":"2","RX":"2","WF":"2","RR":"2","VG":"2","VF":"2","PR":"2","PX":"2","QP":"2","QX":"2","WR":"2","RM":"2"},"P3":{"WG":"2","WF":"2","WC":"2"},"HJ":{"RM":"2","QM":"2","QP":"2","RQ":"2","VM":"2","PM":"2","RP":"2","WM":"2"},"J8":{"XV":"2","VV":"2","RV":"2","92":"2","83":"2","24":"2","33":"2","82":"2","34":"2","44":"2"},"CF":{"RR":"2"},"MC":{"JQ":"2","HP":"2","JR":"2","MP":"2","J3":"2","JP":"2","MM":"2","MH":"2"},"V6":{"5C":"2","5F":"2","2F":"2"},"H9":{"MV":"2","JV":"2"},"9J":{"47":"2","76":"2","86":"2","87":"2","48":"2"}},"WW":{"75":{"2C":"2"},"4W":{"G3":"2","Q8":"2","Q9":"2","F4":"2"},"73":{"P2":"2"},"GW":{"8C":"2","6C":"2","79":"2","6F":"2","7C":"2","5G":"2"},"84":{"5P":"2","4M":"2","5M":"2","2M":"2","3M":"2"},"64":{"QJ":"2","WJ":"2","X9":"2","XH":"2","VJ":"2","WH":"2"},"2H":{"J3":"2"},"74":{"RG":"2","QG":"2","RJ":"2","PF":"2","WJ":"2","4J":"2","PC":"2","HH":"2","2C":"2","4H":"2","PG":"2","WM":"2","8G":"2","HG":"2"},"2M":{"3P":"2","4M":"2","4P":"2","5M":"2","2P":"2"},"65":{"8Q":"2","MF":"2","G9":"2","XC":"2","M8":"2","H8":"2","JF":"2","GC":"2","M9":"2","8R":"2","P9":"2"},"78":{"2V":"2"},"2Q":{"PM":"2"},"4X":{"PR":"2","6W":"2","5V":"2","6Q":"2","VG":"2","4X":"2","5W":"2","W9":"2"},"2J":{"C6":"2"},"4G":{"PW":"2","MW":"2"},"GG":{"FR":"2"},"68":{"MW":"2","VW":"2","WQ":"2","JG":"2","WV":"2","VJ":"2","QX":"2","MG":"2","VH":"2","JW":"2","HH":"2","QC":"2","RJ":"2","RH":"2","FG":"2","MV":"2","QG":"2","WP":"2","XW":"2","XM":"2"},"5F":{"XJ":"2"},"3G":{"RM":"2","WM":"2"},"CW":{"XR":"2","XQ":"2","FX":"2"},"MQ":{"QP":"2"},"72":{"7G":"2","97":"2","J3":"2","7C":"2"},"66":{"QJ":"2"},"4R":{"X8":"2","X9":"2"}},"9W":{"RX":{"6R":"2"}},"6W":{"WV":{"7P":"2"},"WW":{"63":"2","73":"2"},"QR":{"Q4":"2"},"VV":{"XM":"2"},"XW":{"RM":"2","RP":"2"},"QQ":{"RV":"2"}},"FX":{"PQ":{"82":"2"},"38":{"22":"2"},"8X":{"P3":"2","J3":"2"},"28":{"95":"2","23":"2","34":"2","32":"2","99":"2","WG":"2","47":"2","PC":"2","V4":"2","5C":"2","9C":"2","24":"2","HF":"2","C9":"2","Q6":"2","CH":"2","CV":"2","56":"2","HC":"2","J6":"2","94":"2","G2":"2","8C":"2","46":"2","25":"2","Q4":"2","CJ":"2","59":"2","33":"2","V3":"2","76":"2","Q7":"2","63":"2","QF":"2","44":"2","97":"2","F2":"2","98":"2","Q5":"2","R5":"2","PG":"2","96":"2","M2":"2","H6":"2","J5":"2","C8":"2","74":"2","69":"2","P5":"2","C6":"2","38":"2","45":"2"},"3H":{"M5":"2","J4":"2","J3":"2"},"WV":{"H5":"2"},"JR":{"F8":"2","F9":"2","96":"2"},"39":{"38":"2","36":"2","26":"2","39":"2"},"2G":{"QX":"2","XP":"2"},"7V":{"WP":"2","XR":"2","WX":"2","VX":"2","XP":"2","VW":"2","WQ":"2"},"7Q":{"3Q":"2","2Q":"2"},"26":{"VC":"2","HR":"2","MR":"2","VV":"2","VW":"2","5W":"2","RV":"2","VJ":"2"},"25":{"32":"2","F6":"2"},"2H":{"3M":"2","Q2":"2"},"7R":{"WJ":"2","WM":"2"},"JP":{"7X":"2"},"5G":{"C4":"2","67":"2","85":"2","G4":"2","66":"2","76":"2","M3":"2"},"7W":{"W7":"2","R2":"2","X5":"2","X4":"2","X3":"2","V3":"2","W3":"2","W2":"2","V5":"2","W6":"2","W4":"2"},"9J":{"4H":"2","6J":"2","V4":"2","V3":"2","6M":"2","M2":"2","P2":"2"},"37":{"4G":"2","28":"2","58":"2","5F":"2","3G":"2","39":"2","29":"2","3F":"2","2C":"2","2G":"2","38":"2","4F":"2","48":"2","2F":"2","5C":"2","27":"2","2H":"2","4C":"2","3C":"2","32":"2","3H":"2","25":"2","59":"2","49":"2","37":"2"},"6R":{"3J":"2","3M":"2"},"2M":{"7P":"2","9V":"2","8V":"2"},"27":{"R2":"2","XQ":"2","RX":"2","3R":"2","QC":"2","PX":"2","7X":"2","WM":"2","2R":"2","XF":"2","PV":"2","V2":"2","9H":"2","5W":"2","XR":"2","WG":"2","W4":"2","RQ":"2","9V":"2","XJ":"2","VM":"2","WQ":"2","RR":"2","X3":"2","RV":"2","XX":"2","RP":"2","XV":"2","5G":"2","XC":"2","WH":"2","VW":"2","4W":"2","HX":"2","RW":"2","VG":"2","MV":"2","2G":"2","PR":"2","VH":"2","MW":"2","QV":"2","WC":"2","MX":"2","XM":"2","V4":"2","6X":"2","XH":"2","FR":"2","PW":"2","X8":"2","MG":"2","P6":"2","WV":"2","VP":"2","8P":"2","RJ":"2","WP":"2","QJ":"2","2Q":"2","4V":"2","PQ":"2","WJ":"2","X7":"2","X9":"2","VV":"2","2V":"2","W8":"2","8V":"2","5R":"2","QR":"2","XP":"2","QQ":"2","MR":"2","XW":"2","GX":"2","W5":"2","V3":"2"},"8W":{"22":"2","35":"2","42":"2","29":"2","45":"2","24":"2","23":"2","33":"2","43":"2","34":"2","44":"2","36":"2","37":"2"},"29":{"X6":"2","H3":"2","H7":"2"},"CH":{"8Q":"2","5V":"2","5R":"2","2F":"2","5W":"2","4V":"2"},"FH":{"G5":"2"},"5M":{"HH":"2"},"4F":{"G5":"2","F5":"2","F6":"2","J7":"2","V8":"2"},"GG":{"MW":"2","PV":"2","QV":"2","QW":"2"},"5R":{"C6":"2","3P":"2","4M":"2","4J":"2","2Q":"2","3R":"2","2R":"2","C5":"2","3M":"2"},"8V":{"4W":"2","3X":"2","4X":"2","5W":"2","2P":"2"},"36":{"3X":"2","3W":"2"},"WR":{"9R":"2"},"6Q":{"7C":"2","F9":"2","C9":"2","7F":"2","MP":"2","CC":"2","JP":"2","78":"2","G9":"2","49":"2","59":"2","68":"2"},"QP":{"WP":"2","VQ":"2"},"8M":{"H2":"2"},"6V":{"3C":"2","2C":"2","VP":"2"},"3G":{"RJ":"2","4V":"2","WH":"2","GX":"2","VG":"2","2H":"2","3Q":"2","WG":"2","RH":"2"},"3Q":{"FV":"2","CV":"2"},"6F":{"PP":"2","MP":"2","QQ":"2"},"9H":{"XV":"2","6J":"2","WV":"2","QG":"2","QX":"2","HF":"2","WG":"2","HG":"2","CG":"2","FF":"2","FG":"2","6G":"2","5G":"2"},"JH":{"FR":"2"},"RP":{"8H":"2"}},"GX":{"3X":{"C4":"2","H6":"2","G5":"2","F2":"2","C2":"2","F5":"2","J6":"2","H5":"2"},"3W":{"CX":"2","CW":"2","FV":"2"},"CX":{"4M":"2","W5":"2","4P":"2","4Q":"2","W4":"2"},"GX":{"5H":"2","4G":"2"},"JX":{"8P":"2","6H":"2","5M":"2","6M":"2","8M":"2"},"FX":{"5V":"2","J8":"2","J5":"2"}},"WX":{"7C":{"2X":"2"},"23":{"RG":"2","X8":"2","QG":"2","RJ":"2","W6":"2","QC":"2","Q9":"2","PG":"2","X9":"2","X6":"2","VG":"2","VF":"2","QH":"2","M9":"2","W9":"2"},"58":{"FQ":"2","GQ":"2"},"34":{"M7":"2","JX":"2","M6":"2","QG":"2","HJ":"2","HP":"2","M5":"2","MC":"2","MX":"2","Q9":"2","QM":"2","M8":"2","J3":"2","J2":"2","JF":"2","J5":"2","PM":"2","H2":"2","GJ":"2","M9":"2"},"42":{"7Q":"2","PV":"2","2G":"2","34":"2","42":"2","6C":"2","6X":"2","28":"2","3J":"2","3G":"2","99":"2","RX":"2","8X":"2","8H":"2","GP":"2","6Q":"2","9F":"2","7G":"2","JM":"2","8M":"2","6R":"2","CP":"2","7H":"2","4C":"2","CW":"2","C7":"2","5G":"2","5C":"2","49":"2","7M":"2","3P":"2","CQ":"2","MV":"2","7F":"2","9C":"2","4M":"2","9V":"2","CM":"2","6F":"2","6M":"2","5J":"2","C9":"2","5P":"2","HQ":"2","FR":"2","29":"2","8W":"2","JR":"2","CC":"2","7P":"2","7X":"2","J6":"2","6J":"2","6P":"2","FC":"2","9M":"2","4J":"2","2C":"2","CJ":"2","59":"2","QV":"2","7W":"2","PR":"2","5M":"2","4G":"2","8Q":"2","8V":"2","8R":"2","7J":"2","FH":"2","8F":"2","4F":"2","4H":"2","9Q":"2","5F":"2","7V":"2","9G":"2","HM":"2","GR":"2","MQ":"2","2J":"2","98":"2","2F":"2","3H":"2","89":"2","8P":"2","9R":"2","CR":"2","FQ":"2","QQ":"2","6V":"2","9X":"2","GM":"2","5H":"2","H6":"2","VX":"2","C8":"2","6H":"2","2M":"2","88":"2","69":"2","8J":"2","3C":"2","8G":"2","3F":"2","3M":"2","6G":"2","CF":"2","9W":"2","43":"2","FP":"2","9P":"2"},"62":{"WG":"2","XH":"2"},"52":{"WR":"2"},"6C":{"XX":"2","VM":"2"},"28":{"JH":"2","JJ":"2","HH":"2"},"32":{"X9":"2","VW":"2","WQ":"2","WW":"2","V8":"2","WV":"2","XC":"2","R9":"2","M9":"2","Q7":"2","X8":"2","XV":"2","XP":"2","WM":"2","P9":"2","XF":"2","WX":"2","XH":"2","W9":"2","XJ":"2","V7":"2","VC":"2","XG":"2","P7":"2","XX":"2","VQ":"2","RV":"2","XR":"2","WC":"2","R8":"2","W8":"2","WR":"2","WH":"2","XQ":"2","WP":"2","QF":"2","P6":"2","Q9":"2","VF":"2","QW":"2","R7":"2","WF":"2","PC":"2","7C":"2","WJ":"2","XM":"2","WG":"2","Q8":"2","Q6":"2"},"22":{"78":"2","77":"2"},"48":{"7H":"2","W8":"2","7Q":"2","X8":"2","7J":"2","8H":"2","6V":"2"},"9F":{"WX":"2","JC":"2"},"47":{"VV":"2","WM":"2"},"C4":{"WV":"2"},"CW":{"HH":"2"},"MR":{"G6":"2","W3":"2","W2":"2","FC":"2"},"7F":{"24":"2","23":"2","47":"2","52":"2"},"9V":{"68":"2","PQ":"2","JG":"2","69":"2"},"6F":{"R5":"2","W5":"2","V6":"2","X2":"2","R6":"2","W3":"2","W6":"2"},"X8":{"X5":"2","W5":"2","X6":"2","W6":"2"},"HQ":{"3G":"2","3F":"2"},"35":{"WQ":"2","VM":"2"},"85":{"96":"2","86":"2"},"JV":{"66":"2","2J":"2","3G":"2","39":"2","2C":"2","48":"2","2H":"2","47":"2","3C":"2","7P":"2","73":"2"},"MP":{"G3":"2"},"GJ":{"9X":"2","8X":"2","4P":"2","7V":"2","9W":"2","3M":"2","7W":"2","2P":"2","2M":"2","8W":"2","4Q":"2","6P":"2","CV":"2","5Q":"2","CR":"2","5R":"2","8V":"2","9R":"2","5P":"2","5W":"2","6Q":"2","3P":"2","9V":"2","7X":"2"},"46":{"V9":"2"},"JC":{"99":"2"},"CX":{"R3":"2","X7":"2"},"33":{"G8":"2","G7":"2","38":"2","M7":"2","HQ":"2","28":"2","V3":"2","39":"2","M9":"2","F9":"2","X2":"2","V4":"2","V2":"2","W2":"2","JW":"2","78":"2","46":"2","55":"2","47":"2","CC":"2","99":"2","C9":"2","R4":"2","89":"2","HX":"2","Q4":"2","M8":"2","J7":"2","HW":"2","56":"2"},"8F":{"RG":"2","QG":"2"},"PQ":{"25":"2","77":"2"},"HV":{"V3":"2","X6":"2"},"MQ":{"X5":"2","X6":"2","7W":"2","VF":"2","VW":"2","7X":"2"},"FX":{"2W":"2","FV":"2"},"9R":{"HM":"2","HP":"2","GR":"2"},"GM":{"63":"2","72":"2","G3":"2","C2":"2","92":"2","82":"2","73":"2","64":"2","37":"2"},"JW":{"H3":"2"},"67":{"3W":"2"},"HW":{"X5":"2","X4":"2","5Q":"2","8H":"2"},"JQ":{"F7":"2","G7":"2","WV":"2"},"F5":{"42":"2"},"CG":{"68":"2"},"FM":{"W7":"2","W8":"2","X8":"2","X7":"2"},"JX":{"PR":"2"},"88":{"FW":"2"},"53":{"54":"2"},"CF":{"VC":"2","3J":"2"},"9W":{"W4":"2"},"HP":{"88":"2","99":"2"},"43":{"63":"2","72":"2","62":"2","V2":"2","92":"2","54":"2","R2":"2","55":"2","74":"2","73":"2","64":"2"},"9P":{"XM":"2","XP":"2"}},"VX":{"PQ":{"X5":"2","X4":"2","X6":"2"},"X9":{"45":"2"},"QQ":{"H2":"2"},"PP":{"QC":"2","C7":"2","75":"2","48":"2"},"GX":{"MF":"2","HF":"2","HH":"2","JF":"2","46":"2"},"V2":{"36":"2"},"VM":{"GH":"2","W5":"2"},"W6":{"VC":"2","VF":"2","3M":"2","WC":"2"},"XF":{"WJ":"2"},"XH":{"FF":"2","7C":"2","6C":"2","89":"2","88":"2","C2":"2","7F":"2","6G":"2","79":"2","3G":"2","FH":"2","8J":"2","39":"2","29":"2","GG":"2","3F":"2","2C":"2","C3":"2","98":"2","9F":"2","38":"2","8F":"2","4F":"2","7J":"2","93":"2","69":"2","5C":"2","78":"2","6J":"2","8C":"2","4C":"2","3C":"2","56":"2","46":"2","73":"2","GP":"2"},"XG":{"9J":"2","8R":"2","8P":"2","CQ":"2","CR":"2","9H":"2","CP":"2","GV":"2"},"G3":{"W4":"2"},"J2":{"X6":"2","W6":"2"},"CR":{"M6":"2","M5":"2"},"7H":{"Q8":"2","W9":"2"},"WH":{"QJ":"2","QM":"2","PJ":"2","PM":"2","JR":"2"},"QP":{"FF":"2","7C":"2","9G":"2","9J":"2","JG":"2","7F":"2","8H":"2","CH":"2","9C":"2","CF":"2","9M":"2","CC":"2","7G":"2","9F":"2","MG":"2","8F":"2","7H":"2","8C":"2","8G":"2"},"H2":{"PR":"2","QR":"2","GP":"2"},"GV":{"88":"2"},"QR":{"4J":"2","3J":"2"},"M2":{"FJ":"2"},"RP":{"99":"2","QG":"2","9G":"2","89":"2","F9":"2","C9":"2","9C":"2","F8":"2","8C":"2","C8":"2","G6":"2"},"R2":{"69":"2"}},"XP":{"MR":{"R3":"2","2F":"2","C5":"2"},"X8":{"JX":"2","GW":"2","2J":"2","CQ":"2","3G":"2","6M":"2","9Q":"2","7M":"2","7P":"2","6P":"2","GM":"2","GP":"2"},"XV":{"5P":"2","6M":"2","6P":"2","5J":"2"},"JV":{"25":"2","G2":"2"},"W8":{"RM":"2","WP":"2","WJ":"2","XJ":"2","XH":"2","VM":"2","WM":"2"},"X7":{"WW":"2","WX":"2"},"JR":{"RM":"2","QP":"2","JW":"2","MR":"2","HX":"2","PQ":"2","GX":"2","JV":"2","RJ":"2","VM":"2","WH":"2","RP":"2"},"XR":{"C7":"2"},"HW":{"W5":"2","X6":"2"},"RQ":{"34":"2"},"X9":{"H4":"2"},"MW":{"2J":"2","4M":"2","V4":"2","J2":"2","4J":"2","3J":"2","P2":"2"},"MV":{"PW":"2","PV":"2","QV":"2","QW":"2","PX":"2"},"WF":{"82":"2","CG":"2"},"VG":{"GV":"2"},"VF":{"M7":"2","JG":"2","J8":"2","MC":"2","JM":"2","HQ":"2","J9":"2","M8":"2","9W":"2","JF":"2","JJ":"2","MF":"2","J7":"2","JC":"2","M9":"2"},"VC":{"VP":"2"},"WX":{"X9":"2"},"XP":{"WW":"2","WX":"2","VX":"2","VW":"2"},"PX":{"C9":"2"},"W9":{"64":"2"}},"VW":{"XR":{"MP":"2","MQ":"2"},"HR":{"57":"2","58":"2"},"XM":{"WR":"2"},"MQ":{"3W":"2"},"JP":{"PW":"2","MR":"2","PV":"2","MV":"2","QW":"2","MQ":"2"},"RP":{"5X":"2","4X":"2","2R":"2"}},"7X":{"8Q":{"R5":"2","V6":"2","R6":"2","Q5":"2","V7":"2","R4":"2"},"7P":{"79":"2","7C":"2"},"7V":{"VG":"2"},"38":{"PC":"2","MF":"2","J3":"2","Q4":"2","R9":"2","W3":"2"},"32":{"G4":"2","M2":"2","H2":"2"},"2Q":{"M4":"2","P4":"2"},"WG":{"79":"2"},"47":{"HM":"2","9V":"2","9W":"2"},"VV":{"MV":"2"},"RH":{"V7":"2"},"VW":{"HW":"2"},"27":{"VX":"2"},"XX":{"JH":"2","68":"2"},"46":{"GF":"2","FF":"2"},"28":{"V2":"2"},"3M":{"C4":"2","94":"2","95":"2","84":"2"},"37":{"RQ":"2"},"48":{"56":"2","57":"2","3C":"2","67":"2","2C":"2","66":"2","47":"2","46":"2","7C":"2","29":"2","39":"2"},"39":{"J2":"2"}},"WR":{"MW":{"FQ":"2","HJ":"2","HM":"2","HQ":"2","MJ":"2","FR":"2","JJ":"2","GJ":"2","GQ":"2","GM":"2","GP":"2","7X":"2"},"M7":{"7P":"2","7Q":"2","6Q":"2","6P":"2","4Q":"2"},"WQ":{"QX":"2"},"JG":{"VR":"2","VP":"2","VQ":"2"},"GH":{"GX":"2"},"JR":{"GW":"2","JV":"2","PJ":"2","XF":"2","CX":"2","XC":"2","MQ":"2","MP":"2","QJ":"2","QM":"2","PP":"2","V9":"2","X9":"2","WF":"2","GV":"2","HV":"2","PM":"2","WC":"2","W9":"2","RM":"2"},"P9":{"38":"2"},"XF":{"6H":"2","4G":"2","FG":"2"},"JW":{"44":"2","25":"2","8M":"2","34":"2"},"XG":{"8Q":"2","7R":"2","6R":"2","5V":"2","5R":"2","6V":"2"},"HH":{"HV":"2"},"CV":{"GX":"2"},"XR":{"R2":"2"},"VG":{"5H":"2","6H":"2"},"WR":{"96":"2"},"JV":{"C2":"2","2P":"2","2X":"2","38":"2","3X":"2","93":"2","56":"2","84":"2","2M":"2","2W":"2"},"MR":{"46":"2","28":"2"},"PR":{"58":"2"},"CG":{"VQ":"2"},"J7":{"WP":"2","XP":"2"},"CW":{"M2":"2"},"M8":{"RM":"2","PP":"2","QP":"2","WG":"2","RP":"2"},"9V":{"W8":"2","W9":"2","29":"2","39":"2"},"CX":{"W5":"2","R8":"2","Q5":"2"},"FX":{"44":"2","H9":"2"},"HW":{"X6":"2"},"GM":{"QR":"2","PW":"2","PV":"2","QV":"2","MV":"2","PX":"2"},"WG":{"WV":"2"}}}}