{"68":{"24":{"2G":{"CM":"2"}},"3Q":{"7P":{"XH":"2"},"7Q":{"F7":"2","6X":"2","9C":"2","G7":"2","F8":"2","97":"2","G6":"2"},"5Q":{"QJ":"2"}},"83":{"VH":{"9C":"2","23":"2","9G":"2","CF":"2","CG":"2","53":"2","43":"2"}},"Q5":{"W3":{"F7":"2","3F":"2"},"W2":{"R5":"2","M4":"2","W5":"2","R6":"2","3X":"2","R7":"2","V5":"2","W4":"2","R4":"2"},"VM":{"J7":"2","M7":"2","HC":"2"}},"9X":{"35":{"X4":"2","X3":"2"},"4G":{"2W":"2","3X":"2","3W":"2","CW":"2"},"2J":{"27":"2"},"4V":{"GH":"2","CH":"2","9H":"2"},"3R":{"MG":"2","QF":"2"},"3G":{"XW":"2"},"45":{"22":"2","35":"2","45":"2","24":"2","23":"2","26":"2","34":"2","44":"2"},"5H":{"HP":"2","MP":"2","JP":"2"},"4H":{"32":"2"},"6F":{"3Q":"2","3P":"2","4M":"2","4P":"2","4J":"2","2Q":"2","3J":"2","3M":"2","2P":"2"},"48":{"GP":"2","GQ":"2"},"5C":{"6F":"2"},"34":{"WX":"2"},"44":{"5X":"2"}},"8W":{"V6":{"W9":"2"},"PV":{"V8":"2"},"7X":{"9V":"2","FW":"2"},"CW":{"Q6":"2"},"4V":{"X5":"2","W5":"2"},"XQ":{"54":"2"},"WM":{"WP":"2"}},"87":{"3C":{"JQ":"2"},"35":{"JG":"2"},"45":{"RF":"2"},"75":{"GH":"2","FH":"2"}},"8R":{"9V":{"GP":"2"},"G3":{"MR":"2"},"8V":{"GQ":"2"},"F3":{"4M":"2","5J":"2"},"6M":{"X4":"2"},"C3":{"XM":"2"},"QH":{"VX":"2"},"7M":{"24":"2","23":"2"}},"CP":{"G7":{"XG":"2"}},"3R":{"R6":{"83":"2"}},"7W":{"P6":{"QG":"2","GC":"2","HC":"2","F9":"2","HH":"2","JF":"2","GF":"2","FC":"2","G9":"2","JC":"2","P9":"2"},"HH":{"82":"2"},"HG":{"FR":"2","CR":"2","9X":"2","HV":"2","FV":"2","8X":"2"}},"GC":{"VR":{"47":"2","59":"2","58":"2","48":"2"},"3W":{"2Q":"2","HP":"2","JG":"2","3W":"2","JM":"2","HQ":"2","MP":"2","PP":"2","QQ":"2","MG":"2","4R":"2","3X":"2","GF":"2","JP":"2","6V":"2","C8":"2","GM":"2","97":"2"},"2V":{"HV":"2","HR":"2","JJ":"2","MJ":"2","JM":"2"},"6X":{"HW":"2"},"2X":{"R3":"2","P2":"2","M2":"2"},"3X":{"23":"2","83":"2","W2":"2"},"PH":{"4P":"2","4V":"2","3R":"2","6Q":"2","5V":"2","4R":"2","6P":"2","4Q":"2","2W":"2","5Q":"2"},"2W":{"36":"2","GV":"2","G9":"2","5R":"2","PM":"2","3G":"2","VR":"2","8H":"2","WX":"2","JM":"2","CP":"2","4C":"2","VP":"2","MJ":"2","HH":"2","5C":"2","WR":"2","4R":"2","PF":"2","9C":"2","9V":"2","PX":"2","QW":"2","5P":"2","RW":"2","GH":"2","WW":"2","JV":"2","CC":"2","7P":"2","PW":"2","HC":"2","MP":"2","6J":"2","PJ":"2","6P":"2","MX":"2","JP":"2","FC":"2","GJ":"2","MW":"2","FF":"2","CJ":"2","XQ":"2","XP":"2","5M":"2","4G":"2","FH":"2","4F":"2","4H":"2","5F":"2","PQ":"2","HV":"2","MQ":"2","QF":"2","3H":"2","QX":"2","PG":"2","WQ":"2","5H":"2","WP":"2","QP":"2","QH":"2","9H":"2","3Q":"2","JW":"2","GQ":"2","RP":"2","HW":"2","JQ":"2","CG":"2","HG":"2","RV":"2","6H":"2","2M":"2","RJ":"2","JX":"2","HJ":"2","8J":"2","RQ":"2","3C":"2","8G":"2","3F":"2","MM":"2","CF":"2","HP":"2","C6":"2","VQ":"2","9J":"2","9P":"2","RR":"2"}},"FC":{"WR":{"JG":"2","WC":"2"},"XW":{"P5":"2","P8":"2","89":"2","R8":"2","P3":"2","V9":"2","X9":"2","X6":"2","Q8":"2","R9":"2","65":"2","VC":"2","RC":"2","WC":"2","W9":"2"}},"6G":{"QX":{"P2":"2"},"MW":{"63":"2","22":"2","39":"2","29":"2","57":"2","38":"2","4F":"2","48":"2","32":"2","49":"2"},"JW":{"W5":"2","V5":"2","V7":"2","V8":"2","X9":"2","VC":"2","R7":"2"},"MV":{"3Q":"2","2Q":"2"},"QW":{"5V":"2","5W":"2","4V":"2"},"JV":{"WP":"2","XM":"2","G8":"2","XP":"2","F3":"2","FF":"2","XQ":"2","WM":"2"},"PM":{"HW":"2"}},"3F":{"MM":{"CH":"2"},"GJ":{"X3":"2"},"XX":{"99":"2","4V":"2","58":"2","C9":"2","9C":"2","H8":"2","8C":"2","56":"2","52":"2"},"PM":{"9P":"2"},"6G":{"9H":"2"},"RP":{"2M":"2"}},"5F":{"WW":{"JQ":"2","MP":"2","MQ":"2","JP":"2"}},"7X":{"RM":{"5H":"2"},"M7":{"GV":"2","FR":"2","8P":"2","GQ":"2","FV":"2","GR":"2"},"M3":{"63":"2"},"W4":{"R6":"2","P5":"2","Q6":"2","M5":"2","R5":"2","Q4":"2","P4":"2","P3":"2","R7":"2","P6":"2","Q7":"2","M4":"2","R4":"2","Q5":"2","M3":"2","Q3":"2"},"V4":{"WG":"2","VC":"2","WF":"2","VF":"2","WC":"2","QH":"2"},"H3":{"MW":"2","QQ":"2"},"65":{"V9":"2"},"VC":{"4C":"2","59":"2","58":"2"},"R3":{"P3":"2","M7":"2","J5":"2","M3":"2","M5":"2","QQ":"2","QV":"2","P5":"2","PH":"2","P4":"2","WX":"2","Q5":"2","PJ":"2","P7":"2","R6":"2","MR":"2","R4":"2","P6":"2","M6":"2","M8":"2","M4":"2","M2":"2","V6":"2","R5":"2","PG":"2"},"XX":{"Q4":"2"},"6W":{"5P":"2","4P":"2","6Q":"2","5Q":"2","6M":"2","6P":"2"},"MR":{"9W":"2"},"R4":{"FM":"2"},"QG":{"RQ":"2","QQ":"2"},"X4":{"3P":"2","4M":"2","4J":"2","5M":"2","8M":"2","3M":"2","2P":"2"},"RG":{"4F":"2"},"R2":{"JV":"2","JR":"2"}},"6R":{"8V":{"7V":"2"},"8W":{"85":"2","94":"2","95":"2"},"XX":{"G6":"2","G7":"2"}},"FF":{"RJ":{"R6":"2","W5":"2","V5":"2","W6":"2","V6":"2","V7":"2","R5":"2","V4":"2","R7":"2","P7":"2","R4":"2"}},"2R":{"FX":{"MQ":"2"}},"97":{"H6":{"5R":"2","4V":"2","3R":"2","2V":"2","3V":"2","5V":"2","2X":"2","4R":"2","2R":"2","2W":"2"},"GW":{"X2":"2","W2":"2"},"F7":{"8G":"2","79":"2"},"H7":{"MQ":"2","22":"2","CP":"2","F5":"2","HJ":"2","7W":"2","GC":"2","FC":"2","G8":"2","HQ":"2","FF":"2","JM":"2","97":"2","3W":"2","CJ":"2","9G":"2","JP":"2","7J":"2","88":"2","H9":"2","HG":"2","8J":"2","JH":"2","GF":"2","GJ":"2","4R":"2","8Q":"2","CC":"2","C8":"2","2P":"2","F9":"2","45":"2","C4":"2","9Q":"2","GH":"2","HV":"2","HP":"2","4W":"2","F8":"2","JC":"2","HH":"2","J8":"2","C5":"2","GG":"2","JR":"2","7C":"2","5V":"2","G6":"2","HM":"2","G7":"2","94":"2","6C":"2","CG":"2","9J":"2","7F":"2","C9":"2","7H":"2","8P":"2","JF":"2","9F":"2","J9":"2","8F":"2","4M":"2","4V":"2","JJ":"2","JG":"2","C7":"2","H8":"2","M6":"2","MP":"2","9P":"2","33":"2","FG":"2","HC":"2","H7":"2","MM":"2","8H":"2","CF":"2","F7":"2","8G":"2","98":"2","7G":"2","JQ":"2","6H":"2"},"F2":{"WW":"2","WX":"2","XX":"2","XW":"2","RW":"2"},"H8":{"72":"2","C3":"2","74":"2","F3":"2"},"G7":{"R3":"2","WX":"2","RX":"2","VP":"2","XP":"2","FC":"2"},"G8":{"93":"2"},"C7":{"MH":"2","4J":"2","5J":"2"},"82":{"33":"2"},"93":{"6F":"2"},"65":{"HC":"2"},"G6":{"XR":"2"},"97":{"J8":"2","H9":"2","J9":"2","HC":"2"}},"M2":{"XV":{"63":"2","6F":"2","75":"2","FX":"2"},"XR":{"7H":"2","6F":"2","6G":"2"},"96":{"P5":"2","H4":"2","F4":"2","XF":"2","H5":"2","H3":"2","J4":"2","G5":"2","F5":"2","M4":"2","JC":"2"},"MM":{"62":"2"},"MJ":{"6W":"2","7W":"2","5X":"2"},"95":{"9X":"2","GM":"2"}},"3W":{"VR":{"8W":"2"},"VV":{"63":"2","66":"2","C4":"2","76":"2","28":"2","C2":"2","92":"2","54":"2","67":"2","94":"2","75":"2","C3":"2","57":"2","38":"2","82":"2","93":"2","74":"2","8C":"2","47":"2","56":"2","84":"2","52":"2","73":"2","64":"2","68":"2"},"CH":{"7M":"2","8J":"2","CJ":"2","8H":"2","8M":"2","9J":"2"},"QQ":{"7X":"2"},"FX":{"PR":"2","MW":"2","MR":"2","MV":"2","JV":"2","JR":"2"},"J5":{"C6":"2","97":"2","F7":"2","C7":"2","C8":"2"},"Q8":{"67":"2","66":"2","86":"2","87":"2","69":"2","77":"2","99":"2"},"CP":{"M4":"2"},"WF":{"4W":"2"},"WP":{"HP":"2"},"RR":{"VW":"2"},"GF":{"9C":"2","79":"2","89":"2","CC":"2","88":"2","FC":"2","78":"2","99":"2"},"VG":{"G3":"2","RQ":"2"},"VF":{"R9":"2"},"VC":{"4J":"2"},"P7":{"X4":"2"},"RC":{"PX":"2"},"XG":{"R8":"2"},"WR":{"HH":"2"}},"5X":{"RR":{"5X":"2","4X":"2"},"MR":{"GQ":"2"},"XP":{"X4":"2","R6":"2","W4":"2"},"59":{"8P":"2","8M":"2"},"CV":{"MH":"2","HG":"2"}},"CJ":{"M2":{"XX":"2","V2":"2"},"86":{"CH":"2","GG":"2","FH":"2","FG":"2"},"QR":{"P6":"2","RF":"2","VC":"2","Q8":"2","XG":"2","XF":"2","VF":"2","RC":"2","X7":"2"},"V7":{"R9":"2"},"X4":{"4C":"2","3F":"2"},"P2":{"3X":"2","3V":"2","4V":"2"},"P4":{"24":"2","5C":"2","34":"2"},"P3":{"38":"2","28":"2","3H":"2","39":"2","2G":"2","84":"2","52":"2","3F":"2","26":"2","2F":"2","2H":"2","3M":"2","5G":"2","45":"2","3C":"2","8F":"2","2C":"2","32":"2","37":"2","43":"2","53":"2","27":"2","29":"2","2J":"2","46":"2","4G":"2","42":"2","FH":"2","3R":"2","4F":"2","3J":"2","4H":"2","33":"2","3G":"2","3Q":"2","3P":"2","3X":"2","8C":"2","49":"2","72":"2"},"V9":{"CH":"2"},"23":{"22":"2"},"MW":{"7H":"2"},"RR":{"38":"2","6C":"2","C7":"2","28":"2","3H":"2","6G":"2","39":"2","5C":"2","59":"2","5G":"2","3C":"2","27":"2","29":"2","46":"2","4G":"2","87":"2","4F":"2","4C":"2","4H":"2","5F":"2","58":"2","88":"2","48":"2","49":"2","69":"2"},"G5":{"J2":"2"},"56":{"HR":"2","HQ":"2"},"X3":{"9R":"2","7V":"2","5R":"2"},"XJ":{"7X":"2"},"M3":{"X8":"2","X2":"2","XM":"2","X9":"2","X7":"2"}},"27":{"23":{"XV":"2","RR":"2","WV":"2","XR":"2","PW":"2"},"G7":{"47":"2"},"33":{"2V":"2","2R":"2","2P":"2"},"76":{"VX":"2"},"65":{"5V":"2"},"92":{"2X":"2"}},"89":{"RR":{"C9":"2","C8":"2"},"QP":{"XV":"2","WV":"2","CP":"2"},"RQ":{"JH":"2","5R":"2","6R":"2","3V":"2","2G":"2","8Q":"2","JJ":"2"},"QQ":{"QJ":"2","RM":"2","PQ":"2","WQ":"2","WW":"2","QQ":"2","PP":"2","P8":"2","VJ":"2","WM":"2","VP":"2","VM":"2","PJ":"2","RJ":"2","VQ":"2","RH":"2","WR":"2","RQ":"2","WH":"2","QP":"2","QH":"2","QG":"2","WP":"2","QF":"2","QM":"2","Q9":"2","HC":"2","WJ":"2","RP":"2","GC":"2","XW":"2","JM":"2","MM":"2","Q8":"2"}},"9G":{"QG":{"33":"2","32":"2","22":"2","53":"2"}},"9H":{"HP":{"HX":"2","GX":"2"},"32":{"4W":"2","3W":"2"},"HQ":{"H4":"2","J3":"2","J2":"2","RF":"2","H3":"2","J4":"2","G5":"2","H2":"2","M4":"2"}},"5W":{"57":{"25":"2"},"V6":{"Q7":"2","Q5":"2","Q6":"2"},"J6":{"2X":"2"},"H7":{"W5":"2","V6":"2","V7":"2","W6":"2"}},"7J":{"2G":{"WG":"2","XG":"2","WQ":"2","XQ":"2"},"27":{"V3":"2"}},"5J":{"MH":{"GH":"2","GG":"2","HG":"2","FG":"2"},"JJ":{"PC":"2"},"MJ":{"63":"2","53":"2"},"42":{"XH":"2"},"CG":{"RW":"2"}},"7P":{"VV":{"5H":"2","6H":"2"},"VW":{"3P":"2","4M":"2","3J":"2","3M":"2"},"CV":{"WG":"2"}},"FH":{"6F":{"VP":"2","RJ":"2","VM":"2","VJ":"2","WM":"2"},"7F":{"FR":"2","HG":"2","GF":"2","FM":"2","GR":"2","GW":"2","7V":"2","CM":"2","HJ":"2","7R":"2","GJ":"2","6R":"2","GP":"2","JJ":"2","HF":"2","FP":"2","CH":"2","FH":"2","FQ":"2","9Q":"2","MP":"2","8M":"2","QH":"2","QG":"2","CJ":"2","WP":"2","HC":"2","GV":"2","9H":"2","MH":"2","GC":"2","FJ":"2","GQ":"2","GM":"2"},"4V":{"W4":"2"}},"6J":{"99":{"W5":"2","W6":"2"},"MC":{"74":"2","73":"2"},"FH":{"Q8":"2","WH":"2","P8":"2"},"FG":{"95":"2","PM":"2","8H":"2","9F":"2","P7":"2","7G":"2","JM":"2","2Q":"2","PC":"2","7H":"2","VP":"2","HH":"2","C7":"2","7F":"2","4M":"2","6M":"2","F9":"2","5J":"2","Q6":"2","CH":"2","FG":"2","79":"2","MP":"2","J6":"2","6J":"2","F7":"2","FC":"2","P6":"2","8C":"2","4J":"2","G7":"2","CJ":"2","5M":"2","4G":"2","7J":"2","QM":"2","WH":"2","J7":"2","FH":"2","M7":"2","F6":"2","Q7":"2","QF":"2","97":"2","98":"2","89":"2","QC":"2","9H":"2","96":"2","VH":"2","H6":"2","J5":"2","CG":"2","RM":"2","6H":"2","JX":"2","88":"2","P5":"2","MM":"2","6G":"2","CF":"2","H5":"2"},"GG":{"36":"2","46":"2","37":"2"},"HH":{"2X":"2"},"CG":{"WV":"2","VW":"2","RW":"2"},"2F":{"WQ":"2"},"G4":{"J8":"2","J7":"2"},"R4":{"93":"2"}},"FJ":{"9J":{"VG":"2","RH":"2","CX":"2","JX":"2","VH":"2"},"8P":{"XP":"2","XQ":"2","WM":"2"},"2V":{"HM":"2","HJ":"2","HP":"2","GM":"2","GJ":"2","PV":"2"},"6G":{"JW":"2","QV":"2","GX":"2"},"9M":{"C5":"2"},"75":{"C2":"2","92":"2"},"9F":{"G5":"2","F5":"2"},"74":{"9V":"2","8V":"2","8X":"2","7W":"2","CX":"2","9X":"2","9W":"2","7V":"2","7X":"2","8W":"2"},"64":{"9W":"2","FW":"2"}},"23":{"QM":{"XJ":"2"}},"7M":{"MH":{"F2":"2","C2":"2"},"G4":{"9X":"2","9W":"2"},"MG":{"MR":"2","GW":"2","JV":"2","HR":"2","MQ":"2","HW":"2","GX":"2","GR":"2","HX":"2","JW":"2"}},"88":{"77":{"P9":"2"}},"42":{"R4":{"49":"2"}},"46":{"7Q":{"FV":"2"},"XH":{"R9":"2"}},"36":{"FV":{"8W":"2"}},"4P":{"69":{"HR":"2"}},"6M":{"5V":{"J4":"2","M4":"2","M8":"2","M9":"2","J5":"2","P8":"2"}},"9V":{"C7":{"H4":"2","G3":"2","5V":"2","G4":"2","F4":"2","J5":"2","H3":"2","F3":"2"},"6M":{"7R":"2","8R":"2"},"65":{"WG":"2","XF":"2","WF":"2","R9":"2","W9":"2","VH":"2"},"6P":{"PC":"2","PG":"2","QH":"2"},"75":{"4F":"2","2F":"2","3F":"2"}},"Q9":{"7C":{"P7":"2"},"58":{"9X":"2","8X":"2","4W":"2","4J":"2","3H":"2","7M":"2","6G":"2","GX":"2","5H":"2","7J":"2","2H":"2","3M":"2","5G":"2","5X":"2","8W":"2","2J":"2","6P":"2","5M":"2","7H":"2","6X":"2","3W":"2","3V":"2","3J":"2","5P":"2","5W":"2","4H":"2","3G":"2","4M":"2","HX":"2","6M":"2","6J":"2","5J":"2","6H":"2","CX":"2"},"92":{"FR":"2","GW":"2","HW":"2","HV":"2","HR":"2","GR":"2"},"39":{"X5":"2","X6":"2"},"2C":{"VP":"2"},"2G":{"7G":"2","6J":"2","3P":"2","7H":"2","6H":"2","5J":"2","5G":"2"},"49":{"24":"2","X4":"2","X3":"2","74":"2","34":"2","73":"2"},"59":{"63":"2","35":"2","C4":"2","76":"2","42":"2","C2":"2","F3":"2","F2":"2","54":"2","85":"2","94":"2","75":"2","45":"2","C3":"2","57":"2","55":"2","24":"2","33":"2","82":"2","74":"2","65":"2","47":"2","56":"2","34":"2","84":"2","46":"2","44":"2","32":"2","64":"2","68":"2"}},"5C":{"7R":{"3Q":"2","3X":"2","3W":"2"},"82":{"MJ":"2"},"6W":{"RH":"2","WH":"2"},"92":{"5F":"2","54":"2","67":"2","57":"2","55":"2","69":"2","65":"2","56":"2","44":"2","64":"2","59":"2"}},"8J":{"XM":{"R3":"2","X4":"2","V3":"2","W2":"2"},"XJ":{"XW":"2","RV":"2","QW":"2","WW":"2","VX":"2","WX":"2","QX":"2","VW":"2"}},"3X":{"55":{"Q9":"2","P9":"2"},"3C":{"5G":"2"},"H6":{"3P":"2","4P":"2"},"59":{"6W":"2"},"FH":{"QM":"2"},"2P":{"3G":"2","3H":"2"}},"7V":{"GM":{"FQ":"2"},"5R":{"7G":"2","CP":"2","79":"2","47":"2","46":"2","78":"2","6G":"2"},"25":{"63":"2","67":"2","64":"2","8M":"2","59":"2","77":"2"},"26":{"3G":"2"},"29":{"93":"2"}},"GF":{"P5":{"54":"2"},"X5":{"FV":"2"},"X6":{"C2":"2"}},"Q4":{"XV":{"23":"2","33":"2","42":"2","52":"2","43":"2"},"VR":{"2X":"2"},"VV":{"M6":"2","R6":"2","P5":"2","C4":"2","X7":"2","W6":"2","V7":"2","Q6":"2","M5":"2","R5":"2","83":"2","94":"2","W7":"2","J5":"2","G5":"2","R7":"2","P6":"2","84":"2","J6":"2","73":"2","Q7":"2"},"XR":{"XV":"2","9X":"2","QX":"2","GX":"2","7X":"2","JX":"2"},"WV":{"93":"2","R2":"2","24":"2","X3":"2","J2":"2","F2":"2","C3":"2","83":"2","45":"2","36":"2","V2":"2","W2":"2","M2":"2","26":"2","H2":"2","G2":"2"},"PV":{"X8":"2"},"RR":{"QV":"2","JV":"2","FQ":"2","HR":"2","VV":"2","JR":"2","QW":"2","WX":"2","VW":"2"},"WX":{"C2":"2"},"6P":{"V4":"2","V3":"2","Q5":"2"},"8M":{"96":"2","C5":"2","86":"2"},"WR":{"QX":"2","MX":"2","PX":"2"}},"3V":{"JQ":{"R3":"2","Q3":"2"},"5F":{"JM":"2"},"28":{"62":"2","52":"2"},"H3":{"XP":"2","XQ":"2"},"JP":{"WW":"2","WX":"2","VW":"2"}},"6V":{"X2":{"P3":"2","P2":"2"},"R6":{"XV":"2","WR":"2","XR":"2","4J":"2","VR":"2","MJ":"2","VQ":"2","J5":"2"},"W5":{"7Q":"2","95":"2","36":"2","2P":"2","58":"2","5V":"2","FW":"2","6C":"2","6X":"2","5R":"2","28":"2","22":"2","3G":"2","8X":"2","8H":"2","48":"2","GP":"2","2W":"2","2R":"2","6Q":"2","47":"2","68":"2","7G":"2","2Q":"2","JM":"2","8M":"2","6R":"2","7H":"2","3R":"2","4C":"2","CW":"2","5X":"2","5G":"2","5C":"2","27":"2","X6":"2","49":"2","7M":"2","4R":"2","3P":"2","CQ":"2","86":"2","4M":"2","24":"2","6F":"2","PX":"2","CM":"2","6M":"2","3V":"2","5J":"2","QW":"2","2H":"2","5P":"2","4W":"2","77":"2","35":"2","85":"2","66":"2","29":"2","R9":"2","7P":"2","PW":"2","7X":"2","HC":"2","7R":"2","6J":"2","6P":"2","5W":"2","PP":"2","9M":"2","4J":"2","46":"2","CX":"2","87":"2","2C":"2","CJ":"2","4V":"2","59":"2","QV":"2","7W":"2","PR":"2","XQ":"2","5M":"2","4G":"2","8Q":"2","V9":"2","8R":"2","7J":"2","FH":"2","4F":"2","F6":"2","9Q":"2","4H":"2","5F":"2","7V":"2","4Q":"2","76":"2","PQ":"2","HM":"2","XM":"2","HV":"2","39":"2","QR":"2","3X":"2","4P":"2","6W":"2","2V":"2","2F":"2","FX":"2","8P":"2","9R":"2","WQ":"2","FQ":"2","QQ":"2","5Q":"2","6V":"2","GM":"2","QP":"2","9H":"2","3Q":"2","67":"2","JQ":"2","37":"2","HG":"2","4X":"2","6H":"2","8J":"2","3C":"2","8G":"2","3M":"2","9W":"2","HP":"2","38":"2","MC":"2","3W":"2","9J":"2","FP":"2","9P":"2"},"V5":{"XW":"2","JX":"2","XQ":"2","VR":"2","VV":"2","R8":"2","J8":"2","MX":"2","HW":"2","CF":"2","RF":"2","MW":"2","GX":"2","HX":"2","MV":"2","GV":"2","WX":"2","XP":"2","JW":"2","WQ":"2","7X":"2"},"X7":{"63":"2","32":"2","F4":"2","42":"2","52":"2"},"W4":{"HF":"2","JF":"2"},"W6":{"G8":"2","9X":"2","9M":"2","PQ":"2","HR":"2","FR":"2","HG":"2","75":"2","JG":"2","73":"2","62":"2","HQ":"2","GH":"2","G9":"2","F5":"2","PP":"2","J8":"2","84":"2","M9":"2","F9":"2","JQ":"2","26":"2","63":"2","VM":"2","3M":"2","76":"2","G4":"2","PH":"2","P4":"2","74":"2","94":"2","G2":"2","9J":"2","2P":"2","2M":"2","GP":"2","HH":"2","HF":"2","2R":"2","86":"2","85":"2","6P":"2","F4":"2","CV":"2","7P":"2","5Q":"2","C3":"2","JF":"2","HP":"2","9G":"2","FG":"2","CQ":"2","87":"2","C5":"2","GG":"2","24":"2","98":"2","9R":"2","5P":"2","MX":"2","6Q":"2","9Q":"2","C4":"2","99":"2","8M":"2","C9":"2","JX":"2","92":"2","3P":"2","48":"2","6F":"2","CG":"2","G5":"2","F3":"2","CW":"2","CX":"2","9P":"2","6H":"2","MH":"2","M4":"2","9F":"2","JH":"2","72":"2","GC":"2","JC":"2","CP":"2","82":"2"},"V6":{"G8":"2","G7":"2","RM":"2","75":"2","6C":"2","4W":"2","C7":"2","62":"2","WW":"2","97":"2","WV":"2","JR":"2","X5":"2","VX":"2","RX":"2","VJ":"2","64":"2","W7":"2","XP":"2","63":"2","W6":"2","76":"2","5C":"2","P4":"2","JP":"2","5G":"2","X6":"2","93":"2","96":"2","45":"2","5X":"2","VH":"2","WX":"2","J3":"2","H3":"2","Q5":"2","83":"2","V7":"2","29":"2","4X":"2","P7":"2","4G":"2","XX":"2","F4":"2","G3":"2","V5":"2","RJ":"2","C3":"2","VQ":"2","RH":"2","HP":"2","XR":"2","87":"2","4F":"2","24":"2","98":"2","5W":"2","4C":"2","XQ":"2","MR":"2","JV":"2","QH":"2","QG":"2","H2":"2","5F":"2","88":"2","W5":"2","M6":"2","F7":"2","F3":"2","2V":"2","V6":"2","49":"2","WJ":"2","72":"2","R5":"2","XW":"2","XM":"2","66":"2","VV":"2"},"V7":{"W7":"2","R2":"2","62":"2","V2":"2","52":"2"},"V4":{"WX":"2"},"X5":{"7M":"2","7J":"2","26":"2","CM":"2","2H":"2","76":"2","GJ":"2","8J":"2","9J":"2","79":"2","2M":"2","78":"2","FP":"2","7P":"2","FQ":"2","7H":"2","5P":"2","8P":"2","8M":"2","CJ":"2","3P":"2","6M":"2","GQ":"2","GM":"2","CP":"2"},"W7":{"M2":"2","77":"2","66":"2","G2":"2","V2":"2","F2":"2","92":"2","29":"2","67":"2","J2":"2","W3":"2","78":"2","H2":"2","44":"2","32":"2","36":"2","M3":"2"},"X6":{"PG":"2","5X":"2","3J":"2","J9":"2","JC":"2"},"27":{"3X":"2"},"PQ":{"XR":"2"},"GJ":{"VQ":"2"},"XG":{"6W":"2"},"37":{"CH":"2","CJ":"2","FJ":"2","FH":"2"},"49":{"68":"2","78":"2","53":"2"}},"4R":{"WF":{"6R":"2"}},"4J":{"MG":{"7M":"2","8G":"2","9G":"2","7J":"2","8F":"2"}},"8Q":{"MH":{"C4":"2"},"GW":{"97":"2"}},"CC":{"H9":{"R2":"2"}},"C8":{"5G":{"RC":"2"}},"CQ":{"54":{"2J":"2","CH":"2","2M":"2"}},"6P":{"GP":{"4H":"2","2X":"2"},"96":{"HJ":"2","FJ":"2","HM":"2","CM":"2","GH":"2","FM":"2","CP":"2","FP":"2","GJ":"2","GM":"2"},"GQ":{"22":"2"}},"28":{"49":{"H3":"2"}},"P7":{"M3":{"65":"2","73":"2"},"7J":{"C9":"2","F8":"2","F9":"2","G8":"2"},"FH":{"27":"2"}},"2P":{"7M":{"2W":"2"},"5M":{"95":"2"},"V3":{"R5":"2","Q8":"2"},"6M":{"VR":"2"}},"2X":{"G6":{"J4":"2"},"QJ":{"X4":"2"},"MC":{"JH":"2","GJ":"2"},"CH":{"8F":"2"},"WV":{"8G":"2","CG":"2"},"WP":{"X3":"2","X2":"2","V3":"2","W3":"2","V2":"2","W2":"2"},"PF":{"8V":"2","6V":"2"},"HF":{"XX":"2","QV":"2","JX":"2","QR":"2","RW":"2","CH":"2","RV":"2","QW":"2","PV":"2","MW":"2","HX":"2","RR":"2","FW":"2","GV":"2","CW":"2","X3":"2","FV":"2","PX":"2","QX":"2"},"G5":{"GW":"2","FP":"2","HW":"2","HX":"2","JX":"2","FW":"2"},"MG":{"FP":"2","MM":"2","PM":"2"},"JF":{"7Q":"2","7C":"2","42":"2","62":"2","GV":"2","32":"2","3J":"2","99":"2","8X":"2","7G":"2","6R":"2","3R":"2","W7":"2","CW":"2","C7":"2","5G":"2","7M":"2","C5":"2","7F":"2","86":"2","XH":"2","4M":"2","6F":"2","6M":"2","5J":"2","85":"2","8W":"2","2X":"2","Q3":"2","PW":"2","6J":"2","FC":"2","8C":"2","FF":"2","87":"2","4G":"2","XJ":"2","8V":"2","33":"2","8F":"2","W4":"2","4H":"2","5F":"2","44":"2","97":"2","3X":"2","98":"2","2V":"2","72":"2","5H":"2","JQ":"2","Q2":"2","C8":"2","Q9":"2","74":"2","P5":"2","54":"2","53":"2","3M":"2","6G":"2","CF":"2","C6":"2","45":"2","H9":"2","3W":"2","43":"2","9P":"2"},"XP":{"23":"2","33":"2","32":"2","VG":"2","22":"2"},"GG":{"W7":"2","W8":"2","X8":"2","X6":"2","M9":"2","J9":"2","X7":"2"},"JG":{"22":"2","35":"2","H4":"2","66":"2","C4":"2","XF":"2","P2":"2","F3":"2","F2":"2","54":"2","85":"2","94":"2","45":"2","55":"2","24":"2","RF":"2","C7":"2","J4":"2","93":"2","87":"2","78":"2","74":"2","65":"2","7M":"2","56":"2","C5":"2","34":"2","84":"2","46":"2","44":"2","32":"2","G4":"2","73":"2","64":"2","WC":"2","25":"2","36":"2","M9":"2"},"HG":{"X2":"2","35":"2","W4":"2","X4":"2","C2":"2","W2":"2","X5":"2","45":"2","P3":"2","W3":"2","27":"2","VF":"2","H2":"2","26":"2","34":"2","X3":"2","25":"2","36":"2","37":"2","M3":"2"},"WQ":{"XX":"2"},"VM":{"5F":"2","3F":"2"},"JC":{"6W":"2","2V":"2","4X":"2","7X":"2","5W":"2","8X":"2"},"WM":{"WX":"2","VX":"2","XX":"2"},"HC":{"XW":"2"}},"M8":{"JQ":{"FR":"2","CR":"2","FQ":"2","CP":"2","GQ":"2","CQ":"2"}},"F9":{"4F":{"P7":"2","V8":"2","M7":"2"},"3H":{"QF":"2"}},"9W":{"45":{"XM":"2","XP":"2"},"55":{"2P":"2"},"3X":{"64":"2"},"48":{"9R":"2","9V":"2","8W":"2","9Q":"2"},"43":{"9V":"2","CV":"2"},"47":{"2H":"2","2G":"2"},"3C":{"Q9":"2"},"3H":{"R3":"2","QQ":"2"},"36":{"QG":"2","XC":"2","RQ":"2","X9":"2","RR":"2","6V":"2","VC":"2","PW":"2","JW":"2","PH":"2","RC":"2","WC":"2","MH":"2","W9":"2"},"49":{"82":"2"},"37":{"R3":"2","Q2":"2","72":"2","JG":"2","83":"2","JF":"2","HF":"2","82":"2","XH":"2","73":"2","R4":"2","XG":"2","64":"2","H9":"2","Q3":"2"}},"9Q":{"9M":{"3R":"2"},"FR":{"93":"2","3G":"2","82":"2","7Q":"2","2G":"2","6G":"2","73":"2"},"75":{"X5":"2"},"FM":{"XV":"2","RW":"2","CR":"2","WJ":"2","8X":"2","7W":"2","XR":"2","CX":"2","6X":"2","WV":"2","RX":"2","9X":"2","WW":"2","QW":"2","9W":"2","FX":"2","FW":"2","CW":"2","JW":"2","CV":"2","VW":"2","7X":"2","8W":"2"},"GX":{"64":"2"},"CM":{"WP":"2","VR":"2","VP":"2","VQ":"2","WQ":"2","P8":"2"},"2M":{"WG":"2","VG":"2"},"GP":{"4M":"2","5X":"2","4G":"2","28":"2","5R":"2","4J":"2","6X":"2","5F":"2","54":"2","5W":"2","4H":"2","5V":"2","6W":"2","38":"2","53":"2","27":"2","26":"2","5P":"2","3Q":"2","52":"2","6P":"2","5Q":"2"},"HH":{"WP":"2","VG":"2","RJ":"2","VM":"2","WM":"2"},"FP":{"36":"2","2G":"2","R8":"2","34":"2","FW":"2","62":"2","G9":"2","3J":"2","3G":"2","RX":"2","48":"2","P7":"2","93":"2","VP":"2","CW":"2","5C":"2","C7":"2","MR":"2","X6":"2","49":"2","V8":"2","24":"2","6M":"2","X5":"2","Q6":"2","RW":"2","CV":"2","73":"2","FV":"2","JV":"2","JR":"2","94":"2","W6":"2","G2":"2","P6":"2","55":"2","PP":"2","R7":"2","4J":"2","CX":"2","MW":"2","25":"2","4V":"2","59":"2","4G":"2","HX":"2","33":"2","57":"2","F6":"2","W4":"2","4H":"2","5F":"2","PQ":"2","63":"2","Q7":"2","MQ":"2","X7":"2","2J":"2","39":"2","QR":"2","97":"2","F2":"2","VM":"2","W5":"2","72":"2","QX":"2","WQ":"2","QQ":"2","9X":"2","X4":"2","JW":"2","M2":"2","RP":"2","F5":"2","64":"2","RV":"2","82":"2","2M":"2","74":"2","Q8":"2","P8":"2","C2":"2","G5":"2","53":"2","3M":"2","WM":"2","HP":"2","C6":"2","38":"2","45":"2","92":"2","RR":"2"},"4X":{"M5":"2"},"F8":{"2M":"2"},"46":{"RR":"2"},"4V":{"4M":"2"},"CR":{"X9":"2","X5":"2","XC":"2","G4":"2","74":"2","XF":"2","G2":"2","XJ":"2","G3":"2","J6":"2","WC":"2","F2":"2","6F":"2","H7":"2","G5":"2","W5":"2","WF":"2","WJ":"2","82":"2"},"FQ":{"5R":"2","X9":"2","8H":"2","8X":"2","7G":"2","JF":"2","MG":"2","6R":"2","M3":"2","V4":"2","X6":"2","G3":"2","3P":"2","PF":"2","MF":"2","J4":"2","VC":"2","X8":"2","X5":"2","5J":"2","HF":"2","4W":"2","H3":"2","R4":"2","R3":"2","VF":"2","H4":"2","Q3":"2","G4":"2","7X":"2","79":"2","JH":"2","W6":"2","5W":"2","FC":"2","8C":"2","4J":"2","RF":"2","FF":"2","Q4":"2","4V":"2","XC":"2","8F":"2","F6":"2","7V":"2","J2":"2","HM":"2","2J":"2","QF":"2","W5":"2","M4":"2","V5":"2","89":"2","R5":"2","PG":"2","6V":"2","QH":"2","J3":"2","F5":"2","QG":"2","Q2":"2","6H":"2","2M":"2","P5":"2","P4":"2","G5":"2","8G":"2","H2":"2","6G":"2","92":"2","WC":"2"},"CQ":{"9X":"2","WQ":"2","H5":"2","GR":"2","GW":"2","GX":"2","64":"2","VJ":"2","WM":"2","G4":"2","W2":"2","H8":"2","VH":"2","MC":"2","53":"2","8R":"2","Q3":"2","H4":"2","G3":"2","F4":"2","VQ":"2","VG":"2","WH":"2","WP":"2","QF":"2","PF":"2","RG":"2","GV":"2","R7":"2","F3":"2","WF":"2","PC":"2","9V":"2","WJ":"2","WG":"2","R2":"2"},"3J":{"PX":"2"},"8P":{"62":"2","G9":"2","H9":"2"},"HV":{"MW":"2"},"8M":{"5X":"2"},"FF":{"VJ":"2"},"CW":{"WM":"2"},"9P":{"4M":"2","4J":"2","3J":"2","3M":"2"},"HW":{"72":"2"},"GQ":{"63":"2","35":"2","66":"2","28":"2","62":"2","6Q":"2","58":"2","54":"2","29":"2","75":"2","45":"2","2C":"2","57":"2","6F":"2","74":"2","65":"2","5J":"2","3C":"2","56":"2","26":"2","5P":"2","3Q":"2","52":"2","46":"2","44":"2","6P":"2","73":"2","64":"2","25":"2","36":"2","59":"2"},"GM":{"4W":"2","5X":"2","2R":"2","5W":"2"},"CP":{"RG":"2","VM":"2","VJ":"2","VH":"2","RP":"2","VP":"2","WH":"2","VG":"2","VF":"2","VC":"2","VX":"2","WG":"2","RH":"2","RM":"2"}},"Q3":{"C6":{"QH":"2"},"9C":{"P9":"2"},"XM":{"X5":"2"},"7W":{"7V":"2"},"XP":{"V3":"2"},"FF":{"4F":"2"}},"8C":{"V7":{"HX":"2","J6":"2","J5":"2"},"V8":{"J3":"2"}},"R4":{"P3":{"5C":"2","89":"2","59":"2","78":"2","H2":"2"},"M3":{"HJ":"2","9G":"2","JJ":"2","GJ":"2","HG":"2","CG":"2","9F":"2","FG":"2","FH":"2"},"4P":{"65":"2"},"6G":{"W5":"2","W6":"2","P8":"2"},"7J":{"9G":"2","F9":"2","3V":"2","CF":"2","4W":"2","G7":"2","2X":"2","4R":"2","2R":"2","5Q":"2"},"Q2":{"22":"2","66":"2","72":"2","76":"2","3G":"2","85":"2","94":"2","75":"2","3F":"2","24":"2","55":"2","4F":"2","82":"2","53":"2","74":"2","65":"2","34":"2","44":"2","37":"2","59":"2"},"7G":{"J4":"2","33":"2","43":"2"},"4Q":{"PP":"2","RJ":"2"},"2R":{"PF":"2","XC":"2","FH":"2","CJ":"2","HH":"2","GH":"2","MG":"2","RF":"2","VC":"2","7M":"2","2R":"2","5P":"2","3Q":"2","QF":"2","8M":"2"},"F8":{"8Q":"2"},"6P":{"97":"2","6C":"2","96":"2"},"5Q":{"6C":"2","4J":"2"},"3R":{"68":"2","M4":"2","V4":"2","G5":"2","P4":"2","F6":"2","J5":"2","78":"2","87":"2","49":"2","R4":"2"},"P2":{"XM":"2","FW":"2"},"5P":{"VV":"2"},"99":{"XW":"2"},"H6":{"4H":"2","5C":"2"},"C9":{"3V":"2"},"3P":{"JG":"2"},"6F":{"PJ":"2","MG":"2","WJ":"2","XM":"2","XJ":"2","RH":"2","XH":"2","J5":"2","W4":"2","VJ":"2","QH":"2","VH":"2"},"6M":{"PG":"2","X2":"2","MG":"2","W4":"2"},"9C":{"68":"2","49":"2","58":"2"},"7C":{"WX":"2"},"8C":{"6W":"2","3X":"2"},"7F":{"G6":"2","2J":"2","M5":"2","H6":"2","4M":"2","M4":"2","6W":"2","5Q":"2","F5":"2","5X":"2","F6":"2","V2":"2","J6":"2","J5":"2","6X":"2","3M":"2","J7":"2"},"4R":{"24":"2","52":"2"}},"R3":{"HQ":{"XV":"2"},"4P":{"2W":"2"},"QQ":{"FM":"2","F8":"2","FC":"2","FF":"2","FG":"2"},"GR":{"P2":"2","JV":"2"},"RX":{"24":"2","23":"2","33":"2","32":"2","22":"2","25":"2","42":"2","34":"2"},"QV":{"M7":"2","JG":"2","X5":"2","V3":"2","P8":"2","VJ":"2","Q7":"2","V4":"2","W6":"2","P4":"2","X6":"2","XF":"2","XH":"2","XJ":"2","VC":"2","XG":"2","RH":"2","P2":"2","WH":"2","VF":"2","W5":"2","M8":"2","PC":"2","WJ":"2","PG":"2"},"JQ":{"6V":"2","8R":"2","4V":"2"},"VP":{"C6":"2","4H":"2","7H":"2"},"VM":{"G6":"2","HH":"2"},"RR":{"7Q":"2","2P":"2","58":"2","5V":"2","52":"2","6X":"2","5R":"2","28":"2","3J":"2","8X":"2","GP":"2","6Q":"2","8M":"2","6R":"2","CP":"2","3R":"2","4C":"2","5X":"2","5C":"2","49":"2","7M":"2","4R":"2","3P":"2","CQ":"2","4M":"2","CM":"2","6M":"2","3V":"2","5P":"2","4W":"2","CV":"2","8W":"2","2X":"2","7P":"2","7X":"2","6J":"2","7R":"2","5W":"2","6P":"2","9M":"2","4J":"2","4V":"2","59":"2","7W":"2","5M":"2","8Q":"2","8R":"2","57":"2","9Q":"2","7V":"2","4Q":"2","2J":"2","3X":"2","4P":"2","6W":"2","8P":"2","9R":"2","CR":"2","5Q":"2","6V":"2","GM":"2","3Q":"2","4X":"2","2M":"2","53":"2","3M":"2","38":"2","3W":"2","FP":"2","9P":"2"},"QX":{"QJ":"2","HR":"2","JR":"2","X5":"2","PM":"2","R9":"2","PP":"2","W7":"2","7V":"2","7Q":"2","CM":"2","V4":"2","W2":"2","X6":"2","X7":"2","8R":"2","X3":"2","PJ":"2","4X":"2","CV":"2","W8":"2","8V":"2","9Q":"2","R4":"2","X4":"2","QM":"2","HW":"2","R5":"2"},"RW":{"6C":"2","4W":"2","97":"2","84":"2","7J":"2","76":"2","96":"2","8F":"2","95":"2","8G":"2","4Q":"2","4X":"2","6P":"2","7P":"2","7H":"2","C5":"2","98":"2","68":"2","5P":"2","C4":"2","99":"2","6H":"2","5J":"2","8C":"2","56":"2","4R":"2"},"VH":{"5H":"2","6G":"2"},"8Q":{"W5":"2"},"2P":{"FR":"2","56":"2","G4":"2","GC":"2","FC":"2","F3":"2","53":"2"},"2M":{"5X":"2","4X":"2","6X":"2","6R":"2","5W":"2","4W":"2","5V":"2","3J":"2","4R":"2","3P":"2"},"GP":{"8R":"2","9V":"2","CR":"2","3W":"2","9W":"2","3X":"2","CW":"2","FV":"2","CV":"2"},"2Q":{"W2":"2"},"VQ":{"23":"2","32":"2"},"RV":{"95":"2","23":"2","58":"2","62":"2","52":"2","22":"2","8M":"2","6R":"2","F8":"2","C4":"2","C7":"2","5G":"2","C5":"2","86":"2","4M":"2","9V":"2","24":"2","6F":"2","F9":"2","5J":"2","2H":"2","5P":"2","4W":"2","77":"2","CV":"2","85":"2","66":"2","73":"2","CC":"2","G4":"2","84":"2","94":"2","6P":"2","FC":"2","9M":"2","4J":"2","G7":"2","CX":"2","87":"2","8V":"2","8R":"2","57":"2","4F":"2","9Q":"2","4H":"2","5F":"2","4Q":"2","76":"2","63":"2","2J":"2","97":"2","75":"2","98":"2","3H":"2","78":"2","72":"2","8P":"2","5H":"2","96":"2","65":"2","67":"2","F5":"2","C8":"2","74":"2","88":"2","9W":"2","C6":"2","9J":"2","FP":"2","9P":"2"},"RQ":{"6W":"2","5X":"2","5W":"2"},"WH":{"7R":"2"},"MR":{"X6":"2"},"C9":{"5H":"2","3H":"2","3J":"2"},"PR":{"38":"2","75":"2","H5":"2","77":"2","39":"2","X8":"2","26":"2","59":"2","94":"2","57":"2","46":"2","85":"2","C5":"2","4C":"2","C4":"2","49":"2","56":"2"},"QW":{"WR":"2","XW":"2"},"QR":{"QJ":"2","RM":"2","38":"2","GH":"2","WV":"2","C2":"2","VJ":"2","P5":"2","WM":"2","XP":"2","VP":"2","RR":"2","PH":"2","WX":"2","XJ":"2","HH":"2","FH":"2","RV":"2","FG":"2","XQ":"2","CJ":"2","WP":"2","6F":"2","7C":"2","MH":"2","9F":"2","CF":"2","WJ":"2","RP":"2","7F":"2","Q6":"2"},"WJ":{"72":"2"},"GQ":{"W8":"2","MW":"2","MR":"2"}},"8M":{"CP":{"VV":"2","RW":"2","RV":"2"}},"5G":{"X4":{"74":"2"},"V4":{"93":"2"},"W5":{"63":"2","25":"2","52":"2","53":"2"},"V3":{"VX":"2"},"F4":{"7X":"2"},"W3":{"QJ":"2","GW":"2","PP":"2","QP":"2","JW":"2","MR":"2","MX":"2","PQ":"2","MV":"2","JV":"2","JX":"2","PM":"2","PX":"2"},"V5":{"W5":"2","W6":"2"},"W4":{"RG":"2","5X":"2","QR":"2","F7":"2","QG":"2","HP":"2","8R":"2","4V":"2","6Q":"2","CM":"2","V2":"2","HW":"2","6R":"2","FG":"2","5W":"2","R2":"2","9M":"2","J2":"2","98":"2","4W":"2","5V":"2","MW":"2","C7":"2","7J":"2","GR":"2","F8":"2","MV":"2","G5":"2","GV":"2","6J":"2","7H":"2","QH":"2","HV":"2","F5":"2","6P":"2","C8":"2","CV":"2","G9":"2","GP":"2","6H":"2","RH":"2","5Q":"2"},"W9":{"2W":"2","2X":"2","3W":"2"},"WC":{"33":"2","32":"2","22":"2"}},"4W":{"JV":{"R6":"2","P5":"2","W5":"2","W4":"2","W6":"2","V6":"2","Q6":"2","P4":"2","J3":"2","R7":"2","Q7":"2","M4":"2","R4":"2","Q5":"2"},"R6":{"8M":"2","9M":"2"},"3R":{"93":"2","C4":"2","94":"2"},"V7":{"WW":"2","VW":"2"},"8Q":{"C4":"2","C3":"2","F4":"2"},"24":{"JH":"2","GH":"2","GJ":"2","HH":"2"},"WH":{"99":"2","9J":"2","C2":"2","CH":"2","CJ":"2","98":"2","9F":"2","9H":"2","C8":"2"},"JF":{"V3":"2"},"MV":{"26":"2"},"2F":{"5W":"2"},"43":{"XW":"2","JQ":"2","QV":"2","JV":"2","VQ":"2","VR":"2","QR":"2","RW":"2","VV":"2","JR":"2","RP":"2","RQ":"2","QQ":"2","QW":"2","RR":"2","PQ":"2","PR":"2","VW":"2","WR":"2","RM":"2"},"4C":{"93":"2","C4":"2","C3":"2","94":"2","92":"2","F3":"2","G2":"2"},"3Q":{"8P":"2","7Q":"2","6Q":"2","9W":"2"},"WG":{"9X":"2","9M":"2","FM":"2","GH":"2","F5":"2","7J":"2","8H":"2","CM":"2","C6":"2","8J":"2","9J":"2","7G":"2","8G":"2","GP":"2","FP":"2","F6":"2","FH":"2","FG":"2","CQ":"2","7H":"2","98":"2","8P":"2","9Q":"2","C4":"2","CJ":"2","6F":"2","F7":"2","9V":"2","6H":"2","FJ":"2","GM":"2","CP":"2"},"XJ":{"Q8":"2"},"HG":{"2C":"2","47":"2","37":"2","29":"2"}},"77":{"W3":{"3Q":"2","2Q":"2","3R":"2","2R":"2"}},"Q8":{"M6":{"9C":"2","8F":"2"},"H4":{"C4":"2"},"FQ":{"HW":"2"},"P3":{"QP":"2","PV":"2","PQ":"2","MV":"2","W4":"2"},"J5":{"4J":"2","3J":"2"}},"CM":{"X6":{"4H":"2","4J":"2","RH":"2","RJ":"2","VJ":"2"},"Q4":{"WP":"2"},"W3":{"GW":"2"},"X9":{"G6":"2","F5":"2","F6":"2"},"W6":{"PC":"2","MC":"2","WP":"2","WJ":"2","MM":"2","XM":"2","XJ":"2","VP":"2","XP":"2","WQ":"2"}},"C5":{"GJ":{"QC":"2","PC":"2"}},"3G":{"PP":{"QH":"2"}},"M3":{"V5":{"MV":"2"}},"4H":{"PP":{"JQ":"2","MP":"2","MQ":"2"},"QR":{"W8":"2","W9":"2","V8":"2"},"RQ":{"6R":"2","HP":"2","4J":"2","6V":"2","9J":"2","99":"2"},"QQ":{"WV":"2","W6":"2"}},"C6":{"99":{"4R":"2"},"3F":{"QJ":"2","PQ":"2","WQ":"2","PM":"2","PP":"2","VJ":"2","JQ":"2","VM":"2","JP":"2","VH":"2","XH":"2","PJ":"2","JJ":"2","RJ":"2","RH":"2","VQ":"2","VG":"2","RQ":"2","WH":"2","MP":"2","QP":"2","QH":"2","QM":"2","RG":"2","WJ":"2","RP":"2","JM":"2","MM":"2"},"4F":{"2J":"2","4H":"2","GJ":"2","3J":"2","2P":"2"},"5C":{"7J":"2"},"4C":{"GF":"2","HF":"2"},"7M":{"4P":"2"},"64":{"PP":"2","QM":"2","QP":"2","RQ":"2","VQ":"2","RP":"2"}},"6X":{"HM":{"XR":"2"},"R8":{"7F":"2"},"58":{"42":"2"},"JM":{"3Q":"2","2Q":"2","2R":"2"},"2P":{"RX":"2","26":"2"},"M8":{"MH":"2"},"F6":{"7F":"2"},"57":{"4W":"2","3W":"2"},"C7":{"27":"2"},"4C":{"MG":"2"},"HG":{"QC":"2","VF":"2"}},"5V":{"5P":{"XC":"2"},"2W":{"8M":"2"},"Q8":{"56":"2","9C":"2","67":"2","C7":"2","66":"2"},"Q5":{"42":"2","54":"2","53":"2","43":"2","52":"2","44":"2","25":"2","36":"2"},"Q4":{"2W":"2","3R":"2","4W":"2","4X":"2","3W":"2","2R":"2","4V":"2"},"P4":{"XV":"2","XR":"2"},"6P":{"2C":"2"},"RV":{"6J":"2","7H":"2","6H":"2","7J":"2"},"JP":{"3P":"2"}},"54":{"Q6":{"GV":"2"}},"P3":{"M8":{"7G":"2","6F":"2","6G":"2"}},"96":{"97":{"2F":"2"},"6X":{"WM":"2"}},"CG":{"FQ":{"7C":"2"}},"9J":{"2J":{"9X":"2","4W":"2","7V":"2","7R":"2","6R":"2","8W":"2","4Q":"2","4X":"2","4V":"2","5Q":"2","5M":"2","5R":"2","8V":"2","3W":"2","3V":"2","3J":"2","5W":"2","6Q":"2","6V":"2","5F":"2","CX":"2","9C":"2","2V":"2","2X":"2","4R":"2"},"XF":{"53":"2"},"CF":{"PW":"2","VX":"2"},"2G":{"7V":"2","6V":"2","9W":"2"},"CG":{"V3":"2"},"X3":{"X2":"2"},"3H":{"22":"2"},"2M":{"22":"2","35":"2","72":"2","42":"2","C2":"2","45":"2","24":"2","34":"2","44":"2"}},"4Q":{"PG":{"62":"2"},"PF":{"X4":"2","5V":"2","7W":"2","6V":"2","8W":"2","5W":"2","6X":"2"}},"C9":{"FC":{"9F":"2","99":"2"}},"P6":{"2G":{"6H":"2","7C":"2"},"FJ":{"QH":"2"}},"55":{"5C":{"78":"2"}},"7H":{"3C":{"P9":"2"},"5C":{"44":"2"},"6W":{"85":"2","96":"2","94":"2","86":"2","95":"2","84":"2"}},"2C":{"6X":{"XJ":"2"}},"95":{"97":{"FF":"2","F7":"2","C9":"2","FH":"2","94":"2","GH":"2","98":"2","G8":"2","C7":"2","F8":"2","84":"2","C8":"2","G9":"2"},"WG":{"24":"2","26":"2"},"VG":{"X5":"2","X4":"2","X6":"2"},"R9":{"CR":"2"}},"76":{"82":{"36":"2","46":"2"},"G5":{"V4":"2","R4":"2"},"P2":{"R3":"2","F7":"2","J8":"2","F9":"2","V2":"2","M8":"2","H8":"2","G7":"2","G8":"2","C7":"2","F8":"2","G5":"2","C6":"2","P7":"2","P6":"2","J7":"2","G9":"2","Q5":"2","M9":"2","G6":"2","H9":"2","Q3":"2"},"Q2":{"47":"2"}},"25":{"3W":{"RP":"2"},"6Q":{"HP":"2"},"F9":{"45":"2"},"8H":{"RM":"2"},"3V":{"RR":"2"},"4W":{"H6":"2","99":"2","77":"2","F7":"2","J8":"2","F9":"2","QC":"2","J9":"2","98":"2","H8":"2","G7":"2","G8":"2","C7":"2","F8":"2","2F":"2","87":"2","47":"2","36":"2","M9":"2","37":"2","H9":"2"},"5G":{"GP":"2"},"3H":{"PW":"2"},"37":{"W9":"2"}},"8P":{"9R":{"67":"2"},"8J":{"R3":"2","M7":"2","CR":"2","Q6":"2","P8":"2","QC":"2","Q4":"2","Q9":"2","M8":"2","FR":"2","RF":"2","MF":"2","P7":"2","CW":"2","P6":"2","GJ":"2","CV":"2","FV":"2","QF":"2","RC":"2","R4":"2","P9":"2","Q3":"2"},"9M":{"V4":"2"}},"75":{"6J":{"P9":"2"}},"7Q":{"X3":{"47":"2"},"4J":{"JV":"2"},"XG":{"6J":"2","6H":"2"},"CC":{"98":"2","99":"2"},"Q6":{"GF":"2","F8":"2","H8":"2","CC":"2","FF":"2"},"92":{"P9":"2","P8":"2"},"FG":{"JM":"2"},"QH":{"P2":"2"}},"HF":{"G3":{"5Q":"2"}},"2W":{"QV":{"8F":"2"},"74":{"23":"2","33":"2","58":"2"}},"P2":{"M5":{"4F":"2"},"2W":{"9J":"2"}},"6F":{"XC":{"FV":"2"}},"4M":{"J9":{"PH":"2","PG":"2","RG":"2"},"FX":{"F4":"2","C5":"2","F3":"2","87":"2","G2":"2"},"FW":{"4Q":"2"}},"2F":{"PF":{"M2":"2"},"MM":{"78":"2"},"HH":{"VG":"2"},"F4":{"7R":"2"}},"4X":{"QV":{"Q7":"2","P7":"2","Q6":"2"},"M6":{"C5":"2"},"W5":{"86":"2"},"V5":{"HH":"2"},"8R":{"VV":"2"},"WJ":{"GH":"2","GF":"2","HF":"2","CF":"2","CC":"2","GG":"2","FF":"2","FG":"2","FH":"2"},"8V":{"X3":"2","W2":"2"},"Q4":{"4Q":"2"},"CF":{"FR":"2","GH":"2","FM":"2","9W":"2","HQ":"2","FX":"2","FW":"2"},"4W":{"99":"2","77":"2","HJ":"2","95":"2","89":"2","88":"2","79":"2","67":"2","CF":"2","69":"2","96":"2","87":"2","78":"2","47":"2","GJ":"2","68":"2"},"QQ":{"VX":"2","RW":"2"},"9H":{"3P":"2","2M":"2","3M":"2","2P":"2"},"PG":{"7V":"2","8V":"2","FX":"2"},"H8":{"5R":"2","2X":"2","4Q":"2"},"53":{"9X":"2","9W":"2","CX":"2","CW":"2"},"RR":{"M4":"2","F5":"2"},"CG":{"F2":"2","C2":"2","H3":"2","F3":"2","H2":"2"},"GV":{"W4":"2"},"WX":{"5F":"2"},"FC":{"HP":"2"},"7P":{"2G":"2"},"6P":{"MR":"2","RJ":"2","VM":"2","QJ":"2","RQ":"2","QM":"2","XH":"2","VF":"2","PQ":"2","QP":"2","RH":"2","RM":"2"},"GP":{"HC":"2"},"W9":{"7P":"2","6R":"2","6Q":"2"}},"2H":{"CH":{"GV":"2"},"VF":{"47":"2"}},"2Q":{"WJ":{"8Q":"2","9Q":"2"},"P4":{"CC":"2"}},"4V":{"XV":{"9C":"2","RG":"2","RF":"2","VF":"2","JC":"2"},"6P":{"FV":"2"}},"6Q":{"HM":{"R9":"2"},"CJ":{"3G":"2"},"J6":{"96":"2"},"XH":{"H6":"2","67":"2","66":"2"}},"84":{"J7":{"4H":"2"}},"C7":{"2W":{"2J":"2"},"27":{"X3":"2"},"37":{"36":"2","37":"2"}},"4F":{"MW":{"JX":"2"},"MX":{"M2":"2","R3":"2","G2":"2","P2":"2","Q4":"2","P4":"2","J3":"2","P3":"2","J2":"2","J4":"2","H2":"2","P6":"2","M4":"2","R4":"2","Q5":"2","M3":"2","Q3":"2"}},"Q6":{"PV":{"X4":"2","P7":"2","V3":"2","V2":"2","Q6":"2"},"2G":{"WG":"2"},"R8":{"WJ":"2","WF":"2"},"VR":{"4M":"2","3M":"2","4G":"2","28":"2","3W":"2","4J":"2","29":"2","4H":"2","4R":"2","48":"2","5C":"2","4Q":"2","59":"2","49":"2","2W":"2"},"RG":{"JP":"2"},"2R":{"7P":"2","8F":"2"},"JM":{"4P":"2"},"MV":{"QR":"2","JW":"2","JV":"2"},"6M":{"X4":"2"},"QW":{"JW":"2","JR":"2"},"RW":{"G9":"2","V6":"2","H2":"2"},"WW":{"4H":"2","4F":"2"},"JV":{"9W":"2"},"R9":{"WQ":"2","WC":"2","WM":"2"},"PW":{"27":"2","28":"2","37":"2","29":"2"},"84":{"6X":"2"},"PP":{"X8":"2","27":"2","X9":"2"},"R7":{"VJ":"2"},"RF":{"2V":"2"},"QJ":{"3G":"2","3H":"2","25":"2"},"MW":{"P5":"2","G9":"2","Q5":"2","Q4":"2","P4":"2","G8":"2"},"QV":{"X8":"2","X9":"2","X7":"2","W6":"2","W9":"2"},"PR":{"RF":"2","VC":"2","66":"2","XG":"2","JC":"2"},"HR":{"V4":"2"},"QM":{"Q6":"2"},"7V":{"QJ":"2","XM":"2"},"PQ":{"8P":"2","M4":"2","MP":"2","RQ":"2","P4":"2","2M":"2","46":"2","P2":"2","QQ":"2","3M":"2","XQ":"2"},"MQ":{"X8":"2","9J":"2","HJ":"2","VM":"2","VJ":"2","3F":"2","9H":"2","XM":"2","X6":"2","WM":"2","GJ":"2"},"QR":{"WG":"2","8H":"2","R6":"2","JM":"2","V7":"2","W7":"2","X6":"2","G3":"2","3P":"2","J4":"2","9V":"2","X8":"2","Q6":"2","R3":"2","VF":"2","HC":"2","W6":"2","G2":"2","PP":"2","R7":"2","WF":"2","Q4":"2","5M":"2","33":"2","WH":"2","HM":"2","X7":"2","F2":"2","W5":"2","M4":"2","V5":"2","Q5":"2","R5":"2","VH":"2","RM":"2","RH":"2","RJ":"2","HJ":"2","P5":"2","C2":"2","MM":"2","CF":"2","MC":"2","V6":"2","9J":"2"},"VV":{"23":"2","36":"2","2G":"2","58":"2","34":"2","42":"2","6X":"2","28":"2","32":"2","22":"2","3G":"2","48":"2","47":"2","4C":"2","5G":"2","5C":"2","49":"2","7F":"2","24":"2","6F":"2","2H":"2","35":"2","66":"2","73":"2","55":"2","46":"2","7W":"2","8V":"2","33":"2","57":"2","4F":"2","5F":"2","76":"2","26":"2","63":"2","39":"2","44":"2","4P":"2","3H":"2","9H":"2","37":"2","69":"2","54":"2","53":"2","3F":"2","6G":"2","38":"2","45":"2"},"QX":{"PG":"2"},"CR":{"G5":"2"},"RC":{"VC":"2","VH":"2"},"FQ":{"6W":"2","4V":"2"},"QQ":{"W8":"2","H7":"2","RJ":"2","3R":"2","J8":"2","CX":"2","RP":"2","RV":"2","RQ":"2","WV":"2","X5":"2","RX":"2","9X":"2","V9":"2","5H":"2","5V":"2","23":"2","4R":"2","RR":"2","C6":"2","74":"2","6V":"2","VC":"2","5J":"2","C5":"2","J7":"2","73":"2","64":"2","4Q":"2"},"QH":{"5H":"2","3Q":"2","2Q":"2","6F":"2"},"QP":{"2J":"2","9P":"2","XW":"2","53":"2"},"JW":{"82":"2"},"RP":{"XX":"2","XW":"2","XV":"2","XQ":"2","VM":"2","XR":"2","85":"2","WM":"2","WP":"2","6V":"2","RM":"2","68":"2"},"JQ":{"QQ":"2"},"VX":{"R6":"2","H3":"2"},"RV":{"P3":"2","RM":"2","75":"2","6C":"2","J5":"2","M3":"2","73":"2","M5":"2","77":"2","3H":"2","W4":"2","X5":"2","P8":"2","2G":"2","64":"2","W7":"2","M9":"2","X8":"2","P5":"2","WM":"2","P9":"2","Q2":"2","9W":"2","V4":"2","V2":"2","2H":"2","VM":"2","W6":"2","76":"2","P4":"2","74":"2","W2":"2","X6":"2","X7":"2","J3":"2","W3":"2","W9":"2","H3":"2","6R":"2","79":"2","Q5":"2","83":"2","8R":"2","V7":"2","X3":"2","78":"2","R3":"2","P7":"2","Q3":"2","H4":"2","J2":"2","V5":"2","J6":"2","RJ":"2","R6":"2","J4":"2","8V":"2","P2":"2","3J":"2","5P":"2","6Q":"2","QH":"2","R4":"2","H2":"2","3G":"2","4M":"2","WP":"2","Q9":"2","W5":"2","Q4":"2","M8":"2","9V":"2","M4":"2","M2":"2","V6":"2","69":"2","72":"2","R5":"2","XM":"2","Q6":"2","Q8":"2","R2":"2","82":"2"},"QG":{"RF":"2","VC":"2","5R":"2","VF":"2","X7":"2","WC":"2"},"RM":{"FP":"2","CQ":"2","29":"2"},"RQ":{"MQ":"2","66":"2","HW":"2","W9":"2","RX":"2","VR":"2","7W":"2","6G":"2","65":"2","PX":"2","5F":"2","7X":"2","6R":"2","JX":"2","VJ":"2","5J":"2","7P":"2","W7":"2","WG":"2","RQ":"2","59":"2","6M":"2","9V":"2","X2":"2","5C":"2","VM":"2","3X":"2","FP":"2","H5":"2","8Q":"2","RR":"2","5H":"2","FX":"2","FV":"2","VX":"2","X5":"2","FW":"2","CX":"2","X3":"2","RV":"2","M8":"2","9W":"2","5G":"2","5P":"2","WH":"2","FQ":"2","HV":"2","VW":"2","HX":"2","RW":"2","VG":"2","MV":"2","CW":"2","PR":"2","GW":"2","VH":"2","WC":"2","MX":"2","JW":"2","6X":"2","FR":"2","MJ":"2","PJ":"2","MG":"2","W6":"2","WF":"2","VP":"2","7Q":"2","X6":"2","QX":"2","67":"2","WR":"2","4X":"2","69":"2","C7":"2","63":"2","MP":"2","PQ":"2","7R":"2","CV":"2","56":"2","8X":"2","VQ":"2","H4":"2","MM":"2","X4":"2","9R":"2","VV":"2","M9":"2","MR":"2","CR":"2","GX":"2","W5":"2"},"VW":{"M6":"2","P7":"2","Q9":"2","P4":"2","J6":"2","92":"2"},"VQ":{"3Q":"2","QJ":"2","CF":"2","2R":"2"},"9J":{"RQ":"2"},"RR":{"46":"2","GF":"2","VW":"2","PW":"2","M4":"2","GP":"2","J2":"2","RV":"2","J3":"2","38":"2","XM":"2","H2":"2","FQ":"2","H5":"2","HQ":"2","PG":"2","P3":"2","79":"2","GW":"2","CM":"2","V9":"2","X5":"2","WW":"2","X9":"2","JV":"2","9J":"2","HP":"2","WV":"2","93":"2","G7":"2","5W":"2","4V":"2","9H":"2","FP":"2","J4":"2","R9":"2","XJ":"2","R8":"2","86":"2","5G":"2","MM":"2","R7":"2","PX":"2","X8":"2","C9":"2","7G":"2","P9":"2","9F":"2","MC":"2","28":"2","87":"2","M7":"2","MG":"2","GR":"2","M8":"2","34":"2","PM":"2","97":"2","9G":"2","P7":"2","QC":"2","M2":"2","JG":"2","H7":"2","RX":"2","G9":"2","JX":"2","36":"2","GC":"2","88":"2","P4":"2","99":"2","RW":"2","HH":"2","FM":"2","7F":"2","5C":"2","PF":"2","6H":"2","MV":"2","HC":"2","FR":"2","M3":"2","C7":"2","H4":"2","8F":"2","W9":"2","HV":"2","FW":"2","FH":"2","GQ":"2","RR":"2","MW":"2","85":"2","J8":"2","6W":"2","JM":"2","F8":"2","98":"2","78":"2","GH":"2","PR":"2","CH":"2","W8":"2","R4":"2","H3":"2","35":"2","JP":"2","JQ":"2","GV":"2","Q7":"2","HR":"2","C2":"2","QW":"2","VV":"2","G8":"2","FF":"2","8J":"2","96":"2","FC":"2","F2":"2","RP":"2","6F":"2","56":"2","76":"2","8G":"2","WM":"2","GJ":"2","G4":"2","CJ":"2","4H":"2","62":"2","JR":"2","R2":"2","PQ":"2","4W":"2","CF":"2","Q9":"2","3F":"2","WJ":"2","JW":"2","7W":"2","4F":"2","VH":"2","R6":"2","J7":"2","MX":"2","9M":"2","FG":"2","89":"2","8X":"2","C6":"2","P5":"2","WC":"2","H9":"2","Q8":"2","9C":"2","77":"2","C3":"2","G5":"2","6C":"2","72":"2","J5":"2","MP":"2","6G":"2","R5":"2","82":"2","HJ":"2","J6":"2","QM":"2","3G":"2","VX":"2","5F":"2","MH":"2","JH":"2","H8":"2","QX":"2","HW":"2","94":"2","V8":"2","H6":"2","7C":"2","J9":"2","CQ":"2","P8":"2","PH":"2","HF":"2","CP":"2","QG":"2","FJ":"2","HM":"2","8V":"2","39":"2","XW":"2","F9":"2","5H":"2","MJ":"2","84":"2","GM":"2","M9":"2","FV":"2","R3":"2","95":"2","G2":"2","VJ":"2","QF":"2","G6":"2","8M":"2","JJ":"2","C8":"2","83":"2"}},"J2":{"QC":{"8C":"2"},"GF":{"QH":"2"}},"P9":{"RJ":{"3P":"2","CP":"2","5V":"2"},"VM":{"R8":"2","3G":"2","48":"2","P7":"2","XF":"2","V7":"2","4C":"2","W7":"2","WR":"2","V8":"2","VC":"2","X8":"2","F9":"2","QW":"2","RW":"2","29":"2","W9":"2","FG":"2","R9":"2","R7":"2","FF":"2","2C":"2","V9":"2","J7":"2","P9":"2","XC":"2","M7":"2","Q7":"2","X7":"2","G8":"2","2F":"2","RC":"2","X4":"2","QC":"2","9H":"2","37":"2","M8":"2","Q9":"2","Q8":"2","P8":"2","P5":"2","J8":"2","C6":"2","38":"2","MC":"2","V6":"2","9J":"2","WC":"2","R2":"2"},"VJ":{"MQ":"2"},"8V":{"8C":"2","79":"2","7C":"2","69":"2","48":"2"},"QJ":{"QX":"2","QW":"2","XQ":"2","PX":"2"},"QM":{"V4":"2","V5":"2"},"VP":{"RG":"2","HC":"2","P8":"2","PF":"2","P2":"2","5F":"2","Q9":"2","9C":"2","4H":"2","5H":"2","5G":"2","9F":"2","4F":"2","Q8":"2","VG":"2","8C":"2","QF":"2","XG":"2","WG":"2","P9":"2"},"WH":{"PP":"2","HW":"2","RQ":"2","PQ":"2","JP":"2","JR":"2"},"RF":{"QR":"2"},"FX":{"P7":"2"},"WM":{"MQ":"2","22":"2","HW":"2","8R":"2","CP":"2","VR":"2","QC":"2","GC":"2","FC":"2","3F":"2","HQ":"2","FF":"2","RG":"2","PC":"2","CJ":"2","VC":"2","JX":"2","9G":"2","9H":"2","VJ":"2","7J":"2","PH":"2","FH":"2","FJ":"2","VF":"2","JV":"2","HG":"2","P8":"2","Q9":"2","PF":"2","PP":"2","VM":"2","JH":"2","GF":"2","FP":"2","RF":"2","QP":"2","GJ":"2","V9":"2","4J":"2","CC":"2","5H":"2","P7":"2","FW":"2","RV":"2","M8":"2","F9":"2","RH":"2","RP":"2","MH":"2","8M":"2","5G":"2","GH":"2","HV":"2","VW":"2","HP":"2","JC":"2","HX":"2","RW":"2","VG":"2","MV":"2","HH":"2","2G":"2","Q8":"2","CW":"2","J8":"2","GW":"2","CM":"2","VH":"2","3G":"2","GM":"2","QV":"2","4H":"2","GG":"2","JW":"2","JR":"2","4G":"2","2J":"2","HM":"2","MJ":"2","PJ":"2","MF":"2","3J":"2","9J":"2","PW":"2","C9":"2","MG":"2","P6":"2","R9":"2","2C":"2","VP":"2","JF":"2","3M":"2","HF":"2","QX":"2","RJ":"2","J9":"2","R8":"2","QJ":"2","2F":"2","2H":"2","R7":"2","JJ":"2","RM":"2","4F":"2","Q6":"2","P9":"2","QF":"2","3H":"2","9P":"2","GP":"2","PQ":"2","HR":"2","FG":"2","HC":"2","CH":"2","9M":"2","2M":"2","VQ":"2","QM":"2","8H":"2","9R":"2","VV":"2","CF":"2","8G":"2","5R":"2","MC":"2","RC":"2","PG":"2","PM":"2","M9":"2","QG":"2","MR":"2","GX":"2","JQ":"2","Q7":"2","6H":"2"},"WP":{"2G":"2","3G":"2","99":"2","9F":"2","7G":"2","8M":"2","F8":"2","M3":"2","M5":"2","C5":"2","9C":"2","F9":"2","H3":"2","H4":"2","CC":"2","Q3":"2","G4":"2","J6":"2","F7":"2","G6":"2","G7":"2","Q4":"2","4G":"2","J7":"2","8F":"2","57":"2","F6":"2","J2":"2","G8":"2","M4":"2","89":"2","65":"2","M2":"2","H7":"2","H6":"2","J5":"2","Q2":"2","P3":"2","6H":"2","88":"2","P4":"2","G5":"2","8G":"2","H2":"2","H5":"2","9J":"2"},"VG":{"R2":"2"},"XH":{"F5":"2"},"QH":{"3C":"2","5C":"2","6H":"2","4G":"2","5F":"2","4F":"2","6F":"2","4C":"2","6G":"2","5G":"2"},"PM":{"GF":"2","HF":"2","JF":"2"},"XG":{"CM":"2"},"WG":{"W5":"2"},"RM":{"X9":"2","XC":"2","W7":"2","MG":"2","93":"2","XF":"2","VH":"2","XJ":"2","83":"2","W8":"2","VG":"2","P2":"2","RC":"2","WH":"2","H6":"2","M6":"2","WG":"2"},"HG":{"7M":"2","CJ":"2","9J":"2"}},"3H":{"WG":{"W7":"2","W8":"2","QG":"2","QM":"2","RF":"2","VC":"2","V9":"2","RC":"2","V8":"2","QH":"2"},"XG":{"5M":"2"},"2R":{"GF":"2"},"JG":{"56":"2"}},"82":{"X2":{"W8":"2","2G":"2","2P":"2","3J":"2","3G":"2","2R":"2","9F":"2","47":"2","3R":"2","4C":"2","4R":"2","3P":"2","MV":"2","9C":"2","4M":"2","24":"2","X8":"2","3V":"2","4W":"2","CV":"2","GH":"2","85":"2","W9":"2","2X":"2","5W":"2","PP":"2","4J":"2","25":"2","2C":"2","4V":"2","3X":"2","2V":"2","2F":"2","3H":"2","3Q":"2","96":"2","VH":"2","J5":"2","2M":"2","74":"2","3M":"2","3W":"2","9P":"2"},"9V":{"W8":"2","X8":"2"},"R5":{"2F":"2","3F":"2"},"V2":{"95":"2","R8":"2","32":"2","22":"2","M9":"2","R6":"2","P7":"2","W3":"2","93":"2","CP":"2","PC":"2","V7":"2","W7":"2","C7":"2","X6":"2","M5":"2","M6":"2","4R":"2","PF":"2","MF":"2","V8":"2","C5":"2","86":"2","Q6":"2","CH":"2","77":"2","CV":"2","FR":"2","FV":"2","Q3":"2","R9":"2","HC":"2","J6":"2","X2":"2","84":"2","94":"2","W6":"2","P6":"2","R7":"2","G7":"2","CX":"2","87":"2","Q4":"2","CJ":"2","83":"2","QM":"2","J7":"2","P9":"2","M7":"2","9Q":"2","76":"2","Q7":"2","X7":"2","G8":"2","QF":"2","W5":"2","RC":"2","W2":"2","9H":"2","96":"2","65":"2","H7":"2","H6":"2","M8":"2","Q9":"2","P3":"2","RM":"2","X3":"2","P8":"2","Q8":"2","P5":"2","J8":"2","P4":"2","9W":"2","H9":"2","9J":"2","92":"2"},"W2":{"FR":"2","38":"2","WQ":"2","J5":"2","WW":"2","FM":"2","GH":"2","M5":"2","QQ":"2","X5":"2","C2":"2","VX":"2","39":"2","VR":"2","64":"2","X8":"2","52":"2","Q2":"2","V2":"2","5C":"2","22":"2","59":"2","QX":"2","23":"2","X7":"2","FV":"2","32":"2","79":"2","37":"2","PX":"2","57":"2","GP":"2","XG":"2","FP":"2","6P":"2","XX":"2","J2":"2","42":"2","55":"2","FG":"2","XR":"2","5P":"2","F2":"2","RQ":"2","4C":"2","XQ":"2","47":"2","C9":"2","33":"2","H2":"2","89":"2","CJ":"2","WP":"2","67":"2","X4":"2","88":"2","48":"2","CG":"2","34":"2","7C":"2","8C":"2","CF":"2","49":"2","69":"2","72":"2","XW":"2","56":"2","GM":"2","66":"2","VV":"2"},"RV":{"CQ":"2"},"W3":{"GF":"2","R2":"2","P6":"2","64":"2","32":"2","X4":"2","54":"2","HF":"2","P2":"2","Q2":"2"},"93":{"MQ":"2"},"X3":{"22":"2","66":"2","76":"2","Q4":"2","54":"2","75":"2","57":"2","5G":"2","24":"2","56":"2","P6":"2","34":"2","44":"2","8G":"2","64":"2","97":"2","59":"2"},"V3":{"F7":"2","C2":"2","X2":"2","V3":"2","V2":"2","W2":"2"},"CV":{"38":"2","26":"2","99":"2"},"G4":{"QR":"2"}},"5Q":{"9W":{"R3":"2","X6":"2","X7":"2"},"CW":{"6H":"2","6G":"2"}},"9P":{"7R":{"5P":"2"},"FV":{"9W":"2"},"FW":{"MC":"2","96":"2","G8":"2","H9":"2"},"CV":{"X2":"2"}},"26":{"4P":{"67":"2"},"4M":{"6H":"2","22":"2"},"6C":{"9V":"2"},"58":{"W5":"2"},"2V":{"6F":"2"},"5F":{"48":"2"},"6R":{"32":"2"},"69":{"V2":"2"},"48":{"5C":"2","CP":"2"},"87":{"64":"2"},"7H":{"52":"2"},"5J":{"39":"2"},"CW":{"9P":"2"},"49":{"92":"2","XQ":"2"},"59":{"MP":"2"},"68":{"WM":"2"},"5Q":{"H8":"2"}},"7R":{"H4":{"35":"2","25":"2"},"4M":{"R2":"2","82":"2","R3":"2","C7":"2","Q3":"2","P2":"2"},"4J":{"PP":"2","QR":"2","RX":"2","PQ":"2","PM":"2","QQ":"2"},"G4":{"G6":"2","W7":"2","H6":"2","J4":"2","Q7":"2","P7":"2","V9":"2","V5":"2","V7":"2"},"P3":{"W5":"2","V5":"2","W6":"2"}},"6W":{"F4":{"M6":"2","M4":"2"}},"M7":{"JX":{"QC":"2","V9":"2","VC":"2","R9":"2","RC":"2"},"RV":{"52":"2"}},"8X":{"6C":{"VQ":"2","WQ":"2"},"JG":{"WP":"2","XM":"2","XP":"2","VJ":"2","WM":"2"},"FM":{"C5":"2"},"7M":{"X2":"2","M7":"2","V7":"2","R8":"2","J8":"2","V8":"2","V9":"2","W7":"2","R7":"2","P7":"2","X3":"2","Q7":"2"},"QV":{"CC":"2","FC":"2","FG":"2"},"7J":{"VV":"2","XP":"2","VW":"2"},"WM":{"94":"2"},"8J":{"9V":"2","5P":"2","5M":"2","5R":"2","GJ":"2","7W":"2","5X":"2","4X":"2","CX":"2","7X":"2","CW":"2","6X":"2","CV":"2"},"MG":{"3P":"2","2M":"2","4Q":"2","2P":"2"},"37":{"R3":"2","R4":"2"},"MC":{"PR":"2","MQ":"2"},"65":{"QJ":"2","QM":"2","RJ":"2"},"V5":{"HF":"2"},"7H":{"VH":"2"},"24":{"36":"2"},"MV":{"M4":"2"},"WR":{"RM":"2","WG":"2","VG":"2","WJ":"2","WF":"2","JM":"2","VM":"2","WM":"2","WH":"2","VH":"2"},"3J":{"VC":"2","R6":"2","P9":"2","J7":"2"},"5P":{"WJ":"2"},"8M":{"63":"2","22":"2","72":"2","62":"2","95":"2","G3":"2","85":"2","94":"2","45":"2","23":"2","H3":"2","33":"2","74":"2","84":"2","52":"2","32":"2","G4":"2"},"CG":{"4Q":"2"},"CF":{"63":"2","74":"2","84":"2","73":"2","53":"2"},"69":{"6J":"2"},"72":{"M6":"2","H6":"2","85":"2","G5":"2","94":"2","65":"2","H5":"2","95":"2"},"GQ":{"RR":"2","QR":"2"},"Q8":{"G3":"2"},"82":{"GJ":"2"}},"CH":{"HG":{"23":"2","36":"2","2G":"2","2P":"2","34":"2","5R":"2","6X":"2","28":"2","3J":"2","22":"2","48":"2","GP":"2","2W":"2","6Q":"2","XW":"2","9F":"2","68":"2","2Q":"2","CP":"2","3R":"2","CW":"2","27":"2","7M":"2","3P":"2","PF":"2","CQ":"2","CM":"2","6M":"2","5J":"2","PH":"2","2H":"2","CH":"2","35":"2","66":"2","WW":"2","2X":"2","56":"2","MP":"2","55":"2","46":"2","CX":"2","FF":"2","25":"2","XP":"2","5M":"2","4G":"2","8V":"2","8F":"2","57":"2","F6":"2","7V":"2","4Q":"2","26":"2","9G":"2","HM":"2","G8":"2","97":"2","VV":"2","3X":"2","75":"2","6W":"2","2F":"2","3H":"2","9X":"2","3Q":"2","65":"2","67":"2","37":"2","64":"2","CG":"2","4X":"2","2M":"2","54":"2","3M":"2","9W":"2","HP":"2","38":"2","MC":"2","9J":"2","9P":"2"},"JG":{"VW":"2","WW":"2","VX":"2","2G":"2","RX":"2","2W":"2","QX":"2","WX":"2","PX":"2","6P":"2","XX":"2","5M":"2","5P":"2","6Q":"2","6M":"2","5J":"2","XW":"2"},"GF":{"XX":"2","XW":"2","RW":"2","MX":"2","RX":"2","WW":"2","PV":"2","WX":"2","VX":"2","QX":"2"},"GH":{"X5":"2","X4":"2","Q3":"2","X3":"2","J2":"2","X2":"2","P3":"2","R8":"2","M3":"2","Q4":"2","R7":"2","V2":"2","W3":"2","W2":"2","M2":"2","P2":"2","W4":"2","R4":"2","H2":"2","V8":"2","Q2":"2"},"F9":{"RM":"2","WG":"2","PJ":"2","VG":"2","RH":"2","VF":"2","RJ":"2","VJ":"2","VH":"2","QH":"2"},"JQ":{"P5":"2","Q6":"2","R5":"2","Q4":"2","P3":"2","J4":"2","M4":"2","Q5":"2","Q3":"2"},"PH":{"PX":"2"},"JP":{"PH":"2","PM":"2"},"74":{"7F":"2","FF":"2"},"MG":{"MR":"2","X8":"2","CX":"2","MX":"2","6X":"2","3J":"2","MW":"2","PV":"2","R9":"2","MV":"2","XH":"2","PW":"2","PR":"2","QX":"2"},"PW":{"F2":"2"},"PJ":{"R3":"2","F9":"2","Q4":"2","2P":"2","V3":"2","G9":"2","R4":"2"},"JJ":{"MC":"2","PF":"2","MF":"2","X2":"2","VX":"2","MJ":"2","JM":"2","JF":"2","V2":"2","J9":"2","QF":"2","JC":"2","HC":"2"},"HH":{"X9":"2","Q7":"2","V2":"2","22":"2","V9":"2","23":"2","W2":"2","W9":"2","32":"2","Q5":"2","V7":"2","R3":"2","Q3":"2","42":"2","R6":"2","J4":"2","WC":"2","24":"2","33":"2","W5":"2","R7":"2","Q4":"2"},"HF":{"2X":"2"},"F8":{"P5":"2","J3":"2","M2":"2","J6":"2"},"MJ":{"24":"2","4M":"2","54":"2","6C":"2","44":"2","2Q":"2","76":"2","65":"2","27":"2","M2":"2","28":"2","37":"2"},"GG":{"P3":"2","X9":"2","FR":"2","VW":"2","WW":"2","RF":"2","V8":"2","QQ":"2","W4":"2","WV":"2","GR":"2","V3":"2","VX":"2","RX":"2","W7":"2","QV":"2","P5":"2","XV":"2","Q2":"2","X2":"2","V4":"2","V2":"2","VP":"2","W6":"2","P4":"2","V9":"2","QX":"2","W2":"2","X6":"2","RW":"2","VH":"2","FV":"2","WX":"2","J3":"2","W3":"2","PX":"2","Q5":"2","PW":"2","X3":"2","2Q":"2","R3":"2","Q3":"2","P7":"2","XX":"2","CV":"2","FQ":"2","J6":"2","R6":"2","RH":"2","VQ":"2","R8":"2","W8":"2","MX":"2","RQ":"2","HV":"2","QH":"2","R4":"2","P6":"2","X4":"2","VF":"2","HX":"2","QW":"2","W5":"2","GV":"2","R7":"2","WF":"2","M8":"2","V6":"2","WJ":"2","R5":"2","HW":"2","XW":"2","WG":"2","Q6":"2","R2":"2"},"QP":{"4G":"2"},"MR":{"WQ":"2"},"PR":{"3Q":"2","4H":"2","2Q":"2","5Q":"2","2M":"2","4Q":"2","5J":"2"},"RG":{"JM":"2","PM":"2"},"F7":{"MX":"2","MV":"2"},"MQ":{"M3":"2"},"MH":{"F7":"2","5C":"2","38":"2","4G":"2","5F":"2","4F":"2","6F":"2","F5":"2","F4":"2","9W":"2","F6":"2","8W":"2","QW":"2","C5":"2","F3":"2","37":"2","J7":"2"},"FX":{"M3":"2"},"JH":{"7Q":"2","PV":"2","XR":"2","RX":"2","RG":"2","6Q":"2","CP":"2","HH":"2","WJ":"2","PF":"2","CQ":"2","MV":"2","J4":"2","VG":"2","6F":"2","PX":"2","6M":"2","5P":"2","H3":"2","GH":"2","JV":"2","H4":"2","R9":"2","PW":"2","JH":"2","7R":"2","MX":"2","PP":"2","4J":"2","QV":"2","PR":"2","8Q":"2","XJ":"2","8R":"2","WV":"2","P2":"2","4H":"2","9Q":"2","5F":"2","7V":"2","XM":"2","HV":"2","2J":"2","JJ":"2","QF":"2","RC":"2","FQ":"2","5Q":"2","W2":"2","QP":"2","QC":"2","J3":"2","96":"2","VH":"2","JW":"2","HW":"2","VX":"2","RV":"2","GG":"2","Q2":"2","Q9":"2","HJ":"2","H2":"2","VW":"2","VQ":"2","H5":"2","9P":"2","FP":"2","R2":"2"},"JM":{"M7":"2","MC":"2","88":"2","M8":"2","P3":"2","JF":"2","HF":"2","Q7":"2","JC":"2"},"PG":{"5M":"2","28":"2","26":"2"},"MM":{"C2":"2","C3":"2"}},"9M":{"P2":{"GJ":"2","JM":"2"}},"Q2":{"7R":{"MX":"2","HX":"2","JX":"2"},"7V":{"M2":"2"}},"9R":{"FP":{"WW":"2","XW":"2"}},"92":{"32":{"J2":"2","J3":"2","H3":"2","H2":"2"},"22":{"M5":"2","J3":"2","J2":"2","2F":"2","H2":"2","3H":"2","M3":"2"},"3W":{"RX":"2","RW":"2"},"88":{"33":"2","32":"2","MR":"2","22":"2","36":"2","28":"2"},"87":{"2W":"2","2X":"2","3X":"2","4X":"2","3W":"2"},"77":{"W7":"2"}},"CF":{"35":{"5P":"2"},"8G":{"8J":"2","98":"2","99":"2"},"Q8":{"W2":"2"}},"2V":{"R5":{"CF":"2"},"X8":{"H6":"2","F7":"2","M5":"2","Q4":"2","P4":"2","F6":"2","96":"2","C6":"2","P6":"2","97":"2","G6":"2"},"W3":{"W4":"2"},"X7":{"QW":"2","PX":"2"}},"8G":{"68":{"MH":"2","FQ":"2","6J":"2","8G":"2","6C":"2","GP":"2","8F":"2","FG":"2"},"6C":{"GH":"2","CJ":"2","MM":"2","GJ":"2","FJ":"2","FH":"2"},"C8":{"7V":"2"},"X9":{"95":"2"},"84":{"47":"2"},"58":{"7C":"2","6C":"2","7F":"2","MP":"2","29":"2","8F":"2","8C":"2"}},"8V":{"C9":{"9V":"2"},"WX":{"WP":"2"},"83":{"82":"2","85":"2","84":"2"},"GC":{"2P":"2"},"FC":{"XP":"2"},"VJ":{"RR":"2","QV":"2","RV":"2"}},"98":{"V9":{"68":"2","57":"2","67":"2"}},"5R":{"6C":{"6H":"2"},"7X":{"26":"2"},"6X":{"GV":"2","C9":"2","GW":"2","63":"2","64":"2","F8":"2","HV":"2","WJ":"2","MM":"2","C8":"2","53":"2"}},"MC":{"R5":{"X8":"2","W8":"2","X7":"2","V7":"2","V8":"2","X9":"2","W7":"2","W9":"2"},"V5":{"RR":"2","QX":"2","RW":"2","PX":"2"}},"86":{"HJ":{"7V":"2"},"3C":{"39":"2"}},"M9":{"5M":{"CC":"2","99":"2"}},"7G":{"GV":{"XM":"2"},"Q3":{"23":"2"},"P3":{"X7":"2"},"HV":{"3P":"2","4M":"2","4P":"2","2M":"2","3M":"2"},"P2":{"RX":"2","RW":"2"}},"V3":{"G6":{"FF":"2"},"7G":{"8C":"2","79":"2","MF":"2","R9":"2","59":"2","78":"2","75":"2","69":"2","49":"2"},"9C":{"R3":"2","W2":"2"},"J2":{"WV":"2","WX":"2"},"4G":{"FF":"2","6C":"2","CF":"2","CC":"2","JF":"2","HF":"2","MF":"2"},"J3":{"X3":"2"},"6F":{"Q5":"2"},"6G":{"97":"2","X8":"2"}},"Q7":{"JH":{"9W":"2","8W":"2"},"5M":{"35":"2","44":"2"},"3W":{"36":"2"},"GX":{"3C":"2","2C":"2","4G":"2","3F":"2","29":"2"},"FX":{"W8":"2","R8":"2","PM":"2","X9":"2","99":"2","P7":"2","JM":"2","XF":"2","V7":"2","4C":"2","5C":"2","24":"2","VC":"2","X8":"2","C9":"2","W9":"2","R9":"2","MP":"2","84":"2","PJ":"2","JP":"2","PP":"2","25":"2","V9":"2","XC":"2","HM":"2","PQ":"2","G8":"2","VM":"2","C3":"2","QP":"2","JQ":"2","VJ":"2","C8":"2","Q8":"2","P8":"2","HP":"2","WC":"2"}},"6H":{"9V":{"2H":"2"},"F7":{"C7":"2"},"C7":{"XC":"2","WC":"2"},"8V":{"WG":"2","XC":"2","XF":"2"}}},"index":{"university,1|retail,2|tourism,3|wreck,4|historical,5|artsCulture,6|namedBuilding,7|water,8|wetland,9|park,10|beach,11|natureReserve,12|cemetery,13|trail,14":{}}}