{"index":{"university,1|retail,2|tourism,3|wreck,4|historical,5|artsCulture,6|namedBuilding,7|water,8|wetland,9|park,10|beach,11|natureReserve,12|cemetery,13|trail,14":{}},"69":{"63":{"PV":{"X8":"2","PJ":"2","XF":"2","W8":"2","PF":"2","XC":"2","QJ":"2","V8":"2","X9":"2","WF":"2","VG":"2","VF":"2","QH":"2","PM":"2","XG":"2"},"23":{"WX":"2"},"R8":{"PR":"2"},"VR":{"2W":"2","2V":"2","3X":"2"},"M3":{"VJ":"2","WH":"2","VH":"2"},"49":{"5H":"2","7H":"2","6H":"2","4G":"2","CM":"2","6G":"2","5G":"2"},"7F":{"2J":"2","3J":"2"},"6M":{"2Q":"2","98":"2","2R":"2","F3":"2"},"5P":{"R2":"2"},"XX":{"42":"2","53":"2"},"RW":{"X2":"2","R6":"2","Q2":"2","W5":"2","V5":"2","W4":"2","W6":"2","V6":"2","X4":"2","V2":"2","W2":"2","V4":"2","R2":"2","X5":"2","P3":"2","W3":"2","MF":"2","X3":"2","M4":"2","JC":"2","H9":"2"},"HQ":{"2F":"2"},"35":{"2F":"2"},"GH":{"MV":"2"},"WW":{"RG":"2","VQ":"2","HJ":"2","HM":"2","VH":"2","JM":"2","MQ":"2","MP":"2","QM":"2","PP":"2","3F":"2","MJ":"2","WF":"2","2F":"2","JP":"2","PM":"2","PQ":"2","8G":"2","QP":"2","MM":"2"},"7R":{"GV":"2"},"PP":{"JH":"2","GF":"2","HF":"2","JJ":"2","GG":"2","HG":"2","FH":"2"},"QV":{"66":"2","4G":"2","28":"2","6C":"2","88":"2","79":"2","5F":"2","83":"2","67":"2","39":"2","29":"2","3F":"2","2C":"2","98":"2","57":"2","2G":"2","5G":"2","6F":"2","69":"2","48":"2","2F":"2","5C":"2","78":"2","4C":"2","3C":"2","C8":"2","XG":"2","49":"2","59":"2","37":"2"},"5M":{"QV":"2","JV":"2","VQ":"2","XQ":"2","RW":"2","RV":"2","RX":"2","QW":"2","VP":"2","PV":"2","MW":"2","WM":"2","MV":"2","WP":"2","RR":"2","HV":"2","PW":"2","PX":"2","WQ":"2","QX":"2"},"83":{"GR":"2"},"8R":{"32":"2"},"39":{"WG":"2"},"QR":{"8V":"2","94":"2","9W":"2","8W":"2"},"VV":{"24":"2","23":"2","33":"2","6W":"2","Q7":"2","2X":"2","22":"2","3X":"2","4X":"2","27":"2","25":"2","28":"2","26":"2","5W":"2"},"72":{"42":"2"},"QP":{"4X":"2","3V":"2"},"96":{"PP":"2","WR":"2","QP":"2","PQ":"2","VQ":"2"},"VJ":{"RG":"2","WG":"2","V9":"2","VG":"2","RH":"2","VH":"2"},"RV":{"X9":"2","VW":"2","4J":"2","WW":"2","3H":"2","WV":"2","X5":"2","VX":"2","2G":"2","RX":"2","QV":"2","X8":"2","2H":"2","VP":"2","RR":"2","X6":"2","RW":"2","X7":"2","WX":"2","XX":"2","CH":"2","VQ":"2","RV":"2","5F":"2","3G":"2","QW":"2","QR":"2","XW":"2","VV":"2"},"GG":{"QV":"2","VM":"2","WJ":"2","RP":"2","RQ":"2","PP":"2","QQ":"2","VP":"2","PV":"2","WM":"2","RR":"2","XP":"2","WQ":"2"},"JX":{"5P":"2","5M":"2","6M":"2","6P":"2"},"8G":{"97":"2"},"VW":{"63":"2","22":"2","35":"2","66":"2","C4":"2","42":"2","58":"2","F3":"2","54":"2","83":"2","45":"2","C3":"2","98":"2","57":"2","55":"2","24":"2","23":"2","33":"2","C7":"2","93":"2","48":"2","53":"2","43":"2","87":"2","74":"2","65":"2","F5":"2","56":"2","C5":"2","34":"2","46":"2","44":"2","52":"2","32":"2","64":"2","25":"2","36":"2","49":"2","59":"2"},"FP":{"JH":"2","XQ":"2","HJ":"2","JG":"2","JM":"2","MQ":"2","HH":"2","GH":"2","MJ":"2","JJ":"2","PM":"2","HG":"2"},"RR":{"XV":"2"}},"22":{"79":{"6C":"2"},"2R":{"HP":"2","JP":"2"},"5G":{"57":"2","67":"2","6C":"2","6F":"2","59":"2","69":"2","49":"2","48":"2"}},"35":{"4P":{"56":"2"},"XX":{"W5":"2","V2":"2","W2":"2"},"XW":{"RX":"2","QW":"2","VM":"2","VJ":"2","V8":"2"},"GW":{"6Q":"2","5Q":"2"},"4G":{"FQ":"2","66":"2","C4":"2","P8":"2","88":"2","7F":"2","Q9":"2","54":"2","8J":"2","85":"2","8F":"2","7J":"2","Q8":"2","53":"2","43":"2","78":"2","65":"2","8C":"2","FP":"2","GQ":"2"},"QG":{"QP":"2"},"28":{"G6":"2","F6":"2"},"G3":{"35":"2","24":"2"},"J8":{"M6":"2","R3":"2","V4":"2","Q7":"2","V3":"2","R7":"2"},"4J":{"HH":"2"},"MX":{"WW":"2"},"MQ":{"CG":"2"},"F3":{"X3":"2"},"3G":{"W7":"2","R8":"2","R6":"2","R9":"2","Q6":"2","V8":"2"},"FH":{"C6":"2"},"4F":{"QQ":"2"},"4R":{"93":"2","94":"2","95":"2"},"RR":{"G4":"2"},"R7":{"7W":"2"},"J7":{"QX":"2"},"8M":{"PJ":"2","R8":"2","MJ":"2","MG":"2","VG":"2","QH":"2","PH":"2","MH":"2"},"JC":{"PR":"2","PP":"2","QM":"2","QP":"2","QQ":"2"},"GQ":{"68":"2","67":"2","58":"2"},"MH":{"4H":"2","8J":"2"},"G6":{"MF":"2","MG":"2","JF":"2"},"37":{"JQ":"2","MR":"2","JR":"2"}},"66":{"4J":{"WR":"2","PW":"2","JF":"2","VW":"2","QW":"2","JG":"2","RW":"2","PX":"2"},"4P":{"RR":"2","WX":"2","RX":"2","VX":"2","VR":"2","QV":"2","VQ":"2","CX":"2","QW":"2","7X":"2","RW":"2","6X":"2","8X":"2"},"7M":{"WX":"2","XX":"2","39":"2"},"F5":{"6J":"2"},"8H":{"WJ":"2","XG":"2","XF":"2"},"7Q":{"75":"2","54":"2","3F":"2","26":"2","2F":"2","3M":"2","76":"2","74":"2","93":"2","2C":"2","29":"2","86":"2","4G":"2","4F":"2","4H":"2","3G":"2","92":"2","3Q":"2","F7":"2"},"3F":{"F6":"2"},"5C":{"GX":"2"},"V9":{"FF":"2","H7":"2","GC":"2","FG":"2","GG":"2","G7":"2","G8":"2","GF":"2","C8":"2","G9":"2"},"23":{"XF":"2","JF":"2"},"2C":{"76":"2","78":"2","77":"2"},"8Q":{"GJ":"2"},"2P":{"7M":"2","7P":"2","2Q":"2","6M":"2","H9":"2"},"6R":{"63":"2","F4":"2","C4":"2","72":"2","62":"2","42":"2","G3":"2","92":"2","83":"2","85":"2","94":"2","H3":"2","53":"2","84":"2","52":"2","32":"2","G4":"2","73":"2"},"8G":{"WR":"2"},"VC":{"7J":"2"},"R3":{"P6":"2","G7":"2","P7":"2","H7":"2"},"4Q":{"7Q":"2","7C":"2","PV":"2","XR":"2","R8":"2","5V":"2","FW":"2","62":"2","52":"2","6X":"2","PM":"2","RX":"2","MH":"2","8X":"2","48":"2","GP":"2","6Q":"2","XW":"2","WX":"2","JM":"2","V2":"2","MG":"2","6R":"2","V7":"2","PC":"2","VP":"2","MJ":"2","HH":"2","MR":"2","WR":"2","JG":"2","CQ":"2","MF":"2","MV":"2","86":"2","9C":"2","9V":"2","PX":"2","HF":"2","4W":"2","XX":"2","RW":"2","CH":"2","HQ":"2","FR":"2","GH":"2","R4":"2","FG":"2","WW":"2","8W":"2","7P":"2","PW":"2","7X":"2","79":"2","MP":"2","JH":"2","XV":"2","7R":"2","PJ":"2","PP":"2","9M":"2","GJ":"2","8C":"2","JC":"2","QJ":"2","CX":"2","MW":"2","CJ":"2","QV":"2","PR":"2","XQ":"2","8Q":"2","8R":"2","HR":"2","WV":"2","FJ":"2","FH":"2","8F":"2","GW":"2","PQ":"2","HM":"2","MQ":"2","GR":"2","JJ":"2","QR":"2","VV":"2","3X":"2","72":"2","8P":"2","CR":"2","WQ":"2","QQ":"2","GM":"2","WP":"2","QP":"2","QH":"2","GQ":"2","HW":"2","RP":"2","JQ":"2","VX":"2","HG":"2","RV":"2","GG":"2","82":"2","RM":"2","P8":"2","Q8":"2","HJ":"2","RQ":"2","MM":"2","9W":"2","VQ":"2","MC":"2","V6":"2","9P":"2","92":"2","RR":"2"},"2R":{"WV":"2","XQ":"2"},"46":{"4P":"2"},"6P":{"R8":"2","FW":"2","GV":"2","GP":"2","R6":"2","P7":"2","JM":"2","HH":"2","CW":"2","M5":"2","JG":"2","V8":"2","PX":"2","QW":"2","Q6":"2","HQ":"2","FR":"2","GH":"2","FV":"2","JV":"2","PW":"2","JH":"2","P6":"2","R7":"2","GJ":"2","CX":"2","MW":"2","Q4":"2","P9":"2","FH":"2","GW":"2","HM":"2","Q7":"2","HV":"2","GR":"2","JJ":"2","M4":"2","FX":"2","Q5":"2","QX":"2","R5":"2","FQ":"2","GM":"2","JW":"2","GQ":"2","RP":"2","HW":"2","GG":"2","HJ":"2","P5":"2","P4":"2","HP":"2","MC":"2","FP":"2"},"7P":{"W5":"2","V3":"2","2V":"2","W3":"2","V2":"2","3V":"2","W4":"2"},"5Q":{"MQ":"2","V8":"2","3Q":"2","HW":"2","XQ":"2","WW":"2","3R":"2","VR":"2","QC":"2","GC":"2","FC":"2","G8":"2","HQ":"2","6R":"2","WM":"2","2R":"2","RG":"2","M2":"2","PC":"2","VC":"2","PV":"2","JX":"2","JP":"2","5W":"2","VJ":"2","7J":"2","7P":"2","FH":"2","6J":"2","FJ":"2","WG":"2","7M":"2","VF":"2","RQ":"2","GR":"2","4P":"2","H9":"2","JV":"2","QW":"2","HG":"2","9V":"2","PF":"2","XJ":"2","PP":"2","8J":"2","VM":"2","3X":"2","WQ":"2","GF":"2","RF":"2","GJ":"2","QP":"2","XG":"2","3V":"2","6V":"2","4R":"2","4J":"2","WX":"2","RR":"2","5H":"2","CC":"2","C8":"2","J7":"2","CQ":"2","FX":"2","6P":"2","FV":"2","VX":"2","2P":"2","CX":"2","2X":"2","M8":"2","F9":"2","9Q":"2","RP":"2","8M":"2","XV":"2","5P":"2","GV":"2","HV":"2","HP":"2","4W":"2","JC":"2","HX":"2","MV":"2","CW":"2","PR":"2","GW":"2","GM":"2","MW":"2","QV":"2","WC":"2","MX":"2","GG":"2","XM":"2","V4":"2","JW":"2","JR":"2","6X":"2","5V":"2","FR":"2","35":"2","HM":"2","99":"2","CG":"2","4Q":"2","X8":"2","C9":"2","WF":"2","WV":"2","7H":"2","VP":"2","8P":"2","HF":"2","2W":"2","RJ":"2","WP":"2","WR":"2","2Q":"2","4V":"2","6Q":"2","JG":"2","RM":"2","QF":"2","5Q":"2","MP":"2","26":"2","GP":"2","PQ":"2","J6":"2","WJ":"2","HR":"2","HC":"2","6W":"2","M7":"2","H7":"2","9M":"2","VQ":"2","QM":"2","X9":"2","9R":"2","VV":"2","2V":"2","8G":"2","FM":"2","3P":"2","98":"2","5R":"2","F6":"2","QR":"2","RC":"2","PM":"2","XP":"2","QG":"2","QQ":"2","MR":"2","XW":"2","GQ":"2","GX":"2","7G":"2","JQ":"2","6H":"2"},"3R":{"6J":"2","3P":"2","2R":"2","5J":"2","2P":"2"},"5M":{"HM":"2","JM":"2"},"5R":{"M2":"2","X8":"2","22":"2","62":"2","G2":"2","42":"2","J2":"2","33":"2","53":"2","43":"2","52":"2","32":"2","Q3":"2"},"36":{"PV":"2"},"8P":{"5H":"2","7G":"2","8G":"2","7C":"2","CG":"2","FG":"2"},"5P":{"MX":"2","GX":"2","JX":"2","42":"2","FV":"2","CV":"2"},"6Q":{"X9":"2","8X":"2","4W":"2","4J":"2","WW":"2","4P":"2","C2":"2","V3":"2","W7":"2","7V":"2","X8":"2","Q2":"2","V4":"2","V2":"2","2H":"2","FW":"2","W6":"2","7R":"2","2W":"2","7W":"2","X6":"2","5X":"2","X7":"2","2P":"2","6R":"2","2M":"2","2Q":"2","27":"2","R3":"2","8W":"2","4X":"2","Q3":"2","2J":"2","XX":"2","V5":"2","5Q":"2","6W":"2","6X":"2","5R":"2","8V":"2","3J":"2","5W":"2","F2":"2","6Q":"2","6V":"2","R4":"2","4M":"2","3Q":"2","3P":"2","CW":"2","9V":"2","2V":"2","V6":"2","XW":"2","2X":"2","7X":"2","R2":"2"},"QG":{"XR":"2"},"3Q":{"HM":"2","GW":"2","MF":"2","MG":"2","MR":"2","JM":"2","JG":"2"},"3P":{"PQ":"2","6C":"2","RF":"2","G9":"2","7M":"2","39":"2","PP":"2","W7":"2","M9":"2","7J":"2","JQ":"2","25":"2","CM":"2","HJ":"2","5C":"2","JP":"2","3C":"2","J9":"2","MC":"2","JJ":"2","HF":"2","86":"2","FH":"2","87":"2","XR":"2","WR":"2","4C":"2","MP":"2","CC":"2","XQ":"2","99":"2","HC":"2","6J":"2","6M":"2","PC":"2","MQ":"2","CF":"2","JC":"2"},"RG":{"R3":"2"},"9H":{"6C":"2","4J":"2","3H":"2","6G":"2","2G":"2","5H":"2","7J":"2","8H":"2","3F":"2","2F":"2","2H":"2","8J":"2","5G":"2","8F":"2","7G":"2","2J":"2","4G":"2","7H":"2","4F":"2","3J":"2","4C":"2","4H":"2","5F":"2","58":"2","3G":"2","6H":"2","7F":"2"},"6M":{"57":"2","WP":"2","XP":"2","WQ":"2","XQ":"2","58":"2"},"MH":{"H4":"2"},"2V":{"FF":"2","H7":"2","GC":"2","7F":"2","FG":"2","J9":"2","G8":"2","CG":"2","GF":"2","G9":"2"},"49":{"37":"2"},"CP":{"6F":"2"},"4R":{"G8":"2","G7":"2","M7":"2","73":"2","62":"2","G9":"2","V3":"2","J8":"2","M9":"2","P5":"2","52":"2","5H":"2","7J":"2","8H":"2","V2":"2","63":"2","W2":"2","8F":"2","H9":"2","32":"2","8G":"2","R3":"2","P7":"2","Q3":"2","J2":"2","42":"2","J6":"2","7H":"2","CC":"2","99":"2","4H":"2","33":"2","R4":"2","H2":"2","89":"2","P6":"2","FF":"2","9H":"2","6J":"2","6M":"2","Q4":"2","M8":"2","9C":"2","5J":"2","8C":"2","9F":"2","FC":"2","69":"2","72":"2","GC":"2","R2":"2","82":"2"}},"72":{"XW":{"H7":"2"},"QR":{"93":"2"},"JM":{"VP":"2","WQ":"2","RP":"2"},"98":{"2F":"2"},"4W":{"QW":"2"},"WW":{"4R":"2","5R":"2","2V":"2","3W":"2","2R":"2","4V":"2"},"5V":{"45":"2"},"2X":{"MR":"2","M7":"2","JQ":"2","JG":"2","HM":"2","JR":"2","CM":"2","JM":"2","CJ":"2","HH":"2","9M":"2","FM":"2","Q8":"2","R9":"2","JP":"2","87":"2","QF":"2","Q7":"2","GM":"2","49":"2"},"3X":{"GP":"2"},"WX":{"32":"2","22":"2"},"2R":{"7H":"2","7F":"2"},"WQ":{"35":"2","36":"2"},"MM":{"4P":"2"}},"62":{"XX":{"6R":"2","32":"2"},"VR":{"3C":"2"},"V7":{"G9":"2"},"F9":{"HH":"2","FW":"2"},"RP":{"55":"2","24":"2","47":"2","22":"2"},"79":{"3C":"2","4F":"2","4C":"2"},"RQ":{"J8":"2"},"CJ":{"6G":"2"},"G7":{"WJ":"2","VR":"2","WQ":"2","WM":"2"},"69":{"VC":"2","XC":"2"},"FC":{"F2":"2"},"QP":{"X4":"2","V4":"2"},"7X":{"8V":"2","8W":"2"},"RM":{"3X":"2","4X":"2"}},"42":{"9X":{"Q9":"2"},"QJ":{"98":"2","88":"2","52":"2","F3":"2","99":"2","53":"2"},"RM":{"4M":"2","4P":"2","9Q":"2"},"8X":{"7V":"2","5X":"2"},"PM":{"RG":"2","WW":"2","WX":"2","VX":"2","VW":"2","WM":"2"},"GW":{"43":"2"},"PP":{"V3":"2","V2":"2"},"W7":{"4C":"2"},"QV":{"24":"2","23":"2","25":"2"},"XP":{"29":"2"},"7Q":{"M6":"2","H7":"2"},"63":{"97":"2","CF":"2","C8":"2","C5":"2","59":"2","87":"2"},"W6":{"72":"2"},"5V":{"J2":"2","M2":"2"},"X7":{"X5":"2"},"FV":{"8P":"2","8J":"2","8M":"2","9Q":"2"},"79":{"PM":"2"},"85":{"9X":"2","7W":"2","CX":"2","8W":"2","8X":"2"},"RH":{"68":"2","67":"2"},"J4":{"W6":"2"},"W8":{"5C":"2","4C":"2","59":"2"},"8P":{"7R":"2"},"5W":{"CG":"2"},"MX":{"J2":"2","46":"2"},"MP":{"J2":"2","XC":"2","V3":"2","Q2":"2"},"QP":{"62":"2","C2":"2","Q9":"2","J9":"2","J3":"2","C3":"2","5M":"2","MH":"2","P9":"2"},"QH":{"FR":"2","8P":"2","9V":"2","FP":"2","6M":"2","9Q":"2","6G":"2","CV":"2"},"JX":{"R3":"2","P2":"2"},"QM":{"FF":"2","JQ":"2","99":"2","VR":"2","F7":"2","4G":"2","9G":"2","HJ":"2","RJ":"2","VM":"2","CQ":"2","4V":"2","JG":"2","VJ":"2","WJ":"2","JR":"2","F9":"2","CM":"2","C9":"2","88":"2","C2":"2","MP":"2","RP":"2","QC":"2","F3":"2","F2":"2","3G":"2","FH":"2","FG":"2","9C":"2","3V":"2","GG":"2","CF":"2","GH":"2","F6":"2","CC":"2","C3":"2","4W":"2","4H":"2","9F":"2","8F":"2","C7":"2","XM":"2","HF":"2","F8":"2","WM":"2","WP":"2","RR":"2","GF":"2","CG":"2","C6":"2","F5":"2","8C":"2","3P":"2","FC":"2","CW":"2","C8":"2","8G":"2","WQ":"2","XJ":"2","6H":"2","RM":"2","WR":"2"},"R7":{"77":"2"},"F7":{"PG":"2","QH":"2"},"9P":{"7M":"2"},"9C":{"9X":"2","CX":"2"},"V6":{"8G":"2","X8":"2","8H":"2"},"JM":{"F2":"2","C2":"2"},"MM":{"QW":"2","RW":"2"},"CP":{"8C":"2","89":"2","7F":"2","2P":"2"}},"89":{"5H":{"3Q":"2","2W":"2","2Q":"2","2G":"2","5Q":"2","3V":"2","4Q":"2","8X":"2"},"5J":{"82":"2"}},"92":{"33":{"HM":"2","HP":"2","JC":"2"},"28":{"2C":"2"}},"54":{"M7":{"CH":"2","23":"2","42":"2","53":"2"},"J5":{"FC":"2"},"RF":{"67":"2","77":"2"},"GH":{"33":"2","32":"2","22":"2","42":"2","52":"2"},"MF":{"4X":"2"},"3H":{"G8":"2"},"GW":{"P3":"2","G9":"2","J8":"2","Q2":"2","CM":"2","P4":"2","H8":"2","H9":"2","H3":"2","R3":"2","Q3":"2","J6":"2","R6":"2","R4":"2","CJ":"2","H7":"2","Q4":"2","J7":"2","V6":"2","R2":"2"},"39":{"QV":"2","MX":"2","PC":"2","RX":"2","WW":"2","QW":"2","MW":"2","PX":"2","QX":"2"},"3F":{"WQ":"2","RF":"2","V8":"2","VJ":"2","XV":"2","WM":"2","VM":"2","RR":"2","VH":"2","VC":"2","RH":"2","WC":"2","VG":"2","WH":"2","JV":"2","WP":"2","VF":"2","WF":"2","WJ":"2","WG":"2"},"7Q":{"JX":"2"},"59":{"QP":"2","VR":"2","VQ":"2"},"8J":{"Q3":"2","P3":"2","M3":"2","M2":"2"},"V9":{"G4":"2","X6":"2","R7":"2","X7":"2"},"MG":{"22":"2"},"3C":{"R2":"2","W8":"2","X8":"2","V4":"2","V2":"2","X7":"2","Q2":"2"},"XH":{"HV":"2","MR":"2"},"H3":{"3C":"2","3F":"2"},"65":{"GW":"2","HW":"2","HX":"2"},"J6":{"XX":"2"},"FH":{"V3":"2","V2":"2"},"C3":{"5M":"2","6P":"2"},"5M":{"3F":"2"},"7H":{"9H":"2"},"GG":{"3X":"2","4V":"2"},"4F":{"F8":"2"},"3W":{"C2":"2","F3":"2"},"3V":{"CX":"2"},"3J":{"24":"2","23":"2","25":"2"},"4C":{"24":"2","78":"2"},"4H":{"XV":"2"},"3G":{"Q3":"2"},"M6":{"2X":"2","5X":"2"},"Q4":{"J4":"2"},"F7":{"5Q":"2"},"WF":{"8P":"2","CP":"2"},"J7":{"X3":"2","X2":"2","W2":"2"},"7C":{"6J":"2","6M":"2","2M":"2","8M":"2"},"8C":{"HJ":"2"},"69":{"2X":"2"},"R5":{"Q4":"2"},"HW":{"35":"2","5C":"2","45":"2","59":"2"},"66":{"J4":"2","M3":"2","J3":"2","Q9":"2","F4":"2","Q6":"2","H3":"2","G2":"2"}},"83":{"7C":{"MQ":"2","3Q":"2","83":"2","Q5":"2","66":"2","HW":"2","79":"2","8R":"2","65":"2","3F":"2","M5":"2","5F":"2","7X":"2","6R":"2","2R":"2","97":"2","3W":"2","5X":"2","27":"2","JX":"2","9H":"2","5W":"2","7J":"2","7P":"2","PH":"2","6J":"2","FJ":"2","7M":"2","JV":"2","HG":"2","PF":"2","PP":"2","JH":"2","QH":"2","FP":"2","4C":"2","QP":"2","3V":"2","74":"2","6V":"2","4R":"2","78":"2","C8":"2","FV":"2","28":"2","R6":"2","FW":"2","2X":"2","RV":"2","F9":"2","RH":"2","R3":"2","8M":"2","5G":"2","HP":"2","68":"2","F8":"2","HX":"2","MV":"2","64":"2","3G":"2","GM":"2","M3":"2","C6":"2","V4":"2","JW":"2","6X":"2","5V":"2","G6":"2","HM":"2","94":"2","M4":"2","9J":"2","4Q":"2","C9":"2","WF":"2","P6":"2","R9":"2","55":"2","7H":"2","95":"2","8P":"2","75":"2","JF":"2","7Q":"2","2W":"2","9F":"2","67":"2","J4":"2","G3":"2","V5":"2","2Q":"2","H3":"2","6Q":"2","JG":"2","C7":"2","RM":"2","4F":"2","Q6":"2","J2":"2","QF":"2","3H":"2","5Q":"2","MP":"2","9P":"2","PQ":"2","7R":"2","6W":"2","8X":"2","8H":"2","9R":"2","CF":"2","F7":"2","2V":"2","FM":"2","8V":"2","5R":"2","F6":"2","R5":"2","PG":"2","J3":"2","PM":"2","QG":"2","MR":"2","GX":"2","7G":"2","6H":"2"},"95":{"5P":"2","4M":"2","5Q":"2","6P":"2","5J":"2"},"2G":{"W7":"2","RH":"2","RJ":"2"},"6C":{"MQ":"2","66":"2","9X":"2","HW":"2","8W":"2","79":"2","CP":"2","RX":"2","HJ":"2","WW":"2","PX":"2","HQ":"2","7X":"2","WM":"2","C2":"2","FF":"2","RG":"2","97":"2","5X":"2","52":"2","PC":"2","PV":"2","JX":"2","89":"2","9G":"2","JP":"2","9H":"2","VJ":"2","7J":"2","5J":"2","7P":"2","XR":"2","FJ":"2","23":"2","7M":"2","44":"2","88":"2","42":"2","46":"2","VF":"2","GR":"2","JV":"2","QW":"2","Q9":"2","PF":"2","PP":"2","VM":"2","JH":"2","3X":"2","43":"2","FP":"2","RF":"2","4C":"2","GJ":"2","QP":"2","4J":"2","WX":"2","78":"2","CC":"2","CQ":"2","FX":"2","FV":"2","VX":"2","28":"2","2P":"2","FW":"2","CX":"2","93":"2","2X":"2","RV":"2","M8":"2","XX":"2","RH":"2","45":"2","9W":"2","8C":"2","8M":"2","XV":"2","HV":"2","FQ":"2","VW":"2","HP":"2","JC":"2","77":"2","HX":"2","RW":"2","VG":"2","MV":"2","HH":"2","Q8":"2","J8":"2","PR":"2","GW":"2","CM":"2","VH":"2","GM":"2","MW":"2","QV":"2","MX":"2","XM":"2","W3":"2","JW":"2","JR":"2","6X":"2","FR":"2","54":"2","62":"2","G6":"2","2J":"2","96":"2","99":"2","PJ":"2","MF":"2","CG":"2","3J":"2","PW":"2","X8":"2","MG":"2","WV":"2","G4":"2","2C":"2","95":"2","8P":"2","32":"2","3M":"2","9F":"2","QX":"2","67":"2","R8":"2","QJ":"2","2F":"2","4X":"2","2H":"2","69":"2","2Q":"2","R7":"2","34":"2","JG":"2","9C":"2","P9":"2","3H":"2","MP":"2","33":"2","GP":"2","37":"2","5M":"2","WJ":"2","53":"2","56":"2","6W":"2","57":"2","CH":"2","9M":"2","X7":"2","QM":"2","MM":"2","8H":"2","X4":"2","9R":"2","VV":"2","CF":"2","F7":"2","W8":"2","3P":"2","98":"2","F6":"2","QR":"2","86":"2","PG":"2","PM":"2","MR":"2","CR":"2","XW":"2","GQ":"2","GX":"2","7G":"2","C3":"2","JQ":"2","V3":"2"},"28":{"W5":"2","W4":"2"},"3J":{"Q7":"2","V6":"2","R6":"2","R7":"2","H8":"2","Q6":"2","V7":"2","H7":"2","W6":"2"},"3G":{"W2":"2"},"F3":{"WJ":"2","VV":"2"},"48":{"HM":"2","58":"2","FH":"2","9C":"2","GH":"2","57":"2","38":"2","8F":"2","48":"2","47":"2","8C":"2","49":"2"},"68":{"XV":"2","HJ":"2","72":"2","HP":"2","FJ":"2","HM":"2","XR":"2","MX":"2","RV":"2","FH":"2","GG":"2","HH":"2","GH":"2","QW":"2","FM":"2","MW":"2","HV":"2","FP":"2","GJ":"2","PX":"2","GM":"2","GP":"2","WR":"2","HG":"2"},"7G":{"7C":"2","95":"2","23":"2","36":"2","58":"2","42":"2","62":"2","52":"2","6C":"2","32":"2","F3":"2","WG":"2","MH":"2","GP":"2","47":"2","68":"2","7G":"2","JF":"2","JM":"2","MG":"2","93":"2","C4":"2","7H":"2","4C":"2","C7":"2","5G":"2","G3":"2","MF":"2","C5":"2","86":"2","24":"2","F9":"2","5J":"2","77":"2","85":"2","73":"2","79":"2","HC":"2","56":"2","MP":"2","84":"2","94":"2","F7":"2","G6":"2","G2":"2","GJ":"2","G7":"2","46":"2","25":"2","87":"2","59":"2","83":"2","4G":"2","33":"2","FJ":"2","57":"2","4F":"2","F6":"2","76":"2","26":"2","63":"2","G8":"2","44":"2","97":"2","F2":"2","C3":"2","75":"2","78":"2","72":"2","9R":"2","PG":"2","5H":"2","96":"2","65":"2","F5":"2","64":"2","CG":"2","82":"2","RM":"2","74":"2","88":"2","69":"2","8J":"2","C2":"2","3C":"2","54":"2","G5":"2","53":"2","CF":"2","F4":"2","43":"2","H9":"2","92":"2"},"4C":{"P5":"2","H4":"2","X7":"2","W6":"2","V7":"2","Q6":"2","X4":"2","F2":"2","X5":"2","J4":"2","X6":"2","VC":"2","Q5":"2","W9":"2"},"5G":{"95":"2","42":"2","G9":"2","6C":"2","PM":"2","32":"2","VR":"2","RG":"2","R6":"2","XF":"2","F8":"2","93":"2","CP":"2","PC":"2","C4":"2","M3":"2","5C":"2","C7":"2","X6":"2","7F":"2","C5":"2","CM":"2","X5":"2","H3":"2","85":"2","R4":"2","Q3":"2","79":"2","84":"2","94":"2","G6":"2","Q4":"2","83":"2","P9":"2","P2":"2","XC":"2","FJ":"2","FH":"2","57":"2","V3":"2","9Q":"2","J2":"2","X7":"2","44":"2","97":"2","2F":"2","78":"2","GC":"2","RC":"2","QC":"2","J3":"2","96":"2","M2":"2","64":"2","FM":"2","Q9":"2","82":"2","RH":"2","54":"2","G5":"2","53":"2","3F":"2","VW":"2","C6":"2","V6":"2","43":"2","92":"2","FP":"2","WC":"2"},"5C":{"7Q":"2","36":"2","FW":"2","52":"2","28":"2","3G":"2","99":"2","WG":"2","GP":"2","RG":"2","6Q":"2","R6":"2","P7":"2","68":"2","JF":"2","WX":"2","JM":"2","6R":"2","V7":"2","4C":"2","VP":"2","MJ":"2","CW":"2","27":"2","MR":"2","X6":"2","WJ":"2","M6":"2","PF":"2","MV":"2","XH":"2","VG":"2","9V":"2","5J":"2","2H":"2","Q6":"2","XX":"2","RW":"2","CH":"2","HQ":"2","77":"2","CV":"2","35":"2","73":"2","R4":"2","FV":"2","R3":"2","WW":"2","8W":"2","VF":"2","JR":"2","Q3":"2","79":"2","56":"2","J6":"2","7R":"2","P6":"2","9M":"2","R7":"2","4J":"2","46":"2","25":"2","7W":"2","PR":"2","XP":"2","8Q":"2","V9":"2","8V":"2","HR":"2","WH":"2","P2":"2","FH":"2","57":"2","M7":"2","4F":"2","4H":"2","9Q":"2","26":"2","HM":"2","Q7":"2","HV":"2","GR":"2","X7":"2","2J":"2","QF":"2","W5":"2","VV":"2","V5":"2","3H":"2","89":"2","78":"2","8P":"2","9R":"2","Q5":"2","R5":"2","CR":"2","5Q":"2","5H":"2","QH":"2","9H":"2","VH":"2","GQ":"2","JQ":"2","37":"2","VX":"2","J5":"2","RV":"2","QG":"2","Q2":"2","FM":"2","P3":"2","69":"2","3F":"2","VW":"2","9W":"2","38":"2","MC":"2","9J":"2","FP":"2","RR":"2"},"49":{"JX":"2","FQ":"2","XQ":"2","R6":"2","9G":"2","V5":"2","HJ":"2","HP":"2","VM":"2","W4":"2","V6":"2","HC":"2","CR":"2","HM":"2","P8":"2","X4":"2","CM":"2","HQ":"2","HW":"2","CH":"2","CJ":"2","FH":"2","FG":"2","HH":"2","GG":"2","CF":"2","6M":"2","PP":"2","GH":"2","QQ":"2","WW":"2","8Q":"2","FM":"2","9F":"2","9H":"2","Q8":"2","WM":"2","HX":"2","JJ":"2","CP":"2","CG":"2","VC":"2","R7":"2","FP":"2","5M":"2","GJ":"2","Q7":"2","JC":"2","GQ":"2","GM":"2","QP":"2","M9":"2"},"3P":{"54":"2","53":"2"},"C5":{"W8":"2","X9":"2","W9":"2"},"7F":{"46":"2","3H":"2","GF":"2","GP":"2","38":"2","H2":"2","FQ":"2","H5":"2","HQ":"2","74":"2","GW":"2","CM":"2","5V":"2","6M":"2","9W":"2","HP":"2","63":"2","9P":"2","93":"2","5W":"2","4V":"2","2J":"2","FP":"2","J4":"2","CX":"2","5Q":"2","F7":"2","5M":"2","C4":"2","C9":"2","GX":"2","9F":"2","4R":"2","52":"2","87":"2","7P":"2","37":"2","48":"2","GR":"2","34":"2","97":"2","7V":"2","5X":"2","45":"2","9X":"2","H7":"2","33":"2","8Q":"2","CR":"2","G9":"2","58":"2","CC":"2","36":"2","GC":"2","88":"2","5R":"2","99":"2","66":"2","6R":"2","FM":"2","7F":"2","5C":"2","9V":"2","2P":"2","FR":"2","HC":"2","7X":"2","C7":"2","2Q":"2","8F":"2","2G":"2","FW":"2","53":"2","GQ":"2","9R":"2","J8":"2","6W":"2","F4":"2","7J":"2","F8":"2","98":"2","2H":"2","78":"2","55":"2","H3":"2","35":"2","2V":"2","2C":"2","2R":"2","JP":"2","GV":"2","73":"2","HR":"2","G8":"2","FF":"2","96":"2","3Q":"2","29":"2","24":"2","3R":"2","FC":"2","3P":"2","6F":"2","56":"2","64":"2","8G":"2","5P":"2","GJ":"2","CJ":"2","4X":"2","4H":"2","62":"2","8P":"2","4W":"2","CF":"2","8R":"2","3F":"2","FX":"2","7W":"2","4F":"2","54":"2","4Q":"2","47":"2","J7":"2","9M":"2","2F":"2","6P":"2","9Q":"2","8X":"2","6V":"2","C6":"2","2M":"2","65":"2","9C":"2","77":"2","C3":"2","G5":"2","CV":"2","6Q":"2","HG":"2","J5":"2","6G":"2","HJ":"2","23":"2","43":"2","3X":"2","22":"2","5J":"2","3G":"2","P2":"2","G3":"2","5F":"2","57":"2","JH":"2","94":"2","C5":"2","4P":"2","CQ":"2","3W":"2","75":"2","32":"2","CP":"2","27":"2","FJ":"2","7R":"2","7M":"2","HM":"2","8V":"2","39":"2","F9":"2","3V":"2","5H":"2","GM":"2","FV":"2","CW":"2","F3":"2","95":"2","8W":"2","G2":"2","F5":"2","4C":"2","C8":"2","83":"2"},"6F":{"7Q":"2","W8":"2","95":"2","XR":"2","R8":"2","5V":"2","42":"2","62":"2","G9":"2","52":"2","6X":"2","5R":"2","32":"2","22":"2","VR":"2","WG":"2","48":"2","RG":"2","2R":"2","6Q":"2","XW":"2","R6":"2","P7":"2","W3":"2","V2":"2","8M":"2","XF":"2","6R":"2","93":"2","3R":"2","M3":"2","V4":"2","27":"2","WJ":"2","M5":"2","M6":"2","4R":"2","XG":"2","H8":"2","V8":"2","C5":"2","86":"2","XH":"2","J4":"2","VG":"2","24":"2","CM":"2","X5":"2","3V":"2","Q6":"2","XX":"2","85":"2","R4":"2","W9":"2","R3":"2","VF":"2","H4":"2","Q3":"2","R9":"2","56":"2","J6":"2","X2":"2","84":"2","XV":"2","94":"2","W6":"2","P6":"2","9M":"2","GJ":"2","R7":"2","QJ":"2","WF":"2","Q4":"2","4V":"2","XQ":"2","XP":"2","83":"2","V9":"2","XJ":"2","HX":"2","WH":"2","J7":"2","P9":"2","P2":"2","XC":"2","M7":"2","W4":"2","V3":"2","26":"2","PQ":"2","HM":"2","XM":"2","Q7":"2","63":"2","2J":"2","39":"2","QR":"2","W5":"2","V5":"2","6W":"2","2V":"2","72":"2","FX":"2","8P":"2","GC":"2","Q5":"2","R5":"2","WQ":"2","RC":"2","5Q":"2","X4":"2","GM":"2","WP":"2","W2":"2","QC":"2","96":"2","VH":"2","65":"2","M2":"2","H7":"2","JQ":"2","H6":"2","64":"2","J5":"2","Q2":"2","M8":"2","FM":"2","Q9":"2","P3":"2","4X":"2","X3":"2","P8":"2","Q8":"2","RH":"2","HJ":"2","P5":"2","J8":"2","RQ":"2","P4":"2","MM":"2","WM":"2","C6":"2","38":"2","VQ":"2","V6":"2","9P":"2","WC":"2"},"5J":{"35":"2","24":"2"},"2H":{"XV":"2","WR":"2","WV":"2","XR":"2"},"77":{"VP":"2","VQ":"2"},"29":{"8J":"2","VX":"2","8M":"2"},"79":{"JX":"2","F4":"2","5R":"2","6Q":"2","G3":"2","4J":"2","6R":"2","5W":"2","6M":"2","C3":"2","5H":"2","5V":"2","6V":"2","6J":"2","5J":"2","5M":"2","5P":"2","6P":"2","G4":"2","5Q":"2"},"8C":{"29":"2"},"87":{"2V":"2","H8":"2","3V":"2"},"59":{"23":"2","58":"2","34":"2","MH":"2","48":"2","2W":"2","68":"2","JM":"2","MV":"2","9C":"2","24":"2","CV":"2","35":"2","GH":"2","JV":"2","2X":"2","79":"2","56":"2","GJ":"2","46":"2","MW":"2","QV":"2","8V":"2","8R":"2","HR":"2","57":"2","9Q":"2","7V":"2","PQ":"2","HV":"2","QR":"2","2V":"2","89":"2","QQ":"2","3Q":"2","67":"2","RV":"2","JX":"2","HJ":"2","45":"2","3W":"2","9P":"2"},"4G":{"M2":"2","HJ":"2","HM":"2","VH":"2","6X":"2","W2":"2","5W":"2","F6":"2","4W":"2","6W":"2","FP":"2","XP":"2"},"4F":{"MR":"2","JH":"2","8R":"2","MQ":"2","MP":"2","PP":"2","8Q":"2","HX":"2","MV":"2","PQ":"2","PR":"2","MH":"2"},"4H":{"3Q":"2","55":"2","62":"2","54":"2","44":"2","F2":"2","M8":"2"},"5F":{"MW":"2","9X":"2","QJ":"2","X9":"2","FR":"2","8X":"2","WW":"2","V8":"2","QQ":"2","WV":"2","R9":"2","V3":"2","GW":"2","P8":"2","W7":"2","M9":"2","QV":"2","7V":"2","X8":"2","8H":"2","X2":"2","9W":"2","CM":"2","V2":"2","VM":"2","W6":"2","V9":"2","7W":"2","X6":"2","5X":"2","X7":"2","8Q":"2","W9":"2","8R":"2","VC":"2","8W":"2","CV":"2","RJ":"2","CR":"2","R6":"2","RH":"2","CQ":"2","XR":"2","WC":"2","7H":"2","W8":"2","VG":"2","8V":"2","9R":"2","9Q":"2","WH":"2","QP":"2","QH":"2","QG":"2","QM":"2","VF":"2","RG":"2","R7":"2","WF":"2","9V":"2","XW":"2","Q6":"2","7X":"2","VV":"2"},"2J":{"PR":"2","PV":"2","QV":"2","RW":"2","QQ":"2"},"39":{"JH":"2","QV":"2","JG":"2","RV":"2"},"97":{"7P":"2","F9":"2","CF":"2","FC":"2","FF":"2"},"2F":{"QC":"2","HP":"2"},"78":{"8Q":"2","7R":"2","5P":"2","7V":"2","FM":"2","7Q":"2","8V":"2","4P":"2","GM":"2","4W":"2","8W":"2","8R":"2"},"5H":{"JH":"2","GH":"2","QG":"2","HH":"2","HG":"2","JG":"2","QF":"2"},"96":{"2J":"2"},"F5":{"2C":"2","29":"2"},"82":{"J8":"2"},"88":{"6J":"2"},"69":{"RM":"2","8X":"2","6C":"2","VW":"2","4W":"2","JG":"2","GF":"2","RF":"2","M5":"2","4P":"2","QQ":"2","JR":"2","6G":"2","VX":"2","GW":"2","PP":"2","GX":"2","HM":"2","7V":"2","P5":"2","8H":"2","9W":"2","FW":"2","5X":"2","FV":"2","WX":"2","PV":"2","JW":"2","7G":"2","6R":"2","8G":"2","PW":"2","PJ":"2","FP":"2","2R":"2","4X":"2","7P":"2","3R":"2","HP":"2","6W":"2","5R":"2","VG":"2","8V":"2","P2":"2","3V":"2","5W":"2","HV":"2","6Q":"2","MP":"2","QP":"2","JV":"2","MR":"2","PR":"2","6V":"2","QM":"2","VF":"2","HX":"2","QW":"2","RG":"2","GV":"2","3X":"2","9V":"2","MQ":"2","6H":"2","MH":"2","2V":"2","HW":"2","RP":"2","GC":"2","FJ":"2","WG":"2","2X":"2"},"3F":{"GW":"2","VR":"2","VV":"2","XM":"2","WP":"2","FW":"2","FV":"2","XJ":"2"},"6G":{"36":"2","58":"2","R8":"2","34":"2","52":"2","G9":"2","32":"2","99":"2","R6":"2","47":"2","PC":"2","C4":"2","V7":"2","4C":"2","M3":"2","W7":"2","5C":"2","49":"2","M6":"2","G3":"2","H8":"2","V8":"2","XH":"2","6F":"2","F9":"2","35":"2","29":"2","79":"2","J6":"2","W6":"2","G2":"2","R7":"2","8C":"2","JC":"2","2C":"2","Q4":"2","59":"2","33":"2","P9":"2","8F":"2","4F":"2","5F":"2","63":"2","G8":"2","39":"2","W5":"2","V5":"2","89":"2","Q5":"2","R5":"2","QC":"2","J9":"2","37":"2","64":"2","HG":"2","M8":"2","Q9":"2","6H":"2","Q8":"2","P8":"2","88":"2","69":"2","3C":"2","P4":"2","54":"2","H2":"2","53":"2","6G":"2","38":"2","V6":"2","H9":"2","92":"2"},"38":{"Q7":"2","Q8":"2","43":"2"},"F4":{"Q6":"2","R4":"2"},"92":{"QM":"2","QP":"2"}},"45":{"WW":{"5V":"2"},"V3":{"G6":"2","G3":"2","G5":"2"},"2G":{"83":"2"},"84":{"C6":"2","C7":"2","G9":"2","JF":"2","GC":"2","HC":"2"},"RX":{"M5":"2","J5":"2","CV":"2"},"W7":{"F8":"2","G9":"2","G8":"2","GC":"2","HG":"2"},"8H":{"R5":"2"},"W6":{"78":"2","77":"2"},"W2":{"FJ":"2"},"RW":{"MR":"2"},"J3":{"F5":"2","F4":"2","C5":"2"},"W9":{"M3":"2"},"6R":{"3H":"2"},"Q5":{"QC":"2","RG":"2","VG":"2","VF":"2","RC":"2","M9":"2","QH":"2"},"GP":{"56":"2","67":"2","66":"2","36":"2","46":"2"},"2Q":{"WV":"2","XQ":"2"},"2R":{"R2":"2","V2":"2"},"4V":{"2H":"2"},"V5":{"X4":"2","W3":"2"},"JF":{"59":"2"},"WC":{"PJ":"2","J8":"2","MM":"2","M8":"2","H9":"2","JF":"2","J9":"2","JG":"2","JC":"2"},"W8":{"QX":"2"},"P2":{"52":"2"},"F2":{"QP":"2"},"99":{"9X":"2"},"3Q":{"4G":"2","3R":"2","5F":"2","3G":"2","39":"2","29":"2","3F":"2","2C":"2","2G":"2","5G":"2","4F":"2","4R":"2","2F":"2","5C":"2","4C":"2","3C":"2","59":"2","49":"2"},"Q9":{"G9":"2","H9":"2"},"9H":{"68":"2","79":"2","88":"2","78":"2","87":"2"},"6M":{"XM":"2","WM":"2"},"3X":{"X2":"2"},"M2":{"JJ":"2"},"FX":{"HX":"2"},"WJ":{"RQ":"2","RP":"2"},"R5":{"3G":"2"}},"57":{"24":{"VC":"2"},"22":{"F8":"2","C8":"2"},"83":{"47":"2"},"25":{"F7":"2","H8":"2","H7":"2"},"53":{"PJ":"2","PM":"2"}},"55":{"HR":{"7G":"2"},"HG":{"WW":"2"},"62":{"H4":"2","G5":"2","H5":"2"},"GR":{"HR":"2","8R":"2","8P":"2","CQ":"2","9V":"2","5R":"2","CR":"2","9R":"2","6Q":"2","8V":"2","8X":"2","7W":"2","CM":"2","CX":"2","QC":"2","6R":"2","9X":"2","7R":"2","4W":"2","8Q":"2","5V":"2","9W":"2","4R":"2","CP":"2","9P":"2","6V":"2","9Q":"2","CW":"2","7V":"2","7P":"2","CV":"2","7X":"2","8W":"2"},"39":{"5F":"2","7C":"2"},"JQ":{"8M":"2"},"C6":{"7G":"2","7F":"2","6G":"2","5G":"2"},"G4":{"XC":"2"},"QX":{"7R":"2","7P":"2","GH":"2","CM":"2","FJ":"2","9M":"2"},"H9":{"C6":"2","65":"2","92":"2"},"37":{"2Q":"2"},"43":{"GC":"2","HM":"2","HQ":"2","HH":"2","HF":"2","GF":"2","GQ":"2","GM":"2","MH":"2","GP":"2","HG":"2"},"78":{"XQ":"2"},"27":{"3Q":"2","5P":"2","6J":"2","4P":"2","5M":"2","99":"2"},"RV":{"WM":"2"},"6Q":{"J2":"2","M3":"2","M2":"2"},"CC":{"V4":"2","W4":"2"},"H6":{"P6":"2","Q7":"2","Q8":"2","Q5":"2","Q6":"2"},"67":{"J8":"2"},"FF":{"4R":"2"},"PF":{"JH":"2","PJ":"2","RJ":"2","8H":"2","RP":"2","6G":"2","FG":"2","QM":"2","8J":"2","PP":"2","CC":"2","9H":"2","CG":"2","PM":"2","8G":"2","QP":"2","RH":"2"},"88":{"7R":"2","3Q":"2","6R":"2","3P":"2","7V":"2","7Q":"2","4R":"2","2Q":"2","3R":"2","5R":"2","6V":"2","3J":"2","4Q":"2","2P":"2"},"GV":{"63":"2","72":"2","62":"2","42":"2","92":"2","83":"2","82":"2","93":"2","52":"2"},"QR":{"59":"2","58":"2"},"9P":{"GH":"2","4W":"2"},"XM":{"43":"2"},"WG":{"4H":"2","4G":"2","5F":"2","4F":"2","3J":"2","5G":"2"},"Q8":{"J8":"2","M8":"2","H9":"2","M9":"2","P9":"2","J9":"2"}},"24":{"JQ":{"M2":"2","H3":"2","H2":"2"},"86":{"P6":"2","M3":"2","Q6":"2"},"58":{"W8":"2","R8":"2"},"8V":{"9F":"2"},"7F":{"7C":"2"},"MP":{"W8":"2","V7":"2"},"QJ":{"8X":"2"},"P4":{"2Q":"2"},"J2":{"93":"2","82":"2","83":"2","92":"2"},"G8":{"9J":"2"},"96":{"VR":"2","GX":"2","FV":"2"},"7H":{"27":"2","28":"2","37":"2"}},"23":{"JQ":{"FJ":"2","FH":"2","29":"2","2C":"2","2G":"2","2F":"2","2H":"2","26":"2"},"7V":{"7F":"2","7C":"2"},"7Q":{"24":"2"},"MR":{"X4":"2","X3":"2"},"HQ":{"4M":"2","R6":"2","XF":"2","RJ":"2","W6":"2","Q6":"2","WJ":"2","3G":"2","6R":"2","X5":"2","3F":"2","2G":"2","X6":"2","WF":"2","2F":"2","R7":"2","Q7":"2","XG":"2","3H":"2","WC":"2","WG":"2"},"JX":{"9V":"2","9X":"2","CW":"2"},"RP":{"CQ":"2"}},"33":{"72":{"2R":"2"},"9C":{"VC":"2","XF":"2","WC":"2"},"2Q":{"9G":"2","HJ":"2","9J":"2","FJ":"2","CM":"2","8H":"2","FH":"2","CJ":"2","8J":"2","9M":"2","GH":"2","9H":"2","CP":"2","8M":"2"},"CC":{"49":"2","39":"2"}},"82":{"MR":{"8C":"2","3C":"2","82":"2","2C":"2","29":"2"},"JQ":{"QW":"2","RW":"2"},"X8":{"GW":"2","CX":"2","W3":"2","Q6":"2","CW":"2","GR":"2","R4":"2","CV":"2"},"JV":{"X8":"2","X6":"2","X9":"2"},"R6":{"JQ":"2","WW":"2","XX":"2"},"P5":{"9X":"2"},"H4":{"MC":"2","JF":"2"},"9G":{"G2":"2"},"W8":{"57":"2","PR":"2","54":"2","QR":"2","MR":"2","P9":"2"},"W4":{"QC":"2"},"GC":{"35":"2","28":"2","5F":"2","29":"2","2F":"2","4C":"2","3C":"2","36":"2","6H":"2"},"V6":{"5V":"2","5X":"2","5W":"2"},"V7":{"PR":"2","64":"2","F7":"2","5Q":"2"},"G2":{"WG":"2","XM":"2","WH":"2"},"JR":{"M4":"2"},"7F":{"82":"2","83":"2"},"8H":{"52":"2"},"MQ":{"3Q":"2","3M":"2"},"79":{"C3":"2"},"J9":{"QR":"2","R8":"2"},"PP":{"4M":"2","3M":"2","8P":"2","FJ":"2","CM":"2","FM":"2","3J":"2","CP":"2","FP":"2","5M":"2","7P":"2","6P":"2","GP":"2"},"FR":{"FG":"2"},"9F":{"GV":"2","GW":"2","GX":"2"},"X9":{"72":"2","G3":"2","F2":"2","C3":"2","F3":"2","49":"2","G2":"2"},"J5":{"JH":"2","GC":"2","R8":"2","MC":"2","Q9":"2","PC":"2","J9":"2","HH":"2","PG":"2","MG":"2","HF":"2","Q8":"2","MF":"2","JC":"2"},"GR":{"MM":"2","PM":"2"},"HX":{"R9":"2"},"MV":{"35":"2","36":"2","26":"2"},"MF":{"WP":"2"},"VC":{"X8":"2"},"HV":{"72":"2","63":"2","64":"2","62":"2","74":"2","73":"2"},"8C":{"77":"2","66":"2","76":"2","88":"2","98":"2","69":"2","87":"2","78":"2","4C":"2","3C":"2"},"FC":{"X8":"2","V9":"2","XC":"2","W9":"2"},"7M":{"5V":"2"},"5P":{"PQ":"2"},"6P":{"3Q":"2","3P":"2","5F":"2","5G":"2"},"8G":{"5X":"2"},"Q7":{"JJ":"2","27":"2","59":"2","58":"2"},"R4":{"7J":"2"},"3H":{"39":"2"},"WC":{"FQ":"2","28":"2","CQ":"2","8V":"2","CM":"2","FG":"2","FR":"2","27":"2","FP":"2","CV":"2"},"QP":{"HJ":"2","JM":"2"},"G6":{"M2":"2"}},"53":{"7Q":{"36":"2","25":"2"},"2P":{"3Q":"2"},"58":{"PW":"2","MW":"2","GQ":"2","MV":"2","HQ":"2","JR":"2"},"R8":{"VW":"2"},"FW":{"8Q":"2"},"WG":{"WR":"2","WP":"2","VP":"2","XP":"2","VQ":"2","XH":"2","WQ":"2","XQ":"2"},"6Q":{"G8":"2","G7":"2","M7":"2","HG":"2","C7":"2","JG":"2","73":"2","V8":"2","G6":"2","F5":"2","R9":"2","J8":"2","M9":"2","P9":"2","C6":"2","V9":"2","H8":"2","J9":"2","H9":"2","MC":"2","VC":"2","HF":"2","P7":"2","F6":"2","MJ":"2","QC":"2","C3":"2","C5":"2","RC":"2","C4":"2","QG":"2","QF":"2","X4":"2","Q9":"2","PF":"2","H7":"2","HC":"2","F7":"2","M8":"2","PC":"2","J7":"2","JM":"2","PG":"2","JC":"2","Q8":"2","82":"2"},"7H":{"F2":"2","C2":"2","92":"2"},"3R":{"5P":"2","4P":"2","5R":"2","59":"2","58":"2"},"4C":{"9M":"2","JQ":"2","CM":"2","6R":"2","GP":"2","4Q":"2","5Q":"2","CH":"2","5M":"2","FG":"2","6W":"2","6X":"2","5R":"2","5P":"2","6Q":"2","4C":"2","9Q":"2","6V":"2","4M":"2","CG":"2","9P":"2","CP":"2","7X":"2"},"WJ":{"3F":"2"},"49":{"H2":"2"},"7M":{"HR":"2"},"XG":{"7R":"2","3Q":"2","9V":"2","24":"2","7V":"2","8V":"2","4R":"2","4P":"2","2Q":"2","5Q":"2","3R":"2","5M":"2","5R":"2","4Q":"2","5J":"2"},"XH":{"JR":"2"},"J4":{"4W":"2","4V":"2"},"X8":{"MC":"2"},"3V":{"55":"2"},"5J":{"4X":"2"},"C9":{"9X":"2"},"5P":{"9M":"2"},"77":{"9H":"2"},"CV":{"5H":"2","4H":"2","5M":"2","5J":"2"},"FR":{"JC":"2"},"H4":{"PP":"2","QM":"2","QP":"2","VM":"2"},"CC":{"93":"2","C2":"2","F2":"2","C3":"2","94":"2","F4":"2"},"Q3":{"4P":"2"},"79":{"H6":"2"},"84":{"C8":"2"},"6P":{"8W":"2","8X":"2"},"PR":{"3M":"2"},"5M":{"5P":"2","45":"2","42":"2","43":"2"},"XJ":{"9X":"2","CX":"2"},"HX":{"JQ":"2","PP":"2","MP":"2","QM":"2","MM":"2","MR":"2","PM":"2","MQ":"2","JP":"2","JR":"2"},"FH":{"JQ":"2","HP":"2","QM":"2","HQ":"2","PM":"2","JR":"2"},"57":{"25":"2"},"4F":{"38":"2","36":"2","52":"2","3F":"2"},"4H":{"MF":"2","JF":"2"},"5F":{"JP":"2"},"XM":{"93":"2","82":"2","G5":"2","C2":"2","92":"2"},"VM":{"PQ":"2"},"6W":{"78":"2"},"3H":{"FW":"2"},"GC":{"WX":"2"},"5Q":{"V4":"2","R4":"2"},"QP":{"R4":"2"},"96":{"57":"2"},"67":{"6J":"2","6F":"2"},"37":{"5H":"2"},"HG":{"W3":"2"},"QG":{"Q3":"2","P3":"2","Q2":"2"},"GG":{"8C":"2","9C":"2"},"HJ":{"P6":"2"},"RQ":{"4F":"2","3F":"2","6G":"2"},"3M":{"MG":"2"},"9W":{"J3":"2"},"38":{"FG":"2"},"VQ":{"WR":"2","QV":"2","MV":"2","QW":"2","JV":"2"},"9P":{"VP":"2","VQ":"2"}},"43":{"M3":{"67":"2","P4":"2"},"HQ":{"HM":"2","HJ":"2"},"GH":{"2W":"2","3W":"2"},"MF":{"PM":"2"},"M5":{"WM":"2"},"G6":{"HJ":"2"},"PM":{"XX":"2"},"J8":{"54":"2"},"CM":{"X8":"2","W9":"2"},"7R":{"RX":"2","VW":"2","RW":"2","RV":"2"},"P4":{"27":"2"},"5V":{"6W":"2","7W":"2","7X":"2","H3":"2","6X":"2"},"7W":{"42":"2","52":"2"},"X6":{"29":"2"},"G2":{"GC":"2","58":"2","88":"2","54":"2","67":"2","57":"2","38":"2","48":"2","GF":"2","78":"2","47":"2","73":"2","37":"2","68":"2"},"2P":{"FF":"2","63":"2","86":"2","C4":"2","72":"2","62":"2","85":"2","94":"2","75":"2","57":"2","8F":"2","82":"2","96":"2","87":"2","78":"2","65":"2","8C":"2","FC":"2","52":"2","97":"2"},"2M":{"5X":"2","9V":"2","58":"2","8X":"2","6X":"2","7R":"2","9P":"2","7X":"2","5Q":"2"},"46":{"PR":"2","JQ":"2","HQ":"2"},"J6":{"FM":"2","5F":"2","9M":"2","5G":"2"},"FH":{"VR":"2"},"R6":{"CC":"2"},"HP":{"FM":"2","FP":"2","CM":"2"},"VG":{"G3":"2","J2":"2","J3":"2","P4":"2","H2":"2"},"WR":{"4H":"2"},"5W":{"GV":"2"},"9Q":{"9H":"2","CG":"2"},"QP":{"22":"2"},"MR":{"WX":"2","VW":"2","VQ":"2","RV":"2"},"H2":{"3W":"2"},"VF":{"GF":"2","GW":"2","J2":"2","HW":"2","JW":"2","J3":"2","HX":"2","GG":"2","GX":"2","JV":"2","JX":"2","FG":"2","FH":"2"},"H7":{"3G":"2","3F":"2"},"M6":{"R2":"2","M9":"2"},"M8":{"7M":"2"},"M2":{"X8":"2"},"CF":{"QV":"2","XV":"2","VR":"2","RW":"2","VV":"2","RP":"2","RV":"2","WV":"2","RR":"2","VW":"2","WR":"2"},"HW":{"CH":"2","CJ":"2","FJ":"2","FH":"2"},"JM":{"6V":"2"}},"74":{"62":{"RJ":"2","RV":"2","XQ":"2"},"G6":{"X3":"2","W3":"2","V2":"2","W2":"2"},"7M":{"M2":"2","3W":"2","6Q":"2","C9":"2","8H":"2","9F":"2","5P":"2","J6":"2","6P":"2","Q3":"2"},"7J":{"JX":"2","QV":"2","RV":"2","QW":"2","PV":"2","HX":"2","MV":"2","PW":"2","XP":"2","QX":"2"},"C6":{"QJ":"2","HG":"2","GF":"2","GH":"2","H5":"2","F5":"2","GJ":"2","G2":"2","H3":"2","F6":"2","G3":"2","F4":"2","C3":"2","FG":"2","C5":"2","GG":"2","F2":"2","FF":"2","CG":"2","G5":"2","Q4":"2","F3":"2","MH":"2","CF":"2"},"22":{"X6":"2"},"8J":{"29":"2"},"94":{"W7":"2","W8":"2"},"45":{"VX":"2","XX":"2"},"32":{"G8":"2","38":"2","6C":"2","J5":"2","4J":"2","G9":"2","3H":"2","6G":"2","39":"2","5H":"2","7J":"2","8H":"2","26":"2","9W":"2","25":"2","2F":"2","5C":"2","59":"2","8J":"2","5G":"2","35":"2","H8":"2","3C":"2","2C":"2","H9":"2","7G":"2","37":"2","27":"2","FP":"2","F8":"2","6P":"2","CQ":"2","7H":"2","87":"2","24":"2","98":"2","68":"2","5P":"2","6Q":"2","4C":"2","C9":"2","5F":"2","58":"2","3G":"2","67":"2","C8":"2","88":"2","6F":"2","48":"2","H7":"2","6M":"2","34":"2","F7":"2","9P":"2","5J":"2","6H":"2","49":"2","69":"2","FJ":"2"},"8G":{"XG":"2","XF":"2"},"57":{"P7":"2"},"F8":{"C3":"2"},"85":{"FF":"2","28":"2","8H":"2","CH":"2","FH":"2","FG":"2","9C":"2","CF":"2","CC":"2","9H":"2","8F":"2","CG":"2","GJ":"2"},"6P":{"M6":"2","R5":"2","59":"2","69":"2"},"7P":{"35":"2","C2":"2"},"55":{"32":"2","2G":"2"},"9G":{"2F":"2"},"5P":{"6R":"2","QG":"2","7W":"2","QF":"2","5W":"2","CQ":"2"},"C4":{"28":"2","FH":"2"},"H6":{"R5":"2"},"F7":{"FV":"2","FX":"2","FW":"2"},"2V":{"W7":"2","W8":"2","V9":"2","XC":"2","XF":"2","R7":"2","X9":"2","V7":"2","W9":"2","WC":"2","V8":"2"},"72":{"3Q":"2","3P":"2","4R":"2","2M":"2","4Q":"2","4V":"2","2P":"2"},"56":{"38":"2","28":"2","39":"2","7J":"2","5C":"2","59":"2","45":"2","79":"2","37":"2","57":"2","43":"2","78":"2","29":"2","FG":"2","7H":"2","68":"2","CC":"2","99":"2","47":"2","58":"2","89":"2","67":"2","48":"2","6J":"2","9C":"2","7C":"2","CF":"2","49":"2","69":"2","56":"2","7F":"2"}},"65":{"FF":{"WV":"2"},"VM":{"RG":"2","QG":"2","RJ":"2","VJ":"2","R8":"2","QC":"2","Q9":"2","RF":"2","Q8":"2","R9":"2","QF":"2","RC":"2","RH":"2"},"W6":{"H9":"2","HC":"2"},"FJ":{"H7":"2"},"VJ":{"9H":"2"},"89":{"PW":"2"},"88":{"P4":"2"},"V8":{"QR":"2","QV":"2"},"W2":{"W6":"2","X7":"2"},"7Q":{"V6":"2"},"54":{"X6":"2"},"C3":{"GV":"2","9V":"2","FM":"2","7Q":"2","9P":"2","JM":"2","FV":"2","GR":"2","FG":"2","FH":"2"},"V9":{"P6":"2","P7":"2","M8":"2","P9":"2"},"VP":{"VJ":"2"},"8F":{"29":"2"},"WP":{"4G":"2","5F":"2"},"87":{"QC":"2"},"VF":{"XC":"2"},"VC":{"2H":"2"},"WX":{"M6":"2","P5":"2","M5":"2","P3":"2","P4":"2"},"2W":{"GG":"2","HG":"2"}},"47":{"63":{"6C":"2","HX":"2","4Q":"2","4V":"2","FX":"2"},"R3":{"RR":"2","4W":"2","RV":"2","PX":"2"},"22":{"9C":"2","38":"2","G3":"2","F9":"2","G2":"2"},"35":{"G7":"2","JG":"2","RF":"2","G6":"2","6G":"2","X5":"2","2F":"2","8F":"2","2C":"2","7G":"2","8G":"2","J2":"2","FH":"2","JF":"2","9G":"2","QG":"2","H2":"2","3G":"2","6F":"2","H7":"2","RG":"2","CG":"2","HC":"2","MH":"2","FC":"2","JH":"2","PG":"2","JC":"2","7F":"2","Q8":"2"},"R6":{"R2":"2","M2":"2"},"W5":{"38":"2","73":"2","28":"2","M5":"2","C2":"2","26":"2","25":"2","V4":"2","76":"2","P4":"2","23":"2","G2":"2","37":"2","Q5":"2","53":"2","83":"2","27":"2","85":"2","F6":"2","42":"2","J6":"2","J4":"2","87":"2","24":"2","36":"2","F2":"2","47":"2","48":"2","88":"2","M6":"2","F7":"2","56":"2","66":"2","82":"2"},"V5":{"24":"2","V8":"2","22":"2","W9":"2","F5":"2","QC":"2","M5":"2","G8":"2","P4":"2","52":"2","PC":"2","VC":"2","9H":"2","PH":"2","W7":"2","42":"2","W4":"2","VF":"2","H9":"2","HG":"2","P8":"2","Q9":"2","PF":"2","RF":"2","Q4":"2","47":"2","H5":"2","V9":"2","48":"2","74":"2","J7":"2","R6":"2","X5":"2","X3":"2","R4":"2","JC":"2","Q8":"2","J8":"2","H2":"2","WC":"2","GG":"2","C6":"2","V4":"2","G6":"2","35":"2","G7":"2","96":"2","V7":"2","MF":"2","CG":"2","M4":"2","7F":"2","X8":"2","MG":"2","W6":"2","R9":"2","P5":"2","25":"2","32":"2","JF":"2","X6":"2","9F":"2","J9":"2","R8":"2","J4":"2","V5":"2","R7":"2","H3":"2","JG":"2","C7":"2","H8":"2","J2":"2","P9":"2","QF":"2","M6":"2","33":"2","J6":"2","37":"2","5M":"2","53":"2","FG":"2","M7":"2","H7":"2","V6":"2","CH":"2","X7":"2","H4":"2","X9":"2","8H":"2","X4":"2","CF":"2","F7":"2","W8":"2","MC":"2","RC":"2","PG":"2","J3":"2","M9":"2","QG":"2","H6":"2","W5":"2","V3":"2","J5":"2","Q7":"2"},"W4":{"9X":"2","9W":"2","6X":"2"},"V6":{"23":"2"},"G2":{"38":"2","48":"2"},"R5":{"QJ":"2","73":"2","H5":"2","MF":"2","F5":"2","X5":"2","M9":"2","Q7":"2","P9":"2","W6":"2","76":"2","V9":"2","X6":"2","95":"2","MC":"2","Q5":"2","X3":"2","G3":"2","CH":"2","QC":"2","J6":"2","JF":"2","R6":"2","C5":"2","P2":"2","H6":"2","P6":"2","Q9":"2","M6":"2","G5":"2","V6":"2","JC":"2","Q6":"2","82":"2"},"X4":{"6W":"2","5V":"2","7W":"2","5W":"2"},"C2":{"R3":"2","V4":"2","V3":"2","Q5":"2"},"P2":{"X8":"2"},"F3":{"MM":"2","PM":"2"},"V4":{"MW":"2","G8":"2","HR":"2","J5":"2","77":"2","GR":"2","JR":"2","PP":"2","2G":"2","J8":"2","GX":"2","M9":"2","HM":"2","QV":"2","JQ":"2","HJ":"2","45":"2","J9":"2","FV":"2","H9":"2","MC":"2","8G":"2","GP":"2","JJ":"2","FP":"2","CH":"2","J6":"2","FH":"2","6X":"2","24":"2","HV":"2","MP":"2","JV":"2","JX":"2","C9":"2","HX":"2","HC":"2","CG":"2","M6":"2","G5":"2","PC":"2","J7":"2","M8":"2","7C":"2","8C":"2","FX":"2","FC":"2","HW":"2","GM":"2","JC":"2","CP":"2","Q8":"2"},"54":{"RR":"2"},"R2":{"XM":"2"},"X5":{"63":"2","H6":"2","35":"2","H7":"2","G3":"2","F3":"2","53":"2","43":"2","C6":"2","34":"2","J6":"2","44":"2"},"75":{"4G":"2","6G":"2","3G":"2","67":"2","CC":"2","7G":"2","2G":"2","9F":"2","8F":"2","5C":"2","8G":"2","59":"2"},"45":{"H7":"2","F9":"2","C9":"2","H8":"2","G8":"2","F8":"2","69":"2","2F":"2","27":"2","G9":"2"},"J3":{"X2":"2"},"P3":{"MR":"2","QV":"2","QR":"2","66":"2","VV":"2","MQ":"2","RV":"2","WW":"2","QQ":"2","PV":"2","56":"2","PQ":"2","PR":"2"},"J2":{"VX":"2"},"55":{"55":"2"},"24":{"8X":"2","62":"2","4P":"2","V3":"2","VX":"2","WM":"2","X2":"2","25":"2","CM":"2","2W":"2","W2":"2","QX":"2","XF":"2","8Q":"2","6R":"2","43":"2","53":"2","8R":"2","X3":"2","FP":"2","44":"2","FQ":"2","XR":"2","24":"2","3W":"2","WH":"2","XQ":"2","33":"2","92":"2","3P":"2","34":"2","72":"2","GM":"2","2X":"2","82":"2"},"23":{"GW":"2","2Q":"2","VM":"2","9V":"2","3R":"2","RP":"2","6X":"2","PP":"2","2G":"2","PG":"2","WM":"2","CP":"2","9P":"2","2H":"2","PM":"2","47":"2","2R":"2","8M":"2","MM":"2","7X":"2"},"33":{"PQ":"2","VW":"2","WW":"2","GH":"2","QQ":"2","JR":"2","VX":"2","GX":"2","RX":"2","VJ":"2","JQ":"2","QX":"2","RW":"2","WX":"2","H9":"2","PW":"2","GP":"2","4G":"2","XX":"2","FH":"2","JF":"2","HV":"2","MP":"2","HX":"2","GV":"2","JH":"2","WJ":"2","HW":"2","JC":"2"},"53":{"9X":"2","FR":"2","HQ":"2","JR":"2","JQ":"2","7R":"2","7W":"2","FV":"2","4Q":"2","2R":"2","4V":"2","5Q":"2","FQ":"2","CR":"2","3R":"2","CQ":"2","6X":"2","9R":"2","9Q":"2","QP":"2","6V":"2","3Q":"2","HW":"2","RP":"2","GQ":"2","7X":"2","4R":"2"},"G5":{"HR":"2","GR":"2"},"43":{"GW":"2","JV":"2","VR":"2","VV":"2","JR":"2","CX":"2","PP":"2","9X":"2","FR":"2","9W":"2","2X":"2","FX":"2","MV":"2","3X":"2","FW":"2","GV":"2","HV":"2","CW":"2","FP":"2","FV":"2","CV":"2","GQ":"2","VW":"2"},"65":{"35":"2","XF":"2","QC":"2","54":"2","M8":"2","75":"2","VF":"2","65":"2","J7":"2","RC":"2","XG":"2","25":"2","M9":"2"},"F5":{"HM":"2"},"34":{"6C":"2","M3":"2","97":"2","4P":"2","F5":"2","GW":"2","GX":"2","3F":"2","9W":"2","2F":"2","3M":"2","5C":"2","G4":"2","7R":"2","22":"2","59":"2","7W":"2","23":"2","96":"2","J3":"2","7G":"2","79":"2","57":"2","4Q":"2","3R":"2","5M":"2","J4":"2","6X":"2","8V":"2","24":"2","98":"2","P2":"2","9R":"2","3V":"2","5P":"2","4C":"2","33":"2","4M":"2","88":"2","6F":"2","HX":"2","CW":"2","9V":"2","CX":"2","6H":"2","7C":"2","M4":"2","M2":"2","FX":"2","56":"2"},"J6":{"P2":"2"},"V3":{"G8":"2","G7":"2","J8":"2","45":"2","H8":"2","G2":"2","32":"2","4Q":"2","86":"2","6P":"2","7P":"2","5Q":"2","CQ":"2","8P":"2","6Q":"2","9Q":"2","99":"2","8M":"2","H7":"2","J7":"2","9P":"2","FX":"2"},"R4":{"MW":"2","PQ":"2","WW":"2","GH":"2","QQ":"2","WV":"2","PM":"2","X5":"2","V3":"2","39":"2","HM":"2","8H":"2","JQ":"2","HJ":"2","JP":"2","GJ":"2","VH":"2","9J":"2","WX":"2","JW":"2","XH":"2","J3":"2","H3":"2","2Q":"2","PJ":"2","XG":"2","JJ":"2","HH":"2","R3":"2","XX":"2","MJ":"2","J6":"2","C3":"2","JF":"2","HP":"2","9G":"2","FG":"2","WC":"2","VG":"2","MV":"2","8P":"2","MX":"2","WH":"2","MP":"2","JV":"2","QH":"2","PR":"2","VF":"2","CG":"2","M6":"2","QR":"2","MQ":"2","M2":"2","FJ":"2","JM":"2","WG":"2","MM":"2"},"Q5":{"W8":"2","X8":"2","X3":"2"},"64":{"G3":"2","G5":"2","F2":"2","F5":"2","G2":"2"},"25":{"22":"2","M6":"2","P5":"2","F7":"2","F4":"2","C4":"2","72":"2","76":"2","J8":"2","XC":"2","QC":"2","Q4":"2","F2":"2","45":"2","H3":"2","C7":"2","F8":"2","43":"2","87":"2","65":"2","56":"2","44":"2","WC":"2","97":"2"}},"56":{"PQ":{"PR":"2","HR":"2","MR":"2","XJ":"2","PQ":"2","9W":"2","CW":"2","MQ":"2","JR":"2","CV":"2"},"M7":{"QM":"2","HV":"2","PM":"2","JR":"2"},"WQ":{"5R":"2","C8":"2","8X":"2"},"4J":{"WC":"2"},"GH":{"C9":"2","C8":"2","98":"2","7F":"2","88":"2","99":"2"},"28":{"F5":"2"},"G9":{"C9":"2"},"WV":{"2W":"2","QX":"2","QW":"2","PX":"2"},"R9":{"VV":"2"},"X8":{"2G":"2","66":"2"},"XV":{"RR":"2","QR":"2","5Q":"2","MR":"2","HQ":"2"},"XP":{"XQ":"2"},"26":{"H4":"2","M5":"2","J4":"2","M4":"2","J2":"2","P3":"2","J3":"2","M3":"2","P4":"2","H3":"2"},"5V":{"7G":"2","6C":"2","6H":"2","8H":"2","69":"2","6G":"2"},"8J":{"GC":"2"},"5G":{"56":"2","57":"2","47":"2","36":"2","27":"2","46":"2","25":"2","26":"2"},"QX":{"C2":"2","83":"2","94":"2","C3":"2","82":"2","93":"2","84":"2"},"96":{"63":"2","92":"2","54":"2","55":"2","53":"2","74":"2","65":"2","26":"2","46":"2","44":"2","73":"2","64":"2"},"RW":{"65":"2","74":"2"},"8F":{"27":"2"},"VH":{"C8":"2"},"H9":{"64":"2","C2":"2","65":"2","83":"2","74":"2","73":"2"},"Q5":{"XX":"2","XW":"2"},"PX":{"77":"2"},"V7":{"VR":"2"},"27":{"JV":"2","MX":"2","P2":"2","MW":"2","MV":"2","PW":"2","JW":"2"},"4G":{"R3":"2","Q3":"2","X3":"2","W6":"2","W4":"2"},"G3":{"M4":"2"},"5Q":{"C3":"2","92":"2"},"RJ":{"4Q":"2"},"R6":{"33":"2","32":"2","GM":"2","22":"2"},"C5":{"83":"2","84":"2"},"68":{"RX":"2","PV":"2","VQ":"2"},"XQ":{"J2":"2"},"JV":{"9C":"2","99":"2"},"H6":{"68":"2","58":"2"},"JX":{"HV":"2","HR":"2","JV":"2"},"5F":{"49":"2"},"H7":{"G5":"2","JV":"2"},"QW":{"9H":"2","CX":"2","CW":"2","8X":"2"},"9H":{"M5":"2"},"F7":{"C6":"2","96":"2","7C":"2","C5":"2"},"9P":{"Q5":"2","Q4":"2"},"6H":{"X5":"2","W5":"2"},"49":{"JM":"2"},"R5":{"2X":"2"},"Q6":{"X2":"2"}},"26":{"QJ":{"3Q":"2","6W":"2","4R":"2","5V":"2","5W":"2","6X":"2"},"RM":{"GW":"2"},"C7":{"P3":"2","H5":"2","G6":"2","V3":"2","X8":"2","X2":"2","V2":"2","22":"2","78":"2","VC":"2","R3":"2","Q3":"2","4G":"2","42":"2","H6":"2","R4":"2","88":"2","G5":"2","Q4":"2","M4":"2","M2":"2","56":"2","JM":"2","R2":"2"},"J5":{"55":"2"},"73":{"HV":"2","HR":"2","JV":"2"},"97":{"24":"2","3Q":"2","F4":"2","9X":"2","87":"2","8W":"2","3R":"2","7W":"2","M5":"2","G8":"2","HQ":"2","RG":"2","97":"2","3W":"2","39":"2","5X":"2","CJ":"2","27":"2","6J":"2","WG":"2","44":"2","W4":"2","29":"2","4P":"2","P8":"2","X2":"2","XJ":"2","QH":"2","3X":"2","7V":"2","47":"2","H5":"2","3V":"2","48":"2","6V":"2","4R":"2","4J":"2","J7":"2","FX":"2","28":"2","P7":"2","2P":"2","FW":"2","CX":"2","2X":"2","X3":"2","38":"2","M8":"2","RH":"2","9W":"2","8M":"2","WH":"2","4W":"2","68":"2","77":"2","G9":"2","VG":"2","GW":"2","CM":"2","4H":"2","C6":"2","W3":"2","V4":"2","XH":"2","G6":"2","G5":"2","35":"2","2J":"2","HM":"2","96":"2","PJ":"2","6C":"2","CG":"2","3J":"2","7F":"2","4Q":"2","P6":"2","2C":"2","76":"2","95":"2","P5":"2","75":"2","85":"2","3M":"2","2W":"2","9F":"2","RJ":"2","8F":"2","67":"2","4M":"2","V5":"2","QJ":"2","4X":"2","4V":"2","6Q":"2","84":"2","C7":"2","58":"2","Q6":"2","P9":"2","M6":"2","MP":"2","J6":"2","37":"2","6W":"2","57":"2","M7":"2","8X":"2","CH":"2","9M":"2","2M":"2","2V":"2","FM":"2","3P":"2","5R":"2","F6":"2","R5":"2","86":"2","H6":"2","GX":"2","J5":"2"},"F5":{"4P":"2","FX":"2"},"54":{"52":"2"},"C2":{"RJ":"2","VJ":"2","77":"2"},"64":{"MX":"2"},"F9":{"CR":"2","9R":"2","9V":"2","8V":"2","CV":"2"},"52":{"8C":"2","8F":"2"},"VP":{"QJ":"2"},"C6":{"PQ":"2","HR":"2","HG":"2","4W":"2","JG":"2","HQ":"2","MF":"2","QQ":"2","7M":"2","PP":"2","7J":"2","JQ":"2","8H":"2","7Q":"2","HJ":"2","FW":"2","7R":"2","JP":"2","2W":"2","8J":"2","MG":"2","9J":"2","8Q":"2","JJ":"2","HH":"2","4X":"2","6P":"2","CV":"2","7P":"2","QC":"2","5Q":"2","CH":"2","FH":"2","JF":"2","3W":"2","5P":"2","8P":"2","MX":"2","HV":"2","6Q":"2","MP":"2","QP":"2","JV":"2","MR":"2","8M":"2","PR":"2","QF":"2","FF":"2","PF":"2","VF":"2","3X":"2","PC":"2","WF":"2","FX":"2","CF":"2","XW":"2","GQ":"2","JM":"2","MM":"2","2X":"2"},"G4":{"7V":"2","6W":"2","7W":"2","6X":"2"},"96":{"WR":"2","CX":"2","XQ":"2"},"PJ":{"MH":"2","32":"2","MG":"2","JF":"2","42":"2"},"86":{"XR":"2","HW":"2","JW":"2","JX":"2","RV":"2","5G":"2"},"F6":{"93":"2","57":"2","2W":"2","38":"2","6W":"2","C2":"2","2V":"2","2X":"2","C3":"2","3W":"2","27":"2","5W":"2","37":"2"},"87":{"MQ":"2","V8":"2","W9":"2","XQ":"2","RX":"2","WW":"2","VR":"2","QC":"2","PX":"2","P4":"2","JM":"2","RG":"2","PC":"2","PV":"2","JP":"2","XR":"2","RQ":"2","HG":"2","QW":"2","P8":"2","XJ":"2","PF":"2","PP":"2","VM":"2","QH":"2","WQ":"2","Q4":"2","GJ":"2","V9":"2","WX":"2","RR":"2","J7":"2","VX":"2","X5":"2","RV":"2","M8":"2","XX":"2","RH":"2","RP":"2","R4":"2","XV":"2","GH":"2","WH":"2","RW":"2","VG":"2","HH":"2","Q8":"2","PR":"2","QV":"2","GG":"2","XM":"2","XH":"2","HM":"2","PW":"2","X8":"2","W6":"2","P6":"2","WV":"2","R9":"2","JF":"2","HF":"2","QX":"2","WP":"2","J9":"2","R8":"2","P9":"2","M6":"2","MP":"2","PQ":"2","J6":"2","M7":"2","QM":"2","X9":"2","MM":"2","VV":"2","W8":"2","QR":"2","RC":"2","R5":"2","PG":"2","M9":"2","PM":"2","QG":"2","XW":"2","W5":"2","J5":"2"},"C5":{"HG":"2"},"98":{"62":"2","32":"2","F2":"2","C2":"2","C3":"2","42":"2","92":"2","52":"2","F3":"2"},"F2":{"R2":"2","J2":"2"},"XQ":{"PH":"2"},"WP":{"6R":"2","7V":"2","5R":"2","6V":"2"},"C8":{"8P":"2","7P":"2","FV":"2"},"QM":{"63":"2","42":"2","53":"2"},"88":{"X2":"2","Q2":"2","V2":"2","P2":"2","W2":"2","R2":"2","P3":"2","Q3":"2"},"H7":{"48":"2"},"G5":{"C7":"2"},"F7":{"4J":"2","28":"2","3H":"2","39":"2","2G":"2","5H":"2","2F":"2","2H":"2","23":"2","3C":"2","8F":"2","32":"2","2J":"2","4C":"2","4H":"2","33":"2","5F":"2","3G":"2","34":"2","7F":"2"},"M2":{"QX":"2","QW":"2","RW":"2"},"RP":{"Q3":"2","W3":"2","W2":"2"}},"34":{"9R":{"GV":"2","GW":"2","FQ":"2","WW":"2","MV":"2","GX":"2"},"7P":{"R2":"2"},"9V":{"H2":"2"},"35":{"XF":"2"},"F8":{"32":"2","53":"2"},"WP":{"RG":"2","M6":"2","JG":"2","P8":"2","VH":"2","MC":"2","Q9":"2","HH":"2","GH":"2","FM":"2","Q8":"2","VG":"2","GJ":"2","GM":"2","M9":"2","RH":"2","P9":"2"},"HW":{"9M":"2","HR":"2","GF":"2","JR":"2","PP":"2","M9":"2","P9":"2","8J":"2","JW":"2","PJ":"2","CR":"2","FG":"2","CQ":"2","GG":"2","MV":"2","9R":"2","HV":"2","JV":"2","MR":"2","HX":"2","9H":"2","HW":"2","CP":"2"},"W9":{"76":"2","84":"2"}},"52":{"4W":{"G5":"2","F5":"2","95":"2"},"62":{"F7":"2"},"GH":{"X2":"2"},"HM":{"97":"2","CJ":"2","JR":"2"},"9W":{"WQ":"2","QQ":"2"},"7R":{"68":"2","55":"2","85":"2","66":"2","83":"2","69":"2"},"JP":{"R2":"2","R3":"2","V4":"2","Q3":"2","G4":"2","X2":"2","M3":"2","V2":"2","P2":"2","3F":"2","Q2":"2"},"3C":{"9H":"2","9G":"2","FG":"2","FH":"2"},"HH":{"22":"2"},"44":{"GH":"2","HH":"2","FH":"2"},"6P":{"63":"2","64":"2","62":"2","33":"2","32":"2","52":"2","73":"2","53":"2"},"HP":{"FG":"2","M7":"2"},"FG":{"72":"2","73":"2"},"6X":{"JV":"2"},"6V":{"RG":"2"},"5F":{"HG":"2"},"FF":{"GF":"2","HF":"2","GC":"2","GG":"2","JG":"2","HG":"2","HC":"2"},"F3":{"5R":"2"},"JM":{"VW":"2","WW":"2","WV":"2","JR":"2","VX":"2","XP":"2","QX":"2","PV":"2","PX":"2","PW":"2","MV":"2","WR":"2","HV":"2","XQ":"2","GV":"2","VV":"2"},"WG":{"6W":"2","4W":"2","3X":"2","5X":"2","3W":"2","4V":"2"},"MM":{"2M":"2","2P":"2"}},"46":{"7Q":{"3G":"2","38":"2","5F":"2","4F":"2","49":"2"},"R8":{"79":"2"},"6C":{"35":"2","83":"2","36":"2"},"32":{"V6":"2","W6":"2"},"X9":{"69":"2"},"2W":{"CF":"2"},"2Q":{"2Q":"2"},"8M":{"WG":"2","VG":"2","WH":"2","VH":"2"},"4C":{"R5":"2","P6":"2","P7":"2","R6":"2","Q5":"2","Q6":"2"},"49":{"WW":"2"},"4R":{"3C":"2","2F":"2","3F":"2"},"3P":{"C2":"2"},"XG":{"CP":"2","9P":"2","CM":"2","CQ":"2","9M":"2","9J":"2"},"3V":{"5H":"2","C4":"2","4J":"2","6H":"2","89":"2","5J":"2"},"5P":{"4H":"2","3P":"2","7Q":"2","4J":"2","5X":"2","3V":"2"},"HQ":{"24":"2","25":"2"},"R4":{"7M":"2","2F":"2","42":"2","52":"2"},"R3":{"MQ":"2","JR":"2"},"2X":{"75":"2","28":"2","QQ":"2","2G":"2","QV":"2","26":"2","25":"2","35":"2","JW":"2","37":"2","53":"2","27":"2","46":"2","85":"2","44":"2","36":"2","RQ":"2","47":"2","PR":"2","QR":"2"},"Q3":{"HR":"2","8R":"2","4V":"2","JR":"2","MQ":"2","8J":"2","PG":"2","MW":"2","7J":"2","PR":"2"},"79":{"2W":"2"},"56":{"7R":"2","9V":"2","9X":"2","8V":"2","5Q":"2","4W":"2","9W":"2","8R":"2","3V":"2","CW":"2"},"F7":{"3P":"2","3R":"2"},"QJ":{"3H":"2"},"CX":{"MH":"2","VV":"2","PQ":"2","VW":"2","QW":"2"},"Q4":{"66":"2","79":"2","W9":"2","HJ":"2","65":"2","M5":"2","G8":"2","FF":"2","97":"2","M2":"2","XF":"2","PC":"2","CJ":"2","89":"2","9G":"2","9H":"2","7J":"2","PH":"2","FH":"2","6J":"2","FJ":"2","7M":"2","W4":"2","HG":"2","5C":"2","8J":"2","GF":"2","RF":"2","4C":"2","GJ":"2","74":"2","4J":"2","C8":"2","J7":"2","F9":"2","8C":"2","Q3":"2","MH":"2","8M":"2","XC":"2","68":"2","F8":"2","JC":"2","Q8":"2","J8":"2","F2":"2","C5":"2","WC":"2","M3":"2","4H":"2","GG":"2","W3":"2","7C":"2","54":"2","G5":"2","MJ":"2","PJ":"2","MF":"2","CG":"2","3J":"2","9J":"2","M4":"2","7F":"2","MG":"2","G4":"2","7H":"2","76":"2","P5":"2","75":"2","JF":"2","HF":"2","9F":"2","J9":"2","8F":"2","G3":"2","G2":"2","C7":"2","58":"2","H8":"2","J2":"2","QF":"2","M6":"2","FG":"2","HC":"2","56":"2","M7":"2","H7":"2","CH":"2","Q2":"2","8H":"2","CF":"2","F7":"2","MC":"2","J3":"2","73":"2","6H":"2"},"59":{"8W":"2","7X":"2"},"5M":{"3P":"2","5Q":"2","3R":"2"},"4G":{"9R":"2","9V":"2","9X":"2","CX":"2","CV":"2"},"P9":{"6R":"2","5P":"2","4P":"2","6Q":"2","5Q":"2","5R":"2","6P":"2"},"4H":{"P5":"2","C4":"2","M5":"2","G3":"2","F3":"2","85":"2","94":"2","H5":"2","H3":"2","J4":"2","84":"2","Q5":"2"},"9Q":{"WC":"2"},"HV":{"PR":"2","RR":"2","WV":"2","QR":"2","WJ":"2","WM":"2"},"39":{"58":"2"},"QR":{"WX":"2"},"F2":{"G2":"2"},"3X":{"8C":"2","3G":"2","CP":"2","CM":"2"},"4P":{"WV":"2","WW":"2","VV":"2","XQ":"2"},"R5":{"7H":"2","8G":"2","8F":"2"},"QQ":{"2R":"2"},"5Q":{"7G":"2","8G":"2","W5":"2","V6":"2","8F":"2","7F":"2","W6":"2"},"X4":{"FQ":"2"},"J3":{"MW":"2","MX":"2","MV":"2","JV":"2","PX":"2","JR":"2"},"Q2":{"WW":"2","WX":"2","XX":"2"},"FM":{"RJ":"2","WJ":"2","JR":"2","JM":"2","QJ":"2","QM":"2","PG":"2","XH":"2","QH":"2","XP":"2","PR":"2","MM":"2"},"P3":{"XV":"2","X8":"2","X3":"2","XW":"2","XH":"2"},"RH":{"GX":"2"},"RJ":{"JH":"2","MV":"2","JG":"2"},"RQ":{"59":"2","5G":"2"},"P4":{"X2":"2","86":"2","76":"2","V7":"2","85":"2","75":"2","C3":"2","J4":"2","74":"2","84":"2","X3":"2"},"WM":{"RJ":"2"},"MC":{"G8":"2"},"R2":{"98":"2","88":"2","3V":"2","C5":"2"}},"44":{"RM":{"QR":"2","QV":"2","RV":"2"},"VW":{"MG":"2","JJ":"2","MJ":"2"},"J5":{"X7":"2"},"M5":{"28":"2"},"QQ":{"F2":"2","5X":"2","G2":"2"},"F5":{"6J":"2"},"PM":{"P5":"2","M4":"2","M3":"2","P4":"2"},"VX":{"7R":"2","72":"2","83":"2"},"F9":{"P5":"2","P6":"2","P7":"2","VC":"2","Q5":"2"},"XV":{"92":"2"},"XP":{"7C":"2","95":"2","2G":"2","R8":"2","6C":"2","PM":"2","99":"2","MH":"2","WG":"2","8H":"2","M9":"2","9F":"2","P7":"2","68":"2","MG":"2","93":"2","PC":"2","7H":"2","5G":"2","C7":"2","5C":"2","MR":"2","GF":"2","M5":"2","M6":"2","JG":"2","MV":"2","H8":"2","C5":"2","7F":"2","86":"2","9C":"2","J4":"2","6F":"2","F9":"2","HF":"2","C9":"2","Q6":"2","GH":"2","R4":"2","R3":"2","FG":"2","JV":"2","JR":"2","CC":"2","R9":"2","79":"2","HC":"2","MP":"2","J6":"2","JH":"2","JP":"2","FC":"2","P6":"2","R7":"2","8C":"2","JC":"2","FF":"2","Q4":"2","PR":"2","7J":"2","P9":"2","8F":"2","M7":"2","4F":"2","F6":"2","5F":"2","PQ":"2","HM":"2","Q7":"2","MQ":"2","JJ":"2","V5":"2","98":"2","89":"2","78":"2","72":"2","GC":"2","Q5":"2","R5":"2","W2":"2","96":"2","JW":"2","J9":"2","JQ":"2","GG":"2","M8":"2","C8":"2","82":"2","Q8":"2","69":"2","HJ":"2","P5":"2","8J":"2","J8":"2","MM":"2","CF":"2","C6":"2","HP":"2","V6":"2","H9":"2"},"X2":{"HX":"2"},"V9":{"FR":"2","GR":"2"},"94":{"6F":"2","7C":"2","5G":"2"},"J9":{"CG":"2"},"79":{"24":"2","44":"2","27":"2","25":"2","28":"2","26":"2"},"PW":{"68":"2","66":"2"},"GP":{"8G":"2","HF":"2","H9":"2","J9":"2"},"65":{"2X":"2"},"X3":{"J3":"2","P3":"2","H5":"2","J4":"2","J5":"2","G5":"2","M4":"2","G6":"2","M3":"2"},"V7":{"RM":"2","RP":"2"},"PJ":{"PG":"2"},"R3":{"2F":"2"},"8W":{"49":"2","37":"2","48":"2"},"Q3":{"XG":"2","WF":"2","WH":"2"},"4V":{"5H":"2","6J":"2","4C":"2","49":"2","5G":"2"},"J2":{"76":"2"},"42":{"MG":"2"},"JF":{"6R":"2","7Q":"2","5R":"2"},"XR":{"9X":"2"},"R8":{"M6":"2"},"WR":{"GW":"2","HV":"2","MM":"2"},"3V":{"XC":"2"},"WH":{"72":"2","74":"2","84":"2","73":"2"},"MP":{"28":"2"},"XQ":{"J2":"2","H2":"2"},"QP":{"GW":"2","HR":"2","HW":"2","FX":"2","HX":"2","FW":"2","GV":"2","HV":"2","CW":"2","JW":"2","8W":"2"},"PR":{"QQ":"2"},"5F":{"7P":"2"},"WP":{"QC":"2","PC":"2","MC":"2","XG":"2","XF":"2","H8":"2","M9":"2"},"QW":{"QR":"2"},"HC":{"F4":"2"},"F7":{"76":"2"},"CF":{"66":"2","76":"2"},"69":{"X8":"2","W8":"2","W6":"2","V6":"2","V7":"2","X5":"2","X9":"2","W7":"2","X6":"2"},"72":{"74":"2","84":"2","43":"2"},"GC":{"QC":"2","PC":"2"},"XM":{"6W":"2","WX":"2","XC":"2","VX":"2","VW":"2","7X":"2","X9":"2","6X":"2","W9":"2","WC":"2","8X":"2"},"66":{"24":"2","23":"2","34":"2"},"Q6":{"CX":"2"}},"32":{"H6":{"2J":"2","PH":"2","G3":"2","9J":"2"},"WV":{"9M":"2","HG":"2","JG":"2","J5":"2","GF":"2","GH":"2","J8":"2","H8":"2","J3":"2","JF":"2","HP":"2","J4":"2","GG":"2","8M":"2","QG":"2","H7":"2","MH":"2","JH":"2"},"9C":{"G2":"2"},"GH":{"43":"2"},"FM":{"PR":"2","RM":"2","MR":"2","MQ":"2","RP":"2","VH":"2"},"55":{"WG":"2","XF":"2"},"H5":{"G4":"2","GP":"2","34":"2"},"23":{"5V":"2"},"X6":{"PH":"2"},"MV":{"67":"2"},"53":{"CM":"2"},"43":{"HG":"2"},"9Q":{"92":"2"},"65":{"2C":"2","4G":"2","4F":"2"},"H2":{"FV":"2"},"FC":{"9H":"2","GG":"2","HG":"2"},"WC":{"5F":"2","48":"2"},"97":{"8R":"2"}},"73":{"XR":{"45":"2"},"WG":{"35":"2","24":"2","23":"2","25":"2","37":"2","53":"2"},"RG":{"MC":"2","HP":"2","FP":"2","CP":"2","G5":"2","98":"2","6F":"2","7F":"2","7C":"2","GR":"2"},"MG":{"X3":"2","X2":"2"},"VP":{"PF":"2","QF":"2","MQ":"2"},"PF":{"2X":"2"},"C5":{"GH":"2"},"VG":{"X3":"2","79":"2","V6":"2","X2":"2","V5":"2","X7":"2","W6":"2"},"F9":{"HQ":"2"},"29":{"G6":"2","C6":"2","G7":"2"},"R4":{"HX":"2","FW":"2","CV":"2"},"VF":{"WV":"2","3H":"2"},"CC":{"X4":"2"},"Q3":{"FF":"2","Q2":"2","FJ":"2","FH":"2","PC":"2","FG":"2","GH":"2","FM":"2","93":"2","GF":"2","FP":"2","GJ":"2","PX":"2","GM":"2"},"X2":{"CG":"2","52":"2"},"55":{"JH":"2","HG":"2"},"GJ":{"3R":"2"},"WF":{"2W":"2","2V":"2","3V":"2"},"Q4":{"97":"2","67":"2","F7":"2","85":"2","96":"2","VP":"2","84":"2","95":"2","87":"2","J7":"2","77":"2"},"QV":{"4X":"2"},"83":{"W4":"2"},"P9":{"65":"2"},"XM":{"P6":"2","QG":"2","P7":"2","Q7":"2","GP":"2","Q6":"2"},"Q7":{"G9":"2","GC":"2","FC":"2"},"M4":{"8C":"2","C9":"2","9C":"2","7H":"2","7J":"2"},"V5":{"24":"2","23":"2"},"72":{"HG":"2"},"GC":{"52":"2"},"R5":{"77":"2"},"PG":{"23":"2","22":"2"},"W2":{"X7":"2"},"J3":{"XR":"2"},"M2":{"MC":"2","Q2":"2"},"J5":{"CF":"2"},"QG":{"MF":"2","MG":"2"},"RV":{"99":"2","9C":"2","98":"2","8F":"2","WP":"2","XH":"2","WQ":"2"},"Q2":{"6R":"2","GW":"2","2H":"2","PW":"2","MR":"2","3H":"2","3J":"2"},"P3":{"5P":"2","Q7":"2","Q8":"2","Q9":"2","R9":"2","W2":"2"},"88":{"42":"2"},"VQ":{"93":"2","85":"2","82":"2","J3":"2","94":"2","92":"2","86":"2"}},"64":{"86":{"X2":"2","M3":"2","J3":"2","W2":"2","M2":"2","P2":"2"},"RJ":{"5V":"2","FW":"2","5R":"2","6X":"2","8H":"2","8X":"2","2W":"2","6Q":"2","CP":"2","VP":"2","HH":"2","CW":"2","5X":"2","GF":"2","CQ":"2","6F":"2","HF":"2","5P":"2","FR":"2","CV":"2","7X":"2","HC":"2","6J":"2","6P":"2","PP":"2","CJ":"2","4V":"2","7W":"2","XQ":"2","5M":"2","8V":"2","8R":"2","WV":"2","GW":"2","4H":"2","9Q":"2","PQ":"2","2V":"2","FX":"2","GC":"2","9R":"2","CR":"2","5Q":"2","9X":"2","HW":"2","HG":"2","4X":"2","8J":"2","WM":"2","9J":"2","9P":"2"},"VM":{"23":"2","33":"2","22":"2","94":"2","74":"2"},"62":{"9R":"2"},"6C":{"8R":"2","5R":"2","9V":"2","8V":"2","GH":"2","7R":"2","5V":"2","4R":"2","9Q":"2","6V":"2"},"VJ":{"4J":"2","2Q":"2","5M":"2","3H":"2"},"QJ":{"QQ":"2"},"W2":{"M7":"2","H6":"2","F7":"2","C4":"2","95":"2","F6":"2","H5":"2","G7":"2","F8":"2","G5":"2","C6":"2","F5":"2","C5":"2","J6":"2","G4":"2","C8":"2","G6":"2"},"QM":{"M5":"2","X5":"2","R9":"2","P8":"2","M9":"2","F9":"2","P5":"2","P9":"2","W6":"2","P4":"2","V9":"2","MG":"2","X6":"2","X7":"2","WX":"2","MC":"2","X3":"2","V7":"2","F8":"2","XX":"2","R8":"2","W8":"2","RC":"2","99":"2","C9":"2","Q9":"2","CG":"2","R7":"2","M4":"2","GC":"2","Q8":"2","Q6":"2"},"85":{"MX":"2","PX":"2"},"RX":{"H5":"2","J5":"2"},"WM":{"F8":"2","G8":"2","88":"2"},"GF":{"QJ":"2","QM":"2","WJ":"2","RH":"2","RJ":"2","VJ":"2","VH":"2"},"25":{"8Q":"2","7P":"2","5P":"2","6H":"2","6P":"2"},"RM":{"23":"2","58":"2","34":"2","42":"2","62":"2","52":"2","F3":"2","V2":"2","G3":"2","H3":"2","77":"2","35":"2","73":"2","R4":"2","R3":"2","Q3":"2","94":"2","G2":"2","55":"2","25":"2","33":"2","57":"2","26":"2","J2":"2","63":"2","44":"2","C3":"2","75":"2","98":"2","5Q":"2","65":"2","64":"2","74":"2","C2":"2","54":"2","H2":"2","53":"2","F4":"2","45":"2","43":"2","92":"2"}},"25":{"99":{"8C":"2","8F":"2","7F":"2","7C":"2"},"JH":{"PJ":"2"},"VM":{"8G":"2","9G":"2","9F":"2"},"F9":{"79":"2"},"6G":{"VJ":"2"},"HW":{"QC":"2"},"79":{"64":"2","38":"2","27":"2","28":"2","37":"2"},"F2":{"97":"2","C7":"2","89":"2"},"3G":{"CH":"2"},"RQ":{"JH":"2","HH":"2","HG":"2","JP":"2"},"RX":{"V8":"2"},"3F":{"82":"2"},"7G":{"MP":"2"},"57":{"97":"2"},"3J":{"RX":"2","VR":"2","RW":"2","RV":"2"},"MG":{"HG":"2","JG":"2"},"6W":{"93":"2"},"FX":{"PW":"2","WG":"2","MX":"2","QW":"2","WH":"2"},"XM":{"WF":"2"},"GR":{"6X":"2"},"JJ":{"HG":"2"},"69":{"R2":"2","6C":"2","V5":"2"},"VG":{"GR":"2"},"XH":{"CH":"2"},"78":{"4M":"2","3M":"2","CR":"2","8V":"2","8X":"2","7W":"2","CJ":"2","9X":"2","7G":"2","5H":"2","8F":"2","2H":"2","5M":"2","7V":"2","2M":"2","8W":"2"},"6J":{"7X":"2"},"VX":{"78":"2"},"3P":{"XJ":"2"},"3C":{"7W":"2","8W":"2","8X":"2"},"3Q":{"WJ":"2"},"QX":{"2M":"2"},"VW":{"8V":"2"},"H9":{"HG":"2","M7":"2","JG":"2","RF":"2","GH":"2","R9":"2","V2":"2","V9":"2","8Q":"2","VC":"2","HH":"2","P7":"2","H4":"2","J6":"2","JF":"2","R8":"2","GG":"2","8P":"2","CJ":"2","H7":"2","RG":"2","J7":"2","M8":"2","FJ":"2","Q8":"2"},"68":{"XQ":"2","VR":"2","XR":"2","WV":"2","QQ":"2","WW":"2","XH":"2","WQ":"2"}},"36":{"P3":{"H8":"2"},"G7":{"GC":"2","J9":"2","H7":"2","J7":"2"},"WQ":{"F5":"2","C5":"2"},"VW":{"M5":"2","J2":"2","G5":"2","P2":"2","M2":"2"},"M3":{"R2":"2"},"WW":{"4M":"2","4J":"2","3J":"2","2M":"2","3M":"2"},"QQ":{"PC":"2"},"VX":{"FF":"2","QV":"2","PJ":"2","QR":"2","RW":"2","JG":"2","WJ":"2","QJ":"2","RV":"2","Q9":"2","QM":"2","PP":"2","QW":"2","QQ":"2","PG":"2","MG":"2","PV":"2","Q8":"2","GF":"2","PM":"2","PH":"2","JC":"2","QP":"2","P9":"2"},"GX":{"2V":"2"},"VJ":{"62":"2","45":"2","59":"2"},"Q7":{"M2":"2","63":"2","X8":"2","H7":"2","W6":"2","G2":"2","G3":"2","F3":"2","F2":"2","X6":"2","74":"2","65":"2","52":"2","73":"2","64":"2","M3":"2"},"HM":{"FH":"2"},"7V":{"3W":"2"},"XV":{"7W":"2","5X":"2"},"JQ":{"Q6":"2","QM":"2","F6":"2","G7":"2","F5":"2","P6":"2","J7":"2","G6":"2","P9":"2"},"Q2":{"5C":"2","6C":"2","5F":"2","6F":"2","2F":"2","7C":"2","59":"2","69":"2"},"9W":{"QX":"2","RX":"2","VX":"2","QW":"2"},"V4":{"7R":"2","6R":"2","7V":"2","8V":"2","7W":"2","6V":"2"},"VP":{"F3":"2","MH":"2","M9":"2","P7":"2","F8":"2","93":"2","MJ":"2","M3":"2","M5":"2","M6":"2","G3":"2","H8":"2","86":"2","J4":"2","Q6":"2","H3":"2","H4":"2","G4":"2","MP":"2","J6":"2","94":"2","G2":"2","MX":"2","JP":"2","P6":"2","PP":"2","Q4":"2","J7":"2","P9":"2","M7":"2","J2":"2","PQ":"2","MQ":"2","C3":"2","M4":"2","GC":"2","Q5":"2","PG":"2","FQ":"2","J3":"2","GQ":"2","M2":"2","J9":"2","J5":"2","QG":"2","M8":"2","P3":"2","P8":"2","P5":"2","J8":"2","P4":"2","H2":"2","HP":"2","C6":"2"},"VM":{"MR":"2","JQ":"2","QV":"2","JX":"2","JV":"2","JR":"2","MX":"2","JM":"2","MQ":"2","MP":"2","MW":"2","HX":"2","MV":"2","JW":"2"},"76":{"93":"2"},"P4":{"48":"2"},"GJ":{"3G":"2"},"7W":{"93":"2","24":"2","23":"2","66":"2","P4":"2","F5":"2","F6":"2","C5":"2","75":"2","34":"2"},"WX":{"33":"2","79":"2","43":"2"},"JW":{"3P":"2","4R":"2","2Q":"2","3R":"2","2V":"2","2R":"2","3V":"2","2P":"2"},"PX":{"7C":"2","JV":"2","77":"2","4G":"2","HR":"2","6C":"2","89":"2","HW":"2","5F":"2","3F":"2","38":"2","4F":"2","CG":"2","87":"2","7H":"2","HV":"2","4C":"2","8C":"2","JW":"2"},"PW":{"3Q":"2","3R":"2","3V":"2"},"83":{"WW":"2","WX":"2"},"65":{"8Q":"2"},"FP":{"HR":"2","HQ":"2"},"2R":{"93":"2","72":"2","62":"2"},"4V":{"23":"2","33":"2","32":"2","42":"2"},"XX":{"MW":"2","QJ":"2","G6":"2","JR":"2","PM":"2","X5":"2","GW":"2","GX":"2","RX":"2","VJ":"2","QV":"2","W6":"2","X6":"2","XF":"2","VH":"2","PV":"2","XH":"2","PX":"2","PW":"2","PJ":"2","XG":"2","F6":"2","MV":"2","HV":"2","WH":"2","MP":"2","JV":"2","MR":"2","PR":"2","QM":"2","QW":"2","W5":"2","G5":"2","QR":"2","V6":"2","HW":"2","MM":"2"},"CV":{"4P":"2","4M":"2","2Q":"2","3R":"2","6J":"2","5J":"2","3P":"2","5M":"2","2R":"2","5P":"2","3Q":"2","4Q":"2"},"QC":{"QP":"2"},"J6":{"JQ":"2","PP":"2","QP":"2","RP":"2","JR":"2"},"3R":{"CM":"2"},"VQ":{"QR":"2","M2":"2"},"RH":{"33":"2"},"HP":{"RC":"2"},"87":{"MC":"2","PJ":"2","MJ":"2","HH":"2","JG":"2"},"6W":{"X5":"2","X3":"2","X2":"2","V2":"2","W2":"2","W4":"2"},"5R":{"M6":"2","P3":"2","Q4":"2","P4":"2","M9":"2","P2":"2"},"P2":{"7Q":"2","2G":"2","6C":"2","3G":"2","8H":"2","GP":"2","68":"2","JF":"2","8M":"2","XF":"2","93":"2","PC":"2","5G":"2","7M":"2","JG":"2","F9":"2","HF":"2","4W":"2","CH":"2","HC":"2","6J":"2","9M":"2","GJ":"2","JC":"2","WF":"2","CJ":"2","4G":"2","7J":"2","FH":"2","4H":"2","9G":"2","JJ":"2","3X":"2","3H":"2","89":"2","8P":"2","5H":"2","GM":"2","9H":"2","H6":"2","CG":"2","GG":"2","4X":"2","6H":"2","69":"2","8J":"2","MM":"2","6G":"2","HP":"2","MC":"2","3W":"2","9J":"2"},"MX":{"WG":"2","VG":"2","3J":"2","VM":"2","WH":"2","VH":"2"},"RC":{"2Q":"2","3R":"2","7Q":"2","3G":"2","3V":"2","39":"2","29":"2","3F":"2","2C":"2","2G":"2","4R":"2","2H":"2","3P":"2","3C":"2","3Q":"2","4Q":"2"},"JX":{"RM":"2","XM":"2","34":"2","43":"2"},"QG":{"4R":"2"},"H2":{"HP":"2"},"6V":{"RR":"2","XR":"2","WW":"2","WX":"2","VX":"2","VV":"2","VW":"2","RW":"2","RV":"2"},"89":{"2W":"2","5R":"2"},"92":{"QW":"2"},"CJ":{"97":"2","87":"2"},"WP":{"MH":"2","2C":"2","29":"2"},"HX":{"5H":"2","4H":"2","5P":"2","7H":"2","4M":"2","4R":"2","4P":"2","4J":"2","2G":"2","6H":"2","5Q":"2","5M":"2","6M":"2","7J":"2","3J":"2","6P":"2","4Q":"2","5J":"2"},"M6":{"9X":"2","6M":"2"},"M8":{"4Q":"2"},"CX":{"PG":"2","QG":"2","RG":"2","PF":"2","VG":"2","QF":"2","VJ":"2","WM":"2"},"M2":{"R5":"2","RX":"2","XG":"2","WF":"2"},"8C":{"PC":"2","C9":"2","9C":"2","85":"2","G7":"2","76":"2","98":"2","JG":"2","74":"2","FC":"2","FF":"2","87":"2","75":"2","99":"2"},"FX":{"VQ":"2","VR":"2","RW":"2","RP":"2","RQ":"2","WV":"2","RX":"2","WW":"2","VP":"2","RR":"2","VX":"2","WX":"2","VW":"2","WR":"2"},"9F":{"FF":"2"},"69":{"2F":"2"},"WJ":{"W7":"2","Q7":"2","V6":"2","R6":"2","V5":"2"},"HW":{"XV":"2","XQ":"2","RJ":"2","XR":"2","QJ":"2","XM":"2","WM":"2","QH":"2","XP":"2","PH":"2","HG":"2"},"XW":{"52":"2"},"FJ":{"PG":"2","R9":"2","JF":"2"},"JM":{"8H":"2"},"7F":{"QJ":"2","XF":"2","RH":"2","RJ":"2"},"Q8":{"PC":"2","G7":"2","JG":"2","JR":"2"},"Q6":{"JX":"2","5X":"2","HR":"2","5R":"2","4V":"2","3R":"2","4X":"2","3W":"2","8X":"2","MX":"2","2V":"2","HW":"2","6X":"2","5W":"2","3V":"2","9X":"2","4W":"2","GX":"2","4R":"2","3X":"2","2R":"2","XG":"2","WG":"2","4Q":"2","8W":"2","5Q":"2"},"VV":{"GW":"2","JW":"2"},"4R":{"3X":"2","4X":"2"}},"37":{"X2":{"5V":"2","GV":"2","G9":"2","5R":"2","F3":"2","8X":"2","2R":"2","JF":"2","JM":"2","2Q":"2","6R":"2","3R":"2","HH":"2","5X":"2","M5":"2","4R":"2","G3":"2","JG":"2","PF":"2","MF":"2","H8":"2","6M":"2","77":"2","FR":"2","CV":"2","FV":"2","G4":"2","HC":"2","JH":"2","G2":"2","G6":"2","MX":"2","JC":"2","8V":"2","9Q":"2","7V":"2","HM":"2","G8":"2","JJ":"2","QF":"2","VM":"2","3X":"2","2V":"2","89":"2","CR":"2","FQ":"2","RC":"2","6V":"2","3Q":"2","GQ":"2","J9":"2","H7":"2","H6":"2","J5":"2","FM":"2","RM":"2","69":"2","J8":"2","G5":"2","HP":"2","MC":"2","H5":"2","H9":"2","FP":"2"},"M2":{"XW":"2","JQ":"2","JX":"2","5X":"2","J2":"2","6W":"2","FV":"2"},"R3":{"V8":"2","Q5":"2","XQ":"2","HJ":"2","QC":"2","M5":"2","G8":"2","P4":"2","JM":"2","PC":"2","CJ":"2","5J":"2","PH":"2","6J":"2","XR":"2","W4":"2","H9":"2","P8":"2","Q9":"2","PF":"2","XJ":"2","PP":"2","JH":"2","Q4":"2","QP":"2","H5":"2","5H":"2","J7":"2","P7":"2","93":"2","38":"2","M8":"2","RP":"2","R4":"2","MH":"2","R3":"2","XV":"2","WH":"2","VG":"2","HH":"2","J8":"2","VH":"2","M3":"2","W3":"2","XH":"2","G5":"2","P3":"2","2J":"2","HM":"2","MJ":"2","V7":"2","PJ":"2","M4":"2","W6":"2","P6":"2","R9":"2","G4":"2","P5":"2","VP":"2","X6":"2","6F":"2","J9":"2","8F":"2","R8":"2","V5":"2","WR":"2","JJ":"2","H3":"2","Q6":"2","P9":"2","QF":"2","3H":"2","M6":"2","MP":"2","WJ":"2","V6":"2","QM":"2","H4":"2","MM":"2","8H":"2","X4":"2","92":"2","FM":"2","RC":"2","R5":"2","PG":"2","J3":"2","M9":"2","PM":"2","QG":"2","W5":"2","C3":"2","V3":"2","Q7":"2","6H":"2"},"Q2":{"H6":"2","7C":"2","F4":"2","HM":"2","P8":"2","79":"2","39":"2","67":"2","H5":"2","G5":"2","P7":"2","8C":"2","G4":"2"},"W4":{"R8":"2","28":"2","F3":"2","48":"2","M9":"2","R6":"2","47":"2","68":"2","JF":"2","V2":"2","MG":"2","PC":"2","V4":"2","X6":"2","49":"2","G3":"2","PF":"2","H8":"2","MF":"2","86":"2","J4":"2","X5":"2","PH":"2","HF":"2","Q6":"2","H3":"2","77":"2","66":"2","73":"2","R4":"2","R3":"2","VF":"2","HC":"2","X2":"2","84":"2","R7":"2","JC":"2","87":"2","59":"2","83":"2","J7":"2","P9":"2","W4":"2","V3":"2","76":"2","63":"2","Q7":"2","X7":"2","G8":"2","F2":"2","W5":"2","C3":"2","75":"2","M4":"2","V5":"2","78":"2","R5":"2","PG":"2","X4":"2","QH":"2","QC":"2","65":"2","67":"2","J9":"2","37":"2","64":"2","M8":"2","74":"2","Q8":"2","P8":"2","RJ":"2","69":"2","J8":"2","C2":"2","38":"2","MC":"2","H9":"2","WC":"2"},"G2":{"J4":"2","G3":"2","G4":"2","H3":"2","H2":"2"},"X4":{"95":"2","23":"2","62":"2","52":"2","22":"2","F3":"2","XW":"2","R6":"2","WX":"2","JM":"2","F8":"2","C4":"2","7H":"2","V4":"2","M5":"2","M6":"2","PF":"2","C5":"2","J4":"2","PX":"2","QW":"2","C9":"2","2H":"2","Q6":"2","XX":"2","35":"2","85":"2","66":"2","PW":"2","G4":"2","FC":"2","P6":"2","55":"2","9M":"2","R7":"2","G7":"2","87":"2","QV":"2","83":"2","4G":"2","33":"2","P9":"2","P2":"2","5F":"2","Q7":"2","MQ":"2","QF":"2","44":"2","QR":"2","C3":"2","V5":"2","72":"2","GC":"2","R5":"2","W2":"2","J3":"2","VH":"2","65":"2","J9":"2","HW":"2","64":"2","Q2":"2","82":"2","6H":"2","X3":"2","74":"2","Q8":"2","P8":"2","88":"2","P5":"2","J8":"2","8G":"2","6G":"2","F4":"2","45":"2","43":"2","9J":"2","92":"2"},"V2":{"PV":"2","R8":"2","FW":"2","GV":"2","3J":"2","8X":"2","XW":"2","7G":"2","VP":"2","MJ":"2","CW":"2","GX":"2","V8":"2","XH":"2","4M":"2","VC":"2","PX":"2","X5":"2","5J":"2","XX":"2","CV":"2","FR":"2","R4":"2","JV":"2","VF":"2","JR":"2","PW":"2","7X":"2","6J":"2","MX":"2","R7":"2","4J":"2","CX":"2","QV":"2","5M":"2","XJ":"2","V9":"2","HR":"2","XC":"2","8F":"2","GW":"2","XM":"2","HV":"2","GR":"2","QR":"2","97":"2","5H":"2","JW":"2","HW":"2","6H":"2","MM":"2","3M":"2","6G":"2","9P":"2"},"P2":{"9X":"2","5V":"2","4W":"2","5W":"2"},"W2":{"XR":"2","5V":"2","5R":"2","3J":"2","3G":"2","RX":"2","WG":"2","8X":"2","2W":"2","XW":"2","7G":"2","5G":"2","7M":"2","7F":"2","J4":"2","4M":"2","24":"2","5J":"2","2H":"2","5P":"2","H3":"2","8W":"2","2X":"2","G4":"2","7X":"2","MP":"2","XV":"2","6J":"2","FC":"2","25":"2","7W":"2","5M":"2","4G":"2","WV":"2","P9":"2","M7":"2","4H":"2","J2":"2","2J":"2","VV":"2","3X":"2","4P":"2","98":"2","6W":"2","3H":"2","5H":"2","9H":"2","J3":"2","M8":"2","C8":"2","6H":"2","H2":"2","3M":"2","6G":"2","VW":"2"},"V4":{"R3":"2","X8":"2","R6":"2","P5":"2","H4":"2","W5":"2","V5":"2","X7":"2","W6":"2","V6":"2","V7":"2","Q6":"2","M5":"2","G2":"2","R5":"2","G3":"2","C2":"2","Q4":"2","F3":"2","F2":"2","92":"2","P4":"2","P3":"2","H3":"2","W7":"2","J4":"2","X6":"2","M4":"2","Q5":"2","M3":"2"},"R2":{"9X":"2","WP":"2","WV":"2","VC":"2","VP":"2","VF":"2","9W":"2","VM":"2","VJ":"2","WM":"2"},"X5":{"R5":"2","X5":"2","X3":"2","X6":"2","W3":"2","V5":"2","R4":"2"},"W3":{"7C":"2","W8":"2","PV":"2","XR":"2","58":"2","34":"2","6C":"2","6X":"2","5R":"2","28":"2","PM":"2","F3":"2","VR":"2","WG":"2","M9":"2","RG":"2","2R":"2","R6":"2","P7":"2","W3":"2","68":"2","2Q":"2","V2":"2","MG":"2","6R":"2","C4":"2","3R":"2","4C":"2","VP":"2","M3":"2","W7":"2","CW":"2","C7":"2","5C":"2","MR":"2","WJ":"2","49":"2","WR":"2","4R":"2","G3":"2","3P":"2","PF":"2","CQ":"2","MV":"2","H8":"2","C5":"2","86":"2","XH":"2","J4":"2","VG":"2","4M":"2","9V":"2","PX":"2","F9":"2","QW":"2","Q6":"2","5P":"2","H3":"2","CH":"2","CV":"2","66":"2","29":"2","73":"2","FV":"2","R3":"2","H4":"2","JR":"2","G4":"2","79":"2","HC":"2","XV":"2","PJ":"2","F7":"2","G2":"2","P6":"2","9M":"2","8C":"2","RF":"2","MW":"2","WF":"2","2C":"2","59":"2","QV":"2","PR":"2","XP":"2","5M":"2","4G":"2","XJ":"2","8V":"2","8R":"2","HR":"2","WV":"2","FJ":"2","8F":"2","57":"2","4F":"2","F6":"2","V3":"2","9Q":"2","7V":"2","PQ":"2","XM":"2","63":"2","MQ":"2","39":"2","QF":"2","QR":"2","97":"2","VM":"2","F2":"2","VV":"2","75":"2","4P":"2","98":"2","89":"2","QX":"2","PG":"2","WQ":"2","QQ":"2","RC":"2","5Q":"2","6V":"2","WP":"2","QP":"2","QH":"2","QC":"2","J3":"2","3Q":"2","VH":"2","67":"2","VJ":"2","QG":"2","RV":"2","C8":"2","82":"2","RH":"2","88":"2","69":"2","RQ":"2","3C":"2","H2":"2","3M":"2","WM":"2","9W":"2","C6":"2","HP":"2","VQ":"2","MC":"2","V6":"2","9P":"2","RR":"2","R2":"2","WC":"2"},"X3":{"MQ":"2","24":"2","V8":"2","3Q":"2","66":"2","F4":"2","9X":"2","87":"2","8W":"2","8R":"2","W9":"2","HJ":"2","3R":"2","7W":"2","65":"2","PX":"2","3F":"2","M5":"2","P4":"2","7X":"2","6R":"2","WM":"2","3W":"2","39":"2","5X":"2","52":"2","CJ":"2","9G":"2","9H":"2","72":"2","7P":"2","PH":"2","FJ":"2","7M":"2","44":"2","46":"2","29":"2","4P":"2","H9":"2","QW":"2","HG":"2","9V":"2","VM":"2","JH":"2","3X":"2","43":"2","7V":"2","RF":"2","GJ":"2","XG":"2","H5":"2","3V":"2","48":"2","74":"2","4R":"2","78":"2","8Q":"2","6P":"2","FV":"2","3C":"2","28":"2","R6":"2","2P":"2","CX":"2","C4":"2","9W":"2","Q3":"2","MH":"2","77":"2","HX":"2","HH":"2","2G":"2","CM":"2","C5":"2","64":"2","GG":"2","C6":"2","6X":"2","7C":"2","XH":"2","FR":"2","G5":"2","35":"2","HM":"2","96":"2","V7":"2","94":"2","6C":"2","9J":"2","M4":"2","4Q":"2","PW":"2","P6":"2","R9":"2","7H":"2","2C":"2","76":"2","95":"2","8P":"2","32":"2","75":"2","85":"2","7Q":"2","HF":"2","67":"2","J4":"2","2F":"2","4X":"2","2H":"2","69":"2","2Q":"2","4V":"2","6Q":"2","84":"2","J2":"2","M6":"2","5Q":"2","63":"2","MP":"2","9P":"2","7R":"2","WJ":"2","F3":"2","53":"2","CV":"2","6W":"2","57":"2","M7":"2","8X":"2","9M":"2","2M":"2","X9":"2","8H":"2","9R":"2","2V":"2","8V":"2","5R":"2","86":"2","PG":"2","GQ":"2","49":"2","73":"2","JQ":"2","J5":"2"},"V3":{"MQ":"2","83":"2","F4":"2","9X":"2","HW":"2","XQ":"2","HJ":"2","QC":"2","PX":"2","M5":"2","HQ":"2","7X":"2","C2":"2","JM":"2","M2":"2","XF":"2","VC":"2","JX":"2","JP":"2","5W":"2","5J":"2","PH":"2","XR":"2","WG":"2","7M":"2","VF":"2","RQ":"2","59":"2","JV":"2","QW":"2","5C":"2","Q9":"2","PF":"2","PP":"2","VM":"2","JH":"2","QH":"2","WQ":"2","FP":"2","RF":"2","Q4":"2","QP":"2","GJ":"2","3V":"2","4R":"2","4J":"2","8Q":"2","5H":"2","FX":"2","FV":"2","P7":"2","FW":"2","CX":"2","RH":"2","9Q":"2","RP":"2","MH":"2","8M":"2","XC":"2","GV":"2","HV":"2","FQ":"2","HP":"2","4W":"2","77":"2","HX":"2","VG":"2","HH":"2","CW":"2","PR":"2","GW":"2","F2":"2","CM":"2","VH":"2","GM":"2","MW":"2","WC":"2","MX":"2","JW":"2","JR":"2","6X":"2","FR":"2","2J":"2","HM":"2","MJ":"2","3J":"2","M4":"2","9J":"2","PW":"2","MG":"2","WF":"2","P6":"2","R9":"2","P5":"2","VP":"2","3M":"2","P2":"2","RJ":"2","67":"2","R8":"2","J4":"2","4M":"2","G3":"2","R7":"2","JJ":"2","84":"2","JG":"2","RM":"2","58":"2","Q6":"2","QF":"2","82":"2","M6":"2","MP":"2","GP":"2","PQ":"2","J6":"2","F3":"2","53":"2","6W":"2","H7":"2","8X":"2","2M":"2","VQ":"2","MM":"2","92":"2","2V":"2","FM":"2","QR":"2","RC":"2","PG":"2","J3":"2","XP":"2","H6":"2","QQ":"2","GQ":"2","GX":"2","73":"2","JQ":"2","J5":"2","Q7":"2"},"M3":{"34":"2"},"Q3":{"M7":"2","M6":"2","RJ":"2","VJ":"2","WJ":"2","J8":"2","F3":"2","J9":"2","PG":"2","MG":"2","H8":"2","X9":"2","WH":"2","JF":"2","G5":"2","QH":"2","C5":"2","PH":"2","G4":"2","JC":"2","WG":"2","MH":"2","XJ":"2","W9":"2","H9":"2"}}}}