{"index":{"university,1|retail,2|tourism,3|wreck,4|historical,5|artsCulture,6|namedBuilding,7|water,8|wetland,9|park,10|beach,11|natureReserve,12|cemetery,13|trail,14":{}},"6C":{"W8":{"JQ":{"HJ":"2","HP":"2","4V":"2","HM":"2","8V":"2","7W":"2","6X":"2","6W":"2","7V":"2","QF":"2","GQ":"2"},"FQ":{"R8":"2","M9":"2","P7":"2","PC":"2","HH":"2","M6":"2","G3":"2","PF":"2","H8":"2","C5":"2","QW":"2","PH":"2","Q6":"2","Q3":"2","R9":"2","G4":"2","J6":"2","MP":"2","G2":"2","JP":"2","PP":"2","P6":"2","R7":"2","G7":"2","JC":"2","7J":"2","P9":"2","GW":"2","M7":"2","F6":"2","PQ":"2","Q7":"2","MQ":"2","QF":"2","F2":"2","PG":"2","QQ":"2","QP":"2","QH":"2","QC":"2","J9":"2","H7":"2","F5":"2","H6":"2","QG":"2","Q9":"2","X3":"2","P8":"2","Q8":"2","P5":"2","RQ":"2","H2":"2","RR":"2"},"8R":{"55":"2"},"CQ":{"WC":"2"},"CR":{"PR":"2","RQ":"2","VQ":"2","FW":"2"},"JR":{"66":"2"},"8X":{"M5":"2","M4":"2","84":"2"},"MQ":{"46":"2"},"8Q":{"VM":"2"},"FR":{"54":"2","G3":"2","79":"2","J2":"2","6H":"2","J3":"2","F3":"2","H2":"2"},"9W":{"2C":"2","74":"2"},"CP":{"VC":"2","RC":"2"},"GV":{"92":"2"},"9Q":{"G6":"2"},"WX":{"F4":"2","F3":"2","F6":"2","96":"2","C6":"2","F5":"2","C5":"2","G6":"2"},"FP":{"G8":"2","PQ":"2","HG":"2","4P":"2","X5":"2","PP":"2","7V":"2","5H":"2","3F":"2","V4":"2","W6":"2","W2":"2","X6":"2","9J":"2","7G":"2","2P":"2","W3":"2","6R":"2","8G":"2","V7":"2","PJ":"2","MJ":"2","V5":"2","R6":"2","9G":"2","6W":"2","9Q":"2","99":"2","JV":"2","MR":"2","JX":"2","6V":"2","VF":"2","W5":"2","V6":"2","CF":"2","JH":"2","WJ":"2","R5":"2","7X":"2"},"CV":{"55":"2","63":"2","64":"2","54":"2","42":"2"}},"PV":{"WW":{"5V":"2","5R":"2","4V":"2"},"WJ":{"QX":"2"},"XX":{"PR":"2","MP":"2"},"WM":{"M5":"2","Q2":"2"}},"XR":{"7X":{"CX":"2"}},"PM":{"XW":{"38":"2","22":"2","4C":"2","28":"2","49":"2","48":"2","39":"2"},"XV":{"M9":"2"},"P8":{"XX":"2","XW":"2","XV":"2","VV":"2","MX":"2","WV":"2","RX":"2","WW":"2","QW":"2","WX":"2","VX":"2","PW":"2","PX":"2","QX":"2","VW":"2"},"Q9":{"M2":"2","63":"2","35":"2","H4":"2","C4":"2","F4":"2","28":"2","42":"2","G3":"2","C2":"2","F3":"2","F2":"2","54":"2","83":"2","85":"2","39":"2","29":"2","94":"2","75":"2","2C":"2","J3":"2","C3":"2","J2":"2","P3":"2","55":"2","H3":"2","33":"2","93":"2","53":"2","2F":"2","43":"2","74":"2","65":"2","H2":"2","56":"2","34":"2","84":"2","44":"2","G4":"2","73":"2","64":"2","3H":"2"},"Q8":{"7C":"2","58":"2","FW":"2","GV":"2","6C":"2","8X":"2","8H":"2","GP":"2","2W":"2","6Q":"2","68":"2","7G":"2","8M":"2","CP":"2","7H":"2","HH":"2","CW":"2","C7":"2","5C":"2","7M":"2","CQ":"2","7F":"2","9C":"2","4M":"2","9V":"2","CM":"2","PX":"2","6F":"2","6M":"2","5J":"2","5P":"2","CH":"2","HQ":"2","FR":"2","CV":"2","66":"2","FV":"2","JV":"2","JR":"2","7P":"2","79":"2","6J":"2","6P":"2","MX":"2","JP":"2","9M":"2","GJ":"2","8C":"2","4J":"2","CX":"2","MW":"2","CJ":"2","5M":"2","HX":"2","HR":"2","7J":"2","FJ":"2","FH":"2","GW":"2","8F":"2","57":"2","9Q":"2","76":"2","9G":"2","HV":"2","GR":"2","3X":"2","98":"2","78":"2","FX":"2","8P":"2","CR":"2","5Q":"2","9X":"2","GM":"2","9H":"2","65":"2","JW":"2","GQ":"2","67":"2","HW":"2","64":"2","FM":"2","6H":"2","JX":"2","88":"2","69":"2","8J":"2","8G":"2","6G":"2","9W":"2","HP":"2","9J":"2","FP":"2","9P":"2"},"R9":{"55":"2","64":"2","54":"2","74":"2","84":"2","53":"2"},"WQ":{"X5":"2"},"P9":{"X9":"2","V8":"2","W4":"2","XC":"2","V3":"2","P8":"2","W7":"2","X8":"2","P9":"2","Q2":"2","V4":"2","V9":"2","XF":"2","VH":"2","X7":"2","XH":"2","W3":"2","W9":"2","Q5":"2","V7":"2","X3":"2","R3":"2","Q3":"2","F4":"2","V5":"2","R8":"2","W8":"2","VG":"2","P2":"2","WH":"2","QH":"2","R4":"2","RG":"2","W5":"2","R7":"2","Q4":"2","M2":"2","V6":"2","Q6":"2","R2":"2"}},"X9":{"FQ":{"X5":"2"},"W4":{"X9":"2"},"M5":{"79":"2","7C":"2"},"F9":{"47":"2","48":"2"},"MQ":{"GG":"2","FF":"2","FG":"2"},"W2":{"C4":"2","JQ":"2","XX":"2"},"98":{"XM":"2","XP":"2","VM":"2","WM":"2"},"C7":{"XM":"2","VP":"2","VM":"2","WM":"2"},"J5":{"7R":"2","6R":"2"},"96":{"8R":"2"},"43":{"HR":"2","6C":"2","FM":"2","GH":"2","6G":"2","5H":"2","GJ":"2","5G":"2","7G":"2","79":"2","HH":"2","4G":"2","FH":"2","4F":"2","4H":"2","5F":"2","3G":"2","CJ":"2","C8":"2","6F":"2","69":"2","FJ":"2","GM":"2"},"9Q":{"X6":"2"},"P6":{"C4":"2"},"84":{"PR":"2","RR":"2","QR":"2"},"X3":{"WP":"2","76":"2","WJ":"2","XM":"2","XJ":"2","VP":"2","XP":"2","VM":"2","VJ":"2","JP":"2","WM":"2"},"WC":{"H2":"2"},"4Q":{"5V":"2"}},"VR":{"RR":{"2J":"2","4P":"2","3J":"2","2M":"2"},"32":{"5H":"2","7Q":"2","4J":"2","5Q":"2","4Q":"2","5J":"2"},"QR":{"WH":"2"},"J2":{"X3":"2","W4":"2"},"M2":{"2J":"2"},"4Q":{"WW":"2","HX":"2","QW":"2","JX":"2"}},"WG":{"C6":{"GV":"2","8Q":"2","GX":"2","FV":"2","CW":"2","FX":"2","FW":"2"},"C7":{"F2":"2","J3":"2"},"XR":{"8Q":"2","7R":"2","7Q":"2","8R":"2"},"9P":{"F7":"2"},"2X":{"PF":"2"},"M8":{"55":"2","63":"2","64":"2","54":"2","73":"2"},"HH":{"35":"2","22":"2"},"XX":{"JH":"2"},"GG":{"XV":"2","XQ":"2","VM":"2","VJ":"2","WJ":"2","XR":"2","WH":"2","XM":"2","WM":"2","WP":"2","VG":"2","XH":"2","VF":"2","XP":"2","WG":"2","XJ":"2"},"HG":{"38":"2","3F":"2","2H":"2","2W":"2","74":"2","59":"2","94":"2","93":"2","3C":"2","2R":"2","4X":"2","4G":"2","4F":"2","3W":"2","4H":"2","58":"2","3G":"2","48":"2","2V":"2","49":"2","66":"2","2X":"2"},"FC":{"57":"2","47":"2","36":"2","46":"2","37":"2"}},"RX":{"G7":{"J5":"2"},"4P":{"55":"2","5V":"2","2X":"2","3X":"2","6V":"2","3W":"2"},"2H":{"48":"2"},"G4":{"VM":"2"},"5G":{"MH":"2"},"2P":{"QR":"2","QQ":"2"},"8G":{"8G":"2","9F":"2"},"4Q":{"64":"2","65":"2","75":"2","53":"2"},"4X":{"2M":"2"},"F8":{"GV":"2","HV":"2"},"55":{"5M":"2","5J":"2"},"3Q":{"F2":"2","C2":"2"},"3P":{"VW":"2","WQ":"2","WV":"2","VR":"2","7V":"2","QV":"2","XP":"2","VP":"2","RR":"2","J9":"2","H9":"2","VQ":"2","RV":"2","5R":"2","VG":"2","WR":"2","MX":"2","RQ":"2","RC":"2","WH":"2","MP":"2","PR":"2","6V":"2","WP":"2","RG":"2","QR":"2","FX":"2","RP":"2","XW":"2","WG":"2","JC":"2","VV":"2"},"PF":{"RW":"2"},"H7":{"R5":"2"},"6J":{"FM":"2","CM":"2"},"3X":{"WJ":"2","XJ":"2"},"J7":{"GC":"2","FC":"2"},"9V":{"X4":"2"},"MH":{"FV":"2"},"8C":{"96":"2"},"9F":{"J2":"2"},"2X":{"GV":"2","GW":"2","HW":"2","HV":"2","JW":"2","HX":"2","GX":"2","JV":"2"},"4R":{"Q3":"2"}},"RG":{"XF":{"24":"2","25":"2"},"WJ":{"QH":"2"},"XC":{"VR":"2","P8":"2","PF":"2","R8":"2","QC":"2","RV":"2","Q9":"2","V9":"2","9W":"2","RF":"2","Q8":"2","R9":"2","RR":"2","QF":"2","RC":"2","Q7":"2","WR":"2"},"WH":{"P6":"2","X3":"2","CF":"2","9J":"2"},"MW":{"M5":"2"},"WF":{"PC":"2","2W":"2","C8":"2","25":"2"},"XH":{"R3":"2","Q3":"2","W5":"2","P3":"2","W3":"2","V2":"2","W2":"2","P2":"2","M2":"2","W6":"2","W4":"2","Q2":"2"},"XG":{"MQ":"2","XQ":"2","RX":"2","HJ":"2","WW":"2","VR":"2","QC":"2","GC":"2","PX":"2","HQ":"2","P4":"2","WM":"2","RG":"2","XF":"2","PC":"2","CJ":"2","PV":"2","VJ":"2","FH":"2","6J":"2","7M":"2","WG":"2","VF":"2","GR":"2","QW":"2","Q9":"2","XJ":"2","PF":"2","PP":"2","VM":"2","QH":"2","WQ":"2","RF":"2","Q4":"2","QP":"2","GJ":"2","XG":"2","WX":"2","RR":"2","FV":"2","RV":"2","M8":"2","XX":"2","RH":"2","GV":"2","WH":"2","VW":"2","JC":"2","RW":"2","VG":"2","Q8":"2","PR":"2","VH":"2","QV":"2","XM":"2","JR":"2","XH":"2","MJ":"2","PJ":"2","MF":"2","PW":"2","MG":"2","P6":"2","P5":"2","VP":"2","8P":"2","JF":"2","HF":"2","RJ":"2","WP":"2","QJ":"2","WR":"2","JJ":"2","RM":"2","Q6":"2","P9":"2","QF":"2","WJ":"2","HR":"2","HC":"2","VQ":"2","QM":"2","VV":"2","FM":"2","RC":"2","PG":"2","M9":"2","PM":"2","QG":"2","XP":"2","QQ":"2","MR":"2","XW":"2","JQ":"2","Q7":"2"},"WC":{"RF":"2"}},"XW":{"35":{"MG":"2","GM":"2","MJ":"2","PV":"2","MV":"2"},"64":{"CR":"2","9R":"2","9P":"2","8R":"2","9Q":"2","CQ":"2","FX":"2","CV":"2"},"CX":{"C4":"2"},"74":{"WX":"2"}},"47":{"3J":{"7M":"2"}},"WX":{"4R":{"RX":"2","VX":"2","VW":"2"},"5V":{"X9":"2","86":"2"},"WX":{"JM":"2"},"7W":{"W4":"2"},"6V":{"3C":"2","29":"2","39":"2"},"FX":{"8Q":"2","FQ":"2"}},"XF":{"5V":{"7R":"2","9W":"2","8W":"2"},"HF":{"X6":"2"},"P4":{"GF":"2","FC":"2","FF":"2"},"6F":{"64":"2","74":"2"},"JF":{"26":"2"},"F3":{"7G":"2","8G":"2"},"5W":{"93":"2","C3":"2","92":"2"},"9Q":{"QQ":"2"},"G2":{"MV":"2","JV":"2"}},"VP":{"JX":{"XC":"2"},"8X":{"MG":"2"},"MC":{"G9":"2","FC":"2"},"MX":{"R8":"2","G9":"2","3G":"2","WG":"2","MH":"2","M9":"2","GP":"2","RG":"2","9F":"2","R6":"2","P7":"2","JF":"2","JM":"2","MG":"2","CP":"2","V7":"2","PC":"2","MJ":"2","M3":"2","W7":"2","5G":"2","X6":"2","GF":"2","M5":"2","M6":"2","JG":"2","PF":"2","CQ":"2","MF":"2","V8":"2","9C":"2","J4":"2","VC":"2","X8":"2","X5":"2","F9":"2","5J":"2","PH":"2","HF":"2","Q6":"2","H3":"2","HQ":"2","W9":"2","FG":"2","VF":"2","H4":"2","CC":"2","R9":"2","G4":"2","HC":"2","J6":"2","JH":"2","6J":"2","W6":"2","PJ":"2","G6":"2","JP":"2","FC":"2","P6":"2","8C":"2","RF":"2","JC":"2","QJ":"2","FF":"2","2C":"2","CJ":"2","V9":"2","7J":"2","J7":"2","P9":"2","P2":"2","XC":"2","M7":"2","4H":"2","J2":"2","HM":"2","Q7":"2","JJ":"2","QF":"2","2F":"2","3H":"2","8P":"2","GC":"2","CR":"2","PG":"2","QQ":"2","RC":"2","GM":"2","QH":"2","QC":"2","J3":"2","J9":"2","RP":"2","H7":"2","F5":"2","H6":"2","J5":"2","CG":"2","QG":"2","M8":"2","FM":"2","Q9":"2","P3":"2","RM":"2","P8":"2","Q8":"2","RH":"2","RJ":"2","HJ":"2","8J":"2","J8":"2","G5":"2","H2":"2","3F":"2","MM":"2","CF":"2","HP":"2","F4":"2","H5":"2","MC":"2","V6":"2","H9":"2","9J":"2","FP":"2","9P":"2","WC":"2","R2":"2"},"MJ":{"3G":"2"},"MW":{"PV":"2","FW":"2","G9":"2","VR":"2","RX":"2","8M":"2","CW":"2","MR":"2","MV":"2","9V":"2","PX":"2","HF":"2","RW":"2","CH":"2","HQ":"2","JV":"2","PW":"2","MP":"2","MX":"2","PP":"2","9M":"2","JC":"2","CX":"2","MW":"2","PR":"2","8R":"2","HR":"2","QR":"2","VV":"2","FX":"2","9R":"2","QQ":"2","QP":"2","JW":"2","JQ":"2","8J":"2","9W":"2","VW":"2","VQ":"2","9J":"2"},"JJ":{"WC":"2"},"PW":{"FQ":"2","2W":"2","HR":"2","5R":"2","GQ":"2","JM":"2","3W":"2","GR":"2"},"FP":{"35":"2"},"PX":{"23":"2","36":"2","34":"2","28":"2","32":"2","22":"2","47":"2","4C":"2","49":"2","G3":"2","7F":"2","24":"2","6F":"2","H3":"2","35":"2","66":"2","29":"2","HC":"2","56":"2","FC":"2","25":"2","2C":"2","59":"2","83":"2","33":"2","P9":"2","8F":"2","57":"2","4F":"2","5F":"2","26":"2","J2":"2","39":"2","44":"2","C3":"2","75":"2","GC":"2","65":"2","37":"2","64":"2","74":"2","Q8":"2","3C":"2","54":"2","8G":"2","H2":"2","53":"2","43":"2"},"4Q":{"48":"2"},"MM":{"M8":"2"},"QX":{"G6":"2"},"5Q":{"3F":"2","6G":"2"}},"WJ":{"Q7":{"CW":"2"}},"WR":{"FG":{"3G":"2","2H":"2","2G":"2","2F":"2"},"48":{"98":"2","88":"2"}},"XG":{"WM":{"52":"2"}},"XH":{"88":{"42":"2","52":"2","53":"2","43":"2"}},"VG":{"5X":{"F8":"2","C7":"2","J2":"2","WJ":"2","C8":"2","WH":"2"},"4G":{"7R":"2","7P":"2","67":"2","7Q":"2","66":"2"},"2J":{"5C":"2","33":"2","4P":"2","5R":"2","5X":"2","5W":"2","6X":"2"},"RJ":{"8H":"2"},"VV":{"3R":"2","2V":"2","2R":"2"},"VJ":{"XV":"2","WV":"2","XR":"2","XQ":"2"},"WJ":{"5V":"2","2V":"2","2R":"2","3V":"2","4V":"2","2P":"2"},"7W":{"4R":"2","5V":"2","5R":"2"},"6X":{"MW":"2","54":"2","VX":"2","GW":"2","GX":"2","RX":"2","64":"2","QV":"2","7Q":"2","FW":"2","JP":"2","QX":"2","8Q":"2","JW":"2","PX":"2","2M":"2","PW":"2","86":"2","2J":"2","CV":"2","MX":"2","JX":"2","4M":"2","HX":"2","QW":"2","9V":"2","CX":"2","FX":"2","HW":"2"},"3G":{"V9":"2"},"RV":{"XV":"2","XR":"2"},"92":{"G4":"2"},"PP":{"7M":"2","8J":"2","7J":"2","8M":"2"},"2C":{"7C":"2","XR":"2","2G":"2","2P":"2","58":"2","FW":"2","GV":"2","6C":"2","3J":"2","3G":"2","48":"2","47":"2","68":"2","7G":"2","7H":"2","4C":"2","CW":"2","GX":"2","5G":"2","5C":"2","49":"2","WR":"2","7M":"2","3P":"2","7F":"2","86":"2","4M":"2","PX":"2","6F":"2","6M":"2","QW":"2","5J":"2","2H":"2","77":"2","CV":"2","85":"2","66":"2","73":"2","FV":"2","JV":"2","JR":"2","7P":"2","79":"2","56":"2","84":"2","XV":"2","6J":"2","6P":"2","MX":"2","55":"2","4J":"2","46":"2","87":"2","59":"2","5M":"2","4G":"2","HX":"2","8R":"2","7J":"2","GW":"2","57":"2","4F":"2","4H":"2","5F":"2","76":"2","63":"2","HV":"2","2J":"2","39":"2","44":"2","75":"2","3H":"2","78":"2","FX":"2","9X":"2","5H":"2","JW":"2","65":"2","67":"2","HW":"2","64":"2","6H":"2","2M":"2","74":"2","JX":"2","88":"2","69":"2","8J":"2","3C":"2","54":"2","53":"2","3F":"2","6G":"2","45":"2","43":"2"},"2G":{"3Q":"2","66":"2","F4":"2","87":"2","79":"2","HJ":"2","3F":"2","5F":"2","6R":"2","2R":"2","97":"2","3W":"2","39":"2","9G":"2","9H":"2","5J":"2","7P":"2","6J":"2","23":"2","44":"2","88":"2","46":"2","29":"2","4P":"2","59":"2","6M":"2","5C":"2","3X":"2","7V":"2","GF":"2","4C":"2","47":"2","XG":"2","48":"2","3V":"2","4R":"2","4J":"2","78":"2","5H":"2","6P":"2","3C":"2","28":"2","2P":"2","38":"2","C4":"2","5P":"2","68":"2","77":"2","2G":"2","CW":"2","F2":"2","H2":"2","3G":"2","4H":"2","6X":"2","7C":"2","4G":"2","2J":"2","96":"2","94":"2","6C":"2","CG":"2","3J":"2","7F":"2","4Q":"2","55":"2","2C":"2","95":"2","76":"2","85":"2","75":"2","3M":"2","2W":"2","9F":"2","6F":"2","8F":"2","67":"2","4M":"2","2F":"2","2H":"2","69":"2","2Q":"2","4V":"2","JJ":"2","6Q":"2","G2":"2","4F":"2","58":"2","9C":"2","3H":"2","5Q":"2","26":"2","5M":"2","F3":"2","FG":"2","56":"2","57":"2","2M":"2","CF":"2","8G":"2","3P":"2","98":"2","5R":"2","86":"2","49":"2","7G":"2","6H":"2"},"9F":{"7X":"2","CV":"2"},"VP":{"49":"2","39":"2"},"3J":{"5F":"2"},"2F":{"R3":"2","JV":"2","Q2":"2","V5":"2","W4":"2","G3":"2","HW":"2","F2":"2","V4":"2","92":"2","4H":"2","HX":"2","H2":"2","V3":"2","R4":"2"},"2H":{"63":"2","X7":"2","H2":"2"},"7H":{"58":"2"},"QH":{"H9":"2","GC":"2","FC":"2","J7":"2"},"3C":{"2W":"2","2V":"2","4W":"2","3W":"2","2R":"2","3V":"2","4V":"2"},"PQ":{"HR":"2","HQ":"2","GR":"2"},"3H":{"Q7":"2","27":"2"}},"VC":{"VQ":{"3V":"2"},"VR":{"M6":"2","H4":"2","PC":"2","H6":"2","G5":"2","89":"2","H7":"2"},"2J":{"C9":"2","F7":"2","C8":"2","98":"2","89":"2","99":"2"},"X7":{"85":"2","G7":"2","96":"2","76":"2","22":"2","65":"2","86":"2","75":"2","53":"2","48":"2"},"W6":{"X5":"2","X6":"2"},"6R":{"CF":"2"},"MW":{"RV":"2"},"W7":{"RC":"2","X9":"2"},"X6":{"GV":"2","GW":"2","3W":"2"},"6J":{"WR":"2","WQ":"2"},"8M":{"8Q":"2"},"WC":{"HF":"2","JC":"2","HC":"2"}},"X8":{"PJ":{"64":"2","74":"2","58":"2","48":"2"},"F7":{"F2":"2"},"QG":{"C4":"2","Q3":"2","P7":"2","R6":"2","Q4":"2","F4":"2","W2":"2","Q6":"2","C5":"2","W6":"2"},"HP":{"25":"2","28":"2","26":"2"},"PF":{"8R":"2","5R":"2","9R":"2","8X":"2","7W":"2","6R":"2","67":"2","2P":"2","9M":"2","9X":"2","QW":"2","8Q":"2","9W":"2","GX":"2","HX":"2","9Q":"2","6V":"2","4Q":"2","7X":"2","8W":"2","5Q":"2"},"J8":{"2X":"2","3X":"2"},"MC":{"62":"2","52":"2","G9":"2","3J":"2","3G":"2","MH":"2","2W":"2","CW":"2","27":"2","MR":"2","CQ":"2","6F":"2","PH":"2","C9":"2","FV":"2","JV":"2","2X":"2","JR":"2","CC":"2","8C":"2","4J":"2","JC":"2","FF":"2","8Q":"2","8V":"2","4H":"2","5F":"2","7V":"2","26":"2","39":"2","97":"2","3H":"2","8P":"2","J9":"2","C8":"2","3F":"2","CF":"2","H9":"2","9J":"2"},"QJ":{"4W":"2"},"QM":{"VX":"2","PQ":"2"},"J9":{"G8":"2","PQ":"2","GH":"2","MF":"2","54":"2","WV":"2","84":"2","64":"2","F9":"2","HM":"2","QV":"2","52":"2","26":"2","63":"2","2W":"2","22":"2","74":"2","35":"2","23":"2","45":"2","8F":"2","H9":"2","53":"2","78":"2","4Q":"2","4X":"2","F8":"2","85":"2","44":"2","5Q":"2","42":"2","FG":"2","87":"2","GG":"2","5R":"2","36":"2","98":"2","QP":"2","33":"2","C9":"2","89":"2","QM":"2","88":"2","34":"2","3X":"2","QR":"2","RP":"2","56":"2","2X":"2"},"MJ":{"8Q":"2","5R":"2"},"F6":{"75":"2"},"PG":{"77":"2","CM":"2","22":"2","23":"2","H8":"2","32":"2","FP":"2","FQ":"2","FG":"2","CQ":"2","99":"2","33":"2","CJ":"2","FF":"2","H7":"2","J7":"2","FC":"2","CF":"2","72":"2","CP":"2"},"H8":{"HR":"2","VW":"2","4J":"2","3H":"2","JR":"2","GW":"2","2G":"2","QV":"2","7Q":"2","2F":"2","2H":"2","FW":"2","3M":"2","2W":"2","JP":"2","5V":"2","2C":"2","FV":"2","8Q":"2","WX":"2","GP":"2","2Q":"2","4Q":"2","4X":"2","6P":"2","XX":"2","CV":"2","5M":"2","HP":"2","9R":"2","3J":"2","5P":"2","HV":"2","9Q":"2","JV":"2","MR":"2","PR":"2","GV":"2","CW":"2","5J":"2","9P":"2","CX":"2","XW":"2","VV":"2","4R":"2"},"G7":{"9X":"2","7M":"2","7V":"2","7J":"2","7Q":"2","9W":"2","7R":"2","5V":"2","7W":"2","6R":"2","8R":"2","4Q":"2","6P":"2","7P":"2","5Q":"2","3R":"2","5M":"2","6W":"2","5R":"2","8V":"2","5P":"2","5W":"2","6Q":"2","8M":"2","6V":"2","3Q":"2","3P":"2","6J":"2","6M":"2","5J":"2","7X":"2"},"G8":{"XR":"2","WG":"2","M9":"2","XW":"2","P7":"2","XF":"2","F8":"2","PC":"2","VP":"2","WJ":"2","M5":"2","M6":"2","PF":"2","XG":"2","H8":"2","VC":"2","R9":"2","J6":"2","94":"2","F7":"2","G6":"2","P6":"2","WF":"2","XQ":"2","83":"2","WH":"2","J7":"2","XC":"2","M7":"2","F6":"2","XM":"2","G8":"2","VM":"2","QH":"2","VH":"2","J9":"2","H6":"2","J5":"2","VJ":"2","QG":"2","M8":"2","82":"2","Q9":"2","RM":"2","P8":"2","Q8":"2","RH":"2","RJ":"2","RQ":"2","WM":"2","VQ":"2","MC":"2","H9":"2","92":"2","WC":"2"},"GX":{"G2":"2"},"MF":{"G8":"2","QJ":"2","G7":"2","JG":"2","WW":"2","FM":"2","H5":"2","G6":"2","QQ":"2","WV":"2","HM":"2","XP":"2","WM":"2","JP":"2","22":"2","45":"2","8F":"2","J3":"2","37":"2","8G":"2","G3":"2","F4":"2","RJ":"2","JF":"2","VQ":"2","R6":"2","HP":"2","WR":"2","RQ":"2","MP":"2","47":"2","48":"2","69":"2","FJ":"2","JM":"2","Q6":"2"},"CW":{"G8":"2","M7":"2","HG":"2","J5":"2","H5":"2","G6":"2","G9":"2","P8":"2","P5":"2","P9":"2","H8":"2","H9":"2","MC":"2","HF":"2","H4":"2","F6":"2","J6":"2","JF":"2","J4":"2","FG":"2","H6":"2","H7":"2","CG":"2","HC":"2","G5":"2","F7":"2","M8":"2","J7":"2","M4":"2","JC":"2"},"PH":{"GM":"2","6X":"2"},"QF":{"RG":"2","QG":"2","QM":"2","PG":"2","RF":"2","QH":"2","MM":"2","QX":"2","RH":"2","8W":"2"},"JC":{"23":"2","XR":"2","R8":"2","34":"2","G9":"2","32":"2","22":"2","99":"2","MH":"2","XW":"2","JF":"2","MG":"2","PC":"2","VP":"2","JG":"2","86":"2","X5":"2","F9":"2","HF":"2","C9":"2","XX":"2","77":"2","66":"2","73":"2","H4":"2","CC":"2","G4":"2","56":"2","JH":"2","XV":"2","G2":"2","FC":"2","55":"2","46":"2","FF":"2","87":"2","WV":"2","76":"2","63":"2","X7":"2","QF":"2","VM":"2","75":"2","98":"2","GC":"2","WQ":"2","X4":"2","WP":"2","QH":"2","65":"2","RP":"2","64":"2","C8":"2","74":"2","Q8":"2","H2":"2","45":"2"},"GQ":{"WX":"2"},"M9":{"5X":"2","2Q":"2","5R":"2","4X":"2","2X":"2","3X":"2","2W":"2"},"GP":{"X6":"2","X7":"2"},"H9":{"W8":"2","95":"2","32":"2","F3":"2","99":"2","RG":"2","XW":"2","P7":"2","93":"2","W7":"2","MV":"2","9C":"2","C9":"2","RW":"2","GH":"2","66":"2","FG":"2","CC":"2","X2":"2","94":"2","FC":"2","55":"2","RF":"2","FF":"2","QV":"2","PR":"2","XP":"2","P9":"2","76":"2","HM":"2","QF":"2","97":"2","F2":"2","75":"2","WP":"2","96":"2","65":"2","64":"2","RV":"2","QG":"2","GG":"2","C8":"2","74":"2","Q8":"2","P8":"2","C2":"2","54":"2","VW":"2","WM":"2","43":"2","92":"2","RR":"2"}},"QW":{"4P":{"9G":"2","R8":"2","MC":"2","7W":"2","88":"2","V8":"2","7Q":"2","Q9":"2","9M":"2","75":"2","2C":"2","38":"2","C7":"2","JF":"2","5C":"2","MF":"2","74":"2","7P":"2","8G":"2","37":"2","97":"2","HG":"2"},"4M":{"7F":"2"},"F7":{"V7":"2"},"QG":{"PX":"2"},"72":{"X2":"2","W5":"2","G3":"2","P2":"2","W2":"2","R2":"2","X5":"2","G8":"2"},"28":{"PX":"2"},"G2":{"R4":"2"},"9R":{"JQ":"2","HR":"2","HQ":"2","JR":"2"},"X4":{"73":"2"},"4J":{"44":"2"},"MP":{"RG":"2"},"3G":{"82":"2","92":"2"},"92":{"92":"2","6X":"2","4V":"2"},"8J":{"X8":"2"},"39":{"G6":"2"},"HH":{"V3":"2","W3":"2"},"PP":{"67":"2"},"3F":{"9X":"2","PW":"2","9W":"2","8W":"2","8X":"2"},"5V":{"GH":"2"},"3J":{"MH":"2","PH":"2","G5":"2","H5":"2","PX":"2"},"JF":{"64":"2","62":"2","74":"2","53":"2"},"HF":{"X5":"2"},"82":{"75":"2","62":"2","G9":"2","54":"2","26":"2","22":"2","35":"2","23":"2","H9":"2","37":"2","79":"2","MC":"2","43":"2","53":"2","65":"2","F8":"2","44":"2","24":"2","33":"2","C8":"2","34":"2","7C":"2","CF":"2","66":"2","JC":"2"},"X6":{"H4":"2","82":"2","5C":"2"},"4R":{"Q3":"2","P3":"2","Q5":"2","Q4":"2"},"93":{"63":"2","72":"2","62":"2","83":"2","C3":"2","93":"2","73":"2"},"48":{"HV":"2","HR":"2","VR":"2","VQ":"2","JV":"2","JR":"2"},"MF":{"J9":"2","QF":"2"},"27":{"C8":"2"},"JC":{"6X":"2"},"3H":{"9F":"2"},"4Q":{"XV":"2","72":"2","63":"2","67":"2","62":"2","VP":"2","65":"2","45":"2","52":"2","75":"2","73":"2"},"XJ":{"FM":"2","CJ":"2","CM":"2","FJ":"2"},"59":{"7R":"2"},"H9":{"VX":"2"},"7X":{"8J":"2","7H":"2","9J":"2"},"5Q":{"2V":"2"}},"PH":{"X8":{"M8":"2","RC":"2"}},"XX":{"F4":{"3Q":"2","6J":"2","9H":"2","2M":"2"},"C4":{"JQ":"2","3W":"2","JM":"2","MQ":"2","3V":"2","83":"2","MJ":"2","QQ":"2","VP":"2","GR":"2","J5":"2","3X":"2","WP":"2","3P":"2","3Q":"2","J6":"2","3H":"2","GM":"2","36":"2","37":"2"},"V7":{"VG":"2","28":"2","VJ":"2","VH":"2"},"95":{"RG":"2","QM":"2","WG":"2","XF":"2","WF":"2","WH":"2"},"M5":{"X9":"2"},"CX":{"RV":"2"},"C2":{"87":"2"},"83":{"PR":"2"},"94":{"PR":"2"},"F6":{"J4":"2","M4":"2","J5":"2"},"X9":{"85":"2","84":"2"},"H3":{"62":"2"},"FX":{"2R":"2"},"J5":{"GC":"2","HC":"2"},"G5":{"95":"2"},"F5":{"63":"2","24":"2","G3":"2","43":"2"},"H2":{"6X":"2"},"4C":{"8W":"2"},"C5":{"35":"2","W4":"2","42":"2","X4":"2","Q4":"2","V4":"2","54":"2","2P":"2","45":"2","2C":"2","55":"2","24":"2","43":"2","56":"2","26":"2","P6":"2","34":"2","46":"2","44":"2","36":"2","25":"2"},"WG":{"R8":"2","R9":"2"}},"RW":{"58":{"V4":"2","XM":"2","XP":"2"},"WG":{"H3":"2","H2":"2"},"8X":{"RQ":"2","VR":"2","VP":"2","VQ":"2","RP":"2"},"M9":{"W8":"2","PM":"2","X9":"2","WG":"2","RG":"2","9F":"2","R6":"2","W3":"2","8M":"2","5X":"2","XG":"2","XH":"2","VG":"2","24":"2","VC":"2","6M":"2","QW":"2","PH":"2","CV":"2","FR":"2","FV":"2","VF":"2","PJ":"2","JP":"2","PP":"2","QJ":"2","MW":"2","QV":"2","XJ":"2","QM":"2","WH":"2","XC":"2","V3":"2","9G":"2","PQ":"2","QR":"2","CR":"2","PG":"2","QQ":"2","QH":"2","QP":"2","VH":"2","RP":"2","JQ":"2","F5":"2","64":"2","QG":"2","RV":"2","RH":"2","RQ":"2","MM":"2","CF":"2","RR":"2","WC":"2"},"RG":{"6F":"2"},"P7":{"2J":"2","4H":"2","4J":"2","R7":"2","2M":"2","V7":"2","3M":"2","5J":"2","V8":"2"},"68":{"4H":"2","4J":"2","3H":"2","3J":"2","59":"2","49":"2"},"JM":{"X3":"2"},"MG":{"M5":"2"},"PC":{"4M":"2","J8":"2","4J":"2","J9":"2","6M":"2","H8":"2","5J":"2","5M":"2","6P":"2","H9":"2"},"WJ":{"CF":"2","FF":"2"},"M5":{"6C":"2","8R":"2"},"PF":{"9X":"2","G4":"2","8X":"2"},"XG":{"92":"2"},"MF":{"56":"2","57":"2","8P":"2","R3":"2","C5":"2"},"HF":{"C8":"2"},"Q6":{"2R":"2"},"R4":{"G6":"2","FM":"2","CP":"2","CJ":"2","CM":"2","CQ":"2","9Q":"2"},"VF":{"GV":"2"},"JR":{"C4":"2","8P":"2","C2":"2","C3":"2"},"HC":{"PR":"2","QR":"2","9F":"2"},"FC":{"3C":"2"},"RF":{"GH":"2","82":"2"},"JC":{"V9":"2","VG":"2","WF":"2","4W":"2","VF":"2"},"QJ":{"W8":"2"},"4G":{"HM":"2"},"P9":{"6C":"2","H5":"2","C2":"2","PP":"2","2G":"2","3F":"2","PH":"2","8F":"2","8Q":"2","57":"2","4Q":"2","2J":"2","H4":"2","MJ":"2","R6":"2","RQ":"2","99":"2","8M":"2","C9":"2","6V":"2","3G":"2","89":"2","92":"2","6F":"2","G5":"2","34":"2","7C":"2","MH":"2","8C":"2","56":"2","66":"2","7F":"2"},"M7":{"XX":"2","XQ":"2","8X":"2","CX":"2","FX":"2","XM":"2","XJ":"2","8W":"2"},"J2":{"C7":"2"},"QF":{"63":"2","64":"2","F7":"2","F6":"2","73":"2"},"PG":{"82":"2","92":"2"},"RC":{"JV":"2","8X":"2","JR":"2"},"QC":{"42":"2","JC":"2"},"J9":{"JV":"2","HW":"2","9M":"2","J2":"2","MW":"2","MV":"2","JW":"2","CV":"2"},"JQ":{"CM":"2"},"VJ":{"23":"2","33":"2","54":"2"},"HG":{"8Q":"2","8P":"2","9P":"2","9Q":"2"},"M8":{"X5":"2","X4":"2","XR":"2","X3":"2","F2":"2","C2":"2","VG":"2","XF":"2","X6":"2","5X":"2","XX":"2","X9":"2","FV":"2","5G":"2","34":"2"},"Q9":{"H4":"2","G3":"2","G4":"2","M3":"2","Q4":"2","3J":"2","34":"2"},"Q8":{"3J":"2"},"P8":{"CX":"2"},"JX":{"5P":"2","6M":"2"},"RJ":{"X4":"2","X3":"2","X2":"2","W6":"2"},"MC":{"R6":"2","V5":"2","V6":"2","CR":"2","JG":"2","VJ":"2","PF":"2","R5":"2","WJ":"2","C2":"2","Q4":"2","PC":"2","54":"2","39":"2","GG":"2","HH":"2","RX":"2","C3":"2","MG":"2","H5":"2","38":"2","JF":"2","G5":"2","MF":"2","VX":"2","C5":"2","8M":"2","GQ":"2","GM":"2","GP":"2","HG":"2"}},"W9":{"X2":{"C3":"2"},"FQ":{"9C":"2","92":"2"},"QG":{"7G":"2"},"72":{"93":"2"},"Q6":{"G4":"2"},"4W":{"7H":"2","6C":"2","7J":"2","7C":"2","9M":"2"},"82":{"3C":"2","39":"2"},"VX":{"R5":"2","X6":"2","Q4":"2","R7":"2","P4":"2","36":"2","37":"2"},"VW":{"PH":"2","PW":"2","QV":"2","QW":"2","FX":"2"}},"WW":{"27":{"XC":"2"},"37":{"3C":"2","28":"2","3F":"2","29":"2"}},"VF":{"X5":{"M5":"2","P6":"2","P7":"2","Q5":"2"},"CP":{"23":"2"},"V6":{"H6":"2","F4":"2","C4":"2","H7":"2","F6":"2","H5":"2","G5":"2","F5":"2","G6":"2"},"X6":{"XV":"2","WV":"2","VW":"2","RW":"2"},"G2":{"G2":"2"}},"PW":{"X2":{"97":"2","69":"2"},"R3":{"46":"2"},"X8":{"P3":"2","M3":"2","M5":"2","Q7":"2","P5":"2","Q2":"2","P4":"2","J3":"2","W9":"2","Q5":"2","R3":"2","Q3":"2","P7":"2","J2":"2","P2":"2","R4":"2","P6":"2","M6":"2","Q4":"2","M4":"2","M2":"2","Q8":"2","Q6":"2","R2":"2"},"W5":{"J2":"2","J3":"2","3X":"2","4X":"2","3W":"2","H3":"2","H2":"2"},"V5":{"WR":"2"},"X7":{"MW":"2","HG":"2","JG":"2","FM":"2","GH":"2","RX":"2","HM":"2","CM":"2","HJ":"2","22":"2","GJ":"2","QX":"2","23":"2","45":"2","9J":"2","PX":"2","PW":"2","JJ":"2","HH":"2","CH":"2","FH":"2","FG":"2","GG":"2","24":"2","MX":"2","33":"2","CJ":"2","9H":"2","JH":"2","FJ":"2","56":"2","GM":"2"},"W6":{"6C":"2","4J":"2","FM":"2","4P":"2","54":"2","64":"2","5H":"2","7J":"2","XP":"2","3M":"2","2W":"2","8J":"2","PV":"2","2P":"2","32":"2","4Q":"2","2R":"2","F8":"2","42":"2","3R":"2","55":"2","3W":"2","9R":"2","3V":"2","3J":"2","5W":"2","4H":"2","4M":"2","3Q":"2","3P":"2","HC":"2","6J":"2","5J":"2","2V":"2","FJ":"2","4R":"2"},"V6":{"MR":"2","QV":"2","VQ":"2","XQ":"2","QR":"2","RW":"2","VV":"2","M5":"2","XR":"2","RV":"2","WV":"2","PP":"2","QW":"2","PV":"2","WP":"2","RR":"2","PW":"2","PQ":"2","XP":"2","JW":"2","PX":"2","WQ":"2","QX":"2","WR":"2"},"V7":{"J3":"2"},"X4":{"C4":"2"},"V2":{"XJ":"2"},"W2":{"V9":"2","CC":"2"},"V4":{"R5":"2","RP":"2"},"W3":{"3Q":"2","3P":"2","2Q":"2","3R":"2","2R":"2","2P":"2"},"W7":{"MP":"2","H3":"2"},"X6":{"6P":"2"}},"XV":{"R3":{"47":"2"},"6H":{"MW":"2"},"VG":{"CQ":"2"},"V3":{"HP":"2","FJ":"2","HQ":"2","FH":"2","GH":"2","FM":"2","GJ":"2"},"XG":{"PG":"2","QG":"2","PF":"2","QF":"2"},"5G":{"F7":"2"},"VH":{"86":"2","95":"2"}},"PJ":{"97":{"8C":"2","CF":"2","GP":"2","FJ":"2","HQ":"2","FH":"2"},"Q7":{"W6":"2"},"MW":{"RH":"2"},"CJ":{"7V":"2","8R":"2","5J":"2"},"FC":{"FQ":"2"}},"RF":{"99":{"75":"2"},"77":{"7R":"2","7H":"2","9G":"2","8V":"2","7W":"2","CX":"2","8W":"2","4V":"2","8X":"2"},"86":{"M7":"2","H6":"2","22":"2","M6":"2","H4":"2","H7":"2","72":"2","62":"2","G2":"2","G3":"2","J8":"2","V8":"2","M8":"2","V9":"2","H5":"2","23":"2","H3":"2","33":"2","J5":"2","53":"2","H2":"2","J6":"2","32":"2","J7":"2","G4":"2","QF":"2"},"76":{"X2":"2","PJ":"2","W4":"2","V7":"2","MQ":"2","W2":"2","V4":"2","QM":"2","W3":"2","RF":"2","R9":"2","JP":"2","VF":"2","R7":"2","X3":"2","V3":"2","QF":"2","RC":"2","QP":"2"},"CQ":{"V8":"2"},"88":{"44":"2","5G":"2"},"85":{"GV":"2","8Q":"2","7R":"2","9R":"2","8P":"2","6R":"2","9V":"2","7V":"2","9X":"2","8V":"2","6Q":"2","5Q":"2","HV":"2","9P":"2","7W":"2","9W":"2","8W":"2","8R":"2","7X":"2","9Q":"2","4V":"2","8X":"2","CV":"2"},"6M":{"93":"2"},"7J":{"5P":"2","4P":"2"},"6F":{"G9":"2","G8":"2"},"WF":{"J3":"2","Q6":"2"},"69":{"H8":"2"},"G5":{"7G":"2","7H":"2","8H":"2"},"96":{"86":"2","F7":"2","V8":"2","Q4":"2","F6":"2","H8":"2","G7":"2","G8":"2","C7":"2","96":"2","C6":"2","87":"2","Q5":"2","97":"2"},"C6":{"F7":"2","P3":"2","27":"2","J6":"2","87":"2"},"87":{"JH":"2","MH":"2","MG":"2","Q4":"2"},"78":{"R6":"2","V5":"2","V6":"2","R5":"2","V4":"2","33":"2","34":"2","84":"2","Q5":"2"},"6J":{"QX":"2","PW":"2","PV":"2","QW":"2","PX":"2"},"C5":{"3Q":"2","HM":"2","GM":"2"},"GJ":{"MR":"2","MV":"2","JX":"2"},"GM":{"J2":"2"},"WC":{"RX":"2","PV":"2"},"97":{"56":"2","55":"2","38":"2","46":"2","28":"2","39":"2"},"6H":{"WJ":"2","XM":"2","RH":"2","VJ":"2","WM":"2"}},"QJ":{"54":{"WC":"2"},"9P":{"QX":"2","RX":"2","QW":"2"},"VG":{"JH":"2","FV":"2"},"53":{"2M":"2"},"43":{"5M":"2","9Q":"2"}},"WF":{"38":{"P5":"2","X4":"2","V4":"2","X3":"2","X2":"2","V3":"2","W3":"2","W4":"2"},"C7":{"8J":"2","7J":"2","8H":"2"},"4J":{"3Q":"2"},"FM":{"63":"2","77":"2","66":"2","76":"2","58":"2","6G":"2","67":"2","74":"2","64":"2","68":"2"},"97":{"WV":"2","VV":"2","VR":"2","XW":"2"},"MF":{"5F":"2"},"6G":{"38":"2","39":"2"},"J8":{"RM":"2","33":"2","53":"2","43":"2"},"W7":{"R7":"2"},"Q7":{"PR":"2","MR":"2","MQ":"2","JR":"2"},"QV":{"P8":"2"},"7J":{"JH":"2","MH":"2","MG":"2","JJ":"2","HH":"2","HG":"2","JG":"2"},"3F":{"7V":"2","6W":"2","7W":"2","6V":"2"},"JP":{"7R":"2","9R":"2","6R":"2","7Q":"2"},"V9":{"R7":"2"},"RW":{"2R":"2"},"37":{"XX":"2"},"6R":{"JQ":"2"},"8G":{"M5":"2","J4":"2","J3":"2"},"57":{"F2":"2"},"J2":{"VF":"2"},"FH":{"MR":"2","JV":"2","MQ":"2","JR":"2"},"HV":{"M7":"2","JH":"2","58":"2","F9":"2","67":"2","57":"2","G8":"2","R9":"2","WF":"2","5C":"2","78":"2","VC":"2","J6":"2","46":"2","J7":"2","C8":"2","G9":"2"},"9Q":{"8R":"2","5R":"2","3R":"2","6Q":"2","6R":"2","5W":"2","6M":"2","7R":"2","5V":"2","6V":"2","6P":"2","8W":"2","5Q":"2"},"C4":{"PJ":"2","JM":"2","RQ":"2","MJ":"2","QQ":"2","RR":"2","JP":"2","PM":"2","PH":"2","MM":"2","QP":"2"},"JV":{"5C":"2","4C":"2","6G":"2"},"48":{"24":"2","33":"2","54":"2","44":"2","25":"2","26":"2"},"QW":{"XQ":"2"},"9H":{"PR":"2","MM":"2","MQ":"2"},"7C":{"HG":"2","JG":"2","GH":"2","MF":"2","PP":"2","HJ":"2","GJ":"2","MG":"2","HH":"2","JJ":"2","HF":"2","MJ":"2","FG":"2","GG":"2","98":"2","MP":"2","CC":"2","89":"2","FF":"2","9C":"2","MH":"2","CF":"2","JH":"2","GM":"2","PG":"2","MM":"2"},"JH":{"QR":"2","VJ":"2","WJ":"2","RP":"2","MQ":"2","PP":"2","PQ":"2","QP":"2","RM":"2"},"GQ":{"G7":"2"},"GM":{"57":"2","5C":"2","47":"2","4F":"2","4C":"2","GG":"2","49":"2","39":"2"},"WG":{"WJ":"2","XM":"2","XJ":"2"}},"QV":{"9X":{"8X":"2"},"M7":{"75":"2"},"8X":{"HJ":"2","2W":"2","GJ":"2","2X":"2","3X":"2","HH":"2"},"V8":{"6R":"2","MP":"2","MM":"2","GJ":"2","3X":"2","JM":"2","8M":"2"},"JR":{"CP":"2","CM":"2"},"PM":{"7F":"2","7C":"2"},"V3":{"FP":"2"},"2G":{"PP":"2"},"VJ":{"F2":"2"},"Q7":{"MH":"2"},"QV":{"CW":"2"},"JQ":{"CX":"2","CW":"2"},"V4":{"25":"2"},"2W":{"87":"2","58":"2"},"JP":{"PW":"2","MW":"2","PV":"2"},"VH":{"FX":"2","CV":"2"},"FV":{"2G":"2"},"JW":{"M3":"2"},"W3":{"R3":"2"},"Q5":{"XJ":"2","RQ":"2","PV":"2","XP":"2","JX":"2"},"V7":{"G4":"2","94":"2","F5":"2","83":"2"},"PJ":{"X3":"2","JG":"2"},"29":{"24":"2","23":"2"},"CV":{"P5":"2","M5":"2","M4":"2","R7":"2","P4":"2","WC":"2"},"QC":{"CJ":"2","65":"2"},"RH":{"56":"2","68":"2","57":"2","54":"2","66":"2","65":"2","88":"2","58":"2","48":"2","43":"2","39":"2"},"R6":{"W7":"2","XC":"2"},"6W":{"X5":"2"},"R8":{"CR":"2"},"W8":{"6J":"2","62":"2","53":"2"},"6X":{"7G":"2"},"5W":{"CV":"2"},"JV":{"M6":"2","HJ":"2","GC":"2"},"QH":{"CM":"2"},"R4":{"P5":"2","5P":"2","V6":"2","6Q":"2","Q4":"2","6V":"2","W6":"2"},"QG":{"96":"2","95":"2"},"3G":{"29":"2"},"QF":{"F8":"2"},"P6":{"68":"2","78":"2"},"Q9":{"GH":"2"},"HX":{"9J":"2","4X":"2","8H":"2","9M":"2","CF":"2","6W":"2","9P":"2","9Q":"2","FC":"2","8G":"2"},"M6":{"MM":"2","MJ":"2"},"M8":{"76":"2"},"J7":{"68":"2","G8":"2","78":"2","99":"2"},"V6":{"5R":"2"},"FX":{"GW":"2"},"R5":{"7C":"2","58":"2","6C":"2","3G":"2","9F":"2","7G":"2","HH":"2","V4":"2","C7":"2","GF":"2","86":"2","C9":"2","2H":"2","XX":"2","CH":"2","GH":"2","85":"2","R4":"2","FG":"2","CC":"2","FC":"2","GJ":"2","8C":"2","FF":"2","CJ":"2","FJ":"2","FH":"2","8F":"2","4F":"2","5F":"2","2J":"2","GC":"2","67":"2","H6":"2","CG":"2","GG":"2","C8":"2","HJ":"2","G5":"2","3F":"2","6G":"2","CF":"2","H5":"2","H9":"2"},"MM":{"JQ":"2","JR":"2"},"JC":{"8Q":"2","9R":"2","8P":"2","8R":"2"},"2X":{"25":"2"},"Q8":{"R5":"2","MH":"2","PH":"2","FQ":"2","PJ":"2","HR":"2","WF":"2","VR":"2","MJ":"2","8R":"2","JV":"2","W9":"2"},"Q6":{"MC":"2","97":"2","J2":"2","96":"2","87":"2"},"7X":{"4W":"2","VX":"2","GX":"2","9W":"2","2W":"2","WX":"2","PX":"2","PW":"2","8W":"2","CV":"2","CR":"2","6W":"2","8V":"2","MV":"2","3W":"2","MX":"2","JX":"2","3X":"2","9V":"2","2V":"2","HW":"2","XW":"2"}},"XP":{"XV":{"96":"2"},"C9":{"QC":"2","W7":"2","VC":"2","V9":"2","VG":"2","WF":"2","VF":"2","RC":"2","X9":"2","V8":"2"},"9C":{"RW":"2"},"XR":{"9V":"2","9W":"2","GR":"2"},"F9":{"57":"2","7G":"2","GF":"2","8J":"2","5C":"2","C7":"2","2C":"2","HF":"2","66":"2","5F":"2","R6":"2","C8":"2","8H":"2","98":"2","6F":"2","GX":"2","59":"2","3F":"2","49":"2","58":"2","43":"2","48":"2","39":"2"},"3R":{"9P":"2"},"HR":{"V3":"2"},"C8":{"GJ":"2"},"JR":{"56":"2"}},"XJ":{"GC":{"3M":"2","2P":"2"},"HG":{"4W":"2","5X":"2","4X":"2","5W":"2"}},"V9":{"XW":{"M9":"2","P9":"2"},"JR":{"4C":"2"}},"QM":{"QC":{"95":"2","R8":"2","X9":"2","F3":"2","M9":"2","R6":"2","P7":"2","W3":"2","JF":"2","V2":"2","XF":"2","MG":"2","V7":"2","C4":"2","PC":"2","M3":"2","V4":"2","W7":"2","X6":"2","M5":"2","M6":"2","JG":"2","MF":"2","H8":"2","V8":"2","C5":"2","J4":"2","X5":"2","Q6":"2","H3":"2","R4":"2","W9":"2","R3":"2","H4":"2","Q3":"2","G4":"2","J6":"2","W6":"2","G2":"2","G6":"2","P6":"2","R7":"2","G7":"2","Q4":"2","83":"2","V9":"2","J7":"2","P2":"2","M7":"2","W4":"2","V3":"2","J2":"2","Q7":"2","X7":"2","G8":"2","F2":"2","W5":"2","C3":"2","V5":"2","M4":"2","Q5":"2","R5":"2","PG":"2","RC":"2","X4":"2","W2":"2","J3":"2","M2":"2","J9":"2","H7":"2","F5":"2","H6":"2","J5":"2","QG":"2","Q2":"2","M8":"2","Q9":"2","P3":"2","X3":"2","74":"2","Q8":"2","P8":"2","P5":"2","J8":"2","C2":"2","P4":"2","G5":"2","F4":"2","H5":"2","MC":"2","V6":"2","H9":"2","WC":"2"},"8C":{"9P":"2"},"9C":{"VG":"2"},"PP":{"FC":"2"},"WV":{"2J":"2"},"MP":{"8G":"2","8F":"2"},"2C":{"CR":"2"},"MW":{"QG":"2","RG":"2","RF":"2","QF":"2"},"Q9":{"MW":"2","9X":"2","PQ":"2","VW":"2","QQ":"2","WV":"2","JR":"2","VX":"2","GX":"2","QV":"2","HJ":"2","GJ":"2","QX":"2","RW":"2","9J":"2","JW":"2","PX":"2","PW":"2","HH":"2","MV":"2","WR":"2","MX":"2","RQ":"2","HV":"2","JV":"2","MR":"2","JX":"2","PR":"2","CJ":"2","HX":"2","QW":"2","QR":"2","MQ":"2","FX":"2","HW":"2"},"CC":{"7Q":"2","5V":"2","4W":"2","4V":"2"},"RC":{"2G":"2","24":"2","23":"2","33":"2","2F":"2","26":"2","36":"2"},"7F":{"QC":"2","68":"2","RC":"2"},"95":{"QP":"2"},"W9":{"XX":"2"},"HC":{"C5":"2","95":"2"}},"WV":{"2J":{"9F":"2"},"35":{"2X":"2"},"25":{"FQ":"2","QX":"2","RX":"2","HR":"2","JV":"2","RW":"2"},"26":{"Q4":"2","P2":"2","R4":"2","Q2":"2"}},"WH":{"PH":{"VQ":"2"},"X4":{"R7":"2"},"54":{"HJ":"2"},"2Q":{"H8":"2"},"Q9":{"8R":"2"},"H5":{"W6":"2"}},"XC":{"4P":{"CH":"2","9H":"2","9G":"2"},"W8":{"VX":"2","VW":"2"},"HC":{"PW":"2","MW":"2","HW":"2","JW":"2"},"42":{"XQ":"2"},"WH":{"82":"2","83":"2","84":"2","73":"2","53":"2"},"3X":{"J8":"2","H8":"2","H7":"2","J7":"2"},"27":{"V3":"2"},"W9":{"R2":"2","R3":"2","V4":"2","V5":"2","R4":"2"}},"XM":{"QG":{"8P":"2"},"J3":{"64":"2","54":"2","76":"2","75":"2","53":"2"},"RH":{"H2":"2"},"GG":{"C9":"2","97":"2","F9":"2","C8":"2","CC":"2","FC":"2","FF":"2","99":"2"},"VH":{"RQ":"2"}},"QF":{"VX":{"H4":"2","P6":"2","V9":"2"}},"QR":{"73":{"P3":"2","38":"2","M3":"2","28":"2","54":"2","V3":"2","64":"2","Q2":"2","X2":"2","V2":"2","59":"2","W2":"2","W3":"2","37":"2","65":"2","X3":"2","27":"2","R3":"2","J2":"2","55":"2","P2":"2","3V":"2","68":"2","R4":"2","58":"2","48":"2","M2":"2","56":"2","R2":"2"},"62":{"XX":"2"},"7M":{"RR":"2","PV":"2","PX":"2"},"C2":{"7C":"2","95":"2","23":"2","36":"2","2P":"2","58":"2","R8":"2","34":"2","62":"2","F3":"2","48":"2","2W":"2","P7":"2","68":"2","2Q":"2","F8":"2","5C":"2","27":"2","49":"2","M5":"2","M6":"2","G3":"2","C5":"2","86":"2","J4":"2","24":"2","VC":"2","6F":"2","H3":"2","77":"2","35":"2","85":"2","73":"2","H4":"2","G4":"2","79":"2","J6":"2","84":"2","G6":"2","P6":"2","R7":"2","8C":"2","46":"2","25":"2","2C":"2","59":"2","83":"2","V9":"2","33":"2","8F":"2","57":"2","76":"2","Q7":"2","39":"2","F2":"2","2V":"2","78":"2","J3":"2","3Q":"2","67":"2","37":"2","F5":"2","H6":"2","64":"2","J5":"2","C8":"2","82":"2","74":"2","C2":"2","3C":"2","54":"2","3F":"2","38":"2","45":"2","F4":"2","H5":"2","92":"2","WC":"2"},"64":{"PH":"2","R2":"2","R3":"2","X4":"2","PF":"2","Q7":"2","X2":"2","WJ":"2","XJ":"2","Q4":"2","R7":"2","V2":"2","W2":"2","V5":"2","X9":"2","R4":"2"},"QV":{"X6":"2"},"63":{"WV":"2","X8":"2","X2":"2","RX":"2","X7":"2"},"74":{"62":"2","32":"2","42":"2"},"94":{"58":"2","67":"2","7G":"2","55":"2","48":"2","2F":"2","27":"2","46":"2","49":"2"},"93":{"G8":"2","G7":"2","M7":"2","6C":"2","C7":"2","J5":"2","73":"2","H5":"2","77":"2","G9":"2","F5":"2","54":"2","C2":"2","R9":"2","64":"2","M9":"2","F9":"2","52":"2","3F":"2","63":"2","C6":"2","74":"2","5G":"2","94":"2","93":"2","96":"2","45":"2","J9":"2","H9":"2","79":"2","83":"2","FP":"2","86":"2","F8":"2","46":"2","4G":"2","F6":"2","CH":"2","J6":"2","FG":"2","CQ":"2","87":"2","4F":"2","9Q":"2","CC":"2","99":"2","H6":"2","8M":"2","C9":"2","5F":"2","89":"2","QF":"2","C8":"2","FF":"2","PF":"2","6F":"2","H7":"2","W5":"2","3X":"2","F7":"2","J7":"2","PC":"2","M8":"2","9C":"2","8C":"2","FC":"2","69":"2","72":"2","GC":"2","66":"2","2X":"2","7F":"2","82":"2"},"57":{"W7":"2","W6":"2","W9":"2"},"83":{"P3":"2","75":"2","M7":"2","J5":"2","62":"2","H5":"2","M5":"2","W4":"2","P5":"2","52":"2","63":"2","P4":"2","22":"2","W2":"2","23":"2","H8":"2","VH":"2","G2":"2","W3":"2","32":"2","H3":"2","Q5":"2","57":"2","43":"2","53":"2","R3":"2","Q3":"2","44":"2","H4":"2","42":"2","55":"2","J4":"2","H6":"2","33":"2","H2":"2","P6":"2","H7":"2","M6":"2","Q4":"2","J7":"2","M4":"2","WG":"2"},"65":{"M8":"2"},"4V":{"XG":"2"},"7P":{"M2":"2"},"FQ":{"9R":"2","9V":"2","CM":"2","GQ":"2"},"C3":{"39":"2"},"6Q":{"6M":"2","6P":"2"},"92":{"83":"2","3Q":"2","Q5":"2","66":"2","9X":"2","HW":"2","8W":"2","8R":"2","CP":"2","F5":"2","HJ":"2","3R":"2","7W":"2","65":"2","3F":"2","M5":"2","6R":"2","7X":"2","P4":"2","C2":"2","2R":"2","39":"2","5X":"2","52":"2","XF":"2","CJ":"2","27":"2","VC":"2","PV":"2","V2":"2","JX":"2","JP":"2","9H":"2","72":"2","5W":"2","7J":"2","7P":"2","FH":"2","6J":"2","W7":"2","XR":"2","FJ":"2","7M":"2","42":"2","46":"2","VF":"2","GR":"2","29":"2","4P":"2","6M":"2","QW":"2","HG":"2","P8":"2","9V":"2","5C":"2","PF":"2","8J":"2","43":"2","7V":"2","RF":"2","4C":"2","Q4":"2","GJ":"2","3V":"2","6V":"2","4R":"2","4J":"2","8Q":"2","CC":"2","C8":"2","CQ":"2","FX":"2","6P":"2","FV":"2","3C":"2","R6":"2","X5":"2","2P":"2","P7":"2","FW":"2","CX":"2","93":"2","RV":"2","X3":"2","45":"2","9W":"2","9Q":"2","8C":"2","MH":"2","R4":"2","XV":"2","GH":"2","5P":"2","XC":"2","FQ":"2","HP":"2","F8":"2","RW":"2","VG":"2","MV":"2","HH":"2","2G":"2","GW":"2","F2":"2","CM":"2","C5":"2","H2":"2","64":"2","3G":"2","GM":"2","WC":"2","GG":"2","V4":"2","JR":"2","7C":"2","5V":"2","XH":"2","54":"2","62":"2","G6":"2","35":"2","G7":"2","MJ":"2","96":"2","99":"2","V7":"2","6C":"2","MF":"2","3J":"2","M4":"2","9J":"2","4Q":"2","PW":"2","C9":"2","MG":"2","WF":"2","P6":"2","WV":"2","R9":"2","55":"2","G4":"2","2C":"2","95":"2","76":"2","P5":"2","8P":"2","75":"2","3M":"2","7Q":"2","2W":"2","6F":"2","67":"2","R8":"2","J4":"2","4M":"2","G3":"2","V5":"2","2F":"2","2H":"2","2Q":"2","R7":"2","H3":"2","6Q":"2","G2":"2","JG":"2","W2":"2","4F":"2","Q6":"2","J2":"2","9C":"2","QF":"2","3H":"2","82":"2","M6":"2","5Q":"2","63":"2","9P":"2","33":"2","GP":"2","PQ":"2","7R":"2","J6":"2","5M":"2","F3":"2","53":"2","CV":"2","56":"2","CH":"2","2M":"2","X7":"2","X9":"2","9R":"2","VV":"2","92":"2","2V":"2","FM":"2","8V":"2","3P":"2","5R":"2","RC":"2","R5":"2","86":"2","PG":"2","J3":"2","QG":"2","H6":"2","CR":"2","GQ":"2","GX":"2","W5":"2","C3":"2","73":"2","J5":"2","Q7":"2"},"67":{"73":"2","77":"2","54":"2","64":"2","76":"2","59":"2","96":"2","95":"2","79":"2","57":"2","53":"2","78":"2","27":"2","86":"2","85":"2","55":"2","68":"2","CC":"2","99":"2","47":"2","C9":"2","58":"2","67":"2","88":"2","48":"2","8C":"2","CF":"2","49":"2","69":"2","56":"2","66":"2"},"F7":{"J3":"2"},"7C":{"93":"2","C4":"2","F2":"2","C3":"2","F5":"2","GG":"2","C5":"2","92":"2"},"69":{"RG":"2","VJ":"2","WJ":"2","VH":"2","V9":"2","WH":"2","VF":"2","VC":"2","QH":"2","WC":"2","W9":"2","RH":"2","RM":"2"},"72":{"7Q":"2","W8":"2","XR":"2","58":"2","R8":"2","G9":"2","X9":"2","VR":"2","MH":"2","RX":"2","48":"2","M9":"2","RG":"2","XW":"2","R6":"2","P7":"2","47":"2","JF":"2","WX":"2","V2":"2","XF":"2","MG":"2","CP":"2","V7":"2","PC":"2","VP":"2","MJ":"2","V4":"2","W7":"2","MR":"2","X6":"2","WJ":"2","WR":"2","PF":"2","CQ":"2","MF":"2","XG":"2","H8":"2","V8":"2","XH":"2","VG":"2","VC":"2","PX":"2","6M":"2","X8":"2","X5":"2","F9":"2","QW":"2","5J":"2","PH":"2","HF":"2","5P":"2","Q6":"2","XX":"2","RW":"2","R4":"2","W9":"2","R3":"2","FG":"2","WW":"2","VF":"2","Q3":"2","R9":"2","7P":"2","HC":"2","MP":"2","X2":"2","XV":"2","6J":"2","W6":"2","6P":"2","MX":"2","FC":"2","GJ":"2","R7":"2","RF":"2","QJ":"2","JC":"2","MW":"2","FF":"2","87":"2","Q4":"2","4V":"2","QV":"2","PR":"2","XQ":"2","XP":"2","5M":"2","4G":"2","8Q":"2","V9":"2","XJ":"2","QM":"2","WH":"2","WV":"2","P9":"2","XC":"2","FH":"2","57":"2","W4":"2","V3":"2","4H":"2","9Q":"2","PQ":"2","XM":"2","Q7":"2","X7":"2","MQ":"2","JJ":"2","QF":"2","QR":"2","VM":"2","W5":"2","VV":"2","V5":"2","8P":"2","GC":"2","QX":"2","Q5":"2","R5":"2","PG":"2","WQ":"2","QQ":"2","RC":"2","5H":"2","GM":"2","WP":"2","W2":"2","QH":"2","QC":"2","VH":"2","VX":"2","RV":"2","QG":"2","Q2":"2","M8":"2","Q9":"2","RM":"2","X3":"2","P8":"2","Q8":"2","RH":"2","JX":"2","J8":"2","WM":"2","VW":"2","45":"2","VQ":"2","V6":"2","H9":"2","9P":"2","RR":"2","R2":"2","WC":"2"},"66":{"HR":"2","FR":"2","6C":"2","HQ":"2","JR":"2","GR":"2","JQ":"2","7Q":"2","JP":"2","5V":"2","7W":"2","FV":"2","7G":"2","GP":"2","FQ":"2","HP":"2","CQ":"2","6W":"2","HV":"2","JV":"2","8M":"2","GV":"2","6M":"2","CX":"2","8C":"2","HW":"2","FJ":"2","GQ":"2"},"CP":{"XR":"2"},"7F":{"MJ":"2"},"82":{"24":"2","22":"2","HW":"2","XQ":"2","3R":"2","6G":"2","3F":"2","5F":"2","7X":"2","2R":"2","RG":"2","M2":"2","3W":"2","39":"2","XF":"2","27":"2","VC":"2","V2":"2","9H":"2","5J":"2","7J":"2","PH":"2","6J":"2","XR":"2","23":"2","WG":"2","7M":"2","36":"2","GR":"2","29":"2","JV":"2","6M":"2","X2":"2","5C":"2","PP":"2","8J":"2","QH":"2","3X":"2","4C":"2","47":"2","48":"2","3V":"2","4R":"2","WX":"2","5H":"2","3C":"2","R6":"2","2P":"2","P7":"2","2X":"2","RV":"2","X3":"2","38":"2","RH":"2","RP":"2","Q3":"2","XV":"2","5G":"2","XC":"2","HV":"2","4W":"2","HX":"2","VG":"2","2G":"2","F2":"2","VH":"2","H2":"2","3G":"2","W3":"2","V4":"2","JW":"2","54":"2","35":"2","P3":"2","2J":"2","3J":"2","7F":"2","WF":"2","WV":"2","55":"2","7H":"2","2C":"2","25":"2","VP":"2","32":"2","3M":"2","2W":"2","P2":"2","QX":"2","6F":"2","J9":"2","4M":"2","2F":"2","2Q":"2","34":"2","4V":"2","84":"2","G2":"2","W2":"2","58":"2","4F":"2","J2":"2","QF":"2","26":"2","37":"2","5M":"2","53":"2","57":"2","2M":"2","X9":"2","Q2":"2","8H":"2","X4":"2","VV":"2","2V":"2","8G":"2","3P":"2","5R":"2","PG":"2","J3":"2","QG":"2","XW":"2","GX":"2","7G":"2","6H":"2"}},"VM":{"9G":{"F9":"2","C8":"2","M9":"2","JC":"2"},"X8":{"5H":"2","6H":"2","5J":"2"},"4G":{"G8":"2"},"CX":{"M6":"2"},"JV":{"2C":"2"},"CW":{"JX":"2"}},"VV":{"3M":{"6H":"2","7J":"2"},"2J":{"R3":"2","V5":"2","R5":"2","Q4":"2","V4":"2","P4":"2","P3":"2","R4":"2","Q5":"2","Q3":"2"},"76":{"77":"2","86":"2","C4":"2","95":"2","G2":"2","89":"2","88":"2","C2":"2","8H":"2","79":"2","F2":"2","92":"2","85":"2","94":"2","98":"2","7G":"2","96":"2","C6":"2","87":"2","78":"2","7H":"2","C5":"2","8G":"2","97":"2"},"VM":{"FM":"2","FP":"2","CP":"2","GP":"2"},"7Q":{"6G":"2"},"6R":{"Q8":"2"},"5W":{"H2":"2","G2":"2"},"9M":{"8P":"2","63":"2","64":"2"},"75":{"9X":"2","FR":"2","HG":"2","JG":"2","GF":"2","GH":"2","GX":"2","FW":"2","HJ":"2","GJ":"2","9J":"2","JJ":"2","HH":"2","HF":"2","CV":"2","CH":"2","FH":"2","CR":"2","FQ":"2","JF":"2","FG":"2","CQ":"2","GG":"2","CC":"2","CJ":"2","FF":"2","CG":"2","HC":"2","9H":"2","CW":"2","CX":"2","FX":"2","FC":"2","CF":"2","JH":"2","GC":"2","FJ":"2"},"5V":{"HX":"2","GX":"2"},"X9":{"9F":"2"},"PV":{"QV":"2"},"3X":{"8F":"2","QF":"2"},"74":{"38":"2","X5":"2","C2":"2","39":"2","2G":"2","2F":"2","X2":"2","59":"2","W2":"2","2C":"2","W3":"2","X3":"2","29":"2","F2":"2","58":"2","92":"2","X4":"2","48":"2","49":"2"},"PW":{"Q8":"2"},"FC":{"28":"2","29":"2"},"2R":{"2F":"2","3M":"2"},"84":{"24":"2","25":"2"},"7P":{"PX":"2"},"73":{"9X":"2","CX":"2"},"8M":{"JG":"2","J5":"2","M3":"2","GH":"2","MF":"2","QQ":"2","PP":"2","M9":"2","7V":"2","P9":"2","PH":"2","MG":"2","VH":"2","J3":"2","MC":"2","8R":"2","X3":"2","VC":"2","JJ":"2","HH":"2","RH":"2","R6":"2","J4":"2","VG":"2","MV":"2","9Q":"2","PF":"2","RG":"2","J7":"2","PC":"2","MH":"2","M4":"2","RP":"2","WG":"2","JC":"2"},"64":{"X9":"2","HG":"2","M7":"2","JG":"2","V8":"2","XC":"2","P8":"2","J8":"2","M9":"2","P9":"2","V9":"2","XF":"2","J9":"2","H9":"2","W9":"2","V7":"2","VC":"2","HF":"2","P7":"2","JF":"2","WC":"2","W8":"2","VF":"2","HC":"2","R7":"2","WF":"2","M8":"2","JC":"2"}},"QX":{"MW":{"6J":"2","8G":"2","MW":"2","JW":"2","MX":"2","8F":"2","GQ":"2","36":"2","HQ":"2","9F":"2","6G":"2"},"G8":{"P3":"2","VG":"2","M3":"2","F4":"2","M2":"2","92":"2","H2":"2","Q2":"2"},"G7":{"XR":"2","WW":"2","WX":"2","HV":"2","HX":"2","PX":"2"},"PQ":{"2W":"2","4R":"2","2X":"2","3X":"2","4X":"2","3W":"2"},"HR":{"24":"2","83":"2","Q5":"2","F4":"2","87":"2","79":"2","QC":"2","FC":"2","6G":"2","3F":"2","M5":"2","P4":"2","C2":"2","97":"2","M2":"2","39":"2","XF":"2","27":"2","VC":"2","89":"2","9G":"2","23":"2","44":"2","88":"2","36":"2","29":"2","59":"2","P8":"2","X2":"2","5C":"2","Q9":"2","PF":"2","8J":"2","JH":"2","4C":"2","Q4":"2","V9":"2","48":"2","5H":"2","FX":"2","FV":"2","3C":"2","VX":"2","X5":"2","X3":"2","M8":"2","45":"2","Q3":"2","R4":"2","R3":"2","5G":"2","5P":"2","GV":"2","HV":"2","68":"2","77":"2","GW":"2","F2":"2","H2":"2","GM":"2","M3":"2","4H":"2","GG":"2","6X":"2","7C":"2","FR":"2","G6":"2","35":"2","P3":"2","96":"2","99":"2","6C":"2","CG":"2","3J":"2","9J":"2","M4":"2","7F":"2","R9":"2","2C":"2","76":"2","25":"2","32":"2","75":"2","P2":"2","67":"2","J4":"2","G3":"2","V5":"2","69":"2","34":"2","H3":"2","6Q":"2","G2":"2","58":"2","4F":"2","W2":"2","J2":"2","QF":"2","3H":"2","26":"2","PQ":"2","7R":"2","37":"2","FG":"2","56":"2","V6":"2","CH":"2","X7":"2","Q2":"2","8H":"2","X4":"2","CF":"2","8G":"2","FM":"2","98":"2","RC":"2","R5":"2","J3":"2","M9":"2","49":"2","GX":"2","7G":"2","C3":"2","73":"2","6H":"2"},"GF":{"6M":"2"},"HQ":{"MQ":"2","V8":"2","3Q":"2","HW":"2","87":"2","8W":"2","79":"2","W9":"2","CP":"2","3R":"2","7W":"2","QC":"2","GC":"2","6G":"2","PX":"2","5F":"2","HQ":"2","7X":"2","6R":"2","2R":"2","JM":"2","3W":"2","39":"2","5X":"2","XF":"2","CJ":"2","PV":"2","JX":"2","89":"2","JP":"2","9H":"2","5W":"2","5J":"2","7J":"2","7P":"2","PH":"2","FJ":"2","WG":"2","88":"2","H9":"2","59":"2","JV":"2","QW":"2","9V":"2","5C":"2","PF":"2","PP":"2","8J":"2","3X":"2","FP":"2","XG":"2","4R":"2","4J":"2","78":"2","8Q":"2","C8":"2","CQ":"2","FX":"2","6P":"2","VX":"2","2P":"2","FW":"2","2X":"2","93":"2","RV":"2","F9":"2","9W":"2","9Q":"2","MH":"2","8M":"2","5G":"2","5P":"2","WH":"2","HV":"2","4W":"2","68":"2","JC":"2","77":"2","HX":"2","RW":"2","MV":"2","HH":"2","Q8":"2","CW":"2","PR":"2","CM":"2","C5":"2","VH":"2","3G":"2","GM":"2","MW":"2","QV":"2","WC":"2","MX":"2","JW":"2","JR":"2","7C":"2","5V":"2","XH":"2","4G":"2","2J":"2","HM":"2","96":"2","PJ":"2","94":"2","6C":"2","7F":"2","4Q":"2","PW":"2","X8":"2","C9":"2","MG":"2","R9":"2","7H":"2","95":"2","8P":"2","85":"2","7Q":"2","X6":"2","QX":"2","6F":"2","J9":"2","R8":"2","QJ":"2","4X":"2","2H":"2","69":"2","2Q":"2","84":"2","Q6":"2","P9":"2","3H":"2","9P":"2","GP":"2","HR":"2","HC":"2","CV":"2","CH":"2","9M":"2","2M":"2","X7":"2","MM":"2","8H":"2","9R":"2","2V":"2","FM":"2","8G":"2","8V":"2","3P":"2","98":"2","5R":"2","86":"2","PG":"2","M9":"2","MR":"2","CR":"2","GX":"2","7G":"2","6H":"2"},"GH":{"VW":"2","WW":"2","MF":"2","R9":"2","PP":"2","RX":"2","M9":"2","QV":"2","PH":"2","GJ":"2","QX":"2","RW":"2","PV":"2","PW":"2","PJ":"2","2R":"2","PR":"2","H2":"2","PF":"2","QW":"2","J7":"2","M8":"2","JC":"2"},"V8":{"8P":"2","6M":"2","4Q":"2"},"QQ":{"8G":"2"},"WV":{"97":"2","F9":"2","C8":"2","98":"2"},"JR":{"7C":"2","95":"2","23":"2","36":"2","2G":"2","58":"2","FW":"2","62":"2","GV":"2","G9":"2","6C":"2","28":"2","22":"2","VR":"2","RX":"2","48":"2","RG":"2","P7":"2","47":"2","68":"2","V7":"2","C4":"2","HH":"2","W7":"2","27":"2","5C":"2","GX":"2","WJ":"2","49":"2","JG":"2","C5":"2","7F":"2","86":"2","PX":"2","6F":"2","X8":"2","F9":"2","PH":"2","C9":"2","XX":"2","RW":"2","CH":"2","77":"2","85":"2","FG":"2","JV":"2","CC":"2","PW":"2","79":"2","56":"2","HC":"2","94":"2","MX":"2","FC":"2","P6":"2","55":"2","GJ":"2","R7":"2","8C":"2","QJ":"2","MW":"2","25":"2","87":"2","2C":"2","59":"2","PR":"2","HX":"2","HR":"2","QM":"2","XC":"2","FJ":"2","FH":"2","8F":"2","GW":"2","4H":"2","76":"2","26":"2","HM":"2","X7":"2","GR":"2","G8":"2","C3":"2","75":"2","98":"2","2F":"2","89":"2","78":"2","GC":"2","RC":"2","QQ":"2","GM":"2","96":"2","65":"2","JQ":"2","37":"2","64":"2","VJ":"2","CG":"2","QG":"2","C8":"2","FM":"2","RM":"2","Q8":"2","P8":"2","RH":"2","RJ":"2","88":"2","HJ":"2","69":"2","RQ":"2","3C":"2","3F":"2","HP":"2","38":"2","RR":"2"},"GR":{"X5":"2","X4":"2","X3":"2","X2":"2"},"PM":{"X4":"2","X3":"2","PF":"2","GP":"2","GM":"2","8R":"2","5W":"2"},"C2":{"HR":"2"},"PP":{"FF":"2","FG":"2","GG":"2","CF":"2","23":"2","HF":"2","GF":"2","FC":"2","C5":"2","HG":"2"},"VR":{"2G":"2","3H":"2"},"HM":{"JQ":"2","5X":"2","35":"2","8P":"2","4V":"2","3R":"2","7Q":"2","3G":"2","6R":"2","54":"2","29":"2","45":"2","7R":"2","4W":"2","55":"2","5V":"2","4F":"2","GR":"2","53":"2","43":"2","34":"2","3Q":"2","46":"2","44":"2","PR":"2","3H":"2"},"QV":{"XF":"2","G2":"2","J8":"2","C2":"2","F3":"2","F2":"2","C3":"2","WF":"2","J7":"2"},"JQ":{"V8":"2","83":"2","3Q":"2","Q5":"2","66":"2","F4":"2","87":"2","8W":"2","F5":"2","3R":"2","7W":"2","GC":"2","65":"2","PX":"2","3F":"2","5F":"2","G8":"2","C2":"2","FF":"2","97":"2","52":"2","27":"2","89":"2","V2":"2","72":"2","7J":"2","7P":"2","W7":"2","44":"2","42":"2","46":"2","36":"2","29":"2","4P":"2","H9":"2","P8":"2","Q9":"2","PP":"2","43":"2","GF":"2","Q4":"2","47":"2","QP":"2","3V":"2","74":"2","6V":"2","4R":"2","78":"2","CC":"2","C8":"2","J7":"2","R6":"2","P7":"2","2P":"2","93":"2","M8":"2","F9":"2","RH":"2","C4":"2","8C":"2","5G":"2","5P":"2","XC":"2","68":"2","F8":"2","JC":"2","77":"2","G9":"2","2G":"2","Q8":"2","J8":"2","C5":"2","64":"2","3G":"2","4H":"2","5V":"2","4G":"2","54":"2","G5":"2","35":"2","G7":"2","96":"2","99":"2","V7":"2","94":"2","M4":"2","4Q":"2","C9":"2","WF":"2","P6":"2","55":"2","7H":"2","95":"2","76":"2","P5":"2","25":"2","85":"2","75":"2","6F":"2","J9":"2","8F":"2","67":"2","R8":"2","J4":"2","4M":"2","WR":"2","2F":"2","2H":"2","69":"2","2Q":"2","R7":"2","4V":"2","34":"2","84":"2","4F":"2","W2":"2","Q6":"2","H8":"2","9C":"2","P9":"2","3H":"2","82":"2","M6":"2","5Q":"2","63":"2","26":"2","33":"2","J6":"2","37":"2","5M":"2","53":"2","HC":"2","56":"2","57":"2","M7":"2","H7":"2","V6":"2","VQ":"2","92":"2","F7":"2","3P":"2","98":"2","5R":"2","MC":"2","F6":"2","86":"2","PM":"2","M9":"2","QQ":"2","73":"2","Q7":"2"},"V2":{"24":"2"},"HJ":{"2R":"2"},"RR":{"RG":"2","RF":"2"},"JP":{"9X":"2","8X":"2","WW":"2","HQ":"2","GW":"2","GX":"2","XV":"2","5X":"2","8Q":"2","JW":"2","PX":"2","2R":"2","4X":"2","FQ":"2","3R":"2","VQ":"2","3W":"2","9R":"2","58":"2","HX":"2","CW":"2","XW":"2","GQ":"2","7X":"2","4R":"2"},"GJ":{"W8":"2","XC":"2","R8":"2","V5":"2","P8":"2","Q2":"2"},"QX":{"QR":"2","6W":"2","PQ":"2","CX":"2","7X":"2"},"PV":{"M2":"2","77":"2","72":"2","76":"2","42":"2","75":"2","3F":"2","78":"2","27":"2"},"JW":{"G7":"2","38":"2","75":"2","C7":"2","J5":"2","M3":"2","GF":"2","62":"2","RF":"2","28":"2","97":"2","MF":"2","M5":"2","F5":"2","54":"2","GW":"2","VR":"2","QV":"2","V4":"2","GJ":"2","94":"2","23":"2","96":"2","93":"2","3C":"2","8F":"2","2C":"2","95":"2","7G":"2","37":"2","57":"2","83":"2","85":"2","46":"2","J6":"2","FH":"2","J4":"2","FG":"2","7H":"2","C5":"2","4F":"2","VG":"2","36":"2","RQ":"2","4C":"2","47":"2","H6":"2","5F":"2","92":"2","C8":"2","VF":"2","6F":"2","G5":"2","M4":"2","FC":"2","R5":"2","WG":"2","66":"2"},"PX":{"4P":"2","4G":"2","8H":"2","29":"2","2P":"2","6M":"2","5H":"2","4H":"2","5G":"2","4F":"2","WP":"2","34":"2","8G":"2"},"PW":{"CR":"2","FV":"2","CV":"2"},"GP":{"HP":"2","JM":"2","HQ":"2","JP":"2","PM":"2","PX":"2","QX":"2","RM":"2"},"HH":{"46":"2"},"FH":{"XM":"2"},"HP":{"GF":"2","4J":"2","HQ":"2","GH":"2","97":"2","3H":"2","VX":"2","GW":"2","RX":"2","JP":"2","2P":"2","65":"2","4Q":"2","86":"2","4G":"2","CH":"2","42":"2","JF":"2","HP":"2","RV":"2","FG":"2","5R":"2","HV":"2","MP":"2","JV":"2","CG":"2","GV":"2","CW":"2","CX":"2","MH":"2","FX":"2","FC":"2"},"RV":{"7H":"2","4F":"2","6G":"2","5G":"2"},"GG":{"GW":"2","HW":"2","CH":"2","CF":"2","CC":"2","FM":"2","FR":"2","CG":"2"},"MV":{"M7":"2","JH":"2","P5":"2","HJ":"2","V2":"2","P2":"2","J9":"2","GG":"2","P4":"2","2C":"2","FM":"2","GF":"2","V3":"2"},"MX":{"MW":"2","G8":"2","9M":"2","QJ":"2","G7":"2","PQ":"2","M7":"2","VW":"2","HQ":"2","V8":"2","M5":"2","G6":"2","77":"2","QQ":"2","G9":"2","VX":"2","P8":"2","RX":"2","HM":"2","QV":"2","JQ":"2","WM":"2","P9":"2","7Q":"2","JP":"2","8J":"2","QX":"2","H8":"2","RW":"2","9J":"2","PV":"2","H9":"2","JW":"2","PX":"2","8G":"2","2M":"2","PW":"2","GP":"2","V7":"2","HH":"2","2R":"2","F8":"2","F6":"2","QC":"2","JF":"2","RV":"2","MX":"2","5W":"2","MP":"2","QP":"2","JX":"2","CJ":"2","QF":"2","3P":"2","Q9":"2","HX":"2","RG":"2","QW":"2","HC":"2","6M":"2","R7":"2","QR":"2","F7":"2","PC":"2","M8":"2","9P":"2","HW":"2","GM":"2","JC":"2","VV":"2"},"HV":{"XX":"2","XW":"2","QV":"2","C4":"2","62":"2","95":"2","89":"2","VH":"2","CM":"2","C2":"2","HW":"2","F3":"2","F2":"2","RQ":"2","94":"2","75":"2","C3":"2","X9":"2","MW":"2","XM":"2","WF":"2","93":"2","RR":"2","F5":"2","84":"2","PX":"2","M4":"2","QX":"2","G6":"2","W9":"2"},"MP":{"4M":"2","4X":"2","2V":"2","Q9":"2","4W":"2","5G":"2","3X":"2","5M":"2","M9":"2","2W":"2","P9":"2"},"99":{"W8":"2","79":"2","96":"2","V2":"2","78":"2","58":"2","29":"2"},"MR":{"HG":"2","J5":"2","GF":"2","GH":"2","H5":"2","F5":"2","6G":"2","PM":"2","39":"2","PP":"2","GX":"2","HM":"2","P9":"2","26":"2","V2":"2","3M":"2","C6":"2","5C":"2","P4":"2","96":"2","3C":"2","VH":"2","J9":"2","9J":"2","PV":"2","H9":"2","2P":"2","H3":"2","PX":"2","2M":"2","PJ":"2","27":"2","R3":"2","HF":"2","Q3":"2","H4":"2","F6":"2","J2":"2","JF":"2","5M":"2","HP":"2","J4":"2","87":"2","GG":"2","5R":"2","8P":"2","5W":"2","99":"2","QH":"2","PR":"2","C8":"2","3P":"2","88":"2","G5":"2","9H":"2","Q4":"2","F7":"2","CX":"2","9C":"2","M4":"2","CF":"2","49":"2","JM":"2","GM":"2","2X":"2","R2":"2"},"JV":{"W8":"2","5R":"2","8X":"2","M9":"2","GP":"2","2W":"2","PC":"2","VP":"2","W7":"2","M6":"2","G3":"2","3P":"2","PF":"2","MF":"2","J4":"2","4M":"2","PX":"2","X8":"2","H3":"2","H4":"2","7X":"2","79":"2","MP":"2","J6":"2","W6":"2","4V":"2","P9":"2","W4":"2","7V":"2","4Q":"2","J2":"2","MQ":"2","QF":"2","5Q":"2","6V":"2","9X":"2","W2":"2","QH":"2","J3":"2","M2":"2","J5":"2","RV":"2","QG":"2","M8":"2","4X":"2","RM":"2","P8":"2","RJ":"2","RQ":"2","H2":"2","3M":"2","VQ":"2","RR":"2"},"JX":{"PR":"2","JQ":"2","HJ":"2","WV":"2","MP":"2","QR":"2","WX":"2","VX":"2","VW":"2","QV":"2","RW":"2","JP":"2"},"PR":{"4M":"2","M2":"2","R3":"2","5X":"2","FQ":"2","77":"2","XF":"2","W8":"2","4X":"2","HQ":"2","QW":"2","4H":"2","5H":"2","5V":"2","WH":"2","RF":"2","PV":"2","2H":"2","CW":"2","5M":"2","32":"2","3H":"2","WC":"2","6H":"2","VW":"2"},"89":{"WG":"2","XC":"2"},"QM":{"24":"2","23":"2","33":"2","6F":"2","49":"2","34":"2"},"H7":{"GP":"2"},"QR":{"GW":"2","28":"2","6C":"2","F9":"2","CX":"2","PP":"2","45":"2","FX":"2","JF":"2","GX":"2","2F":"2","FW":"2","74":"2","27":"2","CW":"2","44":"2","FV":"2","64":"2","M9":"2"},"MQ":{"FR":"2","VX":"2","GW":"2","GX":"2","9W":"2","FW":"2","7W":"2","WX":"2","JW":"2","PX":"2","57":"2","8W":"2","XX":"2","8V":"2","8P":"2","JV":"2","JX":"2","6V":"2","HX":"2","9V":"2","FX":"2"},"FC":{"HQ":"2","JP":"2"},"HW":{"Q2":"2","V5":"2","W8":"2","V6":"2","R5":"2","V4":"2","X9":"2","W7":"2","W9":"2","Q3":"2"},"FJ":{"M6":"2","M5":"2","J6":"2","J5":"2","WM":"2"},"GQ":{"PQ":"2","WQ":"2","WW":"2","WV":"2","PM":"2","P8":"2","W7":"2","XV":"2","XP":"2","H9":"2","Q3":"2","XX":"2","JF":"2","R6":"2","RC":"2","XQ":"2","WP":"2","W5":"2","M8":"2","PC":"2","MQ":"2","RP":"2","XW":"2","XM":"2","VV":"2"},"JM":{"MF":"2","Q8":"2","CX":"2","QQ":"2"},"GM":{"W5":"2","V5":"2","W4":"2","PF":"2","XC":"2","V4":"2","W3":"2","X6":"2","GF":"2","V3":"2","HG":"2"},"MM":{"PF":"2","5X":"2"},"VV":{"FR":"2","6R":"2","FQ":"2","HR":"2","GQ":"2","HQ":"2","GR":"2"}},"RC":{"PJ":{"XV":"2","XR":"2"},"XM":{"7J":"2","9Q":"2"}},"QQ":{"CR":{"9R":"2"},"8Q":{"CC":"2"},"MC":{"CH":"2","9H":"2"},"9V":{"JX":"2","5X":"2","9V":"2","CR":"2","3W":"2","4X":"2","8X":"2","MX":"2","CX":"2","2V":"2","6X":"2","9X":"2","4W":"2","9W":"2","2X":"2","FX":"2","GX":"2","3X":"2","2R":"2","JW":"2","CV":"2","2W":"2","8W":"2"},"GW":{"7Q":"2","6W":"2","2C":"2","4W":"2","6V":"2"},"8J":{"G6":"2","FQ":"2","CH":"2","CJ":"2","FJ":"2","CC":"2","FF":"2","FH":"2","FG":"2","99":"2"},"62":{"X2":"2"},"9X":{"3Q":"2","9X":"2","HW":"2","79":"2","8R":"2","CP":"2","XQ":"2","WW":"2","3R":"2","6G":"2","3F":"2","5F":"2","7X":"2","3W":"2","39":"2","5X":"2","52":"2","PV":"2","JX":"2","89":"2","7J":"2","PH":"2","XR":"2","7M":"2","44":"2","36":"2","GR":"2","29":"2","59":"2","JV":"2","9V":"2","5C":"2","3X":"2","WQ":"2","GF":"2","4C":"2","4J":"2","8Q":"2","CQ":"2","FX":"2","6P":"2","FV":"2","3C":"2","28":"2","FW":"2","CX":"2","2X":"2","38":"2","45":"2","9W":"2","9Q":"2","8C":"2","XV":"2","GV":"2","FQ":"2","HV":"2","VW":"2","MV":"2","2G":"2","CW":"2","GW":"2","3G":"2","4H":"2","4G":"2","FR":"2","54":"2","35":"2","2J":"2","3J":"2","7F":"2","MG":"2","WV":"2","7H":"2","8P":"2","3M":"2","2W":"2","9F":"2","QX":"2","6F":"2","8F":"2","4M":"2","2F":"2","4X":"2","2H":"2","4F":"2","58":"2","9C":"2","3H":"2","9P":"2","GP":"2","53":"2","CV":"2","8X":"2","2M":"2","8H":"2","9R":"2","VV":"2","CF":"2","8G":"2","8V":"2","CR":"2","GQ":"2","7G":"2"},"8V":{"7Q":"2","FW":"2","GV":"2","5R":"2","6X":"2","PM":"2","VR":"2","RX":"2","6Q":"2","XW":"2","WX":"2","CW":"2","PF":"2","CQ":"2","9V":"2","PX":"2","QW":"2","Q6":"2","XX":"2","RW":"2","FR":"2","FV":"2","R3":"2","JV":"2","WW":"2","7P":"2","XV":"2","5W":"2","MX":"2","MW":"2","QV":"2","QM":"2","WV":"2","GW":"2","HV":"2","GR":"2","QF":"2","QR":"2","VV":"2","6W":"2","QX":"2","WQ":"2","QQ":"2","QP":"2","65":"2","JW":"2","GQ":"2","HW":"2","JQ":"2","VX":"2","RV":"2","RH":"2","RQ":"2","VW":"2","VQ":"2","9P":"2","RR":"2","R2":"2"},"V6":{"8P":"2"},"6H":{"5V":"2","3R":"2","5R":"2","3H":"2"},"76":{"V3":"2"},"JW":{"QV":"2"},"VF":{"W9":"2"},"9W":{"24":"2","83":"2","3Q":"2","22":"2","79":"2","F5":"2","3R":"2","FC":"2","QC":"2","6G":"2","3F":"2","5F":"2","P4":"2","C2":"2","FF":"2","2R":"2","97":"2","M2":"2","3W":"2","39":"2","52":"2","89":"2","9G":"2","9H":"2","72":"2","5J":"2","7J":"2","7P":"2","6J":"2","23":"2","7M":"2","44":"2","42":"2","46":"2","36":"2","29":"2","4P":"2","59":"2","6M":"2","P8":"2","3X":"2","43":"2","GF":"2","4C":"2","Q4":"2","47":"2","H5":"2","V9":"2","48":"2","3V":"2","4R":"2","4J":"2","5H":"2","CC":"2","C8":"2","3C":"2","28":"2","P7":"2","2P":"2","2X":"2","38":"2","M8":"2","45":"2","C4":"2","8C":"2","Q3":"2","5G":"2","5P":"2","68":"2","4W":"2","G9":"2","2G":"2","J8":"2","F2":"2","C5":"2","3G":"2","M3":"2","4H":"2","7C":"2","4G":"2","54":"2","62":"2","35":"2","P3":"2","2J":"2","96":"2","99":"2","6C":"2","CG":"2","3J":"2","M4":"2","7F":"2","C9":"2","P6":"2","R9":"2","G4":"2","2C":"2","P5":"2","32":"2","85":"2","3M":"2","HF":"2","2W":"2","9F":"2","P2":"2","6F":"2","8F":"2","67":"2","R8":"2","J4":"2","4M":"2","G3":"2","2F":"2","4X":"2","2H":"2","69":"2","2Q":"2","34":"2","H3":"2","84":"2","G2":"2","C7":"2","4F":"2","58":"2","Q6":"2","H8":"2","J2":"2","9C":"2","3H":"2","82":"2","26":"2","33":"2","5M":"2","F3":"2","53":"2","FG":"2","HC":"2","56":"2","57":"2","H7":"2","2M":"2","H4":"2","92":"2","CF":"2","F7":"2","2V":"2","8G":"2","3P":"2","86":"2","J3":"2","M9":"2","49":"2","7G":"2","C3":"2","73":"2","J5":"2","6H":"2"},"CX":{"MQ":"2","Q5":"2","9X":"2","8W":"2","R2":"2","8R":"2","CP":"2","HJ":"2","7W":"2","GC":"2","FC":"2","M5":"2","HQ":"2","G8":"2","6R":"2","7X":"2","P4":"2","C2":"2","FF":"2","JM":"2","RG":"2","5X":"2","PC":"2","CJ":"2","PV":"2","V2":"2","JP":"2","VJ":"2","7P":"2","PH":"2","FJ":"2","7M":"2","W4":"2","VF":"2","4P":"2","H9":"2","6M":"2","HG":"2","P8":"2","9V":"2","X2":"2","PP":"2","JH":"2","QH":"2","7V":"2","GF":"2","FP":"2","RF":"2","Q4":"2","QP":"2","GJ":"2","H5":"2","6V":"2","4R":"2","8Q":"2","5H":"2","RR":"2","J7":"2","CQ":"2","6P":"2","FX":"2","X5":"2","P7":"2","FW":"2","CX":"2","2X":"2","X3":"2","M8":"2","RH":"2","C4":"2","9Q":"2","RP":"2","Q3":"2","R4":"2","MH":"2","R3":"2","8M":"2","GH":"2","WH":"2","FQ":"2","HP":"2","4W":"2","F8":"2","JC":"2","G9":"2","VG":"2","HH":"2","CW":"2","J8":"2","F2":"2","CM":"2","VH":"2","H2":"2","GM":"2","M3":"2","GG":"2","W3":"2","XM":"2","V4":"2","6X":"2","5V":"2","FR":"2","G6":"2","P3":"2","HM":"2","MJ":"2","PJ":"2","94":"2","MF":"2","CG":"2","M4":"2","MG":"2","P6":"2","P5":"2","VP":"2","JF":"2","7Q":"2","HF":"2","P2":"2","RJ":"2","J9":"2","WP":"2","J4":"2","V5":"2","QJ":"2","4X":"2","2H":"2","4V":"2","JJ":"2","6Q":"2","G2":"2","JG":"2","RM":"2","W2":"2","Q6":"2","H8":"2","J2":"2","P9":"2","QF":"2","M6":"2","5Q":"2","9P":"2","MP":"2","GP":"2","PQ":"2","7R":"2","J6":"2","WJ":"2","F3":"2","HR":"2","FG":"2","HC":"2","M7":"2","H7":"2","8X":"2","CH":"2","9M":"2","QM":"2","H4":"2","MM":"2","Q2":"2","9R":"2","VV":"2","2V":"2","FM":"2","8V":"2","5R":"2","MC":"2","QR":"2","RC":"2","R5":"2","PG":"2","J3":"2","M9":"2","QG":"2","XP":"2","QQ":"2","H6":"2","CR":"2","GQ":"2","GX":"2","C3":"2","V3":"2","Q7":"2"},"8W":{"MQ":"2","V8":"2","R2":"2","W9":"2","XQ":"2","RX":"2","HJ":"2","WW":"2","VR":"2","QC":"2","M5":"2","HQ":"2","WM":"2","C2":"2","JM":"2","RG":"2","M2":"2","XF":"2","PC":"2","CJ":"2","VC":"2","V2":"2","JX":"2","JP":"2","VJ":"2","FH":"2","W7":"2","FJ":"2","WG":"2","W4":"2","VF":"2","RQ":"2","H9":"2","JV":"2","HG":"2","P8":"2","X2":"2","Q9":"2","XJ":"2","PF":"2","PP":"2","VM":"2","JH":"2","QH":"2","WQ":"2","GF":"2","FP":"2","RF":"2","XG":"2","QP":"2","H5":"2","V9":"2","WX":"2","RR":"2","J7":"2","FV":"2","X5":"2","CX":"2","93":"2","X3":"2","RV":"2","XX":"2","F9":"2","RH":"2","C4":"2","9Q":"2","RP":"2","Q3":"2","MH":"2","R4":"2","R3":"2","XV":"2","GV":"2","XC":"2","WH":"2","HV":"2","HP":"2","VW":"2","F8":"2","HX":"2","G9":"2","VG":"2","MV":"2","HH":"2","Q8":"2","CW":"2","GW":"2","C5":"2","VH":"2","MW":"2","WC":"2","M3":"2","C6":"2","XM":"2","W3":"2","V4":"2","JW":"2","XH":"2","FR":"2","G6":"2","G5":"2","P3":"2","HM":"2","MJ":"2","96":"2","PJ":"2","94":"2","X8":"2","MG":"2","W6":"2","WF":"2","P6":"2","WV":"2","R9":"2","P5":"2","VP":"2","85":"2","HF":"2","P2":"2","X6":"2","RJ":"2","WP":"2","R8":"2","V5":"2","QJ":"2","WR":"2","JJ":"2","JG":"2","C7":"2","RM":"2","W2":"2","Q6":"2","J2":"2","P9":"2","QF":"2","M6":"2","MP":"2","PQ":"2","J6":"2","WJ":"2","CV":"2","M7":"2","V6":"2","VQ":"2","QM":"2","H4":"2","X9":"2","MM":"2","Q2":"2","X4":"2","VV":"2","92":"2","F7":"2","W8":"2","FM":"2","RC":"2","86":"2","R5":"2","PG":"2","J3":"2","PM":"2","XP":"2","QG":"2","QQ":"2","MR":"2","GX":"2","W5":"2","JQ":"2","V3":"2","J5":"2","Q7":"2"},"8R":{"VX":"2"},"88":{"WP":"2"},"V5":{"RG":"2","WC":"2"},"GX":{"3G":"2"},"7X":{"FR":"2","8X":"2","VW":"2","WW":"2","WV":"2","GR":"2","VX":"2","VR":"2","RX":"2","XV":"2","XP":"2","9W":"2","FW":"2","RR":"2","FV":"2","8Q":"2","WX":"2","8R":"2","8W":"2","XX":"2","7P":"2","XR":"2","WR":"2","9R":"2","8P":"2","XQ":"2","6V":"2","WP":"2","GV":"2","QR":"2","CW":"2","CX":"2","FX":"2","XW":"2","7X":"2","VV":"2"},"WQ":{"FR":"2","HM":"2","HJ":"2","JJ":"2","HH":"2","PX":"2","JP":"2"},"CG":{"9H":"2","CJ":"2"},"CW":{"PV":"2","W8":"2","XR":"2","R8":"2","FW":"2","GV":"2","28":"2","X9":"2","VR":"2","WG":"2","RX":"2","M9":"2","RG":"2","XW":"2","JF":"2","JM":"2","WX":"2","XF":"2","PC":"2","VP":"2","MJ":"2","HH":"2","W7":"2","CW":"2","GX":"2","MR":"2","WJ":"2","WR":"2","JG":"2","PF":"2","XG":"2","MF":"2","MV":"2","H8":"2","V8":"2","XH":"2","VG":"2","PX":"2","VC":"2","QW":"2","PH":"2","HF":"2","RW":"2","XX":"2","HQ":"2","W9":"2","FV":"2","JV":"2","WW":"2","VF":"2","JR":"2","R9":"2","PW":"2","79":"2","HC":"2","MP":"2","XV":"2","PJ":"2","G6":"2","JP":"2","PP":"2","RF":"2","JC":"2","QJ":"2","MW":"2","WF":"2","QV":"2","PR":"2","XQ":"2","XP":"2","V9":"2","XJ":"2","HX":"2","HR":"2","WH":"2","WV":"2","P9":"2","XC":"2","PQ":"2","HM":"2","XM":"2","HV":"2","X7":"2","MQ":"2","JJ":"2","QF":"2","QR":"2","VM":"2","VV":"2","FX":"2","QX":"2","PG":"2","WQ":"2","QQ":"2","RC":"2","GM":"2","WP":"2","QH":"2","QC":"2","VH":"2","J9":"2","HW":"2","RP":"2","H7":"2","JQ":"2","VX":"2","VJ":"2","RV":"2","QG":"2","M8":"2","Q9":"2","RM":"2","Q8":"2","P8":"2","RH":"2","RJ":"2","JX":"2","HJ":"2","J8":"2","RQ":"2","MM":"2","VW":"2","WM":"2","HP":"2","VQ":"2","MC":"2","H9":"2","RR":"2","WC":"2"},"FX":{"63":"2","22":"2","35":"2","62":"2","42":"2","54":"2","2P":"2","24":"2","23":"2","33":"2","53":"2","43":"2","3P":"2","34":"2","3Q":"2","X3":"2","44":"2","52":"2","32":"2","4Q":"2","25":"2","2M":"2"},"FW":{"4P":"2","4M":"2","XX":"2","3M":"2","JX":"2","5X":"2","4G":"2","2J":"2","2Q":"2","3R":"2","3W":"2","4X":"2","4J":"2","2V":"2","6X":"2","CH":"2","6G":"2","3G":"2","FH":"2","3V":"2","5W":"2","29":"2","2P":"2","RX":"2","3F":"2","2C":"2","7G":"2","4W":"2","2G":"2","4H":"2","6W":"2","2X":"2","3J":"2","4F":"2","3X":"2","2F":"2","2H":"2","6J":"2","3P":"2","3C":"2","7M":"2","CW":"2","2R":"2","3Q":"2","3H":"2","2M":"2","4Q":"2","6H":"2","2W":"2"},"8X":{"V8":"2","3Q":"2","W9":"2","CP":"2","XQ":"2","RX":"2","HJ":"2","3R":"2","QC":"2","PX":"2","6R":"2","C2":"2","2R":"2","RG":"2","3W":"2","5X":"2","XF":"2","PC":"2","CJ":"2","VC":"2","PV":"2","9H":"2","5W":"2","5J":"2","VJ":"2","7J":"2","PH":"2","FH":"2","6J":"2","FJ":"2","WG":"2","7M":"2","VF":"2","4P":"2","6M":"2","QW":"2","HG":"2","X2":"2","XJ":"2","8J":"2","JH":"2","WQ":"2","FP":"2","RF":"2","XG":"2","GJ":"2","V9":"2","6V":"2","4R":"2","4J":"2","CQ":"2","FX":"2","6P":"2","VX":"2","2P":"2","FW":"2","CX":"2","2X":"2","9Q":"2","MH":"2","8M":"2","GH":"2","5P":"2","VW":"2","4W":"2","RW":"2","HH":"2","CM":"2","H2":"2","GM":"2","MW":"2","QV":"2","WC":"2","MX":"2","GG":"2","XM":"2","JW":"2","5V":"2","XH":"2","G7":"2","CG":"2","3J":"2","9J":"2","M4":"2","4Q":"2","PW":"2","MG":"2","WF":"2","R9":"2","8P":"2","3M":"2","7Q":"2","2W":"2","QX":"2","RJ":"2","J9":"2","67":"2","4M":"2","2Q":"2","4V":"2","JJ":"2","6Q":"2","84":"2","JG":"2","QF":"2","3H":"2","5Q":"2","9P":"2","7R":"2","5M":"2","WJ":"2","FG":"2","6W":"2","CH":"2","9M":"2","VQ":"2","X7":"2","X9":"2","FM":"2","W8":"2","3P":"2","5R":"2","RC":"2","PG":"2","GX":"2"},"CV":{"75":"2"},"9J":{"64":"2"}},"WP":{"QR":{"P2":"2"},"4W":{"R2":"2","P2":"2"},"GQ":{"2X":"2"},"4V":{"RX":"2","VW":"2","PX":"2"}},"QH":{"XR":{"C6":"2","J9":"2","C5":"2"},"3R":{"H8":"2"},"XW":{"97":"2"},"4Q":{"8P":"2"}},"QP":{"9R":{"VQ":"2"},"GQ":{"G4":"2","F5":"2","95":"2"},"4C":{"36":"2","37":"2"},"7X":{"6W":"2"},"RJ":{"PR":"2","RR":"2","QX":"2","QR":"2","5Q":"2","RV":"2"},"6X":{"XW":"2"},"V8":{"FG":"2"}},"VH":{"J5":{"QX":"2","RX":"2"},"73":{"79":"2","2Q":"2","78":"2","6G":"2","5G":"2"},"62":{"V8":"2","83":"2","Q5":"2","87":"2","79":"2","R2":"2","W9":"2","FC":"2","GC":"2","6G":"2","3F":"2","5F":"2","M5":"2","G8":"2","P4":"2","97":"2","M2":"2","PV":"2","V2":"2","89":"2","7J":"2","5J":"2","88":"2","W4":"2","H9":"2","59":"2","P8":"2","X2":"2","Q9":"2","PP":"2","QH":"2","GF":"2","4C":"2","Q4":"2","QP":"2","GJ":"2","V9":"2","74":"2","4J":"2","78":"2","5H":"2","CC":"2","C8":"2","J7":"2","R6":"2","P7":"2","93":"2","38":"2","M8":"2","F9":"2","RH":"2","C4":"2","8C":"2","Q3":"2","R4":"2","R3":"2","5G":"2","GH":"2","WH":"2","68":"2","F8":"2","JC":"2","77":"2","G9":"2","HH":"2","2G":"2","Q8":"2","J8":"2","C5":"2","3G":"2","M3":"2","GG":"2","V4":"2","7C":"2","4G":"2","54":"2","P3":"2","G7":"2","96":"2","99":"2","PJ":"2","MF":"2","CG":"2","3J":"2","7F":"2","X8":"2","C9":"2","W6":"2","P6":"2","R9":"2","G4":"2","7H":"2","2C":"2","76":"2","P5":"2","85":"2","75":"2","X6":"2","P2":"2","9F":"2","RJ":"2","J9":"2","8F":"2","R8":"2","J4":"2","G3":"2","V5":"2","QJ":"2","2F":"2","69":"2","H3":"2","G2":"2","C7":"2","4F":"2","58":"2","Q6":"2","H8":"2","J2":"2","9C":"2","P9":"2","3H":"2","82":"2","M6":"2","PQ":"2","J6":"2","F3":"2","FG":"2","HC":"2","M7":"2","H7":"2","V6":"2","QM":"2","H4":"2","X9":"2","92":"2","CF":"2","F7":"2","W8":"2","8G":"2","MC":"2","86":"2","R5":"2","J3":"2","PM":"2","M9":"2","H6":"2","7G":"2","W5":"2","C3":"2","V3":"2","J5":"2"},"97":{"4P":"2","2J":"2","CR":"2","9R":"2","5W":"2","8J":"2","5H":"2","FR":"2","7J":"2","6V":"2","5J":"2","6P":"2","8M":"2","6H":"2"},"G6":{"RH":"2","QH":"2"},"3H":{"JM":"2"},"WV":{"P5":"2"},"R9":{"83":"2","73":"2"},"64":{"RG":"2","VG":"2","WJ":"2","M8":"2","RH":"2","M9":"2","J5":"2","VH":"2","P8":"2"},"7V":{"75":"2"},"P5":{"QJ":"2","QM":"2","PQ":"2","RJ":"2","QH":"2"},"52":{"2J":"2","XF":"2","VH":"2","4J":"2","XC":"2","4H":"2","5H":"2","WH":"2","JP":"2","XH":"2","VC":"2","WC":"2","W9":"2"},"7J":{"3P":"2"},"63":{"7P":"2","H6":"2","G7":"2","6M":"2","G8":"2","2M":"2","V2":"2","JV":"2","H5":"2","H3":"2","H7":"2","2P":"2"},"7R":{"7X":"2"},"XF":{"2Q":"2"},"VH":{"2F":"2"},"37":{"9V":"2"},"6R":{"RQ":"2"},"Q5":{"QJ":"2","RM":"2","4J":"2","3H":"2","7M":"2","PM":"2","GW":"2","GX":"2","7V":"2","7Q":"2","2H":"2","FW":"2","3M":"2","5X":"2","XF":"2","VH":"2","FV":"2","8Q":"2","2M":"2","2Q":"2","XG":"2","4V":"2","7P":"2","RJ":"2","3R":"2","5M":"2","6W":"2","8V":"2","3J":"2","5W":"2","WH":"2","8M":"2","6V":"2","4M":"2","3Q":"2","QM":"2","6J":"2","6M":"2","CW":"2","WG":"2","7X":"2","4R":"2"},"43":{"F2":"2"},"53":{"3G":"2","XM":"2","FH":"2","5G":"2"},"83":{"X4":"2","X2":"2"},"PJ":{"72":"2"},"HF":{"PJ":"2","F7":"2","F3":"2","F2":"2","H5":"2","H8":"2","G7":"2","G8":"2"},"42":{"68":"2","JQ":"2","C9":"2","MP":"2","HR":"2","7W":"2","XP":"2","MV":"2","JP":"2","99":"2"},"J6":{"R3":"2","Q3":"2","P2":"2","Q2":"2"},"R8":{"23":"2","22":"2"},"RC":{"M6":"2","P7":"2","J6":"2","M7":"2"},"92":{"2V":"2"},"QF":{"XC":"2","WF":"2"},"P6":{"W6":"2"},"HC":{"FX":"2"},"72":{"25":"2"},"R5":{"35":"2","26":"2"},"MM":{"JQ":"2","HP":"2","HM":"2","HQ":"2","FR":"2","GR":"2","JP":"2","GV":"2","GQ":"2","GM":"2","GP":"2"},"Q8":{"GF":"2","X3":"2","G9":"2","X2":"2","GC":"2","FF":"2","FG":"2"},"Q6":{"72":"2","C2":"2"},"VV":{"7X":"2"},"82":{"XX":"2","XW":"2","VQ":"2","XV":"2","WV":"2","PP":"2","WW":"2","WR":"2"}},"RP":{"VQ":{"PJ":"2","QG":"2","RJ":"2","42":"2","QJ":"2","J9":"2","PG":"2","MG":"2","C7":"2","96":"2","C6":"2","QH":"2","P7":"2","52":"2","32":"2","PH":"2","QF":"2","PX":"2","MH":"2","QX":"2","97":"2","RH":"2"},"VR":{"Q2":"2"},"PJ":{"V9":"2","Q8":"2","R8":"2","R9":"2","W9":"2"},"X7":{"H4":"2","J4":"2","J2":"2","G4":"2","J3":"2","M2":"2","H3":"2"},"42":{"CQ":"2"},"MX":{"GH":"2"},"RP":{"5V":"2","GV":"2","5R":"2","8H":"2","6Q":"2","9F":"2","7G":"2","8M":"2","7H":"2","V4":"2","7M":"2","CQ":"2","J4":"2","9C":"2","CM":"2","6M":"2","5J":"2","C9":"2","5P":"2","FG":"2","8W":"2","JR":"2","CC":"2","7P":"2","F7":"2","6P":"2","JP":"2","8C":"2","FF":"2","4V":"2","8V":"2","7J":"2","FH":"2","2J":"2","M4":"2","5Q":"2","X4":"2","64":"2","CG":"2","2M":"2","8G":"2","CF":"2"},"F2":{"7W":"2"},"RQ":{"93":"2","C4":"2","HJ":"2","GH":"2","GM":"2","GJ":"2","C3":"2","94":"2","HH":"2","FJ":"2","F4":"2","GG":"2","HG":"2","C5":"2","FH":"2","FG":"2"},"CJ":{"JV":"2"},"83":{"5C":"2","28":"2","59":"2","49":"2"},"HH":{"RH":"2"},"J3":{"CP":"2","7J":"2","9M":"2"},"QQ":{"P5":"2","P6":"2"},"9H":{"JH":"2","HJ":"2","HM":"2","JG":"2","FJ":"2","JM":"2","MP":"2","FH":"2","CJ":"2","QM":"2","HH":"2","GH":"2","JJ":"2","GJ":"2","PR":"2","GM":"2","MM":"2","HG":"2"},"VP":{"24":"2","Q8":"2","Q9":"2","3X":"2","5X":"2","4X":"2"},"X6":{"JX":"2"},"HX":{"6J":"2","4M":"2","4R":"2","4P":"2","4J":"2","4Q":"2"},"43":{"77":"2","H4":"2","G2":"2","G3":"2","6G":"2","H3":"2","J4":"2","96":"2","C6":"2","87":"2","78":"2","G4":"2","M4":"2","59":"2","6H":"2","97":"2"},"26":{"V3":"2"},"34":{"W7":"2"},"QP":{"VC":"2","RJ":"2","WC":"2"},"M9":{"2X":"2","3V":"2"}},"VJ":{"9C":{"PJ":"2","MJ":"2","77":"2"},"2G":{"65":"2"},"CF":{"72":"2","63":"2","62":"2","42":"2","52":"2","53":"2"},"4F":{"32":"2","22":"2"},"CC":{"2V":"2","6V":"2","5X":"2","4X":"2","2R":"2","5W":"2","6X":"2"},"9F":{"WJ":"2","XM":"2"}},"VX":{"RX":{"22":"2"},"J8":{"WW":"2"},"R6":{"X2":"2"},"QW":{"VQ":"2"},"Q2":{"M2":"2"}},"QG":{"PH":{"46":"2"},"GF":{"XV":"2","PG":"2","QG":"2"},"Q4":{"WV":"2","VX":"2"},"GQ":{"44":"2"},"JM":{"6G":"2"},"P9":{"CJ":"2"},"GG":{"J2":"2","J3":"2","H2":"2"}},"RV":{"4M":{"5F":"2","R7":"2"},"JX":{"28":"2"},"VQ":{"44":"2"},"JV":{"2Q":"2"},"WJ":{"MV":"2"},"VH":{"62":"2","82":"2","GC":"2","73":"2"},"MC":{"WV":"2"},"6G":{"55":"2","35":"2","24":"2","45":"2"},"PC":{"MJ":"2"},"HH":{"M5":"2"},"5H":{"VC":"2"},"FM":{"4P":"2","3J":"2","2M":"2","3M":"2"},"5G":{"V4":"2","W4":"2"},"H8":{"R6":"2"},"3J":{"9M":"2"},"X9":{"4J":"2"},"RF":{"4J":"2","4P":"2","3H":"2","3F":"2","2H":"2","3M":"2","5C":"2","5V":"2","5G":"2","2P":"2","6R":"2","2M":"2","2J":"2","4G":"2","5M":"2","4F":"2","5R":"2","3J":"2","5P":"2","6V":"2","5F":"2","89":"2","4M":"2","3P":"2","7C":"2","69":"2"},"2H":{"3Q":"2"},"PW":{"P6":"2"},"HV":{"XF":"2"},"7M":{"FM":"2","CM":"2"},"5M":{"VC":"2","V9":"2","VG":"2","FC":"2","VH":"2"},"JW":{"4J":"2","59":"2"},"QF":{"RM":"2","QM":"2","WJ":"2","XG":"2","XM":"2","XJ":"2","RQ":"2","XP":"2","PM":"2","XH":"2","VM":"2","XQ":"2","WM":"2","RP":"2"},"XJ":{"6J":"2"}},"RM":{"WJ":{"33":"2","32":"2"},"VH":{"7C":"2","95":"2","23":"2","XR":"2","R8":"2","58":"2","42":"2","6C":"2","3G":"2","F3":"2","WG":"2","XW":"2","R6":"2","47":"2","68":"2","V2":"2","XF":"2","F8":"2","93":"2","V7":"2","PC":"2","C4":"2","4C":"2","M3":"2","W7":"2","C7":"2","5G":"2","5C":"2","WJ":"2","G3":"2","V8":"2","X5":"2","C9":"2","Q6":"2","H3":"2","77":"2","35":"2","66":"2","73":"2","R4":"2","CC":"2","Q3":"2","R9":"2","G4":"2","79":"2","56":"2","X2":"2","84":"2","94":"2","W6":"2","G2":"2","FC":"2","55":"2","R7":"2","8C":"2","4J":"2","G7":"2","46":"2","25":"2","59":"2","XQ":"2","XP":"2","83":"2","4G":"2","V9":"2","33":"2","WH":"2","J7":"2","P2":"2","8F":"2","57":"2","M7":"2","4F":"2","W4":"2","5F":"2","76":"2","J2":"2","G8":"2","44":"2","F2":"2","W5":"2","C3":"2","75":"2","V5":"2","89":"2","78":"2","X4":"2","W2":"2","QH":"2","J3":"2","65":"2","67":"2","M2":"2","H7":"2","64":"2","Q2":"2","P3":"2","X3":"2","74":"2","P8":"2","88":"2","69":"2","P5":"2","C2":"2","54":"2","H2":"2","53":"2","3F":"2","CF":"2","F4":"2","45":"2","V6":"2","43":"2","92":"2","R2":"2"},"P2":{"QW":"2","RW":"2"},"FH":{"XJ":"2"},"WW":{"GW":"2","GX":"2"},"WH":{"22":"2","28":"2","2V":"2","45":"2","24":"2","2X":"2","23":"2","48":"2","43":"2","47":"2","34":"2","52":"2","25":"2","37":"2","2W":"2"},"VG":{"7Q":"2","PV":"2","FW":"2","GV":"2","5R":"2","M9":"2","GP":"2","RG":"2","6Q":"2","XW":"2","JF":"2","WX":"2","JM":"2","6R":"2","PC":"2","MJ":"2","CW":"2","GX":"2","MR":"2","4R":"2","PF":"2","CQ":"2","MF":"2","MV":"2","9V":"2","PX":"2","6M":"2","QW":"2","PH":"2","HF":"2","4W":"2","XX":"2","HQ":"2","FR":"2","CV":"2","FV":"2","JV":"2","WW":"2","8W":"2","JR":"2","7P":"2","PW":"2","HC":"2","MP":"2","JH":"2","XV":"2","7R":"2","PJ":"2","6P":"2","MX":"2","JP":"2","PP":"2","GJ":"2","RF":"2","JC":"2","QJ":"2","CX":"2","MW":"2","4V":"2","QV":"2","PR":"2","8Q":"2","8V":"2","HX":"2","8R":"2","HR":"2","WV":"2","FJ":"2","GW":"2","9Q":"2","7V":"2","PQ":"2","HM":"2","HV":"2","GR":"2","MQ":"2","QF":"2","3X":"2","2V":"2","FX":"2","GC":"2","9R":"2","QX":"2","CR":"2","PG":"2","QQ":"2","9X":"2","GM":"2","QP":"2","QH":"2","JW":"2","GQ":"2","J9":"2","RP":"2","HW":"2","JQ":"2","VX":"2","QG":"2","FM":"2","RM":"2","RH":"2","RJ":"2","JX":"2","RQ":"2","MM":"2","9W":"2","HP":"2","H9":"2"},"WX":{"H4":"2","G5":"2","G4":"2","H5":"2"},"R7":{"28":"2"},"FC":{"P5":"2","P6":"2","Q3":"2"},"FP":{"QC":"2"},"WG":{"2W":"2","6W":"2","2X":"2","4W":"2","5X":"2","3W":"2","5W":"2","6X":"2"},"RH":{"X2":"2","W3":"2","W2":"2"}},"RH":{"4V":{"CQ":"2"},"3R":{"RR":"2","MM":"2","2X":"2","VR":"2","RV":"2"},"2V":{"JX":"2","W5":"2","V5":"2","RJ":"2","V6":"2","R5":"2","X5":"2","RX":"2","J3":"2","X6":"2","Q5":"2"},"5W":{"55":"2","65":"2"},"3V":{"24":"2","83":"2","66":"2","87":"2","F5":"2","FC":"2","QC":"2","GC":"2","65":"2","M5":"2","G8":"2","RG":"2","97":"2","PC":"2","27":"2","89":"2","72":"2","FJ":"2","44":"2","88":"2","46":"2","36":"2","H9":"2","59":"2","HG":"2","GF":"2","47":"2","H5":"2","74":"2","78":"2","CC":"2","C8":"2","J7":"2","28":"2","P7":"2","2P":"2","93":"2","38":"2","M8":"2","F9":"2","45":"2","8C":"2","68":"2","F8":"2","77":"2","G9":"2","VG":"2","J8":"2","64":"2","M3":"2","GG":"2","7C":"2","54":"2","62":"2","G6":"2","G5":"2","35":"2","G7":"2","96":"2","99":"2","94":"2","6C":"2","M4":"2","C9":"2","55":"2","G4":"2","76":"2","95":"2","25":"2","75":"2","85":"2","HF":"2","9F":"2","67":"2","J4":"2","4M":"2","69":"2","34":"2","G2":"2","84":"2","C7":"2","58":"2","H8":"2","9C":"2","P9":"2","M6":"2","26":"2","33":"2","J6":"2","37":"2","F3":"2","FG":"2","HC":"2","56":"2","57":"2","M7":"2","H7":"2","H4":"2","92":"2","98":"2","86":"2","M9":"2","QG":"2","73":"2","J5":"2"},"4W":{"WQ":"2"},"2X":{"J2":"2","J3":"2","H2":"2","G2":"2"},"4R":{"55":"2","38":"2","54":"2","44":"2","39":"2"},"WQ":{"CR":"2"},"GP":{"F3":"2"},"2W":{"GW":"2","92":"2","MW":"2","GX":"2","82":"2","HX":"2","FW":"2","GV":"2","PW":"2","CV":"2","PX":"2","QX":"2"},"RM":{"F5":"2","F6":"2"}},"RJ":{"PJ":{"QX":"2","WX":"2","XX":"2","RP":"2"},"6G":{"78":"2"},"6X":{"WM":"2"},"GG":{"V9":"2","W6":"2","W9":"2"},"PV":{"QJ":"2"},"GF":{"VV":"2","VR":"2","XW":"2"},"PM":{"M2":"2","W5":"2","W4":"2","W6":"2","V2":"2","W2":"2","P4":"2","V9":"2","H8":"2","W3":"2","W7":"2","V3":"2","R4":"2"},"PX":{"RG":"2"},"7X":{"2V":"2","3W":"2","2R":"2"}},"RQ":{"M7":{"2Q":"2","4W":"2"},"3M":{"CR":"2","CX":"2","CW":"2"},"FJ":{"CR":"2"},"JR":{"VM":"2"},"MQ":{"3Q":"2","3R":"2"},"WF":{"4M":"2"},"3P":{"C2":"2","92":"2"},"J7":{"XV":"2","WV":"2","VW":"2"},"25":{"3G":"2","2G":"2"}},"WM":{"8V":{"GV":"2"},"3R":{"47":"2","36":"2"},"QQ":{"74":"2"}},"VW":{"77":{"PJ":"2"},"2J":{"5C":"2","59":"2"},"H7":{"4R":"2","CX":"2"},"9J":{"GP":"2"},"P8":{"54":"2"},"G3":{"P5":"2","P6":"2","Q5":"2","Q6":"2"},"F9":{"P3":"2"},"92":{"VQ":"2"},"3V":{"8C":"2","7J":"2","8F":"2"},"75":{"G8":"2"},"H3":{"M7":"2","M6":"2","P5":"2","P8":"2","M5":"2","M8":"2","VG":"2","P7":"2","J7":"2","WG":"2"},"J4":{"QP":"2"},"H2":{"56":"2","FQ":"2"},"47":{"M7":"2"},"3C":{"MP":"2","PQ":"2"},"PX":{"6R":"2","WW":"2","WX":"2","XX":"2","XW":"2"},"QX":{"JX":"2","5X":"2","MX":"2","6X":"2","5W":"2","4W":"2","6W":"2"},"6H":{"XW":"2"}},"VQ":{"3G":{"72":"2","78":"2"},"FM":{"56":"2","57":"2","55":"2","45":"2","36":"2","37":"2"},"88":{"RF":"2","XC":"2"},"P2":{"C6":"2","97":"2","F7":"2","82":"2","C7":"2","66":"2","96":"2","76":"2","C8":"2","F6":"2","92":"2"},"7X":{"VP":"2"},"3F":{"6X":"2"}},"RR":{"PG":{"H6":"2","H4":"2","G2":"2","J8":"2","J2":"2","H5":"2","H3":"2","J6":"2","J7":"2"},"82":{"8V":"2","CX":"2","CV":"2"},"PF":{"HR":"2","JX":"2","GR":"2","CQ":"2","JR":"2"},"44":{"2V":"2","2R":"2"},"VG":{"79":"2"},"M8":{"5H":"2","59":"2"},"3H":{"FR":"2"},"83":{"C2":"2"},"M2":{"CH":"2"}},"WC":{"P3":{"C8":"2","94":"2"},"7J":{"XQ":"2"},"HQ":{"H9":"2"},"C5":{"88":"2"}}}}