{"index":{"university,1|retail,2|tourism,3|wreck,4|historical,5|artsCulture,6|namedBuilding,7|water,8|wetland,9|park,10|beach,11|natureReserve,12|cemetery,13|trail,14":{}},"6H":{"P3":{"FQ":{"J4":"2","M4":"2","M3":"2","J3":"2"},"FP":{"GW":"2","CQ":"2","9V":"2","CR":"2","MX":"2","MW":"2","PV":"2","MV":"2","FW":"2","PW":"2"},"GP":{"55":"2","MC":"2","MF":"2","F9":"2","CF":"2","66":"2","65":"2","JF":"2","FF":"2","JC":"2"}},"X9":{"P4":{"P7":"2","P8":"2"},"W6":{"G7":"2"}},"M7":{"VH":{"5G":"2"}},"M3":{"XV":{"26":"2"}},"RF":{"W8":{"RC":"2"}},"X5":{"35":{"RG":"2","JQ":"2","XF":"2","RJ":"2","VJ":"2","XC":"2","MQ":"2","QM":"2","WH":"2","WF":"2","VG":"2","XG":"2","WC":"2","QP":"2","WG":"2","RH":"2","RM":"2"},"W5":{"CJ":"2","PM":"2"},"VJ":{"5P":"2"},"J8":{"3M":"2","2P":"2"},"MJ":{"XC":"2","WF":"2","X9":"2","WC":"2"},"C3":{"QV":"2"},"P7":{"7H":"2"}},"R9":{"QC":{"76":"2"}},"V3":{"RV":{"H9":"2","GC":"2"}},"PP":{"RQ":{"VP":"2","RP":"2"}},"W7":{"2G":{"QM":"2"},"2M":{"H5":"2"}},"7Q":{"G6":{"CW":"2"},"6G":{"FF":"2","F3":"2","Q9":"2","85":"2","CF":"2","C6":"2","C5":"2","84":"2"},"JR":{"MP":"2","VG":"2","XM":"2","XG":"2","XH":"2","VM":"2","VJ":"2","JP":"2","VH":"2"},"PP":{"52":"2","26":"2"},"JQ":{"W5":"2","R4":"2"},"8F":{"X8":"2","JX":"2","VQ":"2","F3":"2","C3":"2","VP":"2","WP":"2","84":"2","XP":"2","J7":"2","WQ":"2","P9":"2"},"7G":{"FF":"2","63":"2","28":"2","58":"2","QC":"2","54":"2","67":"2","CF":"2","45":"2","C3":"2","57":"2","33":"2","JF":"2","HF":"2","48":"2","69":"2","WC":"2","68":"2"},"8G":{"H6":"2","CF":"2","6H":"2","4F":"2","H8":"2","H7":"2","5G":"2"},"9G":{"H4":"2"},"MP":{"MW":"2","F5":"2","2H":"2","G4":"2","G2":"2","X7":"2","PV":"2","JW":"2","H3":"2","PW":"2","PJ":"2","F8":"2","H4":"2","G3":"2","F4":"2","9R":"2","9Q":"2","99":"2","C8":"2","F7":"2"},"CC":{"HM":"2","CM":"2","5W":"2","9M":"2","PP":"2","FM":"2","5M":"2"},"MR":{"2J":"2","6J":"2","2H":"2","3J":"2","3V":"2"},"6F":{"QP":"2","XJ":"2","VM":"2","QQ":"2","RP":"2"},"9C":{"J5":"2","MF":"2","GR":"2","GX":"2","VJ":"2","M9":"2","HM":"2","J3":"2","GP":"2","JJ":"2","MJ":"2","RJ":"2","HP":"2","HX":"2","PC":"2","MH":"2","FX":"2","JH":"2"},"MQ":{"55":"2","38":"2","G5":"2","45":"2","27":"2","86":"2","75":"2","37":"2"},"8C":{"V5":"2","V6":"2","Q6":"2","P8":"2","W2":"2","V4":"2","WV":"2","FX":"2","GR":"2","PQ":"2"},"9F":{"J5":"2","97":"2","H5":"2","F5":"2","6G":"2","X5":"2","52":"2","C6":"2","G4":"2","5G":"2","3C":"2","G2":"2","J3":"2","H3":"2","86":"2","F6":"2","G3":"2","F4":"2","V5":"2","C3":"2","J4":"2","87":"2","C5":"2","68":"2","C4":"2","33":"2","H2":"2","58":"2","89":"2","67":"2","G5":"2","R7":"2","F3":"2","M4":"2","V6":"2","R5":"2"},"CF":{"G6":"2","24":"2","76":"2","F6":"2","25":"2","52":"2"},"MM":{"PP":"2","MP":"2","QP":"2","RP":"2"},"7F":{"4G":"2","RJ":"2","CQ":"2","VJ":"2","9R":"2","VH":"2","6R":"2","MJ":"2","4H":"2","FR":"2","WF":"2","9Q":"2","PM":"2","WG":"2","RM":"2"}},"X2":{"3Q":{"RQ":"2","VP":"2","VQ":"2","RP":"2"},"6Q":{"J4":"2"},"76":{"G6":"2","H6":"2","G7":"2","G5":"2","H5":"2"},"65":{"CH":"2","CG":"2"},"3V":{"7C":"2","PF":"2","89":"2","88":"2","7F":"2","QC":"2","79":"2","Q9":"2","PC":"2","M8":"2","6M":"2","7G":"2","H8":"2","8F":"2","R9":"2","6J":"2","5J":"2","8C":"2","8G":"2","QF":"2","RC":"2","6H":"2","P9":"2"},"4V":{"64":"2"},"53":{"FR":"2","CR":"2","FQ":"2","FV":"2"}},"V4":{"M5":{"WP":"2","QM":"2"}},"V2":{"P5":{"CV":"2"},"P3":{"8J":"2","9C":"2","CC":"2"},"42":{"93":"2"}},"W6":{"R2":{"5C":"2"},"Q3":{"RW":"2"},"5V":{"R3":"2"},"6M":{"JX":"2","JV":"2","HR":"2","CQ":"2","JR":"2","CP":"2","FW":"2","GV":"2","HV":"2","JW":"2","FV":"2"},"5X":{"C6":"2","F6":"2"}},"P4":{"72":{"6W":"2","7W":"2","7X":"2","6X":"2"},"53":{"H5":"2"}},"V9":{"C6":{"QF":"2"},"CP":{"C2":"2"},"G4":{"WF":"2","WC":"2"}},"W2":{"M6":{"PQ":"2"},"GW":{"G7":"2","H7":"2"},"X5":{"XC":"2"},"QM":{"CC":"2","FC":"2","9F":"2"},"HR":{"MH":"2","PG":"2","PF":"2"},"RC":{"HC":"2"}},"X6":{"H4":{"CR":"2","67":"2","5C":"2","6C":"2","59":"2","52":"2","69":"2"},"G3":{"FF":"2","RG":"2","QR":"2","W5":"2","Q6":"2","RP":"2","GH":"2","CC":"2","X6":"2","VG":"2","R4":"2","Q5":"2"},"G4":{"GV":"2","GW":"2","HV":"2","HR":"2","GQ":"2","GR":"2"},"83":{"C8":"2"},"H3":{"75":"2","6C":"2","GH":"2","6G":"2","39":"2","C6":"2","76":"2","59":"2","MG":"2","65":"2","HH":"2","29":"2","85":"2","J4":"2","6W":"2","68":"2","F2":"2","6Q":"2","58":"2","67":"2","49":"2","69":"2","66":"2"},"H2":{"4M":"2","8P":"2","6Q":"2","2V":"2","8H":"2","9C":"2","M8":"2","7R":"2","FM":"2","9F":"2","2X":"2","8F":"2","7J":"2","3X":"2","FW":"2","8C":"2","7V":"2","7P":"2","8G":"2","7X":"2"}},"XF":{"G3":{"7R":"2","6R":"2","5P":"2","4P":"2","6Q":"2"}},"G2":{"57":{"PP":"2","PM":"2"},"29":{"38":"2","49":"2","48":"2","39":"2"}},"X7":{"GH":{"76":"2"},"C3":{"57":"2","67":"2"},"8F":{"RR":"2"},"GG":{"HM":"2","FQ":"2","FP":"2","PW":"2","GG":"2","JG":"2","CQ":"2","FG":"2"},"FF":{"C4":"2"}},"8Q":{"76":{"G3":"2","J5":"2"}},"W3":{"R3":{"R6":"2","R7":"2","Q6":"2"},"J2":{"QV":"2"},"PJ":{"2M":"2","2P":"2"},"XJ":{"QC":"2","PC":"2","PF":"2","QF":"2"},"R7":{"H6":"2","J6":"2","J5":"2","H7":"2","J7":"2"},"V2":{"F5":"2","F6":"2"}},"W9":{"F8":{"MW":"2","QV":"2","RW":"2"},"F9":{"F7":"2","H4":"2","HH":"2","H3":"2","G5":"2","J6":"2","G4":"2","H9":"2"}},"Q5":{"X8":{"23":"2"},"WG":{"WX":"2","VX":"2","XX":"2"},"XG":{"3W":"2","3V":"2"},"XH":{"22":"2","C4":"2","28":"2","95":"2","42":"2","58":"2","C2":"2","92":"2","83":"2","94":"2","C3":"2","57":"2","38":"2","33":"2","93":"2","74":"2","27":"2","47":"2","56":"2","C5":"2","84":"2","46":"2","32":"2","37":"2","59":"2"},"WH":{"X2":"2","V2":"2","W2":"2","Q4":"2","P4":"2","W3":"2","V3":"2","Q5":"2","97":"2"}},"X3":{"64":{"82":"2"},"9H":{"V7":"2"},"4R":{"QW":"2","RW":"2"},"HV":{"P5":"2","V6":"2","V7":"2","Q6":"2","P8":"2","R8":"2","XC":"2","V2":"2","W2":"2","Q8":"2","R9":"2","R7":"2","P6":"2","W9":"2"},"HR":{"XX":"2","XW":"2"},"CM":{"GM":"2"},"98":{"V4":"2","V3":"2","W3":"2","W4":"2"},"89":{"Q3":"2","P3":"2","P2":"2","Q2":"2"},"CX":{"65":"2","3J":"2","49":"2"},"88":{"CX":"2","FV":"2","CW":"2","FX":"2","FW":"2","CV":"2"},"JV":{"44":"2","53":"2","43":"2"},"9F":{"GG":"2"},"JR":{"2W":"2","4W":"2","5X":"2","3M":"2"},"99":{"HH":"2"}},"V7":{"QJ":{"RQ":"2","VP":"2","VQ":"2","RP":"2"},"XC":{"JQ":"2","HQ":"2"},"VG":{"HV":"2","JV":"2"},"WF":{"7W":"2"},"VJ":{"M6":"2"}},"R3":{"HQ":{"5H":"2","4H":"2","3G":"2","4G":"2","3H":"2","5G":"2"}},"P7":{"P6":{"P3":"2"},"6H":{"57":"2","67":"2","66":"2","76":"2","86":"2","77":"2"}},"G3":{"C2":{"56":"2"}},"F4":{"JH":{"P3":"2"},"JG":{"MR":"2","RX":"2","QW":"2","MW":"2","MV":"2","PW":"2","PX":"2","QX":"2"}},"V5":{"WJ":{"QW":"2"}},"R6":{"3Q":{"W9":"2"},"Q7":{"3G":"2","2H":"2","2C":"2","4G":"2","29":"2"},"P7":{"G7":"2","MF":"2","H5":"2","G6":"2","F5":"2","F9":"2","G4":"2","MC":"2","V7":"2","F8":"2","H4":"2","F6":"2","F4":"2","R6":"2","XR":"2","WR":"2","MP":"2","H6":"2","QH":"2","C9":"2","C8":"2","PF":"2","G5":"2","R7":"2","F7":"2","PC":"2","V6":"2","R5":"2","JM":"2","MM":"2"},"M7":{"X2":"2"}},"J4":{"9X":{"WG":"2","XG":"2"},"CX":{"4H":"2","3G":"2","4G":"2","4F":"2","3H":"2","3F":"2"}},"WC":{"9C":{"9Q":"2"},"CF":{"2J":"2","27":"2","28":"2","29":"2"},"9F":{"RM":"2","X8":"2","XF":"2","WF":"2","VM":"2"}},"W8":{"QX":{"36":"2"},"WJ":{"MC":"2"}},"H2":{"2W":{"7J":"2"},"J4":{"27":"2"},"Q3":{"24":"2","23":"2","22":"2","25":"2","26":"2","6G":"2"},"P3":{"M6":"2","R2":"2","W8":"2","X5":"2","Q3":"2","W5":"2","X6":"2","V2":"2","J5":"2","W6":"2"},"Q4":{"G6":"2","99":"2"},"P2":{"RR":"2","QP":"2","VX":"2","VV":"2"},"Q2":{"2X":"2"}},"92":{"PW":{"57":"2","G3":"2","V6":"2","47":"2","M2":"2","H3":"2","48":"2"},"P4":{"J5":"2","J7":"2"},"JM":{"5X":"2","6X":"2"}},"X4":{"99":{"3Q":"2","5V":"2","2Q":"2","5Q":"2","4W":"2","3X":"2","5X":"2","4X":"2","5W":"2"},"F7":{"H6":"2","FQ":"2","HJ":"2","H7":"2","8P":"2","CQ":"2","CR":"2","9R":"2","94":"2","G7":"2","H5":"2","93":"2","G5":"2","F5":"2","GJ":"2","GQ":"2","G6":"2"},"CQ":{"FR":"2"},"9R":{"3Q":"2","3P":"2","22":"2"},"8V":{"R8":"2","QC":"2","Q9":"2","V9":"2","R9":"2","VC":"2","RC":"2"},"C2":{"FP":"2","9J":"2"},"F3":{"MP":"2","PQ":"2","MQ":"2"},"9C":{"32":"2","22":"2"},"8Q":{"WW":"2","XX":"2"},"9Q":{"2J":"2","2W":"2","8V":"2","2X":"2","3X":"2","5X":"2","2R":"2","5W":"2"},"F5":{"7R":"2","7P":"2","6R":"2","7Q":"2","4R":"2","5V":"2","6Q":"2","5R":"2","6P":"2","4V":"2"},"8C":{"X5":"2","V6":"2","W3":"2"},"84":{"6C":"2","6Q":"2","83":"2","6F":"2","6J":"2","65":"2","8C":"2","5J":"2","6H":"2","5Q":"2"}},"W5":{"2J":{"C4":"2","F4":"2"},"Q9":{"2C":"2","49":"2","29":"2","39":"2"}},"R7":{"X8":{"FR":"2","CQ":"2"}},"J7":{"38":{"2C":"2","4F":"2","7J":"2","2F":"2","29":"2"},"XG":{"FP":"2"},"89":{"VR":"2"},"27":{"GH":"2","GG":"2","6X":"2","FG":"2","FH":"2"},"28":{"G8":"2","G7":"2","RM":"2","X9":"2","M7":"2","M3":"2","QQ":"2","F5":"2","XC":"2","VP":"2","C6":"2","PH":"2","94":"2","93":"2","XF":"2","95":"2","PX":"2","PW":"2","F8":"2","F6":"2","C5":"2","MP":"2","QP":"2","C4":"2","MR":"2","QM":"2","F7":"2","QR":"2","J7":"2","WF":"2","RP":"2","Q8":"2","82":"2"},"29":{"X5":"2","X3":"2","P3":"2","XF":"2","WF":"2","W3":"2","P2":"2"},"99":{"5M":"2"},"39":{"33":"2","32":"2"}},"M4":{"P8":{"WJ":"2","WM":"2"}},"R5":{"GF":{"8R":"2","6P":"2"}},"PG":{"QV":{"57":"2"}},"Q6":{"GF":{"77":"2"}},"R2":{"P5":{"XF":"2"},"R3":{"HM":"2","HP":"2","FJ":"2","FH":"2"},"Q5":{"3C":"2","2C":"2","2G":"2","2F":"2"},"R7":{"GV":"2","GR":"2"},"RC":{"Q3":"2","Q2":"2"}},"82":{"J2":{"V6":"2","Q5":"2","Q4":"2","P4":"2","X7":"2","W9":"2","WC":"2"},"Q4":{"MC":"2","H6":"2","Q8":"2","J8":"2","R8":"2","Q9":"2","2F":"2","H7":"2","6G":"2","V8":"2"},"M2":{"3G":"2"}}}}