{"index":{"university,1|retail,2|tourism,3|wreck,4|historical,5|artsCulture,6|namedBuilding,7|water,8|wetland,9|park,10|beach,11|natureReserve,12|cemetery,13|trail,14":{}},"6M":{"PV":{"GX":{"35":"2","36":"2","26":"2"},"H2":{"P3":"2"},"FX":{"C9":"2","9G":"2","CF":"2","CC":"2","9F":"2"}},"GV":{"QM":{"48":"2"},"HR":{"89":"2"}},"RX":{"FR":{"4G":"2","4F":"2"},"CR":{"93":"2","C6":"2","3C":"2","62":"2","F7":"2","C7":"2","G4":"2","C3":"2","H2":"2","G2":"2"},"8Q":{"FM":"2","M4":"2","FJ":"2","FG":"2"},"8P":{"8P":"2","7P":"2","2G":"2","9P":"2","6P":"2","2F":"2","RJ":"2","3F":"2","VJ":"2"},"7P":{"RG":"2","XQ":"2","PJ":"2","HJ":"2","HM":"2","CM":"2","MJ":"2","FM":"2","JJ":"2","WF":"2","VG":"2","XH":"2","VF":"2","QH":"2","PH":"2","XG":"2","GM":"2","RH":"2"},"6R":{"JX":"2"},"9V":{"P6":"2","Q6":"2"},"F7":{"QW":"2","PX":"2"},"F8":{"P5":"2","Q6":"2","Q4":"2","P4":"2","P3":"2","P6":"2","R4":"2","Q5":"2"},"RG":{"JQ":"2","JP":"2","JR":"2"},"8V":{"M7":"2","M6":"2","42":"2","C2":"2","F2":"2","54":"2","94":"2","C3":"2","55":"2","82":"2","65":"2","84":"2","32":"2","64":"2"},"CP":{"26":"2"},"PJ":{"3W":"2"},"6Q":{"5M":"2"},"9P":{"77":"2","2J":"2","76":"2","58":"2","2P":"2","3J":"2","78":"2","5J":"2","V3":"2"},"RQ":{"WJ":"2","W2":"2"},"VR":{"P5":"2","CX":"2"},"VP":{"5F":"2","4F":"2","6F":"2","5G":"2"},"VQ":{"9J":"2","HM":"2","JM":"2","MP":"2","PP":"2","PV":"2","WQ":"2","GM":"2","MM":"2","WR":"2"},"8R":{"HM":"2","CX":"2","PG":"2","FX":"2","JF":"2","GX":"2","FW":"2","GV":"2","FP":"2","FV":"2","GQ":"2","GP":"2"},"6P":{"CC":"2"},"JX":{"62":"2"},"XW":{"X6":"2"},"RW":{"W5":"2","9P":"2"},"CQ":{"GW":"2","CJ":"2"},"9M":{"8P":"2","P6":"2","HF":"2","CF":"2","8F":"2","CC":"2","9M":"2","9J":"2"},"XQ":{"P6":"2"},"CV":{"35":"2"}},"XW":{"4P":{"27":"2"},"XX":{"GR":"2","9M":"2"},"VV":{"VP":"2","G8":"2"},"3W":{"79":"2"},"VJ":{"PG":"2"},"WJ":{"4H":"2","7H":"2","PJ":"2"},"QC":{"35":"2","26":"2"},"6X":{"GG":"2","JG":"2"},"RQ":{"7Q":"2"},"PC":{"W7":"2","Q5":"2","M3":"2","Q9":"2","RC":"2"},"9C":{"8C":"2","G9":"2"},"HH":{"MF":"2","MV":"2"},"WW":{"69":"2"},"QQ":{"RH":"2","VJ":"2"},"2X":{"F9":"2"},"WH":{"XW":"2"},"RF":{"R3":"2"},"JF":{"3C":"2","3F":"2","39":"2"},"69":{"GP":"2"},"5C":{"W7":"2","Q7":"2","V6":"2","R7":"2","V5":"2","V7":"2"},"XH":{"H3":"2","H2":"2","G2":"2"},"VC":{"2V":"2"},"3C":{"9M":"2"},"PH":{"XV":"2"},"RC":{"QW":"2"},"XG":{"HX":"2"},"MH":{"58":"2"},"XJ":{"4P":"2","CR":"2","4J":"2","6G":"2","5F":"2","9M":"2","5H":"2","9H":"2","6W":"2","48":"2","FW":"2","6J":"2","7M":"2","5M":"2","FV":"2","CV":"2","8M":"2","4Q":"2","6H":"2"},"2W":{"JX":"2"},"P9":{"GV":"2","HW":"2","HV":"2","8X":"2"}},"W3":{"H6":{"JH":"2","P5":"2","QG":"2","HJ":"2","8P":"2","GC":"2","HM":"2","FJ":"2","P8":"2","HH":"2","9M":"2","GH":"2","PG":"2","X9":"2","JF":"2","9P":"2","9Q":"2","VC":"2","HV":"2","6P":"2","QF":"2","Q7":"2","GM":"2","GP":"2","M9":"2","W9":"2","P9":"2","HG":"2"},"M6":{"C2":"2"},"P5":{"7M":"2","7G":"2","J9":"2"},"H4":{"2J":"2","2H":"2"},"F7":{"8R":"2","6R":"2","39":"2","2C":"2","8Q":"2","38":"2","2F":"2","36":"2","37":"2"},"6C":{"93":"2","64":"2","74":"2"},"M5":{"RR":"2","HW":"2","MR":"2","VQ":"2","JV":"2"},"88":{"F4":"2","G2":"2"},"79":{"Q6":"2"},"92":{"54":"2","83":"2"},"C3":{"V3":"2"},"H5":{"XV":"2","QW":"2","GR":"2","75":"2"},"23":{"38":"2","X6":"2","28":"2","X7":"2","39":"2"},"33":{"27":"2","26":"2"},"C7":{"X8":"2","XC":"2","R7":"2","G8":"2","X9":"2","59":"2"},"G5":{"2J":"2"},"87":{"9V":"2"},"3C":{"RW":"2"},"J6":{"H4":"2","68":"2","38":"2","79":"2","G9":"2","V2":"2","88":"2","78":"2","87":"2","69":"2","58":"2","29":"2","48":"2"},"V3":{"48":"2"},"G4":{"XJ":"2","XH":"2"},"R4":{"63":"2"},"97":{"GV":"2","9R":"2","CV":"2"}},"WX":{"23":{"QQ":"2","VH":"2"},"36":{"4R":"2"},"FW":{"9F":"2"},"32":{"2J":"2","55":"2","C3":"2","83":"2"},"F3":{"9H":"2","9J":"2"},"99":{"XJ":"2"},"2W":{"23":"2"},"XF":{"C7":"2"},"W7":{"GF":"2","HF":"2","GG":"2","HG":"2","Q6":"2","R4":"2"},"CW":{"9C":"2","GC":"2"},"5X":{"29":"2"},"X6":{"3Q":"2","6P":"2"},"WJ":{"96":"2","86":"2"},"4R":{"PV":"2","MV":"2"},"H8":{"FX":"2"},"V8":{"P6":"2"},"9C":{"88":"2"},"4M":{"GF":"2","HF":"2","WJ":"2","XM":"2","XJ":"2","GC":"2","VJ":"2","WM":"2","HC":"2"},"9V":{"RF":"2","Q5":"2"},"3V":{"2V":"2","VP":"2","GQ":"2"},"5J":{"9X":"2","8X":"2"},"73":{"82":"2","74":"2","H2":"2"},"W9":{"9X":"2","66":"2","8X":"2"},"FV":{"C4":"2"},"WW":{"42":"2"},"JV":{"XV":"2","WV":"2","QX":"2","XW":"2"},"8W":{"PG":"2","QG":"2","WQ":"2","49":"2"},"R9":{"JH":"2","89":"2"},"PW":{"6R":"2","9G":"2","2H":"2","2F":"2","FG":"2"},"QJ":{"WX":"2","VP":"2"},"CX":{"M7":"2","V6":"2","Q6":"2","R8":"2","MC":"2","V9":"2","2G":"2","87":"2","R7":"2","QF":"2","G6":"2","P9":"2"},"MW":{"7G":"2","3G":"2","8J":"2","XR":"2","8H":"2","7F":"2"},"4V":{"4P":"2"},"7W":{"C2":"2"},"5M":{"58":"2","8H":"2","6G":"2","7G":"2","57":"2","2G":"2","7J":"2","48":"2","7H":"2","47":"2","49":"2"},"83":{"P6":"2"},"HR":{"R4":"2"},"WV":{"MX":"2","5X":"2","4X":"2"},"FJ":{"MF":"2"},"GW":{"4H":"2"},"8F":{"4Q":"2"},"9Q":{"7X":"2"},"7V":{"6W":"2","2Q":"2","WH":"2"},"26":{"R2":"2"},"9G":{"PQ":"2","MQ":"2"},"PQ":{"C2":"2","3H":"2"},"2J":{"5R":"2"},"VV":{"QX":"2"},"2V":{"JW":"2"},"89":{"28":"2"},"FX":{"X3":"2","37":"2"},"9R":{"R9":"2"},"R5":{"G8":"2"},"WQ":{"W8":"2"},"6V":{"XP":"2"},"9X":{"PH":"2","WG":"2","PJ":"2","XG":"2","G8":"2","F3":"2"},"9H":{"2X":"2"},"J9":{"64":"2","P2":"2","Q2":"2"},"HW":{"6X":"2"},"37":{"8V":"2"},"H6":{"CJ":"2","CW":"2"},"M8":{"RM":"2","FM":"2"},"Q9":{"X7":"2"},"82":{"85":"2"},"4X":{"X3":"2"},"2M":{"W8":"2","V2":"2","W2":"2","W9":"2","WC":"2"},"RJ":{"27":"2"},"JX":{"22":"2"},"HJ":{"65":"2"},"3M":{"V8":"2"},"9W":{"7F":"2"},"38":{"C6":"2","94":"2"},"V6":{"PC":"2"},"H9":{"P2":"2"}},"V2":{"46":{"RM":"2"},"3H":{"Q5":"2","WQ":"2"},"GF":{"X2":"2"},"42":{"38":"2","4W":"2","28":"2","6G":"2","39":"2","5H":"2","7Q":"2","26":"2","25":"2","VP":"2","3M":"2","5C":"2","7R":"2","5V":"2","2W":"2","59":"2","5G":"2","35":"2","3C":"2","5X":"2","2C":"2","8Q":"2","6R":"2","8R":"2","27":"2","29":"2","4X":"2","2R":"2","4V":"2","H4":"2","5Q":"2","3R":"2","5M":"2","6X":"2","5R":"2","36":"2","3W":"2","3V":"2","3J":"2","5P":"2","5W":"2","6V":"2","5F":"2","4M":"2","3Q":"2","3P":"2","48":"2","6M":"2","6J":"2","3X":"2","6H":"2","RP":"2","2X":"2","7X":"2","4R":"2"},"69":{"J2":"2"},"P3":{"V4":"2","W5":"2","V5":"2"},"74":{"4P":"2","3M":"2","2J":"2","9J":"2","6C":"2","CM":"2","8H":"2","2P":"2","9M":"2","3F":"2","2G":"2","6F":"2","2H":"2","7H":"2","3H":"2","2M":"2"},"79":{"33":"2","32":"2","3M":"2"},"XP":{"2V":"2"},"RC":{"7P":"2"},"GW":{"P7":"2","Q7":"2","M2":"2","M7":"2"},"X5":{"WJ":"2","W3":"2","XH":"2","WH":"2"},"6M":{"27":"2","49":"2","37":"2"},"9J":{"HW":"2","F2":"2","MX":"2","H9":"2","98":"2","4X":"2","JX":"2"},"63":{"3G":"2","3H":"2","G2":"2"},"9P":{"GG":"2","7C":"2"},"9H":{"HP":"2","66":"2","RH":"2","JP":"2"},"R8":{"J3":"2","H3":"2","87":"2","H2":"2"},"VM":{"62":"2","F2":"2","4Q":"2","H2":"2","G2":"2","53":"2"},"86":{"2Q":"2"},"5Q":{"P7":"2"},"R7":{"W5":"2","V5":"2","GR":"2","FF":"2","FG":"2"},"F7":{"7V":"2","6V":"2","PX":"2"},"5M":{"CF":"2","XC":"2","WF":"2","VF":"2","3J":"2","X9":"2","W9":"2","WC":"2","FW":"2"},"49":{"MX":"2","JX":"2"},"C4":{"PV":"2"},"X8":{"2Q":"2","8R":"2","GC":"2","X5":"2","6M":"2","7R":"2","MV":"2","5M":"2","7V":"2","8G":"2","7X":"2"},"3M":{"9P":"2","GG":"2"},"7G":{"GF":"2","2W":"2","6M":"2","4W":"2","4X":"2","3W":"2","4C":"2","49":"2"},"59":{"F6":"2"},"52":{"5J":"2"},"87":{"JW":"2","MX":"2"},"VP":{"C4":"2","94":"2","74":"2","C5":"2","95":"2"},"7P":{"VM":"2","Q6":"2","R5":"2","58":"2","MC":"2","69":"2","P7":"2","XP":"2","M9":"2","68":"2"},"W7":{"8Q":"2","93":"2","7Q":"2","HV":"2","94":"2"},"MG":{"4C":"2"},"34":{"XW":"2","XV":"2","GC":"2","G2":"2","9R":"2","WV":"2","WW":"2"},"PM":{"63":"2","23":"2","33":"2","73":"2","53":"2","43":"2"},"9G":{"7R":"2","FF":"2"},"4G":{"HJ":"2","QP":"2","FH":"2"},"JG":{"G4":"2"},"33":{"XM":"2","V2":"2","FX":"2","Q2":"2"},"8Q":{"57":"2","38":"2","66":"2","76":"2","J5":"2","49":"2","58":"2","48":"2"},"CR":{"RV":"2"},"58":{"R2":"2"},"WF":{"V4":"2"},"GC":{"WX":"2","VX":"2","JM":"2","VW":"2","XX":"2","RV":"2","9J":"2"},"88":{"M2":"2","35":"2","H4":"2","P2":"2","79":"2","J3":"2","J2":"2","H5":"2","H3":"2","F8":"2","69":"2","78":"2","4C":"2","59":"2","G6":"2","Q3":"2"},"P4":{"HM":"2","MH":"2","VC":"2","FW":"2"},"W6":{"RW":"2","HR":"2","8R":"2","CQ":"2","3W":"2","9R":"2","6R":"2","7R":"2","8Q":"2","5V":"2","FR":"2","GR":"2","MV":"2","9Q":"2","6V":"2","HV":"2"},"66":{"R5":"2","J2":"2","Q5":"2","H2":"2"},"WH":{"8C":"2"},"FM":{"49":"2","48":"2","39":"2"},"7F":{"23":"2","22":"2"},"3J":{"72":"2"},"6H":{"4P":"2","5X":"2","4X":"2","8X":"2","7W":"2","6X":"2","WV":"2","9X":"2","9W":"2","2X":"2","7J":"2","FW":"2","6V":"2","CW":"2","7V":"2","32":"2","7X":"2","8W":"2","WR":"2"},"7H":{"4P":"2","5X":"2","77":"2","9G":"2","QG":"2","9J":"2","HR":"2","8R":"2","8P":"2","9V":"2","42":"2","9R":"2","8V":"2","88":"2","6X":"2","7Q":"2","5W":"2","83":"2","85":"2","75":"2","4W":"2","8Q":"2","9F":"2","3J":"2","6W":"2","8F":"2","GR":"2","GF":"2","87":"2","74":"2","6V":"2","FC":"2","84":"2","GJ":"2","7V":"2","8M":"2","GQ":"2","4Q":"2","8W":"2"},"2P":{"F9":"2","7J":"2"},"C7":{"8X":"2"},"V2":{"G6":"2"},"W9":{"96":"2","C5":"2","W4":"2","87":"2","77":"2"},"2G":{"XR":"2","XQ":"2"},"QH":{"5C":"2","GM":"2","6F":"2","59":"2","49":"2"},"JF":{"47":"2","26":"2","37":"2","29":"2"},"FH":{"34":"2"},"53":{"35":"2","28":"2","45":"2","43":"2","34":"2","44":"2","36":"2"},"4J":{"8C":"2","7G":"2","6M":"2","99":"2"},"9R":{"GQ":"2"},"44":{"3R":"2","2V":"2","F2":"2","8J":"2","6M":"2","H5":"2","J4":"2","2R":"2","6P":"2","GQ":"2","XJ":"2","G6":"2"},"85":{"HM":"2","HP":"2","HV":"2","MG":"2","JM":"2","JP":"2"},"7J":{"62":"2","F3":"2","VR":"2","JF":"2","MG":"2","VP":"2","WJ":"2","M5":"2","PF":"2","H8":"2","MF":"2","C5":"2","X5":"2","QW":"2","PH":"2","C9":"2","RW":"2","56":"2","HC":"2","F7":"2","G7":"2","JC":"2","QJ":"2","XQ":"2","XP":"2","WH":"2","P9":"2","57":"2","M7":"2","F6":"2","HM":"2","G8":"2","QF":"2","F2":"2","VM":"2","C3":"2","78":"2","72":"2","PG":"2","WQ":"2","QQ":"2","GM":"2","WP":"2","QH":"2","QC":"2","J9":"2","RP":"2","F5":"2","VJ":"2","VX":"2","RV":"2","M8":"2","RM":"2","RJ":"2","HJ":"2","C2":"2","RQ":"2","WM":"2","HP":"2","VQ":"2","MC":"2","H9":"2","9J":"2"},"F8":{"8W":"2","FG":"2","8X":"2"},"98":{"VC":"2","WF":"2","XQ":"2","WC":"2"},"2H":{"V4":"2","5R":"2","X6":"2","3F":"2"},"WX":{"RX":"2","HV":"2"},"78":{"2Q":"2","3R":"2","3W":"2","MC":"2","PC":"2","3V":"2","2R":"2","2M":"2"},"X7":{"X8":"2","XF":"2","XC":"2","Q9":"2","V9":"2","G7":"2","G8":"2","Q8":"2","R9":"2","WC":"2","W9":"2"},"CH":{"W5":"2","W8":"2","W4":"2","X7":"2","W6":"2","PF":"2","R8":"2","JM":"2","QC":"2","V8":"2","Q9":"2","X5":"2","V9":"2","R9":"2"},"W8":{"RW":"2","VV":"2","XR":"2","QJ":"2","RV":"2","F6":"2","J2":"2","QQ":"2","QW":"2","PV":"2","HX":"2","PW":"2","WX":"2","5P":"2","G6":"2","WR":"2"},"35":{"9R":"2"},"73":{"7G":"2"},"G8":{"8P":"2","7P":"2","CH":"2","8M":"2","4V":"2"},"8J":{"GF":"2","GH":"2","4P":"2","7M":"2","7J":"2","3F":"2","7Q":"2","26":"2","5V":"2","X7":"2","9J":"2","FV":"2","HH":"2","6P":"2","CH":"2","6W":"2","8V":"2","5P":"2","8M":"2","6V":"2","FF":"2","9H":"2","6M":"2","FC":"2","CF":"2"},"RJ":{"24":"2","PJ":"2","XP":"2","46":"2"},"3Q":{"54":"2","RX":"2"},"24":{"RF":"2","RH":"2","RJ":"2","9M":"2","VJ":"2","VH":"2"},"3R":{"CM":"2"},"FC":{"XQ":"2"},"F2":{"9R":"2","JF":"2","J9":"2","CW":"2","JC":"2","CV":"2"},"3P":{"42":"2"},"76":{"WP":"2","RQ":"2","RV":"2","XQ":"2"},"64":{"RG":"2","QG":"2","C4":"2","PF":"2","WJ":"2","VH":"2","MC":"2","V8":"2","PC":"2","94":"2","C3":"2","VP":"2","WH":"2","RF":"2","G8":"2","XM":"2","F8":"2","WM":"2","WF":"2","WP":"2","VG":"2","XH":"2","27":"2","26":"2","56":"2","XP":"2","WQ":"2","XG":"2","WG":"2","WC":"2","XJ":"2","W9":"2"},"8G":{"VX":"2"},"WM":{"GW":"2","FM":"2","9H":"2","GP":"2","CJ":"2","6G":"2"},"5P":{"96":"2"},"GJ":{"8F":"2","6F":"2","JG":"2"},"RM":{"G4":"2","2M":"2"},"CJ":{"3F":"2"},"4H":{"FQ":"2","PC":"2","V9":"2","MW":"2","HV":"2","XP":"2","RM":"2"},"62":{"57":"2","67":"2","79":"2","F9":"2","76":"2","GC":"2","78":"2","77":"2","58":"2","48":"2"},"8P":{"82":"2","JJ":"2","83":"2"},"3F":{"PW":"2"},"XQ":{"23":"2","22":"2","45":"2"},"V7":{"X3":"2"},"JW":{"XH":"2"},"54":{"PR":"2","4H":"2","X8":"2","X6":"2","45":"2","GG":"2","9F":"2","X7":"2"},"R6":{"6F":"2","6G":"2"},"4Q":{"WM":"2"},"9M":{"8F":"2"},"89":{"8V":"2","2M":"2","2P":"2"},"6P":{"99":"2"},"9Q":{"64":"2","Q4":"2","CV":"2"},"8X":{"RR":"2","QR":"2","PF":"2","QV":"2","RW":"2","RV":"2"},"P5":{"CP":"2","9P":"2","CQ":"2","9M":"2"},"C6":{"M6":"2","G7":"2","J8":"2","M8":"2","H8":"2","M9":"2","F6":"2","J7":"2"},"2M":{"4G":"2","RX":"2","4W":"2","87":"2"},"H9":{"C7":"2","C8":"2"},"8H":{"HP":"2","P7":"2","Q7":"2","Q8":"2","HV":"2","J9":"2","HG":"2","JC":"2","P8":"2"},"65":{"CR":"2","6J":"2","9P":"2","GX":"2"},"77":{"43":"2"},"G5":{"MQ":"2"},"6Q":{"73":"2"},"HJ":{"HG":"2"},"23":{"HJ":"2","MX":"2"},"J6":{"9V":"2","CR":"2","9R":"2","9X":"2","9W":"2","9P":"2","CW":"2","CV":"2"},"43":{"VW":"2","73":"2","62":"2","54":"2","WV":"2","84":"2","64":"2","QV":"2","52":"2","63":"2","22":"2","74":"2","96":"2","93":"2","32":"2","43":"2","53":"2","83":"2","65":"2","HF":"2","86":"2","42":"2","RV":"2","MP":"2","72":"2","MM":"2"},"22":{"H6":"2","99":"2","JH":"2","PJ":"2","F7":"2","9G":"2","XF":"2","V5":"2","H7":"2","W6":"2","V6":"2","V7":"2","Q6":"2","R5":"2","VH":"2","7F":"2","QC":"2","QJ":"2","9C":"2","R2":"2","X5":"2","P4":"2","HH":"2","P3":"2","9F":"2","MG":"2","PG":"2","H5":"2","C7":"2","G8":"2","X6":"2","Q8":"2","QH":"2","R7":"2","PH":"2","8G":"2","QF":"2","Q7":"2","JC":"2","XG":"2","WC":"2","MH":"2","HG":"2"},"QM":{"M6":"2","C6":"2","66":"2","36":"2","46":"2","J6":"2","J5":"2","86":"2"},"5J":{"67":"2","94":"2"},"3G":{"MC":"2","4M":"2","4P":"2"},"XX":{"HV":"2","HR":"2","6M":"2","M8":"2","5X":"2","JV":"2","JR":"2"},"VX":{"QH":"2"},"WP":{"XV":"2","QG":"2","XR":"2","XX":"2","P9":"2","RJ":"2","VJ":"2"},"5F":{"H4":"2","G5":"2","F5":"2","C5":"2"},"94":{"9X":"2"},"V8":{"G5":"2","GG":"2","RW":"2","86":"2"},"H6":{"46":"2"},"7Q":{"P3":"2"},"67":{"QC":"2","QX":"2","P7":"2","PW":"2","QW":"2","PX":"2"},"Q5":{"2W":"2","RV":"2"},"7C":{"2W":"2","2X":"2","3X":"2","3W":"2"},"Q4":{"28":"2"},"2X":{"GW":"2","GX":"2","RP":"2"},"6J":{"P3":"2","GC":"2"},"32":{"24":"2","V8":"2","83":"2","Q5":"2","66":"2","22":"2","F4":"2","87":"2","R2":"2","W9":"2","HJ":"2","VR":"2","FC":"2","QC":"2","GC":"2","6G":"2","65":"2","5F":"2","M5":"2","HQ":"2","G8":"2","P4":"2","WM":"2","C2":"2","FF":"2","JM":"2","RG":"2","97":"2","39":"2","V2":"2","9G":"2","JP":"2","VJ":"2","W7":"2","XR":"2","23":"2","WG":"2","44":"2","88":"2","46":"2","W4":"2","VF":"2","GR":"2","29":"2","H9":"2","59":"2","HG":"2","P8":"2","X2":"2","PF":"2","PP":"2","VM":"2","JH":"2","QH":"2","43":"2","WQ":"2","GF":"2","Q4":"2","47":"2","GJ":"2","QP":"2","H5":"2","V9":"2","48":"2","74":"2","WX":"2","78":"2","CC":"2","C8":"2","J7":"2","3C":"2","VX":"2","28":"2","R6":"2","X5":"2","93":"2","X3":"2","38":"2","F9":"2","RH":"2","45":"2","C4":"2","RP":"2","8C":"2","Q3":"2","R4":"2","MH":"2","R3":"2","XV":"2","5G":"2","XC":"2","WH":"2","HV":"2","68":"2","VW":"2","HP":"2","F8":"2","JC":"2","77":"2","G9":"2","VG":"2","MV":"2","HH":"2","Q8":"2","J8":"2","F2":"2","VH":"2","64":"2","GM":"2","WC":"2","GG":"2","XM":"2","W3":"2","V4":"2","7C":"2","62":"2","G6":"2","35":"2","HM":"2","G7":"2","MJ":"2","V7":"2","PJ":"2","94":"2","MF":"2","CG":"2","M4":"2","7F":"2","X8":"2","C9":"2","MG":"2","W6":"2","P6":"2","R9":"2","55":"2","2C":"2","76":"2","P5":"2","VP":"2","85":"2","JF":"2","75":"2","HF":"2","9F":"2","X6":"2","RJ":"2","6F":"2","WP":"2","J9":"2","67":"2","R8":"2","G3":"2","QJ":"2","V5":"2","WR":"2","2F":"2","R7":"2","34":"2","JJ":"2","84":"2","G2":"2","JG":"2","C7":"2","RM":"2","58":"2","Q6":"2","H8":"2","QF":"2","82":"2","M6":"2","63":"2","MP":"2","33":"2","GP":"2","PQ":"2","J6":"2","WJ":"2","53":"2","HR":"2","FG":"2","HC":"2","57":"2","M7":"2","H7":"2","VQ":"2","QM":"2","X7":"2","X9":"2","MM":"2","VV":"2","92":"2","CF":"2","F7":"2","FM":"2","W8":"2","F6":"2","QR":"2","RC":"2","86":"2","R5":"2","PG":"2","M9":"2","PM":"2","QG":"2","QQ":"2","H6":"2","GQ":"2","49":"2","7G":"2","W5":"2","C3":"2","JQ":"2","V3":"2","J5":"2"},"27":{"GW":"2","HW":"2","V3":"2","F6":"2","R4":"2"},"FJ":{"FF":"2","PF":"2","4J":"2","9C":"2","CF":"2","4H":"2","9F":"2","8F":"2","HF":"2","GF":"2","FC":"2"},"7M":{"M7":"2","HG":"2","JG":"2","JR":"2","V3":"2","PP":"2","HM":"2","5H":"2","JQ":"2","V2":"2","HJ":"2","G4":"2","JP":"2","GJ":"2","W2":"2","J9":"2","JW":"2","H3":"2","GP":"2","X3":"2","2Q":"2","R3":"2","HH":"2","JJ":"2","HF":"2","2R":"2","F4":"2","JF":"2","JV":"2","P6":"2","88":"2","JM":"2","GM":"2","JC":"2"},"F9":{"M7":"2","FQ":"2","M6":"2","R6":"2","H4":"2","Q2":"2","HC":"2","Q6":"2","P8":"2","R5":"2","R8":"2","V8":"2","F2":"2","M8":"2","GH":"2","J3":"2","Q8":"2","J5":"2","WF":"2","VC":"2","VF":"2","P7":"2","R7":"2","X3":"2","J6":"2","G4":"2","Q7":"2","R4":"2","Q5":"2","WC":"2","W9":"2"},"3V":{"V6":"2","HV":"2","MR":"2","JV":"2","V7":"2","J7":"2","JR":"2"},"5H":{"68":"2","57":"2","8F":"2","89":"2","PQ":"2","7F":"2","58":"2"},"MJ":{"8P":"2","5P":"2","3P":"2","QX":"2","MV":"2","GR":"2"},"68":{"P7":"2","P3":"2","P2":"2","XW":"2","Q2":"2"},"84":{"JF":"2"},"GM":{"CH":"2","CG":"2"},"M9":{"GC":"2"},"RG":{"2C":"2"},"95":{"C4":"2","WW":"2","F5":"2","F4":"2","XX":"2","XW":"2","C5":"2"},"VJ":{"3Q":"2","MX":"2","4W":"2","9W":"2","CX":"2","JX":"2","FX":"2"},"8M":{"4R":"2"},"JJ":{"4M":"2","F4":"2","C4":"2","CQ":"2","7Q":"2","2H":"2","5P":"2","6P":"2","GP":"2"},"4C":{"M5":"2","H6":"2","J4":"2","J2":"2","J3":"2","M2":"2"},"C8":{"RR":"2","9H":"2","GJ":"2","VR":"2","2F":"2","QQ":"2","3F":"2"},"83":{"WW":"2"}},"CW":{"WX":{"94":"2"}},"GX":{"9C":{"WR":"2","X9":"2"},"MP":{"94":"2"},"4R":{"5H":"2","6H":"2","5J":"2"},"PJ":{"HH":"2"},"MM":{"R3":"2"},"JV":{"7M":"2"},"9F":{"VC":"2","V9":"2","Q9":"2","R9":"2","W3":"2","V8":"2"},"8M":{"6J":"2","7J":"2"},"59":{"XH":"2"},"69":{"2H":"2","4R":"2"},"VH":{"6C":"2","6F":"2","87":"2","29":"2"},"99":{"QJ":"2","P5":"2","QG":"2","Q8":"2"}},"MR":{"PR":{"9X":"2","G8":"2","MW":"2","QJ":"2","RM":"2","8X":"2","M7":"2","HG":"2","4W":"2","C7":"2","JG":"2","GF":"2","97":"2","H5":"2","G6":"2","QQ":"2","7M":"2","F5":"2","PM":"2","PP":"2","F9":"2","7J":"2","XV":"2","8H":"2","WM":"2","X2":"2","VP":"2","VM":"2","C6":"2","7R":"2","8J":"2","W2":"2","8F":"2","PV":"2","J3":"2","JW":"2","7G":"2","6R":"2","H3":"2","8G":"2","8R":"2","PJ":"2","HH":"2","JJ":"2","HF":"2","4X":"2","F8":"2","4V":"2","F6":"2","CV":"2","G3":"2","MJ":"2","5Q":"2","WC":"2","98":"2","MX":"2","RQ":"2","6Q":"2","MP":"2","QP":"2","CC":"2","99":"2","JX":"2","PR":"2","89":"2","QF":"2","C8":"2","QM":"2","HC":"2","G5":"2","QR":"2","F7":"2","J7":"2","6H":"2","MH":"2","8C":"2","FC":"2","JH":"2","RP":"2","GC":"2","XM":"2","MM":"2","7F":"2"},"QR":{"H6":"2","99":"2","7C":"2","22":"2","35":"2","4G":"2","F9":"2","C9":"2","5F":"2","9C":"2","2C":"2","8F":"2","G8":"2","J6":"2","44":"2","8G":"2","G9":"2","3H":"2","M3":"2"},"MW":{"47":"2"},"HW":{"XV":"2","QM":"2","VW":"2","XW":"2"},"JW":{"8P":"2","55":"2","6W":"2","F2":"2","2V":"2","WF":"2","C3":"2","5X":"2","4X":"2","5W":"2","43":"2"},"RQ":{"2J":"2","C6":"2","G5":"2","96":"2","F6":"2"},"VP":{"F4":"2"},"PV":{"72":"2","68":"2","3G":"2","24":"2","82":"2","5C":"2","32":"2","2G":"2","4G":"2","5F":"2","4F":"2","4C":"2","42":"2","59":"2","78":"2","87":"2","69":"2","77":"2","34":"2"},"PQ":{"QX":"2","PW":"2","MW":"2","MX":"2","HX":"2"},"MV":{"PR":"2","W7":"2","W8":"2","FP":"2","RG":"2","GM":"2","WJ":"2","X6":"2","RQ":"2","PM":"2","X7":"2","QQ":"2"},"JV":{"FX":"2"}},"MV":{"FR":{"M6":"2","P6":"2","M7":"2"},"X8":{"QV":"2"},"MM":{"M3":"2","H5":"2"},"GR":{"C2":"2","GQ":"2"},"75":{"3F":"2"},"69":{"5F":"2"},"8X":{"92":"2"},"CV":{"V6":"2"}},"XX":{"95":{"PW":"2","V9":"2","QW":"2","HC":"2"},"36":{"WJ":"2"},"58":{"3Q":"2","2J":"2","6R":"2","4W":"2","4X":"2"},"5V":{"M4":"2","2C":"2"},"FW":{"PH":"2","RG":"2","JJ":"2","XM":"2","VX":"2","MJ":"2","XW":"2"},"5R":{"42":"2"},"32":{"28":"2"},"22":{"5M":"2"},"3G":{"QJ":"2"},"48":{"QJ":"2","38":"2","75":"2","62":"2","RF":"2","MF":"2","H5":"2","R9":"2","XP":"2","26":"2","25":"2","FW":"2","76":"2","35":"2","VH":"2","8Q":"2","65":"2","VC":"2","XG":"2","29":"2","85":"2","CQ":"2","C5":"2","MV":"2","WH":"2","MR":"2","QG":"2","PR":"2","92":"2","QF":"2","FF":"2","PF":"2","VF":"2","HC":"2","RG":"2","34":"2","QR":"2","MH":"2","WJ":"2","FJ":"2","XM":"2","WG":"2","MM":"2"},"W3":{"76":"2","Q6":"2","XQ":"2"},"47":{"9X":"2","5V":"2","5X":"2","8X":"2","CV":"2"},"8M":{"QJ":"2","PJ":"2","7W":"2"},"3R":{"9M":"2"},"4C":{"W2":"2"},"CW":{"HW":"2","HV":"2"},"27":{"59":"2","69":"2"},"5G":{"4F":"2","52":"2"},"5C":{"5M":"2"},"49":{"XV":"2","XR":"2","XM":"2","XX":"2","X9":"2","XH":"2"},"4R":{"44":"2"},"4M":{"QC":"2","RG":"2","R9":"2","V5":"2","QF":"2","V7":"2"},"24":{"R6":"2"},"PX":{"9M":"2","VW":"2","7V":"2","WM":"2","9W":"2","VP":"2","7R":"2","5V":"2","7W":"2","5X":"2","6R":"2","XJ":"2","8R":"2","XG":"2","HH":"2","6P":"2","CV":"2","7P":"2","MJ":"2","5Q":"2","5M":"2","VQ":"2","5R":"2","VG":"2","MV":"2","9R":"2","5P":"2","8P":"2","5W":"2","HV":"2","6Q":"2","6M":"2","9V":"2","CX":"2","FX":"2","WJ":"2","WG":"2"},"6M":{"4H":"2","2H":"2","PW":"2"},"3V":{"RR":"2"},"5J":{"29":"2"},"2H":{"2W":"2"},"35":{"MC":"2","3C":"2","8G":"2","9G":"2","8F":"2","CG":"2","9F":"2"},"R4":{"6P":"2"},"7P":{"X4":"2"},"84":{"J4":"2","GM":"2","H8":"2","9W":"2","J5":"2"},"94":{"X2":"2"},"6P":{"X2":"2"},"4J":{"XM":"2"},"46":{"4M":"2","4J":"2","C2":"2","3H":"2","3J":"2","5J":"2"},"CX":{"HM":"2","HP":"2","CP":"2","GM":"2","8F":"2"},"25":{"V2":"2"},"Q4":{"H6":"2","G4":"2","CC":"2"},"4V":{"JG":"2"},"59":{"8C":"2","2C":"2","F5":"2","JC":"2","29":"2"},"HX":{"FQ":"2","HJ":"2","CQ":"2","9V":"2","CR":"2","JM":"2","HH":"2","FR":"2","H5":"2","9W":"2","H8":"2","H3":"2","HF":"2","CW":"2","CV":"2","GM":"2","MM":"2","H9":"2","HG":"2","5Q":"2"},"GW":{"HP":"2","VM":"2","3W":"2","8V":"2","HQ":"2","MP":"2","QJ":"2","QM":"2","2P":"2","PP":"2","4W":"2","GR":"2","JP":"2","9Q":"2","PM":"2","CV":"2","GQ":"2","2W":"2","RM":"2"},"4F":{"HP":"2"},"5F":{"6R":"2","7H":"2","6W":"2","6Q":"2","7F":"2","77":"2"},"44":{"MV":"2"},"75":{"9V":"2"},"V5":{"67":"2","X2":"2","W4":"2"},"2V":{"4R":"2","2M":"2","5W":"2","2P":"2"},"72":{"Q9":"2"},"FX":{"H4":"2","J4":"2","P3":"2","M3":"2","J3":"2","MV":"2","PM":"2"},"8P":{"9R":"2","6J":"2","24":"2","62":"2","6C":"2","CP":"2","6H":"2"},"QX":{"38":"2","6C":"2","C7":"2","28":"2","77":"2","G9":"2","2G":"2","VR":"2","VJ":"2","F9":"2","3F":"2","2F":"2","5C":"2","59":"2","QX":"2","3C":"2","H8":"2","VH":"2","H9":"2","PX":"2","MC":"2","86":"2","F8":"2","68":"2","WH":"2","58":"2","67":"2","48":"2","PF":"2","F7":"2","WJ":"2","PG":"2"},"6V":{"C2":"2","C3":"2","86":"2"},"9X":{"8G":"2"},"96":{"W5":"2"},"HW":{"2J":"2","HR":"2"},"64":{"9R":"2"},"J5":{"48":"2"},"X3":{"2C":"2","M9":"2","J9":"2","3F":"2"},"3C":{"HF":"2"},"P4":{"GF":"2","M2":"2"},"54":{"FP":"2","CP":"2","PQ":"2","6P":"2"},"53":{"87":"2"},"MM":{"58":"2"},"38":{"PG":"2","QG":"2","RF":"2","WF":"2","X9":"2","FH":"2","HC":"2"},"45":{"95":"2","CX":"2","FX":"2","G5":"2","C6":"2","GV":"2","FW":"2","C5":"2","FV":"2"},"H5":{"X8":"2","78":"2"}},"R3":{"P3":{"MX":"2","JX":"2"},"M3":{"RR":"2","VX":"2"},"V8":{"3P":"2","CX":"2","8X":"2"},"77":{"HP":"2","HM":"2","HQ":"2","FR":"2","C7":"2","JJ":"2","FP":"2","GQ":"2","GP":"2"},"W4":{"WG":"2","XG":"2","XF":"2","JR":"2"},"X5":{"GW":"2","RX":"2","6F":"2"},"V3":{"C4":"2","C6":"2","F8":"2","F2":"2","C2":"2","H5":"2"},"VR":{"8J":"2","GJ":"2","8M":"2"},"Q7":{"72":"2","62":"2"},"JQ":{"XC":"2"},"Q2":{"J8":"2"},"V4":{"5F":"2"},"V2":{"3M":"2","QV":"2","2J":"2","CR":"2","9R":"2","8V":"2","CX":"2","P2":"2","QM":"2","2G":"2","MW":"2","FX":"2","GX":"2","MV":"2","FW":"2","PQ":"2","PR":"2","2M":"2"},"RR":{"RM":"2","RG":"2","WJ":"2","XJ":"2","RJ":"2","VJ":"2","WH":"2","VH":"2"},"76":{"7Q":"2"},"P4":{"J2":"2","M2":"2"},"V9":{"C2":"2","C3":"2"},"W2":{"C9":"2"},"W3":{"43":"2"},"X3":{"G7":"2","M7":"2","6C":"2","C7":"2","M5":"2","X5":"2","V3":"2","M9":"2","F9":"2","P5":"2","V2":"2","5C":"2","P4":"2","8F":"2","79":"2","MC":"2","Q5":"2","X3":"2","R3":"2","P7":"2","6P":"2","V5":"2","R6":"2","R4":"2","P6":"2","X4":"2","M6":"2","Q4":"2","F7":"2","9C":"2","MH":"2","JH":"2","Q6":"2","R2":"2"},"V7":{"QX":"2","RX":"2"},"R3":{"GH":"2"},"44":{"GH":"2","GG":"2","HG":"2","FG":"2","FH":"2"},"42":{"C9":"2","R8":"2","C8":"2","FC":"2","FF":"2"},"P2":{"R8":"2","JJ":"2","JP":"2"},"68":{"5H":"2","9P":"2"},"WH":{"45":"2"},"MP":{"9V":"2","9X":"2","9W":"2","CX":"2","CW":"2","CV":"2"},"99":{"HM":"2","HJ":"2"},"QG":{"GH":"2","GJ":"2","FJ":"2","FH":"2"},"92":{"54":"2","2H":"2"},"X4":{"J4":"2","M4":"2","4C":"2"},"C8":{"C9":"2","8J":"2","7J":"2","6V":"2","Q2":"2"},"88":{"62":"2"},"W5":{"M2":"2","M7":"2","P5":"2","H7":"2","P4":"2","P3":"2","R4":"2","M3":"2"},"9C":{"Q7":"2"},"MQ":{"C2":"2","92":"2"},"7C":{"H2":"2"},"V6":{"WP":"2","VP":"2","WQ":"2","WM":"2"},"66":{"MH":"2"},"Q6":{"5P":"2","6W":"2","4P":"2","5Q":"2","5W":"2","4Q":"2","6X":"2"},"R2":{"QM":"2","VC":"2","VG":"2","WJ":"2","XJ":"2","VF":"2","87":"2"},"82":{"72":"2","XG":"2","42":"2"}},"JV":{"7R":{"RP":"2"},"WG":{"82":"2"},"QV":{"29":"2"},"7C":{"X5":"2"}},"WW":{"V8":{"7R":"2","9X":"2","9W":"2","8R":"2"},"3Q":{"35":"2","28":"2","6M":"2","23":"2","27":"2","5M":"2","34":"2","32":"2","36":"2"},"WW":{"PG":"2","MG":"2","H9":"2"},"3R":{"3Q":"2","24":"2","5C":"2","5Q":"2","R6":"2","GJ":"2","27":"2","46":"2","25":"2","28":"2","26":"2","49":"2","48":"2"},"VR":{"57":"2","24":"2"},"3F":{"55":"2","35":"2","64":"2","44":"2","65":"2","45":"2"},"6R":{"85":"2","76":"2","F5":"2"},"FF":{"WG":"2"},"2R":{"R8":"2","5R":"2","PM":"2","VR":"2","MH":"2","M9":"2","6Q":"2","JF":"2","6R":"2","MG":"2","MJ":"2","JG":"2","MF":"2","CM":"2","X8":"2","HF":"2","W9":"2","R9":"2","7R":"2","PJ":"2","R7":"2","JC":"2","CJ":"2","QM":"2","P9":"2","FH":"2","7V":"2","Q7":"2","6V":"2","W2":"2","WP":"2","QP":"2","RP":"2","HG":"2","Q9":"2","RM":"2","Q8":"2","RQ":"2","MM":"2","MC":"2","9J":"2","RR":"2"},"97":{"R6":"2","V5":"2","V6":"2","R8":"2","QC":"2","Q8":"2","MF":"2"},"3W":{"MR":"2","JQ":"2","86":"2","R6":"2","66":"2","W6":"2","JR":"2","58":"2","88":"2","MQ":"2","79":"2","39":"2","P4":"2","75":"2","98":"2","57":"2","H8":"2","G8":"2","C7":"2","J4":"2","X6":"2","69":"2","G5":"2","78":"2","87":"2","56":"2","M4":"2","97":"2","68":"2"},"39":{"HM":"2"},"5X":{"J4":"2"},"27":{"FR":"2","CR":"2","2W":"2","7V":"2","5W":"2"},"JX":{"CM":"2","86":"2"},"89":{"8X":"2"},"XR":{"GC":"2","F6":"2"},"FJ":{"GX":"2"},"WG":{"7G":"2","8G":"2","6H":"2","5F":"2","6F":"2","6G":"2"},"88":{"2V":"2"},"29":{"3M":"2"},"4P":{"WW":"2","WX":"2","VV":"2"},"3X":{"9X":"2","WJ":"2","CX":"2","FX":"2","FW":"2"},"47":{"WX":"2"},"GJ":{"8P":"2"},"V9":{"93":"2","C2":"2","92":"2"},"3V":{"H4":"2","WP":"2","MW":"2","PJ":"2","WQ":"2","JC":"2"},"48":{"X2":"2","35":"2","C4":"2","95":"2","W2":"2","85":"2","94":"2","J2":"2","24":"2","55":"2","H5":"2","G5":"2","H2":"2","FP":"2","C5":"2","84":"2","44":"2","M4":"2","25":"2"},"4J":{"PG":"2","5C":"2","MG":"2","5F":"2","GC":"2","4C":"2","29":"2"},"78":{"93":"2","H4":"2","H6":"2","J4":"2","G5":"2","G4":"2","P3":"2","F4":"2","92":"2","52":"2","F3":"2"},"8Q":{"3J":"2"},"J7":{"X2":"2","V2":"2","W2":"2","R2":"2","W3":"2","46":"2","X3":"2"},"3C":{"C9":"2","6J":"2","25":"2"},"28":{"9M":"2","6C":"2","FM":"2","HM":"2","26":"2","CM":"2","2W":"2","GJ":"2","94":"2","8Q":"2","2Q":"2","4X":"2","4V":"2","XX":"2","42":"2","FQ":"2","3R":"2","CQ":"2","36":"2","3V":"2","9Q":"2","89":"2","9P":"2","8C":"2","V6":"2","GM":"2","MM":"2","CP":"2"},"P7":{"F4":"2","75":"2"},"2X":{"56":"2","66":"2","CW":"2"},"38":{"R3":"2","QR":"2","W5":"2","V5":"2","W4":"2","9V":"2","X4":"2","V2":"2","V4":"2","R2":"2","P3":"2","7R":"2","HV":"2","H2":"2","XP":"2","V3":"2","PR":"2","CV":"2","FV":"2","R4":"2","Q3":"2"},"8C":{"93":"2","C4":"2","C3":"2","C5":"2"},"GV":{"J7":"2"},"WH":{"3C":"2"},"HP":{"GR":"2"},"4W":{"6G":"2","5H":"2","26":"2","25":"2","5G":"2","35":"2","4G":"2","5Q":"2","5M":"2","4F":"2","5R":"2","24":"2","36":"2","47":"2","5F":"2","FF":"2","48":"2","6F":"2","6M":"2","6H":"2","5J":"2","9F":"2","CF":"2","49":"2","56":"2","4R":"2"},"68":{"Q2":"2"},"77":{"8J":"2","PF":"2","7J":"2","QF":"2","5J":"2"},"VG":{"VJ":"2"},"GM":{"4M":"2","5M":"2"},"4H":{"8V":"2","2Q":"2","8W":"2","8R":"2"},"GG":{"H9":"2","VH":"2"},"G7":{"9Q":"2"},"99":{"54":"2"},"V7":{"8F":"2","7F":"2","FC":"2","FF":"2"},"CG":{"M7":"2","MC":"2","J9":"2","C3":"2","JF":"2","J5":"2","WF":"2","CG":"2","MF":"2","XH":"2","VF":"2","P7":"2","JC":"2","XG":"2","WC":"2"},"3J":{"V6":"2"},"4Q":{"HX":"2"},"P6":{"3Q":"2","MR":"2","GG":"2","HG":"2","FV":"2","MQ":"2"},"WV":{"8Q":"2","9R":"2","7P":"2","7Q":"2","8V":"2","8R":"2"},"R9":{"P6":"2","G8":"2","Q6":"2","H7":"2"},"7H":{"RP":"2"},"2C":{"F2":"2","P2":"2"},"VP":{"88":"2"},"3M":{"GH":"2"},"7Q":{"XP":"2"},"2W":{"CR":"2"},"67":{"9X":"2","WW":"2","PW":"2","WX":"2","5X":"2","FX":"2"},"4X":{"36":"2","42":"2"},"R7":{"WR":"2","WV":"2","QM":"2","VR":"2","VQ":"2","36":"2"},"4V":{"R5":"2","2Q":"2","8F":"2","3W":"2","3M":"2"},"C7":{"46":"2"},"58":{"CP":"2","9Q":"2","48":"2"},"9C":{"3Q":"2","RX":"2","QW":"2"},"3H":{"8P":"2","CP":"2","6Q":"2","3W":"2","9M":"2"},"M6":{"9V":"2","8V":"2","7W":"2","7X":"2","8X":"2"},"5Q":{"6X":"2"},"9P":{"GV":"2","PR":"2","RR":"2","WV":"2","PV":"2","FV":"2","8X":"2"},"GP":{"H9":"2"},"J6":{"6R":"2","FM":"2","CP":"2","RX":"2","GQ":"2"},"37":{"6G":"2","4H":"2","5H":"2","FX":"2","7H":"2","VX":"2","PX":"2","6H":"2"},"FG":{"2J":"2","CH":"2","8J":"2","3J":"2","6J":"2","5J":"2","7M":"2","M4":"2"},"HC":{"6R":"2"},"57":{"HX":"2","9W":"2","CX":"2","8W":"2"},"M7":{"X2":"2","R3":"2","M7":"2","M6":"2","M5":"2","83":"2","F6":"2","C3":"2","P3":"2","23":"2","82":"2","43":"2","P7":"2","X3":"2","V3":"2","73":"2"},"H7":{"V4":"2","98":"2","R4":"2"},"9M":{"HW":"2"},"VV":{"PH":"2"},"CF":{"F9":"2","HC":"2"},"F7":{"VG":"2"},"2V":{"H6":"2","M6":"2","VV":"2","Q6":"2","CM":"2","W2":"2","P4":"2","FM":"2","W3":"2","PV":"2","J6":"2","J7":"2","VW":"2"},"FM":{"FG":"2"},"3P":{"HV":"2","5X":"2","4X":"2","CW":"2","6X":"2","FW":"2"},"5R":{"32":"2"},"MC":{"W5":"2"},"H6":{"7G":"2","9G":"2","CF":"2","JM":"2","9F":"2","PX":"2"},"QQ":{"CF":"2"},"49":{"3F":"2"},"7G":{"F2":"2"},"Q7":{"J7":"2"}},"PW":{"83":{"MJ":"2"},"27":{"6C":"2","79":"2","22":"2","7C":"2","69":"2"},"26":{"2Q":"2","3R":"2","3W":"2","2V":"2","3V":"2","2P":"2","4W":"2","2X":"2","4R":"2","3X":"2","3P":"2","2R":"2","3Q":"2","4Q":"2","2W":"2"}},"X2":{"G6":{"73":"2"},"7R":{"97":"2","9C":"2","76":"2","98":"2"},"2J":{"XF":"2"},"R5":{"89":"2","F9":"2","2X":"2","38":"2","48":"2","47":"2","FC":"2","37":"2"},"8P":{"Q7":"2"},"8C":{"J2":"2","P3":"2","52":"2"},"M5":{"67":"2","58":"2"},"3G":{"26":"2"},"P6":{"MG":"2"},"9C":{"R5":"2","X5":"2","W5":"2","F2":"2","Q5":"2","M8":"2","V5":"2","26":"2"},"8J":{"RX":"2","XF":"2"},"9H":{"G6":"2","H3":"2","G2":"2","H2":"2"},"9G":{"PW":"2","QW":"2","GX":"2","PX":"2"},"2H":{"7J":"2"},"Q3":{"FF":"2","GC":"2","58":"2","57":"2","GF":"2","FC":"2","46":"2","36":"2","37":"2"},"J2":{"XR":"2","WJ":"2","XM":"2","XG":"2","XJ":"2","XF":"2","XW":"2","XH":"2","WM":"2"},"2G":{"JF":"2"},"6Q":{"FC":"2","XH":"2"},"P3":{"MW":"2","HF":"2","PX":"2","G2":"2"},"5R":{"3F":"2"},"R6":{"22":"2","4G":"2","CM":"2","2G":"2","23":"2","4F":"2","33":"2","7J":"2","CP":"2","9P":"2","43":"2","FP":"2","32":"2","GP":"2"},"Q5":{"XP":"2","XX":"2","XW":"2"},"M3":{"63":"2","62":"2","83":"2","53":"2","74":"2","7H":"2","84":"2","73":"2","64":"2"},"J3":{"X4":"2"},"Q4":{"G7":"2","X8":"2","H8":"2","X9":"2","H7":"2"},"M8":{"V4":"2"},"8H":{"VM":"2"},"89":{"5V":"2"},"CC":{"55":"2","M5":"2","65":"2","45":"2"},"GC":{"F4":"2"},"3J":{"F7":"2"},"2M":{"J8":"2"},"P2":{"4G":"2","VG":"2","2M":"2"},"M2":{"3H":"2","M4":"2","GP":"2","69":"2","J2":"2","J3":"2","38":"2","FQ":"2","HQ":"2","79":"2","V5":"2","CM":"2","6M":"2","9J":"2","HP":"2","9P":"2","93":"2","G7":"2","4V":"2","9H":"2","2J":"2","FP":"2","J4":"2","3C":"2","86":"2","5G":"2","5Q":"2","R7":"2","F7":"2","5M":"2","F6":"2","49":"2","M5":"2","C9":"2","7G":"2","P9":"2","59":"2","9F":"2","4R":"2","MC":"2","2W":"2","87":"2","7P":"2","37":"2","M7":"2","48":"2","M8":"2","PC":"2","97":"2","9G":"2","P7":"2","7V":"2","5X":"2","4G":"2","M6":"2","JG":"2","9X":"2","H7":"2","G9":"2","58":"2","CC":"2","GC":"2","88":"2","5R":"2","P4":"2","99":"2","HH":"2","66":"2","6R":"2","FM":"2","5C":"2","6H":"2","7H":"2","2P":"2","FR":"2","4M":"2","M3":"2","C7":"2","8F":"2","2G":"2","JF":"2","FH":"2","85":"2","J8":"2","6W":"2","JM":"2","F4":"2","7J":"2","F8":"2","98":"2","78":"2","Q3":"2","CH":"2","CG":"2","2V":"2","2C":"2","2R":"2","JQ":"2","Q7":"2","C2":"2","G8":"2","FF":"2","96":"2","3Q":"2","29":"2","FC":"2","F2":"2","3P":"2","6F":"2","76":"2","8G":"2","GJ":"2","CJ":"2","4X":"2","4H":"2","8P":"2","4W":"2","CF":"2","8R":"2","7W":"2","4Q":"2","47":"2","J7":"2","9M":"2","2F":"2","FG":"2","89":"2","6P":"2","9Q":"2","8X":"2","6V":"2","P5":"2","C6":"2","2M":"2","H9":"2","77":"2","C3":"2","G5":"2","6C":"2","CV":"2","6Q":"2","J5":"2","6G":"2","HJ":"2","8C":"2","J6":"2","6X":"2","3X":"2","3G":"2","G3":"2","5F":"2","57":"2","H8":"2","94":"2","H6":"2","7Q":"2","MF":"2","67":"2","V4":"2","7C":"2","J9":"2","C5":"2","4P":"2","6J":"2","P8":"2","3W":"2","75":"2","HF":"2","CP":"2","FJ":"2","7R":"2","7M":"2","HM":"2","8V":"2","39":"2","3V":"2","68":"2","84":"2","GM":"2","FV":"2","M9":"2","CW":"2","F3":"2","95":"2","G2":"2","G6":"2","8M":"2","JJ":"2","F5":"2","4C":"2","C8":"2","83":"2"},"Q6":{"X2":"2","M8":"2","M7":"2"},"9F":{"C7":"2","F4":"2"},"8M":{"8V":"2","7W":"2"},"86":{"7M":"2"},"87":{"54":"2"},"3M":{"55":"2","32":"2","76":"2"},"P8":{"48":"2"},"9J":{"H6":"2","PG":"2","XC":"2","45":"2"},"99":{"42":"2"}},"XV":{"CV":{"M6":"2","F9":"2"}},"MX":{"5H":{"75":"2"},"4H":{"F4":"2"},"6J":{"63":"2","54":"2","53":"2","43":"2"},"85":{"G6":"2","J4":"2","W8":"2","G5":"2","J5":"2","V8":"2"},"23":{"3P":"2","CM":"2"},"G3":{"G4":"2","F4":"2"},"5F":{"WV":"2"},"89":{"XG":"2","XH":"2"},"95":{"38":"2"},"H2":{"64":"2","74":"2","37":"2"},"99":{"3G":"2","2H":"2","2G":"2","3H":"2"}},"CX":{"H4":{"27":"2"},"C6":{"57":"2","38":"2","84":"2"},"F5":{"Q7":"2"},"C5":{"2W":"2","PW":"2","3W":"2","CW":"2"},"H3":{"MW":"2"}},"MW":{"36":{"CX":"2","FX":"2"},"2G":{"CQ":"2"},"GV":{"RM":"2"},"6C":{"45":"2"},"PM":{"85":"2","32":"2","66":"2","CC":"2","45":"2","87":"2"},"3G":{"97":"2","HF":"2"},"8H":{"2F":"2"},"48":{"QV":"2","QW":"2"},"RG":{"X2":"2"},"GP":{"P5":"2","JQ":"2","Q3":"2","MF":"2","2G":"2","MG":"2","R8":"2","Q4":"2","JX":"2","Q2":"2"},"7G":{"7V":"2","5R":"2","CX":"2","FX":"2"},"JF":{"4W":"2","6V":"2","5W":"2","4Q":"2","3M":"2"},"JM":{"7C":"2","2G":"2","58":"2","34":"2","G9":"2","52":"2","M9":"2","GP":"2","47":"2","7G":"2","V7":"2","4C":"2","X6":"2","49":"2","7F":"2","9C":"2","VC":"2","6F":"2","F9":"2","5J":"2","HQ":"2","29":"2","8W":"2","VF":"2","CC":"2","6J":"2","R7":"2","8C":"2","QJ":"2","2C":"2","CJ":"2","4G":"2","V9":"2","8V":"2","HX":"2","33":"2","8R":"2","7J":"2","8F":"2","57":"2","4F":"2","4H":"2","5F":"2","X7":"2","MQ":"2","39":"2","2F":"2","3H":"2","GC":"2","FQ":"2","VH":"2","HW":"2","H6":"2","6H":"2","RH":"2","HJ":"2","3C":"2","8G":"2","53":"2","3F":"2","H9":"2","9J":"2"},"MG":{"35":"2","36":"2"},"F8":{"J2":"2"},"PC":{"VV":"2","XX":"2","RV":"2"},"7H":{"F2":"2","XC":"2","W9":"2"},"MJ":{"RM":"2","WJ":"2","XJ":"2","RJ":"2","VM":"2","VJ":"2"},"HH":{"6R":"2","6W":"2","X2":"2"},"5G":{"G6":"2","R5":"2","H6":"2","X3":"2","Q5":"2","V5":"2","W4":"2","Q2":"2"},"X6":{"XW":"2","XV":"2","XQ":"2","XR":"2","XP":"2","WQ":"2","WR":"2"},"JG":{"C6":"2","C7":"2","6G":"2"},"PF":{"JV":"2"},"6F":{"PW":"2"},"HQ":{"R4":"2"},"G4":{"RM":"2","QM":"2","XC":"2","XF":"2","WH":"2"},"MP":{"79":"2"},"JH":{"PX":"2"},"PJ":{"G9":"2"},"MX":{"43":"2"},"JP":{"H4":"2","F4":"2","C4":"2","95":"2","R8":"2","J8":"2","85":"2","M8":"2","94":"2","75":"2","H5":"2","Q8":"2","G5":"2","74":"2","H2":"2","47":"2","26":"2","34":"2","84":"2","46":"2","44":"2","37":"2"},"GJ":{"8G":"2","RJ":"2","6G":"2"},"HR":{"WJ":"2","2X":"2","XJ":"2","XH":"2"},"QM":{"JQ":"2","MM":"2","7J":"2","MQ":"2"},"FJ":{"35":"2","45":"2"},"FH":{"GV":"2","GW":"2"},"HM":{"PV":"2","XR":"2","R8":"2","5V":"2","PM":"2","X9":"2","VR":"2","MH":"2","WG":"2","8X":"2","48":"2","M9":"2","RG":"2","2W":"2","P7":"2","JM":"2","XF":"2","MG":"2","CP":"2","V7":"2","PC":"2","MJ":"2","CW":"2","MR":"2","WJ":"2","M5":"2","M6":"2","JG":"2","PF":"2","CQ":"2","MF":"2","XG":"2","MV":"2","H8":"2","V8":"2","86":"2","XH":"2","VG":"2","VC":"2","PX":"2","CM":"2","PH":"2","4W":"2","XX":"2","CH":"2","H3":"2","77":"2","CV":"2","FR":"2","85":"2","R4":"2","W9":"2","R3":"2","8W":"2","VF":"2","R9":"2","PW":"2","J6":"2","84":"2","XV":"2","94":"2","F7":"2","JP":"2","R7":"2","RF":"2","QJ":"2","JC":"2","CX":"2","WF":"2","87":"2","PR":"2","XQ":"2","XP":"2","5M":"2","83":"2","8Q":"2","V9":"2","XJ":"2","8V":"2","8R":"2","WH":"2","P9":"2","M7":"2","9Q":"2","7V":"2","76":"2","PQ":"2","XM":"2","JJ":"2","QF":"2","QR":"2","VV":"2","M4":"2","98":"2","9R":"2","QX":"2","CR":"2","WQ":"2","QQ":"2","FQ":"2","6V":"2","9X":"2","WP":"2","QP":"2","QH":"2","96":"2","VH":"2","GQ":"2","J9":"2","H6":"2","VJ":"2","HG":"2","RV":"2","QG":"2","M8":"2","C8":"2","Q9":"2","82":"2","P3":"2","RM":"2","P8":"2","Q8":"2","RH":"2","RJ":"2","MM":"2","9W":"2","C6":"2","MC":"2","H5":"2","92":"2","FP":"2"},"HV":{"4H":"2","7H":"2","6H":"2","CM":"2","3H":"2","9M":"2"},"MQ":{"H3":"2"},"JJ":{"M2":"2","5X":"2","M5":"2","2V":"2","5W":"2","4W":"2","6W":"2","J4":"2","J5":"2","M4":"2","2W":"2"},"QF":{"64":"2","27":"2","28":"2","26":"2","43":"2"},"GC":{"H8":"2"},"RC":{"3G":"2"},"GM":{"JH":"2","XQ":"2","W5":"2","V5":"2","2Q":"2","V7":"2","RP":"2","V4":"2","X5":"2","2P":"2","CC":"2","VX":"2","WX":"2","3C":"2","XP":"2","WQ":"2","QX":"2","Q3":"2"},"QC":{"9V":"2"},"GQ":{"GW":"2","CP":"2","PJ":"2","JJ":"2","CM":"2","FH":"2"},"JQ":{"25":"2"},"F5":{"VM":"2"},"HG":{"4G":"2","7F":"2","6G":"2","5F":"2","7G":"2","4H":"2","5H":"2","5G":"2","4F":"2","7J":"2","6F":"2","7H":"2","6J":"2","5J":"2","6H":"2"},"FM":{"83":"2","XP":"2","XQ":"2"},"HJ":{"4M":"2","RG":"2","MR":"2","3M":"2","XV":"2","4G":"2","W5":"2","8R":"2","9V":"2","V7":"2","9R":"2","6Q":"2","58":"2","CH":"2","3G":"2","92":"2","GG":"2","9X":"2","7G":"2","7R":"2","8Q":"2","PG":"2","9W":"2","WH":"2","FX":"2","F8":"2","MV":"2","GF":"2","9Q":"2","5M":"2","5P":"2","6P":"2","PR":"2","8G":"2","XG":"2"},"3C":{"VV":"2"},"MM":{"PQ":"2","FM":"2","H5":"2","64":"2","Q7":"2","QV":"2","JQ":"2","CM":"2","V4":"2","VP":"2","RR":"2","G4":"2","VH":"2","H4":"2","VQ":"2","RV":"2","FG":"2","VG":"2","R4":"2","PR":"2","CJ":"2","P6":"2","VF":"2","Q4":"2","WF":"2","FJ":"2","Q6":"2"},"6G":{"72":"2","3P":"2","3G":"2","FP":"2","4G":"2","2M":"2"},"HP":{"X2":"2","M2":"2","R6":"2","Q2":"2","28":"2","X7":"2","W4":"2","W6":"2","V6":"2","V7":"2","Q6":"2","G2":"2","XC":"2","V8":"2","P2":"2","Q4":"2","F3":"2","V4":"2","P4":"2","C3":"2","P3":"2","J2":"2","9F":"2","X6":"2","Q8":"2","93":"2","R4":"2","WC":"2","W9":"2","M3":"2","Q3":"2"}},"QV":{"55":{"H2":"2","G2":"2"},"63":{"93":"2","85":"2","82":"2","94":"2","83":"2","92":"2","86":"2"},"62":{"PG":"2","FM":"2","9X":"2","Q8":"2","CJ":"2","CM":"2","FJ":"2","8X":"2"},"54":{"MR":"2","GW":"2","JV":"2","8P":"2","HW":"2","MQ":"2","PC":"2","9M":"2","FX":"2","GX":"2","HX":"2","FW":"2","HV":"2","JW":"2"}},"PR":{"PR":{"FR":"2","CR":"2","F4":"2"},"PV":{"G9":"2","FF":"2"},"PQ":{"GW":"2","HW":"2","JV":"2"},"JX":{"3R":"2","3V":"2"},"FV":{"6R":"2","6P":"2"},"JP":{"8G":"2"}},"HX":{"C6":{"2Q":"2"},"97":{"7C":"2","W8":"2","R8":"2","G9":"2","6C":"2","X9":"2","99":"2","MH":"2","8H":"2","M9":"2","RG":"2","9F":"2","R6":"2","P7":"2","W3":"2","7G":"2","JF":"2","2Q":"2","V2":"2","8M":"2","MG":"2","F8":"2","V7":"2","PC":"2","7H":"2","HH":"2","W7":"2","V4":"2","X6":"2","GF":"2","M6":"2","JG":"2","PF":"2","MF":"2","H8":"2","V8":"2","7F":"2","9C":"2","VC":"2","6F":"2","CM":"2","X8":"2","X5":"2","F9":"2","PH":"2","HF":"2","C9":"2","Q6":"2","CH":"2","GH":"2","R4":"2","W9":"2","R3":"2","FG":"2","VF":"2","Q3":"2","CC":"2","R9":"2","79":"2","HC":"2","JH":"2","W6":"2","PJ":"2","F7":"2","FC":"2","P6":"2","9M":"2","R7":"2","GJ":"2","8C":"2","G7":"2","RF":"2","QJ":"2","JC":"2","FF":"2","Q4":"2","CJ":"2","V9":"2","J7":"2","P9":"2","XC":"2","FJ":"2","FH":"2","8F":"2","M7":"2","W4":"2","V3":"2","9G":"2","HM":"2","Q7":"2","X7":"2","G8":"2","QF":"2","W5":"2","V5":"2","98":"2","89":"2","78":"2","GC":"2","Q5":"2","R5":"2","PG":"2","RC":"2","X4":"2","GM":"2","5H":"2","W2":"2","QH":"2","QC":"2","9H":"2","J9":"2","CG":"2","HG":"2","QG":"2","Q2":"2","GG":"2","M8":"2","C8":"2","Q9":"2","6H":"2","X3":"2","Q8":"2","P8":"2","RH":"2","88":"2","HJ":"2","69":"2","P5":"2","8J":"2","J8":"2","8G":"2","6G":"2","CF":"2","MC":"2","V6":"2","H9":"2","9J":"2","WC":"2","R2":"2"},"C7":{"24":"2","27":"2","25":"2","28":"2","26":"2","29":"2"},"X2":{"36":"2"},"96":{"QX":"2"},"4F":{"53":"2"},"C8":{"X4":"2"},"88":{"G6":"2","2C":"2","P3":"2"},"87":{"WX":"2"},"PX":{"G5":"2"}},"WV":{"HJ":{"CP":"2"},"MJ":{"8X":"2"}},"V3":{"QJ":{"G3":"2","G4":"2","H3":"2"},"HQ":{"9P":"2","9M":"2"},"FM":{"J9":"2"},"7M":{"RG":"2","VQ":"2","VR":"2","QG":"2","PF":"2","RP":"2","QC":"2","RQ":"2","QM":"2","PC":"2","VP":"2","RF":"2","QF":"2","RC":"2","WG":"2","QP":"2","XJ":"2","RH":"2","RM":"2"},"PM":{"FR":"2","8X":"2","HQ":"2","GR":"2","JR":"2","PM":"2","GW":"2","PP":"2","HM":"2","7V":"2","JQ":"2","FW":"2","JP":"2","5V":"2","7W":"2","GP":"2","4V":"2","CV":"2","HP":"2","6W":"2","6X":"2","9R":"2","HV":"2","MR":"2","PR":"2","GV":"2","FX":"2","GQ":"2","JM":"2","7X":"2"},"PP":{"86":"2","92":"2","75":"2","C3":"2","57":"2","96":"2","56":"2"},"7V":{"R7":"2"},"26":{"R3":"2"},"X2":{"83":"2","36":"2"},"W6":{"WW":"2","XW":"2"},"76":{"8Q":"2"},"7R":{"CX":"2","GX":"2","FX":"2"},"PH":{"G3":"2","H3":"2","H2":"2","G2":"2"},"JP":{"76":"2","77":"2"},"22":{"C9":"2"},"35":{"V4":"2"},"W2":{"M2":"2","R3":"2","R6":"2","Q2":"2","W8":"2","V6":"2","HM":"2","R8":"2","QC":"2","R2":"2","MJ":"2","X9":"2","W7":"2","R9":"2","JJ":"2","96":"2","C5":"2","PH":"2","MH":"2"},"23":{"24":"2","54":"2","44":"2","74":"2"},"9J":{"7M":"2","7P":"2"},"32":{"QW":"2","RW":"2"},"6R":{"C9":"2","9X":"2","FM":"2","CX":"2","FF":"2","FX":"2"},"Q5":{"JM":"2"},"43":{"23":"2","22":"2"},"GP":{"Q9":"2","R9":"2"},"VC":{"2H":"2"},"JJ":{"2H":"2"},"86":{"2G":"2","RX":"2"},"46":{"HM":"2","FQ":"2","FP":"2","GP":"2","GQ":"2","JM":"2","JP":"2"},"4V":{"55":"2","64":"2","82":"2","54":"2","65":"2","M2":"2"},"42":{"PX":"2"},"CR":{"85":"2","8F":"2"},"C3":{"5C":"2"},"RH":{"G5":"2","F5":"2"},"CQ":{"WX":"2","RX":"2"},"87":{"QC":"2"},"VG":{"CR":"2","8Q":"2","6R":"2","64":"2","7Q":"2","VP":"2"},"9R":{"63":"2","VM":"2","62":"2","3W":"2","RP":"2","83":"2","6W":"2","XM":"2","74":"2","6V":"2","C5":"2","52":"2","73":"2","64":"2"},"9Q":{"CX":"2","7X":"2"},"WH":{"C8":"2","98":"2"},"MP":{"W7":"2","PF":"2","5V":"2","5R":"2","QF":"2","X9":"2"},"QH":{"PR":"2","JW":"2","VJ":"2","WH":"2"},"6V":{"J2":"2","C2":"2","92":"2","G2":"2"},"M2":{"9W":"2","CW":"2"},"WG":{"8C":"2","GH":"2","FJ":"2","7F":"2","FH":"2","6G":"2"},"4R":{"MX":"2","3V":"2"}},"HV":{"5H":{"W7":"2","W8":"2","X8":"2","X7":"2"},"7J":{"QC":"2","JH":"2","MC":"2","PF":"2","Q9":"2","JG":"2"}},"QR":{"4P":{"MF":"2","86":"2"},"4M":{"52":"2"},"62":{"PH":"2"},"6Q":{"JQ":"2","97":"2","54":"2","HR":"2","JF":"2","GR":"2"},"7Q":{"2W":"2"},"5F":{"QX":"2","WX":"2","QP":"2","XW":"2"},"6R":{"W8":"2","X4":"2","W5":"2","XC":"2","MJ":"2","8H":"2","XP":"2","W6":"2","6G":"2"},"6M":{"8J":"2","6C":"2","2X":"2","3X":"2","7X":"2","84":"2"},"5H":{"X5":"2","X6":"2","PQ":"2"},"5G":{"6R":"2","WR":"2","VP":"2","F3":"2"},"5J":{"Q7":"2","7F":"2","QV":"2","CG":"2","FG":"2","5G":"2","53":"2"},"5M":{"M6":"2"},"6P":{"68":"2","5P":"2","38":"2","32":"2","5Q":"2","4G":"2","5R":"2","4F":"2","22":"2","43":"2","2P":"2"},"6H":{"3W":"2"},"59":{"VP":"2","VM":"2"},"5Q":{"WR":"2","WV":"2","WX":"2","XQ":"2","Q2":"2"}},"FX":{"JW":{"4F":"2","3F":"2"}},"QQ":{"F7":{"R6":"2"},"9J":{"96":"2"},"H7":{"4M":"2","3R":"2"},"GC":{"88":"2"},"W6":{"49":"2","48":"2"},"V7":{"3C":"2","G4":"2","F4":"2","C5":"2","39":"2"},"R8":{"GW":"2","HW":"2"},"V8":{"QC":"2","V9":"2","RC":"2"},"F6":{"FR":"2","VQ":"2"},"9H":{"5H":"2","9C":"2"},"9W":{"GJ":"2","HQ":"2","J9":"2"},"H8":{"7C":"2","58":"2","FW":"2","6C":"2","3J":"2","99":"2","8H":"2","48":"2","2W":"2","47":"2","68":"2","3R":"2","5C":"2","49":"2","9C":"2","24":"2","6F":"2","3V":"2","29":"2","8W":"2","2X":"2","7P":"2","79":"2","56":"2","55":"2","4J":"2","FF":"2","2C":"2","4V":"2","59":"2","8F":"2","4F":"2","4H":"2","2J":"2","39":"2","2V":"2","2F":"2","89":"2","8P":"2","9H":"2","37":"2","69":"2","3C":"2","54":"2","8G":"2","6G":"2","38":"2"},"G7":{"HV":"2","GQ":"2","GX":"2","MQ":"2","FX":"2"},"G8":{"P3":"2","C7":"2","73":"2","97":"2","V8":"2","M5":"2","XC":"2","X5":"2","P8":"2","WM":"2","VP":"2","HJ":"2","P4":"2","93":"2","J9":"2","X7":"2","79":"2","XJ":"2","83":"2","PJ":"2","JJ":"2","HH":"2","P7":"2","MJ":"2","RJ":"2","R8":"2","QP":"2","89":"2","CJ":"2","WP":"2","Q4":"2","WF":"2","MQ":"2","7C":"2","8C":"2","R5":"2","JM":"2","Q8":"2"},"JF":{"MC":"2"},"G9":{"55":"2"},"H9":{"F7":"2","83":"2","67":"2","J3":"2","F6":"2","24":"2","C7":"2","82":"2","F8":"2","H2":"2","25":"2","G6":"2","H9":"2"}},"9X":{"XH":{"2C":"2"}},"W2":{"7C":{"X3":"2","WG":"2","WJ":"2","RJ":"2","WM":"2","WH":"2"},"2G":{"GF":"2","CH":"2","FJ":"2","GG":"2","CG":"2","FG":"2","FH":"2"},"2P":{"2M":"2"},"58":{"72":"2","C5":"2"},"28":{"24":"2","79":"2","25":"2"},"3G":{"46":"2"},"99":{"77":"2","6C":"2","CX":"2","5F":"2","9X":"2","GX":"2","5C":"2","78":"2","68":"2"},"48":{"5P":"2","3R":"2"},"M9":{"7V":"2","8V":"2","6W":"2","5V":"2","2X":"2","7W":"2","8W":"2"},"RG":{"3P":"2","2P":"2"},"2R":{"MF":"2"},"9F":{"38":"2"},"W3":{"96":"2"},"7G":{"56":"2"},"WX":{"RQ":"2","RP":"2"},"JM":{"RC":"2"},"2Q":{"Q3":"2","Q4":"2","M2":"2"},"MG":{"85":"2","F2":"2","C3":"2","H3":"2","H2":"2"},"4C":{"W5":"2","Q9":"2","W6":"2"},"27":{"VQ":"2","35":"2","RJ":"2","6C":"2","JG":"2","QJ":"2","2C":"2","2G":"2","43":"2","QH":"2","3C":"2","26":"2","PH":"2"},"GF":{"RR":"2"},"PF":{"H6":"2","4G":"2","28":"2","62":"2","3G":"2","39":"2","2C":"2","4H":"2","WF":"2","2F":"2","3C":"2","64":"2"},"MF":{"X8":"2","JX":"2","PJ":"2","RJ":"2","X7":"2","JM":"2","QJ":"2","MJ":"2","9X":"2","XM":"2","R9":"2","JJ":"2","X3":"2","XG":"2","GQ":"2","VW":"2"},"7F":{"QQ":"2"},"9C":{"FF":"2","JH":"2","9G":"2","5R":"2","4V":"2","3R":"2","JG":"2","G2":"2","2V":"2","C2":"2","92":"2","3V":"2","HH":"2","GG":"2","CF":"2","CC":"2","9F":"2","8F":"2","GF":"2","43":"2","27":"2","FC":"2","34":"2","49":"2","HG":"2"},"VG":{"68":"2"},"4M":{"88":"2"},"24":{"23":"2","54":"2","44":"2","2M":"2","34":"2"},"HF":{"3P":"2","XF":"2","JV":"2"},"2H":{"RW":"2"},"29":{"P5":"2","Q5":"2","W6":"2"},"R3":{"J3":"2"},"FG":{"X6":"2"},"VF":{"3X":"2"},"CC":{"2X":"2","XJ":"2","3X":"2","4X":"2"},"79":{"XG":"2"},"56":{"3C":"2","39":"2"},"MX":{"M2":"2"},"8C":{"6C":"2","J5":"2","62":"2","H5":"2","M5":"2","G6":"2","QQ":"2","C2":"2","J8":"2","Q7":"2","P5":"2","3F":"2","63":"2","5C":"2","G4":"2","P4":"2","5V":"2","74":"2","96":"2","2C":"2","95":"2","Q5":"2","V7":"2","29":"2","2J":"2","85":"2","4G":"2","F6":"2","G3":"2","F4":"2","V5":"2","R6":"2","87":"2","R8":"2","4C":"2","33":"2","3G":"2","P6":"2","6F":"2","M6":"2","G5":"2","R7":"2","F7":"2","F3":"2","M4":"2","V6":"2","R5":"2","Q6":"2"},"JC":{"X3":"2","X2":"2","5M":"2"},"25":{"3X":"2"},"2C":{"VW":"2"},"HR":{"2M":"2"},"4H":{"3C":"2","F8":"2"},"26":{"6V":"2"},"9G":{"56":"2","27":"2"},"XM":{"CG":"2"},"39":{"35":"2","H7":"2","CM":"2","CJ":"2","J9":"2","H8":"2","33":"2","G8":"2","43":"2","26":"2","34":"2","44":"2"},"QF":{"6C":"2","RF":"2","28":"2","77":"2","4P":"2","GX":"2","7V":"2","26":"2","2H":"2","7R":"2","7W":"2","J9":"2","79":"2","6R":"2","78":"2","4Q":"2","4X":"2","2J":"2","4V":"2","4G":"2","CH":"2","FG":"2","6W":"2","98":"2","3W":"2","5P":"2","6Q":"2","6V":"2","3P":"2","3X":"2","7C":"2","5J":"2","FX":"2","69":"2","JM":"2","2X":"2","7X":"2","4R":"2"},"2F":{"MH":"2","PH":"2","MJ":"2"},"89":{"FW":"2","G9":"2","M9":"2","7G":"2","CP":"2","CW":"2","5X":"2","CQ":"2","H8":"2","9V":"2","CM":"2","F9":"2","CH":"2","CV":"2","FG":"2","8W":"2","XV":"2","G6":"2","FC":"2","G7":"2","CX":"2","FF":"2","CJ":"2","8V":"2","8R":"2","J7":"2","P9":"2","8F":"2","9Q":"2","G8":"2","9R":"2","CR":"2","9X":"2","HW":"2","J9":"2","H7":"2","CG":"2","M8":"2","J8":"2","8G":"2","9W":"2","9J":"2"},"RC":{"4R":"2"},"QH":{"VJ":"2","VH":"2"},"QC":{"P9":"2"},"HW":{"XC":"2","WC":"2"},"J9":{"QC":"2","PG":"2","PF":"2","XX":"2"},"37":{"6J":"2","7J":"2","4X":"2","3M":"2"},"CG":{"X5":"2","P3":"2","R4":"2"},"QG":{"GF":"2","85":"2","23":"2","32":"2","MM":"2","P4":"2","MJ":"2","GC":"2","42":"2","G2":"2","HC":"2"},"GG":{"3P":"2"},"M8":{"85":"2","94":"2","95":"2","84":"2"},"Q9":{"3G":"2","3J":"2"},"P8":{"5W":"2"},"88":{"3C":"2","9G":"2","2C":"2","2F":"2","3F":"2"},"J8":{"2H":"2","4J":"2"},"53":{"VV":"2"},"38":{"GJ":"2","FJ":"2","HG":"2","H7":"2","9Q":"2","FH":"2","53":"2","43":"2"},"MC":{"75":"2","73":"2","H5":"2","G6":"2","84":"2","63":"2","C6":"2","76":"2","22":"2","74":"2","23":"2","95":"2","32":"2","86":"2","F6":"2","C5":"2","H6":"2","33":"2","66":"2"}},"JW":{"MR":{"HJ":"2","HP":"2","6X":"2"},"JV":{"X8":"2"},"4X":{"24":"2"},"R5":{"4J":"2","5J":"2"},"WJ":{"Q5":"2"},"JM":{"5W":"2"},"RQ":{"9R":"2","8R":"2"},"PC":{"V4":"2"},"J2":{"R3":"2","X4":"2","W5":"2","X3":"2","M8":"2","H9":"2","CC":"2","M9":"2","Q6":"2","X9":"2","W4":"2","R4":"2"},"2X":{"FF":"2"},"MW":{"6J":"2","8V":"2","6P":"2","WC":"2"},"WM":{"2X":"2"},"MV":{"93":"2","C4":"2","C6":"2","96":"2","C3":"2","36":"2","95":"2","G2":"2"},"JP":{"24":"2","23":"2","33":"2"},"HV":{"WF":"2"},"CV":{"PQ":"2"},"QF":{"WW":"2"},"QP":{"2W":"2","2V":"2"},"MM":{"MR":"2"},"8W":{"Q3":"2","P3":"2","Q4":"2","P4":"2"}},"HW":{"PQ":{"HR":"2","JR":"2"}},"VX":{"G8":{"5W":"2"},"9M":{"7G":"2","HF":"2","GG":"2","JC":"2"},"QJ":{"PP":"2","MP":"2","WG":"2","MM":"2","PM":"2","JP":"2"},"P3":{"9Q":"2"},"HG":{"QG":"2","QH":"2"},"WQ":{"2P":"2"},"VW":{"RH":"2","WH":"2"},"M3":{"WW":"2"},"GH":{"VX":"2","C3":"2"},"97":{"6W":"2","5V":"2"},"MF":{"75":"2"},"W4":{"MW":"2","VV":"2","PV":"2","4X":"2","QV":"2","RW":"2","RV":"2"},"XC":{"36":"2","3V":"2"},"Q7":{"24":"2"},"HM":{"7V":"2"},"HJ":{"7C":"2","35":"2","F4":"2","9V":"2","67":"2","45":"2","7G":"2","55":"2","33":"2","C7":"2","53":"2","43":"2","78":"2","74":"2","47":"2","34":"2","52":"2","44":"2","8G":"2","25":"2","37":"2","68":"2"},"G4":{"RF":"2","34":"2"},"GJ":{"W5":"2","W8":"2","X7":"2","X4":"2","MC":"2","QC":"2","V8":"2","V4":"2","PC":"2","W7":"2","R9":"2","MF":"2","P9":"2"},"MG":{"86":"2"},"H8":{"FR":"2","9V":"2"},"RW":{"5P":"2","6Q":"2","5Q":"2","MQ":"2"},"G2":{"XV":"2","QX":"2","WW":"2","VX":"2","VW":"2","XW":"2"},"H9":{"2W":"2"},"H3":{"57":"2"},"PX":{"MJ":"2","PM":"2"},"4Q":{"33":"2","34":"2"},"2R":{"HW":"2"},"P7":{"X5":"2"},"F8":{"WJ":"2","WH":"2"},"6P":{"59":"2","58":"2"},"G3":{"JV":"2","F7":"2","JR":"2","P2":"2","J2":"2","G8":"2","MV":"2"},"J2":{"RM":"2","WQ":"2","7M":"2","PM":"2","HM":"2","7J":"2","XP":"2","VP":"2","8J":"2","9J":"2","2P":"2","PJ":"2","4Q":"2","6P":"2","MJ":"2","RJ":"2","3R":"2","5M":"2","XR":"2","XQ":"2","8M":"2","3Q":"2","CJ":"2","WP":"2","3P":"2","QM":"2","5J":"2","MM":"2"},"V5":{"C7":"2","X2":"2","96":"2"},"QC":{"9P":"2"},"5Q":{"8R":"2"},"RJ":{"2G":"2"},"RH":{"3Q":"2"},"R6":{"42":"2","52":"2"},"J4":{"5F":"2"},"FG":{"QC":"2","97":"2","C7":"2"},"87":{"64":"2"},"GG":{"79":"2","V2":"2"},"98":{"93":"2","72":"2","G3":"2","G5":"2","G4":"2","C3":"2","F5":"2","83":"2","F4":"2"},"CC":{"3J":"2","3M":"2"},"99":{"PH":"2","R2":"2","GR":"2"},"8M":{"8F":"2"},"QG":{"56":"2"},"H2":{"PJ":"2","HM":"2","3W":"2","JM":"2","2V":"2","RP":"2","FM":"2","JJ":"2","CP":"2","WP":"2","9P":"2","FP":"2","XP":"2","GM":"2","MM":"2","VW":"2","2W":"2"},"3Q":{"C2":"2"},"CJ":{"9P":"2"},"QF":{"4R":"2"},"X4":{"GQ":"2","PM":"2"},"CG":{"55":"2","5F":"2","46":"2"},"W5":{"JJ":"2","JC":"2"},"6M":{"JW":"2"},"F3":{"WP":"2","XC":"2","PM":"2","FW":"2"},"PC":{"P3":"2","P4":"2"},"9C":{"XG":"2"},"M2":{"2Q":"2","2P":"2"},"CF":{"7M":"2","57":"2"},"69":{"F8":"2","HV":"2"},"JH":{"5X":"2"},"HW":{"8J":"2","8H":"2"},"XW":{"F5":"2"},"FJ":{"3M":"2"},"Q6":{"M7":"2"}},"Q2":{"X8":{"JQ":"2","X5":"2","V4":"2","W5":"2","V6":"2","V5":"2","JR":"2"},"XF":{"22":"2","4X":"2","5W":"2","94":"2","4W":"2","6V":"2","84":"2","7P":"2","2W":"2"},"X7":{"WJ":"2","X9":"2"},"WJ":{"M5":"2","V9":"2","R8":"2","XM":"2"},"XC":{"FR":"2","73":"2","62":"2","FM":"2","GH":"2","GJ":"2","45":"2","65":"2","FP":"2","46":"2","CH":"2","FQ":"2","FH":"2","CR":"2","55":"2","CQ":"2","68":"2","CC":"2","FF":"2","CG":"2","9F":"2","CF":"2","69":"2","FJ":"2","56":"2","66":"2"},"WH":{"W7":"2","V3":"2","R8":"2","R9":"2","XP":"2","V2":"2","W2":"2","W4":"2"},"X9":{"MR":"2","F7":"2","Q2":"2","F6":"2","PV":"2","F8":"2","MV":"2","G4":"2","PR":"2"},"XM":{"7R":"2","7V":"2","7W":"2","9W":"2","8W":"2"},"WF":{"XV":"2","W5":"2","RW":"2","W4":"2","V6":"2","V7":"2","X4":"2","W2":"2","RV":"2","RX":"2","X6":"2","X3":"2"},"XH":{"3G":"2","24":"2","23":"2","32":"2","5V":"2","6Q":"2","3V":"2"},"XP":{"99":"2","HJ":"2","JG":"2","HM":"2","JM":"2","MP":"2","MG":"2","JJ":"2","74":"2","84":"2","GM":"2","64":"2","MM":"2","GP":"2"},"XG":{"4M":"2","3M":"2","2Q":"2","2V":"2","RP":"2","2P":"2","3P":"2","2W":"2","RM":"2"},"WC":{"WX":"2"},"WG":{"XW":"2","XV":"2","XQ":"2","RW":"2","V7":"2","WJ":"2","XR":"2","V8":"2","V4":"2","V9":"2","WH":"2","XM":"2","WP":"2","VF":"2","VC":"2","R7":"2","VX":"2","WX":"2","XP":"2","R4":"2"},"XJ":{"72":"2","C4":"2","73":"2"}},"JX":{"X2":{"3W":"2"},"PJ":{"2G":"2","2F":"2"},"3R":{"RR":"2","RQ":"2","VR":"2","RH":"2","VQ":"2","QH":"2"},"95":{"M2":"2"},"HM":{"56":"2"},"XR":{"93":"2","72":"2","74":"2","92":"2"},"3V":{"J2":"2","M2":"2"},"83":{"M8":"2","G2":"2"},"MJ":{"XG":"2","XF":"2"},"J2":{"63":"2"},"W3":{"R2":"2"},"3X":{"52":"2"},"WP":{"G3":"2"},"X3":{"6C":"2","47":"2","5F":"2","6F":"2","28":"2","49":"2","37":"2"}},"VW":{"X9":{"G8":"2","WQ":"2","M5":"2","V3":"2","W2":"2","H8":"2","8F":"2","8Q":"2","7G":"2","R3":"2","6P":"2","QC":"2","J6":"2","5M":"2","VQ":"2","7H":"2","9R":"2","5P":"2","6Q":"2","4C":"2","H6":"2","3Q":"2","QF":"2","M6":"2","6J":"2","J7":"2","M8":"2"},"PQ":{"RG":"2","QG":"2","PF":"2","MQ":"2","QC":"2","PG":"2","WH":"2","RF":"2","Q8":"2","VF":"2","XP":"2","QF":"2","RH":"2"},"V8":{"P3":"2","W4":"2","7V":"2","Q2":"2","X2":"2","V4":"2","V2":"2","W2":"2","X6":"2","W3":"2","X3":"2","R3":"2","4Q":"2","Q3":"2","4V":"2","XX":"2","5Q":"2","6W":"2","3W":"2","P2":"2","3V":"2","8P":"2","6V":"2","3P":"2","W5":"2","M2":"2","2X":"2","7X":"2","R2":"2","4R":"2"},"QQ":{"G7":"2","5C":"2","6C":"2","F6":"2"},"R9":{"R2":"2","R3":"2","7Q":"2","RG":"2","V4":"2","6Q":"2","X2":"2","R8":"2","XJ":"2","6P":"2","V5":"2"},"RX":{"99":"2","XF":"2","W8":"2","89":"2","C9":"2","XC":"2","79":"2","3G":"2","W7":"2","69":"2","5C":"2","59":"2"},"Q7":{"QR":"2"},"W7":{"XQ":"2","XF":"2","4X":"2","WJ":"2","VH":"2","7W":"2","4W":"2","2X":"2","6W":"2","WH":"2","XM":"2","WM":"2","XH":"2","7V":"2","XP":"2","XG":"2","XJ":"2"},"X8":{"XX":"2","R3":"2","V5":"2","W4":"2","Q6":"2","HM":"2","P8":"2","P2":"2","W2":"2","Q4":"2","RV":"2","V4":"2","R2":"2","W3":"2","JF":"2","Q8":"2","V3":"2","R4":"2","Q3":"2"},"V9":{"MW":"2","QJ":"2","G7":"2","PQ":"2","X9":"2","M7":"2","75":"2","WQ":"2","JG":"2","GF":"2","FM":"2","GH":"2","H5":"2","V8":"2","GR":"2","JR":"2","54":"2","PM":"2","R9":"2","P8":"2","PP":"2","J8":"2","84":"2","W7":"2","HM":"2","Q7":"2","QV":"2","X8":"2","5H":"2","7J":"2","8H":"2","CM":"2","9W":"2","2F":"2","63":"2","HJ":"2","RR":"2","C6":"2","G4":"2","PH":"2","JP":"2","V9":"2","5G":"2","94":"2","23":"2","45":"2","H8":"2","J9":"2","95":"2","PV":"2","JW":"2","W3":"2","W9":"2","H3":"2","PX":"2","57":"2","PW":"2","83":"2","GP":"2","V7":"2","VC":"2","FP":"2","HF":"2","F8":"2","85":"2","H4":"2","F6":"2","G3":"2","MJ":"2","FQ":"2","FH":"2","JF":"2","VQ":"2","HP":"2","J4":"2","7H":"2","C5":"2","R8":"2","W8":"2","MV":"2","68":"2","3J":"2","MX":"2","HV":"2","RC":"2","MP":"2","QP":"2","XQ":"2","C4":"2","JV":"2","MR":"2","QH":"2","PR":"2","WP":"2","X4":"2","QM":"2","PF":"2","HX":"2","H7":"2","HC":"2","GV":"2","34":"2","6J":"2","9H":"2","R7":"2","QR":"2","F7":"2","M8":"2","CW":"2","MQ":"2","9F":"2","69":"2","HW":"2","XM":"2","GQ":"2","GM":"2","PG":"2","MM":"2","JC":"2","Q8":"2"},"QX":{"WR":"2","XF":"2","XM":"2","VR":"2"},"J9":{"58":"2","4F":"2","69":"2","4C":"2","49":"2","59":"2","68":"2"},"X7":{"PQ":"2","HR":"2","PP":"2","RX":"2","HJ":"2","RR":"2","GJ":"2","JW":"2","2P":"2","PX":"2","2M":"2","GP":"2","2J":"2","MJ":"2","RV":"2","MX":"2","HV":"2","MP":"2","JV":"2","JX":"2","PR":"2","4M":"2","3Q":"2","QW":"2","GM":"2","VV":"2"},"XH":{"5P":"2","RC":"2","4Q":"2"},"W9":{"36":"2","5V":"2","42":"2","52":"2","99":"2","MH":"2","48":"2","68":"2","JF":"2","6R":"2","MJ":"2","CW":"2","49":"2","4R":"2","4M":"2","9V":"2","HF":"2","PH":"2","C9":"2","2H":"2","CV":"2","GH":"2","29":"2","CC":"2","79":"2","FC":"2","8C":"2","CJ":"2","8R":"2","FH":"2","4F":"2","4H":"2","9Q":"2","5F":"2","7V":"2","2J":"2","39":"2","44":"2","VM":"2","3H":"2","9R":"2","6V":"2","QH":"2","RV":"2","FM":"2","3C":"2","38":"2"},"V7":{"MW":"2","PQ":"2","HR":"2","VW":"2","WW":"2","MF":"2","VX":"2","PP":"2","RX":"2","QV":"2","2W":"2","QX":"2","RW":"2","PV":"2","WX":"2","JW":"2","PX":"2","PW":"2","XX":"2","RV":"2","GG":"2","MV":"2","3V":"2","MX":"2","HV":"2","MP":"2","JV":"2","JX":"2","PR":"2","QW":"2","QR":"2","MQ":"2","2V":"2","XW":"2","GQ":"2","VV":"2"},"VC":{"M6":"2","J4":"2","F7":"2","F8":"2","C7":"2","J2":"2","MG":"2","HC":"2"},"XR":{"F7":"2","66":"2"},"WC":{"52":"2"},"R8":{"7Q":"2","95":"2","2P":"2","42":"2","GV":"2","F3":"2","6Q":"2","V2":"2","CP":"2","C4":"2","3P":"2","C5":"2","PX":"2","2H":"2","5P":"2","RW":"2","H3":"2","FR":"2","CV":"2","85":"2","FV":"2","R3":"2","JV":"2","H4":"2","84":"2","94":"2","G2":"2","JP":"2","MX":"2","9M":"2","MW":"2","87":"2","XP":"2","83":"2","8Q":"2","8R":"2","HR":"2","QM":"2","FJ":"2","FH":"2","9Q":"2","J2":"2","XM":"2","HV":"2","MQ":"2","2J":"2","97":"2","VM":"2","F2":"2","4P":"2","72":"2","9R":"2","QX":"2","CR":"2","WQ":"2","FQ":"2","5Q":"2","WP":"2","QP":"2","J3":"2","GQ":"2","H7":"2","JQ":"2","FM":"2","82":"2","RM":"2","2M":"2","C2":"2","H2":"2","WM":"2","9J":"2","92":"2","FP":"2"},"W8":{"9M":"2","38":"2","GH":"2","7M":"2","7V":"2","7Q":"2","CM":"2","25":"2","7R":"2","5V":"2","22":"2","35":"2","5X":"2","32":"2","2R":"2","4X":"2","4G":"2","6P":"2","7P":"2","42":"2","5M":"2","6W":"2","24":"2","5P":"2","5W":"2","4H":"2","6V":"2","34":"2","6M":"2"},"RC":{"93":"2","H4":"2","44":"2","C2":"2","C3":"2","92":"2","52":"2","G2":"2","43":"2"},"WH":{"PH":"2","FH":"2"},"R7":{"XX":"2","XW":"2","GW":"2","JX":"2","5X":"2","XV":"2","VV":"2","4X":"2","8X":"2","CX":"2","MX":"2","HW":"2","RV":"2","WV":"2","MW":"2","FX":"2","GX":"2","HX":"2","FW":"2","WX":"2","VX":"2","JW":"2","PX":"2","7X":"2"},"MQ":{"G8":"2"},"Q8":{"W8":"2","95":"2","R8":"2","G9":"2","WG":"2","HH":"2","WJ":"2","XH":"2","VG":"2","VC":"2","PH":"2","C9":"2","GH":"2","FG":"2","VF":"2","H4":"2","CC":"2","R9":"2","J6":"2","JH":"2","W6":"2","PJ":"2","GJ":"2","RF":"2","QJ":"2","FF":"2","XP":"2","WH":"2","J7":"2","P9":"2","97":"2","W5":"2","98":"2","RC":"2","W2":"2","96":"2","64":"2","GG":"2","74":"2","Q8":"2","P8":"2","HJ":"2","P5":"2","J8":"2","H9":"2"}},"R2":{"Q5":{"9H":"2"},"66":{"F7":"2","GC":"2","CX":"2","RX":"2","FX":"2","CW":"2","CV":"2"},"87":{"X9":"2","H5":"2","C2":"2","W6":"2","22":"2","35":"2","93":"2","G2":"2","95":"2","W9":"2","32":"2","H3":"2","43":"2","53":"2","44":"2","H4":"2","F6":"2","G3":"2","J4":"2","H7":"2"},"79":{"QJ":"2","MP":"2","X8":"2","PW":"2","MR":"2","MV":"2","JX":"2","X9":"2","RW":"2","MQ":"2","W9":"2","WC":"2"},"R2":{"R3":"2","VV":"2","V7":"2","CX":"2","V4":"2","R2":"2","P3":"2","H3":"2","VX":"2","V3":"2","RC":"2","R4":"2","M3":"2","Q3":"2"},"8R":{"CR":"2","3Q":"2","9R":"2","4H":"2","9V":"2","7Q":"2","2H":"2","4J":"2","3V":"2","CV":"2"},"XQ":{"C9":"2","CH":"2","9C":"2","F7":"2","F8":"2","G7":"2","C7":"2","F9":"2","4G":"2","4F":"2","C8":"2","G8":"2","CW":"2","78":"2","69":"2","3M":"2","CV":"2"},"RX":{"JQ":"2","HR":"2","CQ":"2","JR":"2","HQ":"2","HW":"2","MP":"2","X9":"2","HX":"2","HV":"2"},"WW":{"57":"2","35":"2","9C":"2","CC":"2","4C":"2","45":"2","36":"2","46":"2","9F":"2","49":"2","37":"2","H2":"2"},"VR":{"G7":"2","P3":"2","WF":"2"},"3F":{"WG":"2"},"5F":{"MC":"2"},"HQ":{"MR":"2"},"P4":{"72":"2","62":"2","82":"2"},"6R":{"82":"2","V6":"2","V7":"2","J5":"2","W6":"2"},"WM":{"M6":"2","W7":"2","Q6":"2"},"C2":{"QG":"2","72":"2","62":"2","95":"2","5F":"2","QM":"2","92":"2","94":"2","F6":"2","98":"2","93":"2","96":"2","QH":"2","F5":"2","H2":"2","52":"2","QP":"2"},"RG":{"FC":"2"},"2R":{"F2":"2","M2":"2","WC":"2"},"97":{"43":"2"},"M2":{"MH":"2","79":"2","58":"2"},"3W":{"GJ":"2"},"XF":{"R7":"2","M2":"2"},"27":{"62":"2","94":"2","QW":"2","28":"2","52":"2"},"V2":{"2J":"2","2G":"2","3R":"2","8F":"2","7F":"2","2M":"2","V2":"2","92":"2","86":"2","75":"2","2P":"2"},"89":{"M2":"2","GW":"2","Q2":"2","2J":"2","28":"2","C2":"2","92":"2","83":"2","57":"2","55":"2","74":"2","27":"2","65":"2","47":"2","56":"2","46":"2","37":"2","M3":"2"},"JP":{"V4":"2","V6":"2","X2":"2","W3":"2","W2":"2","V5":"2","W4":"2"},"72":{"PR":"2","JQ":"2","RR":"2","QR":"2","CP":"2","6Q":"2","5Q":"2","HR":"2","9P":"2","MR":"2","VR":"2","GQ":"2","6P":"2","4Q":"2","JR":"2"},"VJ":{"C7":"2","F4":"2","7F":"2","F3":"2","Q2":"2"},"6J":{"CQ":"2"},"FJ":{"F5":"2","F4":"2"},"WG":{"63":"2","7C":"2"},"44":{"M2":"2","H4":"2","F9":"2","4J":"2","XR":"2","RP":"2","3G":"2","QM":"2","R2":"2","J3":"2","F6":"2","J2":"2","5G":"2","H3":"2","C7":"2","G5":"2","F5":"2","8C":"2","G4":"2","C8":"2","WQ":"2","Q7":"2","QP":"2","G6":"2","RM":"2","HG":"2"},"88":{"G8":"2","PQ":"2","38":"2","WQ":"2","WW":"2","28":"2","QQ":"2","3H":"2","39":"2","GW":"2","VJ":"2","QV":"2","XP":"2","WM":"2","RR":"2","5C":"2","59":"2","2C":"2","XF":"2","H9":"2","XH":"2","JW":"2","MC":"2","PW":"2","78":"2","HF":"2","29":"2","F8":"2","MJ":"2","RJ":"2","VQ":"2","RV":"2","XR":"2","MV":"2","WR":"2","68":"2","MP":"2","XQ":"2","QP":"2","JV":"2","MR":"2","QH":"2","PR":"2","QG":"2","5F":"2","58":"2","48":"2","88":"2","FX":"2","49":"2","HW":"2","RP":"2","JC":"2"},"W4":{"VQ":"2","RW":"2","QG":"2","C4":"2","RP":"2","W2":"2","92":"2","J9":"2","F6":"2","C3":"2","G7":"2","2H":"2","F5":"2","C5":"2","RH":"2","RM":"2"},"36":{"FR":"2","75":"2","GF":"2","62":"2","HQ":"2","97":"2","77":"2","7M":"2","3H":"2","GR":"2","39":"2","VR":"2","Q7":"2","F9":"2","52":"2","XP":"2","7Q":"2","CM":"2","63":"2","C6":"2","35":"2","8F":"2","9J":"2","PV":"2","79":"2","8G":"2","43":"2","53":"2","78":"2","2Q":"2","29":"2","2R":"2","F8":"2","44":"2","F6":"2","FQ":"2","9G":"2","CQ":"2","87":"2","24":"2","98":"2","8P":"2","99":"2","C9":"2","89":"2","CJ":"2","88":"2","CG":"2","GV":"2","9H":"2","34":"2","9P":"2","5J":"2","7C":"2","8C":"2","9F":"2","CF":"2","72":"2","GM":"2","CP":"2"},"29":{"PR":"2","P4":"2","PQ":"2","QQ":"2","77":"2"},"H9":{"R2":"2"},"QW":{"77":"2"},"P8":{"4M":"2","99":"2","77":"2","2J":"2","72":"2","2Q":"2","62":"2","5R":"2","4V":"2","3R":"2","88":"2","8H":"2","7F":"2","29":"2","94":"2","C3":"2","98":"2","7G":"2","4H":"2","5G":"2","5V":"2","24":"2","2X":"2","7J":"2","82":"2","7H":"2","65":"2","34":"2","5M":"2","84":"2","5P":"2","6P":"2","8G":"2","97":"2","2W":"2"},"X2":{"42":"2","58":"2","C2":"2","54":"2","29":"2","75":"2","45":"2","55":"2","43":"2","65":"2","P7":"2","47":"2","52":"2","Q7":"2","64":"2","59":"2"},"Q9":{"M5":"2","M4":"2","6C":"2","G9":"2","F9":"2","P3":"2","M3":"2","H8":"2","P2":"2","7C":"2"},"XJ":{"34":"2","2P":"2"},"VM":{"8Q":"2"},"JH":{"32":"2","C2":"2","C3":"2"},"43":{"QX":"2","WX":"2","RX":"2","VX":"2","PX":"2"},"WQ":{"WR":"2","RG":"2","VG":"2"},"GF":{"F9":"2","CX":"2","FF":"2"},"Q4":{"Q5":"2"},"XG":{"2J":"2","2M":"2"},"GJ":{"3X":"2","4X":"2","3W":"2"},"3V":{"Q7":"2","XJ":"2"},"48":{"4X":"2"},"74":{"9R":"2","FQ":"2","FP":"2","GQ":"2","GR":"2","CQ":"2"},"78":{"X9":"2","GF":"2","3H":"2","6G":"2","39":"2","M9":"2","X8":"2","2H":"2","5C":"2","5G":"2","MG":"2","8F":"2","2C":"2","7G":"2","W9":"2","8G":"2","2J":"2","4G":"2","V5":"2","W8":"2","C9":"2","5F":"2","Q9":"2","FF":"2","6F":"2","RG":"2","M6":"2","PC":"2","9F":"2","FC":"2","49":"2","CF":"2","R5":"2","JC":"2"},"RR":{"24":"2","Q7":"2"},"J7":{"WR":"2","RX":"2","XX":"2","XW":"2"},"CQ":{"6W":"2"},"28":{"Q2":"2","M8":"2","P4":"2","CP":"2","3C":"2","25":"2","Q3":"2"},"R6":{"G6":"2","42":"2","M7":"2"},"P7":{"7Q":"2","5R":"2","6X":"2","JF":"2","2Q":"2","3R":"2","HH":"2","C7":"2","5C":"2","GF":"2","4R":"2","JG":"2","MF":"2","J4":"2","3V":"2","5J":"2","FR":"2","GH":"2","FG":"2","H4":"2","7P":"2","HC":"2","6J":"2","7R":"2","G6":"2","4J":"2","87":"2","FH":"2","QF":"2","97":"2","78":"2","8P":"2","3Q":"2","J5":"2","HG":"2","6H":"2","88":"2","J8":"2","G5":"2","9J":"2","9P":"2"},"2P":{"97":"2","WP":"2","96":"2","XM":"2","C8":"2","98":"2","89":"2","H8":"2","88":"2","WQ":"2","WM":"2"},"X3":{"94":"2","74":"2"},"RV":{"HV":"2","RH":"2"},"M8":{"5V":"2","FW":"2","5R":"2","X9":"2","MH":"2","R6":"2","MG":"2","PC":"2","HH":"2","W7":"2","CW":"2","GX":"2","4R":"2","MV":"2","MF":"2","VC":"2","X8":"2","Q6":"2","XX":"2","GH":"2","W9":"2","JV":"2","8W":"2","WW":"2","2X":"2","JR":"2","PW":"2","W6":"2","F7":"2","R7":"2","GJ":"2","CX":"2","XQ":"2","HX":"2","WV":"2","P9":"2","26":"2","HM":"2","Q7":"2","HV":"2","QF":"2","V5":"2","2V":"2","FX":"2","PG":"2","9X":"2","JW":"2","FM":"2","P8":"2"},"RH":{"PC":"2","MC":"2","PF":"2"},"C4":{"32":"2"},"9W":{"59":"2"},"Q3":{"MF":"2"},"8C":{"82":"2"},"R4":{"HP":"2"},"R3":{"8P":"2","PG":"2","RR":"2","QP":"2","Q8":"2","VG":"2","VV":"2","RQ":"2","VR":"2","PV":"2","QV":"2","WQ":"2","RV":"2"},"GH":{"MV":"2"},"XC":{"X5":"2"},"WH":{"F4":"2"},"VW":{"VF":"2","W9":"2"},"4W":{"6J":"2"},"68":{"QJ":"2","3P":"2","X8":"2","WG":"2","6Q":"2","5Q":"2","XC":"2","VG":"2","XF":"2","XM":"2","WF":"2","VF":"2","RJ":"2","X9":"2","W9":"2","WC":"2","WH":"2","VH":"2"},"JC":{"72":"2","82":"2","F2":"2","73":"2"},"77":{"X2":"2","W3":"2","29":"2"},"RW":{"44":"2","P2":"2","34":"2"},"G9":{"MW":"2","JW":"2","MX":"2","JX":"2"},"VG":{"X4":"2","W4":"2"},"HH":{"FF":"2","GG":"2","CF":"2","JF":"2","HF":"2","MF":"2","6H":"2"},"2G":{"68":"2","4C":"2","58":"2","39":"2"},"Q8":{"QX":"2","F9":"2","CJ":"2","RV":"2","PX":"2","9J":"2"},"J8":{"M9":"2","2R":"2","P7":"2","V2":"2","V7":"2","W7":"2","X6":"2","7F":"2","V8":"2","X5":"2","Q6":"2","5P":"2","R4":"2","R3":"2","J6":"2","XV":"2","W6":"2","FC":"2","P6":"2","R7":"2","G7":"2","J7":"2","M7":"2","V3":"2","4Q":"2","Q7":"2","G8":"2","4P":"2","Q5":"2","R5":"2","5H":"2","H7":"2","H6":"2","J5":"2","M8":"2","6H":"2","J8":"2","8G":"2","H5":"2","3W":"2","H9":"2"},"PR":{"W6":"2"},"F2":{"47":"2"},"VH":{"WV":"2","QX":"2","XR":"2","WW":"2","RX":"2","VW":"2","QW":"2","RW":"2","PX":"2"},"64":{"G8":"2"},"3G":{"4R":"2"},"GM":{"33":"2","32":"2"},"QV":{"6J":"2","6H":"2","MV":"2"},"M3":{"7Q":"2","7C":"2","2G":"2","58":"2","34":"2","G9":"2","PM":"2","X9":"2","3J":"2","3G":"2","99":"2","WG":"2","48":"2","RG":"2","47":"2","JF":"2","WX":"2","JM":"2","8M":"2","XF":"2","MG":"2","CP":"2","PC":"2","27":"2","MR":"2","WJ":"2","7M":"2","JG":"2","XG":"2","MF":"2","7F":"2","86":"2","XH":"2","4M":"2","VG":"2","CM":"2","VC":"2","6M":"2","F9":"2","5J":"2","PH":"2","HF":"2","C9":"2","2H":"2","5P":"2","77":"2","W9":"2","WW":"2","JR":"2","CC":"2","79":"2","MP":"2","JH":"2","PJ":"2","JP":"2","FC":"2","55":"2","9M":"2","8C":"2","4J":"2","RF":"2","46":"2","QJ":"2","FF":"2","WF":"2","87":"2","5M":"2","4G":"2","HR":"2","QM":"2","WH":"2","57":"2","4F":"2","76":"2","JJ":"2","QR":"2","VM":"2","VV":"2","78":"2","QX":"2","PG":"2","FQ":"2","RC":"2","QH":"2","VH":"2","65":"2","GQ":"2","J9":"2","JQ":"2","37":"2","VJ":"2","HG":"2","RV":"2","QG":"2","FM":"2","RH":"2","RJ":"2","88":"2","8J":"2","RQ":"2","54":"2","3F":"2","MM":"2","WM":"2","38":"2","H9":"2","RR":"2","WC":"2"},"4H":{"G5":"2","R4":"2"},"GG":{"93":"2","C2":"2","GG":"2"},"C6":{"48":"2"},"XM":{"3G":"2"},"W3":{"9X":"2","X5":"2","5H":"2","7W":"2","2P":"2","2Q":"2","4G":"2","5M":"2","5R":"2","5P":"2","6V":"2","3Q":"2","3P":"2","48":"2","5J":"2","9P":"2","49":"2","7F":"2","7X":"2"},"V4":{"QV":"2"},"7C":{"97":"2","38":"2","2C":"2","J2":"2","28":"2","87":"2","H2":"2","29":"2"},"5V":{"8X":"2"},"XH":{"QX":"2","22":"2"},"54":{"JM":"2","Q2":"2"},"62":{"RX":"2"},"G6":{"8J":"2"},"35":{"8C":"2","7G":"2","9X":"2","G7":"2","89":"2","8H":"2","6V":"2","4X":"2","5X":"2","7X":"2","3V":"2","9M":"2","FX":"2","8X":"2","FH":"2"},"P3":{"JX":"2","99":"2","77":"2","86":"2","C4":"2","9V":"2","CR":"2","95":"2","3W":"2","58":"2","8X":"2","88":"2","9C":"2","5W":"2","85":"2","67":"2","9X":"2","98":"2","FR":"2","9W":"2","2X":"2","HX":"2","96":"2","2F":"2","87":"2","CW":"2","FV":"2","CV":"2","97":"2","2W":"2","8W":"2"},"96":{"7Q":"2","58":"2","5V":"2","5R":"2","2R":"2","6Q":"2","68":"2","2Q":"2","F8":"2","CP":"2","3R":"2","4R":"2","CQ":"2","86":"2","9C":"2","3V":"2","C9":"2","2H":"2","66":"2","85":"2","29":"2","6P":"2","8Q":"2","8F":"2","9Q":"2","76":"2","2J":"2","39":"2","3X":"2","98":"2","2V":"2","3H":"2","89":"2","PG":"2","FQ":"2","5Q":"2","GM":"2","9H":"2","3Q":"2","67":"2","C8":"2","2M":"2","88":"2","3W":"2","9J":"2","9P":"2","FP":"2"},"99":{"H6":"2","4F":"2"},"V7":{"P3":"2","36":"2","27":"2","46":"2","28":"2","26":"2"},"6C":{"RG":"2","WF":"2","VF":"2","WC":"2"},"MF":{"3Q":"2","8G":"2"},"CG":{"H6":"2","V8":"2"},"9J":{"5G":"2"},"M4":{"F8":"2","G8":"2"},"7F":{"7R":"2","6R":"2"},"4Q":{"W7":"2","X7":"2"},"W6":{"9C":"2","23":"2","X7":"2","53":"2"},"WF":{"2X":"2","8H":"2"},"P6":{"G7":"2","FR":"2","4J":"2","H5":"2","G6":"2","39":"2","2G":"2","94":"2","96":"2","H9":"2","78":"2","8W":"2","29":"2","F4":"2","RH":"2","87":"2","GG":"2","98":"2","C4":"2","4H":"2","H6":"2","H2":"2","5F":"2","88":"2","H7":"2","F3":"2","7C":"2","GC":"2","JM":"2","VV":"2"},"WV":{"PC":"2","MC":"2","HX":"2","M9":"2","P9":"2","5W":"2"},"R9":{"2H":"2"},"55":{"GF":"2","CH":"2","C8":"2","FH":"2","FG":"2"},"G4":{"C6":"2","C7":"2","C8":"2","98":"2","GC":"2","88":"2"},"2C":{"M4":"2","XF":"2"},"76":{"R9":"2"},"P5":{"WG":"2","VG":"2","MM":"2","GQ":"2","8R":"2"},"75":{"W7":"2","Q7":"2","R6":"2","R7":"2","Q6":"2","V7":"2","W6":"2"},"7Q":{"27":"2"},"HF":{"RR":"2","W5":"2"},"X6":{"22":"2","35":"2","5F":"2","23":"2","33":"2","27":"2","26":"2","34":"2","36":"2"},"P2":{"FR":"2","GM":"2","CW":"2"},"9F":{"5Q":"2"},"QX":{"9G":"2","MW":"2","96":"2","95":"2","84":"2"},"WP":{"RV":"2","HC":"2"},"J9":{"G8":"2","MW":"2","G7":"2","PQ":"2","8X":"2","WQ":"2","M3":"2","WW":"2","FM":"2","G9":"2","QQ":"2","W4":"2","WV":"2","X5":"2","V3":"2","P8":"2","Q7":"2","P5":"2","XP":"2","P9":"2","Q2":"2","X2":"2","CM":"2","W6":"2","RR":"2","7W":"2","W2":"2","X6":"2","J9":"2","X7":"2","JW":"2","W3":"2","Q5":"2","V7":"2","VC":"2","PJ":"2","JJ":"2","MJ":"2","VQ":"2","R6":"2","XR":"2","R8":"2","MV":"2","WR":"2","RQ":"2","XQ":"2","PR":"2","WP":"2","P6":"2","QM":"2","HX":"2","H7":"2","RG":"2","W5":"2","M6":"2","R7":"2","QR":"2","M8":"2","M4":"2","HW":"2","XW":"2","FJ":"2","JM":"2","7X":"2","Q6":"2"},"R8":{"3P":"2"},"67":{"X9":"2","M7":"2","H5":"2","V8":"2","84":"2","J8":"2","Q7":"2","63":"2","C6":"2","P4":"2","V9":"2","94":"2","J9":"2","G2":"2","W9":"2","VC":"2","R3":"2","P7":"2","Q3":"2","H4":"2","G3":"2","F4":"2","J6":"2","R6":"2","J4":"2","C5":"2","W8":"2","P2":"2","F2":"2","C4":"2","W5":"2","M6":"2","Q4":"2","J7":"2","M4":"2","CP":"2","R2":"2"},"J4":{"G9":"2","F3":"2","99":"2","48":"2","M9":"2","93":"2","X6":"2","M5":"2","H8":"2","86":"2","9C":"2","Q6":"2","77":"2","85":"2","FG":"2","94":"2","F7":"2","G2":"2","G6":"2","87":"2","83":"2","J7":"2","8F":"2","M7":"2","F6":"2","G8":"2","39":"2","97":"2","F2":"2","W5":"2","98":"2","R5":"2","J3":"2","H6":"2","J5":"2","Q2":"2","82":"2","6H":"2","P8":"2","P5":"2","J8":"2","C2":"2","G5":"2","8G":"2","C6":"2","H5":"2","92":"2"},"4M":{"WX":"2"},"WR":{"33":"2"},"V5":{"JQ":"2","FM":"2","79":"2","CF":"2","VX":"2","VW":"2","69":"2","JP":"2","FH":"2"},"2F":{"CR":"2","57":"2","67":"2","FW":"2","CV":"2"},"2Q":{"JX":"2","JV":"2","CR":"2","HW":"2","FX":"2","7J":"2","GX":"2","FW":"2","GV":"2","HV":"2","46":"2","FV":"2","QX":"2","49":"2"},"R7":{"9X":"2","X8":"2","X7":"2"},"34":{"RR":"2","VV":"2"},"6Q":{"7V":"2","4R":"2","3R":"2","4V":"2"},"JG":{"M8":"2","GQ":"2","JG":"2","FV":"2","CW":"2","R4":"2","CV":"2"},"RM":{"J4":"2","H5":"2"},"W2":{"7M":"2","F8":"2","C7":"2","F9":"2","CF":"2","6M":"2","G8":"2","CC":"2","FC":"2","J5":"2"},"4F":{"2H":"2","2G":"2"},"H8":{"WV":"2","QX":"2","XR":"2","RX":"2","VX":"2","VW":"2","RW":"2"},"P9":{"GV":"2","3Q":"2","3P":"2","6H":"2","22":"2"},"3H":{"H7":"2","HJ":"2","J8":"2","J9":"2","M8":"2","F6":"2","H8":"2","G7":"2","J7":"2","73":"2"},"82":{"MH":"2","6M":"2","7J":"2"},"M6":{"JV":"2","PJ":"2","VH":"2","QJ":"2","WH":"2","VG":"2","VF":"2","MM":"2","WG":"2"},"5Q":{"28":"2"},"63":{"R2":"2","R3":"2","Q3":"2","P3":"2","M3":"2","J3":"2","H3":"2"},"MP":{"22":"2"},"26":{"PV":"2","XR":"2","5V":"2","FW":"2","GV":"2","G9":"2","6X":"2","X9":"2","VR":"2","WG":"2","8X":"2","M9":"2","6Q":"2","XW":"2","WX":"2","6R":"2","PC":"2","MR":"2","X6":"2","M6":"2","MV":"2","H8":"2","PX":"2","X5":"2","F9":"2","QW":"2","XX":"2","JR":"2","PW":"2","7X":"2","MP":"2","PJ":"2","5W":"2","MX":"2","P6":"2","CX":"2","MW":"2","Q4":"2","PR":"2","V9":"2","HR":"2","QM":"2","P9":"2","XC":"2","M7":"2","PQ":"2","Q7":"2","HV":"2","GR":"2","MQ":"2","G8":"2","QF":"2","QR":"2","6W":"2","QX":"2","PG":"2","QQ":"2","6V":"2","9X":"2","X4":"2","QC":"2","JQ":"2","RV":"2","M8":"2","Q8":"2","P8":"2","J8":"2","MM":"2","VW":"2","VQ":"2","RR":"2"},"PQ":{"7R":"2"},"7R":{"H6":"2","H9":"2","JC":"2"},"5M":{"2X":"2","4W":"2","3X":"2","4X":"2","5X":"2","3W":"2","5W":"2"},"WJ":{"XM":"2","F3":"2"},"F3":{"9H":"2","9G":"2","2C":"2"},"53":{"PC":"2","WW":"2","R7":"2","XX":"2"},"CV":{"RR":"2"},"M7":{"QQ":"2","VX":"2","XP":"2","VP":"2","RR":"2","2W":"2","PV":"2","2Q":"2","4Q":"2","2R":"2","5Q":"2","3R":"2","VQ":"2","RV":"2","5R":"2","MV":"2","3W":"2","3V":"2","RQ":"2","HV":"2","JV":"2","MR":"2","PR":"2","WP":"2","QR":"2","2V":"2"},"V6":{"58":"2"},"2M":{"RH":"2"},"VQ":{"9W":"2"},"X7":{"98":"2"},"QM":{"WH":"2"},"H4":{"V3":"2","Q4":"2"},"X9":{"X7":"2"},"Q2":{"JP":"2"},"MM":{"2X":"2","4X":"2"},"8H":{"R6":"2","P5":"2","W5":"2","W4":"2","V6":"2","G3":"2","Q4":"2","X6":"2"},"VV":{"WF":"2","VF":"2","6G":"2"},"92":{"X4":"2","V4":"2","W4":"2","77":"2"},"F7":{"7F":"2"},"8V":{"J3":"2","P2":"2","RJ":"2"},"3P":{"5C":"2","3M":"2"},"98":{"2J":"2","4H":"2","GH":"2","3P":"2","FM":"2","4M":"2","F8":"2","5C":"2","HF":"2","5F":"2","C8":"2","HH":"2","6F":"2","3H":"2","CC":"2","3W":"2","3J":"2","2M":"2","HG":"2","3V":"2","FF":"2","69":"2","5G":"2","2P":"2"},"MC":{"G8":"2","G7":"2","J5":"2","M3":"2","H5":"2","M5":"2","P5":"2","G4":"2","J3":"2","H3":"2","F8":"2","H4":"2","G3":"2","J2":"2","J6":"2","J4":"2","P2":"2","H2":"2","M6":"2","F7":"2","M2":"2"},"F6":{"46":"2"},"QR":{"FM":"2","9P":"2","FW":"2","CV":"2"},"R5":{"8C":"2","9C":"2","W8":"2","5R":"2","M3":"2","F6":"2"},"86":{"5V":"2","FW":"2","GV":"2","5R":"2","X9":"2","WG":"2","RG":"2","6Q":"2","XW":"2","47":"2","XF":"2","6R":"2","PC":"2","CW":"2","5X":"2","GX":"2","XG":"2","XH":"2","VC":"2","QW":"2","4W":"2","XX":"2","VF":"2","PW":"2","XV":"2","5W":"2","6P":"2","RF":"2","MW":"2","WF":"2","XQ":"2","XP":"2","XJ":"2","WH":"2","GW":"2","XM":"2","RC":"2","6V":"2","67":"2","RV":"2","4X":"2","WC":"2"},"J3":{"PV":"2","5V":"2","5R":"2","WG":"2","MH":"2","8X":"2","RG":"2","2R":"2","6Q":"2","47":"2","6R":"2","F8":"2","MJ":"2","HH":"2","5X":"2","MR":"2","GF":"2","WJ":"2","4R":"2","XG":"2","MV":"2","VG":"2","PX":"2","X8":"2","F9":"2","PH":"2","JV":"2","8W":"2","VF":"2","2X":"2","7X":"2","X2":"2","JH":"2","5W":"2","PJ":"2","MX":"2","RF":"2","CX":"2","QJ":"2","4V":"2","7W":"2","8V":"2","HX":"2","HV":"2","QF":"2","6W":"2","W2":"2","QH":"2","JW":"2","VH":"2","HW":"2","HG":"2","RV":"2","GG":"2","RH":"2","RJ":"2","JX":"2"},"M9":{"V8":"2","22":"2","79":"2","W9":"2","QC":"2","GC":"2","FC":"2","6G":"2","65":"2","PX":"2","FF":"2","VC":"2","JX":"2","5J":"2","7J":"2","7P":"2","6J":"2","W7":"2","XR":"2","7M":"2","46":"2","W4":"2","H9":"2","59":"2","Q9":"2","8J":"2","RF":"2","47":"2","H5":"2","48":"2","74":"2","8Q":"2","J7":"2","6P":"2","P7":"2","2P":"2","93":"2","RV":"2","C4":"2","5G":"2","5P":"2","HX":"2","F2":"2","H2":"2","64":"2","MW":"2","QV":"2","MX":"2","JW":"2","4G":"2","P3":"2","V7":"2","94":"2","6C":"2","CG":"2","3J":"2","9J":"2","7F":"2","PW":"2","P6":"2","R9":"2","55":"2","7H":"2","95":"2","32":"2","75":"2","3M":"2","7Q":"2","2W":"2","P2":"2","6F":"2","4M":"2","G3":"2","2F":"2","69":"2","2Q":"2","R7":"2","6Q":"2","G2":"2","4F":"2","58":"2","H8":"2","3H":"2","82":"2","M6":"2","63":"2","33":"2","J6":"2","37":"2","5M":"2","F3":"2","53":"2","HC":"2","56":"2","57":"2","M7":"2","H7":"2","V6":"2","CH":"2","X4":"2","92":"2","CF":"2","3P":"2","QG":"2","H6":"2","49":"2","C3":"2","73":"2","Q7":"2","6H":"2"},"PM":{"7G":"2","QX":"2","5M":"2"},"XW":{"5H":"2","6J":"2","4J":"2","QF":"2","5G":"2"},"7G":{"9C":"2"},"W5":{"XX":"2","QV":"2","2V":"2","MQ":"2","MP":"2","PC":"2","PP":"2","PV":"2","Q8":"2","5J":"2","R4":"2","Q3":"2"},"C3":{"JQ":"2","HP":"2","XC":"2","HQ":"2","PC":"2","6M":"2","W7":"2","3X":"2","JP":"2","XH":"2","6J":"2","P7":"2","R7":"2"},"73":{"CR":"2","44":"2","65":"2","CV":"2"},"V3":{"3Q":"2","3G":"2","33":"2","4R":"2","WX":"2","5R":"2","J3":"2","22":"2","45":"2","WQ":"2","4Q":"2","XQ":"2","JP":"2","48":"2"},"J5":{"XH":"2"}}}}