{"index":{"university,1|retail,2|tourism,3|wreck,4|historical,5|artsCulture,6|namedBuilding,7|water,8|wetland,9|park,10|beach,11|natureReserve,12|cemetery,13|trail,14":{}},"6Q":{"W8":{"M5":{"XJ":"2"},"G2":{"43":"2"},"58":{"MW":"2","RH":"2"},"F9":{"42":"2"},"V8":{"P5":"2"},"92":{"J2":"2","J3":"2","P4":"2","M2":"2"},"J3":{"JW":"2"},"98":{"8Q":"2","CP":"2","9P":"2","9Q":"2"},"23":{"Q7":"2","R7":"2","6G":"2"},"33":{"35":"2"},"C7":{"78":"2"},"W7":{"8W":"2"},"F5":{"55":"2","54":"2"},"56":{"GH":"2","CH":"2","CJ":"2"},"P6":{"VC":"2","VF":"2","RC":"2"},"C5":{"VG":"2"},"G4":{"HC":"2","MC":"2","Q9":"2","PC":"2","J9":"2","JF":"2","M9":"2"},"M4":{"9H":"2"},"59":{"P2":"2","Q4":"2","P3":"2","J4":"2","93":"2","M4":"2","M3":"2","Q3":"2"},"68":{"68":"2","C7":"2","C8":"2","78":"2"}},"36":{"PC":{"HW":"2","HX":"2","GX":"2","CW":"2"},"2W":{"8V":"2"},"PF":{"H2":"2"},"2V":{"6C":"2","69":"2"},"RH":{"G6":"2","55":"2"}},"R8":{"X2":{"85":"2","96":"2","76":"2","46":"2","86":"2","95":"2"},"R3":{"JQ":"2","MP":"2","MQ":"2"},"W6":{"VR":"2","WJ":"2","XC":"2","WH":"2","X9":"2","WM":"2","XH":"2","XG":"2","WG":"2"},"95":{"2X":"2"},"R5":{"MW":"2"},"V2":{"W7":"2","X6":"2","X7":"2","W6":"2","WC":"2"},"V8":{"9G":"2"},"W2":{"5H":"2","X6":"2","27":"2","26":"2"},"V4":{"J2":"2"},"85":{"XX":"2"},"P4":{"R6":"2"},"75":{"CV":"2"},"P3":{"5Q":"2"},"W7":{"X5":"2","W5":"2","W3":"2","V5":"2","W4":"2"},"X6":{"56":"2","55":"2","38":"2","2C":"2","44":"2","47":"2","45":"2","46":"2","2F":"2","28":"2","29":"2","48":"2","39":"2"},"V3":{"MP":"2","JP":"2"},"M3":{"3C":"2","3F":"2"},"Q3":{"7P":"2"}},"34":{"97":{"6J":"2","82":"2"},"63":{"M3":"2","J3":"2"},"62":{"GW":"2"},"85":{"F9":"2"},"82":{"HP":"2","JP":"2"},"9G":{"98":"2"},"96":{"M2":"2","F7":"2","GC":"2","CQ":"2","HC":"2","FJ":"2","C9":"2","FH":"2","M8":"2","J2":"2","G7":"2","G9":"2","M3":"2","H9":"2"},"MX":{"5P":"2","9X":"2","4P":"2","5Q":"2","5R":"2","8X":"2"},"CG":{"R4":"2"},"F3":{"4Q":"2"},"95":{"MX":"2"}},"62":{"P5":{"W5":"2","V6":"2","W6":"2","X7":"2","W4":"2"},"C4":{"H2":"2"},"GC":{"J4":"2"},"W6":{"GF":"2","63":"2","8G":"2"},"V6":{"HM":"2"},"V7":{"J2":"2","J3":"2","H3":"2","H2":"2"},"C2":{"Q8":"2","Q4":"2","P8":"2"},"F2":{"J2":"2"},"5F":{"CR":"2"},"3G":{"P6":"2","23":"2","33":"2","H5":"2","J5":"2","95":"2","84":"2","43":"2"},"CF":{"66":"2"},"3F":{"CW":"2"},"2C":{"JX":"2"},"F6":{"26":"2"},"9F":{"P5":"2","Q7":"2"},"5G":{"65":"2"},"4F":{"C3":"2"},"2F":{"8V":"2","WW":"2","WX":"2","CJ":"2","MR":"2","9M":"2","9J":"2"},"F5":{"RX":"2","7W":"2","4W":"2","3X":"2","5X":"2","4X":"2","2R":"2"},"3C":{"9X":"2","7W":"2","9W":"2","CX":"2","7X":"2","CW":"2"},"C5":{"M7":"2"},"M4":{"FM":"2","FP":"2","CP":"2","6Q":"2","9P":"2","CM":"2","6V":"2","9Q":"2","9M":"2","CQ":"2"},"Q5":{"8C":"2","59":"2","49":"2","48":"2"}},"G9":{"8V":{"CF":"2","CC":"2","9F":"2"},"VG":{"Q4":"2"},"Q9":{"63":"2","JQ":"2","99":"2","XQ":"2","F7":"2","C9":"2","RP":"2","MQ":"2","PP":"2","98":"2","F8":"2","RR":"2","QH":"2","C8":"2","QP":"2"},"R9":{"GM":"2","GJ":"2"},"VW":{"FF":"2","FG":"2"},"J9":{"PG":"2","PF":"2"}},"52":{"HF":{"W5":"2"},"XG":{"J9":"2","JC":"2"},"XF":{"25":"2"},"WF":{"85":"2","38":"2"},"VF":{"M6":"2","G6":"2","H4":"2","M5":"2","P6":"2","W8":"2","M4":"2","R8":"2","P9":"2","Q6":"2","J6":"2","H5":"2","J5":"2","V8":"2","M7":"2"}},"32":{"FF":{"3Q":"2","4P":"2","2Q":"2","3R":"2","4Q":"2"},"9G":{"M7":"2","P8":"2","QC":"2","Q9":"2","M8":"2","Q8":"2","P7":"2","RC":"2","P9":"2"},"5R":{"9H":"2","F6":"2"},"8X":{"7V":"2","6M":"2"},"6X":{"5C":"2","5F":"2","7J":"2","8H":"2","7F":"2","5G":"2"},"CF":{"QJ":"2","RR":"2","QM":"2","QP":"2","PJ":"2","GJ":"2","PQ":"2","XP":"2","VQ":"2","WQ":"2","XQ":"2"},"9F":{"M6":"2","R6":"2","V7":"2","R8":"2","V8":"2","V9":"2","R9":"2","R7":"2","Q7":"2","W9":"2"},"93":{"F2":"2"},"GF":{"G6":"2","56":"2","7P":"2","G5":"2","GP":"2","47":"2","R6":"2","45":"2","Q6":"2","H5":"2","J5":"2"},"MF":{"QR":"2","RV":"2","RQ":"2","PC":"2","HH":"2","QQ":"2","RR":"2"},"7H":{"X4":"2"},"5J":{"M6":"2","M8":"2"}},"22":{"4M":{"97":"2","96":"2"},"63":{"F3":"2"},"77":{"G9":"2"},"86":{"XV":"2","MW":"2","MR":"2","MX":"2","VW":"2","JX":"2"},"72":{"VM":"2"},"G3":{"X3":"2","X2":"2","V2":"2"},"87":{"X8":"2","W8":"2","X7":"2","W6":"2","V6":"2","V7":"2","V8":"2","RQ":"2","WH":"2","W7":"2","X6":"2","XH":"2","PR":"2"},"97":{"35":"2","33":"2","54":"2","45":"2","27":"2","26":"2","53":"2"}},"F3":{"4H":{"JJ":"2","JM":"2"},"MW":{"M6":"2","FJ":"2","CG":"2"},"HV":{"MC":"2"},"GP":{"GC":"2"},"VM":{"73":"2"},"3M":{"P5":"2"},"JR":{"WW":"2","VW":"2"}},"XW":{"G4":{"7C":"2","88":"2","79":"2","9C":"2","8F":"2","CG":"2","87":"2","8C":"2"}},"R6":{"7Q":{"XV":"2"},"PV":{"WC":"2","V8":"2"},"5V":{"W7":"2","X7":"2"},"GV":{"CR":"2","42":"2","F9":"2","4J":"2","83":"2","23":"2","52":"2","G9":"2"},"PM":{"97":"2","C7":"2"},"MH":{"P5":"2"},"8X":{"J4":"2","J2":"2","J3":"2","F5":"2","F6":"2","H3":"2"},"6R":{"8C":"2","8G":"2","8F":"2","89":"2","9F":"2"},"F8":{"5J":"2"},"CP":{"PG":"2"},"CW":{"6G":"2"},"4R":{"GM":"2"},"CQ":{"XV":"2","HC":"2","MC":"2","XR":"2","RP":"2","CH":"2","QJ":"2","FH":"2","WV":"2","FG":"2","GG":"2","CF":"2","38":"2","JF":"2","HF":"2","CG":"2","MF":"2","PM":"2","G9":"2","P9":"2"},"VG":{"R2":"2","V2":"2"},"VC":{"8Q":"2","7R":"2","7V":"2","7Q":"2","MM":"2","6V":"2","JM":"2","8R":"2"},"CM":{"HJ":"2","GH":"2","V9":"2","GJ":"2","94":"2","HH":"2","84":"2"},"C9":{"F9":"2"},"H3":{"42":"2"},"CV":{"PJ":"2","QJ":"2","QM":"2","8J":"2","2P":"2","MJ":"2","FM":"2","QH":"2","PM":"2","5M":"2","MM":"2"},"FR":{"9X":"2","WQ":"2","GR":"2","PP":"2","QV":"2","XV":"2","JQ":"2","VP":"2","RW":"2","WX":"2","PV":"2","VQ":"2","RV":"2","MV":"2","WR":"2","MX":"2","RQ":"2","MR":"2","PR":"2","Q9":"2","QR":"2","RP":"2","XW":"2"},"FV":{"P3":"2","G7":"2","M7":"2","M3":"2","GF":"2","M5":"2","G6":"2","3H":"2","W4":"2","X5":"2","V3":"2","2G":"2","J8":"2","Q7":"2","P5":"2","5H":"2","8H":"2","3F":"2","2F":"2","V2":"2","V4":"2","2H":"2","X6":"2","H8":"2","8F":"2","9J":"2","7G":"2","Q5":"2","X3":"2","V7":"2","XG":"2","R3":"2","V5":"2","R6":"2","FG":"2","WC":"2","7H":"2","R8":"2","R4":"2","3G":"2","P6":"2","X4":"2","FF":"2","H7":"2","CG":"2","W5":"2","R7":"2","Q4":"2","F7":"2","FC":"2","CF":"2","R5":"2","GC":"2","Q6":"2"},"WW":{"2P":"2"},"8W":{"HW":"2","MX":"2","JX":"2"},"VF":{"PR":"2","RX":"2","MR":"2","VX":"2"},"7X":{"XM":"2","XJ":"2"},"JH":{"QX":"2","JW":"2","MX":"2","HX":"2","VW":"2","CX":"2","GX":"2","JX":"2","PX":"2","FX":"2"},"XV":{"5Q":"2","5X":"2"},"6P":{"3M":"2","F9":"2","M8":"2","94":"2","CF":"2","F6":"2","9F":"2","WH":"2","C7":"2","C6":"2","FC":"2","XG":"2","M9":"2","H9":"2"},"MX":{"M6":"2","P6":"2"},"JP":{"9X":"2","6W":"2","7W":"2","7X":"2","6X":"2"},"R7":{"3X":"2"},"RF":{"J4":"2"},"4V":{"43":"2"},"QV":{"4F":"2","VV":"2","9M":"2","9J":"2"},"8Q":{"XV":"2","WW":"2","W5":"2","XW":"2"},"8V":{"59":"2","58":"2"},"8R":{"67":"2","66":"2","76":"2"},"HR":{"FG":"2"},"WV":{"XF":"2","WJ":"2","XC":"2","4W":"2","WH":"2","WM":"2","WP":"2","XP":"2","WQ":"2","WC":"2","RH":"2"},"WH":{"42":"2","52":"2","53":"2"},"FH":{"PX":"2"},"8F":{"W8":"2"},"57":{"5C":"2","6C":"2","4J":"2"},"9Q":{"55":"2","54":"2","C2":"2","46":"2","M2":"2","F3":"2","53":"2"},"4Q":{"XM":"2","XP":"2"},"PQ":{"FR":"2","7M":"2","8P":"2","9V":"2","8M":"2","GR":"2"},"GR":{"4W":"2","4P":"2","8H":"2","2W":"2","5V":"2","8F":"2","5X":"2","8G":"2","2Q":"2","2R":"2","4X":"2","RJ":"2","3R":"2","5M":"2","9G":"2","5R":"2","3W":"2","3V":"2","5P":"2","3Q":"2","6J":"2","9H":"2","2V":"2","9F":"2","2X":"2"},"JJ":{"J5":"2","M5":"2","P5":"2","Q2":"2","V4":"2","W6":"2","P4":"2","V7":"2","R3":"2","F4":"2","V5":"2","R6":"2","R4":"2","W5":"2","Q4":"2","M4":"2","V6":"2","R5":"2","R2":"2"},"QF":{"8J":"2"},"VV":{"GW":"2","2W":"2"},"3X":{"6Q":"2"},"FX":{"4M":"2","4J":"2","3M":"2"},"9R":{"C4":"2","F5":"2","P2":"2","29":"2","Q2":"2"},"PG":{"C9":"2","98":"2","CC":"2","99":"2"},"QQ":{"C8":"2","98":"2","JM":"2","JP":"2","99":"2"},"FQ":{"2Q":"2","3R":"2","3W":"2","2V":"2","C2":"2","F2":"2","3V":"2","2P":"2","C3":"2","4W":"2","3J":"2","33":"2","2R":"2","2W":"2"},"5Q":{"W7":"2","V6":"2","V7":"2"},"J3":{"J7":"2"},"65":{"7R":"2"},"RV":{"GG":"2","HG":"2","XW":"2","XH":"2","FV":"2","CW":"2","CV":"2"},"JX":{"JF":"2"},"H2":{"3X":"2","3W":"2"},"3F":{"7R":"2","5W":"2"},"MM":{"QJ":"2","RM":"2","RF":"2","PH":"2","XF":"2","XH":"2","PJ":"2","JJ":"2","HF":"2","RJ":"2","JF":"2","RH":"2","QH":"2","QG":"2","QF":"2","VF":"2","PF":"2","RG":"2","JM":"2","PG":"2"},"VW":{"P6":"2","XJ":"2"},"9W":{"98":"2","89":"2","6F":"2","3J":"2","69":"2","99":"2"},"9P":{"MR":"2","JV":"2","R6":"2","9V":"2","8V":"2","CX":"2","9M":"2","55":"2","9W":"2","FX":"2","GX":"2","HX":"2","9P":"2","GV":"2","FW":"2","R7":"2","CW":"2","8M":"2"},"FP":{"8P":"2","6R":"2"},"WC":{"G7":"2","G8":"2"}},"7G":{"C2":{"CQ":"2"}},"8M":{"9P":{"2M":"2"}},"93":{"93":{"8Q":"2","7R":"2","7P":"2","7V":"2","7W":"2","8R":"2"},"C9":{"PG":"2"},"F8":{"JV":"2","FW":"2"},"C7":{"7M":"2","7P":"2","8J":"2","9H":"2","6Q":"2","7J":"2","8H":"2","6P":"2"},"F9":{"G6":"2","H6":"2","G7":"2","G5":"2"},"94":{"P3":"2","M3":"2","H5":"2","P8":"2","Q7":"2","W7":"2","G4":"2","Q5":"2","86":"2","Q3":"2","H4":"2","R6":"2","J4":"2","Q4":"2","M4":"2","V6":"2","Q6":"2","82":"2"}},"V7":{"MQ":{"77":"2"},"24":{"G5":"2","FC":"2"},"87":{"PR":"2"},"R2":{"XX":"2","PM":"2"},"CP":{"C6":"2","F5":"2","F6":"2","C5":"2"},"RX":{"RM":"2","RJ":"2"},"6G":{"5V":"2"},"PX":{"7R":"2","3Q":"2","4R":"2","5V":"2","5Q":"2","3R":"2","HR":"2","5R":"2"},"3F":{"JX":"2","RW":"2","X4":"2","HW":"2","RX":"2","MW":"2","J5":"2","HX":"2","VX":"2","JW":"2","QX":"2"},"5F":{"M2":"2","R3":"2","P5":"2","Q2":"2","7F":"2","Q4":"2","5F":"2","V4":"2","R2":"2","P4":"2","P3":"2","9F":"2","FC":"2","P6":"2","V3":"2","J7":"2","R4":"2","Q5":"2","P9":"2","Q3":"2"},"P4":{"F4":"2","28":"2","G2":"2","G3":"2","J3":"2","J2":"2","H3":"2","27":"2","H2":"2"},"JM":{"MX":"2"},"97":{"7R":"2","M5":"2","W5":"2","MR":"2","J5":"2"},"39":{"X4":"2","Q7":"2"},"CJ":{"WX":"2","VX":"2"},"V2":{"3X":"2"},"JX":{"68":"2","38":"2","36":"2","27":"2","28":"2","26":"2","49":"2","39":"2"},"89":{"WC":"2"},"72":{"FW":"2"},"7J":{"6W":"2","6X":"2"},"5J":{"QX":"2","2H":"2","WW":"2","WX":"2","RX":"2","VX":"2","6V":"2","VW":"2"},"FH":{"4M":"2","4P":"2","WX":"2","VX":"2","2P":"2"},"6J":{"MR":"2","5X":"2","QR":"2","9V":"2","9R":"2","JR":"2","HQ":"2","6X":"2","QW":"2","FR":"2","GR":"2","FP":"2","PQ":"2","PR":"2","GQ":"2"},"FJ":{"2V":"2","HX":"2"},"23":{"FR":"2","73":"2","7V":"2","7Q":"2","63":"2","7R":"2","5V":"2","2P":"2","6R":"2","8R":"2","4Q":"2","FP":"2","CV":"2","5Q":"2","J6":"2","FH":"2","CR":"2","FQ":"2","5M":"2","CQ":"2","8V":"2","9R":"2","8P":"2","6Q":"2","6V":"2","3P":"2","9P":"2","FJ":"2"},"7M":{"RG":"2","HC":"2","VH":"2","MC":"2","98":"2","XM":"2","JF":"2","MF":"2","XH":"2","87":"2","52":"2","JC":"2","XJ":"2","M9":"2"},"44":{"2F":"2"},"46":{"5C":"2"},"W4":{"36":"2","W3":"2","P2":"2","M2":"2"},"RQ":{"CR":"2","9R":"2","9V":"2","9Q":"2"},"29":{"RJ":"2","JX":"2"},"4P":{"J8":"2","7J":"2","65":"2"},"JV":{"28":"2"},"9V":{"C6":"2","54":"2","C2":"2","96":"2","74":"2","84":"2"},"X2":{"J4":"2","J3":"2","P4":"2"},"5C":{"8Q":"2","QX":"2","WX":"2","XX":"2","RW":"2","RP":"2","QH":"2"},"8J":{"MM":"2","P9":"2","JX":"2"},"JH":{"8Q":"2"},"43":{"V3":"2"},"7V":{"M5":"2","J5":"2"},"FP":{"M8":"2","CQ":"2"},"4C":{"7H":"2","32":"2","WX":"2","GJ":"2","26":"2","37":"2","XQ":"2"},"GJ":{"GF":"2","PF":"2","GG":"2","FF":"2","JC":"2"},"H5":{"XH":"2"},"6V":{"FC":"2","FF":"2"},"4J":{"3Q":"2","66":"2","79":"2","8R":"2","CP":"2","HJ":"2","3R":"2","GC":"2","65":"2","G8":"2","HQ":"2","FF":"2","2R":"2","3W":"2","5X":"2","CJ":"2","27":"2","PV":"2","9G":"2","9H":"2","7J":"2","5J":"2","7P":"2","6J":"2","23":"2","7M":"2","44":"2","88":"2","42":"2","29":"2","H9":"2","JV":"2","43":"2","FP":"2","47":"2","GJ":"2","3V":"2","48":"2","74":"2","4J":"2","5H":"2","J7":"2","2P":"2","F9":"2","45":"2","HP":"2","4W":"2","68":"2","F8":"2","G9":"2","MV":"2","HH":"2","J8":"2","CM":"2","GM":"2","4H":"2","JW":"2","JR":"2","6X":"2","7C":"2","2J":"2","99":"2","3J":"2","7F":"2","PW":"2","32":"2","3M":"2","QX":"2","8F":"2","67":"2","4M":"2","2F":"2","2H":"2","69":"2","2Q":"2","4V":"2","34":"2","58":"2","82":"2","5Q":"2","33":"2","37":"2","HC":"2","CV":"2","56":"2","57":"2","CH":"2","2M":"2","CF":"2","2V":"2","8G":"2","FM":"2","3P":"2","MR":"2","73":"2","JQ":"2"},"78":{"G6":"2","9C":"2","9H":"2"},"5H":{"9G":"2","3W":"2","7W":"2","MX":"2","CH":"2","5W":"2","CF":"2","7G":"2","9F":"2","5V":"2","2X":"2","8F":"2","CG":"2"},"CQ":{"JX":"2","FQ":"2","8P":"2","CQ":"2","4V":"2","JG":"2","PF":"2","MX":"2","HW":"2","2C":"2","5G":"2","5V":"2","MW":"2","HX":"2","CP":"2","9P":"2","2F":"2","VG":"2","9Q":"2","VF":"2","7M":"2","JW":"2","PX":"2"},"3C":{"8R":"2"},"2P":{"4G":"2","9R":"2","3G":"2","2G":"2","4H":"2","5H":"2","5G":"2","2H":"2","3H":"2"},"FW":{"W5":"2","JR":"2"},"XX":{"JQ":"2","5R":"2","8V":"2","HQ":"2","MQ":"2","MP":"2","7Q":"2","PP":"2","3J":"2","JP":"2","PQ":"2","GQ":"2","HG":"2"},"9Q":{"F2":"2","XC":"2","XF":"2"},"8C":{"5Q":"2","4Q":"2"},"R3":{"H5":"2"},"8M":{"9M":"2","J5":"2","M5":"2","4P":"2","3H":"2","6G":"2","RX":"2","7Q":"2","2H":"2","3M":"2","QX":"2","7G":"2","2P":"2","2M":"2","2J":"2","6P":"2","7P":"2","J6":"2","5M":"2","J4":"2","CQ":"2","3J":"2","HV":"2","9Q":"2","4M":"2","3P":"2","QW":"2","6M":"2","M4":"2","7F":"2","4R":"2"},"5G":{"M8":"2","H9":"2"},"5P":{"F8":"2","V9":"2","28":"2"},"FQ":{"9M":"2","4W":"2","4J":"2","28":"2","3H":"2","7Q":"2","CM":"2","2H":"2","7R":"2","7W":"2","5X":"2","9J":"2","8Q":"2","4X":"2","2J":"2","4V":"2","CV":"2","CR":"2","5M":"2","6X":"2","5R":"2","8V":"2","3W":"2","3J":"2","4M":"2","CJ":"2","6M":"2","3X":"2","5J":"2","2V":"2","7X":"2"},"HP":{"P5":"2","V4":"2","P7":"2","P3":"2","P4":"2","R4":"2"},"HX":{"X8":"2","W5":"2","X9":"2"},"MV":{"PP":"2","MP":"2","MM":"2","PM":"2"},"2G":{"62":"2","C2":"2","VJ":"2","M9":"2","WM":"2","63":"2","G4":"2","W2":"2","32":"2","43":"2","53":"2","XX":"2","G3":"2","QC":"2","J6":"2","RH":"2","F2":"2","XQ":"2","H6":"2","33":"2","R4":"2","92":"2","QF":"2","RG":"2","M8":"2","72":"2","XW":"2","82":"2"},"PR":{"F4":"2"},"GW":{"5F":"2","59":"2","58":"2"},"CM":{"WR":"2","XR":"2","X6":"2","W9":"2","XQ":"2"},"3G":{"95":"2","23":"2","2P":"2","FW":"2","28":"2","2R":"2","W3":"2","2Q":"2","V2":"2","5X":"2","5G":"2","GF":"2","M5":"2","7M":"2","3P":"2","3V":"2","F9":"2","PH":"2","4W":"2","R3":"2","JV":"2","Q3":"2","J6":"2","MP":"2","G6":"2","4J":"2","46":"2","CX":"2","Q4":"2","V9":"2","J7":"2","GW":"2","9G":"2","HV":"2","G8":"2","2V":"2","FX":"2","GC":"2","R5":"2","5Q":"2","HW":"2","H7":"2","J5":"2","HG":"2","QG":"2","Q2":"2","4X":"2","P5":"2","P4":"2","G5":"2","H5":"2","3W":"2","9P":"2","R2":"2"},"GM":{"4Q":"2"},"4H":{"4W":"2","4P":"2","VR":"2","2H":"2","3M":"2","RR":"2","2W":"2","WX":"2","4Q":"2","2J":"2","VQ":"2","3V":"2","3J":"2","RQ":"2","3Q":"2","3P":"2","2V":"2","2X":"2"},"W3":{"JX":"2","2Q":"2","8R":"2","5R":"2","4V":"2","3R":"2","9R":"2","MX":"2","HW":"2","6R":"2","3V":"2","4W":"2","5V":"2","4R":"2","HX":"2","2R":"2","7V":"2","3Q":"2","JW":"2","CV":"2","PX":"2","4Q":"2"},"V4":{"PV":"2"},"5V":{"FM":"2","GM":"2","GJ":"2","FJ":"2"},"4G":{"54":"2","74":"2","52":"2","WH":"2","53":"2"},"FR":{"6C":"2","38":"2","62":"2","28":"2","77":"2","P8":"2","26":"2","76":"2","G4":"2","22":"2","59":"2","23":"2","96":"2","95":"2","7G":"2","32":"2","37":"2","43":"2","53":"2","78":"2","27":"2","44":"2","C5":"2","24":"2","68":"2","47":"2","33":"2","48":"2","FX":"2","49":"2","69":"2","72":"2"},"G6":{"RG":"2","5X":"2","QG":"2","6X":"2","QC":"2","Q9":"2","RF":"2","QH":"2","PH":"2","QF":"2","RC":"2"},"P3":{"PW":"2","JX":"2"},"HM":{"F9":"2","G8":"2","2R":"2"},"G7":{"32":"2","52":"2"},"94":{"3G":"2","2H":"2","2G":"2","3H":"2"},"6C":{"7M":"2","7H":"2","5Q":"2","3V":"2"},"3J":{"V8":"2","83":"2","Q5":"2","66":"2","22":"2","F4":"2","87":"2","W9":"2","XQ":"2","F5":"2","FC":"2","QC":"2","GC":"2","65":"2","M5":"2","G8":"2","P4":"2","WM":"2","C2":"2","FF":"2","RG":"2","97":"2","52":"2","PC":"2","XF":"2","VC":"2","V2":"2","89":"2","72":"2","PH":"2","WG":"2","44":"2","88":"2","42":"2","RQ":"2","VF":"2","H9":"2","HG":"2","P8":"2","Q9":"2","PF":"2","XJ":"2","QH":"2","WQ":"2","GF":"2","RF":"2","XG":"2","H5":"2","74":"2","CC":"2","C8":"2","J7":"2","R6":"2","P7":"2","93":"2","X3":"2","M8":"2","F9":"2","RH":"2","C4":"2","8C":"2","R4":"2","R3":"2","XC":"2","WH":"2","F8":"2","JC":"2","77":"2","G9":"2","VG":"2","Q8":"2","J8":"2","F2":"2","C5":"2","64":"2","WC":"2","M3":"2","GG":"2","C6":"2","W3":"2","V4":"2","XH":"2","54":"2","62":"2","G6":"2","G5":"2","G7":"2","96":"2","99":"2","V7":"2","PJ":"2","94":"2","MF":"2","CG":"2","M4":"2","X8":"2","C9":"2","MG":"2","WF":"2","P6":"2","R9":"2","55":"2","G4":"2","95":"2","76":"2","P5":"2","25":"2","VP":"2","32":"2","JF":"2","85":"2","75":"2","HF":"2","9F":"2","RJ":"2","WP":"2","J9":"2","J4":"2","G3":"2","QJ":"2","R7":"2","H3":"2","84":"2","G2":"2","C7":"2","RM":"2","Q6":"2","H8":"2","J2":"2","9C":"2","P9":"2","QF":"2","82":"2","M6":"2","63":"2","33":"2","J6":"2","F3":"2","53":"2","FG":"2","HC":"2","M7":"2","H7":"2","V6":"2","X7":"2","QM":"2","H4":"2","X9":"2","92":"2","CF":"2","F7":"2","W8":"2","98":"2","MC":"2","F6":"2","RC":"2","R5":"2","86":"2","PG":"2","J3":"2","M9":"2","PM":"2","XP":"2","QG":"2","H6":"2","C3":"2","73":"2","V3":"2","J5":"2","Q7":"2"},"M4":{"X8":"2","V7":"2","X7":"2"},"9J":{"WM":"2"},"7F":{"RM":"2"},"X8":{"9F":"2"},"R9":{"JJ":"2"},"2C":{"55":"2","QW":"2","J7":"2"},"25":{"QR":"2","WG":"2","PV":"2","QQ":"2"},"8P":{"23":"2","X2":"2","22":"2"},"32":{"9M":"2","P8":"2"},"3M":{"V9":"2","GP":"2","R8":"2","R7":"2","V7":"2","V8":"2"},"P2":{"W5":"2"},"9F":{"5X":"2"},"8F":{"6H":"2"},"J4":{"57":"2","2W":"2","Q4":"2","6G":"2"},"4M":{"62":"2","6R":"2","27":"2","X6":"2","M6":"2","WR":"2","G3":"2","X5":"2","Q6":"2","H3":"2","73":"2","R3":"2","H4":"2","Q3":"2","MP":"2","W6":"2","G6":"2","JP":"2","P6":"2","PP":"2","MW":"2","Q4":"2","83":"2","WV":"2","F6":"2","W4":"2","V3":"2","PQ":"2","72":"2","QQ":"2","X4":"2","W2":"2","QP":"2","JW":"2","F5":"2","H6":"2","Q2":"2","82":"2","C2":"2","RQ":"2","P4":"2","G5":"2","CF":"2","F4":"2","H5":"2","V6":"2"},"2F":{"9X":"2","8X":"2","FM":"2","7V":"2","9W":"2","FW":"2","7R":"2","GJ":"2","7W":"2","PV":"2","6R":"2","8R":"2","8W":"2","6P":"2","8V":"2","9R":"2","5P":"2","6Q":"2","JV":"2","M6":"2","CW":"2","9V":"2","CX":"2","HW":"2","FJ":"2","GM":"2","7X":"2"},"2H":{"WR":"2","WV":"2","XR":"2","X8":"2","RF":"2","V9":"2","XJ":"2","XM":"2","VP":"2","RC":"2","XP":"2","WQ":"2","W9":"2","VJ":"2","XQ":"2"},"69":{"W4":"2"},"4V":{"QV":"2","GW":"2","JV":"2","PV":"2","FX":"2","GX":"2","MV":"2","JW":"2"},"34":{"C5":"2"},"JJ":{"F9":"2","FC":"2"},"84":{"XF":"2"},"4F":{"4P":"2","XX":"2","PJ":"2","9J":"2","4X":"2","6X":"2","FH":"2","6M":"2","9H":"2","2X":"2","WH":"2","7J":"2","3X":"2","7H":"2","5M":"2","5Q":"2"},"J2":{"63":"2","P6":"2","Q5":"2","74":"2"},"9C":{"VF":"2"},"3H":{"66":"2","9X":"2","87":"2","8W":"2","8R":"2","CP":"2","HJ":"2","3R":"2","7W":"2","65":"2","3F":"2","5F":"2","7X":"2","6R":"2","JM":"2","2R":"2","3W":"2","5X":"2","52":"2","5W":"2","VJ":"2","5J":"2","44":"2","88":"2","36":"2","59":"2","5C":"2","VM":"2","3X":"2","7V":"2","WQ":"2","GF":"2","FP":"2","4C":"2","47":"2","XG":"2","3V":"2","48":"2","74":"2","6V":"2","4J":"2","78":"2","5H":"2","CQ":"2","FX":"2","6P":"2","FV":"2","28":"2","2P":"2","FW":"2","CX":"2","2X":"2","38":"2","XX":"2","RH":"2","45":"2","9Q":"2","5P":"2","WH":"2","4W":"2","68":"2","77":"2","G9":"2","GW":"2","VH":"2","64":"2","3G":"2","GM":"2","MW":"2","4H":"2","MX":"2","6X":"2","7C":"2","5V":"2","XH":"2","4G":"2","54":"2","35":"2","2J":"2","HM":"2","MJ":"2","PJ":"2","6C":"2","4Q":"2","WV":"2","55":"2","76":"2","8P":"2","2W":"2","67":"2","4X":"2","69":"2","2Q":"2","4V":"2","JJ":"2","6Q":"2","4F":"2","58":"2","5Q":"2","63":"2","33":"2","7R":"2","5M":"2","WJ":"2","53":"2","HR":"2","56":"2","6W":"2","2M":"2","9R":"2","2V":"2","8V":"2","5R":"2","XW":"2","49":"2","GX":"2"},"5Q":{"84":"2"},"63":{"V3":"2"},"MP":{"F5":"2"},"9P":{"35":"2","54":"2","44":"2","22":"2","FX":"2","43":"2"},"26":{"8C":"2","FC":"2","7C":"2"},"33":{"JQ":"2","MF":"2","GC":"2","FC":"2"},"GP":{"8M":"2"},"5M":{"35":"2","33":"2","25":"2","P2":"2","26":"2","34":"2"},"53":{"42":"2","52":"2"},"HR":{"QG":"2","P8":"2","PF":"2","QC":"2","PC":"2","PG":"2","QH":"2","QF":"2","P9":"2"},"CH":{"RM":"2","CM":"2"},"Q2":{"63":"2","M7":"2","H6":"2","H4":"2","H7":"2","62":"2","J5":"2","53":"2","G5":"2","52":"2","J6":"2","44":"2","J7":"2","G4":"2","73":"2"},"X4":{"24":"2","MM":"2"},"9R":{"RR":"2","F8":"2","G5":"2","XC":"2","WF":"2","VF":"2"},"F7":{"M5":"2","X2":"2"},"W8":{"9G":"2","9J":"2","8H":"2","CH":"2","HH":"2","9H":"2","7J":"2","7M":"2","4Q":"2"},"8G":{"XH":"2"},"FM":{"2Q":"2","XF":"2","4C":"2","87":"2"},"8V":{"R5":"2","63":"2","64":"2","54":"2","44":"2","53":"2","43":"2"},"3P":{"H4":"2","C6":"2","J4":"2","X5":"2","G4":"2","P3":"2","F5":"2"},"F6":{"WX":"2","XX":"2","XW":"2"},"H6":{"H4":"2","H3":"2"},"CR":{"X2":"2","RG":"2","R3":"2","P5":"2","W5":"2","QG":"2","V5":"2","8P":"2","X7":"2","W4":"2","W6":"2","V6":"2","V7":"2","6Q":"2","R8":"2","X4":"2","QC":"2","V8":"2","W2":"2","Q9":"2","FH":"2","X5":"2","GH":"2","98":"2","P3":"2","MG":"2","W3":"2","W7":"2","X6":"2","R9":"2","MF":"2","P6":"2","X3":"2","V3":"2","R4":"2","WC":"2","RH":"2","Q3":"2"},"GQ":{"54":"2","Q3":"2","MF":"2","P3":"2","P2":"2","3F":"2","Q2":"2"},"49":{"JH":"2","67":"2","66":"2","C8":"2","MJ":"2","45":"2"},"7G":{"QM":"2"},"73":{"WF":"2","WC":"2"},"V3":{"VF":"2","XP":"2","J6":"2","XQ":"2","VH":"2"},"J5":{"2C":"2"}},"C4":{"PH":{"93":"2"}},"VP":{"PJ":{"4H":"2","9C":"2","F9":"2","95":"2"},"9G":{"4M":"2","7C":"2","22":"2","86":"2","6G":"2","85":"2","5H":"2","9P":"2","78":"2"},"FG":{"4H":"2","67":"2","54":"2","66":"2","76":"2","77":"2"},"9C":{"3V":"2"},"GG":{"GX":"2"},"9F":{"2H":"2","22":"2"},"9H":{"M3":"2"},"8F":{"RG":"2","P5":"2","RJ":"2","VM":"2","VJ":"2","M5":"2","WJ":"2","VH":"2","V8":"2","Q4":"2","P4":"2","V9":"2","RF":"2","J4":"2","Q8":"2","WM":"2","WP":"2","VG":"2","R7":"2","WQ":"2","RC":"2","M4":"2","Q5":"2","RH":"2","Q3":"2"},"JJ":{"FR":"2","HQ":"2","CV":"2"},"CG":{"M3":"2"},"27":{"X8":"2","Q3":"2","R4":"2"},"8G":{"X2":"2"}},"W7":{"5V":{"M5":"2","M4":"2","Q3":"2","P3":"2","M3":"2","P2":"2","H5":"2","J5":"2","Q2":"2"},"34":{"4M":"2","3M":"2","2P":"2","MJ":"2","JJ":"2","XH":"2","3P":"2","5M":"2"},"62":{"FM":"2","WH":"2"},"52":{"XV":"2"},"22":{"27":"2"},"WG":{"W8":"2","XR":"2","VR":"2","RG":"2","XW":"2","R6":"2","W3":"2","V2":"2","V7":"2","VP":"2","V4":"2","WJ":"2","WR":"2","XH":"2","VG":"2","VC":"2","X8":"2","FR":"2","VF":"2","R9":"2","XV":"2","PP":"2","R7":"2","RF":"2","QJ":"2","XQ":"2","XP":"2","XJ":"2","V9":"2","QM":"2","WH":"2","WV":"2","W4":"2","V3":"2","PQ":"2","QF":"2","VM":"2","QQ":"2","RC":"2","FQ":"2","WP":"2","QC":"2","VH":"2","GQ":"2","VJ":"2","RM":"2","RH":"2","RJ":"2","RQ":"2","WM":"2","VQ":"2","V6":"2","RR":"2"},"V2":{"XG":"2"},"XF":{"36":"2","28":"2","29":"2"},"MJ":{"GV":"2","FV":"2"},"5X":{"GV":"2","HW":"2","HV":"2"},"GX":{"6C":"2","4J":"2","4P":"2","3H":"2","2G":"2","5H":"2","3F":"2","2H":"2","5C":"2","5G":"2","2J":"2","4G":"2","F6":"2","J2":"2","4H":"2","5F":"2","3G":"2","4M":"2","3P":"2","5J":"2"},"CQ":{"XM":"2","XP":"2"},"XG":{"4P":"2","3H":"2","52":"2","2H":"2","3M":"2","JP":"2","8Q":"2","2Q":"2","JJ":"2","2R":"2","2J":"2","6P":"2","5Q":"2","3R":"2","5M":"2","4F":"2","3V":"2","3J":"2","8P":"2","5P":"2","6Q":"2","4H":"2","4M":"2","3P":"2","GV":"2","6M":"2","9P":"2","2V":"2","49":"2","JM":"2","4R":"2"},"XH":{"3G":"2","4J":"2","4G":"2","5R":"2","37":"2"},"24":{"GQ":"2"},"X8":{"PR":"2","QR":"2","PQ":"2","QQ":"2"},"X5":{"FM":"2","JJ":"2"},"35":{"24":"2"},"FR":{"RR":"2"},"R4":{"PJ":"2","F4":"2","JG":"2","F3":"2","F2":"2","92":"2","54":"2","83":"2","H8":"2","82":"2","93":"2","G5":"2","F5":"2","H2":"2","C5":"2","44":"2","G4":"2","G6":"2","H9":"2"},"R3":{"GQ":"2","P9":"2","FW":"2"},"7R":{"H4":"2","J4":"2","H5":"2"},"MX":{"94":"2"},"PP":{"8R":"2","8P":"2","8V":"2","8X":"2","7R":"2","9P":"2","9Q":"2","7V":"2","7X":"2","8W":"2"},"RF":{"GQ":"2"},"WF":{"XQ":"2","VR":"2","RW":"2","XR":"2","RV":"2","RX":"2","WH":"2","RR":"2","VW":"2","WR":"2"},"25":{"GR":"2"},"XJ":{"63":"2","62":"2","53":"2"},"33":{"RX":"2"},"WH":{"22":"2"},"P2":{"5C":"2"},"XC":{"MW":"2","FR":"2","97":"2","JR":"2","96":"2","8F":"2","FV":"2","F6":"2","C5":"2","8P":"2","HV":"2","C4":"2","GV":"2","F7":"2","9P":"2","9C":"2","CP":"2"},"GW":{"WR":"2","VR":"2","XQ":"2"},"PQ":{"72":"2","56":"2","55":"2","54":"2","75":"2"},"44":{"HG":"2","6C":"2","JG":"2","GF":"2","GH":"2","2H":"2","PH":"2","MG":"2","XF":"2","X7":"2","XJ":"2","VC":"2","XG":"2","HH":"2","HF":"2","JF":"2","9G":"2","R8":"2","GG":"2","QG":"2","VF":"2","RG":"2","MH":"2","WJ":"2","XM":"2","WG":"2","PG":"2","Q8":"2"},"W5":{"7P":"2","PP":"2"},"V5":{"PG":"2"},"72":{"JQ":"2"},"FX":{"VH":"2"},"R5":{"X8":"2"},"FQ":{"3M":"2","2P":"2"},"9X":{"MX":"2"},"W2":{"5C":"2","4G":"2","5F":"2","4F":"2","6F":"2","6G":"2","5G":"2"},"JW":{"47":"2","36":"2","46":"2","28":"2","29":"2","48":"2"},"HW":{"X8":"2","4W":"2","X9":"2"},"37":{"CX":"2","FX":"2"},"F5":{"27":"2"},"82":{"32":"2","CJ":"2","VQ":"2","WQ":"2","37":"2"},"RM":{"HV":"2","FV":"2"},"54":{"5H":"2","2J":"2","4H":"2","3G":"2","2H":"2","6C":"2","79":"2","2G":"2","4G":"2","5F":"2","6F":"2","3H":"2","2M":"2","6P":"2","5G":"2"},"45":{"J8":"2"}},"V4":{"VH":{"86":"2","95":"2","85":"2","C7":"2","96":"2","C6":"2","C5":"2","84":"2"},"QM":{"QV":"2","QW":"2"},"P4":{"4P":"2"},"XM":{"F7":"2","G7":"2","G8":"2","F6":"2"},"VG":{"8X":"2"},"QH":{"HM":"2","HP":"2","MP":"2","GM":"2","GJ":"2"},"46":{"5H":"2","6H":"2","5G":"2"},"73":{"V9":"2","R8":"2","V8":"2"},"M4":{"VH":"2"},"WG":{"3G":"2","4G":"2"},"36":{"C4":"2","XR":"2","C3":"2","XP":"2","F6":"2","RJ":"2","VM":"2","XQ":"2"},"97":{"7M":"2","HR":"2","9P":"2","GQ":"2","HQ":"2","GR":"2","CQ":"2"},"RH":{"5V":"2"}},"27":{"P7":{"2J":"2"},"XG":{"V2":"2","W2":"2"},"XF":{"XX":"2"},"Q9":{"FJ":"2"},"M7":{"XM":"2","XJ":"2"}},"X6":{"X9":{"QW":"2"},"J5":{"5H":"2","56":"2","35":"2","32":"2","47":"2","5X":"2","36":"2","46":"2","5J":"2","48":"2","43":"2"},"M3":{"8M":"2"},"RF":{"2V":"2","9W":"2"},"7M":{"2C":"2"},"XC":{"RR":"2","5Q":"2","9P":"2","GG":"2","HG":"2","8M":"2"},"X5":{"5H":"2"},"V3":{"MM":"2"},"P8":{"QF":"2","RV":"2"},"J8":{"82":"2","J2":"2","F2":"2","C2":"2","J3":"2","83":"2","92":"2","G2":"2"},"M9":{"XX":"2","JX":"2","28":"2","MX":"2","RP":"2","QJ":"2","29":"2","RX":"2","2C":"2","PV":"2","MW":"2","VX":"2","PR":"2","QP":"2","36":"2","RM":"2"},"X8":{"22":"2"},"Q2":{"RX":"2","MM":"2","VX":"2","JM":"2","RW":"2","F3":"2"},"P9":{"W5":"2","W4":"2","5R":"2","7W":"2","6X":"2","5W":"2","5V":"2","6V":"2"},"X2":{"6F":"2","7F":"2"},"V2":{"32":"2"},"W6":{"XC":"2","VG":"2","VF":"2","X9":"2","W9":"2","WC":"2"},"PH":{"MC":"2","RF":"2","Q9":"2","RC":"2","J6":"2"},"P4":{"23":"2","33":"2","32":"2","22":"2","43":"2"},"X6":{"76":"2"},"J9":{"W7":"2","X8":"2","R7":"2","X7":"2"},"W3":{"7V":"2","6V":"2","J9":"2"},"H3":{"RV":"2","QQ":"2"},"Q5":{"5C":"2","X8":"2","X6":"2","X9":"2"},"MC":{"M2":"2","Q2":"2","V2":"2","P2":"2","W2":"2","R2":"2","J2":"2","W3":"2","X3":"2"},"VC":{"WR":"2","VV":"2"},"XG":{"CM":"2","MJ":"2"},"4Q":{"9X":"2","QV":"2"},"2R":{"4W":"2","3W":"2"},"6P":{"WG":"2","XC":"2","VG":"2","VQ":"2","X9":"2","VM":"2"},"H4":{"XR":"2","XJ":"2"},"7P":{"24":"2","23":"2","38":"2","2C":"2","28":"2"},"J2":{"PJ":"2","QJ":"2","V4":"2","CF":"2","MG":"2","26":"2","PH":"2","G9":"2","25":"2","MH":"2"},"5Q":{"2V":"2","RJ":"2","4Q":"2"},"J6":{"54":"2","M7":"2","53":"2"},"5M":{"55":"2"},"R6":{"HP":"2"},"J4":{"4G":"2","2J":"2","4J":"2","4H":"2","5H":"2","5G":"2","3J":"2","2H":"2"},"WC":{"3P":"2"},"W8":{"R6":"2"},"P2":{"3W":"2","P2":"2"},"RC":{"QG":"2","J9":"2"},"QH":{"XR":"2","CV":"2"},"QG":{"J3":"2","G2":"2"},"H2":{"X6":"2","VR":"2","X7":"2"},"4M":{"GF":"2","FF":"2","FG":"2"},"QF":{"6Q":"2","GC":"2"},"Q9":{"3Q":"2","5P":"2","63":"2","5Q":"2","53":"2"},"H7":{"X2":"2"},"6J":{"6R":"2","6Q":"2","2P":"2"},"6M":{"W7":"2","RG":"2","V6":"2","XF":"2","R7":"2","GQ":"2","V7":"2","H7":"2"},"R7":{"6R":"2","4R":"2","5R":"2","59":"2","84":"2"},"Q4":{"64":"2","PW":"2","MX":"2","JX":"2"},"WF":{"54":"2"},"PC":{"M7":"2","54":"2","64":"2","P5":"2","63":"2","23":"2","H8":"2","J3":"2","43":"2","53":"2","65":"2","44":"2","CH":"2","FH":"2","99":"2","QH":"2","88":"2","CG":"2","J7":"2","9C":"2","9F":"2","CF":"2"},"J7":{"9X":"2","8W":"2","GX":"2","FX":"2","8X":"2"},"M2":{"GW":"2","8W":"2","FW":"2"},"R5":{"GW":"2","GX":"2","28":"2","FX":"2","FW":"2"},"PG":{"GC":"2"}},"V8":{"X2":{"4G":"2","QG":"2","PF":"2","CM":"2","MJ":"2","4H":"2","5H":"2","5G":"2","FM":"2","PG":"2","MG":"2","6F":"2","P7":"2","7M":"2","7P":"2","PH":"2","MH":"2"},"R3":{"93":"2","H4":"2","J4":"2","C2":"2","C3":"2","J5":"2","F3":"2"},"JH":{"45":"2","69":"2"},"M6":{"G7":"2","G8":"2"},"35":{"6V":"2"},"P8":{"R2":"2","Q2":"2"},"M5":{"MM":"2"},"8H":{"J7":"2"},"6G":{"6R":"2","6Q":"2","5M":"2","9Q":"2"},"PC":{"XH":"2"},"HH":{"C9":"2","C7":"2","79":"2","G5":"2","89":"2","F5":"2","CC":"2","F6":"2","FC":"2","FF":"2"},"X9":{"25":"2"},"8F":{"MH":"2","MJ":"2"},"G5":{"HC":"2"},"3C":{"2X":"2"},"26":{"54":"2"},"RC":{"59":"2","58":"2"},"QF":{"R2":"2","R3":"2","Q3":"2","W2":"2","Q2":"2"},"MH":{"V2":"2"},"M3":{"FQ":"2","9J":"2","8P":"2","CQ":"2","CJ":"2","8J":"2","9H":"2","CP":"2","8M":"2"}},"7F":{"FV":{"CW":"2","FW":"2"}},"X8":{"35":{"MW":"2","HR":"2","FR":"2","FM":"2","HQ":"2","GW":"2","GX":"2","9W":"2","FW":"2","FV":"2","JW":"2","MC":"2","57":"2","HH":"2","CV":"2","CR":"2","HP":"2","8V":"2","MV":"2","9R":"2","HV":"2","JX":"2","HX":"2","GV":"2","R7":"2","9V":"2","V6":"2","FX":"2","HW":"2","GM":"2","7X":"2","Q8":"2"},"Q2":{"5X":"2"},"62":{"H9":"2"},"W4":{"W2":"2"},"R5":{"67":"2","47":"2","76":"2","36":"2","46":"2","25":"2","77":"2"},"V2":{"58":"2"},"Q4":{"35":"2"},"W3":{"PQ":"2"},"65":{"QC":"2","6H":"2"},"26":{"7M":"2","CH":"2","P6":"2","8J":"2","W5":"2","P7":"2","V6":"2","Q8":"2","CJ":"2","Q9":"2","V7":"2","8M":"2","W6":"2"},"V3":{"7X":"2"},"Q5":{"M6":"2","M5":"2","P5":"2","J4":"2","M4":"2","R6":"2","Q4":"2","P4":"2","Q6":"2","W6":"2"},"25":{"9H":"2","HR":"2","8H":"2","JR":"2"},"36":{"72":"2","G2":"2","C2":"2","F2":"2","83":"2","C3":"2","93":"2","74":"2","H2":"2","44":"2","73":"2","64":"2","25":"2"},"Q3":{"32":"2","HF":"2","42":"2","52":"2","HC":"2"}},"X5":{"PV":{"28":"2","6C":"2","FJ":"2","8H":"2","7F":"2","CH":"2","CJ":"2","39":"2","29":"2","2G":"2","FM":"2","HX":"2","CG":"2","2R":"2","PH":"2","8M":"2","59":"2","HG":"2"},"32":{"7M":"2","7P":"2","7J":"2"},"X9":{"28":"2","CH":"2","FG":"2","29":"2","GG":"2","38":"2","JC":"2"},"VR":{"VP":"2","QH":"2"},"RX":{"FP":"2","2Q":"2","XX":"2"},"JF":{"GH":"2","HH":"2"},"WX":{"XP":"2"},"F8":{"52":"2"},"PC":{"8J":"2"},"7H":{"MW":"2","2V":"2","JW":"2","2R":"2"},"5G":{"PW":"2","22":"2"},"MR":{"9X":"2","6W":"2","5X":"2","8W":"2","5W":"2","6X":"2","8X":"2"},"X6":{"V5":"2","H2":"2"},"MV":{"7C":"2","W8":"2","95":"2","23":"2","36":"2","2G":"2","58":"2","34":"2","42":"2","G9":"2","52":"2","6C":"2","28":"2","32":"2","X9":"2","22":"2","3G":"2","F3":"2","P7":"2","R6":"2","68":"2","93":"2","V7":"2","3R":"2","4C":"2","W7":"2","27":"2","49":"2","M6":"2","G3":"2","PF":"2","C5":"2","7F":"2","9C":"2","24":"2","X8":"2","HF":"2","Q6":"2","35":"2","85":"2","R4":"2","CC":"2","R9":"2","79":"2","HC":"2","56":"2","J6":"2","84":"2","94":"2","PJ":"2","G6":"2","G2":"2","FC":"2","P6":"2","55":"2","R7":"2","G7":"2","JC":"2","25":"2","Q4":"2","33":"2","HR":"2","XC":"2","8F":"2","4F":"2","F6":"2","26":"2","9G":"2","PQ":"2","G8":"2","39":"2","44":"2","F2":"2","C3":"2","75":"2","3H":"2","89":"2","78":"2","Q5":"2","QC":"2","65":"2","J9":"2","37":"2","F5":"2","H6":"2","64":"2","HG":"2","GG":"2","C8":"2","74":"2","P8":"2","Q8":"2","69":"2","P5":"2","J8":"2","C2":"2","P4":"2","3C":"2","54":"2","G5":"2","8G":"2","3F":"2","38":"2","43":"2"},"H8":{"97":"2"},"86":{"9W":"2","7X":"2","74":"2"},"6F":{"7V":"2"},"PX":{"HJ":"2","CH":"2","WV":"2","QG":"2","CJ":"2","M3":"2","XG":"2"},"6M":{"7H":"2"},"X5":{"FW":"2"},"F9":{"3G":"2","7H":"2","6H":"2","7J":"2","6G":"2"},"QW":{"M5":"2","3X":"2"},"HF":{"64":"2"},"C9":{"J5":"2"},"XX":{"45":"2","36":"2","27":"2","26":"2"},"RW":{"C8":"2"},"77":{"CR":"2","V7":"2","JG":"2","8V":"2","RX":"2","WW":"2","QW":"2","R9":"2","6V":"2","VX":"2","WX":"2","R7":"2","HV":"2","Q7":"2","VW":"2"},"HQ":{"4P":"2","XW":"2","RG":"2","R3":"2","X8":"2","M6":"2","P5":"2","PJ":"2","RJ":"2","VM":"2","HM":"2","M5":"2","8X":"2","MX":"2","QC":"2","6X":"2","QJ":"2","Q4":"2","85":"2","29":"2","94":"2","75":"2","3F":"2","2C":"2","J3":"2","J2":"2","WW":"2","2G":"2","9F":"2","5G":"2","24":"2","4F":"2","W7":"2","X6":"2","4R":"2","2F":"2","74":"2","7H":"2","P7":"2","PW":"2","FP":"2","P6":"2","34":"2","44":"2","QF":"2","WQ":"2","R4":"2","6H":"2","37":"2"},"35":{"M9":"2","V8":"2"},"85":{"5P":"2","5Q":"2","6M":"2"},"W9":{"X8":"2","QV":"2","W8":"2","XF":"2","XC":"2","RV":"2","RQ":"2","QM":"2","V9":"2","X9":"2","PV":"2","MW":"2","PW":"2","WC":"2","WG":"2","W9":"2","VW":"2"},"JV":{"Q5":"2","F4":"2","87":"2","W9":"2","F5":"2","HJ":"2","QC":"2","65":"2","G8":"2","C2":"2","M2":"2","XF":"2","VC":"2","89":"2","W7":"2","WG":"2","88":"2","46":"2","W4":"2","36":"2","VF":"2","JV":"2","HG":"2","X2":"2","Q9":"2","43":"2","Q4":"2","GJ":"2","78":"2","C8":"2","FX":"2","R6":"2","X5":"2","P7":"2","X3":"2","38":"2","M8":"2","Q3":"2","R4":"2","R3":"2","GH":"2","GV":"2","F8":"2","JC":"2","77":"2","HH":"2","GW":"2","64":"2","GM":"2","WC":"2","W3":"2","V4":"2","G6":"2","G5":"2","35":"2","P3":"2","HM":"2","G7":"2","V7":"2","X8":"2","W6":"2","WF":"2","P6":"2","G4":"2","P5":"2","25":"2","75":"2","JF":"2","67":"2","R8":"2","V5":"2","R7":"2","H3":"2","RM":"2","W2":"2","Q6":"2","J2":"2","GP":"2","37":"2","F3":"2","HR":"2","HC":"2","V6":"2","X7":"2","X9":"2","X4":"2","F7":"2","W8":"2","98":"2","R5":"2","J3":"2","M9":"2","GQ":"2","GX":"2","W5":"2","C3":"2","V3":"2"},"H4":{"X8":"2","QC":"2","Q9":"2","RF":"2","R9":"2","VF":"2","VC":"2","QF":"2","RC":"2","W9":"2"},"JR":{"7Q":"2","7C":"2","PV":"2","95":"2","23":"2","36":"2","32":"2","99":"2","MH":"2","XW":"2","47":"2","MG":"2","93":"2","C4":"2","MJ":"2","HH":"2","CW":"2","C7":"2","5G":"2","MR":"2","49":"2","7M":"2","JG":"2","MV":"2","MF":"2","H8":"2","C5":"2","7F":"2","9C":"2","24":"2","PX":"2","6M":"2","F9":"2","C9":"2","XX":"2","CV":"2","35":"2","FR":"2","8W":"2","7P":"2","PW":"2","7X":"2","6J":"2","PJ":"2","6P":"2","G2":"2","G6":"2","MX":"2","FC":"2","7W":"2","HR":"2","F6":"2","5F":"2","26":"2","HM":"2","GR":"2","MQ":"2","2J":"2","G8":"2","GC":"2","QX":"2","CR":"2","FQ":"2","9X":"2","5H":"2","65":"2","HW":"2","H7":"2","JQ":"2","CG":"2","HG":"2","C8":"2","88":"2","HJ":"2","C2":"2","G5":"2","9W":"2","C6":"2","HP":"2","38":"2","F4":"2"},"R9":{"8C":"2","69":"2","49":"2"},"PW":{"M2":"2","JQ":"2","XQ":"2","R6":"2","9G":"2","HR":"2","HP":"2","V6":"2","R5":"2","PF":"2","MQ":"2","MP":"2","Q4":"2","Q9":"2","85":"2","P3":"2","9H":"2","RF":"2","CG":"2","96":"2","R7":"2","HV":"2","84":"2","XP":"2","RC":"2","M3":"2"},"G4":{"6X":"2"},"56":{"3Q":"2","3P":"2","5R":"2","4Q":"2","2P":"2"},"6J":{"5V":"2"},"F7":{"8X":"2"},"MX":{"Q2":"2"},"4J":{"M7":"2","FQ":"2","HP":"2","FJ":"2","HM":"2","HQ":"2","FM":"2","FP":"2","GJ":"2","GQ":"2","GM":"2","GP":"2"},"RF":{"57":"2","47":"2","58":"2"},"46":{"32":"2","XP":"2"},"MW":{"PC":"2"},"87":{"5V":"2","FW":"2","6C":"2","5R":"2","22":"2","8X":"2","2W":"2","7G":"2","GX":"2","MV":"2","9V":"2","6F":"2","8W":"2","2X":"2","7X":"2","HC":"2","7R":"2","5W":"2","CX":"2","MW":"2","PR":"2","FJ":"2","GW":"2","39":"2","QR":"2","F2":"2","3X":"2","2V":"2","3H":"2","78":"2","FX":"2","GC":"2","9R":"2","6V":"2","9X":"2","HW":"2","37":"2","4X":"2","74":"2","HP":"2","VQ":"2","9P":"2","FP":"2","RR":"2"},"Q4":{"GV":"2","GW":"2","7V":"2","6V":"2","MV":"2"},"QV":{"PW":"2","JX":"2"},"PR":{"VV":"2","RV":"2"},"5M":{"W3":"2","H5":"2","W4":"2"},"4G":{"PC":"2","MM":"2","GQ":"2","V5":"2"},"XJ":{"3F":"2","P8":"2"},"V9":{"8V":"2","9W":"2"},"7J":{"GX":"2"},"HR":{"QJ":"2","G7":"2","PQ":"2","VW":"2","73":"2","62":"2","QQ":"2","F5":"2","VX":"2","84":"2","J8":"2","52":"2","RR":"2","PH":"2","MG":"2","94":"2","H8":"2","WX":"2","H3":"2","MC":"2","43":"2","83":"2","65":"2","X3":"2","44":"2","F6":"2","G3":"2","42":"2","RJ":"2","RH":"2","C5":"2","GG":"2","WR":"2","RQ":"2","C4":"2","QH":"2","QF":"2","H7":"2","RG":"2","F3":"2","RP":"2","XM":"2","PG":"2","JC":"2","VV":"2"},"P9":{"6J":"2","47":"2"},"XC":{"G4":"2"},"57":{"Q7":"2","V9":"2","Q8":"2","R8":"2","R7":"2","V8":"2"},"F6":{"4J":"2","89":"2","7F":"2","87":"2"},"4H":{"74":"2","CG":"2","86":"2"},"5F":{"M7":"2","9J":"2","4V":"2","5R":"2","3W":"2","CX":"2","CJ":"2","5V":"2","9H":"2","CG":"2","P7":"2","CW":"2","7P":"2","8M":"2"},"76":{"GV":"2","MW":"2","HV":"2","JW":"2","CX":"2","JV":"2"},"HV":{"X4":"2","V4":"2","W3":"2","W4":"2"},"G8":{"H4":"2","G4":"2"},"97":{"5P":"2","4M":"2","5M":"2","6M":"2","3H":"2","6P":"2","J5":"2","3M":"2","6G":"2","99":"2"},"W5":{"FF":"2","GC":"2","F9":"2","C9":"2","CC":"2","G8":"2","FC":"2","G9":"2"},"VV":{"RF":"2","XX":"2"},"M4":{"HX":"2"},"78":{"X5":"2","X4":"2","X3":"2","X2":"2","W3":"2","W2":"2","W4":"2","R4":"2"},"GC":{"HM":"2","JQ":"2","HP":"2","9H":"2","CP":"2","GP":"2","GM":"2","CJ":"2","CM":"2"},"QX":{"72":"2","28":"2","RQ":"2","7R":"2","4F":"2","7J":"2","4R":"2","4C":"2","CV":"2"},"PG":{"54":"2"},"QQ":{"3Q":"2"},"GM":{"8M":"2"},"5H":{"P6":"2"},"J3":{"MX":"2"},"VH":{"CR":"2","MX":"2","PV":"2","JV":"2","CW":"2","CQ":"2"},"JW":{"R6":"2","F7":"2","F4":"2","M5":"2","G2":"2","F3":"2","F2":"2","F6":"2","CC":"2","J2":"2","9F":"2","G7":"2","H3":"2","G8":"2","C7":"2","96":"2","C6":"2","F5":"2","G6":"2","97":"2"},"GQ":{"XC":"2","XG":"2","XF":"2","X9":"2","W9":"2"},"67":{"4G":"2","6M":"2","VW":"2","2F":"2"},"JQ":{"8Q":"2","5H":"2","7M":"2","9V":"2","2C":"2","6H":"2","4F":"2","9W":"2","9Q":"2","69":"2","58":"2","48":"2","2P":"2"},"F5":{"FR":"2","HM":"2","FW":"2","CV":"2"},"VJ":{"M2":"2","H4":"2","P2":"2","J3":"2","J2":"2","H3":"2","J4":"2","H2":"2"},"QG":{"7M":"2","7P":"2","5P":"2","5M":"2","6M":"2","3J":"2","9M":"2"},"M8":{"QJ":"2","2F":"2","5G":"2"},"C8":{"8P":"2","F2":"2","C2":"2","9P":"2","83":"2","C5":"2","8M":"2","9M":"2","84":"2"},"Q9":{"Q3":"2","Q2":"2"},"6H":{"XV":"2","WR":"2","XR":"2","XW":"2"},"Q8":{"PW":"2","9W":"2"},"P8":{"HQ":"2"},"JX":{"57":"2","64":"2","54":"2","79":"2","V3":"2","F3":"2","69":"2"},"88":{"95":"2","23":"2","36":"2","34":"2","42":"2","62":"2","32":"2","22":"2","C4":"2","G3":"2","C5":"2","86":"2","24":"2","H3":"2","35":"2","85":"2","73":"2","H4":"2","G4":"2","84":"2","94":"2","G6":"2","55":"2","46":"2","25":"2","83":"2","33":"2","F6":"2","76":"2","63":"2","44":"2","C3":"2","75":"2","72":"2","J3":"2","96":"2","65":"2","64":"2","82":"2","C2":"2","54":"2","53":"2","C6":"2","45":"2","43":"2","92":"2"},"RQ":{"2W":"2","2V":"2","4X":"2"},"G5":{"85":"2","83":"2","74":"2","84":"2","75":"2","73":"2"},"6G":{"8C":"2","35":"2","67":"2","76":"2","9F":"2","78":"2","87":"2","77":"2"},"HP":{"PR":"2","PH":"2","QG":"2","HW":"2","PJ":"2","MR":"2","HX":"2","QW":"2","JV":"2","JX":"2","PM":"2","MQ":"2","PX":"2"},"C6":{"7R":"2","6R":"2","PP":"2","FP":"2","7Q":"2","QP":"2","GM":"2","MM":"2","6V":"2","8R":"2","RP":"2"},"F4":{"C9":"2","F9":"2","98":"2","CC":"2","FC":"2","RW":"2","FF":"2","99":"2"},"45":{"2W":"2","2X":"2","3X":"2"},"RR":{"XF":"2"}},"Q6":{"XJ":{"RG":"2","QG":"2","RF":"2","PF":"2","XC":"2","QF":"2","QH":"2"},"VX":{"7P":"2","6W":"2","6V":"2","6P":"2"},"VW":{"C4":"2","C5":"2"},"WQ":{"H3":"2"}},"CH":{"VV":{"34":"2"},"VF":{"65":"2"}},"35":{"M3":{"6W":"2","6X":"2"},"M2":{"H5":"2"},"H5":{"96":"2","95":"2"},"JC":{"JQ":"2","F7":"2","85":"2","G7":"2","G9":"2","MR":"2","75":"2","PX":"2","JR":"2"}},"73":{"7P":{"47":"2","34":"2"},"WJ":{"GM":"2","GJ":"2","GG":"2","W2":"2","Q6":"2","JC":"2"},"HG":{"QC":"2","8C":"2","QF":"2"},"RJ":{"F9":"2","FC":"2"},"XH":{"3J":"2","3M":"2"},"WH":{"WR":"2","QX":"2","VR":"2","QW":"2","WQ":"2","XQ":"2"}},"R4":{"X4":{"7M":"2","9V":"2","7Q":"2","8V":"2","7W":"2","9W":"2","6P":"2","2F":"2","7X":"2","3F":"2"},"M4":{"5P":"2"},"X3":{"2F":"2"},"G4":{"2C":"2","29":"2"},"C2":{"8P":"2"},"V3":{"XJ":"2"},"M3":{"G6":"2","H6":"2","F6":"2","J6":"2","H7":"2","J7":"2"},"F4":{"XC":"2","X9":"2"},"W3":{"7C":"2","PV":"2","95":"2","3G":"2","8H":"2","9F":"2","7G":"2","JF":"2","8M":"2","XF":"2","PC":"2","7H":"2","4C":"2","M3":"2","HH":"2","5G":"2","5C":"2","MR":"2","7M":"2","MV":"2","7F":"2","9C":"2","PX":"2","CM":"2","6F":"2","5J":"2","PH":"2","CH":"2","HQ":"2","FR":"2","GH":"2","85":"2","FG":"2","JR":"2","CC":"2","7P":"2","HC":"2","JH":"2","7R":"2","FC":"2","8C":"2","4J":"2","QJ":"2","WF":"2","PR":"2","4G":"2","8R":"2","7J":"2","QM":"2","FJ":"2","FH":"2","8F":"2","4F":"2","4H":"2","9Q":"2","5F":"2","76":"2","9G":"2","HM":"2","2J":"2","97":"2","VV":"2","98":"2","3H":"2","78":"2","8P":"2","CR":"2","RC":"2","GM":"2","5H":"2","9H":"2","96":"2","GQ":"2","M2":"2","J9":"2","JQ":"2","CG":"2","HG":"2","RV":"2","GG":"2","6H":"2","2M":"2","8J":"2","3C":"2","8G":"2","3F":"2","6G":"2","CF":"2","VW":"2","C6":"2","HP":"2","MC":"2","H9":"2"},"W2":{"PR":"2","9V":"2","J4":"2","JW":"2","CX":"2","FC":"2","CW":"2","CQ":"2","CV":"2"},"P2":{"8G":"2"},"W4":{"X5":"2","X4":"2","X8":"2","W5":"2","X3":"2","XC":"2","X6":"2","94":"2","W2":"2","X7":"2"}},"R3":{"GV":{"W9":"2","WC":"2"},"32":{"24":"2","23":"2","33":"2","32":"2","22":"2","36":"2","46":"2","39":"2"},"22":{"R2":"2","X4":"2","X8":"2","X3":"2","V3":"2","V2":"2","W2":"2"},"MX":{"V5":"2"},"XX":{"38":"2","47":"2","37":"2"},"28":{"24":"2","45":"2","25":"2"},"XW":{"9X":"2","VC":"2","9W":"2","CW":"2"},"PX":{"3M":"2","5F":"2","2C":"2","4F":"2","5C":"2","4C":"2","3C":"2"}},"FG":{"HP":{"6R":"2"},"HR":{"F6":"2"},"CM":{"P6":"2","Q9":"2","RC":"2","P8":"2"},"HQ":{"58":"2","53":"2"},"CG":{"P9":"2","P8":"2"}},"8W":{"3Q":{"3R":"2","2R":"2"}},"Q3":{"X8":{"85":"2","95":"2"},"W2":{"MG":"2"}},"G4":{"QV":{"J7":"2"},"JV":{"X5":"2","V6":"2","WF":"2","VR":"2","VQ":"2"}},"7X":{"PR":{"QR":"2","QV":"2","QW":"2"},"M5":{"4H":"2","4J":"2","3H":"2"},"4F":{"MP":"2","JJ":"2","MJ":"2"}},"84":{"C4":{"WM":"2"},"33":{"X2":"2"},"32":{"XX":"2"},"2H":{"JH":"2","9R":"2","HF":"2","6Q":"2","J8":"2","9Q":"2","HC":"2"},"2G":{"PV":"2","95":"2","23":"2","42":"2","28":"2","MH":"2","2R":"2","2W":"2","9F":"2","P7":"2","47":"2","MJ":"2","27":"2","MR":"2","GF":"2","C9":"2","77":"2","66":"2","29":"2","CC":"2","79":"2","56":"2","HC":"2","55":"2","46":"2","JC":"2","2C":"2","PR":"2","33":"2","QM":"2","J7":"2","P9":"2","M7":"2","2V":"2","2F":"2","72":"2","96":"2","65":"2","37":"2","HG":"2","QG":"2","GG":"2","C8":"2","Q9":"2","69":"2","J8":"2","C2":"2","54":"2","53":"2","MM":"2","CF":"2","38":"2","MC":"2","43":"2"},"2F":{"3X":"2","7X":"2","J5":"2","MQ":"2"},"42":{"VW":"2","WQ":"2","WW":"2","QQ":"2","WV":"2","VR":"2","QV":"2","XV":"2","7Q":"2","RR":"2","7R":"2","6R":"2","8R":"2","5Q":"2","VQ":"2","RV":"2","CQ":"2","XR":"2","5R":"2","WR":"2","9R":"2","HV":"2","6Q":"2","9Q":"2","XQ":"2","MR":"2","PR":"2","QR":"2","XW":"2","VV":"2"},"29":{"8X":"2"},"43":{"P2":"2","M2":"2"}},"6J":{"8P":{"WR":"2","XR":"2"},"9P":{"5V":"2","8W":"2"}},"7R":{"7V":{"X4":"2"},"F2":{"23":"2"},"JV":{"38":"2","47":"2","37":"2","48":"2","39":"2"},"FV":{"4P":"2","4M":"2","HM":"2","MP":"2","PP":"2","5C":"2","PM":"2","3P":"2","5M":"2","5P":"2","3Q":"2","3H":"2","MM":"2"},"GR":{"P6":"2","R6":"2","Q5":"2","Q6":"2"},"CV":{"MP":"2","MG":"2","JP":"2"}},"94":{"82":{"H7":"2"}},"W6":{"2P":{"4Q":"2"},"GV":{"PH":"2"},"52":{"RG":"2","RC":"2"},"G9":{"W5":"2"},"6C":{"R6":"2"},"6X":{"43":"2"},"28":{"3P":"2"},"8H":{"GW":"2"},"8X":{"JH":"2","GH":"2","5P":"2","QG":"2","MG":"2","VG":"2","HH":"2"},"GP":{"2X":"2","VV":"2"},"XW":{"J6":"2","J5":"2"},"68":{"V6":"2","V3":"2","R7":"2","X9":"2"},"JF":{"93":"2","94":"2"},"2Q":{"7J":"2"},"8M":{"7P":"2","CH":"2","7Q":"2","5V":"2","6Q":"2","6P":"2","FH":"2"},"F8":{"X4":"2","X3":"2","V3":"2","W3":"2","V2":"2","W2":"2"},"7H":{"4W":"2","4V":"2"},"27":{"4P":"2","9G":"2","2Q":"2","28":"2","6G":"2","3G":"2","Q9":"2","39":"2","29":"2","3F":"2","2C":"2","5H":"2","2G":"2","5G":"2","3J":"2","38":"2","GF":"2","2F":"2","27":"2","7M":"2","5P":"2","3Q":"2","7P":"2","6P":"2","4Q":"2","2M":"2","M9":"2","6H":"2","P9":"2"},"C7":{"JQ":"2","2Q":"2","2V":"2","MR":"2","GQ":"2","2R":"2","JR":"2"},"MR":{"GX":"2"},"GF":{"MW":"2"},"9V":{"C9":"2","97":"2","FQ":"2","98":"2","C5":"2","95":"2","78":"2"},"HF":{"C9":"2","F9":"2","C2":"2","CF":"2","CJ":"2","C5":"2","CG":"2"},"HQ":{"QC":"2","PC":"2","QF":"2","59":"2","JC":"2","HC":"2"},"CH":{"3X":"2"},"77":{"F7":"2","8R":"2","6C":"2","6R":"2","39":"2","F6":"2","57":"2","C7":"2","C6":"2","74":"2","26":"2","56":"2","73":"2","36":"2","37":"2","49":"2"},"35":{"6M":"2"},"GH":{"9G":"2","HC":"2","3W":"2","6Q":"2","89":"2","MC":"2","3V":"2","CF":"2","9F":"2","9H":"2","4R":"2","3X":"2","CG":"2","P7":"2","P6":"2","6P":"2"},"66":{"7Q":"2","PV":"2","GV":"2","6C":"2","RX":"2","JM":"2","5C":"2","GX":"2","MR":"2","MV":"2","9V":"2","6F":"2","PX":"2","CM":"2","4W":"2","RW":"2","HQ":"2","FR":"2","JR":"2","PW":"2","6J":"2","7R":"2","JP":"2","9M":"2","MW":"2","QV":"2","PR":"2","8Q":"2","HX":"2","8R":"2","HR":"2","WV":"2","9Q":"2","7V":"2","HM":"2","HV":"2","GR":"2","QR":"2","6W":"2","8P":"2","9R":"2","CR":"2","6V":"2","GQ":"2","HW":"2","JQ":"2","6H":"2","6G":"2","HP":"2","9P":"2"},"JV":{"JQ":"2","6V":"2","6F":"2"},"JR":{"6W":"2","2F":"2"},"7X":{"XP":"2"},"HC":{"FQ":"2","CQ":"2","W4":"2","CR":"2","9R":"2","CX":"2","V4":"2","HH":"2","FR":"2","HF":"2","FW":"2","CV":"2","FV":"2","HG":"2"},"56":{"WG":"2","V8":"2"},"XV":{"VM":"2"},"6J":{"J2":"2","V2":"2","W2":"2"},"55":{"XV":"2","QC":"2","P6":"2","VX":"2","M8":"2","RH":"2","P9":"2","WQ":"2","J7":"2","P8":"2","M7":"2"},"9M":{"8P":"2","9P":"2"},"GJ":{"6C":"2","38":"2","73":"2","3H":"2","39":"2","2G":"2","64":"2","3F":"2","2F":"2","63":"2","2H":"2","5V":"2","35":"2","3C":"2","2C":"2","32":"2","37":"2","2M":"2","43":"2","4X":"2","2R":"2","2J":"2","4G":"2","6P":"2","3R":"2","4F":"2","36":"2","3V":"2","5P":"2","47":"2","4H":"2","33":"2","5F":"2","3G":"2","6F":"2","48":"2","6M":"2","34":"2","7C":"2","2V":"2","7F":"2"},"46":{"G6":"2","H6":"2","G5":"2","89":"2","3H":"2","7F":"2","H5":"2"},"87":{"R5":"2","24":"2","V6":"2","R6":"2","Q5":"2","V5":"2"},"CJ":{"F4":"2","XF":"2","J8":"2","XC":"2","F3":"2","J9":"2","C7":"2","WF":"2","VC":"2","WC":"2","M9":"2"},"XQ":{"4P":"2","MV":"2","2M":"2","3M":"2"},"FJ":{"MQ":"2","F4":"2","HW":"2","CP":"2","XQ":"2","VR":"2","PX":"2","3F":"2","5F":"2","HQ":"2","WM":"2","JM":"2","RG":"2","39":"2","XF":"2","PV":"2","JX":"2","9G":"2","JP":"2","9H":"2","VJ":"2","PH":"2","XR":"2","FJ":"2","WG":"2","RQ":"2","GR":"2","JV":"2","9V":"2","5C":"2","XJ":"2","PP":"2","VM":"2","JH":"2","QH":"2","4C":"2","QP":"2","GJ":"2","XG":"2","RR":"2","FX":"2","FV":"2","3C":"2","FW":"2","CX":"2","RH":"2","9W":"2","RP":"2","GH":"2","GV":"2","FQ":"2","HV":"2","WH":"2","HP":"2","HX":"2","VG":"2","MV":"2","HH":"2","CW":"2","GW":"2","F2":"2","CM":"2","64":"2","GM":"2","MW":"2","MX":"2","W3":"2","JW":"2","JR":"2","XH":"2","MJ":"2","PJ":"2","CG":"2","PW":"2","C9":"2","WF":"2","RJ":"2","QX":"2","WP":"2","WR":"2","2F":"2","4V":"2","84":"2","RM":"2","W2":"2","4F":"2","5Q":"2","MP":"2","PQ":"2","WJ":"2","F3":"2","HR":"2","FG":"2","CH":"2","VQ":"2","FM":"2","8V":"2","PM":"2","QQ":"2","MR":"2","GQ":"2","49":"2","GX":"2","JQ":"2"},"FH":{"P5":"2","QG":"2","VJ":"2","VH":"2","MX":"2","WV":"2","QW":"2","FX":"2","9Q":"2","QH":"2","7M":"2","8M":"2","VW":"2"},"57":{"P5":"2","M5":"2","P6":"2","M4":"2","Q7":"2","P7":"2","Q5":"2","Q6":"2"},"PQ":{"RG":"2","RJ":"2","VJ":"2","WJ":"2","VH":"2","9M":"2","WH":"2","XM":"2","WM":"2","VG":"2","6P":"2","XJ":"2","RH":"2"},"MQ":{"22":"2"},"G8":{"24":"2","J7":"2","34":"2"},"97":{"XV":"2","XR":"2","MG":"2","XW":"2"},"2V":{"R6":"2"},"6W":{"H7":"2"},"78":{"RG":"2"},"9R":{"PQ":"2","VH":"2"},"CR":{"4H":"2","F7":"2","C7":"2","H5":"2"},"QQ":{"PP":"2","MP":"2","7J":"2","PQ":"2","MQ":"2","58":"2","48":"2"},"FQ":{"X2":"2"},"9X":{"G4":"2","F3":"2"},"9H":{"WW":"2","WX":"2","XX":"2"},"JW":{"PV":"2","QV":"2"},"65":{"2W":"2","2X":"2"},"GQ":{"P3":"2","PQ":"2","QQ":"2","5C":"2","22":"2","X6":"2","45":"2","J3":"2","43":"2","53":"2","R3":"2","Q3":"2","44":"2","55":"2","P2":"2","33":"2","R4":"2","PR":"2","58":"2","48":"2","Q4":"2","QR":"2"},"67":{"P5":"2","R6":"2","W5":"2","Q2":"2","V5":"2","W4":"2","W6":"2","V6":"2","V7":"2","G3":"2","XC":"2","V2":"2","P2":"2","V4":"2","C3":"2","V9":"2","W3":"2","X6":"2","V3":"2","G4":"2","M4":"2","Q5":"2","W9":"2"},"37":{"86":"2"},"HG":{"4M":"2","4G":"2","95":"2","4J":"2","5F":"2","5H":"2","5G":"2","96":"2","2F":"2","C6":"2","F5":"2","2M":"2"},"GG":{"WG":"2","XF":"2","H5":"2"},"C8":{"C4":"2"},"FM":{"9X":"2","P3":"2","G7":"2","HG":"2","J5":"2","M3":"2","FM":"2","GH":"2","H5":"2","M5":"2","G6":"2","W4":"2","6G":"2","X5":"2","C2":"2","GW":"2","J8":"2","5H":"2","Q2":"2","CM":"2","V4":"2","FW":"2","W6":"2","5G":"2","X6":"2","H8":"2","J9":"2","G2":"2","95":"2","FV":"2","J3":"2","H3":"2","Q5":"2","GP":"2","R3":"2","HF":"2","FP":"2","4G":"2","H4":"2","F4":"2","G3":"2","J2":"2","J4":"2","GG":"2","P2":"2","F2":"2","H2":"2","M6":"2","W5":"2","F3":"2","CW":"2","6H":"2","5J":"2","M4":"2","M2":"2","FJ":"2","JC":"2"},"6H":{"HX":"2"},"88":{"23":"2"},"RQ":{"4Q":"2"},"54":{"PP":"2"},"53":{"QP":"2","QQ":"2"},"VQ":{"5P":"2","7Q":"2","CQ":"2"},"45":{"M8":"2","M9":"2"},"H9":{"PJ":"2","72":"2","62":"2","GC":"2","52":"2","73":"2","QP":"2"},"FP":{"VW":"2","WW":"2","QQ":"2","WV":"2","C2":"2","C6":"2","RR":"2","94":"2","93":"2","95":"2","WX":"2","HF":"2","XX":"2","F6":"2","MJ":"2","C5":"2","C4":"2","92":"2","F7":"2","JH":"2","VV":"2"}},"G6":{"XV":{"G2":"2"},"RJ":{"2P":"2"},"P8":{"R6":"2"},"F9":{"4J":"2","5J":"2"},"XR":{"GX":"2"},"92":{"JX":"2","GW":"2","JV":"2","MX":"2","HW":"2","MW":"2","GX":"2","HX":"2","GV":"2","HV":"2","JW":"2"},"CC":{"XM":"2","XP":"2"},"W3":{"9X":"2"},"Q8":{"GX":"2"},"93":{"J2":"2","M2":"2","H2":"2"},"P7":{"PM":"2"},"FC":{"9V":"2","3P":"2","9W":"2","2M":"2","CW":"2","CV":"2","2P":"2"},"WQ":{"VQ":"2"},"HG":{"XC":"2"}},"G2":{"QG":{"CR":"2","9X":"2"}},"5W":{"RC":{"92":"2"}},"R7":{"W8":{"PQ":"2"},"34":{"GV":"2","8C":"2","PC":"2","MC":"2","9V":"2","GW":"2","PP":"2","HW":"2","PJ":"2","3R":"2","HV":"2","HR":"2","H9":"2","P9":"2","HQ":"2","GG":"2","42":"2","52":"2","87":"2","4V":"2","43":"2"},"62":{"8Q":"2","PC":"2","MC":"2","MF":"2","8R":"2"},"32":{"VP":"2","RP":"2"},"X9":{"HX":"2","GX":"2"},"W3":{"XW":"2"},"47":{"3Q":"2","3C":"2","3P":"2","2C":"2","3H":"2","2F":"2","3F":"2","29":"2"},"WX":{"QQ":"2"},"XF":{"7G":"2","GH":"2","8G":"2","PJ":"2","XX":"2","VJ":"2"},"27":{"2R":"2","QV":"2"},"H8":{"XV":"2","WW":"2"},"V8":{"3X":"2"},"24":{"QR":"2","QQ":"2"},"VC":{"9R":"2","64":"2","CX":"2","WC":"2"},"HF":{"8V":"2","2G":"2","48":"2","9P":"2","2F":"2","9Q":"2","49":"2"},"Q6":{"R3":"2","M6":"2","C9":"2","W2":"2","V4":"2","CC":"2","W3":"2","P7":"2","P6":"2","V3":"2","8G":"2","Q7":"2","G9":"2"},"35":{"X2":"2","W4":"2","G2":"2","V2":"2","W2":"2","V4":"2","R2":"2","X5":"2","J2":"2","W3":"2","H2":"2","X3":"2","V3":"2"},"66":{"6Q":"2","6P":"2"},"73":{"HF":"2","2X":"2"},"FG":{"PW":"2","PV":"2","QV":"2","QW":"2"},"VF":{"H4":"2","J4":"2","J3":"2","H3":"2"},"HC":{"W7":"2"},"56":{"57":"2","75":"2"},"84":{"6V":"2","3M":"2"},"55":{"86":"2","66":"2","72":"2","76":"2","62":"2","G2":"2","42":"2","G3":"2","GG":"2","38":"2","G5":"2","65":"2","56":"2","2R":"2","52":"2","46":"2","32":"2","36":"2","37":"2"},"G7":{"VV":"2"},"46":{"9C":"2","44":"2","C2":"2","J3":"2","42":"2","8M":"2","6G":"2","53":"2","43":"2"},"WF":{"GG":"2","J9":"2","JC":"2"},"87":{"63":"2","X8":"2","53":"2"},"Q4":{"2X":"2"},"CJ":{"67":"2","76":"2","74":"2","75":"2","73":"2"},"XP":{"QM":"2","8F":"2","3X":"2","6F":"2"},"J7":{"94":"2","C5":"2","95":"2"},"P9":{"X2":"2","M7":"2","R3":"2","X8":"2","W5":"2","Q2":"2","W4":"2","W6":"2","V6":"2","V7":"2","X4":"2","Q4":"2","F3":"2","V4":"2","P4":"2","C3":"2","P3":"2","V9":"2","PG":"2","W3":"2","Q8":"2","X3":"2","V3":"2","J7":"2","PH":"2","Q7":"2","R4":"2","Q5":"2","WC":"2","W9":"2","M3":"2","Q3":"2"},"M7":{"PW":"2","MW":"2","MV":"2"},"W4":{"W6":"2"},"9G":{"7M":"2","7P":"2"},"Q7":{"33":"2"},"63":{"C7":"2","GF":"2","97":"2","F5":"2","C6":"2","59":"2","94":"2","96":"2","95":"2","78":"2","XX":"2","CH":"2","87":"2","C5":"2","RQ":"2","C4":"2","99":"2","C9":"2","88":"2","M6":"2","G5":"2","69":"2"},"44":{"HR":"2","FR":"2","HQ":"2","M5":"2","VP":"2","GJ":"2","QX":"2","MG":"2","FV":"2","8Q":"2","GP":"2","HH":"2","5Q":"2","CH":"2","RH":"2","HP":"2","6X":"2","6Q":"2","6V":"2","GV":"2","MQ":"2","M4":"2","MH":"2","RP":"2","FJ":"2","GQ":"2","JM":"2","GM":"2","PG":"2","7X":"2"},"97":{"F8":"2","G9":"2","F9":"2","WJ":"2","G8":"2","GC":"2"},"F2":{"W8":"2","W9":"2"},"W5":{"W5":"2","F4":"2","F3":"2","R4":"2"},"C3":{"7V":"2"},"V5":{"39":"2"},"72":{"5C":"2","59":"2"},"Q5":{"33":"2","JF":"2","34":"2"},"R5":{"7R":"2","7Q":"2","8R":"2"},"WQ":{"M5":"2","J4":"2","J5":"2"},"RC":{"R6":"2","V6":"2","V7":"2","P8":"2","R5":"2","R8":"2","V8":"2","M8":"2","W7":"2","Q8":"2","R7":"2","P7":"2","P6":"2","M4":"2","Q5":"2"},"X4":{"35":"2"},"65":{"XX":"2","FV":"2","CV":"2"},"67":{"R2":"2","V2":"2"},"37":{"XC":"2","XF":"2","6P":"2"},"64":{"GF":"2","X2":"2","GC":"2"},"M8":{"M3":"2"},"Q9":{"M7":"2","M6":"2","35":"2","9G":"2","28":"2","CH":"2","3G":"2","54":"2","67":"2","3F":"2","7G":"2","57":"2","9H":"2","55":"2","24":"2","23":"2","4F":"2","XM":"2","6F":"2","53":"2","CG":"2","43":"2","74":"2","27":"2","26":"2","34":"2","52":"2","46":"2","44":"2","8G":"2","73":"2","64":"2","25":"2"},"82":{"WR":"2","WQ":"2"},"X3":{"5R":"2","WJ":"2","XM":"2","XH":"2","XP":"2","7P":"2","6P":"2","8M":"2","2W":"2"},"74":{"22":"2"},"Q8":{"99":"2","X7":"2","95":"2","5W":"2","85":"2","94":"2","75":"2","7R":"2","6W":"2","74":"2","84":"2","8G":"2","RC":"2","73":"2"},"P8":{"WX":"2","XP":"2","XX":"2","WQ":"2","RV":"2","XQ":"2"},"J8":{"RR":"2","QX":"2","QR":"2","2V":"2","QV":"2","QW":"2","JX":"2","RW":"2","RV":"2"},"54":{"PR":"2","W2":"2","GX":"2","CW":"2","6X":"2","JR":"2"},"53":{"XV":"2","WR":"2","WV":"2","WW":"2","WX":"2","VV":"2","VR":"2","VW":"2"},"45":{"87":"2","79":"2","3R":"2","QC":"2","FC":"2","GC":"2","6G":"2","M5":"2","5F":"2","97":"2","CJ":"2","VC":"2","V2":"2","9G":"2","9H":"2","7J":"2","5J":"2","7P":"2","6J":"2","W7":"2","WG":"2","7M":"2","88":"2","42":"2","36":"2","4P":"2","Q9":"2","5C":"2","8J":"2","GF":"2","Q4":"2","4C":"2","47":"2","H5":"2","V9":"2","3V":"2","48":"2","78":"2","8Q":"2","5H":"2","CC":"2","CQ":"2","FV":"2","F9":"2","RH":"2","8C":"2","Q3":"2","MH":"2","R3":"2","8M":"2","5G":"2","GV":"2","68":"2","77":"2","G9":"2","HH":"2","GW":"2","CM":"2","4H":"2","GG":"2","7C":"2","4G":"2","FR":"2","35":"2","96":"2","99":"2","V7":"2","94":"2","6C":"2","9J":"2","7F":"2","P6":"2","55":"2","7H":"2","95":"2","25":"2","8P":"2","JF":"2","X6":"2","9F":"2","6F":"2","J9":"2","8F":"2","67":"2","G3":"2","69":"2","R7":"2","4V":"2","JJ":"2","JG":"2","4F":"2","58":"2","Q6":"2","9C":"2","M6":"2","9P":"2","J6":"2","5M":"2","FG":"2","HC":"2","57":"2","M7":"2","CH":"2","9M":"2","H4":"2","8H":"2","92":"2","2V":"2","W8":"2","8G":"2","98":"2","F6":"2","RC":"2","R5":"2","86":"2","J3":"2","CR":"2","GQ":"2","49":"2","GX":"2","7G":"2","JQ":"2","Q7":"2","6H":"2"},"H9":{"XX":"2"}},"8C":{"9G":{"V5":"2"},"76":{"6Q":"2"},"95":{"2V":"2"},"9R":{"34":"2"},"CM":{"H3":"2"},"MX":{"X5":"2","X4":"2","X3":"2","X2":"2","W3":"2"},"85":{"4J":"2","3H":"2","2G":"2","2H":"2","3M":"2","JW":"2","2M":"2","4Q":"2","2J":"2","CV":"2","5Q":"2","5M":"2","3J":"2","5P":"2","4H":"2","JX":"2","3Q":"2","3P":"2","HX":"2","6J":"2","HW":"2"},"75":{"XF":"2","V7":"2","R8":"2","V8":"2","V9":"2","RF":"2","WF":"2","VF":"2","VC":"2","RC":"2","XG":"2","WG":"2","WC":"2"},"C3":{"9P":"2"},"FM":{"VQ":"2"},"MW":{"RW":"2"},"96":{"4R":"2","GC":"2"},"87":{"3P":"2"},"PX":{"24":"2","23":"2","22":"2","27":"2","25":"2","26":"2"},"73":{"VQ":"2"}},"JC":{"45":{"GV":"2"}},"7W":{"9C":{"W2":"2"},"WV":{"MV":"2"},"WW":{"HR":"2","4W":"2","HQ":"2","FM":"2","JR":"2","PP":"2","JQ":"2","CM":"2","VP":"2","5V":"2","8Q":"2","2P":"2","6R":"2","2M":"2","2Q":"2","4Q":"2","2R":"2","4X":"2","2J":"2","4V":"2","5Q":"2","3R":"2","6W":"2","5R":"2","3W":"2","3V":"2","8P":"2","5W":"2","6Q":"2","9Q":"2","6V":"2","3Q":"2","3P":"2","3X":"2","CP":"2","2X":"2","4R":"2"},"VX":{"X2":"2"},"VW":{"XX":"2","XQ":"2","VJ":"2","WJ":"2","VH":"2","WH":"2","XM":"2","WM":"2","RR":"2","VX":"2","WX":"2","XP":"2","RH":"2"},"69":{"HF":"2"},"99":{"WW":"2","WX":"2","XM":"2","XX":"2","XW":"2","WM":"2"}},"8Q":{"JF":{"QX":"2","RX":"2","QV":"2","QW":"2"},"JG":{"R2":"2","R3":"2","X6":"2","V2":"2","X7":"2"}},"33":{"6R":{"HM":"2","8P":"2","JQ":"2","H9":"2","XX":"2"},"9V":{"68":"2"},"4M":{"W6":"2"},"C7":{"JF":"2"},"9G":{"PG":"2","PF":"2","MG":"2"},"4J":{"GJ":"2"},"5M":{"62":"2","8H":"2","5F":"2","39":"2","24":"2","38":"2","23":"2","33":"2","48":"2","43":"2","34":"2","25":"2","37":"2"},"C3":{"5W":"2"},"5J":{"6Q":"2","6V":"2","4V":"2"}},"8R":{"3C":{"5C":"2","5F":"2","4C":"2","59":"2","69":"2","58":"2"}},"J7":{"PC":{"H4":"2","J4":"2"},"Q9":{"99":"2"},"P9":{"G6":"2","66":"2","76":"2"},"QF":{"M2":"2"}},"FH":{"56":{"68":"2"},"6Q":{"QJ":"2"},"47":{"9M":"2","6C":"2","C7":"2","M3":"2","97":"2","7M":"2","F5":"2","7J":"2","8H":"2","7Q":"2","FW":"2","C6":"2","7R":"2","8J":"2","9J":"2","J3":"2","H3":"2","6R":"2","79":"2","F4":"2","J2":"2","9G":"2","6W":"2","6X":"2","98":"2","P2":"2","8P":"2","H2":"2","6F":"2","88":"2","7C":"2","9F":"2","7X":"2"},"46":{"GW":"2","PW":"2","MW":"2","QW":"2","GX":"2","FV":"2","PX":"2","FW":"2"},"48":{"72":"2","56":"2","62":"2","69":"2"}},"M7":{"MG":{"RM":"2"},"JF":{"5R":"2","78":"2","77":"2"},"M9":{"QX":"2"},"FG":{"43":"2"}},"W4":{"3G":{"8C":"2","9H":"2","79":"2","89":"2","7C":"2"},"9X":{"MM":"2"},"4M":{"CF":"2","98":"2"},"4W":{"XG":"2","XF":"2"},"4Q":{"55":"2","54":"2","44":"2","45":"2","53":"2"},"6X":{"QX":"2","RX":"2","PX":"2"},"8X":{"3X":"2"}},"7V":{"V3":{"4R":"2","5Q":"2","5R":"2","3V":"2","4Q":"2"},"6G":{"74":"2"}},"26":{"VV":{"XR":"2","VX":"2","VP":"2","VQ":"2"},"XR":{"VV":"2"},"MQ":{"CQ":"2"},"5F":{"GF":"2","HF":"2","HG":"2"},"Q9":{"WF":"2","X9":"2","W9":"2","WC":"2"},"WV":{"6W":"2"},"5H":{"2G":"2"},"9W":{"48":"2"},"8F":{"JQ":"2"},"HF":{"Q8":"2"},"R9":{"6R":"2","4H":"2","28":"2"},"GF":{"MP":"2","RH":"2","WH":"2"},"WX":{"HR":"2"},"47":{"QC":"2","X8":"2","PJ":"2","R6":"2","Q9":"2","MJ":"2","R9":"2","X9":"2"},"CW":{"J4":"2","P4":"2"},"46":{"59":"2"},"CV":{"HX":"2"},"P9":{"93":"2","C3":"2"}},"9G":{"RC":{"4H":"2"}},"Q7":{"X4":{"M6":"2"},"V3":{"46":"2"},"WJ":{"7V":"2","7W":"2","6V":"2"},"R6":{"93":"2","C4":"2","C6":"2","Q8":"2","R8":"2","96":"2","C3":"2","F4":"2","C5":"2","F3":"2","95":"2"},"M8":{"66":"2","65":"2"},"Q6":{"P3":"2"},"X7":{"CP":"2","9P":"2","CQ":"2","JR":"2"},"WM":{"C2":"2"}},"X7":{"8X":{"MH":"2","PH":"2","PG":"2","PF":"2","MF":"2","MG":"2","P9":"2"},"HQ":{"3C":"2"},"RF":{"64":"2","73":"2"},"GH":{"P6":"2","P7":"2"},"3H":{"2Q":"2","28":"2","38":"2","48":"2","2F":"2","5C":"2","4C":"2","47":"2","49":"2","59":"2"},"GR":{"VC":"2","V9":"2","RC":"2"},"VX":{"MM":"2","JM":"2","FC":"2","99":"2"},"2G":{"F8":"2","C8":"2","89":"2"},"W7":{"6C":"2"},"8H":{"C3":"2"},"26":{"45":"2","43":"2"},"25":{"9H":"2","3H":"2","9W":"2","3W":"2","CW":"2"},"9W":{"7V":"2"},"2H":{"XC":"2","X9":"2"},"W6":{"WX":"2"},"MG":{"5H":"2","5G":"2"},"X6":{"M6":"2","8M":"2"},"W3":{"FF":"2","X7":"2","GC":"2","6G":"2","CH":"2","3G":"2","FH":"2","CF":"2","GH":"2","5G":"2","9F":"2","GF":"2"},"X3":{"67":"2","27":"2"},"JJ":{"6P":"2"},"4G":{"8X":"2","CM":"2","9X":"2","FM":"2","9W":"2","CP":"2","9Q":"2","FP":"2","8W":"2"},"MJ":{"42":"2"},"FH":{"7G":"2"},"HP":{"CH":"2","HP":"2","FM":"2","GM":"2","CJ":"2","GJ":"2","CM":"2","FJ":"2"},"GG":{"QC":"2","MC":"2","PF":"2","QF":"2"},"QG":{"J2":"2","M2":"2"},"QF":{"MW":"2","FM":"2","G9":"2","7M":"2","PP":"2","QV":"2","CM":"2","HJ":"2","3M":"2","RR":"2","JP":"2","RW":"2","VH":"2","PX":"2","Q5":"2","6P":"2","7P":"2","5M":"2","RV":"2","MX":"2","RQ":"2","MP":"2","QP":"2","JX":"2","PR":"2","4M":"2","QW":"2","6J":"2","6M":"2","QR":"2","5J":"2","RP":"2","GC":"2","GM":"2","WG":"2","VV":"2"},"9H":{"H6":"2"},"JH":{"M8":"2"},"PG":{"MW":"2"}},"39":{"J5":{"2Q":"2","2V":"2","2R":"2"},"H7":{"RX":"2","VX":"2"},"H2":{"9V":"2"}},"F2":{"55":{"RF":"2","VC":"2","VF":"2"},"64":{"FF":"2","CX":"2","FH":"2","FG":"2","CF":"2","9X":"2","FM":"2","CG":"2","FP":"2","GM":"2"},"46":{"M6":"2","R5":"2","P6":"2","F8":"2","79":"2","Q5":"2","Q6":"2","H7":"2","J7":"2"}},"W5":{"58":{"4W":"2"},"5V":{"33":"2","J6":"2","J5":"2","J7":"2"},"62":{"G3":"2","P2":"2","M2":"2","H3":"2"},"G9":{"W6":"2","J7":"2"},"5R":{"6H":"2","2V":"2","2X":"2","3V":"2","42":"2","4V":"2"},"28":{"M7":"2"},"48":{"XQ":"2"},"M9":{"WV":"2"},"2R":{"CF":"2","P4":"2","3J":"2","FF":"2"},"7G":{"X3":"2","W5":"2","V6":"2","R6":"2"},"2Q":{"XW":"2","QV":"2","VQ":"2","VR":"2","QR":"2","RV":"2","QQ":"2","WW":"2","PV":"2","7J":"2","RR":"2","PQ":"2","PR":"2"},"6R":{"8P":"2","WV":"2","WW":"2"},"3R":{"XV":"2","XW":"2"},"MJ":{"34":"2","43":"2"},"5X":{"54":"2","66":"2"},"5G":{"59":"2"},"G3":{"7V":"2","8V":"2","8W":"2"},"4R":{"XW":"2","XX":"2","XV":"2","XQ":"2","VR":"2","QG":"2","V6":"2","VV":"2","RV":"2","WV":"2","WW":"2","VP":"2","XM":"2","XP":"2","VW":"2","WR":"2"},"3P":{"GQ":"2","7X":"2"},"H8":{"4P":"2","4M":"2","MR":"2","JQ":"2","3M":"2","FQ":"2","QR":"2","8R":"2","CQ":"2","MX":"2","HQ":"2","MQ":"2","3V":"2","QQ":"2","8Q":"2","FR":"2","9W":"2","PV":"2","GX":"2","MV":"2","9Q":"2","PW":"2","PQ":"2","5P":"2","PR":"2","PX":"2","2M":"2"},"4W":{"72":"2","82":"2"},"HQ":{"27":"2","29":"2"},"FR":{"R3":"2","H4":"2","F4":"2","M5":"2","Q4":"2","83":"2","P4":"2","94":"2","J3":"2","J2":"2","P3":"2","H3":"2","J4":"2","J5":"2","G4":"2","M4":"2","M3":"2","Q3":"2"},"7R":{"PV":"2"},"JP":{"4G":"2","96":"2","4F":"2","4C":"2"},"FC":{"JX":"2"},"G7":{"66":"2","72":"2","67":"2","6M":"2","7R":"2","65":"2","5J":"2","7M":"2","7P":"2","6P":"2"},"JC":{"Q7":"2","P7":"2","HF":"2","VC":"2","Q8":"2","J5":"2","P8":"2"},"FF":{"J2":"2"},"4V":{"X2":"2","6V":"2","7X":"2"},"8V":{"C2":"2"},"8R":{"PV":"2","QW":"2","VJ":"2"},"4Q":{"66":"2"},"G8":{"VW":"2"},"JJ":{"GG":"2"},"2F":{"3P":"2","3G":"2","PP":"2","4P":"2","PM":"2","4Q":"2","3M":"2"},"9R":{"7Q":"2","2Q":"2"},"CR":{"8C":"2"},"FQ":{"HP":"2","WW":"2","PW":"2","RX":"2","VX":"2","VW":"2","RW":"2"},"5Q":{"CM":"2"},"3Q":{"2V":"2"},"GQ":{"WF":"2","VF":"2"},"J9":{"PJ":"2","PM":"2"},"F5":{"3J":"2"},"GG":{"9V":"2"},"74":{"27":"2","28":"2"},"HJ":{"4R":"2","5V":"2","6V":"2","4V":"2"},"J8":{"2W":"2","2X":"2","3X":"2"},"C2":{"VC":"2"},"8G":{"25":"2"},"3F":{"WR":"2"},"CF":{"9G":"2","CF":"2","MM":"2","PM":"2","CG":"2","9F":"2"},"MC":{"5C":"2","6C":"2"},"H9":{"M2":"2","G2":"2","J3":"2","H5":"2","H3":"2","C7":"2","G5":"2","F5":"2"},"FP":{"VX":"2"}},"C3":{"WG":{"H4":"2"},"R7":{"QG":"2"},"Q6":{"VH":"2"}},"75":{"82":{"8C":"2","6C":"2","7F":"2","7C":"2"}},"V5":{"M7":{"38":"2"},"XV":{"G8":"2"},"VQ":{"X8":"2","XC":"2","X9":"2","VM":"2","W9":"2","VJ":"2","WC":"2"},"XQ":{"HH":"2"},"VR":{"MC":"2","98":"2","M9":"2","HG":"2"},"XF":{"H8":"2"},"V5":{"4M":"2","23":"2","4P":"2"},"VH":{"2H":"2","2G":"2"},"J8":{"8Q":"2","7Q":"2","P2":"2"},"MX":{"98":"2"},"P2":{"GC":"2"},"Q4":{"5X":"2"},"P3":{"H6":"2","J6":"2","H5":"2"},"H5":{"H9":"2"},"RF":{"R5":"2","HW":"2","R8":"2","R7":"2","VF":"2","HX":"2"},"R9":{"97":"2","96":"2","98":"2","86":"2","87":"2"},"WP":{"9R":"2","76":"2","7X":"2","9Q":"2","FH":"2","58":"2"},"RR":{"WP":"2","VP":"2","QV":"2","XQ":"2"},"VG":{"64":"2"},"XH":{"2M":"2"},"VF":{"XR":"2"},"VC":{"2X":"2"},"J7":{"W8":"2","X8":"2","XG":"2","X9":"2"},"WQ":{"GF":"2","PF":"2","HF":"2","CF":"2","CC":"2","GC":"2","28":"2","FC":"2","FF":"2","FG":"2","HC":"2"},"RC":{"FQ":"2","HP":"2","CQ":"2","HM":"2","FJ":"2","PF":"2","JR":"2","VH":"2","CX":"2","HQ":"2","CJ":"2","67":"2","9M":"2","FR":"2","PG":"2","GX":"2","GR":"2","CP":"2","GV":"2","HV":"2","FP":"2","FV":"2","GQ":"2","GP":"2","RH":"2"},"RH":{"XG":"2","XH":"2"},"WR":{"2R":"2"},"RM":{"FC":"2"}},"6W":{"F4":{"8Q":"2","7P":"2","6R":"2","7Q":"2","6Q":"2","6P":"2","4Q":"2"}},"89":{"P4":{"J3":"2"}},"72":{"R3":{"FF":"2"},"Q6":{"7H":"2"},"F9":{"35":"2","88":"2"},"C9":{"V3":"2","V2":"2"},"V2":{"4J":"2","FM":"2","HQ":"2","GH":"2","7J":"2","3M":"2","8J":"2","JJ":"2","MJ":"2","CH":"2","QC":"2","5M":"2","RC":"2","CJ":"2","CG":"2","9H":"2","6M":"2","5J":"2","JM":"2","GM":"2","MM":"2"},"X5":{"JJ":"2"},"H8":{"CM":"2"},"G8":{"RR":"2","RV":"2"},"W7":{"7W":"2"},"F8":{"6C":"2","5R":"2","4V":"2","8H":"2","7F":"2","6G":"2","3F":"2","7G":"2","4H":"2","5H":"2","5G":"2","4F":"2","7J":"2","6F":"2","5C":"2","7H":"2","6J":"2","4C":"2","3C":"2","5M":"2","5P":"2","3H":"2","6H":"2","5Q":"2"},"J6":{"86":"2"},"C8":{"PP":"2","QM":"2","QP":"2","RJ":"2"}},"8P":{"QW":{"3R":"2","2V":"2"}},"GC":{"HG":{"R8":"2"},"V7":{"JQ":"2","HV":"2","HR":"2","JV":"2"},"M7":{"RV":"2"}},"CR":{"R3":{"CM":"2","7J":"2","8H":"2","9F":"2"},"V3":{"87":"2"},"R6":{"HH":"2"},"46":{"MR":"2","8R":"2","CR":"2","9R":"2","8V":"2","7W":"2","7R":"2","FX":"2","7V":"2","7X":"2"}},"FQ":{"7P":{"8P":"2"}},"X4":{"VQ":{"7Q":"2","6Q":"2","M7":"2"},"RJ":{"GV":"2","HQ":"2","JV":"2","JR":"2"},"VV":{"3R":"2","8F":"2","WH":"2"},"9R":{"63":"2","72":"2","5F":"2","83":"2","94":"2","75":"2","55":"2","93":"2","87":"2","74":"2","65":"2","84":"2","C8":"2","73":"2","64":"2","97":"2"},"8V":{"M6":"2","P6":"2","M7":"2"},"XR":{"V8":"2","R9":"2","W7":"2","M9":"2","Q7":"2","X8":"2","W6":"2","V9":"2","X6":"2","X7":"2","V7":"2","VC":"2","P7":"2","QC":"2","R8":"2","W8":"2","RC":"2","QF":"2","Q9":"2","VF":"2","HC":"2","R7":"2","PC":"2","Q8":"2","Q6":"2"},"MX":{"GM":"2"},"QC":{"22":"2"},"RV":{"77":"2"},"RQ":{"Q5":"2"},"PC":{"X5":"2","X3":"2","X2":"2"},"4W":{"P7":"2","H9":"2","3M":"2"},"9W":{"RQ":"2","VR":"2"},"JF":{"F9":"2","H9":"2","28":"2"},"3X":{"7G":"2"},"9Q":{"PR":"2","JQ":"2","QR":"2","QP":"2","MR":"2","PQ":"2","QQ":"2","MQ":"2","JR":"2"},"6V":{"JH":"2","FJ":"2"},"PW":{"GG":"2","JG":"2"},"7V":{"WG":"2"},"XP":{"MQ":"2"},"WQ":{"88":"2"},"RC":{"W5":"2","G2":"2","C2":"2","Q4":"2","P4":"2","J3":"2","H3":"2","X6":"2","R4":"2"},"WC":{"4R":"2"},"XJ":{"CG":"2","FG":"2"},"P9":{"3Q":"2","3P":"2","4M":"2","4P":"2","2Q":"2","XX":"2"},"HG":{"28":"2","43":"2"}},"65":{"MG":{"6Q":"2"},"7W":{"J3":"2"},"6V":{"FV":"2"}},"H7":{"93":{"P5":"2","CC":"2","7F":"2","W2":"2"},"C4":{"QJ":"2","G7":"2","RM":"2","M7":"2","WQ":"2","J5":"2","XC":"2","R9":"2","RX":"2","VJ":"2","P5":"2","XP":"2","WM":"2","P9":"2","VM":"2","G4":"2","P4":"2","J9":"2","WX":"2","XH":"2","XJ":"2","MC":"2","VC":"2","XG":"2","P7":"2","H4":"2","RJ":"2","J6":"2","JF":"2","RH":"2","VQ":"2","RV":"2","WC":"2","R8":"2","WR":"2","P2":"2","QP":"2","QH":"2","QG":"2","H2":"2","WP":"2","QF":"2","P6":"2","QM":"2","PF":"2","H7":"2","HC":"2","F3":"2","QR":"2","PC":"2","MH":"2","WJ":"2","JC":"2","R2":"2"},"C6":{"W3":"2","V2":"2","W2":"2"},"M4":{"45":"2","46":"2"},"J2":{"MQ":"2"},"C2":{"24":"2","25":"2"},"M3":{"C6":"2","76":"2"},"C3":{"7R":"2","7V":"2","8V":"2","6M":"2","9W":"2","6P":"2","5G":"2"},"F5":{"2X":"2"},"F4":{"4F":"2","2F":"2","3F":"2"},"F6":{"24":"2","62":"2"},"M2":{"V6":"2","R6":"2"},"H5":{"C6":"2","C5":"2"},"C5":{"XX":"2","R3":"2","VQ":"2","XQ":"2","VR":"2","XF":"2","VM":"2","V6":"2","VV":"2","V7":"2","VJ":"2","WJ":"2","XR":"2","V8":"2","RQ":"2","R2":"2","V9":"2","VP":"2","X9":"2","XM":"2","X6":"2","WM":"2","VF":"2","VC":"2","VX":"2","WG":"2","XJ":"2"},"92":{"RM":"2","WW":"2","WX":"2","VC":"2","RX":"2","XC":"2","VV":"2","VR":"2","VF":"2","VW":"2","RJ":"2","RW":"2","VJ":"2","WC":"2","RP":"2"},"H2":{"H5":"2"},"G2":{"C4":"2","C3":"2"}},"37":{"9M":{"P7":"2","M8":"2","M9":"2","Q6":"2"},"QJ":{"M6":"2","F5":"2","J6":"2","H5":"2"},"7M":{"M3":"2"},"6G":{"3G":"2","2G":"2","VJ":"2"},"GX":{"43":"2"},"VJ":{"7Q":"2"},"5H":{"3V":"2"},"7J":{"7M":"2","PV":"2"},"8H":{"F2":"2","C2":"2"},"26":{"8C":"2","64":"2","5C":"2","6C":"2","G9":"2"},"25":{"4R":"2","5Q":"2"},"96":{"Q3":"2","P2":"2","Q2":"2"},"95":{"QX":"2","PX":"2"},"9J":{"4P":"2"},"7G":{"VM":"2"},"PJ":{"M3":"2","R4":"2"},"FP":{"75":"2"},"7P":{"QQ":"2"},"CH":{"QJ":"2","RM":"2","RF":"2","MF":"2","R9":"2","VJ":"2","W7":"2","WM":"2","XP":"2","VP":"2","VM":"2","V9":"2","W2":"2","VH":"2","WX":"2","W3":"2","W9":"2","VC":"2","PJ":"2","Q3":"2","MJ":"2","RJ":"2","VQ":"2","RH":"2","RV":"2","WC":"2","W8":"2","VG":"2","XQ":"2","QW":"2","W5":"2","WF":"2","MH":"2","WJ":"2","XM":"2","WG":"2","2X":"2"},"FH":{"2Q":"2","25":"2","26":"2"},"FG":{"3X":"2","6P":"2"},"7H":{"MC":"2","GG":"2","G8":"2","F8":"2","GF":"2","R7":"2","FC":"2","C8":"2","Q7":"2","JC":"2"},"P2":{"F5":"2","F6":"2","FX":"2"},"8M":{"F8":"2"},"CG":{"PJ":"2","WV":"2","MJ":"2","WH":"2","WM":"2","MV":"2","QH":"2","PM":"2","QX":"2","WR":"2"},"6H":{"C4":"2","V6":"2"},"7C":{"QJ":"2","PH":"2","QH":"2"},"7F":{"Q3":"2","P3":"2","P2":"2","Q2":"2"}},"F5":{"25":{"X8":"2","X7":"2"}},"H6":{"7Q":{"3M":"2","2J":"2","2Q":"2","4J":"2","2P":"2","5H":"2","5G":"2","3J":"2","3H":"2"},"2P":{"GG":"2","FH":"2","CV":"2"},"5V":{"72":"2","HM":"2","9M":"2"},"FW":{"G6":"2","8H":"2","HJ":"2","C6":"2","5C":"2","V9":"2","5G":"2","96":"2","8F":"2","7G":"2","J3":"2","8G":"2","GP":"2","VC":"2","4Q":"2","H4":"2","F4":"2","3R":"2","5M":"2","J4":"2","FG":"2","WC":"2","7H":"2","C5":"2","C9":"2","5F":"2","3Q":"2","C8":"2","6F":"2","6J":"2","G5":"2","WF":"2","9C":"2","M4":"2"},"GV":{"GF":"2","28":"2","77":"2","G9":"2","C2":"2","84":"2","F9":"2","52":"2","7Q":"2","26":"2","CM":"2","25":"2","63":"2","76":"2","7R":"2","22":"2","74":"2","2C":"2","8Q":"2","32":"2","79":"2","6R":"2","83":"2","HF":"2","2R":"2","85":"2","F4":"2","J2":"2","5Q":"2","42":"2","3R":"2","5R":"2","24":"2","F2":"2","99":"2","QH":"2","6V":"2","89":"2","CJ":"2","3P":"2","48":"2","3X":"2","F3":"2","9P":"2","2V":"2","72":"2","FJ":"2","CP":"2","4R":"2","82":"2"},"5R":{"2Q":"2","4V":"2","3R":"2","6Q":"2","8X":"2","8H":"2","5W":"2","45":"2","H5":"2","J5":"2","4R":"2","6J":"2","FC":"2","5M":"2","7V":"2","5P":"2","3Q":"2","46":"2","6P":"2","4Q":"2","G6":"2","7X":"2"},"6Q":{"3Q":"2","3P":"2","4R":"2","4P":"2","2Q":"2","6Q":"2","5Q":"2","2V":"2","CM":"2","4Q":"2"},"2Q":{"XX":"2"},"8M":{"XF":"2","WF":"2"},"CP":{"97":"2","98":"2"},"3R":{"97":"2","32":"2","R8":"2","22":"2","V8":"2","53":"2","43":"2"},"GX":{"FQ":"2","PW":"2","G3":"2","G4":"2","HV":"2","HR":"2","6M":"2","MV":"2","JV":"2","J6":"2","GR":"2","CQ":"2","9Q":"2"},"7M":{"W8":"2"},"4R":{"G5":"2","G4":"2","WJ":"2","F4":"2","WH":"2"},"CQ":{"XW":"2","R3":"2","JQ":"2","QV":"2","JV":"2","Q2":"2","W4":"2","HW":"2","RV":"2","V4":"2","92":"2","R2":"2","X5":"2","PV":"2","X6":"2","HX":"2","RR":"2","V3":"2","JW":"2","QX":"2","Q3":"2"},"FR":{"MQ":"2","24":"2","3Q":"2","9X":"2","8W":"2","8R":"2","CP":"2","RX":"2","WW":"2","3R":"2","VR":"2","7W":"2","6G":"2","PX":"2","3F":"2","5F":"2","HQ":"2","6R":"2","7X":"2","JM":"2","52":"2","CJ":"2","27":"2","PV":"2","JX":"2","JP":"2","5W":"2","7J":"2","5J":"2","7P":"2","6J":"2","XR":"2","FJ":"2","23":"2","7M":"2","44":"2","46":"2","RQ":"2","GR":"2","4P":"2","59":"2","JV":"2","6M":"2","QW":"2","9V":"2","5C":"2","PP":"2","8J":"2","3X":"2","7V":"2","FP":"2","47":"2","QP":"2","3V":"2","48":"2","6V":"2","4R":"2","WX":"2","8Q":"2","RR":"2","CQ":"2","6P":"2","FV":"2","3C":"2","VX":"2","FW":"2","CX":"2","RV":"2","38":"2","XX":"2","45":"2","9W":"2","9Q":"2","RP":"2","8M":"2","5G":"2","5P":"2","GV":"2","FQ":"2","HV":"2","VW":"2","HP":"2","4W":"2","HX":"2","RW":"2","MV":"2","2G":"2","CW":"2","PR":"2","GW":"2","CM":"2","GM":"2","MW":"2","QV":"2","4H":"2","MX":"2","JW":"2","JR":"2","4G":"2","54":"2","2J":"2","HM":"2","6C":"2","3J":"2","9J":"2","4Q":"2","PW":"2","WV":"2","7H":"2","2C":"2","8P":"2","32":"2","3M":"2","7Q":"2","QX":"2","6F":"2","4M":"2","WR":"2","2F":"2","2H":"2","2Q":"2","4V":"2","34":"2","6Q":"2","4F":"2","58":"2","3H":"2","5Q":"2","MP":"2","9P":"2","26":"2","33":"2","GP":"2","PQ":"2","7R":"2","5M":"2","53":"2","6W":"2","57":"2","8X":"2","9M":"2","VQ":"2","MM":"2","8H":"2","VV":"2","2V":"2","FM":"2","8V":"2","3P":"2","5R":"2","QR":"2","PM":"2","QQ":"2","MR":"2","XW":"2","GQ":"2","49":"2","GX":"2","7G":"2","JQ":"2","6H":"2"},"CV":{"M2":"2","77":"2","86":"2","95":"2","WJ":"2","V2":"2","85":"2","R2":"2","94":"2","W3":"2","XM":"2","WM":"2","96":"2","V3":"2","2M":"2"},"FV":{"Q5":"2","66":"2","R2":"2","W9":"2","XQ":"2","GC":"2","G8":"2","P4":"2","FF":"2","97":"2","M2":"2","CJ":"2","VC":"2","V2":"2","9G":"2","9H":"2","72":"2","VJ":"2","PH":"2","W7":"2","XR":"2","23":"2","WG":"2","44":"2","42":"2","W4":"2","VF":"2","H9":"2","JV":"2","HG":"2","P8":"2","Q9":"2","VM":"2","Q4":"2","GJ":"2","XG":"2","H5":"2","V9":"2","R6":"2","P7":"2","M8":"2","F9":"2","Q3":"2","R4":"2","R3":"2","8M":"2","WH":"2","F8":"2","VG":"2","H2":"2","WC":"2","M3":"2","GG":"2","C6":"2","W3":"2","V4":"2","XH":"2","54":"2","62":"2","G6":"2","P3":"2","HM":"2","MJ":"2","V7":"2","94":"2","CG":"2","7F":"2","C9":"2","P6":"2","55":"2","95":"2","P5":"2","8P":"2","32":"2","75":"2","85":"2","P2":"2","J9":"2","WP":"2","J4":"2","V5":"2","R7":"2","H3":"2","84":"2","C7":"2","Q6":"2","J2":"2","82":"2","63":"2","9P":"2","J6":"2","WJ":"2","H7":"2","V6":"2","9M":"2","2M":"2","H4":"2","Q2":"2","X4":"2","CF":"2","8G":"2","F6":"2","QR":"2","R5":"2","J3":"2","M9":"2","XP":"2","H6":"2","7G":"2","73":"2","V3":"2","J5":"2"},"8W":{"38":"2","6C":"2","28":"2","26":"2","25":"2","22":"2","35":"2","94":"2","79":"2","37":"2","57":"2","27":"2","85":"2","46":"2","F4":"2","24":"2","36":"2","68":"2","C4":"2","CC":"2","47":"2","5F":"2","58":"2","89":"2","67":"2","48":"2","34":"2","9C":"2","8C":"2","69":"2","56":"2","66":"2"},"6J":{"93":"2","82":"2","Q7":"2","94":"2","R7":"2","V7":"2"},"7R":{"C9":"2","WG":"2","66":"2","XM":"2","XJ":"2","9F":"2","77":"2"},"9M":{"WJ":"2","XM":"2","RH":"2","WH":"2","VH":"2"},"CX":{"HG":"2","6C":"2","4W":"2","JG":"2","FM":"2","GH":"2","MF":"2","X5":"2","W6":"2","GJ":"2","MG":"2","HH":"2","4V":"2","6P":"2","CV":"2","7P":"2","QC":"2","FH":"2","CR":"2","9G":"2","CQ":"2","R8":"2","3W":"2","8P":"2","9Q":"2","Q9":"2","3X":"2","PC":"2","9P":"2","JH":"2","FJ":"2","GM":"2","CP":"2","Q8":"2"},"7W":{"W7":"2","4M":"2","X4":"2","X8":"2","X3":"2","X2":"2","X6":"2","W2":"2","V5":"2","V7":"2","X7":"2","W6":"2"},"8Q":{"9G":"2","8H":"2","FC":"2","CG":"2"},"HX":{"3X":"2"},"8R":{"7Q":"2","3J":"2","GP":"2","6Q":"2","8M":"2","CP":"2","CQ":"2","9C":"2","4M":"2","9V":"2","HQ":"2","FR":"2","FV":"2","8W":"2","7P":"2","MP":"2","PP":"2","9M":"2","7W":"2","5M":"2","8Q":"2","8V":"2","8R":"2","HR":"2","FJ":"2","9Q":"2","7V":"2","HM":"2","XM":"2","HV":"2","MQ":"2","GR":"2","97":"2","VM":"2","9R":"2","FQ":"2","QP":"2","GQ":"2","RP":"2","JQ":"2","RJ":"2","8G":"2","WM":"2","FP":"2"},"HR":{"RQ":"2"},"7J":{"36":"2","46":"2"},"GW":{"7C":"2","34":"2","32":"2","99":"2","P7":"2","PC":"2","5C":"2","VC":"2","CM":"2","Q6":"2","35":"2","66":"2","29":"2","W9":"2","CC":"2","R9":"2","79":"2","56":"2","HC":"2","JP":"2","FC":"2","55":"2","R7":"2","8C":"2","JC":"2","25":"2","Q4":"2","V9":"2","57":"2","26":"2","Q7":"2","HV":"2","44":"2","89":"2","78":"2","GC":"2","Q5":"2","FQ":"2","67":"2","HW":"2","M8":"2","FM":"2","74":"2","P4":"2","54":"2","MM":"2","MC":"2","43":"2","FP":"2"},"7V":{"QJ":"2","GF":"2","PG":"2","RG":"2","QG":"2","QM":"2","HF":"2","MG":"2","HH":"2","QV":"2","HG":"2","JG":"2","RW":"2","QH":"2"},"HV":{"5F":"2","X6":"2","8F":"2","4C":"2","29":"2"},"GR":{"JQ":"2","5X":"2","4V":"2","3R":"2","3W":"2","JR":"2","8X":"2","CX":"2","2V":"2","HW":"2","6X":"2","5W":"2","3V":"2","9X":"2","4W":"2","FR":"2","9W":"2","FX":"2","FW":"2","CW":"2","2R":"2","CV":"2","7X":"2","2W":"2","8W":"2"},"2F":{"QJ":"2","RJ":"2"},"FX":{"RG":"2","QG":"2","GC":"2","HC":"2","PF":"2","F9":"2","98":"2","23":"2","69":"2","MF":"2","XH":"2","QF":"2","G9":"2","68":"2"},"8P":{"RG":"2"},"9R":{"7M":"2","6J":"2","8J":"2","4M":"2","4J":"2","5M":"2","2M":"2","3M":"2","WH":"2"},"CR":{"X9":"2","PQ":"2","WQ":"2","HQ":"2","QQ":"2","X5":"2","R9":"2","VR":"2","RX":"2","QV":"2","7J":"2","WM":"2","VP":"2","W6":"2","7R":"2","QX":"2","X6":"2","X7":"2","PV":"2","W9":"2","H3":"2","VC":"2","XG":"2","FP":"2","V5":"2","FQ":"2","VQ":"2","RV":"2","W8":"2","MV":"2","WR":"2","P2":"2","RQ":"2","HV":"2","QP":"2","99":"2","JV":"2","H2":"2","QG":"2","WP":"2","QW":"2","W5":"2","GV":"2","9P":"2","MQ":"2","WJ":"2","R5":"2","GQ":"2","CP":"2"},"FQ":{"4P":"2","5X":"2","28":"2","6R":"2","2P":"2","2C":"2","5H":"2","5V":"2","2X":"2","48":"2","2F":"2","3P":"2","49":"2","37":"2"},"5Q":{"XR":"2","PJ":"2","MJ":"2","GQ":"2","HQ":"2","XQ":"2"},"6V":{"QM":"2","M8":"2","P8":"2"},"9X":{"V7":"2"},"5H":{"RJ":"2","VM":"2","MC":"2","J9":"2","MG":"2","PG":"2","JJ":"2","WP":"2","MF":"2","P6":"2","J6":"2","RM":"2"},"3Q":{"3X":"2"},"HW":{"7J":"2"},"JQ":{"79":"2","98":"2"},"6H":{"3Q":"2","4R":"2","5V":"2","2Q":"2"},"2M":{"VP":"2","WM":"2"},"3M":{"5C":"2","33":"2","6C":"2","59":"2"},"38":{"RR":"2"},"9P":{"F7":"2","3F":"2"}},"64":{"GH":{"PX":"2"},"GR":{"6W":"2","3R":"2","6V":"2"},"P8":{"23":"2"},"HM":{"R5":"2","X8":"2","C2":"2","X9":"2"},"HJ":{"GW":"2","GX":"2","FH":"2"},"PH":{"WG":"2","XG":"2","WH":"2"},"GJ":{"QC":"2","P5":"2","R3":"2","V4":"2","Q3":"2","Q8":"2","MG":"2","V3":"2","Q5":"2","Q9":"2","W3":"2","P2":"2","R4":"2","JC":"2","J7":"2","Q2":"2"},"MG":{"PJ":"2"},"FV":{"93":"2","C4":"2","C3":"2"},"GP":{"GM":"2","GJ":"2","FJ":"2","CC":"2"},"JJ":{"5H":"2","6H":"2","4V":"2","5J":"2"},"P7":{"7P":"2","9V":"2","5J":"2"},"G3":{"53":"2"},"9G":{"9V":"2","CV":"2"},"R8":{"57":"2","35":"2","45":"2"},"HV":{"RJ":"2","VJ":"2"},"QH":{"3G":"2"},"GV":{"F2":"2","C2":"2","C3":"2","F3":"2"},"JM":{"29":"2"},"GM":{"9V":"2","8V":"2","8W":"2","7X":"2"},"MM":{"72":"2","G7":"2","6Q":"2"},"Q8":{"9F":"2"}},"Q2":{"XV":{"2M":"2","3M":"2"},"GR":{"W8":"2"}},"M8":{"QQ":{"7F":"2"}},"FM":{"4R":{"CP":"2","CM":"2"},"53":{"R5":"2"}},"82":{"GV":{"2P":"2"},"8C":{"63":"2","53":"2"},"X5":{"XV":"2","WV":"2","WW":"2","XW":"2"},"J8":{"C6":"2","C7":"2"},"X6":{"C5":"2"}},"74":{"5X":{"5W":"2"},"XF":{"XX":"2","7C":"2","4V":"2","5R":"2","8X":"2","7W":"2","CX":"2","7Q":"2","7R":"2","7G":"2","57":"2","5V":"2","4R":"2","6V":"2","47":"2","7V":"2","3Q":"2","WQ":"2"},"PF":{"2C":"2","2F":"2"},"MP":{"R5":"2","Q5":"2","Q4":"2"},"6X":{"WJ":"2","VQ":"2"},"H5":{"G3":"2","F2":"2","F3":"2","G2":"2"},"2X":{"X5":"2"},"WF":{"WP":"2","WJ":"2","XP":"2"},"MF":{"XC":"2","XF":"2"},"5P":{"4G":"2"},"XG":{"XF":"2","RJ":"2","VJ":"2","G3":"2","XR":"2","XC":"2","C2":"2","V8":"2","F2":"2","J2":"2","X9":"2","82":"2","Q8":"2","G5":"2","XH":"2","H2":"2","XP":"2","G4":"2","XJ":"2"},"2W":{"5X":"2","MQ":"2"}},"C2":{"7M":{"44":"2"},"JQ":{"85":"2","23":"2","33":"2","34":"2","43":"2"},"6J":{"PR":"2","QV":"2","RW":"2"},"JP":{"7R":"2","6R":"2","7Q":"2","6Q":"2"},"6G":{"XR":"2"}},"G5":{"H4":{"G6":"2","63":"2","F7":"2","G7":"2","F8":"2","98":"2","89":"2","F5":"2","88":"2","7C":"2","CG":"2"},"W7":{"7G":"2","5V":"2"},"W8":{"45":"2","46":"2","34":"2","43":"2"},"G3":{"P5":"2","M5":"2","P6":"2","RG":"2","V4":"2","P7":"2","Q9":"2","H8":"2","Q6":"2","H7":"2","WH":"2","M7":"2"},"J3":{"3H":"2"},"H3":{"35":"2","PG":"2","7J":"2","27":"2","7X":"2"},"F3":{"X9":"2"},"H2":{"7M":"2","MW":"2","HW":"2","JW":"2","MX":"2","8R":"2","JX":"2","8M":"2"},"G2":{"VV":"2"}},"H2":{"2R":{"V7":"2"}},"9W":{"M2":{"XM":"2","XJ":"2"}},"38":{"9G":{"4R":"2"},"GH":{"CR":"2","GW":"2","76":"2","GX":"2","FV":"2"},"F6":{"Q7":"2","Q6":"2"},"FX":{"GW":"2","VQ":"2","GX":"2","FX":"2","FW":"2"},"GF":{"H4":"2","P5":"2","P3":"2","Q5":"2","C3":"2","P4":"2","P2":"2","J5":"2","C5":"2","Q2":"2"},"GJ":{"86":"2"},"C8":{"HQ":"2"},"G9":{"6F":"2"},"49":{"V7":"2"}},"F4":{"3Q":{"2W":"2","2Q":"2","3W":"2","2R":"2","3V":"2"},"Q3":{"4R":"2"},"2Q":{"JQ":"2","HP":"2","XR":"2","GP":"2","9P":"2","VQ":"2","XX":"2","XQ":"2"},"P3":{"RV":"2"}},"V6":{"7Q":{"WP":"2","VP":"2"},"7C":{"GF":"2","HF":"2","GC":"2","HC":"2"},"FW":{"PR":"2","MR":"2","MV":"2"},"5R":{"62":"2","42":"2"},"28":{"F8":"2"},"6Q":{"2W":"2","2X":"2","4W":"2","3X":"2","5W":"2"},"6R":{"22":"2"},"7H":{"J2":"2"},"5G":{"QJ":"2","RM":"2","WP":"2","QM":"2","QR":"2","QP":"2","VP":"2","HG":"2","VM":"2","XQ":"2","RP":"2"},"WJ":{"6X":"2"},"4R":{"4J":"2","3H":"2","RX":"2","5H":"2","3F":"2","5C":"2","59":"2","7G":"2","57":"2","65":"2","4G":"2","4H":"2","5F":"2","3G":"2","67":"2","QW":"2","6J":"2","69":"2","2X":"2"},"3P":{"HR":"2","GX":"2"},"V8":{"HG":"2","FV":"2"},"PX":{"7X":"2"},"F9":{"C4":"2"},"3V":{"WF":"2","MX":"2","JX":"2","VM":"2","VJ":"2","PX":"2","JC":"2"},"QW":{"JQ":"2"},"Q6":{"6F":"2"},"RW":{"46":"2"},"H3":{"VC":"2","V9":"2","VF":"2","R9":"2"},"CH":{"G2":"2"},"77":{"CR":"2","9R":"2","WP":"2","XM":"2","XP":"2","QW":"2","PX":"2"},"CV":{"G5":"2","G4":"2"},"66":{"3H":"2","GW":"2","GX":"2","7V":"2","FW":"2","FV":"2","8R":"2","2Q":"2","8W":"2","4Q":"2","2R":"2","7P":"2","3R":"2","8V":"2","6V":"2","3Q":"2","GV":"2","CW":"2","CX":"2","2V":"2","FX":"2","4R":"2"},"56":{"XV":"2","XQ":"2","RJ":"2","58":"2","4J":"2","XR":"2","QJ":"2","5F":"2","QM":"2","VP":"2","WP":"2","5C":"2","QH":"2","5J":"2","XP":"2","RH":"2"},"G6":{"WV":"2"},"F7":{"85":"2","95":"2"},"MX":{"GW":"2","JV":"2","HR":"2","JR":"2","HW":"2","FR":"2","FW":"2","GV":"2","HV":"2","PX":"2"},"JP":{"PG":"2","QG":"2","MG":"2"},"PP":{"WV":"2","WW":"2","WX":"2"},"25":{"56":"2","55":"2"},"87":{"J2":"2"},"4V":{"6V":"2"},"8Q":{"6J":"2","GJ":"2","5J":"2"},"HX":{"GV":"2","CP":"2","9P":"2","9Q":"2"},"FH":{"F7":"2"},"57":{"4X":"2"},"9Q":{"7R":"2","6R":"2","7Q":"2","3M":"2"},"5F":{"2X":"2","3X":"2"},"4Q":{"7J":"2"},"X7":{"V4":"2","XX":"2","X9":"2","W4":"2"},"97":{"C9":"2","G9":"2","F9":"2","G8":"2","99":"2"},"W5":{"57":"2","6X":"2"},"3X":{"XX":"2","7C":"2","XQ":"2","6C":"2","89":"2","88":"2","7F":"2","6G":"2","79":"2","5F":"2","4F":"2","6F":"2","69":"2","5C":"2","4C":"2","2R":"2","59":"2","68":"2"},"2V":{"XW":"2"},"78":{"G6":"2","G5":"2","F5":"2","H5":"2","H2":"2","M7":"2"},"9R":{"W2":"2"},"CR":{"45":"2","55":"2","34":"2","46":"2","44":"2","6P":"2","49":"2"},"5Q":{"WV":"2","WW":"2","FX":"2"},"5H":{"2J":"2","Q3":"2","5F":"2","5G":"2"},"9H":{"J4":"2","H5":"2","J5":"2"},"3Q":{"M4":"2"},"67":{"H4":"2","P7":"2","F2":"2","C2":"2","C3":"2","M2":"2","92":"2","F3":"2"},"HG":{"6J":"2"},"4X":{"3H":"2","2R":"2"},"P8":{"V7":"2"},"3M":{"4G":"2","4J":"2","5F":"2","3G":"2","3F":"2","CC":"2","4H":"2","3J":"2","3H":"2","HG":"2"},"6G":{"4R":"2","2Q":"2","VC":"2","3R":"2","9M":"2","V8":"2","9J":"2"},"3W":{"MC":"2","P5":"2","Q3":"2","P7":"2","J2":"2","P2":"2","M2":"2","P8":"2","Q2":"2"},"RR":{"JH":"2","MH":"2","JJ":"2","MJ":"2"}},"H9":{"3C":{"P7":"2","2C":"2","2G":"2","2F":"2"},"RR":{"FH":"2"},"3F":{"RG":"2","VG":"2"}},"9J":{"38":{"C4":"2","F4":"2","95":"2","G2":"2","G3":"2","C2":"2","F3":"2","F2":"2","92":"2","85":"2","94":"2","C3":"2","H3":"2","82":"2","93":"2","96":"2","H2":"2","C5":"2","84":"2"},"37":{"VR":"2","RJ":"2","CQ":"2","9V":"2","CR":"2","VV":"2","9R":"2","8X":"2","C9":"2","FH":"2","CF":"2","CC":"2","9X":"2","FR":"2","9W":"2","GX":"2","HX":"2","CG":"2","GV":"2","FW":"2","FC":"2","CW":"2","JW":"2","CV":"2","FV":"2","8W":"2"}},"FP":{"42":{"6W":"2","PW":"2","5V":"2","MW":"2","JW":"2","6V":"2","PX":"2"},"53":{"53":"2"},"43":{"CQ":"2","CR":"2","PF":"2","V8":"2","V9":"2","PG":"2","MG":"2","RF":"2","VC":"2","GJ":"2","QF":"2","RC":"2","M9":"2"}},"9P":{"7G":{"96":"2","F5":"2","C5":"2"}},"92":{"22":{"X2":"2"},"9G":{"X8":"2","XF":"2","X7":"2","VJ":"2","VH":"2","XC":"2","QJ":"2","X5":"2","X9":"2","X6":"2","XH":"2","XG":"2","WC":"2"},"F9":{"3C":"2","39":"2"},"C9":{"WX":"2","XM":"2","VX":"2"},"CF":{"3X":"2"},"9X":{"XR":"2"},"9F":{"W8":"2","R8":"2"},"9H":{"JV":"2","HR":"2","HQ":"2","PC":"2","PV":"2","GR":"2","GV":"2","PW":"2","HV":"2","PQ":"2","GQ":"2"},"55":{"JH":"2","MH":"2","MF":"2","MG":"2","JJ":"2","JG":"2","HG":"2"},"9W":{"WV":"2"},"CG":{"25":"2","28":"2","26":"2"},"65":{"C3":"2"},"C8":{"XF":"2","XC":"2","X9":"2","WM":"2","WF":"2","XG":"2","WC":"2","WG":"2"},"8G":{"XG":"2"},"25":{"HJ":"2","5P":"2","RM":"2","6W":"2","5V":"2","6Q":"2","XM":"2","4W":"2","6P":"2","5W":"2","4V":"2"}},"R2":{"2X":{"WW":"2","WX":"2","VR":"2","VP":"2","XX":"2","XW":"2"},"3X":{"2W":"2","2X":"2","3X":"2","3W":"2"}}}}