{"6R":{"58":{"9V":{"GV":"2","JQ":"2","7V":"2","PP":"2","MP":"2","8V":"2","5V":"2","MM":"2","2X":"2","GQ":"2","5W":"2","MQ":"2","GR":"2","JP":"2"},"CH":{"4M":"2","4J":"2","5Q":"2"},"7Q":{"MR":"2","JR":"2"},"8V":{"WV":"2","WW":"2","WX":"2","VW":"2","XX":"2","XW":"2"},"CP":{"PW":"2","MX":"2","PX":"2"},"CJ":{"63":"2","76":"2","74":"2","73":"2"},"CM":{"RR":"2","QR":"2","VV":"2","QV":"2","RV":"2"},"7W":{"XR":"2","XQ":"2"},"8W":{"P3":"2","C7":"2","97":"2","M5":"2","W4":"2","6G":"2","V3":"2","P5":"2","Q2":"2","X2":"2","V2":"2","V4":"2","P4":"2","W2":"2","7G":"2","W3":"2","Q5":"2","2Q":"2","R3":"2","2R":"2","Q3":"2","F8":"2","98":"2","99":"2","C9":"2","R4":"2","P6":"2","C8":"2","6F":"2","88":"2","M6":"2","Q4":"2","M4":"2","R5":"2","7F":"2","R2":"2"},"7X":{"7Q":"2","PV":"2","R8":"2","8X":"2","RG":"2","6Q":"2","WX":"2","8M":"2","6R":"2","CP":"2","CQ":"2","MV":"2","9V":"2","CM":"2","PH":"2","CV":"2","FR":"2","8W":"2","R9":"2","7P":"2","X2":"2","7R":"2","MX":"2","9M":"2","RF":"2","CX":"2","7W":"2","PR":"2","8Q":"2","8V":"2","8R":"2","7J":"2","W4":"2","9Q":"2","7V":"2","GR":"2","QF":"2","FX":"2","8P":"2","9R":"2","CR":"2","PG":"2","QQ":"2","FQ":"2","9X":"2","QP":"2","QH":"2","QC":"2","GQ":"2","VX":"2","QG":"2","FM":"2","Q9":"2","X3":"2","Q8":"2","8J":"2","9W":"2","9J":"2","9P":"2","FP":"2"},"FF":{"4X":"2"},"CQ":{"M2":"2","M6":"2","M5":"2","P2":"2","P3":"2","5H":"2","J5":"2","J6":"2","6H":"2","M3":"2"},"FG":{"32":"2","42":"2"},"8X":{"7R":"2","CQ":"2"},"CV":{"56":"2","57":"2","64":"2","74":"2","73":"2"}},"42":{"CR":{"4J":"2"}},"52":{"8C":{"X5":"2","Q6":"2"},"9C":{"5C":"2"},"W8":{"2C":"2","28":"2","29":"2"},"VW":{"JH":"2","HF":"2","HH":"2","JF":"2","JG":"2","HG":"2"},"V8":{"PC":"2","V6":"2","XC":"2","R6":"2","X9":"2","V8":"2"}},"6C":{"5M":{"72":"2","62":"2"},"2V":{"M7":"2"},"5J":{"7X":"2","6X":"2"}},"32":{"G9":{"8Q":"2","5V":"2","4V":"2"},"FJ":{"MR":"2"},"FF":{"87":"2","75":"2"}},"99":{"X7":{"G9":"2","J8":"2","6V":"2","J7":"2"}},"48":{"HM":{"6C":"2","7C":"2"},"QJ":{"XV":"2","XP":"2","XQ":"2"},"MP":{"3C":"2","5C":"2","38":"2","79":"2","5F":"2","89":"2","4C":"2","28":"2"},"WJ":{"8M":"2"},"XJ":{"W7":"2"},"RJ":{"6R":"2","4R":"2","2Q":"2","5R":"2","2V":"2","2P":"2"},"Q2":{"MC":"2","HF":"2","JF":"2"}},"47":{"2Q":{"RF":"2","RC":"2","QF":"2"}},"93":{"88":{"72":"2","82":"2","32":"2","83":"2","42":"2"},"87":{"9X":"2","3X":"2","5X":"2","4X":"2","7X":"2","8X":"2"},"69":{"GQ":"2"}},"3R":{"VR":{"R9":"2","XQ":"2"}},"5G":{"P6":{"X5":"2","X4":"2"},"Q5":{"42":"2"},"Q4":{"4X":"2"},"VP":{"RR":"2","VV":"2","VR":"2","RV":"2"},"Q6":{"35":"2","24":"2","23":"2","33":"2","26":"2","34":"2","25":"2","36":"2"}},"24":{"JJ":{"CF":"2"}},"6F":{"C6":{"R2":"2"},"FM":{"C9":"2","79":"2","C8":"2","89":"2"},"9P":{"HM":"2","FQ":"2","3G":"2","FM":"2","FP":"2","4G":"2","GP":"2","GM":"2"},"CM":{"CW":"2","FW":"2"},"C5":{"RX":"2","VX":"2","VW":"2","RW":"2"}},"3V":{"JH":{"64":"2","65":"2"},"PC":{"27":"2","37":"2"},"V4":{"6V":"2"},"HV":{"4J":"2","CG":"2"},"MR":{"M7":"2"},"GJ":{"6X":"2"},"Q4":{"V5":"2"},"RJ":{"MQ":"2"},"M7":{"CC":"2"}},"RW":{"X5":{"6W":"2","7W":"2","9W":"2"},"W5":{"55":"2","64":"2"},"X6":{"86":"2","77":"2","66":"2","95":"2","58":"2","54":"2","85":"2","67":"2","57":"2","55":"2","65":"2","56":"2","84":"2","68":"2"}},"77":{"5Q":{"4W":"2"}},"85":{"93":{"H4":"2","C4":"2","J4":"2","85":"2","96":"2","J3":"2","C3":"2","94":"2","F4":"2","74":"2","C5":"2","H3":"2","95":"2","84":"2"},"CJ":{"WG":"2"},"7J":{"XQ":"2"}},"66":{"56":{"2Q":"2","3X":"2","3W":"2","2R":"2"},"57":{"5H":"2","33":"2","32":"2","5Q":"2","5X":"2","4C":"2","6X":"2","5J":"2"},"46":{"RM":"2","M7":"2","RF":"2","MF":"2","VJ":"2","QV":"2","WM":"2","VP":"2","VM":"2","PH":"2","VH":"2","PJ":"2","QC":"2","RJ":"2","RH":"2","XR":"2","XQ":"2","QH":"2","QG":"2","QF":"2","PF":"2","RG":"2","J7":"2","M8":"2","PC":"2","7C":"2","WJ":"2","PG":"2"},"3V":{"X3":"2"},"4V":{"24":"2","23":"2","33":"2"},"58":{"F7":"2"}},"29":{"G6":{"X8":"2","W5":"2","W8":"2","W4":"2","X7":"2","W6":"2","X4":"2","V8":"2","R2":"2","X5":"2","X9":"2","4F":"2","J4":"2","R9":"2","VC":"2","4C":"2","RC":"2","W9":"2"},"H6":{"63":"2","66":"2","28":"2","76":"2","95":"2","J9":"2","C5":"2","73":"2","36":"2","37":"2","M9":"2","RH":"2"},"G5":{"MW":"2","VW":"2","WQ":"2","J5":"2","M3":"2","HQ":"2","M5":"2","WV":"2","JR":"2","C2":"2","VR":"2","Q7":"2","QV":"2","XV":"2","XP":"2","RR":"2","PH":"2","P4":"2","RW":"2","PV":"2","JW":"2","J3":"2","PX":"2","Q5":"2","PW":"2","PJ":"2","P7":"2","H4":"2","J2":"2","J6":"2","VQ":"2","9G":"2","RV":"2","J4":"2","XR":"2","VG":"2","MV":"2","WR":"2","F2":"2","MX":"2","RQ":"2","XQ":"2","JV":"2","MR":"2","JX":"2","C9":"2","QG":"2","WP":"2","P6":"2","QW":"2","CG":"2","M6":"2","F3":"2","CX":"2","M2":"2","XW":"2","XM":"2","WG":"2","Q6":"2","VV":"2"},"G4":{"9X":"2","CX":"2","FX":"2"},"5M":{"RG":"2","RH":"2","RJ":"2","VH":"2","QH":"2"},"H5":{"4W":"2","FM":"2","GH":"2","V8":"2","4P":"2","7M":"2","R9":"2","7J":"2","3M":"2","2W":"2","5V":"2","GJ":"2","X6":"2","2P":"2","2M":"2","4Q":"2","2R":"2","2J":"2","4V":"2","FH":"2","3R":"2","98":"2","3J":"2","5W":"2","RC":"2","99":"2","4M":"2","3Q":"2","3P":"2","6J":"2","R7":"2","FJ":"2","GM":"2"},"J5":{"56":"2","68":"2","64":"2","44":"2","46":"2","74":"2","C5":"2","26":"2","78":"2","49":"2","48":"2","43":"2"},"H7":{"VF":"2"}},"2X":{"HW":{"FF":"2","CQ":"2","GC":"2","9V":"2","CR":"2","9R":"2","CX":"2","9X":"2","FM":"2","9W":"2","CP":"2","GF":"2","CW":"2","FP":"2","CV":"2"},"HX":{"9X":"2","9M":"2","8X":"2","6C":"2","62":"2","77":"2","C2":"2","84":"2","8H":"2","9W":"2","76":"2","8J":"2","94":"2","96":"2","93":"2","8F":"2","95":"2","9J":"2","7G":"2","79":"2","8G":"2","57":"2","83":"2","78":"2","8W":"2","86":"2","85":"2","C3":"2","9G":"2","87":"2","C5":"2","8V":"2","68":"2","8P":"2","C4":"2","8M":"2","92":"2","67":"2","3P":"2","6F":"2","88":"2","9H":"2","9V":"2","CX":"2","9P":"2","7C":"2","69":"2","7F":"2","82":"2"}},"56":{"R3":{"76":"2","75":"2"},"XX":{"GC":"2","HC":"2","FG":"2","J9":"2","CF":"2","JF":"2","HF":"2","CG":"2","MF":"2","FC":"2","JC":"2","H9":"2"}},"84":{"8W":{"9R":"2","7G":"2","C9":"2","9V":"2","F9":"2","5R":"2","FV":"2","4V":"2"},"V8":{"7X":"2"}},"6P":{"HM":{"HG":"2","GF":"2","VJ":"2","F9":"2","PH":"2","59":"2","79":"2","78":"2","PJ":"2","HH":"2","HF":"2","FG":"2","GG":"2","CC":"2","99":"2","C9":"2","89":"2","FF":"2","9C":"2","8C":"2","9F":"2","FC":"2","CF":"2"},"JM":{"5H":"2","2J":"2","7G":"2","4H":"2","3G":"2","4J":"2","4G":"2","3H":"2","3J":"2"}},"55":{"JV":{"32":"2"},"QR":{"54":"2"},"VM":{"75":"2","73":"2","54":"2","C2":"2","84":"2","64":"2","26":"2","25":"2","63":"2","76":"2","74":"2","35":"2","93":"2","45":"2","G2":"2","H3":"2","83":"2","65":"2","46":"2","44":"2","G3":"2","C3":"2","55":"2","24":"2","36":"2","F2":"2","58":"2","34":"2","F3":"2","M4":"2","66":"2"},"VJ":{"QM":"2","VG":"2","RJ":"2","PM":"2","FX":"2","VH":"2"},"JR":{"3X":"2"},"VH":{"M4":"2","M3":"2"},"QW":{"5C":"2","6C":"2","86":"2"},"9W":{"R3":"2"},"WH":{"HM":"2","8C":"2","HP":"2","9X":"2","HQ":"2","V5":"2","7C":"2","W4":"2"},"RF":{"48":"2"},"XM":{"PW":"2","MW":"2","QV":"2","MV":"2","QW":"2","RV":"2"},"MV":{"MR":"2"},"VF":{"32":"2"},"XP":{"H2":"2"},"PX":{"9R":"2","7M":"2","9V":"2","8V":"2","8R":"2","CQ":"2","9Q":"2","8X":"2"},"XG":{"MR":"2","6V":"2","CV":"2"},"WG":{"XW":"2"},"RM":{"V5":"2","4V":"2","R5":"2","X4":"2","M8":"2","X5":"2","5V":"2","X6":"2","5M":"2"}},"46":{"FR":{"X9":"2"},"MJ":{"8Q":"2","8P":"2","9P":"2","9Q":"2","9M":"2"},"GR":{"3H":"2"}},"25":{"W6":{"J6":"2","J5":"2"}},"59":{"CR":{"QR":"2","QV":"2","39":"2"},"8Q":{"4W":"2"},"72":{"F3":"2","68":"2","JF":"2","V2":"2","93":"2","V4":"2","77":"2","66":"2","73":"2","R4":"2","R3":"2","Q3":"2","56":"2","J6":"2","94":"2","JC":"2","87":"2","83":"2","J7":"2","57":"2","V3":"2","76":"2","63":"2","G8":"2","97":"2","F2":"2","C3":"2","W2":"2","65":"2","67":"2","64":"2","Q2":"2","82":"2","X3":"2","74":"2","88":"2","C2":"2","MC":"2","92":"2","R2":"2"},"9V":{"V3":"2","W3":"2","V2":"2","W2":"2"},"82":{"23":"2","22":"2"},"92":{"55":"2","45":"2"}},"7J":{"M2":{"9J":"2"},"M7":{"75":"2","4W":"2","4P":"2","84":"2","76":"2","74":"2","59":"2","5G":"2","94":"2","93":"2","57":"2","4X":"2","4G":"2","68":"2","4C":"2","4H":"2","58":"2","5F":"2","4M":"2","67":"2","3X":"2","49":"2","66":"2"},"R5":{"27":"2","25":"2","28":"2","26":"2"},"J8":{"X5":"2","X4":"2","X6":"2"},"M8":{"22":"2","35":"2","42":"2","24":"2","23":"2","33":"2","53":"2","43":"2","26":"2","34":"2","52":"2","44":"2","32":"2","25":"2","36":"2"},"G5":{"QX":"2","RX":"2"},"WX":{"FM":"2","FP":"2","CP":"2","CM":"2"},"Q5":{"X5":"2","XF":"2","X6":"2"},"G6":{"R2":"2","R3":"2","Q3":"2","Q2":"2"}},"57":{"MW":{"54":"2","53":"2"},"V9":{"XR":"2"},"PV":{"56":"2","68":"2","47":"2","59":"2","49":"2","58":"2"},"RC":{"C6":"2","F7":"2","C7":"2","F6":"2"},"MV":{"7M":"2","7P":"2","6M":"2"},"X9":{"2J":"2","2H":"2","3H":"2","3J":"2"},"W9":{"HR":"2","HQ":"2","GR":"2","JR":"2","GW":"2","7V":"2","JQ":"2","7Q":"2","FW":"2","7R":"2","FV":"2","8Q":"2","4Q":"2","2R":"2","6P":"2","7P":"2","3R":"2","6W":"2","5R":"2","8V":"2","3V":"2","5P":"2","HV":"2","6Q":"2","9Q":"2","6V":"2","3Q":"2","GV":"2","9V":"2","2V":"2","HW":"2","GQ":"2","CP":"2","4R":"2"}},"5F":{"RG":{"2V":"2"},"QG":{"XW":"2","XV":"2","RW":"2","WV":"2","RX":"2","WW":"2","QW":"2","VX":"2","VW":"2"}},"26":{"32":{"PR":"2","PV":"2"}},"9G":{"CQ":{"GV":"2","7R":"2","6W":"2","6Q":"2","HV":"2","6X":"2"}},"63":{"P6":{"HF":"2","WF":"2","WC":"2"}},"39":{"4P":{"CM":"2"}},"75":{"W2":{"QH":"2"}},"98":{"PR":{"MJ":"2"},"VC":{"Q3":"2"}},"5Q":{"QJ":{"M5":"2","J2":"2","J3":"2","H3":"2","H2":"2"},"QM":{"H4":"2","G3":"2","H3":"2"},"QH":{"G8":"2","G7":"2","HG":"2","C7":"2","FM":"2","G6":"2","G9":"2","F9":"2","HJ":"2","GJ":"2","H8":"2","GP":"2","HF":"2","F8":"2","F6":"2","H7":"2","F7":"2","HW":"2","GC":"2","FJ":"2","GM":"2"}},"9H":{"2H":{"24":"2"},"47":{"G9":"2","GG":"2"}},"VH":{"FR":{"4R":"2","5V":"2","6V":"2","3V":"2"},"CR":{"VR":"2","VV":"2","JR":"2","7W":"2","RV":"2","RQ":"2","RR":"2","WR":"2"},"7R":{"XG":"2","XF":"2"},"8R":{"2G":"2","2F":"2"},"9M":{"67":"2"},"9J":{"68":"2","6J":"2","67":"2","6P":"2","78":"2","9J":"2"}},"65":{"4G":{"P6":"2","G9":"2","J8":"2","H9":"2","H8":"2","Q6":"2"},"HM":{"22":"2"},"5F":{"GV":"2","HV":"2","JV":"2","FW":"2"},"3G":{"36":"2","46":"2"},"2G":{"7G":"2","8C":"2","C9":"2","P6":"2","P7":"2","R6":"2","Q6":"2","7C":"2","W6":"2","M7":"2"},"5G":{"56":"2","55":"2","44":"2","65":"2","45":"2","46":"2","25":"2","75":"2"},"6F":{"V6":"2"},"G5":{"P2":"2","M2":"2"},"2R":{"GM":"2"},"G4":{"H6":"2","Q2":"2","M5":"2","MX":"2","RX":"2","P3":"2","J4":"2","J5":"2","G5":"2","F5":"2","7P":"2","M4":"2","R4":"2","QX":"2","Q3":"2"},"GP":{"3G":"2","5C":"2","5F":"2","4F":"2","3F":"2","5G":"2","58":"2"}},"67":{"JQ":{"J2":"2","M3":"2","J3":"2","M2":"2"},"MP":{"WP":"2","XM":"2","XP":"2","VM":"2","WM":"2"},"QR":{"H4":"2","R2":"2","J4":"2","R3":"2","Q3":"2","P3":"2","M3":"2","Q4":"2","H3":"2","H2":"2","G2":"2","Q2":"2"},"CF":{"26":"2"},"2V":{"HM":"2","HJ":"2","JJ":"2","JM":"2"},"QQ":{"GV":"2","7M":"2","7P":"2","6M":"2","6P":"2"},"JP":{"MX":"2","JX":"2"}},"64":{"4W":{"XR":"2","XC":"2","XF":"2"},"5X":{"22":"2"},"5W":{"2C":"2","2F":"2"}},"6H":{"RX":{"8Q":"2","7R":"2","6R":"2","7Q":"2","6Q":"2","8R":"2"},"M2":{"JH":"2","HM":"2","HJ":"2","GF":"2","P6":"2","Q7":"2","P7":"2","HF":"2","MG":"2","HH":"2","JF":"2","JG":"2","Q6":"2"}},"69":{"25":{"PW":"2","PV":"2"}},"8J":{"C9":{"82":"2","92":"2"},"WJ":{"HM":"2","JH":"2","HJ":"2","HP":"2","JJ":"2","MM":"2","JM":"2","JP":"2","FG":"2"},"XJ":{"4P":"2"},"C8":{"9X":"2","8X":"2"}},"54":{"WV":{"G9":"2","F9":"2","GC":"2","FC":"2"},"XR":{"X4":"2"}},"53":{"V7":{"HX":"2","GX":"2"},"V8":{"H2":"2"}},"6G":{"F4":{"4P":"2","4M":"2","4V":"2","3R":"2","3W":"2","2V":"2","3V":"2","6M":"2","4R":"2","3P":"2","5M":"2","2R":"2","5P":"2","3Q":"2","6P":"2","4Q":"2","5Q":"2"},"C5":{"R3":"2","R6":"2","V5":"2","V6":"2","V7":"2","R8":"2","V2":"2","V8":"2","W2":"2","V4":"2","R2":"2","R7":"2","V3":"2","R4":"2"},"F3":{"H4":"2","J4":"2","G3":"2","J3":"2","H3":"2"}},"38":{"2X":{"93":"2","92":"2"}},"3W":{"73":{"QF":"2"}},"92":{"CH":{"2G":"2"},"9H":{"WH":"2"},"FP":{"54":"2","66":"2","GM":"2","74":"2","52":"2","84":"2","53":"2"},"CP":{"P7":"2","Q8":"2","X7":"2","P8":"2"},"2Q":{"PJ":"2"},"CF":{"QR":"2","PV":"2","QV":"2","QW":"2","PX":"2"},"CJ":{"3M":"2","2P":"2"},"CM":{"JW":"2","MX":"2","GQ":"2"},"CG":{"M6":"2","MC":"2","M4":"2","P4":"2","JF":"2","M9":"2","J9":"2","JG":"2","P2":"2","H7":"2","M7":"2"},"9M":{"RG":"2","Q7":"2","VC":"2","Q8":"2","WF":"2","MJ":"2"},"9J":{"VX":"2"}}},"index":{"university,1|retail,2|tourism,3|wreck,4|historical,5|artsCulture,6|namedBuilding,7|water,8|wetland,9|park,10|beach,11|natureReserve,12|cemetery,13|trail,14":{}}}