{"index":{"university,1|retail,2|tourism,3|wreck,4|historical,5|artsCulture,6|namedBuilding,7|water,8|wetland,9|park,10|beach,11|natureReserve,12|cemetery,13|trail,14":{}},"6V":{"22":{"H2":{"R8":"2","G9":"2","F3":"2","M9":"2","P7":"2","MG":"2","F8":"2","PC":"2","C4":"2","M6":"2","PF":"2","MF":"2","V8":"2","VC":"2","Q6":"2","VF":"2","R9":"2","F7":"2","P6":"2","R7":"2","G7":"2","RF":"2","WF":"2","V9":"2","P9":"2","M7":"2","Q7":"2","G8":"2","QF":"2","C3":"2","PG":"2","RC":"2","QH":"2","QC":"2","QG":"2","M8":"2","Q9":"2","Q8":"2","P8":"2","C2":"2","F4":"2","MC":"2","92":"2"}},"HJ":{"9W":{"4G":"2","4J":"2","3F":"2","5H":"2","4H":"2","4F":"2","7J":"2","5J":"2","4C":"2","3C":"2","7M":"2","5M":"2","3H":"2"},"8X":{"JH":"2","HH":"2","JF":"2","HG":"2","JX":"2"}},"HM":{"93":{"7M":"2","6F":"2","45":"2","46":"2"},"C4":{"2C":"2","C2":"2","47":"2","29":"2"},"82":{"RG":"2","M7":"2","XQ":"2","M6":"2","P8":"2","VJ":"2","M5":"2","QC":"2","QF":"2","M4":"2","P9":"2"},"94":{"77":"2","XF":"2","6X":"2","79":"2","7Q":"2","8J":"2","7R":"2","9F":"2","X9":"2","74":"2","6V":"2","8C":"2","7P":"2","73":"2","XG":"2"},"92":{"4V":"2"},"95":{"62":"2"}},"9R":{"9R":{"4G":"2"},"8R":{"WJ":"2"}},"VH":{"42":{"VQ":"2"},"39":{"M6":"2","QG":"2","RJ":"2","VJ":"2","PF":"2","VH":"2","PC":"2","PG":"2","QH":"2","PH":"2","XJ":"2","RH":"2"},"38":{"JQ":"2","GC":"2","JX":"2","92":"2"},"2H":{"X8":"2"},"34":{"QQ":"2"},"52":{"3P":"2"},"3H":{"54":"2"},"36":{"49":"2"},"49":{"5C":"2","2H":"2","5F":"2","4F":"2","F5":"2","F4":"2","78":"2"}},"Q4":{"9X":{"4F":"2","9W":"2"}},"F8":{"CW":{"XG":"2","XH":"2"},"FW":{"7M":"2","8C":"2","7P":"2","66":"2","6M":"2","6P":"2","WQ":"2","39":"2"}},"3X":{"F5":{"GW":"2","HW":"2","JW":"2","MX":"2","JX":"2"}},"CP":{"QQ":{"CH":"2","CG":"2"}},"FP":{"8F":{"82":"2"}},"32":{"6M":{"GW":"2","HW":"2","HX":"2","GX":"2"},"MJ":{"2H":"2"},"6P":{"H2":"2","G2":"2"}},"Q5":{"82":{"G5":"2","JF":"2","H5":"2"},"92":{"3C":"2"}},"GM":{"FR":{"QQ":"2"},"CW":{"3C":"2"}},"W9":{"PP":{"MR":"2","PQ":"2"},"QP":{"HP":"2","HQ":"2","JP":"2"}}}}