{"index":{"university,1|retail,2|tourism,3|wreck,4|historical,5|artsCulture,6|namedBuilding,7|water,8|wetland,9|park,10|beach,11|natureReserve,12|cemetery,13|trail,14":{}},"73":{"F7":{"F4":{"RC":"2"},"92":{"FM":"2","FP":"2"},"F3":{"V3":"2","V2":"2"},"H2":{"CR":"2","9R":"2","54":"2","9Q":"2"},"G2":{"2W":"2","4R":"2","3R":"2","2V":"2","3W":"2","2R":"2","3V":"2","4V":"2"}},"H4":{"M2":{"HX":"2"},"77":{"GV":"2","PR":"2","JQ":"2","GW":"2","QX":"2","MP":"2","HW":"2","HV":"2","MR":"2","MM":"2","VR":"2","PV":"2","VQ":"2","MV":"2","QW":"2","MQ":"2","JP":"2","J7":"2","M7":"2"},"H4":{"4W":"2"},"76":{"M2":"2","H6":"2","F7":"2","H7":"2","W6":"2","C2":"2","HW":"2","92":"2","J2":"2","QW":"2","H8":"2","G7":"2","G8":"2","X6":"2","HV":"2","J6":"2","G6":"2"},"95":{"XX":"2"},"G2":{"82":"2"},"88":{"7P":"2","8J":"2","9H":"2","M3":"2","8M":"2","9J":"2"},"C2":{"2J":"2","72":"2","62":"2","G2":"2","G3":"2","F3":"2","F2":"2","5F":"2","C3":"2","2G":"2","H3":"2","6F":"2","2F":"2","2H":"2","H2":"2"},"P2":{"23":"2","33":"2","32":"2","22":"2","42":"2","34":"2","43":"2"},"92":{"MW":"2","JG":"2","7M":"2","XC":"2","RX":"2","VJ":"2","QV":"2","WM":"2","7Q":"2","VM":"2","QX":"2","RW":"2","XF":"2","VH":"2","8Q":"2","XH":"2","PX":"2","PW":"2","XG":"2","6P":"2","7P":"2","RH":"2","WC":"2","VG":"2","8P":"2","MX":"2","8M":"2","JX":"2","VF":"2","QW":"2","QR":"2","WF":"2","9P":"2","WJ":"2","WG":"2"},"5W":{"38":"2","44":"2"},"83":{"X9":"2","VW":"2","WQ":"2","WW":"2","WV":"2","XC":"2","PM":"2","R9":"2","PP":"2","HM":"2","X8":"2","VP":"2","HJ":"2","V9":"2","MG":"2","W9":"2","PX":"2","PW":"2","VC":"2","JJ":"2","HH":"2","MJ":"2","CR":"2","WC":"2","W8":"2","8P":"2","RC":"2","MP":"2","WP":"2","9P":"2","MH":"2","CF":"2","JH":"2","PG":"2","MM":"2","VV":"2"},"85":{"22":"2","5R":"2","6Q":"2","C2":"2","F3":"2","6R":"2","92":"2","75":"2","3F":"2","24":"2","23":"2","4R":"2","27":"2","2H":"2","26":"2","46":"2","32":"2","4Q":"2","25":"2","5Q":"2"},"75":{"PV":"2","W8":"2","R8":"2","PM":"2","M9":"2","GP":"2","RG":"2","R6":"2","P7":"2","W3":"2","JF":"2","V2":"2","XF":"2","V7":"2","7H":"2","V4":"2","W7":"2","X6":"2","GF":"2","M6":"2","H8":"2","VG":"2","VC":"2","X5":"2","5J":"2","HF":"2","Q6":"2","CH":"2","R4":"2","W9":"2","R3":"2","FG":"2","VF":"2","PW":"2","HC":"2","MP":"2","W6":"2","MX":"2","JP":"2","PP":"2","P6":"2","R7":"2","GJ":"2","RF":"2","JC":"2","CX":"2","MW":"2","Q4":"2","PR":"2","V9":"2","QM":"2","WH":"2","J7":"2","FH":"2","M7":"2","W4":"2","V3":"2","9Q":"2","7V":"2","Q7":"2","X7":"2","QR":"2","W5":"2","V5":"2","GC":"2","Q5":"2","R5":"2","QQ":"2","9X":"2","GM":"2","X4":"2","W2":"2","QP":"2","QC":"2","VH":"2","J9":"2","RP":"2","CG":"2","HG":"2","GG":"2","FM":"2","Q9":"2","X3":"2","P8":"2","Q8":"2","RH":"2","JX":"2","RJ":"2","MM":"2","HP":"2","V6":"2","H9":"2","9P":"2","R2":"2","WC":"2"},"J3":{"RG":"2","PJ":"2","QG":"2","RJ":"2","VJ":"2","6Q":"2","VH":"2","CM":"2","QJ":"2","9M":"2","PG":"2","WH":"2","9P":"2","VG":"2","XH":"2","VF":"2","QH":"2","PH":"2","XG":"2","WG":"2","RH":"2"},"4W":{"P4":"2"},"C7":{"R3":"2","V4":"2","F2":"2","C2":"2","V3":"2","C3":"2","W3":"2","F3":"2","W4":"2","R4":"2"},"82":{"99":"2","72":"2","C2":"2","92":"2","83":"2","85":"2","98":"2","82":"2","93":"2","74":"2","84":"2","73":"2"},"3X":{"QJ":"2","RH":"2"},"93":{"M2":"2","M7":"2","H6":"2","7C":"2","M6":"2","86":"2","P5":"2","HC":"2","M5":"2","P2":"2","5F":"2","3V":"2","J9":"2","39":"2","29":"2","P4":"2","3F":"2","2C":"2","8F":"2","4F":"2","J4":"2","J5":"2","96":"2","5C":"2","8C":"2","4C":"2","3C":"2","P6":"2","J6":"2","J7":"2","FV":"2","M4":"2","GQ":"2","49":"2","M3":"2","H9":"2"},"96":{"HW":"2","X2":"2","WJ":"2","JW":"2","XJ":"2","XH":"2","PX":"2","WH":"2","VH":"2"},"C6":{"72":"2","62":"2","23":"2","33":"2","32":"2","22":"2","VX":"2","VW":"2","46":"2","42":"2","8M":"2","9M":"2"},"87":{"2Q":"2","XG":"2","GX":"2","XH":"2","VH":"2"},"78":{"G6":"2","H6":"2","G7":"2","WP":"2","G5":"2","C3":"2","XP":"2","H5":"2","H7":"2","WM":"2"},"74":{"VW":"2","WQ":"2","WW":"2","WV":"2","VX":"2","RX":"2","RR":"2","RW":"2","WX":"2","XX":"2","RV":"2","XR":"2","WR":"2","XQ":"2","XW":"2","VV":"2"},"F5":{"56":"2"},"C5":{"8R":"2","9V":"2","CR":"2","9R":"2","PF":"2","8V":"2","8X":"2","J8":"2","CX":"2","PC":"2","9X":"2","9W":"2","2X":"2","3X":"2","FW":"2","CW":"2","7V":"2","CV":"2","QF":"2","7X":"2","8W":"2"},"84":{"V8":"2","3Q":"2","8W":"2","8R":"2","F5":"2","HJ":"2","3R":"2","7W":"2","FC":"2","GC":"2","3F":"2","6R":"2","FF":"2","JM":"2","2R":"2","3W":"2","VC":"2","V2":"2","9G":"2","9H":"2","5W":"2","7J":"2","7P":"2","W7":"2","FJ":"2","7M":"2","W4":"2","4P":"2","6M":"2","P8":"2","8J":"2","3X":"2","7V":"2","FP":"2","V9":"2","3V":"2","6V":"2","4R":"2","8Q":"2","CC":"2","J7":"2","CQ":"2","6P":"2","FV":"2","P7":"2","2P":"2","CX":"2","2X":"2","M8":"2","F9":"2","9W":"2","9Q":"2","R4":"2","8M":"2","5P":"2","4W":"2","G9":"2","HH":"2","J8":"2","CM":"2","3G":"2","4H":"2","GG":"2","W3":"2","V4":"2","5V":"2","4G":"2","FR":"2","G7":"2","MJ":"2","PJ":"2","CG":"2","4Q":"2","R9":"2","7H":"2","8P":"2","JF":"2","7Q":"2","2W":"2","9F":"2","J9":"2","R8":"2","4M":"2","4X":"2","2H":"2","2Q":"2","6Q":"2","H8":"2","P9":"2","3H":"2","5Q":"2","GP":"2","7R":"2","J6":"2","FG":"2","M7":"2","H7":"2","CH":"2","9M":"2","2M":"2","8H":"2","9R":"2","CF":"2","2V":"2","W8":"2","FM":"2","8G":"2","8V":"2","5R":"2","MC":"2","F6":"2","PM":"2","M9":"2","H6":"2","CR":"2","7G":"2","V3":"2"},"4Q":{"JQ":"2","MQ":"2"},"97":{"FR":"2","G9":"2","W4":"2","XC":"2","X5":"2","V3":"2","V4":"2","3C":"2","W3":"2","W9":"2","Q5":"2","V5":"2","CR":"2","RJ":"2","R6":"2","RH":"2","WC":"2","R4":"2","X4":"2","HC":"2","W5":"2","WF":"2","V6":"2","R5":"2","GC":"2","Q6":"2"},"M3":{"G3":"2","2C":"2","C3":"2","F3":"2","G2":"2","39":"2"},"5Q":{"Q3":"2"}},"F6":{"MW":{"XQ":"2","PJ":"2","RJ":"2","VM":"2","VJ":"2","XR":"2","QJ":"2","QM":"2","M8":"2","MJ":"2","XM":"2","WM":"2","WP":"2","JP":"2","QH":"2","FC":"2","XP":"2","WQ":"2","M9":"2","RH":"2","RM":"2","5Q":"2"},"FR":{"QX":"2"},"28":{"QR":"2","XP":"2","XQ":"2"},"W4":{"7C":"2","F7":"2","H7":"2","76":"2","89":"2","88":"2","79":"2","RV":"2","F6":"2","98":"2","G7":"2","WM":"2","RR":"2","CG":"2","87":"2","VX":"2","F5":"2","G6":"2","RH":"2","VW":"2"},"54":{"8P":"2"},"X5":{"C6":"2","RG":"2","VF":"2","FH":"2"},"39":{"9P":"2","8M":"2"},"W6":{"G6":"2","H6":"2","F7":"2","G7":"2","G8":"2","H8":"2","F6":"2","H7":"2"},"94":{"WC":"2"},"3C":{"56":"2","68":"2","57":"2","67":"2","66":"2","53":"2"},"RW":{"63":"2"},"PV":{"7W":"2","8W":"2"},"JW":{"2X":"2"},"H3":{"37":"2"},"PX":{"G6":"2","G5":"2","G4":"2","76":"2","83":"2","84":"2","75":"2","P8":"2"},"PW":{"9M":"2","G7":"2","6C":"2","C7":"2","J5":"2","4J":"2","FM":"2","GH":"2","97":"2","G6":"2","4P":"2","F5":"2","6G":"2","2G":"2","HM":"2","7J":"2","CM":"2","3M":"2","C6":"2","5C":"2","59":"2","5G":"2","96":"2","8F":"2","9J":"2","7G":"2","2P":"2","79":"2","2M":"2","78":"2","2Q":"2","FP":"2","2R":"2","4X":"2","F8":"2","7P":"2","F6":"2","CH":"2","FQ":"2","FH":"2","J4":"2","7H":"2","4F":"2","98":"2","5P":"2","8P":"2","99":"2","CC":"2","H6":"2","8M":"2","C9":"2","5F":"2","58":"2","3G":"2","89":"2","4M":"2","CJ":"2","C8":"2","3P":"2","6F":"2","88":"2","H7":"2","G5":"2","6J":"2","F7":"2","9C":"2","7C":"2","6H":"2","9P":"2","8C":"2","9F":"2","69":"2","GM":"2","CP":"2","7F":"2"},"G3":{"7H":"2","9H":"2","8G":"2","9G":"2","8H":"2","JF":"2","GG":"2","HG":"2","42":"2","52":"2","FH":"2","53":"2","43":"2"},"F4":{"C6":"2","3C":"2","59":"2","39":"2"},"J2":{"W8":"2","G9":"2","W3":"2","V2":"2","V7":"2","W7":"2","V4":"2","C7":"2","X6":"2","M5":"2","M6":"2","7M":"2","H8":"2","6M":"2","X5":"2","5P":"2","R4":"2","R3":"2","79":"2","J6":"2","X2":"2","W6":"2","6P":"2","P6":"2","Q4":"2","5M":"2","4F":"2","W4":"2","V3":"2","5F":"2","G8":"2","W5":"2","V5":"2","Q5":"2","R5":"2","W2":"2","H7":"2","J9":"2","H6":"2","J5":"2","Q2":"2","X3":"2","88":"2","P5":"2","V6":"2","R2":"2"},"C3":{"FR":"2","FQ":"2"},"RV":{"X3":"2","HW":"2"},"CQ":{"J8":"2","H9":"2","H8":"2","M9":"2","J9":"2","H7":"2"},"4F":{"JQ":"2","PW":"2","HQ":"2"},"MV":{"8W":"2"},"36":{"PG":"2","PF":"2","MF":"2","MG":"2"},"P2":{"CF":"2","8F":"2","CC":"2","FC":"2","FF":"2"},"MX":{"4R":"2"},"HV":{"2V":"2"},"XQ":{"M8":"2"},"C4":{"79":"2","XC":"2","R6":"2","89":"2","WC":"2"},"JX":{"C6":"2","F5":"2","F6":"2","C5":"2"},"H2":{"9M":"2","FM":"2","4P":"2","7M":"2","VJ":"2","7V":"2","CM":"2","7R":"2","8J":"2","VH":"2","8Q":"2","6R":"2","8R":"2","FP":"2","4Q":"2","7P":"2","5Q":"2","FQ":"2","5M":"2","CQ":"2","8V":"2","5P":"2","8P":"2","6Q":"2","9Q":"2","WH":"2","8M":"2","4M":"2","CJ":"2","9P":"2","FJ":"2","JM":"2","CP":"2"},"F3":{"9V":"2","RM":"2","QR":"2","FJ":"2","PV":"2","QV":"2","VM":"2","QQ":"2"},"M2":{"23":"2","32":"2","22":"2","83":"2","84":"2"},"HW":{"HP":"2","76":"2","VV":"2","Q9":"2","VR":"2"},"GC":{"PF":"2"},"CP":{"MH":"2","W8":"2","MG":"2","HV":"2","HR":"2"},"VV":{"8P":"2","CP":"2","9P":"2","8M":"2","5W":"2","9Q":"2"},"R2":{"G6":"2","H4":"2","H6":"2","G5":"2","H5":"2"}},"J2":{"4M":{"VP":"2"},"3M":{"X9":"2","28":"2","6G":"2","HM":"2","X8":"2","5H":"2","7J":"2","8H":"2","CM":"2","HJ":"2","JP":"2","GJ":"2","8J":"2","5G":"2","3C":"2","X7":"2","9J":"2","HH":"2","HP":"2","7H":"2","W8":"2","CJ":"2","6J":"2","9H":"2","6H":"2","5J":"2","FJ":"2","JM":"2","GM":"2"},"6G":{"7G":"2","35":"2","33":"2","32":"2","7F":"2","34":"2"},"6F":{"C4":"2","C3":"2"},"48":{"HP":"2","GQ":"2","HQ":"2","JR":"2"},"6J":{"57":"2"},"2M":{"W7":"2","33":"2"},"6H":{"6R":"2","5Q":"2","3R":"2","6V":"2","6P":"2","4Q":"2"}},"H5":{"35":{"9R":"2"},"32":{"H3":"2"},"36":{"F2":"2"},"28":{"2W":"2","3W":"2"},"52":{"R8":"2","P9":"2"},"29":{"76":"2"}},"H3":{"FQ":{"6R":"2","6V":"2"},"9V":{"J4":"2","P2":"2","Q2":"2"},"CR":{"4P":"2","P8":"2","Q7":"2","P9":"2","W6":"2","X6":"2","J9":"2","H9":"2","V7":"2","P7":"2","R6":"2","Q9":"2","6F":"2","HC":"2","W5":"2","R7":"2","M8":"2","V6":"2","JC":"2","Q8":"2"},"9R":{"QX":"2","VR":"2","QW":"2","PX":"2"},"8V":{"QG":"2","6W":"2"},"8X":{"9X":"2","8X":"2","GH":"2","MF":"2","V8":"2","XC":"2","9W":"2","HJ":"2","GJ":"2","7W":"2","MG":"2","XF":"2","8Q":"2","J3":"2","W9":"2","8R":"2","V7":"2","8W":"2","HH":"2","J2":"2","V5":"2","6W":"2","W8":"2","GG":"2","8V":"2","9R":"2","8P":"2","9Q":"2","8M":"2","CW":"2","9V":"2","9P":"2","CX":"2","M2":"2","V6":"2","R5":"2","PG":"2","7X":"2"},"MX":{"C4":"2","WR":"2","G7":"2","H7":"2"},"CX":{"XW":"2","RG":"2","GW":"2","XV":"2","9V":"2","3R":"2","HM":"2","2V":"2","6X":"2","3V":"2","2X":"2","FX":"2","GX":"2","HX":"2","FW":"2","CW":"2","2R":"2","FV":"2","CV":"2","7X":"2","2W":"2"},"9X":{"XW":"2","XX":"2","XV":"2","JH":"2","JG":"2","P8":"2","R8":"2","XR":"2","MX":"2","GG":"2","HH":"2","PV":"2","MW":"2","JF":"2","HF":"2","Q8":"2","MV":"2","JJ":"2","GF":"2","R7":"2","Q7":"2","PX":"2","WR":"2","HG":"2"},"MW":{"2V":"2","2R":"2"},"FX":{"9X":"2","X9":"2","8X":"2","XC":"2","R9":"2","Q7":"2","9W":"2","2W":"2","V9":"2","W9":"2","VC":"2","8W":"2","2R":"2","4V":"2","3R":"2","5M":"2","WC":"2","R8":"2","3W":"2","3V":"2","5P":"2","RC":"2","4M":"2","WF":"2","5J":"2","2V":"2","Q8":"2","Q6":"2"},"GX":{"G6":"2","G7":"2","8X":"2"},"FW":{"RR":"2","QR":"2","VQ":"2","QQ":"2"},"HV":{"MW":"2","VW":"2","WW":"2","VX":"2","GW":"2","RX":"2","7J":"2","8H":"2","8J":"2","QX":"2","RW":"2","WX":"2","JW":"2","PX":"2","PW":"2","FH":"2","FG":"2","7H":"2","HV":"2","JV":"2","QW":"2","GV":"2","HW":"2"},"JW":{"XR":"2","XQ":"2"},"8W":{"3Q":"2","66":"2","87":"2","79":"2","3R":"2","QC":"2","PX":"2","M5":"2","G8":"2","6R":"2","RG":"2","2R":"2","97":"2","5X":"2","PC":"2","CJ":"2","VC":"2","PV":"2","JX":"2","89":"2","9G":"2","9H":"2","5W":"2","7J":"2","FJ":"2","88":"2","VF":"2","4P":"2","HG":"2","P8":"2","Q9":"2","7V":"2","RF":"2","H5":"2","3V":"2","74":"2","6V":"2","4R":"2","4J":"2","78":"2","C8":"2","J7":"2","28":"2","M8":"2","8C":"2","5P":"2","4W":"2","68":"2","JC":"2","77":"2","VG":"2","MV":"2","J8":"2","MW":"2","M3":"2","MX":"2","C6":"2","JW":"2","6X":"2","7C":"2","5V":"2","G6":"2","G5":"2","G7":"2","96":"2","99":"2","M4":"2","7F":"2","4Q":"2","PW":"2","C9":"2","P6":"2","G4":"2","76":"2","95":"2","75":"2","85":"2","3M":"2","HF":"2","J9":"2","8F":"2","67":"2","J4":"2","4M":"2","69":"2","2Q":"2","4V":"2","H3":"2","6Q":"2","C7":"2","H8":"2","9C":"2","P9":"2","QF":"2","M6":"2","5Q":"2","J6":"2","5M":"2","HC":"2","6W":"2","M7":"2","H7":"2","H4":"2","8H":"2","8G":"2","FM":"2","3P":"2","98":"2","5R":"2","MC":"2","RC":"2","86":"2","J3":"2","M9":"2","H6":"2","73":"2","J5":"2","6H":"2"}},"G5":{"MW":{"4M":"2"},"P3":{"QX":"2","RX":"2"},"RM":{"P5":"2","F9":"2","C9":"2","Q4":"2","M8":"2","P4":"2","CC":"2","P7":"2","P6":"2","Q5":"2"},"RF":{"XV":"2","MP":"2","GP":"2"},"V8":{"FF":"2","M7":"2","GC":"2","HC":"2","P8":"2","PF":"2","MC":"2","PC":"2","FG":"2","J9":"2","M8":"2","GG":"2","CF":"2","9F":"2","PG":"2","MG":"2","HF":"2","Q8":"2","GF":"2","MF":"2","P7":"2","FC":"2","Q7":"2","G9":"2","JC":"2","M9":"2","H9":"2","P9":"2"},"R9":{"6H":"2","6G":"2"},"X8":{"XW":"2","FF":"2","PJ":"2","VM":"2","CF":"2","CC":"2","MJ":"2","WW":"2","WM":"2","27":"2","PM":"2","26":"2","FC":"2","XP":"2","MM":"2","37":"2"},"WM":{"CR":"2","7G":"2","7H":"2","CV":"2"},"VP":{"P3":"2"},"VM":{"2Q":"2","3R":"2","2P":"2","4R":"2","MV":"2","9P":"2","3P":"2","3Q":"2","4Q":"2"},"PH":{"75":"2","73":"2","H5":"2","G6":"2","54":"2","X5":"2","84":"2","64":"2","V2":"2","63":"2","G4":"2","74":"2","W2":"2","94":"2","X6":"2","93":"2","G2":"2","X7":"2","H3":"2","83":"2","65":"2","X3":"2","85":"2","44":"2","F4":"2","G3":"2","C3":"2","55":"2","F2":"2","C4":"2","H6":"2","H2":"2","92":"2","X4":"2","G5":"2","F3":"2","56":"2"},"P4":{"R2":"2","R3":"2","V4":"2","Q3":"2","V3":"2","V2":"2","R4":"2","Q2":"2"},"XF":{"F7":"2","G8":"2","W3":"2"},"VH":{"H4":"2","Q2":"2","W5":"2","V5":"2","62":"2","W4":"2","W6":"2","V6":"2","V4":"2","J3":"2","J2":"2","H3":"2","J4":"2","Q8":"2","H2":"2"},"PJ":{"4V":"2"},"JJ":{"X2":"2"},"R3":{"PJ":"2","FJ":"2","CM":"2","FH":"2","CJ":"2","GH":"2","FM":"2","PM":"2","GJ":"2","PH":"2"},"RJ":{"5J":"2"},"W8":{"38":"2","75":"2","J5":"2","73":"2","H5":"2","M5":"2","F5":"2","84":"2","64":"2","W7":"2","P5":"2","W6":"2","C6":"2","G4":"2","P4":"2","74":"2","94":"2","X6":"2","96":"2","93":"2","X7":"2","95":"2","H3":"2","83":"2","65":"2","85":"2","H4":"2","F6":"2","G3":"2","F4":"2","C3":"2","J4":"2","C5":"2","47":"2","C4":"2","48":"2","W5":"2","G5":"2","F3":"2","M4":"2","66":"2"},"VG":{"PV":"2","23":"2","42":"2","FW":"2","GV":"2","PM":"2","32":"2","22":"2","MH":"2","RG":"2","V2":"2","MG":"2","93":"2","PC":"2","VP":"2","V4":"2","GX":"2","MR":"2","X6":"2","M5":"2","M6":"2","PF":"2","MV":"2","MF":"2","PX":"2","X5":"2","QW":"2","PH":"2","Q6":"2","CV":"2","FR":"2","FV":"2","R3":"2","JV":"2","JR":"2","Q3":"2","PW":"2","MP":"2","PJ":"2","MX":"2","P6":"2","PP":"2","QJ":"2","MW":"2","Q4":"2","QV":"2","PR":"2","33":"2","HR":"2","QM":"2","P2":"2","GW":"2","W4":"2","V3":"2","PQ":"2","Q7":"2","HV":"2","MQ":"2","GR":"2","QF":"2","QR":"2","W5":"2","C3":"2","FX":"2","Q5":"2","QX":"2","CR":"2","PG":"2","QQ":"2","W2":"2","QP":"2","QH":"2","QC":"2","JW":"2","GQ":"2","RP":"2","HW":"2","QG":"2","Q2":"2","RM":"2","RH":"2","RJ":"2","JX":"2","P5":"2","C2":"2","RQ":"2","P4":"2","VQ":"2","43":"2","92":"2","RR":"2","R2":"2"},"JV":{"PG":"2"},"QH":{"23":"2","33":"2","32":"2","22":"2","27":"2","25":"2","26":"2"},"QG":{"PM":"2","GW":"2","GX":"2","7V":"2","JQ":"2","FW":"2","7R":"2","JP":"2","2W":"2","5V":"2","6R":"2","8R":"2","PJ":"2","4V":"2","MJ":"2","CR":"2","5R":"2","8V":"2","9R":"2","3V":"2","MP":"2","6V":"2","3X":"2","CW":"2","CX":"2","2V":"2","FX":"2","MM":"2","4R":"2"},"WP":{"F7":"2"},"QF":{"RR":"2","WR":"2","WV":"2","WW":"2","VV":"2","RQ":"2","VR":"2","VP":"2","VQ":"2","WQ":"2","RP":"2"},"QM":{"GF":"2","5C":"2","5F":"2"},"VF":{"RW":"2","RX":"2","QW":"2","MW":"2","FW":"2","VX":"2","PW":"2","CW":"2","PX":"2","QX":"2","VW":"2"},"QW":{"VX":"2"},"WF":{"9W":"2","CW":"2"},"MH":{"R8":"2","G9":"2","R6":"2","P7":"2","V4":"2","X6":"2","M5":"2","M6":"2","H8":"2","86":"2","J4":"2","X5":"2","Q6":"2","H3":"2","66":"2","R4":"2","H4":"2","G4":"2","J6":"2","W6":"2","F7":"2","G6":"2","P6":"2","55":"2","R7":"2","G7":"2","87":"2","Q4":"2","J7":"2","W4":"2","F6":"2","Q7":"2","G8":"2","W5":"2","V5":"2","M4":"2","Q5":"2","R5":"2","X4":"2","65":"2","H7":"2","F5":"2","H6":"2","J5":"2","Q9":"2","Q8":"2","P8":"2","88":"2","P5":"2","P4":"2","G5":"2","F4":"2","H5":"2","H9":"2"},"JH":{"2J":"2","2H":"2","M3":"2"},"WJ":{"8C":"2","79":"2","GJ":"2","89":"2","88":"2","7C":"2"},"WG":{"35":"2","38":"2","47":"2","36":"2","27":"2","46":"2","28":"2","26":"2","37":"2","39":"2"},"PG":{"XX":"2","XW":"2","JX":"2","XV":"2","XR":"2","MX":"2","WV":"2","WW":"2","MW":"2","HX":"2","WX":"2","VX":"2","PW":"2","PX":"2","VW":"2"}},"F5":{"MX":{"QJ":"2","RM":"2","FR":"2","FM":"2","GR":"2","XC":"2","PM":"2","GW":"2","PP":"2","VJ":"2","XP":"2","CM":"2","VM":"2","FW":"2","PH":"2","2W":"2","XF":"2","FV":"2","XH":"2","6R":"2","XJ":"2","GP":"2","PJ":"2","XG":"2","FP":"2","MJ":"2","CH":"2","RJ":"2","FQ":"2","RH":"2","XR":"2","MP":"2","XQ":"2","QP":"2","QH":"2","QM":"2","GV":"2","9H":"2","3X":"2","MH":"2","9F":"2","RP":"2","XM":"2","GQ":"2","MM":"2","CP":"2","2X":"2"},"JX":{"XV":"2","WW":"2","WX":"2","VX":"2","VW":"2","XX":"2","XW":"2"},"PX":{"M7":"2","M6":"2","P5":"2","2J":"2","2Q":"2","P8":"2","M8":"2","2P":"2","2C":"2","2G":"2","2F":"2","2H":"2","P7":"2","P6":"2","2R":"2","2M":"2"}},"H2":{"X8":{"4H":"2","4M":"2","4J":"2","3M":"2","5G":"2"},"VH":{"G5":"2"},"X6":{"XM":"2","XP":"2"},"WF":{"FR":"2","GF":"2","GC":"2","FC":"2","FF":"2","FX":"2"},"VG":{"M7":"2","PJ":"2","HR":"2","P8":"2","JR":"2","HQ":"2","M8":"2","MJ":"2","XM":"2","JJ":"2","FW":"2","P7":"2","PH":"2","MH":"2","M9":"2","P9":"2"},"WC":{"66":"2","54":"2","67":"2","38":"2","48":"2","27":"2","47":"2","26":"2","37":"2"},"WG":{"3P":"2","4P":"2","2M":"2","3M":"2"},"XJ":{"RM":"2","VW":"2","C7":"2","WW":"2","FM":"2","97":"2","WV":"2","54":"2","9W":"2","CM":"2","HJ":"2","JP":"2","GJ":"2","96":"2","8F":"2","JJ":"2","MJ":"2","CQ":"2","6W":"2","C5":"2","98":"2","WR":"2","5W":"2","9Q":"2","MP":"2","CC":"2","99":"2","C9":"2","89":"2","C8":"2","9C":"2","8C":"2","9F":"2","CF":"2","JM":"2","MM":"2","CP":"2","VV":"2"}},"G6":{"35":{"J8":"2","27":"2","J7":"2"},"Q2":{"F2":"2","47":"2","27":"2","28":"2","26":"2","37":"2"},"28":{"FF":"2","GW":"2","FQ":"2","9J":"2","FJ":"2","CM":"2","HW":"2","CH":"2","CJ":"2","9M":"2","FR":"2","FM":"2","GR":"2","CG":"2"},"P2":{"22":"2","X7":"2"},"3G":{"HJ":"2","9V":"2","HP":"2","CP":"2","HH":"2","JG":"2"},"29":{"H4":"2","J5":"2"},"2C":{"P3":"2","P2":"2"},"2H":{"Q6":"2"},"65":{"QC":"2","Q9":"2","P9":"2"},"4C":{"9F":"2"},"26":{"FM":"2"},"25":{"X8":"2","W8":"2","X7":"2","V7":"2","QC":"2","V8":"2","Q9":"2","W7":"2","X6":"2"},"2M":{"J2":"2","H2":"2"}}}}