{"index":{"university,1|retail,2|tourism,3|wreck,4|historical,5|artsCulture,6|namedBuilding,7|water,8|wetland,9|park,10|beach,11|natureReserve,12|cemetery,13|trail,14":{}},"78":{"52":{"7C":{"6H":"2"},"4G":{"9C":"2","8G":"2","9G":"2","6H":"2","8F":"2","8H":"2","3H":"2","9F":"2","3F":"2","3M":"2","FX":"2"},"6C":{"WP":"2","3M":"2"},"89":{"MP":"2"},"79":{"77":"2","CH":"2","85":"2","7G":"2","9H":"2","24":"2","H3":"2","7H":"2","25":"2"},"5F":{"CH":"2","JW":"2","MX":"2","JX":"2"},"3G":{"X2":"2","XP":"2","VM":"2","J5":"2","H3":"2"},"39":{"VW":"2","WQ":"2","JR":"2","VX":"2","GW":"2","GX":"2","RX":"2","QV":"2","XP":"2","WM":"2","VP":"2","QX":"2","XH":"2","XJ":"2","XG":"2","VQ":"2","RV":"2","MV":"2","WR":"2","WH":"2","XQ":"2","JV":"2","MR":"2","JX":"2","PR":"2","WP":"2","WJ":"2","HW":"2","XW":"2","XM":"2","VV":"2"},"3F":{"QJ":"2","G7":"2","HR":"2","75":"2","73":"2","F5":"2","X5":"2","76":"2","PH":"2","59":"2","GJ":"2","74":"2","H8":"2","J9":"2","H9":"2","2P":"2","PX":"2","2M":"2","83":"2","GP":"2","X3":"2","H4":"2","XX":"2","5M":"2","HP":"2","CQ":"2","5R":"2","MX":"2","HV":"2","QH":"2","FF":"2","H7":"2","F3":"2","J7":"2","CF":"2","HW":"2","GM":"2","66":"2"},"4H":{"23":"2","32":"2","44":"2","42":"2","53":"2"},"5G":{"G3":"2","G4":"2","F4":"2"},"4F":{"FF":"2","H6":"2","CF":"2","24":"2","H5":"2","6F":"2","34":"2","8G":"2"},"69":{"56":"2","9H":"2","X5":"2","X4":"2","W5":"2","66":"2","P4":"2","W4":"2","4V":"2"},"5C":{"3Q":"2","MG":"2","WF":"2","GG":"2"},"4C":{"36":"2","R8":"2","34":"2","32":"2","M9":"2","4C":"2","5C":"2","49":"2","H8":"2","86":"2","J4":"2","24":"2","6M":"2","77":"2","35":"2","25":"2","87":"2","FJ":"2","W4":"2","76":"2","Q7":"2","39":"2","JJ":"2","GC":"2","X4":"2","J9":"2","Q9":"2","Q8":"2","P8":"2","HJ":"2","J8":"2","54":"2","53":"2","MM":"2","MC":"2","H9":"2"},"3C":{"P3":"2","HR":"2","FR":"2","C7":"2","J5":"2","H5":"2","V8":"2","G6":"2","JR":"2","GR":"2","F5":"2","XC":"2","R9":"2","V3":"2","F9":"2","Q2":"2","V4":"2","V2":"2","W6":"2","V9":"2","G2":"2","9J":"2","J3":"2","JW":"2","H3":"2","8G":"2","8R":"2","V7":"2","VC":"2","8W":"2","Q3":"2","F8":"2","H4":"2","F6":"2","F4":"2","J2":"2","MJ":"2","V5":"2","QC":"2","9G":"2","WC":"2","R8":"2","P2":"2","9R":"2","8P":"2","F2":"2","RC":"2","HV":"2","9Q":"2","MP":"2","CC":"2","JV":"2","8M":"2","C9":"2","CJ":"2","C8":"2","Q9":"2","W5":"2","G5":"2","9H":"2","R7":"2","F7":"2","F3":"2","9V":"2","9P":"2","V6":"2","9F":"2","HW":"2","JM":"2","PG":"2","MM":"2","Q8":"2","Q6":"2","R2":"2"},"49":{"MW":"2","HG":"2","VW":"2","4W":"2","GF":"2","4J":"2","GH":"2","4P":"2","7M":"2","WV":"2","2G":"2","VR":"2","Q7":"2","HM":"2","QV":"2","7V":"2","5H":"2","3F":"2","CM":"2","2F":"2","FW":"2","3M":"2","W6":"2","RR":"2","2W":"2","5V":"2","8J":"2","5G":"2","MG":"2","2C":"2","J9":"2","9J":"2","FV":"2","PV":"2","H9":"2","JW":"2","7G":"2","2P":"2","2M":"2","2Q":"2","4Q":"2","2J":"2","4V":"2","4G":"2","7P":"2","CH":"2","5Q":"2","FQ":"2","3R":"2","5M":"2","FG":"2","RV":"2","CQ":"2","4F":"2","5R":"2","8V":"2","MV":"2","WR":"2","3V":"2","3J":"2","8P":"2","5W":"2","RQ":"2","6Q":"2","JV":"2","8M":"2","4H":"2","5F":"2","3G":"2","4M":"2","3Q":"2","3P":"2","6F":"2","QW":"2","HC":"2","9H":"2","6M":"2","R7":"2","3X":"2","QR":"2","M8":"2","9P":"2","MH":"2","V6":"2","GC":"2","GQ":"2","VV":"2"},"59":{"M7":"2","MF":"2","77":"2","3H":"2","M9":"2","P9":"2","MG":"2","X6":"2","PV":"2","27":"2","4Q":"2","P7":"2","JF":"2","R6":"2","87":"2","5P":"2","H6":"2","3Q":"2","P6":"2","67":"2","3P":"2","PF":"2","H7":"2","M6":"2","M8":"2","FC":"2"}}}}