{"index":{"university,1|retail,2|tourism,3|wreck,4|historical,5|artsCulture,6|namedBuilding,7|water,8|wetland,9|park,10|beach,11|natureReserve,12|cemetery,13|trail,14":{}},"79":{"8Q":{"R3":{"PG":"2"},"JQ":{"VP":"2"},"JV":{"79":"2"},"HJ":{"9R":"2","8V":"2","PF":"2","8R":"2"},"HP":{"Q7":"2","R7":"2"},"JM":{"C4":"2"},"V2":{"G7":"2","M7":"2","M5":"2","P8":"2","W7":"2","Q7":"2","P5":"2","X6":"2","8F":"2","J9":"2","H3":"2","53":"2","V7":"2","P7":"2","H4":"2","F6":"2","V5":"2","R6":"2","C5":"2","98":"2","CC":"2","H6":"2","P6":"2","H7":"2","W5":"2","M6":"2","J7":"2","Q8":"2","Q6":"2"},"MJ":{"6P":"2"},"W3":{"23":"2","34":"2"},"JP":{"72":"2","82":"2","94":"2"},"V3":{"PG":"2"},"MM":{"9J":"2"}},"7R":{"77":{"56":"2","55":"2","J2":"2","H2":"2","G2":"2"},"76":{"HR":"2","HX":"2","GX":"2"},"58":{"J5":"2"},"39":{"M9":"2"},"29":{"H4":"2","MX":"2"},"2C":{"HQ":"2"},"2G":{"H7":"2"},"38":{"WP":"2","VP":"2","WQ":"2","WM":"2"},"4F":{"8J":"2","R6":"2","P9":"2","Q6":"2","9J":"2"},"4R":{"PQ":"2"},"48":{"8C":"2","4G":"2","3H":"2"},"2F":{"FH":"2"},"5C":{"M6":"2","P5":"2","Q4":"2","W2":"2"},"4C":{"MX":"2","PQ":"2"},"3C":{"98":"2","74":"2","86":"2"},"4Q":{"QR":"2","QP":"2","PQ":"2","QQ":"2","RP":"2"},"5Q":{"HH":"2"}},"8P":{"XR":{"RV":"2"},"XM":{"5Q":"2","5R":"2","4Q":"2"},"VX":{"FJ":"2"},"RW":{"FQ":"2"}},"6R":{"WG":{"G7":"2","75":"2","77":"2","F5":"2","C2":"2","J8":"2","84":"2","W7":"2","C6":"2","76":"2","G4":"2","94":"2","96":"2","93":"2","95":"2","83":"2","65":"2","86":"2","85":"2","F4":"2","J2":"2","C3":"2","87":"2","C5":"2","F2":"2","C4":"2","92":"2","67":"2","C8":"2","F3":"2","72":"2","66":"2","82":"2"},"XF":{"4J":"2","2M":"2","3M":"2","2P":"2"},"WF":{"9X":"2","FR":"2","HR":"2","8X":"2","6C":"2","4J":"2","3H":"2","7M":"2","GR":"2","5H":"2","XP":"2","FW":"2","8J":"2","96":"2","8F":"2","8Q":"2","GP":"2","8R":"2","PJ":"2","FP":"2","6P":"2","CV":"2","7P":"2","CH":"2","CR":"2","5M":"2","VQ":"2","9G":"2","CQ":"2","9R":"2","8P":"2","5P":"2","9Q":"2","4H":"2","JX":"2","5F":"2","3P":"2","6F":"2","GV":"2","6M":"2","9V":"2","CW":"2","5J":"2","7C":"2","8C":"2","FX":"2","9F":"2","GQ":"2","7F":"2","7X":"2"},"W9":{"7W":"2"}},"7Q":{"2M":{"MF":"2","MG":"2","GG":"2"}},"8V":{"H4":{"X3":"2","W3":"2","W2":"2"},"Q2":{"5C":"2","X5":"2","6C":"2","59":"2","49":"2"},"Q4":{"93":"2","92":"2"},"J3":{"3C":"2","2W":"2","6H":"2","2V":"2","7J":"2","2X":"2","2R":"2","7C":"2","9M":"2"},"P3":{"M4":"2"},"55":{"PG":"2"},"23":{"QM":"2"},"H3":{"XX":"2","XW":"2","RG":"2","XV":"2","XR":"2","WW":"2","VG":"2","XP":"2","RH":"2"},"J4":{"22":"2"},"53":{"HM":"2","HJ":"2","GH":"2","FP":"2","GP":"2","GM":"2","GJ":"2","HH":"2"},"43":{"9V":"2","8R":"2"},"44":{"G6":"2","P5":"2","H7":"2"},"M3":{"G7":"2"},"Q3":{"66":"2","58":"2","45":"2","38":"2","33":"2","53":"2","43":"2","65":"2","34":"2","46":"2","44":"2","64":"2","36":"2","37":"2","49":"2","68":"2"}},"6Q":{"WG":{"72":"2","35":"2","24":"2","82":"2","23":"2","33":"2","32":"2","22":"2","42":"2","34":"2"},"VG":{"X3":"2","V3":"2","X6":"2","V2":"2","W3":"2","W2":"2","X9":"2"},"XJ":{"8J":"2","8M":"2","9M":"2"},"XG":{"PW":"2"},"WF":{"3X":"2","7X":"2","8X":"2"},"VF":{"WX":"2","VX":"2"},"WH":{"W4":"2"},"VH":{"G6":"2","R2":"2","W5":"2","P2":"2","H5":"2"},"V8":{"93":"2","C4":"2","Q5":"2","C3":"2","P9":"2"}},"9P":{"3Q":{"R2":"2","3G":"2","2H":"2","QF":"2"},"3P":{"HF":"2","6M":"2","3W":"2","HG":"2","3V":"2"},"2W":{"9R":"2","9H":"2","9G":"2","9P":"2","9Q":"2","9M":"2","9J":"2"},"6W":{"35":"2","24":"2","25":"2","34":"2"},"4R":{"FR":"2","7R":"2","FQ":"2"},"5V":{"7P":"2","QW":"2","29":"2"},"4P":{"5M":"2"},"2Q":{"VV":"2","VW":"2","VQ":"2"},"3R":{"G5":"2","H5":"2"},"5R":{"4P":"2"},"5X":{"G9":"2","H9":"2","GC":"2","7C":"2","42":"2"},"4X":{"M5":"2","J4":"2","RG":"2","RF":"2","F2":"2","VG":"2","R8":"2","XM":"2","Q9":"2","R7":"2","PV":"2","XP":"2","37":"2","G2":"2"},"2R":{"XF":"2","VW":"2","9M":"2"},"2M":{"C9":"2"},"3V":{"P6":"2"},"5W":{"PJ":"2","HP":"2","W6":"2","JG":"2","HM":"2","JM":"2","MP":"2","MQ":"2","83":"2","JP":"2","MM":"2"},"4Q":{"43":"2"},"4V":{"RM":"2","GP":"2","QF":"2","MQ":"2"}},"9Q":{"42":{"C7":"2","95":"2"}}}}