{"index":{"university,1|retail,2|tourism,3|wreck,4|historical,5|artsCulture,6|namedBuilding,7|water,8|wetland,9|park,10|beach,11|natureReserve,12|cemetery,13|trail,14":{}},"7F":{"24":{"99":{"CW":"2"},"XV":{"GF":"2"},"3R":{"8M":"2","9M":"2"},"9R":{"59":"2"},"R2":{"Q7":"2"},"FR":{"GC":"2"},"9P":{"RC":"2"},"9Q":{"96":"2"},"GP":{"QG":"2","MG":"2"}},"V8":{"RP":{"WJ":"2"}},"3Q":{"R5":{"VV":"2"},"P6":{"HV":"2"},"J7":{"HF":"2"},"M7":{"HG":"2"}},"66":{"39":{"53":"2"}},"22":{"X9":{"9C":"2","6C":"2","89":"2","6F":"2","CC":"2","59":"2","49":"2","58":"2","99":"2"},"XC":{"QF":"2"},"X5":{"G2":"2"},"VP":{"HH":"2"},"G4":{"F4":"2"},"8F":{"XF":"2","R8":"2","XC":"2","QC":"2","Q9":"2","J9":"2","Q8":"2","R9":"2","WF":"2","XH":"2","R7":"2","Q7":"2","XG":"2","WG":"2","WC":"2","W9":"2","P9":"2"},"W3":{"4R":"2","4V":"2"},"W9":{"HJ":"2","GC":"2","HC":"2","P8":"2","J9":"2","M8":"2","GH":"2","MJ":"2","V9":"2","R9":"2","JJ":"2","56":"2","GJ":"2","RC":"2","M9":"2","H9":"2","P9":"2"},"V7":{"WJ":"2"},"V5":{"8Q":"2","GW":"2","7V":"2","PP":"2","MX":"2","3H":"2","GR":"2","CQ":"2","CV":"2"},"WC":{"WH":"2"},"W8":{"3J":"2"},"PF":{"RQ":"2"},"CW":{"5V":"2","4V":"2"},"9C":{"3M":"2"},"7C":{"RX":"2","RW":"2"},"9F":{"9M":"2","6C":"2","38":"2","77":"2","3H":"2","6G":"2","39":"2","2G":"2","5H":"2","7J":"2","3F":"2","2F":"2","5C":"2","5G":"2","3C":"2","2C":"2","29":"2","4G":"2","7P":"2","4F":"2","4C":"2","8M":"2","4H":"2","5F":"2","3G":"2","6F":"2","6J":"2","6H":"2","69":"2"},"V6":{"93":"2","JQ":"2","63":"2","35":"2","64":"2","82":"2","33":"2","MW":"2","F2":"2","C2":"2","94":"2","83":"2","36":"2","74":"2","34":"2","73":"2","43":"2"},"R5":{"QX":"2","RX":"2","VX":"2","RV":"2"},"7F":{"V9":"2","V8":"2"}},"F4":{"XX":{"5C":"2","38":"2","6C":"2","5F":"2","6F":"2","4C":"2","37":"2","39":"2"}},"9X":{"W4":{"M6":"2","P5":"2","M5":"2","P6":"2","G3":"2","C2":"2","M3":"2","J3":"2","H2":"2"}},"R2":{"P5":{"C9":"2","9C":"2","9F":"2"}},"XQ":{"3Q":{"FP":"2","9P":"2","CJ":"2","CM":"2","VF":"2","8M":"2","CQ":"2","9M":"2"},"2Q":{"XF":"2","WF":"2"},"4W":{"JQ":"2","FQ":"2","9G":"2","CQ":"2","9V":"2","HM":"2","9R":"2","JR":"2","CM":"2","FX":"2","JJ":"2","CP":"2","JP":"2","FC":"2","FP":"2","JW":"2","FV":"2"},"4X":{"GH":"2","G9":"2","G5":"2","F2":"2","C2":"2","F5":"2","C5":"2"}},"3R":{"C5":{"4H":"2","3C":"2","4J":"2"}},"VR":{"R9":{"7R":"2","6R":"2","6Q":"2"}},"QC":{"R5":{"FH":"2"}},"6G":{"HQ":{"PX":"2"},"FV":{"XC":"2"}},"65":{"98":{"29":"2"}},"3F":{"MW":{"H4":"2"},"X9":{"HM":"2","HJ":"2","HP":"2","JM":"2"},"XC":{"6W":"2","5X":"2","5W":"2","6X":"2"},"P8":{"4X":"2"},"M9":{"P3":"2"},"MG":{"2W":"2","2V":"2","3W":"2","3V":"2"},"8F":{"G7":"2","G9":"2","G8":"2","H9":"2","H8":"2"},"XF":{"QR":"2","W5":"2","W6":"2","RQ":"2","X5":"2","QQ":"2","X6":"2","RR":"2","52":"2","PR":"2"},"W9":{"8R":"2","62":"2","9V":"2","9R":"2","8V":"2","7Q":"2","8Q":"2","9W":"2"},"XG":{"XM":"2","XJ":"2"},"HF":{"55":"2","54":"2","44":"2","65":"2"},"MJ":{"FR":"2","GV":"2","FV":"2","FW":"2"},"W8":{"5X":"2","6X":"2"},"WR":{"X5":"2","X4":"2"},"C9":{"GH":"2","GG":"2"},"PR":{"3J":"2"},"89":{"RM":"2","VP":"2","RH":"2","VQ":"2","RJ":"2","VM":"2","VJ":"2","RP":"2"},"WP":{"H9":"2","HC":"2"},"RG":{"VV":"2","VW":"2"},"WF":{"7G":"2","7H":"2"},"M8":{"RV":"2"},"9C":{"RW":"2","VV":"2","6Q":"2","7W":"2","RV":"2","RQ":"2","6R":"2","7R":"2","QQ":"2","RR":"2","6V":"2","7V":"2","VW":"2"},"MH":{"F7":"2","9J":"2","JM":"2","8H":"2","CJ":"2","MJ":"2","F6":"2","9H":"2","G7":"2","JJ":"2","MM":"2","G6":"2"}},"5F":{"PH":{"6F":"2"},"R2":{"62":"2"},"W8":{"RM":"2"},"3W":{"7M":"2"},"92":{"4H":"2"},"WC":{"XF":"2"},"R4":{"J5":"2"},"Q2":{"X3":"2"}},"WM":{"G9":{"77":"2"}},"JM":{"8V":{"2W":"2"}},"39":{"4P":{"82":"2","5M":"2","GG":"2","3F":"2"},"4M":{"V4":"2","RF":"2","8X":"2"},"4X":{"3G":"2"},"2P":{"V2":"2"},"7J":{"7W":"2","8W":"2","7X":"2","8X":"2"},"5J":{"6W":"2","7W":"2","6V":"2","5X":"2","8W":"2","7X":"2","6X":"2","8X":"2"},"3P":{"X9":"2"},"5M":{"72":"2","62":"2","42":"2","24":"2","23":"2","33":"2","82":"2","53":"2","32":"2","52":"2","73":"2"}},"5X":{"7M":{"RR":"2","RQ":"2","VR":"2","VQ":"2"},"MQ":{"C4":"2","94":"2","C5":"2","95":"2"},"WC":{"WP":"2","XM":"2","XP":"2"}},"52":{"QC":{"9H":"2","9J":"2"},"QJ":{"MC":"2"}},"XF":{"XC":{"8C":"2","PP":"2","8F":"2","PM":"2","QQ":"2"}},"27":{"9C":{"GP":"2","GQ":"2"},"7Q":{"PF":"2"},"C7":{"HP":"2","GP":"2"},"CF":{"25":"2","26":"2"},"VW":{"55":"2"},"P9":{"R5":"2"},"9F":{"X2":"2"}},"89":{"WX":{"X8":"2","X7":"2"},"XX":{"FW":"2","GV":"2","6C":"2","28":"2","8H":"2","GP":"2","7G":"2","CP":"2","7H":"2","CW":"2","27":"2","5G":"2","GX":"2","CQ":"2","9V":"2","CM":"2","HQ":"2","FR":"2","29":"2","R9":"2","JP":"2","JC":"2","CJ":"2","59":"2","HX":"2","7J":"2","GW":"2","5F":"2","HM":"2","FX":"2","9R":"2","CR":"2","FQ":"2","GM":"2","GQ":"2","JQ":"2","FM":"2","JX":"2","69":"2","RQ":"2","6G":"2","HP":"2","MC":"2","9J":"2"}},"JP":{"M3":{"3R":"2"}},"72":{"FP":{"G5":"2","G4":"2"},"R8":{"CJ":"2","8F":"2","9M":"2"}},"5W":{"68":{"8Q":"2","9R":"2"}},"5J":{"8J":{"76":"2","86":"2","78":"2","87":"2","75":"2"},"62":{"7G":"2","8G":"2"},"QR":{"GW":"2","HW":"2"},"PW":{"PM":"2"},"7J":{"67":"2","66":"2","88":"2","9M":"2","78":"2","77":"2"},"9Q":{"GV":"2","FV":"2"}},"XR":{"55":{"C4":"2","M3":"2","92":"2"},"54":{"6J":"2","QX":"2","6W":"2","6Q":"2","RX":"2","7J":"2","6P":"2"},"44":{"WR":"2","XR":"2"},"45":{"HV":"2"},"37":{"PM":"2"}},"23":{"54":{"H4":"2","J2":"2","G5":"2","M3":"2","J3":"2","M2":"2","P2":"2"},"79":{"JH":"2","QJ":"2","GH":"2","RM":"2","WP":"2","PJ":"2","VG":"2","JJ":"2","WJ":"2","XM":"2","XJ":"2","MJ":"2","HH":"2","M9":"2","RJ":"2","XH":"2","VJ":"2","WM":"2","VH":"2"},"66":{"QH":"2"},"WF":{"2P":"2"},"89":{"9J":"2","FJ":"2","4J":"2","8H":"2","CH":"2","3G":"2","FH":"2","CJ":"2","2G":"2","4H":"2","5H":"2","9F":"2","9H":"2","3J":"2","2H":"2","7H":"2","6J":"2","5J":"2","FC":"2","GJ":"2","8G":"2","3H":"2","6H":"2"},"V2":{"4G":"2"},"W2":{"3R":"2"},"J7":{"97":"2","G9":"2","F5":"2","M9":"2","F9":"2","C6":"2","8F":"2","J9":"2","98":"2","CC":"2","99":"2","C9":"2","C8":"2","FF":"2","F7":"2","9C":"2","8C":"2","FC":"2","CF":"2"},"53":{"MX":"2"}},"7M":{"85":{"GX":"2"}},"42":{"75":{"2F":"2"},"38":{"9X":"2","9W":"2","CW":"2","6X":"2","CV":"2"},"M5":{"33":"2","44":"2","34":"2","43":"2"},"77":{"JW":"2"},"C2":{"9R":"2","9Q":"2"},"39":{"66":"2","6C":"2","95":"2","58":"2","6G":"2","7Q":"2","67":"2","75":"2","7R":"2","82":"2","5C":"2","65":"2","47":"2","56":"2","7P":"2","46":"2","6P":"2","6H":"2","37":"2"},"P8":{"RM":"2"},"84":{"8J":"2","8H":"2"},"64":{"W8":"2","V8":"2"},"25":{"Q9":"2"},"76":{"8X":"2"},"P4":{"G6":"2","H6":"2","G5":"2","H5":"2"},"45":{"8M":"2"},"J3":{"5P":"2","6Q":"2","5Q":"2","6P":"2"},"7G":{"Q7":"2","Q8":"2","P8":"2"},"57":{"FR":"2","FQ":"2"},"53":{"86":"2"},"83":{"56":"2","66":"2"},"65":{"8V":"2","8R":"2"},"78":{"XM":"2","XP":"2","WM":"2"},"29":{"XC":"2","WF":"2","R9":"2","RC":"2","X9":"2"},"2J":{"F5":"2"},"44":{"45":"2","46":"2"},"H4":{"42":"2","52":"2"},"87":{"X4":"2"},"C5":{"93":"2","GF":"2"},"24":{"7G":"2","7F":"2"},"58":{"RM":"2","RJ":"2","VM":"2","VJ":"2"},"3Q":{"4H":"2","4J":"2","3H":"2","3J":"2","5J":"2"},"67":{"R6":"2","Q6":"2"},"48":{"VC":"2","VF":"2"},"V6":{"68":"2"},"Q6":{"Q2":"2"}},"46":{"F6":{"49":"2"}},"RQ":{"54":{"8C":"2","7G":"2","7H":"2","6H":"2","8H":"2"}},"29":{"8P":{"M6":"2","M5":"2","P6":"2"},"GC":{"8H":"2","9F":"2","VP":"2","HH":"2","CW":"2","C7":"2","86":"2","CM":"2","6M":"2","3V":"2","F9":"2","CH":"2","HQ":"2","GH":"2","85":"2","JH":"2","7R":"2","9M":"2","GJ":"2","CJ":"2","PR":"2","5M":"2","83":"2","7J":"2","HR":"2","FH":"2","8F":"2","9G":"2","GR":"2","QR":"2","VM":"2","2V":"2","WQ":"2","WP":"2","9H":"2","3Q":"2","CG":"2","82":"2","HJ":"2","8G":"2","VQ":"2","3W":"2","9J":"2","9P":"2","RR":"2"},"HC":{"3Q":"2","2Q":"2","2V":"2","3X":"2","4X":"2","3W":"2"},"C9":{"JQ":"2","HP":"2","HQ":"2","JP":"2"},"CJ":{"PR":"2","MR":"2","PV":"2","MV":"2"},"J9":{"9C":"2"},"MG":{"X5":"2","W5":"2"},"JF":{"M9":"2","J9":"2","M7":"2"},"HF":{"32":"2","RF":"2","VF":"2","42":"2","26":"2"},"GF":{"W7":"2","W8":"2","X3":"2","J2":"2","X2":"2","J3":"2","W3":"2"},"FC":{"86":"2","GC":"2","F9":"2","9M":"2","CC":"2","V9":"2","87":"2","FC":"2","G9":"2","3H":"2","W9":"2","H9":"2"},"WQ":{"69":"2"},"G9":{"QC":"2","HM":"2","PC":"2","HP":"2","GP":"2","Q9":"2","P9":"2"}},"4P":{"5R":{"G8":"2"},"95":{"VP":"2"},"4X":{"C9":"2","GW":"2","7W":"2","FW":"2","9J":"2"},"JR":{"VG":"2","VF":"2"},"9W":{"R5":"2","V5":"2"},"JF":{"PC":"2","MC":"2"},"96":{"F7":"2","F8":"2","C7":"2","CF":"2","C8":"2","CG":"2"},"J7":{"GX":"2"}},"59":{"QX":{"7R":"2","5R":"2"},"G3":{"MW":"2","2V":"2","MX":"2","JX":"2"},"G4":{"22":"2","35":"2","83":"2","45":"2","55":"2","24":"2","23":"2","33":"2","53":"2","43":"2","32":"2"},"XM":{"3G":"2"},"F4":{"JG":"2","RF":"2","V8":"2","W4":"2","X5":"2","V3":"2","P8":"2","J8":"2","P9":"2","V4":"2","PH":"2","V9":"2","MC":"2","PJ":"2","V5":"2","RH":"2","R6":"2","R8":"2","RC":"2","R4":"2","X4":"2","PF":"2","H7":"2","HC":"2","RG":"2","W5":"2","M6":"2","R7":"2","J7":"2","V6":"2","Q8":"2","Q6":"2"},"75":{"W7":"2","V6":"2","V7":"2","W6":"2"},"PX":{"VQ":"2"},"H2":{"7X":"2"}},"6M":{"22":{"9H":"2"}},"X2":{"C6":{"7W":"2"},"PP":{"59":"2","69":"2","58":"2","48":"2"},"76":{"5H":"2","4J":"2","6H":"2","7J":"2","9W":"2","8M":"2"}},"5C":{"2W":{"25":"2","26":"2"},"QX":{"XG":"2","XX":"2"},"G3":{"V3":"2","W3":"2","V2":"2","W2":"2","W4":"2"},"RX":{"HR":"2","4J":"2","4P":"2","6G":"2","PP":"2","7J":"2","8H":"2","26":"2","5V":"2","2W":"2","7W":"2","6R":"2","4Q":"2","29":"2","2J":"2","4V":"2","6P":"2","7P":"2","5Q":"2","CR":"2","3R":"2","5M":"2","5R":"2","5P":"2","5W":"2","6Q":"2","6V":"2","4M":"2","3Q":"2","6F":"2","9H":"2","6M":"2","6H":"2","5J":"2","MM":"2","4R":"2"},"P4":{"RH":"2"}},"PF":{"HF":{"4H":"2","4J":"2","3J":"2","2M":"2","3M":"2","Q2":"2"},"FG":{"H4":"2","C4":"2","C5":"2"}},"VM":{"HJ":{"2J":"2","CH":"2","G7":"2","F9":"2","3J":"2","FC":"2"},"F8":{"QG":"2","PM":"2","QH":"2"},"C2":{"WX":"2"},"GJ":{"VQ":"2","VH":"2"},"C3":{"X5":"2","X3":"2","W3":"2"},"F4":{"QC":"2","PG":"2","QG":"2","QF":"2","P8":"2"},"FX":{"VC":"2","X9":"2","W9":"2"},"FG":{"J9":"2"}},"3X":{"F7":{"4G":"2","4F":"2","5G":"2"}},"43":{"3Q":{"CR":"2","FQ":"2","GP":"2","CQ":"2"},"2J":{"72":"2"},"2Q":{"CR":"2","FR":"2","CF":"2","FF":"2"}},"4C":{"8X":{"G3":"2"},"FM":{"JF":"2","JC":"2"},"JR":{"5C":"2","6C":"2","79":"2","R7":"2","V7":"2","69":"2"},"2G":{"6C":"2","4W":"2","3F":"2","5C":"2","JP":"2","5V":"2","22":"2","5G":"2","H8":"2","5X":"2","4X":"2","4V":"2","4G":"2","3R":"2","HP":"2","4F":"2","5R":"2","3V":"2","4C":"2","MP":"2","5F":"2","3G":"2","9V":"2","7C":"2","JM":"2","4R":"2"},"GX":{"XV":"2","XR":"2"},"CM":{"JH":"2","HH":"2","HG":"2","JG":"2"},"2H":{"97":"2","3C":"2","C7":"2","44":"2","C8":"2","98":"2","45":"2","36":"2","27":"2","28":"2","5G":"2"},"JP":{"WJ":"2","XM":"2","XJ":"2","VM":"2","VJ":"2"},"GJ":{"7M":"2","8J":"2","8H":"2"},"7W":{"C9":"2","J8":"2","M8":"2","CC":"2","M9":"2","J9":"2","FC":"2"},"35":{"F8":"2","F9":"2","C8":"2"},"3C":{"PP":"2","QP":"2"},"9J":{"QJ":"2","RM":"2","QM":"2","QH":"2"},"8R":{"P5":"2","Q5":"2","Q6":"2"},"8W":{"JH":"2","JJ":"2","MJ":"2"},"7P":{"WJ":"2"},"5Q":{"P6":"2","W8":"2","X5":"2","X8":"2","Q5":"2","Q6":"2"},"6W":{"HJ":"2","GH":"2","HH":"2"},"8V":{"W7":"2","CP":"2","V6":"2","9P":"2","CM":"2","W6":"2","9M":"2"},"5P":{"PW":"2","PX":"2"},"MP":{"24":"2","23":"2","33":"2","32":"2","44":"2","34":"2"},"MR":{"93":"2","82":"2","83":"2"},"4H":{"GV":"2","GW":"2"},"HX":{"2V":"2","2R":"2","3V":"2"},"9H":{"F9":"2"},"9P":{"X5":"2"},"CX":{"6R":"2","5V":"2","5R":"2","6V":"2"},"FX":{"M6":"2","J6":"2","J5":"2"},"XW":{"X5":"2","X6":"2"},"JM":{"5H":"2","6H":"2","6G":"2","5G":"2"},"GM":{"64":"2","54":"2","53":"2"},"CP":{"R5":"2","W5":"2","FJ":"2","V5":"2","25":"2","9F":"2"}},"47":{"X6":{"V6":"2"},"W4":{"JH":"2","HJ":"2","JJ":"2","HH":"2"}},"XG":{"VQ":{"W8":"2"},"RJ":{"58":"2"}},"QP":{"W7":{"FC":"2"},"9P":{"5W":"2"},"WC":{"HJ":"2","HP":"2","HQ":"2","PP":"2","FX":"2","GX":"2","HX":"2","JJ":"2","JW":"2"}},"3V":{"X6":{"XC":"2","X9":"2"}},"48":{"5M":{"F5":"2"}},"74":{"JV":{"GV":"2","HV":"2"}},"4R":{"RM":{"QX":"2"},"HP":{"Q3":"2"},"HH":{"M6":"2"}},"4J":{"FQ":{"WJ":"2","XJ":"2"},"33":{"2X":"2","3X":"2"}},"WX":{"66":{"JX":"2"}},"78":{"F7":{"7P":"2"}},"5H":{"X8":{"PJ":"2"}},"J7":{"PH":{"FR":"2","JQ":"2","HR":"2","HQ":"2","FV":"2","JR":"2"},"PG":{"XP":"2"},"RG":{"72":"2","63":"2","62":"2","82":"2","83":"2","2F":"2","37":"2","73":"2","53":"2"},"QG":{"QJ":"2","PQ":"2","MF":"2","PM":"2","PP":"2","RR":"2","PH":"2","VH":"2","MC":"2","PJ":"2","JF":"2","VG":"2","RC":"2","MP":"2","QP":"2","QH":"2","QG":"2","QF":"2","QM":"2","PF":"2","RG":"2","M6":"2","R7":"2","QR":"2","MQ":"2","GC":"2","PG":"2","MM":"2","JC":"2"},"RF":{"7X":"2","6X":"2"},"RH":{"35":"2","24":"2","25":"2","34":"2"}},"3C":{"6C":{"X2":"2"},"HQ":{"97":"2","98":"2"},"XC":{"CF":"2","CC":"2"},"7Q":{"3Q":"2","MP":"2","4R":"2","2Q":"2","3R":"2","MM":"2","JM":"2","2R":"2"},"9W":{"24":"2","25":"2"},"FW":{"2X":"2","3X":"2"},"7R":{"25":"2","26":"2"},"9J":{"93":"2","C4":"2","82":"2","C2":"2","C3":"2","83":"2"},"8Q":{"V6":"2","Q9":"2","M8":"2","M9":"2","XX":"2","P9":"2","V5":"2","J9":"2","XW":"2"},"XH":{"4P":"2","W8":"2","W6":"2","V2":"2","W2":"2","V9":"2","J5":"2","G5":"2","F5":"2","3Q":"2","Q5":"2","P9":"2","5Q":"2"},"6R":{"24":"2","X5":"2","44":"2","X6":"2","34":"2"},"79":{"2X":"2"},"XG":{"HR":"2","8X":"2","M3":"2","FM":"2","HQ":"2","GH":"2","WV":"2","VR":"2","F9":"2","HM":"2","XV":"2","25":"2","CM":"2","VM":"2","FW":"2","HJ":"2","9J":"2","WX":"2","J3":"2","GP":"2","FP":"2","F6":"2","VQ":"2","HP":"2","GG":"2","HV":"2","CJ":"2","RP":"2","GM":"2"},"8W":{"W7":"2","X5":"2","X4":"2","V6":"2","X6":"2","W6":"2"},"4V":{"F2":"2","H2":"2","G2":"2"},"G3":{"QC":"2","QG":"2","PF":"2","P9":"2","QF":"2"},"7P":{"VR":"2","QR":"2","HJ":"2","HP":"2","HM":"2","RQ":"2","HH":"2","QQ":"2","RR":"2","PQ":"2","GP":"2","HG":"2"},"HP":{"99":"2"},"7H":{"89":"2","78":"2","99":"2"},"5R":{"X4":"2","X5":"2","W5":"2","W4":"2"},"9R":{"9R":"2"},"8P":{"QJ":"2","RM":"2","QM":"2","RJ":"2"},"F2":{"XW":"2","VR":"2","XF":"2","VV":"2","XC":"2","WV":"2","WW":"2","WF":"2","WR":"2"},"6Q":{"68":"2","57":"2","67":"2","79":"2","78":"2","77":"2","58":"2"},"9Q":{"QV":"2","QR":"2","5R":"2","3W":"2","6Q":"2","6R":"2","5V":"2","2X":"2","PV":"2","3X":"2","PR":"2","2W":"2","5Q":"2"},"4H":{"FF":"2","FG":"2"},"92":{"6J":"2","5M":"2","6M":"2"},"9H":{"8Q":"2","7R":"2","9R":"2","7V":"2","8R":"2","9Q":"2","3F":"2"},"F3":{"Q7":"2","P7":"2","P8":"2"},"CW":{"XX":"2"},"7C":{"22":"2"},"M2":{"WR":"2","WV":"2","VV":"2","VW":"2"},"69":{"XX":"2"},"WG":{"XJ":"2"},"4R":{"HX":"2","GX":"2"}},"28":{"9C":{"FP":"2"},"Q4":{"M6":"2","P6":"2","P7":"2","J7":"2","M7":"2"},"42":{"PC":"2","MC":"2"}},"2P":{"4P":{"P5":"2","Q8":"2","Q9":"2","P9":"2","P8":"2"},"5X":{"2P":"2"},"RW":{"RX":"2"},"H7":{"HM":"2","QV":"2","52":"2","XP":"2","HJ":"2","JP":"2","GJ":"2","PV":"2","XH":"2","JW":"2","XJ":"2","43":"2","53":"2","46":"2","42":"2","9G":"2","68":"2","33":"2","WP":"2","QR":"2","9F":"2","HW":"2","JM":"2"},"4V":{"JM":"2"},"4X":{"8C":"2"},"J8":{"2G":"2","28":"2","3J":"2","3G":"2","8H":"2","2R":"2","2W":"2","2Q":"2","8M":"2","4C":"2","7M":"2","3P":"2","4M":"2","6F":"2","5J":"2","2H":"2","35":"2","29":"2","4J":"2","25":"2","2C":"2","7J":"2","4F":"2","4H":"2","5F":"2","4Q":"2","26":"2","39":"2","4P":"2","2V":"2","2F":"2","3H":"2","3Q":"2","37":"2","8J":"2","3C":"2","3F":"2","3M":"2","38":"2"},"MC":{"55":"2","35":"2","45":"2","36":"2","46":"2"},"7W":{"MH":"2","PH":"2","PJ":"2","MJ":"2","PM":"2"},"2V":{"PG":"2","QG":"2","HQ":"2"},"M8":{"6R":"2"},"RX":{"R2":"2","R3":"2","V3":"2","V2":"2"},"F6":{"4R":"2","5Q":"2","5R":"2","4Q":"2"},"H8":{"P3":"2","X9":"2","WQ":"2","RF":"2","V8":"2","R9":"2","VJ":"2","Q7":"2","X8":"2","XP":"2","WM":"2","V4":"2","VP":"2","W6":"2","G4":"2","P4":"2","V9":"2","W9":"2","H3":"2","V7":"2","VC":"2","P7":"2","H4":"2","G3":"2","QC":"2","VQ":"2","W8":"2","P2":"2","RC":"2","WH":"2","XQ":"2","WP":"2","P6":"2","Q9":"2","VF":"2","PF":"2","W5":"2","M6":"2","Q4":"2","PC":"2","V6":"2","WJ":"2","WG":"2","Q6":"2"},"G7":{"F7":"2","C7":"2"},"4F":{"53":"2"},"H2":{"Q5":"2","Q4":"2"},"4C":{"6W":"2","4W":"2","7X":"2","6X":"2"},"34":{"9P":"2"},"J7":{"2Q":"2"},"G4":{"QR":"2","JV":"2"},"M9":{"62":"2"},"5Q":{"PG":"2","PF":"2"}},"2X":{"VR":{"Q9":"2"}},"XX":{"65":{"8X":"2"}},"45":{"35":{"7Q":"2","FH":"2"},"44":{"35":"2","36":"2"},"47":{"7V":"2","6V":"2"}},"RP":{"4P":{"HM":"2"}},"8C":{"X2":{"RG":"2","R3":"2","Q4":"2","P4":"2","VG":"2","VF":"2","F5":"2","R4":"2","Q3":"2"}},"R3":{"X3":{"9M":"2","FM":"2","GH":"2","7M":"2","8H":"2","CM":"2","HJ":"2","PH":"2","GJ":"2","8J":"2","9J":"2","8Q":"2","GP":"2","8R":"2","HH":"2","FP":"2","6P":"2","CH":"2","5Q":"2","FH":"2","FG":"2","CQ":"2","9R":"2","5P":"2","6Q":"2","9Q":"2","8M":"2","CJ":"2","CG":"2","6J":"2","9H":"2","6M":"2","9P":"2","JH":"2","FJ":"2","CP":"2"}},"5G":{"28":{"MH":"2"},"42":{"MX":"2","HX":"2","PX":"2"},"43":{"P2":"2","M2":"2"}},"5P":{"GH":{"H9":"2","HC":"2"},"7H":{"76":"2","75":"2"},"FP":{"76":"2","86":"2","87":"2","77":"2"},"G8":{"P6":"2","Q5":"2"},"FC":{"P4":"2"},"V7":{"97":"2","87":"2"},"6X":{"XF":"2","WF":"2"},"G2":{"M9":"2"}},"GV":{"9V":{"95":"2"}},"HV":{"92":{"52":"2"}},"4W":{"5M":{"JQ":"2","MP":"2","MM":"2","GQ":"2","JM":"2","MQ":"2","JP":"2"}},"77":{"3M":{"R3":"2","Q3":"2"}},"2G":{"X5":{"56":"2","55":"2","82":"2","54":"2","C2":"2","65":"2","92":"2"},"X4":{"9X":"2","CX":"2"},"QG":{"9P":"2"},"78":{"FR":"2"}},"H2":{"8W":{"HX":"2","JX":"2","CW":"2"},"8X":{"H4":"2","G3":"2","J2":"2","C5":"2","H3":"2","H2":"2","G2":"2"}},"3G":{"M6":{"G6":"2","G5":"2","F5":"2","F6":"2"},"M5":{"FR":"2","HM":"2","FQ":"2","GP":"2","GM":"2","GQ":"2","PQ":"2","QV":"2","GR":"2","JR":"2"},"35":{"C6":"2","F7":"2","F8":"2","C7":"2","F5":"2","F6":"2","C5":"2"},"23":{"CH":"2","9H":"2","CJ":"2","9J":"2"}},"WC":{"MV":{"MW":"2","MR":"2","JR":"2"}},"4H":{"5Q":{"3C":"2","4C":"2","2F":"2","3F":"2","39":"2"},"V2":{"CR":"2","9R":"2","HJ":"2","HH":"2","8R":"2","CQ":"2"},"4Q":{"XF":"2"}},"V4":{"5F":{"RR":"2","WG":"2","WJ":"2","XG":"2","WF":"2","VF":"2","WH":"2","VH":"2"},"6F":{"2J":"2","2P":"2"},"HG":{"68":"2","6C":"2","79":"2","7C":"2","78":"2","69":"2"}},"JR":{"2C":{"49":"2"}},"5V":{"34":{"HW":"2"}},"4G":{"X2":{"C9":"2","9C":"2","98":"2","89":"2","99":"2"},"VM":{"3Q":"2","3R":"2"},"W2":{"24":"2","33":"2","34":"2"},"J9":{"CR":"2","9R":"2","9V":"2"},"MG":{"V3":"2","W3":"2","W4":"2"},"PG":{"CW":"2","CV":"2"},"JF":{"JH":"2","MH":"2","JJ":"2","MJ":"2"},"VF":{"H5":"2"},"JC":{"J2":"2","J3":"2","H3":"2"}},"54":{"C7":{"R2":"2","Q3":"2","P3":"2","P2":"2","Q2":"2"},"F5":{"6R":"2","7H":"2","7V":"2","R3":"2","32":"2","8V":"2","Q3":"2","J2":"2","CF":"2","5R":"2","7W":"2","4X":"2","CG":"2","W4":"2","R4":"2"},"C6":{"QX":"2","RX":"2"},"G4":{"7Q":"2","W8":"2","2G":"2","2P":"2","58":"2","G9":"2","6C":"2","5R":"2","3J":"2","F3":"2","99":"2","MH":"2","8H":"2","48":"2","RG":"2","6Q":"2","9F":"2","R6":"2","P7":"2","W3":"2","47":"2","7G":"2","JF":"2","JM":"2","2Q":"2","F8":"2","CP":"2","V7":"2","PC":"2","M3":"2","HH":"2","V4":"2","W7":"2","C7":"2","X6":"2","49":"2","M5":"2","7M":"2","3P":"2","JG":"2","PF":"2","MF":"2","MV":"2","H8":"2","V8":"2","7F":"2","86":"2","9C":"2","J4":"2","4M":"2","VG":"2","F9":"2","5J":"2","C9":"2","5P":"2","H3":"2","77":"2","GH":"2","85":"2","66":"2","W9":"2","R3":"2","FG":"2","H4":"2","CC":"2","G4":"2","7X":"2","79":"2","56":"2","HC":"2","J6":"2","7R":"2","W6":"2","F7":"2","FC":"2","PP":"2","55":"2","9M":"2","8C":"2","JC":"2","FF":"2","WF":"2","87":"2","59":"2","QV":"2","PR":"2","XP":"2","8Q":"2","8V":"2","8R":"2","WH":"2","8F":"2","57":"2","M7":"2","V3":"2","4H":"2","7V":"2","76":"2","9G":"2","PQ":"2","63":"2","HV":"2","MQ":"2","G8":"2","2J":"2","JJ":"2","F2":"2","W5":"2","C3":"2","75":"2","V5":"2","98":"2","6W":"2","89":"2","78":"2","8P":"2","GC":"2","9R":"2","Q5":"2","R5":"2","QQ":"2","6V":"2","GM":"2","5H":"2","3Q":"2","65":"2","J9":"2","37":"2","64":"2","HG":"2","RV":"2","QG":"2","GG":"2","M8":"2","C8":"2","82":"2","6H":"2","74":"2","88":"2","69":"2","J8":"2","54":"2","8G":"2","H2":"2","53":"2","6G":"2","3M":"2","CF":"2","V6":"2","H9":"2","9J":"2","RR":"2"},"QX":{"P3":"2","M3":"2","M2":"2","P2":"2"},"G2":{"PR":"2","WX":"2","QP":"2","VX":"2","PQ":"2","VW":"2","MV":"2","QQ":"2"},"H3":{"2J":"2","4H":"2","3C":"2","2W":"2","24":"2","67":"2","5C":"2","QX":"2","HV":"2","6M":"2","H9":"2","3H":"2","3J":"2","2M":"2","25":"2","7X":"2","28":"2","FC":"2","3M":"2"},"H4":{"4M":"2","86":"2","35":"2","66":"2","76":"2","62":"2","R8":"2","54":"2","45":"2","55":"2","24":"2","G8":"2","96":"2","2H":"2","65":"2","F5":"2","56":"2","26":"2","34":"2","44":"2","46":"2","JC":"2","25":"2","36":"2"},"F6":{"33":"2","32":"2","42":"2","52":"2","43":"2"},"G3":{"9X":"2","QJ":"2","FR":"2","4J":"2","HQ":"2","G6":"2","3H":"2","X5":"2","PM":"2","R9":"2","GW":"2","HM":"2","F9":"2","QV":"2","FW":"2","G4":"2","PH":"2","2W":"2","QX":"2","X6":"2","XF":"2","VH":"2","X7":"2","H3":"2","GP":"2","PJ":"2","JJ":"2","HH":"2","4G":"2","CH":"2","FH":"2","JF":"2","R6":"2","FG":"2","3J":"2","MX":"2","RC":"2","MP":"2","4H":"2","JX":"2","QG":"2","PR":"2","3G":"2","FF":"2","QW":"2","CG":"2","HC":"2","G5":"2","R7":"2","M8":"2","CW":"2","CX":"2","MH":"2","2V":"2","FX":"2","GQ":"2","JM":"2","WG":"2","MM":"2","2X":"2"},"F4":{"R3":"2","H6":"2","VQ":"2","XQ":"2","M6":"2","RW":"2","VJ":"2","M5":"2","9R":"2","QM":"2","R2":"2","P4":"2","RX":"2","J3":"2","P3":"2","J2":"2","XM":"2","WM":"2","WF":"2","VF":"2","7V":"2","XP":"2","J6":"2","J7":"2","QF":"2","M4":"2","XG":"2","GQ":"2"},"C5":{"P7":"2","H9":"2","W4":"2"},"5R":{"JH":"2","GH":"2","JG":"2"},"H2":{"CF":"2"},"6V":{"QG":"2"},"67":{"JG":"2"},"C8":{"9V":"2"},"88":{"Q9":"2"},"G5":{"HJ":"2","23":"2","C2":"2","92":"2","77":"2"},"6M":{"JQ":"2","GG":"2","HG":"2"},"F3":{"RM":"2","VW":"2","VX":"2","RX":"2","QV":"2","WM":"2","RR":"2","QX":"2","RW":"2","PV":"2","W9":"2","PX":"2","XX":"2","RJ":"2","VQ":"2","RV":"2","XR":"2","WC":"2","MV":"2","MX":"2","RQ":"2","JX":"2","PR":"2","HX":"2","QW":"2","QR":"2","RP":"2"},"F7":{"79":"2"}},"62":{"2Q":{"32":"2","44":"2","22":"2","36":"2","42":"2","58":"2","43":"2"},"J5":{"FX":"2"},"2P":{"4X":"2","3W":"2"}},"35":{"4P":{"J8":"2","H9":"2","H8":"2","J9":"2"},"H4":{"6G":"2"},"HP":{"62":"2"},"VM":{"42":"2"},"Q6":{"3P":"2","2P":"2"},"4X":{"HF":"2","HH":"2","HG":"2"},"HM":{"6X":"2"},"QC":{"JF":"2","JG":"2","JC":"2"},"Q9":{"VQ":"2","XF":"2","JG":"2","QC":"2","Q9":"2","RF":"2","JF":"2","MF":"2","VF":"2","WQ":"2"},"C3":{"XC":"2","WC":"2"},"V9":{"8R":"2","8P":"2","4V":"2","3R":"2","9V":"2","9R":"2","8V":"2","MX":"2","3V":"2","7R":"2","8Q":"2","4R":"2","9P":"2","9Q":"2","7V":"2","7P":"2"},"82":{"2J":"2","2M":"2"},"X6":{"HC":"2"},"R9":{"7M":"2","3G":"2","2G":"2","MR":"2","VV":"2","MV":"2"},"WF":{"3C":"2","2C":"2"},"VF":{"R5":"2","V6":"2","Q4":"2","V5":"2","P2":"2","V7":"2","W6":"2"},"P6":{"C9":"2","9C":"2","79":"2","89":"2","CC":"2","99":"2"},"5P":{"4H":"2","4J":"2","5F":"2","5G":"2"},"MH":{"8J":"2","CF":"2","CG":"2","9J":"2"},"49":{"6J":"2","9C":"2","6H":"2"},"GP":{"X2":"2"}},"2J":{"H6":{"M7":"2"},"JW":{"X3":"2","W3":"2"},"VP":{"85":"2"},"QV":{"FF":"2","FG":"2"},"FC":{"R9":"2"},"J5":{"MC":"2","9P":"2","9Q":"2","CQ":"2"}},"HM":{"WJ":{"WW":"2"},"VP":{"H8":"2"}},"99":{"8Q":{"33":"2"},"7R":{"7H":"2","7J":"2","6G":"2"},"9X":{"Q5":"2"}},"3J":{"2Q":{"CW":"2"},"5Q":{"24":"2","25":"2","26":"2"},"4Q":{"X5":"2","X4":"2","X6":"2","W6":"2"}},"4Q":{"72":{"F6":"2"},"MH":{"R6":"2"},"35":{"XJ":"2","WM":"2"},"24":{"G9":"2","G8":"2"},"62":{"27":"2"},"38":{"42":"2","43":"2"},"33":{"RM":"2","73":"2","XC":"2","V3":"2","VX":"2","V4":"2","XH":"2","W3":"2","W9":"2","X3":"2","V5":"2","R6":"2","VG":"2","8P":"2","RQ":"2","HV":"2","JV":"2","VF":"2","W5":"2","72":"2","XW":"2"},"32":{"QG":"2","HJ":"2","HC":"2","HM":"2","VJ":"2","QM":"2","HH":"2","MJ":"2","9H":"2","MG":"2","8F":"2","JF":"2","HF":"2","MF":"2","QH":"2","P7":"2","JC":"2","GM":"2","MM":"2","MH":"2","M9":"2","Q3":"2"},"54":{"52":"2"},"X3":{"57":"2"},"44":{"R3":"2","HX":"2","27":"2","P2":"2","92":"2","26":"2","95":"2","73":"2"},"VC":{"FV":"2","CV":"2"},"XF":{"H4":"2","H3":"2"},"36":{"M5":"2"},"42":{"5V":"2","GV":"2","6X":"2","GP":"2","6Q":"2","8M":"2","6R":"2","CP":"2","5X":"2","M5":"2","M6":"2","CQ":"2","PX":"2","CM":"2","JV":"2","7P":"2","7X":"2","J6":"2","5W":"2","6P":"2","MX":"2","9M":"2","CX":"2","7W":"2","4G":"2","8V":"2","HR":"2","J7":"2","7V":"2","HV":"2","GR":"2","6W":"2","8P":"2","9R":"2","FQ":"2","6V":"2","9X":"2","H7":"2","F5":"2","H6":"2","J5":"2","FM":"2","4X":"2","8J":"2","9P":"2","FP":"2"},"52":{"J2":"2","6M":"2"},"34":{"RJ":"2","MQ":"2","MP":"2","QC":"2","QJ":"2","WP":"2","QH":"2","PM":"2","X3":"2","PR":"2","WQ":"2","R4":"2","MM":"2","RH":"2"},"53":{"7W":"2"},"43":{"7C":"2","58":"2","42":"2","62":"2","52":"2","6C":"2","22":"2","68":"2","MG":"2","4C":"2","VP":"2","27":"2","5C":"2","GF":"2","3P":"2","H8":"2","4M":"2","2H":"2","H3":"2","29":"2","CC":"2","HC":"2","56":"2","G2":"2","G6":"2","9M":"2","8C":"2","87":"2","Q4":"2","CJ":"2","4V":"2","59":"2","33":"2","4F":"2","4H":"2","5F":"2","4Q":"2","J2":"2","HV":"2","39":"2","44":"2","F2":"2","4P":"2","78":"2","72":"2","R5":"2","5H":"2","M2":"2","H6":"2","69":"2","C2":"2","54":"2","H2":"2","3M":"2","9W":"2","H9":"2","43":"2"}},"PW":{"MP":{"42":"2"}},"C9":{"3G":{"JP":"2"},"P9":{"PV":"2"}},"WF":{"2H":{"WV":"2"},"JR":{"JH":"2","MH":"2","PJ":"2","JJ":"2","MM":"2","MJ":"2","PQ":"2","PM":"2"}},"WV":{"GH":{"V4":"2","X2":"2"},"GG":{"XX":"2","XW":"2"},"HG":{"8C":"2","6C":"2","8F":"2","6F":"2","7F":"2","7C":"2"},"FH":{"PG":"2"}},"55":{"57":{"G9":"2","F9":"2","GC":"2","FC":"2"},"35":{"2W":"2","2V":"2","2X":"2","2R":"2","3V":"2"},"33":{"CH":"2","CJ":"2","FJ":"2","FH":"2"},"M8":{"6C":"2"},"36":{"24":"2","45":"2","46":"2"},"25":{"QV":"2","XV":"2","JV":"2","VR":"2","RW":"2","RJ":"2","VV":"2","VJ":"2","RV":"2","WV":"2","RX":"2","WW":"2","QW":"2","MW":"2","MV":"2","WX":"2","VX":"2","HV":"2","PW":"2","JW":"2","PX":"2","VW":"2","WR":"2"},"26":{"R3":"2","V5":"2","W6":"2","Q6":"2","R5":"2","X4":"2","V2":"2","R2":"2","X5":"2","W7":"2","P6":"2","X3":"2","R4":"2","Q5":"2"}},"2C":{"JQ":{"V6":"2"},"X4":{"W2":"2"},"P4":{"RG":"2","RH":"2"},"RH":{"6F":"2","6G":"2","5G":"2"},"2M":{"6J":"2","7J":"2"}},"25":{"HR":{"V3":"2"},"RF":{"JC":"2"},"WM":{"FR":"2","CR":"2","8R":"2"},"76":{"6W":"2","7W":"2"},"PH":{"7Q":"2"},"8F":{"85":"2","G7":"2","95":"2"},"XJ":{"2J":"2","2H":"2","5Q":"2"},"57":{"55":"2"},"GP":{"QJ":"2","RJ":"2"},"FP":{"R2":"2","V2":"2"},"86":{"P9":"2"},"F6":{"36":"2","46":"2"},"FG":{"8H":"2"},"WC":{"XJ":"2"},"87":{"54":"2","Q9":"2"},"RC":{"XG":"2"},"WH":{"J3":"2","H3":"2"},"C4":{"PR":"2"},"QH":{"HP":"2","MP":"2","XP":"2","XQ":"2","JP":"2"},"CJ":{"RF":"2"},"RG":{"GR":"2"},"CG":{"59":"2"},"9H":{"XF":"2"},"WF":{"CR":"2","8Q":"2","9R":"2","9V":"2","8R":"2","CV":"2"},"MQ":{"MX":"2","PX":"2"},"9F":{"QJ":"2","PC":"2","J6":"2","PM":"2","M7":"2"},"CF":{"2W":"2","2V":"2"},"69":{"G6":"2"},"JH":{"8J":"2","8M":"2"},"WG":{"HW":"2","JW":"2"}},"VP":{"G6":{"VX":"2","VW":"2","VQ":"2"},"3C":{"3C":"2","3G":"2","2C":"2","2G":"2","47":"2","28":"2","59":"2","3F":"2","48":"2"},"H6":{"F8":"2"},"6J":{"4H":"2","4G":"2","5G":"2"},"7V":{"HJ":"2","FM":"2","FP":"2","GM":"2","GJ":"2","CM":"2","FJ":"2","9M":"2"},"G7":{"X8":"2","XF":"2","V5":"2","W8":"2","QJ":"2","X9":"2","WP":"2","WC":"2","W9":"2"},"2C":{"W8":"2","X9":"2","MH":"2","8X":"2","GP":"2","JM":"2","MG":"2","7H":"2","MJ":"2","HH":"2","W7":"2","X6":"2","GF":"2","XG":"2","VC":"2","X8":"2","HF":"2","PH":"2","CV":"2","FR":"2","W9":"2","FV":"2","FG":"2","VF":"2","JR":"2","R9":"2","7X":"2","HC":"2","JH":"2","FC":"2","RF":"2","WF":"2","HR":"2","WH":"2","XC":"2","FJ":"2","HM":"2","HV":"2","X7":"2","JJ":"2","QF":"2","QR":"2","CR":"2","PG":"2","QH":"2","J9":"2","VJ":"2","GG":"2","FM":"2","RH":"2","CF":"2","HP":"2","VQ":"2","H9":"2","FP":"2"},"G5":{"P7":"2","PM":"2"},"F2":{"PC":"2","RC":"2"},"7W":{"32":"2","42":"2"},"H8":{"MV":"2"},"9W":{"C4":"2","85":"2","96":"2","94":"2","C5":"2","95":"2","84":"2"},"2F":{"F6":"2"},"H7":{"38":"2"},"G2":{"38":"2","37":"2"},"HC":{"M8":"2","4X":"2"}},"32":{"X2":{"VX":"2"},"H4":{"94":"2","95":"2"},"F4":{"XR":"2","4G":"2","5F":"2","4F":"2"},"M5":{"G6":"2"},"42":{"28":"2","G3":"2","92":"2","F6":"2","57":"2","24":"2","4F":"2","69":"2","56":"2","84":"2"},"P4":{"3Q":"2","4R":"2","3R":"2","5R":"2","4Q":"2"},"P3":{"45":"2"},"24":{"MH":"2","JG":"2"},"X9":{"PJ":"2"},"W7":{"VX":"2","VW":"2"},"J5":{"H9":"2","HC":"2"},"96":{"QR":"2"},"VG":{"F5":"2","F4":"2"},"J6":{"CJ":"2","C5":"2"},"32":{"X9":"2","VM":"2","VJ":"2"},"6P":{"W5":"2","V5":"2","W6":"2"},"G4":{"R8":"2","2R":"2"},"XG":{"3G":"2","4G":"2"},"25":{"7P":"2","7Q":"2"},"W9":{"HX":"2"},"M3":{"5C":"2","R6":"2","R7":"2"},"Q3":{"3P":"2","VC":"2","RC":"2"}},"3M":{"XQ":{"H4":"2"},"R6":{"V3":"2"},"Q6":{"CG":"2","FG":"2"},"R5":{"M2":"2","H4":"2","42":"2","G3":"2","P2":"2","P4":"2","P3":"2","9H":"2","H3":"2","74":"2","G4":"2","73":"2","M3":"2"},"VH":{"47":"2"},"V4":{"7H":"2","8G":"2","5V":"2","7J":"2","8F":"2","8H":"2","6V":"2","5W":"2"},"R4":{"MR":"2","JV":"2","M6":"2","4X":"2","PV":"2","MW":"2","MV":"2","PW":"2","P6":"2","PR":"2"},"68":{"WR":"2","XR":"2","WQ":"2","XQ":"2"}},"HF":{"P3":{"72":"2","X7":"2"}},"RJ":{"HW":{"F7":"2"},"HQ":{"QG":"2"},"GX":{"GH":"2","FM":"2","CJ":"2","FJ":"2","FH":"2","FG":"2"}},"6F":{"W5":{"G5":"2","F5":"2"},"27":{"HQ":"2"}},"WP":{"VH":{"2J":"2"}},"67":{"GC":{"26":"2"},"V6":{"XV":"2","GV":"2","WX":"2","MV":"2","CX":"2","XW":"2","RV":"2"},"V7":{"MW":"2","QJ":"2","PQ":"2","M7":"2","RF":"2","V8":"2","W4":"2","PM":"2","R9":"2","PP":"2","Q7":"2","8H":"2","X2":"2","V4":"2","P4":"2","8J":"2","V9":"2","XF":"2","9J":"2","H3":"2","MC":"2","Q5":"2","V7":"2","X3":"2","VC":"2","P7":"2","QC":"2","J6":"2","R6":"2","RH":"2","R8":"2","MV":"2","RC":"2","MP":"2","MR":"2","QG":"2","R4":"2","QF":"2","X4":"2","Q9":"2","VF":"2","RG":"2","M6":"2","9H":"2","R7":"2","PC":"2","WF":"2","MQ":"2","M4":"2","V6":"2","R5":"2","MM":"2","Q6":"2"},"V8":{"M5":"2"},"F6":{"5W":"2"},"W7":{"35":"2","24":"2","26":"2","37":"2"},"3X":{"G7":"2","F5":"2","F6":"2","88":"2","C5":"2"},"R7":{"WR":"2","XR":"2","WQ":"2","XQ":"2"},"G9":{"9C":"2","8G":"2","CF":"2","8F":"2","CC":"2","9F":"2"},"59":{"45":"2","46":"2"}},"4M":{"8J":{"79":"2","89":"2"},"QM":{"QC":"2"},"W5":{"VH":"2"},"XC":{"7M":"2","6J":"2","6M":"2","7J":"2"},"94":{"RC":"2"},"8F":{"W3":"2"},"3F":{"HW":"2","HV":"2"}},"2H":{"HJ":{"49":"2","48":"2"},"8J":{"W5":"2"},"85":{"5C":"2","8V":"2","4G":"2","6F":"2","7F":"2"},"76":{"HJ":"2"},"WF":{"8G":"2","9G":"2","9M":"2","9J":"2"},"8W":{"RG":"2","RF":"2"},"74":{"MP":"2","Q9":"2","R4":"2"},"75":{"JH":"2","HP":"2","4M":"2","Q7":"2","XC":"2","HX":"2","JG":"2","FW":"2"},"3M":{"WP":"2","XP":"2","WQ":"2","XQ":"2"},"JP":{"FM":"2","FJ":"2"},"77":{"JQ":"2","GJ":"2"},"73":{"RR":"2","RQ":"2","RP":"2"}},"2Q":{"R3":{"X4":"2"},"86":{"PJ":"2","VM":"2","VJ":"2"},"H4":{"9P":"2"},"F4":{"48":"2"},"79":{"GF":"2","M8":"2","P8":"2","M7":"2"},"R2":{"XX":"2","XW":"2"},"67":{"QQ":"2"},"2C":{"M5":"2"},"F6":{"7P":"2","6P":"2"},"G5":{"2Q":"2","2P":"2"},"5C":{"FP":"2"},"74":{"24":"2","23":"2","33":"2","32":"2","22":"2","34":"2"},"68":{"49":"2"}},"4V":{"93":{"M6":"2","R2":"2","P6":"2","J2":"2","Q4":"2","P4":"2","R4":"2"},"58":{"G4":"2"},"34":{"Q8":"2"}},"34":{"57":{"7Q":"2"},"4W":{"XX":"2","XW":"2","99":"2","7C":"2","HJ":"2","9J":"2","GC":"2","89":"2","J8":"2","MP":"2","CH":"2","79":"2","CJ":"2","FG":"2","9C":"2","M8":"2","CF":"2","9F":"2","CG":"2","8C":"2"},"36":{"7G":"2"},"5W":{"2W":"2","2X":"2"},"JC":{"9R":"2"},"FG":{"HJ":"2","7J":"2","9M":"2","9J":"2"}},"6Q":{"48":{"G6":"2","G5":"2","F5":"2","F6":"2"}},"RM":{"MR":{"V8":"2"},"H6":{"5R":"2","4X":"2","4W":"2","5V":"2","6W":"2","43":"2","6V":"2","4C":"2","3C":"2","46":"2"},"JH":{"23":"2"},"H4":{"7G":"2","24":"2","7H":"2","5C":"2","38":"2","47":"2","6F":"2","8W":"2","36":"2","27":"2","46":"2","25":"2","7X":"2","59":"2","37":"2","8X":"2","6G":"2","58":"2","48":"2"},"G2":{"FR":"2","G6":"2","C6":"2","FM":"2","G7":"2","G3":"2","G9":"2","G5":"2","G4":"2","FJ":"2","G8":"2","F5":"2","GC":"2","F4":"2","F6":"2","C5":"2","FV":"2"},"G3":{"QV":"2","QR":"2","HC":"2","MJ":"2","H8":"2","G8":"2","JJ":"2","VX":"2","G9":"2","MM":"2","MH":"2","G6":"2","H9":"2"},"3G":{"P5":"2","RW":"2","P8":"2","Q4":"2","PC":"2","P4":"2","MF":"2","P7":"2","P6":"2","MH":"2","Q3":"2"},"H5":{"72":"2","68":"2","6J":"2","PG":"2","QG":"2","6C":"2","PF":"2","Q7":"2","Q8":"2","6F":"2","QF":"2","78":"2","77":"2","5J":"2","73":"2"},"G8":{"Q6":"2"},"5C":{"VQ":"2"}},"4F":{"6C":{"FQ":"2","CQ":"2","9V":"2","CR":"2","9R":"2","FR":"2","CP":"2","9P":"2","CV":"2"},"H5":{"9H":"2","8G":"2","8H":"2"},"VX":{"94":"2","84":"2"},"2G":{"2J":"2","2M":"2"},"5C":{"M6":"2","M5":"2","P5":"2"},"WX":{"JF":"2","J9":"2","JG":"2"},"H3":{"GF":"2","HF":"2","GC":"2","FC":"2","FF":"2","FG":"2"},"Q5":{"RX":"2","VX":"2"},"2M":{"4J":"2"},"83":{"56":"2","55":"2","45":"2","46":"2"},"H4":{"56":"2","47":"2","46":"2"},"XX":{"2G":"2","2F":"2"},"C3":{"85":"2","94":"2","84":"2"},"VQ":{"W6":"2"},"J4":{"7R":"2","6R":"2","7V":"2","6V":"2"},"R8":{"62":"2","52":"2"},"3V":{"93":"2","C3":"2","92":"2"},"4C":{"QV":"2","JV":"2","VR":"2","VV":"2","HW":"2","RV":"2","RQ":"2","HX":"2","RR":"2","JW":"2"},"6F":{"RQ":"2","VQ":"2","QQ":"2","RP":"2"},"R7":{"23":"2","33":"2","32":"2","22":"2","5X":"2","42":"2"},"Q4":{"HW":"2","JW":"2","HX":"2"},"72":{"QV":"2","QW":"2"},"Q6":{"R2":"2","V2":"2"},"4R":{"3P":"2","4P":"2","3M":"2"}},"58":{"MP":{"82":"2","83":"2"},"MM":{"6W":"2","5Q":"2","5R":"2"}},"9C":{"H6":{"CJ":"2"}},"3H":{"PW":{"Q8":"2","Q9":"2","M8":"2","M9":"2","P9":"2","P8":"2"},"PX":{"R2":"2","R3":"2","Q3":"2","Q4":"2","R4":"2","Q2":"2"}},"63":{"6C":{"9X":"2"},"J2":{"3Q":"2","4R":"2","3R":"2","4Q":"2"},"5F":{"W8":"2","V9":"2"},"6F":{"42":"2","54":"2","24":"2","23":"2","33":"2","53":"2","74":"2","65":"2","34":"2","44":"2","32":"2","64":"2"}},"26":{"WP":{"9V":"2"},"VP":{"5W":"2"},"J9":{"FX":"2"},"JC":{"G3":"2","F2":"2","C2":"2","F3":"2","G2":"2"}},"33":{"PQ":{"75":"2"},"WQ":{"7V":"2","8V":"2","66":"2"},"WW":{"F5":"2","C5":"2"},"WV":{"35":"2","FM":"2","RF":"2","JM":"2","45":"2"},"VR":{"55":"2"},"XV":{"4H":"2","46":"2"},"XP":{"7G":"2"},"WM":{"3G":"2","PG":"2","2G":"2","VG":"2","6F":"2","VF":"2","7C":"2"},"VP":{"72":"2","FQ":"2","F7":"2","J5":"2"},"VM":{"7X":"2","6X":"2"},"XH":{"7C":"2","6C":"2","89":"2","88":"2","79":"2","8C":"2","QX":"2"},"XX":{"2G":"2","2V":"2","2F":"2","3V":"2"},"VQ":{"JH":"2","QJ":"2","6C":"2","PJ":"2","JJ":"2","GQ":"2","RJ":"2","7C":"2","8X":"2"},"XR":{"GV":"2","HV":"2","8R":"2","FV":"2"},"WH":{"4H":"2","33":"2","32":"2","QP":"2","QW":"2"},"XQ":{"72":"2","63":"2","62":"2","28":"2","73":"2"},"WP":{"HR":"2","HQ":"2"},"QR":{"WW":"2"},"WJ":{"JH":"2","F7":"2","4X":"2","JG":"2","HG":"2","HC":"2"},"XW":{"CJ":"2","52":"2"},"XM":{"8Q":"2","HF":"2","HG":"2"},"WG":{"6R":"2","VX":"2"},"VV":{"J6":"2"}},"37":{"75":{"JX":"2"}},"5M":{"MW":{"FQ":"2","HP":"2"},"96":{"QC":"2","PC":"2","QG":"2","PF":"2","QF":"2"},"M8":{"FP":"2","GP":"2"},"4V":{"C6":"2"},"M7":{"HV":"2","8F":"2","7F":"2","5G":"2"}},"56":{"R2":{"XW":"2"},"J2":{"QX":"2","XC":"2","RH":"2","W9":"2","VH":"2"},"9W":{"8M":"2"},"RP":{"MG":"2"},"Q2":{"82":"2","94":"2","83":"2","73":"2"}},"57":{"Q7":{"Q8":"2","W3":"2","Q2":"2"},"P7":{"JW":"2","PV":"2"},"WG":{"V4":"2"},"R6":{"2W":"2","2V":"2","3X":"2"},"XM":{"8G":"2","8F":"2"},"R7":{"23":"2","32":"2","44":"2","22":"2","42":"2"},"36":{"5C":"2","6C":"2","4C":"2","69":"2"},"27":{"G3":"2"},"Q6":{"XV":"2","M4":"2","XR":"2","RX":"2","XW":"2","RV":"2"},"26":{"QX":"2","WJ":"2","87":"2"},"V8":{"QR":"2"},"Q2":{"7H":"2","7J":"2"}},"M7":{"M5":{"R2":"2"},"M4":{"WR":"2","RX":"2"}},"2M":{"FQ":{"GX":"2"},"77":{"C9":"2","6C":"2","79":"2","C2":"2","C8":"2","98":"2","92":"2","69":"2","99":"2"},"86":{"2X":"2"},"76":{"9X":"2","CX":"2"},"FR":{"P5":"2"},"QH":{"G6":"2","G7":"2"},"PR":{"R3":"2","V3":"2"},"RH":{"MC":"2","M9":"2","J9":"2"}},"QM":{"WW":{"8H":"2","CC":"2","88":"2","7C":"2","H3":"2"}},"F7":{"HQ":{"C9":"2","G9":"2","F9":"2"}},"W8":{"4R":{"GF":"2","HF":"2"}},"3P":{"35":{"64":"2"},"24":{"WP":"2","XP":"2"},"79":{"G3":"2","G4":"2","F4":"2"},"66":{"4F":"2"},"65":{"V7":"2"},"25":{"R3":"2"}},"5R":{"JF":{"WR":"2","VR":"2"},"2R":{"FM":"2"},"92":{"G4":"2"}},"MC":{"QW":{"VM":"2","VJ":"2"}},"RC":{"GF":{"4P":"2","2J":"2","6Q":"2","3G":"2","5W":"2","3F":"2","4H":"2","2G":"2","4F":"2","7J":"2","4R":"2","2F":"2","6J":"2","4C":"2","3P":"2","3C":"2","5M":"2","6P":"2","3H":"2","4Q":"2","5Q":"2"},"FF":{"XG":"2","XF":"2","XH":"2"}},"PG":{"X5":{"6C":"2","4J":"2","7M":"2","5H":"2","25":"2","3M":"2","5C":"2","59":"2","8J":"2","5G":"2","8Q":"2","7G":"2","4G":"2","5M":"2","4F":"2","9R":"2","3J":"2","8P":"2","9Q":"2","4C":"2","4H":"2","5F":"2","4M":"2","6F":"2","9P":"2","5J":"2","69":"2","CP":"2"},"W5":{"2M":"2","2P":"2"},"V5":{"RM":"2","QM":"2","PJ":"2","XM":"2","VP":"2","MJ":"2","RH":"2","XP":"2","HQ":"2","WM":"2","RP":"2"}},"XP":{"27":{"GW":"2"},"X7":{"H6":"2","M6":"2","P5":"2","P8":"2","Q4":"2","P4":"2","C3":"2","P3":"2","H5":"2","J5":"2","J7":"2","Q5":"2","Q3":"2"}},"QG":{"C9":{"83":"2","95":"2"},"RG":{"G6":"2","3G":"2"},"44":{"QX":"2"},"QH":{"M6":"2","76":"2","J6":"2","JC":"2"}},"QQ":{"R2":{"R5":"2","P5":"2"}},"49":{"XJ":{"Q3":"2"},"XH":{"QX":"2","RX":"2"}},"C3":{"CC":{"P5":"2","R3":"2","Q3":"2","Q5":"2","Q4":"2","R4":"2"}},"V3":{"22":{"QX":"2","QV":"2","QW":"2","JR":"2"},"4W":{"55":"2","64":"2","65":"2"}}}}