{"7G":{"46":{"G7":{"4R":"2","4V":"2"},"2V":{"XH":"2","WH":"2"},"3V":{"2J":"2","5R":"2","4V":"2","4X":"2","3W":"2","7W":"2","4J":"2","6X":"2","3G":"2","6R":"2","5W":"2","3V":"2","4W":"2","4H":"2","2G":"2","5V":"2","6W":"2","3J":"2","3X":"2","6V":"2","2H":"2","3H":"2","7X":"2"}},"X3":{"57":{"HV":"2","HX":"2","GX":"2","7X":"2"},"8J":{"4X":"2","3W":"2","3V":"2","4V":"2"},"4J":{"WW":"2"},"2Q":{"4P":"2"},"2G":{"MR":"2","X8":"2","WJ":"2","X4":"2","RP":"2","QM":"2","QQ":"2","PV":"2","MW":"2","MV":"2","JW":"2","PX":"2","QP":"2","RH":"2","RM":"2"},"6H":{"R3":"2","Q3":"2"},"47":{"JQ":"2","JW":"2","PQ":"2","QV":"2"},"7J":{"VW":"2"},"F4":{"M4":"2"},"8M":{"35":"2","22":"2"},"3F":{"2X":"2","3X":"2","5J":"2"},"48":{"H4":"2","G3":"2","9W":"2"}},"VW":{"JH":{"86":"2","C4":"2","95":"2","85":"2","94":"2","J3":"2","98":"2","H3":"2","C7":"2","96":"2","C6":"2","87":"2","H2":"2","C5":"2","97":"2"},"HH":{"X5":"2","W5":"2","X6":"2","W6":"2"},"JG":{"8G":"2","9G":"2","8F":"2","9F":"2"}},"PW":{"24":{"HM":"2"},"33":{"M2":"2","GW":"2","H6":"2","P5":"2","V6":"2","V7":"2","HM":"2","M5":"2","R8":"2","QC":"2","F3":"2","Q4":"2","Q9":"2","R2":"2","P4":"2","J4":"2","PQ":"2","V3":"2","Q7":"2","M4":"2"},"32":{"JX":"2","QV":"2","VM":"2","MX":"2","RQ":"2","QW":"2","XM":"2","GJ":"2","XP":"2","WG":"2","QX":"2"},"79":{"FM":"2"},"44":{"85":"2","75":"2"},"X2":{"CX":"2","CW":"2"},"25":{"5H":"2","7V":"2","MR":"2","7W":"2","3W":"2","MV":"2","JV":"2","7X":"2","49":"2","8X":"2","JR":"2"},"42":{"2G":"2","5F":"2","5G":"2","QH":"2"},"26":{"FF":"2","77":"2","8H":"2","92":"2","54":"2","J9":"2","23":"2","33":"2","GF":"2","FC":"2","32":"2","25":"2"},"F3":{"M2":"2"},"34":{"8C":"2","9C":"2","6H":"2","89":"2","98":"2","G2":"2","99":"2"},"43":{"C4":"2","64":"2","F7":"2"},"2P":{"47":"2"}},"GP":{"35":{"42":"2"},"5R":{"QM":"2"}},"RV":{"JW":{"89":"2"},"HX":{"C9":"2","F8":"2","G9":"2","F9":"2","CF":"2","G8":"2","CC":"2","GC":"2","FC":"2","FF":"2"}},"38":{"C4":{"XV":"2","VQ":"2","RP":"2","RQ":"2","XM":"2","WM":"2","XP":"2","VW":"2"},"F5":{"23":"2"},"CC":{"GG":"2"},"F4":{"2Q":"2","7W":"2","4J":"2","GG":"2","HH":"2","GH":"2","5H":"2","4R":"2","6J":"2","3P":"2","7M":"2","5M":"2","3H":"2","6H":"2","HG":"2"},"69":{"QR":"2","QQ":"2"}},"P3":{"7X":{"2G":"2","47":"2","46":"2","29":"2"},"6X":{"MM":"2"}},"XP":{"4M":{"JH":"2","HJ":"2","JJ":"2","HH":"2"},"GW":{"XX":"2","VQ":"2","7C":"2","28":"2","6C":"2","VJ":"2","VH":"2","7F":"2","6G":"2","9C":"2","39":"2","7G":"2","VP":"2","38":"2","8F":"2","WM":"2","6F":"2","48":"2","WX":"2","8C":"2","8G":"2","49":"2"},"VV":{"6H":"2"},"9R":{"P6":"2","Q5":"2"},"7W":{"XV":"2","WV":"2"},"CX":{"FF":"2","4G":"2","4J":"2","XC":"2","3G":"2","CF":"2","4H":"2","5H":"2","5J":"2","GJ":"2","3H":"2","6H":"2"},"HW":{"5X":"2","8R":"2","4V":"2","3W":"2","6Q":"2","8V":"2","7W":"2","6X":"2","6M":"2","9X":"2","4W":"2","6W":"2","2X":"2","4R":"2","3X":"2","6V":"2","7V":"2","2W":"2"},"6X":{"Q2":"2"},"RV":{"WX":"2"},"9X":{"F9":"2"},"6W":{"VV":"2","VW":"2"},"GX":{"MW":"2","X9":"2","PQ":"2","X5":"2","VR":"2","RX":"2","X8":"2","X2":"2","RR":"2","QX":"2","W2":"2","X6":"2","X7":"2","WX":"2","PV":"2","JW":"2","W3":"2","W9":"2","PW":"2","X3":"2","RV":"2","W8":"2","MV":"2","MX":"2","MR":"2","JX":"2","PR":"2","X4":"2","QW":"2","QR":"2","VV":"2"},"HX":{"95":"2","23":"2","36":"2","34":"2","42":"2","62":"2","52":"2","28":"2","32":"2","22":"2","48":"2","47":"2","C7":"2","27":"2","49":"2","C5":"2","86":"2","24":"2","35":"2","85":"2","29":"2","73":"2","56":"2","J6":"2","84":"2","94":"2","F7":"2","46":"2","25":"2","33":"2","J7":"2","26":"2","63":"2","39":"2","44":"2","97":"2","75":"2","96":"2","65":"2","H7":"2","37":"2","H6":"2","64":"2","74":"2","C2":"2","54":"2","53":"2","38":"2","45":"2","43":"2","92":"2"},"FW":{"R2":"2","X4":"2","W5":"2","W4":"2"},"9Q":{"GV":"2","GW":"2","RR":"2","QR":"2","VV":"2","VR":"2","QV":"2","RV":"2","FW":"2"},"5M":{"5P":"2","4M":"2","4P":"2"},"2M":{"J8":"2","M8":"2","X7":"2"},"QX":{"59":"2"},"7X":{"M6":"2","M5":"2","P5":"2","P6":"2","P7":"2","Q5":"2","V2":"2","P2":"2","Q6":"2","H3":"2","Q2":"2"}},"V9":{"2X":{"W7":"2","W8":"2","X8":"2","WG":"2","XH":"2","WH":"2"},"3X":{"C4":"2","6C":"2","C2":"2","C3":"2","69":"2"},"3W":{"CX":"2"}},"5V":{"4W":{"H2":"2"},"54":{"27":"2","25":"2","26":"2"},"W4":{"4M":"2","4P":"2","5M":"2"},"P8":{"XC":"2","X9":"2"},"M9":{"F5":"2","F4":"2"},"F9":{"9C":"2"},"P9":{"52":"2"},"5V":{"WV":"2","WW":"2","2X":"2","3X":"2","VW":"2","XW":"2"},"44":{"X5":"2","X6":"2"},"4V":{"FM":"2","WV":"2","WW":"2","VX":"2"},"XX":{"5J":"2"},"7P":{"2W":"2"},"3R":{"58":"2"},"RH":{"GF":"2","CF":"2","CC":"2","GC":"2","FC":"2","FF":"2"},"XR":{"QP":"2"},"VG":{"24":"2","25":"2"},"3V":{"R5":"2","P6":"2","R6":"2","Q5":"2","Q6":"2"},"5W":{"54":"2","44":"2","53":"2","43":"2"},"CC":{"PW":"2","MW":"2"},"QH":{"RM":"2","WP":"2","VJ":"2","RP":"2"},"WF":{"9X":"2","9W":"2","CX":"2","CW":"2"},"9C":{"W2":"2"},"Q8":{"2C":"2","29":"2"}},"6M":{"72":{"35":"2","34":"2"},"CH":{"42":"2"},"9G":{"XC":"2"},"P7":{"RX":"2"},"CF":{"FX":"2"},"J3":{"M5":"2","G8":"2"},"4W":{"2J":"2"},"F6":{"CX":"2","FX":"2"},"7X":{"27":"2","28":"2"},"CG":{"5P":"2","3G":"2","4M":"2","4P":"2","5Q":"2","3R":"2","5M":"2","4X":"2","4Q":"2","G2":"2"},"95":{"63":"2","64":"2","53":"2"},"6X":{"X8":"2","X7":"2"},"P8":{"8C":"2","C7":"2","M3":"2","J3":"2","P2":"2","99":"2"}},"HP":{"52":{"C5":"2"}},"WV":{"GJ":{"5J":"2"}},"5W":{"WQ":{"V7":"2","V8":"2"},"C7":{"G3":"2"},"J5":{"J2":"2"},"H5":{"83":"2","74":"2","84":"2","73":"2"},"M5":{"VH":"2","54":"2","55":"2","RF":"2","53":"2","VG":"2","43":"2","VF":"2","VC":"2","44":"2","32":"2","RC":"2"},"JR":{"C8":"2"},"F5":{"3C":"2"},"X5":{"8W":"2"},"C2":{"75":"2"},"39":{"X4":"2"},"VJ":{"MW":"2"},"P5":{"3G":"2","3F":"2"},"25":{"M6":"2"},"76":{"9M":"2"},"G4":{"57":"2","5C":"2","5F":"2","4F":"2","4C":"2"},"J9":{"JX":"2"},"H3":{"3C":"2","3F":"2"},"XJ":{"CX":"2"},"PX":{"2H":"2"},"57":{"W8":"2","X8":"2","X7":"2"},"V7":{"V6":"2","R6":"2","R7":"2","V7":"2"},"XG":{"XQ":"2"},"HF":{"PP":"2","QM":"2","QP":"2","PM":"2"},"F8":{"52":"2"},"H4":{"8J":"2","6V":"2"},"RJ":{"VQ":"2"},"J6":{"G9":"2","G8":"2"},"CR":{"CJ":"2"},"JF":{"86":"2"},"R6":{"35":"2"},"XR":{"7C":"2"},"6X":{"WV":"2","WW":"2","VV":"2","VW":"2","XX":"2","XW":"2"},"68":{"WJ":"2"},"4C":{"FQ":"2","8V":"2","GQ":"2","GR":"2"},"9Q":{"68":"2","79":"2","59":"2","78":"2","69":"2","58":"2"},"99":{"VP":"2","VQ":"2"},"JX":{"MM":"2","GQ":"2","CX":"2","HQ":"2","FX":"2"},"C9":{"86":"2","87":"2"},"PR":{"77":"2"},"H2":{"5P":"2","4M":"2","4P":"2","5M":"2"},"H7":{"FW":"2"},"W5":{"XM":"2"},"34":{"XR":"2"},"WF":{"MM":"2"},"7X":{"MX":"2","QW":"2","JX":"2"}},"4V":{"RM":{"R4":"2"},"FR":{"C9":"2","C8":"2","98":"2","99":"2"},"V3":{"V9":"2","R9":"2","V8":"2"},"52":{"RR":"2","VV":"2","VX":"2","PQ":"2","QW":"2","RV":"2","MQ":"2"},"8H":{"PJ":"2"},"8J":{"74":"2"},"J9":{"WG":"2"},"W9":{"45":"2"},"53":{"R2":"2","V3":"2","V2":"2"},"HF":{"X2":"2","XG":"2","XH":"2"},"7P":{"PH":"2","PJ":"2","MJ":"2"},"JF":{"99":"2","7C":"2","28":"2","6C":"2","79":"2","98":"2","2G":"2","38":"2","8F":"2","69":"2","96":"2","5C":"2","78":"2","2H":"2","4C":"2","59":"2"},"XQ":{"PF":"2","QF":"2"},"WP":{"M9":"2"},"HC":{"WX":"2","PQ":"2"},"M8":{"GV":"2","GR":"2"},"PC":{"X5":"2","X4":"2"},"FC":{"RM":"2","PQ":"2","WQ":"2","QQ":"2","JR":"2","VR":"2","VJ":"2","QV":"2","XP":"2","WM":"2","VP":"2","VM":"2","RR":"2","PV":"2","XH":"2","XJ":"2","RJ":"2","VQ":"2","RV":"2","MV":"2","RQ":"2","WH":"2","XQ":"2","QP":"2","JV":"2","MR":"2","PR":"2","WP":"2","QM":"2","QR":"2","MQ":"2","WJ":"2","RP":"2","XM":"2"},"GC":{"8Q":"2","7R":"2","8P":"2","6R":"2","7Q":"2","4R":"2","5V":"2","6Q":"2","5Q":"2","3R":"2","5R":"2","6V":"2","8R":"2"},"PG":{"J6":"2"}},"2J":{"C6":{"P2":"2"},"C7":{"C4":"2","C5":"2"}},"XJ":{"XF":{"RV":"2","VJ":"2"},"HP":{"P5":"2","X7":"2","R8":"2","QC":"2","Q9":"2","PC":"2","W7":"2","VC":"2","P7":"2","P9":"2"},"HQ":{"82":"2"},"QC":{"86":"2","85":"2","MJ":"2","C7":"2","F8":"2","JJ":"2","96":"2","C8":"2","97":"2"},"Q4":{"WW":"2"},"M8":{"9X":"2","VR":"2"},"CF":{"PM":"2","WG":"2","MH":"2","RG":"2","JF":"2","JM":"2","MG":"2","PC":"2","VP":"2","MJ":"2","HH":"2","WJ":"2","JG":"2","PF":"2","MF":"2","VG":"2","VC":"2","PH":"2","VF":"2","R9":"2","MP":"2","JH":"2","PJ":"2","JP":"2","PP":"2","RF":"2","QJ":"2","WF":"2","PR":"2","QM":"2","WH":"2","P9":"2","HM":"2","PQ":"2","MQ":"2","JJ":"2","QF":"2","QR":"2","VM":"2","PG":"2","QQ":"2","RC":"2","QP":"2","QH":"2","QC":"2","VH":"2","RP":"2","VJ":"2","QG":"2","Q9":"2","RM":"2","RH":"2","RJ":"2","HJ":"2","RQ":"2","MM":"2","MC":"2"},"9H":{"7G":"2","5J":"2"},"H8":{"JX":"2","QV":"2","VR":"2","QR":"2","VV":"2","MX":"2","RV":"2","PV":"2","MW":"2","MV":"2","RR":"2","PW":"2"},"WF":{"38":"2","75":"2","28":"2","97":"2","77":"2","84":"2","VJ":"2","26":"2","25":"2","76":"2","22":"2","35":"2","94":"2","23":"2","96":"2","45":"2","95":"2","37":"2","27":"2","86":"2","46":"2","85":"2","44":"2","87":"2","VG":"2","24":"2","36":"2","88":"2","34":"2"},"XH":{"82":"2","F2":"2","C2":"2","C3":"2","F3":"2"},"VF":{"X2":"2","X7":"2","W6":"2","X4":"2","W2":"2","X5":"2","W7":"2","X6":"2","X3":"2"},"VC":{"XX":"2"},"5J":{"MM":"2","RJ":"2"},"XG":{"MR":"2","GW":"2","99":"2","PJ":"2","V7":"2","M5":"2","R8":"2","C9":"2","QJ":"2","V8":"2","P2":"2","7Q":"2","Q9":"2","CJ":"2","QM":"2","PC":"2","J9":"2","P4":"2","CF":"2","P3":"2","9X":"2","7G":"2","8Q":"2","FM":"2","FX":"2","GX":"2","Q8":"2","R9":"2","9P":"2","R7":"2","PM":"2","C8":"2","Q7":"2","M4":"2","8M":"2","MH":"2","G6":"2"},"WC":{"4R":"2","3R":"2","2X":"2","3V":"2","4V":"2"},"M9":{"93":"2","94":"2","92":"2"},"H9":{"J2":"2","36":"2","H2":"2"},"RM":{"M8":"2"}},"VM":{"RG":{"CH":"2"},"8P":{"68":"2","C6":"2","96":"2","2X":"2","F6":"2","7C":"2","C5":"2","69":"2"},"5R":{"XR":"2","2G":"2","WG":"2","RG":"2","JF":"2","VP":"2","GF":"2","WJ":"2","WR":"2","XG":"2","7F":"2","9C":"2","PH":"2","2H":"2","XV":"2","6J":"2","PJ":"2","QJ":"2","WF":"2","2C":"2","Q4":"2","QM":"2","WH":"2","WV":"2","8F":"2","5F":"2","VM":"2","PG":"2","WQ":"2","RC":"2","VH":"2","VJ":"2","J5":"2","QG":"2","RM":"2","RH":"2","RJ":"2"},"3R":{"XF":"2","VM":"2","VJ":"2","WJ":"2","QC":"2","RQ":"2","WH":"2","WM":"2","WF":"2","VF":"2","VC":"2","XP":"2","XG":"2","WC":"2","QX":"2"},"4X":{"Q3":"2"},"6Q":{"9G":"2","8F":"2"},"CM":{"P5":"2","M5":"2","CF":"2","4G":"2","CC":"2","2F":"2"},"2V":{"XV":"2","XR":"2","GQ":"2","XW":"2"},"HW":{"CF":"2"},"7Q":{"X2":"2","Q6":"2","W2":"2","FM":"2","R7":"2","FP":"2","X3":"2","Q7":"2"},"6R":{"HR":"2","FR":"2","4W":"2","WW":"2","HQ":"2","PM":"2","QV":"2","7Q":"2","CM":"2","2F":"2","RR":"2","W6":"2","7R":"2","8J":"2","94":"2","RW":"2","8Q":"2","6R":"2","79":"2","2R":"2","4X":"2","4V":"2","7P":"2","FQ":"2","HP":"2","RV":"2","CQ":"2","5R":"2","VG":"2","3W":"2","3V":"2","9Q":"2","JV":"2","QW":"2","3X":"2","WF":"2","9P":"2","CF":"2","GQ":"2","GM":"2","WG":"2","CP":"2"},"3V":{"FR":"2","CR":"2","9R":"2","9V":"2","FQ":"2","FP":"2","8V":"2","GP":"2","GM":"2","J9":"2","CQ":"2","9Q":"2"},"9M":{"PJ":"2","XF":"2","VH":"2","PP":"2","WH":"2","WF":"2","WP":"2","XG":"2","WG":"2"},"7R":{"4H":"2","3P":"2","38":"2","44":"2","3H":"2","27":"2","46":"2","28":"2","49":"2","3M":"2","58":"2","29":"2","73":"2","2P":"2"},"8Q":{"23":"2","22":"2"},"3J":{"4W":"2"},"4R":{"JH":"2","MH":"2","CH":"2","2G":"2","CF":"2","XC":"2","R8":"2","RH":"2","2F":"2","FF":"2","3F":"2","VH":"2"},"6V":{"22":"2"},"7P":{"XV":"2","RM":"2","WV":"2","WW":"2","QM":"2","WX":"2","VR":"2","VQ":"2"},"8M":{"MR":"2"},"4Q":{"JH":"2","MH":"2","JJ":"2","MJ":"2"},"2W":{"25":"2","26":"2"}},"3C":{"5F":{"R5":"2","Q5":"2","Q4":"2","R4":"2"}},"5G":{"56":{"PC":"2","WG":"2","XC":"2","W4":"2"},"46":{"P7":"2"}},"5Q":{"Q2":{"9W":"2"}},"PX":{"FM":{"M2":"2","3M":"2","Q2":"2","58":"2","88":"2","P2":"2","98":"2","C7":"2","53":"2","JP":"2","87":"2","78":"2","27":"2","3C":"2","25":"2","97":"2","49":"2","68":"2"},"GH":{"WV":"2","GW":"2","VR":"2","7V":"2","XV":"2","9W":"2","FW":"2","RR":"2","7R":"2","7W":"2","8F":"2","FV":"2","WX":"2","8R":"2","2Q":"2","8W":"2","2R":"2","46":"2","XX":"2","CV":"2","3R":"2","RV":"2","XR":"2","8V":"2","WR":"2","3V":"2","HV":"2","JV":"2","GV":"2","CW":"2","9V":"2","CX":"2","2V":"2","FX":"2","HW":"2","XW":"2","VV":"2"},"77":{"J4":"2","M4":"2","M3":"2","J3":"2","J5":"2"},"HM":{"RG":"2","FF":"2","X8":"2","JH":"2","PJ":"2","QG":"2","XF":"2","W8":"2","GC":"2","JG":"2","PF":"2","VH":"2","J8":"2","MC":"2","XC":"2","QC":"2","Q9":"2","FH":"2","PC":"2","FG":"2","J9":"2","M8":"2","GG":"2","CF":"2","GH":"2","MJ":"2","CC":"2","V9":"2","PG":"2","MG":"2","X9":"2","WH":"2","RF":"2","JF":"2","Q8":"2","R9":"2","WF":"2","CG":"2","GF":"2","VG":"2","MF":"2","VF":"2","VC":"2","QH":"2","FC":"2","PH":"2","QF":"2","RC":"2","JC":"2","XG":"2","WG":"2","WC":"2","MH":"2","M9":"2","W9":"2","RH":"2","P9":"2"},"8H":{"G5":"2"},"CM":{"H3":"2"},"HJ":{"63":"2","22":"2","35":"2","62":"2","54":"2","29":"2","45":"2","24":"2","23":"2","33":"2","53":"2","43":"2","27":"2","26":"2","34":"2","46":"2","52":"2","44":"2","32":"2","36":"2","25":"2"},"22":{"FX":"2"},"GJ":{"X9":"2","W4":"2","XC":"2","X5":"2","V3":"2","W7":"2","Q2":"2","X2":"2","V4":"2","V2":"2","W6":"2","22":"2","23":"2","W2":"2","X6":"2","XF":"2","VH":"2","X7":"2","W3":"2","W9":"2","32":"2","X3":"2","V7":"2","R3":"2","Q3":"2","WC":"2","VG":"2","WH":"2","33":"2","R4":"2","X4":"2","VF":"2","W5":"2","Q4":"2","WF":"2","72":"2","WG":"2","R2":"2"},"23":{"F2":"2","F3":"2","G2":"2"},"9J":{"P7":"2"},"7G":{"X9":"2","WQ":"2","WW":"2","WV":"2","XC":"2","X8":"2","XV":"2","XP":"2","WM":"2","XF":"2","XH":"2","W9":"2","XJ":"2","XG":"2","WC":"2","XR":"2","W8":"2","WR":"2","WH":"2","XQ":"2","WP":"2","WF":"2","WJ":"2","XW":"2","XM":"2","WG":"2"},"Q5":{"MG":"2"},"8G":{"38":"2","4W":"2","4J":"2","28":"2","4P":"2","7M":"2","3H":"2","39":"2","2G":"2","7V":"2","5H":"2","7J":"2","7Q":"2","3F":"2","9W":"2","2F":"2","2H":"2","FW":"2","3M":"2","5C":"2","7R":"2","5V":"2","2W":"2","59":"2","5G":"2","7W":"2","3C":"2","2C":"2","8Q":"2","2P":"2","6R":"2","2M":"2","8R":"2","2Q":"2","8W":"2","4Q":"2","29":"2","2R":"2","2J":"2","4V":"2","4G":"2","6P":"2","CV":"2","7P":"2","5Q":"2","3R":"2","5M":"2","6W":"2","5R":"2","4F":"2","8V":"2","3W":"2","9R":"2","3V":"2","3J":"2","5P":"2","5W":"2","6Q":"2","4C":"2","4H":"2","6V":"2","58":"2","5F":"2","4M":"2","3G":"2","3Q":"2","3P":"2","48":"2","6M":"2","6J":"2","CW":"2","9V":"2","5J":"2","2V":"2","49":"2","4R":"2"},"GP":{"56":"2","55":"2","35":"2","54":"2","44":"2","83":"2","45":"2","36":"2","46":"2","25":"2","74":"2","26":"2","84":"2","73":"2"},"HH":{"4V":"2","3R":"2","3W":"2","2V":"2","3V":"2","4W":"2","2X":"2","W7":"2","2R":"2","2W":"2"},"FP":{"J5":"2","73":"2","H5":"2","G6":"2","54":"2","J8":"2","64":"2","52":"2","P5":"2","P9":"2","63":"2","74":"2","H8":"2","Q5":"2","53":"2","QC":"2","J6":"2","R6":"2","H6":"2","P6":"2","Q9":"2","H7":"2","G5":"2","J7":"2","PC":"2","72":"2","R5":"2","Q6":"2"},"CH":{"FM":"2","GM":"2","GX":"2"},"FH":{"XR":"2","R8":"2","5V":"2","FW":"2","VP":"2","GF":"2","WJ":"2","WR":"2","7M":"2","MV":"2","PX":"2","6M":"2","3V":"2","5J":"2","PH":"2","5P":"2","CH":"2","GH":"2","FG":"2","WW":"2","8W":"2","H4":"2","R9":"2","PW":"2","XV":"2","6J":"2","6P":"2","MX":"2","QJ":"2","MW":"2","CJ":"2","5M":"2","7J":"2","QM":"2","WV":"2","WH":"2","FH":"2","4H":"2","PQ":"2","VM":"2","VV":"2","3H":"2","QX":"2","PG":"2","9X":"2","5H":"2","9H":"2","QH":"2","VH":"2","H7":"2","J9":"2","JQ":"2","H6":"2","VJ":"2","CG":"2","GG":"2","RM":"2","RH":"2","RJ":"2","VW":"2","MC":"2"},"HP":{"48":"2"},"9G":{"R3":"2","P5":"2","Q2":"2","M5":"2","V2":"2","P2":"2","Q4":"2","R2":"2","P4":"2","P3":"2","MW":"2","V3":"2","M4":"2","M3":"2","Q3":"2"},"FG":{"4H":"2","9X":"2","6W":"2","6M":"2","7C":"2","29":"2"},"GG":{"9C":"2","9F":"2","99":"2"},"CJ":{"X9":"2","6C":"2","WV":"2","XC":"2","PM":"2","VX":"2","W7":"2","X8":"2","CM":"2","G2":"2","X7":"2","W9":"2","79":"2","Q5":"2","78":"2","MJ":"2","CQ":"2","WC":"2","R8":"2","W8":"2","98":"2","WR":"2","89":"2","VF":"2","88":"2","7C":"2","69":"2","XW":"2","CP":"2","Q6":"2","82":"2"},"FF":{"25":"2"},"CG":{"G7":"2","WQ":"2","C7":"2","97":"2","H5":"2","G6":"2","F9":"2","52":"2","96":"2","9J":"2","XH":"2","86":"2","P7":"2","F8":"2","87":"2","98":"2","CC":"2","99":"2","C9":"2","89":"2","C8":"2","88":"2","F7":"2","CF":"2"},"9F":{"PQ":"2","WW":"2","VX":"2","RX":"2","QV":"2","XV":"2","QX":"2","RW":"2","WX":"2","PV":"2","PX":"2","PW":"2","XX":"2","XR":"2","MV":"2","MR":"2","PR":"2","QW":"2","QR":"2","MQ":"2","XW":"2"},"CF":{"4P":"2","2Q":"2","4V":"2","5R":"2","3R":"2","3W":"2","2V":"2","3V":"2","5V":"2","2X":"2","4R":"2","3P":"2","2R":"2","3Q":"2","4Q":"2","2W":"2"},"FJ":{"7Q":"2","2G":"2","5R":"2","28":"2","X9":"2","48":"2","RG":"2","2R":"2","47":"2","V2":"2","6R":"2","C4":"2","4C":"2","C7":"2","MR":"2","49":"2","M5":"2","M6":"2","4R":"2","C5":"2","86":"2","PX":"2","6F":"2","3V":"2","QW":"2","H3":"2","77":"2","FR":"2","85":"2","66":"2","29":"2","G4":"2","56":"2","J6":"2","84":"2","6J":"2","G6":"2","F7":"2","P6":"2","9M":"2","G7":"2","CX":"2","87":"2","2C":"2","4V":"2","4G":"2","J7":"2","P2":"2","GW":"2","57":"2","4F":"2","F6":"2","5F":"2","76":"2","39":"2","W5":"2","75":"2","2V":"2","3H":"2","78":"2","QX":"2","5Q":"2","5H":"2","65":"2","F5":"2","M8":"2","6H":"2","P8":"2","Q8":"2","88":"2","69":"2","3C":"2","6G":"2","C6":"2","F4":"2","FP":"2"},"JM":{"38":"2","47":"2","36":"2","27":"2","46":"2","28":"2","37":"2","29":"2"},"GM":{"86":"2","77":"2","66":"2","88":"2","FG":"2","54":"2","75":"2","98":"2","55":"2","96":"2","87":"2","65":"2","64":"2","97":"2"},"66":{"W7":"2","V7":"2"}},"5M":{"6W":{"CR":"2","FQ":"2","GQ":"2"}},"3M":{"GV":{"M4":"2","P3":"2","M3":"2","P4":"2","M2":"2","P2":"2"},"9J":{"7M":"2","8P":"2","9P":"2","8M":"2"}},"GX":{"FR":{"H9":"2"},"PP":{"5W":"2"}},"4R":{"W5":{"VC":"2","JM":"2","RC":"2"},"V6":{"7W":"2","8W":"2"},"HC":{"83":"2"},"R8":{"7M":"2","8P":"2","7P":"2","8M":"2"},"X4":{"7R":"2","6R":"2","7V":"2","7W":"2","5X":"2"},"JM":{"FC":"2"},"HQ":{"JH":"2","MH":"2","PH":"2","MG":"2","JG":"2"},"QC":{"R3":"2","7C":"2","F7":"2","Q2":"2","Q6":"2","G2":"2","V2":"2","7F":"2","W2":"2","R2":"2","F6":"2","G7":"2","W3":"2","G8":"2","F8":"2","6F":"2","C6":"2","F5":"2","H2":"2","C5":"2","P6":"2","V3":"2","Q3":"2"},"Q9":{"VQ":"2","VR":"2","RW":"2","RJ":"2","VM":"2","VJ":"2","WJ":"2","RP":"2","RQ":"2","RX":"2","VP":"2","XM":"2","WM":"2","WP":"2","XP":"2","WQ":"2","QX":"2","WR":"2","RM":"2"},"PC":{"Q8":"2","P8":"2"},"X5":{"2F":"2","42":"2","52":"2","53":"2","43":"2"},"75":{"HQ":"2"},"JJ":{"RH":"2","J5":"2"}},"52":{"RR":{"FF":"2","JQ":"2","J8":"2","MJ":"2","H8":"2","H3":"2","JJ":"2","GF":"2","6J":"2","MH":"2","G6":"2"},"QR":{"W3":"2","RV":"2"},"RQ":{"9X":"2","9W":"2"},"VR":{"3X":"2","3W":"2"},"RV":{"52":"2"}},"2W":{"W7":{"QG":"2"},"Q3":{"RG":"2","VG":"2","RH":"2","VH":"2"},"W5":{"F5":"2"},"V9":{"HC":"2"},"R8":{"WW":"2","WX":"2","XX":"2","XW":"2"},"R6":{"M7":"2"},"X6":{"6R":"2"},"V2":{"V2":"2"},"V7":{"8C":"2"},"V8":{"2W":"2"}},"VP":{"R6":{"MJ":"2"},"W8":{"7C":"2","8P":"2","6C":"2","V7":"2","8X":"2","8H":"2","6G":"2","5F":"2","CF":"2","CC":"2","57":"2","FR":"2","9F":"2","5G":"2","6F":"2","9P":"2","5C":"2","FW":"2","FV":"2","49":"2"},"V7":{"9R":"2","7V":"2","9X":"2","8V":"2","6W":"2","7W":"2","6V":"2","8W":"2","2F":"2","7X":"2","9Q":"2","8X":"2"},"R8":{"X5":"2","X8":"2","X6":"2","X7":"2"},"XC":{"CC":"2","98":"2","G8":"2","XM":"2","87":"2","78":"2","FC":"2","97":"2"},"V8":{"7C":"2","95":"2","36":"2","58":"2","34":"2","62":"2","28":"2","32":"2","F3":"2","99":"2","48":"2","9F":"2","W3":"2","47":"2","68":"2","V2":"2","93":"2","C4":"2","M3":"2","C7":"2","27":"2","M5":"2","MF":"2","C5":"2","J4":"2","9C":"2","24":"2","77":"2","35":"2","66":"2","73":"2","Q3":"2","CC":"2","79":"2","56":"2","84":"2","94":"2","55":"2","8C":"2","46":"2","JC":"2","25":"2","87":"2","Q4":"2","59":"2","83":"2","33":"2","8F":"2","57":"2","V3":"2","76":"2","26":"2","J2":"2","QF":"2","44":"2","97":"2","C3":"2","75":"2","M4":"2","98":"2","89":"2","78":"2","72":"2","96":"2","65":"2","67":"2","M2":"2","37":"2","64":"2","J5":"2","C8":"2","82":"2","P3":"2","74":"2","88":"2","69":"2","P5":"2","P4":"2","CF":"2","C6":"2","38":"2","F4":"2","45":"2","MC":"2","43":"2","92":"2"},"X9":{"JQ":"2","86":"2","58":"2","8X":"2","7W":"2","5W":"2","57":"2","9W":"2","48":"2","47":"2","CW":"2","49":"2","59":"2","8W":"2"},"WH":{"X4":"2","W5":"2"},"WP":{"M5":"2"},"R7":{"G9":"2"},"R4":{"PG":"2","QG":"2","PF":"2"},"W9":{"R5":"2","W7":"2","X8":"2","Q7":"2","V6":"2","R6":"2","X6":"2","XJ":"2","R7":"2","Q6":"2","V7":"2","86":"2","X7":"2","W6":"2"}},"7P":{"7V":{"R5":"2","R3":"2","Q3":"2","Q5":"2","Q4":"2","V5":"2","R4":"2"}},"37":{"PC":{"H6":"2","J6":"2","H5":"2","J5":"2"},"GH":{"Q7":"2","R6":"2","R7":"2","Q6":"2"},"MP":{"G3":"2","G4":"2","F2":"2","F3":"2","G2":"2"},"X2":{"VM":"2","WM":"2"},"47":{"6W":"2","7W":"2","8W":"2","7X":"2","8X":"2"},"74":{"MR":"2","JQ":"2","HR":"2","8R":"2","JR":"2","8V":"2","7W":"2","HQ":"2","7R":"2","FR":"2","GR":"2","GV":"2","HV":"2","7V":"2","CV":"2","FV":"2","GQ":"2","8W":"2"}},"WQ":{"44":{"58":"2","54":"2","55":"2","65":"2","64":"2","59":"2","68":"2"},"C2":{"63":"2","66":"2","54":"2","67":"2","45":"2","57":"2","55":"2","53":"2","43":"2","65":"2","56":"2","46":"2","44":"2","64":"2"},"VF":{"5H":"2"},"25":{"4F":"2"},"V8":{"GQ":"2"}},"WG":{"FR":{"V6":"2"},"3Q":{"X4":"2","RX":"2","R8":"2","W3":"2","V5":"2"},"8P":{"64":"2"},"7P":{"7J":"2"},"5P":{"PH":"2"},"8J":{"P6":"2"},"WV":{"H5":"2"},"4P":{"5X":"2","7X":"2"},"4G":{"4G":"2"},"3R":{"P5":"2","8R":"2","W4":"2","P2":"2","Q4":"2","7Q":"2","V4":"2","6R":"2","P3":"2","7R":"2","8Q":"2","W3":"2","7V":"2","7P":"2","V3":"2","R4":"2","Q5":"2"},"HR":{"62":"2"},"4Q":{"42":"2"},"MQ":{"XJ":"2","XH":"2","WH":"2"}},"VR":{"R2":{"5P":"2"},"F9":{"C6":"2","96":"2","C5":"2","95":"2"},"CF":{"5H":"2","4H":"2","4M":"2","4P":"2"},"98":{"7G":"2","7H":"2"}},"PM":{"C2":{"38":"2"}},"7V":{"4H":{"6Q":"2"},"GG":{"X4":"2","X3":"2"},"HG":{"24":"2","23":"2"}},"RH":{"FQ":{"CP":"2"},"QG":{"94":"2"},"W8":{"66":"2"},"HP":{"88":"2"},"HM":{"CR":"2","8V":"2"},"8V":{"PR":"2","MR":"2"},"CM":{"7C":"2","R8":"2","6C":"2","F3":"2","8H":"2","M9":"2","GP":"2","9F":"2","P7":"2","JF":"2","CP":"2","HH":"2","M5":"2","M6":"2","G3":"2","JG":"2","MF":"2","H8":"2","7F":"2","9C":"2","J4":"2","6F":"2","CM":"2","HF":"2","Q6":"2","HQ":"2","CH":"2","H3":"2","GH":"2","H4":"2","CC":"2","R9":"2","G4":"2","HC":"2","MP":"2","G2":"2","G6":"2","JP":"2","PP":"2","P6":"2","R7":"2","GJ":"2","8C":"2","RF":"2","JC":"2","CJ":"2","J7":"2","P9":"2","FJ":"2","FH":"2","8F":"2","M7":"2","9G":"2","PQ":"2","HM":"2","Q7":"2","MQ":"2","QF":"2","F2":"2","Q5":"2","RC":"2","FQ":"2","GM":"2","QC":"2","9H":"2","GQ":"2","J9":"2","H7":"2","JQ":"2","H6":"2","J5":"2","CG":"2","HG":"2","GG":"2","M8":"2","FM":"2","Q9":"2","Q8":"2","P8":"2","HJ":"2","P5":"2","J8":"2","G5":"2","8G":"2","H2":"2","CF":"2","HP":"2","F4":"2","MC":"2","H5":"2","H9":"2","FP":"2"},"9M":{"QG":"2","PF":"2","MG":"2","PG":"2","MF":"2","QH":"2","PH":"2","QF":"2"},"FM":{"55":"2","35":"2","54":"2","44":"2","45":"2","34":"2"},"QF":{"FW":"2"},"WC":{"P3":"2","M3":"2","Q4":"2","P4":"2"}},"5X":{"QJ":{"W3":"2","W2":"2","P2":"2"},"M7":{"M9":"2"},"J5":{"XC":"2","XG":"2","WF":"2"},"GF":{"35":"2","F4":"2","2J":"2","92":"2","75":"2","45":"2","3F":"2","2C":"2","C3":"2","8Q":"2","2G":"2","6F":"2","CP":"2","2F":"2","2H":"2","5J":"2","3C":"2","CW":"2","26":"2","7P":"2","46":"2","32":"2","6P":"2","36":"2"},"M5":{"2G":"2"},"77":{"HV":"2"},"54":{"55":"2","54":"2","44":"2","45":"2"},"6G":{"J4":"2","P7":"2","XC":"2"},"XC":{"HJ":"2","JG":"2"},"J8":{"VM":"2"},"7J":{"85":"2","94":"2","M8":"2","74":"2","84":"2","75":"2","J7":"2","M7":"2"},"JQ":{"RF":"2"},"WM":{"RQ":"2"},"JP":{"X9":"2","W9":"2","WC":"2"},"59":{"M4":"2"},"7W":{"RC":"2"},"VH":{"G7":"2"},"G2":{"QR":"2","QQ":"2"},"H9":{"VW":"2"},"XH":{"CX":"2","FV":"2","CW":"2","CQ":"2","FX":"2","FW":"2"},"W9":{"9C":"2","QF":"2"},"8G":{"9F":"2"},"2M":{"3G":"2","5C":"2","G9":"2","F9":"2","4F":"2","3F":"2"},"VC":{"XP":"2"},"JJ":{"3M":"2"},"2J":{"55":"2"},"85":{"FG":"2"},"H4":{"M2":"2"},"J2":{"J2":"2","F2":"2"},"CH":{"C2":"2","C3":"2"},"RJ":{"C3":"2"},"55":{"QV":"2","QW":"2","RW":"2","RV":"2"},"9G":{"6J":"2"},"FG":{"GV":"2","GW":"2","FJ":"2"},"87":{"GQ":"2"},"W8":{"9W":"2"},"GG":{"GG":"2"},"P2":{"P5":"2","J2":"2","Q5":"2","Q4":"2","P4":"2","M2":"2","H2":"2"},"3J":{"GP":"2"},"9Q":{"63":"2","42":"2","43":"2"},"QP":{"44":"2"},"QH":{"9X":"2","QX":"2"},"FF":{"6C":"2","73":"2","HQ":"2","MF":"2","X5":"2","J8":"2","JQ":"2","P9":"2","63":"2","W6":"2","JP":"2","MG":"2","X6":"2","VH":"2","J9":"2","XH":"2","J3":"2","XJ":"2","VC":"2","HF":"2","QC":"2","JF":"2","WC":"2","F2":"2","RC":"2","WH":"2","C4":"2","MR":"2","QG":"2","QF":"2","X4":"2","VF":"2","PF":"2","6F":"2","WF":"2","PC":"2","9P":"2","JH":"2","WG":"2","PG":"2","MM":"2","JC":"2"},"M6":{"9F":"2"},"MQ":{"4H":"2"},"7C":{"X9":"2"},"MH":{"VR":"2","VM":"2"},"M2":{"Q9":"2"},"FC":{"JX":"2"},"CF":{"V7":"2"},"72":{"J2":"2","M2":"2"},"GC":{"9R":"2","MX":"2"},"56":{"H5":"2"},"7X":{"RP":"2"}},"M2":{"FJ":{"42":"2"}},"4G":{"PJ":{"FM":"2","FP":"2"}},"26":{"PP":{"64":"2","65":"2","74":"2","75":"2"},"X8":{"2W":"2","2V":"2"},"XH":{"2H":"2","2G":"2"},"WH":{"XH":"2"}},"H7":{"QC":{"X6":"2"}},"RX":{"39":{"4P":"2"}},"8Q":{"Q3":{"8J":"2"}},"JX":{"C4":{"X2":"2"},"4H":{"P7":"2"},"R2":{"2R":"2"},"R3":{"24":"2","23":"2","32":"2","22":"2"},"7Q":{"4R":"2","8X":"2"},"P3":{"V3":"2"},"JJ":{"8Q":"2","8R":"2"},"C3":{"2J":"2","5P":"2"},"F5":{"P5":"2","P6":"2","3R":"2","Q5":"2","Q6":"2"},"83":{"6W":"2","6V":"2","6X":"2"},"4C":{"F8":"2"},"74":{"M6":"2","H6":"2","CH":"2","P6":"2","Q7":"2","P7":"2","Q8":"2","R8":"2","M8":"2","9F":"2","P8":"2"},"28":{"CQ":"2"},"C5":{"GV":"2","GW":"2","CX":"2","GX":"2","CW":"2","FV":"2","FX":"2","FW":"2"},"84":{"72":"2","63":"2","35":"2","62":"2","F7":"2","44":"2","83":"2","74":"2","73":"2","53":"2"},"Q2":{"HM":"2","QJ":"2","RM":"2","HP":"2","QM":"2","XM":"2","JM":"2","XP":"2","VM":"2","WM":"2"},"CV":{"G5":"2"},"73":{"RR":"2","VR":"2"}},"36":{"HM":{"RG":"2","RF":"2","VC":"2","VG":"2","VF":"2","RC":"2"},"C4":{"6F":"2","7F":"2"},"WW":{"WW":"2","WX":"2","XX":"2","XW":"2"},"4W":{"C9":"2","C8":"2","98":"2","99":"2"},"G8":{"57":"2","47":"2","58":"2"}},"W3":{"VV":{"GJ":"2"}},"5R":{"HX":{"8G":"2","F9":"2","8F":"2","FC":"2"},"8R":{"4W":"2","3W":"2"},"27":{"CJ":"2"},"XH":{"CH":"2"}},"X6":{"PG":{"R5":"2","V6":"2","R8":"2","R6":"2"}},"HH":{"Q9":{"X2":"2"},"R9":{"32":"2"}},"6R":{"7G":{"8Q":"2","7Q":"2","8R":"2","9J":"2"},"6Q":{"35":"2","25":"2"},"5Q":{"XC":"2","X9":"2","WC":"2"},"5R":{"8V":"2"},"7J":{"72":"2","6C":"2","58":"2","5F":"2","9C":"2","83":"2","85":"2","75":"2","82":"2","69":"2","5C":"2","74":"2","4C":"2","P6":"2","84":"2","73":"2","59":"2","68":"2"},"3X":{"GR":"2"},"3H":{"68":"2","HF":"2","59":"2","69":"2","58":"2"}},"FM":{"M4":{"XQ":"2"},"G8":{"QF":"2"},"J7":{"7Q":"2","5V":"2","FW":"2","GV":"2","5R":"2","6X":"2","8H":"2","8X":"2","GP":"2","6Q":"2","7G":"2","8M":"2","6R":"2","CP":"2","7H":"2","CW":"2","7M":"2","4R":"2","CQ":"2","9V":"2","6F":"2","6M":"2","HQ":"2","FR":"2","CV":"2","FV":"2","JV":"2","8W":"2","JR":"2","7P":"2","7X":"2","6J":"2","7R":"2","6P":"2","9M":"2","CX":"2","7W":"2","8Q":"2","8V":"2","8R":"2","HR":"2","7J":"2","GW":"2","9Q":"2","7V":"2","4Q":"2","HV":"2","GR":"2","6W":"2","FX":"2","8P":"2","9R":"2","CR":"2","FQ":"2","5Q":"2","9X":"2","6V":"2","GM":"2","JW":"2","GQ":"2","HW":"2","JQ":"2","FM":"2","6H":"2","8J":"2","6G":"2","9W":"2","HP":"2","FP":"2","9P":"2"}},"3J":{"JP":{"7M":"2"}},"2P":{"H7":{"5P":"2","4M":"2","5M":"2"},"G3":{"W8":"2","V8":"2"},"HQ":{"VP":"2"},"MQ":{"55":"2","64":"2","54":"2","44":"2","65":"2","45":"2"},"CH":{"76":"2","86":"2","87":"2","77":"2"},"5F":{"7V":"2","8V":"2","7W":"2","8W":"2","8X":"2"},"7Q":{"M9":"2"},"3G":{"8Q":"2","7R":"2","7P":"2","6R":"2","7Q":"2","6W":"2","4R":"2","5V":"2","6Q":"2","5R":"2","6V":"2","6P":"2","5W":"2","6X":"2","4V":"2"},"8J":{"4G":"2","CM":"2","3F":"2","4H":"2","7J":"2","CP":"2","2F":"2","6J":"2"},"5G":{"Q8":"2"},"9Q":{"38":"2"},"2H":{"X5":"2","W5":"2","VC":"2","V9":"2","X6":"2","R9":"2","RC":"2","HG":"2","W6":"2","V8":"2"},"4C":{"FG":"2","FH":"2"},"3H":{"P7":"2","Q7":"2","Q8":"2","Q9":"2","P8":"2"},"68":{"JP":"2"}},"7X":{"23":{"P4":"2"},"QX":{"6Q":"2"},"G5":{"C2":"2","C3":"2"},"MX":{"G3":"2","H3":"2"},"JF":{"5C":"2","5F":"2","52":"2","58":"2","5G":"2"},"JC":{"7V":"2","6W":"2","7W":"2"}},"QV":{"27":{"M7":"2","M6":"2","X7":"2","V7":"2","Q6":"2","F9":"2","M8":"2","G8":"2","W7":"2","Q8":"2","J5":"2","F8":"2","P6":"2","J7":"2","C8":"2","Q7":"2"},"37":{"27":"2"}},"XR":{"W4":{"7R":"2"}},"QP":{"8P":{"MR":"2","JQ":"2","JR":"2","MQ":"2","MP":"2","PP":"2","MV":"2","JP":"2","PM":"2","PQ":"2","PR":"2","FV":"2","MM":"2"},"6R":{"92":"2"},"HJ":{"X5":"2","2Q":"2"},"7Q":{"HG":"2","8M":"2"},"6Q":{"WV":"2","VV":"2","8X":"2"},"JJ":{"26":"2"},"GJ":{"CR":"2","QC":"2","PR":"2","PC":"2","RR":"2","PP":"2","QG":"2","MP":"2","QR":"2","QP":"2","PJ":"2","MM":"2","MR":"2","RQ":"2","PQ":"2","PM":"2","CW":"2","QQ":"2","MQ":"2","XQ":"2"},"HH":{"4V":"2"},"3W":{"32":"2"},"3V":{"7R":"2","7P":"2","7Q":"2","WG":"2","8R":"2","6P":"2","WH":"2"},"W9":{"PP":"2","QR":"2","QP":"2","RQ":"2","PQ":"2","QQ":"2"},"WC":{"73":"2"}},"2G":{"43":{"4M":"2"}},"PP":{"WX":{"97":"2","C7":"2","C8":"2","98":"2"}},"4J":{"J7":{"QC":"2"}},"44":{"P5":{"G7":"2","G8":"2"},"J4":{"GQ":"2"},"79":{"HX":"2"},"7C":{"H2":"2"}},"MW":{"X5":{"RX":"2","VR":"2"},"WP":{"WC":"2"},"V9":{"VQ":"2"},"X6":{"Q3":"2"},"X7":{"FC":"2"}},"6W":{"8X":{"96":"2"},"75":{"JQ":"2","HQ":"2","JP":"2"},"4J":{"C2":"2"},"4P":{"F7":"2","GC":"2","HC":"2","6Q":"2","CM":"2","7Q":"2","CJ":"2","GG":"2","F6":"2","FR":"2","9W":"2","C7":"2","7J":"2","C6":"2","7H":"2","6J":"2","7P":"2","6P":"2","C8":"2","GM":"2","6H":"2","H9":"2"},"7M":{"P9":"2","P8":"2"},"VR":{"P7":"2","Q8":"2","M8":"2","P9":"2","M7":"2"},"7V":{"2M":"2"},"3F":{"9J":"2"},"9W":{"43":"2"},"63":{"QJ":"2"},"5C":{"J8":"2","J7":"2","M7":"2"},"5V":{"66":"2","58":"2","67":"2","57":"2","4H":"2","56":"2","68":"2"},"22":{"WJ":"2"},"95":{"XH":"2"},"H3":{"MF":"2","JF":"2"},"37":{"QG":"2","WG":"2","VG":"2","WJ":"2","XH":"2","WM":"2","WH":"2","VH":"2"},"8G":{"C7":"2"},"43":{"CX":"2"},"2Q":{"GM":"2","JJ":"2","HH":"2","JM":"2"},"4Q":{"G6":"2","G7":"2","F2":"2","C2":"2","VH":"2"},"2J":{"R2":"2"},"85":{"68":"2","9C":"2","6H":"2","9F":"2"},"4V":{"XJ":"2"},"3R":{"WG":"2","VG":"2"},"CQ":{"7Q":"2"},"7H":{"GV":"2"},"C5":{"8M":"2","4Q":"2"},"5R":{"28":"2","29":"2","39":"2"},"4F":{"5C":"2","9G":"2","7J":"2"},"3V":{"XW":"2"},"5P":{"V3":"2","W3":"2","V2":"2","W2":"2"},"5W":{"84":"2"},"99":{"RH":"2"},"47":{"2J":"2","2W":"2","4M":"2","4P":"2","3J":"2","5W":"2","3M":"2","2P":"2"},"4H":{"GQ":"2","HQ":"2","FV":"2","FW":"2"},"58":{"XR":"2"},"3P":{"8C":"2"},"6F":{"JW":"2"},"48":{"42":"2"},"CW":{"33":"2"},"5J":{"V2":"2"},"66":{"FQ":"2"},"4R":{"82":"2"}},"7J":{"HG":{"MQ":"2","22":"2","HW":"2","W9":"2","CP":"2","RX":"2","F5":"2","HJ":"2","3R":"2","QC":"2","65":"2","3F":"2","5F":"2","G8":"2","HQ":"2","WM":"2","5X":"2","PC":"2","XF":"2","PV":"2","JX":"2","89":"2","72":"2","VJ":"2","7P":"2","FH":"2","46":"2","RQ":"2","GR":"2","29":"2","HG":"2","QW":"2","P8":"2","9V":"2","Q9":"2","5C":"2","PF":"2","PP":"2","QH":"2","7V":"2","GF":"2","FP":"2","RF":"2","GJ":"2","XG":"2","3V":"2","4R":"2","C8":"2","J7":"2","CQ":"2","6P":"2","FV":"2","3C":"2","X5":"2","P7":"2","2P":"2","2X":"2","M8":"2","45":"2","9Q":"2","RP":"2","MH":"2","GH":"2","5P":"2","XC":"2","WH":"2","FQ":"2","HV":"2","HP":"2","RW":"2","HH":"2","2G":"2","Q8":"2","CW":"2","PR":"2","CM":"2","VH":"2","GM":"2","MW":"2","WC":"2","MX":"2","GG":"2","JR":"2","FR":"2","62":"2","G6":"2","2J":"2","HM":"2","G7":"2","MJ":"2","99":"2","MF":"2","CG":"2","X8":"2","MG":"2","WF":"2","R9":"2","8P":"2","HF":"2","2W":"2","WP":"2","R8":"2","2H":"2","2Q":"2","84":"2","4F":"2","Q6":"2","P9":"2","QF":"2","9P":"2","MP":"2","GP":"2","53":"2","HR":"2","CV":"2","M7":"2","H7":"2","X9":"2","MM":"2","W8":"2","FM":"2","8G":"2","8V":"2","98":"2","MC":"2","F6":"2","QR":"2","PG":"2","QG":"2","MR":"2","7G":"2","J5":"2"},"JG":{"PV":"2","2G":"2","5V":"2","34":"2","42":"2","6X":"2","5R":"2","32":"2","3J":"2","3G":"2","VR":"2","48":"2","GP":"2","RG":"2","47":"2","JF":"2","2Q":"2","6R":"2","CP":"2","PC":"2","4C":"2","MJ":"2","HH":"2","27":"2","5G":"2","5C":"2","MR":"2","WJ":"2","49":"2","WR":"2","JG":"2","3P":"2","CQ":"2","MF":"2","MV":"2","CM":"2","X8":"2","CH":"2","HQ":"2","FR":"2","29":"2","JV":"2","R9":"2","MP":"2","X2":"2","JH":"2","XV":"2","PJ":"2","MX":"2","GJ":"2","RF":"2","46":"2","QJ":"2","2C":"2","CJ":"2","QV":"2","PR":"2","4G":"2","XJ":"2","33":"2","FJ":"2","4F":"2","4H":"2","5F":"2","PQ":"2","GR":"2","MQ":"2","39":"2","JJ":"2","QR":"2","2F":"2","3H":"2","CR":"2","PG":"2","FQ":"2","RC":"2","5Q":"2","GM":"2","QP":"2","RP":"2","37":"2","VJ":"2","HG":"2","GG":"2","Q9":"2","RH":"2","RJ":"2","HJ":"2","RQ":"2","3C":"2","3F":"2","3M":"2","HP":"2","38":"2","MC":"2","9J":"2","FP":"2"},"GF":{"7Q":"2","PV":"2","GV":"2","3J":"2","RX":"2","8X":"2","2R":"2","6Q":"2","WX":"2","2Q":"2","5X":"2","GX":"2","4R":"2","3P":"2","CQ":"2","MV":"2","4M":"2","PX":"2","QW":"2","FV":"2","JV":"2","2X":"2","7P":"2","PW":"2","7X":"2","MX":"2","CX":"2","MW":"2","8V":"2","GW":"2","9Q":"2","4Q":"2","QR":"2","4P":"2","FX":"2","CR":"2","9X":"2","3Q":"2","JW":"2","HW":"2","VX":"2","2M":"2","JX":"2","9P":"2"},"FM":{"PQ":"2"},"GH":{"RM":"2","PQ":"2","M7":"2","38":"2","4W":"2","J5":"2","M3":"2","4J":"2","GH":"2","RF":"2","H5":"2","77":"2","W4":"2","F5":"2","54":"2","PM":"2","R9":"2","39":"2","PP":"2","VJ":"2","64":"2","X8":"2","5H":"2","8H":"2","3F":"2","HJ":"2","W6":"2","76":"2","PH":"2","P4":"2","GJ":"2","96":"2","3C":"2","5X":"2","VH":"2","X7":"2","JW":"2","J3":"2","W3":"2","37":"2","XJ":"2","MC":"2","VC":"2","27":"2","HH":"2","86":"2","4X":"2","H4":"2","J2":"2","RJ":"2","FQ":"2","9G":"2","55":"2","J4":"2","7H":"2","87":"2","R8":"2","C5":"2","5R":"2","VG":"2","MV":"2","RC":"2","47":"2","4H":"2","H2":"2","89":"2","3G":"2","QM":"2","Q9":"2","VF":"2","RG":"2","W5":"2","3X":"2","M8":"2","5J":"2","6H":"2","M4":"2","V6":"2","WJ":"2","WG":"2"},"MF":{"23":"2","36":"2","42":"2","62":"2","PM":"2","WG":"2","MH":"2","GP":"2","2W":"2","6Q":"2","8M":"2","MG":"2","CP":"2","C4":"2","VP":"2","M3":"2","X6":"2","GF":"2","M5":"2","M6":"2","3P":"2","MV":"2","J4":"2","4M":"2","XX":"2","H3":"2","77":"2","66":"2","FV":"2","H4":"2","JR":"2","56":"2","MP":"2","84":"2","F7":"2","6P":"2","JP":"2","PP":"2","P6":"2","55":"2","9M":"2","GJ":"2","46":"2","87":"2","XP":"2","33":"2","8R":"2","GW":"2","4Q":"2","63":"2","HV":"2","F2":"2","3X":"2","4P":"2","8P":"2","QP":"2","96":"2","65":"2","JW":"2","67":"2","M2":"2","HW":"2","37":"2","JQ":"2","H6":"2","J5":"2","HG":"2","JX":"2","8J":"2","RQ":"2","54":"2","8G":"2","H2":"2","38":"2","9J":"2","FP":"2"},"H5":{"QG":"2"},"G9":{"W5":"2","V5":"2","W4":"2","W6":"2","V6":"2","V7":"2","X4":"2","X5":"2","W3":"2","W7":"2","X6":"2","X3":"2"},"R9":{"4P":"2","4M":"2","5R":"2","3R":"2","4J":"2","4R":"2","3P":"2","3Q":"2","4Q":"2","5Q":"2"},"M9":{"2W":"2","4J":"2","HR":"2","GQ":"2","2M":"2","69":"2"},"HJ":{"H6":"2","W5":"2","XF":"2","X7":"2","W4":"2","W6":"2","V7":"2","G3":"2","XC":"2","RP":"2","V8":"2","Q9":"2","QM":"2","X5":"2","H8":"2","X9":"2","X6":"2","J5":"2","WP":"2","WG":"2","G6":"2","RM":"2"},"PH":{"R8":"2","34":"2","62":"2","X9":"2","22":"2","99":"2","WG":"2","MH":"2","M9":"2","RG":"2","9F":"2","JF":"2","2Q":"2","8M":"2","7H":"2","3R":"2","GF":"2","7M":"2","XG":"2","H8":"2","MF":"2","C5":"2","V8":"2","86":"2","VG":"2","4M":"2","24":"2","6F":"2","F9":"2","PH":"2","HF":"2","2H":"2","CH":"2","73":"2","JH":"2","84":"2","6J":"2","55":"2","8C":"2","RF":"2","JC":"2","83":"2","V9":"2","33":"2","P9":"2","XC":"2","76":"2","63":"2","Q7":"2","QF":"2","44":"2","3H":"2","89":"2","Q5":"2","QH":"2","96":"2","65":"2","H7":"2","J9":"2","CG":"2","HG":"2","6H":"2","RH":"2","88":"2","54":"2","F4":"2","45":"2","9J":"2","9P":"2"},"GJ":{"5P":"2","2W":"2","32":"2","4P":"2","J2":"2","5Q":"2","J3":"2","36":"2","27":"2","42":"2","H3":"2","4Q":"2","R4":"2","H2":"2"},"MG":{"2P":"2","62":"2","GV":"2","3J":"2","F3":"2","RX":"2","8X":"2","W3":"2","2Q":"2","8M":"2","6R":"2","3R":"2","27":"2","4R":"2","CQ":"2","4M":"2","PX":"2","6M":"2","3V":"2","QW":"2","4W":"2","XX":"2","FR":"2","FV":"2","R3":"2","WW":"2","JV":"2","H4":"2","7P":"2","PW":"2","7X":"2","6P":"2","4J":"2","5M":"2","8R":"2","HR":"2","W4":"2","V3":"2","4H":"2","HV":"2","GR":"2","2J":"2","VV":"2","2V":"2","6W":"2","2F":"2","3H":"2","FX":"2","8P":"2","QX":"2","X4":"2","GQ":"2","HW":"2","VX":"2","4X":"2","X3":"2","2M":"2","VW":"2","F4":"2","9P":"2"},"H8":{"7Q":"2","PV":"2","5V":"2","FW":"2","GV":"2","6X":"2","5R":"2","PM":"2","RX":"2","MH":"2","8X":"2","M9":"2","GP":"2","6Q":"2","P7":"2","JF":"2","JM":"2","MG":"2","6R":"2","CP":"2","PC":"2","3R":"2","MJ":"2","CW":"2","5X":"2","GX":"2","MR":"2","4R":"2","JG":"2","3P":"2","PF":"2","CQ":"2","MV":"2","MF":"2","9V":"2","PX":"2","3V":"2","QW":"2","PH":"2","5P":"2","4W":"2","RW":"2","HQ":"2","FR":"2","CV":"2","FV":"2","JV":"2","8W":"2","JR":"2","7P":"2","PW":"2","7X":"2","MP":"2","JH":"2","7R":"2","PJ":"2","5W":"2","MX":"2","JP":"2","PP":"2","QJ":"2","JC":"2","CX":"2","MW":"2","4V":"2","QV":"2","7W":"2","PR":"2","8Q":"2","8V":"2","HX":"2","8R":"2","HR":"2","QM":"2","J7":"2","P9":"2","GW":"2","M7":"2","9Q":"2","7V":"2","4Q":"2","PQ":"2","Q7":"2","HV":"2","MQ":"2","GR":"2","JJ":"2","QF":"2","QR":"2","3X":"2","4P":"2","6W":"2","FX":"2","8P":"2","9R":"2","QX":"2","CR":"2","PG":"2","QQ":"2","FQ":"2","5Q":"2","6V":"2","9X":"2","QP":"2","QH":"2","QC":"2","3Q":"2","JW":"2","GQ":"2","HW":"2","J9":"2","JQ":"2","RV":"2","QG":"2","M8":"2","Q9":"2","4X":"2","P8":"2","Q8":"2","JX":"2","J8":"2","RQ":"2","MM":"2","9W":"2","HP":"2","MC":"2","3W":"2","FP":"2","9P":"2","RR":"2"},"J9":{"28":"2","3G":"2","39":"2","29":"2","3F":"2","2C":"2","2G":"2","38":"2","2F":"2","27":"2","3C":"2","37":"2"},"H9":{"24":"2","83":"2","Q5":"2","66":"2","F4":"2","87":"2","79":"2","R2":"2","W9":"2","F5":"2","HJ":"2","QC":"2","FC":"2","GC":"2","65":"2","M5":"2","G8":"2","P4":"2","C2":"2","RG":"2","FF":"2","97":"2","M2":"2","52":"2","XF":"2","PC":"2","VC":"2","89":"2","9G":"2","9H":"2","72":"2","PH":"2","23":"2","WG":"2","44":"2","88":"2","42":"2","46":"2","36":"2","VF":"2","H9":"2","HG":"2","P8":"2","Q9":"2","PF":"2","JH":"2","QH":"2","43":"2","GF":"2","RF":"2","Q4":"2","47":"2","XG":"2","GJ":"2","H5":"2","V9":"2","74":"2","78":"2","CC":"2","C8":"2","J7":"2","R6":"2","P7":"2","93":"2","M8":"2","F9":"2","45":"2","C4":"2","Q3":"2","8C":"2","R4":"2","MH":"2","R3":"2","GH":"2","XC":"2","F8":"2","JC":"2","77":"2","G9":"2","VG":"2","HH":"2","Q8":"2","J8":"2","F2":"2","C5":"2","H2":"2","64":"2","WC":"2","M3":"2","GG":"2","C6":"2","7C":"2","54":"2","62":"2","G6":"2","G5":"2","35":"2","P3":"2","G7":"2","MJ":"2","96":"2","99":"2","94":"2","MF":"2","CG":"2","M4":"2","X8":"2","C9":"2","MG":"2","WF":"2","P6":"2","R9":"2","55":"2","G4":"2","76":"2","95":"2","P5":"2","25":"2","JF":"2","75":"2","85":"2","HF":"2","P2":"2","9F":"2","J9":"2","8F":"2","R8":"2","67":"2","J4":"2","G3":"2","R7":"2","34":"2","JJ":"2","H3":"2","G2":"2","84":"2","JG":"2","C7":"2","Q6":"2","H8":"2","J2":"2","9C":"2","P9":"2","QF":"2","82":"2","M6":"2","63":"2","26":"2","33":"2","J6":"2","37":"2","F3":"2","53":"2","FG":"2","HC":"2","56":"2","57":"2","M7":"2","H7":"2","CH":"2","X7":"2","H4":"2","X9":"2","Q2":"2","8H":"2","92":"2","CF":"2","F7":"2","8G":"2","98":"2","MC":"2","F6":"2","RC":"2","R5":"2","86":"2","PG":"2","J3":"2","M9":"2","QG":"2","H6":"2","C3":"2","73":"2","Q7":"2","J5":"2"},"MC":{"4P":"2","JX":"2","FQ":"2","HP":"2","8P":"2","4V":"2","4X":"2","F9":"2","7W":"2","MX":"2","JM":"2","MQ":"2","79":"2","3G":"2","39":"2","29":"2","2P":"2","9M":"2","3F":"2","2C":"2","7R":"2","2G":"2","FM":"2","6W":"2","MW":"2","C7":"2","GX":"2","4R":"2","HX":"2","MV":"2","3X":"2","9P":"2","48":"2","2F":"2","6V":"2","HV":"2","47":"2","3C":"2","7P":"2","GM":"2","MM":"2","4Q":"2","HG":"2"},"PJ":{"83":"2"},"JJ":{"24":"2","66":"2","79":"2","8R":"2","HJ":"2","7W":"2","6G":"2","3F":"2","6R":"2","RG":"2","39":"2","XF":"2","PV":"2","89":"2","9H":"2","7P":"2","6J":"2","FJ":"2","44":"2","RQ":"2","5C":"2","XJ":"2","PF":"2","43":"2","7V":"2","RF":"2","4C":"2","H5":"2","48":"2","6V":"2","78":"2","8Q":"2","6P":"2","3C":"2","28":"2","38":"2","5G":"2","68":"2","RW":"2","MV":"2","3G":"2","XM":"2","W3":"2","7C":"2","4G":"2","FR":"2","G5":"2","35":"2","2J":"2","MJ":"2","MF":"2","3J":"2","4Q":"2","WF":"2","55":"2","7H":"2","25":"2","8P":"2","32":"2","JF":"2","7Q":"2","HF":"2","9F":"2","67":"2","G3":"2","2F":"2","69":"2","2Q":"2","H3":"2","RM":"2","QF":"2","3H":"2","5Q":"2","7R":"2","5M":"2","53":"2","FG":"2","M7":"2","2M":"2","X7":"2","8H":"2","FM":"2","8V":"2","98":"2","H6":"2","49":"2","73":"2","J5":"2","6H":"2"},"HH":{"7C":"2","W8":"2","34":"2","62":"2","G9":"2","6C":"2","X9":"2","3J":"2","8H":"2","9F":"2","R6":"2","P7":"2","47":"2","68":"2","7G":"2","JF":"2","8M":"2","XF":"2","V7":"2","7H":"2","3R":"2","4C":"2","W7":"2","C7":"2","5C":"2","X6":"2","GF":"2","49":"2","7M":"2","4R":"2","3P":"2","JG":"2","PF":"2","XG":"2","MF":"2","H8":"2","7F":"2","XH":"2","6M":"2","X5":"2","F9":"2","HF":"2","C9":"2","Q6":"2","CH":"2","35":"2","66":"2","29":"2","W9":"2","VF":"2","CC":"2","79":"2","HC":"2","J6":"2","G2":"2","FC":"2","P6":"2","R7":"2","8C":"2","4J":"2","G7":"2","RF":"2","QJ":"2","JC":"2","FF":"2","WF":"2","5M":"2","4G":"2","XJ":"2","7J":"2","QM":"2","J7":"2","P9":"2","XC":"2","FJ":"2","8F":"2","4F":"2","4H":"2","4Q":"2","9G":"2","63":"2","G8":"2","2J":"2","JJ":"2","QF":"2","W5":"2","V5":"2","4P":"2","3H":"2","89":"2","GC":"2","R5":"2","5Q":"2","5H":"2","QP":"2","QC":"2","9H":"2","65":"2","67":"2","J9":"2","H7":"2","H6":"2","CG":"2","HG":"2","QG":"2","GG":"2","C8":"2","6H":"2","P8":"2","RH":"2","8J":"2","J8":"2","54":"2","G5":"2","8G":"2","53":"2","3F":"2","CF":"2","38":"2","H5":"2","V6":"2","H9":"2","9J":"2","WC":"2"},"HF":{"P3":"2","M3":"2","V8":"2","XC":"2","Q7":"2","W7":"2","X2":"2","W6":"2","P4":"2","X7":"2","W9":"2","Q5":"2","X3":"2","XG":"2","Q3":"2","V5":"2","R6":"2","6X":"2","W8":"2","P6":"2","Q9":"2","R7":"2","Q4":"2","R5":"2"},"MJ":{"CH":"2","39":"2","7J":"2","2F":"2","27":"2","3C":"2","7M":"2","GM":"2","25":"2","68":"2"},"FH":{"QJ":"2","V8":"2","JR":"2","PP":"2","P8":"2","P5":"2","JQ":"2","P4":"2","GJ":"2","X7":"2","XJ":"2","V7":"2","VC":"2","H4":"2","V5":"2","R6":"2","VG":"2","MP":"2","MR":"2","H6":"2","PR":"2","WP":"2","Q4":"2","MQ":"2","WJ":"2","R5":"2"},"JF":{"9M":"2","QJ":"2","PQ":"2","75":"2","WQ":"2","C7":"2","J5":"2","73":"2","62":"2","97":"2","V8":"2","W4":"2","54":"2","XC":"2","V3":"2","39":"2","PP":"2","VR":"2","VJ":"2","64":"2","W7":"2","JQ":"2","WM":"2","Q2":"2","26":"2","X2":"2","V4":"2","VM":"2","HJ":"2","C6":"2","5C":"2","G4":"2","59":"2","74":"2","W2":"2","3C":"2","J9":"2","G2":"2","9J":"2","37":"2","XJ":"2","Q5":"2","57":"2","43":"2","X3":"2","V7":"2","PJ":"2","27":"2","HH":"2","JJ":"2","85":"2","46":"2","F6":"2","MJ":"2","CH":"2","RJ":"2","FH":"2","R6":"2","RH":"2","9G":"2","55":"2","J4":"2","XR":"2","W8":"2","F2":"2","4C":"2","QP":"2","CC":"2","H6":"2","C9":"2","33":"2","58":"2","P6":"2","C8":"2","48":"2","RG":"2","QW":"2","W5":"2","M6":"2","9H":"2","Q4":"2","F3":"2","9C":"2","7C":"2","8C":"2","V6":"2","9F":"2","49":"2","WJ":"2","XM":"2","GQ":"2","56":"2","Q6":"2","VV":"2"},"9G":{"W7":"2","W8":"2","X5":"2","X3":"2"},"FG":{"34":"2","F3":"2","MJ":"2","M3":"2","MR":"2","JG":"2","MV":"2","24":"2","PH":"2","66":"2","85":"2","FG":"2","HC":"2","JH":"2","G2":"2","25":"2","2C":"2","QV":"2","PR":"2","83":"2","F6":"2","76":"2","J2":"2","HM":"2","63":"2","F2":"2","M4":"2","6V":"2","J3":"2","VX":"2","HG":"2","82":"2","C2":"2","3C":"2","G5":"2","H2":"2","F4":"2","92":"2"},"GG":{"95":"2","42":"2","62":"2","G9":"2","32":"2","F3":"2","VR":"2","RG":"2","P7":"2","7G":"2","JM":"2","8M":"2","XF":"2","MG":"2","93":"2","C4":"2","7H":"2","VP":"2","C7":"2","MR":"2","GF":"2","M6":"2","JG":"2","XG":"2","MF":"2","XH":"2","9C":"2","PX":"2","X5":"2","Q6":"2","XX":"2","CH":"2","HQ":"2","85":"2","73":"2","VF":"2","JR":"2","CC":"2","7P":"2","MP":"2","X2":"2","XV":"2","94":"2","F7":"2","G6":"2","G2":"2","JP":"2","FC":"2","P6":"2","8C":"2","G7":"2","RF":"2","JC":"2","CX":"2","WF":"2","PR":"2","XQ":"2","XJ":"2","HR":"2","QM":"2","8F":"2","F6":"2","PQ":"2","HM":"2","GR":"2","G8":"2","JJ":"2","QR":"2","F2":"2","C3":"2","75":"2","M4":"2","72":"2","GC":"2","9R":"2","QX":"2","PG":"2","WQ":"2","QQ":"2","QP":"2","9H":"2","65":"2","J9":"2","HW":"2","H7":"2","JQ":"2","F5":"2","H6":"2","J5":"2","VX":"2","HG":"2","QG":"2","FM":"2","C8":"2","82":"2","74":"2","RJ":"2","JX":"2","J8":"2","C2":"2","RQ":"2","MM":"2","HP":"2","VQ":"2","F4":"2","H9":"2","FP":"2","92":"2","RR":"2"},"8V":{"57":"2","58":"2"},"RC":{"4H":"2","4G":"2","4F":"2"},"MP":{"J8":"2"},"QH":{"R6":"2","V5":"2","28":"2","6G":"2","6R":"2","39":"2","2G":"2","6F":"2","48":"2","2F":"2","5C":"2","2H":"2","6J":"2","5M":"2","3H":"2","6H":"2","49":"2"},"QG":{"3F":"2"},"QF":{"5C":"2","2H":"2","8W":"2","49":"2"},"FF":{"XR":"2","FW":"2","6X":"2","28":"2","8H":"2","2R":"2","2W":"2","XW":"2","9F":"2","WX":"2","JM":"2","8M":"2","F8":"2","7H":"2","VP":"2","MJ":"2","HH":"2","7M":"2","MV":"2","6M":"2","FV":"2","JV":"2","JR":"2","2X":"2","7P":"2","HC":"2","7R":"2","5W":"2","MX":"2","JP":"2","9M":"2","GJ":"2","8C":"2","JC":"2","87":"2","7W":"2","7J":"2","57":"2","9G":"2","XM":"2","HV":"2","QR":"2","97":"2","2V":"2","9R":"2","CR":"2","QQ":"2","QH":"2","9H":"2","JW":"2","J9":"2","VX":"2","VJ":"2","CG":"2","C8":"2","HJ":"2","8J":"2","MM":"2","CF":"2","VQ":"2","9J":"2"},"PF":{"9X":"2","38":"2","J5":"2","4J":"2","28":"2","H5":"2","M5":"2","JR":"2","V3":"2","7V":"2","7Q":"2","3F":"2","26":"2","5G":"2","7W":"2","96":"2","7G":"2","W3":"2","Q5":"2","43":"2","X3":"2","78":"2","XG":"2","FP":"2","29":"2","86":"2","4G":"2","CV":"2","J4":"2","6X":"2","4F":"2","36":"2","8P":"2","6Q":"2","MP":"2","47":"2","3G":"2","92":"2","3P":"2","G5":"2","R7":"2","CW":"2","9P":"2","9F":"2","49":"2","72":"2","R5":"2","RP":"2","WG":"2","66":"2","CP":"2","2X":"2","82":"2"},"CG":{"X8":"2","R6":"2","C2":"2","WV":"2","92":"2","PP":"2","J3":"2","W3":"2","93":"2","43":"2","27":"2","VW":"2"},"HC":{"VQ":"2","VR":"2","HR":"2","CQ":"2","VV":"2","HQ":"2","RX":"2","FR":"2","XM":"2","WM":"2","GV":"2","VX":"2","WX":"2","HV":"2","5J":"2","5Q":"2"},"PC":{"7X":"2"},"MH":{"6G":"2","C2":"2","39":"2","X2":"2","V2":"2","59":"2","5G":"2","94":"2","W2":"2","G2":"2","65":"2","X3":"2","78":"2","XG":"2","FH":"2","FG":"2","XR":"2","WH":"2","H2":"2","89":"2","W5":"2","9C":"2","8C":"2"},"CF":{"X8":"2","5X":"2","JV":"2","HR":"2","8R":"2","QJ":"2","RQ":"2","9X":"2","8Q":"2","GR":"2","MV":"2","HV":"2","CV":"2","WQ":"2","RM":"2"},"JH":{"36":"2","58":"2","62":"2","G9":"2","6C":"2","3G":"2","WG":"2","8X":"2","48":"2","R6":"2","P7":"2","47":"2","JF":"2","V2":"2","XF":"2","PC":"2","4C":"2","W7":"2","V4":"2","27":"2","5C":"2","GF":"2","WJ":"2","49":"2","PF":"2","XG":"2","V8":"2","C5":"2","XH":"2","VG":"2","9V":"2","6F":"2","PH":"2","HF":"2","2H":"2","Q6":"2","35":"2","R4":"2","8W":"2","H4":"2","56":"2","F7":"2","G2":"2","G6":"2","55":"2","R7":"2","RF":"2","25":"2","2C":"2","59":"2","8V":"2","P9":"2","4F":"2","5F":"2","26":"2","J2":"2","G8":"2","QF":"2","44":"2","V5":"2","M4":"2","3H":"2","72":"2","GC":"2","9R":"2","R5":"2","PG":"2","RC":"2","9X":"2","J9":"2","37":"2","F5":"2","H6":"2","J5":"2","HG":"2","QG":"2","Q2":"2","P8":"2","69":"2","3C":"2","H2":"2","CF":"2","9W":"2","F4":"2","45":"2","V6":"2","H9":"2","9P":"2"},"GC":{"99":"2","H4":"2","QG":"2","F4":"2","PF":"2","F3":"2","PC":"2","H5":"2","C7":"2","HF":"2","VG":"2","R7":"2","FC":"2","Q7":"2"},"FJ":{"XW":"2","MX":"2","QC":"2","QQ":"2","WH":"2","XJ":"2","RH":"2","M3":"2"},"JM":{"M6":"2","6J":"2","XF":"2","F6":"2","92":"2","4Q":"2","P8":"2"},"GM":{"8R":"2","9V":"2","CM":"2","CX":"2","5W":"2","8J":"2","7R":"2","CP":"2","9Q":"2","6V":"2","44":"2","32":"2","CV":"2","GM":"2"},"PG":{"56":"2","55":"2","97":"2","35":"2","24":"2","62":"2","C7":"2","54":"2","RF":"2","76":"2","8F":"2","VF":"2","45":"2","46":"2","6X":"2","87":"2","77":"2","99":"2"},"JC":{"MW":"2","X9":"2","WQ":"2","4P":"2","XC":"2","7V":"2","XV":"2","XP":"2","V9":"2","7W":"2","QX":"2","RW":"2","XF":"2","JW":"2","2P":"2","W9":"2","XJ":"2","VC":"2","XG":"2","4Q":"2","XX":"2","XR":"2","WC":"2","VG":"2","8P":"2","HV":"2","6Q":"2","XQ":"2","WP":"2","VF":"2","QW":"2","GV":"2","WF":"2","WJ":"2","XW":"2","XM":"2","WG":"2","7X":"2"},"CP":{"4F":"2"},"Q8":{"X8":"2"}},"WR":{"FF":{"2H":"2","VM":"2","WM":"2"},"9G":{"GW":"2","WX":"2","HW":"2","RX":"2","HV":"2","VX":"2","HX":"2","GX":"2"},"CM":{"93":"2","85":"2","C3":"2","94":"2","7F":"2","95":"2"},"8H":{"QX":"2","PW":"2","WX":"2","RX":"2","PV":"2","QW":"2","RW":"2"},"CH":{"5X":"2","9G":"2","HC":"2","5R":"2","6Q":"2","88":"2","6X":"2","6R":"2","CF":"2","9F":"2","5V":"2","38":"2","8F":"2","C7":"2","JF":"2","HF":"2","48":"2","6V":"2","8G":"2","JC":"2"},"CJ":{"G6":"2","H6":"2"},"8J":{"R2":"2","W8":"2","Q8":"2","R8":"2","W2":"2","M2":"2","V8":"2","Q2":"2","P8":"2"},"CF":{"V8":"2","M5":"2","R9":"2","P8":"2","Q7":"2","W7":"2","X8":"2","P5":"2","W6":"2","P4":"2","V9":"2","XH":"2","W9":"2","Q5":"2","V7":"2","VC":"2","R3":"2","Q3":"2","P7":"2","QC":"2","V5":"2","R6":"2","R8":"2","W8":"2","RC":"2","R4":"2","P6":"2","Q9":"2","M6":"2","R7":"2","Q4":"2","M4":"2","V6":"2","R5":"2","Q8":"2","Q6":"2"},"9F":{"FG":"2"},"9H":{"R8":"2","5R":"2","PM":"2","WG":"2","R6":"2","P7":"2","W3":"2","68":"2","V2":"2","4C":"2","MJ":"2","M5":"2","M6":"2","4R":"2","J4":"2","VG":"2","R3":"2","VF":"2","79":"2","J6":"2","JH":"2","W6":"2","PJ":"2","P9":"2","4F":"2","V3":"2","4Q":"2","V5":"2","78":"2","R5":"2","5Q":"2","W2":"2","J5":"2","P8":"2","69":"2","P5":"2","3C":"2","3F":"2","V6":"2","R2":"2"},"CG":{"5R":"2","4V":"2","3R":"2","3W":"2","3V":"2","4W":"2","4C":"2","5M":"2","2R":"2","5P":"2","3Q":"2","6P":"2","4Q":"2","5Q":"2"},"43":{"QX":"2"}},"Q3":{"M3":{"FR":"2","HV":"2","HR":"2","FV":"2"}},"55":{"C3":{"8G":"2","9G":"2","9F":"2"}},"X7":{"6G":{"2C":"2","3W":"2"}},"CH":{"FR":{"J9":"2"},"7V":{"56":"2","57":"2","58":"2"},"GR":{"WV":"2","WW":"2"}},"R4":{"Q9":{"58":"2"}},"CG":{"2W":{"XX":"2"},"2X":{"Q3":"2","Q2":"2"},"3W":{"2X":"2"}},"2V":{"M7":{"G6":"2","F7":"2","F8":"2","G7":"2","M4":"2","P3":"2","M3":"2","P4":"2","G8":"2","JG":"2","J7":"2"},"X8":{"JC":"2"},"M6":{"PR":"2","PP":"2","MP":"2","MR":"2","PQ":"2","MQ":"2"},"9J":{"66":"2"},"RJ":{"X3":"2"},"8P":{"MH":"2","PH":"2"},"VJ":{"22":"2"},"V4":{"R2":"2"},"M8":{"FR":"2","CR":"2","FV":"2","CV":"2"},"P3":{"M7":"2","7C":"2","H7":"2","3R":"2","3W":"2","J8":"2","3V":"2","M8":"2","H8":"2","J7":"2"},"X9":{"2M":"2","3M":"2"},"HF":{"5X":"2","8R":"2","9V":"2","9R":"2","8V":"2","CH":"2","5W":"2","9H":"2","8W":"2"},"5P":{"7V":"2","8V":"2","6W":"2","7W":"2","8W":"2","7X":"2","6X":"2","8X":"2"},"Q7":{"W2":"2"},"M9":{"9J":"2","H7":"2","8H":"2","GG":"2","9H":"2","H8":"2","G7":"2","G8":"2","GF":"2","CG":"2"},"M3":{"WP":"2","WQ":"2","XQ":"2"},"HG":{"52":"2"},"5Q":{"72":"2","62":"2"}},"2R":{"VP":{"W5":"2"},"76":{"6C":"2"},"XF":{"9X":"2"},"XG":{"63":"2","62":"2","92":"2","52":"2","53":"2"},"RH":{"5P":"2","5Q":"2"},"HP":{"JR":"2"},"R8":{"XX":"2"},"WR":{"23":"2","XG":"2","WF":"2","VF":"2","XH":"2"},"5W":{"2W":"2","2X":"2"},"RC":{"9Q":"2","FH":"2","FG":"2"},"WH":{"97":"2","96":"2"},"MP":{"FV":"2"},"VF":{"W6":"2"},"PF":{"7R":"2"},"F3":{"M6":"2","P6":"2","J6":"2","J7":"2","M7":"2"},"QR":{"77":"2"},"PC":{"4P":"2"},"MQ":{"6Q":"2"},"MH":{"GH":"2"},"WG":{"XH":"2"},"PG":{"24":"2","23":"2","33":"2","32":"2","22":"2","34":"2"},"MM":{"M9":"2"}},"73":{"7P":{"8V":"2"}},"QW":{"R5":{"PC":"2"},"34":{"3C":"2","4F":"2","4C":"2","3F":"2"}},"8J":{"FR":{"MH":"2"}},"RJ":{"5P":{"JQ":"2","CH":"2"},"4P":{"W7":"2","W8":"2","X8":"2","X7":"2"}},"3Q":{"6R":{"CM":"2"},"63":{"VX":"2"},"8F":{"27":"2"},"7C":{"F7":"2","C7":"2","G8":"2"},"69":{"4C":"2"}},"24":{"7Q":{"VM":"2"}},"3R":{"3M":{"Q3":"2"},"5X":{"PH":"2"},"86":{"3R":"2","2R":"2"},"XF":{"89":"2"},"76":{"RM":"2","QM":"2","QP":"2","VV":"2","XP":"2","RV":"2","XQ":"2","RP":"2"},"GC":{"MF":"2","MG":"2","JG":"2"},"6C":{"64":"2","65":"2","W6":"2"},"79":{"7M":"2","4H":"2","5P":"2","6J":"2","7H":"2","6H":"2","4G":"2","6M":"2","7J":"2","6P":"2"},"WV":{"PG":"2"},"9C":{"57":"2","67":"2"},"67":{"C5":"2"},"2C":{"FM":"2","CJ":"2","CM":"2","FJ":"2"},"7R":{"5X":"2","5W":"2"},"HF":{"67":"2","85":"2","66":"2","76":"2","86":"2","75":"2","77":"2"},"69":{"FM":"2","GM":"2","HQ":"2"},"8C":{"54":"2"},"FC":{"JQ":"2","MR":"2","JR":"2"},"64":{"CJ":"2","CM":"2","9M":"2","9J":"2"}},"RP":{"47":{"R3":"2","W3":"2"}},"3P":{"Q9":{"X4":"2","X3":"2"},"R9":{"24":"2","23":"2"},"6X":{"PR":"2","QR":"2","QV":"2"},"34":{"C8":"2","98":"2"}},"56":{"5F":{"7X":"2","6X":"2"},"5G":{"72":"2","62":"2"}},"WM":{"JX":{"PV":"2"},"JV":{"XX":"2","XW":"2"},"HW":{"6W":"2","5V":"2","5W":"2"},"GX":{"RM":"2","QG":"2","RG":"2","VG":"2","VF":"2","RJ":"2","VM":"2","WM":"2","QH":"2"},"HX":{"63":"2","75":"2"},"MV":{"2W":"2"},"6J":{"QC":"2","WC":"2"},"47":{"92":"2"}},"5P":{"MC":{"RR":"2","RQ":"2","VR":"2","VQ":"2","QQ":"2"},"JW":{"HW":"2","HV":"2"},"83":{"MR":"2","MV":"2","MQ":"2","JR":"2"}},"RM":{"XW":{"P6":"2","C8":"2","P4":"2","W2":"2","J7":"2"},"XV":{"V2":"2","R2":"2","QW":"2","7J":"2","7H":"2","WX":"2","PX":"2"},"RW":{"QX":"2"},"XR":{"RX":"2","VX":"2","RW":"2"},"RX":{"XR":"2","WX":"2","XM":"2","XP":"2","WQ":"2"},"QW":{"7Q":"2","VP":"2","7R":"2","8Q":"2","6R":"2","8R":"2","4V":"2","7P":"2","3R":"2","XR":"2","5R":"2","8V":"2","8P":"2","6V":"2","WP":"2","RP":"2","4R":"2"},"MW":{"MP":"2","MM":"2","4V":"2"},"VX":{"7C":"2","2P":"2"}},"25":{"F8":{"G3":"2","F2":"2","H3":"2","F3":"2","H2":"2","G2":"2"}},"4X":{"23":{"98":"2"},"G9":{"6F":"2"},"22":{"RR":"2","QR":"2","PW":"2","MW":"2","QP":"2","HV":"2","HR":"2","MR":"2","GQ":"2","QV":"2","MV":"2","QW":"2","GR":"2","PX":"2"},"WG":{"M8":"2"},"JF":{"63":"2"},"MG":{"WV":"2"},"F8":{"QR":"2"},"CP":{"PG":"2"},"VP":{"65":"2"},"GF":{"HJ":"2","JJ":"2"},"WR":{"P3":"2","M3":"2","P2":"2","M2":"2"},"G3":{"H7":"2"},"XG":{"MJ":"2"},"9C":{"HH":"2"},"CM":{"93":"2","C4":"2","C3":"2","94":"2","F4":"2"},"5J":{"GC":"2","HC":"2","JG":"2","HH":"2","JF":"2","HF":"2","GF":"2","JC":"2","HG":"2"},"RW":{"7R":"2","7V":"2","7W":"2"},"CH":{"G4":"2","C8":"2","F4":"2","36":"2","C5":"2","H7":"2"},"FG":{"PF":"2"},"CC":{"W5":"2"},"PJ":{"XX":"2","XW":"2"},"G7":{"7M":"2","7P":"2","6J":"2","8J":"2","5Q":"2","6M":"2","7J":"2","8M":"2"},"QJ":{"PR":"2","2W":"2","MR":"2","PV":"2","MV":"2"},"WF":{"9G":"2"},"5M":{"93":"2"},"QM":{"8C":"2","9C":"2","8F":"2","9F":"2"},"P9":{"VC":"2","RC":"2"},"FJ":{"J6":"2","4V":"2"},"5F":{"2J":"2"},"J2":{"7V":"2","8V":"2","7W":"2","8W":"2"},"XM":{"H8":"2"},"2J":{"6F":"2"},"PG":{"XM":"2"},"X4":{"HM":"2","HJ":"2"},"QH":{"J2":"2","J3":"2","F3":"2","H2":"2"},"QG":{"4M":"2","3M":"2","JQ":"2","JV":"2","JR":"2","4J":"2","MQ":"2","3F":"2","3J":"2","GV":"2","2M":"2","MM":"2"},"GG":{"3C":"2","C7":"2","2C":"2","88":"2"},"C8":{"XH":"2"},"RM":{"63":"2","64":"2","54":"2","53":"2"},"Q8":{"6Q":"2","6P":"2"},"RJ":{"5X":"2","3W":"2"},"HJ":{"5X":"2"},"WC":{"76":"2","75":"2"}},"4H":{"W6":{"F5":"2"}},"VG":{"9R":{"9X":"2"},"7V":{"FX":"2"},"WR":{"JC":"2"},"HR":{"H6":"2"}},"PQ":{"6C":{"P7":"2","7F":"2","Q6":"2"},"P3":{"3Q":"2","5P":"2","3P":"2","4M":"2","4P":"2","5Q":"2","5M":"2","2M":"2","4Q":"2","3M":"2","2P":"2"},"M3":{"RM":"2","QM":"2","VM":"2"},"7C":{"44":"2"},"Q2":{"VG":"2","RH":"2","RJ":"2","VJ":"2","VH":"2"}},"PV":{"5X":{"7J":"2"},"JG":{"XM":"2"}},"4W":{"9X":{"2J":"2"},"QQ":{"RW":"2","RV":"2"},"VX":{"7F":"2"},"WM":{"76":"2","86":"2","87":"2","77":"2"},"5V":{"45":"2"},"X7":{"QC":"2"},"8Q":{"H3":"2"},"43":{"83":"2"},"C3":{"CP":"2","CM":"2"},"CQ":{"PW":"2"},"6W":{"36":"2"},"VG":{"HF":"2"},"C9":{"92":"2"},"9V":{"C3":"2"},"WG":{"83":"2","92":"2","73":"2"},"CP":{"M9":"2","H7":"2"}},"3F":{"48":{"H7":"2","H8":"2","G7":"2","G8":"2","J7":"2","G9":"2","H9":"2"},"2P":{"56":"2","68":"2"}},"XQ":{"GC":{"HC":"2"},"HC":{"9C":"2","G9":"2","F9":"2","CF":"2","CC":"2","FC":"2"},"HM":{"44":"2","45":"2"},"G2":{"M3":"2","V8":"2","M5":"2","C2":"2","P8":"2","Q7":"2","P9":"2","Q2":"2","W6":"2","G4":"2","W2":"2","G2":"2","J3":"2","H3":"2","V7":"2","R3":"2","Q3":"2","H4":"2","G3":"2","F4":"2","J2":"2","C3":"2","R6":"2","J4":"2","F2":"2","WH":"2","R4":"2","Q4":"2","M4":"2","M2":"2","V6":"2","Q6":"2","R2":"2"},"MC":{"MP":"2"},"J3":{"35":"2","28":"2","45":"2","24":"2","38":"2","27":"2","47":"2","26":"2","34":"2","46":"2","36":"2","25":"2","37":"2"},"J2":{"2J":"2","2H":"2","2G":"2","2M":"2","2P":"2"},"MG":{"35":"2"},"W3":{"R7":"2"},"H3":{"R3":"2","X8":"2","P5":"2","R6":"2","W5":"2","Q2":"2","V5":"2","X7":"2","W4":"2","V6":"2","W6":"2","V7":"2","Q6":"2","M5":"2","R5":"2","X4":"2","P2":"2","Q4":"2","V4":"2","R2":"2","X5":"2","P4":"2","P3":"2","W3":"2","W7":"2","X6":"2","R7":"2","P6":"2","X3":"2","V3":"2","M4":"2","R4":"2","Q5":"2","Q3":"2"},"JF":{"7J":"2"},"MF":{"F9":"2"},"P7":{"QM":"2"},"H2":{"RM":"2","4P":"2","3H":"2","VJ":"2","XP":"2","WM":"2","2H":"2","VM":"2","3M":"2","VH":"2","XH":"2","2P":"2","XJ":"2","2M":"2","XG":"2","2J":"2","RJ":"2","RH":"2","4F":"2","VG":"2","3J":"2","WH":"2","4M":"2","3Q":"2","3P":"2","VF":"2","WJ":"2","XM":"2","WG":"2"},"V3":{"V7":"2","V8":"2"},"WC":{"67":"2","34":"2"},"M9":{"XM":"2","VH":"2"}},"7W":{"QC":{"JH":"2","HJ":"2","HP":"2","HM":"2","HH":"2","FM":"2","FP":"2","GJ":"2","GM":"2","GP":"2","HG":"2"},"8V":{"54":"2","5Q":"2","6Q":"2"},"P7":{"38":"2"},"9W":{"2X":"2"},"8W":{"PV":"2","PM":"2","99":"2","JF":"2","2Q":"2","HH":"2","86":"2","9V":"2","F9":"2","HF":"2","C9":"2","66":"2","8W":"2","79":"2","MP":"2","JP":"2","FC":"2","PP":"2","MW":"2","87":"2","QV":"2","PR":"2","8V":"2","FJ":"2","4H":"2","76":"2","PQ":"2","JJ":"2","97":"2","98":"2","89":"2","78":"2","GC":"2","QQ":"2","QP":"2","96":"2","VH":"2","GQ":"2","67":"2","RP":"2","QG":"2","RM":"2","88":"2","HJ":"2","MM":"2","9W":"2"},"QF":{"W7":"2","W8":"2","V6":"2","R6":"2","H5":"2","V7":"2"}},"VH":{"68":{"9P":"2"},"55":{"PJ":"2","HR":"2","VH":"2","RP":"2","FM":"2","MG":"2","QH":"2","PQ":"2","PR":"2"},"8F":{"PC":"2"},"78":{"8J":"2","6M":"2","7J":"2","7M":"2","7P":"2","6P":"2","8M":"2"},"77":{"7Q":"2","7C":"2","95":"2","GV":"2","6C":"2","PM":"2","99":"2","8H":"2","GP":"2","6Q":"2","9F":"2","68":"2","7G":"2","JM":"2","8M":"2","6R":"2","F8":"2","7H":"2","HH":"2","C7":"2","GF":"2","7M":"2","JG":"2","CQ":"2","7F":"2","86":"2","9C":"2","9V":"2","CM":"2","6F":"2","6M":"2","HF":"2","C9":"2","HQ":"2","77":"2","FR":"2","CV":"2","GH":"2","85":"2","CC":"2","7P":"2","79":"2","MP":"2","JH":"2","6J":"2","7R":"2","PJ":"2","F7":"2","6P":"2","JP":"2","PP":"2","9M":"2","GJ":"2","8C":"2","87":"2","CJ":"2","PR":"2","8Q":"2","8V":"2","8R":"2","HR":"2","7J":"2","FJ":"2","8F":"2","9G":"2","PQ":"2","HM":"2","HV":"2","MQ":"2","GR":"2","JJ":"2","QF":"2","97":"2","98":"2","89":"2","78":"2","8P":"2","GC":"2","9R":"2","CR":"2","FQ":"2","GM":"2","QC":"2","96":"2","GQ":"2","JQ":"2","HG":"2","GG":"2","FM":"2","C8":"2","6H":"2","88":"2","HJ":"2","69":"2","8J":"2","8G":"2","MM":"2","6G":"2","HP":"2","C6":"2","9J":"2","FP":"2"}},"QJ":{"XV":{"W2":"2"},"PH":{"GW":"2"},"7H":{"X4":"2"},"PJ":{"93":"2","2J":"2","P6":"2","4M":"2","4J":"2","2V":"2","MM":"2","2X":"2","MJ":"2","3W":"2","2R":"2","W3":"2","F3":"2","6X":"2","5J":"2"},"MJ":{"XV":"2","RR":"2","WP":"2","WV":"2","XR":"2","VR":"2","VQ":"2","XW":"2","XQ":"2"},"PM":{"93":"2","C2":"2","C3":"2","92":"2","F3":"2"}},"54":{"CF":{"R2":"2","V2":"2"},"CC":{"QX":"2","WX":"2","RX":"2","VX":"2","XX":"2"},"FC":{"3R":"2"}},"4Q":{"JP":{"63":"2","73":"2","53":"2"}},"MX":{"X3":{"6R":"2","5R":"2","6V":"2"},"RJ":{"FR":"2"},"W4":{"57":"2","67":"2","58":"2","48":"2"}},"9M":{"7R":{"V7":"2"},"MX":{"PW":"2","FF":"2"}},"2F":{"XQ":{"73":"2"}},"FG":{"MC":{"36":"2"},"5F":{"CG":"2"},"JC":{"M4":"2"},"HC":{"X4":"2","W4":"2"}},"X2":{"8P":{"2V":"2"},"2Q":{"VG":"2"}},"6V":{"3Q":{"C6":"2","C7":"2"},"PR":{"F3":"2"},"5P":{"FF":"2","GC":"2","HC":"2","JG":"2","CF":"2","JF":"2","HF":"2","GF":"2","JC":"2","HG":"2"},"32":{"7R":"2"},"6H":{"MX":"2"},"JW":{"R7":"2"},"3X":{"X5":"2"},"46":{"5J":"2"},"2F":{"PM":"2"},"6X":{"56":"2"},"4V":{"GJ":"2","FJ":"2"},"FX":{"5H":"2","5J":"2"},"CV":{"8P":"2","8H":"2","6G":"2","8J":"2","9M":"2","7G":"2","7J":"2","9P":"2","7H":"2","6J":"2","8G":"2","8M":"2","6H":"2"}},"P5":{"68":{"32":"2"},"57":{"GF":"2","R8":"2","G8":"2"},"67":{"5H":"2","3Q":"2","2W":"2","4P":"2","2V":"2","2R":"2","3J":"2","4V":"2","2P":"2"}},"2M":{"3H":{"VG":"2","VH":"2"}},"8H":{"9R":{"FF":"2"}},"65":{"8C":{"C4":"2","F5":"2","F4":"2","C5":"2"},"W5":{"Q7":"2","Q8":"2","R8":"2","R7":"2"}},"HX":{"G8":{"4H":"2","3G":"2","4G":"2","3H":"2","5G":"2"},"P3":{"5M":"2","8X":"2"},"G7":{"35":"2","4G":"2","58":"2","88":"2","3G":"2","29":"2","45":"2","2C":"2","5H":"2","5G":"2","2X":"2","3X":"2","2F":"2","5C":"2","59":"2"},"X9":{"C6":"2","C7":"2","F6":"2"},"FR":{"35":"2","9X":"2","QR":"2","3W":"2"},"M7":{"63":"2"},"75":{"9M":"2","VW":"2","WW":"2","FM":"2","HQ":"2","GH":"2","WV":"2","VX":"2","HM":"2","XV":"2","JQ":"2","HJ":"2","JP":"2","GJ":"2","WX":"2","8G":"2","GP":"2","JJ":"2","HH":"2","FP":"2","XX":"2","FQ":"2","HP":"2","9G":"2","JH":"2","XW":"2","FJ":"2","GQ":"2","JM":"2","GM":"2","VV":"2"},"8X":{"H3":"2"},"C7":{"XW":"2","JX":"2","XV":"2","JH":"2","PJ":"2","HJ":"2","JG":"2","MX":"2","6X":"2","HH":"2","4W":"2","9W":"2","MW":"2","JF":"2","J5":"2","JJ":"2","MF":"2","X3":"2","RC":"2","QF":"2","2M":"2"},"J5":{"6X":"2","2R":"2","93":"2","C4":"2","M3":"2","CW":"2","C7":"2","M5":"2","86":"2","J4":"2","6F":"2","5J":"2","CH":"2","66":"2","29":"2","73":"2","F7":"2","G7":"2","CX":"2","2C":"2","83":"2","M7":"2","44":"2","M4":"2","89":"2","78":"2","72":"2","J3":"2","J5":"2","82":"2","2M":"2","88":"2","C2":"2","H2":"2"},"HQ":{"97":"2","F8":"2","8H":"2"},"97":{"RX":"2","XP":"2"},"H5":{"7C":"2","W8":"2","36":"2","FW":"2","6X":"2","99":"2","8H":"2","M9":"2","RG":"2","9F":"2","P7":"2","R6":"2","W3":"2","V2":"2","MG":"2","F8":"2","CP":"2","V7":"2","4C":"2","VP":"2","HH":"2","GX":"2","27":"2","5G":"2","5C":"2","MR":"2","M5":"2","M6":"2","CQ":"2","V8":"2","C5":"2","J4":"2","4M":"2","24":"2","VC":"2","6F":"2","CM":"2","6M":"2","C9":"2","Q6":"2","5P":"2","H3":"2","CV":"2","35":"2","R4":"2","W9":"2","R3":"2","VF":"2","H4":"2","R9":"2","7P":"2","J6":"2","84":"2","W6":"2","F7":"2","6P":"2","G2":"2","P6":"2","9M":"2","R7":"2","8C":"2","4J":"2","G7":"2","RF":"2","46":"2","JC":"2","WF":"2","25":"2","59":"2","XP":"2","5M":"2","4G":"2","V9":"2","HX":"2","GW":"2","FH":"2","8F":"2","M7":"2","4F":"2","W4":"2","V3":"2","5F":"2","26":"2","Q7":"2","GR":"2","2J":"2","QF":"2","W5":"2","VV":"2","78":"2","Q5":"2","CR":"2","WQ":"2","RC":"2","5H":"2","W2":"2","WP":"2","9H":"2","J3":"2","3Q":"2","J9":"2","HW":"2","H7":"2","37":"2","F5":"2","M8":"2","FM":"2","JX":"2","69":"2","P5":"2","8J":"2","H2":"2","53":"2","WM":"2","38":"2","VQ":"2","45":"2","MC":"2","V6":"2","9J":"2","9P":"2","WC":"2"},"M5":{"C9":"2","9C":"2","C2":"2","CC":"2","99":"2"},"G6":{"MQ":"2","3Q":"2","Q5":"2","8R":"2","CP":"2","HJ":"2","3R":"2","FC":"2","6G":"2","5F":"2","M5":"2","HQ":"2","6R":"2","FF":"2","5X":"2","CJ":"2","5W":"2","7J":"2","6J":"2","W7":"2","23":"2","W4":"2","59":"2","5C":"2","8J":"2","QH":"2","Q4":"2","4C":"2","47":"2","QP":"2","GJ":"2","H5":"2","48":"2","6V":"2","4R":"2","8Q":"2","CC":"2","CQ":"2","FX":"2","6P":"2","X3":"2","9Q":"2","8M":"2","CM":"2","GM":"2","QV":"2","M3":"2","W3":"2","V4":"2","5V":"2","HM":"2","9J":"2","4Q":"2","8P":"2","7Q":"2","8F":"2","QJ":"2","4V":"2","6Q":"2","4F":"2","58":"2","QF":"2","5Q":"2","PQ":"2","7R":"2","6W":"2","CH":"2","9M":"2","X7":"2","CF":"2","FM":"2","5R":"2","49":"2","7G":"2","6H":"2"},"G9":{"JH":"2","C6":"2","32":"2","HH":"2","F5":"2","F6":"2","36":"2","46":"2","JG":"2","HG":"2","C5":"2","26":"2","G2":"2"},"JR":{"RH":"2","RJ":"2","VJ":"2","VH":"2"},"F5":{"9M":"2","PQ":"2","HR":"2","PM":"2","PP":"2","HM":"2","XV":"2","WM":"2","HJ":"2","QX":"2","VH":"2","XJ":"2","PJ":"2","XG":"2","MJ":"2","RQ":"2","MP":"2","PR":"2","WP":"2","QM":"2","VF":"2","QR":"2","WF":"2","9P":"2","MQ":"2","XM":"2","MM":"2"},"XC":{"H6":"2"},"F9":{"X7":"2","W6":"2","RP":"2","Q4":"2","M8":"2","W7":"2","X6":"2","M9":"2","P9":"2","Q3":"2"},"P5":{"QR":"2","X3":"2","X2":"2","V3":"2","W3":"2","V2":"2","W2":"2"},"9W":{"93":"2","C4":"2","24":"2","F2":"2","C2":"2","C3":"2","94":"2","F4":"2","92":"2","F3":"2"},"FW":{"9V":"2","7V":"2","94":"2","69":"2"},"C6":{"35":"2","42":"2","79":"2","54":"2","M8":"2","45":"2","8Q":"2","55":"2","24":"2","23":"2","W3":"2","33":"2","53":"2","96":"2","43":"2","34":"2","7P":"2","52":"2","44":"2"},"G4":{"XV":"2","XP":"2","XX":"2","XW":"2","XQ":"2"},"P4":{"J4":"2","23":"2","WW":"2","PF":"2","WX":"2","VX":"2","XX":"2","52":"2","X7":"2"},"74":{"MX":"2"},"8J":{"JH":"2","HJ":"2","JJ":"2","HH":"2"},"V9":{"X2":"2"},"96":{"X2":"2","M7":"2","W5":"2","V5":"2","W4":"2","P8":"2","X4":"2","J8":"2","V2":"2","W2":"2","V4":"2","M8":"2","W3":"2","Q8":"2","P7":"2","X3":"2","V3":"2","Q7":"2","M9":"2","P9":"2"},"95":{"WX":"2","VX":"2","XX":"2"},"9J":{"47":"2","36":"2","46":"2","37":"2"},"FV":{"3H":"2","27":"2"},"8Q":{"V4":"2","V3":"2","W3":"2","V2":"2","W2":"2","W4":"2"},"Q5":{"G8":"2","G7":"2","C7":"2","GF":"2","G6":"2","4P":"2","G9":"2","F5":"2","F9":"2","C6":"2","G4":"2","22":"2","23":"2","94":"2","96":"2","H8":"2","95":"2","H9":"2","32":"2","2Q":"2","F8":"2","F6":"2","F4":"2","C3":"2","FG":"2","C5":"2","C4":"2","H6":"2","C9":"2","C8":"2","FF":"2","H7":"2","HC":"2","G5":"2","F7":"2","F3":"2","CX":"2","FC":"2","GC":"2"},"8W":{"X4":"2","JX":"2"},"86":{"FF":"2","99":"2","F7":"2","H7":"2","GC":"2","F9":"2","C9":"2","9C":"2","CF":"2","CC":"2","98":"2","9F":"2","G7":"2","H8":"2","G8":"2","C7":"2","F8":"2","GF":"2","FC":"2","C8":"2","G9":"2","H9":"2"},"Q3":{"PV":"2","VQ":"2","JX":"2"},"F8":{"X2":"2","Q4":"2","P4":"2","P3":"2","J7":"2","M4":"2","Q3":"2"},"85":{"FQ":"2","HR":"2","HJ":"2","HP":"2","6C":"2","HM":"2","JM":"2","2V":"2","HQ":"2","9C":"2","CF":"2","CC":"2","FR":"2","FM":"2","9F":"2","2X":"2","23":"2","GR":"2","JJ":"2","5C":"2","JP":"2","8C":"2","FP":"2","GQ":"2","GM":"2","GP":"2","2W":"2"},"H4":{"9X":"2","QJ":"2","GH":"2","W4":"2","WV":"2","XC":"2","VX":"2","GW":"2","XV":"2","V4":"2","FW":"2","7R":"2","PH":"2","59":"2","5G":"2","XF":"2","95":"2","FV":"2","PJ":"2","JJ":"2","4Q":"2","4V":"2","XX":"2","CV":"2","MJ":"2","V5":"2","RJ":"2","FH":"2","CR":"2","5M":"2","RH":"2","RV":"2","FG":"2","WC":"2","XR":"2","GG":"2","WR":"2","3V":"2","5P":"2","HV":"2","XQ":"2","JV":"2","QH":"2","R4":"2","QG":"2","5F":"2","GV":"2","6M":"2","WF":"2","9V":"2","MH":"2","8C":"2","9F":"2","CF":"2","JH":"2","R5":"2","XW":"2","FJ":"2","PG":"2","VV":"2"},"F6":{"MW":"2","9M":"2","HR":"2","4W":"2","GF":"2","RF":"2","V8":"2","M5":"2","JR":"2","PM":"2","R9":"2","7V":"2","P5":"2","JQ":"2","25":"2","7R":"2","2W":"2","PH":"2","JP":"2","GJ":"2","V9":"2","X6":"2","5X":"2","X7":"2","WX":"2","W9":"2","PW":"2","8W":"2","JJ":"2","MJ":"2","J6":"2","CQ":"2","WC":"2","6W":"2","6X":"2","W8":"2","MV":"2","3W":"2","3V":"2","5W":"2","MX":"2","RC":"2","HV":"2","JV":"2","MR":"2","QG":"2","QF":"2","RG":"2","M6":"2","J7":"2","M4":"2","JH":"2","JM":"2","CP":"2"},"CV":{"G8":"2","G7":"2","77":"2","2G":"2","W7":"2","3F":"2","2H":"2","W6":"2","G4":"2","59":"2","93":"2","X7":"2","78":"2","86":"2","2J":"2","85":"2","H4":"2","F4":"2","V5":"2","C5":"2","4F":"2","68":"2","4C":"2","58":"2","G5":"2","V6":"2"},"J6":{"H6":"2","66":"2","H4":"2","H7":"2","76":"2","M5":"2","88":"2","C2":"2","F6":"2","98":"2","G7":"2","H5":"2","J5":"2","G5":"2","9Q":"2","F5":"2","56":"2","3Q":"2","G6":"2"},"FQ":{"9X":"2","HQ":"2","CW":"2"},"CR":{"G7":"2","6C":"2","F5":"2","XC":"2","84":"2","M9":"2","CM":"2","V2":"2","35":"2","94":"2","45":"2","8F":"2","95":"2","W3":"2","VC":"2","HH":"2","85":"2","V5":"2","QC":"2","CH":"2","R6":"2","9G":"2","RV":"2","WC":"2","7H":"2","F2":"2","RC":"2","4C":"2","CC":"2","CJ":"2","QF":"2","P6":"2","6F":"2","M6":"2","W5":"2","9H":"2","F7":"2","M8":"2","PC":"2","CX":"2","7C":"2","MH":"2","8C":"2","FX":"2","9F":"2","CF":"2","69":"2","JH":"2","JM":"2","7F":"2","Q8":"2","R2":"2"},"55":{"WJ":"2","WH":"2"},"J4":{"QJ":"2","G7":"2","RM":"2","75":"2","H5":"2","G6":"2","4P":"2","F5":"2","HM":"2","XP":"2","3F":"2","7Q":"2","5C":"2","7R":"2","GJ":"2","3C":"2","VH":"2","X7":"2","6R":"2","8W":"2","FP":"2","4Q":"2","85":"2","F4":"2","5Q":"2","RJ":"2","HP":"2","6W":"2","C5":"2","5R":"2","6Q":"2","WH":"2","H6":"2","QM":"2","H7":"2","G5":"2","QR":"2","9P":"2","7F":"2","4R":"2"},"CQ":{"HQ":"2","FM":"2","VX":"2","P8":"2","RX":"2","M9":"2","HM":"2","WM":"2","P9":"2","FW":"2","FV":"2","2P":"2","6R":"2","GP":"2","2R":"2","2J":"2","FH":"2","3R":"2","HP":"2","7H":"2","5R":"2","CC":"2","QH":"2","6V":"2","4M":"2","3Q":"2","MQ":"2","FX":"2","9F":"2","FJ":"2","GQ":"2","GM":"2"},"C5":{"FM":"2","9X":"2","5X":"2","4X":"2"},"8V":{"8R":"2"},"9R":{"QR":"2","F4":"2","C4":"2","HJ":"2","M5":"2","G3":"2","C2":"2","F3":"2","F2":"2","92":"2","9M":"2","C3":"2","CP":"2","9P":"2","93":"2","3C":"2"},"9Q":{"JQ":"2","XQ":"2","XF":"2","8V":"2","8X":"2","XR":"2","XC":"2","HQ":"2","9X":"2","QW":"2","GX":"2","WF":"2","MF":"2","WR":"2"},"H6":{"7C":"2","23":"2","R8":"2","34":"2","62":"2","G9":"2","28":"2","32":"2","22":"2","WG":"2","RG":"2","W3":"2","JF":"2","WX":"2","C4":"2","HH":"2","27":"2","M5":"2","JG":"2","H8":"2","VG":"2","VC":"2","QW":"2","HF":"2","HQ":"2","35":"2","GH":"2","R3":"2","R9":"2","79":"2","JH":"2","V9":"2","33":"2","HR":"2","WH":"2","FH":"2","8F":"2","4F":"2","7V":"2","76":"2","63":"2","MQ":"2","44":"2","75":"2","78":"2","RC":"2","VH":"2","67":"2","H7":"2","37":"2","JQ":"2","F5":"2","64":"2","VJ":"2","GG":"2","M8":"2","Q8":"2","RH":"2","RJ":"2","HJ":"2","54":"2","53":"2","F4":"2","45":"2"},"8M":{"GV":"2"},"R4":{"3Q":"2"},"67":{"98":"2"},"C8":{"F7":"2","F8":"2","F2":"2"},"H7":{"32":"2"},"M6":{"93":"2","C4":"2","G7":"2","G3":"2","G4":"2","C3":"2","F4":"2","F3":"2"},"G5":{"7Q":"2","7C":"2","58":"2","PM":"2","3J":"2","2R":"2","6Q":"2","6R":"2","F8":"2","93":"2","C4":"2","VP":"2","HH":"2","C7":"2","5G":"2","X6":"2","MV":"2","H8":"2","7F":"2","C5":"2","9C":"2","VG":"2","9V":"2","6F":"2","6M":"2","F9":"2","QW":"2","PH":"2","FR":"2","GH":"2","WW":"2","7P":"2","X2":"2","JH":"2","6J":"2","94":"2","PJ":"2","F7":"2","6P":"2","JP":"2","CJ":"2","59":"2","8Q":"2","F6":"2","4H":"2","9Q":"2","Q7":"2","X7":"2","97":"2","3X":"2","98":"2","6W":"2","89":"2","9R":"2","CR":"2","PG":"2","WQ":"2","6V":"2","QH":"2","3Q":"2","RP":"2","H7":"2","HG":"2","QG":"2","GG":"2","Q8":"2","P8":"2","RQ":"2","VW":"2","C6":"2","VQ":"2","F4":"2"},"Q4":{"4M":"2","3M":"2","77":"2","VM":"2","5R":"2","CM":"2","CH":"2","2X":"2","3X":"2","QH":"2","4C":"2","3P":"2","J7":"2","RH":"2"},"F7":{"W8":"2","2P":"2","52":"2","G9":"2","X9":"2","MH":"2","2R":"2","XW":"2","2Q":"2","MG":"2","F8":"2","PC":"2","3R":"2","MJ":"2","C7":"2","7M":"2","PF":"2","H8":"2","XH":"2","24":"2","F9":"2","5J":"2","XX":"2","H3":"2","WW":"2","HC":"2","6J":"2","F7":"2","6P":"2","G6":"2","P6":"2","G7":"2","JC":"2","5M":"2","F6":"2","76":"2","G8":"2","JJ":"2","44":"2","VM":"2","M4":"2","98":"2","GC":"2","PG":"2","RC":"2","5Q":"2","5H":"2","QC":"2","3Q":"2","H7":"2","J9":"2","H6":"2","VJ":"2","J5":"2","C8":"2","2M":"2","74":"2","MM":"2","F4":"2","45":"2","H9":"2","WC":"2"},"9V":{"QJ":"2","RM":"2","WQ":"2","QQ":"2","XC":"2","PM":"2","PP":"2","VR":"2","M9":"2","QV":"2","XP":"2","P9":"2","VP":"2","VM":"2","RR":"2","7R":"2","JP":"2","VH":"2","PV":"2","XH":"2","6R":"2","XJ":"2","PW":"2","4Q":"2","RJ":"2","3R":"2","VQ":"2","3W":"2","WR":"2","3V":"2","RQ":"2","MP":"2","QP":"2","QH":"2","QG":"2","3Q":"2","WP":"2","QM":"2","QW":"2","QR":"2","MQ":"2","RP":"2","XM":"2","JM":"2","MM":"2","4R":"2"},"9P":{"X6":"2","V2":"2","X7":"2","R4":"2"},"M4":{"X8":"2","7C":"2","86":"2","W8":"2","6C":"2","95":"2","V7":"2","X4":"2","7F":"2","85":"2","75":"2","7J":"2","69":"2","96":"2","5M":"2","X3":"2"},"FX":{"Q4":"2"},"R5":{"CC":"2"},"HW":{"7V":"2"},"GQ":{"5M":"2","MM":"2","RH":"2"},"JM":{"PJ":"2"},"CP":{"33":"2","22":"2","7F":"2","27":"2","26":"2"},"Q6":{"62":"2","33":"2","J3":"2","6F":"2","F5":"2","83":"2","F6":"2","H3":"2"},"7X":{"F9":"2"}},"W4":{"R4":{"V7":"2"}},"CV":{"WC":{"R2":"2"}},"6Q":{"3F":{"3G":"2","4G":"2","4C":"2"},"29":{"RR":"2"}},"PJ":{"XV":{"GC":"2"},"4V":{"4R":"2","3R":"2","7X":"2","3V":"2"},"5R":{"WX":"2","RX":"2","VX":"2","XX":"2"},"3W":{"X2":"2","29":"2"},"2V":{"PP":"2","XJ":"2"},"6R":{"2X":"2","3X":"2","5X":"2","4X":"2"},"3V":{"4M":"2","QV":"2","VR":"2","QR":"2","RW":"2","HQ":"2","RQ":"2","6M":"2","PP":"2","57":"2","QQ":"2","QW":"2","3J":"2","PV":"2","RR":"2","VX":"2","HV":"2","PR":"2","VW":"2","WR":"2"},"4W":{"33":"2"},"5V":{"R2":"2","R3":"2","X2":"2","V3":"2","V2":"2","W2":"2","Q2":"2"},"6V":{"32":"2","22":"2","42":"2","52":"2"},"FV":{"4V":"2"},"2W":{"X9":"2","W9":"2"}},"XG":{"9M":{"5M":"2"},"VW":{"R3":"2"},"WW":{"9M":"2","X9":"2","RF":"2","V8":"2","W4":"2","XC":"2","R9":"2","P8":"2","W7":"2","M9":"2","CM":"2","V9":"2","J9":"2","X7":"2","9J":"2","MC":"2","43":"2","X3":"2","V7":"2","44":"2","QC":"2","R8":"2","W8":"2","RC":"2","C9":"2","CJ":"2","QF":"2","X4":"2","Q9":"2","PF":"2","HC":"2","W5":"2","34":"2","R7":"2","M8":"2","PC":"2","Q8":"2"},"WV":{"HJ":"2","PW":"2","HH":"2"},"XV":{"9X":"2","9W":"2","8W":"2","7X":"2","8X":"2"},"7W":{"6J":"2"},"5X":{"JH":"2","9J":"2","8R":"2","9V":"2","JG":"2","9R":"2","8X":"2","CH":"2","CJ":"2","MJ":"2","8Q":"2","9H":"2","MG":"2","JJ":"2","9P":"2","9Q":"2","PH":"2","MH":"2"},"FV":{"Q2":"2"},"WX":{"WJ":"2","XM":"2","XJ":"2","XH":"2","WH":"2"},"8R":{"R4":"2"},"XX":{"R8":"2","62":"2","G9":"2","F3":"2","P7":"2","W3":"2","V2":"2","V7":"2","C4":"2","W7":"2","V4":"2","C7":"2","X6":"2","GF":"2","M5":"2","M6":"2","G3":"2","H8":"2","V8":"2","X8":"2","F9":"2","HF":"2","2H":"2","Q6":"2","H3":"2","73":"2","R4":"2","W9":"2","R3":"2","FG":"2","H4":"2","CC":"2","G4":"2","HC":"2","JH":"2","FC":"2","P6":"2","FF":"2","83":"2","V9":"2","J7":"2","GW":"2","M7":"2","W4":"2","V3":"2","Q7":"2","63":"2","X7":"2","2J":"2","G8":"2","JJ":"2","F2":"2","W5":"2","C3":"2","V5":"2","72":"2","GC":"2","Q5":"2","W2":"2","HW":"2","J9":"2","H7":"2","64":"2","CG":"2","GG":"2","M8":"2","C8":"2","82":"2","74":"2","P5":"2","J8":"2","C2":"2","54":"2","53":"2","CF":"2","F4":"2","H9":"2","92":"2","WC":"2","R2":"2"},"6W":{"H4":"2","G3":"2","G4":"2","F2":"2","R7":"2","F3":"2","G2":"2"},"8V":{"X7":"2"},"QH":{"W8":"2"},"6V":{"FR":"2","CR":"2","9R":"2","9V":"2","8V":"2","CP":"2","9W":"2","8W":"2","8R":"2","GX":"2","FV":"2","CQ":"2","9Q":"2","FX":"2","FW":"2","CV":"2"},"4M":{"QW":"2"},"CW":{"44":"2"},"9V":{"78":"2"},"FX":{"F4":"2"},"XW":{"7C":"2","36":"2","58":"2","FW":"2","42":"2","62":"2","GV":"2","52":"2","6C":"2","6X":"2","PM":"2","F3":"2","99":"2","8X":"2","48":"2","7G":"2","JM":"2","8M":"2","93":"2","C4":"2","7H":"2","CW":"2","27":"2","49":"2","7M":"2","MV":"2","C5":"2","24":"2","5J":"2","CV":"2","85":"2","73":"2","FV":"2","JR":"2","79":"2","HC":"2","MP":"2","6J":"2","7R":"2","94":"2","PP":"2","CX":"2","25":"2","59":"2","HR":"2","7J":"2","QM":"2","GW":"2","9Q":"2","26":"2","HM":"2","63":"2","HV":"2","MQ":"2","C3":"2","98":"2","6W":"2","72":"2","FX":"2","8P":"2","GC":"2","CR":"2","FQ":"2","9X":"2","5H":"2","QP":"2","37":"2","F5":"2","VX":"2","82":"2","6H":"2","74":"2","HJ":"2","69":"2","8J":"2","C2":"2","3M":"2","6G":"2","9W":"2","HP":"2","F4":"2","9P":"2","92":"2"}},"82":{"H2":{"86":"2"}},"43":{"CW":{"4F":"2","22":"2"}},"6X":{"GH":{"G9":"2","F9":"2"},"G9":{"JQ":"2","HP":"2","HQ":"2","JP":"2"},"R9":{"XC":"2","VG":"2","XF":"2","WF":"2","RH":"2","VF":"2"},"F9":{"98":"2","88":"2","87":"2"},"5H":{"Q7":"2","Q6":"2"},"2H":{"62":"2"},"5C":{"M6":"2"},"22":{"76":"2"},"5G":{"C9":"2","99":"2"},"V9":{"3C":"2","2C":"2","29":"2","39":"2"},"23":{"R9":"2"},"8F":{"72":"2","63":"2","62":"2","82":"2","44":"2","83":"2","74":"2","73":"2"},"H9":{"6R":"2","6Q":"2","5Q":"2","5R":"2"},"7P":{"JG":"2"},"42":{"QJ":"2","QH":"2"},"C3":{"QG":"2","QF":"2"},"6W":{"69":"2"},"99":{"WP":"2","XP":"2"},"4H":{"J9":"2"},"C9":{"69":"2"},"6F":{"VM":"2","WM":"2"},"CG":{"4R":"2"},"HC":{"88":"2","78":"2"},"6M":{"92":"2"},"9C":{"R2":"2","3P":"2"},"7F":{"M7":"2","H6":"2","M6":"2","H7":"2","X9":"2","J5":"2","R9":"2","R7":"2","P7":"2","J6":"2","RC":"2","Q7":"2","G6":"2"}},"3X":{"3Q":{"32":"2","22":"2"},"H6":{"R8":"2","R7":"2"},"3P":{"2W":"2","RM":"2","2X":"2","3X":"2","3W":"2"},"4J":{"7P":"2","FM":"2","2G":"2","PJ":"2","HV":"2","GM":"2","CM":"2","9M":"2","9J":"2"},"66":{"MW":"2"},"5M":{"VM":"2"},"GJ":{"75":"2"},"RJ":{"M4":"2","P7":"2"},"8M":{"7G":"2","6J":"2"},"43":{"WR":"2","WQ":"2"},"2P":{"WW":"2","WX":"2","VX":"2","VW":"2","XX":"2","XW":"2"}},"5J":{"4J":{"RJ":"2"},"5M":{"99":"2","7C":"2","6C":"2","89":"2","88":"2","7F":"2","79":"2","9C":"2","9F":"2","8F":"2","69":"2","78":"2","8C":"2"}},"XX":{"RM":{"5Q":"2"},"QR":{"RF":"2","MF":"2","V8":"2","R9":"2","Q7":"2","P9":"2","V9":"2","MG":"2","Q5":"2","MC":"2","V7":"2","VC":"2","QC":"2","V5":"2","RH":"2","R6":"2","R8":"2","RC":"2","QH":"2","QG":"2","QF":"2","Q9":"2","PF":"2","RG":"2","R7":"2","PC":"2","V6":"2","R5":"2","PG":"2","Q8":"2","Q6":"2"},"QV":{"X3":"2","X2":"2"}},"WP":{"GF":{"CC":"2"},"3C":{"3P":"2","4J":"2","3J":"2","2P":"2"},"2C":{"HM":"2","QJ":"2","PH":"2","FQ":"2","HP":"2","FP":"2","QM":"2","CP":"2","PJ":"2","GP":"2","9P":"2","WJ":"2","MM":"2","MJ":"2","RH":"2","JM":"2","RJ":"2","PM":"2","GR":"2","9Q":"2","9M":"2","VJ":"2","WH":"2","VH":"2","QH":"2"},"F9":{"2X":"2"},"CF":{"R6":"2"},"XM":{"G6":"2"},"VF":{"GF":"2","HF":"2"},"GG":{"38":"2","28":"2","77":"2","39":"2","26":"2","2C":"2","37":"2","57":"2","27":"2","29":"2","46":"2","55":"2","36":"2","68":"2","47":"2","58":"2","67":"2","48":"2","49":"2"},"HG":{"FQ":"2","FP":"2","CP":"2"},"FF":{"MR":"2","MV":"2"},"FG":{"X8":"2","W8":"2","Q6":"2","G2":"2","R8":"2","XC":"2","V8":"2","X9":"2","Q8":"2","R7":"2","Q7":"2"}},"57":{"J8":{"4P":"2","RG":"2","X8":"2","W8":"2","4V":"2","5R":"2","6Q":"2","HH":"2","5V":"2","PG":"2","X9":"2","4R":"2","5P":"2","4Q":"2","W9":"2","5Q":"2"},"M8":{"4R":"2","5V":"2","3R":"2","5R":"2","4W":"2","3V":"2","4V":"2"},"26":{"C4":"2","C6":"2","C5":"2","95":"2"}},"JH":{"8J":{"QC":"2","QF":"2"}},"QX":{"W8":{"5F":"2"},"P7":{"4P":"2"},"H8":{"CG":"2"},"58":{"W8":"2"},"M7":{"VW":"2","RV":"2"}},"7Q":{"7G":{"24":"2","25":"2"},"4H":{"WP":"2","VP":"2","VQ":"2","WQ":"2","WM":"2"},"8H":{"HX":"2"},"6P":{"CR":"2","CQ":"2"},"FH":{"F4":"2","C4":"2","G3":"2","C2":"2","F3":"2","F2":"2","C3":"2","G4":"2"},"6G":{"X5":"2","X4":"2"}},"V4":{"MG":{"23":"2","22":"2"},"JF":{"XX":"2"},"JG":{"X4":"2","X3":"2"}},"2X":{"X7":{"MC":"2"}},"6J":{"5X":{"J6":"2"},"7X":{"2P":"2"}},"3W":{"JH":{"X9":"2"},"C4":{"FW":"2"},"PF":{"PC":"2","MC":"2","M9":"2"},"4J":{"MQ":"2"},"88":{"22":"2"},"Q4":{"VR":"2"},"J3":{"33":"2","32":"2","42":"2","43":"2"},"G8":{"RF":"2","VF":"2"},"C6":{"R8":"2"},"J6":{"3G":"2"},"G4":{"P8":"2"},"M4":{"3C":"2"},"WG":{"F7":"2","F8":"2","GC":"2"},"G6":{"C6":"2"},"W9":{"2X":"2"}},"75":{"M2":{"WW":"2","WX":"2","XX":"2","XW":"2"}},"32":{"36":{"HV":"2"},"27":{"QV":"2","RJ":"2","VM":"2","VJ":"2","WJ":"2","RP":"2","39":"2","GH":"2","VP":"2","RR":"2","XH":"2","RM":"2"},"37":{"4G":"2","69":"2","77":"2","58":"2","48":"2"}},"27":{"V5":{"35":"2","45":"2","26":"2","46":"2","25":"2","36":"2","37":"2"}},"QG":{"7G":{"HM":"2","JQ":"2","HJ":"2","FQ":"2","HP":"2","FP":"2","GP":"2","GM":"2","JJ":"2","HH":"2","JM":"2"},"CG":{"JW":"2","VV":"2","VW":"2","RW":"2"}},"7R":{"4M":{"89":"2","88":"2"},"3M":{"Q7":"2","X6":"2"},"4V":{"3W":"2","3V":"2"},"F9":{"2V":"2","2X":"2","3X":"2","3W":"2","3V":"2","4V":"2"},"4J":{"5X":"2"},"C9":{"C6":"2","F7":"2","C7":"2","96":"2","94":"2","F6":"2"},"Q4":{"X8":"2","X7":"2"},"54":{"8F":"2"},"CC":{"X8":"2","X2":"2","X9":"2"},"4H":{"CF":"2","9F":"2"},"FC":{"32":"2","45":"2","2F":"2"},"R4":{"27":"2","28":"2"}},"7M":{"QC":{"X6":"2"},"63":{"75":"2"},"82":{"57":"2"},"23":{"9R":"2","7W":"2","6R":"2","7R":"2","8Q":"2","9P":"2","9Q":"2","6V":"2","7V":"2"},"36":{"WG":"2"}},"VQ":{"GH":{"X5":"2","X4":"2","W5":"2","W4":"2"},"MX":{"MW":"2"},"HX":{"97":"2"},"XX":{"WP":"2"},"9M":{"G7":"2","5M":"2","G8":"2","H8":"2","H7":"2"}},"XH":{"X9":{"M5":"2","GW":"2","RM":"2","HW":"2","G5":"2","Q8":"2","VP":"2","HX":"2","F6":"2","GX":"2","J6":"2","FW":"2"},"V8":{"4P":"2","4M":"2","FF":"2","3M":"2","W5":"2","9G":"2","9J":"2","8P":"2","CQ":"2","FJ":"2","CM":"2","4J":"2","C9":"2","8H":"2","7F":"2","CH":"2","6G":"2","FH":"2","CJ":"2","FG":"2","9C":"2","8J":"2","CF":"2","9M":"2","6M":"2","CC":"2","7G":"2","8Q":"2","5H":"2","FM":"2","9H":"2","9F":"2","8F":"2","7J":"2","CP":"2","9P":"2","CG":"2","9Q":"2","7H":"2","6J":"2","8C":"2","5J":"2","3P":"2","7M":"2","5M":"2","5P":"2","7P":"2","6P":"2","8G":"2","8M":"2","6H":"2"},"XC":{"PQ":"2","W4":"2","XC":"2","X5":"2","P8":"2","X8":"2","JQ":"2","P9":"2","HJ":"2","C6":"2","GJ":"2","GP":"2","VC":"2","G3":"2","MJ":"2","J4":"2","WC":"2","PR":"2","H2":"2","Q9":"2","PF":"2","JH":"2","WJ":"2","JM":"2","GM":"2","Q8":"2"},"X5":{"VW":"2","G6":"2","X5":"2","XC":"2","X8":"2","XP":"2","V2":"2","VP":"2","X6":"2","XF":"2","WX":"2","W3":"2","Q5":"2","V7":"2","XG":"2","XX":"2","V5":"2","HV":"2","H2":"2","QW":"2","W5":"2","V6":"2","72":"2","HW":"2"},"R9":{"M6":"2","M5":"2","FM":"2","FP":"2","VG":"2","J3":"2","J6":"2","J5":"2"},"W7":{"M6":"2","HJ":"2","24":"2","X9":"2","47":"2","26":"2","25":"2"},"Q7":{"98":"2"},"X8":{"G8":"2","G7":"2","M7":"2","JG":"2","H5":"2","F5":"2","R9":"2","J8":"2","P5":"2","JQ":"2","P9":"2","G4":"2","59":"2","V9":"2","H8":"2","MC":"2","V7":"2","H4":"2","F6":"2","G3":"2","F4":"2","J6":"2","C3":"2","C4":"2","MR":"2","H6":"2","CJ":"2","Q9":"2","H7":"2","M6":"2","6J":"2","F3":"2","F7":"2","M8":"2","J7":"2","MQ":"2","6H":"2","MH":"2","V6":"2"},"52":{"JH":"2","PJ":"2","F4":"2","C4":"2","VM":"2","GC":"2","HC":"2","F3":"2","83":"2","MJ":"2","C3":"2","VP":"2","82":"2","WM":"2","JJ":"2","WP":"2","PH":"2","G9":"2","MH":"2","H9":"2"},"XP":{"3G":"2","XG":"2","XH":"2","3F":"2"},"WM":{"97":"2","85":"2","96":"2","94":"2","X9":"2","86":"2","95":"2","84":"2","87":"2"},"X2":{"24":"2","83":"2","66":"2","87":"2","79":"2","FC":"2","6G":"2","65":"2","3F":"2","5F":"2","G8":"2","97":"2","39":"2","89":"2","72":"2","7J":"2","5J":"2","6J":"2","7M":"2","88":"2","59":"2","6M":"2","5C":"2","8J":"2","3X":"2","43":"2","4C":"2","48":"2","74":"2","4J":"2","78":"2","5H":"2","CC":"2","C8":"2","CQ":"2","3C":"2","F9":"2","9Q":"2","8C":"2","5G":"2","68":"2","F8":"2","77":"2","4H":"2","C6":"2","4G":"2","35":"2","G7":"2","96":"2","99":"2","6C":"2","C9":"2","7H":"2","2C":"2","76":"2","95":"2","25":"2","75":"2","85":"2","67":"2","2F":"2","69":"2","34":"2","84":"2","C7":"2","4F":"2","58":"2","9C":"2","82":"2","33":"2","5M":"2","56":"2","57":"2","8H":"2","CF":"2","F7":"2","98":"2","86":"2","49":"2","7G":"2","73":"2","6H":"2"},"W6":{"HX":"2"},"23":{"JX":"2","GW":"2","9G":"2","HR":"2","FJ":"2","CM":"2","HW":"2","CH":"2","FH":"2","CJ":"2","9M":"2","FR":"2","9H":"2","FM":"2","FX":"2","GX":"2","GR":"2","HX":"2","CG":"2","FW":"2","GV":"2","HV":"2","CW":"2","GJ":"2","JW":"2","FV":"2","GM":"2","GP":"2"},"X6":{"8X":"2","H5":"2","4P":"2","P5":"2","V4":"2","W6":"2","5G":"2","7W":"2","X7":"2","H3":"2","PX":"2","MC":"2","57":"2","V5":"2","CH":"2","QC":"2","JF":"2","WC":"2","6W":"2","6X":"2","JX":"2","VF":"2","HC":"2","WF":"2","9F":"2","WG":"2","JC":"2","7X":"2","Q8":"2"},"XF":{"7M":"2","7G":"2","XG":"2"},"X7":{"CP":"2","6G":"2","3F":"2","M5":"2","FF":"2","PC":"2","CJ":"2","27":"2","89":"2","JP":"2","9H":"2","FH":"2","FJ":"2","42":"2","46":"2","36":"2","29":"2","59":"2","HG":"2","5C":"2","8J":"2","4C":"2","XG":"2","GJ":"2","48":"2","J7":"2","CQ":"2","6P":"2","28":"2","38":"2","45":"2","C4":"2","RP":"2","8C":"2","5G":"2","HH":"2","J8":"2","CM":"2","GM":"2","GG":"2","4G":"2","62":"2","35":"2","HM":"2","G7":"2","MJ":"2","9J":"2","7F":"2","55":"2","2C":"2","6F":"2","J4":"2","69":"2","H8":"2","GP":"2","J6":"2","37":"2","WJ":"2","FG":"2","56":"2","H7":"2","CH":"2","9M":"2","QM":"2","MM":"2","8H":"2","CF":"2","F7":"2","86":"2","GQ":"2","49":"2","73":"2","JQ":"2","J5":"2","6H":"2"},"W3":{"3H":"2","3J":"2","75":"2"},"XJ":{"RR":"2","QR":"2","QV":"2","QW":"2","RW":"2","RV":"2"},"X3":{"4W":"2","3H":"2","54":"2","2G":"2","84":"2","64":"2","63":"2","2H":"2","22":"2","74":"2","3C":"2","G2":"2","32":"2","Q5":"2","57":"2","43":"2","53":"2","83":"2","65":"2","4Q":"2","44":"2","5Q":"2","CR":"2","55":"2","5R":"2","MV":"2","F2":"2","4H":"2","3G":"2","3Q":"2","HX":"2","HW":"2","56":"2","66":"2"},"V7":{"W5":"2","V5":"2","W8":"2","X7":"2","W4":"2","W6":"2","V6":"2","PF":"2","X4":"2","RV":"2","X5":"2","23":"2","PG":"2","WH":"2","X6":"2","XH":"2","27":"2","R7":"2","26":"2","X3":"2","XG":"2","WG":"2"},"XG":{"RQ":"2"},"G3":{"3M":"2"},"J6":{"HP":"2","WM":"2"},"R6":{"2W":"2","2Q":"2"},"RV":{"4W":"2"},"R8":{"VM":"2","WJ":"2","24":"2","23":"2","33":"2","WF":"2","34":"2","WQ":"2"},"24":{"P3":"2","J5":"2","M3":"2","V8":"2","M5":"2","P8":"2","Q7":"2","P5":"2","P9":"2","Q2":"2","V4":"2","P4":"2","XF":"2","G2":"2","J3":"2","H3":"2","Q5":"2","XG":"2","R3":"2","Q3":"2","G3":"2","J2":"2","V5":"2","R6":"2","J4":"2","R8":"2","P2":"2","F2":"2","R4":"2","H2":"2","P6":"2","Q9":"2","W5":"2","R7":"2","Q4":"2","F3":"2","WF":"2","PC":"2","M4":"2","V6":"2","R5":"2","WG":"2","Q8":"2","Q6":"2","R2":"2"},"H6":{"9J":"2"},"33":{"JQ":"2","JX":"2","GW":"2","HR":"2","JR":"2","8X":"2","HQ":"2","MJ":"2","MW":"2","GX":"2","GR":"2","HX":"2","HV":"2","GQ":"2"},"P6":{"XR":"2"},"X4":{"QJ":"2","RM":"2","WQ":"2","V8":"2","M5":"2","GR":"2","PM":"2","VX":"2","PP":"2","GX":"2","RX":"2","W7":"2","52":"2","9W":"2","RR":"2","W6":"2","PH":"2","5V":"2","GJ":"2","MG":"2","FV":"2","PV":"2","J3":"2","V7":"2","PJ":"2","JJ":"2","MJ":"2","R6":"2","W8":"2","MV":"2","5W":"2","RQ":"2","HV":"2","MP":"2","QH":"2","PR":"2","H2":"2","QW":"2","GV":"2","R7":"2","V6":"2","RP":"2","XW":"2","JM":"2","PG":"2","MM":"2"},"W5":{"XX":"2","QV":"2","V8":"2","RQ":"2","VP":"2","WH":"2","P7":"2","PR":"2","XG":"2","WG":"2"},"34":{"93":"2","QC":"2","C2":"2","G2":"2"},"M6":{"XV":"2","7P":"2","WV":"2","VX":"2","XX":"2","XW":"2","RW":"2","9M":"2"},"R7":{"XG":"2","PX":"2"},"F3":{"9V":"2"},"WG":{"HW":"2"},"Q6":{"VQ":"2","XV":"2","XQ":"2","RV":"2","WV":"2","RR":"2","WX":"2","WQ":"2"}},"39":{"C8":{"54":"2","53":"2"}},"XW":{"RW":{"97":"2"}},"F9":{"3H":{"PP":"2"}},"3V":{"GF":{"6W":"2"},"33":{"54":"2"},"32":{"9Q":"2"},"XR":{"MV":"2"},"M3":{"2J":"2","2M":"2"},"J3":{"XM":"2","XJ":"2"},"3X":{"6J":"2"},"M8":{"V8":"2"},"H9":{"PQ":"2","WQ":"2","WW":"2","QQ":"2","PP":"2","VR":"2","X8":"2","WM":"2","FW":"2","RR":"2","W9":"2","XJ":"2","VC":"2","XG":"2","5Q":"2","RJ":"2","VQ":"2","5R":"2","VG":"2","RQ":"2","QP":"2","WP":"2","QW":"2","RG":"2","QR":"2","M8":"2","WJ":"2","RP":"2","XW":"2","XM":"2","PG":"2"},"H8":{"CH":"2","HR":"2"},"XP":{"2Q":"2","2P":"2"},"88":{"72":"2","92":"2","83":"2","82":"2","93":"2","74":"2","84":"2","73":"2"},"J9":{"2J":"2","39":"2","29":"2","98":"2","5G":"2","2F":"2","2H":"2","3C":"2","97":"2","49":"2"},"C5":{"85":"2","94":"2"},"87":{"GV":"2","9V":"2","GW":"2","HW":"2","HV":"2","HX":"2","9W":"2","GX":"2","FV":"2","CW":"2","FW":"2","CV":"2"},"FH":{"PP":"2"},"VH":{"XQ":"2"},"HC":{"X3":"2","V6":"2","GC":"2","V7":"2"}},"MJ":{"XV":{"F8":"2"},"XR":{"HW":"2"}},"GM":{"C8":{"Q7":"2","Q8":"2","R8":"2","R6":"2","R7":"2","Q6":"2"},"87":{"2J":"2","2H":"2","2G":"2"},"77":{"RG":"2","QG":"2","RJ":"2","VM":"2","VJ":"2","WJ":"2","VH":"2","QJ":"2","QM":"2","WH":"2","RF":"2","WF":"2","VG":"2","XH":"2","VF":"2","QH":"2","XG":"2","WG":"2","XJ":"2","RH":"2","RM":"2"}},"FV":{"M7":{"82":"2"},"M6":{"7V":"2","8V":"2","7W":"2","8W":"2","7X":"2","8X":"2"},"J4":{"CX":"2"},"J5":{"6W":"2"},"J6":{"JQ":"2","HP":"2","58":"2","6G":"2","67":"2","57":"2","GQ":"2","59":"2","68":"2"},"G4":{"Q9":"2"},"Q3":{"2W":"2"}},"RG":{"JR":{"75":"2"}},"JC":{"8Q":{"93":"2"},"HM":{"6W":"2","4W":"2","5X":"2","4X":"2","5W":"2","6X":"2"},"HP":{"62":"2","42":"2","52":"2"}},"CW":{"29":{"JV":"2"}},"8W":{"MF":{"8W":"2"}},"QF":{"6Q":{"5J":"2"}},"8M":{"MC":{"RG":"2","5X":"2","RJ":"2","VJ":"2","WJ":"2","VH":"2","WH":"2","VG":"2","VF":"2","RH":"2"},"M9":{"68":"2","78":"2"},"VM":{"VR":"2"}},"GG":{"G7":{"WW":"2","VX":"2"},"F8":{"3W":"2"},"R8":{"4X":"2"},"C8":{"PP":"2","VQ":"2"},"8H":{"2J":"2","3G":"2","2H":"2","2G":"2","3H":"2"},"H7":{"9M":"2"}}},"index":{"university,1|retail,2|tourism,3|wreck,4|historical,5|artsCulture,6|namedBuilding,7|water,8|wetland,9|park,10|beach,11|natureReserve,12|cemetery,13|trail,14":{}}}