{"7R":{"56":{"FQ":{"QJ":"2","RM":"2","VW":"2","WW":"2","G6":"2","G9":"2","F5":"2","VX":"2","RX":"2","F9":"2","VM":"2","RR":"2","94":"2","93":"2","G2":"2","XJ":"2","PJ":"2","XG":"2","XX":"2","F6":"2","G3":"2","C3":"2","RJ":"2","VG":"2","HV":"2","WH":"2","QP":"2","C4":"2","H2":"2","QM":"2","VF":"2","QW":"2","RG":"2","GV":"2","G5":"2","F3":"2","FC":"2","RP":"2","GC":"2","VV":"2"},"HR":{"4R":"2"},"8P":{"FQ":"2","FP":"2","CP":"2"},"CQ":{"JX":"2","QV":"2","W5":"2","R8":"2","QW":"2","PV":"2","Q8":"2","PW":"2","MM":"2","QX":"2"},"CR":{"X5":"2","M4":"2","J2":"2","M3":"2","X7":"2","R4":"2"},"CM":{"77":"2","86":"2","76":"2","88":"2","6G":"2","F6":"2","5H":"2","5G":"2","87":"2","78":"2","6H":"2"},"HW":{"8C":"2","CH":"2","9C":"2","8F":"2","FJ":"2","9F":"2"},"9M":{"P5":"2"},"FR":{"X2":"2","8P":"2","9R":"2","V2":"2","C2":"2","7Q":"2","92":"2","R2":"2","8Q":"2","X9":"2","93":"2","7M":"2","7P":"2","8M":"2"},"GR":{"7Q":"2","95":"2","34":"2","6C":"2","22":"2","F3":"2","99":"2","8M":"2","C4":"2","3R":"2","4C":"2","5C":"2","7M":"2","4R":"2","6F":"2","C9":"2","66":"2","85":"2","73":"2","7P":"2","84":"2","7R":"2","94":"2","46":"2","59":"2","7W":"2","33":"2","5F":"2","63":"2","C3":"2","98":"2","8P":"2","3Q":"2","65":"2","64":"2","C8":"2","74":"2","69":"2","54":"2","53":"2","VQ":"2","F4":"2","43":"2"},"CP":{"5P":"2","9M":"2"},"GV":{"FM":"2","MP":"2","CF":"2","GM":"2","G8":"2","98":"2","M9":"2","QF":"2","86":"2","JP":"2"},"9Q":{"29":"2"},"FP":{"FR":"2","C4":"2","HP":"2","36":"2","GX":"2"},"7M":{"4G":"2"},"7P":{"CX":"2","GX":"2","CW":"2","FX":"2"},"GQ":{"2V":"2","2X":"2","3X":"2"}},"67":{"56":{"99":"2","PJ":"2","PF":"2","MC":"2","QJ":"2","PC":"2","PG":"2","MF":"2","QH":"2","PH":"2"},"44":{"RR":"2","QR":"2"},"XJ":{"HM":"2","CG":"2"}},"V4":{"35":{"VV":"2"},"36":{"X5":"2"}},"77":{"5P":{"2H":"2","G9":"2","2G":"2","H9":"2","87":"2","43":"2"},"4P":{"V9":"2","GG":"2","HG":"2","FF":"2","VJ":"2","FG":"2"},"6P":{"68":"2","JQ":"2","3C":"2","5C":"2","38":"2","79":"2","2C":"2","89":"2","7C":"2","78":"2","69":"2","58":"2","48":"2"}}},"index":{"university,1|retail,2|tourism,3|wreck,4|historical,5|artsCulture,6|namedBuilding,7|water,8|wetland,9|park,10|beach,11|natureReserve,12|cemetery,13|trail,14":{}}}