{"index":{"university,1|retail,2|tourism,3|wreck,4|historical,5|artsCulture,6|namedBuilding,7|water,8|wetland,9|park,10|beach,11|natureReserve,12|cemetery,13|trail,14":{}},"88":{"V8":{"G8":{"65":"2"},"PQ":{"FF":"2","H6":"2","H4":"2","G3":"2","RP":"2","QC":"2","F3":"2","Q9":"2","F6":"2","H5":"2","H8":"2","G7":"2","H3":"2","G5":"2","F5":"2","C5":"2","C8":"2","G4":"2","G6":"2","M3":"2"},"62":{"QJ":"2","QM":"2","PJ":"2","PM":"2"},"HQ":{"H9":"2"},"QQ":{"66":"2"},"GX":{"2J":"2","3R":"2","4W":"2","4X":"2","2P":"2"},"JQ":{"W9":"2"},"FW":{"GV":"2","6R":"2","5P":"2","HW":"2","6Q":"2","5Q":"2","HV":"2","5M":"2","6M":"2","5R":"2","JW":"2","89":"2","6P":"2"},"5G":{"5H":"2","4H":"2"},"MG":{"J7":"2"},"94":{"G9":"2"},"H8":{"5P":"2","8H":"2"},"W3":{"R3":"2","V2":"2"},"GP":{"FM":"2"},"CR":{"C4":"2"},"HP":{"86":"2","66":"2","F7":"2","HC":"2","R8":"2","J9":"2","H8":"2","C7":"2","JF":"2","HF":"2","F8":"2","96":"2","C6":"2","65":"2","C8":"2","JC":"2","M9":"2","H9":"2"},"9Q":{"F7":"2","H7":"2","95":"2","F9":"2","F6":"2","H8":"2","G7":"2","G8":"2","C7":"2","F8":"2","96":"2","C6":"2","C5":"2","C8":"2","G9":"2","97":"2","G6":"2"},"CC":{"XX":"2","XW":"2"},"6F":{"93":"2"},"HC":{"7X":"2"},"6M":{"8F":"2"},"9V":{"PG":"2","QG":"2","J2":"2","RH":"2","QH":"2"},"MQ":{"RG":"2","RF":"2","Q8":"2","Q9":"2","M8":"2","RH":"2","M9":"2","P8":"2"},"5J":{"P5":"2"},"FX":{"HG":"2","JG":"2","M3":"2","R9":"2","HM":"2","HJ":"2","GJ":"2","MG":"2","XH":"2","VC":"2","JJ":"2","HH":"2","HF":"2","MJ":"2","JF":"2","R8":"2","WH":"2","VF":"2","MH":"2","JH":"2","WJ":"2","JM":"2","GM":"2","Q8":"2"},"CF":{"X2":"2","9F":"2","34":"2"},"72":{"2P":"2"},"GC":{"8R":"2"}},"W4":{"X5":{"2H":"2","2G":"2"},"X3":{"22":"2","4G":"2","6C":"2","4J":"2","6G":"2","5F":"2","4H":"2","5H":"2","5G":"2","24":"2","5J":"2","32":"2","6H":"2"},"W5":{"X9":"2"},"X2":{"2W":"2","54":"2","2V":"2","2X":"2","3X":"2","53":"2"},"W3":{"R5":"2","V3":"2","Q5":"2","R6":"2","XM":"2","XJ":"2","P4":"2","Q6":"2","WM":"2"},"W2":{"WW":"2","XX":"2"}},"X5":{"GV":{"7Q":"2","5X":"2","4X":"2"},"GW":{"3P":"2","36":"2","2M":"2","3M":"2"},"WR":{"R8":"2","Q5":"2","P2":"2","Q6":"2"},"Q3":{"4F":"2","4C":"2"},"G4":{"MG":"2","VR":"2"},"92":{"H8":"2"},"FW":{"WG":"2","XF":"2","XH":"2","WH":"2"}},"R9":{"X2":{"FR":"2","GW":"2","8R":"2","GX":"2","FV":"2"}},"V3":{"H4":{"X8":"2"},"W2":{"Q9":"2"}},"W7":{"RM":{"8H":"2"},"7V":{"F8":"2"},"X4":{"MW":"2","RH":"2","RJ":"2","VH":"2"},"RX":{"XX":"2"},"XC":{"72":"2","63":"2","24":"2","64":"2","62":"2","23":"2","33":"2","32":"2","22":"2","52":"2","34":"2","53":"2"},"VX":{"3P":"2","4R":"2","3R":"2","3J":"2","5W":"2","4Q":"2","3M":"2","2P":"2"},"MX":{"C9":"2","F8":"2","CF":"2","FJ":"2","CC":"2","C5":"2","FV":"2","FH":"2"},"GQ":{"3P":"2"},"X9":{"2W":"2","4R":"2","3R":"2","2X":"2","3X":"2","5X":"2","3W":"2","2M":"2","3V":"2","4V":"2"},"QQ":{"MP":"2","6C":"2","CM":"2","QQ":"2"},"W9":{"XM":"2","XX":"2"}},"X8":{"3C":{"9H":"2","CP":"2"},"4C":{"WR":"2","C2":"2","WF":"2","F3":"2"}},"Q2":{"V2":{"R7":"2","V7":"2","V8":"2"},"W2":{"9G":"2"}},"V4":{"HV":{"QW":"2"},"J9":{"7R":"2","6R":"2","7Q":"2"}},"V2":{"HR":{"QQ":"2"}},"W6":{"W8":{"HR":"2","VW":"2","WQ":"2","WW":"2","HQ":"2","GR":"2","WV":"2","JR":"2","VX":"2","GW":"2","PP":"2","VR":"2","XV":"2","VP":"2","VM":"2","RW":"2","WX":"2","XX":"2","VQ":"2","RV":"2","XR":"2","HV":"2","WH":"2","MP":"2","XQ":"2","JV":"2","JX":"2","WP":"2","HX":"2","GV":"2","WJ":"2","XW":"2","GQ":"2","VV":"2"},"X8":{"2W":"2","2V":"2","2X":"2","2R":"2"},"XF":{"WG":"2","VG":"2","VF":"2","XQ":"2","WH":"2","VH":"2"},"X9":{"22":"2","35":"2","4G":"2","3G":"2","39":"2","3F":"2","4H":"2","24":"2","38":"2","23":"2","4F":"2","33":"2","48":"2","27":"2","4C":"2","3C":"2","26":"2","34":"2","3H":"2","36":"2","25":"2","49":"2","37":"2"},"W9":{"X2":"2","X4":"2","V2":"2","W2":"2","X5":"2","P4":"2","J2":"2","W3":"2","X3":"2"}},"V9":{"G7":{"M2":"2","H4":"2","XF":"2","W4":"2","WJ":"2","XC":"2","P2":"2","F2":"2","P3":"2","H5":"2","X9":"2","WH":"2","J4":"2","J5":"2","XH":"2","V3":"2","XJ":"2"},"M7":{"57":"2","C9":"2","3G":"2","2G":"2","C8":"2","H9":"2","4C":"2","2F":"2","3F":"2","49":"2","48":"2"},"J5":{"7C":"2","89":"2","6G":"2","79":"2","4W":"2","H2":"2","8C":"2","C8":"2","G6":"2"},"G6":{"MW":"2","X9":"2","HR":"2","HQ":"2","GH":"2","G9":"2","F5":"2","JR":"2","XC":"2","C2":"2","V3":"2","84":"2","F9":"2","X8":"2","V4":"2","RR":"2","W6":"2","G4":"2","PH":"2","GJ":"2","94":"2","96":"2","93":"2","95":"2","JW":"2","PX":"2","PW":"2","R3":"2","G3":"2","F4":"2","V5":"2","FH":"2","RV":"2","FG":"2","W8":"2","MV":"2","F2":"2","MX":"2","JV":"2","JX":"2","5F":"2","92":"2","FF":"2","W5":"2","F3":"2","V6":"2","FC":"2","GC":"2","FJ":"2","JC":"2","R2":"2"},"F5":{"XR":"2","WQ":"2","XQ":"2"},"54":{"96":"2"},"J8":{"24":"2","67":"2","23":"2","66":"2","C5":"2"},"Q7":{"34":"2"},"C6":{"VH":"2"},"G4":{"7Q":"2","6X":"2","8H":"2","8X":"2","6Q":"2","9F":"2","7G":"2","8M":"2","CP":"2","7H":"2","HH":"2","GX":"2","GF":"2","7M":"2","CQ":"2","MV":"2","H8":"2","J4":"2","9V":"2","PX":"2","CM":"2","HF":"2","CV":"2","GH":"2","JV":"2","JR":"2","7P":"2","7X":"2","HC":"2","7R":"2","6P":"2","MX":"2","9M":"2","G7":"2","MW":"2","CJ":"2","8Q":"2","8V":"2","HX":"2","8R":"2","7J":"2","FJ":"2","8F":"2","GW":"2","9Q":"2","9G":"2","JJ":"2","8P":"2","9R":"2","QX":"2","CR":"2","PG":"2","9H":"2","3Q":"2","J3":"2","JW":"2","HW":"2","JQ":"2","QG":"2","GG":"2","P3":"2","JX":"2","HJ":"2","8J":"2","8G":"2","H9":"2","9J":"2","9P":"2"},"22":{"4R":"2","4V":"2"},"H8":{"QC":"2","PC":"2","X4":"2","X3":"2","PF":"2","J2":"2","V9":"2","Q8":"2","C2":"2","X2":"2","R8":"2","Q9":"2","R7":"2","R9":"2","JF":"2","V2":"2","P9":"2","QF":"2","F3":"2","JC":"2","H2":"2","G2":"2","V8":"2","P8":"2"},"G2":{"7M":"2","9W":"2","5C":"2","59":"2","5G":"2","8Q":"2","7P":"2","9R":"2","68":"2","8P":"2","9Q":"2","5F":"2","67":"2","9H":"2","9V":"2","6H":"2","9P":"2","CX":"2","69":"2"},"J3":{"W2":"2"},"P7":{"P5":"2","2C":"2","M8":"2","Q6":"2"},"85":{"8M":"2"},"F6":{"7G":"2","4H":"2","7H":"2","2H":"2","6H":"2","7J":"2"},"G3":{"4M":"2","MR":"2","3M":"2","JV":"2","P5":"2","H4":"2","4G":"2","F4":"2","2J":"2","VJ":"2","M5":"2","G3":"2","JR":"2","4J":"2","C2":"2","3G":"2","3F":"2","C3":"2","5H":"2","2G":"2","4H":"2","5G":"2","3J":"2","4F":"2","J4":"2","MV":"2","2H":"2","PM":"2","G4":"2","3H":"2"},"F4":{"97":"2"},"J6":{"9X":"2","2Q":"2","6X":"2","8X":"2"},"55":{"X2":"2"},"J4":{"HX":"2"},"H6":{"6C":"2","38":"2","4W":"2","4J":"2","28":"2","4P":"2","7M":"2","3H":"2","6G":"2","39":"2","2G":"2","7V":"2","5H":"2","7J":"2","7Q":"2","2F":"2","3M":"2","5C":"2","7R":"2","5V":"2","59":"2","5G":"2","3C":"2","5X":"2","2C":"2","8Q":"2","7G":"2","6R":"2","37":"2","57":"2","4Q":"2","29":"2","4V":"2","4G":"2","6P":"2","7P":"2","5Q":"2","5M":"2","55":"2","6W":"2","7H":"2","6X":"2","4F":"2","5R":"2","68":"2","3J":"2","5P":"2","8P":"2","5W":"2","6Q":"2","4C":"2","47":"2","4H":"2","6V":"2","5F":"2","58":"2","3G":"2","4M":"2","67":"2","3P":"2","6F":"2","48":"2","6M":"2","6J":"2","5J":"2","6H":"2","49":"2","69":"2","56":"2","7F":"2","4R":"2"},"33":{"W2":"2","X7":"2"},"H7":{"7Q":"2","7C":"2","PV":"2","XR":"2","36":"2","5V":"2","FW":"2","42":"2","62":"2","X9":"2","VR":"2","WG":"2","8H":"2","48":"2","6Q":"2","47":"2","68":"2","7G":"2","JM":"2","8M":"2","6R":"2","CP":"2","7H":"2","GX":"2","MR":"2","WR":"2","7M":"2","4R":"2","3P":"2","MV":"2","7F":"2","86":"2","4M":"2","9V":"2","VC":"2","6M":"2","X8":"2","5P":"2","CH":"2","HQ":"2","77":"2","FR":"2","CV":"2","GH":"2","29":"2","W9":"2","FG":"2","8W":"2","VF":"2","JR":"2","R9":"2","7P":"2","79":"2","MP":"2","7R":"2","5W":"2","JP":"2","MX":"2","9M":"2","46":"2","MW":"2","FF":"2","WF":"2","87":"2","4V":"2","QV":"2","PR":"2","XQ":"2","XP":"2","4G":"2","8Q":"2","8V":"2","HX":"2","XC":"2","FH":"2","GW":"2","7V":"2","76":"2","9G":"2","PQ":"2","63":"2","HV":"2","MQ":"2","2J":"2","QR":"2","75":"2","4P":"2","2F":"2","78":"2","8P":"2","9R":"2","CR":"2","RC":"2","5Q":"2","9X":"2","QC":"2","JW":"2","65":"2","67":"2","HW":"2","JQ":"2","37":"2","64":"2","VX":"2","GG":"2","Q9":"2","2M":"2","74":"2","JX":"2","69":"2","8J":"2","RQ":"2","3M":"2","6G":"2","9W":"2","38":"2","VQ":"2","RR":"2","WC":"2"},"M6":{"P3":"2","M3":"2","P4":"2"},"G5":{"G8":"2","9X":"2","QJ":"2","P3":"2","G7":"2","FR":"2","M7":"2","HG":"2","6C":"2","75":"2","4W":"2","C7":"2","J5":"2","M3":"2","GF":"2","73":"2","62":"2","FM":"2","GH":"2","97":"2","H5":"2","M5":"2","G6":"2","77":"2","G9":"2","GR":"2","F5":"2","6G":"2","PM":"2","GW":"2","J8":"2","84":"2","RX":"2","64":"2","F9":"2","P5":"2","8H":"2","Q2":"2","9W":"2","63":"2","FW":"2","3M":"2","C6":"2","76":"2","5C":"2","G4":"2","P4":"2","2W":"2","GJ":"2","59":"2","74":"2","8J":"2","5G":"2","7W":"2","QX":"2","94":"2","96":"2","93":"2","H8":"2","J9":"2","95":"2","9J":"2","FV":"2","H9":"2","2P":"2","79":"2","2M":"2","57":"2","83":"2","GP":"2","8R":"2","65":"2","78":"2","2Q":"2","PJ":"2","8W":"2","FP":"2","HF":"2","86":"2","2R":"2","4X":"2","F8":"2","85":"2","46":"2","F6":"2","F4":"2","CV":"2","FQ":"2","J6":"2","FH":"2","C3":"2","CR":"2","3R":"2","CQ":"2","87":"2","C5":"2","GG":"2","4F":"2","8V":"2","98":"2","P2":"2","9R":"2","68":"2","4C":"2","CC":"2","C4":"2","47":"2","H6":"2","C9":"2","JX":"2","5F":"2","58":"2","89":"2","92":"2","3Q":"2","67":"2","C8":"2","3P":"2","FF":"2","6F":"2","48":"2","88":"2","H7":"2","QW":"2","HC":"2","GV":"2","M6":"2","G5":"2","9H":"2","F7":"2","F3":"2","J7":"2","CW":"2","9V":"2","CX":"2","7C":"2","M4":"2","M2":"2","FX":"2","FC":"2","49":"2","69":"2","72":"2","GC":"2","FJ":"2","GQ":"2","56":"2","GM":"2","66":"2","JC":"2","2X":"2","82":"2"},"F7":{"7R":"2","7Q":"2"},"J7":{"7Q":"2","7C":"2","36":"2","2P":"2","58":"2","34":"2","3J":"2","3G":"2","WG":"2","8H":"2","48":"2","2R":"2","9F":"2","47":"2","7G":"2","2Q":"2","8M":"2","CP":"2","7H":"2","4C":"2","27":"2","5G":"2","5C":"2","49":"2","7M":"2","3P":"2","7F":"2","9C":"2","4M":"2","CM":"2","6F":"2","5J":"2","CH":"2","35":"2","7P":"2","79":"2","56":"2","7R":"2","6J":"2","9M":"2","55":"2","8C":"2","4J":"2","46":"2","25":"2","CJ":"2","59":"2","4G":"2","8Q":"2","8V":"2","8R":"2","7J":"2","FJ":"2","8F":"2","57":"2","4F":"2","4H":"2","9Q":"2","5F":"2","7V":"2","26":"2","9G":"2","44":"2","75":"2","4P":"2","3H":"2","89":"2","78":"2","8P":"2","5H":"2","9H":"2","37":"2","CG":"2","FM":"2","6H":"2","2M":"2","74":"2","88":"2","8J":"2","54":"2","8G":"2","3M":"2","6G":"2","CF":"2","38":"2","45":"2","9J":"2","9P":"2"},"Q6":{"7M":"2"}},"W2":{"FR":{"RR":"2"},"FQ":{"FJ":"2","83":"2"}},"X6":{"4P":{"3P":"2","5V":"2"},"4M":{"V4":"2","W5":"2","W4":"2"},"4J":{"9G":"2","VV":"2","RV":"2"},"XC":{"72":"2","54":"2","66":"2","34":"2","43":"2"},"6R":{"R8":"2","R7":"2"},"2G":{"8C":"2","9G":"2","76":"2"},"6W":{"9W":"2","8W":"2","FV":"2","8X":"2"},"2F":{"5R":"2","5W":"2"},"F5":{"PG":"2","QR":"2","MG":"2"},"5J":{"98":"2"},"3P":{"QJ":"2"},"5M":{"24":"2","23":"2"},"G9":{"5C":"2","6H":"2","GM":"2","46":"2","6G":"2"},"4Q":{"GV":"2","38":"2","96":"2","48":"2"}},"X7":{"M7":{"63":"2","62":"2"},"M6":{"2J":"2","2H":"2"},"H4":{"5M":"2","5J":"2"},"JR":{"57":"2","86":"2"},"MJ":{"C6":"2","C3":"2","F6":"2","H2":"2"},"F6":{"MP":"2","XC":"2","JP":"2"},"G7":{"M4":"2"},"FW":{"CR":"2"},"J6":{"WR":"2","VW":"2","WQ":"2","XH":"2","XQ":"2"},"PR":{"GC":"2"},"MH":{"FQ":"2"},"G6":{"7G":"2","7F":"2"}},"W3":{"XV":{"VX":"2"},"55":{"P5":"2"},"76":{"43":"2"},"GC":{"W8":"2","XC":"2","XG":"2","WF":"2","WC":"2"},"CG":{"G7":"2"},"H7":{"59":"2"},"HC":{"2J":"2","2Q":"2","2M":"2"}},"W9":{"34":{"P3":"2","M3":"2","P4":"2"}},"X3":{"4J":{"28":"2"},"3J":{"RM":"2"},"FV":{"CF":"2"}},"V7":{"C4":{"FC":"2"},"C5":{"J4":"2"},"M7":{"6H":"2"}},"V5":{"JQ":{"JF":"2","JC":"2"},"4J":{"38":"2","2C":"2","2F":"2"},"3J":{"WG":"2","XC":"2","XG":"2","XF":"2","X9":"2","WH":"2"}},"R6":{"WJ":{"85":"2","C5":"2","84":"2"},"WF":{"X5":"2"}},"R8":{"PJ":{"QP":"2"},"WC":{"7M":"2","6F":"2","6G":"2"}},"W8":{"M2":{"C7":"2","C2":"2","C8":"2"},"JX":{"Q3":"2","M3":"2","Q4":"2","J6":"2","9M":"2","M7":"2"},"GW":{"8C":"2","8F":"2"},"JV":{"WW":"2","XP":"2","XW":"2","RW":"2","XQ":"2"},"M6":{"3W":"2"},"42":{"WR":"2","WV":"2","VV":"2"},"V2":{"85":"2","74":"2","95":"2"},"2P":{"7Q":"2"},"9M":{"V7":"2"},"J2":{"R9":"2"},"MV":{"8Q":"2","8V":"2","6Q":"2","5Q":"2","6P":"2","4Q":"2","2P":"2"},"93":{"RV":"2"},"J6":{"XR":"2","XQ":"2"},"52":{"6C":"2","C7":"2","4J":"2","97":"2","6G":"2","7J":"2","3M":"2","C6":"2","79":"2","86":"2","F6":"2","5M":"2","7H":"2","87":"2","98":"2","4M":"2","6J":"2","F7":"2","6H":"2","5J":"2","7C":"2"},"J7":{"Q4":"2"}},"X4":{"V5":{"2V":"2"},"V6":{"99":"2"},"G3":{"3P":"2","2M":"2","2P":"2"},"29":{"6J":"2","7X":"2"},"2C":{"G5":"2","F2":"2","C2":"2","C3":"2","F3":"2"},"J3":{"FF":"2"},"7G":{"2W":"2","2V":"2","3W":"2","3V":"2"},"5H":{"QC":"2","PC":"2","C9":"2","PG":"2","F8":"2","QG":"2","PF":"2","G9":"2","F9":"2","CF":"2","C8":"2","CC":"2","QF":"2"},"5V":{"9M":"2"},"H3":{"RM":"2","PW":"2","P7":"2","PV":"2","VM":"2","VJ":"2"},"FW":{"8R":"2"},"G4":{"8F":"2","CC":"2","9F":"2"}},"W5":{"P2":{"7R":"2"}},"V6":{"X9":{"HR":"2"},"F5":{"CH":"2","9H":"2","CJ":"2","JW":"2","JV":"2","JX":"2","9J":"2"},"W7":{"F7":"2","F2":"2","C3":"2","F3":"2"},"JQ":{"PQ":"2"},"W6":{"4P":"2","PV":"2","MV":"2","GX":"2"},"5V":{"H2":"2","G2":"2"},"35":{"FF":"2"},"J3":{"7X":"2","5W":"2"},"37":{"W5":"2"},"H3":{"5C":"2","4F":"2","2F":"2","3F":"2"},"V7":{"JQ":"2","82":"2","GG":"2","HG":"2"},"2R":{"PM":"2"},"46":{"2W":"2","2V":"2","2X":"2"},"G3":{"XF":"2","WF":"2"},"V5":{"H4":"2","P5":"2","M5":"2","J4":"2","G4":"2","C2":"2","94":"2","J5":"2","H3":"2","F3":"2","75":"2"},"FH":{"RH":"2","VH":"2"},"FG":{"63":"2","64":"2","62":"2","65":"2"},"5R":{"7R":"2","7V":"2","HX":"2","GX":"2"},"36":{"WJ":"2","VF":"2","XX":"2","XW":"2","XQ":"2","WH":"2"},"3Q":{"WX":"2","VX":"2"},"FF":{"8P":"2","8W":"2","8X":"2"},"MH":{"J9":"2"},"V6":{"7R":"2","56":"2","CP":"2","7W":"2"},"FC":{"2R":"2"}},"R5":{"QR":{"H6":"2","JH":"2","F7":"2","GC":"2","JG":"2","FH":"2","HH":"2","F6":"2","PG":"2","G7":"2","JF":"2","HF":"2","MF":"2","PH":"2","G9":"2","MH":"2","G6":"2","HG":"2"},"VM":{"WX":"2","XX":"2"}},"R2":{"62":{"2V":"2","6V":"2","2R":"2","3V":"2"},"52":{"XX":"2","RG":"2","VQ":"2","RW":"2","RJ":"2","VV":"2","WV":"2","VP":"2","RF":"2","VG":"2","VF":"2","RC":"2","VW":"2","WR":"2"}}}}