{"index":{"university,1|retail,2|tourism,3|wreck,4|historical,5|artsCulture,6|namedBuilding,7|water,8|wetland,9|park,10|beach,11|natureReserve,12|cemetery,13|trail,14":{}},"89":{"8P":{"XV":{"97":"2","24":"2","64":"2","54":"2","44":"2","98":"2","45":"2","78":"2","34":"2","43":"2"},"WV":{"X4":"2","W3":"2"},"XR":{"GV":"2","FR":"2","9W":"2","FV":"2"},"WW":{"VM":"2"},"XX":{"44":"2","45":"2","43":"2"}},"CH":{"MR":{"8J":"2","M8":"2","98":"2","J5":"2"},"JX":{"3G":"2","2Q":"2","2G":"2","3F":"2","4V":"2"},"H6":{"FF":"2","XQ":"2","M6":"2","FJ":"2","M5":"2","F9":"2","7F":"2","FH":"2","FG":"2","9C":"2","GG":"2","CF":"2","J3":"2","CC":"2","J2":"2","98":"2","7G":"2","J4":"2","FC":"2","J7":"2","8G":"2","M4":"2"},"JV":{"PP":"2","QP":"2"},"FQ":{"9X":"2","CX":"2"},"J8":{"M6":"2","9J":"2","7W":"2","P2":"2","P4":"2","HF":"2","7V":"2","G4":"2"},"CM":{"82":"2"},"MQ":{"JQ":"2","MP":"2","WW":"2","HV":"2","JV":"2","JR":"2"},"H8":{"2X":"2","4W":"2","4X":"2","4V":"2"},"H5":{"QX":"2","MW":"2","JW":"2","VP":"2","PQ":"2","VM":"2","PX":"2"},"G7":{"P5":"2","CM":"2","W2":"2","CQ":"2","FG":"2"},"MW":{"9Q":"2"},"G8":{"FR":"2","GF":"2","HQ":"2","XV":"2","VP":"2","WX":"2","GP":"2","HH":"2","XX":"2","FH":"2","HP":"2","VQ":"2","GG":"2","MX":"2","JX":"2","FF":"2","FC":"2","CF":"2","HW":"2","XW":"2","GQ":"2"},"CP":{"2W":"2","79":"2","78":"2"},"9P":{"WX":"2"},"CG":{"MW":"2","MX":"2","MV":"2","W2":"2"},"GF":{"JG":"2","MF":"2","JR":"2","J8":"2","MG":"2","H8":"2","H9":"2","PV":"2","MC":"2","JF":"2","MV":"2","JV":"2","MR":"2","PR":"2","88":"2","PF":"2","M8":"2","PC":"2","MH":"2","PG":"2"},"PQ":{"66":"2"},"J6":{"4P":"2","4M":"2","2Q":"2","5R":"2","3W":"2","6Q":"2","4R":"2","5M":"2","5Q":"2"},"J7":{"PR":"2","PP":"2","MM":"2","PQ":"2","PM":"2"},"PR":{"22":"2"},"G9":{"X2":"2","RG":"2","M2":"2","FF":"2","QG":"2","F4":"2","RJ":"2","GC":"2","HC":"2","P8":"2","PF":"2","VH":"2","J8":"2","F9":"2","MC":"2","XC":"2","W2":"2","PC":"2","FG":"2","J9":"2","X5":"2","J3":"2","CC":"2","J2":"2","H8":"2","X9":"2","RF":"2","G8":"2","JF":"2","HF":"2","X6":"2","Q8":"2","GF":"2","VG":"2","MF":"2","FC":"2","J6":"2","J7":"2","RC":"2","QF":"2","G9":"2","JC":"2","M9":"2","G6":"2","RH":"2","M3":"2","H9":"2"},"GM":{"FQ":"2","P5":"2","8R":"2","JG":"2","FJ":"2","MC":"2","FH":"2","FG":"2","HH":"2","GG":"2","GH":"2","FM":"2","JF":"2","CP":"2","MF":"2","9Q":"2","P7":"2","GJ":"2","CV":"2","JC":"2","HG":"2"},"H9":{"77":"2","28":"2","FJ":"2","58":"2","88":"2","6G":"2","PP":"2","2C":"2","24":"2","VP":"2","38":"2","4R":"2","WP":"2","48":"2","2F":"2","87":"2","78":"2","27":"2","26":"2","4Q":"2","25":"2"}},"9P":{"R8":{"M7":"2","M6":"2","P5":"2","CQ":"2","Q6":"2","M5":"2","FH":"2","FG":"2","P3":"2","9H":"2","HF":"2","J6":"2","J7":"2","M4":"2","HG":"2"},"PM":{"HV":"2"},"VR":{"22":"2","3F":"2"},"RG":{"G2":"2"},"P7":{"XR":"2","XQ":"2"},"PC":{"W7":"2","W8":"2","X8":"2","VC":"2","V9":"2","WG":"2","XC":"2","R8":"2","WF":"2","VF":"2","X9":"2","V7":"2","X7":"2","W9":"2","WC":"2","WH":"2","V8":"2"},"V7":{"8V":"2","6W":"2","5W":"2"},"VP":{"2W":"2","38":"2","2M":"2","27":"2","3V":"2","28":"2","3M":"2","39":"2"},"PF":{"CP":"2","CQ":"2"},"PH":{"86":"2","95":"2","89":"2","88":"2","79":"2","85":"2","C6":"2","87":"2","F5":"2","8C":"2","C5":"2"},"R9":{"H6":"2","2Q":"2","F4":"2"},"PJ":{"8C":"2","97":"2","9H":"2","9G":"2","96":"2","8H":"2"},"PP":{"P2":"2"},"RF":{"FR":"2","6C":"2","FM":"2","GH":"2","97":"2","GR":"2","54":"2","GX":"2","8F":"2","95":"2","GP":"2","CH":"2","FH":"2","FQ":"2","55":"2","87":"2","98":"2","CC":"2","99":"2","89":"2","CG":"2","9C":"2","7C":"2","8C":"2","9F":"2","CF":"2","GQ":"2"},"PR":{"V3":"2"},"QM":{"FR":"2","CR":"2","FQ":"2","9C":"2","FM":"2","FP":"2","CM":"2","FW":"2","9J":"2","99":"2"},"P9":{"X8":"2","WW":"2","W2":"2","X9":"2","W4":"2"},"PQ":{"X5":"2","X4":"2","W3":"2","W4":"2"},"Q7":{"9V":"2","2W":"2","6W":"2","5V":"2","7W":"2","4W":"2","3W":"2","5W":"2","6X":"2","4V":"2"},"QF":{"MX":"2"},"QR":{"6R":"2"},"VM":{"2M":"2"},"V5":{"RG":"2","QM":"2","XH":"2","VH":"2","QH":"2"},"R5":{"Q7":"2","X6":"2","FH":"2"},"PG":{"CV":"2"},"RC":{"7J":"2","7C":"2"},"QQ":{"68":"2","57":"2","79":"2","25":"2"},"QC":{"2C":"2","28":"2","29":"2"},"RP":{"XP":"2","V2":"2","W2":"2","VM":"2"},"RV":{"M2":"2","66":"2","P2":"2","45":"2","J3":"2","P3":"2","H3":"2","53":"2","M3":"2"},"Q9":{"MR":"2","22":"2","GC":"2","HC":"2","3R":"2","7W":"2","7F":"2","39":"2","75":"2","GH":"2","QW":"2","5G":"2","6W":"2","3J":"2","HF":"2","GF":"2","2F":"2","PW":"2","34":"2","44":"2","32":"2","PX":"2","QX":"2"},"RM":{"WX":"2"},"Q8":{"M3":"2","62":"2","3H":"2","2W":"2","5X":"2","2R":"2","4V":"2","42":"2","CR":"2","3R":"2","24":"2","3W":"2","9R":"2","3V":"2","5P":"2","6Q":"2","C4":"2","3Q":"2","3X":"2","2V":"2","4R":"2"},"P8":{"XR":"2","WG":"2","W3":"2","XF":"2","VP":"2","WJ":"2","WR":"2","PF":"2","XG":"2","V8":"2","VG":"2","X8":"2","PH":"2","RW":"2","R9":"2","RF":"2","QJ":"2","WF":"2","V9":"2","XJ":"2","QM":"2","WH":"2","WV":"2","P9":"2","XM":"2","X7":"2","VM":"2","VV":"2","QQ":"2","W2":"2","QH":"2","QP":"2","RP":"2","VJ":"2","VX":"2","QG":"2","RV":"2","M8":"2","RM":"2","RH":"2","RJ":"2","P5":"2","RQ":"2","P4":"2","VW":"2","VQ":"2","RR":"2"},"RH":{"8G":"2","CP":"2","9W":"2"},"RJ":{"M6":"2","J6":"2","M7":"2"},"RQ":{"X8":"2","XX":"2","W9":"2"},"VQ":{"24":"2","22":"2","2R":"2","3V":"2"},"V6":{"XV":"2","63":"2","64":"2","V5":"2","74":"2","XW":"2","75":"2","73":"2","53":"2"},"RR":{"RR":"2","WP":"2","X2":"2","XM":"2","XJ":"2","VR":"2","VP":"2","XP":"2","VQ":"2","WQ":"2","RW":"2"}},"CJ":{"MW":{"86":"2","R8":"2","V8":"2","85":"2","V9":"2","RF":"2","XM":"2","GR":"2","R9":"2","RC":"2"},"PQ":{"HM":"2"},"QQ":{"RG":"2","QG":"2","RF":"2","VG":"2","RH":"2","P2":"2","QF":"2","RP":"2"},"PP":{"QJ":"2","PJ":"2"},"QV":{"9V":"2","J4":"2","FP":"2","GJ":"2","8F":"2","7W":"2","5X":"2","9W":"2","8W":"2","J6":"2","J5":"2","6X":"2","8X":"2","CV":"2"},"G4":{"XR":"2"},"PV":{"RR":"2","QR":"2","VR":"2","VQ":"2","QV":"2","QW":"2","RW":"2","RV":"2"},"JW":{"X2":"2"},"PX":{"42":"2","43":"2"},"PW":{"X9":"2","4W":"2","HQ":"2","RF":"2","JR":"2","HM":"2","X8":"2","HJ":"2","PH":"2","JP":"2","XH":"2","W9":"2","2M":"2","GP":"2","PJ":"2","XG":"2","HH":"2","4X":"2","MJ":"2","RJ":"2","HP":"2","9G":"2","CQ":"2","5R":"2","P2":"2","8P":"2","6Q":"2","9Q":"2","JV":"2","MR":"2","QH":"2","QM":"2","RG":"2","9H":"2","JM":"2","PG":"2","CP":"2"},"PJ":{"8Q":"2"},"J2":{"44":"2"},"MV":{"56":"2","6W":"2","44":"2","46":"2","42":"2","5J":"2","43":"2"},"MP":{"4M":"2","8R":"2","4J":"2","CC":"2","4H":"2","8Q":"2","FX":"2","GX":"2","9P":"2","9Q":"2"},"QP":{"R2":"2","VV":"2","VR":"2","VQ":"2","QQ":"2"},"JV":{"XJ":"2","XH":"2","WQ":"2","WH":"2"},"MR":{"QC":"2","PC":"2","33":"2","32":"2","79":"2","J2":"2","44":"2","Q9":"2","R9":"2","RC":"2","M9":"2","45":"2","7C":"2","42":"2","34":"2","43":"2"},"H6":{"2J":"2"},"PR":{"PR":"2","MR":"2","PQ":"2","MQ":"2"},"QM":{"QC":"2","Q9":"2"},"QW":{"63":"2","28":"2","62":"2","54":"2","45":"2","2G":"2","55":"2","2H":"2","5M":"2","46":"2","36":"2"},"G5":{"XP":"2"},"QR":{"JH":"2","GH":"2","CF":"2","9P":"2","GJ":"2","CC":"2","8W":"2","HQ":"2","JG":"2","FG":"2","FH":"2","8X":"2"},"MQ":{"FR":"2","73":"2","4J":"2","FM":"2","4P":"2","GR":"2","6G":"2","M9":"2","7V":"2","7J":"2","2H":"2","3M":"2","5C":"2","5V":"2","G2":"2","2P":"2","6R":"2","MC":"2","8W":"2","4Q":"2","4X":"2","4G":"2","5Q":"2","5M":"2","4F":"2","5R":"2","98":"2","68":"2","3J":"2","5P":"2","F2":"2","6Q":"2","CC":"2","47":"2","8M":"2","4H":"2","5F":"2","4M":"2","3Q":"2","3P":"2","6F":"2","6M":"2","3X":"2","5J":"2","7C":"2","9F":"2","CF":"2","FJ":"2","CP":"2","7F":"2","4R":"2"},"RP":{"2R":"2"},"MM":{"W7":"2","HQ":"2","W6":"2"}},"FJ":{"32":{"C7":"2","3H":"2"},"22":{"XF":"2","XH":"2","C5":"2"}},"FC":{"CR":{"2V":"2"},"9R":{"QM":"2","H9":"2","GC":"2","J9":"2"},"FP":{"3Q":"2","5P":"2","3P":"2","2P":"2"},"CP":{"RR":"2","PW":"2","MW":"2","HR":"2","RV":"2"},"GQ":{"7Q":"2","8R":"2"},"MV":{"FQ":"2","FP":"2","CP":"2","CQ":"2"},"FV":{"38":"2","6C":"2","39":"2","64":"2","3F":"2","5C":"2","59":"2","3C":"2","2C":"2","79":"2","27":"2","29":"2","44":"2","4F":"2","48":"2","34":"2","7C":"2","69":"2"},"CV":{"R3":"2"}},"FH":{"3X":{"7H":"2","6H":"2","MR":"2","MV":"2","QQ":"2","PX":"2"}}}}