{"index":{"university,1|retail,2|tourism,3|wreck,4|historical,5|artsCulture,6|namedBuilding,7|water,8|wetland,9|park,10|beach,11|natureReserve,12|cemetery,13|trail,14":{}},"8M":{"24":{"FJ":{"W8":"2"}},"V8":{"PV":{"36":"2","25":"2","28":"2"},"74":{"FJ":"2"}},"83":{"RQ":{"M5":"2","P5":"2","M4":"2","P4":"2"},"V7":{"WR":"2","XR":"2","WQ":"2","XQ":"2"},"X7":{"4R":"2","5Q":"2","5R":"2","4Q":"2"}},"22":{"5H":{"CJ":"2"}},"8W":{"XC":{"69":"2"},"WF":{"HJ":"2","V2":"2"}},"R2":{"5X":{"H4":"2","H2":"2"},"5W":{"HM":"2","GX":"2","FV":"2","CQ":"2","FX":"2","FW":"2","CV":"2","9J":"2"}},"W9":{"62":{"G3":"2","G5":"2","G4":"2","F5":"2","F4":"2","F3":"2"},"G4":{"4H":"2"}},"CP":{"Q9":{"X4":"2","X3":"2"},"R9":{"24":"2","23":"2","33":"2","34":"2"}},"XQ":{"8C":{"5X":"2","5W":"2"},"2W":{"CH":"2","CJ":"2"},"MQ":{"4V":"2"}},"RX":{"57":{"G6":"2"},"6J":{"72":"2"},"W5":{"VC":"2","R8":"2","R7":"2","R9":"2"},"6H":{"6W":"2","5X":"2","7X":"2","5W":"2","6X":"2"}},"WW":{"Q7":{"68":"2","57":"2","5C":"2","59":"2","58":"2"},"PQ":{"9W":"2","CX":"2","8X":"2"}},"VR":{"PR":{"RR":"2","QX":"2","RX":"2","VV":"2","VQ":"2","QW":"2","WQ":"2","RW":"2","RV":"2"},"PV":{"G6":"2","Q3":"2","X3":"2","P3":"2","P4":"2","P2":"2","Q2":"2"}},"7W":{"4V":{"88":"2"}},"PX":{"G7":{"WJ":"2","XJ":"2","XH":"2","WH":"2"}},"M5":{"PP":{"24":"2","23":"2","25":"2"},"MP":{"X5":"2","X4":"2","X3":"2"},"C7":{"77":"2"},"Q7":{"C4":"2","76":"2","94":"2","74":"2","C5":"2","95":"2","75":"2"},"PF":{"CW":"2","FV":"2","FW":"2","CV":"2"},"8X":{"HR":"2","GR":"2"}},"P4":{"R3":{"MR":"2","QV":"2","QR":"2","XC":"2","RV":"2","QQ":"2","V9":"2","X9":"2","PV":"2","WF":"2","RR":"2","VF":"2","VC":"2","PR":"2","WC":"2","W9":"2"},"V4":{"QX":"2","PW":"2","QW":"2"},"G9":{"G5":"2","G4":"2","F5":"2"},"V3":{"P6":"2","V9":"2","XC":"2","R8":"2","X9":"2","W9":"2","WC":"2"},"R8":{"GQ":"2","HQ":"2","GR":"2"},"JW":{"GV":"2","FR":"2","GR":"2"},"VF":{"VC":"2","V9":"2","XC":"2","XF":"2","WF":"2","VF":"2","X9":"2","W9":"2","WC":"2"},"V2":{"MW":"2","4X":"2"},"JV":{"4P":"2","3J":"2"}},"7X":{"VP":{"89":"2"},"HX":{"FQ":"2","FP":"2","GP":"2"},"27":{"36":"2"}},"6R":{"36":{"QG":"2"}},"WM":{"R4":{"F2":"2","C2":"2"}},"C2":{"9W":{"P7":"2"},"5J":{"CH":"2","9H":"2","CJ":"2","CG":"2","FG":"2","FH":"2","9J":"2"}},"RG":{"G6":{"98":"2"},"5R":{"X5":"2","W5":"2"},"M9":{"CJ":"2","FH":"2"}},"JM":{"RG":{"F7":"2","H4":"2","V5":"2","RJ":"2","GC":"2","F9":"2","MC":"2","V2":"2","PC":"2","J3":"2","98":"2","J2":"2","F8":"2","RR":"2","C8":"2","M9":"2","RH":"2","P9":"2"},"XF":{"2W":"2","2X":"2"},"HC":{"G3":"2","F2":"2","F3":"2","G2":"2"},"VJ":{"P3":"2","M7":"2","J5":"2","M3":"2","H5":"2","M5":"2","G6":"2","W4":"2","F5":"2","X5":"2","V3":"2","P8":"2","W7":"2","Q7":"2","P5":"2","Q2":"2","X2":"2","25":"2","V4":"2","V2":"2","W6":"2","G4":"2","P4":"2","W2":"2","X6":"2","G2":"2","J3":"2","W3":"2","H3":"2","Q5":"2","V7":"2","X3":"2","R3":"2","P7":"2","Q3":"2","H4":"2","F6":"2","G3":"2","F4":"2","J2":"2","V5":"2","J6":"2","R6":"2","J4":"2","P2":"2","F2":"2","H6":"2","R4":"2","H2":"2","P6":"2","X4":"2","H7":"2","W5":"2","M6":"2","G5":"2","R7":"2","Q4":"2","F3":"2","J7":"2","M8":"2","M4":"2","M2":"2","V6":"2","R5":"2","Q8":"2","Q6":"2","R2":"2"},"WJ":{"23":"2","33":"2","32":"2","22":"2","25":"2","42":"2","34":"2","43":"2"},"VH":{"XF":"2","GF":"2","VW":"2","PW":"2","GP":"2","QQ":"2","RV":"2","XM":"2","FQ":"2","HQ":"2","PG":"2","79":"2","XP":"2","RC":"2","GW":"2","CM":"2","V9":"2","WW":"2","JV":"2","XV":"2","HP":"2","WV":"2","G7":"2","FP":"2","XJ":"2","VM":"2","86":"2","MM":"2","PX":"2","F7":"2","MQ":"2","F6":"2","C9":"2","P9":"2","GX":"2","9F":"2","RQ":"2","MC":"2","87":"2","VP":"2","WQ":"2","MG":"2","WG":"2","GR":"2","M8":"2","PC":"2","VR":"2","PM":"2","97":"2","RH":"2","QC":"2","JG":"2","RX":"2","G9":"2","JX":"2","CC":"2","WF":"2","GC":"2","88":"2","99":"2","RW":"2","HH":"2","WH":"2","QR":"2","FM":"2","PF":"2","MV":"2","HC":"2","FR":"2","C7":"2","QV":"2","XR":"2","QP":"2","HV":"2","PP":"2","FW":"2","QH":"2","JF":"2","FH":"2","GQ":"2","RR":"2","MW":"2","85":"2","J8":"2","JM":"2","F8":"2","98":"2","WR":"2","WX":"2","78":"2","GH":"2","PR":"2","CG":"2","JP":"2","VC":"2","JQ":"2","GV":"2","HR":"2","QW":"2","VV":"2","G8":"2","FF":"2","96":"2","RJ":"2","FC":"2","RP":"2","76":"2","WM":"2","GJ":"2","RM":"2","CJ":"2","JR":"2","VG":"2","PQ":"2","PV":"2","CF":"2","Q9":"2","WJ":"2","XQ":"2","FX":"2","JW":"2","VH":"2","QJ":"2","MX":"2","FG":"2","89":"2","C6":"2","WC":"2","H9":"2","HX":"2","9C":"2","77":"2","MR":"2","HG":"2","MP":"2","PJ":"2","XG":"2","HJ":"2","8C":"2","RF":"2","QM":"2","XX":"2","VX":"2","WP":"2","MH":"2","JH":"2","H8":"2","QX":"2","HW":"2","94":"2","MF":"2","J9":"2","C5":"2","P8":"2","PH":"2","HF":"2","QG":"2","FJ":"2","HM":"2","VQ":"2","XH":"2","XW":"2","F9":"2","VF":"2","MJ":"2","GM":"2","M9":"2","FV":"2","RG":"2","JC":"2","95":"2","VJ":"2","QF":"2","JJ":"2","C8":"2","GG":"2"},"WH":{"4W":"2","4J":"2","4P":"2","3H":"2","2G":"2","2H":"2","3M":"2","5V":"2","2W":"2","5X":"2","2P":"2","6R":"2","2M":"2","2Q":"2","4Q":"2","2R":"2","4X":"2","2J":"2","4V":"2","6P":"2","5Q":"2","3R":"2","5M":"2","5R":"2","3W":"2","3V":"2","3J":"2","5P":"2","5W":"2","6Q":"2","6V":"2","4M":"2","3Q":"2","3P":"2","3X":"2","2V":"2","2X":"2","4R":"2"},"RF":{"FF":"2","VR":"2","RW":"2","VV":"2","FH":"2","RV":"2","FG":"2","GG":"2","RX":"2","GH":"2","RR":"2","GF":"2","VX":"2","VW":"2"},"WF":{"7C":"2","2G":"2","58":"2","6C":"2","3G":"2","VR":"2","RX":"2","8H":"2","48":"2","XW":"2","9F":"2","47":"2","68":"2","7G":"2","WX":"2","8M":"2","7H":"2","4C":"2","5G":"2","5C":"2","49":"2","WR":"2","7M":"2","7F":"2","9C":"2","CM":"2","6F":"2","6M":"2","QW":"2","5J":"2","XX":"2","RW":"2","CH":"2","FG":"2","WW":"2","79":"2","XV":"2","6J":"2","9M":"2","8C":"2","FF":"2","CJ":"2","59":"2","QV":"2","4G":"2","7J":"2","WV":"2","FH":"2","8F":"2","57":"2","4F":"2","4H":"2","5F":"2","9G":"2","39":"2","VV":"2","2F":"2","3H":"2","89":"2","78":"2","8P":"2","QX":"2","5H":"2","9H":"2","VX":"2","CG":"2","RV":"2","6H":"2","69":"2","8J":"2","3C":"2","8G":"2","3F":"2","6G":"2","CF":"2","VW":"2","38":"2","9J":"2","9P":"2"},"XG":{"22":"2"},"QP":{"WR":"2"},"WG":{"R2":"2","R3":"2","X4":"2","V4":"2","X3":"2","X2":"2","V3":"2","W3":"2","V2":"2","W2":"2","W4":"2","Q2":"2"}},"M2":{"WX":{"7M":"2","7P":"2","6J":"2","6M":"2","6P":"2"},"XW":{"V4":"2","V3":"2"},"VM":{"WH":"2"}},"3W":{"6R":{"5G":"2"},"PH":{"6C":"2","6F":"2","7F":"2","7C":"2","99":"2"},"MW":{"FC":"2"},"XM":{"GH":"2","FJ":"2","FH":"2","FG":"2"},"RH":{"5H":"2","6J":"2","6H":"2","5J":"2"},"JX":{"V8":"2"}},"39":{"Q6":{"QM":"2"}},"52":{"P9":{"3G":"2","4G":"2"}},"XF":{"P5":{"8V":"2","CP":"2"},"FP":{"XF":"2"},"RG":{"CV":"2"},"2C":{"RQ":"2","VM":"2","QQ":"2"},"GP":{"4H":"2","4J":"2"},"JF":{"37":"2"},"58":{"83":"2"}},"PC":{"4J":{"2F":"2"},"QV":{"QC":"2","P6":"2","Q7":"2","P7":"2","WG":"2","WJ":"2","XF":"2","Q9":"2","H3":"2","WH":"2"},"46":{"WG":"2","XG":"2","XF":"2","WF":"2"},"RV":{"3P":"2","4P":"2","2G":"2","2F":"2"},"39":{"Q6":"2","P8":"2","PF":"2","R8":"2","QC":"2","Q9":"2","PC":"2","RF":"2","Q8":"2","R9":"2","R7":"2","P7":"2","P6":"2","QF":"2","RC":"2","Q7":"2","P9":"2"}},"VC":{"68":{"JJ":"2","JM":"2"},"V4":{"2J":"2"},"Q4":{"PG":"2","RG":"2","QG":"2","QF":"2"},"R4":{"39":"2","GH":"2","F6":"2","57":"2","38":"2","XM":"2","WM":"2","WP":"2","48":"2","C6":"2","F5":"2","47":"2","C5":"2","XP":"2","PH":"2","37":"2","49":"2","59":"2","XJ":"2"},"73":{"FQ":"2","HJ":"2","HP":"2","CQ":"2","HM":"2","FJ":"2","CM":"2","CH":"2","FH":"2","CJ":"2","GH":"2","FM":"2","CP":"2","FP":"2","GJ":"2","GQ":"2","GM":"2","GP":"2"}},"V2":{"PJ":{"VV":"2"},"XC":{"7Q":"2","7C":"2","2P":"2","58":"2","GV":"2","8H":"2","6Q":"2","9F":"2","47":"2","68":"2","7G":"2","8M":"2","6R":"2","7H":"2","4C":"2","27":"2","5G":"2","49":"2","7M":"2","3P":"2","CQ":"2","9C":"2","6M":"2","C9":"2","2H":"2","5P":"2","JV":"2","CC":"2","7P":"2","79":"2","6J":"2","7R":"2","6P":"2","4J":"2","87":"2","CJ":"2","5M":"2","7J":"2","9Q":"2","76":"2","HV":"2","2J":"2","3H":"2","89":"2","8P":"2","9R":"2","5Q":"2","9H":"2","3Q":"2","6H":"2","2M":"2","69":"2","8J":"2","8G":"2","3F":"2","CF":"2"},"6M":{"XH":"2"},"X9":{"5W":"2"},"WC":{"QC":"2"}},"9H":{"VM":{"3G":"2","4G":"2","4F":"2","3F":"2"}},"5W":{"37":{"C3":"2"}},"VJ":{"C6":{"CG":"2"}},"7P":{"34":{"2F":"2"},"VH":{"GF":"2","F7":"2"}},"PH":{"9V":{"7X":"2","6X":"2"},"R9":{"F8":"2","G9":"2","F9":"2"},"9W":{"62":"2"}},"W7":{"CP":{"HJ":"2"},"45":{"PC":"2"}},"XR":{"CJ":{"53":"2"},"P9":{"35":"2","27":"2","25":"2","26":"2"},"88":{"4R":"2"}},"23":{"2Q":{"58":"2"},"X7":{"HM":"2"}},"WG":{"C7":{"7R":"2"},"X2":{"27":"2","2F":"2","29":"2"},"CX":{"CF":"2","9F":"2"},"W2":{"XC":"2","X9":"2"}},"7M":{"GW":{"97":"2"}},"42":{"G3":{"Q7":"2"},"G4":{"3G":"2","3H":"2"},"C2":{"WX":"2"},"C3":{"W2":"2"},"F4":{"R5":"2","R4":"2"},"F3":{"WR":"2","WV":"2","VV":"2","VR":"2"}},"46":{"73":{"XC":"2"}},"W4":{"Q9":{"9F":"2","3M":"2"},"4W":{"JP":"2"}},"VF":{"6R":{"8F":"2","9F":"2"},"2R":{"7J":"2"},"58":{"X2":"2"}},"RQ":{"X5":{"RX":"2","VX":"2"},"X6":{"R2":"2","V3":"2","V2":"2"},"XW":{"HG":"2","FH":"2"},"77":{"9C":"2","9F":"2","FF":"2"}},"GR":{"HP":{"JQ":"2","JH":"2","HJ":"2","HP":"2","JG":"2","HM":"2","JR":"2","JM":"2","HQ":"2","MP":"2","MQ":"2","HH":"2","MJ":"2","MG":"2","JF":"2","JJ":"2","JP":"2","MM":"2","MH":"2"},"HC":{"GX":"2"},"39":{"6R":"2"}},"QW":{"2W":{"7H":"2"}},"P8":{"72":{"7M":"2","8P":"2","7P":"2","WP":"2","VP":"2","HX":"2","VQ":"2","JX":"2","WQ":"2","8M":"2"},"62":{"QC":"2","PC":"2","Q9":"2","P9":"2"},"R8":{"QJ":"2","RG":"2","RH":"2","RJ":"2","VJ":"2","VH":"2","QH":"2"},"83":{"C7":"2","J5":"2","28":"2","H5":"2","F9":"2","3M":"2","2C":"2","J3":"2","H3":"2","43":"2","29":"2","F8":"2","H4":"2","42":"2","J4":"2","3J":"2","CC":"2","C9":"2","C8":"2","F7":"2","FC":"2"},"5V":{"QV":"2","QR":"2","RW":"2","RV":"2","RQ":"2","8J":"2","QQ":"2","5H":"2","5G":"2","7J":"2","XM":"2","RR":"2","7H":"2","6J":"2","5J":"2","7M":"2","8M":"2","QP":"2","6H":"2"},"82":{"4P":"2","JH":"2","8R":"2","VJ":"2","WJ":"2","VH":"2","WH":"2","JJ":"2","5J":"2","3P":"2","3Q":"2","4Q":"2","2W":"2"},"93":{"57":"2","4W":"2","3W":"2","59":"2","49":"2","58":"2","48":"2"},"74":{"X5":"2","X4":"2"},"73":{"P7":"2","G3":"2","J2":"2","J3":"2","M8":"2","H3":"2","86":"2","H2":"2","M7":"2","P8":"2"}},"9V":{"6C":{"97":"2","96":"2","86":"2","87":"2"},"98":{"79":"2","89":"2","99":"2"},"8R":{"W8":"2","X8":"2"},"99":{"FQ":"2","HJ":"2","GC":"2","CQ":"2","HC":"2","HM":"2","MC":"2","7W":"2","CM":"2","V8":"2","HH":"2","GG":"2","9M":"2","GH":"2","V9":"2","FM":"2","9W":"2","HF":"2","CP":"2","9P":"2","GF":"2","MF":"2","9Q":"2","VC":"2","FP":"2","CW":"2","GJ":"2","JC":"2","GQ":"2","GM":"2","GP":"2","HG":"2","8W":"2"}},"XJ":{"9H":{"PJ":"2","VH":"2","RP":"2","MJ":"2","PH":"2","MM":"2","RM":"2"},"X3":{"W8":"2","R8":"2","G9":"2","X9":"2","MH":"2","RG":"2","JF":"2","MG":"2","PC":"2","V7":"2","MJ":"2","HH":"2","GF":"2","WJ":"2","M5":"2","M6":"2","H8":"2","XH":"2","J4":"2","X8":"2","HF":"2","W9":"2","FG":"2","VF":"2","HC":"2","J6":"2","JH":"2","FC":"2","RF":"2","JC":"2","WF":"2","XJ":"2","HR":"2","J7":"2","M2":"2","J9":"2","CG":"2","J5":"2","HG":"2","QG":"2","Q8":"2","J8":"2","P4":"2","H2":"2","WM":"2","MC":"2","H5":"2","H9":"2"},"X2":{"HX":"2"},"22":{"PR":"2","JQ":"2","MQ":"2"},"X6":{"JR":"2"}},"PP":{"JW":{"8C":"2","9C":"2","99":"2"}},"3X":{"9W":{"R6":"2"},"JX":{"9R":"2","CP":"2","HR":"2","9P":"2","7W":"2","CV":"2"},"W6":{"H2":"2"}},"WQ":{"4P":{"F8":"2","C7":"2","F9":"2"},"84":{"G5":"2","G4":"2"},"PX":{"XX":"2","XW":"2"},"HC":{"RR":"2","PJ":"2"}},"RF":{"XG":{"V5":"2"}},"FP":{"X9":{"F7":"2","G7":"2"},"H7":{"JH":"2"},"W4":{"CJ":"2","CM":"2"},"GR":{"CR":"2"},"FW":{"M4":"2","J2":"2","M3":"2"}},"Q4":{"5H":{"R7":"2","88":"2"},"7F":{"3P":"2"}},"XG":{"3C":{"5X":"2"},"VV":{"4P":"2"},"7W":{"J6":"2","J5":"2"},"J6":{"7V":"2","7X":"2"},"M7":{"7R":"2","7Q":"2"}},"QP":{"RR":{"H6":"2","G9":"2","H9":"2","G8":"2","H7":"2"},"H9":{"57":"2","67":"2","47":"2","46":"2","58":"2","48":"2"}},"H5":{"X2":{"GW":"2","2V":"2","8R":"2"},"P2":{"GF":"2","HF":"2","GC":"2","GG":"2","HG":"2","FC":"2","FF":"2"}},"V9":{"9R":{"28":"2"},"4G":{"G4":"2","F4":"2"},"9P":{"MW":"2","9X":"2","RM":"2","QQ":"2","GW":"2","VR":"2","GX":"2","QV":"2","9W":"2","VP":"2","VM":"2","FW":"2","RR":"2","FV":"2","PV":"2","PX":"2","PW":"2","CV":"2","VQ":"2","MX":"2","RQ":"2","PR":"2","HX":"2","QW":"2","QR":"2","CW":"2","CX":"2","FX":"2","HW":"2","RP":"2"},"4F":{"6H":"2","6G":"2"},"2M":{"FM":"2","FP":"2"},"HQ":{"CH":"2"},"9Q":{"P3":"2","75":"2","97":"2","77":"2","C2":"2","F9":"2","Q2":"2","76":"2","G4":"2","96":"2","93":"2","G2":"2","95":"2","78":"2","86":"2","85":"2","G3":"2","F4":"2","C3":"2","87":"2","98":"2","P2":"2","F2":"2","C4":"2","CC":"2","C9":"2","92":"2","FF":"2","88":"2","CG":"2","F3":"2","M2":"2","FC":"2","CF":"2"}},"3V":{"55":{"3Q":"2","3P":"2","4R":"2","4P":"2","4Q":"2"},"45":{"RG":"2","QG":"2","HJ":"2","RJ":"2","HM":"2","VJ":"2","WJ":"2","8V":"2","QJ":"2","MJ":"2","7R":"2","PG":"2","WH":"2","RF":"2","JJ":"2","QH":"2","7V":"2","PH":"2","QF":"2","RH":"2"},"46":{"6C":"2","6F":"2","7F":"2","7C":"2"}},"6V":{"FX":{"QG":"2","WJ":"2","WH":"2"}},"WX":{"3G":{"QV":"2"},"5V":{"2W":"2","4M":"2","4P":"2","2V":"2","2X":"2","3X":"2","3W":"2","2R":"2"},"44":{"3P":"2","2H":"2","2G":"2","2V":"2","3W":"2","3M":"2"},"WG":{"XM":"2","XP":"2"},"5R":{"J6":"2","J5":"2"},"H9":{"J2":"2","J3":"2"},"H8":{"MW":"2","MX":"2"},"QV":{"9G":"2","CG":"2"},"5W":{"32":"2"},"4V":{"XV":"2","WR":"2","XR":"2","WQ":"2"}},"8Q":{"Q6":{"88":"2"}},"RR":{"97":{"62":"2","97":"2","H5":"2","G6":"2","F5":"2","C2":"2","84":"2","52":"2","63":"2","G4":"2","94":"2","93":"2","G2":"2","J3":"2","53":"2","86":"2","85":"2","H4":"2","F4":"2","F6":"2","G3":"2","J4":"2","C5":"2","98":"2","F2":"2","H6":"2","92":"2","F3":"2","82":"2"},"PG":{"7G":"2","8G":"2","6H":"2"},"96":{"7R":"2","9X":"2","4R":"2","4P":"2","HW":"2","6Q":"2","5Q":"2","HV":"2","7W":"2","6V":"2","HX":"2","GX":"2","5W":"2","GR":"2","6X":"2","4V":"2","8X":"2"}},"CQ":{"22":{"P6":"2"}},"FX":{"8Q":{"4X":"2"},"8P":{"J9":"2"},"6C":{"GR":"2"},"7W":{"2V":"2"}},"6P":{"RW":{"XV":"2"}},"VX":{"VC":{"3G":"2","4G":"2","3F":"2"},"2F":{"CH":"2","9H":"2","CF":"2","CJ":"2","CG":"2"}},"R6":{"5C":{"8G":"2","5X":"2","6X":"2"}},"X5":{"M7":{"MW":"2"},"JH":{"GV":"2","GW":"2","HR":"2","GX":"2"},"28":{"PX":"2"},"JG":{"H6":"2","H7":"2","GC":"2","HC":"2","JG":"2","J8":"2","HH":"2","H8":"2","HF":"2","G9":"2","JC":"2","HG":"2"},"MQ":{"55":"2"},"92":{"9P":"2"},"39":{"3F":"2"},"29":{"G8":"2","G7":"2","RM":"2","C7":"2","M5":"2","G9":"2","F9":"2","5C":"2","59":"2","5G":"2","H9":"2","J3":"2","78":"2","86":"2","F8":"2","JF":"2","CC":"2","5F":"2","C8":"2","F7":"2","8C":"2","FC":"2"},"M8":{"H2":"2"},"57":{"MR":"2","MQ":"2"},"23":{"9C":"2"},"JF":{"62":"2","F2":"2","5Q":"2"},"74":{"FC":"2"},"JC":{"JV":"2","FW":"2"}},"P7":{"7V":{"2W":"2","2X":"2"},"6W":{"X2":"2"},"7W":{"22":"2"},"6V":{"XX":"2","XW":"2"}},"FW":{"W7":{"35":"2","34":"2"},"P5":{"RX":"2"},"PG":{"95":"2"},"Q7":{"RG":"2","HJ":"2","WJ":"2","VH":"2","CH":"2","WH":"2","RF":"2","XH":"2","XG":"2","WG":"2","XJ":"2"},"PF":{"MP":"2","MM":"2","JM":"2","JP":"2"},"R6":{"2W":"2","4F":"2","4W":"2","3X":"2","3V":"2","3F":"2"},"R7":{"2J":"2","2H":"2","2G":"2"},"V5":{"2C":"2"},"Q6":{"54":"2"}},"CX":{"XV":{"VX":"2"},"45":{"WP":"2","VP":"2","VQ":"2"},"XW":{"85":"2"}},"2X":{"FR":{"2G":"2"},"7M":{"WM":"2"},"WJ":{"R5":"2","X4":"2"},"RJ":{"G2":"2"}},"X3":{"PH":{"5C":"2","6M":"2","5F":"2","4F":"2","59":"2"},"MG":{"W5":"2"},"8H":{"G9":"2","F2":"2","C3":"2","GC":"2","F3":"2","FW":"2","HC":"2"},"H3":{"M2":"2","RV":"2"}},"RV":{"R5":{"2X":"2"},"2Q":{"VR":"2"},"H7":{"9R":"2","9P":"2","9Q":"2"},"99":{"28":"2","29":"2","39":"2"}},"M8":{"WX":{"68":"2","67":"2","5C":"2","6C":"2","79":"2","6F":"2","59":"2","78":"2","69":"2","77":"2"}},"XX":{"JH":{"9Q":"2"},"G5":{"35":"2"},"WC":{"6W":"2","6X":"2"}},"RH":{"3G":{"RX":"2","RW":"2","RV":"2"},"W3":{"GP":"2"}},"9W":{"2R":{"2R":"2"}},"9Q":{"V7":{"87":"2"}},"RP":{"F4":{"72":"2","73":"2"}},"Q3":{"XH":{"57":"2","33":"2","36":"2","37":"2","34":"2"},"VJ":{"8W":"2"},"WH":{"RH":"2"},"RP":{"97":"2","88":"2"}},"R4":{"33":{"HW":"2","HV":"2","GP":"2","HR":"2","GM":"2","GJ":"2","GQ":"2","HX":"2","HQ":"2","FF":"2"},"32":{"HM":"2","HJ":"2","FQ":"2","HP":"2","GQ":"2"},"MP":{"5P":"2","6C":"2","5M":"2","6F":"2"},"PW":{"XV":"2","WR":"2","WV":"2","WW":"2","VX":"2","VR":"2","VW":"2","VQ":"2","WQ":"2"},"6X":{"7H":"2","7J":"2","8H":"2"},"PX":{"MP":"2","MM":"2","JM":"2","JP":"2"},"Q2":{"JH":"2","GJ":"2","J6":"2","H5":"2","JC":"2"}},"XV":{"GP":{"FP":"2","GQ":"2","GR":"2"}},"GH":{"C6":{"GV":"2","HV":"2"}},"XC":{"XM":{"X8":"2","W5":"2","W8":"2","W6":"2","V7":"2","Q9":"2","R2":"2","V9":"2","W7":"2"},"XJ":{"PW":"2","MV":"2"},"7W":{"55":"2","44":"2","65":"2"},"RW":{"VC":"2","V9":"2","R8":"2","R9":"2","RC":"2","V8":"2"},"34":{"R4":"2"}},"GV":{"72":{"JQ":"2","PJ":"2"},"57":{"PW":"2","PX":"2"},"8J":{"QC":"2","PC":"2","MC":"2","PF":"2","J8":"2","Q9":"2","M8":"2","M9":"2","P9":"2","J9":"2","J6":"2","H7":"2","J7":"2","P8":"2","M7":"2"},"9M":{"2W":"2","2V":"2"},"69":{"CH":"2","9H":"2","H9":"2","CG":"2","HC":"2"}},"WH":{"5H":{"6R":"2"},"2J":{"4W":"2","4P":"2","3M":"2","5V":"2","2W":"2","5X":"2","2P":"2","2M":"2","2Q":"2","4Q":"2","2R":"2","2J":"2","4V":"2","6P":"2","5Q":"2","3R":"2","6X":"2","3W":"2","3V":"2","5W":"2","6Q":"2","6V":"2","3P":"2","3X":"2","2X":"2"},"W5":{"X6":"2"},"5Q":{"C9":"2","F9":"2"},"7W":{"3J":"2"},"2M":{"62":"2","54":"2","42":"2","53":"2","43":"2"}},"VW":{"6H":{"GF":"2","F9":"2","H9":"2","GG":"2","HC":"2"}},"4W":{"W8":{"XR":"2"},"X3":{"GV":"2","HX":"2"},"7W":{"93":"2","94":"2","83":"2","84":"2"},"H9":{"HG":"2"},"P9":{"FP":"2","9M":"2"},"9M":{"76":"2","75":"2"}},"JC":{"65":{"VG":"2","VF":"2"},"74":{"27":"2"}},"RW":{"R3":{"6R":"2","6V":"2"},"C7":{"5P":"2","5M":"2"},"5M":{"FV":"2","FW":"2","CV":"2"}},"G9":{"MR":{"74":"2","34":"2"}},"VG":{"VP":{"72":"2"},"VM":{"7X":"2"}},"CW":{"RC":{"88":"2","87":"2"}},"J8":{"7V":{"24":"2","G7":"2","R7":"2","86":"2","77":"2"},"88":{"VC":"2","V9":"2","R8":"2","R9":"2","RC":"2","WC":"2","V8":"2"}},"PR":{"WQ":{"G3":"2","F2":"2","G2":"2"}},"F2":{"CX":{"G7":"2"}},"CM":{"P9":{"82":"2"},"P8":{"QM":"2","MW":"2","PM":"2"}},"VH":{"XM":{"M2":"2","Q2":"2","W4":"2","X4":"2","V2":"2","P2":"2","W2":"2","V4":"2","R2":"2","J2":"2","W3":"2","J4":"2","M4":"2"},"XJ":{"PV":"2","PM":"2","WG":"2","XW":"2","VP":"2","MJ":"2","WR":"2","PF":"2","XG":"2","VG":"2","PX":"2","QW":"2","PH":"2","HQ":"2","JV":"2","WW":"2","PW":"2","XV":"2","PJ":"2","QJ":"2","PR":"2","XP":"2","HX":"2","HR":"2","WV":"2","HM":"2","PQ":"2","XM":"2","MQ":"2","QF":"2","QR":"2","VM":"2","QX":"2","WQ":"2","PG":"2","WP":"2","JW":"2","JQ":"2","RM":"2","JX":"2","RJ":"2","WM":"2","VW":"2","HP":"2"}},"H2":{"56":{"9V":"2","9R":"2","8V":"2","7W":"2","6X":"2","9W":"2","6W":"2","7X":"2","8W":"2"},"57":{"79":"2","GJ":"2"},"9Q":{"JH":"2","MP":"2","JJ":"2","MM":"2","MJ":"2","PM":"2"},"CV":{"JW":"2","MR":"2","JR":"2"}},"3G":{"92":{"X6":"2"}},"GM":{"G6":{"6Q":"2"},"7W":{"CJ":"2"}},"QV":{"P5":{"5C":"2","6C":"2","5F":"2","5G":"2"},"5P":{"63":"2","64":"2","54":"2","53":"2"},"C5":{"36":"2"},"8X":{"PR":"2","MR":"2","PV":"2","PQ":"2","MV":"2"},"P8":{"PW":"2"}},"WC":{"HC":{"XV":"2"}},"M3":{"6R":{"8Q":"2","8P":"2","7P":"2","7Q":"2"},"W7":{"GH":"2"},"W8":{"7H":"2","66":"2","6H":"2","6M":"2","GC":"2","6P":"2"},"54":{"3C":"2"},"XG":{"GH":"2"}},"GG":{"FV":{"FJ":"2","8W":"2","7X":"2","FH":"2","FG":"2","8X":"2"}},"XM":{"85":{"M3":"2"},"P7":{"G9":"2","H9":"2"},"5R":{"X5":"2"},"WQ":{"3Q":"2","3P":"2","4Q":"2"},"MQ":{"CH":"2","CJ":"2","CM":"2"}},"W3":{"RG":{"8Q":"2","5P":"2","7Q":"2","6P":"2"}},"V4":{"QR":{"55":"2","54":"2","66":"2","65":"2","84":"2","73":"2"},"V2":{"G4":"2"},"QQ":{"7X":"2"}},"JW":{"2C":{"6C":"2","6F":"2"}},"6X":{"GX":{"WJ":"2"}},"5V":{"4H":{"MP":"2"},"22":{"7G":"2","7H":"2","47":"2","6F":"2","26":"2"},"4W":{"PH":"2","JQ":"2","QG":"2","GG":"2"},"27":{"RF":"2","VF":"2"},"4Q":{"PR":"2"}},"XH":{"4P":{"49":"2","48":"2"},"QW":{"J2":"2"}},"P3":{"G4":{"2V":"2"},"J9":{"3C":"2","85":"2","2R":"2"}},"V7":{"9P":{"H5":"2"}},"PJ":{"4F":{"97":"2","96":"2","87":"2"}},"94":{"3P":{"C2":"2","C3":"2"}},"MF":{"VQ":{"XM":"2"},"XH":{"HJ":"2","GH":"2","HH":"2"}},"CG":{"78":{"36":"2"}},"M4":{"RG":{"H4":"2","J3":"2","H3":"2"},"PJ":{"XM":"2"},"QG":{"G8":"2","P3":"2","G9":"2","W4":"2","X5":"2","P8":"2","M9":"2","Q7":"2","P9":"2","Q2":"2","V4":"2","W6":"2","X6":"2","MC":"2","P7":"2","V5":"2","P2":"2","X4":"2","W5":"2","PC":"2","Q8":"2","Q6":"2"},"CM":{"J4":"2","J3":"2"},"QJ":{"63":"2","77":"2","66":"2","QR":"2","76":"2","VV":"2","RV":"2","RQ":"2","54":"2","85":"2","67":"2","75":"2","QQ":"2","55":"2","RR":"2","78":"2","74":"2","65":"2","84":"2","64":"2","2M":"2","68":"2"},"FH":{"7M":"2","7P":"2"},"29":{"PQ":"2"},"RF":{"3Q":"2","3P":"2","2W":"2","2Q":"2","2X":"2","2P":"2"},"R9":{"43":"2"},"GV":{"G7":"2","G8":"2"},"R7":{"PW":"2","QW":"2"},"26":{"RG":"2"},"QF":{"XW":"2","XX":"2","XV":"2","RW":"2","VV":"2","WV":"2","QW":"2","WW":"2"},"QP":{"R2":"2","R3":"2","V3":"2","V2":"2"}},"PW":{"RM":{"35":"2","25":"2"},"QM":{"X4":"2"}},"X8":{"68":{"R6":"2","RP":"2"}},"WF":{"PR":{"38":"2"},"8G":{"38":"2","47":"2","28":"2","37":"2"},"WJ":{"6W":"2","6X":"2"},"HH":{"H2":"2"},"XX":{"M7":"2","97":"2","MF":"2","M5":"2","P8":"2","P5":"2","26":"2","C6":"2","76":"2","96":"2","H8":"2","Q5":"2","65":"2","V7":"2","78":"2","86":"2","85":"2","F6":"2","R6":"2","55":"2","87":"2","98":"2","68":"2","RC":"2","CC":"2","99":"2","C9":"2","89":"2","C8":"2","88":"2","H7":"2","F7":"2","9C":"2","7C":"2","V6":"2","9F":"2"},"XW":{"7P":"2"},"W4":{"XV":"2","WR":"2","WV":"2","QM":"2"}},"P6":{"CR":{"5X":"2","8R":"2","9V":"2","9R":"2","8V":"2","7W":"2","6X":"2","7Q":"2","5W":"2","7R":"2","9W":"2","6W":"2","6V":"2","7V":"2","7X":"2","8W":"2"},"9R":{"QM":"2","Q8":"2","Q9":"2","PM":"2"},"9V":{"PH":"2","PG":"2","PF":"2"},"9X":{"M4":"2","P3":"2","M3":"2","P4":"2"},"8V":{"FP":"2","G9":"2","P9":"2","P8":"2"},"CP":{"5P":"2","4P":"2","4Q":"2"},"CJ":{"FR":"2","CR":"2","CQ":"2"},"CM":{"8Q":"2","7Q":"2"},"94":{"H4":"2","H6":"2","H5":"2","H7":"2"},"9W":{"MH":"2","PH":"2","P5":"2","PG":"2","P6":"2","P7":"2","PJ":"2","MJ":"2"},"CW":{"F4":"2","H2":"2"},"CQ":{"36":"2"},"9Q":{"RG":"2","RH":"2"},"FW":{"63":"2","62":"2","3F":"2","2C":"2","53":"2","2F":"2","3C":"2","52":"2"},"CV":{"62":"2"}},"WV":{"JJ":{"V6":"2"},"69":{"9H":"2"}},"G4":{"W5":{"5J":"2"}},"P5":{"GH":{"Q3":"2"},"J2":{"MC":"2"}},"25":{"3F":{"27":"2"}},"VP":{"9G":{"4G":"2","5G":"2"},"MX":{"2X":"2"},"JX":{"XX":"2"}},"8P":{"9V":{"X5":"2"},"9W":{"R5":"2","R6":"2"},"CW":{"72":"2","7G":"2","35":"2","33":"2","32":"2","44":"2","8F":"2","7F":"2","34":"2","43":"2"}},"JF":{"QJ":{"85":"2","96":"2","94":"2","95":"2","84":"2"},"X5":{"2R":"2","2M":"2"},"W5":{"WV":"2","WP":"2","QR":"2","RF":"2","VG":"2","WJ":"2","XG":"2","RH":"2","XP":"2","VQ":"2","WH":"2"}},"X6":{"42":{"6R":"2","5V":"2","6Q":"2","4W":"2","5W":"2","4Q":"2"},"6G":{"56":"2","55":"2","64":"2","54":"2","66":"2","65":"2","52":"2","53":"2"},"4F":{"8C":"2","9C":"2","89":"2","99":"2"},"78":{"5V":"2"},"6V":{"44":"2"},"P7":{"G7":"2","J5":"2","GF":"2","73":"2","GR":"2","V3":"2","84":"2","63":"2","C6":"2","76":"2","GJ":"2","96":"2","H8":"2","9J":"2","H9":"2","83":"2","65":"2","HH":"2","8W":"2","86":"2","F8":"2","5Q":"2","FH":"2","87":"2","C5":"2","98":"2","99":"2","CC":"2","C9":"2","89":"2","C8":"2","88":"2","RG":"2","CG":"2","9H":"2","F7":"2","CW":"2","9C":"2","FC":"2","72":"2","82":"2"},"P6":{"QR":"2","JR":"2","8X":"2","7W":"2","6X":"2","7Q":"2","RX":"2","6P":"2","8W":"2"},"7P":{"5V":"2"},"Q7":{"R5":"2"}},"P2":{"66":{"7M":"2","63":"2","76":"2","65":"2","52":"2"},"2Q":{"9X":"2","8X":"2","7V":"2","7Q":"2","9W":"2","7R":"2","7W":"2","5X":"2","8Q":"2","6R":"2","8R":"2","8W":"2","6W":"2","6X":"2","8V":"2","5W":"2","6V":"2","9V":"2","7X":"2"},"6C":{"55":"2","65":"2","29":"2"},"6Q":{"86":"2","76":"2","85":"2","75":"2","87":"2","74":"2","84":"2"},"89":{"QM":"2","PM":"2"},"54":{"F7":"2"},"55":{"M8":"2"},"69":{"C6":"2","CJ":"2","96":"2","CM":"2","9M":"2"},"53":{"CR":"2","CH":"2","82":"2","CP":"2","CM":"2","95":"2"},"5C":{"R5":"2","88":"2","78":"2","87":"2","R4":"2","77":"2"},"4C":{"XV":"2","WV":"2","WW":"2","XW":"2"},"2R":{"63":"2","C4":"2","72":"2","62":"2","95":"2","C2":"2","92":"2","54":"2","83":"2","85":"2","94":"2","75":"2","C3":"2","82":"2","53":"2","93":"2","74":"2","65":"2","84":"2","52":"2","73":"2","64":"2"},"5P":{"G6":"2","H6":"2","G7":"2","F9":"2","FC":"2","H7":"2"},"52":{"72":"2","8X":"2","83":"2","J9":"2","85":"2","J3":"2","8F":"2","82":"2","74":"2","84":"2","73":"2"}},"RJ":{"2G":{"8F":"2"},"MQ":{"WW":"2","VV":"2","VW":"2"},"J7":{"4H":"2"}},"QX":{"HC":{"3P":"2"}},"WP":{"G7":{"8V":"2"}},"R8":{"WF":{"H4":"2","J4":"2","H3":"2"},"R4":{"VP":"2","VM":"2"},"G2":{"C3":"2"}},"G3":{"H6":{"5P":"2","5Q":"2","5M":"2","6P":"2"},"H7":{"C9":"2","7H":"2","7J":"2","C8":"2","CC":"2"},"G3":{"3R":"2","2V":"2","2R":"2","3V":"2"},"J8":{"5H":"2","4H":"2","4G":"2","5F":"2","4F":"2","5G":"2"},"F3":{"CX":"2","CW":"2","FX":"2","FW":"2"},"F6":{"WX":"2"},"H8":{"M6":"2","35":"2","85":"2","44":"2","C2":"2","66":"2","76":"2","C3":"2","65":"2","45":"2","36":"2","46":"2","J6":"2","86":"2","75":"2","34":"2","M7":"2"},"G7":{"XF":"2","P8":"2","R2":"2","QW":"2","PV":"2","WF":"2","PW":"2","PX":"2","XG":"2","WG":"2","QX":"2","P9":"2"},"G8":{"X8":"2","77":"2","66":"2","76":"2","67":"2","X9":"2","5C":"2","4C":"2"},"H2":{"86":"2","8P":"2","95":"2","85":"2","9M":"2","8Q":"2","CP":"2","9P":"2","96":"2","9Q":"2","8M":"2"},"G6":{"6H":"2","RX":"2","VX":"2","VW":"2","RW":"2","RV":"2","6G":"2"}},"WR":{"XG":{"PV":"2","MV":"2"},"VX":{"C3":"2","F6":"2"},"4Q":{"77":"2"}},"V5":{"HM":{"HM":"2","JQ":"2","HP":"2","FP":"2","HW":"2","GP":"2","GM":"2","MM":"2","GQ":"2","HQ":"2"},"VR":{"PC":"2","P9":"2"},"VH":{"99":"2","89":"2","9C":"2","CF":"2","9F":"2","87":"2","8C":"2"}},"4X":{"72":{"4F":"2","4C":"2","49":"2"},"68":{"V2":"2","W2":"2"},"67":{"WX":"2","VX":"2","XX":"2","XW":"2"},"59":{"55":"2","54":"2","44":"2","45":"2"}},"R7":{"4P":{"PM":"2"},"V5":{"FF":"2","M6":"2","GC":"2","M5":"2","FG":"2","GG":"2","CF":"2","CG":"2","GF":"2","P7":"2","P6":"2"}},"4V":{"X2":{"P5":"2"}},"JJ":{"9V":{"XM":"2","XP":"2"}},"H3":{"QV":{"P9":"2"}},"6Q":{"4R":{"P3":"2"},"H8":{"FR":"2"},"4Q":{"JX":"2"}},"G2":{"JV":{"24":"2","23":"2","33":"2","22":"2","25":"2","26":"2","43":"2"},"XF":{"36":"2","37":"2"},"HM":{"RM":"2","QM":"2","QP":"2","RQ":"2","VP":"2","RP":"2"},"MX":{"F5":"2","F6":"2","C5":"2"},"HW":{"VC":"2","V9":"2","M3":"2","M2":"2","V8":"2"},"FR":{"QR":"2","RP":"2","RQ":"2","QM":"2","QQ":"2","QP":"2","RM":"2"},"HX":{"F8":"2","F9":"2"},"93":{"93":"2","64":"2","65":"2","74":"2","92":"2","75":"2"},"HV":{"X5":"2","X4":"2","X3":"2","X2":"2","X6":"2","W6":"2"},"QF":{"QR":"2"}},"C7":{"FM":{"8X":"2"}},"RM":{"CH":{"M6":"2"},"WJ":{"Q8":"2"},"8W":{"55":"2","65":"2","52":"2","53":"2","43":"2"}},"W2":{"WV":{"JV":"2"},"FH":{"8H":"2"}},"Q6":{"GV":{"HV":"2"},"23":{"FQ":"2","HM":"2","Q4":"2","P4":"2","P3":"2","FM":"2","FP":"2","GQ":"2","GM":"2","GP":"2","Q3":"2"},"HV":{"MH":"2","PH":"2","PG":"2","MG":"2","XC":"2","XG":"2","J9":"2","XH":"2"},"JV":{"2H":"2","2G":"2","29":"2"}},"H8":{"M6":{"X8":"2","W8":"2","X7":"2","W6":"2","V6":"2","V7":"2","R8":"2","V8":"2","P3":"2","W7":"2","X6":"2","R7":"2","W9":"2","Q3":"2"},"P5":{"VQ":"2","35":"2","45":"2","47":"2","34":"2","46":"2","44":"2","36":"2","37":"2"},"P6":{"MR":"2","JX":"2","GW":"2","JV":"2","HR":"2","28":"2","4V":"2","3W":"2","JR":"2","CM":"2","MX":"2","HW":"2","79":"2","CJ":"2","5W":"2","3V":"2","CC":"2","4W":"2","6W":"2","MW":"2","FX":"2","GX":"2","HX":"2","MV":"2","CP":"2","69":"2","FW":"2","27":"2","HV":"2","JW":"2","FV":"2"},"Q5":{"94":"2","95":"2"},"Q4":{"MR":"2","MV":"2","MQ":"2"},"J6":{"99":"2","F7":"2","89":"2","F9":"2","88":"2","C9":"2","F6":"2","98":"2","G7":"2","G8":"2","C7":"2","F8":"2","C6":"2","8C":"2","C8":"2","G9":"2","97":"2","G6":"2"},"J5":{"M9":"2","R6":"2","P7":"2","6R":"2","PC":"2","V4":"2","M5":"2","M6":"2","Q6":"2","R4":"2","R3":"2","Q3":"2","HC":"2","7R":"2","P6":"2","R7":"2","JC":"2","Q4":"2","J7":"2","P9":"2","M7":"2","W4":"2","V3":"2","Q7":"2","W5":"2","V5":"2","Q5":"2","R5":"2","J9":"2","Q2":"2","M8":"2","Q9":"2","P3":"2","Q8":"2","P8":"2","P5":"2","J8":"2","P4":"2","MC":"2","V6":"2","H9":"2","R2":"2"}},"J2":{"P5":{"HM":"2","MH":"2"},"P3":{"35":"2","25":"2"}},"P9":{"4R":{"98":"2","99":"2"},"5X":{"37":"2"},"27":{"8G":"2","8F":"2","7F":"2"},"28":{"G6":"2","F7":"2","85":"2","G7":"2","F6":"2","95":"2","84":"2"},"4Q":{"GV":"2","FR":"2","GW":"2","GX":"2","FV":"2","GR":"2","FX":"2","FW":"2"}},"M6":{"M9":{"2J":"2","2H":"2","2G":"2","3H":"2","3J":"2","2M":"2","3M":"2"}},"5Q":{"RJ":{"XJ":"2"},"VJ":{"5H":"2"}},"MP":{"PX":{"RF":"2","VC":"2","VF":"2","RC":"2"}},"33":{"27":{"97":"2","C7":"2","C8":"2","98":"2"}},"GP":{"4P":{"VC":"2","WF":"2","VF":"2","WC":"2"},"4M":{"R6":"2","QG":"2","Q6":"2","V2":"2","Q9":"2","2C":"2","Q8":"2","R9":"2","7H":"2","P7":"2","P6":"2","V3":"2","QF":"2","RC":"2","RH":"2"},"3M":{"WF":"2","P9":"2"},"5R":{"C4":"2"},"3F":{"HJ":"2","GH":"2","GJ":"2","HH":"2","FJ":"2","GG":"2","HG":"2","FG":"2","FH":"2"},"4H":{"5R":"2","3M":"2"},"3H":{"R7":"2","WC":"2"},"5Q":{"56":"2","68":"2","57":"2","47":"2","46":"2"}},"7R":{"4Q":{"33":"2"}},"37":{"24":{"7R":"2"},"25":{"C6":"2"}},"WJ":{"8J":{"MH":"2","PH":"2","PJ":"2","MJ":"2"},"92":{"VP":"2"}},"HC":{"JC":{"2J":"2","4H":"2","2H":"2","4J":"2","4G":"2","3H":"2","3J":"2","2M":"2","3M":"2","2P":"2"},"HC":{"XM":"2","XJ":"2","XP":"2","XH":"2"}},"6W":{"V6":{"R7":"2"},"W6":{"86":"2"}},"M7":{"4G":{"85":"2","74":"2","84":"2","75":"2"},"XF":{"V9":"2"}},"H7":{"X9":{"C7":"2"},"VM":{"7H":"2"}},"V6":{"FV":{"9G":"2","CF":"2","8F":"2","CC":"2","FC":"2"}},"8X":{"Q3":{"5H":"2","QR":"2"},"Q4":{"M6":"2"},"M8":{"GH":"2","GG":"2","FH":"2","FG":"2"},"PQ":{"FM":"2"}},"9M":{"JQ":{"FF":"2"}},"2M":{"22":{"49":"2"}},"VQ":{"J2":{"X2":"2"}},"X7":{"5C":{"RH":"2"},"XR":{"HP":"2"},"5J":{"C4":"2","C6":"2","C5":"2"}},"H4":{"MP":{"H6":"2"},"PW":{"F4":"2","G3":"2","C2":"2","F3":"2","F2":"2","83":"2","94":"2","C3":"2","93":"2","74":"2","84":"2","G4":"2","73":"2"},"MX":{"X8":"2","XF":"2","W8":"2","X7":"2","XC":"2","X9":"2","W7":"2","WF":"2","WC":"2","W9":"2"},"PV":{"8R":"2","8P":"2","6Q":"2","7Q":"2","6R":"2","9M":"2","7R":"2","8Q":"2","9P":"2","7P":"2","6P":"2","8M":"2"},"RC":{"GP":"2"},"QV":{"8R":"2","9V":"2","8V":"2","8X":"2","7W":"2","6X":"2","9W":"2","6W":"2","CW":"2","7V":"2","CV":"2","7X":"2","8W":"2"},"QF":{"GX":"2"},"PX":{"5C":"2","P9":"2","92":"2","P8":"2"}},"X9":{"PC":{"4H":"2","3G":"2","2H":"2","4F":"2","4C":"2"}},"Q2":{"M6":{"2W":"2"},"RM":{"63":"2","72":"2","62":"2","C2":"2","C3":"2","C7":"2","93":"2","C8":"2","73":"2"},"R6":{"XJ":"2"},"GJ":{"H6":"2"},"R7":{"9J":"2"},"XP":{"WC":"2"},"RJ":{"RG":"2","FQ":"2","JH":"2","PJ":"2","QG":"2","HP":"2","JM":"2","CX":"2","QC":"2","Q9":"2","GG":"2","GH":"2","MJ":"2","FR":"2","PG":"2","MG":"2","FX":"2","JF":"2","HF":"2","J5":"2","JJ":"2","CP":"2","9P":"2","VG":"2","FW":"2","FP":"2","PQ":"2","PH":"2","QF":"2","MM":"2","MH":"2","GP":"2","P9":"2"},"J6":{"WP":"2","XR":"2"},"M7":{"44":"2"}},"MM":{"5M":{"JJ":"2"},"9J":{"7F":"2"}},"X4":{"XW":{"P8":"2"},"XF":{"GV":"2","FV":"2"},"RJ":{"JX":"2"},"VM":{"W5":"2","RW":"2"},"GC":{"J8":"2","H8":"2"},"VJ":{"PR":"2","X5":"2","X8":"2","VC":"2","RX":"2","XC":"2","X6":"2","XM":"2","VV":"2","XJ":"2","X9":"2","W6":"2","X7":"2"},"WJ":{"MQ":"2","W9":"2","XQ":"2","WW":"2","GC":"2","FC":"2","3F":"2","G8":"2","HQ":"2","WM":"2","RG":"2","JM":"2","XF":"2","27":"2","VC":"2","JP":"2","W7":"2","XR":"2","WG":"2","46":"2","36":"2","VF":"2","29":"2","H9":"2","PP":"2","RF":"2","47":"2","XG":"2","V9":"2","4J":"2","WX":"2","CC":"2","FX":"2","FV":"2","3C":"2","28":"2","X5":"2","FW":"2","XX":"2","RH":"2","XV":"2","5G":"2","XC":"2","HP":"2","G9":"2","VG":"2","CW":"2","GW":"2","3G":"2","MW":"2","WC":"2","XM":"2","W3":"2","V4":"2","JR":"2","4G":"2","35":"2","MJ":"2","X8":"2","W6":"2","R9":"2","X6":"2","J9":"2","8F":"2","V5":"2","JJ":"2","W2":"2","H8":"2","M6":"2","MP":"2","26":"2","PQ":"2","37":"2","WJ":"2","HR":"2","CV":"2","H7":"2","V6":"2","X7":"2","X9":"2","MM":"2","X4":"2","8G":"2","W8":"2","3P":"2","M9":"2","XP":"2","H6":"2","GQ":"2","W5":"2","JQ":"2","V3":"2","J5":"2","6H":"2"},"VH":{"VW":"2","RW":"2"},"XC":{"8Q":"2","FP":"2","7Q":"2","6Q":"2","9P":"2","9Q":"2"},"MG":{"G5":"2"},"WH":{"QJ":"2","JQ":"2","PG":"2","MP":"2","QM":"2","MF":"2","MG":"2","JJ":"2","MM":"2","JM":"2","GG":"2","MQ":"2","87":"2","JR":"2"},"XM":{"4M":"2","X8":"2","22":"2","W5":"2","28":"2","W6":"2","V2":"2","X5":"2","J3":"2","C3":"2","J2":"2","X6":"2","87":"2","26":"2","3Q":"2","32":"2","V3":"2","25":"2"},"WM":{"35":"2","38":"2","V9":"2","V6":"2","4G":"2","V3":"2","R6":"2","R7":"2","36":"2","27":"2","V2":"2","W3":"2","W2":"2","25":"2","28":"2","V7":"2","26":"2","37":"2"},"XH":{"PV":"2","FW":"2","GV":"2","3J":"2","8H":"2","8X":"2","RG":"2","GP":"2","8M":"2","PC":"2","7H":"2","VP":"2","MJ":"2","CW":"2","5X":"2","MR":"2","PF":"2","MV":"2","9V":"2","3V":"2","PH":"2","5P":"2","4W":"2","FR":"2","VF":"2","7P":"2","5W":"2","6P":"2","P6":"2","CJ":"2","4V":"2","8Q":"2","8V":"2","HX":"2","QM":"2","P9":"2","GW":"2","HM":"2","HV":"2","X7":"2","JJ":"2","3X":"2","8P":"2","FQ":"2","5Q":"2","6V":"2","QP":"2","JW":"2","GQ":"2","M8":"2","RH":"2","JX":"2","HJ":"2","8J":"2","8G":"2","9W":"2","3W":"2","9P":"2"},"VF":{"JQ":"2"},"XJ":{"23":"2","36":"2","2P":"2","58":"2","42":"2","62":"2","GV":"2","52":"2","5R":"2","28":"2","32":"2","3J":"2","3G":"2","99":"2","48":"2","6Q":"2","47":"2","68":"2","7G":"2","6R":"2","93":"2","4C":"2","C7":"2","5C":"2","27":"2","49":"2","7M":"2","G3":"2","4R":"2","3P":"2","7F":"2","86":"2","9C":"2","4M":"2","24":"2","6F":"2","6M":"2","3V":"2","5P":"2","RW":"2","H3":"2","77":"2","CV":"2","85":"2","66":"2","29":"2","CC":"2","56":"2","7R":"2","94":"2","F7":"2","G6":"2","6P":"2","FC":"2","8C":"2","G7":"2","46":"2","25":"2","87":"2","2C":"2","4V":"2","59":"2","PR":"2","4G":"2","33":"2","8R":"2","HR":"2","57":"2","4F":"2","4H":"2","7V":"2","76":"2","26":"2","PQ":"2","63":"2","2J":"2","39":"2","44":"2","97":"2","F2":"2","C3":"2","75":"2","4P":"2","2V":"2","2F":"2","3H":"2","89":"2","72":"2","5Q":"2","6V":"2","5H":"2","J3":"2","67":"2","64":"2","GG":"2","C8":"2","2M":"2","74":"2","88":"2","3C":"2","54":"2","H2":"2","53":"2","3F":"2","6G":"2","3M":"2","38":"2","F4":"2","H9":"2","43":"2"}},"9R":{"9P":{"6P":"2","4Q":"2"}},"VV":{"6J":{"64":"2"}},"92":{"45":{"2H":"2","2G":"2"},"36":{"57":"2","59":"2","49":"2","58":"2","48":"2"},"27":{"R2":"2","R3":"2","Q3":"2","P3":"2","Q4":"2","P4":"2","V2":"2","Q2":"2"},"J9":{"FR":"2","HR":"2","GQ":"2","GR":"2"},"26":{"W8":"2","V8":"2","RX":"2","V9":"2","VC":"2","VX":"2","W9":"2"}},"2V":{"37":{"M2":"2"}},"W8":{"V7":{"FJ":"2"},"Q2":{"MH":"2","PG":"2","QG":"2"}},"8V":{"62":{"F3":"2"},"2G":{"W5":"2"}},"5R":{"2W":{"8R":"2","9V":"2","JG":"2","9R":"2","8V":"2","CX":"2","8H":"2","8J":"2","9X":"2","8Q":"2","9H":"2","9W":"2","JF":"2","MF":"2","9Q":"2","CW":"2","7M":"2","7P":"2","CV":"2","8M":"2","HG":"2","8W":"2"},"QP":{"HP":"2","GP":"2","GQ":"2","HQ":"2"},"7C":{"CF":"2"}},"MC":{"97":{"7R":"2","9V":"2","8J":"2","7V":"2","9X":"2","7Q":"2","8V":"2","4W":"2","3X":"2","4X":"2","9W":"2","8W":"2","8M":"2","4V":"2","8X":"2"},"96":{"C9":"2","C8":"2","CC":"2"},"98":{"GF":"2","G9":"2","84":"2","94":"2","96":"2","95":"2","H9":"2","32":"2","HF":"2","86":"2","85":"2","42":"2","87":"2","98":"2","88":"2","HC":"2","GC":"2"},"95":{"V7":"2"}},"QR":{"8J":{"XV":"2","WR":"2","WV":"2"},"W5":{"H6":"2","H8":"2","H7":"2"},"9J":{"2V":"2","2R":"2"}},"R5":{"P2":{"MC":"2"}},"PG":{"XQ":{"F7":"2","F8":"2","C7":"2","C8":"2"}},"PM":{"68":{"FJ":"2","HM":"2","CM":"2","JM":"2","CJ":"2","9M":"2","FM":"2","CP":"2","9P":"2","FP":"2","8M":"2","GM":"2"}},"M9":{"QJ":{"G7":"2","97":"2","G6":"2","77":"2","3F":"2","V4":"2","5G":"2","96":"2","H8":"2","J9":"2","W9":"2","V7":"2","78":"2","4G":"2","WC":"2","4F":"2","9R":"2","5F":"2","3G":"2","67":"2","88":"2","H7":"2","HC":"2","6M":"2","9V":"2","R5":"2","JC":"2","Q8":"2"},"X9":{"56":"2","55":"2","CF":"2","66":"2","R6":"2","R7":"2","CG":"2"},"RF":{"RG":"2","77":"2","66":"2","XF":"2","RJ":"2","76":"2","VM":"2","VJ":"2","WJ":"2","VH":"2","F9":"2","67":"2","WH":"2","G8":"2","F8":"2","VG":"2","XH":"2","78":"2","G9":"2","XG":"2","RH":"2","68":"2"},"V8":{"FR":"2","GW":"2","CX":"2","GX":"2","CW":"2","FV":"2","FX":"2","FW":"2","CV":"2"},"R9":{"J4":"2","M4":"2","M3":"2","J3":"2"},"P8":{"6W":"2","4W":"2","5X":"2","4X":"2","7X":"2","5W":"2","6X":"2"},"VJ":{"F8":"2","42":"2"},"P9":{"R3":"2","J8":"2","Q4":"2","J9":"2","H8":"2","HF":"2","R4":"2","H9":"2","Q3":"2"},"W6":{"W8":"2","X8":"2","XC":"2","X9":"2","W9":"2","WC":"2"},"RR":{"84":"2"},"V9":{"X9":"2","M7":"2","RF":"2","V8":"2","XC":"2","R9":"2","P8":"2","J8":"2","VJ":"2","M9":"2","Q7":"2","P9":"2","V9":"2","VH":"2","J9":"2","G2":"2","W9":"2","Q5":"2","MC":"2","V7":"2","VC":"2","P7":"2","QC":"2","RH":"2","R6":"2","WC":"2","R8":"2","W8":"2","VG":"2","F2":"2","RC":"2","WH":"2","QG":"2","QF":"2","P6":"2","Q9":"2","VF":"2","PF":"2","RG":"2","M6":"2","R7":"2","WF":"2","J7":"2","M8":"2","PC":"2","WG":"2","Q8":"2","Q6":"2"},"XF":{"6W":"2","5X":"2","5W":"2"},"VH":{"HR":"2","FR":"2","JG":"2","HQ":"2","QQ":"2","7M":"2","GR":"2","6G":"2","W7":"2","M9":"2","7J":"2","8H":"2","HJ":"2","W6":"2","RR":"2","PH":"2","JP":"2","8J":"2","MG":"2","8F":"2","G2":"2","9J":"2","FV":"2","7G":"2","8G":"2","57":"2","PJ":"2","FP":"2","4X":"2","F4":"2","G3":"2","CV":"2","MJ":"2","FQ":"2","CR":"2","HP":"2","9G":"2","CQ":"2","7H":"2","RQ":"2","58":"2","CG":"2","GV":"2","6J":"2","6M":"2","QR":"2","F3":"2","6H":"2","MH":"2","JH":"2","FJ":"2","GQ":"2","CP":"2","7F":"2"},"XH":{"C4":"2","94":"2","C3":"2"},"W3":{"RW":"2","7F":"2","6G":"2","RX":"2","7G":"2","7J":"2","6F":"2","7H":"2","6J":"2","VX":"2","6H":"2","VW":"2"},"PJ":{"MW":"2","JW":"2","MX":"2","JX":"2"},"RJ":{"FF":"2","99":"2","86":"2","F7":"2","72":"2","FG":"2","CF":"2","F6":"2","24":"2","G7":"2","23":"2","82":"2","F8":"2","96":"2","C5":"2","97":"2"},"RH":{"X8":"2","99":"2","W8":"2","3W":"2","8X":"2","CM":"2","7W":"2","6X":"2","CJ":"2","5W":"2","9M":"2","98":"2","6W":"2","3X":"2","9P":"2","6V":"2","FP":"2","8M":"2","W9":"2","7X":"2","8W":"2"},"R8":{"3G":"2","4G":"2","4F":"2","3F":"2"},"VG":{"X8":"2","W8":"2","X7":"2","CR":"2","6C":"2","42":"2","6X":"2","6G":"2","5F":"2","9C":"2","CF":"2","GH":"2","5G":"2","6W":"2","X9":"2","W7":"2","6F":"2","69":"2","53":"2","5C":"2","43":"2","5J":"2","5M":"2","52":"2","RC":"2","59":"2","W9":"2"},"RC":{"H4":"2","GH":"2","J4":"2","HH":"2","GG":"2","HG":"2","H5":"2","J5":"2"},"WH":{"5C":"2","6C":"2","59":"2","69":"2"},"QH":{"X2":"2","XW":"2","QV":"2","JX":"2","XV":"2","JV":"2","QR":"2","MQ":"2","HW":"2","W2":"2","QW":"2","QQ":"2","W3":"2","HX":"2","MV":"2","X3":"2","JW":"2"},"QG":{"XX":"2","XW":"2","XV":"2","XF":"2","95":"2","P8":"2","Q9":"2","WV":"2","75":"2","WW":"2","Q8":"2","74":"2","65":"2","73":"2","64":"2","P9":"2"},"QF":{"9M":"2","FM":"2","GH":"2","CM":"2","GJ":"2","9J":"2","HH":"2","CH":"2","FH":"2","CR":"2","9G":"2","FG":"2","CQ":"2","GG":"2","9R":"2","9Q":"2","CJ":"2","FF":"2","CG":"2","9H":"2","9P":"2","9F":"2","CF":"2","FJ":"2","GM":"2","CP":"2"},"VF":{"4M":"2","3M":"2","4G":"2","2J":"2","58":"2","4J":"2","3G":"2","45":"2","3F":"2","57":"2","4H":"2","2G":"2","55":"2","3J":"2","38":"2","4F":"2","48":"2","2F":"2","2H":"2","5J":"2","47":"2","56":"2","5M":"2","5P":"2","46":"2","3H":"2","36":"2","37":"2"},"RG":{"M7":"2","J5":"2","M5":"2","77":"2","P8":"2","M9":"2","Q7":"2","7V":"2","P9":"2","7R":"2","2W":"2","7W":"2","78":"2","P7":"2","QC":"2","J6":"2","R8":"2","68":"2","RQ":"2","P6":"2","67":"2","Q9":"2","M6":"2","R7":"2","J7":"2","2V":"2","RP":"2","Q8":"2","7X":"2"},"CX":{"H4":"2","J4":"2","H5":"2","J5":"2"},"MH":{"WG":"2","WF":"2","WC":"2"},"WJ":{"G8":"2","G7":"2","M7":"2","75":"2","C7":"2","97":"2","MF":"2","V8":"2","G6":"2","77":"2","G9":"2","F5":"2","54":"2","P8":"2","J8":"2","84":"2","64":"2","Q7":"2","M9":"2","F9":"2","P9":"2","C6":"2","76":"2","74":"2","V9":"2","94":"2","96":"2","H8":"2","J9":"2","95":"2","H9":"2","W9":"2","79":"2","MC":"2","57":"2","65":"2","V7":"2","78":"2","86":"2","P7":"2","F8":"2","85":"2","F6":"2","J6":"2","55":"2","87":"2","R8":"2","C5":"2","W8":"2","98":"2","68":"2","C4":"2","CC":"2","99":"2","H6":"2","C9":"2","58":"2","89":"2","67":"2","C8":"2","PF":"2","88":"2","H7":"2","HC":"2","G5":"2","R7":"2","F7":"2","PC":"2","M8":"2","J7":"2","9C":"2","56":"2","66":"2","JC":"2"},"XM":{"72":"2","62":"2","F2":"2","F3":"2","73":"2"},"WG":{"JH":"2","HH":"2","JG":"2","HG":"2","28":"2"}},"XP":{"MC":{"44":"2","45":"2","43":"2"},"7V":{"F5":"2"},"C7":{"23":"2","32":"2","22":"2"}},"QG":{"6F":{"PX":"2"},"6G":{"P2":"2"}},"QQ":{"HJ":{"87":"2"},"HV":{"6C":"2","98":"2","88":"2","78":"2","87":"2","77":"2"}},"XW":{"HM":{"XR":"2"},"JM":{"2W":"2","2X":"2"}},"GQ":{"GR":{"77":"2","66":"2","76":"2","58":"2","79":"2","67":"2","75":"2","57":"2","69":"2","78":"2","65":"2","47":"2","56":"2","46":"2","68":"2"},"9M":{"P7":"2","P8":"2"},"9J":{"93":"2","85":"2"}},"W5":{"HM":{"72":"2","C9":"2","97":"2","85":"2","79":"2","C2":"2","96":"2","C3":"2","8F":"2","94":"2","98":"2","74":"2","92":"2","F3":"2","86":"2","78":"2","95":"2","87":"2"},"HJ":{"8R":"2","8V":"2","F9":"2","8X":"2","7W":"2","CJ":"2","F6":"2","C6":"2","F5":"2","FC":"2","8W":"2"},"W5":{"M7":"2"},"HQ":{"GP":"2"},"W2":{"WP":"2","VR":"2","RV":"2"},"V8":{"PM":"2"}},"V3":{"4J":{"2C":"2","2F":"2"},"3H":{"PX":"2"},"3J":{"QG":"2","MP":"2","XC":"2","VG":"2","XF":"2","X6":"2","P2":"2","QF":"2","PM":"2","X7":"2","WC":"2","Q2":"2"}},"Q7":{"M4":{"QH":"2"},"52":{"9X":"2"}},"J5":{"54":{"25":"2"},"44":{"W4":"2"},"66":{"RR":"2","VV":"2"},"43":{"54":"2"}}}}