{"index":{"university,1|retail,2|tourism,3|wreck,4|historical,5|artsCulture,6|namedBuilding,7|water,8|wetland,9|park,10|beach,11|natureReserve,12|cemetery,13|trail,14":{}},"92":{"RM":{"7W":{"4J":"2","4G":"2","5R":"2","4Q":"2"}},"FR":{"VR":{"GX":"2"}},"JR":{"2M":{"WF":"2","W9":"2","WC":"2"}},"PP":{"GH":{"2V":"2","4W":"2","2R":"2","4V":"2"}},"P8":{"C3":{"55":"2"},"CQ":{"FF":"2","JQ":"2","HJ":"2","C9":"2","MQ":"2","FH":"2","FG":"2","HH":"2","GG":"2","GH":"2","CC":"2","GF":"2","JP":"2","C6":"2","FC":"2","GJ":"2","C8":"2"}},"RX":{"XH":{"C9":"2","F9":"2","FG":"2"}},"7V":{"4P":{"7G":"2"},"3M":{"8C":"2","6J":"2","7Q":"2","5C":"2","6H":"2","5M":"2","6M":"2","8F":"2","6P":"2","5J":"2"},"58":{"G5":"2","G4":"2","H5":"2"},"67":{"4W":"2","4J":"2","4P":"2","6G":"2","3M":"2","2W":"2","5G":"2","8F":"2","2P":"2","2M":"2","2Q":"2","4Q":"2","2R":"2","2J":"2","4V":"2","5Q":"2","3R":"2","5M":"2","3W":"2","3V":"2","5P":"2","C9":"2","4M":"2","6F":"2","6J":"2","9C":"2","6H":"2","8C":"2","2X":"2"},"2P":{"W2":"2"},"57":{"RX":"2","VM":"2","RW":"2","RV":"2","VJ":"2"},"4H":{"8W":"2","8X":"2"},"68":{"43":"2"}},"JQ":{"M8":{"MW":"2"},"M9":{"P9":"2"},"QF":{"H4":"2","GH":"2","GF":"2","GG":"2"}},"P9":{"WF":{"6X":"2"},"F4":{"XR":"2"}},"35":{"V9":{"F7":"2","87":"2"}},"RW":{"RX":{"P5":"2","P6":"2","J2":"2","M2":"2"}},"6R":{"VH":{"8P":"2"}},"8G":{"JF":{"23":"2"}},"PW":{"9R":{"33":"2","34":"2"}},"QC":{"HX":{"PP":"2","MP":"2","MR":"2","PQ":"2","JV":"2","MQ":"2","JR":"2"}},"5M":{"VC":{"MW":"2","MX":"2"},"WF":{"5P":"2"},"VF":{"6R":"2","7Q":"2","P3":"2","Q4":"2","M2":"2","P2":"2"}},"HP":{"RC":{"R8":"2","V8":"2"}},"VQ":{"PF":{"G8":"2"}},"RV":{"VC":{"W7":"2","R2":"2","W5":"2","X3":"2","X7":"2","W4":"2"},"V9":{"VW":"2","RW":"2"}},"XR":{"PX":{"RR":"2","RQ":"2","VR":"2","VQ":"2"}},"MV":{"GP":{"C6":"2"},"FX":{"GC":"2","HC":"2"}},"47":{"5R":{"X2":"2"}},"QH":{"Q2":{"5X":"2"}},"P6":{"QJ":{"XC":"2"}},"HX":{"GJ":{"9W":"2"}},"RG":{"55":{"5W":"2"}},"34":{"PH":{"JH":"2"}},"9F":{"4P":{"C9":"2","CC":"2"}},"GQ":{"5P":{"59":"2"}},"7X":{"8G":{"R3":"2","X8":"2","P5":"2","W8":"2","W6":"2","V8":"2","P2":"2","V4":"2","R2":"2","P3":"2","V9":"2","W7":"2"},"9G":{"2G":"2"},"8F":{"9J":"2"}},"R2":{"9V":{"3M":"2"},"8V":{"CJ":"2","CG":"2"},"CV":{"4F":"2","4C":"2"}}}}