{"93":{"PM":{"94":{"8F":"2"},"G2":{"F8":"2","C8":"2"}},"F3":{"2G":{"QM":"2","QP":"2"}},"99":{"PF":{"QX":"2","MW":"2","JW":"2","MR":"2","MV":"2","QW":"2","JV":"2","JR":"2"},"RJ":{"6J":"2","6M":"2","6P":"2"},"QH":{"QR":"2","RV":"2"}},"WG":{"JC":{"G3":"2","G4":"2","H3":"2","G2":"2","H2":"2"}},"MH":{"P3":{"WX":"2","JM":"2"},"94":{"W5":"2","W4":"2"},"P4":{"X2":"2","V3":"2","W3":"2","W2":"2"}},"GP":{"G6":{"WR":"2","VR":"2","VP":"2","VQ":"2","XP":"2","RP":"2"}},"JF":{"8Q":{"G7":"2","98":"2","88":"2"},"8P":{"83":"2"},"8V":{"CR":"2","9V":"2","FM":"2","FP":"2","FJ":"2","9W":"2"},"7W":{"JF":"2"},"4W":{"3R":"2"},"4X":{"P5":"2","P7":"2","XC":"2","M7":"2"}},"JM":{"2F":{"X4":"2"},"29":{"H3":"2"}},"MG":{"VX":{"8J":"2","8G":"2"},"VP":{"FX":"2"},"VQ":{"F2":"2"}},"HH":{"P3":{"57":"2"},"P4":{"64":"2"},"P8":{"VR":"2"}},"V4":{"34":{"QX":"2"}},"MR":{"8X":{"QR":"2","PV":"2","QV":"2","QQ":"2"}},"GF":{"G6":{"P5":"2","P6":"2","P2":"2"},"G7":{"M6":"2","GF":"2","H9":"2","GG":"2"},"G3":{"7W":"2","6P":"2","5J":"2"},"G5":{"PX":"2"},"GC":{"F4":"2"},"G2":{"3C":"2","27":"2","29":"2","39":"2"}},"MV":{"82":{"M7":"2","J5":"2","MF":"2","M5":"2","JR":"2","P8":"2","M9":"2","P5":"2","JQ":"2","P9":"2","JP":"2","P4":"2","MG":"2","MC":"2","P7":"2","J6":"2","J4":"2","MV":"2","MP":"2","JV":"2","MR":"2","P6":"2","PF":"2","M6":"2","PC":"2","J7":"2","M8":"2","MQ":"2","M4":"2","PG":"2"}},"C5":{"P5":{"M7":"2","M6":"2","R6":"2","P5":"2","Q6":"2","P8":"2","M5":"2","R5":"2","R8":"2","Q4":"2","Q9":"2","M8":"2","P4":"2","Q8":"2","R9":"2","R7":"2","P7":"2","P6":"2","Q7":"2","M4":"2","R4":"2","Q5":"2","P9":"2","Q3":"2"},"P3":{"V2":"2"},"M8":{"JH":"2","MH":"2"},"P2":{"VX":"2","VW":"2"}},"PX":{"CF":{"F8":"2"}},"HF":{"WW":{"72":"2"},"GX":{"6Q":"2"},"XW":{"MX":"2"},"PX":{"P5":"2","M5":"2","P2":"2","Q4":"2","P3":"2","4R":"2","Q5":"2"}},"HQ":{"GH":{"85":"2","95":"2","78":"2"},"P4":{"5C":"2","4C":"2"},"P2":{"PX":"2"}},"GH":{"R2":{"C8":"2"},"Q8":{"G7":"2","C7":"2","G4":"2","F9":"2","G8":"2","H8":"2","H7":"2"}},"R4":{"VV":{"Q7":"2","Q5":"2","Q6":"2"}},"VF":{"7R":{"2C":"2","2G":"2","2F":"2"}},"JR":{"P2":{"9Q":"2"}},"R9":{"H8":{"6V":"2"}},"PW":{"QQ":{"JH":"2","JF":"2","JG":"2","JC":"2"}},"MP":{"32":{"3C":"2"},"XG":{"C2":"2"},"WQ":{"25":"2","26":"2"}},"J6":{"XC":{"54":"2"}},"PJ":{"MW":{"9J":"2","8J":"2","9M":"2","9H":"2","G7":"2","G5":"2","8M":"2","G6":"2","H9":"2"},"QJ":{"4V":"2","5R":"2","4X":"2","6Q":"2","6X":"2","5W":"2","4W":"2","5V":"2","82":"2","4R":"2"},"X9":{"4M":"2","5M":"2"},"V8":{"22":"2","35":"2","9G":"2","42":"2","58":"2","5F":"2","54":"2","39":"2","45":"2","57":"2","55":"2","24":"2","38":"2","23":"2","4F":"2","33":"2","48":"2","53":"2","5C":"2","43":"2","27":"2","4C":"2","47":"2","3C":"2","56":"2","26":"2","34":"2","46":"2","52":"2","44":"2","32":"2","V3":"2","36":"2","25":"2","59":"2","49":"2","37":"2"},"R9":{"G7":"2","G8":"2"},"V3":{"28":"2","R5":"2","R8":"2","3G":"2","29":"2","3F":"2","2C":"2","24":"2","2F":"2","27":"2","Q5":"2","25":"2"},"V4":{"HM":"2"},"V9":{"P9":"2"},"W9":{"H8":"2"},"V7":{"4P":"2","4M":"2","3M":"2","5X":"2","22":"2","2J":"2","2Q":"2","4V":"2","3R":"2","4X":"2","3W":"2","4J":"2","2V":"2","5W":"2","3V":"2","2P":"2","4W":"2","5V":"2","2X":"2","3X":"2","3P":"2","2R":"2","3Q":"2","32":"2","2W":"2"},"R3":{"X9":"2","W4":"2","X5":"2","X8":"2","X2":"2","V2":"2","W6":"2","W2":"2","X6":"2","X7":"2","W3":"2","X3":"2","33":"2","X4":"2","34":"2","W5":"2"},"V5":{"3Q":"2","4H":"2","5C":"2","4R":"2","5V":"2","4G":"2","VP":"2","59":"2","4Q":"2","4V":"2","58":"2"},"R6":{"MW":"2","P3":"2","M3":"2","WW":"2","M9":"2","P5":"2","Q2":"2","5C":"2","RR":"2","P4":"2","5G":"2","H8":"2","H9":"2","WX":"2","PV":"2","PX":"2","MC":"2","PW":"2","PJ":"2","Q3":"2","P7":"2","CR":"2","CQ":"2","4F":"2","MV":"2","P2":"2","MX":"2","4C":"2","QH":"2","5F":"2","P6":"2","X4":"2","HC":"2","Q4":"2","WF":"2","M4":"2","CP":"2"},"R8":{"X4":"2","X3":"2","X2":"2","W3":"2","W2":"2"},"QH":{"8X":"2"},"R4":{"FM":"2","WP":"2","GM":"2","WJ":"2","GJ":"2","XM":"2","XJ":"2","FJ":"2","JM":"2","GX":"2","FH":"2","WM":"2","9J":"2"},"QM":{"63":"2","2C":"2","2F":"2","52":"2","34":"2"},"HX":{"C4":"2"},"R7":{"7Q":"2","XR":"2","PM":"2","WG":"2","RG":"2","GP":"2","6Q":"2","XW":"2","6R":"2","VP":"2","MJ":"2","PF":"2","XG":"2","XH":"2","VG":"2","PH":"2","XX":"2","WW":"2","VF":"2","7P":"2","XV":"2","7R":"2","PJ":"2","PP":"2","RF":"2","QJ":"2","XQ":"2","8Q":"2","XJ":"2","QM":"2","WH":"2","WV":"2","P2":"2","QF":"2","VM":"2","8P":"2","PG":"2","FQ":"2","6V":"2","QP":"2","QH":"2","VH":"2","GQ":"2","M2":"2","VJ":"2","QG":"2","FM":"2","RH":"2","P5":"2","P4":"2","MM":"2","VQ":"2","FP":"2"},"V6":{"55":"2","67":"2","2X":"2","3X":"2","52":"2","53":"2"},"R5":{"X9":"2","PQ":"2","QQ":"2","PM":"2","PP":"2","Q7":"2","QV":"2","X8":"2","P9":"2","PH":"2","QX":"2","G2":"2","PV":"2","PX":"2","MC":"2","PW":"2","X3":"2","PJ":"2","MJ":"2","QP":"2","MR":"2","PR":"2","QF":"2","X4":"2","Q9":"2","PF":"2","QW":"2","QR":"2","PC":"2","MQ":"2","GQ":"2","PG":"2","MM":"2","Q8":"2"},"R2":{"WW":"2","WX":"2","VX":"2","XX":"2"}},"JP":{"RG":{"93":"2"},"4G":{"56":"2","QC":"2","5C":"2","MF":"2","47":"2","5F":"2","59":"2"},"4F":{"5H":"2","56":"2","68":"2","5C":"2","4P":"2","5F":"2","59":"2","4Q":"2","69":"2","5G":"2","58":"2"},"3H":{"5F":"2"},"4C":{"56":"2"},"8M":{"2W":"2"},"48":{"49":"2","48":"2"}},"FC":{"JH":{"2J":"2","3G":"2","2H":"2","2Q":"2","2G":"2","47":"2","2M":"2","3F":"2","48":"2","39":"2"},"Q6":{"X4":"2","WX":"2"},"JG":{"WP":"2","RF":"2","M3":"2","VP":"2","RC":"2"},"R5":{"GJ":"2","48":"2"},"HQ":{"X4":"2","W4":"2"},"M8":{"7P":"2","H8":"2","5W":"2"},"PP":{"G9":"2"},"MJ":{"J5":"2"},"MG":{"8Q":"2","7M":"2","7V":"2","7H":"2","9X":"2","7Q":"2","8V":"2","7J":"2","7W":"2","8W":"2","7X":"2","8X":"2"},"C7":{"QV":"2"},"W7":{"C3":"2"},"JF":{"QJ":"2","X9":"2","VW":"2","V8":"2","QQ":"2","W4":"2","XC":"2","PM":"2","V3":"2","VX":"2","W7":"2","QV":"2","V4":"2","V2":"2","W6":"2","RR":"2","V9":"2","W2":"2","QX":"2","RW":"2","XF":"2","VH":"2","W3":"2","W9":"2","PX":"2","Q5":"2","PW":"2","V7":"2","VC":"2","XG":"2","R3":"2","RH":"2","RV":"2","WC":"2","W8":"2","VG":"2","WH":"2","QP":"2","R4":"2","QM":"2","VF":"2","QW":"2","RG":"2","W5":"2","QR":"2","Q4":"2","WF":"2","V6":"2","WG":"2","Q6":"2","R2":"2"},"MF":{"3R":"2","3W":"2","3V":"2"},"PM":{"66":"2"},"JC":{"VC":"2","RX":"2","VX":"2"},"Q5":{"G9":"2","J8":"2","M8":"2","H9":"2","G8":"2","M7":"2"},"MH":{"85":"2","QX":"2","96":"2","JW":"2","94":"2","JV":"2","95":"2","84":"2"},"M9":{"56":"2","2M":"2"}},"P6":{"PG":{"Q4":"2"}},"PP":{"45":{"W9":"2"},"27":{"R6":"2","V6":"2","HC":"2","V7":"2","P8":"2","R8":"2","J8":"2","V8":"2","J9":"2","M8":"2","Q8":"2","P7":"2","RC":"2","JC":"2","M9":"2","H9":"2"},"28":{"J2":"2","G9":"2","GC":"2"},"37":{"63":"2","77":"2","66":"2","76":"2","62":"2","54":"2","67":"2","75":"2","57":"2","55":"2","53":"2","74":"2","65":"2","73":"2","64":"2","49":"2"}},"R7":{"2P":{"WR":"2","VW":"2"}},"QJ":{"4G":{"82":"2"}},"MW":{"25":{"5X":"2","5W":"2"}},"HX":{"XH":{"8Q":"2","9Q":"2"}},"QM":{"3W":{"3R":"2","3V":"2"}},"76":{"Q7":{"RG":"2","RF":"2"}},"HM":{"4M":{"M5":"2","P5":"2","P6":"2","M4":"2","G3":"2","J2":"2","F2":"2","P3":"2","P4":"2","M2":"2","H3":"2","G2":"2"},"4P":{"FM":"2","FJ":"2","8W":"2","FH":"2","8X":"2"},"4J":{"HV":"2","HR":"2","JW":"2","HX":"2","GX":"2","JX":"2"},"3M":{"MW":"2"}},"XM":{"M4":{"F2":"2","G2":"2"},"M3":{"GW":"2","GX":"2","FX":"2","FW":"2"}},"HV":{"4H":{"JP":"2"},"C3":{"MG":"2","JF":"2","JG":"2"},"F4":{"M6":"2","J7":"2","M7":"2"}},"GC":{"GW":{"F9":"2","FC":"2","49":"2","48":"2"},"HP":{"3P":"2","4W":"2","3X":"2","5X":"2","4X":"2","2M":"2","5W":"2","3M":"2","2P":"2"},"28":{"QM":"2","RF":"2","QF":"2","VM":"2","WH":"2"},"8P":{"CR":"2","9Q":"2"},"CR":{"5P":"2","3M":"2"},"HQ":{"77":"2","64":"2","76":"2","45":"2","8F":"2","7G":"2","32":"2","57":"2","65":"2","78":"2","46":"2","44":"2","55":"2","68":"2","47":"2","67":"2","69":"2","56":"2","66":"2","7F":"2"},"2C":{"F5":"2","F4":"2"},"8Q":{"M4":"2","H3":"2"},"FR":{"MW":"2","VW":"2","WQ":"2","WW":"2","7M":"2","QQ":"2","WV":"2","VX":"2","GW":"2","VR":"2","GX":"2","RX":"2","QV":"2","XP":"2","WM":"2","7Q":"2","RR":"2","QX":"2","RW":"2","8Q":"2","WX":"2","PV":"2","JW":"2","PX":"2","PW":"2","7P":"2","VQ":"2","RV":"2","MV":"2","WR":"2","8P":"2","MX":"2","RQ":"2","XQ":"2","JV":"2","8M":"2","JX":"2","PR":"2","WP":"2","HX":"2","QW":"2","QR":"2","HW":"2","XM":"2","VV":"2"},"38":{"2M":"2"},"FX":{"R2":"2","Q3":"2","H5":"2","XQ":"2","Q2":"2"},"GR":{"2J":"2","5P":"2","4M":"2","4P":"2","4J":"2","2Q":"2","5Q":"2","5M":"2","3J":"2","2M":"2","3M":"2","5J":"2","2P":"2"},"FW":{"PV":"2","G9":"2","PM":"2","RX":"2","WG":"2","MH":"2","8H":"2","JF":"2","MG":"2","F8":"2","7H":"2","VP":"2","MJ":"2","HH":"2","MR":"2","GF":"2","WJ":"2","JG":"2","XG":"2","MV":"2","H8":"2","MF":"2","XH":"2","F9":"2","QW":"2","HF":"2","HC":"2","MP":"2","JH":"2","F7":"2","PJ":"2","FC":"2","PP":"2","JC":"2","PR":"2","XQ":"2","XP":"2","WH":"2","F6":"2","PQ":"2","XM":"2","MQ":"2","G8":"2","JJ":"2","VM":"2","GC":"2","QX":"2","WQ":"2","QQ":"2","WP":"2","QP":"2","VH":"2","RP":"2","J9":"2","F5":"2","VJ":"2","HG":"2","GG":"2","RM":"2","RQ":"2","MM":"2","WM":"2","VQ":"2","H9":"2"},"HV":{"4Q":"2"},"PM":{"JW":"2"},"FV":{"M2":"2","Q2":"2","G2":"2","G3":"2","V2":"2","P2":"2","W2":"2","R2":"2","J3":"2","P3":"2","J2":"2","W3":"2","H3":"2","H2":"2","V3":"2","M3":"2","Q3":"2"},"GQ":{"WM":"2"},"GP":{"8Q":"2","GH":"2","GG":"2"}},"PG":{"HW":{"63":"2","73":"2","53":"2","43":"2"},"6P":{"9G":"2"}},"RC":{"WF":{"9P":"2","FV":"2"}},"WP":{"4F":{"G6":"2","G7":"2","G5":"2","H8":"2","F6":"2","H7":"2"},"4C":{"CH":"2","CJ":"2","CM":"2"}},"QH":{"FG":{"RF":"2"}},"JW":{"MW":{"CQ":"2"}},"RP":{"HP":{"7V":"2","7W":"2"}},"JQ":{"H9":{"R2":"2"},"H8":{"PX":"2"}},"F5":{"44":{"6Q":"2"}},"HG":{"34":{"XX":"2","XW":"2"},"42":{"PR":"2","QX":"2","PW":"2","RX":"2","PV":"2","XX":"2","QW":"2","XW":"2","PX":"2"},"52":{"6C":"2","G9":"2","7M":"2","6G":"2","F9":"2","5H":"2","7J":"2","8H":"2","8J":"2","5G":"2","8F":"2","5X":"2","7G":"2","79":"2","8G":"2","HH":"2","4X":"2","5M":"2","7H":"2","6W":"2","6X":"2","5W":"2","8M":"2","5F":"2","89":"2","6F":"2","6J":"2","6M":"2","7C":"2","6H":"2","5J":"2","8C":"2","FX":"2","7F":"2"},"G9":{"8G":"2","8H":"2"},"9F":{"7M":"2","8P":"2","8J":"2","7J":"2","8M":"2"},"JF":{"7Q":"2","4P":"2"},"JM":{"72":"2","8F":"2","7F":"2","74":"2","7C":"2","73":"2"},"HH":{"FW":"2","GV":"2","M9":"2","GP":"2","M3":"2","GX":"2","M6":"2","HQ":"2","FV":"2","JR":"2","J6":"2","GJ":"2","JC":"2","HX":"2","HR":"2","J7":"2","FJ":"2","FH":"2","GW":"2","M7":"2","J2":"2","HM":"2","HV":"2","GR":"2","M4":"2","FX":"2","GM":"2","J3":"2","GQ":"2","M2":"2","HW":"2","J9":"2","JQ":"2","J5":"2","M8":"2","J8":"2","HP":"2","MC":"2"},"GX":{"X8":"2","HR":"2","R7":"2"},"HF":{"XW":"2","M2":"2","M7":"2","M6":"2","P5":"2","28":"2","HC":"2","M5":"2","P2":"2","J9":"2","P4":"2","M8":"2","P3":"2","J5":"2","27":"2","P7":"2","P6":"2","J7":"2","JW":"2","M4":"2","JC":"2","M3":"2","H9":"2"},"HQ":{"X5":"2","X4":"2","X8":"2","XJ":"2"},"CH":{"63":"2","76":"2","54":"2","75":"2","55":"2","53":"2","65":"2","56":"2","52":"2","64":"2"},"35":{"X2":"2","M7":"2","W5":"2","H7":"2","W6":"2","J8":"2","J9":"2","X5":"2","M8":"2","H8":"2","X6":"2","WF":"2","VG":"2","VF":"2","J7":"2","WG":"2"},"66":{"PQ":"2","6C":"2","62":"2","PM":"2","PP":"2","52":"2","63":"2","5C":"2","G4":"2","JP":"2","5G":"2","G2":"2","53":"2","PJ":"2","6P":"2","G3":"2","MJ":"2","CH":"2","5Q":"2","9G":"2","FG":"2","5P":"2","F2":"2","6Q":"2","MP":"2","CC":"2","C9":"2","5F":"2","FF":"2","6F":"2","CG":"2","9H":"2","MQ":"2","9C":"2","9F":"2","FC":"2","CF":"2","JM":"2","MM":"2"},"JV":{"4J":"2","4P":"2","2G":"2","25":"2","2F":"2","2H":"2","3M":"2","2W":"2","22":"2","23":"2","2C":"2","2P":"2","2M":"2","2Q":"2","4Q":"2","2R":"2","2J":"2","3R":"2","3W":"2","3V":"2","3J":"2","4M":"2","3Q":"2","3P":"2","6J":"2","2V":"2","4R":"2"},"JR":{"M5":"2","23":"2","WV":"2","WW":"2","WX":"2","25":"2"},"56":{"HQ":"2","J8":"2","M9":"2","V9":"2","J9":"2","W9":"2","MC":"2","VC":"2","JF":"2","WC":"2","JX":"2","VF":"2","J7":"2","WF":"2","JM":"2","JC":"2"},"HC":{"PW":"2","MW":"2","MR":"2","MX":"2","PV":"2","MV":"2","PX":"2"},"JP":{"7V":"2"},"55":{"58":"2","28":"2","48":"2","W3":"2","47":"2","68":"2","JF":"2","JM":"2","V4":"2","27":"2","M5":"2","M6":"2","JG":"2","H8":"2","C5":"2","86":"2","HF":"2","Q6":"2","RW":"2","JR":"2","HC":"2","J6":"2","84":"2","W6":"2","JP":"2","P6":"2","RF":"2","QJ":"2","JC":"2","87":"2","83":"2","J7":"2","57":"2","W4":"2","F6":"2","V3":"2","26":"2","JJ":"2","QF":"2","97":"2","W5":"2","V5":"2","96":"2","67":"2","H7":"2","J9":"2","37":"2","JQ":"2","F5":"2","J5":"2","82":"2","J8":"2","54":"2","53":"2","C6":"2","38":"2","V6":"2","H9":"2"},"8C":{"9M":"2","QJ":"2","RM":"2","PQ":"2","HG":"2","VW":"2","JG":"2","GF":"2","HQ":"2","GH":"2","QQ":"2","PM":"2","PP":"2","HM":"2","QV":"2","8H":"2","HJ":"2","RR":"2","JP":"2","GJ":"2","RW":"2","9J":"2","8G":"2","JJ":"2","HH":"2","HF":"2","MJ":"2","CH":"2","RJ":"2","FH":"2","JF":"2","HP":"2","9G":"2","RV":"2","FG":"2","GG":"2","RQ":"2","MP":"2","QP":"2","QH":"2","CJ":"2","QM":"2","FF":"2","QW":"2","CG":"2","QR":"2","MQ":"2","9F":"2","FC":"2","CF":"2","JH":"2","RP":"2","GC":"2","FJ":"2","JM":"2","MM":"2","VV":"2"},"46":{"F5":"2"},"HX":{"27":"2"},"HR":{"X5":"2"},"8F":{"66":"2","58":"2","67":"2","57":"2","69":"2","56":"2","59":"2","68":"2"},"GW":{"J9":"2"},"57":{"R3":"2","W8":"2","W6":"2","R8":"2","V2":"2","V8":"2","R2":"2","J2":"2","V9":"2","W7":"2","R9":"2","VC":"2","V3":"2","RC":"2"},"HM":{"8Q":"2","MC":"2","PP":"2","M4":"2","QX":"2","PF":"2","MF":"2","MG":"2","M3":"2","P4":"2","PQ":"2","P9":"2","7X":"2","9Q":"2","9J":"2"},"63":{"9X":"2","8X":"2","7V":"2","9W":"2","7R":"2","7W":"2","5X":"2","8R":"2","8W":"2","2R":"2","6W":"2","6X":"2","8V":"2","5W":"2","6V":"2","CW":"2","CX":"2","2V":"2","7X":"2"},"HV":{"XW":"2","X8":"2","H6":"2","XV":"2","XQ":"2","PJ":"2","XF":"2","H7":"2","JG":"2","VJ":"2","PF":"2","WJ":"2","VH":"2","J8":"2","MC":"2","XR":"2","XC":"2","QM":"2","X5":"2","PP":"2","QQ":"2","H8":"2","WH":"2","X9":"2","XM":"2","WM":"2","WF":"2","XH":"2","VF":"2","VC":"2","PM":"2","PQ":"2","XP":"2","PR":"2","XG":"2","WC":"2","QP":"2","XJ":"2","P9":"2"},"MQ":{"P5":"2"},"JJ":{"74":"2"},"44":{"V8":"2","3Q":"2","R2":"2","W9":"2","CP":"2","WW":"2","3R":"2","VR":"2","QC":"2","GC":"2","6R":"2","WM":"2","JM":"2","RG":"2","PC":"2","CJ":"2","VC":"2","V2":"2","JP":"2","5W":"2","VJ":"2","7P":"2","W7":"2","FJ":"2","WG":"2","RQ":"2","VF":"2","H9":"2","Q9":"2","PF":"2","PP":"2","8J":"2","VM":"2","QH":"2","WQ":"2","FP":"2","RF":"2","QP":"2","V9":"2","6V":"2","4R":"2","WX":"2","RR":"2","CC":"2","C8":"2","CQ":"2","6P":"2","RV":"2","RH":"2","9Q":"2","RP":"2","MH":"2","5P":"2","XC":"2","WH":"2","FQ":"2","HP":"2","JC":"2","G9":"2","VG":"2","Q8":"2","CM":"2","VH":"2","QV":"2","WC":"2","XM":"2","V4":"2","5V":"2","FR":"2","HM":"2","MJ":"2","99":"2","V7":"2","PJ":"2","MF":"2","9J":"2","4Q":"2","C9":"2","W6":"2","WF":"2","R9":"2","VP":"2","8P":"2","85":"2","7Q":"2","RJ":"2","QX":"2","J9":"2","WP":"2","R8":"2","V5":"2","QJ":"2","WR":"2","R7":"2","6Q":"2","C7":"2","RM":"2","H8":"2","9C":"2","5Q":"2","MP":"2","9P":"2","WJ":"2","HC":"2","6W":"2","H7":"2","V6":"2","9M":"2","VQ":"2","QM":"2","MM":"2","9R":"2","VV":"2","FM":"2","W8":"2","98":"2","5R":"2","MC":"2","QR":"2","RC":"2","86":"2","PM":"2","XP":"2","QQ":"2","CR":"2","W5":"2","V3":"2"},"GC":{"P9":"2","QH":"2"},"QP":{"GF":"2","HF":"2","GC":"2","GG":"2","HG":"2","HC":"2"},"JW":{"4V":"2"},"65":{"9M":"2","FR":"2","C7":"2","FM":"2","97":"2","H5":"2","F5":"2","8H":"2","7Q":"2","CM":"2","FW":"2","7R":"2","5V":"2","8J":"2","5G":"2","94":"2","96":"2","93":"2","8F":"2","5X":"2","9J":"2","95":"2","8Q":"2","FV":"2","6R":"2","8G":"2","8R":"2","FP":"2","4V":"2","6P":"2","F6":"2","CV":"2","7P":"2","CH":"2","5Q":"2","FQ":"2","FH":"2","CR":"2","3R":"2","5M":"2","9G":"2","FG":"2","6W":"2","6X":"2","5R":"2","98":"2","P2":"2","3V":"2","8P":"2","5P":"2","5W":"2","6Q":"2","9Q":"2","99":"2","CC":"2","H6":"2","8M":"2","C9":"2","6V":"2","92":"2","CJ":"2","3Q":"2","C8":"2","FF":"2","48":"2","CG":"2","9H":"2","CW":"2","9P":"2","9C":"2","5J":"2","FX":"2","FJ":"2","CP":"2","4R":"2"},"67":{"6C":"2","38":"2","75":"2","C7":"2","J5":"2","73":"2","62":"2","97":"2","H5":"2","G6":"2","54":"2","J8":"2","64":"2","F9":"2","52":"2","63":"2","5C":"2","G4":"2","59":"2","74":"2","H8":"2","G2":"2","J3":"2","H3":"2","79":"2","57":"2","53":"2","65":"2","78":"2","F8":"2","85":"2","H4":"2","G3":"2","J2":"2","J6":"2","55":"2","J4":"2","98":"2","68":"2","F2":"2","99":"2","H6":"2","C9":"2","H2":"2","58":"2","89":"2","67":"2","C8":"2","88":"2","48":"2","H7":"2","G5":"2","F7":"2","F3":"2","J7":"2","49":"2","69":"2","72":"2","56":"2","66":"2"},"H7":{"GF":"2","H8":"2","GC":"2","HC":"2"},"JQ":{"2J":"2","24":"2","23":"2","28":"2"},"64":{"9X":"2","9M":"2","38":"2","75":"2","JG":"2","73":"2","4J":"2","97":"2","7M":"2","3H":"2","6G":"2","54":"2","C2":"2","GW":"2","84":"2","5H":"2","52":"2","7J":"2","8H":"2","7Q":"2","2H":"2","76":"2","7R":"2","22":"2","74":"2","8J":"2","5G":"2","94":"2","23":"2","96":"2","93":"2","8F":"2","95":"2","9J":"2","8Q":"2","7G":"2","79":"2","37":"2","8G":"2","57":"2","53":"2","83":"2","GP":"2","8R":"2","78":"2","HH":"2","8W":"2","HF":"2","86":"2","2J":"2","85":"2","4G":"2","7P":"2","C3":"2","5M":"2","9G":"2","7H":"2","87":"2","C5":"2","8V":"2","98":"2","9R":"2","3J":"2","8P":"2","9Q":"2","99":"2","CC":"2","47":"2","C4":"2","8M":"2","4H":"2","58":"2","89":"2","4M":"2","92":"2","C8":"2","48":"2","88":"2","6M":"2","6J":"2","9H":"2","F7":"2","9C":"2","5J":"2","6H":"2","9P":"2","8C":"2","9F":"2","JH":"2","72":"2","82":"2"},"J5":{"JQ":"2","JP":"2"},"CG":{"5X":"2","3M":"2"},"HG":{"XX":"2","MR":"2","JX":"2","JV":"2","JH":"2","R6":"2","Q6":"2","JG":"2","R8":"2","J8":"2","JM":"2","MP":"2","MQ":"2","J9":"2","M8":"2","J2":"2","MW":"2","JF":"2","MV":"2","JJ":"2","48":"2","JP":"2","R7":"2","H2":"2","47":"2","JW":"2","Q7":"2","MM":"2","M9":"2"},"HJ":{"F3":"2","VR":"2","M9":"2","P7":"2","F8":"2","CP":"2","C4":"2","VP":"2","C7":"2","MR":"2","CQ":"2","9V":"2","F9":"2","QW":"2","RW":"2","HQ":"2","JR":"2","CC":"2","F7":"2","G2":"2","FC":"2","9M":"2","FF":"2","QV":"2","8R":"2","HR":"2","F6":"2","QR":"2","F2":"2","VM":"2","C3":"2","9R":"2","CR":"2","WQ":"2","FQ":"2","9X":"2","RP":"2","F5":"2","CG":"2","VJ":"2","RV":"2","C8":"2","RM":"2","RJ":"2","RQ":"2","CF":"2","C6":"2","VQ":"2","F4":"2","MC":"2","9P":"2","FP":"2","RR":"2"},"54":{"MQ":"2","V8":"2","Q5":"2","66":"2","F4":"2","HW":"2","79":"2","R2":"2","W9":"2","F5":"2","HJ":"2","7W":"2","QC":"2","65":"2","3F":"2","M5":"2","G8":"2","P4":"2","WM":"2","JM":"2","RG":"2","M2":"2","3W":"2","5X":"2","XF":"2","CJ":"2","VC":"2","V2":"2","JP":"2","5W":"2","5J":"2","VJ":"2","7J":"2","7P":"2","PH":"2","FH":"2","W7":"2","FJ":"2","WG":"2","7M":"2","W4":"2","VF":"2","RQ":"2","4P":"2","JV":"2","6M":"2","HG":"2","P8":"2","X2":"2","Q9":"2","XJ":"2","PF":"2","PP":"2","8J":"2","VM":"2","JH":"2","QH":"2","7V":"2","WQ":"2","FP":"2","RF":"2","Q4":"2","XG":"2","QP":"2","GJ":"2","H5":"2","V9":"2","6V":"2","4J":"2","RR":"2","C8":"2","J7":"2","6P":"2","3C":"2","R6":"2","X5":"2","P7":"2","2P":"2","2X":"2","93":"2","X3":"2","M8":"2","F9":"2","RH":"2","45":"2","C4":"2","RP":"2","Q3":"2","MH":"2","R3":"2","8M":"2","GH":"2","5P":"2","XC":"2","WH":"2","FQ":"2","HV":"2","HP":"2","F8":"2","JC":"2","VG":"2","HH":"2","Q8":"2","J8":"2","F2":"2","VH":"2","C5":"2","GM":"2","WC":"2","M3":"2","C6":"2","W3":"2","V4":"2","JW":"2","JR":"2","5V":"2","XH":"2","54":"2","G6":"2","G5":"2","P3":"2","HM":"2","G7":"2","MJ":"2","V7":"2","PJ":"2","94":"2","MF":"2","M4":"2","9J":"2","X8":"2","MG":"2","W6":"2","WF":"2","P6":"2","R9":"2","55":"2","G4":"2","95":"2","P5":"2","VP":"2","8P":"2","JF":"2","75":"2","3M":"2","2W":"2","X6":"2","P2":"2","RJ":"2","WP":"2","J9":"2","R8":"2","J4":"2","4M":"2","G3":"2","V5":"2","QJ":"2","2F":"2","R7":"2","JJ":"2","6Q":"2","G2":"2","JG":"2","C7":"2","RM":"2","W2":"2","4F":"2","Q6":"2","H8":"2","J2":"2","P9":"2","QF":"2","82":"2","M6":"2","63":"2","MP":"2","GP":"2","PQ":"2","J6":"2","5M":"2","WJ":"2","F3":"2","HR":"2","56":"2","6W":"2","M7":"2","H7":"2","V6":"2","8X":"2","CH":"2","9M":"2","2M":"2","VQ":"2","X7":"2","QM":"2","H4":"2","X9":"2","MM":"2","Q2":"2","8H":"2","X4":"2","92":"2","F7":"2","W8":"2","FM":"2","3P":"2","MC":"2","F6":"2","QR":"2","RC":"2","PG":"2","J3":"2","M9":"2","PM":"2","QG":"2","H6":"2","QQ":"2","W5":"2","C3":"2","V3":"2","J5":"2","Q7":"2"},"G5":{"WM":"2"},"53":{"MQ":"2","F4":"2","9X":"2","RX":"2","F5":"2","WW":"2","VR":"2","WM":"2","JM":"2","PC":"2","CJ":"2","27":"2","PV":"2","JP":"2","VJ":"2","PH":"2","XR":"2","RQ":"2","JV":"2","QW":"2","PF":"2","PP":"2","VM":"2","7V":"2","WQ":"2","QP":"2","H5":"2","6V":"2","WX":"2","RR":"2","J7":"2","CQ":"2","FX":"2","FV":"2","VX":"2","FW":"2","RV":"2","M8":"2","XX":"2","RP":"2","MH":"2","XV":"2","5G":"2","WH":"2","HP":"2","VW":"2","JC":"2","RW":"2","J8":"2","PR":"2","F2":"2","VH":"2","QV":"2","FR":"2","G6":"2","G5":"2","PJ":"2","MF":"2","CG":"2","PW":"2","MG":"2","WV":"2","G4":"2","VP":"2","QX":"2","J9":"2","WP":"2","J4":"2","G3":"2","WR":"2","G2":"2","RM":"2","H8":"2","P9":"2","MP":"2","PQ":"2","J6":"2","WJ":"2","F3":"2","6W":"2","M7":"2","H7":"2","8X":"2","CH":"2","VQ":"2","H4":"2","VV":"2","MC":"2","F6":"2","QR":"2","PG":"2","M9":"2","PM":"2","QG":"2","H6":"2","QQ":"2","XW":"2","J5":"2"},"CF":{"FR":"2","CR":"2","9R":"2","CP":"2","9P":"2","FV":"2","CW":"2","9Q":"2","CQ":"2","9M":"2","FX":"2","FW":"2","CV":"2"},"HP":{"XX":"2","7C":"2","72":"2","R5":"2","7F":"2","R2":"2","65":"2","73":"2","64":"2"},"45":{"M2":"2","R3":"2","X8":"2","P5":"2","Q2":"2","V5":"2","X7":"2","W6":"2","P8":"2","M5":"2","R5":"2","R8":"2","V2":"2","P2":"2","Q4":"2","V4":"2","R2":"2","P4":"2","P3":"2","X6":"2","Q8":"2","P7":"2","R7":"2","P6":"2","V3":"2","Q7":"2","M4":"2","R4":"2","Q5":"2","M3":"2","Q3":"2"},"43":{"PJ":"2","RW":"2","Q2":"2","QJ":"2","Q9":"2","QM":"2","J9":"2","R2":"2","RX":"2","PP":"2","QH":"2","PM":"2","PH":"2","QP":"2"},"H9":{"MC":"2","J8":"2","JW":"2","M9":"2","J9":"2","JX":"2","J6":"2","J7":"2","M7":"2"}},"RV":{"X5":{"P5":"2"}},"GG":{"XV":{"77":"2","5R":"2","6Q":"2","6G":"2","6R":"2","5G":"2","78":"2","68":"2"},"JG":{"R2":"2"},"FJ":{"QH":"2"},"F3":{"JH":"2"},"CJ":{"3P":"2"},"9M":{"62":"2"},"F6":{"V4":"2"},"4H":{"G7":"2","C7":"2","54":"2","VR":"2","26":"2","25":"2","VP":"2","35":"2","96":"2","45":"2","95":"2","85":"2","F6":"2","VQ":"2","24":"2","36":"2","WP":"2","34":"2","F7":"2"},"5H":{"2H":"2"},"GF":{"GP":"2"},"XH":{"6C":"2","94":"2","92":"2"},"F5":{"RF":"2","VX":"2","RC":"2","QH":"2"},"XG":{"P3":"2"},"3H":{"C7":"2"},"W9":{"9H":"2","94":"2"},"WR":{"RG":"2","RH":"2","QH":"2"}},"Q9":{"5W":{"C9":"2"}},"JX":{"94":{"PG":"2","PF":"2","MF":"2"}},"HJ":{"R2":{"3R":"2","2V":"2"},"WR":{"QG":"2"}},"P5":{"P4":{"RF":"2"}},"HP":{"XM":{"3V":"2","6X":"2"}},"WC":{"47":{"R8":"2","R7":"2","Q6":"2","WC":"2"}}},"index":{"university,1|retail,2|tourism,3|wreck,4|historical,5|artsCulture,6|namedBuilding,7|water,8|wetland,9|park,10|beach,11|natureReserve,12|cemetery,13|trail,14":{}}}