{"index":{"university,1|retail,2|tourism,3|wreck,4|historical,5|artsCulture,6|namedBuilding,7|water,8|wetland,9|park,10|beach,11|natureReserve,12|cemetery,13|trail,14":{}},"94":{"V8":{"C7":{"R5":"2"}},"3Q":{"W9":{"3X":"2"}},"HW":{"VJ":{"6W":"2","8R":"2","6X":"2"}},"8W":{"P5":{"GV":"2","HV":"2"},"23":{"HM":"2","HP":"2","HR":"2","GM":"2","HQ":"2","JR":"2"},"WW":{"CR":"2"},"8X":{"4V":"2"}},"CP":{"W6":{"HM":"2"}},"XQ":{"8W":{"WM":"2"}},"7W":{"R7":{"PF":"2"},"4X":{"GX":"2"},"M9":{"WP":"2","WG":"2","X9":"2","W9":"2","WC":"2","WM":"2","WH":"2"},"P9":{"29":"2"}},"M5":{"98":{"GC":"2"}},"G8":{"FM":{"MV":"2"}},"7X":{"VV":{"X5":"2"},"42":{"G3":"2","F2":"2","F5":"2","F3":"2","G2":"2"},"HW":{"48":"2"},"QQ":{"4P":"2","4M":"2","66":"2","4G":"2","2J":"2","72":"2","76":"2","6C":"2","58":"2","5F":"2","3G":"2","54":"2","67":"2","39":"2","75":"2","3F":"2","57":"2","2G":"2","55":"2","5G":"2","8F":"2","4F":"2","82":"2","6F":"2","69":"2","53":"2","48":"2","2F":"2","5C":"2","78":"2","74":"2","2H":"2","65":"2","4C":"2","3P":"2","56":"2","46":"2","64":"2","4Q":"2","49":"2","59":"2","68":"2"},"PV":{"8C":"2","89":"2","88":"2"},"PQ":{"RG":"2","QG":"2","XF":"2","RJ":"2","PF":"2","VH":"2","RP":"2","QJ":"2","QM":"2","QQ":"2","MG":"2","PG":"2","RF":"2","VG":"2","XH":"2","VF":"2","QH":"2","PQ":"2","QF":"2","XG":"2","QP":"2","WG":"2","RH":"2","RM":"2"},"Q7":{"HM":"2","HP":"2","JM":"2"},"QP":{"MW":"2","3X":"2","8X":"2"},"Q3":{"JG":"2"}},"6R":{"22":{"35":"2","23":"2","43":"2"},"XX":{"Q8":"2","M2":"2","P2":"2"}},"2R":{"3X":{"H4":"2","Q7":"2","Q5":"2","P4":"2","Q6":"2","H5":"2"},"4V":{"MF":"2","QP":"2"}},"3W":{"3C":{"Q5":"2","H5":"2","V8":"2"},"62":{"R2":"2"},"RG":{"8C":"2"},"HR":{"33":"2"},"MM":{"44":"2","2V":"2","2R":"2","45":"2","46":"2"},"VP":{"47":"2"},"JM":{"PW":"2","HW":"2","MX":"2","HX":"2","JX":"2","PX":"2"},"HQ":{"3V":"2","4V":"2"},"QW":{"82":"2","83":"2"},"PM":{"GF":"2","GC":"2"},"JP":{"M2":"2","M7":"2","R3":"2","P5":"2","Q2":"2","W4":"2","X4":"2","J8":"2","V2":"2","P2":"2","Q4":"2","V4":"2","R2":"2","P4":"2","M8":"2","P3":"2","J2":"2","W3":"2","H2":"2","P6":"2","X3":"2","V3":"2","J7":"2","R4":"2","Q5":"2","Q3":"2"}},"5X":{"7R":{"XP":"2"},"8R":{"3R":"2","3J":"2","2M":"2"}},"89":{"R2":{"7R":"2","5H":"2","6R":"2","7V":"2","7W":"2","6V":"2"},"R3":{"55":"2","65":"2"},"M3":{"FF":"2","FJ":"2","PF":"2","CM":"2","CH":"2","FH":"2","CJ":"2","FG":"2","GG":"2","CF":"2","GH":"2","FM":"2","CP":"2","GF":"2","CG":"2","FP":"2","GJ":"2","GM":"2"},"FJ":{"99":"2","MC":"2","C9":"2","7F":"2","PC":"2","9C":"2","CC":"2","98":"2","7G":"2","C7":"2","C6":"2","C8":"2","P9":"2"},"J5":{"6H":"2"}},"V2":{"H5":{"CG":"2"}},"9G":{"R2":{"Q5":"2","Q6":"2"}},"5W":{"4C":{"3G":"2","3H":"2","3J":"2"}},"7J":{"68":{"QR":"2"},"6C":{"W7":"2","W8":"2"},"98":{"24":"2"},"2M":{"79":"2","99":"2"},"88":{"X3":"2"},"78":{"5P":"2","4F":"2","4C":"2","4Q":"2"}},"7P":{"F2":{"GV":"2","JQ":"2","GW":"2","FV":"2","GR":"2","FW":"2"}},"FH":{"WG":{"G8":"2"},"WF":{"FW":"2"}},"6J":{"QR":{"HG":"2","JG":"2","HQ":"2","RF":"2","GH":"2","GR":"2","R9":"2","GW":"2","M9":"2","HM":"2","JQ":"2","FW":"2","HJ":"2","PH":"2","JP":"2","J9":"2","FV":"2","PJ":"2","JJ":"2","HH":"2","FP":"2","HF":"2","MJ":"2","QC":"2","FQ":"2","JF":"2","HP":"2","GG":"2","RC":"2","QH":"2","QG":"2","QF":"2","GV":"2","M8":"2","CW":"2","MH":"2","FX":"2","JH":"2","JM":"2","PG":"2","JC":"2"},"PW":{"5V":"2","5R":"2"},"QV":{"77":"2","86":"2","76":"2","95":"2","88":"2","F3":"2","F2":"2","85":"2","94":"2","75":"2","98":"2","96":"2","87":"2","78":"2","C5":"2","64":"2","97":"2"},"WM":{"RG":"2"}},"88":{"X3":{"7G":"2","5P":"2","G3":"2","6H":"2","8F":"2","6P":"2"}},"GR":{"6G":{"RG":"2","QG":"2","RF":"2","P9":"2"}},"4P":{"FM":{"7V":"2","7X":"2"},"8V":{"V3":"2"},"GJ":{"4M":"2","3M":"2"}},"H9":{"XG":{"MV":"2"},"XH":{"H3":"2"}},"59":{"MR":{"Q8":"2"},"7W":{"3G":"2","33":"2","32":"2","3H":"2","4C":"2","45":"2","49":"2","34":"2"}},"6M":{"C9":{"24":"2","23":"2","22":"2","36":"2"},"97":{"QW":"2","RW":"2","G2":"2"},"G5":{"86":"2"},"GM":{"5W":"2"},"98":{"XX":"2","VQ":"2","VM":"2","XR":"2","WV":"2","VP":"2","WM":"2","WQ":"2","WR":"2"},"99":{"X2":"2"}},"9V":{"2F":{"RR":"2","QR":"2"}},"5C":{"72":{"63":"2","64":"2","GG":"2"},"H3":{"74":"2","75":"2"},"75":{"2H":"2"},"G2":{"JW":"2"}},"PP":{"WC":{"2G":"2"}},"VM":{"2W":{"R2":"2"}},"3X":{"F7":{"HF":"2"},"G3":{"WP":"2"},"5V":{"6H":"2","HG":"2","FF":"2"},"JW":{"WW":"2","WX":"2","VG":"2","XJ":"2","XX":"2","VH":"2","WH":"2"},"Q4":{"92":"2"},"MX":{"36":"2","27":"2","25":"2","28":"2","26":"2","29":"2"},"JX":{"W8":"2","X5":"2","PF":"2","V9":"2","X2":"2","V3":"2","X6":"2","W2":"2","WQ":"2","W9":"2","V8":"2"},"CQ":{"CW":"2","FV":"2","CV":"2"}},"7V":{"42":{"68":"2","69":"2"}},"3V":{"GM":{"X8":"2"},"XF":{"9C":"2"},"QQ":{"Q6":"2"}},"6V":{"3G":{"FG":"2"},"F8":{"W7":"2","W8":"2","V9":"2","V7":"2","W9":"2","V8":"2"},"25":{"3X":"2","4X":"2","3W":"2"}},"4R":{"3P":{"MC":"2","MF":"2"},"2R":{"6H":"2"},"42":{"RX":"2","RW":"2"},"48":{"J2":"2"}},"78":{"FV":{"F7":"2","G7":"2"}},"8Q":{"V2":{"RR":"2","RQ":"2","VR":"2","VP":"2","VQ":"2"}},"CQ":{"MQ":{"3F":"2"}},"6P":{"66":{"GW":"2","QG":"2","HR":"2","HP":"2","HQ":"2","MP":"2","FR":"2","PG":"2","FX":"2","GR":"2","FW":"2","GV":"2","QH":"2","PQ":"2","PH":"2","FV":"2","GQ":"2","GP":"2"},"26":{"FJ":"2"},"75":{"R9":"2"}},"2P":{"9R":{"MW":"2","JW":"2","MV":"2","JV":"2"},"3P":{"5F":"2","5G":"2"},"2Q":{"P3":"2","C7":"2","M3":"2","62":"2","F5":"2","52":"2","63":"2","G4":"2","23":"2","G2":"2","J3":"2","H3":"2","H4":"2","F6":"2","G3":"2","24":"2","P2":"2","G5":"2","M4":"2","M2":"2"},"3R":{"R9":"2"},"74":{"X7":"2"},"4Q":{"2R":"2"},"2P":{"MR":"2","JQ":"2","JX":"2","GW":"2","JV":"2","QG":"2","HP":"2","JG":"2","MX":"2","HH":"2","GX":"2","HX":"2","JP":"2","FW":"2","GV":"2","QH":"2","HV":"2","JW":"2","PR":"2","FV":"2","PX":"2","GP":"2","5Q":"2"}},"2X":{"58":{"7G":"2"},"5R":{"73":"2"},"PM":{"X2":"2","77":"2","V2":"2","79":"2","W2":"2","85":"2","67":"2","69":"2","5C":"2","C6":"2","78":"2","68":"2"},"MH":{"VW":"2","RF":"2","QQ":"2","7M":"2","X5":"2","VR":"2","64":"2","QV":"2","8H":"2","7Q":"2","63":"2","RR":"2","7R":"2","QX":"2","45":"2","RW":"2","8F":"2","5X":"2","X7":"2","PV":"2","6R":"2","57":"2","4X":"2","46":"2","6P":"2","7P":"2","5Q":"2","VQ":"2","55":"2","RV":"2","6W":"2","6X":"2","8P":"2","5W":"2","RQ":"2","6V":"2","QW":"2","RG":"2","QR":"2","56":"2","VV":"2"},"47":{"F2":"2","C2":"2","F3":"2","G2":"2"},"JM":{"FF":"2","Q2":"2","V6":"2","CR":"2","F9":"2","Q9":"2","FG":"2","9C":"2","GG":"2","FR":"2","G8":"2","Q8":"2","F8":"2"},"MG":{"7V":"2","6W":"2","6V":"2"},"VP":{"55":"2","64":"2","54":"2","44":"2","5M":"2","5R":"2","65":"2","27":"2","6P":"2","74":"2","75":"2","5J":"2"},"MJ":{"9X":"2","8W":"2","8R":"2","W9":"2","XQ":"2","RX":"2","HJ":"2","VR":"2","7W":"2","PX":"2","3F":"2","7X":"2","6R":"2","FF":"2","JM":"2","39":"2","52":"2","PV":"2","9G":"2","JP":"2","9H":"2","VJ":"2","7J":"2","5J":"2","7P":"2","6J":"2","XR":"2","7M":"2","44":"2","42":"2","46":"2","36":"2","29":"2","4P":"2","6M":"2","9V":"2","8J":"2","43":"2","7V":"2","WQ":"2","Q4":"2","4C":"2","47":"2","6V":"2","4R":"2","4J":"2","8Q":"2","RR":"2","5H":"2","FX":"2","6P":"2","FV":"2","3C":"2","28":"2","2P":"2","FW":"2","CX":"2","X3":"2","RV":"2","38":"2","45":"2","9W":"2","9Q":"2","R4":"2","R3":"2","8M":"2","5P":"2","F8":"2","77":"2","HX":"2","MV":"2","2G":"2","CW":"2","PR":"2","3G":"2","MW":"2","QV":"2","4H":"2","MX":"2","XM":"2","6X":"2","4G":"2","54":"2","62":"2","35":"2","2J":"2","G7":"2","MF":"2","CG":"2","3J":"2","PW":"2","X8":"2","WV":"2","55":"2","7H":"2","2C":"2","8P":"2","32":"2","3M":"2","7Q":"2","9F":"2","P2":"2","QX":"2","WP":"2","8F":"2","4M":"2","WR":"2","2F":"2","2H":"2","4V":"2","6Q":"2","4F":"2","3H":"2","5Q":"2","63":"2","MP":"2","9P":"2","7R":"2","37":"2","5M":"2","53":"2","CV":"2","6W":"2","8X":"2","CH":"2","2M":"2","VQ":"2","X9":"2","MM":"2","Q2":"2","8H":"2","9R":"2","VV":"2","CF":"2","8G":"2","8V":"2","3P":"2","QR":"2","XP":"2","H6":"2","49":"2","JQ":"2"},"5G":{"XF":"2"},"MR":{"99":"2","3R":"2","2V":"2","98":"2","9F":"2","2X":"2","97":"2","2W":"2"},"PF":{"CH":"2"},"MV":{"5X":"2","22":"2","4V":"2","5R":"2","3R":"2","6C":"2","6G":"2","79":"2","5F":"2","5W":"2","3V":"2","83":"2","4W":"2","5G":"2","23":"2","4R":"2","6F":"2","78":"2","5P":"2","4Q":"2","25":"2","6H":"2"},"PX":{"J9":"2"},"PH":{"73":"2","4J":"2","77":"2","6G":"2","39":"2","2G":"2","3F":"2","2F":"2","35":"2","45":"2","3C":"2","2C":"2","5X":"2","7G":"2","57":"2","43":"2","78":"2","46":"2","44":"2","42":"2","87":"2","6X":"2","5W":"2","47":"2","3G":"2","34":"2"},"JV":{"G8":"2","MW":"2","QJ":"2","PQ":"2","RM":"2","M7":"2","MF":"2","M5":"2","W4":"2","PM":"2","PP":"2","W7":"2","M9":"2","QV":"2","P5":"2","X2":"2","V4":"2","PH":"2","P4":"2","MG":"2","H8":"2","J9":"2","PV":"2","W3":"2","MC":"2","PW":"2","X3":"2","V7":"2","PJ":"2","RJ":"2","RH":"2","RV":"2","MV":"2","QP":"2","MR":"2","QH":"2","PR":"2","QG":"2","QF":"2","X4":"2","QM":"2","PF":"2","H7":"2","QW":"2","RG":"2","F7":"2","WF":"2","M8":"2","MH":"2","WG":"2","PG":"2","MM":"2","JC":"2"},"JR":{"QJ":"2","WW":"2","RF":"2","WV":"2","VJ":"2","XV":"2","VM":"2","HJ":"2","VH":"2","WX":"2","JJ":"2","XX":"2","MJ":"2","XR":"2","VG":"2","WR":"2","QP":"2","QG":"2","QF":"2","RG":"2","MH":"2","WJ":"2","RP":"2","WG":"2"},"Q3":{"C6":"2","96":"2"},"MP":{"7Q":"2","GV":"2","5R":"2","F3":"2","8H":"2","C4":"2","HH":"2","GX":"2","JG":"2","H8":"2","F9":"2","5J":"2","HF":"2","Q3":"2","HC":"2","JH":"2","6P":"2","G6":"2","G7":"2","JC":"2","J7":"2","GW":"2","HM":"2","J2":"2","HV":"2","G8":"2","JJ":"2","C3":"2","9H":"2","J3":"2","J9":"2","HW":"2","H7":"2","F5":"2","H6":"2","HG":"2","HJ":"2","8J":"2","J8":"2","G5":"2","8G":"2","HP":"2","F4":"2","H5":"2","H9":"2","9J":"2","FP":"2"},"PJ":{"23":"2","XR":"2","2G":"2","2P":"2","62":"2","6C":"2","22":"2","VR":"2","2R":"2","6Q":"2","XW":"2","2Q":"2","WX":"2","6R":"2","5G":"2","WR":"2","7M":"2","3P":"2","24":"2","6F":"2","6M":"2","5J":"2","2H":"2","5P":"2","XX":"2","66":"2","WW":"2","7P":"2","XV":"2","6J":"2","6P":"2","JP":"2","25":"2","QV":"2","5M":"2","4G":"2","WV":"2","5F":"2","4Q":"2","63":"2","2J":"2","QR":"2","VV":"2","4P":"2","2F":"2","8P":"2","5H":"2","3Q":"2","65":"2","64":"2","VX":"2","RV":"2","6H":"2","2M":"2","88":"2","69":"2","6G":"2","VW":"2","RR":"2"},"MX":{"35":"2","24":"2","23":"2","33":"2","32":"2","79":"2","3R":"2","22":"2","25":"2","34":"2"},"JP":{"RG":"2"},"46":{"FR":"2","FM":"2","77":"2","FW":"2","76":"2","57":"2","65":"2","FP":"2","46":"2","CH":"2","FQ":"2","55":"2","CQ":"2","47":"2","CJ":"2","67":"2","CW":"2","CX":"2","FX":"2","FJ":"2","56":"2","66":"2","CP":"2"},"QJ":{"9X":"2","8X":"2","4W":"2","7V":"2","9W":"2","2W":"2","5V":"2","7W":"2","5X":"2","8W":"2","2R":"2","4X":"2","4V":"2","6W":"2","6X":"2","8V":"2","3W":"2","3V":"2","5W":"2","6V":"2","3X":"2","CW":"2","CX":"2","2V":"2","2X":"2","7X":"2"},"MW":{"42":"2","52":"2","28":"2","32":"2","2W":"2","6Q":"2","6R":"2","3R":"2","27":"2","49":"2","4R":"2","3P":"2","3V":"2","5P":"2","66":"2","29":"2","2X":"2","6P":"2","4V":"2","33":"2","4Q":"2","39":"2","44":"2","3X":"2","4P":"2","8P":"2","5Q":"2","3Q":"2","4X":"2","3C":"2","53":"2","3F":"2","38":"2","3W":"2","43":"2"},"Q4":{"2W":"2","2Q":"2","2V":"2","2X":"2","2R":"2"},"QM":{"95":"2","42":"2","62":"2","52":"2","32":"2","22":"2","93":"2","C4":"2","VP":"2","C7":"2","M5":"2","C5":"2","86":"2","85":"2","73":"2","84":"2","94":"2","XQ":"2","XP":"2","83":"2","33":"2","J7":"2","XC":"2","63":"2","44":"2","97":"2","C3":"2","75":"2","72":"2","WQ":"2","96":"2","64":"2","82":"2","74":"2","C2":"2","RQ":"2","54":"2","53":"2","C6":"2","43":"2","92":"2","WC":"2"},"5F":{"6Q":"2"},"MQ":{"F4":"2","9G":"2","9V":"2","G2":"2","9R":"2","G3":"2","F3":"2","3G":"2","CF":"2","F8":"2","G5":"2","CG":"2","F5":"2","G4":"2"},"JJ":{"XF":"2","X7":"2","VH":"2","XC":"2","VP":"2","X6":"2","XH":"2","XG":"2","XJ":"2"},"Q5":{"5P":"2","24":"2","23":"2","6Q":"2","5Q":"2","6P":"2"},"PG":{"7M":"2","7P":"2","8G":"2","8H":"2","4X":"2"},"RP":{"93":"2","QC":"2","W7":"2","H6":"2","RG":"2","RF":"2","VG":"2","94":"2","M8":"2","VF":"2","83":"2","QF":"2","H7":"2","84":"2","P8":"2"},"F5":{"PJ":"2","VM":"2","RP":"2","MQ":"2","QJ":"2","VP":"2","QH":"2","WQ":"2","RM":"2"},"GG":{"89":"2"},"Q2":{"CW":"2","FW":"2","CV":"2"},"RM":{"RW":"2","VV":"2","5F":"2","5H":"2","VX":"2","GM":"2","VW":"2"},"MM":{"G8":"2","9X":"2","G7":"2","FR":"2","C7":"2","GF":"2","FM":"2","GH":"2","G6":"2","G9":"2","GR":"2","GW":"2","GX":"2","F9":"2","Q2":"2","26":"2","25":"2","FW":"2","G4":"2","GJ":"2","8J":"2","45":"2","H8":"2","FV":"2","8Q":"2","H9":"2","H3":"2","R3":"2","FP":"2","HF":"2","F8":"2","H4":"2","F6":"2","CV":"2","G3":"2","FH":"2","FQ":"2","C3":"2","CR":"2","FG":"2","GG":"2","P2":"2","8P":"2","F2":"2","9Q":"2","CC":"2","99":"2","C4":"2","C9":"2","H2":"2","58":"2","89":"2","C8":"2","FF":"2","HC":"2","GV":"2","G5":"2","F7":"2","9C":"2","9P":"2","9F":"2","FX":"2","FC":"2","CF":"2","72":"2","GC":"2","FJ":"2","GM":"2","CP":"2","R2":"2","82":"2"},"45":{"6V":"2"}},"RH":{"79":{"6J":"2"}},"GH":{"38":{"62":"2","4J":"2","3H":"2","54":"2","64":"2","52":"2","3F":"2","63":"2","3M":"2","5C":"2","2W":"2","59":"2","5G":"2","2P":"2","2M":"2","57":"2","53":"2","65":"2","2Q":"2","2R":"2","4G":"2","3R":"2","55":"2","4F":"2","3W":"2","3V":"2","3J":"2","4C":"2","4H":"2","5F":"2","58":"2","3G":"2","4M":"2","3Q":"2","3P":"2","2V":"2","49":"2","56":"2","2X":"2"},"28":{"XV":"2","XX":"2","XW":"2"},"37":{"7Q":"2","7C":"2","6C":"2","6X":"2","5R":"2","8H":"2","6Q":"2","7G":"2","8M":"2","6R":"2","7H":"2","5X":"2","5G":"2","5C":"2","7M":"2","4R":"2","7F":"2","4M":"2","6F":"2","6M":"2","5J":"2","5P":"2","7P":"2","7X":"2","79":"2","6J":"2","7R":"2","6P":"2","9M":"2","4J":"2","59":"2","7W":"2","5M":"2","4G":"2","8Q":"2","7J":"2","4F":"2","4H":"2","5F":"2","7V":"2","4Q":"2","76":"2","M4":"2","4P":"2","6W":"2","8P":"2","5Q":"2","6V":"2","5H":"2","9H":"2","H7":"2","H6":"2","6H":"2","69":"2","8J":"2","8G":"2","6G":"2","9J":"2"}},"4W":{"C4":{"72":"2"},"JC":{"8J":"2"},"43":{"3C":"2","3F":"2"}},"F8":{"H7":{"GW":"2","FW":"2"}},"G9":{"57":{"8Q":"2","9R":"2","8P":"2","9V":"2","8V":"2","9P":"2","8R":"2","9Q":"2"}},"J8":{"6J":{"JW":"2"}},"GW":{"CQ":{"R4":"2"}},"F2":{"G7":{"VC":"2","V9":"2","W9":"2","WC":"2"},"H7":{"28":"2","26":"2"}},"H2":{"9X":{"3X":"2"}},"M3":{"X6":{"RX":"2"},"X7":{"R2":"2"}},"4H":{"5V":{"74":"2"},"4W":{"W5":"2"}},"GG":{"2W":{"GC":"2","HC":"2","H8":"2","G8":"2","GR":"2","GF":"2","G9":"2","GQ":"2","H9":"2"}},"C6":{"C6":{"9X":"2","8W":"2"},"4H":{"72":"2","63":"2","54":"2","44":"2","45":"2"},"C7":{"72":"2","9V":"2","6F":"2","83":"2","7C":"2"},"4G":{"HP":"2"}},"7C":{"7C":{"8Q":"2","9P":"2","8R":"2","9Q":"2"},"89":{"R3":"2","Q6":"2","JG":"2","R5":"2","R8":"2","MC":"2","V2":"2","Q4":"2","PC":"2","R2":"2","MG":"2","JF":"2","MF":"2","R7":"2","R4":"2","M9":"2","Q3":"2"},"88":{"VR":"2","XF":"2","VV":"2","WJ":"2","XC":"2","RX":"2","XM":"2","WM":"2","WP":"2","XH":"2","VX":"2","WQ":"2","XG":"2","XJ":"2","VW":"2","WR":"2"},"98":{"35":"2","33":"2","54":"2","44":"2","2F":"2","52":"2","34":"2","43":"2"},"C7":{"6G":"2"},"C6":{"H6":"2","CH":"2","9H":"2","H7":"2"},"4C":{"JF":"2","FH":"2"},"8C":{"93":"2"},"97":{"GH":"2","5Q":"2","5R":"2","GJ":"2","5X":"2","4X":"2","3W":"2","5W":"2"}},"5V":{"X8":{"J2":"2"},"W5":{"GW":"2","GX":"2"},"V5":{"5P":"2","4M":"2","4P":"2","5Q":"2","5M":"2","QQ":"2"},"W6":{"23":"2","36":"2","58":"2","5V":"2","34":"2","6C":"2","6X":"2","5R":"2","28":"2","3G":"2","99":"2","8X":"2","48":"2","M9":"2","6Q":"2","47":"2","68":"2","JF":"2","6R":"2","HH":"2","27":"2","4R":"2","JG":"2","3P":"2","H8":"2","9V":"2","24":"2","HF":"2","C9":"2","77":"2","35":"2","66":"2","29":"2","8W":"2","7X":"2","79":"2","56":"2","JH":"2","7R":"2","55":"2","46":"2","JC":"2","25":"2","87":"2","2C":"2","4V":"2","59":"2","7W":"2","33":"2","57":"2","7V":"2","4Q":"2","26":"2","63":"2","39":"2","JJ":"2","44":"2","4P":"2","98":"2","6W":"2","3H":"2","89":"2","78":"2","5Q":"2","6V":"2","9X":"2","65":"2","67":"2","J9":"2","H7":"2","37":"2","64":"2","HG":"2","M8":"2","C8":"2","88":"2","HJ":"2","69":"2","J8":"2","54":"2","53":"2","3M":"2","9W":"2","38":"2","45":"2","MC":"2","H9":"2","43":"2"},"V6":{"7C":"2","X9":"2","VR":"2","99":"2","WG":"2","MH":"2","9F":"2","68":"2","XF":"2","MG":"2","MJ":"2","HH":"2","X6":"2","WJ":"2","WR":"2","JG":"2","XG":"2","86":"2","9C":"2","X8":"2","X5":"2","PH":"2","5P":"2","77":"2","66":"2","W9":"2","CC":"2","79":"2","JH":"2","PJ":"2","GJ":"2","8C":"2","QJ":"2","WF":"2","87":"2","5M":"2","QM":"2","WH":"2","WV":"2","XC":"2","8F":"2","76":"2","9G":"2","HM":"2","X7":"2","JJ":"2","VV":"2","75":"2","89":"2","78":"2","WQ":"2","GM":"2","QP":"2","QH":"2","VH":"2","67":"2","RP":"2","VJ":"2","RM":"2","RH":"2","RJ":"2","88":"2","HJ":"2","8G":"2","CF":"2","WC":"2"},"V7":{"5P":"2","H6":"2","4M":"2","4P":"2","5M":"2","2V":"2"},"X5":{"6M":"2","6P":"2","29":"2"},"CC":{"C8":"2","98":"2"},"J2":{"7V":"2","6W":"2","7W":"2"},"2G":{"9F":"2"},"W7":{"75":"2","73":"2","62":"2","77":"2","C2":"2","84":"2","64":"2","63":"2","76":"2","74":"2","94":"2","93":"2","96":"2","45":"2","95":"2","79":"2","83":"2","78":"2","86":"2","85":"2","44":"2","87":"2","68":"2","89":"2","92":"2","67":"2","88":"2","7C":"2","69":"2","72":"2","7F":"2","82":"2"},"X6":{"R6":"2","Q6":"2","Q8":"2","6J":"2","R7":"2","Q7":"2","Q5":"2"},"2F":{"4W":"2","3X":"2","4X":"2","3W":"2","3V":"2","4V":"2"},"R7":{"XV":"2","M6":"2"}},"G6":{"PR":{"FF":"2"},"QR":{"9M":"2","FR":"2","FM":"2","CM":"2","FW":"2","8J":"2","9J":"2","FV":"2","8Q":"2","FP":"2","CR":"2","FQ":"2","CQ":"2","9R":"2","8P":"2","MX":"2","HV":"2","9Q":"2","8M":"2","JX":"2","CJ":"2","9H":"2","9P":"2","HW":"2","CP":"2"},"PW":{"FW":"2","GV":"2","MH":"2","8X":"2","GP":"2","JM":"2","MG":"2","CP":"2","MJ":"2","HH":"2","CW":"2","JG":"2","PF":"2","9V":"2","HQ":"2","CV":"2","FR":"2","FV":"2","79":"2","JH":"2","JP":"2","CX":"2","87":"2","8V":"2","GW":"2","HM":"2","GR":"2","JJ":"2","QF":"2","78":"2","9R":"2","CR":"2","FQ":"2","9X":"2","GM":"2","QC":"2","GQ":"2","JQ":"2","88":"2","HJ":"2","C2":"2","9W":"2","HP":"2","MC":"2"},"MW":{"GX":"2"},"VR":{"45":"2"},"PV":{"RM":"2","RP":"2"},"VQ":{"2W":"2","5X":"2","5W":"2"},"QV":{"M2":"2","F4":"2","F2":"2","85":"2","J2":"2","F5":"2","H2":"2","84":"2"},"JX":{"QX":"2","VC":"2","V9":"2","RX":"2","VV":"2","VX":"2","VW":"2","QW":"2","RW":"2","RV":"2","PX":"2"},"VM":{"G2":"2"},"PX":{"72":"2","48":"2"}},"2J":{"PG":{"93":"2","C4":"2","C2":"2","66":"2","94":"2","C3":"2","65":"2","F5":"2","83":"2","F4":"2","C5":"2","92":"2","95":"2","75":"2"},"PF":{"CX":"2","CW":"2"},"HW":{"M7":"2","JH":"2","R6":"2","HJ":"2","H7":"2","HC":"2","Q6":"2","P8":"2","R8":"2","J8":"2","Q9":"2","J9":"2","HH":"2","M8":"2","H8":"2","JF":"2","HF":"2","Q8":"2","JJ":"2","R7":"2","P7":"2","P6":"2","J7":"2","Q7":"2","JC":"2","Q5":"2","H9":"2","P9":"2","HG":"2"},"MG":{"XC":"2"},"HX":{"MQ":"2"},"JX":{"QC":"2","V9":"2","GM":"2","JJ":"2","GJ":"2","R9":"2"},"CG":{"G7":"2"},"84":{"M9":"2"}},"G7":{"H4":{"X9":"2"},"57":{"9V":"2","8V":"2","WW":"2","XM":"2","XH":"2","7V":"2","XJ":"2","VW":"2"},"8P":{"8Q":"2"},"67":{"2J":"2","2H":"2","2G":"2","2M":"2","2P":"2"},"J2":{"M2":"2","R3":"2","P5":"2","Q2":"2","M5":"2","V2":"2","P2":"2","Q4":"2","R2":"2","P4":"2","J3":"2","P3":"2","J4":"2","V3":"2","M4":"2","M3":"2","Q3":"2"}},"96":{"3J":{"5X":"2","9M":"2","9J":"2"},"2M":{"XV":"2","WV":"2","X8":"2","XR":"2","WW":"2","X6":"2","XW":"2","X7":"2","XQ":"2"},"3M":{"28":"2","42":"2","39":"2","33":"2","53":"2","43":"2","27":"2","47":"2","3C":"2","26":"2","34":"2","52":"2","44":"2"},"2P":{"X4":"2","W4":"2"}},"V7":{"C4":{"P8":"2","R8":"2","J8":"2","Q9":"2","J9":"2","M8":"2","Q8":"2","M9":"2"}},"CG":{"C2":{"Q5":"2","Q6":"2"}},"3J":{"HC":{"G5":"2"}},"7F":{"WX":{"5H":"2","C9":"2","6J":"2","9C":"2","F8":"2","4J":"2","F9":"2","6H":"2","C8":"2","CC":"2","5J":"2","5G":"2","99":"2"}},"X8":{"CX":{"V9":"2","V8":"2"},"FX":{"28":"2"}},"W6":{"6X":{"CR":"2","9R":"2","8V":"2","CW":"2"}},"G4":{"QG":{"33":"2"},"VX":{"38":"2"},"R7":{"H4":"2","J4":"2","J6":"2","H5":"2","J5":"2"},"QF":{"3M":"2","2V":"2","6M":"2","2H":"2","6J":"2","3P":"2","2R":"2","3Q":"2","4Q":"2","49":"2"}},"7H":{"4X":{"6G":"2"},"3W":{"WF":"2"},"JV":{"6G":"2"}},"7Q":{"PC":{"35":"2","25":"2","26":"2"},"Q7":{"PX":"2"},"MG":{"C8":"2"}},"2W":{"6C":{"Q9":"2","M9":"2","FC":"2"},"CM":{"G8":"2"},"7F":{"57":"2","67":"2"},"P4":{"RG":"2","VG":"2"},"PP":{"C9":"2","G9":"2","F9":"2","GC":"2","FC":"2"},"P3":{"3G":"2","2F":"2","3F":"2"},"QW":{"GV":"2","9V":"2","FV":"2","CW":"2","FW":"2","CV":"2"},"FM":{"MW":"2"},"PM":{"CF":"2"},"M3":{"M6":"2","Q7":"2","R6":"2","R7":"2","F6":"2","Q6":"2","V7":"2","V8":"2"},"RM":{"7C":"2","4G":"2","6C":"2","7F":"2","6G":"2","5F":"2","3G":"2","3F":"2","7G":"2","5G":"2","8F":"2","4F":"2","6F":"2","H2":"2","8C":"2","6H":"2"}},"P2":{"2J":{"MX":"2","PV":"2"},"2H":{"RX":"2","RW":"2","RV":"2"},"3X":{"5J":"2"},"3H":{"56":"2","68":"2","6C":"2","7F":"2","59":"2","78":"2","69":"2"}},"6F":{"8P":{"C4":"2","7M":"2","97":"2","62":"2","7J":"2","6P":"2","H7":"2"},"6P":{"G4":"2","H5":"2"},"8M":{"9M":"2","6C":"2","7J":"2","8H":"2","5C":"2","59":"2","8J":"2","5G":"2","9J":"2","7G":"2","8G":"2","CV":"2","6X":"2","9R":"2","58":"2","48":"2","6F":"2","CX":"2","7C":"2","69":"2","7F":"2"}},"4M":{"97":{"7P":"2"},"9C":{"QP":"2"},"96":{"CW":"2","FW":"2","CV":"2"},"CC":{"2R":"2"},"9F":{"Q8":"2"},"99":{"GV":"2","HV":"2","HR":"2","GR":"2"}},"4X":{"4R":{"Q5":"2"}},"2H":{"MX":{"4M":"2","4P":"2"}},"69":{"2V":{"57":"2","63":"2","62":"2","52":"2","73":"2"},"2X":{"GQ":"2","GX":"2"},"2R":{"Q6":"2"}},"2Q":{"33":{"WP":"2"},"32":{"5C":"2"},"45":{"F6":"2"},"43":{"9P":"2"}},"4V":{"XF":{"FQ":"2","CQ":"2","CM":"2","FR":"2","CP":"2","FW":"2","FP":"2","CV":"2","FV":"2","QX":"2"},"4V":{"HG":"2","6C":"2","H5":"2","G6":"2","F5":"2","6G":"2","Q7":"2","H8":"2","J9":"2","H9":"2","7G":"2","H3":"2","HF":"2","F8":"2","H4":"2","F6":"2","J4":"2","7H":"2","GG":"2","98":"2","99":"2","H6":"2","89":"2","6F":"2","H7":"2","HC":"2","G5":"2","6H":"2","9C":"2","7C":"2","8C":"2","JC":"2","7F":"2"},"5R":{"8Q":"2","7P":"2","9P":"2"},"4R":{"PW":"2","VR":"2","RW":"2","RV":"2","PX":"2"},"CP":{"93":"2"},"XH":{"86":"2","66":"2","76":"2","95":"2","83":"2","85":"2","94":"2","75":"2","H5":"2","93":"2","96":"2","C6":"2","74":"2","65":"2","H2":"2","C5":"2","84":"2","73":"2","64":"2"},"XG":{"H4":"2","RJ":"2","95":"2","G2":"2","G3":"2","MX":"2","J3":"2","J2":"2","H5":"2","9W":"2","H3":"2","J4":"2","J5":"2","G5":"2","F5":"2","H2":"2","C5":"2","G4":"2","G6":"2"},"RH":{"JJ":"2","MJ":"2"},"HG":{"73":"2"}},"H3":{"92":{"33":"2","32":"2"},"75":{"2W":"2","3R":"2","2V":"2"}},"6Q":{"35":{"35":"2","44":"2","45":"2","42":"2","43":"2"},"CM":{"FR":"2"},"3F":{"62":"2"},"2X":{"8R":"2","8P":"2","9R":"2","8V":"2","7W":"2","7Q":"2","6R":"2","7R":"2","8Q":"2","7J":"2","6V":"2","7V":"2","7P":"2","8W":"2"},"33":{"6Q":"2"},"CP":{"VR":"2","RW":"2","VV":"2","RV":"2","9M":"2","RX":"2","MW":"2","MV":"2","VX":"2","WQ":"2","VW":"2","WR":"2"},"3C":{"6W":"2","6V":"2","6X":"2"},"34":{"3R":"2","4W":"2","3X":"2","4X":"2","3W":"2","3V":"2","4V":"2"}},"C7":{"99":{"P3":"2","M7":"2","M3":"2","8H":"2","Q2":"2","9W":"2","CM":"2","P4":"2","8J":"2","J3":"2","VC":"2","Q3":"2","J4":"2","P2":"2","CJ":"2","Q4":"2","CW":"2","CX":"2"},"9G":{"54":"2","25":"2","5C":"2","22":"2","59":"2","35":"2","23":"2","45":"2","32":"2","57":"2","43":"2","53":"2","46":"2","44":"2","42":"2","55":"2","24":"2","36":"2","68":"2","47":"2","33":"2","58":"2","67":"2","48":"2","34":"2","49":"2","56":"2"},"8H":{"2J":"2","2V":"2","3G":"2","2P":"2","3F":"2","2G":"2","2H":"2","2R":"2","2M":"2","2W":"2"},"9C":{"7C":"2","95":"2","62":"2","6C":"2","5R":"2","68":"2","7G":"2","C4":"2","5X":"2","C7":"2","4R":"2","C5":"2","7F":"2","86":"2","6F":"2","6M":"2","5J":"2","5P":"2","66":"2","85":"2","79":"2","56":"2","6J":"2","F7":"2","8C":"2","4J":"2","5M":"2","4G":"2","F6":"2","4H":"2","4Q":"2","63":"2","C3":"2","89":"2","78":"2","5Q":"2","5H":"2","67":"2","64":"2","6H":"2","69":"2","C2":"2","6G":"2","C6":"2","MC":"2"},"CF":{"82":"2"},"98":{"J8":"2","J9":"2","J6":"2","J5":"2"},"9F":{"6C":"2","4X":"2","3W":"2","58":"2","2V":"2","2X":"2","6F":"2","3X":"2","5P":"2","59":"2","2W":"2"},"8F":{"XX":"2","XW":"2"},"7J":{"R3":"2","Q3":"2","P7":"2","Q7":"2","Q8":"2","V3":"2","V2":"2","W2":"2","R4":"2","Q2":"2"},"96":{"QJ":"2","RM":"2","RG":"2","QM":"2","RF":"2","VG":"2","RH":"2","VF":"2","RJ":"2","VJ":"2","QH":"2","VH":"2"},"7H":{"XX":"2","XW":"2","XV":"2","XQ":"2","XR":"2","WV":"2","WW":"2","XM":"2","WM":"2","WX":"2","VX":"2","XG":"2","XJ":"2","W9":"2"},"8G":{"X2":"2","FQ":"2","JH":"2","HJ":"2","X4":"2","X5":"2","HH":"2","JJ":"2","FP":"2","X3":"2","GQ":"2","GM":"2","GP":"2"}},"9C":{"WR":{"4J":"2","3J":"2"}},"M6":{"H4":{"R5":"2","R2":"2","R3":"2","V3":"2"},"H3":{"RX":"2"}},"9P":{"C9":{"F8":"2"}},"7R":{"8W":{"R3":"2","Q3":"2","Q5":"2","Q4":"2","P4":"2"},"8R":{"5X":"2","6X":"2"}},"FG":{"7P":{"W5":"2","W6":"2"}},"CV":{"Q7":{"XP":"2"},"Q8":{"XF":"2","XH":"2"},"R8":{"38":"2","28":"2","54":"2","39":"2","2G":"2","26":"2","25":"2","2F":"2","2H":"2","35":"2","2C":"2","32":"2","37":"2","53":"2","43":"2","27":"2","29":"2","2J":"2","44":"2","42":"2","36":"2","33":"2","34":"2"},"R7":{"4V":"2","3R":"2","4X":"2","3W":"2","3V":"2","4W":"2","4R":"2","3X":"2","3Q":"2","4Q":"2"},"RC":{"Q7":"2"}},"8X":{"72":{"FW":"2"},"8C":{"3C":"2"},"64":{"WQ":"2","RF":"2","QQ":"2","RX":"2","QV":"2","WM":"2","VP":"2","RR":"2","XF":"2","PX":"2","VC":"2","XG":"2","VQ":"2","WC":"2","VG":"2","RQ":"2","RC":"2","WP":"2","VF":"2","RG":"2","WF":"2","RP":"2","WG":"2"},"8V":{"M7":"2"},"65":{"M2":"2","JH":"2","M6":"2","P5":"2","Q2":"2","HJ":"2","W4":"2","Q6":"2","M5":"2","P8":"2","CX":"2","P2":"2","W2":"2","Q4":"2","R2":"2","P4":"2","HH":"2","MJ":"2","P3":"2","W3":"2","W7":"2","JJ":"2","P7":"2","X3":"2","J6":"2","V3":"2","Q7":"2","Q5":"2","MH":"2","Q3":"2"},"74":{"25":"2"},"75":{"23":"2","G5":"2","22":"2"},"58":{"38":"2","47":"2","28":"2","37":"2","48":"2","39":"2"},"48":{"MG":"2","JJ":"2"}},"2M":{"QG":{"32":"2"},"G5":{"V8":"2"},"H3":{"PC":"2","MC":"2","MF":"2","R8":"2","Q9":"2","RC":"2","JF":"2","V8":"2"}},"QM":{"75":{"J9":"2"}},"F7":{"Q3":{"CH":"2"}},"2V":{"86":{"82":"2","83":"2","92":"2"},"V5":{"26":"2"},"42":{"WW":"2","7V":"2","QV":"2","XP":"2","9W":"2","VM":"2","7W":"2","WX":"2","PV":"2","JW":"2","8R":"2","8W":"2","CV":"2","CR":"2","6W":"2","8V":"2","9R":"2","HV":"2","PR":"2","6V":"2","GV":"2","9V":"2"},"85":{"CQ":"2","CR":"2","9X":"2","5V":"2","FR":"2","9W":"2","FV":"2","CV":"2"},"9H":{"JQ":"2"},"9F":{"9W":"2"},"X6":{"3Q":"2","2G":"2","3R":"2","3V":"2"},"43":{"F7":"2","76":"2","95":"2","P2":"2","92":"2","83":"2","85":"2","94":"2","75":"2","C7":"2","82":"2","F8":"2","93":"2","74":"2","84":"2","C8":"2"},"87":{"9H":"2","8F":"2","8M":"2","6G":"2","58":"2"},"52":{"4W":"2","4V":"2"},"32":{"V4":"2","W5":"2","V5":"2","W4":"2"}},"W8":{"8C":{"C4":"2","9V":"2","CR":"2","G2":"2","9R":"2","G3":"2","F3":"2","F2":"2","9X":"2","9W":"2","CW":"2","CV":"2"},"97":{"G7":"2","6C":"2","4J":"2","H5":"2","G6":"2","F5":"2","6G":"2","C2":"2","84":"2","5H":"2","C6":"2","5C":"2","G4":"2","59":"2","5G":"2","94":"2","96":"2","93":"2","G2":"2","95":"2","7G":"2","H3":"2","83":"2","85":"2","4G":"2","H4":"2","F6":"2","F4":"2","G3":"2","C3":"2","C5":"2","4F":"2","68":"2","F2":"2","4C":"2","C4":"2","47":"2","H6":"2","4H":"2","H2":"2","5F":"2","58":"2","4M":"2","92":"2","6F":"2","48":"2","G5":"2","F7":"2","F3":"2","5J":"2","49":"2","69":"2","7F":"2","82":"2"},"8G":{"56":"2","44":"2","47":"2"},"96":{"JX":"2","GW":"2","JV":"2","HR":"2","JR":"2","CX":"2","HW":"2","9X":"2","MW":"2","FX":"2","GX":"2","HX":"2","MV":"2","FW":"2","GV":"2","HV":"2","JW":"2","FV":"2"},"8F":{"86":"2","95":"2","92":"2","85":"2","94":"2","93":"2","96":"2","87":"2","97":"2"},"89":{"GV":"2","FR":"2","GW":"2","G7":"2","GP":"2","CM":"2","GQ":"2","G8":"2","GX":"2","GR":"2","CQ":"2"}},"8G":{"4M":{"2W":"2","2V":"2","2X":"2"},"3M":{"XV":"2","XX":"2","XW":"2"}},"5R":{"WC":{"63":"2"},"VH":{"GW":"2"}},"F6":{"FM":{"4P":"2","4M":"2","3M":"2","4J":"2","29":"2","2C":"2","3J":"2","3P":"2","CW":"2","3H":"2"},"6H":{"M2":"2","H6":"2","H4":"2","P2":"2","P4":"2","P3":"2","G5":"2","M4":"2","M3":"2"},"6G":{"MF":"2","PX":"2"}},"QR":{"5H":{"QC":"2","QG":"2","QF":"2"}},"R5":{"97":{"CH":"2","CJ":"2","FJ":"2","FH":"2"}},"7G":{"6W":{"49":"2"},"2C":{"J8":"2","M8":"2"},"W2":{"P6":"2","P7":"2","P3":"2"}},"J5":{"3P":{"W5":"2","Q8":"2","Q9":"2","V5":"2","W6":"2"},"4R":{"85":"2","74":"2","84":"2","75":"2"},"4P":{"4M":"2","4J":"2","5M":"2","5J":"2"},"RC":{"GC":"2","FC":"2"},"5J":{"Q6":"2"}},"6H":{"R6":{"Q3":"2"},"GC":{"4P":"2","7C":"2","77":"2","86":"2","66":"2","76":"2","6C":"2","5R":"2","95":"2","89":"2","88":"2","8H":"2","92":"2","83":"2","85":"2","67":"2","94":"2","75":"2","98":"2","57":"2","5V":"2","8F":"2","82":"2","93":"2","69":"2","96":"2","5C":"2","78":"2","87":"2","74":"2","8C":"2","56":"2","84":"2","8G":"2","73":"2","97":"2","59":"2","68":"2"},"39":{"32":"2","54":"2","6C":"2","22":"2","69":"2","49":"2"},"9F":{"55":"2","44":"2","45":"2"},"38":{"4M":"2","3M":"2","3W":"2","4J":"2","2V":"2","3V":"2","67":"2","2X":"2","3X":"2","46":"2"},"G8":{"FM":"2","FP":"2","CP":"2"},"GF":{"64":"2","62":"2","F8":"2","C7":"2","65":"2","75":"2"},"3C":{"5C":"2"},"G9":{"7R":"2","8Q":"2","7P":"2","7H":"2","8V":"2","96":"2","8R":"2","7X":"2","7C":"2","9M":"2","9J":"2"}}}}