{"index":{"university,1|retail,2|tourism,3|wreck,4|historical,5|artsCulture,6|namedBuilding,7|water,8|wetland,9|park,10|beach,11|natureReserve,12|cemetery,13|trail,14":{}},"96":{"23":{"63":{"62":"2"},"62":{"GX":"2"},"VV":{"7R":"2","7Q":"2","6Q":"2","6P":"2"},"MX":{"W7":"2","W8":"2","V4":"2","W5":"2","V5":"2","V7":"2","W4":"2","W9":"2","V8":"2"},"G7":{"XP":"2"},"G8":{"XX":"2","X9":"2"},"R4":{"2J":"2","2H":"2"}},"36":{"28":{"G7":"2","G8":"2"}},"2G":{"7X":{"64":"2","74":"2","75":"2"},"8X":{"56":"2","26":"2"}},"58":{"3M":{"7F":"2","7C":"2","C5":"2"}},"34":{"CH":{"63":"2"},"CJ":{"Q7":"2"},"39":{"JQ":"2","JW":"2","MR":"2","JR":"2"}},"42":{"WR":{"5M":"2","6M":"2","6P":"2","5J":"2"}},"52":{"5P":{"MH":"2","2R":"2"},"5M":{"G3":"2","J2":"2","H3":"2","H2":"2","G2":"2"},"5J":{"JQ":"2","MW":"2","HW":"2","HV":"2","HR":"2","JW":"2","MR":"2","HX":"2","MV":"2","GX":"2","JV":"2","JX":"2","JR":"2"}},"28":{"JQ":{"QC":"2","R5":"2","Q7":"2","P7":"2","R6":"2"},"HR":{"HM":"2","HJ":"2","JM":"2"},"8R":{"VV":"2","VW":"2","RW":"2","RV":"2"}},"32":{"GP":{"3Q":"2"},"2X":{"7G":"2","G5":"2","F5":"2"},"3F":{"7G":"2","8G":"2","2X":"2","6F":"2","6G":"2","5G":"2"},"W9":{"RX":"2"}},"3J":{"H3":{"4W":"2","3V":"2","4V":"2"}},"22":{"P5":{"3R":"2"},"J4":{"G8":"2"},"QG":{"F5":"2"},"G3":{"2R":"2","4Q":"2"},"J2":{"RG":"2","CJ":"2","CM":"2","FJ":"2","RH":"2","FH":"2"},"65":{"W7":"2","X6":"2","W6":"2"},"GG":{"JJ":"2"},"JG":{"FH":"2"},"M2":{"4M":"2","3M":"2","4G":"2","2J":"2","4J":"2","3G":"2","2G":"2","4H":"2","5H":"2","5G":"2","3J":"2","2H":"2","5J":"2","5M":"2","3H":"2"},"F3":{"RR":"2","XM":"2","XJ":"2","XP":"2"},"75":{"36":"2"},"6G":{"FF":"2","HJ":"2","HP":"2","GC":"2","HC":"2","HM":"2","G3":"2","JM":"2","J9":"2","GG":"2","GH":"2","JJ":"2","G5":"2","GF":"2","F5":"2","GJ":"2","G4":"2","QF":"2","G9":"2","GM":"2","MM":"2","G6":"2"}},"WG":{"G5":{"GC":"2","FC":"2","FF":"2","HC":"2"}},"XW":{"96":{"H4":"2","G3":"2","G4":"2","H3":"2"}},"47":{"MW":{"2Q":"2","2R":"2"},"JW":{"RG":"2","XV":"2","XQ":"2","QG":"2","XR":"2","RF":"2","QF":"2"},"JX":{"93":"2"},"3M":{"XX":"2"}},"68":{"5F":{"97":"2","85":"2","96":"2","83":"2","74":"2","84":"2"}},"4C":{"WJ":{"WX":"2","XX":"2"},"XM":{"35":"2","36":"2"},"WM":{"X2":"2"}},"C7":{"QR":{"8P":"2","CH":"2","9H":"2","9G":"2","CF":"2","CJ":"2","CG":"2","8M":"2","9J":"2"},"PV":{"RM":"2","WJ":"2","XM":"2","XJ":"2","VP":"2","XH":"2","VM":"2","WH":"2","RP":"2"}},"5G":{"24":{"7V":"2"},"25":{"GH":"2","HF":"2","HH":"2","JM":"2","JG":"2","JP":"2"}},"3P":{"J3":{"QC":"2","PC":"2"}},"MF":{"87":{"QJ":"2","RH":"2","RJ":"2","QH":"2"}},"24":{"WQ":{"5H":"2","2J":"2","4P":"2","4J":"2","3H":"2","3J":"2","3F":"2","3M":"2","5J":"2"},"GF":{"4X":"2"},"7M":{"4J":"2"},"JQ":{"RM":"2","RR":"2","RG":"2","QR":"2","QM":"2","RQ":"2","RH":"2","QV":"2","QW":"2","RW":"2","RV":"2","QQ":"2","RP":"2"},"5C":{"38":"2"},"2W":{"2W":"2","P6":"2","Q7":"2","P7":"2","Q8":"2","2V":"2","Q9":"2","R7":"2","P9":"2","Q6":"2","P8":"2"},"V9":{"RW":"2"},"5G":{"JW":"2"},"94":{"95":"2"},"37":{"87":"2","77":"2"},"XJ":{"WM":"2"},"GP":{"4X":"2"},"2Q":{"MC":"2","PC":"2"},"4G":{"GF":"2"},"XX":{"WP":"2","XP":"2"},"C3":{"57":"2","75":"2"},"4F":{"J4":"2","J3":"2"},"GG":{"53":"2"},"68":{"5M":"2","5J":"2"},"5P":{"8F":"2"},"4C":{"HP":"2"},"MR":{"CR":"2"},"JX":{"RM":"2","QR":"2","RP":"2"},"4M":{"JH":"2","PJ":"2","JG":"2","PF":"2","MC":"2","PC":"2","JF":"2","MF":"2","QH":"2","RC":"2","JC":"2"},"3Q":{"V9":"2"},"3X":{"JQ":"2","MP":"2","MQ":"2","JP":"2"},"9P":{"MW":"2","JW":"2","MX":"2"},"CX":{"R3":"2"}},"X8":{"GF":{"QJ":"2","PG":"2"}},"4W":{"68":{"79":"2","47":"2","89":"2","65":"2","88":"2","78":"2","87":"2","77":"2"},"79":{"V4":"2","V5":"2"},"78":{"MM":"2"}},"35":{"5P":{"FC":"2"},"67":{"V4":"2"},"32":{"M8":"2"},"Q7":{"QV":"2"},"Q8":{"9R":"2","J2":"2"},"59":{"PG":"2","MG":"2","WJ":"2"},"48":{"MM":"2"}},"85":{"7R":{"57":"2","47":"2","59":"2","49":"2","58":"2","48":"2"},"6W":{"V3":"2","W3":"2"},"3W":{"Q2":"2"}},"73":{"Q4":{"M6":"2","W8":"2","P2":"2","W9":"2","Q2":"2"}},"66":{"WP":{"F7":"2","F6":"2","G7":"2","G8":"2","F8":"2","G5":"2","F5":"2","G6":"2"},"XP":{"2J":"2","3J":"2","2M":"2","3M":"2"}},"29":{"7M":{"RX":"2","VX":"2"},"7P":{"R2":"2","V3":"2","V2":"2"},"3R":{"M8":"2","M7":"2"},"4Q":{"8Q":"2","8P":"2","7P":"2","7Q":"2","9P":"2","8M":"2","9Q":"2"}},"WW":{"QQ":{"7C":"2","R8":"2","6C":"2","3J":"2","3G":"2","99":"2","9F":"2","W3":"2","7G":"2","7H":"2","5C":"2","7F":"2","9C":"2","6F":"2","C9":"2","GH":"2","FG":"2","CC":"2","X2":"2","R7":"2","FH":"2","8F":"2","W4":"2","5F":"2","9G":"2","3H":"2","X4":"2","W2":"2","9H":"2","GG":"2","C8":"2","6H":"2","X3":"2","69":"2","6G":"2","CF":"2"}},"2X":{"8R":{"WG":"2","VG":"2","WF":"2","VF":"2","WC":"2"}},"7P":{"2H":{"6G":"2"}},"79":{"VW":{"56":"2","57":"2","89":"2","88":"2","87":"2"}},"W6":{"J4":{"GF":"2","G9":"2","GC":"2","FC":"2"}},"6P":{"XH":{"WG":"2","WH":"2"}},"P6":{"82":{"72":"2","82":"2","79":"2","76":"2","74":"2","78":"2","75":"2","77":"2"}},"4J":{"XJ":{"HP":"2","7H":"2","6H":"2","GM":"2","MR":"2","7J":"2","MV":"2","HQ":"2","MQ":"2"}},"46":{"2H":{"G2":"2"},"2G":{"9R":"2","9V":"2","8V":"2","9W":"2","8R":"2"}},"25":{"HR":{"67":"2"},"62":{"RG":"2","VG":"2"},"HQ":{"8J":"2","94":"2","8H":"2","95":"2"},"MF":{"HM":"2","JM":"2","JP":"2"},"G9":{"QP":"2","VG":"2","RQ":"2","VF":"2","QQ":"2","RP":"2","VH":"2"},"54":{"35":"2","62":"2","42":"2","3V":"2","29":"2","45":"2","53":"2","43":"2","34":"2","2R":"2","46":"2","52":"2","44":"2","32":"2","36":"2"},"3F":{"6R":"2","6Q":"2","6H":"2","6V":"2"},"26":{"6F":"2"},"X2":{"X3":"2","X2":"2","W3":"2","V2":"2","W2":"2"},"JP":{"F2":"2","52":"2","3M":"2","53":"2"},"22":{"6W":"2","5X":"2","5W":"2","6X":"2"},"7W":{"2Q":"2","5R":"2","6Q":"2","6R":"2","2P":"2","4R":"2","4Q":"2","2M":"2","5Q":"2"},"45":{"P7":"2"},"G2":{"2G":"2","2F":"2","3F":"2"},"H9":{"38":"2","2C":"2","59":"2"},"32":{"QV":"2","JH":"2","GC":"2","JG":"2","HH":"2","3F":"2","QW":"2","C8":"2","G9":"2","HG":"2"},"37":{"GV":"2","9G":"2","8F":"2"},"MC":{"XR":"2","8W":"2"},"53":{"5V":"2","4W":"2","3X":"2","5X":"2","4X":"2","5W":"2","6X":"2","4V":"2"},"4X":{"4M":"2","3M":"2"},"44":{"QC":"2","H4":"2","PC":"2","RG":"2","RF":"2","VC":"2","VG":"2","Q9":"2","M8":"2","VF":"2","RC":"2","P9":"2","H5":"2","J5":"2","VH":"2","WM":"2","P8":"2"},"J2":{"M7":"2","J5":"2","M3":"2","M5":"2","F5":"2","J8":"2","G4":"2","94":"2","J3":"2","Q3":"2","H4":"2","F4":"2","J2":"2","J6":"2","J4":"2","R4":"2","P6":"2","M6":"2","G5":"2","Q4":"2","J7":"2","M8":"2","M4":"2"},"JF":{"PC":"2"},"9G":{"X5":"2"},"F2":{"RF":"2","WJ":"2","VF":"2","WM":"2"},"99":{"8Q":"2","8P":"2","7G":"2","6H":"2","6F":"2","6G":"2"},"33":{"H4":"2","M5":"2","J4":"2","M4":"2","P3":"2","J8":"2","J3":"2","M8":"2","Q6":"2","P8":"2","M7":"2"},"3P":{"65":"2"},"CG":{"25":"2"},"HC":{"95":"2"},"PC":{"2V":"2","2R":"2"},"JC":{"4W":"2"},"7X":{"G6":"2","F7":"2","G7":"2","H8":"2","H7":"2","HC":"2"},"82":{"4J":"2","2G":"2","4G":"2","3V":"2"}},"87":{"98":{"42":"2","43":"2"},"88":{"X3":"2","X2":"2"},"87":{"WR":"2","WV":"2"}},"2C":{"33":{"XX":"2","X8":"2","XV":"2","VQ":"2","XQ":"2","HR":"2","VM":"2","VJ":"2","JR":"2","VH":"2","XC":"2","MQ":"2","VP":"2","XM":"2","JP":"2","XH":"2","FC":"2","XP":"2","JW":"2","XG":"2","WG":"2","XJ":"2"},"44":{"22":"2"},"34":{"X2":"2"},"43":{"3M":"2","2J":"2","3R":"2","2V":"2","3G":"2","2P":"2","2G":"2","3J":"2","2F":"2","3P":"2","2R":"2","3Q":"2","3H":"2","2M":"2","2W":"2"}},"4V":{"WH":{"HJ":"2","GC":"2","HM":"2","HH":"2","CC":"2","FC":"2","GJ":"2","GM":"2"}},"59":{"25":{"2W":"2","2V":"2","4X":"2","3W":"2","3V":"2"},"26":{"43":"2"}},"PR":{"4R":{"RG":"2","QM":"2","QP":"2","VG":"2","RH":"2","VF":"2","VH":"2"}},"83":{"Q3":{"J8":"2","J9":"2"}},"4G":{"WP":{"P4":"2"},"WM":{"MX":"2","HX":"2","JX":"2","PX":"2"}},"33":{"QJ":{"96":"2","94":"2","95":"2"},"7H":{"RG":"2","RH":"2"},"P7":{"77":"2"},"5M":{"J2":"2"},"H8":{"F7":"2","F8":"2","F9":"2"},"J7":{"56":"2"}},"7J":{"X9":{"V6":"2","R6":"2","R7":"2","VF":"2","V5":"2","V7":"2"}},"57":{"V9":{"8G":"2","8H":"2"},"Q4":{"97":"2","66":"2","76":"2","87":"2","77":"2"},"W2":{"6R":"2","6W":"2","5V":"2","6V":"2","5W":"2"},"R4":{"HW":"2","HX":"2"},"V8":{"7M":"2"}},"4H":{"PF":{"WJ":"2","RQ":"2","XH":"2","WM":"2","RP":"2"},"5X":{"XH":"2"},"6X":{"2H":"2","3H":"2","3J":"2"}},"5F":{"W3":{"J8":"2","J9":"2","JC":"2"},"W2":{"G9":"2","F9":"2","FJ":"2"}},"26":{"54":{"2G":"2"},"44":{"XG":"2","XF":"2","WF":"2"},"96":{"XV":"2","XW":"2"},"45":{"VP":"2"},"48":{"R7":"2"}},"63":{"W8":{"FR":"2","CR":"2","9R":"2","CP":"2","HQ":"2","FV":"2","CQ":"2","FW":"2","CV":"2"},"W9":{"5C":"2","59":"2"}},"2J":{"CW":{"R5":"2","R6":"2","R7":"2"},"CV":{"JH":"2","M5":"2","J4":"2","M4":"2","JJ":"2","MJ":"2","J5":"2"}},"C3":{"PG":{"64":"2","65":"2","74":"2","75":"2"}},"3X":{"79":{"C4":"2","F4":"2","7X":"2","3V":"2","6X":"2"}},"5H":{"G9":{"JQ":"2","MP":"2","MR":"2","PV":"2","MV":"2","QW":"2","JV":"2","MQ":"2","JR":"2"}},"67":{"V5":{"QR":"2","VX":"2","VW":"2","QV":"2","QW":"2","RW":"2","RV":"2","QQ":"2"},"RW":{"PG":"2","QG":"2","PW":"2","PF":"2","QF":"2"}},"J9":{"5C":{"C9":"2","CC":"2"},"RW":{"6C":"2","62":"2","77":"2","7M":"2","6G":"2","54":"2","52":"2","7J":"2","8H":"2","63":"2","76":"2","7G":"2","79":"2","53":"2","78":"2","46":"2","6P":"2","7P":"2","7H":"2","68":"2","47":"2","67":"2","6F":"2","6M":"2","7C":"2","69":"2","56":"2","66":"2","7F":"2"},"RV":{"5X":"2"}},"H7":{"4W":{"6R":"2","4M":"2","5V":"2","6H":"2","5R":"2","4Q":"2","6G":"2"}},"37":{"RX":{"5X":"2"}},"64":{"J6":{"8Q":"2","7R":"2","7P":"2","9V":"2","4M":"2","7Q":"2","8V":"2","5M":"2","9W":"2","8R":"2","5J":"2"},"26":{"5X":"2","4V":"2","3W":"2","4X":"2","5W":"2","3V":"2","4W":"2"}},"82":{"F8":{"MX":"2","HX":"2","GX":"2","JX":"2","FX":"2"},"F9":{"G8":"2","P3":"2","HG":"2","J5":"2","M3":"2","GF":"2","GH":"2","H5":"2","M5":"2","G9":"2","F5":"2","J8":"2","F9":"2","P5":"2","G4":"2","P4":"2","H8":"2","G2":"2","H9":"2","J3":"2","H3":"2","HH":"2","HF":"2","F8":"2","H4":"2","F6":"2","G3":"2","F4":"2","J2":"2","J6":"2","JF":"2","J4":"2","GG":"2","F2":"2","H6":"2","H2":"2","H7":"2","HC":"2","F3":"2","F7":"2","J7":"2","M4":"2","M2":"2","GC":"2"}},"RM":{"GQ":{"GF":"2","F7":"2","F8":"2","G4":"2","H9":"2","GG":"2","HC":"2"}},"2M":{"57":{"HP":"2","HR":"2","MV":"2","HQ":"2"}},"74":{"P5":{"R3":"2","W5":"2","V5":"2","W4":"2","W6":"2","V6":"2","R5":"2","V2":"2","W2":"2","Q4":"2","V4":"2","R2":"2","W3":"2","V3":"2","R4":"2","Q3":"2"},"P4":{"HG":"2","VW":"2","JG":"2","HQ":"2","GH":"2","QQ":"2","VX":"2","RX":"2","HM":"2","JQ":"2","HJ":"2","JP":"2","GJ":"2","MG":"2","RW":"2","WX":"2","XJ":"2","JJ":"2","HH":"2","HF":"2","MJ":"2","JF":"2","HP":"2","RV":"2","GG":"2","VG":"2","RQ":"2","QP":"2","QM":"2","VF":"2","HC":"2","WF":"2","MH":"2","JH":"2","WJ":"2","JM":"2","GM":"2","WG":"2","VV":"2"}},"P5":{"8W":{"7R":"2","6R":"2","7V":"2","7Q":"2","6Q":"2","6V":"2"},"8X":{"9C":"2","9P":"2","9F":"2","9M":"2"}},"C2":{"X2":{"HH":"2"}},"54":{"X5":{"C3":"2"},"X6":{"VM":"2","VJ":"2"},"W4":{"FM":"2","FP":"2","GP":"2","GM":"2"}},"3F":{"FR":{"C6":"2","JQ":"2","96":"2","83":"2","92":"2","JR":"2"}},"38":{"4P":{"PW":"2","MW":"2","MX":"2","PX":"2"},"4J":{"G6":"2","F7":"2","G7":"2","F6":"2"},"R2":{"44":"2","45":"2","53":"2"},"24":{"JQ":"2","JM":"2","MQ":"2","MP":"2","GG":"2","PP":"2","GF":"2","JP":"2","PQ":"2"},"26":{"HV":"2","HR":"2"},"25":{"99":"2","77":"2","9G":"2","HJ":"2","9J":"2","6Q":"2","89":"2","88":"2","8H":"2","CH":"2","FH":"2","9C":"2","8J":"2","CF":"2","7G":"2","9F":"2","9H":"2","8F":"2","7J":"2","CG":"2","78":"2","7H":"2","8C":"2","7M":"2","GJ":"2","8M":"2","97":"2","5Q":"2"},"36":{"6J":"2","7J":"2","4W":"2"},"37":{"68":"2","54":"2","44":"2","52":"2","53":"2","43":"2"}}}}