{"97":{"28":{"C4":{"9J":"2","8R":"2","8P":"2","9V":"2","9R":"2","8V":"2","8H":"2","7Q":"2","6M":"2","7R":"2","8Q":"2","9H":"2","8C":"2","7V":"2","7P":"2"}},"MH":{"QC":{"7X":"2","6X":"2"},"PC":{"WX":"2","VX":"2"},"PG":{"V6":"2"},"PF":{"X9":"2","WQ":"2","W4":"2","WV":"2","XC":"2","V3":"2","XP":"2","WM":"2","X2":"2","V4":"2","V2":"2","W2":"2","XF":"2","W3":"2","W9":"2","X3":"2","VQ":"2","WC":"2","XR":"2","WR":"2","XQ":"2","WP":"2","X4":"2","W5":"2","WF":"2","WJ":"2","XM":"2","WG":"2","VV":"2"},"QF":{"63":"2","77":"2","66":"2","72":"2","76":"2","28":"2","62":"2","4V":"2","3R":"2","3W":"2","58":"2","2V":"2","3G":"2","54":"2","83":"2","3V":"2","67":"2","39":"2","29":"2","2P":"2","75":"2","45":"2","3F":"2","2C":"2","57":"2","2G":"2","55":"2","38":"2","4R":"2","53":"2","48":"2","2F":"2","74":"2","27":"2","65":"2","4C":"2","47":"2","3C":"2","56":"2","84":"2","46":"2","73":"2","64":"2","2M":"2","49":"2","37":"2"}},"2R":{"6C":{"W5":"2","V5":"2","W4":"2","W6":"2","V6":"2","V4":"2","X6":"2"},"79":{"2W":"2","4R":"2","3R":"2","2V":"2","3X":"2","3W":"2","2R":"2","3V":"2","4V":"2"},"69":{"XV":"2","WR":"2","WV":"2","QX":"2","XR":"2","PV":"2","QV":"2","XW":"2"}},"2W":{"55":{"QF":"2"},"5P":{"QG":"2"},"46":{"J2":"2"}},"2Q":{"7V":{"C5":"2"},"76":{"GF":"2","GC":"2","GG":"2"}},"CP":{"M3":{"P2":"2"},"M2":{"VQ":"2","VR":"2","RW":"2","VV":"2","RX":"2","WP":"2","WQ":"2","PX":"2","VW":"2","WR":"2"}},"5X":{"GV":{"G3":"2"},"7M":{"X9":"2","VW":"2","WQ":"2","WW":"2","W4":"2","XC":"2","X5":"2","VX":"2","W7":"2","X8":"2","XV":"2","XP":"2","WM":"2","X2":"2","W6":"2","W2":"2","X6":"2","XF":"2","X7":"2","WX":"2","XH":"2","W9":"2","XJ":"2","XG":"2","XX":"2","WC":"2","WH":"2","WP":"2","WF":"2","XW":"2","XM":"2","WG":"2"},"7P":{"X2":"2","X8":"2","W8":"2","X7":"2","W2":"2","X9":"2","W7":"2","W9":"2"},"8J":{"6C":"2","97":"2","77":"2","3H":"2","6G":"2","5H":"2","2H":"2","5C":"2","59":"2","5G":"2","79":"2","57":"2","78":"2","2J":"2","4G":"2","87":"2","4F":"2","98":"2","68":"2","3J":"2","47":"2","4H":"2","5F":"2","58":"2","89":"2","3G":"2","6F":"2","88":"2","48":"2","7C":"2","6H":"2","49":"2","69":"2","56":"2"},"9H":{"G6":"2","H6":"2","G7":"2","H7":"2"},"7J":{"WX":"2","XX":"2"},"8H":{"2Q":"2","2P":"2"},"8M":{"66":"2","28":"2","54":"2","29":"2","57":"2","2G":"2","55":"2","2H":"2","65":"2","56":"2","64":"2","2W":"2"},"9J":{"HV":"2"}},"GF":{"2X":{"FR":"2","CR":"2","8P":"2","FQ":"2","FV":"2","CQ":"2","FW":"2","CV":"2"}},"G3":{"RR":{"68":"2","57":"2","54":"2","6C":"2","44":"2","42":"2","52":"2","69":"2","53":"2","43":"2"},"RQ":{"4W":"2","5X":"2","4X":"2","5W":"2"}},"JG":{"V4":{"2C":"2","2F":"2","29":"2"},"R4":{"X8":"2","XC":"2","XF":"2","X9":"2","X7":"2"}},"J4":{"C3":{"7W":"2","8W":"2","7X":"2","9Q":"2","8X":"2"}},"4M":{"W3":{"XX":"2","VQ":"2","VR":"2","RW":"2","XF":"2","VV":"2","RP":"2","RQ":"2","WV":"2","RX":"2","WW":"2","VP":"2","WF":"2","VX":"2","WX":"2","XG":"2","VW":"2"},"W4":{"X2":"2","W5":"2","V5":"2","W4":"2","V6":"2","R5":"2","V2":"2","W2":"2","V4":"2","W3":"2","V3":"2","R4":"2"}},"6M":{"R5":{"2J":"2","3P":"2","2H":"2","2G":"2","HX":"2","GX":"2"},"V6":{"5P":"2","6Q":"2","5Q":"2"},"R6":{"H2":"2","G2":"2"},"Q5":{"XG":"2","XJ":"2","XH":"2"}},"2H":{"J7":{"FM":"2","FP":"2","GP":"2","GM":"2","GJ":"2"}},"CH":{"4H":{"4W":"2","4J":"2","97":"2","4P":"2","5H":"2","3M":"2","5V":"2","96":"2","5X":"2","4Q":"2","86":"2","4X":"2","4V":"2","5Q":"2","3R":"2","6W":"2","3W":"2","3V":"2","5P":"2","5W":"2","4H":"2","4M":"2","3Q":"2","3P":"2","3X":"2","5J":"2","4R":"2"},"4J":{"93":"2","94":"2","H9":"2","42":"2","HC":"2"},"3H":{"XC":"2","XF":"2","WF":"2","X9":"2","W9":"2","WC":"2"}},"35":{"MP":{"RX":"2","VX":"2","RW":"2"},"MQ":{"R2":"2","V3":"2","W3":"2","V2":"2","W2":"2"}},"85":{"HF":{"24":"2","23":"2","33":"2","32":"2","22":"2","25":"2","26":"2"}},"FG":{"8C":{"25":"2","26":"2"},"89":{"5V":"2","4W":"2","5X":"2","3W":"2","5W":"2","4V":"2"}},"8W":{"G8":{"R2":"2","V6":"2","V5":"2"}},"2X":{"68":{"9C":"2","8J":"2","CF":"2","8F":"2","7F":"2","9F":"2"}},"G4":{"2P":{"P5":"2","PP":"2","MP":"2","QP":"2","PJ":"2","P3":"2","MG":"2","Q5":"2","MM":"2","RQ":"2","Q4":"2","VR":"2","P4":"2","VQ":"2","QF":"2","PM":"2","QQ":"2"}},"HC":{"J2":{"2R":"2"},"J3":{"35":"2","36":"2","37":"2","34":"2"},"H3":{"X3":"2"},"H2":{"XR":"2","XQ":"2"}},"J6":{"69":{"56":"2","44":"2","45":"2","46":"2"}},"4J":{"QV":{"XX":"2"},"QW":{"X5":"2","X4":"2","X8":"2","X3":"2","W5":"2","X2":"2","X6":"2","X7":"2"},"RW":{"24":"2","23":"2","33":"2","32":"2","4F":"2","22":"2","42":"2","52":"2","43":"2"},"RV":{"2X":"2","4W":"2","3X":"2","5X":"2","4X":"2"}},"7W":{"WV":{"9C":"2","9G":"2","CF":"2","GM":"2","GJ":"2","CC":"2","CG":"2","9F":"2"},"WW":{"V4":"2","V5":"2"}},"33":{"F7":{"H4":"2","M5":"2","H6":"2","J4":"2","M4":"2","G3":"2","G5":"2","G4":"2","M3":"2","J3":"2","F5":"2","F4":"2","P2":"2","H5":"2","J5":"2","H3":"2","Q2":"2"}},"44":{"6W":{"HR":"2","HQ":"2"}},"C3":{"FV":{"6R":"2","3C":"2","2C":"2","6Q":"2","5Q":"2","5R":"2","3X":"2","5X":"2","3W":"2","28":"2","29":"2","39":"2"},"CV":{"WR":"2"}},"2V":{"6W":{"J2":"2"},"75":{"RW":"2"}},"3H":{"8V":{"GH":"2","GG":"2","FG":"2","FH":"2"}},"RP":{"47":{"WR":"2","WV":"2","WJ":"2","VV":"2","VR":"2","VQ":"2","WQ":"2","WM":"2"},"58":{"3C":"2","38":"2","28":"2","29":"2","39":"2"},"48":{"X4":"2"}},"CG":{"M3":{"X8":"2"}},"HG":{"29":{"XF":"2","RJ":"2","XC":"2","WH":"2","X9":"2","WF":"2","XG":"2","WC":"2","WG":"2","W9":"2","RH":"2"}},"82":{"GQ":{"VC":"2","RC":"2"}},"2M":{"6Q":{"CV":"2"},"58":{"4R":"2","5R":"2","4V":"2"},"6R":{"73":"2"},"57":{"GR":"2"},"24":{"99":"2","F4":"2","HR":"2","G3":"2","C9":"2","F6":"2","CC":"2","98":"2","G5":"2","F5":"2","C5":"2","G4":"2","C8":"2","H9":"2"},"6F":{"QP":"2","RP":"2"},"7H":{"8Q":"2","8P":"2","FM":"2","8V":"2","9P":"2","CM":"2","9Q":"2"},"6J":{"7C":"2","36":"2","FW":"2","28":"2","3J":"2","99":"2","8H":"2","48":"2","6Q":"2","47":"2","7G":"2","8M":"2","F8":"2","7H":"2","M3":"2","C7":"2","27":"2","5G":"2","7M":"2","G3":"2","7F":"2","J4":"2","4M":"2","6M":"2","5J":"2","C9":"2","5P":"2","H3":"2","29":"2","FV":"2","H4":"2","7P":"2","G4":"2","56":"2","6J":"2","G6":"2","F7":"2","6P":"2","9M":"2","8C":"2","4J":"2","46":"2","2C":"2","5M":"2","4G":"2","7J":"2","8F":"2","57":"2","F6":"2","4H":"2","5F":"2","39":"2","97":"2","M4":"2","98":"2","2F":"2","3H":"2","89":"2","5H":"2","9H":"2","J3":"2","37":"2","F5":"2","H6":"2","J5":"2","C8":"2","P3":"2","6H":"2","8J":"2","P4":"2","G5":"2","8G":"2","6G":"2","C6":"2","38":"2","F4":"2","45":"2","H5":"2","9J":"2"},"5J":{"XC":"2","XG":"2","XF":"2","WF":"2","X9":"2","WC":"2"},"6P":{"58":"2"},"49":{"QJ":"2","QH":"2"},"6H":{"9W":"2"}},"74":{"76":{"FP":"2","GP":"2"}},"P5":{"6F":{"J4":"2","J8":"2","H9":"2","H8":"2","J9":"2","J7":"2"}},"54":{"QC":{"G6":"2","H6":"2","G7":"2","G8":"2","H7":"2"},"Q9":{"RM":"2","VP":"2","RJ":"2","VM":"2"}},"53":{"Q3":{"QV":"2","VQ":"2","RJ":"2","VM":"2","VJ":"2","RP":"2","RQ":"2","VP":"2","WP":"2","WQ":"2","RM":"2"},"Q4":{"G6":"2","H4":"2","M5":"2","J4":"2","R3":"2","M4":"2","H5":"2","J5":"2","H7":"2","H3":"2"},"25":{"38":"2","6Q":"2","5Q":"2","2V":"2","27":"2","6P":"2","28":"2","29":"2","39":"2"},"26":{"32":"2"}},"VQ":{"HX":{"8Q":"2","8P":"2","6H":"2","6G":"2"}},"43":{"X5":{"X8":"2","X7":"2"},"6F":{"WW":"2","WX":"2"},"6G":{"H2":"2"}}},"index":{"university,1|retail,2|tourism,3|wreck,4|historical,5|artsCulture,6|namedBuilding,7|water,8|wetland,9|park,10|beach,11|natureReserve,12|cemetery,13|trail,14":{}}}