{"index":{"university,1|retail,2|tourism,3|wreck,4|historical,5|artsCulture,6|namedBuilding,7|water,8|wetland,9|park,10|beach,11|natureReserve,12|cemetery,13|trail,14":{}},"98":{"63":{"5H":{"H6":"2","HF":"2","JF":"2","H5":"2"}},"X8":{"6F":{"X8":"2","R6":"2","W5":"2","W8":"2","X7":"2","W6":"2","V8":"2","W2":"2","X5":"2","W3":"2","W7":"2","X6":"2","R7":"2"},"F3":{"P6":"2"}},"22":{"F9":{"FR":"2","CR":"2","FQ":"2","8G":"2","8H":"2","CQ":"2"},"PM":{"3G":"2","2H":"2","3H":"2"}},"35":{"56":{"V3":"2"},"PH":{"VC":"2","Q4":"2","WC":"2"},"PC":{"MP":"2","MM":"2","JM":"2"},"H6":{"8Q":"2","8P":"2","7P":"2","7Q":"2"},"9C":{"J8":"2"},"33":{"4G":"2"},"G5":{"G8":"2","75":"2","C7":"2","GF":"2","77":"2","G9":"2","64":"2","C6":"2","76":"2","74":"2","96":"2","H8":"2","65":"2","JJ":"2","HF":"2","86":"2","F8":"2","85":"2","F6":"2","87":"2","CC":"2","C9":"2","C8":"2","HC":"2","F7":"2","FC":"2","JM":"2","66":"2"},"F2":{"GV":"2","FR":"2","HV":"2","HR":"2","MR":"2","9W":"2","MV":"2","JV":"2","FV":"2","GR":"2","JR":"2","CV":"2"},"88":{"Q9":"2"},"9F":{"XF":"2"},"H7":{"C7":"2","PQ":"2","QQ":"2"},"F3":{"PC":"2","QF":"2"}},"XF":{"82":{"V2":"2"}},"W8":{"8G":{"4M":"2","4P":"2","6Q":"2","4Q":"2"},"VV":{"5P":"2","5M":"2","5J":"2"}},"HP":{"5H":{"7P":"2","6J":"2","3G":"2","4G":"2","5F":"2","4F":"2","5G":"2"},"4F":{"XP":"2"}},"42":{"HQ":{"98":"2","99":"2"}},"PF":{"CP":{"PH":"2"},"43":{"2G":"2"}},"R8":{"W8":{"MR":"2","PJ":"2","QG":"2","RW":"2","MC":"2","MX":"2","MP":"2","QJ":"2","QM":"2","RX":"2","QQ":"2","MG":"2","RF":"2","MW":"2","MV":"2","QH":"2","PH":"2","QF":"2","QP":"2","MM":"2","MH":"2","M9":"2","QX":"2"},"W9":{"R2":"2","Q5":"2","Q4":"2","Q2":"2"}},"MC":{"MG":{"X5":"2"}},"XC":{"6W":{"77":"2","C4":"2","72":"2","C2":"2","92":"2","C3":"2","82":"2","93":"2","87":"2","78":"2","84":"2"},"6V":{"8V":"2","7W":"2","7X":"2","8X":"2"},"3V":{"JM":"2"}},"Q9":{"C4":{"72":"2","97":"2","82":"2","83":"2","95":"2","73":"2"},"C3":{"7R":"2","7X":"2"}},"PC":{"57":{"RG":"2","M7":"2","JQ":"2","H6":"2","JV":"2","86":"2","F7":"2","F4":"2","HJ":"2","H7":"2","76":"2","95":"2","G3":"2","JR":"2","F9":"2","J8":"2","JM":"2","C9":"2","88":"2","CH":"2","9C":"2","M8":"2","HH":"2","MJ":"2","F6":"2","98":"2","QW":"2","FR":"2","H8":"2","G7":"2","H5":"2","RF":"2","G8":"2","C7":"2","F8":"2","JJ":"2","RR":"2","G5":"2","C6":"2","87":"2","F5":"2","8C":"2","J7":"2","C8":"2","JC":"2","MH":"2","GP":"2","G6":"2","H9":"2"},"58":{"7G":"2","5C":"2","M4":"2","6C":"2","CJ":"2","6F":"2","7F":"2","7C":"2","59":"2","69":"2","9J":"2"}},"54":{"3G":{"56":"2"}},"45":{"GP":{"R4":"2"},"GM":{"XV":"2","VR":"2","VV":"2","XR":"2","WV":"2","RR":"2","WR":"2"},"QV":{"8J":"2","9H":"2","8H":"2","8M":"2","9M":"2","9J":"2"}},"24":{"JP":{"R2":"2","V3":"2"},"JR":{"5H":"2","7P":"2","4H":"2","6J":"2","3H":"2"}},"33":{"68":{"CH":"2"}},"GR":{"6P":{"J4":"2"}},"R9":{"V4":{"XR":"2","XM":"2","XJ":"2","XQ":"2"}},"69":{"V4":{"HX":"2","GX":"2"},"V5":{"G3":"2","H3":"2","H2":"2","G2":"2"}},"MF":{"38":{"QC":"2","QF":"2"}},"VF":{"28":{"93":"2","56":"2","C4":"2","55":"2","67":"2","C3":"2","94":"2","52":"2","95":"2"}},"34":{"CR":{"66":"2"}},"46":{"85":{"68":"2","79":"2","78":"2","69":"2"}},"GQ":{"55":{"VH":"2"},"4P":{"X6":"2","X7":"2"}},"GM":{"WW":{"6W":"2"},"PW":{"9W":"2","7X":"2"},"WX":{"72":"2","56":"2","55":"2","63":"2","64":"2","62":"2","W8":"2","G3":"2","84":"2","W9":"2","G2":"2"},"GX":{"PC":"2"},"PX":{"99":"2","86":"2","F4":"2","C4":"2","95":"2","89":"2","F3":"2","94":"2","98":"2","C7":"2","96":"2","C6":"2","8C":"2","97":"2"}},"WC":{"RR":{"C6":"2","F8":"2","F9":"2","94":"2","C5":"2"},"RQ":{"8W":"2"}},"25":{"VV":{"CH":"2","7H":"2","FH":"2"},"PV":{"JV":"2"}},"36":{"9C":{"7G":"2","7H":"2","8G":"2","6H":"2","7F":"2","92":"2","6G":"2"},"HG":{"J4":"2"},"H7":{"5C":"2"},"99":{"CX":"2"}},"GP":{"HJ":{"W7":"2","W8":"2"},"J3":{"9P":"2"},"Q4":{"26":"2"},"FC":{"6J":"2","7H":"2","6M":"2"},"XH":{"QM":"2"},"4Q":{"R5":"2","V4":"2","VC":"2","Q5":"2","Q4":"2","RC":"2"}},"W9":{"P5":{"63":"2","64":"2","62":"2","66":"2","65":"2","74":"2","75":"2"},"64":{"MQ":"2"},"P4":{"4G":"2","39":"2","3F":"2","2C":"2","5H":"2","5G":"2","6W":"2","4F":"2","4R":"2","5J":"2","5M":"2","5P":"2","4Q":"2","5Q":"2"},"PM":{"VC":"2","VF":"2"}},"HG":{"X8":{"WP":"2","VP":"2","VM":"2","VJ":"2","VH":"2"}}}}