{"index":{"university,1|retail,2|tourism,3|wreck,4|historical,5|artsCulture,6|namedBuilding,7|water,8|wetland,9|park,10|beach,11|natureReserve,12|cemetery,13|trail,14":{}},"99":{"QV":{"93":{"GJ":"2","CC":"2"},"FQ":{"2X":"2"},"37":{"GF":"2","C7":"2","F9":"2","C8":"2","HG":"2","FC":"2"}},"QR":{"MC":{"P3":"2","P2":"2"},"C2":{"WX":"2"},"HR":{"GM":"2"},"VG":{"G6":"2","G5":"2"},"M9":{"PX":"2"},"J5":{"GF":"2","GC":"2","GG":"2"},"GR":{"H2":"2"},"H2":{"RF":"2","VC":"2","RJ":"2"}},"MX":{"W5":{"VM":"2"},"RJ":{"M6":"2","P5":"2","M5":"2","R2":"2","P6":"2","M4":"2","P4":"2","P2":"2","M2":"2","Q2":"2"},"W2":{"M2":"2","P5":"2","QG":"2","Q2":"2","P8":"2","PF":"2","XC":"2","QC":"2","P2":"2","Q4":"2","Q9":"2","PC":"2","P4":"2","P3":"2","J2":"2","Q8":"2","6V":"2","QH":"2","P7":"2","P6":"2","QF":"2","Q5":"2","P9":"2","Q3":"2"},"QQ":{"28":"2","29":"2","2C":"2","2G":"2","38":"2","2F":"2","27":"2","2H":"2","36":"2","37":"2"},"VP":{"H4":"2"},"CP":{"RG":"2","RF":"2","VG":"2","Q9":"2","RH":"2","VF":"2","RC":"2","RJ":"2","VH":"2"},"GV":{"JM":"2"},"VF":{"HX":"2"},"PQ":{"X8":"2","XC":"2","XG":"2","XF":"2","WF":"2","X9":"2","XH":"2","X7":"2","WC":"2"},"PX":{"F7":"2","F6":"2"},"WC":{"M2":"2"},"RH":{"QX":"2","PW":"2","RX":"2","MX":"2","MV":"2","PX":"2"}},"Q4":{"V6":{"QC":"2","Q9":"2"},"HR":{"F8":"2","G8":"2"},"J9":{"85":"2","79":"2","84":"2"}},"RV":{"22":{"G5":"2"}},"QQ":{"HX":{"XX":"2"}},"QW":{"MH":{"Q7":"2","Q8":"2","Q5":"2","R7":"2"},"6W":{"42":"2"},"4W":{"V8":"2"},"M8":{"X8":"2"},"46":{"5P":"2","6Q":"2","5Q":"2"},"P8":{"4P":"2","5M":"2","27":"2","28":"2","5J":"2"}},"PV":{"5X":{"6V":"2"},"4X":{"2J":"2"},"39":{"82":"2","C2":"2","92":"2"},"2C":{"5P":"2","3G":"2","2W":"2","4M":"2","4P":"2","2X":"2","3W":"2","3V":"2","4V":"2"},"2X":{"QX":"2","RX":"2","VW":"2","RW":"2"},"38":{"9X":"2","CX":"2"},"2F":{"22":"2"},"27":{"PW":"2","QP":"2","MR":"2","PV":"2","QV":"2","MQ":"2"},"8W":{"FR":"2","75":"2","FM":"2","GR":"2","GW":"2","84":"2","CM":"2","GJ":"2","74":"2","9J":"2","GP":"2","FP":"2","86":"2","85":"2","CV":"2","CH":"2","FQ":"2","FH":"2","CQ":"2","87":"2","98":"2","99":"2","CJ":"2","88":"2","CG":"2","GV":"2","9H":"2","9C":"2","9F":"2","CF":"2","FJ":"2","GQ":"2","GM":"2"}},"MW":{"XR":{"W5":"2","V5":"2","W4":"2","X7":"2","W6":"2","V6":"2","W7":"2","X6":"2"},"WX":{"MR":"2","QV":"2","JX":"2","VQ":"2","VR":"2","QR":"2","VV":"2","JM":"2","MX":"2","MQ":"2","MP":"2","QW":"2","PV":"2","XM":"2","PW":"2","PQ":"2","XP":"2","PR":"2","WQ":"2","PX":"2","QX":"2","WR":"2"},"WJ":{"Q3":"2"},"VR":{"7W":"2"},"RW":{"PP":"2","QP":"2","PQ":"2","PM":"2"},"VJ":{"5C":"2","69":"2","49":"2","48":"2"}},"MV":{"XC":{"XX":"2","FF":"2","7C":"2","F7":"2","9G":"2","XF":"2","9J":"2","CQ":"2","CR":"2","89":"2","CM":"2","C9":"2","CH":"2","CJ":"2","FG":"2","9C":"2","CF":"2","CC":"2","9F":"2","9H":"2","8F":"2","C7":"2","CG":"2","C6":"2","VX":"2","8C":"2","C8":"2","8G":"2","QX":"2"},"VG":{"JW":"2","JX":"2"},"XJ":{"H7":"2","M5":"2","MC":"2","P4":"2","M4":"2","JC":"2","M9":"2"},"XG":{"G2":"2"},"XF":{"FR":"2","C7":"2","F5":"2","V3":"2","Q2":"2","X2":"2","V2":"2","C6":"2","FV":"2","J3":"2","H3":"2","R3":"2","F6":"2","F4":"2","J2":"2","CR":"2","CQ":"2","C5":"2","P2":"2","CC":"2","C4":"2","C9":"2","H2":"2","C8":"2","CG":"2","F3":"2","F7":"2","CF":"2"},"RH":{"V7":"2","W6":"2","V8":"2"},"X9":{"RM":"2","X9":"2","RF":"2","XC":"2","VJ":"2","WM":"2","VP":"2","VM":"2","XF":"2","VH":"2","XH":"2","XJ":"2","VC":"2","XG":"2","RJ":"2","RH":"2","WC":"2","VG":"2","RC":"2","WH":"2","VF":"2","RG":"2","WF":"2","WJ":"2","RP":"2","XM":"2","WG":"2"},"VH":{"J2":"2","H3":"2","H2":"2"}},"RR":{"5P":{"5X":"2","4X":"2"},"5Q":{"32":"2","42":"2","52":"2","53":"2"},"3R":{"5F":"2","6F":"2","6G":"2","5G":"2"},"4F":{"HF":"2"},"2F":{"XQ":"2"},"3V":{"9G":"2","FJ":"2","C2":"2","CH":"2","FH":"2","CJ":"2","FG":"2","GG":"2","9H":"2","8G":"2"}},"PW":{"X9":{"XF":"2"},"54":{"3P":"2","4P":"2","4J":"2","3J":"2","3M":"2","2P":"2"},"7V":{"4C":"2"},"52":{"2Q":"2","28":"2","3W":"2","4X":"2","2P":"2","4W":"2","2X":"2","3X":"2","27":"2"},"3F":{"5X":"2"},"22":{"FM":"2","V8":"2","X5":"2","W7":"2","Q2":"2","CM":"2","W6":"2","GJ":"2","X6":"2","X7":"2","Q5":"2","GP":"2","V7":"2","FP":"2","Q3":"2","FQ":"2","CQ":"2","R8":"2","W8":"2","R7":"2","Q4":"2","FJ":"2","GM":"2","CP":"2"},"7W":{"H6":"2","H7":"2"},"35":{"X9":"2","VW":"2","WQ":"2","WW":"2","WV":"2","XC":"2","P8":"2","VR":"2","VJ":"2","X8":"2","WM":"2","P9":"2","XP":"2","VP":"2","VM":"2","PH":"2","MG":"2","XF":"2","WX":"2","XG":"2","VQ":"2","XR":"2","WR":"2","XQ":"2","R4":"2","WP":"2","Q9":"2","WF":"2","MH":"2","WJ":"2","R5":"2","Q8":"2","VV":"2"},"45":{"9X":"2","HW":"2","R2":"2","CP":"2","RX":"2","F5":"2","HJ":"2","GC":"2","FC":"2","65":"2","HQ":"2","G8":"2","C2":"2","FF":"2","M2":"2","52":"2","V2":"2","72":"2","5J":"2","FH":"2","FJ":"2","44":"2","GR":"2","29":"2","59":"2","HG":"2","JH":"2","43":"2","GF":"2","FP":"2","GJ":"2","74":"2","78":"2","CQ":"2","FX":"2","FV":"2","VX":"2","FW":"2","CX":"2","RV":"2","F9":"2","9W":"2","MH":"2","R3":"2","GH":"2","GV":"2","FQ":"2","HV":"2","HP":"2","VW":"2","F8":"2","JC":"2","HX":"2","RW":"2","G9":"2","HH":"2","2G":"2","CW":"2","GW":"2","H2":"2","64":"2","GM":"2","M3":"2","GG":"2","4G":"2","54":"2","FR":"2","62":"2","G6":"2","G5":"2","P3":"2","HM":"2","G7":"2","55":"2","JF":"2","75":"2","HF":"2","P2":"2","J4":"2","4M":"2","JJ":"2","H3":"2","JG":"2","58":"2","J2":"2","63":"2","GP":"2","5M":"2","53":"2","HR":"2","FG":"2","HC":"2","CV":"2","2M":"2","Q2":"2","VV":"2","F7":"2","FM":"2","MC":"2","F6":"2","J3":"2","CR":"2","GQ":"2","GX":"2","73":"2","V3":"2"},"32":{"HR":"2","8X":"2","6C":"2","7M":"2","6G":"2","GX":"2","7V":"2","5H":"2","3F":"2","26":"2","9W":"2","25":"2","5C":"2","7R":"2","59":"2","5G":"2","7W":"2","3C":"2","2C":"2","27":"2","8W":"2","29":"2","6P":"2","7P":"2","CR":"2","4F":"2","8V":"2","9R":"2","8P":"2","HV":"2","4C":"2","5F":"2","6F":"2","HX":"2","6J":"2","6M":"2","9V":"2","6H":"2"},"H3":{"5X":"2","5W":"2","6X":"2"},"57":{"XX":"2","8R":"2","8V":"2","8X":"2","88":"2","9X":"2","5H":"2","5G":"2","87":"2","5M":"2"},"43":{"MQ":"2","V8":"2","87":"2","79":"2","W9":"2","RX":"2","WW":"2","VR":"2","7W":"2","P4":"2","7X":"2","6R":"2","WM":"2","FF":"2","RG":"2","XF":"2","VC":"2","PV":"2","JX":"2","VJ":"2","PH":"2","6J":"2","W7":"2","WG":"2","RQ":"2","VF":"2","QW":"2","P8":"2","VM":"2","QH":"2","7V":"2","WQ":"2","XG":"2","V9":"2","6V":"2","WX":"2","78":"2","RR":"2","VX":"2","X5":"2","X3":"2","RV":"2","RH":"2","RP":"2","MH":"2","XC":"2","WH":"2","VW":"2","77":"2","RW":"2","VG":"2","MV":"2","VH":"2","MW":"2","WC":"2","M3":"2","JR":"2","6X":"2","P3":"2","MJ":"2","MF":"2","7F":"2","PW":"2","X8":"2","MG":"2","W6":"2","WF":"2","WV":"2","VP":"2","P2":"2","X6":"2","RJ":"2","QX":"2","WP":"2","67":"2","QJ":"2","WR":"2","JJ":"2","Q6":"2","WJ":"2","6W":"2","VQ":"2","X7":"2","QM":"2","X9":"2","Q2":"2","X4":"2","VV":"2","W8":"2","RC":"2","PG":"2","W5":"2","Q7":"2"},"53":{"22":"2","28":"2","42":"2","29":"2","45":"2","24":"2","23":"2","33":"2","43":"2","27":"2","34":"2","32":"2","46":"2","44":"2","25":"2"},"65":{"R9":"2","RC":"2"},"2R":{"27":"2","26":"2"},"46":{"83":"2","F4":"2","HW":"2","87":"2","79":"2","R2":"2","RX":"2","F5":"2","HJ":"2","WW":"2","VR":"2","FC":"2","3F":"2","HQ":"2","C2":"2","FF":"2","JM":"2","97":"2","M2":"2","PV":"2","V2":"2","89":"2","JP":"2","88":"2","HG":"2","QW":"2","QH":"2","GJ":"2","WX":"2","78":"2","C8":"2","93":"2","RV":"2","F9":"2","C4":"2","GH":"2","GV":"2","VW":"2","HP":"2","F8":"2","HX":"2","RW":"2","G9":"2","VG":"2","HH":"2","PR":"2","F2":"2","C5":"2","3G":"2","QV":"2","C6":"2","V4":"2","JR":"2","G5":"2","2J":"2","HM":"2","96":"2","99":"2","94":"2","3J":"2","7F":"2","C9":"2","WV":"2","G4":"2","2C":"2","95":"2","85":"2","3M":"2","P2":"2","QX":"2","G3":"2","V5":"2","WR":"2","2F":"2","JJ":"2","G2":"2","84":"2","C7":"2","QF":"2","3H":"2","82":"2","F3":"2","HR":"2","2M":"2","VQ":"2","X7":"2","VV":"2","92":"2","F7":"2","98":"2","F6":"2","QR":"2","86":"2","QG":"2","C3":"2","JQ":"2"},"44":{"3H":"2","Q6":"2","VW":"2","PW":"2","M4":"2","GP":"2","QQ":"2","J2":"2","J3":"2","XM":"2","H2":"2","HQ":"2","PG":"2","74":"2","XP":"2","V5":"2","5V":"2","HP":"2","WV":"2","V3":"2","G7":"2","5W":"2","4V":"2","J4":"2","R8":"2","W2":"2","3C":"2","MM":"2","R7":"2","X8":"2","3M":"2","M5":"2","P9":"2","4R":"2","MC":"2","28":"2","W7":"2","WQ":"2","MG":"2","WG":"2","M8":"2","PC":"2","P7":"2","RH":"2","QC":"2","Q2":"2","5X":"2","4G":"2","26":"2","JG":"2","45":"2","H7":"2","58":"2","WF":"2","GC":"2","W3":"2","5R":"2","HH":"2","W6":"2","QR":"2","6R":"2","7F":"2","PF":"2","3J":"2","4M":"2","7X":"2","H4":"2","8F":"2","QV":"2","W9":"2","2G":"2","JF":"2","4J":"2","GQ":"2","44":"2","MW":"2","J8":"2","6W":"2","JM":"2","2H":"2","Q3":"2","P6":"2","PR":"2","X7":"2","R4":"2","H3":"2","CG":"2","2C":"2","JP":"2","VC":"2","JQ":"2","Q7":"2","73":"2","HR":"2","29":"2","76":"2","GJ":"2","G4":"2","4X":"2","4H":"2","R2":"2","PQ":"2","PV":"2","4W":"2","CF":"2","Q9":"2","3F":"2","XQ":"2","JW":"2","7W":"2","4F":"2","R6":"2","4Q":"2","2F":"2","P5":"2","WC":"2","Q8":"2","W4":"2","77":"2","G5":"2","HG":"2","72":"2","J5":"2","R5":"2","XG":"2","HJ":"2","8C":"2","6X":"2","3G":"2","MH":"2","JH":"2","H6":"2","MF":"2","Q5":"2","V4":"2","Q4":"2","4P":"2","6J":"2","CQ":"2","P8":"2","75":"2","PH":"2","HF":"2","27":"2","7M":"2","HM":"2","XH":"2","39":"2","MJ":"2","M9":"2","JC":"2","R3":"2","QF":"2","G6":"2","JJ":"2","F5":"2"},"G3":{"PH":"2","RR":"2","QG":"2","VR":"2","VP":"2","VQ":"2"},"QC":{"8W":"2","8X":"2"},"42":{"VW":"2","WQ":"2","VX":"2","VJ":"2","QV":"2","X8":"2","QX":"2","RW":"2","X7":"2","WX":"2","JW":"2","PX":"2","PW":"2","VQ":"2","RQ":"2","WP":"2","WF":"2","RP":"2"},"MP":{"78":"2"},"47":{"R2":"2"},"33":{"XR":"2","G9":"2","PM":"2","RX":"2","GP":"2","RG":"2","JF":"2","CP":"2","C4":"2","HH":"2","M3":"2","GF":"2","M5":"2","M6":"2","G3":"2","JG":"2","CQ":"2","H8":"2","V8":"2","C5":"2","86":"2","J4":"2","CM":"2","HF":"2","RW":"2","H3":"2","FR":"2","GH":"2","H4":"2","G4":"2","HC":"2","J6":"2","84":"2","XV":"2","G2":"2","G6":"2","PP":"2","GJ":"2","G7":"2","RF":"2","JC":"2","QJ":"2","87":"2","CJ":"2","83":"2","V9":"2","J7":"2","FJ":"2","FH":"2","J2":"2","HM":"2","GR":"2","G8":"2","QF":"2","M4":"2","GC":"2","R5":"2","FQ":"2","RC":"2","GM":"2","QP":"2","QH":"2","J3":"2","GQ":"2","J9":"2","H7":"2","F5":"2","H6":"2","VX":"2","J5":"2","HG":"2","GG":"2","FM":"2","HJ":"2","J8":"2","G5":"2","H2":"2","F4":"2","H5":"2","H9":"2","FP":"2"},"58":{"76":"2","P8":"2","Q9":"2","92":"2","83":"2","75":"2","8F":"2","82":"2","Q8":"2","93":"2","8C":"2","84":"2","7P":"2","P9":"2"},"89":{"XF":"2"},"34":{"R3":"2","X8":"2","VR":"2","W5":"2","XF":"2","W4":"2","X7":"2","W6":"2","XC":"2","V2":"2","R2":"2","X5":"2","X9":"2","W7":"2","X6":"2","WF":"2","XG":"2","WC":"2","WG":"2","W9":"2"},"M8":{"FM":"2","FP":"2","GP":"2","GM":"2"},"MH":{"7R":"2","4X":"2"},"8C":{"R3":"2","RX":"2","R4":"2"},"9F":{"XR":"2"},"56":{"2G":"2","4W":"2","4X":"2","27":"2","25":"2","28":"2","26":"2"}},"PR":{"P5":{"XJ":"2"},"WP":{"FR":"2","FM":"2","GQ":"2","FJ":"2","GR":"2"},"W5":{"FM":"2"},"Q8":{"2W":"2","2X":"2"},"RQ":{"VV":"2","VR":"2"},"Q9":{"8C":"2","89":"2"},"V7":{"XV":"2","VR":"2","VV":"2","WV":"2","VX":"2","WQ":"2","VW":"2","WR":"2"},"W4":{"85":"2","88":"2","86":"2"},"V8":{"R5":"2"}},"PX":{"4M":{"JH":"2","HJ":"2","JJ":"2","HH":"2","JM":"2","JG":"2","H7":"2"},"22":{"4G":"2"},"2Q":{"PF":"2"},"8V":{"GC":"2"},"67":{"8C":"2","79":"2","89":"2","88":"2","7C":"2","78":"2","77":"2"},"39":{"85":"2","83":"2","86":"2","84":"2"},"2P":{"RX":"2","VX":"2"},"5H":{"H3":"2"},"5G":{"GW":"2","HW":"2","HX":"2","GX":"2"},"24":{"R7":"2"},"4F":{"6W":"2","7W":"2","7X":"2","6X":"2"},"7J":{"G2":"2"},"2H":{"MR":"2"},"7H":{"H4":"2"},"34":{"GP":"2"},"M4":{"XJ":"2"},"8M":{"5X":"2","5W":"2"},"36":{"FM":"2","FP":"2","GP":"2","GM":"2"}},"Q5":{"V4":{"XP":"2"},"WJ":{"49":"2"}},"QX":{"93":{"Q7":"2","5V":"2","Q8":"2","R6":"2","R7":"2","W3":"2","W2":"2"},"RM":{"GH":"2","FV":"2"},"MP":{"66":"2","6C":"2","58":"2","6G":"2","5F":"2","67":"2","57":"2","5G":"2","6F":"2","69":"2","48":"2","5C":"2","6J":"2","47":"2","46":"2","6H":"2","59":"2","68":"2"},"84":{"G5":"2"}},"Q3":{"G2":{"XG":"2"}}}}