{"index":{"university,1|retail,2|tourism,3|wreck,4|historical,5|artsCulture,6|namedBuilding,7|water,8|wetland,9|park,10|beach,11|natureReserve,12|cemetery,13|trail,14":{}},"9P":{"24":{"WC":{"4M":"2"}},"3Q":{"2J":{"XF":"2","WF":"2"},"6R":{"7X":"2","8X":"2"},"55":{"QJ":"2","PJ":"2"},"MJ":{"CR":"2","7G":"2","7H":"2","8V":"2","8H":"2","6F":"2","7F":"2"},"QV":{"F7":"2","F5":"2","F6":"2"},"2F":{"3G":"2","3F":"2"},"XQ":{"RW":"2","RV":"2"},"29":{"4W":"2"}},"83":{"4J":{"X2":"2","RG":"2","XV":"2","QR":"2","W5":"2","QG":"2","VM":"2","W4":"2","X7":"2","W6":"2","PF":"2","WJ":"2","X4":"2","QC":"2","X5":"2","QQ":"2","VP":"2","RF":"2","XM":"2","W7":"2","VG":"2","XH":"2","VF":"2","QH":"2","X3":"2","QF":"2","QP":"2","XJ":"2","RM":"2"},"7M":{"WR":"2","XR":"2","XW":"2","XH":"2"},"7V":{"JQ":"2","JX":"2","GW":"2","JV":"2","FQ":"2","QR":"2","HR":"2","HJ":"2","HP":"2","GC":"2","Q6":"2","JR":"2","J8":"2","JM":"2","HQ":"2","C2":"2","MP":"2","MQ":"2","Q9":"2","MJ":"2","J2":"2","QW":"2","H5":"2","PV":"2","H3":"2","MW":"2","GR":"2","MV":"2","JJ":"2","VX":"2","PW":"2","P7":"2","HV":"2","P6":"2","JW":"2","FV":"2","G9":"2","M9":"2","G6":"2","W9":"2","VW":"2"},"X8":{"H8":"2"},"5H":{"8X":"2","3F":"2","2F":"2","9W":"2","FW":"2","3M":"2","FV":"2","6R":"2","8R":"2","2Q":"2","2R":"2","4X":"2","4V":"2","CQ":"2","8V":"2","3J":"2","6Q":"2","9Q":"2","3P":"2","2V":"2","CP":"2","4R":"2"},"7Q":{"QJ":"2","W8":"2","X4":"2","X8":"2","X9":"2","W9":"2"},"3M":{"PP":"2","P2":"2","PM":"2","QQ":"2","PX":"2"},"7R":{"FQ":"2","CQ":"2","FJ":"2","CM":"2","CX":"2","6G":"2","CJ":"2","FM":"2","CP":"2","FP":"2"},"5G":{"P5":"2"},"7W":{"X2":"2","G2":"2","G3":"2","X4":"2","W2":"2","J2":"2","H8":"2","H3":"2","X3":"2"},"45":{"FF":"2","99":"2","GC":"2","CM":"2","9C":"2","9M":"2","CC":"2","CP":"2","GF":"2","CG":"2","G9":"2"},"8Q":{"63":"2","22":"2","72":"2","28":"2","62":"2","42":"2","92":"2","83":"2","29":"2","75":"2","24":"2","38":"2","33":"2","93":"2","48":"2","53":"2","43":"2","74":"2","27":"2","47":"2","34":"2","46":"2","52":"2","44":"2","32":"2","73":"2","25":"2"},"6R":{"XG":"2","HH":"2"},"8W":{"24":"2"},"FP":{"2Q":"2"},"44":{"GX":"2","FX":"2"},"7P":{"RR":"2","W8":"2","RF":"2","Q7":"2","V6":"2","R8":"2","RH":"2","VQ":"2","V5":"2"},"4F":{"G4":"2","88":"2","95":"2","87":"2"},"5R":{"WM":"2"},"36":{"PQ":"2","QV":"2","QW":"2","MQ":"2","JR":"2"},"8P":{"9X":"2","4P":"2","3H":"2","6G":"2","7Q":"2","7R":"2","4Q":"2","6P":"2","7P":"2","5Q":"2","CR":"2","3R":"2","5M":"2","6W":"2","7H":"2","6X":"2","5R":"2","9R":"2","6Q":"2","9Q":"2","3Q":"2","6J":"2","6M":"2","6H":"2","7X":"2","4R":"2"},"4C":{"FR":"2","GW":"2","HW":"2","HV":"2","HR":"2","JW":"2","GX":"2","JV":"2","JX":"2","JP":"2","FX":"2"},"8M":{"7P":"2","7Q":"2"},"4H":{"RX":"2","VX":"2","VW":"2","QV":"2","RW":"2"},"3P":{"5P":"2","84":"2"},"CW":{"2V":"2"},"5J":{"C7":"2","97":"2","F5":"2","54":"2","2G":"2","64":"2","5H":"2","3F":"2","2F":"2","5V":"2","2W":"2","22":"2","8J":"2","94":"2","23":"2","96":"2","8F":"2","G2":"2","79":"2","43":"2","2Q":"2","2J":"2","4G":"2","F6":"2","F4":"2","G3":"2","CH":"2","24":"2","3W":"2","68":"2","3J":"2","F2":"2","5W":"2","9Q":"2","4C":"2","C4":"2","99":"2","4H":"2","C9":"2","5F":"2","89":"2","67":"2","CG":"2","34":"2","F7":"2","F3":"2","9C":"2","7C":"2","6H":"2","5J":"2","8C":"2","2V":"2","9F":"2","49":"2","7F":"2","82":"2"},"7X":{"67":"2","5C":"2","66":"2","5F":"2"}},"66":{"PR":{"2R":"2"}},"22":{"F5":{"6F":"2"},"42":{"9X":"2","8X":"2"},"C5":{"W7":"2","W8":"2","Q6":"2","V7":"2"},"FW":{"FM":"2","CM":"2","FJ":"2"},"43":{"82":"2"}},"87":{"QJ":{"7W":"2","W2":"2","7X":"2","6X":"2"},"RR":{"23":"2","33":"2","32":"2","5F":"2","4F":"2","22":"2","46":"2","3V":"2","4V":"2","9J":"2"},"QR":{"X2":"2"},"QM":{"85":"2","8F":"2","65":"2","78":"2","84":"2"},"QP":{"JX":"2","JV":"2","HR":"2","HP":"2","HM":"2","G3":"2","JR":"2","HW":"2","J9":"2","GG":"2","HH":"2","H3":"2","HX":"2","HV":"2","JW":"2","G4":"2","H9":"2","HG":"2"},"RX":{"C7":"2","89":"2"},"V3":{"36":"2"},"R6":{"VW":"2"},"RQ":{"3X":"2","3W":"2","2R":"2","2M":"2","3V":"2","2P":"2"},"RW":{"3Q":"2","46":"2"},"RV":{"3G":"2","4P":"2","3H":"2","3F":"2"},"QQ":{"M7":"2","WQ":"2","J5":"2","M3":"2","WW":"2","RF":"2","GH":"2","M5":"2","R9":"2","P8":"2","VR":"2","VJ":"2","QV":"2","XV":"2","XP":"2","VP":"2","VM":"2","RR":"2","V9":"2","RW":"2","VH":"2","J3":"2","H3":"2","VC":"2","P7":"2","XX":"2","J2":"2","J6":"2","VQ":"2","RH":"2","RV":"2","J4":"2","WC":"2","R8":"2","VG":"2","WR":"2","RQ":"2","RC":"2","R4":"2","WP":"2","QF":"2","Q9":"2","VF":"2","QW":"2","RG":"2","M6":"2","WF":"2","M8":"2","M4":"2","WJ":"2","XW":"2","Q8":"2"},"QH":{"RG":"2","WX":"2","VR":"2","VJ":"2","VH":"2"}},"8W":{"W7":{"25":"2","26":"2","49":"2","48":"2"},"Q7":{"WG":"2","XG":"2","XF":"2","VF":"2","XH":"2"},"R7":{"3M":"2"},"V7":{"X4":"2","X3":"2","W3":"2","W4":"2"}},"79":{"4J":{"W3":"2"},"WQ":{"3W":"2"}},"CP":{"6J":{"9Q":"2"},"27":{"6M":"2"}},"3R":{"2J":{"R9":"2"},"V5":{"Q7":"2"},"HJ":{"JV":"2","HR":"2","HP":"2","MX":"2","HW":"2","MW":"2","HX":"2","FW":"2","GV":"2","PW":"2","HV":"2","JW":"2","FV":"2"},"W6":{"7Q":"2"},"HM":{"M3":"2"},"WJ":{"98":"2","99":"2"},"V2":{"3M":"2","2J":"2","76":"2","4V":"2","58":"2","3G":"2","3V":"2","2G":"2","3J":"2","4R":"2","2F":"2","2H":"2","3P":"2","3C":"2","3Q":"2","3H":"2","59":"2"},"MQ":{"3R":"2"},"R2":{"XC":"2"},"C6":{"FQ":"2"},"XH":{"M6":"2","JH":"2","FQ":"2","PP":"2","P7":"2","QP":"2","GP":"2","GM":"2","GQ":"2","QF":"2","P8":"2"},"3P":{"3R":"2"},"V3":{"42":"2"},"XJ":{"93":"2"}},"6G":{"HQ":{"WW":"2","XW":"2"},"88":{"HF":"2","GG":"2"},"9F":{"H4":"2"}},"65":{"22":{"6W":"2","4R":"2","4W":"2","3W":"2","2R":"2","6X":"2"},"62":{"2Q":"2"},"C2":{"X4":"2"},"F2":{"22":"2","35":"2","24":"2","23":"2","33":"2","26":"2","34":"2","32":"2","25":"2","36":"2"},"23":{"56":"2","55":"2","67":"2","45":"2","42":"2","59":"2","53":"2"},"74":{"MJ":"2"},"52":{"49":"2"},"C8":{"XX":"2","XW":"2","XV":"2","VR":"2","VV":"2","WV":"2","WW":"2","WX":"2","VW":"2","WR":"2"}},"PX":{"4Q":{"PH":"2","PG":"2","QG":"2","PF":"2","QF":"2"}},"3F":{"9V":{"QC":"2"},"66":{"7C":"2","9G":"2","9J":"2","72":"2","F9":"2","88":"2","7F":"2","8H":"2","FG":"2","9M":"2","8F":"2","78":"2","6J":"2","8C":"2","8G":"2","97":"2"},"65":{"7P":"2","7V":"2","8M":"2"},"RW":{"X4":"2"},"XQ":{"JH":"2"}},"5F":{"F7":{"JW":"2","JX":"2"},"F8":{"J3":"2"},"C2":{"99":"2","4V":"2","3R":"2","6C":"2","6Q":"2","8H":"2","5F":"2","3G":"2","9C":"2","6M":"2","3F":"2","CC":"2","5H":"2","7J":"2","6F":"2","7H":"2","6J":"2","8C":"2","5J":"2","7M":"2","4Q":"2","2M":"2","97":"2"},"JJ":{"7P":"2","8R":"2"},"P2":{"4V":"2"},"92":{"RV":"2"}},"JM":{"GW":{"CJ":"2"},"RF":{"XJ":"2"},"HW":{"4W":"2","7X":"2"},"HX":{"72":"2","25":"2","26":"2"},"GX":{"W8":"2","G9":"2","5R":"2","PM":"2","WG":"2","MH":"2","M9":"2","RG":"2","9F":"2","P7":"2","XF":"2","PC":"2","7H":"2","MJ":"2","W7":"2","C7":"2","X6":"2","M6":"2","PF":"2","XG":"2","MF":"2","C5":"2","XH":"2","VG":"2","VC":"2","6M":"2","PH":"2","C9":"2","W9":"2","VF":"2","R9":"2","JH":"2","6J":"2","PJ":"2","6P":"2","RF":"2","QJ":"2","JC":"2","WF":"2","QM":"2","J7":"2","P9":"2","M7":"2","F6":"2","9G":"2","X7":"2","JJ":"2","QF":"2","VM":"2","M4":"2","GC":"2","PG":"2","WQ":"2","RC":"2","QQ":"2","WP":"2","QP":"2","QH":"2","QC":"2","VH":"2","RP":"2","J9":"2","F5":"2","VJ":"2","CG":"2","QG":"2","GG":"2","M8":"2","C8":"2","RM":"2","P8":"2","Q8":"2","RH":"2","RJ":"2","RQ":"2","WM":"2","C6":"2","VQ":"2","MC":"2","WC":"2"},"JR":{"8H":"2"}},"2R":{"P5":{"M9":"2"},"7H":{"2H":"2","2G":"2"},"4M":{"83":"2"},"9G":{"MW":"2","RM":"2","WQ":"2","RF":"2","WV":"2","PM":"2","VJ":"2","JQ":"2","XP":"2","VP":"2","VM":"2","QX":"2","H8":"2","XF":"2","PX":"2","PW":"2","PJ":"2","MJ":"2","RJ":"2","RH":"2","RV":"2","MV":"2","MX":"2","RC":"2","MP":"2","JV":"2","QH":"2","QG":"2","QF":"2","H7":"2","RG":"2","QW":"2","WJ":"2","HW":"2","PG":"2","VV":"2"},"G9":{"CP":"2"},"J8":{"W3":"2"},"G8":{"QV":"2","VQ":"2","QR":"2","VV":"2","RQ":"2","QQ":"2","QW":"2","VP":"2","PV":"2","XM":"2","WM":"2","WP":"2","RR":"2","G5":"2","QP":"2","WR":"2","RM":"2"},"CG":{"27":"2","39":"2"},"9F":{"4R":"2","4P":"2","5Q":"2","5R":"2","QW":"2","4Q":"2"}},"97":{"WQ":{"75":"2"}},"3W":{"GW":{"F2":"2","H2":"2"},"H9":{"47":"2"},"H8":{"2J":"2"},"FH":{"X5":"2"}},"39":{"PM":{"WW":"2","XW":"2"},"32":{"QF":"2"},"22":{"HQ":"2"},"8H":{"24":"2"},"RG":{"W7":"2","RM":"2","62":"2","RR":"2","W8":"2","X5":"2","V9":"2","V6":"2","X6":"2","VV":"2","VR":"2","RJ":"2","VM":"2","V7":"2","RV":"2","W6":"2","VJ":"2","V8":"2"},"2R":{"X8":"2","XC":"2","XF":"2","WF":"2","X9":"2","WC":"2"},"P7":{"WP":"2","WG":"2"},"XF":{"5H":"2","FC":"2","6G":"2"},"3R":{"37":"2"},"VP":{"9G":"2","9V":"2","8V":"2","67":"2","9M":"2","6M":"2","9F":"2","8F":"2","9P":"2","7H":"2","8C":"2","5M":"2","7V":"2","32":"2","8G":"2","8W":"2","68":"2"},"PF":{"5F":"2","J5":"2","CG":"2","59":"2"},"VG":{"8V":"2","25":"2"},"F9":{"JH":"2","MH":"2","P5":"2","CH":"2","9H":"2","Q5":"2","H9":"2","Q6":"2","JC":"2","HC":"2"},"Q6":{"52":"2"},"RW":{"X2":"2"},"35":{"G5":"2"},"VF":{"8Q":"2","PH":"2","CP":"2","9P":"2","CJ":"2","CM":"2"},"CC":{"FR":"2","CW":"2"},"RF":{"24":"2","23":"2","22":"2","4W":"2","4X":"2","3W":"2","25":"2","3V":"2","4V":"2"},"QJ":{"P3":"2","M3":"2","W3":"2","W2":"2","M2":"2","P2":"2"},"CJ":{"J4":"2","M3":"2"},"QM":{"QX":"2","RX":"2","HH":"2"},"PQ":{"XM":"2"},"QF":{"F7":"2","85":"2","G7":"2","F8":"2","C3":"2","H9":"2","G8":"2","H8":"2","RW":"2","QQ":"2"},"VM":{"2W":"2"},"VV":{"79":"2","65":"2","3H":"2","78":"2"},"PG":{"M4":"2","H8":"2","RC":"2","H7":"2","JC":"2","QH":"2"},"QH":{"56":"2","9R":"2","PR":"2","HJ":"2","QX":"2","MP":"2","QR":"2","PW":"2","RX":"2","JJ":"2","MM":"2","GJ":"2","RQ":"2","HH":"2","PV":"2","QV":"2","GG":"2","QW":"2","HG":"2","9Q":"2"},"QP":{"42":"2"},"QC":{"93":"2","QJ":"2","RM":"2","F8":"2","CF":"2","96":"2","WJ":"2","C3":"2","C8":"2","94":"2","VP":"2","CC":"2","F4":"2","VW":"2","WQ":"2","VM":"2","RW":"2","CQ":"2","9Q":"2","95":"2","WM":"2","RP":"2"},"3Q":{"CV":"2"},"VH":{"35":"2","3G":"2","3F":"2","4F":"2","3C":"2","26":"2","34":"2","25":"2"},"RP":{"GJ":"2"},"J9":{"7Q":"2","6Q":"2","6P":"2"},"QG":{"2W":"2","V5":"2","W6":"2","R4":"2"},"RM":{"P3":"2","M7":"2","C7":"2","J5":"2","M3":"2","62":"2","97":"2","M5":"2","77":"2","P5":"2","Q2":"2","V2":"2","C6":"2","P4":"2","35":"2","93":"2","J3":"2","7G":"2","79":"2","Q5":"2","8G":"2","43":"2","65":"2","78":"2","XG":"2","R3":"2","Q3":"2","J2":"2","CH":"2","FH":"2","J6":"2","C3":"2","J4":"2","FG":"2","C5":"2","P2":"2","68":"2","33":"2","R4":"2","P6":"2","67":"2","FF":"2","CG":"2","M6":"2","34":"2","Q4":"2","7C":"2","M4":"2","M2":"2","CF":"2","R5":"2","56":"2","WG":"2","66":"2","R2":"2"},"RH":{"MQ":"2","HW":"2","8R":"2","W9":"2","RX":"2","HJ":"2","VR":"2","7W":"2","HQ":"2","WM":"2","JM":"2","RG":"2","PC":"2","VC":"2","PV":"2","JX":"2","V2":"2","JP":"2","PH":"2","FJ":"2","W4":"2","VF":"2","GR":"2","HG":"2","QW":"2","9V":"2","PF":"2","JH":"2","QH":"2","FP":"2","RF":"2","GJ":"2","WX":"2","RR":"2","FX":"2","FV":"2","CX":"2","RV":"2","RH":"2","MH":"2","GV":"2","FQ":"2","HP":"2","HX":"2","HH":"2","PR":"2","GM":"2","QV":"2","WC":"2","W3":"2","JW":"2","JR":"2","FR":"2","HM":"2","PJ":"2","MF":"2","PW":"2","X8":"2","MG":"2","VP":"2","JF":"2","QX":"2","QJ":"2","JJ":"2","JG":"2","MP":"2","GP":"2","MM":"2","X4":"2","9R":"2","FM":"2","W8":"2","8V":"2","QR":"2","PM":"2","QG":"2","XP":"2","CR":"2","GQ":"2","GX":"2","V3":"2"},"RJ":{"W8":"2","PV":"2","58":"2","FW":"2","6C":"2","6X":"2","X9":"2","3G":"2","F3":"2","99":"2","RX":"2","8H":"2","9F":"2","7G":"2","2Q":"2","8M":"2","CP":"2","7H":"2","VP":"2","CW":"2","5G":"2","5C":"2","MR":"2","M5":"2","7M":"2","G3":"2","4R":"2","XG":"2","7F":"2","XH":"2","J4":"2","9C":"2","PX":"2","CM":"2","6F":"2","6M":"2","QW":"2","C9":"2","RW":"2","CV":"2","W9":"2","FV":"2","Q3":"2","CC":"2","PW":"2","G4":"2","6J":"2","G2":"2","5W":"2","MX":"2","55":"2","R7":"2","8C":"2","CX":"2","87":"2","Q4":"2","QV":"2","7W":"2","PR":"2","4G":"2","XJ":"2","7J":"2","FH":"2","8F":"2","57":"2","4H":"2","5F":"2","4Q":"2","PQ":"2","MQ":"2","VM":"2","M4":"2","4P":"2","98":"2","3H":"2","89":"2","QX":"2","5H":"2","RP":"2","37":"2","F5":"2","VX":"2","VJ":"2","J5":"2","RV":"2","Q2":"2","C8":"2","RM":"2","6H":"2","RH":"2","8J":"2","G5":"2","8G":"2","3F":"2","6G":"2","CF":"2","VW":"2","F4":"2","RR":"2","R2":"2"},"H2":{"4W":"2"},"CF":{"C2":"2"},"VW":{"24":"2","23":"2","33":"2","32":"2","P7":"2","Q5":"2","22":"2","Q6":"2","M7":"2"}},"5X":{"PQ":{"M6":"2","P5":"2","M5":"2","P6":"2","F7":"2","G7":"2","F8":"2","C7":"2","Q5":"2","J6":"2"}},"27":{"FM":{"G3":"2"},"82":{"FW":"2","CV":"2"},"J8":{"6J":"2","7H":"2","6H":"2","7J":"2","6F":"2"},"GQ":{"F5":"2","F4":"2"},"J7":{"5V":"2"}},"89":{"7H":{"C9":"2","CC":"2","9F":"2"},"5C":{"7R":"2","JQ":"2","GW":"2","GX":"2","JR":"2"},"5F":{"H4":"2","QG":"2","XR":"2","G5":"2","G4":"2","C2":"2","C3":"2","F4":"2","VQ":"2","H3":"2","H2":"2","G2":"2","QH":"2"}},"JP":{"35":{"VR":"2","VQ":"2"},"F8":{"2H":"2","2G":"2","2F":"2"},"C8":{"XC":"2"},"G2":{"Q3":"2","MF":"2","JC":"2","34":"2"},"99":{"J3":"2"}},"72":{"6M":{"GP":"2"},"CW":{"CJ":"2"}},"5W":{"8G":{"C4":"2","C9":"2","63":"2","9C":"2","F8":"2","F9":"2","CF":"2","C8":"2","94":"2","CC":"2","7F":"2","FC":"2"}},"5J":{"6Q":{"79":"2"}},"FJ":{"JQ":{"F2":"2","F3":"2","H2":"2","G2":"2"},"CH":{"QC":"2","VG":"2","M9":"2"},"JP":{"MW":"2","MV":"2","CX":"2","JV":"2","CW":"2","FX":"2"},"FH":{"6C":"2"}},"23":{"4H":{"7M":"2","8M":"2"},"GG":{"PC":"2","Q9":"2","P9":"2"}},"88":{"GR":{"X2":"2"}},"46":{"7C":{"JQ":"2","GW":"2","H6":"2","H4":"2","CQ":"2","CR":"2","8X":"2","H5":"2","9W":"2","G5":"2","GV":"2","FW":"2","H2":"2","26":"2","G4":"2","CV":"2"},"95":{"73":"2","84":"2","64":"2","26":"2","2F":"2","22":"2","74":"2","23":"2","3C":"2","2C":"2","37":"2","43":"2","83":"2","27":"2","29":"2","46":"2","44":"2","36":"2","4C":"2","47":"2","34":"2"},"34":{"V3":"2","V2":"2"},"62":{"HV":"2","JW":"2","HX":"2","JV":"2"},"52":{"MJ":"2"},"6C":{"GW":"2","QG":"2","V9":"2","XC":"2","WJ":"2","XG":"2","QF":"2","W4":"2"},"68":{"F3":"2","WX":"2","F8":"2","93":"2","PC":"2","C4":"2","M3":"2","C7":"2","M6":"2","G3":"2","86":"2","J4":"2","F9":"2","C9":"2","Q6":"2","H3":"2","85":"2","FG":"2","H4":"2","CC":"2","G4":"2","94":"2","F7":"2","G6":"2","P6":"2","Q4":"2","J7":"2","P2":"2","P9":"2","F6":"2","76":"2","J2":"2","97":"2","F2":"2","C3":"2","75":"2","M4":"2","98":"2","Q5":"2","J3":"2","M2":"2","H6":"2","CG":"2","Q2":"2","M8":"2","C8":"2","74":"2","J8":"2","G5":"2","H2":"2","CF":"2","C6":"2","H5":"2","92":"2"},"MG":{"4Q":"2"},"F8":{"7R":"2","GH":"2","7Q":"2","C2":"2","6Q":"2","FF":"2","FH":"2","FG":"2"},"93":{"8V":"2","6W":"2","C8":"2","7W":"2","8W":"2","FC":"2"},"C4":{"MR":"2","MV":"2"},"5C":{"RX":"2"},"7F":{"95":"2","C9":"2","F2":"2","CC":"2","C3":"2","82":"2","G5":"2","87":"2"},"86":{"X9":"2","FR":"2","HR":"2","M7":"2","M3":"2","HQ":"2","H5":"2","7M":"2","W4":"2","JR":"2","GR":"2","XC":"2","W7":"2","HM":"2","JQ":"2","9W":"2","V4":"2","JP":"2","V9":"2","X6":"2","FV":"2","J3":"2","GP":"2","VC":"2","6P":"2","7P":"2","HP":"2","J4":"2","W8":"2","8P":"2","HV":"2","6Q":"2","MP":"2","JV":"2","RG":"2","GV":"2","M4":"2","M2":"2","GQ":"2","JM":"2","GM":"2","WG":"2","CP":"2","R2":"2","4R":"2"},"6F":{"R2":"2","29":"2"},"F9":{"7P":"2","F8":"2","G9":"2","66":"2","76":"2","G8":"2","7F":"2","88":"2","87":"2","75":"2","77":"2"},"HF":{"J4":"2","J3":"2","C5":"2"},"C9":{"HG":"2"},"77":{"MQ":"2","V8":"2","Q5":"2","22":"2","F4":"2","9X":"2","HW":"2","R2":"2","CP":"2","RX":"2","F5":"2","HJ":"2","WW":"2","VR":"2","QC":"2","65":"2","PX":"2","M5":"2","5F":"2","HQ":"2","JM":"2","97":"2","PC":"2","27":"2","PV":"2","JX":"2","V2":"2","JP":"2","72":"2","PH":"2","FH":"2","FJ":"2","23":"2","36":"2","RQ":"2","59":"2","JV":"2","QW":"2","HG":"2","Q9":"2","5C":"2","PF":"2","PP":"2","JH":"2","QH":"2","FP":"2","4C":"2","QP":"2","GJ":"2","48":"2","74":"2","8Q":"2","CQ":"2","FV":"2","VX":"2","28":"2","CX":"2","RV":"2","C4":"2","9W":"2","9Q":"2","MH":"2","GH":"2","FQ":"2","HP":"2","VW":"2","HX":"2","RW":"2","MV":"2","HH":"2","2G":"2","PR":"2","CM":"2","C5":"2","H2":"2","GM":"2","MW":"2","QV":"2","M3":"2","GG":"2","C6":"2","W3":"2","JW":"2","JR":"2","FR":"2","35":"2","P3":"2","2J":"2","HM":"2","MJ":"2","96":"2","V7":"2","PJ":"2","94":"2","MF":"2","M4":"2","PW":"2","MG":"2","P6":"2","WV":"2","55":"2","95":"2","P5":"2","25":"2","VP":"2","32":"2","JF":"2","85":"2","75":"2","P2":"2","QX":"2","RJ":"2","J4":"2","G3":"2","QJ":"2","WR":"2","2H":"2","69":"2","34":"2","JJ":"2","H3":"2","84":"2","JG":"2","C7":"2","RM":"2","W2":"2","P9":"2","MP":"2","26":"2","GP":"2","PQ":"2","J6":"2","37":"2","F3":"2","HR":"2","CV":"2","VQ":"2","QM":"2","H4":"2","MM":"2","9R":"2","VV":"2","FM":"2","QR":"2","PG":"2","J3":"2","PM":"2","QG":"2","QQ":"2","MR":"2","CR":"2","GQ":"2","C3":"2","JQ":"2","V3":"2","J5":"2"},"66":{"9R":"2","9V":"2","64":"2","RG":"2","QG":"2","X3":"2","22":"2","9W":"2","CX":"2","QW":"2","74":"2","CW":"2","XQ":"2","FX":"2"},"85":{"X9":"2","FR":"2","W4":"2","XC":"2","X5":"2","X8":"2","5H":"2","W6":"2","5G":"2","W2":"2","XF":"2","X7":"2","XH":"2","W3":"2","PX":"2","PW":"2","X3":"2","XG":"2","CV":"2","CR":"2","FQ":"2","RV":"2","CQ":"2","W8":"2","JX":"2","WP":"2","X4":"2","PF":"2","W5":"2","WF":"2","6H":"2","JH":"2","R5":"2","56":"2","WG":"2"},"79":{"36":"2","42":"2","62":"2","G9":"2","52":"2","28":"2","22":"2","F3":"2","GP":"2","JM":"2","F8":"2","27":"2","GF":"2","M5":"2","G3":"2","JG":"2","H8":"2","J4":"2","F9":"2","3V":"2","H3":"2","77":"2","GH":"2","66":"2","R4":"2","R3":"2","H4":"2","G4":"2","JH":"2","55":"2","GJ":"2","Q4":"2","59":"2","33":"2","57":"2","4H":"2","26":"2","HM":"2","63":"2","GR":"2","G8":"2","39":"2","44":"2","F2":"2","M4":"2","72":"2","GM":"2","J3":"2","3Q":"2","H7":"2","37":"2","64":"2","GG":"2","P4":"2","54":"2","G5":"2","53":"2","3F":"2","38":"2","43":"2","R2":"2"},"84":{"XV":"2","WW":"2"},"94":{"3M":"2","3W":"2","6Q":"2","2V":"2","7G":"2","5H":"2","5G":"2","2X":"2","6V":"2","5J":"2","5M":"2","5P":"2","6P":"2","QP":"2","2W":"2"},"FC":{"C4":"2","94":"2","H7":"2"},"87":{"9X":"2","FR":"2","8X":"2","4W":"2","GR":"2","F5":"2","R9":"2","GW":"2","VM":"2","FW":"2","G4":"2","7R":"2","7W":"2","5X":"2","FV":"2","8Q":"2","6R":"2","8W":"2","4V":"2","F6":"2","J6":"2","FQ":"2","CQ":"2","6X":"2","3W":"2","3V":"2","5W":"2","89":"2","GV":"2","G5":"2","3X":"2","J7":"2","CW":"2","8C":"2","2V":"2","XM":"2","2X":"2","7X":"2"},"59":{"8M":"2"},"4G":{"3Q":"2","C6":"2","97":"2","C7":"2","3R":"2","96":"2"},"33":{"3M":"2","FQ":"2","4G":"2","HJ":"2","9J":"2","HP":"2","HM":"2","FJ":"2","4J":"2","JM":"2","HQ":"2","8J":"2","2P":"2","9M":"2","QW":"2","4H":"2","GR":"2","JJ":"2","6J":"2","3P":"2","5M":"2","JW":"2","GQ":"2","3H":"2","6H":"2","5Q":"2"},"7J":{"3X":"2","6G":"2"},"F6":{"7G":"2","9V":"2","7H":"2","58":"2"},"4H":{"V8":"2"},"5F":{"57":"2","P6":"2","X9":"2"},"76":{"7C":"2","PV":"2","58":"2","FW":"2","62":"2","6C":"2","5R":"2","3J":"2","RX":"2","8H":"2","48":"2","2R":"2","2W":"2","6Q":"2","9F":"2","7G":"2","8M":"2","6R":"2","7H":"2","GX":"2","7M":"2","3P":"2","7F":"2","86":"2","9C":"2","PX":"2","CM":"2","6F":"2","6M":"2","3V":"2","QW":"2","RW":"2","CH":"2","66":"2","85":"2","73":"2","2X":"2","7P":"2","PW":"2","56":"2","94":"2","G6":"2","6P":"2","MX":"2","FC":"2","8C":"2","4J":"2","MW":"2","CJ":"2","QV":"2","HX":"2","7J":"2","GW":"2","8F":"2","57":"2","9G":"2","63":"2","2J":"2","3X":"2","75":"2","3H":"2","89":"2","5Q":"2","6V":"2","9H":"2","67":"2","JQ":"2","82":"2","4X":"2","2M":"2","74":"2","JX":"2","69":"2","8J":"2","G5":"2","8G":"2","3M":"2","3W":"2"},"63":{"8X":"2","4J":"2","77":"2","4P":"2","3H":"2","54":"2","7V":"2","3M":"2","76":"2","7R":"2","5V":"2","7W":"2","2C":"2","5X":"2","57":"2","43":"2","4Q":"2","4X":"2","46":"2","44":"2","6P":"2","42":"2","55":"2","6W":"2","6X":"2","5R":"2","68":"2","3J":"2","5W":"2","6Q":"2","47":"2","6V":"2","5F":"2","3G":"2","4M":"2","67":"2","48":"2","69":"2","56":"2","7X":"2","4R":"2"},"97":{"GW":"2"},"75":{"6R":"2","5P":"2","X5":"2","6Q":"2","5R":"2","22":"2","8W":"2","6P":"2","W2":"2","7X":"2","5J":"2"},"89":{"J8":"2","M8":"2","65":"2","45":"2","GG":"2"},"78":{"46":"2","Q6":"2","GF":"2","GP":"2","69":"2","J2":"2","RV":"2","38":"2","H2":"2","FQ":"2","H5":"2","HQ":"2","P3":"2","79":"2","V6":"2","GW":"2","V5":"2","9J":"2","HP":"2","93":"2","G7":"2","5W":"2","9H":"2","2J":"2","FP":"2","J4":"2","R8":"2","86":"2","5G":"2","5Q":"2","R7":"2","F7":"2","F6":"2","C4":"2","3M":"2","C9":"2","9F":"2","4R":"2","MC":"2","87":"2","GR":"2","VR":"2","9G":"2","97":"2","P7":"2","7V":"2","RH":"2","Q2":"2","5X":"2","M2":"2","JG":"2","45":"2","H7":"2","RX":"2","8Q":"2","58":"2","WF":"2","36":"2","88":"2","99":"2","RW":"2","HH":"2","66":"2","QR":"2","6R":"2","FM":"2","3J":"2","6H":"2","MV":"2","9V":"2","7H":"2","2P":"2","4M":"2","7X":"2","H4":"2","2Q":"2","V2":"2","QP":"2","4J":"2","9R":"2","RR":"2","44":"2","85":"2","6W":"2","JM":"2","F4":"2","7J":"2","98":"2","78":"2","Q3":"2","P6":"2","55":"2","CH":"2","H3":"2","CG":"2","JQ":"2","HR":"2","QW":"2","VV":"2","96":"2","3Q":"2","3R":"2","F2":"2","RP":"2","3P":"2","56":"2","76":"2","8G":"2","GJ":"2","G4":"2","4H":"2","62":"2","JR":"2","VG":"2","R2":"2","8P":"2","CF":"2","8R":"2","V7":"2","7W":"2","4F":"2","54":"2","R6":"2","4Q":"2","92":"2","47":"2","J7":"2","9M":"2","2F":"2","89":"2","8X":"2","6V":"2","C6":"2","H9":"2","8H":"2","9C":"2","W4":"2","77":"2","G5":"2","6C":"2","HG":"2","J5":"2","HJ":"2","8C":"2","J6":"2","6X":"2","P2":"2","VX":"2","G3":"2","57":"2","JH":"2","H8":"2","QX":"2","94":"2","V8":"2","H6":"2","67":"2","V4":"2","C5":"2","Q4":"2","4P":"2","CQ":"2","P8":"2","75":"2","7R":"2","HM":"2","8V":"2","68":"2","84":"2","GM":"2","M9":"2","RG":"2","F3":"2","95":"2","8W":"2","VJ":"2","G6":"2","8M":"2","JJ":"2","F5":"2","C8":"2","83":"2"},"QQ":{"X3":"2","W3":"2"},"QP":{"QV":"2","RW":"2","WJ":"2","VH":"2","FG":"2","WH":"2","W7":"2","XM":"2","VG":"2","VX":"2","XP":"2","XG":"2","XJ":"2","VW":"2"},"96":{"2G":"2","66":"2","47":"2","98":"2","36":"2","25":"2","99":"2"},"65":{"QV":"2","V2":"2","QW":"2"},"67":{"PV":"2","W8":"2","R8":"2","X9":"2","F3":"2","WG":"2","48":"2","RG":"2","JF":"2","MG":"2","PC":"2","MJ":"2","W7":"2","CW":"2","X6":"2","49":"2","G3":"2","JG":"2","XG":"2","MF":"2","MV":"2","V8":"2","9C":"2","VG":"2","9V":"2","VC":"2","PX":"2","X8":"2","X5":"2","QW":"2","CV":"2","W9":"2","VF":"2","R9":"2","PW":"2","MP":"2","JH":"2","W6":"2","G2":"2","MX":"2","PP":"2","RF":"2","CX":"2","MW":"2","QV":"2","PR":"2","V9":"2","8V":"2","HX":"2","QM":"2","P9":"2","XC":"2","PQ":"2","XM":"2","X7":"2","MQ":"2","JJ":"2","QF":"2","QR":"2","9R":"2","QQ":"2","RC":"2","QP":"2","QC":"2","HW":"2","QG":"2","Q9":"2","RM":"2","Q8":"2","RH":"2","RJ":"2","HJ":"2","RQ":"2","MM":"2","9P":"2","RR":"2","WC":"2"},"RP":{"4P":"2","3M":"2","5X":"2","4G":"2","2J":"2","9J":"2","2Q":"2","8P":"2","4V":"2","5R":"2","4X":"2","8X":"2","7W":"2","7Q":"2","5W":"2","3V":"2","2P":"2","6M":"2","3F":"2","7R":"2","4W":"2","4H":"2","6W":"2","4R":"2","3X":"2","6V":"2","8C":"2","3P":"2","7V":"2","6P":"2","4Q":"2","2M":"2","7X":"2","2W":"2"},"64":{"7C":"2","22":"2","66":"2","72":"2","76":"2","62":"2","HC":"2","RX":"2","24":"2","23":"2","8F":"2","WF":"2","74":"2","8C":"2","26":"2","56":"2","52":"2","46":"2","J7":"2","G9":"2","36":"2","G6":"2"},"C8":{"86":"2"},"74":{"MH":"2","PH":"2","PG":"2","QG":"2","J9":"2","25":"2"},"88":{"73":"2","62":"2","28":"2","MF":"2","G9":"2","F5":"2","J8":"2","64":"2","M9":"2","F9":"2","63":"2","G4":"2","2C":"2","J9":"2","53":"2","83":"2","65":"2","27":"2","F4":"2","MJ":"2","QC":"2","C3":"2","RC":"2","H6":"2","H7":"2","G5":"2","J7":"2","FC":"2","72":"2"},"69":{"X5":"2","X4":"2","X3":"2","X2":"2","X6":"2","W2":"2","PX":"2"},"C2":{"HV":"2","CX":"2","27":"2","GX":"2","FW":"2","29":"2"},"RQ":{"63":"2","22":"2","35":"2","8R":"2","62":"2","95":"2","42":"2","C2":"2","83":"2","85":"2","75":"2","45":"2","24":"2","33":"2","5C":"2","43":"2","65":"2","C5":"2","34":"2","52":"2","46":"2","44":"2","32":"2","G4":"2","25":"2","36":"2","59":"2"},"54":{"95":"2","79":"2","V4":"2","85":"2","75":"2","X6":"2","65":"2","52":"2","V3":"2","64":"2"},"53":{"3G":"2","4M":"2","5M":"2","XC":"2"},"C6":{"XF":"2"},"43":{"6W":"2"}},"36":{"VQ":{"FR":"2"},"XQ":{"22":"2"},"VR":{"C4":"2","PH":"2","7V":"2","RG":"2","8V":"2","RF":"2","VG":"2","FV":"2","9Q":"2","9M":"2"},"VV":{"C9":"2","63":"2","67":"2","62":"2","45":"2","36":"2","46":"2"},"FJ":{"7V":"2","7W":"2"},"G3":{"R3":"2","W5":"2"},"RV":{"WG":"2","XC":"2","VG":"2","WF":"2","X9":"2","VH":"2"},"CJ":{"VX":"2","VR":"2"},"F6":{"WJ":"2","WH":"2"},"G5":{"93":"2","C4":"2","82":"2","F2":"2","C2":"2","C3":"2","92":"2","F3":"2"},"XP":{"5H":"2","3Q":"2","3R":"2"},"G4":{"FQ":"2","9J":"2","CR":"2","4V":"2","5R":"2","CM":"2","CX":"2","7Q":"2","CJ":"2","3V":"2","9X":"2","4W":"2","8Q":"2","FR":"2","5V":"2","FX":"2","4R":"2","FW":"2","9Q":"2","6V":"2","FP":"2","CW":"2"}},"29":{"JH":{"6R":"2","GM":"2"},"2W":{"X3":"2"},"5M":{"PM":"2"},"HH":{"QW":"2"},"3W":{"23":"2"},"4C":{"MM":"2"},"RW":{"2V":"2"},"5J":{"GR":"2"}},"JV":{"5P":{"7G":"2","8H":"2"},"5M":{"8P":"2","6C":"2","65":"2","7C":"2","42":"2","8M":"2"},"FF":{"MX":"2"},"FG":{"Q5":"2","J5":"2"},"5J":{"3Q":"2","38":"2","2Q":"2","4X":"2","3W":"2","2M":"2","3V":"2","3F":"2","37":"2","2P":"2"}},"59":{"8P":{"FR":"2"},"7H":{"G6":"2","PM":"2"},"6C":{"9C":"2","C8":"2"},"59":{"V2":"2"},"FG":{"CM":"2"},"58":{"VQ":"2","XQ":"2","VR":"2","VM":"2","VV":"2","RQ":"2","VP":"2","VX":"2","VW":"2"}},"5C":{"7P":{"7H":"2","9H":"2","8R":"2","8X":"2","9J":"2"},"HV":{"PW":"2"}},"QH":{"WG":{"Q2":"2"},"XG":{"32":"2"},"XF":{"2J":"2","2Q":"2","2V":"2","2P":"2","3J":"2","2H":"2","3P":"2","2R":"2","3Q":"2","2M":"2"},"WF":{"WR":"2","WV":"2","QX":"2","XJ":"2","VV":"2","XP":"2","QW":"2","RW":"2","RV":"2","XQ":"2"},"RW":{"CF":"2"}},"3X":{"8J":{"57":"2","59":"2","37":"2","58":"2"},"9H":{"CX":"2"},"6Q":{"M6":"2","M5":"2","J6":"2","J5":"2"},"96":{"7F":"2"},"CX":{"5F":"2","6F":"2","6G":"2"}},"4C":{"7V":{"HH":"2"},"X8":{"P2":"2"},"Q3":{"5C":"2"},"X6":{"6H":"2","4F":"2"},"9W":{"VC":"2","VF":"2"},"X7":{"PV":"2"},"W6":{"HF":"2","VC":"2","JF":"2"}},"47":{"2C":{"M4":"2","P4":"2"},"P3":{"P9":"2"},"WQ":{"XQ":"2"},"78":{"XJ":"2"},"XQ":{"2Q":"2","2P":"2"},"29":{"GW":"2"}},"3V":{"JH":{"X7":"2"},"MH":{"44":"2","27":"2","26":"2"},"7V":{"XR":"2","XQ":"2"},"JG":{"WR":"2","WX":"2","WQ":"2"}},"48":{"R3":{"VH":"2"},"3M":{"24":"2","23":"2","33":"2","25":"2"},"2Q":{"93":"2"},"G3":{"XC":"2","XF":"2"},"2V":{"FW":"2","62":"2","GV":"2","52":"2","VR":"2","48":"2","47":"2","CP":"2","CW":"2","27":"2","5G":"2","GX":"2","49":"2","WR":"2","CQ":"2","9V":"2","CM":"2","FR":"2","CV":"2","66":"2","29":"2","FV":"2","8W":"2","46":"2","CX":"2","59":"2","8V":"2","8R":"2","GW":"2","57":"2","4F":"2","9Q":"2","5F":"2","39":"2","VM":"2","FX":"2","9R":"2","CR":"2","9X":"2","5H":"2","RJ":"2","69":"2","9W":"2","38":"2","9P":"2"},"QC":{"W5":"2","W4":"2"},"2P":{"FQ":"2","J3":"2","CG":"2"},"6M":{"J3":"2","H3":"2","87":"2"},"FX":{"PC":"2","M8":"2","M7":"2"},"FW":{"85":"2"},"2R":{"7W":"2"},"FV":{"QG":"2","FV":"2"},"CV":{"C8":"2"},"2W":{"G8":"2","G7":"2","H5":"2","G6":"2","G9":"2","F5":"2","C2":"2","F9":"2","G4":"2","93":"2","G2":"2","H3":"2","F8":"2","H4":"2","F6":"2","G3":"2","F4":"2","C3":"2","C5":"2","F2":"2","C4":"2","H6":"2","H2":"2","92":"2","FF":"2","H7":"2","G5":"2","F3":"2","F7":"2","FC":"2"}},"4R":{"44":{"C6":"2"},"GX":{"GV":"2","GX":"2"},"XW":{"Q4":"2"},"43":{"9X":"2","9W":"2"}},"4J":{"6R":{"CJ":"2"},"6W":{"MM":"2","WF":"2"}},"CC":{"4R":{"HV":"2","HR":"2"}},"C8":{"3G":{"MP":"2","MM":"2"}},"CQ":{"G8":{"QG":"2","RF":"2"},"GC":{"MG":"2"}},"3C":{"63":{"WJ":"2"},"6R":{"QX":"2","GP":"2","WH":"2"},"5W":{"2J":"2","3C":"2","64":"2","J2":"2","2V":"2","J3":"2","2R":"2","2M":"2","74":"2","H3":"2","3F":"2","H2":"2"},"4W":{"WJ":"2","XH":"2"},"7R":{"38":"2","FM":"2","28":"2","39":"2","2G":"2","7J":"2","CM":"2","2F":"2","2H":"2","VM":"2","FW":"2","5G":"2","3C":"2","FV":"2","37":"2","8W":"2","4Q":"2","29":"2","2J":"2","4G":"2","CR":"2","6X":"2","4F":"2","4C":"2","47":"2","3G":"2","6M":"2","6J":"2","5J":"2","FX":"2"},"5V":{"8V":"2","MX":"2","8R":"2","JX":"2"},"2X":{"2V":"2"},"W3":{"H8":"2","HC":"2"},"8F":{"W2":"2"},"F8":{"G9":"2"},"MV":{"MW":"2"},"6V":{"J4":"2","G4":"2","M3":"2","M2":"2"},"R7":{"PR":"2","M5":"2","MC":"2","GW":"2","V9":"2","Q5":"2","Q4":"2","M8":"2","M9":"2","W9":"2","M7":"2"},"P7":{"54":"2"},"8C":{"VP":"2","XH":"2"},"7V":{"R5":"2","W8":"2","X8":"2","G3":"2","G5":"2","G4":"2","H3":"2","F3":"2","R4":"2","G2":"2"},"46":{"HJ":"2"}},"28":{"8C":{"WP":"2","WQ":"2"},"9C":{"4P":"2","2Q":"2","3W":"2","4X":"2","6Q":"2","4J":"2","3V":"2","4H":"2","2X":"2","HX":"2","3X":"2","5J":"2","5M":"2","5P":"2","3Q":"2","6P":"2","4Q":"2","2W":"2","5Q":"2"},"G7":{"9G":"2","CF":"2","CC":"2","CG":"2","9F":"2"},"8G":{"86":"2","F4":"2","C2":"2","F3":"2","F2":"2","92":"2","83":"2","85":"2","F6":"2","82":"2","G5":"2","96":"2","C6":"2","87":"2","F5":"2","84":"2","G6":"2","97":"2"},"C2":{"PH":"2"},"66":{"9G":"2","H7":"2","9J":"2","CQ":"2","FJ":"2","J8":"2","CM":"2","CH":"2","CJ":"2","FH":"2","FG":"2","J9":"2","9M":"2","45":"2","FM":"2","9H":"2","CP":"2","9P":"2","CG":"2","9Q":"2"},"94":{"R2":"2"},"8F":{"X2":"2","FQ":"2","HJ":"2","FJ":"2","CX":"2","CJ":"2","HH":"2","GG":"2","FM":"2","FX":"2","FP":"2","GJ":"2","GM":"2","GP":"2","8W":"2"},"65":{"QX":"2","RX":"2","QW":"2","RW":"2"},"F5":{"F2":"2","C2":"2"},"F4":{"CX":"2","CW":"2","FV":"2","FX":"2","FW":"2"},"9F":{"J4":"2","32":"2","M4":"2","G3":"2","22":"2","94":"2","83":"2","42":"2","J5":"2","52":"2","H3":"2","G2":"2","53":"2","43":"2"}},"2X":{"93":{"8V":"2","8W":"2"}},"38":{"R3":{"R7":"2"},"7C":{"82":"2"},"58":{"M6":"2"},"7F":{"9V":"2"},"7G":{"PR":"2","QR":"2","QP":"2","PJ":"2","RQ":"2","VR":"2","PV":"2","VQ":"2","PM":"2","RP":"2"},"XH":{"GF":"2","HF":"2","MM":"2","Q9":"2","MJ":"2","GC":"2","HC":"2"},"59":{"P6":"2"}},"RH":{"3V":{"M5":"2"}},"C4":{"2J":{"4J":"2"},"3P":{"57":"2","2G":"2","65":"2"},"2Q":{"XX":"2"},"3R":{"3C":"2","3G":"2","2H":"2","2G":"2","3H":"2","3F":"2"},"2R":{"FM":"2","X4":"2","X3":"2","X2":"2","GM":"2","CM":"2","W3":"2","FC":"2","W4":"2"},"2M":{"38":"2","3H":"2","F5":"2","39":"2","26":"2","25":"2","2H":"2","3M":"2","5C":"2","59":"2","8J":"2","95":"2","JW":"2","7H":"2","24":"2","98":"2","3J":"2","4C":"2","99":"2","89":"2","88":"2","5J":"2","49":"2"}},"45":{"QJ":{"4J":"2","7M":"2","3H":"2","39":"2","2G":"2","7J":"2","7Q":"2","2F":"2","2H":"2","3M":"2","7R":"2","2W":"2","5X":"2","2C":"2","8Q":"2","2M":"2","8R":"2","2Q":"2","4Q":"2","29":"2","2R":"2","2J":"2","4V":"2","4G":"2","3R":"2","9G":"2","6W":"2","6X":"2","8V":"2","3W":"2","8P":"2","5P":"2","5W":"2","4C":"2","6V":"2","3G":"2","6J":"2","CW":"2","CX":"2","2V":"2","9F":"2","2X":"2","7X":"2"},"FR":{"XX":"2","XV":"2","VR":"2","XF":"2","VV":"2","WJ":"2","XC":"2","WV":"2","P4":"2","QQ":"2","XM":"2","WM":"2","WF":"2","WP":"2","R7":"2","WX":"2","WQ":"2","QP":"2","WG":"2","XJ":"2","WR":"2"},"HR":{"H8":"2"},"GH":{"QP":"2"},"GR":{"8X":"2","4W":"2","4P":"2","3H":"2","2G":"2","7V":"2","5H":"2","7Q":"2","2F":"2","3M":"2","5V":"2","2W":"2","7W":"2","3C":"2","5X":"2","2C":"2","2P":"2","6R":"2","2M":"2","8R":"2","8W":"2","4Q":"2","2R":"2","2J":"2","4V":"2","4G":"2","6P":"2","5Q":"2","3R":"2","6X":"2","5R":"2","8V":"2","3W":"2","9R":"2","3V":"2","3J":"2","5P":"2","5W":"2","6Q":"2","4H":"2","6V":"2","3G":"2","3X":"2","CX":"2","5J":"2","2V":"2","7X":"2","4R":"2"},"PM":{"R8":"2","G9":"2","X9":"2","M3":"2","W7":"2","V4":"2","X6":"2","GF":"2","M5":"2","M6":"2","H8":"2","J4":"2","VC":"2","X8":"2","HF":"2","H3":"2","R4":"2","W9":"2","H4":"2","Q3":"2","HC":"2","X2":"2","F7":"2","G6":"2","P6":"2","G7":"2","Q4":"2","V9":"2","J7":"2","P2":"2","M7":"2","J2":"2","M4":"2","Q5":"2","R5":"2","J3":"2","M2":"2","H7":"2","H6":"2","J5":"2","M8":"2","P3":"2","P5":"2","J8":"2","G5":"2","H5":"2","H9":"2"},"GW":{"P3":"2","97":"2","W4":"2","F5":"2","W7":"2","Q7":"2","X2":"2","V2":"2","W6":"2","C6":"2","94":"2","W2":"2","G2":"2","95":"2","79":"2","Q5":"2","78":"2","44":"2","F4":"2","C5":"2","P2":"2","F2":"2","C4":"2","X4":"2","88":"2","Q4":"2","M2":"2","V6":"2","R2":"2","82":"2"},"PP":{"28":"2"},"HM":{"HJ":"2","97":"2","96":"2","98":"2"},"CM":{"R5":"2","R3":"2","V4":"2","V3":"2","W3":"2","V2":"2","W2":"2","V5":"2","W4":"2","R4":"2"},"HJ":{"8X":"2"},"2W":{"63":"2","64":"2"},"JP":{"3M":"2"},"8J":{"MV":"2","HQ":"2"},"5X":{"V4":"2","W2":"2"},"VH":{"93":"2"},"FV":{"H7":"2","W4":"2","X4":"2","V4":"2","X5":"2","W3":"2","V3":"2"},"JW":{"MH":"2","GF":"2"},"PJ":{"X9":"2","XC":"2","PP":"2","RX":"2","W7":"2","QV":"2","XV":"2","XP":"2","WM":"2","RW":"2","PV":"2","XH":"2","XJ":"2","V7":"2","XG":"2","RV":"2","WC":"2","XR":"2","PR":"2","QM":"2","W5":"2","QR":"2","V6":"2","HW":"2"},"FP":{"QM":"2","2Q":"2","QP":"2","2V":"2","2R":"2","RP":"2"},"CH":{"JH":"2","MH":"2","JQ":"2","PP":"2","MP":"2","JJ":"2","MM":"2","MR":"2","MJ":"2","JM":"2","PQ":"2","PM":"2","MQ":"2","JP":"2","JR":"2"},"FQ":{"HP":"2","R3":"2"},"3R":{"FM":"2","CF":"2"},"CQ":{"R2":"2","V2":"2"},"6W":{"5Q":"2","4W":"2","4V":"2"},"C5":{"WR":"2","WV":"2","VX":"2","VV":"2"},"6X":{"33":"2"},"VG":{"24":"2"},"3W":{"X4":"2","X3":"2","79":"2","69":"2"},"HV":{"3M":"2","4G":"2","W5":"2","HR":"2","9V":"2","4V":"2","3W":"2","4J":"2","HQ":"2","6R":"2","2P":"2","4W":"2","5H":"2","2G":"2","FR":"2","3J":"2","4F":"2","GR":"2","2H":"2","5J":"2","4C":"2","2R":"2","6P":"2","GQ":"2","3H":"2"},"MP":{"W8":"2","X7":"2","Q6":"2","X4":"2","QC":"2","V8":"2","Q9":"2","X5":"2","R9":"2"},"JV":{"5H":"2"},"QH":{"GW":"2","RH":"2"},"CJ":{"P3":"2","V8":"2","XC":"2","R9":"2","VX":"2","PP":"2","J8":"2","Q2":"2","P4":"2","V9":"2","H8":"2","XF":"2","J9":"2","H9":"2","W9":"2","V7":"2","VC":"2","R3":"2","HF":"2","Q3":"2","JF":"2","R6":"2","WC":"2","R8":"2","VG":"2","QP":"2","VF":"2","HC":"2","R7":"2","Q4":"2","WF":"2","WG":"2","JC":"2","Q6":"2"},"QM":{"22":"2","35":"2","39":"2","29":"2","2C":"2","98":"2","57":"2","55":"2","24":"2","38":"2","33":"2","C7":"2","43":"2","27":"2","47":"2","26":"2","34":"2","52":"2","32":"2","C8":"2","36":"2","25":"2","37":"2","68":"2"},"VF":{"GQ":"2","HQ":"2","GR":"2"},"HX":{"84":"2"},"RG":{"HG":"2","GF":"2","6G":"2","5H":"2","8H":"2","8F":"2","7G":"2","79":"2","8G":"2","V7":"2","9G":"2","87":"2","89":"2","Q9":"2","FF":"2","6F":"2","9H":"2","PC":"2","6H":"2","7C":"2","9F":"2","GC":"2","7F":"2"},"GV":{"83":"2","66":"2","22":"2","HW":"2","87":"2","79":"2","CP":"2","XQ":"2","WW":"2","VR":"2","6G":"2","65":"2","5F":"2","HQ":"2","WM":"2","JM":"2","97":"2","39":"2","52":"2","XF":"2","PC":"2","CJ":"2","PV":"2","89":"2","9G":"2","JP":"2","9H":"2","72":"2","VJ":"2","7P":"2","PH":"2","FH":"2","FJ":"2","23":"2","44":"2","42":"2","46":"2","36":"2","RQ":"2","JV":"2","QW":"2","P8":"2","Q9":"2","5C":"2","PF":"2","JH":"2","43":"2","WQ":"2","4C":"2","47":"2","QP":"2","XG":"2","H5":"2","48":"2","74":"2","WX":"2","8Q":"2","RR":"2","CC":"2","C8":"2","J7":"2","CQ":"2","FX":"2","FV":"2","FW":"2","RV":"2","38":"2","M8":"2","XX":"2","45":"2","RP":"2","8C":"2","MH":"2","XV":"2","5G":"2","GV":"2","WH":"2","FQ":"2","HV":"2","68":"2","HX":"2","RW":"2","VG":"2","MV":"2","HH":"2","Q8":"2","C5":"2","64":"2","MW":"2","QV":"2","MX":"2","C6":"2","XM":"2","7C":"2","XH":"2","FR":"2","62":"2","G5":"2","35":"2","HM":"2","G7":"2","MJ":"2","96":"2","99":"2","6C":"2","MF":"2","9J":"2","7F":"2","C9":"2","MG":"2","55":"2","G4":"2","7H":"2","76":"2","VP":"2","8P":"2","32":"2","JF":"2","75":"2","7Q":"2","9F":"2","WP":"2","8F":"2","67":"2","QJ":"2","WR":"2","69":"2","34":"2","JJ":"2","H3":"2","84":"2","JG":"2","C7":"2","RM":"2","9C":"2","P9":"2","M6":"2","26":"2","33":"2","GP":"2","J6":"2","37":"2","WJ":"2","HR":"2","FG":"2","CV":"2","56":"2","57":"2","M7":"2","CH":"2","VQ":"2","QM":"2","H4":"2","8H":"2","VV":"2","F7":"2","8G":"2","FM":"2","98":"2","F6":"2","QR":"2","86":"2","M9":"2","XP":"2","QG":"2","H6":"2","MR":"2","GQ":"2","49":"2","GX":"2","7G":"2","JQ":"2","J5":"2","Q7":"2","6H":"2"},"MQ":{"C4":"2","C3":"2","F4":"2","F3":"2"},"FX":{"QC":"2","4H":"2","JQ":"2","3C":"2","7H":"2","4C":"2"},"HW":{"HJ":"2","PJ":"2","JJ":"2","PM":"2"},"FJ":{"25":"2","26":"2"},"GQ":{"3H":"2"},"CP":{"HG":"2","VW":"2","WW":"2","GH":"2","QQ":"2","WV":"2","PM":"2","VX":"2","VR":"2","RX":"2","QV":"2","XV":"2","HJ":"2","RR":"2","RW":"2","WX":"2","PJ":"2","JJ":"2","HH":"2","XX":"2","MJ":"2","RV":"2","XR":"2","GG":"2","RQ":"2","XQ":"2","QW":"2","QR":"2","JH":"2","RP":"2","XW":"2","MM":"2","VV":"2"}},"9W":{"2Q":{"2F":"2"}},"8M":{"5H":{"CH":"2","F8":"2","G9":"2","F9":"2"}},"HV":{"XF":{"WF":"2"}},"HP":{"C9":{"V4":"2","W5":"2"},"4G":{"5J":"2"},"R8":{"CH":"2"},"39":{"3G":"2"}},"77":{"23":{"5F":"2","6F":"2"}},"64":{"23":{"9G":"2"},"22":{"CW":"2"},"45":{"75":"2","6C":"2","77":"2","7M":"2","5H":"2","7J":"2","7Q":"2","5C":"2","22":"2","5G":"2","23":"2","2C":"2","32":"2","79":"2","8G":"2","57":"2","43":"2","78":"2","29":"2","4X":"2","46":"2","42":"2","7H":"2","6Q":"2","4C":"2","47":"2","33":"2","5F":"2","48":"2","88":"2","6J":"2","34":"2","3X":"2","9C":"2","7C":"2","5J":"2","8C":"2","49":"2","56":"2","66":"2"},"46":{"56":"2","55":"2"}},"3G":{"P5":{"W7":"2"},"9J":{"9V":"2","8W":"2","7X":"2"},"9C":{"2Q":"2"},"9M":{"62":"2","46":"2","53":"2"},"9F":{"99":"2","76":"2","75":"2","55":"2","78":"2","47":"2","56":"2","64":"2"},"8F":{"P6":"2","WV":"2","WF":"2"},"F5":{"68":"2"},"5J":{"3Q":"2","3P":"2"},"8C":{"WG":"2","XJ":"2","XQ":"2"},"8G":{"W8":"2","WP":"2","WM":"2"}},"MW":{"7C":{"V4":"2"},"78":{"JQ":"2","M6":"2","MX":"2","HQ":"2","MP":"2","MV":"2","JP":"2"},"77":{"CH":"2","CG":"2"}},"QV":{"23":{"5P":"2","6J":"2","4M":"2","4R":"2","4P":"2","5Q":"2","5M":"2","6M":"2","5R":"2","6P":"2","4Q":"2","5J":"2"}},"4H":{"WX":{"7X":"2"},"GG":{"HP":"2","GP":"2","GQ":"2","HQ":"2"},"F3":{"HM":"2","HV":"2"}},"MX":{"H6":{"83":"2"},"H3":{"XV":"2"}},"JR":{"5Q":{"P5":"2","P7":"2"},"75":{"38":"2"}},"5V":{"3G":{"94":"2"}},"4G":{"CQ":{"6P":"2"}},"54":{"X2":{"HR":"2"},"MP":{"W8":"2","WC":"2"},"W2":{"RG":"2","FQ":"2","9R":"2","MX":"2","9M":"2","FR":"2","RF":"2","FW":"2","VF":"2","CW":"2","CV":"2","PX":"2","GM":"2"},"3G":{"CX":"2"},"29":{"P4":"2"},"M8":{"GF":"2","GG":"2"},"GG":{"X4":"2"},"PP":{"42":"2"},"8Q":{"WX":"2","RX":"2","XP":"2","XQ":"2"},"W3":{"H6":"2","G8":"2","V5":"2","H3":"2","H2":"2"},"HF":{"4V":"2","3R":"2","3W":"2","2V":"2","3V":"2","3X":"2","2W":"2","5Q":"2"},"9Q":{"4R":"2","2M":"2","3M":"2","2P":"2"},"X3":{"3G":"2","5C":"2","6C":"2","5F":"2","3F":"2","77":"2"},"8G":{"8P":"2","7P":"2"},"MM":{"MG":"2","JF":"2"},"M9":{"J3":"2"},"HG":{"79":"2","22":"2","H5":"2","42":"2"}},"62":{"HJ":{"H2":"2"},"HC":{"M2":"2"},"95":{"VV":"2","RV":"2"},"QJ":{"6R":"2","5V":"2","6V":"2"},"HH":{"C7":"2","4J":"2","GH":"2","G9":"2","3H":"2","5H":"2","7J":"2","3M":"2","8Q":"2","H9":"2","7G":"2","V7":"2","2R":"2","F8":"2","CV":"2","7P":"2","J2":"2","5M":"2","7H":"2","68":"2","9Q":"2","47":"2","4H":"2","3G":"2","4M":"2","3Q":"2","67":"2","3P":"2","HC":"2","6J":"2","9P":"2","6H":"2","GC":"2","FJ":"2"},"GH":{"JX":"2","QV":"2","GW":"2","QR":"2","RW":"2","RV":"2","WV":"2","RX":"2","QQ":"2","QP":"2","QX":"2"},"HF":{"R9":"2"},"JJ":{"Q9":"2"},"CP":{"3Q":"2"},"FW":{"7G":"2","63":"2","64":"2","6P":"2"},"FP":{"HR":"2","HQ":"2","GR":"2"},"GJ":{"P5":"2","J4":"2","Q7":"2","J2":"2","J3":"2","Q6":"2","J5":"2","Q2":"2"},"H9":{"MR":"2"},"HG":{"FQ":"2","4P":"2","WG":"2","GP":"2","GM":"2","WF":"2","GQ":"2","JX":"2"}},"35":{"PR":{"MH":"2"},"JQ":{"V4":"2"},"GH":{"JQ":"2","HQ":"2"},"RR":{"35":"2"},"PP":{"G6":"2","G7":"2","G3":"2","C3":"2","H8":"2","F4":"2","F6":"2"},"MP":{"38":"2","73":"2","3H":"2","54":"2","6G":"2","39":"2","2G":"2","64":"2","3F":"2","63":"2","74":"2","5G":"2","3C":"2","37":"2","57":"2","43":"2","44":"2","4F":"2","68":"2","4C":"2","47":"2","5F":"2","58":"2","67":"2","48":"2","7C":"2","49":"2","72":"2","82":"2"},"MM":{"QV":"2","9J":"2","8R":"2","8V":"2","CM":"2","7W":"2","CJ":"2","9H":"2","9P":"2","9Q":"2","FP":"2","7V":"2","7X":"2","8W":"2"},"JW":{"23":"2"},"JM":{"PV":"2"},"PM":{"8R":"2","GC":"2","9V":"2","FJ":"2","CM":"2","7Q":"2","FH":"2","CJ":"2","FG":"2","FM":"2","G7":"2","9P":"2","G5":"2"},"JP":{"V4":"2","Q5":"2","Q4":"2","W3":"2","W2":"2"},"Q2":{"Q9":"2"},"JR":{"F6":"2"}},"HM":{"Q4":{"QR":"2"}},"MJ":{"PC":{"5F":"2"},"2F":{"9C":"2","62":"2","GM":"2","98":"2","99":"2"},"9F":{"QR":"2","QQ":"2"},"WH":{"V7":"2","V8":"2"}},"99":{"82":{"HM":"2","HJ":"2","JJ":"2","94":"2","HH":"2","FC":"2","C5":"2","HC":"2"},"83":{"QP":"2","QQ":"2"},"92":{"2F":"2"}},"PJ":{"8G":{"52":"2"},"PF":{"7X":"2"},"XG":{"V9":"2"},"8F":{"5X":"2"},"JG":{"6C":"2","69":"2"}},"94":{"8Q":{"CH":"2"},"WP":{"RG":"2","VQ":"2","XV":"2","JH":"2","VR":"2","XQ":"2","PJ":"2","HJ":"2","RJ":"2","VM":"2","HC":"2","VV":"2","JG":"2","VJ":"2","PF":"2","J8":"2","MC":"2","JM":"2","QJ":"2","WV":"2","PC":"2","M8":"2","MJ":"2","5V":"2","VP":"2","MG":"2","XM":"2","JF":"2","HF":"2","WM":"2","WP":"2","MF":"2","XH":"2","QH":"2","XP":"2","WQ":"2","JC":"2","QP":"2","MM":"2","MH":"2","XJ":"2","M9":"2","RH":"2","WR":"2","RM":"2","HG":"2"},"XM":{"RF":"2","V8":"2","G6":"2","F5":"2","R9":"2","V3":"2","P8":"2","Q7":"2","P9":"2","V4":"2","P4":"2","V9":"2","Q5":"2","V7":"2","R3":"2","Q3":"2","F6":"2","V5":"2","R6":"2","R8":"2","RC":"2","R4":"2","P6":"2","Q9":"2","VF":"2","G5":"2","R7":"2","Q4":"2","M8":"2","V6":"2","R5":"2","Q8":"2","Q6":"2","R2":"2"},"XJ":{"QX":"2","XQ":"2"},"XP":{"4W":"2","3H":"2","7J":"2","2H":"2","3M":"2","2W":"2","9J":"2","2P":"2","2Q":"2","4Q":"2","4X":"2","2R":"2","4V":"2","5Q":"2","3R":"2","5M":"2","7H":"2","3W":"2","3V":"2","3J":"2","3Q":"2","3P":"2","6J":"2","3X":"2","5J":"2","6H":"2","2V":"2","2X":"2","4R":"2"},"WQ":{"4R":"2","4V":"2"},"XQ":{"22":"2","35":"2","28":"2","42":"2","7F":"2","24":"2","38":"2","48":"2","74":"2","34":"2","44":"2","25":"2","36":"2","37":"2"}},"3J":{"56":{"Q8":"2","Q9":"2","P9":"2","P8":"2"},"9V":{"XQ":"2"},"CH":{"H9":"2","G8":"2"},"JW":{"6Q":"2"},"JX":{"M2":"2"},"CG":{"8Q":"2"},"9F":{"GV":"2","3Q":"2","FM":"2","5C":"2","M9":"2","J9":"2","59":"2"},"GR":{"74":"2"}},"7F":{"J8":{"RM":"2","PQ":"2","HG":"2","QQ":"2","GR":"2","PM":"2","P8":"2","PP":"2","RX":"2","M9":"2","Q7":"2","QV":"2","JQ":"2","P9":"2","VP":"2","HJ":"2","RR":"2","JP":"2","GJ":"2","QX":"2","RW":"2","XF":"2","J9":"2","PV":"2","MC":"2","PW":"2","JJ":"2","HH":"2","HF":"2","MJ":"2","QC":"2","RJ":"2","JF":"2","RV":"2","WC":"2","RQ":"2","MP":"2","QP":"2","MR":"2","PR":"2","FF":"2","Q9":"2","VF":"2","QW":"2","HC":"2","QR":"2","M8":"2","PC":"2","MQ":"2","FC":"2","JM":"2","MM":"2"},"H7":{"VQ":"2","RJ":"2","VM":"2","RP":"2","RQ":"2","QM":"2","VP":"2","RR":"2","QP":"2","RM":"2"},"95":{"4P":"2"},"J7":{"8Q":"2","9G":"2","9M":"2"},"QH":{"QG":"2","VJ":"2","JC":"2","VH":"2","QH":"2"}},"4Q":{"M5":{"WR":"2"},"2W":{"P8":"2"},"9G":{"8J":"2"}},"C9":{"FH":{"2M":"2","2P":"2"}},"55":{"9V":{"QJ":"2","RG":"2","V8":"2"},"5R":{"53":"2"},"9R":{"QW":"2"},"45":{"72":"2","82":"2","74":"2"},"38":{"GV":"2","CR":"2","GW":"2","QM":"2","8R":"2","PM":"2"},"FX":{"6C":"2"},"53":{"7C":"2","35":"2","28":"2","2C":"2","38":"2","48":"2","27":"2","47":"2","26":"2","36":"2","59":"2","37":"2"},"43":{"RG":"2","MR":"2","JQ":"2","X8":"2","QV":"2","GW":"2","PJ":"2","W8":"2","MQ":"2","MP":"2","RQ":"2","PC":"2","RX":"2","QQ":"2","RR":"2","R7":"2","XG":"2","MH":"2"},"52":{"CQ":"2"},"44":{"9R":"2","9V":"2","8V":"2","9W":"2","8W":"2","J7":"2","8X":"2"},"5Q":{"3C":"2","3G":"2","5V":"2","5R":"2","3H":"2"}},"2C":{"9R":{"WP":"2"},"R5":{"54":"2","52":"2"},"9P":{"6W":"2","6Q":"2","6X":"2"},"RC":{"PC":"2","MF":"2","Q8":"2","P9":"2"},"V7":{"C3":"2"},"9Q":{"72":"2","63":"2","67":"2","64":"2","62":"2","85":"2","F6":"2","74":"2","F3":"2","84":"2","75":"2","73":"2"},"CV":{"23":"2","22":"2"}},"95":{"7M":{"XF":"2","VM":"2","VJ":"2","WJ":"2","VP":"2","XM":"2","WM":"2","XG":"2","WG":"2","XJ":"2"},"7P":{"CX":"2"},"7Q":{"93":"2","C4":"2","C3":"2","94":"2","F5":"2","C5":"2","95":"2"},"5Q":{"7Q":"2"},"4W":{"R8":"2","WG":"2","MH":"2","RG":"2","XW":"2","P7":"2","JF":"2","JM":"2","XF":"2","MG":"2","VP":"2","M3":"2","M5":"2","M6":"2","PF":"2","XG":"2","MF":"2","VG":"2","VC":"2","H3":"2","VF":"2","R9":"2","J6":"2","MX":"2","JP":"2","P6":"2","RF":"2","JC":"2","QJ":"2","MW":"2","WF":"2","V9":"2","WH":"2","P9":"2","M7":"2","J2":"2","HM":"2","VM":"2","M4":"2","PG":"2","RC":"2","QH":"2","QC":"2","J3":"2","JW":"2","VH":"2","RP":"2","VJ":"2","J5":"2","QG":"2","Q9":"2","P3":"2","RM":"2","P8":"2","RJ":"2","HJ":"2","P5":"2","RQ":"2","P4":"2","HP":"2","VQ":"2","MC":"2"},"6F":{"9V":"2","GP":"2","GQ":"2","GR":"2"},"4X":{"R2":"2","R3":"2","V3":"2","V2":"2"},"3J":{"JW":"2"},"6P":{"H7":"2","HC":"2","J8":"2","H8":"2","J6":"2","J7":"2","H9":"2"},"8M":{"2J":"2","2H":"2","2G":"2"},"5W":{"2J":"2","3G":"2","39":"2","2P":"2","2G":"2","3J":"2","2F":"2","2H":"2","3H":"2","2M":"2"},"4V":{"JW":"2","JV":"2"},"77":{"9C":"2","C8":"2"}},"25":{"97":{"FR":"2","GV":"2","FP":"2","HR":"2","GP":"2","GQ":"2","PV":"2","HQ":"2","FV":"2","GR":"2"},"94":{"RM":"2","VM":"2"},"M9":{"MV":"2","JV":"2"},"78":{"W7":"2"},"CV":{"27":"2","28":"2","37":"2"}},"8P":{"9R":{"6P":"2"},"8V":{"QX":"2","RX":"2"},"8W":{"R2":"2","V4":"2","V3":"2","Q2":"2"}},"32":{"GM":{"57":"2","35":"2","59":"2","58":"2"},"MX":{"GV":"2","GW":"2","GP":"2","GX":"2","GR":"2"}},"75":{"W2":{"V6":"2"}},"85":{"C4":{"46":"2","43":"2"},"WJ":{"Q2":"2"},"XJ":{"JH":"2","HJ":"2","G9":"2","H9":"2","GC":"2","HC":"2"},"WH":{"QX":"2","QR":"2","RX":"2","VW":"2","RW":"2","RV":"2"}},"3M":{"P3":{"M9":"2","J9":"2"},"QQ":{"GV":"2","PP":"2","MP":"2","VP":"2"},"W7":{"HV":"2","HR":"2"},"X8":{"6M":"2"},"WM":{"G3":"2","F3":"2"},"V4":{"33":"2","VX":"2","RW":"2","RV":"2"},"RR":{"24":"2","34":"2"},"X7":{"PJ":"2","F4":"2","RQ":"2","PC":"2","RR":"2","G5":"2","P7":"2","PR":"2","P9":"2"},"XH":{"RR":"2","V4":"2","Q8":"2","RQ":"2","P4":"2","RV":"2"},"XJ":{"R2":"2","V5":"2"},"R3":{"RX":"2","RW":"2"},"V5":{"X5":"2","X8":"2","X7":"2"},"MX":{"8J":"2","5G":"2"},"JX":{"R6":"2"},"R4":{"W2":"2"},"H2":{"3P":"2","4P":"2"},"X4":{"CR":"2","9R":"2","GW":"2","GQ":"2","GX":"2","FX":"2","FW":"2"},"QW":{"3C":"2","49":"2","39":"2"},"GV":{"P7":"2"},"W5":{"36":"2","46":"2","37":"2"},"QR":{"4H":"2","4J":"2","7C":"2"},"CF":{"4Q":"2"},"WJ":{"HW":"2","HV":"2","MR":"2"}},"2W":{"33":{"W2":"2"},"32":{"QJ":"2","RM":"2","VW":"2","WQ":"2","WW":"2","RF":"2","QQ":"2","R9":"2","VX":"2","VR":"2","RX":"2","QV":"2","XV":"2","JQ":"2","WM":"2","XP":"2","VP":"2","VM":"2","PH":"2","RW":"2","VH":"2","PV":"2","WX":"2","XH":"2","XJ":"2","PW":"2","PJ":"2","P7":"2","XX":"2","MJ":"2","RJ":"2","RH":"2","RV":"2","XR":"2","WR":"2","WH":"2","MP":"2","QP":"2","MR":"2","QH":"2","PR":"2","QG":"2","WP":"2","QW":"2","QR":"2","MQ":"2","RP":"2","XW":"2","XM":"2","PG":"2","MM":"2","VV":"2"},"WV":{"8W":"2"},"42":{"2J":"2","2Q":"2","3R":"2","4J":"2","3G":"2","2P":"2","2G":"2","3J":"2","3P":"2","2R":"2","3Q":"2","3H":"2","2W":"2"},"95":{"F3":"2"}},"P2":{"76":{"F4":"2","95":"2","G3":"2","F2":"2","92":"2","94":"2","J2":"2","F8":"2","C6":"2","G4":"2","M3":"2"},"75":{"FX":"2"}},"RJ":{"C6":{"6R":"2","5P":"2","7Q":"2","6W":"2","5V":"2","6Q":"2","6M":"2","7W":"2","6P":"2","7X":"2","5W":"2","6X":"2"},"C7":{"72":"2","64":"2","62":"2","65":"2","83":"2","74":"2","75":"2","73":"2"},"C8":{"24":"2","33":"2","52":"2"},"98":{"X3":"2"}},"67":{"R5":{"72":"2","62":"2","58":"2","39":"2","4C":"2","73":"2","59":"2"},"WJ":{"2X":"2"},"R4":{"2V":"2","5X":"2","4X":"2","2R":"2","6X":"2"}},"4M":{"4G":{"R5":"2","Q7":"2","Q8":"2","V3":"2","R8":"2","Q5":"2","Q9":"2","M8":"2","R9":"2","V2":"2","Q6":"2"},"28":{"93":"2","4M":"2","76":"2","3J":"2","92":"2","86":"2","87":"2","75":"2"},"CQ":{"99":"2"},"8H":{"4M":"2","4P":"2"},"6G":{"G3":"2","Q9":"2","F3":"2"},"5F":{"54":"2","45":"2"},"3G":{"35":"2","F7":"2","28":"2","2V":"2","45":"2","24":"2","C7":"2","F8":"2","C6":"2","43":"2","26":"2","52":"2","C8":"2","25":"2","2W":"2"},"39":{"GW":"2","86":"2","F4":"2","C4":"2","HJ":"2","GC":"2","CQ":"2","FJ":"2","9R":"2","8V":"2","CX":"2","GG":"2","9M":"2","94":"2","FR":"2","G8":"2","JJ":"2","CP":"2","9P":"2","9Q":"2","87":"2","F5":"2","C5":"2","GJ":"2","84":"2","FV":"2","CV":"2","G9":"2","8M":"2","MM":"2","H9":"2","7X":"2","HG":"2"},"3F":{"5V":"2","5R":"2","PM":"2","MH":"2","8H":"2","8X":"2","GP":"2","2R":"2","JM":"2","MG":"2","93":"2","CP":"2","7H":"2","3R":"2","MJ":"2","M3":"2","GF":"2","7M":"2","4R":"2","G3":"2","CQ":"2","CM":"2","6M":"2","3V":"2","HF":"2","H3":"2","CH":"2","35":"2","8W":"2","G4":"2","J6":"2","MP":"2","G6":"2","JP":"2","55":"2","GJ":"2","4J":"2","25":"2","CJ":"2","4V":"2","7W":"2","5M":"2","8V":"2","7J":"2","QM":"2","J7":"2","P2":"2","FJ":"2","FH":"2","F6":"2","7V":"2","J2":"2","63":"2","JJ":"2","M4":"2","4P":"2","2V":"2","9R":"2","6V":"2","GM":"2","9H":"2","J3":"2","65":"2","GQ":"2","67":"2","M2":"2","JQ":"2","F5":"2","64":"2","J5":"2","CG":"2","GG":"2","FM":"2","82":"2","P3":"2","RM":"2","8J":"2","J8":"2","P4":"2","54":"2","G5":"2","8G":"2","53":"2","MM":"2","45":"2","3W":"2","9J":"2","FP":"2","92":"2"},"2C":{"MW":"2","PQ":"2","HG":"2","VW":"2","WW":"2","FM":"2","HQ":"2","RF":"2","GH":"2","QQ":"2","VX":"2","VJ":"2","HM":"2","WM":"2","RR":"2","22":"2","GJ":"2","RW":"2","VH":"2","WX":"2","JW":"2","PJ":"2","86":"2","F8":"2","FH":"2","RH":"2","HP":"2","VG":"2","MX":"2","RQ":"2","RC":"2","WH":"2","QP":"2","WP":"2","QF":"2","VF":"2","RG":"2","F7":"2","WJ":"2","XW":"2","FJ":"2","GM":"2","WG":"2","VV":"2"},"4H":{"J8":"2","M8":"2","M9":"2","RW":"2","J7":"2","M7":"2"},"2G":{"95":"2","23":"2","58":"2","R8":"2","FW":"2","G9":"2","M9":"2","R6":"2","P7":"2","W3":"2","68":"2","JF":"2","F8":"2","93":"2","V7":"2","HH":"2","M3":"2","V4":"2","CW":"2","5C":"2","GF":"2","M5":"2","M6":"2","G3":"2","CQ":"2","MF":"2","H8":"2","V8":"2","86":"2","J4":"2","CM":"2","X5":"2","F9":"2","H3":"2","CH":"2","77":"2","CV":"2","FR":"2","66":"2","85":"2","73":"2","R4":"2","FV":"2","R3":"2","FG":"2","Q3":"2","R9":"2","G4":"2","HC":"2","X2":"2","84":"2","94":"2","W6":"2","F7":"2","G2":"2","G6":"2","P6":"2","GJ":"2","R7":"2","JC":"2","CJ":"2","Q4":"2","59":"2","83":"2","J7":"2","P9":"2","P2":"2","FH":"2","57":"2","M7":"2","W4":"2","V3":"2","76":"2","J2":"2","Q7":"2","GR":"2","MQ":"2","G8":"2","W5":"2","75":"2","V5":"2","78":"2","72":"2","GC":"2","Q5":"2","R5":"2","CR":"2","RC":"2","GM":"2","X4":"2","W2":"2","J3":"2","67":"2","M2":"2","J9":"2","H7":"2","H6":"2","J5":"2","HG":"2","Q2":"2","M8":"2","FM":"2","Q9":"2","P3":"2","X3":"2","Q8":"2","69":"2","HJ":"2","P5":"2","P4":"2","MC":"2","V6":"2","H9":"2","92":"2","FP":"2"},"5G":{"9F":"2"},"38":{"XV":"2","HC":"2"},"4F":{"MW":"2","JR":"2","V3":"2","RX":"2","JQ":"2","V4":"2","PH":"2","QX":"2","W3":"2","PX":"2","PJ":"2","MV":"2","MP":"2","JV":"2","MR":"2","MQ":"2"},"48":{"4R":"2","5V":"2","5R":"2","2V":"2","4W":"2","3X":"2","2R":"2","5W":"2","4V":"2"},"2F":{"PV":"2","XR":"2","R8":"2","FW":"2","WG":"2","GP":"2","R6":"2","JM":"2","MG":"2","CP":"2","MJ":"2","M3":"2","CW":"2","W7":"2","GX":"2","MR":"2","WR":"2","PF":"2","MV":"2","MF":"2","PX":"2","CM":"2","X5":"2","QW":"2","PH":"2","Q6":"2","XX":"2","RW":"2","CV":"2","FR":"2","GH":"2","R4":"2","FV":"2","FG":"2","JV":"2","JR":"2","PW":"2","MP":"2","JH":"2","W6":"2","G2":"2","MX":"2","9M":"2","R7":"2","GJ":"2","CX":"2","MW":"2","Q4":"2","CJ":"2","4V":"2","QV":"2","PR":"2","HX":"2","8R":"2","HR":"2","QM":"2","WV":"2","P9":"2","FH":"2","W4":"2","J2":"2","HM":"2","Q7":"2","HV":"2","MQ":"2","JJ":"2","QR":"2","VM":"2","W5":"2","VV":"2","QX":"2","PG":"2","9X":"2","GM":"2","QP":"2","JW":"2","M2":"2","RP":"2","HW":"2","RV":"2","GG":"2","FM":"2","Q9":"2","RM":"2","Q8":"2","JX":"2","RJ":"2","MM":"2","VW":"2","HP":"2","MC":"2","V6":"2","9P":"2","FP":"2","RR":"2"},"5C":{"5X":"2","5W":"2"},"27":{"9W":"2"},"2H":{"56":"2","55":"2","64":"2","54":"2","45":"2","46":"2"},"4C":{"8V":"2","2Q":"2","RX":"2","5R":"2","VX":"2","2R":"2","8R":"2","4V":"2","FW":"2","2P":"2"},"3C":{"XQ":"2","72":"2","WW":"2","82":"2","93":"2","4C":"2","3C":"2","56":"2","XP":"2","PX":"2","QX":"2","49":"2"},"84":{"9M":"2"},"2M":{"J7":"2"},"49":{"22":"2"},"37":{"WQ":"2"}},"QJ":{"C8":{"4M":"2","4P":"2"}},"2H":{"XC":{"JM":"2"},"X6":{"HM":"2","HP":"2","CV":"2"}},"2Q":{"PW":{"VX":"2"},"G4":{"68":"2","6J":"2","67":"2","44":"2","6H":"2","6F":"2","69":"2","6G":"2"},"VP":{"F2":"2","C2":"2"},"XH":{"MG":"2"},"VM":{"CR":"2","GQ":"2","FV":"2","CQ":"2","FW":"2","CV":"2"},"WH":{"VM":"2","V7":"2","RQ":"2","X5":"2","VP":"2","PV":"2","XM":"2","X6":"2","WM":"2","R9":"2","WP":"2","XP":"2","WC":"2","WG":"2","XJ":"2","W9":"2","RM":"2"}},"4V":{"7P":{"38":"2","26":"2"},"6M":{"VV":"2","HM":"2","JM":"2","RV":"2","RR":"2","JP":"2","VX":"2","VW":"2"},"R7":{"CR":"2"},"G2":{"86":"2","66":"2","76":"2","95":"2","42":"2","PC":"2","54":"2","85":"2","HH":"2","75":"2","53":"2","96":"2","43":"2","87":"2","65":"2","97":"2"},"6G":{"2Q":"2","2X":"2","3X":"2"},"5G":{"XQ":"2"}},"34":{"PC":{"7G":"2","7H":"2","7F":"2"},"PG":{"RR":"2","RQ":"2","VW":"2","RV":"2","PX":"2"},"PV":{"QF":"2","WM":"2"},"MF":{"R5":"2","R6":"2"},"VF":{"3P":"2"},"M4":{"JP":"2"},"WC":{"7M":"2","7P":"2","4H":"2","5P":"2","3P":"2","7H":"2","4R":"2","4P":"2","6Q":"2","5Q":"2","5M":"2","6M":"2","8H":"2","6P":"2","4Q":"2"},"MH":{"WR":"2"}},"JJ":{"WX":{"HR":"2"}},"84":{"94":{"JC":"2"},"CG":{"C6":"2","C5":"2","95":"2"}},"4F":{"5Q":{"68":"2","5P":"2","35":"2","66":"2","6H":"2","5M":"2","7J":"2","45":"2","58":"2"},"46":{"Q7":"2"}},"58":{"X5":{"GJ":"2","HQ":"2"},"4R":{"2M":"2"},"2V":{"8Q":"2","8J":"2","8M":"2"},"F3":{"P6":"2"},"5W":{"4C":"2"},"4V":{"HJ":"2"},"2P":{"2V":"2"}},"9C":{"Q3":{"93":"2","9P":"2","94":"2"},"Q4":{"G8":"2","G7":"2","P3":"2","M7":"2","C7":"2","H5":"2","G6":"2","G9":"2","P8":"2","C6":"2","G4":"2","H8":"2","H9":"2","Q5":"2","P7":"2","F8":"2","R6":"2","H6":"2","C9":"2","C8":"2","H7":"2","G5":"2","M6":"2","R7":"2","F3":"2","M8":"2","FC":"2","GC":"2","Q6":"2"}},"63":{"GH":{"66":"2","78":"2"},"8G":{"WP":"2","X8":"2","VP":"2","VQ":"2","WM":"2"},"9G":{"39":"2","29":"2","3F":"2","45":"2","48":"2","2F":"2","47":"2","3C":"2","49":"2"},"8F":{"JV":"2"},"F5":{"72":"2","57":"2","3G":"2","65":"2","2P":"2"},"4X":{"Q2":"2"}},"9P":{"R5":{"XX":"2","XW":"2","XV":"2","XQ":"2","VR":"2","WJ":"2","WW":"2","WH":"2","VF":"2","WX":"2","WQ":"2","WG":"2","WR":"2"},"V6":{"22":"2","35":"2","28":"2","6C":"2","29":"2","39":"2","45":"2","2C":"2","57":"2","24":"2","48":"2","27":"2","3C":"2","26":"2","46":"2","44":"2","36":"2","25":"2","37":"2"},"R6":{"X2":"2","W4":"2","X7":"2","X4":"2","W2":"2","W3":"2","X3":"2"},"V5":{"5H":"2","3Q":"2","4H":"2","3P":"2","3G":"2","2H":"2","4G":"2","3R":"2","4F":"2","4X":"2","3W":"2","4C":"2","2M":"2","3V":"2","4V":"2","5J":"2"}},"33":{"XV":{"98":"2"}},"GP":{"PR":{"8C":"2","7P":"2","9C":"2","8G":"2","9G":"2","8F":"2","9F":"2"},"RM":{"WW":"2","XX":"2","XW":"2"},"PW":{"9M":"2","G7":"2","HG":"2","75":"2","C7":"2","GF":"2","62":"2","FM":"2","77":"2","G9":"2","F5":"2","HM":"2","7J":"2","8H":"2","CM":"2","JP":"2","74":"2","8J":"2","94":"2","93":"2","8F":"2","J9":"2","9J":"2","8Q":"2","H9":"2","7G":"2","79":"2","8G":"2","83":"2","78":"2","FP":"2","CH":"2","CR":"2","9G":"2","FG":"2","7H":"2","87":"2","GG":"2","98":"2","9Q":"2","MP":"2","99":"2","CC":"2","C9":"2","89":"2","CJ":"2","92":"2","C8":"2","FF":"2","VF":"2","88":"2","CG":"2","HC":"2","9H":"2","F7":"2","9C":"2","MQ":"2","9P":"2","CX":"2","7C":"2","8C":"2","9F":"2","CF":"2","JM":"2","GM":"2","MM":"2","JC":"2","CP":"2","82":"2"},"VR":{"WC":"2"},"VP":{"22":"2"},"PV":{"8X":"2","7M":"2","7J":"2","8H":"2","8Q":"2","7G":"2","6R":"2","8W":"2","6P":"2","7P":"2","5Q":"2","7H":"2","6W":"2","6X":"2","5P":"2","8P":"2","9Q":"2","6V":"2"},"RV":{"6X":"2"},"PX":{"FF":"2","F4":"2","H7":"2","GC":"2","F9":"2","C2":"2","F3":"2","FG":"2","F6":"2","FR":"2","MG":"2","GF":"2","MF":"2","C6":"2","FC":"2","FV":"2","G9":"2"},"RP":{"X2":"2"}},"37":{"H4":{"35":"2","3H":"2","4C":"2","37":"2"},"PV":{"8C":"2","97":"2","76":"2","89":"2","88":"2","86":"2","78":"2","87":"2"},"W3":{"3G":"2"},"MQ":{"PC":"2","J2":"2","Q6":"2","P8":"2"}},"WJ":{"GF":{"43":"2"},"GC":{"2W":"2","3X":"2","3W":"2"}},"53":{"HM":{"CV":"2"},"F8":{"88":"2"},"WX":{"MC":"2"},"M8":{"P6":"2"}},"FG":{"RW":{"GH":"2"}},"HC":{"72":{"G6":"2","G5":"2","F4":"2"}},"56":{"56":{"HR":"2","HQ":"2"},"2V":{"XC":"2","WF":"2"},"7X":{"G3":"2"}},"57":{"XV":{"J8":"2","C9":"2","8H":"2","6G":"2","9C":"2","CF":"2","CC":"2","9F":"2","7J":"2","F8":"2","7H":"2","7V":"2","8G":"2"},"3G":{"76":"2","FG":"2","54":"2","85":"2","3F":"2","45":"2","98":"2","C5":"2","52":"2"},"WV":{"RG":"2","RF":"2","VG":"2","VF":"2","VH":"2"},"XW":{"34":"2"},"3F":{"5X":"2"}},"8X":{"WX":{"74":"2","73":"2"}},"2M":{"MH":{"CR":"2","GQ":"2","8R":"2","FV":"2","GR":"2"},"W7":{"PC":"2"},"R9":{"JX":"2"},"78":{"V2":"2"},"77":{"JQ":"2","JP":"2"}},"MM":{"2C":{"XG":"2","XF":"2"}},"8H":{"4P":{"WJ":"2","WM":"2"}},"2V":{"9J":{"F7":"2","C7":"2"}},"3P":{"4H":{"64":"2","65":"2"},"3P":{"5H":"2"},"3G":{"VV":"2","XW":"2"},"QR":{"97":"2"},"4G":{"7M":"2","7P":"2","3G":"2","7J":"2","4W":"2","3H":"2","3J":"2","3F":"2","4V":"2"},"J8":{"FR":"2","C6":"2","GW":"2","MR":"2","HX":"2","GX":"2","FX":"2","8X":"2"},"7W":{"PP":"2","MG":"2","HV":"2","MM":"2"},"J9":{"G3":"2","H3":"2","H2":"2","G2":"2"},"HG":{"8C":"2","89":"2","7C":"2"},"7X":{"3M":"2"},"VM":{"FG":"2"},"W4":{"P9":"2"},"QQ":{"4G":"2","4F":"2"}},"98":{"XP":{"XC":"2","W9":"2","WC":"2"}},"QR":{"2P":{"M7":"2","P8":"2","PF":"2","MC":"2","QC":"2","Q9":"2","PC":"2","M8":"2","PG":"2","Q8":"2","R9":"2","P7":"2","RC":"2","M9":"2","P9":"2"}},"86":{"H4":{"M7":"2","JH":"2","PJ":"2","HJ":"2","9J":"2","HC":"2","FJ":"2","JG":"2","P8":"2","PF":"2","J8":"2","MC":"2","JM":"2","QC":"2","HW":"2","QJ":"2","Q4":"2","FH":"2","CJ":"2","PC":"2","FG":"2","8J":"2","J9":"2","M8":"2","HH":"2","9H":"2","MG":"2","HF":"2","Q8":"2","R9":"2","CG":"2","GF":"2","MF":"2","P7":"2","HV":"2","PM":"2","P6":"2","GJ":"2","JC":"2","H9":"2","P9":"2","HG":"2"},"MJ":{"GW":"2","GX":"2"},"H3":{"RP":"2"}},"GQ":{"P3":{"C6":"2"},"XF":{"5C":"2","6C":"2"},"P2":{"JH":"2","G4":"2","JJ":"2","HH":"2","H9":"2","F3":"2"}},"49":{"H4":{"2G":"2"},"6J":{"3M":"2","2J":"2","2Q":"2","3R":"2","2V":"2","3J":"2","2X":"2","3P":"2","2R":"2","3Q":"2","2M":"2","2W":"2"},"32":{"MC":"2"},"QX":{"W8":"2","WF":"2","XH":"2","V7":"2","VJ":"2","W9":"2","VH":"2"},"G4":{"V5":"2"},"5M":{"R5":"2","CH":"2","X8":"2","V3":"2","CJ":"2","R6":"2","CM":"2","Q6":"2"},"47":{"CR":"2","F8":"2","CQ":"2","CV":"2"},"6M":{"32":"2"},"4C":{"RJ":"2","PX":"2","RP":"2"},"46":{"9R":"2","9W":"2"},"5J":{"XJ":"2","XP":"2","XX":"2","XQ":"2"}},"73":{"G3":{"C3":"2","H3":"2"},"X7":{"JV":"2"},"G2":{"6R":"2","9X":"2","CW":"2","9Q":"2","FX":"2"},"CV":{"3P":"2","2Q":"2","2P":"2"}}}}