{"index":{"university,1|retail,2|tourism,3|wreck,4|historical,5|artsCulture,6|namedBuilding,7|water,8|wetland,9|park,10|beach,11|natureReserve,12|cemetery,13|trail,14":{}},"9Q":{"23":{"QG":{"H8":"2"},"JG":{"MW":"2"}},"2G":{"77":{"VM":"2","VJ":"2","WJ":"2","VH":"2","7G":"2","WH":"2","WM":"2","7H":"2","WG":"2"}},"2P":{"R4":{"49":"2"}},"58":{"9X":{"CP":"2"},"HW":{"H5":"2"},"48":{"56":"2","7G":"2","4H":"2","6J":"2","8J":"2","7H":"2","6Q":"2","66":"2","4G":"2","7J":"2","8M":"2","87":"2","6G":"2"}},"G9":{"8C":{"8H":"2"}},"52":{"VV":{"4F":"2","4C":"2"}},"6C":{"JG":{"GW":"2","HW":"2","GX":"2","FX":"2"}},"3J":{"3H":{"8W":"2","CV":"2"},"3J":{"C4":"2","82":"2","C2":"2","94":"2","F5":"2","F4":"2","C5":"2","F3":"2","95":"2"}},"22":{"65":{"Q7":"2"}},"48":{"JV":{"HG":"2"},"JP":{"MX":"2"},"QH":{"C3":"2"}},"M9":{"WF":{"F7":"2","F8":"2","F9":"2","C8":"2","M9":"2","P9":"2","FC":"2","JC":"2","HC":"2"}},"GP":{"CH":{"83":"2","H7":"2"},"CG":{"8R":"2","8V":"2","7R":"2","9W":"2","7M":"2","7V":"2","7P":"2","6H":"2","8W":"2"},"9F":{"C6":"2","82":"2","96":"2","C5":"2","95":"2"}},"2R":{"9X":{"H2":"2"},"4W":{"JH":"2","JJ":"2","JG":"2"},"PM":{"GP":"2"},"R9":{"CW":"2"},"GW":{"54":"2"},"PP":{"G2":"2"},"GX":{"W8":"2","XR":"2","R8":"2","X9":"2","RX":"2","WG":"2","XW":"2","XF":"2","MG":"2","PC":"2","V7":"2","VP":"2","W7":"2","GX":"2","X6":"2","WJ":"2","WR":"2","PF":"2","XG":"2","MV":"2","V8":"2","XH":"2","VG":"2","VC":"2","X8":"2","X5":"2","QW":"2","PH":"2","RW":"2","XX":"2","HQ":"2","W9":"2","JV":"2","WW":"2","VF":"2","JR":"2","R9":"2","PW":"2","MP":"2","XV":"2","MX":"2","R7":"2","MW":"2","WF":"2","QV":"2","XQ":"2","XJ":"2","V9":"2","HX":"2","HR":"2","WH":"2","WV":"2","GW":"2","W4":"2","HM":"2","XM":"2","HV":"2","X7":"2","MQ":"2","JJ":"2","QF":"2","W5":"2","VV":"2","QX":"2","PG":"2","WQ":"2","QQ":"2","RC":"2","X4":"2","WP":"2","QC":"2","HW":"2","JQ":"2","VX":"2","RV":"2","Q9":"2","RM":"2","X3":"2","RH":"2","JX":"2","RQ":"2","VW":"2","HP":"2","VQ":"2","V6":"2","RR":"2"},"3F":{"MW":"2","JW":"2","MX":"2","XX":"2","XW":"2"},"9W":{"GW":"2","HX":"2","JX":"2"},"FW":{"W7":"2","85":"2"},"2C":{"CJ":"2"},"FV":{"7X":"2","6X":"2"},"8Q":{"HF":"2"},"JW":{"XH":"2"},"PW":{"43":"2"},"PJ":{"JX":"2","GW":"2","FQ":"2","HR":"2","HM":"2","JR":"2","HQ":"2","HW":"2","GR":"2","MV":"2","FW":"2","GV":"2","HV":"2","GJ":"2","JW":"2","FV":"2","GQ":"2","GM":"2","GP":"2"},"4G":{"38":"2","47":"2","27":"2","28":"2","26":"2"},"CV":{"4M":"2","4J":"2","3V":"2","7R":"2","4H":"2","5P":"2","3Q":"2"},"QC":{"7X":"2"},"6W":{"W8":"2","R8":"2","X9":"2","R6":"2","93":"2","M3":"2","V4":"2","M5":"2","G3":"2","V8":"2","J4":"2","Q6":"2","H3":"2","R4":"2","W9":"2","H4":"2","R9":"2","G4":"2","J6":"2","94":"2","G2":"2","P6":"2","R7":"2","Q4":"2","83":"2","V9":"2","V3":"2","J2":"2","Q7":"2","C3":"2","V5":"2","M4":"2","72":"2","R5":"2","J3":"2","M2":"2","F5":"2","H6":"2","J5":"2","82":"2","P3":"2","P5":"2","C2":"2","P4":"2","G5":"2","H2":"2","F4":"2","H5":"2","V6":"2","92":"2","WC":"2"},"4F":{"2W":"2"},"MV":{"RG":"2","C7":"2","XR":"2","QF":"2","WQ":"2"},"JX":{"38":"2","32":"2","66":"2","36":"2"},"6V":{"9V":"2","9X":"2","QG":"2","HW":"2","HX":"2","9W":"2","MV":"2","8W":"2","7X":"2","JX":"2","CW":"2","8X":"2"},"3G":{"X8":"2","W8":"2","W4":"2","X7":"2","W6":"2","X4":"2","V2":"2","X5":"2","W7":"2","X6":"2"},"HX":{"23":"2","2G":"2","2P":"2","GV":"2","28":"2","RG":"2","2R":"2","2W":"2","2Q":"2","5X":"2","27":"2","5G":"2","VG":"2","9V":"2","24":"2","CM":"2","5J":"2","2H":"2","GH":"2","29":"2","FG":"2","JV":"2","2X":"2","PP":"2","GJ":"2","4J":"2","46":"2","25":"2","CJ":"2","8V":"2","8R":"2","FJ":"2","FH":"2","GW":"2","4H":"2","5F":"2","26":"2","HV":"2","GR":"2","3X":"2","2V":"2","2F":"2","CR":"2","5H":"2","3Q":"2","VH":"2","HW":"2","GG":"2","4X":"2","RH":"2","HJ":"2","45":"2","3W":"2","9J":"2"},"CW":{"R3":"2","PF":"2","3F":"2","39":"2"},"FX":{"56":"2"},"HW":{"JH":"2","3P":"2","GM":"2","XX":"2"},"VV":{"6J":"2"}},"2W":{"72":{"WJ":"2"},"5H":{"QX":"2","QW":"2"},"8F":{"QJ":"2","RM":"2","QM":"2","R6":"2","RJ":"2","RP":"2"},"83":{"6R":"2","6V":"2"},"84":{"92":"2"}},"6Q":{"P8":{"84":"2","99":"2"}},"47":{"CV":{"7W":"2","7X":"2"}},"JF":{"3Q":{"22":"2","35":"2","4G":"2","9G":"2","V2":"2","CH":"2","54":"2","9C":"2","CF":"2","9F":"2","9H":"2","24":"2","23":"2","33":"2","53":"2","CG":"2","8C":"2","26":"2"},"2J":{"RW":"2","28":"2","JR":"2","HW":"2","WV":"2","RX":"2","QW":"2","HX":"2","RR":"2","VX":"2","26":"2","QX":"2"},"3P":{"X9":"2","PQ":"2","38":"2","VW":"2","GF":"2","WW":"2","97":"2","MF":"2","77":"2","G9":"2","WV":"2","JR":"2","GR":"2","54":"2","39":"2","Q7":"2","HM":"2","7V":"2","X8":"2","XP":"2","7Q":"2","3F":"2","2F":"2","C6":"2","7R":"2","2W":"2","59":"2","35":"2","MG":"2","QX":"2","45":"2","3C":"2","RW":"2","8F":"2","2C":"2","6R":"2","79":"2","MC":"2","8G":"2","2M":"2","53":"2","8R":"2","78":"2","2Q":"2","2R":"2","F8":"2","2J":"2","46":"2","4G":"2","XX":"2","QC":"2","3R":"2","55":"2","XR":"2","GG":"2","4F":"2","8V":"2","24":"2","36":"2","WR":"2","9R":"2","68":"2","6Q":"2","4C":"2","MP":"2","XQ":"2","47":"2","MR":"2","4H":"2","C9":"2","PR":"2","6V":"2","3G":"2","4M":"2","QF":"2","67":"2","C8":"2","3P":"2","88":"2","48":"2","34":"2","9V":"2","MQ":"2","8C":"2","2V":"2","49":"2","69":"2","XM":"2","GQ":"2","56":"2","2X":"2"},"9X":{"2F":"2"},"4P":{"5X":"2","4V":"2","6X":"2","5W":"2","7R":"2","5G":"2","7J":"2","8G":"2","7X":"2"},"2Q":{"X2":"2","M2":"2","M6":"2","P5":"2","W4":"2","W6":"2","M5":"2","V2":"2","P2":"2","W2":"2","Q4":"2","R2":"2","X5":"2","P4":"2","P3":"2","J2":"2","W3":"2","X3":"2","R4":"2","M3":"2","Q3":"2"},"5R":{"8R":"2","8X":"2","5F":"2","7Q":"2","3G":"2","3F":"2","7R":"2","5C":"2","6P":"2","6H":"2"},"PQ":{"88":"2"},"2M":{"W8":"2","8H":"2","M9":"2","R6":"2","P7":"2","V2":"2","CP":"2","V7":"2","3R":"2","MJ":"2","W7":"2","V4":"2","27":"2","5G":"2","M6":"2","4R":"2","CQ":"2","H8":"2","V8":"2","24":"2","Q6":"2","4W":"2","CH":"2","CV":"2","FR":"2","66":"2","R4":"2","R3":"2","FG":"2","JV":"2","JR":"2","Q3":"2","JH":"2","W6":"2","JP":"2","P6":"2","R7":"2","JC":"2","CX":"2","FF":"2","Q4":"2","4G":"2","HX":"2","J7":"2","M7":"2","4F":"2","V3":"2","Q7":"2","V5":"2","98":"2","FX":"2","Q5":"2","R5":"2","CR":"2","FQ":"2","5H":"2","JW":"2","65":"2","HW":"2","J9":"2","CG":"2","HG":"2","Q2":"2","M8":"2","4X":"2","P8":"2","HJ":"2","P5":"2","8J":"2","J8":"2","8G":"2","MM":"2","CF":"2","V6":"2","R2":"2"},"PM":{"96":"2","98":"2"},"4Q":{"56":"2","H4":"2","68":"2","55":"2","63":"2","67":"2","66":"2","76":"2","F4":"2","45":"2","H5":"2","J5":"2","75":"2","34":"2"},"3M":{"6Q":"2","5X":"2","36":"2","6P":"2","GX":"2"},"FX":{"XG":"2"},"2P":{"MQ":"2","F4":"2","HW":"2","79":"2","W9":"2","XQ":"2","HJ":"2","VR":"2","GC":"2","PX":"2","G8":"2","HQ":"2","C2":"2","FF":"2","JM":"2","M2":"2","XF":"2","PC":"2","VC":"2","JX":"2","89":"2","JP":"2","9H":"2","VJ":"2","PH":"2","FH":"2","XR":"2","FJ":"2","42":"2","36":"2","VF":"2","GR":"2","H9":"2","JV":"2","HG":"2","5C":"2","XJ":"2","PF":"2","PP":"2","VM":"2","JH":"2","QH":"2","43":"2","WQ":"2","GF":"2","FP":"2","QP":"2","GJ":"2","H5":"2","48":"2","WX":"2","RR":"2","CC":"2","C8":"2","VX":"2","RV":"2","38":"2","M8":"2","XX":"2","RH":"2","C4":"2","RP":"2","8C":"2","MH":"2","XV":"2","GH":"2","XC":"2","FQ":"2","HP":"2","VW":"2","F8":"2","JC":"2","77":"2","HX":"2","G9":"2","MV":"2","HH":"2","J8":"2","F2":"2","C5":"2","H2":"2","GM":"2","MW":"2","QV":"2","WC":"2","MX":"2","GG":"2","C6":"2","JR":"2","7C":"2","FR":"2","G6":"2","G5":"2","HM":"2","G7":"2","MJ":"2","99":"2","94":"2","6C":"2","CG":"2","PW":"2","X8":"2","C9":"2","MG":"2","WF":"2","WV":"2","G4":"2","VP":"2","JF":"2","HF":"2","X6":"2","QX":"2","RJ":"2","J9":"2","WP":"2","J4":"2","G3":"2","QJ":"2","WR":"2","69":"2","JJ":"2","H3":"2","G2":"2","JG":"2","RM":"2","H8":"2","J2":"2","P9":"2","MP":"2","GP":"2","PQ":"2","J6":"2","WJ":"2","F3":"2","HR":"2","FG":"2","HC":"2","H7":"2","VQ":"2","QM":"2","X9":"2","MM":"2","VV":"2","CF":"2","F7":"2","FM":"2","8G":"2","MC":"2","QR":"2","RC":"2","PG":"2","J3":"2","M9":"2","PM":"2","QG":"2","H6":"2","QQ":"2","MR":"2","XW":"2","GQ":"2","C3":"2","JQ":"2","J5":"2"}},"JM":{"9H":{"62":"2","66":"2","78":"2"},"F2":{"W9":"2","WC":"2"}},"CP":{"Q7":{"F2":"2"}},"3R":{"6J":{"3W":"2"},"2W":{"G2":"2"},"5M":{"R6":"2","V7":"2","V8":"2","V4":"2","V9":"2","X9":"2","R7":"2","R4":"2","W9":"2"},"6M":{"3Q":"2","3C":"2","29":"2"},"2V":{"7V":"2"},"98":{"VM":"2"}},"VP":{"MJ":{"4Q":"2"}},"M3":{"QJ":{"4M":"2","2J":"2","3G":"2","2P":"2","3F":"2","4H":"2","2G":"2","3J":"2","4F":"2","2F":"2","2H":"2","47":"2","46":"2","3H":"2","2M":"2"},"PW":{"8P":"2"},"PJ":{"XV":"2","XR":"2"},"VJ":{"H4":"2","H5":"2"},"G2":{"V2":"2"}},"C7":{"RG":{"9M":"2","7M":"2","6G":"2","2G":"2","F9":"2","8H":"2","CM":"2","7R":"2","8J":"2","9J":"2","7G":"2","79":"2","8G":"2","CH":"2","FH":"2","9G":"2","7H":"2","GG":"2","8P":"2","8M":"2","3G":"2","CJ":"2","CG":"2","9P":"2","9F":"2","FC":"2","FJ":"2","7F":"2"},"VR":{"XP":"2"},"HC":{"P3":"2","V3":"2","P5":"2","Q2":"2","V4":"2","W6":"2","P4":"2","HH":"2","R3":"2","FP":"2","Q3":"2","V5":"2","CR":"2","FQ":"2","R4":"2","W5":"2","V6":"2","GM":"2"},"J9":{"8X":"2","38":"2","4W":"2","4J":"2","28":"2","4P":"2","54":"2","7V":"2","5H":"2","7Q":"2","9W":"2","2H":"2","3M":"2","7R":"2","5V":"2","5G":"2","7W":"2","8Q":"2","2P":"2","6R":"2","37":"2","57":"2","2M":"2","43":"2","8R":"2","2Q":"2","8W":"2","4Q":"2","29":"2","4X":"2","2R":"2","46":"2","4V":"2","4G":"2","6P":"2","7P":"2","5Q":"2","3R":"2","5M":"2","6W":"2","6X":"2","5R":"2","8V":"2","36":"2","3W":"2","9R":"2","3J":"2","8P":"2","5P":"2","5W":"2","6Q":"2","4C":"2","47":"2","6V":"2","3Q":"2","3P":"2","HX":"2","6M":"2","6J":"2","9V":"2","5J":"2","FX":"2","7X":"2"},"MW":{"32":"2"},"QF":{"4M":"2","5M":"2"},"JC":{"86":"2","66":"2","C4":"2","72":"2","76":"2","62":"2","95":"2","G2":"2","89":"2","88":"2","79":"2","F2":"2","54":"2","83":"2","85":"2","94":"2","75":"2","J3":"2","H3":"2","82":"2","53":"2","43":"2","78":"2","74":"2","65":"2","H2":"2","32":"2","73":"2"},"M9":{"2W":"2"},"H9":{"XW":"2","XV":"2","PJ":"2","VJ":"2","VH":"2","QM":"2","WH":"2","XH":"2","VX":"2","PH":"2","VW":"2"}},"27":{"5X":{"8W":"2"}},"49":{"4M":{"MC":"2"},"2M":{"3P":"2","2C":"2"}},"JG":{"QQ":{"X5":"2"}},"3P":{"4J":{"CV":"2"}},"H8":{"4R":{"JV":"2"}},"86":{"JQ":{"X2":"2"},"MP":{"83":"2","66":"2","22":"2","87":"2","8W":"2","79":"2","8R":"2","CP":"2","7W":"2","6G":"2","65":"2","3F":"2","5F":"2","7X":"2","39":"2","52":"2","89":"2","72":"2","5J":"2","7P":"2","6J":"2","FJ":"2","23":"2","7M":"2","44":"2","88":"2","46":"2","36":"2","29":"2","59":"2","5C":"2","8J":"2","43":"2","7V":"2","4C":"2","47":"2","48":"2","74":"2","78":"2","8Q":"2","5H":"2","CQ":"2","3C":"2","28":"2","38":"2","45":"2","8C":"2","5G":"2","4W":"2","68":"2","77":"2","GW":"2","4H":"2","7C":"2","4G":"2","54":"2","62":"2","35":"2","2J":"2","6C":"2","3J":"2","7F":"2","55":"2","2C":"2","76":"2","25":"2","75":"2","85":"2","7Q":"2","8F":"2","67":"2","69":"2","34":"2","84":"2","4F":"2","58":"2","9C":"2","3H":"2","82":"2","63":"2","26":"2","33":"2","7R":"2","37":"2","53":"2","56":"2","57":"2","8X":"2","CF":"2","8G":"2","8V":"2","86":"2","49":"2","GX":"2","73":"2","6H":"2"},"5V":{"J7":"2","M7":"2"},"RX":{"R6":"2","V6":"2","V7":"2","R8":"2","V8":"2","QQ":"2","R7":"2","PQ":"2"},"MR":{"FF":"2","P5":"2","HJ":"2","HP":"2","HM":"2","M5":"2","P4":"2","7R":"2","JP":"2","M4":"2","GM":"2","GP":"2"},"MM":{"C4":"2","9H":"2","8G":"2","8V":"2","9G":"2","6W":"2","5V":"2","G5":"2","G4":"2","4G":"2","5F":"2","4F":"2","7W":"2","6V":"2","F5":"2","5X":"2","8W":"2","7X":"2","9F":"2","5W":"2","6X":"2","5G":"2"},"VV":{"QJ":"2","5X":"2","RJ":"2"},"MJ":{"RG":"2","QG":"2","RJ":"2","VJ":"2","VH":"2","QJ":"2","RF":"2","VG":"2","VF":"2","QH":"2","QF":"2","RH":"2"},"6V":{"F4":"2"},"VW":{"24":"2","23":"2","38":"2","33":"2","2C":"2","42":"2","52":"2","34":"2","43":"2"},"MV":{"RF":"2","QP":"2","RQ":"2","QQ":"2"},"HQ":{"JH":"2","H9":"2","GC":"2","CG":"2","FF":"2","FG":"2"},"XH":{"Q4":"2"},"RW":{"M2":"2","R3":"2","R6":"2","W5":"2","V5":"2","W4":"2","V6":"2","Q6":"2","4X":"2","P8":"2","R5":"2","R8":"2","XC":"2","Q4":"2","V4":"2","P3":"2","QH":"2","R7":"2","R4":"2","Q5":"2","RH":"2","Q3":"2"},"JP":{"XV":"2","XQ":"2"},"VH":{"QW":"2"}},"4M":{"XH":{"8W":"2"},"WH":{"H7":"2"}},"24":{"JG":{"X3":"2"}},"F9":{"J4":{"X8":"2"}},"3V":{"3C":{"W5":"2","W6":"2"}},"5J":{"3W":{"9V":"2","9W":"2"}},"HF":{"XW":{"66":"2","F4":"2","9G":"2","P8":"2","42":"2","HQ":"2","79":"2","CJ":"2","54":"2","67":"2","45":"2","9F":"2","55":"2","8F":"2","33":"2","43":"2","8C":"2","56":"2","44":"2","32":"2","8G":"2"},"XV":{"2X":"2"},"VR":{"GV":"2","GR":"2"},"F4":{"PW":"2","QP":"2","PV":"2","QQ":"2"},"RJ":{"9R":"2","8R":"2"},"VM":{"8V":"2"},"VJ":{"32":"2","42":"2","V8":"2"},"WJ":{"3R":"2","5W":"2","4H":"2","5V":"2","38":"2","4R":"2","3P":"2","3Q":"2","36":"2","7X":"2"},"VH":{"5R":"2","5X":"2","4X":"2"},"WV":{"XX":"2"},"WW":{"X2":"2","W3":"2"},"XM":{"G8":"2","MW":"2","RM":"2","WQ":"2","QQ":"2","84":"2","J8":"2","QV":"2","VP":"2","VM":"2","PW":"2","P7":"2","J6":"2","MV":"2","MR":"2","PR":"2","QW":"2","WJ":"2","RP":"2","VV":"2"},"WM":{"82":"2"},"VG":{"W7":"2","V6":"2","V7":"2"},"F5":{"P5":"2","M4":"2","M3":"2","WF":"2","VF":"2","P2":"2","M2":"2"},"XP":{"W5":"2","V3":"2","W3":"2","W2":"2","W6":"2"},"XJ":{"X8":"2","4V":"2","3R":"2","6G":"2","6X":"2","6W":"2","X9":"2","4R":"2","W9":"2"},"M9":{"H3":"2"}},"XX":{"8W":{"RR":"2","QR":"2"}},"GH":{"WX":{"4G":"2","2J":"2","3R":"2","2V":"2","29":"2","3F":"2","5C":"2","2H":"2","2R":"2","6P":"2","59":"2"},"VX":{"WQ":"2","V3":"2","VJ":"2","XV":"2","XP":"2","WM":"2","V2":"2","V9":"2","W2":"2","XF":"2","VH":"2","W9":"2","XJ":"2","V7":"2","VC":"2","XG":"2","XR":"2","VG":"2","WH":"2","XQ":"2","WP":"2","VF":"2","R7":"2","V6":"2","WJ":"2","XM":"2","WG":"2"},"VW":{"VQ":"2","QW":"2","W4":"2"},"QQ":{"5M":"2"}},"66":{"4M":{"P3":"2"},"6C":{"CH":"2","FM":"2","CJ":"2","CM":"2"},"26":{"55":"2"}},"29":{"9X":{"8Q":"2","7V":"2","8V":"2","7W":"2","7X":"2","8X":"2"},"9M":{"XG":"2","XF":"2"},"FM":{"R3":"2","V2":"2"},"4P":{"GF":"2","HF":"2","GC":"2"},"6G":{"PF":"2","WG":"2","XG":"2","XF":"2","V2":"2","QF":"2","Q6":"2","XH":"2","V7":"2","WH":"2"},"8H":{"RM":"2","62":"2","54":"2","64":"2","52":"2","59":"2","74":"2","79":"2","57":"2","78":"2","68":"2","99":"2","58":"2","89":"2","88":"2","34":"2","9C":"2","69":"2","MM":"2"},"CM":{"2H":"2","2G":"2","2F":"2"},"8F":{"6R":"2","RR":"2","5X":"2"},"9J":{"M5":"2","G3":"2","C2":"2","C5":"2"},"8Q":{"93":"2","M4":"2","J2":"2","H2":"2","G2":"2"},"7G":{"MQ":"2","V8":"2","66":"2","87":"2","W9":"2","CP":"2","XQ":"2","HJ":"2","VR":"2","QC":"2","6G":"2","65":"2","5F":"2","7X":"2","6R":"2","WM":"2","97":"2","M2":"2","5X":"2","XF":"2","PC":"2","CJ":"2","VC":"2","PV":"2","89":"2","9G":"2","9H":"2","5W":"2","VJ":"2","7J":"2","7P":"2","PH":"2","FH":"2","6J":"2","W7":"2","XR":"2","FJ":"2","7M":"2","88":"2","H9":"2","59":"2","6M":"2","P8":"2","5C":"2","XJ":"2","PF":"2","8J":"2","VM":"2","7V":"2","WQ":"2","GF":"2","FP":"2","RF":"2","XG":"2","GJ":"2","H5":"2","V9":"2","74":"2","6V":"2","4R":"2","8Q":"2","5H":"2","CC":"2","J7":"2","CQ":"2","6P":"2","FV":"2","P7":"2","M8":"2","F9":"2","RH":"2","9Q":"2","8C":"2","8M":"2","XV":"2","5G":"2","5P":"2","XC":"2","GV":"2","4W":"2","F8":"2","JC":"2","G9":"2","VG":"2","Q8":"2","CW":"2","J8":"2","CM":"2","VH":"2","C5":"2","WC":"2","4H":"2","GG":"2","C6":"2","XM":"2","6X":"2","7C":"2","XH":"2","G6":"2","G7":"2","99":"2","PJ":"2","94":"2","6C":"2","MF":"2","9J":"2","X8":"2","MG":"2","W6":"2","WF":"2","WV":"2","7H":"2","76":"2","VP":"2","8P":"2","JF":"2","75":"2","7Q":"2","HF":"2","9F":"2","X6":"2","RJ":"2","6F":"2","WP":"2","8F":"2","67":"2","V5":"2","WR":"2","4X":"2","4V":"2","H3":"2","6Q":"2","84":"2","JG":"2","58":"2","H8":"2","9C":"2","5Q":"2","63":"2","MP":"2","9P":"2","GP":"2","7R":"2","J6":"2","HC":"2","56":"2","6W":"2","M7":"2","H7":"2","9M":"2","VQ":"2","X7":"2","H4":"2","X9":"2","8H":"2","X4":"2","VV":"2","92":"2","CF":"2","F7":"2","W8":"2","98":"2","5R":"2","MC":"2","F6":"2","RC":"2","86":"2","PG":"2","XP":"2","QG":"2","H6":"2","49":"2","7G":"2","W5":"2","73":"2","V3":"2","J5":"2","6H":"2"},"8G":{"2P":"2","58":"2","34":"2","62":"2","52":"2","6X":"2","28":"2","3J":"2","3G":"2","48":"2","2R":"2","2W":"2","47":"2","JF":"2","2Q":"2","3R":"2","4C":"2","5G":"2","49":"2","3P":"2","24":"2","CM":"2","3V":"2","5J":"2","2H":"2","29":"2","73":"2","56":"2","HC":"2","6J":"2","55":"2","4J":"2","46":"2","JC":"2","25":"2","2C":"2","4G":"2","57":"2","4F":"2","4H":"2","26":"2","2J":"2","2F":"2","3H":"2","Q5":"2","5H":"2","3Q":"2","65":"2","M8":"2","2M":"2","53":"2","3F":"2","38":"2","45":"2","3W":"2","H9":"2","R2":"2"},"6P":{"4X":"2"},"5Q":{"X2":"2"},"7H":{"63":"2","77":"2","H4":"2","66":"2","W5":"2","72":"2","76":"2","62":"2","W4":"2","58":"2","C2":"2","6G":"2","79":"2","92":"2","83":"2","67":"2","X5":"2","45":"2","3F":"2","J3":"2","F6":"2","C3":"2","57":"2","5H":"2","5G":"2","24":"2","38":"2","23":"2","H3":"2","33":"2","J4":"2","82":"2","X6":"2","93":"2","G5":"2","43":"2","78":"2","65":"2","P7":"2","47":"2","3C":"2","56":"2","C5":"2","34":"2","84":"2","52":"2","44":"2","32":"2","M4":"2","64":"2","97":"2","68":"2"},"8P":{"FR":"2","9X":"2","HX":"2","JX":"2","FX":"2","CV":"2"},"6Q":{"23":"2","32":"2","X8":"2","22":"2","42":"2"},"4H":{"9H":"2"},"6V":{"PQ":"2"},"6F":{"XV":"2","XQ":"2","JR":"2","XR":"2","WV":"2","J9":"2","WW":"2","WR":"2"},"6J":{"4R":"2"},"5J":{"XV":"2","WR":"2","WV":"2","WQ":"2"},"7C":{"M4":"2","M3":"2"},"JM":{"V8":"2"},"GM":{"63":"2"},"7F":{"JX":"2","5X":"2","CQ":"2","MX":"2","8H":"2","7Q":"2","PW":"2","CW":"2","7M":"2","7P":"2","CV":"2","FV":"2","PR":"2","8M":"2","2M":"2"}},"FV":{"QM":{"2P":"2"}},"JR":{"QR":{"M6":"2"}},"2X":{"44":{"38":"2","27":"2","29":"2"},"34":{"XF":"2","XC":"2","WH":"2","XM":"2","WF":"2","XH":"2","WG":"2","XJ":"2"}},"7P":{"8G":{"7X":"2","6X":"2"}},"HC":{"7M":{"X3":"2","X2":"2","X6":"2","W3":"2","X7":"2","W4":"2"},"9V":{"75":"2"},"9W":{"VQ":"2"},"8M":{"23":"2","22":"2","3W":"2","27":"2","2F":"2","25":"2","3V":"2","26":"2"},"87":{"28":"2"}},"56":{"PR":{"5F":"2"},"X4":{"GW":"2","GR":"2"},"MR":{"QC":"2","Q7":"2","Q9":"2","R9":"2","RC":"2","W3":"2"},"X6":{"67":"2","66":"2","76":"2","77":"2"},"VX":{"84":"2"}},"JH":{"M5":{"C7":"2","C5":"2"},"5C":{"M8":"2"}},"G2":{"9C":{"C4":"2","C9":"2","CP":"2","F2":"2","CF":"2","CC":"2","F4":"2","JG":"2","F3":"2","FF":"2"},"99":{"FX":"2"}},"JP":{"RG":{"55":"2"}},"55":{"XV":{"7G":"2","8G":"2"},"XX":{"M6":"2","J2":"2","M2":"2"},"XW":{"MR":"2","JX":"2","HR":"2","HJ":"2","HP":"2","HM":"2","F9":"2","JM":"2","HW":"2","FH":"2","GG":"2","HH":"2","GH":"2","FM":"2","F8":"2","HV":"2","FC":"2","GJ":"2","GM":"2","GP":"2"},"FV":{"JW":"2","JX":"2"}},"GJ":{"W2":{"7M":"2","7P":"2","6R":"2","6H":"2","6M":"2","7F":"2","6P":"2","6G":"2","29":"2"}},"46":{"7M":{"WC":"2"}},"MW":{"24":{"HV":"2"}},"2C":{"XC":{"QC":"2","QF":"2"},"R9":{"XF":"2"},"PP":{"PC":"2","H6":"2","PG":"2","G5":"2","G4":"2","M9":"2","J6":"2","H5":"2","J7":"2"},"VJ":{"R6":"2","R7":"2"},"VH":{"XM":"2"},"W9":{"9G":"2"},"32":{"4H":"2","4G":"2"},"43":{"36":"2"},"46":{"RR":"2","QM":"2","VQ":"2"},"WC":{"8Q":"2","9H":"2","5X":"2","8R":"2"},"VG":{"VR":"2","VV":"2","WJ":"2","R8":"2","RV":"2","XM":"2","Q8":"2","WM":"2","PW":"2","XP":"2","J7":"2","Q7":"2","XJ":"2"},"HV":{"QQ":"2"},"WH":{"56":"2","46":"2","52":"2"},"47":{"R5":"2"},"33":{"W7":"2","W6":"2"},"WF":{"58":"2","34":"2","99":"2","8X":"2","8H":"2","9F":"2","47":"2","68":"2","8M":"2","F8":"2","C4":"2","7H":"2","3R":"2","C7":"2","7M":"2","CQ":"2","C5":"2","7F":"2","9C":"2","9V":"2","CM":"2","6M":"2","F9":"2","C9":"2","CH":"2","8W":"2","CC":"2","79":"2","56":"2","84":"2","6J":"2","F7":"2","5W":"2","FC":"2","9M":"2","8C":"2","46":"2","FF":"2","CJ":"2","59":"2","7J":"2","8F":"2","57":"2","F6":"2","9G":"2","97":"2","F2":"2","98":"2","78":"2","5Q":"2","9H":"2","3Q":"2","65":"2","67":"2","CG":"2","C8":"2","6H":"2","8J":"2","G5":"2","8G":"2","C6":"2","45":"2","9J":"2","9P":"2"},"M2":{"56":"2","65":"2"},"WG":{"3M":"2","4G":"2","76":"2","7W":"2","5F":"2","92":"2","83":"2","2P":"2","7G":"2","3J":"2","6W":"2","82":"2","93":"2","6V":"2","8C":"2","7V":"2"},"Q6":{"JV":"2"}},"59":{"P5":{"3F":"2"},"P6":{"FF":"2","JX":"2","FQ":"2","HM":"2","MX":"2","7F":"2","HW":"2","FH":"2","FG":"2","8J":"2","9M":"2","MV":"2","GJ":"2","8M":"2"},"Q7":{"4P":"2","4M":"2","3M":"2","5F":"2","3G":"2","3F":"2","2G":"2","3J":"2","4F":"2","2F":"2","3P":"2","3H":"2"},"P7":{"RG":"2","VR":"2","RJ":"2","V7":"2","VV":"2","WV":"2","J3":"2","H3":"2","RF":"2","J4":"2","J5":"2","XH":"2","R7":"2","RM":"2"},"H2":{"H7":"2","M7":"2"}},"XQ":{"XH":{"X9":"2"}},"83":{"HJ":{"WV":"2","WW":"2","VX":"2"}},"4G":{"FR":{"5X":"2","4X":"2"},"FV":{"33":"2","32":"2","2V":"2","42":"2","52":"2","43":"2"},"CV":{"WM":"2"}},"57":{"FQ":{"2X":"2","3X":"2","4X":"2","3W":"2","4V":"2"},"M6":{"MQ":"2"},"CQ":{"XX":"2"},"CR":{"R5":"2","X5":"2","X4":"2","W5":"2","X3":"2","V9":"2","X2":"2","XG":"2","X6":"2","R7":"2","W9":"2"},"FR":{"22":"2","35":"2","28":"2","42":"2","6G":"2","9M":"2","3F":"2","24":"2","55":"2","23":"2","74":"2","3C":"2","26":"2","34":"2","32":"2","25":"2","6H":"2","68":"2"},"GM":{"CH":"2","9C":"2","9G":"2","CF":"2","CC":"2","CG":"2","9F":"2","FG":"2"},"H9":{"PH":"2","PG":"2","PP":"2","MG":"2"}},"4F":{"8V":{"QX":"2","QW":"2"}},"76":{"4P":{"WQ":"2","RF":"2","W4":"2","WV":"2","XV":"2","P9":"2","XP":"2","WM":"2","X2":"2","W6":"2","XH":"2","XJ":"2","X3":"2","XG":"2","QC":"2","XR":"2","R8":"2","WR":"2","RQ":"2","RC":"2","WH":"2","XQ":"2","QF":"2","WP":"2","X4":"2","88":"2","R7":"2","PC":"2","WJ":"2","XW":"2","XM":"2"},"3M":{"9F":"2"},"WW":{"X9":"2"},"5V":{"GW":"2","FW":"2"},"4R":{"6H":"2","6M":"2","6G":"2"},"5M":{"3P":"2","2Q":"2","3R":"2"},"5P":{"8X":"2","6C":"2","4W":"2","4J":"2","3H":"2","54":"2","2G":"2","3F":"2","2F":"2","2H":"2","3M":"2","5C":"2","2W":"2","59":"2","3C":"2","5X":"2","2P":"2","2M":"2","53":"2","2Q":"2","29":"2","4X":"2","2R":"2","2J":"2","4V":"2","4G":"2","3R":"2","6W":"2","87":"2","4F":"2","3W":"2","3V":"2","3J":"2","5W":"2","4C":"2","4H":"2","5F":"2","3G":"2","4M":"2","3Q":"2","3P":"2","6F":"2","88":"2","48":"2","3X":"2","5J":"2","7C":"2","2V":"2","69":"2","7F":"2","2X":"2"},"4Q":{"X8":"2","W3":"2"},"5Q":{"99":"2","22":"2","35":"2","66":"2","62":"2","42":"2","89":"2","88":"2","67":"2","24":"2","38":"2","23":"2","33":"2","82":"2","78":"2","26":"2","34":"2","46":"2","32":"2","68":"2"}},"26":{"C5":{"9C":"2"}},"63":{"2X":{"2X":"2"}},"39":{"XM":{"RM":"2","W8":"2","QM":"2","QP":"2","XC":"2","XJ":"2","RQ":"2","VQ":"2","W9":"2"}},"JJ":{"2C":{"2J":"2","5V":"2","5R":"2","5X":"2","2M":"2","3J":"2"},"2F":{"7G":"2","62":"2","7F":"2","7C":"2","52":"2"}},"44":{"WH":{"RH":"2","RJ":"2","VJ":"2","VH":"2"}},"VM":{"HC":{"76":"2","86":"2","87":"2","77":"2"}},"3X":{"9C":{"8C":"2","H6":"2","8F":"2"},"FP":{"RM":"2","RP":"2"},"CG":{"8M":"2"},"86":{"QR":"2","RW":"2","VV":"2","RV":"2","RX":"2","MG":"2","RR":"2","VX":"2","PH":"2","QP":"2"},"87":{"R2":"2","V4":"2","R4":"2"}},"M4":{"PW":{"VV":"2","Q9":"2","VR":"2"},"VQ":{"X6":"2","X7":"2"}},"2V":{"M7":{"25":"2"},"97":{"82":"2","73":"2"},"M9":{"8X":"2"},"P5":{"CX":"2"},"7W":{"6W":"2","6Q":"2","7X":"2"},"QX":{"3W":"2"},"96":{"6V":"2"},"G2":{"V8":"2","Q5":"2","R2":"2","W9":"2","XQ":"2","F5":"2","QC":"2","M5":"2","P4":"2","WM":"2","RG":"2","M2":"2","PC":"2","VC":"2","V2":"2","VJ":"2","W4":"2","VF":"2","X2":"2","Q9":"2","XJ":"2","PF":"2","VM":"2","QH":"2","WQ":"2","RF":"2","Q4":"2","XG":"2","H5":"2","V9":"2","R6":"2","X5":"2","P7":"2","X3":"2","RH":"2","R4":"2","R3":"2","XC":"2","WH":"2","Q8":"2","VH":"2","H2":"2","WC":"2","M3":"2","XM":"2","W3":"2","V4":"2","XH":"2","P3":"2","G7":"2","MJ":"2","V7":"2","PJ":"2","M4":"2","X8":"2","MG":"2","W6":"2","P6":"2","R9":"2","G4":"2","P5":"2","VP":"2","P2":"2","RJ":"2","WP":"2","R8":"2","J4":"2","G3":"2","V5":"2","QJ":"2","WR":"2","R7":"2","H3":"2","W2":"2","Q6":"2","J2":"2","QF":"2","M6":"2","J6":"2","WJ":"2","F3":"2","V6":"2","VQ":"2","QM":"2","H4":"2","X9":"2","Q2":"2","X4":"2","W8":"2","RC":"2","PG":"2","J3":"2","PM":"2","QG":"2","H6":"2","W5":"2","V3":"2","Q7":"2"},"J3":{"77":"2","QG":"2","67":"2","57":"2","PG":"2","C7":"2","93":"2","43":"2","47":"2","56":"2","97":"2","37":"2"},"H3":{"G8":"2","P3":"2","G7":"2","M7":"2","C7":"2","J5":"2","M3":"2","MF":"2","V8":"2","M5":"2","G9":"2","F5":"2","54":"2","PM":"2","X5":"2","R9":"2","V3":"2","P8":"2","M9":"2","W7":"2","Q7":"2","P5":"2","52":"2","P9":"2","V4":"2","V2":"2","63":"2","W6":"2","C6":"2","G4":"2","PH":"2","P4":"2","V9":"2","MG":"2","X6":"2","H8":"2","J3":"2","W9":"2","H3":"2","Q5":"2","43":"2","53":"2","V7":"2","PJ":"2","R3":"2","F8":"2","Q3":"2","44":"2","H4":"2","G3":"2","MJ":"2","V5":"2","QC":"2","42":"2","R6":"2","C5":"2","R8":"2","W8":"2","P2":"2","RC":"2","MP":"2","C4":"2","QH":"2","R4":"2","QG":"2","QF":"2","Q9":"2","PF":"2","RG":"2","W5":"2","M6":"2","G5":"2","Q4":"2","M8":"2","J7":"2","MH":"2","M4":"2","M2":"2","V6":"2","JH":"2","R5":"2","PG":"2","MM":"2","Q8":"2","Q6":"2","82":"2"},"FP":{"FM":"2"},"H4":{"RG":"2","VG":"2","VP":"2","QF":"2","VM":"2","VJ":"2","VH":"2"},"F4":{"93":"2","94":"2"},"J2":{"2W":"2","2V":"2","2X":"2","5X":"2","2R":"2","2M":"2","2P":"2"},"C3":{"CJ":"2","CM":"2"},"9G":{"85":"2","94":"2","C3":"2","93":"2","G5":"2","84":"2","C8":"2","G4":"2","97":"2","G6":"2"},"J4":{"8V":"2"},"99":{"QJ":"2","QM":"2","RF":"2"},"H2":{"24":"2","3Q":"2","66":"2","22":"2","F4":"2","79":"2","F5":"2","3R":"2","VR":"2","6G":"2","65":"2","3F":"2","5F":"2","2R":"2","97":"2","39":"2","5X":"2","52":"2","27":"2","7J":"2","5J":"2","6J":"2","XR":"2","23":"2","44":"2","42":"2","46":"2","36":"2","RQ":"2","29":"2","5C":"2","43":"2","WQ":"2","4C":"2","47":"2","48":"2","74":"2","4J":"2","5H":"2","C8":"2","6P":"2","3C":"2","28":"2","2P":"2","38":"2","XX":"2","45":"2","C4":"2","RP":"2","XV":"2","5G":"2","77":"2","2G":"2","F2":"2","C5":"2","3G":"2","4H":"2","MX":"2","C6":"2","4G":"2","35":"2","2J":"2","96":"2","6C":"2","3J":"2","C9":"2","WV":"2","2C":"2","76":"2","25":"2","VP":"2","32":"2","75":"2","85":"2","4M":"2","G3":"2","WR":"2","2F":"2","2H":"2","69":"2","2Q":"2","34":"2","84":"2","C7":"2","4F":"2","3H":"2","63":"2","26":"2","33":"2","37":"2","53":"2","56":"2","57":"2","VQ":"2","VV":"2","3P":"2","98":"2","F6":"2","86":"2","49":"2","73":"2","6H":"2"},"P6":{"F3":"2"},"F3":{"GP":"2","JV":"2"},"M4":{"FQ":"2"},"9F":{"7W":"2","8R":"2"},"7X":{"72":"2","82":"2","83":"2"}},"2F":{"4G":{"X4":"2"},"4F":{"82":"2"},"94":{"C6":"2","97":"2","F7":"2","C7":"2","6H":"2","F5":"2","F4":"2","F6":"2"},"4C":{"6R":"2","7V":"2","6W":"2","6Q":"2","5Q":"2","7W":"2","6V":"2","7X":"2"}},"3H":{"Q2":{"3G":"2","3H":"2"}},"9R":{"M5":{"3C":"2","5C":"2","89":"2","4C":"2","59":"2","69":"2","49":"2"},"J5":{"XF":"2"}},"R5":{"Q9":{"97":"2","CH":"2","9C":"2","8G":"2","9G":"2","8F":"2","98":"2","89":"2","88":"2","CG":"2","9F":"2"}},"3Q":{"MM":{"9G":"2","CQ":"2","CM":"2","8H":"2","92":"2","9C":"2","8J":"2","9M":"2","9H":"2","8F":"2","8C":"2","C5":"2","GJ":"2","8G":"2","GM":"2","GP":"2"},"C3":{"7G":"2","8H":"2"}},"65":{"4J":{"66":"2"}},"M2":{"C9":{"R2":"2"},"R3":{"R6":"2"},"FP":{"XJ":"2","XW":"2"},"F8":{"27":"2","28":"2"},"V6":{"CX":"2"},"C8":{"X8":"2","VM":"2","X7":"2","VJ":"2","WJ":"2","V4":"2","X9":"2","WH":"2","X6":"2"}},"JQ":{"JH":{"XQ":"2","XF":"2","XR":"2","XC":"2","WV":"2","WM":"2","XH":"2","XG":"2","XJ":"2","WR":"2"},"MH":{"2G":"2","2M":"2","52":"2"},"MG":{"6V":"2"}},"F5":{"5Q":{"VF":"2"}},"64":{"2V":{"PC":"2","WR":"2","RG":"2","4V":"2"},"3V":{"3J":"2","2M":"2","3M":"2","2P":"2"},"FX":{"97":"2"}},"HG":{"P7":{"QJ":"2","RM":"2","PQ":"2","QQ":"2","P8":"2","M9":"2","Q7":"2","X8":"2","P9":"2","MG":"2","VH":"2","MC":"2","PJ":"2","P7":"2","RJ":"2","W8":"2","VG":"2","RC":"2","MP":"2","MR":"2","QH":"2","PR":"2","QG":"2","QM":"2","Q9":"2","PF":"2","PC":"2","MQ":"2","MH":"2","Q8":"2"},"P8":{"Q2":"2"}},"M8":{"HF":{"QP":"2"},"HG":{"M6":"2","P6":"2","P7":"2","M8":"2","F4":"2","F3":"2","H2":"2","G2":"2","M7":"2"}},"C8":{"HM":{"MW":"2","HQ":"2","JR":"2"},"W7":{"9C":"2","99":"2"},"X6":{"FR":"2","CR":"2","3X":"2","J9":"2","J5":"2","FV":"2","CQ":"2","JC":"2","FW":"2"},"X7":{"F7":"2","F4":"2","F9":"2","2V":"2","3V":"2","F6":"2","5H":"2","G7":"2","G8":"2","6V":"2","7H":"2","F5":"2","3Q":"2","4Q":"2","6H":"2","G6":"2","5Q":"2"}},"74":{"QQ":{"9C":"2","CF":"2","CC":"2","9F":"2"}},"HJ":{"XC":{"QJ":"2","RM":"2","WQ":"2","WW":"2","VR":"2","WM":"2","XP":"2","VP":"2","RR":"2","WX":"2","XH":"2","Q5":"2","VC":"2","XX":"2","RJ":"2","RH":"2","VQ":"2","RV":"2","WR":"2","XQ":"2","QH":"2","VF":"2","RG":"2","W5":"2","WF":"2","RP":"2","XM":"2","WG":"2","Q6":"2","VV":"2"},"R4":{"W7":"2","W6":"2"}},"69":{"HR":{"WM":"2"},"5X":{"WF":"2","V8":"2"},"9F":{"7M":"2","6M":"2"}},"J8":{"3P":{"X2":"2","W2":"2"},"4M":{"8G":"2"},"4P":{"3P":"2","38":"2","3J":"2","28":"2","59":"2","3M":"2","48":"2"}},"3C":{"MW":{"8C":"2","79":"2","8F":"2","7C":"2","78":"2","87":"2"},"HQ":{"VF":"2"},"G6":{"H3":"2","H2":"2"},"G9":{"24":"2"},"F5":{"G6":"2","H4":"2","P5":"2","G5":"2"},"39":{"JG":"2","V8":"2","R9":"2","WM":"2","VM":"2","PH":"2","V9":"2","MG":"2","RW":"2","VH":"2","V7":"2","VC":"2","RH":"2","R6":"2","R8":"2","WH":"2","WP":"2","V6":"2","JH":"2","WJ":"2","XM":"2"},"84":{"XV":"2","WR":"2","WW":"2","XR":"2","XW":"2"},"76":{"GV":"2"},"94":{"RG":"2","5X":"2","FQ":"2","PJ":"2","9J":"2","HP":"2","8R":"2","CQ":"2","HM":"2","VJ":"2","RP":"2","QJ":"2","QM":"2","8J":"2","9M":"2","MJ":"2","FM":"2","2X":"2","VG":"2","QH":"2","FP":"2","7M":"2","GJ":"2","GQ":"2","GM":"2","MM":"2","GP":"2","RM":"2"},"3C":{"R2":"2"},"95":{"52":"2"},"PX":{"74":"2"},"85":{"Q3":"2","V3":"2"},"CV":{"65":"2"},"5M":{"RX":"2"},"55":{"M4":"2","J2":"2","J3":"2","P2":"2"},"C4":{"47":"2","3X":"2","3W":"2"},"Q4":{"99":"2","7C":"2","77":"2","86":"2","76":"2","HC":"2","6C":"2","89":"2","88":"2","7F":"2","6G":"2","79":"2","6F":"2","69":"2","5C":"2","87":"2","4C":"2","59":"2"},"F7":{"97":"2","85":"2"},"J7":{"X5":"2","V6":"2"},"FC":{"4J":"2"},"GC":{"FV":"2"}},"8G":{"5J":{"VG":"2","VF":"2"}},"53":{"XX":{"C6":"2","64":"2","65":"2","74":"2","42":"2","52":"2","75":"2","77":"2"},"XW":{"4X":"2"}},"3F":{"Q3":{"57":"2"}},"3M":{"42":{"MR":"2","QV":"2","JH":"2","HC":"2","MC":"2","RP":"2","MQ":"2","MP":"2","QW":"2","VP":"2","PV":"2","JF":"2","HF":"2","RR":"2","PW":"2","PQ":"2","J6":"2","PR":"2","JC":"2","MM":"2","W9":"2","H9":"2"}},"VQ":{"JH":{"XC":"2","WF":"2"}},"45":{"R5":{"QJ":"2","QM":"2"}},"H9":{"49":{"46":"2"}},"3W":{"3C":{"8J":"2"},"5V":{"R5":"2","P5":"2","R3":"2","Q5":"2","R4":"2"},"4J":{"FF":"2"},"6X":{"MP":"2","MQ":"2"},"3F":{"85":"2","84":"2","75":"2"}},"92":{"2P":{"CJ":"2","CM":"2","FJ":"2"}}}}