{"9R":{"MW":{"8F":{"94":"2","95":"2"}},"8X":{"2V":{"W8":"2","X8":"2","VC":"2","X9":"2","X7":"2"},"3V":{"2C":"2","28":"2"}},"4W":{"W7":{"X2":"2"},"WP":{"X6":"2","X7":"2"},"WG":{"99":"2","95":"2","8H":"2","7Q":"2","8J":"2","98":"2","9F":"2","9H":"2","96":"2","C6":"2","87":"2","8C":"2","7P":"2","8G":"2","8M":"2","97":"2"},"XC":{"26":"2"},"Q5":{"P8":"2","PF":"2","QC":"2","Q9":"2","PC":"2","PG":"2","Q8":"2","QF":"2","P9":"2"},"XM":{"9X":"2","8X":"2","JG":"2","HQ":"2","MF":"2","V8":"2","JR":"2","GR":"2","R9":"2","HM":"2","JQ":"2","9W":"2","V4":"2","JP":"2","MG":"2","X6":"2","FV":"2","8R":"2","8W":"2","JJ":"2","FP":"2","4G":"2","CV":"2","MJ":"2","V5":"2","QC":"2","FQ":"2","CR":"2","R6":"2","CQ":"2","R8":"2","4F":"2","9R":"2","9Q":"2","X4":"2","Q9":"2","PF":"2","GV":"2","R7":"2","PC":"2","CW":"2","9V":"2","CX":"2","MH":"2","V6":"2","JH":"2","R5":"2","GQ":"2","PG":"2","CP":"2","Q6":"2"},"X6":{"3Q":"2","2W":"2","5V":"2","2Q":"2","3R":"2","2V":"2","2X":"2","3X":"2","5X":"2","3W":"2","2R":"2","3V":"2","5W":"2","6X":"2","2P":"2"},"XP":{"27":"2","28":"2","92":"2","26":"2"},"X7":{"63":"2","76":"2","67":"2","57":"2","XM":"2","82":"2","74":"2","56":"2","73":"2"},"W6":{"XV":"2","PH":"2","XR":"2","PJ":"2","MG":"2","XX":"2","XW":"2","XQ":"2"},"W9":{"JW":"2","MX":"2","HX":"2","JX":"2"},"WC":{"P3":"2","J5":"2","M3":"2","H5":"2","G6":"2","M5":"2","W4":"2","X5":"2","5H":"2","P5":"2","V4":"2","V2":"2","2H":"2","C6":"2","W6":"2","G4":"2","X6":"2","J3":"2","H3":"2","R3":"2","H4":"2","G3":"2","J2":"2","V5":"2","J6":"2","J4":"2","C5":"2","H6":"2","H2":"2","P6":"2","M6":"2","W5":"2","M4":"2","M2":"2"}},"JG":{"3G":{"QJ":"2","PH":"2","PG":"2","PP":"2","PJ":"2","MJ":"2","QH":"2"},"RM":{"28":"2","29":"2"},"QM":{"X8":"2","X9":"2"},"3M":{"WG":"2","WH":"2","VH":"2"}},"FM":{"38":{"WJ":"2","WH":"2"}},"M5":{"76":{"77":"2"},"65":{"WP":"2","WQ":"2"}},"F5":{"96":{"67":"2","66":"2","76":"2"}},"54":{"HW":{"PQ":"2","VW":"2","VX":"2","VR":"2","RX":"2","QV":"2","RR":"2","QX":"2","WX":"2","PV":"2","PX":"2","PW":"2","FP":"2","XX":"2","VQ":"2","RV":"2","XR":"2","MV":"2","MR":"2","QW":"2","QR":"2","XW":"2","CP":"2","VV":"2"},"JW":{"2W":"2"},"MJ":{"GF":"2","GC":"2","GG":"2"},"HX":{"X2":"2","R3":"2","W5":"2","V5":"2","W4":"2","W6":"2","V6":"2","V7":"2","X4":"2","V2":"2","P2":"2","W2":"2","Q4":"2","V4":"2","85":"2","R2":"2","X5":"2","P3":"2","W3":"2","X6":"2","Q8":"2","X3":"2","V3":"2","Q7":"2"},"HG":{"JR":"2"},"GX":{"QQ":"2"},"JX":{"57":"2","44":"2"}},"PM":{"PX":{"VC":"2","V9":"2"}},"VR":{"4H":{"JQ":"2"}},"7V":{"86":{"4F":"2"}},"P5":{"H6":{"8Q":"2","8P":"2","7P":"2","9V":"2","8J":"2","7H":"2","9H":"2","CP":"2","CJ":"2","CM":"2","7J":"2","8F":"2","9W":"2","8R":"2","6P":"2","8M":"2","9Q":"2","CQ":"2","9M":"2","9J":"2"},"G4":{"W8":"2"},"H7":{"C2":"2"}},"52":{"5P":{"2G":"2"},"4M":{"VP":"2","QW":"2"},"4P":{"RM":"2","WV":"2","R9":"2","VR":"2","Q7":"2","XV":"2","P9":"2","RR":"2","PH":"2","RW":"2","Q5":"2","PJ":"2","QC":"2","RH":"2","RC":"2","QG":"2","QF":"2","Q9":"2","PF":"2","RG":"2","R7":"2","PC":"2","R5":"2","RP":"2","Q8":"2","Q6":"2","VV":"2"},"6H":{"P5":"2","P6":"2","P7":"2","Q7":"2","Q6":"2"},"3V":{"MG":"2"},"4Q":{"R4":"2"},"4V":{"79":"2"},"5J":{"CH":"2","FP":"2","CP":"2","CJ":"2","CM":"2"}},"JQ":{"H9":{"FG":"2","FH":"2"},"GQ":{"9X":"2","C2":"2","7J":"2","8H":"2","7Q":"2","8J":"2","93":"2","8F":"2","8Q":"2","7G":"2","8G":"2","8R":"2","7P":"2","C3":"2","9G":"2","7H":"2","6X":"2","98":"2","8P":"2","6Q":"2","99":"2","8M":"2","92":"2","88":"2","6J":"2","6M":"2","5J":"2","9F":"2","7X":"2"},"GR":{"72":"2"}},"7Q":{"JJ":{"77":"2"}},"9W":{"QM":{"4J":"2"}},"VM":{"FM":{"2W":"2","2V":"2"},"FP":{"22":"2","54":"2","53":"2","43":"2","47":"2","52":"2","44":"2","32":"2"}},"G4":{"38":{"HP":"2","HQ":"2"}},"5V":{"4P":{"6W":"2","5X":"2","5W":"2","6X":"2"},"5M":{"3Q":"2","4Q":"2"},"8F":{"HM":"2"}},"7W":{"WP":{"H4":"2","G3":"2","G4":"2","H5":"2","H3":"2","G2":"2"},"WM":{"GW":"2","HV":"2","GX":"2"}},"35":{"R5":{"63":"2","66":"2","62":"2","7F":"2","67":"2","53":"2","65":"2","64":"2"},"Q4":{"RR":"2","WJ":"2","WM":"2"},"R4":{"6X":"2"}},"45":{"23":{"RM":"2","RP":"2"},"83":{"Q4":"2"}},"H9":{"WC":{"3C":"2","3F":"2"}},"32":{"FQ":{"F9":"2","CF":"2","GC":"2","FC":"2","FF":"2","FH":"2"},"F5":{"F9":"2","FC":"2"},"F3":{"8V":"2","8R":"2"},"G2":{"H8":"2"},"FG":{"R5":"2","R4":"2"},"JR":{"GV":"2","FV":"2"}},"PX":{"46":{"CX":"2","CW":"2"}},"43":{"38":{"PC":"2","P9":"2","P8":"2"}},"JJ":{"C8":{"VC":"2","V9":"2"},"W9":{"PR":"2","MP":"2","MR":"2","MM":"2"},"WC":{"C7":"2"}},"2R":{"M4":{"97":"2","85":"2","C8":"2","GQ":"2","86":"2","87":"2"}},"4V":{"W2":{"8W":"2"},"V8":{"CR":"2","CV":"2"}},"42":{"9C":{"HP":"2","8R":"2","8P":"2","CQ":"2","9R":"2","8V":"2","7R":"2","8Q":"2","GR":"2","9P":"2","9Q":"2","7V":"2","CV":"2","GQ":"2"},"CC":{"PF":"2"},"9F":{"83":"2"}},"FH":{"M8":{"69":"2"},"H8":{"J2":"2","M2":"2"},"H7":{"JV":"2","CX":"2","HW":"2","MW":"2","HX":"2","HV":"2","JW":"2","FV":"2"}},"JF":{"GJ":{"99":"2","FQ":"2","GC":"2","C9":"2","CH":"2","FH":"2","9C":"2","HH":"2","CF":"2","GH":"2","98":"2","HF":"2","CG":"2","FP":"2","GJ":"2","C8":"2"}},"HP":{"52":{"68":"2"}},"55":{"66":{"QC":"2","PH":"2","PG":"2","QG":"2","QF":"2","QH":"2"}},"FG":{"JQ":{"6C":"2","9V":"2","FJ":"2","CH":"2","6G":"2","5F":"2","FH":"2","CJ":"2","FG":"2","5G":"2","6F":"2","69":"2","CG":"2","5C":"2","59":"2"},"HR":{"24":"2","83":"2","66":"2","22":"2","F4":"2","87":"2","F5":"2","FC":"2","65":"2","3F":"2","5F":"2","G8":"2","HQ":"2","C2":"2","2R":"2","39":"2","52":"2","27":"2","72":"2","5J":"2","PH":"2","23":"2","44":"2","88":"2","36":"2","29":"2","5C":"2","43":"2","4C":"2","H5":"2","48":"2","74":"2","4R":"2","78":"2","J7":"2","3C":"2","28":"2","2P":"2","93":"2","38":"2","F9":"2","45":"2","5G":"2","68":"2","F8":"2","77":"2","2G":"2","J8":"2","F2":"2","C5":"2","64":"2","3G":"2","4H":"2","C6":"2","V4":"2","4G":"2","54":"2","62":"2","G6":"2","G5":"2","35":"2","2J":"2","G7":"2","6C":"2","7F":"2","2C":"2","76":"2","95":"2","25":"2","HF":"2","6F":"2","67":"2","J4":"2","4M":"2","QJ":"2","V5":"2","4X":"2","2H":"2","69":"2","2Q":"2","4V":"2","34":"2","84":"2","C7":"2","4F":"2","58":"2","3H":"2","26":"2","37":"2","F3":"2","53":"2","57":"2","V6":"2","2M":"2","VV":"2","92":"2","F7":"2","F6":"2","86":"2","M9":"2","49":"2","C3":"2","73":"2"},"VV":{"XG":"2","X7":"2"},"JR":{"G9":"2","H9":"2","GC":"2","HC":"2"},"HQ":{"MW":"2","9X":"2","8X":"2","4W":"2","4J":"2","GX":"2","7V":"2","7Q":"2","9W":"2","7W":"2","5X":"2","7G":"2","6R":"2","8R":"2","8W":"2","3R":"2","6X":"2","5R":"2","8V":"2","3W":"2","3V":"2","5W":"2","RQ":"2","6Q":"2","9Q":"2","QP":"2","HX":"2","6J":"2","3X":"2","QR":"2","CW":"2","CX":"2","FX":"2","RP":"2","7X":"2"},"WV":{"2C":"2","29":"2"},"PV":{"P6":"2","J2":"2","M2":"2"},"MW":{"VF":"2"},"GR":{"XV":"2","XQ":"2","W5":"2","V5":"2","X7":"2","W6":"2","V6":"2","XR":"2","XC":"2","WW":"2","X9":"2","XM":"2","WM":"2","WP":"2","WX":"2","XP":"2","X3":"2","XJ":"2"},"WP":{"9R":"2","9V":"2","9X":"2","8H":"2","9W":"2","8W":"2","CQ":"2","9Q":"2"},"GV":{"MR":"2","QV":"2","QR":"2","RJ":"2","RQ":"2","QM":"2","PP":"2","QQ":"2","PV":"2","RR":"2","PQ":"2","PR":"2","QP":"2","RH":"2","RM":"2"},"PW":{"3C":"2","38":"2","4F":"2","49":"2","48":"2","39":"2"},"PR":{"MW":"2","JW":"2","MX":"2","JV":"2","JX":"2"},"WQ":{"82":"2","C2":"2","92":"2"},"M4":{"9Q":"2"},"GQ":{"XW":"2","VR":"2","QG":"2","VV":"2","RP":"2","RV":"2","WV":"2"}},"6W":{"MH":{"MX":"2"},"MJ":{"R6":"2","XF":"2","V6":"2","V7":"2","VJ":"2","WJ":"2","V2":"2","P2":"2","P3":"2","V9":"2","WH":"2","WF":"2","VG":"2","VF":"2","Q5":"2","WG":"2","WC":"2","W9":"2"},"74":{"36":"2"},"PM":{"52":"2"}},"GG":{"3P":{"2J":"2","3G":"2","2H":"2","2G":"2","3H":"2","3J":"2"},"4W":{"3P":"2","4J":"2","2Q":"2","2M":"2","2P":"2"},"3W":{"WP":"2","VM":"2","WM":"2"},"JP":{"47":"2","45":"2","36":"2","46":"2","37":"2"}},"24":{"W7":{"VF":"2"},"RM":{"X5":"2","X4":"2","V4":"2","R8":"2","Q5":"2","J5":"2","W4":"2","R4":"2"},"W5":{"36":"2"},"V5":{"V4":"2","W5":"2","V6":"2","R6":"2","V5":"2"},"VM":{"35":"2","24":"2","34":"2"}},"9R":{"3P":{"RR":"2","RQ":"2"}},"5W":{"75":{"WX":"2","GP":"2","XX":"2"},"6C":{"56":"2","57":"2","55":"2","47":"2","46":"2"},"38":{"2J":"2","2H":"2","WX":"2","VX":"2","VV":"2","3J":"2"},"4J":{"25":"2"},"28":{"WP":"2","RF":"2","VG":"2","VF":"2","WM":"2","VH":"2"},"77":{"FR":"2","CR":"2","CX":"2","FV":"2","CV":"2"},"4P":{"HP":"2"},"3H":{"FF":"2","M7":"2","Q2":"2","HJ":"2","CQ":"2","9V":"2","CR":"2","HM":"2","9R":"2","8V":"2","MC":"2","CX":"2","7F":"2","6X":"2","CF":"2","CC":"2","WW":"2","8Q":"2","FR":"2","FM":"2","CP":"2","9Q":"2","VX":"2","WX":"2","FC":"2","CW":"2","FP":"2","P6":"2","GJ":"2","FV":"2","CV":"2","GM":"2","M9":"2","VW":"2","Q3":"2","HG":"2"},"39":{"W2":"2"},"3M":{"38":"2","62":"2","28":"2","C2":"2","5H":"2","63":"2","3M":"2","59":"2","45":"2","2C":"2","J3":"2","H3":"2","27":"2","29":"2","2J":"2","46":"2","4F":"2","24":"2","3J":"2","47":"2","H2":"2","4M":"2","92":"2","48":"2","34":"2","5J":"2","56":"2"},"76":{"M4":"2","X3":"2","X2":"2","W3":"2","W2":"2","J6":"2","J5":"2","W4":"2","J7":"2"},"5C":{"97":"2","H5":"2","F5":"2","C2":"2","G4":"2","2W":"2","94":"2","93":"2","H3":"2","2Q":"2","H4":"2","F6":"2","G3":"2","F4":"2","J2":"2","C3":"2","9G":"2","C4":"2","H2":"2","F3":"2","5J":"2","9C":"2","9F":"2","2X":"2"},"59":{"PM":"2","99":"2","WG":"2","MH":"2","JM":"2","MR":"2","29":"2","VF":"2","JR":"2","R9":"2","JH":"2","PJ":"2","JP":"2","PP":"2","RF":"2","QJ":"2","2C":"2","XJ":"2","QM":"2","WH":"2","9G":"2","HM":"2","PQ":"2","XM":"2","MQ":"2","QF":"2","QQ":"2","RC":"2","WP":"2","QP":"2","QH":"2","QC":"2","VH":"2","RP":"2","JQ":"2","VJ":"2","QG":"2","RM":"2","RH":"2","RJ":"2","3C":"2","MM":"2","HP":"2"},"5G":{"Q5":"2"},"3C":{"R5":"2","7H":"2","R6":"2","8H":"2"},"7G":{"65":"2","49":"2"},"2P":{"H6":"2","86":"2","HC":"2","88":"2","H8":"2","78":"2","PW":"2","QX":"2"},"37":{"MX":"2","JX":"2"},"57":{"JM":"2"},"2M":{"JQ":"2","JH":"2","R6":"2","P5":"2","W5":"2","W8":"2","HJ":"2","HP":"2","RJ":"2","W4":"2","W6":"2","V6":"2","HC":"2","V7":"2","Q6":"2","HM":"2","P8":"2","PF":"2","JM":"2","HQ":"2","V8":"2","QJ":"2","P2":"2","W2":"2","PC":"2","P4":"2","HH":"2","45":"2","P3":"2","V9":"2","MG":"2","PG":"2","WH":"2","W3":"2","W7":"2","HF":"2","X6":"2","JJ":"2","WF":"2","GF":"2","XH":"2","VF":"2","QH":"2","P7":"2","56":"2","P6":"2","X3":"2","46":"2","Q7":"2","M4":"2","R4":"2","Q5":"2","MH":"2","25":"2","XJ":"2","M3":"2","P9":"2","HG":"2"},"2Q":{"7R":"2","6Q":"2"},"29":{"PC":"2","QG":"2","PF":"2","QF":"2"},"2R":{"X2":"2"},"2J":{"9X":"2","FR":"2","8X":"2","R9":"2","X8":"2","JQ":"2","XP":"2","9W":"2","JP":"2","WX":"2","W9":"2","VC":"2","XX":"2","XR":"2","WC":"2","6X":"2","W8":"2","MV":"2","RC":"2","XQ":"2","VF":"2","CW":"2","MQ":"2","CX":"2","XW":"2","XM":"2","MM":"2","7X":"2"},"4G":{"F7":"2","R8":"2","JM":"2","C2":"2","MP":"2","F3":"2","F2":"2","54":"2","45":"2","C3":"2","55":"2","53":"2","43":"2","F5":"2","44":"2","MM":"2"},"4F":{"X2":"2","V3":"2"},"3J":{"24":"2","3Q":"2","HW":"2","79":"2","8R":"2","HJ":"2","3R":"2","7W":"2","GC":"2","6G":"2","65":"2","G8":"2","6R":"2","C2":"2","JM":"2","2R":"2","97":"2","JP":"2","9H":"2","72":"2","5J":"2","7P":"2","6J":"2","36":"2","4P":"2","9V":"2","5C":"2","PP":"2","8J":"2","7V":"2","4C":"2","6V":"2","4R":"2","4J":"2","8Q":"2","5H":"2","C8":"2","FX":"2","FV":"2","FW":"2","2X":"2","93":"2","F9":"2","9Q":"2","8M":"2","5P":"2","F8":"2","HX":"2","G9":"2","HH":"2","J8":"2","F2":"2","3G":"2","4H":"2","7C":"2","4G":"2","FR":"2","62":"2","2J":"2","MJ":"2","96":"2","99":"2","6C":"2","3J":"2","7F":"2","4Q":"2","C9":"2","7H":"2","95":"2","8P":"2","3M":"2","7Q":"2","2W":"2","6F":"2","8F":"2","4M":"2","G3":"2","2Q":"2","G2":"2","4F":"2","3H":"2","82":"2","5Q":"2","MP":"2","7R":"2","5M":"2","F3":"2","HR":"2","CV":"2","6W":"2","MM":"2","8H":"2","9R":"2","92":"2","F7":"2","2V":"2","8G":"2","8V":"2","3P":"2","98":"2","MC":"2","86":"2","M9":"2","GX":"2","7G":"2","C3":"2","JQ":"2","6H":"2"},"4C":{"WV":"2","WW":"2"},"4H":{"FR":"2","QX":"2"},"5F":{"22":"2","JH":"2","VR":"2","JG":"2","WV":"2","RX":"2","MG":"2","8M":"2","MH":"2"},"3G":{"VR":"2","XQ":"2"},"3Q":{"2F":"2","3F":"2"},"3P":{"7H":"2","2M":"2"},"7C":{"4F":"2","4C":"2","86":"2","5G":"2"},"49":{"WC":"2","V8":"2"},"72":{"4G":"2","5G":"2"}},"6Q":{"7W":{"XW":"2","VQ":"2","XR":"2","WV":"2","WQ":"2","WR":"2","RM":"2"},"8W":{"2W":"2","2X":"2"},"8X":{"23":"2","32":"2","22":"2"}},"MP":{"W3":{"8W":"2"}},"33":{"R3":{"45":"2"},"W4":{"JR":"2"}},"QG":{"PR":{"8P":"2","MR":"2","9M":"2"},"PW":{"P2":"2","M2":"2","G2":"2"},"MF":{"CG":"2"},"PV":{"MR":"2","GW":"2","PJ":"2","QR":"2","MX":"2","MP":"2","MQ":"2","RQ":"2","QM":"2","QW":"2","MW":"2","PV":"2","GX":"2","MV":"2","RR":"2","PW":"2","PX":"2","QP":"2"}},"FF":{"52":{"5P":"2","5Q":"2"}},"HX":{"W6":{"8M":"2","9J":"2"}},"34":{"2J":{"HQ":"2"},"2M":{"82":"2","C2":"2"},"G2":{"6H":"2"}},"MH":{"7C":{"Q8":"2","Q9":"2"}},"V6":{"QF":{"CR":"2"}},"FX":{"3X":{"J2":"2","M3":"2","P2":"2","M2":"2"},"3W":{"MX":"2"}},"FC":{"QM":{"56":"2","64":"2","47":"2","65":"2","46":"2","74":"2","75":"2"}},"JH":{"7M":{"79":"2","7C":"2","78":"2"}},"GQ":{"PW":{"H4":"2","G5":"2","G4":"2","H5":"2"}},"JC":{"Q5":{"J2":"2","H9":"2","H8":"2","H2":"2"},"Q4":{"JW":"2","HX":"2","JX":"2"}},"7X":{"QX":{"4W":"2"},"JJ":{"4P":"2"},"GQ":{"Q3":"2"}},"4R":{"M6":{"7V":"2"},"RC":{"RQ":"2"}}},"index":{"university,1|retail,2|tourism,3|wreck,4|historical,5|artsCulture,6|namedBuilding,7|water,8|wetland,9|park,10|beach,11|natureReserve,12|cemetery,13|trail,14":{}}}