{"9V":{"G8":{"C3":{"MC":"2","PH":"2","PG":"2","H3":"2","H2":"2"}},"P3":{"63":{"V7":"2"}},"X9":{"WX":{"MV":"2"}},"73":{"P7":{"24":"2","23":"2","25":"2"},"M7":{"X4":"2","X3":"2"}},"62":{"C4":{"PP":"2"}},"RF":{"RH":{"X8":"2","XC":"2","X6":"2","X9":"2","X7":"2"},"WH":{"5P":"2","4P":"2","5Q":"2","4Q":"2"},"VH":{"27":"2","28":"2"}},"77":{"5X":{"XV":"2","WW":"2","VR":"2","XW":"2"}},"F5":{"63":{"F7":"2","V9":"2","XC":"2","R8":"2","XF":"2","R9":"2","X9":"2","W9":"2"},"73":{"4H":"2","2C":"2","2F":"2","3F":"2"}},"84":{"7P":{"23":"2","44":"2"},"7H":{"6Q":"2","7Q":"2","6R":"2","6M":"2","7R":"2","7M":"2","7P":"2","6P":"2"},"6G":{"JX":"2","QV":"2","RW":"2","QG":"2","RJ":"2","RP":"2","RV":"2","RQ":"2","QM":"2","QH":"2","QP":"2","RM":"2"}},"J8":{"F6":{"93":"2","97":"2","85":"2","82":"2","94":"2","83":"2","92":"2","86":"2","84":"2"},"3M":{"2W":"2"}},"Q2":{"6G":{"MP":"2","MQ":"2"}},"W6":{"45":{"6F":"2"}},"PV":{"PG":{"M7":"2","MF":"2","H5":"2","M5":"2","P8":"2","Q7":"2","P5":"2","JP":"2","P4":"2","P7":"2","Q3":"2","G3":"2","J6":"2","P2":"2","H6":"2","P6":"2","M6":"2","Q4":"2","M8":"2","M4":"2","Q6":"2"},"PP":{"CR":"2","9R":"2","9Q":"2"},"PF":{"MR":"2","MX":"2","PX":"2"},"PM":{"JQ":"2","JV":"2","HR":"2","JR":"2","HW":"2","WV":"2","PP":"2","QQ":"2","MW":"2","HV":"2","JW":"2"}},"W3":{"XG":{"RX":"2","RW":"2"},"8H":{"V5":"2"}},"XG":{"P7":{"3C":"2","3G":"2","2H":"2","3H":"2","3F":"2"}},"W8":{"3C":{"5M":"2","4X":"2"},"3F":{"33":"2","32":"2","42":"2","73":"2","53":"2","43":"2"}},"XQ":{"VP":{"GX":"2"}},"WP":{"G4":{"GV":"2","FR":"2","GW":"2","GX":"2","FV":"2","FX":"2","FW":"2"}},"J7":{"F8":{"PR":"2","PW":"2","MW":"2","QW":"2"}},"72":{"W5":{"XW":"2"}},"WG":{"VP":{"X8":"2","X7":"2"}},"PG":{"M9":{"9X":"2"}},"82":{"8V":{"32":"2","C2":"2","22":"2","C3":"2"},"8R":{"FP":"2","3X":"2","FC":"2","FV":"2","CW":"2","FF":"2","FG":"2","FW":"2"}}},"index":{"university,1|retail,2|tourism,3|wreck,4|historical,5|artsCulture,6|namedBuilding,7|water,8|wetland,9|park,10|beach,11|natureReserve,12|cemetery,13|trail,14":{}}}