{"C6":{"5P":{"2V":{"JH":"2","MH":"2","JQ":"2","MP":"2","JJ":"2","MM":"2","MJ":"2","JM":"2","JV":"2","MQ":"2","JP":"2","JR":"2"},"2R":{"PR":"2","MR":"2","PV":"2","MV":"2"}},"67":{"M5":{"XF":"2","W8":"2","XC":"2","W7":"2","WF":"2","XG":"2","WC":"2","W9":"2"},"M4":{"P5":"2","M4":"2","Q3":"2","P3":"2","Q5":"2","M3":"2","Q4":"2","P4":"2","M2":"2","P2":"2","Q2":"2"},"M3":{"PR":"2","QX":"2","QR":"2","PW":"2","MW":"2","MR":"2","MX":"2","PV":"2","QV":"2","MV":"2","QW":"2","PX":"2"},"P2":{"8F":"2"}},"8V":{"C4":{"97":"2","96":"2","94":"2","98":"2","83":"2","86":"2","95":"2"}},"66":{"PX":{"VQ":"2"}},"3X":{"V4":{"M6":"2","M5":"2","M4":"2","M3":"2","M2":"2"},"V3":{"MX":"2"}}},"index":{"university,1|retail,2|tourism,3|wreck,4|historical,5|artsCulture,6|namedBuilding,7|water,8|wetland,9|park,10|beach,11|natureReserve,12|cemetery,13|trail,14":{}}}