{"index":{"university,1|retail,2|tourism,3|wreck,4|historical,5|artsCulture,6|namedBuilding,7|water,8|wetland,9|park,10|beach,11|natureReserve,12|cemetery,13|trail,14":{}},"C7":{"8P":{"2V":{"9M":"2","9J":"2"}},"32":{"8P":{"72":"2","82":"2","76":"2","83":"2","74":"2","78":"2","77":"2","73":"2"},"8M":{"7R":"2","7V":"2","8V":"2","7W":"2","8W":"2","8R":"2","7X":"2","8X":"2"}},"9G":{"FQ":{"7G":"2","8G":"2","8F":"2","8H":"2","7F":"2"}},"44":{"M3":{"X8":"2","XC":"2","XF":"2","X9":"2"},"M2":{"WP":"2","WW":"2","WX":"2","XX":"2","XW":"2","WQ":"2"}},"9F":{"Q9":{"P9":"2"}}}}