{"index":{"university,1|retail,2|tourism,3|wreck,4|historical,5|artsCulture,6|namedBuilding,7|water,8|wetland,9|park,10|beach,11|natureReserve,12|cemetery,13|trail,14":{}},"C8":{"28":{"Q8":{"QM":"2"}},"29":{"MV":{"HJ":"2","F9":"2","GJ":"2","GC":"2","GG":"2","FF":"2","FH":"2","FG":"2"},"P9":{"J7":"2"}},"45":{"QR":{"PW":"2","MW":"2","MX":"2"}},"2C":{"23":{"54":"2"},"GM":{"2W":"2","3X":"2"},"R9":{"6C":"2"}},"55":{"5X":{"XP":"2"},"9W":{"9V":"2"}},"38":{"6C":{"RP":"2"},"GQ":{"PP":"2"}},"2F":{"97":{"XQ":"2"}},"65":{"88":{"RC":"2"}},"3C":{"24":{"W8":"2","X6":"2","X7":"2"},"34":{"27":"2"}},"46":{"5F":{"3C":"2","3G":"2","5Q":"2","3H":"2"},"9C":{"HX":"2"},"V9":{"MX":"2"},"9F":{"J4":"2","H2":"2"},"VC":{"M2":"2"},"5J":{"2W":"2"},"5M":{"88":"2"},"5P":{"HX":"2"},"5Q":{"H2":"2"}},"64":{"4W":{"6J":"2","6H":"2"},"HQ":{"HJ":"2","HH":"2"}}}}