{"index":{"university,1|retail,2|tourism,3|wreck,4|historical,5|artsCulture,6|namedBuilding,7|water,8|wetland,9|park,10|beach,11|natureReserve,12|cemetery,13|trail,14":{}},"CF":{"CR":{"M8":{"4H":"2"}},"CH":{"WW":{"GJ":"2"}},"2W":{"3X":{"GJ":"2","F4":"2"},"3W":{"5V":"2"},"2M":{"J4":"2"}},"CP":{"36":{"8C":"2","76":"2","78":"2"}},"2X":{"4X":{"MW":"2","JW":"2","JX":"2","JR":"2"},"2V":{"3Q":"2","2Q":"2","3R":"2","XM":"2","WM":"2"},"3V":{"32":"2"},"23":{"85":"2"},"6F":{"VX":"2","VW":"2"},"3X":{"CJ":"2","CX":"2","CW":"2","CQ":"2"},"2H":{"48":"2"},"5J":{"PH":"2","V7":"2","W6":"2","V8":"2"},"49":{"78":"2","77":"2"},"6H":{"72":"2"}},"CQ":{"6J":{"9M":"2","FR":"2","FM":"2","9W":"2","8J":"2","8Q":"2","FP":"2","CV":"2","CR":"2","FQ":"2","FG":"2","CQ":"2","9R":"2","8P":"2","9Q":"2","8M":"2","FF":"2","9V":"2","9P":"2","FJ":"2","GQ":"2"},"6H":{"HW":"2","HX":"2"},"6M":{"F2":"2","F5":"2","F4":"2","F6":"2","F3":"2"},"6F":{"WV":"2"},"69":{"HW":"2","HV":"2"}}}}