{"index":{"university,1|retail,2|tourism,3|wreck,4|historical,5|artsCulture,6|namedBuilding,7|water,8|wetland,9|park,10|beach,11|natureReserve,12|cemetery,13|trail,14":{}},"CG":{"22":{"3Q":{"Q3":"2","Q4":"2"},"85":{"83":"2"},"32":{"PM":"2"},"44":{"48":"2","39":"2"},"2X":{"PQ":"2","HG":"2","JG":"2","GH":"2","MF":"2","PM":"2","PP":"2","PH":"2","MG":"2","H8":"2","J9":"2","PV":"2","H9":"2","PJ":"2","HF":"2","MJ":"2","JF":"2","9G":"2","GG":"2","PR":"2","MH":"2","9F":"2","JC":"2"},"3J":{"3J":"2","3M":"2"},"5G":{"VC":"2","V9":"2","XC":"2","WC":"2"}},"35":{"2V":{"4W":"2","3W":"2"}},"28":{"MH":{"4Q":"2"},"8G":{"W3":"2","V8":"2"},"X2":{"MJ":"2"},"FX":{"36":"2"}},"39":{"2V":{"R2":"2","P2":"2","Q2":"2"},"2R":{"QX":"2","RX":"2","MR":"2","MV":"2","MQ":"2","PX":"2"}},"29":{"X8":{"2V":"2","2X":"2"},"F4":{"64":"2","65":"2"},"W8":{"W8":"2","WW":"2","WX":"2","WG":"2","WJ":"2","XJ":"2","XX":"2","V7":"2","W9":"2","WM":"2","V8":"2"},"3R":{"JH":"2","JJ":"2","JF":"2"},"V6":{"XG":"2"},"3W":{"VG":"2","VF":"2"},"3V":{"JH":"2","J8":"2","JM":"2","J9":"2","J3":"2","H8":"2","H3":"2","J4":"2","J5":"2","JJ":"2","J6":"2","J7":"2","JC":"2","H9":"2"},"2C":{"83":"2","84":"2"},"3X":{"W4":"2"},"H2":{"C4":"2","49":"2"},"FV":{"4F":"2"},"W9":{"X2":"2","W3":"2","W2":"2","W4":"2"}},"2C":{"4W":{"RG":"2","V9":"2","VG":"2"},"73":{"G7":"2","H7":"2"},"5H":{"68":"2","79":"2","C3":"2","F5":"2","F4":"2","F3":"2","FG":"2"},"C6":{"86":"2"},"5V":{"2V":"2"},"74":{"PG":"2","FW":"2"},"95":{"XV":"2","XR":"2"},"32":{"8Q":"2","8V":"2","G5":"2","8R":"2"},"65":{"3H":"2","2G":"2","64":"2","2F":"2","2H":"2","63":"2","JP":"2","2C":"2","2P":"2","2M":"2","2Q":"2","2R":"2","2J":"2","MJ":"2","3G":"2","JM":"2","MM":"2"},"R3":{"2X":"2"},"Q3":{"XW":"2"},"4V":{"XF":"2"},"5M":{"GW":"2"},"55":{"XQ":"2","XF":"2","CQ":"2","XR":"2","XC":"2","XM":"2","CP":"2","XP":"2","XG":"2","XJ":"2"},"4H":{"FJ":"2","FH":"2"},"R4":{"22":"2"},"FF":{"CR":"2"},"CF":{"VP":"2","VQ":"2","RP":"2"},"56":{"8J":"2","8H":"2"}},"2G":{"GJ":{"Q7":"2","R7":"2"},"7W":{"FR":"2"},"7X":{"MX":"2","QW":"2","PX":"2"},"6G":{"R7":"2"}},"24":{"F4":{"PW":"2","PX":"2"},"H7":{"QM":"2","QP":"2","RX":"2","RW":"2","QQ":"2"},"4X":{"6R":"2","MP":"2","MQ":"2"},"8V":{"9C":"2"},"3F":{"GP":"2","GQ":"2"},"2X":{"R2":"2","R3":"2"},"23":{"HV":"2","HR":"2"},"69":{"H4":"2","R2":"2","J4":"2"},"74":{"85":"2","CM":"2","9M":"2","75":"2","9J":"2"},"27":{"R5":"2","GM":"2"},"F5":{"P6":"2","P7":"2","MF":"2","MG":"2","M9":"2","P9":"2"},"32":{"F3":"2"},"68":{"QX":"2","RX":"2","VX":"2","RW":"2"}},"23":{"6Q":{"XQ":"2"},"8F":{"M2":"2"},"3X":{"8C":"2"},"6P":{"97":"2","C8":"2"},"JX":{"HM":"2","HJ":"2","JJ":"2","JM":"2","JF":"2","JG":"2","JP":"2"}},"2F":{"3M":{"MW":"2","JW":"2","JV":"2","JX":"2"},"P8":{"C9":"2","9C":"2"},"42":{"HR":"2","J5":"2"},"JM":{"CR":"2","HX":"2"},"48":{"5Q":"2","6M":"2","4W":"2","4V":"2"},"JP":{"QJ":"2","M7":"2","H5":"2","J8":"2","M9":"2","G4":"2","H3":"2","H4":"2","J6":"2","J4":"2","QH":"2","QG":"2","PF":"2","G5":"2","M6":"2","J7":"2","PC":"2","PG":"2"},"3P":{"M7":"2","J5":"2","M3":"2","H5":"2","M5":"2","GW":"2","J8":"2","JQ":"2","FW":"2","JP":"2","H8":"2","J9":"2","H9":"2","J3":"2","H3":"2","MC":"2","HH":"2","H4":"2","J2":"2","J6":"2","J4":"2","H6":"2","H2":"2","H7":"2","M6":"2","GV":"2","9H":"2","J7":"2","CX":"2","M4":"2","M2":"2","FX":"2"},"3Q":{"F2":"2","C2":"2","C3":"2","FJ":"2","F4":"2","F3":"2","G2":"2"},"V3":{"4P":"2","4V":"2","5R":"2","4X":"2","7W":"2","7R":"2","4W":"2","5V":"2","6W":"2","4R":"2","9Q":"2","6V":"2","7V":"2","5P":"2","4Q":"2","5Q":"2"},"49":{"6C":"2"},"P9":{"F3":"2"}},"27":{"XX":{"X8":"2","JH":"2","H7":"2","HC":"2","JG":"2","MC":"2","J9":"2","HH":"2","M8":"2","H8":"2","X9":"2","JF":"2","Q8":"2","VF":"2","VC":"2","JC":"2","GM":"2","WC":"2","GP":"2","M9":"2","W9":"2","HG":"2"},"H6":{"MW":"2","RX":"2"},"VQ":{"H3":"2"},"XQ":{"FV":"2"},"H7":{"R2":"2","VM":"2"},"G3":{"GV":"2","GP":"2","FV":"2"},"J8":{"GJ":"2"},"8H":{"85":"2","98":"2"},"F3":{"G9":"2","F9":"2","F2":"2","H8":"2","FF":"2"},"83":{"56":"2"},"8F":{"64":"2"},"33":{"RG":"2","QG":"2","VG":"2"},"82":{"8W":"2","8X":"2"},"93":{"66":"2"},"PM":{"R6":"2"},"32":{"2C":"2","2F":"2"}},"2H":{"93":{"FR":"2","GX":"2","FX":"2"},"82":{"FH":"2"},"94":{"F7":"2","C4":"2","95":"2","C9":"2","F3":"2","F2":"2","F6":"2","CC":"2","C3":"2","96":"2","C6":"2","F5":"2","C5":"2"},"92":{"C6":"2","C7":"2"}},"3C":{"36":{"6X":"2"}},"26":{"RJ":{"4H":"2","4J":"2"},"3W":{"5P":"2","5Q":"2","2X":"2"},"G2":{"52":"2"},"X4":{"X8":"2","RH":"2"},"JM":{"8J":"2"},"C9":{"XW":"2"},"5W":{"H4":"2","G5":"2","G4":"2","H5":"2"},"F6":{"JF":"2"},"2X":{"QC":"2","RG":"2","WG":"2","XC":"2","XM":"2","XJ":"2","RH":"2","RC":"2","QF":"2"},"C7":{"WC":"2"},"XM":{"W7":"2","W8":"2","V4":"2","W5":"2","V3":"2","WF":"2","VF":"2","W6":"2","W9":"2"},"3X":{"22":"2","35":"2","28":"2","29":"2","2C":"2","24":"2","3J":"2","38":"2","2F":"2","27":"2","26":"2","34":"2","36":"2","25":"2","37":"2"},"JJ":{"7W":"2","7X":"2"},"CG":{"M2":"2","J3":"2","J2":"2","H3":"2","J4":"2","J6":"2","M3":"2"},"QH":{"R9":"2"}},"36":{"33":{"M4":"2"},"2H":{"97":"2"}},"25":{"7C":{"82":"2","83":"2"},"GC":{"J5":"2"},"JM":{"M3":"2","MF":"2","X8":"2","52":"2","PH":"2","MG":"2","X6":"2","X7":"2","W9":"2","MC":"2","J2":"2","42":"2","J6":"2","W8":"2","VG":"2","QG":"2","QF":"2","PF":"2","M6":"2","M2":"2","PG":"2"},"MP":{"56":"2","57":"2","32":"2","P7":"2","M2":"2","42":"2","58":"2","P8":"2"},"QC":{"V6":"2","V5":"2"},"3G":{"GV":"2"},"Q9":{"JJ":"2","JM":"2"},"GG":{"QP":"2"},"MJ":{"HQ":"2","FX":"2"},"2G":{"8Q":"2","9Q":"2"},"FX":{"XG":"2"},"GX":{"2J":"2","2H":"2","4R":"2","2G":"2","3H":"2","2M":"2"},"JJ":{"HM":"2","HP":"2","MW":"2","JW":"2","MX":"2","4X":"2","JX":"2","JR":"2"},"69":{"GH":"2","WW":"2","VW":"2"},"74":{"HC":"2"},"65":{"7R":"2"},"4C":{"7J":"2"},"47":{"VC":"2"},"G9":{"WG":"2"},"MM":{"G8":"2","9X":"2","G7":"2","HG":"2","GF":"2","28":"2","97":"2","G6":"2","G9":"2","7M":"2","7V":"2","7J":"2","7Q":"2","26":"2","25":"2","7R":"2","35":"2","96":"2","H8":"2","95":"2","H9":"2","37":"2","6R":"2","8R":"2","27":"2","HH":"2","HF":"2","4X":"2","F8":"2","85":"2","7P":"2","CQ":"2","7H":"2","8V":"2","98":"2","MV":"2","36":"2","9R":"2","F2":"2","9Q":"2","CC":"2","MR":"2","H6":"2","C9":"2","C8":"2","H7":"2","CG":"2","HC":"2","6J":"2","6M":"2","3X":"2","9V":"2","MQ":"2","6H":"2","FC":"2","CF":"2","GC":"2","7X":"2"},"49":{"CV":"2"}},"37":{"3Q":{"VP":"2","VM":"2","X7":"2"},"2W":{"X4":"2","X3":"2"},"4R":{"56":"2","7M":"2","57":"2","47":"2","7J":"2","46":"2"},"5Q":{"CJ":"2","CM":"2","9M":"2","9J":"2"},"2X":{"28":"2","39":"2","29":"2","45":"2","2C":"2","55":"2","47":"2","3C":"2","46":"2"},"22":{"53":"2"},"39":{"XV":"2","WG":"2","XG":"2","XP":"2","XW":"2","XH":"2","WH":"2"}}}}