{"37":{"WG":{"9R":{"55":"10","63":"10","56":"10","52":"10","74":"10","53":"10","85":"10","64":"10","73":"10","G2":"10","G3":"10","75":"10","G4":"10","H2":"10","43":"10"},"9Q":{"Q7":"10","HX":"10","G6":"10","GP":"10","JP":"10","6G":"10","P5":"10","H8":"10","V7":"10","54":"10","5J":"10","2G":"10","5C":"10","6J":"10","JQ":"10","Q3":"10","Q9":"10","5R":"10","QH":"10","P4":"10","5F":"10","3G":"10","P7":"10","4J":"10","QF":"10","HM":"10","C6":"10","8J":"10","7P":"10","6H":"10","G5":"10","G7":"10","7H":"10","8X":"10","R3":"10","FJ":"10","47":"10","C5":"10","JW":"10","CG":"10","9G":"10","2C":"10","CJ":"10","5H":"10","MP":"10","9F":"10","QJ":"10","64":"10","96":"10","V5":"10","37":"10","2J":"10","29":"10","74":"10","4G":"10","P8":"10","95":"10","M3":"10","R9":"10","72":"10","PJ":"10","JV":"10","8G":"10","4F":"10","M2":"10","7F":"10","RC":"10","QC":"10","HP":"10","MV":"10","Q8":"10","MR":"10","QG":"10","85":"10","PH":"10","P2":"10","GM":"10","8H":"10","P3":"10","3F":"10","MQ":"10","Q6":"10","7G":"10","84":"10","R4":"10","PG":"10","4C":"10","GJ":"10","8W":"10","2H":"10","W2":"10","CH":"10","C8":"10","HJ":"10","2F":"10","JX":"10","V6":"10","62":"10","FH":"10","P6":"10","49":"10","6F":"10"},"9P":{"MV":"10","JV":"10","MW":"10","GX":"10","MX":"10","RQ":"10","JQ":"10","RV":"10","JP":"10","JR":"10","RR":"10","JM":"10","MR":"10","PX":"10","JW":"10","GW":"10"},"9M":{"2P":"10"},"99":{"CQ":"10"},"8M":{"WM":"10","WP":"10"},"8P":{"XP":"10","4F":"10","4C":"10","GJ":"10","HJ":"10"}},"X9":{"MQ":{"72":"10"},"MP":{"6R":"10","GP":"10","6C":"10","6V":"10","FG":"10","6G":"10","5J":"10","5M":"10","9H":"10","6J":"10","56":"10","4Q":"10","6P":"10","5Q":"10","5R":"10","FM":"10","2Q":"10","7J":"10","CF":"10","69":"10","4J":"10","HM":"10","4P":"10","8J":"10","6H":"10","6M":"10","HH":"10","7H":"10","FJ":"10","3C":"10","CG":"10","9G":"10","68":"10","57":"10","CJ":"10","2R":"10","5H":"10","67":"10","GG":"10","5G":"10","FP":"10","4G":"10","59":"10","3J":"10","8G":"10","HP":"10","CM":"10","FF":"10","GM":"10","8H":"10","3F":"10","7G":"10","4C":"10","GJ":"10","CH":"10","GH":"10","HJ":"10","6Q":"10","5X":"10","FH":"10","6F":"10"},"3G":{"6W":"10"}},"VF":{"25":{"2J":"10","7M":"10","2H":"10","3H":"10","5J":"10","5M":"10","4J":"10","3J":"10","7P":"10","5P":"10","4M":"10","6P":"10","8M":"10","6M":"10"}},"VG":{"6P":{"F5":"10","F6":"10"},"M8":{"M6":"10","M5":"10"}},"XH":{"X3":{"XG":"10","W7":"10","W8":"10","XF":"10","W6":"10"},"XF":{"MJ":"10","PJ":"10","JP":"10","FG":"10","MP":"10","FF":"10","PH":"10","MM":"10","JQ":"10","G7":"10"}},"QH":{"3R":{"QJ":"10"},"5J":{"5J":"10"},"6P":{"5F":"10","5M":"10"},"6M":{"2X":"10"},"6Q":{"6F":"10","5F":"10","5C":"10","6C":"10"},"5P":{"V2":"10","V3":"10"},"5M":{"R8":"10","C8":"10","QH":"10","MJ":"10","RW":"10","VM":"10","VX":"10","RF":"10","QP":"10","WR":"10","9C":"10","QM":"10","WQ":"10","H5":"10","VP":"10","WW":"10","RQ":"10","QF":"10","RJ":"10","VW":"10","RH":"10","XR":"10","XQ":"10","RM":"10","QJ":"10","JG":"10","C9":"10","F9":"10","PJ":"10","PH":"10","QG":"10","CC":"10","PG":"10","FC":"10","J5":"10","RG":"10","RR":"10"}},"RG":{"99":{"63":"10","53":"10"}},"RJ":{"76":{"4R":"10","4Q":"10","3X":"10","4P":"10","5R":"10","5J":"10","5M":"10","4J":"10","3P":"10","5H":"10","5P":"10","6Q":"10","6H":"10","4M":"10","5Q":"10","6P":"10","4V":"10","3W":"10","6R":"10","6J":"10"},"68":{"63":"10","82":"10","73":"10","54":"10","64":"10","C2":"10","44":"10","94":"10","46":"10","65":"10","62":"10","C3":"10","83":"10","75":"10","93":"10","72":"10","36":"10","26":"10","F2":"10"},"56":{"WR":"10","WQ":"10"},"66":{"6H":"10","7W":"10","6J":"10"},"67":{"PC":"10","R7":"10","9Q":"10","5P":"10","J9":"10","HF":"10","GW":"10","W5":"10","2H":"10","CM":"10","GG":"10","4M":"10","MJ":"10","8X":"10","7X":"10","7H":"10","V7":"10","3H":"10","HJ":"10","H9":"10","RF":"10","J6":"10","7F":"10","Q7":"10","9P":"10","8J":"10","6G":"10","GX":"10","FQ":"10","Q6":"10","W6":"10","X6":"10","V6":"10","6X":"10","R6":"10","MG":"10","W4":"10","PP":"10","V5":"10","5M":"10","JJ":"10","4C":"10","6F":"10","FX":"10","QF":"10","HG":"10","9J":"10","CP":"10","3X":"10","JM":"10","HH":"10","9M":"10","PJ":"10","QG":"10","FR":"10","CQ":"10","4G":"10","HQ":"10","PM":"10","8H":"10","MQ":"10","4P":"10","G6":"10","RG":"10","JC":"10","7W":"10","9R":"10","V4":"10","HP":"10","H6":"10","7G":"10"},"58":{"XP":"10","WG":"10","VF":"10","WJ":"10","WF":"10","VP":"10","WV":"10","XM":"10","VG":"10","XQ":"10","WH":"10","WR":"10","VH":"10","VW":"10"}},"VC":{"HH":{"FP":"10","CP":"10"},"8G":{"XP":"10"}},"W9":{"7F":{"7W":"10","8R":"10","CP":"10","8Q":"10","7V":"10","7R":"10","FV":"10"},"CQ":{"FM":"10","9Q":"10","7P":"10","6P":"10","FP":"10","CQ":"10","6Q":"10","CM":"10"},"FM":{"88":"10","76":"10","55":"10","67":"10","78":"10","56":"10","6C":"10","69":"10","58":"10","89":"10","77":"10"},"PM":{"V2":"10","V4":"10","V3":"10"},"7G":{"C5":"10","F8":"10","79":"10","56":"10","92":"10","57":"10","7C":"10","F7":"10","74":"10","9G":"10","83":"10","CH":"10","84":"10","97":"10","G8":"10","F6":"10","C6":"10","96":"10","95":"10","64":"10","8C":"10","68":"10","94":"10","58":"10","73":"10","65":"10","93":"10","CG":"10"},"V2":{"R8":"10"},"9Q":{"XG":"10"}},"RF":{"PJ":{"2J":"10","2G":"10","2H":"10","4F":"10","4G":"10","39":"10","5R":"10","5M":"10","2M":"10","3J":"10","6C":"10","7R":"10","5F":"10","3C":"10","6M":"10","6R":"10"},"V3":{"39":"10","6R":"10","6C":"10","9P":"10","6G":"10","5M":"10","5J":"10","9H":"10","4H":"10","6J":"10","9M":"10","5R":"10","7W":"10","7J":"10","4J":"10","HM":"10","3M":"10","8J":"10","6M":"10","HH":"10","7H":"10","FJ":"10","7X":"10","47":"10","3C":"10","CG":"10","CW":"10","9G":"10","68":"10","CJ":"10","67":"10","8M":"10","37":"10","3P":"10","4G":"10","8Q":"10","35":"10","34":"10","59":"10","4F":"10","9J":"10","45":"10","4X":"10","5P":"10","23":"10","GM":"10","3F":"10","27":"10","2X":"10","4C":"10","FW":"10","8W":"10","28":"10","CH":"10","24":"10","HJ":"10","2F":"10","FH":"10","38":"10","49":"10","6F":"10"},"MJ":{"XJ":"10","XM":"10","VP":"10","VM":"10","WM":"10","WP":"10"},"R4":{"R7":"10","W2":"10","P6":"10","W7":"10","Q2":"10","R6":"10","W8":"10","Q5":"10","P5":"10","X3":"10","V7":"10","X7":"10","Q6":"10","P4":"10","X2":"10","P3":"10","P2":"10","R5":"10"},"V4":{"C2":"10","F4":"10","23":"10","74":"10","44":"10","35":"10","9G":"10","76":"10","9C":"10","5C":"10","38":"10","F3":"10","88":"10","86":"10","34":"10","66":"10","37":"10","85":"10","59":"10","9F":"10","99":"10","48":"10","46":"10","8C":"10","77":"10","47":"10","75":"10","CC":"10","78":"10","24":"10","CF":"10","65":"10","C3":"10","89":"10","CG":"10"},"X5":{"XJ":"10","XH":"10"},"R2":{"QX":"10","HX":"10","QW":"10","RX":"10","JX":"10","RW":"10","7X":"10","6X":"10"},"R3":{"VX":"10","97":"10","JP":"10","MH":"10","C7":"10","XH":"10","JG":"10","HG":"10","QW":"10","W5":"10","F5":"10","9C":"10","JH":"10","PP":"10","VR":"10","V2":"10","F8":"10","MW":"10","GF":"10","R8":"10","H6":"10","XM":"10","PW":"10","QR":"10","89":"10","QH":"10","W6":"10","99":"10","CF":"10","H5":"10","CC":"10","W4":"10","QF":"10","RQ":"10","WM":"10","RF":"10","HF":"10","MJ":"10","G2":"10","QV":"10","R3":"10","WV":"10","RP":"10","QP":"10","XP":"10","CG":"10","WR":"10","9G":"10","VM":"10","93":"10","PX":"10","H2":"10","63":"10","X3":"10","MP":"10","9F":"10","88":"10","96":"10","C3":"10","82":"10","GC":"10","83":"10","95":"10","RV":"10","XJ":"10","QM":"10","WX":"10","72":"10","R9":"10","PJ":"10","F9":"10","RC":"10","XG":"10","W3":"10","FC":"10","QC":"10","VP":"10","MR":"10","VQ":"10","XF":"10","G4":"10","PR":"10","QG":"10","73":"10","PH":"10","PV":"10","X2":"10","8C":"10","MQ":"10","F4":"10","MX":"10","PM":"10","84":"10","JM":"10","92":"10","C9":"10","RX":"10","QX":"10","C8":"10","94":"10","V3":"10","62":"10","RR":"10","X4":"10"}},"VH":{"JH":{"49":"10"}},"QJ":{"3C":{"74":"3","63":"3|10","84":"3|10","73":"3","62":"3","75":"3","72":"3","85":"3|10"},"GQ":{"3V":"10"},"39":{"7V":"10","8V":"10","8R":"10","8Q":"10","7P":"10","6H":"10","7R":"10","8P":"10"},"FR":{"Q3":"10","P3":"10","R3":"10","Q4":"10","Q5":"10"},"FQ":{"F9":"10"}}},"index":{"university,1|retail,2|tourism,3|wreck,4|historical,5|artsCulture,6|namedBuilding,7|water,8|wetland,9|park,10|beach,11|natureReserve,12|cemetery,13|trail,14":{}}}