{"index":{"university,1|retail,2|tourism,3|wreck,4|historical,5|artsCulture,6|namedBuilding,7|water,8|wetland,9|park,10|beach,11|natureReserve,12|cemetery,13|trail,14":{}},"4F":{"QX":{"CQ":{"56":"10","46":"10"},"6W":{"Q7":"10"},"HF":{"63":"10","54":"10","53":"10","64":"10"},"Q5":{"CW":"10"},"H5":{"QF":"10","Q6":"10","QP":"10","Q7":"10","QM":"10","R6":"10","QG":"10"},"M2":{"6P":"10","5P":"10"},"QC":{"CC":"10"},"J6":{"5F":"10"},"FC":{"66":"10"},"RW":{"X9":"10","X8":"10","X7":"10","X6":"10"},"H6":{"HV":"10","JV":"10","MM":"10","MP":"10","PV":"10","QR":"10","HQ":"10","QV":"10","MR":"10"},"R3":{"7X":"10"},"VW":{"28":"10","26":"10","27":"10","29":"10"}},"VV":{"2W":{"3R":"10"}},"QW":{"V8":{"6F":"10","6G":"10","6H":"10","5G":"10","6P":"10","6M":"10","5H":"10"},"XG":{"P9":"10","3G":"10","X9":"10","C9":"10","H3":"10","H4":"10","X8":"10","M7":"10","F8":"10","H5":"10","GC":"10","G3":"10","M2":"10","6F":"10","F9":"10","C8":"10","6C":"10","G4":"10","G5":"10","M4":"10","M5":"10","G9":"10"},"WH":{"JP":"10","H4":"10","F5":"10","J9":"10","F4":"10","GC":"10","HC":"10","MJ":"10","G4":"10","G5":"10","74":"10","H9":"10","J6":"10","G2":"10","J3":"10","GP":"10","JF":"10","H2":"10","F3":"10","XW":"10","FJ":"10","H5":"10","G8":"10","M9":"10","MC":"10","FM":"10","WW":"10","HR":"10","JJ":"10","G3":"10","J4":"10","MF":"10","F2":"10","J7":"10","GH":"10","G7":"10","JQ":"10","JM":"10","MM":"10","FH":"10","H7":"10","G9":"10","HQ":"10","J8":"10","GJ":"10","J5":"10","G6":"10","GQ":"10","JC":"10","H3":"10","GM":"10","H6":"10"},"MX":{"9R":"10","9V":"10","CV":"10"},"WJ":{"MG":"10","R2":"10","JG":"10","P5":"10","J4":"10","VR":"10","QR":"10","QH":"10","Q2":"10","VC":"10","QF":"10","RF":"10","MJ":"10","G8":"10","WJ":"10","R3":"10","QP":"10","VM":"10","MP":"10","QJ":"10","QQ":"10","R6":"10","RJ":"10","GC":"10","XJ":"10","QM":"10","PJ":"10","RH":"10","RC":"10","XG":"10","X2":"10","Q6":"10","J3":"10","VG":"10","Q5":"10","G9":"10","VJ":"10","V3":"10","P6":"10"},"XP":{"PC":"10","R7":"10","R2":"10","P8":"10","RF":"10","Q7":"10","P9":"10","45":"10","MH":"10","V9":"10","MG":"10","H8":"10","MF":"10","QF":"10","RJ":"10","VC":"10","PJ":"10","VG":"10","J8":"10","M8":"10","WF":"10","W8":"10"},"XJ":{"79":"10","QH":"10","VQ":"10","4M":"10","MJ":"10","43":"10","VM":"10","42":"10","G4":"10","36":"10","57":"10","7C":"10","74":"10","44":"10","Q8":"10","83":"10","7F":"10","2G":"10","F3":"10","72":"10","VP":"10","RP":"10","P3":"10","RQ":"10","RJ":"10","22":"10","32":"10","RM":"10","6H":"10","C9":"10","HH":"10","PF":"10","54":"10","75":"10","3F":"10","PG":"10","63":"10","73":"10","65":"10","55":"10"},"WR":{"HX":"10","9R":"10","FX":"10","55":"10","GP":"10","6C":"10","HG":"10","58":"10","JH":"10","MW":"10","JQ":"10","2M":"10","6W":"10","7C":"10","75":"10","56":"10","PW":"10","QH":"10","2Q":"10","7W":"10","VC":"10","9V":"10","69":"10","79":"10","77":"10","HM":"10","FV":"10","RF":"10","7P":"10","QV":"10","HH":"10","CV":"10","GQ":"10","FJ":"10","7X":"10","47":"10","JJ":"10","78":"10","CW":"10","8V":"10","68":"10","57":"10","7Q":"10","PX":"10","CJ":"10","2R":"10","67":"10","VH":"10","88":"10","FP":"10","2J":"10","48":"10","66":"10","GX":"10","HW":"10","86":"10","GR":"10","GV":"10","CP":"10","59":"10","HQ":"10","GW":"10","RH":"10","RC":"10","HV":"10","FQ":"10","MV":"10","P9":"10","QG":"10","PH":"10","PV":"10","8C":"10","65":"10","VF":"10","MX":"10","PG":"10","FW":"10","87":"10","GJ":"10","8W":"10","6X":"10","76":"10","HJ":"10","HR":"10","6Q":"10","FH":"10","49":"10","6F":"10"},"WQ":{"VQ":"10","R8":"10"},"V9":{"HX":"10","FX":"10","JV":"10","WV":"10","7G":"10","GX":"10","FW":"10","CP":"10","9P":"10","HW":"10","WW":"10","GW":"10"},"WG":{"Q3":"10","GW":"10","W5":"10","8Q":"10","HW":"10","7R":"10","R4":"10","GX":"10","X5":"10","8R":"10","FX":"10","CX":"10","R3":"10","FW":"10","JM":"10","PH":"10","PJ":"10","PF":"10","7Q":"10","Q4":"10","HX":"10","9R":"10"},"WV":{"P2":"10","C5":"10","HF":"10","GC":"10","F8":"10","25":"10","23":"10","43":"10","42":"10","33":"10","2F":"10","35":"10","9G":"10","83":"10","9C":"10","84":"10","Q6":"10","26":"10","34":"10","C6":"10","9F":"10","P3":"10","99":"10","QF":"10","22":"10","GF":"10","M2":"10","8C":"10","C9":"10","F9":"10","PF":"10","FR":"10","G9":"10","M3":"10","24":"10","P6":"10","89":"10"},"XF":{"G6":"10","6C":"10","58":"10","6G":"10","F5":"10","H8":"10","9C":"10","V7":"10","54":"10","9H":"10","4H":"10","5C":"10","C4":"10","6J":"10","M5":"10","56":"10","89":"10","6P":"10","5F":"10","J5":"10","99":"10","32":"10","4J":"10","77":"10","QF":"10","WG":"10","F3":"10","J8":"10","G8":"10","6M":"10","HH":"10","G5":"10","C5":"10","M6":"10","W8":"10","68":"10","PF":"10","57":"10","36":"10","93":"10","CJ":"10","63":"10","J7":"10","X3":"10","67":"10","V8":"10","5G":"10","M8":"10","H7":"10","W7":"10","64":"10","V5":"10","48":"10","C3":"10","82":"10","4G":"10","RJ":"10","66":"10","83":"10","95":"10","86":"10","72":"10","GV":"10","34":"10","4F":"10","RC":"10","45":"10","HV":"10","W3":"10","QC":"10","22":"10","M4":"10","G4":"10","33":"10","CM":"10","J6":"10","73":"10","85":"10","23":"10","XX":"10","X2":"10","8H":"10","44":"10","65":"10","F4":"10","VG":"10","7M":"10","84":"10","PG":"10","92":"10","87":"10","43":"10","GJ":"10","W2":"10","GH":"10","24":"10","HJ":"10","94":"10","HR":"10","49":"10","X4":"10","6F":"10","M7":"10"},"XM":{"C5":"10","HF":"10","53":"10","6P":"10","C8":"10","HC":"10","9H":"10","MJ":"10","5Q":"10","3P":"10","7C":"10","74":"10","6M":"10","76":"10","98":"10","QM":"10","5C":"10","97":"10","G8":"10","26":"10","C7":"10","49":"10","9F":"10","P3":"10","99":"10","H7":"10","F9":"10","77":"10","47":"10","54":"10","75":"10","3W":"10","73":"10","V2":"10","93":"10"},"XR":{"37":"10","26":"10","36":"10","G3":"10","27":"10","G4":"10"},"VW":{"H3":"10"},"WM":{"V6":"10","MP":"10","R8":"10","QP":"10","X6":"10","V9":"10","QC":"10","WQ":"10","QR":"10","VC":"10","XJ":"10","WX":"10","WC":"10","RH":"10","PP":"10"},"XC":{"2J":"10","PJ":"10","FV":"10","6W":"10","C9":"10","PF":"10","4P":"10","GV":"10","PG":"10","5X":"10","99":"10","MW":"10","3P":"10","98":"10","MX":"10","4X":"10","PV":"10","RQ":"10","2M":"10","JP":"10","GR":"10","C8":"10","2F":"10","2X":"10","2Q":"10","PH":"10","JM":"10","JX":"10","6X":"10","JW":"10","GW":"10"},"VC":{"FX":"10","9G":"10","9F":"10","CC":"10","CG":"10","5J":"10","GX":"10","FG":"10","8H":"10","9M":"10","CF":"10","8C":"10","G2":"10","8M":"10","7H":"10","9J":"10","9C":"10"},"WC":{"9Q":"10","WH":"10","GW":"10","CM":"10","VQ":"10","VM":"10","WJ":"10","XP":"10","XJ":"10","9P":"10","WR":"10","GX":"10","WQ":"10","WG":"10","WV":"10","VP":"10","RP":"10","XM":"10","VH":"10","FX":"10","RJ":"10","VJ":"10","CP":"10","WM":"10","RM":"10","QW":"10","WP":"10","XH":"10","QV":"10","VR":"10"},"RV":{"W7":"10","WJ":"10","X8":"10","XJ":"10","WH":"10","WM":"10","VH":"10"},"VF":{"XJ":"10","XG":"10","XM":"10","XH":"10","V9":"10","X9":"10","R8":"10","XC":"10","R9":"10","WC":"10","WG":"10","F2":"10","G2":"10","VF":"10","V8":"10","W9":"10","XF":"10","WF":"10"},"VV":{"VQ":"10","VP":"10","V2":"10","RP":"10","VM":"10","RM":"10","JM":"10"},"XH":{"MH":"10","HX":"10","FV":"10","FQ":"10","VF":"10","C9":"10","QW":"10","FM":"10","3X":"10","WF":"10","GV":"10","RP":"10","HF":"10","9V":"10","PC":"10","4X":"10","QF":"10","4W":"10","RQ":"10","QG":"10","FH":"10","QC":"10","RJ":"10","JR":"10","C8":"10","CM":"10","R9":"10","HR":"10","RW":"10","CV":"10","8M":"10","VH":"10","MG":"10"},"VR":{"PV":"10","WX":"10","5X":"10","RW":"10","PR":"10","XP":"10","XJ":"10","RF":"10","GP":"3","QM":"10","WQ":"10","HM":"3","XX":"10","PW":"10","FM":"3","XQ":"10","XC":"10","QJ":"10","QW":"10","JQ":"10","X7":"10","RV":"10","PH":"10","FP":"3","WP":"10","VG":"10","JR":"10","QV":"10","RR":"10","QR":"10","GM":"3","W8":"10","X9":"10","X8":"10"},"WF":{"39":"10","F6":"10","GP":"10","H3":"10","6C":"10","MH":"10","58":"10","J4":"10","V7":"10","5M":"10","5C":"10","C4":"10","GF":"10","2M":"10","7C":"10","Q3":"10","Q9":"10","FM":"10","CQ":"10","C2":"10","W6":"10","Q2":"10","5F":"10","HC":"10","69":"10","4J":"10","MC":"10","HM":"10","WG":"10","F3":"10","HF":"10","WF":"10","G2":"10","3M":"10","7P":"10","HH":"10","FJ":"10","3C":"10","CG":"10","2C":"10","68":"10","PF":"10","7Q":"10","93":"10","H2":"10","CJ":"10","MP":"10","67":"10","GG":"10","J2":"10","W7":"10","64":"10","H4":"10","2J":"10","48":"10","29":"10","C3":"10","4G":"10","GC":"10","66":"10","G3":"10","GR":"10","8Q":"10","M3":"10","CP":"10","59":"10","4M":"10","3J":"10","HQ":"10","7F":"10","W3":"10","QC":"10","HP":"10","Q8":"10","G4":"10","CM":"10","P2":"10","GM":"10","P3":"10","H9":"10","MQ":"10","VF":"10","J3":"10","7G":"10","VG":"10","W2":"10","76":"10","GH":"10","F2":"10","2F":"10","V6":"10","49":"10","6F":"10"},"W8":{"WR":"10","VV":"10","VR":"10","VW":"10"},"X8":{"8W":"10","7W":"10","7X":"10"},"X9":{"45":"10","84":"10","55":"10","G7":"10","94":"10","46":"10","56":"10","G8":"10","H8":"10","93":"10","C4":"10"}},"VX":{"33":{"5C":"10"},"G7":{"69":"10","6C":"10"}},"RX":{"9C":{"5P":"10","F8":"10","C8":"10","4M":"10","8X":"10","3P":"10","7R":"10","7V":"10","3M":"10","2P":"10","8R":"10","4R":"10","C7":"10","5M":"10","8V":"10","9V":"10","4V":"10","2M":"10","9R":"10","2Q":"10"},"8F":{"X3":"10","R3":"10","V2":"10","R2":"10","X4":"10","Q5":"10","V3":"10"},"8C":{"XP":"10"},"9F":{"C4":"10","F3":"10","82":"10","C5":"10","C3":"10","F6":"10","C6":"10","93":"10","H2":"10"},"CC":{"9C":"10","97":"10","86":"10","98":"10","96":"10","8C":"10","88":"10","78":"10","77":"10","C8":"10","99":"10","87":"10","89":"10","C9":"10","C7":"10"},"3V":{"JG":"10"},"82":{"W6":"10"},"92":{"63":"10","54":"10","26":"10","64":"10","27":"10"},"5V":{"VG":"10","WH":"10","VH":"10","WG":"10"},"6V":{"2J":"10","2M":"10"},"34":{"MF":"10","R9":"10","PF":"10"}},"RV":{"XW":{"XX":"10"}},"RW":{"39":{"XX":"10|3","VV":"10","MV":"10","QW":"10","QQ":"10","PV":"10","VX":"10","RQ":"10","RV":"10","QR":"10","JR":"10","QV":"10","RR":"10","JM":"10","HR":"10","RW":"10","7X":"10","6X":"10","WX":"10|3","VW":"10","3M":"10","PP":"10"},"GP":{"WG":"10","MH":"10","Q2":"10","XC":"10","QP":"10","Q3":"10","QQ":"10","XF":"10","Q4":"10"},"6G":{"25":"10","24":"10"},"3H":{"9R":"10","6R":"10","6C":"10","R2":"10","3Q":"10","XV":"10","FG":"10","HG":"10","9P":"10","6G":"10","P5":"10","5M":"10","2G":"10","GF":"10","6W":"10","89":"10","42":"10","5R":"10","CQ":"10","W6":"10","HC":"10","69":"10","CC":"10","79":"10","WG":"10","WH":"10","HH":"10","CV":"10","FJ":"10","9X":"10","XP":"10","36":"10","5H":"10","V8":"10","8M":"10","37":"10","HW":"10","8Q":"10","M3":"10","GV":"10","XR":"10","JV":"10","8G":"10","4F":"10","F9":"10","7F":"10","RH":"10","HV":"10","XF":"10","3R":"10","FF":"10","8C":"10","27":"10","8F":"10","6X":"10","9Q":"10","6Q":"10","JF":"10","49":"10","6F":"10","M7":"10"},"4V":{"23":"10","24":"10"},"5J":{"4X":"10","HH":"10","3X":"10","CW":"10","2R":"10","GJ":"10","HJ":"10"},"5M":{"Q3":"10","HF":"10","F4":"10","GC":"10","5X":"10","25":"10","HC":"10","GG":"10","3J":"10","8X":"10","7X":"10","42":"10","36":"10","3P":"10","33":"10","7V":"10","35":"10","6G":"10","JF":"10","2P":"10","6X":"10","8F":"10","26":"10","34":"10","3Q":"10","MC":"10","FF":"10","37":"10","27":"10","99":"10","HG":"10","5J":"10","2R":"10","32":"10","2V":"10","GH":"10","6H":"10","5G":"10","FW":"10","C9":"10","HH":"10","FH":"10","G9":"10","2M":"10","3R":"10","FV":"10","4G":"10","5H":"10","FG":"10","FC":"10","CF":"10","73":"10","JC":"10","2J":"10","CG":"10","2Q":"10"},"2G":{"C5":"10","XG":"10","WH":"10","F5":"10","53":"10","QH":"10","23":"10","4M":"10","82":"10","CW":"10","43":"10","92":"10","G4":"10","33":"10","44":"10","RF":"10","6M":"10","CR":"10","Q6":"10","XX":"10","97":"10","34":"10","R6":"10","WV":"10","F6":"10","5M":"10","C6":"10","HR":"10","XM":"10","P3":"10","3C":"10","QF":"10","FX":"10","RJ":"10","RH":"10","X4":"10","95":"10","5J":"10","CX":"10","32":"10","4J":"10","C4":"10","QJ":"10","M4":"10","HH":"10","F9":"10","FP":"10","QG":"10","FR":"10","VF":"10","FV":"10","PM":"10","HQ":"10","JR":"10","94":"10","GR":"10","24":"10","P6":"10","RG":"10","GV":"10","93":"10","P7":"10","C3":"10","GM":"10"},"4H":{"F6":"10","6R":"10","97":"10","6C":"10","R2":"10","5W":"10","3Q":"10","98":"10","9P":"10","F5":"10","JC":"10","H8":"10","9C":"10","8P":"10","5M":"10","9H":"10","C4":"10","7R":"10","6W":"10","H6":"10","75":"10","Q3":"10","89":"10","5Q":"10","6P":"10","5R":"10","QH":"10","P4":"10","7W":"10","5F":"10","99":"10","HC":"10","J8":"10","MJ":"10","7P":"10","6M":"10","G7":"10","3X":"10","JJ":"10","C5":"10","78":"10","4W":"10","9G":"10","93":"10","2R":"10","J2":"10","5G":"10","M8":"10","H7":"10","88":"10","2P":"10","64":"10","Q4":"10","MM":"10","7V":"10","95":"10","8Q":"10","M3":"10","8G":"10","9J":"10","4X":"10","J9":"10","3V":"10","M4":"10","3R":"10","85":"10","PH":"10","23":"10","5P":"10","P2":"10","8C":"10","8H":"10","P3":"10","H9":"10","Q6":"10","J3":"10","F4":"10","84":"10","3W":"10","JM":"10","GJ":"10","6X":"10","CH":"10","GH":"10","C9":"10","C8":"10","94":"10","9Q":"10","6Q":"10","FH":"10","P6":"10","6F":"10"},"6W":{"PC":"10"},"2M":{"PC":"10","R2":"10","WH":"10","F4":"10","82":"10","VM":"10","8X":"10","QC":"10","7V":"10","83":"10","CR":"10","GP":"10","HM":"10","V6":"10","WG":"10","Q9":"10","72":"10","8V":"10","P3":"10","V3":"10","X2":"10","QJ":"10","PG":"10","73":"10","V2":"10","H6":"10"},"6P":{"99":"10"},"5Q":{"CX":"10","F7":"10","C7":"10"},"5R":{"22":"10"},"7W":{"8W":"10","7W":"10","8R":"10","8V":"10","7V":"10","7R":"10"},"5F":{"V8":"10","GW":"10","WX":"10","VQ":"10","CW":"10","QQ":"10","RW":"10","PR":"10","7X":"10","QX":"10","MP":"10","RX":"10","VX":"10","9W":"10","WR":"10","GX":"10","WQ":"10","XV":"10","XX":"10","MH":"10","V9":"10","PQ":"10","WV":"10","MG":"10","8W":"10","VP":"10","RP":"10","8V":"10","RQ":"10","QF":"10","FX":"10","JH":"10","VW":"10","XR":"10","CX":"10","9V":"10","XQ":"10","GH":"10","JG":"10","W9":"10","FW":"10","RV":"10","MM":"10","PH":"10","QG":"10","WP":"10","MR":"10","FV":"10","VV":"10","MQ":"10","QV":"10","VR":"10","9R":"10","RR":"10","QR":"10","W8":"10"},"3G":{"F7":"10","6C":"10","44":"10","2M":"10","P3":"10","XX":"10","V7":"10","5M":"10","67":"10","C4":"10","V6":"10","Q7":"10","66":"10","V9":"10","5P":"10","82":"10","5F":"10","WP":"10","78":"10","3J":"10","XV":"10","G7":"10","F8":"10","V8":"10","W6":"10","R4":"10","4P":"10","42":"10","C8":"10","C6":"10","69":"10","VC":"10","34":"10","88":"10","3M":"10","HJ":"10","W5":"10","F6":"10","75":"10","3X":"10","WX":"10","5H":"10","98":"10","62":"10","V4":"10","P7":"10","W8":"10","F5":"10","64":"10","84":"10","G8":"10","5R":"10","74":"10","54":"10","3C":"10","R3":"10","F9":"10","73":"10","C9":"10","97":"10","J3":"10","92":"10","53":"10","WV":"10","V5":"10","93":"10","XW":"10","94":"10","96":"10","G4":"10","Q9":"10","85":"10","58":"10","95":"10","3V":"10","5J":"10","4X":"10","PW":"10","79":"10","C7":"10","4Q":"10","RX":"10","XP":"10","G6":"10","4M":"10","63":"10","C3":"10","C5":"10","2G":"10","M5":"10","F4":"10","G5":"10","83":"10","WW":"10","52":"10"},"4R":{"2X":"10","2W":"10","GC":"10"},"CF":{"HX":"10","MV":"10","JH":"10","HP":"10","MW":"10","JJ":"10","JM":"10","HJ":"10"},"69":{"2G":"10","39":"10","3F":"10","49":"10","4C":"10","2C":"10","5C":"10","2F":"10","58":"10","59":"10","3C":"10","48":"10"},"4J":{"F6":"10","JP":"10","3Q":"10","QW":"10","6G":"10","3H":"10","5J":"10","2G":"10","PP":"10","4H":"10","5C":"10","MW":"10","6J":"10","7C":"10","75":"10","Q3":"10","56":"10","4Q":"10","5F":"10","3G":"10","32":"10","69":"10","79":"10","77":"10","C6":"10","6H":"10","G5":"10","8X":"10","7X":"10","47":"10","C5":"10","78":"10","QP":"10","JW":"10","68":"10","57":"10","VM":"10","36":"10","46":"10","5H":"10","67":"10","5G":"10","R5":"10","37":"10","R6":"10","4G":"10","66":"10","QM":"10","FR":"10","GV":"10","59":"10","3J":"10","4F":"10","HQ":"10","W3":"10","F7":"10","22":"10","73":"10","85":"10","23":"10","3F":"10","PM":"10","3W":"10","4C":"10","2H":"10","94":"10","2F":"10","V6":"10","V3":"10","6Q":"10","38":"10","6F":"10"},"4P":{"C5":"10","53":"10","25":"10","23":"10","56":"10","82":"10","92":"10","42":"10","36":"10","X3":"10","33":"10","44":"10","35":"10","XJ":"10","84":"10","45":"10","88":"10","26":"10","34":"10","W4":"10","V5":"10","J2":"10","46":"10","95":"10","22":"10","32":"10","C4":"10","X2":"10","M2":"10","54":"10","94":"10","24":"10","XH":"10","VR":"10","65":"10","93":"10","C3":"10","89":"10","55":"10"},"3M":{"53":"10","6P":"10","2H":"10","QH":"10","9H":"10","43":"10","8X":"10","7X":"10","52":"10","42":"10","R5":"10","V7":"10","3H":"10","7P":"10","Q5":"10","CH":"10","6M":"10","9C":"10","QM":"10","CJ":"10","V6":"10","H5":"10","XX":"10","G8":"10","M9":"10","5V":"10","8W":"10","9X":"10","22":"10","32":"10","3X":"10","QJ":"10","M2":"10","M4":"10","PJ":"10","54":"10","7Q":"10","Q4":"10","PM":"10","78":"10","7M":"10","W2":"10","J5":"10","8P":"10"},"7X":{"2C":"10","2F":"10","35":"10","29":"10","2G":"10","5C":"10","38":"10","87":"10","3G":"10","28":"10","97":"10","49":"10","59":"10","5F":"10","4C":"10","3C":"10","48":"10","46":"10","4F":"10","39":"10","67":"10","68":"10","3F":"10"},"3X":{"H3":"10","H2":"10"},"9X":{"6X":"10","6W":"10"},"3C":{"PC":"10","9Q":"10","C5":"10","P8":"10","6C":"10","79":"10","W3":"10","CM":"10","CW":"10","8G":"10","8X":"10","7X":"10","7H":"10","57":"10","QC":"10","7C":"10","74":"10","HJ":"10","9G":"10","9W":"10","83":"10","7F":"10","CR":"10","9P":"10","76":"5|10","6G":"10","84":"10","5C":"10","38":"10","JF":"10","87":"10","8R":"10","86":"10","V9":"10","8F":"10","MC":"10","66":"5","72":"10","49":"10","JJ":"10","59":"10","4C":"10","6F":"10","99":"10","MF":"10","48":"10","62":"10","J7":"10","X4":"10","CX":"10","9V":"10","V3":"10","C4":"10","VC":"10","X2":"10","JG":"10","6H":"10","39":"10","W9":"10","FW":"10","8C":"10","C9":"10","67":"5","69":"10","H7":"10","77":"5|10","PF":"10","CQ":"10","5H":"10","8H":"10","58":"10","W2":"10","GJ":"10","73":"10","65":"5","V2":"10","C3":"10","9R":"10","7W":"10","GM":"10","V4":"10","7G":"10"},"CG":{"8C":"10","H2":"10"},"2C":{"7M":"10","5J":"10","8Q":"10","5H":"10","7J":"10","7Q":"10","7P":"10","6Q":"10","7R":"10","6P":"10","6R":"10"},"2R":{"FJ":"10"},"5H":{"63":"10","52":"10","53":"10","33":"10","34":"10","62":"10"},"5G":{"97":"10","H3":"10","R2":"10","98":"10","P5":"10","H8":"10","V2":"10","C4":"10","9W":"10","75":"10","Q3":"10","89":"10","C2":"10","P4":"10","Q2":"10","99":"10","P7":"10","J8":"10","8X":"10","3X":"10","9X":"10","C5":"10","M6":"10","W8":"10","8V":"10","93":"10","V8":"10","R5":"10","M8":"10","96":"10","W9":"10","V9":"10","Q4":"10","C3":"10","74":"10","82":"10","83":"10","P8":"10","95":"10","J9":"10","Q8":"10","V4":"10","85":"10","8C":"10","P3":"10","Q6":"10","J3":"10","84":"10","Q5":"10","R4":"10","92":"10","8W":"10","6X":"10","94":"10","V3":"10","5X":"10","P6":"10","M7":"10"},"2P":{"C2":"10","24":"10","43":"10","46":"10","37":"10","56":"10","2F":"10","58":"10","75":"10","34":"10","36":"10","26":"10","87":"10","3C":"10"},"2V":{"83":"10","X5":"10","X4":"10","X7":"10"},"2J":{"6J":"10","8X":"10","MP":"10","7V":"10","XJ":"10","VX":"10","9W":"10","7P":"10","8R":"10","PQ":"10","RP":"10","RQ":"10","FX":"10","9J":"10","5J":"10","32":"10","CX":"10","RM":"10","X7":"10","WP":"10","PM":"10","XH":"10","4H":"10","X8":"10"},"3P":{"22":"10","62":"10","42":"10","53":"10","72":"10","52":"10","X5":"10"},"29":{"WG":"10","WJ":"10","XH":"10","QH":"10","RM":"10","XJ":"10","RF":"10","WH":"10","VM":"10","VJ":"10","VH":"10","QJ":"10"},"4G":{"VX":"10","HX":"10","FX":"10","97":"10","55":"10","GP":"10","3Q":"10","98":"10","JR":"10","VR":"10","Q3":"10","75":"10","9M":"10","56":"10","52":"10","4Q":"10","FM":"10","79":"10","XQ":"10","FV":"10","RQ":"10","G2":"10","CV":"10","R3":"10","GQ":"10","FJ":"10","XP":"10","CW":"10","93":"10","WP":"10","H2":"10","CJ":"10","FP":"10","96":"10","74":"10","82":"10","GX":"10","HW":"10","83":"10","86":"10","GR":"10","FR":"10","GV":"10","CP":"10","JV":"10","HQ":"10","GW":"10","CR":"10","HV":"10","VQ":"10","CM":"10","85":"10","WQ":"10","GM":"10","P3":"10","8F":"10","J3":"10","F4":"10","84":"10","2X":"10","FW":"10","87":"10","GJ":"10","RX":"10","94":"10","HR":"10","RR":"10"},"59":{"XG":"10","WG":"10","XF":"10"},"4M":{"MG":"10","9R":"10","G6":"10","MH":"10","3Q":"10","JG":"10","W5":"10","P5":"10","9C":"10","R7":"10","JH":"10","4V":"10","MW":"10","GF":"10","XM":"10","QH":"10","2Q":"10","W6":"10","9V":"10","HC":"10","CF":"10","CC":"10","77":"10","MJ":"10","GQ":"10","CX":"10","3X":"10","9X":"10","4W":"10","JW":"10","CW":"10","WR":"10","8V":"10","9G":"10","PF":"10","2R":"10","GG":"10","9F":"10","2V":"10","MF":"10","GC":"10","HW":"10","7V":"10","GR":"10","M3":"10","FR":"10","72":"10","GV":"10","PJ":"10","8G":"10","F9":"10","7F":"10","HV":"10","FC":"10","F7":"10","MV":"10","3V":"10","X6":"10","2W":"10","73":"10","3R":"10","X5":"10","PH":"10","VV":"10","WQ":"10","8C":"10","H9":"10","MQ":"10","8F":"10","MX":"10","7G":"10","3W":"10","2X":"10","PG":"10","92":"10","8W":"10","C9":"10","G9":"10","F2":"10","HR":"10","JX":"10","6Q":"10","JF":"10"},"JV":{"8W":"10"},"3J":{"RM":"10","3H":"10","R7":"10","V7":"10","PP":"10","VR":"10","R8":"10","Q3":"10","56":"10","4Q":"10","Q2":"10","HM":"10","WG":"10","RQ":"10","4P":"10","WF":"10","R3":"10","RP":"10","4W":"10","3C":"10","QP":"10","2C":"10","PQ":"10","36":"10","V8":"10","R5":"10","V9":"10","V5":"10","QQ":"10","R6":"10","RV":"10","WX":"10","R9":"10","34":"10","59":"10","HQ":"10","XG":"10","VP":"10","VQ":"10","3V":"10","XF":"10","P2":"10","VV":"10","GM":"10","3F":"10","27":"10","J3":"10","3W":"10","2F":"10","HR":"10","V6":"10","RR":"10","X4":"10","6F":"10"},"4F":{"HX":"10","FV":"10","5W":"10","4Q":"10","5X":"10","8V":"10","GX":"10","8R":"10","8Q":"10","7Q":"10","3Q":"10","5P":"10","6Q":"10","5Q":"10","7R":"10","3V":"10","5V":"10","8P":"10","2R":"10","9R":"10","GW":"10"},"7F":{"X8":"10","33":"10"},"4X":{"RQ":"10","RP":"10","QP":"10","QQ":"10"},"HP":{"2G":"10","2H":"10"},"3V":{"9R":"10","G6":"10","55":"10","GP":"10","6C":"10","FG":"10","JR":"10","9P":"10","P5":"10","F5":"10","J4":"10","9H":"10","V2":"10","6J":"10","7C":"10","9M":"10","56":"10","42":"10","5Q":"10|1","6P":"10|1","CQ":"10","Q2":"10","J5":"10","99":"10","7J":"10","69":"10","H5":"10","79":"10","C6":"10","7P":"10","G5":"10","G7":"10","FJ":"10","C5":"10","9G":"10","68":"10","57":"10","7Q":"10","36":"10","93":"10","CJ":"10","X3":"10","67":"10","GG":"10","9F":"10","R5":"10","64":"10","96":"10","37":"10","H4":"10","74":"10","8R":"10","95":"10","8Q":"10","CP":"10","JV":"10","8G":"10","25":"10","7F":"10","CR":"10","HV":"10","W3":"10","5P":"1","X2":"10","GM":"10","8H":"10","65":"10","J3":"10","8F":"10","R4":"10","Q5":"10","87":"10","W2":"10","CH":"10","GH":"10","C9":"10","9Q":"10","HR":"10","V3":"10","6Q":"10|1","FH":"10","X4":"10","6F":"10"},"3R":{"4X":"10","XW":"10","VX":"10","WW":"10","WX":"10","XX":"10","JX":"10","VW":"10","2X":"10"},"FF":{"P8":"10","R8":"10","PH":"10","PF":"10","MM":"10","RF":"10"},"5P":{"88":"10","38":"10","45":"10","2H":"10","CC":"10","4F":"10","35":"10","39":"10","64":"10","98":"10","46":"10","2M":"10","65":"10","62":"10","C8":"10","89":"10","52":"10","36":"10","8P":"10","F2":"10","3C":"10","9C":"10"},"3F":{"6R":"10","GP":"10","C7":"10","5W":"10","RM":"10","6G":"10","4H":"10","6W":"10","5R":"10","C2":"10","69":"10","79":"10","77":"10","XQ":"10","3M":"10","6H":"10","7H":"10","4W":"10","XP":"10","63":"10","5H":"10","5G":"10","96":"10","C3":"10","74":"10","4G":"10","82":"10","95":"10","86":"10","72":"10","XR":"10","7F":"10","RH":"10","4X":"10","QG":"10","RG":"10","73":"10","8F":"10","7G":"10","PM":"10","92":"10","87":"10","6X":"10","76":"10","C8":"10","F2":"10","VJ":"10","62":"10","5X":"10"},"R4":{"4F":"10"},"8W":{"GR":"10"},"6X":{"WG":"10","23":"10","X9":"10","VF":"10","WJ":"10","PF":"10","XC":"10","WF":"10","VG":"10","XH":"10","QH":"10","RG":"10","QF":"10","QG":"10","XF":"10","RJ":"10","XG":"10","VC":"10","W9":"10","RF":"10","WH":"10","VJ":"10","VH":"10","WC":"10","RH":"10"},"2H":{"MG":"10","C7":"10","6V":"10","R2":"10","5W":"10","XH":"10","JR":"10","R7":"10","V7":"10","2G":"10","V2":"10","F8":"10","GF":"10","5V":"10","6W":"10","4Q":"10","C2":"10","5F":"10","HC":"10","WG":"10","F3":"10","PC":"10","WH":"10","C6":"10","3X":"10","47":"10","3C":"10","XP":"10","X9":"10","WR":"10","2C":"10","VM":"10","WP":"10","5G":"10","M8":"10","W9":"10","82":"10","GC":"10","95":"10","34":"10","35":"10","JV":"10","RC":"10","W3":"10","VP":"10","Q8":"10","X6":"10","3R":"10","8C":"10","WQ":"10","F4":"10","W2":"10","94":"10","F2":"10","HR":"10","V6":"10"},"C9":{"86":"10","76":"10","66":"10"},"2F":{"MG":"10","GP":"10","XH":"10","HG":"10","6G":"10","54":"10","2G":"10","9H":"10","C4":"10","9W":"10","7C":"10","XM":"10","QH":"10","5F":"10","3G":"10","32":"10","69":"10","4J":"10","CC":"10","79":"10","77":"10","C6":"10","WF":"10","G2":"10","7P":"10","VW":"10","QV":"10","HH":"10","CV":"10","CX":"10","3X":"10","9X":"10","C5":"10","78":"10","4W":"10","X9":"10","JW":"10","CW":"10","68":"10","93":"10","H2":"10","67":"10","GG":"10","96":"10","29":"10","C3":"10","HW":"10","WC":"10","72":"10","34":"10","HQ":"10","XG":"10","HP":"10","VP":"10","XF":"10","22":"10","QG":"10","33":"10","CM":"10","73":"10","PH":"10","23":"10","8H":"10","8F":"10","7G":"10","7M":"10","3W":"10","2X":"10","PG":"10","92":"10","GJ":"10","RW":"10","GH":"10","C9":"10","QX":"10","94":"10","5X":"10"},"5X":{"X9":"10","R8":"10","XC":"10","MC":"10","R9":"10"},"6F":{"2W":"10","6J":"10","56":"10","57":"10","3H":"10","76":"10","3V":"10","4R":"10","66":"10","2R":"10","2V":"10","4J":"10","67":"10","4V":"10","3R":"10","5H":"10","4P":"10","4H":"10","55":"10","2Q":"10"}},"WX":{"GQ":{"MJ":"10"}},"WW":{"5Q":{"RM":"10"},"66":{"WH":"10","VH":"10"}},"VW":{"3Q":{"V8":"10"},"9W":{"CW":"10"}}}}