{"index":{"university,1|retail,2|tourism,3|wreck,4|historical,5|artsCulture,6|namedBuilding,7|water,8|wetland,9|park,10|beach,11|natureReserve,12|cemetery,13|trail,14":{}},"4G":{"Q3":{"JC":{"P8":"10","J9":"10","F9":"10","M9":"10","M8":"10"},"MC":{"F9":"10"}},"R7":{"6C":{"G6":"10","3Q":"10","XC":"10","XH":"10","W5":"10","H8":"10","J4":"10","V2":"10","F8":"10","Q3":"10","4Q":"10","P4":"10","W6":"10","Q2":"10","VC":"10","CF":"10","CC":"10","WG":"10","J8":"10","WH":"10","WF":"10","G8":"10","G7":"10","R3":"10","X9":"10","9F":"10","VH":"10","H7":"10","2P":"10","W9":"10","2V":"10","V5":"10","WC":"10","M3":"10","F9":"10","XG":"10","FC":"10","F7":"10","J9":"10","3V":"10","XF":"10","X6":"10","M4":"10","2W":"10","3R":"10","X5":"10","P2":"10","P3":"10","H9":"10","VF":"10","VG":"10","X8":"10","2X":"10","W2":"10","X7":"10","C9":"10"},"2H":{"XW":"10","F6":"10","GP":"10","6C":"10","XV":"10","QW":"10","W5":"10","6G":"10","4V":"10","F8":"10","R8":"10","7C":"10","XM":"10","PW":"10","4Q":"10","5Q":"10","5R":"10","32":"10","4R":"10","69":"10","79":"10","77":"10","HM":"10","VW":"10","78":"10","XP":"10","WR":"10","W8":"10","PX":"10","WP":"10","88":"10","64":"10","W9":"10","V9":"10","XJ":"10","PJ":"10","XR":"10","8G":"10","7F":"10","HP":"10","X6":"10","X5":"10","PH":"10","PV":"10","XX":"10","X2":"10","WQ":"10","GM":"10","8C":"10","8F":"10","7G":"10","87":"10","6F":"10"},"79":{"6C":"10"},"6J":{"28":"10","38":"10","29":"10","24":"10"},"3J":{"W3":"10","V2":"10","G2":"10","V3":"10"},"2F":{"PF":"10","JV":"10","MW":"10","PC":"10","GQ":"10","MX":"10","RM":"10","RJ":"10","JR":"10","HQ":"10","HR":"10","JX":"10","MR":"10","JW":"10"},"7C":{"88":"10","68":"10","64":"10","98":"10","67":"10","57":"10","78":"10","97":"10","65":"10","2C":"10","29":"10","56":"10","69":"10","27":"10","26":"10","28":"10","77":"10","66":"10"},"3H":{"53":"10","2W":"10","43":"10","42":"10","G4":"10","33":"10","VX":"10","3M":"10","J3":"10","3V":"10","2P":"10","H2":"10","87":"10","XW":"10","28":"10","XX":"10","49":"10","2X":"10","J2":"10","4W":"10","2R":"10","32":"10","2V":"10","6R":"10","2M":"10","63":"10","3W":"10"},"H9":{"MH":"10","PH":"10","MG":"10","PG":"10"},"2G":{"V3":"10","P5":"10","2P":"10","MC":"10","X8":"10","2M":"10","XX":"10","7X":"10","M8":"10","5P":"10","XF":"10","5F":"10","M6":"10","FG":"10","6P":"10","8W":"10","PC":"10","9W":"10","7P":"10","R4":"10","6M":"10","C8":"10","4W":"10","X2":"10","5X":"10","XH":"10","7M":"10","8Q":"10","G3":"10","7J":"10","4C":"10","WC":"10","3M":"10","F6":"10","Q5":"10","XR":"10","3X":"10","JC":"10","V4":"10","5Q":"10","J5":"10","6Q":"10","2Q":"10","6H":"10","7V":"10","F5":"10","P6":"10","4F":"10","P8":"10","9F":"10","X7":"10","R3":"10","X3":"10","8R":"10","XJ":"10","4V":"10","CC":"10","8P":"10","C9":"10","7W":"10","FF":"10","V5":"10","W9":"10","P9":"10","WR":"10","4X":"10","X4":"10","GX":"10","F3":"10","4Q":"10","6J":"10","CF":"10","X9":"10","4M":"10","7H":"10","GF":"10","M9":"10","J6":"10","5V":"10","M5":"10","F4":"10","5W":"10","FC":"10","CG":"10","5C":"10"},"5C":{"WR":"10","XQ":"10","XW":"10","XP":"10","XR":"10","XX":"10","WQ":"10","G2":"10"},"3G":{"CX":"10","23":"10","88":"10","7W":"10","FQ":"10","79":"10","76":"10","HM":"10","7M":"10","86":"10","6W":"10","22":"10","55":"10","35":"10","4G":"10","68":"10","5J":"10","5M":"10","HJ":"10","54":"10","HG":"10","95":"10","GQ":"10","57":"10","96":"10","78":"10","24":"10","4W":"10","49":"10","4C":"10","7J":"10","9X":"10","65":"10","6F":"10","7P":"10","GR":"10","GP":"10","HH":"10","69":"10","58":"10","75":"10","59":"10","CV":"10","7X":"10","CW":"10","7H":"10","9J":"10","28":"10","85":"10","4V":"10","9W":"10","48":"10","47":"10","77":"10"},"45":{"3P":"10","4P":"10"},"59":{"MX":"10","9R":"10","9V":"10","7P":"10","VM":"10","GX":"10","CR":"10","CP":"10","CV":"10"},"5F":{"WG":"10","X9":"10","VV":"10","XC":"10","WF":"10","W5":"10","VP":"10","X8":"10","VR":"10","X6":"10","X3":"10","X7":"10","RV":"10","W6":"10","WH":"10","WM":"10","VM":"10","X5":"10","WC":"10","WP":"10"},"6F":{"3G":"10","4G":"10"},"5J":{"HM":"10","GM":"10","HJ":"10","Q5":"10","Q3":"10","P5":"10","X4":"10","P4":"10","P3":"10","X5":"10","Q4":"10","M4":"10"},"4J":{"W7":"10","W6":"10","43":"10"},"6H":{"7H":"10"},"4F":{"49":"10"},"5G":{"3Q":"10","6H":"10","3P":"10","6J":"10"},"69":{"2P":"10","VX":"10","RX":"10","2Q":"10","RW":"10","2R":"10","PX":"10"},"7Q":{"QX":"10"},"2M":{"C2":"10","6C":"10","25":"10","79":"10","56":"10","92":"10","42":"10","36":"10","7C":"10","44":"10","35":"10","87":"10","88":"10","26":"10","34":"10","37":"10","49":"10","85":"10","5F":"10","46":"10","22":"10","32":"10","68":"10","69":"10","77":"10","89":"10"},"3F":{"9G":"10","4P":"10","5X":"10","5H":"10","7J":"10","FH":"10","3J":"10","CH":"10","6C":"10","5G":"10","6X":"10","6J":"10"},"4G":{"88":"10","2H":"10","86":"10","98":"10","96":"10","97":"10","5C":"10","87":"10"},"5H":{"PF":"10"},"65":{"6H":"10","6J":"10"},"C3":{"Q6":"10","P6":"10"},"HP":{"4W":"10"},"4H":{"CX":"10","2P":"10","FX":"10","5W":"10","H3":"10","J2":"10","5X":"10","H2":"10","5P":"10","5Q":"10","2X":"10","2Q":"10"},"2J":{"97":"10","C7":"10","98":"10","FG":"10","P5":"10","9C":"10","J4":"10","9H":"10","F8":"10","M5":"10","Q9":"10","CQ":"10","P4":"10","J5":"10","99":"10","P7":"10","CF":"10","CC":"10","PC":"10","G8":"10","GQ":"10","3X":"10","9X":"10","CG":"10","M6":"10","CJ":"10","X3":"10","8M":"10","96":"10","P8":"10","95":"10","GR":"10","M3":"10","FR":"10","CP":"10","M2":"10","F9":"10","W3":"10","FQ":"10","QC":"10","F7":"10","P9":"10","M4":"10","J6":"10","2W":"10","FF":"10","P2":"10","X2":"10","P3":"10","J3":"10","3W":"10","2X":"10","Q5":"10","W2":"10","C9":"10","C8":"10"}},"V8":{"83":{"GP":"10","CQ":"10","CP":"10"},"6R":{"8W":"10","6W":"10","7W":"10","7X":"10","8V":"10","6V":"10","7V":"10"},"X7":{"Q7":"10","R6":"10"},"6V":{"92":"10"}},"R8":{"8J":{"WC":"10"},"MJ":{"M6":"10","J5":"10","M7":"10","G7":"10","F7":"10","H7":"10","F3":"10","H5":"10","J8":"10","J7":"10","G3":"10","F4":"10","J6":"10","G4":"10","G6":"10","H8":"10","H6":"10","G5":"10","F6":"10","F5":"10"},"HQ":{"C4":"10","F3":"10","92":"10","F2":"10","C3":"10","G3":"10","93":"10","F4":"10","C2":"10"},"PH":{"63":"10","77":"10","46":"10"},"MG":{"MC":"10","VF":"10","WJ":"10","HF":"10","PC":"10","VG":"10","JC":"10","QG":"10","QC":"10","M9":"10","JF":"10","HC":"10","VJ":"10","MF":"10"},"8M":{"9J":"10"},"PG":{"97":"10","5F":"10","2F":"10","96":"10","77":"10","75":"10","4W":"10"},"HP":{"CX":"10","FW":"10","9X":"10","CW":"10","FX":"10"},"CV":{"4P":"10"}},"R2":{"53":{"83":"10","82":"10","92":"10","93":"10"},"64":{"6C":"10","79":"10","3J":"10","8G":"10","7H":"10","3H":"10","87":"10","97":"10","86":"10","8F":"10","5J":"10","4J":"10","5G":"10","8C":"10","68":"10","4G":"10","5H":"10","78":"10","8H":"10","4H":"10","7G":"10"},"M2":{"6H":"10","5J":"10","5H":"10","6J":"10"}},"XG":{"JP":{"W9":"10"},"WV":{"G8":"10","FC":"10","RH":"10","RG":"10"},"6C":{"PV":"10"}},"R9":{"XW":{"H5":"10","VC":"10","J6":"10","P8":"10","P7":"10","W2":"10","X2":"10","VF":"10","RC":"10","J5":"10","RF":"10"},"XV":{"G3":"10","G4":"10"}},"R5":{"2C":{"8Q":"10"},"45":{"46":"10"},"2M":{"M2":"10"},"2V":{"HQ":"10"}},"V7":{"7H":{"FM":"10","FP":"10","CP":"10","CM":"10"}},"Q2":{"WR":{"94":"10","C4":"10"},"MX":{"28":"10","27":"10","29":"10"},"XH":{"XW":"10"},"52":{"PX":"10","F7":"10"},"XC":{"JX":"10"},"HV":{"H4":"10","H3":"10","G4":"10"},"JR":{"4R":"10"},"WX":{"37":"10"},"62":{"4X":"10"}},"Q5":{"X3":{"49":"10","23":"10","2X":"10"},"X9":{"4F":"10"},"X5":{"8X":"10"},"X2":{"8W":"10","9R":"10","9V":"10","CW":"10","7X":"10","CP":"10","8V":"10","2X":"10","CV":"10","9W":"10"},"XC":{"RC":"10"},"X7":{"4X":"10"},"W8":{"85":"10"}},"Q7":{"XG":{"XM":"10","WW":"10","WX":"10"},"XM":{"X5":"10","X6":"10","W7":"10","W6":"10"}},"R4":{"2H":{"38":"10"},"C6":{"PJ":"10","C4":"10","C5":"10","62":"10"},"3F":{"23":"10","38":"10","25":"10","35":"10","57":"10","24":"10","46":"10","37":"10","56":"10","58":"10","27":"10","34":"10","36":"10","48":"10","47":"10"},"C5":{"6X":"10","5Q":"10","5G":"10","4J":"10","5J":"10","4M":"10","5H":"10","4R":"10","5M":"10"},"2C":{"8R":"10","GX":"10","8Q":"10","HG":"10","VG":"10","QH":"10","7Q":"10","JQ":"10","HH":"10","HQ":"10","7R":"10","XJ":"10","HR":"10","VJ":"10","8P":"10","VH":"10","PX":"10"},"2F":{"X3":"10","W3":"10","X9":"10","W2":"10","F3":"10","X2":"10","X4":"10","X8":"10","W4":"10","G2":"10","V5":"10","G3":"10","F4":"10"},"3V":{"M7":"10"},"H6":{"W9":"10"},"3C":{"37":"10"}},"Q6":{"XQ":{"8C":"10","88":"10","78":"10","79":"10","89":"10"},"RR":{"HM":"10","HJ":"10"},"XV":{"MP":"10"}},"X5":{"8X":{"XW":"10","WW":"10","WX":"10","XX":"10"}},"X6":{"65":{"XJ":"10","WJ":"10"}},"V6":{"QG":{"2P":"10","3J":"10","2J":"10","3M":"10","2M":"10"}},"V9":{"3X":{"3X":"10","2X":"10","2W":"10"},"2V":{"JG":"10","CX":"10","CQ":"10","8V":"10","8R":"10","9V":"10","HG":"10","GF":"10","8W":"10","9X":"10","GG":"10","6V":"10","CW":"10","9Q":"10","9W":"10"},"G7":{"R9":"10"},"2W":{"C5":"10","5P":"10","6C":"10","2H":"10","GG":"10|3","4M":"10","8G":"10","92":"10","5Q":"10","MP":"10","7H":"10","X3":"10","2G":"10","6G":"10","H2":"10","88":"10","6F":"10","X4":"10","5J":"10","GH":"10","6H":"10","FH":"10","CC":"10","5H":"10","8H":"10","FG":"10","4P":"10","4Q":"10","CF":"10","7G":"10"}},"R6":{"5V":{"83":"10","82":"10","73":"10","72":"10"}},"WG":{"W6":{"WF":"10"}},"XF":{"CC":{"VC":"10","WC":"10","VF":"10","WF":"10"},"CV":{"GV":"10","FV":"10"}},"XC":{"WJ":{"5V":"10","4V":"10","4W":"10"},"XP":{"73":"10","72":"10"},"X4":{"FM":"10","FP":"10","CP":"10"}},"VC":{"M4":{"9V":"10","9W":"10"},"32":{"38":"10","45":"10","63":"10","35":"10","5J":"10","64":"10","5H":"10","49":"10","46":"10","37":"10","5C":"10","6H":"10","59":"10","36":"10","28":"10","6J":"10"},"89":{"8J":"10","9H":"10","8H":"10"}},"WC":{"CQ":{"6P":"10","6M":"10","6Q":"10","6J":"10"}},"W9":{"MV":{"82":"10","72":"10"},"MR":{"8X":"10","7X":"10"}},"Q4":{"X9":{"2X":"10"},"W5":{"94":"10"},"R3":{"JV":"10","JR":"10","MR":"10","JQ":"10"},"R2":{"9Q":"10"},"XP":{"XW":"10"},"XR":{"J3":"10","H3":"10"},"R4":{"9G":"10","5R":"10","8R":"10","8Q":"10","8G":"10","9H":"10","56":"10","CH":"10","9J":"10","9Q":"10","9R":"10"},"V4":{"JC":"10","HC":"10","JF":"10"}},"V4":{"JH":{"QF":"10","RJ":"10","WV":"10"}},"X9":{"MH":{"QW":"10","QV":"10"},"X9":{"H5":"10","J4":"10","M4":"10","V2":"10","J5":"10","V3":"10"},"VF":{"8Q":"10"},"MV":{"2C":"10"},"HJ":{"GW":"10"},"VR":{"J3":"10","44":"10"},"RQ":{"4X":"10","4W":"10"},"V7":{"7P":"10","7M":"10","8M":"10","8P":"10"},"RV":{"28":"10","2G":"10","2F":"10","2C":"10","26":"10","27":"10","29":"10"},"QR":{"C3":"10"},"RC":{"8F":"10","7G":"10","7F":"10","8G":"10"},"QV":{"XG":"10","X9":"10","XC":"10","X8":"10","X7":"10","XF":"10"},"P3":{"3R":"10","3Q":"10","3M":"10","3P":"10","4P":"10"},"R5":{"9F":"10","9G":"10","8G":"10"},"HP":{"32":"10"}}}}