{"4Q":{"R2":{"C3":{"92":"10"},"34":{"2G":"10","48":"10"},"C2":{"9W":"10"},"24":{"XG":"10"}},"PV":{"XJ":{"J6":"10","M6":"10","J5":"10","M5":"10"},"8J":{"XJ":"10","WR":"10","XM":"10","VR":"10","WM":"10","WP":"10"},"37":{"FR":"10"},"9H":{"C4":"10","F5":"10","C5":"10","F6":"10","C6":"10","F4":"10"},"7W":{"MQ":"10","MP":"10"},"9J":{"2J":"10","2M":"10"},"6Q":{"7F":"10","8C":"10","7C":"10"},"WP":{"7V":"10","8V":"10","5R":"10","8R":"10","9X":"10","7R":"10","6V":"10","5V":"10","6R":"10"}},"MX":{"5V":{"F2":"10","C2":"10"}},"W3":{"QJ":{"Q9":"10","R8":"10","R9":"10","Q8":"10","Q7":"10"},"QM":{"WC":"10","VF":"10","W9":"10","W8":"10","WF":"10"}},"VQ":{"44":{"VX":"10","WX":"10"},"45":{"W2":"10","V6":"10","R6":"10","V5":"10","Q5":"10","R4":"10","Q6":"10","V2":"10","W3":"10","V4":"10","R5":"10"}},"RW":{"CV":{"XV":"10"},"R7":{"9X":"10"},"R8":{"92":"10"},"R2":{"94":"10","C4":"10","8C":"10","3C":"10","C5":"10","92":"10","39":"10","C3":"10","C6":"10","93":"10","89":"10","72":"10"},"J9":{"RV":"10","QV":"10"},"GC":{"JR":"10"},"QH":{"QX":"10","VV":"10","QW":"10","WV":"10","VX":"10","RX":"10","RV":"10","QV":"10","RW":"10","WW":"10","VW":"10"},"RW":{"X9":"10","XC":"10"},"5Q":{"CR":"10","CQ":"10","FR":"10","FV":"10","CV":"10"},"42":{"P6":"10"},"3P":{"JF":"10"},"Q2":{"X8":"10","X7":"10","W7":"10","W8":"10"},"RF":{"9M":"10","9J":"10"},"J6":{"X3":"10","X5":"10","X2":"10","X4":"10","X8":"10","X7":"10","X6":"10","W7":"10","W8":"10"},"R4":{"R7":"10","V6":"10","V8":"10","W7":"10","W8":"10","R6":"10","V7":"10","W6":"10"},"P9":{"H4":"10","J4":"10","M4":"10"},"M5":{"2X":"10"},"66":{"C8":"10"},"8W":{"GJ":"10","JG":"10","7V":"10","HM":"10","CQ":"10","FM":"10","8V":"10","HJ":"10","8R":"10","HG":"10","CP":"10","HH":"10","7R":"10","GH":"10","JH":"10","CM":"10","JM":"10","JF":"10","9P":"10","FJ":"10","9Q":"10","9R":"10","MG":"10","MF":"10"},"5F":{"2R":"10"},"HV":{"VQ":"10","RQ":"10","RR":"10","VR":"10"},"VW":{"2F":"10","3C":"10","2C":"10","29":"10"},"5J":{"G7":"10","F7":"10","H7":"10","F8":"10","67":"10","C5":"10","G8":"10","56":"10","75":"10","G6":"10","H6":"10","77":"10"},"2V":{"5H":"10"},"4J":{"QC":"10","P9":"10","Q9":"10","PC":"10","6M":"10"},"X2":{"H2":"10"},"WC":{"VF":"10","VG":"10","XH":"10","RG":"10","RJ":"10","RF":"10","VJ":"10","VH":"10","RH":"10"},"QJ":{"V6":"10","V3":"10","R6":"10","V5":"10","Q5":"10","W4":"10","R4":"10","X3":"10","X4":"10","Q6":"10","V2":"10","W3":"10","V4":"10","R5":"10","Q4":"10"},"X7":{"98":"10"},"M6":{"23":"10","25":"10","33":"10","22":"10","35":"10","36":"10","26":"10","32":"10"},"CQ":{"R5":"10"},"GJ":{"24":"10"},"QV":{"9P":"10","CP":"10"},"C3":{"3M":"10"}},"QQ":{"FF":{"6G":"10","7H":"10","6H":"10","7G":"10"},"XP":{"9J":"10"},"7V":{"97":"10","6C":"10","C7":"10","R2":"10","98":"10","FG":"10","6G":"10","3H":"10","9H":"10","V2":"10","4H":"10","GF":"10","H6":"10","Q3":"10","56":"10","FM":"10","Q2":"10","J5":"10","69":"10","H5":"10","77":"10","C6":"10","R3":"10","FJ":"10","CG":"10","9G":"10","57":"10","67":"10","J2":"10","GG":"10","5G":"10","H7":"10","96":"10","H4":"10","82":"10","66":"10","86":"10","M3":"10","M2":"10","P2":"10","FF":"10","GM":"10","P3":"10","J3":"10","GJ":"10","CH":"10","76":"10","GH":"10","C8":"10","62":"10","FH":"10","6F":"10"},"VF":{"6W":"10","7W":"10","6V":"10","7V":"10"},"MV":{"2J":"10","3H":"10","2H":"10"},"FM":{"FH":"10","FG":"10","CG":"10","CH":"10"},"9F":{"J5":"10"},"VP":{"6H":"10","5J":"10","6J":"10"},"FW":{"4J":"10","4H":"10","3H":"10","5M":"10"},"V9":{"Q3":"10","R3":"10","Q4":"10","R4":"10","V4":"10","V3":"10"},"QR":{"RR":"10","RV":"10","QR":"10"},"7R":{"QX":"10","HX":"10","7W":"10","MV":"10","6W":"10","PW":"10","GV":"10","5X":"10","PR":"10","MW":"10","GX":"10","MX":"10","PV":"10","8X":"10","JR":"10","HQ":"10","6V":"10","HR":"10","JX":"10","MR":"10","7X":"10","6X":"10","PX":"10","GW":"10"},"PP":{"QH":"10","PH":"10","PG":"10","QG":"10"}},"VM":{"JW":{"FP":"10","CQ":"10","CP":"10","CM":"10","FQ":"10"},"VM":{"FF":"10","JG":"10","9F":"10","33":"10","CC":"10","GC":"10","43":"10","42":"10","CF":"10","FC":"10","JF":"10","32":"10","MG":"10","9C":"10","MF":"10"},"VJ":{"4X":"10","3X":"10","3W":"10","4W":"10"}},"JX":{"RQ":{"M7":"10","P8":"10","P7":"10","Q4":"10","H6":"10","M8":"10","PM":"10"}},"QX":{"53":{"FC":"10"},"MJ":{"28":"10"},"RX":{"9Q":"10","8Q":"10","9H":"10","7H":"10","CH":"10","9P":"10","8J":"10","GP":"10","CJ":"10","FJ":"10","8R":"10","8M":"10","FM":"10","9J":"10","CP":"10","9M":"10","FH":"10","FP":"10","7Q":"10","CQ":"10","8H":"10","GJ":"10","GM":"10","8P":"10"},"F7":{"G2":"10"},"CH":{"MV":"10"},"G2":{"H3":"10","H4":"10","J5":"10","H5":"10","J3":"10","J4":"10","2V":"10","M4":"10","M5":"10"},"38":{"P7":"10","P6":"10","M6":"10"},"H2":{"5M":"10"},"87":{"MJ":"10","WJ":"10","QP":"10","MM":"10"},"F3":{"MF":"10","W2":"10"},"WQ":{"VC":"10","R9":"10","RC":"10"},"45":{"W6":"10"},"V9":{"G3":"10"},"C7":{"GV":"10"},"F6":{"GW":"10","GX":"10"},"WW":{"FJ":"10","FM":"10"},"XM":{"6F":"10","7F":"10","6C":"10","7C":"10"},"JJ":{"X8":"10"},"62":{"GX":"10"},"F2":{"XW":"10","XV":"10","WX":"10","XX":"10"},"2R":{"97":"10","98":"10","96":"10","88":"10","78":"10","87":"10"},"4J":{"WH":"10","8C":"10","WG":"10"},"XQ":{"77":"10"},"63":{"J3":"10","G2":"10"},"73":{"VQ":"10","RR":"10","VR":"10"}},"X3":{"6F":{"JP":"10","Q3":"10","H4":"10","XG":"10","WH":"10","HF":"10","F4":"10","6C":"10","8Q":"10","79":"10","W3":"10","6J":"10","9H":"10","GG":"10","8G":"10","MP":"10","G4":"10","X3":"10","G5":"10","QC":"10","7C":"10","WJ":"10","9G":"10","RF":"10","Q5":"10","7F":"10","R4":"10","JF":"10","Q6":"10","H2":"10","8R":"10","V9":"10","8F":"10","MG":"10","W4":"10","XF":"10","RC":"10","J4":"10","6F":"10","QF":"10","MF":"10","X4":"10","5J":"10","R3":"10","GH":"10","VC":"10","X2":"10","WC":"10","6H":"10","8C":"10","FH":"10","VF":"10","VG":"10","Q4":"10","P4":"10","5H":"10","8H":"10","W2":"10","P6":"10","P5":"10","WF":"10","P7":"10","9R":"10","HP":"10","89":"10"},"25":{"W7":"10","W6":"10"},"7F":{"C5":"10","F4":"10","53":"10","79":"10","C8":"10","82":"10","43":"10","52":"10","42":"10","36":"10","33":"10","2F":"10","35":"10","38":"10","87":"10","F3":"10","88":"10","86":"10","37":"10","J4":"10","48":"10","46":"10","22":"10","32":"10","C4":"10","64":"10","47":"10","54":"10","94":"10","63":"10","89":"10"},"6C":{"HX":"10"},"7C":{"8X":"10","4X":"10","5X":"10","5W":"10","3X":"10","3W":"10","2X":"10","4W":"10"}},"RX":{"23":{"6H":"10","6J":"10"}},"WJ":{"2C":{"6P":"10","6Q":"10"}},"VX":{"HX":{"9P":"10"},"CH":{"96":"10"}},"WR":{"RR":{"2G":"10","5G":"10","2F":"10","4G":"10"},"QR":{"XG":"10","XF":"10"}},"XW":{"CC":{"42":"10"}},"PW":{"PC":{"8W":"10","CX":"10","8X":"10","9X":"10","7X":"10"},"PV":{"RR":"10","VR":"10"},"WH":{"F5":"10","C7":"10","JX":"10","9R":"10","CR":"10","FQ":"10","XJ":"10","9X":"10","5F":"10","84":"10","3J":"10","WF":"10","R5":"10","97":"10","XP":"10","HP":"10","58":"10","FX":"10","HQ":"10","66":"10","JV":"10","26":"10","3H":"10","4H":"10","MQ":"10","7P":"10","2H":"10","RH":"10","64":"10","9Q":"10","4M":"10","M5":"10","VH":"10","WX":"10","5W":"10","73":"10","59":"10","38":"10","XG":"10","WH":"10","F4":"10","6V":"10","QW":"10","2F":"10","3C":"10","M6":"10","PX":"10","JM":"10","X9":"10","98":"10","FP":"10","CQ":"10","83":"10","5C":"10","8P":"10","9V":"10","6Q":"10","7R":"10","XF":"10","G6":"10","MR":"10","34":"10","24":"10","X8":"10","HX":"10","XW":"10","6X":"10","CX":"10","48":"10","PV":"10","49":"10","5V":"10","RX":"10","77":"10","2P":"10","VW":"10","XH":"10","37":"10","39":"10","75":"10","3M":"10","63":"10","23":"10","2M":"10","QQ":"10","72":"10","XQ":"10","QV":"10","CP":"10","6W":"10","6F":"10","8V":"10","28":"10","WG":"10","HW":"10","8W":"10","F3":"10","4J":"10","FR":"10","XC":"10","3F":"10","29":"10","7W":"10","XX":"10","JW":"10","5J":"10","68":"10","JQ":"10","5X":"10","22":"10","8X":"10","6R":"10","QR":"10","7Q":"10","69":"10","4C":"10","6P":"10","53":"10","JP":"10","HV":"10","7M":"10","FV":"10","RR":"10","VG":"10","C5":"10","74":"10","PQ":"10","7V":"10","56":"10","Q6":"10","C6":"10","G5":"10","8M":"10","F6":"10","45":"10","F2":"10","5M":"10","33":"10","65":"10","WW":"10","G7":"10","9W":"10","QX":"10","QP":"10","32":"10","2C":"10","4P":"10","Q5":"10","6C":"10","VV":"10","VX":"10","46":"10","FW":"10","PW":"10","76":"10","78":"10","RQ":"10","62":"10","2J":"10","CW":"10","5P":"10","7X":"10","55":"10","3P":"10","RW":"10","67":"10"},"XG":{"PG":"10","6C":"10","6F":"10","HH":"10","8J":"10","9M":"10","XX":"10","5M":"10","67":"10","FX":"10","WF":"10","Q7":"10","RW":"10","GQ":"10","5F":"10","56":"10","XC":"10","XV":"10","8H":"10","FW":"10","59":"10","68":"10","9W":"10","QR":"10","GW":"10","HW":"10","9H":"10","9P":"10","FQ":"10","69":"10","XH":"10","36":"10","8Q":"10","WJ":"10","VG":"10","CP":"10","7J":"10","4C":"10","HQ":"10","HJ":"10","8G":"10","VM":"10","FR":"10","WH":"10","46":"10","WX":"10","49":"10","CM":"10","48":"10","5Q":"10","MH":"10","7V":"10","R7":"10","Q8":"10","8M":"10","9X":"10","MP":"10","5R":"10","P8":"10","MQ":"10","HV":"10","F9":"10","XJ":"10","GJ":"10","9C":"10","C9":"10","9V":"10","FM":"10","GM":"10","XW":"10","RH":"10","4R":"10","9Q":"10","Q9":"10","RG":"10","58":"10","CW":"10","FV":"10","P9":"10","WG":"10","5J":"10","CV":"10","GP":"10","26":"10","4Q":"10","J9":"10","CX":"10","PJ":"10","47":"10","RX":"10","6J":"10","6V":"10","MJ":"10","9J":"10","X9":"10","4M":"10","FP":"10","7H":"10","M9":"10","HP":"10","57":"10","GV":"10","GR":"10","J8":"10","WW":"10","5C":"10"},"GW":{"3F":"10"},"F8":{"9R":"10","FW":"10","9Q":"10","9V":"10","CW":"10","8R":"10","CR":"10","8V":"10","8Q":"10","CV":"10","9W":"10"},"QH":{"VP":"10","RP":"10","RM":"10"},"JV":{"QW":"10","PW":"10","VP":"10","VR":"10","XM":"10","XH":"10","VQ":"10","RQ":"10","RV":"10","QV":"10","XJ":"10","RR":"10","WM":"10","PX":"10","WP":"10"},"JX":{"22":"10"},"WJ":{"V3":"10","P5":"10","X8":"10","R8":"10","P3":"10","V7":"10","Q3":"10","V6":"10","V9":"10","82":"10","W4":"10","M6":"10","XC":"10","H2":"10","G7":"10","H3":"10","65":"10","Q2":"10","R5":"10","W6":"10","R4":"10","V2":"10","G2":"10","X2":"10","Q6":"10","G3":"10","VC":"10","F2":"10","WC":"10","R6":"10","W5":"10","H5":"10","Q5":"10","75":"10","62":"10","V4":"10","P7":"10","J5":"10","W8":"10","F5":"10","P6":"10","W2":"10","64":"10","P2":"10","R7":"10","X6":"10","Q8":"10","P4":"10","J4":"10","74":"10","X7":"10","X3":"10","W7":"10","M3":"10","H6":"10","J3":"10","92":"10","53":"10","C2":"10","V5":"10","W3":"10","G4":"10","Q9":"10","W9":"10","X5":"10","72":"10","X4":"10","F3":"10","M7":"10","G6":"10","X9":"10","R2":"10","J6":"10","63":"10","C5":"10","M5":"10","F4":"10","G5":"10","H4":"10","J2":"10","M4":"10","52":"10"},"XP":{"R7":"10","P9":"10","P7":"10","M6":"10","XP":"10","QX":"10","P6":"10","Q9":"10","R6":"10","W8":"10","M7":"10","XM":"10","JC":"10","J8":"10","V9":"10","MX":"10","P8":"10","J7":"10","Q8":"10","RX":"10","Q6":"10","M8":"10","W9":"10","J6":"10","M9":"10","JX":"10","V8":"10","J9":"10"},"XJ":{"G6":"10","F6":"10","55":"10","XC":"10","XH":"10","JR":"10","F5":"10","9C":"10","54":"10","9H":"10","H6":"10","75":"10","56":"10","89":"10","QH":"10","FM":"10","99":"10","3G":"10","CF":"10","69":"10","H5":"10","79":"10","77":"10","HM":"10","F3":"10","J8":"10","HF":"10","C6":"10","WF":"10","WJ":"10","8J":"10","G5":"10","FJ":"10","JJ":"10","C5":"10","78":"10","CG":"10","9G":"10","68":"10","PF":"10","CJ":"10","J7":"10","46":"10","67":"10","9F":"10","QJ":"10","88":"10","FP":"10","96":"10","MF":"10","37":"10","29":"10","74":"10","4G":"10","GC":"10","66":"10","WC":"10","86":"10","35":"10","4F":"10","9J":"10","25":"10","45":"10","XG":"10","HP":"10","XF":"10","22":"10","G4":"10","QG":"10","CM":"10","RG":"10","73":"10","85":"10","PH":"10","23":"10","X2":"10","8C":"10","8H":"10","44":"10","3F":"10","65":"10","27":"10","JM":"10","PG":"10","87":"10","28":"10","76":"10","G9":"10","C8":"10","24":"10","HJ":"10","F2":"10","VJ":"10","V6":"10","38":"10"},"RF":{"XW":"10","VX":"10","6R":"10","GP":"10","6V":"10","3Q":"10","XV":"10","FG":"10","HG":"10","6G":"10","3H":"10","JC":"10","9C":"10","5M":"10","9H":"10","4H":"10","GF":"10","7C":"10","XM":"10","89":"10","6P":"10","FM":"10","2Q":"10","5F":"10","HC":"10","CF":"10","4J":"10","CC":"10","HM":"10","WG":"10","HF":"10","4P":"10","WF":"10","8J":"10","VW":"10","6M":"10","HH":"10","GQ":"10","XP":"10","2R":"10","8M":"10","9F":"10","5G":"10","2P":"10","FP":"10","3P":"10","GC":"10","M9":"10","WX":"10","CP":"10","4M":"10","3J":"10","7F":"10","4X":"10","FQ":"10","HP":"10","XF":"10","CM":"10","XX":"10","GM":"10","8C":"10","8F":"10","7M":"10","GJ":"10","CH":"10","WW":"10","GH":"10","HJ":"10","6Q":"10","FH":"10","6F":"10"},"QP":{"GM":"10"},"CH":{"7W":"10","6W":"10","5X":"10","MX":"10","RV":"10","QR":"10","C8":"10","QV":"10","RR":"10","JX":"10","7X":"10","6X":"10","JW":"10"},"WR":{"CX":"10","5V":"10","5R":"10"},"FQ":{"JP":"10","PC":"10","P8":"10","QH":"10","VM":"10","MP":"10","WJ":"10","XP":"10","XJ":"10","RF":"10","QM":"10","P9":"10","Q9":"10","PP":"10","VP":"10","XQ":"10","WM":"10","RM":"10","QJ":"10","MM":"10","PH":"10","QG":"10","WP":"10","VF":"10","VG":"10","PG":"10","PM":"10","RG":"10"},"XW":{"84":"10","76":"10","83":"10","74":"10","77":"10","92":"10"},"CJ":{"R7":"10","XG":"10","53":"10","43":"10","52":"10","42":"10","V7":"10","44":"10","Q5":"10","Q7":"10","Q6":"10","W6":"10","H2":"10","V6":"10","M5":"10","72":"10","XF":"10","M7":"10","J2":"10","62":"10","64":"10","WC":"10","M6":"10","54":"10","VF":"10","VG":"10","P4":"10","63":"10","J5":"10","P6":"10","V2":"10","P7":"10","W7":"10"},"FJ":{"3G":"10","7W":"10","2G":"10","7V":"10","CQ":"10","3F":"10","9X":"10","8X":"10","5P":"10","6Q":"10","5Q":"10","7R":"10","6P":"10","2F":"10","6V":"10","CR":"10","CW":"10","6R":"10"},"XV":{"28":"10","49":"10","39":"10","38":"10","4C":"10","27":"10"},"G8":{"VP":"10","WP":"10"},"MC":{"6X":"10","5X":"10","RX":"10"},"WG":{"F7":"10","MC":"10","PG":"10","JR":"10","HH":"10","JQ":"10","HC":"10","JW":"10","GG":"10","JF":"10","5M":"10","H8":"10","C4":"10","FX":"10","7F":"10","7X":"10","3H":"10","M8":"10","QP":"10","5P":"10","M2":"10","CJ":"10","GQ":"10","M6":"10","FG":"10","QM":"10","2X":"10","G7":"10","HF":"10","PC":"10","6X":"10","6M":"10","H7":"10","C6":"10","89":"10","9H":"10","9P":"10","FQ":"10","FH":"10","H9":"10","G9":"10","5X":"10","8Q":"10","G3":"10","CP":"10","MV":"10","9R":"10","HJ":"10","H5":"10","CQ":"10","MG":"10","8G":"10","8C":"10","FR":"10","3X":"10","29":"10","JC":"10","62":"10","P7":"10","CH":"10","CM":"10","GC":"10","5Q":"10","J5":"10","6Q":"10","4G":"10","7V":"10","6W":"10","JJ":"10","4F":"10","HG":"10","G8":"10","MP":"10","PM":"10","5R":"10","P8":"10","MQ":"10","3C":"10","HV":"10","8R":"10","F9":"10","M3":"10","4V":"10","GJ":"10","H6":"10","8P":"10","97":"10","FM":"10","JG":"10","J3":"10","92":"10","JV":"10","7W":"10","GM":"10","FF":"10","C2":"10","93":"10","94":"10","96":"10","G4":"10","7C":"10","PP":"10","8F":"10","4R":"10","9Q":"10","PF":"10","MR":"10","J7":"10","FV":"10","5J":"10","4X":"10","GP":"10","PV":"10","2C":"10","79":"10","MF":"10","F3":"10","C7":"10","FJ":"10","JM":"10","CX":"10","M7":"10","6J":"10","6V":"10","MJ":"10","9G":"10","6R":"10","PR":"10","9J":"10","G6":"10","4M":"10","FP":"10","GF":"10","M9":"10","HP":"10","CR":"10","J6":"10","C3":"10","C5":"10","GV":"10","2G":"10","5V":"10","M5":"10","GR":"10","F4":"10","2H":"10","G5":"10","5W":"10","H4":"10","J2":"10","HR":"10","3G":"10","MM":"10","HM":"10","MW":"10"},"WV":{"97":"10","55":"10","GP":"10","JP":"10","H3":"10","6C":"10","C7":"10","98":"10","H8":"10","JH":"10","J4":"10","9H":"10","9W":"10","JQ":"10","5Q":"10","C2":"10","69":"10","HM":"10","F3":"10","G8":"10","HH":"10","G5":"10","JJ":"10","9G":"10","93":"10","CJ":"10","8M":"10","H4":"10","C3":"10","74":"10","G3":"10","95":"10","HQ":"10","HP":"10","G4":"10","85":"10","GM":"10","H9":"10","F4":"10","84":"10","JM":"10","87":"10","8W":"10","CH":"10","G9":"10","C8":"10","94":"10","F2":"10","HJ":"10","6Q":"10"},"F6":{"P8":"10","P9":"10"},"FM":{"CV":"10","9Q":"10","MX":"10","8Q":"10","6P":"10","7J":"10","79":"10","6J":"10","9H":"10","JV":"10","HW":"10","CW":"10","8G":"10","JX":"10","92":"10","7H":"10","7C":"10","9G":"10","MW":"10","7P":"10","7F":"10","6M":"10","9P":"10","CR":"10","8J":"10","FQ":"10","8R":"10","8M":"10","HR":"10","JW":"10","HV":"10","9V":"10","CP":"10","PX":"10","FW":"10","9M":"10","FP":"10","FR":"10","CQ":"10","FV":"10","JR":"10","GR":"10","8H":"10","7M":"10","GV":"10","GQ":"10","9R":"10","7G":"10","8P":"10"},"H8":{"37":"10","FH":"10","HF":"10","FG":"10","GF":"10","CG":"10","8H":"10","FF":"10","39":"10","36":"10","38":"10","8G":"10","CH":"10","48":"10"},"JW":{"G6":"10","9C":"10","4V":"10","J4":"10","5M":"10","F8":"10","6J":"10","H6":"10","4Q":"10","5Q":"10","J5":"10","99":"10","7J":"10","4R":"10","H5":"10","CC":"10","4P":"10","6H":"10","6M":"10","G7":"10","7H":"10","3X":"10","4W":"10","9F":"10","H4":"10","M3":"10","8G":"10","M2":"10","F9":"10","F7":"10","5P":"10","P2":"10","8H":"10","8F":"10","J3":"10","7G":"10","3W":"10","2X":"10","C9":"10","C8":"10"},"MF":{"FF":"10","CC":"10","92":"10","F8":"10","F3":"10","C2":"10","G3":"10","C5":"10","62":"10","F9":"10","F4":"10","CF":"10","G4":"10","C3":"10","93":"10","52":"10","G9":"10","F5":"10"},"VH":{"V6":"10","XP":"10","X9":"10","W7":"10","Q2":"10","XC":"10","V3":"10","WF":"10","X8":"10","W8":"10","Q5":"10","XM":"10","Q3":"10","XH":"10","X6":"10","X3":"10","V7":"10","XF":"10","X4":"10","X7":"10","M2":"10","Q6":"10","P4":"10","W6":"10","XJ":"10","W9":"10","P3":"10","P2":"10","W3":"10","R2":"10","R3":"10","WC":"10","Q4":"10"},"RQ":{"94":"10","95":"10"},"QF":{"9C":"10","XQ":"10","VC":"10","9H":"10","CC":"10","XR":"10","JG":"10","VF":"10","CF":"10","CH":"10"},"MV":{"2J":"10","3G":"10","2G":"10","2H":"10","4F":"10","4G":"10","3F":"10","5C":"10","6C":"10","69":"10","5F":"10"},"XR":{"2P":"10","C6":"10","3P":"10","96":"10","C5":"10","2M":"10","F4":"10","C3":"10","C4":"10","3M":"10"},"XQ":{"Q2":"10","R5":"10","R2":"10","J2":"10"},"PH":{"H2":"10"},"FP":{"QH":"10","PH":"10","J2":"10","M2":"10","QG":"10"},"QG":{"MQ":"10","JP":"10","MP":"10","JQ":"10","MW":"10"},"WP":{"X5":"10"},"PF":{"C2":"10","H4":"10","C5":"10","P8":"10","GC":"10","F8":"10","C8":"10","HC":"10","82":"10","92":"10","G4":"10","F7":"10","74":"10","H9":"10","83":"10","76":"10","98":"10","87":"10","88":"10","97":"10","86":"10","G8":"10","C7":"10","F6":"10","72":"10","H8":"10","C6":"10","85":"10","96":"10","G3":"10","M7":"10","J7":"10","C4":"10","G7":"10","H7":"10","F9":"10","77":"10","G9":"10","75":"10","94":"10","78":"10","J8":"10","M8":"10","FC":"10","73":"10","93":"10","H3":"10"},"VF":{"39":"10","HX":"10","FX":"10","GP":"10","6C":"10","MH":"10","5W":"10","JG":"10","FG":"10","HG":"10","9P":"10","JC":"10","JH":"10","8P":"10","5J":"10","5M":"10","9H":"10","4H":"10","9W":"10","6J":"10","2M":"10","9M":"10","5Q":"10","FM":"10","CQ":"10","5F":"10","HC":"10","7J":"10","CF":"10","4J":"10","CC":"10","MC":"10","FV":"10","MJ":"10","3M":"10","7P":"10","6M":"10","HH":"10","7H":"10","CV":"10","GQ":"10","CX":"10","FJ":"10","7X":"10","9X":"10","JW":"10","CW":"10","CG":"10","CJ":"10","GG":"10","8M":"10","2P":"10","FP":"10","MF":"10","2J":"10","GX":"10","MM":"10","HW":"10","8R":"10","GR":"10","8Q":"10","FR":"10","GV":"10","CP":"10","4M":"10","3J":"10","9J":"10","GW":"10","CR":"10","HV":"10","FQ":"10","CM":"10","FF":"10","5P":"10","GM":"10","8C":"10","8H":"10","4C":"10","FW":"10","GJ":"10","GH":"10","9Q":"10","HR":"10","JX":"10","JF":"10","FH":"10","38":"10"},"VG":{"F5":"10","PH":"10","8C":"10","C7":"10","JX":"10","PM":"10","9R":"10","CR":"10","FQ":"10","H8":"10","5R":"10","XJ":"10","9X":"10","5F":"10","Q7":"10","J7":"10","QJ":"10","J8":"10","96":"10","84":"10","8J":"10","RV":"10","FH":"10","CF":"10","FF":"10","R5":"10","H4":"10","8F":"10","97":"10","XP":"10","93":"10","HP":"10","58":"10","FX":"10","HQ":"10","MX":"10","66":"10","4G":"10","JV":"10","26":"10","GR":"10","27":"10","3H":"10","9J":"10","R8":"10","MQ":"10","7P":"10","GC":"10","2H":"10","RH":"10","HH":"10","7F":"10","7J":"10","X6":"10","FJ":"10","C8":"10","VH":"10","VJ":"10","9H":"10","MM":"10","WX":"10","HJ":"10","GH":"10","C9":"10","MW":"10","73":"10","GG":"10","38":"10","86":"10","PR":"10","XG":"10","WH":"10","F4":"10","6V":"10","PC":"10","MP":"10","7C":"10","GV":"10","35":"10","PP":"10","JC":"10","PX":"10","36":"10","JM":"10","HM":"10","F8":"10","J2":"10","98":"10","FP":"10","9C":"10","H9":"10","CJ":"10","83":"10","92":"10","G3":"10","HR":"10","8P":"10","9V":"10","6Q":"10","7R":"10","WJ":"10","W7":"10","G6":"10","MV":"10","47":"10","MR":"10","34":"10","24":"10","C2":"10","X8":"10","HC":"10","HX":"10","54":"10","Q8":"10","C3":"10","XW":"10","CX":"10","48":"10","99":"10","6M":"10","77":"10","2G":"10","MC":"10","3Q":"10","CH":"10","VW":"10","7G":"10","RP":"10","85":"10","XV":"10","XH":"10","J6":"10","37":"10","87":"10","V9":"10","8H":"10","75":"10","W6":"10","63":"10","GX":"10","C4":"10","WP":"10","25":"10","QQ":"10","72":"10","QM":"10","FG":"10","R7":"10","9F":"10","8V":"10","28":"10","WG":"10","HW":"10","G4":"10","QH":"10","GP":"10","CV":"10","8W":"10","F3":"10","GQ":"10","J9":"10","FR":"10","GJ":"10","3F":"10","29":"10","7W":"10","J3":"10","JW":"10","VR":"10","68":"10","42":"10","JQ":"10","H6":"10","8X":"10","H3":"10","5Q":"10","V6":"10","6R":"10","95":"10","7Q":"10","69":"10","6P":"10","53":"10","HV":"10","4Q":"10","H2":"10","9G":"10","GW":"10","W8":"10","R6":"10","7M":"10","FV":"10","RR":"10","74":"10","PQ":"10","CM":"10","7V":"10","56":"10","FC":"10","Q6":"10","57":"10","C6":"10","G5":"10","GF":"10","8R":"10","8M":"10","H7":"10","XM":"10","F6":"10","JR":"10","45":"10","F2":"10","33":"10","X7":"10","R9":"10","WQ":"10","43":"10","9W":"10","QX":"10","QP":"10","F9":"10","32":"10","82":"10","5H":"10","F7":"10","Q5":"10","G9":"10","6C":"10","VV":"10","WM":"10","VX":"10","46":"10","FW":"10","79":"10","78":"10","RQ":"10","52":"10","3G":"10","7H":"10","62":"10","J4":"10","88":"10","2J":"10","CW":"10","7X":"10","V7":"10","55":"10","RW":"10","67":"10"},"PG":{"HX":"10"},"GR":{"38":"10","45":"10","39":"10","44":"10","43":"10","46":"10","37":"10","42":"10","36":"10","32":"10","47":"10"},"XH":{"V3":"10","P5":"10","F7":"10","2P":"10","PG":"10","X8":"10","HH":"10","R8":"10","2M":"10","HC":"10","P3":"10","XX":"10","H8":"10","Q3":"10","Q7":"10","V9":"10","M2":"10","XF":"10","82":"10","W4":"10","M6":"10","XC":"10","2X":"10","RQ":"10","3J":"10","XV":"10","VH":"10","G7":"10","HF":"10","RV":"10","H3":"10","Q2":"10","W6":"10","4P":"10","V2":"10","H7":"10","RP":"10","9P":"10","H9":"10","Q6":"10","G9":"10","G3":"10","4C":"10","WC":"10","3M":"10","W5":"10","H5":"10","MG":"10","Q5":"10","XR":"10","VM":"10","29":"10","RJ":"10","49":"10","P7":"10","48":"10","J5":"10","2Q":"10","MH":"10","W8":"10","W2":"10","P2":"10","X6":"10","Q8":"10","P4":"10","VJ":"10","JJ":"10","J4":"10","G8":"10","XQ":"10","28":"10","JH":"10","RR":"10","VQ":"10","P8":"10","R3":"10","X7":"10","W7":"10","XJ":"10","M3":"10","CC":"10","H6":"10","C9":"10","FM":"10","VW":"10","JG":"10","92":"10","WV":"10","RC":"10","FF":"10|7","C2":"10","V5":"10","W3":"10","XW":"10","VR":"10","94":"10","RH":"10","WQ":"10","9Q":"10","RG":"10","J7":"10","W9":"10","WR":"10","X5":"10","2C":"10","MF":"10","C7":"10","VP":"10","M7":"10","XP":"10","MJ":"10","CF":"10","G6":"10","X9":"10","R2":"10","2J":"10","FP":"10","J6":"10","M5":"10","G5":"10","83":"10","WM":"10","3P":"10","WW":"10","J2":"10","VV":"10","FC":"10|7"},"RG":{"Q3":"10","R7":"10","XG":"10","R9":"10","W3":"10","92":"10","X3":"10","R5":"10","V7":"10","XJ":"10","Q5":"10","J3":"10","R4":"10","V9":"10","W4":"10","V5":"10","J2":"10","X4":"10","V3":"10","XC":"10","R3":"10","VC":"10","X2":"10","M2":"10","X7":"10","M4":"10","Q4":"10","M3":"10","P4":"10","W2":"10","XH":"10","93":"10","V4":"10","W8":"10","X9":"10","X8":"10"},"HX":{"W3":"10","X3":"10","R5":"10","Q8":"10","RF":"10","Q7":"10","Q6":"10","V9":"10","R6":"10","Q9":"10","W4":"10","V5":"10","XC":"10","WC":"10","X2":"10","W9":"10","VF":"10","VG":"10","RG":"10","V4":"10","X9":"10"},"WF":{"6X":"10","6W":"10","9V":"10","5W":"10","7W":"10","5V":"10","CW":"10","7X":"10","5R":"10","6V":"10","7V":"10","9W":"10"},"GQ":{"2P":"10","4R":"10","3X":"10","4Q":"10","4P":"10","5R":"10","3R":"10","3P":"10","3Q":"10","2V":"10","3V":"10","2Q":"10","5V":"10","2R":"10","4V":"10","3W":"10","3M":"10"}},"VP":{"66":{"49":"10","39":"10","33":"10","36":"10","38":"10","35":"10","32":"10","48":"10","34":"10"},"HG":{"WJ":"10","XV":"10","WV":"10","XQ":"10","XR":"10","WM":"10","WR":"10","WP":"10"},"65":{"2W":"10"},"F6":{"R6":"10"},"7C":{"45":"10"},"7R":{"PR":"10"}},"WW":{"4C":{"7G":"10","79":"10","7C":"10"}},"RP":{"9V":{"3R":"10","2R":"10"},"RM":{"MJ":"10","JP":"10","MM":"10","JM":"10"}},"RQ":{"VH":{"83":"10","82":"10","C5":"10"},"QJ":{"52":"10","72":"10","42":"10","62":"10"},"QH":{"6X":"10","4X":"10","5X":"10","5V":"10","7X":"10","5R":"10","4V":"10","4R":"10","4W":"10"},"RV":{"RG":"10"},"CQ":{"M4":"10","P4":"10","P5":"10","M5":"10"},"XF":{"28":"10","55":"10","56":"10","66":"10","54":"10","45":"10","65":"10","46":"10","27":"10"},"WF":{"X8":"10","X7":"10"}},"VW":{"84":{"W3":"10","W2":"10|3"},"49":{"94":"10","82":"10","92":"10","F2":"10","72":"10","C2":"10"},"55":{"GP":"10","GQ":"10","FP":"10","W7":"10","FQ":"10"},"2R":{"GJ":"10","9F":"10","GF":"10","GQ":"10","CP":"10","9M":"10","CM":"10","9P":"10","9C":"10"},"M2":{"5Q":"10","3Q":"10","3M":"10","4M":"10","3P":"10","4P":"10"},"93":{"2W":"10"},"7J":{"88":"10","74":"10","79":"10","84":"10","86":"10","C6":"10","73":"10","99":"10","95":"10","96":"10","78":"10","C5":"10","89":"10","8C":"10","7C":"10","9C":"10"},"48":{"9X":"10","9W":"10"}},"V3":{"RQ":{"3J":"10","2J":"10"}},"WM":{"32":{"F5":"10","F7":"10","F6":"10","F8":"10"}},"PX":{"V6":{"CX":"10","7W":"10","8V":"10","9V":"10","8W":"10","9X":"10","8X":"10","7X":"10","9W":"10"},"88":{"GV":"10","7Q":"10","FV":"10"},"PF":{"V6":"10","V5":"10","V4":"10"},"WV":{"3R":"10","3Q":"10","3V":"10","4V":"10","4R":"10"},"8V":{"44":"10","32":"10","42":"10"},"W8":{"55":"10","54":"10","64":"10","65":"10","75":"10"},"8R":{"4X":"10","3X":"10","3W":"10","4W":"10"},"QF":{"22":"10"},"V7":{"HM":"10","FM":"10","9G":"10","4Q":"10","4P":"10","CG":"10","FP":"10","HF":"10","HG":"10","92":"10","C2":"10","9M":"10","8H":"10","5P":"10","GP":"10","F4":"10","5Q":"10","C3":"10","JF":"10","93":"10","9J":"10","H9":"10","C4":"10","F5":"10"},"QC":{"2X":"10"},"F4":{"VM":"10","VJ":"10","RM":"10"},"V2":{"PR":"10","MQ":"10","MR":"10","PQ":"10"},"P2":{"3P":"10"}},"R3":{"5W":{"QM":"10","PJ":"10","88":"10","74":"10","63":"10","76":"10","73":"10","PM":"10","G7":"10","F7":"10","64":"10","F8":"10","C2":"10","78":"10","94":"10","C5":"10","F9":"10","G8":"10","F4":"10","89":"10","75":"10","PH":"10","9J":"10","H9":"10","QJ":"10","C4":"10","G9":"10","F5":"10"},"4V":{"VX":"10","97":"10","C7":"10","XC":"10","98":"10","FG":"10","JG":"10","HG":"10","JR":"10","QW":"10","JC":"10","MW":"10","GF":"10","75":"10","HC":"10","CF":"10","CC":"10","MC":"10","HF":"10","VW":"10","QV":"10","HH":"10","FJ":"10","CJ":"10","GG":"10","96":"10","W9":"10","RJ":"10","GC":"10","M9":"10","RV":"10","WC":"10","86":"10","WX":"10","JV":"10","F9":"10","RH":"10","FC":"10","MV":"10","J9":"10","MR":"10","PR":"10","CM":"10","FF":"10","VV":"10","PV":"10","H9":"10","VF":"10","VG":"10","87":"10","RW":"10","76":"10","C9":"10","RX":"10","G9":"10","C8":"10","JF":"10","FH":"10"},"4W":{"W2":"10","X2":"10"}},"WC":{"8V":{"FM":"10","CR":"10"}},"QW":{"CV":{"6G":"10","6H":"10","5G":"10","5F":"10","2R":"10","2Q":"10","5H":"10"},"9Q":{"WH":"10"},"5P":{"V3":"10","P5":"10","F7":"10","Q4":"10","MC":"10","X8":"10","44":"10","HC":"10","P3":"10","GG":"10","V7":"10","H8":"10","Q3":"10","WF":"10","V6":"10","Q7":"10","66":"10","V9":"10","M2":"10","82":"10","M6":"10","56":"10","FG":"10","WP":"10","78":"10","QC":"10","HF":"10","PC":"10","H3":"10","V8":"10","R5":"10","W6":"10","R4":"10","V2":"10","C8":"10","RP":"10","89":"10","G2":"10","X2":"10","25":"10","H9":"10","Q6":"10","36":"10","G3":"10","WJ":"10","VC":"10","34":"10","88":"10","F2":"10","WC":"10","R6":"10","HJ":"10","MG":"10","Q5":"10","XR":"10","27":"10","98":"10","43":"10","P7":"10","GC":"10","77":"10","MH":"10","W8":"10","W2":"10","P6":"10","P2":"10","84":"10","R7":"10","X6":"10","P4":"10","HG":"10","G8":"10","XQ":"10","74":"10","54":"10","P8":"10","VQ":"10","X7":"10","R3":"10","X3":"10","W7":"10","M3":"10","73":"10","VF":"10","CC":"10","H6":"10","97":"10","24":"10","J3":"10","FF":"10","C2":"10","V5":"10","W3":"10","93":"10","33":"10","96":"10","G4":"10","7C":"10","WQ":"10","85":"10","58":"10","95":"10","J7":"10","W9":"10","P9":"10","WR":"10","X5":"10","72":"10","35":"10","X4":"10","26":"10","79":"10","MF":"10","C7":"10","32":"10","VP":"10","GH":"10","M7":"10","XP":"10","87":"10","MJ":"10","CF":"10","G6":"10","X9":"10","R2":"10","GF":"10","55":"10","45":"10","86":"10","J6":"10","C3":"10","R9":"10","M5":"10","J8":"10","G5":"10","83":"10","WM":"10","H4":"10","J2":"10","M4":"10","FC":"10","MM":"10","HM":"10","XM":"10"},"GW":{"69":"10"},"5X":{"J7":"10"},"7J":{"25":"10","23":"10","42":"10","36":"10","35":"10","29":"10","76":"10","6G":"10","5C":"10","87":"10","28":"10","26":"10","34":"10","72":"10","37":"10","27":"10","49":"10","59":"10","5F":"10","4C":"10","3C":"10","62":"10","5J":"10","22":"10","32":"10","4J":"10","4F":"10","5G":"10","68":"10","69":"10","77":"10","3F":"10","5H":"10","58":"10","24":"10"},"6P":{"F7":"10","MC":"10","PG":"10","HH":"10","44":"10","HC":"10","GG":"10","H8":"10","67":"10","C4":"10","M8":"10","82":"10","FG":"10","QF":"10","78":"10","3J":"10","QC":"10","G7":"10","HF":"10","F8":"10","PC":"10","39":"10","H3":"10","42":"10","C8":"10","H7":"10","C6":"10","89":"10","G2":"10","25":"10","H9":"10","G9":"10","36":"10","G3":"10","88":"10","F2":"10","HJ":"10","H5":"10","F6":"10","MG":"10","8C":"10","27":"10","98":"10","JC":"10","62":"10","43":"10","P7":"10","48":"10","GC":"10","J5":"10","77":"10","MH":"10","F5":"10","64":"10","84":"10","Q8":"10","JJ":"10","HG":"10","G8":"10","JH":"10","54":"10","P8":"10","3C":"10","F9":"10","73":"10","CC":"10","GJ":"10","9C":"10","H6":"10","C9":"10","97":"10","JG":"10","92":"10","53":"10","99":"10","FF":"10","C2":"10","93":"10","33":"10","94":"10","96":"10","G4":"10","PF":"10","38":"10","Q9":"10","85":"10","58":"10","95":"10","J7":"10","P9":"10","72":"10","35":"10","26":"10","79":"10","MF":"10","F3":"10","32":"10","JM":"10","GH":"10","M7":"10","47":"10","87":"10","MJ":"10","CF":"10","GF":"10","55":"10","86":"10","J6":"10","63":"10","C3":"10","57":"10","C5":"10","2G":"10","J8":"10","M5":"10","F4":"10","G5":"10","83":"10","H4":"10","M4":"10","FC":"10","52":"10","3G":"10","37":"10","HM":"10","76":"10","22":"10"},"2H":{"QG":"10","X8":"10","HH":"10","2F":"10","8J":"10","44":"10","9M":"10","H8":"10","67":"10","FX":"10","WF":"10","V6":"10","Q7":"10","3H":"10","V9":"10","5P":"10","XF":"10","CJ":"10","6P":"10","2X":"10","3J":"10","XV":"10","8H":"10","8W":"10","FW":"10","PC":"10","W6":"10","6X":"10","4P":"10","42":"10","C8":"10","34":"10","4C":"10","HQ":"10","W5":"10","2W":"10","8G":"10","VM":"10","FR":"10","HX":"10","98":"10","V4":"10","43":"10","7V":"10","7R":"10","R7":"10","X6":"10","6W":"10","HG":"10","G8":"10","XQ":"10","54":"10","VQ":"10","P8":"10","3C":"10","X7":"10","PH":"10","8P":"10","97":"10","7W":"10","V5":"10","VR":"10","RG":"10","CW":"10","FV":"10","WG":"10","X5":"10","CV":"10","2V":"10","79":"10","C7":"10","QX":"10","VP":"10","CX":"10","7G":"10","6V":"10","MJ":"10","G6":"10","4M":"10","2J":"10","7H":"10","R2":"10","45":"10","CR":"10","57":"10","GV":"10","5V":"10","R9":"10","GR":"10","2H":"10","WM":"10","3P":"10","VV":"10","HR":"10","XG":"10","52":"10","76":"10","XM":"10"},"9H":{"XV":"10"},"6J":{"V3":"10","Q4":"10","8V":"10","PG":"10","QG":"10","6F":"10","X8":"10","HH":"10","R8":"10","P3":"10","GG":"10","V7":"10","H8":"10","FX":"10","Q3":"10","7F":"10","V6":"10","Q7":"10","M8":"10","RW":"10","82":"10","QF":"10","M6":"10","RQ":"10","QC":"10","G7":"10","HF":"10","8W":"10","PC":"10","RV":"10","65":"10","Q2":"10","R5":"10","W6":"10","RF":"10","R4":"10","QW":"10","C8":"10","RP":"10","89":"10","HW":"10","X2":"10","H9":"10","Q6":"10","G9":"10","6G":"10","F2":"10","R6":"10","8G":"10","75":"10","HX":"10","98":"10","JC":"10","V4":"10","P7":"10","48":"10","J5":"10","MH":"10","7V":"10","W8":"10","X6":"10","Q8":"10","P4":"10","HG":"10","G8":"10","J4":"10","XQ":"10","74":"10","RR":"10","P8":"10","9F":"10","X7":"10","R3":"10","W7":"10","F9":"10","M3":"10","PH":"10","CC":"10","9C":"10","C9":"10","97":"10","J3":"10","92":"10","7W":"10","99":"10","C2":"10","V5":"10","93":"10","96":"10","G4":"10","PF":"10","Q9":"10","RG":"10","CW":"10","J7":"10","W9":"10","P9":"10","WG":"10","QX":"10","23":"10","JM":"10","J9":"10","CX":"10","M7":"10","PJ":"10","47":"10","RX":"10","7G":"10","MJ":"10","9G":"10","CF":"10","G6":"10","7H":"10","R2":"10","GF":"10","45":"10","C3":"10","M5":"10","F4":"10","G5":"10","J2":"10","VV":"10","M4":"10","XG":"10","FC":"10","MW":"10","XM":"10","22":"10"},"4M":{"P5":"10","8V":"10","PG":"10","QG":"10","6C":"10","6F":"10","5G":"10","HH":"10","JW":"10","P3":"10","GG":"10","5M":"10","67":"10","Q3":"10","RM":"10","QP":"10","5P":"10","M2":"10","GQ":"10","82":"10","W4":"10","5F":"10","M6":"10","FG":"10","H2":"10","2X":"10","78":"10","3R":"10","HF":"10","8W":"10","68":"10","H3":"10","9W":"10","R4":"10","6X":"10","4P":"10","V2":"10","QQ":"10","4W":"10","89":"10","G2":"10","FQ":"10","FH":"10","69":"10","XH":"10","G3":"10","MV":"10","6G":"10","F2":"10","WC":"10","HQ":"10","HJ":"10","2W":"10","8C":"10","FR":"10","29":"10","RJ":"10","49":"10","5H":"10","J5":"10","JX":"10","6H":"10","77":"10","7V":"10","W8":"10","7Q":"10","P6":"10","X6":"10","P4":"10","6W":"10","8M":"10","9X":"10","HG":"10","J4":"10","3Q":"10","28":"10","3W":"10","R3":"10","M3":"10","PH":"10","4V":"10","GJ":"10","9C":"10","8P":"10","FM":"10","VW":"10","J3":"10","92":"10","GM":"10","WV":"10","99":"10","C2":"10","G4":"10","4R":"10","2R":"10","CW":"10","J7":"10","W9":"10","P9":"10","3V":"10","5J":"10","X5":"10","GP":"10","72":"10","2C":"10","2V":"10","X4":"10","23":"10","4Q":"10","GH":"10","CX":"10","M7":"10","QH":"10","6V":"10","4M":"10","FP":"10","R2":"10","7H":"10","55":"10","HP":"10","45":"10","86":"10","2G":"10","5V":"10","M5":"10","GR":"10","5W":"10","3P":"10","H4":"10","8X":"10","WW":"10","J2":"10","VV":"10","M4":"10","XG":"10","MW":"10","76":"10"},"3J":{"P5":"10","V3":"10","F7":"10","2P":"10","Q4":"10","6C":"10","6F":"10","X8":"10","2F":"10","R8":"10","2M":"10","JW":"10","P3":"10","V7":"10","H8":"10","67":"10","Q3":"10","7F":"10","WF":"10","3F":"10","V6":"10","Q7":"10","M8":"10","QP":"10","66":"10","V9":"10","M2":"10","XF":"10","CJ":"10","W4":"10","5F":"10","QF":"10","M6":"10","56":"10","QM":"10","H2":"10","RQ":"10","78":"10","3R":"10","G7":"10","HF":"10","F8":"10","FW":"10","8W":"10","PC":"10","59":"10","68":"10","H3":"10","V8":"10","Q2":"10","65":"10","R5":"10","9W":"10","W6":"10","RF":"10","R4":"10","QW":"10","V2":"10","C8":"10","H7":"10","4W":"10","RP":"10","89":"10","HW":"10","G2":"10","X2":"10","69":"10","Q6":"10","G9":"10","5X":"10","XH":"10","36":"10","G3":"10","VC":"10","MV":"10","88":"10","6G":"10","F2":"10","4C":"10","WC":"10","3M":"10","R6":"10","W5":"10","F6":"10","Q5":"10","8C":"10","75":"10","27":"10","HX":"10","RJ":"10","98":"10","62":"10","V4":"10","P7":"10","J5":"10","77":"10","MH":"10","W8":"10","W2":"10","P6":"10","64":"10","P2":"10","R7":"10","84":"10","Q8":"10","X6":"10","P4":"10","4F":"10","HG":"10","9X":"10","G8":"10","J4":"10","VX":"10","74":"10","54":"10","P8":"10","3C":"10","9F":"10","X7":"10","X3":"10","HV":"10","W7":"10","F9":"10","M3":"10","73":"10","CC":"10","9C":"10","H6":"10","C9":"10","JG":"10","J3":"10","92":"10","53":"10","GM":"10","99":"10","C2":"10","V5":"10","W3":"10","94":"10","RH":"10","G4":"10","7C":"10","8F":"10","38":"10","Q9":"10","58":"10","J7":"10","W9":"10","FV":"10","P9":"10","5J":"10","4X":"10","X5":"10","GP":"10","72":"10","X4":"10","26":"10","79":"10","C7":"10","VP":"10","23":"10","GH":"10","J9":"10","M7":"10","47":"10","7G":"10","6V":"10","MJ":"10","CF":"10","QV":"10","G6":"10","X9":"10","4M":"10","R2":"10","55":"10","M9":"10","J6":"10","63":"10","57":"10","GV":"10","2G":"10","GR":"10","M5":"10","F4":"10","3P":"10","H4":"10","8X":"10","J2":"10","M4":"10","FC":"10","52":"10","MM":"10","CG":"10","5C":"10","76":"10"},"8G":{"HX":"10","GX":"10"},"5Q":{"C6":"10","C7":"10"},"MP":{"7P":"10","7M":"10","6M":"10"},"7H":{"6X":"10","6W":"10","3V":"10","7W":"10","5V":"10","7X":"10","2V":"10","6V":"10","2X":"10","4V":"10"},"3P":{"Q7":"10","R2":"10","XC":"10","XH":"10","RM":"10","W5":"10","R7":"10","V7":"10","V2":"10","GF":"10","R8":"10","Q9":"10","QH":"10","W6":"10","VC":"10","P7":"10","W4":"10","QF":"10","WG":"10","PC":"10","WM":"10","RF":"10","WH":"10","WF":"10","WJ":"10","R3":"10","X9":"10","W8":"10","VM":"10","PF":"10","X3":"10","V8":"10","GG":"10","VH":"10","R5":"10","QJ":"10","W7":"10","W9":"10","V9":"10","V5":"10","R6":"10","RJ":"10","WC":"10","QM":"10","R9":"10","RH":"10","RC":"10","XG":"10","W3":"10","QC":"10","P9":"10","Q8":"10","XF":"10","X6":"10","QG":"10","V4":"10","RG":"10","X5":"10","X2":"10","Q6":"10","VF":"10","VG":"10","X8":"10","R4":"10","Q5":"10","PG":"10","W2":"10","X7":"10","VJ":"10","V6":"10","V3":"10","X4":"10"},"3H":{"V3":"10","P5":"10","2P":"10","Q4":"10","MC":"10","8V":"10","QG":"10","JR":"10","6C":"10","X8":"10","HH":"10","8J":"10","JQ":"10","JW":"10","9M":"10","JF":"10","XX":"10","V7":"10","5M":"10","C4":"10","FX":"10","3F":"10","7X":"10","M8":"10","RW":"10","5P":"10","XF":"10","CJ":"10","M6":"10","QM":"10","6P":"10","78":"10","3R":"10","QC":"10","XV":"10","VH":"10","HF":"10","F8":"10","JP":"10","PC":"10","RV":"10","39":"10","V8":"10","7P":"10","R4":"10","6X":"10","QW":"10","4P":"10","6M":"10","HW":"10","9P":"10","25":"10","FQ":"10","69":"10","5X":"10","XH":"10","7M":"10","8Q":"10","WJ":"10","CP":"10","MV":"10","7J":"10","HJ":"10","CQ":"10","VM":"10","WH":"10","27":"10","HX":"10","WX":"10","RJ":"10","JC":"10","V4":"10","P7":"10","CM":"10","48":"10","QJ":"10","5Q":"10","6Q":"10","JX":"10","2Q":"10","MH":"10","7V":"10","PX":"10","7Q":"10","7R":"10","P6":"10","P2":"10","R7":"10","6W":"10","VJ":"10","JJ":"10","9X":"10","3Q":"10","VX":"10","XQ":"10","MP":"10","PM":"10","5R":"10","JH":"10","RR":"10","P8":"10","MQ":"10","R3":"10","HV":"10","XJ":"10","PH":"10","GJ":"10","8P":"10","MX":"10","9V":"10","FM":"10","JG":"10","92":"10","JV":"10","7W":"10","GM":"10","WV":"10","C2":"10","93":"10","XW":"10","VR":"10","RH":"10","PP":"10","8F":"10","9Q":"10","PF":"10","MR":"10","38":"10","RG":"10","FV":"10","GP":"10","PV":"10","PW":"10","2V":"10","26":"10","MF":"10","FJ":"10","QX":"10","JM":"10","GH":"10","CX":"10","M7":"10","QH":"10","PJ":"10","RX":"10","XP":"10","87":"10","6J":"10","6V":"10","MJ":"10","CF":"10","QV":"10","6R":"10","9J":"10","R2":"10","FP":"10","M9":"10","HP":"10","86":"10","C3":"10","C5":"10","GV":"10","5V":"10","M5":"10","J8":"10","WM":"10","5W":"10","3P":"10","WW":"10","HR":"10","XG":"10","MM":"10","37":"10","HM":"10","CG":"10","MW":"10"},"Q2":{"FC":"10"},"MW":{"55":"10","63":"10","56":"10","66":"10","74":"10","64":"10","65":"10","73":"10","67":"10","75":"10"},"7P":{"Q3":"10","R7":"10","V8":"10","R2":"10","W3":"10","R5":"10","V7":"10","Q2":"10","Q5":"10","J3":"10","Q6":"10","W6":"10","X5":"10","X6":"10","V6":"10","R6":"10","W4":"10","J2":"10","P3":"10","V3":"10","XC":"10","R3":"10","W9":"10","M2":"10","X7":"10","Q4":"10","M3":"10","P4":"10","P5":"10","W7":"10","V4":"10","W8":"10","X9":"10","X8":"10"},"2G":{"F7":"10","2P":"10","HH":"10","2M":"10","JF":"10","H8":"10","7X":"10","QP":"10","W4":"10","M6":"10","QM":"10","2X":"10","78":"10","XV":"10","8H":"10","G7":"10","HF":"10","59":"10","RV":"10","QW":"10","4P":"10","H7":"10","4W":"10","C6":"10","9H":"10","9P":"10","FH":"10","5X":"10","36":"10","MV":"10","3M":"10","HJ":"10","W5":"10","F6":"10","MG":"10","2W":"10","8G":"10","3X":"10","46":"10","WX":"10","P7":"10","CH":"10","GC":"10","6Q":"10","JX":"10","2Q":"10","MH":"10","7V":"10","7R":"10","P6":"10","6W":"10","HG":"10","3Q":"10","PM":"10","MP":"10","5R":"10","3W":"10","F9":"7","4V":"10","GJ":"10","H6":"10","JG":"10","JV":"10","7W":"10","GM":"10","WV":"10","V5":"10","XW":"10","96":"10","PP":"10","8F":"10","4R":"10","J7":"10","4X":"10","PW":"10","26":"10","MF":"10","GX":"10","QX":"10","GH":"10","J9":"10","M7":"10","PJ":"10","47":"10","RX":"10","6V":"10","MJ":"10","CF":"10","6R":"10","G6":"10","4M":"10","7H":"10","GF":"10","M9":"10","J6":"10","2G":"10","5V":"10","5W":"10","3P":"10","WW":"10","FC":"10","CG":"10","5C":"10"},"9P":{"9Q":"10","6J":"10","CM":"10","JV":"10","7H":"10","MW":"10","QP":"10","CH":"10","9P":"10","6G":"10","CJ":"10","FF":"10","JW":"10","CP":"10","6H":"10","GF":"10","RV":"10","FH":"10","FP":"10","7G":"10"},"6M":{"F7":"10","2P":"10","Q4":"10","PG":"10","QG":"10","X8":"10","HH":"10","R8":"10","2M":"10","HC":"10","GG":"10","JF":"10","V7":"10","H8":"10","FX":"10","Q3":"10","7F":"10","WF":"10","7X":"10","V6":"10","V9":"10","XF":"10","QF":"10","FG":"10","XC":"10","H2":"10","2X":"10","3R":"10","VH":"10","8H":"10","HF":"10","FW":"10","59":"10","68":"10","39":"10","V8":"10","R5":"10","9W":"10","W6":"10","R4":"10","6X":"10","C6":"10","89":"10","FH":"10","H9":"10","69":"10","5X":"10","WJ":"10","VC":"10","VG":"10","88":"10","WC":"10","3M":"10","R6":"10","HJ":"10","W5":"10","F6":"10","MG":"10","2W":"10","8G":"10","75":"10","WH":"10","3X":"10","29":"10","49":"10","JC":"10","V4":"10","48":"10","QJ":"10","GC":"10","2Q":"10","77":"10","W8":"10","64":"10","R7":"10","84":"10","6W":"10","9X":"10","HG":"10","3Q":"10","5R":"10","28":"10","74":"10","3W":"10","9F":"10","R3":"10","W7":"10","PH":"10","73":"10","VF":"10","GJ":"10","9C":"10","C9":"10","97":"10","24":"10","7W":"10","99":"10","V5":"10","7C":"10","4R":"10","2R":"10","PF":"10","85":"10","95":"10","CW":"10","W9":"10","WG":"10","3V":"10","2V":"10","79":"10","GX":"10","C7":"10","32":"10","23":"10","4Q":"10","GH":"10","J9":"10","CX":"10","QH":"10","PJ":"10","87":"10","7G":"10","6V":"10","CF":"10","9G":"10","6R":"10","X9":"10","4M":"10","7H":"10","86":"10","63":"10","F4":"10","83":"10","3P":"10","H4":"10","8X":"10","J2":"10","XG":"10","52":"10","CG":"10","76":"10","22":"10"},"8J":{"XW":"10","XV":"10"},"6G":{"82":"10","73":"10","92":"10","F3":"10","C2":"10","C5":"10","42":"10","F4":"10","C3":"10","83":"10","93":"10","72":"10","32":"10","F2":"10","C4":"10","F5":"10"},"3M":{"XW":"10","VX":"10","G6":"10","55":"10","H3":"10","6C":"10","MH":"10","R2":"10","XC":"10","XV":"10","QW":"10","6G":"10","H8":"10","R7":"10","JH":"10","V7":"10","54":"10","PP":"10","9H":"10","R8":"10","H6":"10","7C":"10","75":"10","Q9":"10","56":"10","52":"10","42":"10","QH":"10","C2":"10","32":"10","HC":"10","CF":"10","69":"10","CC":"10","W4":"10","WM":"10","WH":"10","J8":"10","MJ":"10","G8":"10","G2":"10","VW":"10","QV":"10","G7":"10","R3":"10","47":"10","JJ":"10","WV":"10","QP":"10","X9":"10","CG":"10","WR":"10","9G":"10","68":"10","VM":"10","PQ":"10","PX":"10","WP":"10","H2":"10","J7":"10","X3":"10","MP":"10","V8":"10","GG":"10","QJ":"10","H7":"10","64":"10","96":"10","MF":"10","48":"10","74":"10","G3":"10","83":"10","95":"10","RV":"10","WX":"10","R9":"10","34":"10","35":"10","XR":"10","25":"10","7F":"10","RC":"10","W3":"10","QC":"10","VP":"10","22":"10","QG":"10","33":"10","J6":"10","73":"10","85":"10","FF":"10","23":"10","XX":"10","8H":"10","44":"10","MQ":"10","65":"10","84":"10","X8":"10","43":"10","RW":"10","W2":"10","WW":"10","C9":"10","QX":"10","24":"10","94":"10","F2":"10","V6":"10","FH":"10","53":"10","RR":"10","X4":"10","6F":"10"},"R4":{"7W":"10"},"GX":{"FV":"10","MV":"10","FW":"10","FR":"10","CR":"10","JX":"10","MR":"10","CV":"10"},"9C":{"X5":"10"},"3V":{"QF":"10"},"2P":{"3G":"10","23":"10","VV":"10","33":"10","4F":"10","WV":"10","5H":"10","RG":"10","49":"10","4C":"10","6H":"10","VM":"10","RH":"10"},"6V":{"94":"10","86":"10","84":"10","96":"10","85":"10","C5":"10","95":"10","C6":"10"},"WQ":{"7P":"10","8Q":"10","8P":"10","7Q":"10"},"CJ":{"5G":"10","4H":"10","5H":"10"},"3G":{"VX":"10","Q7":"10","97":"10","55":"10","H3":"10","C7":"10","XH":"10","HG":"10","W5":"10","58":"10","9C":"10","R7":"10","J4":"10","V7":"10","V2":"10","C4":"10","9W":"10","R8":"10","H6":"10","M5":"10","Q3":"10","75":"10","Q9":"10","56":"10","52":"10","C2":"10","7W":"10","J5":"10","CF":"10","CC":"10","77":"10","MC":"10","XQ":"10","QF":"10","PC":"10","RQ":"10","RF":"10","WH":"10","C6":"10","G2":"10","WJ":"10","G7":"10","3X":"10","JJ":"10","RP":"10","C5":"10","78":"10","QP":"10","X9":"10","M6":"10","W8":"10","68":"10","PF":"10","93":"10","PX":"10","H2":"10","46":"10","X3":"10","MP":"10","67":"10","V8":"10","GG":"10","J2":"10","9F":"10","R5":"10","QJ":"10","W9":"10","V9":"10","V5":"10","QQ":"10","MF":"10","R6":"10","48":"10","29":"10","C3":"10","82":"10","66":"10","M9":"10","G3":"10","83":"10","P8":"10","95":"10","FR":"10","R9":"10","M3":"10","72":"10","PJ":"10","XR":"10","JV":"10","M2":"10","RH":"10","RC":"10","45":"10","W3":"10","FQ":"10","QC":"10","J9":"10","P9":"10","Q8":"10","X6":"10","M4":"10","G4":"10","QG":"10","V4":"10","RG":"10","J6":"10","2W":"10","X5":"10","VV":"10","X2":"10","65":"10","Q6":"10","J3":"10","X8":"10","JM":"10","2X":"10","92":"10","FW":"10","W2":"10","76":"10","C8":"10","94":"10","V3":"10","62":"10","5X":"10","X4":"10"},"8R":{"9M":"10"},"8M":{"39":"10","9R":"10","F6":"10","GP":"10","C7":"10","5W":"10","XC":"10","JG":"10","HG":"10","9P":"10","58":"10","JC":"10","JH":"10","54":"10","2G":"10","5C":"10","C4":"10","F8":"10","5V":"10","M5":"10","9M":"10","75":"10","42":"10","QH":"10","FM":"10","2Q":"10","9V":"10","3G":"10","32":"10","HC":"10","7J":"10","4R":"10","HM":"10","C6":"10","8J":"10","3M":"10","7P":"10","GQ":"10","3X":"10","47":"10","JJ":"10","C5":"10","4W":"10","3C":"10","M6":"10","PQ":"10","93":"10","MP":"10","2P":"10","FP":"10","W9":"10","2J":"10","48":"10","29":"10","74":"10","8R":"10","95":"10","WC":"10","34":"10","59":"10","8G":"10","HQ":"10","4X":"10","FQ":"10","F7":"10","HP":"10","J9":"10","33":"10","85":"10","FF":"10","GM":"10","44":"10","H9":"10","84":"10","7M":"10","3W":"10","4C":"10","43":"10","GJ":"10","28":"10","2H":"10","C8":"10","HJ":"10","94":"10","5X":"10","JF":"10","53":"10","49":"10"},"PQ":{"G9":"10","HC":"10","GC":"10"},"5V":{"HV":"3","HM":"10","CQ":"10","GM":"10","GV":"3","CP":"10","JP":"10","GR":"3","GP":"10","HQ":"10","HR":"3","HP":"10"},"5R":{"68":"10","58":"10"},"RP":{"WX":"10"},"5M":{"F5":"10","PH":"10","C7":"10","JX":"10","PM":"10","FQ":"10","5R":"10","5F":"10","RG":"10","PF":"10","P6":"10","H5":"10","8J":"10","RV":"10","QG":"10","WV":"10","CF":"10","H4":"10","Q4":"10","XP":"10","HP":"10","58":"10","FX":"10","MX":"10","JV":"10","P5":"10","GR":"10","9J":"10","MQ":"10","GC":"10","VP":"10","RH":"10","6G":"10","64":"10","9Q":"10","7J":"10","FJ":"10","C8":"10","VH":"10","VJ":"10","9H":"10","WX":"10","Q2":"10","HJ":"10","GH":"10","GG":"10","59":"10","38":"10","XG":"10","PR":"10","WH":"10","QW":"10","PC":"10","MP":"10","GV":"10","PX":"10","M6":"10","36":"10","JM":"10","HM":"10","F8":"10","J2":"10","FP":"10","9C":"10","H9":"10","CQ":"10","5C":"10","G3":"10","HR":"10","4R":"10","WJ":"10","9P":"10","XF":"10","W7":"10","3R":"10","MV":"10","XR":"10","47":"10","MR":"10","HC":"10","HX":"10","54":"10","XW":"10","JJ":"10","CX":"10","48":"10","PV":"10","FM":"10","CG":"10","49":"10","WR":"10","RX":"10","J5":"10","MC":"10","CH":"10","VW":"10","Q9":"10","7G":"10","RP":"10","VQ":"10","37":"10","RM":"10","CC":"10","8H":"10","PJ":"10","63":"10","GX":"10","94":"10","9M":"10","WP":"10","25":"10","QQ":"10","72":"10","5G":"10","P9":"10","FG":"10","QV":"10","XQ":"10","CP":"10","6H":"10","4V":"10","9F":"10","6F":"10","8V":"10","28":"10","HW":"10","Q3":"10","G4":"10","M2":"10","JH":"10","GP":"10","GQ":"10","FR":"10","29":"10","XX":"10","JW":"10","VR":"10","5J":"10","68":"10","42":"10","VM":"10","JQ":"10","5Q":"10","6R":"10","QR":"10","6P":"10","53":"10","JP":"10","HV":"10","RJ":"10","7M":"10","RR":"10","QC":"10","M9":"10","74":"10","PQ":"10","M7":"10","CM":"10","P4":"10","Q6":"10","57":"10","G5":"10","MJ":"10","8M":"10","JR":"10","45":"10","5M":"10","MH":"10","65":"10","WW":"10","WQ":"10","43":"10","G7":"10","9W":"10","QX":"10","F9":"10","5H":"10","F7":"10","Q5":"10","G9":"10","VV":"10","WM":"10","MG":"10","VX":"10","46":"10","PW":"10","RQ":"10","52":"10","7H":"10","62":"10","G8":"10","88":"10","CW":"10","5P":"10","89":"10","MF":"10","55":"10","RW":"10","67":"10"},"HR":{"28":"10","39":"10","38":"10","29":"10"},"XM":{"FP":"10"},"8V":{"JP":"10","GQ":"10","GR":"10","JQ":"10","HR":"10","JM":"10"},"5F":{"HX":"10","4R":"10","2G":"10","VV":"10","XV":"10","4Q":"10","3X":"10","4P":"10","FP":"10","GX":"10","3P":"10","8W":"10","MX":"10","5H":"10","4X":"10","7J":"10","3Q":"10","RV":"10","5P":"10","GP":"10","6H":"10","5Q":"10","7R":"10","4H":"10","2X":"10","XR":"10","9P":"10","RW":"10","JX":"10","HW":"10","6X":"10","7H":"10","9Q":"10","XW":"10","9W":"10","3M":"10","GW":"10","6J":"10"},"RC":{"X9":"10","X8":"10","W8":"10"},"6F":{"CV":"10","5P":"10","4X":"10","2W":"10","CW":"10","8X":"10","7X":"10","7R":"10","9W":"10","CR":"10","8J":"10","3V":"10","4R":"10","6X":"10","8M":"10","5V":"10","5R":"10","9X":"10","9J":"10","CX":"10","2V":"10","3X":"10","FW":"10","6R":"10","4V":"10","9M":"10","FR":"10","FV":"10","4P":"10","3W":"10","9R":"10"},"FX":{"Q7":"10","G6":"10","C7":"10","F5":"10","R7":"10","Q9":"10","QH":"10","P7":"10","HM":"10","PC":"10","J8":"10","G5":"10","JJ":"10","M6":"10","J7":"10","RJ":"10","GC":"10","G3":"10","P8":"10","4M":"10","F9":"10","RH":"10","FC":"10","QC":"10","F7":"10","P9":"10","Q8":"10","G4":"10","QG":"10","Q6":"10","JM":"10","G9":"10","HJ":"10","P6":"10","M7":"10"},"HG":{"67":"10"},"9J":{"3R":"10","3V":"10","5V":"10","5R":"10","2X":"10","4R":"10","2W":"10"},"2R":{"6H":"10","4H":"10","5H":"10"},"5J":{"Q7":"10","G6":"10","6R":"10","6C":"10","6V":"10","5W":"10","JG":"10","JR":"10","W5":"10","6G":"10","JC":"10","H8":"10","9C":"10","R7":"10","J4":"10","4V":"10","V7":"10","5J":"10","5M":"10","2G":"10","4H":"10","F8":"10","MW":"10","5V":"10","2M":"10","7C":"10","Q3":"10","Q9":"10","PW":"10","89":"10","4Q":"10","6P":"10","5Q":"10","5R":"10","Q2":"10","J5":"10","HC":"10","P7":"10","4R":"10","CF":"10","4J":"10","CC":"10","79":"10","77":"10","W4":"10","HM":"10","RQ":"10","J8":"10","4P":"10","G8":"10","8J":"10","6H":"10","6M":"10","8X":"10","R3":"10","7X":"10","WV":"10","78":"10","4W":"10","X9":"10","CG":"10","7Q":"10","PX":"10","X3":"10","5H":"10","5G":"10","88":"10","FP":"10","W9":"10","R6":"10","2J":"10","GX":"10","M9":"10","P8":"10","GR":"10","WX":"10","M3":"10","GV":"10","35":"10","4M":"10","JV":"10","4F":"10","M2":"10","F9":"10","7F":"10","FC":"10","J9":"10","MV":"10","P9":"10","Q8":"10","X6":"10","M4":"10","V4":"10","X5":"10","FF":"10","5P":"10","PV":"10","X2":"10","8C":"10","H9":"10","8F":"10","MX":"10","7G":"10","3W":"10","Q5":"10","R4":"10","4C":"10","87":"10","8W":"10","6X":"10","RW":"10","2H":"10","W2":"10","CH":"10","C9":"10","G9":"10","V6":"10","HR":"10","JX":"10","V3":"10","6Q":"10","5X":"10","RR":"10","P6":"10","6F":"10"},"2V":{"WH":"10","WJ":"10","VH":"10","VJ":"10","XF":"10","WF":"10"},"4J":{"MC":"10","8V":"10","PG":"10","QG":"10","5G":"10","X8":"10","8J":"10","JQ":"10","JF":"10","XX":"10","V7":"10","5M":"10","FX":"10","WF":"10","3F":"10","7X":"10","Q7":"10","RM":"10","RW":"10","CJ":"10","82":"10","W4":"10","QF":"10","QM":"10","WP":"10","6P":"10","RQ":"10","VH":"10","HF":"10","F8":"10","FW":"10","8W":"10","RV":"10","39":"10","9W":"10","7P":"10","W6":"10","RF":"10","QW":"10","4P":"10","6M":"10","QR":"10","42":"10","QQ":"10","C8":"10","GW":"10","RP":"10","FH":"10","7M":"10","WJ":"10","VC":"10","VG":"10","4C":"10","WC":"10","W5":"10","H5":"10","CQ":"10","2W":"10","FR":"10","75":"10","27":"10","29":"10","HX":"10","WX":"10","RJ":"10","49":"10","5H":"10","V4":"10","P7":"10","CM":"10","QJ":"10","J5":"10","6Q":"10","JX":"10","4G":"10","6H":"10","7V":"10","W8":"10","7Q":"10","7R":"10","X6":"10","Q8":"10","P4":"10","VJ":"10","4F":"10","9X":"10","VX":"10","PM":"10","XQ":"10","28":"10","VQ":"10","P8":"10","MQ":"10","3C":"10","9F":"10","X7":"10","8R":"10","W7":"10","F9":"10","XJ":"10","VF":"10","C9":"10","FM":"10","VW":"10","7W":"10","WV":"10","FF":"10","RC":"10","V5":"10","93":"10","VR":"10","RH":"10","PP":"10","WQ":"10","PF":"10","38":"10","RG":"10","58":"10","95":"10","CW":"10","W9":"10","FV":"10","WR":"10","WG":"10","5J":"10","X5":"10","PQ":"10","PV":"10","35":"10","2V":"10","MF":"10","GX":"10","FJ":"10","4J":"10","GH":"10","CX":"10","M7":"10","QH":"10","PJ":"10","RX":"10","XP":"10","6J":"10","9G":"10","QV":"10","6R":"10","PR":"10","2J":"10","M9":"10","GV":"10","GR":"10","G5":"10","83":"10","WM":"10","3P":"10","H4":"10","8X":"10","4H":"10","WW":"10","MM":"10","5C":"10","XM":"10","22":"10"},"9V":{"WR":"10","XQ":"10","XR":"10","32":"10","42":"10"},"CP":{"FM":"10","5X":"10","5J":"10","5M":"10","4X":"10","8X":"10","3Q":"10","5P":"10","6Q":"10","4M":"10","6P":"10","7X":"10","6X":"10","4V":"10","3W":"10","6M":"10"},"VC":{"28":"10","29":"10"},"6H":{"GW":"10","JV":"10","HW":"10","CW":"10","RW":"10","JX":"10","8X":"10","QX":"10","RX":"10","9W":"10","MW":"10","WR":"10","GX":"10","WQ":"10","XW":"10","XX":"10","PW":"10","9X":"10","2X":"10","JW":"10","FX":"10","HV":"10","MV":"10","XR":"10","CX":"10","XQ":"10","RV":"10","HX":"10","RR":"10"},"4F":{"XW":"10","9R":"10","FX":"10","6R":"10","GP":"10","6V":"10","3Q":"10","JR":"10","9P":"10","4V":"10","8P":"10","VR":"10","MW":"10","7R":"10","5V":"10","QR":"10","PW":"10","4Q":"10","5Q":"10","5R":"10","FM":"10","QH":"10","4R":"10","FV":"10","HM":"10","WG":"10","WM":"10","RQ":"10","WH":"10","WJ":"10","7P":"10","VW":"10","QV":"10","GQ":"10","CX":"10","3X":"10","JJ":"10","RP":"10","4W":"10","PQ":"10","7Q":"10","MP":"10","FP":"10","RJ":"10","GR":"10","FR":"10","GV":"10","CP":"10","JV":"10","HQ":"10","RH":"10","4X":"10","HV":"10","HP":"10","MV":"10","MR":"10","3V":"10","PR":"10","2W":"10","GM":"10","7M":"10","3W":"10","JM":"10","2X":"10","6X":"10","RW":"10","HJ":"10","9Q":"10","HR":"10","6Q":"10","5X":"10"},"5G":{"23":"10","38":"10","2P":"10","25":"10","J2":"10","22":"10","39":"10","5R":"10","M3":"10","R4":"10","43":"10","X3":"10","2M":"10","37":"10","M2":"10","42":"10","2C":"10","3Q":"10","29":"10","H2":"10","P4":"10","28":"10","R3":"10","M4":"10","3M":"10","47":"10"},"JM":{"XJ":"10","WJ":"10","WM":"10"},"9M":{"44":"10","33":"10","32":"10","34":"10","43":"10"},"H7":{"95":"10"},"FP":{"8W":"10","9W":"10"},"G9":{"W2":"10","X2":"10"},"7Q":{"J8":"10"},"2M":{"X2":"10","5J":"10"},"CQ":{"63":"10","52":"10","54":"10","53":"10","82":"10","64":"10","39":"10","73":"10","72":"10","42":"10","29":"10","62":"10"},"3F":{"XX":"10","QX":"10","HX":"10","5X":"10","VR":"10","XQ":"10","MX":"10","VX":"10","RX":"10","RR":"10","JX":"10","6X":"10","WX":"10","XW":"10","PX":"10","GW":"10"},"4G":{"6C":"10","6F":"10","5G":"10","2F":"10","R8":"10","V7":"10","C4":"10","7F":"10","3F":"10","V6":"10","Q7":"10","RM":"10","M8":"10","RW":"10","V9":"10","WP":"10","78":"10","3J":"10","PC":"10","RV":"10","H3":"10","V8":"10","7P":"10","W6":"10","RF":"10","QW":"10","42":"10","QR":"10","C8":"10","RP":"10","X2":"10","FQ":"10","6G":"10","R6":"10","W5":"10","H5":"10","2W":"10","MG":"10","8C":"10","VM":"10","5H":"10","43":"10","4G":"10","6H":"10","R7":"10","VJ":"10","JJ":"10","J4":"10","3Q":"10","VX":"10","74":"10","P8":"10","3W":"10","R3":"10","HV":"10","W7":"10","XJ":"10","PH":"10","8P":"10","FM":"10","24":"10","J3":"10","53":"10","99":"10","C2":"10","V5":"10","33":"10","94":"10","G4":"10","7C":"10","Q9":"10","95":"10","W9":"10","P9":"10","X5":"10","PV":"10","PW":"10","X4":"10","F3":"10","C7":"10","32":"10","VP":"10","23":"10","JM":"10","M7":"10","PJ":"10","XP":"10","2J":"10","R2":"10","C3":"10","57":"10","C5":"10","2G":"10","2H":"10","G5":"10","WM":"10","H4":"10","4H":"10","VV":"10","3G":"10","HM":"10","CG":"10","XM":"10","22":"10"},"5H":{"22":"10","6P":"10"},"GR":{"X9":"10","W7":"10","XC":"10","WF":"10","W5":"10","V5":"10","W8":"10","X6":"10","V9":"10","V7":"10","X7":"10","VC":"10","W6":"10","V4":"10","WC":"10","V8":"10"},"8H":{"F3":"10","F2":"10","P5":"10","G2":"10","C2":"10"},"7M":{"MG":"10","VX":"10","JP":"10|9","MH":"10","JG":"10","JR":"10","JH":"10","JQ":"10","7C":"10","75":"10","PW":"10","7J":"10","WM":"10","C6":"10","MJ":"10","8J":"10","G7":"10","47":"10","JJ":"10","QP":"10","VM":"10","MP":"10|9","8M":"10","MF":"10","QQ":"10","RJ":"10","GC":"10","MM":"10|9","JV":"10","HQ":"10","HV":"10","FC":"10","QC":"10","F7":"10","MV":"10","VP":"10","MR":"10","VQ":"10","PR":"10","85":"10","PV":"10","8C":"10","WQ":"10","MQ":"10","VF":"10","7M":"10","JM":"10|9","RX":"10","QX":"10","VJ":"10","HR":"10","JF":"10"},"4P":{"C2":"10","6C":"10","2C":"10","25":"10","23":"10","56":"10","92":"10","57":"10","36":"10","2F":"10","74":"10","35":"10","29":"10","2G":"10","G2":"10","6G":"10","J3":"10","5C":"10","38":"10","X5":"10","6V":"10","X6":"10","F3":"10","3G":"10","28":"10","26":"10","66":"10","37":"10","49":"10","27":"10","59":"10","G3":"10","4C":"10","5F":"10","6F":"10","6W":"10","3C":"10","48":"10","F2":"10","46":"10","X4":"10","22":"10","64":"10","4F":"10","5G":"10","39":"10","67":"10","M4":"10","68":"10","69":"10","47":"10","3F":"10","4G":"10","M3":"10","P4":"10","94":"10","5W":"10","58":"10","24":"10","65":"10","93":"10","C3":"10","55":"10"},"3W":{"M3":"10"},"9R":{"4X":"10","3X":"10"},"GM":{"GH":"10","GJ":"10","HJ":"10"},"4H":{"VX":"10","HX":"10","G6":"10","GP":"10","JP":"10","R2":"10","5W":"10","XV":"10","FG":"10","JR":"8|10","F5":"10","J4":"10","4V":"10","5J":"10","PP":"10","4H":"10","5C":"10","5V":"10","H6":"10","M5":"10","Q3":"10","56":"10","4Q":"10","QH":"10","C2":"10","2Q":"10","P4":"10","Q2":"10","5F":"10","J5":"10","4R":"10","4J":"10","77":"10","4P":"10","3M":"10","VW":"10","8X":"10","GQ":"10","R3":"10","CX":"10","7X":"10","3X":"10","C5":"10","4W":"10","3C":"10","QP":"10","JW":"10","M6":"10","2C":"10","57":"10","PQ":"10","63":"10","2R":"10","67":"10","J2":"10","5G":"10","R5":"10","QJ":"10","M8":"10","2P":"10","V5":"10","37":"10","R6":"10","2J":"10","3P":"10","C3":"10","4G":"10","RJ":"10","66":"10","HW":"10","RV":"10","QM":"10","GR":"10","8Q":"10","72":"10","GV":"10","CP":"10","4M":"10","PJ":"10","3J":"10","4F":"10","F9":"10","CR":"10","RH":"10","4X":"10","W3":"10","M4":"10","PR":"10","33":"10","V4":"10","CM":"10","J6":"10","2W":"10","73":"10","PH":"10","VV":"10","3F":"10","7G":"10","PM":"10","2X":"10","R4":"10","Q5":"10","4C":"10","92":"10","87":"10","28":"10","RW":"10","W2":"10","76":"10","RX":"10","QX":"10","2F":"10","V6":"10","62":"10","FH":"10"},"7G":{"4J":"10","5J":"10","4M":"10","6M":"10","5P":"10","5M":"10"},"2J":{"PC":"10","H4":"10","C5":"10","GC":"10","JV":"10","82":"10","3J":"10","8G":"10","QQ":"10","42":"10","G4":"10","G5":"10","7C":"10","HJ":"10","Q2":"10","RF":"10","83":"10","QP":"10","9C":"10","X5":"10","H2":"10","X6":"10","M9":"10","PW":"10","J2":"10","VH":"10","62":"10","22":"10","8C":"10","X7":"10","RV":"10","VF":"10","VG":"10","5H":"10","8H":"10","MQ":"10","QV":"10","VR":"10","65":"10","RG":"10","RR":"10","QR":"10","H3":"10","89":"10"},"CG":{"7F":"10","38":"10","79":"10","57":"10","5C":"10","6C":"10","58":"10","89":"10","8C":"10","7C":"10","8F":"10","5F":"10","48":"10","47":"10"},"8P":{"R7":"10","C2":"10","V8":"10","R8":"10","C5":"10","25":"10","42":"10","36":"10","V7":"10","76":"10","98":"10","V6":"10","28":"10","88":"10","97":"10","86":"10","26":"10","34":"10","R6":"10","C6":"10","27":"10","96":"10","48":"10","95":"10","32":"10","C4":"10","64":"10","8C":"10","77":"10","47":"10","94":"10","24":"10","C3":"10","89":"10"}},"RV":{"XX":{"HX":"10"},"QX":{"RW":"10","VV":"10","VP":"10","VR":"10","WV":"10","QW":"10","QV":"10"},"2P":{"M7":"10","J6":"10","P8":"10","P7":"10","P6":"10","Q8":"10","M6":"10","V6":"10","Q7":"10","P5":"10"},"5R":{"MC":"10"},"XH":{"H4":"10","C5":"10","5P":"10","HF":"10","GC":"10","6P":"10","HC":"10","9H":"10","6Q":"10","56":"10","5Q":"10","57":"10","F7":"10","74":"10","CH":"10","6M":"10","9P":"10","76":"10","J3":"10","84":"10","JF":"10","H2":"10","8M":"10","66":"10","FF":"10","F6":"10","5M":"10","C6":"10","85":"10","96":"10","J4":"10","95":"10","64":"10","JG":"10","GF":"10","67":"10","FH":"10","77":"10","G9":"10","75":"10","8H":"10","FG":"10","FC":"10","65":"10","H3":"10","8P":"10"},"2M":{"RW":"10","VX":"10","WW":"10","VW":"10","RX":"10"},"RX":{"CX":"10","5W":"10","9X":"10","3V":"10","5V":"10","7X":"10","4V":"10"},"3J":{"XJ":"10","XH":"10","HQ":"10","8F":"10","JP":"10","9F":"10","CG":"10","9G":"10","8H":"10","JQ":"10","HP":"10","8G":"10"},"XG":{"F7":"10","MC":"10","JR":"10","6F":"10","HH":"10","JQ":"10","H8":"10","5P":"10","GQ":"10","QF":"10","M6":"10","6P":"10","QC":"10","8H":"10","F8":"10","PC":"10","7P":"10","6M":"10","C8":"10","H7":"10","FQ":"10","H9":"10","G9":"10","7M":"10","8Q":"10","MV":"10","6G":"10","9R":"10","7J":"10","HQ":"10","H5":"10","8G":"10","8C":"10","HX":"10","98":"10","QJ":"10","GC":"10","5Q":"10","6Q":"10","MH":"10","7Q":"10","7R":"10","8M":"10","HG":"10","PM":"10","5R":"10","JH":"10","9F":"10","8R":"10","F9":"10","CC":"10","GJ":"10","9C":"10","H6":"10","8P":"10","C9":"10","97":"10","FM":"10","JG":"10","GM":"10","99":"10","9Q":"10","PF":"10","J7":"10","P9":"10","5J":"10","GP":"10","PV":"10","PW":"10","MF":"10","FJ":"10","J9":"10","6J":"10","6V":"10","9G":"10","CF":"10","6R":"10","FP":"10","7H":"10","GF":"10","M9":"10","J6":"10","GV":"10","5V":"10","GR":"10","M5":"10","HR":"10","FC":"10","MW":"10"},"CW":{"2P":"10","3J":"10","2J":"10","3H":"10","2M":"10","2H":"10","2Q":"10","WV":"10","WP":"10"},"9W":{"XM":"10","XH":"10","WH":"10","XP":"10"}},"VV":{"GP":{"HX":"10","QW":"10","PW":"10","PR":"10","GX":"10","PV":"10","QR":"10","QV":"10","JX":"10","HW":"10","JW":"10","GW":"10"},"GQ":{"5P":"10","F4":"10","6C":"10","F8":"10","6P":"10","2H":"10","C8":"10","6Q":"10","82":"10","4M":"10","5Q":"10","57":"10","3P":"10","7C":"10","F7":"10","7F":"10","2G":"10","6M":"10","98":"10","G2":"10","6G":"10","3M":"10","5C":"10","H2":"10","87":"10","97":"10","86":"10","C7":"10","3Q":"10","5R":"10","F6":"10","72":"10","5M":"10","C6":"10","49":"10","96":"10","85":"10","59":"10","5F":"10","4C":"10","6F":"10","3C":"10","4F":"10","G7":"10","39":"10","8C":"10","67":"10","68":"10","6R":"10","58":"10","4P":"10","4Q":"10","73":"10","7G":"10","2J":"10"},"75":{"82":"10"},"FR":{"MV":"10","PW":"10","MQ":"10","MW":"10","JJ":"10","PV":"10","JQ":"10","PQ":"10","JH":"10","HW":"10"},"FQ":{"RQ":"10","RJ":"10","RP":"10","PP":"10","WC":"10","QP":"10","QM":"10","RM":"10","PM":"10"}},"QV":{"WG":{"FW":"10","FV":"10"},"38":{"6X":"10","7X":"10"},"33":{"FJ":"10"},"4F":{"45":"10"},"RP":{"VV":"10","RR":"10","RV":"10","VR":"10"},"39":{"23":"10","33":"10","72":"10","34":"10","62":"10","24":"10"},"8V":{"MH":"10","PH":"10"},"2C":{"52":"10"},"6H":{"JX":"10"},"6V":{"84":"10","83":"10","74":"10","85":"10","C8":"10","73":"10","C7":"10","F8":"10"},"WH":{"MQ":"10","JQ":"10","HP":"10","W6":"10"},"HW":{"VP":"10","G7":"10","H7":"10","GC":"10","F9":"10","G8":"10","FC":"10","H8":"10","WP":"10","G9":"10"},"8P":{"47":"10","46":"10"},"PX":{"6W":"10","7V":"10","7R":"10"}},"VR":{"35":{"37":"10","26":"10","36":"10","35":"10","27":"10"}},"RR":{"8W":{"7F":"10","79":"10","9F":"10","7G":"10","8G":"10","8H":"10","6F":"10","6C":"10","89":"10","7C":"10","8C":"10","7H":"10"},"VC":{"69":"10","68":"10","88":"10","57":"10","67":"10","58":"10"},"7F":{"WR":"3","XR":"3|10"},"G5":{"MX":"10","PX":"10","QX":"10"},"26":{"RR":"10","QR":"10"},"3H":{"MF":"10","MG":"10"},"G6":{"Q2":"10","P2":"10","M2":"10"},"5R":{"X2":"10"}},"QR":{"V9":{"G2":"10","H2":"10"},"J4":{"84":"10","83":"10","55":"10","56":"10","66":"10","74":"10","F3":"10","45":"10","65":"10","73":"10","46":"10","36":"10","35":"10","93":"10"},"R2":{"6X":"10","HX":"10","7X":"10"},"V8":{"MX":"10","JP":"10","HX":"10","GX":"10"}}},"index":{"university,1|retail,2|tourism,3|wreck,4|historical,5|artsCulture,6|namedBuilding,7|water,8|wetland,9|park,10|beach,11|natureReserve,12|cemetery,13|trail,14":{}}}