{"52":{"XP":{"35":{"R7":"10","R6":"10"}},"C6":{"PV":{"J4":"10","J3":"10","J2":"10","M2":"10"},"PR":{"MX":"10","JX":"10","MW":"10"},"VQ":{"FJ":"10","CX":"10","9R":"10","8X":"10","FM":"10","GG":"10","GH":"10","HF":"10","GF":"10","9X":"10","FP":"10","CW":"10","GM":"10","CR":"10","8R":"10","GJ":"10","FR":"10","FQ":"10","CV":"10"},"RQ":{"H8":"10","WM":"10","WP":"10"},"VP":{"8W":"10","7W":"10","8V":"10","7V":"10"},"RR":{"2J":"10","3H":"10"},"VR":{"84":"10","76":"10","83":"10","66":"10","74":"10","82":"10","92":"10","67":"10","75":"10"},"QV":{"M6":"10","M5":"10"}},"H3":{"49":{"W7":"10","W6":"10"},"Q5":{"7Q":"10","6Q":"10","7R":"10"}},"J2":{"6M":{"JG":"10"}},"QF":{"M7":{"G4":"10","F4":"10"},"J6":{"MF":"10"},"P8":{"FW":"10","98":"5","Q6":"10","F9":"10","79":"10","F2":"10","C6":"10","C2":"10"},"P7":{"HW":"10","HX":"10","GX":"10"},"PC":{"8W":"10"},"M5":{"H5":"10"}},"M2":{"84":{"37":"10","36":"10"},"54":{"FG":"10"}},"RC":{"55":{"59":"10","58":"10","48":"10"},"56":{"9Q":"10","8Q":"10","CM":"10","9H":"10","GG":"10","8X":"10","CH":"10","9P":"10","8J":"10","CJ":"10","MC":"10","2X":"10","9J":"10","9M":"10","FH":"10","FV":"10","8H":"10","FG":"10","8P":"10","CG":"10"},"45":{"RQ":"10","QQ":"10"},"57":{"22":"10"},"47":{"X2":"10"},"46":{"XX":"10"}},"H8":{"82":{"X8":"10"}},"R5":{"PR":{"C7":"10"}},"C7":{"J2":{"QM":"10"}}},"index":{"university,1|retail,2|tourism,3|wreck,4|historical,5|artsCulture,6|namedBuilding,7|water,8|wetland,9|park,10|beach,11|natureReserve,12|cemetery,13|trail,14":{}}}