{"53":{"MC":{"7H":{"C4":"10","95":"10","G2":"10","F4":"10","H2":"10"},"7G":{"GX":"10"}},"JG":{"FF":{"GJ":"10","FF":"10","82":"10","C9":"10","9F":"10","CC":"10","73":"10","CG":"10","99":"10","C2":"3","FG":"10","CF":"10","83":"10","8C":"10","72":"10","8F":"10","F2":"3|10","9C":"10"},"6G":{"CC":"10","CR":"10","CQ":"10","C9":"10","F8":"10","CV":"10"},"C9":{"GM":"3","FM":"3|10","4P":"10","FP":"3","3P":"10","CP":"3","3Q":"10","GP":"3","CM":"3"},"CC":{"84":"10","83":"10","X9":"10","74":"10","82":"10"},"99":{"HX":"10","4J":"10","9P":"3","JX":"10","GJ":"10"},"5M":{"XQ":"10"},"G3":{"2P":"10","7M":"10","5J":"10","5M":"10","3P":"10","5H":"10","7Q":"10","7P":"10","5P":"10","6Q":"10","6H":"10","7R":"10","6P":"10","6M":"10","6J":"10"},"FH":{"QF":"10"},"6F":{"WX":"10"},"CH":{"9C":"3"},"7R":{"2P":"10","3P":"10"},"G4":{"4X":"10|3","5X":"10|3"},"CF":{"V9":"10"},"G6":{"2P":"10"},"FC":{"23":"10","CX":"3","FX":"3","7V":"10","4F":"3|10","5X":"10","4G":"3","8V":"10","5J":"10","8R":"10","5H":"3|10","6Q":"10","5Q":"10","7R":"10","5G":"3|10","5F":"3"},"8C":{"97":"10","56":"10","96":"10","P3":"10","57":"10","67":"10","C6":"10","C7":"10"},"7C":{"V6":"10"},"G5":{"52":"10|3","2F":"10","4F":"3","42":"10"},"6M":{"P9":"10"},"6J":{"QM":"3","Q5":"10","RM":"3","RJ":"3","Q6":"10|3","VM":"3","VJ":"3","RH":"3","QJ":"3"},"F5":{"P2":"3"}},"8G":{"JG":{"4H":"10"}},"C2":{"Q6":{"W7":"10","W9":"10"},"Q5":{"VG":"10","WH":"10","9F":"10","VH":"10","9G":"10","RG":"10","VJ":"10"}}},"index":{"university,1|retail,2|tourism,3|wreck,4|historical,5|artsCulture,6|namedBuilding,7|water,8|wetland,9|park,10|beach,11|natureReserve,12|cemetery,13|trail,14":{}}}