{"59":{"W2":{"Q7":{"55":"10"},"G6":{"HF":"10","H7":"10","JC":"10","J8":"10","JF":"10","H8":"10","HC":"10","H9":"10","G9":"10","J9":"10"},"55":{"89":"10"},"GP":{"68":"10"},"HG":{"MJ":"10","RQ":"10","RR":"10","RP":"10","PP":"10","QR":"10","QP":"10","PQ":"10","QQ":"10","QM":"10"},"RM":{"QP":"10"},"9P":{"8F":"10","7F":"10"},"JC":{"77":"10","78":"10","87":"10"},"5J":{"R7":"10","P9":"10","X9":"10","Q9":"10","WF":"10","R8":"10","PC":"10","P8":"10","V7":"10","Q8":"10","QC":"10","R9":"10","Q7":"10"},"2G":{"Q4":"10","R4":"10"},"VR":{"6J":"10"},"7R":{"25":"10","24":"10"},"GF":{"QF":"10","MF":"10","MC":"10","PF":"10","PC":"10"},"5V":{"WJ":"10","VM":"10"},"QR":{"FC":"10","CC":"10","FF":"10"},"9V":{"PJ":"10","V4":"10"},"99":{"QC":"10","V9":"10","R9":"10","V8":"10","PC":"10"},"CF":{"3J":"10"},"8X":{"HV":"10","CQ":"10","PW":"10","MX":"10","PV":"10","9X":"10","JQ":"10","QR":"10","GR":"10","JR":"10","HQ":"10","QV":"10","RR":"10","HR":"10","JX":"10","9Q":"10"},"CV":{"5F":"10","66":"10","V8":"10","W8":"10"},"QP":{"4M":"10"},"CW":{"34":"10"},"8V":{"G4":"10"},"2C":{"RP":"10","QP":"10"},"J2":{"2R":"10","2Q":"10"},"QJ":{"3F":"10","2F":"10"},"FP":{"RV":"10","2H":"10","QV":"10"},"W9":{"JC":"10","HC":"10"},"QQ":{"P5":"10"},"GX":{"4X":"10","5X":"10","5W":"10"},"MM":{"HM":"10"},"8R":{"G9":"10","XV":"10","XR":"10","H2":"10"},"8Q":{"JH":"10"},"72":{"MW":"10"},"CP":{"J9":"10","P8":"10","HC":"10","MJ":"10","JX":"10","QC":"10","H9":"10","Q8":"10","RF":"10","Q7":"10","V6":"10","M9":"10","R6":"10","MC":"10","Q9":"10","JJ":"10","M7":"10","QF":"10","M8":"10","XH":"10","P5":"10","JC":"10","P7":"10"},"59":{"8Q":"10","7Q":"10"},"PJ":{"WG":"10","VF":"10","XC":"10","WF":"10","PG":"10","VG":"10","RG":"10","QG":"10","WH":"10","WC":"10","MG":"10"},"9J":{"6F":"10"},"CR":{"3G":"10","4G":"10","C6":"10"},"M4":{"PR":"10"},"CM":{"46":"10","36":"10"},"FW":{"9C":"10","8F":"10","FC":"10","CC":"10","CF":"10"},"QX":{"84":"10"},"6Q":{"GF":"10"},"53":{"PR":"10","QR":"10","MR":"10","PQ":"10"}},"Q2":{"5P":{"M8":"10"},"5X":{"PC":"10","2C":"10","F8":"10","HC":"10","QC":"10","2F":"10","F7":"10","H9":"10","RF":"10","Q7":"10","Q6":"10","H5":"10","88":"10","G8":"10","5F":"10","6F":"10","9F":"10","3C":"10","QF":"10","G7":"10","CC":"10","3F":"10","CF":"10","RG":"10","H6":"10","89":"10","X8":"10"},"6P":{"6J":"10","7H":"10","29":"10","7F":"10","98":"10","6G":"10","5C":"10","HM":"10","3G":"10","28":"10","5F":"10","6F":"10","3C":"10","4F":"10","5G":"10","68":"10","F9":"10","4G":"10","5H":"10","78":"10","FC":"10","HP":"10","4H":"10","7G":"10"},"79":{"V6":"10","V5":"10","X7":"10","W7":"10","V7":"10","W6":"10"},"23":{"7G":"10"},"52":{"56":"10","47":"10"},"MP":{"R5":"10"},"V7":{"84":"10","79":"10","76":"10","86":"10","68":"10","67":"10","94":"10","49":"10","4C":"10","69":"10","83":"10","89":"10","75":"10","7C":"10","77":"10"},"8J":{"8F":"10","FH":"10","FC":"10","FG":"10","9F":"10","GF":"10","FF":"10","F7":"10","F6":"10","CF":"10"},"GX":{"J7":"10","M7":"10","M8":"10","J8":"10"},"XX":{"5R":"10","4R":"10"},"6X":{"6C":"10","79":"10","56":"10","36":"10","57":"10","7C":"10","35":"10","29":"10","5C":"10","38":"10","28":"10","37":"10","27":"10","49":"10","59":"10","4C":"10","3C":"10","39":"10","8C":"10","68":"10","69":"10","77":"10","47":"10","78":"10","58":"10","89":"10"},"MG":{"FM":"10","FP":"10","GJ":"10","HJ":"10"},"8W":{"MJ":"10","PJ":"10"},"5R":{"XC":"10","WC":"10"},"5M":{"GP":"10","JH":"10","GM":"10","HP":"10","JJ":"10","HJ":"10"},"4C":{"J7":"10","M7":"10","P8":"10","P7":"10","P6":"10","Q4":"10","M6":"10","M8":"10","RX":"10","J5":"10","Q5":"10"},"6W":{"55":"10","45":"10"},"QF":{"MH":"10"},"JH":{"MQ":"10","PQ":"10"},"RJ":{"QJ":"10"},"CP":{"58":"10","48":"10"},"W9":{"R8":"10","M6":"10"},"6R":{"2G":"10","3F":"10","2F":"10","2C":"10"},"2M":{"RX":"10"},"5W":{"RV":"10","QW":"10"},"XH":{"M8":"10","J8":"10","H8":"10"},"4H":{"2G":"10","3C":"10","2C":"10","3G":"10","4C":"10"}},"J2":{"MQ":{"6F":"10","5G":"10","5F":"10","4J":"10","4H":"10","4G":"10","5H":"10"},"F5":{"Q2":"10","P2":"10"},"4J":{"49":"10","6H":"10","5G":"10","4H":"10","5H":"10"},"X5":{"99":"10"},"44":{"6R":"10"},"3J":{"RC":"10"},"VR":{"Q8":"10"},"H3":{"76":"10"},"M2":{"QJ":"10","QH":"10"},"F7":{"38":"10","74":"10","84":"10","63":"10","73":"10","39":"10","9V":"10","64":"10","FW":"10","96":"10","94":"10","49":"10","4C":"10","65":"10","62":"10","CR":"10","83":"10","75":"10","93":"10","52":"10","CV":"10","9R":"10","3C":"10","66":"10"},"F6":{"8W":"10","9W":"10"},"C6":{"VQ":"10","WW":"10","VR":"10","WQ":"10","WV":"10"},"58":{"RP":"10","RM":"10"},"XF":{"88":"10","68":"10","46":"10","5C":"10","58":"10","89":"10","59":"10","3C":"10","F6":"10"},"V4":{"6C":"10"},"FR":{"55":"10","74":"10","54":"10","64":"10","65":"10"},"WF":{"RP":"10","QP":"10","QM":"10"},"C7":{"VC":"10","X3":"10","V9":"10","Q9":"10","X4":"10","W4":"10"},"62":{"FF":"10","CF":"10"}},"V3":{"V3":{"3C":"10"},"F7":{"3R":"10","3Q":"10","2R":"10","2Q":"10","2V":"10"},"Q4":{"6G":"10","6H":"10","5G":"10","4H":"10","4G":"10","5H":"10"},"5G":{"6G":"10","2W":"10","5R":"10","3H":"10","5J":"10","4J":"10","7G":"10","G7":"10","Q5":"10","98":"10","Q3":"10","R4":"10","5H":"10","8H":"10","3J":"10","4M":"10","6H":"10","5G":"10","5V":"10","Q4":"10"},"2F":{"VX":"10","HX":"10","6R":"10","GP":"10","JR":"10","9P":"10","6G":"10","3H":"10","4V":"10","8P":"10","2G":"10","4H":"10","7R":"10","9W":"10","JQ":"10","2M":"10","9M":"10","PW":"10","6P":"10","5R":"10","2Q":"10","CQ":"10","7W":"10","9V":"10","7J":"10","4R":"10","4J":"10","HM":"10","FV":"10","4P":"10","3M":"10","8J":"10","6H":"10","7P":"10","6M":"10","7H":"10","8X":"10","CV":"10","GQ":"3|10","7X":"10","9X":"10","3C":"10","8V":"10","7Q":"10","PX":"10","5H":"10","8M":"10","2P":"10","FP":"10","2V":"10","3P":"10","GX":"10","HW":"10","8R":"10","7V":"10","GR":"10","8Q":"10","CP":"10","HQ":"10","GW":"10","CR":"10","HP":"10","3V":"10","3R":"10","8H":"10","3F":"10","MX":"10","7M":"10","FW":"10","8W":"10","QX":"10","9Q":"10","6Q":"10"},"8J":{"25":"10"},"9M":{"QX":"10","QW":"10","PW":"10","MQ":"10","MP":"10","VQ":"10","PV":"10","RQ":"10","RX":"10","RR":"10","RW":"10","WX":"10","WW":"10"},"P3":{"C2":"10","H4":"10","C5":"10","F4":"10","5X":"10","W5":"10","4X":"10","56":"10","G4":"10","F7":"10","44":"10","Q8":"10","83":"10","Q7":"10","3V":"10","84":"10","X5":"10","X6":"10","F3":"10","C7":"10","34":"10","R6":"10","66":"10","2X":"10","G3":"10","4W":"10","F2":"10","J7":"10","32":"10","C4":"10","3X":"10","M2":"10","X7":"10","4V":"10","94":"10","5W":"10","24":"10","3W":"10","65":"10","C3":"10","H3":"10","55":"10","X9":"10"},"Q3":{"C2":"10","C5":"10","8Q":"10","25":"10","GG":"10","82":"10","4M":"10","92":"10","36":"10","V7":"10","Q2":"10","35":"10","83":"10","3V":"10","JF":"10","H2":"10","F3":"10","45":"10","8R":"10","26":"10","5V":"10","37":"10","27":"10","48":"10","F2":"10","46":"10","JG":"10","M2":"10","47":"10","W2":"10","4P":"10","3W":"10","V2":"10","93":"10","C3":"10"},"3F":{"CV":"10","9Q":"10","GW":"10","8Q":"10","4X":"10","CM":"10","HW":"10","CW":"10","JX":"10","7X":"10","7V":"10","9P":"10","CR":"10","GX":"10","FQ":"10","CJ":"10","6X":"10","9X":"10","6W":"10","FX":"10","HV":"10","9J":"10","CX":"10","9V":"10","FW":"10","9M":"10","FP":"10","FR":"10","5W":"10","GR":"10","GV":"10","HX":"10","9R":"10","7W":"10"},"Q7":{"22":"10","23":"10","33":"10","32":"10"},"3H":{"5P":"10","PV":"10","5X":"10","W5":"10","F8":"10","79":"10","C8":"10","RW":"10","5Q":"10","V7":"10","F7":"10","35":"10","29":"10","RF":"10","Q5":"10","Q7":"10","98":"10","5C":"10","38":"10","Q6":"10","H2":"10","XW":"10","28":"10","XV":"10","6X":"10","G8":"10","8F":"10","C7":"10","34":"10","5V":"10","96":"10","G3":"10","2X":"10","4C":"10","RC":"10","9F":"10","99":"10","6W":"10","VW":"10","G7":"10","39":"10","8C":"10","X7":"10","RV":"10","F9":"10","MR":"10","Q4":"10","VV":"10","5W":"10","4P":"10","JC":"10","H3":"10","W7":"10","V4":"10"},"66":{"FH":"10","CJ":"10","CH":"10"},"5P":{"FV":"10","5J":"10","5M":"10","7J":"10","8J":"10","9M":"10","9P":"10","CV":"10","8M":"10","8P":"10"},"M2":{"PX":"10","WX":"10","XX":"10","WV":"10"},"GQ":{"5G":"10"},"M6":{"9M":"10","CP":"10","CM":"10"},"FG":{"Q3":"10","P3":"10","P4":"10","Q4":"10","Q5":"10"},"H2":{"8X":"10"},"3J":{"JP":"10","9Q":"10","8Q":"10","25":"10","79":"10","W3":"10","6J":"10","56":"10","MJ":"10","43":"10","VM":"10","42":"10","36":"10","57":"10","MP":"10","35":"10","XP":"10","QP":"10","CH":"10","9P":"10","CR":"10","GP":"10","FQ":"10","2P":"10","45":"10","4R":"10","26":"10","3Q":"10","PP":"10","37":"10","27":"10","9F":"10","62":"10","46":"10","2R":"10","CP":"10","WM":"10","QW":"10","QJ":"10","JQ":"10","69":"10","RV":"10","MM":"10","FP":"10","PJ":"10","47":"10","FR":"10","2M":"10","75":"10","CQ":"10","3R":"10","PM":"10","JR":"10","GR":"10","4Q":"10","G6":"10","GQ":"10","9R":"10","RR":"10","QR":"10","H6":"10","W8":"10","2Q":"10","X8":"10"},"VH":{"6C":"10","6P":"10","7J":"10","6J":"10","7H":"10","7R":"10","6M":"10","8J":"10","6G":"10","38":"10","3G":"10","8M":"10","5F":"10","6F":"10","P3":"10","4W":"10","V3":"10","6H":"10","5G":"10","8C":"10","4V":"10","69":"10","4G":"10","P4":"10","P5":"10","V2":"10","V4":"10","7G":"10","89":"10"},"8W":{"XJ":"10","XH":"10","P8":"10","WG":"10","P5":"10","VF":"10"},"V8":{"3X":"10","2X":"10"},"Q2":{"9R":"10","6R":"10","GP":"10","6V":"10","XH":"10","FG":"10","8P":"10","7R":"10","5V":"10","9W":"10","2M":"10","XM":"10","6P":"10","2Q":"10","CQ":"10","3G":"10","CF":"10","HF":"10","7P":"10","8X":"10","GQ":"10","R3":"10","CX":"10","7X":"10","9X":"10","CG":"10","CW":"10","9G":"10","2C":"10","68":"10","2P":"10","FP":"10","2V":"10","29":"10","XJ":"10","GR":"10","FR":"10","GV":"10","CP":"10","HQ":"10","CR":"10","XG":"10","FQ":"10","3V":"10","XF":"10","PV":"10","GM":"10","3F":"10","H9":"10","MX":"10","3W":"10","9Q":"10","HR":"10"},"9W":{"2J":"10","3G":"10","23":"10","2P":"10","76":"10","2H":"10","4G":"10","3H":"10","5J":"10","3F":"10","2M":"10","3Q":"10","2F":"10","6M":"10","77":"10","6J":"10"},"7P":{"H3":"10","G2":"10","G3":"10","H2":"10"},"4P":{"23":"10","88":"10","74":"10","45":"10","84":"10","76":"10","63":"10","82":"10","J2":"10","73":"10","55":"10","35":"10","99":"10","64":"10","98":"10","44":"10","67":"10","78":"10","24":"10","94":"10","C5":"10","65":"10","56":"10","83":"10","89":"10","75":"10","72":"10","34":"10","G5":"10","85":"10","77":"10","F5":"10","66":"10"},"6M":{"CC":"10","CF":"10"},"QQ":{"PX":"10","QX":"10","VR":"10","QW":"10"},"C8":{"X3":"10","Q2":"10","X2":"10","R2":"10"},"9P":{"8J":"10","H7":"10","7H":"10","P2":"10","8H":"10","G6":"10","H6":"10","M2":"10","J5":"10","H8":"10","G7":"10","7J":"10","M5":"10"},"H9":{"WH":"10","WJ":"10","WG":"10"},"69":{"HG":"10"},"Q6":{"2X":"10"},"G9":{"WP":"10"},"7M":{"PC":"10","XG":"10","GW":"10","MJ":"10","QC":"10","WJ":"10","W6":"10","HM":"10","V6":"10","R6":"10","Q9":"10","XF":"10","H8":"10","RJ":"10","WM":"10","VC":"10","X7":"10","G9":"10","VF":"10","M8":"10","P7":"10"},"F2":{"W2":"10","R2":"10"},"WC":{"RR":"10","VR":"10"},"3M":{"W3":"10","7C":"10","74":"10","83":"10","76":"10","84":"10","87":"10","XW":"10","97":"10","86":"10","66":"10","W4":"10","V3":"10","X2":"10","75":"10","W2":"10","FG":"10","QV":"10","73":"10","65":"10","V2":"10","QR":"10","V4":"10","55":"10","CG":"10"},"F6":{"2J":"10","2M":"10"},"46":{"GP":"10","9V":"10","GQ":"10","GR":"10","FR":"10","FV":"10"},"29":{"PV":"10","RW":"10","RP":"10","RV":"10","QP":"10","QR":"10","QQ":"10","QW":"10","QV":"10"},"RJ":{"V6":"10","V5":"10","W6":"10"},"5H":{"33":"10","32":"10"},"98":{"FF":"10","9F":"10","CC":"10","MM":"10","F9":"10","CF":"10","GG":"10","FC":"10","9C":"10"},"48":{"6F":"10","97":"10","98":"10","88":"10","78":"10","C8":"10","99":"10","5C":"10","6C":"10","C7":"10"},"J5":{"X9":"10","WJ":"10","XC":"10","W9":"10","WH":"10","VJ":"10","VH":"10","WC":"10"},"4G":{"QM":"10","MH":"10","2G":"10","2H":"10","PF":"10","3X":"10","PG":"10","3H":"10","HG":"10","4X":"10","7J":"10","8J":"10","6F":"10","QC":"10","PH":"10","8M":"10","5F":"10","QJ":"10","3M":"10","MG":"10","9C":"10","MF":"10"},"6H":{"7W":"10","7X":"10","6V":"10","7V":"10"},"7V":{"R3":"10"},"7R":{"WR":"10","RQ":"10","RP":"10","PP":"10","QP":"10","VR":"10","QM":"10","PM":"10"},"P6":{"XW":"10","VX":"10","WX":"10"},"P2":{"XC":"10","XV":"10","JR":"10","VR":"10","JQ":"10","XM":"10","QH":"10","CF":"10","QF":"10","WG":"10","PC":"10","WM":"10","RF":"10","WH":"10","WF":"10","WJ":"10","3X":"10","RP":"10","QP":"10","X9":"10","CG":"10","W8":"10","9G":"10","VM":"10","V8":"10","9F":"10","QJ":"10","W7":"10","RJ":"10","QM":"10","PJ":"10","XR":"10","RH":"10","RC":"10","VP":"10","VQ":"10","XF":"10","QG":"10","VV":"10","MQ":"10","VF":"10","VG":"10","PG":"10","VJ":"10"},"X6":{"4M":"10","5M":"10"},"P4":{"9J":"10"},"8M":{"3G":"10","88":"10","6G":"10","4F":"10","4G":"10","4J":"10","3F":"10","57":"10","78":"10","5H":"10","37":"10","56":"10","4H":"10","2F":"10","5G":"10","69":"10","2R":"10","28":"10","3C":"10","48":"10","77":"10"},"VJ":{"92":"10","C2":"10"},"JJ":{"M7":"10","J6":"10","P8":"10","H4":"10","QC":"10","R8":"10","R9":"10","Q8":"10","VF":"10","RC":"10"},"R3":{"RP":"10"},"M3":{"W5":"10","X5":"10","R5":"10","V6":"10","V5":"10","X6":"10","R4":"10","V4":"10","W6":"10"},"H6":{"XW":"10","G3":"10","G4":"10"},"92":{"PR":"10","H5":"10","XM":"10","XH":"10","VQ":"10","P3":"10","VP":"10","XP":"10","G5":"10","QR":"10","G6":"10","WQ":"10","F6":"10","G7":"10","M3":"10","WM":"10","WP":"10"},"C2":{"3J":"10"},"W3":{"CX":"10"},"RH":{"PR":"10","VR":"10","W4":"10","VQ":"10","WQ":"10","V4":"10","MR":"10","WR":"10"},"WG":{"5F":"10","4G":"10","4F":"10"},"5J":{"W5":"10","V5":"10","Q5":"10","P5":"10","4C":"10","5C":"10","P4":"10","59":"10","9C":"10"},"X4":{"FJ":"10","FM":"10"},"79":{"5Q":"10","3M":"10","4M":"10"},"C7":{"XW":"10","VX":"10","XV":"10","QX":"10","WV":"10","RX":"10"},"4J":{"33":"10","32":"10","8P":"10","7Q":"10","6Q":"10"},"CX":{"CW":"10","CR":"10","FR":"10","FV":"10","CV":"10"},"87":{"R4":"10"},"6J":{"94":"10","84":"10","76":"10","52":"10","85":"10","93":"10","72":"10"},"6R":{"J7":"10","M7":"10","HF":"10","HG":"10","GF":"10","M8":"10","HC":"10"},"X9":{"QC":"10"},"4M":{"3R":"10","2G":"10","3F":"10","2F":"10","GV":"10","5W":"10","3G":"10","33":"10","32":"10","27":"10","8P":"10","7J":"10","4R":"10","CH":"10","29":"10","9W":"10"},"2J":{"X3":"10","XQ":"10","XM":"10","W2":"10","X5":"10","XC":"10","R3":"10","VX":"10","XV":"10","XP":"10","WW":"10","X4":"10","WC":"10","XR":"10","WX":"10","VW":"10","X7":"10","W9":"10","XF":"10"},"FP":{"C4":"10","82":"10","92":"10","C3":"10","93":"10","F4":"10"},"R2":{"2H":"10"},"45":{"W3":"10","V3":"10"},"63":{"FM":"10","CJ":"10","CQ":"10","CM":"10","CH":"10"},"2G":{"5P":"10","WX":"10","5X":"10","53":"10","2H":"10","QH":"10","4X":"10","2W":"10","82":"10","3J":"10","92":"10","8X":"10","7X":"10","5Q":"10","36":"10","X3":"10","2F":"10","3H":"10","7R":"10","7V":"10","J6":"10","7P":"10","2G":"10","9C":"10","QM":"10","2P":"10","F3":"10","3G":"10","8R":"10","4R":"10","6X":"10","26":"10","R6":"10","3Q":"10","PQ":"10","MG":"10","5V":"10","5R":"10","72":"10","XF":"10","H8":"10","8V":"10","2X":"10","J4":"10","6W":"10","48":"10","J7":"10","5J":"10","2R":"10","22":"10","X2":"10","6H":"10","6R":"10","4V":"10","MM":"10","54":"10","7Q":"10","2M":"10","3R":"10","3F":"10","5H":"10","5W":"10","63":"10","4P":"10","4Q":"10","93":"10","V2":"10","7W":"10","4H":"10","2J":"10"},"2H":{"98":"10","FG":"10","QW":"10","JC":"10","H8":"10","9C":"10","M5":"10","Q9":"10","56":"10","89":"10","C2":"10","J5":"10","99":"10","HC":"10","CF":"10","CC":"10","PC":"10","J8":"10","QV":"10","78":"10","CG":"10","68":"10","57":"10","J7":"10","67":"10","9F":"10","R5":"10","H7":"10","88":"10","R6":"10","C3":"10","82":"10","GC":"10","95":"10","72":"10","WX":"10","34":"10","35":"10","25":"10","45":"10","J9":"10","P9":"10","22":"10","33":"10","J6":"10","85":"10","X5":"10","23":"10","XX":"10","8C":"10","87":"10","W2":"10","CH":"10","RX":"10","C8":"10","94":"10","62":"10","FH":"10"},"4H":{"W2":"10","2P":"10","3X":"10","V3":"10","4J":"10","8R":"10","8Q":"10","57":"10","56":"10","6Q":"10","5Q":"10","V2":"10","4H":"10","V4":"10","36":"10","26":"10","2R":"10","66":"10"},"3G":{"G6":"10","F6":"10","55":"10","H3":"10","W5":"10","P5":"10","JC":"10","9C":"10","J4":"10","C4":"10","7C":"10","9M":"10","Q3":"10","Q9":"10","56":"10","C2":"10","P4":"10","7W":"10","W6":"10","VC":"10","QF":"10","F3":"10","QV":"10","G5":"10","GQ":"10","R3":"10","C5":"10","9G":"10","93":"10","H2":"10","63":"10","VH":"10","H7":"10","64":"10","Q4":"10","74":"10","82":"10","RJ":"10","MM":"10","G3":"10","M9":"10","P8":"10","95":"10","M3":"10","9J":"10","M2":"10","RH":"10","45":"10","XG":"10","FQ":"10","F7":"10","P9":"10","22":"10","X6":"10","G4":"10","QG":"10","RG":"10","73":"10","X5":"10","23":"10","P2":"10","8C":"10","P3":"10","65":"10","VF":"10","8F":"10","J3":"10","F4":"10","VG":"10","PG":"10","92":"10","6X":"10","94":"10","VJ":"10"},"HM":{"JP":"10","HF":"10","F8":"10","79":"10","C8":"10","HC":"10","GG":"10","HJ":"10","98":"10","9C":"10","HM":"10","FJ":"10","MH":"10","8F":"10","FF":"10","9F":"10","99":"10","JH":"10","8C":"10","CC":"10","FC":"10","GJ":"10","CF":"10","89":"10"}},"Q3":{"P2":{"94":"10","F3":"10","C3":"10","C2":"10"}},"W4":{"R8":{"4F":"10","4G":"10","4J":"10","5C":"10","3J":"10","5G":"10","5F":"10"},"R2":{"74":"10","63":"10","82":"10","PF":"10","PG":"10","73":"10","G7":"10","M7":"10","92":"10","F8":"10","H2":"10","G8":"10","M8":"10","C3":"10","G2":"10"},"XG":{"9C":"10","P8":"10","8F":"10","JC":"10","9F":"10","CC":"10","CF":"10","HC":"10","8G":"10"},"53":{"X3":"10","W3":"10","X2":"10","X4":"10","W4":"10","V3":"10"},"W5":{"2G":"10","2H":"10"},"R9":{"XQ":"10","XH":"10","XP":"10"},"QH":{"28":"10","7F":"10","27":"10","6M":"10"},"QQ":{"PX":"10"},"MP":{"F9":"10","C8":"10","G2":"10","H2":"10","F8":"10"},"33":{"52":"10","53":"10","43":"10"},"R4":{"Q8":"10"},"P9":{"PJ":"10","PM":"10","MM":"10","MJ":"10","JJ":"10","QH":"10","JM":"10","PH":"10","H9":"10","QJ":"10","G9":"10"},"XW":{"V8":"10","R8":"10","W5":"10","R9":"10","X3":"10","R5":"10","QC":"10","V7":"10","Q5":"10","Q7":"10","R4":"10","Q6":"10","W6":"10","X6":"10","R6":"10","W4":"10","V5":"10","RC":"10","M7":"10","WM":"10","WP":"10","M8":"10","P6":"10","P7":"10","W7":"10","V4":"10"},"XV":{"VX":"10","2R":"10","RX":"10","2V":"10"},"V9":{"CV":"10","5X":"10","2C":"10","2H":"10","6Q":"10","4M":"10","3J":"10","CW":"10","5Q":"10","3P":"10","2F":"10","2G":"10","3M":"10","5C":"10","2P":"10","3G":"10","3Q":"10","4C":"10","3C":"10","4J":"10","4F":"10","6R":"10","3F":"10","4G":"10","4P":"10","4Q":"10","4H":"10","2J":"10","2Q":"10"},"WV":{"25":"10","XV":"10","24":"10"},"FF":{"GV":"10","GQ":"10","JR":"10","GR":"10","HR":"10","FR":"10","FV":"10"},"V5":{"XJ":"10","XG":"10","XH":"10"},"C6":{"P8":"10","P9":"10"},"XM":{"XJ":"10","XQ":"10"},"59":{"PR":"10","PP":"10","QR":"10","PQ":"10"},"4C":{"WJ":"10","VJ":"10"},"G3":{"G9":"10","68":"10","78":"10","F9":"10","79":"10","C8":"10","89":"10"},"P3":{"35":"10","34":"10"},"62":{"5X":"10","8R":"10","7R":"10"},"JH":{"X3":"10","3Q":"10","X2":"10"},"HG":{"9W":"10"},"V3":{"6G":"10","6H":"10","MR":"10"},"XQ":{"PV":"10","PR":"10","MV":"10","PX":"10","QX":"10","RV":"10","QV":"10"},"G7":{"55":"10","56":"10"},"PH":{"M6":"10","W7":"10","X8":"10","W8":"10","M7":"10","H7":"10","H5":"10","Q3":"10","J8":"10","J7":"10","X7":"10","M8":"10","F4":"10","J6":"10","G4":"10","M9":"10","C3":"10","G6":"10","H6":"10","G5":"10","V8":"10","M5":"10","J9":"10"},"Q4":{"38":"10","48":"10"},"VV":{"X2":"10","XC":"10"},"J8":{"9Q":"10","9V":"10","CQ":"10","8V":"10"},"63":{"32":"10","42":"10"},"W2":{"JW":"10","MW":"10"},"J5":{"G8":"10","F5":"10","P6":"10","G5":"10","G6":"10","P5":"10","F6":"10","G7":"10","F4":"10"},"P6":{"H4":"10","M4":"10","G5":"10","C5":"10","95":"10","G6":"10","F7":"10","F6":"10","C6":"10","G7":"10"},"VR":{"WX":"10","XX":"10"},"G6":{"FW":"10","GW":"10","GV":"10","CW":"10","CR":"10","FV":"10"},"P5":{"M7":"10","J6":"10","P7":"10","Q6":"10","P6":"10","X2":"10","M6":"10"},"QR":{"P2":"10"},"W7":{"HF":"10","MC":"10","JG":"10","PC":"10","JF":"10"}},"X3":{"H4":{"2P":"10","2M":"10","HJ":"10"},"7X":{"X5":"10","X6":"10"},"G5":{"HM":"10","HP":"10"},"7R":{"P9":"10","JG":"10","MC":"10","VF":"10","Q9":"10","PF":"10","PC":"10","JC":"10","RG":"10","QF":"10","QG":"10","Q8":"10","9M":"10","QC":"10","RC":"10","RF":"10","M9":"10","9P":"10","MG":"10","MF":"10","J9":"10"},"HJ":{"6F":"10","HJ":"10"},"6M":{"MV":"10"},"GP":{"CQ":"10","FQ":"10"},"CJ":{"37":"10","57":"10","38":"10","58":"10","27":"10","48":"10"},"HM":{"QC":"10","Q9":"10","P9":"10","M8":"10"},"8R":{"FF":"10"},"MH":{"9H":"10","CH":"10"},"97":{"GW":"10","GV":"10"},"26":{"M7":"10","J6":"10","P7":"10","M8":"10","J8":"10","J5":"10"},"FF":{"48":"10"},"F6":{"MV":"10"},"72":{"59":"10","58":"10"},"WW":{"3X":"10"},"HR":{"MH":"10","PH":"10"},"5F":{"74":"10","77":"10","64":"10"},"JW":{"7X":"10"},"MV":{"3Q":"10","4Q":"10","4P":"10"},"9J":{"5J":"10","5H":"10"},"2R":{"9P":"10"},"WM":{"F3":"10"},"PX":{"F3":"10","F4":"10"},"8C":{"3F":"10","QH":"10","3G":"10","RH":"10"},"JQ":{"JW":"10","JV":"10"},"JM":{"J7":"10","PW":"10","PX":"10","QX":"10"},"C9":{"9Q":"10","9P":"10","WW":"10","6R":"10","CQ":"10","7R":"10"},"PJ":{"V2":"10"},"PH":{"5G":"10","5H":"10"},"CQ":{"3Q":"10"},"3R":{"C3":"10"},"FV":{"8J":"10","7M":"10","8M":"10","8P":"10","7J":"10"},"JR":{"5F":"10","5C":"10"},"3W":{"GV":"10","J2":"10","M2":"10"},"HP":{"4J":"10"},"8P":{"F9":"10"}},"X4":{"39":{"27":"10"},"9R":{"25":"10","33":"10","42":"10","34":"10","24":"10"},"6C":{"4J":"10","4H":"10","5J":"10","5H":"10","5M":"10"},"C7":{"HF":"10","JH":"10","HG":"10","JG":"10","MG":"10","JJ":"10"},"6V":{"C5":"10"},"5W":{"2J":"10","2P":"10","2G":"10","2W":"10","7M":"10","2H":"10","C9":"10","4Q":"10","4P":"10","99":"10","3H":"10","5M":"10","54":"10","3P":"10","98":"10","7J":"10","2M":"10","8J":"10","9M":"10","3Q":"10","5P":"10","4M":"10","6P":"10","CM":"10","2Q":"10","53":"10","7C":"10","6M":"10","3M":"10"},"XC":{"GP":"10","CQ":"10","CP":"10","FQ":"10"},"98":{"J7":"10","J6":"10","H7":"10","H6":"10"},"JG":{"3X":"10","3W":"10","3V":"10","2X":"10","2W":"10"},"JR":{"W8":"10","R8":"10","V9":"10","V7":"10","W6":"10","W9":"10","V8":"10"},"9P":{"XF":"10"},"6G":{"X3":"10","W5":"10","X4":"10"},"4V":{"53":"10","44":"10","33":"10","32":"10","42":"10","XF":"10","WF":"10","43":"10"},"5J":{"Q4":"10"},"7R":{"88":"10","86":"10","C6":"10","96":"10","78":"10","94":"10","C5":"10","97":"10","X7":"10","87":"10","C4":"10"},"5V":{"Q3":"10","Q2":"10"},"2M":{"2P":"10","3W":"10","3V":"10","2J":"10","2M":"10","2R":"10","2Q":"10","2V":"10","2W":"10"},"6W":{"6W":"10","5W":"10","7W":"10","7X":"10","6V":"10","7V":"10"},"75":{"CX":"10","7V":"10","6W":"10","4Q":"10","4P":"10","4F":"10","5J":"10","5M":"10","4J":"10","8J":"10","5P":"10","6Q":"10","4M":"10","7R":"10","6P":"10","6X":"10","6R":"10"},"QR":{"94":"10","F2":"10","C3":"10","93":"10","C2":"10"},"5R":{"WJ":"10","VP":"10","XM":"10","V9":"10","RM":"10","RJ":"10","VC":"10","R9":"10","WM":"10","VM":"10","VJ":"10","QJ":"10"},"QH":{"MJ":"10","MH":"10","JH":"10","MP":"10","PP":"10","JG":"10","JJ":"10"},"7W":{"69":"10","68":"10","88":"10","59":"10","78":"10","77":"10","99":"10"},"9V":{"VQ":"10","RQ":"10","VP":"10","7P":"10","VM":"10","WM":"10","WP":"10"},"3G":{"3G":"10"},"CF":{"X9":"10","X8":"10","X7":"10","W9":"10","W8":"10"},"XQ":{"CX":"10"},"J8":{"Q2":"10","P2":"10"},"8J":{"CJ":"10"},"VW":{"F2":"10","G2":"10"},"6M":{"PX":"10","QJ":"10","RJ":"10","RP":"10","VM":"10","QP":"10","QM":"10","RM":"10","WM":"10"},"7H":{"Q9":"10"},"8X":{"28":"10","49":"10","3C":"10","45":"10","39":"10","46":"10","36":"10","38":"10","35":"10"},"GQ":{"6X":"10"},"CX":{"69":"10"},"3X":{"39":"10","MG":"10","GP":"10","JP":"10","H3":"10","MH":"10","R2":"10","FG":"10","JR":"10","58":"10","JH":"10","V7":"10","9H":"10","V2":"10","C4":"10","GF":"10","JQ":"10","Q9":"10","52":"10","W6":"10","CC":"10","QF":"10","HM":"10","RF":"10","MJ":"10","8J":"10","HH":"10","7H":"10","GQ":"10","FJ":"10","JJ":"10","3C":"10","X9":"10","CG":"10","W8":"10","2C":"10","PF":"10","57":"10","PQ":"10","93":"10","H2":"10","CJ":"10","J2":"10","GG":"10","MF":"10","V9":"10","R6":"10","29":"10","C3":"10","82":"10","GC":"10","MM":"10","G3":"10","R9":"10","72":"10","59":"10","8G":"10","9J":"10","M2":"10","HQ":"10","F9":"10","RC":"10","FC":"10","HP":"10","Q8":"10","MR":"10","G4":"10","QG":"10","PR":"10","PH":"10","P2":"10","FF":"10","8H":"10","MQ":"10","Q6":"10","VF":"10","F4":"10","7G":"10","JM":"10","PG":"10","92":"10","GJ":"10","28":"10","CH":"10","94":"10","V6":"10","FH":"10","38":"10","49":"10"},"JJ":{"69":"10","68":"10","59":"10","57":"10"},"4W":{"2P":"10","Q4":"10","8V":"10","6C":"10","6F":"10","X8":"10","2M":"10","HC":"10","JW":"10","C4":"10","FX":"10","7X":"10","RW":"10","WP":"10","3R":"10","3J":"10","XV":"10","8W":"10","FW":"10","59":"10","39":"10","R5":"10","9W":"10","RF":"10","R4":"10","6X":"10","42":"10","4W":"10","HW":"10","69":"10","5X":"10","7M":"10","XH":"10","8Q":"10","9R":"10","7J":"10","2W":"10","XR":"10","FR":"10","3X":"10","49":"10","JC":"10","V4":"10","P7":"10","6Q":"10","7V":"10","W8":"10","7Q":"10","7R":"10","6W":"10","8M":"10","9X":"10","3Q":"10","XQ":"10","28":"10","3W":"10","HV":"10","8R":"10","W7":"10","XJ":"10","9V":"10","53":"10","7W":"10","WV":"10","V5":"10","7C":"10","WQ":"10","9Q":"10","CW":"10","W9":"10","FV":"10","WR":"10","4X":"10","CV":"10","2V":"10","79":"10","4J":"10","CX":"10","XP":"10","6V":"10","6R":"10","M9":"10","45":"10","CR":"10","63":"10","C3":"10","57":"10","GV":"10","5V":"10","R9":"10","5W":"10","8X":"10","XG":"10","52":"10","5C":"10","XM":"10"},"3C":{"3V":"10"},"8V":{"C3":"10","C2":"10"},"2C":{"9V":"10","7X":"10"},"68":{"97":"10","98":"10"},"PX":{"9Q":"10","7J":"10","CM":"10","7H":"10","9P":"10","8J":"10","FQ":"10","CJ":"10","FJ":"10","8M":"10","FM":"10","9J":"10","CP":"10","6H":"10","9M":"10","FP":"10","CQ":"10","5H":"10","4H":"10"},"CJ":{"RG":"10"},"63":{"FR":"10"},"J7":{"RW":"10","QX":"10","RX":"10","QW":"10"},"46":{"G8":"10","G7":"10"},"8M":{"RV":"10"},"48":{"2G":"10","2H":"10"},"29":{"X7":"10"},"8R":{"CX":"10","X5":"10","9V":"10","X4":"10","CW":"10","8V":"10"},"GR":{"45":"10","63":"10","33":"10","35":"10","54":"10","64":"10","44":"10","43":"10","53":"10","36":"10","26":"10","87":"10"},"CP":{"62":"10"},"4F":{"9R":"10","9P":"10","9M":"10","8P":"10"},"GW":{"C5":"10","95":"10","2V":"10","2X":"10"},"4X":{"28":"10","82":"10","92":"10","72":"10"},"J9":{"GR":"10","FR":"10","FQ":"10"},"3V":{"5P":"10","GW":"10","7J":"10","7H":"10","CH":"10","GX":"10","5F":"10","FX":"10","GH":"10","5G":"10","FW":"10","FH":"10","5H":"10","8H":"10","GJ":"10","HX":"10","4H":"10"},"X6":{"XW":"10"},"CM":{"94":"10","84":"10","6X":"10","C4":"10","74":"10","C5":"10","95":"10"},"2W":{"6R":"10","GP":"10","XC":"10","FG":"10","HG":"10","JR":"10","QW":"10","3H":"10","H8":"10","JH":"10","GF":"10","9W":"10","JQ":"10","6W":"10","H6":"10","PW":"10","4Q":"10","5R":"10","FM":"10","7W":"10","9V":"10","5F":"10","J5":"10","4R":"10","HM":"10","WM":"10","HF":"10","MJ":"10","WJ":"10","HH":"10","FJ":"10","7X":"10","JJ":"10","WV":"10","CW":"10","WR":"10","VM":"10","WP":"10","CJ":"10","MP":"10","GG":"10","QJ":"10","H7":"10","FP":"10","48":"10","MM":"10","HW":"10","M9":"10","XJ":"10","GR":"10","GV":"10","PJ":"10","JV":"10","3J":"10","HQ":"10","GW":"10","HV":"10","FQ":"10","HP":"10","VP":"10","VQ":"10","P9":"10","XF":"10","CM":"10","WQ":"10","GM":"10","H9":"10","JM":"10","GJ":"10","RW":"10","2H":"10","GH":"10","HJ":"10","VJ":"10","HR":"10","5X":"10","FH":"10","49":"10"},"FF":{"28":"10","CX":"10","37":"10","9X":"10","26":"10","27":"10","29":"10"},"VV":{"9R":"10","FW":"10","9V":"10","GX":"10","FX":"10","FV":"10"},"8H":{"39":"10","6R":"10","6C":"10","98":"10","3H":"10","5J":"10","5C":"10","5V":"10","6J":"10","7C":"10","75":"10","5R":"10","5F":"10","3G":"10","69":"10","7P":"10","47":"10","3C":"10","68":"10","57":"10","7Q":"10","8M":"10","9F":"10","5G":"10","88":"10","2J":"10","4G":"10","CP":"10","59":"10","3J":"10","4F":"10","7F":"10","FC":"10","8C":"10","8H":"10","7M":"10","76":"10","G9":"10","6Q":"10"},"P3":{"8F":"10","7F":"10","8C":"10","89":"10"},"Q6":{"P7":"10","Q7":"10"},"8F":{"M4":"10","M6":"10","M5":"10"},"MX":{"HW":"10"},"7G":{"23":"10","54":"10","53":"10","33":"10","34":"10","24":"10"},"PM":{"MV":"10","JV":"10","PW":"10","RP":"10|2","PM":"10","PR":"10","MW":"10","QP":"10","QQ":"10","PV":"10","RQ":"10","QR":"10","PQ":"10","MR":"10","JW":"10","PP":"10"},"7M":{"QP":"10","QQ":"10"},"84":{"7P":"10","6R":"10","8P":"10","7Q":"10","6Q":"10"},"3W":{"P5":"10","F7":"10","5G":"10","X8":"10","HH":"10","2F":"10","HC":"10","9M":"10","GG":"10","3F":"10","7X":"10","V6":"10","RM":"10","3H":"10","V9":"10","5P":"10","5F":"10","56":"10","FG":"10","6P":"10","2X":"10","78":"10","8H":"10","F8":"10","JP":"10","59":"10","68":"10","7P":"10","6X":"10","C8":"10","GW":"10","4W":"10","RP":"10","89":"10","HW":"10","9H":"10","9P":"10","25":"10","FH":"10","5X":"10","7M":"10","36":"10","8Q":"10","MV":"10","88":"10","6G":"10","7J":"10","4C":"10","Q5":"10","2W":"10","VM":"10","8C":"10","3X":"10","46":"10","27":"10","49":"10","5H":"10","JC":"10","48":"10","5Q":"10","6Q":"10","4G":"10","77":"10","MH":"10","W8":"10","PX":"10","7Q":"10","7R":"10","P6":"10","P4":"10","6W":"10","4F":"10","HG":"10","VX":"10","MP":"10","5R":"10","VQ":"10","3C":"10","3W":"10","X3":"10","4V":"10","GJ":"10","9C":"10","C9":"10","53":"10","JV":"10","7W":"10","FF":"10","99":"10","W3":"10","RH":"10","PP":"10","8F":"10","58":"10","W9":"10","FV":"10","P9":"10","WG":"10","3V":"10","5J":"10","4X":"10","35":"10","PW":"10","2C":"10","2V":"10","GX":"10","C7":"10","4J":"10","VP":"10","JM":"10","J9":"10","CX":"10","47":"10","87":"10","6J":"10","6V":"10","MJ":"10","CF":"10","6R":"10","X9":"10","4M":"10","7H":"10","GF":"10","55":"10","M9":"10","45":"10","CR":"10","GV":"10","2G":"10","2H":"10","5W":"10","3P":"10","4H":"10","WW":"10","52":"10","3G":"10","HM":"10","5C":"10","XM":"10"},"2X":{"94":"10","52":"10","96":"10","C5":"10","95":"10","G6":"10","J2":"10","F7":"10","F6":"10","C6":"10","G7":"10","M5":"10"},"4C":{"2W":"10"},"FW":{"XX":"10","VV":"10","XV":"10","QW":"10","FM":"10","MQ":"10","WV":"10","MP":"10","QQ":"10","RQ":"10","VX":"10","RX":"10","RV":"10","PQ":"10","QV":"10","RW":"10","WW":"10","VW":"10"},"6X":{"72":"10"},"2H":{"FW":"10"},"CH":{"XJ":"10","JP":"10"},"WW":{"9R":"10","CR":"10","CV":"10"},"76":{"23":"10","53":"10","44":"10","33":"10","32":"10","42":"10","43":"10"},"9Q":{"H5":"10","J5":"10"},"2F":{"72":"10"},"FH":{"86":"10","49":"10","68":"10","77":"10","85":"10","2J":"10","79":"10","64":"10","57":"10","65":"10","4C":"10","58":"10"},"38":{"MG":"10","Q7":"10","GP":"10","JP":"10","MH":"10","XH":"10","FG":"10","JH":"10","GF":"10","R8":"10","Q9":"10","PW":"10","QH":"10","VC":"10","P7":"10","CC":"10","W4":"10","HM":"10","PC":"10","MJ":"10","HH":"10","7H":"10","JJ":"10","QP":"10","CG":"10","PF":"10","VM":"10","MP":"10","V8":"10","QJ":"10","MF":"10","V9":"10","QQ":"10","GC":"10","MM":"10","QM":"10","R9":"10","PJ":"10","RC":"10","XG":"10","QC":"10","HP":"10","RG":"10","X5":"10","PH":"10","GM":"10","8H":"10","MX":"10","VG":"10","X8":"10","JM":"10","PG":"10","GJ":"10","GH":"10","C9":"10","HJ":"10","VJ":"10","P6":"10","X4":"10","M7":"10"},"49":{"82":"10"},"X4":{"Q3":"10","P3":"10","P2":"10","P4":"10","Q4":"10","R4":"10"}},"M2":{"CV":{"4X":"10","5W":"10","4W":"10"},"PC":{"P8":"10"},"C2":{"XX":"10"},"J9":{"JX":"10"},"GW":{"6F":"10","97":"10","86":"10","6G":"10","69":"10","5G":"10","5F":"10","7G":"10","96":"10","88":"10","7F":"10","78":"10","77":"10","79":"10","87":"10","5C":"10","6C":"10","89":"10","7C":"10","WM":"10","WP":"10"},"HW":{"97":"10","H3":"10","FG":"10","9P":"10","V7":"10","8P":"10","5J":"10","9H":"10","4H":"10","6J":"10","9M":"10","5Q":"10","FM":"10","CQ":"10","C2":"10","W6":"10","5F":"10","CF":"10","4J":"10","CC":"10","4P":"10","8J":"10","7P":"10","GQ":"10","CG":"10","9G":"10","CJ":"10","8M":"10","9F":"10","5G":"10","88":"10","2P":"10","FP":"10","96":"10","74":"10","4G":"10","83":"10","GR":"10","FR":"10","CP":"10","9J":"10","FQ":"10","5P":"10","8H":"10","84":"10","CH":"10","F2":"10","49":"10","M7":"10"},"CW":{"55":"10","63":"10","64":"10","65":"10"},"JX":{"XP":"10"},"7H":{"J7":"10","J6":"10","J8":"10"},"X3":{"X3":"10","X4":"10"},"Q8":{"93":"10"},"76":{"6R":"10","5R":"10"},"G2":{"V6":"10","R6":"10"},"MC":{"6F":"10","4X":"10","3X":"10","5V":"10","4V":"10"},"5V":{"R2":"10"},"64":{"4H":"10"},"5G":{"76":"10","66":"10"},"39":{"CG":"10"},"W9":{"8J":"10"},"JQ":{"F5":"10"},"4V":{"3P":"10"},"CC":{"GQ":"10"},"Q4":{"74":"10","85":"10"},"HQ":{"FM":"10"},"J8":{"HX":"10","GX":"10"},"JC":{"R7":"10","H4":"10","HF":"10","7J":"10","HC":"10","GG":"10","8G":"10","7H":"10","G4":"10","G5":"10","F7":"10","J6":"10","J3":"10","Q6":"10","H2":"10","F3":"10","86":"10","F6":"10","J4":"10","J2":"10","J7":"10","GH":"10","GF":"10","68":"10","MM":"10","FH":"10","QG":"10","CC":"10","78":"10","FC":"10","FG":"10","G6":"10","QR":"10","H3":"10"}},"H2":{"74":{"HX":"10","FX":"10","MV":"10","PW":"10","PR":"10","8V":"10","GX":"10","FW":"10","P5":"10","PV":"10","HP":"10","GW":"10"},"76":{"6X":"10","8X":"10","74":"10","9M":"10","7X":"10","73":"10"},"84":{"8J":"10","GQ":"10","FP":"10","FQ":"10"},"WF":{"92":"10"},"X4":{"XV":"10","XR":"10","VM":"10","WM":"10"},"M2":{"XV":"10","XR":"10"},"75":{"P9":"10","M6":"10","JG":"10","P6":"10","H4":"10","HG":"10","PC":"10","M3":"10","P5":"10","J3":"10","J4":"10","G4":"10","J6":"10"},"P2":{"3R":"10","2R":"10"},"WC":{"9X":"10"},"C7":{"49":"10","79":"10","39":"10","48":"10"}},"X2":{"CV":{"8F":"10","8C":"10","7F":"10","7C":"10"},"XG":{"P3":"10","M4":"10","M3":"10"},"6Q":{"WR":"10","XV":"10","WV":"10"},"8G":{"M4":"10","J2":"10","M2":"10","M5":"10"},"33":{"J9":"10","M9":"10"},"29":{"FC":"10","F9":"10","CC":"10","FF":"10","CF":"10","GC":"10"},"CH":{"H5":"10","H4":"10","G5":"10"},"3V":{"R7":"10"},"84":{"4X":"10","5X":"10","5W":"10","3X":"10","4W":"10"},"FQ":{"QW":"10"},"2P":{"4R":"10"},"HM":{"69":"10","68":"10","59":"10","78":"10","6C":"10","5H":"10","48":"10"},"FJ":{"8J":"10"},"4R":{"GF":"10"},"M5":{"37":"10","38":"10","48":"10"},"8W":{"8W":"10","9W":"10"},"FX":{"WR":"10","XM":"10","VP":"10","VM":"10","WQ":"10","RM":"10","WM":"10","WP":"10"},"HH":{"4R":"10"},"5H":{"G9":"10","C8":"10","GC":"10"},"FC":{"RG":"10"},"7G":{"HX":"10","JX":"10"}},"V2":{"MG":{"X5":"10"},"9R":{"FX":"10"},"FX":{"WX":"10"},"6R":{"CJ":"10","CM":"10"},"RM":{"Q9":"10"},"R7":{"Q6":"10","R5":"10","P4":"10","Q4":"10","V5":"10","R6":"10","Q5":"10"},"7R":{"97":"10","86":"10","96":"10","F9":"10","C9":"10","C7":"10"},"R8":{"36":"10"},"5Q":{"4G":"10","4F":"10"},"2Q":{"J4":"10","J3":"10","85":"10","J2":"10","M2":"10","J5":"10"},"FV":{"CX":"10","9X":"10","9W":"10"},"PC":{"J3":"10"},"RQ":{"W5":"10","X4":"10","27":"10"},"HF":{"VW":"10","RX":"10"},"6H":{"P9":"10","JG":"10","Q9":"10","PF":"10","HF":"10","JC":"10","QF":"10","HH":"10","JH":"10","JF":"10","MG":"10","MF":"10"},"9X":{"X5":"10"},"78":{"V3":"10"},"W8":{"V4":"10"},"8V":{"HX":"10","FV":"10","HM":"10","MV":"10","GM":"10","JV":"10","PW":"10","MW":"10","MP":"10","GX":"10","FW":"10","MX":"10","VX":"10","RX":"10","RJ":"10","FR":"10","HR":"10","RW":"10","JX":"10","CV":"10","JW":"10","VW":"10","GW":"10"},"VM":{"77":"10"},"2P":{"JP":"10","HW":"10","GG":"10","MJ":"10","VM":"10","HJ":"10","HM":"10","FJ":"10","MH":"10","FF":"10","PW":"10","JJ":"10","JH":"10","HG":"10","RM":"10","QW":"10","C9":"10","HH":"10","MM":"10","FH":"10","CC":"10","MQ":"10","FG":"10","CF":"10"},"2V":{"57":"10","47":"10"},"R6":{"XP":"10"},"GX":{"2W":"10"},"MM":{"JV":"10"},"QM":{"25":"10","35":"10","34":"10","24":"10"},"CP":{"X4":"10","W4":"10"},"HQ":{"92":"10","34":"10","C2":"10"},"HP":{"8W":"10","CX":"10","4X":"10","9Q":"10","5X":"10","9X":"10","7W":"10","FX":"10"},"VQ":{"23":"10","24":"10"},"VV":{"GR":"10"},"44":{"MQ":"10","JH":"10","PP":"10","PQ":"10"},"3F":{"4H":"10","3H":"10"},"PG":{"25":"10"},"GJ":{"4C":"10"},"8W":{"86":"10","76":"10","R7":"10","P8":"10","Q6":"10","P7":"10","F3":"10","Q8":"10","C5":"10","F2":"10","C3":"10","87":"10","H3":"10","Q7":"10","R4":"10","R6":"10","V7":"10","V4":"10","V3":"10","H2":"10","C2":"10"},"6F":{"HF":"10","JH":"10","HG":"10","JG":"10"}},"P3":{"83":{"84":"10","H3":"10","M7":"10","C2":"10","G3":"10","94":"10","5C":"10","H2":"10","F4":"10","G4":"10","C3":"10","P3":"10","83":"10","93":"10","P2":"10","59":"10","F2":"10","C4":"10"},"X2":{"W2":"10"},"44":{"V9":"10","R9":"10","RC":"10"},"82":{"CX":"10","FV":"10","GV":"10","9V":"10","GR":"10","FR":"10","CR":"10","CV":"10","HW":"10","CW":"10","PX":"10","GW":"10"}},"P2":{"23":{"23":"10","32":"10"},"HM":{"8F":"10","98":"10","C8":"10","99":"10","89":"10"},"PW":{"4G":"10"},"22":{"3X":"10"},"PG":{"P7":"10"},"PV":{"P3":"10"},"V7":{"5G":"10"},"9H":{"M7":"10","P8":"10","M8":"10"},"G8":{"MX":"10","PW":"10","PX":"10","QX":"10","RX":"10"},"6Q":{"WR":"10"},"RC":{"CH":"10"},"2F":{"J7":"10","J8":"10","HC":"10"},"CM":{"PW":"10","PX":"10","MW":"10"},"PH":{"QQ":"10"},"C4":{"3F":"10","3G":"10","4F":"10","4C":"10"}},"W3":{"55":{"C4":"10","C3":"10"},"XH":{"69":"10","6C":"10"},"JG":{"M6":"10"},"9C":{"XC":"10","W9":"10","W8":"10"},"8P":{"JW":"10"},"V2":{"29":"10"},"7R":{"JW":"10","JV":"10"},"6J":{"8X":"10","7W":"10","5V":"10","6R":"10","5R":"10","7V":"10"},"4R":{"5Q":"10","6P":"10","6Q":"10","5P":"10"},"FV":{"Q2":"10","P3":"10","P2":"10","R2":"10","M3":"10"},"WF":{"3R":"10","3Q":"10","2P":"10","2M":"10"},"G2":{"52":"10","62":"10"},"7P":{"J4":"10","J5":"10"},"8X":{"QJ":"10","QM":"10","PM":"10"},"GQ":{"QV":"10"},"CW":{"48":"10"},"7Q":{"J9":"10","JC":"10","HC":"10"},"46":{"7J":"10","JQ":"10","JP":"10","6H":"10","HQ":"10","7H":"10","6J":"10"},"26":{"HM":"10"},"64":{"48":"10"},"V5":{"JC":"10","MC":"10"},"2J":{"VF":"10"},"82":{"J2":"10","M3":"10","H2":"10"},"95":{"GV":"10","HV":"10","HR":"10"},"FR":{"PX":"10","QX":"10","RX":"10"},"WX":{"X2":"10","GR":"10"},"M2":{"7Q":"10","7P":"10","5Q":"10","7R":"10","6P":"10","9P":"10","9Q":"10","9R":"10","6M":"10","6R":"10"},"HQ":{"68":"10","67":"10","57":"10","69":"10","58":"10","48":"10","47":"10"},"22":{"QG":"10"},"X6":{"84":"10","83":"10","96":"10","93":"10","72":"10"},"QG":{"69":"10","68":"10","78":"10","79":"10","58":"10","4C":"10"},"XX":{"RW":"10","36":"10","QW":"10"},"MQ":{"PJ":"10","PM":"10","MM":"10","MP":"10","QH":"10","QG":"10","JQ":"10","RJ":"10","JP":"10","JR":"10","HQ":"10","HR":"10","VJ":"10","RH":"10","QJ":"10"},"VF":{"XG":"10","WJ":"10","WG":"10","VJ":"10"},"3W":{"3G":"10","45":"10","55":"10","4F":"10","4G":"10","39":"10","3H":"10","3F":"10","46":"10","29":"10","56":"10","4H":"10","5F":"10","3C":"10","48":"10"},"JM":{"VC":"10","QF":"10","PF":"10","VF":"10","RC":"10"},"Q5":{"X9":"10","X8":"10","W9":"10","W8":"10"},"87":{"35":"10","34":"10"},"8W":{"QC":"10","Q9":"10","R9":"10"},"WW":{"XX":"10"},"RX":{"9Q":"10","5X":"10","4X":"10","CW":"10","8X":"10","7X":"10","7V":"10","9W":"10","CR":"10","6V":"10","6X":"10","8W":"10","HR":"10","9X":"10","6W":"10","HV":"10","9V":"10","CQ":"10","JR":"10","5W":"10","GV":"10","9R":"10","7W":"10"},"HR":{"VH":"10"}},"V4":{"J4":{"69":"10","68":"10","59":"10"},"F2":{"26":"10","46":"10","36":"10"},"H3":{"4G":"10"},"G2":{"3R":"10","3Q":"10","4Q":"10","9P":"10","CP":"10","5P":"10"},"C2":{"W5":"10","X4":"10","V5":"10","X6":"10","W6":"10"}},"G2":{"R7":{"2P":"10","4R":"10","4Q":"10","3R":"10","7Q":"10","3Q":"10","5P":"10","5Q":"10","2R":"10"}},"X5":{"PC":{"6C":"10","79":"10","8G":"10","57":"10","7C":"10","9P":"10","8J":"10","6G":"10","5C":"10","38":"10","88":"10|3","8M":"10","49":"10","59":"10","5F":"10","48":"10","CP":"10","4F":"10","39":"10","67":"10","68":"10","69":"10","47":"10","CQ":"10","8H":"10","58":"10","GR":"10","GQ":"10"},"HF":{"86":"10","77":"10","87":"10"},"W3":{"49":"10"},"HC":{"CP":"10"},"82":{"W5":"10","88":"10","X5":"10","67":"10","X6":"10","W7":"10","W6":"10"},"92":{"38":"10","45":"3","35":"3","46":"3|10","29":"10","27":"10","36":"3","26":"10","28":"10"},"R5":{"76":"10","77":"10","67":"10"},"74":{"6W":"10","5W":"10","5V":"10","6R":"10","5R":"10","6V":"10"},"83":{"94":"10","84":"10","85":"10","RX":"10"},"Q5":{"P7":"10","P6":"10","PF":"10","PG":"10","R8":"10","Q8":"10","Q6":"10","G6":"10","Q7":"10","H6":"10","G5":"10","MG":"10","MF":"10"},"G2":{"V9":"10","9P":"10"},"J3":{"GM":"10","HM":"10"},"QM":{"W9":"10","W8":"10"},"P9":{"5W":"10","5V":"10"},"H2":{"GW":"10","GV":"10","HV":"10","JR":"10","FV":"10"},"V6":{"87":"10"},"XX":{"QF":"10","PG":"10","QG":"10"},"MC":{"R7":"10","Q6":"10","MF":"10","MC":"10","Q7":"10","HC":"10"},"M5":{"3X":"10","2X":"10"},"H8":{"6R":"10"},"WW":{"VV":"10","WW":"10","VW":"10","WV":"10"},"J4":{"CX":"10","X8":"10","X6":"10"},"J2":{"RP":"10","PF":"10"},"JH":{"4F":"10"},"HG":{"GQ":"10","CM":"10"},"V3":{"7C":"10"},"M4":{"28":"10","26":"10","27":"10"},"HH":{"V9":"10","R8":"10","R9":"10","V8":"10","V7":"10"},"M6":{"33":"10","32":"10","42":"10"},"PJ":{"65":"10","75":"10"},"PF":{"H5":"10","J6":"10","J5":"10"},"G9":{"X3":"10","X2":"10","W4":"10","V5":"10"},"Q4":{"28":"10","V8":"10","29":"10"},"P4":{"X9":"10","WC":"10","W9":"10","W8":"10","XF":"10"},"VR":{"FF":"10","PJ":"10","CC":"10","PM":"10","GF":"10","JC":"10","GC":"10","CF":"10","FC":"10","JF":"10","HC":"10","H9":"10","G9":"10","J9":"10"},"V2":{"6F":"10","6G":"10","7H":"10","6H":"10","6C":"10","7J":"10"},"C3":{"55":"10","56":"10","66":"10","54":"10","53":"10","45":"10","64":"10","65":"10","75":"10"}},"R2":{"CV":{"2R":"10","2V":"10"},"PV":{"7M":"10","8Q":"10","7J":"10","8J":"10","9M":"10","7P":"10","9P":"10","8M":"10","8P":"10","9Q":"10","9J":"10","6M":"10"},"XG":{"3X":"10","3W":"10","3V":"10"},"P8":{"JQ":"10","HP":"10"},"WX":{"CX":"10"},"7J":{"MV":"10"},"6J":{"QF":"10","QC":"10","PH":"10","PG":"10","RF":"10"},"CW":{"8X":"10"},"JX":{"R2":"10"},"3P":{"93":"10"},"9G":{"W5":"10","X5":"10","X4":"10"},"6G":{"X3":"10","V2":"10","V3":"10"},"3V":{"4M":"10","2W":"10"},"GX":{"83":"10","74":"10","82":"10","73":"10","72":"10"},"W6":{"26":"10"},"XW":{"QH":"10","PQ":"10"},"V6":{"W3":"10","W5":"10","W4":"10","V3":"10"},"XX":{"8W":"10","8J":"10","9P":"10","9J":"10","8R":"10","8V":"10","8Q":"10","8P":"10","7J":"10"},"MG":{"VX":"10"},"5V":{"H5":"10","H4":"10","F3":"10","G5":"10"},"59":{"RF":"10"},"G3":{"W5":"10","X5":"10","X6":"10","W6":"10"},"JW":{"8J":"10","GH":"10","MH":"10","HH":"10","CJ":"10","9J":"10","PH":"10","PG":"10","HJ":"10","CH":"10"},"QF":{"FW":"10","CW":"10"},"F2":{"FJ":"10","JH":"10","HH":"10","CJ":"10"},"RH":{"FQ":"10","CQ":"10","9G":"10","CJ":"10","8G":"10","9H":"10","8H":"10","9M":"10","9J":"10"},"9V":{"XV":"10","XR":"10"},"GH":{"VG":"10","WH":"10","VQ":"10","VP":"10","WG":"10"},"XC":{"84":"10","83":"10","82":"10","92":"10","73":"10","C2":"10"},"RM":{"GJ":"10"},"FW":{"63":"10","73":"10","72":"10","62":"10"},"HH":{"2H":"10"},"5W":{"RV":"10"},"FG":{"6X":"10"},"P5":{"4J":"10","4H":"10","3G":"10","5J":"10","4G":"10","5M":"10"},"7G":{"38":"10","25":"10","35":"10","68":"10","57":"10","24":"10","46":"10","37":"10","36":"10","26":"10","28":"10","48":"10","47":"10"},"X9":{"CX":"10","FV":"10","FQ":"10","HM":"10","FP":"10","9V":"10","GQ":"10","FW":"10","9X":"10","8X":"10","GR":"10","GP":"10","FR":"10","CR":"10","CV":"10","CW":"10","HP":"10","9W":"10"}},"R3":{"XG":{"XW":"10","XV":"10","XH":"10","R7":"10","V7":"10","VR":"10","XM":"10","Q9":"10","P7":"10","XQ":"10","WG":"10","PC":"10","WM":"10","WH":"10","WJ":"10","VW":"10","WV":"10","XP":"10","WR":"10","VM":"10","WP":"10","R5":"10","QJ":"10","R6":"10","XJ":"10","WX":"10","PJ":"10","XR":"10","XG":"10","VP":"10","P9":"10","Q8":"10","XF":"10","PH":"10","VV":"10","XX":"10","WQ":"10","Q6":"10","Q5":"10","PG":"10","WW":"10","V6":"10","P6":"10","M7":"10"},"XH":{"X2":"10"},"J3":{"CM":"10"},"W2":{"WM":"10","WP":"10"},"R2":{"J4":"10","P5":"10"},"92":{"87":"10"},"X8":{"CX":"10","FW":"10","GW":"10","GV":"10","GX":"10","CW":"10","FR":"10","FV":"10","CV":"10"},"V6":{"H4":"10"},"C3":{"7C":"10"},"W7":{"H9":"10"},"XF":{"XW":"10","Q7":"10","XV":"10","R7":"10","V7":"10","VR":"10","R8":"10","XM":"10","Q9":"10","QR":"10","VC":"10","XQ":"10","WM":"10","QV":"10","WV":"10","QP":"10","XP":"10","X9":"10","WR":"10","W8":"10","VM":"10","WP":"10","V8":"10","VH":"10","W7":"10","W9":"10","QQ":"10","R6":"10","RJ":"10","R9":"10","XR":"10","RH":"10","VP":"10","Q8":"10","VQ":"10","RG":"10","WQ":"10","VG":"10","WW":"10","QX":"10","VJ":"10","RR":"10"},"V4":{"P3":"10","P4":"10"},"W6":{"Q3":"10","P3":"10"}}},"index":{"university,1|retail,2|tourism,3|wreck,4|historical,5|artsCulture,6|namedBuilding,7|water,8|wetland,9|park,10|beach,11|natureReserve,12|cemetery,13|trail,14":{}}}