{"5F":{"JP":{"FX":{"VQ":"10","VP":"10","WQ":"10","WP":"10"}},"GW":{"C4":{"R5":"10","Q4":"10","P4":"10","R4":"10","Q5":"10"}},"VQ":{"4Q":{"V6":"10","W7":"10","V7":"10"},"6P":{"HW":"10","CX":"10","HQ":"10","GH":"10","JV":"10","HH":"10","GQ":"10","9X":"10","HV":"10","JR":"10","CW":"10","GR":"10","CR":"10","CQ":"10","8R":"10","8V":"10","GJ":"10","HR":"10","FR":"10","7R":"10","FQ":"10"},"5P":{"QR":"10"}},"VM":{"HG":{"8R":"10"},"CC":{"74":"10","H3":"10","73":"10","92":"10","C2":"10","G3":"10","94":"10","C3":"10","75":"10","93":"10","F2":"10","9C":"10"},"95":{"PX":"10"},"JG":{"XW":"10"},"99":{"XJ":"10"},"MG":{"3V":"10","2V":"10","2W":"10"},"C9":{"8X":"10","3J":"10","9X":"10","2J":"10","3M":"10","3H":"10","2M":"10","2H":"10"}},"JX":{"3Q":{"FC":"10","FF":"10","GC":"10"},"4Q":{"69":"10"}},"5Q":{"84":{"WX":"10","XX":"10"},"85":{"W2":"10","X2":"10"},"C5":{"2G":"10"},"95":{"3C":"10","23":"10","78":"10","8G":"10","24":"10"}},"MP":{"7X":{"5F":"10","4F":"10","5C":"10","4C":"10","2V":"10","89":"10"}},"7V":{"9X":{"C3":"10","93":"10"},"W4":{"XH":"10"}},"XP":{"49":{"X9":"10","XC":"10","X8":"10","W9":"10"},"98":{"5P":"10"}},"9W":{"HX":{"49":"10"},"J3":{"RG":"10"},"HF":{"RQ":"10"},"HP":{"52":"10"}},"QP":{"44":{"XG":"10","XH":"10","VG":"10","WH":"10","VH":"10","WG":"10"},"7X":{"6C":"10","7C":"10"},"VW":{"88":"10","78":"10","89":"10"}},"9P":{"3G":{"2H":"10","7J":"10","6F":"10","6H":"10","6C":"10","2Q":"10","7C":"10","7H":"10","2R":"10","5F":"10"},"2G":{"R7":"10","V6":"10","Q2":"10","R6":"10","X8":"10","W8":"10","XQ":"10","R4":"10","P4":"10","XR":"10","P3":"10","V4":"10","R5":"10","R2":"10","R3":"10","Q4":"10"},"9G":{"3J":"10","2J":"10","3H":"10","2H":"10"},"8G":{"HF":"10","MJ":"10","RW":"10","QQ":"10","QX":"10","RX":"10","WJ":"10","WR":"10","8J":"10","9C":"10","JF":"10","FJ":"10","MH":"10","8F":"10","MG":"10","FF":"10","RP":"10","JJ":"10","9F":"10","VH":"10","MF":"10","RJ":"10","RH":"10","9J":"10","VJ":"10","RM":"10","GF":"10","8C":"10","JM":"10","FH":"10","QG":"10","CC":"10","PG":"10","8H":"10","FC":"10","FG":"10","CF":"10","VR":"10","RG":"10"},"V7":{"MF":"10","MH":"10","JG":"10","PH":"10","MG":"10","PG":"10"},"9H":{"86":"10","84":"10","76":"10","74":"10","85":"10","75":"10"},"2F":{"QM":"10","QX":"10","FQ":"10","MV":"10","PW":"10","PR":"10","MW":"10","QP":"10","GQ":"10","QQ":"10","RX":"10","GR":"10","PQ":"10","PX":"10","QJ":"10"}},"CR":{"2W":{"88":"10","78":"10"}},"QM":{"28":{"CX":"10","FW":"10","9X":"10","CW":"10","FX":"10","9W":"10"},"3F":{"QW":"10","CC":"10","GC":"10","96":"10","97":"10","Q8":"10","RX":"10","F9":"10","GG":"10","FC":"10","6M":"10","G9":"10"},"3C":{"FV":"10"},"3G":{"P2":"10","M2":"10"},"3H":{"2V":"10","2W":"10","C9":"10"},"4F":{"F3":"10","F2":"10","G2":"10","G3":"10"},"5C":{"44":"10"},"29":{"F3":"10","92":"10","F2":"10","C2":"10"}},"WQ":{"J4":{"P8":"10","Q9":"10","P9":"10","M9":"10","M8":"10","J8":"10"}},"HM":{"WR":{"WV":"10"}},"8W":{"FQ":{"WQ":"10"}},"5R":{"88":{"F2":"10","G2":"10"},"87":{"GQ":"10","FP":"10","CQ":"10","FX":"10","FR":"10","FQ":"10"}},"PP":{"WR":{"2R":"10","2Q":"10"},"VR":{"WR":"10","XQ":"10","XR":"10","WQ":"10"}},"VP":{"5W":{"G9":"10","F9":"10"},"JQ":{"VF":"10"}},"RP":{"XJ":{"JM":"10"},"X6":{"6W":"10","5W":"10"}},"HR":{"MJ":{"XC":"10","XF":"10"},"MM":{"24":"10"}},"9X":{"PR":{"69":"10","59":"10"}},"XM":{"7P":{"8X":"10","9X":"10"},"7Q":{"82":"10","92":"10"}},"JJ":{"FF":{"HX":"10"}},"8V":{"3G":{"F7":"10","G7":"10"},"7C":{"FJ":"10"}},"RQ":{"73":{"86":"10","76":"10","56":"10","66":"10","57":"10"}},"4W":{"79":{"8H":"10"}},"9V":{"94":{"J2":"10"},"C4":{"JP":"10","9Q":"10","C8":"10","CM":"10","GG":"10","MJ":"10","HJ":"10","CH":"10","9P":"10","CR":"10","GP":"10","FQ":"10","HM":"10","CJ":"10","FJ":"10","88":"10","MG":"10","FF":"10","FM":"10","H8":"10","JJ":"10","6F":"10","JH":"10","HG":"10","9J":"10","CP":"10","GH":"10","JG":"10","JM":"10","MM":"10","HH":"10","FH":"10","9M":"10","FP":"10","FR":"10","CQ":"10","GR":"10","J8":"10","GJ":"10","FG":"10","CF":"10","GQ":"10","H3":"10","GM":"10","HP":"10","CG":"10"},"F3":{"38":"10","45":"10","35":"10","3R":"10","J5":"10","G7":"10","F7":"10","F8":"10","95":"10","H5":"10","F3":"10","J8":"10","J7":"10","C5":"10","37":"10","2C":"10","3Q":"10","G8":"10","J6":"10","2Q":"10","53":"10","27":"10","H6":"10","R2":"10","28":"10","F2":"10","F6":"10"},"F2":{"HW":"10","6R":"10","5R":"10","MW":"10","7R":"10"},"C3":{"JP":"10","54":"10","5J":"10","PP":"10","V2":"10","JQ":"3|10","56":"10","C2":"10","4J":"10","FV":"10","WM":"10","RQ":"10","4P":"10","GQ":"10","WP":"10","MP":"3|10","H7":"10","QJ":"10","26":"10","64":"10","FP":"10","QQ":"10","66":"10","MM":"10","FR":"10","4M":"10","GW":"10","HP":"10","CM":"10","5P":"10","65":"10","MQ":"3","27":"10","F4":"10","JM":"10","FW":"10","W2":"10","53":"10"},"H3":{"9C":"10","CC":"10","99":"10","C9":"10"},"G3":{"55":"10"},"93":{"QX":"10","HX":"10","QW":"10","PW":"10","V9":"10","QF":"10","9M":"10","VC":"10","RC":"10","RF":"10","CM":"10","R9":"10","V4":"10","PX":"10"},"C2":{"FW":"10","JR":"10","CW":"10","W9":"10","HR":"10"}},"WM":{"RR":{"3Q":"10","3P":"10"},"VW":{"FM":"10"}},"PX":{"R5":{"R7":"10","Q6":"10","R8":"10","Q8":"10","Q7":"10","R6":"10"}},"3X":{"FM":{"PW":"10","QW":"10"}},"JQ":{"4X":{"27":"10"},"8F":{"VC":"10","VF":"10"},"JV":{"4X":"10","3X":"10","2X":"10"},"3X":{"X7":"10"},"WM":{"WR":"10","VV":"10","VQ":"10","VR":"10"}},"PJ":{"XJ":{"M3":"10"},"R5":{"52":"10","53":"10","42":"10"},"Q4":{"CX":"10"},"R4":{"3R":"10","4X":"10","5X":"10","3W":"10","3V":"10","2R":"10","2X":"10","2W":"10","4W":"10"},"Q5":{"C4":"10","F5":"10","F3":"10","92":"10","C3":"10","F2":"10","VJ":"10","G3":"10","G4":"10","93":"10","F4":"10","C2":"10"}},"FP":{"HJ":{"63":"10","74":"10","64":"10","73":"10"}},"WP":{"H7":{"VX":"10","RX":"10"},"H8":{"W2":"10","V2":"10","R2":"10"}},"FR":{"6P":{"56":"10","57":"10"},"GM":{"Q2":"10","P3":"10","P4":"10","H6":"10","J2":"10","H2":"10"},"V5":{"R3":"10","V2":"10","R2":"10","V3":"10"},"V4":{"VX":"10"},"5P":{"PP":"10","MM":"10","PM":"10"}},"CQ":{"HW":{"HW":"10","HX":"10","GW":"10","GX":"10"}},"3R":{"FC":{"2J":"10","3H":"10"}},"FV":{"G2":{"7M":"10","7J":"10","8J":"10","6H":"10","8M":"10","7H":"10","6M":"10","6J":"10"}},"VV":{"V7":{"3J":"10","3M":"10"}},"PM":{"G9":{"29":"10"},"XH":{"PR":"10"},"RM":{"6R":"10","7R":"10"}},"JR":{"G8":{"HQ":"10","GQ":"10","GR":"10"},"32":{"RQ":"10","QQ":"10"}},"5W":{"C4":{"CJ":"10","CM":"10"},"G7":{"MF":"10","JC":"10","MC":"10","JF":"10"}},"VR":{"JW":{"9R":"10","7M":"10","8R":"10","5R":"10","8Q":"10","7Q":"10","7R":"10"}},"3W":{"XP":{"QV":"10"}},"GV":{"PP":{"VC":"10","WC":"10","VF":"10"},"QP":{"22":"10","39":"10","49":"10","4C":"10","32":"10","3C":"10","48":"10"},"QM":{"2X":"10"},"PM":{"XX":"10"}},"9R":{"9Q":{"VP":"10","VM":"10"}},"QR":{"G7":{"PV":"10","PR":"10","JR":"10","MR":"10"}}},"index":{"university,1|retail,2|tourism,3|wreck,4|historical,5|artsCulture,6|namedBuilding,7|water,8|wetland,9|park,10|beach,11|natureReserve,12|cemetery,13|trail,14":{}}}