{"index":{"university,1|retail,2|tourism,3|wreck,4|historical,5|artsCulture,6|namedBuilding,7|water,8|wetland,9|park,10|beach,11|natureReserve,12|cemetery,13|trail,14":{}},"5H":{"P2":{"XP":{"3G":"10","7M":"10","3H":"10","7J":"10","9P":"10","9Q":"10","9R":"10","6M":"10","6J":"10"}},"R2":{"X9":{"QM":"10","PM":"10"}},"HF":{"RC":{"QC":"10","R8":"10","R9":"10","RC":"10","RF":"10"},"W9":{"R5":"10"}},"P8":{"78":{"H7":"10","F3":"10","M4":"10"}},"GC":{"HW":{"FM":"10","CJ":"10","CM":"10","CH":"10"},"9R":{"76":"10","77":"10"}},"W5":{"87":{"74":"10","75":"10"}},"C8":{"6V":{"8H":"10","89":"10"}},"HC":{"3C":{"26":"10"},"36":{"57":"10","47":"10","58":"10","48":"10"},"4C":{"6M":"10"}},"V7":{"55":{"7H":"10","7G":"10"},"63":{"X4":"10"},"56":{"R3":"10","V5":"10","R4":"10","V4":"10"},"66":{"6G":"10","8Q":"10","CJ":"10","7Q":"10","6F":"10","7P":"10","9P":"10","8M":"10","8P":"10","9Q":"10"},"74":{"VC":"10","VF":"10"},"54":{"7M":"3","22":"10","8Q":"3","24":"10","9M":"3","9P":"3","34":"10","8M":"3","8P":"3","9Q":"3"},"64":{"6P":"10","5R":"10","6M":"10","5M":"10"},"67":{"2G":"10","69":"10","2F":"10","3G":"10","6P":"10"},"43":{"XV":"10"}},"Q2":{"FM":{"7H":"10","6H":"10","7J":"10"},"FP":{"F2":"10","C2":"10"},"CM":{"WR":"10","XQ":"10","VQ":"10","RQ":"10","XR":"10","VR":"10","WQ":"10"}},"H9":{"3G":{"R8":"10","J9":"10","W5":"10","R9":"10","QH":"10","9H":"3","8G":"3","H9":"10","Q8":"10","9G":"3|10","CH":"3","8F":"3","Q9":"10","F6":"10","C6":"10","JJ":"10","9F":"3","FH":"3","M6":"10","PH":"10","PJ":"10","94":"10","8H":"3","FG":"3","CF":"3","V4":"10","X8":"10","CG":"3"},"6G":{"64":"10"},"4F":{"QG":"10"},"4G":{"8F":"10","J9":"10","2F":"10","P9":"10","JC":"10","MP":"10","MC":"10","M9":"10","Q8":"10","57":"10","M8":"10","MM":"10","J8":"10","PC":"10"},"3H":{"P2":"10","M2":"10","M3":"10"},"7G":{"33":"10","34":"10"},"4J":{"FV":"10"},"3F":{"2G":"10","3G":"10","R9":"10","6Q":"10"},"2M":{"QH":"10","RH":"10"},"6F":{"76":"10","77":"10","87":"10","67":"10"},"4H":{"8H":"10","C6":"10"},"69":{"9R":"10","CV":"10"},"5F":{"56":"10","66":"10"},"3C":{"6F":"10"}},"98":{"H4":{"XJ":"10","XH":"10","WH":"10","WJ":"10"}},"9C":{"V2":{"69":"10","6C":"10"}},"FQ":{"2J":{"QX":"10"},"3G":{"Q3":"10","X3":"10","C4":"10","HH":"10"},"38":{"C2":"10","53":"10","6J":"10","CM":"10","23":"10","3J":"10","43":"10","52":"10","42":"10","33":"10","44":"10","7P":"10","3M":"10","34":"10","72":"10","62":"10","22":"10","32":"10","64":"10","54":"10","2M":"10","FV":"10","2J":"10"},"4F":{"3G":"10","76":"10","86":"10","4Q":"10","4P":"10","68":"10","3R":"10","3P":"10","95":"10","94":"10","7Q":"10","62":"10","2C":"10","7P":"10","6Q":"10","6P":"10","72":"10","3C":"10","3M":"10","77":"10","6R":"10"},"39":{"MV":"10"},"3H":{"GF":"10"},"3F":{"WJ":"10","JP":"10","R8":"10","MH":"10","JH":"10","RR":"10","PP":"10","HV":"10","6P":"10","VJ":"10","G4":"10","M5":"10"},"4C":{"76":"10","6X":"10","9Q":"10","HX":"10","GW":"10","7X":"10","2X":"10"},"37":{"5X":"10","8R":"10","4X":"10","3V":"10","7X":"10","2R":"10","4V":"10"},"3J":{"R6":"10"},"27":{"5Q":"10","4J":"10","6P":"10","6Q":"10","5P":"10"},"28":{"XJ":"10","RW":"10","MJ":"10","98":"10","5G":"10","Q9":"10","R9":"10","MG":"10","PG":"10","QM":"10","WP":"10"},"3C":{"WG":"10","VF":"10","WF":"10","V3":"10","VG":"10","2M":"10","XF":"10","GP":"10","XG":"10","WH":"10","VH":"10","3M":"10"},"3M":{"F6":"10"}},"P9":{"83":{"G6":"10"}},"97":{"9C":{"Q2":"10","R3":"10","R2":"10"},"CC":{"R2":"10"},"99":{"HQ":"10","JP":"10","JR":"10","JQ":"10","HP":"10"}},"G8":{"RP":{"RR":"10"},"WV":{"J7":"10","H7":"10"}},"Q9":{"4X":{"4P":"10"}},"F6":{"MH":{"2J":"10","2H":"10"},"F9":{"WW":"10","WV":"10","WM":"10","WP":"10"}},"H8":{"63":{"G2":"10"},"2P":{"MC":"10"},"62":{"HX":"10","GX":"10"}},"85":{"9M":{"R7":"10","R8":"10","Q8":"10","Q7":"10"},"VJ":{"F5":"10","88":"10","78":"10","G5":"10","79":"10"},"JM":{"R8":"10","V8":"10"}},"RC":{"J7":{"37":"10","2F":"10","26":"10","47":"10","27":"10"},"J6":{"26":"10","36":"10","35":"10"},"H7":{"X9":"10","VF":"10","W7":"10","XC":"10","W5":"10","VG":"10","X6":"10","XF":"10","X7":"10","W6":"10","VH":"10"},"P6":{"87":"10"},"H8":{"4Q":"10","4V":"10"}},"99":{"5R":{"JP":"10"}},"QF":{"CJ":{"2M":"10","5H":"10"},"9J":{"XM":"10","VP":"10"}},"MF":{"RQ":{"J7":"10","M7":"10","HC":"10"}},"X2":{"P5":{"7J":"10","6J":"10","9H":"10","GG":"10","7H":"10","9G":"10","6M":"10","8J":"10","MH":"10","MG":"10","JH":"10","9J":"10","6H":"10","JG":"10","FH":"10","HQ":"10","8H":"10","7M":"10","FG":"10","HP":"10","8P":"10"}},"C9":{"H4":{"52":"10"},"J4":{"37":"10","47":"10","38":"10","48":"10"},"P9":{"H2":"10"},"H3":{"5X":"10","3H":"10"},"G3":{"RP":"10"}},"68":{"WM":{"3R":"10","3Q":"10","4Q":"10","4R":"10"}},"F9":{"Q9":{"7G":"10"},"F6":{"JW":"10","HW":"10","HX":"10","JX":"10"}},"QG":{"P4":{"JM":"10"},"P5":{"M7":"10","P9":"10"},"V4":{"9H":"10","8H":"10"}},"PF":{"HJ":{"7V":"10"}},"G9":{"52":{"2R":"10","4M":"10","2Q":"10","5P":"10","5M":"10","4P":"10"},"42":{"JP":"10","PV":"10","MJ":"10","QQ":"10","VM":"10","PR":"10","WJ":"10","QM":"10","HM":"10","JJ":"10","RQ":"10","XR":"10","VJ":"10","WM":"10","XQ":"10","JM":"10","MM":"10","PJ":"10","MR":"10","HQ":"10","PM":"10","QV":"10","RR":"10","QR":"10","HP":"10"}},"CQ":{"JP":{"MX":"10","JC":"10"},"PC":{"63":"10","54":"10","53":"10","F9":"10","64":"10","58":"10"},"R7":{"MQ":"10","MP":"10","PQ":"10","CQ":"10","CP":"10"},"P8":{"HP":"10"},"QH":{"M2":"10","5P":"10"},"VQ":{"G8":"10"},"V7":{"5Q":"10","4Q":"10","4R":"10"},"QC":{"R4":"10"},"WJ":{"FJ":"10"},"XP":{"6F":"10","86":"10","88":"10","X2":"10","87":"10","6C":"10","G4":"10"},"Q7":{"WW":"10","WV":"10"},"JF":{"XM":"10","XW":"10","XV":"10","XP":"10","XX":"10"},"P9":{"J9":"10","R9":"10","M3":"3"},"W6":{"8J":"10","9H":"10","7P":"10","8H":"10","7M":"10","6P":"10","PH":"10","8M":"10","HC":"10","PG":"10","6M":"10","7J":"10","5P":"10","QG":"10"},"WG":{"PC":"10"},"MC":{"HW":"10","FW":"10","JH":"10"},"MG":{"PW":"10|3","PX":"10","QX":"10","QW":"10"},"XM":{"3X":"10","XX":"10"},"JJ":{"86":"10","76":"10","GG":"10","77":"10","HH":"10","GF":"10","85":"10","C6":"10","C9":"10","C7":"10"},"MF":{"5P":"10","6P":"10","2W":"10","56":"10","7P":"10","6M":"10","76":"10","98":"10","X6":"10","XV":"10","66":"10","5M":"10","49":"10","2X":"10","4C":"10","6F":"10","99":"10","2R":"10","2V":"10","4J":"10","64":"10","4F":"10","5G":"10","67":"10","77":"10","2M":"10","3R":"10","4G":"10","5H":"10","7M":"10","FG":"10","4Q":"10","65":"10","4H":"10","55":"10"},"QF":{"3H":"10","4V":"10"},"JH":{"V8":"10","W7":"10"},"VJ":{"8G":"10"},"WC":{"J3":"10"},"JG":{"VF":"10","W4":"10","X3":"10","QG":"10","X4":"10","X7":"10","W3":"10","X5":"10"},"JQ":{"QC":"10","Q9":"10","R9":"10","RC":"10"},"X7":{"PC":"10","R8":"10","R9":"10","CM":"10","QC":"10","H9":"10","Q8":"10","XJ":"10","RF":"10","Q7":"10","9P":"10","P9":"10","WG":"10","M5":"10","Q9":"10","RC":"10","M7":"10","62":"10","QF":"10","CP":"10","VC":"10","M4":"10","9M":"10","M6":"10","PF":"10","VF":"10","P6":"10","WF":"10","P7":"10"},"QG":{"5G":"10","5F":"10","73":"10","HJ":"10"},"WP":{"W5":"10","X5":"10","X4":"10","W4":"10","X6":"10"},"PF":{"25":"10","VV":"10","8F":"10","X9":"10","WW":"10","VW":"10","WV":"10","6C":"10"},"PG":{"79":"10","PF":"10","VP":"10","RP":"10","99":"10","PC":"10","98":"10","R4":"10","6C":"10","69":"10","7C":"10","59":"10","R2":"10","WC":"10","R3":"10"},"WF":{"V2":"10","V3":"10"},"RR":{"4F":"10"},"W7":{"R7":"10","W7":"10","V5":"10","W8":"10","64":"10","R8":"10","V7":"10","W9":"10","H8":"10","R5":"10","V8":"10"},"X8":{"76":"10","P3":"10","P4":"10","4G":"10"}},"VF":{"M7":{"PR":"10","MR":"10"},"8F":{"XX":"3","XP":"3","XV":"3","WV":"3","XM":"3","XQ":"3","WQ":"3","XR":"3","WR":"3","WX":"3","WW":"3","XW":"3"},"P7":{"4R":"10","HV":"10","CQ":"10","JV":"10","8V":"10","5R":"10","8R":"10","9V":"10","MX":"10","JR":"10","CR":"10","JX":"10","HW":"10","5V":"10","9R":"10"},"9F":{"6R":"3","6V":"3","5W":"3","3Q":"3","9P":"3","6G":"3","3H":"3","4V":"3","8P":"3","5J":"3","5M":"3","9H":"3","4H":"3","7R":"3","6J":"3","5V":"3","6W":"3","2M":"3","9M":"3","4Q":"3","6P":"3","5Q":"3","5R":"3","2Q":"3","7W":"3","7J":"3","4R":"3","4J":"3","4P":"3","8J":"3","3M":"3","7P":"3","6H":"3","6M":"3","7H":"3","8X":"3","7X":"3","3X":"3","4W":"3","8V":"3","9G":"3","7Q":"3","CJ":"3","2R":"3","5H":"3","8M":"3","9F":"3","5G":"3","2P":"3","2V":"3","2J":"3","3P":"3","4G":"3","8R":"3","7V":"3","8Q":"3","4M":"3","3J":"3","8G":"3","9J":"3","7F":"3","4X":"3","3V":"3","2W":"3","3R":"3","5P":"3","8H":"3","8F":"3","7G":"3","7M":"3","3W":"3","2X":"3","8W":"3","6X":"3","CH":"3","9Q":"3","6Q":"3","5X":"3","6F":"3"},"9G":{"23":"3","45":"3","63":"3","33":"3","22":"3","35":"3","54":"3","44":"3","24":"3","43":"3","62":"3","42":"3","53":"3","72":"3","34":"3","52":"3","32":"3"},"8G":{"X3":"3","X2":"3"}},"FV":{"P9":{"CJ":"10","C8":"10","27":"10","CH":"10","C9":"10"},"FF":{"R8":"10","R9":"10"},"HM":{"94":"10"},"WJ":{"H8":"10"},"PF":{"FV":"10","FQ":"10","5X":"10","MP":"10","FP":"10","4X":"10","FR":"10","PH":"10","6X":"10"},"PG":{"52":"10","H2":"10"},"RP":{"6F":"10","5F":"10","7G":"10","7F":"10","7C":"10"},"PM":{"86":"10"},"MP":{"QH":"3","RH":"3","RG":"3","QG":"3"},"GF":{"H4":"10","H3":"10","G3":"10","G4":"10","H2":"10"},"QP":{"8W":"10","HX":"10"},"PC":{"66":"10","54":"10","44":"10","79":"10","C3":"10","67":"10","89":"10"},"XM":{"V7":"10"},"VG":{"FM":"10","FP":"10"},"XH":{"HH":"10"},"QQ":{"X3":"10","Q2":"10","Q4":"10"},"JJ":{"PR":"10","PQ":"10"},"RG":{"Q3":"10","Q2":"10","P8":"10","J9":"10","P7":"10","P3":"10","P2":"10","R2":"10","Q8":"10","Q7":"10","M8":"10","V5":"10","J8":"10","J5":"10"},"RM":{"3F":"10","GG":"10","4F":"10"},"QF":{"6X":"10","6W":"10","74":"10","CG":"10","7W":"10","64":"10","7X":"10","73":"10"},"RQ":{"3G":"10","J8":"10"},"QG":{"MF":"10","F3":"10","MG":"10","CF":"10"},"QC":{"PJ":"10","V9":"10","QJ":"10","QM":"10","PM":"10"},"G8":{"X7":"3","W7":"3"},"RC":{"9R":"10","3Q":"10","FR":"10"},"XJ":{"FF":"10","88":"10","79":"10","C9":"10","9F":"10","CC":"10","CG":"10","99":"10","98":"10","FG":"10","CF":"10","89":"10","8C":"10","WW":"10","9C":"10"},"RF":{"MC":"10","HM":"10","GM":"10","HJ":"10","JC":"10","JJ":"10","F9":"10","GP":"10","G9":"10"},"M9":{"MC":"10","CM":"10"},"JH":{"R7":"10","V6":"10","P6":"10","R6":"10","Q5":"10","Q6":"10","Q7":"10","R5":"10"},"VM":{"QQ":"10"},"HP":{"J3":"10","V5":"10","V4":"10"},"MG":{"G8":"10","F5":"10","G6":"10","F7":"10","F6":"10","G7":"10","F8":"10"},"MF":{"XG":"10","7H":"10","WG":"10","QR":"10","QV":"10"},"J9":{"V8":"10"}},"M8":{"3R":{"3R":"10"},"MQ":{"9P":"10"},"MR":{"Q8":"10"},"2R":{"RX":"10"}},"FC":{"69":{"2W":"10","3R":"10","4W":"10","3Q":"10","2V":"10","3V":"10","2X":"10","2Q":"10","2R":"10","4V":"10","3W":"10"},"59":{"WR":"10","XQ":"10","VV":"10","XW":"10","WW":"10","XV":"10","XR":"10","XX":"10","VR":"10","WQ":"10","VW":"10","WV":"10"}},"GV":{"2H":{"4R":"10"}},"V2":{"2G":{"CV":"10","R7":"10","R8":"10","R9":"10","Q8":"10","HJ":"10","9W":"10","Q7":"10","FQ":"10","Q6":"10","8R":"10","Q9":"10","JJ":"10","J2":"10","P3":"10","X4":"10","9V":"10","M2":"10","PH":"10","PJ":"10","M3":"10"},"2F":{"WX":"10","JX":"10"},"MH":{"7M":"10","4M":"10"},"V2":{"5Q":"10","4Q":"10"},"2H":{"C4":"10"},"29":{"GR":"10"}},"JC":{"56":{"98":"10","99":"10"},"4C":{"Q5":"10"}}}}