{"index":{"university,1|retail,2|tourism,3|wreck,4|historical,5|artsCulture,6|namedBuilding,7|water,8|wetland,9|park,10|beach,11|natureReserve,12|cemetery,13|trail,14":{}},"5P":{"4X":{"27":{"6W":"10","7W":"10"}},"CW":{"PC":{"94":"10","83":"10","93":"10","72":"10","62":"10"}},"8X":{"JP":{"XP":"10","PJ":"10","QW":"10","VP":"10","RP":"10","XM":"10","MJ":"10","QH":"10","RM":"10","RV":"10","RJ":"10","QV":"10","WM":"10","VM":"10","PH":"10","RW":"10","VJ":"10","WW":"10","RH":"10"},"MP":{"2M":"10"}},"3P":{"R7":{"62":"10"},"FQ":{"XV":"10","4F":"10","39":"10","3F":"10","49":"10","4C":"10","XR":"10","3C":"10"},"5J":{"QM":"10","FQ":"10","VF":"10","HM":"10","MM":"10","PM":"10","X8":"10","MP":"10","FP":"10","QP":"10","GQ":"10","XF":"10","JQ":"10","RJ":"10","JP":"10","GR":"10","XG":"10","RC":"10","HQ":"10","RF":"10","JH":"10","HR":"10","HP":"10","PP":"10"},"4J":{"RW":"10","QR":"10","QW":"10","QQ":"10"},"GQ":{"2R":"10","2V":"10"},"JJ":{"XJ":"10"},"7J":{"5P":"10","HF":"10","6C":"10","CM":"10","HC":"10","9H":"10","JV":"10","HW":"10","GG":"10","4M":"10","8G":"10","7H":"10","7C":"10","HJ":"10","9G":"10","29":"10","7P":"10","CH":"10","6M":"10","8J":"10","HM":"10","CJ":"10","FJ":"10","8F":"10","8M":"10","JW":"10","HV":"10","9J":"10","5J":"10","GH":"10","6H":"10","GF":"10","39":"10","FH":"10","9M":"10","7Q":"10","5H":"10","8H":"10","7M":"10","GJ":"10","FG":"10","JC":"10","HP":"10","CG":"10"},"8J":{"C6":"10","F8":"10","J8":"10","G8":"10","H8":"10","H9":"10","J9":"10"},"CH":{"X7":"10"},"6H":{"FM":"10","9H":"10","CJ":"10","8H":"10","9J":"10","FP":"10","CP":"10","CM":"10","CH":"10"},"6J":{"39":"10","F6":"10","C7":"10","XV":"10","58":"10","3H":"10","5J":"10","VR":"10","5C":"10","C4":"10","5V":"10","6J":"10","H6":"10","9M":"10","56":"10","C2":"10","3G":"10","P7":"10","H5":"10","F3":"10","C6":"10","HF":"10","G8":"10","G5":"10","7H":"10","47":"10","WV":"10","C5":"10","3C":"10","WR":"10","W8":"10","68":"10","57":"10","7Q":"10","93":"10","46":"10","8M":"10","M8":"10","W9":"10","37":"10","2J":"10","48":"10","29":"10","C3":"10","74":"10","66":"10","M9":"10","83":"10","G3":"10","P8":"10","59":"10","PJ":"10","XR":"10","9J":"10","F7":"10","P9":"10","G4":"10","J6":"10","73":"10","PH":"10","VV":"10","8H":"10","F4":"10","84":"10","4C":"10","92":"10","2H":"10","38":"10","49":"10"}},"6M":{"3G":{"FJ":"10","FM":"10","FP":"10","CQ":"10","CP":"10","CM":"10"}},"3V":{"WR":{"PX":"10","QX":"10"}},"2P":{"PW":{"XJ":"10","G9":"10","VG":"10","MJ":"10","PJ":"10","MF":"10","RJ":"10","F9":"10","XP":"10","XR":"10","C8":"10","PF":"10","F7":"10","MG":"10","HC":"10","PG":"10","JF":"10","GC":"10","F8":"10","C7":"10"},"QW":{"39":"10","2H":"10"}},"6X":{"C8":{"Q3":"10","Q2":"10"}},"8M":{"VQ":{"5C":"10","4C":"10"}},"3Q":{"FG":{"66":"10","67":"10"}},"9X":{"74":{"V8":"10"}},"8V":{"QM":{"XG":"10","WG":"10","X6":"10"},"RM":{"2F":"10","3C":"10","2C":"10","26":"10","39":"10","29":"10"}},"2R":{"Q2":{"Q6":"10"},"H7":{"7J":"10"},"6C":{"RW":"10","RX":"10"},"42":{"9C":"10","9F":"10"}},"CX":{"RP":{"HV":"10"}},"9V":{"J9":{"5G":"10","5F":"10","4F":"10","4G":"10"}},"CP":{"42":{"67":"10"},"34":{"9C":"10","9F":"10","79":"10","FF":"10"}},"FW":{"MJ":{"Q3":"10","HW":"10","JW":"10","XM":"10","R7":"10","P8":"10","V9":"10","Q9":"10","Q6":"10","P7":"10","MV":"10","P6":"10","R8":"10","JV":"10","R3":"10","XP":"10","R9":"10","Q8":"10","Q4":"10","HV":"10","MR":"10","Q7":"10","QQ":"10","R4":"10","R6":"10","V7":"10","WM":"10","WP":"10"},"MH":{"QM":"10","QW":"10","PG":"10","RG":"10","QF":"10","QG":"10","QV":"10","PH":"10","QJ":"10"},"JH":{"2J":"10","3G":"10","2G":"10","2H":"10","4G":"10","3H":"10","4J":"10","2M":"10","3J":"10","4H":"10","2F":"10"},"HH":{"WG":"10","WJ":"10","WF":"10","XM":"10","VG":"10","XH":"10","VX":"10","XF":"10","RX":"10","XG":"10","XJ":"10","WH":"10","WW":"10","VH":"10","VW":"10"},"JJ":{"23":"10","33":"10","35":"10","24":"10","43":"10","42":"10","34":"10","32":"10"},"HJ":{"P2":"10","Q3":"10","V8":"10","R2":"10","J9":"10","R9":"10","X3":"10","H9":"10","Q2":"10","J3":"10","H5":"10","V9":"10","W4":"10","H8":"10","J2":"10","P3":"10","J7":"10","X4":"10","R3":"10","W9":"10","M2":"10","M3":"10","J8":"10","J5":"10","V2":"10","H6":"10","W8":"10"}},"X7":{"HM":{"9C":"10","9F":"10"}},"4V":{"HV":{"HW":"10","GW":"10"}},"FR":{"6R":{"W3":"10","W2":"10","X2":"10","W4":"10","X7":"10","X6":"10"},"8P":{"P8":"10","J3":"10","R5":"10","V6":"10","V5":"10","M3":"10"},"7Q":{"6W":"10","5W":"10","7W":"10","7X":"10","2X":"10","4W":"10"},"6Q":{"XX":"10"},"7V":{"94":"10","C4":"10","C5":"10","93":"10"},"7R":{"3G":"10","7W":"10","74":"10","2G":"10","7M":"10","33":"10","22":"10","4G":"10","3H":"10","68":"10","9V":"10","64":"10","24":"10","94":"10","43":"10","46":"10","42":"10","5C":"10","7P":"10","56":"10","6H":"10","7R":"10","4H":"10","69":"10","58":"10","53":"10","93":"10","27":"10","52":"10","59":"10","7X":"10","7H":"10","32":"10","9W":"10","47":"10","6J":"10"}},"CQ":{"94":{"57":"10"}},"3R":{"MM":{"4J":"10","5J":"10","4M":"10","5M":"10"}},"FV":{"84":{"7V":"10","CQ":"10","8V":"10","8R":"10","8Q":"10","7Q":"10","GR":"10","GP":"10","7R":"10","FR":"10","CR":"10","HR":"10","HP":"10"},"64":{"RR":"10","RV":"10"}},"5W":{"7C":{"HG":"10"}},"7M":{"JC":{"34":"10"},"4M":{"37":"10","54":"10","53":"10","47":"10"}},"4P":{"64":{"VX":"10","WX":"10"},"65":{"W2":"10","X2":"10"},"75":{"R7":"10","Q7":"10"}},"2Q":{"8V":{"7P":"10","6P":"10","8R":"10","8Q":"10","8P":"10","7Q":"10","6Q":"10","7R":"10"},"RC":{"5Q":"10","5V":"10","5R":"10","4R":"10"},"FQ":{"76":"10","86":"10","67":"10","75":"10","87":"10","77":"10","66":"10"}}}}