{"5Q":{"MG":{"HV":{"3M":"10","3P":"10"}},"FX":{"6F":{"VX":"10","WW":"10","VW":"10"},"6X":{"FJ":"10","CJ":"10"},"7G":{"84":"10","V3":"10","J5":"10","H7":"10","Q5":"10","M3":"10","J7":"10","94":"10","Q6":"10","P4":"10","J6":"10","P3":"10","H6":"10","G5":"10","R2":"10","R3":"10","M4":"10"},"7F":{"7W":"10","4R":"10","FQ":"10","CQ":"10","6W":"10","XV":"10","4Q":"10","PW":"10","WV":"10","8V":"10","GX":"10","9V":"10","GQ":"10","XQ":"10","FW":"10","CP":"10","VQ":"10","RQ":"10","3Q":"10","WQ":"10","4M":"10","XR":"10","9P":"10","WR":"10","8M":"10","8P":"10","9Q":"10"},"CF":{"MG":"10"},"CH":{"6F":"10","6G":"10","7H":"10","6H":"10","7G":"10","9H":"10","9G":"10","6C":"10","7C":"10"}},"GP":{"85":{"WR":"10","VV":"10","VQ":"10","RQ":"10","RR":"10","XV":"10","XR":"10","VR":"10"},"95":{"3R":"10"}},"JG":{"HR":{"3J":"10"}},"6G":{"PV":{"2J":"10","3G":"10","2P":"10","2G":"10","2H":"10","4Q":"10","4P":"10","4F":"10","4G":"10","3H":"10","4J":"10","3P":"10","3F":"10","2M":"10","3J":"10","3Q":"10","4M":"10","4H":"10","2F":"10","2Q":"10","3M":"10"},"MX":{"FW":"10","FX":"10"},"QX":{"6R":"10","5M":"10"}},"J4":{"26":{"W7":"10","WJ":"10","R6":"10","VR":"10","VQ":"10","JP":"10","W6":"10","GH":"10","WH":"10","RR":"10","VJ":"10","VH":"10","HP":"10"},"36":{"7M":"10","C6":"10","96":"10","7J":"10","9H":"10","8J":"10","8H":"10","9P":"10","8M":"10","8P":"10"},"48":{"CQ":"10"}},"5J":{"2P":{"X3":"10","W3":"10","W5":"10","X4":"10","W4":"10"}},"PP":{"Q3":{"HH":"10","HJ":"10"}},"VR":{"PV":{"WR":"10","XV":"10","XR":"10","VR":"10","WV":"10"},"RQ":{"8J":"7","5F":"10","4F":"10","8P":"10"},"QV":{"2R":"10","2V":"10"}},"9M":{"VC":{"F9":"10","C8":"10","C9":"10","F8":"10"}},"52":{"6W":{"QW":"10"}},"42":{"3M":{"MX":"10","PX":"10","QW":"10"},"PH":{"82":"10"},"3P":{"P2":"10"}},"CQ":{"86":{"VG":"10","VF":"10"}},"J5":{"9R":{"XC":"10","WC":"10"},"MJ":{"RW":"10","GV":"10","QX":"10","GR":"10","RX":"10","QW":"10","FR":"10","FV":"10"}},"69":{"PG":{"9R":"10","8R":"10","8V":"10"}},"MC":{"VP":{"JP":"10","MP":"10","MM":"10","JM":"10"}},"QF":{"QG":{"4J":"10","5J":"10","3M":"10","7C":"10"}},"PC":{"6P":{"CX":"10","7W":"10","HV":"10","HM":"10","MM":"10","8Q":"10","8W":"10","62":"10","42":"10","7Q":"10","7P":"10","HQ":"10","HR":"10","52":"10","CV":"10","7X":"10","6X":"10","CW":"10","8P":"10"},"G4":{"6F":"10","7F":"10"},"6M":{"6X":"10","4X":"10","5X":"10"},"6Q":{"72":"10","62":"10"}},"WJ":{"Q3":{"X3":"10","X2":"10"}},"8J":{"3Q":{"5H":"10","29":"10"}},"6H":{"M3":{"27":"10"}},"CX":{"8G":{"37":"10","47":"10"}},"7X":{"JF":{"QC":"10","Q9":"10","P9":"10"}},"9X":{"3W":{"Q6":"10","P6":"10"}},"JW":{"3R":{"7F":"10","6G":"10","4J":"10","7G":"10","3P":"10","5H":"10","6F":"10","3J":"10","4M":"10","4H":"10","5F":"10","3M":"10"}},"VM":{"M3":{"C4":"10","F5":"10","C5":"10","F4":"10"}},"8M":{"8W":{"22":"10","63":"10","52":"10","23":"10","73":"10","32":"10","72":"10","42":"10","62":"10"},"6W":{"MQ":"10","JP":"10","MP":"10"},"7W":{"X3":"10","X2":"10"},"8R":{"3R":"10","5Q":"10","3Q":"10","5G":"10","2P":"10","4Q":"10","3M":"10","2M":"10","4M":"10","3P":"10","4R":"10","5M":"10","4P":"10"},"8V":{"GP":"10","6C":"10","C7":"10","5W":"10","98":"10","4V":"10","5J":"10","5M":"10","4H":"10","5V":"10","7C":"10","4Q":"10","5Q":"10","6P":"10","5R":"10","2Q":"10","99":"10","4R":"10","4J":"10","CC":"10","79":"10","3M":"10","G7":"10","GQ":"10","4W":"10","36":"10","88":"10","26":"10","4M":"10","3J":"10","HQ":"10","F9":"10","4X":"10","FC":"10","3V":"10","3R":"10","FF":"10","3W":"10","2X":"10","6X":"10","C9":"10","C8":"10","6Q":"10","5X":"10"},"7V":{"V8":"10","R8":"10","XG":"10","WH":"10","P8":"10","W5":"10","R9":"10","JV":"10","QC":"10","V7":"10","R5":"10","H9":"10","Q8":"10","RF":"10","MW":"10","Q5":"10","Q7":"10","WR":"10","R4":"10","P9":"10","Q6":"10","W6":"10","X6":"10","V6":"10","XX":"10","R6":"10","WG":"10","Q9":"10","H8":"10","V5":"10","JW":"10","M7":"10","QF":"10","HV":"10","MV":"10","RH":"10","WC":"10","QG":"10","VF":"10","VG":"10","Q4":"10","M8":"10","XH":"10","P6":"10","P5":"10","RG":"10","P7":"10","V4":"10","W8":"10"}},"VH":{"98":{"28":"10","2C":"10","29":"10"},"88":{"X9":"10","XC":"10","X8":"10","W9":"10","W8":"10"},"F2":{"V6":"10","M6":"10","H3":"10","V3":"10","W5":"10","V5":"10","H4":"10","Q3":"10","W4":"10","R4":"10","J3":"10","J4":"10","W6":"10","V2":"10","R3":"10","M4":"10","M5":"10"},"G2":{"23":"10","33":"10","54":"10","92":"10","C2":"10","44":"10","24":"10","43":"10","65":"10","83":"10","34":"10"},"G3":{"V3":"10"},"93":{"8F":"10"}},"QJ":{"G9":{"3X":"10","2X":"10"},"H7":{"38":"10","4F":"10","39":"10","49":"10","4C":"10","2C":"10","29":"10","5C":"10","28":"10","5F":"10","48":"10"},"G6":{"6X":"10","5X":"10"},"H6":{"6F":"10","6G":"10","5G":"10","5F":"10"},"G7":{"MH":"10","XC":"10","JR":"10","P5":"10","JC":"10","MW":"10","JQ":"10","M5":"10","Q9":"10","52":"10","VC":"10","H5":"10","J8":"10","MJ":"10","G5":"10","X9":"10","JW":"10","M6":"10","93":"10","J7":"10","R5":"10","M8":"10","W9":"10","V5":"10","R6":"10","C3":"10","74":"10","HW":"10","83":"10","WC":"10","72":"10","R9":"10","PJ":"10","JV":"10","RC":"10","QC":"10","MV":"10","J9":"10","G4":"10","V4":"10","PH":"10","Q6":"10","84":"10","Q5":"10","94":"10","HR":"10","V6":"10","62":"10","P6":"10","M7":"10"},"GC":{"32":"10"},"FV":{"G8":"10","H7":"10","J8":"10","H8":"10","G7":"10"}},"H7":{"RH":{"68":"10","38":"10","58":"10","C7":"10"}},"2P":{"XQ":{"H3":"10","J2":"10","H4":"10","M3":"10","G3":"10","J3":"10","J4":"10","M2":"10","H2":"10","G4":"10","G2":"10","M4":"10"},"XP":{"HW":"10","HX":"10","GW":"10","GV":"10","HV":"10","GX":"10","JX":"10"}},"82":{"JQ":{"RJ":"10"}},"QM":{"33":{"G9":"10","G8":"10","FC":"10","F9":"10","H8":"10"}},"CP":{"XC":{"W4":"10","V4":"10"}},"34":{"9C":{"C3":"10"}},"4M":{"MJ":{"WC":"10","WF":"10"}},"GW":{"34":{"HC":"10"}},"RH":{"X2":{"3F":"10","4H":"10","3J":"10","2J":"10","3G":"10","3H":"10","4F":"10","4G":"10","2H":"10"},"5R":{"FQ":"10","HM":"10","GM":"10","FP":"10","HJ":"10","GP":"10","JM":"10","HP":"10"}},"P9":{"2W":{"FJ":"10","FM":"10"}},"33":{"7V":{"QF":"10","QC":"10","RC":"10","RF":"10"},"48":{"8J":"10","9J":"10"}},"X5":{"RJ":{"R7":"10","82":"10","H4":"10|5","X8":"7","R8":"10","F3":"10","H5":"10","G3":"10","X7":"7","G4":"10|5","R9":"10","VM":"10","VJ":"10","G2":"10","Q7":"10","G5":"10","F2":"10"},"VM":{"7G":"10","7F":"10"},"RH":{"MJ":"10","PJ":"10","MH":"10","PH":"10","JX":"10","QM":"10","PM":"10"},"RM":{"W5":"10","V5":"10"},"QG":{"H7":"10"}},"VG":{"FX":{"WH":"10","QH":"10","VQ":"10","RW":"10","WJ":"10","XP":"10","RF":"10","WR":"10","QM":"10","WQ":"10","XW":"10","XV":"10","XF":"10","VP":"10","RP":"10","XM":"10","VH":"10","RQ":"10","QF":"10","XR":"10","VW":"10","VJ":"10","XQ":"10","XC":"10","VC":"10","WC":"10","JM":"10","RV":"10","QG":"10","PF":"10","VF":"10","VG":"10","PG":"10","XH":"10","WF":"10"},"HV":{"W3":"10","63":"10","74":"10","53":"10","XV":"10","W4":"10","4G":"10","75":"10"},"MV":{"8W":"10","9V":"10","9X":"10","CW":"10","8V":"10","9W":"10"},"JV":{"MC":"10","PG":"10","QG":"10","JR":"10","6C":"10","6F":"10","5G":"10","HH":"10","8J":"10","44":"10","JW":"10","9M":"10","JF":"10","H8":"10","FX":"10","7F":"10","7X":"10","M8":"10","RW":"10","GQ":"10","5F":"10","QM":"10","WP":"10","RQ":"10","78":"10","XV":"10","G7":"10","HF":"10","8W":"10","FW":"10","JP":"10","68":"10","RV":"10","QW":"10","6M":"10","QR":"10","QQ":"10","H7":"10","GW":"10","RP":"10","89":"10","HW":"10","H9":"10","69":"10","G9":"10","7M":"10","34":"10","CP":"10","MV":"10","88":"10","6G":"10","7J":"10","CQ":"10","F6":"10","8C":"10","46":"10","HX":"10","JC":"10","43":"10","GC":"10","JX":"10","MH":"10","7V":"10","F5":"10","64":"10","8M":"10","HG":"10","G8":"10","PM":"10","MP":"10","5R":"10","JH":"10","RR":"10","54":"10","P8":"10","VQ":"10","HV":"10","F9":"10","PH":"10","CC":"10","GJ":"10","9C":"10","H6":"10","8P":"10","C9":"10","MX":"10","VW":"10","JG":"10","53":"10","7W":"10","WV":"10","FF":"10","99":"10","33":"10","VR":"10","7C":"10","8F":"10","WQ":"10","PF":"10","RG":"10","CW":"10","J7":"10","WR":"10","5J":"10","PV":"10","PW":"10","79":"10","MF":"10","GX":"10","4J":"10","VP":"10","GH":"10","J9":"10","CX":"10","M7":"10","QH":"10","PJ":"10","XP":"10","6J":"10","6V":"10","9G":"10","CF":"10","QV":"10","PR":"10","9J":"10","G6":"10","4M":"10","FP":"10","GF":"10","HP":"10","45":"10","J6":"10","GV":"10","5V":"10","J8":"10","5W":"10","4H":"10","VV":"10","FC":"10","52":"10","HM":"10","MW":"10"},"GX":{"2P":"10","8V":"10","6C":"10","6F":"10","HH":"10","2F":"10","2M":"10","9M":"10","5M":"10","H8":"10","67":"10","7F":"10","3F":"10","3H":"10","5P":"10","5F":"10","6P":"10","2X":"10","78":"10","3R":"10","3J":"10","F8":"10","8W":"10","59":"10","68":"10","39":"10","9W":"10","7P":"10","6X":"10","9P":"10","69":"10","5X":"10","G9":"10","7M":"10","8Q":"10","CP":"10","88":"10","9R":"10","7J":"10","4C":"10","3M":"10","2W":"10","3X":"10","29":"10","CM":"10","GC":"10","6H":"10","7V":"10","7R":"10","6W":"10","9X":"10","HG":"10","G8":"10","5R":"10","3C":"10","8R":"10","F9":"10","4V":"10","8P":"10","JG":"10","7W":"10","FF":"10","7C":"10","9Q":"10","CW":"10","3V":"10","5J":"10","4X":"10","2C":"10","2V":"10","79":"10","GH":"10","CX":"10","6J":"10","6V":"10","6R":"10","9J":"10","4M":"10","2J":"10","2G":"10","J8":"10","2H":"10","5W":"10","FC":"10","3G":"10","CG":"10","5C":"10"},"GR":{"PV":"10","WH":"10","MX":"10","JV":"10","VQ":"10","QQ":"10","PR":"10","WJ":"10","XP":"10","XJ":"10","MW":"10","QP":"10","QM":"10","XW":"10","XV":"10","XX":"10","PQ":"10","WG":"10","PW":"10","PP":"10","VP":"10","RP":"10","RQ":"10","VH":"10","RJ":"10","MV":"10","RH":"10","VJ":"10","XQ":"10","XC":"10","RM":"10","RV":"10","MR":"10","VG":"10","JR":"10","MQ":"10","XH":"10","VR":"10","RR":"10"},"JR":{"CX":"10","5X":"10","9V":"10","CW":"10"},"HR":{"5P":"10","6P":"10","QH":"10","2W":"10","6Q":"10","4M":"10","3J":"10","5Q":"10","3P":"10","9P":"10","6M":"10","3M":"10","GP":"10","FQ":"10","2P":"10","4R":"10","8M":"10","3Q":"10","5R":"10","5M":"10","9X":"10","2X":"10","5J":"10","4J":"10","9M":"10","PJ":"10","FP":"10","7Q":"10","2M":"10","3R":"10","7M":"10","4P":"10","4Q":"10","GQ":"10","8P":"10","2Q":"10"},"7X":{"VQ":"10","RQ":"10","XW":"10","WW":"10","XP":"10","WX":"10","XX":"10","WQ":"10","VW":"10","WV":"10","QQ":"10"},"HW":{"P9":"10","6G":"10","VF":"10","4G":"10","5J":"10","W8":"10","V9":"10","5H":"10","VC":"10","6H":"10","4H":"10","5G":"10","WC":"10","6J":"10"},"JW":{"C2":"10","53":"10","43":"10","36":"10","33":"10","44":"10","35":"10","G2":"10","38":"10","H2":"10","F3":"10","28":"10","34":"10","72":"10","49":"10","48":"10","F2":"10","64":"10","39":"10","54":"10","24":"10","73":"10","65":"10","93":"10"}},"7M":{"V3":{"GP":"10"}},"JM":{"CG":{"WR":"10","XV":"10","XR":"10"}},"6X":{"49":{"23":"10"}},"VJ":{"8R":{"GJ":"10","HM":"10","CQ":"10","GM":"10","FM":"10","FP":"10","HJ":"10","CP":"10","HQ":"10","HR":"10","9P":"10","FJ":"10","9Q":"10"}},"JX":{"7G":{"5W":"10"}},"RR":{"5C":{"28":"10"},"4C":{"X9":"10","XC":"10","X8":"10"}}},"index":{"university,1|retail,2|tourism,3|wreck,4|historical,5|artsCulture,6|namedBuilding,7|water,8|wetland,9|park,10|beach,11|natureReserve,12|cemetery,13|trail,14":{}}}