{"index":{"university,1|retail,2|tourism,3|wreck,4|historical,5|artsCulture,6|namedBuilding,7|water,8|wetland,9|park,10|beach,11|natureReserve,12|cemetery,13|trail,14":{}},"5V":{"P9":{"MV":{"J5":"10"},"F5":{"MF":"10","PF":"10","MG":"10","PG":"10"},"HM":{"2H":"10"},"F6":{"HM":"10","HP":"10"},"HP":{"J5":"10","M5":"10"},"F4":{"4X":"10","5X":"10"}},"HV":{"VG":{"66":"10","F9":"10","33":"10","34":"10"},"X8":{"QC":"10","Q9":"10","R9":"10","RC":"10","QG":"10"}},"C9":{"WC":{"25":"10"},"FV":{"4J":"10","4M":"10"}},"C6":{"VW":{"J2":"10"},"WV":{"W3":"10","H6":"10"}},"JV":{"9C":{"WX":"10"},"6F":{"Q2":"10","P5":"10"},"69":{"C8":"10"},"7F":{"Q9":"3|10","P9":"3","Q8":"3"},"9F":{"Q2":"10","V3":"10","M3":"10","M2":"10","P4":"10","P3":"10","P2":"10","R3":"10","M4":"10"},"V6":{"65":"10"},"5C":{"VG":"10","WG":"10","W9":"10","W8":"10","WF":"10"},"6C":{"6G":"10","FQ":"10","HM":"10","25":"10","MW":"10","FP":"10","GQ":"10","37":"10","JP":"10","GP":"10","PQ":"10","48":"10"}},"GF":{"H7":{"CX":"10"},"CC":{"XR":"10"},"F7":{"3F":"10","5J":"10","V4":"10"},"J8":{"JC":"10"},"H8":{"C2":"10"},"F8":{"5J":"10"}},"98":{"P9":{"QR":"10","QQ":"10"},"PJ":{"55":"10","56":"10","66":"10","54":"10","64":"10","65":"10","CQ":"10"},"MC":{"XW":"10","VX":"10","WW":"10","WX":"10"},"PF":{"97":"10","55":"10","C7":"10","98":"10","H8":"10","9C":"10","R7":"10","V7":"10","H6":"10","75":"10","C2":"10","99":"10","32":"10","MC":"10","W4":"10","QF":"10","PC":"10","RF":"10","J8":"10","C6":"10","FJ":"10","C5":"10","W8":"10","63":"10","J7":"10","X3":"10","V8":"10","9F":"10","M8":"10","64":"10","W9":"10","V9":"10","C3":"10","74":"10","M9":"10","95":"10","34":"10","35":"10","25":"10","45":"10","J9":"10","Q8":"10","G4":"10","33":"10","RG":"10","85":"10","23":"10","P2":"10","X2":"10","65":"10","F4":"10","43":"10","W2":"10","C9":"10","G9":"10","C8":"10","94":"10","F2":"10","62":"10","FH":"10","53":"10","X4":"10","M7":"10"},"VP":{"33":"10","34":"10"},"PC":{"CV":"10","Q3":"10","PV":"10","GW":"10","2W":"10","JV":"10","HW":"10","RW":"10","5Q":"10","RX":"10","7V":"10","VX":"10","9W":"10","CR":"10","3V":"10","GX":"10","GP":"10","6V":"10","XW":"10","4R":"10","XX":"10","PW":"10","WW":"10","HR":"10","8V":"10","JW":"10","6W":"10","FX":"10","HV":"10","4W":"10","2V":"10","CX":"10","9V":"10","PX":"10","QW":"10","FW":"10","6R":"10","4V":"10","FR":"10","MR":"10","FV":"10","HQ":"10","JR":"10","5W":"10","GR":"10","3W":"10","GV":"10","7W":"10","HP":"10"},"QH":{"4Q":"10","4P":"10","5M":"10","7G":"10","8G":"10","7J":"10","8J":"10","8H":"10","5P":"10","6Q":"10","4M":"10","5Q":"10","6P":"10","7H":"10"},"V9":{"9C":"10","G9":"10","49":"10","69":"10","FC":"10","59":"10","F9":"10","99":"10","5C":"10","58":"10","GC":"10","48":"10","C9":"10"},"QF":{"9R":"10","6R":"10","55":"10","6C":"10","C7":"10","XC":"10","JC":"10","R7":"10","8P":"10","4H":"10","5C":"10","R8":"10","7C":"10","Q9":"10","89":"10","QH":"10","9V":"10","99":"10","HC":"10","P7":"10","CC":"10","79":"10","77":"10","MC":"10","W4":"10","HM":"10","PC":"10","RF":"10","RQ":"10","C6":"10","HF":"10","CV":"10","RP":"10","78":"10","QP":"10","X9":"10","W8":"10","67":"10","8M":"10","M8":"10","88":"10","96":"10","W9":"10","QQ":"10","MF":"10","R6":"10","M9":"10","P8":"10","WC":"10","R9":"10","PJ":"10","9J":"10","CR":"10","RC":"10","QC":"10","P9":"10","Q8":"10","V4":"10","X5":"10","23":"10","8C":"10","VF":"10","7G":"10","VG":"10","7M":"10","X8":"10","R4":"10","4C":"10","JF":"10","X4":"10"},"QG":{"M7":"10","GH":"10","F5":"10","9F":"10","53":"10","G5":"10","M6":"10","GJ":"10"},"QC":{"WX":"10","8Q":"10","CM":"10","9H":"10","9G":"10","CH":"10","9P":"10","3V":"10","CJ":"10","FJ":"10","4R":"10","8M":"10","FM":"10","9F":"10","9J":"10","6R":"10","FH":"10","9M":"10","3R":"10","8H":"10","7M":"10","8P":"10"},"RC":{"QX":"10","3X":"10","5X":"10","4X":"10","4W":"10","VX":"10","RX":"10","RV":"10","3V":"10","RW":"10","5V":"10","VW":"10"},"RF":{"Q2":"10","23":"10","R2":"10","32":"10","J5":"10"},"R9":{"HQ":"10","R9":"10","PP":"10","HV":"10","QP":"10","PQ":"10","QQ":"10","RC":"10","HR":"10"},"WM":{"39":"10"},"PH":{"H7":"10","X9":"10","Q8":"10","FF":"10","H8":"10"},"V8":{"PQ":"10"},"MF":{"W2":"10","V6":"10","Q2":"10","V3":"10","W5":"10","V5":"10","Q3":"10","W4":"10","R4":"10","X3":"10","X4":"10","V2":"10","W3":"10","V4":"10","X5":"10","R5":"10","R2":"10","R3":"10","Q4":"10"}},"JC":{"G9":{"MH":"10","PJ":"10","7V":"10","PG":"10","MM":"10","98":"10","MJ":"10","QH":"10","JJ":"10","RG":"10","QG":"10","JH":"10","PH":"10","JM":"10","9P":"10","8P":"10","RH":"10","QJ":"10","MG":"10"},"69":{"7F":"10"},"FC":{"X2":"10"},"78":{"86":"10","69":"10","68":"10","96":"10","59":"10","CJ":"10","87":"10","67":"10","38":"10","58":"10","GC":"10"},"GF":{"FW":"10","FV":"10"},"79":{"36":"10"},"67":{"PJ":"10","QJ":"10","QP":"10","QM":"10","RM":"10","PM":"10"},"F7":{"9P":"10"},"GC":{"22":"10"}},"MX":{"H9":{"C9":"10","9F":"10","CC":"10","99":"10","64":"10","CJ":"10","9H":"10","F9":"10","CH":"10","89":"10","9J":"10","9C":"10"},"G6":{"RQ":"10"},"87":{"M4":"10"},"H8":{"7W":"10","7M":"10"}},"29":{"XW":{"8X":"10","9X":"10","XV":"10","5V":"10","WV":"10"},"XX":{"82":"10","92":"10","47":"10","48":"10"}},"C8":{"26":{"97":"10","88":"10","77":"10","87":"10"},"42":{"MX":"10","PX":"10"}},"M9":{"MP":{"7Q":"10"},"VF":{"5J":"10"}},"GG":{"F6":{"MJ":"10","MH":"10"}},"JX":{"M9":{"VH":"10","V8":"10"}},"HW":{"XG":{"HG":"10"},"VC":{"P6":"10","6G":"10","2P":"10","2G":"10","HV":"10","JV":"10","5X":"10","3P":"10","Q5":"10","XH":"10","R4":"10","P5":"10","7J":"10","7Q":"10","6F":"10","5C":"10","3Q":"10","XG":"10","JR":"10","6Q":"10","HQ":"10","6C":"10","2F":"10","2Q":"10","HR":"10","RW":"10","MR":"10","R5":"10","5F":"10","Q4":"10"},"VG":{"9R":"10","9Q":"10"},"6G":{"VF":"10"},"V9":{"89":"10"},"WC":{"2G":"10","2H":"10"},"WG":{"P8":"10","P9":"10","M9":"10","M8":"10"},"VF":{"XP":"10","23":"10","33":"10","92":"10","44":"10","24":"10","G3":"10","43":"10","J4":"10","62":"10","G4":"10","34":"10","72":"10"},"RC":{"RW":"10","XH":"10","VV":"10","RR":"10","PP":"10","RV":"10","WX":"10","QR":"10","QP":"10","VW":"10","PM":"10"},"Q5":{"G9":"10"},"WF":{"2J":"10"}},"GW":{"X5":{"28":"10","27":"10"}},"C7":{"F9":{"39":"10","55":"10","6C":"10","58":"10","3H":"10","54":"10","5J":"10","2G":"10","4H":"10","5C":"10","2M":"10","75":"10","56":"10","52":"10","42":"10","C2":"10","5F":"10","3G":"10","32":"10","69":"10","4J":"10","77":"10","3M":"10","47":"10","3C":"10","2C":"10","68":"10","57":"10","36":"10","93":"10","63":"10","46":"10","5H":"10","67":"10","5G":"10","2P":"10","26":"10","64":"10","37":"10","2J":"10","48":"10","29":"10","74":"10","82":"10","4G":"10","66":"10","83":"10","95":"10","86":"10","72":"10","34":"10","35":"10","59":"10","3J":"10","4F":"10","25":"10","45":"10","22":"10","33":"10","73":"10","85":"10","23":"10","44":"10","3F":"10","65":"10","27":"10","84":"10","4C":"10","92":"10","43":"10","28":"10","2H":"10","76":"10","24":"10","94":"10","2F":"10","62":"10","53":"10","38":"10","49":"10"},"C8":{"XX":"10","XP":"10","XV":"10","WV":"10","XQ":"10","WQ":"10","XR":"10","WR":"10","WX":"10","WW":"10","XW":"10","WP":"10"},"99":{"RJ":"10","VJ":"10"},"8R":{"XH":"10"},"CF":{"MQ":"10","MR":"10","JQ":"10"},"8M":{"4H":"10"},"8Q":{"GJ":"10"},"7R":{"PJ":"10","QJ":"10","QH":"10","PH":"10"},"C9":{"W2":"10","XP":"10","WG":"10","X9":"10","WJ":"10","XC":"10","WF":"10","X8":"10","XM":"10","XH":"10","W4":"10","X6":"10","X3":"10","XF":"10","X4":"10","X7":"10","WQ":"10","XG":"10","X2":"10","W9":"10","XJ":"10","69":"10","WH":"10","WM":"10","W3":"10","VJ":"10","X5":"10","WC":"10","WP":"10"},"F8":{"FX":"10","9R":"10","6R":"10","6V":"10","5W":"10","3Q":"10","9P":"10","4V":"10","8P":"10","7R":"10","5V":"10","9W":"10","6W":"10","4Q":"10","5Q":"10","6P":"10","5R":"10","CQ":"10","2Q":"10","7W":"10","9V":"10","4R":"10","FV":"10","4P":"10","7P":"10","CV":"10","8X":"10","CX":"10","3X":"10","7X":"10","9X":"10","4W":"10","CW":"10","8V":"10","7Q":"10","2R":"10","8M":"10","2P":"10","2V":"10","3P":"10","8R":"10","7V":"10","8Q":"10","FR":"10","GV":"10","GW":"10","CR":"10","4X":"10","FQ":"10","3V":"10","2W":"10","3R":"10","5P":"10","7M":"10","3W":"10","2X":"10","FW":"10","8W":"10","6X":"10","9Q":"10","6Q":"10","5X":"10"}},"F6":{"8W":{"4V":"10"},"8X":{"4V":"10"},"F7":{"2W":"10"},"C7":{"WR":"10","QH":"10","CG":"10","VM":"10","QQ":"10","WP":"10"}}}}