{"66":{"XX":{"6W":{"P7":"10"}},"FF":{"22":{"VM":"10","RM":"10","WM":"10"},"8H":{"XV":"10"},"7M":{"2P":"10","4Q":"10","5J":"10","5M":"10","4J":"10","7Q":"10","7P":"10","6Q":"10","4M":"10","5Q":"10","X5":"10","8P":"10"},"8M":{"4G":"10"}},"XP":{"XJ":{"X9":"10"},"VG":{"79":"10","7C":"10"},"MQ":{"MX":"10","RW":"10","PX":"10","QX":"10","QW":"10","MW":"10"},"MV":{"RW":"10","PX":"10","RV":"10","QR":"10","H3":"10","QV":"10","JM":"10"},"PX":{"PJ":"10","9M":"10","9J":"10","PM":"10"},"XV":{"6P":"10"},"XP":{"VX":"10","WW":"10","WX":"10","VW":"10"},"JR":{"GW":"10","GX":"10","QQ":"10"},"X8":{"2J":"10"},"XX":{"29":"10"},"VF":{"J6":"10"},"MW":{"4P":"10","V3":"10","4J":"3|10","3J":"3|10","5P":"10","4M":"10","V2":"10","R2":"10","R3":"10","3M":"10"}},"CX":{"FX":{"3Q":"10"},"GP":{"9F":"10"},"XH":{"22":"10","23":"10"},"JC":{"P9":"10","XP":"10","X9":"10","Q9":"10","XC":"10","WF":"10","W8":"10","Q5":"10","PC":"10","V9":"10","XF":"10","QC":"10","W9":"10","V4":"10","WC":"10","Q4":"10"},"9C":{"FQ":"10"},"4V":{"C3":"10","93":"10"},"PP":{"M3":"10"},"7R":{"53":"10"},"JQ":{"3Q":"10","4Q":"10","4P":"10"},"XM":{"C3":"10"},"56":{"WR":"10","CW":"10"},"QR":{"RW":"10","RX":"10"},"5Q":{"J9":"10","GG":"10","2P":"10","4G":"10","M8":"10","J8":"10"},"VC":{"R7":"10","R8":"10"},"MC":{"7F":"10","3G":"10","2P":"10","2G":"10","4G":"10","3H":"10","5H":"10","2C":"10","5C":"10","29":"10","3J":"10","2F":"10","5G":"10","3C":"10","3M":"10","9C":"10"},"XQ":{"95":"10"},"WG":{"CV":"10","R8":"10","PV":"10","QH":"10","RW":"10","RX":"10","XP":"10","VX":"10","RF":"10","WR":"10","QM":"10","X6":"10","XW":"10","XV":"10","MH":"10","G8":"10","WG":"10","MG":"10","PW":"10","RP":"10","WW":"10","QF":"10","RJ":"10","WM":"10","PX":"10","RM":"10","QJ":"10","QW":"10","RV":"10","PH":"10","PJ":"10","QG":"10","G9":"10","VF":"10","VG":"10","PG":"10","VV":"10","QV":"10","RG":"10","WF":"10","W8":"10","X9":"10"},"WH":{"W2":"10","V3":"10","P4":"10","P3":"10","H8":"10","P2":"10","87":"10","M4":"10","F6":"10"},"47":{"X3":"10","G7":"10"},"RP":{"R7":"10","V7":"10"},"C5":{"VQ":"10"},"4W":{"H5":"10","CC":"10","99":"10","J2":"10","C9":"10"},"XP":{"6V":"10"},"W8":{"XQ":"10","XP":"10","C3":"10","93":"10","C2":"10"},"57":{"8Q":"10","7Q":"10","7R":"10"},"J7":{"X7":"10","X6":"10"},"MP":{"27":"10"},"VH":{"GV":"10","VM":"10","QP":"10","FV":"10"},"QJ":{"VG":"10","WH":"10","VH":"10","RH":"10","VJ":"10","VF":"10"},"26":{"CX":"10","FX":"10"},"W9":{"VG":"10"},"V5":{"CX":"10","9X":"10"},"R6":{"52":"10","62":"10"},"RJ":{"R5":"10","F7":"10","Q5":"10"},"66":{"RJ":"10","2R":"10"},"XJ":{"WC":"10","WF":"10"},"RV":{"R4":"10"},"WX":{"VP":"10","WP":"10"},"XG":{"9Q":"10","2H":"10","2W":"10","6Q":"10","GG":"10","MJ":"10","42":"10","3H":"10","7R":"10","74":"10","CR":"10","8J":"10","3V":"10","GP":"10","JF":"10","FQ":"10","6V":"10","87":"10","HM":"10","3G":"10","4R":"10","MH":"10","86":"10","26":"10","3Q":"10","5R":"10","FF":"10","49":"10","59":"10","JH":"10","9J":"10","5J":"10","2R":"10","32":"10","2V":"10","GH":"10","JG":"10","4F":"10","6R":"10","4V":"10","PJ":"10","FP":"10","FR":"10","7Q":"10","2M":"10","CQ":"10","3R":"10","7M":"10","58":"10","4P":"10","4Q":"10","3W":"10","9R":"10","GM":"10","HP":"10","2J":"10","2Q":"10"},"W3":{"PV":"10","MV":"10"},"F7":{"95":"10"},"VQ":{"QH":"10","QG":"10"},"XF":{"4X":"10","3X":"10"},"PH":{"CJ":"10","9J":"10"},"XX":{"3P":"10","4P":"10"},"27":{"C2":"10"},"X8":{"3R":"10","R7":"10","3Q":"10","Q6":"10","2P":"10","3V":"10","M9":"10","P4":"10","6P":"10","2R":"10","2Q":"10","5R":"10","R6":"10","4V":"10","GC":"10"},"Q5":{"7P":"10","7M":"10","8M":"10","8P":"10","6M":"10","6J":"10"},"6X":{"2F":"10","4V":"10","4W":"10"},"CH":{"WC":"10"},"X7":{"XG":"10","XQ":"10","VQ":"10","QJ":"10","RP":"10","QH":"10","XR":"10","RH":"10","XF":"10"},"G9":{"HF":"10"},"V6":{"F3":"10","92":"10","C2":"10"},"38":{"76":"10","52":"10","77":"10","62":"10"}},"7W":{"CQ":{"42":"10"},"3X":{"FG":"10"},"5X":{"25":"10","3M":"10","4M":"10","3P":"10","4P":"10"},"CP":{"5X":"10","7J":"10","9H":"10","GG":"10","8G":"10","7H":"10","7R":"10","7V":"10","9G":"10","7F":"10","CH":"10","CR":"10","9P":"10","8J":"10","FJ":"10","MH":"10","3Q":"10","MG":"10","FF":"10","FM":"10","8V":"10","6W":"10","QF":"10","4W":"10","9J":"10","9V":"10","GH":"10","6H":"10","GF":"10","QG":"10","3R":"10","5W":"10","8H":"10","FG":"10","GJ":"10","4Q":"10","9R":"10","7W":"10","7G":"10"},"4X":{"X3":"10","49":"10","66":"10","59":"10","9P":"10","9M":"10","7W":"10","7M":"10","67":"10","5C":"10"},"4W":{"PH":"10","MM":"10","PG":"10","PM":"10","QG":"10"},"VX":{"W2":"10","R3":"10","V2":"10","V4":"10","V3":"10"},"9M":{"4X":"10","3X":"10","3W":"10","2W":"10"},"RV":{"FF":"10","9G":"10","9F":"10","CC":"10","CG":"10","GF":"10","FG":"10","GC":"10","8G":"10","9H":"10","FH":"10","CF":"10","GG":"10","FC":"10"},"GP":{"R7":"10","XC":"10","WC":"10","VF":"10","RC":"10","RF":"10","WF":"10"},"PQ":{"JP":"10","JH":"10","HH":"10","JG":"10","GM":"10","JJ":"10","HJ":"10","PM":"10"},"3V":{"HH":"10"},"CR":{"86":"10","39":"10","96":"10","4C":"10","97":"10","6F":"10","5G":"10","5F":"10","87":"10","3C":"10","C4":"10"},"8M":{"PV":"10","PR":"10","MQ":"10","XW":"10","MR":"10","WV":"10","QV":"10"},"3W":{"PV":"10","RR":"10","XV":"10","QR":"10","VR":"10"},"VW":{"VV":"10","VX":"10","VW":"10"}},"FX":{"5P":{"MX":"10","JX":"10","MW":"10"},"MX":{"45":"10"},"5X":{"R3":"10"},"7J":{"XC":"10"},"2H":{"R7":"10","V6":"10","P7":"10","Q9":"10","R6":"10","M7":"10","R8":"10","P8":"10","V7":"10","M8":"10","Q6":"10","4M":"10","R9":"10","3M":"10"},"25":{"RR":"10"},"9H":{"XG":"10","QF":"3","HF":"10","WX":"10","WG":"10","RG":"10","MG":"10","PG":"10"},"JV":{"87":"10"},"6Q":{"86":"10","83":"10","68":"10","88":"10","78":"10","77":"10","87":"10"},"HW":{"X9":"10"},"GG":{"GW":"10","QX":"10","QW":"10"},"4M":{"G7":"10"},"PR":{"W2":"10","V3":"10","W5":"10","Q3":"10","W4":"10","P4":"10","V2":"10","P3":"10","W3":"10","V4":"10"},"5Q":{"P3":"10","P2":"10","M2":"10","M3":"10"},"3H":{"J4":"10","J3":"10","G2":"10"},"7R":{"VM":"10","WM":"10"},"7V":{"XQ":"10","XP":"10","WW":"10","XR":"10","WX":"10","XX":"10"},"29":{"X6":"10","W7":"10","W8":"10"},"QP":{"VQ":"10","XP":"10","WP":"10"},"CH":{"3R":"10","2G":"10","2F":"10","3V":"10","2R":"10","5R":"10","2V":"10","6V":"10","4R":"10"},"CR":{"JC":"10","5V":"10","JF":"10"},"QM":{"VF":"10","WF":"10"},"2P":{"C4":"10","C5":"10"},"6V":{"2C":"10"},"CJ":{"HG":"10","C5":"10"},"FJ":{"9R":"10"},"3G":{"FW":"10","GX":"10","38":"10"},"28":{"C5":"10","J9":"10","HF":"10","GC":"10","HC":"10","23":"10|3","RW":"10","92":"10","33":"10","H9":"10","J6":"10","Q5":"10","Q6":"10","G8":"10","C7":"10","MC":"10","FF":"10","72":"10","27":"10","96":"10","F2":"10","VW":"10","J7":"10","X4":"10","95":"10","C4":"10","GF":"10","94":"10","FG":"10","J5":"10","CF":"10","P5":"10","P7":"10","JC":"10","C3":"10","CG":"10"},"26":{"XJ":"10","WR":"10","3R":"10","3Q":"10","JV":"10","HR":"10","QV":"10","WM":"10"},"3Q":{"CR":"10","FV":"10"},"PQ":{"VX":"10","WX":"10"},"8W":{"23":"10","45":"10","25":"10","33":"10","22":"10","35":"10","44":"10","24":"10","43":"10","37":"10","42":"10","52":"10","32":"10"},"5R":{"2P":"10","2R":"10","2Q":"10"},"37":{"3G":"10","38":"10","2W":"10","2H":"10","3H":"10","3F":"10","57":"10","4C":"10","46":"10","37":"10","2C":"10","5C":"10","56":"10","2V":"10","58":"10","59":"10","36":"10","26":"10","28":"10","5F":"10","48":"10","47":"10"},"RP":{"3J":"10","3M":"10"},"27":{"R2":"10","W5":"10","W3":"10","JV":"10","VM":"10","X3":"10","QC":"10","WJ":"10","XJ":"10","W6":"10","XW":"10","V6":"10","XV":"10","W4":"10","XF":"10","V5":"10","RP":"10","XM":"10","JW":"10","RQ":"10","FX":"10","HG":"10","XR":"10","2R":"10","VJ":"10","9V":"10","V3":"10","XQ":"10","WM":"10","XC":"10","R3":"10","RM":"10","WC":"10","W9":"10","FH":"10","WP":"10","W2":"10","XH":"10","VR":"10","WF":"10","V2":"10","2Q":"10"},"8V":{"2P":"10","2W":"10","3X":"10","5X":"10","4X":"10","4W":"10","2X":"10","2R":"10"},"5F":{"5X":"10","5W":"10","4W":"10"},"6F":{"CJ":"10","9J":"10","CM":"10","7J":"10"},"CX":{"85":"10","95":"10"},"PX":{"C7":"10"},"GH":{"52":"10"},"4F":{"C4":"10","HX":"10","F5":"10","C5":"10","GX":"10"},"5G":{"76":"10","C4":"10","66":"10","77":"10","C3":"10","67":"10"},"39":{"25":"10","26":"10","46":"10","36":"10"},"FW":{"F8":"10"},"6R":{"6R":"10","6Q":"10"},"FH":{"FH":"10","GH":"10","HH":"10"},"2M":{"9V":"10","8V":"10"},"4G":{"QJ":"10","G2":"10","H2":"10"},"HQ":{"4J":"10","4H":"10","3J":"10","2J":"10","3H":"10"},"JR":{"97":"10","C7":"10"},"4P":{"WG":"10","VF":"10","WF":"10","VG":"10","XG":"10","WH":"10","VH":"10"},"GQ":{"XJ":"10","XH":"10"},"7W":{"X3":"10","W3":"10","W2":"10","V2":"10","R2":"10","X4":"10","V3":"10"},"HP":{"R7":"10","P9":"10","MC":"10","VF":"10","Q9":"10","PF":"10","R8":"10","PC":"10","V9":"10","P8":"10","QF":"10","V7":"10","Q8":"10","QC":"10","M8":"10","VC":"10","RC":"10","RF":"10","M9":"10","R9":"10","V8":"10","MF":"10"}},"6W":{"XX":{"V2":"10"},"VV":{"XP":"10","XV":"10","XM":"10","XR":"10","WM":"10","WR":"10","WP":"10"},"5X":{"H6":"10","G7":"10"},"WV":{"5W":"10","2W":"10","7M":"10","5X":"10","5R":"10","3R":"10","4X":"10","7Q":"10","7P":"10","2V":"10","5Q":"10","3V":"10","8M":"10","6X":"10","8P":"10","2R":"10","3W":"10"},"PV":{"9G":"10"},"QR":{"R4":"10"},"RR":{"37":"10","47":"10","46":"10","36":"10"},"WW":{"63":"10","52":"10","54":"10","53":"10","44":"10","46":"10","32":"10","42":"10","62":"10","43":"10"},"XW":{"WR":"10","VP":"10","RP":"10","VR":"10"}},"XV":{"M6":{"5V":"10","32":"10","4V":"10"},"FF":{"5Q":"10","5P":"10"},"CQ":{"22":"10"},"9F":{"5Q":"10","6P":"10","6R":"10","4M":"10","5R":"10","6Q":"10","5P":"10","5M":"10","4P":"10"},"J5":{"2G":"10","3J":"10","2J":"10","2M":"10"},"M7":{"27":"10"},"8Q":{"R5":"10","P5":"10","V5":"10","R4":"10","R6":"10","Q5":"10","V4":"10"},"H5":{"XM":"10","XF":"10"},"P5":{"Q6":"10","R2":"10","Q5":"10"},"7J":{"R5":"10","V6":"10","V5":"10","R4":"10","V4":"10"},"9P":{"FM":"10","CQ":"10","CP":"10","CM":"10"},"G9":{"2P":"10","3P":"10"}},"5X":{"FX":{"5J":"10","5P":"10","5M":"10"}},"WV":{"H4":{"5V":"10","6V":"10"},"R2":{"FG":"10","9H":"10","CJ":"10","CG":"10","9G":"10","9J":"10","FX":"10","CH":"10"},"F5":{"R2":"10","36":"10","V5":"10","V4":"10"},"GC":{"5H":"10"},"QH":{"G9":"10","G8":"10","F9":"10","CC":"10","82":"10","99":"10","89":"10","C9":"10"},"9H":{"VC":"10","P8":"10","QF":"10","QC":"10","Q9":"10","P9":"10","88":"10","R8":"10","R9":"10","Q8":"10","X8":"10"},"MJ":{"4J":"10","4M":"10"},"G5":{"88":"10","G7":"10","H7":"10","F8":"10","98":"10","W4":"10","VX":"10","G8":"10","C8":"10","V4":"10","WX":"10","M5":"10"},"74":{"HV":"10","HM":"10","GM":"10","CP":"10","9M":"10","GR":"10","GP":"10","FR":"10","CM":"10","CR":"10","HP":"10"},"RF":{"46":"10"},"CH":{"MG":"10","Q7":"10","F6":"10","6R":"10","97":"10","C7":"10","6V":"10","XH":"10","FG":"10","HG":"10","W5":"10","R7":"10","V7":"10","8P":"10","H6":"10","89":"10","4Q":"10","QH":"10","P4":"10","W6":"10","HC":"10","69":"10","WG":"10","C6":"10","HF":"10","WH":"10","WF":"10","C5":"10","68":"10","PQ":"10","46":"10","67":"10","8M":"10","W7":"10","96":"10","V5":"10","R6":"10","95":"10","RC":"10","45":"10","F7":"10","X6":"10","G4":"10","QG":"10","X5":"10","3F":"10","H9":"10","Q6":"10","PG":"10","X7":"10","C8":"10","VJ":"10","V6":"10","FH":"10"},"WR":{"H9":"10","H8":"10"},"R4":{"9R":"10","9Q":"10","CR":"10"},"J3":{"W3":"10","X5":"10","R3":"10","W4":"10","V3":"10"},"GP":{"P2":"10","M2":"10"},"84":{"XG":"10","XH":"10","WH":"10","WG":"10"},"CJ":{"C6":"10","V3":"10","CG":"10","68":"10","HF":"10","H7":"10","GF":"10","M3":"10","GC":"10","67":"10","R4":"10","J4":"10","J3":"10","V4":"10","R3":"10","G9":"10"},"FJ":{"94":"10","22":"10","C4":"10"},"8R":{"7X":"10"},"97":{"52":"10"},"WV":{"XM":"10","WM":"10"},"Q9":{"P3":"10","P2":"10","G5":"10","G6":"10","G7":"10"},"FF":{"8F":"10","9F":"10"},"85":{"QQ":"10"},"8V":{"84":"10","5X":"10"},"J2":{"XG":"10","XF":"10"},"P3":{"W5":"10","W4":"10","V3":"10"},"V3":{"5Q":"10","5P":"10"},"R3":{"9Q":"10","9P":"10"},"GH":{"9C":"10","8J":"10","6F":"10","MJ":"10","5F":"10","9J":"10","99":"10","JJ":"10","C9":"10"},"C4":{"H2":"10"},"6R":{"2V":"10"},"HH":{"7P":"10","7M":"10","7Q":"10"},"FH":{"2G":"10","2H":"10","3X":"10","4W":"10","QC":"10","RJ":"10","RC":"10","2X":"10","26":"10"},"9M":{"WG":"10","VJ":"10"},"PH":{"M7":"10","M8":"10"},"G9":{"8J":"10","9H":"10","44":"10","9G":"10","8H":"10","9J":"10"},"CC":{"2R":"10"},"Q4":{"6P":"10"},"M3":{"53":"10","33":"10","43":"10"},"94":{"2W":"10"},"FG":{"8W":"10","9Q":"10","7P":"10","7W":"10","7X":"10","8Q":"10","8P":"10"},"P5":{"RJ":"10","RH":"10"},"C3":{"RR":"10"},"CG":{"CV":"3","MX":"10","GW":"3","4M":"10","CW":"3","RX":"10","CR":"3","2P":"10","3Q":"10","5M":"10","9X":"10","FX":"3","CX":"3","9V":"3","PX":"10","FW":"3","FR":"3","FV":"3","HQ":"10","GV":"3","HP":"10"}},"GX":{"CX":{"W4":"10"},"3W":{"CW":"10","CV":"10","9W":"10"},"9X":{"88":"10"},"GX":{"4H":"10","4G":"10"},"JX":{"6J":"10"},"RX":{"83":"10"},"2W":{"VQ":"10","RQ":"10","RR":"10","VP":"10","VR":"10"}},"FG":{"49":{"2R":"10"},"39":{"XQ":"10","RR":"10","WQ":"10","WP":"10"}},"XQ":{"XW":{"39":"10","Q7":"10","6R":"10","55":"10","H3":"10","6C":"10","6V":"10","5W":"10","6G":"10","P5":"10","54":"10","8P":"10","5J":"10","5M":"10","V2":"10","F8":"10","7R":"10","6J":"10","5V":"10","2M":"10","6W":"10","Q3":"10","52":"10","4Q":"10","42":"10","5F":"10","J5":"10","H5":"10","79":"10","77":"10","QF":"10","F3":"10","C6":"10","4P":"10","G2":"10","8J":"10","7P":"10","6H":"10","8X":"10","R3":"10","CX":"10","7X":"10","M6":"10","8V":"10","H2":"10","J7":"10","X3":"10","5H":"10","67":"10","5G":"10","R5":"10","88":"10","2P":"10","26":"10","96":"10","4G":"10","66":"10","G3":"10","P8":"10","7V":"10","8Q":"10","4M":"10","4F":"10","M2":"10","F9":"10","7F":"10","P9":"10","Q8":"10","22":"10","QG":"10","V4":"10","RG":"10","J6":"10","X5":"10","P2":"10","23":"10","8H":"10","44":"10","P3":"10","3F":"10","65":"10","VF":"10","7M":"10","R4":"10","Q5":"10","4C":"10","43":"10","6X":"10","2H":"10","76":"10","38":"10","53":"10","P6":"10","X4":"10","6F":"10"},"VX":{"R7":"10","R8":"10","XG":"10","WH":"10","P8":"10","WX":"10","X3":"3","V7":"10","F7":"10","Q8":"10","XJ":"10","Q7":"10","R4":"10","Q6":"10","P9":"10","V6":"10","XX":"10","M9":"10","R6":"10","Q9":"10","F6":"10","72":"10","M7":"10","XC":"10","WC":"10","X2":"3","G7":"10","94":"10","M8":"10","XH":"10","P6":"10","73":"10","G6":"10","WF":"10","V2":"10","93":"10","P7":"10"},"XV":{"V3":"10","MC":"10","PG":"10","QG":"10","6C":"3|10","6F":"10","5G":"10","X8":"10","HH":"10","2F":"10","JQ":"10","GG":"10","P3":"10","XX":"10","V7":"10","7F":"10","WF":"10","V6":"10","Q7":"10","RM":"10","3H":"10","QP":"10","RW":"10","V9":"10","M2":"10","XF":"10","82":"10","W4":"10","5F":"10","M6":"10","56":"10","FG":"10","XC":"10","RQ":"10","3R":"10","3J":"10","QC":"10","8H":"10","JP":"10","PC":"10","59":"10","RV":"10","V8":"10","Q2":"10","R5":"10","W6":"10","RF":"10","6X":"10","QW":"10","V2":"10","QR":"10","42":"10","QQ":"10","GW":"10","4W":"10","RP":"10","HW":"10","9H":"10","25":"10","FH":"10","69":"10|3","Q6":"10","5X":"10","XH":"10","WJ":"10","VC":"10","VG":"10","34":"10","6G":"10","WC":"10","R6":"10","HJ":"10","F6":"10","MG":"10","XR":"10","8C":"10","VM":"10","WH":"10","3X":"10","27":"10","29":"10","RJ":"10","5H":"10","V4":"10","P7":"10","CM":"10","CH":"10","48":"10","5Q":"10","JX":"10","4G":"10","6H":"10","F5":"10","PX":"10","W2":"10","P6":"10","P2":"10","R7":"10","Q8":"10","6W":"10","8M":"10","4F":"10","JJ":"10","MP":"10","XQ":"10","PM":"10","28":"10","JH":"10","RR":"10","P8":"10","MQ":"10","3C":"10","3W":"10","X7":"10","W7":"10","XJ":"10","M3":"10","PH":"10","VF":"10","GJ":"10","FM":"10","VW":"10","24":"10","92":"10","RC":"10","WV":"10","C2":"10","W3":"10","VR":"10","RH":"10","PP":"10","4R":"10","2R":"10","38":"10","Q9":"10","J7":"10","W9":"10","P9":"10","WR":"10","WG":"10","3V":"10","4X":"10","X5":"10","GP":"10","PQ":"10","PV":"10","PW":"10","2C":"10","2V":"10","FJ":"10","QX":"10","32":"10","4J":"10","VP":"10","23":"10","JM":"10","4Q":"10","GH":"10","J9":"10","M7":"10","QH":"10","PJ":"10","MJ":"10","QV":"10","PR":"10","G6":"10","X9":"10","R2":"10","FP":"10","M9":"10","HP":"10","2G":"10","R9":"10","J8":"10","2H":"10","WM":"10","5W":"10","4H":"10","WW":"10","VV":"10","XG":"10","3G":"10","MM":"10","37":"10","HM":"10","CG":"10","5C":"10","XM":"10","22":"10"},"QW":{"R7":"10","2V":"10","2W":"10","V7":"10"},"RM":{"QF":"10","PF":"10","WM":"10"},"PP":{"R5":"10","Q5":"10"},"XM":{"QM":"10","RP":"10","5J":"10","4J":"10","QP":"10","RM":"10","RJ":"10","VM":"10","VJ":"10","6M":"10","6J":"10"},"Q9":{"6F":"10","G8":"10","3F":"10","5F":"10","4G":"10","4F":"10","5C":"10","G7":"10"},"QR":{"XQ":"10","XP":"10"},"VC":{"G8":"10","G7":"10"},"HC":{"M4":"10","M5":"10","CV":"10"},"XQ":{"P2":"10","Q3":"10","R7":"10","WH":"10","23":"10","7H":"10","7C":"10","Q2":"10","9G":"10","Q7":"10","R4":"10","9C":"10","87":"10","3G":"10","88":"10","XX":"10","8F":"10","WG":"10","4C":"10","9F":"10","95":"10","22":"10","C4":"10","X2":"10","4F":"10","8C":"10","C9":"10","PJ":"10","CQ":"10","CC":"10","4G":"10","Q4":"10","P4":"10","94":"10","93":"10","C3":"10","7G":"10"},"WM":{"W2":"10"},"RQ":{"QW":"10"},"WH":{"J7":"10","55":"10","54":"10"},"WF":{"8W":"10","W3":"10","6G":"10","5J":"10","PH":"10","RG":"10","PG":"10","QG":"10","9W":"10"},"QV":{"PV":"10","PR":"10","WC":"10","QR":"10","QV":"10"},"VW":{"VX":"10","55":"10","C7":"10","XC":"10","HG":"10","QW":"10","9P":"10","H8":"10","V7":"10","VR":"10","GF":"10","75":"10","XM":"10","Q9":"10","QR":"10","89":"10","QH":"10","MC":"10","J8":"10","C6":"10","G8":"10","7P":"10","QV":"10","VW":"10","HH":"10","JJ":"10","W8":"10","PQ":"10","46":"10","GG":"10","VH":"10","M8":"10","QJ":"10","2V":"10","QQ":"10","74":"10","RJ":"10","66":"10","M9":"10","95":"10","RV":"10","WC":"10","XJ":"10","8Q":"10","CP":"10","XR":"10","RH":"10","45":"10","QC":"10","J9":"10","P9":"10","VQ":"10","3V":"10","XF":"10","X6":"10","QG":"10","PR":"10","CM":"10","RG":"10","2W":"10","X5":"10","VV":"10","X2":"10","VF":"10","84":"10","X8":"10","JM":"10","X7":"10","G9":"10","QX":"10","94":"10","9Q":"10","V3":"10","RR":"10","M7":"10"},"CV":{"V8":"10","PC":"10"},"WV":{"P5":"10","8V":"10","JR":"10","R8":"10","JW":"10","9M":"10","XX":"10","V7":"10","67":"10","C4":"10","WF":"10","7X":"10","V6":"10","Q7":"10","RM":"10","M8":"10","XF":"10","CJ":"10","GQ":"10","W4":"10","M6":"10","XC":"10","QM":"10","WP":"10","2X":"10","3R":"10","XV":"10","VH":"10","8W":"10","68":"10","RV":"10","V8":"10","R5":"10","RF":"10","R4":"10","QW":"10","V2":"10","QR":"10","QQ":"10","GW":"10","4W":"10","C6":"10","9H":"10","X2":"10","FQ":"10","Q6":"10","5X":"10","XH":"10","8Q":"10","WJ":"10","VC":"10","CP":"10","MV":"10","9R":"10","WC":"10","R6":"10","W5":"10","XR":"10","FR":"10","WH":"10","3X":"10","27":"10","HX":"10","WX":"10","RJ":"10","V4":"10","P7":"10","48":"10","CM":"10","2Q":"10","MH":"10","7V":"10","W8":"10","PX":"10","7Q":"10","7R":"10","W2":"10","P4":"10","6W":"10","8M":"10","VJ":"10","9X":"10","3Q":"10","VX":"10","MP":"10","PM":"10","JH":"10","VQ":"10","P8":"10","MQ":"10","3W":"10","X7":"10","X3":"10","HV":"10","8R":"10","W7":"10","XJ":"10","4V":"10","VF":"10","MX":"10","9V":"10","FM":"10","JV":"10","7W":"10","GM":"10","WV":"10","C2":"10","V5":"10","W3":"10","XW":"10","VR":"10","96":"10","RH":"10","4R":"10","2R":"10","9Q":"10","MR":"10","58":"10","95":"10","CW":"10","W9":"10","FV":"10","WG":"10","3V":"10","4X":"10","CV":"10","GP":"10","PV":"10","PW":"10","X4":"10","GX":"10","F3":"10","FJ":"10","QX":"10","VP":"10","4Q":"10","CX":"10","M7":"10","PJ":"10","47":"10","RX":"10","XP":"10","MJ":"10","QV":"10","PR":"10","9J":"10","X9":"10","FP":"10","HP":"10","CR":"10","C3":"10","C5":"10","GV":"10","J8":"10","M5":"10","GR":"10","WM":"10","8X":"10","WW":"10","VV":"10","M4":"10","XG":"10","HM":"10","MW":"10"},"XP":{"9Q":"10","WX":"10","8Q":"10","2W":"10","JV":"10","7R":"10","7V":"10","XP":"10","9P":"10","XW":"10","XV":"10","XX":"10","XM":"10","2X":"10","XQ":"10","PX":"10","6H":"10","MR":"10","JR":"10","5H":"10","GJ":"10"},"WR":{"R7":"10","J9":"10","P8":"10","WX":"10","PR":"10","Q8":"10","RF":"10","P9":"10","XX":"10","M9":"10","R6":"10","Q9":"10","W4":"10","PW":"10","QF":"10","2V":"10","PX":"10","QW":"10","JG":"10","V4":"10"},"W8":{"G9":"10","F4":"10"},"VM":{"37":"10","47":"10","46":"10","36":"10"},"PX":{"MG":"10"},"WP":{"9F":"10","PM":"10","CJ":"10","RM":"10","WQ":"10","RJ":"10","PQ":"10","XJ":"10","XW":"10","WP":"10","PP":"10"},"GG":{"QW":"10"},"M8":{"4G":"10"},"W7":{"9P":"10","FP":"10","CR":"10","CP":"10","FR":"10"},"W9":{"VP":"10","WP":"10"},"M9":{"98":"10","88":"10","77":"10","54":"10","44":"10"},"XJ":{"FF":"10","PJ":"10","C6":"10","GF":"10","MJ":"10","FG":"10","JJ":"10","F9":"10","P4":"10","6Q":"10","6P":"10","PH":"10","HC":"10","H9":"10","MG":"10","F6":"10","G9":"10","MF":"10"},"WX":{"F5":"10","2V":"10","C7":"10","PM":"10","V3":"10","5R":"10","5F":"10","Q7":"10","RG":"10","R3":"10","J7":"10","P6":"10","6J":"10","JF":"10","J8":"10","96":"10","44":"10","84":"10","H5":"10","P2":"10","8J":"10","HF":"10","WF":"10","CF":"10","FF":"10","R5":"10","H4":"10","8F":"10","4F":"10","M3":"10","93":"10","58":"10","66":"10","4G":"10","QF":"10","JV":"10","26":"10","P5":"10","3H":"10","4H":"10","MQ":"10","7P":"10","GC":"10","2H":"10","RH":"10","HH":"10","6G":"10","7F":"10","P8":"10","7J":"10","X6":"10","C8":"10","3V":"10","MM":"10","Q2":"10","C9":"10","GG":"10","59":"10","38":"10","86":"10","PR":"10","PC":"10","7C":"10","35":"10","2F":"10","JC":"10","3C":"10","2Q":"10","M6":"10","36":"10","F8":"10","H9":"10","5C":"10","92":"10","G3":"10","4R":"10","W7":"10","G6":"10","3R":"10","MV":"10","47":"10","MR":"10","RC":"10","HC":"10","Q8":"10","C3":"10","48":"10","99":"10","CG":"10","49":"10","V4":"10","6M":"10","V2":"10","RF":"10","HG":"10","W4":"10","J5":"10","2G":"10","2P":"10","W5":"10","3Q":"10","CH":"10","Q9":"10","7G":"10","85":"10","J6":"10","37":"10","R2":"10","39":"10","8H":"10","8G":"10","75":"10","W6":"10","94":"10","C4":"10","25":"10","P9":"10","FG":"10","6H":"10","R7":"10","9F":"10","V5":"10","6F":"10","G4":"10","M2":"10","F3":"10","4J":"10","J9":"10","XC":"10","3F":"10","29":"10","J3":"10","5J":"10","68":"10","JQ":"10","22":"10","H6":"10","H3":"10","V6":"10","W2":"10","69":"10","H2":"10","W8":"10","R6":"10","QC":"10","M9":"10","VG":"10","74":"10","M7":"10","56":"10","Q6":"10","C6":"10","8M":"10","H7":"10","F6":"10","JR":"10","X7":"10","R9":"10","32":"10","2C":"10","82":"10","5H":"10","Q5":"10","G9":"10","3W":"10","2W":"10","6C":"10","79":"10","76":"10","JG":"10","X5":"10","3G":"10","7H":"10","88":"10","V7":"10","55":"10","67":"10"},"XR":{"FX":"10","F6":"10","6R":"10","6C":"10","MH":"10","JG":"10","JR":"10","RM":"10","4V":"10","J4":"10","5M":"10","PP":"10","5V":"10","7C":"10","4Q":"10","5Q":"10","6P":"10","5R":"10","J5":"10","P7":"10","4R":"10","H5":"10","QF":"10","F3":"10","RF":"10","WH":"10","J8":"10","MJ":"10","G2":"10","7P":"10","VW":"10","8X":"10","GQ":"10","CX":"10","3X":"10","JJ":"10","9X":"10","4W":"10","QP":"10","JW":"10","M6":"10","7Q":"10","36":"10","PX":"10","J7":"10","46":"10","X3":"10","VH":"10","M8":"10","H7":"10","QQ":"10","GX":"10","MM":"10","M9":"10","P8":"10","GV":"10","GW":"10","4X":"10","J9":"10","VQ":"10","MR":"10","M4":"10","5P":"10","X2":"10","WQ":"10","F4":"10","VG":"10","JM":"10","3W":"10","2X":"10","FW":"10","RW":"10","RX":"10","QX":"10","JX":"10","6Q":"10","6F":"10","M7":"10"},"CR":{"QM":"10","HM":"10","MQ":"10","PM":"10","MP":"10","CJ":"10","JQ":"10","JP":"10","JM":"10","FJ":"10","HP":"10"},"MV":{"7V":"10"},"VP":{"6Q":"10"},"J9":{"C6":"10","99":"10","96":"10","C5":"10","9H":"10","6F":"10","89":"10","F5":"10"},"P9":{"9C":"10","8C":"10","99":"10"},"X6":{"JP":"10","MX":"10","J9":"10","GW":"10","JV":"10","HW":"10","QQ":"10","JX":"10","QX":"10","HJ":"10","GP":"10","HM":"10","MH":"10","M9":"10","PP":"10","HG":"10","HV":"10","MV":"10","JG":"10","JM":"10","JQ":"10","HH":"10","PF":"10","PG":"10","JR":"10","HX":"10","HP":"10"},"X5":{"F5":"10","HF":"10","F4":"10","GC":"10","F8":"10","HC":"10","G2":"10","H2":"10","F3":"10","G8":"10","F6":"10","H8":"10","G3":"10","JW":"10","HG":"10","F2":"10","GF":"10","JQ":"10","JM":"10","H7":"10","G9":"10"},"VV":{"XQ":"10","X3":"10","X4":"10","X8":"10","W4":"10","X7":"10"},"XX":{"XW":"10","MG":"10","9R":"10","6R":"10","97":"10","55":"10","GP":"10","MH":"10","C7":"10","HG":"10","9P":"10","JC":"10","JH":"10","PP":"10","GF":"10","9W":"10","Q3":"10","75":"10","9M":"10","QH":"10","VC":"10","9V":"10","MC":"10","HM":"10","PC":"10","HF":"10","MJ":"10","WF":"10","3M":"10","HH":"10","7H":"10","8X":"10","CV":"10","GQ":"10","7X":"10","CW":"10","8V":"10","2C":"10","PF":"10","36":"10","PX":"10","GG":"10","8M":"10","QJ":"10","M8":"10","26":"10","96":"10","29":"10","C3":"10","74":"10","82":"10","66":"10","8R":"10","7V":"10","95":"10","86":"10","GR":"10","8Q":"10","72":"10","GV":"10","35":"10","59":"10","PJ":"10","8G":"10","HP":"10","P9":"10","MR":"10","22":"10","33":"10","23":"10","XX":"10","GM":"10","8H":"10","VF":"10","7G":"10","3W":"10","4C":"10","43":"10","28":"10","C8":"10","9Q":"10","62":"10","6Q":"10","38":"10","53":"10","49":"10"},"WQ":{"94":"10","X3":"10","F5":"10","HH":"10","X4":"10","W4":"10","32":"10","HJ":"10"},"GM":{"J7":"10","C4":"10","F5":"10","7G":"10","W5":"10","CC":"10","C5":"10","W4":"10","V5":"10","F4":"10"},"H9":{"HV":"10","HR":"10"},"MX":{"7H":"10","5G":"10","7G":"10","5J":"10","5H":"10","M5":"10"},"X8":{"VG":"10","VH":"10","QM":"10","RM":"10","WP":"10"},"FW":{"FV":"10","HV":"10","FQ":"10","MV":"10","JV":"10","MQ":"10","GV":"10","PM":"10","PR":"10","MW":"10","MP":"10","GQ":"10","JQ":"10","JP":"10","GR":"10","JR":"10","PQ":"10","HQ":"10","FR":"10","CR":"10","HR":"10","MR":"10","HW":"10","JW":"10","PP":"10","GW":"10"},"GJ":{"GX":"10","M8":"10","P4":"10","M9":"10","P3":"10","P2":"10","Q4":"10"},"RW":{"XW":"10","XV":"10"},"WW":{"MC":"10","PG":"10","JR":"10","6C":"10","6F":"10","5G":"10","HH":"10","8J":"10","44":"10","JQ":"10","HC":"10","JW":"10","9M":"10","GG":"10","JF":"10","V7":"10","C4":"10","67":"10","FX":"10","7F":"10","3F":"10","V6":"10","Q7":"10","RM":"10","3H":"10","M8":"10","66":"10","RW":"10","V9":"10","5P":"10","M2":"10","CJ":"10","GQ":"10","82":"10","5F":"10","FG":"10","56":"10","H2":"10","WP":"10","2X":"10","78":"10","3R":"10","VH":"10","8H":"10","8W":"10","FW":"10","PC":"10","59":"10","68":"10","H3":"10","V8":"10","65":"10","Q2":"10","9W":"10","7P":"10","6X":"10","QW":"10","4P":"10","6M":"10","QR":"10","QQ":"10","H7":"10","GW":"10","C6":"10","89":"10","HW":"10","9H":"10","9P":"10","G2":"10","25":"10","FQ":"10","69":"10","G9":"10","5X":"10","36":"10","7M":"10","8Q":"10","VC":"10","34":"10","VG":"10","CP":"10","MV":"10","88":"10","6G":"10","7J":"10","F2":"10","4C":"10","3M":"10","CQ":"10","MG":"10","2W":"10","Q5":"10","8G":"10","VM":"10","FR":"10","75":"10","3X":"10","46":"10","27":"10","RJ":"10","5H":"10","JC":"10","62":"10","V4":"10","43":"10","48":"10","CH":"10","CM":"10","5Q":"10","JX":"10","4G":"10","2Q":"10","6H":"10","77":"10","MH":"10","PX":"10","7R":"10","7Q":"10","64":"10","P2":"10","84":"10","R7":"10","Q8":"10","6W":"10","8M":"10","4F":"10","VJ":"10","JJ":"10","HG":"10","3Q":"10","VX":"10","MP":"10","XQ":"10","PM":"10","JH":"10","28":"10","74":"10","54":"10","3C":"10","3W":"10","9F":"10","R3":"10","HV":"10","8R":"10","F9":"10","M3":"10","PH":"10","4V":"10","73":"10","VF":"10","CC":"10","9C":"10","H6":"10","8P":"10","MX":"10","97":"10","9V":"10","FM":"10","VW":"10","JG":"10","92":"10","53":"10","JV":"10","GM":"10","99":"10","C2":"10","WV":"10","V5":"10","93":"10","33":"10","94":"10","96":"10","RH":"10","7C":"10","8F":"10","4R":"10","2R":"10","WQ":"10","9Q":"10","PF":"10","MR":"10","Q9":"10","85":"10","RG":"10","58":"10","95":"10","CW":"10","J7":"10","W9":"10","FV":"10","3V":"10","X5":"10","GP":"10","PQ":"10","72":"10","PV":"10","35":"10","PW":"10","2C":"10","2V":"10","79":"10","MF":"10","GX":"10","F3":"10","C7":"10","QX":"10","32":"10","VP":"10","23":"10","JM":"10","4Q":"10","GH":"10","J9":"10","CX":"10","M7":"10","QH":"10","RX":"10","6V":"10","6J":"10","87":"10","7G":"10","MJ":"10","CF":"10","QV":"10","PR":"10","G6":"10","R2":"10","FP":"10","7H":"10","55":"10","M9":"10","45":"10","86":"10","63":"10","C3":"10","57":"10","GV":"10","2G":"10","R9":"10","F4":"10","2H":"10","G5":"10","83":"10","3P":"10","8X":"10","WW":"10","J2":"10","52":"10","3G":"10","MM":"10","37":"10","HM":"10","5C":"10","MW":"10","76":"10","XM":"10","22":"10"},"GH":{"F6":"10","C6":"10"},"X7":{"VX":"10","G6":"10","F6":"10","97":"10","HG":"10","P5":"10","F5":"10","JC":"10","9C":"10","9H":"10","GF":"10","QR":"10","P4":"10","99":"10","HC":"10","P7":"10","CF":"10","CC":"10","MC":"10","XQ":"10","QF":"10","PC":"10","RQ":"10","J8":"10","C6":"10","HF":"10","MJ":"10","G2":"10","HH":"10","G7":"10","JJ":"10","C5":"10","QP":"10","CG":"10","M6":"10","9G":"10","PF":"10","H2":"10","J7":"10","MP":"10","GG":"10","M8":"10","H7":"10","96":"10","QQ":"10","RJ":"10","GC":"10","MM":"10","M9":"10","P8":"10","95":"10","PJ":"10","XR":"10","M2":"10","F9":"10","FC":"10","F7":"10","J9":"10","P9":"10","M4":"10","FF":"10","VV":"10","WQ":"10","H9":"10","F4":"10","PM":"10","Q5":"10","GH":"10","C9":"10","G9":"10","HJ":"10","JF":"10","RR":"10","P6":"10","M7":"10"},"QX":{"CV":"10"},"RR":{"43":"10"},"X4":{"GX":"10"}},"VX":{"PC":{"MX":"10","PX":"10","FX":"10"},"WH":{"GJ":"10","HJ":"10","QP":"10","MJ":"10","JQ":"10","JP":"10","JR":"10","HQ":"10","5G":"10","HR":"10","5F":"10","HP":"10","PP":"10"},"VM":{"8H":"10"},"QP":{"FF":"10","79":"10","9F":"10","WF":"10","39":"10","8G":"10","XF":"10","2C":"10","29":"10","CF":"10","89":"10","7C":"10","8C":"10","8F":"10","9J":"10","WC":"10","3C":"10","9C":"10"},"7F":{"66":"10"},"CH":{"55":"10","57":"10","67":"10"},"Q7":{"X3":"10"},"GX":{"HF":"10"},"W6":{"XC":"10","WC":"10","VF":"10","PG":"10"},"H2":{"VQ":"10","RQ":"10","VP":"10","RP":"10"},"WG":{"97":"10","96":"10"},"PQ":{"X5":"10"},"Q9":{"Q3":"10","P3":"10"},"PP":{"QC":"10","H9":"10","C8":"10"},"XF":{"WJ":"10"},"RP":{"MH":"10","C9":"10","PG":"10","HF":"10","C8":"10","PH":"10","MG":"10"},"RC":{"GV":"10","HV":"10"},"J2":{"W6":"10"},"JH":{"XQ":"10","XP":"10"},"RJ":{"Q3":"10","X2":"10"},"MV":{"6J":"10"},"RH":{"QX":"10","VR":"10"},"X4":{"C9":"10"},"RM":{"XQ":"10|8","WQ":"10|8"},"JG":{"CR":"10"},"W9":{"4Q":"10","4R":"10","5P":"10","5M":"10","4P":"10"},"HQ":{"GG":"10","FG":"10"},"JR":{"HG":"10"},"MQ":{"G4":"10"},"XH":{"7F":"10","88":"10","6G":"10","C9":"10","C6":"10","CC":"10","7G":"10","H7":"10","96":"10","J7":"10","8G":"10","97":"10","8J":"10","9H":"10","8H":"10","6F":"10","F9":"10","6C":"10","FC":"10","8C":"10","7C":"10","8M":"10","87":"10","C7":"10"},"QR":{"CF":"10"}},"9X":{"V6":{"5F":"10"},"5W":{"FW":"10"},"W7":{"V8":"10"},"6W":{"8H":"10"},"Q2":{"WR":"10","RW":"10","VG":"10","RJ":"10","XC":"10","RP":"10","QH":"10","WC":"10","VR":"10","RH":"10","W9":"10","RM":"10","XF":"10"},"QW":{"C9":"10","9F":"10","CC":"10","F3":"10","XQ":"10","67":"10","57":"10","WQ":"10","H8":"10","7C":"10","8C":"10"},"X8":{"HJ":"10"},"M7":{"VW":"10"},"Q3":{"HV":"10","79":"10","Q2":"10","9G":"10","CC":"10","CG":"10","5M":"3","GQ":"10","FG":"10","FH":"10","GR":"10","CF":"10","CR":"10","HR":"10","HP":"10","6J":"10"},"J8":{"83":"10","82":"10","92":"10","93":"10"},"9M":{"8F":"10","8C":"10"},"X7":{"M7":"10","HF":"10","G7":"10","HG":"10","H7":"10","J8":"10","J7":"10","G8":"10","M8":"10","C8":"10","M9":"10","H8":"10","HC":"10","H9":"10","J9":"10"},"7Q":{"Q4":"10","R4":"10"},"RX":{"7W":"10","6R":"10","5R":"10","5C":"10","4V":"10","4R":"10","7R":"10"},"7P":{"XX":"10"},"RW":{"3X":"10","3W":"10"},"5V":{"G7":"10"},"R5":{"JC":"10"},"R2":{"47":"10","46":"10","36":"10"},"9J":{"94":"10","84":"10","49":"10","88":"10","74":"10","85":"10","95":"10","F2":"10","75":"10","G4":"10"},"Q4":{"P9":"10","CX":"10","FV":"10","Q9":"10","H3":"10","9F":"10","GV":"10","H4":"10","99":"10","XH":"10","QC":"10","GR":"10","FR":"10","WH":"10","89":"10","8C":"10","8F":"10","CW":"10","VH":"10","9Q":"10","F2":"10","9R":"10","9C":"10"},"M4":{"M7":"10","GW":"10","GV":"10"}},"8X":{"9Q":{"CX":"10","FX":"10"},"8Q":{"5P":"10"},"9H":{"8F":"10","52":"10","FC":"10","C8":"10","F7":"10","F8":"10"},"CW":{"XP":"10","VP":"10","RP":"10","QP":"10","XM":"10","XQ":"10","QQ":"10","QH":"10","RQ":"10","QG":"10","WQ":"10","JP":"10","WM":"10","VH":"10","WP":"10"},"8G":{"HX":"10","JX":"10"},"7H":{"M7":"10","M6":"10","C5":"10"},"33":{"35":"10","34":"10"},"9G":{"GJ":"10","GM":"10","FP":"10","8Q":"10","CP":"10","RC":"10","9P":"10","9Q":"10"},"CH":{"QH":"10","RF":"10","H2":"10","MH":"10","V9":"10","MG":"10","RC":"10","J2":"10","MF":"10","QF":"10","JH":"10","WC":"10","JG":"10","W9":"10","M2":"10","PH":"10","QG":"10","PF":"10","VF":"10","PG":"10","V4":"10"},"76":{"6M":"10","6J":"10"},"6G":{"89":"10"},"9C":{"JX":"10"},"GP":{"9R":"10","7M":"10","6P":"10","3H":"10","6R":"10","8R":"10","8Q":"10","7Q":"10","6Q":"10","7R":"10"},"38":{"5X":"10"},"FQ":{"69":"10","F5":"10","R5":"10","G5":"10","F6":"10","6C":"10","WF":"10","C7":"10"},"FJ":{"W5":"10","X6":"10"},"8R":{"82":"10","92":"10","H3":"10"},"88":{"9C":"10","FJ":"10","CJ":"10","99":"10"},"6X":{"FC":"10"},"8V":{"GW":"10","JX":"10"},"9F":{"VX":"10","J2":"10"},"99":{"6X":"10"},"6W":{"7P":"10","8P":"10"},"FX":{"CF":"10","QM":"10"},"4W":{"C4":"10","95":"10"},"9J":{"PG":"10"},"22":{"CG":"10"},"2V":{"7F":"10"},"PX":{"MX":"10","HX":"10","JX":"10"},"39":{"F6":"10"},"FP":{"VC":"10","XH":"10","WH":"10","RJ":"10","RC":"10"},"77":{"P7":"10","P6":"10","VM":"10","RH":"10","Q7":"10","VJ":"10"},"CQ":{"3Q":"10","XW":"10","MG":"10","PG":"10","H8":"10","XF":"10","PM":"10"},"FV":{"QH":"3"},"8H":{"56":"10","P2":"10","47":"10","46":"10","VF":"10","WF":"10"},"GQ":{"G9":"10","8J":"10","84":"10","83":"10","8F":"10","FH":"10","96":"10","8C":"10","8H":"10","7M":"10","87":"10","73":"10","8M":"10","C6":"10","H8":"10","93":"10","5P":"10","4P":"10"},"9R":{"C4":"10","P3":"10","G6":"10","F6":"10"},"HP":{"C3":"10"},"7G":{"6W":"10","VX":"10","7W":"10","VW":"10"},"8P":{"5X":"10","5W":"10","3V":"10"},"CG":{"FX":"10","HV":"10","JV":"10","GV":"10","FW":"10","MX":"10","9X":"10","JQ":"10","29":"10","GR":"10","JR":"10","HQ":"10","MR":"10","HW":"10","WW":"10","28":"10","PX":"10","VW":"10","GW":"10"}},"CF":{"PG":{"G6":"10","F6":"10"}},"XR":{"P2":{"RW":"10"},"R7":{"6W":"10","7W":"10"},"V8":{"XC":"10"},"R2":{"V6":"10","HV":"10","XM":"10","XH":"10","Q6":"10","XG":"10","XJ":"10","WH":"10","WM":"10","VH":"10"},"W5":{"95":"10","8R":"10"},"79":{"24":"10"},"W3":{"55":"10","63":"10","74":"10","54":"10","53":"10","44":"10","45":"10","64":"10","65":"10","QR":"10","QQ":"10","34":"10","43":"10"},"57":{"54":"10"},"V7":{"9C":"10","W3":"10","99":"10","V7":"10","V3":"10"},"R5":{"HQ":"10","H7":"10","P4":"10","P5":"10","G7":"10"},"7C":{"Q9":"10","R8":"10","R9":"10","Q8":"10","JX":"10"},"7F":{"J2":"10"},"98":{"8F":"10","59":"10","C8":"10","FP":"10","FQ":"10"},"R4":{"QM":"10","P9":"10","MC":"10","HM":"10","Q9":"10","PC":"10","JC":"10","V7":"10","QC":"10","JP":"10","M9":"10","JF":"10","MF":"10"},"J3":{"VJ":"10"},"XV":{"P5":"10"},"88":{"FP":"10","CQ":"10","CP":"10"},"XX":{"W2":"10","P9":"10","VF":"10","V3":"10","W5":"10","W8":"10","VG":"10","RG":"10","Q8":"10","X4":"10","RF":"10","W9":"10","M9":"10","H9":"10","WC":"10","R3":"10","J9":"10"},"97":{"FW":"10","8V":"10","7V":"10"},"V9":{"2P":"10","3P":"10"},"W4":{"84":"10","99":"10"},"5M":{"C7":"10"},"X4":{"39":"10","4F":"10"},"2R":{"9F":"10","9G":"10"},"V3":{"39":"10","G6":"10|3","F6":"10","6C":"10","5W":"10","3Q":"1","F5":"10","3H":"10","H8":"10","9C":"1","4V":"1|10","5M":"10","9H":"10","5C":"10","C4":"10","7R":"10","9W":"10","H6":"10","7C":"10","89":"10","4Q":"1|10","5Q":"1|10","6P":"10","5R":"1|10","2Q":"1","C2":"10","5F":"10","J5":"10","99":"1","HC":"10","4R":"1|10","69":"10","H5":"10","CC":"1","79":"10","77":"10|3","HF":"10","4P":"1|10","G8":"10","8J":"10","7P":"10","6M":"10","G5":"10","G7":"10","7H":"10","FJ":"10","C5":"10","78":"10","4W":"1|10","CG":"10","9G":"10","7Q":"10","93":"10","2R":"1","J7":"10","5G":"10","H7":"10","88":"10","2P":"1|10","96":"10","2V":"1","3P":"1|10","C3":"10","95":"10","86":"10","34":"10","59":"10","4M":"10","3J":"10","8G":"10","7F":"10","P9":"10","3V":"1|10","33":"10","J6":"10|3","2W":"1","3R":"1","23":"10","5P":"1|10","8C":"10","8H":"10","44":"10","8F":"10","3W":"1|10","4C":"10","87":"10","43":"10","76":"10","94":"10","JF":"10","38":"10","6F":"10"},"R3":{"R7":"10","V6":"10","XP":"1","P6":"10","XV":"1","V3":"10","VR":"10","XQ":"1","QH":"10","V9":"10","R4":"10","V7":"10","Q6":"10","W6":"10","XR":"1","WR":"10","V4":"10","R3":"10","RH":"10","V8":"10"},"X2":{"P2":"10","C3":"10","93":"10"},"39":{"P2":"10"},"M2":{"3J":"10","2J":"10","3H":"10","2H":"10"},"X7":{"6Q":"10"},"W2":{"C5":"10","HC":"10","36":"10","57":"10","33":"10","7C":"10","74":"10","44":"10","H9":"10","35":"10","38":"10","45":"10","MC":"10","37":"10","49":"10","G3":"10","MF":"10","48":"10","95":"10","C4":"10","64":"10","GF":"10","47":"10","75":"10","CC":"10","94":"10","63":"10","73":"10","65":"10"},"FG":{"85":"10"},"V2":{"2J":"10","2G":"10","2H":"10","V3":"10","X2":"10","V2":"10","W3":"10","R2":"10"},"W7":{"23":"10","33":"10","43":"10"},"V4":{"64":"10","65":"10","75":"10","42":"10","43":"10"},"7G":{"55":"10","74":"10","54":"10","64":"10","65":"10"},"W8":{"6C":"10","2C":"10","7J":"10","56":"10","8G":"10","29":"10","6G":"10","5C":"10","66":"10","59":"10","5F":"10","4C":"10","6F":"10","48":"10","4F":"10","5G":"10","69":"10","47":"10","4G":"10","7M":"10","58":"10","4H":"10"},"89":{"84":"10"},"X9":{"9Q":"10","8Q":"10","G4":"10"}},"WR":{"JG":{"XQ":"10","WQ":"10"},"GM":{"JV":"10"},"MW":{"PH":"10","MM":"10"},"VG":{"6H":"10","5H":"10"},"QQ":{"P6":"10","M6":"10"},"XF":{"5G":"10","4G":"10","4F":"10"},"XG":{"6W":"10","3M":"10","4M":"10","6V":"10","3P":"10","4P":"10"},"JR":{"GV":"10","PP":"10","HV":"10","QP":"10","QM":"10","HR":"10","PM":"10"},"GP":{"55":"10"},"MR":{"47":"10"}},"7X":{"FX":{"PX":"10","QW":"10"},"55":{"47":"10","46":"10"},"6C":{"84":"10","C8":"10"},"3Q":{"F2":"10"},"58":{"5X":"10","4V":"10","4R":"10"},"54":{"25":"10","22":"10","39":"10","3H":"10","4C":"10"},"4H":{"97":"10","87":"10"},"5C":{"98":"10"},"JQ":{"63":"10","45":"10","64":"10","73":"10"},"7C":{"49":"10","37":"10","69":"10","VH":"10","CF":"10","6C":"10"},"56":{"28":"10","7P":"10"},"42":{"FF":"10","C9":"10","C6":"10","CG":"10","C5":"10","C8":"10","CF":"10","FC":"10","FJ":"10"},"32":{"F5":"10","RQ":"10","QP":"10","PQ":"10","QQ":"10"},"69":{"3J":"10","3H":"10","8R":"10"},"HM":{"C6":"10"},"WG":{"79":"10"},"3M":{"86":"10","22":"10","C3":"10","F6":"10"},"VW":{"HW":"10"},"47":{"FW":"10","JJ":"10","9W":"10"},"RP":{"PH":"10","PG":"10"},"2R":{"45":"10"},"46":{"MG":"10","PG":"10"},"67":{"53":"10"},"9F":{"52":"10","46":"10","62":"10"},"2P":{"WX":"10","XX":"10"},"MF":{"CX":"10","GW":"10","9X":"10"},"37":{"XX":"10","VV":"10","PF":"10","XV":"10","PG":"10","RG":"10","VQ":"10","QF":"10","PH":"10","V4":"10","W3":"10","WX":"10","WW":"10","RH":"10"},"48":{"R8":"10","6C":"10","R9":"10","79":"10","25":"10","23":"10","56":"10","8G":"10","57":"10","33":"10","7F":"10","3G":"10","45":"10","V9":"10","8F":"10","66":"10","37":"10","27":"10","59":"10","3C":"10","5J":"10","22":"10","4J":"10","5G":"10","67":"10","68":"10","69":"10","47":"10","4G":"10","5H":"10","78":"10","63":"10","P7":"10","4H":"10"},"7V":{"J9":"10"},"8Q":{"W4":"10","V5":"10","R4":"10","Q5":"10","V7":"10"},"34":{"P8":"10","J9":"10","JR":"10","H9":"10","J8":"10"},"35":{"XM":"10","VM":"10","WM":"10"},"59":{"6X":"10","83":"10","52":"10","74":"10","5X":"10","V7":"10","62":"10"},"RH":{"V9":"10"},"45":{"7G":"10","2P":"10","7F":"10"},"33":{"MX":"10","GG":"10","GH":"10","HG":"10","GF":"10","HM":"10","HJ":"10"},"VV":{"PR":"10","MR":"10"},"XX":{"MP":"10","JX":"10","MM":"10","JJ":"10"},"8C":{"4P":"10"},"3F":{"4F":"10"},"MQ":{"V6":"10"},"JM":{"72":"10"},"FW":{"2F":"10"},"43":{"XP":"10","P5":"10"},"28":{"W8":"10"},"RW":{"HP":"10"},"RX":{"VV":"10"},"2F":{"WM":"10"},"HR":{"8R":"10"},"JF":{"MF":"10"},"38":{"R7":"10","W2":"10","M3":"10","X6":"10","R4":"10","Q8":"10","P4":"10","VC":"10","WH":"10","P2":"10","WC":"10"}},"6X":{"G6":{"VP":"10","PM":"10","64":"10","JJ":"10","4X":"10","VQ":"10","4W":"10","RQ":"10","JH":"10","VM":"10"},"QW":{"Q6":"10","M4":"10","P5":"10","8V":"10","Q5":"10","M3":"10","9W":"10"},"F5":{"HM":"10"},"H8":{"R9":"10"},"VR":{"WJ":"10","XV":"10","XM":"10","XH":"10","XG":"10","XJ":"10","XR":"10","WH":"10","WM":"10"},"R8":{"MG":"10","HX":"10","6R":"10","JP":"10","6C":"10","MH":"10","C7":"10","6V":"10","5W":"10","XC":"10","JR":"10","QW":"10","RM":"10","F5":"10","JH":"10","PP":"10","F8":"10","MW":"10","5V":"10","R8":"10","JQ":"10","6W":"10","9M":"10","Q9":"10","PW":"10","89":"10","4Q":"10","5Q":"10","5R":"10","QH":"10","7W":"10","7J":"10","4R":"10","CC":"10","79":"10","XQ":"10","QF":"10","HM":"10","WG":"10","MJ":"10","4P":"10","WF":"10","8J":"10","QV":"10","HH":"10","7H":"10","CX":"10","7X":"10","JJ":"10","C5":"10","4W":"10","XP":"10","X9":"10","JW":"10","CW":"10","PF":"10","PQ":"10","PX":"10","WP":"10","2R":"10","MP":"10","8M":"10","9F":"10","88":"10","2V":"10","MF":"10","MM":"10","7V":"10","P8":"10","95":"10","RV":"10","QM":"10","GR":"10","R9":"10","PJ":"10","JV":"10","9J":"10","XG":"10","QC":"10","FC":"10","MV":"10","Q8":"10","P9":"10","MR":"10","XF":"10","QG":"10","PR":"10","3R":"10","FF":"10","PH":"10","5P":"10","WQ":"10","MQ":"10","PM":"10","3W":"10","JM":"10","PG":"10","8W":"10","6X":"10","RW":"10","CH":"10","RX":"10","QX":"10","C8":"10","HJ":"10","JX":"10","6Q":"10","5X":"10","6F":"10"},"H6":{"5W":"10","WV":"10","VR":"10","HG":"10","GF":"10","VG":"10","VQ":"10","RC":"10","RF":"10","5G":"10","RR":"10","5V":"10","H9":"10","G9":"10"},"XM":{"RV":"10"},"Q9":{"GJ":"10","V6":"10","MC":"10","W7":"10","C6":"10","PG":"10","X8":"10","W8":"10","G7":"10","R8":"10","F7":"10","F8":"10","GF":"10","JC":"10","96":"10","X6":"10","C5":"10","97":"10","V7":"10","QG":"10","X7":"10","F9":"10","G8":"10","XG":"10","W6":"10","C8":"10","W9":"10","G6":"10","H8":"10","FJ":"10","VH":"10","WC":"10","H9":"10","RH":"10","V8":"10","G9":"10","F6":"10","J9":"10","F5":"10"},"P7":{"CP":"10"},"H5":{"2R":"10","2V":"10","6V":"10"},"XQ":{"QF":"10","MH":"10","RF":"10","QG":"10"},"VW":{"QP":"10"},"G5":{"VQ":"10","XV":"10","XR":"10"},"G7":{"23":"10","45":"10","63":"10","H3":"10","V5":"10","35":"10","44":"10","P5":"10","G3":"10","P4":"10","H8":"10","34":"10","X5":"10","R5":"10"},"WV":{"Q6":"10","W7":"10"},"C5":{"WJ":"10","PR":"10","HG":"10","QP":"10","VG":"10","QH":"10","RG":"10","QG":"10","XJ":"10","PH":"10","VJ":"10","VH":"10","RH":"10","QJ":"10","PP":"10"},"WR":{"7W":"10","5R":"10","5J":"10","4J":"10","42":"10","3Q":"10","5P":"10","5Q":"10","52":"10","2R":"10","6R":"10"},"M6":{"RW":"10"},"J7":{"59":"10","26":"10","65":"10","35":"10","58":"10","34":"10"},"V8":{"3R":"10","2G":"10","3Q":"10","3W":"10","3V":"10","2V":"10","2X":"10","2W":"10"},"M8":{"4Q":"10","GM":"10","73":"10","HP":"10","V7":"10"},"H7":{"86":"10","76":"10","W3":"10","W2":"10","VP":"10","V2":"10","RP":"10","W4":"10","V4":"10"},"64":{"PP":"10","JM":"10"},"M9":{"PQ":"10","QQ":"10"},"P8":{"QM":"10","MH":"10","PF":"10","RP":"10","QP":"10","QQ":"10","RM":"10","QG":"10","HH":"10","M9":"10","GG":"10","HC":"10","PH":"10","MF":"10"},"R9":{"2F":"10","44":"10","HC":"10","GG":"10","P3":"10","5M":"10","H8":"10","3H":"10","66":"10","56":"10","H2":"10","G7":"10","8H":"10","HF":"10","59":"10","39":"10","65":"10","6M":"10","42":"10","H7":"10","4W":"10","C6":"10","89":"10","9P":"10","FQ":"10","H9":"10","FH":"10","69":"10","G9":"10","34":"10","CP":"10","88":"10","9R":"10","CQ":"10","8G":"10","8C":"10","FR":"10","5H":"10","98":"10","43":"10","48":"10","QJ":"10","GC":"10","5Q":"10","6Q":"10","6H":"10","77":"10","64":"10","P2":"10","6W":"10","HG":"10","G8":"10","5R":"10","54":"10","M3":"10","73":"10","MX":"10","9V":"10","24":"10","J3":"10","53":"10","7W":"10","FF":"10","99":"10","93":"10","G4":"10","7C":"10","PP":"10","9Q":"10","38":"10","95":"10","FV":"10","5J":"10","CV":"10","72":"10","35":"10","79":"10","4J":"10","23":"10","J9":"10","PJ":"10","87":"10","6V":"10","6R":"10","7H":"10","GF":"10","55":"10","45":"10","CR":"10","86":"10","63":"10","C3":"10","C5":"10","GV":"10","5V":"10","J8":"10","GR":"10","F4":"10","2H":"10","4H":"10","J2":"10","52":"10"},"XR":{"86":"10","77":"10","3V":"10"},"RC":{"74":"10","84":"10","63":"10","82":"10","J2":"10","73":"10","4G":"10","3H":"10","4J":"10","64":"10","F3":"10","5H":"10","65":"10","M2":"10","4H":"10","53":"10","75":"10","72":"10","52":"10","85":"10"},"J9":{"MQ":"10","MP":"10","CP":"10","HP":"10"},"Q8":{"3X":"10","8R":"10","7R":"10"},"J6":{"8J":"10","3R":"10","9Q":"10","9P":"10","CJ":"10","9J":"10","6R":"10","4R":"10","GC":"10"},"85":{"F2":"10"},"VV":{"5W":"10","4V":"10","4W":"10"},"XX":{"Q4":"10","M2":"10","Q5":"10"},"WQ":{"4X":"10"},"84":{"FX":"10"},"RW":{"XF":"10","WF":"10"},"QX":{"GF":"10","GC":"10"},"RR":{"J7":"10","H7":"10"},"M7":{"3Q":"10","2P":"10","JC":"10","2Q":"10","3P":"10"}},"WX":{"6C":{"PX":"10","QX":"10","QW":"10"},"53":{"55":"10","63":"10","54":"10","53":"10","45":"10"},"2H":{"2X":"10"},"79":{"2J":"10","3H":"10","2H":"10"},"C8":{"CX":"10"},"23":{"P9":"10","WG":"10","VF":"10","W7":"10","WF":"10","PC":"10","VG":"10","J8":"10","QH":"10","RG":"10","RM":"10","QF":"10","QG":"10","X7":"10","RJ":"10","RF":"10","PH":"10","VM":"10"},"JV":{"3G":"3","38":"10","4G":"10","5H":"10","37":"10","7Q":"10","2C":"3","7P":"10","4H":"10","5G":"10","8P":"10","48":"10","47":"10"},"43":{"56":"10","52":"10","74":"10","R3":"10","64":"10","72":"10","62":"10"},"42":{"39":"10","9R":"10","6C":"10","QW":"10","9P":"10","8P":"10","5M":"10","2G":"10","5C":"10","7R":"10","5V":"10","JQ":"10","QR":"10","89":"10","5Q":"10","6P":"10","9V":"10","5F":"10","99":"10","3G":"10","CF":"10","CC":"10","79":"10","77":"10","8J":"10","6H":"10","7P":"10","QV":"10","6M":"10","7H":"10","8X":"10","GQ":"10","FJ":"10","7X":"10","9X":"10","78":"10","3C":"10","CG":"10","8V":"10","2C":"5","68":"10","PQ":"10","8M":"10","QQ":"10","Q4":"10","4G":"10","GR":"10","34":"10","35":"10","8G":"10","4F":"10","7F":"10","CR":"10","FC":"10","M4":"10","CM":"10","FF":"10","5P":"10","44":"10","3F":"10","7G":"10","7M":"10","4C":"10","43":"10","6X":"10","2H":"10","9Q":"10","2F":"10","6Q":"10","FH":"10","38":"10","49":"10","6F":"10"},"33":{"PC":"10","R2":"10","J9":"10","F8":"10","HC":"10","R5":"10","7C":"10","H9":"10","P9":"10","V6":"10","G8":"10","R6":"10","FF":"10","H8":"10","V5":"10","64":"10","GF":"10","39":"10","M2":"10","54":"10","G9":"10","M8":"10","JC":"10","P7":"10","55":"10"},"44":{"28":"10","38":"10"},"35":{"VF":"10","WF":"10"},"7F":{"52":"10","44":"10","43":"10"},"9P":{"VQ":"10","VP":"10"},"FJ":{"VV":"10","RR":"10","RV":"10","VR":"10"},"8F":{"VH":"10","QJ":"10","MP":"10","RH":"10","MM":"10","JM":"10","PM":"10"},"34":{"WJ":"10","G7":"10","H7":"10","GF":"10","J4":"10","H2":"10","J6":"10","G6":"10","WM":"10","VM":"10","VJ":"10","H6":"10"},"MC":{"84":"10"},"FM":{"P7":"10","V6":"10","PH":"10","V5":"10"},"85":{"96":"10","C5":"10","95":"10"},"59":{"C7":"10"},"RC":{"5V":"10"},"6F":{"M7":"10","Q2":"10","R7":"10","P7":"10","P6":"10","P3":"10","R8":"10","P2":"10","R5":"10","P5":"10","R6":"10","W6":"10"},"9F":{"VX":"3","WW":"3","WX":"3","VW":"3"},"62":{"WH":"10","WG":"10","WF":"10"},"48":{"6G":"10","8H":"10","7Q":"10"},"46":{"V9":"10","V8":"10"},"22":{"X9":"10","HF":"10","JC":"10","88":"10","78":"10","HC":"10","JF":"10"},"32":{"XW":"10","HX":"10","XC":"5","XV":"10","XH":"10","QW":"10","JC":"10","R7":"10","8P":"10","MW":"10","R8":"10","C2":"10","VC":"10","MC":"10","XQ":"10","QF":"10","WM":"10","RQ":"10","RF":"10","J8":"10","WH":"10","WF":"10","WJ":"10","7P":"10","QV":"10","JW":"10","M6":"10","W8":"5|10","7Q":"10","PX":"10","J7":"10","M8":"10","QQ":"10","RJ":"10","HW":"10","M9":"10","P8":"10","WC":"10","8Q":"10","R9":"10","WX":"10","JV":"10","HV":"10","QC":"10","MV":"10","J9":"10","P9":"10","Q8":"10","J6":"10","PV":"10","VF":"10","MX":"10","X8":"5","RW":"10","X7":"10","QX":"10","F2":"10","JX":"10","M7":"10"},"9V":{"8C":"10","G7":"10"},"CP":{"2J":"10"},"C9":{"G3":"10"},"HH":{"W2":"10","V3":"10"},"69":{"XJ":"10","XH":"10"},"9M":{"PV":"10","MV":"10"},"47":{"VR":"10","WM":"10"},"54":{"PF":"10","PC":"10"},"58":{"7W":"10"},"24":{"GV":"10","FV":"10"},"GJ":{"9Q":"10","5P":"10","GW":"10","2W":"10","3J":"10","2F":"10","9P":"10","CR":"10","3M":"10","6X":"10","2X":"10","6W":"10","HV":"10","4W":"10","9V":"10","CP":"10","4V":"10","2M":"10","FV":"10","3F":"10","5W":"10","3W":"10","GV":"10","9R":"10","7W":"10","2J":"10"},"CF":{"3M":"10"},"GM":{"22":"10","H3":"10","G3":"10","32":"10","42":"10"},"55":{"8J":"10","7M":"10","8M":"10"}},"WW":{"84":{"2M":"10"},"3R":{"9C":"10","CC":"10","99":"10"},"4X":{"MV":"10","PR":"10","QG":"10","6P":"10","6V":"10","MR":"10","6M":"10","6R":"10"},"6G":{"5G":"10"},"68":{"RG":"10","QG":"10"},"GW":{"6F":"10","6C":"10"},"74":{"7G":"10","RJ":"10"},"64":{"XH":"10","WJ":"10","VJ":"10"},"65":{"G9":"10","7Q":"10","7R":"10"},"5V":{"Q6":"10"},"6R":{"24":"10"},"4G":{"PW":"10"},"2M":{"5G":"10","4H":"10","3J":"10","2J":"10","4M":"10","6C":"10","5H":"10","6M":"10","7C":"10","6J":"10","5M":"10","4P":"10"},"8Q":{"9Q":"10","8P":"10"},"4R":{"3R":"10","X9":"10","7M":"10"},"4W":{"J4":"10"}},"VW":{"XQ":{"FJ":"10"},"MQ":{"GM":"10"},"XW":{"RV":"10","VW":"10"},"XR":{"PR":"10","MQ":"10","MR":"10","JQ":"10"},"XX":{"F7":"10","G7":"10"},"HR":{"56":"10"}}},"index":{"university,1|retail,2|tourism,3|wreck,4|historical,5|artsCulture,6|namedBuilding,7|water,8|wetland,9|park,10|beach,11|natureReserve,12|cemetery,13|trail,14":{}}}