{"68":{"V3":{"6G":{"97":"10"},"7G":{"69":"10","79":"10","6C":"10","7C":"10"},"8G":{"J9":"10","M9":"10"},"M2":{"GP":"10","GM":"10"},"6F":{"P6":"10"},"F6":{"VH":"10","RH":"10"},"9C":{"W3":"10","W2":"10","V2":"10","V3":"10"}},"2P":{"7M":{"2V":"10","2W":"10"},"6M":{"XW":"10","XV":"10"},"V3":{"P9":"10","PJ":"10","Q9":"10","PF":"10","VG":"10","RG":"10","P8":"10","Q8":"10","HH":"10","JH":"10","PH":"10","VH":"10","RH":"10"}},"Q4":{"VV":{"R6":"10"}},"8V":{"GJ":{"VH":"10","MP":"10","QH":"10","RH":"10","MM":"10","QG":"10"},"86":{"8X":"10","9X":"10","M5":"10"},"C9":{"9R":"10","9Q":"10","CM":"10"},"4Q":{"67":"10"},"33":{"3F":"10","6R":"10","4G":"10","4F":"10","4C":"10"},"PR":{"XQ":"10"},"GC":{"6W":"10","2P":"10","7W":"10"},"JQ":{"4X":"10","5X":"10","3X":"10","3W":"10","2V":"10","2W":"10"},"3Q":{"X8":"10","W9":"10","W8":"10"},"WQ":{"C8":"10"},"QR":{"2Q":"10"},"JR":{"52":"10"},"HQ":{"XW":"10","XV":"10"},"GH":{"FJ":"10","FM":"10","CJ":"10","39":"10","38":"10","CM":"10"},"JH":{"QH":"10","PG":"10"},"FR":{"R4":"10"},"FC":{"XQ":"10","XP":"10"},"7C":{"MX":"10","MV":"10","MW":"10"},"59":{"QC":"10"},"47":{"7P":"10","7Q":"10"}},"5G":{"X3":{"JW":"10","HW":"10","MV":"10","GW":"10","JV":"10","GV":"10","HV":"10","MW":"10"},"W3":{"HX":"10","HV":"10","MV":"10","JV":"10","PW":"10","MQ":"10","HR":"10","JX":"10","9Q":"10","9R":"10","JW":"10"},"W5":{"63":"10"},"X4":{"55":"10","26":"10","65":"10"},"WC":{"22":"10"},"W4":{"C2":"10","F4":"10","6P":"10","F8":"10","2W":"10","6Q":"10","56":"10","82":"10","7R":"10","F7":"10","83":"10","7P":"10","J3":"10","3V":"10","H2":"10","66":"10","5V":"10","5R":"10","72":"10","2X":"10","8V":"10","J7":"10","2R":"10","C4":"10","7Q":"10","3W":"10","73":"10","RR":"10","H3":"10"},"V5":{"X9":"10","W2":"10","X2":"10"},"38":{"52":"10"},"J5":{"22":"10"},"W9":{"3V":"10","2V":"10"},"F4":{"CX":"10","8X":"10","9X":"10","FX":"10"},"V4":{"GP":"10","WX":"10","XX":"10","GM":"10","WV":"10","GJ":"10"}},"8J":{"XJ":{"XX":"10","MV":"10","XV":"10","MW":"10","RV":"10","QV":"10","XJ":"10","WW":"10","XW":"10"},"6F":{"VV":"10","VX":"10","RX":"10"},"XM":{"W2":"10","X2":"10"},"JP":{"PV":"10"},"7G":{"33":"10","32":"10"},"7F":{"7X":"10"}},"2F":{"MM":{"5G":"10","5F":"10","54":"10","44":"10","58":"10"}},"2M":{"C8":{"3F":"10","3G":"10"}},"9M":{"HX":{"37":"10","38":"10"},"P2":{"MM":"10","JJ":"10","JM":"10","PM":"10"}},"JF":{"F2":{"VX":"10","RX":"10"},"36":{"25":"10"}},"5M":{"28":{"P8":"10","Q7":"10"},"5F":{"G9":"10","G8":"10","H9":"10"},"2R":{"MF":"10","MC":"10","PF":"10","PC":"10"},"HR":{"55":"10","45":"10"}},"Q3":{"XC":{"HX":"10"},"XF":{"H4":"10","J3":"10","H3":"10","J2":"10","H2":"10"}},"7F":{"CM":{"VC":"10","VF":"10"}},"3F":{"6G":{"9H":"10"},"XX":{"2G":"10","76":"10","2H":"10","86":"10","C9":"10","9F":"10","33":"10","99":"10","7G":"10","95":"10","67":"10","96":"10","8G":"10","49":"10","8H":"10","56":"10","C8":"10","69":"10","75":"10","8F":"10","59":"10","7H":"10","85":"10","32":"10","9C":"10","77":"10","66":"10"}},"7X":{"R7":{"P2":"10"},"9Q":{"3X":"10","2X":"10"},"C5":{"GM":"10"},"WH":{"PW":"10","2C":"10"},"F5":{"XJ":"10","XM":"10"},"8Q":{"WW":"10","WX":"10"},"9H":{"5Q":"10","6R":"10","5R":"10"},"RW":{"F3":"10","G3":"10"},"G5":{"2M":"10"},"7C":{"WG":"10","VV":"10","WV":"10","VR":"10","XM":"10","XH":"10","RJ":"10","XJ":"10","WM":"10","PH":"10","VM":"10","QJ":"10","VW":"10"},"F7":{"5J":"10","5M":"10","4J":"10","7Q":"10","6Q":"10","4M":"10","6P":"10","6M":"10","6J":"10"},"9W":{"2J":"10"},"R4":{"GF":"10"},"X6":{"4X":"10","5X":"10","3X":"10","3W":"10","2X":"10","2W":"10"},"H5":{"4X":"10"},"XX":{"Q4":"10","Q5":"10"},"R6":{"MX":"10","PW":"10","RQ":"10","PX":"10","RP":"10","QW":"10"},"M5":{"VJ":"10"},"Q9":{"44":"10"},"W4":{"PQ":"10"},"FM":{"CP":"10"},"XF":{"MC":"10"},"5M":{"79":"10","9G":"10","8G":"10","7J":"10","9H":"10","8J":"10","8H":"10","7C":"10","7H":"10"},"96":{"4J":"10"},"J4":{"VP":"10"},"M7":{"J7":"10","GV":"10","GQ":"10","GR":"10","J8":"10","CP":"10","FR":"10","FV":"10","FQ":"10"},"6W":{"3J":"10","6P":"10","6R":"10","7J":"10","5P":"10","4P":"10"},"VH":{"XC":"10","XF":"10"},"MV":{"63":"10","53":"10"},"X4":{"3M":"10","2M":"10","4M":"10","8M":"10","3P":"10","5P":"10","5M":"10"},"R3":{"P7":"10","M4":"10","P4":"10","P5":"10","R4":"10","Q5":"10","M5":"10","M3":"10"},"VC":{"57":"10","49":"10","6F":"10","6C":"10","5G":"10","58":"10","59":"10","3C":"10","48":"10","47":"10"},"RM":{"5H":"10"},"8C":{"R2":"10"},"C9":{"28":"10","27":"10"},"HH":{"RW":"10","VW":"10","RX":"10"},"QG":{"XM":"10","X8":"10"},"PF":{"V5":"10"},"75":{"2F":"10"},"MR":{"6W":"10","5W":"10","CV":"10","9W":"10"},"3F":{"47":"10","46":"10"},"M3":{"63":"10","53":"10"},"78":{"PH":"10","PG":"10"},"W2":{"QM":"10","RM":"10"},"FC":{"F5":"10"},"XH":{"33":"10","V3":"10"},"J5":{"CC":"10"},"RG":{"28":"10","78":"10","4G":"10","4F":"10","2M":"10"},"P5":{"85":"10"},"65":{"XF":"10"},"WF":{"MF":"10","PF":"10"},"H3":{"PV":"10","PR":"10","MV":"10","MR":"10","MW":"10"},"V4":{"QH":"10"},"H6":{"42":"10"},"55":{"46":"10"}},"Q7":{"JH":{"6X":"10"},"GX":{"2G":"10","49":"10","3F":"10","2F":"10","3C":"10","2C":"10"}},"3H":{"FF":{"7V":"10","6W":"10","8V":"10","9V":"10","8W":"10","9X":"10","6V":"10","CV":"10","9W":"10"},"JG":{"68":"10","67":"10"},"WG":{"R7":"10","FF":"10","P7":"10","WG":"10","VF":"10","XC":"10","V3":"10","PG":"10","M7":"10","R8":"10","FG":"10","VG":"10","V9":"10","RG":"10","V7":"10","XF":"10","QC":"10","VC":"10","RC":"10","V2":"10","RF":"10","W9":"10","VH":"10","WC":"10","V8":"10"},"63":{"G9":"10","H9":"10","H8":"10","F8":"10"},"76":{"CQ":"10","8W":"10","CP":"10","8X":"10","9P":"10","7X":"10","9Q":"10"},"84":{"XX":"10"},"JV":{"2C":"10","3M":"10","8R":"10","8Q":"10","3P":"10","29":"10"},"XG":{"5Q":"10","4P":"10"},"C8":{"H5":"10","G5":"10","H6":"10"},"C3":{"28":"10","59":"10","38":"10"},"2R":{"FJ":"10","GG":"10","HF":"10","HG":"10","GF":"10","JR":"10","FF":"10","MM":"10","CF":"10","PM":"10"},"5F":{"6R":"10","7Q":"10","2W":"10","4P":"10"},"77":{"72":"10","62":"10"}},"M2":{"MJ":{"6W":"10"},"V9":{"HC":"10"},"96":{"JC":"10","G2":"10","G3":"10"},"95":{"76":"10","66":"10","CW":"10","67":"10"}},"CJ":{"CV":{"XP":"10"},"P2":{"3R":"10","FW":"10","2R":"10","2Q":"10","4C":"10","FV":"10"},"23":{"44":"10","43":"10"},"56":{"HQ":"10","GQ":"10"},"X3":{"5R":"10"},"2F":{"9G":"10"},"WJ":{"MG":"10"},"9G":{"J7":"10","C8":"10","F7":"10","J8":"10","G7":"10","RF":"10","F8":"10","C7":"10"},"MW":{"8H":"10"},"86":{"GG":"10","GH":"10","FG":"10","GF":"10"},"V9":{"FF":"10","CQ":"10","C6":"10","C9":"10","CC":"10","CG":"10","F8":"10","CJ":"10","CP":"10","F9":"10","CH":"10","C8":"10","CF":"10","CM":"10","CR":"10","FC":"10","C7":"10"},"R6":{"J4":"10","J3":"10","F3":"10","M4":"10","P4":"10","P5":"10","M2":"10","G3":"10","M3":"10"},"MC":{"49":"10","2F":"10","2P":"10","3P":"10","48":"10"},"P3":{"25":"10","79":"10","36":"10","QC":"10","33":"10","35":"10","9G":"10","7F":"10","98":"10","6G":"10","87":"10","88":"10","97":"10","26":"10","8F":"10","34":"10","5R":"10","2X":"10","6F":"10","9F":"10","4F":"10","67":"10","6R":"10","68":"10","69":"10","77":"10","78":"10","89":"10"},"6W":{"VH":"10"},"VW":{"9R":"10"},"X4":{"3F":"10"},"QJ":{"V6":"10","V7":"10"},"M4":{"Q4":"10","P4":"10","X6":"10","Q5":"10","W6":"10"},"M3":{"XJ":"10","XH":"10","WH":"10","WJ":"10","VH":"10","R5":"10","VJ":"10","R6":"10"},"P4":{"22":"10","23":"10"},"GR":{"HX":"10"},"JC":{"XF":"10"},"7W":{"4R":"10","4P":"10","5J":"10","3R":"10","3P":"10","6F":"10","3Q":"10","6H":"10","5G":"10","3V":"10","2R":"10","5F":"10","3W":"10"},"RR":{"39":"10","6C":"10","C7":"10","9P":"10","3H":"10","5J":"10","2G":"10","4H":"10","5C":"10","9M":"10","2Q":"10","7W":"10","5F":"10","3G":"10","7J":"10","4J":"10","4P":"10","3M":"10","7P":"10","2R":"10","5H":"10","67":"10","5G":"10","88":"10","2P":"10","26":"10","37":"10","3P":"10","48":"10","29":"10","4G":"10","34":"10","59":"10","4M":"10","4F":"10","22":"10","33":"10","44":"10","3F":"10","7M":"10","4C":"10","43":"10","28":"10","2H":"10","49":"10"},"QR":{"P9":"10","XP":"10","VF":"10","W7":"10","Q9":"10","XV":"10","VP":"10","W8":"10","XM":"10","XQ":"10","X6":"10","P8":"10","VQ":"10","Q8":"10","X7":"10","WQ":"10","XG":"10","VC":"10","X2":"10","XJ":"10","XR":"10","WM":"10","WP":"10"},"H3":{"9R":"10"}},"82":{"X3":{"74":"10","84":"10","76":"10","46":"10","75":"10","85":"10","47":"10"},"W3":{"22":"10","J4":"10","J3":"10","23":"10","M2":"10","J5":"10","M5":"10","M3":"10"},"W2":{"FX":"10","JR":"10","2G":"10","9H":"10","XM":"10","42":"10","6P":"10","C2":"10","3G":"10","CF":"10","FV":"10","QF":"10","F3":"10","RF":"10","47":"10","2C":"10","VM":"10","PQ":"10","36":"10","WP":"10","63":"10","46":"10","M8":"10","26":"10","37":"10","C3":"10","82":"10","QM":"10","72":"10","GV":"10","9J":"10","VP":"10","G4":"10","QG":"10","RG":"10","73":"10","5P":"10","3F":"10","27":"10","F4":"10","84":"10","92":"10","43":"10","28":"10","C8":"10","F2":"10","2F":"10","6Q":"10","38":"10"},"X2":{"79":"10","C8":"10","57":"10","R5":"10","7V":"10","Q5":"10","9P":"10","98":"10","88":"10","M9":"10","HR":"10","9F":"10","8C":"10","2M":"10","HQ":"10","78":"10","58":"10","HP":"10","89":"10","8P":"10"},"R5":{"2F":"10"},"V2":{"XG":"10","53":"10","79":"10","VQ":"10","43":"10","42":"10","33":"10","44":"10","RF":"10","H2":"10","87":"10","V6":"10","45":"10","97":"10","86":"10","MC":"10","V5":"10","VP":"10","96":"10","MF":"10","QF":"10","32":"10","X7":"10","68":"10","QG":"10","54":"10","78":"10","RG":"10","JC":"10","W7":"10","55":"10","X9":"10","X8":"10"},"V3":{"F7":"10"},"4W":{"66":"10","64":"10","65":"10","67":"10","75":"10"},"CV":{"C8":"10","F8":"10"}},"5F":{"5G":{"W7":"10","W6":"10"},"WW":{"JP":"10","PV":"10","MJ":"10","QQ":"10","PR":"10","MP":"10","QP":"10","GP":"10","MH":"10","PQ":"10","MG":"10","PP":"10","RQ":"10","JQ":"10","MM":"10","PH":"10","PJ":"10","MR":"10","PG":"10","HQ":"10","PM":"10","MQ":"10","QV":"10","GQ":"10","RR":"10","QR":"10","HP":"10"},"7V":{"R8":"10"}},"FG":{"23":{"76":"10"}},"6P":{"96":{"HM":"10","GJ":"10","HJ":"10"},"GP":{"3R":"10","6G":"10","5G":"10","2X":"10","2W":"10|3"},"V6":{"45":"10","46":"10"},"FP":{"VV":"10","XW":"10","WX":"10","XX":"10"},"FQ":{"P7":"10","V3":"10","W5":"10","R6":"10","V5":"10","Q3":"10","R4":"10","P8":"10","X2":"10","V2":"10","V4":"10","Q7":"10","R2":"10","Q4":"10"}},"2X":{"XP":{"XH":"10"},"JG":{"39":"10","G6":"10","F6":"10","H3":"10","C4":"10","75":"10","52":"10","42":"10","6P":"10","32":"10","77":"10","C6":"10","QV":"10","C5":"10","78":"10","3C":"10","68":"10","63":"10","J7":"10","67":"10","V8":"10","64":"10","H4":"10","C3":"10","G3":"10","83":"10","95":"10","86":"10","72":"10","34":"10","22":"10","G4":"10","33":"10","J6":"10","73":"10","85":"10","23":"10","5P":"10","65":"10","J3":"10","F4":"10","84":"10","4C":"10","76":"10","62":"10","6Q":"10","38":"10"},"WV":{"FH":"10","7H":"10","9G":"10","8H":"10","CH":"10"},"HF":{"JP":"10","QW":"10","MW":"10","9W":"10","JQ":"10","QR":"10","PW":"10","9V":"10","3G":"10","RQ":"10","MJ":"10","VW":"10","QV":"10","9X":"10","CW":"10","8V":"10","PX":"10","X3":"10","5G":"10","4G":"10","HW":"10","RV":"10","PJ":"10","4F":"10","HQ":"10","7F":"10","GW":"10","HV":"10","FC":"10","MV":"10","MR":"10","VV":"10","XX":"10","3F":"10","MQ":"10","MX":"10","PM":"10","8W":"10","CH":"10","QX":"10","HR":"10","RR":"10","6F":"10"},"HG":{"P2":"10","H4":"10","W5":"10","8G":"10","92":"10","42":"10","G4":"10","X3":"10","44":"10","Q2":"10","X5":"10","F3":"10","45":"10","G3":"10","J4":"10","P3":"10","F2":"10","46":"10","X4":"10","64":"10","X2":"10","W9":"10","M4":"10","75":"10","VF":"10","M3":"10","W2":"10","65":"10","WF":"10","93":"10","W8":"10","X8":"10"},"GF":{"VP":"10"},"JC":{"2V":"10"},"P5":{"3H":"10"},"GG":{"XC":"10","WC":"10","G2":"10","F4":"10"},"G6":{"J2":"10","H2":"10"},"JF":{"P2":"10","R7":"10","V8":"10","R8":"10","5X":"10","4M":"10","43":"10","7X":"10","QC":"10","7R":"10","44":"10","XJ":"10","7P":"10","QP":"10","Q5":"10","3M":"10","Q6":"10","6V":"10","8R":"10","6X":"10","86":"10","C7":"10","R6":"10","M5":"10","Q9":"10","5V":"10","F6":"10","C6":"10","M7":"10","P3":"10","32":"10","M6":"10","F9":"10","MR":"10","P4":"10","78":"10","5W":"10","MQ":"10","7M":"10","M8":"10","P6":"10","4Q":"10","P5":"10","P7":"10","8P":"10"},"HC":{"WR":"10","XQ":"10","VR":"10","4G":"10","4F":"10"},"G5":{"GJ":"10","MC":"10","HV":"10","GM":"10","FM":"10","GV":"10","HF":"10","GF":"10","JC":"10","PV":"10","GR":"10","HC":"10","FJ":"10","HW":"10","GW":"10"},"R2":{"9C":"10","FJ":"10","FM":"10","8F":"10","FH":"10","GH":"10","FC":"10","8C":"10","FG":"10","CC":"10","CJ":"10","FF":"10","99":"10","7C":"10","C9":"10"},"MG":{"2P":"10","7F":"10","3J":"10","2J":"10","3M":"10","3H":"10","2H":"10","7C":"10","3P":"10"},"MF":{"3M":"10","4M":"10"}},"3R":{"H4":{"3P":"10","4P":"10"},"X4":{"QH":"10","PH":"10","QG":"10"},"W8":{"3M":"10","3P":"10"},"R6":{"94":"10"}},"3J":{"J6":{"3J":"10","7P":"10","5J":"10"},"2M":{"R7":"10","V9":"10","R8":"10","R9":"10","V8":"10","V7":"10"},"67":{"G2":"10","G3":"10"},"7Q":{"74":"10","65":"10","75":"10"}},"HF":{"G3":{"3Q":"10","4Q":"10","3P":"10","4P":"10"}},"8W":{"FV":{"XQ":"10","WQ":"10"},"38":{"76":"10","66":"10","75":"10"},"XV":{"J7":"10","P8":"10","FH":"10","FG":"10","CG":"10","M8":"10","CH":"10"},"55":{"Q9":"10"},"H4":{"H5":"10","H4":"10"},"FP":{"H4":"10","J4":"10","J5":"10"},"GX":{"3Q":"10","4Q":"10","4P":"10"},"8W":{"FM":"10","GM":"10","GJ":"10"},"FG":{"F3":"10"},"XQ":{"74":"10","76":"10","84":"10","86":"10","55":"10","98":"10","97":"10","65":"10","56":"10","C8":"10","75":"10","85":"10","C7":"10"},"GC":{"HQ":"10","MH":"10","JR":"10","MR":"10"},"R4":{"FJ":"10","GH":"10","9J":"10","GJ":"10"},"9X":{"X8":"10"},"37":{"HV":"10","GV":"10","8V":"10","8R":"10","8W":"10","7P":"10","GR":"10","6Q":"10","HQ":"10","7R":"10","CR":"10","HR":"10","9R":"10","6R":"10"},"CM":{"JG":"10","MG":"10"},"C3":{"G6":"10","F6":"10"},"R9":{"54":"10","53":"10","44":"10","43":"10"},"W3":{"5W":"10","5V":"10"},"7X":{"HQ":"10","8X":"10","7X":"10"},"G5":{"F5":"10","F4":"10"},"CW":{"J4":"10","M4":"10","P5":"10","M5":"10"},"M4":{"G5":"10"}},"9W":{"45":{"XJ":"10","XQ":"10","XM":"10","WJ":"10"},"3X":{"76":"10","75":"10"},"4P":{"4H":"10"},"55":{"9F":"10","2Q":"10","5M":"10"},"43":{"5W":"10","FQ":"10","CQ":"10","JV":"10","5X":"10","8V":"10","5R":"10","JQ":"10","JR":"10","HQ":"10","FR":"10","6V":"10"},"46":{"38":"10","79":"10","39":"10","68":"10","57":"10","49":"10","4C":"10","5C":"10","6C":"10","69":"10","58":"10","59":"10","48":"10","47":"10"},"37":{"R2":"10"},"27":{"P2":"10","M2":"10"},"36":{"CV":"10","WH":"10","9H":"10","JV":"10","MJ":"10","RW":"10","RX":"10","WJ":"10","XJ":"10","RF":"10","5C":"10","V9":"10","WG":"10","RP":"10","JJ":"10","59":"10","4C":"10","RC":"10","RQ":"10","VH":"10","HV":"10","RJ":"10","RH":"10","XC":"10","RM":"10","WC":"10","W9":"10","VF":"10","VG":"10","JR":"10","RG":"10","GV":"10","WF":"10"},"26":{"PV":"10","PR":"10","PW":"10","PX":"10","QR":"10"},"3W":{"5V":"10"},"3M":{"97":"10","98":"10","96":"10","79":"10","7C":"10","C7":"10"},"48":{"9Q":"10","9P":"10","9M":"10","8M":"10","CP":"10","8Q":"10","8P":"10","6M":"10","CM":"10"}},"7P":{"2J":{"57":"10","58":"10","48":"10"},"MC":{"9C":"10","79":"10","89":"10"},"VV":{"6G":"10","7M":"10","5J":"10","5M":"10","5H":"10","7J":"10","7Q":"10","6H":"10","8M":"10","6M":"10","6J":"10"},"W4":{"6F":"10"},"X6":{"FH":"10"},"RG":{"GP":"10"},"CH":{"36":"10"},"PQ":{"62":"10"},"RC":{"5P":"10","4P":"10"},"HQ":{"25":"10"},"JX":{"G8":"10"},"CV":{"JC":"10","MC":"10","M6":"10","H9":"10","PF":"10","PC":"10","H8":"10"},"WW":{"HM":"10","JJ":"10","JM":"10","HJ":"10"},"9W":{"QV":"10"},"VW":{"3R":"10","3Q":"10","4J":"10","4Q":"10","3P":"10","4R":"10"},"GW":{"7G":"10"}},"R4":{"6F":{"MJ":"10","PP":"10","VJ":"10","JJ":"10"},"Q2":{"22":"10","69":"10","68":"10","2M":"10"},"7G":{"35":"10","34":"10"},"P3":{"H3":"10","G3":"10"},"7F":{"4M":"10","2Q":"10","5P":"10","5M":"10","4P":"10"},"6M":{"R8":"10","Q8":"10"}},"6X":{"HX":{"6W":"10"},"2P":{"55":"10","54":"10"},"HM":{"XR":"10","WV":"10"},"H4":{"5V":"10","8V":"10","6V":"10"},"9V":{"GP":"10"},"R8":{"JP":"10","9Q":"10","HC":"10","CM":"10","HJ":"10","GP":"10","FM":"10","49":"10","59":"10","48":"10","JM":"10","MM":"10","FP":"10","58":"10","GJ":"10","GM":"10"},"HG":{"QC":"10","VF":"10"},"57":{"4X":"10","3W":"10"},"P5":{"MV":"10"},"4C":{"MH":"10","JH":"10"},"VX":{"V2":"10"},"GG":{"W2":"10","V2":"10"},"JM":{"3R":"10","3Q":"10","4Q":"10","3V":"10","5J":"10","5V":"10","2R":"10","4M":"10","2Q":"10","4V":"10","5M":"10"},"JF":{"4Q":"10","4P":"10"},"F6":{"8F":"10","7G":"10","7F":"10","8G":"10"}},"4P":{"XG":{"G9":"10","G8":"10","F9":"10","C8":"10","C9":"10","F8":"10"},"V9":{"V3":"10"},"4Q":{"PR":"10","VQ":"10","RQ":"10","VP":"10","RP":"10","QR":"10"},"VM":{"63":"10","52":"10","53":"10","92":"10","62":"10"},"CQ":{"R7":"10","Q2":"10","R8":"10","Q3":"10","P8":"10","Q8":"10","P3":"10","V4":"10","V8":"10","Q4":"10"},"WV":{"39":"10","65":"10","75":"10"},"C7":{"49":"10"}},"6M":{"5V":{"J7":"10","M7":"10","J6":"10","H4":"10","J4":"10","J3":"10","M4":"10","G5":"10","M6":"10","P4":"10","H3":"10","M8":"10","P5":"10","J5":"10","M5":"10"},"47":{"9X":"10","CV":"10","9W":"10"},"6R":{"7M":"10","6M":"10"},"5R":{"MV":"10","JV":"10","JR":"10"},"C6":{"RW":"10","VW":"10"},"48":{"M2":"10"},"C7":{"M3":"10","H2":"10"}},"C8":{"6G":{"38":"10","39":"10","5J":"10","4J":"10","2C":"10","29":"10","27":"10","28":"10","3C":"10"},"5G":{"VC":"10","V9":"10","R9":"10","X8":"10","X7":"10","RC":"10","RF":"10"}},"C6":{"3F":{"RP":"10","PM":"10","MM":"10","MJ":"10","JJ":"10","XF":"10","JP":"10","XG":"10","JM":"10","RH":"10"},"64":{"CX":"10","FX":"10","GX":"10","MJ":"10","QH":"10","JJ":"10","VX":"10","JQ":"10","JR":"10","HR":"10","WX":"10","XW":"10"},"65":{"F3":"10","F2":"10","C2":"10"},"4F":{"2G":"10","2P":"10","2M":"10","2H":"10"},"4C":{"GF":"10"},"4V":{"3J":"10"}},"4W":{"WH":{"GJ":"10","C9":"10","99":"10","MW":"10","F7":"10","GF":"10","MX":"10","GH":"10","JX":"10","JW":"10","F6":"10"},"7J":{"HV":"10"},"8Q":{"C4":"10","C5":"10","F4":"10"},"JV":{"Q6":"10","V6":"10","V5":"10","R6":"10"},"43":{"RQ":"10","VR":"10","QQ":"10"},"V7":{"WW":"10"},"WJ":{"H5":"10","G8":"10","G5":"10","G6":"10","H6":"10"},"9G":{"V9":"10","X8":"10","W9":"10","W8":"10"},"XJ":{"Q8":"10"},"VX":{"86":"10"},"84":{"Q9":"10","P9":"10","R9":"10"},"XX":{"XC":"10"},"R6":{"7M":"10","8M":"10"},"3Q":{"7Q":"10"},"WG":{"CM":"10","MW":"10","8J":"10","CJ":"10","FJ":"10","8M":"10","FM":"10","HR":"10","6F":"10","JW":"10","9F":"10","9J":"10","5J":"10","9M":"10","HQ":"10","8H":"10","GM":"10"},"4C":{"94":"10","F3":"10","C3":"10","93":"10"},"HG":{"JG":"10","38":"10","39":"10","9H":"10","8H":"10","2C":"10","29":"10","48":"10","47":"10"},"XC":{"PX":"10","8R":"10"},"PH":{"9W":"10"},"FP":{"6X":"10","5X":"10"},"3R":{"94":"10","C4":"10"},"78":{"79":"10"},"24":{"HH":"10"},"G6":{"M2":"10"},"GV":{"QF":"10","PF":"10"},"H3":{"CQ":"10"}},"89":{"MF":{"V6":"10","V5":"10","X6":"10","V7":"10","V4":"10","W6":"10"},"JC":{"FF":"10","9F":"10","CC":"10","CG":"10","GF":"10","FG":"10","FH":"10","CH":"10","GH":"10","CF":"10","GG":"10","FC":"10","9C":"10"},"RQ":{"2W":"10","4M":"10","HJ":"10","7V":"10","3V":"10","2P":"10","6V":"10","4R":"10","3Q":"10","5V":"10","JJ":"10","2X":"10","6W":"10","4W":"10","2R":"10","2V":"10","4V":"10","3R":"10","5W":"10","3W":"10","7W":"10","2Q":"10"},"RR":{"H5":"10","G4":"10"},"QP":{"XW":"10","XV":"10"},"QQ":{"XX":"10","GJ":"10","XP":"10","PJ":"10","VV":"10","XV":"10","WV":"10","HJ":"10","GF":"10","XM":"10","XQ":"10","GC":"10","QQ":"10","JJ":"10","RM":"10","RV":"10","WQ":"10","QR":"10","CH":"10","PQ":"10","HH":"10","JH":"10","XR":"10","WH":"10","RR":"10","WR":"10","WW":"10","XW":"10","QJ":"10","VW":"10"}},"9P":{"FW":{"G9":"10","G8":"10","H7":"10","J9":"10","96":"10","JC":"10","JH":"10","HH":"10","MC":"10","F9":"10","C5":"10","95":"10","M8":"10","MG":"10","F6":"10","C6":"10","H8":"10","93":"10","JJ":"10","HJ":"10","F8":"10"},"X2":{"3R":"10","3Q":"10","4Q":"10","4R":"10"},"PP":{"6H":"10"},"CJ":{"6P":"10","4M":"10","6M":"10","5P":"10","5M":"10","4P":"10"},"Q4":{"3R":"10","3Q":"10","4Q":"10","3V":"10","5V":"10","5R":"10","4V":"10","4R":"10"},"QP":{"F5":"10"},"QM":{"8X":"10","9X":"10"},"V4":{"85":"10"},"CV":{"X3":"10","X2":"10"}},"9H":{"FJ":{"V6":"10","W6":"10"},"HQ":{"H5":"10","J6":"10","H4":"10","J4":"10","J3":"10","H6":"10","H3":"10"},"5Q":{"29":"10"},"JR":{"37":"10","56":"10","57":"10","47":"10","46":"10","36":"10"},"33":{"63":"10","62":"10"},"32":{"8W":"10","8X":"10","3X":"10","3W":"10","7W":"10","7X":"10"},"W8":{"3J":"10","3H":"10"},"HR":{"MX":"10","HX":"10","JX":"10","MW":"10"}},"G2":{"V8":{"J3":"10"}},"25":{"5W":{"3G":"10","4G":"10"},"3W":{"JP":"10","CM":"10","QQ":"10","PR":"10","MP":"10","QP":"10","CJ":"10","HM":"10","FJ":"10","PQ":"10","FM":"10","PP":"10","RP":"10","RQ":"10","VC":"10","JM":"10","JQ":"10","MM":"10","FP":"10","PM":"10","MQ":"10","GJ":"10","QR":"10","GM":"10"},"8G":{"JG":"10","PG":"10","HF":"10","HG":"10","GF":"10","GG":"10","JF":"10","MG":"10","MF":"10"},"4V":{"MQ":"10","JQ":"10","JR":"10","HQ":"10","HR":"10","MR":"10","HW":"10","GW":"10"},"4W":{"2G":"10","WJ":"10","PF":"10","5J":"10","4J":"10","F7":"10","F8":"10","PC":"10","98":"10","J8":"10","XH":"10","J7":"10","G3":"10","QF":"10","XF":"10","QC":"10","RC":"10","4M":"10","C8":"10","XJ":"10","WH":"10","WM":"10","H8":"10","C7":"10","J9":"10"}},"FH":{"6F":{"XP":"10","WQ":"10","WP":"10"},"7F":{"FH":"10","GH":"10","9H":"10","9J":"10","CH":"10"},"4V":{"MJ":"10","W4":"10","JJ":"10","V4":"10"}},"Q6":{"JW":{"J7":"10"},"VV":{"55":"10","56":"10","66":"10"},"MQ":{"W8":"10","WM":"10"},"RQ":{"9V":"10","7P":"10","7M":"10","8M":"10"},"RR":{"HX":"10","FV":"10","FX":"10|3","HV":"10","79":"10","GV":"10","GX":"10|3","VR":"10","C2":"10","GQ":"10","FW":"10","J7":"10","65":"10","G8":"10","XR":"10","RR":"10","89":"10","H8":"10","WR":"10","HW":"10","87":"10","F2":"10","GW":"10"},"P4":{"6F":"10"},"RV":{"P3":"10","F2":"3","G2":"10|3","H2":"10"},"JR":{"6X":"10","6W":"10","5W":"10","7W":"10","7X":"10"},"VW":{"P4":"10","92":"3","C2":"3"},"FR":{"42":"10"},"QG":{"VG":"10","VF":"10"}},"5X":{"XP":{"V9":"10","W5":"10","W2":"10","X5":"10","X4":"10","Q4":"10","W4":"10","V5":"10"},"6W":{"HM":"10"},"4J":{"GG":"10","GH":"10","HH":"10","HG":"10"},"R8":{"22":"10"},"HG":{"F7":"10"},"8W":{"99":"10","C9":"10"},"XM":{"WX":"10"},"2M":{"RG":"10","RF":"10"},"Q8":{"V2":"10","Q4":"10","M3":"10"},"5P":{"G8":"10","F7":"10","F8":"10"},"CM":{"3J":"10"},"VJ":{"34":"10"},"Q7":{"MW":"10"},"CV":{"GG":"10","HG":"10"}},"7M":{"4X":{"9Q":"10","6R":"10","8Q":"10","7Q":"10","6Q":"10","7R":"10"},"MF":{"QC":"10","RC":"10"},"MH":{"59":"10","5C":"10"},"MG":{"MQ":"10","JV":"10","MP":"10","JQ":"10"},"RX":{"RR":"10","QR":"10"},"G4":{"CX":"10","9X":"10","8V":"10","FV":"10","9W":"10"}},"8Q":{"P9":{"MJ":"10","PJ":"10","PH":"10","PM":"10"},"HX":{"RG":"10"},"MC":{"6M":"10","6J":"10"},"Q9":{"MX":"10"},"CC":{"X9":"10","W9":"10","W8":"10"},"HJ":{"WX":"10"},"54":{"62":"10"},"C2":{"9Q":"10","GP":"10","GQ":"10","HP":"10","8Q":"10"},"JJ":{"4R":"10","6W":"10","5R":"10","3R":"10","3P":"10","3Q":"10","2V":"10","3V":"10","2X":"10"},"24":{"95":"10"},"7Q":{"FG":"10","FF":"10"},"X2":{"X3":"10"},"G4":{"PJ":"10","JJ":"10","QH":"10","RG":"10","QG":"10","RF":"10","JH":"10","PH":"10","RH":"10","QJ":"10"},"G6":{"XC":"10","WC":"10"},"VM":{"6X":"10","5F":"10","7G":"10","4M":"10","7C":"10"},"JM":{"52":"10","72":"10"},"X5":{"J5":"10"},"H6":{"3F":"10","4F":"10"},"9J":{"8F":"10","8C":"10"},"9C":{"FW":"10","GV":"10","9X":"10","CW":"10","FV":"10","9W":"10"}},"CP":{"8J":{"HH":"10","QP":"10"},"FW":{"99":"10"},"M4":{"F3":"10","C3":"10","F2":"10","C2":"10"},"H6":{"PG":"10"},"G7":{"WC":"10"},"7V":{"C5":"10"}},"6G":{"JW":{"XF":"10"},"RW":{"P8":"10"},"PW":{"49":"10","6G":"10","7G":"10","39":"10","58":"10"},"MV":{"6F":"10","6G":"10","6H":"10","5F":"10","27":"10","3P":"10","4P":"10"},"JV":{"JG":"10","MH":"10","MC":"10","HF":"10","F3":"10","JC":"10","X7":"10","F4":"10","C3":"10","PH":"10","JF":"10","HC":"10","WW":"10","C4":"10","MG":"10","MF":"10"},"QX":{"Q4":"10","Q5":"10"},"VM":{"7F":"10","76":"10","55":"10","7G":"10","8G":"10","65":"10","56":"10","8C":"10","66":"10"},"VJ":{"7P":"10","6P":"10","6Q":"10"},"35":{"25":"10","35":"10"},"HP":{"FH":"10"},"H8":{"7M":"10","8M":"10"},"MW":{"97":"10","55":"10","22":"10","54":"10","57":"10","47":"10","32":"10","72":"10"},"24":{"6R":"10","35":"10"}},"9R":{"FH":{"R5":"10","R4":"10","Q5":"10"},"GP":{"2W":"10"},"HH":{"R4":"10","V4":"10"},"85":{"C3":"10"},"CG":{"2P":"10"},"82":{"HX":"10"},"9G":{"XQ":"10","VP":"10","WP":"10"},"FP":{"XW":"10"},"C6":{"MF":"10"}},"7J":{"2G":{"X9":"10","WJ":"10","V3":"10","VR":"10","XQ":"10","VQ":"10","X3":"10","RQ":"10","WQ":"10","X2":"10","XR":"10","RR":"10","WM":"10","V4":"10","R3":"10"},"3F":{"5W":"10","3W":"10","4W":"10"},"GF":{"Q9":"10","XC":"10","R9":"10"},"MC":{"PV":"10","PW":"10","MQ":"10","MV":"10","MW":"10"},"3G":{"4F":"10","3F":"10","37":"10","2C":"10","29":"10","2F":"10","2Q":"10","36":"10","2R":"10","3C":"10"},"PC":{"2V":"10","2W":"10"}},"CQ":{"2F":{"28":"10","38":"10"},"54":{"GJ":"10","HM":"10","GM":"10","9G":"10","FM":"10","CG":"10","9H":"10","FJ":"10","6J":"10"}},"Q5":{"W2":{"W5":"10","M4":"10","W4":"10"}},"2W":{"6F":{"4J":"10","5J":"10","4M":"10","5M":"10"},"63":{"R8":"10","V8":"10"},"5F":{"92":"10","93":"10"},"56":{"HQ":"10"},"74":{"49":"10","68":"10","39":"10","38":"10","58":"10","48":"10"},"X2":{"XG":"10","XH":"10"},"99":{"JH":"10"},"8V":{"76":"10","75":"10"}},"8G":{"5W":{"82":"10","72":"10","42":"10","43":"10"},"C9":{"QR":"10"},"68":{"GJ":"10","MH":"10","9G":"10","PG":"10","HJ":"10","MJ":"10","RJ":"10","GP":"10","HH":"10","JH":"10","PH":"10","QJ":"10","MG":"10"},"X7":{"M2":"10"},"6C":{"FJ":"10","FG":"10","9F":"10","CJ":"10","9M":"10","HM":"10","GJ":"10","CM":"10"},"58":{"FF":"10","7F":"10","9G":"10","9F":"10","CF":"10","FC":"10","7C":"10","8F":"10"},"HC":{"H6":"10"}},"8C":{"V7":{"J7":"10","H7":"10","H3":"10","H2":"10"}},"75":{"PX":{"XQ":"10","CX":"10","9X":"10","XP":"10","XR":"10","WQ":"10","VJ":"10"},"QX":{"2P":"10","2R":"10","2Q":"10"}},"3X":{"VC":{"VV":"10","VW":"10"},"XH":{"MJ":"10","MM":"10"},"55":{"P9":"10","PC":"10"},"FH":{"QM":"10"},"9Q":{"84":"10","85":"10"},"2P":{"3F":"10","3J":"10","3G":"10","2J":"10","3H":"10","2H":"10"},"3C":{"5G":"10"},"MC":{"4H":"10","5H":"10"},"R9":{"RR":"10","PP":"10","QP":"10","QR":"10"},"82":{"FR":"10","FQ":"10"},"M6":{"73":"10"},"C8":{"94":"10","86":"10","76":"10","96":"10","95":"10"},"H6":{"2J":"10"},"27":{"MJ":"10"},"QM":{"69":"10","68":"10","57":"10","58":"10"},"WF":{"4V":"10","4R":"10"}},"46":{"XH":{"9F":"10"}},"27":{"23":{"XW":"10","XV":"10","XX":"10"},"24":{"W5":"10","X5":"10"}},"5H":{"JW":{"GH":"10","MF":"10","MG":"10","JF":"10"},"JC":{"3J":"10","2J":"10","3M":"10","2H":"10"},"HF":{"QC":"10","Q9":"10"},"X5":{"RG":"10"},"HV":{"57":"10","47":"10","46":"10"},"6P":{"J4":"10","J3":"10"},"W7":{"VQ":"10","VR":"10"},"C9":{"94":"10","C4":"10"}},"P7":{"7J":{"F8":"10"}},"CM":{"W3":{"MX":"10","FW":"10","HX":"10","GW":"10","GV":"10","GQ":"10","GX":"10","JX":"10","FQ":"10"},"X9":{"H7":"10","G6":"10","G7":"10"},"F3":{"GX":"10"},"HG":{"8H":"10","9G":"10","8G":"10"},"R2":{"XM":"10","WM":"10"},"QX":{"XH":"10","WH":"10"},"W4":{"P2":"10","Q3":"10","H4":"10","R2":"10","G4":"10","G5":"10","Q2":"10","J6":"10","Q5":"10","G2":"10","R4":"10","J3":"10","Q6":"10","H2":"10","H5":"10","M5":"10","G3":"10","J4":"10","J2":"10","P3":"10","F2":"10","J7":"10","R3":"10","G7":"10","M2":"10","M4":"10","M6":"10","H7":"10","Q4":"10","M3":"10","P4":"10","P6":"10","J5":"10","P5":"10","G6":"10","H3":"10","H6":"10"},"X6":{"3J":"10","26":"10","3H":"10","36":"10"},"6M":{"3R":"10","2P":"10","2R":"10","3P":"10"},"QV":{"R7":"10","R6":"10"},"F4":{"G2":"10"},"W6":{"XQ":"10","VQ":"10","MF":"10","RQ":"10","MH":"10","RJ":"10","VP":"10","RP":"10","VM":"10","MG":"10","RM":"10","WM":"10"}},"CH":{"JP":{"RW":"10","PW":"10","MQ":"10","PX":"10","MR":"10","RX":"10"},"WH":{"4R":"10"},"HF":{"2X":"10"},"F8":{"Q2":"10","C6":"10","H7":"10","M3":"10","J8":"10","96":"10","P5":"10","J7":"10","97":"10","M2":"10","P3":"10","H8":"10","P2":"10","C7":"10"},"GG":{"CV":"10","JP":"10","R7":"10","XG":"10","GW":"10","W3":"10","MP":"10","X3":"10","G5":"10","V7":"10","R5":"10","XJ":"10","VX":"10","Q5":"10","WR":"10","G2":"10","GX":"10","Q6":"10","H5":"10","XV":"10","R6":"10","WG":"10","WV":"10","FF":"10","W4":"10","XF":"3","VP":"10","RP":"10","P3":"10","RQ":"10","FX":"10","X4":"10","V3":"10","WM":"10","XC":"3","R3":"10","W9":"10","FW":"10","JQ":"10","PF":"10","FV":"10","P4":"10","MQ":"10","W2":"10","VR":"10","GV":"10","WF":"3","V2":"10","V4":"10","W8":"10","X9":"10","X8":"10"},"MJ":{"23":"10","76":"10","86":"10","33":"10","22":"10","55":"10","5J":"10","F3":"10","44":"10","43":"10","5H":"10","65":"10","7Q":"10","6V":"10","75":"10","34":"10","5V":"10","3W":"10","77":"10","66":"10"},"PR":{"2P":"10","2Q":"10"},"QX":{"XG":"10","XF":"10"},"RX":{"2G":"10"},"F7":{"JW":"10","MV":"10","MW":"10"},"74":{"G6":"10","F6":"10","97":"10","F5":"10","9H":"10","9W":"10","H6":"10","99":"10","HC":"10","P7":"10","CC":"10","QF":"10","J8":"10","C6":"10","G7":"10","R3":"10","C5":"10","M6":"10","9G":"10","PF":"10","J2":"10","H7":"10","96":"10","GC":"10","95":"10","8G":"10","9J":"10","F9":"10","W3":"10","FC":"10","J9":"10","X6":"10","X5":"10","8H":"10","J3":"10","8W":"10","W2":"10","CH":"10","C9":"10","G9":"10","V3":"10"},"HJ":{"W2":"10","V6":"10","Q2":"10","J2":"10","V5":"10","R6":"10","C2":"10","Q3":"10","XH":"10","M2":"10","H2":"10","X2":"10","V2":"10","P2":"10","G2":"10","R5":"10","R2":"10","R3":"10","F2":"10"},"QP":{"J4":"10","J3":"10","M4":"10","M3":"10"},"GX":{"JJ":"10"},"84":{"29":"10"},"MH":{"39":"10","FX":"10","97":"10","55":"10","GP":"10","6C":"10","98":"10","54":"10","9W":"10","75":"10","56":"10","52":"10","42":"10","9V":"10","5F":"10","HC":"10","4J":"10","77":"10","FV":"10","G7":"10","CV":"10","GQ":"10","CX":"10","CW":"10","8V":"10","2C":"10","93":"10","63":"10","2R":"10","H7":"10","2V":"10","29":"10","66":"10","83":"10","GR":"10","3V":"10","22":"10","85":"10","23":"10","GM":"10","H9":"10","65":"10","3W":"10","2X":"10","FW":"10","43":"10","GJ":"10","8W":"10","28":"10","76":"10","24":"10","53":"10","6F":"10"},"MG":{"2P":"10","X8":"10","X6":"10","2M":"10","9H":"10","X7":"10","QR":"10","6V":"10","2Q":"10","RR":"10","X5":"10"},"PP":{"CW":"10"},"C6":{"MJ":"10"},"JJ":{"MG":"10","MH":"10","R2":"10","58":"10","6G":"10","5C":"10","C4":"10","FM":"10","W6":"10","Q2":"10","5F":"10","HH":"10","47":"10","C5":"10","57":"10","H2":"10","5G":"10","37":"10","48":"10","4G":"10","GC":"10","95":"10","XJ":"10","59":"10","4F":"10","F9":"10","FC":"10","85":"10","X2":"10","84":"10","4C":"10","2H":"10","G9":"10","94":"10","V6":"10","38":"10"},"J4":{"5H":"10"},"VH":{"J8":"10","H8":"10"},"FX":{"P3":"10","M4":"10","P4":"10","M3":"10"},"JH":{"C7":"10","3Q":"10","XC":"10","XV":"10","JR":"10","F5":"10","JH":"10","C4":"10","MW":"10","2M":"10","PW":"10","QR":"10","4Q":"10","5Q":"10","5R":"10","2Q":"10","MC":"10","XQ":"10","QF":"10","PC":"10","RQ":"10","RF":"10","WH":"10","C6":"10","4P":"10","WJ":"10","VW":"10","8X":"10","GQ":"10","7X":"10","WV":"10","C5":"10","X9":"10","WR":"10","8V":"10","PF":"10","36":"10","WP":"10","VH":"10","88":"10","2P":"10","26":"10","FP":"10","96":"10","QQ":"10","37":"10","2J":"10","3P":"10","7V":"10","XJ":"10","GR":"10","CP":"10","XR":"10","JV":"10","HQ":"10","HV":"10","FQ":"10","MV":"10","RG":"10","PV":"10","XX":"10","X2":"10","WQ":"10","27":"10","87":"10","28":"10","RW":"10","2H":"10","QX":"10","VJ":"10","HR":"10","RR":"10","X4":"10"},"HG":{"CV":"3","J9":"10","6C":"10","53":"10","79":"10","2W":"10","23":"10","6Q":"10","CW":"3","MJ":"10","43":"10","36":"10","33":"10","7C":"10","74":"10","44":"10","9W":"3","QP":"10","CR":"3","76":"10","6G":"10","84":"10","QM":"10","X5":"10","XW":"10","XV":"10","4R":"10","MH":"10","V9":"10","MG":"10","66":"10","PP":"10","VP":"10","RP":"10","JJ":"10","2X":"10","8V":"3","6F":"10","99":"10","46":"10","95":"10","22":"10","32":"10","9V":"3|10","XC":"10","VC":"10","RM":"10","W9":"10","FW":"10","JQ":"10","67":"10","77":"10","54":"10","2M":"10","3R":"10","HQ":"10","PM":"10","94":"10","9R":"3","JC":"10","HP":"10","7G":"10","2J":"10","89":"10","W8":"10","X8":"10","X9":"10"},"46":{"8J":"10"},"22":{"HW":"10","HX":"10","7P":"10","JX":"10","8Q":"10","8P":"10","7Q":"10","FR":"10","FQ":"10"},"GH":{"Q3":"10","R7":"10","V8":"10","R8":"10","P8":"10","W5":"10","R9":"10","W3":"10","V7":"10","R5":"10","Q8":"10","Q7":"10","G2":"10","R4":"10","Q6":"10","X5":"10","W6":"10","H2":"10","X6":"10","V6":"10","V9":"10","R6":"10","W4":"10","XF":"10","V5":"10","RC":"10","J2":"10","P3":"10","X4":"10","V3":"10","XC":"10","VC":"10","WC":"10","W9":"10","M2":"10","X7":"10","M4":"10","VF":"10","Q4":"10","M3":"10","P4":"10","M8":"10","WF":"10","V2":"10","P7":"10","W7":"10","V4":"10","X9":"10","X8":"10"},"JG":{"3G":"10","2G":"10","2W":"10","2H":"10","3H":"10","4J":"10","8R":"10","8Q":"10","3F":"10","2V":"10","4H":"10","2F":"10","3V":"10","CR":"10","WX":"10","9Q":"10","9R":"10","3W":"10"},"GF":{"XX":"3","HX":"10","HV":"10","VV":"3|5","MV":"3|10","QW":"10","JV":"10","PW":"3|10","WV":"3|5","MW":"3","GX":"10","MX":"10","PV":"3","VX":"10","RV":"10","RW":"10","HW":"10","WX":"10","WW":"10|3|5","VW":"10|5","GW":"10"},"JQ":{"Q3":"10","Q2":"10","P3":"10","P2":"10","Q4":"10","J5":"10","Q5":"10"},"JM":{"Q6":"10","M4":"10","R6":"10"},"RV":{"V9":"10","X9":"10","XC":"10","X8":"10"},"MM":{"PW":"10","QW":"10"},"HH":{"F5":"10","PH":"10","8C":"10","C7":"10","JX":"10","PM":"10","9R":"10","CR":"10","FQ":"10","H8":"10","9X":"10","5F":"10","Q7":"10","RG":"10","PF":"10","J7":"10","P6":"10","QJ":"10","6J":"10","JF":"10","J8":"10","44":"10","H5":"10","8J":"10","RV":"10","QG":"10","HF":"10","WV":"10","FH":"10","CF":"10","V8":"10","FF":"10","R5":"10","H4":"10","8F":"10","97":"10","Q4":"10","4F":"10","XP":"10","R4":"10","HP":"10","58":"10","FX":"10","HQ":"10","M8":"10","MX":"10","66":"10","QF":"10","JV":"10","26":"10","P5":"10","GR":"10","27":"10","9J":"10","MQ":"10","7P":"10","GC":"10","VP":"10","RH":"10","HH":"10","6G":"10","7F":"10","P8":"10","64":"10","9Q":"10","7J":"10","FJ":"10","C8":"10","M5":"10","VH":"10","VJ":"10","9H":"10","MM":"10","WX":"10","HJ":"10","GH":"10","C9":"10","MW":"10","GG":"10","59":"10","38":"10","PR":"10","8Q":"10","F4":"10","QW":"10","PC":"10","MP":"10","7C":"10","GV":"10","35":"10","PP":"10","2F":"10","JC":"10","3C":"10","PX":"10","M6":"10","36":"10","JM":"10","HM":"10","F8":"10","98":"10","FP":"10","9C":"10","H9":"10","CQ":"10","CJ":"10","5C":"10","92":"10","G3":"10","HR":"10","8P":"10","9V":"10","7R":"10","9P":"10","G6":"10","MV":"10","47":"10","MR":"10","34":"10","RC":"10","24":"10","X8":"10","HC":"10","HX":"10","54":"10","Q8":"10","JJ":"10","CX":"10","48":"10","PV":"10","99":"10","FM":"10","CG":"10","49":"10","HG":"10","RX":"10","77":"10","J5":"10","MC":"10","CH":"10","VW":"10","Q9":"10","7G":"10","RP":"10","J6":"10","P7":"10","37":"10","RM":"10","CC":"10","39":"10","GM":"10","V9":"10","8H":"10","PJ":"10","8G":"10","75":"10","GX":"10","9M":"10","23":"10","WP":"10","25":"10","QQ":"10","P9":"10","QM":"10","FG":"10","QV":"10","CP":"10","6H":"10","9F":"10","6F":"10","8V":"10","28":"10","HW":"10","Q3":"10","G4":"10","QH":"10","JH":"10","GP":"10","CV":"10","8W":"10","F3":"10","GQ":"10","J9":"10","FR":"10","X4":"10","GJ":"10","3F":"10","29":"10","XX":"10","JW":"10","VR":"10","68":"10","VM":"10","JQ":"10","22":"10","H6":"10","H3":"10","7Q":"10","QR":"10","69":"10","4C":"10","JP":"10","HV":"10","9G":"10","RJ":"10","GW":"10","7M":"10","FV":"10","RR":"10","QC":"10","M9":"10","VG":"10","PQ":"10","M7":"10","CM":"10","56":"10","FC":"10","57":"10","C6":"10","G5":"10","VC":"10","GF":"10","MJ":"10","8R":"10","8M":"10","H7":"10","XM":"10","F6":"10","JR":"10","45":"10","33":"10","X7":"10","MH":"10","65":"10","WW":"10","R9":"10","43":"10","G7":"10","9W":"10","QX":"10","QP":"10","F9":"10","2C":"10","F7":"10","G9":"10","6C":"10","VV":"10","WM":"10","MG":"10","VX":"10","46":"10","FW":"10","79":"10","PW":"10","76":"10","JG":"10","78":"10","RQ":"10","X5":"10","7H":"10","PG":"10","G8":"10","J4":"10","88":"10","CW":"10","89":"10","MF":"10","V7":"10","55":"10","RW":"10","67":"10"},"PJ":{"R3":"10"},"PH":{"P8":"10","P9":"10"},"F9":{"VC":"10","MJ":"10","WH":"10","MH":"10","VH":"10","RJ":"10","9J":"10","WG":"10","VJ":"10","VF":"10","WF":"10"},"MR":{"R9":"10"},"VG":{"7M":"10","8M":"10"},"PG":{"45":"10","25":"10","35":"10","46":"10","5C":"10","2X":"10","XR":"10","36":"10","26":"10","5F":"10","3C":"10","47":"10"},"VV":{"2C":"10","29":"10"},"RG":{"PH":"10","PG":"10"}},"GC":{"PJ":{"22":"10"},"2W":{"XW":"10","HX":"10","Q7":"10","6R":"10","C7":"10","QW":"10","6G":"10","9C":"10","54":"10","5M":"10","7R":"10","5Q":"10","5R":"10","9V":"10","3G":"10","P7":"10","CC":"10","HM":"10","C6":"10","QV":"10","CV":"10","GQ":"10","JW":"10","8V":"10","2C":"10","PX":"10","9F":"10","4G":"10","HW":"10","8R":"10","7V":"10","XJ":"10","RV":"10","GR":"10","PJ":"10","JV":"10","HQ":"10","7F":"10","HV":"10","FC":"10","PH":"10","FF":"10","5P":"10","PV":"10","XX":"10","8C":"10","Q6":"10","VF":"10","7G":"10","MX":"10","RW":"10","RX":"10","QX":"10","HJ":"10","2F":"10","HR":"10","JX":"10","6F":"10"},"Q2":{"HW":"10","HX":"10","GW":"10","GX":"10","FR":"10"},"3X":{"W2":"10","45":"10","35":"10"},"VP":{"9M":"10"},"VR":{"38":"10","39":"10","3F":"10","49":"10","2F":"10","69":"10","58":"10","59":"10","48":"10","47":"10"},"2V":{"P7":"10","P6":"10","M7":"10","92":"10","F3":"10","J8":"10","V9":"10","J7":"10","Q6":"10","M8":"10","VC":"10","J6":"10","M9":"10","M5":"10","J9":"10"},"2X":{"Q2":"10","P2":"10","R2":"10","J2":"10","M2":"10","H2":"10"},"PH":{"4R":"10","2W":"10","7M":"10","4Q":"10","4P":"10","3P":"10","7Q":"10","7P":"10","5P":"10","6Q":"10","2V":"10","5Q":"10","6P":"10","3V":"10","8P":"10","4V":"10"},"3W":{"7W":"10","HV":"10","2W":"10","C9":"10","GV":"10","8W":"10","QQ":"10","9X":"10","8X":"10","F9":"10","QR":"10","2X":"10","2Q":"10","2R":"10","9W":"10"}},"5Q":{"XQ":{"96":"10","F2":"10"},"3G":{"WX":"10"},"CW":{"38":"10","39":"10","49":"10","4C":"10","37":"10","5C":"10","28":"10","5F":"10","9R":"10"},"7X":{"74":"10","63":"10","84":"10","73":"10","64":"10","83":"10","75":"10","72":"10","85":"10"},"GR":{"C4":"10","F4":"10"},"2R":{"J2":"10","H2":"10"},"2Q":{"MX":"10","JW":"10","JX":"10","MW":"10"},"HC":{"95":"10"},"JJ":{"HQ":"10","GQ":"10","HM":"10","HP":"10","HJ":"10"},"9W":{"VF":"10","WF":"10","W5":"10","X8":"10","W4":"10","R4":"10","VC":"10","V4":"10","X5":"10","WC":"10","R3":"10"}},"6Q":{"P9":{"Q3":"10","G9":"10","X3":"10","P8":"10","G8":"10","W3":"10","P9":"10","R3":"10","F9":"10","V2":"10","G5":"10","X4":"10","W4":"10"},"XP":{"GG":"10","GH":"10","GJ":"10"},"PJ":{"MV":"10","JV":"10"},"HM":{"R8":"10","R9":"10","Q8":"10","VF":"10"},"7M":{"V4":"10"},"PW":{"QV":"10"},"MQ":{"H4":"10"},"PG":{"37":"10","74":"10","85":"10","26":"10","36":"10","93":"10"},"RP":{"W2":"10","V2":"10"},"HJ":{"R5":"10"},"3P":{"P3":"10","M4":"10","P4":"10","M3":"10"},"HG":{"2P":"10","2Q":"10"},"CJ":{"C6":"10","9G":"10","CG":"10","F7":"10","9H":"10","6F":"10","CH":"10","C8":"10","89":"10","C7":"10"},"GC":{"3V":"10","4V":"10","4W":"10"},"XH":{"9F":"10","55":"10","68":"10","54":"10","H7":"10","67":"10","97":"10","56":"10","CF":"10","C7":"10","66":"10"},"RG":{"JV":"10","HV":"10","MR":"10"},"P8":{"VX":"10"},"RM":{"VX":"10"},"3J":{"PR":"10"},"F4":{"VM":"10"},"X2":{"M4":"10"},"5Q":{"J9":"10","MC":"10","JG":"10"},"7R":{"8R":"10","7Q":"10","6Q":"10"},"VJ":{"6C":"10"},"MR":{"4X":"10","5W":"10","3X":"10","5V":"10"},"9J":{"WH":"10","WJ":"10","VH":"10","VJ":"10"},"GW":{"GH":"10","MH":"10","CJ":"10"},"MG":{"V6":"10"}},"4G":{"8W":{"VP":"10","RP":"10"},"FJ":{"5G":"10","5H":"10"},"W3":{"56":"10","2C":"10","57":"10"},"V3":{"X4":"10","W4":"10","V4":"10"}},"2Q":{"WJ":{"GV":"10","9P":"10","9M":"10","HV":"10","GX":"10","GR":"10","CQ":"10","FX":"10","CP":"10","HP":"10","HR":"10","FQ":"10"},"GC":{"78":"10","77":"10"},"WM":{"4P":"10","5J":"10","5M":"10","4J":"10","3P":"10","2M":"10","3J":"10","4M":"10","G2":"10","F2":"10","3M":"10"}},"6H":{"X9":{"2X":"10"},"7M":{"3M":"10","4M":"10"},"MQ":{"MF":"10"},"V5":{"9V":"10","8V":"10"},"8V":{"X9":"10","XC":"10","WM":"10"},"PR":{"V2":"10"},"9V":{"2G":"10","3Q":"10","4Q":"10","2C":"10","29":"10","4P":"10"},"F7":{"68":"10","59":"10"},"MX":{"H7":"10"},"RV":{"68":"10","57":"10","67":"10","58":"10"},"PQ":{"RW":"10","VX":"10","QV":"10"},"J6":{"V6":"10","Q5":"10"},"WH":{"8C":"10","9F":"10","89":"10"},"JF":{"P6":"10","M6":"10"},"C7":{"WC":"10"}},"77":{"W3":{"3R":"10","3Q":"10","2P":"10","2R":"10","2Q":"10","3P":"10","4V":"10"}},"7V":{"9R":{"CG":"10","CH":"10"},"25":{"7F":"10","84":"10","76":"10","4F":"10","55":"10","49":"10","4C":"10","65":"10","5C":"10","2F":"10","75":"10","27":"10","8F":"10","28":"10","66":"10"},"C4":{"5R":"10","7J":"10","8J":"10","8H":"10","7P":"10","6Q":"10","6P":"10","7X":"10"},"XW":{"GG":"10","P6":"10","FG":"10","GF":"10","GC":"10"},"GV":{"7J":"10"},"R3":{"W3":"10","V2":"10","V3":"10"},"QP":{"63":"10","23":"10","33":"10","34":"10","24":"10"},"GM":{"GR":"10","CQ":"10","FR":"10","FQ":"10"},"5R":{"9Q":"10","6P":"10","7J":"10","79":"10","C8":"10","6J":"10","HC":"10","CM":"10","9H":"10","7P":"10","9P":"10","98":"10","FQ":"10","FJ":"10","8M":"10","FM":"10","49":"10","4C":"10","3C":"10","99":"10","9J":"10","GH":"10","4F":"10","39":"10","8C":"10","9M":"10","GJ":"10","GQ":"10","JC":"10","GM":"10","7G":"10","89":"10","8P":"10"},"R4":{"M4":"10","M5":"10","M3":"10"},"6C":{"RG":"10","QM":"10","RF":"10","QG":"10"}},"7Q":{"XG":{"2H":"10","3H":"10","FP":"10","5J":"10","4J":"10","5H":"10","CP":"10","3J":"10","6H":"10","4H":"10","5G":"10","6J":"10"},"2H":{"3C":"10"},"QH":{"X3":"10","W3":"10","W2":"10","X2":"10"},"92":{"Q8":"10","Q7":"10"},"44":{"F9":"10","F8":"10"},"Q6":{"79":"10","CC":"10","CG":"10","99":"10","68":"10","98":"10","FG":"10","44":"10","49":"10","F4":"10","CF":"10"},"28":{"56":"10","66":"10"},"4J":{"HQ":"10","JR":"10"},"JM":{"G6":"10","H6":"10"},"C9":{"JV":"10","GX":"10","FX":"10"},"9M":{"37":"10","Q4":"10"},"CC":{"J2":"10","G3":"10"},"VV":{"HQ":"10","GQ":"10","CF":"10","HC":"10","GC":"10"},"J8":{"FJ":"10","FM":"10","GG":"10","FG":"10","CG":"10","GJ":"10"},"63":{"W3":"10","X5":"10","X4":"10","W4":"10"},"FG":{"JP":"10","MP":"10","HM":"10","MM":"10","HP":"10","JM":"10"},"VR":{"GW":"10","GV":"10"},"RG":{"7J":"10","6J":"10"}},"7R":{"QX":{"2G":"10","2H":"10"},"9G":{"8J":"10","FP":"10","CH":"10","FQ":"10"},"H4":{"28":"10","27":"10","34":"10"},"5J":{"2V":"10"},"3R":{"C8":"10","C7":"10"},"5M":{"86":"10","76":"10"},"4J":{"MH":"10","7F":"10","PJ":"10","MV":"10","QW":"10","PR":"10","VR":"10","MJ":"10","QQ":"10","PV":"10","9H":"10","8J":"10","8H":"10","9M":"10","RV":"10","QR":"10","PQ":"10","QV":"10","RR":"10","8F":"10","RW":"10","MR":"10","9J":"10","PX":"10","PP":"10"},"C2":{"R5":"10","R4":"10"},"Q3":{"25":"10","26":"10"},"4M":{"H5":"10","J6":"10","H6":"10","J5":"10"},"G4":{"R7":"10","W7":"10","X8":"10","W8":"10","R8":"10","R4":"10","V9":"10","V7":"10","X4":"10","X7":"10","Q6":"10","W6":"10","Q7":"10","H6":"10","V8":"10","M4":"10"},"P3":{"V6":"10","W5":"10","V5":"10","Q3":"10","R4":"10","P5":"10","V7":"10","W6":"10","P3":"10","M5":"10"},"VM":{"8G":"10"},"PX":{"XG":"10","XQ":"10","WJ":"10","VQ":"10","RJ":"10","VP":"10","VM":"10","WM":"10"}},"P6":{"7H":{"45":"10"}},"P2":{"M7":{"XQ":"10"},"G7":{"87":"10"}},"84":{"J7":{"2P":"10","9G":"10","5J":"10","3R":"10","5M":"10","4J":"10","3P":"10","2M":"10","9H":"10","3J":"10","3Q":"10","4H":"10","2Q":"10","2R":"10","6M":"10","3M":"10","6J":"10"},"H7":{"XJ":"10","XM":"10","XP":"10"}},"Q8":{"H4":{"C4":"10"},"P3":{"W4":"10"},"J5":{"3M":"10"}},"6W":{"R7":{"HW":"10","HX":"10","JV":"10","HV":"10","JX":"10"},"GM":{"2G":"10","3F":"10","2H":"10"},"FM":{"XG":"10","XH":"10"},"W4":{"2G":"10","CG":"10","CF":"10"},"62":{"2V":"10"},"F4":{"P2":"10","M2":"10","M3":"10"},"P3":{"68":"10"},"V4":{"XG":"10"},"52":{"XW":"10","WW":"10"},"MF":{"G2":"10"}},"8M":{"7W":{"F5":"10","F4":"10"},"CP":{"VV":"10","VR":"10"}},"4F":{"MX":{"P6":"10","H3":"10","J2":"10","M3":"10","R4":"10","M2":"10","P4":"10","W6":"10","P3":"10","R5":"10","Q4":"10"},"5X":{"96":"10"},"MH":{"2R":"10","2V":"10"},"JX":{"V4":"10"},"MW":{"JW":"10","HW":"10","HX":"10","JV":"10","JX":"10"}},"9X":{"3G":{"XW":"10","XV":"10"},"45":{"83":"10","25":"10","52":"10","23":"10","26":"10","35":"10","32":"10","42":"10","34":"10","24":"10"},"35":{"X3":"10","X5":"10","X4":"10","V6":"10","M2":"10","X6":"10","M5":"10"},"4G":{"3X":"10","3V":"10","2V":"10"},"3H":{"RQ":"10","RR":"10"},"5J":{"FR":"10"},"3R":{"9C":"10","G9":"10","G8":"10","MF":"7","HF":"10","MH":"10","JH":"10","JG":"10","H9":"10","99":"10"},"5M":{"GJ":"10"},"44":{"6W":"10","3X":"10","6R":"10"},"5H":{"HQ":"10","MP":"10","MM":"10","HP":"10","8Q":"10"},"5C":{"26":"10","27":"10"},"4H":{"RQ":"10","32":"10"},"34":{"QV":"10"},"4V":{"7H":"10","CG":"10","8H":"10"}},"3Q":{"XG":{"J5":"10"},"5Q":{"MH":"10","HG":"10","MG":"10"},"7Q":{"G6":"10","F7":"10","G7":"10"}},"5R":{"6X":{"HF":"10","GC":"10","HC":"10","QX":"10","44":"10","RF":"10","J3":"10","FQ":"10","W6":"10","HM":"10","MH":"10","MG":"10","PW":"10","XF":"10","JJ":"10","QF":"10","JH":"10","XC":"10","PX":"10","GH":"10","QW":"10","JG":"10","GF":"10","C9":"10","HH":"10","FP":"10","GJ":"10","RG":"10","WF":"10"},"G8":{"23":"10","33":"10","73":"10","32":"10","72":"10","42":"10","62":"10"},"8F":{"Q4":"10","R4":"10"},"HF":{"Q3":"10","J4":"10","V3":"10"},"7X":{"26":"10"},"F7":{"VQ":"10","XW":"10","VP":"10","WQ":"10","WP":"10"},"5C":{"WF":"10"},"6C":{"FW":"10","GW":"10","9F":"10","GV":"10","9G":"10","7W":"10","7M":"10","7J":"10","6J":"10","FV":"10"},"G7":{"4X":"10","3X":"10","3W":"10","2X":"10","4V":"10","2W":"10","4W":"10"},"XF":{"3F":"10","2F":"10","3C":"10","2C":"10","4F":"10","4C":"10"},"R6":{"FF":"10","9F":"10","95":"10","98":"10","94":"10","F9":"10","C8":"10","6C":"10","CF":"10","FC":"10","93":"10","9C":"10"},"H2":{"H5":"10","98":"10","88":"10","M4":"10","G5":"10","95":"10","99":"10","75":"10","89":"10"}},"3W":{"FX":{"PR":"10","MV":"10","PQ":"10","MW":"10"},"VV":{"84":"10","52":"10","74":"10","75":"10","42":"10"},"J5":{"F7":"10","C7":"10"},"9V":{"74":"10","75":"10"},"VR":{"4X":"10"},"GF":{"FC":"10","CC":"10"},"Q8":{"67":"10"},"7Q":{"44":"10","35":"10","34":"10"},"6F":{"RG":"10","RF":"10"},"CH":{"CJ":"10","9J":"10"},"WR":{"4M":"10"},"8P":{"54":"10","64":"10"}},"R3":{"QX":{"X9":"10","X8":"10","W9":"10","W7":"10","W8":"10"},"2P":{"FQ":"10"},"WJ":{"94":"10","83":"10","82":"10","93":"10"},"C9":{"5J":"10"},"QW":{"VV":"10"},"VP":{"2W":"10"},"PR":{"66":"10","59":"10","Q7":"10","58":"10"},"2M":{"5X":"10","7P":"10","7M":"10"},"RV":{"CV":"10","F8":"10","79":"10","C8":"10","56":"10","8X":"10","7X":"10","42":"10","33":"10","F7":"10","CR":"10","88":"10","34":"10","8W":"10","FF":"10","59":"10","32":"10","GF":"10","8C":"10","F9":"10","FR":"10","FV":"10","78":"10","58":"10","24":"10","7W":"10","89":"10"},"QR":{"VR":"10","VQ":"10","RQ":"10","RV":"10","PQ":"10","RR":"10","RW":"10","PP":"10"},"QV":{"QC":"10","Q9":"10","X7":"10"},"RR":{"FQ":"10","CQ":"10","7M":"10","3X":"10","5M":"10","8R":"10","8Q":"10","4X":"10","7Q":"10","7P":"10","5P":"10","6Q":"10","7R":"10","FR":"10","CR":"10","9P":"10","CW":"10","8P":"10","9Q":"10","6R":"10"},"FC":{"P8":"10"},"RW":{"C4":"10","96":"10","8C":"10","7M":"10","6M":"10","7C":"10","7J":"10","6J":"10"}},"8R":{"8V":{"GP":"10","HM":"10","FQ":"10"},"9V":{"HR":"10","FR":"10","FQ":"10"},"F3":{"5F":"10","4J":"10","3J":"10","2J":"10","5J":"10","3M":"10","3H":"10","4F":"10","2M":"10","4M":"10","5M":"10","4P":"10"},"QH":{"QX":"10","QW":"10","PW":"10","MW":"10","VQ":"10","VX":"10","RQ":"10","RX":"10","QR":"10","RR":"10","RW":"10","WX":"10","WW":"10","XW":"10","PX":"10","VW":"10"},"G3":{"PV":"10","PR":"10","MV":"10","MR":"10","MW":"10"},"7J":{"GJ":"10","5W":"10","3X":"10","4Q":"10","4P":"10","5R":"10","4J":"10","HJ":"10","4X":"10","GP":"10","HH":"10","6Q":"10","5Q":"10","3W":"10"},"RJ":{"26":"10"},"RF":{"VR":"10"},"C3":{"XH":"10"},"QJ":{"Q2":"10","W3":"10","W5":"10","W2":"10","V2":"10","R2":"10","W4":"10","X6":"10","V4":"10","V3":"10"},"MF":{"9C":"10","8C":"10","7C":"10"}},"F9":{"5F":{"4H":"10","3G":"10","4G":"10"},"4F":{"M7":"10"}},"4V":{"QF":{"56":"10"},"63":{"3F":"10","5F":"10","4G":"10","4F":"10","5C":"10"},"P6":{"9J":"10"},"XV":{"P9":"10","PJ":"10","MC":"10","Q9":"10","MM":"10","M3":"10","JC":"10","J8":"10","J3":"10","GH":"10","M9":"10","HC":"10","H9":"10","J9":"10"},"45":{"XH":"10","WH":"10","VH":"10","VJ":"10"},"6P":{"FW":"10","CW":"10","CV":"10"},"QR":{"89":"10","C9":"10"},"QP":{"6X":"10"},"87":{"5Q":"10","5P":"10"},"4F":{"PX":"10"},"2H":{"MH":"10","PH":"10"},"PF":{"X4":"10"},"5C":{"M9":"10"},"GC":{"3M":"10","3P":"10","4P":"10"},"62":{"J7":"10"}},"9C":{"C3":{"42":"10"}},"8P":{"MX":{"HQ":"10","HR":"10"},"P8":{"HW":"10","FW":"10","GW":"10","GV":"10","FV":"10"},"6Q":{"HJ":"10"},"PR":{"4G":"10"},"QX":{"JW":"10","HX":"10","PX":"10","QX":"10","JX":"10"},"VX":{"VC":"10","X9":"10","X8":"10","X7":"10","W9":"10"},"7P":{"6X":"10","6W":"10","5X":"10","5W":"10","6V":"10"},"7F":{"WW":"10","WX":"10","XX":"10"},"8J":{"R7":"10","R8":"10","XG":"10","F5":"10","P8":"10","Q8":"10","RF":"10","Q7":"10","QM":"10","GP":"10","P9":"10","MH":"10","M9":"10","XF":"10","QF":"10","QJ":"10","PJ":"10","VF":"10","VG":"10","GR":"10","M8":"10","J5":"10","P6":"10","P5":"10","GQ":"10","W8":"10","X8":"10"},"GP":{"5X":"10"},"28":{"HQ":"10","MQ":"10","XW":"10","JQ":"10"},"4R":{"6H":"10","5J":"10","5H":"10","6J":"10"},"8F":{"2X":"10"},"85":{"J3":"10","M3":"10"},"FX":{"38":"10"},"XQ":{"4G":"10"},"69":{"CC":"10"},"9M":{"W5":"10","R5":"10","V5":"10","R6":"10","V4":"10","M3":"10"},"F9":{"5V":"10","5R":"10","4V":"10","4R":"10"},"7Q":{"52":"10","42":"10","43":"10"},"8H":{"4R":"10","4Q":"10","4P":"10","5R":"10","3R":"10","3P":"10","3Q":"10","5P":"10","6Q":"10","5Q":"10","6V":"10","5V":"10","6R":"10"},"7M":{"VV":"10","VR":"10"},"9R":{"HW":"10","57":"10","58":"10"},"89":{"G9":"10","H7":"10","F9":"10","G7":"10"}},"C9":{"FC":{"9C":"10","9F":"10"}},"97":{"WR":{"WQ":"10","2J":"10","2Q":"10","MW":"10","CP":"10","8F":"10","FP":"10","XV":"10","G9":"10","V7":"10","MG":"10","HR":"10","83":"10","99":"10","W9":"10","85":"10","H6":"10","94":"10","FJ":"10","XJ":"10","68":"10","CG":"10","9M":"10","VH":"10","QG":"10","G6":"10","9F":"10","VJ":"10","FR":"10","7G":"10","7P":"10","X2":"10","X4":"10","W7":"10","G5":"10","JH":"10","8J":"10","XC":"10","3H":"10","P5":"10","95":"10","V2":"10","5H":"10","VG":"10","RJ":"10","F7":"10","4G":"10","F8":"10","PM":"10","8Q":"10","R5":"10","FH":"10","8G":"10","XH":"10","VC":"10","J3":"10","FV":"10","V6":"10","3J":"10","RH":"10","Q6":"10","C6":"10","X9":"10","WF":"10","QR":"10","2H":"10","V3":"10","GC":"10","3M":"10","GJ":"10","PP":"10","9G":"10","FG":"10","J4":"10","9C":"10","CM":"10","C3":"10","W4":"10","JX":"10","WW":"10","C4":"10","VV":"10","WX":"10","4J":"10","R4":"10","4H":"10","72":"10","GV":"10","CC":"10","HH":"10","M4":"10","G4":"10","3P":"10","R2":"10","JC":"10","8C":"10","FM":"10","XG":"10","RF":"10","J9":"10","WC":"10","4M":"10","89":"10","Q4":"10","QP":"10","RP":"10","JF":"10","X3":"10","J8":"10","P3":"10","J7":"10","R6":"10","5C":"10","XP":"10","PV":"10","7M":"10","F9":"10","W2":"10","9J":"10","C7":"10","PJ":"10","82":"10","79":"10","P2":"10","V9":"10","77":"10","Q8":"10","WJ":"10","G3":"10","WP":"10","RV":"10","WM":"10","M3":"10","GH":"10","RG":"10","JP":"10","HM":"10","GM":"10","HJ":"10","VR":"10","JR":"10","PH":"10","R3":"10","5G":"10","MP":"10","8P":"10","9P":"10","VQ":"10","MJ":"10","M7":"10","R7":"10","WR":"10","67":"10","J5":"10","W8":"10","6G":"10","7J":"10","6J":"10","MC":"10","Q2":"10","R9":"10","VF":"10","C5":"10","RW":"10","7F":"10","F2":"10","JG":"10","XQ":"10","QC":"10","76":"10","MH":"10","H8":"10","F6":"10","HG":"10","F4":"10","JM":"10","6C":"10","M9":"10","JJ":"10","WG":"10","GF":"10","9Q":"10","QF":"10","W5":"10","CF":"10","PX":"10","2P":"10","PW":"10","XX":"10","P4":"10","MQ":"10","VW":"10","93":"10","86":"10","RC":"10","HV":"10","QJ":"10","V8":"10","MF":"10","7H":"10","JW":"10","H9":"10","CH":"10","59":"10","PQ":"10","CR":"10","P8":"10","78":"10","RR":"10","QX":"10","6F":"10","R8":"10","H5":"10","H7":"10","3G":"10","6M":"10","GR":"10","WH":"10","CJ":"10","HF":"10","QM":"10","GG":"10","X6":"10","JV":"10","FC":"10","M6":"10","QW":"10","X7":"10","P6":"10","C9":"10","Q7":"10","4P":"10","J6":"10","CQ":"10","PR":"10","69":"10","97":"10","92":"10","HQ":"10","9R":"10","73":"10","75":"10","VM":"10","P7":"10","66":"10","GQ":"10","VP":"10","XM":"10","QQ":"10","98":"10","G8":"10","C8":"10","HP":"10","QH":"10","F5":"10","M5":"10","WV":"10","VX":"10","Q3":"10","5J":"10","7C":"10","87":"10","5M":"10","M8":"10","PF":"10","M2":"10","RX":"10","J2":"10","96":"10","RQ":"10","Q5":"10","XF":"10","HX":"10","74":"10","QV":"10","JQ":"10","MR":"10","G7":"10","2M":"10","XR":"10","84":"10","P9":"10","Q9":"10","X5":"10","V4":"10","GP":"10","MM":"10","V5":"10","H4":"10","5F":"10","G2":"10","MV":"10","4F":"10","FF":"10","PC":"10","FQ":"10","H3":"10","8H":"10","W6":"10","9H":"10","XW":"10","C2":"10","HC":"10","W3":"10","RM":"10","2G":"10","MX":"10","8M":"10","PG":"10","H2":"10","HW":"10","6H":"10","F3":"10","X8":"10","88":"10"},"XQ":{"2P":"10","8V":"10","JR":"10","5G":"10","HH":"10","8J":"10","2M":"10","JQ":"10","JW":"10","9M":"10","GG":"10","5M":"10","FX":"10","7X":"10","3H":"10","QP":"10","RW":"10","5P":"10","CJ":"10","GQ":"10","FG":"10","6P":"10","2X":"10","3R":"10","3J":"10","8H":"10","JP":"10","8W":"10","FW":"10","RV":"10","9W":"10","7P":"10","6X":"10","QW":"10","4P":"10","6M":"10","QR":"10","QQ":"10","GW":"10","4W":"10","HW":"10","9H":"10","9P":"10","FQ":"10","FH":"10","5X":"10","7M":"10","8Q":"10","CP":"10","MV":"10","6G":"10","9R":"10","7J":"10","HQ":"10","3M":"10","HJ":"10","CQ":"10","2W":"10","8G":"10","FR":"10","3X":"10","HX":"10","5H":"10","CH":"10","CM":"10","5Q":"10","6Q":"10","JX":"10","2Q":"10","6H":"10","7V":"10","MH":"10","PX":"10","7Q":"10","7R":"10","6W":"10","8M":"10","JJ":"10","9X":"10","HG":"10","3Q":"10","PM":"10","MP":"10","5R":"10","JH":"10","MQ":"10","3W":"10","9F":"10","HV":"10","8R":"10","4V":"10","GJ":"10","8P":"10","MX":"10","9V":"10","FM":"10","JG":"10","JV":"10","7W":"10","GM":"10","FF":"10","PP":"10","8F":"10","4R":"10","2R":"10","9Q":"10","MR":"10","CW":"10","FV":"10","3V":"10","5J":"10","4X":"10","CV":"10","GP":"10","PQ":"10","PV":"10","PW":"10","2V":"10","GX":"10","FJ":"10","QX":"10","4J":"10","JM":"10","4Q":"10","GH":"10","CX":"10","PJ":"10","RX":"10","7G":"10","6J":"10","6V":"10","MJ":"10","9G":"10","CF":"10","QV":"10","6R":"10","PR":"10","9J":"10","4M":"10","2J":"10","FP":"10","7H":"10","HP":"10","CR":"10","GV":"10","5V":"10","GR":"10","5W":"10","3P":"10","8X":"10","4H":"10","HR":"10","MM":"10","HM":"10","CG":"10","MW":"10"},"H7":{"39":"10","HX":"10","FX":"10","G6":"10","F6":"10","97":"10","GP":"10","C7":"10","98":"10","FG":"10","JG":"10","HG":"10","JR":"10","9P":"10","F5":"10","JC":"10","H8":"10","JH":"10","J4":"10","4V":"10","8P":"10","5J":"10","5M":"10","4H":"10","C4":"10","F8":"10","7R":"10","6J":"10","JQ":"10","H6":"10","M5":"10","7C":"10","9M":"10","52":"10","6P":"10","9V":"10","J5":"10","7J":"10","CF":"10","H5":"10","CC":"10","C6":"10","J8":"10","4P":"10","G8":"10","8J":"10","7P":"10","6M":"10","HH":"10","G5":"10","G7":"10","CV":"10","CX":"10","3X":"10","JJ":"10","9X":"10","C5":"10","4W":"10","JW":"10","CG":"10","93":"10","63":"10","J7":"10","5H":"10","MP":"10","GG":"10","8M":"10","H7":"10","2P":"10","96":"10","GC":"10","GX":"10","MM":"10","HW":"10","8R":"10","95":"10","GR":"10","8Q":"10","FR":"10","CP":"10","4M":"10","JV":"10","9J":"10","25":"10","F9":"10","7F":"10","HV":"10","FC":"10","F7":"10","J9":"10","MR":"10","M4":"10","CM":"10","J6":"10","85":"10","FF":"10","5P":"10","8C":"10","8H":"10","H9":"10","MQ":"10","F4":"10","7G":"10","84":"10","7M":"10","JM":"10","3W":"10","CH":"10","GH":"10","C9":"10","C8":"10","24":"10","94":"10","9Q":"10","HR":"10","JF":"10","FH":"10","49":"10","M7":"10"},"GW":{"X2":"10"},"XW":{"XM":"10","XH":"10","RJ":"10","RH":"10","WF":"10"},"XV":{"V3":"10","P5":"10","F7":"10","Q4":"10","44":"10","P3":"10","H8":"10","67":"10","C4":"10","Q3":"10","M8":"10","66":"10","M2":"10","82":"10","M6":"10","56":"10","H2":"10","78":"10","G7":"10","F8":"10","68":"10","H3":"10","65":"10","Q2":"10","R5":"10","R4":"10","V2":"10","42":"10","C8":"10","H7":"10","C6":"10","89":"10","G2":"10","X2":"10","25":"10","H9":"10","69":"10","Q6":"10","G9":"10","36":"10","G3":"10","34":"10","88":"10","F2":"10","H5":"10","F6":"10","Q5":"10","75":"10","46":"10","27":"10","98":"10","62":"10","V4":"10","43":"10","P7":"10","48":"10","J5":"10","77":"10","F5":"10","P6":"10","W2":"10","64":"10","P2":"10","84":"10","P4":"10","G8":"10","J4":"10","74":"10","54":"10","R3":"10","X3":"10","F9":"10","M3":"10","73":"10","H6":"10","C9":"10","97":"10","24":"10","J3":"10","92":"10","53":"10","99":"10","C2":"10","W3":"10","93":"10","33":"10","94":"10","96":"10","G4":"10","85":"10","58":"10","95":"10","J7":"10","72":"10","35":"10","26":"10","79":"10","F3":"10","C7":"10","32":"10","23":"10","M7":"10","47":"10","87":"10","G6":"10","R2":"10","55":"10","45":"10","86":"10","J6":"10","63":"10","C3":"10","57":"10","C5":"10","J8":"10","M5":"10","F4":"10","G5":"10","83":"10","H4":"10","J2":"10","M4":"10","52":"10","37":"10","76":"10","22":"10"},"G5":{"84":"10","83":"10","63":"10","52":"10","74":"10","73":"10","72":"10","42":"10","62":"10"},"XR":{"WQ":"10","4Q":"10","2J":"10","2Q":"10","MW":"10","53":"10","CP":"10","3Q":"10","63":"10","2R":"10","47":"10","8F":"10","2F":"10","FP":"10","XV":"10","3R":"10","G9":"10","V7":"10","MG":"10","HR":"10","83":"10","99":"10","W9":"10","85":"10","H6":"10","94":"10","FJ":"10","XJ":"10","CX":"10","68":"10","CG":"10","9M":"10","FW":"10","VH":"10","QG":"10","36":"10","G6":"10","9F":"10","VJ":"10","38":"10","FR":"10","7G":"10","7P":"10","5Q":"10","G5":"10","JH":"10","58":"10","8J":"10","XC":"10","3H":"10","P5":"10","95":"10","5H":"10","VG":"10","RJ":"10","F7":"10","4G":"10","F8":"10","33":"10","24":"10","PM":"10","3X":"10","8Q":"10","R5":"10","FH":"10","56":"10","XH":"10","8G":"10","64":"10","VC":"10","J3":"10","FV":"10","V6":"10","3J":"10","RH":"10","Q6":"10","C6":"10","WF":"10","QR":"10","2H":"10","8W":"10","6W":"10","GC":"10","3M":"10","3F":"10","8V":"10","GJ":"10","PP":"10","9G":"10","FG":"10","J4":"10","9C":"10","CM":"10","C3":"10","28":"10","JX":"10","WW":"10","44":"10","C4":"10","VV":"10","WX":"10","4J":"10","R4":"10","5X":"10","4H":"10","GX":"10","72":"10","GV":"10","CC":"10","HH":"10","M4":"10","G4":"10","55":"10","3P":"10","9W":"10","32":"10","R2":"10","JC":"10","8C":"10","5V":"10","FM":"10","XG":"10","RF":"10","J9":"10","7X":"10","WC":"10","4M":"10","89":"10","9X":"10","Q4":"10","QP":"10","RP":"10","JF":"10","J8":"10","P3":"10","J7":"10","R6":"10","5C":"10","2W":"10","7R":"10","XP":"10","PV":"10","8X":"10","7M":"10","F9":"10","9J":"10","C7":"10","PJ":"10","46":"10","82":"10","79":"10","6P":"10","P2":"10","V9":"10","77":"10","Q8":"10","WJ":"10","G3":"10","WP":"10","RV":"10","WM":"10","M3":"10","8R":"10","GH":"10","RG":"10","JP":"10","HM":"10","GM":"10","HJ":"10","VR":"10","JR":"10","PH":"10","R3":"10","5G":"10","GW":"10","MP":"10","CV":"10","8P":"10","57":"10","9P":"10","52":"10","6Q":"10","9V":"10","VQ":"10","MJ":"10","M7":"10","R7":"10","WR":"10","4C":"10","67":"10","J5":"10","W8":"10","6G":"10","7J":"10","6J":"10","MC":"10","Q2":"10","R9":"10","54":"10","42":"10","VF":"10","C5":"10","RW":"10","22":"10","39":"10","7F":"10","F2":"10","XQ":"10","JG":"10","QC":"10","76":"10","MH":"10","H8":"10","F6":"10","HG":"10","F4":"10","JM":"10","6C":"10","M9":"10","JJ":"10","6X":"10","4R":"10","WG":"10","GF":"10","9Q":"10","QF":"10","CF":"10","PX":"10","2C":"10","2P":"10","PW":"10","XX":"10","P4":"10","MQ":"10","VW":"10","93":"10","86":"10","48":"10","RC":"10","HV":"10","QJ":"10","V8":"10","MF":"10","7H":"10","JW":"10","H9":"10","CH":"10","59":"10","PQ":"10","CR":"10","P8":"10","78":"10","RR":"10","QX":"10","6F":"10","R8":"10","H5":"10","H7":"10","3G":"10","6M":"10","GR":"10","WH":"10","CJ":"10","HF":"10","QM":"10","GG":"10","62":"10","JV":"10","3W":"10","FC":"10","M6":"10","QW":"10","P6":"10","C9":"10","Q7":"10","4P":"10","J6":"10","CQ":"10","PR":"10","69":"10","97":"10","92":"10","HQ":"10","49":"10","9R":"10","73":"10","4W":"10","75":"10","VM":"10","P7":"10","23":"10","66":"10","37":"10","GQ":"10","6R":"10","VP":"10","XM":"10","QQ":"10","98":"10","2V":"10","35":"10","G8":"10","5P":"10","C8":"10","HP":"10","2X":"10","QH":"10","F5":"10","M5":"10","7W":"10","WV":"10","VX":"10","Q3":"10","5J":"10","7C":"10","87":"10","5R":"10","5M":"10","M8":"10","PF":"10","M2":"10","6V":"10","FX":"10","RX":"10","J2":"10","3V":"10","96":"10","RQ":"10","4V":"10","7Q":"10","Q5":"10","XF":"10","HX":"10","74":"10","QV":"10","JQ":"10","MR":"10","26":"10","G7":"10","2M":"10","XR":"10","84":"10","P9":"10","Q9":"10","4X":"10","45":"10","7V":"10","CW":"10","GP":"10","MM":"10","34":"10","H4":"10","5F":"10","G2":"10","MV":"10","4F":"10","FF":"10","PC":"10","FQ":"10","H3":"10","29":"10","27":"10","8H":"10","9H":"10","XW":"10","C2":"10","5W":"10","65":"10","HC":"10","43":"10","25":"10","RM":"10","2G":"10","MX":"10","8M":"10","PG":"10","H2":"10","HW":"10","6H":"10","F3":"10","3C":"10","88":"10"},"VR":{"PV":"10","VQ":"10","QQ":"10","VM":"10","PR":"10","MP":"10","WJ":"10","XP":"10","XJ":"10","QP":"10","WR":"10","WQ":"10","PQ":"10","PP":"10","VP":"10","RP":"10","XM":"10","RQ":"10","MV":"10","XQ":"10","WM":"10","JQ":"10","WP":"10","MR":"10","JR":"10","MQ":"10","XH":"10","VR":"10","RR":"10","QR":"10"},"F2":{"WW":"10","RV":"10","WX":"10","XX":"10","WV":"10"},"WQ":{"XW":"10","HX":"10","FX":"10","VX":"10","XV":"10","QW":"10","VR":"10","MW":"10","XM":"10","QR":"10","PW":"10","XQ":"10","WM":"10","RQ":"10","QV":"10","VW":"10","8X":"10","CX":"10","9X":"10","RP":"10","WV":"10","XP":"10","JW":"10","CW":"10","WR":"10","VM":"10","PX":"10","WP":"10","QQ":"10","GX":"10","HW":"10","RV":"10","XJ":"10","WX":"10","GV":"10","XR":"10","JV":"10","GW":"10","HV":"10","MV":"10","VP":"10","MR":"10","VQ":"10","PR":"10","VV":"10","PV":"10","XX":"10","WQ":"10","MX":"10","FW":"10","RW":"10","WW":"10","RX":"10","QX":"10","JX":"10","RR":"10"},"H6":{"4X":"10","5X":"10","F7":"10","G7":"10","4W":"10"},"WV":{"W2":"10","Q2":"10","J2":"10","V3":"10","W5":"10","V5":"10","Q3":"10","M3":"10","W4":"10","X6":"10","R4":"10","J3":"10","X3":"10","X4":"10","M2":"10","H2":"10","P4":"10","X2":"10","V2":"10","P3":"10","P2":"10","V4":"10","W3":"10","X5":"10","R2":"10","R3":"10","Q4":"10","M4":"10"},"H8":{"F3":"10","92":"10","C3":"10","G2":"10","H2":"10","C2":"10"},"G4":{"6X":"10","4X":"10","5X":"10","3X":"10","3W":"10","3V":"10","2R":"10","2V":"10","2W":"10","4W":"10"},"93":{"77":"10"},"89":{"84":"10"},"G7":{"XP":"10","VP":"10","MP":"10","QP":"10","XM":"10","JJ":"10","JP":"10","WM":"10","JM":"10","HP":"10","WP":"10","PP":"10"},"F4":{"XV":"10","XR":"10"}},"9V":{"7F":{"H5":"10","J6":"10","G5":"10","H6":"10"},"6P":{"3C":"10","PG":"10","QG":"10"},"65":{"WG":"10","VF":"10","XC":"10","WF":"10","VP":"10","VQ":"10","XF":"10","WQ":"10","VC":"10","XJ":"10","WM":"10","VM":"10","WR":"10","VJ":"10","WC":"10","WP":"10"},"4M":{"3R":"10","2Q":"10"},"75":{"3F":"10","2F":"10","2C":"10","3G":"10"},"6J":{"4V":"10"}},"FM":{"28":{"4H":"10","5H":"10"}},"24":{"55":{"2P":"10","3J":"10","3M":"10","2M":"10","4M":"10"},"CJ":{"Q3":"10","P3":"10","Q4":"10"},"45":{"XM":"10","VV":"10","VQ":"10","RR":"10","VP":"10","XP":"10","RV":"10","VR":"10","WQ":"10","WM":"10","WP":"10"}},"92":{"88":{"28":"10","22":"10","23":"10","33":"10","32":"10","42":"10","34":"10"},"78":{"X4":"10","X8":"10"},"77":{"XX":"10","W7":"10","X8":"10","W8":"10","V7":"10","X7":"10","XW":"10"},"87":{"2W":"10","5W":"10","3X":"10","4X":"10","4W":"10","7Q":"10","2V":"10","7R":"10","2X":"10","6V":"10","3W":"10","6R":"10"}},"7W":{"V6":{"FC":"10","CC":"10","99":"10","89":"10"},"M6":{"X9":"10","XC":"10","WC":"10"},"P6":{"JP":"10","MH":"10","JG":"10","JR":"10","6G":"10","JC":"10","9C":"10","JH":"10","8P":"10","GF":"10","JQ":"10","7C":"10","89":"10","99":"10","HC":"10","7J":"10","CF":"10","CC":"10","MC":"10","PC":"10","J8":"10","MJ":"10","3M":"10","8J":"10","6H":"10","HH":"10","G7":"10","7H":"10","JJ":"10","78":"10","WR":"10","2C":"10","67":"10","GG":"10","8M":"10","9F":"10","29":"10","GC":"10","RV":"10","8G":"10","HQ":"10","RC":"10","FC":"10","F7":"10","8C":"10","8H":"10","7G":"10","7M":"10","JM":"10","GH":"10","HR":"10","JF":"10"},"HG":{"CX":"10","FV":"10","2P":"10","FX":"10","7V":"10","GV":"10","8V":"10","9V":"10","3P":"10","GQ":"10","2M":"10","9X":"10","8X":"10","FR":"10","HR":"10","CV":"10","7X":"10","6X":"10","3M":"10","GW":"10"},"C2":{"VG":"10","VH":"10"},"G3":{"P6":"10","R5":"10","V5":"10","R4":"10","V4":"10"},"37":{"M7":"10","J9":"10","M9":"10","M8":"10"},"HH":{"84":"10","C2":"10","46":"10","62":"10","56":"10","72":"10","F2":"10","66":"10"},"GG":{"XM":"10","XP":"10"},"VM":{"8F":"10"},"VH":{"3M":"10"},"JW":{"9P":"10","8P":"10"},"PP":{"WH":"10"}},"93":{"6X":{"XG":"10"},"5Q":{"6R":"10","7R":"10"},"7X":{"2G":"10","2H":"10"},"5R":{"93":"10"}},"94":{"F6":{"9V":"10","7Q":"10","6Q":"10"}},"96":{"PG":{"GF":"10"}},"8F":{"59":{"76":"10","77":"10"}},"4R":{"CX":{"39":"10"},"P3":{"Q9":"10","P9":"10","JC":"10","MC":"10","M9":"10"},"9X":{"VG":"10","WH":"10","WG":"10","VF":"10","WF":"10"},"92":{"6W":"10","5W":"10","6V":"10"},"WG":{"94":"10","93":"10"},"87":{"6J":"10"},"V4":{"H5":"10","H4":"10","J4":"10","J5":"10"},"WF":{"6R":"10","6V":"10"}},"2R":{"RW":{"8W":"10","47":"10","48":"10","9W":"10"},"RV":{"4X":"10"},"FX":{"PR":"10","MR":"10","QV":"10"},"QV":{"HF":"10","FC":"10","HC":"10"},"PM":{"9C":"10","97":"10","98":"10","8C":"10"}},"9Q":{"G6":{"X9":"10","X8":"10"},"GP":{"5W":"10","3Q":"10","3H":"10","54":"10","5M":"10","5J":"10","8P":"10","2G":"10","4H":"10","5C":"10","5V":"10","6J":"10","2M":"10","4Q":"10","42":"10","2Q":"10","5F":"10","3G":"10","7J":"10","4J":"10","4P":"10","3M":"10","6H":"10","6M":"10","7X":"10","3C":"10","5H":"10","8M":"10","5G":"10","2P":"10","64":"10","37":"10","2J":"10","3P":"10","4G":"10","34":"10","35":"10","59":"10","4M":"10","3J":"10","4F":"10","45":"10","44":"10","3F":"10","65":"10","7M":"10","4C":"10","2H":"10","2F":"10","49":"10"},"5W":{"6X":"10","7W":"10","6R":"10"},"3Q":{"84":"10","83":"10","52":"10","74":"10","73":"10"},"9P":{"6W":"10","MQ":"10","63":"10","54":"10","7W":"10","PQ":"10"},"C4":{"FW":"10","HX":"10","CW":"10"},"2M":{"GM":"10","HM":"10","GJ":"10"},"6W":{"FM":"10"},"H6":{"28":"10","29":"10"},"75":{"V6":"10","WG":"10","W7":"10","WF":"10","XH":"10","V7":"10","XF":"10","XG":"10","V2":"10","X5":"10","R2":"10","WC":"10","R3":"10"},"9M":{"6X":"10","6W":"10","5W":"10"},"FM":{"CV":"10","PV":"10","6C":"10","5X":"10","9H":"10","JV":"10","CW":"10","VM":"3","8X":"10","7X":"10","RX":"10","WJ":"3|10","7V":"10","XP":"10","9W":"10","CH":"10","CR":"10","9C":"10","GX":"10","XW":"10","XV":"10","6X":"10","WV":"10","WW":"10","8V":"10","9F":"10","6W":"10","FX":"10","MV":"10","CX":"10","VJ":"3","9V":"10","WM":"3","QW":"10","FW":"10","WP":"10","FV":"10","78":"10","5W":"10","9R":"10","7W":"10","QR":"10"},"2Q":{"XG":"10","XF":"10"},"CQ":{"9R":"10","HX":"10","FX":"10","R2":"10","XC":"10","JH":"10","V7":"10","2G":"10","V2":"10","9W":"10","9V":"10","FV":"10","QF":"10","8X":"10","CV":"10","GQ":"10","CX":"10","JJ":"10","C5":"10","CW":"10","8V":"10","HW":"10","8R":"10","95":"10","86":"10","GR":"10","FR":"10","R9":"10","CP":"10","JV":"10","GW":"10","CR":"10","RC":"10","FQ":"10","QC":"10","MV":"10","V4":"10","RG":"10","FW":"10","87":"10","8W":"10","X7":"10","HJ":"10","9Q":"10","2F":"10"},"W6":{"J4":"10","J3":"10","M8":"10","M3":"10"},"77":{"V6":"10","F4":"10"},"FV":{"9R":"10","86":"10","96":"10","8R":"10","2R":"1","G3":"10"},"3M":{"Q4":"10"},"HH":{"VG":"10","RJ":"10","VH":"10","XP":"10","VM":"10","RH":"10","WQ":"10","RG":"10","RM":"10","WM":"10","WP":"10"},"CV":{"MX":"10","PW":"10","Q6":"10","MV":"10","PX":"10","MW":"10","WP":"10"},"GQ":{"3G":"10","23":"10","FX":"10","45":"10","63":"10","82":"10","25":"10","JV":"10","CG":"10","GX":"10","44":"10","96":"10","43":"10","97":"10","46":"10","65":"10","5C":"10","29":"10","56":"10","CF":"10","72":"10","59":"10","28":"10","JW":"10","9C":"10","48":"10"},"CW":{"WJ":"10","PW":"10","VP":"10","RM":"10","PV":"10","RQ":"10","WQ":"10","QR":"10","XJ":"10","QV":"10","RR":"10","VM":"10","WP":"10"},"8M":{"6X":"10"},"FP":{"V3":"10","5G":"10","JQ":"10","JW":"10","C4":"10","7X":"10","RM":"10","QP":"10","RW":"10","5P":"10","82":"10","GQ":"10","5F":"10","WP":"10","6P":"10","2X":"10","78":"10","XV":"10","8H":"10","G7":"10","F8":"10","JP":"10","RV":"10","39":"10","65":"10","9W":"10","R4":"10","QW":"10","6M":"10","42":"10","QR":"10","4W":"10","C6":"10","RP":"10","89":"10","HW":"10","9P":"10","G2":"10","25":"10","69":"10","Q6":"10","G9":"10","XH":"10","8Q":"10","G3":"10","34":"10","MV":"10","7J":"10","F2":"10","F6":"10","Q5":"10","2W":"10","8C":"10","VM":"10","75":"10","3X":"10","WH":"7","29":"10","49":"10","5H":"10","V4":"10","43":"10","4G":"10","6H":"10","77":"10","7V":"10","F5":"10","PX":"10","7R":"10","84":"10","9X":"10","G8":"10","VX":"10","XQ":"10","5R":"10","28":"10","74":"10","54":"10","VQ":"10","3W":"10","R3":"10","XJ":"10","4V":"10","CC":"10","9C":"10","MX":"10","97":"10","9V":"10","VW":"10","24":"10","92":"10","53":"10","JV":"10","WV":"10","93":"10","XW":"10","33":"10","94":"10","VR":"10","96":"10","G4":"10","7C":"10","4R":"10","WQ":"10","9Q":"10","38":"10","MR":"10","85":"10","95":"10","CW":"10","3V":"10","5J":"10","4X":"10","PV":"10","26":"10","F3":"10","C7":"10","32":"10","4J":"10","23":"10","JM":"10","RX":"10","XP":"10","87":"10","6J":"10","CF":"10","QV":"10","PR":"10","2J":"10","7H":"10","R2":"10","HP":"10","63":"10","C3":"10","F4":"10","G5":"10","83":"10","WM":"10","4H":"10","WW":"10","VV":"10","XG":"10","52":"10","HM":"10","76":"10","XM":"10"},"2V":{"3X":"10"},"V9":{"8X":"10","9X":"10","7X":"10"},"2J":{"5X":"10"},"3P":{"6X":"10","4X":"10","6W":"10"},"48":{"8F":"10","GG":"10","FG":"10","9F":"10","GF":"10","CG":"10","9G":"10","CF":"10"},"74":{"XQ":"10","V7":"10"},"8R":{"M7":"10","M6":"10"},"83":{"J6":"10"},"GR":{"JG":"10","3G":"10","MH":"10","MC":"10","2G":"10","HF":"10","GF":"10","5C":"10","JH":"10","JF":"10","MG":"10","MF":"10"},"M3":{"C5":"10"},"FR":{"P2":"10","2H":"10","82":"10","4M":"10","8G":"10","92":"10","42":"10","3P":"10","3H":"10","83":"10","6G":"10","J3":"10","2P":"10","CJ":"10","8F":"10","72":"10","27":"10","XM":"10","5F":"10","J4":"10","J2":"10","P3":"10","62":"10","32":"10","4J":"10","5G":"10","M2":"10","M3":"10","5H":"10","63":"10","4P":"10","73":"10","93":"10","4H":"10","2J":"10"},"CP":{"R2":"10","QH":"10","MP":"10","Q2":"10","WJ":"10","VX":"10","RF":"10","WR":"10","GP":"10","P9":"10","X5":"10","X6":"10","XW":"10","XV":"10","MG":"10","WV":"10","Q9":"10","FM":"10","RP":"10","MF":"10","XR":"10","VC":"10","RM":"10","X7":"10","QG":"10","VF":"10","PG":"10","XH":"10","RG":"10","RR":"10","GM":"10","X8":"10"},"25":{"WQ":"10","WP":"10"},"CR":{"P2":"10","C2":"10","H4":"10","F5":"10","F4":"10","6C":"10","92":"10","G5":"10","F7":"10","74":"10","XJ":"10","XP":"10","83":"10","J6":"10","84":"10","H2":"10","F3":"10","87":"10","H5":"10","72":"10","85":"10","96":"10","J2":"10","P3":"10","62":"10","F2":"10","C4":"10","X7":"10","94":"10","63":"10","73":"10","C3":"10","H3":"10"},"4X":{"M7":"10","J4":"10","P6":"10","P4":"10","M6":"10","J5":"10"},"HV":{"MV":"10","GX":"10","MW":"10"},"FQ":{"G6":"10","F6":"10","97":"10","6R":"10","GP":"10","6C":"10","C7":"10","R2":"10","6V":"10","3Q":"10","98":"10","XH":"10","JR":"10","W5":"10","6G":"10","R7":"10","JH":"10","4V":"10","V7":"10","8P":"10","5M":"10","5J":"10","2G":"10","9H":"10","V2":"10","MW":"10","7R":"10","9W":"10","6J":"10","5V":"10","JQ":"10","6W":"10","2M":"10","H6":"10","M5":"10","Q3":"10","QR":"10","89":"10","4Q":"10","5Q":"10","FM":"10","C2":"10","CQ":"10","2Q":"10","P4":"10","Q2":"10","99":"10","32":"10","7J":"10","H5":"10","W4":"10","FV":"10","WG":"10","4P":"10","G2":"10","8J":"10","3M":"10","7P":"10","6H":"10","6M":"10","7H":"10","8X":"10","R3":"10","GQ":"10","FJ":"10","3X":"10","JJ":"10","JW":"10","M6":"10","9G":"10","2C":"10","PQ":"10","7Q":"10","PX":"10","CJ":"10","63":"10","46":"10","X3":"10","5H":"10","8M":"10","5G":"10","88":"10","2P":"10","26":"10","FP":"10","96":"10","2V":"10","V5":"10","2J":"10","3P":"10","29":"10","83":"10","7V":"10","GR":"10","8Q":"10","FR":"10","72":"10","GV":"10","CP":"10","35":"10","JV":"10","9J":"10","25":"10","HQ":"10","GW":"10","45":"10","4X":"10","XG":"10","HV":"10","W3":"10","FQ":"10","HP":"10","MV":"10","MR":"10","3V":"10","33":"10","V4":"10","CM":"10","RG":"10","2W":"10","73":"10","3R":"10","P2":"10","X2":"10","GM":"10","8H":"10","P3":"10","MQ":"10","F4":"10","8F":"10","7G":"10","VG":"10","7M":"10","3W":"10","R4":"10","92":"10","FW":"10","87":"10","GJ":"10","8W":"10","2H":"10","CH":"10","C8":"10","HJ":"10","V6":"10","JX":"10","HR":"10","V3":"10","6Q":"10","62":"10","FH":"10"},"XF":{"X8":"10"},"22":{"23":"10"},"CM":{"R7":"10","P8":"10","R9":"10","VQ":"10","MJ":"10","QQ":"10","MP":"10","RX":"10","Q8":"10","VX":"10","Q7":"10","WR":"10","P9":"10","XV":"10","R6":"10","WV":"10","MG":"10","Q9":"10","PP":"10","VP":"10","RP":"10","HR":"10","M7":"10","RQ":"10","MF":"10","JQ":"10","RV":"10","PF":"10","JR":"10","M8":"10","VR":"10","P7":"10","RR":"10"},"2W":{"32":"10"},"85":{"25":"10","2C":"10","26":"10","39":"10","3H":"10","36":"10","35":"10","29":"10"},"GM":{"3R":"10","4X":"10","4W":"10","2V":"10","3V":"10","5V":"10","2R":"10","4V":"10"},"44":{"5C":"10","6C":"10"},"3W":{"GJ":"10","FV":"10","FQ":"10","CQ":"10","FM":"10","FP":"10","GQ":"10","CJ":"10","GP":"10","FR":"10","CR":"10","9P":"10","9Q":"10"},"FW":{"47":"10","38":"10","32":"10"},"94":{"33":"10"}},"Q9":{"2G":{"6F":"10","7G":"10"},"49":{"X4":"10"},"59":{"86":"10","76":"10","55":"10","56":"10","54":"10","44":"10","82":"10","45":"10","57":"10","47":"10","46":"10"},"92":{"HW":"10","JV":"10","HV":"10"},"58":{"5W":"10","7X":"10","4W":"10"}},"95":{"RW":{"W5":"10","W4":"10"},"97":{"7F":"10","88":"10","6G":"10","76":"10","84":"10","86":"10","C9":"10","CC":"10","99":"10","7G":"10","G7":"10","F7":"10","98":"10","97":"10","6F":"10","G8":"10","6H":"10","6C":"10","5G":"10","89":"10","7C":"10","H9":"10","5F":"10","87":"10","C4":"10","C7":"10","G9":"10","F6":"10","77":"10","F5":"10"},"VG":{"Q3":"10","R7":"10","W5":"10","X5":"10","R5":"10","R3":"10","X4":"10","X8":"10","W4":"10","V5":"10","X7":"10","X6":"10","W7":"10","W8":"10","R6":"10","Q5":"10","W6":"10"},"FM":{"M4":"10"},"96":{"6R":"10","5R":"10","6V":"10","7V":"10","7R":"10"},"57":{"VC":"10"},"WG":{"28":"10","23":"10","26":"10","32":"10","27":"10","24":"10"},"89":{"GF":"10","GC":"10"}},"P9":{"VG":{"R5":"10","V5":"10","R4":"10","V4":"10"},"WH":{"FH":"10","GH":"10"},"HG":{"FH":"10"},"VP":{"PF":"10","R6":"10"},"VM":{"FF":"10"},"WG":{"X5":"10","X4":"10"},"VF":{"39":"10"},"RM":{"Q3":"10","X9":"10","VF":"10"},"PM":{"HG":"10"},"WM":{"R7":"10","R8":"10","MX":"10","QH":"10","VQ":"10","RW":"10","MP":"10","Q8":"10","MW":"10","Q7":"10","V9":"10","PW":"10","RQ":"10","RJ":"10","VW":"10","RH":"10","VJ":"10","PX":"10","VC":"10","QJ":"10","VF":"10","PG":"10","WF":"10"},"WP":{"8F":"10","7H":"10","6H":"10","Q4":"10","G6":"10","6R":"10","6J":"10"}},"3V":{"28":{"24":"10"},"5G":{"FC":"10","F9":"10","CC":"10"},"JP":{"VV":"10","VX":"10","RV":"10","WX":"10","VW":"10"},"GH":{"6J":"10"},"WW":{"GX":"10"},"WX":{"F3":"10","F2":"10","G2":"10"},"H3":{"XQ":"10","XP":"10","WQ":"10","WP":"10"},"JQ":{"Q2":"10","R3":"10","V2":"10","R2":"10","Q4":"10","P4":"10","R4":"10"},"V3":{"R5":"10","Q4":"10","R4":"10"},"WP":{"M7":"10","J6":"10","M6":"10"}},"5J":{"MH":{"MH":"10","5W":"10","9G":"10","9F":"10","PG":"10","4F":"10","CJ":"10","9M":"10","G8":"10","GH":"10","7R":"10","GG":"10","6V":"10","PH":"10","H8":"10","5F":"10","MG":"10","6R":"10"},"76":{"RW":"10"},"9F":{"Q3":"10","P3":"10","R3":"10"},"V3":{"MJ":"10","PJ":"10"},"CG":{"XX":"10","QX":"10","VV":"10","QW":"10","PM":"10","RV":"10","PH":"10","RW":"10","VW":"10"},"MJ":{"63":"10","52":"10","53":"10","33":"10","38":"10","43":"10"},"FG":{"2X":"10"},"J8":{"GP":"10","GQ":"10","GR":"10","HP":"10"},"JJ":{"WC":"10","Q4":"10","R4":"10"},"R4":{"5W":"10","6P":"10","5V":"10","6R":"10","5R":"10","4W":"10"},"J4":{"7M":"10","6M":"10","7J":"10","6J":"10"},"X3":{"FG":"10"},"FH":{"22":"10","33":"10","32":"10"},"RX":{"68":"10","58":"10"},"CH":{"Q2":"10","Q6":"10","R2":"10","Q4":"10","Q7":"10","R4":"10","Q5":"10"},"H8":{"7G":"10"},"52":{"3M":"10"},"GW":{"PR":"10"},"77":{"R2":"10"}},"4X":{"GP":{"HF":"10"},"C7":{"WM":"10"},"W5":{"86":"10","87":"10"},"4V":{"FV":"10","GV":"10","8W":"10","GQ":"10","FW":"10","9X":"10","8X":"10","GR":"10","HQ":"10","FR":"10","HR":"10","CV":"10","7X":"10","CW":"10","9W":"10"},"9H":{"3R":"10","3Q":"10","2P":"10","4Q":"10","3M":"10","3P":"10","4R":"10"},"6J":{"JJ":"10"},"7C":{"VQ":"10"},"42":{"2R":"10"},"6P":{"MQ":"10","MR":"10","QM":"10"},"CQ":{"J9":"10","M9":"10","M8":"10","J8":"10"},"9V":{"22":"10"},"CF":{"FV":"10","7W":"10","FQ":"10","GV":"10","8V":"10","9V":"10","8W":"10","FW":"10","8X":"10","GR":"10","GP":"10","HR":"10"},"W4":{"9Q":"10"},"WJ":{"G9":"10","FJ":"10","G8":"10","GG":"10","GF":"10","HC":"10","GJ":"10","HJ":"10","GC":"10"},"QV":{"R7":"10","Q6":"10","P7":"10","Q7":"10","Q5":"10"},"8X":{"7X":"10"},"CV":{"2R":"10"},"C5":{"3J":"10","2J":"10","3M":"10","2M":"10","4P":"10"},"4W":{"6C":"10","79":"10","C8":"10","9H":"10","6J":"10","56":"10","82":"10","92":"10","57":"10","7C":"10","9G":"10","76":"10","98":"10","9C":"10","5C":"10","87":"10","45":"10","88":"10","97":"10","72":"10","59":"10","5F":"10","6F":"10","9F":"10","99":"10","46":"10","6H":"10","8C":"10","67":"10","69":"10","77":"10","47":"10","75":"10","CC":"10","78":"10","8H":"10","58":"10","CF":"10","65":"10","GM":"10","89":"10","CG":"10"},"CG":{"63":"10","82":"10","73":"10","92":"10","F3":"10","C2":"10","83":"10","72":"10","F2":"10"},"8V":{"X3":"10","X2":"10"},"X3":{"R7":"10"},"5G":{"Q7":"10"},"W9":{"6P":"10","7J":"10","6J":"10"},"2V":{"VQ":"10","RQ":"10"},"V5":{"HH":"10"},"4G":{"9F":"10"},"M9":{"86":"10","96":"10","87":"10"},"8R":{"VX":"10"},"WC":{"66":"10"},"WX":{"6G":"10","5F":"10","3C":"10","4C":"10"},"M3":{"8C":"10","7C":"10"},"72":{"86":"10"},"59":{"34":"10"},"J3":{"WR":"10","VV":"10","XV":"10","VR":"10","VW":"10","WV":"10"},"F4":{"X6":"10"},"87":{"37":"10","38":"10"},"43":{"23":"10","24":"10"},"RX":{"6G":"10","6H":"10","7G":"10"},"53":{"9X":"10"}},"72":{"JC":{"63":"10","74":"10","44":"10","73":"10","43":"10"}},"2V":{"2G":{"29":"10"},"W3":{"W5":"10","W4":"10"},"6W":{"2Q":"10"},"W2":{"M2":"10"},"MH":{"55":"10","56":"10"},"X8":{"P7":"10","P6":"10","R6":"10","R4":"10","P8":"10","P5":"10","J7":"10","J3":"10","X3":"10","X4":"10","Q8":"10","M2":"10","P4":"10","J6":"10","P2":"10","Q4":"10","M4":"10","M5":"10"},"G6":{"86":"10","96":"10","85":"10","95":"10"},"X7":{"RW":"10","PX":"10","QX":"10"},"2V":{"MH":"10","JH":"10","JG":"10","MG":"10"},"R4":{"MH":"10","MG":"10"},"4W":{"44":"10","43":"10"},"9W":{"JG":"10","9F":"10","CC":"10","HF":"10","F7":"10","F8":"10","GF":"10","F9":"10","M8":"10","FC":"10","H9":"10","G9":"10","9C":"10"},"4P":{"33":"10","34":"10"}},"26":{"2R":{"FC":"10","CC":"10"}},"C7":{"2R":{"2H":"10","2W":"10","3J":"10","3P":"10","2G":"10","3M":"10","3V":"10","2P":"10","4R":"10","3Q":"10","2X":"10","4W":"10","2R":"10","2V":"10","3X":"10","4V":"10","2M":"10","3R":"10","4P":"10","4Q":"10","3W":"10","2J":"10","2Q":"10"},"2V":{"22":"10","FW":"10","GW":"10","FV":"10"},"27":{"V5":"10","R6":"10"},"2W":{"3G":"10","3H":"10","3F":"10","2M":"10","3J":"10","3C":"10","3M":"10"}},"FJ":{"6G":{"PW":"10","PX":"10","QX":"10","QW":"10"},"74":{"8W":"10","CX":"10","8X":"10","9X":"10"},"9F":{"55":"10"},"33":{"MF":"10","MC":"10"},"78":{"J2":"10"},"24":{"XJ":"10"},"4X":{"4V":"10","4R":"10"},"9M":{"83":"10","F2":"10","G2":"10","93":"10"},"6C":{"42":"10"},"3V":{"5M":"10"},"CM":{"4Q":"10","4P":"10"},"53":{"2H":"10"},"75":{"F2":"10","C3":"10","C2":"10"},"9J":{"QM":"10","FV":"10","FX":"10","HV":"10","MV":"10","JV":"10","PW":"10","GV":"10","PM":"10","PR":"10","MW":"10","GX":"10","MX":"10","PV":"10","QR":"10","PQ":"10","MR":"10","HW":"10","QJ":"10"},"77":{"JX":"10"}},"4J":{"Q6":{"WR":"10","XQ":"10","RW":"10","XP":"10","WW":"10","VW":"10","WV":"10"},"78":{"PG":"10","QG":"10"},"7M":{"RP":"10","QM":"10","RM":"10"},"MG":{"MH":"10","7F":"10","76":"10","86":"10","FM":"10","9G":"10","9F":"10","7G":"10","9V":"10","67":"10","57":"10","CP":"10","8G":"10","7J":"10","65":"10","9M":"10","8H":"10","7Q":"10","6F":"10","7P":"10","6Q":"10","7R":"10","CM":"10","6V":"10","75":"10","9P":"10","8F":"10","CV":"10","CW":"10","7H":"10","87":"10","6M":"10","MG":"10","77":"10","6R":"10"},"R6":{"5F":"10","2P":"10","57":"10","58":"10"},"43":{"RG":"10","RF":"10"}},"23":{"3C":{"R7":"10","WJ":"10","VM":"10","V6":"10","VJ":"10","RM":"10","R6":"10","V7":"10","WM":"10"}},"4Q":{"QC":{"CV":"10","CW":"10","7V":"10","9W":"10","7P":"10","3V":"10","6V":"10","6W":"10","4W":"10","HV":"10","9V":"10","5W":"10","GR":"10","3W":"10","GV":"10","7W":"10"},"W5":{"8J":"10","7H":"10","7G":"10","8M":"10","8Q":"10","8P":"10"},"X2":{"F9":"10","C8":"10","C9":"10","F8":"10"},"QR":{"J3":"10","J2":"10"},"PF":{"4X":"10"}},"7G":{"Q3":{"22":"10","26":"10","27":"10"},"Q2":{"2X":"10"},"P3":{"W3":"10","W2":"10","X5":"10","X2":"10","X4":"10","W4":"10","X7":"10","X6":"10"},"P2":{"VV":"10"},"3W":{"HF":"10"},"HV":{"6F":"10","5F":"10","5C":"10","6C":"10"}},"6J":{"7J":{"5R":"10"},"GG":{"58":"10"},"3J":{"C8":"10"},"CW":{"3X":"10"},"43":{"47":"10","48":"10"},"G4":{"J7":"10","H5":"10","G9":"10","J6":"10","H4":"10","H7":"10","P3":"10","P2":"10","H9":"10","J8":"10","H8":"10"},"2F":{"WR":"10","XR":"10"},"6G":{"G9":"10","H9":"10","HC":"10","GC":"10"},"FJ":{"F5":"10"},"MC":{"73":"10"},"96":{"MJ":"10","PJ":"10","MH":"10","PM":"10"},"J4":{"X9":"10","XC":"10","WC":"10","W9":"10","XF":"10"},"99":{"X7":"10","X6":"10","V8":"10","W7":"10"},"HG":{"9H":"10","8H":"10"},"CX":{"22":"10","32":"10"},"VJ":{"G8":"10"},"GH":{"WR":"10","8H":"10","WV":"10","27":"10"},"VC":{"RX":"10"},"C9":{"39":"10"},"M4":{"2F":"10"},"FH":{"J7":"10","J6":"10","X7":"10","W7":"10"},"PF":{"GM":"10","GJ":"10","HJ":"10"},"CC":{"WC":"10","VF":"10"},"VG":{"V8":"10","W8":"10"},"5W":{"9R":"10","9P":"10","9M":"10"},"FG":{"PC":"10","C5":"10","F4":"10","2H":"10","79":"10","9H":"10","6J":"10","7X":"10","7H":"10","G5":"10","7C":"10","3H":"10","F7":"10","CH":"10","76":"10","6G":"10","R4":"10","W6":"10","X6":"10","87":"10","88":"10","97":"10","86":"10","8F":"10","C7":"10","MC":"10","FF":"10","F6":"10","C6":"10","HR":"10","96":"10","85":"10","J4":"10","9J":"10","95":"10","GH":"10","C4":"10","6H":"10","G7":"10","8C":"10","FH":"10","77":"10","75":"10","3F":"10","94":"10","78":"10","8H":"10","P6":"10","P5":"10","V4":"10","89":"10"},"J5":{"5Q":"10","3Q":"10","2P":"10","4Q":"10","3P":"10"},"HP":{"54":"10"},"CG":{"MQ":"10","JQ":"10"}},"6V":{"R7":{"72":"10","62":"10"},"V8":{"J3":"10","J2":"10"},"XG":{"6R":"10","6Q":"10","7V":"10"},"W5":{"2P":"10","8V":"10","JR":"10","6F":"10","HH":"10","2F":"10","44":"10","R8":"10","2M":"10","JQ":"10","JW":"10","9M":"10","JF":"10","5M":"10","H8":"10","FX":"10","7X":"10","Q7":"10","M8":"10","V9":"10","5P":"10","82":"10","GQ":"10","QF":"10","WP":"10","6P":"10","RQ":"10","XV":"10","8W":"10","JP":"10","V8":"10","9W":"10","7P":"10","RF":"10","QW":"10","4P":"10","6M":"10","QR":"10","QQ":"10","H7":"10","C6":"10","HW":"10","9H":"10","9P":"10","FQ":"10","H9":"10","G9":"10","7M":"10","MV":"10","7J":"10","HQ":"10","3M":"10","XR":"10","27":"10","29":"10","HX":"10","WX":"10","49":"10","JC":"10","43":"10","P7":"10","CH":"10","5Q":"10","6Q":"10","JX":"10","7V":"10","W8":"10","F5":"10","PX":"10","7Q":"10","7R":"10","Q8":"10","6W":"10","G8":"10","PM":"10","MP":"10","28":"10","RR":"10","54":"10","VQ":"10","P8":"10","MQ":"10","3W":"10","F9":"10","PH":"10","9V":"10","53":"10","JV":"10","7W":"10","RC":"10","VR":"10","RH":"10","WQ":"10","38":"10","MR":"10","Q9":"10","CW":"10","W9":"10","P9":"10","WR":"10","3V":"10","5J":"10","GP":"10","72":"10","PQ":"10","PV":"10","2C":"10","PW":"10","FJ":"10","CX":"10","M7":"10","PJ":"10","7G":"10","6V":"10","9G":"10","MJ":"10","QV":"10","6R":"10","PR":"10","FP":"10","7H":"10","M9":"10","C5":"10","2G":"10","F4":"10","3P":"10","MM":"10","CG":"10","MW":"10"},"2C":{"6R":"10","6V":"10"},"V7":{"V6":"10","Q9":"10","WF":"10","XF":"10","Q8":"10","M2":"10","QC":"10","X2":"10","W6":"10","V2":"10","WH":"10","R9":"10"},"H9":{"R8":"10","M4":"10","R9":"10","Q8":"10"},"3V":{"9P":"10","8P":"10"},"X5":{"CV":"10","9Q":"10","WH":"10","8Q":"10","7J":"10","2H":"10","QH":"10","4X":"10","CM":"10","9H":"10","6J":"10","6Q":"10","4M":"10","3J":"10","7H":"10","2F":"10","7C":"10","3H":"10","7R":"10","7P":"10","CR":"10","6M":"10","76":"10","8J":"10","3M":"10","3V":"10","GP":"10","FQ":"10","HM":"10","FJ":"10","3G":"10","8R":"10","86":"10","3Q":"10","66":"10","5V":"10","5R":"10","FM":"10","5M":"10","HR":"10","59":"10","8V":"10","6W":"10","VH":"10","4W":"10","RH":"10","9J":"10","2R":"10","2V":"10","4J":"10","9V":"10","CP":"10","3X":"10","5G":"10","FW":"10","68":"10","4V":"10","69":"10","9M":"10","FP":"10","QG":"10","FR":"10","7Q":"10","CQ":"10","3F":"10","5H":"10","5W":"10","GR":"10","8H":"10","7M":"10","GJ":"10","XH":"10","3W":"10","RG":"10","9R":"10","GM":"10","HP":"10","2J":"10","8P":"10","2Q":"10"},"W6":{"P2":"10","Q3":"10","C2":"10","R2":"10","HF":"10","F5":"10","F4":"10","6C":"10","R9":"10","6P":"10","25":"10","4X":"10","CM":"10","HC":"10","9H":"10","82":"10","56":"10","PR":"10","92":"10","8X":"10","52":"10","42":"10","G4":"10","57":"10","G5":"10","R5":"10","V7":"10","33":"10","7C":"10","F7":"10","74":"10","Q2":"10","9G":"10","83":"10","7F":"10","CH":"10","76":"10","98":"10","6G":"10","R4":"10","GP":"10","84":"10","5C":"10","X5":"10","87":"10","XW":"10","CJ":"10","V6":"10","H5":"10","28":"10","XV":"10","88":"10","97":"10","V9":"10","8F":"10","26":"10","34":"10","MC":"10","66":"10","W4":"10","72":"10","37":"10","H8":"10","V5":"10","27":"10","49":"10","96":"10","9X":"10","85":"10","59":"10","4C":"10","JW":"10","9F":"10","P3":"10","MF":"10","48":"10","46":"10","X4":"10","95":"10","22":"10","CX":"10","32":"10","CP":"10","R3":"10","3X":"10","64":"10","6H":"10","GF":"10","JQ":"10","67":"10","68":"10","RV":"10","69":"10","FH":"10","77":"10","75":"10","MR":"10","Q4":"10","HQ":"10","P4":"10","94":"10","78":"10","58":"10","FG":"10","QV":"10","65":"10","RR":"10","QR":"10","W7":"10","V4":"10","HP":"10","W8":"10","CG":"10"},"X6":{"2W":"10","WJ":"10","3X":"10","PG":"10","PC":"10","VG":"10","M3":"10","QH":"10","RG":"10","M2":"10","RJ":"10","2V":"10","XJ":"10","R9":"10","WM":"10","H9":"10","WP":"10","G9":"10"},"87":{"97":"10","96":"10"},"WQ":{"6W":"10","5W":"10"},"V6":{"H4":"10","MX":"10","P8":"10","6C":"10","53":"10","F8":"10","C8":"10","W3":"10","QH":"10","82":"10","56":"10","8G":"10","QQ":"10","PR":"10","92":"10","52":"10","MP":"10","36":"10","57":"10","X3":"10","7C":"10","44":"10","Q8":"10","35":"10","MW":"10","76":"10","R4":"10","5C":"10","H2":"10","WQ":"10","H5":"10","28":"10","45":"10","XV":"10","86":"10","M9":"10","26":"10","34":"10","PQ":"10","MC":"10","WV":"10","66":"10","W4":"10","F6":"10","72":"10","VP":"10","RP":"10","27":"10","49":"10","XM":"10","59":"10","5F":"10","J4":"10","62":"10","46":"10","J7":"10","WM":"10","PX":"10","64":"10","QJ":"10","X2":"10","4F":"10","8C":"10","67":"10","X7":"10","RV":"10","69":"10","PH":"10","47":"10","54":"10","3F":"10","VG":"10","VV":"10","58":"10","63":"10","J5":"10","73":"10","RG":"10","P5":"10","G6":"10","93":"10","W7":"10","55":"10"},"4R":{"M7":"10","P7":"10","P6":"10","M6":"10","M8":"10"},"R6":{"M6":"10","WG":"10","7W":"10","5W":"10","6W":"10","V3":"10","W5":"10","RP":"10","X8":"10","W8":"10","3P":"10","R8":"10","XH":"10","X6":"10","J4":"10","Q8":"10","X7":"10","3Q":"10","5P":"10","W6":"10","Q7":"10","7X":"10","V8":"10","Q4":"10"},"PQ":{"XQ":"10","XR":"10","WV":"10"},"M5":{"2J":"10","2H":"10"},"W4":{"8W":"10","8X":"10","HG":"10","7W":"10","7X":"10","2X":"10"},"37":{"FH":"10","FG":"10","CJ":"10","8H":"10","9J":"10","8G":"10","CH":"10"},"V5":{"V6":"10","7W":"10","7V":"10","84":"10","6W":"10","XV":"10","GV":"10","PG":"10","WV":"10","H4":"10","8V":"10","R8":"10","8W":"10","M3":"10","V9":"10","J3":"10","VX":"10","RQ":"10","V7":"10","9X":"10","Q8":"10","8X":"10","WQ":"10","QV":"10","83":"10","R9":"10","WR":"10","7X":"10","6X":"10","WX":"10","XW":"10","9W":"10"},"27":{"4X":"10","5X":"10","3W":"10","2W":"10","4W":"10"},"49":{"55":"10","68":"10","54":"10","67":"10","57":"10","78":"10","43":"10","49":"10","65":"10","6F":"10","56":"10","69":"10","58":"10","53":"10","59":"10","48":"10","47":"10"},"59":{"C8":"10"},"5F":{"JP":"10","GP":"10","HP":"10"},"C9":{"PV":"10","PR":"10","MQ":"10","MP":"10","MR":"10"},"X7":{"23":"10","7F":"10","9G":"10","9F":"10","33":"10","22":"10","95":"10","5H":"10","C5":"10","34":"10","32":"10"},"68":{"2M":"10"},"PJ":{"W6":"10"},"M8":{"2P":"10"},"GJ":{"VQ":"10","VR":"10"},"P5":{"GX":"10","FX":"10"},"W7":{"3G":"10","2G":"10","82":"10","25":"10","35":"10","3H":"10","92":"10","C2":"10","67":"10","W4":"10","X6":"10","24":"10","42":"10","H2":"10","F4":"10","V2":"10","G4":"10","G5":"10","R5":"10","28":"10","85":"10","32":"10","F5":"10"},"V4":{"PR":"10","MJ":"10","XV":"10","XR":"10","XX":"10","PQ":"10"}},"CF":{"3Q":{"XQ":"10"},"35":{"6G":"10","7M":"10","7G":"10","5H":"10","7J":"10","7Q":"10","7P":"10","6H":"10","6P":"10","5G":"10","8M":"10","8P":"10","6M":"10","6J":"10"},"8G":{"98":"7","99":"7"}},"9G":{"MJ":{"J9":"10","M9":"10"},"QF":{"3V":"10"},"PJ":{"G9":"10","H9":"10"},"68":{"6G":"10","5G":"10","4J":"10","5H":"10"},"F9":{"6P":"10"},"CF":{"9R":"10","9Q":"10","CR":"10"},"58":{"XM":"10","WM":"10"},"QG":{"64":"10","33":"10","32":"10","42":"10","43":"10"}},"6R":{"2W":{"FP":"10","FQ":"10"},"FQ":{"HW":"10","HX":"10","JV":"10","JX":"10"},"6W":{"GF":"10"},"55":{"68":"10","64":"10","98":"10","67":"10","57":"10","78":"10","65":"10","5C":"10","77":"10","66":"10"},"V5":{"PR":"10","PP":"10"},"8W":{"94":"10","86":"10","84":"10","96":"10","95":"10"},"2C":{"47":"10","48":"10"},"FR":{"J2":"10","H2":"10"},"RR":{"Q6":"10"},"R3":{"RX":"10"}},"9J":{"2J":{"2J":"10","7V":"10","5W":"10","6W":"10","4Q":"10","39":"10","8V":"10","5R":"10","9V":"10","8R":"10","8Q":"10","8W":"10","4W":"10","2C":"10","3Q":"10","5Q":"10","7R":"10","3V":"10","6V":"10","2X":"10","CR":"10","CV":"10","5V":"10","9Q":"10","9R":"10","4V":"10","3W":"10","3C":"10","6R":"10"},"XC":{"4X":"10","3X":"10","7P":"10","2X":"10","7Q":"10","4R":"10"},"WF":{"X4":"10"},"CG":{"W2":"10","Q2":"10","W4":"10","R4":"10","P4":"10","V2":"10","V4":"10","R2":"10","Q4":"10"},"2M":{"97":"10","84":"10","74":"10","54":"10","C5":"10","92":"10","C6":"10","32":"10","72":"10","C2":"10"},"XF":{"54":"10","42":"10"},"CF":{"RW":"10","VV":"10","RV":"10","VW":"10"},"JF":{"45":"10"},"WC":{"XW":"10","XX":"10"}},"4M":{"25":{"HV":"10"},"J9":{"QC":"10","PJ":"10","P9":"10","QJ":"10","RV":"10","WG":"10","PF":"10","MG":"10","QM":"10","PG":"10","PC":"10"},"FW":{"7F":"10"},"VP":{"MV":"10","JV":"10","JR":"10","MR":"10","JQ":"10"},"M9":{"8X":"10"},"FX":{"63":"10","84":"10","86":"10","C6":"10","H4":"10","68":"10","J5":"10","92":"10","64":"10","F8":"10","H5":"10","98":"10","96":"10","78":"10","C5":"10","97":"10","P4":"10","J6":"10","G4":"10","75":"10","G5":"10","87":"10","85":"10","M4":"10","C7":"10","F6":"10","77":"10"},"8V":{"W5":"10","W4":"10"}},"2J":{"28":{"MC":"10","Q9":"10","PF":"10","QF":"10","QC":"10","M8":"10","M9":"10","MF":"10"},"22":{"XG":"10","WH":"10"},"M4":{"23":"10"},"32":{"2G":"10"}},"7H":{"2J":{"X3":"10","V2":"10"}},"GF":{"J7":{"3X":"10"},"X5":{"FR":"10","FV":"10"},"73":{"9P":"10","CP":"10"},"J8":{"32":"10"}},"86":{"5G":{"92":"10"},"VQ":{"F3":"10","G3":"10"},"HJ":{"7V":"10"}},"2G":{"PW":{"RP":"10","VM":"10","QP":"10","QQ":"10","WM":"10"},"9R":{"GW":"10"},"P2":{"GV":"10","GR":"10"},"2X":{"H4":"10","J4":"10"}},"5V":{"FQ":{"22":"10","33":"10","32":"10"},"W7":{"76":"10","77":"10","67":"10"},"W8":{"H5":"10"},"Q5":{"54":"10","44":"10"},"98":{"G5":"10","G4":"10"},"CP":{"28":"10"},"4W":{"84":"10","83":"10"},"Q8":{"66":"10"},"X7":{"3Q":"10","XW":"10","2Q":"10"},"JP":{"3Q":"10","3P":"10","4P":"10"},"5P":{"X9":"10","XC":"10","X8":"10"},"P4":{"XQ":"10","XV":"10"},"2V":{"3Q":"10","2R":"10","2Q":"10"},"6P":{"2C":"10","5C":"10"},"2F":{"4H":"10","5H":"10"},"QV":{"V7":"10"},"R9":{"P3":"10","M4":"10","P4":"10"},"28":{"GG":"10","GH":"10","FG":"10"},"HP":{"7Q":"10"},"Q4":{"4X":"10","5X":"10","3W":"10","5V":"10","4V":"10","2W":"10","4W":"10"},"6J":{"35":"10"}},"2H":{"MF":{"37":"10","58":"10"},"FC":{"G5":"10","G6":"10"},"CJ":{"M6":"10","PF":"10","J5":"10","M7":"10","PC":"10","Q5":"10","F3":"10","JC":"10","J7":"10","Q6":"10","F4":"10","M5":"10","MF":"10"},"57":{"6G":"10","5G":"10","7G":"10","4G":"10","8G":"10"},"CH":{"HW":"10","MQ":"10","HV":"10","5V":"10","GR":"10","5R":"10"},"6J":{"WR":"10","VR":"10"},"WF":{"RJ":"10","VH":"10","RH":"10","VJ":"10"}},"83":{"VH":{"53":"10","23":"10","43":"10","52":"10","42":"10","33":"10","29":"10","83":"10","38":"10","28":"10","88":"10","27":"10","32":"10","39":"10","94":"10","78":"10","24":"10","63":"10","73":"10","93":"10"},"VR":{"9R":"10","9Q":"10","9V":"10","CR":"10","9W":"10"},"RH":{"X3":"10","X4":"10","X8":"10","X7":"10","W7":"10","W8":"10"}},"5W":{"J7":{"25":"10","24":"10"},"H7":{"W5":"10","X5":"10","R3":"10","X4":"10"},"3F":{"3J":"10","4V":"10"},"2P":{"CH":"10"},"QH":{"5J":"10","6M":"10","6J":"10"},"2J":{"2V":"10"},"57":{"G6":"10"},"3M":{"4H":"10","4G":"10"},"V6":{"Q6":"10","P3":"10","P4":"10","Q7":"10","Q5":"10","M3":"10"},"87":{"JV":"10","JR":"10"},"H3":{"2C":"10","29":"10"},"2Q":{"98":"10","5V":"10"},"G3":{"XQ":"10"},"2V":{"37":"10","26":"10","47":"10","46":"10"},"27":{"QJ":"10"},"2X":{"3F":"10","3C":"10","2C":"10"},"34":{"MP":"10","PP":"10"},"29":{"R3":"10"},"5M":{"GG":"10"}},"3P":{"G7":{"F4":"10"}},"8X":{"XV":{"HF":"10"},"JG":{"XM":"10","XP":"10","WP":"10"},"FG":{"6W":"10","5W":"10","5V":"10","6V":"10"},"HG":{"2G":"10"},"58":{"7M":"10"},"6G":{"F2":"10"},"54":{"Q9":"10","PC":"10"},"2G":{"X9":"10","XC":"10","VF":"10"},"9H":{"P3":"10"},"F8":{"2R":"10"},"GF":{"3R":"10","4R":"10"},"2M":{"98":"10","99":"10"},"52":{"7H":"10"},"42":{"7W":"10"},"5Q":{"VW":"10"},"6P":{"2M":"10","2R":"10","2Q":"10"},"FM":{"H5":"10","F5":"10","G5":"10","G6":"10","H6":"10","F6":"10","G4":"10"},"99":{"4G":"10"},"3G":{"2G":"10","2C":"10"},"CF":{"74":"10","85":"10","73":"10","75":"10"},"69":{"7J":"10"},"MC":{"PV":"10","MQ":"10","MV":"10","MR":"10"},"WM":{"94":"10","93":"10"},"HF":{"F3":"10"},"4P":{"5R":"10"},"G8":{"M9":"10","JG":"10","JF":"10"},"8J":{"CX":"10","7W":"10","4R":"10","VF":"10","6W":"10","FM":"10","8V":"10","5R":"10","FP":"10","3R":"10","9V":"10","JC":"10","4X":"10","9X":"10","8X":"10","CH":"10","5P":"10","7R":"10","RF":"10","CM":"10","6V":"10","CV":"10","7X":"10","6X":"10","CW":"10","9W":"10","6R":"10"},"6M":{"F4":"10"},"G5":{"FC":"10"},"GQ":{"PR":"10","RQ":"10","RP":"10","QP":"10","QR":"10"},"C5":{"2P":"10","2Q":"10"},"3C":{"HW":"10","JW":"10","MV":"10","JV":"10","HV":"10","JR":"10"},"WR":{"WG":"10","VF":"10","WJ":"10","MM":"10","W8":"10","QH":"10","RG":"10","QF":"10","QG":"10","RF":"10","WM":"10","PH":"10","VM":"10","QJ":"10","V8":"10"},"36":{"WX":"10","XX":"10"},"93":{"HW":"10","GW":"10"},"8M":{"C2":"10","H4":"10","C5":"10","F5":"10","53":"10","92":"10","52":"10","42":"10","74":"10","9G":"10","83":"10","8J":"10","84":"10","F3":"10","H5":"10","86":"10","8M":"10","66":"10","F6":"10","72":"10","85":"10","G3":"10","62":"10","F2":"10","C4":"10","64":"10","75":"10","94":"10","63":"10","73":"10","65":"10","93":"10","C3":"10","H3":"10"},"V5":{"P7":"10","P9":"10","MC":"10","HF":"10","M7":"10","GF":"10","PC":"10","JC":"10","CF":"10","JF":"10","HC":"10","H9":"10","J9":"10"},"37":{"W5":"10","R3":"10|7","W4":"10","V4":"10","V3":"10"},"72":{"82":"10","G7":"10","F7":"10","92":"10","C5":"10","C3":"10","G5":"10","C4":"10","F5":"10"},"34":{"J6":"10","H7":"10","H6":"10","F8":"10"},"3J":{"M7":"10","P8":"10","Q9":"10","P9":"10","Q8":"10"},"8G":{"J7":"10"},"F9":{"XQ":"10"},"4X":{"CH":"10"},"MV":{"M4":"10","P4":"10"},"J9":{"FG":"10","FF":"10"},"Q8":{"G3":"10","G4":"10"},"CM":{"H5":"10","G5":"10"},"RG":{"8W":"10"},"5P":{"XP":"10","WJ":"10","XM":"10","XQ":"10","XJ":"10","WR":"10","WP":"10"},"VV":{"J3":"10","H3":"10","J2":"10","G3":"10"},"65":{"RQ":"10","RJ":"10","QM":"10","RM":"10"},"Q6":{"94":"10"},"7M":{"R7":"10","XC":"10","V5":"10","R8":"10","V9":"10","Q8":"10","R9":"10","V4":"10"},"43":{"XG":"10","VG":"10","WH":"10","WJ":"10","VH":"10","WG":"10","JJ":"10","WF":"10"},"28":{"92":"10"},"CH":{"3F":"10"},"C8":{"XV":"10","XR":"10"},"53":{"28":"10","4J":"10","3J":"10","2J":"10","29":"10"},"49":{"6W":"10"}},"4H":{"WV":{"28":"10"},"R8":{"W5":"10","W4":"10"},"QP":{"8X":"10","7X":"10"},"44":{"C4":"10","C3":"10"},"QQ":{"XW":"10","RR":"10","QR":"10"},"V9":{"3V":"10","4V":"10"},"78":{"3F":"10"},"VQ":{"7X":"10"},"RM":{"74":"10","75":"10"},"RQ":{"5R":"10","J5":"10","9V":"10","4W":"10","8J":"10","J6":"10","CV":"10","7X":"10","5V":"10","6X":"10","8P":"10","4V":"10"},"9H":{"8H":"10"},"QR":{"QF":"10","PF":"10","PG":"10","QG":"10"},"6C":{"QC":"10","RC":"10","RF":"10"},"XJ":{"83":"10","C4":"10","C3":"10"},"RF":{"MF":"10"},"RR":{"97":"10","25":"10","63":"10","96":"10","26":"10","73":"10","35":"10","72":"10","29":"10","62":"10","43":"10"}},"J2":{"CG":{"6R":"10","5R":"10"}},"FC":{"XW":{"R7":"10","R8":"10","F8":"10","GC":"10","V7":"10","Q8":"10","F9":"10","G8":"10","FC":"10","V8":"10","G9":"10"},"XR":{"FM":"10","5G":"10","7P":"10","7M":"10","6P":"10","6M":"10"}},"3G":{"PP":{"PP":"10","JQ":"10","QQ":"10"},"JR":{"QC":"10","RC":"10"},"VW":{"J3":"10","H3":"10","G3":"10"},"5C":{"VV":"10","FP":"10","FQ":"10"}},"CG":{"56":{"P2":"10","M2":"10"},"4J":{"49":"10","59":"10","3C":"10","39":"10","38":"10","4C":"10"},"7F":{"GG":"10","J9":"10","HF":"10","GF":"10","J8":"10","HC":"10"},"FQ":{"CJ":"10","CM":"10"}},"5C":{"6W":{"VG":"10","X9":"10","MG":"10","PG":"10","PM":"10"},"7W":{"37":"10","27":"10"},"6R":{"XX":"10"},"6V":{"X2":"10"},"7V":{"33":"10"}},"76":{"Q2":{"4F":"10","4C":"10"},"P2":{"V6":"10","4P":"10","V5":"10","G7":"10","F7":"10","92":"10","F8":"10","C2":"10","F9":"10","G8":"10","C3":"10","93":"10","G5":"10","C4":"10","C7":"10","G9":"10","F6":"10","F5":"10"}},"22":{"GQ":{"VH":"10","VJ":"10"}}},"index":{"university,1|retail,2|tourism,3|wreck,4|historical,5|artsCulture,6|namedBuilding,7|water,8|wetland,9|park,10|beach,11|natureReserve,12|cemetery,13|trail,14":{}}}