{"index":{"university,1|retail,2|tourism,3|wreck,4|historical,5|artsCulture,6|namedBuilding,7|water,8|wetland,9|park,10|beach,11|natureReserve,12|cemetery,13|trail,14":{}},"6C":{"PV":{"X9":{"X3":"10"},"WW":{"4P":"10"},"WM":{"HF":"10"}},"WH":{"H5":{"X7":"10"},"97":{"3J":"10","2J":"10"}},"XG":{"WR":{"MX":"10"},"VV":{"FF":"10","GF":"10","FG":"10","GC":"10","FH":"10","GH":"10","GG":"10","FC":"10","H9":"10"},"2M":{"6P":"10","4M":"10","6M":"10","5P":"10","5M":"10"}},"WX":{"FX":{"FC":"10","GF":"10","FF":"10"},"6V":{"3F":"10","2F":"10"}},"RW":{"XG":{"FJ":"10","FM":"10","GJ":"10"},"FJ":{"93":"10"},"J6":{"G7":"10"},"J9":{"PM":"10"},"FH":{"V3":"10"},"69":{"2G":"10"},"68":{"8J":"10","5G":"10","5F":"10","4G":"10","4F":"10"},"FC":{"4J":"10","3J":"10","3M":"10","4M":"10"},"RJ":{"V2":"10"},"MC":{"JG":"10","H6":"10","JF":"10"},"V2":{"WR":"10","WV":"10"},"M9":{"RW":"10","HF":"10","HG":"10","RV":"10","JG":"10","QW":"10","QV":"10","JF":"10","CV":"10"},"99":{"3V":"10"},"RH":{"VX":"10"},"M8":{"CW":"10"},"HM":{"6R":"10"},"58":{"MW":"10","WM":"10"},"RC":{"8X":"10"},"R4":{"9Q":"10","9P":"10"},"PG":{"HV":"10","HR":"10"},"V4":{"X9":"10","XC":"10","WC":"10"},"RF":{"9F":"10","CG":"10"}},"QQ":{"V6":{"9H":"10","CJ":"10","9J":"10","8P":"10","CH":"10"},"CX":{"C2":"10","5P":"10","6C":"10","53":"10","2C":"10","2H":"10","25":"10","2W":"10","23":"10","82":"10","56":"10","43":"10","92":"10","7X":"10","52":"10","42":"10","57":"10","36":"10","3P":"10","33":"10","2F":"10","3H":"10","74":"10","44":"10","35":"10","29":"10","83":"10","7F":"10","2G":"10","6G":"10","3V":"10","84":"10","5C":"10","38":"10","2P":"10","3G":"10","45":"10","28":"10","6X":"10","26":"10","34":"10","MC":"10","66":"10","72":"10","37":"10","49":"10","27":"10","59":"10","5F":"10","4C":"10","RC":"10","6F":"10","6W":"10","3C":"10","62":"10","48":"10","46":"10","2R":"10","22":"10","32":"10","2V":"10","VC":"10","64":"10","4F":"10","5G":"10","39":"10","67":"10","M4":"10","68":"10","69":"10","47":"10","54":"10","75":"10","3F":"10","4G":"10","94":"10","5H":"10","63":"10","58":"10","24":"10","QV":"10","73":"10","3W":"10","65":"10","93":"10","7W":"10","4H":"10","7G":"10","55":"10"},"GV":{"8H":"10"},"8W":{"MH":"10","6W":"10","5X":"10","R8":"10","QH":"10","X3":"10","QG":"10","Q8":"10","FH":"10","G8":"10","HH":"10","G5":"10","G9":"10","J9":"10"},"FW":{"9C":"10"},"9X":{"F5":"10","C7":"10","X2":"10","V3":"10","H8":"10","Q7":"10","RG":"10","R3":"10","PF":"10","J7":"10","P6":"10","J8":"10","96":"10","84":"10","H5":"10","P2":"10","QG":"10","WF":"10","V8":"10","R5":"10","H4":"10","97":"10","Q4":"10","4F":"10","M3":"10","R4":"10","93":"10","58":"10","M8":"10","66":"10","QF":"10","P5":"10","W9":"10","R8":"10","P8":"10","64":"10","X6":"10","C8":"10","M5":"10","Q2":"10","HJ":"10","C9":"10","WC":"10","73":"10","86":"10","XG":"10","WH":"10","F4":"10","PC":"10","JC":"10","M6":"10","HM":"10","F8":"10","X9":"10","J2":"10","98":"10","G2":"10","H9":"10","83":"10","92":"10","G3":"10","XF":"10","W7":"10","G6":"10","RC":"10","C2":"10","X8":"10","Q8":"10","C3":"10","99":"10","X3":"10","V4":"10","V2":"10","RF":"10","W4":"10","77":"10","J5":"10","MC":"10","W5":"10","Q9":"10","RP":"10","85":"10","XH":"10","J6":"10","P7":"10","P3":"10","R2":"10","87":"10","V9":"10","75":"10","W6":"10","63":"10","94":"10","C4":"10","72":"10","P9":"10","R7":"10","V5":"10","WG":"10","Q3":"10","G4":"10","M2":"10","F3":"10","J9":"10","XC":"10","X4":"10","J3":"10","H6":"10","H3":"10","V6":"10","W2":"10","95":"10","4C":"10","53":"10","H2":"10","W8":"10","R6":"10","QC":"10","M9":"10","VG":"10","C5":"10","74":"10","M7":"10","P4":"10","Q6":"10","C6":"10","G5":"10","VC":"10","H7":"10","F6":"10","F2":"10","W3":"10","X7":"10","65":"10","R9":"10","G7":"10","82":"10","F7":"10","Q5":"10","VF":"10","M4":"10","79":"10","76":"10","78":"10","52":"10","X5":"10","62":"10","J4":"10","G8":"10","88":"10","89":"10","MF":"10","V7":"10","67":"10"},"8X":{"7V":"10","H3":"10","HJ":"10","CJ":"10","JJ":"10","VX":"10","8J":"10","FH":"10","H2":"10","CH":"10","7R":"10","JH":"10","6V":"10","FJ":"10","6R":"10"},"CW":{"2P":"10","8V":"10","6C":"10","6F":"10","5G":"10","2F":"10","8J":"10","2M":"10","9M":"10","5M":"10","7F":"10","3F":"10","7X":"10","3H":"10","5P":"10","CJ":"10","GQ":"10","5F":"10","FG":"10","6P":"10","2X":"10","3R":"10","3J":"10","8H":"10","8W":"10","59":"10","39":"10","9W":"10","7P":"10","6X":"10","4P":"10","6M":"10","4W":"10","9H":"10","9P":"10","FQ":"10","FH":"10","69":"10","5X":"10","7M":"10","G3":"10","8Q":"10","CP":"10","6G":"10","9R":"10","7J":"10","4C":"10","3M":"10","CQ":"10","2W":"10","8G":"10","3X":"10","29":"10","49":"10","5H":"10","CH":"10","CM":"10","48":"10","5Q":"10","6Q":"10","4G":"10","2Q":"10","6H":"10","7V":"10","7Q":"10","7R":"10","6W":"10","8M":"10","4F":"10","9X":"10","3Q":"10","5R":"10","28":"10","3C":"10","3W":"10","9F":"10","8R":"10","4V":"10","GJ":"10","8P":"10","9V":"10","FM":"10","7W":"10","GM":"10","G4":"10","7C":"10","8F":"10","4R":"10","2R":"10","9Q":"10","38":"10","CW":"10","3V":"10","5J":"10","4X":"10","CV":"10","GP":"10","2C":"10","2V":"10","FJ":"10","4J":"10","4Q":"10","GH":"10","CX":"10","7G":"10","6J":"10","6V":"10","9G":"10","6R":"10","9J":"10","4M":"10","2J":"10","FP":"10","7H":"10","CR":"10","2G":"10","5V":"10","F4":"10","2H":"10","5W":"10","3P":"10","8X":"10","4H":"10","WW":"10","3G":"10","CG":"10","5C":"10"},"9W":{"PH":"10","JX":"10","PM":"10","9R":"10","CR":"10","FQ":"10","5R":"10","XJ":"10","9X":"10","RG":"10","PF":"10","QJ":"10","RV":"10","QG":"10","WV":"10","FH":"10","WF":"10","M3":"10","XP":"10","HP":"10","FX":"10","HQ":"10","MX":"10","JV":"10","GR":"10","W9":"10","9J":"10","MQ":"10","VP":"10","RH":"10","HH":"10","9Q":"10","FJ":"10","VH":"10","VJ":"10","MM":"10","WX":"10","HJ":"10","GH":"10","MW":"10","WC":"10","5W":"10","GG":"10","XG":"10","PR":"10","8Q":"10","WH":"10","6V":"10","QW":"10","MP":"10","GV":"10","PP":"10","PX":"10","JM":"10","HM":"10","X9":"10","J2":"10","FP":"10","CQ":"10","CJ":"10","HR":"10","8P":"10","9V":"10","6Q":"10","7R":"10","WJ":"10","9P":"10","XF":"10","MV":"10","XR":"10","MR":"10","RC":"10","X8":"10","HX":"10","XW":"10","JJ":"10","6X":"10","CX":"10","PV":"10","FM":"10","WR":"10","5V":"10","RF":"10","HG":"10","RX":"10","CH":"10","VW":"10","RP":"10","XV":"10","VQ":"10","XH":"10","RM":"10","GM":"10","V9":"10","PJ":"10","GX":"10","9M":"10","23":"10","WP":"10","QQ":"10","QM":"10","FG":"10","QV":"10","XQ":"10","CP":"10","6W":"10","8V":"10","WG":"10","HW":"10","QH":"10","JH":"10","GP":"10","CV":"10","8W":"10","GQ":"10","FR":"10","XC":"10","GJ":"10","7W":"10","XX":"10","J3":"10","JW":"10","VR":"10","VM":"10","JQ":"10","5X":"10","8X":"10","6R":"10","QR":"10","7Q":"10","JP":"10","HV":"10","RJ":"10","GW":"10","W8":"10","FV":"10","RR":"10","VG":"10","PQ":"10","CM":"10","7V":"10","VC":"10","MJ":"10","8R":"10","XM":"10","JR":"10","MH":"10","65":"10","WW":"10","R9":"10","WQ":"10","9W":"10","QX":"10","QP":"10","VF":"10","VV":"10","WM":"10","MG":"10","VX":"10","FW":"10","PW":"10","JG":"10","RQ":"10","PG":"10","CW":"10","7X":"10","MF":"10","RW":"10"},"GW":{"V5":"10","R6":"10"}},"QX":{"C2":{"FQ":"10"},"PV":{"27":"10"},"MX":{"2W":"10","HM":"10","8R":"10","4W":"10","2V":"10","7R":"10","R3":"10","4V":"3"},"JV":{"3Q":"10","2R":"10","8V":"10","2V":"10","3P":"10"},"HW":{"Q6":"10","P6":"10","R5":"10","R3":"10","P5":"10","R6":"10","Q5":"10"},"JX":{"VV":"10","XW":"10","RR":"10","XV":"10","RH":"10","WV":"10"},"PR":{"5Q":"10","5R":"10"},"GP":{"XJ":"10","PG":"10"},"PW":{"6X":"10"},"HR":{"53":"10","7J":"10","25":"10","6J":"10","52":"10","42":"10","V7":"10","RF":"10","6M":"10","6G":"10","84":"10","V9":"10","32":"10","5H":"10","24":"10","7M":"10"},"JW":{"VG":"10","FM":"10","CC":"10","VF":"10","CM":"10"},"HV":{"XR":"10"},"MV":{"X8":"10","M8":"10","X7":"10","W7":"10","93":"10"},"PX":{"9G":"10","62":"10"},"GH":{"QW":"10"},"JM":{"6P":"10","6M":"10"},"JQ":{"JC":"10","GW":"10","7P":"10","6R":"10","P5":"10","HC":"10"},"C9":{"8W":"10","CW":"10","8V":"10"},"MR":{"6C":"10","79":"10","56":"10","57":"10","76":"10","5C":"10","38":"10","87":"10","88":"10","86":"10","66":"10","37":"10","85":"10","59":"10","48":"10","46":"10","67":"10","68":"10","69":"10","77":"10","47":"10","75":"10","78":"10","58":"10","65":"10"},"HQ":{"3R":"10","4X":"10","C4":"10","WJ":"10","F3":"10","3X":"10","3W":"10","3J":"10","5V":"10","3H":"10","C3":"10","2R":"10","5R":"10","6M":"10"},"JR":{"P7":"10","P6":"10","W8":"10","2C":"10","56":"10","W6":"10","W9":"10","RW":"10","R2":"10","VW":"10"},"GR":{"X5":"10","X4":"10","X7":"10","X6":"10","W7":"10","W6":"10"},"FC":{"JP":"10"},"GJ":{"Q2":"10","P2":"10"},"GQ":{"WR":"10","XQ":"10","XW":"10","VP":"10","VX":"3","WW":"3","WX":"3","VR":"10","VW":"3","WV":"10","MG":"10"},"RR":{"57":"10"},"GM":{"5C":"10"},"HP":{"5R":"10","PC":"10","2W":"10"},"89":{"Q9":"10","R9":"10","J8":"10","RC":"10","H8":"10"}},"RX":{"M7":{"H4":"10","H3":"10"},"4X":{"MQ":"10","JR":"10","JQ":"10"},"QF":{"M4":"10","M5":"10"},"7G":{"CQ":"10","7M":"10","8R":"10","8Q":"10","9M":"10","7Q":"10","7P":"10","7R":"10","9P":"10","8M":"10","8P":"10","9Q":"10"},"9V":{"W4":"10"},"65":{"7C":"10"},"3P":{"HW":"10","HX":"10","RR":"10","QR":"10","QV":"10"}},"XP":{"F9":{"25":"10","56":"10","57":"10","47":"10","46":"10","5C":"10"},"CC":{"WH":"10"},"WX":{"XM":"10"},"C9":{"X9":"10"}},"VX":{"MJ":{"77":"10","87":"10"},"XX":{"4Q":"10"}},"RF":{"PV":{"XQ":"10"},"C5":{"3Q":"10","2Q":"10"},"7M":{"G2":"10"},"G4":{"V5":"10"}},"QP":{"VQ":{"RQ":"10"}},"QM":{"QC":{"Q2":"10","J3":"10"}},"XV":{"FJ":{"GJ":"10","FQ":"10","HM":"10","CQ":"10","GM":"10","FM":"10","FP":"10","HJ":"10","GQ":"10","JJ":"10","CP":"10","JQ":"10","JP":"10","GP":"10","HQ":"10","CM":"10","JM":"10","HP":"10"},"VH":{"95":"10"}},"XX":{"C4":{"7V":"10","8R":"10","7Q":"10","5C":"10","6Q":"10","7R":"10","59":"10","6R":"10"},"G3":{"V6":"10","V5":"10","R6":"10","V7":"10"}},"V9":{"HP":{"V9":"10"}},"WG":{"XJ":{"HQ":"10","JQ":"10"},"XQ":{"VF":"10","RF":"10"},"9P":{"G8":"10"},"P4":{"MQ":"10"},"P5":{"CR":"10"}},"PW":{"X9":{"Q5":"10"},"V2":{"MP":"10"},"X8":{"HV":"10"},"V6":{"PV":"10"},"W6":{"FM":"10","JH":"10","HH":"10","3J":"10","3H":"10"}},"XF":{"7W":{"Q3":"10"}},"VP":{"MX":{"MJ":"10","M9":"10","HC":"10","GC":"10"},"PX":{"8C":"10","PX":"10","89":"10"},"3W":{"RH":"10"}},"WW":{"53":{"64":"10"},"3M":{"H6":"10"}},"RP":{"9H":{"JH":"10"},"RP":{"74":"10","2P":"10","84":"10","73":"10","3P":"10","94":"10","2M":"10","3Q":"10","2Q":"10","83":"10","75":"10","93":"10","85":"10","3M":"10"},"QP":{"XP":"10","VP":"10","XM":"10","XQ":"10","VQ":"10","WQ":"10","WM":"10","VM":"10","WP":"10"}},"RC":{"WM":{"P9":"10","M9":"10"}},"VH":{"X9":{"6C":"10"},"Q6":{"46":"10"},"X6":{"2V":"10"},"62":{"JF":"10"}},"VW":{"VC":{"FC":"10"},"P8":{"54":"10"},"H7":{"6R":"10","5R":"10","5P":"10","4P":"10"},"3C":{"PP":"10"},"Q4":{"J9":"10"},"QM":{"G3":"10"},"M5":{"7F":"10"},"M3":{"Q5":"10"}},"RH":{"QH":{"J2":"10"},"3V":{"66":"10"},"WG":{"JC":"10"},"2W":{"HW":"10","HX":"10","GW":"10","GX":"10"}},"VJ":{"9C":{"23":"10","33":"10","34":"10","24":"10"},"W2":{"57":"10","67":"10"},"CC":{"3X":"10"},"CF":{"92":"10","32":"10"}},"XC":{"7F":{"5P":"10"},"HC":{"PR":"10","JW":"10","RR":"10","MR":"10"},"4P":{"9J":"10"}},"VC":{"4Q":{"4Q":"10"},"VR":{"J6":"10","M4":"10"},"P5":{"JJ":"10"},"X7":{"62":"10"},"MW":{"RV":"10"}},"WC":{"PW":{"W2":"10","J2":"10"},"R7":{"9H":"10"},"FM":{"CG":"10","3M":"10"},"MP":{"FV":"10","FQ":"10","HM":"10","CQ":"10","GM":"10","FM":"10","FP":"10","HJ":"10","CP":"10","9M":"10","GR":"10","FR":"10","CM":"10","CR":"10","9J":"10"},"6P":{"4X":"10","5X":"10"},"6R":{"9V":"10"},"QM":{"JX":"10"},"JJ":{"Q9":"10"},"6Q":{"52":"10","42":"10"}},"QW":{"82":{"57":"10"},"WJ":{"JG":"10","MH":"10","MC":"10","PF":"10","HF":"10","HG":"10","MJ":"10","JC":"10","JJ":"10","HH":"10","JH":"10","JF":"10","MG":"10","MF":"10"},"4P":{"97":"10","6X":"7","87":"10"},"3H":{"75":"10"},"C2":{"23":"10"},"X6":{"J7":"10"},"3J":{"HH":"10"},"FC":{"6P":"10","6Q":"10"},"HC":{"W2":"10","X2":"10"},"93":{"83":"10"},"H9":{"7W":"10","WX":"10","XX":"10","7X":"10"},"F2":{"37":"10"},"48":{"QP":"10"},"J9":{"5F":"10","4F":"10","5C":"10","4C":"10"}},"W9":{"Q6":{"68":"10","57":"10","67":"10","58":"10"},"WW":{"2R":"10","2V":"10"},"GM":{"4H":"10"},"VW":{"XV":"10","XR":"10"},"PF":{"2G":"10","3G":"10"},"P5":{"96":"10"},"FQ":{"95":"10","FV":"10"}},"RV":{"2J":{"H6":"10","VF":"10"},"FF":{"7G":"10"},"XP":{"J3":"10","H3":"10"},"JG":{"69":"10","CG":"10","79":"10"},"WG":{"HR":"10"},"P6":{"2R":"10"},"MH":{"V6":"10","V5":"10","W6":"10"},"PJ":{"32":"10"},"6G":{"9C":"10","99":"10"},"MC":{"RW":"10","X9":"10","73":"10","VW":"10"},"2H":{"2Q":"10"},"WJ":{"HW":"10","66":"10","QX":"10","QW":"10"},"GM":{"95":"10"},"Q9":{"W9":"10","8G":"10"},"FM":{"4M":"10","4P":"10"},"PG":{"H4":"10"},"J5":{"JW":"10"},"5M":{"XM":"10"},"PC":{"MH":"10","JH":"10","JG":"10","MG":"10","PG":"10"},"MJ":{"V8":"10","W8":"10"},"JC":{"QX":"10","X8":"10","RX":"10","X7":"10"},"QH":{"R5":"10"},"P5":{"M3":"10"},"J7":{"9V":"10","8V":"10","9W":"10"},"QF":{"RM":"10"},"5C":{"22":"10"},"3J":{"FP":"10"},"GR":{"XH":"10","Q9":"10","F2":"10"},"VC":{"XR":"10"},"4M":{"J7":"10","5G":"10","V7":"10"},"GH":{"HM":"10"},"6P":{"PR":"10","G5":"10"},"RF":{"4J":"10","2Q":"10","QW":"10","4P":"10"},"J6":{"F5":"10","H9":"10"},"JH":{"6V":"10"},"JF":{"94":"10","Q2":"10","R2":"10","7P":"10","RX":"10"},"HC":{"RH":"10"},"G2":{"RP":"10","VM":"10","RM":"10"},"H6":{"WH":"10","WJ":"10","VH":"10","VJ":"10"},"WX":{"94":"10"},"VH":{"83":"10","PJ":"10","RR":"10","82":"10","92":"10","93":"10"},"WC":{"4X":"10","2R":"10","2V":"10"},"H9":{"MX":"10","PX":"10"},"VW":{"CV":"10"},"G9":{"HX":"10","GX":"10"},"9C":{"WM":"10"},"MF":{"56":"10","66":"10"}},"PJ":{"97":{"FM":"10"}},"47":{"3J":{"8M":"10"},"3H":{"CQ":"10","CP":"10"}},"VF":{"X5":{"Q5":"10"}},"VG":{"6X":{"9V":"10","8V":"10"},"2G":{"5J":"10","4G":"10"},"RQ":{"83":"10"},"MW":{"QF":"10","MF":"10"}},"PM":{"P8":{"FW":"10"},"P9":{"V5":"10"},"Q8":{"MX":"10","96":"10","FP":"10","JQ":"10","CP":"10"}},"VV":{"X9":{"FH":"10","FG":"10"},"W7":{"C2":"10"},"C9":{"94":"10","84":"10","83":"10","53":"10","82":"10","92":"10","73":"10","93":"10"},"QW":{"G7":"10"},"R6":{"8G":"10"},"4J":{"6F":"10"},"R8":{"G9":"10"},"QH":{"P4":"10"},"RQ":{"P8":"10","M8":"10"},"Q8":{"7W":"10"},"9M":{"53":"10","CG":"10","9G":"10"},"F9":{"6X":"10","5X":"10"},"6P":{"Q4":"10"},"VM":{"FR":"10","FQ":"10"},"7X":{"22":"10"},"HW":{"R8":"10"},"8M":{"MF":"10","JG":"10","MG":"10"},"32":{"66":"10"},"6M":{"C3":"10"},"3M":{"7M":"10","4F":"10","6M":"10","Q5":"10","7J":"10","6J":"10"},"F6":{"J7":"10"}},"QV":{"R7":{"GJ":"10"},"QM":{"W3":"10","W2":"10"},"PJ":{"MF":"10"},"FX":{"QX":"10"},"Q9":{"GH":"10"},"JV":{"HJ":"10"},"V3":{"GJ":"10"},"5X":{"J5":"10"},"MM":{"VQ":"10"},"R8":{"PH":"10"},"QH":{"CM":"10"},"MX":{"MG":"10","PG":"10"},"QG":{"85":"10","95":"10"},"Q8":{"VF":"10","JQ":"10"},"JQ":{"FQ":"10"},"JP":{"PV":"10"},"Q6":{"87":"10","J2":"10","F6":"10"},"M8":{"VV":"10"},"JR":{"CM":"10"},"WH":{"HQ":"10"},"Q7":{"68":"10"},"7X":{"5W":"10","XX":"10"},"R5":{"Q3":"10","FJ":"10","GG":"10","HG":"10","Q4":"10","FF":"10","CF":"10","58":"10","JF":"10"},"28":{"2P":"10","3M":"10","2M":"10","2R":"10","2Q":"10"},"RH":{"49":"10","39":"10","VJ":"10"},"V8":{"JP":"10","4V":"10"}},"WF":{"GM":{"HJ":"10"},"CF":{"P3":"10"}},"QR":{"74":{"G5":"10","G6":"10"},"FQ":{"CX":"10","FW":"10","GW":"10","HV":"10","CW":"10"},"82":{"M6":"10","23":"10","P6":"10","XC":"10","33":"10","Q5":"10","PC":"10","24":"10","RG":"10","P5":"10","QG":"10","Q6":"10","W6":"10","34":"10","V4":"10","28":"10","M5":"10"},"73":{"VH":"10","H6":"10"},"92":{"R7":"10","QM":"10","R6":"10","3P":"10","V9":"10","VQ":"10","2C":"10","5C":"10","Q6":"10","R9":"10","7C":"10","VJ":"10","Q7":"10","QJ":"10","3M":"10"},"64":{"Q9":"10","R2":"10","Q8":"10"},"C2":{"FJ":"10","59":"10","64":"10","65":"10","5C":"10","58":"10"},"67":{"86":"10","85":"10"},"CR":{"M4":"10","M5":"10"},"83":{"H5":"10","H6":"10"},"93":{"4X":"10"},"72":{"XG":"10","VC":"10","Q2":"10","MJ":"10","PJ":"10","P2":"10","XC":"10","X8":"10"},"F2":{"7Q":"10"}},"W8":{"8W":{"JJ":"10"},"6W":{"83":"10","82":"10","92":"10","73":"10","93":"10","72":"10","C2":"10"},"9V":{"Q3":"10","P3":"10","Q4":"10","P4":"10","P5":"10","Q5":"10"},"FP":{"JX":"10","6V":"10"},"CP":{"QF":"10","QG":"10"},"6V":{"CX":"10","FV":"10","7W":"10","FX":"10","7V":"10","8V":"10","9V":"10","8W":"10","FW":"10","9X":"10","8X":"10","FR":"10","CR":"10","CV":"10","7X":"10","CW":"10","9W":"10"},"FR":{"68":"10","78":"10","77":"10","G3":"10"},"FQ":{"HF":"10","P8":"10","C8":"10","GG":"10","Q8":"10","HJ":"10","98":"10","P9":"10","97":"10","C7":"10","MC":"10","MG":"10","Q9":"10","FF":"10","J2":"10","99":"10","JH":"10","HG":"10","GH":"10","JG":"10","GF":"10","M4":"10","HH":"10","FH":"10","PF":"10","P4":"10","FG":"10","P7":"10"}},"X8":{"WG":{"6X":"10"},"MC":{"6X":"10","26":"10","7X":"10","58":"10","48":"10"},"PF":{"8X":"10","7X":"10"},"3X":{"8R":"10","8Q":"10","7Q":"10","7R":"10"},"W5":{"X3":"10","X4":"10"},"PG":{"72":"10"},"PM":{"8Q":"10"},"3P":{"HF":"10","JH":"10","HH":"10","HG":"10","JG":"10","JF":"10"},"MJ":{"X3":"10"},"JC":{"J6":"10","RP":"10","M6":"10","QP":"10","MG":"10","QM":"10","RM":"10"},"RG":{"C6":"10","C7":"10"},"QF":{"QH":"10"},"8J":{"64":"10"},"G8":{"F6":"10","WF":"10"},"H8":{"3R":"10","2R":"10"},"F6":{"88":"10","87":"10"},"MF":{"45":"10","63":"10","33":"10","73":"10","54":"10","64":"10","44":"10","43":"10","62":"10","42":"10","53":"10","72":"10","34":"10","52":"10"}},"X9":{"9P":{"3J":"10"},"JG":{"X5":"10","X6":"10"},"MG":{"25":"10","26":"10","36":"10","35":"10","27":"10"},"8P":{"G3":"10"}}}}