{"6F":{"XW":{"49":{"QR":"10","QV":"10"},"7H":{"HH":"10"}},"Q7":{"GP":{"J6":"10","QJ":"10","QM":"10"},"GQ":{"Q4":"10","P4":"10","P5":"10"}},"MH":{"XJ":{"Q3":"10","P3":"10"},"XH":{"JV":"10","GQ":"10","MX":"10","JQ":"10","GR":"10","JR":"10","HQ":"10","HR":"10","MR":"10","HW":"10","HP":"10","JW":"10"},"VG":{"38":"10","C9":"10","HG":"10","F8":"10","C2":"10","X3":"10","X4":"10","F9":"10","C8":"10","C3":"10","83":"10","93":"10","52":"10","H9":"10","WC":"10"},"GG":{"96":"10","GC":"10"},"WG":{"53":"10","25":"10","23":"10","56":"10","82":"10","43":"10","92":"10","52":"10","42":"10","36":"10","33":"10","74":"10","44":"10","35":"10","83":"10","76":"10","84":"10","45":"10","26":"10","34":"10","66":"10","72":"10","85":"10","62":"10","46":"10","64":"10","54":"10","75":"10","24":"10","63":"10","73":"10","65":"10","93":"10","55":"10"},"VF":{"XW":"10","7P":"10","8P":"10","7Q":"10"},"WF":{"6X":"10","4X":"10","6W":"10","5X":"10","7W":"10","7X":"10","2W":"10"}},"C7":{"HJ":{"VG":"10","WG":"10"}},"R2":{"XJ":{"9H":"10"},"84":{"5Q":"10","7P":"10","7M":"10","6P":"10","6Q":"10","5P":"10","5M":"10"},"FW":{"26":"10"},"63":{"PW":"10","9Q":"10"},"WJ":{"8J":"10","3Q":"10","4J":"10","3J":"10","5J":"10","3M":"10","2M":"10","4M":"10"},"HF":{"R8":"10","Q8":"10","XF":"10"},"RQ":{"3X":"10","2X":"10"},"54":{"8G":"10"},"GV":{"J7":"10"},"CW":{"X6":"10"},"JF":{"2F":"10","4H":"10","5H":"10"}},"XC":{"WR":{"CV":"10","9Q":"10","5P":"10","5X":"10","8Q":"10","7J":"10","6P":"10","4X":"10","2W":"10","9H":"10","CM":"10","6J":"10","6Q":"10","4M":"10","CW":"10","8G":"10","8X":"10","7X":"10","5Q":"10","7H":"10","3P":"10","7R":"10","7V":"10","9G":"10","9W":"10","7P":"10","CH":"10","CR":"10","9P":"10","6M":"10","8J":"10","3M":"10","3V":"10","2P":"10","6V":"10","CJ":"10","8R":"10","4R":"10","6X":"10","8M":"10","3Q":"10","8W":"10","5V":"10","5R":"10","5M":"10","9X":"10","8V":"10","2X":"10","6W":"10","4W":"10","9J":"10","5J":"10","2R":"10","CX":"10","2V":"10","9V":"10","CP":"10","3X":"10","6R":"10","4V":"10","9M":"10","7Q":"10","2M":"10","CQ":"10","3R":"10","5W":"10","8H":"10","7M":"10","4Q":"10","4P":"10","3W":"10","9R":"10","7W":"10","7G":"10","8P":"10","2Q":"10"},"RW":{"R7":"10"},"H4":{"2F":"10"},"VV":{"G6":"10","F6":"10","H3":"10","R2":"10","W5":"10","P5":"10","F5":"10","J4":"10","V2":"10","C4":"10","H6":"10","M5":"10","Q3":"10","P4":"10","Q2":"10","J5":"10","H5":"10","W4":"10","F3":"10","G2":"10","G5":"10","R3":"10","M6":"10","H2":"10","X3":"10","J2":"10","R5":"10","V5":"10","Q4":"10","H4":"10","R6":"10","C3":"10","G3":"10","M3":"10","M2":"10","W3":"10","M4":"10","G4":"10","V4":"10","J6":"10","P2":"10","X2":"10","P3":"10","Q6":"10","J3":"10","F4":"10","R4":"10","Q5":"10","W2":"10","F2":"10","V6":"10","V3":"10","P6":"10","X4":"10"},"VX":{"HF":"10","GC":"10","HC":"10","GG":"10","8G":"10","HJ":"10","9G":"10","CH":"10","9C":"10","JF":"10","MH":"10","8F":"10","MG":"10","FF":"10","9F":"10","HG":"10","JH":"10","GH":"10","JG":"10","GF":"10","HH":"10","FH":"10","CC":"10","GJ":"10","FC":"10","FG":"10","CF":"10","CG":"10"},"VR":{"XX":"10","XP":"10","QX":"10","VV":"10","MV":"10","XV":"10","QW":"10","PW":"10","VP":"10","WV":"10","PR":"10","MW":"10","VR":"10","XM":"10","XQ":"10","QQ":"10","MX":"10","PV":"10","VQ":"10","VX":"10","RQ":"10","RX":"10","RV":"10","WQ":"10","QR":"10","QV":"10","XR":"10","RR":"10","RW":"10","WR":"10","JX":"10","WX":"10","WW":"10","PX":"10","XW":"10","WP":"10","VW":"10"},"VW":{"83":"10","73":"10"},"WV":{"23":"10","74":"10","84":"10","63":"10","82":"10","33":"10","22":"10","73":"10","92":"10","95":"10","C2":"10","24":"10","94":"10","43":"10","62":"10","42":"10","M9":"10","C3":"10","83":"10","53":"10","93":"10","72":"10","34":"10","52":"10","8M":"10","85":"10","32":"10","C4":"10"}},"XH":{"8J":{"C4":"10","F4":"10"},"9V":{"XQ":"10","XR":"10"},"F7":{"78":"10"},"JQ":{"CR":"10","FR":"10","4W":"10"},"CV":{"2R":"10","2Q":"10"}},"R7":{"8J":{"94":"10","97":"10","MF":"10","JC":"10","MC":"10","JF":"10"},"7H":{"XQ":"10"},"9M":{"25":"10","26":"10"},"8H":{"2P":"10"},"8M":{"X6":"10"}},"JH":{"W5":{"92":"10","65":"10","C2":"10"},"54":{"WR":"10","XQ":"10","XR":"10"},"W4":{"9W":"10"}},"V7":{"84":{"4Q":"10","3M":"10","GR":"10","2R":"10","CM":"10"},"76":{"49":"10","59":"10","JF":"10"},"66":{"P9":"10","WG":"10","VG":"10","WH":"10","Q7":"10","X5":"10","VH":"10","M5":"10"},"74":{"VX":"10","XR":"10","WX":"10"},"65":{"MV":"10","QP":"10"},"F6":{"QH":"10"},"75":{"9V":"10","V9":"10","Q6":"10","VC":"10","W9":"10","R9":"10","8P":"10","9R":"10"}},"VR":{"WM":{"W2":"10","V2":"10"}},"V2":{"MQ":{"5W":"10","4W":"10"},"CC":{"5X":"10"},"CF":{"52":"10"}},"7R":{"44":{"RV":"10"}},"GF":{"9C":{"RV":"10"},"CC":{"FF":"10","CC":"10","4J":"10","GC":"10","4M":"10","CF":"10","FC":"10"},"CG":{"92":"10","C3":"10","93":"10","C2":"10"},"CF":{"23":"10","34":"10","24":"10"}},"6J":{"C5":{"CP":"10"}},"R8":{"3Q":{"J2":"10","M2":"10"},"3P":{"FW":"10","HX":"10","GX":"10"}},"2M":{"XG":{"23":"10","45":"10","33":"10","55":"10","68":"10","44":"10","67":"10","57":"10","43":"10","42":"10","56":"10","53":"10","34":"10","32":"10"},"XC":{"H2":"10"},"WC":{"M5":"10"},"VM":{"QP":"10","QQ":"10"},"FX":{"H5":"10","J5":"10"},"X7":{"P2":"10","Q3":"10","R2":"10","VM":"10","X3":"10","WJ":"10","Q8":"10","Q2":"10","XP":"10","XJ":"10","Q7":"10","R4":"10","WQ":"10","XM":"10","P3":"10","X4":"10","VJ":"10","V3":"10","XQ":"10","WM":"10","R3":"10","X2":"10","X7":"10","WP":"10","Q4":"10","P4":"10","W2":"10","V2":"10","W7":"10","V4":"10","W8":"10","X8":"10"},"X6":{"XX":"10","QX":"10","VV":"10","QW":"10","XV":"10","PW":"10","WV":"10","PV":"10","VX":"10","RX":"10","RV":"10","QV":"10","RW":"10","WX":"10","WW":"10","XW":"10","PX":"10","VW":"10"},"M5":{"P9":"10","Q9":"10"}},"XM":{"XJ":{"86":"10","H7":"10","Q4":"10"},"9C":{"55":"10","8F":"10","26":"10"},"XG":{"WF":"10"},"P6":{"WX":"10"},"8C":{"P9":"10","X6":"10"},"79":{"VG":"10","RJ":"10","RG":"10","VJ":"10","RM":"10"},"3M":{"2C":"10","C8":"10","58":"10"},"8V":{"5M":"10"},"89":{"4R":"10","6W":"10","22":"10","3R":"10","7J":"10","6F":"10","89":"10","PX":"10","4V":"10","32":"10"},"7Q":{"4G":"10"},"7C":{"X3":"10"},"6Q":{"XG":"10"}},"Q9":{"28":{"WC":"10"},"JC":{"JM":"10"},"RR":{"6W":"10"},"7P":{"FG":"10"},"7M":{"49":"10","39":"10","48":"10"},"F2":{"CQ":"10","8V":"10","8R":"10","9V":"10","8Q":"10","CR":"10","CV":"10","9Q":"10","9R":"10"},"VW":{"9M":"10"},"G2":{"4V":"10"},"6M":{"CP":"10"},"2W":{"4F":"10","4G":"10","3H":"10","5J":"10","4J":"10","5H":"10","6F":"10","5C":"10","6C":"10","4H":"10","5G":"10","5F":"10"},"5P":{"J6":"10","H7":"10","H6":"10"},"H2":{"C7":"10"}},"PW":{"9H":{"W2":"10","M6":"10","7F":"10","2W":"10","9G":"10","CG":"10","J5":"10","G7":"10","F7":"10","F8":"10","CJ":"10","7J":"10","9H":"10","8H":"10","7Q":"10","G8":"10","CH":"10","6Q":"10","X2":"10","G6":"10","8F":"10","8M":"10","7H":"10"},"CG":{"6R":"10","5R":"10","7Q":"10","7V":"10","7R":"10"},"9G":{"PV":"10","XG":"10","MP":"10"},"8H":{"XW":"10"}},"4Q":{"67":{"R5":"10","Q4":"10","R4":"10","Q5":"10"}},"6P":{"PR":{"QQ":"10"},"FC":{"H7":"10","H8":"10"},"CC":{"MP":"10"}},"2Q":{"WX":{"GX":"3"}},"CQ":{"RX":{"PC":"10"}},"W6":{"GG":{"7P":"10","8P":"10"},"FH":{"39":"10","38":"10","29":"10"},"FF":{"JQ":"10"},"P5":{"68":"10"},"CH":{"7W":"10","QW":"10","8V":"10","9V":"10","8W":"10","8X":"10","7X":"10","9W":"10"}},"Q2":{"R5":{"8M":"10"},"RV":{"VQ":"10","VP":"10"}},"VC":{"8X":{"5Q":"10","4Q":"10","5R":"10","4R":"10"},"9J":{"RJ":"10","QJ":"10","VJ":"10","QM":"10","RM":"10"},"6M":{"52":"10","62":"10"},"CM":{"83":"10","55":"10","56":"10","54":"10","82":"10","64":"10","65":"10","73":"10","46":"10"},"6J":{"6X":"10","5X":"10"}},"9V":{"J4":{"F5":"10","G6":"10","F6":"10"}},"MC":{"PR":{"V5":"10","Q5":"10","Q3":"10","R4":"10","R5":"10","R3":"10","Q4":"10"},"PP":{"WG":"10","VF":"10","WF":"10","VG":"10","XH":"10","XG":"10","XJ":"10","WH":"10","VH":"10"},"QR":{"52":"10","42":"10"},"QP":{"2G":"10","3F":"10","2F":"10","3J":"10","3G":"10","2J":"10","3H":"10","2H":"10"},"PQ":{"VQ":"10","M9":"10","Q4":"10","WQ":"10","Q5":"10"},"QQ":{"4X":"10","5X":"10","4M":"10","5M":"10"}},"W4":{"VH":{"QW":"10","QV":"10"}},"QF":{"J6":{"GP":"10"},"3Q":{"P8":"10","P9":"10","M9":"10","M8":"10"},"69":{"8W":"10"},"Q8":{"46":"10"},"FV":{"8J":"10"}},"FV":{"7H":{"XM":"10"}},"RQ":{"Q2":{"V3":"10"}},"RF":{"F2":{"6C":"10","7J":"10","79":"10","9H":"10","6J":"10","8G":"10","PR":"10","7H":"10","7C":"10","9G":"10","7F":"10","8J":"10","6G":"10","9C":"10","5C":"10","8F":"10","PQ":"10","49":"10","59":"10","5F":"10","4C":"10","6F":"10","9F":"10","99":"10","9J":"10","5J":"10","4J":"10","6H":"10","4F":"10","5G":"10","8C":"10","69":"10","4G":"10","5H":"10","8H":"10","4H":"10","7G":"10","89":"10"},"C3":{"Q3":"10","R7":"10","W5":"10","W3":"10","R5":"10","V7":"10","Q5":"10","Q7":"10","R4":"10","Q6":"10","W6":"10","V6":"10","R6":"10","W4":"10","V5":"10","P3":"10","V3":"10","R3":"10","Q4":"10","P4":"10","P6":"10","P5":"10","P7":"10","W7":"10","V4":"10"}},"HF":{"VQ":{"88":"10","77":"10","9M":"10","8M":"10"}},"MJ":{"PR":{"QF":"10","PJ":"10"}},"G8":{"9P":{"28":"10","39":"10","38":"10","29":"10"},"9J":{"9V":"10","8R":"10"},"8M":{"H8":"10"},"8P":{"VC":"10","PJ":"10","VQ":"10","QJ":"10","VP":"10","RP":"10","QP":"10","WQ":"10","QM":"10","RM":"10","PM":"10","WP":"10"}},"3M":{"38":{"PR":"10","MR":"10"},"25":{"XV":"10"},"4F":{"8R":"10","8Q":"10","9M":"10","7Q":"10","7P":"10","5Q":"10","CM":"10","9P":"10","8M":"10","8P":"10","9Q":"10","9J":"10","9R":"10","6R":"10"},"39":{"G6":"10","G7":"10"},"35":{"QM":"10","FF":"10","CC":"10","MP":"10","H7":"10","GC":"10","JJ":"10","F9":"10","G8":"10","JH":"10","FC":"10","H8":"10","PP":"10","G9":"10"},"CJ":{"25":"10","24":"10"},"57":{"84":"10","25":"10","J2":"10","35":"10","C2":"10","G3":"10","94":"10","37":"10","H2":"10","C3":"10","83":"10","G2":"10","36":"10","26":"10","R2":"10","F2":"10","C4":"10"},"46":{"XC":"10","3H":"10"},"29":{"QH":"10"},"56":{"CV":"10","9Q":"10","8Q":"10","CM":"10","CW":"10","RW":"10","JX":"10","RX":"10","H9":"10","VX":"10","MW":"10","FQ":"10","8R":"10","G8":"10","MC":"10","PW":"10","FM":"10","H8":"10","JW":"10","FX":"10","CX":"10","CP":"10","XC":"10","WC":"10","FW":"10","MM":"10","FH":"10","PH":"10","FP":"10","PJ":"10","QG":"10","FR":"10","G9":"10","CQ":"10","CC":"10","FV":"10","PG":"10","FC":"10","QV":"10","HX":"10","GV":"10","9R":"10","RR":"10"},"CM":{"84":"10"},"7C":{"RQ":"10"},"27":{"2J":"10","23":"10","38":"10","2P":"10","4Q":"10","4P":"10","33":"10","22":"10","35":"10","5J":"10","5M":"10","4J":"10","3P":"10","57":"10","24":"10","2M":"10","37":"10","42":"10","2C":"10","3Q":"10","3J":"10","5P":"10","5Q":"10","4M":"10","58":"10","2Q":"10","27":"10","34":"10","52":"10","28":"10","32":"10","3M":"10","48":"10","47":"10"},"36":{"RH":"10"},"26":{"4X":"10","5X":"10","5W":"10","3X":"10","3W":"10","3V":"10","2V":"10","2X":"10","2W":"10","4W":"10"},"9J":{"X5":"10"},"48":{"P8":"10","MJ":"10","PJ":"10","P7":"10","MH":"10","JH":"10","PH":"10","MM":"10","JJ":"10","JM":"10","PM":"10"},"66":{"CX":"10","FW":"10","GW":"10","GX":"10","CW":"10","FX":"10","FV":"10","CV":"10"}},"HH":{"J8":{"G9":"10","H9":"10","HC":"10","GC":"10"},"V3":{"FQ":"10"}},"7H":{"7W":{"89":"10"},"5V":{"W5":"10","W4":"10"},"6V":{"54":"10","53":"10","44":"10"}},"CV":{"VX":{"63":"10","52":"10","62":"10"}},"R3":{"MC":{"57":"10"},"C6":{"76":"10","86":"10","V5":"10","R6":"10","J5":"10","54":"10","C2":"10","44":"10","94":"10","43":"10","J4":"10","R5":"10","87":"10","C4":"10","77":"10"},"55":{"CQ":"10","QQ":"10"},"57":{"CX":"10","9X":"10","Q4":"10"},"46":{"97":"10","H7":"10","96":"10","C6":"10","G7":"10","C7":"10"},"V7":{"GF":"10"},"65":{"8C":"10","GV":"10","9J":"10","5R":"10","CM":"10"},"7Q":{"RJ":"10","QJ":"10","QH":"10","RH":"10","RG":"10","QG":"10"},"JQ":{"H4":"10","J4":"10"},"56":{"63":"10","GV":"10","GR":"10","HR":"10","FR":"10"},"58":{"9C":"10"},"75":{"4H":"10","3H":"10"},"CW":{"24":"10"},"32":{"9H":"10","9G":"10","8G":"10"},"6M":{"V9":"10"},"6J":{"H3":"10","H2":"10"},"F5":{"GQ":"10"},"66":{"78":"10","77":"10","87":"10"}},"WV":{"MX":{"8F":"10","9F":"10","9G":"10","8G":"10"},"3R":{"76":"10","68":"10","66":"10","77":"10","67":"10"},"5G":{"3W":"10","3V":"10","2V":"10","2W":"10"},"JH":{"PW":"10","QW":"10"},"FG":{"FQ":"10"},"5V":{"82":"10"},"7C":{"69":"10"}},"QP":{"FW":{"PQ":"10"}},"X9":{"2J":{"F5":"10"},"3G":{"7F":"10","92":"10","C2":"10","F3":"10","M2":"3","C3":"10","7C":"10","P2":"3","F2":"10"},"76":{"XG":"10"},"86":{"2G":"10","2J":"10","2H":"10"},"4F":{"3X":"10"},"55":{"XQ":"10","V9":"10","XR":"10"},"39":{"FW":"10","GW":"10"},"C2":{"69":"10","68":"10"},"3F":{"CV":"10","MX":"3","HF":"10","GW":"10","8Q":"10","MJ":"10","CW":"10","92":"10","7R":"10","9W":"10","83":"10","84":"10","38":"10","JF":"10","8R":"10","MH":"10","MG":"10","9X":"10","85":"10","8V":"10","FX":"10","95":"10","CX":"10","9V":"10","PX":"3","JG":"10","39":"10","FW":"10","PH":"10","7Q":"10","PG":"10","94":"10","93":"10","9R":"10"},"46":{"R3":"10","Q4":"10","R4":"10","V4":"10"},"65":{"3R":"10","G7":"10","F7":"10","R8":"10","F8":"10","X6":"10","V9":"10","G8":"10","2V":"10","3V":"10","2R":"10","V8":"10","F6":"10"},"62":{"V4":"10"},"56":{"R4":"10"},"2F":{"PJ":"10","VQ":"10","RQ":"10","MH":"10","PH":"10"},"72":{"C9":"10"},"59":{"GJ":"10","HM":"10","CG":"10","HJ":"10","JJ":"10","FH":"10","CH":"10","HH":"10","GH":"10","FJ":"10"},"85":{"JH":"10"},"3C":{"97":"10","96":"10","FP":"10","C6":"10","CP":"10","7V":"10","FQ":"10","C7":"10"},"66":{"J7":"10","H7":"10","88":"10","J8":"10","H8":"10","G7":"10"}},"CG":{"R7":{"XH":"10","F5":"10","44":"10","M4":"10","X8":"10","Q7":"10","J2":"10","V4":"10"},"Q6":{"PJ":"10","PH":"10"},"V6":{"7J":"10","CM":"10","MP":"10","7R":"10","H9":"10","GP":"10","6X":"10","M9":"10","V9":"10","8F":"10","FF":"10","6F":"10","4W":"10","5J":"10","GH":"10","PH":"10","PF":"10","VF":"10","3F":"10","4G":"10","4Q":"10","CG":"10"},"W7":{"84":"10","V9":"10","G5":"10","65":"10","4M":"10","JJ":"10"},"R6":{"WJ":"10","RQ":"10","WW":"10","VJ":"10"},"V7":{"55":"10","22":"10","44":"10"},"W6":{"3F":"10"}},"CW":{"Q5":{"XG":"10","WG":"10"}},"WR":{"PW":{"H5":"10","H6":"10"},"FM":{"XM":"10"},"J3":{"43":"10"}},"W8":{"MH":{"CW":"10"},"9H":{"XV":"10"},"Q8":{"76":"10","86":"10","87":"10"},"V5":{"R3":"10","R4":"10","V3":"10"}},"8V":{"P9":{"2H":"10"},"M9":{"XH":"10"}},"VM":{"8H":{"J7":"10","M7":"10","J6":"10","P7":"10","P6":"10","M6":"10"},"CH":{"F3":"10","F2":"10"}},"PF":{"38":{"PV":"10","P6":"10"},"2P":{"42":"10"},"25":{"68":"10","FV":"10"},"33":{"43":"10"},"39":{"H7":"10","C8":"10","99":"10","F8":"10"},"3P":{"RW":"10","63":"10","52":"10","7F":"10","53":"10","VW":"10","7J":"10","WP":"10"},"57":{"69":"10","4H":"10","9H":"10","3H":"10","2Q":"10","2X":"10","7J":"10"},"24":{"79":"10","7C":"10"},"46":{"WV":"10"},"2M":{"PV":"10","PR":"10","VP":"10"},"56":{"6M":"10"},"RF":{"G5":"10"},"3M":{"R5":"10","9P":"10"}},"PQ":{"7Q":{"26":"10","27":"10"}},"7Q":{"P7":{"JP":"10","H4":"10","C5":"10","F5":"10","82":"10","MP":"10","G4":"10","57":"10","74":"10","83":"10","CH":"10","9C":"10","84":"10","72":"10","96":"10","J7":"10","GH":"10","JM":"10","67":"10","C9":"10","68":"10","MM":"10","H7":"10","CC":"10","94":"10","58":"10","P6":"10","CF":"10","73":"10","H3":"10","CG":"10"},"M6":{"8V":"10","7V":"10"},"MH":{"X2":"10"},"GV":{"55":"10"},"PG":{"3X":"10","3W":"10","2V":"10","2X":"10","2W":"10"},"M7":{"XM":"10","VV":"10","FW":"10","9X":"10","PQ":"10","46":"10","WM":"10"},"H7":{"6F":"10"},"GC":{"RW":"10","WW":"10"},"J8":{"QX":"10","VF":"10","WF":"10","4J":"10","GX":"10","XM":"10","9X":"10","RX":"10","VC":"10","4M":"10","6P":"10","2F":"10","XJ":"10","JF":"10","RW":"10","WC":"10","PX":"10","6M":"10"},"QH":{"3G":"10","95":"10","35":"10"},"M8":{"84":"10","82":"10","J2":"10","X8":"5","92":"10","Q5":"10","Q3":"10","R4":"10","24":"10","V7":"10","P4":"10","7R":"10","6V":"10","83":"10","75":"10","72":"10","R5":"10","Q4":"10","6R":"10"},"J6":{"VV":"10"},"PH":{"22":"10"},"JF":{"9G":"10"},"H8":{"WH":"10","R9":"10","56":"10","57":"10","QC":"10","R4":"10","WG":"10","Q9":"10","XF":"10","RC":"10","V3":"10","R3":"10","XC":"10","VC":"10","WC":"10","W9":"10","47":"10","XH":"10","WF":"10","V4":"10","X9":"10"},"HC":{"M7":"10","P7":"10","QH":"10","RH":"10","RG":"10","QG":"10"},"H9":{"Q4":"10","R4":"10"},"MG":{"H7":"10","XW":"10","XX":"10"},"G9":{"WC":"10"},"J9":{"63":"10","4Q":"10","5R":"10","3R":"10","8Q":"10","7Q":"10","5Q":"10","3V":"10","W3":"10"}},"2R":{"W2":{"G2":"3"},"F8":{"3W":"10"}},"X3":{"H5":{"5J":"10","3P":"10","4R":"10"},"M9":{"JR":"10","JQ":"10"},"G5":{"XX":"10"},"MM":{"X9":"10"},"PM":{"79":"10"}},"V8":{"RP":{"3Q":"10"}},"R5":{"J9":{"9C":"10","8J":"10","88":"10","78":"10","77":"10","9H":"10","8H":"10","87":"10","8M":"10"},"GW":{"XW":"10","XV":"10","XX":"10"},"HW":{"2V":"10","2X":"10","2W":"10"},"H9":{"WJ":"10","RJ":"10","9H":"10","CG":"10","VJ":"10","89":"10","CH":"10"},"JF":{"4X":"10"},"FJ":{"8W":"10","9W":"10"},"FM":{"74":"10","63":"10","84":"10","73":"10","64":"10","95":"10","94":"10","53":"10","83":"10","75":"10","93":"10","85":"10"},"H8":{"P3":"10","M4":"10","P4":"10","M3":"10"},"HG":{"C6":"10","C7":"10"},"J7":{"68":"10"},"JG":{"74":"10"},"G7":{"X9":"10"},"C9":{"XW":"10","XX":"10","MM":"10"},"FH":{"82":"10","73":"10","72":"10"},"F9":{"3Q":"10","HM":"10","2X":"10","2W":"10"},"H7":{"29":"10"},"FP":{"97":"10"},"G9":{"JH":"10","9P":"10","3V":"10","WC":"10","5V":"10","2V":"10"},"CC":{"QF":"10","FW":"10","FX":"10","PF":"10","PG":"10","QG":"10"},"FC":{"3Q":"10","5W":"10"},"CG":{"QM":"10","HM":"10","VP":"10","RP":"10","PM":"10","MM":"10","MP":"10","QP":"10","QQ":"10","RM":"10","VQ":"10","RQ":"10","JP":"10","PQ":"10","JM":"10","VM":"10","HP":"10","PP":"10"}},"QJ":{"G7":{"MJ":"10"}},"2P":{"MV":{"8W":"10","CX":"10","8X":"10","FW":"10","9X":"10","7W":"10","CW":"10","7X":"10","FX":"10","9W":"10"},"VQ":{"69":"10","59":"10","58":"10"},"8C":{"6G":"10","6C":"10"},"2V":{"3V":"10","2V":"10"},"MW":{"74":"10","76":"10","84":"10","82":"10","86":"10","C6":"10","73":"10","92":"10","95":"10","F3":"10","C2":"10","96":"10","94":"10","C5":"10","F4":"10","C3":"10","83":"10","75":"10","93":"10","72":"10","F2":"10","85":"10","C4":"10","F6":"10","F5":"10"}},"W7":{"RQ":{"56":"10"},"R3":{"HR":"10"},"WV":{"VR":"10","2H":"10"},"43":{"FJ":"10","FM":"10","FH":"10","GP":"10","GQ":"10","CM":"10"}},"FP":{"4R":{"G8":"10"}},"V5":{"CX":{"JP":"10","HP":"10"},"FV":{"6X":"10","4X":"10","5X":"10","5W":"10","5V":"10","4V":"10","4W":"10"},"9V":{"MQ":"10"},"GF":{"Q3":"10","H4":"10","C5":"10","R2":"10","F5":"10","F4":"10","G4":"10","G5":"10","R5":"10","Q2":"10","J6":"10","Q5":"10","Q7":"10","G2":"10","R4":"10","J3":"10","84":"10","Q6":"10","F3":"10","V6":"10","H5":"10","R6":"10","M5":"10","F6":"10","V5":"10","G3":"10","J4":"10","M7":"10","P3":"10","J7":"10","95":"10","V3":"10","R3":"10","C4":"10","G7":"10","M4":"10","M6":"10","H7":"10","Q4":"10","M3":"10","P4":"10","94":"10","P6":"10","J5":"10","P5":"10","G6":"10","V2":"10","93":"10","P7":"10","C3":"10","H3":"10","V4":"10","H6":"10"},"FW":{"52":"10","54":"10","53":"10","44":"10","33":"10","42":"10","GC":"10","34":"10","43":"10"},"49":{"XJ":"10","XH":"10"},"9X":{"VC":"10"},"62":{"M7":"10","P7":"10","M9":"10"},"RW":{"VX":"10"},"CV":{"53":"10","5X":"10","4X":"10","56":"10","7X":"10","52":"10","7V":"10","3V":"10","6V":"10","6X":"10","66":"10","5V":"10","6W":"10","4W":"10","3X":"10","64":"10","4V":"10","54":"10","5W":"10","3W":"10","65":"10","7W":"10","55":"10"},"CW":{"37":"10","52":"10","53":"10","42":"10","62":"10","43":"10"},"9W":{"X9":"10","X8":"10","W9":"10"},"48":{"WH":"10"}},"P8":{"VX":{"GJ":"10","HX":"10","CG":"10","HJ":"10","GX":"10","F7":"10","67":"10","57":"10","56":"10","CH":"10","HW":"10","9W":"10","GW":"10","66":"10"},"WW":{"2F":"10","GC":"10","24":"10"},"WX":{"7X":"10","5M":"10"},"VW":{"MF":"10","HR":"10"},"RX":{"CX":"10","FX":"10"},"W7":{"JG":"3","PF":"3","PG":"3","PC":"3","QH":"3","QG":"3","JF":"3","PH":"3","MG":"3","MF":"3"}},"XJ":{"C2":{"PQ":"10"},"8X":{"WJ":"10","WG":"10"},"8F":{"PX":"10","QX":"10"},"5F":{"3V":"10"},"RH":{"M4":"10"},"F2":{"P8":"10","Q9":"10","P7":"10","Q8":"10"},"6M":{"69":"10","68":"10"}},"R9":{"VC":{"75":"10"},"FH":{"63":"10","62":"10"},"23":{"39":"10"},"FG":{"65":"10","PF":"10","43":"10"},"CG":{"84":"10","G3":"10","F4":"10","RC":"10","G4":"10","G5":"10","R3":"10"},"CF":{"HX":"10","QJ":"10","QP":"10","CR":"10","QQ":"10"}},"HQ":{"HW":{"7W":"10"}},"GW":{"38":{"39":"10","97":"10","55":"10","6C":"10","C7":"10","98":"10","58":"10","54":"10","4H":"10","5C":"10","7C":"10","75":"10","56":"10","89":"10","5F":"10","69":"10","79":"10","77":"10","C6":"10","47":"10","78":"10","3C":"10","68":"10","57":"10","36":"10","46":"10","5H":"10","67":"10","5G":"10","88":"10","26":"10","64":"10","96":"10","37":"10","48":"10","4G":"10","66":"10","86":"10","34":"10","35":"10","59":"10","4F":"10","25":"10","45":"10","33":"10","85":"10","44":"10","65":"10","27":"10","4C":"10","87":"10","43":"10","28":"10","76":"10","24":"10","38":"10","53":"10","49":"10","6F":"10"}},"CR":{"QQ":{"8P":"10"}},"RH":{"W7":{"H5":"10"}},"RC":{"84":{"FC":"10","CC":"10","FF":"10","H3":"10","G2":"10","G3":"10","CF":"10","H2":"10"},"57":{"6W":"10","8P":"10"}},"W3":{"MJ":{"7M":"10","7J":"10"},"X5":{"J2":"10","H2":"10"},"R3":{"JH":"10"},"X4":{"VC":"10","V9":"10","VP":"10","VM":"10","QG":"10"}},"FC":{"5R":{"V3":"10"},"7Q":{"HQ":"10","MP":"10","PP":"10","JG":"10","GM":"10","GJ":"10"}},"Q8":{"5Q":{"4X":"10","5X":"10"},"VR":{"FW":"10","FV":"10"},"R4":{"G3":"10","G4":"10","F4":"10"},"3P":{"3G":"10","3H":"10"},"29":{"MX":"10","PX":"10","MW":"10"}},"P9":{"J7":{"JC":"10","HC":"10"},"Q2":{"Q3":"10","6H":"10","P3":"10","Q4":"10","P4":"10"},"V2":{"94":"10","84":"10","9M":"10","9J":"10","5C":"10","4C":"10"},"R2":{"C2":"10","7V":"3","Q5":"3","Q7":"3","GX":"10","Q6":"3","6V":"3","F3":"10","6X":"3","6W":"3","FX":"10","F2":"10","C4":"10","5W":"3","P6":"3","P5":"3","C3":"10","7W":"3","P7":"3"},"95":{"PJ":"10","QJ":"10","QH":"10","PH":"10"},"M8":{"H4":"10","G4":"10"}},"X6":{"MX":{"VG":"10","WG":"10"},"QX":{"PH":"10","2V":"10","8C":"10","JX":"10","PM":"10","9R":"10","CR":"10","FQ":"10","H8":"10","5R":"10","9X":"10","5F":"10","RG":"10","PF":"10","QJ":"10","6J":"10","JF":"10","J8":"10","8J":"10","RV":"10","QG":"10","HF":"10","WV":"10","FH":"10","3J":"10","WF":"10","CF":"10","V8":"10","FF":"10","8F":"10","4F":"10","HP":"10","58":"10","FX":"10","HQ":"10","M8":"10","MX":"10","4G":"10","QF":"10","JV":"10","GR":"10","W9":"10","3H":"10","4H":"10","9J":"10","R8":"10","MQ":"10","7P":"10","GC":"10","VP":"10","2H":"10","RH":"10","HH":"10","6G":"10","7F":"10","P8":"10","9Q":"10","7J":"10","FJ":"10","4M":"10","C8":"10","VH":"10","VJ":"10","9H":"10","3V":"10","WX":"10","MM":"10","HJ":"10","GH":"10","C9":"10","MW":"10","WC":"10","5W":"10","GG":"10","59":"10","38":"10","PR":"10","8Q":"10","2X":"10","WH":"10","6V":"10","QW":"10","PC":"10","MP":"10","7C":"10","GV":"10","PP":"10","2F":"10","JC":"10","3C":"10","2Q":"10","PX":"10","JM":"10","HM":"10","F8":"10","98":"10","FP":"10","9C":"10","H9":"10","CQ":"10","CJ":"10","5C":"10","HR":"10","8P":"10","4R":"10","9V":"10","6Q":"10","7R":"10","WJ":"10","9P":"10","3R":"10","MV":"10","MR":"10","RC":"10","3X":"10","HC":"10","HX":"10","Q8":"10","JJ":"10","6X":"10","CX":"10","48":"10","PV":"10","99":"10","FM":"10","CG":"10","49":"10","6M":"10","WR":"10","5V":"10","RF":"10","HG":"10","RX":"10","2G":"10","MC":"10","2P":"10","3Q":"10","CH":"10","VW":"10","Q9":"10","7G":"10","RP":"10","VQ":"10","RM":"10","CC":"10","39":"10","GM":"10","V9":"10","8H":"10","PJ":"10","8G":"10","3M":"10","GX":"10","9M":"10","WP":"10","2M":"10","QQ":"10","5G":"10","P9":"10","QM":"10","FG":"10","QV":"10","CP":"10","6H":"10","4V":"10","9F":"10","6W":"10","6F":"10","8V":"10","4W":"10","28":"10","WG":"10","HW":"10","QH":"10","JH":"10","GP":"10","CV":"10","8W":"10","GQ":"10","4J":"10","J9":"10","FR":"10","GJ":"10","3F":"10","29":"10","7W":"10","JW":"10","VR":"10","4X":"10","5J":"10","68":"10","VM":"10","JQ":"10","5X":"10","8X":"10","5Q":"10","6R":"10","7Q":"10","QR":"10","69":"10","4C":"10","6P":"10","JP":"10","HV":"10","4Q":"10","9G":"10","RJ":"10","GW":"10","W8":"10","2R":"10","7M":"10","FV":"10","RR":"10","QC":"10","M9":"10","VG":"10","PQ":"10","CM":"10","7V":"10","FC":"10","GF":"10","VC":"10","MJ":"10","8R":"10","8M":"10","JR":"10","5M":"10","MH":"10","WW":"10","R9":"10","WQ":"10","9W":"10","QX":"10","QP":"10","F9":"10","2C":"10","4P":"10","5H":"10","G9":"10","3W":"10","2W":"10","VF":"10","6C":"10","VV":"10","WM":"10","MG":"10","VX":"10","FW":"10","79":"10","PW":"10","JG":"10","78":"10","RQ":"10","3G":"10","7H":"10","PG":"10","G8":"10","88":"10","2J":"10","CW":"10","5P":"10","7X":"10","89":"10","MF":"10","3P":"10","RW":"10"}},"QG":{"V6":{"3R":"10","4R":"10"},"XC":{"VQ":"10"},"55":{"6J":"10"},"H5":{"8M":"10"},"F3":{"28":"10","37":"10","38":"10","27":"10"},"FG":{"GW":"10","GX":"10"},"J7":{"G3":"10"},"X4":{"CR":"10"},"5C":{"F2":"10","G2":"10"},"QR":{"83":"10","82":"10","92":"10","93":"10"},"JR":{"X4":"10"},"F4":{"M5":"10"},"C3":{"X8":"10"},"FC":{"M4":"10","Q4":"10","MG":"10","RM":"10"},"X5":{"H9":"10"}},"V4":{"69":{"9P":"10","9M":"10","8M":"10","8P":"10","7R":"10"},"52":{"M4":"10","P4":"10","P5":"10","M5":"10"},"53":{"W9":"10"},"65":{"69":"10"},"W7":{"8C":"10"}},"CM":{"J5":{"94":"10","84":"10"}},"RG":{"6M":{"GJ":"10","HJ":"10"}},"3R":{"V7":{"VQ":"10","RQ":"10","VP":"10","RP":"10"}},"X5":{"W6":{"P5":"10"}},"PH":{"Q6":{"4J":"10","4M":"10"},"4G":{"GG":"10"}},"VV":{"5X":{"WG":"10"}},"X2":{"J7":{"P2":"10","M2":"10"},"J6":{"MX":"10"},"GV":{"Q3":"10","P3":"10","R3":"10","P4":"10","Q4":"10","R4":"10"}},"8H":{"28":{"3C":"10","99":"10"}},"H9":{"JC":{"QF":"10","QC":"10","Q9":"10","M8":"10","J8":"10","RC":"10","RF":"10"},"M9":{"9M":"10","CM":"10"}},"VF":{"G9":{"95":"10"},"P8":{"79":"10","89":"10","7C":"10"},"JC":{"GR":"10"},"Q4":{"75":"10"}},"PM":{"H9":{"M2":"10"},"H8":{"MX":"10"}},"7M":{"R7":{"7M":"10","8M":"10"}},"X8":{"R9":{"84":"10"},"2H":{"X8":"10","W8":"10"},"4X":{"V8":"10"},"9H":{"QF":"10","QC":"10","RG":"10","PF":"10","PG":"10","PC":"10","RF":"10","QG":"10"},"VM":{"86":"10","76":"10","85":"10","65":"10","C6":"10","75":"10","C7":"10"},"7X":{"Q6":"10","P6":"10","HV":"10","Q7":"10"},"3P":{"57":"10"},"XP":{"R2":"10"},"XJ":{"3G":"10","4F":"10","4G":"10","3F":"10","4C":"10","5C":"10","5G":"10","5F":"10","3C":"10"},"8J":{"HC":"10","GC":"10"},"3M":{"88":"10"},"2P":{"28":"10"},"28":{"P5":"10","Q5":"10","48":"10"},"97":{"6V":"10"},"WG":{"JP":"10","JQ":"10","HP":"10"},"XM":{"QX":"10","QW":"10","49":"10","VX":"10","6F":"10","RX":"10","5C":"10","6C":"10","69":"10","RW":"10","59":"10","WC":"10","48":"10"},"46":{"66":"10","65":"10"},"32":{"F2":"10","C2":"10"},"VC":{"GG":"10","FH":"10","GH":"10","FG":"10","CG":"10","CH":"10"},"QJ":{"J9":"10"},"JG":{"MC":"10","M9":"10","5H":"10"},"8C":{"8W":"10","8X":"10"},"6R":{"6W":"10","6V":"10"},"HH":{"V2":"10","R2":"10"},"9M":{"G9":"10","G8":"10","F9":"10","H9":"10","H8":"10","F8":"10"},"CC":{"6V":"10"},"FG":{"PV":"10","MV":"10"},"3W":{"CH":"10"},"W7":{"68":"10","57":"10","58":"10"}},"R4":{"GJ":{"88":"10","82":"10","92":"10"},"GM":{"3C":"10"},"9G":{"G9":"10","GC":"10"},"9F":{"44":"10","34":"10","43":"10"},"99":{"QH":"10","PH":"10","2W":"10"},"F7":{"PR":"10"},"F8":{"8X":"10","GW":"10","GV":"10"},"XM":{"R9":"10"},"J8":{"2R":"10"},"97":{"Q3":"10","Q2":"10","Q4":"10","P4":"10"},"X4":{"C9":"10"},"G8":{"22":"10"},"C8":{"9R":"10","9V":"10","8R":"10","8V":"10","CV":"10","9W":"10"},"GH":{"8X":"10","9X":"10"},"GG":{"GV":"10","GQ":"10","GR":"10","CR":"10","FR":"10","FV":"10","FQ":"10","CV":"10"},"93":{"5Q":"10","5J":"10","5R":"10","6M":"10","5M":"10"},"FJ":{"G8":"10","98":"10","FC":"10","F9":"10","Q4":"10","C8":"10","9J":"10","F7":"10","QW":"10","G7":"10","Q5":"10","F8":"10"},"9C":{"45":"10","25":"10","33":"10","35":"10","Q3":"10","44":"10","24":"10","P4":"10","P3":"10","HC":"10","34":"10","Q4":"10"}},"FW":{"J7":{"F5":"10","F6":"10"},"P6":{"6F":"10"}},"RW":{"J7":{"22":"10"}},"W2":{"7G":{"79":"10"}},"WW":{"F3":{"XG":"10"}},"X7":{"JW":{"RW":"10","RV":"10","QV":"10"},"Q2":{"55":"10","H3":"10","R2":"10","W5":"10","P5":"10","F5":"10","J4":"10","54":"10","V2":"10","C4":"10","M5":"10","75":"10","Q3":"10","52":"10","42":"10","C2":"10","P4":"10","Q2":"10","J5":"10","32":"10","H5":"10","W4":"10","F3":"10","G2":"10","G5":"10","R3":"10","C5":"10","93":"10","H2":"10","63":"10","J2":"10","R5":"10","64":"10","V5":"10","Q4":"10","H4":"10","C3":"10","74":"10","82":"10","G3":"10","83":"10","95":"10","M3":"10","72":"10","34":"10","35":"10","25":"10","M2":"10","45":"10","W3":"10","22":"10","M4":"10","G4":"10","33":"10","V4":"10","73":"10","85":"10","23":"10","P2":"10","44":"10","P3":"10","65":"10","J3":"10","F4":"10","84":"10","Q5":"10","R4":"10","92":"10","43":"10","W2":"10","24":"10","94":"10","F2":"10","V3":"10","62":"10","53":"10"},"3X":{"QW":"10"},"9X":{"Q7":"10"},"FX":{"X4":"10"},"C9":{"JJ":"10"}},"RX":{"83":{"FG":"10"}},"V6":{"GG":{"4C":"10"},"GF":{"M4":"10","P4":"10","M5":"10"},"RF":{"RP":"10"},"QG":{"HW":"10","JW":"10","HX":"10","P3":"10","GW":"10","GV":"10","HV":"10","JX":"10"}},"V3":{"5X":{"PV":"10","MV":"10"},"G5":{"49":"10","3F":"10","3C":"10","39":"10","4C":"10"},"G4":{"HG":"10"}},"6Q":{"R4":{"X4":"10"},"V3":{"6C":"10","79":"10","C8":"10","9H":"10","8G":"10","7H":"10","7C":"10","9G":"10","7F":"10","98":"10","6G":"10","9C":"10","5C":"10","87":"10","88":"10","8F":"10","49":"10","59":"10","5F":"10","4C":"10","6F":"10","9F":"10","99":"10","3C":"10","6H":"10","4F":"10","5G":"10","39":"10","8C":"10","C9":"10","67":"10","68":"10","69":"10","77":"10","3F":"10","4G":"10","5H":"10","78":"10","8H":"10","58":"10","7G":"10","89":"10"}},"X4":{"8J":{"9H":"10","CG":"10","9G":"10","CH":"10"},"9J":{"6G":"10","4G":"10","5J":"10","4J":"10","5H":"10","5C":"10","6H":"10","4H":"10","5G":"10","6J":"10"},"C3":{"J8":"10"},"8P":{"2G":"10","3G":"10"}}},"index":{"university,1|retail,2|tourism,3|wreck,4|historical,5|artsCulture,6|namedBuilding,7|water,8|wetland,9|park,10|beach,11|natureReserve,12|cemetery,13|trail,14":{}}}