{"6G":{"P5":{"R5":{"56":"10","46":"10"}},"2P":{"6G":{"G9":"10"},"VX":{"F5":"10","C5":"10"},"GQ":{"GP":"10","HM":"10","HP":"10"},"M3":{"86":"10"}},"8V":{"P2":{"HW":"10"},"PC":{"3F":"10"},"Q3":{"HC":"10"},"R2":{"9C":"10","8F":"10","8C":"10","9F":"10"},"QH":{"22":"10"},"2F":{"55":"10","56":"10","54":"10","45":"10","46":"10","75":"10"},"Q8":{"69":"10","79":"10","6C":"10","7C":"10"},"FQ":{"H9":"10"},"Q6":{"94":"10","84":"10","83":"10","74":"10","82":"10","73":"10"},"M9":{"33":"10","H3":"10","J2":"10","32":"10","42":"10","H2":"10","43":"10"},"R6":{"7W":"7","7V":"7"},"MC":{"WH":"10","WG":"10","X7":"10","V7":"10"},"M5":{"82":"10"},"M7":{"J7":"10","M8":"10","H8":"10"},"RJ":{"8F":"10","7F":"10"},"9J":{"FJ":"10","FH":"10","CJ":"10","9J":"10","CH":"10"},"CP":{"FJ":"10","FH":"10","CJ":"10","CM":"10","CH":"10"},"RM":{"59":"10","58":"10"},"QJ":{"H5":"10","W5":"10","F9":"10","H6":"10","V5":"10","F8":"10"},"GF":{"C3":"10"},"JM":{"5G":"10","4H":"10","3G":"10","3H":"10","5H":"10"},"M4":{"5R":"10"},"MM":{"P5":"10","M5":"10"},"PJ":{"V6":"10"},"PH":{"X2":"10"},"H7":{"47":"10"},"QG":{"2X":"10"},"PG":{"XX":"10"},"P4":{"VX":"10","WX":"10"},"J8":{"XQ":"10","XM":"10","8C":"10","XR":"10"},"M8":{"6F":"10","5G":"10","5F":"10","2P":"10","3M":"10","CW":"10","PH":"10","2M":"10","2R":"10","2Q":"10","2V":"10"},"P6":{"R4":"10"},"P7":{"VQ":"10","RQ":"10","RR":"10","VR":"10"},"H3":{"G8":"10"}},"PG":{"3M":{"V7":"10"}},"HH":{"F9":{"42":"10"},"R9":{"RJ":"10","RM":"10"},"C8":{"4X":"10","5X":"10","5W":"10","5V":"10"},"C9":{"4H":"10"},"C2":{"G8":"10"}},"8J":{"PV":{"VP":"3"},"VQ":{"HW":"10"},"FC":{"99":"10","89":"10"},"VX":{"FR":"10"},"5J":{"H2":"10"}},"2M":{"8W":{"27":"10"},"9R":{"37":"10"},"MJ":{"6H":"10","4G":"10"},"9Q":{"RJ":"10","VM":"10","VJ":"10","RM":"10"},"9V":{"QF":"10","QC":"10","PC":"10"},"7W":{"X7":"10","X6":"10","W7":"10"},"HC":{"MP":"10"},"6C":{"CG":"10"},"PM":{"62":"10"}},"9M":{"63":{"F9":"10","C8":"10","J8":"10","C9":"10","F8":"10"},"XV":{"6H":"10","V2":"10","JG":"10","MG":"10","V3":"10"},"V3":{"VP":"10"},"CC":{"3R":"10"},"5X":{"VR":"10"},"V5":{"C8":"10","F8":"10"},"8V":{"9C":"10","8C":"10","99":"10","89":"10"},"F7":{"PC":"10"},"8W":{"7P":"10","7M":"10","6P":"10","6M":"10"},"F3":{"87":"10"},"29":{"V6":"10","R6":"10"},"F4":{"3C":"10","4F":"10","4C":"10"},"HH":{"R7":"10"},"6C":{"42":"10"},"C3":{"WF":"10"},"8C":{"36":"10"},"FJ":{"C3":"10"},"6X":{"5Q":"10","6Q":"10","5P":"10"},"77":{"J9":"10","QX":"10","RV":"10","QV":"10"}},"GG":{"4F":{"Q9":"10","Q8":"10","M8":"10","MG":"10"},"W5":{"3C":"10"},"V5":{"6F":"10","MQ":"10","9J":"10","4V":"10"},"M7":{"3R":"10","49":"10","6G":"10","2F":"10","7G":"10","4H":"10","3V":"10","3G":"10","7M":"10","4G":"10","7J":"10","6J":"10","48":"10"},"F8":{"RP":"10"},"M3":{"J2":"10"},"XQ":{"C6":"10"},"J7":{"P9":"10"},"7J":{"Q6":"10","Q7":"10"},"9M":{"Q5":"10"},"WQ":{"96":"10"},"7P":{"XM":"10"},"XR":{"64":"10","65":"10"},"53":{"GJ":"10","P7":"10","M6":"10","P6":"10","H4":"10","J5":"10","M7":"10","HG":"10","H5":"10","J7":"10","FH":"10","GR":"10","HH":"10","GH":"10","J6":"10","G4":"10","Q7":"10","H6":"10","G5":"10","M5":"10"},"8M":{"PX":"10"},"8P":{"P3":"10","3H":"10"},"R5":{"42":"10","43":"10"},"Q4":{"XV":"10"}},"XX":{"MG":{"GM":"10","HM":"10"}},"FX":{"FJ":{"XP":"10","VV":"10","XV":"10","WV":"10","VR":"10","QP":"10","XQ":"10","QQ":"10","VQ":"10","RQ":"10","WQ":"10","RV":"10","QR":"10","XR":"10","RR":"10","WR":"10","PP":"10"},"GJ":{"2R":"10","2Q":"10","QQ":"10"}},"Q3":{"RJ":{"J6":"10","M6":"10","J5":"10","M5":"10"}},"7F":{"4P":{"9R":"10","XH":"10","5X":"10"},"J5":{"W3":"10","W4":"10","V3":"10"},"4J":{"CJ":"10"},"9V":{"WG":"10"},"VR":{"82":"10"},"MJ":{"52":"10"},"RQ":{"5C":"10"},"XF":{"V2":"10"},"XG":{"2R":"10"},"PQ":{"GG":"10","HG":"10"},"4M":{"X2":"10","62":"10"},"2X":{"5X":"10","5R":"10"},"2Q":{"55":"10","54":"10","64":"10"},"JX":{"6F":"10"},"9R":{"JM":"10"}},"7X":{"XM":{"XP":"10","45":"10","CQ":"10","35":"10","XM":"10","57":"10","XQ":"10"},"HG":{"VV":"10","XF":"10"},"GF":{"GM":"10"},"XP":{"G6":"10","XC":"10","XH":"10","JC":"10","H8":"10","R8":"10","H6":"10","Q9":"10","VC":"10","J5":"10","H5":"10","MC":"10","QF":"10","WG":"10","PC":"10","RF":"10","J8":"10","WF":"10","G5":"10","QP":"10","X9":"10","W8":"10","J7":"10","M8":"10","H7":"10","W9":"10","V9":"10","M9":"10","P8":"10","WC":"10","R9":"10","RC":"10","XG":"10","QC":"10","J9":"10","P9":"10","Q8":"10","XF":"10","J6":"10","H9":"10","VF":"10","X8":"10"},"JG":{"28":"10","FH":"10","2F":"10","38":"10","27":"10","GJ":"10","29":"10"},"MG":{"JW":"10","MW":"10"},"V8":{"68":"10"},"WM":{"F9":"10","Q8":"10","VM":"10","C8":"10","PH":"10","P5":"10","WM":"10","C9":"10","F8":"10"}},"RW":{"Q9":{"2W":"10"}},"5P":{"VV":{"CC":"10"},"HX":{"VX":"10","WX":"10","XX":"10","VW":"10"},"JX":{"2X":"10"}},"GQ":{"QM":{"Q7":"10","G6":"10","F6":"10","97":"10","55":"10","H3":"10","C7":"10","R2":"10","P5":"10","F5":"10","R7":"10","J4":"10","54":"10","V2":"10","C4":"10","R8":"10","H6":"10","M5":"10","75":"10","Q3":"10","56":"10","52":"10","42":"10","C2":"10","P4":"10","Q2":"10","J5":"10","32":"10","P7":"10","H5":"10","77":"10","F3":"10","C6":"10","G2":"10","G5":"10","G7":"10","R3":"10","47":"10","C5":"10","M6":"10","57":"10","36":"10","93":"10","H2":"10","63":"10","J7":"10","46":"10","67":"10","J2":"10","R5":"10","H7":"10","26":"10","64":"10","96":"10","V5":"10","37":"10","Q4":"10","H4":"10","R6":"10","C3":"10","74":"10","82":"10","66":"10","G3":"10","83":"10","95":"10","86":"10","M3":"10","72":"10","34":"10","35":"10","25":"10","M2":"10","45":"10","F7":"10","22":"10","M4":"10","G4":"10","33":"10","V4":"10","J6":"10","73":"10","85":"10","23":"10","P2":"10","44":"10","P3":"10","65":"10","Q6":"10","27":"10","J3":"10","F4":"10","84":"10","R4":"10","Q5":"10","92":"10","87":"10","43":"10","76":"10","24":"10","94":"10","F2":"10","V6":"10","V3":"10","62":"10","53":"10","P6":"10","M7":"10"},"PJ":{"PH":"10","2V":"10","JX":"10","PM":"10","9R":"10","CR":"10","FQ":"10","5R":"10","XJ":"10","9X":"10","RG":"10","PF":"10","QJ":"10","JF":"10","8J":"10","RV":"10","QG":"10","HF":"10","WV":"10","FH":"10","XP":"10","HP":"10","FX":"10","HQ":"10","MX":"10","QF":"10","JV":"10","GR":"10","9J":"10","MQ":"10","7P":"10","VP":"10","RH":"10","HH":"10","9Q":"10","7J":"10","FJ":"10","4M":"10","VH":"10","VJ":"10","3V":"10","MM":"10","WX":"10","HJ":"10","GH":"10","MW":"10","5W":"10","GG":"10","PR":"10","XG":"10","8Q":"10","2X":"10","WH":"10","6V":"10","QW":"10","PC":"10","MP":"10","GV":"10","PP":"10","2Q":"10","PX":"10","JM":"10","HM":"10","FP":"10","CQ":"10","CJ":"10","HR":"10","8P":"10","4R":"10","9V":"10","6Q":"10","7R":"10","WJ":"10","9P":"10","3R":"10","MV":"10","XR":"10","MR":"10","3X":"10","HX":"10","XW":"10","JJ":"10","6X":"10","CX":"10","PV":"10","FM":"10","6M":"10","WR":"10","5V":"10","RF":"10","HG":"10","RX":"10","MC":"10","2P":"10","3Q":"10","CH":"10","VW":"10","RP":"10","VQ":"10","XV":"10","XH":"10","RM":"10","GM":"10","PJ":"10","3M":"10","GX":"10","9M":"10","WP":"10","2M":"10","QQ":"10","QM":"10","QV":"10","XQ":"10","CP":"10","4V":"10","6W":"10","8V":"10","4W":"10","WG":"10","HW":"10","QH":"10","JH":"10","GP":"10","CV":"10","8W":"10","GQ":"10","FR":"10","GJ":"10","7W":"10","XX":"10","JW":"10","VR":"10","4X":"10","VM":"10","JQ":"10","5X":"10","8X":"10","5Q":"10","6R":"10","7Q":"10","QR":"10","6P":"10","JP":"10","HV":"10","4Q":"10","RJ":"10","GW":"10","2R":"10","7M":"10","FV":"10","RR":"10","QC":"10","VG":"10","PQ":"10","CM":"10","7V":"10","GF":"10","MJ":"10","8R":"10","8M":"10","XM":"10","JR":"10","5M":"10","MH":"10","WW":"10","WQ":"10","9W":"10","QX":"10","QP":"10","4P":"10","3W":"10","2W":"10","VV":"10","WM":"10","MG":"10","VX":"10","FW":"10","PW":"10","JG":"10","RQ":"10","PG":"10","CW":"10","5P":"10","7X":"10","MF":"10","3P":"10","RW":"10"},"2P":{"XG":"10"},"FX":{"FM":"10","GP":"10","JR":"10","FP":"10","GM":"10"},"GV":{"69":"10"},"PM":{"Q7":"10","G6":"10","F6":"10","97":"10","55":"10","H3":"10","C7":"10","R2":"10","W5":"10","P5":"10","F5":"10","R7":"10","J4":"10","V7":"10","54":"10","V2":"10","C4":"10","H6":"10","M5":"10","Q3":"10","75":"10","56":"10","52":"10","42":"10","C2":"10","P4":"10","W6":"10","Q2":"10","J5":"10","32":"10","P7":"10","H5":"10","77":"10","W4":"10","F3":"10","C6":"10","G2":"10","G5":"10","G7":"10","R3":"10","47":"10","C5":"10","M6":"10","57":"10","36":"10","93":"10","H2":"10","63":"10","J7":"10","46":"10","X3":"10","67":"10","J2":"10","R5":"10","H7":"10","26":"10","W7":"10","64":"10","96":"10","V5":"10","37":"10","Q4":"10","H4":"10","R6":"10","C3":"10","74":"10","82":"10","66":"10","G3":"10","83":"10","95":"10","86":"10","M3":"10","72":"10","34":"10","35":"10","25":"10","M2":"10","45":"10","W3":"10","F7":"10","22":"10","X6":"10","M4":"10","G4":"10","33":"10","V4":"10","J6":"10","73":"10","X5":"10","85":"10","P2":"10","23":"10","X2":"10","44":"10","P3":"10","65":"10","Q6":"10","27":"10","J3":"10","F4":"10","84":"10","Q5":"10","R4":"10","92":"10","87":"10","43":"10","W2":"10","76":"10","X7":"10","24":"10","F2":"10","94":"10","V6":"10","V3":"10","62":"10","53":"10","P6":"10","X4":"10","M7":"10"},"MM":{"P2":"10","R7":"10","Q3":"10","C2":"10","H4":"10","R2":"10","F5":"10","F4":"10","W5":"10","W3":"10","82":"10","92":"10","52":"10","42":"10","G4":"10","X3":"10","G5":"10","V7":"10","R5":"10","Q2":"10","83":"10","J6":"10","Q5":"10","G2":"10","R4":"10","J3":"10","84":"10","Q6":"10","W6":"10","X5":"10","H2":"10","X6":"10","F3":"10","V6":"10","H5":"10","R6":"10","M5":"10","W4":"10","72":"10","V5":"10","G3":"10","J4":"10","J2":"10","P3":"10","62":"10","F2":"10","X4":"10","32":"10","V3":"10","R3":"10","C4":"10","X2":"10","M2":"10","X7":"10","M4":"10","M6":"10","Q4":"10","M3":"10","P4":"10","94":"10","63":"10","W2":"10","J5":"10","P6":"10","73":"10","P5":"10","V2":"10","93":"10","C3":"10","H3":"10","W7":"10","V4":"10","H6":"10"},"3P":{"2G":"10"},"G7":{"7G":"10"},"MJ":{"PH":"10","2V":"10","8C":"10","C7":"10","JX":"10","PM":"10","9R":"10","CR":"10","FQ":"10","5R":"10","9X":"10","5F":"10","QJ":"10","6J":"10","JF":"10","96":"10","44":"10","84":"10","8J":"10","RV":"10","HF":"10","WV":"10","FH":"10","3J":"10","CF":"10","FF":"10","8F":"10","97":"10","4F":"10","XP":"10","93":"10","HP":"10","58":"10","FX":"10","HQ":"10","MX":"10","66":"10","4G":"10","JV":"10","26":"10","GR":"10","27":"10","3H":"10","4H":"10","9J":"10","MQ":"10","7P":"10","GC":"10","VP":"10","2H":"10","HH":"10","6G":"10","7F":"10","64":"10","9Q":"10","7J":"10","FJ":"10","4M":"10","C8":"10","VJ":"10","9H":"10","3V":"10","MM":"10","WX":"10","HJ":"10","GH":"10","C9":"10","MW":"10","5W":"10","GG":"10","59":"10","38":"10","86":"10","PR":"10","8Q":"10","2X":"10","6V":"10","QW":"10","MP":"10","7C":"10","GV":"10","35":"10","PP":"10","2F":"10","3C":"10","2Q":"10","PX":"10","36":"10","JM":"10","HM":"10","F8":"10","98":"10","FP":"10","9C":"10","CQ":"10","CJ":"10","83":"10","5C":"10","HR":"10","8P":"10","4R":"10","9V":"10","6Q":"10","7R":"10","9P":"10","3R":"10","MV":"10","XR":"10","47":"10","MR":"10","34":"10","3X":"10","HX":"10","54":"10","XW":"10","JJ":"10","6X":"10","CX":"10","48":"10","PV":"10","99":"10","FM":"10","CG":"10","49":"10","6M":"10","WR":"10","5V":"10","HG":"10","RX":"10","77":"10","2G":"10","2P":"10","3Q":"10","CH":"10","VW":"10","7G":"10","RP":"10","XV":"10","VQ":"10","85":"10","37":"10","RM":"10","CC":"10","87":"10","39":"10","GM":"10","8H":"10","PJ":"10","8G":"10","75":"10","3M":"10","GX":"10","94":"10","C4":"10","9M":"10","WP":"10","2M":"10","25":"10","QQ":"10","5G":"10","QM":"10","FG":"10","XQ":"10","QV":"10","CP":"10","6H":"10","4V":"10","9F":"10","6W":"10","6F":"10","8V":"10","4W":"10","28":"10","HW":"10","QH":"10","JH":"10","GP":"10","CV":"10","8W":"10","GQ":"10","4J":"10","FR":"10","GJ":"10","3F":"10","29":"10","7W":"10","XX":"10","JW":"10","VR":"10","4X":"10","5J":"10","68":"10","VM":"10","JQ":"10","5X":"10","8X":"10","5Q":"10","6R":"10","95":"10","QR":"10","7Q":"10","69":"10","4C":"10","6P":"10","JP":"10","HV":"10","4Q":"10","9G":"10","RJ":"10","GW":"10","2R":"10","7M":"10","FV":"10","RR":"10","C5":"10","74":"10","PQ":"10","CM":"10","7V":"10","56":"10","FC":"10","C6":"10","57":"10","GF":"10","MJ":"10","8R":"10","8M":"10","XM":"10","JR":"10","45":"10","5M":"10","MH":"10","65":"10","WW":"10","WQ":"10","9W":"10","QX":"10","QP":"10","F9":"10","2C":"10","4P":"10","F7":"10","5H":"10","G9":"10","3W":"10","2W":"10","6C":"10","VV":"10","WM":"10","MG":"10","VX":"10","46":"10","FW":"10","PW":"10","79":"10","76":"10","JG":"10","78":"10","RQ":"10","3G":"10","7H":"10","PG":"10","G8":"10","88":"10","2J":"10","CW":"10","5P":"10","7X":"10","89":"10","MF":"10","55":"10","3P":"10","RW":"10","67":"10"},"JJ":{"WQ":"10","MW":"10","53":"10","CP":"10","63":"10","47":"10","8F":"10","FP":"10","XV":"10","G9":"10","V7":"10","MG":"10","HR":"10","83":"10","99":"10","W9":"10","85":"10","H6":"10","94":"10","FJ":"10","XJ":"10","68":"10","CG":"10","9M":"10","FW":"10","VH":"10","QG":"10","G6":"10","9F":"10","VJ":"10","FR":"10","7G":"10","7P":"10","5Q":"10","W7":"10","G5":"10","JH":"10","58":"10","8J":"10","XC":"10","P5":"10","95":"10","5H":"10","VG":"10","RJ":"10","F7":"10","F8":"10","PM":"10","8Q":"10","R5":"10","FH":"10","56":"10","8G":"10","XH":"10","64":"10","VC":"10","J3":"10","FV":"10","V6":"10","RH":"10","Q6":"10","C6":"10","X9":"10","WF":"10","QR":"10","8W":"10","6W":"10","GC":"10","8V":"10","GJ":"10","PP":"10","9G":"10","FG":"10","J4":"10","9C":"10","CM":"10","C3":"10","WW":"10","44":"10","C4":"10","VV":"10","5X":"10","72":"10","GV":"10","CC":"10","HH":"10","M4":"10","G4":"10","55":"10","9W":"10","JC":"10","8C":"10","5V":"10","FM":"10","XG":"10","RF":"10","J9":"10","7X":"10","WC":"10","89":"10","Q4":"10","QP":"10","RP":"10","JF":"10","J8":"10","P3":"10","J7":"10","R6":"10","5C":"10","7R":"10","XP":"10","PV":"10","7M":"10","F9":"10","9J":"10","C7":"10","PJ":"10","46":"10","82":"10","79":"10","6P":"10","V9":"10","77":"10","Q8":"10","WJ":"10","G3":"10","WP":"10","RV":"10","WM":"10","M3":"10","8R":"10","GH":"10","RG":"10","JP":"10","HM":"10","GM":"10","HJ":"10","VR":"10","JR":"10","PH":"10","5G":"10","GW":"10","MP":"10","CV":"10","8P":"10","57":"10","9P":"10","52":"10","6Q":"10","9V":"10","VQ":"10","MJ":"10","M7":"10","R7":"10","WR":"10","67":"10","J5":"10","W8":"10","6G":"10","7J":"10","6J":"10","MC":"10","R9":"10","54":"10","42":"10","VF":"10","C5":"10","7F":"10","F2":"10","JG":"10","XQ":"10","QC":"10","76":"10","MH":"10","H8":"10","F6":"10","HG":"10","F4":"10","JM":"10","6C":"10","M9":"10","JJ":"10","6X":"10","WG":"10","GF":"10","9Q":"10","QF":"10","W5":"10","CF":"10","PW":"10","XX":"10","P4":"10","MQ":"10","VW":"10","93":"10","86":"10","48":"10","RC":"10","HV":"10","QJ":"10","V8":"10","MF":"10","7H":"10","JW":"10","H9":"10","CH":"10","59":"10","PQ":"10","CR":"10","P8":"10","78":"10","RR":"10","6F":"10","R8":"10","H5":"10","H7":"10","6M":"10","GR":"10","WH":"10","CJ":"10","HF":"10","QM":"10","GG":"10","62":"10","X6":"10","JV":"10","FC":"10","M6":"10","X7":"10","P6":"10","C9":"10","Q7":"10","J6":"10","CQ":"10","PR":"10","69":"10","97":"10","92":"10","HQ":"10","9R":"10","73":"10","75":"10","VM":"10","P7":"10","66":"10","GQ":"10","6R":"10","VP":"10","XM":"10","QQ":"10","98":"10","G8":"10","5P":"10","C8":"10","HP":"10","QH":"10","F5":"10","M5":"10","7W":"10","WV":"10","5J":"10","7C":"10","87":"10","5R":"10","5M":"10","M8":"10","PF":"10","6V":"10","J2":"10","96":"10","RQ":"10","7Q":"10","Q5":"10","XF":"10","74":"10","QV":"10","JQ":"10","MR":"10","G7":"10","XR":"10","84":"10","P9":"10","Q9":"10","45":"10","X5":"10","7V":"10","GP":"10","MM":"10","V5":"10","H4":"10","5F":"10","G2":"10","MV":"10","FF":"10","PC":"10","FQ":"10","H3":"10","8H":"10","W6":"10","9H":"10","XW":"10","C2":"10","5W":"10","65":"10","HC":"10","43":"10","RM":"10","8M":"10","PG":"10","H2":"10","HW":"10","6H":"10","F3":"10","X8":"10","88":"10"},"G8":{"VC":"10","QF":"10","QC":"10","VF":"10","RC":"10","RF":"10"},"JH":{"CX":"10","FX":"10","5W":"10","6W":"10","5X":"10","GX":"10","8W":"10","4X":"10","9X":"10","8X":"10","7X":"10","6X":"10","CW":"10","9W":"10"},"JM":{"52":"10","62":"10"},"8P":{"55":"10"},"QJ":{"2P":"10","8V":"10","JR":"10","8J":"10","2M":"10","JQ":"10","JW":"10","9M":"10","5M":"10","FX":"10","7X":"10","3H":"10","RM":"10","QP":"10","RW":"10","5P":"10","CJ":"10","GQ":"10","QM":"10","WP":"10","6P":"10","RQ":"10","2X":"10","3R":"10","3J":"10","8H":"10","FW":"10","8W":"10","RV":"10","9W":"10","7P":"10","6X":"10","QW":"10","4P":"10","6M":"10","QR":"10","QQ":"10","GW":"10","4W":"10","RP":"10","HW":"10","9P":"10","FQ":"10","5X":"10","7M":"10","8Q":"10","CP":"10","MV":"10","9R":"10","7J":"10","HQ":"10","3M":"10","CQ":"10","2W":"10","XR":"10","FR":"10","3X":"10","HX":"10","WX":"10","5H":"10","CM":"10","5Q":"10","6Q":"10","JX":"10","4G":"10","2Q":"10","6H":"10","7V":"10","PX":"10","7Q":"10","7R":"10","6W":"10","8M":"10","9X":"10","3Q":"10","VX":"10","XQ":"10","5R":"10","RR":"10","VQ":"10","MQ":"10","3W":"10","HV":"10","8R":"10","4V":"10","8P":"10","MX":"10","9V":"10","FM":"10","VW":"10","JV":"10","7W":"10","GM":"10","WV":"10","VR":"10","PP":"10","4R":"10","WQ":"10","2R":"10","9Q":"10","MR":"10","CW":"10","FV":"10","WR":"10","3V":"10","5J":"10","4X":"10","CV":"10","GP":"10","PQ":"10","PV":"10","PW":"10","2V":"10","GX":"10","QX":"10","4J":"10","VP":"10","4Q":"10","CX":"10","RX":"10","6J":"10","6V":"10","QV":"10","6R":"10","PR":"10","9J":"10","4M":"10","FP":"10","2J":"10","7H":"10","HP":"10","CR":"10","GV":"10","2G":"10","5V":"10","GR":"10","2H":"10","5W":"10","3P":"10","8X":"10","4H":"10","WW":"10","VV":"10","HR":"10","3G":"10","MW":"10"}},"5F":{"XP":{"8R":"10"}},"FG":{"79":{"9J":"10"},"VF":{"83":"10","82":"10","92":"10","93":"10","7Q":"10"},"6W":{"9W":"10"},"C6":{"WQ":"10","H6":"10"},"XC":{"VH":"10"},"QF":{"CP":"10"},"C5":{"PV":"10","MV":"10"},"9M":{"P5":"10","M3":"10"},"W6":{"82":"10","72":"10"},"69":{"X8":"10","W8":"10"},"6V":{"P7":"10"},"93":{"JP":"10"},"9J":{"QM":"10","QX":"10","QW":"10","PM":"10","QP":"10","HQ":"10","RW":"10","HP":"10","PP":"10"},"C4":{"JX":"10"},"Q4":{"38":"10","57":"10","37":"10","69":"10","58":"10","48":"10","47":"10"},"F6":{"H3":"10","G7":"10","H2":"10"},"6R":{"PP":"10","QP":"10","QM":"10"}},"6P":{"XQ":{"94":"10"},"7F":{"XP":"10"}},"2X":{"2P":{"94":"10","84":"10","C4":"10","85":"10","95":"10","39":"10","46":"10","36":"10","27":"10","F4":"10"}},"78":{"9C":{"PQ":"10"},"JP":{"FW":"10","GW":"10","FV":"10"},"99":{"84":"10","83":"10","C5":"10","64":"10"},"HM":{"79":"10","63":"10","54":"10","64":"10","56":"10","69":"10","53":"10"}},"3R":{"VM":{"PP":"10","QP":"10","5M":"10"},"RM":{"XP":"10"}},"3J":{"J7":{"QG":"10"},"2P":{"MX":"10","PW":"10","PX":"10","MW":"10"},"2Q":{"2P":"10","P2":"10","M2":"10"},"2V":{"JW":"10","JV":"10","HV":"10"}},"G7":{"G5":{"68":"10","9X":"10","6R":"10","RM":"10","6Q":"10","9W":"10"},"G6":{"F6":"10","C6":"10"},"G4":{"9P":"10"}},"8H":{"GW":{"Q2":"10","H4":"10","P2":"10|7","H3":"10","G3":"10","G4":"10"},"JV":{"79":"10"},"GV":{"PX":"10","XW":"10","WW":"10","QX":"10","WX":"10","XX":"10"},"MG":{"FG":"10"},"MW":{"5Q":"10"}},"JP":{"F9":{"6R":"10","6Q":"10"},"GM":{"R3":"10","R2":"10","M5":"10"},"C9":{"RW":"10","VW":"10"}},"8W":{"JH":{"25":"10","68":"10","35":"10","58":"10","34":"10","24":"10"}},"PC":{"H9":{"GM":"10","HM":"10","HP":"10"}},"RV":{"2G":{"5V":"10","6V":"10"},"3H":{"76":"10","86":"10","96":"10","85":"10","75":"10"},"2H":{"G9":"10","G8":"10","53":"10","H8":"10"},"5H":{"VG":"10","RG":"10","VF":"10"}},"Q2":{"QM":{"99":"10"}},"9W":{"G5":{"RX":"10"},"G3":{"FW":"10","GW":"10"}},"7P":{"9R":{"WV":"10"},"8X":{"47":"10","48":"10"},"9X":{"PC":"10"},"GX":{"WJ":"10"},"8R":{"22":"10"},"8Q":{"2X":"10"}},"RF":{"RM":{"5G":"10","4H":"10","4G":"10","5H":"10"}},"6X":{"W3":{"HX":"10","GW":"10","GV":"10","GX":"10","GR":"10","FR":"10","FV":"10","H2":"10"},"W2":{"HX":"10","FV":"10","FX":"10","HV":"10","GV":"10","GX":"10","FW":"10","GR":"10","HR":"10","HW":"10","GW":"10"},"78":{"F2":"10"},"77":{"CX":"10","CW":"10","CV":"10"},"XP":{"W5":"10"},"39":{"37":"10","57":"10","47":"10","46":"10","48":"10"},"W4":{"M7":"10","H7":"10","J3":"10","H6":"10","H3":"10","J2":"10","M8":"10","H2":"10"},"HP":{"M9":"10"}},"4P":{"9Q":{"JG":"10"}},"C8":{"GC":{"XH":"10","WH":"10","WJ":"10","WM":"10"}},"GW":{"45":{"87":"10"}},"89":{"HX":{"8W":"10","7W":"10"}},"9H":{"QF":{"MP":"2"},"98":{"C4":"10","F3":"10","44":"3","C3":"10","F4":"10"},"89":{"R7":"10","R6":"10"},"RF":{"RW":"10"}},"9P":{"83":{"3Q":"10","2Q":"10"},"55":{"HF":"10","GF":"10"},"J4":{"4F":"10","58":"10","4C":"10"},"69":{"J4":"10"},"39":{"5W":"10"},"MR":{"GJ":"10","HM":"10","HJ":"10","HG":"10","JJ":"10","HH":"10","GH":"10","JH":"10","GG":"10","JM":"10"},"M8":{"77":"10"},"42":{"RJ":"10"},"XF":{"F2":"10"},"WF":{"7V":"10"}},"FQ":{"XX":{"R6":"10","Q5":"10","P5":"10","P4":"10","Q6":"10","R5":"10","Q4":"10"},"74":{"QX":"10","RX":"10"},"79":{"MP":"10"},"MW":{"GM":"10"},"5J":{"C3":"10"},"68":{"76":"10"},"64":{"4M":"10","3P":"10"},"92":{"XF":"10"},"QP":{"2M":"10"},"J7":{"GJ":"10","FF":"10","HM":"10","GM":"10","9G":"10","FM":"10","9F":"10","CC":"10","CG":"10","FG":"10","FH":"10","JP":"10","CH":"10","GH":"10","CF":"10","GG":"10","JM":"10","FJ":"10","HP":"10"},"RX":{"M7":"10","P8":"10","P7":"10","P6":"10","M6":"10"},"WM":{"47":"10","48":"10"},"PX":{"GF":"10"},"F2":{"C8":"10","C6":"10"},"47":{"H7":"10","H6":"10"}},"H9":{"CJ":{"55":"10","54":"10","44":"10","45":"10"}},"FH":{"VV":{"4H":"10","5H":"10"},"63":{"GQ":"10"},"MQ":{"Q6":"10","VF":"10","Q5":"10","M5":"10"},"55":{"72":"10","62":"10"},"MP":{"GP":"10","GQ":"10"},"54":{"6X":"10","7X":"10"},"QG":{"3R":"10","3Q":"10","3V":"10","2R":"10","2Q":"10","4R":"10"},"JP":{"WR":"10","QW":"10"},"6C":{"3M":"10","4M":"10"},"CF":{"RQ":"10"},"GG":{"99":"10","C9":"10"},"F2":{"F2":"10"}},"69":{"J2":{"H2":"10"}},"5X":{"PC":{"PC":"10","R7":"10","V8":"10","R8":"10","J9":"10","P8":"10","W5":"10","R9":"10","HC":"10","QC":"10","V7":"10","R5":"10","Q8":"10","H9":"10","J6":"10","Q5":"10","Q7":"10","R4":"10","P9":"10","Q6":"10","X5":"10","W6":"10","X6":"10","V6":"10","G8":"10","M9":"10","V9":"10","R6":"10","MC":"10","M5":"10","Q9":"10","W4":"10","H8":"10","V5":"10","RC":"10","M7":"10","J7":"10","VC":"10","WC":"10","G7":"10","W9":"10","X7":"10","M6":"10","H7":"10","G9":"10","J8":"10","M8":"10","P6":"10","J5":"10","P5":"10","P7":"10","JC":"10","W7":"10","V4":"10","H6":"10","W8":"10","X9":"10","X8":"10"},"R7":{"C4":"10"},"R8":{"24":"10"},"HF":{"MR":"10"},"53":{"CX":"10","VP":"10"},"56":{"Q7":"10","VX":"10","6V":"10","XC":"10","XH":"10","JG":"10","HG":"10","H8":"10","54":"10","2G":"10","PP":"10","9H":"10","C4":"10","MW":"10","6J":"10","7C":"10","HC":"10","69":"10","79":"10","FV":"10","WG":"10","RF":"10","J8":"10","WH":"10","QV":"10","GQ":"10","3X":"10","9X":"10","WV":"10","XP":"10","WR":"10","68":"10","PQ":"10","PX":"10","J7":"10","67":"10","V8":"10","9F":"10|3","H7":"10","V9":"10","QQ":"10","3P":"10","95":"10","WC":"10","R9":"10","34":"10","35":"10","XG":"10","33":"10","PR":"10","23":"10","PV":"10","8H":"10","44":"2","F4":"10","PM":"10","43":"10","24":"10","2F":"10","X4":"3"},"57":{"F6":"10","MH":"10","R2":"10","JR":"10","QW":"10","W5":"10","JH":"10","PP":"10","V2":"10","JQ":"10","Q3":"10","QH":"10","VC":"10","HC":"10","7J":"10","MC":"10","QF":"10","HM":"10","WG":"10","PC":"10","RF":"10","8J":"10","QV":"10","G5":"10","7H":"10","R3":"10","JJ":"10","C5":"10","PF":"10","93":"10","M8":"10","MF":"10","Q4":"10|9","74":"10","M9":"10","P8":"10","95":"10","XJ":"10","F9":"10","RC":"10","QC":"10","HP":"10","P9":"10","RG":"10","J6":"10","PH":"10","PV":"10","8H":"10","VF":"10","84":"10","Q5":"9","GJ":"10","94":"10","HJ":"10","2F":"10","M7":"10"},"R5":{"PV":"10","MX":"10","HW":"10","JW":"10","MQ":"10","HX":"10","MV":"10","GX":"10","MR":"10","QQ":"10","QV":"10"},"Q8":{"X4":"10"},"76":{"W7":"10","4Q":"10","5J":"10","4J":"10","3Q":"10","7C":"10","6J":"10"},"38":{"56":"10"},"Q6":{"H4":"10","J4":"10","P3":"10","J3":"10","P2":"10","M4":"10","P4":"10","H3":"10","J2":"10","M2":"10","M3":"10","H2":"10"},"W6":{"4C":"10"},"45":{"FJ":"10","QC":"7","6G":"10","9H":"10","GQ":"10","XV":"10","M6":"10","FR":"10"},"86":{"G5":"10","C2":"10"},"34":{"FH":"10","JC":"10","CF":"10","PC":"10","GC":"10"},"R6":{"Q7":"10","G6":"10","97":"10","H3":"10","C7":"10","FG":"10","W5":"10","JC":"10","H8":"10","J4":"10","9H":"10","9W":"10","H6":"10","M5":"10","Q9":"10","C2":"10","W6":"10","J5":"10","H5":"10","MC":"10","G2":"10","G7":"10","78":"10","9G":"10","H2":"10","GG":"10","9F":"10","H7":"10","V9":"10","H4":"10","GC":"10","G3":"10","M9":"10","P8":"10","M2":"7","F9":"10","FC":"10","M4":"10","G4":"10","X5":"10","H9":"10","Q6":"10","8W":"10","CH":"10","C8":"10","94":"10","JF":"10","M7":"10"},"66":{"P8":"10","6C":"10","GC":"10","R9":"10","8Q":"10","2H":"10","6J":"10","VQ":"10","MJ":"10","8X":"10","7X":"10","5Q":"10","3P":"10","MW":"10","7P":"10","GP":"7","Q9":"10","85":"10","9X":"10","JJ":"10","48":"10","JH":"7","2R":"10","95":"10","CP":"10","3X":"10","69":"10","47":"10","7Q":"10","3R":"10","HQ":"10","58":"10","8H":"10","73":"10","GQ":"10","8P":"10"},"37":{"VV":"10","XP":"10","WP":"10"},"M7":{"R8":"10"},"HG":{"8W":"10","9V":"10","8V":"10","9W":"10"},"46":{"FQ":"10","CQ":"10","C9":"10","MQ":"10","CC":"10","MP":"10","5J":"10","8R":"10","9V":"10","GQ":"10","5H":"10","X3":"10","JQ":"10","F9":"10","RV":"10","QR":"10","JR":"10","5G":"10","FR":"10","8C":"10","MR":"10","8M":"10","3C":"10","9R":"10"},"XC":{"33":"10","34":"10"},"C4":{"8W":"10","9P":"10","7W":"10","8V":"10","7V":"10"},"64":{"43":"10"},"67":{"Q3":"10","GC":"10","56":"10","82":"10","3J":"10","8G":"10","92":"10","52":"10","3H":"10","44":"10","Q2":"10","83":"10","J6":"10","7F":"10","6G":"10","87":"10","72":"10","49":"10","3C":"10","62":"10","J7":"10","22":"10","R3":"10","WC":"10","G7":"10","67":"10","77":"10","47":"10","CC":"10","78":"10","J8":"10","24":"10","CF":"10","WF":"10","93":"10","7G":"10","55":"10"},"77":{"4J":"2","5J":"10","4M":"2"},"47":{"V6":"10","P6":"10","PF":"10","W5":"10","R6":"2","V5":"10","92":"10","Q5":"10","F3":"10","M3":"10","R4":"10","QF":"10","X3":"10","V7":"10","W6":"10","C3":"10","C7":"10"},"54":{"5Q":"10","88":"2","PX":"10","99":"7","JX":"10","2W":"10","C2":"10","43":"10"},"58":{"F6":"10","C6":"10"},"24":{"JC":"10","JF":"10"},"63":{"2F":"10","9M":"7","9J":"7","2X":"10","2W":"10"},"65":{"HX":"10","38":"7","45":"2","8Q":"10","64":"2","4X":"10","7P":"10","56":"2","CF":"7","87":"7","6R":"10"},"55":{"4Q":"10","55":"10","3P":"10","XM":"10","43":"10","56":"10","5P":"10","PQ":"10","C8":"2","2V":"10","7R":"10","G5":"10","WW":"10","G9":"10","66":"10"}},"XH":{"GM":{"76":"10","66":"10","P2":"10","65":"10","M2":"10","75":"10"},"GJ":{"MX":"10"}},"7M":{"PV":{"FM":"10","5H":"10"},"2G":{"G2":"10","G3":"10"}},"8Q":{"MH":{"HQ":"10"},"JR":{"H5":"10","73":"10"},"Q7":{"FJ":"10","FH":"10","GH":"10","FG":"10","GM":"10","CP":"10","GJ":"10","CH":"10"},"MM":{"6H":"10"},"F8":{"HP":"10"}},"VC":{"7M":{"GG":"10","HG":"10","CC":"10"},"M2":{"X4":"10"}},"CP":{"X9":{"FW":"10"},"XC":{"3X":"10","3W":"10","2V":"10"},"WF":{"PJ":"10","P9":"10","QJ":"10","PH":"10","RH":"10","RG":"10","PG":"10"},"5M":{"7G":"10","7F":"10","5C":"10","6C":"10","8G":"10"},"J5":{"F6":"10"},"H5":{"P2":"10"},"VG":{"38":"10"},"RG":{"X8":"10","X7":"10"},"5H":{"87":"10"},"RM":{"69":"10"},"QG":{"38":"10"},"XF":{"9C":"10","6F":"10","5G":"10","5F":"10","4J":"10","4H":"10","7F":"10","77":"10","7C":"10"},"8H":{"57":"10"},"RJ":{"8F":"10","7F":"10","7C":"10"},"M9":{"FG":"10"},"28":{"7R":"10"},"WC":{"5J":"10","7Q":"10","JQ":"10","7P":"10","QR":"10","GP":"10","8M":"10","6M":"10"},"RH":{"6F":"10","6G":"10","6H":"10","5G":"10","5F":"10","7G":"10","7F":"10","5H":"10"},"3M":{"C5":"10"}},"6G":{"VQ":{"W8":"10"}},"F2":{"PV":{"FG":"10","CG":"10","FF":"10"}},"4C":{"M2":{"C4":"10","F3":"10","C3":"10","F4":"10"}},"HQ":{"73":{"3F":"10","2F":"10"}},"3M":{"3G":{"WP":"10"},"4F":{"29":"10"},"3H":{"J2":"10"},"J5":{"GG":"10","FG":"10"},"4J":{"54":"10","44":"10","43":"10"},"3F":{"X9":"10","X8":"10"},"H5":{"P6":"10","QH":"10","PH":"10","PG":"10","QG":"10"},"3C":{"F2":"10","C2":"10"}},"HJ":{"Q2":{"9C":"10"},"W3":{"3P":"10"},"F3":{"98":"10"},"X5":{"P9":"10","G6":"10","M8":"10","J8":"10"},"W4":{"JF":"10"},"J2":{"WJ":"10"},"RX":{"9J":"10"},"C7":{"CX":"10"}},"CQ":{"X9":{"H8":"10"},"WV":{"45":"10","5P":"10"},"G7":{"FP":"10","FQ":"10"}},"MG":{"CX":{"86":"10","FC":"10"},"5G":{"X8":"10"},"GW":{"2R":"10","2Q":"10"},"3V":{"8Q":"10"},"2V":{"PR":"10","8X":"10","MQ":"10","J9":"10","P7":"10","VX":"10","WW":"10","WX":"10","MR":"10","VW":"10","JJ":"10"},"6Q":{"QM":"10"},"2W":{"G9":"10","G8":"10","X6":"10","6M":"10"}},"8G":{"98":{"G6":"10"},"G6":{"FX":"10"},"CP":{"89":"10"},"58":{"V6":"10","V5":"10","R6":"10","Q5":"10","Q3":"10","R4":"10","P5":"10","Q6":"10","R5":"10","Q4":"10"},"6M":{"WW":"10"}},"XR":{"3G":{"RW":"10"}},"8C":{"J3":{"XQ":"10","XP":"10"},"XC":{"6H":"10"},"J2":{"FW":"10","2C":"10","9V":"10","FV":"10","CV":"10"},"H2":{"R7":"10","V8":"10","V7":"10"}},"FR":{"2J":{"J7":"10","M7":"10","M8":"10","J8":"10"},"HX":{"J2":"10"},"3H":{"3V":"10"},"G7":{"XJ":"5","XM":"5","WM":"5"},"M3":{"X2":"10"},"2M":{"FW":"10"},"6F":{"W8":"10"},"G8":{"57":"10"},"P4":{"84":"10","82":"10","95":"10","94":"10","C5":"10","C3":"10","83":"10","93":"10","C4":"10"},"P3":{"79":"10","8G":"10","7H":"10","57":"10","7C":"10","29":"10","7F":"10","38":"10","28":"10","8F":"10","FM":"10","4C":"10","3C":"10","48":"10","6H":"10","4F":"10","39":"10","68":"10","47":"10","3F":"10","58":"10","7G":"10"},"P2":{"2R":"10","2V":"10"},"JX":{"28":"10","65":"10"},"HW":{"JX":"10"}},"3X":{"3G":{"G9":"10","86":"10"}},"HX":{"F9":{"47":"10","36":"10"}},"WX":{"98":{"2J":"10","2P":"10","4R":"10","2W":"10","2H":"10","3X":"10","3R":"10","3P":"10","4X":"10","4W":"10","2M":"10","3Q":"10","2V":"10","3V":"10","2X":"10","2Q":"10","2R":"10","4V":"10","3W":"10","3M":"10"},"88":{"XW":"10","MG":"10","VX":"10","HX":"10","GP":"10","JP":"10","MH":"10","XV":"10","XH":"10","JG":"10","HG":"10","JR":"10","QW":"10","RM":"10","JH":"10","PP":"10","VR":"10","MW":"10","JQ":"10","XM":"10","PW":"10","QR":"10","QH":"10","FM":"10","CQ":"10","XQ":"10","QF":"10","FV":"10","HM":"10","WG":"10","WM":"10","RQ":"10","RF":"10","WH":"10","MJ":"10","WJ":"10","VW":"10","QV":"10","HH":"10","GQ":"10","FJ":"10","JJ":"10","RP":"10","WV":"10","XP":"10","QP":"10","JW":"10","WR":"10","VM":"10","PF":"10","PQ":"10","PX":"10","WP":"10","MP":"10","GG":"10","VH":"10","QJ":"10","FP":"10","QQ":"10","MF":"10","RJ":"10","MM":"10","HW":"10","XJ":"10","RV":"10","QM":"10","GR":"10","WX":"10","FR":"10","GV":"10","CP":"10","PJ":"10","XR":"10","JV":"10","HQ":"10","GW":"10","CR":"10","RH":"10","RC":"10","XG":"10","HV":"10","QC":"10","FQ":"10","HP":"10","VP":"10","MV":"10","VQ":"10","MR":"10","QG":"10","PR":"10","CM":"10","RG":"10","PH":"10","VV":"10","PV":"10","XX":"10","WQ":"10","GM":"10","MQ":"10","VF":"10","MX":"10","VG":"10","PM":"10","JM":"10","PG":"10","GJ":"10","RW":"10","WW":"10","GH":"10","RX":"10","QX":"10","HJ":"10","VJ":"10","HR":"10","JX":"10","FH":"10","RR":"10"},"7F":{"JW":"10","HX":"10","JX":"10"},"P2":{"Q3":"10","Q2":"10","P3":"10","P2":"10","R3":"10","R2":"10","J2":"10","M2":"10"},"99":{"23":"10","25":"10","33":"10","22":"10","35":"10","24":"10","43":"10","42":"10","34":"10","36":"10","26":"10","32":"10"},"G6":{"PW":"10"},"89":{"W2":"10","V6":"10","W7":"10","Q2":"10","V3":"10","W5":"10","V5":"10","R6":"10","Q3":"10","W4":"10","X6":"10","R4":"10","X3":"10","X4":"10","M2":"10","W6":"10","X2":"10","V2":"10","P2":"10","W3":"10","V4":"10","X5":"10","R5":"10","R2":"10","R3":"10"}},"49":{"3F":{"R8":"10","V8":"10"},"MC":{"X9":"10"},"PC":{"29":"10"},"29":{"G5":"10"}},"5H":{"J3":{"FG":"10"},"J2":{"2H":"10","5H":"10"},"M3":{"27":"10"},"H2":{"RV":"10"}},"CM":{"2J":{"VM":"10"},"HV":{"CH":"10"},"7V":{"48":"10"},"FQ":{"QX":"10"},"8V":{"2H":"10"},"FP":{"28":"10","37":"10","47":"10","46":"10","36":"10"},"CP":{"X8":"10"},"5C":{"GF":"10"},"GR":{"54":"10"},"2V":{"45":"10","3M":"10","2M":"10","46":"10","36":"10","35":"10"},"FR":{"6Q":"10"},"2Q":{"F9":"10"},"53":{"6R":"10"}},"CH":{"GJ":{"8C":"10","JH":"10","78":"10","79":"10","C8":"10","9J":"10","27":"10"},"3G":{"26":"2","38":"10","29":"10"},"2G":{"W8":"10"},"HM":{"2G":"10","3F":"10","2F":"10","3G":"10","2J":"10","3H":"10","2M":"10","2H":"10"},"GM":{"XJ":"10","XM":"10","XH":"10"},"4F":{"HQ":"10"},"5J":{"5G":"10"},"5M":{"63":"10","53":"10","44":"10"},"64":{"X9":"10"},"CP":{"W5":"10","X5":"10"},"94":{"WR":"10","VR":"10"},"4C":{"2R":"10"},"RQ":{"F7":"10","F8":"10"},"7J":{"2C":"10","27":"10"},"9J":{"VC":"10","G7":"10"},"6J":{"3C":"10"}},"GC":{"4X":{"23":"10","24":"10"}},"5Q":{"J2":{"22":"10","23":"10"},"VP":{"PV":"10","9R":"10","MV":"10","PX":"10","GV":"10","HV":"10","GX":"3","FX":"10"},"RP":{"HW":"10","6X":"10","JJ":"10"},"VQ":{"83":"10","P2":"10","Q4":"10","73":"10"},"VX":{"93":"10"},"RQ":{"Q3":"10","83":"10"},"H2":{"X2":"10"},"QR":{"M8":"10","M3":"10"}},"J5":{"PQ":{"PP":"10","PQ":"10"}},"6H":{"V2":{"PV":"10","PR":"10","QX":"10","QR":"10","RX":"10","QV":"10"},"V3":{"Q2":"10","R2":"10"}},"MH":{"C2":{"QQ":"10"},"9Q":{"WW":"10","WV":"10"},"6C":{"C4":"10","F5":"10"},"79":{"2G":"10","2R":"10","38":"10"},"C8":{"4Q":"10","4W":"10"},"52":{"XJ":"10","XM":"10","WJ":"10"},"33":{"MH":"10"},"98":{"95":"10","XQ":"10","P5":"10","9X":"10","RF":"10","FC":"10","C7":"10","M5":"10"},"87":{"82":"10","HV":"10","JX":"10","62":"10"},"F3":{"G4":"10"},"88":{"Q2":"10","H3":"10"},"G8":{"HW":"10","MJ":"10","FW":"10","GW":"10","9H":"10","GX":"10","CQ":"10","JJ":"10"},"F6":{"5F":"10","4F":"10"},"99":{"WQ":"10","F4":"10"},"48":{"5V":"10"},"46":{"FF":"10"},"67":{"FV":"10"},"C9":{"6F":"10","23":"10"},"68":{"9J":"10"},"69":{"VM":"10","X8":"10","X6":"10","V8":"10","W8":"10"},"F9":{"HQ":"10","FM":"10","9F":"10","HG":"10","GQ":"10","95":"10","C8":"10","GR":"10","8M":"10","38":"10","8Q":"10","FV":"10"},"77":{"VW":"10","WP":"10"},"G9":{"M2":"10","F7":"10","F6":"10","JF":"10"},"78":{"M7":"10","W3":"10","Q6":"10","W2":"10","PX":"10","M6":"10","F4":"10"},"FC":{"J3":"10","77":"10","95":"10"},"73":{"JV":"10"},"65":{"99":"10","C9":"10"},"7G":{"56":"10"},"55":{"MF":"10"}},"7V":{"X4":{"C2":"10","H4":"10","C5":"10","F5":"10","F4":"10","G4":"10","G5":"10","J6":"10","G2":"10","J3":"10","H2":"10","F3":"10","H5":"10","F6":"10","C6":"10","G3":"10","J4":"10","J2":"10","F2":"10","C4":"10","J5":"10","G6":"10","C3":"10","H3":"10","H6":"10"}},"7Q":{"63":{"96":"10","C6":"10"},"QP":{"6X":"10","HG":"10"},"H5":{"HX":"10","HV":"10","JV":"10","MW":"10","MX":"10","JX":"10","HW":"10","JW":"10"},"QG":{"FP":"10","CQ":"10","CP":"10","FQ":"10"},"8J":{"6G":"10","3F":"10","5G":"10","6P":"10","4P":"10"},"F9":{"HX":"10"},"FC":{"H2":"10"},"JF":{"M9":"10","M8":"10"},"R2":{"5G":"10","5F":"10","4H":"10","4G":"10","4F":"10","5H":"10"}},"7R":{"PV":{"GG":"10","GH":"10"},"RW":{"WR":"10","VV":"10","WW":"10","XV":"10","WV":"10"},"XW":{"X8":"10","VF":"10","X7":"10","W7":"10"}},"64":{"3C":{"W4":"10"},"38":{"G9":"10","F5":"10","F9":"10","C5":"10","F8":"10"},"4C":{"37":"10"}},"P2":{"WR":{"5M":"10"}},"P4":{"HF":{"7V":"10","7M":"10","8V":"10","8R":"10","8Q":"10","7J":"10","8J":"10","7Q":"10","7P":"10","6Q":"10","7R":"10","6P":"10","8M":"10","8P":"10","7H":"10","6M":"10","6J":"10","6R":"10"},"PM":{"JG":"10"}},"6W":{"VM":{"X3":"10"},"VJ":{"XH":"10"}},"8M":{"P6":{"CJ":"10","CM":"10"},"99":{"VG":"10","J8":"10"},"8G":{"JG":"10"},"RQ":{"FC":"10"},"FH":{"25":"10"},"HQ":{"VG":"10","WG":"10","RG":"10","VF":"10","RF":"10","WF":"10"},"FR":{"PH":"10"},"53":{"HM":"10"},"8C":{"JX":"10","W9":"10","W8":"10","W6":"10"},"HP":{"XQ":"10","QQ":"10"},"9C":{"X6":"10"}},"JJ":{"7V":{"5V":"10"},"6W":{"W5":"10","W2":"10","X2":"10","W4":"10"},"25":{"9H":"10"},"35":{"9R":"10","VW":"10","3P":"10"},"V5":{"M6":"10","W4":"10"},"R8":{"7Q":"10"},"46":{"93":"10"},"X4":{"GQ":"10","FQ":"10"},"Q8":{"53":"10","C3":"10"},"56":{"58":"10"},"6V":{"RW":"10","QX":"10","WX":"10","XX":"10","RX":"10","QW":"10"},"66":{"5P":"10"}},"HG":{"2G":{"VP":"10","RP":"10"},"W7":{"J9":"10","JC":"10","MC":"10"},"37":{"8J":"10","9J":"10"},"5P":{"5H":"10"},"5Q":{"H5":"10","RF":"10"},"G6":{"XX":"10"},"H6":{"3X":"10","2X":"10"},"47":{"96":"10","C6":"10"}},"J4":{"HX":{"QM":"10","PJ":"10","VP":"10","RP":"10","PM":"10","PR":"10","QP":"10","QQ":"10","VQ":"10","RM":"10","RQ":"10","QR":"10","PQ":"10","RR":"10","PH":"10","QJ":"10","PP":"10"}},"3Q":{"F9":{"8H":"10"},"H6":{"QC":"10","P7":"10","Q6":"10","P6":"10","Q7":"10","RC":"10","RF":"10"},"P5":{"QX":"10"}},"VX":{"X4":{"RH":"10"}},"PM":{"QH":{"CR":"10","FR":"10","FQ":"10"}},"MP":{"PV":{"54":"10"},"QR":{"6H":"10"}},"5R":{"MF":{"2R":"10"},"QH":{"M8":"10"},"8H":{"2F":"10"}},"JH":{"83":{"VX":"10","2M":"10","RX":"10","8Q":"10"},"HX":{"W3":"10","W4":"10","V3":"10"},"74":{"88":"10","87":"10"},"F3":{"QM":"10","HP":"10"},"85":{"R5":"10","R4":"10"},"92":{"CR":"10"},"F2":{"F6":"10","C6":"10"},"F6":{"XM":"10","XP":"10","WM":"10","WP":"10"},"HJ":{"8V":"10"}},"VQ":{"98":{"7F":"10"}},"9F":{"3R":{"QF":"10","RG":"10","RF":"10","QG":"10"},"53":{"QH":"10","RH":"10"},"9P":{"XG":"10","XF":"10"},"92":{"37":"10","Q9":"10"},"5J":{"XC":"10"},"CP":{"2F":"10"},"W9":{"J2":"10","H2":"10"},"G7":{"5V":"10"},"HJ":{"62":"10"},"7J":{"P3":"10","M4":"10","P4":"10","M3":"10"},"6J":{"2C":"10","PC":"10"}},"R3":{"GX":{"VC":"10","V9":"10","R9":"10","RC":"10"}},"8R":{"CX":{"PJ":"10"},"PJ":{"G8":"10","F7":"10","G7":"10","F8":"10"},"HV":{"P7":"10","M6":"10","P6":"10","J5":"10","M7":"10","H7":"10","H5":"10","P5":"10","J7":"10","J6":"10","H6":"10","M5":"10"},"MV":{"48":"10"},"8V":{"W5":"10","X5":"10","W6":"10"},"MJ":{"2M":"10"},"JJ":{"Q6":"10","R5":"10","Q7":"10"},"X4":{"C3":"10"},"JP":{"82":"10"},"JR":{"JG":"10","MG":"10"},"2V":{"56":"10","66":"10","78":"10","77":"10","46":"10","36":"10"},"JH":{"PP":"10"},"JM":{"MJ":"10","GW":"10","JV":"10","MH":"10","HV":"10","JR":"10","GR":"10","HR":"10"},"HP":{"94":"10","84":"10","83":"10","J9":"10","96":"10","RC":"10","93":"10"}},"W7":{"FM":{"CG":"10"}},"PH":{"VH":{"2J":"10","FV":"10","2P":"10","3H":"10","4J":"10","HG":"10","2M":"10","3J":"10","HH":"10","GH":"10","4H":"10","GG":"10"},"RJ":{"V6":"10"},"RH":{"XJ":"10","XM":"10","55":"10","56":"10","WJ":"10","66":"10","MP":"10","XP":"10","46":"10","MM":"10","PM":"10","WM":"10"}},"CC":{"3W":{"GV":"10"}},"GJ":{"JP":{"VH":"10"},"7J":{"W2":"10","7F":"10","W7":"10","X8":"10","W8":"10","3P":"10","M3":"10","X7":"10","6F":"10","X2":"10","VH":"10"},"CM":{"Q2":"10"},"6J":{"P9":"10","MC":"3","Q9":"10","PF":"3","PG":"3|10","PC":"3|10","QH":"10","RG":"3|10","P8":"10","QF":"3|10","QG":"3|10","Q8":"10","QC":"3","RF":"3","PH":"10","RH":"10","MF":"3"},"9H":{"8R":"10","8Q":"10","8W":"10","GQ":"10","Q8":"10|2","7Q":"10","7P":"10","M8":"10","7R":"10","V4":"10","8P":"10","9W":"10"},"8G":{"8J":"10","49":"10","3Q":"10","VV":"10","7G":"10","2P":"10","9H":"10","3G":"10","8H":"10","2Q":"10"},"42":{"7W":"10"},"7H":{"JP":"10","R7":"10","J9":"10","P8":"10","F8":"10","C8":"10","GG":"10","Q8":"10","H9":"10","Q7":"10","WR":"10","J3":"10","Q6":"10","XW":"10","V6":"10","XV":"10","XX":"10","V9":"10","R6":"10","MC":"10","WV":"10","J4":"10","MF":"10","RJ":"10","XR":"10","VJ":"10","R3":"10","VC":"10","GF":"10","JM":"10","M4":"10","PJ":"10","H7":"10","PM":"10","VV":"10","VR":"10","P7":"10"},"7F":{"CP":"10"},"9P":{"FJ":"10","6W":"10","FH":"10","5W":"10","V2":"10","5V":"10","5R":"10","4V":"10","4R":"10"},"8J":{"WH":"10","53":"10","25":"10","CM":"10","56":"10","33":"10","44":"10","WJ":"10","XJ":"10","CJ":"10","WG":"10","72":"10","XM":"10","4C":"10","48":"10","62":"10","9J":"10","22":"10","32":"10","9M":"10","XH":"10","HX":"10","65":"10","H3":"10","55":"10"},"84":{"6W":"10","5W":"10"},"CJ":{"X6":"3"},"FJ":{"6R":"10","7R":"10"},"8M":{"R7":"10","HG":"10","JF":"10","V7":"10","H2":"10","C2":"10"},"9F":{"WW":"10"},"HG":{"MJ":"10"},"9J":{"GJ":"10","2H":"10","C6":"10","8Q":"10","F7":"10","JC":"10","XQ":"10","27":"10","FJ":"10","HW":"10","28":"10","C7":"10","GW":"10","F6":"10"},"95":{"H8":"10"},"22":{"37":"10"},"9V":{"CM":"10"},"6H":{"M7":"10","HG":"10","4V":"10"},"5G":{"HQ":"10","GQ":"10","PP":"10","6M":"10","7R":"10"},"C9":{"8M":"10"},"69":{"V8":"10","W7":"10","W8":"10"},"3F":{"6C":"10","7J":"10","9H":"10","6J":"10","8G":"10","7H":"10","36":"10","6M":"10","6G":"10","5C":"10","38":"10","59":"10","5F":"10","6F":"10","46":"10","5J":"10","GH":"10","6H":"10","5G":"10","39":"10","FH":"10","5H":"10","8H":"10","FG":"10","7G":"10","CG":"10"},"4G":{"2F":"10","9M":"10"},"8H":{"MG":"10","MH":"10","R2":"10","98":"10","JG":"10","JH":"10","8P":"10","5M":"10","4H":"10","9W":"10","7C":"10","Q9":"10","QR":"10","89":"10","6P":"10","9V":"10","P7":"10","CC":"10","79":"10","FV":"10","J8":"10","8J":"10","7P":"10","7H":"10","R3":"10","M6":"10","8V":"10","7Q":"10","5H":"10","8M":"10","5G":"10","R5":"10","M8":"10","64":"10","2V":"10","4G":"10","M9":"10","RV":"10","GR":"10","8Q":"10","GV":"10","GW":"10","HV":"10","J9":"10","P9":"10","Q8":"10","2W":"10","FF":"10","WQ":"10","8C":"10","8H":"10","H9":"10","3W":"10","2X":"10","FW":"10","GJ":"10","6X":"10","C8":"10","HR":"10","6Q":"10","5X":"10","RR":"10"},"7M":{"X2":"10"},"FG":{"8C":"10"},"CF":{"26":"10"},"7G":{"HW":"10","GW":"10","X6":"10","RX":"10","QW":"10","QG":"10"},"CG":{"FX":"10"}},"9C":{"GW":{"84":"10","83":"10","74":"10","73":"10"},"GV":{"3J":"10","2J":"10","2M":"10","24":"10"},"9X":{"63":"10","73":"10"},"GR":{"3M":"10","4M":"10","3P":"10","7R":"10","4P":"10"},"FR":{"JW":"10"},"FV":{"V6":"10","38":"10","W5":"10","V5":"10","39":"10","MW":"10","J5":"10","X6":"10","49":"10","X4":"10","P4":"10","W6":"10","V4":"10","X5":"10","JW":"10","Q4":"10","48":"10"},"9W":{"4H":"10","3G":"10","3H":"10","4G":"10","9W":"10"}},"8P":{"QC":{"92":"10"},"Q9":{"HQ":"10","HR":"10"},"Q6":{"88":"10"},"V2":{"69":"10","79":"10","6C":"10","7C":"10"},"M6":{"CV":"10"},"R6":{"47":"10","48":"10"}},"MX":{"G2":{"MR":"10"}},"9V":{"22":{"6X":"10","8X":"10","7X":"10"},"23":{"83":"10","63":"10","82":"10","73":"10","72":"10","62":"10"}},"VW":{"3F":{"39":"10","2M":"10"},"2F":{"V6":"10","VP":"10","W5":"10","V5":"10","W4":"10","X6":"10","R4":"10","VQ":"10","X4":"10","W6":"10","QV":"10","V4":"10","VJ":"10","WR":"10","X5":"10","WP":"10"},"4J":{"2G":"10"},"QJ":{"3G":"10","4R":"10","7M":"10","4G":"10","5R":"10","3H":"10","5J":"10","3R":"10","4J":"10","5H":"10","7J":"10","6H":"10","2V":"10","4H":"10","5G":"10","3V":"10","5V":"10","2R":"10","4V":"10","6J":"10"},"3J":{"XG":"10"},"5J":{"W3":"10"},"WP":{"97":"10","77":"10","87":"10","MG":"10","PG":"10"}},"JG":{"FQ":{"37":"10","47":"10","38":"10","48":"10"},"VV":{"FW":"10"},"CQ":{"FF":"10","48":"10"},"WV":{"GP":"10","GM":"10"},"8V":{"VF":"10","WF":"10"},"6P":{"3W":"10"},"HR":{"GV":"10"},"9Q":{"QV":"10"},"XW":{"XG":"10","F8":"10"},"9R":{"P5":"10","M5":"10"},"GW":{"M9":"10"}},"JV":{"8X":{"CM":"10"},"6R":{"X7":"10","X6":"10","W6":"10"}},"7W":{"X3":{"4X":"10","5X":"10","5W":"10","3X":"10","3W":"10","3V":"10","2R":"10","2V":"10","2X":"10","2W":"10","4W":"10"},"W3":{"CV":"10","MX":"10","GW":"10","WX":"10","5X":"10","JV":"10","HW":"10","CW":"10","JX":"10","8X":"10","7X":"10","RX":"10","7V":"10","VX":"10","9W":"10","MW":"10","CR":"10","GX":"10","FQ":"10","XW":"10","XV":"10","XX":"10","6X":"10","WV":"10","8W":"10","PW":"10","WW":"10","HR":"10","9X":"10","8V":"10","JW":"10","6W":"10","FX":"10","HV":"10","MV":"10","XR":"10","VW":"10","CX":"10","9V":"10","FW":"10","FR":"10","CQ":"10","FV":"10","5W":"10","GR":"10","HX":"10","GV":"10","7W":"10"},"W5":{"H3":"10","R2":"10","V2":"10","C4":"10","75":"10","Q3":"10","52":"10","42":"10","C2":"10","P4":"10","Q2":"10","W4":"10","F3":"10","G2":"10","R3":"10","C5":"10","93":"10","H2":"10","63":"10","J2":"10","64":"10","Q4":"10","C3":"10","74":"10","82":"10","G3":"10","83":"10","95":"10","M3":"10","72":"10","M2":"10","W3":"10","M4":"10","G4":"10","V4":"10","73":"10","85":"10","P2":"10","X2":"10","P3":"10","J3":"10","F4":"10","84":"10","R4":"10","92":"10","W2":"10","94":"10","F2":"10","V3":"10","62":"10","53":"10"},"X4":{"2C":"10","2H":"10","25":"10","2W":"10","23":"10","3J":"10","43":"10","52":"10","42":"10","36":"10","33":"10","2F":"10","3H":"10","44":"10","35":"10","29":"10","2G":"10","38":"10","2P":"10","3G":"10","45":"10","28":"10","26":"10","34":"10","37":"10","27":"10","3C":"10","46":"10","2R":"10","22":"10","32":"10","2V":"10","39":"10","2M":"10","3F":"10","24":"10","2J":"10","2Q":"10"},"W4":{"WQ":"10","4Q":"10","2J":"10","2Q":"10","MW":"10","53":"10","CP":"10","3Q":"10","63":"10","2R":"10","47":"10","8F":"10","2F":"10","FP":"10","XV":"10","3R":"10","G9":"10","V7":"10","MG":"10","HR":"10","83":"10","99":"10","W9":"10","85":"10","H6":"10","94":"10","FJ":"10","XJ":"10","CX":"10","68":"10","CG":"10","9M":"10","FW":"10","VH":"10","QG":"10","36":"10","G6":"10","9F":"10","VJ":"10","38":"10","FR":"10","7G":"10","7P":"10","X2":"10","5Q":"10","X4":"10","W7":"10","G5":"10","JH":"10","58":"10","8J":"10","XC":"10","3H":"10","P5":"10","95":"10","V2":"10","5H":"10","VG":"10","RJ":"10","F7":"10","4G":"10","F8":"10","33":"10","24":"10","PM":"10","3X":"10","8Q":"10","R5":"10","FH":"10","56":"10","XH":"10","8G":"10","64":"10","VC":"10","J3":"10","FV":"10","V6":"10","3J":"10","RH":"10","Q6":"10","C6":"10","X9":"10","WF":"10","QR":"10","2H":"10","8W":"10","V3":"10","6W":"10","GC":"10","3M":"10","3F":"10","8V":"10","GJ":"10","PP":"10","9G":"10","FG":"10","J4":"10","9C":"10","CM":"10","C3":"10","W4":"10","28":"10","JX":"10","WW":"10","44":"10","C4":"10","VV":"10","WX":"10","4J":"10","R4":"10","5X":"10","4H":"10","GX":"10","72":"10","GV":"10","CC":"10","HH":"10","M4":"10","G4":"10","55":"10","3P":"10","9W":"10","32":"10","R2":"10","JC":"10","8C":"10","5V":"10","FM":"10","XG":"10","RF":"10","J9":"10","7X":"10","WC":"10","4M":"10","89":"10","9X":"10","Q4":"10","QP":"10","RP":"10","JF":"10","X3":"10","J8":"10","J7":"10","R6":"10","5C":"10","2W":"10","7R":"10","XP":"10","PV":"10","8X":"10","7M":"10","F9":"10","W2":"10","9J":"10","C7":"10","PJ":"10","46":"10","82":"10","79":"10","6P":"10","V9":"10","77":"10","Q8":"10","WJ":"10","G3":"10","WP":"10","RV":"10","WM":"10","M3":"10","8R":"10","GH":"10","RG":"10","JP":"10","HM":"10","GM":"10","HJ":"10","VR":"10","JR":"10","PH":"10","R3":"10","5G":"10","GW":"10","MP":"10","CV":"10","8P":"10","57":"10","9P":"10","52":"10","6Q":"10","9V":"10","VQ":"10","MJ":"10","M7":"10","R7":"10","4C":"10","WR":"10","67":"10","J5":"10","W8":"10","6G":"10","7J":"10","6J":"10","MC":"10","R9":"10","54":"10","42":"10","VF":"10","C5":"10","RW":"10","22":"10","39":"10","7F":"10","F2":"10","XQ":"10","JG":"10","QC":"10","76":"10","MH":"10","H8":"10","F6":"10","HG":"10","F4":"10","JM":"10","6C":"10","M9":"10","JJ":"10","6X":"10","4R":"10","WG":"10","GF":"10","9Q":"10","QF":"10","W5":"10","CF":"10","PX":"10","2C":"10","2P":"10","PW":"10","XX":"10","P4":"10","MQ":"10","VW":"10","93":"10","86":"10","48":"10","RC":"10","HV":"10","QJ":"10","V8":"10","MF":"10","7H":"10","JW":"10","H9":"10","CH":"10","59":"10","PQ":"10","CR":"10","P8":"10","78":"10","RR":"10","QX":"10","6F":"10","R8":"10","H5":"10","H7":"10","3G":"10","6M":"10","GR":"10","WH":"10","CJ":"10","HF":"10","QM":"10","GG":"10","62":"10","X6":"10","JV":"10","3W":"10","FC":"10","M6":"10","QW":"10","X7":"10","P6":"10","C9":"10","Q7":"10","4P":"10","J6":"10","CQ":"10","PR":"10","69":"10","97":"10","92":"10","HQ":"10","49":"10","9R":"10","73":"10","4W":"10","75":"10","VM":"10","P7":"10","23":"10","66":"10","37":"10","GQ":"10","6R":"10","VP":"10","XM":"10","QQ":"10","98":"10","2V":"10","35":"10","G8":"10","5P":"10","C8":"10","HP":"10","QH":"10","F5":"10","M5":"10","7W":"10","WV":"10","VX":"10","Q3":"10","5J":"10","7C":"10","87":"10","5R":"10","5M":"10","M8":"10","PF":"10","M2":"10","6V":"10","FX":"10","RX":"10","J2":"10","3V":"10","96":"10","RQ":"10","4V":"10","7Q":"10","Q5":"10","XF":"10","HX":"10","74":"10","QV":"10","JQ":"10","MR":"10","26":"10","G7":"10","2M":"10","XR":"10","84":"10","P9":"10","Q9":"10","4X":"10","45":"10","X5":"10","7V":"10","CW":"10","V4":"10","GP":"10","MM":"10","34":"10","V5":"10","H4":"10","5F":"10","G2":"10","MV":"10","4F":"10","FF":"10","PC":"10","FQ":"10","H3":"10","29":"10","27":"10","8H":"10","W6":"10","9H":"10","XW":"10","C2":"10","5W":"10","65":"10","HC":"10","W3":"10","43":"10","25":"10","RM":"10","2G":"10","MX":"10","8M":"10","PG":"10","H2":"10","HW":"10","6H":"10","F3":"10","X8":"10","3C":"10","88":"10"},"67":{"4R":"10"},"F6":{"W8":"10"},"V4":{"Q7":"10","XC":"10","XV":"10","XH":"10","RM":"10","W5":"10","P5":"10","R7":"10","V7":"10","PP":"10","R8":"10","XM":"10","Q9":"10","QH":"10","W6":"10","VC":"10","P7":"10","W4":"10","XQ":"10","QF":"10","WG":"10","PC":"10","WM":"10","RQ":"10","RF":"10","WH":"10","MJ":"10","WF":"10","WJ":"10","RP":"10","XP":"10","QP":"10","X9":"10","W8":"10","VM":"10","PF":"10","WP":"10","X3":"10","MP":"10","V8":"10","VH":"10","R5":"10","QJ":"10","W7":"10","W9":"10","V9":"10","V5":"10","Q4":"10","R6":"10","RJ":"10","MM":"10","P8":"10","XJ":"10","WC":"10","QM":"10","R9":"10","PJ":"10","XR":"10","RH":"10","RC":"10","XG":"10","W3":"10","QC":"10","VP":"10","VQ":"10","P9":"10","Q8":"10","XF":"10","X6":"10","QG":"10","V4":"10","RG":"10","X5":"10","PH":"10","X2":"10","WQ":"10","Q6":"10","VF":"10","VG":"10","PM":"10","X8":"10","R4":"10","Q5":"10","PG":"10","X7":"10","VJ":"10","V6":"10","P6":"10","X4":"10"}},"GM":{"CX":{"FP":"10","FQ":"10"},"4H":{"VP":"10","RP":"10","X8":"10","X7":"10"},"74":{"GX":"10"},"82":{"WH":"10"},"C5":{"HW":"10","HX":"10","GW":"10","GX":"10","FV":"10","CV":"10"},"F7":{"96":"10","HF":"10","X8":"10","F7":"10","X7":"10","HC":"10","W7":"10","W8":"10"},"C6":{"M7":"10","QF":"10"},"5H":{"28":"10","27":"10"}},"WV":{"RW":{"22":"10"},"7Q":{"J8":"10"}},"FF":{"5W":{"XJ":"10","WJ":"10"},"4Q":{"RW":"10","VW":"10"},"H4":{"FR":"10","FV":"10"},"3R":{"G9":"10","GC":"10"},"5M":{"HF":"10"},"8R":{"55":"10","54":"10","64":"10","65":"10"},"8Q":{"FC":"10","CC":"10","FF":"10","CF":"10"},"J4":{"3R":"10","3V":"10","2V":"10"},"7Q":{"FW":"10"},"6P":{"2G":"10","2F":"10","3C":"10","39":"10"},"G4":{"PQ":"10","QQ":"10"},"3V":{"X8":"10","V6":"10","W6":"10"},"2X":{"6G":"10","5G":"10"}},"C2":{"7M":{"3H":"10"}},"99":{"45":{"QP":"10","QQ":"10"}},"XW":{"5Q":{"84":"10"},"3Q":{"P6":"10","M6":"10","47":"10","58":"10"},"2P":{"W3":"10","7H":"10","5F":"10","XC":"10","9P":"10","4F":"10","5C":"10","4C":"10","8P":"10","R6":"10","7V":"10"},"QP":{"HV":"10"},"2M":{"7F":"10","6G":"10","4R":"10","4Q":"10","4P":"10","4G":"10","5R":"10","3H":"10","5J":"10","3R":"10","7G":"10","5M":"10","4J":"10","3P":"10","5H":"10","4C":"10","6F":"10","5C":"10","3J":"10","3Q":"10","6H":"10","4M":"10","5Q":"10","2V":"10","6C":"10","4H":"10","5G":"10","3V":"10","2Q":"10","7C":"10","5V":"10","7H":"10","5F":"10","4V":"10","3M":"10","6R":"10","6J":"10"},"2R":{"6X":"10","25":"10","8P":"10","24":"10"},"2Q":{"FX":"10","G6":"10","F6":"10","97":"10","C7":"10","F5":"10","2G":"10","C4":"10","H6":"10","56":"10","C2":"10","3G":"10","HC":"10","P7":"10","H5":"10","77":"10","C6":"10","3M":"10","G5":"10","G7":"10","C5":"10","57":"10","J7":"10","67":"10","M8":"10","H7":"10","R6":"10","66":"10","GX":"10","GW":"10","65":"10","Q6":"10","F4":"10","92":"10","FW":"10","87":"10","2F":"10","V6":"10","M7":"10"},"2V":{"CG":"10"},"3P":{"5Q":"10","3Q":"10","2F":"10","MF":"10","4Q":"10","2C":"10","CC":"10","CM":"10"}},"VR":{"MR":{"GP":"10","GM":"10","CQ":"10","CP":"10","FQ":"10"}},"7C":{"38":{"3F":"10","3G":"10","4G":"10","4F":"10"}},"8F":{"HW":{"CG":"10","CF":"10"},"3R":{"PR":"10","PQ":"10"},"H4":{"VQ":"10","WQ":"10"},"G8":{"5X":"10"},"J9":{"86":"10","25":"10","4Q":"10","4P":"10","4F":"10","4G":"10","96":"10","5Q":"10","5G":"10","7C":"10","5F":"10","66":"10"},"J4":{"3M":"10","3P":"10"},"R2":{"X5":"10"},"H9":{"X5":"10"},"J5":{"W4":"10","V4":"10"},"M5":{"35":"10"}},"4R":{"8X":{"98":"10","88":"10","99":"10","89":"10"},"83":{"R9":"10"},"82":{"8P":"10"},"CW":{"FC":"10"}},"9Q":{"HQ":{"FV":"10"},"RH":{"FH":"10"}},"Q9":{"JF":{"5G":"10","5F":"10"}},"58":{"6W":{"XW":"10","XX":"10"},"5F":{"P3":"10","M5":"10"}},"CW":{"J2":{"H3":"10","G3":"10"},"X6":{"6Q":"10"}},"W9":{"QC":{"C3":"10","C2":"10"},"Q9":{"CP":"10"},"QV":{"HP":"10"}},"FV":{"GC":{"PM":"10"},"79":{"VP":"10","RP":"10","VM":"10","RM":"10"},"6Q":{"7J":"10","9H":"10","8J":"10","8H":"10","9M":"10","8M":"10","7H":"10","9J":"10"},"82":{"94":"10","93":"10"},"MP":{"9C":"10","8F":"10","9F":"10","GF":"10"},"7C":{"MM":"10"},"74":{"JW":"10"},"HJ":{"22":"10","23":"10","32":"10","42":"10"},"QP":{"GC":"10"},"5R":{"94":"10","C4":"10","C3":"10","93":"10","F4":"10"},"FF":{"69":"10","68":"10","59":"10","58":"10"},"J2":{"9C":"10","97":"10","98":"10","8C":"10","88":"10","77":"10","99":"10","87":"10","89":"10"},"P3":{"2G":"10","3F":"10","4H":"10","3G":"10","3H":"10","4G":"10","4F":"10"},"RJ":{"W9":"10"},"WM":{"JF":"10"},"39":{"3M":"10","4M":"10","3P":"10","4P":"10"},"67":{"88":"10","79":"10","76":"10","99":"10","98":"10","6C":"10","69":"10","89":"10","7C":"10","8C":"10","87":"10","77":"10"},"HH":{"4X":"10","5X":"10","3X":"10","3W":"10","2X":"10","4W":"10"},"MM":{"69":"10","68":"10"},"7Q":{"MP":"10"},"75":{"J6":"10","J5":"10"},"3F":{"FC":"10","F9":"10","CC":"10","C9":"10"},"24":{"V5":"10"},"GJ":{"9C":"10","X3":"10","X2":"10","99":"10","G6":"10","F7":"10","F6":"10","G7":"10"}},"WG":{"84":{"3R":"10","3V":"10"}},"CV":{"X3":{"7F":"10","23":"10","25":"10","33":"10","35":"10","44":"10","24":"10","43":"10","42":"10","8F":"10","34":"10","32":"10"},"5G":{"MQ":"10","MP":"10"},"W5":{"76":"10","55":"10","56":"10","66":"10","77":"10","64":"10","57":"10","65":"10","67":"10","75":"10"},"W2":{"37":"10","26":"10","46":"10","36":"10","38":"10","27":"10"},"W4":{"WC":"10"},"V6":{"VW":"10"},"F7":{"H2":"10"},"F6":{"7M":"10","4P":"10","3H":"10","5J":"10","5M":"10","4J":"10","8Q":"10","5H":"10","7J":"10","9M":"10","7Q":"10","3J":"10","7P":"10","5P":"10","6Q":"10","4M":"10","6P":"10","4H":"10","9P":"10","8M":"10","8P":"10","6M":"10","3M":"10","6J":"10"},"38":{"49":"10","59":"10","5C":"10","4C":"10"},"W7":{"QG":"10"},"6M":{"3C":"10","4C":"10"},"G7":{"57":"10"},"V7":{"X2":"10"},"48":{"2J":"10","2M":"10"}},"GP":{"R2":{"2V":"10"},"WX":{"QX":"10"},"56":{"3R":"10"},"92":{"QM":"10"},"57":{"HX":"10","4X":"10","7Q":"10","PQ":"10","6Q":"10","7R":"10","7X":"10","HW":"10","6R":"10"},"7C":{"V9":"10","V8":"10"},"35":{"6V":"10"},"9G":{"52":"10","62":"10"},"7P":{"9V":"10","CW":"10","CV":"10","9W":"10"},"G2":{"W9":"10","FQ":"10"},"6G":{"JH":"10"},"W6":{"X8":"10"},"X6":{"J8":"10"},"F3":{"8F":"10","9X":"10"},"V9":{"6W":"10","9V":"10","6V":"10"},"MG":{"3R":"10","3Q":"10","4Q":"10","2R":"10","2Q":"10","2V":"10","3P":"10","2W":"10","4P":"10"},"M5":{"RJ":"10","VH":"10","VP":"10","RP":"10","VM":"10","RH":"10","RM":"10"},"37":{"H5":"10","J5":"10"},"V5":{"JG":"10"},"27":{"F9":"10","F8":"10"},"59":{"4J":"10","4H":"10"},"G3":{"6G":"10","6H":"10"},"9F":{"6X":"10","5X":"10"},"48":{"C8":"10","F2":"10","C9":"10"},"JH":{"JG":"10","WG":"10","MH":"10","VF":"10","Q2":"10","PF":"10","V3":"10","WF":"10","PG":"10","Q3":"10","MJ":"10","FG":"10","VG":"10","JJ":"10","X6":"10","R4":"10","RG":"10","QF":"10","QG":"10","XF":"10","X7":"10","P4":"10","VC":"10","HH":"10","RC":"10","V2":"10","RF":"10","JH":"10","P3":"10","PH":"10","P2":"10","X5":"10","R2":"10","WC":"10","R3":"10","Q4":"10","MG":"10"},"JG":{"XX":"10","QX":"10","XV":"10","WV":"10","VX":"10","RX":"10","WX":"10","WW":"10","XW":"10","VW":"10"},"HH":{"R8":"10","85":"10","95":"10"},"47":{"XG":"10","H4":"10","WG":"10","WQ":"10","FX":"10"},"7Q":{"P3":"10","M3":"10"},"P4":{"8M":"10"},"58":{"2G":"10","59":"10","3J":"10","3G":"10","2J":"10","3H":"10","2H":"10","5C":"10"},"X8":{"QC":"10"}},"72":{"P3":{"C8":"10","F8":"10"}},"2V":{"5W":{"VG":"10","VH":"10","RH":"10","RG":"10","VF":"10","RF":"10"}},"MF":{"3G":{"2P":"10"}},"JM":{"V8":{"4Q":"10"},"6M":{"HH":"10"},"7V":{"HF":"10"}},"4Q":{"6M":{"CX":"10","9X":"10","CW":"10","38":"10","GJ":"10","9W":"10"},"5M":{"J7":"10"}},"GH":{"8J":{"W5":"10"},"X7":{"P9":"10"},"4V":{"6H":"10"}},"J9":{"QJ":{"G9":"10","6F":"10","G8":"10","6G":"10","F5":"10","HF":"10","JH":"10","F9":"10","JG":"10","H9":"10","G6":"10","F7":"10","F6":"10","HC":"10","H8":"10","G7":"10","JF":"10","GC":"10","F8":"10"}},"PJ":{"CH":{"5G":"10","5F":"10","4H":"10","4G":"10","4F":"10","5H":"10"},"48":{"F3":"10","F2":"10","G2":"10","G3":"10"}},"7G":{"J9":{"HH":"10"},"C4":{"H4":"10","G2":"10","4C":"10"},"P3":{"VV":"10","WV":"10"},"C3":{"HX":"10","GX":"10"},"75":{"88":"10"},"32":{"QW":"10"},"62":{"MQ":"10","MP":"10"}},"6J":{"XR":{"J7":"10","JW":"10","MQ":"10","9G":"10","RH":"10","MM":"10","P5":"10","JQ":"10","J8":"10","J5":"10","C7":"10"}},"MJ":{"55":{"P4":"10"},"9F":{"F9":"10"},"7X":{"C5":"10"},"CR":{"WX":"10"},"4V":{"69":"10","59":"10","5C":"10","6C":"10"}},"CF":{"QX":{"88":"10","2W":"10","5W":"10","3X":"10","4P":"10","CG":"10","4G":"10","3P":"10","3Q":"10","4M":"10","8F":"10","5V":"10","87":"10"},"88":{"GQ":"10","FQ":"10"},"86":{"6X":"10","H4":"10","G5":"10","C5":"10","C6":"10","G4":"10"},"QW":{"VM":"10","MW":"10"},"PW":{"28":"10","39":"10","38":"10","29":"10"},"PM":{"9R":"10","9V":"10","8R":"10","8V":"10"},"MW":{"XQ":"10","X8":"10"},"37":{"VH":"10"},"RX":{"86":"10","P9":"10"},"89":{"83":"10","G5":"10"},"72":{"R9":"10"},"FJ":{"VQ":"10","RQ":"10","RP":"10","WQ":"10","X7":"10","X6":"10"},"RW":{"RQ":"10","JH":"10","RP":"10","JG":"10","QP":"10"},"JX":{"JP":"10","JQ":"10"},"PX":{"RW":"10","4X":"10","GP":"10","XX":"10","QW":"10","HP":"10"},"QJ":{"FM":"10"},"77":{"5J":"10"}},"9G":{"X3":{"VC":"10","V9":"10","X9":"10","XC":"10","R9":"10","WC":"10","RC":"10","W9":"10"},"J6":{"9M":"10"},"FM":{"V5":"10"},"5F":{"8M":"10","8P":"10"}},"QV":{"XG":{"XW":"10"}},"6R":{"G9":{"FP":"10"},"MP":{"MQ":"10"},"GV":{"94":"10","83":"10","C4":"10","82":"10","92":"10","C3":"10","93":"10","C2":"10"},"GR":{"8X":"10","9X":"10"},"CF":{"5G":"10"},"GJ":{"JC":"10","JF":"10"},"8Q":{"M4":"10"},"FR":{"CQ":"10","9V":"10","8Q":"10","8W":"10","CP":"10","CR":"10","9P":"10","CV":"10","CW":"10","9Q":"10","9R":"10","9W":"10"}},"9J":{"XX":{"QC":"10","RC":"10"},"FV":{"GV":"10","FV":"10"},"7W":{"M7":"10","WW":"10"},"FX":{"MG":"10"},"FQ":{"52":"10"},"6W":{"QC":"10","Q9":"10","R9":"10"},"9F":{"H4":"10","H3":"10"},"GV":{"HQ":"10","GV":"10","GQ":"10"},"99":{"WQ":"10","WP":"10"},"5M":{"FH":"10","FG":"10","CG":"10","CH":"10"},"J8":{"GJ":"10"},"GC":{"62":"10"},"FW":{"CC":"10","G7":"10","9V":"10","54":"10","F3":"10","44":"10","G3":"10","P4":"10","F4":"10","G4":"10","CF":"10","C3":"10","G2":"10","CV":"10","JW":"10","9W":"10"},"4X":{"6F":"10","7F":"10"},"7J":{"G7":"10"},"8X":{"HM":"10"},"7R":{"87":"10"},"FJ":{"8F":"10","7F":"10","38":"10"},"8F":{"P5":"10","8Q":"10"},"7X":{"F8":"10"},"7H":{"FQ":"10"},"9J":{"2Q":"10"},"9W":{"PR":"10","RM":"10"},"6M":{"CC":"10"},"GW":{"55":"10","H7":"10","C4":"10","69":"10","FC":"10","54":"10","45":"10","46":"10","V7":"10"},"9C":{"H6":"10"},"MF":{"59":"10","5C":"10"},"6R":{"2J":"10","2H":"10"}},"FP":{"2G":{"3W":"10","3V":"10","4V":"10","4W":"10"},"7V":{"R7":"10"},"HM":{"28":"10"},"VP":{"HW":"10","HV":"10"},"HG":{"R9":"10"},"VQ":{"X3":"10","Q2":"10","W3":"10","X5":"10","X2":"10","R2":"10","X4":"10","W4":"10","V4":"10","V3":"10"},"8J":{"7H":"10","6H":"10","5J":"10","7J":"10","6J":"10"},"X7":{"W4":"10","V5":"10","V4":"10"},"WQ":{"23":"10"},"6Q":{"7X":"10"},"5Q":{"56":"10"},"JM":{"W3":"10","W2":"10","R3":"10","V2":"10","R2":"10","V3":"10"},"X5":{"76":"10","78":"10","77":"10","87":"10","67":"10"},"8P":{"WW":"10"},"9W":{"HQ":"10","GP":"10","GQ":"10","GX":"10","FP":"10","FX":"10","JQ":"10","HP":"10"},"48":{"6F":"5","6G":"5","5G":"5","5F":"5","4H":"5","4G":"5","4F":"5","5H":"5"}},"2J":{"XQ":{"XQ":"10","XM":"10","XP":"10","WQ":"10","WM":"10","WP":"10"},"MJ":{"8C":"10"},"MQ":{"QP":"10","QM":"10"},"JJ":{"M6":"10"}},"GF":{"FC":{"RW":"10","XW":"10","XV":"10"},"FG":{"Q3":"10"},"9H":{"XF":"10","WF":"10"},"9P":{"VC":"10","R9":"10","75":"10","RC":"10"},"7P":{"XQ":"10"},"9M":{"GG":"10"},"9J":{"9C":"10","9F":"10","CC":"10","CF":"10"},"8M":{"GJ":"10"},"8P":{"RQ":"10","QH":"10","QQ":"10","QG":"10"},"CM":{"2G":"10","2H":"10"},"5P":{"QH":"10","PH":"10","PG":"10","QG":"10"},"48":{"42":"10","C2":"10"},"V3":{"76":"10","77":"10"}},"55":{"HV":{"8C":"10"}},"HP":{"88":{"V2":"10","R2":"10"},"45":{"GV":"10","GR":"10"},"82":{"XQ":"10"},"25":{"WH":"10","WM":"10"},"9G":{"P8":"10","R8":"10"},"35":{"GJ":"10","HM":"10","GM":"10","8V":"10","HJ":"10","HF":"10","8R":"10","9V":"10","GF":"10","J8":"10","JJ":"10","9M":"10","GP":"10","HH":"10","QV":"10","JH":"10","CM":"10","HC":"10","HP":"10","9R":"10"},"68":{"6H":"10","5H":"10"},"98":{"P2":"10"},"44":{"QX":"10","QP":"10","QQ":"10"},"46":{"J9":"10","H9":"10","J8":"10"},"89":{"PH":"10"}},"CR":{"CV":{"GG":"10","GH":"10","HH":"10","HG":"10"},"PV":{"Q7":"10|1","6C":"10","FG":"10","58":"10","P5":"10","R7":"10","4V":"10","5C":"10","R8":"10","M5":"10","7C":"10","Q3":"10","Q9":"10","P4":"10","VC":"10","5F":"10","P7":"10","W4":"10","WG":"10","WM":"10","RF":"10","WH":"10","WF":"10","3C":"10","WP":"10","X3":"10","V8":"10","VH":"10","48":"10","WC":"10","M3":"10","R9":"10","M2":"10","RH":"10","RC":"10","XG":"10","QC":"10","VP":"10","Q8":"10","XF":"10","QG":"10","V4":"10","RG":"10","3F":"10","P3":"10","Q6":"10","R4":"10","P6":"10","X4":"10","6F":"10"},"VQ":{"64":"10"},"CW":{"P5":"10","M5":"10"},"RW":{"7F":"10","7G":"10","4W":"10","8G":"10","7J":"10","8H":"10","8M":"10","8P":"10","7H":"10","3W":"10"},"QQ":{"RW":"10","M7":"10","P8":"10","P7":"10","MV":"10","8C":"10","M8":"10","QW":"10","QV":"10","7V":"10"},"PR":{"F7":"10","2P":"10","PG":"10","QG":"10","P3":"10","GG":"10","JF":"10","H8":"10","67":"10","C4":"10","FX":"10","7F":"10","GQ":"10","QM":"10","78":"10","G7":"10","F8":"10","FW":"10","59":"10","68":"10","6M":"10","GW":"10","C6":"10","9P":"10","69":"10","G9":"10","8Q":"10","G3":"10","MV":"10","88":"10","4C":"10","HQ":"10","HJ":"10","F6":"10","MG":"10","8G":"10","RJ":"10","49":"10","98":"10","CH":"10","48":"10","QJ":"10","77":"10","MH":"10","PX":"10","84":"10","G8":"10","PM":"10","3W":"10","HV":"10","F9":"10","PH":"10","CC":"10","GJ":"10","9C":"10","8P":"10","C9":"10","97":"10","FM":"10","JV":"10","FF":"10","99":"10","94":"10","RH":"10","G4":"10","PP":"10","8F":"10","PF":"10","Q9":"10","85":"10","RG":"10","58":"10","95":"10","3V":"10","CV":"10","GP":"10","PV":"10","PW":"10","79":"10","MF":"10","GX":"10","C7":"10","QH":"10","PJ":"10","87":"10","7G":"10","6J":"10","MJ":"10","GF":"10","HP":"10","CR":"10","86":"10","57":"10","HR":"10","FC":"10","MM":"10","CG":"10","5C":"10","MW":"10"},"MP":{"6G":"10","G7":"10","54":"10","QP":"10","QQ":"10","RQ":"10","9X":"10","53":"10","G6":"10","F6":"10","J9":"10"},"XP":{"WW":"10","WV":"10"},"GP":{"GV":"10","R3":"10"},"QM":{"76":"10","46":"10"},"PQ":{"74":"10","63":"10","PF":"10","4Q":"10","RP":"10","RQ":"10","53":"10","75":"10"},"PP":{"MC":"10","3X":"10","8Q":"10","JC":"10","9P":"10","8P":"10","9Q":"10","3W":"10"},"FX":{"VC":"10","WC":"10","WF":"10"},"RJ":{"XP":"10"},"MV":{"GP":"10","JH":"10","GQ":"10"},"VJ":{"2P":"10"},"PX":{"V5":"10"},"JQ":{"CF":"10"},"MR":{"W2":"10","QM":"10","WG":"10","PJ":"10","Q2":"10","RP":"10","PM":"10","MM":"10","QP":"10","C2":"10","F3":"10","VG":"10","QQ":"10","G3":"10","RQ":"10","V2":"10","PH":"10","RW":"10","G2":"10","R2":"10","F2":"10","PP":"10"},"HQ":{"JM":"10"},"MQ":{"GW":"10","6C":"10","7J":"10","6J":"10","JV":"10","82":"10","MJ":"10","QQ":"10","JX":"10","92":"10","7H":"10","QC":"10","7C":"10","MW":"10","GX":"10","MH":"10","MG":"10","PP":"10","JJ":"10","RQ":"10","MF":"10","FX":"10","JH":"10","CX":"10","XC":"10","QW":"10","6H":"10","FW":"10","68":"10","MM":"10","PJ":"10","MR":"10","PM":"10","7G":"10","X9":"10","X8":"10"},"QV":{"2J":"10","76":"10","Q2":"10","9G":"10","9F":"10","5X":"10","Q3":"10","RG":"10","G3":"10","2M":"10","4M":"10","C3":"10","HR":"10","6X":"10","66":"10"},"RR":{"2W":"10"},"QR":{"WG":"10","68":"10","9V":"10","95":"10","VG":"10","67":"10","QH":"10","94":"10","C5":"10","5C":"10","WH":"10","CR":"10","HR":"10","59":"10","CV":"10","G5":"10","VH":"10","C4":"10","F6":"10","66":"10"}},"C5":{"9C":{"86":"10"}},"GV":{"MJ":{"RG":"10"},"JP":{"W5":"10"},"23":{"9P":"10","8G":"10"},"PX":{"RQ":"10"},"2J":{"WX":"10"},"82":{"4W":"10"},"5V":{"3W":"10"},"73":{"42":"10"},"2M":{"W3":"10","W2":"10","V3":"10"},"72":{"9X":"10"}},"5V":{"5Q":{"W2":"10"},"VH":{"8V":"10"},"4M":{"X3":"10"},"6M":{"J3":"10","H3":"10","5R":"10","J5":"10","M5":"10"},"7J":{"QM":"10","PM":"10"},"6J":{"4H":"10","3H":"10","2H":"10"},"5P":{"V2":"10","WG":"10"},"5M":{"F5":"10","VX":"10","C5":"10","58":"10","W7":"10","V7":"10","M5":"10"}},"GR":{"54":{"G3":"10"},"73":{"82":"10"},"2W":{"88":"10","76":"10","86":"10","55":"10","68":"10","54":"10","64":"10","95":"10","98":"10","67":"10","57":"10","96":"10","78":"10","97":"10","65":"10","56":"10","58":"10","75":"10","87":"10","85":"10","77":"10","66":"10"}},"WM":{"7P":{"H5":"10"}},"5W":{"HW":{"83":"10","65":"10","73":"10"},"6X":{"8R":"10"},"7P":{"XQ":"10","XP":"10","WQ":"10","WP":"10"},"7W":{"42":"10","43":"10"}},"3P":{"42":{"PF":"10"}},"8X":{"2G":{"JX":"10"},"2P":{"3G":"10","2G":"10","7M":"10","CQ":"10","2H":"10","4F":"10","4G":"10","3H":"10","5J":"10","5M":"10","4J":"10","8Q":"10","3F":"10","CP":"10","5H":"10","7J":"10","8J":"10","2C":"10","3J":"10","29":"10","7P":"10","6H":"10","6P":"10","4H":"10","2F":"10","5G":"10","9P":"10","8M":"10","8P":"10","7H":"10","9Q":"10","6M":"10","6J":"10"},"9V":{"76":"10","75":"10"},"2M":{"7W":"10","2P":"10","4R":"10","7V":"10","5W":"10","6W":"10","4Q":"10","4P":"10","8V":"10","5R":"10","3R":"10","5M":"10","4J":"10","8R":"10","3P":"10","8Q":"10","8W":"10","4W":"10","2M":"10","3J":"10","3Q":"10","5P":"10","5Q":"10","4M":"10","7R":"10","3V":"10","6V":"10","2Q":"10","5V":"10","2R":"10","4V":"10","3M":"10","6R":"10"},"29":{"CJ":"10","9J":"10"}},"4H":{"3J":{"99":"10"},"2J":{"VJ":"10","QG":"10"}},"WW":{"XP":{"RW":"10","WH":"10","3V":"10","CJ":"10","RV":"10","2R":"10","CM":"10"},"QX":{"MX":"10","84":"10","83":"10","55":"10","52":"10","74":"10","54":"10","53":"10","44":"10","26":"10","73":"10","27":"10","43":"10"},"QW":{"5Q":"10","6P":"10","5P":"10"},"XV":{"Q7":"10"},"XQ":{"XG":"10","WR":"10","RW":"10","23":"10","54":"10","53":"10","44":"10","XR":"10","33":"10","VW":"10","WV":"10","32":"10","42":"10","WP":"10","43":"10"},"XR":{"JP":"10"},"PX":{"QX":"10","QW":"10","PW":"10","MW":"10","VG":"10","MX":"10","RG":"10","PV":"10","XJ":"10","QV":"10","RF":"10","JX":"10","PX":"10"}},"VV":{"HV":{"25":"10","3J":"10"},"JX":{"VC":"10","V9":"10","W9":"10"},"3P":{"66":"10"}},"MM":{"CF":{"4G":"10"}},"37":{"62":{"X3":"10","X2":"10"}},"HM":{"4X":{"9V":"10"},"PJ":{"88":"10","78":"10"},"QJ":{"XC":"10"},"PP":{"FC":"10","FG":"10","CG":"10"}},"CG":{"Q3":{"C4":"10","F5":"10","F3":"10","C3":"10","F4":"10"},"25":{"Q3":"10","M7":"10","Q6":"10","P7":"10","P6":"10","R5":"10","R3":"10","V2":"10","R2":"10","Q4":"10","M6":"10","P4":"10","Q7":"10","P5":"10","R4":"10","R6":"10","Q5":"10","V3":"10"},"22":{"XX":"10"},"6G":{"23":"10","24":"10"},"23":{"2C":"10","VM":"10","HJ":"10","WJ":"10","XP":"10","29":"10","J6":"10","Q7":"10","WR":"10","Q6":"10","W6":"10","HM":"10","WV":"10","Q9":"10","VP":"10","JJ":"10","4C":"10","3C":"10","JH":"10","XR":"10","XQ":"10","WM":"10","RM":"10","M6":"10","WP":"10","GJ":"10","P6":"10","GM":"10"},"P2":{"V2":"10","G6":"10"},"R3":{"P8":"10","P9":"10","R9":"10","Q8":"10","Q7":"10"},"V2":{"GJ":"10","HM":"10","GM":"10","FM":"10","FP":"10","GP":"10","HP":"10"},"26":{"86":"10","76":"10","66":"10","77":"10","85":"10","65":"10","75":"10"},"33":{"2J":"10","FV":"10","38":"10","3R":"10","FW":"10","46":"10","2M":"10","6H":"10","3V":"10","FR":"10","8F":"10","26":"10","7H":"10","28":"10","4V":"10","6J":"10"},"M2":{"H9":"10","HC":"10"},"32":{"2X":"10"},"R4":{"97":"10","WH":"10","96":"10"},"34":{"4J":"10","3J":"10","CR":"10","CQ":"10","FR":"10","FQ":"10"},"24":{"XX":"10","VV":"10","C6":"10","XV":"10","VP":"10","V5":"10","WV":"10","VR":"10","XQ":"10","QH":"10","VX":"10","RX":"10","WQ":"10","XR":"10","WM":"10","VM":"10","WR":"10","WX":"10","WW":"10","XW":"10","WP":"10","QJ":"10","VW":"10"}},"22":{"8F":{"M7":"10","QC":"10","Q9":"10"},"8C":{"PH":"10"},"89":{"PR":"10","VR":"10","R4":"10","VQ":"10","PV":"10","VX":"10","9M":"10","QC":"10","QR":"10","QV":"10","VJ":"10","RW":"10","WR":"10","WX":"10","WW":"10","VW":"10"}}},"index":{"university,1|retail,2|tourism,3|wreck,4|historical,5|artsCulture,6|namedBuilding,7|water,8|wetland,9|park,10|beach,11|natureReserve,12|cemetery,13|trail,14":{}}}