{"6H":{"F4":{"JG":{"PV":"10","PW":"10"}},"R9":{"QC":{"VG":"10","CJ":"10","9J":"10","RG":"10","VF":"10","JM":"10","RF":"10"}},"6Q":{"49":{"PM":"10"}},"82":{"Q4":{"CG":"10","FG":"10","FH":"10","CH":"10","GH":"10","GG":"10","G6":"10","F5":"10"}},"92":{"PW":{"47":"10"},"P4":{"Q6":"10","R6":"10"},"MW":{"WC":"10"}},"X3":{"G5":{"HW":"10","HX":"10","GW":"10","GX":"10"},"HV":{"R6":"10"},"QV":{"R3":"10"}},"Q8":{"G9":{"PJ":"3","MH":"3","PH":"3"}},"J6":{"JW":{"C3":"10"}},"H2":{"Q3":{"36":"10","5C":"10"},"P3":{"Q2":"10","X4":"10"},"JJ":{"FX":"10"}},"X6":{"H4":{"68":"10","58":"10"},"H3":{"55":"10","3Q":"10","MG":"10"},"G3":{"W3":"10"},"H2":{"6Q":"10"}},"V9":{"5G":{"VC":"10","RC":"10"}},"R6":{"69":{"8Q":"10","7Q":"10"}},"M5":{"33":{"V3":"10"}},"XF":{"G3":{"5Q":"10","6P":"10","5V":"10","4M":"10","5R":"10","5P":"10","5M":"10","4P":"10"}},"M7":{"VH":{"29":"10"},"RH":{"X7":"10","W7":"10"}},"J7":{"28":{"JP":"10","Q3":"10","R7":"10","R2":"10","PV":"10","GC":"10","W3":"10","GG":"10","QX":"10","MP":"10","RX":"10","HJ":"10","Q2":"10","G2":"10","V6":"10","MC":"10","PP":"10","MF":"10","VH":"10","RJ":"10","MV":"10","RH":"10","VJ":"10","R3":"10","PX":"10","RM":"10","MM":"10","FH":"10","VF":"10","MR":"10","PM":"10","FC":"10","P6":"10","C3":"10","QR":"10"},"37":{"6X":"10","4X":"10","2P":"10","CJ":"10","9J":"10","6C":"10"},"26":{"QV":"10"},"39":{"P7":"10","P6":"10","88":"10","74":"10","63":"10","25":"10","PF":"10","33":"10","PC":"10","H5":"10","J8":"10","96":"10","78":"10","G3":"10","J4":"10","Q8":"10","QC":"10","F4":"10","2F":"10","RF":"10","C3":"10","53":"10","83":"10","H9":"10","32":"10","F5":"10"},"36":{"9R":"10"},"38":{"23":"10","PJ":"10","7V":"10","79":"10","86":"10","25":"10","C9":"10","H4":"10","35":"10","5R":"10","FP":"10","9V":"10","FG":"10","M3":"10","44":"10","43":"10","9X":"10","6F":"10","5C":"10","GR":"10","HH":"10","5Q":"10","7R":"10","GG":"10","83":"10","FC":"10","CV":"10","HW":"10","87":"10","M4":"10","6M":"10","6R":"10"},"27":{"3R":"10","9Q":"10","HF":"10","M9":"10","9G":"10","XR":"10","FP":"10","7X":"10","CQ":"10","VJ":"10","RX":"10","8G":"10","89":"10","JF":"10","4R":"10"},"29":{"X3":"10","R7":"10","R8":"10","V8":"10","V7":"10"}},"X4":{"84":{"3X":"10"},"9Q":{"4V":"10"}},"WC":{"CF":{"3J":"10"}},"X7":{"GH":{"76":"10"}},"7Q":{"9F":{"6G":"10","H4":"10","5J":"10","7G":"10","H5":"10","F3":"10","5H":"10","F4":"10","G4":"10"},"MQ":{"65":"10"},"MM":{"97":"10","86":"10","98":"10","96":"10","95":"10","C8":"10","87":"10","C6":"10","C7":"10"},"7G":{"58":"10"},"JQ":{"X4":"10"},"JR":{"JG":"10","MH":"10","PF":"10","PG":"10","MJ":"10","VG":"10","JJ":"10","RM":"10","QF":"10","QG":"10","RJ":"10","JH":"10","VM":"10","PH":"10","VJ":"10","VH":"10","RH":"10","MG":"10"},"G6":{"8X":"10"},"PP":{"CV":"10"},"9C":{"PG":"10"}},"W2":{"WQ":{"2J":"10"}},"P5":{"4V":{"FR":"10"}}},"index":{"university,1|retail,2|tourism,3|wreck,4|historical,5|artsCulture,6|namedBuilding,7|water,8|wetland,9|park,10|beach,11|natureReserve,12|cemetery,13|trail,14":{}}}