{"index":{"university,1|retail,2|tourism,3|wreck,4|historical,5|artsCulture,6|namedBuilding,7|water,8|wetland,9|park,10|beach,11|natureReserve,12|cemetery,13|trail,14":{}},"6J":{"XX":{"MX":{"FX":"10"},"PX":{"W2":"10","H2":"10"},"77":{"JP":"10"},"QX":{"WR":"10","VV":"10","VW":"10"},"JR":{"37":"10"}},"GJ":{"GX":{"MV":"10","MW":"10"}},"QM":{"C9":{"R8":"10","X8":"10","V6":"10","W7":"10","V7":"10","W6":"10"}},"PJ":{"CX":{"Q7":"10"},"7X":{"5G":"10","8R":"10","7R":"10"},"6V":{"78":"10","87":"10"},"2W":{"4X":"10"},"5P":{"VX":"10","VW":"10"}},"HM":{"RG":{"P2":"10","M2":"10"}},"GM":{"F2":{"52":"10"},"67":{"JC":"10"},"PC":{"7P":"10","8Q":"10","8P":"10"}},"XV":{"H4":{"J3":"10","P4":"10","H3":"10","P5":"10"},"R2":{"FH":"10"},"GW":{"XX":"10"},"HW":{"6X":"10"},"R5":{"2P":"10","9J":"10"},"Q5":{"22":"10","32":"10"},"CH":{"X5":"10"},"FQ":{"3X":"10"},"X5":{"2J":"10"},"H2":{"H7":"10","GG":"10","GC":"10"},"R6":{"84":"10"},"M5":{"MQ":"10","X8":"10","JQ":"10"},"5V":{"97":"10","86":"10","96":"10","F6":"10","C6":"10","C7":"10"},"WW":{"MM":"10"},"J4":{"FX":"10"},"P3":{"HF":"10","P2":"10","M2":"10"},"HV":{"FC":"10","CC":"10","C9":"10"},"V3":{"25":"10","2Q":"10","32":"10"},"R3":{"6F":"10","6G":"10","5G":"10","PP":"10","WX":"10","PQ":"10","5H":"10"},"X2":{"H4":"10","GG":"10","FH":"10","GH":"10"},"FH":{"24":"10"},"Q4":{"X3":"10","44":"10","P5":"10","27":"10","M5":"10","34":"10","29":"10"},"P4":{"J7":"10","J3":"10","X5":"10","X7":"10"},"GJ":{"5Q":"10","4Q":"10","7J":"10","4P":"10"},"J5":{"F2":"10","46":"10"},"P5":{"4V":"10"},"HX":{"W2":"10","FF":"10","R6":"10","H7":"10","J7":"10","X3":"10","62":"10","X2":"10","72":"10","W3":"10","V4":"10","R5":"10"},"V2":{"44":"10"},"H3":{"3V":"10","CQ":"10","CP":"10","QV":"10"}},"FM":{"84":{"9Q":"10"},"MC":{"WG":"10","WF":"10","VP":"10","RP":"10","VG":"10","QQ":"10","RQ":"10","XF":"10","XG":"10","WH":"10","RR":"10","VH":"10"},"C3":{"6H":"10","5G":"10","2P":"10","3M":"10","2M":"10","5H":"10"},"C6":{"7F":"10","3H":"10","5M":"10","9H":"10","8H":"10","3J":"10","4M":"10","8F":"10"},"PC":{"2C":"10","56":"10","3J":"10","57":"10","3H":"10","87":"10","3G":"10","97":"10","86":"10","49":"10","59":"10","4C":"10","6F":"10","99":"10","3C":"10","48":"10","4F":"10","5G":"10","39":"10","C9":"10","67":"10","3F":"10","4G":"10","58":"10","4H":"10"},"93":{"WR":"10","PW":"10","MQ":"10","MV":"10","RR":"10","XP":"10","RV":"10","JR":"10","MR":"10","JQ":"10","QW":"10"}},"PM":{"6G":{"CV":"10","9Q":"10","8Q":"10","CW":"10","7R":"10","7V":"10","6V":"10","8R":"10","4R":"10","5V":"10","8W":"10","5R":"10","8V":"10","9V":"10","6R":"10","4V":"10","G9":"10","9R":"10","8P":"10"},"5G":{"H7":"10","F3":"10","F9":"10","C5":"10","C8":"10","G6":"10","C3":"10","H6":"10","H3":"10","G2":"10","G3":"10","F6":"10","H8":"10","G4":"10","C9":"10","C7":"10","C2":"10"},"5F":{"FM":"10","GP":"10","FP":"10"},"8H":{"MX":"10","59":"10","5C":"10"},"4F":{"FF":"10"},"CP":{"Q6":"10","V8":"10","V7":"10"},"XF":{"66":"10","57":"10"}},"WV":{"C2":{"J6":"10","2G":"10","X9":"10","P7":"10","XC":"10","3J":"10","WC":"10","57":"10","6P":"10","Q7":"10","W9":"10","5M":"10"},"H4":{"42":"10"},"C5":{"RW":"10","QW":"10"},"PV":{"56":"10"},"F4":{"MJ":"10","PJ":"10","FH":"10","XR":"10","VM":"10","PH":"10","G3":"10","RM":"10"},"W3":{"55":"10"},"56":{"FX":"10"},"82":{"WH":"10","WJ":"10","VQ":"10","VP":"10","VM":"10","WQ":"10","VJ":"10","MW":"10","WM":"10","WP":"10"},"MP":{"XH":"10"},"G4":{"HH":"10","3G":"10","7M":"10","3H":"10","7J":"10","6J":"10"},"7H":{"X5":"10","X4":"10"},"X3":{"49":"10","56":"10","66":"10","57":"10","39":"10","47":"10","67":"10","38":"10","48":"10"},"G5":{"3R":"10"},"3H":{"H2":"10"},"74":{"6W":"10","7W":"10"},"83":{"9C":"10","QC":"10","F5":"10","CC":"10","C5":"10","GX":"10","2R":"10","7C":"10","3P":"10"},"G2":{"C3":"10"},"J3":{"5F":"10","X4":"10","W4":"10"},"5C":{"HQ":"10","MH":"10","9H":"10","MC":"10","GQ":"10","WC":"10","9J":"10","87":"10","MG":"10","HC":"10","JJ":"10","JM":"10","5P":"10"},"84":{"73":"10","72":"10"},"H2":{"FC":"10","C8":"10"},"X6":{"GX":"10"},"F3":{"52":"10","V5":"10"},"3G":{"HX":"10"},"86":{"4M":"10","4P":"10"},"PQ":{"57":"10"},"PP":{"9R":"10","3R":"10","3Q":"10","9Q":"10","3V":"10","CJ":"10","CR":"10","CQ":"10","7V":"10","4V":"10","4R":"10"},"49":{"5X":"10","5W":"10"},"85":{"X6":"10"},"G3":{"4X":"10"},"5F":{"57":"10","47":"10","58":"10","48":"10"},"8V":{"P8":"10","Q9":"10","R9":"10"},"J2":{"VC":"10","25":"10","FH":"10","53":"10","HM":"10","CH":"10","62":"10"},"F2":{"5F":"10","5G":"10","WJ":"10","4J":"10","5X":"10","3J":"10","5J":"10","4G":"10","4F":"10","2X":"10","34":"10"},"5J":{"7H":"10","6H":"10","7P":"10","7M":"10","6P":"10","8Q":"10","6M":"10","7Q":"10"},"CX":{"92":"10","C2":"10"},"V3":{"W3":"10"},"C4":{"J4":"10","24":"10"},"4F":{"4X":"10"},"M2":{"XG":"10","86":"10"},"X7":{"F2":"10","G2":"10"},"M4":{"PJ":"10","PH":"10"},"Q4":{"85":"10"},"PM":{"HX":"10"},"M3":{"HX":"10","GV":"10","GX":"10"},"94":{"2R":"10","2V":"10","2W":"10"},"58":{"X3":"10","V3":"10"},"93":{"FH":"10","GF":"10","RF":"10","34":"10"},"C3":{"2P":"10","88":"10","78":"10","3G":"10","CG":"10","2Q":"10"},"H3":{"FR":"10"},"W7":{"Q2":"10","MF":"10"}},"MM":{"XG":{"C4":"10"},"22":{"32":"10"},"V9":{"G8":"10"},"W9":{"35":"10"},"WF":{"3F":"10","29":"10"}},"MJ":{"HW":{"F5":"10","H3":"10","F6":"10","H2":"10"},"GW":{"QJ":"10"},"JX":{"44":"10","M4":"10","M6":"10","M5":"10"},"FR":{"J2":"10"},"FV":{"XW":"10","XX":"10"}},"VX":{"PV":{"H4":"10"},"GW":{"39":"10","29":"10"},"5X":{"63":"10","92":"10","C2":"10","62":"10"},"4X":{"25":"10","5H":"10"},"2W":{"GJ":"10","2J":"10","FQ":"10","CQ":"10","W7":"10","PG":"10","X8":"10","FG":"10","JC":"10","2M":"10","RV":"10","W6":"10","RR":"10","JF":"10","HC":"10","MG":"10"},"HW":{"WW":"10"},"JX":{"88":"10","78":"10"},"8X":{"CC":"10","CF":"10"},"7V":{"64":"10","65":"10"},"9W":{"29":"10"},"3V":{"FJ":"10","WH":"10","JP":"7","VH":"10","RR":"10","XV":"10","G5":"10","RV":"10","JR":"10","CW":"10","GM":"10","JQ":"10","GJ":"10","HP":"7"},"FQ":{"VX":"10"},"6V":{"52":"10","GF":"10","VM":"10"},"XV":{"VW":"10"},"8R":{"RR":"10","RV":"10","QR":"10","QV":"10","9W":"10"},"4R":{"WJ":"10","VP":"10","VM":"10","WM":"10"},"WV":{"VP":"10","VM":"10","WM":"10","WP":"10"},"8W":{"R9":"10","RH":"10","FQ":"10"},"5V":{"8W":"10","2G":"10","8Q":"10","7Q":"10"},"WW":{"X2":"10"},"2X":{"XX":"10","7W":"10","6W":"10","R6":"10","Q5":"10","V9":"10","XJ":"10","JH":"10","89":"10","R9":"10","8C":"10","R5":"10","48":"10"},"4W":{"Q2":"10","C6":"10","J2":"10","3R":"10","Q3":"10","94":"10","M2":"10","72":"10","R2":"10","2R":"10","R3":"10"},"2V":{"WR":"10","XV":"10","XR":"10","6P":"10","WV":"10","6M":"10","5P":"10","5M":"10"},"9V":{"46":"10","5M":"10"},"3X":{"WG":"10","VV":"10","7G":"10","H5":"10","57":"10","QQ":"10","8G":"10","X4":"10","8H":"10","5P":"10","QR":"10","QV":"10","93":"10","H6":"10","VW":"10"},"6R":{"6W":"10","5W":"10","5J":"7","WX":"10","QR":"10"},"4V":{"JG":"10","6W":"10","XV":"10","PW":"10","WF":"10","5M":"10","HG":"10","JJ":"10","8J":"10","XF":"10","8H":"10","7Q":"10","JP":"10","6Q":"10","JH":"10","JX":"10","7X":"10","XW":"10","HP":"10","MG":"10"},"FR":{"98":"10","C8":"10","99":"10","C9":"10"},"5W":{"5W":"10","6W":"10","MQ":"10","PG":"10","5H":"10","J4":"10","9X":"10","2C":"10","PQ":"10","6Q":"10","6H":"10","6P":"10","58":"10","PH":"10","5V":"10","3C":"10","9W":"10","M4":"10","M5":"10"},"GR":{"35":"10"},"3W":{"HX":"10","82":"10","4P":"10","F8":"10","5H":"10","CH":"10","4M":"10","C8":"10","4H":"10","28":"10"}},"RX":{"WX":{"9C":"10","X3":"10","97":"10","2G":"10","MJ":"10","6G":"10","5F":"10","2F":"10","7G":"10","MM":"10","5C":"10","PM":"10"},"RW":{"V8":"10","R8":"10","WH":"10","W5":"10","CM":"10","G4":"10","V7":"10","2F":"10","X5":"10","W6":"10","X6":"10","V6":"10","45":"10","V9":"10","WG":"10","W4":"10","V5":"10","49":"10","9X":"10","5F":"10","WM":"10","M4":"10","9M":"10","VG":"10","P4":"10","W7":"10","V4":"10"},"JX":{"V8":"10","V7":"10"},"QX":{"MF":"10","MC":"10","PF":"10","F6":"10","PC":"10"},"RX":{"9C":"10","4X":"10","8F":"10","66":"10","8C":"10","7F":"10","9F":"10","3X":"10","99":"10","7C":"10","6J":"10","C9":"10"},"VX":{"H3":"10","4J":"10","VR":"10","G3":"10","PV":"10","3J":"10","RV":"10","QR":"10","4M":"10","QV":"10","G4":"10","RR":"10","X5":"10","3M":"10"},"MW":{"3J":"10","7J":"10"},"WR":{"FV":"10","HV":"10","GV":"10","MM":"10","MJ":"10","FW":"10","MX":"10","JX":"10","CV":"10","HW":"10","CW":"10","GW":"10"},"GX":{"FH":"10","GP":"10","MM":"10","QM":"10","HP":"10","CH":"10"},"XW":{"9Q":"10","JH":"10","JG":"10","27":"10"},"XV":{"7F":"10","6G":"10","C9":"10","99":"10","68":"10","7G":"10","67":"10","78":"10","6F":"10","F9":"10","CF":"10","69":"10","FC":"10","59":"10","77":"10"},"XX":{"VC":"10","VF":"10"},"WV":{"39":"10","HX":"10","G6":"10","F6":"10","5W":"10","FG":"10","6G":"10","F5":"10","9C":"10","J4":"10","4V":"10","V7":"10","9H":"10","75":"10","Q9":"10","6P":"10","FM":"10","W6":"10","VC":"10","9V":"10","4R":"10","H5":"10","77":"10","PC":"10","C6":"10","MJ":"10","G5":"10","FJ":"10","C5":"10","3C":"10","CG":"10","9G":"10","93":"10","67":"10","J2":"10","9F":"10","W7":"10","96":"10","H4":"10","48":"10","29":"10","GC":"10","GX":"10","66":"10","M9":"10","8R":"10","86":"10","GW":"10","QC":"10","P9":"10","Q8":"10","MR":"10","G4":"10","FF":"10","8H":"10","3F":"10","MQ":"10","65":"10","27":"10","J3":"10","84":"10","X8":"10","FW":"10","87":"10","28":"10","CH":"10","76":"10","GH":"10","F2":"10","2F":"10","V6":"10","6Q":"10","FH":"10","38":"10","6F":"10"},"PW":{"QX":"10","63":"10","QW":"10","PW":"10","MW":"10","54":"10","57":"10","MX":"10","94":"10","62":"10","RX":"10","58":"10","53":"10","PX":"10","C4":"10"},"WW":{"86":"3","35":"10","95":"3","44":"10","96":"3","94":"10","43":"10","97":"10","46":"10","H2":"10","56":"10","2X":"10","G6":"10","34":"10","G2":"10","36":"10","85":"3"},"JW":{"HW":"10","CX":"10","GW":"10","GV":"10","HV":"10","CW":"10"},"FX":{"3J":"10","3H":"10","GM":"10","GJ":"10"},"VW":{"V8":"10","H4":"10","C5":"10","5P":"10","XG":"10","HF":"10","F5":"10","F4":"10","GC":"10","53":"10","6P":"10","HC":"10","23":"10","56":"10","QQ":"10","43":"10","92":"10","52":"10","G4":"10","G5":"10","R5":"10","QC":"10","33":"10","44":"10","RF":"10","Q5":"10","8J":"10","R4":"10","5C":"10","Q6":"10","F3":"10","87":"10","97":"10","V9":"10","C7":"10","34":"10","R6":"10","F6":"10","G3":"10","4C":"10","RC":"10","3C":"10","VH":"10","QF":"10","62":"10","JH":"10","22":"10","32":"10","C4":"10","VC":"10","GF":"10","4V":"10","HH":"10","PF":"10","VF":"10","PG":"10","VG":"10","Q4":"10","8H":"10","24":"10","63":"10","93":"10","C3":"10","H3":"10"},"CX":{"CW":"10","WQ":"10"},"PX":{"Q2":"10","P2":"10","R2":"10","M2":"10"},"QW":{"H3":"10","8V":"10","9V":"10","54":"10","J3":"10","J4":"10","XF":"10","VH":"10"},"RV":{"PV":"10","J9":"10","WX":"10","HC":"10","GG":"10","MJ":"10","CW":"10","8G":"10","9G":"10","WR":"10","9C":"10","4R":"10","3Q":"10","PQ":"10","MC":"10","WV":"10","PP":"10","WW":"10","M7":"10","99":"10","J7":"10","GH":"10","QW":"10","C9":"10","RV":"10","MM":"10","PJ":"10","3R":"10","FV":"10","VV":"10","PM":"10","HQ":"10","8H":"10","GJ":"10","4Q":"10","VR":"10","JC":"10","RR":"10","HP":"10"},"VV":{"CV":"10","P8":"10","GW":"10","JV":"10","MP":"10","QC":"10","76":"10","88":"10","49":"10","HR":"10","2X":"10","4C":"10","JH":"10","HG":"10","MV":"10","J7":"10","2R":"10","GH":"10","3X":"10","JG":"10","FW":"10","HH":"10","H7":"10","MR":"10","4G":"10","JR":"10","78":"10","GR":"10","GV":"10","GQ":"10","H6":"10","7G":"10","X9":"10"},"QV":{"MQ":"10","QR":"10","HM":"10","QQ":"10","HP":"10"},"HX":{"P6":"10","V3":"10","W4":"10","P5":"10","6F":"10","W3":"10","V4":"10","5F":"10","M5":"10"}},"RJ":{"HX":{"22":"10"},"XW":{"XQ":"10"},"GX":{"X3":"10","XH":"10"}},"XR":{"2V":{"RH":"10","P5":"10"},"PM":{"77":"10","9V":"10","8R":"10","6J":"10"},"9R":{"V8":"10"},"CR":{"G8":"10","R8":"10","8G":"10"},"FQ":{"36":"10","7V":"10"},"H8":{"MH":"10","45":"10","76":"10","VF":"10","C6":"10","3H":"10","JC":"10","67":"10","78":"10","46":"10","P4":"10","2F":"10","2Q":"10","P3":"10","28":"10","M4":"10","M5":"10","66":"10","F5":"10"},"XJ":{"78":"10","85":"10","2J":"10","XP":"10","79":"10","2M":"10","M3":"10"},"5F":{"9P":"10","45":"10","GX":"10","JX":"10","QW":"10","CV":"10"},"Q7":{"2P":"10"},"RG":{"6M":"10","72":"10"},"PF":{"XG":"10","VC":"10","VF":"10","RC":"10","RF":"10"},"J7":{"WX":"10"},"6J":{"25":"10","FP":"10","GF":"10","F3":"10","GC":"10","F4":"10","7R":"10","9J":"10"},"JF":{"6M":"10","5P":"10"},"J8":{"FJ":"10","V2":"10","35":"10","C7":"10"},"8J":{"GH":"10","J3":"10","PP":"10","99":"10","QP":"10","MG":"10","QM":"10","89":"10","PM":"10"},"QG":{"MM":"10"},"FH":{"X5":"10","4F":"10","4G":"10","4C":"10","7J":"10","CV":"10"},"3J":{"5Q":"10","QR":"10","PQ":"10","8R":"10","QQ":"10","F4":"10","5P":"10"},"V8":{"9H":"10","V5":"10","X7":"10"},"FF":{"VC":"10","G5":"10","P4":"10","G4":"10","C7":"10"},"8F":{"36":"10"},"4F":{"CX":"10","FH":"10","VQ":"10","FC":"10","9H":"10","9G":"10","8H":"10","9W":"10"},"HP":{"Q6":"10","J2":"10","38":"10"},"HQ":{"3J":"10","3M":"10","4R":"10"},"M8":{"MQ":"10","JC":"10","9V":"10","9M":"10","9J":"10","VR":"10","2H":"10","HP":"10"},"4G":{"6R":"10","H3":"10","6V":"10"},"QF":{"9R":"10","5G":"10","MP":"10","6R":"10","MM":"10","5H":"10","7R":"10"},"JV":{"6R":"10","7R":"10"},"W9":{"2H":"10","C6":"10","PF":"10","WV":"10","F7":"10","MJ":"10","M3":"10","J4":"10","C5":"10","WW":"10","M4":"10","6M":"10","F6":"10","F5":"10"},"3H":{"4Q":"10","5R":"10","5J":"10","5M":"10","JC":"10","P8":"10","5H":"10","9H":"10","8H":"10","6F":"10","F4":"10","4H":"10","G4":"10","5G":"10","5V":"10","2R":"10"},"4H":{"7V":"10","R6":"10","9V":"10","8Q":"10","J3":"10","VX":"10","7J":"10","9M":"10","J6":"10","6V":"10","9P":"10","9Q":"10","6J":"10"},"9J":{"2G":"10","3F":"10","2F":"10","MP":"10","3G":"10","P4":"10","PQ":"10"},"R8":{"63":"10","44":"10"},"MQ":{"WJ":"10","X6":"10","QM":"10","PM":"10","WM":"10"},"7P":{"8C":"10"},"VP":{"Q2":"10","WF":"10","M3":"10","X6":"10","X7":"10","5Q":"10","P3":"10","VW":"10"},"2H":{"JX":"10","MW":"10","62":"10"},"RH":{"PV":"10","JR":"10","93":"10","HR":"10"},"HH":{"28":"10","XM":"10","R5":"10","GQ":"10","XP":"10","R4":"10"},"6G":{"XP":"10","XR":"10","VR":"10"},"7F":{"88":"10","QP":"10","M3":"10","X6":"10","37":"10","27":"10","X5":"10"},"P8":{"G8":"10","9Q":"10","9P":"10","C8":"10","8Q":"10","8P":"10","C9":"10"},"9Q":{"JP":"10","XW":"10"},"7J":{"GG":"10","HG":"10","VX":"10"},"X6":{"8V":"10","3R":"10","8R":"10","9V":"10","2V":"10","3V":"10","CR":"10","2R":"10","4V":"10","9R":"10"},"FJ":{"XJ":"10","XM":"10"},"4M":{"89":"10"},"C8":{"VQ":"10","RR":"10","7W":"10","RV":"10"},"VH":{"CX":"10","6X":"10","7F":"10","5X":"10","3V":"10","2V":"10","93":"10","9W":"10","5M":"10"},"VJ":{"J4":"10","J3":"10","M4":"10","5C":"10","M3":"10"},"9H":{"H7":"10","MH":"10","Q8":"10","WG":"10","H6":"10","Q7":"10","HC":"10","J5":"10","FQ":"10"},"3V":{"P9":"10","R5":"10","P4":"10","Q4":"10","Q7":"10","V5":"10"},"MM":{"XM":"10"},"HJ":{"P6":"10","FC":"10","P2":"10","7W":"10","7V":"10"},"MW":{"R5":"10","Q5":"10"},"WC":{"8J":"10","V2":"10","M5":"10"},"GG":{"8G":"10"},"XG":{"HQ":"10","GG":"10","JV":"10","GF":"10","JR":"10","HM":"10","JQ":"10","6M":"10","HR":"10"},"WH":{"44":"10","39":"10","7M":"10","6R":"10","GJ":"10","6V":"10","6M":"10"},"6V":{"83":"10","92":"10","J2":"10","G2":"10","H2":"10","C2":"10"},"PC":{"89":"10"},"MP":{"3F":"10","6H":"10","5H":"10"},"7C":{"MH":"10","HM":"10","JV":"10","GV":"10","FP":"10","57":"10","QH":"10","JJ":"10","46":"10","56":"10","6C":"10","7C":"10","GW":"10"},"GV":{"MM":"10"},"JC":{"R9":"10"},"2Q":{"M7":"10","2F":"10","Q6":"10","JH":"10","2C":"10","RJ":"10","JR":"10","MR":"10","PH":"10","2Q":"10","C9":"10","WF":"10"},"JM":{"39":"10","MR":"10"},"HM":{"F5":"10","G5":"10","F4":"10"},"F8":{"JP":"10","5P":"10","6P":"10","7J":"10","6J":"10","FQ":"10","FJ":"10","9J":"10","CX":"10","CP":"10","VC":"10","W9":"10","JQ":"10","6R":"10","FP":"10","CQ":"10","W8":"10","X8":"10"},"X9":{"H4":"10","55":"10","56":"10","95":"10","38":"10","3P":"10","FV":"10"},"H9":{"M2":"10"},"CQ":{"2W":"10"},"CJ":{"6F":"10","6G":"10","PP":"10","FQ":"10"},"5C":{"PV":"10","PR":"10"},"HR":{"86":"10","76":"10","85":"10","75":"10"},"4R":{"J9":"10","M5":"10"},"6Q":{"XJ":"10","QX":"10","79":"10","9G":"10","RX":"10","GJ":"10"},"WJ":{"XJ":"10","XM":"10","P2":"10","RV":"10","QV":"10"},"9P":{"J7":"10"},"XF":{"MF":"10","GX":"10","W8":"10"},"W7":{"PC":"10","H4":"10","WX":"10","GC":"10","HC":"10","X3":"10","H9":"10","HJ":"10","RF":"10","7F":"10","9C":"10","CJ":"10","HM":"10","FJ":"10","XX":"10","C7":"10","MC":"10","MG":"10","FF":"10","FM":"10","JJ":"10","J4":"10","6F":"10","9F":"10","MF":"10","JH":"10","PX":"10","VC":"10","WC":"10","JG":"10","77":"10","7Q":"10","2M":"10","VF":"10","VG":"10","HQ":"10","FC":"10","XH":"10","CF":"10","RG":"10","WF":"10","GQ":"10","V4":"10","HP":"10"},"3R":{"P2":"10","G2":"10"},"MR":{"85":"10"},"RC":{"Q9":"10","VR":"10","8R":"10","FX":"10","8G":"10"},"3X":{"4H":"10","4G":"10"},"X8":{"G9":"10","69":"10","88":"10","F3":"10","X2":"10","73":"10","V5":"10"},"HC":{"QH":"10","PP":"10","PQ":"10","MM":"10"},"HX":{"JJ":"10","HJ":"10"},"Q8":{"W2":"10","38":"10","V8":"10","V7":"10"},"XW":{"95":"10"},"JJ":{"83":"10","63":"10"},"CX":{"J3":"10","H3":"10"},"99":{"28":"10","86":"10","J4":"10","G5":"10","JQ":"10"},"FM":{"CC":"10","79":"10"},"CG":{"XH":"10","RR":"10"},"6M":{"M7":"10","X9":"10","M6":"10","X8":"10","GM":"10","HM":"10"},"5V":{"XG":"10","WG":"10","XF":"10","V4":"10","WF":"10"},"RF":{"XH":"10","96":"10","VQ":"10","44":"10","2J":"10","33":"10","7X":"10","34":"10"},"HG":{"R8":"10","VH":"10","Q8":"10","WG":"10","RH":"10","QM":"10","QV":"10"},"RX":{"XJ":"10","XH":"10","R7":"10","WJ":"10","Q6":"10","Q7":"10","R6":"10","WM":"10"},"2G":{"J7":"10","8F":"10","8C":"10","7F":"10","9F":"10","5J":"10","3P":"10"},"2P":{"V9":"10","J9":"10","JR":"10"},"3Q":{"FM":"10","69":"10","2C":"10","39":"10","GX":"10","42":"10","7J":"10","29":"10","H2":"10"},"CH":{"P8":"10","QC":"10","J9":"10","X9":"10","3G":"10","Q8":"10","4G":"10","QM":"10"},"VW":{"2R":"10"},"Q9":{"5W":"10","H3":"10","2Q":"10","48":"10","H2":"10"},"7G":{"JG":"10","PJ":"10","HG":"10","QP":"10","PC":"10","MJ":"10","JJ":"10","24":"10","2V":"10","PH":"10","QJ":"10"},"RP":{"QX":"10","QW":"10","XV":"10","PW":"10","WV":"10","RW":"10","WW":"10","PX":"10"},"XV":{"F9":"10"},"VQ":{"P8":"10","P9":"10","M9":"10","6P":"10","M8":"10","QM":"10","CH":"10"},"XH":{"QH":"10","HV":"10","HM":"10","38":"10"},"CC":{"54":"10","XW":"10","WW":"10"},"GM":{"68":"10"},"V9":{"MC":"10","PF":"10","JV":"10","PG":"10","RP":"10","5J":"10","5M":"10","2M":"10","RF":"10","72":"10","MF":"10"},"8H":{"2P":"10","G6":"10"},"8G":{"7M":"10","CC":"10","CG":"10","XQ":"10","CH":"10","7R":"10","CF":"10","VM":"10","9C":"10"},"W6":{"XV":"10"},"3M":{"G5":"10"},"9M":{"8F":"10","7V":"10","7R":"10"},"WP":{"6H":"10","52":"10","M3":"10"},"2M":{"33":"10","55":"10","54":"10","F7":"10","XR":"10","FC":"10","7C":"10","8C":"10","7X":"10","32":"10","F6":"10"},"5G":{"5F":"10","CG":"10"},"P9":{"WR":"10","XQ":"10","P7":"10","P6":"10","WQ":"10","H2":"10"},"QM":{"X7":"10","W7":"10"},"FG":{"2P":"10","3X":"10","MP":"10","3P":"10","4W":"10","X3":"10","RV":"10","2Q":"10","6X":"10","VH":"10","3W":"10","PP":"10"},"XQ":{"MH":"10","JH":"10","GJ":"10"},"QV":{"VQ":"10","WQ":"10","WP":"10"},"6H":{"MM":"10","MJ":"10","WQ":"10","JR":"10","P4":"10","V2":"10","R2":"10","M4":"10"},"R7":{"JV":"10"},"4V":{"3C":"10","V4":"10","62":"10"},"9F":{"6G":"10","7G":"10","74":"10"},"6F":{"V6":"10","VF":"10","V8":"10","W7":"10","W8":"10"},"WG":{"7Q":"10","7R":"10"},"HW":{"2F":"10","2M":"10"},"QH":{"6G":"10","JG":"10","46":"10"},"JH":{"54":"10","53":"10","CG":"10"},"8W":{"M7":"10","M6":"10"},"GQ":{"MF":"10","Q7":"10","7J":"10"},"4J":{"76":"10","VF":"10","VG":"10","Q6":"10","P2":"10","H6":"10","3C":"10"},"XC":{"Q2":"10","97":"10","52":"10","JH":"10","GV":"10","CG":"10","V8":"10"},"GJ":{"8F":"10","6P":"10","2Q":"10","W7":"10","8G":"10","5P":"10"},"3F":{"5X":"10","VR":"10"},"7W":{"GG":"10","FG":"10"},"VR":{"P8":"10","P7":"10"},"5J":{"49":"10","P6":"10","VP":"10","C5":"10","48":"10","F8":"10"},"JQ":{"9G":"10","3H":"10","6Q":"10"},"8X":{"F9":"10","CC":"10","C8":"10","C9":"10","F8":"10"},"5Q":{"6W":"10","2H":"10"},"6R":{"CX":"10","P8":"10","P7":"10","HX":"10","88":"10","QJ":"10","RJ":"10","V2":"10","9X":"10","GX":"10","R6":"10","V3":"10"},"7Q":{"FV":"10","5M":"10","4C":"10","5C":"10","7P":"10","5P":"10","HH":"10","GH":"10","6P":"10","7R":"10","FR":"10","CR":"10","CV":"10","6M":"10"},"6P":{"VC":"10","5G":"10","VX":"10","WC":"10","PG":"10","QG":"10","H2":"10"},"JP":{"2W":"10"},"4Q":{"RR":"10","FF":"10","X6":"10"},"9G":{"Q6":"10","HX":"10"},"GW":{"R3":"10","42":"10","V3":"10"},"W8":{"C9":"10","RP":"10","H4":"10","98":"10","44":"10","X6":"10","24":"10","J7":"10","QG":"10","WQ":"10","X2":"10","J6":"10","58":"10","P2":"10","34":"10","59":"10","H6":"10","6J":"10"},"2R":{"HW":"10","PJ":"10","2H":"10","VF":"10"},"7M":{"FH":"10","WV":"10","CH":"10"},"RR":{"79":"10"},"QC":{"V9":"10"},"M9":{"H5":"10","83":"10","3J":"10","CP":"10","J5":"10"},"VG":{"CX":"10","86":"10","W7":"10"},"PQ":{"26":"10","WX":"10","XX":"10"},"M7":{"6V":"3"},"CM":{"W4":"10"},"FC":{"4J":"10","P5":"10"},"VC":{"69":"10","53":"10","82":"10","79":"10","32":"10"},"MJ":{"9C":"10","85":"10","82":"10","QG":"10"},"8M":{"J3":"10","5J":"10","72":"10","M3":"10","6J":"10"},"XM":{"8F":"10","8C":"10","95":"10","8G":"10","C7":"10"},"5M":{"XW":"10","QX":"10","26":"10","8Q":"10","8P":"10","7Q":"10"},"X7":{"Q3":"10","C5":"10","R2":"10","GW":"10","53":"10","5X":"10","2H":"10","2W":"10","9H":"10","82":"10","CW":"10","VM":"10","7X":"10","5Q":"10","52":"10","42":"10","Q2":"10","CH":"10","3V":"10","CJ":"10","XX":"10","6X":"10","WV":"10","8W":"10","5V":"10","C6":"10","96":"10","2X":"10","6W":"10","HV":"10","4W":"10","9J":"10","95":"10","R3":"10","GH":"10","3X":"10","FH":"10","9M":"10","HQ":"10","5W":"10","3W":"10","GV":"10","7W":"10","HP":"10"},"MH":{"GF":"10","95":"10","62":"10"},"WQ":{"F2":"10","CH":"10"},"9W":{"93":"10"},"QP":{"H2":"10"},"4P":{"JP":"10","XV":"10","W9":"10","WF":"10"},"5H":{"G6":"10","H6":"10"},"G9":{"6M":"10"},"3W":{"62":"10"},"2W":{"98":"10","W5":"10","X5":"10","M4":"10","9G":"10","X6":"10","M5":"10"},"VF":{"9F":"10","7G":"10","GQ":"10","FW":"10","8G":"10","8H":"10","5P":"10","GP":"10","HQ":"10","5Q":"10","93":"10","CV":"10","7H":"10"},"6C":{"P8":"10","HF":"10","QW":"10"},"WM":{"3R":"10","6W":"10"},"MG":{"P2":"10","X5":"10"},"VX":{"79":"10","H6":"10","F6":"10"},"FW":{"QQ":"10"},"79":{"WR":"10"},"JG":{"3R":"10","3Q":"10","F3":"10","RJ":"10","G3":"10"},"3G":{"3R":"10","PH":"10","2V":"10","3P":"10"},"7H":{"XG":"10","3M":"10"},"G8":{"79":"10","PF":"10","4P":"10","68":"10","VR":"10","J8":"10","JJ":"10","X6":"10","78":"10","2V":"10","69":"10","8F":"10","RW":"10","WR":"10","CV":"10","X5":"10","2R":"10"},"2J":{"P9":"10","VF":"10","4G":"10","GX":"10","RM":"10","F9":"10","RJ":"10","WH":"10","H8":"10","VH":"10","G9":"10"},"CW":{"G8":"10"},"5P":{"XX":"10","W7":"10","WF":"10","X8":"10","68":"10","3P":"10","3F":"10","78":"10","X7":"10","JM":"10","WX":"10","3M":"10"},"89":{"7P":"10","8Q":"10","6M":"10"},"MF":{"XG":"10","PX":"10"},"V7":{"XM":"10","VW":"10"},"3P":{"4X":"10","4F":"10"}},"WM":{"73":{"J4":"10","J3":"10","M4":"10"}},"JM":{"53":{"PV":"10","PW":"10","RV":"10","QW":"10","QV":"10"},"64":{"3V":"10"}},"WR":{"VX":{"QC":"10"},"HX":{"63":"10","53":"10","4Q":"10","VW":"10","5P":"10"},"FX":{"Q3":"10","HQ":"10","83":"10","W5":"10","P3":"10","F3":"10","C5":"10","W4":"10","F2":"10","C3":"10","87":"10","V8":"10","2X":"10","V7":"10","RF":"10","H2":"10"},"XH":{"XJ":"10","76":"10","MF":"10","QJ":"10","65":"10","VJ":"10"},"JR":{"56":"10","7F":"10","RR":"10","RV":"10","QR":"10","QV":"10"},"QW":{"4V":"10","4R":"10"},"RM":{"78":"10","X2":"10","HP":"10","7C":"10"},"PP":{"8X":"10","HX":"10","GP":"10","GQ":"10","MG":"10"},"JQ":{"MQ":"10"},"XM":{"P7":"10","MC":"10","X9":"10","VV":"10","CQ":"10","H4":"10","5M":"10","4J":"10","MX":"10","4C":"10","Q6":"10","VJ":"10","Q7":"10","VW":"10","47":"10","9C":"10"},"QR":{"5W":"10","5V":"10"},"PW":{"RQ":"10","VM":"10","RM":"10"},"XQ":{"XQ":"10","GH":"10","HH":"10","M6":"10","XR":"10","XF":"10"},"WM":{"6W":"10","66":"10","F3":"10","QW":"10"},"RQ":{"76":"10","MV":"10"},"WH":{"JX":"10"},"WJ":{"GJ":"10","XP":"10","GM":"10","MQ":"10","PM":"10","XQ":"10","V9":"10","MX":"10","CP":"10","7J":"10","8J":"10","WQ":"10","XG":"10","Q6":"10","HH":"10","GH":"10","2X":"10","8M":"10","WP":"10","V8":"10","6J":"10"},"VW":{"Q3":"10","X3":"10","86":"10","96":"10","QJ":"10","Q4":"10","FP":"10","CQ":"10","CP":"10","89":"10","FQ":"10"},"QV":{"CH":"10"},"CX":{"FG":"10","2Q":"10"},"WV":{"G3":"10"},"9X":{"HR":"10"},"RP":{"HV":"10","2Q":"10"},"XP":{"PJ":"10","JV":"10","5R":"10","MJ":"10","24":"10","5Q":"10","R9":"10","34":"10","G5":"10","R3":"10","MG":"10"},"QP":{"63":"10","73":"10","8V":"10"},"JW":{"2C":"10","WG":"10"},"WR":{"2J":"10","2H":"10"},"VM":{"PC":"10","23":"10","7C":"10","XJ":"10","7F":"10","3G":"10","8F":"10","MC":"10","MF":"10","4F":"10","39":"10","8C":"10","M4":"10","68":"10","PF":"10","3F":"10","4G":"10","X8":"10"},"PQ":{"2V":"10"},"PX":{"FJ":"10"},"WP":{"MH":"10","FG":"10","CG":"10","2V":"10","CH":"10"},"VH":{"XP":"10","FV":"10","MV":"10","GV":"10","VR":"10","GQ":"10","XM":"10","RG":"10","WQ":"10","M9":"10","WM":"10","JX":"10","JW":"10","WP":"10","J9":"10"},"QQ":{"H5":"10","63":"10","MP":"10"},"RJ":{"WH":"10","VQ":"10","VH":"10","XX":"10","QR":"10","VR":"10","VJ":"10","QQ":"10"},"GX":{"PC":"10","53":"10","9H":"10","5Q":"10","42":"10","V7":"10","Q8":"10","76":"10","5C":"10","JF":"10","F3":"10","8F":"10","RP":"10","C6":"10","J4":"10","9F":"10","5J":"10","64":"10","M2":"10","JQ":"10","F9":"10","54":"10","G9":"10","CC":"10","94":"10","MQ":"10","63":"10","65":"10","P7":"10","4H":"10","55":"10"},"HW":{"8J":"10","7P":"10","W4":"10","5V":"10","8M":"10","7J":"10"},"XJ":{"XP":"10","HV":"10","WJ":"10","MV":"10","JV":"10","5R":"10","89":"10","7C":"10","8C":"10","WW":"10","VW":"10","6R":"10"},"QM":{"MF":"10","5W":"10","8R":"10","8M":"10","JF":"10"},"GV":{"GX":"10","6R":"10","GM":"10","6Q":"10"},"XR":{"JW":"10","XH":"10","H7":"10","7G":"10","PP":"10","5V":"10","QP":"10","2R":"10","JQ":"10","2V":"10","QM":"10","H8":"10","MW":"10","PM":"10"},"JV":{"55":"10","88":"10","54":"10","53":"10","64":"10","65":"10"},"GW":{"R7":"10","9Q":"10","J9":"10","W3":"10","VQ":"10","QQ":"10","X3":"10","H9":"10","XP":"10","7P":"10","CR":"10","WQ":"10","G8":"10","R6":"10","PQ":"10","W4":"10","PW":"10","C4":"10","WP":"10","CQ":"10","9R":"10","7G":"10","8P":"10"},"XG":{"WJ":"10","MP":"10","WM":"10","VM":"10","9P":"10","VJ":"10","8P":"10","PP":"10"},"HV":{"MH":"10","VR":"10","8Q":"10","JC":"10","7Q":"10","7P":"10","JH":"10","WR":"10","8P":"10"},"VP":{"M6":"10","88":"10","7M":"10","XV":"10","MP":"10","5M":"10","M7":"10","95":"10","98":"10","49":"10","4C":"10","RQ":"10","5C":"10","XR":"10","9Q":"10","6M":"10"},"MV":{"48":"10"},"VQ":{"X8":"10","X7":"10"},"MR":{"HF":"10","Q3":"10","RM":"10","75":"10","R9":"10","JF":"10","Q7":"10","R3":"10"},"PR":{"P5":"10","Q5":"10","48":"10"},"VV":{"W5":"10","W4":"10","XX":"10","V5":"10","V4":"10"},"WQ":{"6F":"10","PH":"10","V7":"10","WF":"10","C7":"10"},"MQ":{"JC":"10","77":"10","9X":"10","67":"10","5H":"10","3P":"10"},"PM":{"WW":"10"},"FW":{"CV":"10","5P":"10","PV":"10","MX":"10","GW":"10","9H":"10","HW":"10","4M":"10","PR":"10","JX":"10","QX":"10","RX":"10","WJ":"10","J6":"10","7F":"10","GX":"10","FJ":"10","8F":"10","5M":"10","JW":"10","FX":"10","J7":"10","4J":"10","HH":"10","H7":"10","FR":"10","FV":"10","XH":"10","H6":"10","7G":"10"},"RW":{"H9":"10","HC":"10"},"WW":{"55":"10","6G":"10","3J":"10","3M":"10","G3":"10"},"RX":{"R2":"10"},"VJ":{"P8":"10","98":"10","P2":"10","R2":"10","WX":"10","XX":"10","QP":"10","2Q":"10","WV":"10","2X":"10"},"HR":{"8W":"10","8X":"10","9X":"10","8V":"10","9W":"10"},"JX":{"5X":"10","3W":"10"},"RR":{"F5":"10"}},"WX":{"XW":{"J7":"10","M6":"10","M5":"10"},"2R":{"HM":"10"},"4P":{"M4":"10"}},"WW":{"J3":{"F5":"10","G5":"10","G6":"10","F6":"10"},"Q4":{"XH":"10","RG":"10","PV":"10","RQ":"10","XJ":"10","WH":"10","WX":"10","RH":"10"},"M2":{"MW":"10"},"93":{"H4":"10"},"Q5":{"X3":"10","W2":"10","X2":"10"}},"XW":{"W2":{"R7":"10","QC":"10","Q9":"10","R8":"10","R9":"10","Q8":"10","Q7":"10","RC":"10"},"VF":{"5Q":"10","6P":"10","6Q":"10","5P":"10"},"V3":{"FC":"10","CC":"10","FF":"10","G6":"10","H6":"10","CF":"10"},"W5":{"Q2":"10","P2":"10","M2":"10","HC":"10","GC":"10"},"8R":{"7H":"10","7M":"10","7J":"10","6J":"10"},"9V":{"84":"10","83":"10","74":"10","73":"10"},"W4":{"JP":"10","MX":"10","56":"10","QQ":"10","JX":"10","PR":"10","MP":"10","WJ":"10","XJ":"10","7F":"10","97":"10","PQ":"10","66":"10","PP":"10","96":"10","XM":"10","JJ":"10","6W":"10","FX":"10","22":"10","CX":"10","WM":"10","JQ":"10","MM":"10","CC":"10","HQ":"10","MQ":"10","65":"10","HP":"10","55":"10"},"G3":{"5P":"10"},"X4":{"65":"10"},"7R":{"MF":"10"},"W3":{"HQ":"10","JP":"10","JQ":"10","HP":"10","2X":"10"},"R3":{"VX":"10","RX":"10"}},"QJ":{"XX":{"92":"10"}}}}