{"index":{"university,1|retail,2|tourism,3|wreck,4|historical,5|artsCulture,6|namedBuilding,7|water,8|wetland,9|park,10|beach,11|natureReserve,12|cemetery,13|trail,14":{}},"6M":{"R2":{"2P":{"97":"10"},"MC":{"G9":"10","G8":"10","96":"10","J3":"10","F3":"10","F9":"10","F2":"10","F7":"10","G2":"10","G3":"10","C6":"10","F8":"10"},"HH":{"GG":"10"},"8J":{"2P":"10"},"44":{"R2":"10"},"P3":{"8J":"10","76":"10","49":"10","69":"10","F5":"10","59":"10","77":"10","9H":"10","9G":"10","99":"10","67":"10","89":"10","F4":"10","7J":"10"},"GG":{"WR":"10"},"XX":{"JW":"10","JX":"10"},"V7":{"VF":"10"},"5M":{"2W":"10"},"67":{"V9":"10","C4":"10","Q8":"10","V8":"10","W9":"10","W8":"10","F4":"10"},"3F":{"QF":"10","QG":"10"},"7X":{"2H":"3"},"RM":{"WJ":"10"},"66":{"7R":"10"},"RW":{"Q5":"10","W4":"10","X3":"10","X4":"10","P4":"10","W3":"10","Q4":"10"},"5P":{"32":"10","42":"10"},"W4":{"QP":"10"},"QF":{"P3":"10","P2":"10"},"FG":{"26":"10"},"QM":{"VG":"10"},"H2":{"3F":"10","2F":"10","3C":"10","2C":"10","F7":"10","G7":"10"},"WP":{"C3":"10"},"78":{"5G":"10","5F":"10","7G":"10","8G":"10"},"VH":{"PW":"10","PX":"10","WW":"10","QX":"10","QW":"10"},"8H":{"W5":"10","W4":"10","V5":"10","V4":"10"},"JP":{"X2":"10"},"PC":{"XH":"10"},"65":{"Q3":"10","P3":"10","P4":"10"},"Q2":{"X5":"10","XV":"10"},"W6":{"X8":"10","X7":"10","W7":"10","W8":"10"},"6X":{"MH":"3","XH":"3","RM":"3","XM":"3","Q9":"3","QH":"3","VC":"3","QF":"3","WG":"3","PC":"3","WM":"3","RF":"3","WH":"3","MJ":"3","WF":"3","WJ":"3","PF":"3","VM":"3","VH":"3","QJ":"3","RJ":"3","MM":"3","XJ":"3","QM":"3","R9":"3","PJ":"3","RH":"3","RC":"3","XG":"3","QC":"3","QG":"3","RG":"3","PH":"3","VF":"3","VG":"3","PM":"3","PG":"3","VJ":"3"},"V2":{"2J":"10","6G":"10","2W":"10","HM":"10","2M":"10","JM":"10","R3":"10","3W":"10"},"4W":{"6H":"10","6J":"10","24":"10"},"X2":{"26":"10","CR":"10","27":"10"},"G9":{"9V":"10"},"36":{"R7":"10","2C":"10","4X":"10","6Q":"10","VM":"10","36":"10","R5":"10","V7":"10","Q5":"10","FQ":"10","Q6":"10","V6":"10","26":"10","37":"10","VP":"10","RP":"10","27":"10","85":"10","4W":"10","3X":"10","7Q":"10","7M":"10","3W":"10"},"8Q":{"RG":"10"},"34":{"WJ":"10","VQ":"10","RQ":"10"},"88":{"59":"10"},"H5":{"R7":"10","R8":"10","Q8":"10","Q7":"10"},"F6":{"46":"10"},"Q5":{"9H":"10"},"75":{"V8":"10","V7":"10"},"27":{"52":"10","62":"10"},"RJ":{"Q7":"10"},"98":{"MF":"10"},"CM":{"3V":"10","2V":"10"},"GC":{"P2":"10"},"5Q":{"28":"10","29":"10"},"2Q":{"CX":"10","FW":"10","HV":"10","CW":"10"},"7V":{"CX":"10","MV":"10","9X":"10","6P":"10","MR":"10","6Q":"10"},"W2":{"C9":"10","C6":"10","X6":"10","C5":"10","X7":"10","M2":"10","F6":"10","F5":"10"},"P2":{"FJ":"10","FH":"10","GM":"10","4M":"10"},"VJ":{"Q2":"10"},"XQ":{"88":"10","C9":"10","99":"10","CJ":"10","98":"10","78":"10","9M":"10","5C":"10","C8":"10","CM":"10","89":"10","9J":"10"},"28":{"M7":"10"},"74":{"92":"10","GR":"10","FR":"10"},"54":{"6G":"10","52":"10","42":"10"},"8R":{"FV":"10","FX":"10","GX":"10","8R":"10","8Q":"10","FW":"10","7Q":"10","7R":"10","CV":"10","GW":"10"},"73":{"55":"10"},"VW":{"W9":"10","FQ":"10"},"J3":{"39":"10","F8":"10","Q3":"10","7Q":"10","7P":"10","6P":"10","8P":"10"},"53":{"4X":"10","5X":"10","7R":"10"},"WV":{"QJ":"10","QH":"10","4P":"10"},"99":{"H5":"10","G5":"10","H6":"10"},"C2":{"52":"10"},"XW":{"2H":"10"},"96":{"J4":"10","5R":"10"},"G4":{"F7":"10","F8":"10"},"WQ":{"QF":"10","6V":"10","WF":"10"},"38":{"8J":"10","9J":"10","H6":"10"},"58":{"XP":"10"},"WG":{"RR":"10","VR":"10"},"3V":{"89":"10"},"4X":{"25":"10","26":"10","36":"10","35":"10"},"CV":{"PQ":"10","QQ":"10"},"72":{"JW":"10","MR":"10","MW":"10"},"35":{"JR":"10","6V":"10","CM":"10"},"PW":{"P9":"10","M9":"10"},"26":{"R7":"10","P9":"10","X9":"10","VF":"10","XC":"10","WF":"10","5X":"10","M7":"10","H7":"10","J8":"10","X6":"10","J7":"10","X7":"10","RV":"10","RR":"10","H8":"10","9P":"10","6X":"10","H9":"10","4V":"10","G9":"10"},"F3":{"2H":"10"},"FJ":{"F7":"10","F6":"10","H8":"10"},"4Q":{"MC":"10","PC":"10"},"47":{"M2":"10","M3":"10"},"RX":{"HV":"10","MP":"10","G7":"10","54":"10","H7":"10","44":"10","JQ":"10","G8":"10","GH":"10","G6":"10","H8":"10","H6":"10","HW":"10","85":"10","JW":"10"},"4M":{"XW":"10"},"R2":{"CX":"10","CR":"10","CQ":"10","V5":"10"},"GF":{"9W":"10"},"55":{"FG":"10","9J":"10"},"M9":{"GP":"10","JR":"10","FP":"10","HR":"10"},"86":{"QF":"10","6R":"10","PF":"10"},"63":{"Q3":"10","Q2":"10","98":"10","P3":"10","88":"10","R3":"10","R2":"10","V5":"10"},"WM":{"Q6":"10","X2":"10"},"8X":{"4X":"10"},"4H":{"R5":"10","R6":"10"},"WW":{"XH":"10","49":"10","59":"10"},"VV":{"WC":"10"},"M4":{"CC":"10"},"37":{"77":"10"},"CG":{"X7":"10","X6":"10","F8":"10"},"76":{"VG":"10","WG":"10"},"XM":{"J4":"10"}},"PV":{"28":{"3Q":"10"},"FW":{"RW":"10","RR":"10","RV":"10","RX":"10","QW":"10","QV":"10"},"FX":{"C8":"10"}},"MX":{"7F":{"CX":"10","9X":"10","9W":"10"},"88":{"2Q":"10"},"79":{"Q9":"10","P9":"10","JH":"10","VF":"10"},"99":{"4J":"10","3J":"10","4M":"10"},"5H":{"26":"10","75":"10"},"6H":{"9G":"10"},"4H":{"F7":"10","F6":"10","C6":"10","C7":"10"},"G4":{"55":"10","64":"10","65":"10"},"7C":{"C4":"10","C3":"10"},"85":{"G6":"10","G7":"10"}},"WX":{"2J":{"PR":"10","PQ":"10"},"CX":{"W5":"10","2C":"10","X3":"10","V7":"10","R5":"10","F7":"10","29":"10","J6":"10","76":"10","J3":"10","38":"10","W6":"10","X5":"10","X6":"10","87":"10","V6":"10","28":"10","97":"10","86":"10","G8":"10","H8":"10","V5":"10","49":"10","85":"10","59":"10","M7":"10","99":"10","48":"10","J7":"10","X2":"10","G7":"10","39":"10","X7":"10","68":"10","69":"10","M6":"10","H7":"10","75":"10","78":"10","58":"10","P6":"10","G6":"10","P7":"10","W7":"10","H6":"10","W8":"10","X8":"10"},"FX":{"23":"10","33":"10","22":"10","54":"10","44":"10","24":"10","43":"10","42":"10","53":"10","34":"10","52":"10","26":"10","32":"10"},"5M":{"C5":"10","2C":"10","7J":"10","8Q":"10","6J":"10","9H":"10","7H":"10","2F":"10","7R":"10","CH":"10","CR":"10","8J":"10","FJ":"10","8R":"10","8M":"10","FM":"10","C6":"10","5J":"10","GH":"10","5G":"10","FH":"10","7Q":"10","5H":"10","8H":"10","GJ":"10","9R":"10","GM":"10","CG":"10"},"4J":{"8W":"10","CX":"10","8X":"10","9X":"10","7X":"10","9W":"10"},"FW":{"6X":"10","4X":"10","6W":"10","5X":"10","5W":"10","3X":"10","2X":"10","4W":"10"},"24":{"97":"10"},"2M":{"W2":"10","H3":"10","X8":"10","W8":"10","M3":"10","XH":"10","G3":"10","X3":"10","H2":"10","X2":"10","WH":"10","P3":"10","W3":"10","G2":"10","R2":"10"},"9X":{"J9":"10","X9":"10","JC":"10","XC":"10","MC":"10","W9":"10"},"5P":{"83":"10","82":"10","73":"10","72":"10"},"4M":{"C2":"10","HF":"10","HC":"10","82":"10","92":"10","F7":"10","83":"10","84":"10","C7":"10","F6":"10","XF":"10","49":"10","C6":"10","59":"10","48":"10","C4":"10","XC":"10","GF":"10","94":"10","58":"10","93":"10","C3":"10"},"QV":{"4P":"10","5R":"10","3P":"10","6Q":"10","4M":"10","5Q":"10","3M":"10"},"89":{"28":"10","3C":"10","39":"10","38":"10","4C":"10","29":"10"},"CW":{"VX":"10"},"7H":{"8W":"10","9V":"10","8V":"10","9W":"10"},"JW":{"V6":"10","W7":"10","V3":"10","R6":"10","W8":"10","R4":"10","V7":"10","W6":"10","V4":"10","R5":"10","R3":"10"},"3M":{"H4":"10","H3":"10","G4":"10"}},"W3":{"F5":{"XJ":"10","WJ":"10","XC":"10","VP":"10","QQ":"10","XF":"10","WP":"10"},"6C":{"C4":"10","47":"10","C3":"10","H6":"10"},"2C":{"C4":"10","P2":"10"},"82":{"X3":"10"},"92":{"23":"10","9F":"10","9G":"10","45":"10"},"G5":{"2F":"10","2C":"10"},"F7":{"2F":"10","2C":"10","7M":"10"},"29":{"PX":"10"},"5C":{"W5":"10","Q7":"10","6C":"10"},"F3":{"RJ":"10"},"H5":{"VW":"10"},"C7":{"W3":"10","XC":"10","X8":"10","W4":"10","W8":"10","XF":"10"},"F6":{"3R":"10","3Q":"10","4Q":"10","4R":"10"},"48":{"VG":"10"},"32":{"J4":"10","J3":"10","M4":"10","V8":"10","M3":"10"},"H6":{"X9":"10","FQ":"10","GM":"10","C6":"10","FM":"10","X8":"10","FP":"10","F7":"10","F8":"10","GQ":"10","3J":"10","GP":"10","GH":"10","R5":"10","H9":"10","C7":"10","G9":"10"}},"JV":{"JX":{"RV":"10"},"7C":{"X5":"10","X6":"10","W6":"10"}},"HW":{"PQ":{"MQ":"10","QJ":"10","MR":"10"}},"CW":{"HV":{"QX":"10"}},"QQ":{"W8":{"2G":"10","2H":"10"},"G7":{"RQ":"10","VP":"10","RP":"10","QQ":"10","QM":"10","PM":"10"},"H7":{"3Q":"10","2P":"10","4Q":"10","5W":"10","3P":"10","5P":"10","5M":"10","4P":"10|7"},"GC":{"98":"10"},"G8":{"V8":"10","W5":"3","79":"10","V7":"10","7C":"10","HJ":"10","X6":"10","M9":"10","V9":"10","FF":"10","W4":"3","PW":"10","JH":"10","PX":"10","VC":"10","W9":"10","8C":"10","X7":"10","HH":"10","M3":"10","FC":"10","C3":"10","W7":"10","W8":"10","89":"10","X9":"10","X8":"10"},"H8":{"FF":"10","38":"10","FQ":"10","CQ":"10","39":"10","GF":"10","FG":"10","CP":"10","49":"10","29":"10","GG":"10","27":"10","9P":"10","26":"10","9Q":"10","28":"10","C7":"10"},"H9":{"F9":"10","C8":"10","M2":"10","M3":"10","C9":"10","F8":"10"},"V8":{"V6":"10","X9":"10","MV":"10","R6":"10","W8":"10","XH":"10","V9":"10","RG":"10","PV":"10","V7":"10","XG":"10","Q6":"10","VC":"10","RC":"10","RF":"10","W9":"10","R9":"10"}},"JX":{"W2":{"VR":"10"},"4R":{"76":"10","66":"10","3G":"10","65":"10","75":"10"},"HM":{"55":"10","56":"10","66":"10","74":"10","65":"10","75":"10"},"XQ":{"8X":"10","5X":"10","CW":"10","7X":"10","9W":"10"},"X3":{"6F":"10","6G":"10","56":"10","7G":"10","7F":"10","CG":"10","45":"10","46":"10"},"WQ":{"X8":"10","W8":"10"},"XJ":{"V6":"10","P6":"10","V5":"10","R6":"10","Q5":"10","JR":"10","Q6":"10","HR":"10","R5":"10"},"XR":{"74":"10","76":"10","82":"10","86":"10","95":"10","67":"10","94":"10","72":"10","52":"10","77":"10"},"W3":{"V9":"10","X6":"10","W9":"10"}},"PR":{"63":{"MG":"10"},"JV":{"C2":"10"},"44":{"HH":"7"},"VP":{"Q6":"10","Q5":"10"},"JR":{"CW":"10","FR":"10","FV":"10"}},"RX":{"WR":{"RQ":"10"},"VQ":{"JW":"10","MV":"10","JV":"10"},"VP":{"3G":"10"},"7P":{"RG":"10"},"9M":{"88":"10"},"CQ":{"CG":"10"},"8V":{"83":"10","63":"10","74":"10","54":"10","53":"10","82":"10","64":"10","73":"10","72":"10","62":"10"}},"Q2":{"XJ":{"73":"10"},"XG":{"3C":"10"},"XH":{"6Q":"10"},"WH":{"V3":"10","R6":"10","R4":"10","RG":"10","QF":"10","QG":"10","V2":"10","RF":"10","R5":"10","R2":"10","R3":"10"},"WJ":{"P7":"10"},"XP":{"MF":"10","PF":"10","MG":"10","PG":"10"},"X8":{"PH":"10","PG":"10"},"WG":{"VX":"10","VW":"10","RX":"10"},"XF":{"H4":"10","J4":"10","H3":"10"}},"VX":{"W7":{"C2":"10"},"J2":{"QM":"10","PJ":"10","2P":"10","PM":"10","3P":"10","2M":"10","QJ":"10","3M":"10"},"HJ":{"FF":"10","7F":"10","45":"10","84":"10","55":"10","68":"10","HF":"10","HG":"10","92":"10","GF":"10","95":"10","C2":"10","FG":"10","57":"10","67":"10","78":"10","94":"10","56":"10","GG":"10","53":"10","7C":"10","8C":"10","8F":"10","85":"10","66":"10"},"JJ":{"33":"10","32":"10","42":"10","43":"10"},"G3":{"JW":"10"},"HH":{"CX":"10","FW":"10","9X":"10","CW":"10","FX":"10","9W":"10"},"W6":{"J4":"10"},"GH":{"9G":"10","CG":"10","CJ":"10","8G":"10","9H":"10","8J":"10","8H":"10","9M":"10","CH":"10","8M":"10","9J":"10"},"JH":{"4X":"10","3X":"10"},"FJ":{"CQ":"10"},"R5":{"5W":"10","5V":"10","4V":"10","4W":"10"},"CW":{"QF":"10"},"QJ":{"QJ":"10","RJ":"10","QH":"10","RH":"10"}},"MW":{"FJ":{"MX":"10","HW":"10","JW":"10","22":"10","MV":"10","JV":"10","JR":"10","MR":"10","MW":"10"},"6G":{"3F":"10","26":"10"},"PJ":{"3Q":"10"},"FH":{"3X":"10","2X":"10"},"7H":{"J7":"10","H5":"10","M7":"10","J6":"10","H4":"10","J4":"10","P6":"10","M4":"10","G5":"10","M6":"10","H6":"10","H3":"10","J5":"10","G4":"10","M5":"10"},"5G":{"X6":"10","W6":"10"},"JP":{"H7":"10","P2":"10","M2":"10","H8":"10"},"7G":{"MQ":"10"},"HF":{"XM":"10","XH":"10","XP":"10","WM":"10","WP":"10"},"MP":{"V9":"10","W9":"10"},"3G":{"GG":"10","HH":"10","HG":"10"},"HV":{"28":"10","2C":"10","39":"10","29":"10"},"JG":{"37":"10","22":"10","23":"10","R8":"10","Q8":"10","3M":"10","33":"10","38":"10","32":"10","34":"10"},"GX":{"8W":"10","CW":"10","9W":"10"},"MR":{"WW":"10"},"GM":{"H7":"7","RF":"10","C9":"10"},"HM":{"GC":"10","6P":"10","F8":"10","C8":"10","QH":"10","GG":"10","4M":"10","7V":"10","XP":"10","RF":"10","P9":"3","M5":"10","FM":"10","XM":"10","8V":"10","VH":"10","QF":"10","XR":"10","RH":"10","PF":"10","G9":"10","CC":"10","FC":"10","RG":"10","JC":"10","GM":"10"},"MM":{"GJ":"10","VV":"10","XV":"10","FM":"10","VP":"10","VR":"10","VQ":"10","FH":"10","RV":"10","GH":"10","FJ":"10","RW":"10","XW":"10","WP":"10","VW":"10"},"QM":{"52":"10","JQ":"10","JJ":"10","JM":"10"},"HP":{"2G":"10","3F":"10","2F":"10","P6":"10","3C":"10","3G":"10","X4":"10","W4":"10"},"PC":{"RW":"10","VX":"10","WW":"10","VW":"10"},"JM":{"W7":"10","5J":"10","H7":"10","X6":"10","MX":"10","5H":"10","X7":"10","W6":"10","6H":"10","H6":"10","PX":"10","6J":"10"},"JF":{"2J":"10","7W":"10","7V":"10","2H":"10","6W":"10","3X":"10","8V":"10","4J":"10","8R":"10","8W":"10","8X":"10","RX":"10","3J":"10","7R":"10","2X":"10","6V":"10","3M":"10","6R":"10"},"HJ":{"9R":"10","9H":"10","9M":"10","7M":"10","7J":"10"},"PM":{"4H":"10","MG":"10","5H":"10"},"M5":{"V4":"10"},"M3":{"MC":"10","X9":"10","VF":"10","PF":"10","XC":"10","PG":"10","JC":"10","V9":"10","QF":"10","VC":"10","RC":"10","W9":"10","RF":"10","JF":"10","WC":"10","MG":"10","MF":"10"}},"GX":{"69":{"2H":"10"},"VH":{"77":"10"},"QH":{"XM":"10"},"RH":{"2J":"10","2M":"10"},"58":{"R6":"10"}},"XW":{"XJ":{"5X":"10","5V":"10"},"XG":{"GX":"10"},"XM":{"52":"10"},"XH":{"F2":"10","G2":"10"},"6J":{"F4":"10"}},"XX":{"QX":{"PC":"10"},"CX":{"FJ":"10","FM":"10","FP":"10","GM":"10","HM":"10","GJ":"10"},"HX":{"39":"10","6R":"10","97":"10","55":"10","5W":"10","3Q":"10","9P":"10","58":"10","3H":"10","4V":"10","54":"10","8P":"10","5M":"10","5J":"10","2G":"10","4H":"10","5C":"10","C4":"10","7R":"10","6J":"10","5V":"10","6W":"10","2M":"10","9M":"10","75":"10","56":"10","52":"10","42":"10","4Q":"10","6P":"10","5Q":"10","5R":"10","C2":"10","2Q":"10","5F":"10","3G":"10","32":"10","7J":"10","4R":"10","69":"10","4J":"10","79":"10","77":"10","HM":"10","F3":"10","C6":"10","4P":"10","G2":"10","8J":"10","3M":"10","7P":"10","6M":"10","CX":"10","47":"10","C5":"10","4W":"10","78":"10","3C":"10","2C":"10","68":"10","57":"10","7Q":"10","36":"10","93":"10","63":"10","46":"10","5H":"10","67":"10","8M":"10","2P":"10","26":"10","64":"10","96":"10","2V":"10","37":"10","2J":"10","3P":"10","48":"10","29":"10","C3":"10","74":"10","82":"10","4G":"10","66":"10","8R":"10","83":"10","G3":"10","7V":"10","95":"10","86":"10","8Q":"10","72":"10","35":"10","34":"10","59":"10","4M":"10","3J":"10","9J":"10","4F":"10","25":"10","45":"10","3V":"10","22":"10","33":"10","2W":"10","73":"10","3R":"10","85":"10","5P":"10","23":"10","44":"10","3F":"10","65":"10","27":"10","F4":"10","7M":"10","84":"10","JM":"10","2X":"10","3W":"10","4C":"10","92":"10","43":"10","87":"10","28":"10","2H":"10","76":"10","24":"10","94":"10","F2":"10","2F":"10","6Q":"10","62":"10","53":"10","38":"10","49":"10"},"FX":{"F5":"10","PH":"10","8C":"10","C7":"10","JX":"10","PM":"10","X2":"10","9R":"10","CR":"10","V3":"10","FQ":"10","H8":"10","5R":"10","XJ":"10","9X":"10","Q7":"10","R3":"10","RG":"10","PF":"10","J7":"10","P6":"10","QJ":"10","6J":"10","JF":"10","J8":"10","H5":"10","8J":"10","RV":"10","QG":"10","HF":"10","FH":"10","WV":"10","WF":"10","CF":"10","V8":"10","FF":"10","R5":"10","8F":"10","97":"10","Q4":"10","M3":"10","XP":"10","R4":"10","HP":"10","FX":"10","HQ":"10","M8":"10","MX":"10","QF":"10","JV":"10","P5":"10","GR":"10","W9":"10","9J":"10","R8":"10","MQ":"10","7P":"10","GC":"10","VP":"10","RH":"10","HH":"10","7F":"10","P8":"10","9Q":"10","7J":"10","X6":"10","FJ":"10","C8":"10","M5":"10","VH":"10","VJ":"10","9H":"10","MM":"10","WX":"10","HJ":"10","C9":"10","GH":"10","MW":"10","WC":"10","5W":"10","GG":"10","PR":"10","XG":"10","8Q":"10","WH":"10","6V":"10","QW":"10","PC":"10","MP":"10","GV":"10","PP":"10","JC":"10","PX":"10","M6":"10","JM":"10","HM":"10","F8":"10","X9":"10","98":"10","FP":"10","9C":"10","H9":"10","CQ":"10","CJ":"10","HR":"10","8P":"10","6Q":"10","4R":"10","9V":"10","7R":"10","WJ":"10","9P":"10","XF":"10","W7":"10","G6":"10","MV":"10","XR":"10","MR":"10","RC":"10","X8":"10","HC":"10","HX":"10","Q8":"10","6X":"10","XW":"10","JJ":"10","CX":"10","PV":"10","99":"10","FM":"10","CG":"10","X3":"10","6M":"10","V4":"10","V2":"10","WR":"10","5V":"10","RF":"10","HG":"10","W4":"10","RX":"10","J5":"10","MC":"10","W5":"10","CH":"10","VW":"10","Q9":"10","7G":"10","RP":"10","XV":"10","VQ":"10","XH":"10","J6":"10","P7":"10","P3":"10","R2":"10","RM":"10","CC":"10","GM":"10","V9":"10","8H":"10","PJ":"10","8G":"10","W6":"10","GX":"10","9M":"10","WP":"10","QQ":"10","P9":"10","QM":"10","FG":"10","CP":"10","XQ":"10","QV":"10","6H":"10","R7":"10","9F":"10","6W":"10","V5":"10","8V":"10","WG":"10","HW":"10","Q3":"10","QH":"10","JH":"10","GP":"10","CV":"10","8W":"10","GQ":"10","J9":"10","FR":"10","XC":"10","X4":"10","GJ":"10","7W":"10","XX":"10","JW":"10","VR":"10","VM":"10","JQ":"10","5X":"10","H6":"10","8X":"10","5Q":"10","V6":"10","6R":"10","W2":"10","7Q":"10","QR":"10","6P":"10","JP":"10","HV":"10","9G":"10","RJ":"10","GW":"10","W8":"10","R6":"10","7M":"10","FV":"10","RR":"10","QC":"10","M9":"10","VG":"10","PQ":"10","M7":"10","CM":"10","P4":"10","7V":"10","FC":"10","Q6":"10","G5":"10","VC":"10","GF":"10","MJ":"10","8R":"10","8M":"10","H7":"10","XM":"10","F6":"10","JR":"10","W3":"10","X7":"10","MH":"10","WW":"10","R9":"10","WQ":"10","G7":"10","9W":"10","QX":"10","QP":"10","F9":"10","F7":"10","Q5":"10","G9":"10","VF":"10","VV":"10","MG":"10","M4":"10","WM":"10","FW":"10","VX":"10","PW":"10","JG":"10","RQ":"10","X5":"10","7H":"10","PG":"10","J4":"10","G8":"10","CW":"10","5P":"10","7X":"10","89":"10","MF":"10","V7":"10","RW":"10"},"2W":{"79":"10"},"W5":{"W5":"10","X5":"10"},"GX":{"WQ":"10","4Q":"10","2J":"10","2Q":"10","MW":"10","53":"10","CP":"10","3Q":"10","63":"10","2R":"10","47":"10","8F":"10","2F":"10","FP":"10","XV":"10","3R":"10","G9":"10","V7":"10","MG":"10","HR":"10","83":"10","99":"10","W9":"10","85":"10","H6":"10","94":"10","FJ":"10","XJ":"10","CX":"10","68":"10","CG":"10","9M":"10","FW":"10","VH":"10","QG":"10","36":"10","G6":"10","9F":"10","VJ":"10","38":"10","FR":"10","7G":"10","7P":"10","X2":"10","5Q":"10","X4":"10","W7":"10","G5":"10","JH":"10","58":"10","8J":"10","XC":"10","3H":"10","P5":"10","95":"10","V2":"10","5H":"10","VG":"10","RJ":"10","F7":"10","4G":"10","F8":"10","33":"10","24":"10","PM":"10","3X":"10","8Q":"10","R5":"10","FH":"10","56":"10","8G":"10","XH":"10","64":"10","VC":"10","J3":"10","FV":"10","V6":"10","3J":"10","RH":"10","Q6":"10","C6":"10","X9":"10","WF":"10","QR":"10","2H":"10","8W":"10","V3":"10","6W":"10","GC":"10","3M":"10","3F":"10","8V":"10","GJ":"10","PP":"10","9G":"10","FG":"10","J4":"10","9C":"10","CM":"10","C3":"10","W4":"10","28":"10","JX":"10","WW":"10","44":"10","C4":"10","VV":"10","WX":"10","4J":"10","R4":"10","5X":"10","4H":"10","GX":"10","72":"10","GV":"10","CC":"10","HH":"10","M4":"10","G4":"10","55":"10","3P":"10","9W":"10","32":"10","R2":"10","JC":"10","8C":"10","5V":"10","FM":"10","XG":"10","RF":"10","J9":"10","7X":"10","WC":"10","4M":"10","89":"10","9X":"10","Q4":"10","QP":"10","RP":"10","JF":"10","X3":"10","J8":"10","P3":"10","J7":"10","R6":"10","5C":"10","2W":"10","7R":"10","XP":"10","PV":"10","8X":"10","7M":"10","F9":"10","W2":"10","9J":"10","C7":"10","PJ":"10","46":"10","82":"10","79":"10","6P":"10","P2":"10","V9":"10","77":"10","Q8":"10","WJ":"10","G3":"10","WP":"10","RV":"10","WM":"10","M3":"10","8R":"10","GH":"10","RG":"10","JP":"10","HM":"10","GM":"10","HJ":"10","VR":"10","JR":"10","PH":"10","R3":"10","5G":"10","GW":"10","MP":"10","CV":"10","8P":"10","57":"10","9P":"10","52":"10","6Q":"10","9V":"10","VQ":"10","MJ":"10","M7":"10","R7":"10","4C":"10","WR":"10","67":"10","J5":"10","W8":"10","6G":"10","7J":"10","6J":"10","MC":"10","Q2":"10","R9":"10","54":"10","42":"10","VF":"10","C5":"10","RW":"10","22":"10","39":"10","7F":"10","F2":"10","JG":"10","XQ":"10","QC":"10","76":"10","MH":"10","H8":"10","F6":"10","HG":"10","F4":"10","JM":"10","6C":"10","M9":"10","JJ":"10","6X":"10","4R":"10","WG":"10","GF":"10","9Q":"10","QF":"10","W5":"10","CF":"10","PX":"10","2C":"10","2P":"10","PW":"10","XX":"10","P4":"10","MQ":"10","VW":"10","93":"10","86":"10","48":"10","RC":"10","HV":"10","QJ":"10","V8":"10","MF":"10","7H":"10","JW":"10","H9":"10","CH":"10","59":"10","PQ":"10","CR":"10","P8":"10","78":"10","RR":"10","QX":"10","6F":"10","R8":"10","H5":"10","H7":"10","3G":"10","6M":"10","GR":"10","WH":"10","CJ":"10","HF":"10","QM":"10","GG":"10","62":"10","X6":"10","JV":"10","3W":"10","FC":"10","M6":"10","QW":"10","X7":"10","P6":"10","C9":"10","Q7":"10","4P":"10","J6":"10","CQ":"10","PR":"10","69":"10","97":"10","92":"10","HQ":"10","49":"10","9R":"10","73":"10","4W":"10","75":"10","VM":"10","P7":"10","23":"10","66":"10","37":"10","GQ":"10","6R":"10","VP":"10","XM":"10","QQ":"10","98":"10","2V":"10","35":"10","G8":"10","5P":"10","C8":"10","HP":"10","2X":"10","QH":"10","F5":"10","M5":"10","7W":"10","WV":"10","VX":"10","Q3":"10","5J":"10","7C":"10","87":"10","5R":"10","5M":"10","M8":"10","PF":"10","M2":"10","6V":"10","FX":"10","RX":"10","J2":"10","3V":"10","96":"10","RQ":"10","4V":"10","7Q":"10","Q5":"10","XF":"10","HX":"10","74":"10","QV":"10","JQ":"10","MR":"10","26":"10","G7":"10","2M":"10","XR":"10","84":"10","P9":"10","Q9":"10","4X":"10","45":"10","X5":"10","7V":"10","CW":"10","V4":"10","GP":"10","MM":"10","34":"10","V5":"10","H4":"10","5F":"10","G2":"10","MV":"10","4F":"10","FF":"10","PC":"10","FQ":"10","H3":"10","29":"10","27":"10","8H":"10","W6":"10","9H":"10","XW":"10","C2":"10","5W":"10","65":"10","HC":"10","W3":"10","43":"10","25":"10","RM":"10","2G":"10","MX":"10","8M":"10","PG":"10","H2":"10","HW":"10","6H":"10","F3":"10","X8":"10","3C":"10","88":"10"},"FW":{"XW":"10","VX":"10","9M":"10","XX":"10"},"49":{"Q3":"10","Q2":"10","R3":"10","R2":"10"},"X3":{"2J":"10","2M":"10"},"46":{"4J":"10"},"W3":{"XM":"10","XH":"10","WH":"10","X9":"10","XC":"10","XP":"10"},"X5":{"25":"10","35":"10","34":"10"},"HW":{"CV":"10","9Q":"10","5P":"10","5X":"10","6P":"10","8Q":"10","7J":"10","2W":"10","4X":"10","CM":"10","6J":"10","9H":"10","6Q":"10","CW":"10","8G":"10","8X":"10","7X":"10","5Q":"10","7H":"10","7R":"10","7V":"10","9G":"10","9W":"10","7P":"10","7F":"10","CH":"10","6M":"10","CR":"10","9P":"10","8J":"10","GX":"10","3V":"10","GP":"10","FQ":"10","6V":"10","CJ":"10","FJ":"10","4R":"10","8R":"10","6X":"10","8F":"10","8M":"10","8W":"10","5V":"10","5R":"10","FM":"10","5M":"10","9X":"10","2X":"10","8V":"10","9F":"10","6W":"10","FX":"10","4W":"10","9J":"10","5J":"10","2V":"10","CX":"10","9V":"10","CP":"10","3X":"10","6H":"10","FW":"10","6R":"10","4V":"10","FH":"10","9M":"10","FP":"10","FR":"10","7Q":"10","CQ":"10","FV":"10","5W":"10","8H":"10","7M":"10","GJ":"10","CF":"10","3W":"10","7W":"10","9R":"10","GM":"10","7G":"10","CG":"10","8P":"10"},"8P":{"CP":"10"},"PX":{"6P":"10","7V":"10","5P":"10","5M":"10"},"GW":{"CV":"10","PV":"10","MX":"10","GW":"10","WX":"10","5X":"10","4X":"10","2W":"10","JV":"10","HW":"10","RW":"10","QQ":"10","PR":"10","JX":"10","8X":"10","7X":"10","QX":"10","RX":"10","VX":"10","MW":"10","QP":"10","GX":"10","XW":"10","XV":"10","XX":"10","6X":"10","PQ":"10","WV":"10","8W":"10","PW":"10","WW":"10","RP":"10","9X":"10","2X":"10","JW":"10","6W":"10","FX":"10","RQ":"10","4W":"10","MV":"10","VW":"10","CX":"10","PX":"10","3X":"10","QW":"10","RV":"10","MR":"10","VV":"10","JR":"10","5W":"10","MQ":"10","QV":"10","VR":"10","HX":"10","7W":"10","RR":"10","QR":"10"},"48":{"M6":"10","P7":"10","QX":"10","VF":"10","Q9":"10","QW":"10","WF":"10","M7":"10","P8":"10","Q8":"10","QC":"10","M8":"10","Q7":"10","PX":"10"}},"PW":{"G2":{"G9":"10","G8":"10","F9":"10","C8":"10","F7":"10","F8":"10","C7":"10"}},"WW":{"38":{"P2":"10","V4":"10","V3":"10"},"2W":{"X9":"10","RH":"10"},"CG":{"P9":"10","MC":"10","Q9":"10","PC":"10","P8":"10","M8":"10","M9":"10"},"39":{"22":"10","23":"10"},"57":{"RR":"10"},"78":{"H5":"10","J5":"10","CM":"10"},"37":{"RX":"10"},"29":{"X3":"10","X2":"10","42":"10"},"5Q":{"5M":"10"},"JH":{"62":"10"},"R9":{"J7":"10","H7":"10","H9":"10","J8":"10","H8":"10"},"27":{"HQ":"10","3X":"10","3V":"10","8V":"10","2X":"10","7V":"10","4V":"10","2W":"10"},"H6":{"CJ":"10"},"28":{"MH":"10","76":"10","86":"10","3X":"10","GC":"10","F9":"10","G8":"10","GH":"10","JH":"10","75":"10","FC":"10","HC":"10","H9":"10","85":"10","G9":"10"},"4V":{"M7":"10"},"3W":{"38":"10","79":"10","39":"10","49":"10","4C":"10","29":"10","5C":"10","6C":"10","69":"10","59":"10","28":"10"},"V8":{"9R":"10","9Q":"10","8R":"10","8Q":"10"},"48":{"82":"10","J2":"10","22":"10","73":"10","92":"10","C2":"10","H2":"10","C3":"10","83":"10","93":"10","72":"10","G2":"10","F2":"10"},"47":{"MX":"10","JX":"10"}},"JW":{"P9":{"MH":"10","PJ":"10","VF":"10","MM":"10","MJ":"10","JJ":"10","RC":"10","RF":"10","JM":"10","PH":"10"},"WJ":{"Q6":"10","Q5":"10"},"J2":{"Q3":"10","R3":"10","Q4":"10","R4":"10","QG":"10"},"MM":{"WQ":"10"},"MW":{"9Q":"10","9P":"10"},"P8":{"R7":"10","X8":"10","V8":"10","V7":"10"},"Q8":{"28":"10"},"7Q":{"42":"10"},"RV":{"MW":"10"},"JP":{"22":"10","32":"10"},"JM":{"5W":"10"},"VW":{"8C":"10","44":"10","6C":"10"}},"HV":{"7J":{"R7":"10","QC":"10","R8":"10","HG":"10","R9":"10","Q8":"10","JG":"10","Q7":"10","RC":"10","JF":"10"},"6J":{"VX":"10"}},"MV":{"JP":{"PP":"10"},"75":{"4J":"10","3J":"10"},"FR":{"P6":"10","M6":"10"}},"VW":{"R7":{"8X":"10","XW":"10","9X":"10","XV":"10"},"X9":{"J7":"10","VF":"10","29":"10"},"W7":{"2W":"10"},"X8":{"Q3":"10","W3":"10","P3":"10","W2":"10","V2":"10","V5":"10","R4":"10","V4":"10","V3":"10"},"W8":{"3X":"10"},"R8":{"XW":"10","82":"10","92":"10"},"V9":{"6C":"10","FG":"10","JG":"10","HG":"10","6G":"10","JC":"10","H8":"10","9C":"10","JH":"10","GF":"10","7C":"10","56":"10","89":"10","HC":"10","CF":"10","CC":"10","MC":"10","HF":"10","G8":"10","HH":"10","8X":"10","7X":"10","CG":"10","GG":"10","VH":"3","M8":"10","RJ":"3","66":"10","7F":"10","FC":"10","MR":"10","PR":"10","FF":"10","8C":"10","H9":"10","8W":"10","GH":"10","C9":"10","G9":"10","VJ":"3","JF":"10","FH":"10","6F":"10"},"V7":{"2V":"10","MW":"10"},"Q8":{"H5":"10","G9":"10","VM":"10"},"X7":{"XX":"10","GJ":"10","2J":"10","VV":"10","5M":"10","HJ":"10","VR":"10","RV":"10","HH":"10","4M":"10","GH":"10","RR":"10","WX":"10","WW":"10","XW":"10","6M":"10"},"VC":{"R3":"10","R2":"10","82":"10","72":"10"},"W9":{"64":"10","32":"10"},"V8":{"2G":"3","3G":"3","2V":"10","4R":"10","2W":"10"}},"V3":{"9R":{"C6":"10","95":"10","96":"10","C5":"10","3V":"10","53":"10","52":"10","3W":"10"},"6R":{"MX":"10","FG":"10","FF":"10","JX":"10"},"55":{"8J":"10","5Q":"10","6P":"10","6Q":"10","5P":"10"},"JP":{"2G":"10","2F":"10","XW":"10","F9":"10","CC":"10","C8":"10","XX":"10","C9":"10","F8":"10"},"MH":{"VG":"10","RG":"10"},"JH":{"F3":"10","F2":"10"},"4V":{"H4":"10","J4":"10"},"PP":{"52":"10","57":"10","38":"10","58":"10"},"56":{"5F":"10","4F":"10","5C":"10"},"52":{"94":"10","84":"10","83":"10"},"QH":{"XM":"10","WH":"10","WJ":"10","VP":"10","VM":"10","FX":"10","VJ":"10"},"VC":{"MM":"10","JM":"10"},"4R":{"GH":"10"},"HM":{"5J":"10","5M":"10"},"WG":{"2J":"10","6G":"10","3H":"10","CJ":"10","4W":"10","2C":"10","6F":"10","CR":"10","CV":"10","5F":"10","4V":"10"},"WH":{"65":"10","75":"10"},"GQ":{"FW":"10","CW":"10","8P":"10","CV":"10"},"JJ":{"2G":"10"},"8V":{"23":"10","24":"10"},"MP":{"FX":"10","2W":"10","GF":"7","GQ":"10","8X":"10","2X":"10","HC":"10","9P":"10"},"J2":{"HG":"10","JG":"10"},"R5":{"4G":"10","4F":"10"},"QJ":{"P3":"10","R4":"10","M3":"10"},"MM":{"JC":"10","HC":"10","JF":"10"},"7V":{"98":"10"},"WC":{"PR":"10","MQ":"10","MR":"10","PQ":"10"},"QM":{"39":"10","3M":"10","F2":"10","4M":"10","G2":"10","3P":"10","29":"10","4P":"10"},"PJ":{"98":"10","99":"10","8M":"10"},"9J":{"45":"10","46":"10"},"25":{"MX":"10"},"M2":{"8W":"10","9V":"10","CW":"10","CV":"10","9W":"10"},"HQ":{"2P":"10","H3":"10","2Q":"10","G4":"7","5P":"10","4W":"10","H2":"10"},"CR":{"J6":"10","7H":"10","7G":"10","66":"10","88":"10","M6":"10","8H":"10","PF":"10","8G":"10"},"RH":{"94":"10","95":"10"},"XG":{"CH":"10"},"HP":{"X9":"7","9H":"10","RV":"10","9J":"10"},"V4":{"54":"10"},"RG":{"FX":"10"},"73":{"X3":"10","W3":"10","8G":"10"},"PH":{"CG":"10","9G":"10"},"23":{"2C":"10","29":"10"},"GM":{"HR":"10"},"44":{"JH":"10","HH":"10","JJ":"10","HJ":"10"},"P3":{"PM":"10"},"Q6":{"G8":"10","F8":"10"},"VG":{"XG":"10","3V":"10","6Q":"10"},"7M":{"XG":"10","VC":"10","V9":"10","WC":"10","WG":"10","RC":"10","XF":"10","WF":"10"},"PM":{"XJ":"10","WR":"10","PJ":"10","WJ":"10","RQ":"10","QJ":"10","GQ":"10","9X":"10","GR":"10","PG":"10","HR":"10","7V":"10","4W":"10","QG":"10"},"X8":{"44":"10","43":"10"},"JM":{"8F":"10","C4":"10","9F":"10","7P":"10","7Q":"10"},"Q5":{"JP":"10","JQ":"10"},"W2":{"FG":"10","CG":"10","FF":"10","CF":"10"},"F2":{"6F":"10","5F":"10","F9":"10"},"HJ":{"XG":"10","R8":"10","QH":"10","R9":"10","RH":"10"},"9Q":{"CX":"10","CW":"10","7X":"10","2R":"10"},"JF":{"3P":"10"},"53":{"3C":"10"},"6F":{"JF":"10"}},"R3":{"W2":{"GR":"10"},"WG":{"3R":"10"},"X9":{"HF":"10","GF":"10","HC":"10","GC":"10"},"V3":{"6W":"10","5V":"10","6V":"10"},"W5":{"P3":"10","M4":"10","P4":"10"},"73":{"XP":"10"},"Q3":{"G2":"10"},"44":{"G8":"10","HG":"10"},"W4":{"WJ":"10","VJ":"10"},"43":{"68":"10","67":"10"},"J4":{"9H":"10","CG":"10","9G":"10","CH":"10"},"X3":{"R7":"10","V6":"10","R6":"10","9V":"10","F7":"10","Q5":"10","R4":"10","V7":"10","Q6":"10","Q7":"10","R5":"10","Q4":"10"},"X4":{"2G":"10","5F":"10","2F":"10"},"X2":{"MP":"10"},"V2":{"GX":"10"},"W3":{"RP":"7","RM":"7"},"X5":{"HW":"10","GV":"10","FR":"10"},"R2":{"M5":"10","M3":"10"},"V8":{"8W":"10","8X":"10"}},"X2":{"8J":{"VR":"10"},"Q2":{"8F":"10","8G":"10"},"P3":{"PV":"10","MV":"10"},"8C":{"FC":"10","FF":"10","42":"10"},"88":{"J3":"10","M3":"10"},"P2":{"99":"10","89":"10"},"9F":{"GW":"10","9P":"10","9M":"10","8M":"10","8P":"10","FV":"10"},"R5":{"G9":"10","FC":"10","F9":"10","GC":"10"},"3G":{"64":"10"},"CG":{"9F":"10"},"2M":{"2J":"10","79":"10","M8":"10"},"J2":{"XP":"10","WJ":"10","XM":"10","XQ":"10","WQ":"10","XJ":"10","WP":"10"},"M2":{"39":"10","Q7":"10","55":"10","JP":"10","H3":"10","6V":"10","3Q":"10","FG":"10","9P":"10","R7":"10","8P":"10","5J":"10","4H":"10","R8":"10","2M":"10","56":"10","4Q":"10","5Q":"10","6P":"10","CQ":"10","P4":"10","77":"10","MC":"10","FV":"10","G2":"10","8J":"10","6H":"10","7H":"10","CV":"10","78":"10","3C":"10","W8":"10","2C":"10","57":"10","H2":"10","63":"10","5H":"10","67":"10","8M":"10","5G":"10","64":"10","MF":"10","Q4":"10","H4":"10","R6":"10","48":"10","29":"10","74":"10","4G":"10","66":"10","CP":"10","FQ":"10","HP":"10","73":"10","5P":"10","8H":"10","3F":"10","65":"10","X8":"10","Q5":"10","GH":"10","F2":"10","9Q":"10","2F":"10","5X":"10","FH":"10"},"F6":{"G7":"10"},"8M":{"6X":"10","GG":"10"},"4C":{"VV":"10"},"8Q":{"9F":"10","9H":"10","R2":"10","9G":"10","CF":"10","8G":"10"},"8P":{"CG":"10","9G":"10","RX":"10","GJ":"10","R6":"10"},"89":{"4X":"10"},"R6":{"GV":"10","FV":"10"},"M3":{"53":"10"},"7R":{"C8":"10","C9":"10","C7":"10"},"48":{"H5":"10","MR":"10","J5":"10"}},"MR":{"PV":{"H3":"10"},"PR":{"G5":"10","G4":"10"}},"W2":{"P9":{"RR":"10"},"2P":{"WR":"10","XQ":"10","XR":"10","WQ":"10"},"45":{"PQ":"10"},"2W":{"RJ":"10","VJ":"10"},"76":{"97":"10","77":"10","87":"10"},"PF":{"J9":"10","JC":"10","MC":"10","9P":"10","M9":"10","5J":"10","JQ":"10"},"3X":{"3C":"10","3G":"10"},"PG":{"3F":"10","3M":"10","VF":"10","V5":"10","V7":"10"},"55":{"X7":"10","X6":"10","CP":"10"},"99":{"HX":"10","4J":"10","7Q":"10","2C":"10","29":"10","4M":"10","7R":"10"},"68":{"HQ":"10","GF":"10","GQ":"10","FF":"10"},"PC":{"JV":"10","HV":"10"},"VG":{"C4":"10","W5":"10","V6":"10","V5":"10","R6":"10","W6":"10"},"XQ":{"9C":"10","9F":"10","CC":"10","CF":"10"},"J8":{"6W":"10"},"57":{"3X":"10","2X":"10"},"QH":{"VH":"10","RJ":"10","RH":"10","VJ":"10"},"MX":{"G6":"10","G7":"10"},"RG":{"MV":"10","MR":"10","6R":"10","C6":"10"},"QF":{"4X":"10","5X":"10","5W":"10","GX":"10","FX":"10","4W":"10"},"4C":{"X7":"10","X6":"10","W7":"10","W6":"10"},"RQ":{"MC":"10","PF":"10"},"QG":{"6G":"10","52":"10","V6":"10","R6":"10","F8":"10"},"5C":{"52":"10","24":"10"},"29":{"2P":"10","3P":"10"},"56":{"83":"10","57":"10","73":"10"},"2F":{"QF":"10","QC":"10","RF":"10"},"2X":{"Q3":"10","V9":"10","V8":"10"},"58":{"25":"10","55":"10","63":"10","26":"10","62":"10"},"89":{"WJ":"10","3X":"10","M7":"10","J8":"10","J7":"10","M8":"10","J6":"10","M9":"10","GG":"10","VJ":"10","H6":"10","3W":"10"},"HR":{"3J":"10"},"8C":{"F7":"10","J6":"10","Q5":"10","J3":"10","84":"10","3G":"10","C7":"10","M5":"10","5R":"10","F6":"10","C6":"10","4C":"10","J4":"10","4F":"10","67":"10","X7":"10","M4":"10","H7":"10","77":"10","2M":"10","3F":"10","Q4":"10","M3":"10","P4":"10","J5":"10","P5":"10","H6":"10","2J":"10","2Q":"10"},"7C":{"XJ":"10","MF":"10","PF":"10","MG":"10","PG":"10"},"8F":{"6J":"10"},"59":{"5X":"10","9V":"10","9W":"10"},"WX":{"VR":"7","QQ":"7"},"H9":{"F7":"10","F6":"10","G7":"10"},"3W":{"JV":"10","CJ":"10","8R":"10","CH":"10","7R":"10"},"MG":{"94":"10","84":"10","83":"10","R8":"10","HG":"10","QH":"10","R9":"10","Q8":"10","JG":"10","RF":"10"},"9C":{"98":"10","C8":"10"},"F5":{"P8":"10","P7":"10"}},"QV":{"55":{"G3":"10","H2":"10"},"63":{"63":"10","9H":"10","92":"10","64":"10","9J":"10","73":"10","75":"10","27":"10","C2":"10"},"54":{"HX":"10","JV":"10","HV":"10","JR":"10","FX":"10","JQ":"10","QV":"10"},"62":{"CX":"10","8X":"10","9X":"10"}},"HX":{"97":{"9C":"10","GF":"10","H9":"10","HC":"10"}},"V2":{"Q4":{"28":"10","39":"10","29":"10"},"6C":{"55":"10","XR":"10"},"6F":{"83":"10","GG":"10","FG":"10","VR":"10"},"5G":{"G2":"10","G4":"10","H2":"10"},"2F":{"8V":"10"},"8J":{"8G":"10","3P":"10","H9":"10","HJ":"10","9G":"10","CH":"10","2P":"10","8M":"10","FF":"10","FM":"10","HR":"10","JW":"10","99":"10","HV":"10","HG":"10","6H":"10","GF":"10","C9":"10","HH":"10","9M":"10","FH":"10","F9":"10","PF":"10","CC":"10","PG":"10","HQ":"10","JR":"10","FG":"10","4P":"10","4Q":"10","GV":"10","GQ":"10","2Q":"10","CG":"10"},"44":{"WX":"10","F2":"10","C2":"10"},"9M":{"3J":"10","2J":"10","2M":"10"},"JF":{"XR":"10"},"V7":{"CH":"10"},"5M":{"FW":"10","GW":"10","GX":"10","FX":"10"},"67":{"QM":"10","RC":"10"},"C4":{"G8":"10"},"V6":{"9V":"10"},"M8":{"4W":"10"},"5P":{"3P":"10","4P":"10"},"CJ":{"FJ":"10","52":"10","53":"10","42":"10","43":"10"},"82":{"HF":"10","GF":"10","9H":"10","CG":"10","9G":"10","CH":"10"},"5F":{"CX":"10","FX":"10","G4":"10"},"M6":{"4C":"10"},"6P":{"JW":"10","HW":"10","HX":"10","JX":"10"},"2X":{"HX":"10"},"78":{"2X":"10"},"3R":{"8R":"10","8V":"10","7V":"10","7R":"10"},"3J":{"5X":"10"},"8H":{"HQ":"10","J9":"10","JC":"10","GP":"10","GQ":"10","GM":"10"},"G7":{"G9":"10","H9":"10"},"HF":{"XJ":"10","XH":"10","WH":"10","WJ":"10"},"F8":{"HW":"10","MX":"10","VQ":"10","FC":"10","VP":"10","F9":"10","QH":"10","JX":"10","QG":"10"},"8W":{"43":"10"},"68":{"M4":"10","M5":"10"},"7P":{"P7":"10","XP":"10","WJ":"10","FM":"10","PM":"10","XM":"10","M3":"10","JJ":"10","P8":"10","9M":"10","P4":"10","JH":"10","WM":"10","H9":"10","M4":"10"},"6M":{"9H":"10","4C":"10"},"QR":{"J9":"10","FC":"10","H9":"10","GC":"10"},"42":{"9F":"10","2C":"10","3W":"10","3V":"10","CF":"10","2V":"10","2W":"10"},"C8":{"FJ":"10","FH":"10","GJ":"10"},"4W":{"9H":"10"},"C6":{"H7":"10","RH":"10"},"89":{"2P":"10","2R":"10","2Q":"10","3P":"10"},"9H":{"RJ":"10"},"9P":{"77":"10","67":"10"},"G2":{"H4":"10","H3":"10","G3":"10","G4":"10"},"69":{"56":"10","66":"10","57":"10","67":"10"},"7M":{"88":"10","HX":"10","MP":"10","3R":"10","8R":"10","98":"10","J8":"10","J4":"10","X3":"10","JQ":"10","X2":"10","R2":"10","2R":"10","R3":"10","9R":"10","M4":"10"},"8Q":{"85":"10"},"CP":{"FC":"10"},"88":{"7G":"10","HG":"10","J2":"10","M2":"10","F7":"10","J8":"10","H8":"10","34":"10","H2":"10","24":"10"},"7J":{"VQ":"10","82":"10","QQ":"10","VM":"10","QX":"10","74":"10","VX":"10","83":"10","QP":"10","97":"10","66":"10","PW":"10","VP":"10","RP":"10","C6":"10","96":"10","RQ":"10","4W":"10","F2":"10","C4":"10","PX":"10","RM":"10","64":"10","QW":"10","8C":"10","58":"10","VR":"10","73":"10","C3":"10","HP":"10"},"F2":{"8F":"10","69":"10","68":"10","7G":"10","79":"10","CR":"10","8G":"10"},"3M":{"52":"10","64":"10","7M":"10","8M":"10","6M":"10"},"Q5":{"6X":"10","6W":"10"},"VM":{"52":"10","23":"10","53":"10","33":"10","42":"10","43":"10"},"WH":{"JR":"10","GX":"10","FX":"10","JQ":"10"},"27":{"MQ":"10","JV":"10","HV":"10"},"WX":{"8X":"10","9X":"10"},"5H":{"38":"10","FP":"10","49":"10","4C":"10","7J":"10","8J":"10","37":"10","5C":"10","GP":"10","69":"10","59":"10","8M":"10","47":"10"},"62":{"GC":"10"},"43":{"QM":"10","PM":"10","RP":"10","54":"10","64":"10","QP":"10","RM":"10","PQ":"10","VM":"10","PP":"10"},"CH":{"VG":"10","WG":"10","VF":"10","WF":"10"},"5Q":{"HF":"10","JF":"10"},"4G":{"HM":"10","HJ":"10"},"6H":{"8W":"10","8X":"10","7W":"10","7X":"10","8V":"10","5H":"10","7V":"10"},"77":{"CQ":"10"},"64":{"WH":"10","VH":"10","H8":"10"},"R7":{"C6":"10"},"84":{"VX":"10"},"P4":{"RC":"10"},"8M":{"74":"10","84":"10","73":"10","C2":"10","GC":"10","H2":"10","C3":"10","89":"10","8C":"10"},"VJ":{"7W":"10"},"JJ":{"93":"10"},"HG":{"FG":"10","CG":"10"},"9X":{"22":"10"},"3Q":{"RW":"10"},"XQ":{"55":"10","54":"10","53":"10","44":"10","45":"10","43":"10"},"PM":{"32":"10"},"54":{"8J":"10","7H":"10","7G":"10","9F":"10","9H":"10","CG":"10","8H":"10","9G":"10","CF":"10","8G":"10"},"X7":{"X9":"10","W9":"10"},"F9":{"M7":"10","Q5":"10","Q3":"10","R4":"10","V9":"10","P8":"10","G3":"10","J7":"10","J3":"10","X3":"10","M8":"10","W9":"10","H8":"10","R5":"10","R3":"10","Q4":"10"},"CC":{"MX":"10","5G":"10","JX":"10"},"GJ":{"MF":"10"},"C9":{"7H":"10"},"FM":{"4V":"10","48":"10"},"53":{"VG":"10"},"GM":{"PX":"10","9H":"10","47":"10"},"94":{"9X":"10"},"7C":{"3W":"10","2R":"10","2W":"10"},"4R":{"26":"10"},"2R":{"9R":"10"},"9Q":{"Q2":"10","R2":"10"},"38":{"HX":"10","JX":"10"},"95":{"WR":"10","VP":"10","VM":"10","WQ":"10","WM":"10","WP":"10"},"3V":{"HV":"10","V6":"10","GR":"10","HR":"10","V7":"10"},"5J":{"RM":"10"},"2V":{"76":"10"},"79":{"XQ":"10","XP":"10","43":"10"},"F3":{"C5":"10","95":"10"},"FJ":{"9C":"10","CC":"10","C8":"10","C7":"10"},"32":{"PC":"10","F8":"10","9H":"10","MJ":"10","V7":"10","F7":"10","Q5":"10","CH":"10","Q7":"10","38":"10","F3":"10","MC":"10","MF":"10","48":"10","Q4":"10","P4":"10","VR":"10","P7":"10","W7":"10","89":"10"},"4J":{"5P":"10","5M":"10"},"23":{"FF":"10"},"87":{"JW":"10","GR":"10","FR":"10"},"7G":{"8X":"10"},"6J":{"54":"10","53":"10","2J":"10","36":"10"},"9G":{"99":"10","F7":"10","F6":"10","C6":"10","F8":"10","C7":"10"},"CF":{"P3":"10","P2":"10","J2":"10"},"9J":{"F9":"10","26":"10","36":"10","C9":"10"},"G6":{"QJ":"10","QH":"10","X8":"10","RH":"10"},"2J":{"Q2":"10","5J":"10","M7":"10","5H":"10","M8":"10","4H":"10","PH":"10","HW":"10","R2":"10"},"7H":{"FM":"10","JV":"10","3X":"10","3W":"10","82":"10","GX":"10","2R":"10","CP":"10","89":"10","3P":"10","CM":"10","4V":"10","4R":"10","9W":"10"},"GF":{"PM":"10"},"45":{"W2":"10","X2":"10"},"86":{"Q8":"10","Q7":"10"},"63":{"2J":"10","2M":"10"},"2G":{"R8":"10","Q4":"10"},"J8":{"85":"10"},"2H":{"X5":"10","QX":"10","RX":"10"},"8X":{"X3":"10","MV":"10","X2":"10","QR":"10","QQ":"10"},"4H":{"37":"10","VM":"10","M8":"10","36":"10","J8":"10"},"HR":{"VQ":"10","RQ":"10","RR":"10","VR":"10"},"3G":{"3G":"10","JX":"10","4P":"10"},"76":{"WJ":"10"},"22":{"QF":"10","X2":"10","9X":"10","HM":"10","PF":"10","M2":"10","PG":"10","QG":"10"}},"QR":{"76":{"2X":"10"},"6P":{"22":"10","23":"7","32":"10","24":"7"}}}}