{"index":{"university,1|retail,2|tourism,3|wreck,4|historical,5|artsCulture,6|namedBuilding,7|water,8|wetland,9|park,10|beach,11|natureReserve,12|cemetery,13|trail,14":{}},"6Q":{"R7":{"P9":{"W4":"10","V4":"10"},"74":{"M7":"10"},"45":{"P2":"10","6C":"10","57":"10","7C":"10","7F":"10","3V":"10","5C":"10","4R":"10","8F":"10","49":"10","HR":"10","5F":"10","4C":"10","6F":"10","P3":"10","4F":"10","M2":"10","8C":"10","67":"10","68":"10","4V":"10","4G":"10","M3":"10","58":"10","GR":"10","FG":"10","4Q":"10","W7":"10","4H":"10","CG":"10"},"63":{"QM":"10","VV":"10","C9":"10","C6":"10","WV":"10","99":"10","VR":"10","GC":"10","QQ":"10","96":"10","VQ":"10","97":"10","RQ":"10","RR":"10","93":"10","WR":"10","WX":"10","WW":"10","VW":"10","C7":"10","F6":"10"},"Q9":{"44":"10"},"33":{"FF":"10","CF":"10"},"73":{"P2":"10","M2":"10"},"55":{"H4":"10","J4":"10","95":"10","G4":"10"},"35":{"X3":"10","X4":"10"},"M7":{"QW":"10"},"54":{"82":"10"},"CJ":{"94":"10","76":"10","95":"10"},"44":{"MH":"10","CR":"10","8Q":"10","FR":"10","9W":"10"},"R4":{"98":"10","C8":"10"},"24":{"Q5":"10"},"46":{"63":"10","52":"10","54":"10","53":"10","6J":"10","43":"10"},"37":{"XC":"10"},"Q6":{"J7":"10","Q6":"10","P6":"10","J8":"10"},"RC":{"M7":"10","M8":"10"},"53":{"XJ":"10","8X":"10"},"72":{"MX":"10","PX":"10"},"34":{"8F":"10","9F":"10","5V":"10","F7":"10","8G":"10","F8":"10"},"47":{"2C":"10","3P":"10"}},"Q3":{"W2":{"MF":"10","JG":"10","MG":"10","JF":"10"}},"C2":{"V2":{"69":"10"},"47":{"VP":"10"},"JQ":{"52":"10","53":"10","42":"10"}},"V8":{"QF":{"Q3":"10","P2":"10","R3":"10"},"X2":{"MH":"10"},"HH":{"F6":"10"},"8H":{"G8":"10","H7":"10","H8":"10","G7":"10"},"7J":{"V2":"3","V3":"3"}},"R8":{"Q3":{"QM":"10"},"V2":{"X6":"10","W6":"10"},"X7":{"38":"10","48":"10"},"X6":{"28":"10","5C":"10","29":"10"},"W6":{"XG":"10","XH":"10","WH":"10","X9":"10","X8":"10","WG":"10"}},"F5":{"25":{"X7":"10","W7":"10"}},"P8":{"9M":{"VX":"10"},"3M":{"3H":"10"},"2M":{"2H":"10"},"7V":{"25":"10"}},"F4":{"3Q":{"5V":"10","4V":"10"},"2Q":{"MQ":"10","VQ":"10","RQ":"10","MP":"10","PP":"10","VR":"10"}},"GC":{"JC":{"MH":"10","JH":"10","JG":"10"},"HF":{"XG":"10","XH":"10","WH":"10"},"8P":{"CR":"10","FR":"10","FV":"10","CV":"10"}},"W5":{"FF":{"J2":"10"},"6G":{"7V":"10"},"MC":{"3F":"10","4F":"10"},"74":{"26":"10"},"4R":{"WR":"10","RW":"10","XR":"10"},"7V":{"92":"10"},"FQ":{"PX":"10"},"5X":{"66":"10","GQ":"10"},"7G":{"R5":"10","V6":"10","V5":"10"},"G7":{"66":"10","7P":"10","7M":"10","6P":"10","65":"10","6M":"10"},"C2":{"RF":"10"},"3F":{"XM":"10","VP":"10","RP":"10","XP":"10","VM":"10","RM":"10"},"JC":{"WC":"10","J5":"10"},"2M":{"P2":"10"},"3J":{"28":"10","37":"10","38":"10","27":"10"},"3Q":{"3R":"10","52":"10","53":"10","3V":"10","62":"10"},"7R":{"8W":"10","8X":"10","9X":"10","9W":"10"},"2F":{"4P":"10"},"CF":{"CG":"10","9G":"10"},"FR":{"P4":"10","P5":"10"},"6V":{"26":"10"},"CR":{"8C":"10"},"G6":{"CJ":"10"},"H8":{"PV":"10","PW":"10"},"5V":{"22":"10","X6":"10","W8":"10"},"28":{"MC":"10","M9":"10"},"6R":{"RW":"10","VW":"10"}},"6P":{"66":{"QF":"10","G8":"10","QC":"10","F7":"10","G7":"10","F8":"10"}},"HC":{"GM":{"6W":"10","6V":"10"}},"6J":{"9Q":{"82":"10","72":"10"},"9P":{"8X":"10","5V":"10","7X":"10","5R":"10","4V":"10"}},"82":{"R7":{"2G":"10"},"J9":{"37":"10","39":"10","47":"10","38":"10","58":"10","48":"10"},"X5":{"XR":"10","RX":"10"},"X6":{"Q2":"10","R2":"10"}},"92":{"25":{"5W":"10","7M":"10","6W":"10","4Q":"10","3R":"10","3P":"10","4X":"10","4W":"10","7J":"10","3V":"10","5V":"10","2R":"10","4V":"10","3W":"10"},"CC":{"M6":"10","M5":"10"},"55":{"JG":"10","MG":"10","JJ":"10","HJ":"10"},"97":{"49":"10","4C":"10"},"C8":{"XH":"10","WH":"10","WJ":"10"},"69":{"PM":"10"},"26":{"52":"10","42":"10","43":"10"},"9J":{"CX":"10"}},"52":{"XG":{"J3":"10","XW":"10","JG":"10"},"VG":{"GG":"10","JC":"10","HF":"10","GF":"10","HG":"10","JG":"10","HC":"10","JF":"10","GC":"10"},"VF":{"R7":"10","J4":"10","M4":"10"},"WF":{"XV":"10","WV":"10"}},"G4":{"XH":{"55":"10","54":"10","53":"10"}},"36":{"HG":{"5R":"10"},"PC":{"HX":"10"},"2X":{"Q2":"10","P2":"10"}},"X3":{"H5":{"GW":"10"}},"G5":{"H4":{"4G":"10","4F":"10"},"RV":{"RQ":"10","QQ":"10"},"H3":{"36":"10"},"G3":{"RV":"10","RH":"10"},"H2":{"HW":"10","GW":"10","HV":"10"}},"V7":{"HX":{"W4":"10"},"G6":{"5X":"10"},"JR":{"5F":"10","4F":"10","5C":"10","4C":"10"},"9P":{"64":"10","33":"10","34":"10"},"3H":{"2G":"10","C6":"10","FM":"10","FP":"10","8Q":"10","44":"10","7Q":"10","JR":"10","6Q":"10","2F":"10","G5":"10","C7":"10","6R":"10","F5":"10"},"J4":{"QF":"10"},"2G":{"WV":"10","RP":"10","QP":"10","RM":"10","J4":"10","RQ":"10","RJ":"10","VM":"10","VJ":"10"},"9H":{"XJ":"10"},"V2":{"6X":"10","4X":"10","5X":"10","3X":"10"},"4H":{"4M":"10","HR":"10"},"6J":{"89":"10"},"P4":{"28":"10","86":"10","76":"10","77":"10","87":"10","J2":"10","27":"10","H2":"10"},"Q2":{"64":"10"},"5F":{"R3":"10","R2":"10"},"3G":{"6H":"10","FG":"10","R3":"10","JR":"10","2R":"10","JQ":"10"},"4J":{"JG":"10","7F":"10","9G":"10","J5":"10","HF":"10","F7":"10","HG":"10","8G":"10","62":"10","J6":"10","H6":"10"},"RQ":{"9R":"10"},"8J":{"QV":"10"},"W8":{"9H":"10","8H":"10","9G":"10","8G":"10"},"8V":{"63":"10","54":"10","53":"10","64":"10"},"PX":{"3R":"3","3Q":"3"},"5G":{"M9":"10","M8":"10"},"2P":{"RR":"10"},"W7":{"Q7":"10"},"3P":{"F5":"10","C5":"10"},"4G":{"63":"10","74":"10","73":"10"},"MM":{"HC":"10"},"GR":{"85":"10"},"FR":{"H5":"10","25":"10","55":"10","MQ":"10","54":"10","MP":"10","44":"10","PP":"10","G5":"10","45":"10","64":"10","PQ":"10","4C":"10","QQ":"10","PM":"10","24":"10"},"4M":{"37":"10","63":"10","52":"10","53":"10","64":"10","R6":"10","62":"10"},"3J":{"FF":"10","88":"10","X9":"10","C6":"10","H3":"10","J2":"10","V3":"10","PG":"10","R6":"10","W8":"10","F7":"10","95":"3","FG":"10","J8":"10","67":"10","C5":"3|10","42":"10","C8":"10","J6":"10","GG":"10","G6":"10","75":"10","PH":"10","85":"10","V8":"10","C7":"10","F6":"10","9C":"10"},"4F":{"6W":"10","RJ":"10","7X":"10","RH":"10","6V":"10","7V":"10"},"CR":{"7J":"10","W3":"10","QH":"10","CM":"10","9H":"10","8G":"10","7H":"10","X3":"10","9G":"10","CH":"10","X5":"10","CJ":"10","8F":"10","9F":"10","RH":"10","9J":"10","X4":"10","6H":"10","M4":"10","9M":"10","QG":"10","8H":"10","P5":"10","RG":"10","7G":"10"},"W3":{"3R":"10","3Q":"10","7H":"10","7P":"10","4V":"10"},"FQ":{"5V":"10","4G":"10","4F":"10"},"HP":{"M4":"10","P4":"10"},"33":{"6G":"10","5G":"10","5F":"10","4F":"10"},"CM":{"WR":"10","XQ":"10","XR":"10","WQ":"10"},"23":{"6R":"10","5R":"10"},"XX":{"HQ":"10","MQ":"10"},"X2":{"J4":"10"},"3F":{"7G":"10"},"7M":{"XJ":"10","MF":"10","XC":"10","MC":"10"},"X8":{"CF":"10"},"GJ":{"G9":"10","MF":"10","HH":"10","MC":"10","WW":"10","WX":"10","VW":"10","JF":"10"},"2H":{"XG":"10","RJ":"10","X8":"10","RM":"10","XF":"10"},"W2":{"24":"10"},"94":{"3H":"10","2H":"10"},"2F":{"9X":"10","47":"10","9W":"10"},"HR":{"PF":"10","MG":"10","PG":"10","PC":"10"},"JX":{"39":"10"},"V3":{"QC":"10","52":"10","RC":"10"}},"33":{"5J":{"5V":"10","4V":"10"},"65":{"R7":"10","Q7":"10"}},"7R":{"FV":{"3M":"10","2M":"10"},"CV":{"VG":"10","XW":"10","WW":"10","RG":"10","QG":"10"}},"74":{"XG":{"QJ":"10","RJ":"10","QH":"10","G3":"10"},"2Q":{"7W":"10"},"X7":{"QG":"10"},"XF":{"7H":"10","7F":"10","5H":"10"},"5P":{"5G":"10"}},"H9":{"RQ":{"9W":"10"},"4F":{"JG":"10"},"GJ":{"VW":"10"}},"7V":{"8J":{"F5":"10","G5":"10","92":"10","G4":"10","F4":"10"},"6G":{"74":"10","75":"10"},"R3":{"WX":"10"},"8H":{"3X":"10"}},"35":{"HM":{"VQ":"10","QQ":"10","XJ":"10","XP":"10","WR":"10","WQ":"10","XW":"10","XV":"10","WV":"10","VP":"10","WW":"10","XM":"10","RQ":"10","XR":"10","XQ":"10","RV":"10","WP":"10","VV":"10","QV":"10","VR":"10","RR":"10","QR":"10"},"M2":{"J9":"10"},"JM":{"2H":"10","2W":"10","3J":"10","3P":"10","3H":"10","3M":"10","3V":"10","2P":"10","4R":"10","3Q":"10","2X":"10","2R":"10","2V":"10","3X":"10","4V":"10","2M":"10","3R":"10","4P":"10","4Q":"10","3W":"10","2J":"10","2Q":"10"}},"7F":{"FW":{"C2":"10"}},"Q7":{"X7":{"CQ":"10"},"R6":{"92":"10","G3":"10"}},"CR":{"46":{"9R":"10"}},"R4":{"X3":{"3F":"10"},"W3":{"2J":"10","FF":"10","3G":"10","CC":"10","4G":"10","5J":"10","4J":"10","2M":"10","CF":"10","FC":"10","PX":"10"},"W2":{"FC":"10","FG":"10","CC":"10","CG":"10","FF":"10","CF":"10"},"P2":{"9H":"10"},"M4":{"5P":"10"},"X4":{"CW":"10"},"M3":{"G6":"10","H6":"10","J8":"10"},"V3":{"XJ":"10"}},"84":{"2G":{"F8":"10","C8":"10","F7":"10","G8":"10","C6":"10","G7":"10","8C":"10","C9":"10","F9":"10","H7":"10","G9":"10","CC":"10","FC":"10","G6":"10","H6":"10","89":"7"},"4J":{"37":"7"},"2H":{"M4":"10","M6":"10","M5":"10"},"42":{"WV":"10"},"F4":{"FH":"10"}},"38":{"9G":{"2W":"10"},"F2":{"R7":"10","Q7":"10"},"8R":{"39":"10","29":"10"}},"Q6":{"XJ":{"QF":"10","PF":"10"},"VX":{"6W":"10"}},"X5":{"H4":{"QC":"10","RV":"10","Q7":"10","RC":"10"},"PV":{"2H":"10"},"WH":{"6H":"10"},"MX":{"V5":"10"},"HF":{"74":"10","64":"10","65":"10","75":"10"},"P8":{"HQ":"10"},"F4":{"F9":"10","C9":"10"},"GC":{"CM":"10"},"W5":{"FC":"10"},"7J":{"GW":"10"},"C8":{"8M":"10","8P":"10"},"6J":{"MV":"10"},"JV":{"G8":"10","Q6":"10","GH":"10","HH":"10","Q4":"10","R4":"10","Q5":"10","F8":"10"},"QQ":{"XV":"10"},"42":{"J2":"10","M2":"10"},"36":{"X2":"10"},"57":{"R7":"10","R8":"10","Q8":"10"},"G5":{"84":"10","83":"10"},"35":{"XX":"10"},"RF":{"59":"10"},"76":{"JW":"10|3","MV":"10","JV":"10|3"},"6G":{"86":"10","76":"10","74":"10","77":"10","87":"10","75":"10"},"JF":{"JH":"10","HH":"10","JJ":"10","HJ":"10"},"X6":{"H2":"10"},"87":{"VV":"10"},"H5":{"P2":"10"},"45":{"2X":"10"},"88":{"H4":"10","55":"10","63":"10","56":"10","45":"10","65":"10","73":"10","46":"10","36":"10","35":"10","72":"10"},"XX":{"26":"10"},"97":{"G7":"10","5P":"10"},"86":{"6P":"10","6Q":"10"},"G8":{"H5":"10","H4":"10"},"V9":{"CX":"10"},"F6":{"8F":"10","7F":"10"},"H8":{"97":"10","96":"10","C6":"10","C7":"10"},"C6":{"7V":"10"},"5F":{"5V":"10"},"JW":{"C7":"10","F8":"10"},"MV":{"55":"10","FC":"10","54":"10","HG":"10","64":"10","65":"10","7M":"10","F6":"10"},"46":{"22":"10"},"32":{"7M":"10","6M":"10"},"4J":{"H4":"10"},"VJ":{"J5":"10"},"W9":{"PV":"10","PR":"10","XC":"10","QR":"10","QV":"10"},"67":{"VV":"10","WW":"10","VW":"10","WV":"10"},"M4":{"HX":"10"},"Q4":{"7V":"10"},"PG":{"54":"10","44":"10","R6":"10"},"VV":{"QF":"10","QC":"10","RC":"10","RF":"10"},"5H":{"RM":"10"},"78":{"X3":"10","W3":"10"},"M8":{"4G":"10"},"V4":{"5V":"10"},"HP":{"HW":"10","HV":"10"}},"W6":{"MX":{"QV":"10"},"HC":{"FQ":"10"},"CM":{"CC":"10"},"6J":{"J3":"10","J2":"10","M3":"10"},"VQ":{"5P":"10"},"56":{"R8":"10","R9":"10"},"8X":{"GH":"10","HH":"10","5P":"10"},"33":{"H3":"10","H2":"10"},"F7":{"QX":"10"},"H9":{"G9":"10","52":"10","53":"10"},"CR":{"F7":"10","C7":"10"},"JF":{"C4":"10"},"87":{"V6":"10","V5":"10"},"CJ":{"G5":"10","46":"10","F6":"10"},"FJ":{"CV":"10","MX":"10","GW":"10","W3":"10","JV":"10","HW":"10","9W":"10","MW":"10","QP":"10","MH":"10","MG":"10","8W":"10","FF":"10","W4":"10","VP":"10","RP":"10","HR":"10","9X":"10","JW":"10","HV":"10","PX":"10","GF":"10","G7":"10","MM":"10","9M":"10","PJ":"10","FR":"10","PM":"10","GR":"10","G6":"10","GV":"10","H6":"10"},"XV":{"VQ":"10","VP":"10","WM":"10","WP":"10"},"G8":{"34":"10","24":"10"},"C7":{"3Q":"10","MR":"10"},"8M":{"8M":"10"},"PQ":{"VG":"10","7G":"10","7F":"10","RG":"10","46":"10","RF":"10"},"66":{"QX":"10","JV":"10","HQ":"7","QV":"10","WW":"10","HP":"7","JW":"10"},"FF":{"55":"10","63":"10","54":"10","53":"10","64":"10","65":"10"},"FM":{"Q3":"10","Q2":"10","M4":"10","9X":"10","P4":"10","CQ":"10","M2":"10","FQ":"10"},"27":{"3M":"10","4M":"10","3P":"10","4P":"10"},"JW":{"C5":"10","95":"10"},"HG":{"5G":"10"},"46":{"8C":"10","79":"10","89":"10","7C":"10"},"2R":{"V7":"10"},"9V":{"98":"10"},"XQ":{"MR":"10"},"67":{"Q3":"10","Q2":"10","P3":"10","P2":"10","P4":"10","G2":"10"},"68":{"WC":"10","Q7":"10"},"FH":{"VV":"10","Q9":"10","QW":"10","XV":"10","8J":"10","WW":"10","PX":"10","VW":"10"},"9M":{"R7":"10","Q6":"10","Q7":"10","R6":"10"},"FP":{"WW":"10","WX":"10","QQ":"10"},"77":{"F7":"10","F8":"10"},"3R":{"2J":"10"},"HQ":{"PC":"10"},"MQ":{"23":"10","33":"10","34":"10","24":"10"},"GJ":{"53":"10","34":"10","43":"10"},"GQ":{"Q3":"10","44":"10","Q4":"10","45":"10"},"9R":{"HW":"10","66":"10","GW":"10","65":"10"},"55":{"8W":"10","M7":"10","8X":"10","MV":"10","CW":"10","7X":"10","MW":"10","JJ":"10","PM":"10","9W":"10"}},"X6":{"R7":{"5R":"10"},"7M":{"2F":"10","2C":"10"},"4P":{"3F":"10"},"J2":{"PJ":"10"},"W5":{"RF":"10"},"H4":{"XM":"10"},"5M":{"C4":"10"},"J5":{"36":"10","35":"10"},"R8":{"HG":"10","JF":"10"},"PC":{"54":"10"},"M3":{"68":"10"},"J8":{"H4":"10"},"QF":{"56":"10"},"V7":{"VF":"10"},"7P":{"48":"10"},"VC":{"XR":"10"},"X2":{"6F":"10","7F":"10"},"6P":{"X8":"10","WG":"10"},"RF":{"9W":"10"},"M9":{"29":"10"},"PH":{"VG":"10","RG":"10"},"W3":{"HF":"3"},"R5":{"FX":"10"},"2R":{"2J":"10"},"Q4":{"JW":"10","JX":"10"},"6J":{"JV":"10","HV":"10"}},"XW":{"G4":{"9C":"10","8C":"10"}},"V6":{"JP":{"QG":"10"},"9H":{"H4":"10","J4":"10"},"6Q":{"3W":"10","4W":"10"},"56":{"XM":"10","F9":"10","XP":"10","5C":"10","6C":"10","WM":"10","WP":"10"},"7C":{"HF":"10","GF":"10"},"6G":{"3R":"10"},"28":{"F8":"10"},"97":{"G9":"10","G8":"10","F9":"10","F8":"10"},"86":{"PW":"10","PX":"10"},"PQ":{"W2":"10"},"66":{"FW":"10","CW":"10"},"PP":{"WX":"10"},"J2":{"V2":"10"},"5G":{"VM":"10","QM":"10","RM":"10"},"X7":{"W4":"10","WV":"10"},"F9":{"C4":"10"},"77":{"CR":"10","CV":"10"},"3W":{"Q2":"10","M2":"10"},"RR":{"HH":"10"}},"8R":{"39":{"9G":"10"}},"88":{"WJ":{"J7":"10","J6":"10"},"79":{"XC":"10"}},"26":{"VV":{"XW":"10","VX":"10","WW":"10","WX":"10"},"GV":{"FM":"10","GP":"10","GQ":"10","FP":"10","GM":"10","FQ":"10"},"WW":{"G6":"10","F6":"10","C6":"10"},"CW":{"QF":"10"}},"34":{"MX":{"4Q":"10","4P":"10"},"98":{"FC":"3","74":"3","CC":"3","64":"3","65":"3","75":"3"},"96":{"FC":"10","GC":"10"}},"R6":{"9R":{"95":"10"},"6R":{"8F":"10","7F":"10"},"H3":{"32":"10","42":"10"},"9P":{"FW":"10","GW":"10","GX":"10","GR":"10","FX":"10"},"JH":{"GX":"10","FX":"10"},"9W":{"7C":"10"},"6P":{"F7":"10","CF":"10"},"CQ":{"FH":"10","FG":"10","QJ":"10","QH":"10","CG":"10"},"FV":{"7H":"10","X5":"10","X2":"10","J8":"10","H8":"10"},"8X":{"96":"10","J2":"10"},"CV":{"WJ":"10"},"GQ":{"VF":"10"},"CX":{"2G":"10"},"JJ":{"W5":"10","G5":"10","V5":"10"},"WV":{"WH":"10"},"CW":{"6G":"10"},"57":{"4J":"10","5C":"10","4C":"10"},"FP":{"5H":"10"},"MM":{"VH":"10","QH":"10","RG":"10"},"HW":{"33":"10"},"RV":{"JG":"10","JF":"10"},"8Q":{"7H":"10","8H":"10","7J":"10"},"FR":{"XQ":"10","HQ":"10","Q9":"10","XP":"10","WQ":"10","HR":"10","WP":"10"},"CP":{"2G":"10"},"GW":{"2G":"10"},"GM":{"98":"10","99":"10","G3":"10"},"3F":{"6W":"10"},"J3":{"M8":"7"},"VG":{"GX":"10"},"PM":{"97":"10","C8":"10","C7":"10"},"PG":{"FC":"10","CC":"10"},"FW":{"35":"10"},"RW":{"9X":"10"},"RX":{"92":"10"},"QX":{"49":"10","3F":"10","5F":"10","59":"10","4F":"10","5C":"10","58":"10","4C":"10"},"6Q":{"FJ":"10","CJ":"10"}},"66":{"32":{"RQ":"10","QR":"10","QQ":"10"}},"W4":{"5W":{"2G":"10","2F":"10"},"4M":{"98":"10"},"4W":{"XG":"10","XF":"10"}},"72":{"Q2":{"M6":"10"},"V2":{"GJ":"10","GM":"10","PM":"10","MM":"10","8H":"10","FH":"10","6H":"10","GH":"10","2X":"10","7H":"10"},"R2":{"HQ":"10","JP":"10","JQ":"10","HP":"10"},"J2":{"36":"10"},"V8":{"C5":"10","G6":"10","F6":"10"},"89":{"M3":"10"},"V3":{"2G":"10"},"F8":{"6G":"10","6H":"10"}},"37":{"28":{"77":"10"},"FH":{"3R":"10","3Q":"10","2R":"10","2Q":"10","29":"10","24":"10"},"7H":{"98":"5","FF":"10","99":"5","Q7":"10","F8":"10"},"CG":{"VC":"10","WC":"10","VF":"10","WF":"10"},"9M":{"P8":"10","P7":"10","Q8":"10","Q7":"10"},"9J":{"HV":"10"},"CH":{"P9":"10","X9":"10","PF":"10","WF":"10","W8":"10","PC":"10","QF":"10","W9":"10","WC":"10","RH":"10","MF":"10"}},"VP":{"FJ":{"VP":"10"},"37":{"2J":"10"},"8F":{"QF":"10","P7":"10","J3":"10","RF":"10"},"GH":{"FX":"10"},"9F":{"5X":"10"},"QH":{"HJ":"10"},"9G":{"63":"10"},"57":{"F9":"10"}},"V5":{"J2":{"JP":"10","JM":"10"},"F8":{"37":"10","27":"10"},"XH":{"3M":"10","2M":"10"},"J7":{"X8":"10"},"VQ":{"X9":"10"},"RC":{"GH":"10","GP":"10","HP":"10"},"V2":{"2V":"10"},"WH":{"XM":"10","WM":"10"},"RR":{"VP":"10","WP":"10"},"WR":{"3R":"10"},"R2":{"XV":"10"}},"M7":{"JF":{"7X":"10"}},"62":{"3G":{"94":"10"},"9F":{"Q3":"10","R7":"10","Q6":"10","R3":"10","Q7":"10"},"G7":{"32":"10"},"Q5":{"WG":"10","PF":"10","PC":"10"},"GC":{"JG":"10","JF":"10"},"C5":{"WR":"10","RQ":"10","RR":"10","VP":"10","XP":"10","RV":"10","VR":"10","WQ":"10","PQ":"10","QQ":"10","WM":"10","WP":"10"},"V7":{"82":"10","H3":"10","94":"10","H2":"10","C3":"10","83":"10","93":"10","C4":"10"},"G8":{"RV":"10","QV":"10"},"M9":{"29":"10"},"G6":{"6W":"10","5X":"10"},"H8":{"CQ":"10","FM":"10","FP":"10","GC":"10","CP":"10","7J":"10","9H":"10","FH":"10","8H":"10","CH":"10","CF":"10","CR":"10","9J":"10"},"H9":{"22":"10"},"F6":{"7F":"10","7M":"10","9G":"10","7G":"10","8G":"10","7J":"10","6P":"10","7H":"10","6M":"10","6J":"10"},"G9":{"V2":"10","R2":"10"},"J9":{"84":"10","92":"10","F3":"10","C2":"10","56":"10","XG":"10","C3":"10","83":"10","93":"10","F2":"10"}},"F2":{"55":{"Q8":"10","MG":"10","PG":"10"}},"J7":{"M9":{"RR":"10","RV":"10"}},"9J":{"37":{"J7":"10","9V":"10","CW":"10"},"36":{"HQ":"10","GQ":"10"},"38":{"84":"10","C4":"10","C5":"10"}},"X4":{"XV":{"55":"3","44":"3","45":"3","35":"3"},"PW":{"HH":"10"},"8V":{"J7":"3","M7":"3|10","J6":"3","M9":"3","M6":"3","J5":"3"},"HF":{"7R":"10"},"VR":{"Q7":"10"},"HG":{"44":"10"},"PC":{"X3":"10"},"CJ":{"5R":"10"},"4X":{"MX":"10","JX":"10"},"VQ":{"FX":"10"},"QC":{"22":"10"},"RC":{"F3":"10","G3":"10","X6":"10"},"XR":{"J9":"10","JC":"10","74":"10","MC":"10","M9":"10","Q7":"10","W8":"10"},"JF":{"28":"10"},"WR":{"28":"10"},"9Q":{"6X":"10"},"9R":{"84":"10","76":"10","83":"10","62":"10"}},"22":{"63":{"C4":"10","C5":"10","C6":"10"},"52":{"5X":"10","RX":"10"},"F3":{"44":"10","33":"10","27":"10","43":"10"},"82":{"FF":"10","H4":"10","HG":"10","GF":"10","H5":"10","FG":"10","M3":"10","GC":"10","J8":"10","J7":"10","J3":"10","J4":"10","M2":"10","HH":"10","G4":"10","GG":"10","HC":"10","P2":"10","G5":"10","H9":"10","M4":"10","G9":"10"},"C3":{"W3":"10","W2":"10","V2":"10","R2":"10","X4":"10","X8":"10","X7":"10","V4":"10","V3":"10"},"87":{"W8":"10"}},"32":{"6X":{"5C":"10"},"CF":{"QR":"10"}},"CP":{"M6":{"PQ":"10"}},"R3":{"22":{"7W":"10","6W":"10","W5":"10","5X":"10","X8":"10","W4":"10","4X":"10","8X":"10","7X":"10","6X":"10"},"23":{"97":"10","55":"10","58":"10","54":"10","75":"10","56":"10","52":"10","42":"10","77":"10","47":"10","78":"10","68":"10","57":"10","36":"10","93":"10","63":"10","46":"10","67":"10","88":"10","64":"10","96":"10","37":"10","48":"10","74":"10","82":"10","66":"10","83":"10","95":"10","86":"10","72":"10","34":"10","35":"10","45":"10","33":"10","73":"10","85":"10","44":"10","65":"10","84":"10","92":"10","87":"10","43":"10","76":"10","94":"10","62":"10","53":"10"},"PX":{"4C":"10"},"XW":{"VC":"10"},"32":{"28":"10","32":"10","27":"10"}},"64":{"P7":{"9Q":"2","8Q":"2"},"GH":{"HW":"10","JX":"10"},"GQ":{"H3":"10"},"FF":{"HR":"10"},"HM":{"F2":"10"},"GJ":{"W5":"10","V5":"10"}},"39":{"J7":{"54":"10"},"J6":{"22":"10"}},"8C":{"MX":{"V6":"10","W2":"10","V3":"10","W5":"10","V5":"10","X3":"10","W6":"10","X2":"10","W3":"10","R5":"10"},"PX":{"23":"10","24":"10"},"85":{"P8":"10","4J":"10","5J":"10","4M":"10","6M":"10","6J":"10","5M":"10"},"MW":{"VX":"10","WX":"10","VW":"10"},"F8":{"Q8":"10","Q7":"10"}},"X7":{"MH":{"XM":"10","WM":"10"},"2G":{"98":"10","99":"10"},"7V":{"GQ":"10"},"HM":{"WX":"10"},"W7":{"6G":"10","7G":"10"},"25":{"9H":"10","9J":"10"},"PF":{"VG":"10","QW":"10"},"PG":{"RV":"10"},"4G":{"FJ":"10","FM":"10","CW":"10","8M":"10","CP":"10","8P":"10"},"3H":{"3P":"10","48":"10"},"MJ":{"52":"10"},"JJ":{"5R":"10"},"QF":{"RV":"10","JM":"10"},"8G":{"R8":"10","V8":"10"},"8X":{"PG":"10"},"GR":{"QW":"10"},"GH":{"P7":"10","P6":"10"},"GG":{"PC":"10"},"WM":{"FC":"10"},"W3":{"9C":"10","8F":"10","8C":"10","9F":"10"},"JX":{"98":"10"},"7X":{"67":"10"},"7H":{"85":"10","75":"10"},"HP":{"FM":"10","GJ":"10"}},"FH":{"47":{"CQ":"10","C6":"10","9G":"10","99":"10","5R":"10","8Q":"10","CP":"10","8G":"10","7J":"10","9H":"10","8J":"10","9M":"10","8H":"10","7Q":"10","6Q":"10","5Q":"10","7R":"10","6V":"10","89":"10","8C":"10","9P":"10","8M":"10","5V":"10","8P":"10","9Q":"10","9J":"10","9C":"10","6J":"10","6R":"10"}},"H7":{"C4":{"QH":"10"},"C5":{"VH":"10","VJ":"10"}},"FP":{"42":{"JW":"10","MW":"10"}},"G9":{"Q9":{"79":"10","VQ":"10","MJ":"10","QQ":"10","PR":"10","XP":"10","QP":"10","7F":"10","GP":"10","PQ":"10","FM":"10","PP":"10","VP":"10","RP":"10","XM":"10","6F":"10","RQ":"10","69":"10","MM":"10","PJ":"10","PM":"10","MQ":"10","QR":"10","GM":"10","89":"10"},"MF":{"94":"10","C4":"10","C3":"10","93":"10"},"R9":{"2P":"10","2M":"10","7Q":"10"},"CW":{"F3":"10","C3":"10"},"PH":{"R9":"10"},"VF":{"QX":"10"}},"63":{"WV":{"MW":"10"}},"FG":{"HR":{"9C":"10","FC":"10","CC":"10","FF":"10","CF":"10","C9":"10"}},"FC":{"G3":{"MJ":"10"}},"73":{"XH":{"2R":"10"},"WH":{"VQ":"10","WW":"10","QX":"10","WQ":"10"},"RJ":{"FH":"10"}},"G6":{"P8":{"X9":"10","M4":"10","M3":"10"},"Q6":{"HW":"10","MQ":"10","MP":"10"},"FC":{"R4":"10"},"X8":{"X5":"10","X4":"10"},"X7":{"Q6":"10"},"X6":{"MX":"10","MW":"10"}},"65":{"7W":{"G2":"10"}},"93":{"94":{"QC":"10","Q9":"10","P3":"10","P2":"10"},"C4":{"26":"10"},"F9":{"F8":"10"},"99":{"67":"10"},"33":{"8R":"10","9V":"10","8Q":"10","CR":"10","8P":"10","9Q":"10","9R":"10","9W":"10"},"93":{"9X":"10"},"F8":{"FW":"10","JR":"10","FV":"10"},"C7":{"8J":"10","8M":"10","7J":"10"}},"JC":{"4G":{"3W":"10"},"75":{"P5":"10","M5":"10"}},"C3":{"7Q":{"28":"10","27":"10"}},"7W":{"CC":{"22":"10","23":"10","33":"10","32":"10"},"WW":{"3W":"10","3V":"10","2V":"10","8Q":"10","7Q":"10","3P":"10","2W":"10"},"79":{"MF":"10","MC":"10"}},"H3":{"69":{"X5":"10","X6":"10"},"68":{"VV":"10","VW":"10"},"66":{"HW":"10","PJ":"10","HX":"10","JX":"10"},"74":{"MJ":"10","6G":"10","PJ":"10","7G":"10","QW":"10"},"78":{"3C":"10"},"79":{"5X":"10","5W":"10"},"67":{"PQ":"10","J2":"10","H2":"10"},"75":{"9C":"10","CC":"10","99":"10","C9":"10"}},"W7":{"P2":{"49":"10","8F":"10","7H":"10","7G":"10","7F":"10","9H":"10","9G":"10","8H":"10","4C":"10","8G":"10"},"XG":{"2J":"10","3G":"10","2G":"10","2H":"10","25":"10","3H":"10","8R":"10","8Q":"10","5C":"10","3J":"10","5P":"10","2V":"10","4H":"10","58":"10","59":"10","9Q":"10","9R":"10"},"QH":{"G9":"10","G8":"10","FC":"10","F9":"10","H8":"10","G7":"10","C9":"10","F8":"10"},"82":{"53":"10","42":"10","43":"10"},"42":{"4M":"3"},"7R":{"H4":"10","J8":"10"},"44":{"7P":"10","MG":"10","JJ":"10","WF":"10","QG":"10"},"XJ":{"63":"10","P7":"10"},"R4":{"C4":"10","F5":"10","G5":"10"},"GX":{"3G":"10","4G":"10"},"FQ":{"4P":"10"},"X6":{"XP":"10"},"6X":{"PW":"10"},"34":{"3P":"10"},"WG":{"MH":"10","PJ":"10","XV":"10","33":"10","WV":"10","W8":"10","44":"10","RG":"10","43":"10","RM":"10","QF":"10","42":"10","RF":"10","53":"10","34":"10","52":"10","X5":"10","WW":"10","XW":"10","QJ":"10","VW":"10"},"PQ":{"72":"10"},"PP":{"8X":"10","7X":"10"},"V5":{"89":"10"},"JW":{"46":"10"},"62":{"5M":"10"},"XC":{"H5":"10","JR":"7","8G":"10"},"R3":{"HW":"10","HX":"10","JX":"10"},"X7":{"RW":"10"},"MM":{"H5":"10","H4":"10","J5":"10"},"PH":{"MX":"10"},"FP":{"XQ":"10","XP":"10"},"PJ":{"M2":"10"},"54":{"6G":"10","3H":"10","5J":"10","5M":"10","4J":"10","94":"10","5C":"10","3J":"10","5P":"10","4M":"10","6C":"10","6P":"10","4H":"10","C4":"10","6M":"10","3M":"10","6J":"10"},"CQ":{"XP":"10"},"65":{"MF":"10","HF":"10","HG":"10","JG":"10","JF":"10"},"WF":{"QW":"10","QV":"10"},"X8":{"HX":"10","GX":"10"}},"V4":{"XM":{"G7":"10"},"VH":{"F3":"10","85":"10","F2":"10","C3":"10","C6":"10","C2":"10"},"QH":{"JP":"10"},"QQ":{"X6":"10","W6":"10"},"QM":{"WW":"10","WV":"10"}},"H6":{"CX":{"9R":"10","CG":"3","9G":"3","FF":"3","8R":"10"},"FV":{"J4":"10","P6":"10","J3":"10","W2":"10","V2":"10","M6":"10","M3":"10"},"CQ":{"XW":"10","XV":"10"},"3X":{"J9":"10"},"GV":{"3W":"10"},"8V":{"63":"10","X2":"10"},"8R":{"GQ":"10","XX":"10","GR":"10","HM":"10","FR":"10"},"8W":{"26":"10"},"5Q":{"WR":"10","MV":"10","JV":"10","JR":"10","MR":"10","VR":"10"},"7R":{"9C":"10","FC":"10","9F":"10","CC":"10","FF":"10","CF":"10","C9":"10"},"FR":{"7M":"10","RP":"10","7G":"10","VR":"10","QQ":"10","VQ":"10","8H":"10","PQ":"10","RR":"10","7H":"10","VW":"10"},"CR":{"X6":"10"},"27":{"3R":"10","2R":"10"},"8M":{"3J":"10"},"9R":{"3R":"10","3V":"10","2R":"10","2V":"10"},"3M":{"68":"10","67":"10","58":"10"},"6J":{"P8":"10","P7":"10","Q8":"10"}},"W8":{"98":{"9Q":"10","8Q":"10"},"68":{"88":"10","4F":"10","98":"10","78":"10","5C":"10","6C":"10","5F":"10"},"J3":{"MV":"10","JV":"10"},"23":{"V7":"10"},"92":{"P3":"10","P4":"10","Q4":"10"},"X6":{"MG":"10"},"58":{"RJ":"10"}},"X8":{"63":{"M6":"10","J5":"10","M5":"10"},"26":{"9M":"10"},"35":{"JW":"10","HW":"10","HQ":"10","HX":"10","JX":"10"},"75":{"GR":"10"},"R4":{"W6":"10"},"62":{"H8":"10"}}}}