{"index":{"university,1|retail,2|tourism,3|wreck,4|historical,5|artsCulture,6|namedBuilding,7|water,8|wetland,9|park,10|beach,11|natureReserve,12|cemetery,13|trail,14":{}},"6R":{"8J":{"WJ":{"HQ":"10","GQ":"10","JR":"10","JQ":"10","HR":"10"},"VM":{"C6":"10"}},"RW":{"X6":{"86":"10","56":"10","96":"10"}},"84":{"G2":{"CW":"10","CR":"10"}},"55":{"VM":{"55":"10","64":"10","65":"10"}},"6G":{"C5":{"R3":"10","R4":"10","V4":"10","V3":"10"}},"63":{"P6":{"PF":"10"}},"66":{"46":{"QM":"10","PJ":"10","PG":"10","PM":"10","QH":"10","RG":"10","RM":"10","QF":"10","QG":"10","RJ":"10","PH":"10","RH":"10","QJ":"10"},"36":{"XG":"10","X7":"10","W9":"10","W8":"10","XF":"10"}},"59":{"82":{"X9":"10","XC":"10"},"92":{"2C":"10","29":"10"},"72":{"C4":"10","63":"10","66":"10","C5":"10","65":"10"}},"78":{"F2":{"39":"10"}},"85":{"CJ":{"HQ":"10","GQ":"10","HP":"10","FQ":"10"},"93":{"C4":"10","C5":"10","95":"10"}},"92":{"CG":{"J7":"10","M7":"10","P7":"10","W5":"10"},"FP":{"74":"10","73":"10","54":"10","HF":"10","JC":"10","JF":"10","HC":"10","72":"10"},"CP":{"P7":"10","Q7":"10"},"F4":{"PW":"10"}},"57":{"PV":{"37":"10","47":"10","38":"10","48":"10"},"MV":{"8M":"10","8P":"10","6M":"10","6J":"10"},"RC":{"C7":"10"},"W9":{"HQ":"10","CQ":"10","CP":"10","HR":"10"}},"6P":{"HM":{"9C":"10"}},"65":{"6F":{"3P":"10"},"5G":{"G9":"10","55":"10","54":"10","45":"10"},"52":{"22":"10","32":"10"},"GF":{"5Q":"10","5P":"10"},"G4":{"H4":"10","H3":"10","G3":"10","G4":"10"},"CH":{"H5":"10","H4":"10"}},"67":{"QR":{"M6":"10","P6":"10","R6":"10","Q5":"10","H5":"10","M3":"10","R4":"10","P5":"10","Q6":"10","P4":"10","P3":"10","G5":"10","R5":"10","Q4":"10","M4":"10","M5":"10"},"QQ":{"6M":"10"}},"58":{"CG":{"77":"10","87":"10"},"7X":{"HX":"10","FV":"10","HV":"10","GV":"10","MW":"10","FW":"10","MX":"10","JX":"10","HW":"10","JW":"10","GW":"10"}},"2X":{"HW":{"CR":"10","CV":"10"}},"34":{"9M":{"6V":"10"}},"29":{"J7":{"5G":"10","5F":"10","4H":"10","4G":"10","4F":"10","5H":"10"},"H5":{"R7":"10","2G":"10","2W":"10","2H":"10","W8":"10","R8":"10","QQ":"10","78":"10","RQ":"10","V7":"10","QR":"10","RC":"10","2V":"10","3V":"10","3W":"10","V8":"10"},"H4":{"5W":"10"},"G5":{"C2":"10","XG":"10","MX":"10","JV":"10","JX":"10","92":"10","MW":"10","G2":"10","J3":"10","GX":"10","H2":"10","WG":"10","M5":"10","XF":"10","WW":"10","G3":"10","JW":"10","HV":"10","F2":"10","M4":"10","JR":"10","P4":"10","XH":"10","P5":"10","HX":"10","WF":"10","93":"10","C3":"10","H3":"10"},"G6":{"F3":"10","H3":"10","J2":"10","G2":"10","G3":"10","H2":"10"},"J5":{"76":"10","56":"10","66":"10","77":"10","57":"10","67":"10"},"G4":{"9X":"10"}}}}