{"index":{"university,1|retail,2|tourism,3|wreck,4|historical,5|artsCulture,6|namedBuilding,7|water,8|wetland,9|park,10|beach,11|natureReserve,12|cemetery,13|trail,14":{}},"6V":{"HM":{"94":{"8W":"10","9W":"10"},"P2":{"74":"10"}},"22":{"H2":{"F7":"10"}},"5R":{"P8":{"78":"10","77":"10"}},"HJ":{"8W":{"XW":"10","WX":"10","XX":"10"},"8X":{"W3":"10","W2":"10","X2":"10","HH":"10","V3":"10"},"9W":{"4J":"10","3J":"10","2V":"10","2W":"10"}},"Q5":{"82":{"JG":"5","JF":"5"}},"5V":{"V8":{"VP":"10","RP":"10","VM":"10","RM":"10"}},"VH":{"37":{"9R":"10","9Q":"10","9V":"10","9P":"10"},"52":{"7Q":"10"},"39":{"PC":"10"},"36":{"3P":"10"},"38":{"92":"10","HM":"10","GJ":"10","HJ":"10"}},"3W":{"X8":{"F7":"10"}},"6R":{"84":{"G8":"10"}}}}