{"index":{"university,1|retail,2|tourism,3|wreck,4|historical,5|artsCulture,6|namedBuilding,7|water,8|wetland,9|park,10|beach,11|natureReserve,12|cemetery,13|trail,14":{}},"73":{"H3":{"CX":{"9R":"10","6R":"10","MH":"10","6V":"10","5W":"10","XV":"10","JH":"10","5C":"10","7R":"10","5V":"10","9W":"10","6W":"10","QR":"10","5Q":"10","5R":"10","CQ":"10","7W":"10","9V":"10","5F":"10","MJ":"10","WJ":"10","QV":"10","8X":"10","CV":"10","7X":"10","JJ":"10","9X":"10","8V":"10","VM":"10","7Q":"10","QJ":"10","2V":"10","RJ":"10","8R":"10","7V":"10","RV":"10","QM":"10","8Q":"10","FR":"10","59":"10","XR":"10","4F":"10","CR":"10","3V":"10","QG":"10","2W":"10","VG":"10","3W":"10","2X":"10","4C":"10","8W":"10","6X":"10","9Q":"10","VJ":"10","6Q":"10","5X":"10","RR":"10","49":"10"},"7W":{"XP":"10","W7":"10","W5":"10","XM":"10","XH":"10","X6":"10","X7":"10","XG":"10","W6":"10","XJ":"10","X5":"10"},"FX":{"V6":"10","5W":"10","VF":"10","4Q":"10","4P":"10","5X":"10","3H":"10","VG":"10","XH":"10","QH":"10","RG":"10","4X":"10","QF":"10","4W":"10","QG":"10","3J":"10","3Q":"10","5P":"10","XG":"10","6Q":"10","RC":"10","6P":"10","RF":"10","VJ":"10","7X":"10","6X":"10","5V":"10","VH":"10","2R":"10","RH":"10","4V":"10"},"HV":{"XX":"10","QM":"10","M6":"10","PJ":"10","VV":"10","PM":"10","MM":"10","M7":"10","VR":"10","QP":"10","FG":"10","J8":"10","QQ":"10","J7":"10","RQ":"10","FH":"10","RV":"10","M8":"10","GH":"10","GG":"10","RR":"10","WX":"10","WW":"10","XW":"10","QJ":"10","M5":"10","PP":"10"},"7V":{"XW":"10","WW":"10","XV":"10","WV":"10"},"FQ":{"CQ":"10","CP":"10"},"JV":{"3W":"10","3V":"10","2V":"10","2X":"10","2W":"10"},"8V":{"RW":"10","RV":"10","QV":"10"},"MW":{"8X":"10","7X":"10"},"GX":{"2J":"10","MH":"10","2G":"10","2H":"10","PM":"10","7G":"10","3P":"10","MJ":"10","4W":"10","6F":"10","5C":"10","3J":"10","6H":"10","6C":"10","5F":"10","3M":"10","6J":"10"},"9V":{"J4":"10","J3":"10","M4":"10"},"8W":{"MG":"10","JP":"10","GF":"10","2M":"10","P7":"10","MC":"10","QF":"10","WG":"10","PC":"10","WH":"10","MJ":"10","WF":"10","WJ":"10","JJ":"10","W8":"10","PF":"10","PQ":"10","MP":"10","V8":"10","VH":"10","QJ":"10","2P":"10","26":"10","MF":"10","2J":"10","MM":"10","M9":"10","P8":"10","GR":"10","QM":"10","FR":"10","25":"10","P9":"10","QG":"10","FF":"10","VF":"10","27":"10","PM":"10","JM":"10","PG":"10","2H":"10","VJ":"10","P6":"10","M7":"3|10"},"FW":{"QR":"10"},"MX":{"J7":"10","J6":"10","82":"10","72":"10"},"9X":{"V8":"10","R8":"10","XG":"10","R9":"10","2C":"10","PR":"10","QX":"10","MP":"10","QC":"10","2F":"10","RF":"10","2G":"10","GX":"10","V9":"10","WG":"10","PQ":"10","PP":"10","37":"10","27":"10","RC":"10","3C":"10","RQ":"10","QF":"10","FX":"10","CX":"10","PX":"10","MR":"10","3F":"10","MQ":"10","XH":"10"},"8X":{"39":"10","Q7":"10","FG":"10","6G":"10","P5":"10","JC":"10","9H":"10","7R":"10","GF":"10","M5":"10","89":"10","QH":"10","FM":"10","CQ":"10","P7":"10","79":"10","MC":"10","WG":"10","RF":"10","WH":"10","MJ":"10","WF":"10","8J":"10","6H":"10","7H":"10","FJ":"10","JJ":"10","78":"10","M6":"10","8V":"10","CJ":"10","GG":"10","8M":"10","VH":"10","QJ":"10","MF":"10","48":"10","MM":"10","8R":"10","7V":"10","WC":"10","CP":"10","34":"3","59":"10","8G":"10","XG":"10","F7":"10","XF":"10","33":"3","CM":"10","FF":"10","8H":"10","Q6":"10","8F":"10","VG":"10","JM":"10","4C":"10","GJ":"10","JF":"10","FH":"10","38":"10","P6":"10","49":"10"},"FR":{"25":"10","23":"10","24":"10"},"CR":{"X3":"10","X5":"10","X4":"10","9G":"10","X8":"10","4M":"10","X7":"10","W7":"10","5P":"10","5M":"10","4P":"10"},"HR":{"J4":"10","J5":"10","M5":"10"},"9W":{"78":"10","77":"10","85":"10","47":"10","87":"10","58":"10","48":"10"}},"J2":{"2J":{"WX":"10"},"6G":{"FX":"10","9G":"10","9F":"10","22":"10","73":"10","GX":"10","43":"10","8G":"10","8H":"10","42":"10","8F":"10","7H":"10"},"4P":{"W2":"10"},"57":{"2J":"10"},"2M":{"R7":"10","V8":"10","R8":"10","W5":"10","W3":"10","56":"10","36":"10","57":"10","X3":"10","V7":"10","Q8":"10","J6":"10","Q7":"10","38":"10","Q6":"10","X5":"10","R6":"10","W4":"10","37":"10","M7":"10","46":"10","J7":"10","X4":"10","X2":"10","M6":"10","47":"10","W2":"10","P6":"10","P7":"10","55":"10"},"6F":{"3X":"10","3W":"10","3V":"10","2V":"10","2X":"10","2W":"10"},"3J":{"4J":"10","3J":"10","5J":"10","4M":"10","5M":"10"},"4M":{"PV":"10","PR":"10","VV":"10","WX":"10","VW":"10","QV":"10"},"6H":{"F3":"10","F2":"10","G2":"10"},"6C":{"9M":"10","CM":"10"},"5F":{"XX":"10"},"3M":{"FJ":"10","FM":"10","MQ":"10","JP":"10","GH":"10","HH":"10","44":"10","9M":"10","CJ":"10","45":"10","GM":"10","HM":"10","JQ":"10","HP":"10","JJ":"10","HJ":"10","CM":"10","34":"10"}},"H4":{"C2":{"2J":"10","23":"10","2G":"10","2W":"10","63":"10","82":"10","3X":"10","33":"10","22":"10","5R":"10","5J":"10","GX":"10","54":"10","92":"10","64":"10","FW":"10","5H":"10","4X":"10","2M":"10","62":"10","2C":"10","5Q":"10","4H":"10","2F":"10","2X":"10","53":"10","52":"10","3W":"10","32":"10","GW":"10"},"C5":{"FV":"10","MC":"10","7W":"10","5W":"10","5R":"10","8W":"10","PC":"10","QF":"10","4W":"10","8X":"10","7Q":"10","6Q":"10","5Q":"10","7R":"10","M9":"10","CV":"10","7X":"10","5V":"10","9R":"10","6R":"10"},"F5":{"55":"10","54":"10","45":"10"},"F4":{"MW":"10"},"82":{"9C":"10","8F":"10","GH":"10","8C":"10","74":"10","9F":"10","HG":"10","F9":"10","CC":"10","85":"10","CG":"10","9G":"10","75":"10","F8":"10"},"92":{"WG":"10","7W":"5","7V":"5","WJ":"10","MV":"10","Q2":"10","XV":"10","PW":"10","XC":"10","PG":"10","WV":"10","MW":"10","8R":"10","92":"10","8Q":"10","95":"10","F3":"10","C2":"10","QH":"10","G3":"10","94":"10","PV":"10","C5":"10","QG":"10","XF":"10","8X":"5","RX":"10","F4":"10","XJ":"10","QV":"10","C3":"10","WH":"10","PH":"10","93":"10","P2":"10","VJ":"10","G2":"10","7X":"5","G5":"10","VH":"10","9Q":"5","XW":"10","PX":"10","F2":"10","QJ":"10","C4":"10","F5":"10"},"G5":{"76":"10","86":"10","55":"10","67":"10","57":"10","97":"10","X3":"10","56":"10","W3":"10","87":"10","77":"10","66":"10"},"74":{"QX":"10","VV":"10","VP":"10","WV":"10","RP":"10","X8":"10","XH":"10","VQ":"10","VX":"10","RQ":"10","RX":"10","RV":"10","WQ":"10","XG":"10","XJ":"10","XR":"10","RR":"10","WM":"10","VM":"10","RW":"10","WW":"10","WP":"10","VW":"10"},"83":{"QM":"10","HX":"10","QW":"10","R6":"10","W4":"10","R4":"10","RX":"10","RV":"10","WQ":"10","VC":"10","W9":"10","RR":"10","RW":"10","JX":"10","WX":"10","R5":"10","WW":"10","WC":"10","XW":"10","QJ":"10"},"76":{"97":"10","C7":"10","W5":"3|10","P5":"10","F5":"10","JC":"10","9C":"10","C4":"10","F8":"10","M5":"10","52":"10","W6":"3|10","CF":"10","CC":"10","HM":"10","J8":"10","G2":"10","HH":"10","G5":"10","GQ":"10","M6":"10","H2":"10","63":"10","J7":"10","X3":"10","9F":"10","82":"10","HW":"10","83":"10","GR":"10","HV":"10","F7":"10","X2":"10","GM":"10","Q6":"10","Q5":"10","87":"10","GJ":"10","GH":"10","C8":"10","94":"10","HJ":"10","HR":"10","53":"10","P6":"10","X4":"10"},"G2":{"42":"10"},"J3":{"GJ":"10","XP":"10","4R":"10","X9":"10","4Q":"10","FM":"10","4P":"10","XC":"10","5R":"10","XM":"10","XQ":"10","RG":"10","XF":"10","FH":"10","XG":"10","VC":"10","GH":"10","RF":"10","CM":"10","FJ":"10","WC":"10"},"84":{"MG":"10","39":"10","6R":"10","H3":"10","MH":"10","6V":"10","5W":"10","3Q":"10","JR":"10","9P":"10","W5":"10","3H":"10","JC":"10","R7":"10","J4":"10","4V":"10","V7":"10","8P":"10","2G":"10","5V":"10","9W":"10","6W":"10","56":"10","4Q":"10","5Q":"10","5R":"10","7W":"10","W6":"10","9V":"10","3G":"10","4R":"10","77":"10","W4":"10","QF":"10","HM":"10","MJ":"10","WJ":"10","7P":"10","CX":"10","47":"10","9X":"10","4W":"10","3C":"10","CW":"10","2C":"10","57":"10","7Q":"10","H2":"10","67":"10","J2":"10","VH":"10","W7":"10","V5":"10","37":"10","2J":"10","48":"10","29":"10","4G":"10","RJ":"10","66":"10","7V":"10","WC":"10","8Q":"10","M3":"10","JV":"10","3J":"10","M2":"10","HV":"10","VQ":"10","3V":"10","M4":"10","V4":"10","3R":"10","X5":"10","5P":"10","PH":"10","3F":"10","J3":"10","2X":"10","3W":"10","JM":"10","PG":"10","28":"10","2H":"10","76":"10","9Q":"10","VJ":"10","2F":"10","V6":"10","6Q":"10","5X":"10","38":"10","X4":"10"},"87":{"VV":"10","WV":"10","3R":"10","VX":"10","RX":"10","3Q":"10","XG":"10","2Q":"10","WM":"10","WX":"10","2R":"10","WW":"10","VW":"10"},"88":{"2G":"10","2H":"10","J5":"10","H5":"10","M3":"10","J3":"10","J4":"10","7P":"10","G8":"10","R2":"10","M4":"10","48":"10","G9":"10"},"97":{"V6":"10","WG":"10","VF":"10","W7":"10","XC":"10","WF":"10","W5":"10","V5":"10","J5":"10","F7":"10","VG":"10","J8":"10","V9":"10","RM":"10","V7":"10","XF":"10","M8":"10","W6":"10","M9":"10","VJ":"10","WC":"10","V8":"10","C7":"10","F6":"10"},"86":{"52":"10","23":"10","53":"10","32":"10","27":"10","42":"10","43":"10","24":"10"},"C7":{"F2":"10","46":"10","36":"10","G2":"10","35":"10","72":"10","62":"10"},"C6":{"FX":"10","73":"10","5X":"10","55":"10","GX":"10","67":"10","VX":"10","37":"10","3V":"10","27":"10","72":"10","4V":"10","3W":"10","77":"10"},"85":{"2J":"10","M6":"10","P7":"10","P6":"10","38":"10","2P":"10","7V":"10","4Q":"10","3X":"10","22":"10","39":"10","35":"10","8R":"10","92":"10","8Q":"10","95":"10","M3":"10","94":"10","4X":"10","C5":"10","49":"10","2M":"10","8J":"10","37":"10","M2":"10","7Q":"10","3J":"10","7R":"10","2F":"10","6V":"10","27":"10","34":"10","59":"10","36":"10","26":"10","28":"10","85":"10","32":"10","C4":"10","6R":"10"},"96":{"P2":"10","F5":"10","GW":"10","W3":"10","JV":"10","J3":"10","H2":"10","M5":"10","J4":"10","JW":"10","J2":"10","P3":"10","M2":"10","M4":"10","M3":"10","P4":"10","P5":"10","H3":"10"},"F2":{"H7":"10","52":"10","F3":"10","62":"10"},"95":{"PV":"10","MX":"10","JV":"10","HW":"10","VQ":"10","RW":"10","QQ":"10","JX":"10","PR":"10","QX":"10","RX":"10","MW":"10","QP":"10","WR":"10","WQ":"10","PQ":"10","WV":"10","PW":"10","PP":"10","VP":"10","RP":"10","JW":"10","RQ":"10","HV":"10","MV":"10","XR":"10","VW":"10","PX":"10","QW":"10","RV":"10","MR":"10","VV":"10","JR":"10","MQ":"10","QV":"10","VR":"10","HX":"10","RR":"10","QR":"10"},"3X":{"W5":"10"},"M2":{"GX":"10","FX":"10"},"77":{"JP":"10","H4":"10","GW":"10","MJ":"10","MP":"10","WR":"10","MH":"10","WG":"10","M5":"10","FW":"10","JQ":"10","MM":"10","M6":"10","PJ":"10","MR":"10","FV":"10","VG":"10","P6":"10","P5":"10","H3":"10"},"75":{"Q7":"10","R2":"10","6V":"10","HG":"10","QW":"10","9P":"10","H8":"10","4V":"10","5M":"10","PP":"10","9H":"10","V2":"10","6J":"10","6W":"10","M5":"10","XM":"10","Q3":"10","9M":"10","Q9":"10","QR":"10","PW":"10","QH":"10","FM":"10","P4":"10","7W":"10","Q2":"10","VC":"10","J5":"10","7J":"10","P7":"10","4R":"10","MC":"10","W4":"10","PC":"10","RQ":"10","RF":"10","J8":"10","4P":"10","WJ":"10","8J":"10","6H":"10","6M":"10","7H":"10","8X":"10","R3":"10","FJ":"10","7X":"10","WV":"10","RP":"10","4W":"10","XP":"10","CG":"10","M6":"10","8V":"10","PF":"10","J7":"10","V8":"10","GG":"10","8M":"10","M8":"10","QJ":"10","H7":"10","FP":"10","V9":"10","Q4":"10","RJ":"10","M9":"10","P8":"10","7V":"10","XJ":"10","R9":"10","M3":"10","4M":"10","9J":"10","M2":"10","GW":"10","RC":"10","QC":"10","VP":"10","J9":"10","VQ":"10","P9":"10","Q8":"10","3V":"10","X6":"10","QG":"10","CM":"10","RG":"10","J6":"10","3R":"10","X5":"10","P2":"10","PV":"10","8H":"10","P3":"10","H9":"10","Q6":"10","VF":"10","J3":"10","MX":"10","VG":"10","PM":"10","7M":"10","Q5":"10","FW":"10","8W":"10","CH":"10","JX":"10","JF":"10","X4":"10","M7":"10"},"M3":{"39":"10","68":"10","49":"10","4C":"10","6F":"10","2C":"10","5C":"10","29":"10","6C":"10","69":"10","58":"10","G2":"10","59":"10","F2":"10","3C":"10"},"94":{"FC":"10","23":"10","F9":"10","24":"10"},"78":{"PC":"10","R7":"10","V8":"10","R8":"10","H4":"10","XG":"10","J9":"10","P8":"10","R9":"10","HC":"10","G4":"10","G5":"10","QC":"10","V7":"10","Q8":"10","H9":"10","RF":"10","J6":"10","Q5":"10","Q7":"10","G2":"10","J3":"10","P9":"10","Q6":"10","W6":"10","X6":"10","H5":"10","G8":"10","M9":"10","V9":"10","R6":"10","MC":"10","M5":"10","Q9":"10","H8":"10","G3":"10","RC":"10","J4":"10","M7":"10","QF":"10","MF":"10","F2":"10","J7":"10","XC":"10","VC":"10","G7":"10","M4":"10","M6":"10","PH":"10","H7":"10","QG":"10","PF":"10","VF":"10","PG":"10","J8":"10","M8":"10","XH":"10","P6":"10","J5":"10","P5":"10","RG":"10","P7":"10","JC":"10","H3":"10","W7":"10","H6":"10","W8":"10","X9":"10"},"93":{"97":"5|3","GP":"10","R2":"10","5W":"10","3Q":"10","6G":"10","JH":"10","4V":"10","5V":"10","9W":"10","FM":"10","2Q":"10","P4":"10","Q2":"10","VC":"10","5F":"10","P7":"10","MC":"10","WG":"10","J8":"10","HF":"10","MJ":"10","WF":"10|7","G8":"10","8J":"10","G7":"10","FJ":"10","RP":"10","4W":"10","9G":"10","2R":"10","X3":"10","5G":"10","M8":"10","H7":"10","FP":"10","96":"5|3|10","Q4":"10","4G":"10","82":"5","WC":"10","86":"5|3","72":"5","4F":"10","4X":"10","W3":"10","VP":"10","CM":"10","3R":"10","85":"5|3","GM":"10","VF":"10","8F":"10","PM":"10","3W":"10","Q5":"10","87":"5|3","W2":"10","5X":"10","JF":"10","P6":"10","6F":"10"},"C3":{"28":"10","37":"10","44":"10","45":"10","27":"10"}},"F7":{"H4":{"56":"10","66":"10","57":"10","47":"10"},"C4":{"RP":"10","PP":"10","QP":"10","QM":"10"},"F5":{"55":"10","56":"10","54":"10","44":"10","45":"10","64":"10","65":"10"},"F3":{"V2":"10","R2":"10"},"H3":{"2W":"10"},"G3":{"MQ":"10","XW":"10","XX":"10","MR":"10","JQ":"10","RX":"10"},"G4":{"R2":"10"}},"H5":{"28":{"4X":"10","3X":"10"},"29":{"CG":"10","CF":"10","32":"10","42":"10"}},"H2":{"XJ":{"GJ":"10","5W":"10","GM":"10","FM":"10","VP":"10","CG":"10","CP":"10","FJ":"10","RW":"10","WX":"10","WW":"10"},"VG":{"P7":"10","FV":"10","FX":"10","M7":"10","XM":"10","FW":"10","P4":"10","CV":"10","M4":"10"},"V9":{"XV":"10"},"VH":{"C3":"10"},"WC":{"38":"10","C6":"10","33":"10","39":"10","68":"10","44":"10","43":"10","49":"10","56":"10","69":"10","58":"10","34":"10","59":"10","C7":"10","48":"10","66":"10"},"X8":{"6G":"10","2P":"10","3H":"10","5J":"10","4J":"10","3P":"10","5H":"10","2M":"10","6F":"10","3J":"10","6H":"10","4H":"10","5G":"10","2Q":"10","5F":"10","3M":"10"},"WG":{"3M":"10","4M":"10","5P":"10","5M":"10","4P":"10"},"X7":{"F9":"10","CJ":"10","9M":"10","CM":"10","C9":"10"},"W9":{"8J":"10","2R":"10","2V":"10","7J":"10"},"W8":{"XM":"10","XP":"10"},"WF":{"GG":"10","HH":"10","HG":"10","JG":"10","3P":"10","4P":"10"}},"G6":{"28":{"F8":"10","C8":"10","6J":"10","9H":"10","9G":"10","CH":"10","9P":"10","6G":"10","GP":"10","FQ":"10","CJ":"10","8M":"10","5M":"10","9F":"10","5J":"10","4J":"10","CP":"10","6H":"10","C9":"10","9M":"10","FH":"10","FP":"10","F9":"10","CC":"10","5H":"10","FG":"10","4H":"10","CG":"10"},"Q2":{"38":"10","55":"10","39":"10","M3":"3","49":"10","37":"10","M2":"3","P3":"3","P2":"3","48":"10","47":"10"},"25":{"GJ":"10","JG":"10","CG":"10","HJ":"10","HG":"10","FG":"10","JC":"10","FH":"10","CH":"10","HH":"10","GH":"10","JH":"10","GG":"10","HC":"10","J9":"10"},"66":{"Q2":"10","WH":"10","WJ":"10","P2":"10","VH":"10","RJ":"10","RH":"10","M2":"10","VJ":"10"},"54":{"74":"10","63":"10","84":"10","82":"10","H3":"10","73":"10","54":"10","92":"10","64":"10","F3":"10","C2":"10","G3":"10","J3":"10","62":"10","H2":"10","C3":"10","53":"10","83":"10","93":"10","72":"10","G2":"10","52":"10","F2":"10"},"53":{"CX":"10","HX":"10","GX":"10","7X":"10","FX":"10"},"3G":{"FJ":"10","FM":"10","GM":"10","GJ":"10"},"65":{"MX":"10","PX":"10","QX":"10","JX":"10"},"2H":{"Q6":"10","P7":"10","P6":"10","Q8":"10","Q7":"10","P5":"10","R6":"10","Q5":"10"}},"G5":{"V8":{"8J":"10","9F":"10","9H":"10","CC":"10","CG":"10","9M":"10","8H":"10","9G":"10","9J":"10","CF":"10","8M":"10","W8":"10"},"WH":{"28":"10","25":"10","37":"10","26":"10","36":"10","38":"10","27":"10"},"QH":{"J3":"10","J2":"10"},"MJ":{"RC":"10"},"VM":{"96":"10","C6":"10","RM":"10"},"QX":{"MX":"3","PW":"3","PX":"3","QX":"3","QW":"3","QV":"3"},"WJ":{"2J":"10","88":"10","74":"10","76":"10","2H":"10","MV":"10","9G":"10","9F":"10","64":"10","78":"10","8G":"10","65":"10","75":"10","8F":"10"},"MW":{"2W":"10"},"QM":{"69":"10","59":"10","5C":"10","4C":"10"},"WQ":{"54":"10","64":"10","65":"10"},"MH":{"35":"10","J5":"10","95":"10","W4":"10","R4":"10","94":"10","C5":"10","J4":"10","65":"10","F4":"10","G4":"10","75":"10","G5":"10","R5":"10","C4":"10","F5":"10"},"WG":{"74":"10","45":"10","33":"10","73":"10","35":"10","54":"10","43":"10","C5":"10","F4":"10","32":"10","C4":"10"},"RP":{"2C":"10","56":"10","57":"10","36":"10","2F":"10","29":"10","38":"10","28":"10","37":"10","27":"10","49":"10","59":"10","4C":"10","3C":"10","48":"10","46":"10","39":"10","47":"10","3F":"10","58":"10"},"VH":{"X3":"10","W3":"10","X5":"10","X4":"10","W4":"10","X6":"10"},"QF":{"WW":"10"},"JH":{"Q2":"10","H3":"10","J2":"10","H4":"10","Q3":"10","M3":"10","J4":"10","J3":"10","M2":"10","P4":"10","P3":"10","P2":"10","X5":"10","M4":"10","Q4":"10"},"R3":{"FJ":"10","FH":"10","GH":"10","JG":"10","GJ":"10"},"RM":{"Q3":"10","9C":"10","R5":"10","CC":"10","Q4":"10","P4":"10","R4":"10","Q5":"10"},"JG":{"MX":"10","PX":"10","QX":"10"},"MM":{"G9":"10","H9":"10","HC":"10","GC":"10"},"PH":{"W2":"10","63":"10","25":"10","V3":"10","73":"10","35":"10","92":"10","64":"10","95":"10","C2":"10","24":"10","94":"10","46":"10","65":"10","37":"10","V2":"10","C3":"10","83":"10","75":"10","93":"10","34":"10","W3":"10","36":"10","F2":"10","47":"10"},"PJ":{"4W":"10"},"QG":{"3R":"10","HQ":"10","5R":"10","JQ":"10","HR":"10","4R":"10","7R":"10"},"VF":{"HX":"10","CQ":"10","7M":"10","MV":"10","JV":"10","H3":"10","J2":"10","M7":"10","J7":"10","J4":"10","J3":"10","H2":"10","7P":"10","QR":"10","JR":"10","M8":"10","CR":"10","HR":"10","MR":"10","JX":"10","8M":"10","8P":"10","PX":"10","9R":"10"},"VG":{"MG":"10","Q7":"10","H3":"10","FG":"10","HG":"10","58":"10","JC":"10","R7":"10","V7":"10","GF":"10","9W":"10","R8":"10","JQ":"10","W6":"10","VC":"10","9V":"10","HC":"10","77":"10","MC":"10","HF":"10","HH":"10","X9":"10","W8":"10","68":"10","57":"10","H2":"10","67":"10","J2":"10","GG":"10","V8":"10","W7":"10","W9":"10","MF":"10","V5":"10","V9":"10","R6":"10","48":"10","RJ":"10","66":"10","WC":"10","R9":"10","59":"10","FC":"10","J9":"10","Q8":"10","X5":"10","FF":"10","P2":"10","Q6":"10","J3":"10","X8":"10","76":"10","GH":"10","X7":"10","C9":"10","C8":"10","VJ":"10","V6":"10","JF":"10"},"PG":{"HX":"10","MV":"10","MW":"10","MX":"10","JX":"10","HW":"10","JW":"10"},"VV":{"74":"10"},"PM":{"V9":"10","R8":"10","R9":"10","Q8":"10","V8":"10"},"VR":{"9C":"10","98":"10","8C":"10","CC":"10","99":"10","89":"10","C9":"10"},"WF":{"HQ":"10","JR":"10","JQ":"10","HR":"10"},"W8":{"66":"10","65":"10"},"X8":{"MH":"10","PR":"10","GF":"10","MJ":"10","QQ":"10","37":"10","QR":"10","PQ":"10","58":"10","47":"10"}},"F6":{"R2":{"F6":"10"},"PV":{"2G":"10","79":"10","8W":"10","2F":"10","89":"10","7C":"10","8C":"10","9Q":"10","9R":"10","9W":"10"},"HW":{"RQ":"10","RR":"10"},"JX":{"C4":"10","F5":"10","F3":"10","C5":"10","C3":"10","F4":"10"},"R5":{"94":"10","84":"10","85":"10","95":"10"},"MW":{"WG":"10","3G":"10","6G":"10","2G":"10","2H":"10","QW":"10","H3":"10","PW":"10","VP":"10","4F":"10","RP":"10","MM":"10","4G":"10","PR":"10","3H":"10","5J":"10","4J":"10","G7":"10","H7":"10","F7":"10","8W":"10","3F":"10","MJ":"10","XH":"10","J7":"10","5H":"10","VQ":"10","PV":"10","RQ":"10","8X":"10","6F":"10","5C":"10","3J":"10","RV":"10","H2":"10","QR":"10","XG":"10","6H":"10","4M":"10","4H":"10","QV":"10","5G":"10","WH":"10","RR":"10","G6":"10","5F":"10","WP":"10"},"G2":{"9R":"10","9Q":"10","9V":"10","CR":"10","CQ":"10","FV":"10","CV":"10"},"6G":{"28":"10","39":"10","29":"10"},"X5":{"VF":"10","JC":"10","VG":"10","QH":"10","RG":"10","RM":"10","QF":"10","QG":"10","QC":"10","RJ":"10","RF":"10","RH":"10","QJ":"10"},"W6":{"H4":"10","Q6":"10","W5":"10","X4":"10","W4":"10","Q7":"10"},"H2":{"VH":"10","HM":"10","XF":"10","JM":"10"},"X6":{"45":"10","46":"10"},"F3":{"J9":"10","P8":"10","9H":"10","QQ":"10","HJ":"10","J6":"10","CH":"10","JF":"10","P9":"10","HM":"10","M9":"10","MC":"10","M5":"10","H8":"10","M7":"10","RQ":"10","MF":"10","JH":"10","HG":"10","J7":"10","GH":"10","JG":"10","HH":"10","M6":"10","H7":"10","J8":"10","M8":"10","GJ":"10","J5":"10","JC":"10","P7":"10","QR":"10","GM":"10","H6":"10"},"45":{"6F":"10","6G":"10","5G":"10","5F":"10"},"W4":{"VP":"10","RP":"10","VM":"10","RM":"10"},"PW":{"39":"10","G6":"10","F6":"10","55":"10","GP":"10","JP":"10","C7":"10","FG":"10","9C":"10","9H":"10","F8":"10","7C":"10","56":"10","99":"10","CF":"10","H5":"10","CC":"10","HM":"10","G7":"10","GQ":"10","FJ":"10","47":"10","JJ":"10","C5":"10","78":"10","CG":"10","9G":"10","9F":"10","H7":"10","88":"10","FP":"10","96":"10","37":"10","H4":"10","95":"10","8G":"10","HQ":"10","F9":"10","7F":"10","45":"10","FQ":"10","FC":"10","HP":"10","V4":"10","FF":"10","GM":"10","8C":"10","8F":"10","7G":"10","JM":"10","GJ":"10","CH":"10","GH":"10","C9":"10","C8":"10","94":"10","HJ":"10","FH":"10"},"G3":{"8C":"10"},"J2":{"G9":"10","2G":"10","3F":"10","FH":"10","2F":"10","3G":"10","CJ":"10","P4":"10","H9":"10","P5":"10","J8":"10","CH":"10"},"3C":{"68":"10","67":"10","58":"10"},"QF":{"2J":"10","3G":"10","2G":"10","2H":"10","4F":"10","4G":"10","3H":"10","4J":"10","3F":"10","49":"10","4C":"10","2M":"10","2C":"10","3J":"10","4M":"10","4H":"10","2F":"10","3C":"10","3M":"10"},"MV":{"P9":"3","8R":"10","8V":"10","7R":"10"},"X4":{"4R":"10","3X":"10","4Q":"10","3R":"10","4X":"10","4W":"10","3Q":"10","3V":"10","4V":"10","3W":"10"},"XQ":{"R5":"10","V6":"10","V5":"10","R6":"10"},"PX":{"P8":"10","MJ":"10","H4":"10","J4":"10","Q6":"10","P7":"10","P6":"10","J3":"10","MP":"10","M4":"10","MC":"10","PP":"10","M9":"10","Q7":"10","MM":"10","G3":"10","G4":"10","M3":"10"},"M2":{"94":"10","C4":"10","8C":"10","7C":"10"},"PF":{"XG":"10","XH":"10","XC":"10","WG":"10","XF":"10","WF":"10"},"CQ":{"G5":"10","G6":"10","F6":"10"},"VV":{"MJ":"10","9Q":"10","JH":"10","9P":"10","8Q":"10","8P":"10","JJ":"10","QG":"10"},"QV":{"36":"10","35":"10"},"VR":{"3X":"10","5X":"10","3R":"10","4X":"10","4W":"10","3Q":"10","2V":"10","3V":"10","2R":"10","3W":"10"},"H3":{"37":"10","26":"10","27":"10"}},"F5":{"MX":{"PC":"10","R7":"10","R8":"10","J9":"10","HF":"10","P8":"10","GC":"10","R9":"10","QH":"10","HC":"10","CM":"10","GG":"10","QC":"10","Q8":"10","HJ":"10","H9":"10","RF":"10","CH":"10","Q7":"10","JF":"10","P9":"10","CJ":"10","FJ":"10","MH":"10","M9":"10","MC":"10","MG":"10","Q9":"10","FF":"10","FM":"10","RC":"10","M7":"10","QF":"10","MF":"10","HG":"10","JH":"10","GH":"10","JG":"10","GF":"10","HH":"10","FH":"10","PH":"10","QG":"10","PF":"10","CC":"10","VF":"10","VG":"10","PG":"10","J8":"10","GJ":"10","M8":"10","FG":"10","CF":"10","RG":"10","JC":"10","CG":"10"},"PW":{"CX":"10","8X":"10","9X":"10","CW":"10","9W":"10"},"PX":{"FJ":"10","9Q":"10","52":"10","9P":"10","82":"10","72":"10","62":"10"},"QX":{"MG":"10","G6":"10","F6":"10","C7":"10","XV":"10","98":"10","XH":"10","JG":"10","FG":"10","HG":"10","RM":"10","JC":"10","H8":"10","9C":"10","JH":"10","J4":"10","PP":"10","9H":"10","VR":"10","F8":"10","GF":"10","R8":"10","H6":"10","XM":"10","Q9":"10","QR":"10","QH":"10","J5":"10","99":"10","HC":"10","P7":"10","CF":"10","H5":"10","CC":"10","MC":"10","XQ":"10","HM":"10","WG":"10","PC":"10","WM":"10","RQ":"10","WH":"10","J8":"10","C6":"10","HF":"10","WF":"10","G8":"10","WJ":"10","VW":"10","HH":"10","G7":"10","FJ":"10","JJ":"10","WV":"10","RP":"10","XP":"10","QP":"10","CG":"10","WR":"10","9G":"10","VM":"10","PF":"10","PQ":"10","WP":"10","J7":"10","MP":"10","GG":"10","9F":"10","VH":"10","QJ":"10","M8":"10","H7":"10","QQ":"10","MF":"10","H4":"10","RJ":"10","GC":"10","MM":"10","M9":"10","P8":"10","XJ":"10","RV":"10","QM":"10","PJ":"10","XR":"10","8G":"10","F9":"10","RH":"10","FC":"10","F7":"10","VP":"10","J9":"10","VQ":"10","P9":"10","Q8":"10","RG":"10","J6":"10","FF":"10","VV":"10","WQ":"10","GM":"10","H9":"10","MQ":"10","VF":"10","8F":"10","VG":"10","PM":"10","GJ":"10","CH":"10","WW":"10","GH":"10","C9":"10","G9":"10","C8":"10","HJ":"10","VJ":"10","JF":"10","FH":"10","RR":"10","M7":"10"},"JX":{"XP":"10","QX":"10","VV":"10","QW":"10","VP":"10","VR":"10","XM":"10","VQ":"10","RX":"10","WQ":"10","RV":"10","RR":"10","WM":"10","RW":"10","WR":"10","WP":"10","VW":"10"},"RX":{"8X":"10","7X":"10","5Q":"10","3P":"10","7V":"10","2P":"10","6V":"10","4R":"10","6X":"10","3Q":"10","5V":"10","5R":"10","6W":"10","2R":"10","2M":"10","4P":"10","4Q":"10","7W":"10","2J":"10","2Q":"10"}}}}