{"78":{"52":{"6C":{"3G":"10","82":"10","92":"10"},"79":{"45":"10","76":"10","9G":"10","9F":"10","46":"10","8J":"10","8H":"10","36":"10","77":"10"},"7C":{"84":"10","83":"10","74":"10","73":"10"},"5C":{"23":"10","74":"10","5W":"10","84":"10","VF":"10","82":"10","22":"10","73":"10","55":"10","54":"10","GC":"10","JJ":"10","37":"10","G8":"10","2V":"10","2X":"10","83":"10","HC":"10","H8":"10","P2":"10","W3":"10","H9":"10","G9":"10"},"3G":{"PJ":"10","PF":"10","V3":"10","PG":"10","92":"10","QP":"10","XM":"10","QF":"10","RQ":"10","QG":"10","XJ":"10","PH":"10","W3":"10","QJ":"10","PP":"10"},"49":{"V8":"10","R9":"10","VQ":"10","8G":"10","QQ":"10","WJ":"10","9G":"10","3V":"10","W6":"10","WQ":"10","XW":"10","FJ":"10","XV":"10","M9":"10","V9":"10","PQ":"10","Q9":"10","XF":"10","XM":"10","2X":"10","M7":"10","RH":"10","2R":"10","2V":"10","VJ":"10","WM":"10","XC":"10","VC":"10","WC":"10","JM":"10","4V":"10","3R":"10","VF":"10","VG":"10","M8":"10","RG":"10","WF":"10","P7":"10","X9":"10"},"59":{"R7":"10","V8":"10","R8":"10","5P":"10","PV":"10","J9":"10","2C":"10","4M":"10","3J":"10","57":"10","3P":"10","V7":"10","2F":"10","XJ":"10","29":"10","J6":"10","2P":"10","V6":"10","G8":"10","H8":"10","XM":"10","M7":"10","3C":"10","J7":"10","4J":"10","G7":"10","H7":"10","4G":"10","4P":"10","G6":"10","W7":"10","H6":"10","W8":"10"},"5F":{"47":"10","33":"10"},"4C":{"XX":"10","P7":"10","M6":"10","23":"10","38":"10","22":"10","39":"10","CJ":"10","GQ":"10","Q3":"10","49":"10","37":"10","P4":"10","J6":"10","P3":"10","7C":"10","9J":"10","Q4":"10"},"6F":{"M4":"10","P4":"10","7M":"10","5C":"10","6C":"10","6M":"10","6J":"10"},"3C":{"QM":"10","JG":"10","HM":"10","W7":"10","WJ":"10","J2":"10","VP":"10","W8":"10","F3":"10","8J":"10","M2":"10","F4":"10","HQ":"10","WM":"10","VM":"10","R2":"10","WP":"10","QJ":"10","MG":"10"},"4F":{"H5":"10","X9":"10","3X":"10","3W":"10","G5":"10","H6":"10","P5":"10","58":"10","PG":"10","G4":"10","2X":"10"},"5G":{"4Q":"10","5R":"10","5P":"10","6Q":"10","5Q":"10","28":"10","6R":"10"},"39":{"WH":"10","XG":"10","MX":"10","JV":"10","HW":"10","VQ":"10","JX":"10","PR":"10","RX":"10","XJ":"10","XP":"10","VX":"10","MW":"10","WQ":"10","WG":"10","XF":"10","JW":"10","HV":"10","XR":"10","XQ":"10","QW":"10","WP":"10","XH":"10","QR":"10"},"69":{"4X":"10","HF":"10","5X":"10","JG":"10"},"3F":{"H4":"10","HF":"10","P8":"10","GG":"10","5Q":"10","3P":"10","74":"10","Q8":"10","HJ":"10","J3":"10","9C":"10","H2":"10","3Q":"10","G3":"10","J4":"10","MF":"10","HG":"10","95":"10","HH":"10","PF":"10","4Q":"10","73":"10","H6":"10"},"4G":{"JW":"10","6X":"10","4J":"10","JV":"10","GV":"10","2J":"10","8H":"10","GR":"10","JX":"10","4M":"10","MW":"10","FR":"10","5M":"10"},"4H":{"85":"10","95":"10","73":"10","C6":"10","RC":"10","RF":"10","C7":"10"},"89":{"23":"10","MP":"10","24":"10"}}},"index":{"university,1|retail,2|tourism,3|wreck,4|historical,5|artsCulture,6|namedBuilding,7|water,8|wetland,9|park,10|beach,11|natureReserve,12|cemetery,13|trail,14":{}}}