{"79":{"9P":{"4X":{"Q7":"10"},"6W":{"25":"10"},"2R":{"9M":"10"},"2W":{"9P":"10"}},"6R":{"WC":{"J3":"10","M3":"10"},"X8":{"5P":"10"},"WG":{"C6":"10"},"XF":{"8F":"10","8C":"10","3P":"10"},"WF":{"3G":"10","7F":"10","6G":"10","FQ":"10","CQ":"10","C6":"10","FP":"10","7G":"10","8R":"10","9V":"10","8Q":"10","MJ":"10","CP":"10","C5":"10","RQ":"10","8J":"10","8H":"10","JQ":"10","3J":"10","5P":"10","CH":"10","FR":"10","HR":"10","7C":"10","CV":"10","8P":"10","CW":"10","9J":"10","9R":"10","6M":"10","GW":"10","6J":"10"}},"8V":{"Q3":{"53":"10","33":"10","34":"10"},"Q2":{"49":"10","59":"10"},"P3":{"M4":"10"},"J3":{"7H":"10","6H":"10","2R":"10","7J":"10","2W":"10","6J":"10"},"53":{"GM":"10","GJ":"10"},"44":{"G6":"10","H6":"10","J8":"10"},"H3":{"XX":"10","XP":"10","WJ":"10","XV":"10","XM":"10","XQ":"10","RJ":"10","XR":"10","WM":"10","VJ":"10","WW":"10","VH":"10","XW":"10","RH":"10","WP":"10"}},"8Q":{"W3":{"2R":"10"},"JP":{"82":"10","72":"10"},"V2":{"J7":"10","M7":"10","J6":"10","R7":"10","QC":"10","Q6":"10","P7":"10","P6":"10","MF":"10","MC":"10","F9":"10","R9":"10","M6":"10","V6":"10","PF":"10","V5":"10","J5":"10","PC":"10","G7":"10","R6":"10","JF":"10","V7":"10","QG":"10"},"MM":{"2X":"10"},"JJ":{"6W":"10"},"JM":{"3W":"10"},"HJ":{"6R":"10","6V":"10","FQ":"10"}},"8P":{"RW":{"JH":"10","HH":"10","FQ":"10"},"VX":{"FP":"10"}},"7Q":{"2M":{"JG":"10","MG":"10","V4":"10"}},"6Q":{"VG":{"W2":"10","V2":"10"},"VH":{"Q2":"10"},"VF":{"VX":"10","WX":"10"},"V8":{"C3":"10"}},"7V":{"X5":{"HH":"10","HJ":"10"}},"7R":{"3G":{"5G":"10","5H":"10"},"38":{"VP":"10"},"76":{"FW":"10","HX":"10"},"4F":{"PC":"10"},"2C":{"HP":"10"},"5C":{"W3":"10","Q4":"10","P4":"10","V3":"10"},"2F":{"4H":"10","4G":"10"},"69":{"2X":"10"},"59":{"XX":"10"},"77":{"95":"10"}}},"index":{"university,1|retail,2|tourism,3|wreck,4|historical,5|artsCulture,6|namedBuilding,7|water,8|wetland,9|park,10|beach,11|natureReserve,12|cemetery,13|trail,14":{}}}