{"7F":{"5P":{"5P":{"5Q":"10","6Q":"10"},"4P":{"9X":"10"}},"R2":{"M7":{"VH":"10"}},"6C":{"5R":{"4Q":"10"},"2V":{"C2":"10"},"4V":{"RR":"10"}},"53":{"HX":{"V8":"10","W8":"10"}},"2H":{"85":{"4H":"10","3C":"10","3H":"10","4F":"10"}},"25":{"RX":{"9V":"10"}},"23":{"J7":{"G8":"10","F7":"10","G7":"10","F8":"10"},"8M":{"24":"10"},"89":{"5F":"10"}},"56":{"P9":{"FQ":"10"},"J8":{"45":"10"}},"4M":{"MJ":{"J7":"10","J6":"10"},"4J":{"X3":"10","W3":"10","P3":"10","W2":"10","P4":"10","W4":"10"},"J3":{"C8":"10"},"67":{"34":"10","24":"10"},"2W":{"Q9":"10","PF":"10","W9":"10","CH":"10"},"CH":{"68":"10","67":"10"}},"CW":{"3F":{"59":"10"},"3G":{"R7":"10"}},"42":{"39":{"C2":"10"},"29":{"2P":"10","3M":"10","2M":"10","3P":"10"}},"57":{"QM":{"33":"10","35":"10","43":"10"},"HF":{"RW":"10"},"9H":{"84":"10"},"CM":{"XH":"10","X9":"10","WC":"10","W9":"10"},"8C":{"QH":"10","PH":"10"},"36":{"5Q":"10"},"9C":{"H7":"10","G6":"10","H6":"10","G7":"10"}},"36":{"2C":{"H9":"10"}},"3P":{"54":{"Q4":"10"}},"2F":{"7Q":{"49":"10","5G":"10","3C":"10","57":"10","48":"10","29":"10"}},"35":{"V9":{"5Q":"10","7M":"10","6R":"10","5R":"10","6Q":"10","7J":"10"}},"XP":{"X7":{"MC":"10"}},"29":{"GF":{"66":"10","V7":"10"},"HC":{"3M":"10","4M":"10","3P":"10","4P":"10"},"GC":{"CR":"10","CQ":"10","FR":"10"}},"9W":{"WP":{"VC":"10","X9":"10","XC":"10","WC":"10","W9":"10"}},"QP":{"WF":{"M2":"10","M3":"10"}},"6M":{"74":{"37":"10"},"6C":{"XP":"10","W7":"10","WJ":"10","VP":"10","RP":"10","X8":"10","W8":"10","XM":"10","XQ":"10","XH":"10","X6":"10","V7":"10","X7":"10","WQ":"10","W6":"10","XJ":"10","XR":"10","WM":"10","VM":"10","WR":"10","WP":"10"},"7C":{"5P":"10","7J":"10","2H":"10","6J":"10","4M":"10","3J":"10","8G":"10","5Q":"10","7H":"10","3P":"10","3H":"10","6M":"10","6G":"10","3M":"10","2P":"10","3G":"10","28":"10","4R":"10","26":"10","3Q":"10","37":"10","5M":"10","27":"10","2R":"10","5J":"10","4J":"10","6H":"10","5G":"10","2M":"10","3R":"10","4G":"10","5H":"10","8H":"10","4P":"10","4Q":"10","4H":"10","7G":"10","2J":"10","2Q":"10"}},"3M":{"WH":{"43":"10"},"P8":{"XM":"10","XP":"10"},"R9":{"JW":"10","HW":"10","JV":"10","HV":"10"},"QH":{"3Q":"10","3F":"10","2F":"10","3C":"10","2C":"10","39":"10"},"JV":{"PP":"10","PQ":"10"},"MP":{"X8":"10","P5":"10","X7":"10","X6":"10"},"R5":{"3F":"10","MV":"10","4F":"10","2X":"10","MW":"10","2W":"10"},"QC":{"RW":"10","RV":"10","RX":"10","QW":"10","QV":"10"},"Q8":{"2P":"10","2M":"10"},"HJ":{"M4":"10","P4":"10"},"RF":{"Q9":"10","7Q":"10","6Q":"10"},"X5":{"G6":"10","F6":"10"},"W6":{"GR":"10"},"WG":{"HF":"10","4X":"10","MJ":"10","H9":"10","3V":"10","2P":"10","MH":"10","G8":"10","M5":"10","H8":"10","P3":"10","2R":"10","3X":"10","GF":"10","M4":"10","G9":"10","3R":"10","M3":"10","P4":"10","P5":"10","2Q":"10"},"PP":{"38":"10","25":"10","35":"10","37":"10","29":"10","56":"10","27":"10","36":"10","26":"10","28":"10"},"V5":{"C4":"10","F4":"10","7J":"10","6J":"10"},"RC":{"5G":"10","88":"10","99":"10","4G":"10","89":"10"},"6W":{"6M":"10","6J":"10"},"VH":{"5W":"10","84":"10","6W":"10","PG":"10","94":"10","4W":"10","3J":"10","6V":"10","PH":"10","5V":"10","6X":"10","4V":"10","3M":"10"},"QF":{"C9":"10","C6":"10","5R":"10","F7":"10","F8":"10","98":"10","Q3":"10","F9":"10","C8":"10","P3":"10","C7":"10","F6":"10","6R":"10"},"RH":{"GJ":"10","JG":"10","HM":"10","XC":"10","HJ":"10","HF":"10","HG":"10","JC":"10","JJ":"10","XF":"10","XG":"10","HH":"10","GH":"10","JH":"10","JF":"10","JM":"10","HC":"10","M4":"10"},"WC":{"PW":"10","PX":"10","QX":"10","QW":"10","MW":"10"},"HH":{"PV":"10","MV":"10"},"MM":{"6R":"10","6V":"10","7V":"10","7R":"10"},"PH":{"JG":"10","VV":"10","WV":"10","VR":"10","JJ":"10","JH":"10","C3":"10","G6":"10","JF":"10","WR":"10","H6":"10","F5":"10"},"PJ":{"55":"10","65":"10"},"QG":{"MH":"10","PJ":"10","5W":"10","QW":"10","4P":"10","4J":"10","8R":"10","3P":"10","8Q":"10","GQ":"10","MJ":"10","7Q":"10","GP":"10","7R":"10","XJ":"10","3V":"10","PH":"10","48":"10"},"VF":{"4J":"10","4H":"10","2H":"10"},"VG":{"JW":"10","XQ":"10","4J":"10","JV":"10","3J":"10","7W":"10","JR":"10","4M":"10","6V":"10","MW":"10","7V":"10"},"PG":{"7W":"10","5X":"10","PR":"10","8V":"10","9V":"10","8W":"10","8X":"10","GR":"10","6P":"10","7X":"10","6X":"10","CW":"10","9W":"10"},"GJ":{"RR":"10","RV":"10"},"RG":{"2J":"10","2P":"10","2H":"10","FM":"10","FP":"10","3P":"10","46":"10","56":"10","6C":"10","7C":"10","FJ":"10"},"WF":{"5Q":"10","4Q":"10","4P":"10"},"X8":{"JJ":"10"}},"3V":{"Q5":{"9C":"10"}},"2P":{"5Q":{"WJ":"10","VM":"10","VJ":"10"},"H7":{"HW":"10","GW":"10","HV":"10"},"J8":{"28":"10","HF":"10","HG":"10","38":"10"},"H8":{"XG":"10","XF":"10"}},"3G":{"M7":{"M4":"10"},"M6":{"MJ":"10","MH":"10","QX":"10","PH":"10","PM":"10"}},"28":{"2G":{"3R":"10","GW":"10"},"3Q":{"GM":"10","HM":"10","JM":"10"},"2F":{"65":"10","VF":"10"},"4J":{"VP":"10"},"2P":{"V2":"10","V3":"10"},"2C":{"QF":"10"},"5W":{"R9":"10"},"Q4":{"HF":"10","JC":"10","GC":"10","JF":"10","HC":"10","H9":"10","G9":"10","J9":"10"},"V6":{"C2":"10","C5":"10","F5":"10","F4":"10","53":"10","F8":"10","79":"10","C8":"10","82":"10","56":"10","43":"10","92":"10","52":"10","42":"10","G4":"10","57":"10","36":"10","G5":"10","33":"10","F7":"10","74":"10","44":"10","35":"10","83":"10","76":"10","98":"10","G2":"10","84":"10","38":"10","F3":"10","87":"10","45":"10","88":"10","97":"10","86":"10","G8":"10","C7":"10","34":"10","66":"10","F6":"10","72":"10","37":"10","C6":"10","49":"10","96":"10","85":"10","59":"10","G3":"10","99":"10","62":"10","48":"10","F2":"10","46":"10","95":"10","32":"10","C4":"10","64":"10","G7":"10","39":"10","C9":"10","67":"10","68":"10","69":"10","F9":"10","77":"10","54":"10","47":"10","G9":"10","75":"10","94":"10","78":"10","63":"10","58":"10","73":"10","G6":"10","65":"10","93":"10","C3":"10","89":"10","55":"10"},"V5":{"8W":"10","CX":"10","6X":"10","8X":"10","4X":"10","6W":"10","FW":"10","GW":"10","5X":"10","5W":"10","3X":"10","3W":"10","9X":"10","7W":"10","GX":"10","CW":"10","7X":"10","FX":"10","4W":"10","9W":"10"}},"4R":{"GM":{"3M":"10"},"CM":{"JH":"10","JJ":"10"},"WP":{"HX":"10"}},"26":{"MJ":{"M6":"10"},"2F":{"9C":"10","9F":"10","CC":"10","CG":"10","9G":"10","CF":"10"},"P7":{"49":"10","PH":"10","4C":"10"},"4J":{"7F":"10","4F":"10","68":"10","3F":"10","4C":"10","5C":"10","58":"10","7C":"10","8C":"10","8F":"10","59":"10"},"RQ":{"R3":"10","V2":"10","R2":"10","V3":"10"},"JG":{"6R":"10","6Q":"10"},"4M":{"P4":"10","Q4":"10","H3":"10","J2":"10","H2":"10"}},"3Q":{"X5":{"64":"10"},"X4":{"HW":"10"}},"W4":{"26":{"22":"10"}},"37":{"78":{"Q5":"10"},"77":{"GG":"10"},"27":{"94":"10","84":"10","C4":"10","85":"10","95":"10","C3":"10","93":"10","C2":"10"}},"VP":{"2C":{"PJ":"10","X9":"10","MJ":"10","X7":"10","JQ":"10","JP":"10","HQ":"10","W9":"10","PH":"10","HP":"10"},"7V":{"FM":"10","GP":"10","FP":"10","GM":"10","GJ":"10"},"6J":{"5G":"10","5H":"10"}},"RP":{"4P":{"JP":"10","JQ":"10"}},"5M":{"V3":{"V6":"10","WG":"10","VF":"10","WJ":"10","XV":"10","R6":"10","V5":"10","VG":"10","RG":"10","QF":"10","QG":"10","RJ":"10","RF":"10","WH":"10","VJ":"10","VH":"10","RH":"10"},"M7":{"8C":"10","2J":"10","2M":"10","4M":"10","7C":"10"},"J8":{"VV":"10","XW":"10","WW":"10","WX":"10","XX":"10","VW":"10","WV":"10"},"J7":{"WJ":"10"},"M8":{"VG":"10","9Q":"10","GP":"10","8Q":"10"},"G2":{"M2":"10"},"W3":{"79":"10","9G":"10","9F":"10","4F":"10","CG":"10","4G":"10","3R":"10","57":"10","49":"10","4C":"10","46":"10","9H":"10","37":"10","7Q":"10","5C":"10","7P":"10","56":"10","6Q":"10","2V":"10","6C":"10","6P":"10","CF":"10","69":"10","3V":"10","58":"10","7C":"10","59":"10","36":"10","8M":"10","8P":"10","9J":"10","2R":"10","5F":"10","48":"10","47":"10"},"J9":{"Q3":"10","Q2":"10","R3":"10","R2":"10"}},"49":{"XJ":{"2W":"10","4M":"10","5Q":"10","3P":"10","XJ":"10","3M":"10","3V":"10","2P":"10","4R":"10","3Q":"10","5V":"10","5R":"10","4W":"10","2R":"10","2V":"10","3X":"10","6R":"10","4V":"10","3R":"10","XH":"10","4P":"10","4Q":"10","3W":"10","2Q":"10"},"XH":{"MJ":"10","PJ":"10","MM":"10","PM":"10"},"WJ":{"XQ":"10","XV":"10","XR":"10","WQ":"10"},"RM":{"FM":"10","GP":"10","GQ":"10","FP":"10","HM":"10"}},"27":{"XP":{"C4":"10","J3":"10","F3":"10","C3":"10","F2":"10","H3":"10","J2":"10","G2":"10","G3":"10","G4":"10","F4":"10","H2":"10","C2":"10"},"6G":{"PX":"10"},"QW":{"JM":"10"},"PW":{"X7":"10"},"XM":{"HW":"10","CX":"10","FW":"10","HX":"10","GW":"10","GV":"10","9V":"10","GX":"10","CW":"10","JX":"10","CR":"10","FX":"10","CV":"10","9W":"10"},"RM":{"4J":"10","4H":"10","5J":"10","4G":"10","5H":"10"},"VC":{"GX":"10"},"6H":{"Q2":"10","P2":"10"},"H9":{"5W":"10"}},"9X":{"W3":{"9W":"10"},"X4":{"9R":"10","CR":"10"}},"59":{"F3":{"VW":"10"},"G4":{"C5":"10","F5":"10","F8":"10","G4":"10","G5":"10","F7":"10","H5":"10","G8":"10","C7":"10","F6":"10","H8":"10","C6":"10","G7":"10","F9":"10","H7":"10","G9":"10","G6":"10","H6":"10"}},"5F":{"QC":{"6H":"10","5J":"10","6J":"10"},"WC":{"VV":"10","RQ":"10","RR":"10","VR":"10"},"WF":{"53":"10","42":"10","43":"10"}},"4C":{"2G":{"6H":"10","2R":"10"},"3F":{"49":"10","4C":"10"},"2F":{"6X":"10","QC":"10","6W":"10","P9":"10","Q9":"10","PC":"10","RM":"10"},"3C":{"MR":"10"},"2J":{"7C":"10"},"2H":{"QF":"10","PF":"10"},"4M":{"XP":"10","WP":"10"}},"2X":{"9R":{"9Q":"10"}},"RC":{"GF":{"2G":"10","5G":"10","2F":"10","7P":"10","3G":"10","6J":"10"},"FF":{"XG":"10","XH":"10","WH":"10","WJ":"10","WG":"10","XF":"10","WF":"10"}},"3C":{"XJ":{"37":"10","47":"10","38":"10","48":"10"},"XG":{"7F":"10","PJ":"10","9G":"10","9F":"10","CG":"10","7G":"10","8G":"10","9H":"10","8H":"10","CF":"10","8F":"10","WX":"10","7H":"10","WP":"10","9C":"10"},"XH":{"W2":"10","JG":"10","76":"10","4Q":"10","4P":"10","V5":"10","67":"10","3Q":"10","56":"10","HH":"10","5Q":"10","V4":"10","77":"10","66":"10"},"XC":{"FH":"7","9H":"10","8H":"10","9G":"7"},"WG":{"W5":"10","W6":"10"},"XF":{"47":"10","46":"10"}},"HG":{"F3":{"CP":"10"}},"RJ":{"HQ":{"QF":"10","QC":"10","PF":"10","PC":"10","QG":"10"}},"46":{"GW":{"QP":"10","QQ":"10"},"8R":{"9X":"10"},"7R":{"RF":"10"}},"XR":{"55":{"G2":"10"}},"J7":{"V9":{"M6":"10"}},"5J":{"9R":{"3M":"10"},"7H":{"CX":"10","FV":"10","7W":"10","FX":"10","7V":"10","FQ":"10","CQ":"10","6W":"10","8V":"10","8W":"10","GQ":"10","FW":"10","9X":"10","8X":"10","GR":"10","FR":"10","CR":"10","CV":"10","7X":"10","6X":"10","CW":"10","9R":"10","9W":"10"},"5X":{"55":"10","56":"10","45":"10","46":"10"},"3C":{"37":"10","27":"10"},"GX":{"MX":"10"},"7X":{"J7":"10","M7":"10"},"CR":{"X3":"10","X2":"10"},"2V":{"QM":"10"},"7J":{"45":"10","82":"10","73":"10","55":"10","35":"10","54":"10","92":"10","64":"10","C2":"10","44":"10","94":"10","43":"10","46":"10","65":"10","62":"10","56":"10","C3":"10","83":"10","53":"10","93":"10","72":"10","34":"10","36":"10","C4":"10","66":"10"},"FR":{"23":"10"},"6J":{"Q6":"10"},"62":{"GF":"10"}},"22":{"XJ":{"3G":"10","38":"10","2G":"10","4F":"10","4G":"10","39":"10","3F":"10","4C":"10","2C":"10","29":"10","2F":"10","27":"10","26":"10","28":"10"},"WJ":{"X8":"10","X7":"10","X6":"10","W9":"10","W8":"10"}},"4J":{"MV":{"XP":"10"},"JG":{"GG":"10"},"HM":{"76":"10","66":"10","75":"10"},"VJ":{"JP":"10","GR":"10","JQ":"10","HR":"10"},"GJ":{"FM":"10","FP":"10"},"W6":{"CX":"10"}},"XQ":{"4W":{"HP":"10"}},"RM":{"H5":{"HW":"10","HX":"10","GW":"10","HV":"10","GX":"10","FX":"10"},"H6":{"C9":"10","C6":"10","CC":"10","99":"10","F7":"10","F8":"10","F3":"10","98":"10","G3":"10","C5":"10","97":"10","H2":"10","F4":"10","C8":"10","G4":"10","G2":"10","G5":"10","F2":"10","C7":"10","F6":"10","F5":"10"},"89":{"RX":"10"}},"X2":{"76":{"4J":"10","4M":"10"}},"4F":{"WR":{"73":"10"}},"5G":{"28":{"JH":"10","HH":"10","QH":"10","RV":"10","PH":"10"},"25":{"X8":"10","X7":"10","W7":"10","W8":"10"},"P4":{"CG":"10"},"7W":{"3H":"10"},"38":{"VM":"10"},"29":{"X6":"10"}},"39":{"2G":{"89":"10"},"3M":{"GV":"10"},"4M":{"X2":"10"},"3P":{"56":"10","45":"10","46":"10"},"5M":{"22":"10"},"4P":{"88":"10","79":"10","C9":"10","99":"10","68":"10","98":"10","78":"10","C8":"10","6C":"10","69":"10","58":"10","89":"10","8C":"10","7C":"10","59":"10"}},"C9":{"P8":{"7P":"10"}},"67":{"HV":{"PX":"10"},"V6":{"PV":"10","PW":"10","MV":"10","MW":"10"},"W7":{"23":"10","44":"10","43":"10","24":"10"},"V7":{"W5":"10","PM":"10","MM":"10","H4":"10","MP":"10","J5":"10","H5":"10","Q3":"10","W4":"10","R4":"10","J4":"10","X3":"10","RJ":"10","V2":"10","RF":"10","W3":"10","R2":"10","R3":"10","Q4":"10","PP":"10"},"W6":{"3R":"10","5W":"10","3W":"10","3V":"10","5V":"10","5R":"10","4V":"10","4R":"10","4W":"10"}},"PF":{"FG":{"98":"10"}},"54":{"H4":{"3G":"10"},"G5":{"F3":"10","F2":"10","G2":"10","G3":"10","G4":"10"},"87":{"PV":"10"},"G3":{"P8":"10|3","8X":"10","P9":"10|3","Q9":"10|3","9V":"10","CW":"10","9W":"10"},"G4":{"74":"10","76":"10|2","84":"10","GM":"10","64":"10","C2":"10","57":"10","RG":"10","QF":"10","2M":"10","QG":"10","M8":"10","PQ":"10","RF":"10","58":"10","2Q":"10","85":"10","PP":"10","48":"10"},"6V":{"6J":"10"},"F4":{"M5":"10"},"H2":{"3C":"10"}},"47":{"R8":{"XW":"10"}},"2M":{"PQ":{"PV":"10","PW":"10","QW":"10","QV":"10"}},"4G":{"VC":{"HX":"10","JX":"10"},"VV":{"H4":"10","J4":"10","J3":"10","H3":"10"},"VX":{"8J":"10","9J":"10"},"VF":{"F5":"10","G5":"10"},"W9":{"CV":"10"}},"3F":{"PV":{"MM":"10"},"HW":{"PX":"10"},"P8":{"PX":"10"},"M8":{"PP":"10"}},"PG":{"X5":{"7H":"10","JV":"10","HV":"10","8H":"10","CP":"10","8G":"10","HR":"10"}},"5W":{"69":{"72":"10"}},"5H":{"98":{"FR":"10"}},"7M":{"85":{"CW":"10"}},"63":{"6F":{"44":"10","36":"10","34":"10","43":"10"}},"58":{"CC":{"7F":"10"},"V6":{"VF":"10"},"5C":{"X6":"10"},"F4":{"QV":"10"}},"24":{"9C":{"F2":"10","G2":"10"},"GP":{"PF":"10","MM":"10","PC":"10","JM":"10"},"99":{"6X":"10","6W":"10","7W":"10","7X":"10"}},"4Q":{"33":{"X4":"10"},"38":{"25":"10","45":"10","35":"10","34":"10","24":"10"},"42":{"9R":"10","4X":"10","FM":"10","FP":"10","GM":"10","8R":"10","HM":"10","CM":"10","4W":"10"},"34":{"PV":"10"},"43":{"H4":"10","JP":"10","MG":"10","G4":"10"}},"4P":{"4X":{"FW":"10","HX":"10","HR":"10"},"5X":{"2J":"10","2M":"10"},"JR":{"QM":"10","WG":"10","WJ":"10","VG":"10","QH":"10","RG":"10","RM":"10","RJ":"10","WH":"10","VM":"10","VJ":"10","VH":"10","RH":"10","QJ":"10"}},"V4":{"5F":{"XJ":"10","XM":"10","XH":"10"}},"4H":{"J6":{"3R":"10","3V":"10"},"Q9":{"R4":"10"},"V2":{"2J":"10","HX":"10","2P":"10","2W":"10","FM":"10","FP":"10","3R":"10","9V":"10","3P":"10","2M":"10","9M":"10","3J":"10","3Q":"10","HH":"10","2V":"10","3V":"10","2Q":"10","2R":"10","HP":"10","3W":"10","3M":"10"},"R2":{"XP":"10","VV":"10","WJ":"10","XV":"10","VP":"10","WV":"10","RP":"10","VR":"10","XM":"10","XQ":"10","RM":"10","VQ":"10","RQ":"10","WQ":"10","RV":"10","RJ":"10","XJ":"10","XR":"10","RR":"10","WM":"10","VM":"10","VJ":"10","RW":"10","WR":"10","WW":"10","XW":"10","WP":"10","VW":"10"}},"2J":{"PX":{"CH":"10"},"J5":{"HF":"10","JC":"10","HC":"10","JF":"10"}},"89":{"XX":{"CR":"10"}},"55":{"25":{"6X":"10"}},"2Q":{"79":{"WR":"10","VQ":"10","RQ":"10","RR":"10","RP":"10","VR":"10","WV":"10"}}},"index":{"university,1|retail,2|tourism,3|wreck,4|historical,5|artsCulture,6|namedBuilding,7|water,8|wetland,9|park,10|beach,11|natureReserve,12|cemetery,13|trail,14":{}}}