{"7G":{"XW":{"RW":{"GF":"10","FG":"10","GC":"10","C5":"10","FH":"10","F4":"10","GH":"10","GG":"10","87":"10","77":"10","F5":"10"}},"HX":{"CV":{"Q2":"10","4F":"10","C2":"10","Q3":"10","J3":"10","P4":"10","C3":"10","P3":"10","27":"10","P2":"10","28":"10","Q4":"10"},"9Q":{"FM":"10","XC":"10","7J":"10","XF":"10","6Q":"10","6H":"10","5Q":"10","7H":"10","6J":"10","6R":"10"},"H4":{"XW":"10","5W":"10","3Q":"10","XC":"10","XV":"10","QW":"10","W5":"10","P5":"10","F5":"10","M5":"10","4Q":"10","FM":"10","J5":"10","4R":"10","H5":"10","W4":"10","WM":"10","WJ":"10","G5":"10","4W":"10","X9":"10","PX":"10","WP":"10","R5":"10","FP":"10","W9":"10","V5":"10","Q4":"10","R6":"10","XG":"10","XF":"10","QG":"10","PR":"10","V4":"10","3R":"10","X5":"10","XX":"10","MX":"10","R4":"10","Q5":"10","PG":"10","8W":"10","RW":"10","WW":"10","QX":"10","JX":"10","X4":"10"},"J9":{"HX":"10","JR":"10","QW":"10","RM":"10","PP":"10","VR":"10","MW":"10","JQ":"10","XM":"10","QR":"10","PW":"10","XQ":"10","WM":"10","RQ":"10","WJ":"10","VW":"10","QV":"10","WV":"10","RP":"10","XP":"10","QP":"10","JW":"10","WR":"10","VM":"10","PQ":"10","PX":"10","WP":"10","MP":"10","QQ":"10","HW":"10","RV":"10","GR":"10","QM":"10","GV":"10","XR":"10","JV":"10","HQ":"10","HV":"10","VP":"10","MV":"10","VQ":"10","MR":"10","PR":"10","VV":"10","PV":"10","WQ":"10","MQ":"10","MX":"10","RW":"10","QX":"10","VJ":"10","HR":"10","JX":"10","RR":"10"},"F5":{"FH":"10","GG":"10","GH":"10","FG":"10","RP":"10","JG":"10","GJ":"10","HJ":"10"},"F8":{"V2":"10","R2":"10"},"C8":{"Q2":"10","F3":"10","F2":"10"},"G4":{"XG":"10","PW":"10","CX":"10","WH":"10","WJ":"10","VM":"10","WG":"10","FX":"10","VJ":"10","QW":"10"},"G5":{"VX":"10","GP":"10","H3":"10","6G":"10","P5":"10","JC":"10","JH":"10","J4":"10","7R":"10","Q9":"10","C2":"10","J5":"10","P7":"10","H5":"10","MC":"10","FV":"10","G2":"10","VW":"10","HH":"10","GQ":"10","M6":"10","57":"10","7Q":"10","93":"10","FP":"10","MF":"10","H4":"10","G3":"10","83":"10","7V":"10","R9":"10","GV":"10","HQ":"10","F9":"10","7F":"10","GW":"10","FQ":"10","HP":"10","3F":"10","7G":"10","92":"10","8W":"10","F2":"10","P6":"10","6F":"10","M7":"10"},"F7":{"W5":"10","F8":"10","W3":"10","3J":"10","8G":"10","43":"10","R5":"10","F7":"10","VX":"10","R4":"10","W6":"10","X5":"10","V6":"10","G8":"10","C7":"10","W4":"10","V5":"10","X4":"10","5J":"10","4J":"10","V3":"10","R3":"10","G7":"10","H7":"10","G9":"10","Q4":"10","5H":"10","V4":"10","7G":"10"},"J6":{"J4":"10","98":"10","69":"10","68":"10","88":"10","G6":"10","F2":"10","H6":"10","J8":"10"},"CR":{"49":"10","63":"10","74":"10","59":"10","64":"10","5C":"10","75":"10"},"R4":{"3Q":"10","3P":"10"},"9C":{"RP":"10","RM":"10"},"FQ":{"HQ":"10","HP":"10"},"H5":{"P2":"10","PC":"10","Q3":"10","C2":"10","VM":"10","92":"10","Q2":"10","XP":"10","83":"10","8J":"10","G2":"10","J3":"10","QM":"10","H2":"10","WQ":"10","VP":"10","RP":"10","G3":"10","J4":"10","J2":"10","RJ":"10","XQ":"10","RM":"10","X2":"10","QJ":"10","M2":"10","P4":"10","M8":"10","P5":"10","93":"10","H3":"10"},"G8":{"GV":"10","GR":"10","FR":"10","FV":"10"},"M9":{"2R":"10"},"C7":{"6X":"10","5X":"10","5W":"10","VM":"10","5V":"10","6R":"10","6V":"10","7R":"10","WM":"10"},"M5":{"7F":"10","2J":"10","2H":"10","7C":"10"},"F6":{"PJ":"10","C4":"10","MH":"10","WC":"10"},"RC":{"VX":"10","WW":"10","VW":"10"},"J4":{"55":"10","GP":"10","3Q":"10","6G":"10","54":"10","5M":"10","PP":"10","4H":"10","C4":"10","5V":"10","75":"10","56":"10","4Q":"10","5R":"10","FM":"10","2Q":"10","CQ":"10","5F":"10","F3":"10","C5":"10","4W":"10","3C":"10","QP":"10","PQ":"10","36":"10","2R":"10","46":"10","5G":"10","26":"10","64":"10","2V":"10","QQ":"10","C3":"10","74":"10","4G":"10","66":"10","95":"10","86":"10","34":"10","35":"10","4F":"10","25":"10","HQ":"10","45":"10","4X":"10","85":"10","44":"10","3F":"10","65":"10","F4":"10","7G":"10","PM":"10","84":"10","4C":"10","GJ":"10","76":"10","24":"10","94":"10","6F":"10"},"P3":{"3R":"10","3Q":"10","6P":"10","2R":"10","2Q":"10","6M":"10","5P":"10"},"MF":{"QP":"10","RM":"10"},"FX":{"GV":"10","89":"10"},"9V":{"XP":"10","JG":"10","MH":"10","HM":"10","HJ":"10","HG":"10","XM":"10","RJ":"10","VC":"10","HH":"10","GH":"10","JH":"10","WM":"10","WP":"10","MG":"10"},"CP":{"23":"10","32":"10","24":"10"},"G7":{"22":"10","53":"10","2C":"10","44":"10","32":"10","34":"10","43":"10"},"FW":{"CV":"10"},"JQ":{"V6":"10","W7":"10","V7":"10","W6":"10"},"JM":{"GG":"10","GH":"10"},"M4":{"FF":"10","W5":"10","PR":"10","GF":"10","FG":"10","GC":"10","QR":"10","W6":"10","CF":"10","GG":"10","FC":"10","HC":"10"},"9M":{"69":"10","68":"10","78":"10","77":"10","79":"10","67":"10"},"FR":{"9H":"10","9G":"10","HJ":"10","CH":"10"},"G9":{"84":"10"},"CQ":{"PV":"10","J9":"10","6C":"10","6P":"10","79":"10","GG":"10","PR":"10","7H":"10","7C":"10","7F":"10","2G":"10","6M":"10","5C":"10","3G":"10","FM":"10","5F":"10","6F":"10","9F":"10","GF":"10","5G":"10","69":"10","F9":"10","MR":"10","HQ":"10","JR":"10","8H":"10","7M":"10","FC":"10","HP":"10"},"FV":{"49":"10","39":"10","38":"10"},"Q4":{"FJ":"10","4V":"10"},"HQ":{"7F":"10","2G":"10","9G":"10","9F":"10","4G":"10","3H":"10","7G":"10","F8":"10","CJ":"10","FG":"10","8G":"10","FH":"10","8H":"10","C8":"10","4H":"10","2F":"10","9J":"10"},"P4":{"23":"10","RJ":"10","VJ":"10","MG":"10","PG":"10"},"J5":{"XJ":"10","XG":"10","XH":"10","FC":"10","F9":"10","CC":"10","2Q":"10","HC":"10","F8":"10"},"G6":{"5X":"10","7J":"10","MP":"10","R5":"10","2F":"10","2G":"10","3V":"10","X5":"10","CJ":"10","4R":"10","R6":"10","4W":"10","X4":"10","3X":"10","4V":"10","3R":"10","3F":"10","FG":"10","3W":"10","V2":"10","CG":"10"},"GQ":{"XG":"10"},"JC":{"J2":"10","M2":"10"},"9R":{"RW":"10","RQ":"10","RR":"10","QQ":"10"},"H6":{"JP":"10","53":"10","GC":"10","25":"10","GG":"10","56":"10","7X":"10","44":"10","6X":"10","34":"10","66":"10","FF":"10","HR":"10","HG":"10","C4":"10","64":"10","JG":"10","GF":"10","G7":"10","JM":"10","HH":"10","H7":"10","54":"10","JR":"10","63":"10","FC":"10","FG":"10","CF":"10","65":"10","55":"10","CG":"10"},"55":{"FF":"10","CC":"10","HF":"10","GF":"10","CF":"10","FC":"10","8C":"10","9C":"10"}},"6V":{"9Q":{"RG":"10"}},"5W":{"WF":{"V2":"10","V3":"10"},"H4":{"JR":"10"},"VG":{"25":"10"},"RG":{"X5":"10"},"QF":{"XJ":"10","XH":"10"},"PV":{"X2":"10"},"XF":{"HV":"10"},"JQ":{"66":"10","4H":"10","MF":"10","MC":"10","67":"10"},"GP":{"XR":"10"},"RF":{"2J":"10","2H":"10"},"JX":{"MM":"10","MP":"10","GQ":"10","JQ":"10","GP":"10","HQ":"10","JM":"10","HR":"10"},"9Q":{"VV":"10","VW":"10"},"HP":{"54":"10","2R":"10"}},"XH":{"W2":{"X4":"10","X7":"10"},"XP":{"WG":"10","3G":"10","4G":"10","3H":"10","XF":"10","XG":"10","4H":"10"},"X9":{"MX":"10","PX":"10","QX":"10","JX":"10"},"WJ":{"GG":"10","FH":"10","P9":"10","GH":"10","HF":"10","FG":"10","GF":"10","MC":"10","M9":"10","H9":"10","PC":"10"},"W7":{"7W":"10","VF":"10","6W":"10","WF":"10","5X":"10","X8":"10","XH":"10","X7":"10","VC":"10","XJ":"10","7X":"10","6X":"10","WC":"10"},"XC":{"P2":"10","Q3":"10","PV":"10","F5":"10","F4":"10","R9":"10","F8":"10","C8":"10","PR":"10","F7":"10","Q2":"10","J3":"10","QM":"10","F3":"10","V9":"10","C7":"10","PQ":"10","F6":"10","C6":"10","J2":"10","P3":"10","QJ":"10","M2":"10","M4":"10","PJ":"10","MR":"10","P4":"10","MQ":"10","QR":"10"},"33":{"FX":"10"},"X8":{"M6":"10","M7":"10","M3":"10","62":"10","56":"10","M8":"10","P4":"10","M4":"10"},"R8":{"QM":"10","RP":"10","QP":"10","XQ":"10","QH":"10","RM":"10","QG":"10","RJ":"10","XR":"10","VJ":"10","VH":"10","RH":"10","QJ":"10"},"XM":{"38":"10","4F":"10","39":"10","49":"10","4C":"10","5C":"10","29":"10","59":"10","5F":"10","3C":"10","48":"10"},"X6":{"QC":"10","MM":"10"},"X4":{"FV":"10","HV":"10","GV":"10","JC":"10","8X":"10","GR":"10","FR":"10","HR":"10","HW":"10","GW":"10","J9":"10"},"X7":{"5F":"10","2J":"10","2H":"10","CF":"10"},"M8":{"66":"10","67":"10"},"X2":{"7F":"10","6G":"10","HM":"10","GM":"10","7G":"10","24":"10","8G":"10","8H":"10","6F":"10","5C":"10","6C":"10","5G":"10","8F":"10","36":"10","26":"10","7H":"10","28":"10","5F":"10"},"R9":{"M6":"10","P7":"10","P6":"10","M7":"10","Q5":"10","P5":"10","P8":"10","J4":"10","P4":"10","J6":"10","Q4":"10","M4":"10","M5":"10"},"WM":{"Q3":"10","P3":"10","P4":"10","Q4":"10","VF":"10","RF":"10"},"34":{"F2":"10","C3":"10","V5":"10","G3":"10","V4":"10","C2":"10"},"W3":{"QH":"10","PH":"10"},"X5":{"52":"10","P3":"10","82":"10","64":"10","QP":"10"},"V8":{"7F":"10","76":"10","6F":"10","3Q":"10","6C":"10","J6":"10","69":"10","7C":"10","R2":"10","66":"10"}},"QW":{"34":{"4F":"10"},"24":{"7V":"10","5W":"10","CQ":"10","8V":"10","8R":"10","GQ":"10","HQ":"10","7R":"10","6V":"10","CR":"10","5V":"10","9Q":"10","9R":"10"}},"RM":{"RW":{"2V":"10"},"XW":{"97":"10","W3":"10","96":"10","FC":"10","W2":"10","F3":"10","CC":"10","C5":"10","C8":"10","G3":"10","C6":"10","G4":"10","F4":"10","C9":"10","C7":"10"},"XV":{"QW":"10"},"QW":{"VP":"10","RP":"10","PP":"10","VM":"10","5V":"10","QP":"10","QM":"10","6M":"10","RM":"10","4P":"10"}},"JH":{"9J":{"57":"10","58":"10","48":"10"}},"4V":{"JF":{"94":"5","84":"5","49":"5|10","59":"5|10","85":"5","95":"5","5C":"5|10","4C":"5","6C":"5"}},"54":{"F5":{"HX":"10","GX":"10"}},"5M":{"GJ":{"X4":"10"}},"VR":{"7F":{"83":"10"},"CF":{"69":"10","68":"10","78":"10","77":"10","67":"10"},"2X":{"MW":"10"},"JF":{"C4":"10","F3":"10","G5":"10","C3":"10","G4":"10","F4":"10"}},"MW":{"X5":{"PV":"10","PR":"10","MV":"10","RR":"10","QR":"10","MR":"10","VR":"10","QV":"10"},"RP":{"8W":"10","9R":"10","7W":"10","8R":"10","8V":"10","7V":"10"},"X6":{"X9":"10","XC":"10","WC":"10","W9":"10","W8":"10"},"HJ":{"94":"10","84":"10","F3":"10","C3":"10","F2":"10","C2":"10"}},"7R":{"FC":{"68":"10"},"F9":{"8V":"10"},"C9":{"WJ":"10","WM":"10"}},"5V":{"5W":{"23":"10","24":"10"},"4V":{"PV":"10","MR":"10"}},"6J":{"6X":{"WR":"10","VQ":"10","VP":"10","VR":"10","WP":"10"},"7X":{"4W":"10"}},"6W":{"2G":{"9Q":"10"},"2H":{"F2":"10","G2":"10"},"CQ":{"5P":"10","5M":"10","4P":"10"},"4Q":{"VG":"10","VH":"10","WG":"10","C2":"10"},"4P":{"FF":"10","9F":"10","GF":"10","GQ":"10","FG":"10","9X":"10","8X":"10","GR":"10","8C":"10","8F":"10","7X":"10","9C":"10"},"VR":{"Q9":"10"},"3F":{"47":"10"},"WQ":{"9X":"10"},"JR":{"MP":"10"},"85":{"6F":"10","6G":"10","5G":"10","5F":"10","5C":"10","6C":"10"},"47":{"3X":"10","3W":"10","4W":"10"}},"XM":{"33":{"7W":"10","8V":"10","7V":"10"},"WQ":{"52":"10"}},"Q3":{"C8":{"W7":"10"}},"56":{"38":{"9M":"10"}},"PW":{"25":{"QP":"10","QR":"10","QQ":"10"},"8C":{"69":"10","79":"10","6C":"10","7C":"10"},"26":{"4J":"10","5J":"10","5H":"10"},"33":{"MQ":"10","Q6":"10","JP":"10","MP":"10","JQ":"10"},"32":{"JV":"10","HH":"10","JR":"10"}},"7W":{"8W":{"PV":"10","PR":"10","RW":"10","PW":"10","MQ":"10","HX":"10","MV":"10","RJ":"10","RV":"10","QR":"10","JX":"10","PQ":"10","QW":"10","MW":"10","QV":"10"},"8X":{"C5":"10","F5":"10","F8":"10","79":"10","C8":"10","56":"10","36":"10","57":"10","G5":"10","F7":"10","29":"10","76":"10","98":"10","38":"10","87":"10","28":"10","88":"10","97":"10","86":"10","G8":"10","26":"10","C7":"10","66":"10","F6":"10","37":"10","XF":"10","27":"10","49":"10","C6":"10","85":"10","96":"10","59":"10","99":"10","48":"10","46":"10","95":"10","G7":"10","39":"10","67":"10","C9":"10","68":"10","69":"10","F9":"10","77":"10","47":"10","78":"10","58":"10","G6":"10","89":"10"},"7W":{"V4":"10","V3":"10"},"7X":{"PC":"10","R7":"10","V8":"10","R8":"10","J9":"10","P8":"10","R9":"10","V7":"10","QC":"10","Q8":"10","Q7":"10","P9":"10","W6":"10","X6":"10","V6":"10","M9":"10","V9":"10","MC":"10","Q9":"10","W9":"10","X7":"10","J8":"10","M8":"10","JC":"10","P7":"10","W7":"10","W8":"10","X9":"10","X8":"10"}},"32":{"37":{"6M":"10","5M":"10"},"27":{"WG":"10"}},"7J":{"GG":{"PV":"10","PR":"10","H4":"10","J4":"10","JP":"10","9M":"10","H3":"10","HM":"10","MM":"10","HP":"10","JM":"10"},"FH":{"MQ":"10","F4":"10"},"GH":{"M7":"10","4H":"10","M6":"10","2H":"10","P5":"10","35":"10","RM":"10","M5":"10","W6":"10"},"MF":{"8J":"10","JP":"10","9H":"10","9G":"10","8H":"10","9J":"10","8P":"10"},"JC":{"RW":"10"},"JH":{"3G":"10","2P":"10","25":"10","39":"10","3H":"10","54":"3|10","44":"3","CH":"10","53":"3|10","G6":"10","H6":"10","3C":"10"},"HH":{"VF":"10","9F":"10","V5":"10","Q5":"10","H5":"10","VG":"10","P5":"10","V7":"10","3J":"10","Q6":"10","F4":"10","G5":"10","R5":"10","V8":"10","M5":"10","F6":"10","9C":"10","F5":"10"},"HG":{"8Q":"10","QH":"10","MJ":"10","HJ":"10","GP":"10","FQ":"10","8R":"10","FM":"10","2R":"10","WM":"10","MM":"10","PH":"10","PJ":"10","QG":"10","WP":"10","FR":"10","PG":"10","9R":"10"},"FF":{"2P":"10","2M":"10","2Q":"10"},"JG":{"FV":"10","38":"10","HM":"10","33":"10","4G":"10","HJ":"10","44":"10","5H":"10","43":"10","46":"10","42":"10","6Q":"10","6H":"10","4H":"10","5G":"10","FR":"10","CR":"10","53":"10","52":"10","CV":"10","6X":"10","28":"10","47":"10"},"PH":{"66":"10"},"HM":{"42":"10"},"MG":{"9Q":"10","GV":"10","3J":"10","3M":"10"},"CF":{"XQ":"10","XM":"10","XP":"10","V7":"10"},"GJ":{"8X":"10","9X":"10"},"JF":{"7W":"3","7V":"3","6W":"3","5X":"10","X2":"10","HQ":"10","6V":"3","HR":"10"}},"4R":{"QC":{"J3":"10","J2":"10"}},"XQ":{"GM":{"V7":"10"},"Q2":{"W5":"10","X5":"10","X6":"10","W7":"10","W6":"10"},"J2":{"39":"10","5C":"10","6C":"10"},"V3":{"W5":"10","X5":"10","R5":"10","V6":"10","V5":"10","V7":"10","W6":"10"},"X3":{"96":"10","QQ":"10"},"H2":{"3G":"10","38":"10","MC":"10","45":"10","84":"10","82":"10","86":"10","25":"10","C9":"10","PF":"10","33":"10","4F":"10","35":"10","39":"10","3H":"10","F8":"10","PC":"10","3F":"10","44":"10","24":"10","43":"10","4C":"10","46":"10","37":"10","6F":"10","42":"10","2C":"10","F9":"10","5C":"10","29":"10","C8":"10","6C":"10","83":"10","27":"10","34":"10","36":"10","28":"10","5F":"10","87":"10","85":"10","3C":"10","47":"10","MF":"10"},"HC":{"H9":"10"},"P2":{"G4":"10","F4":"10"},"G2":{"Q7":"10","G6":"10","F6":"10","H3":"10","R2":"10","XC":"10","XH":"10","W5":"10","P5":"10","F5":"10","R7":"10","J4":"10","V7":"10","V2":"10","R8":"10","H6":"10","M5":"10","C2":"10","P4":"10","W6":"10","Q2":"10","VC":"10","J5":"10","P7":"10","H5":"10","W4":"10","WG":"10","F3":"10","G2":"10","G7":"10","R3":"10","X9":"10","M6":"10","W8":"10","93":"10","H2":"10","V8":"10","R5":"10","W7":"10","W9":"10","V9":"10","V5":"10","Q4":"10","H4":"10","C3":"10","82":"10","G3":"10","83":"10","P8":"10","WC":"10","R9":"10","M3":"10","M2":"10","XG":"10","W3":"10","Q8":"10","XF":"10","X6":"10","M4":"10","G4":"10","V4":"10","J6":"10","X5":"10","P2":"10","Q6":"10","J3":"10","F4":"10","X8":"10","R4":"10","Q5":"10","92":"10","W2":"10","X7":"10","F2":"10","V6":"10","V3":"10","P6":"10","X4":"10","M7":"10"}},"FV":{"J6":{"97":"10","8F":"10","98":"10","8C":"10","7F":"10","7C":"10"},"48":{"4H":"10"}},"WG":{"3Q":{"X9":"10","X5":"10","X8":"10","X6":"10","W9":"10"},"4Q":{"25":"10","33":"10","44":"10","24":"10","43":"10","62":"10","29":"10","53":"10","72":"10","34":"10","52":"10","28":"10","32":"10"},"JR":{"XQ":"10"},"4P":{"FJ":"10","5X":"10","CJ":"10","8Q":"10"}},"WM":{"6J":{"QF":"10","QC":"10","MF":"10","7P":"10","CG":"10","7M":"10","PF":"10","PG":"10","PC":"10","8P":"10"}},"WH":{"X3":{"27":"10"}},"MJ":{"XQ":{"62":"10"},"XV":{"C8":"10","C9":"10"},"XR":{"9F":"10","9G":"10"}},"3M":{"WJ":{"3Q":"10","2P":"10","2Q":"10","3P":"10"}},"8J":{"4M":{"MG":"10"}},"VW":{"JG":{"HM":"10","H3":"10","H4":"10","HJ":"10","HG":"10","H5":"10","G3":"10","H2":"10","HH":"10","GH":"10","G4":"10","GG":"10","G6":"10","G2":"10","H6":"10","G5":"10","HP":"10"},"JF":{"HX":"10"}},"QV":{"69":{"32":"10"},"27":{"J6":"10","G6":"10","F7":"10","F6":"10","J5":"10","G7":"10"}},"6M":{"85":{"V8":"10","R8":"10","WH":"10","XG":"10","R9":"10","Q8":"10","RF":"10","Q5":"10","Q6":"10","V9":"10","WG":"10","Q9":"10","XF":"10","RC":"10","VH":"10","VC":"10","WC":"10","W9":"10","VF":"10","VG":"10","P6":"10","P5":"10","WF":"10"},"9G":{"Q9":"10"},"F6":{"GX":"10"}},"3X":{"RJ":{"P3":"10","M4":"10","P4":"10","M3":"10"},"HM":{"54":"10"},"46":{"FF":"10"}},"7X":{"JF":{"49":"10","48":"10"}},"RP":{"47":{"W5":"10","X4":"10"}},"XP":{"CX":{"GF":"10","JG":"10","CF":"10"},"HX":{"39":"10","97":"10","C7":"10","98":"10","9P":"8","JC":"10","54":"10","C4":"10","H6":"10","9M":"8","56":"10","52":"10","42":"10","FM":"8","CQ":"8","32":"10","HC":"10","C6":"10","8X":"10","FJ":"8","7X":"10","47":"10","C5":"10","3C":"10","M6":"10","2C":"10","36":"10","93":"10","CJ":"8","63":"10","J7":"10","46":"10","H7":"10","26":"10","FP":"8","96":"10","37":"10","29":"10","C3":"10","74":"10","82":"10","83":"10","95":"10","86":"10","72":"10","CP":"8","34":"10","35":"10","9J":"8","25":"10","45":"10","4X":"10","J9":"10","22":"10","33":"10","CM":"8","J6":"10","73":"10","85":"10","23":"10","44":"10","27":"10","84":"10","87":"10","43":"10","28":"10","CH":"8","76":"10","C8":"10","24":"10","9Q":"8","94":"10","62":"10","38":"10","53":"10"},"FV":{"VV":"10","VR":"10"},"7W":{"XX":"10","HX":"10","HV":"10","HM":"10","PW":"10","MW":"10","QP":"10","VX":"10","RX":"10","JQ":"10","JP":"10","QR":"10","GR":"10","PQ":"10","HQ":"10","XR":"10","HR":"10","RW":"10","HW":"10","WW":"10","HP":"10","VW":"10","PP":"10"},"6W":{"GX":"10"},"GX":{"XX":"10","W2":"10","QX":"10","X9":"10","MV":"10","XC":"10","X8":"10","W8":"10","X6":"10","MX":"10","X3":"10","VX":"10","X4":"10","X7":"10","RX":"10","X2":"10","W9":"10","W3":"10","JX":"10","X5":"10","WX":"10","VW":"10"},"8W":{"MX":"10","FW":"10","HX":"10","JX":"10","2R":"10","2Q":"10","2V":"10","FV":"10"},"FW":{"W5":"10","W4":"10"},"9X":{"X8":"10"},"8X":{"J2":"10","M2":"10","H2":"10"},"JX":{"5Q":"10","5P":"10","4P":"10"},"HW":{"5P":"10","5X":"10","6P":"10","2H":"10","4X":"10","2W":"10","6Q":"10","4M":"10","3J":"10","7X":"10","5Q":"10","3H":"10","7R":"10","7V":"10","7P":"10","6M":"10","3M":"10","3V":"10","2P":"10","6V":"10","8R":"10","4R":"10","6X":"10","3Q":"10","8W":"10","5V":"10","5R":"10","5M":"10","8V":"10","2X":"10","6W":"10","4W":"10","5J":"10","2R":"10","2V":"10","4J":"10","3X":"10","6R":"10","4V":"10","7Q":"10","2M":"10","5W":"10","4P":"10","4Q":"10","3W":"10","7W":"10","2J":"10","2Q":"10"},"7X":{"V6":"10","Q2":"10","W5":"10","V5":"10","W4":"10","J3":"10","J4":"10","X3":"10","H2":"10","W6":"10","X2":"10","W3":"10","R2":"10"},"6X":{"F2":"10","G2":"10"},"PX":{"5R":"10","7Q":"10","5P":"10","6Q":"10","7R":"10","6P":"10","6M":"10","6R":"10"},"9R":{"Q6":"10","Q5":"10"},"GW":{"39":"10","GP":"3","XV":"10","XH":"10","RM":"10","6G":"10","PP":"10","5C":"10","7C":"10","XM":"10","QH":"10","XQ":"10","WG":"10","WM":"10","RQ":"10","RF":"10","WH":"10","WJ":"10","GQ":"3","RP":"10","QP":"10","XP":"10","WR":"10","VM":"10","WP":"10","VH":"10","FP":"3","QQ":"10","48":"10","RJ":"10","XJ":"10","QM":"10","WX":"10","XR":"10","8G":"10","7F":"10","RH":"10","VP":"10","VQ":"10","RG":"10","XX":"10","8C":"10","VF":"10","8F":"10","7G":"10","VG":"10","PM":"10","4C":"10","28":"10","WW":"10","VJ":"10","38":"10","49":"10","6F":"10"}},"QP":{"GJ":{"CV":"10"},"HJ":{"X4":"10"},"JJ":{"25":"10"},"VC":{"C9":"10"},"W9":{"QQ":"10"},"3V":{"9R":"10","9Q":"10"},"JH":{"5X":"10"},"WC":{"84":"10"}},"WR":{"8J":{"Q2":"10","P2":"10","X2":"10"},"FG":{"79":"10","Q2":"10","9G":"10","9F":"10","8G":"10","89":"10","7C":"10","8C":"10","8F":"10","R2":"10","9C":"10"},"9F":{"97":"10","98":"10","96":"10","88":"10","87":"10","89":"10"},"GF":{"49":"10","3C":"10","2C":"10","39":"10","38":"10","48":"10","29":"10"},"9H":{"WH":"10","2C":"10","CM":"10","GG":"10","QC":"10","WJ":"10","Q5":"10","R4":"10","QM":"10","Q6":"10","WG":"10","RP":"10","RC":"10","VH":"10","RQ":"10","HG":"10","9V":"10","V3":"10","XC":"10","R3":"10","GH":"10","RM":"10","QJ":"10","WC":"10","W9":"10","Q4":"10","VG":"10","P6":"10","P5":"10","9R":"10","V4":"10","X9":"10"},"CG":{"QX":"10","3G":"10","5W":"10","6W":"10","QW":"10","PW":"10","MQ":"10","4F":"10","5X":"10","4G":"10","PR":"10","MP":"10","CJ":"10","PV":"10","FH":"10","JP":"10","CH":"10","W6":"10","JM":"10","FJ":"10","MR":"10","6X":"10"},"9G":{"PC":"10","J9":"10","HF":"10","GC":"10","QH":"10","HC":"10","H9":"10","JF":"10","M9":"10","MC":"10","MG":"10","FF":"10","H8":"10","WW":"10","M7":"10","QF":"10","MF":"10","HG":"10","J7":"10","JG":"10","PH":"10","QG":"10","PF":"10","G9":"10","PG":"10","J8":"10","FC":"10","M8":"10","JC":"10"},"8H":{"XW":"10","XC":"10","XH":"10","QW":"10","XM":"10","Q9":"10","PW":"10","QH":"10","VC":"10","QF":"10","W4":"10","WG":"10","WM":"10","WH":"10","WF":"10","QP":"10","XP":"10","VM":"10","PX":"10","WP":"10","VH":"10","QJ":"10","V9":"10","WC":"10","XJ":"10","QM":"10","R9":"10","RC":"10","XG":"10","W3":"10","QC":"10","VP":"10","XF":"10","QG":"10","XX":"10","VF":"10","VG":"10","PM":"10","QX":"10"},"FF":{"XC":"10","QX":"10","RX":"10","QW":"10"},"9J":{"WH":"10","WJ":"10","RJ":"10","VH":"10","XC":"10","VP":"10","RP":"10","RH":"10","PQ":"10","V8":"10","W9":"10","W8":"10","XF":"10","WM":"10"},"CF":{"3F":"10","4J":"10","4H":"10","5J":"10","4G":"10","4F":"10","5H":"10"},"V7":{"88":"10","79":"10","39":"10","68":"10","F3":"10","78":"10","G3":"10","46":"10","29":"10","69":"10","G2":"10","36":"10","28":"10","87":"10","77":"10"},"CH":{"MG":"10","39":"10","Q7":"10","R2":"10","6V":"10","JG":"10","HG":"10","JC":"10","R7":"10","JH":"10","54":"10","6W":"10","75":"10","56":"10","52":"10","42":"10","FM":"10","CQ":"10","7W":"10","Q2":"10","MC":"10","HH":"10","3C":"10","8V":"10","2C":"10","57":"10","63":"10","67":"10","R5":"10","26":"10","64":"10","FP":"10","V5":"10","MF":"10","R6":"10","29":"10","74":"10","66":"10","7V":"10","CP":"10","25":"10","CR":"10","FQ":"10","GM":"10","44":"10","3F":"10","65":"10","Q6":"10","43":"10","GJ":"10","8W":"10","6X":"10","28":"10","76":"10","HJ":"10","2F":"10","V6":"10","62":"10","JF":"10"}},"VM":{"3R":{"XJ":"10","XG":"10","XQ":"10","XH":"10","QF":"10"},"3J":{"VR":"10"},"3V":{"V2":"10","R2":"10"},"9M":{"RH":"10","PM":"10"},"6R":{"5W":"10","8R":"10","8Q":"10","CJ":"10","49":"10","4C":"10","5C":"10","6Q":"10","5Q":"10","69":"10","CM":"10","FJ":"10","59":"10","9Q":"10","9R":"10","3C":"10"},"5R":{"FF":"10","MH":"10","38":"10","MC":"10","9G":"10","39":"10","GF":"10","PC":"10","FG":"10","GC":"10","WQ":"10","GH":"10","GG":"10","HC":"10"},"8P":{"86":"10","5F":"10","4F":"10"},"4R":{"FF":"10","MH":"10","2G":"10","CG":"10","3H":"10","5H":"10","4H":"10"},"2W":{"25":"10","W2":"10","26":"10","36":"10","35":"10"}},"57":{"J9":{"26":"10"},"J8":{"MQ":"10"}},"PQ":{"P3":{"4Q":"10","4P":"10"},"6C":{"P7":"10","3G":"10","P6":"10","4G":"10","3H":"10","Q6":"10","4H":"10","Q7":"10"}},"7Q":{"8J":{"88":"10"}},"PX":{"FJ":{"MC":"10","2W":"10","HM":"10","HJ":"10","H7":"10","JC":"10","XH":"10","9M":"10","62":"3","JP":"10","GP":"10","V2":"10","XJ":"10","M9":"10","3V":"10","H8":"10","72":"3","3W":"10","J9":"10","6R":"10"},"FM":{"46":"10","36":"10"},"FH":{"F5":"10","5X":"3|10","VM":"10","QX":"10","7V":"10","XP":"10","J3":"10","WQ":"10","FJ":"10","3G":"10","6X":"3","MH":"10","MC":"10","MG":"10","8W":"10","VP":"10","8V":"10","J4":"10","6W":"3","FH":"10","PH":"10","3F":"10","PG":"10","5W":"3","7W":"10"},"GH":{"7F":"10","45":"10","MV":"10","PW":"10","55":"10","35":"10","MW":"10","54":"10","44":"10","MX":"10","PV":"10","46":"10","RV":"10","QV":"10","8F":"10","34":"10","JW":"10"},"FG":{"3R":"10","5F":"10","57":"10","47":"10","7J":"10"},"CJ":{"F6":"10","97":"10","55":"10","C7":"10","98":"10","58":"10","F5":"10","54":"10","C4":"10","75":"10","56":"10","C2":"10","69":"10","77":"10","F3":"10","C6":"10","MJ":"10","G5":"10","C5":"10","78":"10","68":"10","57":"10","93":"10","63":"10","67":"10","64":"10","96":"10","C3":"10","74":"10","82":"10","66":"10","83":"10","95":"10","86":"10","72":"10","59":"10","45":"10","G4":"10","73":"10","85":"10","44":"10","65":"10","F4":"10","84":"10","92":"10","87":"10","76":"10","F2":"10","94":"10","53":"10"},"CG":{"84":"10","83":"10","C4":"10","F5":"10","GW":"10","GV":"10","C5":"10","73":"10","72":"10","F4":"10"},"GM":{"3R":"10","3Q":"10","RJ":"10","QJ":"10","HM":"10","HP":"10"},"HC":{"RG":"10","PG":"10"},"GJ":{"2G":"10","2J":"10","2H":"10"},"CH":{"GP":"10","GM":"10","HM":"10","HP":"10"}},"WP":{"GG":{"68":"10"},"3C":{"8P":"10"},"FG":{"Q8":"10"},"2C":{"9Q":"10","9M":"10","CM":"10","FR":"10"},"9P":{"XQ":"10","6G":"10","FH":"10","7G":"10","9H":"10","CG":"10","9G":"10","XR":"10","8G":"10","CH":"10"},"FF":{"JR":"10","MR":"10"},"CP":{"8X":"10","7X":"10"}},"63":{"25":{"V7":"10"}},"2R":{"XG":{"69":"10","68":"10","96":"10","59":"10","78":"10","77":"10","95":"10","67":"10"},"QR":{"77":"10"},"PF":{"6V":"10"},"XF":{"8W":"10","8X":"10","9W":"10"}},"46":{"2V":{"9V":"10"}},"X3":{"57":{"9V":"10","CV":"10"}},"8M":{"M9":{"39":"10"}},"VH":{"55":{"VG":"10","WJ":"10","VH":"10","RJ":"10","VJ":"10"},"56":{"84":"10"},"52":{"MQ":"10","PQ":"10"},"78":{"83":"10","82":"10","92":"10","93":"10","C2":"10"},"77":{"CX":"10","GP":"10","GM":"10","8R":"10","FX":"10","8V":"10"}},"5G":{"56":{"CP":"10"}},"QJ":{"MJ":{"XJ":"10","PJ":"10","GG":"10","HG":"10","VX":"10","WX":"10","PM":"10"},"PJ":{"MG":"10","XW":"10","6R":"10","97":"10","MH":"10","5W":"10","XV":"10","98":"10","JG":"10","6G":"10","JH":"10","5J":"10","VR":"10","4H":"10","2M":"10","5Q":"10","6P":"10","5F":"10","4J":"10","RQ":"10","4P":"10","3M":"10","7P":"10","VW":"10","JJ":"10","WV":"10","C5":"10","5H":"10","5G":"10","88":"10","MF":"10","2J":"10","3P":"10","95":"10","QM":"10","4M":"10","3J":"10","8G":"10","VQ":"10","VV":"10","XX":"10","7G":"10","JM":"10","87":"10","WW":"10","6Q":"10","6F":"10"},"7H":{"R5":"10","V5":"10"},"QJ":{"6X":"10","6W":"10","5W":"10","7W":"10","5V":"10","5R":"10","6V":"10","2X":"10","4V":"10","4R":"10","2W":"10"},"MP":{"Q3":"10","Q2":"10","W5":"10","X5":"10","W6":"10"},"PP":{"M7":"10","J6":"10","97":"10","M6":"10","JG":"10"},"QP":{"94":"10","84":"10","GP":"10","GM":"10","HM":"10","72":"10","62":"10"},"PQ":{"R7":"10","FF":"10","VF":"10","Q9":"10","G7":"10","R8":"10","H7":"10","GF":"10","FG":"10","VG":"10","J8":"10","GC":"10","Q8":"10","R9":"10","FC":"10","H8":"10","Q7":"10","H9":"10"},"MM":{"W2":"10","QX":"10","QW":"10","PW":"10","RP":"10","MW":"10","VR":"10","QP":"10","MX":"10","PV":"10","V2":"10","HR":"10","R2":"10","PX":"10"},"QQ":{"7M":"10"},"QM":{"5X":"10","2C":"10","2H":"10","6Q":"10","4M":"10","7X":"10","5Q":"10","2F":"10","29":"10","3M":"10","6V":"10","3G":"10","6X":"10","5V":"10","5R":"10","3C":"10","6W":"10","CX":"10","9V":"10","6R":"10","5W":"10","2J":"10"},"PM":{"PC":"10","C2":"10","R7":"10","XG":"10","WH":"10","6J":"10","82":"10","92":"10","QC":"10","RF":"10","F3":"10","WG":"10","Q9":"10","XF":"10","RC":"10","QF":"10","F2":"10","XC":"10","6H":"10","H7":"10","QG":"10","PF":"10","VF":"10","VG":"10","XH":"10","RG":"10","WF":"10","C3":"10","X9":"10"}},"2P":{"3H":{"83":"10","82":"10","72":"10"}},"64":{"Q8":{"XV":"10"}},"2V":{"P9":{"3M":"10"},"RJ":{"X3":"10","X2":"10"},"M9":{"J9":"10","2P":"10","JC":"10","MC":"10","FF":"10","CF":"10","HC":"10","JF":"10"},"4C":{"PW":"10","MW":"10"},"8P":{"MH":"10"},"6J":{"8F":"10","9F":"10","9G":"10","8G":"10"}},"V9":{"3X":{"59":"10","99":"10","89":"10"}},"RJ":{"27":{"H5":"10","H4":"10","J4":"10","J3":"10","H3":"10","G4":"10"},"5P":{"55":"10","65":"10"},"4P":{"X6":"10"}},"HW":{"WX":{"Q3":"10"}},"7V":{"3H":{"XJ":"10","XM":"10","XH":"10","WH":"10","WJ":"10","VJ":"10","WM":"10"}},"XJ":{"XG":{"76":"10","86":"10","6W":"10","C6":"10","MQ":"10","5X":"10","8V":"10","5R":"10","F7":"10","8W":"10","QH":"10","JJ":"10","96":"10","P8":"10","97":"10","9X":"10","M8":"10","X2":"10","C8":"10","6V":"10","7X":"10","6X":"10","5V":"10","87":"10","9W":"10","C7":"10","MG":"10","6R":"10"},"XH":{"53":"10","2C":"10","82":"10","52":"10","74":"10","29":"10","76":"10","6G":"10","84":"10","38":"10","28":"10","66":"10","72":"10","49":"10","85":"10","59":"10","3C":"10","62":"10","95":"10","C4":"10","5G":"10","39":"10","47":"10","3F":"10","94":"10","63":"10","73":"10","65":"10","C3":"10","H3":"10"},"WH":{"P8":"10","X9":"10","Q9":"10","XC":"10","R9":"10","Q8":"10"},"9H":{"FF":"10","7F":"10","CC":"10","FC":"10","7C":"10","8C":"10","8F":"10","9C":"10"},"M9":{"94":"10","92":"10","93":"10"},"8H":{"CX":"10","RR":"10","9X":"10","RV":"10","QR":"10","CW":"10","QV":"10","9W":"10"},"5J":{"MQ":"10","JP":"10","MP":"10","PQ":"10","MM":"10","JM":"10"},"HP":{"R7":"10","P7":"10","P9":"10","W8":"10","R8":"10","PC":"10","V9":"10","P8":"10","Q8":"10","VC":"10","RC":"10","W9":"10","R9":"10","Q7":"10","V8":"10"},"XF":{"PW":"10","VV":"10","PX":"10","VW":"10"}},"RV":{"JW":{"3G":"10","88":"10","7M":"10","4F":"10","3F":"10","78":"10","7J":"10","8J":"10","2V":"10","6C":"10","89":"10","7C":"10","8M":"10","2R":"10","5F":"10","77":"10"},"HW":{"3R":"10","4X":"10","5X":"10","RQ":"10","5W":"10","VP":"10","3W":"10","RP":"10","3V":"10","XV":"10","VM":"10","5V":"10","4V":"10","4R":"10","4W":"10"},"69":{"83":"10"},"HX":{"57":"10","47":"10","58":"10","48":"10"},"58":{"52":"10","42":"10"},"MW":{"74":"10","73":"10","72":"10"}},"PJ":{"3W":{"Q3":"10","Q2":"10"},"3V":{"VV":"10","MQ":"10","JP":"10","VQ":"3","MP":"10","RR":"10","VP":"3","RP":"3","QX":"10","RV":"10","MR":"10","VR":"10","WQ":"3","JQ":"10","RX":"10","RM":"3","WP":"3"},"XV":{"JJ":"10","JM":"10","HJ":"10"},"5V":{"P2":"10","M2":"10"},"5R":{"RW":"10","RR":"10","QX":"10","VW":"10","RX":"10"},"2V":{"VC":"10"},"6V":{"22":"10","32":"10"},"4V":{"3X":"10","2X":"10"},"4W":{"22":"10","32":"10"}},"XR":{"53":{"6X":"10","6W":"10","5M":"10"},"36":{"4H":"10","4G":"10"}},"CR":{"XR":{"XP":"10","XR":"10"}},"RH":{"5W":{"QC":"10","PC":"10"},"WC":{"Q2":"10"},"HM":{"4W":"10"},"CM":{"QC":"10","Q9":"10","P9":"10","MF":"10","R8":"10","MC":"10","R9":"10","Q8":"10","PC":"10"}},"4X":{"GG":{"86":"10","3C":"10","87":"10"},"CH":{"97":"10","F5":"10","96":"10","85":"10","G5":"10","G6":"10","F6":"10"},"QG":{"PV":"10","MX":"10","PW":"10","MV":"10","PX":"10","MW":"10"}},"XG":{"XX":{"H4":"10","J4":"10","J3":"10","HV":"10","87":"10"},"7V":{"JG":"10"},"FQ":{"9C":"10","99":"10"},"6W":{"74":"10","84":"10","H4":"10","54":"10","64":"10","94":"10","J4":"10","F4":"10","G4":"10","C4":"10"},"XV":{"MH":"10","CX":"10","8V":"10","9V":"10","8W":"10","MJ":"10","JJ":"10","9X":"10","HH":"10","JH":"10","9W":"10"},"WV":{"XQ":"10","XP":"10","PP":"10","PM":"10"},"8V":{"25":"10","82":"10","92":"10","C3":"10","32":"10","93":"10","34":"10","24":"10"},"FP":{"55":"10"},"8R":{"6J":"10","3J":"10","8X":"10","7H":"10","3H":"10","7R":"10","7V":"10","CR":"10","9P":"10","3V":"10","6V":"10","8R":"10","8M":"10","3Q":"10","5V":"10","4W":"10","9J":"10","6H":"10","6R":"10","4V":"10","9M":"10","3R":"10","5W":"10","3W":"10","9R":"10"},"F9":{"4M":"10"},"GR":{"R8":"10","Q8":"10"},"HW":{"43":"10"},"WW":{"R7":"10","V6":"10","R6":"10","HF":"10","GF":"10","JC":"10","W4":"10","X3":"10","V7":"10","X4":"10","RC":"10","HC":"10","W3":"10","H9":"10","G9":"10","J9":"10"},"XW":{"74":"10","84":"10","82":"10","MV":"10","JV":"10","PR":"10","MW":"10","92":"10","GQ":"10","PV":"10","GR":"10","FR":"10","83":"10","93":"10","JW":"10"}},"VP":{"X9":{"97":"10","GM":"10"},"R8":{"X4":"10"},"XC":{"88":"10","CC":"10","FF":"10","89":"10"},"V8":{"49":"10","68":"10","9F":"10","44":"10","CC":"10","PH":"10","46":"10","35":"10","42":"10","43":"10"},"W9":{"XJ":"10"},"W8":{"8J":"10","7H":"10","7G":"10","8H":"10","7J":"10"},"V7":{"8W":"10","7W":"10"}},"VQ":{"8M":{"XV":"10","WV":"10"},"W7":{"VC":"10","V9":"10","R9":"10","RC":"10","W9":"10"},"8P":{"Q9":"10","P9":"10","M8":"10"}},"3V":{"J9":{"49":"10","2J":"10","2M":"10","8G":"10","2W":"10"},"JC":{"25":"10","37":"10","FG":"10","26":"10","57":"3","67":"3","36":"10","35":"10","58":"3","27":"10","34":"10","24":"10"},"C5":{"94":"10"},"92":{"6R":"10","5R":"10"},"H9":{"GC":"10","VM":"10","XJ":"10","RF":"10","QM":"10","8M":"10","FF":"10","XM":"10","VH":"10","VJ":"10","RM":"10","GF":"10","F9":"10","G9":"10","VF":"10","7M":"10","FC":"10","FG":"10","CF":"10","CG":"10"},"HC":{"97":"10","96":"10","X5":"10","XC":"10","X4":"10","C6":"10","C7":"10"},"H8":{"RJ":"10","VH":"10","QH":"10","RH":"10","VJ":"10"}},"QG":{"FH":{"MH":"10","PH":"10","MG":"10","PG":"10"},"CG":{"RV":"10"}},"V4":{"MG":{"32":"10"}},"3R":{"9X":{"68":"10","58":"10"},"9W":{"6W":"10","7W":"10","7V":"10"}},"VV":{"25":{"VV":"10","VQ":"10","VP":"10","RV":"10","WQ":"10","QV":"10","WP":"10"},"35":{"3M":"10","2M":"10","4M":"10","5M":"10","4P":"10"},"43":{"V6":"10","V5":"10"}},"PV":{"5X":{"33":"10"}},"XX":{"QW":{"X3":"10","W3":"10","X5":"10","X4":"10","X6":"10"},"W8":{"23":"10"},"RM":{"56":"10","57":"10","58":"10"},"RV":{"28":"10","55":"10","37":"10","56":"10","66":"10","57":"10","47":"10","67":"10","46":"10","36":"10","58":"10","29":"10"},"QR":{"XX":"10","WJ":"10","VP":"10","WV":"10","VR":"10","VQ":"10","WQ":"10","WH":"10","WM":"10","VM":"10","VJ":"10","WR":"10","WX":"10","WW":"10","VH":"10","WP":"10"},"QV":{"28":"10","VG":"10","W3":"10","X9":"10","X5":"10","X8":"10","WG":"10"},"RW":{"25":"10","55":"10","63":"10","23":"10","54":"10","53":"10","44":"10","45":"10","26":"10","64":"10"},"RH":{"G9":"10","FM":"10","GG":"10","GH":"10","HF":"10","GF":"10","FP":"10","HC":"10","GJ":"10","GC":"10"},"V8":{"X3":"10","W3":"10","X2":"10","X4":"10","W4":"10"}},"WQ":{"44":{"55":"10","56":"10","54":"10","65":"10"},"26":{"35":"10","32":"10"},"92":{"X2":"10"},"F2":{"MF":"10","JC":"10","MC":"10","JF":"10"},"G2":{"55":"10"},"C2":{"63":"10","84":"10","86":"10","73":"10","95":"10","F3":"10","G3":"10","94":"10","97":"10","46":"10","42":"10","F4":"10","G4":"10","C3":"10","83":"10","93":"10","72":"10","36":"10","32":"10","85":"10","C4":"10","F5":"10"}},"44":{"H3":{"63":"10"},"G2":{"5P":"10"},"G3":{"3M":"10","4M":"10","3P":"10","4P":"10"},"38":{"63":"10","44":"10"},"H2":{"54":"10"}},"MQ":{"XF":{"R8":"10","R9":"10"}},"MX":{"JP":{"VM":"10"},"2P":{"49":"10","3C":"10","7P":"10","39":"10","4C":"10"},"GV":{"P8":"10","P7":"10","P6":"10"},"2Q":{"XC":"10"},"CP":{"G9":"10","HC":"10","GC":"10"},"8V":{"6G":"10","6H":"10","5G":"10","5H":"10"},"FR":{"9G":"10","9F":"10","CG":"10","QP":"10","CJ":"10","FG":"10","9H":"10","FH":"10","CH":"10","CF":"10","FJ":"10"},"4W":{"MX":"10","JX":"10"}},"7M":{"23":{"8W":"10","8X":"10","7W":"10","7X":"10","7V":"10"},"36":{"XF":"10","WF":"10"}},"3W":{"V2":{"54":"10"},"PF":{"MF":"10","PF":"10"}},"43":{"CW":{"QG":"10"},"FX":{"MH":"10","JJ":"10"},"HC":{"MR":"10"},"CV":{"J4":"10","5P":"10"},"9W":{"2V":"10"}},"8W":{"5M":{"MQ":"10"}},"6X":{"8F":{"44":"10","45":"10"},"V9":{"2F":"10","39":"10"},"7F":{"R7":"10","G8":"10","H7":"10","P7":"10","R8":"10","Q7":"10","V8":"10","H8":"10","G7":"10","V7":"10"},"54":{"F3":"10","C3":"10","F4":"10"},"2C":{"2P":"10","2J":"10","2M":"10","2Q":"10"},"R9":{"XF":"10"},"GJ":{"QJ":"10"}},"RW":{"M2":{"52":"10"}},"WW":{"QG":{"HF":"10"}},"QX":{"M7":{"XW":"10","XV":"10","FR":"10","FV":"10"},"P7":{"2V":"10","2W":"10"},"Q7":{"56":"10"}},"24":{"RJ":{"8W":"10"}},"JX":{"74":{"P8":"10","Q8":"10"},"84":{"H4":"10","C5":"10","F5":"10","F4":"10","53":"10","43":"10","92":"10","G4":"10","G5":"10","35":"10","83":"10","84":"10","F3":"10","H5":"10","45":"10","86":"10","34":"10","C6":"10","85":"10","96":"10","G3":"10","95":"10","C4":"10","G7":"10","94":"10","G6":"10","93":"10","C3":"10","H6":"10"},"8R":{"3J":"10","3M":"10"},"7Q":{"CX":"10"},"C3":{"3G":"10","2H":"10","PW":"10","4G":"10","MW":"10","4J":"10","3J":"10","4M":"10","PX":"10"},"83":{"FV":"10","7W":"10","7V":"10","5W":"10","6W":"10","8V":"10","9V":"10","VR":"10","8W":"10","VQ":"10","4W":"10","RQ":"10","9X":"10","8X":"10","FR":"10","6V":"10","CR":"10","RR":"10","CV":"10","7X":"10","5V":"10","9R":"10","4V":"10","9W":"10"},"CV":{"F5":"10","C5":"10"},"8M":{"74":"10"},"87":{"HW":"10","GW":"10"},"C4":{"P2":"10"}},"5X":{"FF":{"XH":"10","XM":"10","Q3":"10","Q9":"10","C2":"10","W4":"10","WG":"10","PC":"10","WH":"10","R3":"10","XP":"10","93":"10","5H":"10","X3":"10","J2":"10","R5":"10","V5":"10","Q4":"10","R6":"10","C3":"10","83":"10","P8":"10","M2":"10","XG":"10","W3":"10","P9":"10","Q8":"10","V4":"10","X5":"10","P2":"10","Q6":"10","VF":"10","84":"10","R4":"10","Q5":"10","92":"10","V6":"10","V3":"10","X4":"10"},"J5":{"R7":"10"},"GF":{"HX":"10","2P":"10","82":"10","25":"10","J2":"10","4G":"10","54":"10","5H":"10","4H":"10","5G":"10"},"QP":{"35":"10"},"GC":{"8X":"10","JX":"10"},"J4":{"26":"10","36":"10"},"8H":{"7H":"10","7J":"10"},"FC":{"MX":"10","CX":"10","JX":"10"},"JM":{"2H":"10"},"M5":{"2G":"10","3F":"10","2F":"10","3G":"10"}},"38":{"F4":{"5C":"10"}},"RR":{"6F":{"Q2":"10"},"RV":{"PF":"10","H3":"10","H4":"10","PC":"10","H5":"10","G3":"10","QF":"10","QC":"10","RC":"10","RF":"10","J6":"10","G4":"10","G6":"10","H6":"10","G5":"10"},"JR":{"3W":"10"},"VW":{"2G":"10","2F":"10"},"6C":{"XW":"10","VX":"10","WW":"10","WX":"10","XX":"10","VW":"10"},"89":{"MX":"10","PX":"10"},"7C":{"P7":"10","M6":"10","FF":"10","P6":"10","M7":"10","HF":"10","GF":"10","J8":"10","GC":"10","J7":"10","9H":"10","8J":"10","8H":"10","Q6":"10","M8":"10","FC":"10","HC":"10","Q7":"10"}}},"index":{"university,1|retail,2|tourism,3|wreck,4|historical,5|artsCulture,6|namedBuilding,7|water,8|wetland,9|park,10|beach,11|natureReserve,12|cemetery,13|trail,14":{}}}