{"index":{"university,1|retail,2|tourism,3|wreck,4|historical,5|artsCulture,6|namedBuilding,7|water,8|wetland,9|park,10|beach,11|natureReserve,12|cemetery,13|trail,14":{}},"7R":{"56":{"FQ":{"C2":"10","H4":"10","F4":"10","G4":"10","G2":"10","J3":"10","H2":"10","XV":"10","C7":"10","G3":"10","J2":"10","F2":"10","9J":"10","XR":"10","9V":"10","73":"10","H3":"10"},"CQ":{"7H":"10","5G":"10","R8":"10","3J":"10","Q8":"10","WX":"10","XX":"10","JX":"10"},"7M":{"V6":"10","FF":"10","88":"10","W5":"10","V5":"10","W6":"10","89":"10","FC":"10"},"MV":{"36":"10"},"FM":{"7V":"10","5W":"10","6W":"10","4F":"10","8V":"10","5R":"10","8R":"10","7R":"10","6V":"10","5V":"10","5F":"10","6R":"10"},"GV":{"VM":"10"},"FP":{"F6":"10","97":"10","55":"10","C7":"10","98":"10","FG":"10","HG":"10","58":"10","F5":"10|5","9C":"10","C4":"10","F8":"10","GF":"10","6J":"10","7C":"10","75":"10","56":"10","89":"10","99":"10","7J":"10","CF":"10","69":"10","CC":"10","79":"10","77":"10","HF":"10","C6":"10","6H":"10","7P":"10","6M":"10","HH":"10","G5":"10","C5":"10","78":"10","CG":"10","68":"10","57":"10","67":"10","GG":"10","8M":"10","9F":"10","88":"10","64":"10","96":"10","74":"10","GX":"10","66":"10","95":"10","86":"10","FC":"10","F7":"10|5","G4":"10","85":"10","FF":"10","8C":"10","65":"10","F4":"10","7M":"10","84":"10","87":"10","76":"10","GH":"10","C9":"10","C8":"10","HJ":"10","94":"10"},"GQ":{"4X":"10","3Q":"10","2P":"10","5X":"10","2J":"10","2M":"10","2R":"10","2Q":"10","2V":"10","3P":"10","4P":"10"},"CJ":{"RV":"10","CW":"10"},"CP":{"H3":"10","H4":"10","92":"10","C2":"10","P5":"10","J4":"10","H2":"10","P4":"10","C3":"10","93":"10","G2":"10","F2":"10","M4":"10"},"9M":{"PC":"10","J9":"10","P8":"10","QC":"10","H9":"10","Q8":"10","Q5":"10","Q7":"10","P9":"10","W6":"10","G8":"10","M9":"10","Q9":"10","H8":"10","M7":"10","J7":"10","H7":"10","G9":"10","P4":"10","J8":"10","M8":"10","P5":"10","P7":"10"},"GR":{"9Q":"10","7J":"10","8Q":"10","6J":"10","7H":"10","6M":"10","6G":"10","84":"10","F3":"10","CJ":"10","G3":"10","P3":"10","5J":"10","22":"10","32":"10","6H":"10","77":"10","5H":"10","7M":"10"},"FR":{"F3":"10","G4":"10","F4":"10"},"CM":{"CX":"10","FX":"10","WF":"10","37":"10","FH":"5","GH":"5","27":"10","P2":"10","36":"10","26":"10","3M":"10"},"CR":{"X3":"10","J3":"10","W2":"10","X2":"10","J2":"10","M2":"10","M3":"10"},"HR":{"5W":"10","5V":"10","HJ":"10"},"9P":{"WC":"10","FQ":"10"},"HW":{"9C":"5","83":"10","FM":"10","9F":"5","CC":"5","99":"5","CF":"5","5C":"10","89":"5","C9":"5"},"8M":{"36":"10"},"9J":{"7X":"10"},"9Q":{"33":"10","5C":"10","6C":"10","34":"10","H2":"10"},"6M":{"Q3":"10","Q2":"10","P3":"10","P2":"10"},"GW":{"PG":"10"},"6J":{"MX":"10","PW":"10","MV":"10","PX":"10","QX":"10","MW":"10"}},"P3":{"P7":{"XQ":"10"},"Q8":{"R4":"10"},"Q7":{"3Q":"10","2Q":"10"}},"77":{"5Q":{"F2":"10","C2":"10"},"6P":{"2C":"10","79":"10","CM":"10","9H":"10","8G":"10","2F":"10","7C":"10","9G":"10","7F":"10","98":"10","9C":"10","CJ":"10","FJ":"10","88":"10","8F":"10","FM":"10","9F":"10","3C":"10","99":"10","9J":"10","8C":"10","3F":"10","8H":"10","4P":"10","CF":"10","7G":"10","89":"10","CG":"10"},"4M":{"JV":"10"},"5P":{"CX":"10","FW":"10","64":"10","FX":"10","32":"10","42":"10"},"4P":{"R3":"10"}},"67":{"XJ":{"3J":"10","5J":"10"},"44":{"RR":"10","PP":"10","WV":"10","QQ":"10"},"45":{"QR":"10"},"57":{"6H":"10"}},"R4":{"J5":{"P4":"10"}},"V4":{"46":{"22":"10"},"36":{"X3":"10","63":"10","52":"10","53":"10","X2":"10","62":"10"},"35":{"VV":"10","RQ":"10","RP":"10","WW":"10","VR":"10","VW":"10"}}}}