{"88":{"V8":{"JP":{"6F":"10","7F":"10","RR":"10","RV":"10","QR":"10","6C":"10","7C":"10","QV":"10"},"CV":{"J2":"10","H2":"10"},"HF":{"63":"10","74":"10","64":"10","73":"10"},"GC":{"7P":"10","8R":"10","8Q":"10","8P":"10","7Q":"10","7R":"10"},"6J":{"2F":"10"},"HC":{"9R":"10","CR":"10"},"74":{"94":"10","84":"10","83":"10","82":"10","92":"10","93":"10"},"Q2":{"MC":"10"},"CR":{"HX":"10","JX":"10"},"GP":{"VC":"10","V9":"10","R9":"10","RC":"10"},"FQ":{"M8":"10"},"X6":{"XW":"10","WW":"10","XV":"10","WV":"10"},"XX":{"52":"10"},"G8":{"8C":"10"},"PQ":{"RW":"10","QP":"10","M2":"10"},"PP":{"MX":"10"},"H8":{"8J":"10","8H":"10","5J":"10","5H":"10"},"C6":{"VF":"10","VG":"10","RG":"10","RJ":"10","RF":"10","VJ":"10","VH":"10","RH":"10"},"48":{"QF":"10","QG":"10"},"62":{"G5":"10","G6":"10"},"VW":{"P4":"10"},"9V":{"GG":"10","J2":"10","M2":"10"},"V3":{"6P":"10","6M":"10"},"5G":{"6W":"10","5G":"10","5H":"10"},"HQ":{"QQ":"10"},"MQ":{"P8":"10","RJ":"10","RH":"10"},"63":{"88":"10","89":"10"},"93":{"6P":"10","6Q":"10"},"9R":{"MX":"10","JW":"10","HW":"10","HX":"10","JX":"10"},"QR":{"JJ":"10"},"HP":{"WG":"10","VF":"10","WJ":"10","WF":"10","VG":"10","XH":"10","RG":"10","XJ":"10","RF":"10","WH":"10"}},"R8":{"V9":{"FW":"10","CW":"10","FX":"10"},"PJ":{"QP":"10","QQ":"10"},"R9":{"59":"10","5C":"10"},"WC":{"C9":"10"}},"R2":{"25":{"22":"10","23":"10"},"52":{"QX":"10","PJ":"10","VV":"10","HM":"10","Q2":"10","VP":"10","PM":"10","MM":"10","MP":"10","HJ":"10","Q3":"10","QQ":"10","VQ":"10","RX":"10","WQ":"10","RV":"10","QR":"10","PQ":"10","RR":"10","RW":"10","R2":"10","R3":"10","VW":"10","PP":"10"},"54":{"MJ":"10","MH":"10","JH":"10","JG":"10","MG":"10"},"53":{"R2":"10"},"44":{"MH":"10","RJ":"10","QJ":"10","QH":"10","RH":"10","MG":"10"},"42":{"FW":"10","9P":"10","9M":"10","FX":"10","CP":"10","CM":"10"},"62":{"5P":"10","8Q":"10","4M":"10","5Q":"10","3P":"10","7R":"10","74":"10","7V":"10","3M":"10","6V":"10","8R":"10","3Q":"10","5M":"10","6W":"10","64":"10","6R":"10","7Q":"10","75":"10","4P":"10","4Q":"10","65":"10","7W":"10"}},"W5":{"R5":{"F2":"10"},"RG":{"XC":"10","WC":"10"},"R4":{"GV":"10","GR":"10","FX":"10"}},"W3":{"XX":{"94":"10","7H":"10","7G":"10","4J":"10","4H":"10","8H":"10","5J":"10","6R":"10","8G":"10","5H":"10"},"XV":{"XG":"10"},"QW":{"P9":"10"},"H3":{"RW":"10","PW":"10","PX":"10","RR":"10","VX":"10","QX":"10","RV":"10","VW":"10","RX":"10","QW":"10","QV":"10"},"CG":{"G9":"10","G8":"10","JH":"10"},"H4":{"Q2":"10","R3":"10","V2":"10","R2":"10","V3":"10"},"H7":{"4P":"10"},"GC":{"XP":"10","XM":"10","XH":"10","XG":"10","XJ":"10","WH":"10","WM":"10"},"FH":{"W7":"10","W8":"10"},"RX":{"4Q":"10","4V":"10","4R":"10"},"GH":{"56":"10"},"HC":{"2J":"10","3G":"10","2G":"10","2H":"10","4F":"10","3F":"10","4C":"10","2M":"10","2F":"10","3C":"10"}},"X3":{"3Q":{"6M":"10"},"4J":{"3J":"10","3M":"10","29":"10"},"3J":{"59":"10","RH":"10","5C":"10"},"3V":{"CG":"10","CF":"10"},"2V":{"2G":"10"},"FV":{"FG":"10","CG":"10","CH":"10"}},"R5":{"QR":{"G9":"10","MH":"10","JH":"10","HH":"10","HG":"10"},"QV":{"Q3":"10"}},"V7":{"94":{"52":"10"},"VQ":{"HW":"10"},"M6":{"V9":"10"},"C5":{"MM":"10"},"VR":{"4Q":"10","4R":"10"},"93":{"5X":"10"}},"Q2":{"W2":{"88":"10","9F":"10","9H":"10","CJ":"10","9G":"10","9J":"10","89":"10","CH":"10"},"X5":{"X3":"10","X2":"10"},"X2":{"Q3":"10","Q2":"10","P3":"10","P2":"10"},"V2":{"R7":"10","V2":"10"}},"X5":{"XX":{"GF":"10"},"P9":{"V2":"10"},"WJ":{"H7":"10","H8":"10"},"Q9":{"QF":"10","QC":"10","PF":"10","PC":"10"},"GV":{"6R":"10","6Q":"10"},"GX":{"68":"10","67":"10"},"FW":{"WG":"10","WF":"10"},"WQ":{"JW":"10","FM":"10","GP":"10","CC":"10","CG":"10","HV":"10","GM":"10","MW":"10","CH":"10"},"G4":{"MP":"10","QH":"10","PH":"10","PG":"10","QG":"10"},"HR":{"P8":"10","H4":"10","Q8":"10"},"GW":{"37":"10","35":"10","27":"10"}},"W6":{"X9":{"44":"10","2J":"10","2H":"10"},"X8":{"3W":"10","3V":"10","2V":"10","2W":"10"},"W9":{"G7":"10","F3":"10","G3":"10","H2":"10","F4":"10","G4":"10","G6":"10","P2":"10","G2":"10","G5":"10","F2":"10","F5":"10"},"W8":{"MQ":"10","VQ":"10","RQ":"10","MP":"10","RR":"10","VP":"10","RP":"10","JR":"10","QP":"10","PQ":"10","FX":"10","JQ":"10","QQ":"10"},"XF":{"WJ":"10","VM":"10","VJ":"10","WM":"10"}},"X6":{"F5":{"PF":"10","P5":"10","QM":"10"},"GG":{"6X":"10"},"4M":{"R3":"10","R2":"10","R4":"10"},"3P":{"WG":"10"},"2F":{"6W":"10"},"7R":{"4Q":"10","4P":"10"},"2G":{"8F":"10","9F":"10","77":"10","78":"10","9H":"10","9G":"10","8H":"10","8G":"10"},"J3":{"VX":"10","WX":"10"},"4R":{"J9":"10","J8":"10"},"V9":{"WR":"10","VP":"10","VM":"10","WQ":"10","RM":"10"},"6W":{"MQ":"10","MP":"10","GM":"10","HM":"10","GJ":"10","HJ":"10"},"4J":{"6F":"10","7F":"10","RX":"10","6C":"10","7C":"10"},"XC":{"83":"10","73":"10"},"GH":{"63":"10","52":"10","53":"10","62":"10"},"G7":{"36":"10"},"G9":{"6F":"10","9Q":"10","7F":"10","9P":"10","CR":"10","8P":"10"},"J5":{"MR":"10"},"4Q":{"86":"10","85":"10","24":"10"},"G6":{"W5":"10","V6":"10","V5":"10"},"7W":{"2J":"10"},"X9":{"8W":"10","8V":"10"}},"V6":{"H4":{"37":"10","26":"10","36":"10","27":"10"},"F5":{"H5":"10","H4":"10","G5":"10","G4":"10"},"6J":{"MJ":"10","HQ":"10","JR":"10","MM":"10","JQ":"10","HR":"10"},"36":{"WM":"10","WP":"10"},"V7":{"76":"10","PJ":"10","PP":"10","PM":"10"},"35":{"9C":"10","99":"10"},"W6":{"8X":"10","6W":"10","9X":"10","7W":"10","7X":"10"},"V6":{"CJ":"10","7W":"10","7X":"10","7V":"10"},"4R":{"22":"10","23":"10"},"3Q":{"QJ":"10","QM":"10","QG":"10"},"5V":{"5V":"10"},"5R":{"FV":"10","HV":"10","GV":"10","GR":"10","6Q":"10","FR":"10","CR":"10","CV":"10","HW":"10","GW":"10"},"37":{"W5":"10","W4":"10"},"V5":{"G3":"10"},"5M":{"5W":"10"},"46":{"2R":"10","2V":"10","2W":"10"},"2R":{"RJ":"10","QJ":"10","QH":"10","RH":"10"},"GH":{"CR":"10","CQ":"10","FR":"10","FQ":"10"},"FH":{"V9":"10","V8":"10"},"3R":{"2P":"10","2M":"10"},"4P":{"RJ":"10","RH":"10"},"H3":{"4C":"10"},"W7":{"HF":"10","GC":"10","F8":"10","HC":"10","82":"10","MJ":"10","92":"10","F7":"10","H9":"10","JF":"10","MH":"10","G8":"10","MG":"10","F6":"10","JJ":"10","HG":"10","JH":"10","JG":"10","GF":"10","G7":"10","JM":"10","MM":"10","HH":"10","F9":"10","G9":"10","94":"10","93":"10","JC":"10","C3":"10"}},"V9":{"H4":{"9Q":"10","33":"10","CQ":"10","CR":"10","CP":"10","FQ":"10","34":"10"},"F5":{"XX":"10","QM":"10","VV":"10","RP":"10","QP":"10","QH":"10","RV":"10","RJ":"10","WW":"10","RH":"10","WP":"10"},"G4":{"V6":"10","HX":"10","MV":"10","H4":"10","MW":"10","44":"10","MX":"10","G3":"10","J4":"10","PV":"10","QV":"10","J6":"10","P2":"10","34":"10","HW":"10","R5":"10","PX":"10"},"G5":{"Q7":"10","9R":"10","6R":"10","9P":"10","P5":"10","4V":"10","8P":"10","9H":"10","4H":"10","R8":"10","89":"10","4Q":"10","CQ":"10","7W":"10","99":"10","P7":"10","4J":"10","CC":"10","79":"10","QF":"10","4P":"10","3X":"10","7X":"10","9G":"10","CJ":"10","8M":"10","R5":"10","2V":"10","3P":"10","HW":"10","P8":"10","7F":"10","4X":"10","P9":"10","Q8":"10","2W":"10","FF":"10","Q6":"10","8F":"10","7G":"10","3W":"10","2X":"10","C9":"10","9Q":"10","6Q":"10","5X":"10","M7":"10"},"33":{"W3":"10"},"F7":{"8R":"10"},"J6":{"QF":"10","5X":"10","5W":"10","3W":"10","3V":"10","2X":"10"},"G2":{"25":"10"},"J3":{"R3":"10","R4":"10","V4":"10","V3":"10"},"Q6":{"8M":"10"},"H5":{"G5":"10"},"34":{"49":"10","3C":"10","39":"10","4C":"10"},"F6":{"28":"10","25":"10","6G":"10","X2":"10","26":"10","2H":"10","27":"10","24":"10"},"H8":{"G6":"10","F6":"10","97":"10","H3":"10","C7":"10","98":"10","W5":"10","JC":"10","H8":"10","9C":"10","J4":"10","F8":"10","GF":"10","H6":"10","M5":"10","89":"10","C2":"10","W6":"10","J5":"10","99":"10","HC":"10","CF":"10","H5":"10","CC":"10","MC":"10","F3":"10","J8":"10","C6":"10","HF":"10","G8":"10","G2":"10","G7":"10","C5":"10","M6":"10","H2":"10","J7":"10","J2":"10","9F":"10","M8":"10","H7":"10","88":"10","96":"10","H4":"10","C3":"10","GC":"10","M9":"10","G3":"10","86":"10","M3":"10","M2":"10","F9":"10","FC":"10","F7":"10","J9":"10","X6":"10","M4":"10","J6":"10","X5":"10","FF":"10","8C":"10","H9":"10","J3":"10","8F":"10","87":"10","X7":"10","C9":"10","G9":"10","C8":"10","V6":"10","JF":"10","M7":"10"},"85":{"FJ":"10","FH":"10","CH":"10"},"G3":{"C9":"10","8V":"10","8R":"10","9V":"10","8Q":"10","Q5":"10","F3":"10","78":"10","P5":"10","CP":"10","8G":"10","6F":"10","RX":"10","P4":"10","C8":"10","VM":"10","7C":"10","RW":"10","VJ":"10","9Q":"10","5F":"10","9R":"10"},"M7":{"5Q":"10","XW":"10"},"J2":{"22":"10","23":"10","33":"10","32":"10"},"J7":{"5P":"10","6P":"10","2H":"10","2W":"10","6Q":"10","CW":"10","5Q":"10","7R":"10","7V":"10","9W":"10","7F":"10","6M":"10","6G":"10","2P":"10","6V":"10","8R":"10","5M":"10","9X":"10","2X":"10","6F":"10","6W":"10","2R":"10","CX":"10","2V":"10","FW":"10","6R":"10","2M":"10","3R":"10","65":"10","9R":"10","7W":"10","2J":"10","2Q":"10"},"64":{"9X":"10","3V":"10"},"G7":{"H3":"10","H4":"10","VR":"10","R8":"10","XH":"10","G3":"10","VQ":"10","Q8":"10","H2":"10","XG":"10","G4":"10","P3":"10","R9":"10","P2":"10","WR":"10","G2":"10","F2":"10"},"M6":{"C6":"10","G7":"10","F7":"10","F8":"10","C5":"10","F9":"10","C8":"10","C7":"10","F6":"10","F5":"10"},"H7":{"8V":"10","JR":"10","5G":"10","2M":"10","JQ":"10","GG":"10","V7":"10","H8":"10","67":"10","3H":"10","QP":"10","66":"10","RW":"10","V9":"10","CJ":"10","82":"10","GQ":"10","56":"10","6P":"10","78":"10","3J":"10","QC":"10","XV":"10","VH":"10","8W":"10","FW":"10","68":"10","RV":"10","9W":"10","7P":"10","QW":"10","6M":"10","42":"10","H7":"10","GW":"10","C6":"10","RP":"10","89":"10","9P":"10","X2":"10","FQ":"10","H9":"10","XH":"10","WJ":"10","CP":"10","88":"10","9R":"10","HQ":"10","CQ":"10","VM":"10","8C":"10","FR":"10","WH":"10","HX":"10","5H":"10","JC":"10","43":"10","CM":"10","6Q":"10","F5":"10","PX":"10","7Q":"10","7R":"10","W2":"10","VJ":"10","JJ":"10","MP":"10","RR":"10","VQ":"10","MQ":"10","9F":"10","X3":"10","HV":"10","8R":"10","XJ":"10","73":"10","GJ":"10","9C":"10","C9":"10","9V":"10","FM":"10","VW":"10","JV":"10","GM":"10","WV":"10","99":"10","W3":"10","XW":"10","VR":"10","PP":"10","WQ":"10","9Q":"10","58":"10","CW":"10","J7":"10","W9":"10","FV":"10","WR":"10","CV":"10","GP":"10","PV":"10","PW":"10","79":"10","GX":"10","VP":"10","JM":"10","J9":"10","2J":"10","FP":"10","HP":"10","CR":"10","57":"10","C5":"10","R9":"10","J8":"10","F4":"10","2H":"10","3P":"10","8X":"10","WW":"10","VV":"10","HR":"10","MM":"10","HM":"10"},"54":{"97":"10"},"J8":{"X3":"10","22":"10","23":"10","X2":"10","92":"10","64":"10","65":"10","33":"10","R4":"10","34":"10"},"24":{"F7":"10","F8":"10"},"M8":{"22":"10","23":"10","24":"10"},"J5":{"JP":"10","JV":"10","PR":"10","MP":"10","HJ":"10","HM":"10","PQ":"10","JJ":"10","MV":"10","GH":"10","JM":"10","JQ":"10","HH":"10","MM":"10","MR":"10","HQ":"10","JR":"10","MQ":"10","GJ":"10","GM":"10","HP":"10"},"P5":{"6G":"10","7H":"10","6H":"10","7G":"10"},"G6":{"MG":"10","HX":"10","FX":"10","9R":"10","JP":"10","MH":"10","C7":"10","JG":"10","JH":"10","PP":"10","F8":"10","7R":"10","9W":"10","JQ":"10","4Q":"10","5Q":"10","5R":"10","9V":"10","HM":"10","FV":"10","C6":"10","MJ":"10","QV":"10","CV":"10","CX":"10","CW":"10","8V":"10","PQ":"10","7Q":"10","93":"10","X3":"10","MP":"10","QQ":"10","74":"10","GX":"10","MM":"10","8R":"10","83":"10","GR":"10","8Q":"10","FR":"10","GV":"10","PJ":"10","25":"10","HQ":"10","GW":"10","CR":"10","FQ":"10","HP":"10","22":"10","PR":"10","73":"10","PH":"10","23":"10","44":"10","MQ":"10","84":"10","JM":"10","FW":"10","43":"10","GJ":"10","8W":"10","6X":"10","HJ":"10","9Q":"10","5X":"10","X4":"10"},"P7":{"FJ":"10","FM":"10","CJ":"10","PF":"10","PC":"10","CM":"10"},"H6":{"55":"10","54":"10","44":"10","45":"10","XX":"10","46":"10","8M":"10","7J":"10"}},"R6":{"W3":{"2G":"10"},"WJ":{"C4":"10","C5":"10","F2":"10","G2":"10","G3":"10","F4":"10","C2":"10"},"V8":{"MH":"10","JH":"10"},"V3":{"XG":"10","XF":"10"}},"W4":{"X3":{"M7":"10","P8":"10","5F":"10","P7":"10","P6":"10","Q8":"10","26":"10","33":"10","34":"10","29":"10"},"W3":{"V9":"10","W2":"10","V2":"10","X6":"10","V8":"10","V7":"10","V3":"10"},"W2":{"XW":"10","VX":"10","XV":"10","WW":"10","XR":"10","WX":"10"},"X2":{"2P":"10","MF":"10","44":"10","3M":"10","2M":"10","PF":"10","MG":"10","34":"10","43":"10"},"X4":{"82":"10"}},"V5":{"JQ":{"J9":"10"}},"X4":{"H3":{"RP":"10","QH":"10"},"V5":{"4V":"10"},"H4":{"4H":"10"},"5H":{"J5":"10","FG":"10","J7":"10","FH":"10","C8":"10","GH":"10","J6":"10","GG":"10","H6":"10","C7":"10","9C":"10"},"G3":{"3J":"10","2J":"10"},"J3":{"FF":"10"},"8J":{"23":"10"},"29":{"CQ":"10","7M":"10","7J":"10","9H":"10","8J":"10","8H":"10","CR":"10","CV":"10","7H":"10","9J":"10"},"W6":{"25":"10","26":"10"},"5V":{"8H":"10"},"6J":{"F3":"10","G2":"10","G3":"10"}},"V3":{"H4":{"X8":"10","W8":"10"}},"W9":{"34":{"Q3":"10","P3":"10"},"43":{"5M":"10"}},"X7":{"J6":{"WQ":"10"},"97":{"35":"10"},"86":{"RJ":"10","RM":"10"},"FW":{"9R":"10","CR":"10"},"C4":{"8W":"10","6W":"10","7W":"10","6R":"10","8V":"10","6V":"10","7V":"10","7R":"10"},"MH":{"FR":"10"},"GF":{"Q6":"10"},"9P":{"W6":"10"},"G5":{"52":"10","53":"10","32":"10","42":"10","43":"10"},"G6":{"GR":"10"},"73":{"J9":"10","H9":"10","J8":"10","H8":"10"},"F6":{"J4":"10","J3":"10"},"CP":{"H7":"10","G6":"10","H6":"10","G7":"10"},"HP":{"H6":"10"},"8G":{"VG":"10","J9":"10","WG":"10","VF":"10","J8":"10","WF":"10"},"M5":{"7W":"10","MV":"10","JV":"10","PR":"10","PV":"10","8X":"10","JR":"10","MR":"10","7X":"10"}},"W2":{"FP":{"7M":"10","8R":"10","8Q":"10","7J":"10","8J":"10","9M":"10","7Q":"10","7P":"10","7R":"10","9P":"10","8M":"10","8P":"10"},"FR":{"VW":"10","M5":"10"},"FQ":{"FJ":"10","FH":"10"}},"V2":{"JP":{"M9":"10"},"HV":{"G5":"10","C6":"10","C7":"10"}},"W7":{"X9":{"97":"10","GP":"10","C7":"10","98":"10","FG":"10","3H":"10","9C":"10","5J":"10","5M":"10","2G":"10","9H":"10","F8":"10","GF":"10","6J":"10","89":"10","99":"10","3G":"10","7J":"10","CF":"10","CC":"10","C6":"10","6H":"10","6M":"10","GQ":"10","3X":"10","CG":"10","9G":"10","CJ":"10","5H":"10","9F":"10","GC":"10","F9":"10","FC":"10","F7":"10","2W":"10","FF":"10","7M":"10","2X":"10","2H":"10","CH":"10","C9":"10","G9":"10","C8":"10","FH":"10"},"7V":{"C8":"10","F7":"10","F6":"10","C6":"10","G7":"10","F8":"10","C7":"10"},"QQ":{"WR":"10","WV":"10"},"MX":{"6F":"10","98":"10","69":"10","68":"10","88":"10","78":"10","77":"10","99":"10","87":"10","67":"10","6C":"10","89":"10","7C":"10"},"VX":{"4Q":"10","4P":"10"},"RQ":{"3R":"10","3Q":"10","4Q":"10","4V":"10","4R":"10"},"X4":{"RC":"10","RF":"10","QG":"10"},"RX":{"QR":"10"},"W9":{"XX":"10","WG":"10","WJ":"10","XH":"10","XG":"10","XJ":"10","WH":"10","XW":"10"},"WC":{"6F":"10","6G":"10"}},"V4":{"J9":{"8C":"10","7P":"10","79":"10","8Q":"10","89":"10","7Q":"10","7C":"10"},"GJ":{"C5":"10"}},"W8":{"GW":{"9C":"10","8C":"10","9P":"10","C8":"10","8P":"10","C9":"10"},"53":{"C8":"10","C9":"10"},"25":{"MV":"10"},"23":{"59":"10","5C":"10"},"JV":{"RW":"10","QX":"10","RX":"10"},"JX":{"F9":"10","M5":"10","C9":"10"},"52":{"P8":"10","2H":"10","3J":"10","Q8":"10","Q5":"10","Q7":"10","3M":"10","Q6":"10","M5":"10","2R":"10","2V":"10","M4":"10","69":"10","PF":"10","2M":"10","4G":"10","M8":"10","P6":"10","P5":"10","P7":"10","2J":"10"},"42":{"XJ":"10","XH":"10","WQ":"10","WP":"10"},"MW":{"X6":"10"},"83":{"XH":"10"},"J6":{"WQ":"10"},"98":{"JH":"10","JJ":"10"},"8J":{"V8":"10","W7":"10","W8":"10","V7":"10"},"2P":{"7M":"10","8R":"10","7J":"10","7P":"10","7R":"10","6P":"10","6M":"10","6J":"10","6R":"10"},"26":{"RR":"10"},"PW":{"27":"10"},"JW":{"Q2":"10","R2":"10"},"J7":{"VC":"10","WC":"10","VF":"10"},"9J":{"9R":"10"},"C4":{"QW":"10","QV":"10"},"FW":{"R8":"10","R9":"10","W9":"10"},"9M":{"P9":"10"},"CC":{"WR":"10","WV":"10"},"63":{"FM":"10","FW":"10","FP":"10","CW":"10","CQ":"10","CR":"10","CP":"10","CM":"10","FR":"10","FV":"10","FQ":"10","CV":"10"},"V2":{"84":"10","83":"10"},"93":{"XG":"10","WG":"10","WF":"10"},"H3":{"H2":"10"}},"X8":{"88":{"J5":"10"},"24":{"64":"10"},"49":{"HX":"10","FV":"10","FX":"10","HV":"10","HM":"10","JV":"10","GV":"10","HJ":"10","GX":"10","GQ":"10","JJ":"10","JQ":"10","JP":"10","GR":"10","JR":"10","HQ":"10","FR":"10","HR":"10","JM":"10","HW":"10","HP":"10","GW":"10"},"4C":{"VC":"10","WH":"10","WJ":"10","G2":"10","VF":"10","H2":"10"},"6F":{"3F":"10","3C":"10"},"5C":{"6X":"10"},"3C":{"9M":"10"}}},"index":{"university,1|retail,2|tourism,3|wreck,4|historical,5|artsCulture,6|namedBuilding,7|water,8|wetland,9|park,10|beach,11|natureReserve,12|cemetery,13|trail,14":{}}}