{"index":{"university,1|retail,2|tourism,3|wreck,4|historical,5|artsCulture,6|namedBuilding,7|water,8|wetland,9|park,10|beach,11|natureReserve,12|cemetery,13|trail,14":{}},"89":{"FJ":{"22":{"HF":"10"}},"FH":{"3X":{"MV":"10"},"3W":{"GQ":"10"}},"FC":{"9R":{"HC":"10"},"9Q":{"V2":"10","VR":"10"},"FP":{"5P":"10"},"CR":{"2W":"10"},"CP":{"7X":"10"},"MW":{"X7":"3"},"FR":{"6R":"10","6V":"10","7V":"10","7R":"10"},"FV":{"5F":"10","3C":"10","2C":"10","5C":"10"}},"9P":{"PC":{"VM":"10","V6":"10","VJ":"10","V8":"10","W9":"10","WP":"10"},"V8":{"62":"10"},"R8":{"M7":"10","HF":"10","HH":"10","HG":"10","CQ":"10","FQ":"10"},"P8":{"QM":"10","VF":"10","XC":"10","WF":"10","VP":"10","QP":"10","VG":"10","P8":"10","VQ":"10","WQ":"10","RF":"10","VH":"10","WC":"10","RH":"10","WP":"10","V8":"10"},"R9":{"3R":"10","3Q":"10","4J":"10","3J":"10","3M":"10","67":"10","2R":"10","2Q":"10"},"VQ":{"2R":"10"},"VM":{"5R":"10"},"R5":{"HH":"10"},"Q8":{"4R":"10","2W":"10","4Q":"10","4P":"10","5R":"10","3R":"10","3Q":"10","5P":"10","5Q":"10","2X":"10","5V":"10","4V":"10","6R":"10"},"RF":{"9C":"10","FJ":"10","FH":"10","8C":"10","CC":"10","CJ":"10","9M":"10","99":"10","87":"10","7C":"10","HJ":"10","CH":"10"},"Q7":{"3H":"10"},"QM":{"88":"10","45":"10","FQ":"10","C6":"10","35":"10","99":"10","FP":"10","98":"10","96":"10","97":"10","9M":"10","2C":"10","29":"10","GP":"10","C8":"10","2F":"10","CR":"10","89":"10","27":"10","36":"10","26":"10","87":"10","C7":"10"},"P9":{"W4":"10"},"V6":{"64":"10","73":"10","72":"10"},"R6":{"36":"10"},"PQ":{"W2":"10"},"Q9":{"6G":"10","P6":"10","M8":"10","3P":"10"},"VP":{"2M":"10","38":"10","2V":"10","2X":"10"},"RP":{"RJ":"10","VM":"10","VJ":"10","RM":"10"},"RQ":{"W9":"10"},"RH":{"9Q":"10"},"2R":{"3R":"10","3V":"10"},"RV":{"P3":"10","44":"10","H2":"10|7"},"PH":{"84":"10","85":"10"},"PF":{"CR":"10"},"PM":{"XC":"10","XF":"10"},"VR":{"22":"10","2X":"10"},"P7":{"XX":"10"},"RR":{"2P":"10|7","RV":"10","WQ":"10"},"QR":{"CG":"10"}},"CJ":{"PW":{"MV":"10","JV":"10","MQ":"10","PR":"10","MP":"10","PQ":"10","RC":"10","HQ":"10","R9":"10","MR":"10","HP":"10","PP":"10"},"MQ":{"6F":"10","2G":"10","6G":"10","5G":"10","5F":"10","4J":"10","2P":"10","3G":"10","5J":"10","4M":"10"},"QJ":{"CV":"10"},"MP":{"4Q":"10","4M":"10","4P":"10"},"RP":{"2V":"10"},"MR":{"8C":"10","9H":"10","9G":"10","5C":"10","6C":"10"},"G6":{"XW":"10"},"JQ":{"XG":"10","WG":"10"},"QQ":{"R9":"10","RG":"10","RF":"10"}},"6R":{"P7":{"V8":"10"}},"8P":{"XV":{"59":"10","58":"10"},"XR":{"9V":"10","8V":"10","9W":"10"}},"CH":{"FQ":{"P4":"10"},"GM":{"FM":"10"},"J5":{"3X":"10"},"G7":{"9F":"10","9G":"10"},"GF":{"MF":"10","MC":"10","PP":"10","7C":"10"},"CJ":{"9Q":"10","8Q":"10"},"J8":{"9Q":"10","GQ":"10","GR":"10","CM":"10","FR":"10","FQ":"10"},"G8":{"FH":"10","FG":"10","XW":"10","JJ":"10"},"CH":{"Q9":"10"},"PQ":{"82":"10","92":"10"},"J6":{"6R":"10","2R":"10","5R":"10","34":"3"},"CR":{"46":"10"},"H8":{"69":"10","68":"10","X9":"10","78":"10","7P":"10","79":"10","X8":"10","6P":"10","7Q":"10","6Q":"10"},"MR":{"GQ":"10"},"H6":{"M7":"10","XQ":"10","W4":"3","8G":"3","8H":"3","M8":"10","M9":"10","XR":"10","V4":"3"},"H9":{"2G":"10","VP":"10","9V":"10","Q5":"10","FG":"10","R4":"10","3Q":"10","83":"10","R5":"10","9W":"10","Q4":"10","PP":"10"},"PP":{"PQ":"10"},"G9":{"XG":"10","G9":"10","V9":"10","VH":"10","VJ":"10","H8":"10","RF":"10","GC":"10"},"J9":{"54":"10"}}}}