{"index":{"university,1|retail,2|tourism,3|wreck,4|historical,5|artsCulture,6|namedBuilding,7|water,8|wetland,9|park,10|beach,11|natureReserve,12|cemetery,13|trail,14":{}},"8M":{"MG":{"R7":{"WR":"10","XQ":"10","VV":"10","VQ":"10","MP":"10","RR":"10","XV":"10","XP":"10","XR":"10","RV":"10","VR":"10","WQ":"10","MM":"10","WV":"10","JM":"10","WP":"10"}},"39":{"Q6":{"RJ":"10","QJ":"10","QM":"10"}},"VX":{"VC":{"4G":"10"}},"Q7":{"J3":{"C4":"10","F5":"10","C5":"10","F6":"10","C6":"10","F4":"10"},"53":{"94":"10","84":"10","83":"10","74":"10","73":"10","93":"10"},"M4":{"Q3":"10","Q2":"10","P3":"10","P2":"10","R5":"10","P4":"10","Q4":"10","P5":"10","R4":"10","Q5":"10"},"M3":{"PW":"10","PX":"10","QX":"10","QW":"10"},"H2":{"J2":"10","M2":"10"}},"FX":{"9R":{"PC":"10","R7":"10","R8":"10","J9":"10","HC":"10","R5":"10","QC":"10","Q8":"10","J6":"10","Q5":"10","Q7":"10","G2":"10","Q6":"10","P9":"10","V6":"10","R6":"10","Q9":"10","QF":"10","F2":"10","J7":"10","PF":"10","PG":"10","J8":"10","JC":"10"},"9Q":{"FX":"10","HV":"10","GV":"10","GX":"10","FW":"10","GR":"10","HR":"10","HW":"10","GW":"10"}},"GP":{"2G":{"Q2":"10","W3":"10","W2":"10","X2":"10","R3":"10","V2":"10","R2":"10","R4":"10","V3":"10"},"3F":{"2X":"10","2W":"10"},"2F":{"XX":"10","QX":"10","VV":"10","QW":"10","XV":"10","VP":"10","WV":"10","RP":"10","PR":"10","VR":"10","QP":"10","QQ":"10","RM":"10","VQ":"10","PV":"10","VX":"10","RQ":"10","RX":"10","WQ":"10","RV":"10","QR":"10","PQ":"10","QV":"10","XR":"10","RR":"10","VM":"10","RW":"10","WR":"10","WX":"10","WW":"10","XW":"10","WP":"10","VW":"10"},"4H":{"8W":"10","8X":"10","8F":"10","7G":"10","7F":"10","7W":"10","7X":"10","8G":"10","7C":"10"},"3G":{"22":"10"},"3M":{"VC":"10","VF":"10","RC":"10","RF":"10"},"2R":{"Q3":"10","M3":"10","R4":"10","J4":"10","P4":"10","P3":"10","R3":"10","Q4":"10","M4":"10"},"4M":{"69":"10","68":"10","56":"10","57":"10","V6":"10","67":"10","V5":"10","58":"10","R6":"10"}},"H3":{"RR":{"3R":"10","2G":"10","3Q":"10","2P":"10","4Q":"10","3V":"10","2R":"10","2H":"10","2Q":"10","2V":"10","3P":"10","4R":"10","2W":"10","4P":"10"},"QR":{"XG":"10","WH":"10","MX":"10","VQ":"10","RW":"10","QX":"10","RX":"10","WJ":"10","XP":"10","XJ":"10","WR":"10","WQ":"10","XW":"10","XV":"10","PW":"10","VP":"10","XM":"10","RQ":"10","XQ":"10","WM":"10","PX":"10","QW":"10","RV":"10","WP":"10","XH":"10","QV":"10","VR":"10","RR":"10","QR":"10"},"QV":{"P2":"10","PC":"10","R7":"10","V8":"10","R8":"10","QH":"10","QC":"10","V7":"10","Q2":"10","QP":"10","QM":"10","VH":"10","QF":"10","RJ":"10","RH":"10","VJ":"10","XC":"10","QJ":"10","WC":"10","W9":"10","PH":"10","PJ":"10","QG":"10","PF":"10","VG":"10","RG":"10","X9":"10"}},"C7":{"4G":{"WG":"10","PJ":"10","PM":"10","R6":"10","MM":"10","Q5":"10","VG":"10","R4":"10","Q6":"10","WH":"10","R5":"10","VH":"10"}},"5W":{"28":{"4J":"10","5J":"10","3M":"10","4M":"10","6M":"10","6J":"10","5P":"10","5M":"10","4P":"10"}},"XH":{"QW":{"P6":"10","M6":"10","P5":"10","M5":"10"},"QV":{"HW":"10","HX":"10","JX":"10"},"4P":{"47":"10","48":"10"}},"JG":{"V6":{"G9":"10","G8":"10","H7":"10","FC":"10","F9":"10","H9":"10","H8":"10","G7":"10","GC":"10","F8":"10"}},"W5":{"HM":{"86":"10","85":"10"}},"F5":{"2J":{"86":"10","76":"10","85":"10","75":"10"}},"JC":{"RJ":{"2R":"10","2Q":"10","2V":"10","2X":"10","2W":"10"},"QJ":{"XG":"10","WH":"10","WX":"10","QH":"10","VQ":"10","VM":"10","WJ":"10","XP":"10","XJ":"10","RF":"10","WR":"10","WQ":"10","XW":"10","XV":"10","XX":"10","WG":"10","WV":"10","XF":"10","VP":"10","WW":"10","XM":"10","RC":"10","VH":"10","RJ":"10","XR":"10","VW":"10","RH":"10","VJ":"10","XQ":"10","WM":"10","XC":"10","VC":"10","QJ":"10","WC":"10","WP":"10","VF":"10","VG":"10","VV":"10","XH":"10","VR":"10","RG":"10","WF":"10"},"QM":{"X2":"10"}},"H8":{"M6":{"XQ":"10","VQ":"10","RQ":"10","RP":"10","XP":"10","WQ":"10","QQ":"10","WP":"10"},"P7":{"7M":"10","7J":"10"},"P6":{"P9":"10","CQ":"10","82":"10","4Q":"10","8R":"10","92":"10","PC":"10","CP":"10","7Q":"10","3Q":"10","7P":"10","5P":"10","6Q":"10","5Q":"10","6P":"10","2Q":"10","9P":"10","9Q":"10"},"J5":{"XG":"10","X9":"10","XC":"10","7P":"10","X8":"10","6P":"10","6R":"10","X7":"10","7Q":"10","6Q":"10","XF":"10","7R":"10"},"Q5":{"88":"10","86":"10","9V":"10","8R":"10","8Q":"10","98":"10","97":"10","42":"10","7Q":"10","7P":"10","7R":"10","9P":"10","52":"10","8P":"10","9Q":"10","9R":"10","87":"10"},"P5":{"GG":"10","8X":"10","29":"10","9W":"10","CH":"10","FQ":"10","FJ":"10","28":"10","MG":"10","8W":"10","FF":"10","27":"10","HR":"10","9X":"10","MF":"10","GH":"10","JG":"10","FH":"10","FR":"10","HQ":"10","GR":"10","GJ":"10","FG":"10","CF":"10","GQ":"10","CG":"10"},"G8":{"76":"10","55":"10","68":"10","67":"10","78":"10","65":"10","56":"10","75":"10","87":"10","77":"10","66":"10"},"P4":{"PC":"10","HF":"10","GG":"10","QC":"10","HJ":"10","RF":"10","JF":"10","XW":"10","XV":"10","MH":"10","MC":"10","MG":"10","RC":"10","MF":"10","QF":"10","JH":"10","HG":"10","GH":"10","VC":"10","WC":"10","JG":"10","GF":"10","HH":"10","FH":"10","PF":"10","VF":"10","PG":"10","FG":"10","GJ":"10","WF":"10","GM":"10"},"XJ":{"HF":"10","GF":"10","JC":"10","GC":"10","JF":"10","HC":"10","H9":"10","G9":"10","J9":"10"},"J6":{"WG":"10","VF":"10","WJ":"10","VG":"10","RG":"10","RM":"10","RJ":"10","RF":"10","WH":"10","WM":"10","VM":"10","VJ":"10","VH":"10","RH":"10"},"V8":{"9Q":"10","9P":"10","CP":"10"},"Q4":{"2W":"10","7V":"10","6W":"10","3X":"10","5X":"10","4X":"10","4W":"10","8J":"10","9M":"10","2V":"10","2X":"10","6V":"10","8M":"10","9J":"10","3W":"10","6R":"10"},"M5":{"39":"10","G6":"10","F6":"10","6C":"10","XC":"10","58":"10","6G":"10","F5":"10","2G":"10","5C":"10","F8":"10","7C":"10","56":"10","5F":"10","3G":"10","69":"10","79":"10","WG":"10","WF":"10","G8":"10","G5":"10","G7":"10","47":"10","78":"10","3C":"10","X9":"10","2C":"10","68":"10","57":"10","36":"10","46":"10","67":"10","5G":"10","26":"10","37":"10","48":"10","29":"10","4G":"10","66":"10","WC":"10","59":"10","4F":"10","7F":"10","XG":"10","F7":"10","XF":"10","3F":"10","27":"10","X8":"10","4C":"10","28":"10","X7":"10","2F":"10","38":"10","49":"10","6F":"10"}},"R7":{"3M":{"QM":"10","XV":"10","VP":"10","WV":"10","RP":"10","QP":"10","QQ":"10","RM":"10","VQ":"10","RQ":"10","WQ":"10","XR":"10","WM":"10","VM":"10","WR":"10","WW":"10","XW":"10","WP":"10"},"QP":{"XQ":"10","VC":"10","V9":"10","XP":"10","WQ":"10","WP":"10"},"4M":{"5P":"10","5X":"10","6P":"10","8Q":"10","6Q":"10","7X":"10","5Q":"10","7R":"10","7V":"10","7P":"10","6V":"10","4R":"10","6X":"10","5V":"10","5R":"10","6W":"10","4W":"10","6R":"10","4V":"10","7Q":"10","5W":"10","4Q":"10","7W":"10","8P":"10"},"QG":{"Q6":"10","Q7":"10"}},"4V":{"HM":{"64":"10"},"FX":{"M4":"10","P5":"10","M5":"10"},"FV":{"XW":"10"}},"V7":{"FJ":{"X9":"10","XC":"10","X8":"10","X7":"10"},"J5":{"9W":"10"},"GJ":{"2C":"10","27":"10","29":"10"}},"8P":{"9V":{"RQ":"10","RP":"10","QP":"10","QQ":"10"},"9X":{"R7":"10","R8":"10","R5":"10","V6":"10","V5":"10","V8":"10","R6":"10","V7":"10"},"CW":{"6C":"10","53":"10","23":"10","43":"10","33":"10","7C":"10","44":"10","7F":"10","6G":"10","5C":"10","8F":"10","49":"10","59":"10","5F":"10","4C":"10","6F":"10","22":"10","32":"10","64":"10","4F":"10","5G":"10","8C":"10","69":"10","54":"10","4G":"10","24":"10","63":"10","65":"10","55":"10"},"CQ":{"5P":"10","4P":"10"},"CV":{"F7":"10","44":"10","9M":"10","H8":"10","C4":"10","7F":"10","3H":"10","66":"10","CJ":"10","56":"10","8H":"10","G7":"10","F8":"10","65":"10","C8":"10","H7":"10","C6":"10","89":"10","9H":"10","H9":"10","G9":"10","88":"10","6G":"10","H5":"10","F6":"10","8G":"10","8C":"10","98":"10","JC":"10","CM":"10","5Q":"10","J5":"10","6Q":"10","2Q":"10","7V":"10","F5":"10","7R":"10","8M":"10","G8":"10","5R":"10","54":"10","9F":"10","F9":"10","CC":"10","9C":"10","H6":"10","C9":"10","97":"10","99":"10","93":"10","94":"10","96":"10","G4":"10","7C":"10","8F":"10","2R":"10","95":"10","J7":"10","79":"10","F3":"10","C7":"10","4Q":"10","J9":"10","87":"10","7G":"10","6V":"10","9G":"10","CF":"10","6R":"10","9J":"10","G6":"10","55":"10","45":"10","86":"10","J6":"10","C3":"10","C5":"10","5V":"10","J8":"10","F4":"10","2H":"10","G5":"10","H4":"10","CG":"10"},"9W":{"X3":"10","QC":"10","P9":"10","M4":"10","X4":"10","JX":"10","M2":"10","PC":"10","M3":"10"}},"VR":{"PR":{"RX":"10"},"JG":{"RP":"10"}},"V2":{"XC":{"8J":"10","7P":"10","6P":"10","CR":"10","8M":"10","8P":"10","7Q":"10","7V":"10","FR":"10","7R":"10","5P":"10","FV":"10","CV":"10"}},"4H":{"8P":{"34":"10"}},"5C":{"FR":{"6J":"10"}},"5V":{"94":{"H3":"10","H4":"10","99":"10","H5":"10","F3":"10","98":"10","G3":"10","97":"10","G4":"10","89":"10","8C":"10","G5":"10"},"22":{"CV":"10","6P":"10","7J":"10","6J":"10","6Q":"10","CW":"10","7H":"10","7R":"10","7V":"10","9W":"10","7P":"10","6M":"10","6G":"10","8R":"10","9X":"10","8V":"10","CX":"10","9V":"10","6H":"10","6R":"10","7Q":"10","7M":"10","7G":"10"},"23":{"94":"10","86":"10","85":"10","95":"10","92":"10","87":"10","93":"10","C2":"10"},"93":{"9R":"10","9Q":"10","9V":"10"},"72":{"25":"10","35":"10"}},"9W":{"6R":{"CX":"10"}},"6J":{"RW":{"X3":"10"},"MW":{"H5":"10"}},"R8":{"78":{"PV":"10","MX":"10","MV":"10","HX":"10","JX":"10","MW":"10","FV":"10"},"79":{"J2":"10","H2":"10"},"4G":{"23":"10","33":"10","34":"10","24":"10"},"G2":{"74":"10","76":"10","84":"10","86":"10","C6":"10","73":"10","95":"10","96":"10","94":"10","C5":"10","97":"10","83":"10","75":"10","87":"10","85":"10","C4":"10","C7":"10","77":"10"}},"2M":{"2X":{"2H":"10"}},"H6":{"Q7":{"MJ":"10","QF":"10","PJ":"10","MH":"10","JH":"10","QJ":"10","QH":"10","PH":"10","RH":"10","RG":"10","MG":"10","PG":"10","JJ":"10","QG":"10"}},"M5":{"Q7":{"74":"10","82":"10","64":"10","72":"10"},"C6":{"QM":"10","JG":"10","PJ":"10","PM":"10","MJ":"10","QH":"10","RG":"10","RM":"10","QG":"10","RJ":"10","JH":"10","PH":"10","RH":"10","QJ":"10"},"G7":{"6C":"10","7C":"10"}},"Q3":{"WH":{"VG":"10","X9":"10","XC":"10","WC":"10","W9":"10","WF":"10"},"RQ":{"83":"10","82":"10","92":"10","93":"10"}},"QR":{"W5":{"J6":"10","H7":"10","H6":"10"}},"42":{"82":{"PQ":"10"},"F3":{"RW":"10","VV":"10","RR":"10","RV":"10","VR":"10"},"G3":{"4V":"10","4R":"10"},"C5":{"WG":"10","X9":"10","VF":"10","XC":"10","WF":"10","X8":"10","VG":"10","XF":"10","VC":"10","W9":"10","WH":"10","VJ":"10","VH":"10","WC":"10"},"F4":{"X9":"10","X8":"10","X7":"10","X6":"10","W9":"10","W8":"10"},"G4":{"6F":"10","6G":"10","26":"10","36":"10","27":"10"},"F5":{"38":"10","45":"10","35":"10","46":"10","37":"10","29":"10","27":"10","36":"10","26":"10","28":"10"}},"5R":{"2X":{"2C":"10","2H":"10","3P":"10","2F":"10","3H":"10","29":"10","2G":"10","38":"10","3G":"10","28":"10","4R":"10","3Q":"10","37":"10","49":"10","27":"10","4C":"10","3C":"10","48":"10","39":"10","4V":"10","3R":"10","3F":"10","4Q":"10","4P":"10"}},"P4":{"W2":{"4X":"10","3X":"10","3W":"10","3V":"10","4V":"10","4W":"10"},"HV":{"XG":"10","WH":"10","QH":"10","VM":"10","RF":"10","QP":"10","QM":"10","V9":"10","WG":"10","XF":"10","RP":"10","VH":"10","QF":"10","RJ":"10","RH":"10","VJ":"10","XC":"10","RM":"10","VC":"10","WC":"10","QJ":"10","W9":"10","PH":"10","QG":"10","PF":"10","VF":"10","VG":"10","PG":"10","XH":"10","RG":"10","WF":"10","W8":"10","X9":"10","X8":"10"},"JV":{"2C":"10","2H":"10","56":"10","57":"10","2F":"10","29":"10","2G":"10","76":"10","38":"10","3G":"10","66":"10","3C":"10","48":"10","39":"10","67":"10","77":"10","47":"10","3F":"10","58":"10"},"WF":{"23":"10","2P":"10","25":"10","33":"10","22":"10","3P":"10","24":"10","29":"10","3Q":"10","2Q":"10","27":"10","34":"10","26":"10","28":"10","32":"10"},"V3":{"G6":"10","F6":"10","97":"10","55":"10","C7":"10","98":"10","58":"10","F5":"10","J4":"10","54":"10","8P":"10","5J":"10","4H":"10","5C":"10","C4":"10","M5":"10","Q9":"10","56":"10","52":"10","5F":"10","32":"10","4J":"10","F3":"10","C6":"10","G2":"10","8J":"10","7P":"10","G5":"10","G7":"10","C5":"10","W8":"10","57":"10","63":"10","5H":"10","67":"10","J2":"10","8M":"10","5G":"10","W7":"10","64":"10","96":"10","W9":"10","74":"10","4G":"10","66":"10","G3":"10","95":"10","WC":"10","M3":"10","72":"10","34":"10","59":"10","8G":"10","4F":"10","7F":"10","QC":"10","F7":"10","22":"10","X6":"10","M4":"10","G4":"10","33":"10","73":"10","X5":"10","23":"10","8C":"10","8H":"10","65":"10","J3":"10","F4":"10","8F":"10","7G":"10","7M":"10","X8":"10","4C":"10","X7":"10","C8":"10","24":"10","F2":"10","94":"10","62":"10","53":"10"},"V5":{"Q2":"10","R2":"10"},"W4":{"3J":"10","3H":"10"},"V9":{"28":"10","2G":"10","2F":"10","2C":"10","32":"10","42":"10","29":"10"},"QF":{"FJ":"10","8J":"10","CJ":"10","9J":"10"},"X3":{"R7":"10","J4":"10","P3":"10","J3":"10","R5":"10","R3":"10","M4":"10","P4":"10","R4":"10","J5":"10","R6":"10","V7":"10","M5":"10","M3":"10"},"RJ":{"G2":"10","H2":"10"},"V2":{"39":"10","HX":"10","FX":"10","6R":"10","6V":"10","5W":"10","3Q":"10","7R":"10","5V":"10","6W":"10","5Q":"10","6P":"10","5R":"10","2Q":"10","7W":"10","FV":"10","7P":"10","3X":"10","7X":"10","4W":"10","3C":"10","JW":"10","7Q":"10","2R":"10","2V":"10","GX":"10","HW":"10","7V":"10","GV":"10","JV":"10","GW":"10","4X":"10","HV":"10","MV":"10","MR":"10","3V":"10","2W":"10","3R":"10","5P":"10","3W":"10","2X":"10","4C":"10","FW":"10","6X":"10","HR":"10","JX":"10","6Q":"10","5X":"10","38":"10","49":"10"},"GH":{"QF":"10","QC":"10","PF":"10","PC":"10"},"R9":{"PC":"10","R7":"10","R2":"10","XG":"10","R9":"10","QH":"10","R5":"10","QC":"10","V7":"10","Q7":"10","Q6":"10","P9":"10","V6":"10","M9":"10","V9":"10","R6":"10","MC":"10","Q9":"10","XF":"10","V5":"10","RC":"10","VH":"10","RJ":"10","RH":"10","VJ":"10","XC":"10","R3":"10","VC":"10","QJ":"10","WC":"10","W9":"10","X7":"10","QG":"10","VG":"10","RG":"10","X9":"10","X8":"10"},"W3":{"23":"10","45":"10","25":"10","33":"10","22":"10","35":"10","39":"10","24":"10","46":"10","2C":"10","29":"10","34":"10","36":"10","26":"10","32":"10","3C":"10"},"V4":{"PR":"10","RW":"10","VV":"10","RR":"10","VX":"10","QX":"10","RV":"10","QR":"10","PQ":"10","VW":"10","RX":"10","QQ":"10","QV":"10"},"JX":{"PJ":"10","PG":"10","PM":"10","MM":"10","MP":"10","MJ":"10","QH":"10","QF":"10","QG":"10","PH":"10","QJ":"10","PP":"10"},"MR":{"R5":"10","V6":"10","V5":"10","R6":"10"},"WC":{"3X":"10","2V":"10","2X":"10","2W":"10"},"RH":{"HW":"10","FW":"10","HX":"10","GW":"10","GV":"10","HV":"10","GX":"10","CW":"10","CR":"10","CQ":"10","FR":"10","FV":"10","FQ":"10","CV":"10"},"V8":{"4X":"10","3X":"10","3W":"10","4W":"10"}},"Q2":{"RJ":{"CX":"10","MJ":"10","PJ":"10","MH":"10","PH":"10"},"XP":{"WC":"10"},"RM":{"C2":"10"}},"VC":{"68":{"GH":"10","JH":"10","HH":"10","GM":"10","HM":"10","GJ":"10","JJ":"10","JM":"10","HJ":"10"},"R4":{"VM":"10"},"V4":{"6C":"10","F8":"10","79":"10","C8":"10","7C":"10","F7":"10","98":"10","9C":"10","88":"10","G8":"10","C7":"10","H8":"10","99":"10","G7":"10","8C":"10","C9":"10","69":"10","F9":"10","H7":"10","CC":"10","G6":"10","H6":"10","89":"10"}},"9V":{"88":{"MG":"10","MH":"10","RM":"10","PP":"10","QR":"10","QH":"10","QF":"10","WM":"10","RQ":"10","RF":"10","WH":"10","WJ":"10","RP":"10","QP":"10","PF":"10","VM":"10","PQ":"10","MP":"10","VH":"10","QJ":"10","QQ":"10","RJ":"10","MM":"10","QM":"10","PJ":"10","RH":"10","VP":"10","VQ":"10","QG":"10","PR":"10","RG":"10","PH":"10","MQ":"10","VF":"10","VG":"10","PM":"10","PG":"10","VJ":"10","RR":"10"},"99":{"F8":"10","79":"10","C8":"10","G5":"10","7C":"10","F7":"10","J6":"10","98":"10","9C":"10","H5":"10","C7":"10","F6":"10","99":"10","G7":"10","8C":"10","C9":"10","H7":"10","J5":"10","G6":"10","H6":"10","89":"10"}},"HC":{"JC":{"3J":"10","2J":"10","3M":"10","2M":"10"}},"P7":{"J9":{"55":"10","45":"10"},"5X":{"XW":"10","WW":"10","WX":"10","XX":"10"},"7H":{"VH":"10","RH":"10","RG":"10","J2":"10","VJ":"10"},"V7":{"92":"10","93":"10"},"H9":{"VC":"10","V9":"10","WC":"10","V8":"10","W9":"10","W8":"10"},"8J":{"G6":"10","GP":"10","6V":"10","JR":"10","58":"10","F5":"10","9C":"10","JH":"10","C4":"10","7R":"10","JQ":"10","6W":"10","H6":"10","7C":"10","56":"10","89":"10","7W":"10","99":"10","CF":"10","69":"10","CC":"10","79":"10","HM":"10","HH":"10","G7":"10","GQ":"10","7X":"10","47":"10","JJ":"10","C5":"10","78":"10","JW":"10","68":"10","57":"10","36":"10","46":"10","67":"10","9F":"10","H7":"10","26":"10","FP":"10","37":"10","48":"10","7V":"10","35":"10","JV":"10","HQ":"10","45":"10","HV":"10","FC":"10","HP":"10","FF":"10","GM":"10","8C":"10","27":"10","F4":"10","8F":"10","6X":"10","HJ":"10","HR":"10","38":"10"},"6X":{"8W":"10","CX":"10","6X":"10","4X":"10","6W":"10","5X":"10","5W":"10","3X":"10","3W":"10","9X":"10","3V":"10","7W":"10","5V":"10","CW":"10","7X":"10","6R":"10","5R":"10","8V":"10","6V":"10","2X":"10","7V":"10","4V":"10","2W":"10","4W":"10","9W":"10"},"M5":{"P7":"10","P6":"10","G7":"10","F7":"10","F8":"10","G8":"10","Q6":"10","Q7":"10"},"FM":{"P9":"10","MH":"10","MC":"10","PF":"10","PC":"10","M9":"10","MG":"10","MF":"10"},"9X":{"VH":"10","RH":"10","VJ":"10"},"M7":{"68":"10","7F":"10","78":"10","79":"10","7C":"10"},"RH":{"FM":"10","GM":"10","GJ":"10"},"C9":{"CX":"10","FV":"10","FX":"10","FQ":"10","MW":"10","FW":"10","MX":"10","FR":"10","JX":"10","CW":"10","JW":"10","GW":"10"},"CC":{"F2":"10","C2":"10"},"8H":{"MV":"10","JV":"10","JR":"10","MR":"10"},"7G":{"JX":"10"}},"4R":{"XX":{"X9":"10","XC":"10","X8":"10","X7":"10"}},"H5":{"P2":{"C2":"10","C5":"10","F5":"10","CM":"10","82":"10","92":"10","G5":"10","83":"10","9P":"10","76":"10","G2":"10","84":"10","H2":"10","F3":"10","CJ":"10","97":"10","H8":"10","96":"10","F2":"10","9J":"10","CP":"10","64":"10","G7":"10","9M":"10","H7":"10","54":"10","75":"10","94":"10","G6":"10","93":"10","C3":"10"}},"CC":{"X3":{"C3":"10"},"X5":{"X3":"10","W3":"10","X2":"10","X4":"10","W4":"10","V4":"10"},"X2":{"C8":"10","F7":"10","C7":"10"},"X4":{"WR":"10","XW":"10","XV":"10","WW":"10","XR":"10","XX":"10","WV":"10"}},"MC":{"97":{"CX":"10","9R":"10","9Q":"10","9V":"10","9X":"10","CW":"10","CR":"10","CQ":"10","CV":"10","9W":"10"},"98":{"PC":"10","C5":"10","F5":"10","F4":"10","C8":"10","92":"10","QC":"10","F7":"10","74":"10","76":"10","98":"10","84":"10","JF":"10","P9":"10","97":"10","C7":"10","MC":"10","MG":"10","66":"10","F6":"10","49":"10","C6":"10","96":"10","4C":"10","3C":"10","QF":"10","MF":"10","95":"10","C4":"10","64":"10","JG":"10","PF":"10","75":"10","PG":"10","94":"10","65":"10","93":"10","JC":"10"},"96":{"9C":"10","CC":"10","99":"10","C9":"10"},"CC":{"2J":"10","3M":"10","2M":"10","3P":"10"}},"FV":{"RW":{"5F":"10","4F":"10","5C":"10","4C":"10"},"QH":{"R2":"10"},"RH":{"MC":"10","45":"10","M7":"10","95":"10","JC":"10","44":"10","67":"10","P8":"10","43":"10","94":"10","M8":"10","M9":"10","J9":"10","77":"10"},"QG":{"RW":"10","RX":"10"}},"PC":{"57":{"FP":"10","CQ":"10","CP":"10","FQ":"10"},"39":{"R2":"10"},"38":{"RW":"10","VX":"10","RX":"10"},"QV":{"MG":"10","Q7":"10","MH":"10","RM":"10","JC":"10","R7":"10","V7":"10","VR":"10","GF":"10","R8":"10","H6":"10","Q9":"10","VC":"10","HC":"10","MC":"10","QF":"10","RQ":"10","RF":"10","HF":"10","RP":"10","W8":"10","PF":"10","VM":"10","V8":"10","VH":"10","M8":"10","H7":"10","W9":"10","MF":"10","V9":"10","RJ":"10","M9":"10","P8":"10","RV":"10","WC":"10","R9":"10","RH":"10","RC":"10","VP":"10","J9":"10","P9":"10","Q8":"10","VQ":"10","RG":"10","FF":"10","VV":"10","H9":"10","VF":"10","VG":"10","VJ":"10","JF":"10","RR":"10","M7":"10"}},"RF":{"XG":{"V9":"10","MC":"10","M9":"10","M8":"10","V8":"10","V7":"10"}},"J8":{"7F":{"XQ":"10"},"88":{"82":"10","QW":"10","PF":"10","PG":"10","92":"10","PC":"10","83":"10","93":"10","PH":"10","RW":"10","MG":"10","MF":"10"},"2G":{"25":"10","37":"10","26":"10","36":"10","35":"10","27":"10"},"7V":{"MG":"10","MH":"10","FG":"10","JG":"10","HG":"10","P5":"10","JH":"10","J4":"10","GF":"10","M5":"10","7C":"10","Q3":"10","42":"10","QH":"10","P4":"10","Q2":"10","J5":"10","32":"10","CF":"10","HF":"10","CG":"10","M6":"10","9G":"10","GG":"10","9F":"10","Q4":"10","M3":"10","34":"10","35":"10","25":"10","7F":"10","M4":"10","33":"10","J6":"10","P2":"10","PH":"10","FF":"10","23":"10","8C":"10","P3":"10","Q6":"10","8F":"10","J3":"10","Q5":"10","PG":"10","43":"10","24":"10","JF":"10","P6":"10"},"3H":{"3G":"10","4F":"10","4G":"10","3H":"10","57":"10","4C":"10","4H":"10","58":"10","47":"10"},"7G":{"XJ":"10","XG":"10","XH":"10","WH":"10","WJ":"10","WG":"10"},"4C":{"9P":"10","9M":"10","CP":"10","CM":"10"},"7P":{"9F":"10","9H":"10","9G":"10","8H":"10","CF":"10","CP":"10","CM":"10"},"7R":{"3X":"10"},"6C":{"MV":"10","JV":"10","MR":"10"},"5G":{"9R":"10","9V":"10","8R":"10","8V":"10"},"89":{"PC":"10","R8":"10","H4":"10","R9":"10","G4":"10","G5":"10","QC":"10","Q8":"10","J6":"10","G2":"10","J3":"10","P9":"10","H2":"10","H5":"10","G8":"10","M5":"10","Q9":"10","H8":"10","G3":"10","J4":"10","J2":"10","M4":"10","PF":"10","G9":"10","M3":"10","J5":"10","G6":"10","H3":"10","H6":"10"},"8C":{"52":"10","53":"10","44":"10","32":"10","42":"10","43":"10"},"8F":{"2P":"10","2Q":"10"},"48":{"X3":"10","W3":"10","X5":"10","X4":"10","W4":"10"}},"MJ":{"4M":{"VG":"10","VH":"10","RG":"10","VF":"10","RF":"10"}},"WF":{"HH":{"J2":"10","H2":"10"}},"G8":{"VX":{"P2":"10","M2":"10"},"VW":{"MX":"10","PX":"10"}},"G2":{"J9":{"VP":"10","RP":"10","VR":"10","V9":"10","VQ":"10","RQ":"10","VC":"10","RR":"10"},"JV":{"22":"10","23":"10","32":"10","24":"10"},"GQ":{"V6":"10","V5":"10"},"HV":{"V6":"10","W2":"10","V3":"10","W5":"10","V5":"10","W4":"10","X6":"10","R4":"10","X3":"10","X4":"10","W6":"10","X2":"10","V4":"10","W3":"10","X5":"10","R5":"10"},"JR":{"3X":"10","2X":"10"},"92":{"8W":"10","9X":"10","9W":"10"},"HM":{"V8":"10","WH":"10","R9":"10","QH":"10","QC":"10","WJ":"10","RF":"10","V9":"10","RC":"10","VH":"10","QF":"10","RJ":"10","RH":"10","VJ":"10","VC":"10","QJ":"10","W9":"10","X7":"10","QG":"10","VF":"10","VG":"10","RG":"10","W7":"10","W8":"10","X8":"10"},"93":{"94":"10","84":"10","83":"10","C4":"10","F5":"10","85":"10","G5":"10","C5":"10","C3":"10","F6":"10","C6":"10"},"HR":{"WX":"10","XX":"10"},"XF":{"49":"10","59":"10","3C":"10","2C":"10","39":"10","29":"10"},"FR":{"QM":"10","VP":"10","RP":"10","PM":"10","QP":"10","VG":"10","VQ":"10","RM":"10","RQ":"10","XG":"10","WH":"10","VM":"10","VJ":"10","VH":"10","QJ":"10"},"FV":{"V6":"10","V5":"10"}},"7P":{"V9":{"P8":"10","Q9":"10","P9":"10","Q8":"10"},"VH":{"F9":"10"}},"G7":{"8H":{"JP":"10","CV":"10","9Q":"10","GW":"10","CM":"10","9H":"10","GG":"10","HW":"10","CW":"10","HJ":"10","9G":"10","9W":"10","CH":"10","9P":"10","CR":"10","GX":"10","GP":"10","FQ":"10","HM":"10","CJ":"10","FJ":"10","FM":"10","HR":"10","JJ":"10","HG":"10","JH":"10","HV":"10","9J":"10","9V":"10","CP":"10","GH":"10","JG":"10","FW":"10","JM":"10","HH":"10","FH":"10","9M":"10","FP":"10","FR":"10","CQ":"10","FV":"10","HQ":"10","GR":"10","GJ":"10","FG":"10","GV":"10","HX":"10","GQ":"10","9R":"10","GM":"10","HP":"10","CG":"10"}},"8X":{"Q3":{"2J":"10","3G":"10","6G":"10","2G":"10","2H":"10","PW":"10","4F":"10","4G":"10","3H":"10","MW":"10","5J":"10","4J":"10","MX":"10","5H":"10","6H":"10","4H":"10","5G":"10","5F":"10","PX":"10"},"P7":{"83":"10","82":"10","92":"10","C3":"10","93":"10","C2":"10"},"P6":{"9X":"10"},"P3":{"WH":"10","XG":"10","MJ":"10","HJ":"10","WJ":"10","XJ":"10","QM":"10","HM":"10","JJ":"10","VH":"10","JH":"10","RJ":"10","VJ":"10","QJ":"10","JM":"10","PJ":"10","GJ":"10","XH":"10","GM":"10"}},"GQ":{"GQ":{"GJ":"10","CX":"10","FV":"10","X9":"10","FQ":"10","CQ":"10","GM":"10","4P":"10","XC":"10","WF":"10","GV":"10","3H":"10","FP":"10","5J":"10","5M":"10","4J":"10","GX":"10","GQ":"10","CP":"10","5H":"10","49":"10","4C":"10","9X":"10","XF":"10","9M":"10","8X":"10","5C":"10","3J":"10","GR":"10","5P":"10","GP":"10","4M":"10","GH":"10","6C":"10","4H":"10","W9":"10","GG":"10","FR":"10","CR":"10","7C":"10","59":"10","CV":"10","9J":"10","WC":"10","GW":"10"},"GR":{"84":"10","82":"10","C9":"10","CC":"10","99":"10","G7":"10","92":"10","GF":"10","F3":"10","C2":"10","GC":"10","G3":"10","94":"10","G8":"10","F4":"10","G4":"10","C3":"10","83":"10","G6":"10","93":"10","G2":"10","G5":"10","C4":"10","G9":"10","9C":"10"}},"CX":{"RJ":{"J7":"10","M7":"10","P8":"10","H7":"10","M8":"10","J8":"10"},"9J":{"27":"10"}},"3X":{"MP":{"6Q":"10"},"JX":{"8W":"5","6X":"10","7W":"10","7X":"10","8V":"5","8P":"10","7V":"5"}},"7X":{"HX":{"P3":"10","M4":"10","MC":"10","P4":"10","PC":"10"}},"WV":{"69":{"9H":"10","9G":"10","CH":"10"}},"4W":{"F2":{"83":"10","74":"10","82":"10","73":"10"}},"XP":{"7V":{"94":"10","84":"10","83":"10","93":"10"}},"M6":{"J9":{"X5":"10","X4":"10"},"M9":{"25":"10","24":"10"}},"W8":{"3C":{"8F":"10","8C":"10","7F":"10","7C":"10"}},"PF":{"25":{"3R":"10","3V":"10","2R":"10","2V":"10"},"2J":{"C2":"10","53":"10","56":"10","82":"10","92":"10","52":"10","74":"10","83":"10","84":"10","38":"10","28":"10","72":"10","37":"10","27":"10","62":"10","46":"10","64":"10","47":"10","75":"10","63":"10","73":"10","65":"10","93":"10","55":"10"},"26":{"27":"10"},"64":{"H4":"10","C4":"10","F3":"10","M4":"10","P4":"10","H3":"10","P5":"10","G3":"10","G4":"10","F4":"10","M5":"10"},"2H":{"5X":"10","2H":"10","4M":"10","3J":"10","CW":"10","7X":"10","3H":"10","9W":"10","2G":"10","3M":"10","3G":"10","6X":"10","9X":"10","4J":"10","CX":"10","2M":"10","4G":"10","4H":"10","2J":"10"}},"H2":{"76":{"GJ":"10","7M":"10","GM":"10","FM":"10","8V":"10","5M":"10","9V":"10","8R":"10","CP":"10","7J":"10","8J":"10","FH":"10","7P":"10","5P":"10","5Q":"10","6P":"10","GG":"10","CM":"10","FJ":"10","8M":"10","8P":"10","9R":"10","6M":"10"},"39":{"PX":"10"},"68":{"22":"10","23":"10","33":"10","32":"10","34":"10","24":"10"},"64":{"RW":"10","VV":"10","VX":"10","WW":"10","WX":"10","VR":"10","VW":"10"},"67":{"2J":"10","4R":"10","2G":"10","2W":"10","2H":"10","3X":"10","4Q":"10","5R":"10","3R":"10","4X":"10","4W":"10","2C":"10","3Q":"10","29":"10","5Q":"10","2V":"10","2F":"10","3V":"10","2X":"10","27":"10","5V":"10","28":"10","4V":"10","3W":"10"},"57":{"HX":"10","9R":"10","R2":"10","XC":"10","XH":"10","W5":"10","V7":"10","54":"10","V2":"10","52":"10","42":"10","W6":"10","9V":"10","W4":"10","7H":"10","R3":"10","X9":"10","JW":"10","W8":"10","9G":"10","36":"10","63":"10","46":"10","9F":"10","26":"10","W7":"10","V5":"10","37":"10","29":"10","HW":"10","8R":"10","8Q":"10","72":"10","GV":"10","34":"10","35":"10","8G":"10","7F":"10","GW":"10","45":"10","XG":"10","XF":"10","X6":"10","V4":"10","2W":"10","73":"10","8H":"10","44":"10","27":"10","8F":"10","MX":"10","7G":"10","X8":"10","2X":"10","43":"10","28":"10","X7":"10","9Q":"10","V6":"10","JX":"10","V3":"10","62":"10","38":"10","53":"10"},"46":{"VV":"10","RQ":"10","RR":"10","RV":"10","VR":"10"},"56":{"9R":"10","JP":"10","XC":"10","XV":"10","JR":"10","QW":"10","JH":"10","PP":"10","9H":"10","9W":"10","JQ":"10","6W":"10","QR":"10","PW":"10","CQ":"10","7W":"10","9V":"10","FV":"10","MJ":"10","QV":"10","HH":"10","7H":"10","CV":"10","GQ":"10","7X":"10","JJ":"10","CW":"10","PQ":"10","PX":"10","MP":"10","QQ":"10","MM":"10","RV":"10","GR":"10","FR":"10","GV":"10","HQ":"10","CR":"10","4X":"10","HV":"10","FQ":"10","HP":"10","MR":"10","PR":"10","PV":"10","8H":"10","MQ":"10","PM":"10","JM":"10","FW":"10","GJ":"10","6X":"10","RW":"10","CH":"10","GH":"10","QX":"10","HJ":"10","HR":"10","5X":"10","RR":"10"},"58":{"X3":"10","22":"10","X2":"10","J2":"10","M2":"10","H2":"10"},"9Q":{"HQ":"10","GP":"10","GQ":"10","GR":"10","JQ":"10","HP":"10","HR":"10"},"3C":{"P2":"10"},"48":{"FG":"10","9P":"10","9C":"10","8P":"10","9H":"10","6J":"10","7C":"10","9M":"10","FM":"10","CQ":"10","7J":"10","CF":"10","CC":"10","8J":"10","6H":"10","7P":"10","6M":"10","7H":"10","FJ":"10","CG":"10","9G":"10","CJ":"10","X3":"10","8M":"10","9F":"10","FP":"10","CP":"10","8G":"10","9J":"10","7F":"10","W3":"10","CM":"10","FF":"10","X2":"10","8C":"10","8H":"10","8F":"10","7G":"10","7M":"10","GJ":"10","W2":"10","CH":"10","GH":"10","9Q":"10","FH":"10"},"47":{"MG":"10","XW":"10","MH":"10","XC":"10","JG":"10","PP":"10","Q9":"10","QH":"10","VC":"10","MC":"10","QF":"10","PC":"10","RF":"10","MJ":"10","WF":"10","X9":"10","W8":"10","PF":"10","QJ":"10","W9":"10","MF":"10","V9":"10","MM":"10","WC":"10","QM":"10","R9":"10","WX":"10","PJ":"10","RH":"10","RC":"10","QC":"10","QG":"10","RG":"10","PH":"10","XX":"10","VF":"10","VG":"10","PM":"10","X8":"10","PG":"10","JF":"10"},"66":{"39":"10","9R":"10","G6":"10","F6":"10","97":"10","6R":"10","6C":"10","C7":"10","6V":"10","3Q":"10","98":"10","9P":"10","6G":"10","3H":"10","9C":"10","4V":"10","8P":"10","5M":"10","2G":"10","4H":"10","5C":"10","F8":"10","7R":"10","5V":"10","7C":"10","9M":"10","89":"10","4Q":"10","6P":"10","5Q":"10","5R":"10","FM":"10","CQ":"10","2Q":"10","9V":"10","5F":"10","99":"10","3G":"10","4R":"10","69":"10","CC":"10","79":"10","77":"10","4P":"10","7P":"10","6H":"10","6M":"10","G7":"10","78":"10","3C":"10","8V":"10","2C":"10","68":"10","7Q":"10","CJ":"10","2R":"10","5H":"10","67":"10","8M":"10","5G":"10","88":"10","2V":"10","3P":"10","29":"10","4G":"10","8R":"10","7V":"10","8Q":"10","CP":"10","59":"10","4M":"10","9J":"10","4F":"10","7F":"10","CR":"10","F7":"10","3V":"10","CM":"10","3R":"10","5P":"10","8C":"10","3F":"10","8F":"10","7G":"10","7M":"10","4C":"10","87":"10","C9":"10","C8":"10","9Q":"10","2F":"10","6Q":"10","49":"10","6F":"10"}},"2R":{"3W":{"38":"10"}},"X3":{"8H":{"GG":"10","GF":"10"},"PH":{"5F":"10","4F":"10"},"H3":{"P2":"10"},"H2":{"PW":"10","PX":"10"}},"5H":{"3W":{"25":"10"}},"MP":{"7P":{"32":"10"},"QX":{"2P":"10","3M":"10","2M":"10","3P":"10"},"7M":{"3X":"10","3W":"10"},"6M":{"XQ":"10","XV":"10","XR":"10","WQ":"10"}},"J2":{"XG":{"6R":"10","6V":"10","7Q":"10","6Q":"10","7V":"10","7R":"10"},"M7":{"V8":"10"},"P5":{"JH":"10","JJ":"10"}},"R5":{"GJ":{"CV":"10","9Q":"10","CM":"10","9H":"10","8G":"10","7F":"10","9P":"10","CR":"10","8J":"10","FQ":"10","8F":"10","8M":"10","FM":"10","9J":"10","CP":"10","FW":"10","9M":"10","FP":"10","FR":"10","CQ":"10","FV":"10","GR":"10","8H":"10","GV":"10","GQ":"10","9R":"10","7G":"10"},"62":{"25":"10","22":"10","23":"10","33":"10","35":"10","32":"10","34":"10","24":"10"}},"H7":{"RP":{"X3":"10","W3":"10","W2":"10","X2":"10"},"VM":{"6G":"10","2P":"10","4R":"10","2W":"10","63":"10","3X":"10","4Q":"10","4P":"10","73":"10","55":"10","5R":"10","5J":"10","68":"10","3R":"10","5M":"10","54":"10","3P":"10","64":"10","5H":"10","2M":"10","65":"10","6F":"10","62":"10","5C":"10","3Q":"10","3J":"10","56":"10","5P":"10","6Q":"10","6H":"10","5Q":"10","2V":"10","4M":"10","6P":"10","6C":"10","5G":"10","69":"10","3V":"10","58":"10","2X":"10","2Q":"10","53":"10","72":"10","59":"10","52":"10","5V":"10","2R":"10","5F":"10","3W":"10","3M":"10","6R":"10"},"RG":{"J4":"10","J3":"10","M4":"10","J2":"10","M2":"10","M3":"10"},"VJ":{"6X":"10","6W":"10","5X":"10","7W":"10","7X":"10"},"RX":{"H5":"10","H6":"10","MG":"10"},"RM":{"XJ":"10","XM":"10","WJ":"10","XW":"10","VM":"10","XX":"10","WM":"10"},"RF":{"JW":"10","MX":"10","JV":"10","JX":"10"}},"W7":{"4J":{"M6":"10","J5":"10","H5":"10","P5":"10","J4":"10","P4":"10","J6":"10","H6":"10","Q4":"10","M4":"10","M5":"10"},"8P":{"H4":"10","H3":"10","G3":"10"}},"FP":{"FV":{"MV":"10","QW":"10","PW":"10","PR":"10","MW":"10","QQ":"10","MX":"10","PV":"10","RV":"10","QR":"10","PQ":"10","QV":"10","RW":"10","MR":"10","PX":"10"},"X9":{"G8":"10","F7":"10","G7":"10","F8":"10"},"GV":{"2J":"10","6G":"10","2H":"10","Q2":"10","V3":"10","4G":"10","3H":"10","4J":"10","Q3":"10","5H":"10","2M":"10","3J":"10","6H":"10","V2":"10","4H":"10","5G":"10","P2":"10","7H":"10","R2":"10","R3":"10","3M":"10"},"J8":{"FJ":"10","GG":"10","FH":"10","JP":"10","GH":"10","FG":"10","9H":"10","CJ":"10","CG":"10","9G":"10","9J":"10","HP":"10","GJ":"10","JJ":"10","JM":"10","CH":"10"},"JQ":{"8W":"10","8X":"10","7W":"10","7X":"10","8V":"10","7V":"10"},"GR":{"PX":"10","QX":"10","RX":"10"},"H8":{"V6":"10","W6":"10"},"J9":{"Q3":"10","Q2":"10"}},"V9":{"4F":{"2J":"10","CX":"10","2P":"10","FX":"10","2H":"10","3H":"10","3P":"10","2M":"10","9X":"10","3J":"10","3Q":"10","2Q":"10","CV":"10","CW":"10","2R":"10","9W":"10","3M":"10"},"4G":{"F2":"10","C2":"10"},"8V":{"W2":"10","V2":"10"},"8R":{"H4":"10","WX":"10","F8":"10","8Q":"10","9H":"10","VQ":"10","QQ":"10","VM":"10","G5":"10","F7":"10","9G":"10","XP":"10","XJ":"10","VX":"10","7P":"10","QP":"10","CH":"10","WR":"10","8J":"10","J3":"10","QM":"10","WQ":"10","CJ":"10","H5":"10","FJ":"10","G8":"10","8M":"10","PQ":"10","WV":"10","FF":"10","VP":"10","WW":"10","RP":"10","XM":"10","J4":"10","RQ":"10","VW":"10","9J":"10","VJ":"10","WM":"10","XQ":"10","RM":"10","G7":"10","C9":"10","9M":"10","FH":"10","F9":"10","WP":"10","G9":"10","7Q":"10","CC":"10","VV":"10","FC":"10","FG":"10","CF":"10","VR":"10","G6":"10","RR":"10","QR":"10","H3":"10","H6":"10","8P":"10","CG":"10"},"8Q":{"97":"10","98":"10","F5":"10","96":"10","C5":"10","C8":"10","F6":"10","C6":"10","C7":"10"},"3F":{"XJ":"10","XQ":"10","XM":"10","XP":"10","XR":"10"},"7P":{"G9":"10","HF":"10","GF":"10","H9":"10","HC":"10","GC":"10"},"9R":{"2J":"10","2M":"10"}},"V5":{"VH":{"78":"10","79":"10"},"VR":{"MF":"10"},"HM":{"MQ":"10","MV":"10","JV":"10","JR":"10","MR":"10","JQ":"10"}},"MF":{"XJ":{"X9":"10","X8":"10","X7":"10","W9":"10","W8":"10"},"XH":{"XJ":"10","XG":"10","XH":"10","WH":"10","WJ":"10","HF":"10","JC":"10","WG":"10","HC":"10","JF":"10"},"VQ":{"XC":"10","XF":"10"},"X5":{"JP":"10","XV":"10","QW":"10","P5":"10","PP":"10","VR":"10","M5":"10","Q3":"10","QR":"10","PW":"10","P4":"10","VC":"10","XQ":"10","HM":"10","RQ":"10","MJ":"10","VW":"10","QV":"10","HH":"10","R3":"10","JJ":"10","WV":"10","QP":"10","WR":"10","W8":"10","PQ":"10","MP":"10","V8":"10","R5":"10","W9":"10","V5":"10","V9":"10","QQ":"10","Q4":"10","R6":"10","MM":"10","RV":"10","WC":"10","WX":"10","M3":"10","XR":"10","HP":"10","VQ":"10","M4":"10","PR":"10","V4":"10","VV":"10","PV":"10","P3":"10","MQ":"10","Q6":"10","PM":"10","JM":"10","R4":"10","Q5":"10","RW":"10","WW":"10","HJ":"10","V6":"10","RR":"10"},"WQ":{"6G":"10","4G":"10","5J":"10","4J":"10","5H":"10","8H":"10","2C":"10","6H":"10","4H":"10","2F":"10","5G":"10","7H":"10","6J":"10"},"X6":{"W2":"10","V2":"10","X7":"10"}},"Q4":{"5G":{"CX":"10"},"WG":{"Q3":"10","Q2":"10","P3":"10","R3":"10","V2":"10","R2":"10","V3":"10"},"5H":{"P7":"10","C9":"10","99":"10","M7":"10","C2":"10","F3":"10","98":"10","P8":"10","M8":"10","F4":"10","C8":"10","C3":"10","F2":"10","C4":"10"}},"H4":{"MX":{"XG":"10","VC":"10","VG":"10","WC":"10","WG":"10","VF":"10","XF":"10","WF":"10"},"PW":{"C8":"10","7X":"10","F8":"10"},"5Q":{"WG":"10","WJ":"10","XM":"10","VG":"10","XH":"10","XF":"10","XG":"10","XJ":"10","WH":"10","WM":"10","VH":"10","WP":"10"},"PX":{"GW":"10","2H":"10","4X":"10","CM":"10","HW":"10","JX":"10","2F":"10","3H":"10","7R":"10","7V":"10","2G":"10","98":"10","GX":"10","87":"10","3G":"10","8R":"10","97":"10","86":"10","FM":"10","72":"10","9X":"10","8V":"10","5F":"10","4C":"10","JW":"10","3C":"10","FX":"10","4W":"10","CX":"10","9V":"10","CP":"10","4F":"10","FW":"10","FP":"10","3F":"10","4G":"10","73":"10","HX":"10","9R":"10","4H":"10"},"HH":{"3X":"10","2X":"10"},"6R":{"28":"10","37":"10","39":"10","47":"10","38":"10","48":"10","29":"10"},"GJ":{"X2":"10"},"6Q":{"F8":"10","2H":"10","C8":"10","6J":"10","4M":"10","3J":"10","8G":"10","7H":"10","2F":"10","3H":"10","F7":"10","7F":"10","2G":"10","3M":"10","6G":"10","9C":"10","3G":"10","G8":"10","8F":"10","C7":"10","9F":"10","5J":"10","4J":"10","6H":"10","C9":"10","F9":"10","G9":"10","2M":"10","CC":"10","3F":"10","5H":"10","4H":"10","7G":"10","2J":"10"},"HJ":{"22":"10","23":"10","33":"10","32":"10","34":"10"}},"R6":{"WH":{"XW":"10","WW":"10","XV":"10","WV":"10"},"5C":{"8H":"10","8G":"10"}},"RJ":{"32":{"8Q":"10","7J":"10","8J":"10","8H":"10","9M":"10","9P":"10","8M":"10","8P":"10","7H":"10","9J":"10","9Q":"10"}},"GX":{"CP":{"MH":"10","FM":"10","HF":"10","C2":"10","CJ":"10","GQ":"10","MJ":"10","JJ":"10","GP":"10","HQ":"10","JH":"10","CM":"10","HC":"10","FJ":"10","H9":"10","HP":"10","F2":"10"},"CM":{"CX":"10","FW":"10","CW":"10","FX":"10","CV":"10"}},"MM":{"9J":{"FG":"10","CG":"10","9G":"10","FF":"10","CF":"10"},"4V":{"MJ":"10","MH":"10"}},"M9":{"PC":{"7P":"10","7M":"10","8M":"10","7J":"10"},"V8":{"52":"10","82":"10","92":"10","32":"10","93":"10","42":"10"},"WH":{"XP":"10","QW":"10","3R":"10","XM":"10","XQ":"10","WQ":"10","RV":"10","QR":"10","2V":"10","4M":"10","QV":"10","3V":"10","RR":"10","WM":"10","RW":"10","2R":"10","WP":"10"},"R9":{"JP":"10","PV":"10","MX":"10","WX":"10","JV":"10","RW":"10","QQ":"10","JX":"10","RX":"10","VX":"10","MW":"10","QP":"10","QM":"10","PW":"10","RP":"10","JW":"10","RQ":"10","MV":"10","VW":"10","QW":"10","JM":"10","RV":"10","QV":"10","RR":"10","QR":"10"},"W3":{"GP":"10","GQ":"10","GM":"10"},"QH":{"P2":"10","R2":"10","XG":"10","WH":"10","QC":"10","RX":"10","WJ":"10","Q2":"10","XP":"10","XJ":"10","VX":"10","RF":"10","XX":"10","V9":"10","WG":"10","XF":"10","XM":"10","5F":"10","RC":"10","VH":"10","QF":"10","RJ":"10","RH":"10","VJ":"10","XC":"10","VC":"10","WC":"10","4F":"10","5G":"10","W9":"10","X7":"10","QG":"10","4G":"10","VF":"10","VG":"10","XH":"10","RG":"10","WF":"10","W7":"10","W8":"10","X9":"10","X8":"10"},"GG":{"6G":"10"},"V7":{"2J":"10","3X":"10","5X":"10","4X":"10","4W":"10","2M":"10","9X":"10","8X":"10","3J":"10","4V":"10","3W":"10","3M":"10"},"WJ":{"QR":"10"},"Q8":{"F3":"10","F2":"10","C2":"10"},"XP":{"32":"10","42":"10"},"XJ":{"CQ":"10","8V":"10","8R":"10","9V":"10","8Q":"10","7Q":"10","7R":"10","CR":"10","9P":"10","8P":"10","9Q":"10","9R":"10"},"RF":{"VX":"10","HX":"10","MH":"10","RM":"10","VR":"10","MW":"10","XM":"10","QR":"10","PW":"10","QH":"10","HM":"10","WG":"10","WM":"10","RQ":"10","WH":"10","MJ":"10","WJ":"10","QV":"10","RP":"10","XP":"10","QP":"10","JW":"10","VM":"10","PQ":"10","36":"10","PX":"10","WP":"10","VH":"10","QJ":"10","26":"10","QQ":"10","37":"10","HW":"10","QM":"10","WX":"10","PJ":"10","RH":"10","HP":"10","VP":"10","MV":"10","VQ":"10","MR":"10","QG":"10","PR":"10","RG":"10","PH":"10","PV":"10","WQ":"10","GM":"10","MQ":"10","VF":"10","27":"10","MX":"10","VG":"10","PM":"10","GJ":"10","28":"10","RX":"10","QX":"10","HJ":"10","VJ":"10","JX":"10","38":"10","RR":"10"},"X6":{"XX":"10","88":"10","79":"10","XV":"10","WV":"10","78":"10","XR":"10","89":"10","WX":"10","WW":"10","XW":"10"},"MH":{"GF":"10","QG":"10"},"V9":{"55":"10","56":"10","54":"10","53":"10"},"XM":{"6G":"10","7M":"10","C6":"10","3X":"10","7G":"10","95":"10","96":"10","5H":"10","4X":"10","C5":"10","4W":"10","7J":"10","8J":"10","8H":"10","7P":"10","6H":"10","6P":"10","5G":"10","2X":"10","8M":"10","7H":"10","3W":"10","6M":"10"},"RC":{"W2":"10","X2":"10","V2":"10"},"VH":{"P2":"10","Q3":"10","R7":"10","R2":"10","MX":"10","2H":"10","QH":"10","3J":"10","R5":"10","2F":"10","3H":"10","Q2":"10","MW":"10","Q5":"10","2G":"10","R4":"10","Q6":"10","3G":"10","V6":"10","R6":"10","PW":"10","V5":"10","3C":"10","P3":"10","4J":"10","PX":"10","R3":"10","QJ":"10","4F":"10","PH":"10","PJ":"10","3F":"10","4G":"10","Q4":"10","V4":"10","4H":"10"},"QF":{"5X":"10","4X":"10","GG":"10","J6":"10","3V":"10","6X":"10","M5":"10","FF":"10","2X":"10","J4":"10","M7":"10","4W":"10","46":"10","J7":"10","3X":"10","GF":"10","M4":"10","4V":"10","M6":"10","FG":"10","P6":"10","J5":"10","3W":"10","P5":"10","P7":"10"},"RJ":{"HX":"10","FX":"10","9R":"10","G6":"10","F6":"10","97":"10","GP":"10","C7":"10","98":"10","54":"10","F8":"10","9W":"10","Q9":"10","52":"10","42":"10","FM":"10","C2":"10","9V":"10","99":"10","32":"10","CC":"10","QF":"10","FV":"10","C6":"10","G8":"10","VW":"10","G7":"10","CV":"10","8X":"10","GQ":"10","CX":"10","WV":"10","9X":"10","3C":"10","CW":"10","2C":"10","93":"10","63":"10","46":"10","FP":"10","96":"10","2V":"10","37":"10","C3":"10","GX":"10","HW":"10","RV":"10","GR":"10","FR":"10","GV":"10","34":"10","35":"10","F9":"10","GW":"10","CR":"10","45":"10","HV":"10","QC":"10","FC":"10","FQ":"10","F7":"10","P9":"10","22":"10","33":"10","2W":"10","23":"10","VV":"10","GM":"10","44":"10","3F":"10","27":"10","92":"10","FW":"10","43":"10","RW":"10","WW":"10","GH":"10","C9":"10","RX":"10","QX":"10","G9":"10","C8":"10","HR":"10","53":"10"},"RH":{"MG":"10","G6":"10","F6":"10","MH":"10","XH":"10","JG":"10","HG":"10","RM":"10","H8":"10","JH":"10","J4":"10","2M":"10","M5":"10","J5":"10","HC":"10","P7":"10","H5":"10","WG":"10","WH":"10","J8":"10","MJ":"10","WF":"10","G8":"10","WJ":"10","HH":"10","G7":"10","CX":"10","3X":"10","JJ":"10","9X":"10","4W":"10","2C":"10","J7":"10","VH":"10","QJ":"10","M8":"10","2P":"10","2J":"10","3P":"10","RJ":"10","GC":"10","XJ":"10","RH":"10","4X":"10","XG":"10","F7":"10","J9":"10","XF":"10","H9":"10","VG":"10","3W":"10","2X":"10","2H":"10","CH":"10","G9":"10","HJ":"10","VJ":"10","2F":"10","5X":"10","M7":"10"},"VJ":{"PC":"10","R7":"10","R8":"10","H4":"10","J9":"10","P8":"10","F4":"10","W3":"10","G4":"10","X3":"10","G5":"10","V7":"10","QC":"10","Q8":"10","J6":"10","Q5":"10","Q7":"10","J3":"10","P9":"10","Q6":"10","F3":"10","V6":"10","H5":"10","M9":"10","R6":"10","MC":"10","M5":"10","Q9":"10","W4":"10","H8":"10","V5":"10","G3":"10","J4":"10","M7":"10","J7":"10","X4":"10","V3":"10","M6":"10","H7":"10","M3":"10","J8":"10","W2":"10","M8":"10","P6":"10","J5":"10","P5":"10","G6":"10","V2":"10","P7":"10","H3":"10","H6":"10"},"XC":{"J2":"10","H7":"10","M3":"10","J8":"10","P5":"10","J3":"10","M2":"10","P4":"10","H8":"10","H9":"10","M4":"10","M5":"10","J9":"10"},"VC":{"Q7":"10","G6":"10","97":"10","C7":"10","98":"10","R7":"10","54":"10","9H":"10","F8":"10","R8":"10","M5":"10","Q9":"10","99":"10","32":"10","P7":"10","MC":"10","QF":"10","PC":"10","RF":"10","G8":"10","G7":"10","M6":"10","PF":"10","M8":"10","R6":"10","GC":"10","M9":"10","P8":"10","R9":"10","F9":"10","RC":"10","QC":"10","P9":"10","Q8":"10","22":"10","33":"10","23":"10","8H":"10","Q6":"10","43":"10","C9":"10","G9":"10","C8":"10","53":"10","P6":"10","M7":"10"},"RM":{"P2":"10","Q3":"10","C2":"10","R8":"10","H4":"10","R2":"10","R9":"10","56":"10","82":"10","92":"10","G4":"10","57":"10","WJ":"10","Q8":"10","Q2":"10","G2":"10","J3":"10","H2":"10","F3":"10","M5":"10","Q9":"10","66":"10","G3":"10","J4":"10","J2":"10","P3":"10","48":"10","F2":"10","46":"10","WM":"10","M4":"10","47":"10","P4":"10","P5":"10","H3":"10","55":"10"},"WC":{"MX":"10","JW":"10","JX":"10","MW":"10"},"QJ":{"5P":"10","R2":"10","6C":"10","2H":"10","79":"10","W3":"10","82":"10","56":"3","4M":"10","3J":"10","92":"10","57":"3","36":"3","X3":"10","3P":"10","74":"10","44":"3","Q8":"10","35":"3","29":"3","83":"10","76":"10","98":"10","3M":"10","9C":"10","84":"10","38":"3","2P":"10","87":"10","45":"3","28":"3","XV":"10","88":"10","86":"10","G8":"10","8F":"10","26":"3","34":"3","3Q":"10","Q9":"10","66":"3|10","72":"10","37":"3","5M":"10","27":"3","96":"10","59":"10","9F":"10","99":"10","VH":"10","62":"10","48":"3","RJ":"10","46":"3","RH":"10","5J":"10","4J":"10","VJ":"10","V3":"10","RM":"10","64":"10","X2":"10","G7":"10","8C":"10","C9":"10","67":"10","68":"10","69":"10","77":"10","54":"3","47":"3","2M":"10","75":"10","VF":"10","VG":"10","94":"10","78":"10","63":"10","W2":"10","4Q":"10","4P":"10","73":"10","65":"3","V2":"10","93":"10","4H":"10","2J":"10","55":"3","2Q":"10"},"JG":{"9C":"10","9F":"10","CC":"10","CF":"10"},"X7":{"MG":"10","6R":"10","JP":"10","6V":"10","5W":"10","JG":"10","HG":"10","3H":"10","9C":"10","JH":"10","5J":"10","5M":"10","2G":"10","4H":"10","7R":"10","9W":"10","5V":"10","6J":"10","6W":"10","5Q":"10","6P":"10","5R":"10","FM":"10","7W":"10","3G":"10","CF":"10","4J":"10","CC":"10","HM":"10","4P":"10","3M":"10","7P":"10","6M":"10","HH":"10","8X":"10","CX":"10","7X":"10","JJ":"10","9X":"10","8V":"10","7Q":"10","X3":"10","GG":"10","9F":"10","2J":"10","8R":"10","7V":"10","4M":"10","3J":"10","HP":"10","5P":"10","X2":"10","GM":"10","8C":"10","JM":"10","GJ":"10","8W":"10","6X":"10","2H":"10","W2":"10","GH":"10","HJ":"10","6Q":"10"},"PH":{"W2":"10","V2":"10"},"PJ":{"MG":"10","Q7":"10","P5":"10","R7":"10","M5":"10","Q3":"10","Q9":"10","P4":"10","P7":"10","MC":"10","QF":"10","PC":"10","J8":"10","R3":"10","X9":"3","M6":"10","PF":"10","J7":"10","R5":"10","M8":"10","MF":"10","V5":"10","Q4":"10","R6":"10","M9":"10","P8":"10","XJ":"10","QC":"10","VP":"10","J9":"10","VQ":"10","P9":"10","Q8":"10","V4":"10","Q6":"10","X8":"3","R4":"10","Q5":"10","PG":"10","X7":"3","V6":"10","V3":"10","P6":"10","M7":"10"},"QG":{"QX":"10","63":"10","QW":"10","33":"10","22":"10","54":"10","64":"10","43":"10","62":"10","42":"10","RX":"10","53":"10","72":"10","34":"10","RW":"10","52":"10","PX":"10","32":"10"},"VG":{"GJ":"10","QX":"10","MV":"10","QW":"10","FM":"10","PW":"10","MQ":"10","PR":"10","MW":"10","MP":"10","FP":"10","CP":"10","PV":"10","RX":"10","JQ":"10","JP":"10","QR":"10","PQ":"10","GH":"10","QV":"10","CM":"10","FJ":"10","MR":"10","PX":"10","PP":"10"},"PG":{"J3":"10","VX":"10","WX":"10"},"M8":{"JP":"10","CM":"10","MJ":"10","MP":"10","HJ":"10","GP":"10","CJ":"10","HM":"10","FJ":"10","FM":"10","JJ":"10","9J":"10","JM":"10","MM":"10","FP":"10","GJ":"10","GM":"10","HP":"10"},"XH":{"2P":"10","2M":"10"},"RG":{"P2":"10","Q3":"10","H4":"10","R2":"10","J9":"10","R5":"10","Q2":"10","QP":"10","Q5":"10","R4":"10","J3":"10","QM":"10","H2":"10","MC":"10","M5":"10","J4":"10","J2":"10","P3":"10","MF":"10","R3":"10","M2":"10","M4":"10","Q4":"10","M3":"10","P4":"10","GR":"10","W2":"10","P5":"10","V2":"10","GQ":"10","JC":"10","H3":"10"},"W7":{"XG":"10","VC":"10","XH":"10","VG":"10","WH":"10","WC":"10","WG":"10","VF":"10","XF":"10","WF":"10"},"HP":{"M4":"10","Q4":"10","P4":"10","P5":"10","Q5":"10","M5":"10"},"W8":{"VQ":"10","RQ":"10","RR":"10","VR":"10"},"X9":{"XP":"10","QX":"10","WJ":"10","QW":"10","PW":"10","XM":"10","XQ":"10","RX":"10","WM":"10","VM":"10","VJ":"10","RW":"10","PX":"10","WP":"10"},"X8":{"XW":"10","G6":"10","F6":"10","XV":"10","XH":"10","RM":"10","F5":"10","H8":"10","VR":"10","C4":"10","H6":"10","XM":"10","Q9":"10","QH":"10","C2":"10","VC":"10","J5":"10","P7":"10","H5":"10","XQ":"10","QF":"10","WG":"10","PC":"10","F3":"10","RF":"10","WM":"10","WH":"10","J8":"10","C6":"10","WJ":"10","G5":"10","G7":"10","RP":"10","WV":"10","C5":"10","XP":"10","WR":"10","M6":"10","PF":"10","VM":"10","93":"10","WP":"10","63":"10","J7":"10","VH":"10","QJ":"10","M8":"10","H7":"10","V5":"10","C3":"10","74":"10","82":"10","RJ":"10","M9":"10","83":"10","P8":"10","95":"10","XJ":"10","R9":"10","WX":"10","72":"10","XR":"10","RH":"10","RC":"10","QC":"10","F7":"10","VP":"10","J9":"10","VQ":"10","P9":"10","Q8":"10","G4":"10","QG":"10","V4":"10","RG":"10","J6":"10","73":"10","XX":"10","WQ":"10","VF":"10","F4":"10","VG":"10","84":"10","PG":"10","92":"10","WW":"10","94":"10","VJ":"10","V6":"10","V3":"10","62":"10","M7":"10"}},"G3":{"MJ":{"M8":"10","J8":"10","H8":"10"},"H4":{"28":"10","29":"10"},"G8":{"Q2":"10","49":"10","X3":"10","M2":"10","X2":"10","58":"10","P2":"10","59":"10","48":"10"},"H7":{"5P":"10","6C":"10","5X":"10","6P":"10","7J":"10","6J":"10","6Q":"10","5Q":"10","7H":"10","57":"10","6M":"10","6G":"10","3V":"10","5C":"10","5V":"10","5R":"10","5M":"10","59":"10","5F":"10","6F":"10","48":"10","5J":"10","2V":"10","6H":"10","5G":"10","67":"10","68":"10","69":"10","47":"10","5H":"10","5W":"10"},"MQ":{"JG":"10","MC":"10","PF":"10","PG":"10","JC":"10","QF":"10","QG":"10","QC":"10","RC":"10","RF":"10","JF":"10","HC":"10","H9":"10","MF":"10","J9":"10"},"HF":{"XX":"10"},"JH":{"94":"10","97":"10","84":"10","76":"10","98":"10","85":"10","95":"10","C8":"10","F7":"10","C6":"10","C7":"10"},"JG":{"R7":"10","C2":"10","V8":"10","R8":"10","82":"10","92":"10","52":"10","G4":"10","G5":"10","V7":"10","Q8":"10","J6":"10","Q7":"10","G2":"10","H2":"10","72":"10","G3":"10","M7":"10","62":"10","F2":"10","M6":"10","P6":"10","G6":"10","P7":"10","H3":"10","W7":"10","H6":"10"},"J8":{"3J":"10","2J":"10","3H":"10","2H":"10"},"H8":{"22":"10","52":"10","23":"10","54":"10","53":"10"},"G7":{"MG":"10","MH":"10","QW":"10","4V":"10","PP":"10","MW":"10","9W":"10","PW":"10","QH":"10","4R":"10","MC":"10","QF":"10","WG":"10","PC":"10","RF":"10","WH":"10","MJ":"10","WF":"10","WJ":"10","QV":"10","CX":"10","9X":"10","4W":"10","CW":"10","PF":"10","PQ":"10","MP":"10","VH":"10","QJ":"10","MF":"10","RJ":"10","MM":"10","M9":"10","PJ":"10","RH":"10","RC":"10","QC":"10","MV":"10","MR":"10","P9":"10","3V":"10","QG":"10","PR":"10","RG":"10","3R":"10","PH":"10","PV":"10","MQ":"10","VF":"10","MX":"10","VG":"10","PM":"10","3W":"10","PG":"10","VJ":"10"},"JF":{"6X":"10","4X":"10","5X":"10","3X":"10","2X":"10"}},"83":{"VM":{"4F":"10","39":"10","4C":"10","29":"10","5C":"10","5F":"10","3C":"10"}},"P8":{"5W":{"QM":"10","JG":"10","MH":"10","PJ":"10","PG":"10","HF":"10","HG":"10","GF":"10","MJ":"10","QH":"10","JH":"10","GG":"10","JF":"10","PH":"10","QJ":"10","MG":"10"},"76":{"J7":"10","H5":"10","M7":"10","J6":"10","H4":"10","H7":"10","J4":"10","J3":"10","M4":"10","M6":"10","H6":"10","H3":"10","J5":"10","M5":"10","M3":"10"},"82":{"P9":"10","Q9":"10","P8":"10","Q8":"10","2C":"10","29":"10","2F":"10","27":"10","26":"10","28":"10"},"H3":{"VQ":"10","RQ":"10","RR":"10","VP":"10","VR":"10"},"73":{"V6":"10","M6":"10","WG":"10","P6":"10","Q9":"10","C6":"10","R6":"10","R8":"10","XH":"10","X6":"10","Q8":"10","QC":"10","XG":"10","Q6":"10","W6":"10","RC":"10","J6":"10","WH":"10","G6":"10","R9":"10","H6":"10","F6":"10"},"H4":{"X3":"10","W3":"10","W5":"10","W2":"10","X2":"10","V2":"10","X4":"10","W4":"10","V5":"10","V4":"10","V3":"10"},"5R":{"MX":"10","PX":"10"},"HF":{"94":"10","C4":"10","C5":"10","95":"10"},"54":{"R7":"10","P7":"10","P6":"10","V3":"10","R6":"10","Q5":"10","Q3":"10","R4":"10","P5":"10","Q6":"10","Q7":"10","R5":"10","R3":"10","Q4":"10"},"X6":{"25":"10","23":"10","33":"10","35":"10","34":"10","24":"10"},"J4":{"22":"10","9Q":"10","23":"10","9P":"10","9M":"10","9J":"10","CP":"10","8P":"10","CM":"10"},"V7":{"6X":"10","5X":"10"},"62":{"QF":"10","QC":"10","PF":"10","PC":"10"},"G8":{"GG":"10","FH":"10","GH":"10","FG":"10"},"W6":{"X3":"10","X4":"10"},"2Q":{"MX":"10","HX":"10","JX":"10"},"83":{"39":"10","97":"10","55":"10","JG":"10","HG":"10","3H":"10","JH":"10","2G":"10","4H":"10","GF":"10","2M":"10","56":"10","3G":"10","4J":"10","77":"10","C6":"10","3M":"10","HH":"10","JJ":"10","3C":"10","36":"10","46":"10","67":"10","GG":"10","26":"10","96":"10","2J":"10","4G":"10","66":"10","86":"10","3J":"10","4F":"10","3F":"10","87":"10","GJ":"10","2H":"10","76":"10","GH":"10","HJ":"10","2F":"10"},"JM":{"JV":"10","HV":"10","HR":"10"},"72":{"R7":"10","X9":"10","VF":"10","W7":"10","XC":"10","WF":"10","X8":"10","W8":"10","R8":"10","V9":"10","VQ":"10","V7":"10","XF":"10","X7":"10","WQ":"10","VC":"10","RC":"10","RF":"10","W9":"10","R9":"10","WC":"10","V8":"10"},"5V":{"Q7":"10","JP":"3","XH":"10","W5":"10","P5":"10","R7":"10","V7":"10","R8":"10","JQ":"3","M5":"10","Q3":"10","P4":"10","W6":"10","Q2":"10","WG":"10","RF":"10","WH":"10","X9":"10","W8":"10","PQ":"3","MP":"3","V8":"10","VH":"10","R5":"10","W7":"10","W9":"10","V5":"10","V9":"10","Q4":"10","R6":"10","MM":"3","M3":"10","M2":"10","RH":"10","XG":"10","M4":"10","X6":"10","PR":"3","RG":"10","P2":"10","P3":"10","MQ":"3","Q6":"10","VF":"10","VG":"10","X8":"10","JM":"3","R4":"10","Q5":"10","X7":"10","V6":"10","P6":"10"},"2R":{"M2":"10"},"V8":{"45":"10","63":"10","55":"10","54":"10","64":"10","44":"10","43":"10","62":"10","42":"10","53":"10","52":"10"}},"XJ":{"X3":{"R7":"10","JG":"10","MH":"10","R6":"10","GH":"10","JH":"10","GG":"10","G2":"10","H9":"10","MG":"10","J9":"10"},"X2":{"GX":"10","FX":"10"}},"R9":{"MV":{"RQ":"10","RR":"10","QR":"10","QQ":"10"}},"M3":{"W2":{"G6":"10","F6":"10","55":"10","R2":"10","58":"10","F5":"10","J4":"10","54":"10","V2":"10","5C":"10","C4":"10","H6":"10","56":"10","J5":"10","H5":"10","C6":"10","G2":"10","G5":"10","G7":"10","C5":"10","X9":"10","68":"10","57":"10","93":"10","H2":"10","63":"10","67":"10","J2":"10","H7":"10","64":"10","H4":"10","74":"10","82":"10","66":"10","83":"10","95":"10","72":"10","59":"10","M2":"10","W3":"10","F7":"10","73":"10","65":"10","J3":"10","F4":"10","84":"10","X8":"10","W2":"10","94":"10","62":"10"},"W7":{"39":"10","6G":"10","J4":"10","8P":"10","2G":"10","VR":"10","9W":"10","2M":"10","75":"10","9V":"10","3G":"10","7J":"10","RQ":"10","8J":"10","7P":"10","6H":"10","7H":"10","8X":"10","CX":"10","WV":"10","9X":"10","3C":"10","WR":"10","2C":"10","7Q":"10","J2":"10","8M":"10","26":"10","37":"10","2J":"10","29":"10","74":"10","4G":"10","86":"10","8Q":"10","M3":"10","8G":"10","4F":"10","M2":"10","7F":"10","VQ":"10","M4":"10","85":"10","P2":"10","8H":"10","P3":"10","3F":"10","27":"10","J3":"10","8F":"10","7G":"10","7M":"10","84":"10","4C":"10","8W":"10","28":"10","2H":"10","76":"10","2F":"10","38":"10","RR":"10","6F":"10"},"Q9":{"XJ":"10","XG":"10","XH":"10","WH":"10","WJ":"10"},"V3":{"F3":"10","G3":"10","G4":"10","F4":"10"},"5R":{"XV":"10","XR":"10"},"W8":{"C2":"10","6P":"10","8Q":"10","6Q":"10","82":"10","CW":"10","8G":"10","92":"10","7H":"10","7R":"10","7V":"10","9W":"10","83":"10","7P":"10","6M":"10","8R":"10","8W":"10","9X":"10","8V":"10","FX":"10","CX":"10","9V":"10","7Q":"10","8H":"10","7M":"10","93":"10","7G":"10","8P":"10"},"54":{"86":"10","76":"10","66":"10","85":"10","65":"10","35":"10","75":"10","34":"10"},"44":{"QM":"10","JG":"10","MH":"10","PJ":"10","VP":"10","RP":"10","HG":"10","MJ":"10","QH":"10","JJ":"10","RM":"10","RJ":"10","HH":"10","GH":"10","JH":"10","GG":"10","VM":"10","PH":"10","VJ":"10","QJ":"10","MG":"10"},"X6":{"37":"10","38":"10"},"R4":{"GW":"10","GX":"10","FX":"10"},"V7":{"WG":"10","X9":"10","WJ":"10","XC":"10","WF":"10","X8":"10","XM":"10","VG":"10","XH":"10","XF":"10","X7":"10","XG":"10","W9":"10","XJ":"10","WH":"10","VJ":"10","VH":"10","WC":"10"},"X7":{"8F":"10","7H":"10","7G":"10","7F":"10","8C":"10","8H":"10","8G":"10","7C":"10"},"XG":{"G9":"10","F9":"10"},"X2":{"29":"10"},"W6":{"MX":"10","JX":"10"},"W9":{"C9":"10","C6":"10","9F":"10","CC":"10","99":"10","95":"10","98":"10","C2":"10","96":"10","94":"10","C5":"10","97":"10","F4":"10","C8":"10","CF":"10","89":"10","8C":"10","8F":"10","F2":"10","C4":"10","C7":"10","9C":"10","F5":"10"},"6V":{"22":"10","33":"10","32":"10","43":"10"},"R9":{"4J":"10","4M":"10","5P":"10","5M":"10"},"R5":{"F7":"10","F8":"10","F3":"10","G3":"10","F4":"10","C8":"10","G4":"10","G2":"10","G5":"10","F2":"10","C7":"10","F6":"10","F5":"10"},"VH":{"F3":"10","G5":"10","F2":"10","C3":"10","H3":"10","G2":"10","G3":"10","G4":"10","F4":"10","H2":"10"},"6R":{"GJ":"10","2W":"10","GM":"10","3X":"10","HJ":"10","7Q":"10","7P":"10","2V":"10","GH":"10","2X":"10","2R":"10"}},"GV":{"69":{"P8":"10","J9":"10","P9":"10","M9":"10","M8":"10"},"82":{"2V":"10","2W":"10"},"57":{"HF":"10","GC":"10","F8":"10","HC":"10","MJ":"10","F7":"10","H9":"10","HJ":"10","CH":"10","JF":"10","CJ":"10","FJ":"10","MH":"10","G8":"10","C7":"10","MG":"10","JH":"10","HG":"10","GH":"10","JG":"10","GF":"10","G7":"10","HH":"10","FH":"10","PJ":"10","G9":"10","PG":"10","GJ":"10","GM":"10"},"73":{"H3":"10","G2":"10","G3":"10","H2":"10"},"72":{"CV":"10","GW":"10","WX":"10","HW":"10","VQ":"10","XP":"10","VX":"10","WR":"10","GX":"10","WQ":"10","XW":"10","XV":"10","WV":"10","VP":"10","WW":"10","RQ":"10","VW":"10","XR":"10","XQ":"10","RV":"10","WP":"10","FR":"10","FV":"10","VV":"10","VR":"10","HX":"10","RR":"10"}},"PJ":{"53":{"WR":"10","XQ":"10","XR":"10","WQ":"10"}},"3J":{"F3":{"H3":"10","G2":"10","G3":"10","H2":"10"},"F2":{"3G":"10","6G":"10","7M":"10","4F":"10","4G":"10","3H":"10","5J":"10","5M":"10","4J":"10","5H":"10","7J":"10","6F":"10","7P":"10","5P":"10","6Q":"10","6H":"10","6P":"10","4H":"10","5G":"10","8M":"10","8P":"10","5F":"10","6M":"10","6J":"10"}},"M2":{"XG":{"7W":"10","7X":"10"},"XW":{"R5":"3","V6":"3","V5":"3","R6":"3"},"WX":{"F7":"10","6F":"10","5G":"10","HH":"10","9M":"10","XX":"10","5M":"10","7F":"10","7X":"10","QP":"10","RW":"10","5P":"10","CJ":"10","FG":"10","WP":"10","6P":"10","RQ":"10","XV":"10","F8":"10","RV":"10","6X":"10","QW":"10","6M":"10","QR":"10","QQ":"10","C8":"10","9P":"10","FH":"10","XH":"10","CP":"10","6G":"10","9R":"10","HJ":"10","XR":"10","8C":"10","WH":"10","HX":"10","WX":"10","5H":"10","98":"10","CH":"10","CM":"10","5Q":"10","6Q":"10","6H":"10","6W":"10","VX":"10","XQ":"10","MP":"10","5R":"10","RR":"10","VQ":"10","9F":"10","CC":"10","GJ":"10","9C":"10","C9":"10","97":"10","7W":"10","GM":"10","FF":"10","99":"10","XW":"10","VR":"10","8F":"10","WQ":"10","9Q":"10","WR":"10","5J":"10","PQ":"10","GX":"10","C7":"10","FJ":"10","QX":"10","VP":"10","GH":"10","RX":"10","XP":"10","7G":"10","6J":"10","6V":"10","CF":"10","6R":"10","PR":"10","5V":"10","WM":"10","8X":"10","XG":"10","MM":"10","HM":"10","CG":"10","XM":"10"},"XX":{"2P":"10","2H":"10","4J":"10","3P":"10","2M":"10","3J":"10","3Q":"10","2V":"10","2Q":"10","2R":"10","3M":"10"},"QQ":{"X3":"10","W3":"10","W2":"10","X2":"10","X4":"10","W4":"10"},"XF":{"QC":"10","RC":"10"}},"GW":{"3R":{"23":"10","45":"10","25":"10","33":"10","22":"10","35":"10","44":"10","24":"10","43":"10","42":"10","53":"10","27":"10","34":"10","52":"10","36":"10","26":"10","28":"10","32":"10"},"3Q":{"9R":"10","6R":"10","6C":"10","6V":"10","5W":"10","3Q":"10","9P":"10","6G":"10","3H":"10","4V":"10","5M":"10","5J":"10","8P":"10","2G":"10","9H":"10","4H":"10","5C":"10","7R":"10","6J":"10","5V":"10","6W":"10","2M":"10","7C":"10","9M":"10","4Q":"10","6P":"10","5Q":"10","5R":"10","CQ":"10","2Q":"10","7W":"10","9V":"10","5F":"10","3G":"10","7J":"10","4R":"10","69":"10","4J":"10","4P":"10","8J":"10","3M":"10","7P":"10","6H":"10","6M":"10","7H":"10","3X":"10","4W":"10","3C":"10","8V":"10","9G":"10","7Q":"10","CJ":"10","2R":"10","5H":"10","8M":"10","5G":"10","2P":"10","2V":"10","2J":"10","3P":"10","4G":"10","8R":"10","7V":"10","8Q":"10","FR":"10","CP":"10","59":"10","4M":"10","3J":"10","8G":"10","4F":"10","9J":"10","7F":"10","CR":"10","4X":"10","3V":"10","CM":"10","2W":"10","3R":"10","5P":"10","8H":"10","3F":"10","8F":"10","7G":"10","7M":"10","3W":"10","2X":"10","4C":"10","8W":"10","6X":"10","2H":"10","9Q":"10","2F":"10","6Q":"10","5X":"10","6F":"10"},"2R":{"PH":"10","PM":"10","X2":"10","9R":"10","CR":"10","V3":"10","FQ":"10","9X":"10","Q7":"10","RG":"10","R3":"10","PF":"10","J7":"10","P6":"10","QJ":"10","JF":"10","J8":"10","QG":"10","HF":"10","FH":"10","WF":"10","V8":"10","R5":"10","Q4":"10","R4":"10","HP":"10","FX":"10","HQ":"10","M8":"10","QF":"10","P5":"10","GR":"10","W9":"10","R8":"10","MQ":"10","GC":"10","RH":"10","HH":"10","P8":"10","9Q":"10","X6":"10","FJ":"10","VH":"10","MM":"10","HJ":"10","GH":"10","WC":"10","GG":"10","8Q":"10","6V":"10","PC":"10","MP":"10","GV":"10","PP":"10","JC":"10","M6":"10","JM":"10","HM":"10","X9":"10","FP":"10","H9":"10","CQ":"10","CJ":"10","HR":"10","8P":"10","9V":"10","7R":"10","9P":"10","W7":"10","RC":"10","X8":"10","HC":"10","Q8":"10","JJ":"10","6X":"10","CX":"10","FM":"10","X3":"10","V4":"10","V2":"10","RF":"10","HG":"10","W4":"10","MC":"10","W5":"10","CH":"10","Q9":"10","P7":"10","R2":"10","GM":"10","V9":"10","PJ":"10","W6":"10","GX":"10","9M":"10","P9":"10","QM":"10","FG":"10","CP":"10","R7":"10","6W":"10","V5":"10","8V":"10","Q3":"10","QH":"10","JH":"10","GP":"10","CV":"10","8W":"10","GQ":"10","J9":"10","FR":"10","X4":"10","GJ":"10","7W":"10","JQ":"10","5X":"10","8X":"10","V6":"10","W2":"10","JP":"10","HV":"10","RJ":"10","GW":"10","W8":"10","R6":"10","FV":"10","QC":"10","M9":"10","VG":"10","M7":"10","CM":"10","P4":"10","7V":"10","Q6":"10","GF":"10","VC":"10","MJ":"10","8R":"10","JR":"10","W3":"10","X7":"10","MH":"10","R9":"10","9W":"10","Q5":"10","VF":"10","MG":"10","FW":"10","JG":"10","X5":"10","PG":"10","CW":"10","7X":"10","MF":"10","V7":"10"},"2Q":{"XX":"10","XP":"10","VV":"10","XV":"10","WV":"10","XM":"10","XQ":"10","VX":"10","WQ":"10","XJ":"10","XR":"10","WR":"10","WX":"10","WW":"10","XW":"10","WP":"10","VW":"10"},"2V":{"C2":"10","C5":"10","53":"10","82":"10","56":"10","92":"10","52":"10","57":"10","74":"10","83":"10","76":"10","84":"10","38":"10","F3":"10","45":"10","86":"10","66":"10","72":"10","37":"10","49":"10","96":"10","85":"10","59":"10","4C":"10","3C":"10","48":"10","62":"10","F2":"10","46":"10","95":"10","C4":"10","64":"10","39":"10","67":"10","68":"10","77":"10","47":"10","54":"10","75":"10","94":"10","58":"10","63":"10","73":"10","65":"10","93":"10","C3":"10","55":"10"}},"RH":{"3G":{"VQ":"10","RQ":"10","RR":"10","VR":"10"}},"W3":{"RG":{"6P":"10","7J":"10","5P":"10"}},"FC":{"25":{"53":"10","F8":"10","25":"10","C8":"10","23":"10","43":"10","52":"10","33":"10","F7":"10","74":"10","44":"10","35":"10","87":"10","45":"10","88":"10","97":"10","C7":"10","34":"10","H8":"10","85":"10","M7":"10","62":"10","J7":"10","22":"10","64":"10","H7":"10","54":"10","75":"10","J8":"10","24":"10","63":"10","M8":"10","73":"10","65":"10","55":"10"},"6V":{"RW":"10","VX":"10","VW":"10","RX":"10"},"24":{"2R":"10","2V":"10","2X":"10","2W":"10"}},"F7":{"PF":{"GJ":"10"}},"J9":{"XH":{"P7":"10","Q6":"10","P6":"10","P3":"10","M4":"10","M6":"10","P4":"10","P5":"10","Q5":"10","M5":"10"},"56":{"Q3":"10","Q2":"10"},"65":{"9C":"10","8F":"10","98":"10","7H":"10","7G":"10","8C":"10","7F":"10","88":"10","9F":"10","78":"10","9H":"10","CC":"10","CG":"10","79":"10","9G":"10","8H":"10","C8":"10","99":"10","CF":"10","8G":"10","89":"10","7C":"10","C9":"10"},"58":{"QX":"10"}},"Q8":{"24":{"74":"10","64":"10","65":"10","75":"10"}},"P9":{"7W":{"XG":"10","XH":"10","WH":"10","WG":"10","XF":"10"},"74":{"HF":"10","JH":"10","HH":"10","HG":"10","JG":"10","JF":"10"},"5W":{"8W":"10","CX":"10","8X":"10","9X":"10","CW":"10","2V":"10","2X":"10","2W":"10","9W":"10"},"9G":{"WH":"10","WJ":"10","VH":"10","WG":"10","VJ":"10"},"33":{"M6":"10","W2":"10","P7":"10","P6":"10","V3":"10","W5":"10","V5":"10","W4":"10","X6":"10","X3":"10","X4":"10","Q6":"10","W6":"10","V2":"10","V4":"10","Q7":"10","W3":"10","X5":"10"},"5X":{"82":"10","25":"10","22":"10","35":"10","5J":"10","5M":"10","4J":"10","54":"10","92":"10","C2":"10","44":"10","5H":"10","43":"10","4M":"10","4H":"10","C3":"10","83":"10","53":"10","93":"10","36":"10","26":"10"},"4G":{"QX":"10","QW":"10","PW":"10","MW":"10","XQ":"10","MX":"10","PV":"10","XR":"10","WR":"10","PX":"10"},"5H":{"72":"10"},"4X":{"X9":"10","Q6":"10","W2":"10","X2":"10","XC":"10","WC":"10","W9":"10","R6":"10"},"43":{"23":"10","24":"10"},"4W":{"XW":"10","VX":"10","WW":"10","WX":"10","XX":"10","VW":"10"},"29":{"C2":"10","H4":"10","C5":"10","J9":"10","F5":"10","F4":"10","HC":"10","82":"10","52":"10","42":"10","G4":"10","G5":"10","F7":"10","H9":"10","83":"10","J6":"10","84":"10","2P":"10","F3":"10","H5":"10","G8":"10","F6":"10","72":"10","H8":"10","C6":"10","G3":"10","62":"10","F2":"10","J7":"10","95":"10","C4":"10","G7":"10","G9":"10","94":"10","63":"10","73":"10","G6":"10","93":"10","JC":"10","C3":"10","H6":"10"},"4H":{"P3":"10","P2":"10","M2":"10","M3":"10"},"2F":{"FW":"10","FX":"10","FV":"10"},"5G":{"7W":"10","7V":"10","6W":"10","4Q":"10","4P":"10","8V":"10","8R":"10","3P":"10","8Q":"10","7Q":"10","3Q":"10","7P":"10","5P":"10","6Q":"10","5Q":"10","7R":"10","6P":"10","6V":"10","2Q":"10","7X":"10","6X":"10","8P":"10","2R":"10"},"27":{"JP":"10","PV":"10","53":"10","79":"10","23":"10","JV":"10","GG":"10","56":"10","RW":"10","43":"10","PR":"10","QX":"10","36":"10","57":"10","33":"10","RX":"10","7C":"10","74":"10","44":"10","35":"10","9G":"10","MW":"10","CH":"10","76":"10","GP":"10","87":"10","HM":"10","CJ":"10","FJ":"10","45":"10","88":"10","8F":"10","34":"10","66":"10","PW":"10","FM":"10","HR":"10","JW":"10","9F":"10","HV":"10","MV":"10","46":"10","22":"10","32":"10","PX":"10","GH":"10","64":"10","QW":"10","8C":"10","JQ":"10","JM":"10","67":"10","68":"10","RV":"10","69":"10","FH":"10","77":"10","47":"10","54":"10","75":"10","MR":"10","HQ":"10","JR":"10","78":"10","58":"10","24":"10","GJ":"10","FG":"10","QV":"10","CF":"10","65":"10","GM":"10","HP":"10","89":"10","55":"10","CG":"10"},"8F":{"R7":"10","V6":"10","W7":"10","V3":"10","W5":"10","R6":"10","V5":"10","Q5":"10","W4":"10","R4":"10","V7":"10","Q6":"10","W6":"10","V4":"10","R5":"10","R2":"10","R3":"10","V8":"10","Q4":"10"},"26":{"2V":"10","2X":"10"},"28":{"C5":"10","F5":"10","F4":"10","5X":"10","4X":"10","2W":"10","GG":"10","7X":"10","5Q":"10","G4":"10","G5":"10","F7":"10","3V":"10","2P":"10","6V":"10","4R":"10","6X":"10","3Q":"10","5V":"10","5R":"10","F6":"10","C6":"10","2X":"10","6W":"10","4W":"10","HG":"10","2R":"10","2V":"10","GH":"10","3X":"10","GF":"10","G7":"10","6R":"10","4V":"10","2M":"10","3R":"10","5W":"10","4Q":"10","3W":"10","G6":"10","2Q":"10"},"4V":{"WJ":"10","VM":"10","VJ":"10","WM":"10"}},"3V":{"55":{"9G":"10"},"45":{"7W":"10","7V":"10","Q9":"10","W8":"10","9V":"10","R8":"10","CJ":"10","V9":"10","9H":"10","8J":"10","8H":"10","9M":"10","FH":"10","QC":"10","RC":"10","GH":"10","W9":"10","CM":"10","R9":"10","9P":"10","FJ":"10","9J":"10","9Q":"10","9R":"10","V8":"10"},"46":{"68":"10","5J":"10","5M":"10","4J":"10","67":"10","57":"10","3J":"10","4M":"10","58":"10","3M":"10"},"36":{"V6":"10","45":"10","W7":"10","33":"10","W5":"10","55":"10","W8":"10","54":"10","44":"10","W4":"10","X6":"10","43":"10","V7":"10","X4":"10","X7":"10","W6":"10","34":"10","X5":"10"}},"X6":{"6G":{"86":"10","C6":"10","55":"10","54":"10","95":"10","96":"10","C5":"10","97":"10","87":"10","85":"10","C7":"10"},"68":{"2J":"10"},"P7":{"FF":"10","88":"10","9G":"10","9F":"10","99":"10","GF":"10","98":"10","FG":"10","96":"10","78":"10","8G":"10","97":"10","FH":"10","C8":"10","GG":"10","FC":"10","89":"10","8C":"10","8F":"10","87":"10","C7":"10","9C":"10"},"F3":{"XV":"10","XR":"10"},"G3":{"2V":"10"},"6V":{"44":"10","34":"10"},"42":{"4X":"10","4R":"10","4W":"10"}},"M4":{"25":{"6Q":"10"},"QF":{"QX":"10","MH":"10","MV":"10","QW":"10","PW":"10","MQ":"10","PR":"10","MW":"10","MJ":"10","JJ":"10","PV":"10","RX":"10","JQ":"10","JP":"10","PQ":"10","HQ":"10","QV":"10","JH":"10","JM":"10","MR":"10","HP":"10","PX":"10"},"F5":{"HQ":"10","JV":"10","JR":"10","JQ":"10","HP":"10","HR":"10"},"QJ":{"QP":"10","QQ":"10"},"F7":{"C4":"10","F5":"10","F3":"10","G5":"10","F2":"10","C3":"10","G2":"10","G3":"10","G4":"10","F4":"10","C2":"10"},"F6":{"P7":"10","M6":"10","JG":"10","P6":"10","CX":"10","FX":"10","J5":"10","M7":"10","HJ":"10","GX":"10","H7":"10","Q5":"10","JJ":"10","P5":"10","J7":"10","Q6":"10","HH":"10","J6":"10","JH":"10","H6":"10","M5":"10"},"QG":{"P9":"10","P6":"10","Q2":"10","Q5":"10","P5":"10","P8":"10","Q8":"10","Q6":"10","P2":"10"}},"G4":{"W5":{"49":"10","3F":"10","2F":"10","4H":"10","3G":"10","39":"10","3H":"10","4G":"10"}},"PR":{"WQ":{"F2":"10"}},"V4":{"QR":{"63":"10","64":"10","62":"10"},"QQ":{"8W":"10","6X":"10","8X":"10","6W":"10","9X":"10"}},"CM":{"P8":{"MJ":"10","MM":"10","JJ":"10","JM":"10"}},"RG":{"M9":{"FW":"10","P3":"10","GW":"10","GV":"10","GQ":"10","GR":"10","CR":"10","CQ":"10","FR":"10","FV":"10","FQ":"10"},"5R":{"X3":"10","W3":"10","W4":"10"}},"3R":{"Q8":{"VG":"10","WG":"10"}},"X5":{"M7":{"JJ":"10","JM":"10"},"JP":{"CM":"10"},"JC":{"FV":"10"},"29":{"C6":"10"}},"PH":{"Q8":{"92":"10","C2":"10"}},"P2":{"6G":{"RP":"10","QM":"10","RM":"10"},"2W":{"65":"10","75":"10"},"4J":{"G9":"10","FC":"10","GF":"10","GC":"10"},"5H":{"M7":"10","P8":"10","P7":"10","Q8":"10","Q7":"10","M8":"10"},"5C":{"69":"10","68":"10","59":"10","5C":"10","58":"10","6C":"10"},"5P":{"JG":"10","MC":"10","HF":"10","HG":"10","JC":"10","JF":"10","HC":"10","MG":"10","MF":"10"},"6H":{"X3":"10","W3":"10","X4":"10","W4":"10","V6":"10","V8":"10","W7":"10","W8":"10","V7":"10","W6":"10"},"6C":{"38":"10","45":"10","55":"10","39":"10","49":"10","4C":"10","46":"10","56":"10","36":"10","3C":"10"},"3V":{"3J":"10","2J":"10","3M":"10","2M":"10"},"52":{"H5":"10","H4":"10","J4":"10","92":"10","H3":"10","J5":"10"},"66":{"9R":"10","7H":"10","9V":"10","8R":"10","8V":"10"}},"23":{"3J":{"69":"10","58":"10","6C":"10"},"2Q":{"82":"10"}},"WQ":{"84":{"F3":"10","F4":"10"}},"P3":{"J9":{"4R":"10","4Q":"10","4P":"10","5R":"10","3R":"10","3P":"10","3Q":"10","5P":"10","5Q":"10","3V":"10","5V":"10","4V":"10"},"X2":{"98":"10","9F":"10","99":"10","CF":"10"}},"Q6":{"2J":{"C4":"10","F5":"10","C5":"10","F7":"10","F6":"10","C6":"10","F4":"10","C7":"10"},"HX":{"MX":"10","JW":"10","HW":"10","JV":"10","JX":"10","MW":"10"},"HV":{"MG":"10","VX":"10","G6":"10","F6":"10","JP":"10","MH":"10","JG":"10","HG":"10","9P":"10","F5":"10","JC":"10","H8":"10","JH":"10","8P":"10","PP":"10","VR":"10","6J":"10","H6":"10","9M":"10","QR":"10","FM":"10","HC":"10","7J":"10","HM":"10","RQ":"10","HF":"10","MJ":"10","G8":"10","8J":"10","7P":"10","VW":"10","QV":"10","HH":"10","G5":"10","G7":"10","7H":"10","GQ":"10","JJ":"10","RP":"10","QP":"10","X9":"10","8M":"10","H7":"10","FP":"10","QQ":"10","MM":"10","GR":"10","QM":"10","WX":"10","FR":"10","CP":"10","PJ":"10","9J":"10","FQ":"10","J9":"10","G4":"10","VV":"10","XX":"10","8H":"10","H9":"10","F4":"10","7G":"10","7M":"10","PM":"10","X8":"10","JM":"10","WW":"10","GH":"10","HJ":"10","JF":"10","RR":"10"},"JV":{"7V":"10","84":"10","82":"10","8V":"10","8R":"10","92":"10","8Q":"10","94":"10","7Q":"10","29":"10","7P":"10","56":"10","6Q":"10","7R":"10","83":"10","93":"10","27":"10","8P":"10","28":"10","6R":"10","66":"10"},"37":{"JH":"10","HH":"10","HG":"10","HJ":"10"},"HR":{"9Q":"10","9P":"10","8M":"10","8Q":"10","8P":"10"},"HW":{"X3":"10","W2":"10","X2":"10"},"JW":{"23":"10","56":"10","43":"10","57":"10","36":"10","33":"10","44":"10","35":"10","76":"10","45":"10","34":"10","66":"10","37":"10","48":"10","46":"10","22":"10","32":"10","67":"10","77":"10","47":"10","54":"10","58":"10","65":"10","55":"10"},"GW":{"76":"10","68":"10","67":"10","57":"10","78":"10","56":"10","69":"10","58":"10","59":"10","77":"10","66":"10"}},"VF":{"6R":{"76":"10","86":"10","88":"10","78":"10","77":"10","79":"10","87":"10","7C":"10"}},"7M":{"X7":{"5J":"10","6M":"10","6J":"10","5M":"10"}},"JM":{"VC":{"3R":"10","3W":"10","3V":"10","8R":"10","8V":"10","7Q":"10","7V":"10","4V":"10","4R":"10","7R":"10","4W":"10"},"VG":{"52":"10","53":"10"},"RG":{"P5":"10","Q4":"10","MC":"10","PG":"10","QG":"10","HC":"10","JF":"10","H8":"10","67":"10","C4":"10","RM":"10","82":"10","QM":"10","78":"10","G7":"10","59":"10","68":"10","39":"10","R5":"10","H7":"10","69":"10","Q6":"10","G3":"10","R6":"10","H5":"10","Q5":"10","MG":"10","8C":"10","RJ":"10","49":"10","JC":"10","62":"10","48":"10","QJ":"10","J5":"10","77":"10","MH":"10","F5":"10","84":"10","P4":"10","J4":"10","MP":"10","9F":"10","PH":"10","73":"10","CC":"10","9C":"10","H6":"10","92":"10","C2":"10","V5":"10","93":"10","94":"10","RH":"10","G4":"10","7C":"10","8F":"10","PF":"10","38":"10","58":"10","J7":"10","72":"10","79":"10","MF":"10","F3":"10","J9":"10","QH":"10","PJ":"10","47":"10","MJ":"10","9G":"10","CF":"10","G6":"10","M9":"10","J6":"10","63":"10","C3":"10","57":"10","J8":"10","M5":"10","F4":"10","G5":"10","83":"10","H4":"10","M4":"10","MM":"10","37":"10","CG":"10"},"VF":{"39":"10","GX":"10","29":"10"},"RF":{"6X":"10","8X":"10","7X":"10"},"WF":{"7M":"10","4P":"10","5J":"10","5M":"10","7P":"10","5P":"10","6Q":"10","4M":"10","6P":"10","6M":"10","6J":"10"}},"3W":{"PH":{"P7":"10","Q6":"10","P6":"10","M6":"10","Q7":"10"}},"R4":{"MX":{"XJ":"10","XM":"10"},"RW":{"PW":"10","PX":"10","QX":"10","RX":"10","QW":"10"},"6X":{"4J":"10","3J":"10","2J":"10","4M":"10","4P":"10"},"PX":{"9Q":"10","CM":"10","RX":"10","XJ":"10","VX":"10","9P":"10","CR":"10","GP":"10","FQ":"10","WG":"10","FM":"10","XM":"10","CP":"10","VC":"10","WC":"10","W9":"10","9M":"10","FP":"10","FR":"10","CQ":"10","VF":"10","VG":"10","GR":"10","WF":"10","GQ":"10","9R":"10","GM":"10"},"MR":{"VC":"10","WC":"10","VF":"10","WF":"10"},"32":{"FQ":"10"}},"Q5":{"WJ":{"X3":"10","W3":"10","W5":"10","W2":"10","X5":"10","X2":"10","V2":"10","X4":"10","W4":"10","V5":"10","V4":"10","W6":"10","V3":"10"}},"92":{"45":{"3G":"10","2J":"10","3H":"10"},"2R":{"24":"10"},"35":{"GJ":"10","7M":"10","5M":"10","7G":"10","HJ":"10","7J":"10","8J":"10","8H":"10","5P":"10","HH":"10","6H":"10","5Q":"10","GH":"10","6P":"10","8M":"10","7H":"10","6M":"10","6J":"10"}},"FW":{"R7":{"6C":"10","2H":"10","79":"10","25":"10","4M":"10","3J":"10","36":"10","3P":"10","2F":"10","7C":"10","3H":"10","35":"10","7F":"10","2G":"10","6G":"10","3M":"10","5C":"10","3G":"10","26":"10","34":"10","27":"10","59":"10","6F":"10","6H":"10","4F":"10","5G":"10","8C":"10","69":"10","2M":"10","3F":"10","78":"10","5H":"10","24":"10","2J":"10"},"P7":{"XX":"10","XP":"10","XV":"10","WV":"10","XM":"10","XQ":"10","XR":"10","WX":"10","WW":"10","XW":"10"},"P6":{"W2":"10","V6":"10","X9":"10","W7":"10","XC":"10","V3":"10","W5":"10","V5":"10","X8":"10","W8":"10","W4":"10","X6":"10","V9":"10","R4":"10","X3":"10","V7":"10","X4":"10","X7":"10","VC":"10","X2":"10","W6":"10","V2":"10","W9":"10","W3":"10","V4":"10","X5":"10","R2":"10","WC":"10","R3":"10","V8":"10"},"Q9":{"5W":"10","7M":"10","6W":"10","5X":"10","7Q":"10","7P":"10","6Q":"10","7R":"10","6P":"10","6V":"10","5V":"10","6X":"10","6M":"10","6R":"10"},"XV":{"JP":"10","7J":"10","6J":"10","9H":"10","GG":"10","8G":"10","7H":"10","HJ":"10","9G":"10","CH":"10","8J":"10","6G":"10","3V":"10","GP":"10","FQ":"10","CJ":"10","FJ":"10","FM":"10","HG":"10","9J":"10","GH":"10","6H":"10","5G":"10","JQ":"10","HH":"10","FH":"10","FP":"10","FR":"10","3R":"10","FV":"10","4G":"10","HQ":"10","5H":"10","GR":"10","8H":"10","GJ":"10","FG":"10","GV":"10","GQ":"10","GM":"10","HP":"10","4H":"10","7G":"10","CG":"10"},"PF":{"6V":"10","R2":"10","XC":"10","JR":"10","W5":"10","MW":"10","6W":"10","Q3":"10","CQ":"10","7W":"10","Q2":"10","W4":"10","WM":"10","WJ":"10","CX":"10","7X":"10","X9":"10","JW":"10","CW":"10","WR":"10","VM":"10","PQ":"10","WP":"10","CJ":"10","X3":"10","7V":"10","RV":"10","CP":"10","XR":"10","JV":"10","CR":"10","XG":"10","W3":"10","MV":"10","MR":"10","XF":"10","X6":"10","PR":"10","CM":"10","X5":"10","P2":"10","PV":"10","P3":"10","MQ":"10","X8":"10","8W":"10","6X":"10","W2":"10","CH":"10","X7":"10","RR":"10","X4":"10"},"PG":{"P9":"10","M6":"10","QX":"10","2P":"10","MV":"10","QW":"10","H3":"10","PW":"10","X8":"10","MW":"10","J5":"10","M7":"10","3P":"10","C2":"10","M3":"10","X6":"10","V9":"10","MX":"10","P8":"10","PV":"10","J4":"10","J3":"10","C5":"10","X3":"10","2M":"10","X4":"10","X7":"10","RX":"10","H2":"10","M8":"10","F4":"10","W9":"10","M9":"10","C3":"10","P2":"10","RW":"10","JX":"10","7X":"10","PX":"10","JW":"10","C4":"10","M4":"10","M5":"10","F5":"10"},"R6":{"2C":"10","2H":"10","4X":"10","2W":"10","4M":"10","3J":"10","3P":"10","2F":"10","3H":"10","29":"10","3M":"10","3V":"10","2P":"10","3G":"10","4R":"10","3Q":"10","49":"10","2X":"10","4C":"10","3C":"10","4W":"10","2R":"10","4J":"10","2V":"10","3X":"10","4F":"10","39":"10","4V":"10","2M":"10","3R":"10","3F":"10","4G":"10","4Q":"10","4P":"10","3W":"10","4H":"10","2J":"10","2Q":"10"},"PC":{"VX":"10","MH":"10","XC":"10","XH":"10","JG":"10","QW":"10","JH":"10","PP":"10","VR":"10","MW":"10","XM":"10","QR":"10","PW":"10","WG":"10","RQ":"10","WH":"10","MJ":"10","WF":"10","WJ":"10","VW":"10","QV":"10","JJ":"10","RP":"10","WV":"10","QP":"10","X9":"10","PQ":"10","PX":"10","MP":"10","QQ":"10","RV":"10","XJ":"10","QM":"10","WX":"10","PJ":"10","XG":"10","MV":"10","VQ":"10","MR":"10","XF":"10","PR":"10","VV":"10","PV":"10","MQ":"10","MX":"10","VG":"10","PM":"10","RW":"10","WW":"10","RX":"10","QX":"10","RR":"10"},"P5":{"RW":"10","VV":"10","RR":"10","VX":"10","RV":"10","QR":"10","VW":"10","RX":"10","QV":"10"},"P8":{"V8":"10","R8":"10","R9":"10","W3":"10","X3":"10","V7":"10","RF":"10","W6":"10","87":"10","V6":"10","86":"10","V9":"10","WG":"10","85":"10","96":"10","RC":"10","95":"10","VC":"10","WC":"10","X2":"10","W9":"10","VF":"10","VG":"10","W2":"10","RG":"10","WF":"10","W7":"10","W8":"10"},"QF":{"2J":"10","2P":"10","2G":"10","2H":"10","3X":"10","3R":"10","3P":"10","4X":"10","2M":"10","2C":"10","3Q":"10","2F":"10","2Q":"10","2R":"10","3M":"10"},"QG":{"6C":"10","79":"10","56":"10","43":"10","42":"10","7H":"10","57":"10","7C":"10","44":"10","7F":"10","6G":"10","45":"10","88":"10","66":"10","72":"10","59":"10","6F":"10","62":"10","32":"10","6H":"10","8C":"10","67":"10","68":"10","69":"10","54":"10","78":"10","58":"10","63":"10","73":"10","7G":"10","89":"10","55":"10"},"Q8":{"C2":"10","C5":"10","F5":"10","F4":"10","53":"10","23":"10","JV":"10","HW":"10","82":"10","56":"10","43":"10","92":"10","52":"10","42":"10","G4":"10","57":"10","36":"10","G5":"10","33":"10","74":"10","44":"10","35":"10","83":"10","76":"10","84":"10","F3":"10","45":"10","86":"10","34":"10","72":"10","37":"10","HR":"10","96":"10","85":"10","G3":"10","48":"10","HV":"10","F2":"10","46":"10","95":"10","22":"10","32":"10","C4":"10","54":"10","47":"10","75":"10","JR":"10","94":"10","58":"10","73":"10","93":"10","C3":"10","55":"10"},"QC":{"2J":"10","3G":"10","38":"10","45":"10","2G":"10","76":"10","2H":"10","55":"10","4F":"10","39":"10","3H":"10","54":"10","3F":"10","44":"10","57":"10","43":"10","49":"10","4C":"10","7J":"10","46":"10","2M":"10","65":"10","37":"10","62":"10","2C":"10","3J":"10","29":"10","56":"10","6H":"10","2F":"10","53":"10","75":"10","52":"10","7H":"10","28":"10","3C":"10","6M":"10","3M":"10","48":"10","47":"10","6J":"10","66":"10"},"Q6":{"XW":"10","39":"10","55":"10","XC":"10","XV":"10","54":"10","XM":"10","56":"10","XQ":"10","WM":"10","47":"10","WV":"10","XP":"10","X9":"10","WR":"10","57":"10","36":"10","WP":"10","46":"10","26":"10","37":"10","48":"10","29":"10","WX":"10","34":"10","35":"10","XR":"10","25":"10","45":"10","XF":"10","22":"10","33":"10","23":"10","XX":"10","WQ":"10","44":"10","27":"10","43":"10","28":"10","WW":"10","24":"10","38":"10","53":"10"},"PH":{"P2":"10","Q3":"10","R2":"10","6C":"10","79":"10","82":"10","74":"10","Q2":"10","83":"10","76":"10","84":"10","5C":"10","87":"10","88":"10","86":"10","66":"10","72":"10","85":"10","59":"10","5F":"10","P3":"10","95":"10","R3":"10","64":"10","4F":"10","5G":"10","67":"10","68":"10","69":"10","77":"10","75":"10","4G":"10","94":"10","78":"10","58":"10","73":"10","65":"10"},"Q7":{"F7":"10","2P":"10","8V":"10","5G":"10","2F":"10","8J":"10","2M":"10","HC":"10","V7":"10","5M":"10","H8":"10","3F":"10","7X":"10","V6":"10","3H":"10","5P":"10","XF":"10","XC":"10","2X":"10","3R":"10","3J":"10","G7":"10","8H":"10","F8":"10","8W":"10","39":"10","9W":"10","6X":"10","4P":"10","QQ":"10","C8":"10","C6":"10","4W":"10","H9":"10","G9":"10","5X":"10","8Q":"10","7J":"10","4C":"10","WC":"10","3M":"10","F6":"10","2W":"10","8G":"10","FR":"10","3X":"10","29":"10","49":"10","5H":"10","98":"10","JC":"10","V4":"10","CM":"10","48":"10","GC":"10","5Q":"10","4G":"10","2Q":"10","6H":"10","7V":"10","F5":"10","7Q":"10","7R":"10","R7":"10","X6":"10","6W":"10","4F":"10","9X":"10","G8":"10","3Q":"10","5R":"10","74":"10","3C":"10","3W":"10","8R":"10","F9":"10","XJ":"10","4V":"10","73":"10","CC":"10","9C":"10","C9":"10","FM":"10","7W":"10","FF":"10","99":"10","V5":"10","4R":"10","2R":"10","38":"10","FV":"10","3V":"10","5J":"10","4X":"10","X5":"10","2C":"10","2V":"10","C7":"10","4J":"10","4Q":"10","J9":"10","CX":"10","6J":"10","6V":"10","CF":"10","6R":"10","G6":"10","X9":"10","4M":"10","FP":"10","2J":"10","7H":"10","GF":"10","GV":"10","2G":"10","5V":"10","GR":"10","G5":"10","2H":"10","5W":"10","3P":"10","8X":"10","4H":"10","XG":"10","FC":"10","3G":"10"}},"8W":{"84":{"22":"10","23":"10","24":"10"},"83":{"4V":"10","4R":"10"},"74":{"X3":"10","X2":"10","X4":"10"},"WF":{"VC":"10","VG":"10","WC":"10","WG":"10","VF":"10","WF":"10"}},"G9":{"R5":{"JP":"10","JV":"10","MJ":"10","MP":"10","QM":"10","MH":"10","HR":"10","JJ":"10","JH":"10","MV":"10","QJ":"10","JM":"10","JQ":"10","MM":"10","PJ":"10","MR":"10","HQ":"10","PM":"10","JR":"10"},"JM":{"VV":"10","VX":"10","WW":"10","WX":"10","VW":"10","WV":"10"}},"9Q":{"V9":{"38":"10","63":"10","82":"10","33":"10","55":"10","54":"10","64":"10","43":"10","46":"10","65":"10","37":"10","62":"10","29":"10","56":"10","83":"10","53":"10","52":"10","28":"10","47":"10"},"R9":{"X9":"10","W7":"10","W8":"10","R8":"10","V9":"10","V7":"10","R9":"10","V8":"10"},"V8":{"6X":"10","5X":"10","5W":"10","4W":"10"}},"V6":{"FV":{"7F":"10","CQ":"10","G7":"10","F7":"10","F8":"10","CP":"10","6F":"10","G8":"10","HQ":"10","6C":"10","7C":"10","9P":"10","9Q":"10","HP":"10","C7":"10","F6":"10"}},"JF":{"W5":{"RJ":"10","VH":"10","RH":"10","VJ":"10"},"X2":{"F2":"10","G2":"10","G3":"10"},"QJ":{"82":"10","92":"10"},"X7":{"52":"10","62":"10"},"X6":{"7W":"10","7V":"10","6W":"10","5X":"10","8V":"10","8R":"10","8W":"10","8X":"10","7R":"10","6V":"10","7X":"10","6X":"10"},"R4":{"FH":"10","GH":"10","HH":"10"},"RM":{"WR":"10","WV":"10"}},"RR":{"97":{"F6":"10"}},"P6":{"CX":{"F2":"10","G2":"10","C2":"10"},"FV":{"5Q":"10","4X":"10","4Q":"10","5V":"10","4M":"10","5R":"10","4V":"10","4R":"10","5P":"10","4W":"10","5M":"10","4P":"10"},"CQ":{"22":"10","32":"10"},"XC":{"86":"10","76":"10","85":"10"},"8V":{"MQ":"10","PR":"10","J5":"10","QP":"10","M3":"10","QQ":"10","J4":"10","QR":"10","PQ":"10","J6":"10","MR":"10","M4":"10","PP":"10","M5":"10"},"PR":{"2C":"10","2H":"10","56":"10","3J":"10","57":"10","2F":"10","3H":"10","29":"10","2G":"10","3M":"10","38":"10","3G":"10","28":"10","37":"10","3C":"10","48":"10","39":"10","67":"10","68":"10","47":"10","2M":"10","3F":"10","58":"10","2J":"10"},"VR":{"94":"10","C4":"10","92":"10","C3":"10","93":"10","C2":"10"},"FW":{"2H":"10","25":"10","2W":"10","43":"10","42":"10","33":"10","44":"10","35":"10","2G":"10","2P":"10","45":"10","34":"10","49":"10","48":"10","46":"10","2R":"10","32":"10","2V":"10","47":"10","2M":"10","24":"10","2J":"10","2Q":"10"},"CP":{"FF":"10","2W":"10","84":"10","3X":"10","95":"10","CJ":"10","FG":"10","67":"10","94":"10","4W":"10","C5":"10","7J":"10","9H":"10","8J":"10","8H":"10","9M":"10","FH":"10","CH":"10","GH":"10","3V":"10","GG":"10","2X":"10","8M":"10","7H":"10","9J":"10","4V":"10","85":"10","3W":"10","C4":"10"},"94":{"J2":"10","M2":"10"},"QG":{"M6":"10","P6":"10","H3":"10","H4":"10","J5":"10","G7":"10","H7":"10","F7":"10","F8":"10","H5":"10","P5":"10","J4":"10","J3":"10","G8":"10","P4":"10","G6":"10","H8":"10","H6":"10","M4":"10","M5":"10"},"CM":{"9P":"10","9M":"10","G6":"10","F6":"10","CP":"10","CM":"10"},"CR":{"HW":"10","HX":"10","JX":"10"},"93":{"MX":"10","JW":"10","JX":"10","MW":"10"},"9P":{"WR":"10","VV":"10","WW":"10","VR":"10","VW":"10","WV":"10"},"MR":{"XJ":"10","XG":"10","XM":"10","XH":"10","QF":"10","WH":"10","WJ":"10","X9":"10","XC":"10","WC":"10","X8":"10","WG":"10","W9":"10","XF":"10","WM":"10","WF":"10","QG":"10"},"CV":{"HX":"10","G6":"10","H3":"10","6C":"10","98":"10","58":"10","6G":"10","H8":"10","9C":"10","J4":"10","5C":"10","H6":"10","7C":"10","89":"10","J5":"10","99":"10","CF":"10","69":"10","H5":"10","CC":"10","79":"10","77":"10","J8":"10","G8":"10","G2":"10","G5":"10","G7":"10","7H":"10","3X":"10","78":"10","4W":"10","QP":"10","JW":"10","68":"10","57":"10","H2":"10","J7":"10","67":"10","J2":"10","9F":"10","H7":"10","88":"10","FP":"10","H4":"10","HW":"10","G3":"10","M3":"10","59":"10","JV":"10","8G":"10","M2":"10","7F":"10","4X":"10","HV":"10","3V":"10","G4":"10","J6":"10","8C":"10","8H":"10","J3":"10","8F":"10","7G":"10","GJ":"10","C9":"10","C8":"10","JX":"10","6F":"10"},"CW":{"9Q":"10","PV":"10","XG":"10","WH":"10","GW":"10","25":"10","QH":"10","VQ":"10","CW":"10","QQ":"10","VM":"10","PR":"10","42":"10","36":"10","WJ":"10","35":"10","XP":"10","XJ":"10","9W":"10","QP":"10","9P":"10","WR":"10","GX":"10","QM":"10","WQ":"10","XW":"10","XV":"10","26":"10","WG":"10","PQ":"10","WV":"10","8W":"10","PP":"10","37":"10","VP":"10","WW":"10","RP":"10","27":"10","9X":"10","XM":"10","8V":"10","RQ":"10","VH":"10","FX":"10","RJ":"10","XR":"10","RH":"10","32":"10","CX":"10","VJ":"10","9V":"10","CP":"10","XQ":"10","WM":"10","RM":"10","QJ":"10","FW":"10","RV":"10","PJ":"10","PH":"10","QG":"10","WP":"10","CQ":"10","VG":"10","PG":"10","VV":"10","PM":"10","XH":"10","QV":"10","VR":"10","RG":"10","RR":"10","QR":"10"}},"X4":{"WJ":{"XG":"10","WH":"10","J9":"10","GC":"10","GG":"10","WJ":"10","XJ":"10","J6":"10","M9":"10","MC":"10","M5":"10","FF":"10","XF":"10","M7":"10","J7":"10","WM":"10","XC":"10","WC":"10","GF":"10","W9":"10","M4":"10","M6":"10","P4":"10","J8":"10","M8":"10","FG":"10","XH":"10","P6":"10","J5":"10","P5":"10","P7":"10","4H":"10","X9":"10"},"CJ":{"MJ":"10","MM":"10"},"GC":{"H9":"10","HC":"10"},"XH":{"CV":"10","9Q":"10","6C":"10","8Q":"10","79":"10","CM":"10","7C":"10","7F":"10","9P":"10","CR":"10","6G":"10","5C":"10","8R":"10","6X":"10","59":"10","5F":"10","4C":"10","8V":"10","6F":"10","6W":"10","9V":"10","CP":"10","6H":"10","4F":"10","5G":"10","69":"10","9M":"10","CQ":"10","9R":"10","7G":"10"},"XJ":{"74":"10","2G":"10","63":"10","84":"10","2H":"10","73":"10","62":"10","2F":"10","75":"10","72":"10","85":"10"},"WH":{"WW":"10","WX":"10"},"WM":{"V3":"10"},"VM":{"VR":"10"},"VJ":{"X3":"10","W3":"10"}}}}