{"index":{"university,1|retail,2|tourism,3|wreck,4|historical,5|artsCulture,6|namedBuilding,7|water,8|wetland,9|park,10|beach,11|natureReserve,12|cemetery,13|trail,14":{}},"92":{"P9":{"F4":{"WW":"10","WV":"10"}},"7V":{"6G":{"99":"10"},"2P":{"W3":"10"},"3M":{"6M":"10"}},"FQ":{"WX":{"P6":"10"}},"MV":{"GP":{"97":"10","98":"10"}},"PW":{"WR":{"JV":"10","JR":"10"}},"9F":{"4P":{"F9":"10","CC":"10","C8":"10","GJ":"10","C9":"10","F8":"10"}},"35":{"X9":{"2M":"10"}},"5M":{"VC":{"HX":"10","GX":"10"},"VF":{"F8":"10","Q3":"10","FG":"10","F9":"10","P4":"10","G2":"10","9J":"10","Q4":"10","M4":"10"}},"GQ":{"5P":{"49":"10"}},"QH":{"JW":{"37":"10","47":"10","46":"10"}},"RG":{"55":{"6J":"10"}},"P8":{"CQ":{"FH":"10","GH":"10","FC":"10","FG":"10","HG":"10","FF":"10","C7":"10"}},"RM":{"7W":{"3F":"10","3G":"10"}},"QF":{"H2":{"Q3":"10","P3":"10","P4":"10","Q4":"10","P5":"10","Q5":"10"}},"RX":{"XH":{"F7":"10","F8":"10","C7":"10"}},"QC":{"HX":{"JW":"10","MQ":"10","JV":"10","MP":"10","JR":"10","MR":"10"}},"JQ":{"QF":{"HC":"10"},"M8":{"MJ":"10"}},"RV":{"VC":{"XG":"10","W3":"10","W2":"10","V2":"10","W4":"10","V3":"10"},"WC":{"28":"10","26":"10","27":"10"}},"XR":{"PX":{"VQ":"10","RR":"10","VR":"10"}},"RW":{"RX":{"M4":"10"}},"7X":{"5F":{"JV":"10"},"9G":{"2F":"10"},"8G":{"R3":"10","R2":"10"}},"R2":{"8V":{"9H":"10"},"CV":{"4F":"10","5C":"10","4C":"10"}},"HP":{"RC":{"QM":"10"}},"PP":{"FJ":{"X9":"10","W9":"10"},"GJ":{"9F":"10","9G":"10"}},"GW":{"Q6":{"X9":"10"},"R6":{"3H":"10"}}}}