{"index":{"university,1|retail,2|tourism,3|wreck,4|historical,5|artsCulture,6|namedBuilding,7|water,8|wetland,9|park,10|beach,11|natureReserve,12|cemetery,13|trail,14":{}},"93":{"JP":{"3H":{"3F":"10","2F":"10","3C":"10","2C":"10"}},"R7":{"2P":{"WR":"10"}},"C5":{"M7":{"R7":"10","Q9":"10","R8":"10","R9":"10","Q8":"10","Q7":"10","R6":"10"},"P6":{"7F":"10","6G":"10","79":"10","68":"10","3R":"10","67":"10","78":"10","6F":"10","5P":"10","6Q":"10","5Q":"10","6C":"10","6P":"10","5G":"10","3V":"10","69":"10","7C":"10","3W":"10"},"P2":{"M9":"10","M8":"10","J8":"10"},"M9":{"8J":"10","8H":"10","8M":"10","8Q":"10","8P":"10"},"M8":{"8W":"10","8X":"10","9V":"10","8R":"10","8V":"10","8Q":"10","9W":"10"}},"HF":{"5W":{"5P":"10","5X":"10","8Q":"10","7J":"10","6P":"10","4X":"10","2W":"10","6J":"10","6Q":"10","4M":"10","3J":"10","8X":"10","7X":"10","5Q":"10","3P":"10","3H":"10","7R":"10","7V":"10","9W":"10","7P":"10","6M":"10","3M":"10","3V":"10","2P":"10","6V":"10","8R":"10","4R":"10","6X":"10","8M":"10","3Q":"10","8W":"10","5V":"10","5R":"10","5M":"10","9X":"10","8V":"10","2X":"10","6W":"10","4W":"10","2R":"10","5J":"10","2V":"10","4J":"10","9V":"10","3X":"10","6R":"10","4V":"10","7Q":"10","2M":"10","3R":"10","5W":"10","5H":"10","7M":"10","4P":"10","4Q":"10","3W":"10","9R":"10","7W":"10","4H":"10","8P":"10","2Q":"10"},"5X":{"MG":"10","39":"10","55":"10","GP":"10","JP":"10","6C":"10","MH":"10","3Q":"10","XH":"10","JG":"10","HG":"10","RM":"10","58":"10","6G":"10","3H":"10","JC":"10","H8":"10","JH":"10","54":"10","5M":"10","5J":"10","2G":"10","PP":"10","4H":"10","5C":"10","F8":"10","GF":"10","6J":"10","JQ":"10","2M":"10","7C":"10","XM":"10","75":"10","56":"10","52":"10","4Q":"10","42":"10","6P":"10","5Q":"10","QH":"10","2Q":"10","5F":"10","3G":"10","32":"10","HC":"10","7J":"10","69":"10","4J":"10","79":"10","77":"10","MC":"10","QF":"10","HM":"10","WG":"10","PC":"10","WM":"10","RF":"10","WH":"10","HF":"10","MJ":"10","4P":"10","WF":"10","G8":"10","WJ":"10","3M":"10","7P":"10","6H":"10","6M":"10","HH":"10","7H":"10","GQ":"10","47":"10","JJ":"10","RP":"10","78":"10","3C":"10","QP":"10","2C":"10","68":"10","VM":"10","PF":"10","57":"10","7Q":"10","36":"10","63":"10","46":"10","5H":"10","MP":"10","67":"10","GG":"10","VH":"10","5G":"10","QJ":"10","2P":"10","26":"10","64":"10","MF":"10","37":"10","2J":"10","3P":"10","48":"10","29":"10","74":"10","82":"10","4G":"10","RJ":"10","GC":"10","66":"10","MM":"10","XJ":"10","QM":"10","72":"10","34":"10","35":"10","59":"10","4M":"10","PJ":"10","3J":"10","4F":"10","25":"10","HQ":"10","F9":"10","7F":"10","RH":"10","RC":"10","45":"10","XG":"10","QC":"10","HP":"10","J9":"10","XF":"10","22":"10","QG":"10","33":"10","RG":"10","73":"10","PH":"10","5P":"10","23":"10","XX":"10","GM":"10","44":"10","H9":"10","3F":"10","MQ":"10","65":"10","VF":"10","27":"10","7G":"10","VG":"10","PM":"10","7M":"10","JM":"10","PG":"10","4C":"10","43":"10","GJ":"10","28":"10","2H":"10","76":"10","GH":"10","G9":"10","24":"10","HJ":"10","VJ":"10","2F":"10","6Q":"10","62":"10","JF":"10","53":"10","38":"10","49":"10","6F":"10"},"WV":{"6X":"10","5X":"10","7X":"10"},"4X":{"VX":"10","XC":"10","XH":"10","RM":"10","W5":"10","XM":"10","W6":"10","VC":"10","XQ":"10","W4":"10","WG":"10","WM":"10","RQ":"10","WH":"10","WF":"10","WJ":"10","VW":"10","RP":"10","XP":"10","X9":"10","W8":"10","VM":"10","WP":"10","X3":"10","VH":"10","W7":"10","W9":"10","V9":"10","WC":"10","XJ":"10","XG":"10","VP":"10","VQ":"10","XF":"10","X6":"10","X5":"10","X2":"10","WQ":"10","VF":"10","VG":"10","X8":"10","X7":"10","VJ":"10","X4":"10"},"4W":{"XW":"10","XV":"10","XX":"10"},"QR":{"FQ":"3","HM":"3","CQ":"3","GM":"3","FM":"3","FP":"3","GQ":"3","CP":"3","GR":"3","GP":"3","FR":"3","CM":"3","HP":"3"},"6X":{"3R":"10","2G":"10","3Q":"10","3J":"10","3V":"10","2J":"10","3H":"10","3M":"10","2R":"10","2H":"10","2Q":"10","2V":"10","2X":"10","3P":"10","2W":"10"},"WW":{"63":"10","52":"10","74":"10","54":"10","53":"10","64":"10","73":"10","72":"10","62":"10"}},"GC":{"28":{"J9":"10","H9":"10","PF":"10","J8":"10","PG":"10","PC":"10","H8":"10"},"HQ":{"6G":"10","33":"10","35":"10","44":"10","43":"10","42":"10","6H":"10","36":"10","32":"10"},"FW":{"JP":"10","C2":"10","H4":"10","WH":"10","F5":"10","F4":"10","53":"10","23":"10","82":"10","92":"10","52":"10","G4":"10","MP":"10","G5":"10","83":"10","Q5":"10","G2":"10","Q6":"10","F3":"10","WG":"10","M5":"10","PP":"10","72":"10","JJ":"10","G3":"10","M7":"10","62":"10","F2":"10","22":"10","G7":"10","JM":"10","M6":"10","MR":"10","MQ":"10","24":"10","63":"10","73":"10","G6":"10","93":"10","C3":"10"},"6H":{"QX":"10"},"GQ":{"GR":"3","FR":"3"},"CW":{"X3":"10","W3":"10","W2":"10","X2":"10","X4":"10"},"GR":{"R8":"10"},"FX":{"MQ":"10","JP":"10","MP":"10","HM":"10","JJ":"10","JM":"10","HJ":"10"},"HP":{"3G":"10","4R":"10","2G":"10","4Q":"10","4F":"10","4G":"10","5R":"10","3F":"10","4C":"10","5Q":"10","5G":"10","5V":"10","5F":"10","4V":"10","3C":"10"},"8P":{"9Q":"10","C5":"10","F5":"10","F4":"10","F8":"10","8Q":"10","C8":"10","G4":"10","G5":"10","F7":"10","7R":"10","7V":"10","7P":"10","F3":"10","8R":"10","C7":"10","8M":"10","F6":"10","C6":"10","G3":"10","8V":"10","C4":"10","G7":"10","C9":"10","F9":"10","7Q":"10","7M":"10","G6":"10","9R":"10","C3":"10","8P":"10"},"6J":{"Q3":"10","Q2":"10","R3":"10","R2":"10","Q4":"10","R4":"10"},"FV":{"CV":"10","9Q":"10","5X":"10","8Q":"10","4X":"10","2W":"10","6Q":"10","CW":"10","RW":"10","QQ":"10","8X":"10","7X":"10","5Q":"10","QX":"10","RX":"10","7R":"10","7V":"10","9W":"10","CR":"10","3V":"10","FQ":"10","6V":"10","8R":"10","4R":"10","6X":"10","3Q":"10","8W":"10","5V":"10","5R":"10","9X":"10","8V":"10","2X":"10","6W":"10","FX":"10","4W":"10","CX":"10","2V":"10","9V":"10","3X":"10","QW":"10","FW":"10","6R":"10","4V":"10","RV":"10","FR":"10","7Q":"10","CQ":"10","3R":"10","FV":"10","5W":"10","QV":"10","4Q":"10","3W":"10","9R":"10","7W":"10","RR":"10","QR":"10"},"CV":{"XW":"10","XV":"10","WW":"10","XR":"10","WX":"10","XX":"10"}},"GG":{"XG":{"P2":"10","M2":"10","M3":"10"},"F5":{"RQ":"10","RP":"10"},"4H":{"H4":"10","25":"10","82":"10","57":"10","74":"10","83":"10","J6":"10","76":"10","38":"10","H5":"10","28":"10","26":"10","66":"10","72":"10","37":"10","27":"10","M7":"10","48":"10","62":"10","64":"10","67":"10","77":"10","47":"10","75":"10","58":"10","63":"10","J5":"10","73":"10","65":"10","H6":"10"},"F3":{"M6":"10","P7":"10","P6":"10","M7":"10","J8":"10","P8":"10","P5":"10","M8":"10","M9":"10","M5":"10","J9":"10"},"XW":{"92":"10"},"XV":{"9Q":"10","8Q":"10","7J":"10","56":"10","8X":"10","7H":"10","57":"10","7C":"10","3H":"10","9W":"10","7P":"10","7F":"10","9P":"10","8J":"10","3G":"10","8R":"10","8M":"10","66":"10","8W":"10","49":"10","9X":"10","8V":"10","4C":"10","3C":"9|10","4J":"10","9V":"10","CP":"10","4F":"10","39":"10","67":"10","68":"10","69":"10","9M":"10","77":"10","7Q":"10","CQ":"10","3F":"10|9","4G":"10","78":"10","7M":"10","58":"10","65":"10","9R":"10","4H":"10","7G":"10","55":"10","8P":"10"},"3H":{"X5":"10","X6":"10"},"XF":{"MX":"10","PX":"10"},"GC":{"JV":"10","HV":"10","JR":"10","HR":"10"}},"JX":{"68":{"PC":"10","R7":"10","V8":"10","R8":"10","P8":"10","W5":"10","R9":"10","QH":"10","QC":"10","V7":"10","Q8":"10","RF":"10","Q7":"10","Q6":"10","P9":"10","W6":"10","X6":"10","V6":"10","V9":"10","R6":"10","Q9":"10","RC":"10","QF":"10","RH":"10","VC":"10","WC":"10","QJ":"10","W9":"10","X7":"10","PH":"10","PJ":"10","QG":"10","PF":"10","VF":"10","VG":"10","PG":"10","P6":"10","RG":"10","P7":"10","W7":"10","W8":"10"},"78":{"28":"10","37":"10","26":"10","36":"10","27":"10"}},"R5":{"W4":{"59":"10"}},"HJ":{"R5":{"2P":"10","2J":"10","2M":"10","2Q":"10"},"R2":{"3R":"10"},"Q7":{"VF":"10"},"Q5":{"XP":"10","XM":"10","XQ":"10","WQ":"10","XJ":"10","XR":"10","WR":"10","WP":"10"}},"GP":{"G6":{"RW":"10","VV":"10","RQ":"10","RR":"10","QX":"10","RV":"10","VW":"10","RX":"10","QW":"10"},"G7":{"Q2":"10","R2":"10","V6":"10","V5":"10","R6":"10","V7":"10"}},"JF":{"HQ":{"4C":"10"},"CP":{"6W":"10","7W":"10","5V":"10","6R":"10","5R":"10","6V":"10","7V":"10","7R":"10"},"8V":{"FJ":"10","FM":"10","FH":"10","FP":"10","8R":"10","CP":"10","CM":"10","FQ":"10"},"4W":{"2J":"10","2P":"10","3P":"10","2M":"10","3J":"10","3Q":"10","2Q":"10","3M":"10"}},"F3":{"2G":{"VJ":"10"}},"HM":{"3Q":{"XJ":"10","XG":"10","XH":"10","XF":"10"},"4J":{"PV":"10","JV":"10","MJ":"10","MW":"10","MH":"10","MG":"10","PW":"10","JW":"10","MF":"10","JH":"10","MV":"10","QJ":"10","QW":"10","JG":"10","MM":"10","PH":"10","PJ":"10","PF":"10","PG":"10","GR":"10","QV":"10","GV":"10"},"4Q":{"2G":"10","2F":"10","2H":"10"},"4M":{"G9":"10","G8":"10","H7":"10","GG":"10","GH":"10","HF":"10","GF":"10","H9":"10","G6":"10","H6":"10","HC":"10","GJ":"10","H8":"10","G7":"10","GC":"10"},"4R":{"XH":"10"}},"MG":{"VX":{"CR":"10"}},"PW":{"33":{"97":"3","96":"3","C6":"3","C7":"3"},"QQ":{"QX":"10","QW":"10"}},"PP":{"55":{"R7":"10","V8":"10","R8":"10","R2":"10","XG":"10","WH":"10","W5":"10","R9":"10","W3":"10","43":"3","VM":"10","36":"3","X3":"10","V7":"10","R5":"10","44":"3","WJ":"10","35":"3","Q2":"10","XJ":"10","R4":"10","W6":"10","X5":"10","X6":"10","V6":"10","45":"3","V9":"10","34":"3","R6":"10","WG":"10","W4":"10","37":"3","XF":"10","V5":"10","XM":"10","VH":"10","46":"3","X4":"10","VJ":"10","V3":"10","WM":"10","XC":"10","R3":"10","VC":"10","X2":"10","WC":"10","W9":"10","X7":"10","47":"3","VF":"10","VG":"10","W2":"10","XH":"10","WF":"10","V2":"10","W7":"10","V4":"10","W8":"10","X9":"10","X8":"10"},"37":{"28":"10","49":"10","37":"10","39":"10","47":"10","38":"10","48":"10","29":"10"},"54":{"XX":"10","QX":"10","VV":"10","XV":"10","WV":"10","VR":"10","VX":"10","RX":"10","RV":"10","XR":"10","RW":"10","WR":"10","WX":"10","WW":"10","XW":"10","VW":"10"},"64":{"3X":"10","3W":"10","3V":"10","2R":"10","2V":"10","2X":"10","2W":"10"},"65":{"23":"10","25":"10","33":"10","22":"10","35":"10","24":"10","37":"10","29":"10","27":"10","34":"10","36":"10","26":"10","28":"10","32":"10"},"27":{"WG":"10","VF":"10","Q9":"10","WF":"10","W8":"10","VG":"10","V9":"10","Q8":"10","QC":"10","VC":"10","W9":"10","WC":"10","V8":"10"}},"99":{"PF":{"WR":"10","WQ":"10","RX":"10"},"PG":{"X3":"10","W3":"10","R2":"10"},"FG":{"6X":"3","4X":"3","6W":"3","5X":"3","5W":"3","7W":"3","6V":"3","7V":"3"},"RM":{"J3":"5|10","P2":"5","H3":"5|10","J2":"5|10","M2":"5|10","M3":"5|10","H2":"5|10"},"QF":{"4X":"10"},"QG":{"45":"10","76":"10","55":"10","68":"10","54":"10","44":"10","67":"10","57":"10","78":"10","43":"10","49":"10","46":"10","65":"10","37":"10","42":"10","5C":"10","56":"10","69":"10","58":"10","53":"10","59":"10","52":"10","36":"10","48":"10","47":"10","77":"10","66":"10"},"FH":{"52":"3","42":"3","62":"3"},"RJ":{"JP":"5|10","PV":"5|10","MX":"5|10","JV":"5|10","HW":"5|10","PR":"5|10","JX":"5|10","MP":"5|10","MW":"5|10","PQ":"5|10","PW":"5|10","HR":"5|10","JW":"5|10","HV":"5|10","MV":"5|10","PX":"5|10","QW":"5","JM":"5|10","JQ":"5|10","MM":"5|10","MR":"5|10","HQ":"5","JR":"5|10","MQ":"5|10","QV":"5","HX":"5|10"},"QJ":{"W5":"10","W6":"10"}},"HG":{"JP":{"R9":"10"},"MX":{"J2":"10","M2":"10","M3":"10"},"J9":{"6G":"10","6H":"10","5G":"10"},"HF":{"CH":"10"},"53":{"Q7":"10","HX":"10","55":"10","H3":"10","R2":"10","FG":"10","JG":"10","HG":"10","QW":"10","H8":"10","JH":"10","J4":"10","54":"10","9H":"10","F8":"10","MW":"10","GF":"10","Q3":"10","9M":"10","Q9":"10","PW":"10","HC":"10","P7":"10","QF":"10","HF":"10","MJ":"10","G8":"10","WJ":"10","8J":"10","R3":"10","3X":"10","47":"10","JJ":"10","RP":"10","4W":"10","QP":"10","X9":"9","9G":"10","PF":"10","36":"10","46":"10","J2":"10","GG":"10","8M":"10","37":"10","Q4":"10","48":"10","RJ":"10","GC":"10","HW":"10","P8":"10","R9":"10","35":"10","8G":"10","9J":"10","F9":"10","45":"10","4X":"10","QC":"10","FC":"10","MV":"10","Q8":"10","P9":"10","FF":"10","PV":"10","8H":"10","H9":"10","VF":"10","J3":"10","VG":"10","X8":"9","JM":"10","3W":"10","R4":"10","GH":"10","G9":"10","JX":"10","JF":"10","FH":"10","49":"10"},"HC":{"R5":"10","Q4":"10","R4":"10","MW":"10","Q5":"10"},"JV":{"2P":"10","2W":"10","6W":"10","3H":"10","4J":"10","3P":"10","3J":"10","3Q":"10","7P":"10","2V":"10","2Q":"10","7X":"10","6X":"10","2R":"10"},"56":{"F5":"10","2V":"10","8C":"10","C7":"10","JX":"10","9R":"10","CR":"10","FQ":"10","H8":"10","5R":"10","9X":"10","5F":"10","6J":"10","96":"10","44":"10","84":"10","H5":"10","8J":"10","RV":"10","WV":"10","FH":"10","3J":"10","CF":"10","FF":"10","8F":"10","97":"10","4F":"10","XP":"10","93":"10","58":"10","FX":"10","66":"10","4G":"10","26":"10","GR":"10","27":"10","3H":"10","4H":"10","9J":"10","R8":"10","7P":"10","GC":"10","2H":"10","6G":"10","7F":"10","64":"10","9Q":"10","7J":"10","4M":"10","C8":"10","M5":"10","9H":"10","3V":"10","C9":"10","5W":"10","73":"10","GG":"10","59":"10","38":"10","86":"10","PR":"10","8Q":"10","2X":"10","F4":"10","6V":"10","QW":"10","7C":"10","GV":"10","35":"10","2F":"10","3C":"10","2Q":"10","M6":"10","36":"10","F8":"10","98":"10","G2":"10","FP":"10","9C":"10","H9":"10","CQ":"10","CJ":"10","83":"10","5C":"10","92":"10","G3":"10","8P":"10","4R":"10","9V":"10","6Q":"10","7R":"10","9P":"10","G6":"10","3R":"10","MV":"10","XR":"10","47":"10","MR":"10","34":"10","24":"10","3X":"10","C2":"10","HC":"10","HX":"10","54":"10","C3":"10","XW":"10","6X":"10","CX":"10","48":"10","PV":"10","99":"10","FM":"10","CG":"10","49":"10","6M":"10","WR":"10","5V":"10","77":"10","2G":"10","2P":"10","3Q":"10","CH":"10","7G":"10","XV":"10","VQ":"10","85":"10","37":"10","CC":"10","87":"10","39":"10","8H":"10","8G":"10","75":"10","3M":"10","63":"10","GX":"10","94":"10","C4":"10","9M":"10","23":"10","WP":"10","2M":"10","25":"10","72":"10","5G":"10","FG":"10","XQ":"10","QV":"10","CP":"10","6H":"10","4V":"10","9F":"10","6W":"10","6F":"10","8V":"10","4W":"10","28":"10","HW":"10","G4":"10","GP":"10","CV":"10","8W":"10","F3":"10","GQ":"10","4J":"10","FR":"10","3F":"10","29":"10","7W":"10","VR":"10","4X":"10","5J":"10","68":"10","42":"10","5X":"10","22":"10","H6":"10","8X":"10","H3":"10","5Q":"10","6R":"10","95":"10","QR":"10","7Q":"10","69":"10","4C":"10","6P":"10","53":"10","H2":"10","4Q":"10","9G":"10","GW":"10","2R":"10","7M":"10","RR":"10","FV":"10","C5":"10","74":"10","CM":"10","7V":"10","56":"10","FC":"10","C6":"10","57":"10","G5":"10","GF":"10","8R":"10","8M":"10","H7":"10","F6":"10","45":"10","F2":"10","5M":"10","33":"10","MH":"10","65":"10","R9":"10","WQ":"10","43":"10","G7":"10","9W":"10","QX":"10","F9":"10","32":"10","2C":"10","82":"10","4P":"10","F7":"10","5H":"10","G9":"10","3W":"10","2W":"10","6C":"10","VV":"10","MG":"10","FW":"10","46":"10","PW":"10","79":"10","76":"10","78":"10","52":"10","3G":"10","7H":"10","62":"10","G8":"10","88":"10","2J":"10","CW":"10","5P":"10","7X":"10","89":"10","55":"10","3P":"10","67":"10"},"43":{"F7":"10","8V":"10","QG":"10","GG":"10","C4":"10","7F":"10","WF":"10","RM":"10","QP":"10","RW":"10","XF":"10","GQ":"10","W4":"10","QF":"10","FG":"10","XC":"10","QM":"10","H2":"10","RQ":"10","G7":"10","F8":"10","RV":"10","H3":"10","W6":"10","C8":"10","H7":"10","C6":"10","RP":"10","89":"10","G2":"10","FH":"10","G9":"10","XH":"10","G3":"10","88":"10","F2":"10","WC":"10","R6":"10","W5":"10","F6":"10","VM":"10","RJ":"10","98":"10","GC":"10","QJ":"10","77":"10","7V":"10","MH":"10","F5":"10","7Q":"10","7R":"10","R7":"10","VJ":"10","VX":"10","JH":"10","RR":"10","VQ":"10","R3":"10","8R":"10","F9":"10","CC":"10","GJ":"10","9C":"10","H6":"10","C9":"10","97":"10","FM":"10","VW":"10","GM":"10","99":"10","C2":"10","VR":"10","96":"10","RH":"10","G4":"10","RG":"10","95":"10","W9":"10","GP":"10","F3":"10","C7":"10","FJ":"10","VP":"10","GH":"10","QH":"10","RX":"10","87":"10","7G":"10","MJ":"10","G6":"10","7H":"10","86":"10","C3":"10","C5":"10","F4":"10","G5":"10","H4":"10","VV":"10","XG":"10","FC":"10","76":"10"},"52":{"XW":"10","VX":"10","XC":"10","XH":"10","4V":"10","4H":"10","XM":"10","4R":"10","XQ":"10","WG":"10","WM":"10","WH":"10","4P":"10","WF":"10","WJ":"10","VW":"10","XP":"10","X9":"10","PX":"10","WP":"10","5H":"10","X3":"10","5G":"10","26":"10","4G":"10","WC":"10","XJ":"10","XR":"10","25":"10","XG":"10","XF":"10","X6":"10","2W":"10","X5":"10","23":"10","5P":"10","XX":"10","X2":"10","X8":"10","RW":"10","X7":"10","RX":"10","24":"10","JX":"10","X4":"10"},"42":{"JP":"10","W5":"10","W3":"10","QH":"10","VQ":"10","MJ":"10","VM":"10","MP":"10","X3":"10","R5":"10","QP":"10","R4":"10","GX":"10","QM":"10","X5":"10","HM":"10","MH":"10","V9":"10","R6":"10","MG":"10","W4":"10","VP":"10","V5":"10","RP":"10","JJ":"10","RQ":"10","FX":"10","JH":"10","X4":"10","V3":"10","R3":"10","JG":"10","JM":"10","JQ":"10","HH":"10","MM":"10","MR":"10","JR":"10","MQ":"10","VR":"10","V2":"10","RR":"10","HP":"10","V4":"10"},"7H":{"X7":"10"},"36":{"VX":"10","XH":"10","6G":"10","F5":"10","V7":"10","VR":"10","GF":"10","XM":"10","W6":"10","VC":"10","XQ":"10","WG":"10","WM":"10","WH":"10","WF":"10","WJ":"10","6H":"10","VW":"10","G5":"10","8X":"10","WV":"10","XP":"10","WR":"10","W8":"10","VM":"10","PX":"10","WP":"10","5H":"10","V8":"10","5G":"10","VH":"10","W7":"10","W9":"10","V5":"10","V9":"10","GC":"10","WC":"10","XJ":"10","WX":"10","XR":"10","XG":"10","VP":"10","VQ":"10","VV":"10","WQ":"10","VF":"10","VG":"10","8W":"10","WW":"10","QX":"10","VJ":"10","V6":"10"},"57":{"V3":"10","F7":"10","6C":"10","6F":"10","5G":"10","HH":"10","8J":"10","2F":"10","44":"10","2M":"10","HC":"10","P3":"10","GG":"10","JF":"10","V7":"10","H8":"10","C4":"10","67":"10","Q3":"10","7F":"10","3F":"10","V6":"10","3H":"10","66":"10","CJ":"10","82":"10","W4":"10","5F":"10","FG":"10","56":"10","H2":"10","78":"10","3J":"10","G7":"10","8H":"10","HF":"10","F8":"10","PC":"10","59":"10","68":"10","39":"10","H3":"10","V8":"10","Q2":"10","65":"10","R5":"10","W6":"10","R4":"10","V2":"10","42":"10","C8":"10","H7":"10","C6":"10","89":"10","9H":"10","G2":"10","X2":"10","25":"10","FH":"10","H9":"10","69":"10","G9":"10","36":"10","G3":"10","34":"10","88":"10","6G":"10","7J":"10","F2":"10","4C":"10","3M":"10","R6":"10","HJ":"10","W5":"10","H5":"10","F6":"10","MG":"10","8G":"10","8C":"10","75":"10","46":"10","27":"10","29":"10","RJ":"10","49":"10","5H":"10","98":"10","JC":"10","62":"10","V4":"10","43":"10","CH":"10","48":"10","GC":"10","J5":"10","4G":"10","6H":"10","77":"10","MH":"10","W8":"10","F5":"10","W2":"10","64":"10","P2":"10","R7":"10","84":"10","X6":"10","JJ":"10","4F":"10","HG":"10","J4":"10","G8":"10","JH":"10","28":"10","74":"10","54":"10","P8":"10","3C":"10","9F":"10","X7":"10","R3":"10","W7":"10","F9":"10","73":"10","CC":"10","GJ":"10","9C":"10","H6":"10","C9":"10","97":"10","JG":"10","24":"10","J3":"10","92":"10","53":"10","FF":"10","C2":"10","99":"10","V5":"10","W3":"10","93":"10","33":"10","94":"10","96":"10","RH":"10","G4":"10","7C":"10","8F":"10","PF":"10","38":"10","85":"10","58":"10","95":"10","J7":"10","P9":"10","5J":"10","72":"10","35":"10","2C":"10","26":"10","79":"10","MF":"10","F3":"10","C7":"10","FJ":"10","32":"10","4J":"10","23":"10","GH":"10","J9":"10","47":"10","6J":"10","87":"10","7G":"10","MJ":"10","CF":"10","9G":"10","G6":"10","9J":"10","4M":"10","2J":"10","7H":"10","GF":"10","55":"10","45":"10","86":"10","J6":"10","63":"10","C3":"10","57":"10","C5":"10","2G":"10","J8":"10","F4":"10","G5":"10","2H":"10","83":"10","H4":"10","4H":"10","J2":"10","FC":"10","52":"10","3G":"10","37":"10","CG":"10","5C":"10","76":"10","22":"10"},"44":{"55":"10","W5":"10","58":"10","F5":"10","V2":"10","C4":"10","75":"10","C2":"10","W6":"10","W4":"10","F3":"10","47":"10","C5":"10","36":"10","93":"10","63":"10","46":"10","X3":"10","64":"10","37":"10","48":"10","C3":"10","74":"10","4G":"10","82":"10","83":"10","95":"10","GR":"10","72":"10","4F":"10","7F":"10","45":"10","W3":"10","X6":"10","V4":"10","73":"10","X5":"10","85":"10","44":"10","F4":"10","84":"10","4C":"10","92":"10","X7":"10","94":"10","F2":"10","HR":"10","V3":"10","62":"10","49":"10","X4":"10"},"HJ":{"W3":"10","W2":"10","V2":"10","QP":"10","PH":"10","QQ":"10","V3":"10"},"35":{"CV":"10","V8":"10","GW":"10","HW":"10","CW":"10","GP":"10","QM":"10","X5":"10","HM":"10","V9":"10","MG":"10","W4":"10","HR":"10","MF":"10","HV":"10","X4":"10","QJ":"10","W9":"10","FW":"10","PF":"10","FV":"10","PG":"10","HQ":"10","GR":"10","GV":"10","GQ":"10","W7":"10","HP":"10","V4":"10","W8":"10","X9":"10","X8":"10"},"9G":{"WG":"10","VF":"10","WJ":"10","Q9":"10","WF":"10","VP":"10","VG":"10","V9":"10","RG":"10","RM":"10","QF":"10","QC":"10","RJ":"10","VC":"10","RC":"10","RF":"10","WH":"10","R9":"10","WM":"10","VM":"10","VJ":"10","VH":"10","RH":"10","WP":"10"},"MW":{"MX":"10","JW":"10","MV":"10","MR":"10","JX":"10","MW":"10"},"7F":{"XJ":"10","XH":"10","X9":"10","XC":"10","X8":"10","X7":"10"},"CH":{"HX":"10","GP":"10","JP":"10","C7":"10","JR":"10","QW":"10","RM":"10","JH":"10","PP":"10","MW":"10","JQ":"10","9M":"10","QR":"10","PW":"10","HM":"10","F3":"10","RQ":"10","C6":"10","MJ":"10","G2":"10","8J":"10","QV":"10","HH":"10","GQ":"10","JJ":"10","RP":"10","C5":"10","QP":"10","JW":"10","PQ":"10","93":"10","PX":"10","MP":"10","QJ":"10","96":"10","QQ":"10","RJ":"10","GX":"10","MM":"10","HW":"10","G3":"10","95":"10","RV":"10","QM":"10","GR":"10","GV":"10","PJ":"10","JV":"10","9J":"10","HQ":"10","GW":"10","HV":"10","HP":"10","MV":"10","MR":"10","G4":"10","PR":"10","PV":"10","GM":"10","MQ":"10","F4":"10","MX":"10","PM":"10","JM":"10","92":"10","GJ":"10","RW":"10","GH":"10","RX":"10","QX":"10","C8":"10","94":"10","F2":"10","HJ":"10","JX":"10","HR":"10","RR":"10"},"GX":{"PV":"10","PR":"10"},"9C":{"8V":"10","8J":"10","JW":"10","9M":"10","XX":"10","FX":"10","RM":"10","QP":"10","RW":"10","CJ":"10","GQ":"10","QM":"10","WP":"10","6P":"10","RQ":"10","XV":"10","8W":"10","FW":"10","RV":"10","9W":"10","7P":"10","QW":"10","6M":"10","QR":"10","QQ":"10","GW":"10","RP":"10","HW":"10","9P":"10","FQ":"10","7M":"10","8Q":"10","WJ":"10","CP":"10","9R":"10","HQ":"10","HJ":"10","CQ":"10","XR":"10","VM":"10","FR":"10","HX":"10","WX":"10","RJ":"10","CM":"10","QJ":"10","6Q":"10","JX":"10","7V":"10","PX":"10","7Q":"10","7R":"10","6W":"10","8M":"10","VJ":"10","9X":"10","VX":"10","XQ":"10","PM":"10","RR":"10","VQ":"10","HV":"10","8R":"10","XJ":"10","GJ":"10","8P":"10","MX":"10","9V":"10","FM":"10","VW":"10","7W":"10","GM":"10","WV":"10","XW":"10","VR":"10","PP":"10","WQ":"10","9Q":"10","CW":"10","FV":"10","WR":"10","CV":"10","GP":"10","PQ":"10","PV":"10","PW":"10","GX":"10","FJ":"10","QX":"10","VP":"10","CX":"10","PJ":"10","RX":"10","XP":"10","6V":"10","QV":"10","6R":"10","PR":"10","9J":"10","FP":"10","HP":"10","CR":"10","GV":"10","GR":"10","WM":"10","WW":"10","VV":"10","HR":"10","HM":"10","MW":"10","XM":"10"},"FQ":{"P2":"10","M2":"10"},"CJ":{"M6":"10","P6":"10","Q2":"10","H3":"10","J2":"10","R6":"10","H4":"10","J5":"10","Q5":"10","H5":"10","Q3":"10","M3":"10","R4":"10","P5":"10","G3":"10","J4":"10","J3":"10","M2":"10","H2":"10","Q6":"10","P4":"10","J6":"10","G4":"10","P3":"10","G6":"10","P2":"10","G2":"10","H6":"10","G5":"10","R5":"10","R2":"10","R3":"10","Q4":"10","M4":"10","M5":"10"},"45":{"MG":"10","XW":"10","VX":"10","6R":"10","JP":"10","MH":"10","6V":"10","5W":"10","JG":"10","HG":"10","JR":"10","JC":"10","JH":"10","R7":"10","V7":"10","PP":"10","F8":"10","MW":"10","GF":"10","5V":"10","JQ":"10","6W":"10","PW":"10","52":"10","VC":"10","32":"10","HC":"10","69":"10","MC":"10","XQ":"10","HM":"10","PC":"10","WM":"10","HF":"10","MJ":"10","G8":"10","VW":"10","HH":"10","JJ":"10","XP":"10","JW":"10","PF":"10","VM":"10","PQ":"10","WP":"10","46":"10","MP":"10","GG":"10","MF":"10","37":"10","V9":"10","GC":"10","MM":"10","WX":"10","PJ":"10","JV":"10","25":"10","F9":"10","45":"10","XG":"10","FC":"10","HP":"10","MV":"10","VP":"10","J9":"10","MR":"10","XF":"10","22":"10","33":"10","PR":"10","PH":"10","23":"10","PV":"10","XX":"10","44":"10","H9":"10","MQ":"10","VF":"10","27":"10","PM":"10","JM":"10","PG":"10","43":"10","28":"10","WW":"10","G9":"10","24":"10","HJ":"10","VJ":"10","JF":"10","38":"10","53":"10"},"8F":{"39":"10","55":"10","3Q":"10","58":"10","6G":"10","3H":"10","4V":"10","54":"10","5M":"10","5J":"10","2G":"10","4H":"10","5C":"10","2M":"10","56":"10","4Q":"10","6P":"10","5Q":"10","2Q":"10","5F":"10","3G":"10","4J":"10","4P":"10","3M":"10","6M":"10","47":"10","4W":"10","3C":"10","2C":"10","36":"10","63":"10","46":"10","5H":"10","5G":"10","2P":"10","64":"10","37":"10","2J":"10","3P":"10","48":"10","29":"10","4G":"10","66":"10","83":"10","59":"10","4M":"10","3J":"10","4F":"10","45":"10","3V":"10","3R":"10","5P":"10","44":"10","3F":"10","65":"10","27":"10","84":"10","3W":"10","4C":"10","43":"10","28":"10","2H":"10","2F":"10","6Q":"10","38":"10","53":"10","49":"10","6F":"10"},"34":{"WR":"10","XQ":"10","XV":"10","XP":"10","XR":"10","WQ":"10"},"66":{"39":"10","G6":"10","55":"10","6C":"10","MH":"10","3Q":"10","98":"10","JG":"10","HG":"10","58":"10","3H":"10","H8":"10","JH":"10","J4":"10","4V":"10","54":"10","5M":"10","5C":"10","C4":"10","H6":"10","7C":"10","75":"10","56":"10","52":"10","89":"10","4Q":"10","2Q":"10","5F":"10","J5":"10","3G":"10","HC":"10","4R":"10","69":"10","H5":"10","79":"10","77":"10","HM":"10","F3":"10","J8":"10","HF":"10","4P":"10","G8":"10","8J":"10","3M":"10","HH":"10","G5":"10","G7":"10","7H":"10","47":"10","JJ":"10","78":"10","3C":"10","2C":"10","68":"10","57":"10","36":"10","63":"10","J7":"10","2R":"10","46":"10","67":"10","5G":"10","H7":"10","88":"10","2P":"10","26":"10","64":"10","2V":"10","37":"10","H4":"10","3P":"10","48":"10","29":"10","C3":"10","74":"10","4G":"10","66":"10","86":"10","34":"10","35":"10","59":"10","4M":"10","3J":"10","4F":"10","25":"10","45":"10","3V":"10","22":"10","G4":"10","J6":"10","2W":"10","73":"10","3R":"10","85":"10","PH":"10","5P":"10","8C":"10","8H":"10","44":"10","3F":"10","65":"10","27":"10","F4":"10","84":"10","7M":"10","JM":"10","2X":"10","4C":"10","87":"10","28":"10","76":"10","24":"10","HJ":"10","62":"10","JF":"10","38":"10","49":"10"},"PP":{"4C":"10"},"37":{"FF":"10","W2":"10","Q2":"10","Q3":"10","M2":"10","P3":"10","P2":"10"},"HR":{"53":"10","56":"10","82":"10","43":"10","52":"10","42":"10","57":"10","74":"10","44":"10","83":"10","76":"10","84":"10","45":"10","66":"10","72":"10","62":"10","64":"10","67":"10","68":"10","77":"10","54":"10","75":"10","63":"10","73":"10","65":"10","55":"10"},"JJ":{"6C":"10","79":"10","6J":"10","56":"10","57":"10","7C":"10","7F":"10","76":"10","6G":"10","3V":"10","5C":"10","4R":"10","66":"10","59":"10","5F":"10","6F":"10","5J":"10","6H":"10","5G":"10","67":"10","68":"10","4V":"10","69":"10","77":"10","3R":"10","5H":"10","78":"10","58":"10","GV":"10","7G":"10"},"JW":{"45":"10","63":"10","55":"10","68":"10","54":"10","64":"10","67":"10","57":"10","49":"10","4C":"10","46":"10","65":"10","62":"10","5C":"10","56":"10","58":"10","72":"10","59":"10","48":"10","47":"10","66":"10"},"9F":{"G6":"10","F6":"10","H3":"10","R2":"10","W5":"10","P5":"10","F5":"10","J4":"10","V2":"10","C4":"10","H6":"10","M5":"10","Q3":"10","C2":"10","P4":"10","W6":"10","Q2":"10","J5":"10","H5":"10","W4":"10","F3":"10","C6":"10","G2":"10","G5":"10","R3":"10","C5":"10","M6":"10","93":"10","H2":"10","X3":"10","J2":"10","R5":"10","96":"10","V5":"10","Q4":"10","H4":"10","R6":"10","C3":"10","G3":"10","95":"10","M3":"10","M2":"10","W3":"10","X6":"10","M4":"10","G4":"10","V4":"10","J6":"10","X5":"10","P2":"10","X2":"10","P3":"10","Q6":"10","J3":"10","F4":"10","R4":"10","Q5":"10","92":"10","W2":"10","94":"10","F2":"10","V6":"10","V3":"10","P6":"10","X4":"10"},"48":{"38":"10"},"62":{"22":"10","2P":"10","23":"10","2M":"10","2R":"10","2Q":"10","2W":"10"},"JH":{"FJ":"10","72":"10"},"HV":{"XW":"10","MG":"10","G6":"10","F6":"10","MH":"10","XV":"10","JG":"10","HG":"10","F5":"10","JC":"10","H8":"10","JH":"10","F8":"10","GF":"10","H6":"10","XM":"10","QR":"10","HC":"10","H5":"10","MC":"10","XQ":"10","PC":"10","WM":"10","WH":"10","J8":"10","HF":"10","MJ":"10","WF":"10","G8":"10","WJ":"10","QV":"10","HH":"10","G5":"10","G7":"10","JJ":"10","XP":"10","W8":"10","J7":"10","VH":"10","M8":"10","H7":"10","W7":"10","QQ":"10","MF":"10","GC":"10","M9":"10","RV":"10","XR":"10","F9":"10","FC":"10","F7":"10","J9":"10","XF":"10","G4":"10","FF":"10","H9":"10","F4":"10","G9":"10","HJ":"10","VJ":"10","JF":"10","RR":"10"},"HG":{"MX":"10","CM":"10","9H":"10","8G":"10","QX":"10","MP":"10","9G":"10","MW":"10","CH":"10","8J":"10","9C":"10","GX":"10","CJ":"10","8F":"10","8M":"10","JW":"10","9F":"10","99":"10","MV":"10","9J":"10","8C":"10","C9":"10","MM":"10","9M":"10","CC":"10","MR":"10","8H":"10","MQ":"10","CF":"10","89":"10","CG":"10"},"46":{"V3":"10","QG":"10","X8":"10","R8":"10","9M":"10","XX":"10","V7":"10","7F":"10","WF":"10","V6":"10","RM":"10","QP":"10","RW":"10","V9":"10","XF":"10","CJ":"10","W4":"10","QF":"10","QM":"10","XC":"10","WP":"10","RQ":"10","QC":"10","XV":"10","VH":"10","RV":"10","V8":"10","RF":"10","W6":"10","QW":"10","V2":"10","QR":"10","QQ":"10","RP":"10","9H":"10","X2":"10","XH":"10","WJ":"10","VC":"10","VG":"10","9R":"10","WC":"10","R6":"10","W5":"10","8G":"10","8C":"10","XR":"10","VM":"10","WH":"10","WX":"10","RJ":"10","V4":"10","CH":"10","QJ":"10","W8":"10","W2":"10","R7":"10","X6":"10","VJ":"10","VX":"10","XQ":"10","RR":"10","VQ":"10","X7":"10","X3":"10","W7":"10","XJ":"10","VF":"10","VW":"10","RC":"10","WV":"10","V5":"10","W3":"10","XW":"10","VR":"10","RH":"10","7C":"10","8F":"10","WQ":"10","RG":"10","W9":"10","WR":"10","WG":"10","X5":"10","X4":"10","QX":"10","VP":"10","QH":"10","RX":"10","XP":"10","7G":"10","9G":"10","QV":"10","9J":"10","X9":"10","R9":"10","WM":"10","WW":"10","VV":"10","XG":"10","CG":"10","XM":"10"},"64":{"39":"10","HX":"10","G6":"10","6R":"10","55":"10","JP":"10","C7":"10","5W":"10","98":"10","JG":"10","HG":"10","JR":"10","6G":"10","H8":"10","8P":"10","PP":"10","MW":"10","7R":"10","5V":"10","JQ":"10","2M":"10","H6":"10","75":"10","56":"10","42":"10","5Q":"10","5R":"10","2Q":"10","99":"10","32":"10","HC":"10","CF":"10","69":"10","79":"10","77":"10","HM":"10","J8":"10","HF":"10","7P":"10","HH":"10","3X":"10","C5":"10","78":"10","4W":"10","3C":"10","JW":"10","68":"10","7Q":"10","36":"10","J7":"10","2R":"10","46":"10","9F":"10","H7":"10","2P":"10","64":"10","2V":"10","37":"10","2J":"10","48":"10","74":"10","66":"10","MM":"10","8R":"10","83":"10","95":"10","8Q":"10","72":"10","34":"10","35":"10","PJ":"10","JV":"10","45":"10","4X":"10","HV":"10","J9":"10","MV":"10","MR":"10","3V":"10","33":"10","2W":"10","73":"10","3R":"10","85":"10","44":"10","MQ":"10","65":"10","27":"10","MX":"10","PM":"10","84":"10","JM":"10","3W":"10","2X":"10","4C":"10","87":"10","43":"10","76":"10","QX":"10","24":"10","HJ":"10","94":"10","JX":"10","HR":"10","6Q":"10","5X":"10","JF":"10","38":"10","49":"10"},"JG":{"5W":"10","5V":"10","7X":"10"},"GF":{"JW":"10","JX":"10"},"8C":{"HF":"10","HC":"10","9H":"10","GG":"10","7R":"10","8J":"10","JF":"10","FQ":"10","MH":"10","G8":"10","MG":"10","H8":"10","MF":"10","JH":"10","HG":"10","9J":"10","JG":"10","GF":"10","HH":"10","FP":"10","G9":"10","8H":"10","JC":"10"},"JQ":{"2X":"10","24":"10"},"67":{"FG":"10","58":"10","5J":"10","9H":"10","5C":"10","C4":"10","GF":"10","Q9":"10","5F":"10","HC":"10","QF":"10","PC":"10","HF":"10","HH":"10","FJ":"10","C5":"10","PF":"10","5H":"10","GG":"10","9F":"10","5G":"10","4G":"10","GC":"10","P8":"10","59":"10","8G":"10","4F":"10","9J":"10","F9":"10","QC":"10","FC":"10","P9":"10","22":"10","QG":"10","85":"10","FF":"10","8H":"10","8F":"10","84":"10","PG":"10","43":"10","GJ":"10","GH":"10","G9":"10","HJ":"10","FH":"10"},"68":{"R3":"10","W4":"10","V5":"10"},"HH":{"M6":"3","JG":"10","FQ":"10","R6":"10","HF":"10","HG":"10","Q5":"10","GQ":"10","M3":"10","JC":"10","P5":"10","J3":"10","J4":"10","H2":"10","Q6":"10","P4":"10","JF":"10","Q7":"10","G2":"10","Q4":"10","M4":"10","M5":"3"},"FP":{"QX":"10","MV":"10","QW":"10","PW":"10","MQ":"10","PR":"10","MW":"10","QQ":"10","MX":"10","PV":"10","QR":"10","PQ":"10","QV":"10","MR":"10","PX":"10"},"47":{"P2":"10","PC":"10","Q3":"10","R7":"10","V8":"10","R8":"10","R2":"10","XG":"10","WH":"10","W5":"10","R9":"10","W3":"10","QH":"10","VQ":"10","QQ":"10","VM":"10","X3":"10","V7":"10","R5":"10","QC":"10","WJ":"10","Q8":"10","Q2":"10","XP":"10","XJ":"10","RF":"10","QP":"10","Q5":"10","Q7":"10","R4":"10","QM":"10","Q6":"10","P9":"10","X5":"10","W6":"10","X6":"10","V6":"10","V9":"10","R6":"10","WG":"10","Q9":"10","W4":"10","PP":"10","XF":"10","V5":"10","VP":"10","RP":"10","XM":"10","RC":"10","P3":"10","VH":"10","RQ":"10","QF":"10","RJ":"10","RH":"10","X4":"10","VJ":"10","V3":"10","WM":"10","XC":"10","R3":"10","RM":"10","VC":"10","WC":"10","X2":"10","QJ":"10","W9":"10","X7":"10","QG":"10","WP":"10","PF":"10","VF":"10","VG":"10","PG":"10","Q4":"10","PM":"10","P4":"10","W2":"10","XH":"10","RG":"10","WF":"10","V2":"10","RR":"10","QR":"10","W7":"10","V4":"10","W8":"10","X9":"10","X8":"10"},"54":{"39":"10","HX":"10","FX":"10","F6":"10","GP":"10","6C":"10","R2":"10","5W":"10","98":"10","JR":"10","6G":"10","9H":"10","4H":"10","5C":"10","MW":"10","JQ":"10","6W":"10","7C":"10","XM":"10","Q9":"10","FM":"10","P4":"10","5F":"10","32":"10","4J":"10","MC":"10","XQ":"10","QF":"10","FV":"10","PC":"10","VW":"10","R3":"10","GQ":"10","3X":"10","FJ":"10","RP":"10","4W":"10","3C":"10","XP":"10","JW":"10","CG":"10","9G":"10","2C":"10","PF":"10","H2":"10","CJ":"10","J2":"10","5G":"10","M8":"10","88":"10","FP":"10","29":"10","4G":"10","GX":"10","HW":"10","M9":"10","P8":"10","XJ":"10","GR":"10","FR":"10","GV":"10","34":"10","35":"10","4M":"10","JV":"10","8G":"10","4F":"10","9J":"10","GW":"10","7F":"10","45":"10","4X":"10","QC":"10","FQ":"10","MV":"10","P9":"10","MR":"10","33":"10","CM":"10","P2":"10","VV":"10","XX":"10","8C":"10","44":"10","P3":"10","3F":"10","MQ":"10","27":"10","8F":"10","MX":"10","3W":"10","4C":"10","FW":"10","6X":"10","28":"10","CH":"10","JX":"10","5X":"10","FH":"10","38":"10","49":"10","6F":"10"},"G9":{"RQ":"10","RP":"10","QP":"10","QQ":"10"},"CC":{"5P":"10","5X":"10","4X":"10","2W":"10","4M":"10","3J":"10","5Q":"10","3P":"10","3M":"10","3V":"10","2P":"10","4R":"10","3Q":"10","5V":"10","5R":"10","5M":"10","2X":"10","4W":"10","5J":"10","2R":"10","2V":"10","4J":"10","3X":"10","4V":"10","2M":"10","3R":"10","5W":"10","4P":"10","4Q":"10","3W":"10","2J":"10","2Q":"10"},"HQ":{"39":"10","6R":"10","6V":"10","5W":"10","3Q":"10","3H":"10","4V":"10","2G":"10","4H":"10","7R":"10","5V":"10","6W":"10","2M":"10","4Q":"10","5R":"10","2Q":"10","7W":"10","3G":"10","4R":"10","4J":"10","4P":"10","3M":"10","8X":"10","7X":"10","3X":"10","47":"10","4W":"10","3C":"10","8V":"10","2C":"10","36":"10","2R":"10","46":"10","2P":"10","2V":"10","37":"10","2J":"10","3P":"10","48":"10","29":"10","4G":"10","8R":"10","7V":"10","4M":"10","3J":"10","4F":"10","45":"10","4X":"10","3V":"10","XF":"10","2W":"10","3R":"10","3F":"10","2X":"10","3W":"10","4C":"10","8W":"10","6X":"10","2H":"10","2F":"10","5X":"10","38":"10","49":"10"},"JR":{"2J":"10","2H":"10"},"78":{"4J":"10","4H":"10","3C":"10","26":"10","4F":"10","38":"10"},"63":{"39":"9","9R":"10","3Q":"10","3H":"10","4V":"10","5M":"10","5J":"10","7R":"10","9W":"10","5V":"10","2M":"10","4Q":"10","7W":"10","9V":"10","32":"10","4R":"10","4J":"10","4P":"10","3M":"10","7X":"10","3X":"10","4W":"10","7Q":"10","5H":"10","5G":"10","2P":"10","37":"9","2J":"10","3P":"10","48":"9","8R":"10","7V":"10","8Q":"10","34":"10","4M":"10","3J":"10","4X":"10","3V":"10","22":"10","33":"10","3R":"10","23":"10","27":"9|10","3W":"10","28":"9","2H":"10","24":"10","38":"9","49":"9"},"CF":{"23":"10","45":"10","25":"10","33":"10","22":"10","35":"10","44":"10","24":"10","43":"10","46":"10","42":"10","34":"10","52":"10","36":"10","26":"10","32":"10"},"65":{"9R":"10","HX":"10","JR":"10","2G":"10","4H":"10","GF":"10","9W":"10","6J":"10","2M":"10","QR":"10","52":"10","42":"10","QH":"10","CQ":"10","Q2":"10","9V":"10","3G":"10","32":"10","4J":"10","QF":"10","CV":"10","CW":"10","2C":"10","H2":"10","J2":"10","GG":"10","VH":"10","QJ":"10","26":"10","2J":"10","29":"10","4G":"10","RJ":"10","GX":"10","WX":"10","JV":"10","25":"10","M2":"10","CR":"10","RH":"10","22":"10","QG":"10","33":"10","RG":"10","23":"10","XX":"10","3F":"10","27":"10","43":"10","28":"10","2H":"10","24":"10","9Q":"10","VJ":"10","2F":"10","53":"10","49":"10"},"GM":{"XG":"10"},"HP":{"FV":"10"},"55":{"2P":"10","Q4":"10","8V":"10","MC":"10","X8":"10","2F":"10","8J":"10","9M":"10","P3":"10","GG":"10","FX":"10","Q3":"10","WF":"10","7X":"10","Q7":"10","RM":"10","V9":"10","XF":"10","CJ":"10","GQ":"10","FG":"10","XC":"10","H2":"10","2X":"10","78":"10","8H":"10","VH":"10","8W":"10","FW":"10","59":"10","68":"10","H3":"10","Q2":"10","R5":"10","9W":"10","R4":"10","6X":"10","H7":"10","GW":"10","4W":"10","HW":"10","9H":"10","9P":"10","G2":"10","X2":"10","FQ":"10","FH":"10","69":"10","5X":"10","XH":"10","8Q":"10","G3":"10","WJ":"10","VG":"10","CP":"10","9R":"10","WC":"10","HJ":"10","H5":"10","CQ":"10","F6":"10","2W":"10","8G":"10","VM":"10","FR":"10","WH":"10","3X":"10","HX":"10","RJ":"10","98":"10","62":"10","CH":"10","CM":"10","J5":"10","2Q":"10","77":"10","7V":"10","W8":"10","P2":"10","R7":"10","X6":"10","6W":"10","8M":"10","VJ":"10","9X":"10","J4":"10","5R":"10","3W":"10","9F":"10","X7":"10","R3":"10","X3":"10","8R":"10","F9":"10","XJ":"10","M3":"10","VF":"10","CC":"10","GJ":"10","9C":"10","H6":"10","8P":"10","C9":"10","9V":"10","FM":"10","J3":"10","7W":"10","GM":"10","FF":"10","99":"10","RH":"10","G4":"10","8F":"10","4R":"10","9Q":"10","RG":"10","58":"10","CW":"10","W9":"10","FV":"10","WG":"10","4X":"10","X5":"10","CV":"10","GP":"10","X4":"10","GX":"10","FJ":"10","32":"10","23":"10","GH":"10","CX":"10","9G":"10","CF":"10","9J":"10","G6":"10","X9":"10","FP":"10","GF":"10","M9":"10","HP":"10","CR":"10","J6":"10","GV":"10","2G":"10","GR":"10","M5":"10","G5":"10","WM":"10","5W":"10","H4":"10","8X":"10","J2":"10","M4":"10","XG":"10","FC":"10","52":"10","HM":"10","CG":"10","XM":"10"},"CG":{"CV":"10","9Q":"10","5P":"10","6P":"10","2W":"10","6Q":"10","CW":"10","5Q":"10","G4":"10","G5":"10","7R":"10","9W":"10","6M":"10","9P":"10","CR":"10","GX":"10","3V":"10","H5":"10","8R":"10","9X":"10","G3":"10","2X":"10","FX":"10","2R":"10","2V":"10","9V":"10","3X":"10","FW":"10","9M":"10","7Q":"10","2M":"10","CQ":"10","3R":"10","FV":"10","3W":"10","G6":"10","H6":"10","2Q":"10"}},"MV":{"82":{"P6":"10","P4":"10","P5":"10"}},"GH":{"R3":{"74":"10","76":"10","63":"10","73":"10","54":"10","64":"10","67":"10","65":"10","75":"10","66":"10"},"R2":{"C7":"10"},"Q8":{"F5":"10","F7":"10","F6":"10","C7":"10"}},"QJ":{"2G":{"63":"3","52":"3","53":"3","62":"3"},"37":{"PC":"10","P2":"10","JP":"10","H4":"10","J9":"10","HF":"10","P8":"10","GC":"10","HC":"10","MJ":"10","G4":"10","G5":"10","Q8":"10","HJ":"10","H9":"10","J6":"10","Q7":"10","G2":"10","J3":"10","JF":"10","Q6":"10","P9":"10","H2":"10","HM":"10","H5":"10","MH":"10","G8":"10","M9":"10","MC":"10","M5":"10","MG":"10","Q9":"10","H8":"10","JJ":"10","G3":"10","J4":"10","M7":"10","J2":"10","P3":"10","MF":"10","JH":"10","HG":"10","J7":"10","JG":"10","G7":"10","M2":"10","JM":"10","M4":"10","MM":"10","HH":"10","M6":"10","H7":"10","G9":"10","M3":"10","P4":"10","J8":"10","M8":"10","P6":"10","J5":"10","P5":"10","G6":"10","P7":"10","JC":"10","H3":"10","H6":"10"},"2F":{"5X":"3","5W":"3"},"36":{"HX":"10","FX":"10","HV":"10","MV":"10","JV":"10","MW":"10","GX":"10","FW":"10","MX":"10","JX":"10","HW":"10","JW":"10","GW":"10"}},"GF":{"G6":{"PV":"3","MX":"3","PW":"3","PX":"3","MW":"3"}},"MM":{"2X":{"VC":"10","VG":"10","WH":"10","VH":"10","WC":"10","WG":"10","VF":"10","WF":"10"},"24":{"R8":"10","R9":"10"}},"HH":{"P4":{"6F":"3","6G":"3","5G":"3","5F":"3"},"QG":{"F5":"10","F3":"10","G5":"10","G3":"10","G4":"10","F4":"10"}},"PJ":{"R7":{"Q7":"10","G6":"10","H3":"10","C7":"10","MH":"10","R2":"10","JC":"10","R7":"10","J4":"10","F8":"10","R8":"10","M5":"10","XM":"10","Q9":"10","C2":"10","Q2":"10","P7":"10","PC":"10","F3":"10","WM":"10","J8":"10","G8":"10","G2":"10","WJ":"10","VW":"10","G5":"10","G7":"10","WV":"10","WR":"10","H2":"10","J7":"10","J2":"10","VH":"10","H4":"10","RJ":"10","G3":"10","P8":"10","XJ":"10","RH":"10","QC":"10","F7":"10","J9":"10","Q8":"10","P9":"10","M4":"10","G4":"10","PR":"10","PH":"10","PV":"10","Q6":"10","J3":"10","F4":"10","WW":"10","G9":"10","C8":"10","F2":"10","VJ":"10","JF":"10","P6":"10"},"V6":{"4X":"10"},"QM":{"23":"10","82":"10","25":"10","73":"10","35":"10","24":"10","83":"10","72":"10","28":"10","32":"10"},"MV":{"RW":"10","QX":"10","RX":"10"},"Q2":{"VV":"10","VX":"10","WW":"10","WX":"10","VW":"10","WV":"10"},"V5":{"QM":"10","PJ":"10","PF":"10","PG":"10","55":"10","RP":"10","PM":"10","CG":"10","4J":"10","QP":"10","PC":"10","57":"10","QH":"10","RG":"10","5H":"10","RM":"10","QF":"10","QG":"10","FH":"10","QC":"10","RJ":"10","56":"10","RC":"10","6C":"10","4H":"10","RF":"10","5G":"10","PH":"10","RH":"10","QJ":"10","PP":"10"},"R6":{"HX":"10","FX":"10","GP":"10","JR":"10","QW":"10","RM":"10","JQ":"10","M5":"10","QR":"10","FM":"10","CQ":"10","J5":"10","FV":"10","RQ":"10","QV":"10","CV":"10","GQ":"10","CX":"10","FJ":"10","RP":"10","9X":"10","QP":"10","JW":"10","CW":"10","M6":"10","CJ":"10","J7":"10","QJ":"10","FP":"10","QQ":"10","GX":"10","HW":"10","RV":"10","QM":"10","GR":"10","FR":"10","GV":"10","CP":"10","JV":"10","HQ":"10","GW":"10","CR":"10","HV":"10","FQ":"10","QG":"10","CM":"10","RG":"10","J6":"10","GM":"10","FW":"10","RW":"10","CH":"10","RX":"10","QX":"10","JX":"10","HR":"10","FH":"10","RR":"10","M7":"10"},"MW":{"Q3":"10","Q2":"10","HG":"10","R3":"10","R2":"10","CG":"10","CH":"10"},"R8":{"P2":"10","XG":"10","W5":"10","VQ":"10","RW":"10","QQ":"10","VM":"10","G4":"10","G5":"10","XP":"10","XJ":"10","WV":"10","FF":"10","W4":"10","VP":"10","WW":"10","RP":"10","XM":"10","P3":"10","VH":"10","RQ":"10","RJ":"10","VW":"10","RH":"10","VJ":"10","RM":"10","VG":"10","M3":"10","FC":"10","XH":"10","G6":"10","RG":"10"},"QQ":{"F5":"10","PH":"10","2V":"10","8C":"10","C7":"10","JX":"10","PM":"10","9R":"10","CR":"10","FQ":"10","H8":"10","5R":"10","XJ":"10","9X":"10","5F":"10","Q7":"10","RG":"10","PF":"10","J7":"10","P6":"10","QJ":"10","6J":"10","JF":"10","J8":"10","96":"10","H5":"10","8J":"10","RV":"10","QG":"10","HF":"10","WV":"10","FH":"10","3J":"10","WF":"10","CF":"10","V8":"10","FF":"10","R5":"10","8F":"10","97":"10","4F":"10","XP":"10","HP":"10","FX":"10","HQ":"10","M8":"10","MX":"10","4G":"10","QF":"10","JV":"10","P5":"10","GR":"10","W9":"10","3H":"10","4H":"10","9J":"10","R8":"10","MQ":"10","7P":"10","GC":"10","VP":"10","2H":"10","RH":"10","HH":"10","6G":"10","7F":"10","P8":"10","9Q":"10","7J":"10","X6":"10","FJ":"10","4M":"10","C8":"10","M5":"10","VH":"10","VJ":"10","9H":"10","3V":"10","WX":"10","MM":"10","HJ":"10","GH":"10","C9":"10","MW":"10","WC":"10","5W":"10","GG":"10","59":"10","XG":"10","PR":"10","8Q":"10","2X":"10","WH":"10","6V":"10","QW":"10","PC":"10","MP":"10","7C":"10","GV":"10","PP":"10","2F":"10","JC":"10","3C":"10","2Q":"10","PX":"10","M6":"10","JM":"10","HM":"10","F8":"10","X9":"10","98":"10","FP":"10","9C":"10","H9":"10","CQ":"10","CJ":"10","5C":"10","HR":"10","8P":"10","4R":"10","9V":"10","6Q":"10","7R":"10","WJ":"10","9P":"10","XF":"10","W7":"10","G6":"10","3R":"10","MV":"10","XR":"10","MR":"10","RC":"10","3X":"10","X8":"10","HC":"10","HX":"10","Q8":"10","XW":"10","JJ":"10","6X":"10","CX":"10","PV":"10","99":"10","FM":"10","CG":"10","6M":"10","WR":"10","5V":"10","RF":"10","HG":"10","RX":"10","J5":"10","2G":"10","MC":"10","2P":"10","W5":"10","3Q":"10","CH":"10","VW":"10","Q9":"10","7G":"10","RP":"10","XV":"10","VQ":"10","XH":"10","J6":"10","P7":"10","RM":"10","CC":"10","GM":"10","V9":"10","8H":"10","PJ":"10","8G":"10","W6":"10","3M":"10","GX":"10","9M":"10","WP":"10","2M":"10","QQ":"10","5G":"10","P9":"10","QM":"10","FG":"10","XQ":"10","QV":"10","CP":"10","6H":"10","R7":"10","4V":"10","9F":"10","6W":"10","V5":"10","6F":"10","8V":"10","4W":"10","WG":"10","HW":"10","QH":"10","JH":"10","GP":"10","CV":"10","8W":"10","GQ":"10","4J":"10","J9":"10","FR":"10","XC":"10","GJ":"10","3F":"10","7W":"10","XX":"10","JW":"10","VR":"10","4X":"10","5J":"10","VM":"10","JQ":"10","5X":"10","H6":"10","8X":"10","5Q":"10","V6":"10","6R":"10","95":"10","QR":"10","7Q":"10","69":"10","4C":"10","6P":"10","JP":"10","HV":"10","4Q":"10","9G":"10","RJ":"10","GW":"10","W8":"10","R6":"10","2R":"10","7M":"10","RR":"10","QC":"10","FV":"10","M9":"10","VG":"10","C5":"10","PQ":"10","M7":"10","CM":"10","7V":"10","FC":"10","Q6":"10","C6":"10","G5":"10","VC":"10","GF":"10","MJ":"10","8R":"10","8M":"10","H7":"10","XM":"10","F6":"10","JR":"10","5M":"10","X7":"10","MH":"10","WW":"10","R9":"10","WQ":"10","G7":"10","9W":"10","QX":"10","QP":"10","F9":"10","4P":"10","5H":"10","F7":"10","Q5":"10","G9":"10","3W":"10","2W":"10","VF":"10","6C":"10","VV":"10","WM":"10","MG":"10","VX":"10","FW":"10","PW":"10","79":"10","JG":"10","RQ":"10","X5":"10","3G":"10","7H":"10","PG":"10","G8":"10","2J":"10","CW":"10","5P":"10","7X":"10","89":"10","MF":"10","V7":"10","3P":"10","RW":"10"},"R4":{"QJ":"10","RJ":"10","QH":"10"},"VX":{"G5":"10","G6":"10"},"V7":{"6F":"10","6G":"10","52":"10","3M":"10","2M":"10","42":"10"},"QR":{"F5":"10","PH":"10","8C":"10","C7":"10","PM":"10","X2":"10","9R":"10","CR":"10","V3":"10","FQ":"10","H8":"10","5R":"10","XJ":"10","5F":"10","Q7":"10","RG":"10","R3":"10","PF":"10","J7":"10","P6":"10","QJ":"10","6J":"10","JF":"10","J8":"10","96":"10","44":"10","84":"10","H5":"10","P2":"10","8J":"10","QG":"10","HF":"10","FH":"10","3J":"10","WF":"10","CF":"10","V8":"10","FF":"10","R5":"10","H4":"10","8F":"10","Q4":"10","97":"10","4F":"10","M3":"10","XP":"10","R4":"10","93":"10","HP":"10","58":"10","HQ":"10","M8":"10","66":"10","4G":"10","QF":"10","26":"10","P5":"10","GR":"10","W9":"10","27":"10","3H":"10","4H":"10","9J":"10","R8":"10","MQ":"10","7P":"10","GC":"10","VP":"10","2H":"10","RH":"10","HH":"10","6G":"10","7F":"10","P8":"10","64":"10","9Q":"10","7J":"10","X6":"10","FJ":"10","4M":"10","C8":"10","M5":"10","VH":"10","VJ":"10","9H":"10","MM":"10","Q2":"10","HJ":"10","GH":"10","C9":"10","WC":"10","73":"10","GG":"10","59":"10","38":"10","86":"10","XG":"10","PR":"10","8Q":"10","WH":"10","F4":"10","PC":"10","MP":"10","7C":"10","35":"10","PP":"10","2F":"10","JC":"10","3C":"10","2Q":"10","M6":"10","36":"10","JM":"10","HM":"10","F8":"10","X9":"10","J2":"10","98":"10","G2":"10","FP":"10","9C":"10","H9":"10","CQ":"10","CJ":"10","83":"10","5C":"10","92":"10","G3":"10","HR":"10","8P":"10","4R":"10","6Q":"10","7R":"10","WJ":"10","9P":"10","XF":"10","W7":"10","G6":"10","3R":"10","XR":"10","47":"10","MR":"10","34":"10","RC":"10","24":"10","C2":"10","X8":"10","HC":"10","54":"10","Q8":"10","C3":"10","JJ":"10","48":"10","99":"10","FM":"10","X3":"10","CG":"10","49":"10","V4":"10","V2":"10","6M":"10","WR":"10","RF":"10","HG":"10","W4":"10","77":"10","J5":"10","2G":"10","MC":"10","2P":"10","W5":"10","3Q":"10","CH":"10","Q9":"10","7G":"10","RP":"10","VQ":"10","85":"10","XH":"10","J6":"10","P7":"10","37":"10","P3":"10","R2":"10","RM":"10","CC":"10","87":"10","39":"10","GM":"10","V9":"10","8H":"10","PJ":"10","8G":"10","75":"10","W6":"10","3M":"10","63":"10","94":"10","C4":"10","9M":"10","23":"10","WP":"10","2M":"10","25":"10","QQ":"10","72":"10","5G":"10","P9":"10","QM":"10","FG":"10","XQ":"10","CP":"10","6H":"10","R7":"10","9F":"10","V5":"10","6F":"10","28":"10","WG":"10","Q3":"10","G4":"10","M2":"10","QH":"10","JH":"10","GP":"10","F3":"10","GQ":"10","4J":"10","J9":"10","FR":"10","XC":"10","X4":"10","GJ":"10","3F":"10","29":"10","J3":"10","VR":"10","5J":"10","68":"10","42":"10","VM":"10","JQ":"10","22":"10","H6":"10","H3":"10","5Q":"10","V6":"10","6R":"10","W2":"10","95":"10","QR":"10","7Q":"10","69":"10","4C":"10","6P":"10","53":"10","JP":"10","4Q":"10","H2":"10","9G":"10","RJ":"10","W8":"10","R6":"10","2R":"10","7M":"10","RR":"10","QC":"10","M9":"10","VG":"10","C5":"10","74":"10","PQ":"10","M7":"10","CM":"10","P4":"10","56":"10","FC":"10","Q6":"10","57":"10","C6":"10","G5":"10","VC":"10","GF":"10","MJ":"10","8R":"10","8M":"10","H7":"10","XM":"10","F6":"10","JR":"10","45":"10","F2":"10","W3":"10","5M":"10","33":"10","X7":"10","MH":"10","65":"10","R9":"10","WQ":"10","43":"10","G7":"10","QP":"10","F9":"10","32":"10","2C":"10","82":"10","4P":"10","5H":"10","F7":"10","Q5":"10","G9":"10","VF":"10","6C":"10","M4":"10","WM":"10","MG":"10","46":"10","79":"10","76":"10","JG":"10","78":"10","RQ":"10","X5":"10","52":"10","3G":"10","7H":"10","PG":"10","62":"10","J4":"10","G8":"10","88":"10","2J":"10","5P":"10","89":"10","MF":"10","V7":"10","55":"10","3P":"10","67":"10"},"VC":{"Q4":"10","Q5":"10"},"RF":{"G8":"10","F9":"10","F8":"10"},"W3":{"7R":"10"},"V4":{"4V":"10","4W":"10"},"R5":{"W2":"10","MV":"10","QW":"10","JV":"10","V3":"10","WV":"10","RP":"10","QP":"10","QQ":"10","RQ":"10","RV":"10","QR":"10","JR":"10","QV":"10","RR":"10","W3":"10","MR":"10"},"RH":{"3Q":"10","3P":"10","4P":"10"},"QJ":{"8X":"10","3X":"10","7X":"10","2W":"10"}},"PH":{"RX":{"WR":"10","VR":"10","WQ":"10"}},"PG":{"HW":{"56":"10","57":"10","65":"10"}},"PM":{"C4":{"PC":"10","QH":"10","RW":"10","QQ":"10","QX":"10","QC":"10","RX":"10","RF":"10","QP":"10","QM":"10","P9":"10","M9":"10","MC":"10","Q9":"10","RP":"10","RC":"10","RQ":"10","QF":"10","RJ":"10","RH":"10","RM":"10","QW":"10","QJ":"10","RV":"10","PH":"10","QG":"10","PF":"10","PG":"10","QV":"10","RG":"10","RR":"10","QR":"10"},"F3":{"9C":"3","FJ":"3","FM":"3","FH":"3","9F":"3","9H":"3","CC":"3","CJ":"3","CG":"3","9G":"3","9J":"3","99":"3","CF":"3","8G":"3","CM":"3","CH":"3"},"C5":{"Q2":"10","R2":"10"},"F2":{"MF":"10","MC":"10"}},"HQ":{"GH":{"76":"10","86":"10"},"JF":{"F3":"10","C3":"10","F2":"10","C2":"10"}},"P4":{"V7":{"JW":"10","HW":"10","JV":"10"}},"JR":{"P2":{"59":"10"},"P4":{"GG":"3","GH":"3","HG":"3","HH":"3","GM":"3","HM":"3","GJ":"3","HJ":"3"},"W6":{"H3":"10","H2":"10"}},"FC":{"P7":{"R3":"10","V2":"10","R2":"10","R4":"10","V4":"10","V3":"10"},"P6":{"VX":"10"},"MC":{"3W":"10","3V":"10","2R":"10","2V":"10","2W":"10"},"JC":{"XW":"10","XV":"10","XR":"10"},"QQ":{"38":"10","45":"10","33":"10","55":"10","35":"10","39":"10","54":"10","44":"10","57":"10","43":"10","49":"10","46":"10","37":"10","56":"10","58":"10","53":"10","34":"10","59":"10","36":"10","48":"10","47":"10"},"JH":{"2J":"10","3M":"10","2R":"10","2Q":"10"},"JF":{"W2":"10","X9":"10","Q5":"10","VG":"10","V7":"10","RJ":"10","Q6":"10","WH":"10","W3":"10","VJ":"10","VH":"10","RH":"10","V8":"10"},"R5":{"WR":"3","VQ":"3","RQ":"3","VP":"3","RP":"3","VR":"3","WQ":"3","WP":"3"},"C7":{"RP":"10","PP":"10","QP":"10","QM":"10","RM":"10"},"MG":{"8W":"10","49":"10","9X":"10","8X":"10","5C":"10","58":"10","59":"10","9W":"10","48":"10"},"MF":{"33":"10","34":"10"}},"HX":{"VV":{"33":"10","32":"10","42":"10","34":"10","43":"10","24":"10"},"VR":{"4X":"10","3X":"10","3W":"10","4W":"10"},"WM":{"CX":"10","9X":"10"},"WP":{"C2":"10"}},"HP":{"7P":{"QF":"10","RG":"10","RF":"10","QG":"10"},"57":{"9G":"3","9F":"3","8Q":"3","8G":"3","9H":"3","8J":"3","8H":"3","9M":"3","9P":"3","8F":"3","8M":"3","8P":"3","9J":"3","9Q":"3"}}}}