{"97":{"53":{"Q3":{"VX":"10","WW":"10","WX":"10","VW":"10"},"25":{"2R":"10"},"Q4":{"H5":"10","FC":"10","CC":"10","G5":"10","G6":"10"}},"5X":{"7H":{"XC":"10","WC":"10","XF":"10","WF":"10"},"8H":{"2G":"10","2F":"10","2C":"10","2H":"10"},"7M":{"RQ":"10","XW":"10","XC":"10","XV":"10","XF":"10"},"8M":{"44":"10","45":"10","33":"10","4M":"10","35":"10","34":"10","43":"10"},"CH":{"7X":"10"}},"4M":{"X3":{"2P":"10","2R":"10","2Q":"10"},"W3":{"XP":"10","MC":"10","VV":"10","VP":"10","XQ":"10","QH":"10","VQ":"10","QG":"10","JQ":"10","JP":"10","XR":"10","RR":"10","WM":"10","VM":"10","VJ":"10","VW":"10"},"W2":{"MX":"10","PW":"10","PX":"10"},"W4":{"5J":"10","6M":"10","6J":"10","5M":"10"},"V4":{"XP":"10","WJ":"10","RP":"10","XH":"10","RM":"10","WQ":"10","XJ":"10","WH":"10","WM":"10","WP":"10"}},"82":{"GQ":{"QC":"10"}},"43":{"6F":{"RV":"10"},"X5":{"XR":"10"}},"74":{"76":{"JW":"10","GR":"10"}},"6M":{"R5":{"2J":"10"},"Q5":{"XJ":"10","WR":"10","XQ":"10","XH":"10","XR":"10","WQ":"10"}},"28":{"86":{"M3":"10"}},"MH":{"P8":{"H3":"10","H4":"10","F3":"10","G3":"10","H2":"10","F4":"10","G4":"10","G6":"10","G2":"10","G5":"10","F6":"10","F5":"10"},"QF":{"6F":"10","5J":"10","3M":"10","4M":"10","5H":"10"},"QC":{"5P":"10","6C":"10","2H":"10","79":"10","6J":"10","4M":"10","3J":"10","3P":"10","2F":"10","7C":"10","3H":"10","7F":"10","2G":"10","6G":"10","3M":"10","5C":"10","2P":"10","3G":"10","4R":"10","3Q":"10","5M":"10","49":"10","59":"10","5F":"10","4C":"10","6F":"10","3C":"10","48":"10","5J":"10","2R":"10","4J":"10","2V":"10","6H":"10","4F":"10","5G":"10","8C":"10","67":"10","68":"10","69":"10","2M":"10","3R":"10","4G":"10","3F":"10","78":"10","5H":"10","58":"10","4Q":"10","4P":"10","4H":"10","7G":"10","2J":"10","89":"10","2Q":"10"},"PH":{"J3":"10","H3":"10","J2":"10","H2":"10"},"PF":{"W2":"10","QX":"10","XM":"10","XH":"10","VQ":"10","VX":"10","RX":"10","X2":"10","XJ":"10","WM":"10","W3":"10","RW":"10","WP":"10"},"PG":{"JP":"10","Q3":"10","R2":"10","JV":"10","MJ":"10","MP":"10","Q2":"10","Q6":"10","MH":"10","M9":"10","MC":"10","MG":"10","V5":"10","M7":"10","JW":"10","MF":"10","MV":"10","R3":"10","JQ":"10","MM":"10","M6":"10","MR":"10","Q4":"10","JR":"10","P4":"10","MQ":"10","M8":"10","P6":"10","P5":"10","V2":"10","V4":"10"},"PC":{"XW":"10","VX":"10","XV":"10","XH":"10","QW":"10","RM":"10","VR":"10","XM":"10","QR":"10","XQ":"10","WG":"10","WM":"10","RQ":"10","WH":"10","WJ":"10","QV":"10","VW":"10","RP":"10","WV":"10","XP":"10","WR":"10","VM":"10","WP":"10","VH":"10","QQ":"10","RV":"10","XJ":"10","WX":"10","XR":"10","XG":"10","VP":"10","VQ":"10","PR":"10","VV":"10","PV":"10","XX":"10","WQ":"10","RW":"10","WW":"10","VJ":"10","RR":"10"},"QG":{"23":"10","33":"10"}},"RP":{"58":{"25":"10","26":"10","36":"10","35":"10","24":"10"},"48":{"V7":"10"}},"2R":{"69":{"XW":"10","VX":"10","WW":"10","WX":"10","XX":"10","VW":"10"},"6C":{"V6":"10","R6":"10"},"7C":{"28":"10","29":"10"}},"2V":{"75":{"RW":"10","RV":"10","QW":"10","QV":"10"}},"4J":{"RW":{"25":"10","4C":"10","24":"10"},"QW":{"R7":"10","W2":"10","V6":"10","W7":"10","W5":"10","R6":"10","V5":"10","R8":"10","W4":"10","V9":"10","X3":"10","V7":"10","X4":"10","VC":"10","W6":"10","V2":"10","W9":"10","W3":"10","X5":"10","V8":"10"},"QV":{"RW":"10","VX":"10","VW":"10"}},"CP":{"M2":{"RV":"10"}},"54":{"Q9":{"WH":"10","WG":"10","WF":"10"},"QG":{"QH":"10"}},"2M":{"23":{"FX":"10"},"5W":{"R3":"10","V3":"10"},"24":{"GC":"10","F8":"10","C8":"10","CM":"10","CW":"10","8G":"10","H9":"10","98":"10","FQ":"10","G8":"10","PP":"10","H8":"10","99":"10","F2":"10","CP":"10","C4":"10","9M":"10","FR":"10","G9":"10","PM":"10","HQ":"10","GR":"10","GJ":"10","GQ":"10","C3":"10"},"49":{"QM":"10","PJ":"10","PM":"10","QP":"10","H5":"10","QQ":"10","RQ":"10","PQ":"10","QJ":"10","PP":"10"},"5C":{"2J":"10"},"6Q":{"8X":"10"},"6H":{"CR":"10"},"59":{"X9":"10","XC":"10","WC":"10","W9":"10"},"7H":{"9Q":"10","CJ":"10","9M":"10","9J":"10","8Q":"10","CM":"10"},"6M":{"3M":"10","4M":"10","G2":"10","3P":"10","4P":"10"},"6J":{"9R":"10","HX":"10","FX":"10","F6":"10","55":"10","R2":"10","9P":"10","6G":"10","F5":"10","3H":"10","8P":"10","4H":"10","V2":"10","C4":"10","H6":"10","7C":"10","Q3":"10","89":"10","FM":"10","CQ":"10","Q2":"10","9V":"10","3G":"10","79":"10","C6":"10","CV":"10","R3":"10","C5":"10","78":"10","CW":"10","57":"10","36":"10","93":"10","46":"10","9F":"10","H7":"10","88":"10","FP":"10","4G":"10","GX":"10","HW":"10","8R":"10","83":"10","8Q":"10","GV":"10","CP":"10","F9":"10","7F":"10","CR":"10","45":"10","P3":"10","8F":"10","7G":"10","84":"10","87":"10","C9":"10","94":"10","9Q":"10","V3":"10","6F":"10"},"6R":{"83":"10","5G":"10","74":"10","85":"10","82":"10","73":"10","75":"10","5H":"10","72":"10"}},"P5":{"6F":{"W2":"10","V2":"10","R2":"10"},"69":{"F5":"10","PH":"10","8C":"10","JX":"10","PM":"10","X2":"10","9R":"10","CR":"10","V3":"10","FQ":"10","H8":"10","XJ":"10","9X":"10","Q7":"10","RG":"10","R3":"10","PF":"10","J7":"10","P6":"10","QJ":"10","JF":"10","J8":"10","H5":"10","P2":"10","8J":"10","RV":"10","QG":"10","HF":"10","WV":"10","FH":"10","WF":"10","CF":"10","V8":"10","FF":"10","R5":"10","H4":"10","8F":"10","Q4":"10","M3":"10","XP":"10","R4":"10","HP":"10","FX":"10","HQ":"10","M8":"10","MX":"10","QF":"10","JV":"10","P5":"10","GR":"10","W9":"10","9J":"10","R8":"10","MQ":"10","7P":"10","GC":"10","VP":"10","RH":"10","HH":"10","7F":"10","P8":"10","9Q":"10","7J":"10","X6":"10","FJ":"10","C8":"10","M5":"10","VH":"10","VJ":"10","9H":"10","WX":"10","MM":"10","Q2":"10","HJ":"10","GH":"10","C9":"10","MW":"10","WC":"10","GG":"10","XG":"10","PR":"10","8Q":"10","WH":"10","QW":"10","PC":"10","MP":"10","GV":"10","PP":"10","JC":"10","M6":"10","PX":"10","JM":"10","HM":"10","F8":"10","J2":"10","G2":"10","FP":"10","9C":"10","H9":"10","CQ":"10","CJ":"10","G3":"10","HR":"10","8P":"10","9V":"10","WJ":"10","9P":"10","XF":"10","G6":"10","MV":"10","XR":"10","MR":"10","RC":"10","X8":"10","HC":"10","HX":"10","Q8":"10","XW":"10","JJ":"10","CX":"10","PV":"10","99":"10","FM":"10","X3":"10","CG":"10","V4":"10","V2":"10","WR":"10","RF":"10","HG":"10","W4":"10","RX":"10","J5":"10","MC":"10","W5":"10","CH":"10","VW":"10","Q9":"10","7G":"10","RP":"10","XV":"10","VQ":"10","XH":"10","J6":"10","P7":"10","P3":"10","R2":"10","RM":"10","CC":"10","GM":"10","V9":"10","8H":"10","PJ":"10","8G":"10","GX":"10","9M":"10","WP":"10","QQ":"10","P9":"10","QM":"10","FG":"10","XQ":"10","CP":"10","QV":"10","R7":"10","9F":"10","V5":"10","8V":"10","WG":"10","HW":"10","Q3":"10","G4":"10","M2":"10","QH":"10","JH":"10","GP":"10","CV":"10","8W":"10","GQ":"10","J9":"10","FR":"10","XC":"10","X4":"10","GJ":"10","XX":"10","J3":"10","JW":"10","VR":"10","VM":"10","JQ":"10","H6":"10","8X":"10","H3":"10","V6":"10","W2":"10","QR":"10","7Q":"10","JP":"10","HV":"10","H2":"10","9G":"10","RJ":"10","GW":"10","W8":"10","R6":"10","7M":"10","RR":"10","FV":"10","QC":"10","M9":"10","VG":"10","PQ":"10","M7":"10","CM":"10","P4":"10","FC":"10","Q6":"10","G5":"10","VC":"10","GF":"10","MJ":"10","8R":"10","8M":"10","H7":"10","XM":"10","F6":"10","JR":"10","W3":"10","X7":"10","MH":"10","WW":"10","R9":"10","WQ":"10","G7":"10","9W":"10","QX":"10","QP":"10","F9":"10","F7":"10","Q5":"10","G9":"10","VF":"10","VV":"10","WM":"10","M4":"10","MG":"10","VX":"10","FW":"10","PW":"10","JG":"10","RQ":"10","X5":"10","7H":"10","PG":"10","J4":"10","G8":"10","CW":"10","MF":"10","V7":"10","RW":"10"},"68":{"XW":"10","HX":"10","VX":"10","XV":"10","JR":"10","QW":"10","RM":"10","PP":"10","VR":"10","MW":"10","R8":"10","QR":"10","PW":"10","QH":"10","VC":"10","XQ":"10","QF":"10","WG":"10","WM":"10","RQ":"10","RF":"10","WH":"10","WF":"10","WJ":"10","QV":"10","VW":"10","RP":"10","WV":"10","XP":"10","QP":"10","JW":"10","WR":"10","VM":"10","PQ":"10","PX":"10","WP":"10","MP":"10","V8":"10","VH":"10","QJ":"10","V9":"10","QQ":"10","RJ":"10","HW":"10","WC":"10","RV":"10","QM":"10","R9":"10","WX":"10","PJ":"10","XR":"10","JV":"10","RH":"10","RC":"10","XG":"10","HV":"10","MV":"10","VP":"10","MR":"10","VQ":"10","XF":"10","QG":"10","PR":"10","RG":"10","VV":"10","PV":"10","XX":"10","WQ":"10","MQ":"10","VF":"10","MX":"10","VG":"10","PM":"10","RW":"10","WW":"10","RX":"10","QX":"10","VJ":"10","JX":"10","RR":"10"},"78":{"2C":"10","2H":"10","4X":"10","2W":"10","4M":"10","3J":"10","3P":"10","2F":"10","3H":"10","29":"10","2G":"10","3M":"10","3V":"10","38":"10","2P":"10","3G":"10","4R":"10","3Q":"10","49":"10","2X":"10","4C":"10","3C":"10","4W":"10","2R":"10","2V":"10","4J":"10","3X":"10","4F":"10","39":"10","4V":"10","3R":"10","3F":"10","4G":"10","4P":"10","4Q":"10","3W":"10","4H":"10","2J":"10","2Q":"10"},"79":{"2P":"10","8V":"10","6C":"10","6F":"10","5G":"10","8J":"10","44":"10","2M":"10","9M":"10","5M":"10","67":"10","7F":"10","7X":"10","3F":"10","3H":"10","66":"10","5P":"10","CJ":"10","5F":"10","56":"10","6P":"10","2X":"10","78":"10","3R":"10","3J":"10","8H":"10","8W":"10","59":"10","68":"10","39":"10","65":"10","7P":"10","4P":"10","6M":"10","42":"10","4W":"10","89":"10","9P":"10","9H":"10","25":"10","69":"10","5X":"10","7M":"10","36":"10","8Q":"10","34":"10","CP":"10","88":"10","6G":"10","9R":"10","7J":"10","4C":"10","3M":"10","2W":"10","8G":"10","8C":"10","75":"10","3X":"10","46":"10","27":"10","5H":"10","49":"10","98":"10","43":"10","CM":"10","CH":"10","48":"10","5Q":"10","6Q":"10","4G":"10","2Q":"10","6H":"10","77":"10","7V":"10","7R":"10","7Q":"10","64":"10","84":"10","6W":"10","8M":"10","4F":"10","3Q":"10","5R":"10","28":"10","74":"10","54":"10","3C":"10","3W":"10","9F":"10","8R":"10","4V":"10","73":"10","8P":"10","97":"10","24":"10","7W":"10","33":"10","94":"10","96":"10","7C":"10","8F":"10","4R":"10","2R":"10","9Q":"10","38":"10","85":"10","58":"10","95":"10","5J":"10","3V":"10","4X":"10","35":"10","2V":"10","26":"10","79":"10","32":"10","4J":"10","23":"10","4Q":"10","47":"10","6V":"10","7G":"10","6J":"10","87":"10","9G":"10","CF":"10","6R":"10","9J":"10","4M":"10","7H":"10","2J":"10","55":"10","45":"10","86":"10","63":"10","57":"10","5V":"10","2H":"10","83":"10","5W":"10","3P":"10","8X":"10","4H":"10","3G":"10","37":"10","CG":"10","5C":"10","76":"10","22":"10"},"6C":{"V3":"10","P5":"10","Q4":"10","PG":"10","QG":"10","X8":"10","R8":"10","P3":"10","XX":"10","V7":"10","Q3":"10","WF":"10","V6":"10","Q7":"10","RM":"10","QP":"10","RW":"10","V9":"10","M2":"10","XF":"10","W4":"10","QF":"10","QM":"10","H2":"10","WP":"10","RQ":"10","QC":"10","XV":"10","VH":"10","PC":"10","RV":"10","H3":"10","V8":"10","Q2":"10","R5":"10","RF":"10","W6":"10","R4":"10","V2":"10","QQ":"10","RP":"10","G2":"10","X2":"10","Q6":"10","XH":"10","WJ":"10","VC":"10","VG":"10","F2":"10","WC":"10","R6":"10","W5":"10","Q5":"10","XR":"10","VM":"10","WH":"10","WX":"10","RJ":"10","V4":"10","P7":"10","QJ":"10","W8":"10","P6":"10","W2":"10","P2":"10","R7":"10","X6":"10","Q8":"10","P4":"10","VJ":"10","VX":"10","XQ":"10","RR":"10","VQ":"10","P8":"10","X7":"10","R3":"10","X3":"10","W7":"10","XJ":"10","PH":"10","VF":"10","VW":"10","J3":"10","92":"10","RC":"10","WV":"10","C2":"10","V5":"10","W3":"10","XW":"10","VR":"10","RH":"10","WQ":"10","PF":"10","Q9":"10","RG":"10","W9":"10","P9":"10","WR":"10","WG":"10","X5":"10","X4":"10","VP":"10","QH":"10","PJ":"10","RX":"10","XP":"10","R2":"10","R9":"10","WM":"10","WW":"10","J2":"10","VV":"10","XG":"10","XM":"10"},"7C":{"23":"10","25":"10","33":"10","22":"10","35":"10","44":"10","24":"10","43":"10","42":"10","29":"10","27":"10","34":"10","26":"10","28":"10","32":"10"}},"2Q":{"7R":{"5W":"10"}}},"index":{"university,1|retail,2|tourism,3|wreck,4|historical,5|artsCulture,6|namedBuilding,7|water,8|wetland,9|park,10|beach,11|natureReserve,12|cemetery,13|trail,14":{}}}