{"98":{"VF":{"28":{"94":"10","55":"10","56":"10","57":"10","C6":"10"}},"GM":{"PX":{"C6":"10","99":"10","95":"10","F3":"10","C5":"10","97":"10","F4":"10","C8":"10","G4":"10","C4":"10","C7":"10","F6":"10","F5":"10"},"WW":{"7X":"10"},"WX":{"72":"10"}},"25":{"VV":{"FJ":"10","FH":"10","CJ":"10","CH":"10"},"3V":{"4J":"10","4H":"10"},"RV":{"6X":"10","6W":"10","7W":"10","7X":"10"},"4R":{"9R":"10","9V":"10","8V":"10","9W":"10"}},"Q9":{"2J":{"W8":"10"}},"PW":{"FM":{"V9":"10"}},"XC":{"8X":{"VV":"10","VW":"10"},"6W":{"92":"10","64":"10","93":"10","C2":"10"},"3V":{"HQ":"10"},"6V":{"8W":"10","CX":"10","8X":"10","9V":"10","9X":"10","CW":"10","8V":"10","9W":"10"}},"22":{"FG":{"X9":"10","XC":"10"}},"35":{"H7":{"WP":"10"},"44":{"JP":"10","HP":"10"},"PH":{"QF":"10","PF":"10","PG":"10","QG":"10"},"87":{"5M":"10"},"34":{"RJ":"10","QJ":"10"}},"W8":{"VV":{"4G":"10"},"8G":{"6Q":"10"}},"HG":{"X8":{"WJ":"10","VM":"10","VJ":"10","WM":"10"}},"R8":{"W8":{"MV":"10","PQ":"10","QQ":"10","MW":"10","JJ":"10","JM":"10"}},"PC":{"57":{"C2":"10","H4":"10","PV":"10","F5":"10","F4":"10","VQ":"10","QQ":"10","H9":"10","MW":"10","9C":"10","J3":"10","F3":"10","H5":"10","G8":"10","8F":"10","J4":"10","9F":"10","F2":"10","G7":"10","8C":"10","C9":"10","G9":"10","VV":"10","HQ":"10","J5":"10","VR":"10","C3":"10","H3":"10"},"58":{"8F":"10","P2":"10","9H":"10","CG":"10","8G":"10","CH":"10"}},"24":{"MM":{"2V":"10"},"27":{"GQ":"10","GR":"10","FR":"10","FQ":"10"},"JM":{"XW":"10","XV":"10","XR":"10"},"PM":{"53":"10","43":"10"}},"W9":{"P4":{"5Q":"10","6R":"10","4G":"10","6Q":"10","5P":"10","5M":"10","4P":"10"},"P5":{"63":"10","64":"10","75":"10"}},"R9":{"V4":{"WR":"10","WQ":"10"}},"34":{"FC":{"XP":"10","VV":"10","VP":"10","WV":"10","VR":"10","XQ":"10","VQ":"10","WQ":"10","XR":"10","WR":"10","WP":"10"},"CW":{"J7":"10","M7":"10","J6":"10","P8":"10","P9":"10","P7":"10","M9":"10","M6":"10","M8":"10","PC":"10"}},"36":{"9C":{"C4":"10","68":"10","78":"10"},"J4":{"3G":"10"}},"26":{"V4":{"P6":"10","M6":"10"}},"WC":{"RR":{"C5":"10","95":"10","93":"10","F8":"10"}},"HP":{"5H":{"6M":"10"}}},"index":{"university,1|retail,2|tourism,3|wreck,4|historical,5|artsCulture,6|namedBuilding,7|water,8|wetland,9|park,10|beach,11|natureReserve,12|cemetery,13|trail,14":{}}}