{"index":{"university,1|retail,2|tourism,3|wreck,4|historical,5|artsCulture,6|namedBuilding,7|water,8|wetland,9|park,10|beach,11|natureReserve,12|cemetery,13|trail,14":{}},"99":{"QX":{"MP":{"66":"10","59":"10"},"RP":{"G5":"10"},"99":{"J3":"10"},"93":{"X5":"10"},"RM":{"FW":"10"}},"MV":{"XJ":{"M7":"10","P8":"10","P7":"10","M9":"10","M8":"10"},"XC":{"QX":"10","FV":"10","WV":"10","99":"10","FP":"10","98":"10","VQ":"10","WQ":"10","GH":"10","XR":"10","CR":"10","RR":"10","VM":"10","FJ":"10","VJ":"10"},"RH":{"V5":"10","W9":"10","W8":"10"},"W8":{"M8":"10"},"XF":{"Q3":"10","FJ":"10","Q2":"10","CX":"10","P3":"10","P2":"10","R3":"10","V2":"10","R2":"10","FP":"10","V3":"10"}},"QW":{"P8":{"28":"10","4M":"10"},"46":{"5M":"10"},"4W":{"V8":"10"}},"PW":{"H4":{"32":"10"},"53":{"25":"10","22":"10","26":"10"},"HC":{"VF":"10"},"56":{"5X":"10","2C":"10","43":"10","42":"10","36":"10","3P":"10","33":"10","2F":"10","35":"10","29":"10","2G":"10","38":"10","3G":"10","4R":"10","26":"10","5V":"10","37":"10","27":"10","3C":"10","32":"10","39":"10","5W":"10","24":"10","4Q":"10"},"43":{"FX":"10","5W":"10","QW":"10","RM":"10","W5":"10","8P":"10","5J":"10","5M":"10","PP":"10","VR":"10","7R":"10","6J":"10","R8":"10","JQ":"10","6W":"10","7C":"10","Q9":"10","QR":"10","PW":"10","4Q":"10","QH":"10","W6":"10","VC":"10","69":"10","RQ":"10","WF":"10","6M":"10","8X":"10","R3":"10","4W":"10","QP":"10","X9":"10","JW":"10","W8":"10","68":"10","PQ":"10","PX":"10","X3":"10","R5":"10","W7":"10","W9":"10","QQ":"10","V9":"10","V5":"10","R6":"10","RJ":"10","MM":"10","HW":"10","RV":"10","WC":"10","QM":"10","GR":"10","R9":"10","GV":"10","PJ":"10","M2":"10","RH":"10","RC":"10","4X":"10","W3":"10","MV":"10","VQ":"10","Q8":"10","X6":"10","PR":"10","V4":"10","RG":"10","X5":"10","PH":"10","X2":"10","Q6":"10","VF":"10","MX":"10","VG":"10","PM":"10","X8":"10","R4":"10","Q5":"10","FW":"10","2H":"10","W2":"10","V6":"10","V3":"10","6Q":"10","5X":"10","RR":"10","X4":"10"},"52":{"23":"10","2P":"10","2W":"10","25":"10","33":"10","22":"10","35":"10","44":"10","24":"10","43":"10","2M":"10","42":"10","2V":"10","2X":"10","2Q":"10","53":"10","34":"10","52":"10","36":"10","2R":"10","32":"10"},"42":{"XG":"10","WH":"10","MX":"10","JV":"10","HW":"10","VQ":"10","QQ":"10","VM":"10","PR":"10","X3":"10","XJ":"10","XP":"10","VX":"10","QP":"10","WR":"10","WQ":"10","XW":"10","XV":"10","WG":"10","WV":"10","XF":"10","WW":"10","RP":"10","XM":"10","RQ":"10","VH":"10","VW":"10","XR":"10","X4":"10","VJ":"10","XQ":"10","WM":"10","X2":"10","W9":"10","X7":"10","WP":"10","XH":"10","QV":"10","HX":"10","RR":"10","QR":"10","X9":"10"},"36":{"XG":"10","X9":"10","WC":"10","XF":"10","WF":"10"},"57":{"CX":"10","HX":"10","HV":"10","79":"10","CQ":"10","9F":"10","GV":"10","5J":"10","7G":"10","GX":"10","9V":"10","9X":"10","8H":"10","CF":"10","CM":"10","7C":"10","8C":"10","9P":"10","8F":"10","HW":"10","8M":"10","7H":"10","9Q":"10","9R":"10","9W":"10","GW":"10","9C":"10"},"QC":{"8X":"10","9Q":"10"},"33":{"MG":"10","Q7":"10","6C":"10","C7":"10","58":"10","VR":"10","5C":"10","F8":"10","R8":"10","7C":"10","PW":"10","C2":"10","P4":"10","9V":"10","32":"10","QF":"10","WM":"10","C6":"10","6H":"10","CV":"10","CW":"10","WR":"10","93":"10","PX":"10","67":"10","MP":"10","88":"10","MM":"10","P8":"10","QM":"10","WX":"10","F9":"10","7F":"10","XG":"10","VQ":"10","Q8":"10","73":"10","85":"10","PH":"10","Q6":"10","F4":"10","7G":"10","84":"10","PG":"10","C9":"10","C8":"10","94":"10","6F":"10"},"44":{"MC":"10","8V":"10","QG":"10","JR":"10","6C":"10","X8":"10","HH":"10","8J":"10","R8":"10","2M":"10","9M":"10","GG":"10","5M":"10","C4":"10","7F":"10","V6":"10","3H":"10","M8":"10","QP":"10","66":"10","RW":"10","5P":"10","M2":"10","XF":"10","FG":"10","QM":"10","WP":"10","2X":"10","78":"10","3J":"10","VH":"10","8H":"10","F8":"10","FW":"10","8W":"10","39":"10","V8":"10","Q2":"10","7P":"10","QW":"10","4P":"10","V2":"10","6M":"10","4W":"10","89":"10","9H":"10","9P":"10","H9":"10","FH":"10","G9":"10","36":"10","8Q":"10","G3":"10","VG":"10","CP":"10","88":"10","9R":"10","4C":"10","2W":"10","8G":"10","8C":"10","46":"10","HX":"10","WX":"10","49":"10","98":"10","62":"10","P7":"10","CH":"10","CM":"10","48":"10","QJ":"10","GC":"10","5Q":"10","J5":"10","6Q":"10","JX":"10","6H":"10","7V":"10","F5":"10","PX":"10","7Q":"10","7R":"10","W2":"10","P6":"10","P2":"10","84":"10","R7":"10","6W":"10","8M":"10","HG":"10","PM":"10","5R":"10","P8":"10","MQ":"10","9F":"10","X7":"10","8R":"10","F9":"10","PH":"10","CC":"10","GJ":"10","9C":"10","H6":"10","8P":"10","97":"10","9V":"10","FM":"10","53":"10","JV":"10","7W":"10","GM":"10","99":"10","FF":"10","V5":"10","94":"10","96":"10","RH":"10","G4":"10","7C":"10","8F":"10","9Q":"10","38":"10","85":"10","95":"10","W9":"10","5J":"10","CV":"10","PW":"10","79":"10","FJ":"10","QX":"10","VP":"10","4Q":"10","GH":"10","J9":"10","QH":"10","PJ":"10","47":"10","RX":"10","87":"10","7G":"10","6J":"10","6V":"10","9G":"10","CF":"10","6R":"10","9J":"10","X9":"10","7H":"10","M9":"10","CR":"10","86":"10","C5":"10","GV":"10","5V":"10","J8":"10","G5":"10","83":"10","8X":"10","XG":"10","FC":"10","37":"10","CG":"10","22":"10"},"35":{"Q3":"10","V8":"10","R2":"10","XG":"10","W5":"10","W3":"10","PR":"10","X3":"10","R5":"10","V7":"10","Q2":"10","VX":"10","R4":"10","QM":"10","Q6":"10","W6":"10","X5":"10","X6":"10","V6":"10","V9":"10","R6":"10","WG":"10","PQ":"10","FF":"10","W4":"10","XF":"10","V5":"10","RP":"10","RQ":"10","VW":"10","X4":"10","V3":"10","R3":"10","VC":"10","WC":"10","W9":"10","JQ":"10","X7":"10","RV":"10","QG":"10","Q4":"10","PM":"10","P4":"10","JR":"10","FG":"10","QV":"10","VR":"10","RR":"10","W7":"10","W8":"10","X8":"10"},"45":{"39":"10","JP":"10","6C":"10","RM":"10","3H":"10","4V":"10","5J":"10","2G":"10","VR":"10","4H":"10","5C":"10","6J":"10","9W":"10","5V":"10","2M":"10","56":"10","PW":"10","4Q":"10","5Q":"10","5R":"10","QH":"10","7W":"10","9V":"10","32":"10","4R":"10","CF":"10","4J":"10","CC":"10","RQ":"10","4P":"10","6M":"10","8X":"10","FJ":"10","9X":"10","QP":"10","CG":"10","8V":"10","68":"10","93":"10","PX":"10","CJ":"10","5H":"10","5G":"10","QJ":"10","2P":"10","26":"10","2J":"10","48":"10","4G":"10","RJ":"10","83":"10","8R":"10","8Q":"10","WX":"10","CP":"10","34":"10","35":"10","59":"10","4M":"10","3J":"10","9J":"10","FC":"10","VQ":"10","22":"10","33":"10","CM":"10","5P":"10","23":"10","XX":"10","3F":"10","27":"10","PM":"10","JM":"10","8W":"10","2H":"10","CH":"10","WW":"10","QX":"10","24":"10","9Q":"10","2F":"10","38":"10","RR":"10","49":"10"},"M9":{"XJ":"10"},"34":{"WJ":"10","XV":"10","WV":"10","XM":"10","QQ":"10","XH":"10","VQ":"10","VX":"10","X3":"10","X4":"10","RX":"10","WQ":"10","WH":"10","WR":"10","WW":"10","R2":"10","XW":"10","WP":"10","Q4":"10"},"MC":{"Q4":"10"},"37":{"97":"10","98":"10"},"G3":{"QF":"10","QC":"10","QJ":"10","RJ":"10","QH":"10","RH":"10","RG":"10","QG":"10"},"9F":{"XQ":"10"},"99":{"69":"10"},"46":{"39":"10","58":"10","W5":"10","P5":"10","54":"10","V2":"10","75":"10","Q3":"10","56":"10","W6":"10","J5":"10","77":"10","MC":"10","QF":"10","PC":"10","WF":"10","R3":"10","47":"10","X9":"10","M6":"10","68":"10","PF":"10","57":"10","46":"10","67":"10","FP":"10","37":"10","Q4":"10","48":"10","74":"10","66":"10","HW":"10","83":"10","P8":"10","86":"10","GR":"10","M3":"10","FR":"10","GV":"10","59":"10","HQ":"10","GW":"10","45":"10","XG":"10","W3":"10","XF":"10","M4":"10","QG":"10","V4":"10","J6":"10","85":"10","X5":"10","GM":"10","P3":"10","65":"10","84":"10","X8":"10","R4":"10","PG":"10","4C":"10","FW":"10","87":"10","GJ":"10","76":"10","HR":"10","V3":"10","38":"10","53":"10","49":"10"},"2R":{"28":"10","25":"3","26":"3","38":"10","27":"3","29":"10"},"22":{"X9":"10","VH":"10","VX":"10","VM":"10","X8":"10","WG":"10","XF":"10"},"32":{"JP":"10","CV":"10","GW":"10","5X":"10","6J":"10","HW":"10","CW":"10","JX":"10","5Q":"10","6M":"10","CR":"10","3V":"10","GP":"10","FQ":"10","45":"10","6X":"10","5R":"10","FM":"10","PP":"10","H8":"10","49":"10","HR":"10","4C":"10","JW":"10","6W":"10","HV":"10","46":"10","CX":"10","GH":"10","39":"10","FP":"10","H7":"10","FR":"10","CQ":"10","4G":"10","5H":"10","5W":"10","58":"10","4P":"10","HX":"10","GV":"10","GQ":"10","4H":"10"},"3X":{"P6":"10","W4":"10","Q5":"10"},"8C":{"54":"10"},"47":{"H4":"10","G7":"10","GC":"10","P8":"10","J4":"10","G8":"10","F4":"10","H9":"10","M4":"10","G9":"10"},"54":{"2G":"10","2F":"10","2C":"10","7W":"10","29":"10"},"58":{"FF":"10","88":"10","76":"10","86":"10","C9":"10","C6":"10","H3":"10","CC":"10","H4":"10","99":"10","5M":"10","G7":"10","HF":"10","F7":"10","H7":"10","92":"10","F8":"10","GF":"10","H5":"10","98":"10","JC":"10","GC":"10","78":"10","G3":"10","C5":"10","97":"10","F9":"10","G8":"10","H2":"10","F4":"10","C8":"10","6H":"10","CF":"10","G4":"10","G6":"10","FC":"10","75":"10","H8":"10","HC":"10","93":"10","G2":"10","H6":"10","G5":"10","H9":"10","87":"10","C7":"10","G9":"10","F6":"10","9C":"10","J9":"10","77":"10","F5":"10"},"65":{"QC":"10","Q9":"10","R9":"10","PF":"10","PG":"10"},"H3":{"XQ":"10","6P":"10"},"55":{"3X":"10"},"2Q":{"3X":"10","2X":"10"}},"PR":{"W5":{"FJ":"10","CF":"10"},"W4":{"88":"10","79":"10","76":"10","86":"10","78":"10","7C":"10","66":"10"},"P5":{"HX":"10","JX":"10"},"V7":{"VR":"10","QV":"10","WM":"10","WP":"10"},"WP":{"CR":"10","FV":"10","CV":"10"}},"MW":{"XQ":{"XX":"10"},"RW":{"QJ":"10","QM":"10"},"XR":{"VF":"10","VP":"10","W5":"10","VR":"10","VQ":"10","WQ":"10","W6":"10","X2":"10","RF":"10"},"WX":{"MX":"10","HW":"10","PW":"10","MJ":"10","MV":"10","HF":"10","PX":"10","HV":"10","JX":"10","MM":"10","RX":"10","MW":"10"},"VR":{"9M":"10","8M":"10"},"VJ":{"37":"10","44":"10","47":"10","38":"10","35":"10","4C":"10","48":"10"}},"MX":{"V6":{"HW":"10"},"W2":{"P2":"10","H4":"10","J9":"10","W5":"10","W3":"10","G4":"10","X3":"10","G2":"10","P9":"10","W6":"10","X5":"10","H2":"10","X6":"10","W4":"10","G3":"10","P3":"10","X4":"10","V3":"10","M2":"10","X7":"10","M3":"10","J8":"10","H3":"10","V4":"10","H6":"10"},"P9":{"WR":"10","WQ":"10"},"CQ":{"V2":"10"},"GV":{"JJ":"10","JM":"10"},"QQ":{"3F":"10","3C":"10","39":"10","4G":"10","4F":"10","2M":"10"},"CP":{"QJ":"10","RJ":"10","QH":"10","PH":"10","RH":"10","QM":"10","PG":"10"},"RJ":{"P2":"10","M5":"10"},"X2":{"23":"10","45":"10","25":"10","33":"10","35":"10","44":"10","24":"10","43":"10","46":"10","37":"10","27":"10","34":"10","36":"10","26":"10","47":"10"},"WH":{"9P":"10","9M":"10","8M":"10","8P":"10"},"PX":{"FP":"10"}},"PV":{"38":{"8W":"10","8V":"10"},"3X":{"XH":"10","W9":"10","XF":"10"},"5X":{"5W":"10","3W":"10","2X":"10"},"8W":{"GJ":"10","CX":"10","FX":"10","86":"10","9G":"10","CG":"10","9V":"10","FW":"10","FH":"10","C8":"10","CF":"10","CM":"10","89":"10","FJ":"10","CV":"10","CW":"10","87":"10","9W":"10"},"4X":{"3Q":"10","6G":"10","6H":"10","5G":"10","3C":"10","3G":"10","3M":"10","3H":"10","2H":"10","4M":"10","8V":"10","3P":"10","7V":"10","5M":"10"},"2C":{"59":"10","3C":"10","3J":"10","3M":"10","3H":"10","6R":"10","4G":"10","4F":"10","2R":"10","4C":"10","2V":"10","2W":"10"},"8X":{"86":"10","82":"10","92":"10"},"27":{"JW":"10","JX":"10"},"28":{"Q3":"10","Q2":"10","P4":"10"},"RH":{"9M":"10"}},"RV":{"22":{"H5":"10","H4":"10","Q6":"10","Q7":"10","R6":"10"},"27":{"Q9":"10"}},"QR":{"VG":{"J4":"10","F7":"10","F6":"10"},"MC":{"P2":"10"},"J5":{"GH":"10"},"H2":{"VF":"10","W6":"10"}},"QV":{"37":{"G9":"10","GH":"10","FC":"10","F9":"10","CC":"10","FF":"10","F7":"10","F6":"10","CF":"10","C6":"10","F8":"10"},"R8":{"RG":"10","VF":"10"}},"RR":{"3V":{"G9":"10","FJ":"10","CJ":"10","GC":"10","F8":"10"},"4F":{"HG":"10"},"4V":{"5J":"10","5H":"10"},"5P":{"4X":"10","4W":"10"}},"PX":{"7F":{"6X":"10","HP":"10","HR":"10","4R":"10"},"25":{"MM":"10"},"4F":{"8X":"10","7X":"10"},"35":{"FJ":"10","FH":"10"},"7G":{"36":"10","42":"10","43":"10"},"8Q":{"68":"10","67":"10"},"67":{"CC":"10"},"37":{"F3":"10","F2":"10","H3":"10","G2":"10","G3":"10","H2":"10"},"4M":{"HG":"10","JG":"10","HM":"10","JJ":"10","JM":"10","HJ":"10"},"6C":{"RX":"10"},"2F":{"Q6":"10","R5":"10","R6":"10"},"8M":{"6W":"10","5V":"10","6V":"10"},"8P":{"52":"10"},"7H":{"H4":"10"},"M4":{"XH":"10"},"6M":{"G8":"10"}},"Q4":{"J9":{"77":"10"}}}}