{"9M":{"Q4":{"PF":{"37":"10","26":"10","47":"10","58":"10","27":"10","48":"10"}},"8V":{"56":{"F5":"10","88":"10","78":"10"},"VP":{"J3":"10"},"XP":{"52":"10","53":"10","42":"10","43":"10"}},"6F":{"PX":{"W6":"10"},"XR":{"VG":"10","R7":"10","Q6":"10","R5":"10","Q7":"10","VF":"10","R6":"10","Q5":"10","WF":"10"},"FX":{"P7":"10","Q6":"10","P6":"10","Q7":"10"}},"5G":{"37":{"FF":"10","G7":"10","F7":"10","GF":"10","F8":"10","GC":"10","F9":"10","G8":"10","GG":"10","G6":"10","FC":"10","G9":"10"},"FC":{"39":"10"},"2C":{"F2":"10"},"4G":{"M9":"10","M8":"10"},"29":{"HW":"10","GW":"10","JV":"10","JR":"10","FX":"10"}},"X8":{"C5":{"3R":"10","49":"10","5G":"10","4H":"10","59":"10","3W":"10","3J":"10","3G":"10","2J":"10","39":"10","3H":"10","2H":"10","4C":"10","5H":"10"},"C6":{"42":"10","43":"10"}},"8J":{"2P":{"QX":"10","HV":"10","QW":"10","JV":"10","V3":"10","CJ":"10","RV":"10","CH":"10","JR":"10","QV":"10","RW":"10","CV":"10","HW":"10","CW":"10","R3":"10","9R":"10"},"2W":{"P5":"10","F7":"10","MC":"10","JR":"10","6C":"10","6F":"10","HH":"10","8J":"10","R8":"10","JQ":"10","JW":"10","9M":"10","GG":"10","P3":"10","JF":"10","XX":"10","67":"10","FX":"10","7F":"10","Q7":"10","RM":"10","3H":"10","66":"10","V9":"10","M2":"10","CJ":"10","GQ":"10","QF":"10","M6":"10","FG":"10","RQ":"10","78":"10","QC":"10","XV":"10","8H":"10","F8":"10","JP":"10","FW":"10","PC":"10","68":"10","V8":"10","65":"10","9W":"10","R4":"10","QR":"10","QQ":"10","C8":"10","GW":"10","C6":"10","89":"10","HW":"10","9H":"10","9P":"10","G2":"10","25":"10","FQ":"10","FH":"10","69":"10","7M":"10","8Q":"10","CP":"10","MV":"10","88":"10","9R":"10","7J":"10","HQ":"10","3M":"10","HJ":"10","H5":"10","CQ":"10","MG":"10","2W":"10","8G":"10","VM":"10","8C":"10","FR":"10","75":"10","HX":"10","WX":"10","98":"10","JC":"10","CH":"10","CM":"10","GC":"10","J5":"10","JX":"10","4G":"10","77":"10","PX":"10","P6":"10","64":"10","84":"10","Q8":"10","P4":"10","8M":"10","J4":"10","3Q":"10","MP":"10","74":"10","RR":"10","MQ":"10","9F":"10","R3":"10","HV":"10","8R":"10","F9":"10","M3":"10","73":"10","CC":"10","GJ":"10","9C":"10","8P":"10","MX":"10","C9":"10","97":"10","9V":"10","FM":"10","24":"10","92":"10","JV":"10","GM":"10","RC":"10","FF":"10","99":"10","XW":"10","VR":"10","94":"10","96":"10","7C":"10","8F":"10","9Q":"10","PF":"10","MR":"10","Q9":"10","85":"10","95":"10","CW":"10","FV":"10","WR":"10","3V":"10","CV":"10","GP":"10","PQ":"10","PV":"10","35":"10","PW":"10","2V":"10","79":"10","MF":"10","F3":"10","GX":"10","C7":"10","FJ":"10","QX":"10","4J":"10","23":"10","JM":"10","GH":"10","J9":"10","CX":"10","M7":"10","87":"10","7G":"10","CF":"10","9G":"10","PR":"10","9J":"10","FP":"10","7H":"10","GF":"10","HP":"10","CR":"10","86":"10","63":"10","C5":"10","GV":"10","R9":"10","M5":"10","GR":"10","F4":"10","2H":"10","3P":"10","4H":"10","WW":"10","J2":"10","VV":"10","HR":"10","FC":"10","HM":"10","CG":"10","MW":"10","76":"10"},"3X":{"6C":"10","6P":"10","2H":"10","23":"10","4M":"10","3J":"10","3P":"10","33":"10","2F":"10","3H":"10","29":"10","2G":"10","6M":"10","3M":"10","5C":"10","38":"10","34":"10","5M":"10","49":"10","5F":"10","4C":"10","3C":"10","48":"10","5J":"10","22":"10","4J":"10","4F":"10","5G":"10","39":"10","47":"10","2M":"10","4G":"10","3F":"10","5H":"10","58":"10","24":"10","4P":"10","4H":"10","2J":"10"},"68":{"PJ":"10","PM":"10"},"3R":{"3R":"10","VG":"10","3Q":"10","7F":"10","RG":"10","7C":"10"},"5M":{"87":"10"},"3P":{"55":"10","4J":"10","4H":"10","54":"10","53":"10","57":"10","47":"10","4G":"10","5C":"10","42":"10","43":"10"},"4W":{"9C":"10","55":"10","56":"10","8C":"10","88":"10","74":"10","9F":"10","78":"10","54":"10","9H":"10","44":"10","CC":"10","79":"10","9G":"10","45":"10","64":"10","99":"10","9J":"10","87":"10","75":"10","89":"10","62":"10","43":"10"},"2V":{"9R":"10","Q7":"10","G6":"10","F6":"10","6R":"10","6C":"10","6V":"10","9P":"10","6G":"10","F5":"10","JC":"10","R7":"10","54":"10","9H":"10","7R":"10","9W":"10","R8":"10","9M":"10","52":"10","42":"10","9V":"10","HC":"10","7J":"10","69":"10","77":"10","MC":"10","QF":"10","MJ":"10","G7":"10","7X":"10","47":"10","JJ":"10","WV":"10","M6":"10","8V":"10","VM":"10","93":"10","46":"10","67":"10","VH":"10","M8":"10","64":"10","48":"10","82":"10","RJ":"10","M9":"10","8R":"10","83":"10","WX":"10","72":"10","9J":"10","45":"10","F7":"10","VP":"10","J9":"10","Q8":"10","QG":"10","33":"10","RG":"10","73":"10","VV":"10","44":"10","H9":"10","7G":"10","VG":"10","4C":"10","92":"10","43":"10","8W":"10","WW":"10","76":"10","VJ":"10","53":"10","49":"10","M7":"10"},"3V":{"5W":"10","7M":"10","3R":"10","4J":"10","4W":"10","3Q":"10","4M":"10","3V":"10","2Q":"10","5V":"10","4V":"10"},"2X":{"V3":"10","P5":"10","Q4":"10","MC":"10","PG":"10","QG":"10","R8":"10","9M":"10","P3":"10","67":"10","Q3":"10","WF":"10","Q7":"10","RM":"10","M8":"10","66":"10","QP":"10","M2":"10","CJ":"10","M6":"10","QF":"10","QM":"10","H2":"10","XC":"10","RQ":"10","QC":"10","8H":"10","VH":"10","PC":"10","H3":"10","Q2":"10","RF":"10","V2":"10","QR":"10","QQ":"10","RP":"10","9H":"10","9P":"10","G2":"10","X2":"10","Q6":"10","XH":"10","G3":"10","WJ":"10","VG":"10","F2":"10","WC":"10","R6":"10","H5":"10","CQ":"10","Q5":"10","MG":"10","8G":"10","WH":"10","RJ":"10","98":"10","P7":"10","CM":"10","CH":"10","48":"10","QJ":"10","J5":"10","W8":"10","P6":"10","W2":"10","P2":"10","R7":"10","Q8":"10","P4":"10","VJ":"10","J4":"10","PM":"10","P8":"10","X7":"10","XJ":"10","M3":"10","PH":"10","VF":"10","H6":"10","J3":"10","RC":"10","C2":"10","V5":"10","RH":"10","G4":"10","PP":"10","PF":"10","38":"10","Q9":"10","RG":"10","J7":"10","W9":"10","P9":"10","WG":"10","PQ":"10","MF":"10","J9":"10","M7":"10","QH":"10","PJ":"10","9G":"10","9J":"10","X9":"10","M9":"10","J6":"10","R9":"10","J8":"10","M5":"10","H4":"10","J2":"10","M4":"10","XG":"10","76":"10"},"2Q":{"G6":"10","6R":"10","97":"10","C7":"10","JC":"10","H8":"10","8P":"10","C4":"10","7R":"10","9W":"10","H6":"10","Q3":"10","Q9":"10","6P":"10","FM":"10","C2":"10","9V":"10","HC":"10","PC":"10","MJ":"10","7P":"10","CX":"10","3X":"10","FJ":"10","9X":"10","C5":"10","CW":"10","8V":"10","7Q":"10","36":"10","93":"10","H2":"10","CJ":"10","8M":"10","H7":"10","2P":"10","26":"10","96":"10","MF":"10","37":"10","C3":"10","7V":"10","95":"10","4F":"10","25":"10","QC":"10","J9":"10","P9":"10","G4":"10","CM":"10","23":"10","8H":"10","H9":"10","3F":"10","27":"10","7M":"10","3W":"10","2X":"10","4C":"10","92":"10","87":"10","28":"10","GH":"10","24":"10","94":"10","JX":"10","6Q":"10","5X":"10","JF":"10","38":"10"},"2R":{"G6":"10","F6":"10","6R":"10","GP":"10","6C":"10","3Q":"10","C4":"10","F8":"10","52":"10","4Q":"10","6P":"10","5R":"10","CQ":"10","C2":"10","32":"10","4R":"10","CF":"10","69":"10","79":"10","77":"10","FV":"10","F3":"10","J8":"10","C6":"10","G8":"10","G7":"10","9X":"10","C5":"10","78":"10","CG":"10","68":"10","93":"10","J7":"10","67":"10","J2":"10","9F":"10","FP":"10","96":"10","C3":"10","74":"10","95":"10","M3":"10","FR":"10","CR":"10","4X":"10","FQ":"10","F7":"10","J9":"10","22":"10","3R":"10","J3":"10","F4":"10","92":"10","87":"10","76":"10","94":"10","F2":"10","6Q":"10","5X":"10","M7":"10"},"4V":{"6X":"10","5Q":"10","6W":"10","4J":"10","4H":"10","5J":"10","6R":"10","4M":"10","6V":"10","5H":"10","5P":"10","5M":"10","4P":"10"},"3W":{"53":"10","56":"10","43":"10","52":"10","42":"10","44":"10","35":"10","7V":"10","9G":"10","76":"10","87":"10","88":"10","8M":"10","48":"10","62":"10","6H":"10","68":"10","77":"10","54":"10","7Q":"10","75":"10","78":"10","55":"10"},"3M":{"4X":"10"}},"44":{"FQ":{"W2":"10","V6":"10","WG":"10","W7":"10","WJ":"10","WF":"10","V3":"10","W5":"10","V5":"10","X8":"10","W4":"10","X6":"10","X3":"10","X4":"10","X7":"10","W6":"10","X2":"10","WH":"10","W3":"10","VJ":"10","X5":"10","VH":"10"},"GV":{"88":"10","87":"10"},"FP":{"WX":"10","CW":"10","CV":"10"},"HG":{"F3":"10","F2":"10","H3":"10","G2":"10","G3":"10","H2":"10"},"GQ":{"28":"10","7H":"10","3C":"10","2C":"10","26":"10","5J":"10","4G":"10","27":"10"},"67":{"96":"10"},"QF":{"X3":"10"},"X3":{"CX":"10","9X":"10"},"X4":{"92":"10","C2":"10"},"GR":{"52":"10","42":"10"},"32":{"FJ":"10","FM":"10","CJ":"10","CM":"10"}},"9M":{"P7":{"2P":"10"}},"5M":{"Q5":{"JQ":"10"}},"C4":{"8W":{"55":"10","63":"10","52":"10","54":"10","44":"10","45":"10","73":"10","42":"10","62":"10"},"8V":{"4X":"10","5X":"10","8V":"10"}},"67":{"MX":{"Q6":"10"},"XQ":{"25":"10"},"22":{"M4":"10"},"WJ":{"6F":"10","6G":"10","6H":"10","5G":"10","5F":"10","5H":"10"},"P3":{"88":"10"},"7W":{"PW":"10","MV":"10","PX":"10","G5":"10","MW":"10"},"7V":{"9R":"10","9Q":"10","CR":"10","CQ":"10"},"7R":{"C7":"10"}},"7F":{"4R":{"M4":"10","M5":"10"},"76":{"MJ":"10","MM":"10"},"8V":{"C2":"10"},"8R":{"CX":"10","7F":"10","3G":"10","HX":"10","4F":"10","3H":"10","3F":"10","GC":"10","4C":"10","9H":"10","5C":"10","3J":"10","4H":"10","FC":"10","7C":"10","8F":"10","CW":"10","9J":"10","5F":"10"},"7R":{"JG":"10","MH":"10","MC":"10","PF":"10","PG":"10","HG":"10","PC":"10","QF":"10","QG":"10","HH":"10","JH":"10","JF":"10","PH":"10","MG":"10","MF":"10"},"G5":{"VX":"10","JP":"10","W5":"10","V7":"10","JQ":"10","Q9":"10","QH":"10","W6":"10","VC":"10","MC":"10","QF":"10","W4":"10","HM":"10","PC":"10","RF":"10","MJ":"10","PF":"10","MP":"10","V8":"10","QJ":"10","W7":"10","MF":"10","V5":"10","V9":"10","MM":"10","PJ":"10","HQ":"10","RH":"10","RC":"10","QC":"10","HP":"10","P9":"10","QG":"10","V4":"10","RG":"10","PH":"10","GM":"10","VF":"10","VG":"10","PM":"10","JM":"10","PG":"10","GJ":"10","RW":"10","RX":"10","HJ":"10","V6":"10"},"RH":{"VP":"10","RP":"10","VM":"10","RM":"10"}},"7X":{"JG":{"69":"10","68":"10","78":"10","79":"10"}},"3H":{"7H":{"P8":"10","M9":"10","M8":"10"}},"66":{"86":{"W5":"10","W6":"10"},"RJ":{"RV":"10"},"J2":{"MG":"10"},"27":{"6P":"10","6M":"10"}},"CJ":{"6G":{"74":"10","45":"10","63":"10","76":"10","84":"10","73":"10","55":"10","54":"10","64":"10","F3":"10","44":"10","46":"10","65":"10","83":"10","75":"10","72":"10","85":"10","66":"10"},"5G":{"V6":"10","RC":"10","RF":"10","W6":"10"},"F5":{"2F":"10","4J":"10","4H":"10","3C":"10","2C":"10","4G":"10"},"79":{"VQ":"10"},"F6":{"2F":"10"},"89":{"2R":"10","2Q":"10"}},"56":{"XP":{"RW":"10","RQ":"10","RR":"10","RH":"10","VW":"10"},"JG":{"72":"10"},"QW":{"3F":"10","4G":"10","4F":"10","4C":"10"},"PW":{"4F":"10","3F":"10","46":"10","29":"10","6P":"10","6M":"10","47":"10"},"MM":{"RC":"10"},"H4":{"GR":"10"},"MW":{"X8":"10","XF":"10"},"C2":{"42":"10"},"FG":{"44":"10","43":"10"},"QQ":{"5X":"10"},"9H":{"7H":"10"},"QR":{"52":"10","62":"10"},"Q6":{"PP":"10","PQ":"10"},"4M":{"5H":"10"},"C8":{"44":"10","45":"10","34":"10"},"6C":{"9C":"10","FP":"10","FQ":"10"},"JF":{"7X":"10"},"HR":{"W5":"10","W6":"10"},"X5":{"RC":"10","RF":"10"},"HW":{"M7":"10"},"PX":{"86":"10"},"85":{"JV":"10"},"QJ":{"V2":"10","V3":"10"},"Q4":{"7H":"10"}},"XC":{"86":{"R7":"10","V8":"10","W5":"10","R9":"10","W3":"10","X3":"10","V7":"10","RF":"10","W6":"10","X6":"10","V9":"10","W4":"10","V5":"10","RC":"10","RH":"10","X4":"10","XC":"10","VC":"10","X2":"10","WC":"10","W9":"10","X7":"10","QG":"10","VF":"10","W2":"10","RG":"10","W7":"10","V4":"10","W8":"10","X9":"10","X8":"10"},"96":{"38":"10","45":"10","25":"10","22":"10","35":"10","54":"10","44":"10","43":"10","42":"10","29":"10","53":"10","27":"10","34":"10","52":"10","36":"10","26":"10","28":"10","32":"10"},"FC":{"Q3":"10","Q2":"10","W3":"10","W2":"10","X2":"10","R5":"10","V2":"10","V5":"10","V3":"10"},"F9":{"JP":"10","PV":"10","QQ":"10","PR":"10","V7":"10","RF":"10","QP":"10","QM":"10","WG":"10","WV":"10","PW":"10","RP":"10","RQ":"10","RJ":"10","VW":"10","RM":"10","QJ":"10","JM":"10","JQ":"10","RV":"10","MM":"10","PJ":"10","VF":"10","VG":"10","PM":"10","QV":"10","WF":"10","RR":"10","QR":"10","W7":"10","W8":"10"},"85":{"XX":"10","XP":"10","VV":"10","WJ":"10","XV":"10","WV":"10","VR":"10","XM":"10","XQ":"10","XH":"10","VX":"10","WQ":"10","XJ":"10","XR":"10","WH":"10","WM":"10","WR":"10","WX":"10","WW":"10","XW":"10","WP":"10","VW":"10"},"95":{"39":"10","6R":"10","6V":"10","5W":"10","3Q":"10","3H":"10","8P":"10","5M":"10","2G":"10","4H":"10","5V":"10","6J":"10","2M":"10","5Q":"10","6P":"10","5R":"10","2Q":"10","3G":"10","7J":"10","4P":"10","8J":"10","3M":"10","7P":"10","7H":"10","3X":"10","2R":"10","2P":"10","2V":"10","2J":"10","3P":"10","7V":"10","4M":"10","3J":"10","4X":"10","3V":"10","2W":"10","3R":"10","5P":"10","3F":"10","7G":"10","7M":"10","3W":"10","2X":"10","4C":"10","5X":"10","49":"10"},"99":{"5F":"10","57":"10","5C":"10","58":"10","6C":"10"}},"78":{"2W":{"4X":"10","5W":"10","3X":"10","3W":"10","5V":"10","4V":"10","4W":"10"},"84":{"R7":"10","R8":"10","H4":"10","W5":"10","QH":"10","HC":"10","MJ":"10","G4":"10","G5":"10","74":"10","Q8":"10","H9":"10","Q7":"10","X5":"10","W6":"10","H5":"10","G8":"10","MG":"10","W4":"10","H8":"10","JJ":"10","VH":"10","HG":"10","JH":"10","RJ":"10","RH":"10","X4":"10","VJ":"10","QJ":"10","JG":"10","G7":"10","RV":"10","H7":"10","QG":"10","G9":"10","VG":"10","W2":"10","QV":"10","73":"10","RG":"10","G6":"10","V2":"10","RR":"10","W7":"10","H6":"10"},"86":{"W2":"10","M6":"10","82":"10","J5":"10","X3":"10","X2":"10","J6":"10","72":"10","W3":"10","M5":"10"},"C6":{"CQ":"10","FM":"10","HJ":"10","HF":"10","JJ":"10","9H":"10","8J":"10","9M":"10","JQ":"10","7P":"10","HH":"10","CR":"10","FJ":"10","9P":"10","8M":"10","8P":"10","9Q":"10","9J":"10","9R":"10"},"3R":{"92":"10","C2":"10"},"M7":{"6F":"10","6G":"10","7H":"10","69":"10","7J":"10"},"92":{"P9":"10","P7":"10","P6":"10","Q9":"10","XC":"10","Q5":"10","R4":"10","P8":"10","P5":"10","Q8":"10","QC":"10","P4":"10","Q6":"10","W9":"10","P3":"10","P2":"10","Q7":"10","R5":"10","R2":"10","WC":"10","R3":"10","Q4":"10"},"95":{"45":"10","25":"10","35":"10","44":"10","57":"10","43":"10","46":"10","42":"10","34":"10","26":"10"},"67":{"F7":"10","2P":"10","6C":"10","5G":"10","2F":"10","2M":"10","5M":"10","C4":"10","67":"10","7F":"10","3F":"10","3H":"10","66":"10","5P":"10","82":"10","5F":"10","FG":"10","56":"10","6P":"10","78":"10","3R":"10","3J":"10","8H":"10","F8":"10","59":"10","68":"10","39":"10","65":"10","4P":"10","6M":"10","C8":"10","C6":"10","89":"10","9H":"10","69":"10","7M":"10","88":"10","7J":"10","4C":"10","3M":"10","F6":"10","8G":"10","8C":"10","75":"10","46":"10","29":"10","5H":"10","49":"10","62":"10","CH":"10","48":"10","5Q":"10","4G":"10","2Q":"10","6H":"10","77":"10","64":"10","84":"10","4F":"10","3Q":"10","5R":"10","28":"10","74":"10","54":"10","3C":"10","9F":"10","F9":"10","4V":"10","73":"10","CC":"10","9C":"10","C9":"10","92":"10","99":"10","FF":"10","C2":"10","93":"10","94":"10","96":"10","7C":"10","8F":"10","4R":"10","38":"10","85":"10","58":"10","95":"10","5J":"10","72":"10","2C":"10","79":"10","C7":"10","4J":"10","4Q":"10","47":"10","7G":"10","87":"10","6J":"10","CF":"10","9G":"10","4M":"10","7H":"10","2J":"10","55":"10","45":"10","86":"10","63":"10","C3":"10","57":"10","C5":"10","5V":"10","2H":"10","83":"10","3P":"10","4H":"10","FC":"10","3G":"10","37":"10","CG":"10","5C":"10","76":"10"},"57":{"XJ":"10","XH":"10"},"J7":{"86":"10","96":"10","85":"10","95":"10"},"G3":{"8X":"10","9X":"10"},"94":{"25":"10","3X":"10","26":"10","36":"10","35":"10","W7":"10","2X":"10","V7":"10","24":"10"},"3Q":{"CX":"10","9X":"10","CW":"10"},"G4":{"56":"10","66":"10","82":"10","95":"10","92":"10","C3":"10","93":"10"},"2X":{"23":"10","33":"10","44":"10","24":"10","43":"10","42":"10","53":"10","34":"10","52":"10","32":"10"},"83":{"XX":"10","X9":"10","XV":"10","XC":"10","WV":"10|3","X8":"10","VR":"3","XM":"10","VG":"10","XH":"10","VQ":"3","XF":"10","WQ":"3","CH":"10","XG":"10","XR":"10","HC":"10","WR":"10|3","WX":"10","VH":"10","XW":"10"},"93":{"5P":"10","7J":"3","6P":"10","2H":"10","2W":"10","6J":"3","56":"10","4M":"10","3J":"10","8G":"3","PR":"10","5Q":"10","7H":"3","3H":"10","29":"10","7F":"3","6M":"3|10","6G":"3","3V":"10","38":"10","3G":"10","4R":"10","8F":"3","PQ":"10","5R":"10","5M":"10","59":"10","2X":"10","5J":"10","2V":"10","4J":"10","6H":"3","4F":"10","5G":"10","39":"10","3R":"10","MR":"10","3F":"10","4G":"10","5H":"10","MQ":"10","4P":"10","4Q":"10","3W":"10","7G":"3","55":"10"},"2R":{"44":"10","33":"10","35":"10","43":"10"},"85":{"PC":"10","V8":"10","R8":"10","R2":"10","WH":"10","R9":"10","QH":"10","QQ":"10","8X":"10","7X":"10","QC":"10","V7":"10","WJ":"10","Q2":"10","XP":"10","XJ":"10","X6":"10","V9":"10","MG":"10","Q9":"10","8W":"10","XM":"10","RC":"10","MF":"10","QF":"10","WM":"10","XQ":"10","VC":"10","WC":"10","W9":"10","X7":"10","WP":"10","PF":"10","PG":"10","XH":"10","V2":"10","7W":"10","RR":"10","W7":"10","W8":"10"},"C4":{"3F":"10","63":"10","2F":"10","3C":"10","64":"10"},"F5":{"X9":"10","X7":"10","W9":"10","W7":"10","W8":"10"},"66":{"CX":"10","9X":"10"}},"8H":{"59":{"6R":"10","7Q":"10","6Q":"10","7R":"10"}},"59":{"Q3":{"8W":"10","9V":"10","8R":"10","8V":"10","9W":"10"},"QH":{"9V":"10","9P":"10","8V":"10","8P":"10"},"PR":{"73":"10","72":"10"},"R5":{"V8":"10","H4":"10","J9":"10","HF":"10","P8":"10","V7":"10","Q8":"10","J6":"10","P9":"10","H5":"10","M9":"10","V9":"10","MC":"10","M5":"10","J4":"10","MF":"10","GF":"10","M4":"10","J8":"10","M8":"10","J5":"10"},"Q8":{"XX":"10","76":"10","86":"10","C6":"10","95":"10","QQ":"10","96":"10","RQ":"10","65":"10","RX":"10","QR":"10","RR":"10","75":"10","85":"10"},"Q5":{"GW":"10","6C":"10","53":"10","43":"10","52":"10","42":"10","33":"10","44":"10","GX":"10","5C":"10","38":"10","28":"10","34":"10","27":"10","5F":"10","6F":"10","FX":"10","64":"10","5G":"10","39":"10","FW":"10","5H":"10","65":"10","4H":"10"},"Q7":{"PR":"10","MQ":"10","JP":"10","MP":"10","PQ":"10","JQ":"10"},"Q6":{"M7":"10","G7":"10","F3":"10","J8":"10","J7":"10","G3":"10","G8":"10","M8":"10","J6":"10","C3":"10","G2":"10","F2":"10"},"Q9":{"XG":"10","X2":"10","XC":"10","XF":"10","WF":"10"},"W4":{"2G":"10","2F":"10","2M":"10"},"PP":{"JC":"10","HF":"10","JH":"10","HH":"10","HG":"10","HM":"10","JJ":"10","JM":"10","JF":"10","HJ":"10"},"H8":{"WG":"10","WJ":"10","VG":"10","XH":"10","XG":"10","XJ":"10","WH":"10","VH":"10"},"HR":{"V5":"10"},"P3":{"X7":"10"},"J7":{"79":"10"},"QJ":{"74":"10","84":"10","82":"10","73":"10","95":"10","94":"10","C5":"10","83":"10","75":"10","93":"10","72":"10","85":"10"},"4F":{"R7":"10","R8":"10"},"G7":{"VC":"10","6G":"10","V9":"10","5G":"10"},"67":{"6F":"10","6G":"10","5G":"10","7G":"10","7F":"10","6M":"10","6J":"10"},"M4":{"3C":"10","39":"10","4C":"10"},"4G":{"6X":"10","6W":"10","7W":"10","4M":"10","7V":"10"},"Q4":{"5P":"10","5X":"10","53":"10","8Q":"10","2C":"10","2H":"10","4X":"10","2W":"10","6J":"10","6Q":"10","56":"10","4M":"10","3J":"10","57":"10","36":"10","2F":"10","3H":"10","7R":"10","29":"10","2G":"10","9P":"10","6M":"10","3M":"10","3V":"10","5C":"10","38":"10","2P":"10","6V":"10","3G":"10","8R":"10","8M":"10","66":"10","5V":"10","5M":"10","49":"10","59":"10","8V":"10","4C":"10","5F":"10","6W":"10","3C":"10","62":"10","48":"10","4W":"10","46":"10","2R":"10","4J":"10","2V":"10","3X":"10","64":"10","4F":"10","5G":"10","39":"10","67":"10","6R":"10","68":"10","54":"10","7Q":"10","2M":"10","4G":"10","3F":"10","5W":"10","58":"10","63":"10","4Q":"10","4P":"10","3W":"10","65":"10","4H":"10","2J":"10","55":"10","8P":"10","2Q":"10"},"P4":{"XP":"10","WJ":"10","XV":"10","XM":"10","XQ":"10","XH":"10","WQ":"10","XG":"10","XJ":"10","XR":"10","WM":"10","WR":"10","XW":"10"},"P5":{"R3":"10"},"V4":{"WJ":"10","XC":"10","VP":"10","VR":"10","XM":"10","VQ":"10","XF":"10","XG":"10","VM":"10","WP":"10"}},"68":{"2H":{"25":"10","22":"10","23":"10","24":"10"},"C8":{"C4":"10","63":"10","F3":"10","54":"10","53":"10","64":"10","G3":"10","G4":"10","F4":"10"},"3P":{"39":"10","38":"10"},"74":{"M4":"10","P4":"10","P5":"10","M5":"10"},"J6":{"P7":"10","R8":"10","R9":"10","Q8":"10","Q7":"10"},"2G":{"2X":"10"},"5C":{"6W":"10","5X":"10","5W":"10","5V":"10","6V":"10"},"2P":{"54":"10","53":"10","44":"10","43":"10"},"88":{"25":"10","C9":"10","CC":"10","CJ":"10","GC":"10","24":"10","8J":"10","9M":"10","F9":"10","CH":"10","C8":"10","FC":"10","9J":"10","G9":"10"},"C7":{"49":"10","4H":"10","3C":"10","5J":"10","39":"10","4C":"10","5H":"10"},"M5":{"88":"10","74":"10","84":"10","76":"10","86":"10","C6":"10","MQ":"10","73":"10","MP":"10","HJ":"10","64":"10","95":"10","98":"10","MJ":"10","96":"10","94":"10","C5":"10","97":"10","65":"10","HH":"10","C8":"10","83":"10","89":"10","75":"10","72":"10","87":"10","85":"10","C4":"10","C7":"10"},"9F":{"WR":"10","XQ":"10","XR":"10","WV":"10"},"99":{"86":"10","76":"10","68":"10","78":"10","77":"10","67":"10"},"J7":{"23":"10","2P":"10","22":"10","5J":"10","3P":"10","24":"10","5H":"10","2M":"10","6F":"10","5C":"10","3J":"10","6C":"10","4H":"10","5F":"10","3M":"10"},"C9":{"RC":"10","RF":"10"},"M6":{"X3":"10","W2":"10","X5":"10","V2":"10","X6":"10","V3":"10"},"H7":{"W2":"10","W4":"10","X3":"10","X4":"10","WQ":"10","RV":"10","X2":"10","XR":"10","W3":"10","WR":"10","X5":"10"},"F9":{"WH":"10","WG":"10"},"77":{"XX":"10"},"CC":{"HX":"10","HV":"10","JV":"10","QR":"10","JX":"10","HW":"10","JW":"10"},"M3":{"MF":"10","MH":"10","MG":"10"},"78":{"W2":"10","W5":"10","W4":"10","X6":"10","X3":"10","X4":"10","X2":"10","W3":"10","X5":"10"},"P6":{"25":"10","37":"10","22":"10","23":"10","45":"10","26":"10","36":"10"},"CF":{"J2":"10"},"73":{"MX":"10","PW":"10","PX":"10","MW":"10"},"H6":{"XX":"10"},"2J":{"2P":"10","3P":"10"}},"39":{"QJ":{"P3":"10","P2":"10","92":"10","93":"10"},"W4":{"54":"10","53":"10"},"CQ":{"CW":"10"},"Q7":{"V9":"10","J3":"10","R5":"10","R4":"10","V7":"10","M3":"10"}},"V8":{"FG":{"3J":"10","3M":"10","4G":"10"}},"65":{"Q3":{"39":"10","VX":"10","6R":"10","GP":"10","6V":"10","FG":"10","6G":"10","8P":"10","9H":"10","9W":"10","6W":"10","FM":"10","7W":"10","7J":"10","CF":"10","8J":"10","6H":"10","7P":"10","GQ":"10","CX":"10","FJ":"10","7X":"10","9X":"10","CG":"10","CW":"10","8V":"10","9G":"10","7Q":"10","36":"10","PX":"10","FP":"10","37":"10","48":"10","7V":"10","8Q":"10","FR":"10","CP":"10","F9":"10","4X":"10","FQ":"10","GM":"10","8H":"10","27":"10","7M":"10","FW":"10","28":"10","CH":"10","RX":"10","QX":"10","5X":"10","FH":"10","38":"10"},"R2":{"VV":"10","XV":"10","WV":"10","VR":"10","XR":"10","WX":"10","WW":"10","XW":"10","VW":"10"},"6C":{"C2":"10"},"W5":{"QX":"10","VV":"10","QW":"10","PW":"10","PR":"10","VR":"10","QQ":"10","RM":"10","VQ":"10","VX":"10","RQ":"10","RJ":"10","QR":"10","PQ":"10","VM":"10","WX":"10","PX":"10","VW":"10"},"C8":{"HR":"10"},"W3":{"QX":"10","RX":"10"},"9H":{"X3":"10","W3":"10"},"MP":{"5C":"10"},"X3":{"CV":"10","H4":"10","CW":"10","G5":"10","9W":"10","J6":"10","CR":"10","76":"10","G2":"10","J3":"10","FQ":"10","H2":"10","HM":"10","86":"10","85":"10","9X":"10","62":"10","J7":"10","CX":"10","9V":"10","77":"10","FR":"10","75":"10","FV":"10","GR":"10","J8":"10","GJ":"10","J5":"10","73":"10","GV":"10","H3":"10","GM":"10"},"R5":{"WR":"10","WQ":"10","WV":"10"},"Q2":{"QM":"10","VV":"10","WV":"10","PM":"10","RP":"10","VR":"10","QP":"10","QQ":"10","VQ":"10","RQ":"10","WQ":"10","RR":"10","WR":"10","QJ":"10","PP":"10"},"R4":{"Q7":"10","G6":"10","F6":"10","R2":"10","W5":"10","F5":"10","J4":"10","V2":"10","C4":"10","H6":"10","M5":"10","Q3":"10","C2":"10","P4":"10","Q2":"10","P7":"10","H5":"10","W4":"10","G2":"10","G5":"10","G7":"10","93":"10","R5":"10","Q4":"10","R6":"10","C3":"10","82":"10","G3":"10","83":"10","M3":"10","M2":"10","F7":"10","Q8":"10","M4":"10","G4":"10","X5":"10","P2":"10","P3":"10","Q6":"10","J3":"10","F4":"10","R4":"10","Q5":"10","92":"10","94":"10","V3":"10","P6":"10","X4":"10"},"W6":{"W2":"10","V2":"10"},"88":{"2J":"10","2H":"10"},"G8":{"6R":"10","5R":"10"},"W4":{"P2":"10","R2":"10","R9":"10","Q5":"10","38":"10","Q6":"10","MC":"10","MG":"10","37":"10","27":"10","3C":"10","P3":"10","VH":"10","MF":"10","RH":"10","M2":"10","VG":"10","P4":"10","M8":"10","P6":"10","RG":"10","P5":"10","P7":"10"},"H8":{"GG":"10","GH":"10","FG":"10","GM":"10"},"V5":{"9X":"10"},"27":{"GQ":"10"},"P3":{"R7":"10","V6":"10","MH":"10","W5":"10","R6":"10","V5":"10","X8":"10","Q5":"10","MJ":"10","W4":"10","X6":"10","X7":"10","Q6":"10","W6":"10","FC":"10","V4":"10","Q7":"10","X5":"10","R5":"10","Q4":"10"},"QF":{"CP":"10"},"J7":{"CQ":"10","CP":"10","5P":"10","GP":"10","6Q":"10","5Q":"10","6P":"10","9P":"10","9Q":"10","6M":"10","6J":"10"},"X4":{"94":"10","MX":"10","H5":"10","86":"10","H4":"10","3F":"10","3C":"10","87":"10","JX":"10","MW":"10"},"V3":{"CV":"10","9Q":"10","8Q":"10","2W":"10","CM":"10","6J":"10","9H":"10","CW":"10","QQ":"10","8X":"10","7X":"10","QX":"10","42":"10","33":"10","7V":"10","7P":"10","QP":"10","CH":"10","CR":"10","9P":"10","6M":"10","8J":"10","QM":"10","CJ":"10","8R":"10","8W":"10","PW":"10","RP":"10","9X":"10","RQ":"10","RH":"10","9J":"10","CX":"10","32":"10","9V":"10","PX":"10","RM":"10","QW":"10","6H":"10","RV":"10","9M":"10","7Q":"10","CQ":"10","8H":"10","7M":"10","QV":"10","RG":"10","7W":"10","RR":"10","8P":"10"},"R3":{"QX":"10","4R":"10","5W":"10","6W":"10","QW":"10","PW":"10","W5":"10","V5":"10","QQ":"10","MX":"10","PV":"10","VX":"10","RV":"10","QR":"10","QV":"10","RR":"10","RW":"10","V4":"10","PX":"10","9R":"10"},"X2":{"HX":"10","GP":"10","R2":"10","XC":"10","XH":"10","QW":"10","W5":"10","V7":"10","V2":"10","R8":"10","XM":"10","Q3":"10","QR":"10","PW":"10","W6":"10","VC":"10","W4":"10","WG":"10","WM":"10","RQ":"10","RF":"10","WH":"10","WF":"10","WJ":"10","QV":"10","GQ":"10","R3":"10","XP":"10","X9":"10","W8":"10","VM":"10","PQ":"10","WP":"10","X3":"10","V8":"10","VH":"10","R5":"10","W7":"10","W9":"10","V5":"10","V9":"10","QQ":"10","Q4":"10","R6":"10","GX":"10","MM":"10","HW":"10","WC":"10","XJ":"10","GR":"10","R9":"10","GV":"10","RC":"10","HV":"10","XG":"10","W3":"10","MR":"10","XF":"10","X6":"10","PR":"10","V4":"10","X5":"10","PV":"10","X2":"10","MQ":"10","VF":"10","VG":"10","JM":"10","R4":"10","W2":"10","VJ":"10","V6":"10","V3":"10","RR":"10","X4":"10"},"JM":{"8W":"10"},"X7":{"F2":"10"},"68":{"HX":"10","RH":"10"},"69":{"FF":"10","JG":"10","QX":"10","QW":"10","PW":"10","HG":"10","GF":"10","FG":"10","H2":"10","JH":"10","GG":"10","HC":"10","PX":"10"},"M6":{"FM":"10","GM":"10"},"F9":{"2J":"10","2G":"10","3H":"10","4J":"10","3J":"10","4H":"10","2F":"10"},"VG":{"94":"10","C4":"10","C5":"10","95":"10"},"Q4":{"55":"10","R2":"10","W5":"10","54":"10","V2":"10","75":"10","Q3":"10","56":"10","52":"10","42":"10","P4":"10","W6":"10","Q2":"10","VC":"10","W4":"10","R3":"10","3C":"10","2C":"10","63":"10","R5":"10","26":"10","V5":"10","V9":"10","Q4":"10","R6":"10","29":"10","74":"10","82":"10","66":"10","83":"10","72":"10","R9":"10","4F":"10","RC":"10","45":"10","W3":"10","V4":"10","73":"10","P2":"10","44":"10","3F":"10","P3":"10","65":"10","84":"10","R4":"10","Q5":"10","4C":"10","92":"10","43":"10","28":"10","76":"10","V6":"10","V3":"10","62":"10","53":"10"},"P4":{"X9":"10","XC":"10","WC":"10","W9":"10","XF":"10","WF":"10"},"JR":{"HJ":"10"},"78":{"XJ":"10"},"J8":{"Q3":"10","H4":"10","C4":"10","F5":"10","R5":"10","G5":"10","Q4":"10","P4":"10","C5":"10","G6":"10","P5":"10","F6":"10","G3":"10","R4":"10","G4":"10","Q5":"10","F4":"10","V4":"10","V3":"10"},"W2":{"94":"10","92":"10","C3":"10","93":"10"},"M8":{"23":"10","33":"10","34":"10","24":"10"},"V2":{"2W":"10","3X":"10","3R":"10","4X":"10","3Q":"10","2V":"10","3V":"10","2R":"10","3W":"10"},"JC":{"F8":"10"},"V4":{"P2":"10","Q3":"10","53":"10","82":"10","92":"10","QC":"10","74":"10","83":"10","84":"10","Q9":"10","F6":"10","72":"10","C6":"10","85":"10","P3":"10","75":"10","73":"10","93":"10"},"2J":{"CC":"10"}},"7P":{"XP":{"66":"10","65":"10","75":"10"},"7W":{"22":"10","68":"10","67":"10","57":"10","43":"10","42":"10","53":"10","52":"10"},"7V":{"4X":"10","9Q":"10","5X":"10","5W":"10","3W":"10","9P":"10","3V":"10","5V":"10","2X":"10","4V":"10","4R":"10","2W":"10","4W":"10"},"VV":{"XP":"10","XM":"10","VG":"10","RG":"10","RM":"10","RJ":"10","RF":"10","XR":"10","VM":"10","VJ":"10","VH":"10","RH":"10","WP":"10"},"GX":{"VQ":"10"},"R8":{"6F":"10","6G":"10","6H":"10","5G":"10","7G":"10","5H":"10"},"XM":{"CX":"10","FW":"10","9V":"10","9X":"10","CW":"10","CR":"10","FV":"10","9W":"10","CV":"10"},"QQ":{"JW":"10","JV":"10"},"WW":{"44":"10","33":"10","42":"10","34":"10","43":"10"}},"6X":{"W2":{"2G":"10","5V":"10","4M":"10","5R":"10","2V":"10","2W":"10","5P":"10","4P":"10"},"V2":{"PV":"10","PW":"10","XW":"10","XV":"10","QW":"10","QV":"10"},"9M":{"9H":"10","8H":"10"}},"6M":{"87":{"Q3":"10","R3":"10","M4":"10","R2":"10","Q4":"10","V3":"10"}},"42":{"RW":{"QF":"10","QC":"10","Q6":"10","J2":"10","RC":"10","PC":"10","RF":"10"},"HX":{"PW":"10"},"F5":{"XW":"10","WW":"10","WX":"10","XX":"10"},"4J":{"MP":"10","PP":"10","MM":"10","PM":"10"},"5W":{"57":"10","47":"10","58":"10","48":"10"},"RV":{"JQ":"10"},"F6":{"W5":"10","W2":"10","X2":"10","V2":"10","W4":"10","W7":"10","W8":"10","V4":"10","V3":"10"},"R4":{"2F":"10"},"M5":{"52":"10"},"29":{"76":"10","77":"10"}},"89":{"6P":{"3R":"10","4X":"10","3W":"10","3V":"10","2V":"10","4V":"10","4W":"10"},"6Q":{"VF":"10","38":"10","42":"10","48":"10","43":"10"}},"9P":{"6V":{"6W":"10","7W":"10","8R":"10","8V":"10"}},"25":{"8F":{"HW":"10","HX":"10","F5":"10","GW":"10","F3":"10","GX":"10","G3":"10","G4":"10","F4":"10"},"8G":{"Q3":"10","H4":"10","P8":"10","R5":"10","J6":"10","Q5":"10","Q7":"10","J3":"10","Q6":"10","H2":"10","V6":"10","H5":"10","R6":"10","M5":"10","V5":"10","J4":"10","M7":"10","J2":"10","J7":"10","R3":"10","M4":"10","M6":"10","M3":"10","P4":"10","J8":"10","M8":"10","J5":"10","P6":"10","P5":"10","P7":"10","H6":"10"}},"7M":{"HW":{"RQ":"10","RR":"10","RV":"10","QR":"10","QQ":"10","QV":"10"},"X2":{"P9":"10","XP":"10","WJ":"10","W5":"10","X8":"10","M7":"10","XM":"10","X7":"10","M8":"10","W6":"10","WH":"10","VJ":"10","VH":"10"}},"36":{"Q2":{"2W":"10"},"M7":{"8G":"10"},"P3":{"W2":"10"},"XW":{"4Q":"10"},"9P":{"5F":"10","4J":"10"},"H9":{"8W":"10"},"XX":{"VH":"10","H6":"10","RG":"10","M8":"10","VF":"10","WM":"10"},"8Q":{"89":"10"},"HJ":{"VV":"10","WV":"10"}},"8Q":{"5Q":{"XG":"10","XF":"10"},"7M":{"4J":"10","4H":"10","3J":"10","3G":"10","3H":"10","4G":"10","4M":"10"},"6P":{"G5":"10","F7":"10","44":"10","35":"10","98":"10","J3":"10","H5":"10","45":"10","C7":"10","34":"10","49":"10","C6":"10","4C":"10","3C":"10","99":"10","4F":"10","G7":"10","39":"10","M2":"10","3F":"10","M3":"10"},"6M":{"8J":"10","7H":"10","4J":"10","3J":"10","9P":"10","7P":"10","9M":"10","8H":"10","9J":"10","7M":"10","8M":"10","8P":"10","7J":"10"},"6Q":{"2G":"10","2F":"10"},"5P":{"X3":"10","VP":"10","RP":"10","X4":"10","VM":"10","QP":"10","QQ":"10","RM":"10"}},"34":{"55":{"5Q":"10","4Q":"10","2C":"10","5R":"10","4V":"10","4R":"10"},"37":{"GG":"10"},"H7":{"XQ":"10","XP":"10"},"56":{"WW":"10","WV":"10"},"8H":{"8C":"10","89":"10"},"36":{"35":"10","34":"10"},"F7":{"QQ":"10"},"W9":{"4R":"10"},"V7":{"R9":"10","RC":"10"},"V3":{"J7":"10","J6":"10","H7":"10","H6":"10"}},"CP":{"CJ":{"98":"10","7F":"10"},"24":{"92":"10","C2":"10"}},"88":{"6F":{"22":"10","33":"10","32":"10","42":"10","43":"10"},"H4":{"WH":"10","VH":"10","WG":"10"},"22":{"PG":"10"},"RJ":{"HF":"10","HG":"10","MC":"10"},"X4":{"XJ":"10","XM":"10","XV":"10","XP":"10","WW":"10","XR":"10","WX":"10","XX":"10","WV":"10"},"33":{"Q7":"10","G2":"10","V7":"10"},"32":{"M6":"10","FF":"10","M7":"10","HF":"10","G7":"10","GF":"10","GC":"10","J7":"10","G8":"10","J6":"10","M9":"10","FC":"10","H8":"10","HC":"10","H9":"10"}},"6G":{"25":{"CR":"10","CV":"10"},"J5":{"M5":"10"},"J3":{"VC":"10"},"F4":{"RF":"10"},"6V":{"94":"10","84":"10","83":"10","96":"10","82":"10","95":"10"},"27":{"22":"10","23":"10"},"26":{"2X":"10"}},"7J":{"WR":{"RR":"10","X6":"10"},"XQ":{"PC":"10","CV":"10","R7":"10","MX":"10","GW":"10","P8":"10","WX":"10","W3":"10","RW":"10","JX":"10","X3":"10","QC":"10","7R":"10","Q8":"10","7V":"10","XP":"10","VX":"10","Q7":"10","CR":"10","WR":"10","GX":"10","P9":"10","X5":"10","X6":"10","R6":"10","Q9":"10","W4":"10","JW":"10","M7":"10","P3":"10","QF":"10","FX":"10","VW":"10","X4":"10","X2":"10","FW":"10","QG":"10","WP":"10","PF":"10","PG":"10","VV":"10","W2":"10","P5":"10","V2":"10","7W":"10","P7":"10"},"XM":{"J5":"10"},"63":{"C2":"10"},"X9":{"4H":"10","9F":"10"},"XW":{"R2":"10","PV":"10","MX":"10","F8":"10","W3":"10","JV":"10","PR":"10","X3":"10","F7":"10","Q2":"10","WJ":"10","XJ":"10","MW":"10","FQ":"10","WQ":"10","XW":"10","PQ":"10","W4":"10","PW":"10","XM":"10","MV":"10","X4":"10","9V":"10","V3":"10","XQ":"10","R3":"10","X2":"10","X7":"10","FR":"10","CQ":"10","MR":"10","W2":"10","V2":"10","V4":"10"},"XV":{"XW":"10","VX":"10","GP":"10","H3":"10","HG":"10","RM":"10","P5":"10","F5":"10","J4":"10","PP":"10","VR":"10","Q3":"10","Q9":"10","QH":"10","P4":"10","MC":"10","QF":"10","HM":"10","PC":"10","J8":"10","G2":"10","VW":"10","QV":"10","HH":"10","G5":"10","GQ":"10","JJ":"10","RP":"10","QP":"10","VM":"10","J7":"10","QJ":"10","M8":"10","Q4":"10","H4":"10","RJ":"10","M9":"10","QM":"10","GR":"10","WX":"10","HQ":"10","RH":"10","QC":"10","HP":"10","VP":"10","J9":"10","P9":"10","Q8":"10","QG":"10","P2":"10","VV":"10","XX":"10","GM":"10","P3":"10","H9":"10","J3":"10","JM":"10","WW":"10","RX":"10","HR":"10","P6":"10","M7":"10"},"XP":{"WX":"10","QH":"10","VQ":"10","VM":"10","VX":"10","WR":"10","WQ":"10","XW":"10","XX":"10","WV":"10","VP":"10","WW":"10","VW":"10","WM":"10","RM":"10","WP":"10","VV":"10","VR":"10"},"XR":{"HX":"10","HV":"10","J2":"10","GV":"10","F3":"10","H5":"10","M3":"10","FW":"10","G3":"10","J3":"10","M2":"10","JQ":"10","JP":"10","GR":"10","F4":"10","G4":"10","G6":"10","HR":"10","G2":"10","H6":"10","HW":"10","G5":"10","PX":"10","F2":"10","M4":"10","MG":"10","F5":"10"},"XX":{"XC":"10","FG":"10","RM":"10","9P":"10","W5":"10","R7":"10","9H":"10","F8":"10","GF":"10","9M":"10","QH":"10","W6":"10","HC":"10","CF":"10","CC":"10","W4":"10","WM":"10","RF":"10","HF":"10","WF":"10","8J":"10","FJ":"10","CG":"10","9G":"10","VM":"10","WP":"10","CJ":"10","GG":"10","V5":"10","R6":"10","RJ":"10","GC":"10","WC":"10","CP":"10","9J":"10","F9":"10","RH":"10","FC":"10","F7":"10","VP":"10","X6":"10","QG":"10","CM":"10","RG":"10","FF":"10","VF":"10","VG":"10","CH":"10","C9":"10","G9":"10","C8":"10","FH":"10"},"WV":{"RW":"10","9Q":"10"},"WP":{"MQ":"10","9H":"10","5W":"10"}},"8G":{"7G":{"XP":"10","82":"10","H3":"10","33":"10","22":"10","W5":"10","G7":"10","F7":"10","F8":"10","C2":"10","F3":"10","W4":"10","X6":"10","X4":"10","G8":"10","H2":"10","W6":"10","C3":"10","83":"10","G6":"10","X5":"10","G5":"10","32":"10","F6":"10","F5":"10"},"7F":{"5X":"10","6P":"10","7J":"10","6Q":"10","8X":"10","7X":"10","5Q":"10","3P":"10","7P":"10","8R":"10","4R":"10","6X":"10","5V":"10","5R":"10","8V":"10","6W":"10","4W":"10","3X":"10","4V":"10","9M":"10","7Q":"10","5W":"10","7M":"10","4Q":"10","7W":"10","8P":"10"},"2C":{"6C":"10","2C":"10","25":"10","23":"10","36":"10","33":"10","2F":"10","35":"10","29":"10","76":"10","38":"10","28":"10","86":"10","26":"10","34":"10","37":"10","27":"10","85":"10","22":"10","32":"10","39":"10","69":"10","75":"10","24":"10","89":"10"},"8G":{"2P":"10","39":"10","3M":"10","2M":"10","38":"10","3P":"10"},"29":{"5X":"10","5W":"10","3X":"10","3W":"10","3V":"10","2R":"10","2V":"10","2X":"10","2W":"10","4W":"10"}},"75":{"8J":{"69":"10","59":"10","5C":"10","6C":"10"},"55":{"96":"10"},"22":{"C5":"10","J9":"10","HF":"10","2H":"10","25":"10","23":"10","GG":"10","36":"10","R5":"10","2F":"10","35":"10","98":"10","R4":"10","9C":"10","38":"10","JF":"10","97":"10","26":"10","C7":"10","R6":"10","FF":"10","37":"10","C6":"10","96":"10","85":"10","3C":"10","48":"10","46":"10","95":"10","GH":"10","C4":"10","GF":"10","39":"10","C9":"10","47":"10","CC":"10","3F":"10","24":"10","FG":"10","CF":"10","JC":"10","2J":"10"},"3F":{"66":"10"},"63":{"2P":"10","3J":"10","2J":"10","3M":"10","2M":"10","2Q":"10","3P":"10"},"66":{"64":"10"},"54":{"59":"10"},"53":{"XJ":"10","XQ":"10","XM":"10","XP":"10"},"C5":{"6X":"10"},"5R":{"42":"10"},"7Q":{"23":"10"},"4V":{"9H":"10","7P":"10","8H":"10","9J":"10","8Q":"10","8P":"10"},"FR":{"86":"10","78":"10","77":"10","87":"10"},"5P":{"6X":"10"}},"46":{"2W":{"W2":"10"},"QW":{"XQ":"10","3F":"10"},"33":{"9X":"10"},"GQ":{"HQ":"10","MQ":"10","MP":"10","JR":"10","PQ":"10","JQ":"10","HR":"10"},"XM":{"JH":"10","JG":"10","H3":"10"},"PQ":{"XW":"10","WW":"10","WX":"10","XX":"10"},"2V":{"WX":"10"},"XJ":{"JW":"10","JX":"10"},"WH":{"PV":"10","MV":"10"},"34":{"94":"10","C5":"10","95":"10","92":"10"},"8F":{"W4":"10","V4":"10"},"RW":{"2Q":"10","4P":"10"}},"27":{"PR":{"VC":"10"},"6G":{"J6":"10","J5":"10"},"7H":{"FW":"10","GX":"10","FX":"10"},"8Q":{"98":"10"},"6M":{"GG":"10","HG":"10"},"7J":{"99":"10","F2":"10"}},"29":{"JW":{"JW":"10","HW":"10","C9":"10"},"8J":{"73":"10"},"8H":{"6X":"10","4Q":"10","7X":"10","6M":"10","4R":"10"},"JX":{"J5":"10"}},"49":{"VQ":{"WC":"10"},"74":{"48":"10"},"WW":{"PV":"10","PW":"10"},"WX":{"FM":"10","GG":"10","HG":"10"},"33":{"2C":"10"},"XX":{"56":"10","66":"10","65":"10","67":"10"},"QR":{"5X":"10","7W":"10","5V":"10","7X":"10","6V":"10"},"WV":{"HQ":"10","JP":"10","JQ":"10","HP":"10"},"QV":{"63":"10","52":"10","9X":"10","9W":"10","62":"10"}},"5H":{"PC":{"8V":"10","MC":"10","PG":"10","QG":"10","JR":"10","8J":"10","R8":"10","HC":"10","JQ":"10","JW":"10","9M":"10","GG":"10","JF":"10","H8":"10","FX":"10","WF":"10","RM":"3","QP":"10","V9":"10","CJ":"10","GQ":"10","QF":"10","WP":"10","RQ":"10","78":"10","QC":"10","8H":"10","VH":"10","HF":"10","FW":"10","JP":"10","V8":"10","9W":"10","RF":"10","QQ":"10","GW":"10","RP":"10","89":"10","HW":"10","9P":"10","25":"10","FQ":"10","FH":"10","8Q":"10","WJ":"10","VC":"10","VG":"10","CP":"10","88":"10","9R":"10","WC":"10","HQ":"10","CQ":"10","MG":"10","8G":"10","8C":"10","FR":"10","75":"10","WH":"10","46":"10","27":"10","HX":"10","RJ":"10|3","98":"10","JC":"10","43":"10","P7":"10","CM":"10","QJ":"10","6Q":"10","77":"10","MH":"10","W8":"10","7Q":"10","84":"10","8M":"10","VJ":"10","9X":"10","G8":"10","PM":"10","JH":"10","74":"10","P8":"10","VQ":"10","9F":"10","HV":"10","8R":"10","W7":"10","F9":"10","PH":"10","VF":"10","CC":"10","GJ":"10","9C":"10","8P":"10","97":"10","9V":"10","FM":"10","JG":"10","JV":"10","GM":"10","FF":"10","99":"10","RC":"10","RH":"10","PP":"10","8F":"10","WQ":"10","9Q":"10","PF":"10","MR":"10","85":"10","RG":"10","CW":"10","J7":"10","W9":"10","FV":"10","P9":"10","WG":"10","CV":"10","GP":"10","PQ":"10","2C":"10","26":"10","MF":"10","FJ":"10","VP":"10","23":"10","GH":"10","J9":"10","CX":"10","QH":"10","PJ":"10","87":"10","CF":"10","9G":"10","9J":"10","FP":"10","M9":"10","HP":"10","CR":"10","86":"10","GV":"10","R9":"10","J8":"10","GR":"10","WM":"10","8X":"10","HR":"10","FC":"10","CG":"10","76":"10","MW":"10","22":"10"},"R7":{"CW":"10","CR":"10","CQ":"10","FR":"10","FQ":"10"},"R8":{"F5":"10","HF":"10","F8":"10","JV":"10","G4":"10","G5":"10","F7":"10","Q8":"10","CH":"10","JF":"10","FQ":"10","HM":"10","CJ":"10","H5":"10","MH":"10","G8":"10","M9":"10","F6":"10","FM":"10","H8":"10","JW":"10","99":"10","HV":"10","JH":"10","HG":"10","GH":"10","G7":"10","HH":"10","FH":"10","H7":"10","FP":"10","HQ":"10","GR":"10","GJ":"10","FG":"10","G6":"10","GV":"10","GQ":"10","JC":"10","GM":"10","H6":"10"},"R9":{"X9":"10","MV":"10","PW":"5","XC":"10","MW":"5","MX":"5","RC":"10","WC":"10","PX":"5"},"MP":{"W2":"10","X2":"10","V2":"10","R2":"10"},"R5":{"8X":"10"},"QC":{"X3":"10"},"2F":{"2J":"10","2H":"10"},"7R":{"HQ":"10","GP":"10","GQ":"10","HR":"10"},"H9":{"XG":"10","XH":"10","WH":"10","WG":"10","WF":"10"},"P9":{"7H":"10","7G":"10","7F":"10","2V":"10","2X":"10","2W":"10"},"M9":{"XW":"10","WX":"10","XX":"10"},"V9":{"6M":"10"},"R6":{"8J":"10"},"MC":{"W2":"10","X9":"10","W7":"10","XC":"10","V3":"10","W5":"10","M3":"10","W4":"10","X6":"10","P5":"10","VQ":"10","X4":"10","X7":"10","P4":"10","W6":"10","X2":"10","P3":"10","VM":"10","W3":"10","X5":"10","VH":"10","M4":"10","M5":"10"},"MG":{"HF":"10","6V":"10"},"M5":{"QM":"10","RM":"10","PM":"10"},"Q9":{"Q2":"10","R3":"10"},"8W":{"GJ":"10","PM":"10","MM":"10","MP":"10","PV":"10","HQ":"10","HR":"10","PP":"10"},"PP":{"25":"10","22":"10","32":"10"},"JJ":{"CG":"10","CH":"10"},"4C":{"2C":"10","26":"10","39":"10","38":"10","35":"10","27":"10","34":"10","29":"10"},"RC":{"94":"10","C4":"10","23":"10"},"3C":{"R7":"10","V6":"10","W7":"10","R6":"10","J5":"10","V7":"10","W6":"10","J6":"10","M9":"10","J9":"10"},"MM":{"JP":"10","V8":"10","R8":"10","PV":"10","XG":"10","WH":"10","WX":"10","W5":"10","R9":"10","F8":"10","CM":"10","RW":"10","QQ":"10","PR":"10","MP":"10","RX":"10","XJ":"10","XP":"10","VX":"10","CH":"10","GP":"10","FQ":"10","W6":"10","CJ":"10","HM":"10","V6":"10","V9":"10","WG":"10","PQ":"10","FM":"10","V5":"10","XM":"10","RC":"10","VH":"10","RJ":"10","VW":"10","RH":"10","CP":"10","XQ":"10","VC":"10","RM":"10","QW":"10","JM":"10","RV":"10","F9":"10","FP":"10","QG":"10","WP":"10","CC":"10","VF":"10","MR":"10","PG":"10","VG":"10","VV":"10","MQ":"10","FC":"10","XH":"10","QV":"10","CF":"10","WF":"10","QR":"10","GM":"10","HP":"10","CG":"10"},"PJ":{"6P":"10","6J":"10","6Q":"10","56":"10","8X":"10","7X":"10","52":"10","57":"10","7R":"10","7V":"10","7P":"10","6M":"10","5C":"10","8W":"10","59":"10","5F":"10","62":"10","64":"10","6H":"10","5G":"10","7Q":"10","5H":"10","58":"10","63":"10","65":"10","7W":"10","55":"10"},"PF":{"MG":"10","9R":"10","GP":"10","JP":"10","MH":"10","FG":"10","JG":"10","HG":"10","9P":"10","F5":"10","9C":"10","JH":"10","54":"10","8P":"10","9H":"10","7R":"10","GF":"10","9W":"10","9M":"10","89":"10","FM":"10","CQ":"10","C2":"10","P4":"10","9V":"10","CF":"10","CC":"10","FV":"10","HM":"10","F3":"10","HF":"10","7P":"10","HH":"10","CV":"10","GQ":"10","FJ":"10","JJ":"10","C5":"10","CG":"10","CW":"10","8V":"10","9G":"10","7Q":"10","93":"10","CJ":"10","GG":"10","8M":"10","9F":"10","FP":"10","MF":"10","Q4":"10","C3":"10","82":"10","66":"10","GC":"10","8R":"10","GR":"10","8Q":"10","FR":"10","GV":"10","CP":"10","8G":"10","9J":"10","HQ":"10","7F":"10","CR":"10","FC":"10","FQ":"10","HP":"10","G4":"10","CM":"10","73":"10","FF":"10","GM":"10","44":"10","F4":"10","7G":"10","JM":"10","92":"10","FW":"10","GJ":"10","8W":"10","CH":"10","76":"10","GH":"10","F2":"10","HJ":"10","9Q":"10","JF":"10","FH":"10"},"PG":{"45":"10","33":"10","55":"10","54":"10","44":"10","65":"10","28":"10","32":"10"},"PM":{"9Q":"10","5P":"10","5X":"10","6P":"10","2H":"10","6J":"10","6Q":"10","82":"10","4M":"10","5Q":"10","74":"10","83":"10","9P":"10","6M":"10","76":"10","84":"10","5C":"10","2P":"10","CJ":"10","4R":"10","66":"10","5V":"10","72":"10","5M":"10","85":"10","59":"10","5F":"10","2X":"10","4C":"10","6W":"10","4W":"10","9J":"10","5J":"10","4J":"10","3X":"10","64":"10","6H":"10","4F":"10","5G":"10","67":"10","68":"10","4V":"10","69":"10","9M":"10","77":"10","2M":"10","75":"10","4G":"10","5W":"10","5H":"10","58":"10","4Q":"10","73":"10","3W":"10","65":"10","4H":"10","2J":"10"}},"98":{"37":{"G2":"10"},"36":{"FM":"10","9H":"10","CG":"10","9G":"10","GX":"10","9J":"10","FP":"10"},"24":{"2J":"10","2M":"10","2R":"10"}},"62":{"3V":{"8W":"10","8X":"10","7W":"10","7X":"10"},"9G":{"28":"10","37":"10","39":"10","38":"10","29":"10"}},"43":{"W2":{"3W":"10"},"PJ":{"3F":"10","4J":"10","4H":"10","3C":"10","3H":"10","4M":"10"},"7W":{"9H":"10","9G":"10"},"W7":{"RV":"10","QR":"10","QV":"10"},"25":{"52":"10","62":"10"},"PM":{"4X":"10","5X":"10"},"G7":{"2V":"10"},"HG":{"22":"10"},"XM":{"QJ":"10","QH":"10"},"JJ":{"5Q":"10","5P":"10"},"24":{"6X":"10","5X":"10"},"CH":{"G8":"10","G7":"10"},"2F":{"7R":"10"},"QV":{"CC":"10","C9":"10"},"J6":{"9C":"10","86":"10","8F":"10","8C":"10","88":"10","7P":"10","99":"10","87":"10","89":"10","CH":"10"},"69":{"4Q":"10","5V":"10","5R":"10","4R":"10"},"WM":{"88":"10","87":"10"},"W3":{"57":"10"},"V4":{"63":"10"},"85":{"XQ":"10"},"VW":{"8C":"10","7C":"10"},"PP":{"52":"10","54":"10","53":"10","44":"10","42":"10","43":"10"},"66":{"25":"10","35":"10","34":"10"}},"48":{"2G":{"6W":"10","7W":"10","6V":"10","7V":"10"},"M6":{"MX":"10"},"CW":{"R7":"10"},"75":{"VR":"10"}},"4G":{"WG":{"XW":"10","VX":"10","WW":"10","XV":"10","XR":"10","WX":"10","XX":"10","VW":"10","WV":"10"},"H3":{"Q6":"10","P4":"10","Q4":"10","Q5":"10"},"XH":{"JP":"10","CV":"10","6P":"10","QH":"10","6Q":"10","MJ":"10","5Q":"10","7P":"10","CR":"10","3V":"10","FQ":"10","2P":"10","4R":"10","RH":"10","2R":"10","2V":"10","9V":"10","QJ":"10","JM":"10","MM":"10","PJ":"10","PH":"10","FR":"10","3R":"10","VF":"10","VG":"10","HQ":"10","4Q":"10","RG":"10","WF":"10","GQ":"10","HP":"10","2Q":"10"},"J3":{"XJ":"10"},"J4":{"W3":"10","W4":"10","W6":"10"},"XF":{"7M":"10","9G":"10","CG":"10","HF":"10","HG":"10","GF":"10","CJ":"10","FG":"10","7J":"10","9H":"10","8J":"10","8H":"10","FH":"10","CH":"10","GG":"10"},"H2":{"M2":"10"},"XG":{"2R":"10","2W":"10"},"XJ":{"63":"10","54":"10","53":"10","44":"10","82":"10","64":"10","73":"10","72":"10"},"WH":{"XQ":"10","W2":"10","V2":"10","XR":"10","V3":"10"}},"2Q":{"J2":{"24":"10"},"75":{"64":"10","65":"10"}},"6H":{"8H":{"7F":"10","79":"10","63":"10","7M":"10","68":"10","64":"10","67":"10","8G":"10","65":"10","62":"10","7P":"10","69":"10","89":"10","8C":"10","7C":"10","8F":"10","66":"10"},"5V":{"2H":"10"},"8G":{"6X":"10","6W":"10","6V":"10"},"34":{"XJ":"10","XH":"10","WH":"10","WJ":"10"}},"77":{"8W":{"XX":"10"},"VC":{"HQ":"10","HP":"10","HR":"10"},"9V":{"59":"10","58":"10"},"9X":{"PX":"10","QX":"10","RX":"10"},"7M":{"H2":"10"},"7X":{"JP":"10","HM":"10","HP":"10","JM":"10"},"8V":{"WR":"10","M7":"10","WW":"10","XR":"10","VR":"10","WQ":"10","VW":"10","FX":"10"},"7J":{"HX":"10","MW":"10","GC":"10","JJ":"10","MX":"10","F9":"10","JH":"10","JX":"10","G9":"10"}},"7V":{"WX":{"PR":"10","VX":"10","RX":"10"}},"7Q":{"MF":{"22":"10","2C":"10"},"JC":{"XX":"10"},"MC":{"4F":"10","2X":"10"},"JF":{"X2":"10"}},"64":{"JP":{"GV":"10","WW":"10","HV":"10","GR":"10","VW":"10","HR":"10"},"C2":{"9H":"10","5J":"10","5H":"10"},"F5":{"33":"10","34":"10"},"MX":{"RQ":"10"},"WX":{"MG":"10","Q7":"10","MH":"10","R2":"10","XC":"10","FG":"10","QW":"10","P5":"10","V7":"10","PP":"10","MW":"10","M5":"10","Q3":"10","Q9":"10","QR":"10","PW":"10","QH":"10","FM":"10","P4":"10","VC":"10","P7":"10","QF":"10","PC":"10","MJ":"10","WF":"10","QV":"10","CV":"10","R3":"10","FJ":"10","QP":"10","CG":"10","M6":"10","PF":"10","PQ":"10","PX":"10","MP":"10","V8":"10","R5":"10","QJ":"10","W7":"10","QQ":"10","Q4":"10","R6":"10","MM":"10","P8":"10","QM":"10","PJ":"10","QC":"10","MV":"10","P9":"10","MR":"10","Q8":"10","XF":"10","M4":"10","QG":"10","PR":"10","PH":"10","P2":"10","PV":"10","P3":"10","MQ":"10","Q6":"10","MX":"10","PM":"10","Q5":"10","PG":"10","GJ":"10","QX":"10","9Q":"10","V3":"10","FH":"10","P6":"10"},"JV":{"W7":"10","J2":"10","W8":"10","V9":"10","V7":"10","W9":"10","V8":"10"},"4M":{"F6":"10"},"VQ":{"JM":"10"},"RW":{"J7":"10","M7":"10","M8":"10","J8":"10"},"RX":{"V6":"10","X9":"10","W7":"10","XC":"10","V3":"10","W5":"10","V5":"10","X8":"10","W8":"10","R4":"10","XF":"10","X7":"10","XG":"10","W9":"10","V4":"10","R5":"10","R3":"10"},"XP":{"X3":"10","MJ":"10","W3":"10","W2":"10","X2":"10"},"VX":{"6F":"10","2G":"10","2F":"10","3J":"10","2J":"10","2H":"10","6M":"10","6Q":"10","6J":"10"},"FQ":{"XH":"10"},"XW":{"R7":"10","R8":"10","J9":"10","P8":"10","W5":"10","Q8":"10","83":"10","J6":"10","P9":"10","W6":"10","X5":"10","H2":"10","8M":"10","M5":"10","Q9":"10","72":"10","H8":"10","V5":"10","J2":"10","M2":"10","M6":"10","H7":"10","75":"10","M3":"10","H3":"10"},"XV":{"VX":"10","HX":"10","FX":"10","97":"10","R2":"10","JR":"10","VR":"10","JQ":"10","M5":"10","PW":"10","QH":"10","VC":"10","QF":"10","PC":"10","RF":"10","VW":"10","R3":"10","7X":"10","JJ":"10","WV":"10","M6":"10","PF":"10","PQ":"10","MP":"10","GG":"10","QJ":"10","M8":"10","Q4":"10","HW":"10","RV":"10","QM":"10","GV":"10","PJ":"10","JV":"10","HQ":"10","F9":"10","RH":"10","RC":"10","HV":"10","QC":"10","HP":"10","VQ":"10","QG":"10","PR":"10","PH":"10","P2":"10","VV":"10","VF":"10","MX":"10","PM":"10","84":"10","R4":"10","PG":"10","RX":"10","G9":"10","F2":"10","HR":"10","FH":"10","P6":"10"},"XX":{"R8":"10","C5":"10","F5":"10","F4":"10","WX":"10","R9":"10","W5":"10","V7":"10","QC":"10","74":"10","VX":"10","RF":"10","W6":"10","45":"10","WW":"10","C6":"10","RC":"10","95":"10","C4":"10","67":"10","68":"10","QG":"10","94":"10","65":"10","RG":"10","C3":"10","55":"10"},"WV":{"QX":"10","PW":"10","PM":"10","MW":"10","RM":"10","PV":"10","RX":"10","RJ":"10","RV":"10","QV":"10","RR":"10","RW":"10"},"8W":{"47":"10"},"WW":{"R7":"10","R8":"10","PV":"10","R2":"10","GC":"10","R9":"10","QH":"10","MJ":"10","PR":"10","R5":"10","QC":"10","RX":"10","Q8":"10","H9":"10","Q2":"10","RF":"10","J6":"10","Q5":"10","R4":"10","JF":"10","MH":"10","G8":"10","R6":"10","PQ":"10","MG":"10","Q9":"10","PW":"10","H8":"10","RC":"10","M7":"3","P3":"10","QF":"10","JH":"10","RJ":"10","MV":"10","RH":"10","J7":"10","PX":"10","R3":"10","QJ":"10","G7":"10","M6":"3","PH":"10","H7":"10","QG":"10","PF":"10","G9":"10","Q4":"10","P4":"10","M8":"10","RG":"10","P5":"10","G6":"10","JC":"10","H6":"10"},"XM":{"XX":"10","XP":"10","VV":"10","XV":"10","WV":"10","XM":"10","VX":"10","WM":"10","WR":"10","WX":"10","XW":"10","WP":"10"},"XR":{"MG":"10","Q7":"10","MH":"10","QW":"10","P5":"10","2M":"10","Q9":"10","QR":"10","PW":"10","P7":"10","MC":"10","XQ":"10","FV":"10","QF":"10","PC":"10","WM":"10","QV":"10","CV":"10","PF":"10","PX":"10","WP":"10","J2":"10","MF":"10","M9":"10","P8":"10","RV":"10","M2":"10","QC":"10","VQ":"10","P9":"10","Q8":"10","PR":"10","J6":"10","PH":"10","PV":"10","WQ":"10","Q6":"10","Q5":"10","PG":"10","FW":"10","QX":"10","P6":"10"},"RH":{"5X":"10","5W":"10"},"XQ":{"H4":"10","F3":"10","G5":"10","H6":"10","G4":"10"},"JR":{"JX":"10"},"J8":{"4X":"10"}},"P4":{"22":{"2X":"10","2W":"10"},"23":{"52":"10","32":"10"}},"8M":{"6G":{"G6":"10","FG":"10","GF":"10","VC":"10","CF":"10","CC":"10","QF":"10","WM":"10","RF":"10","WF":"10","G8":"10","WJ":"10","FJ":"10","CG":"10","W8":"10","PX":"10","CJ":"10","GG":"10","VH":"10","W7":"10","W9":"10","V9":"10","GC":"10","G3":"10","RV":"10","WC":"10","RH":"10","XG":"10","QC":"10","F7":"10","G4":"10","QG":"10","RG":"10","VF":"10","MX":"10","VG":"10","X8":"10","CH":"10","X7":"10","G9":"10","QX":"10","VJ":"10","FH":"10"},"H3":{"22":"10"},"22":{"FF":"10","JG":"10","2P":"10","HM":"10","HJ":"10","GF":"10","JC":"10","JJ":"10","2M":"10","JQ":"10","RJ":"10","JP":"10","HH":"10","HQ":"10","GH":"10","GG":"10","2Q":"10","JM":"10","VJ":"10","VH":"10","RH":"10","HP":"10","J9":"10"},"7G":{"2G":"10","4H":"10","2P":"10","4Q":"10","4G":"10","4M":"10","3P":"10","4R":"10","6J":"10"},"G7":{"2J":"10","2H":"10"},"F7":{"VG":"10","VH":"10"},"24":{"WR":"10","P8":"10","P9":"10","M8":"10"},"5H":{"94":"10","95":"10"},"49":{"C4":"10","C5":"10","F2":"10","C2":"10"},"4C":{"CJ":"10","CH":"10"},"5C":{"XJ":"10","WJ":"10","XP":"10"},"6H":{"H4":"10","H5":"10","P5":"10","M2":"10","P4":"10","J6":"10","P3":"10","P2":"10"},"6C":{"2R":"10","2Q":"10","2W":"10"},"32":{"J3":"10","3C":"10","39":"10","H3":"10","J2":"10","4C":"10","H2":"10"},"48":{"CX":"10","CQ":"10","9F":"10","8V":"10","9V":"10","8R":"10","8Q":"10","8W":"10","9X":"10","9M":"10","8X":"10","7Q":"10","7R":"10","CR":"10","8C":"10","9P":"10","8F":"10","CW":"10","9J":"10","9W":"10","9C":"10","6J":"10"}},"4F":{"GR":{"X7":"10"},"HR":{"29":"10"},"FR":{"WP":"10"}},"28":{"Q2":{"RQ":"10"},"P4":{"XP":"10"},"P5":{"P6":"10"},"58":{"69":"10"},"72":{"43":"10"}},"74":{"2W":{"MG":"10","VX":"10","FX":"10","G6":"10","6R":"10","GP":"10","6C":"10","MH":"10","R2":"10","3Q":"10","JG":"10","HG":"10","RM":"10","9P":"10","W5":"10","6G":"10","P5":"10","F5":"10","JC":"10","H8":"10","JH":"10","V7":"10","5M":"10","5J":"10","VR":"10","V2":"10","7R":"10","GF":"10","6J":"10","R8":"10","H6":"10","7C":"10","Q3":"10","Q9":"10","4Q":"10","FM":"10","P4":"10","W6":"10","Q2":"10","9V":"10","HC":"10","P7":"10","4R":"10","CF":"10","CC":"10","W4":"10","XQ":"10","FV":"10","WG":"10","PC":"10","RQ":"10","WH":"10","J8":"10","HF":"10","4P":"10","WF":"10","G8":"10","WJ":"10","6H":"10","VW":"10","6M":"10","HH":"10","G5":"10","8X":"10","CV":"10","R3":"10","FJ":"10","JJ":"10","RP":"10","XP":"10","X9":"10","CG":"10","M6":"10","WR":"10","W8":"10","8V":"10","VM":"10","PF":"10","WP":"10","CJ":"10","5H":"10","GG":"10","R5":"10","H7":"10","W7":"10","FP":"10","V5":"10","MF":"10","Q4":"10","R6":"10","RJ":"10","GC":"10","7V":"10","RV":"10","8Q":"10","WX":"10","M3":"10","FR":"10","CP":"10","4M":"10","F9":"10","7F":"10","CR":"10","XG":"10","QC":"10","FQ":"10","FC":"10","VP":"10","J9":"10","VQ":"10","V4":"10","CM":"10","2W":"10","3R":"10","5P":"10","FF":"10","P2":"10","VV":"10","XX":"10","WQ":"10","GM":"10","8H":"10","P3":"10","H9":"10","7G":"10","VG":"10","R4":"10","Q5":"10","PG":"10","8W":"10","RW":"10","W2":"10","WW":"10","GH":"10","X7":"10","G9":"10","HJ":"10","9Q":"10","VJ":"10","V6":"10","V3":"10","6Q":"10","JF":"10","FH":"10","P6":"10","6F":"10"},"3X":{"H4":"10","F4":"10","6Q":"10","GG":"10","92":"10","G4":"10","G5":"10","2F":"10","7R":"10","7V":"10","9C":"10","X5":"10","6V":"10","F3":"10","H5":"10","M5":"10","V5":"10","J4":"10","M7":"10","9F":"10","3C":"10","99":"10","F2":"10","J7":"10","2V":"10","GH":"10","G7":"10","M4":"10","6R":"10","M6":"10","7Q":"10","CC":"10","3F":"10","M3":"10","P4":"10","CF":"10","P5":"10","C3":"10","7W":"10","H3":"10","V4":"10"},"5X":{"H5":"10","H4":"10","55":"10","CC":"10","G5":"10","G6":"10","H6":"10","G4":"10","C9":"10"},"3R":{"2J":"10","2R":"10","C6":"10"},"8Q":{"42":"10"},"4X":{"6G":"10","82":"10","4F":"10","46":"10","42":"10","2C":"10","6H":"10","5G":"10","69":"10","27":"10","59":"10","52":"10","28":"10","5F":"10"},"4W":{"5P":"10","6P":"10","4X":"10","6J":"10","6Q":"10","8X":"10","7X":"10","7R":"10","6M":"10","6G":"10","2P":"10","6V":"10","F3":"10","C7":"10","5V":"10","5R":"10","5M":"10","C6":"10","6W":"10","4W":"10","5J":"10","6H":"10","5G":"10","6R":"10","7Q":"10","7W":"10","2J":"10","8P":"10","2Q":"10"},"2M":{"3C":"10","2V":"10","2X":"10","2W":"10"},"2V":{"X9":"10","WJ":"10","C6":"10","X8":"10","8Q":"10","7Q":"10","RX":"10","JR":"10","QV":"10","WM":"10","VM":"10","RW":"10","WP":"10","C7":"10","F6":"10"},"3V":{"5X":"10","4X":"10","2W":"10","7V":"10","CH":"10","6M":"10","38":"10","CJ":"10","4R":"10","6X":"10","5V":"10","8V":"10","6W":"10","2V":"10","39":"10","4V":"10","HQ":"10","3W":"10"},"2X":{"PV":"10","W5":"10","W3":"10","82":"10","VM":"10","X3":"10","XP":"10","Q5":"10","CH":"10","G2":"10","GP":"10","W6":"10","X5":"10","X6":"10","F3":"10","CJ":"10","FJ":"10","MG":"10","W4":"10","RC":"10","MF":"10","F2":"10","X4":"10","VJ":"10","V3":"10","X2":"10","JG":"10","FH":"10","WP":"10","PF":"10","VF":"10","PG":"10","W2":"10","M8":"10","V2":"10","P7":"10"},"2Q":{"9R":"10","5P":"10"},"26":{"9C":"10","H5":"10","J6":"10","H4":"10","H7":"10","F9":"10","CC":"10","G5":"10","C5":"10","99":"10","H6":"10","C9":"10","F8":"10"},"5V":{"9M":"10"},"8P":{"4X":"10","3W":"10","4V":"10","4R":"10","4W":"10"},"2R":{"F5":"10","F3":"10","G5":"10","F6":"10","J5":"10","G4":"10","F4":"10"},"4V":{"HW":"10","HX":"10","GW":"10","GV":"10","GX":"10"},"3W":{"6F":"10","5G":"10","8J":"10","44":"10","5M":"10","3F":"10","3H":"10","6P":"10","8H":"10","59":"10","39":"10","H3":"10","4P":"10","6M":"10","42":"10","4W":"10","C6":"10","9H":"10","5X":"10","8Q":"10","34":"10","CP":"10","9R":"10","4C":"10","H5":"10","CQ":"10","XR":"10","8C":"10","75":"10","29":"10","49":"10","5H":"10","62":"10","43":"10","48":"10","6Q":"10","6H":"10","F5":"10","4F":"10","XQ":"10","28":"10","54":"10","VQ":"10","8R":"10","XJ":"10","73":"10","8P":"10","24":"10","33":"10","96":"10","G4":"10","7C":"10","8F":"10","9Q":"10","38":"10","58":"10","CW":"10","5J":"10","72":"10","35":"10","79":"10","32":"10","4J":"10","VP":"10","23":"10","CX":"10","XP":"10","6J":"10","9J":"10","G6":"10","55":"10","45":"10","63":"10","57":"10","C5":"10","5V":"10","G5":"10","5W":"10","3P":"10","4H":"10","52":"10","5C":"10","22":"10"}},"54":{"CX":{"QX":"10","RX":"10"},"38":{"FP":"10","CQ":"10","FR":"10","FV":"10","FQ":"10"},"GM":{"4H":"10","4G":"10"},"C9":{"GW":"10","GV":"10","HV":"10"},"F8":{"28":"10","39":"10","38":"10","29":"10"},"CJ":{"79":"10","82":"10","92":"10","6C":"10","7C":"10"},"96":{"3P":"10","4P":"10"},"G3":{"HF":"10","HC":"10"},"5H":{"HF":"10","HG":"10"},"7Q":{"2P":"10","2M":"10"},"8X":{"8W":"10","8J":"10","9M":"10","8H":"10","7W":"10","8M":"10","8P":"10","7Q":"10"},"CH":{"8W":"10","8X":"10","9X":"10","9W":"10"},"2V":{"JW":"10","MC":"10","PF":"10","PC":"10"},"5Q":{"MJ":"10","MM":"10","JJ":"10","JM":"10"},"6P":{"PJ":"10","QJ":"10","PM":"10"},"CF":{"RF":"10"},"CM":{"7W":"10","6V":"10","7V":"10"},"P3":{"V3":"10"},"P2":{"RW":"10"},"CV":{"63":"10"},"3W":{"XC":"10","WC":"10","XF":"10","WF":"10"}},"3C":{"R6":{"97":"10"}},"8R":{"6G":{"3W":"10","3V":"10"},"6H":{"42":"10","43":"10"},"63":{"M6":"10","P7":"10","P6":"10","M7":"10","VG":"10","RG":"10","P8":"10","RF":"10"},"F5":{"55":"10"},"5W":{"74":"10"},"M3":{"G8":"10"}},"9C":{"85":{"49":"10","69":"10","56":"10","57":"10","4C":"10","48":"10"}},"8P":{"4J":{"52":"10","53":"10","57":"10","58":"10"},"4H":{"39":"10","9R":"10","6R":"10","55":"10","6C":"10","6V":"10","5W":"10","3Q":"10","9P":"10","58":"10","6G":"10","3H":"10","54":"10","8P":"10","5M":"10","4H":"10","5C":"10","7R":"10","6J":"10","5V":"10","6W":"10","7C":"10","9M":"10","56":"10","4Q":"10","42":"10","6P":"10","5Q":"10","5R":"10","5F":"10","3G":"10","7J":"10","69":"10","4J":"10","79":"10","4P":"10","8J":"10","7P":"10","6H":"10","6M":"10","7H":"10","47":"10","3C":"10","8V":"10","68":"10","57":"10","7Q":"10","36":"10","46":"10","67":"10","8M":"10","5G":"10","37":"10","48":"10","4G":"10","8R":"10","34":"10","59":"10","4M":"10","3J":"10","4F":"10","7F":"10","45":"10","22":"10","33":"10","3R":"10","23":"10","5P":"10","8H":"10","44":"10","3F":"10","7G":"10","4C":"10","43":"10","6X":"10","24":"10","9Q":"10","6Q":"10","5X":"10","38":"10","53":"10","49":"10","6F":"10"},"4G":{"2X":"10"}},"97":{"Q5":{"6P":"10","5P":"10"}},"9V":{"CG":{"VC":"10","WC":"10","VF":"10","WF":"10"}},"24":{"4X":{"H3":"10","G3":"10","G4":"10"},"2P":{"FH":"10"},"FC":{"G9":"10","G8":"10"},"W2":{"68":"10","78":"10","67":"10"},"G5":{"J7":"10","J6":"10","M7":"10","M6":"10","FF":"10"},"8H":{"FM":"10","FP":"10"},"4G":{"JG":"10","PJ":"10","HF":"10","HG":"10","GC":"10","F9":"10","G8":"10","HH":"10","PH":"10","JF":"10","HC":"10","H9":"10","G9":"10"},"2H":{"57":"10","47":"10","58":"10","48":"10"},"6M":{"FX":"10"},"72":{"66":"3","65":"3"},"5P":{"8C":"10","79":"10","89":"10","7C":"10"}},"53":{"8J":{"2X":"10"},"8F":{"9V":"10","9W":"10"},"Q9":{"W3":"10","W2":"10","X2":"10"},"3C":{"GC":"10"},"Q8":{"GG":"10","GH":"10","HH":"10","HG":"10","GF":"10","QH":"10","Q8":"10","RV":"10","WX":"10","XX":"10","Q7":"10","QG":"10"},"JG":{"WR":"10"},"RG":{"2H":"10"},"8G":{"C3":"10"},"7J":{"XX":"10"}},"7W":{"W2":{"Q9":"10","MQ":"10","WF":"10","RP":"10","J5":"10","Q5":"10","R4":"10","QC":"10","VC":"10","RC":"10","RF":"10","VJ":"10","WC":"10"},"V2":{"6G":"10","6H":"10"},"HM":{"74":"10","64":"10","65":"10","75":"10"}},"GM":{"92":{"FH":"10","GH":"10"},"93":{"M2":"10","M3":"10"}},"RC":{"W9":{"R9":"10","RC":"10"},"W8":{"HH":"10"}},"C2":{"4H":{"MJ":"10","MH":"10","MG":"10"}},"99":{"6G":{"4X":"10"}},"93":{"69":{"FW":"10","FX":"10"}},"33":{"X9":{"JW":"10","JX":"10"},"VV":{"F3":"10","F4":"10"},"9G":{"5Q":"10","6R":"10","5R":"10","6Q":"10"},"55":{"PV":"10","PW":"10","MV":"10","MW":"10"},"35":{"33":"10"},"7P":{"M6":"10","J5":"10","M5":"10"},"2F":{"38":"10","25":"10","39":"10","24":"10","49":"10","4C":"10","58":"10","27":"10","59":"10","26":"10","3C":"10","48":"10"},"M9":{"8W":"10"},"XR":{"FJ":"10","FM":"10","GP":"10","FP":"10","GM":"10","RH":"10","RG":"10","GJ":"10","RF":"10"},"G6":{"J9":"3","P8":"10","25":"10","HC":"10","23":"10","56":"10","H9":"3","29":"10","76":"10","WR":"10","P9":"10","WQ":"10","28":"10","45":"10","XV":"10","97":"10","G8":"10","26":"10","WV":"10","66":"10","H8":"3","27":"10","96":"10","XR":"10","XQ":"10","H7":"10","J8":"3","24":"10","65":"10","55":"10"},"H6":{"5V":"10"},"F6":{"W3":"10","W5":"10","X5":"10","R5":"10","X4":"10","Q4":"10","W4":"10","V6":"10","V5":"10","R4":"10","Q5":"10","V7":"10","V4":"10","W6":"10"},"47":{"MG":"10"}},"94":{"23":{"7M":"10","7J":"10","8J":"10","8H":"10","7P":"10","8M":"10","8P":"10","7H":"10","9J":"10","6M":"10"},"QJ":{"4F":"10","4G":"10","MW":"10","RX":"10","RV":"10","QR":"10","RR":"10","RW":"10","VW":"10"},"QM":{"Q3":"10","J4":"10","P3":"10","JC":"10","J3":"10","M4":"10","Q4":"10","P4":"10","M2":"10","J5":"10","H8":"10","93":"10","M3":"10"}},"7C":{"Q8":{"87":"10"}},"8F":{"G8":{"Q6":"10"},"6G":{"5J":"10","4J":"10","5P":"10","4M":"10","6H":"10","5Q":"10","6P":"10","6M":"10","6J":"10"}},"38":{"RQ":{"GQ":"10"},"VP":{"MP":"10","HP":"10","PM":"10"},"W8":{"RR":"10"},"C2":{"44":"10","34":"10"}},"Q9":{"QX":{"R7":"10","Q9":"10","Q8":"10"}},"85":{"4X":{"X4":"10"}},"58":{"XG":{"WV":"10"},"QH":{"HW":"10","HX":"10","JX":"10"},"JV":{"PF":"10","H3":"10","PG":"10","H4":"10","J5":"10","F3":"10","M3":"10","QH":"10","G3":"10","J3":"10","J4":"10","QF":"10","QG":"10","G4":"10","G2":"10","F2":"10","M4":"10","M5":"10"},"MJ":{"PV":"10","PR":"10","QR":"10","JX":"10","QQ":"10","QV":"10"},"VM":{"W3":"10","W2":"10","F3":"10","V2":"10","X4":"10","W4":"10","F4":"10","V3":"10"},"42":{"8C":"10"},"QX":{"G9":"10","G8":"10","H9":"10","HC":"10"},"MP":{"Q9":"10","R8":"10","JC":"10","Q8":"10","R9":"10","JF":"10","HC":"10","H9":"10","J9":"10"},"WJ":{"2J":"10","3G":"10","2G":"10","2H":"10","3H":"10","3F":"10","4W":"10","3J":"10","2F":"10","6V":"10","4V":"10","3C":"10","3M":"10","6R":"10"},"XP":{"FW":"10","GW":"10","8C":"10","FV":"10"},"QP":{"R7":"10","C2":"10","V8":"10","R8":"10","R9":"10","56":"10","92":"10","57":"10","V7":"10","74":"10","Q8":"10","Q7":"10","G2":"10","H2":"10","F3":"10","45":"10","V9":"10","R6":"10","66":"10","G3":"10","F2":"10","46":"10","C4":"10","64":"10","67":"10","68":"10","47":"10","58":"10","63":"10","73":"10","93":"10","C3":"10","55":"10"},"76":{"6R":"10","6Q":"10","7R":"10"},"98":{"57":"10"},"QM":{"XG":"10","WH":"10","GW":"10","VM":"10","52":"10","WJ":"10","XP":"10","XJ":"10","RF":"10","WG":"10","VP":"10","XM":"10","VH":"10","62":"10","RJ":"10","RH":"10","VJ":"10","XQ":"10","WM":"10","RM":"10","FW":"10","WP":"10","FR":"10","VF":"10","FV":"10","VG":"10","GR":"10","XH":"10","RG":"10","GV":"10","WF":"10"},"WQ":{"6X":"10","5W":"10"},"PP":{"9R":"10","G6":"10","F6":"10","97":"10","JP":"10","6C":"10","C7":"10","98":"10","FG":"10","HG":"10","9P":"10","6G":"10","F5":"10","9C":"10","JH":"10","8P":"10","PP":"10","9H":"10","7R":"10","GF":"10","JQ":"10","7C":"10","9M":"10","89":"10","FM":"10","CQ":"10","99":"10","7J":"10","CF":"10","69":"10","CC":"10","79":"10","HM":"10","FV":"10","F3":"10","HF":"10","C6":"10","MJ":"10","G2":"10","8J":"10","7P":"10","HH":"10","G5":"10","7H":"10","CV":"10","FJ":"10","JJ":"10","78":"10","CG":"10","9G":"10","68":"10","PQ":"10","7Q":"10","93":"10","CJ":"10","MP":"10","GG":"10","8M":"10","9F":"10","88":"10","96":"10","82":"10","GC":"10","GX":"10","MM":"10","HW":"10","8R":"10","83":"10","95":"10","86":"10","GR":"10","8Q":"10","FR":"10","GV":"10","59":"10","8G":"10","9J":"10","HQ":"10","F9":"10","GW":"10","7F":"10","CR":"10","HV":"10","FC":"10","HP":"10","G4":"10","CM":"10","73":"10","85":"10","FF":"10","GM":"10","8C":"10","8H":"10","MQ":"10","F4":"10","8F":"10","7G":"10","PM":"10","7M":"10","84":"10","JM":"10","92":"10","87":"10","GJ":"10","CH":"10","GH":"10","C9":"10","G9":"10","C8":"10","HJ":"10","F2":"10","9Q":"10","FH":"10","6F":"10"},"VP":{"J4":"10","J3":"10","M4":"10","GX":"10","J5":"10","M5":"10","M3":"10"},"RQ":{"6F":"10","6G":"10","7G":"10","7F":"10","6C":"10","7C":"10"},"MV":{"23":"10","25":"10","33":"10","22":"10","35":"10","24":"10","43":"10","42":"10","34":"10","32":"10"},"VJ":{"MG":"10","FX":"10","6R":"10","MH":"10","XC":"10","XH":"10","FG":"10","JG":"10","HG":"10","JC":"10","JH":"10","9H":"10","GF":"10","7C":"10","9M":"10","FM":"10","CQ":"10","HC":"10","7J":"10|5","CF":"10|3","79":"10","MC":"10","HF":"10","WF":"10","8J":"10","HH":"10","7H":"10|5","CX":"10","FJ":"10","CG":"10","CW":"10","9G":"10|3","CJ":"10","GG":"10","9F":"3","MF":"10","WC":"10","FR":"10","8G":"10","9J":"10","F9":"10","7F":"10","CR":"10","XG":"10","FQ":"10","XF":"10","CM":"10","8H":"10","H9":"10","7G":"10","FW":"10","CH":"10","JF":"10","FH":"10"},"RM":{"3R":"10","3Q":"10","2P":"10","2M":"10","2R":"10","2Q":"10","3P":"10"},"QJ":{"5X":"10","7J":"10","6J":"10","QQ":"10","PR":"10","7H":"10","QP":"10","6M":"10","8J":"10","6G":"10","J3":"10","QM":"10","6X":"10","8M":"10","PQ":"10","PP":"10","J4":"10","J2":"10","6W":"10","QJ":"10","6H":"10","M2":"10","M4":"10","PJ":"10","PM":"10","M3":"10","8H":"10","7M":"10","QR":"10","7G":"10"},"RV":{"47":"10"},"MM":{"H5":"10","H4":"10","J3":"10","G5":"10","G6":"10","H6":"10","J2":"10","M2":"10","G4":"10"},"PJ":{"QX":"10","4Q":"10","4P":"10","5J":"10","5M":"10","4J":"10","RX":"10","3J":"10","5P":"10","5Q":"10","4M":"10","PX":"10","3M":"10"},"77":{"28":"10","37":"10","73":"10","38":"10","27":"10","72":"10"},"WP":{"VF":"10","4Q":"10","5M":"10","4J":"10","8R":"10","9V":"10","8Q":"10","8W":"10","VG":"10","QH":"10","RG":"10","RM":"10","QG":"10","7Q":"10","5P":"10","6Q":"10","4M":"10","5Q":"10","6P":"10","4H":"10","VH":"10","9Q":"10","RH":"10","9R":"10","9W":"10"},"MR":{"4X":"10","3X":"10"},"VF":{"GH":"10","HH":"10","GJ":"10","HJ":"10","7V":"10","7R":"10"},"PM":{"V3":"10","PG":"10","JR":"10","HH":"10","8J":"10","JQ":"10","JW":"10","9M":"10","P3":"10","FX":"10","Q3":"10","CJ":"10","78":"10","8H":"10","FW":"10","JP":"10","Q2":"10","R4":"10","V2":"10","GW":"10","89":"10","9H":"10","9P":"10","8Q":"10","CP":"10","MV":"10","88":"10","9R":"10","HQ":"10","HJ":"10","CQ":"10","MG":"10","8G":"10","8C":"10","75":"10","V4":"10","CM":"10","JX":"10","MH":"10","P2":"10","84":"10","8M":"10","JJ":"10","9X":"10","HG":"10","MP":"10","JH":"10","MQ":"10","R3":"10","HV":"10","PH":"10","8P":"10","MX":"10","9V":"10","FM":"10","JG":"10","JV":"10","93":"10","94":"10","7C":"10","9Q":"10","MR":"10","85":"10","95":"10","CW":"10","FV":"10","CV":"10","79":"10","MF":"10","GX":"10","JM":"10","CX":"10","PJ":"10","87":"10","7G":"10","9G":"10","9J":"10","R2":"10","FP":"10","7H":"10","HP":"10","CR":"10","86":"10","83":"10","8X":"10","HR":"10","HM":"10","MW":"10"},"JR":{"9Q":"10","7J":"10","CM":"10","6J":"10","VQ":"10","VM":"10","7H":"10","CR":"10","9P":"10","8J":"10","6G":"10","5C":"10","FQ":"10","WQ":"10","8M":"10","VP":"10","49":"10","59":"10","5F":"10","4C":"10","9J":"10","VJ":"10","CP":"10","WM":"10","RM":"10","6H":"10","5G":"10","9M":"10","FP":"10","WP":"10","FR":"10","CQ":"10","FV":"10","8H":"10","7M":"10","8P":"10"},"MQ":{"PC":"10","J9":"10","HF":"10","HC":"10","J6":"10","J3":"10","JF":"10","MH":"10","M9":"10","MC":"10","MG":"10","M5":"10","J4":"10","M7":"10","MF":"10","JH":"10","JG":"10","M4":"10","M6":"10","PF":"10","PG":"10","M8":"10","J5":"10","JC":"10"},"XH":{"X3":"10","X5":"10","X4":"10"},"RR":{"2G":"10","2F":"10"},"QR":{"XG":"10","XC":"10","WC":"10","WG":"10","XF":"10","WF":"10"}},"95":{"HQ":{"J7":"10","J9":"10","J8":"10"},"3V":{"WQ":"10","WP":"10"},"PH":{"49":"10","4F":"10","4C":"10"}},"5J":{"79":{"HW":"10","HX":"10","GW":"10","GV":"10","HV":"10","GX":"10"},"C2":{"56":"10"},"WQ":{"MX":"10","PX":"10"},"VM":{"MF":"10","JG":"10","MG":"10","RM":"10","JF":"10"},"7C":{"H4":"10","H3":"10","G3":"10","G4":"10"},"8F":{"VC":"10","V9":"10","WC":"10","V8":"10","W9":"10"},"WR":{"P2":"10","M2":"10"},"VJ":{"GG":"10","GH":"10"},"85":{"CM":"10"},"Q4":{"C5":"10","C6":"10"},"M4":{"CQ":"10","CP":"10","FQ":"10"}},"4X":{"GR":{"3G":"10","4G":"10","3H":"10","5C":"10","6C":"10","4H":"10","69":"10","7C":"10","59":"10"}},"CV":{"9C":{"HF":"10","F7":"10","GF":"10","GC":"10","HR":"10","HC":"10","F2":"10","GW":"10"},"9F":{"MJ":"10","MH":"10","MC":"10","P4":"10","PH":"10","PC":"10"},"9G":{"M2":"10"},"99":{"P8":"10","Q8":"10","QG":"10"}},"72":{"3X":{"RC":"10"},"57":{"VH":"10","VM":"10","VJ":"10"}},"35":{"FR":{"R9":"10"}},"2C":{"Q2":{"6R":"10","6Q":"10"},"39":{"X6":"10"}},"26":{"QR":{"W7":"10"},"WQ":{"H7":"10","J8":"10","H8":"10"}},"C7":{"GV":{"P2":"10","Q4":"10","R4":"10"},"9V":{"P9":"10","P7":"10","P6":"10","Q9":"10","PF":"10","QP":"10","PC":"10","Q5":"10","QQ":"10","P5":"10","P8":"10","QF":"10","Q8":"10","QC":"10","Q6":"10","Q7":"10"},"C3":{"R5":"10","V6":"10","V5":"10","R6":"10"},"C2":{"VC":"10","V9":"10","W9":"10"}},"32":{"RW":{"QH":"10","VM":"10","57":"10","XP":"10","9C":"10","VP":"10","49":"10","XM":"10","59":"10","99":"10","48":"10","QF":"10","XR":"10","RH":"10","XQ":"10","WM":"10","QJ":"10","67":"10","68":"10","69":"10","PH":"10","QG":"10","WP":"10","PF":"10","PG":"10","58":"10","RG":"10","89":"10"},"QW":{"X3":"10","W3":"10","W2":"10","X2":"10","V2":"10","W4":"10"},"QV":{"5R":"10","VX":"10","6Q":"10","5Q":"10","6V":"10","5V":"10","WX":"10","6R":"10"}},"23":{"XG":{"FM":"10"},"JW":{"GM":"10","HJ":"10","F8":"10","FH":"10","F9":"10","G8":"10","GP":"10","J6":"10","H8":"10","H9":"10","G9":"10"},"G8":{"RG":"10"},"GV":{"W2":"10","X2":"10"},"XC":{"PX":"10"},"HV":{"52":"10","23":"10","33":"10","42":"10","34":"10","43":"10","24":"10"},"92":{"MH":"10","PH":"10","MG":"10","PG":"10"},"GR":{"WX":"10","XX":"10"},"FX":{"QP":"10"},"W9":{"J7":"10","H7":"10","9V":"10","J8":"10","H8":"10"},"93":{"VC":"10","P8":"10","QF":"10","QC":"10","V9":"10","Q9":"10","P9":"10","R8":"10","QH":"10","R9":"10","Q8":"10","RH":"10","RG":"10","VF":"10","RC":"10","RF":"10","QG":"10"},"HR":{"2X":"10"},"XF":{"Q2":"10","XC":"10","Q3":"10","X6":"10","P8":"10","P5":"10","Q8":"10","X7":"10","P4":"10","P3":"10","P2":"10","WC":"10"}},"CX":{"J5":{"3R":"10","4J":"10","4Q":"10","4M":"10","4R":"10","4P":"10"}},"47":{"P2":{"P3":"10","P4":"10"},"F5":{"Q4":"10","R4":"10","V4":"10","V3":"10"},"F4":{"WR":"10"},"2W":{"H5":"10","J9":"10","JC":"10","H9":"10","H6":"10","J8":"10","H8":"10"},"CM":{"8X":"10","GW":"10"},"PR":{"95":"10"},"G4":{"7W":"10","7V":"10","6W":"10","4Q":"10","4P":"10","8V":"10","3R":"10","8W":"10","3F":"10","2C":"10","3Q":"10","2V":"10","2F":"10","3V":"10","6V":"10","2R":"10","3C":"10"},"G5":{"PV":"10","7J":"10","82":"10","MJ":"10","8G":"10","PR":"10","QX":"10","MP":"10","7H":"10","83":"10","8J":"10","J3":"10","84":"10","87":"10","MH":"10","97":"10","8F":"10","8M":"10","MG":"10","JH":"10","MV":"10","95":"10","JG":"10","8C":"10","MM":"10","PH":"10","MR":"10","PG":"10","MQ":"10","8H":"10"},"7C":{"P7":"10","Q6":"10","P6":"10","Q7":"10"},"F7":{"84":"10","74":"10","73":"10","72":"10"},"83":{"3G":"10"},"G8":{"X3":"10","X5":"10","X2":"10","X4":"10","X8":"10","X7":"10","X6":"10","W7":"10"},"H8":{"25":"10","35":"10","44":"10","24":"10","43":"10","34":"10","26":"10"},"2V":{"3X":"10","5J":"10","2X":"10","2W":"10"},"CP":{"F3":"10","82":"10","92":"10","F2":"10"},"QJ":{"Q3":"10","Q2":"10","R3":"10","R2":"10"},"G7":{"XV":"10","XR":"10"},"H7":{"3R":"10","3V":"10","2R":"10","2Q":"10","2V":"10"},"VF":{"HW":"10","HV":"10"},"G6":{"PC":"10","P2":"10","R7":"10","R8":"10","PV":"10","WH":"10","P8":"10","R9":"10","X3":"10","QC":"10","WJ":"10","Q8":"10","RF":"10","MW":"10","Q5":"10","Q7":"10","P9":"10","Q6":"10","X5":"10","X6":"10","R6":"10","PW":"10","RC":"10","QF":"10","VH":"10","MV":"10","RH":"10","VJ":"10","WM":"10","VC":"10","QG":"10","PF":"10","VF":"10","PG":"10","P4":"10","P6":"10","P5":"10","RG":"10"},"H6":{"23":"10"}},"87":{"C2":{"WH":"10","HF":"10","GC":"10","2H":"10","QH":"10","HC":"10","GG":"10","3H":"10","2G":"10","76":"10","G2":"10","JF":"10","H2":"10","FJ":"10","3G":"10","WG":"10","MC":"10","4C":"10","J2":"10","VH":"10","HG":"10","RJ":"10","F2":"10","RH":"10","VJ":"10","WC":"10","X2":"10","4F":"10","GF":"10","FP":"10","75":"10","4G":"10","VG":"10","RG":"10","JC":"10"},"H4":{"H4":"10","J4":"10","H3":"10","H2":"10"},"F4":{"63":"10"},"23":{"5G":"10"},"VQ":{"GV":"10"},"3J":{"8C":"10","79":"10","89":"10","7C":"10"},"G4":{"94":"10","92":"10","93":"10"},"G2":{"CV":"10","5P":"10","6C":"10","8Q":"10","6P":"10","25":"10","4X":"10","6Q":"10","56":"10","4M":"10","CW":"10","8X":"10","7X":"10","5Q":"10","57":"10","36":"10","3P":"10","7V":"10","35":"10","9W":"10","7F":"10","CH":"10","CR":"10","8J":"10","6G":"10","3M":"10","3V":"10","5C":"10","FQ":"10","2P":"10","45":"10","8R":"10","34":"10","3Q":"10","8W":"10","37":"10","59":"10","8V":"10","5F":"10","6F":"10","4W":"10","46":"10","CX":"10","CP":"10","6H":"10","39":"10","FW":"10","67":"10","4V":"10","69":"10","FR":"10","7Q":"10","2M":"10","CQ":"10","3R":"10","FV":"10","5H":"10","8H":"10","58":"10","3W":"10","7W":"10","9R":"10","7G":"10","55":"10","8P":"10","2Q":"10"},"87":{"G9":"10"},"F3":{"W2":"10","X9":"10","W7":"10","Q2":"10","V3":"10","W5":"10","PG":"10","X8":"10","W8":"10","Q5":"10","C2":"10","Q3":"10","XH":"10","W4":"10","X6":"10","R4":"10","C5":"10","X3":"10","X4":"10","X7":"10","W6":"10","V2":"10","XJ":"10","W9":"10","W3":"10","V4":"10","X5":"10","R5":"10","R2":"10","WC":"10","R3":"10","F2":"10","Q4":"10"},"WV":{"2R":"10","2V":"10"},"96":{"Q3":"10","Q4":"10"},"G3":{"2J":"10","84":"10","2H":"10","82":"10","25":"10","C9":"10","4P":"10","3H":"10","92":"10","24":"10","94":"10","9X":"10","3J":"10","4M":"10","83":"10","85":"10","F6":"10","F5":"10"},"F2":{"QM":"10","CX":"10","23":"10","FV":"10","FX":"10","45":"10","C9":"10","J2":"10","33":"10","22":"10","55":"10","RP":"10","J5":"10","G7":"10","GX":"10","H7":"10","F7":"10","QP":"10","H5":"10","M3":"10","XQ":"10","J8":"10","QQ":"10","FW":"10","24":"10","43":"10","RM":"10","J4":"10","RQ":"10","9X":"10","8J":"10","M2":"10","42":"10","RV":"10","G8":"10","QR":"10","C8":"10","QV":"10","G4":"10","RR":"10","G6":"10","H8":"10","34":"10","52":"10","G5":"10","9Q":"10","32":"10","M4":"10","M5":"10","GW":"10","F6":"10","F5":"10"},"VV":{"XV":"10","XR":"10"},"94":{"5G":"10"},"93":{"QF":"10","PJ":"10","PH":"10"},"C3":{"F7":"10","F6":"10"}},"7G":{"G9":{"FJ":"10","FH":"10","GH":"10","GJ":"10","CH":"10"},"X9":{"XX":"10","XV":"10","WV":"10","XQ":"10","VX":"10","XR":"10","WR":"10","WX":"10","WW":"10","XW":"10","VW":"10"},"XC":{"W2":"10","X9":"10","W7":"10","XC":"10","V3":"10","W5":"10","X8":"10","W8":"10","W4":"10","X6":"10","X3":"10","X4":"10","X7":"10","W6":"10","X2":"10","V2":"10","V4":"10","W3":"10","X5":"10"},"2X":{"2G":"10","2C":"10","2H":"10","29":"10"}},"4M":{"4W":{"VC":"10","WC":"10","VF":"10","WF":"10"}},"7H":{"93":{"3Q":"10","3M":"10","3P":"10"},"29":{"Q4":"10","P4":"10","P5":"10","Q5":"10"}},"55":{"9Q":{"2J":"10","79":"10","25":"10","3H":"10","4J":"10","49":"10","2C":"10","29":"10","3J":"10","GR":"10","6C":"10","69":"10","58":"10","7C":"10","27":"10","59":"10","26":"10","28":"10","5F":"10","48":"10","6J":"10"},"GW":{"49":"10"},"WX":{"V9":"10"},"6C":{"XH":"10"},"8Q":{"PC":"10","CV":"10","R7":"10","V8":"10","R8":"10","PV":"10","WH":"10","P8":"10","R9":"10","HW":"10","CW":"10","RW":"10","VM":"10","PR":"10","V7":"10","33":"10","WJ":"10","Q8":"10","XP":"10","XJ":"10","9W":"10","6G":"10","GX":"10","Q6":"10","X5":"10","X6":"10","HM":"10","V6":"10","M9":"10","R6":"10","WG":"10","Q9":"10","XF":"10","V5":"10","HR":"10","XM":"10","JW":"10","FX":"10","MV":"10","XR":"10","X4":"10","CX":"10","VJ":"10","VC":"10","WC":"10","QW":"10","6H":"10","FW":"10","JM":"10","X7":"10","PH":"10","PF":"10","WP":"10","VF":"10","MR":"10","FV":"10","PG":"10","VG":"10","HQ":"10","GR":"10","MQ":"10","XH":"10","P5":"10","HX":"10","WF":"10","GQ":"10","P7":"10","W7":"10","V4":"10","HP":"10","W8":"10","X8":"10"},"6J":{"96":"10","95":"10"},"56":{"FJ":"10","FH":"10"},"CW":{"7M":"10","5J":"10","5M":"10","4J":"10","HG":"10","9H":"10","7P":"10","6Q":"10","4M":"10","6P":"10","JM":"10","FJ":"10","9J":"10","6M":"10","6R":"10"},"8X":{"85":"10"},"9G":{"2W":"10"},"29":{"3H":"10"},"9W":{"XJ":"10","RQ":"10","RR":"10","CF":"10","RM":"10"},"7F":{"3F":"10","2F":"10"},"6M":{"X7":"10","X6":"10"},"9P":{"Q3":"10","C5":"10","F8":"10","C8":"10","9H":"10","JV":"10","HW":"10","56":"10","8G":"10","92":"10","52":"10","57":"10","F7":"10","74":"10","9G":"10","83":"10","Q5":"10","CH":"10","CR":"10","98":"10","8J":"10","9C":"10","5C":"10","84":"10","FQ":"10","28":"10","MH":"10","97":"10","8F":"10","C7":"10","MG":"10","66":"10","72":"10","C6":"10","HR":"10","96":"10","JJ":"10","59":"10","5F":"10","JW":"10","9F":"10","P3":"10","99":"10","62":"10","HV":"10","JH":"10","HG":"10","9J":"10","95":"10","C4":"10","QW":"10","JG":"10","8C":"10","C9":"10","67":"10","68":"10","HH":"10","69":"10","F9":"10","FR":"10","75":"10","CC":"10","Q4":"10","P4":"10","JR":"10","94":"10","GR":"10","8H":"10","58":"10","63":"10","FC":"10","QV":"10","CF":"10","73":"10","P5":"10","65":"10","GQ":"10","JC":"10","C3":"10","89":"10","CG":"10"},"8J":{"QW":"10","W8":"10","M7":"10","VX":"10","RX":"10","5C":"10","RV":"10","M8":"10","PX":"10","V8":"10"},"H5":{"MC":"10"},"8R":{"Q2":"10","J4":"10"},"8M":{"MG":"10","JP":"10","MH":"10","R2":"10","XC":"10","XH":"10","JG":"10","HG":"10","JR":"10","P5":"10","JC":"10","R7":"10","PP":"10","V2":"10","GF":"10","R8":"10","JQ":"10","Q3":"10","QR":"10","P4":"10","XQ":"10","QF":"10","WG":"10","WH":"10","HF":"10","WF":"10","WJ":"10","QV":"10","HH":"10","R3":"10","JJ":"10","WV":"10","QP":"10","X9":"10","WR":"10","PF":"10","VM":"10","PQ":"10","WP":"10","MP":"10","V8":"10","GG":"10","VH":"10","R5":"10","MF":"10","V9":"10","V5":"10","QQ":"10","R6":"10","GC":"10","MM":"10","XJ":"10","M3":"10","R9":"10","XR":"10","M2":"10","HQ":"10","RC":"10","XG":"10","W3":"10","QC":"10","HP":"10","MR":"10","XF":"10","QG":"10","PR":"10","V4":"10","PH":"10","P2":"10","VV":"10","WQ":"10","P3":"10","MQ":"10","Q6":"10","VF":"10","PM":"10","X8":"10","JM":"10","Q5":"10","PG":"10","GJ":"10","W2":"10","GH":"10","X7":"10","RX":"10","VJ":"10","HR":"10","V6":"10","V3":"10","JF":"10"},"5V":{"9V":"10","MR":"10","9W":"10"},"FM":{"G5":"10"},"HR":{"5Q":"10","6R":"10","6Q":"10","5P":"10","4P":"10"},"9X":{"RW":"10","VV":"10","3F":"10","Q6":"10","HF":"10","P2":"10","VX":"10","VW":"10","RX":"10"},"RH":{"86":"10","87":"10"},"9J":{"2P":"10"},"CX":{"3R":"10","3W":"10","3V":"10","99":"10"},"WC":{"VQ":"10","RQ":"10"},"6H":{"63":"10"},"9M":{"F7":"10","8V":"10","MC":"10","6C":"10","6F":"10","5G":"10","HH":"10","HC":"10","GG":"10","JF":"10","5M":"10","7F":"10","66":"10","5P":"10","FG":"10","56":"10","6P":"10","78":"10","HF":"10","F8":"10","59":"10","68":"10","6X":"10","4P":"10","6M":"10","89":"10","69":"10","5X":"10","36":"10","8Q":"10","88":"10","9R":"3","7J":"10","CQ":"10","MG":"10","8G":"10","8C":"10","46":"10","29":"10","5H":"10","98":"10","JC":"10","GC":"10","5Q":"10","6Q":"10","4G":"10","77":"10","MH":"10","7V":"10","7Q":"10","7R":"10","JJ":"10","HG":"10","5R":"10","28":"10","JH":"10","3C":"10","9F":"10","8R":"10","F9":"10","CC":"10","GJ":"10","9C":"10","97":"10","9V":"3","JG":"10","FF":"10","99":"10","96":"10","8F":"10","4R":"10","9Q":"3|10","58":"10","5J":"10","2C":"10","MF":"10","4J":"10","JM":"10","4Q":"10","87":"10","7G":"10","6J":"10","MJ":"10","CF":"10","6R":"10","4M":"10","45":"10","86":"10","57":"10","5V":"10","3P":"10","4H":"10","FC":"10","5C":"10","76":"10"},"PF":{"HF":"10","WW":"10","HC":"10"},"VF":{"HW":"10","JW":"10","JV":"10","HV":"10"},"PM":{"P2":"10"},"8H":{"X8":"10"},"7M":{"3R":"10","69":"10","3V":"10","79":"10","6C":"10","7C":"10","4V":"10","4R":"10"},"RG":{"45":"10"},"GQ":{"7H":"10"},"HP":{"F9":"10","F8":"10"},"2J":{"V2":"10","V3":"10"},"CG":{"8J":"10","7H":"10","CC":"10","8H":"10","7J":"10","C9":"10"},"8P":{"R5":"10","R3":"10","R2":"10","R4":"10","R6":"10","Q5":"10"}},"45":{"VG":{"XW":"10","XX":"10"},"WH":{"22":"10"},"PJ":{"8F":"10","7F":"10","8G":"10"},"VH":{"X2":"10"},"9M":{"R9":"10","RC":"10"},"6P":{"9V":"10","CV":"10"},"WG":{"2X":"10"},"R4":{"98":"10","88":"10","53":"10","87":"10"}},"86":{"CX":{"XW":"10","MG":"10","HX":"10","FX":"10","GP":"10","JP":"10","MH":"10","XV":"10","FG":"10","JG":"10","HG":"10","JR":"10","RM":"10","JH":"10","PP":"10","9H":"10","MW":"10","JQ":"10","9M":"10","QH":"10","FM":"10","CQ":"10","VC":"10","QF":"10","FV":"10","HM":"10","WG":"10","RF":"10","WH":"10","MJ":"10","WF":"10","WJ":"10","HH":"10","CV":"10","GQ":"10","CX":"10","FJ":"10","JJ":"10","QP":"10","JW":"10","CG":"10","9G":"10","VM":"10","PQ":"10","CJ":"10","MP":"10","GG":"10","VH":"10","QJ":"10","FP":"10","QQ":"10","RJ":"10","GX":"10","MM":"10","HW":"10","WC":"10","QM":"10","GR":"10","FR":"10","GV":"10","CP":"10","PJ":"10","XR":"10","JV":"10","9J":"10","HQ":"10","GW":"10","CR":"10","RH":"10","XG":"10","HV":"10","FQ":"10","HP":"10","MV":"10","MR":"10","XF":"10","QG":"10","PR":"10","CM":"10","RG":"10","PH":"10","XX":"10","GM":"10","MQ":"10","VF":"10","VG":"10","PM":"10","JM":"10","PG":"10","FW":"10","GJ":"10","CH":"10","GH":"10","HJ":"10","VJ":"10","HR":"10","JX":"10","FH":"10"},"FV":{"CX":"10","VG":"10","HQ":"10","8X":"10","9X":"10","CW":"10"},"HX":{"M6":"3","P7":"3","P6":"3","M7":"3","Q5":"3","P5":"3","Q6":"3","M5":"3"},"FX":{"F5":"10","2V":"10","8C":"10","C7":"10","JX":"10","PM":"10","H8":"10","5R":"10","5F":"10","J7":"10","QJ":"10","6J":"10","JF":"10","J8":"10","96":"10","44":"10","84":"10","8J":"10","RV":"10","HF":"10","FH":"10","WF":"10","CF":"10","FF":"10","H4":"10","8F":"10","97":"10","Q4":"10","4F":"10","M3":"10","93":"10","HP":"10","58":"10","HQ":"10","MX":"10","66":"10","4G":"10","JV":"10","GR":"10","W9":"10","27":"10","3H":"10","4H":"10","MQ":"10","VP":"10","2H":"10","HH":"10","6G":"10","7F":"10","64":"10","7J":"10","FJ":"10","4M":"10","C8":"10","VJ":"10","9H":"10","3V":"10","MM":"10","Q2":"10","HJ":"10","C9":"10","MW":"10","WC":"10","5W":"10","73":"10","GG":"10","59":"10","86":"10","XG":"10","2X":"10","WH":"10","F4":"10","MP":"10","7C":"10","GV":"10","2F":"10","JC":"10","2Q":"10","JM":"10","HM":"10","F8":"10","98":"10","G2":"10","9C":"10","H9":"10","83":"10","5C":"10","G3":"10","HR":"10","4R":"10","6Q":"10","XF":"10","W7":"10","G6":"10","3R":"10","MV":"10","47":"10","34":"10","24":"10","3X":"10","HC":"10","HX":"10","54":"10","C3":"10","XW":"10","JJ":"10","48":"10","99":"10","49":"10","6M":"10","5V":"10","HG":"10","77":"10","2G":"10","MC":"10","2P":"10","3Q":"10","RP":"10","85":"10","VQ":"10","37":"10","R2":"10","RM":"10","CC":"10","87":"10","39":"10","V9":"10","8H":"10","PJ":"10","8G":"10","75":"10","W6":"10","3M":"10","63":"10","GX":"10","94":"10","C4":"10","23":"10","2M":"10","QQ":"10","5G":"10","QM":"10","FG":"10","QV":"10","6H":"10","4V":"10","9F":"10","6W":"10","4W":"10","HW":"10","Q3":"10","G4":"10","M2":"10","JH":"10","8W":"10","F3":"10","GQ":"10","J9":"10","FR":"10","XC":"10","GJ":"10","3F":"10","29":"10","7W":"10","XX":"10","JW":"10","VR":"10","4X":"10","5J":"10","42":"10","VM":"10","JQ":"10","5X":"10","H6":"10","5Q":"10","V6":"10","6R":"10","95":"10","QR":"10","69":"10","4C":"10","6P":"10","53":"10","JP":"10","HV":"10","4Q":"10","H2":"10","RJ":"10","W8":"10","2R":"10","7M":"10","RR":"10","C5":"10","M7":"10","56":"10","FC":"10","57":"10","C6":"10","GF":"10","8R":"10","H7":"10","F6":"10","F2":"10","5M":"10","33":"10","X7":"10","65":"10","43":"10","G7":"10","QP":"10","F9":"10","32":"10","2C":"10","82":"10","4P":"10","5H":"10","G9":"10","3W":"10","2W":"10","6C":"10","VV":"10","79":"10","76":"10","JG":"10","78":"10","RQ":"10","52":"10","3G":"10","7H":"10","62":"10","G8":"10","88":"10","2J":"10","5P":"10","7X":"10","89":"10","V7":"10","55":"10","3P":"10","RW":"10"},"HV":{"XJ":"10","XM":"10","VX":"10","XP":"10","VW":"10"},"H3":{"3M":"10","3P":"10"},"JV":{"2J":"10","3G":"10","2P":"10","2H":"10","4F":"10","4G":"10","3H":"10","5J":"10","4J":"10","5H":"10","4W":"10","2M":"10","29":"10","3J":"10","4H":"10","5G":"10","5F":"10","4V":"10","3W":"10"},"GX":{"9Q":"10","HF":"10","GC":"10","7J":"10","6P":"10","6J":"10","23":"10","GG":"10","VM":"10","42":"10","7H":"10","33":"10","7V":"10","7P":"10","CH":"10","9P":"10","6M":"10","5C":"10","JF":"10","2P":"10","CJ":"10","8R":"10","97":"10","34":"10","FF":"10","49":"10","59":"10","8V":"10","2X":"10","4C":"10","VH":"10","QF":"10","48":"10","HG":"10","RJ":"10","RH":"10","22":"10","32":"10","VJ":"10","GH":"10","JG":"10","6H":"10","G7":"10","GF":"10","39":"10","HH":"10","9M":"10","F9":"10","7M":"10","58":"10","24":"10","FG":"10","FC":"10","GJ":"10","RG":"10","G6":"10","7G":"10","2Q":"10"},"GQ":{"84":"3","55":"3","63":"3","74":"3","54":"3","53":"3","85":"3","64":"3","65":"3","75":"3"},"FW":{"C2":"10","MX":"10","4X":"10","2W":"10","6Q":"10","82":"10","CW":"10","92":"10","8X":"10","7X":"10","RX":"10","74":"10","7V":"10","VX":"10","9W":"10","MW":"10","83":"10","CR":"10","GX":"10","3V":"10","84":"10","6V":"10","4R":"10","XX":"10","8W":"10","5V":"10","5R":"10","85":"10","8V":"10","6W":"10","VW":"10","2V":"10","9V":"10","XQ":"10","3X":"10","QW":"10","FW":"10","6R":"10","7Q":"10","FV":"10","VV":"10","5W":"10","4Q":"10","3W":"10","73":"10","HX":"10","93":"10","7W":"10"},"7R":{"W9":"10","WF":"10"},"GG":{"59":"10","58":"10"},"C3":{"5F":"10"},"CV":{"9C":"10","98":"10","CC":"10","99":"10","C9":"10"},"HW":{"Q3":"10","J9":"10","QC":"10","Q2":"10","JF":"10","P9":"10","MH":"10","MC":"10","MG":"10","Q9":"10","H8":"10","RC":"10","MF":"10","JH":"10","J7":"10","X4":"10","JG":"10","PH":"10","PF":"10","PG":"10","J8":"10","JC":"10"},"CW":{"W2":"10"},"JW":{"24":"10"},"PP":{"Q8":"10","Q7":"10"},"GW":{"FJ":"10","3R":"10","FW":"10","9H":"10","5W":"10","3X":"10","CJ":"10","9M":"10","GX":"10","9J":"10","5V":"10","FP":"10","CQ":"10","FX":"10","2X":"10","FR":"10","CH":"10","FQ":"10"}},"63":{"9V":{"CX":"10","FM":"10","FW":"10","6H":"10","FP":"10","CW":"10","F2":"10","CR":"10","CQ":"10","FX":"10","CP":"10","7V":"10","FR":"10","6J":"10","FV":"10","FQ":"10","CV":"10"},"42":{"MX":"10","MW":"10"},"9W":{"88":"10","92":"10","C2":"10","C3":"10","75":"10","93":"10","F2":"10","87":"10"}},"C3":{"WH":{"FQ":"10"},"MF":{"XJ":"10","XM":"10"},"PF":{"5X":"10","5W":"10","2M":"10"}},"57":{"F8":{"XV":"10"},"3J":{"9V":"10"},"QC":{"J7":"10"},"WJ":{"XV":"10"},"HJ":{"64":"10","65":"10"},"XJ":{"2V":"10"},"3M":{"J9":"10","95":"10","J8":"10"},"J3":{"RM":"10"},"X5":{"2Q":"10"},"V6":{"X5":"10","X6":"10"},"97":{"JJ":"10"},"V9":{"JH":"10"},"FF":{"37":"10","42":"10","62":"10","43":"10"},"XM":{"26":"10"},"F2":{"P6":"10","M6":"10","P5":"10","M5":"10"},"WM":{"X5":"10","X6":"10"},"QG":{"Q5":"10"},"Q4":{"V9":"10","W9":"10"},"W2":{"52":"10"},"FC":{"6X":"10","7W":"10","7X":"10"},"CF":{"2M":"10"},"7W":{"56":"10","57":"10"},"H6":{"MJ":"10","MM":"10"}},"2G":{"WC":{"P3":"10","P4":"10"}},"83":{"W3":{"92":"10"}},"3P":{"MC":{"W7":"10"},"PF":{"C5":"10","F5":"10","F4":"10","F8":"10","C8":"10","G4":"10","G5":"10","F7":"10","G2":"10","F3":"10","97":"10","G8":"10","C7":"10","F6":"10","C6":"10","G3":"10","F2":"10","95":"10","C4":"10","G7":"10","C9":"10","F9":"10","CC":"10","FC":"10","G6":"10","C3":"10"},"PC":{"3G":"10","88":"10","FX":"10","4G":"10","99":"10","7G":"10","GX":"10","98":"10","97":"10","8H":"10","89":"10","8C":"10","7H":"10","87":"10","F6":"10","9C":"10"}},"8X":{"3C":{"GH":"10","HH":"10","HG":"10"},"3M":{"P3":"10","P2":"10"}},"4H":{"RC":{"XC":"10"},"XF":{"XJ":"10","XH":"10"}},"M4":{"X3":{"X3":"10","W3":"10","W2":"10","X2":"10","V2":"10","W4":"10","V3":"10"},"X2":{"VX":"10","WX":"10","XX":"10"}},"52":{"9H":{"XW":"10","WW":"10"},"C8":{"25":"10","35":"10","34":"10","24":"10"},"7Q":{"8F":"10","9H":"10","9G":"10","8G":"10"}},"3G":{"4H":{"WG":"10","X9":"10","W7":"10","X8":"10","W8":"10","X7":"10","W9":"10","WH":"10"},"26":{"84":"10","83":"10","82":"10","73":"10"},"5J":{"Q2":"10"},"5H":{"FW":"10","QX":"10","CR":"10","FR":"10","FV":"10","CV":"10"}},"37":{"XX":{"45":"10","57":"10","46":"10","56":"10","69":"10","53":"10","47":"10"},"FX":{"HG":"10","JG":"10"},"X9":{"Q3":"10"},"7M":{"QF":"10","QC":"10","VF":"10","RC":"10","RF":"10"},"W7":{"HW":"10","HX":"10","GW":"10","GV":"10","HV":"10","GX":"10","GR":"10","HR":"10"},"MQ":{"W9":"10"},"X8":{"6P":"10","5P":"10","5M":"10"},"W8":{"VP":"10"},"RM":{"HF":"10","JH":"10","HH":"10","HG":"10","JG":"10","H9":"10","MG":"10","HC":"10","JF":"10"},"RQ":{"MC":"10"},"RR":{"75":"10"},"WR":{"W5":"10","GF":"10","V6":"10","V5":"10","HC":"10","HP":"10","W6":"10"},"HW":{"25":"10"},"XW":{"94":"10","84":"10","83":"10","4J":"10","85":"10","3G":"10","3H":"10","93":"10"},"GW":{"GQ":"10"}},"5C":{"M4":{"J2":"10"},"M2":{"WP":"10"},"M3":{"PC":"10","V8":"10","W5":"10","QH":"10","MP":"10","R5":"10","QC":"10","V7":"10","Q8":"10","RF":"10","QP":"10","QM":"10","W6":"10","V6":"10","V9":"10","PQ":"10","PP":"10","VP":"10","V5":"10","RP":"10","RC":"10","RJ":"10","RH":"10","VC":"10","RM":"10","QJ":"10","QG":"10","VF":"10","PM":"10","MQ":"10","RG":"10"}},"76":{"MX":{"RJ":"10"},"6F":{"M2":"10"},"PW":{"39":"10","6R":"10","97":"10","6V":"10","FG":"10","9P":"10","6G":"10","9C":"10","8P":"10","5J":"10","9H":"10","5V":"10","6J":"10","9M":"10","89":"10","5Q":"10","5R":"10","99":"10","7J":"10","79":"10","8J":"10","6H":"10","7P":"10","6M":"10","7H":"10","FJ":"10","2C":"10","CJ":"10","8M":"10","9F":"10","88":"10","48":"10","29":"10","8R":"10","8Q":"10","35":"10","9J":"10","CM":"10","FF":"10","5P":"10","8C":"10","8H":"10","8F":"10","7G":"10","7M":"10","6Q":"10","53":"10"},"69":{"MX":"10","MQ":"10","PX":"10","HV":"10","JQ":"10"},"M9":{"FQ":"10","79":"10","CQ":"10","FP":"10","9V":"10","CP":"10","CM":"10","89":"10","9R":"10"},"6C":{"Q2":"10","Q3":"10","M3":"10","R4":"10","M2":"10","P3":"10","P2":"10","R3":"10","Q4":"10"}},"22":{"C6":{"9Q":"10","PV":"10","GW":"10","5X":"10","8Q":"10","25":"10","4X":"10","2W":"10","23":"10","JV":"10","HW":"10","RW":"10","RX":"10","35":"10","7V":"10","VX":"10","MW":"10","3V":"10","8R":"10","4R":"10","6X":"10","34":"10","3Q":"10","PW":"10","JJ":"10","2X":"10","6W":"10","4W":"10","MV":"10","VW":"10","22":"10","2V":"10","3X":"10","QW":"10","JM":"10","4V":"10","3R":"10","JR":"10","5W":"10","24":"10","QV":"10","4P":"10","4Q":"10","3W":"10","GV":"10","9R":"10","7W":"10","8P":"10"},"PW":{"CJ":"10","9J":"10","CH":"10"},"96":{"MX":"10","W5":"10","QH":"10","CM":"10","JV":"10","QQ":"10","JX":"10","PR":"10","X3":"10","XJ":"10","MW":"10","QP":"10","CH":"10","QM":"10","X5":"10","W6":"10","X6":"10","CJ":"10","PQ":"10","XM":"10","JW":"10","MV":"10","RH":"10","X4":"10","WM":"10","X2":"10","QJ":"10","W9":"10","X7":"10","PJ":"10","MR":"10","PM":"10","RG":"10","QR":"10","W8":"10","X9":"10"},"97":{"R7":"10","V6":"10","86":"10","R6":"10","V5":"10","X8":"10","X6":"10","X3":"10","V7":"10","X4":"10","X7":"10","X2":"10","X5":"10","85":"10"},"F4":{"GR":"10"},"C8":{"32":"10","42":"10"},"C7":{"97":"10","R2":"10","H8":"10","54":"10","V2":"10","75":"10","52":"10","C2":"10","32":"10","77":"10","J8":"10","R3":"10","3X":"10","78":"10","93":"10","63":"10","MP":"10","64":"10","96":"10","C3":"10","74":"10","82":"10","83":"10","95":"10","86":"10","25":"10","4X":"10","22":"10","33":"10","V4":"10","85":"10","23":"10","MQ":"10","65":"10","27":"10","R4":"10","87":"10","43":"10","28":"10","76":"10","24":"10","V3":"10","62":"10","53":"10"},"F6":{"55":"10","63":"10","56":"10","74":"10","54":"10","45":"10","64":"10","65":"10","73":"10","46":"10","72":"10","62":"10"},"F5":{"7P":"10","7W":"10","7X":"10","7Q":"10","7V":"10","7R":"10"}}},"index":{"university,1|retail,2|tourism,3|wreck,4|historical,5|artsCulture,6|namedBuilding,7|water,8|wetland,9|park,10|beach,11|natureReserve,12|cemetery,13|trail,14":{}}}