{"9P":{"JR":{"5Q":{"H5":"10","H4":"10","G5":"10","G6":"10","H6":"10","G4":"10"}},"2M":{"MH":{"GQ":"10","GR":"10","FR":"10","FQ":"10"},"77":{"JJ":"10","JM":"10"},"HH":{"PX":"10"},"HJ":{"P2":"10"}},"67":{"4H":{"29":"10"},"R5":{"84":"10","83":"10","63":"10","74":"10","73":"10","62":"10"},"3H":{"X9":"10"}},"7F":{"J8":{"QH":"10","PR":"10","MP":"10","QP":"10","QM":"10","PQ":"10","MC":"10","FF":"10","PP":"10","RP":"10","RJ":"10","RH":"10","RM":"10","QJ":"10","PH":"10","PJ":"10","QG":"10","PF":"10","PG":"10","PM":"10","MQ":"10","FG":"10"}},"3F":{"66":{"9C":"10","8F":"10","98":"10","8C":"10","88":"10","FF":"10","99":"10","F7":"10","89":"10","G7":"10"},"67":{"2J":"10","2P":"10","4P":"10","3P":"10","2M":"10","3J":"10","3Q":"10","2Q":"10","3M":"10"}},"66":{"PR":{"2J":"10","2M":"10"}},"GQ":{"P2":{"F2":"10","G2":"10"}},"5F":{"P2":{"3Q":"10"},"F7":{"JX":"10"},"C2":{"8J":"10","7H":"10","8H":"10","8G":"10"}},"56":{"2V":{"VC":"10","XC":"10","WC":"10","WF":"10"}},"2X":{"94":{"83":"10","82":"10","73":"10","72":"10"}},"3R":{"XH":{"JP":"10","GP":"10","GQ":"10","HM":"10","HP":"10","JM":"10"},"WJ":{"9C":"10","CC":"10","CF":"10"},"3C":{"CC":"10","99":"10","C9":"10"},"V2":{"4Q":"10","2M":"10","2H":"10","4R":"10"},"R2":{"WJ":"10","VH":"10","VM":"10","WG":"10","VJ":"10"},"HJ":{"HW":"10","FW":"10","HX":"10","GW":"10","GV":"10","HV":"10","GX":"10","GR":"10","JX":"10","HR":"10"}},"JP":{"26":{"85":"10"},"G2":{"R3":"10","V2":"10","R2":"10"},"F8":{"3H":"10"}},"8W":{"Q7":{"VC":"10","WC":"10","VF":"10","W9":"10","WF":"10"}},"59":{"58":{"WM":"10"}},"39":{"VV":{"JW":"10","3J":"10","3H":"10","3M":"10","JX":"10"},"VP":{"7F":"10","7W":"10","7V":"10","79":"10","9G":"10","CG":"10","8V":"10","68":"10","7G":"10","8R":"10","CJ":"10","FG":"10","78":"10","8G":"10","9H":"10","8J":"10","FH":"10","9M":"10","8H":"10","CH":"10","CM":"10","7C":"10","FJ":"10","8F":"10","8M":"10","9J":"10"},"VG":{"6W":"10","7W":"10","6V":"10","7V":"10","7R":"10"},"QH":{"GG":"10","FG":"10"},"RG":{"W7":"10"},"RM":{"7F":"10","74":"10","76":"10","68":"10","7G":"10","64":"10","67":"10","78":"10","65":"10","75":"10","77":"10","66":"10"},"F9":{"J9":"10","J8":"10"},"QC":{"RW":"10","VX":"10","CC":"10","WX":"10","RX":"10","C9":"10"},"RJ":{"CV":"10","R7":"10","V8":"10","XG":"10","53":"10","5X":"10","CW":"10","52":"10","V7":"10","R5":"10","33":"10","35":"10","7F":"10","CR":"10","3M":"10","R4":"10","W6":"10","X5":"10","X6":"10","V6":"10","45":"10","6X":"10","34":"10","R6":"10","WG":"10","5V":"10","V5":"10","6F":"10","6W":"10","VH":"10","4W":"10","9V":"10","V3":"10","R3":"10","VC":"10","WC":"10","W9":"10","X7":"10","4V":"10","CQ":"10","75":"10","VF":"10","VG":"10","5W":"10","63":"10","RG":"10","65":"10","WF":"10","9R":"10","W7":"10","V4":"10","55":"10"},"RC":{"3X":"10","2X":"10"},"RF":{"22":"10","32":"10"},"VM":{"V5":"10"},"VH":{"2G":"10","2F":"10"},"RH":{"GW":"10","5X":"10","QH":"10","VQ":"10","MJ":"10","VM":"10","WJ":"10","GX":"10","GP":"10","WQ":"10","MH":"10","FM":"10","XF":"10","VP":"10","HR":"10","XM":"10","WM":"10","XC":"10","QJ":"10","FW":"10","JQ":"10","RV":"10","PH":"10","PJ":"10","WP":"10","HQ":"10","PM":"10","GR":"10","QV":"10","VR":"10","GV":"10","GQ":"10","RR":"10","QR":"10","HP":"10"},"VW":{"Q3":"10","Q8":"10","Q4":"10","J2":"10","R6":"10"}},"65":{"49":{"G9":"10","FC":"10","F9":"10","GC":"10"},"22":{"3R":"10","3V":"10","2R":"10","2Q":"10"},"52":{"GG":"10","HF":"10","FC":"10","GF":"10","FF":"10"},"23":{"74":"10","45":"10","76":"10","63":"10","73":"10","55":"10","35":"10","64":"10","67":"10","57":"10","65":"10","58":"10","34":"10","48":"10","77":"10","66":"10"}},"42":{"85":{"GF":"10","GC":"10"}},"89":{"6F":{"2X":"10","2W":"10"},"5F":{"VQ":"10","XV":"10","H3":"10","G3":"10"}},"9P":{"R5":{"XW":"10"},"R2":{"97":"10","96":"10","C7":"10"},"V6":{"28":"10","22":"10","23":"10"},"R6":{"X3":"10","W3":"10","W2":"10","X5":"10","X4":"10","X6":"10"}},"25":{"97":{"GM":"10","MV":"10","JV":"10","FM":"10","MW":"10","FP":"10","MX":"10","JQ":"10","JR":"10","GP":"10","HQ":"10","HR":"10","HP":"10","JW":"10"}},"5X":{"PQ":{"V9":"10","P7":"10","P6":"10","Q7":"10","V8":"10"}},"36":{"FJ":{"6R":"10","6V":"10"},"G5":{"C2":"10"},"VR":{"9P":"10","9M":"10","8M":"10","8P":"10"}},"34":{"M4":{"JH":"10","JG":"10"},"WC":{"4G":"10"}},"88":{"HR":{"23":"10","33":"10","32":"10"}},"6G":{"88":{"J7":"10","M7":"10","M8":"10","J8":"10"}},"3M":{"XG":{"45":"10","25":"10","33":"10","35":"10","44":"10","24":"10","34":"10"},"MJ":{"63":"10","54":"10","53":"10","44":"10","36":"10"},"X7":{"QF":"10","QC":"10","QH":"10","RH":"10","RG":"10","RC":"10","RF":"10","QG":"10"},"H2":{"HW":"10","HV":"10","4M":"10","3P":"10","5P":"10","5M":"10","4P":"10"}},"CQ":{"G8":{"42":"10","RF":"10"}},"2W":{"32":{"PJ":"10","VV":"10","XV":"10","RJ":"10","JR":"10","MR":"10","RH":"10","XW":"10","VW":"10"},"42":{"3H":"10","2W":"10"}},"3X":{"8J":{"59":"10","57":"10","58":"10"},"96":{"8J":"10","9J":"10","CF":"10"},"8H":{"7P":"10","7M":"10","6P":"10","6R":"10","6M":"10","7Q":"10","7R":"10"},"2M":{"C5":"10","F6":"10","C6":"10"},"6Q":{"J3":"10"}},"46":{"MH":{"3Q":"10","2P":"10","3J":"10","2J":"10","3M":"10","2M":"10","2R":"10","2Q":"10","2V":"10","3P":"10"},"3G":{"WP":"10"},"88":{"6F":"10","3C":"10","2C":"10","39":"10","38":"10","29":"10"},"84":{"XQ":"10","XR":"10"},"79":{"22":"10","52":"10","53":"10","44":"10","2H":"10","32":"10","G4":"10","42":"10","F4":"10"},"76":{"5X":"10","4X":"10","6Q":"10","4M":"10","3J":"10","5Q":"10","QX":"10","3P":"10","6M":"10","76":"10","3M":"10","GX":"10","3V":"10","86":"10","3Q":"10","66":"10","5R":"10","PW":"10","85":"10","FX":"10","4W":"10","PX":"10","3X":"10","QW":"10","JQ":"10","77":"10","75":"10","4P":"10","3W":"10","HX":"10","2J":"10"},"63":{"7W":"10","4R":"10","5W":"10","4Q":"10","4P":"10","5X":"10","5R":"10","68":"10","67":"10","57":"10","8G":"10","5P":"10","6Q":"10","5Q":"10","6P":"10","6V":"10","6X":"10","5V":"10","4V":"10","6M":"10","6R":"10"},"86":{"P2":"10","V8":"10","H4":"10","QC":"10","V7":"10","Q2":"10","J6":"10","Q5":"10","J3":"10","V9":"10","M5":"10","J4":"10","P3":"10","QF":"10","J7":"10","VC":"10","W9":"10","M4":"10","H7":"10","QG":"10","Q4":"10","M3":"10","P4":"10","P5":"10","H3":"10","W7":"10","H6":"10","W8":"10"},"33":{"JW":"10","MW":"10"},"RP":{"5W":"10","4R":"10","6J":"10"},"68":{"J5":"10","M7":"10","G7":"10","F7":"10","92":"10","H7":"10","F8":"10","H5":"10","M3":"10","J8":"10","94":"10","J4":"10","J3":"10","F9":"10","G8":"10","M8":"10","J6":"10","M9":"10","H6":"10","G5":"10","F2":"10","M4":"10","G9":"10"},"HF":{"W3":"10"},"54":{"76":"10","55":"10","5G":"10","5F":"10","96":"10","65":"10"},"H7":{"M6":"10","P6":"10","H3":"10","J2":"10","H4":"10","J5":"10","G7":"10","H5":"10","J3":"10","J4":"10","H2":"10","G6":"10","H6":"10","G5":"10"},"64":{"G9":"10","23":"10"},"95":{"38":"10","25":"10","35":"10","43":"10","27":"10","36":"10","26":"10","28":"10"},"C2":{"GR":"10"},"67":{"9R":"10","FX":"10","JP":"10","MH":"10","XC":"10","XH":"10","JG":"10","HG":"10","JH":"10","JQ":"10","VC":"10","9V":"10","WG":"10","MJ":"10","JJ":"10","78":"10","X9":"10","CW":"10","W8":"10","8V":"10","MP":"10","VH":"10","W7":"10","W9":"10","V9":"10","RJ":"10","GX":"10","MM":"10","HW":"10","8R":"10","WC":"10","CR":"10","RH":"10","XG":"10","PH":"10","X8":"10","JM":"10","PG":"10","X7":"10","VJ":"10"},"JJ":{"W2":"10","V2":"10"},"96":{"38":"10","45":"10","39":"10","46":"10","2C":"10","29":"10","36":"10","28":"10","3C":"10","48":"10"},"78":{"JP":"10","Q3":"10","R2":"10","WH":"10","P8":"10","GC":"10","5X":"10","F8":"10","C8":"10","QH":"10","4X":"10","2W":"10","HC":"10","GG":"10","4M":"10","7H":"10","57":"10","F7":"10","H9":"10","XP":"10","RF":"10","J6":"10","2G":"10","98":"10","G2":"10","9C":"10","Q6":"10","H2":"10","C7":"10","M5":"10","FF":"10","H8":"10","RP":"10","85":"10","XM":"10","JJ":"10","G3":"10","2X":"10","RC":"10","J4":"10","M7":"10","P3":"10","QF":"10","VH":"10","JH":"10","4W":"10","RJ":"10","MV":"10","F2":"10","RH":"10","J7":"10","5J":"10","4J":"10","VJ":"10","R3":"10","3X":"10","RM":"10","4F":"10","GF":"10","JM":"10","C9":"10","RV":"10","MM":"10","F9":"10","H7":"10","QG":"10","G9":"10","75":"10","CC":"10","Q4":"10","P4":"10","5H":"10","J8":"10","XH":"10","P6":"10","3W":"10","73":"10","RG":"10","G6":"10","P7":"10","RR":"10","4H":"10"},"94":{"2P":"10","4Q":"10","2R":"10","2Q":"10","5P":"10","4P":"10"},"QF":{"63":"10","55":"10","68":"10","54":"10","64":"10","67":"10","78":"10","65":"10","53":"10","75":"10","77":"10","66":"10"},"RQ":{"94":"10","53":"10","4C":"10","24":"10"},"7J":{"6G":"10"},"F9":{"86":"10"},"HQ":{"PV":"10","PW":"10","MV":"10","MW":"10"},"6C":{"J8":"10"},"JH":{"XP":"10","XV":"10","XM":"10","XQ":"10","VX":"10","XR":"10","WX":"10","WW":"10","XW":"10","WP":"10"},"69":{"X5":"10","X4":"10"},"89":{"HF":"10","JF":"10"},"75":{"5Q":"10","4M":"10"},"7C":{"9V":"10","CV":"10"},"87":{"6R":"10","2V":"10","6V":"10","7V":"10","2W":"10"},"85":{"XG":"10","XH":"10","W3":"10","WJ":"10","X5":"10","W4":"10","V4":"10","WM":"10","V3":"10"},"C7":{"C4":"10","F5":"10","F4":"10"},"MG":{"54":"10","44":"10","45":"10"},"77":{"P5":"10","F7":"10","Q4":"10","MC":"10","HH":"10","2F":"10","JQ":"10","JW":"10","9M":"10","P3":"10","GG":"10","JF":"10","XX":"10","67":"10","C4":"10","FX":"10","Q3":"10","M8":"10","QP":"10","66":"10","RW":"10","M2":"10","CJ":"10","82":"10","GQ":"10","QF":"10","FG":"10","QM":"10","H2":"10","QC":"10","XV":"10","VH":"10","G7":"10","HF":"10","FW":"10","JP":"10","PC":"10","68":"10","RV":"10","H3":"10","Q2":"10","42":"10","GW":"10","C6":"10","HW":"10","9H":"10","G2":"10","FH":"10","69":"10","CP":"10","F2":"10","HJ":"10","H5":"10","F6":"10","VM":"10","75":"10","HX":"10","RJ":"10","JC":"10","CH":"10","CM":"10","QJ":"10","J5":"10","77":"10","F5":"10","P2":"10","Q8":"10","P4":"10","VJ":"10","JJ":"10","HG":"10","J4":"10","PM":"10","JH":"10","RR":"10","VQ":"10","P8":"10","MQ":"10","R3":"10","PH":"10","GJ":"10","MX":"10","JG":"10","FF":"10","XW":"10","94":"10","RH":"10","PP":"10","PF":"10","MR":"10","Q9":"10","85":"10","RG":"10","58":"10","95":"10","FV":"10","P9":"10","WR":"10","GP":"10","PQ":"10","72":"10","MF":"10","GX":"10","FJ":"10","32":"10","VP":"10","23":"10","GH":"10","CX":"10","QH":"10","PJ":"10","RX":"10","87":"10","9G":"10","MJ":"10","CF":"10","9J":"10","G6":"10","R2":"10","FP":"10","M9":"10","HP":"10","86":"10","57":"10","C5":"10","GV":"10","M5":"10","H4":"10","J2":"10","MM":"10","HM":"10","CG":"10","76":"10","MW":"10","22":"10"},"66":{"CX":"10","84":"10","9V":"10"}},"29":{"HH":{"PX":"10","QX":"10","RX":"10"},"HJ":{"Q2":"10"}},"49":{"QX":{"XC":"10","WC":"10","XF":"10","WF":"10"},"6J":{"3Q":"10","2Q":"10"},"5M":{"CG":"10","CH":"10"}},"62":{"84":{"78":"10"},"GH":{"PX":"10"},"HH":{"F9":"10","C8":"10","F7":"10","C9":"10","F8":"10"},"HG":{"WQ":"10"},"GJ":{"J4":"10","J3":"10"}},"48":{"3J":{"7J":"10"},"3M":{"25":"10","24":"10"}},"2Q":{"WH":{"RM":"10"},"RR":{"J4":"10","J3":"10"}},"PX":{"4Q":{"QJ":"10","QH":"10","QG":"10"}},"64":{"6X":{"CC":"10","99":"10","C9":"10"},"22":{"CX":"10","CW":"10","FX":"10"},"45":{"6G":"10","45":"10","7M":"10","55":"10","7G":"10","54":"10","44":"10","8G":"10","6M":"10"}},"8M":{"5H":{"FC":"10","CJ":"10","H8":"10","CM":"10","GC":"10","F8":"10"}},"4F":{"5Q":{"49":"10","59":"10","57":"10","47":"10","58":"10","48":"10"}},"3Q":{"MJ":{"9Q":"10","9H":"10","9P":"10","8H":"10","9G":"10","8Q":"10","8P":"10","8G":"10"},"2C":{"54":"10","53":"10"}},"28":{"9C":{"3X":"10","3W":"10"},"66":{"P2":"10"},"65":{"PX":"10","RJ":"10","QX":"10","VJ":"10","QW":"10","QV":"10"}},"54":{"W2":{"MX":"10","8F":"10","8C":"10","9V":"10","MW":"10"},"6W":{"FJ":"10","FH":"10","CJ":"10","CM":"10"},"PG":{"J6":"10"},"FP":{"WJ":"10","VM":"10","VJ":"10","WM":"10"},"68":{"2P":"10","2Q":"10"},"HF":{"2R":"10","2V":"10"},"HG":{"44":"10","33":"10","34":"10","43":"10"},"8Q":{"PV":"10","PR":"10","RW":"10","VQ":"10","RQ":"10","WW":"10","PP":"10","QP":"10","QR":"10","VR":"10","PQ":"10","VW":"10","RX":"10","QQ":"10","QV":"10"},"FW":{"MF":"10","MH":"10","JH":"10","JG":"10","MG":"10"},"58":{"XQ":"10","XP":"10"},"W3":{"J7":"10","J6":"10","H4":"10","H7":"10","H6":"10","R4":"10","G4":"10"},"6X":{"6R":"10","7Q":"10","6Q":"10","7R":"10"},"PP":{"44":"10","45":"10","33":"10","46":"10","32":"10","34":"10","43":"10"}},"3C":{"R7":{"M7":"10","P7":"10"},"8C":{"WJ":"10","WM":"10"},"MP":{"P3":"10","M4":"10","P4":"10","M3":"10"},"7R":{"4J":"10","3C":"10","6P":"10","6M":"10","5P":"10","5M":"10"}},"3W":{"GW":{"F3":"10","G3":"10","G4":"10"},"H8":{"2P":"10","2M":"10"}},"HV":{"W5":{"J9":"10","JC":"10","HF":"10","H9":"10","HC":"10","JF":"10"}},"4V":{"7P":{"25":"10","23":"10","48":"10","24":"10"},"6P":{"X4":"10"},"G2":{"C8":"10","F7":"10","F6":"10","C6":"10","F8":"10","C7":"10"},"6M":{"VX":"10","VW":"10"}},"73":{"GM":{"FP":"10","CQ":"10","CP":"10","FQ":"10"}},"9C":{"Q4":{"M7":"10","F9":"10","M6":"10","Q7":"10","F8":"10"}},"8P":{"9R":{"5Q":"10","6P":"10","6Q":"10"}},"JV":{"5J":{"4X":"10","4W":"10"}},"94":{"XJ":{"22":"10","FW":"10","FX":"10","32":"10","FV":"10","CV":"10"},"XM":{"V2":"10","V7":"10"},"XH":{"3X":"10","3W":"10","2V":"10","2X":"10","2W":"10"},"WH":{"XX":"10"},"XP":{"2F":"10","3J":"10","3M":"10","3H":"10","3P":"10","5M":"10"},"WP":{"XJ":"10","XM":"10","WJ":"10","WM":"10","WP":"10"}},"G4":{"87":{"XG":"10","WG":"10","XF":"10","WF":"10"}},"2R":{"G8":{"XM":"10","VQ":"10","RQ":"10","VP":"10","RP":"10","XP":"10","QP":"10","QM":"10"},"9G":{"Q9":"10","PM":"10","MM":"10","MP":"10","V9":"10","QF":"10","QC":"10","RJ":"10","JP":"10","R9":"10","VJ":"10","VH":"10","RH":"10"}},"38":{"XH":{"QM":"10","MM":"10","MP":"10","HF":"10","GF":"10","QP":"10","GC":"10","QQ":"10","RQ":"10","JQ":"10","JP":"10","QR":"10","PQ":"10","RR":"10","JF":"10","PP":"10"},"7G":{"QM":"10","PJ":"10","RP":"10","PM":"10","MM":"10","MP":"10","QP":"10","MJ":"10","RM":"10","VQ":"10","PV":"10","RQ":"10","RJ":"10","PQ":"10","PH":"10","QJ":"10","PP":"10"}},"85":{"XJ":{"MJ":"10","PJ":"10"},"WH":{"QX":"10"}},"58":{"F3":{"P4":"10","Q4":"10"},"2R":{"P6":"10","M6":"10"}},"95":{"5W":{"2G":"10","2P":"10","2J":"10","3M":"10","3H":"10","2M":"10","2H":"10","6J":"10"},"4V":{"JW":"10","HW":"10","HX":"10","JX":"10"},"4W":{"XJ":"10","XM":"10","XH":"10","J3":"10","M4":"10","XP":"10","J2":"10","VF":"10","H2":"10"}},"3V":{"7V":{"WR":"10","XQ":"10","VV":"10","RR":"10","XR":"10","RV":"10","VR":"10","VW":"10","WV":"10"}},"GP":{"PV":{"6X":"10","5Q":"10","6W":"10","5R":"10"},"PW":{"C8":"10","83":"10","76":"10","98":"10","9C":"10","84":"10","87":"10","97":"10","86":"10","85":"10","96":"10","9F":"10","99":"10","9J":"10","95":"10","8C":"10","C9":"10","9M":"10","77":"10","94":"10","93":"10","89":"10","CG":"10"},"PX":{"FW":"10","GW":"10","GV":"10","GX":"10","FX":"10","FV":"10"},"VP":{"22":"10","23":"10"},"RP":{"V2":"10"},"RM":{"VX":"10"}},"35":{"JP":{"W3":"10","R3":"10","W4":"10","R4":"10","V4":"10","V3":"10"},"MP":{"4G":"10","5J":"10","5M":"10","4J":"10","5H":"10","49":"10","6H":"10","4M":"10","5G":"10","58":"10","5F":"10","3M":"10","48":"10"},"PP":{"F8":"10"},"QP":{"3X":"10","3W":"10"},"MM":{"9Q":"10","9P":"10","CQ":"10","CR":"10","CP":"10","CM":"10"}},"2C":{"9R":{"WV":"10"},"9Q":{"97":"10","98":"10","73":"10"}},"FJ":{"JQ":{"J2":"10"},"CH":{"R8":"10","R9":"10","RG":"10"}},"JM":{"HW":{"4W":"10"},"HX":{"5G":"10"},"GX":{"PC":"10","P8":"3","QH":"10","RW":"10","QQ":"10","QX":"10","RX":"10","9G":"10","VX":"10","WR":"10","9C":"10","P9":"3|10","MH":"10","M9":"3","WV":"10","MG":"10","Q9":"10","9F":"10","RQ":"10","VH":"10","MF":"10","RJ":"10","VW":"10","RH":"10","WM":"10","QW":"10","RV":"10","PH":"10","QG":"10","PF":"10","VF":"10","VV":"10","M8":"3","QV":"10","CF":"10","VR":"10","RG":"10","RR":"10","QR":"10","CG":"10"}},"QH":{"XF":{"2P":"10","3J":"10","2J":"10","3M":"10","2M":"10","2Q":"10","3P":"10"},"WF":{"XJ":"10","WR":"10","XM":"10","RW":"10","XR":"10"}},"47":{"P3":{"VF":"10","W7":"10","X8":"10","W8":"10","VG":"10","V9":"10","RG":"10","X7":"10","VC":"10","RC":"10","W9":"10","RF":"10","VH":"10","WC":"10","RH":"10","V8":"10"},"W2":{"2P":"10","2M":"10"}},"87":{"RQ":{"2M":"10","2W":"10"},"QP":{"HW":"10","JW":"10"},"QQ":{"VQ":"10","RJ":"10","VP":"10","WQ":"10","VJ":"10","WP":"10"}},"MJ":{"2F":{"88":"10","99":"10"}},"4M":{"2G":{"V8":"10","GC":"10","F8":"10","CM":"10","MJ":"10","F7":"10","CH":"10","J3":"10","W6":"10","X6":"10","CJ":"10","FJ":"10","MH":"10","G8":"10","PQ":"10","MC":"10","M5":"10","MG":"10","FF":"10","F6":"10","J4":"10","P3":"10","MF":"10","X4":"10","V3":"10","CP":"10","GH":"10","JG":"10","GF":"10","FW":"10","X7":"10","M4":"10","FH":"10","PH":"10","F9":"10","G9":"10","CQ":"10","PG":"10","M3":"10","P4":"10","MQ":"10","GJ":"10","FG":"10","FC":"10","P5":"10","W7":"10"},"3F":{"8J":"10","4J":"10","4H":"10","5J":"10","5V":"10","4G":"10","67":"10","4M":"10","5R":"10","7J":"10","6J":"10","5M":"10"},"2F":{"R7":"10","MQ":"10","R6":"10","MM":"10","9V":"10","MJ":"10","M3":"10","J3":"10","J4":"10","M2":"10","QR":"10","Q7":"10","MR":"10","RH":"10","9R":"10","M4":"10"},"3C":{"PX":"10"},"2C":{"WH":"10","PP":"10","QP":"10","QM":"10","RM":"10","PM":"10"},"39":{"FJ":"10","FM":"10","GG":"10","GH":"10","HG":"10","JG":"10","GM":"10"},"4C":{"3R":"10","8M":"10","8P":"10","4V":"10","4R":"10"}},"55":{"38":{"GV":"10","GR":"10"},"45":{"83":"10","82":"10"},"84":{"X2":"10"},"4Q":{"JG":"10","MC":"10","HF":"10","HG":"10","GF":"10","JC":"10","GC":"10","HH":"10","JF":"10","HC":"10","H9":"10","G9":"10","J9":"10"},"39":{"GX":"10"},"9V":{"P8":"10","QF":"10","QC":"10","V9":"10","P7":"10","JP":"10","QJ":"10","QH":"10","HM":"10","JM":"10","QG":"10"},"44":{"9R":"10","9V":"10","GQ":"10","FP":"10","CW":"10","FQ":"10","CV":"10","9W":"10"},"94":{"22":"10"},"43":{"XJ":"10","XH":"10","QG":"10"},"62":{"38":"10"},"F9":{"75":"10"},"3Q":{"PJ":"10","QJ":"10","QH":"10","PH":"10"},"Q6":{"6X":"10","6W":"10","5X":"10","5W":"10","7W":"10","7V":"10"},"F4":{"X7":"10","X6":"10"},"G4":{"56":"10","54":"10","44":"10","26":"10","57":"10","47":"10","46":"10","35":"10","27":"10","42":"10","34":"10"},"83":{"VP":"10"},"53":{"29":"10"},"93":{"2X":"10"},"8C":{"MV":"10","MR":"10","MW":"10"},"3C":{"G2":"10"}},"45":{"QM":{"39":"10","46":"10","36":"10","35":"10","29":"10"},"XP":{"7V":"10","8V":"10","8R":"10","8W":"10","9X":"10","8X":"10","7R":"10","6R":"10"},"FV":{"X2":"10"},"HV":{"XV":"10"},"JV":{"2V":"10","2W":"10"},"GV":{"JP":"10","FG":"10","HG":"10","RM":"10","H8":"10","PP":"10","9H":"10","F8":"10","GF":"10","Q9":"10","89":"10","VC":"10","99":"10","HC":"10","CF":"10","CC":"10","77":"10","RF":"10","HF":"10","G8":"10","8J":"10","HH":"10","G7":"10","78":"10","9G":"10","68":"10","VM":"10","PQ":"10","CJ":"10","67":"10","MP":"10","GG":"10","VH":"10","RJ":"10","66":"10","GC":"10","R9":"10","9J":"10","F9":"10","RH":"10","RC":"10","FC":"10","QC":"10","VP":"10","MV":"10","VQ":"10","MR":"10","RG":"10","FF":"10","PV":"10","8H":"10","H9":"10","MQ":"10","VF":"10","VG":"10","PM":"10","76":"10","GH":"10","C9":"10","G9":"10","C8":"10","VJ":"10","FH":"10"},"PM":{"J7":"10","R7":"10","H7":"10","J4":"10","J3":"10","R8":"10","R5":"10","R9":"10","V8":"10","J8":"10","J5":"10","H8":"10","F8":"10"},"RG":{"7G":"10"},"GR":{"6G":"10","5J":"10","5M":"10","5H":"10","4W":"10","5P":"10","4M":"10","6H":"10","6P":"10","3W":"10","6M":"10","6J":"10"},"XG":{"P7":"10"},"FR":{"XX":"10"},"CM":{"VG":"10","WG":"10","VF":"10","WF":"10"},"R9":{"9R":"10","9V":"10","CR":"10","CQ":"10","CV":"10"},"R5":{"6X":"10","6W":"10"},"PX":{"85":"10"},"QJ":{"5P":"10","GC":"10","F8":"10","6Q":"10","4M":"10","3J":"10","5Q":"10","3P":"10","3H":"10","3M":"10","6V":"10","4R":"10","G8":"10","5V":"10","5R":"10","4J":"10","6R":"10","4V":"10","F9":"10","G9":"10","4P":"10","4Q":"10"}},"86":{"H4":{"M6":"10","C6":"10","M7":"10","H7":"10","98":"10","J8":"10","96":"10","J7":"10","C5":"10","97":"10","Q8":"10","C8":"10","J6":"10","H8":"10","Q7":"10","C7":"10"},"J5":{"52":"10","53":"10","42":"10","43":"10"}},"63":{"3Q":{"R4":"10"},"9G":{"27":"10"},"8G":{"98":"10","99":"10"}},"57":{"3F":{"4X":"10","3X":"10"},"27":{"FQ":"10"},"6V":{"P7":"10"},"48":{"38":"10","46":"10","37":"10","27":"10","36":"10","26":"10","28":"10"}},"2H":{"X6":{"CV":"10"}},"83":{"45":{"GG":"10","GF":"10"},"7V":{"CX":"10","GV":"10","GX":"10","CW":"10","FX":"10"},"5R":{"VQ":"10","VP":"10","VM":"10","VJ":"10","WM":"10"},"X8":{"M6":"10","M5":"10"},"5J":{"FF":"10","3G":"10","2P":"10","2G":"10","4F":"10","3H":"10","54":"10","98":"10","3F":"10","44":"10","CP":"10","43":"10","2M":"10","42":"10","3J":"10","C8":"10","2F":"10","CM":"10","2Q":"10","53":"10","93":"10","52":"10","C4":"10"},"4J":{"XX":"10","XV":"10","VP":"10","RP":"10","XM":"10","XQ":"10","VQ":"10","RQ":"10","X4":"10","XR":"10","WX":"10","WW":"10","XW":"10"},"8Q":{"38":"10","45":"10","82":"10","25":"10","73":"10","35":"10","44":"10","24":"10","43":"10","VX":"10","46":"10","37":"10","62":"10","83":"10","27":"10","72":"10","34":"10","36":"10","26":"10","28":"10","47":"10"},"5H":{"4X":"10","5X":"10","4V":"10","4R":"10"},"7Q":{"W7":"10","W8":"10"},"8P":{"7M":"10","8V":"10","9V":"10","8R":"10","7J":"10","8X":"10","7P":"10","6Q":"10","6H":"10","6P":"10","7H":"10","9Q":"10","9R":"10","9W":"10","6M":"10","6J":"10"},"6M":{"52":"10"}},"5W":{"7H":{"79":"10"},"8G":{"94":"10","C4":"10","FC":"10","FF":"10","C8":"10","F7":"10","CF":"10","F8":"10","C7":"10"}},"3P":{"J9":{"F2":"10","G2":"10"},"7W":{"MJ":"10","MH":"10","JH":"10","HM":"10","JJ":"10","JM":"10"},"4G":{"4R":"10","7M":"10","5R":"10","7Q":"10","7P":"10","6Q":"10","6P":"10","3V":"10","5V":"10","4V":"10","6M":"10"},"WV":{"J7":"10","J6":"10","H7":"10","H6":"10"}},"8X":{"WX":{"74":"10"}},"4H":{"F3":{"HW":"10","HX":"10"},"F4":{"J2":"10","H2":"10"}},"5C":{"28":{"MH":"10"},"7P":{"98":"10"}},"MW":{"78":{"HQ":"10","JP":"10","HP":"10","JM":"10"},"79":{"RW":"10","M2":"10","RX":"10","RC":"10"},"64":{"CR":"10","CV":"10"},"7C":{"M4":"10"}}},"index":{"university,1|retail,2|tourism,3|wreck,4|historical,5|artsCulture,6|namedBuilding,7|water,8|wetland,9|park,10|beach,11|natureReserve,12|cemetery,13|trail,14":{}}}