{"9Q":{"P2":{"9G":{"FW":"10","FX":"10"}},"HF":{"WJ":{"5P":"10"},"XV":{"2X":"10"},"VR":{"GV":"10"},"XM":{"J7":"10","M7":"10","J6":"10","M6":"10","J2":"10","M5":"10"},"C5":{"HW":"10"},"RJ":{"9Q":"10"},"F4":{"JP":"10","PV":"10","JV":"10","GG":"10","MJ":"10","PR":"10","MP":"10","QP":"10","QM":"10","GP":"10","MH":"10","PQ":"10","PP":"10","JJ":"10","MV":"10","GH":"10","JM":"10","JQ":"10","MM":"10","FH":"10","PJ":"10","PH":"10","MR":"10","PM":"10","MQ":"10","FG":"10","GJ":"10","GQ":"10"},"WM":{"G5":"10","F4":"10"},"VJ":{"42":"10"},"XW":{"22":"10","32":"10"},"F5":{"J3":"10","J2":"10","M3":"10"}},"53":{"XW":{"6X":"10","4X":"10","5X":"10","3X":"10"},"XX":{"63":"10","52":"10","74":"10","64":"10","73":"10","32":"10","42":"10","62":"10"}},"2C":{"WH":{"52":"10","62":"10"},"PP":{"J7":"10","H4":"10"},"92":{"56":"10","66":"10","57":"10"},"WG":{"6X":"10","5F":"10","5X":"10","7X":"10","5C":"10","4C":"10"},"46":{"VQ":"10","RQ":"10","RR":"10","VR":"10"},"WF":{"FF":"10","2W":"10","CQ":"10","3X":"10","CC":"10","68":"10","9V":"10","CF":"10","69":"10","2X":"10","58":"10","CR":"10","FC":"10","59":"10","CV":"10","CW":"10","9Q":"10","9R":"10"}},"25":{"HM":{"XW":"10","WW":"10","XV":"10","XR":"10","WX":"10","XX":"10","WV":"10"},"HP":{"HF":"10","HC":"10"},"JJ":{"HX":"10","FX":"10","9R":"10","6R":"10","GP":"10","6V":"10","5W":"10","9P":"10","4V":"10","8P":"10","5M":"10","7R":"10","5V":"10","9W":"10","6J":"10","6W":"10","9M":"10","4Q":"10","5Q":"10","6P":"10","5R":"10","FM":"10","CQ":"10","7W":"10","9V":"10","7J":"10","4R":"10","FV":"10","4P":"10","8J":"10","6H":"10","7P":"10","6M":"10","7H":"10","CV":"10","8X":"10","GQ":"10","CX":"10","FJ":"10","3X":"10","7X":"10","9X":"10","4W":"10","JW":"10","CW":"10","8V":"10","7Q":"10","CJ":"10","8M":"10","FP":"10","GX":"10","HW":"10","8R":"10","7V":"10","GR":"10","8Q":"10","FR":"10","GV":"10","CP":"10","JV":"10","9J":"10","HQ":"10","GW":"10","CR":"10","4X":"10","HV":"10","FQ":"10","HP":"10","3V":"10","CM":"10","5P":"10","GM":"10","8H":"10","7M":"10","3W":"10","FW":"10","8W":"10","6X":"10","9Q":"10","JX":"10","HR":"10","6Q":"10","5X":"10"},"JM":{"F7":"10","6C":"10","6F":"10","5G":"10","8J":"10","44":"10","HC":"10","9M":"10","GG":"10","5M":"10","H8":"10","C4":"10","67":"10","7F":"10","66":"10","5P":"10","CJ":"10","82":"10","5F":"10","FG":"10","56":"10","H2":"10","6P":"10","2X":"10","78":"10","3R":"10","G7":"10","8H":"10","HF":"10","F8":"10","59":"10","68":"10","39":"10","H3":"10","65":"10","7P":"10","4P":"10","6M":"10","42":"10","H7":"10","C8":"10","C6":"10","4W":"10","89":"10","9P":"10","9H":"10","G2":"10","H9":"10","FH":"10","69":"10","G9":"10","7M":"10","36":"10","G3":"10","8Q":"10","34":"10","CP":"10","88":"10","6G":"10","7J":"10","F2":"10","4C":"10","H5":"10","F6":"10","2W":"10","8G":"10","8C":"10","75":"10","3X":"10","46":"10","49":"10","5H":"10","98":"10","62":"10","43":"10","CM":"10","CH":"10","48":"10","GC":"10","5Q":"10","6Q":"10","4G":"10","6H":"10","77":"10","F5":"10","7Q":"10","64":"10","84":"10","8M":"10","4F":"10","HG":"10","G8":"10","74":"10","54":"10","3C":"10","3W":"10","9F":"10","F9":"10","4V":"10","73":"10","CC":"10","GJ":"10","9C":"10","H6":"10","8P":"10","C9":"10","97":"10","FM":"10","24":"10","J3":"10","92":"10","53":"10","FF":"10","C2":"10","99":"10","93":"10","33":"10","94":"10","96":"10","G4":"10","7C":"10","8F":"10","4R":"10","2R":"10","38":"10","85":"10","58":"10","95":"10","3V":"10","5J":"10","72":"10","35":"10","2V":"10","79":"10","F3":"10","C7":"10","FJ":"10","32":"10","4J":"10","23":"10","4Q":"10","GH":"10","47":"10","7G":"10","87":"10","6J":"10","CF":"10","9G":"10","G6":"10","9J":"10","4M":"10","FP":"10","7H":"10","GF":"10","55":"10","45":"10","86":"10","63":"10","C3":"10","57":"10","C5":"10","F4":"10","G5":"10","83":"10","H4":"10","4H":"10","J2":"10","FC":"10","52":"10","37":"10","CG":"10","5C":"10","76":"10","22":"10"}},"C8":{"X8":{"83":"10"},"HM":{"JR":"10","GM":"10","JQ":"10","HP":"10"},"X7":{"3R":"10","3Q":"10","2P":"10","2R":"10","2Q":"10","3P":"10"},"W7":{"98":"10","99":"10"}},"2W":{"8F":{"QJ":"10"}},"HC":{"8H":{"R7":"10","V6":"10","R6":"10"},"7M":{"X9":"10","W5":"10","X8":"10","X6":"10","X4":"10","X7":"10","X5":"10"},"8M":{"28":"10","2F":"10","2C":"10","29":"10"}},"56":{"4Q":{"QX":"10"},"4R":{"Q3":"10","Q2":"10"}},"3J":{"3J":{"F4":"10"}},"MJ":{"64":{"FJ":"10","FM":"10"}},"92":{"2P":{"FM":"10","FP":"10","CJ":"10","CP":"10","FH":"10","CM":"10","FJ":"10"}},"57":{"CR":{"W2":"10","X2":"10","X7":"10","X6":"10","W7":"10","W6":"10"},"CQ":{"WX":"10"},"FR":{"22":"10","23":"10","32":"10","42":"10","34":"10","24":"10"},"FQ":{"4X":"10","3X":"10","2W":"10"}},"36":{"M9":{"7P":"10","7Q":"10","7R":"10"}},"2F":{"94":{"6G":"10","C9":"10","C6":"10","5J":"10","5H":"10","C5":"10","7J":"10","F9":"10","C8":"10","6H":"10","5G":"10","6M":"10","F6":"10","6J":"10","F5":"10"},"4C":{"8W":"10","8X":"10","3F":"10","3G":"10","5V":"10","6R":"10","4G":"10","4F":"10","5R":"10"}},"44":{"XG":{"7W":"10","7V":"10","6W":"10","8V":"10","9V":"10","8W":"10","8X":"10","FR":"10","6V":"10","CR":"10","CV":"10","7X":"10","6X":"10","9R":"10"}},"HJ":{"XC":{"VX":"10","RX":"10"},"XF":{"RW":"10","VV":"10","VQ":"10","RQ":"10","RJ":"10","RR":"10","VP":"10","RP":"10","R2":"10","RV":"10","VM":"10","VR":"10","VW":"10","VJ":"10","RX":"10","RM":"10","WM":"10","WP":"10"}},"29":{"7F":{"5X":"10","6P":"10","2W":"10","6Q":"10","3P":"10","3H":"10","7P":"10","9P":"10","3M":"10","6V":"10","F3":"10","3G":"10","8M":"10","3Q":"10","5V":"10","2X":"10","6W":"10","F2":"10","2R":"10","2V":"10","G7":"10","6R":"10","9M":"10","7Q":"10","3R":"10","5W":"10","8P":"10","2Q":"10"},"6G":{"P2":"10","V8":"10","PV":"10","XG":"10","WH":"10","F5":"10","F4":"10","W5":"10","R9":"10","W3":"10","QQ":"10","PR":"10","G4":"10","X3":"10","G5":"10","QC":"10","F7":"10","WJ":"10","Q8":"10","XJ":"10","QP":"10","QM":"10","W6":"10","X5":"10","X6":"10","V9":"10","Q9":"10","W4":"10","F6":"10","XF":"10","RP":"10","P3":"10","RQ":"10","VH":"10","QF":"10","RJ":"10","RH":"10","X4":"10","WM":"10","VC":"10","RM":"10","X2":"10","WC":"10","W9":"10","M2":"10","M4":"10","VF":"10","VG":"10","M3":"10","P4":"10","XH":"10","QV":"10","RG":"10","G6":"10","P5":"10","WF":"10","QR":"10","W7":"10","W8":"10"},"FM":{"Q3":"10","H7":"10","R3":"10","Q4":"10","J8":"10","R4":"10","H8":"10"},"CC":{"C4":"10","C3":"10"},"5R":{"FM":"10","FP":"10"},"7G":{"97":"10","55":"3","C7":"10","XC":"10","XV":"10","98":"10","XH":"10","HG":"10","58":"3","4V":"10","V7":"10","8P":"10","5J":"10","5M":"10","5C":"10","GF":"10","75":"10","56":"3","4Q":"10","6P":"10","W6":"10","5F":"10","4R":"10","CF":"10","4J":"10","W4":"10","WG":"10","WH":"10","C6":"10","4P":"10","WF":"10","6M":"10","8X":"10","CX":"10","47":"3","CG":"10","W8":"10","9G":"10","57":"3","46":"3","X3":"10","GG":"10","9F":"10","VH":"10","W7":"10","W9":"10","V9":"10","48":"3","WC":"10","4M":"10","RH":"10","45":"3","XG":"10|3","W3":"10","J9":"10","XF":"10","22":"10","RG":"10","5P":"10","VG":"10","7M":"10","X8":"10","X7":"10","C8":"10","V6":"10","5X":"10","X4":"10"},"8Q":{"J2":"10","G2":"10","H2":"10"},"8G":{"2G":"10","5W":"10","7M":"10","2H":"10","33":"10","5M":"10","24":"10","8X":"10","7P":"10","5P":"10","5Q":"10","2V":"10","4M":"10","6P":"10","9P":"10","34":"10","7X":"10","8M":"10","8P":"10","3W":"10","6M":"10"},"4C":{"R7":"10","V8":"10","R8":"10","H4":"10","J9":"10","J6":"10","H5":"10","M9":"10","R6":"10","H8":"10","J4":"10","M7":"10","J7":"10","M6":"10","H7":"10","J8":"10","M8":"10","J5":"10","H6":"10"},"8H":{"83":"10","63":"10","82":"10","73":"10","72":"10"},"6F":{"MX":"10","PX":"10","XW":"10","XX":"10"},"6Q":{"66":"10","65":"10"},"6H":{"X9":"10","XC":"10","WC":"10","X8":"10","W9":"10"},"8F":{"5Q":"10","6R":"10","5R":"10"},"8P":{"HX":"10","GX":"10","JX":"10"},"7H":{"74":"10","84":"10","82":"10","92":"10","C2":"10","G4":"10","83":"10","75":"10","93":"10"},"9J":{"88":"10","92":"10","89":"10","C2":"10"}},"2G":{"77":{"WH":"10","WJ":"10","VQ":"10","VH":"10","VP":"10","WQ":"10","VJ":"10","WM":"10"}},"76":{"5Q":{"77":"10","79":"10","35":"10","34":"10"},"5P":{"2G":"10","3X":"10","2H":"10","2Q":"10","2W":"10"},"4P":{"WJ":"10","WQ":"3","WM":"3","WP":"3"}},"G2":{"9C":{"CX":"10","9V":"10","F7":"10","F8":"10","F3":"10","9X":"10","F9":"10","C8":"10","C3":"10","FC":"10","CV":"10","CW":"10","9W":"10","C7":"10","F6":"10"},"9F":{"92":"10","C2":"10"}},"3M":{"42":{"MM":"10"}},"GP":{"9F":{"96":"10","C6":"10"}},"JF":{"3Q":{"26":"10"},"2P":{"XW":"10","MG":"10","HX":"10","G6":"10","GP":"10","JP":"10","MH":"10","XV":"10","FG":"10","JG":"10","JH":"10","PP":"10","VR":"10","C4":"10","F8":"10","JQ":"10","H6":"10","QR":"10","FM":"10","W6":"10","32":"10","HC":"10","H5":"10","MC":"10","PC":"10","MJ":"10","G8":"10","HH":"10","G5":"10","GQ":"10","FJ":"10","JJ":"10","WV":"10","RP":"10","C5":"10","WR":"10","PF":"10","36":"10","MP":"10","H7":"10","FP":"10","MF":"10","37":"10","H4":"10","RJ":"10","MM":"10","HW":"10","M9":"10","RV":"10","GR":"10","WX":"10","GV":"10","XR":"10","JV":"10","HQ":"10","HV":"10","F7":"10","HP":"10","J9":"10","22":"10","G4":"10","PR":"10","33":"10","PH":"10","FF":"10","23":"10","XX":"10","H9":"10","MQ":"10","8F":"10","JM":"10","PG":"10","92":"10","CH":"10","WW":"10","G9":"10","C8":"10","FH":"10","RR":"10"},"2J":{"JR":"10","HR":"10"},"2M":{"7M":"10","FP":"10","J8":"10","J7":"10","CP":"10","FH":"10","FJ":"10","G2":"10","CW":"10","6M":"10"},"2Q":{"W5":"10","W3":"10","X3":"10","J6":"10","J3":"10","X5":"10","W6":"10","X6":"10","H5":"10","M5":"10","V5":"10","P3":"10","X4":"10","X2":"10","M2":"10","M4":"10","M6":"10","Q4":"10","P4":"10","W2":"10","J5":"10","P6":"10","P5":"10","H6":"10"},"3P":{"PR":"10","3Q":"10","HH":"10","MR":"10","7C":"10","FR":"10"},"JM":{"2G":"10","3F":"10","2F":"10","3J":"10","3G":"10","3H":"10","2H":"10"}},"Q6":{"74":{"JC":"10","JF":"10"}},"45":{"V5":{"45":"10","63":"10","33":"10","35":"10","54":"10","44":"10","43":"10","62":"10","42":"10","53":"10","34":"10","52":"10"},"V4":{"6X":"10","5X":"10"}},"86":{"HQ":{"FF":"10","MH":"10","MC":"10","HF":"10","GF":"10","JC":"10","J8":"10","GC":"10","J7":"10","M9":"10","HC":"10","H9":"10","G9":"10","J9":"10"},"JH":{"VG":"10","RG":"10"},"MP":{"J9":"10","HF":"10","GC":"10","HC":"10","43":"10","36":"10","33":"10","H9":"10","35":"10","76":"10","38":"10","45":"10","37":"10","85":"10","5F":"10","48":"10","62":"10","HG":"10","46":"10","64":"10","GF":"10","39":"10","77":"10","47":"10","J8":"10","63":"10","55":"10"},"MR":{"HQ":"10","HP":"10"},"MM":{"6X":"10"}},"26":{"94":{"F5":"10","C5":"10","C6":"10"},"C4":{"53":"10","56":"10","43":"10","52":"10","42":"10","57":"10","44":"10","G2":"10","5C":"10","H2":"10","45":"10","49":"10","59":"10","G3":"10","4C":"10","3C":"10","48":"10","F2":"10","46":"10","39":"10","47":"10","54":"10","58":"10","H3":"10","55":"10"},"Q8":{"V2":"10","R2":"10"},"C3":{"FX":"10","5W":"10","5X":"10","5R":"10","GX":"10","4X":"10","5V":"10"},"Q7":{"JP":"10","VQ":"10","VP":"10","JR":"10","JQ":"10"}},"C7":{"FF":{"VX":"10","WX":"10"},"FG":{"W2":"10","V2":"10"},"JC":{"54":"10","53":"10","M4":"10","42":"10","M3":"10"},"RG":{"7M":"10","3F":"10","8J":"10","FH":"10","8H":"10","9M":"10","2C":"10","7P":"10","2F":"10","GG":"10","CM":"10","9P":"10","8M":"10","8P":"10","7H":"10","9J":"10"},"QF":{"3J":"10","5J":"10","5H":"10"},"HC":{"HQ":"10","P4":"10","CR":"10","JQ":"10"},"H9":{"WJ":"10","VH":"10","VJ":"10"},"J9":{"38":"10","4Q":"10","4P":"10","5J":"10","4J":"10","8Q":"10","4X":"10","7Q":"10","3Q":"10","5Q":"10","7R":"10"}},"3Q":{"C3":{"8J":"10","7H":"10","8H":"10","7J":"10"},"MM":{"8F":"10","8C":"10","9M":"10","9J":"10"}},"59":{"P7":{"H4":"10","VM":"10","RF":"10","G2":"10","J3":"10","H2":"10","G3":"10","J2":"10","VH":"10","QF":"10","RJ":"10","XR":"10","RH":"10","VJ":"10","XQ":"10","RM":"10","QG":"10","RG":"10","H3":"10"},"P6":{"HW":"10","HX":"10","GX":"10","RC":"10","RF":"10"},"Q8":{"56":"10","44":"10","45":"10","57":"10","47":"10","46":"10","48":"10"},"Q7":{"2H":"10","4M":"10","3J":"10","5Q":"10","3P":"10","2F":"10","3H":"10","2G":"10","3M":"10","3V":"10","3G":"10","4R":"10","3Q":"10","5R":"10","4W":"10","4J":"10","4F":"10","4V":"10","2M":"10","3R":"10","3F":"10","4Q":"10","4P":"10","2J":"10","2Q":"10"}},"2X":{"34":{"XC":"10","XF":"10"}},"P3":{"G2":{"9V":"10"}},"3C":{"84":{"VX":"10","VW":"10"},"55":{"J3":"10","J2":"10","M2":"10","M3":"10"},"39":{"R7":"10","MH":"10","W7":"10","V7":"10","W9":"10","V8":"10","MG":"10"},"MW":{"97":"10","98":"10","C8":"10","C7":"10"},"F7":{"86":"10","96":"10","85":"10"},"95":{"82":"10","92":"10","C3":"10","93":"10","C2":"10"},"V9":{"23":"10","24":"10"},"94":{"CX":"10","PJ":"10","2W":"10","HM":"10","PM":"10","8W":"10","QP":"10","VG":"10","RG":"10","9X":"10","7Q":"10","8X":"10","7P":"10","PQ":"10","2V":"10","2X":"10","JM":"10","CW":"10","VH":"10","RH":"10","HP":"10","9W":"10","PP":"10"},"85":{"W2":"10"},"C4":{"3X":"10"},"Q4":{"8C":"10","4C":"10"}},"JH":{"5C":{"MV":"10","PW":"10","MQ":"10","PR":"10","MW":"10","MX":"10","P8":"10","PV":"10","M8":"10","PQ":"10","MR":"10","PX":"10"},"M5":{"C5":"10","C6":"10"}},"HG":{"P7":{"QM":"10","PJ":"10","QW":"10","PW":"10","PG":"10","PM":"10","PR":"10","PQ":"10","QV":"10","PH":"10","QJ":"10"}},"5J":{"3W":{"9X":"10","9W":"10"}},"2R":{"3R":{"J4":"10","J3":"10","M4":"10","J2":"10","J5":"10","M5":"10"},"3Q":{"JX":"10"},"6W":{"G6":"10","F6":"10","H3":"10","F5":"10","H8":"10","C4":"10","R8":"10","H6":"10","C2":"10","HC":"10","H5":"10","F3":"10","J8":"10","C6":"10","G8":"10","G2":"10","G5":"10","G7":"10","C5":"10","93":"10","H2":"10","J7":"10","J2":"10","H7":"10","96":"10","W9":"10","H4":"10","C3":"10","74":"10","82":"10","G3":"10","83":"10","95":"10","R9":"10","F7":"10","J9":"10","M4":"10","G4":"10","V4":"10","J6":"10","73":"10","85":"10","H9":"10","F4":"10","84":"10","92":"10","G9":"10","94":"10","F2":"10"},"PJ":{"FV":"10","FX":"10","GM":"10","GX":"10","GQ":"10","FW":"10","GR":"10","GP":"10","HR":"10","GW":"10"},"3G":{"X3":"10","X4":"10"},"GX":{"WG":"10","HX":"10","VF":"10","W7":"10","PF":"10","VP":"10","RP":"10","W8":"10","VR":"10","XQ":"10","V9":"10","VQ":"10","RQ":"10","XF":"10","X7":"10","RV":"10","WQ":"10","XG":"10","VC":"10","XJ":"10","XR":"10","RR":"10","JX":"10","WX":"10","JW":"10","V8":"10","MF":"10"},"4G":{"23":"10","39":"10","38":"10","24":"10"},"FX":{"57":"10","47":"10"},"2V":{"MJ":"10","MH":"10","HG":"10","JG":"10","MG":"10"},"6V":{"7W":"10","FX":"10","6W":"10","8V":"10","8R":"10","GX":"10","9V":"10","8W":"10","7X":"10","9R":"10"}},"22":{"65":{"XP":"10","XM":"10","XQ":"10","VQ":"10","WQ":"10","XR":"10","WR":"10","WP":"10"}},"2V":{"P8":{"74":"10","76":"10","63":"10","73":"10","64":"10","65":"10","75":"10","66":"10"},"P6":{"F2":"10","C2":"10"},"H3":{"MG":"10","Q7":"10","JG":"10","HG":"10","JC":"10","JH":"10","V7":"10","GF":"10","QH":"10","C2":"10","P4":"10","J5":"10","HC":"10","P7":"10","H5":"10","MC":"10","PC":"10","HF":"10","G8":"10","HH":"10","G7":"10","PF":"10","93":"10","J7":"10","R5":"10","QJ":"10","M8":"10","W9":"10","V5":"10","MF":"10","H4":"10","C3":"10","82":"10","GC":"10","MM":"10","M9":"10","QM":"10","M3":"10","PJ":"10","F7":"10","P9":"10","M4":"10","G4":"10","J6":"10","PH":"10","P3":"10","Q6":"10","J3":"10","F4":"10","PM":"10","R4":"10","PG":"10","92":"10","94":"10","F2":"10","JF":"10","P6":"10","M7":"10"},"J2":{"2R":"10","2Q":"10"},"G2":{"Q7":"10","JG":"10","W5":"10","JC":"10","H8":"10","J4":"10","VC":"10","HC":"10","P7":"10","MC":"10","W4":"10","WG":"10","PC":"10","RF":"10","J8":"10","HF":"10","WH":"10","WF":"10","G8":"10","WJ":"10","G7":"10","R3":"10","X9":"10","M6":"10","J7":"10","X3":"10","VH":"10","M8":"10","H7":"10","MF":"10","V5":"10","GC":"10","M9":"10","P8":"10","WC":"10","W3":"10","J9":"10","P9":"10","Q8":"10","X6":"10","V4":"10","J6":"10","X5":"10","P2":"10","H9":"10","VF":"10","J3":"10","VG":"10","W2":"10","X7":"10","G9":"10","V6":"10","JF":"10","P6":"10","X4":"10","M7":"10"},"H2":{"MG":"10","39":"10","9R":"10","FX":"10","GP":"10","JP":"10","6C":"10","MH":"10","FG":"10","HG":"10","JR":"10","9P":"10","JC":"10","8P":"10","5M":"10","2G":"10","PP":"10","VR":"10","5C":"10","MW":"10","7R":"10","9W":"10","JQ":"10","9M":"10","QH":"10","FM":"10","CQ":"10","7W":"10","9V":"10","HC":"10","MC":"10","FV":"10","HF":"10","MJ":"10","4P":"10","7P":"10","HH":"10","8X":"10","CV":"10","GQ":"10","CX":"10","FJ":"10","JJ":"10","9X":"10","3C":"10","JW":"10","CW":"10","8V":"10","PF":"10","7Q":"10","CJ":"10","46":"10","MP":"10","GG":"10","8M":"10","QJ":"10","26":"10","FP":"10","MF":"10","37":"10","GX":"10","MM":"10","HW":"10","M9":"10","8R":"10","7V":"10","QM":"10","GR":"10","8Q":"10","FR":"10","GV":"10","CP":"10","4M":"10","PJ":"10","JV":"10","HQ":"10","GW":"10","CR":"10","HV":"10","FQ":"10","J9":"10","MV":"10","MR":"10","CM":"10","PH":"10","5P":"10","VV":"10","GM":"10","MQ":"10","27":"10","PM":"10","7M":"10","JM":"10","PG":"10","FW":"10","GJ":"10","8W":"10","GH":"10","HJ":"10","9Q":"10","2F":"10","HR":"10","JF":"10","FH":"10","38":"10"}},"GH":{"VX":{"WH":"10","WP":"10"}},"64":{"3V":{"2P":"10","2M":"10","3P":"10"}},"JG":{"QP":{"WX":"10"},"QQ":{"W2":"10"}},"39":{"XM":{"RR":"10","RV":"10"}},"M2":{"F5":{"F3":"10","G3":"10","G4":"10","F4":"10"},"C8":{"M6":"10","WG":"10","VF":"10","XC":"10","WF":"10","M7":"10","R8":"10","VG":"10","J8":"10","XH":"10","V9":"10","RG":"10","J7":"10","XF":"10","XG":"10","VC":"10","RC":"10","RF":"10","W9":"10","J6":"10","R9":"10","VH":"10","WC":"10","RH":"10"},"V6":{"8W":"10"},"F8":{"2F":"10","2C":"10","29":"10"}},"JQ":{"JH":{"XQ":"10","W9":"10","W8":"10"}},"M6":{"P5":{"FJ":"10","FM":"10","FH":"10","CJ":"10"}},"54":{"F9":{"84":"10","86":"10","C6":"10","92":"10","95":"10","F3":"10","C2":"10","96":"10","94":"10","C5":"10","F4":"10","C3":"10","83":"10","93":"10","F2":"10","85":"10","C4":"10"}},"47":{"CC":{"C4":"10","F5":"10","F3":"10","G5":"10","F2":"10","C3":"10","G3":"10","G4":"10","F4":"10","C2":"10"},"C9":{"CX":"10","FX":"10"}},"3R":{"5M":{"R8":"10","V8":"10"}},"4G":{"FR":{"4X":"10","5X":"10","5W":"10","4W":"10"},"FV":{"32":"10"}},"M3":{"QJ":{"38":"10","4R":"10","4Q":"10","4P":"10","39":"10","5R":"10","5C":"10","29":"10","5P":"10","5Q":"10","5V":"10","28":"10","5F":"10","4V":"10"}},"P4":{"96":{"RP":"10","QP":"10","QM":"10","RM":"10"},"G6":{"WR":"10","VV":"10","VR":"10","WV":"10"}},"J8":{"3M":{"XW":"10","XX":"10"},"HR":{"9V":"10"},"3P":{"W2":"10","X2":"10"},"4P":{"35":"10"}},"58":{"48":{"7H":"10","7G":"10"}},"24":{"MG":{"3G":"10","2G":"10","3H":"10","4J":"10","3F":"10","3J":"10","4H":"10","2F":"10","3M":"10"},"JF":{"QM":"10"}},"M8":{"XJ":{"6F":"10","6C":"10"},"GH":{"7W":"10","7V":"10","6W":"10","8W":"10","8X":"10","7R":"10","6V":"10","7X":"10","6X":"10","6R":"10"},"HG":{"H3":"10","G3":"10"},"GJ":{"63":"10","73":"10","72":"10","62":"10"}},"GJ":{"W2":{"37":"10","6G":"10","7P":"10"}},"55":{"XW":{"FJ":"10","FM":"10","GM":"10","GJ":"10"}}},"index":{"university,1|retail,2|tourism,3|wreck,4|historical,5|artsCulture,6|namedBuilding,7|water,8|wetland,9|park,10|beach,11|natureReserve,12|cemetery,13|trail,14":{}}}