{"9R":{"6Q":{"7W":{"WR":"10"},"7X":{"X2":"10"}},"GG":{"3W":{"XQ":"10","XP":"10","WM":"10"},"4W":{"3Q":"10","2P":"10","2J":"10","2H":"10","2Q":"10","3P":"10"}},"VM":{"FM":{"3W":"10","3V":"10"},"FP":{"69":"10","68":"10"}},"7X":{"JJ":{"4Q":"10","4R":"10"}},"52":{"4M":{"QJ":"10","RJ":"10","QH":"10","QM":"10"},"5P":{"8J":"10","7H":"10","7G":"10","8H":"10","7J":"10"},"4P":{"VC":"10","P8":"10","QF":"10","V9":"10","P9":"10","P7":"10","P6":"10","WC":"10","W9":"10"}},"42":{"9C":{"GQ":"10","9P":"10"}},"35":{"R5":{"63":"10","76":"10","78":"10","65":"10","62":"10","77":"10","66":"10"},"R4":{"6X":"10","5X":"10","7X":"10"}},"JF":{"GJ":{"GJ":"10","FF":"10","C9":"10","9F":"10","FG":"10","C5":"10","FH":"10","GH":"10","CF":"10","GG":"10"}},"45":{"23":{"WR":"10"}},"VP":{"VR":{"2J":"10","2H":"10"}},"JJ":{"W9":{"MQ":"10","MR":"10"}},"6W":{"MJ":{"R7":"10","VF":"10","WJ":"10","Q2":"10","R6":"10","Q5":"10","Q3":"10","VG":"10","V9":"10","RG":"10","V7":"10","VC":"10","W9":"10","RF":"10","P2":"10","R5":"10","WC":"10","V8":"10","Q4":"10"}},"FX":{"3X":{"J2":"10","M2":"10"}},"JH":{"7M":{"8F":"10","88":"10","78":"10","79":"10","89":"10"}},"4W":{"XM":{"FV":"10","MC":"10","7W":"10","CQ":"10","FM":"10","GV":"10","PG":"10","R6":"10","MM":"10","8V":"10","MP":"10","FP":"10","HJ":"10","8R":"10","9V":"10","R8":"10","8W":"10","MJ":"10","JJ":"10","FW":"10","8X":"10","QC":"10","GR":"10","HH":"10","HQ":"10","JH":"10","CM":"10","CR":"10","R9":"10","JM":"10","CV":"10","CW":"10","9W":"10","Q4":"10","PP":"10","GW":"10"},"WC":{"H4":"10","J3":"10","P4":"10","J2":"10","M2":"10","H2":"10"},"WG":{"9G":"10","9F":"10","99":"10","98":"10","97":"10","9H":"10","8J":"10","8H":"10","C7":"10"},"X6":{"6W":"10","5W":"10","6V":"10"},"W9":{"HX":"10"}},"2R":{"M4":{"97":"10","86":"10","98":"10","96":"10","87":"10"}},"JQ":{"GQ":{"8J":"10","7H":"10","8H":"10","99":"10","7J":"10"}},"FH":{"QF":{"2V":"10"},"H7":{"HX":"10","HV":"10","GV":"10","MW":"10","HQ":"10","JX":"10","HW":"10","JW":"10","GW":"10"},"M8":{"7C":"10"},"H8":{"J2":"10","H2":"10"}},"QG":{"PV":{"QX":"10","MV":"10","QW":"10","JV":"10","PW":"10","MW":"10","MX":"10","PV":"10","RX":"10","QV":"10","RW":"10","JX":"10","MR":"10","PX":"10","JW":"10"},"PR":{"8Q":"10","7Q":"10"},"PW":{"J2":"10","M2":"10"}},"WP":{"7P":{"G6":"10"}},"54":{"HW":{"QX":"10","VV":"10","XV":"10","WV":"10","VR":"10","XQ":"10","VQ":"10","WQ":"10","XR":"10","WR":"10","WW":"10","XW":"10","VW":"10"},"HX":{"Q2":"10"}},"5W":{"2J":{"VC":"10","MJ":"10","MQ":"10","MV":"10","MP":"10","MR":"10","7X":"10","W9":"10","9W":"10"},"38":{"WX":"10"},"2P":{"6H":"10","6J":"10"},"4G":{"C8":"10"},"3H":{"Q4":"10"},"2M":{"P9":"10","MC":"10","PF":"10","92":"10","PC":"10","QC":"10","GR":"10","M8":"10","M9":"10","72":"10","M4":"10"},"3J":{"C2":"10","C5":"10","6P":"10","25":"10","3J":"10","JX":"10","8X":"10","92":"10","33":"10","3H":"10","7R":"10","35":"5|10","9W":"10","CH":"10","3V":"10","84":"10","4R":"10","3Q":"10","5V":"10","8W":"10","C6":"10","85":"10","9X":"10","95":"10","2R":"10","2V":"10","4J":"10","C4":"10","3R":"10","94":"10","5W":"10","4Q":"10","CF":"10","7G":"10","CG":"10"},"59":{"RJ":"10","QJ":"10","QP":"10","RH":"10","PQ":"10","QQ":"10","QM":"10","29":"10","WF":"10"},"28":{"WM":"10"},"3M":{"63":"10","64":"10","C3":"10","38":"10","35":"10","C2":"10"}},"24":{"W5":{"25":"10","22":"10","26":"10","27":"10"},"VM":{"45":"10","33":"10","54":"10","44":"10","43":"10","42":"10","53":"10","34":"10","52":"10","32":"10"},"V5":{"W3":"10","X2":"10","X5":"10","R5":"10","W4":"10","V5":"10","X7":"10","X6":"10","R6":"10","V4":"10","V3":"10"}},"FC":{"QM":{"74":"10","64":"10"}},"FG":{"HQ":{"7F":"10","6G":"10","7V":"10","79":"10","5X":"10","8V":"10","7G":"10","8R":"10","78":"10","5H":"10","7J":"10","8X":"10","6F":"10","6H":"10","7R":"10","5G":"10","7C":"10","7X":"10","6X":"10","7H":"10","6J":"10"},"WQ":{"92":"10","93":"10"},"JQ":{"JH":"10","HH":"10","HG":"10","JG":"10"},"HR":{"C5":"10","GC":"10","53":"10","2H":"10","25":"10","82":"10","52":"10","42":"10","36":"10","3H":"10","74":"10","35":"10","83":"10","2G":"10","76":"10","84":"10","87":"10","45":"10","86":"10","G8":"10","26":"10","34":"10","72":"10","37":"10","27":"10","49":"10","85":"10","59":"10","62":"10","48":"10","46":"10","95":"10","C4":"10","64":"10","5G":"10","39":"10","67":"10","F9":"10","77":"10","47":"10","G9":"10","75":"10","78":"10","5H":"10","63":"10","58":"10","73":"10","65":"10","93":"10","2Q":"10"}},"P5":{"H6":{"CJ":"10","7M":"10","8M":"10","CH":"10"}},"JC":{"Q4":{"HQ":"10","HX":"10","JP":"10","JV":"10","HV":"10","JR":"10","HM":"10","JQ":"10","HP":"10","HR":"10","HJ":"10","JM":"10"},"Q5":{"H3":"10","H2":"10"}},"7W":{"WM":{"GV":"10","GQ":"10","GX":"10","GR":"10"},"WP":{"H3":"10","G4":"10"}}},"index":{"university,1|retail,2|tourism,3|wreck,4|historical,5|artsCulture,6|namedBuilding,7|water,8|wetland,9|park,10|beach,11|natureReserve,12|cemetery,13|trail,14":{}}}