{"9V":{"PV":{"P9":{"5R":"10"},"PP":{"9R":"10","9Q":"10","CR":"10","CQ":"10","CV":"10"},"PG":{"M7":"10","P8":"10","P9":"10","Q6":"10","P6":"10","M6":"10","P4":"10","Q7":"10","M8":"10","PF":"10","P5":"10","PC":"10","M5":"10"},"PM":{"HV":"10","HR":"10"}},"J7":{"F8":{"PV":"10","PR":"10"}},"XG":{"P8":{"23":"10"}},"XQ":{"VQ":{"G2":"10"}},"84":{"6G":{"RW":"10","RP":"10","RM":"10"},"7H":{"6M":"10"}},"W3":{"XG":{"RW":"10"}},"F5":{"73":{"2G":"10","3F":"10","2F":"10","3G":"10"}},"J8":{"F6":{"94":"10"}},"W8":{"3F":{"55":"10","56":"10","64":"10"}}},"index":{"university,1|retail,2|tourism,3|wreck,4|historical,5|artsCulture,6|namedBuilding,7|water,8|wetland,9|park,10|beach,11|natureReserve,12|cemetery,13|trail,14":{}}}