{"CG":{"25":{"MM":{"F4":"10","GC":"10","F8":"10","6P":"10","C8":"10","GG":"10","8X":"10","7X":"10","RX":"10","F7":"10","6M":"10","97":"10","C7":"10","8W":"10","96":"10","JW":"10","4W":"10","GH":"10","3X":"10","4V":"10","FH":"10","HQ":"10","7M":"10","GJ":"10","QV":"10","3W":"10","7W":"10","QR":"10"},"MP":{"59":"10","54":"10","53":"10","44":"10","R2":"10","58":"10","43":"10"},"49":{"CW":"10"},"GP":{"GR":"10"},"PQ":{"CX":"10","CW":"10"},"69":{"WG":"10"},"JM":{"PJ":"10","JP":"10","MP":"10","PP":"10","MM":"10","JM":"10","PM":"10"}},"22":{"2X":{"MF":"10","MC":"10","PP":"10","M9":"10","MG":"10"}},"2F":{"3Q":{"88":"3","74":"3","79":"3","84":"3","76":"3","82":"3","86":"3","73":"3","99":"3","92":"3","95":"3","98":"3","96":"3","78":"3","97":"3","83":"3","89":"3","75":"3","8C":"3","7C":"3","72":"3","87":"3","85":"3","9C":"3","77":"3"},"JP":{"J9":"10","M9":"10","M8":"10","J8":"10"},"3P":{"7W":"3","MV":"10","MW":"10","8W":"3","MX":"10","9X":"3","8X":"3","7X":"3"}},"2C":{"55":{"XQ":"10","XR":"10"},"C6":{"QX":"10","QW":"10"}},"26":{"3X":{"2G":"10","25":"10","2H":"10","36":"10","35":"10","27":"10","34":"10","24":"10"},"3W":{"6R":"10","6V":"10"},"2X":{"XH":"10","X7":"10","X6":"10"},"C9":{"WR":"10","XQ":"10","XR":"10","WQ":"10"}},"39":{"2V":{"Q3":"10","Q2":"10","R3":"10","R2":"10"}},"27":{"XX":{"HG":"10","W9":"10"}},"29":{"3V":{"JC":"10","MC":"10"},"W9":{"W3":"10","W2":"10","W4":"10"},"W8":{"V8":"10"}},"24":{"2W":{"RX":"10"}}},"index":{"university,1|retail,2|tourism,3|wreck,4|historical,5|artsCulture,6|namedBuilding,7|water,8|wetland,9|park,10|beach,11|natureReserve,12|cemetery,13|trail,14":{}}}