{"26":{"GV":{"66":{"P9":"3","WH":"3","Q6":"3","PC":"3","WR":"3","R4":"3","QP":"3","V7":"3","QW":"3","Q5":"3","RQ":"3","WF":"3","QQ":"3","Q2":"3","W9":"3","WV":"3","R6":"3","P6":"3","QC":"3","V5":"3","QX":"3","QG":"3","RP":"3","P2":"3","RW":"3","VQ":"3","VM":"3","P8":"3","R2":"3","R8":"3","R9":"3","RG":"3","VP":"3","VV":"3","QV":"3","V3":"3","VF":"3","VX":"3","P3":"3","VC":"3","V4":"3","R3":"3","WW":"3","V2":"3","RV":"3","Q8":"3","WQ":"3","RM":"3","QM":"3","PG":"3","XW":"3","WM":"3","Q3":"3","QJ":"3","PH":"3","WX":"3","V9":"3","VR":"3","WJ":"3","R7":"3","QH":"3","P4":"3","WC":"3","RX":"3","QR":"3","Q7":"3","WG":"3","P5":"3","V6":"3","VH":"3","RH":"3","RC":"3","V8":"3","VJ":"3","Q4":"3","XV":"3","VW":"3","WP":"3","Q9":"3","QF":"3","P7":"3","RR":"3","PF":"3","RJ":"3","W8":"3","R5":"3","RF":"3","VG":"3"},"67":{"V2":"3","V3":"3","V5":"3","R7":"3","R4":"3","Q2":"3","Q4":"3","R3":"3","W2":"3","R2":"3","V4":"3","Q3":"3","R6":"3","R5":"3"},"65":{"M3":"3","P9":"3","PP":"3","MH":"3","Q6":"3","PC":"3","JC":"3","QP":"3","QW":"3","Q5":"3","PR":"3","PX":"3","RQ":"3","MW":"3","QQ":"3","J2":"3","Q2":"3","R6":"3","J5":"3","P6":"3","QC":"3","QX":"3","MP":"3","QG":"3","J3":"3","RP":"3","RW":"3","P2":"3","VQ":"3","P8":"3","J9":"3","MM":"3","R8":"3","R9":"3","J7":"3","RG":"3","VP":"3","VV":"3","MG":"3","QV":"3","PV":"3","VX":"3","P3":"3","J6":"3","M5":"3","PJ":"3","RV":"3","Q8":"3","RM":"3","QM":"3","MJ":"3","PG":"3","M9":"3","Q3":"3","J8":"3","QJ":"3","MV":"3","PQ":"3","MX":"3","PH":"3","VR":"3","R7":"3","QH":"3","P4":"3","M6":"3","RX":"3","QR":"3","Q7":"3","P5":"3","M4":"3","RH":"3","MQ":"3","RC":"3","M8":"3","PM":"3","MC":"3","Q4":"3","VW":"3","MF":"3","M7":"3","M2":"3","PW":"3","Q9":"3","QF":"3","P7":"3","RR":"3","PF":"3","RJ":"3","J4":"3","R5":"3","MR":"3","RF":"3"},"64":{"QP":"3","QJ":"3","PX":"3","QV":"3","JV":"3","PW":"3","MP":"3","PQ":"3","QX":"3","PR":"3","MW":"3","QQ":"3","PJ":"3","PH":"3","PG":"3","JX":"3","MR":"3","JR":"3","QM":"3","QH":"3","QW":"3","PV":"3","MQ":"3","QR":"3","MX":"3","MV":"3","MM":"3","JW":"3","PP":"3","PM":"3"}}},"index":{"university,1|retail,2|tourism,3|wreck,4|historical,5|artsCulture,6|namedBuilding,7|water,8|wetland,9|park,10|beach,11|natureReserve,12|cemetery,13|trail,14":{}}}