{"2V":{"9X":{"HX":{"MX":"3"}},"J5":{"HM":{"PJ":"3","PH":"3"}},"J8":{"5J":{"4W":"3"},"5R":{"PM":"3"},"7H":{"VM":"3"},"4Q":{"X7":"3"},"6W":{"Q2":"3"},"9C":{"79":"3","78":"3","65":"3"},"5Q":{"XH":"3","27":"3","29":"3"},"QC":{"MP":"3"},"C5":{"W9":"3"}},"JF":{"F7":{"9W":"3","CW":"3"},"G5":{"QP":"3"}},"J4":{"HQ":{"42":"3"},"7F":{"P8":"3"},"9W":{"G2":"3"},"F7":{"PM":"3"},"77":{"HF":"3"}},"J3":{"FM":{"F9":"3"}},"J9":{"F4":{"QW":"3","FP":"3"}}},"index":{"university,1|retail,2|tourism,3|wreck,4|historical,5|artsCulture,6|namedBuilding,7|water,8|wetland,9|park,10|beach,11|natureReserve,12|cemetery,13|trail,14":{}}}