{"37":{"X9":{"47":{"88":"3","C7":"3","G5":"3"},"25":{"CX":"3"},"MF":{"29":"3"},"33":{"42":"3","57":"3"},"JC":{"H5":"3","MF":"3"},"MP":{"7J":"3","7W":"3","6V":"3","5J":"3","4G":"3","8X":"3","7X":"3","6J":"3","7G":"3","6X":"3","54":"3","6P":"3","HJ":"3","7R":"3","7M":"3","8W":"3","69":"3","CJ":"3","7H":"3","7V":"3","5P":"3","6R":"3","JX":"3","6G":"6|3","GH":"3","7Q":"3","8Q":"3","6H":"3","CH":"3","6C":"3","7P":"3","8P":"3","8M":"3","6M":"3","4W":"3","9M":"3","8V":"3","6F":"3","8R":"3","56":"3","HP":"3","6Q":"3"},"JP":{"XC":"3"},"27":{"G9":"3","F5":"3"},"PQ":{"4W":"3"},"36":{"44":"3"},"G6":{"XF":"3"},"G9":{"MR":"3"},"44":{"M4":"3"},"F5":{"4J":"3","6X":"3","6V":"3"},"7H":{"8R":"3"},"H8":{"9J":"3","9M":"3"},"23":{"XH":"3","PW":"3","3Q":"3","VQ":"3"},"H6":{"FX":"3","2F":"3"},"WV":{"MP":"3"},"39":{"33":"3","32":"3"},"VW":{"R5":"3"},"G2":{"GC":"3","F9":"3","7M":"3"},"8F":{"FR":"3"},"MC":{"H8":"3"},"F6":{"96":"3","C6":"3"},"MQ":{"54":"3","79":"3","26":"3","76":"3","53":"3","42":"3","85":"3","73":"3","9C":"3","74":"3","63":"3","72":"3","C7":"3","C3":"3","32":"3"},"JH":{"4X":"3"},"42":{"PH":"3"},"28":{"3R":"3","3G":"3","3J":"3","2J":"3","2G":"3","4G":"3","37":"3","27":"3","3Q":"3","4H":"3","4M":"3","3M":"3","3X":"3","2R":"3","5H":"3","4F":"3","3P":"3","2M":"3","2Q":"3","3H":"3","39":"3","3C":"3","4J":"3","2X":"3","3W":"3","2C":"3","3V":"3","28":"3","38":"3","2V":"3","5F":"3","4X":"3","29":"3","26":"3","2F":"3","4C":"3","2W":"3","2P":"3","5G":"3","2H":"3","3F":"3"},"38":{"QR":"3"},"24":{"47":"3","52":"3","FH":"3","25":"3","22":"3","2G":"3","M2":"3","37":"3","MP":"3","27":"3","F7":"3","36":"3","34":"3","PJ":"3","JJ":"3","MJ":"3","23":"3","48":"3","49":"3","46":"3","39":"3","MH":"3","3C":"3","GG":"3","2C":"3","JH":"3","28":"3","38":"3","35":"3","24":"3","29":"3","MM":"3","26":"3","2F":"3","PP":"3","4C":"3","PM":"3","3F":"3"},"29":{"53":"3","47":"3","52":"3","25":"3","58":"3","43":"3","33":"3","22":"3","57":"3","56":"3","37":"3","27":"3","36":"3","44":"3","34":"3","23":"3","48":"3","49":"3","46":"3","39":"3","3C":"3","2C":"3","42":"3","28":"3","45":"3","38":"3","35":"3","24":"3","29":"3","26":"3","32":"3"},"MM":{"7W":"3","QP":"3","8Q":"3","7V":"3","XP":"3","76":"3","8W":"3","9F":"3","6W":"3","QQ":"3","6V":"3","PM":"3"},"26":{"CM":"3","G8":"3","C2":"3"},"M6":{"Q2":"3"},"32":{"37":"3","P5":"3"},"C6":{"M9":"3"}},"V8":{"F9":{"7P":"3"}},"QG":{"2X":{"CW":"3","C5":"3","CV":"3","CX":"3","CG":"3","C8":"3","C3":"3","CJ":"3","C4":"3","CQ":"3","CP":"3","C9":"3","CM":"3","CH":"3","C2":"3","CR":"3","CF":"3","CC":"3","C6":"3","C7":"3"},"7F":{"VX":"3"},"47":{"QP":"3","QG":"3","QJ":"3","QF":"3","PX":"3","QV":"3","QC":"3","PW":"3","Q7":"3","QQ":"3","Q4":"3","Q6":"3","QM":"3","Q5":"3","Q3":"3","QH":"3","PV":"3","QR":"3","Q8":"3","Q2":"3","Q9":"3"},"3Q":{"96":"3","8F":"3","8X":"3","8G":"3","8J":"3","89":"3","97":"3","8W":"3","92":"3","95":"3","94":"3","8Q":"3","98":"3","88":"3","8P":"3","8M":"3","8C":"3","93":"3","8V":"3","8H":"3","8R":"3"},"4G":{"2P":"3","36":"3","39":"3","2J":"3","2H":"3","2F":"3","38":"3","35":"3","37":"3","33":"3","2G":"3","3C":"3","42":"3","34":"3","2C":"3","43":"3","2Q":"3","2M":"3"},"3R":{"68":"3","58":"3","3J":"3","4G":"3","4H":"3","5C":"3","75":"3","3M":"3","67":"3","2R":"3","4F":"3","2M":"3","59":"3","2Q":"3","66":"3","3H":"3","74":"3","76":"3","82":"3","5F":"3","83":"3","2P":"3","84":"3"},"45":{"PG":"3","PP":"3","P5":"3","P2":"3","PR":"3","PF":"3","PM":"3","P8":"3","PV":"3","P3":"3","PQ":"3","PC":"3","P4":"3","PJ":"3","PH":"3","P7":"3","PW":"3","P9":"3","QW":"3","P6":"3","QX":"3"},"3P":{"C8":"3","F3":"3","9C":"3","9V":"3","9P":"3","99":"3","9Q":"3","9W":"3","C7":"3","9J":"3","C9":"3","9M":"3","9F":"3","F2":"3","9G":"3","9H":"3","9X":"3","P5":"3","9R":"3","C3":"3","C5":"3","C4":"3","C6":"3"},"49":{"HW":"3","P8":"3","P4":"3","MF":"3","JM":"3","JQ":"3","JV":"3","M9":"3","MG":"3","JP":"3","P6":"3","MJ":"3","P9":"3","JR":"3","MH":"3","HX":"3","MC":"3","P7":"3","HV":"3","P5":"3","P3":"3","MM":"3","P2":"3"},"3M":{"FW":"3","J2":"3","J4":"3","H7":"3","FR":"3","GP":"3","FV":"3","H9":"3","H8":"3","HC":"3","GQ":"3","J5":"3","GH":"3","GM":"3","FQ":"3","J3":"3","HF":"3","FX":"3","H6":"3","GJ":"3","GF":"3","H5":"3","GG":"3"},"44":{"PX":"3","MF":"3","M2":"3","PW":"3","M9":"3","MG":"3","MP":"3","PR":"3","MJ":"3","M8":"3","MR":"3","MH":"3","M4":"3","M3":"3","M5":"3","MC":"3","PV":"3","MQ":"3","MM":"3","M6":"3","M7":"3"},"3G":{"XV":"3","XR":"3","XQ":"3","XW":"3","XX":"3"},"48":{"PG":"3","PP":"3","P5":"3","P2":"3","PR":"3","PF":"3","PM":"3","P8":"3","PX":"3","PV":"3","P3":"3","PQ":"3","PC":"3","P4":"3","PJ":"3","PH":"3","P7":"3","PW":"3","P9":"3","P6":"3"},"46":{"Q8":"3","Q9":"3","QH":"3","QC":"3","QP":"3","Q6":"3","Q2":"3","Q4":"3","QF":"3","QM":"3","QV":"3","Q7":"3","Q3":"3","QJ":"3","Q5":"3","QR":"3","QQ":"3","QG":"3","QW":"3","QX":"3"},"2V":{"GP":"3","V5":"3","HJ":"3","P8":"3","GQ":"3","MF":"3","GR":"3","GV":"3","MG":"3","Q7":"3","V3":"3","FX":"3","R6":"3","GW":"3","P9":"3","V4":"3","JG":"3","W2":"3","R5":"3","HM":"3","MC":"3","HH":"3","FW":"3","JH":"3","PC":"3","W3":"3","Q8":"3","GM":"3","R7":"3"},"4C":{"CM":"3","H3":"3","CG":"3","9V":"3","G4":"3","CJ":"3","G6":"3","G8":"3","9Q":"3","9W":"3","F9":"3","8X":"3","FF":"3","CH":"3","CQ":"3","9X":"3","H2":"3","CP":"3","G3":"3","9R":"3","FC":"3","G7":"3","F8":"3","G5":"3","FG":"3"},"3H":{"VG":"3","RW":"3","VQ":"3","VM":"3","W6":"3","WF":"3","W8":"3","RV":"3","VJ":"3","W5":"3","RX":"3","X3":"3","VP":"3","X5":"3","RR":"3","VH":"3","X4":"3","RQ":"3","WC":"3","W9":"3","WG":"3","X2":"3","W7":"3"},"4F":{"79":"3","75":"3","5J":"3","6J":"3","76":"3","77":"3","83":"3","5P":"3","6G":"3","4V":"3","85":"3","5M":"3","78":"3","6H":"3","4X":"3","6C":"3","7C":"3","5V":"3","4W":"3","5R":"3","82":"3","5Q":"3","6F":"3","84":"3"},"2W":{"FJ":"3","CM":"3","F3":"3","FH":"3","F7":"3","FM":"3","F5":"3","CW":"3","CX":"3","F9":"3","FF":"3","F2":"3","CR":"3","F6":"3","CQ":"3","CP":"3","CV":"3","FC":"3","F4":"3","F8":"3","FG":"3"},"3J":{"Q8":"3","MJ":"3","Q9":"3","PG":"3","MQ":"3","Q6":"3","MM":"3","JW":"3","Q4":"3","R3":"3","MP":"3","PF":"3","R2":"3","MV":"3","JX":"3","Q3":"3","Q7":"3","MR":"3","MW":"3","PC":"3","Q5":"3","PJ":"3","PH":"3","P9":"3"},"42":{"HJ":"3","H4":"3","H3":"3","JM":"3","JQ":"3","JV":"3","HG":"3","JP":"3","H8":"3","H7":"3","H9":"3","H6":"3","JX":"3","HM":"3","JR":"3","HC":"3","HH":"3","HF":"3","H2":"3","H5":"3","JW":"3"},"43":{"J2":"3","JF":"3","J8":"3","JC":"3","JG":"3","MQ":"3","J4":"3","J7":"3","J9":"3","J6":"3","JQ":"3","MV":"3","J5":"3","JJ":"3","MW":"3","MR":"3","JH":"3","J3":"3","MX":"3","JP":"3","JM":"3"},"2R":{"WX":"3","XV":"3","XR":"3","WW":"3","XW":"3"}},"QJ":{"CM":{"74":"3","72":"3"},"3R":{"7M":"3","7G":"3","88":"3","7C":"3","86":"3","7F":"3","85":"3","6P":"3","6R":"3","94":"3","95":"3","7H":"3","6M":"3","7J":"3","6W":"3","5W":"3","93":"3","87":"3","8C":"3","92":"3","5X":"3","6Q":"3","6V":"3","89":"3"},"43":{"87":"3","79":"3","7F":"3","7J":"3","6V":"3","86":"3","7G":"3","6X":"3","7R":"3","7M":"3","6W":"3","83":"3","7H":"3","6R":"3","85":"3","78":"3","7Q":"3","7P":"3","88":"3","7C":"3","82":"3","84":"3"},"3G":{"JR":"3","H3":"3","JV":"3","JW":"3","H7":"3","HH":"3","JQ":"3","H8":"3","H9":"3","JX":"3","HC":"3","JJ":"3","JH":"3","H2":"3","HF":"3","H6":"3","HG":"3","H4":"3","H5":"3","JP":"3","JM":"3"},"3J":{"PG":"3","M8":"3","MG":"3","PP":"3","M3":"3","M4":"3","MF":"3","PR":"3","MC":"3","PM":"3","M7":"3","PX":"3","M2":"3","M6":"3","PV":"3","PQ":"3","M9":"3","PJ":"3","PH":"3","M5":"3","PW":"3"},"37":{"VG":"3","RW":"3","RP":"3","VC":"3","RV":"3","VJ":"3","V3":"3","V6":"3","RM":"3","V5":"3","V7":"3","W2":"3","RX":"3","W3":"3","RJ":"3","V4":"3","RR":"3","VH":"3","4C":"3","RQ":"3","VF":"3","V9":"3","37":"3","V8":"3"},"3Q":{"G8":"3","H3":"3","G7":"3","J2":"3","CW":"3","9X":"3","CV":"3","H7":"3","FP":"3","FM":"3","CX":"3","FF":"3","G9":"3","CQ":"3","CP":"3","GC":"3","H2":"3","FJ":"3","H6":"3","FH":"3","FG":"3","H4":"3","CR":"3","GF":"3","H5":"3"},"36":{"WV":"3","XF":"3","WJ":"3","X6":"3","WP":"3","WX":"3","X9":"3","WQ":"3","XC":"3","X8":"3","X5":"3","XJ":"3","X4":"3","WR":"3","WM":"3","WW":"3","XH":"3","XG":"3","X7":"3"},"63":{"GH":"3"},"4M":{"FX":"3","G9":"3"},"73":{"8X":"3","8W":"3","95":"3"},"85":{"7R":"3","58":"3","6H":"3","RX":"3","65":"3"},"44":{"5F":"3","5J":"3","5C":"3","5P":"3","62":"3","4X":"3","66":"3","4V":"3","4Q":"3","59":"3","58":"3","4R":"3","5M":"3","4P":"3","67":"3","63":"3","5H":"3","57":"3","4W":"3","65":"3","5G":"3","64":"3"},"FP":{"HC":"3"},"3M":{"QR":"3","QP":"3","PG":"3","PF":"3","P8":"3","PJ":"3","QW":"3","PC":"3","QQ":"3","QV":"3","QX":"3","PM":"3","QM":"3","P9":"3","P6":"3","P4":"3","P5":"3","P2":"3","P7":"3","P3":"3","PH":"3"},"FR":{"Q3":"3","R3":"3","Q5":"3","P3":"3"},"XM":{"C3":"3"},"QQ":{"VJ":"3"},"3P":{"Q8":"3","MJ":"3","JR":"3","PG":"3","MG":"3","JV":"3","MQ":"3","Q6":"3","MM":"3","JW":"3","Q4":"3","Q2":"3","MP":"3","JQ":"3","PF":"3","P8":"3","JX":"3","Q3":"3","MH":"3","Q7":"3","PC":"3","Q5":"3","P9":"3"},"9J":{"XF":"3"},"C9":{"4G":"3"},"46":{"24":"3","23":"3","22":"3"},"3H":{"J4":"3","MF":"3","JC":"3","MG":"3","J3":"3","MP":"3","MW":"3","MJ":"3","J7":"3","J9":"3","MR":"3","MH":"3","J5":"3","MC":"3","MQ":"3","MX":"3","J6":"3","MV":"3","MM":"3","J8":"3","J2":"3"},"39":{"RW":"3","Q8":"3","R9":"3","RP":"3","7W":"3","Q9":"3","RV":"3","8X":"3","Q6":"3","RM":"3","Q4":"3","Q2":"3","RX":"3","7V":"3","RH":"3","RJ":"3","RR":"3","Q7":"3","Q3":"3","78":"3","7Q":"3","RQ":"3","7P":"3","Q5":"3","RF":"3","5W":"3","25":"3","RG":"3","RC":"3"},"4J":{"MW":"3"},"3C":{"V5":"3","QP":"3","V6":"3","V8":"3","QJ":"3","PX":"3","QV":"3","PW":"3","62":"3","RJ":"3","R2":"3","RH":"3","75":"3","V3":"3","QQ":"3","V7":"3","R8":"3","V4":"3","QM":"3","R3":"3","74":"3","RG":"3","82":"3","RF":"3","QW":"3","QR":"3","RC":"3","R9":"3","83":"3"},"2X":{"HM":"3","HR":"3","M8":"3","GV":"3","JF":"3","GW":"3","JG":"3","JC":"3","P5":"3","HQ":"3","P2":"3","MC":"3","HV":"3","M7":"3","JJ":"3","M6":"3","P3":"3","JH":"3","M9":"3","P4":"3","GX":"3","HP":"3","P6":"3","JM":"3"},"98":{"79":"3"},"CQ":{"WF":"3"},"3V":{"47":"3","45":"3","52":"3","2P":"3","54":"3","3F":"3","49":"3","39":"3","44":"3","3G":"3","48":"3","2J":"3","46":"3","2V":"3","3H":"3","53":"3","3J":"3","3C":"3","2R":"3","2M":"3","2Q":"3"},"42":{"8R":"3","8Q":"3","8P":"3","88":"3","86":"3","8M":"3","8G":"3","85":"3","8H":"3","8X":"3","87":"3","8J":"3","8F":"3","8C":"3","82":"3","8W":"3","83":"3","8V":"3","84":"3","89":"3"},"45":{"43":"3","3G":"3","3J":"3","37":"3","36":"3","44":"3","3M":"3","2R":"3","2M":"3","2Q":"3","46":"3","3H":"3","39":"3","3C":"3","2X":"3","42":"3","45":"3","38":"3","2V":"3","2W":"3","2P":"3","3F":"3"},"28":{"5C":"3","49":"3","6C":"3"},"38":{"QP":"3","QG":"3","QJ":"3","QF":"3","QV":"3","QC":"3","R2":"3","QX":"3","Q7":"3","QQ":"3","Q4":"3","Q6":"3","QM":"3","R3":"3","Q5":"3","QH":"3","QW":"3","QR":"3","R4":"3","Q8":"3","PP":"3","PM":"3","Q9":"3"},"2V":{"XV":"3","XW":"3","XX":"3"},"CP":{"JH":"3","8V":"3"},"J6":{"Q8":"3"},"29":{"Q9":"3","R8":"3","R9":"3"},"26":{"XQ":"3","49":"3","2G":"3","PF":"3","WQ":"3","2F":"3","76":"3","94":"3"},"4Q":{"87":"3"},"2W":{"V8":"3","W4":"3","PX":"3","QV":"3","VF":"3","RJ":"3","W7":"3","RH":"3","QX":"3","X3":"3","QQ":"3","RP":"3","X2":"3","V9":"3","VG":"3","RQ":"3","W8":"3","W5":"3","VC":"3","RG":"3","QW":"3","QR":"3","W3":"3","W6":"3","RM":"3"},"FQ":{"HW":"3","F9":"3","XX":"3"},"4P":{"H3":"3"},"3F":{"HW":"3","P4":"3","MF":"3","JM":"3","JQ":"3","JV":"3","M9":"3","MG":"3","JP":"3","P6":"3","JJ":"3","M8":"3","JR":"3","MH":"3","HX":"3","MC":"3","JH":"3","HV":"3","P5":"3","P3":"3","9R":"3","P2":"3","M6":"3","M7":"3"}},"QF":{"WX":{"Q6":"3"},"4X":{"HM":"3","G8":"3","G7":"3","G3":"3","HR":"3","G2":"3","G5":"3","HJ":"3","HQ":"3","HX":"3","G9":"3","G6":"3","HV":"3","G4":"3","HW":"3","GH":"3","GC":"3","GJ":"3","GF":"3","HP":"3","GG":"3"},"4W":{"GW":"3","GR":"3","GV":"3","GQ":"3","GX":"3","GP":"3"}},"X6":{"RQ":{"XX":"3"},"PR":{"55":"3"},"VQ":{"45":"3"}},"3J":{"MW":{"WX":"3","XV":"3","WW":"3","XW":"3","XX":"3"},"PW":{"8R":"3","3R":"3","4V":"3","3Q":"3","4W":"3","6R":"3","CX":"3","3X":"3","2R":"3","9W":"3","7X":"3","4R":"3","8X":"3","6W":"3","5W":"3","2X":"3","5V":"3","7V":"3","3W":"3","6X":"3","3V":"3","5X":"3","9X":"3","2V":"3","6Q":"3","4X":"3","7W":"3","5R":"3","8W":"3","6V":"3","7R":"3","4Q":"3","2W":"3","8V":"3","5Q":"3"},"PX":{"6C":"3","HP":"3","FH":"3","FJ":"3","CV":"3","CG":"3","G9":"3","33":"3","44":"3","FP":"3","48":"3","4P":"3","2X":"3","C4":"3","C8":"3","62":"3","88":"3","3V":"3","C5":"3","9P":"3","7F":"3","7V":"3","8G":"3","GF":"3","8W":"3","4H":"3","2F":"3","9Q":"3","FW":"3","9W":"3","58":"3","29":"3","FV":"3","2J":"3","FF":"3","GP":"3","GM":"3","8P":"3","4X":"3","2R":"3","5P":"3","3R":"3","52":"3","7W":"3","7C":"3","FQ":"3","4Q":"3","35":"3","9J":"3","F8":"3","GW":"3","C9":"3","FR":"3","73":"3","3J":"3","7M":"3","9V":"3","57":"3","2M":"3","6Q":"3","47":"3","F6":"3","79":"3","6P":"3","4W":"3","HV":"3","7R":"3","8J":"3","8R":"3","CR":"3","HX":"3","2Q":"3","GG":"3","2G":"3","7J":"3","7H":"3","5F":"3","32":"3","3M":"3","77":"3","F5":"3","69":"3","74":"3","83":"3","9X":"3","68":"3","F7":"3","CQ":"3","5W":"3","45":"3","25":"3","5X":"3","5Q":"3","G8":"3","37":"3","CJ":"3","54":"3","5J":"3","93":"3","8C":"3","HJ":"3","GJ":"3","6G":"3","87":"3","8V":"3","HR":"3","4M":"3","99":"3","55":"3","27":"3","3F":"3","6V":"3","8M":"3","7P":"3","46":"3","75":"3","24":"3","9R":"3","43":"3","3C":"3","GR":"3","67":"3","HH":"3","C3":"3","53":"3","49":"3","FC":"3","3P":"3","5M":"3","86":"3","98":"3","63":"3","FX":"3","9M":"3","HW":"3","9G":"3","8H":"3","97":"3","92":"3","34":"3","42":"3","23":"3","GX":"3","CC":"3","CH":"3","2W":"3","8F":"3","9H":"3","82":"3","6F":"3","3H":"3","94":"3","26":"3","F4":"3","4G":"3","9C":"3","22":"3","2P":"3","39":"3","7G":"3","2H":"3","HM":"3","C2":"3","C7":"3","72":"3","89":"3","4F":"3","2V":"3","6X":"3","CW":"3","28":"3","65":"3","38":"3","5V":"3","FM":"3","7X":"3","3W":"3","4C":"3","4V":"3","2C":"3","GV":"3","GC":"3","3Q":"3","36":"3","5R":"3","6M":"3","64":"3","76":"3","CF":"3","6W":"3","96":"3","C6":"3","9F":"3","CX":"3","78":"3","4J":"3","56":"3","5G":"3","CM":"3","GQ":"3","F9":"3","3X":"3","GH":"3","6H":"3","FG":"3","7Q":"3","5H":"3","5C":"3","CP":"3","8X":"3","95":"3","6R":"3","66":"3","8Q":"3","3G":"3","4R":"3","85":"3","59":"3","HQ":"3","G7":"3","6J":"3","84":"3"},"RX":{"8X":"3"},"MX":{"WQ":"3","VG":"3","V7":"3","R9":"3","RQ":"3","QF":"3","WG":"3","V3":"3","VV":"3","XC":"3","WV":"3","RP":"3","V6":"3","RJ":"3","WJ":"3","WC":"3","QX":"3","RW":"3","VJ":"3","QG":"3","VM":"3","RX":"3","R4":"3","X5":"3","PV":"3","R6":"3","XW":"3","X9":"3","Q8":"3","XF":"3","WW":"3","QJ":"3","WF":"3","QR":"3","XM":"3","X8":"3","WP":"3","W6":"3","QW":"3","QQ":"3","PQ":"3","V8":"3","VQ":"3","XQ":"3","W8":"3","XJ":"3","PR":"3","QM":"3","W4":"3","XH":"3","Q9":"3","VF":"3","RH":"3","R8":"3","WX":"3","W7":"3","PX":"3","R5":"3","WH":"3","XR":"3","QV":"3","QC":"3","W5":"3","V5":"3","RF":"3","VC":"3","W9":"3","QP":"3","W3":"3","XP":"3","WR":"3","X6":"3","QH":"3","VW":"3","XV":"3","W2":"3","RV":"3","V9":"3","VX":"3","RR":"3","VP":"3","RG":"3","VH":"3","PW":"3","VR":"3","V4":"3","RC":"3","XG":"3","X2":"3","V2":"3","R7":"3","X7":"3","WM":"3","RM":"3","XX":"3","X3":"3","X4":"3"}},"VF":{"5C":{"3C":"3"},"25":{"7P":"3","3H":"3"},"CR":{"2C":"3"},"CW":{"MJ":"3","JG":"3"},"3C":{"MJ":"3"}},"WF":{"X6":{"CF":"3","9C":"3"},"HR":{"Q4":"3","Q5":"3"}},"RJ":{"66":{"3G":"3","RV":"3","RR":"3"},"58":{"XG":"3"},"76":{"F2":"3","4J":"3","3P":"3","4H":"3","5G":"3"},"67":{"79":"3","Q8":"3","JR":"3","6V":"3","WF":"3","8X":"3","65":"3","7G":"3","MM":"3","Q2":"3","69":"3","6W":"3","7V":"3","R8":"3","68":"3","GR":"3","5Q":"3","8V":"3","32":"3"},"68":{"62":"3","45":"3","63":"3","64":"3","92":"3","83":"3","38":"3","74":"3","37":"3","82":"3","73":"3","84":"3"},"57":{"W2":"3","V2":"3"},"56":{"WX":"3","VX":"3","75":"3"}},"XC":{"M4":{"RV":"3"},"R2":{"5R":"3","6R":"3"},"MC":{"4C":"3"},"MF":{"5H":"3"},"P4":{"G9":"3"}},"7Q":{"6X":{"CV":"3"},"6W":{"GW":"3","GV":"3"}},"RH":{"44":{"44":"3"},"PG":{"2V":"3"},"52":{"7Q":"3"},"F7":{"33":"3"},"M8":{"HQ":"3"},"3J":{"R7":"3"}},"WX":{"MW":{"V2":"3"},"MQ":{"Q7":"3"},"PC":{"5V":"3"},"M7":{"2P":"3"}},"WH":{"92":{"FQ":"3","FR":"3"}},"3M":{"R2":{"74":"3","82":"3"},"M2":{"X9":"3","V5":"3","WC":"3","V6":"3","V8":"3","W4":"3","XR":"3","V2":"3","X6":"3","X5":"3","QC":"3","WM":"3","VF":"3","XP":"3","XV":"3","WF":"3","RJ":"3","XC":"3","W7":"3","R2":"3","VJ":"3","RH":"3","X3":"3","XJ":"3","X4":"3","WH":"3","V3":"3","Q7":"3","XM":"3","X2":"3","WP":"3","V9":"3","Q4":"3","VG":"3","V7":"3","XQ":"3","R8":"3","VH":"3","R6":"3","V4":"3","VM":"3","Q6":"3","W2":"3","R5":"3","WQ":"3","W8":"3","XH":"3","XG":"3","WG":"3","W9":"3","W5":"3","XF":"3","R3":"3","VC":"3","Q5":"3","WJ":"3","RG":"3","RF":"3","Q3":"3","X7":"3","RC":"3","R4":"3","W3":"3","W6":"3","VP":"3","WR":"3","R9":"3","Q8":"3","Q2":"3","R7":"3","Q9":"3","X8":"3"},"P2":{"H2":"3","8C":"3","4G":"3","G5":"3","CQ":"3","29":"3","C2":"3","7C":"3","64":"3","4X":"3","6P":"3","79":"3","3H":"3","CF":"3","8R":"3","5V":"3","2P":"3","6C":"3","63":"3","CP":"3","7W":"3","G2":"3","54":"3","57":"3","8F":"3","C5":"3","83":"3","FJ":"3","52":"3","22":"3","78":"3","93":"3","FF":"3","5P":"3","8V":"3","92":"3","82":"3","6G":"3","F5":"3","3Q":"3","75":"3","5M":"3","34":"3","G7":"3","7F":"3","9J":"3","39":"3","3G":"3","85":"3","3V":"3","38":"3","62":"3","6M":"3","2Q":"3","2H":"3","5C":"3","5F":"3","67":"3","59":"3","6X":"3","28":"3","2M":"3","9R":"3","F4":"3","55":"3","5Q":"3","2R":"3","CJ":"3","H4":"3","25":"3","96":"3","4W":"3","33":"3","2V":"3","7P":"3","7Q":"3","53":"3","6Q":"3","26":"3","2G":"3","94":"3","2F":"3","G6":"3","5G":"3","5H":"3","43":"3","6H":"3","8P":"3","CM":"3","9P":"3","32":"3","H5":"3","C3":"3","66":"3","8H":"3","9C":"3","6W":"3","7J":"3","42":"3","GF":"3","77":"3","49":"3","23":"3","F3":"3","FG":"3","FC":"3","3R":"3","F8":"3","C8":"3","3M":"3","35":"3","56":"3","6F":"3","97":"3","3X":"3","45":"3","8M":"3","2W":"3","G8":"3","9F":"3","72":"3","9H":"3","4P":"3","8Q":"3","8G":"3","73":"3","7G":"3","4R":"3","98":"3","24":"3","G3":"3","65":"3","4V":"3","99":"3","95":"3","5J":"3","G4":"3","3J":"3","4J":"3","69":"3","G9":"3","2J":"3","47":"3","36":"3","4M":"3","F7":"3","F9":"3","C6":"3","C4":"3","58":"3","5X":"3","H3":"3","68":"3","37":"3","5R":"3","89":"3","3P":"3","88":"3","7H":"3","76":"3","4C":"3","6R":"3","C9":"3","2C":"3","9Q":"3","7V":"3","7X":"3","3F":"3","3C":"3","74":"3","7R":"3","4Q":"3","5W":"3","46":"3","9G":"3","4F":"3","44":"3","CH":"3","6J":"3","CC":"3","9M":"3","6V":"3","87":"3","3W":"3","27":"3","C7":"3","F6":"3","FH":"3","F2":"3","84":"3","8J":"3","4H":"3","86":"3","GC":"3","7M":"3","48":"3","8W":"3","CG":"3"}},"PJ":{"V9":{"WV":"3","RV":"3","VW":"3"},"X6":{"RQ":"3","VQ":"3"},"X9":{"64":"3"},"X7":{"M6":"3","HG":"3"},"X8":{"VP":"3","M9":"3","MQ":"3","WG":"3","CW":"3","M2":"3","P2":"3"}},"V9":{"FW":{"93":"3"}},"VG":{"W6":{"H7":"3"},"M8":{"P8":"3"},"V6":{"CM":"3"},"6P":{"G7":"3","H7":"3","G5":"3","C3":"3","F5":"3","F6":"3"},"V7":{"QV":"3"},"WC":{"JW":"3","F9":"3"},"V8":{"VF":"3","Q2":"3","JQ":"3","HC":"3","VG":"3","JV":"3","P3":"3"},"GF":{"3H":"3"}},"PH":{"XV":{"45":"3","76":"3","23":"3","65":"3"}},"VH":{"MJ":{"9V":"3","9C":"3","8V":"3"},"JH":{"49":"3","FW":"3"},"89":{"RV":"3"}},"W8":{"WV":{"RJ":"3"},"WP":{"7J":"3"},"WX":{"WQ":"3","VG":"3","H3":"3","V7":"3","R9":"3","RQ":"3","QF":"3","WG":"3","V3":"3","XC":"3","J3":"3","F2":"3","RP":"3","V6":"3","RJ":"3","PG":"3","M5":"3","WJ":"3","WC":"3","P7":"3","G4":"3","VJ":"3","M8":"3","QG":"3","VM":"3","MH":"3","JH":"3","P8":"3","PH":"3","R4":"3","M9":"3","PP":"3","H7":"3","X9":"3","MR":"3","Q8":"3","MV":"3","XF":"3","H4":"3","QJ":"3","MG":"3","JF":"3","WF":"3","QR":"3","JV":"3","JC":"3","X8":"3","G2":"3","WP":"3","W6":"3","QQ":"3","PQ":"3","VQ":"3","J2":"3","G6":"3","W8":"3","J6":"3","XJ":"3","J9":"3","F3":"3","H2":"3","PR":"3","P9":"3","QM":"3","JJ":"3","46":"3","XH":"3","Q9":"3","VF":"3","RH":"3","R8":"3","W7":"3","P6":"3","J7":"3","R5":"3","WH":"3","H5":"3","MF":"3","QV":"3","MQ":"3","QC":"3","H6":"3","F4":"3","MM":"3","W5":"3","V5":"3","J5":"3","RF":"3","VC":"3","W9":"3","QP":"3","QH":"3","G3":"3","V9":"3","MP":"3","G5":"3","J4":"3","VP":"3","RG":"3","VH":"3","J8":"3","M7":"3","V4":"3","PC":"3","RC":"3","PJ":"3","PM":"3","XG":"3","PF":"3","MC":"3","MJ":"3","X7":"3","WM":"3","JG":"3","M6":"3","RM":"3","JM":"3"},"XR":{"VF":"3","RF":"3","X9":"3","MM":"3","X8":"3","RC":"3"},"4M":{"MM":"3"},"VR":{"RV":"3","FW":"3"},"VV":{"GM":"3","QM":"3"},"HV":{"MR":"3"},"XX":{"FH":"3","FJ":"3","CV":"3","CG":"3","FP":"3","48":"3","4P":"3","9P":"3","7F":"3","7V":"3","8G":"3","8W":"3","4H":"3","2F":"3","9Q":"3","FW":"3","9W":"3","J3":"3","29":"3","FV":"3","2J":"3","FF":"3","8P":"3","5P":"3","3R":"3","7W":"3","FQ":"3","4Q":"3","9J":"3","GW":"3","FR":"3","3J":"3","7M":"3","9V":"3","2M":"3","6Q":"3","47":"3","6P":"3","7R":"3","8J":"3","8R":"3","CR":"3","2Q":"3","2G":"3","7J":"3","7H":"3","5F":"3","3M":"3","9X":"3","5W":"3","CQ":"3","5X":"3","5Q":"3","CJ":"3","5J":"3","8C":"3","6G":"3","8V":"3","4M":"3","99":"3","3F":"3","6V":"3","8M":"3","7P":"3","9R":"3","3C":"3","GR":"3","49":"3","3P":"3","5M":"3","FX":"3","9M":"3","9G":"3","8H":"3","H5":"3","GX":"3","CC":"3","CH":"3","8F":"3","9H":"3","6F":"3","3H":"3","4G":"3","9C":"3","2P":"3","39":"3","7G":"3","2H":"3","C7":"3","4F":"3","89":"3","6X":"3","CW":"3","28":"3","38":"3","5V":"3","FM":"3","7X":"3","4C":"3","2C":"3","GV":"3","3Q":"3","5R":"3","6M":"3","6W":"3","CF":"3","9F":"3","4J":"3","CX":"3","5G":"3","CM":"3","6H":"3","FG":"3","7Q":"3","5H":"3","5C":"3","CP":"3","8X":"3","6R":"3","8Q":"3","3G":"3","4R":"3","59":"3","XX":"3","6J":"3"},"XW":{"RW":"3"},"WW":{"H4":"3","FX":"3","GW":"3","G4":"3","26":"3","XG":"3","GV":"3","HX":"3","GX":"3"},"XV":{"27":"3","53":"3"},"QX":{"2Q":"3"}},"XH":{"M4":{"78":"3","4C":"3"},"M3":{"45":"3"},"Q3":{"R6":"3"},"X3":{"W5":"3","X8":"3","W4":"3","W8":"3"},"XF":{"MJ":"6|3","JQ":"3","MH":"6","MM":"6","G5":"3","MG":"3","F6":"3"},"J4":{"R9":"3"},"VJ":{"8G":"3"},"J3":{"QW":"3"},"W3":{"VR":"3"}},"XG":{"5F":{"HP":"3"},"QX":{"G8":"3"}},"WG":{"8R":{"Q3":"3"},"8P":{"VC":"3"},"99":{"GM":"3","FM":"3","GP":"3"},"9P":{"CJ":"3","G7":"3","CW":"3"},"9R":{"G3":"3"},"9Q":{"MJ":"3","HM":"3","HR":"3","MG":"3","JG":"3","JC":"3","5G":"3","HJ":"3","HQ":"3","QF":"3","MF":"3","F5":"3","HH":"3","MC":"3","PF":"3","C8":"3","PM":"3","GQ":"3","2V":"3","JJ":"3","QJ":"3","JH":"3","FH":"3","HG":"3","H4":"3","GJ":"6|3"}},"W9":{"CQ":{"CM":"3","9H":"3","5M":"3","9P":"3","QV":"3","CH":"3"},"X6":{"33":"3","44":"3","48":"3","4P":"3","2X":"3","3V":"3","7V":"3","8W":"3","4H":"3","2F":"3","9W":"3","58":"3","29":"3","2J":"3","4X":"3","2R":"3","5P":"3","3R":"3","7W":"3","4Q":"3","35":"3","3J":"3","7M":"3","9V":"3","57":"3","2M":"3","6Q":"3","47":"3","6P":"3","4W":"3","7R":"3","8R":"3","2Q":"3","2G":"3","7J":"3","5F":"3","32":"3","3M":"3","9X":"3","5W":"3","45":"3","25":"3","5X":"3","5Q":"3","37":"3","5J":"3","6G":"3","8V":"3","4M":"3","27":"3","3F":"3","6V":"3","7P":"3","46":"3","24":"3","43":"3","9R":"3","3C":"3","49":"3","3P":"3","5M":"3","34":"3","42":"3","23":"3","2W":"3","6F":"3","3H":"3","26":"3","4G":"3","22":"3","2P":"3","39":"3","2H":"3","4F":"3","2V":"3","6X":"3","CW":"3","28":"3","38":"3","5V":"3","7X":"3","3W":"3","4C":"3","4V":"3","2C":"3","3Q":"3","36":"3","5R":"3","6M":"3","6W":"3","4J":"3","CX":"3","5G":"3","3X":"3","6H":"3","7Q":"3","5H":"3","5C":"3","8X":"3","6R":"3","3G":"3","4R":"3","59":"3","6J":"3"},"CF":{"32":"3"},"FM":{"78":"3"},"X2":{"6C":"3","FH":"3","CV":"3","CG":"3","4P":"3","C4":"3","C8":"3","62":"3","88":"3","9P":"3","C5":"3","7F":"3","7V":"3","8G":"3","8W":"3","4H":"3","9Q":"3","FW":"3","9W":"3","F2":"3","FV":"3","FF":"3","8P":"3","4X":"3","5P":"3","52":"3","G4":"3","7W":"3","7C":"3","FQ":"3","4Q":"3","9J":"3","F8":"3","GW":"3","C9":"3","FR":"3","73":"3","7M":"3","9V":"3","6Q":"3","F6":"3","79":"3","6P":"3","4W":"3","7R":"3","8J":"3","8R":"3","CR":"3","HX":"3","7J":"3","7H":"3","5F":"3","77":"3","F5":"3","69":"3","74":"3","83":"3","68":"3","9X":"3","F7":"3","5W":"3","CQ":"3","G2":"3","5X":"3","5Q":"3","CJ":"3","5J":"3","93":"3","8C":"3","G6":"3","6G":"3","87":"3","8V":"3","HR":"3","4M":"3","F3":"3","99":"3","6V":"3","8M":"3","7P":"3","75":"3","9R":"3","67":"3","C3":"3","FC":"3","5M":"3","86":"3","98":"3","63":"3","FX":"3","9M":"3","HW":"3","9G":"3","8H":"3","97":"3","92":"3","GX":"3","CC":"3","CH":"3","8F":"3","9H":"3","6F":"3","82":"3","94":"3","F4":"3","4G":"3","9C":"3","7G":"3","C2":"3","C7":"3","72":"3","89":"3","6X":"3","CW":"3","65":"3","5V":"3","G3":"3","7X":"3","4V":"3","GV":"3","G5":"3","5R":"3","6M":"3","64":"3","76":"3","6W":"3","CF":"3","96":"3","C6":"3","9F":"3","4J":"3","78":"3","CX":"3","5G":"3","CM":"3","F9":"3","6H":"3","FG":"3","7Q":"3","5H":"3","5C":"3","95":"3","8X":"3","6R":"3","66":"3","8Q":"3","4R":"3","85":"3","59":"3","G7":"3","6J":"3","84":"3"},"8F":{"48":"3","58":"3"},"W2":{"RW":"3","H3":"3","47":"3"},"Q2":{"8C":"3","9J":"3","78":"3","8G":"3","9C":"3","89":"3","57":"3"},"FF":{"QR":"3"},"V5":{"HG":"3"},"7F":{"GQ":"3","GR":"3","9V":"3","GV":"3","FP":"3","WW":"3","CW":"3","CX":"3","FR":"3","FX":"3","FV":"3","RQ":"3","WQ":"3","HR":"3","CR":"3","FW":"3","PV":"3","CQ":"3","RR":"3","9X":"3","CP":"3","CV":"3","8V":"3","FQ":"3"},"R2":{"RQ":"3","CV":"3","QQ":"3"},"W3":{"RW":"3","WV":"3","WJ":"3","VM":"3","VQ":"3","MJ":"3","RP":"3","QH":"3","PG":"3","MG":"3","RV":"3","JF":"3","PP":"3","WP":"3","WX":"3","VJ":"3","MQ":"3","JG":"3","JC":"3","QP":"3","XR":"3","MM":"3","RM":"3","VR":"3","XQ":"3","MF":"3","WQ":"3","J9":"3","PR":"3","RX":"3","HH":"3","VV":"3","MP":"3","QM":"3","MC":"3","XM":"3","PF":"3","QV":"3","RH":"3","VP":"3","PM":"3","RJ":"3","VH":"3","RR":"3","XJ":"3","JJ":"3","MH":"3","QJ":"3","PV":"3","WR":"3","PQ":"3","RQ":"3","XX":"3","MR":"3","JH":"3","XW":"3","WM":"3","WH":"3","M9":"3","WW":"3","QR":"3","QQ":"3","PJ":"3","PH":"3","PW":"3","HG":"3","XV":"3","XP":"3","VX":"3","QW":"3","VW":"3","QX":"3","JM":"3"},"W7":{"M3":"3","P9":"3","WH":"3","Q6":"3","PC":"3","WR":"3","R4":"3","V7":"3","X6":"3","Q5":"3","X2":"3","W2":"3","WF":"3","Q2":"3","W9":"3","R6":"3","J5":"3","P6":"3","QC":"3","V5":"3","QG":"3","P2":"3","VM":"3","P8":"3","R2":"3","R8":"3","R9":"3","W3":"3","J7":"3","W7":"3","X4":"3","X7":"3","RG":"3","VP":"3","XR":"3","V3":"3","VF":"3","P3":"3","VC":"3","J6":"3","V4":"3","R3":"3","M5":"3","X8":"3","V2":"3","Q8":"3","XG":"3","WQ":"3","RM":"3","X3":"3","XM":"3","PG":"3","XQ":"3","XW":"3","WM":"3","Q3":"3","X5":"3","J8":"3","QJ":"3","XJ":"3","W4":"3","XX":"3","X9":"3","V9":"3","WJ":"3","R7":"3","QH":"3","P4":"3","W6":"3","XH":"3","M6":"3","WC":"3","Q7":"3","WG":"3","P5":"3","M4":"3","V6":"3","VH":"3","RH":"3","RC":"3","M8":"3","V8":"3","VJ":"3","Q4":"3","XV":"3","XP":"3","M7":"3","M2":"3","WP":"3","XC":"3","Q9":"3","XF":"3","QF":"3","P7":"3","PF":"3","RJ":"3","W5":"3","J4":"3","W8":"3","R5":"3","RF":"3","VG":"3"},"X4":{"V7":"3","33":"3","48":"3","R9":"3","R2":"3","2X":"3","WG":"3","V3":"3","2F":"3","XC":"3","58":"3","29":"3","2J":"3","V6":"3","WC":"3","2R":"3","3R":"3","P7":"3","Q4":"3","35":"3","9J":"3","P2":"3","3J":"3","2M":"3","47":"3","R4":"3","X5":"3","R6":"3","X9":"3","Q8":"3","XF":"3","2Q":"3","GG":"3","2G":"3","5F":"3","32":"3","3M":"3","WF":"3","X8":"3","25":"3","W6":"3","Q3":"3","37":"3","V8":"3","W8":"3","27":"3","3F":"3","24":"3","43":"3","3C":"3","W4":"3","53":"3","R8":"3","49":"3","Q6":"3","3P":"3","W7":"3","P6":"3","R5":"3","34":"3","23":"3","2W":"3","3H":"3","26":"3","P4":"3","4G":"3","22":"3","W5":"3","V5":"3","2P":"3","VC":"3","39":"3","W9":"3","2H":"3","W3":"3","Q2":"3","Q7":"3","4F":"3","2V":"3","X6":"3","28":"3","P3":"3","38":"3","3W":"3","4C":"3","W2":"3","2C":"3","Q5":"3","V9":"3","3Q":"3","36":"3","M3":"3","R3":"3","V4":"3","3X":"3","5C":"3","XG":"3","X2":"3","V2":"3","3G":"3","R7":"3","59":"3","P5":"3","X7":"3","X3":"3","X4":"3"},"X7":{"6C":"3","HP":"3","FH":"3","FJ":"3","CV":"3","CG":"3","G9":"3","33":"3","44":"3","FP":"3","48":"3","4P":"3","2X":"3","C4":"3","C8":"3","62":"3","88":"3","3V":"3","C5":"3","9P":"3","7F":"3","7V":"3","8G":"3","GF":"3","8W":"3","4H":"3","2F":"3","9Q":"3","FW":"3","9W":"3","58":"3","29":"3","FV":"3","JX":"3","2J":"3","FF":"3","GP":"3","GM":"3","8P":"3","4X":"3","5P":"3","2R":"3","QX":"3","RW":"3","3R":"3","52":"3","7W":"3","7C":"3","FQ":"3","4Q":"3","35":"3","9J":"3","JR":"3","F8":"3","GW":"3","C9":"3","FR":"3","73":"3","JW":"3","3J":"3","7M":"3","9V":"3","57":"3","2M":"3","RX":"3","6Q":"3","47":"3","F6":"3","79":"3","6P":"3","PV":"3","4W":"3","HV":"3","7R":"3","MR":"3","8J":"3","MV":"3","8R":"3","CR":"3","HX":"3","2Q":"3","GG":"3","2G":"3","7J":"3","7H":"3","5F":"3","32":"3","3M":"3","77":"3","F5":"3","69":"3","74":"3","83":"3","QR":"3","9X":"3","68":"3","JV":"3","F7":"3","5W":"3","CQ":"3","45":"3","25":"3","5X":"3","5Q":"3","G8":"3","37":"3","CJ":"3","54":"3","QW":"3","5J":"3","93":"3","8C":"3","HJ":"3","GJ":"3","6G":"3","87":"3","8V":"3","HR":"3","4M":"3","JQ":"3","PR":"3","99":"3","55":"3","27":"3","3F":"3","6V":"3","8M":"3","7P":"3","46":"3","75":"3","24":"3","43":"3","9R":"3","3C":"3","GR":"3","67":"3","HH":"3","C3":"3","53":"3","49":"3","FC":"3","3P":"3","5M":"3","86":"3","98":"3","63":"3","FX":"3","9M":"3","PX":"3","HW":"3","9G":"3","8H":"3","97":"3","92":"3","34":"3","42":"3","23":"3","GX":"3","CC":"3","CH":"3","QV":"3","MQ":"3","2W":"3","8F":"3","9H":"3","82":"3","6F":"3","3H":"3","94":"3","26":"3","F4":"3","4G":"3","9C":"3","22":"3","HF":"3","JP":"3","2P":"3","39":"3","7G":"3","2H":"3","HM":"3","C2":"3","C7":"3","MX":"3","72":"3","4F":"3","89":"3","2V":"3","6X":"3","CW":"3","28":"3","65":"3","38":"3","5V":"3","FM":"3","7X":"3","4C":"3","3W":"3","4V":"3","2C":"3","RV":"3","GV":"3","GC":"3","3Q":"3","36":"3","VX":"3","5R":"3","6M":"3","64":"3","76":"3","CF":"3","6W":"3","96":"3","C6":"3","PW":"3","9F":"3","4J":"3","78":"3","CX":"3","5G":"3","56":"3","CM":"3","GQ":"3","F9":"3","3X":"3","GH":"3","HG":"3","6H":"3","FG":"3","7Q":"3","5H":"3","5C":"3","CP":"3","95":"3","8X":"3","6R":"3","66":"3","8Q":"3","3G":"3","4R":"3","85":"3","59":"3","HQ":"3","JM":"3","MW":"3","6J":"3","84":"3"},"J6":{"V2":"3"},"R3":{"V6":"3"},"X8":{"CX":"3","85":"3","C6":"3","V8":"3","P8":"3","6V":"3","5V":"3","69":"3","XP":"3","66":"3","WJ":"3","WH":"3","W5":"3","R3":"3","64":"3","H2":"3","P4":"3","7H":"3","J5":"3","32":"3","WX":"3","RC":"3","JC":"3","CJ":"3","J4":"3","7J":"3","5C":"3","48":"3","8F":"3","97":"3","HX":"3","52":"3","93":"3","WM":"3","FQ":"3","XM":"3","PQ":"3","GX":"3","MG":"3","62":"3","H7":"3","4V":"3","PV":"3","JV":"3","M3":"3","R4":"3","GM":"3","GC":"3","X9":"3","JG":"3","F3":"3","VP":"3","6M":"3","8C":"3","FH":"3","CQ":"3","XV":"3","FM":"3","9C":"3","47":"3","26":"3","95":"3","9M":"3","33":"3","P6":"3","86":"3","H3":"3","55":"3","CR":"3","P3":"3","RV":"3","R7":"3","G8":"3","V7":"3","7P":"3","79":"3","GR":"3","6P":"3","FR":"3","XG":"3","M7":"3","7R":"3","RF":"3","V3":"3","HF":"3","H8":"3","G9":"3","76":"3","5G":"3","C8":"3","VX":"3","5J":"3","F4":"3","XJ":"3","M4":"3","P7":"3","42":"3","96":"3","4H":"3","MP":"3","GG":"3","HJ":"3","9J":"3","F8":"3","MF":"3","C2":"3","5W":"3","J2":"3","6F":"3","VW":"3","G7":"3","54":"3","WC":"3","35":"3","CM":"3","VQ":"3","43":"3","8V":"3","25":"3","4P":"3","VR":"3","4M":"3","MX":"3","M9":"3","PM":"3","36":"3","V6":"3","92":"3","6Q":"3","GF":"3","R8":"3","5F":"3","V2":"3","J3":"3","VF":"3","J9":"3","7Q":"3","F9":"3","JX":"3","W4":"3","PF":"3","GP":"3","HR":"3","PC":"3","4J":"3","8J":"3","98":"3","HW":"3","FP":"3","GQ":"3","67":"3","5P":"3","MC":"3","94":"3","HG":"3","8P":"3","CH":"3","FJ":"3","CG":"3","C4":"3","QR":"3","XQ":"3","38":"3","W3":"3","56":"3","QF":"3","HP":"3","X6":"3","MV":"3","JM":"3","89":"3","FX":"3","24":"3","WG":"3","GW":"3","Q5":"3","JJ":"3","PH":"3","XR":"3","8R":"3","M2":"3","J6":"3","M5":"3","HM":"3","PG":"3","G2":"3","73":"3","PR":"3","82":"3","MJ":"3","57":"3","4F":"3","Q7":"3","R5":"3","JQ":"3","8W":"3","G5":"3","CV":"3","6X":"3","Q6":"3","Q2":"3","QH":"3","6G":"3","87":"3","77":"3","F2":"3","GV":"3","68":"3","44":"3","VC":"3","9P":"3","C5":"3","8G":"3","5Q":"3","7X":"3","QJ":"3","C3":"3","M6":"3","R9":"3","9H":"3","46":"3","63":"3","7C":"3","8H":"3","WR":"3","PP":"3","XW":"3","HQ":"3","RP":"3","P2":"3","P9":"3","MW":"3","6R":"3","9Q":"3","WF":"3","9R":"3","JW":"3","H4":"3","49":"3","JH":"3","3C":"3","HC":"3","58":"3","CF":"3","P5":"3","WP":"3","RX":"3","V9":"3","5H":"3","MM":"3","59":"3","XX":"3","RQ":"3","HH":"3","WQ":"3","RJ":"3","XH":"3","84":"3","FV":"3","8M":"3","83":"3","78":"3","VH":"3","VV":"3","QM":"3","G4":"3","RW":"3","GH":"3","J8":"3","H5":"3","9X":"3","CP":"3","PW":"3","G3":"3","GJ":"3","C7":"3","VG":"3","CC":"3","JP":"3","M8":"3","4G":"3","6W":"3","H9":"3","QX":"3","W8":"3","75":"3","8X":"3","W7":"3","4X":"3","QG":"3","22":"3","MQ":"3","4C":"3","W9":"3","MH":"3","6J":"3","JF":"3","J7":"3","MR":"3","53":"3","7F":"3","7V":"3","F5":"3","7M":"3","88":"3","X8":"3","PJ":"3","5M":"3","5R":"3","37":"3","C9":"3","XC":"3","Q9":"3","CW":"3","99":"3","9W":"3","9F":"3","H6":"3","X7":"3","QP":"3","RR":"3","4Q":"3","W6":"3","FW":"3","QC":"3","7G":"3","9G":"3","65":"3","QW":"3","7W":"3","34":"3","F7":"3","3F":"3","Q4":"3","QV":"3","WW":"3","8Q":"3","WV":"3","RM":"3","39":"3","74":"3","Q8":"3","R6":"3","QQ":"3","RH":"3","XF":"3","PX":"3","6H":"3","Q3":"3","V4":"3","23":"3","6C":"3","4R":"3","FF":"3","R2":"3","4W":"3","RG":"3","VM":"3","HV":"3","45":"3","VJ":"3","V5":"3","5X":"3","F6":"3","JR":"3","9V":"3","G6":"3","FG":"3","72":"3","FC":"3"},"PJ":{"WV":"3"},"V2":{"V7":"3","V6":"3","XC":"3","HG":"3","R6":"3","M5":"3"},"X3":{"H3":"3","QR":"3","P6":"3","63":"3","G8":"3","P7":"3","JM":"3","RW":"3","59":"3","MJ":"3","F6":"3","CC":"3","C5":"3","76":"3","XV":"3","QW":"3","CG":"3","FC":"3","GF":"3","C2":"3","72":"3","5C":"3","99":"3","7F":"3","J4":"3","52":"3","M7":"3","C9":"3","53":"3","J8":"3","F2":"3","QM":"3","WR":"3","XW":"3","P8":"3","6C":"3","JC":"3","PC":"3","Q9":"3","RX":"3","VR":"3","QG":"3","G9":"3","H6":"3","H7":"3","MQ":"3","77":"3","PG":"3","F5":"3","MC":"3","8C":"3","92":"3","84":"3","GC":"3","75":"3","WW":"3","74":"3","VJ":"3","C3":"3","C7":"3","PQ":"3","3H":"3","G2":"3","VX":"3","JP":"3","64":"3","85":"3","8F":"3","F3":"3","95":"3","9C":"3","MF":"3","79":"3","HH":"3","JG":"3","PM":"3","HF":"3","HC":"3","PR":"3","66":"3","QV":"3","J9":"3","HG":"3","MP":"3","QH":"3","H8":"3","VW":"3","PF":"3","56":"3","M3":"3","RJ":"3","Q8":"3","96":"3","RM":"3","H9":"3","PH":"3","67":"3","WX":"3","C6":"3","7G":"3","78":"3","86":"3","J6":"3","F8":"3","P9":"3","QJ":"3","5R":"3","H4":"3","94":"3","RP":"3","RC":"3","JJ":"3","82":"3","J7":"3","65":"3","PP":"3","M9":"3","QF":"3","G4":"3","C8":"3","QC":"3","JH":"3","XR":"3","69":"3","M6":"3","M5":"3","MG":"3","F4":"3","H5":"3","97":"3","49":"3","88":"3","CF":"3","QX":"3","9F":"3","F9":"3","54":"3","MV":"3","RR":"3","C4":"3","HJ":"3","JF":"3","89":"3","J5":"3","G6":"3","PX":"3","RH":"3","RG":"3","RQ":"3","4C":"3","6F":"3","VM":"3","G7":"3","MW":"3","87":"3","M8":"3","GG":"3","62":"3","G5":"3","5W":"3","H2":"3","MM":"3","RF":"3","98":"3","VQ":"3","MR":"3","XX":"3","VV":"3","83":"3","J3":"3","2X":"3","93":"3","WP":"3","68":"3","PW":"3","WQ":"3","G3":"3","JQ":"3","WV":"3","QQ":"3","MH":"3","VP":"3","7C":"3","RV":"3","F7":"3","55":"3","8G":"3","9G":"3","73":"3","QP":"3","PV":"3","2W":"3","PJ":"3"},"CM":{"G3":"3"},"8H":{"96":"3","C7":"3"},"Q3":{"8V":"3"},"FC":{"62":"3","42":"3"},"X5":{"47":"3","3R":"3","25":"3","33":"3","3G":"3","3J":"3","22":"3","2J":"3","2G":"3","4G":"3","37":"3","3Q":"3","27":"3","36":"3","5J":"3","4H":"3","4M":"3","34":"3","3M":"3","3X":"3","2R":"3","5H":"3","4F":"3","3P":"3","23":"3","2M":"3","48":"3","49":"3","2Q":"3","46":"3","3H":"3","39":"3","2X":"3","3C":"3","4J":"3","3W":"3","2C":"3","3V":"3","28":"3","38":"3","35":"3","2V":"3","4X":"3","24":"3","29":"3","26":"3","2F":"3","2W":"3","4Q":"3","32":"3","2P":"3","4P":"3","2H":"3","3F":"3"},"W4":{"WH":"3","WR":"3","QP":"3","HW":"3","V7":"3","HV":"3","QW":"3","X6":"3","PR":"3","X2":"3","PX":"3","RQ":"3","JX":"3","WF":"3","W2":"3","MW":"3","QQ":"3","Q2":"3","W9":"3","WV":"3","V5":"3","QX":"3","MP":"3","RP":"3","RW":"3","VQ":"3","VM":"3","R2":"3","W3":"3","W7":"3","X4":"3","RG":"3","X7":"3","VP":"3","VV":"3","XR":"3","V3":"3","QV":"3","PV":"3","VF":"3","VX":"3","VC":"3","V4":"3","R3":"3","X8":"3","WW":"3","RV":"3","V2":"3","XG":"3","WQ":"3","RM":"3","X3":"3","XM":"3","QM":"3","XQ":"3","XW":"3","WM":"3","JQ":"3","JR":"3","X5":"3","QJ":"3","MV":"3","XJ":"3","MX":"3","W4":"3","XX":"3","WX":"3","X9":"3","V9":"3","VR":"3","WJ":"3","QH":"3","W6":"3","XH":"3","WC":"3","RX":"3","QR":"3","WG":"3","V6":"3","VH":"3","RH":"3","MQ":"3","JW":"3","V8":"3","VJ":"3","XV":"3","JV":"3","VW":"3","XP":"3","PW":"3","HX":"3","WP":"3","XC":"3","XF":"3","RR":"3","RJ":"3","W5":"3","W8":"3","MR":"3","VG":"3"},"7G":{"F3":"3","M9":"3","J3":"3","F5":"3","96":"3","95":"3","94":"3","Q4":"3","54":"3","93":"3","87":"3","F2":"3","74":"3","C2":"3","F6":"3","92":"3","82":"3","8W":"3","G7":"3","C3":"3","F4":"3","83":"3","C5":"3","C4":"3","C6":"3"},"99":{"F7":"3"},"X9":{"H3":"3","QR":"3","46":"3","8V":"3","P6":"3","63":"3","G8":"3","P7":"3","HV":"3","6X":"3","FV":"3","V8":"3","Q7":"3","JM":"3","JV":"3","RW":"3","JW":"3","59":"3","47":"3","V6":"3","MJ":"3","F6":"3","CC":"3","C5":"3","76":"3","QW":"3","R6":"3","CG":"3","FC":"3","R8":"3","GF":"3","C2":"3","CP":"3","72":"3","5C":"3","99":"3","7F":"3","J4":"3","52":"3","M7":"3","R4":"3","C9":"3","P3":"3","53":"3","J8":"3","F2":"3","QM":"3","R5":"3","P8":"3","6C":"3","JC":"3","FX":"3","PC":"3","Q9":"3","44":"3","RX":"3","4Q":"3","QG":"3","HX":"3","G9":"3","6Q":"3","H6":"3","42":"3","H7":"3","MQ":"3","FW":"3","7M":"3","X7":"3","77":"3","7R":"3","GM":"3","9X":"3","PG":"3","F5":"3","GJ":"3","R2":"3","HM":"3","MC":"3","8R":"3","8C":"3","92":"3","X2":"3","84":"3","GC":"3","75":"3","74":"3","9R":"3","V9":"3","VC":"3","C3":"3","4M":"3","JX":"3","VH":"3","Q5":"3","R9":"3","C7":"3","8M":"3","PQ":"3","CR":"3","7H":"3","G2":"3","VX":"3","JP":"3","64":"3","85":"3","M4":"3","6W":"3","7W":"3","FF":"3","57":"3","8F":"3","HW":"3","R7":"3","F3":"3","V7":"3","95":"3","9C":"3","P4":"3","MF":"3","79":"3","HH":"3","X8":"3","JG":"3","WC":"3","5P":"3","P2":"3","PM":"3","6V":"3","FQ":"3","HF":"3","HC":"3","8P":"3","8X":"3","PR":"3","66":"3","J9":"3","QV":"3","CV":"3","X5":"3","CM":"3","HG":"3","MP":"3","QH":"3","H8":"3","VW":"3","V5":"3","CW":"3","FJ":"3","M2":"3","PF":"3","WF":"3","56":"3","M3":"3","W5":"3","Q8":"3","96":"3","H9":"3","V2":"3","PH":"3","V3":"3","9Q":"3","67":"3","3C":"3","C6":"3","7G":"3","48":"3","78":"3","5G":"3","8H":"3","86":"3","7V":"3","Q6":"3","9P":"3","J6":"3","F8":"3","P9":"3","5H":"3","QJ":"3","7P":"3","5R":"3","H4":"3","58":"3","GQ":"3","5Q":"3","94":"3","W8":"3","HP":"3","RP":"3","9V":"3","RC":"3","JJ":"3","82":"3","J7":"3","45":"3","VF":"3","PP":"3","4J":"3","65":"3","M9":"3","QF":"3","G4":"3","C8":"3","QC":"3","9W":"3","5V":"3","JH":"3","W7":"3","P5":"3","5J":"3","69":"3","M6":"3","MG":"3","M5":"3","38":"3","H5":"3","F4":"3","39":"3","97":"3","9M":"3","49":"3","88":"3","CF":"3","QX":"3","9F":"3","F9":"3","54":"3","MV":"3","RR":"3","C4":"3","GW":"3","7Q":"3","HJ":"3","JF":"3","89":"3","J5":"3","X9":"3","JR":"3","G6":"3","Q4":"3","8W":"3","PX":"3","RH":"3","RG":"3","RQ":"3","6P":"3","6M":"3","4C":"3","W9":"3","6F":"3","FH":"3","G7":"3","J2":"3","MW":"3","87":"3","7J":"3","X6":"3","6H":"3","M8":"3","GG":"3","5F":"3","FG":"3","62":"3","W4":"3","6R":"3","G5":"3","9J":"3","XC":"3","37":"3","6G":"3","5W":"3","H2":"3","W6":"3","MM":"3","V4":"3","4G":"3","RF":"3","98":"3","4F":"3","MX":"3","4P":"3","MR":"3","FP":"3","GR":"3","VV":"3","83":"3","J3":"3","93":"3","68":"3","PW":"3","6J":"3","9H":"3","7X":"3","VG":"3","R3":"3","FM":"3","G3":"3","JQ":"3","GP":"3","GH":"3","CQ":"3","5M":"3","Q2":"3","QQ":"3","WG":"3","MH":"3","CX":"3","7C":"3","RV":"3","HR":"3","4H":"3","GX":"3","X4":"3","8J":"3","HQ":"3","W2":"3","F7":"3","55":"3","8Q":"3","8G":"3","CJ":"3","9G":"3","GV":"3","73":"3","PV":"3","FR":"3","QP":"3","X3":"3","Q3":"3","W3":"3","CH":"3","PJ":"3"},"HG":{"HM":"3"},"P4":{"PM":"3"},"W6":{"XF":"3","H3":"3","QR":"3","P6":"3","P7":"3","V8":"3","Q7":"3","XH":"3","JM":"3","WH":"3","JV":"3","RW":"3","V6":"3","MJ":"3","XV":"3","QW":"3","R6":"3","R8":"3","J4":"3","M7":"3","R4":"3","P3":"3","J8":"3","QM":"3","WR":"3","XW":"3","R5":"3","P8":"3","JC":"3","PC":"3","Q9":"3","RX":"3","VR":"3","QG":"3","MQ":"3","X7":"3","PG":"3","R2":"3","MC":"3","X2":"3","WW":"3","XM":"3","VJ":"3","V9":"3","VC":"3","VH":"3","Q5":"3","R9":"3","PQ":"3","VX":"3","JP":"3","M4":"3","R7":"3","V7":"3","P4":"3","MF":"3","JG":"3","X8":"3","WC":"3","P2":"3","PM":"3","PR":"3","QV":"3","J9":"3","X5":"3","MP":"3","QH":"3","VW":"3","V5":"3","M2":"3","PF":"3","WF":"3","M3":"3","W5":"3","RJ":"3","Q8":"3","RM":"3","V2":"3","PH":"3","V3":"3","WX":"3","Q6":"3","J6":"3","P9":"3","QJ":"3","W8":"3","RP":"3","RC":"3","JJ":"3","J7":"3","VF":"3","XG":"3","PP":"3","M9":"3","QF":"3","QC":"3","JH":"3","W7":"3","P5":"3","XR":"3","M6":"3","MG":"3","M5":"3","QX":"3","XJ":"3","MV":"3","RR":"3","JF":"3","J5":"3","X9":"3","JR":"3","Q4":"3","PX":"3","RH":"3","RG":"3","RQ":"3","W9":"3","VM":"3","J2":"3","MW":"3","X6":"3","M8":"3","XP":"3","W4":"3","XC":"3","WJ":"3","H2":"3","W6":"3","WM":"3","V4":"3","MM":"3","RF":"3","MX":"3","VQ":"3","MR":"3","XX":"3","VV":"3","J3":"3","WP":"3","PW":"3","VG":"3","WQ":"3","R3":"3","JQ":"3","WV":"3","Q2":"3","QQ":"3","WG":"3","MH":"3","VP":"3","RV":"3","X4":"3","XQ":"3","W2":"3","QP":"3","PV":"3","X3":"3","Q3":"3","W3":"3","PJ":"3"},"FP":{"FM":"3","6G":"3","7G":"3"},"WC":{"GX":"3"},"5R":{"WQ":"3"},"P5":{"95":"3"},"C9":{"FX":"3","PJ":"3","HW":"3","JJ":"3","HX":"3"},"PM":{"Q4":"3","V5":"3","V4":"3"},"Q4":{"26":"3"},"CC":{"F2":"3","G6":"3","G4":"3"},"JH":{"86":"3"},"XC":{"F3":"3","J4":"3","V2":"3","H4":"3","H3":"3","P4":"3","88":"3","M2":"3","62":"3","J3":"3","G4":"3","R2":"3","73":"3","F5":"3","95":"3","94":"3","78":"3","93":"3","R5":"3","F2":"3","M4":"3","M3":"3","R3":"3","72":"3","G2":"3","74":"3","C2":"3","92":"3","82":"3","Q3":"3","H2":"3","H5":"3","P3":"3","G3":"3","J2":"3","P2":"3","C3":"3","Q2":"3","F4":"3","83":"3","C5":"3","G5":"3","C4":"3","84":"3"},"XF":{"MV":"3"},"W5":{"XF":"3","H3":"3","QR":"3","P6":"3","P7":"3","HV":"3","V8":"3","Q7":"3","XH":"3","JM":"3","WH":"3","JV":"3","RW":"3","JW":"3","V6":"3","MJ":"3","XV":"3","QW":"3","R6":"3","R8":"3","J4":"3","M7":"3","R4":"3","P3":"3","J8":"3","QM":"3","WR":"3","XW":"3","R5":"3","P8":"3","JC":"3","PC":"3","Q9":"3","RX":"3","VR":"3","QG":"3","HX":"3","H6":"3","H7":"3","MQ":"3","X7":"3","PG":"3","R2":"3","MC":"3","X2":"3","WW":"3","XM":"3","VJ":"3","V9":"3","VC":"3","JX":"3","VH":"3","Q5":"3","R9":"3","PQ":"3","G2":"3","VX":"3","JP":"3","M4":"3","HW":"3","R7":"3","V7":"3","P4":"3","MF":"3","JG":"3","X8":"3","WC":"3","P2":"3","PM":"3","HF":"3","HC":"3","PR":"3","QV":"3","J9":"3","X5":"3","MP":"3","QH":"3","H8":"3","VW":"3","V5":"3","M2":"3","PF":"3","WF":"3","M3":"3","W5":"3","RJ":"3","Q8":"3","RM":"3","H9":"3","V2":"3","PH":"3","V3":"3","WX":"3","Q6":"3","J6":"3","P9":"3","QJ":"3","H4":"3","W8":"3","RP":"3","RC":"3","JJ":"3","J7":"3","VF":"3","XG":"3","PP":"3","M9":"3","QF":"3","QC":"3","JH":"3","W7":"3","P5":"3","XR":"3","M6":"3","MG":"3","M5":"3","H5":"3","QX":"3","XJ":"3","MV":"3","RR":"3","JF":"3","J5":"3","X9":"3","JR":"3","Q4":"3","PX":"3","RH":"3","RG":"3","RQ":"3","W9":"3","VM":"3","J2":"3","MW":"3","X6":"3","M8":"3","XP":"3","W4":"3","XC":"3","WJ":"3","H2":"3","W6":"3","WM":"3","V4":"3","MM":"3","RF":"3","MX":"3","VQ":"3","MR":"3","XX":"3","VV":"3","J3":"3","WP":"3","PW":"3","VG":"3","WQ":"3","R3":"3","JQ":"3","WV":"3","Q2":"3","QQ":"3","WG":"3","MH":"3","VP":"3","RV":"3","X4":"3","XQ":"3","W2":"3","QP":"3","PV":"3","X3":"3","Q3":"3","W3":"3","PJ":"3"},"W8":{"X2":"3"}},"4J":{"77":{"F7":"3"}},"QM":{"P8":{"22":"3"},"34":{"56":"3"},"23":{"68":"3","4V":"3","69":"3","5J":"3","4M":"3","73":"3","75":"3","67":"3","5H":"3","4R":"3","66":"3","5M":"3","72":"3","74":"3","6F":"3","76":"3","82":"3","6C":"3","5F":"3","4Q":"3","4P":"3","5G":"3"},"22":{"8R":"3","8Q":"3","C8":"3","CG":"3","9P":"3","F7":"3","G4":"3","F5":"3","9Q":"3","CC":"3","CF":"3","8X":"3","9J":"3","C9":"3","9M":"3","G2":"3","F6":"3","CH":"3","9H":"3","G3":"3","8W":"3","F4":"3","F8":"3","8V":"3"},"P7":{"2W":"3","7P":"3","5V":"3"}},"XF":{"66":{"HJ":"3"},"R3":{"28":"3"}},"VC":{"HH":{"FP":"3"},"2Q":{"67":"3","68":"3","75":"3"},"X3":{"65":"3"},"WH":{"VF":"3"},"F3":{"33":"3"}},"7V":{"FX":{"6X":"3"}},"RG":{"7R":{"HF":"3"},"GP":{"H2":"3","HC":"3"},"99":{"52":"3","53":"3"},"6R":{"V6":"3"},"J5":{"W2":"3"},"7Q":{"4F":"3"},"GM":{"QR":"3","QV":"3"},"98":{"7X":"3"}},"RF":{"MJ":{"RF":"3"},"62":{"85":"3","8G":"3","72":"3","89":"3"},"J2":{"86":"3"},"V2":{"54":"3"},"V3":{"2P":"3","9P":"3","F3":"3"},"R4":{"V2":"3","Q6":"3","V6":"3","P5":"3","V5":"3","R7":"3","V7":"3","R4":"3","Q2":"3","Q4":"3","R3":"3","X3":"3","V4":"3","Q3":"3","P3":"3","R6":"3","Q5":"3","R5":"3","W7":"3","P6":"3"},"R3":{"QP":"3","RV":"3","PX":"3","QV":"6|3","PW":"3","JP":"3","27":"3","PQ":"3","QX":"3","WX":"3","WH":"3","PR":"3","MW":"3","WW":"3","QQ":"3","RP":"3","PJ":"3","MJ":"3","PH":"3","RQ":"3","VM":"3","MR":"3","VW":"3","QM":"3","9G":"3","Q5":"3","QH":"3","QW":"6|3","RW":"3","PV":"3","MQ":"3","QR":"3","RR":"3","28":"3","VP":"3","GF":"3","MV":"3","MM":"3","RM":"3","VX":"3","VV":"3","VQ":"3","PP":"3","PM":"3","M7":"3"},"W5":{"62":"3"},"R2":{"XQ":"3","8M":"3"},"MV":{"XH":"3"},"X5":{"96":"3"},"V4":{"R9":"3","VC":"3","67":"3","45":"3","89":"3","49":"3","99":"3","4C":"3","V9":"3","68":"3","88":"3","98":"3","M9":"3","RC":"3","34":"3"},"Q3":{"J7":"3","X2":"3","W6":"3","J6":"3"},"X4":{"28":"3"},"W4":{"GC":"3","GH":"3","4C":"3"},"93":{"Q2":"3","CJ":"3","CM":"3","M6":"3","8P":"3","9P":"3","9M":"3","9J":"3"},"PJ":{"4J":"3","3G":"3","39":"3","2G":"3","3M":"3","7C":"3","2F":"3","3J":"3"},"72":{"2G":"3","4H":"3","32":"3"}},"QH":{"8Q":{"2F":"3","MR":"3","29":"3"},"3R":{"QV":"3"},"25":{"RW":"3","QH":"3","RV":"3","M3":"3","QP":"3","P5":"3","QF":"3","M4":"3","RX":"3","QM":"3","PF":"3","P8":"3","RR":"3","M2":"3","QJ":"3","RQ":"3","PC":"3","QQ":"3","QG":"3","M5":"3","P7":"3","P9":"3","P6":"3"},"8P":{"52":"3"},"3G":{"XF":"3","X6":"3","X9":"3","W5":"3","W2":"3","XC":"3","XM":"3","X8":"3","W3":"3","X5":"3","XJ":"3","W4":"3","XH":"3","XG":"3","X7":"3"},"4V":{"79":"3","75":"3","7F":"3","7J":"3","7W":"3","7X":"3","7G":"3","7R":"3","7M":"3","76":"3","77":"3","7H":"3","7V":"3","78":"3","7Q":"3","74":"3","7P":"3","7C":"3","72":"3","73":"3"},"22":{"FW":"3","C5":"3","FP":"3","FR":"3","FV":"3","FM":"3","C8":"3","FF":"3","C3":"3","F9":"3","C4":"3","F8":"3","FQ":"3","C2":"3","FJ":"3","FX":"3","FH":"3","FG":"3","C6":"3","FC":"3","C7":"3"},"6J":{"5F":"3","58":"3","HP":"3","56":"3"},"9P":{"4P":"3","53":"3","6F":"3","84":"3"},"8M":{"87":"3","93":"3","89":"3","6V":"3"},"4G":{"2X":"3","2Q":"3","2P":"3","2W":"3","2V":"3","2M":"3","2R":"3"},"37":{"7M":"3","47":"3","58":"3","33":"3","6J":"3","7Q":"3","5C":"3","44":"3","34":"3","6G":"3","6H":"3","6M":"3","8X":"3","48":"3","59":"3","46":"3","7V":"3","6F":"3","45":"3","5F":"3","8W":"3","7P":"3","7R":"3","32":"3","8V":"3"},"F7":{"V8":"3"},"36":{"3X":"3","2Q":"3","2W":"3","2V":"3","3W":"3","2R":"3"},"5J":{"RX":"3","GV":"3","7Q":"3","6R":"3","9Q":"3","9W":"3","7X":"3","GW":"3","WV":"3","VW":"3","HX":"3","6Q":"3","WR":"3","7P":"3","VX":"3","VV":"3","7R":"3","8V":"3"},"5C":{"36":"3","JW":"3","37":"3","8Q":"3","4G":"3","9P":"3","46":"3","7Q":"3"},"4H":{"3X":"3","36":"3","35":"3","3F":"3","3G":"3","25":"3","39":"3","37":"3","3M":"3","3V":"3","24":"3","3P":"3","3R":"3","23":"3","38":"3","22":"3","3Q":"3","3W":"3","3C":"3","3H":"3","3J":"3"},"4M":{"47":"3","43":"3","58":"3","57":"3","5C":"3","5J":"3","44":"3","5H":"3","5P":"3","59":"3","5W":"3","46":"3","5M":"3","5V":"3","5X":"3","42":"3","45":"3","5F":"3","5R":"3","5Q":"3","5G":"3"},"X3":{"C8":"3"},"6P":{"JC":"3","8R":"3","C9":"3","8Q":"3","9H":"3","4C":"3","32":"3","CH":"3","J9":"3"},"4W":{"79":"3","WV":"3","75":"3","7F":"3","7J":"3","7W":"3","8X":"3","7X":"3","7G":"3","7R":"3","7M":"3","76":"3","77":"3","7H":"3","7V":"3","H8":"3","78":"3","7Q":"3","74":"3","7P":"3","7C":"3","72":"3","73":"3"},"6R":{"H2":"3","W3":"3"},"96":{"FW":"3","7Q":"3"},"9Q":{"26":"3"},"6H":{"7R":"3","R3":"3","6W":"3"},"7X":{"M3":"3","JF":"3"},"5H":{"8G":"3","83":"3"},"4R":{"7M":"3","7G":"3","68":"3","7C":"3","62":"3","69":"3","7Q":"3","63":"3","7F":"3","7H":"3","67":"3","7X":"3","65":"3","79":"3","7J":"3","66":"3","64":"3","7V":"3","7W":"3","7P":"3","7R":"3"},"4F":{"V9":"3"},"6M":{"3R":"3","V2":"3","3V":"3","C5":"3","3M":"3","99":"3","XJ":"3","2W":"3","2R":"3","2Q":"3"},"5P":{"2X":"3","Q2":"3","W2":"3","V2":"3","W3":"3"},"23":{"F4":"3","G8":"3","G7":"3","GV":"3","F3":"3","GW":"3","F2":"3","GP":"3","F5":"3","G9":"3","G6":"3","GQ":"3","GH":"3","GC":"3","GM":"3","GR":"3","F6":"3","GJ":"3","GF":"3","GX":"3","GG":"3"},"V7":{"6W":"3","6V":"3"},"9J":{"8X":"3"},"J7":{"C3":"3"},"W2":{"XV":"3","MV":"3"},"39":{"H3":"3","JF":"3","G2":"3","JG":"3","MQ":"3","JC":"3","H7":"3","J9":"3","JQ":"3","MV":"3","H8":"3","H9":"3","JJ":"3","MR":"3","MW":"3","JH":"3","H2":"3","H6":"3","H4":"3","H5":"3","MX":"3","JP":"3","JM":"3"},"5M":{"P9":"3","WH":"3","MH":"6","JC":"3","WR":"3","R4":"3","PR":"3","J2":"3","82":"3","92":"3","QG":"3","RP":"3","RW":"3","VQ":"3","VM":"3","R2":"3","RG":"3","VP":"3","VV":"3","PV":"3","VX":"3","R3":"3","PJ":"3","WQ":"3","RM":"3","MJ":"3","QM":"3","PG":"3","XQ":"3","XW":"3","Q3":"3","JM":"3","QJ":"3","MV":"3","PQ":"3","XJ":"3","PH":"3","WX":"3","VR":"3","F9":"3","QH":"3","XH":"3","M6":"3","H3":"3","RH":"3","XV":"3","VW":"3","XP":"3","M2":"3","RR":"3","PF":"3","RJ":"3"},"3C":{"QP":"3","QG":"3","QJ":"3","P8":"3","QV":"3","RX":"3","M2":"3","P6":"3","QQ":"3","PG":"3","P9":"3","QM":"3","M4":"3","M3":"3","M5":"3","QH":"3","QW":"3","RW":"3","QR":"3","PC":"3","P7":"3","P5":"3","PF":"3"},"4J":{"47":"3","4G":"3","45":"3","4M":"3","49":"3","4R":"3","44":"3","48":"3","4V":"3","46":"3","4C":"3","4F":"3","4X":"3","33":"3","4W":"3","4P":"3","4J":"3","32":"3","4Q":"3","34":"3","4H":"3"},"M5":{"5G":"3"},"G2":{"85":"3"},"7V":{"PJ":"3","HG":"3","84":"3"},"38":{"GP":"3","FJ":"3","C8":"3","FH":"3","GQ":"3","GR":"3","GV":"3","96":"3","94":"3","95":"3","CC":"3","FF":"3","C7":"3","C9":"3","GW":"3","93":"3","GX":"3","GJ":"3","82":"3","FC":"3","GM":"3","83":"3","FG":"3","C6":"3"},"6Q":{"53":"3","6G":"3"},"5F":{"J2":"3"},"4X":{"87":"3","86":"3","8F":"3","8X":"3","8G":"3","8J":"3","89":"3","8W":"3","83":"3","85":"3","8Q":"3","88":"3","8P":"3","8M":"3","8C":"3","82":"3","8V":"3","8H":"3","84":"3","8R":"3"},"J6":{"GP":"3"},"7W":{"HJ":"3","JX":"3","JJ":"3","QQ":"3","M8":"3"},"5R":{"JJ":"3"},"24":{"JM":"3","JV":"3","JQ":"3","HG":"3","JP":"3","G4":"3","MW":"3","JJ":"3","H8":"3","H7":"3","H9":"3","H6":"3","JR":"3","HC":"3","G2":"3","HH":"3","JH":"3","MX":"3","HF":"3","H5":"3","G3":"3","MV":"3","G5":"3"},"26":{"WF":"3","V3":"3","V6":"3","V5":"3","V7":"3","R3":"3","XQ":"3","XM":"3","R2":"3","V4":"3","XJ":"3","V9":"3","WC":"3","XH":"3","WH":"3","V8":"3","W9":"3","XP":"3","WG":"3"},"7R":{"XJ":"3","89":"3"},"4C":{"VF":"3","X6":"3","RP":"3","X9":"3","WC":"3","QQ":"3","VG":"3"},"4Q":{"6V":"3","67":"3","62":"3","65":"3","6J":"3","6X":"3","6P":"3","63":"3","69":"3","64":"3","6W":"3","6R":"3","6G":"3","6H":"3","68":"3","6C":"3","6M":"3","6F":"3","66":"3","6Q":"3"},"8V":{"C9":"3","5C":"3","2C":"3"},"5Q":{"RP":"3"},"5G":{"96":"3","HM":"3","HJ":"3","CG":"3","95":"3","C8":"3","39":"3","7H":"3","48":"3","37":"3","53":"3","FJ":"3","C7":"3"},"4P":{"53":"3","52":"3","58":"3","6J":"3","57":"3","56":"3","5C":"3","6P":"3","6R":"3","6G":"3","6H":"3","6M":"3","54":"3","6W":"3","59":"3","6F":"3","6C":"3","6X":"3","MX":"3","6Q":"3","6V":"3","55":"3"},"3F":{"V8":"3","WM":"3","VF":"3","R2":"3","VJ":"3","WX":"3","WW":"3","WP":"3","V9":"3","V7":"3","VG":"3","R6":"3","VH":"3","VM":"3","R5":"3","WV":"3","WQ":"3","R3":"3","VC":"3","R4":"3","WR":"3","R7":"3"}},"RC":{"XV":{"W8":"3"},"5X":{"XF":"3"},"4Q":{"62":"3"},"4R":{"J6":"3","J9":"3"},"5W":{"H5":"3","PR":"3","QW":"3","C3":"3"},"VX":{"4X":"3","2G":"3","2W":"3","7Q":"3"},"4P":{"45":"3"},"RX":{"WF":"3"},"5V":{"9R":"3","9Q":"3"},"4M":{"4V":"3","4R":"3"},"XX":{"H2":"3"}},"9X":{"27":{"JR":"3","JV":"3","MQ":"3","JW":"3","PR":"3","QV":"3","MV":"3","JX":"3","PX":"3","PV":"3","PQ":"3","MR":"3","MW":"3","QR":"3","QQ":"3","PW":"3","MX":"3","QW":"3","QX":"3"},"28":{"M2":"3","P2":"3"},"39":{"6V":"3","7W":"3","8X":"3","7X":"3","6X":"3","7R":"3","9W":"3","8W":"3","6W":"3","7V":"3","6R":"3","7Q":"3","8Q":"3","8V":"3","8R":"3"},"2F":{"74":"3"},"38":{"G5":"3","CQ":"3","GR":"3","HV":"3","CP":"3","FM":"3","GQ":"3","C5":"3","FJ":"3","HR":"3","CV":"3","F5":"3","G7":"3","FW":"3","G6":"3","FQ":"3","HQ":"3","FC":"3","F8":"3","C8":"3","FV":"3","GM":"3","G8":"3","GJ":"3","HM":"3","G9":"3","F7":"3","F9":"3","C6":"3","FP":"3","FR":"3","C9":"3","CR":"3","CC":"3","C7":"3","GV":"3","GW":"3","F6":"3","HP":"3","GP":"3","GC":"3"},"GR":{"PR":"3"},"3C":{"62":"3","73":"3","72":"3","82":"3","83":"3"},"2C":{"2X":"3","7J":"3","3Q":"3","9Q":"3","3R":"3","3P":"3","2P":"3","3V":"3","8J":"3","6P":"3","7R":"3","3X":"3","7M":"3","4R":"3","7V":"3","7H":"3","9R":"3","3W":"3","4V":"3","2V":"3","8Q":"3","7Q":"3","4X":"3","7P":"3","8P":"3","8M":"3","6M":"3","4W":"3","2W":"3","9P":"3","9M":"3","4P":"3","8V":"3","4Q":"3","8H":"3","2R":"3","2Q":"3","8R":"3","9J":"3","6Q":"3"}},"6Q":{"RV":{"F4":"3","F6":"3"}},"7W":{"F6":{"XM":"3"}},"VX":{"V4":{"XW":"3"}},"X8":{"2X":{"C7":"3"},"WJ":{"WQ":"3","HP":"3","VG":"3","H3":"3","CV":"3","V7":"3","FP":"3","R9":"3","4P":"3","R2":"3","2X":"3","RQ":"3","3V":"3","V3":"3","WG":"3","9P":"3","7V":"3","8W":"3","9Q":"3","VV":"3","FW":"3","XC":"3","9W":"3","J3":"3","WV":"3","FV":"3","RP":"3","2J":"3","JX":"3","V6":"3","GP":"3","GM":"3","8P":"3","M5":"3","4X":"3","WJ":"3","WC":"3","5P":"3","2R":"3","QX":"3","RW":"3","3R":"3","P7":"3","7W":"3","Q4":"3","FQ":"3","VJ":"3","4Q":"3","JR":"3","GW":"3","VM":"3","FR":"3","JW":"3","P2":"3","P8":"3","3J":"3","7M":"3","9V":"3","2M":"3","RX":"3","6Q":"3","M4":"3","R4":"3","PP":"3","6P":"3","X5":"3","PV":"3","R6":"3","XW":"3","4W":"3","HV":"3","7R":"3","X9":"3","MR":"3","MV":"3","Q8":"3","8R":"3","CR":"3","HX":"3","XF":"3","2Q":"3","WW":"3","H4":"3","3M":"3","WF":"3","QR":"3","9X":"3","JV":"3","XM":"3","X8":"3","5W":"3","CQ":"3","G2":"3","WP":"3","5X":"3","W6":"3","5Q":"3","Q3":"3","5J":"3","QW":"3","QQ":"3","PQ":"3","V8":"3","VQ":"3","J2":"3","XQ":"3","M2":"3","8V":"3","W8":"3","XJ":"3","HR":"3","4M":"3","JQ":"3","H2":"3","PR":"3","6V":"3","8M":"3","7P":"3","QM":"3","9R":"3","W4":"3","GR":"3","XH":"3","Q9":"3","VF":"3","R8":"3","Q6":"3","WX":"3","3P":"3","W7":"3","5M":"3","P6":"3","FX":"3","9M":"3","PX":"3","R5":"3","HW":"3","WH":"3","XR":"3","GX":"3","QV":"3","MQ":"3","2W":"3","3H":"3","P4":"3","MM":"3","W5":"3","JP":"3","J5":"3","V5":"3","RF":"3","2P":"3","VC":"3","W9":"3","2H":"3","HM":"3","QP":"3","W3":"3","Q2":"3","XP":"3","WR":"3","MX":"3","Q7":"3","2V":"3","X6":"3","6X":"3","CW":"3","P3":"3","VW":"3","5V":"3","XV":"3","G3":"3","FM":"3","7X":"3","3W":"3","4V":"3","W2":"3","RV":"3","GV":"3","Q5":"3","MP":"3","V9":"3","J4":"3","3Q":"3","5R":"3","VX":"3","RR":"3","6M":"3","VP":"3","VH":"3","6W":"3","M3":"3","PW":"3","VR":"3","M7":"3","4J":"3","CX":"3","CM":"3","R3":"3","GQ":"3","V4":"3","3X":"3","RC":"3","7Q":"3","CP":"3","8X":"3","PM":"3","XG":"3","X2":"3","V2":"3","6R":"3","8Q":"3","4R":"3","R7":"3","P5":"3","X7":"3","M6":"3","WM":"3","HQ":"3","RM":"3","XX":"3","X3":"3","X4":"3","MW":"3"},"3R":{"55":"3","57":"3"},"7X":{"Q2":"3"},"GW":{"FP":"3"},"VJ":{"WJ":"3","WP":"3","XR":"3","XQ":"3","XM":"3","XJ":"3","WH":"3","XH":"3","XP":"3","XV":"3"},"3V":{"98":"3","6H":"3","CH":"3"},"QM":{"67":"3"},"XM":{"23":"3","22":"3","32":"3"},"3W":{"WQ":"3"},"VH":{"X6":"3","XR":"3","XQ":"3","XM":"3","X5":"3","XW":"3","XP":"3","XV":"3"},"XJ":{"H3":"3","46":"3","8V":"3","P6":"3","63":"3","G8":"3","P7":"3","6X":"3","V8":"3","Q7":"3","JM":"3","59":"3","47":"3","V6":"3","MJ":"3","F6":"3","CC":"3","C5":"3","76":"3","R6":"3","CG":"3","FC":"3","R8":"3","GF":"3","C2":"3","CP":"3","72":"3","5C":"3","3Q":"3","99":"3","3M":"3","7F":"3","J4":"3","52":"3","M7":"3","R4":"3","C9":"3","P3":"3","53":"3","J8":"3","F2":"3","QM":"3","R5":"3","P8":"3","6C":"3","JC":"3","PC":"3","Q9":"3","44":"3","4Q":"3","QG":"3","G9":"3","6Q":"3","H6":"3","42":"3","H7":"3","MQ":"3","4X":"3","7M":"3","77":"3","7R":"3","GM":"3","PG":"3","F5":"3","GJ":"3","R2":"3","HM":"3","MC":"3","8R":"3","8C":"3","92":"3","X2":"3","84":"3","GC":"3","75":"3","74":"3","4V":"3","9R":"3","C3":"3","2P":"3","4M":"3","Q5":"3","C7":"3","8M":"3","2F":"3","35":"3","7H":"3","3H":"3","G2":"3","JP":"3","64":"3","85":"3","M4":"3","22":"3","6W":"3","7W":"3","FF":"3","57":"3","8F":"3","R7":"3","2G":"3","F3":"3","95":"3","V7":"3","9C":"3","P4":"3","3P":"3","MF":"3","79":"3","3V":"3","HH":"3","JG":"3","5P":"3","P2":"3","PM":"3","6V":"3","FQ":"3","4R":"3","HF":"3","34":"3","HC":"3","8P":"3","66":"3","J9":"3","CM":"3","HG":"3","MP":"3","QH":"3","H8":"3","V5":"3","M2":"3","FJ":"3","PF":"3","56":"3","M3":"3","W5":"3","RJ":"3","Q8":"3","96":"3","23":"3","3R":"3","27":"3","RM":"3","H9":"3","V2":"3","PH":"3","V3":"3","67":"3","3C":"3","C6":"3","7G":"3","48":"3","78":"3","5G":"3","8H":"3","5X":"3","86":"3","7V":"3","Q6":"3","9P":"3","J6":"3","F8":"3","P9":"3","2Q":"3","5H":"3","QJ":"3","7P":"3","5R":"3","4W":"3","H4":"3","58":"3","GQ":"3","5Q":"3","94":"3","HP":"3","RP":"3","2V":"3","RC":"3","JJ":"3","82":"3","J7":"3","45":"3","4J":"3","65":"3","PP":"3","M9":"3","QF":"3","G4":"3","C8":"3","32":"3","3W":"3","QC":"3","5V":"3","JH":"3","W7":"3","P5":"3","5J":"3","69":"3","M6":"3","MG":"3","M5":"3","38":"3","F4":"3","H5":"3","39":"3","97":"3","9M":"3","49":"3","88":"3","CF":"3","9F":"3","F9":"3","54":"3","C4":"3","7Q":"3","HJ":"3","JF":"3","2M":"3","89":"3","J5":"3","JR":"3","G6":"3","Q4":"3","8W":"3","RH":"3","RG":"3","6P":"3","6M":"3","4C":"3","6F":"3","2R":"3","FH":"3","G7":"3","J2":"3","87":"3","7J":"3","43":"3","6H":"3","M8":"3","GG":"3","5F":"3","FG":"3","3J":"3","62":"3","6R":"3","G5":"3","W4":"3","9J":"3","37":"3","6G":"3","5W":"3","2H":"3","H2":"3","W6":"3","V4":"3","MM":"3","4G":"3","26":"3","24":"3","RF":"3","98":"3","2C":"3","4F":"3","4P":"3","2J":"3","FP":"3","83":"3","J3":"3","2X":"3","3G":"3","93":"3","68":"3","6J":"3","9H":"3","7X":"3","R3":"3","FM":"3","G3":"3","25":"3","JQ":"3","GP":"3","GH":"3","CQ":"3","5M":"3","Q2":"3","3F":"3","MH":"3","33":"3","7C":"3","4H":"3","X4":"3","8J":"3","HQ":"3","W2":"3","F7":"3","55":"3","8Q":"3","29":"3","8G":"3","28":"3","CJ":"3","36":"3","9G":"3","73":"3","QP":"3","X3":"3","3X":"3","Q3":"3","W3":"3","2W":"3","CH":"3","PJ":"3"},"38":{"8M":"3","6C":"3"},"4W":{"6H":"3","CC":"3","CG":"3"},"WM":{"53":"3","52":"3","F3":"3","V2":"3","H3":"3","43":"3","33":"3","62":"3","63":"3","R2":"3","X3":"3","73":"3","85":"3","75":"3","V3":"3","94":"3","95":"3","X2":"3","65":"3","54":"3","W2":"3","93":"3","F2":"3","64":"3","72":"3","R3":"3","G2":"3","74":"3","C2":"3","92":"3","82":"3","Q3":"3","42":"3","H2":"3","W3":"3","G3":"3","J2":"3","C3":"3","Q2":"3","83":"3","32":"3","84":"3"},"2W":{"8W":"3","4W":"3"},"WH":{"6C":"3","WQ":"3","HP":"3","VG":"3","FH":"3","FJ":"3","H3":"3","V7":"3","CG":"3","G9":"3","33":"3","44":"3","FP":"3","R9":"3","4P":"3","R2":"3","C4":"3","C8":"3","62":"3","RQ":"3","3V":"3","QF":"3","C5":"3","WG":"3","V3":"3","7F":"3","8G":"3","GF":"3","4H":"3","VV":"3","FW":"3","XC":"3","J3":"3","WV":"3","F2":"3","FV":"3","2J":"3","JX":"3","RP":"3","FF":"3","V6":"3","RJ":"3","GP":"3","GM":"3","PG":"3","M5":"3","WJ":"3","WC":"3","5P":"3","2R":"3","QX":"3","RW":"3","3R":"3","52":"3","P7":"3","G4":"3","7C":"3","Q4":"3","FQ":"3","VJ":"3","4Q":"3","M8":"3","35":"3","9J":"3","QG":"3","JR":"3","F8":"3","GW":"3","VM":"3","C9":"3","MH":"3","FR":"3","73":"3","JH":"3","JW":"3","P2":"3","P8":"3","3J":"3","7M":"3","57":"3","2M":"3","PH":"3","6Q":"3","RX":"3","47":"3","M4":"3","F6":"3","R4":"3","PP":"3","M9":"3","6P":"3","X5":"3","H7":"3","PV":"3","R6":"3","XW":"3","4W":"3","HV":"3","X9":"3","MR":"3","8J":"3","Q8":"3","MV":"3","HX":"3","XF":"3","2Q":"3","GG":"3","WW":"3","7J":"3","H4":"3","7H":"3","QJ":"3","5F":"3","32":"3","3M":"3","H9":"3","MG":"3","JF":"3","F5":"3","74":"3","83":"3","WF":"3","QR":"3","JV":"3","JC":"3","F7":"3","XM":"3","X8":"3","CQ":"3","45":"3","G2":"3","WP":"3","25":"3","W6":"3","5Q":"3","G8":"3","Q3":"3","37":"3","CJ":"3","54":"3","5J":"3","QW":"3","QQ":"3","PQ":"3","V8":"3","VQ":"3","XQ":"3","J2":"3","93":"3","M2":"3","8C":"3","HJ":"3","G6":"3","6G":"3","GJ":"3","87":"3","W8":"3","HC":"3","J6":"3","XJ":"3","J9":"3","HR":"3","4M":"3","F3":"3","JQ":"3","H2":"3","PR":"3","99":"3","P9":"3","55":"3","27":"3","8M":"3","7P":"3","QM":"3","JJ":"3","46":"3","75":"3","24":"3","43":"3","W4":"3","GR":"3","XH":"3","Q9":"3","VF":"3","C3":"3","HH":"3","53":"3","RH":"3","R8":"3","FC":"3","Q6":"3","WX":"3","3P":"3","W7":"3","5M":"3","86":"3","P6":"3","98":"3","63":"3","H8":"3","J7":"3","PX":"3","R5":"3","HW":"3","9G":"3","8H":"3","97":"3","WH":"3","XR":"3","34":"3","92":"3","H5":"3","42":"3","MF":"3","23":"3","GX":"3","CC":"3","CH":"3","QV":"3","MQ":"3","2W":"3","8F":"3","QC":"3","9H":"3","82":"3","6F":"3","3H":"3","H6":"3","94":"3","26":"3","F4":"3","P4":"3","MM":"3","4G":"3","9C":"3","22":"3","W5":"3","HF":"3","JP":"3","J5":"3","V5":"3","RF":"3","2P":"3","VC":"3","W9":"3","7G":"3","QP":"3","HM":"3","W3":"3","Q2":"3","XP":"3","C2":"3","C7":"3","WR":"3","MX":"3","72":"3","Q7":"3","4F":"3","2V":"3","X6":"3","QH":"3","P3":"3","65":"3","VW":"3","XV":"3","G3":"3","FM":"3","W2":"3","3W":"3","4V":"3","GV":"3","RV":"3","Q5":"3","MP":"3","V9":"3","GC":"3","G5":"3","J4":"3","3Q":"3","36":"3","VX":"3","5R":"3","RR":"3","6M":"3","VP":"3","64":"3","RG":"3","VH":"3","CF":"3","96":"3","C6":"3","M3":"3","J8":"3","PW":"3","VR":"3","9F":"3","M7":"3","4J":"3","5G":"3","56":"3","CM":"3","R3":"3","F9":"3","GQ":"3","V4":"3","PC":"3","RC":"3","PJ":"3","GH":"3","6H":"3","HG":"3","FG":"3","7Q":"3","5H":"3","5C":"3","CP":"3","95":"3","PM":"3","XG":"3","PF":"3","X2":"3","MJ":"3","MC":"3","V2":"3","6R":"3","66":"3","3G":"3","4R":"3","R7":"3","85":"3","P5":"3","X7":"3","WM":"3","M6":"3","JG":"3","HQ":"3","RM":"3","JM":"3","G7":"3","XX":"3","X3":"3","X4":"3","MW":"3","6J":"3","84":"3"},"XH":{"6C":"3","WQ":"3","HP":"3","VG":"3","FH":"3","FJ":"3","CV":"3","V7":"3","CG":"3","G9":"3","33":"3","44":"3","FP":"3","48":"3","R9":"3","4P":"3","2X":"3","C4":"3","C8":"3","62":"3","RQ":"3","88":"3","QF":"3","3V":"3","WG":"3","C5":"3","9P":"3","7F":"3","7V":"3","8G":"3","GF":"3","8W":"3","4H":"3","2F":"3","VV":"3","9Q":"3","XC":"3","FW":"3","9W":"3","WV":"3","58":"3","29":"3","FV":"3","RP":"3","JX":"3","2J":"3","V6":"3","FF":"3","RJ":"3","GP":"3","GM":"3","PG":"3","8P":"3","M5":"3","4X":"3","WJ":"3","WC":"3","5P":"3","2R":"3","QX":"3","RW":"3","3R":"3","52":"3","P7":"3","G4":"3","7W":"3","7C":"3","FQ":"3","VJ":"3","4Q":"3","M8":"3","35":"3","9J":"3","QG":"3","JR":"3","F8":"3","GW":"3","VM":"3","MH":"3","C9":"3","FR":"3","73":"3","JH":"3","JW":"3","P8":"3","3J":"3","7M":"3","9V":"3","57":"3","PH":"3","2M":"3","RX":"3","6Q":"3","47":"3","M4":"3","F6":"3","PP":"3","M9":"3","79":"3","X5":"3","6P":"3","H7":"3","PV":"3","XW":"3","4W":"3","7R":"3","HV":"3","X9":"3","MR":"3","8J":"3","Q8":"3","MV":"3","8R":"3","CR":"3","HX":"3","XF":"3","2Q":"3","GG":"3","2G":"3","WW":"3","7J":"3","H4":"3","QJ":"3","7H":"3","5F":"3","32":"3","3M":"3","H9":"3","MG":"3","JF":"3","77":"3","F5":"3","69":"3","74":"3","83":"3","WF":"3","QR":"3","9X":"3","68":"3","JV":"3","JC":"3","F7":"3","XM":"3","X8":"3","5W":"3","CQ":"3","45":"3","WP":"3","25":"3","5X":"3","W6":"3","5Q":"3","G8":"3","37":"3","CJ":"3","54":"3","QW":"3","5J":"3","QQ":"3","PQ":"3","V8":"3","VQ":"3","XQ":"3","93":"3","8C":"3","G6":"3","HJ":"3","GJ":"3","6G":"3","87":"3","W8":"3","8V":"3","HC":"3","J6":"3","XJ":"3","J9":"3","HR":"3","4M":"3","F3":"3","JQ":"3","PR":"3","99":"3","P9":"3","55":"3","27":"3","3F":"3","6V":"3","8M":"3","QM":"3","7P":"3","JJ":"3","46":"3","75":"3","24":"3","9R":"3","43":"3","3C":"3","GR":"3","XH":"3","Q9":"3","VF":"3","67":"3","C3":"3","HH":"3","53":"3","RH":"3","R8":"3","49":"3","FC":"3","Q6":"3","WX":"3","3P":"3","W7":"3","5M":"3","86":"3","P6":"3","98":"3","63":"3","FX":"3","H8":"3","9M":"3","J7":"3","PX":"3","HW":"3","9G":"3","8H":"3","97":"3","WH":"3","XR":"3","H5":"3","92":"3","34":"3","MF":"3","42":"3","23":"3","GX":"3","CC":"3","CH":"3","QV":"3","MQ":"3","2W":"3","8F":"3","QC":"3","9H":"3","6F":"3","3H":"3","H6":"3","94":"3","26":"3","F4":"3","P4":"3","MM":"3","4G":"3","9C":"3","22":"3","W5":"3","JP":"3","HF":"3","J5":"3","RF":"3","2P":"3","VC":"3","39":"3","W9":"3","7G":"3","2H":"3","QP":"3","HM":"3","XP":"3","C7":"3","WR":"3","MX":"3","Q7":"3","4F":"3","89":"3","2V":"3","X6":"3","6X":"3","CW":"3","28":"3","QH":"3","P3":"3","65":"3","38":"3","VW":"3","5V":"3","XV":"3","G3":"3","FM":"3","7X":"3","3W":"3","4C":"3","4V":"3","2C":"3","GV":"3","RV":"3","V9":"3","MP":"3","GC":"3","G5":"3","J4":"3","3Q":"3","36":"3","VX":"3","5R":"3","RR":"3","VP":"3","6M":"3","64":"3","RG":"3","VH":"3","76":"3","CF":"3","6W":"3","96":"3","M3":"3","C6":"3","J8":"3","PW":"3","VR":"3","9F":"3","M7":"3","CX":"3","4J":"3","78":"3","56":"3","5G":"3","CM":"3","F9":"3","GQ":"3","3X":"3","PC":"3","RC":"3","PJ":"3","GH":"3","HG":"3","6H":"3","FG":"3","7Q":"3","5H":"3","5C":"3","CP":"3","8X":"3","95":"3","PM":"3","XG":"3","PF":"3","MJ":"3","MC":"3","6R":"3","66":"3","8Q":"3","3G":"3","4R":"3","R7":"3","85":"3","59":"3","P5":"3","X7":"3","WM":"3","M6":"3","JG":"3","HQ":"3","RM":"3","JM":"3","G7":"3","XX":"3","X4":"3","MW":"3","6J":"3","84":"3"},"WG":{"QR":"3","8V":"3","P6":"3","G8":"3","P7":"3","HV":"3","6X":"3","FV":"3","V8":"3","Q7":"3","JM":"3","WH":"3","JV":"3","RW":"3","JW":"3","MJ":"3","CC":"3","XV":"3","QW":"3","R6":"3","CG":"3","FC":"3","R8":"3","GF":"3","CP":"3","99":"3","7F":"3","M7":"3","C9":"3","J8":"3","QM":"3","WR":"3","XW":"3","P8":"3","FX":"3","JC":"3","PC":"3","Q9":"3","RX":"3","VR":"3","QG":"3","HX":"3","G9":"3","6Q":"3","H6":"3","H7":"3","MQ":"3","FW":"3","4X":"3","7M":"3","7R":"3","GM":"3","9X":"3","PG":"3","GJ":"3","HM":"3","MC":"3","8R":"3","8C":"3","GC":"3","WW":"3","4V":"3","VJ":"3","9R":"3","V9":"3","VC":"3","JX":"3","VH":"3","Q5":"3","R9":"3","C7":"3","8M":"3","PQ":"3","CR":"3","7H":"3","VX":"3","JP":"3","6W":"3","7W":"3","FF":"3","8F":"3","HW":"3","R7":"3","V7":"3","9C":"3","MF":"3","HH":"3","JG":"3","WC":"3","5P":"3","PM":"3","6V":"3","FQ":"3","4R":"3","HF":"3","HC":"3","8P":"3","8X":"3","PR":"3","J9":"3","QV":"3","CV":"3","CM":"3","HG":"3","MP":"3","QH":"3","H8":"3","VW":"3","CW":"3","FJ":"3","PF":"3","WF":"3","RJ":"3","Q8":"3","96":"3","RM":"3","H9":"3","PH":"3","9Q":"3","WX":"3","C6":"3","7G":"3","8H":"3","5X":"3","7V":"3","Q6":"3","9P":"3","J6":"3","F8":"3","P9":"3","QJ":"3","7P":"3","5R":"3","4W":"3","GQ":"3","5Q":"3","W8":"3","HP":"3","RP":"3","9V":"3","RC":"3","JJ":"3","J7":"3","VF":"3","PP":"3","M9":"3","QF":"3","C8":"3","3W":"3","QC":"3","9W":"3","5V":"3","JH":"3","P5":"3","XR":"3","M6":"3","MG":"3","M5":"3","97":"3","9M":"3","CF":"3","9F":"3","QX":"3","F9":"3","MV":"3","RR":"3","GW":"3","7Q":"3","HJ":"3","JF":"3","89":"3","JR":"3","8W":"3","PX":"3","RH":"3","RG":"3","RQ":"3","6P":"3","6M":"3","W9":"3","VM":"3","FH":"3","G7":"3","MW":"3","7J":"3","M8":"3","GG":"3","XP":"3","FG":"3","6R":"3","9J":"3","5W":"3","WJ":"3","WM":"3","MM":"3","RF":"3","98":"3","MX":"3","VQ":"3","MR":"3","XX":"3","FP":"3","GR":"3","VV":"3","WP":"3","PW":"3","6J":"3","9H":"3","7X":"3","VG":"3","WQ":"3","FM":"3","JQ":"3","GP":"3","WV":"3","GH":"3","CQ":"3","QQ":"3","WG":"3","MH":"3","VP":"3","CX":"3","RV":"3","HR":"3","GX":"3","8J":"3","XQ":"3","HQ":"3","F7":"3","8Q":"3","8G":"3","CJ":"3","9G":"3","GV":"3","FR":"3","PV":"3","QP":"3","3X":"3","CH":"3","PJ":"3"},"XG":{"2X":"3","3Q":"3","5X":"3","3R":"3","3P":"3","2P":"3","3V":"3","6X":"3","4M":"3","3X":"3","3M":"3","6W":"3","4R":"3","3W":"3","4V":"3","2V":"3","4X":"3","5V":"3","2W":"3","4W":"3","5R":"3","4P":"3","5W":"3","4Q":"3","2M":"3","2R":"3","2Q":"3"},"2R":{"5C":"3","96":"3","4C":"3","J4":"3","C6":"3"},"2Q":{"FR":"3","RX":"3","VW":"3"},"GX":{"G8":"3","H8":"3","J8":"3","JF":"3","M8":"3","64":"3","J9":"3"}}},"index":{"university,1|retail,2|tourism,3|wreck,4|historical,5|artsCulture,6|namedBuilding,7|water,8|wetland,9|park,10|beach,11|natureReserve,12|cemetery,13|trail,14":{}}}