{"index":{"university,1|retail,2|tourism,3|wreck,4|historical,5|artsCulture,6|namedBuilding,7|water,8|wetland,9|park,10|beach,11|natureReserve,12|cemetery,13|trail,14":{}},"38":{"W2":{"HF":{"92":"3"},"HC":{"62":"3"},"M9":{"MW":"3"},"JJ":{"9Q":"3"},"9F":{"MH":"3"},"FC":{"3C":"3"}},"93":{"R2":{"2P":"3"},"Q6":{"G6":"3"},"R3":{"X4":"3"},"RG":{"RJ":"3"}},"V2":{"HW":{"FF":"3"}},"92":{"G6":{"X2":"3"},"H5":{"3W":"3"}},"85":{"J2":{"33":"3","23":"3","22":"3|6","32":"3"},"F4":{"FJ":"3","CM":"3","C8":"3","F3":"3","FH":"3","H4":"3","H3":"3","CG":"3","J3":"3","F7":"3","G4":"3","CJ":"3","G6":"3","G9":"3","FM":"3","G8":"3","F5":"3","F9":"3","CC":"3","H8":"3","CF":"3","FF":"3","C7":"3","H7":"3","H9":"3","C9":"3","H6":"3","9F":"3","F2":"3","HC":"3","9G":"3","G2":"3","GJ":"3","C2":"3","GG":"3","F6":"3","CH":"3","9H":"3","H2":"3","H5":"3","G3":"3","GF":"3","GH":"3","J2":"3","G7":"3","FC":"3","GM":"3","C3":"3","F4":"3","F8":"3","C5":"3","GC":"3","G5":"3","C4":"3","FG":"3","C6":"3"},"F3":{"HW":"3","GQ":"3","GR":"3","JQ":"3","JV":"3","GV":"3","CW":"3","CX":"3","FR":"3","FX":"3","FV":"3","HQ":"3","GW":"3","GX":"3","JX":"3","MR":"3","JR":"3","HX":"3","HR":"3","FW":"3","HV":"3","JW":"3"}},"84":{"JX":{"4X":"3"},"QM":{"PX":"3"}},"W4":{"87":{"8J":"3"},"85":{"6X":"3","FR":"3","6W":"3","4X":"3","GR":"3","33":"3","24":"3","43":"3"},"84":{"4M":"3","5F":"3","8W":"3","3M":"3","4R":"3","5M":"3","8Q":"3","6C":"3","8P":"3","5V":"3","5R":"3","4P":"3","8V":"3","8R":"3","59":"3"},"72":{"M6":"3"},"G5":{"H3":"3"}},"75":{"Q9":{"6H":"3"}},"W3":{"52":{"VR":"3"},"F2":{"X3":"3"},"Q2":{"7P":"3"},"J6":{"7R":"3","7Q":"3"},"P3":{"HR":"3","W8":"3"},"74":{"8C":"3","4P":"3","4H":"3"},"5Q":{"66":"3"},"4Q":{"QP":"3"}}}}