{"42":{"85":{"79":{"V7":"3"},"5J":{"XW":"3"},"4G":{"27":"3"},"89":{"2P":"3"},"5F":{"6X":"3","32":"3"},"3F":{"48":"3","9F":"3"},"29":{"44":"3"},"7Q":{"73":"3","FV":"3"},"4F":{"RH":"3","QG":"3"},"5C":{"6P":"3","7X":"3"},"3C":{"3Q":"3"},"2C":{"XR":"3","WR":"3","XQ":"3","WM":"3"},"66":{"PJ":"3"},"59":{"V2":"3"}},"75":{"V9":{"H7":"3","VH":"3"},"MQ":{"JX":"3"},"QQ":{"57":"3","56":"3"},"W9":{"G6":"3","G5":"3","F5":"3","F6":"3"},"X8":{"WM":"3"},"XM":{"87":"3"}}},"index":{"university,1|retail,2|tourism,3|wreck,4|historical,5|artsCulture,6|namedBuilding,7|water,8|wetland,9|park,10|beach,11|natureReserve,12|cemetery,13|trail,14":{}}}