{"48":{"Q8":{"R4":{"2W":"3","2R":"3"},"Q4":{"XR":"3","XW":"3"},"J5":{"94":"3"},"M6":{"65":"3","63":"3","95":"3","85":"3","3H":"3","74":"3","82":"3","72":"3","84":"3","56":"3"},"H6":{"X9":"3","VC":"3","WC":"3","XC":"3","W9":"3","WF":"3","X8":"3"},"WC":{"WV":"3","MX":"3"},"W7":{"77":"3"},"XF":{"WC":"3","43":"3","33":"3","22":"3","63":"3","44":"3","54":"3","46":"3","64":"3","72":"3","42":"3","45":"3","35":"3","24":"3","55":"3","32":"3"},"XC":{"2X":"3","7J":"3","5X":"3","3X":"3","9W":"3","P2":"3","7M":"3","3W":"3","2V":"3","4X":"3","MR":"3","XW":"3","5W":"3","XV":"3"},"M5":{"5W":"3","8W":"3"},"J4":{"RM":"3"},"WF":{"X2":"3"},"Q5":{"X2":"3"},"P6":{"C9":"3","G4":"3","HC":"3","RM":"3"},"J6":{"WG":"3","28":"3"},"P3":{"8X":"3"}},"XF":{"FJ":{"3P":"3"},"V5":{"8R":"3","8J":"3","P4":"3"},"V6":{"M2":"3"},"W4":{"JG":"3"},"XR":{"4J":"3","6H":"3","XF":"3","6V":"3"},"FH":{"7F":"3","7C":"3","6G":"3","6F":"3","7G":"3"},"JM":{"6J":"3"},"VF":{"3M":"3"},"XV":{"VC":"3","X7":"3","X8":"3","J6":"3"},"RJ":{"R4":"3"},"CJ":{"PG":"3"},"P6":{"87":"3","97":"3","88":"3"},"R2":{"GF":"3"},"QQ":{"MJ":"3","RM":"3"},"RP":{"JV":"3"},"X2":{"7C":"3"},"RQ":{"WJ":"3","9V":"3","CW":"3","VG":"3"},"WQ":{"6R":"3","6V":"3"},"QM":{"X2":"3"},"M3":{"JR":"3"},"WR":{"VV":"3"},"VR":{"26":"3"},"VQ":{"24":"3"},"PP":{"3X":"3"}},"R9":{"J3":{"39":"3"}},"W6":{"R4":{"Q9":"3","G2":"3","JF":"3"},"62":{"Q3":"3"},"V3":{"4J":"3","PG":"3","CJ":"3","R9":"3"},"4G":{"CM":"3","FJ":"3","FH":"3","CH":"3"},"R3":{"GW":"3","CR":"3","GP":"3"},"72":{"GG":"6|3","PF":"3","58":"3","M9":"3","FG":"3","9G":"3","XJ":"3","WG":"3","QF":"3","P9":"3","PH":"3"},"R6":{"2W":"3","3R":"3"},"FC":{"H5":"3","G5":"3"},"82":{"JR":"3"},"CG":{"GG":"3","HH":"3","CJ":"3","FJ":"3","FM":"3","P7":"3"}},"H3":{"96":{"W6":"3"},"F7":{"4H":"3","99":"3"},"R4":{"8W":"3"},"95":{"RV":"3","RR":"3"},"92":{"36":"3"},"C8":{"H2":"3","M6":"3","G5":"3"},"G6":{"RQ":"3"},"M6":{"5M":"3"},"R6":{"P8":"3","Q9":"6","M7":"3","J8":"3","P7":"3"},"C6":{"5X":"3"},"FC":{"3R":"3"},"MX":{"3X":"3"},"C7":{"JP":"3","62":"3","96":"3","52":"3","97":"6","V6":"6","PJ":"3","53":"3","63":"3","PM":"3","PP":"3","64":"3"}},"WF":{"V3":{"RP":"3","XG":"3","VM":"3","VJ":"3","QJ":"3","RJ":"3"},"R5":{"WR":"3","XP":"3"}},"W8":{"F8":{"25":"3","27":"3","26":"3"},"G8":{"MP":"3"},"8X":{"5J":"3","5M":"3"},"7C":{"78":"3"},"GV":{"XG":"3"},"CX":{"W2":"3"},"HW":{"42":"3"},"JF":{"87":"3","76":"3","86":"3","77":"3"},"HV":{"3X":"3","4X":"3","2W":"3","2V":"3","2R":"3"}},"J2":{"JR":{"WX":"3","VV":"3","QM":"3","X5":"3","VH":"3","XJ":"3","QJ":"3","WH":"3","P4":"3","QR":"3","XV":"3","WG":"3","QX":"3"},"W6":{"HQ":"3","WR":"3","VV":"3","JP":"3","VR":"3","WV":"3","JQ":"3","HP":"3"},"JV":{"PP":"3","CQ":"3","H8":"3","Q6":"3","V7":"3","CF":"3","FM":"3","FJ":"3","P6":"3","MP":"3","JP":"3","MM":"3","V3":"3","PV":"3","VF":"3","VC":"3","CJ":"3","R3":"3","X8":"3","XG":"3","MJ":"3","QM":"3","M9":"3","JQ":"3","GH":"3","JM":"3","QJ":"3","GM":"3","MX":"3","GJ":"3","HM":"3","X9":"3","QH":"3","FP":"3","FR":"3","HF":"3","HJ":"3","JG":"3","VH":"3","RC":"3","M8":"3","PM":"3","JH":"3","XC":"3","HP":"3","FH":"3","GP":"3","W5":"3","CG":"3"},"MQ":{"PQ":"3"},"JW":{"M4":"3","VR":"3","XW":"3","M2":"3","J3":"3","P2":"3"},"MV":{"H2":"3","8C":"3","G5":"3","29":"3","H8":"3","Q6":"3","6P":"3","79":"3","H9":"3","8R":"3","6C":"3","7W":"3","78":"3","93":"3","5P":"3","6G":"3","F5":"3","P8":"6","6M":"3","5C":"3","67":"3","VV":"3","59":"3","CJ":"3","7P":"3","2F":"3","G6":"3","5H":"3","QM":"3","H5":"3","66":"6","8H":"3","9C":"3","77":"3","49":"3","F3":"3","F8":"3","C8":"3","H6":"3","J8":"3","56":"3","97":"6|3","8M":"3","9F":"3","9H":"3","4P":"3","69":"3","G9":"3","F7":"6","C6":"6|3","HJ":"3","89":"3","76":"3","7H":"3","2C":"3","C9":"3","3C":"3","PM":"3","6V":"3","87":"6|3","27":"3","C7":"6|3","F6":"3","P7":"3","RJ":"3","GC":"3"},"3W":{"3H":"3"},"JX":{"WC":"3"},"94":{"7C":"3","2R":"3","7G":"3"},"85":{"GV":"3","9P":"3","HX":"3"},"PV":{"7X":"3","22":"6"},"MR":{"7F":"3","3Q":"3","8F":"3","3R":"3","3P":"3","2P":"3","CW":"3","7G":"3","5F":"3","3F":"3","76":"3","CX":"6|3","77":"3","44":"3","7H":"3","3G":"3","RJ":"3","2J":"3","6G":"3","5M":"3","3H":"3","6H":"3","4F":"3","23":"3","3J":"3","FX":"3","2R":"3","2M":"3","2Q":"3","4H":"3"},"MW":{"8Q":"3","CM":"3","QG":"3","52":"3","P8":"3","GQ":"3","4V":"3","88":"3","M2":"3","M9":"3","37":"3","P6":"3","FM":"3","6R":"3","F5":"3","FP":"3","67":"3","5H":"3","M8":"3","PG":"3","P9":"3","9F":"3","87":"3","9G":"3","J5":"3","77":"3","6Q":"3","H5":"3","FC":"3"},"HF":{"WR":"3","WV":"3"},"PW":{"36":"3"},"MX":{"34":"3","22":"3"},"8H":{"8X":"3"},"9J":{"36":"3"}},"X6":{"3F":{"X3":"3","FV":"3"},"49":{"Q2":"3"},"2G":{"94":"3"},"RW":{"38":"3"},"HP":{"32":"3"},"4F":{"47":"3","27":"3","2P":"3","48":"3","46":"3","38":"3","37":"3","5R":"3","26":"3"},"5G":{"VW":"3"}},"V2":{"54":{"2Q":"3","2P":"3","3P":"3","3Q":"3"},"JP":{"4C":"3"},"9V":{"MW":"3","PW":"3","QW":"3","PX":"3","QX":"3","MX":"3"},"PV":{"25":"3"},"3R":{"JW":"3"},"JF":{"45":"3"},"MV":{"X6":"3","W5":"6|3"},"95":{"HM":"3","G9":"3"},"J6":{"36":"3","37":"3","27":"3","67":"3","73":"3","47":"3"},"RJ":{"H2":"6","F3":"3"}},"M3":{"XV":{"W5":"3","W6":"3"},"XR":{"MH":"3"}},"V3":{"GP":{"7W":"3","7H":"3","8X":"6","CX":"3","7X":"3","X5":"3"},"J4":{"HF":"3","G8":"3","FF":"3","H6":"3","HC":"3","GF":"3","JF":"3"},"HP":{"F4":"3"},"97":{"GW":"3"},"QV":{"C8":"3","J4":"3","H4":"3","H3":"3","P4":"3","M2":"3","J3":"3","F7":"3","G4":"3","R2":"3","G6":"3","99":"3","G9":"3","F5":"3","G8":"3","94":"3","95":"3","CC":"3","F9":"3","H8":"6|3","Q4":"3","C7":"3","H7":"3","J7":"3","C9":"3","H6":"3","F2":"3","M4":"3","M3":"3","J5":"3","R3":"3","M5":"3","98":"3","G2":"3","C2":"3","Q3":"3","H2":"3","P7":"3","P5":"3","H5":"3","P3":"3","G3":"3","J8":"3","J2":"3","P2":"3","G7":"3","C3":"3","Q2":"3","F4":"3","C5":"3","F8":"3","G5":"3","M7":"3","C6":"3"},"GQ":{"97":"3","9C":"3","C5":"3","89":"3","CG":"3","75":"3"},"2G":{"73":"3"},"PW":{"M4":"3","35":"6","25":"6|3","2H":"3"},"9V":{"62":"3"},"RJ":{"VF":"3","R4":"3","P2":"3"},"MP":{"7Q":"3"},"RH":{"GW":"3","RW":"3","QW":"3","GV":"3","XJ":"3","XM":"3"},"MW":{"JH":"3","M9":"3","J7":"3","J8":"6","W9":"3","JF":"3","M8":"3","J9":"3"},"QQ":{"QH":"3","PG":"3","RR":"3","Q9":"3","RH":"3","QF":"3","RJ":"3","PH":"3","RG":"3"},"4F":{"39":"3"},"PH":{"RH":"3"},"HQ":{"2R":"3"},"VH":{"F7":"3","G5":"3","C5":"3","F5":"3","G6":"3","2J":"3","3H":"3","F6":"3","C6":"3","2M":"3","C7":"3"},"RQ":{"53":"3","46":"3"},"HM":{"HP":"3"},"77":{"6V":"3"},"HH":{"48":"3","38":"3"},"76":{"P9":"3"},"2C":{"3G":"3","2G":"3","2H":"3","4G":"3","4H":"3","3H":"3"},"QW":{"48":"3","49":"3","39":"3","4C":"3","38":"3","3C":"3"},"QR":{"8R":"3","HW":"3","7G":"3","GQ":"3","PW":"3","9V":"3","8G":"3","RJ":"3","7F":"3","PR":"3","CX":"3","FX":"3","FV":"3","GW":"3","HX":"3","J5":"3","8F":"3","FW":"3","QR":"3","CV":"3","VR":"3","7P":"3","8W":"3","6V":"3","GM":"3","M7":"3"},"RR":{"4G":"3","V6":"3","X3":"3","FG":"3","5Q":"3"},"HF":{"FG":"3"},"MV":{"PX":"3"},"RM":{"FW":"3","GV":"3","GW":"3","FP":"3","FR":"3","GP":"3","FV":"3","FM":"3","GQ":"3","GM":"3","FQ":"3","GR":"3"},"2W":{"9Q":"3","CQ":"3"},"8V":{"M6":"3","Q9":"3","M7":"3","65":"3"},"FQ":{"Q7":"3"},"84":{"G8":"3","66":"3","84":"3"}},"Q6":{"PP":{"8C":"3","5J":"3","GR":"3","58":"3","GV":"3","8V":"3"},"CX":{"98":"3"},"64":{"9H":"3","5W":"3","6V":"3"},"4X":{"87":"3","75":"3","8F":"3","97":"3","36":"3","FF":"3","C8":"3","7H":"3","XJ":"3","2G":"3","73":"3"},"5V":{"2H":"3"},"6C":{"R4":"3","H4":"3","G7":"3"},"63":{"5F":"3"},"FJ":{"RG":"3"},"52":{"PR":"3"},"78":{"5W":"3"},"HR":{"F4":"3","F5":"3"},"5P":{"QR":"3","MW":"3","27":"3","PX":"3","CX":"3","9R":"3"},"6G":{"35":"3","44":"3","33":"3","52":"3","55":"3","23":"3","32":"3"},"P2":{"9V":"3"},"5M":{"VF":"3","PG":"3","XF":"3"},"JP":{"7H":"3","58":"3","H7":"3","G5":"3"},"67":{"MJ":"3","WJ":"3","WM":"3","WH":"3","VH":"3","VJ":"3","XX":"3"},"6X":{"W3":"3"},"F4":{"4J":"3","3G":"3"},"5Q":{"Q2":"3","M2":"3","P2":"3"},"4W":{"QR":"3","G6":"3","RV":"3","H6":"3","RR":"3","RW":"3","QW":"3","CX":"3","F7":"3","G7":"3","QQ":"3","QV":"3","H7":"3","CW":"3"},"53":{"G5":"3"},"6Q":{"GG":"3","C8":"3"},"HQ":{"2W":"3","38":"3"},"6H":{"69":"3"},"66":{"GP":"3","QP":"3","QJ":"3","HP":"3","GQ":"3","GR":"6","PW":"3","MG":"3","PQ":"3","PR":"3","FP":"3","FR":"3","QQ":"3","FX":"3","RP":"3","PJ":"3","MJ":"3","PH":"3","PG":"3","RQ":"3","JG":"3","MH":"3","HC":"3","QM":"3","CR":"3","FW":"3","QH":"3","QR":"3","JH":"3","9R":"3","GM":"3","PM":"3","FQ":"3"},"77":{"2W":"3","2V":"3","76":"3","3R":"3","3W":"3"},"JQ":{"G6":"6","R8":"3","F7":"3","FM":"3","6G":"3","4C":"3","2C":"3","F4":"3","C6":"3","C3":"3","P2":"3"},"JR":{"97":"3"},"FC":{"WP":"3"},"6F":{"4X":"3","4R":"3"},"3X":{"R4":"3","QP":"3","Q4":"3","M3":"3","RV":"3","Q3":"3","RM":"3"},"8M":{"4H":"3"},"4P":{"V8":"3","QG":"3","HP":"3","QF":"3","CG":"3","QC":"3|6","JQ":"3","JV":"3","HG":"3","PR":"3","JG":"3","W2":"3","JR":"3","W8":"3","W9":"3","XF":"3","HR":"3","PC":"3","HF":"3","HV":"3","GF":"3","PM":"3","Q9":"3","PF":"3"},"65":{"87":"3","75":"3","62":"3","GV":"3","63":"3","64":"3","77":"3","74":"3","88":"3","98":"3","73":"3"},"4V":{"WG":"3","C8":"3","XM":"3","RG":"3"},"HM":{"HM":"3"},"5J":{"WR":"3"},"69":{"HQ":"3","G4":"3","JR":"3","JQ":"3"},"5X":{"2F":"3"},"FR":{"4V":"3"},"M6":{"3Q":"3"},"5R":{"2C":"3"},"Q7":{"M5":"3"},"76":{"9H":"3","4M":"3"},"JW":{"GW":"3","HW":"3"},"V8":{"XW":"3"},"JV":{"79":"3"},"6J":{"37":"3","29":"3","47":"3","F5":"3"},"87":{"9R":"3"},"84":{"33":"3"},"86":{"FP":"3"},"7M":{"MQ":"3"},"MR":{"25":"3"}},"X9":{"2X":{"6Q":"3"},"WF":{"5X":"3"},"PG":{"F8":"3"},"P5":{"P2":"3"},"RM":{"F9":"3"},"X3":{"8R":"3","HR":"3"},"FF":{"3G":"3"},"RJ":{"5F":"3","5C":"3","6G":"3","5G":"3"},"X4":{"62":"3","52":"3","3F":"3","49":"3","39":"3","4C":"3","29":"3","2F":"3","53":"3","3C":"3","2C":"3","43":"3"},"W4":{"X5":"3"},"FX":{"C2":"3","F6":"3"},"WG":{"H4":"3"}},"V6":{"7C":{"FF":"3"},"RX":{"8Q":"3"},"3R":{"85":"3"},"95":{"M3":"3","P8":"3","MP":"3"},"3H":{"Q2":"3"}},"V5":{"3Q":{"5G":"3"},"WP":{"57":"3"},"5G":{"93":"3"},"5F":{"RP":"3","QP":"3","PR":"3","JX":"3","PQ":"3","MX":"3"},"4X":{"9P":"3"},"5H":{"8C":"3","7F":"3","9C":"3"},"WM":{"GW":"3"},"6F":{"4J":"3"},"2Q":{"PC":"3"}},"R7":{"QH":{"4X":"3"},"8Q":{"9Q":"3"},"GF":{"VF":"3"},"QJ":{"75":"6","65":"6","52":"3","JC":"3","97":"3","69":"3","J6":"3","HC":"3","C9":"3","98":"3","42":"3","C6":"3","66":"6","C7":"3"},"QG":{"69":"3"}},"V7":{"JR":{"M8":"3","J7":"3","PR":"3","J6":"3","HH":"3","CG":"6","P8":"3","M7":"3","J5":"3","M6":"3","P7":"3","M5":"3","GJ":"3","P6":"3"},"4G":{"3Q":"3"},"3G":{"GR":"3","HV":"3"},"JX":{"9C":"3"},"3H":{"V3":"3","V2":"3"},"33":{"JC":"3","G3":"3","H3":"3","G2":"3","J9":"3"},"2G":{"GR":"3"},"57":{"82":"3"},"32":{"JQ":"3"},"56":{"8Q":"3","7Q":"3"},"4H":{"93":"3"}},"R4":{"4J":{"GC":"3","HM":"3"},"VR":{"7W":"3","8H":"3"},"PV":{"94":"3"},"WG":{"PV":"3","HR":"3"},"GX":{"FP":"3"}},"J4":{"43":{"8X":"3"},"37":{"75":"3","8F":"3","F7":"3","97":"3","G6":"3","9F":"3","F6":"3","C6":"3","9C":"3","C7":"3"},"XV":{"V7":"3","R8":"3"},"27":{"2G":"3","2F":"3"},"CJ":{"C9":"3","QQ":"3"},"36":{"5F":"3","3G":"3","49":"3","45":"3","GV":"3","FM":"3","F5":"3","5G":"3"},"P6":{"CF":"3","GJ":"3"},"44":{"9W":"3","88":"3","77":"3"},"FM":{"87":"3"},"6G":{"9R":"3","8V":"3","47":"3","FW":"3"},"7H":{"58":"3","4F":"3","83":"3","3H":"3","3J":"3"},"4F":{"2G":"3","HM":"3"},"8H":{"R9":"3"},"VG":{"X6":"3"},"59":{"HM":"3","HJ":"3","HH":"3","GH":"3","GM":"3","HG":"3","GJ":"3","GG":"3"},"JX":{"X7":"3","P5":"3"},"2C":{"2X":"3","GW":"3","6P":"3","77":"3","CJ":"6","2V":"6","6H":"3","23":"3","6M":"3","4W":"3","5W":"3"},"42":{"5J":"3","4G":"3","M9":"3","4H":"3","5H":"3","5G":"3"},"45":{"49":"3","39":"3","87":"3","4C":"3","3C":"3"},"MX":{"GG":"3","7F":"3","5C":"3","CJ":"3","FJ":"3","59":"3","7C":"3","45":"3","27":"3","6G":"3","FG":"6","HG":"3","6F":"3","FH":"3","6C":"3","7G":"3"},"5F":{"3R":"3","3V":"3","3W":"3","4V":"3","2V":"3","5V":"3","4W":"3","5Q":"3","5W":"3"},"26":{"XF":"3","WH":"3"},"G7":{"R8":"3"},"2F":{"H4":"3","44":"3","25":"3","G4":"3","33":"3","C4":"3","24":"3","93":"3","53":"3","34":"3","22":"6|3","94":"3","63":"3","32":"3"},"5G":{"H3":"3","72":"3","F5":"3"}},"Q4":{"X9":{"W3":"6"},"52":{"PF":"3","PC":"3","HM":"3"},"J4":{"48":"3"},"H4":{"7W":"3","7R":"3","2X":"3","X9":"3","7C":"3","4R":"3","2W":"3","6R":"3","X5":"3","7M":"3","QC":"3"},"43":{"QP":"3","QW":"3","WM":"6","82":"3"},"33":{"G8":"3","W8":"3","J2":"6","V2":"3","QC":"3","M3":"3","JG":"6","F2":"3","V3":"3","V6":"3","P5":"3","R7":"3","V7":"3","Q4":"3","Q2":"3","P2":"3","MF":"3","95":"3","77":"6","R2":"3","M7":"3","HC":"6","R8":"3","Q7":"6","R6":"3","Q5":"3","V8":"3","H5":"3","R5":"3","W7":"3"},"JM":{"VQ":"3"},"J3":{"QR":"3","QV":"3"},"JP":{"V9":"3"},"PQ":{"8H":"3","29":"3"},"G4":{"JW":"3","GW":"3","JX":"3","HW":"3","HX":"3","GX":"3"},"44":{"R2":"3","R3":"3"},"MJ":{"PW":"3"},"54":{"88":"3","FG":"3","CG":"3"},"H7":{"HG":"3","75":"3"},"H6":{"3C":"3"},"JG":{"PM":"3"},"MR":{"G8":"3"},"HC":{"G8":"3","G7":"3","G2":"3","G5":"3","FF":"3","G6":"3","H8":"3","G4":"3","H4":"3","FC":"3"},"HR":{"67":"3","65":"3","3X":"3","69":"3","49":"3","48":"3","4C":"3","55":"3","68":"3","6C":"3","57":"3","58":"3","5C":"3","66":"3","56":"3","59":"3"},"HH":{"68":"3"},"QW":{"V2":"3"},"MQ":{"V7":"3","M9":"3"},"42":{"9X":"3","7V":"3","8X":"3","9W":"3","53":"3","8W":"3"},"HV":{"62":"3","55":"3","64":"3"},"H5":{"25":"3"},"MM":{"66":"3","Q2":"3"},"M6":{"R3":"3"},"G5":{"H3":"3","G3":"3","J2":"3","G2":"3","P5":"3","J4":"3","Q4":"3","M4":"3","PF":"3","W3":"3","M7":"3","W4":"3","H2":"3","J3":"3","P7":"3","H4":"3","X2":"3"},"32":{"HW":"3","GR":"3","GV":"3","VF":"3","QX":"3","WX":"3","HQ":"3","GW":"3","RQ":"3","JX":"6|3","WV":"6","WQ":"3","VW":"3","HR":"3","QW":"3","MQ":"3","RW":"3","HV":"3","MV":"6|3","FQ":"3"}},"Q2":{"V5":{"43":"3","35":"3","54":"3","44":"3","33":"3","45":"3","53":"3","34":"3"},"HW":{"7W":"3","6X":"3","5X":"3","7X":"3","6W":"3"},"QG":{"5J":"3","4G":"3","8F":"3","5G":"6|3","69":"3","3F":"3","3G":"3","2J":"3","6G":"3","5H":"3","57":"3","3J":"3","4J":"3","2R":"3","56":"3","4H":"3"},"XR":{"44":"3","33":"3","85":"3"},"HP":{"6P":"3"},"68":{"J8":"3"},"8P":{"X6":"3"},"RX":{"VP":"3"},"JV":{"WJ":"3","GH":"3","FP":"3"},"PW":{"35":"3","25":"3","24":"3","42":"3","34":"3"},"9P":{"FW":"3"},"8G":{"5R":"3","6R":"3","6V":"3","5V":"3"},"RJ":{"6H":"3"},"WX":{"4J":"3","37":"3","2G":"3","2H":"6|3","2F":"3","92":"3","4C":"3","2C":"3","4F":"3","4M":"3"},"FM":{"V6":"3","W6":"3"},"CW":{"7W":"3","8R":"3","GM":"3","9V":"3","9X":"3","8Q":"3","G3":"3","H6":"3","9W":"3","8X":"3","W5":"3","F7":"3","FM":"3","8W":"3","7X":"3","9R":"3","8V":"3","F6":"3"},"CX":{"CJ":"3","CP":"3","CM":"3","CH":"3","9P":"3","9M":"3","72":"3","5Q":"3","9J":"3"},"FR":{"2X":"3"},"8H":{"V9":"3","X9":"6","XC":"3","W8":"3","PH":"3"},"JJ":{"MG":"3"},"CF":{"W8":"3"},"FV":{"2P":"3","22":"3"},"WP":{"Q9":"3","R9":"3","QC":"3","RC":"3"},"PH":{"24":"3"},"PG":{"JJ":"3"},"VH":{"G8":"3","J5":"3","HC":"3"},"RQ":{"73":"3","57":"3"},"9M":{"5J":"3","6J":"3","5H":"3"},"JX":{"2J":"3"},"8J":{"9Q":"3","JV":"3","JW":"3","MV":"3","JX":"3","HW":"3","MW":"3"},"WQ":{"PQ":"3"},"VW":{"7F":"3","8F":"3","RV":"3","7G":"3","54":"3","8G":"3","9G":"3","63":"3","64":"3","44":"3","QV":"3","RR":"3","GC":"3","53":"3","QR":"3","8H":"3"},"J5":{"F9":"3","FG":"3"},"HX":{"62":"3","52":"3","PW":"3","JX":"3","72":"3","MX":"3"},"G2":{"G2":"3"},"CR":{"48":"3","2G":"3","96":"3","46":"3","47":"3","XX":"3"},"HH":{"43":"3","26":"3","63":"3"},"FW":{"2C":"3"},"PV":{"3X":"3"},"9H":{"4F":"3"},"WR":{"CQ":"3"},"HV":{"8C":"3","88":"3"},"H5":{"WC":"3"},"MV":{"RR":"3","X8":"3"},"CV":{"C8":"3","QJ":"3","QV":"3","8P":"3","MF":"3","JM":"3","GR":"3","MG":"3","VF":"3","MP":"3","WF":"3","RH":"3","WH":"3","MW":"3","PJ":"6|3","F9":"3","FV":"3","MJ":"6|3","PH":"3","VG":"3","PG":"3","C9":"3","MR":"3","WG":"3","WJ":"3","RG":"3","FW":"6","QH":"3","HV":"3","R9":"3","JW":"3","PP":"3","PF":"3"},"9R":{"P8":"3","M6":"3","M9":"3","M7":"3","J8":"3","M8":"3","VG":"3","P6":"3","J6":"3","P7":"3","J9":"3"},"JW":{"C5":"3"},"VX":{"WR":"3","WJ":"3","XH":"6|3","XG":"3","HP":"3","WH":"6"},"VV":{"34":"3"},"2P":{"JW":"3"}},"R3":{"X9":{"4H":"3"},"X6":{"Q9":"3","QC":"3","QF":"3","MF":"3","MC":"3","PF":"3","PC":"3","P9":"3"},"PX":{"V9":"3","X8":"6"},"43":{"CV":"3","8X":"3"},"3J":{"8Q":"3"},"RJ":{"PV":"3","PR":"3","QV":"3"},"XC":{"V3":"3"},"4H":{"JP":"3","GJ":"3","8X":"6","JM":"3","HM":"3","HR":"3"},"RH":{"49":"3"},"QX":{"6M":"3","5J":"3","44":"3","49":"3","39":"3","37":"3","5M":"3","6J":"3","2C":"3","29":"3","28":"3"},"44":{"36":"3","37":"3","67":"3","46":"3","57":"3","47":"3"},"34":{"Q5":"3"},"5H":{"RF":"3","QF":"3"},"78":{"MQ":"3","J8":"3","MP":"3","MG":"3","J6":"3","J9":"3"},"2M":{"V5":"3","V6":"3","V8":"3","W4":"3","P4":"3","W7":"3","P6":"3","Q7":"3","V9":"3","Q4":"3","V7":"3","R8":"3","R6":"3","V4":"3","Q6":"3","R5":"3","W5":"3","R3":"3","Q5":"3","Q3":"3","R4":"3","P7":"3","W6":"3","P5":"3","R9":"3","Q8":"3","R7":"3"},"79":{"FJ":"3","P3":"3"},"VM":{"PR":"3","M9":"3","MQ":"3","JM":"3","PQ":"3","MP":"3","PM":"6","PP":"3","HR":"3","FV":"3"},"3H":{"HW":"3","MP":"3"},"64":{"MM":"3"},"XH":{"Q2":"3"},"XG":{"VG":"3","W6":"3","J2":"3","V2":"3","MG":"3","JF":"3","V3":"3","V6":"3","R4":"3","W5":"3","X3":"3","9R":"3","M2":"3","P3":"3","Q5":"3","CR":"3","R5":"3"},"4J":{"79":"3"},"XF":{"RV":"3","QV":"3","RX":"3","JM":"3","JV":"3","WF":"3","MW":"3","WW":"3","QQ":"3","RP":"6|3","PJ":"3","JJ":"3","H8":"3","PH":"3","RQ":"3","J9":"3","MH":"3","VW":"3","HR":"6","QH":"3","RW":"3","PV":"3","QR":"3","JH":"3","MV":"3","VQ":"3","PF":"3"},"CH":{"QC":"3"},"6C":{"HC":"3"},"QW":{"5P":"3","4Q":"3","4P":"3","4M":"3"},"VP":{"C3":"3","83":"3","P7":"3"},"VQ":{"PV":"3"},"83":{"2G":"3","3M":"3"},"G5":{"2R":"3"},"2P":{"27":"3","26":"3","7X":"3","28":"3","P7":"3"},"FQ":{"CM":"3","HH":"3","8R":"3","JH":"3","M9":"3","J8":"3","HG":"3","JF":"3","9M":"3","JG":"3"}},"W5":{"5R":{"GC":"3","CC":"3","GF":"3"},"H6":{"FW":"3"},"5Q":{"9X":"3"},"5V":{"3F":"3"}},"P2":{"96":{"69":"3","7F":"3","79":"3","67":"3","6C":"3","C8":"3"},"RW":{"G2":"3","7G":"3","R4":"3","F5":"3","CJ":"3","94":"3","74":"3","53":"3","82":"3","72":"3","84":"3"},"G7":{"9W":"3"},"GV":{"8W":"3","7X":"3","8V":"3"},"RV":{"7W":"3","8R":"3","4P":"3","CR":"3","6R":"3","CC":"3"},"GW":{"82":"3"},"QV":{"VV":"3"},"PV":{"F8":"3","HH":"3","HF":"3","C9":"3","JH":"3","GC":"3","76":"3","67":"3","F7":"3","F9":"3","GF":"3","74":"3","HG":"3","FC":"3","JF":"3","C7":"3","C8":"3","C6":"3","F5":"3","65":"3","JG":"3","F6":"3","75":"3"},"PJ":{"4X":"3"},"XP":{"Q8":"3","WJ":"3","R9":"3","VC":"3","Q9":"3","M8":"3","J8":"3","R7":"3","J7":"3","J6":"3","M7":"3","P8":"3","R8":"3","Q7":"3","V9":"3","V8":"3","P7":"3","WG":"3"},"P6":{"GM":"3"},"JM":{"54":"3","55":"3"}},"M4":{"44":{"P8":"3","Q9":"3","WH":"3"},"HJ":{"GX":"3"},"P8":{"36":"3"},"W5":{"5P":"3","4Q":"3","6V":"3","2R":"3"},"2V":{"36":"3","45":"3","26":"3","68":"3"},"W6":{"22":"3"},"M8":{"MG":"6","J8":"3","MF":"3","M6":"3","J3":"3","H4":"6","RC":"3"}},"W2":{"4X":{"XF":"3","WJ":"3","JF":"3","CG":"3","MC":"3","XC":"3","HF":"3","XG":"3"},"R2":{"7R":"3","6P":"3","9V":"3","4V":"3","8X":"3","4R":"3","8W":"3","8V":"3"},"JH":{"36":"3"},"Q2":{"C5":"3","C6":"6"},"MH":{"66":"3","53":"3","55":"3","22":"3"},"GC":{"V2":"3"},"XW":{"28":"6"},"83":{"VC":"3","MV":"6","RC":"3"},"F5":{"Q7":"3"}},"X3":{"36":{"2H":"3","2M":"3","2J":"3"},"6X":{"QX":"3","QM":"3"},"26":{"XH":"3","Q6":"6","XJ":"3","X8":"3","XM":"3"},"MM":{"7R":"3","6R":"3"},"7X":{"6M":"3","5P":"3","5R":"3","4V":"3","4Q":"3","JQ":"3","4R":"3","3P":"3","4P":"3","3R":"3","5Q":"3","3Q":"3","4M":"3"},"W6":{"46":"3"},"J6":{"8X":"3"}},"XC":{"79":{"27":"3"},"WV":{"GH":"3","FP":"3","MV":"3"},"VQ":{"78":"3","93":"3","2F":"3","M5":"3"},"VM":{"6P":"3","HF":"3","QP":"3","RM":"3","J4":"3","QM":"3","QJ":"3"},"4G":{"77":"3"},"45":{"XR":"3","XH":"3"},"V2":{"JP":"3"},"PP":{"72":"3"},"WP":{"3V":"3","3R":"3","2R":"3"},"WX":{"MJ":"3","MM":"3","6H":"3"},"VJ":{"FX":"3"},"MQ":{"23":"3"},"XR":{"QP":"3","9C":"3","CG":"3","PW":"3","GV":"3","7F":"3","P6":"6","V3":"3","6G":"3","94":"3","9W":"3","F9":"3","X2":"3","CF":"3|6","H8":"3","V7":"3","HQ":"6","54":"3","H9":"3","J7":"3","R5":"3","F2":"3","77":"3","76":"3","2C":"3","QW":"3","H2":"3","8W":"3","F8":"3","M6":"3"},"MM":{"4X":"3"},"8J":{"43":"3","G4":"3","Q6":"3","23":"3"},"V7":{"VF":"3","WC":"3"},"XQ":{"FH":"3","FJ":"3","CV":"3|6","CG":"3","C8":"3","9P":"3","8G":"3","4H":"3","FW":"3","58":"3","29":"3","FV":"3","JX":"3","8P":"6|3","2R":"3","7C":"3","9J":"3","C9":"3","3J":"6","7M":"3","6Q":"6|3","6P":"3","8J":"3|6","CR":"3","7J":"3","7H":"3","CQ":"6","5X":"3","5J":"3","8C":"3|6","GJ":"3","6G":"3","99":"6|3","55":"3","7P":"6","46":"3","75":"3","9R":"3","3C":"3","49":"6","FC":"3","86":"6|3","98":"3|6","FX":"3","HW":"3","9G":"3","8H":"3","97":"3","GX":"3","CC":"3","CH":"6|3","8F":"3","6F":"6","3H":"3","9C":"3","39":"3","7G":"3","4F":"3","89":"3","28":"3","65":"3","38":"6","FM":"3","4C":"6|3","2C":"3","6M":"3","CF":"3","9F":"3","56":"3","5G":"3","CM":"3","GH":"3","6H":"3","7Q":"3","CP":"6|3","4R":"6","85":"3","HQ":"3","6J":"3"},"WQ":{"VQ":"3","VC":"3","G8":"3","F3":"3","65":"3","52":"3","WX":"3","QC":"3","JW":"3","FR":"3","XC":"3","83":"3","C3":"3","H8":"3","C4":"3","M7":"3","HC":"3","V9":"3","C2":"3","7P":"3","W9":"3","H5":"3","56":"3"},"MF":{"FJ":"3","GH":"3","FH":"3"},"J9":{"6W":"3"},"3F":{"RV":"3","MW":"3","QX":"3","CW":"3"},"MP":{"X3":"3"},"QM":{"99":"3"},"VP":{"HQ":"3","H6":"3","H7":"3","VQ":"3","XM":"3"},"3G":{"P2":"3"},"PM":{"2X":"3","8X":"3"},"46":{"V5":"3"},"RR":{"MV":"3"},"PX":{"8P":"3","7H":"3","8H":"3"},"WR":{"XF":"3","86":"3","QH":"6","WF":"3","R7":"6","V7":"3","C8":"3","XC":"3","VH":"6","WC":"3|6","XH":"3","RF":"3"},"XW":{"Q4":"3","2C":"3","XF":"6","3C":"3","Q5":"3"},"32":{"WJ":"3"},"XV":{"V7":"3","52":"3","9H":"3","VC":"3","V6":"3","W6":"3","R5":"3","Q5":"3"},"XP":{"GW":"3","PR":"3","MQ":"3","CX":"3","MR":"3","CW":"3","PQ":"3","JV":"3","FW":"3","HV":"3"},"MX":{"3F":"3"},"W7":{"4G":"3|6","4H":"3","6F":"3","5H":"3","5G":"3|6"},"VX":{"J9":"3"},"VW":{"H3":"3"}},"X8":{"47":{"GP":"3","HW":"3","QP":"3","RV":"3","HP":"3","PX":"3","QV":"3","GQ":"3","JM":"3","GR":"3","JV":"3","JQ":"3","PW":"3","GV":"3","MP":"3","JP":"3","PQ":"3","QX":"3","PR":"3","MW":"3","FP":"3","FR":"3","QQ":"3","FX":"3","FV":"3","HQ":"3","GW":"3","RQ":"3","GX":"3","JX":"3","HM":"3","MR":"3","JR":"3","HX":"3","HR":"3","FW":"3","QW":"3","PV":"3","MQ":"3","QR":"3","MX":"3","HV":"3","MV":"3","MM":"3","JW":"3","PP":"3","FQ":"3"},"54":{"Q2":"3","P4":"3","P2":"3"},"8J":{"34":"3"},"5G":{"82":"3"},"4M":{"Q5":"3"},"M4":{"35":"3","48":"3","45":"3","47":"3"},"5F":{"6V":"3","5X":"3","8X":"3","6X":"3","9X":"3","9W":"3","8W":"3","6W":"3","5V":"3","8V":"3","5W":"3"},"64":{"54":"3","53":"3","55":"3","64":"3"},"FF":{"33":"3","72":"3"},"48":{"H2":"3","G2":"3"},"3H":{"VC":"3"},"74":{"64":"3"},"CH":{"J2":"3"},"7P":{"7V":"3"},"53":{"JW":"3","PV":"3","MW":"3","VX":"3","RX":"3","VW":"3"},"4W":{"M6":"3"},"2W":{"9X":"3","CX":"3","HG":"3"},"Q5":{"2W":"3"},"FG":{"XC":"3","Q5":"3","P5":"3"},"RC":{"JF":"3"},"2C":{"M4":"3","H4":"3","M3":"3","J5":"3","H5":"3","M6":"3","M5":"3","J4":"3","P4":"3","J6":"3","J3":"3","P5":"3","P3":"3"},"9C":{"JF":"3"},"4H":{"5J":"3","4G":"3","6J":"3","6P":"3","4M":"3","7R":"3","7M":"3","3G":"3","5P":"3","6R":"3","3H":"3","5M":"3","7Q":"3","4F":"3","5H":"3","7P":"3","6M":"3","5R":"3","3J":"3","4J":"3","5Q":"3","4H":"3","6Q":"3"},"GG":{"3F":"3","2F":"3","2C":"3","XW":"3","3C":"3"}},"R2":{"88":{"CM":"6","CG":"3","GQ":"3","MG":"3","CJ":"3","FP":"3","9Q":"3","CW":"3","FR":"3","FX":"3","4F":"3","9W":"3","JJ":"3","9M":"3","JG":"3","HM":"3","8J":"3","GJ":"3","CH":"3","FW":"3","9X":"3","5F":"3","6V":"3","FQ":"3"},"9P":{"RC":"3"},"VJ":{"6X":"3","5X":"3","5W":"3","6W":"3"},"44":{"9G":"3"},"75":{"CV":"3"},"6G":{"22":"3"},"67":{"38":"3"},"2R":{"GC":"3","GF":"3"},"RP":{"X2":"3"},"4F":{"X6":"3","Q3":"3"},"78":{"RQ":"3","VR":"3","RR":"3","VQ":"3"},"VM":{"2X":"3","7F":"3","7J":"3","9G":"3","3F":"3","3M":"3","2F":"3","9F":"3","4P":"3","3C":"3","2C":"3"},"87":{"5C":"3"},"G2":{"93":"3"},"77":{"27":"3"},"6F":{"5R":"3"},"76":{"9X":"3"},"XX":{"7W":"3"},"45":{"2G":"3","2H":"3","2J":"3","3H":"3","3J":"3"},"RM":{"X9":"3","XC":"3"},"7R":{"6H":"3","3W":"3"},"VQ":{"2V":"3"},"C5":{"3M":"3","3P":"3","3Q":"3","2R":"3"},"84":{"8G":"3"},"89":{"84":"3","72":"3","83":"3"}},"X5":{"RF":{"6X":"3","5W":"3"},"HH":{"WJ":"3"},"FJ":{"QC":"3"},"FP":{"R6":"3"},"HG":{"WJ":"3","FM":"6","WM":"3","WP":"3","XJ":"3","XM":"3"},"JG":{"5W":"3","6W":"3"}},"W3":{"FH":{"HQ":"3","GW":"3","CV":"3","JQ":"3","FR":"3","GV":"3","HW":"3","HR":"3|6","FW":"3|6"},"PX":{"3V":"3","3X":"3","3W":"3","4V":"3","4X":"3","4W":"3","5R":"3"},"22":{"7Q":"3"},"JV":{"C4":"3"},"GV":{"WM":"3"},"G4":{"GM":"3"},"4M":{"PG":"3","PF":"3","MF":"3","WH":"3","QF":"3","MG":"3","QG":"3","JG":"3"},"QX":{"V9":"3","V8":"3"},"6M":{"4J":"3","3Q":"3","4M":"3"},"8X":{"XQ":"3"},"9F":{"HQ":"3","FX":"3|6","9V":"3","GW":"3","GV":"3","CX":"3","HX":"3","CW":"3","MP":"3","FW":"6|3","GX":"6|3","FV":"3"},"JX":{"WR":"3","6P":"3","HV":"3","2P":"3","8R":"3","GQ":"3","5P":"3","8V":"3","CV":"3","5M":"3","75":"3","9V":"3","39":"3","3G":"3","3V":"3","6X":"3","2M":"3|6","2X":"3","2R":"3","96":"3","4W":"3","2V":"3","7P":"3","WW":"3","7Q":"3","5G":"3","HQ":"3","8P":"3","7J":"3","3M":"3","2W":"3","8M":"3","4P":"3","8Q":"3","65":"3","99":"3","95":"3","5J":"3","3J":"6|3","4J":"3","2J":"3|6","4M":"3","FX":"3","FP":"3","QR":"3","3P":"3","6R":"3","9Q":"3","3F":"3","MQ":"3","9M":"6","8J":"3","RR":"3"},"JR":{"CX":"3"},"5M":{"PG":"3","MH":"3","MG":"3","PH":"3"},"HX":{"RQ":"3","XV":"3","XR":"3","WR":"6|3","VV":"3","RP":"3","XH":"3","WJ":"3","VR":"3","WV":"3|6","WW":"3","XP":"3","VP":"3","WQ":"3","XW":"3","RM":"3","QM":"3","VQ":"3","XM":"3","XX":"3"},"XW":{"9G":"3"},"6X":{"J6":"3"},"PV":{"JQ":"3","MQ":"3"},"RR":{"H6":"3"},"MX":{"WV":"3","HQ":"3","3M":"3","GQ":"3","GM":"3","9M":"3","QQ":"3","QR":"3","XV":"3"},"HV":{"4G":"3","VC":"3"},"JW":{"92":"3"},"4Q":{"JR":"3","HR":"3","MQ":"3","PR":"3","76":"3","PQ":"3","MR":"3","GR":"3","RC":"3"}},"V4":{"79":{"W8":"3"},"V3":{"G9":"3"},"89":{"29":"3"},"63":{"GH":"3"},"5F":{"7M":"3"},"JQ":{"M6":"3","VW":"3"},"QQ":{"Q8":"3"},"JP":{"RJ":"3","RG":"3"}},"J5":{"R4":{"J2":"3","J3":"3"},"Q2":{"2G":"6","2H":"6","3V":"3","3R":"3","4F":"3","3H":"6"},"R3":{"XG":"3","JX":"3"},"P2":{"VM":"3","QH":"6","PG":"6|3","MG":"3","WP":"3","VJ":"3","JG":"3","XQ":"3","22":"3","MF":"3","64":"3","MC":"3","95":"3","VP":"3","MH":"3","53":"3","33":"3","WH":"3","32":"3"},"W5":{"87":"3","98":"3","97":"3","88":"3","57":"3"},"V4":{"X9":"3","53":"3","GP":"3","47":"3","7G":"3","QP":"6","CM":"3","QJ":"3","HP":"3","JQ":"3","PW":"3","JP":"3","75":"3","FM":"3","MW":"3","FP":"3","7H":"3","QQ":"3","8H":"3","HQ":"3","9J":"3","8J":"3","WV":"3","MR":"3","JR":"3","W8":"3","VW":"3","QM":"3","WJ":"3","RF":"3","MQ":"3","CP":"3","MV":"3","PP":"3","PM":"3","4C":"3","G5":"3"},"W4":{"3X":"3"}},"R8":{"8C":{"8W":"3"},"3F":{"RP":"3","XQ":"3","H8":"3","XP":"3","3V":"3","WP":"3","XM":"3"},"8F":{"84":"3"},"8P":{"RX":"3"},"FJ":{"HP":"3","JJ":"6","HM":"3","GQ":"3","GP":"3"},"7C":{"QC":"3"},"2F":{"H2":"3","G5":"3","C2":"3","64":"3","G2":"3","57":"3","C5":"3","83":"3","93":"3","82":"3","92":"3","F5":"3","75":"3","G7":"3","85":"3","67":"3","F4":"3","H4":"3","96":"3","94":"3","G6":"3","H5":"3","C3":"3","66":"3","77":"3","F3":"3","F8":"3","C8":"3","56":"3","97":"3","G8":"3","72":"3","73":"3","G3":"3","65":"3","95":"3","G4":"3","G9":"3","F7":"3","F9":"3","C6":"3","C4":"3","H3":"3","76":"3","74":"3","87":"3","C7":"3","F6":"3","84":"3","F2":"3","86":"3"},"8H":{"33":"3","63":"3"},"6H":{"JW":"3","GR":"3","PW":"3","PX":"3","GV":"3","HW":"3"},"9F":{"X5":"3"},"6J":{"V7":"3","X5":"3","R6":"3","M2":"3","W4":"3","W8":"3","P3":"3"},"2C":{"FX":"3","9X":"3","CX":"3","2M":"3"},"8G":{"4J":"3","4V":"3","2P":"3","4R":"3","3V":"3","6G":"3","3W":"3","5V":"3"},"7J":{"6H":"3","9Q":"3"},"4F":{"2Q":"3","4R":"3","3R":"3","6V":"3","5V":"3"},"Q5":{"VX":"3","RX":"3","QX":"3"},"P6":{"G4":"3"}},"M2":{"JF":{"GR":"3","FR":"3","GV":"3","FV":"3"},"65":{"CF":"3","55":"3","56":"3"},"JG":{"74":"3","95":"3","64":"3"},"54":{"X6":"3","H5":"3","VW":"3"},"64":{"8X":"3","FP":"3","7R":"3","FM":"3","9H":"3","5P":"3","48":"3","JJ":"3","CP":"6|3","7Q":"3","5H":"3","6C":"3","FQ":"3","26":"3"},"6W":{"G6":"6","C4":"3","F6":"3","F3":"3"},"XW":{"V9":"3","R9":"3","W9":"3","V8":"3","W8":"3"},"2W":{"VF":"3"},"XV":{"JW":"3","PX":"3"},"43":{"HJ":"3"},"QX":{"M4":"3","J5":"3","M6":"3","J7":"3","M7":"3","M5":"3","J4":"3","J6":"3"}},"Q7":{"8R":{"QR":"3","JW":"3","QH":"3","VR":"3","RV":"3","R8":"3","PV":"3","MW":"3","PW":"3","QW":"3","WC":"3","QV":"3","R9":"3","QF":"3","V5":"3","MV":"3","PP":"3","VJ":"3","QJ":"3","RC":"3"},"8Q":{"H2":"3"},"68":{"82":"3"},"8P":{"CJ":"3"},"33":{"F2":"3","69":"3","5P":"3","5C":"3","9V":"3","49":"3","CF":"3","8J":"3","79":"3","59":"3","45":"3","27":"3","26":"3","5M":"3","J2":"3","4H":"3","2F":"3","Q3":"3","67":"3","6J":"3","8G":"3","6C":"3","29":"3","C5":"3","M2":"3","J4":"3","46":"3","28":"3","P2":"3","64":"3"},"22":{"PX":"3","JX":"3","MX":"3","GX":"3"},"M2":{"H9":"3","C9":"3","G5":"3","F5":"3"},"9V":{"24":"3","W3":"3"},"8M":{"7V":"3"},"5C":{"XJ":"3"},"63":{"8P":"3","4G":"3","4H":"3","5Q":"6|3","5H":"3","5V":"6"},"44":{"2H":"3"},"34":{"FF":"3","MW":"3","VX":"3","XG":"3","RX":"3","QQ":"3","MR":"3","M8":"3","MX":"3","RJ":"3"},"23":{"W6":"3","W8":"3","X6":"3","M3":"3","Q6":"3","V6":"3","P5":"3","V5":"3","R7":"3","V7":"3","R4":"3","Q4":"3","X8":"3","X5":"3","M2":"3","Q3":"3","P3":"3","R6":"3","Q5":"3","P4":"3","R5":"3","W7":"3","X7":"3"},"54":{"68":"3"},"Q6":{"RM":"3"},"59":{"62":"3","GJ":"3","27":"3","55":"3"},"46":{"77":"3"},"64":{"42":"3"},"W9":{"CV":"3"},"M5":{"C9":"3"},"FW":{"39":"3"},"6C":{"2Q":"3"},"JH":{"8Q":"3"},"42":{"44":"3","76":"6","3R":"3","95":"3"},"X7":{"H3":"3"},"45":{"PH":"3"},"35":{"R2":"3","V2":"3"},"CV":{"QP":"3","58":"3","4G":"3","8G":"3","37":"3","5C":"3","7F":"3","6G":"3","6H":"3","4F":"3","CF":"3","48":"3","49":"3","59":"3","8C":"3","6C":"3","5F":"3","4C":"3","FG":"3","5G":"3"},"J8":{"9F":"3"},"9R":{"9W":"3","2V":"3","3R":"3","3Q":"3","5V":"3"},"GM":{"5F":"3","97":"3","6H":"3","86":"3","89":"3"},"8V":{"W2":"3"},"32":{"FW":"3","JV":"3","PP":"3","HJ":"3","VR":"3","FP":"3","GP":"3","HH":"3","QV":"6|3","MV":"3","P8":"3","GQ":"3","RR":"3|6","VH":"3","GM":"3","MR":"3","JH":"3","QQ":"6|3","QR":"3","PH":"3","VW":"3","JM":"3"}},"Q3":{"6C":{"3G":"3","52":"3"},"FH":{"47":"3","27":"3","28":"3","54":"3","39":"3","46":"3","55":"3","29":"3","38":"3","57":"3","32":"3","25":"3","66":"3","56":"6"},"H3":{"PJ":"3","PM":"3","PP":"3"},"CG":{"P9":"3","CX":"3","WR":"3","QW":"3","GQ":"3","7W":"3","PR":"3","W2":"3","93":"6","HR":"3","MP":"3","P2":"6","VQ":"3","2Q":"3","5F":"3","VP":"3","VV":"3","XR":"3","V3":"3","QV":"3|6","PV":"3","VX":"3","33":"3","WW":"3","RV":"3","6W":"3","GF":"3","JQ":"3","F8":"6","X5":"3","9X":"3","PH":"3","WX":"3","GX":"3","HF":"3","37":"3","RX":"3","7X":"6|3","HH":"3","JW":"3","CR":"3","JV":"3","VW":"3","XP":"3","PW":"3","WP":"3","HX":"3","XC":"3","PF":"3","8W":"3"},"G9":{"VF":"3","5F":"3","8P":"3","8Q":"3","66":"3","7H":"3","Q7":"3","8H":"3","9P":"3","FP":"6","V8":"6"},"33":{"93":"3","C3":"3"},"48":{"XR":"3"},"4P":{"3P":"3","4M":"3","3M":"3","2J":"3","3H":"3","3J":"3","4P":"3","4J":"3","2M":"3"},"R2":{"JR":"3","CW":"3","VR":"3","HQ":"3","PR":"3","VV":"3","MP":"3","CQ":"3","PQ":"3","MR":"6","HP":"6"},"C4":{"8M":"3"},"C8":{"HP":"3","QG":"3"},"RQ":{"72":"3"},"88":{"RR":"3","9G":"3","RM":"3","M2":"3","QM":"6|3"},"3V":{"5Q":"3"},"V3":{"HC":"3","XX":"3"},"7F":{"8J":"3","8H":"3"},"8G":{"VV":"6|3","FF":"6|3","HW":"3","9M":"3","P2":"3","W3":"3"},"GF":{"JR":"3|6","3Q":"3","HR":"3","MQ":"3","JW":"3","W5":"3","HX":"3","JQ":"3","RH":"3","MV":"3","RJ":"3","JX":"3","6G":"3","HW":"3","W4":"6","MR":"3","JH":"3","H6":"3","5W":"3","5C":"3","RC":"3","HP":"3","C7":"3","JM":"3"},"RP":{"7W":"3","9V":"3","6X":"3","7X":"3","6W":"3|6"},"2J":{"66":"3"},"FF":{"G2":"3","9G":"6","76":"3","36":"3","83":"3","CM":"3","93":"3","H4":"3","2M":"3","84":"3"},"M5":{"2V":"3"},"4X":{"7J":"3","H3":"3","7G":"3","8J":"3|6","GP":"3","8W":"3","MC":"3","3H":"3","M2":"3","8M":"3"},"5P":{"8R":"3","8Q":"3","QG":"3","8P":"3","XV":"3","7Q":"3","73":"3","99":"3","85":"3","WX":"3","75":"3","6R":"3","WW":"3","V9":"6","PG":"3","VW":"3","74":"3","QH":"6","6Q":"3","VX":"3","7R":"3","83":"3","84":"3"},"3R":{"VM":"3"},"G4":{"XJ":"3","6Q":"3","VM":"3","7P":"3","RM":"3","7Q":"3"},"7C":{"C2":"6","XC":"6"},"4Q":{"V9":"3","VC":"3","WC":"3","W9":"3"},"9J":{"VG":"3|6","FH":"3","FJ":"3","CV":"3","V7":"3","CG":"3","R9":"6|3","4P":"3","R2":"3","C8":"3","RQ":"3","88":"3","QF":"3","V3":"3","WG":"3","8W":"3","2F":"3","9Q":"3","XC":"3","29":"3","RP":"3","V6":"3","FF":"3","RJ":"3","PG":"3","WJ":"6","WC":"6|3","QX":"3","RW":"3","7W":"3","Q4":"3","QG":"3","C9":"3","MH":"3","FR":"3","JH":"3","P8":"3","PH":"6|3","RX":"3","6Q":"3","R4":"3","M9":"3","X5":"3","6P":"3","PV":"3","R6":"3|6","HV":"3","7R":"3","X9":"3|6","MV":"3","Q8":"3","CR":"6|3","XF":"3","H4":"3","QJ":"3","H9":"3","MG":"3","JF":"3|6","69":"3","83":"3","WF":"6|3","QR":"3","JV":"3","JC":"3","F7":"3","X8":"3|6","XM":"3","W6":"6|3","5Q":"3","37":"3","QQ":"3","PQ":"3|6","V8":"3","XQ":"3","J2":"3","M2":"3","HJ":"3","GJ":"3","6G":"3","W8":"6|3","8V":"3","HC":"3","J6":"3","XJ":"6|3","J9":"3","P9":"3","55":"3","6V":"3","8M":"3","QM":"3","7P":"3","JJ":"3","75":"3","9R":"3","W4":"6|3","GR":"3","XH":"3","Q9":"3","VF":"3","HH":"3","RH":"3","R8":"3|6","FC":"3","Q6":"3","W7":"6|3","5M":"3","86":"3","P6":"3","H8":"3","J7":"3","R5":"3","WH":"3","MF":"3","QV":"3","MQ":"3","QC":"3","P4":"3","MM":"3","9C":"3","W5":"6","HF":"3","V5":"6|3","RF":"3","VC":"3","W9":"6|3","7G":"3","QP":"3","W3":"3","Q2":"3","Q7":"3","4F":"3","QH":"3","4C":"3","Q5":"3","V9":"6|3","MP":"3","VP":"3","6M":"3","RG":"3","VH":"3","CF":"3","M3":"6","J8":"3","VR":"3","9F":"3","M7":"3","R3":"3","GQ":"3","V4":"3","PC":"3","RC":"3","PJ":"6|3","GH":"3","HG":"3","95":"3","PF":"3","XG":"3","X2":"3","MC":"3","MJ":"3","V2":"3","R7":"3","85":"3","P5":"3","X7":"3","WM":"3","M6":"6|3","JG":"3","RM":"3","X3":"3","X4":"3","MW":"3","84":"3"},"C9":{"JW":"3","8X":"3","JV":"3","8V":"3"},"3J":{"JC":"6","J9":"6"},"RX":{"G6":"3","PV":"3"},"6Q":{"QR":"3","8P":"3"},"M4":{"69":"3","FQ":"3","GR":"3","FR":"3","GQ":"3"},"F6":{"QW":"3","HX":"3","GX":"6"},"6P":{"9Q":"3","JV":"3","W5":"3","MV":"3","9R":"3","VF":"3","4W":"6","Q5":"3","5W":"6","RF":"3"},"H7":{"V9":"3","H8":"3","G7":"3","M7":"3","H7":"3","C5":"3","MG":"3"},"4W":{"R4":"3","JW":"3","PG":"6","MW":"6","V6":"3","WG":"3","R6":"3","V5":"3","R5":"3","MG":"6","V4":"3","Q5":"3"},"7R":{"3F":"3"},"8J":{"XF":"3","VC":"3","JR":"6","WF":"6","M8":"3","QP":"6","FP":"3","GP":"3","RH":"6","GQ":"3","X4":"3","VF":"3","V9":"3","WC":"3","FQ":"3","W9":"3","JP":"3"},"GG":{"8C":"3","79":"3","59":"3","H3":"3","4C":"3","86":"6","32":"3"},"7J":{"PG":"3","45":"6","C4":"3","46":"6","85":"3","Q7":"6","P9":"3","42":"3","56":"6","P6":"3"},"H4":{"3G":"3","HJ":"3","3M":"3","3P":"3","4P":"3","4M":"3","3H":"3"},"7H":{"8M":"3","R5":"3"},"5F":{"H6":"3","P5":"3"},"H9":{"R8":"3"},"JF":{"QW":"3"},"F5":{"9X":"3"},"69":{"7W":"3","6V":"3","5X":"3","J2":"3","6X":"3","6W":"3","7V":"3","6R":"3","GH":"3","4X":"3","5V":"3","5R":"3","5W":"3","6Q":"3"},"JC":{"4G":"3","8F":"3","HR":"3","JV":"3","7V":"3","HV":"3","G4":"3","7Q":"3","35":"3","7C":"3","2R":"3","2Q":"3"},"F7":{"6M":"3","25":"3","CV":"3","HX":"6","M5":"3","HR":"3","4M":"3","GP":"3"},"5W":{"33":"3","24":"3","23":"3"},"G2":{"QX":"3"},"5Q":{"V2":"3","Q3":"3","34":"3","W3":"3"},"G8":{"7X":"3"},"CJ":{"4G":"3","29":"3","64":"3","2P":"3","6C":"3","63":"3","54":"3","22":"3","52":"3","82":"3","6G":"3","J3":"3","34":"3","75":"6|3","39":"3","3G":"3","85":"3","38":"6|3","3V":"3","62":"3","2H":"3","5C":"3|6","67":"3","59":"3","28":"3|6","2M":"3","55":"3","53":"3","26":"6|3","2G":"3|6","94":"3","2F":"3","5G":"3","43":"3","32":"3","66":"3","8H":"3","42":"3","77":"3","49":"3","23":"3","35":"6|3","45":"3","72":"3","73":"3","7G":"3","24":"3","65":"3","4J":"3","69":"3","47":"3","58":"3","68":"3","37":"3","4C":"3","7H":"3","76":"3","2C":"3","3F":"3","3C":"3","74":"3","46":"3","9G":"3","4F":"3","44":"3","3W":"3","27":"3","84":"3","4H":"3","48":"3"},"QW":{"XJ":"3","XM":"3"},"5J":{"H5":"6"},"M2":{"GM":"3","FM":"3","FP":"3","GP":"3"},"8C":{"96":"3","GW":"3","X9":"6","M7":"3","XX":"6|3","VW":"3","JM":"6"},"6G":{"86":"3"},"87":{"PF":"3","9X":"3","GJ":"3","MH":"3","HG":"3","MG":"6"},"HC":{"M3":"3","G5":"3","H8":"3","Q6":"3","7C":"3","JC":"3","H9":"3","WF":"3","P6":"3","FF":"3","J3":"3","J9":"3","R9":"3","RG":"3","MG":"3|6","XR":"3","VF":"3","7Q":"3","XG":"3","6Q":"3","6H":"3","XQ":"3","C8":"3","H6":"3","M6":"3","JG":"3|6","WG":"3","HH":"3","7R":"3","MC":"3","MF":"3|6","JF":"3","HC":"3","M2":"3","P7":"3","48":"3","R5":"3"},"J6":{"Q2":"3","X3":"3","P2":"3"},"J9":{"VV":"3","VR":"3","33":"3","RV":"3","RR":"3","QV":"3","3Q":"3","C7":"3","32":"3"},"H2":{"85":"3","8G":"3","9G":"3","86":"3","95":"3"},"99":{"79":"3","2X":"3","3X":"3","3F":"3","2J":"3","2H":"3","4X":"3","8P":"3","2G":"3","93":"3"},"P9":{"9Q":"3"},"3F":{"6F":"3"},"6V":{"WV":"3"},"8M":{"5C":"6","98":"3","4P":"3","4C":"6","QQ":"3","M2":"6|3"},"7P":{"4X":"6","FX":"6","GW":"6","JR":"6","GR":"6","MH":"6","Q8":"3","HR":"3","FV":"3","HV":"3"},"3C":{"33":"3","24":"3","42":"3","34":"3","23":"3"},"49":{"PM":"3"},"FC":{"XV":"3","CX":"3","5Q":"3"},"Q6":{"4X":"3","93":"3"},"3P":{"5R":"3"},"5M":{"36":"3","35":"3","44":"3","25":"3","37":"3","45":"3","27":"3","26":"3","24":"3","55":"3","34":"3","63":"3","46":"3","64":"3"},"86":{"X6":"3","6P":"3","W5":"3","WQ":"3","3M":"3","XM":"3","X5":"6|3","RR":"6","RQ":"3","V9":"3","4W":"3","WH":"3","X7":"6"},"98":{"3X":"3","WR":"3","PF":"3","CR":"3","HM":"3","9M":"3"},"9M":{"V3":"3","M6":"3","X2":"3","P5":"3"},"J7":{"87":"6","94":"3"},"9G":{"7M":"3","C8":"3","QF":"6","9V":"3","8M":"3","JP":"3","99":"3","PR":"3","FM":"3","9Q":"6","VG":"3","9J":"3","JX":"3","87":"6","MR":"3","3C":"3","9G":"3","77":"6","8C":"3","F6":"3","CH":"3","PV":"3","HV":"6|3","H5":"6","CP":"3","7W":"3","MV":"6|3","CV":"3","9R":"6","4C":"3","8V":"3","5Q":"6","84":"3","89":"3"},"8H":{"WJ":"3","XG":"3","G2":"3","94":"3"},"97":{"C9":"3","QP":"3","X2":"3","F9":"3","CC":"3","9M":"3"},"XR":{"CF":"3","FF":"3","CC":"3","GF":"3"},"92":{"QW":"3"},"MF":{"FC":"3"},"CC":{"XQ":"3","QH":"3","4Q":"3","4R":"3","27":"3","F9":"3","MX":"3","QG":"3","GP":"3","3H":"3","F3":"3"},"CH":{"6C":"3","HP":"3","FH":"3","CV":"3","CG":"3","G9":"3","33":"3","44":"3","R2":"3","2X":"3","C8":"3","62":"3|6","3V":"3","9P":"3","7F":"6|3","8G":"3","FW":"3","J3":"3","JX":"3","2J":"3","FF":"3","GP":"3","GM":"3","8P":"3","2R":"3","3R":"3","7C":"3","FQ":"3","9J":"3","F8":"3","C9":"3","FR":"3","P2":"3","57":"6|3","2M":"6|3","47":"3","F6":"3","R4":"3","79":"3","H7":"3","4W":"3","8J":"3","Q8":"3","HX":"3","7J":"3","5F":"3","3M":"6|3","H9":"3","77":"3|6","69":"3","74":"3","83":"6","9X":"3","5W":"3","CQ":"3","45":"3","37":"3","CJ":"6","5J":"3","J2":"3","M2":"3","93":"3","8C":"3","HJ":"3","GJ":"3","6G":"3","87":"3","W8":"3","HC":"3","J9":"3","JQ":"3","F3":"3","H2":"3","3F":"6|3","8M":"3","JJ":"3","9R":"3","GR":"3","Q9":"3","67":"6|3","HH":"3","49":"3","3P":"6|3","W7":"3","P6":"3","98":"6","9M":"3","9G":"3","97":"3","H5":"3","2W":"3","8F":"3","9H":"3","82":"3","6F":"3","3H":"6|3","94":"6|3","F4":"3","4G":"6|3","9C":"3","22":"6","7G":"3","2H":"3","HM":"6|3","Q2":"3","C7":"3","72":"6","4F":"6","2V":"3","6X":"3","CW":"3","5V":"3","G3":"3","4V":"3","G5":"3","J4":"3","3Q":"3","5R":"3","RR":"3","64":"3","CF":"3","M3":"3","C6":"3","9F":"3","78":"6|3","5G":"3","R3":"3","F9":"3","3X":"3","PJ":"3","HG":"3","FG":"3","7Q":"3","5H":"3","5C":"3","8X":"3","95":"3","8Q":"3","3G":"6|3","4R":"3","59":"6|3","X7":"3","HQ":"3","6J":"3"},"8F":{"RQ":"3","V7":"3","XQ":"3","PG":"3","RV":"3","XP":"3","MW":"3","RX":"6","X2":"3","QX":"6|3","C7":"3","VJ":"3"},"9H":{"WQ":"6|3","VG":"3","FJ":"3","V7":"3|6","C4":"3","RQ":"3","QF":"6","WG":"3","7V":"3","XC":"6","WV":"6","RP":"6|3","JX":"3","V6":"3","GM":"6|3","QX":"3","RW":"3","P7":"3","VJ":"3","M8":"3","9J":"3","JR":"3","VM":"6","MH":"3","73":"6","RX":"3","R6":"3","X9":"3","MV":"3","H4":"3","QJ":"6","83":"6","QR":"3","JV":"3","XM":"6","CQ":"3","G2":"3","WP":"3","QW":"3","QQ":"3|6","PQ":"3","V8":"3","VQ":"3","XQ":"3|6","J2":"3","M2":"3","XJ":"6","J9":"6","PR":"3","JJ":"6","XH":"6|3","VF":"3","W7":"3","9M":"3","WH":"3","XR":"6|3","H5":"3","QV":"3","94":"3","26":"3","J5":"3","W9":"6","HM":"3","XP":"6","WR":"6|3","X6":"3","CW":"3","VW":"6","5V":"3","XV":"3","7X":"3","FM":"3","RV":"3","GV":"3","MP":"3","J4":"6","RR":"3","76":"3","6W":"3","CF":"3","PW":"3","J8":"3","R3":"3","GQ":"6|3","95":"3","8X":"3","PM":"6","XG":"3","R7":"3","85":"3","MW":"3","84":"6"},"6F":{"QW":"3"},"H6":{"58":"3","7M":"3"},"94":{"H9":"3"},"9C":{"WX":"3","5P":"3","44":"3","5R":"3","V3":"3","37":"3","79":"6","WW":"3","45":"3","5M":"3","8M":"3","6J":"3","WP":"6|3","5Q":"6|3","7P":"6","6V":"3","W3":"3"},"W5":{"R7":"3"},"HF":{"52":"3","67":"3","C3":"3"},"J5":{"JR":"3","JV":"3","JW":"3","HV":"3","MV":"3","PX":"3","MR":"3","MW":"3","PW":"3","MX":"3","QW":"3","QX":"3|6"},"VC":{"G9":"3"},"7G":{"JP":"3","Q2":"3","GP":"3"},"Q2":{"2R":"3"},"XP":{"Q6":"3","V2":"3","W7":"3","X7":"6","W6":"3","X8":"3"},"C7":{"2X":"3","99":"3","88":"3","F9":"3"},"Q7":{"2G":"3","2H":"3","38":"3","29":"3"},"4F":{"H9":"6","RW":"3","VG":"6"},"89":{"7X":"6","F7":"3","H7":"3","W3":"3","X5":"3","X4":"3","6H":"3","F6":"3","XH":"3","XG":"6","59":"3"},"65":{"C4":"3","96":"3"},"5V":{"3Q":"3","3R":"3","3P":"3","2P":"3","3V":"3","3X":"3","3M":"3","3W":"3","2V":"3","2R":"3","2M":"3","2Q":"3","9J":"3"},"G3":{"RP":"3","VR":"3","WW":"3","VJ":"3"},"W2":{"35":"3","25":"3"},"3W":{"RF":"3"},"4C":{"6P":"3","P9":"3"},"4V":{"XV":"3","WR":"3","XR":"3","XQ":"3","WV":"3","XP":"3","WQ":"3","XW":"3","XM":"3"},"GC":{"3R":"3","GV":"3","3G":"3","GH":"3","WG":"3","XG":"3","59":"3"},"J4":{"H4":"3","6W":"3"},"5R":{"4X":"3","57":"3","V8":"3"},"64":{"JP":"3","JR":"3","JQ":"3","MQ":"3","MP":"3"},"76":{"X9":"3","WC":"3","XF":"3","XC":"3","WF":"3"},"CF":{"QP":"3","C8":"3","RV":"3","QV":"3","JM":"6","4V":"3","JV":"3","57":"3","2G":"3","8M":"3","RJ":"3","PQ":"3","VJ":"3","PR":"3","G8":"3","2R":"6","QQ":"3","RP":"3","F9":"3","CF":"6","3P":"3","23":"3","RQ":"3","VM":"3","W2":"3","JR":"3","QM":"3","3C":"3","98":"3","2C":"3","5X":"3","QR":"3","RR":"3","VP":"3","VR":"3","RM":"3","2F":"3","VQ":"3","PP":"3","PM":"3","M7":"3","3F":"3"},"96":{"36":"3","25":"3","X2":"6","85":"3","64":"3"},"M3":{"9P":"3"},"J8":{"87":"3","MQ":"3","HW":"3","88":"3","89":"3","PH":"3"},"M7":{"76":"3"},"9F":{"7F":"3","5X":"3","7W":"3","W6":"3","4G":"3","F3":"3","65":"3","7X":"3","G5":"3","C5":"3","XQ":"6","W5":"3","95":"3","C3":"3","CJ":"3","C4":"3","5P":"3","94":"3","QJ":"3","74":"3","6C":"3","C2":"3","57":"3","4P":"3","93":"3","HF":"3","6F":"3","8H":"3","9C":"3"},"4J":{"59":"3|6","78":"3","R6":"3","57":"3"},"5G":{"75":"3","MJ":"6","Q4":"3","MH":"6","PV":"3","98":"3","PJ":"3","FC":"3"},"F9":{"5X":"3","3V":"3"},"6H":{"47":"3","8F":"3","9G":"3","9W":"6","J9":"3","4F":"6","MW":"3","GR":"3","VW":"6|3"},"FG":{"7M":"3","47":"3","FH":"3","9C":"6","3J":"3","7Q":"3","6P":"3","G8":"3","6R":"3","9Q":"3","67":"3","6M":"3","CF":"6","5P":"3","FF":"6","2M":"3","V4":"6","JG":"3","3H":"3","CR":"3","HH":"3","CQ":"6|3","6Q":"3","24":"3","CV":"3","9R":"3","R9":"3","7P":"3","2W":"3","5Q":"3","2P":"3","FQ":"6","5G":"6|3"},"5H":{"W2":"3"},"95":{"6P":"3","59":"3","WQ":"6","4M":"3"},"PF":{"R5":"3"},"MC":{"Q6":"3","4F":"3"},"V2":{"W4":"3"},"6R":{"8F":"3"},"4R":{"8H":"3"},"R7":{"Q3":"3"},"85":{"8J":"3","FR":"3","WQ":"3","8H":"3"},"59":{"H7":"3"},"M6":{"33":"3","FR":"3","24":"6","22":"3","65":"3","64":"3"},"G7":{"3Q":"3","3R":"3","69":"3","4R":"3","4C":"3","6C":"3","4Q":"3"},"6J":{"62":"6","7H":"6","Q2":"6","X2":"6","72":"6|3","3Q":"6","C5":"6","P3":"3"},"84":{"GJ":"3","PV":"3","PR":"3","MR":"3","9R":"3","MV":"3"}},"X4":{"Q8":{"3R":"3"},"Q9":{"2G":"3","2F":"3","28":"3"},"62":{"Q8":"3","Q9":"3","V6":"3","Q4":"3","QF":"3","R3":"3","R2":"3","V4":"3","R6":"3","M9":"3","P4":"3","V8":"3","W9":"3"},"QC":{"RR":"3","RW":"3"},"63":{"2V":"3","4P":"3"},"W2":{"F2":"3"},"3F":{"4J":"3","2H":"3","2J":"3","3H":"3"},"HH":{"96":"3"},"92":{"5P":"3","4P":"3","JM":"3","MF":"3","PC":"3"},"94":{"5V":"3"},"2F":{"XJ":"3"},"53":{"XP":"3"},"23":{"7M":"6","CM":"3","H4":"3","CG":"3","88":"3","9P":"3","M9":"3","CJ":"3","G9":"3","F9":"3","CF":"3","FF":"3","9J":"3","7J":"3","H7":"3","J7":"3","C9":"3","H6":"3","9M":"3","87":"3","5M":"3","CH":"3","9H":"3","P7":"3","CP":"3","7P":"6|3","FC":"3","F8":"3","GC":"3"},"33":{"PF":"3","X9":"3","WQ":"3","WC":"3","WG":"3","VM":"3","W9":"3","QF":"3"},"PC":{"R2":"3","R5":"3"},"72":{"7F":"3","3C":"3","3J":"3"},"P9":{"X4":"3","QX":"3","W4":"3"},"42":{"6P":"3","3X":"3","4R":"3","5P":"3","6R":"3","4V":"3","5V":"3","5R":"3","5Q":"3","4Q":"3","6Q":"3"},"34":{"XP":"3"},"84":{"MX":"3"}},"P3":{"Q8":{"FW":"3"},"VQ":{"3W":"3"},"RP":{"C7":"3"},"W6":{"VV":"3","VR":"3","WQ":"6","VC":"3","VQ":"3"},"QH":{"GC":"3"},"X6":{"6R":"3","3J":"3"},"WP":{"F4":"3"},"G5":{"RH":"3","RJ":"3"},"CW":{"WV":"3","7J":"3","8J":"3","7M":"3","9H":"3","7H":"3","4V":"3","5M":"3","8M":"3","XW":"3","WW":"3","9P":"3","9M":"3","XV":"3","8H":"3"},"8G":{"3X":"3","4X":"3"},"9X":{"HH":"3","H9":"3","GH":"3","GM":"3","FH":"3","FG":"3","GG":"3"},"VR":{"JR":"3"},"W5":{"J6":"3"},"PR":{"F2":"3"},"FM":{"QH":"3","PG":"3","Q8":"3","QG":"3","RJ":"3","RG":"6","PH":"3"},"CX":{"HM":"3","27":"3","MM":"3","FP":"3","MC":"3","CJ":"3","CP":"6|3","CM":"3","PC":"3","M9":"3","P9":"3","9J":"3","8R":"3","JM":"3"},"G6":{"H4":"3","Q7":"3","GH":"3","M7":"3","P7":"3"},"V4":{"G6":"3","G4":"3","H5":"3","M2":"3"},"6G":{"J5":"3","R2":"3","RR":"3","W2":"3","X2":"3","X3":"3","J4":"6","W4":"3","J3":"3"},"WR":{"QQ":"3","PQ":"3"},"PQ":{"8W":"3"},"RQ":{"H9":"3","G6":"3","M8":"3"},"MW":{"GX":"3"},"5H":{"2P":"3"},"XW":{"43":"3","54":"3","44":"3","53":"3","64":"3"},"XH":{"GG":"3","JH":"3","H6":"3","MH":"3","J7":"3","H7":"3","J6":"3"},"FJ":{"RW":"3"},"FX":{"PG":"3"},"H6":{"7F":"3"},"H5":{"3V":"3","4M":"3","3X":"3","3F":"3","3M":"3","7V":"3","3W":"3","4X":"3","CH":"6","5V":"6","4W":"3","3J":"3","5W":"3","9V":"3"},"6F":{"WX":"3","VR":"3","RW":"3","VX":"3"},"8H":{"J5":"3","32":"3"},"X7":{"88":"3","GF":"3"},"W7":{"26":"3","68":"3"}},"W4":{"H3":{"3M":"3","2P":"3","4R":"3","3P":"3","3Q":"3","W3":"3"},"G3":{"VQ":"3","RV":"3","WP":"3","MQ":"3","VR":"3","WQ":"3","VP":"3","RR":"3","WR":"3","RQ":"3","MR":"3"},"J2":{"7M":"3","P8":"3","GR":"3","M9":"3","8G":"3","56":"3","G6":"3","6R":"3","7H":"3","6M":"3","3P":"3","7J":"6|3","H9":"3","39":"3","G2":"6","MQ":"3","6Q":"3","J8":"3","7P":"3","J2":"3","FC":"3","G5":"3","R7":"3","2P":"6"},"54":{"67":"3","55":"3","2C":"3","46":"3","57":"3","56":"3","47":"3"},"Q2":{"FM":"3","3Q":"3"},"P2":{"H4":"3","G4":"3","7V":"3","G3":"3","H3":"3","F4":"3","QM":"6|3","G5":"3","QJ":"3","RJ":"3"},"F5":{"7X":"3"},"X3":{"Q3":"3","XX":"3"},"92":{"P8":"3"},"Q3":{"93":"3"},"P3":{"8J":"3","VP":"3","GH":"3"},"W4":{"93":"3"},"H2":{"X2":"3"},"J3":{"C4":"3","76":"3","84":"3","72":"3"},"WH":{"WR":"3"},"34":{"72":"3"},"X2":{"JW":"3"},"56":{"44":"3"}},"V9":{"WV":{"R3":"3","XM":"3"},"RW":{"Q2":"3","88":"3"},"RV":{"C2":"3","92":"3"},"PP":{"5R":"3"},"VR":{"32":"3"},"WQ":{"8R":"3"},"RR":{"7W":"3","4G":"3","8X":"3","6P":"3","4M":"3","CJ":"3","7V":"3","6R":"3","CP":"3","CM":"3","GH":"3","8Q":"3","8P":"3","6M":"3","9P":"3","9M":"3","4J":"3","5Q":"3","GJ":"3","8H":"3","9J":"3","4H":"3"},"78":{"2W":"3"},"WR":{"GM":"3","2P":"3","CW":"3","FW":"3","FV":"3"},"GC":{"65":"3"},"XX":{"Q6":"3","P4":"3"},"XW":{"C2":"3","C4":"3","98":"3","93":"3","92":"3","76":"3","85":"3","84":"3","63":"3","82":"3","95":"3"},"WW":{"G4":"3"},"QR":{"X6":"3"},"XV":{"7W":"3","9X":"3","9W":"3","HW":"3","7X":"3","5Q":"3","7M":"3","4W":"3","FW":"3","FV":"3","HV":"3"},"FC":{"Q8":"3","X8":"3"}},"WC":{"HQ":{"JV":"3"},"WV":{"55":"3"},"Q7":{"5G":"3"},"Q2":{"72":"3"},"9H":{"9J":"3"},"PW":{"65":"3"},"J2":{"VQ":"3","GV":"3","GW":"3","QP":"3","HQ":"3","FR":"3","WQ":"3","J9":"3","FV":"3","FM":"3","MP":"3","MC":"3","CG":"3","CJ":"3","HC":"3","CM":"3","CH":"3","PC":"3","M9":"3","FJ":"3","FH":"3","JP":"3"},"JX":{"Q5":"3"},"QX":{"8P":"3"},"M2":{"25":"3"},"47":{"VH":"3"}},"H2":{"8R":{"XX":"3"},"7H":{"5C":"3","G4":"3","G3":"3","27":"3","6F":"3","38":"3","3C":"3"},"M9":{"4Q":"3","5Q":"3"},"PQ":{"CW":"3"},"57":{"W8":"3","Q6":"3","V5":"3","V7":"3","R4":"3","Q4":"3","V4":"3","R8":"3","Q5":"3","R6":"3","R5":"3","W7":"3"},"8V":{"X2":"3"}},"J3":{"3P":{"XC":"3"},"6P":{"QQ":"3"},"5P":{"3X":"3","4V":"3","2W":"3","2V":"3","3R":"3","4W":"3","2R":"3"},"4X":{"PJ":"3","QM":"3","QJ":"3"},"4P":{"4H":"3","QW":"3","QV":"3","3H":"3"},"5Q":{"JH":"3"},"RF":{"PX":"6"},"25":{"XW":"3"},"RG":{"V7":"3","X7":"3","W7":"3","W6":"3","P2":"6|3"},"26":{"XQ":"3"}},"R6":{"VV":{"Q9":"3","X9":"3","R8":"3","X4":"3","V9":"3","V8":"3","QW":"3"},"WV":{"2C":"3"},"5M":{"45":"3"},"M9":{"5C":"3","MX":"3"},"QV":{"8C":"3","9C":"3"},"68":{"6H":"3"}},"Q5":{"FJ":{"M3":"3"},"3R":{"P9":"3","PP":"3","CQ":"3","GR":"6","R4":"3","V7":"3","HV":"3","Q5":"3","GQ":"3","JX":"3","W2":"6|3","Q2":"3","W9":"6","WV":"3","R6":"3","HR":"3","QC":"3","V5":"3|6","QX":"3","P8":"3","R2":"3","JJ":"6|3","W3":"3","W7":"3","X4":"3","V3":"6|3","VC":"3","V4":"3|6","R3":"6","PJ":"3","V2":"3","Q8":"6","7Q":"3","XG":"3","FQ":"3","QM":"3","MJ":"3","HQ":"3","PG":"3","JR":"3","FV":"3","W4":"3","MX":"3","PH":"3","X9":"3","V9":"3","W6":"3","HJ":"6","WG":"3","V6":"3|6","RH":"3","HH":"6","RC":"3","JW":"3","V8":"3","PM":"3","VJ":"6","CR":"3","XV":"3","JV":"3","VW":"3","HX":"3","GV":"3","JH":"6","XC":"3","HP":"3","RJ":"6","PF":"3","W5":"3","R5":"3","RF":"3","VG":"3"},"HJ":{"22":"3"},"4V":{"3X":"3","2H":"3","96":"3","4R":"3","89":"3"},"6J":{"MJ":"3","7X":"3"},"86":{"3V":"3"},"3Q":{"VV":"3","VR":"3","PG":"3","WV":"3","RV":"3","WW":"3","RW":"3","WQ":"3","VX":"6|3","RX":"6","VW":"3","VQ":"3"},"7Q":{"8R":"3","4J":"3","FX":"3","9V":"3","CR":"3","HM":"3","7P":"3"},"6P":{"5H":"3"},"4W":{"79":"3","45":"3","2P":"3","9H":"3","4R":"3","6R":"3","46":"3","29":"3","53":"3","5V":"3","5W":"3","42":"6|3","6Q":"3"},"FP":{"F9":"6|3","FG":"3","G9":"6"},"9W":{"2P":"6"},"7X":{"43":"3"},"4R":{"4V":"3","57":"3","56":"3","F7":"3","4M":"3","X3":"3","44":"6","FM":"3","3M":"3","4R":"3","6M":"3","JJ":"3","X2":"3","3P":"3","54":"6","49":"3","W2":"3","5W":"3","MH":"3","4J":"3","5V":"3","Q5":"3","2C":"6","W3":"3","4X":"3","2F":"3","Q2":"3","4C":"3","4P":"3","84":"3","PF":"3","2H":"6|3"},"PJ":{"54":"3"},"6M":{"29":"3","7C":"3","79":"3","6C":"3","57":"3","8F":"3","78":"3","6G":"3","34":"3","75":"3","7F":"3","39":"3","38":"3","5C":"3","5F":"3","67":"3","59":"3","28":"3","55":"3","25":"3","26":"3","66":"3","77":"3","49":"3","35":"3","56":"3","6F":"3","45":"3","65":"3","69":"3","36":"3","47":"3","58":"3","68":"3","37":"3","89":"3","4C":"3","76":"3","88":"3","3C":"3","46":"3","44":"3","87":"3","27":"3","86":"3","48":"3"},"3P":{"WR":"3"},"C7":{"R4":"3","R3":"3"},"GW":{"W4":"3"},"6W":{"6C":"3"},"3H":{"M2":"3"},"WQ":{"43":"3","54":"3","2X":"3","3V":"6","3P":"3","2W":"3","2V":"6","53":"3","63":"3","2M":"3","64":"3","3J":"6"},"5M":{"X6":"3","3P":"3","X7":"3","X8":"3"},"5V":{"G8":"3","H8":"3","8M":"3"},"GJ":{"V6":"3","W6":"3","R7":"3"},"6X":{"2W":"3"},"3V":{"W8":"3","J2":"3","Q6":"3","V6":"3","Q2":"3","X5":"3","Q7":"3","X4":"3","W4":"3","R6":"3","V8":"3","W9":"3","WG":"3","W7":"3"},"5X":{"WF":"3"},"QR":{"QX":"3"},"H2":{"W5":"3"},"6Q":{"VF":"3","QH":"3","P8":"3","VC":"3","R9":"3","29":"3","QC":"3","VG":"3"},"4X":{"HH":"3","MH":"3","HG":"3"},"WR":{"22":"3"},"5R":{"52":"3","32":"3"},"GH":{"WW":"3","XW":"3","XX":"3"},"8W":{"XM":"3"},"VQ":{"XW":"3"},"PM":{"JX":"3"},"4Q":{"RV":"3","52":"6","X4":"3","XG":"3","X3":"3","QQ":"3","QV":"3"},"M7":{"6P":"6|3","7F":"3","5P":"3","9C":"3","7P":"3"},"5Q":{"X9":"3","WG":"3"},"4P":{"4R":"3","6R":"3","6Q":"3"}},"P4":{"44":{"F2":"3|6"},"QP":{"48":"3","8M":"3"},"C2":{"75":"3","67":"3","HQ":"3","69":"3","JQ":"3","83":"3","C8":"3","66":"3","84":"3","HP":"3"},"92":{"M3":"3","G2":"3","J3":"3","P3":"3"},"JM":{"64":"3"},"FM":{"87":"3","9H":"3","76":"3","85":"3","86":"3","77":"3","75":"3"},"XF":{"7H":"3","8H":"3","7G":"3"},"63":{"W6":"3","V6":"3","R7":"3","V7":"3","Q2":"3","H9":"3","R6":"3","W7":"3"},"PQ":{"X2":"3"},"WF":{"CJ":"6","9J":"3"},"PP":{"PX":"3","MR":"3"},"VJ":{"85":"3","74":"3","84":"3","75":"3"},"64":{"8G":"3"}},"W9":{"H8":{"7W":"3"},"C2":{"HC":"3"},"PC":{"M3":"3"},"6P":{"RP":"3","RV":"3","WF":"3"},"FF":{"48":"3","37":"3","38":"3","47":"3"},"92":{"WG":"3"},"JP":{"V9":"3","X9":"3"},"J7":{"CM":"3","FM":"3"},"6M":{"C8":"3","J4":"3","H4":"3","H3":"3","J3":"3","G4":"3","VJ":"3","M8":"6","VH":"3","J7":"3","H6":"6|3","M4":"3","M5":"3","J5":"6|3","H5":"6|3","J6":"3","G3":"3","F4":"3","G5":"3","C4":"3","R7":"3"},"2M":{"9W":"3"},"7P":{"27":"3","28":"3","36":"3","29":"3","4F":"3","6C":"3","37":"3","35":"3","6F":"3","26":"3"},"7Q":{"2G":"3","2F":"3"},"6Q":{"JC":"3","HH":"3","HF":"3","XG":"3","MC":"3","WC":"3","XF":"3","HG":"3","RC":"3"},"G6":{"C5":"3","C6":"3","F5":"3","F6":"3"},"7J":{"JC":"3","HF":"3","HC":"3","GF":"3","JF":"3"},"GF":{"VQ":"3"},"77":{"48":"3","49":"3","58":"3","57":"3","47":"3"},"FC":{"W7":"3"},"J8":{"36":"3","2F":"6|3","2C":"6|3","4F":"3"},"45":{"QP":"3","QQ":"3","RM":"3","PQ":"3","QM":"3","PP":"3"},"8M":{"F4":"3","F5":"3"},"9F":{"JV":"3"},"PQ":{"38":"3"},"9H":{"96":"3","83":"3","P9":"3"},"73":{"JX":"3"},"7G":{"PF":"3"},"G9":{"GP":"3"},"R7":{"9J":"3"},"HF":{"QJ":"3","RJ":"3"},"C9":{"5F":"3","X9":"3","X4":"3","67":"3","X5":"3"},"MQ":{"57":"3"},"74":{"P3":"3"},"6J":{"JW":"3","MW":"6","PV":"3","HX":"3","V8":"3"},"WP":{"52":"3"},"JH":{"7R":"3","8R":"3","7V":"3","8V":"3","7Q":"3"},"F6":{"JC":"3","M9":"3","MC":"3","J9":"3"},"F2":{"VF":"3","RF":"3","VC":"3","RC":"3"},"GC":{"FJ":"3","2C":"3"},"7M":{"54":"3"}},"V8":{"V7":{"98":"3"},"33":{"66":"3"},"CJ":{"M3":"3","JC":"3","MF":"3","MC":"3","GC":"3","PC":"6|3","M9":"3","25":"3","P9":"3","59":"3"},"9J":{"WF":"3"},"RX":{"MP":"3"},"XJ":{"C4":"3"},"7P":{"3Q":"3"}},"M5":{"C8":{"H4":"6","F7":"6","63":"3","V4":"3","F5":"3"},"68":{"FF":"3"},"97":{"RV":"3","2W":"3","2V":"3"},"H3":{"X2":"3"},"88":{"R9":"3","8F":"3","M8":"3","R7":"3","76":"3","MC":"3","H9":"3","H8":"3","HC":"3","4C":"3","R8":"3","M6":"3","38":"3","7C":"3","8C":"3","73":"3","5C":"6|3","P9":"3","66":"3"},"F7":{"FX":"3"},"P6":{"4G":"3","5F":"3","3F":"3","3M":"3","3G":"3","4C":"3","3H":"3","4F":"3","2F":"3","2G":"3","3J":"3","4J":"3","5C":"3","3C":"3","2M":"3","4H":"3"},"G8":{"C2":"3","93":"3","92":"3","C3":"3"},"78":{"XF":"3","QH":"3","8F":"3","JF":"3","MG":"3","JG":"3","5G":"3","83":"3","FF":"3","RH":"3","H9":"3","C4":"3","6G":"3","HC":"3","GC":"3","9F":"3","QG":"3","HF":"3","RF":"3","FG":"3","HG":"3","CF":"3","GF":"3","CC":"3","9C":"3","GG":"3"},"C7":{"QM":"3"},"48":{"8F":"3","9F":"3"},"H7":{"5J":"3","4J":"3","5P":"3","5M":"3","4P":"3","4M":"3"},"J7":{"VG":"3","PP":"3","VJ":"3","MM":"3","RM":"3","7R":"3","QM":"3","RH":"3","PM":"3","RJ":"6|3","GQ":"3","VH":"3","XJ":"3","JJ":"3","CH":"3","XH":"3","QG":"3","XG":"3"},"87":{"XV":"3","XW":"3","XX":"3"},"98":{"75":"3","67":"3","65":"3","V7":"3","Q4":"3","M4":"3","Q7":"3","68":"3","P7":"3","66":"3","84":"3","P6":"3"},"77":{"HX":"3"},"G7":{"6X":"3","6V":"3"},"F8":{"F4":"3","96":"3","75":"3","45":"6","G5":"3","F5":"3","76":"3","G6":"3","G4":"3","46":"3","85":"3","35":"3","F6":"3","82":"6","34":"3","66":"3"},"M6":{"QJ":"3","VF":"3","RJ":"3","WF":"3","VJ":"3","RH":"3","WH":"3","7X":"3","8X":"3","VG":"3","VH":"3","6W":"3","WG":"3","XG":"3","XF":"3","RG":"3","RF":"3","6X":"3","5X":"3","MX":"3","7W":"3","8W":"3"},"M7":{"62":"3","52":"3","G5":"3","63":"3","64":"3","83":"3","2H":"3","74":"3","53":"3","2G":"3","82":"3","73":"3","72":"3","2C":"3","43":"3"}},"H4":{"Q8":{"R2":"3","R3":"3","W6":"3","V4":"3"},"XF":{"V5":"3","C8":"3","W4":"6|3","V2":"3","X5":"3","MF":"3","6J":"3","M9":"3","R2":"3","X3":"6|3","44":"3","X4":"3","V3":"3","Q7":"3","34":"3","X2":"3","Q4":"3","R8":"3","P9":"3","H6":"3","W2":"3","R5":"3","W5":"3|6","Q5":"3","8C":"3","R4":"3","28":"3","W3":"3","P7":"3","Q8":"3","F8":"3","GC":"3","Q9":"3"},"R9":{"J3":"3"},"VC":{"VF":"3","VG":"3","P6":"3"},"WF":{"53":"3","F3":"3","X6":"3","H3":"3","22":"3","M2":"3","J3":"3","63":"3","85":"3","44":"3","96":"3","94":"3","95":"3","65":"3","54":"3","F2":"3","64":"3","G2":"3","45":"3","H2":"3","H5":"3","P3":"3","G3":"3","J2":"3","P2":"3","55":"3","C3":"3","F4":"3","C5":"3","C4":"3","84":"3"},"P5":{"G8":"3","M8":"6","RV":"3","JC":"3","J4":"3","H7":"3","97":"3","J6":"3","G9":"3","PM":"3","H8":"3","J5":"6","98":"3","Q5":"3","H6":"6"},"XC":{"WW":"3","HC":"3","WQ":"6","HW":"3","XJ":"3","VM":"3","RH":"3","XW":"3","VG":"3","RG":"3"},"R8":{"7F":"3","8F":"3","JX":"3","8G":"3"},"Q7":{"JR":"3","PV":"3","MW":"3","PW":"3","PX":"3","RX":"3","QV":"3","MR":"3"},"V9":{"6R":"3"},"WC":{"3X":"3","HQ":"3","2X":"3","FX":"3","GW":"3","GR":"3","9H":"3","2W":"3","3W":"3","2R":"3","7G":"3"},"Q5":{"4W":"3"},"P4":{"3V":"3","4H":"3","RM":"3"},"W9":{"3V":"3","8J":"3","3W":"3","4V":"3","4X":"3","8M":"3","4W":"3","9M":"3","5W":"3","8H":"3","9J":"3"},"X7":{"XG":"3","XF":"3","WG":"3","XC":"3","WF":"3"}},"X2":{"69":{"X2":"3","72":"3"},"36":{"22":"3"},"25":{"WX":"3","XX":"3"},"8J":{"54":"3"},"79":{"F8":"3","54":"3","48":"3","52":"3","53":"3","85":"3","86":"3","74":"3","63":"3","56":"3","32":"3","65":"6","75":"3"},"7C":{"39":"3"},"XF":{"M8":"3","J7":"3","F9":"3","H9":"3","P8":"3","M7":"6","98":"3","M9":"6|3"},"68":{"VV":"3","WV":"3","8J":"3","WW":"3","VW":"3","XX":"3"},"C3":{"XQ":"3","CC":"3","9G":"3"},"W4":{"FR":"3"}},"R5":{"HF":{"WJ":"3","XP":"3","VP":"3","WQ":"3","WM":"3","WP":"3","VM":"3","GX":"3","XM":"3"},"GR":{"FQ":"3"},"C4":{"PC":"3"},"Q8":{"6G":"3"},"HG":{"94":"3"},"JF":{"JR":"3","FF":"3","9H":"3","JM":"3","9G":"3","6C":"3","CG":"3"},"F4":{"J2":"3","M2":"3","J3":"3"},"G5":{"9H":"3"},"F3":{"W6":"3","W8":"3","V2":"3","V3":"3","V6":"3","V5":"3","R7":"3","V7":"3","W5":"3","W3":"3","V4":"3","R8":"3","W4":"3","R6":"3","V8":"3","R5":"3","W7":"3"}},"X7":{"GW":{"6R":"3"},"3M":{"G2":"3"},"Q2":{"2R":"3"},"MW":{"57":"3"},"MM":{"7M":"3","6J":"3","5J":"3","7F":"3","7H":"6|3","6H":"6","4F":"3","78":"3","5P":"3","7J":"3","H9":"3","59":"3","64":"3","HC":"3","5M":"3","8F":"3","8C":"3","HF":"3","5F":"3","29":"3","GC":"3"},"Q3":{"4J":"3","3M":"3","93":"3","4H":"3","38":"3","94":"3","2M":"3","28":"3"},"JM":{"X9":"3","WG":"3","VM":"3","W9":"3","VH":"3","W8":"3"},"7J":{"X2":"3"},"29":{"M6":"3","P5":"3"},"RM":{"M3":"3","M2":"3","P2":"3","P3":"3"},"28":{"JP":"3","8F":"3","QH":"3"},"CH":{"88":"3"},"P3":{"RP":"3","XQ":"3","RM":"3|6","VJ":"3"}},"W7":{"RR":{"RJ":"3"},"MW":{"VP":"6","82":"3"},"PX":{"36":"3"},"68":{"F6":"3"},"MV":{"9V":"6","8X":"3","9W":"3","8W":"3","FV":"3"}}},"index":{"university,1|retail,2|tourism,3|wreck,4|historical,5|artsCulture,6|namedBuilding,7|water,8|wetland,9|park,10|beach,11|natureReserve,12|cemetery,13|trail,14":{}}}