{"index":{"university,1|retail,2|tourism,3|wreck,4|historical,5|artsCulture,6|namedBuilding,7|water,8|wetland,9|park,10|beach,11|natureReserve,12|cemetery,13|trail,14":{}},"4F":{"RW":{"8C":{"VG":"3","JW":"3","6P":"3","CV":"3","FP":"3","FR":"3","XQ":"3","FV":"3","GQ":"3","7P":"3","8M":"3","8P":"3","FX":"3","5W":"3","CR":"3","RC":"3","9V":"3","6Q":"3"},"4G":{"35":"3","H4":"3","44":"3","96":"3","45":"3","53":"3","55":"3","73":"3","R5":"3","P2":"3"},"CQ":{"RM":"3"},"29":{"WJ":"3","VQ":"3","VM":"3","62":"3","PG":"3","GV":"3","WP":"3","WX":"3","RM":"3","FR":"3","QM":"3","PF":"3","QV":"3","HV":"3","HW":"3","85":"3","CP":"3","PQ":"3","GM":"3","RQ":"3","8M":"3","GR":"3","WH":"3","PH":"3","QG":"3","XP":"3","WG":"3","26":"3","GX":"3"},"Q6":{"42":"3"},"7C":{"8R":"3","8P":"3","PX":"3","GV":"3","QX":"3","FV":"3"},"4X":{"RP":"3","45":"3","QP":"3","RM":"3","PR":"3","QM":"3","X8":"3","55":"3","PQ":"3"},"R4":{"5F":"3","4G":"3","4C":"3"},"3H":{"M5":"3"},"CF":{"CM":"3"},"8R":{"V7":"3","V6":"3","R7":"3"},"5V":{"V9":"3","GG":"3","8R":"3","9V":"3","8H":"3","9R":"3","8V":"3"},"6C":{"FX":"3","CX":"3"},"7W":{"2H":"3","5X":"3","8W":"3"},"X2":{"2V":"3"},"JX":{"2H":"3"},"W2":{"JR":"3","6X":"3","7M":"3","PR":"3","JQ":"3","MV":"3","GQ":"3","PV":"3","MR":"3","7P":"3","6M":"3"},"J5":{"W5":"3"},"FF":{"QF":"3"},"5P":{"9G":"3"},"3Q":{"2C":"3"},"5M":{"93":"3","2J":"3"},"7F":{"Q2":"3","P2":"3"},"J9":{"GM":"6","8Q":"3","FJ":"3","8G":"3","FH":"3","CG":"3","CH":"3"},"R2":{"PF":"3"},"39":{"2X":"3","RW":"3","WX":"3","MQ":"3","HJ":"3","HQ":"3","9G":"3","GP":"3","RX":"3","PR":"3","MP":"3","JQ":"3","QV":"3","3W":"3","2J":"3","6G":"3","3H":"3","2H":"3","PV":"3","GH":"3","8Q":"3","GM":"3","XX":"3","MR":"3","GR":"3","QR":"3","3J":"3","GJ":"3","JP":"3","VX":"3","VW":"3","QX":"3"},"3G":{"JW":"3","JX":"3","HX":"3"},"W3":{"V6":"3","73":"3"},"3V":{"7M":"3","HW":"3","52":"3","57":"3","86":"6","X4":"3","75":"6|3","67":"3","9W":"3","78":"3","8X":"3","9J":"3","54":"3","R5":"3","GX":"3","66":"3","87":"3","64":"3","HX":"3","77":"3","74":"3","7V":"3","8W":"3","6V":"3"},"J7":{"QC":"3"},"2Q":{"GM":"3","WJ":"3","GJ":"6","FJ":"6|3","59":"3","XJ":"3"},"2H":{"JR":"3","5M":"6","HR":"3"},"5F":{"PG":"3","CJ":"3","JH":"3","GJ":"3","GH":"3","W7":"3","HG":"3","MP":"3","MG":"3","QG":"3","2R":"3"},"V3":{"HG":"3","J4":"3","F5":"3"},"6X":{"43":"3","W6":"3","J6":"3"},"59":{"X9":"3","MH":"3","XF":"3","XC":"3","VG":"3"},"28":{"6X":"3"},"2X":{"4F":"3"},"5Q":{"HM":"3","JG":"3","9X":"3","HJ":"3","HH":"3","CX":"3","JJ":"3","GH":"3","JH":"3","HG":"3","GJ":"3","GG":"3"},"2R":{"2X":"3","5J":"3","P5":"3","8J":"3","4M":"3","Q2":"3","8M":"3","Q5":"3","3J":"3","5W":"3","P6":"3"},"R3":{"9C":"3"},"M5":{"67":"3","76":"3","77":"3","RJ":"3","46":"3","QJ":"3","33":"3","66":"3"},"8X":{"FG":"3","64":"3"},"4W":{"XM":"3"},"2V":{"M4":"3","X6":"3","5C":"3","48":"3","X7":"3","4C":"3","P2":"3"},"V2":{"QR":"3","WP":"3","22":"3","V4":"3"},"2G":{"Q6":"6","V2":"3","HW":"3"},"2F":{"75":"3","R9":"3","VC":"6","WF":"6","QC":"3","C5":"3","X9":"3","J4":"3","CV":"3","22":"3","WQ":"3","C8":"3","X5":"3","GC":"3","F8":"3","6C":"3","W9":"3","P7":"3"},"5G":{"XR":"3","WR":"3","XQ":"3","WQ":"3","FP":"3"},"5H":{"CX":"3"},"XQ":{"9Q":"3"},"8H":{"MJ":"3","PJ":"3"},"9C":{"G4":"3","C2":"3","66":"3","86":"3","74":"3","83":"3"},"6W":{"47":"3","45":"3","27":"3","36":"3","MV":"3","46":"3","PV":"6","MW":"6","37":"3","35":"3","PW":"6","25":"3","26":"3"},"7J":{"86":"3"},"WM":{"XW":"3"},"JR":{"CX":"3"},"Q3":{"RQ":"3"},"3R":{"5X":"3","45":"3","W7":"3","5Q":"6","XW":"3","Q5":"3"},"F8":{"MG":"3","JF":"3","JC":"3","JG":"3","G9":"3","C8":"3","F9":"3","H9":"3","HC":"3","C9":"3","GC":"3","JH":"3","F8":"3","HF":"3","HG":"3","GF":"3","FC":"3"},"3M":{"8W":"3","CG":"3","CH":"3"},"6F":{"M4":"3","35":"3","V7":"3","C2":"3"},"3X":{"W2":"3","V2":"3"},"2W":{"PG":"3","MF":"3","W6":"3","MG":"3"},"MV":{"27":"3","28":"3"},"4P":{"PV":"3","MW":"3","PW":"3","MV":"3"},"4R":{"HG":"3","65":"3","75":"3"},"4V":{"V7":"3","3V":"3","CC":"3"},"XX":{"PV":"3","QW":"3","RX":"3","QV":"3"},"5J":{"45":"3","CX":"3","CW":"3","9M":"3"},"3J":{"5J":"3","X4":"3","X7":"3","W7":"3"},"4J":{"62":"3","39":"3","GJ":"3","79":"3","9H":"3","QW":"3","JJ":"3","G2":"3","94":"3","3Q":"3","83":"3","VG":"3"},"69":{"2G":"3","2F":"3","2C":"3","29":"3"},"2J":{"WX":"3"},"4M":{"9X":"3","JR":"3","QJ":"3"},"5X":{"M7":"3","R6":"3","M8":"3"},"M6":{"8Q":"3"},"RX":{"WG":"3"},"5R":{"C2":"3","92":"3"},"3P":{"W5":"3"},"4C":{"25":"3","27":"3","26":"3"},"M4":{"3X":"3","2W":"3"},"C9":{"87":"3","75":"3","67":"3","86":"3","76":"3","77":"3","85":"3","55":"3","57":"3","66":"3","56":"3"},"2C":{"6C":"3","FJ":"3","FP":"3","C4":"3","C8":"3","88":"3","9P":"3","V3":"3","7F":"3","8G":"3","4H":"3","9Q":"3","XC":"3","F2":"3","RP":"3","GP":"3","GM":"3","8P":"3","G4":"3","Q4":"3","FQ":"3","VJ":"3","9J":"3","VM":"3","JH":"3","7M":"3","57":"3","47":"3","M4":"3","R4":"3","X5":"3","6P":"3","8J":"3","HX":"3","7J":"3","7H":"3","5F":"3","MG":"3","5W":"3","CQ":"3","W6":"3","37":"3","CJ":"3","5J":"3","PQ":"3","V8":"3","M2":"3","6G":"3","J6":"3","4M":"3","3F":"3","8M":"3","7P":"3","75":"3","3C":"3","VF":"3","C3":"3","W7":"3","5M":"3","86":"3","9M":"3","9G":"3","8H":"3","CH":"3","8F":"3","9H":"3","6F":"3","4G":"3","W9":"3","7G":"3","4F":"3","X6":"3","38":"3","FM":"3","4C":"3","Q5":"3","V9":"3","G5":"3","6M":"3","4J":"3","5G":"3","CM":"3","R3":"3","6H":"3","7Q":"3","5H":"3","5C":"3","CP":"3","95":"3","66":"3","8Q":"3","3G":"3","RM":"3","X3":"3","X4":"3","6J":"3"},"7V":{"7V":"3","6R":"3"},"7X":{"QP":"3","66":"3","C4":"3","87":"3","26":"3","97":"3","76":"3","55":"3","QQ":"3","H7":"3","56":"3","47":"3"},"3F":{"79":"6","67":"3","7G":"3","C5":"3","69":"3","77":"3","99":"3","4V":"3","85":"3","78":"3","7Q":"3","2F":"3","68":"3","74":"3","6C":"3","98":"3","7C":"3","C6":"3","2R":"3","56":"3","6Q":"3"},"3C":{"FH":"3","V7":"3","G9":"3","R9":"3","R2":"3","C4":"3","C8":"3","62":"3","88":"3","C5":"3","8W":"3","GF":"3","FW":"3","2J":"3","FF":"3","PG":"3","WC":"3|6","7W":"3","Q4":"3","M8":"3","9J":"6","F8":"3","C9":"3","JH":"6","P8":"3","9V":"3","57":"3","F6":"3","R4":"3","H7":"3","R6":"3","8R":"3","XF":"3","32":"3","H9":"3","MG":"3","JF":"3","F5":"3","83":"3","WF":"3","68":"3","F7":"3","JC":"3","45":"3","25":"3","V8":"3","J2":"3","HJ":"6","G6":"3","GJ":"3","87":"3","HC":"3","J9":"3","F3":"3","99":"3","55":"3","P9":"3","27":"3","JJ":"6|3","75":"3","67":"3","HH":"6|3","C3":"3","53":"3","R8":"3","FC":"3","Q6":"3","5M":"3","86":"3","98":"3","63":"3","H8":"3","J7":"3","R5":"3","9G":"3","97":"6","MF":"3","CC":"3","9H":"6","F4":"3","9C":"3","22":"3","HF":"3","RF":"3","VC":"3","39":"3","W9":"6|3","HM":"3","W3":"3","C2":"3","C7":"3|6","Q7":"3","X6":"3","65":"3","W2":"6|3","Q5":"3","V9":"3","GC":"3","64":"3","RG":"3","CF":"3","96":"3","C6":"3","J8":"3","78":"3","CX":"3","R3":"3","F9":"3","PC":"3|6","RC":"3","FG":"3","95":"3","8X":"3","X2":"3","PF":"3","V2":"6","66":"3","X7":"3","M6":"3","JG":"3","G7":"3"},"JW":{"84":"3","83":"3"},"5W":{"JW":"3","GG":"3","X6":"3","2X":"3","X7":"3","2M":"3"},"Q4":{"9P":"3"},"JV":{"7R":"3","WC":"3","8W":"3","X8":"3"},"4F":{"JW":"6","WR":"3","VV":"3","VR":"3","6W":"3","VW":"3"},"6V":{"7M":"3"},"3W":{"MJ":"3","H2":"3","52":"3","PV":"3","GF":"3","JG":"3"},"HX":{"83":"3"},"GP":{"WJ":"3","MH":"3","MM":"3","WM":"3","XJ":"3","XM":"3","PH":"3"},"4H":{"6X":"3","PR":"3","5M":"3","67":"3","JM":"3","G2":"3","5H":"3","CW":"3","PQ":"3","57":"3"},"PF":{"MH":"3"},"8W":{"9V":"3","5X":"3","72":"3"},"J4":{"WX":"3","XW":"3"},"W8":{"MW":"3","PX":"3","MX":"3"},"R5":{"37":"3"},"MR":{"GX":"3"}},"RV":{"XV":{"CW":"3"},"VX":{"9F":"3","R5":"3"},"XW":{"WX":"3","Q4":"3","RW":"3","QW":"3","Q3":"3","QX":"3","VW":"3","P3":"3"}},"WX":{"M4":{"J9":"3"},"F2":{"Q5":"3"},"G3":{"MJ":"3","CM":"3","GM":"3","C4":"3","MH":"3","6C":"3"},"C4":{"XG":"3","XF":"3"},"J2":{"F9":"3"},"C5":{"RJ":"3"},"J4":{"C4":"3","F7":"3","C7":"3"},"F4":{"R8":"3","3C":"3","P7":"3"},"MV":{"FM":"3"},"GQ":{"MH":"3","GC":"3","FC":"3"},"F5":{"57":"3","47":"3"}},"RX":{"G9":{"3M":"3","H6":"3","V8":"3","95":"3"},"33":{"7M":"3","R7":"3"},"48":{"PH":"3"},"R2":{"83":"3"},"C4":{"JQ":"3"},"88":{"86":"3"},"3V":{"M4":"3","C9":"3","MH":"3","GC":"3","MF":"3","MG":"3"},"V3":{"R8":"3"},"9P":{"V7":"3","MH":"3","PJ":"3","JF":"3","MG":"3"},"7V":{"JG":"3","2R":"3"},"8G":{"R8":"3"},"GF":{"48":"3"},"GP":{"Q5":"3","P2":"3"},"4X":{"JP":"3"},"5P":{"5X":"3","6X":"3"},"3R":{"4J":"3","2Q":"3","2H":"3","2C":"3","3J":"3"},"P7":{"2V":"3"},"Q4":{"RJ":"3"},"35":{"J5":"3","V4":"3"},"JR":{"7M":"3"},"MH":{"MJ":"3"},"73":{"GW":"3","GV":"3","CX":"3","FW":"3","HV":"3"},"M4":{"M3":"3","M4":"3","P2":"3","5F":"3","P3":"3","6C":"3","P4":"3","5C":"3","6F":"3"},"R4":{"6M":"3"},"79":{"PW":"3","CQ":"3"},"6P":{"X9":"3","XC":"3"},"H7":{"G7":"3"},"8J":{"VJ":"3"},"Q8":{"C4":"3","94":"3","C5":"3","C3":"3"},"8R":{"M4":"3","P4":"3","P3":"3"},"2Q":{"C2":"3"},"H9":{"43":"3","27":"3"},"74":{"C2":"3","7H":"3","87":"3","93":"3"},"83":{"39":"3"},"68":{"7H":"3"},"F7":{"WJ":"3","XF":"3"},"5X":{"XQ":"3","QJ":"3","XX":"3"},"W6":{"G7":"3","V4":"3","J6":"3"},"5Q":{"62":"3","JQ":"3","52":"3","HP":"3","53":"3"},"G8":{"69":"3","C9":"3","8X":"3","9C":"3","46":"3"},"J2":{"MJ":"3","MM":"3","JM":"3","JJ":"3"},"93":{"44":"3","GW":"3","34":"3"},"8C":{"67":"3"},"6G":{"GC":"3"},"87":{"Q8":"3","M8":"3","J8":"3","H7":"3","J7":"3","J6":"3","H8":"3","M7":"3","P8":"3","M6":"3","Q7":"3","P7":"3","H6":"3"},"J6":{"P4":"3"},"27":{"7W":"3"},"6V":{"2Q":"3","3R":"3","3W":"3"},"JJ":{"QG":"3"},"75":{"G2":"3"},"43":{"7F":"3","G6":"3","7H":"3","79":"3","9G":"3","83":"3","2R":"3"},"W4":{"G2":"3"},"FC":{"24":"3"},"H8":{"H8":"3","G4":"3","6X":"3"},"J7":{"JW":"3","QV":"3","MV":"3","JX":"3","PX":"3","PV":"3","MW":"3","PW":"3","MX":"3","QW":"3","QX":"3"},"R5":{"47":"3"},"9G":{"V5":"3"},"34":{"87":"3","R9":"3","W6":"3","Q9":"3","MG":"3","QC":"3","Q6":"3","MF":"3","76":"3","PF":"3","F9":"3","7H":"3","99":"3","R8":"3","QJ":"3","PV":"3","JH":"3","PC":"3","Q5":"3","R6":"3","V8":"3","PH":"3","P9":"3","GG":"3"},"92":{"67":"3","H3":"3","3R":"3","GW":"3","55":"3","P3":"3","53":"3","73":"3","66":"3"},"42":{"RQ":"3","WR":"3","RP":"3","QP":"3","VR":"3","VP":"3","WQ":"3","QW":"3","QQ":"3","C3":"3","VQ":"3"},"CC":{"WQ":"3"},"6F":{"H4":"3"},"94":{"45":"3","M2":"3"},"P4":{"8Q":"6|3","VX":"3","HW":"3","6Q":"3","5Q":"3","JV":"3","7Q":"3"},"9C":{"CP":"3"},"W5":{"R3":"3"},"J5":{"7R":"3","8R":"3","7V":"3","8V":"3"},"2H":{"C9":"3"},"HM":{"G7":"3"},"W3":{"6P":"3","JR":"3","PR":"3","6Q":"3","MR":"3","W9":"3","JV":"3"},"72":{"8C":"3","PV":"3","99":"3"},"6X":{"X3":"3","CW":"3","FW":"3"},"65":{"74":"3"},"5V":{"XH":"3","RR":"3","VP":"3","WP":"3","RH":"3","VH":"3","QJ":"3"},"7X":{"JM":"3"},"3W":{"FP":"3"},"V9":{"4C":"3"},"G5":{"VM":"3","HR":"3"},"J4":{"XJ":"3"},"5R":{"J2":"3","F4":"3"},"6M":{"8J":"3"},"76":{"RP":"3"},"CF":{"92":"3"},"96":{"CF":"3","CH":"3"},"C6":{"V5":"3"},"J8":{"Q2":"3","M7":"3","M2":"3","M8":"3","P2":"3"},"9F":{"58":"3","83":"6"},"78":{"P2":"3"},"CX":{"Q9":"3","JM":"3"},"F9":{"74":"3"},"95":{"7V":"3"},"X2":{"RG":"3"},"MJ":{"54":"3","3F":"3","49":"3","96":"3","85":"3","4C":"3","94":"3","95":"3"},"JM":{"CF":"3","H6":"3","99":"3","F7":"3","H7":"3"},"G7":{"3W":"3"},"X3":{"38":"3"},"X4":{"CJ":"3"},"84":{"37":"3","MG":"3"}},"VV":{"7W":{"75":"3"},"2X":{"24":"3","23":"3"},"2W":{"3W":"3","2R":"3"},"2V":{"JP":"3","PV":"3"},"7X":{"VF":"3","RF":"3","WJ":"3"},"5V":{"WX":"3","QP":"3","66":"3","RV":"3","RR":"3","VX":"3","VW":"3","82":"3","QM":"3","65":"3","HV":"3"}},"XX":{"2C":{"XR":"3"}},"XW":{"7R":{"MV":"3"},"C5":{"MJ":"3"}},"WW":{"7G":{"Q3":"3","R3":"3"},"C8":{"GM":"3","RV":"3","FM":"3","QX":"3"},"HJ":{"WP":"3"},"8P":{"H3":"3"},"6J":{"FF":"3","9F":"3"},"9P":{"VG":"3","RP":"3","PP":"3","MM":"3","RM":"3","MP":"3","RH":"3","PM":"3","VH":"3","RG":"3"},"27":{"5M":"3"},"5J":{"8F":"3"},"4W":{"R7":"3"},"3M":{"X2":"3"},"V9":{"25":"3"},"PH":{"49":"3","4C":"3"},"66":{"WH":"3"},"8F":{"RF":"3"},"X7":{"59":"3","68":"3","57":"3","77":"3"},"RC":{"J2":"3"},"5R":{"F3":"3"},"R9":{"JX":"3","MX":"3"},"7P":{"XV":"3"},"6V":{"8V":"3"},"2W":{"W4":"6"},"5Q":{"QP":"3","CV":"3","GR":"3","QQ":"3","CW":"3","RM":"3","QM":"3","RJ":"3"},"C6":{"H6":"3","WM":"3"}},"XV":{"9C":{"HP":"3"},"4H":{"WG":"3"},"5J":{"V2":"3"},"Q7":{"XG":"3"},"6G":{"QJ":"3"},"WW":{"25":"3"},"CX":{"QR":"3","WR":"3","VR":"3","PR":"3"},"QQ":{"RV":"3"},"5H":{"C9":"3","RX":"3","F7":"3","C7":"3"},"CC":{"Q6":"3"},"F9":{"FW":"3"},"RQ":{"HH":"3","MX":"3","PP":"3"},"VW":{"7J":"3"},"QM":{"WX":"3"},"8F":{"V7":"3","P8":"3","7H":"3","GC":"3","3P":"3"},"WJ":{"HW":"3"},"QW":{"VM":"3","MJ":"3","RM":"3","QM":"3","XM":"3","VP":"3","RJ":"3","WM":"3","PJ":"3"},"RW":{"FM":"3"},"HV":{"GM":"3"},"MV":{"WV":"3"},"M7":{"MJ":"3","PG":"3","JJ":"3","JF":"3","MG":"3"}},"QW":{"X9":{"JR":"3","62":"3","G7":"3","G3":"3","VJ":"3","V3":"3","H7":"3","Q2":"3","J7":"3","J6":"3","36":"3|6","95":"3","G6":"3","RH":"3","H8":"3","M7":"3","46":"3","94":"3","55":"3","M6":"3","WR":"3","GM":"3","PH":"3","42":"3","26":"6|3","56":"3","JM":"3"},"WC":{"R9":"3","7F":"3","7J":"3","3Q":"3","PP":"3","F2":"3","7G":"3","5G":"3","4M":"3","FM":"3","F5":"3","77":"3","CJ":"3","3G":"3","C4":"3","CM":"3","2H":"3","Q7":"3","FJ":"3","4P":"3","4J":"3","FH":"3","HG":"3","4Q":"3"},"V8":{"8R":"3","8P":"3","39":"3","8Q":"3","6H":"3","9P":"3","CR":"3","9R":"3","9Q":"3","CQ":"3","GX":"3","5G":"3"},"RV":{"R9":"3","VC":"3","Q9":"3","J2":"3","RM":"3","M4":"3","J6":"3","VP":"3","RJ":"3","P7":"3","M5":"3","RG":"3","RC":"3"},"XR":{"RH":"3","2M":"3"},"QF":{"Q6":"3","V5":"3","R4":"3","M7":"3","V4":"3","W4":"3","CC":"3"},"QV":{"72":"3"},"QC":{"R4":"3","QV":"3","XW":"3","V4":"3","RG":"3"},"JF":{"WR":"3","VV":"3","WJ":"3","XP":"3","WQ":"3","WP":"3","XM":"3","RG":"3","RC":"3"},"RX":{"4P":"3"},"MF":{"5F":"3","45":"3","P6":"3"},"JV":{"GV":"3","JV":"3","HV":"3"},"VF":{"F2":"6","J5":"3","Q6":"3","VC":"3","Q8":"3","R9":"3","G2":"6","WG":"3","W9":"6","WF":"3","P7":"3","RC":"3"},"XV":{"PX":"3","QX":"3","XM":"3","64":"3"},"XP":{"PG":"3"},"WF":{"3F":"3","5C":"3","H5":"3","4G":"3","98":"3","7C":"3","4H":"3","2F":"3","99":"3","88":"3","2C":"3","9C":"3","6F":"3","6C":"3","89":"3","3C":"3","65":"3"},"XC":{"G3":"3","M3":"3","6P":"3","PR":"3","XM":"3","MV":"3","99":"3","4V":"3","4C":"3","CQ":"3","X4":"3","2W":"3","58":"3"},"XJ":{"QW":"3"},"WX":{"V4":"3"},"WH":{"G6":"3","HC":"3","PX":"3"},"PR":{"5F":"3","3C":"3"},"MW":{"3R":"3","3G":"3","4V":"3","3J":"3","2J":"3","6J":"3","2G":"3","4G":"3","3Q":"3","5J":"3","4H":"3","4M":"3","6P":"3","6R":"3","3M":"3","6H":"3","2R":"3","5H":"3","4F":"3","4R":"3","6M":"3","3P":"3","5P":"3","2M":"3","5W":"3","2Q":"3","3H":"3","5M":"3","3C":"3","4J":"3","5V":"3","6Q":"3","5R":"3","6V":"3","2F":"3","4C":"3","4Q":"3","5Q":"3","2P":"3","4P":"3","2H":"3","3F":"3"},"WW":{"28":"3"},"XM":{"2R":"3"},"V9":{"8R":"3","XH":"3","PX":"3","6R":"3","XJ":"3","W9":"3","VH":"3","QJ":"3"},"WV":{"V2":"3","V5":"3","FR":"3","QF":"3","MP":"3","PF":"3","C8":"6","GQ":"3","94":"3","4C":"3","74":"3","FQ":"3"},"MR":{"5J":"3","X9":"3","26":"3"},"JR":{"WX":"3","JC":"3"},"W8":{"VG":"3","QH":"3","PP":"3","RX":"3","PR":"3","QM":"3","RH":"3","PM":"3","PV":"3","QJ":"3","PQ":"3","XX":"3","XW":"3","PW":"3","RG":"3","QW":"3","VW":"3","QX":"3"},"W9":{"WJ":"3","X6":"3","V2":"3","W2":"3","R2":"3","H9":"3","H8":"3","C4":"3","2J":"3","3H":"3","2H":"3","QJ":"3","74":"3","FQ":"3","35":"3","WM":"3","M9":"3","FX":"3","PW":"3","P9":"3","9V":"3","X2":"3","QW":"3","QX":"3"},"VW":{"2H":"3","34":"3","W9":"3","46":"3"},"XF":{"F2":"3","V7":"6","X3":"3","W3":"3"},"VC":{"7M":"3","HW":"3","7G":"3","8P":"3","GQ":"3","RX":"3","2G":"3","8M":"3","PQ":"3","5C":"3","5J":"3","CX":"3","RP":"3","FX":"3","VH":"3","9M":"3","GX":"3","XH":"3","HX":"3","Q5":"3","WJ":"3","FW":"3","MQ":"3","MM":"3","7P":"3","JW":"3","PP":"3","2H":"3"},"MC":{"M9":"3","PX":"3","HX":"3"},"XW":{"9M":"3"},"WJ":{"RV":"3"},"RF":{"23":"3","32":"3"},"XX":{"M8":"3"},"QR":{"CV":"3","9W":"3","CW":"3","GQ":"3"},"RC":{"3V":"3","5G":"3","4M":"3","3X":"3","3M":"3","VP":"3","3W":"3","5M":"3","5H":"3","4J":"3","56":"3","4H":"3"},"RR":{"FX":"3"},"PC":{"6X":"3","7X":"3"},"MX":{"G8":"3","4X":"3","5X":"3","PR":"3","5W":"3","HM":"3","5V":"3","4W":"3"},"WR":{"JR":"3","FW":"3","GV":"3","MG":"3","CW":"3","FM":"3","MP":"3","MV":"3","F8":"3","FQ":"3","9F":"3","5V":"3","FJ":"3","XG":"3"},"VR":{"JH":"3","PR":"3","FM":"3","FP":"3","XF":"3","GP":"3"},"R9":{"3F":"3","3G":"3","2G":"3"},"JW":{"XH":"3","VC":"3","XG":"3","XF":"3","W6":"3","WG":"3","WH":"3","W3":"3"},"VV":{"HJ":"3","J7":"3","JM":"3","JJ":"3","J8":"3","HM":"3"},"X8":{"3X":"3","5R":"3","4R":"3","2W":"3","7X":"3","3W":"3","65":"3","F6":"3","75":"3"},"PF":{"H8":"3","W2":"3","V6":"3","M7":"3","38":"3","Q5":"3","W3":"3"}},"VX":{"C2":{"36":"3","35":"3","45":"3","46":"3","56":"3"},"V7":{"6X":"3"},"HW":{"PF":"3"},"63":{"V9":"3","Q2":"3","4R":"3","9G":"3"},"PR":{"WQ":"3"},"RQ":{"6V":"3"},"83":{"77":"3"},"W2":{"RF":"3"},"Q2":{"47":"3"},"22":{"8F":"3","7G":"3","8G":"3","7V":"3","PX":"3","MX":"3","8H":"3"},"82":{"F6":"3"},"92":{"5X":"3"},"MP":{"7W":"3","FX":"3","9X":"3","9W":"3","CR":"3"},"J3":{"G6":"3","G7":"3","WM":"3","PC":"3","G5":"3","J3":"3"},"F5":{"QG":"3"},"RW":{"4X":"3"},"G7":{"8C":"3","69":"3","79":"3","HG":"3","6C":"3","68":"3"},"R2":{"PQ":"3","PP":"3"},"3G":{"G4":"3"},"W3":{"CM":"3","HH":"3","CP":"3","C2":"3","C4":"3","CJ":"3","FJ":"3","93":"3","CX":"3","X2":"3","94":"3","84":"3","C3":"3","83":"3","CQ":"3"},"V3":{"H5":"3","Q9":"3","HC":"3","R9":"3","P9":"3","W8":"3","RC":"3"},"PV":{"MG":"3"},"V4":{"M4":"3"},"M5":{"2C":"3"},"33":{"R8":"3"},"FW":{"RR":"3"},"V2":{"73":"3"},"53":{"Q5":"3"},"G6":{"JC":"3","4W":"3"},"32":{"39":"3"},"H5":{"5P":"3","4P":"3"},"9C":{"48":"3","25":"3"},"JR":{"2W":"3"},"23":{"R4":"3","24":"3","3C":"3","J3":"3","P2":"3","P3":"3"},"Q3":{"MQ":"3"},"H7":{"43":"3"},"FG":{"4V":"3"},"F8":{"3G":"3","3J":"3","2J":"3","4G":"3","4H":"3","5J":"3","4M":"3","G9":"3","G8":"3","3M":"3","5H":"3","4F":"3","H8":"3","2M":"3","H9":"3","3H":"3","4J":"3","P7":"3","5F":"3","5G":"3","2H":"3"},"72":{"6P":"3","3P":"3"},"4P":{"8Q":"3","3R":"3"},"4V":{"PQ":"3"},"G9":{"FH":"3"},"F7":{"6P":"3","5J":"3","5M":"3","6Q":"3","7P":"3","7Q":"3"},"FX":{"M3":"3","J4":"3","M4":"3","M2":"3","M6":"3","J3":"3","P4":"3","M5":"3"},"P4":{"FJ":"3"},"M6":{"3G":"3"},"RX":{"GG":"3","HF":"3","CJ":"3","FF":"3","GF":"3","FH":"3","CH":"3"},"7H":{"37":"3"},"2C":{"V9":"3","WJ":"3","QH":"3","M6":"3","PC":"3","WG":"3","V8":"3","VH":"3","VG":"3","X8":"3","VJ":"3","XM":"3"},"C9":{"X6":"3","QH":"3"},"MQ":{"C4":"3","F4":"3","C3":"3"},"3C":{"2H":"3","28":"3"},"JV":{"5P":"3"},"4F":{"Q2":"3"},"87":{"J4":"3"},"M2":{"7F":"3","5J":"3","5G":"3","J9":"3","69":"3","4F":"3","5H":"3","6C":"3","7C":"3","3J":"3","4J":"3","6F":"3"},"C7":{"VG":"3"},"GC":{"G7":"3"},"R5":{"RP":"3"}},"VW":{"HW":{"6R":"3","6V":"3"},"C8":{"63":"3"},"V8":{"85":"3","84":"3","W4":"3"},"RV":{"3Q":"3","3P":"3","7X":"3","CV":"3","FR":"3","FV":"3","FQ":"3","4P":"3","CR":"3","9V":"3"},"XR":{"2F":"3"},"97":{"QW":"3","PX":"3","RX":"3"},"PX":{"V8":"3","P9":"3"},"JF":{"44":"3"},"33":{"4W":"3"},"GR":{"2X":"3"},"86":{"5P":"3","5M":"3","4P":"3","4M":"3"},"PW":{"MH":"3"},"M9":{"PW":"3","M2":"3"},"62":{"V2":"3","QG":"3"},"GV":{"22":"3"},"PQ":{"49":"3","73":"3"},"63":{"75":"3"},"QX":{"CV":"3","CX":"3","CW":"3"},"G8":{"8P":"3"},"CX":{"QP":"3","PH":"3"},"6M":{"GF":"3"},"CF":{"QH":"3"},"65":{"78":"3","92":"3","M2":"3"},"M8":{"QQ":"3","PQ":"3"},"XQ":{"XH":"3"},"PG":{"5P":"3"},"VM":{"HW":"3"},"JX":{"3P":"3"},"W8":{"62":"3","48":"3","66":"3","76":"3","67":"3","53":"3","77":"3"},"W9":{"78":"3","84":"3"},"VW":{"5X":"3"},"98":{"7R":"3","P2":"3"},"GG":{"FP":"3"},"RW":{"72":"3"},"MQ":{"PJ":"3","WM":"3"},"9X":{"QC":"3","J4":"3","M4":"3","92":"3","J5":"3","VH":"3","C2":"3","H6":"3","H5":"3"},"24":{"M7":"3"},"GH":{"MQ":"3","PQ":"3"},"JW":{"PR":"3"},"VX":{"7C":"3"},"55":{"PV":"3"},"8V":{"7M":"3"}},"QX":{"M3":{"64":"3"},"CQ":{"99":"3","46":"3"},"H8":{"M3":"3","R8":"3","M2":"3","P2":"3","P3":"3"},"Q6":{"F2":"3","F4":"3"},"JC":{"RW":"3","QW":"3"},"H9":{"HJ":"3","V6":"3","93":"3","F4":"3","F3":"3"},"Q5":{"W2":"3","V2":"3"},"X2":{"25":"3","26":"3"},"W2":{"X6":"3"},"Q2":{"WJ":"3"},"R6":{"5H":"3"},"QC":{"CV":"3","FP":"3","FR":"3","FV":"3","GQ":"3","CH":"3","FQ":"3","GR":"3","CR":"3"},"VQ":{"WW":"3"},"R2":{"Q4":"3","VW":"3"},"MM":{"9V":"3"},"W3":{"JC":"3"},"J7":{"48":"3","9F":"3","3C":"3"},"W7":{"2G":"3"},"X4":{"W5":"3"},"X7":{"G7":"3","F7":"3","6P":"3","4M":"3","7R":"3","4R":"3","5P":"3","6R":"3","5M":"3","7Q":"3","F8":"3","7P":"3","5R":"3","4P":"3","5Q":"3","4Q":"3","6Q":"3"},"RG":{"XV":"3"},"VV":{"C2":"3","92":"3"},"J6":{"8Q":"3","FF":"3"},"R3":{"5V":"3"},"V2":{"CF":"3"},"H5":{"HQ":"3","MF":"3","JJ":"3","PC":"3"},"XW":{"2J":"3","J3":"3","77":"3"},"9C":{"V2":"3","X7":"3","W7":"3","W6":"3"},"Q3":{"JW":"3","PH":"3"},"H7":{"VQ":"3","PP":"3","Q6":"3","RM":"3","Q4":"3","W2":"3","PM":"3","PX":"3","Q7":"3","PV":"3","PQ":"3","Q5":"3","RF":"3","PW":"3","MX":"3","R5":"3"},"FC":{"66":"3","58":"3","27":"3","67":"3","4C":"3"},"C8":{"9X":"3","6X":"3","8X":"3","9W":"3"},"H6":{"FJ":"3","HP":"3","CG":"3","JM":"3","JV":"3","PW":"3","JP":"3","PR":"3","MW":"3","JJ":"3","9F":"3","HM":"3","9G":"3","8F":"3","HR":"3","RR":"3","PC":"3","HV":"3","MV":"3","MM":"3","JW":"3","RM":"3","GM":"3"},"XJ":{"2F":"3","8V":"3"},"98":{"92":"3"},"XX":{"PW":"3","QW":"3"},"99":{"RV":"3","V2":"3","VW":"3","P5":"3","P3":"3"},"HG":{"MJ":"3","VH":"3"},"VR":{"9W":"3"},"WJ":{"V3":"3","GW":"3","J5":"3","X4":"3","W6":"3","W3":"3"},"F9":{"3F":"3","3G":"3","2F":"3","3H":"3"},"XH":{"85":"3","84":"3"},"5X":{"CM":"3","9X":"3","8X":"3"},"HF":{"85":"3","74":"3","64":"3"},"HJ":{"69":"3","CM":"3","CP":"3","CV":"3","9P":"3","CW":"3"},"C9":{"XF":"3","62":"3","M3":"3","X9":"3","Q4":"3","XC":"3","R6":"3","P4":"3","V8":"3","R5":"3","W7":"3"},"HH":{"57":"3","32":"3"},"M8":{"CJ":"3"},"5W":{"QR":"3","PV":"3","PR":"3","QV":"3"},"Q4":{"99":"3"},"XV":{"3W":"3"},"VW":{"27":"3","26":"3"},"XP":{"M3":"3","PG":"3","Q8":"3","P6":"3"},"CH":{"5C":"3"},"CC":{"CV":"3","X7":"3"},"HC":{"F7":"3","F4":"3"},"M2":{"8J":"3","45":"3","55":"3","46":"3","47":"3","4M":"3","5G":"3"},"GV":{"GX":"3"},"GW":{"G2":"3"},"J4":{"VC":"3","PM":"3","3H":"3"}}}}