{"4G":{"Q6":{"RM":{"H4":"3","H3":"3","J4":"3","J3":"3"},"VR":{"4M":"3"},"XQ":{"F9":"3","CC":"3"},"VV":{"VP":"3"},"RJ":{"QP":"3"},"VH":{"C8":"3"},"RR":{"WJ":"3","HJ":"3","MH":"3","HM":"3","2J":"3"},"X4":{"4C":"3"},"XW":{"7H":"3","9J":"3","4G":"3","7J":"3","89":"3"},"WW":{"97":"3","93":"3","WC":"3","QF":"3","WF":"3","F3":"3"},"QR":{"QP":"3"},"X2":{"C4":"3","94":"3","84":"3","82":"3","83":"3"}},"R4":{"29":{"PF":"3","QM":"3"},"4X":{"8R":"3","5P":"3","6W":"3","68":"3","5V":"3"},"2P":{"68":"3","2R":"3"},"G2":{"3C":"3"},"C5":{"8R":"3","5P":"3","7V":"3","9W":"3","8V":"3"},"83":{"VP":"3"},"J2":{"XW":"3"},"Q2":{"HH":"3","JP":"3","GJ":"3","MH":"3","GH":"3","JF":"3"},"J5":{"JG":"3"},"92":{"RX":"3","MX":"3"},"J3":{"G4":"3","P8":"3","R3":"3","G2":"3","95":"3"},"P2":{"RW":"3"},"5M":{"P3":"3"},"VM":{"CJ":"3"},"G7":{"R3":"3","G2":"3"},"J9":{"44":"3"},"GG":{"6Q":"3"},"38":{"WW":"3"},"2Q":{"7H":"3","7G":"3"},"6M":{"CQ":"3"},"2H":{"52":"3","3G":"3","4V":"3","6J":"3","4G":"3","36":"3","4H":"3","5J":"3","6P":"3","MW":"3","6H":"3","5H":"3","4F":"3","49":"3","46":"3","39":"3","5M":"3","3C":"3","4J":"3","45":"3","38":"3","6Q":"3","7W":"3","5R":"3","MV":"3","JW":"3","26":"3","4C":"3","4P":"3","5G":"3","3F":"3"},"MG":{"8P":"3","9P":"3"},"59":{"J3":"3"},"2M":{"8G":"3"},"2X":{"98":"3"},"J6":{"57":"3","28":"3","47":"3"},"96":{"V6":"3","WP":"3","VJ":"3"},"2G":{"2Q":"3","49":"3","73":"3","72":"3","82":"3","83":"3"},"94":{"6V":"3"},"2F":{"PF":"3","W5":"3","PX":"3","R6":"3","QF":"3","V5":"3|6","W4":"3"},"G6":{"JW":"3","FQ":"3","8P":"3","8W":"3","CR":"3","6W":"3"},"32":{"RF":"3","8P":"3","7Q":"3"},"42":{"5F":"3","9H":"3","6F":"3"},"77":{"RV":"3","RW":"3"},"JQ":{"PQ":"3"},"H7":{"PF":"3","PC":"3"},"FG":{"HR":"3","HV":"3"},"FC":{"46":"3"},"3R":{"MQ":"3"},"GH":{"P4":"3"},"3X":{"CF":"3","C4":"3","M5":"3"},"72":{"QR":"3"},"4V":{"8J":"3"},"95":{"96":"3","87":"3","98":"3","97":"3","88":"3","86":"3"},"3J":{"8V":"3"},"2J":{"86":"3","27":"3","65":"3","54":"3","6P":"3","64":"3","94":"3","55":"3","85":"3","5M":"3","23":"3","33":"3","25":"3","42":"3","34":"3","24":"3","84":"3"},"47":{"RW":"3"},"F7":{"C2":"3"},"C6":{"4G":"3","62":"3","G3":"3","M8":"3","F3":"3","52":"3","64":"3","83":"3","C4":"3","M7":"3","J5":"3","M6":"3","53":"3","57":"3","PJ":"3","PH":"3","73":"3","84":"3"},"68":{"HR":"3"},"3P":{"GG":"3"},"4C":{"44":"3","39":"3","53":"3"},"M4":{"8G":"3"},"2C":{"QR":"3","FQ":"3","GR":"3","RV":"3","RR":"3","FR":"3","CR":"3","QV":"3","WG":"3","GQ":"3","CQ":"3","FV":"3","XM":"3"},"HH":{"Q4":"3","57":"3","R5":"3"},"3C":{"CV":"3","M6":"3","3W":"3","2M":"3"},"4Q":{"JX":"3"},"7R":{"6C":"3"},"M2":{"CV":"3"},"87":{"92":"3"},"3W":{"CR":"3"},"JH":{"M3":"3","J2":"3","M2":"3"},"F6":{"7M":"3"},"FH":{"RR":"3"},"84":{"VV":"3","RP":"3","R2":"3","RW":"3","MG":"3"},"F2":{"MC":"3"},"86":{"QJ":"3","RG":"3"},"48":{"7V":"3"}},"V7":{"VC":{"65":"3"},"QC":{"5J":"3","3M":"3","P9":"3","FW":"3"},"QF":{"GH":"3","HM":"3","89":"3","65":"3","F6":"3"},"PF":{"Q3":"3"},"7H":{"MP":"3","PM":"3","GP":"3"},"RJ":{"H9":"3","H8":"3"},"7Q":{"52":"3","42":"3","32":"3"},"7P":{"4X":"3","5X":"3"},"PC":{"FC":"3","77":"3"},"J3":{"FM":"3"},"8C":{"9V":"3"},"25":{"9Q":"3"}},"5V":{"4J":{"HQ":"3"},"2P":{"QX":"3","Q5":"3"},"2V":{"W3":"3"},"5Q":{"63":"3"},"2M":{"M6":"3"},"2R":{"9J":"3"},"3H":{"GW":"3"}},"X6":{"4J":{"2H":"3"},"XQ":{"H5":"3","X2":"3","J6":"3"},"XP":{"3R":"3"}},"Q5":{"XF":{"WC":"3","W6":"3","XC":"3","W4":"3"},"W6":{"CH":"3","7G":"3"},"W8":{"8C":"3","99":"3","F4":"3","PM":"3","47":"3"},"X6":{"GG":"3","6P":"3","XH":"3","CR":"3","FG":"3","WG":"3","3J":"3"},"XR":{"MM":"3"},"X9":{"5F":"3","39":"3","4G":"3","JX":"3","6H":"3","HX":"3","XX":"3"},"W2":{"HJ":"3","FM":"3","RJ":"3"},"X3":{"62":"3","59":"3","67":"3","6C":"3","72":"3","82":"3","83":"3","3C":"3"},"XC":{"VQ":"3","J2":"3","QC":"3","QF":"3","VV":"3","PF":"3","VP":"3","RQ":"3","H2":"3","PC":"3","RF":"3","RC":"3"},"W3":{"F3":"3","CW":"3","HQ":"3","F5":"3","95":"3","JQ":"3","MV":"3","H9":"3","M7":"3","94":"3","QJ":"3","P4":"3","C6":"3","C7":"3"},"W4":{"F2":"3"},"V9":{"RP":"3","VV":"3","XH":"3","XP":"3","XG":"3"},"XW":{"H4":"3","J2":"3","H3":"3","J3":"3"},"W9":{"79":"3","W6":"3","QH":"3","XC":"3","G9":"3","RH":"3","RJ":"3","P8":"3","HC":"3","QJ":"3","V9":"3","WC":"3","WH":"3","XG":"3","FC":"3"},"XV":{"HM":"3","GW":"3","J4":"3","HJ":"3","GP":"3","GQ":"3","GR":"3","HP":"3"},"X2":{"8R":"3","68":"3","58":"3","57":"3","7C":"3","86":"3","9V":"3","8M":"3","8G":"3","6R":"3","96":"3","7H":"3","7X":"3","78":"3","6W":"3","5W":"3","2X":"3","8C":"3","9X":"3","8W":"3","7P":"3","7R":"3","2W":"3"},"X7":{"79":"3","7F":"3","8F":"3","7G":"3","8G":"3","89":"3","3X":"3","69":"3","6G":"3","78":"3","4X":"3","68":"3","6C":"3","53":"3","7C":"3","8C":"3","5W":"3","6F":"3"},"W7":{"XC":"3"}},"X2":{"PG":{"GR":"3"},"GF":{"MH":"3"},"RH":{"49":"3"},"FC":{"5G":"3"}},"W2":{"36":{"VJ":"3"},"28":{"9P":"3"}},"WF":{"8F":{"HR":"3"},"HR":{"8C":"3","76":"3","85":"3"},"8G":{"XG":"3","R3":"3","X8":"3","W4":"3"},"JW":{"F3":"3"},"HJ":{"3Q":"3"},"9G":{"2G":"3","GW":"3","9W":"3","HW":"3","4C":"3","WH":"3","57":"3","28":"3","3C":"3","FV":"3"},"GP":{"MJ":"3","MH":"3","PJ":"3"},"69":{"X9":"3"},"CG":{"3G":"3","2M":"3","2J":"3"},"36":{"G8":"3","67":"3"},"MW":{"WG":"3"},"35":{"3X":"3","3W":"3"},"9F":{"RJ":"3"},"58":{"G5":"3","F3":"3"},"25":{"C4":"3","92":"3","WM":"3","C5":"3","F6":"3"},"GJ":{"RH":"3"},"24":{"7W":"3","6P":"3","4Q":"3","8X":"3","8W":"3","7X":"3","6W":"3"},"MX":{"H8":"3","MF":"3","M8":"3"},"VX":{"J8":"3"}},"Q2":{"53":{"X4":"3","W7":"3","X5":"3"},"WC":{"HR":"3","GX":"3","RJ":"3"},"QG":{"PP":"3"},"52":{"F8":"3","G8":"3","MH":"3","92":"3","F7":"3","G7":"3","HG":"3","C5":"3","82":"3","JG":"3","F6":"3","PH":"3"},"XR":{"H6":"3","VH":"3"},"X6":{"VH":"3"},"JF":{"HH":"3"},"WM":{"CP":"3"},"JV":{"43":"3","46":"3","57":"3","32":"3"},"86":{"MJ":"3","JH":"3","WC":"3","W9":"3"},"62":{"3X":"3","2X":"3","2W":"3","3W":"3"},"WF":{"93":"3","R6":"3","F4":"3","R5":"3","F3":"3"},"XC":{"7G":"3","VR":"3","FP":"3","GP":"3","MF":"3","FM":"3","CJ":"3","MV":"3","6G":"3","GQ":"3","PX":"3","GM":"3","XV":"3","MX":"3","GX":"3"},"W7":{"CP":"3"},"63":{"22":"3","32":"3"},"XJ":{"X2":"3"},"WH":{"XH":"3"},"WP":{"62":"3"},"PH":{"2Q":"3"},"XQ":{"R2":"3"},"JG":{"W5":"3"},"F2":{"8Q":"3","5W":"3","8H":"3","9P":"3"},"JR":{"3G":"3","3M":"3"},"MH":{"XQ":"3","XP":"3"},"XH":{"XV":"3","XQ":"3","XW":"3","XX":"3"},"XG":{"RV":"3","RW":"3","6W":"3","QV":"3"},"XF":{"H3":"3","J2":"3","JV":"3","M3":"3","V5":"3","R4":"3","Q4":"3","W5":"3","P2":"3","V4":"3","Q3":"3","P3":"3","W4":"3","J3":"3","Q5":"3","P4":"3","R5":"3"},"HR":{"V5":"3"},"GG":{"C6":"3"},"RF":{"RM":"3"},"QR":{"2H":"3"},"WR":{"C4":"3","94":"3"},"HV":{"F8":"3"},"VV":{"85":"3"},"GC":{"3F":"3","W2":"3","X2":"3","X3":"3","5H":"3","W3":"3"},"X8":{"6G":"3","5G":"3"}},"R6":{"F2":{"3F":"3"},"8C":{"M6":"3","RM":"3","M5":"3","P6":"3","P5":"3","RJ":"3"},"CM":{"C8":"3"},"5C":{"CM":"3","CP":"3","HJ":"3","9P":"3","HM":"3","9M":"3"},"5R":{"HX":"3"},"2X":{"P4":"3"},"8J":{"36":"3"},"5X":{"GG":"3","HF":"3","GF":"3","HG":"3"},"MW":{"3H":"3"},"PR":{"5F":"3"},"97":{"FV":"3"},"M9":{"R6":"3"},"QW":{"9P":"3"},"8H":{"WJ":"3","WM":"3","XJ":"3","JF":"3","P9":"3"},"6W":{"8J":"3"},"7J":{"4J":"3","48":"3","58":"3","67":"3","57":"3","4M":"3"},"22":{"99":"3"},"89":{"MM":"3"},"7P":{"JV":"3"},"C3":{"24":"3"},"5V":{"6P":"3","GM":"3","7Q":"3"},"P9":{"5F":"3"},"X8":{"HM":"3"}},"V5":{"HV":{"CP":"3"}},"R2":{"29":{"5C":"3","8F":"3","4C":"3","XC":"3"},"64":{"47":"3","97":"3","68":"3","58":"3","22":"3","88":"3","7C":"3","86":"3","M9":"3","4G":"3","56":"3","69":"3","7F":"3","G9":"3","67":"3","78":"3","H8":"3","M8":"3","C7":"3","79":"3","49":"3","93":"3","66":"3","87":"3","64":"3","77":"3","8C":"3","92":"3","76":"3","82":"3","6C":"3","42":"3","55":"3","F8":"3","C5":"3","4C":"3","GC":"3","C6":"6|3","89":"3"},"79":{"G2":"3"},"3H":{"6M":"3"},"2P":{"85":"3"},"63":{"8F":"3","4X":"3","2X":"3","9V":"3","8Q":"3","8X":"3","CR":"3","HR":"3","GQ":"3","8V":"3"},"54":{"Q4":"3","HX":"3","V4":"3","Q5":"3","P6":"3","P7":"3"},"52":{"X2":"3"},"3V":{"C7":"3"},"F4":{"PF":"3","74":"3"},"55":{"GG":"3"},"2R":{"5F":"3","7F":"3","8F":"3","GC":"3","9F":"3","8G":"3"},"33":{"4G":"3","3W":"3"},"RV":{"36":"3","37":"3","27":"3","26":"3","34":"3","28":"3"},"53":{"87":"3","C3":"3"},"2F":{"GG":"3"},"5G":{"MC":"3"},"6W":{"M2":"3"},"42":{"V5":"3","V4":"3"},"GH":{"PR":"3","PQ":"3","MP":"3"},"56":{"F2":"3","7F":"3","77":"3"},"4P":{"4G":"3"},"65":{"49":"3"},"HM":{"8C":"3","4F":"3"},"QH":{"9J":"3","9M":"3"},"37":{"MF":"3"},"RX":{"FQ":"3","FP":"3"},"3P":{"WJ":"3","XF":"3","VM":"3","WF":"3","W8":"3","HR":"3","R7":"3","PQ":"3","V9":"3","WC":"3","V8":"3","W9":"3"},"2C":{"49":"3"},"3F":{"33":"3"},"74":{"G8":"3"},"JW":{"CV":"3"},"M2":{"9F":"3","8G":"3"},"3W":{"23":"3"}},"R8":{"H2":{"GJ":"3","GH":"3"},"M3":{"MJ":"3"},"8C":{"W6":"3"},"MH":{"C2":"3","87":"3","7C":"3"},"CX":{"V9":"3","R8":"3","W9":"3","V8":"3"},"GR":{"3H":"3"},"JC":{"66":"3","76":"3"},"79":{"X7":"3","W8":"3"},"Q5":{"W4":"3"},"CP":{"48":"3","58":"3"},"CV":{"5R":"3","2G":"3","4V":"3","5Q":"3"},"6G":{"XH":"3"},"J9":{"HH":"3","FW":"3","FV":"3"},"9V":{"XV":"3","XQ":"3","WP":"3","XW":"3"},"9J":{"9V":"3"},"MG":{"XF":"3","R9":"3","WF":"3","PG":"3","JF":"3","QC":"6|3","MQ":"3","QP":"3","MM":"3","R7":"3","V7":"3","QF":"3","MF":"3|6","MP":"3","JQ":"3","XC":"3","PF":"3","RH":"3","H8":"3","WC":"3","PC":"3","WH":"3","PJ":"3","HF":"3","HG":"3","C6":"3"},"F4":{"MV":"3"},"CJ":{"98":"3"},"PG":{"2H":"3","4H":"3","38":"3","28":"3","3H":"3","3J":"3"},"9P":{"58":"3"},"H5":{"H9":"3"},"F3":{"79":"3"},"8M":{"48":"3","49":"3","8G":"3","CG":"3"},"8G":{"2F":"3"},"7G":{"2V":"3","2R":"3"},"PH":{"53":"3"},"69":{"VR":"3"},"C4":{"X4":"3"},"FR":{"GR":"3","VW":"3","WF":"3","VJ":"3"},"68":{"P3":"3"},"9Q":{"PX":"3","MX":"3"},"JF":{"RQ":"3","VR":"3","RR":"3","VQ":"3"},"9M":{"H8":"3"},"F2":{"WH":"3"},"8J":{"RR":"3"},"VG":{"QG":"3"}},"R9":{"F2":{"7V":"3"},"RM":{"V9":"3","VH":"3","VG":"3"},"G4":{"8M":"3","6H":"3","6G":"3"},"WR":{"MQ":"3"},"XW":{"G8":"6","G7":"6","M8":"3","J2":"3","QC":"3","H7":"3","QF":"3","R3":"6","J7":"3","J9":"3","J6":"3","MC":"3","P8":"3","M2":"3","H2":"3","PC":"3","M9":"3","XG":"3"},"PC":{"7X":"3"},"XV":{"JW":"3","MW":"3","PW":"3","PX":"3","JX":"3","HX":"3","MX":"3","XX":"3"}},"W3":{"3G":{"P6":"3"}},"W7":{"3F":{"WF":"3"},"HF":{"4C":"3"},"3G":{"P4":"3"},"H2":{"7C":"3","JF":"3","MG":"3","3C":"3"},"PR":{"39":"3"},"J2":{"JP":"3","MP":"3"},"9F":{"XV":"3"},"G2":{"34":"3","23":"3"}},"X4":{"24":{"MJ":"3","HH":"3","JH":"3","MH":"3","MM":"3","PJ":"3","HG":"3","PM":"3","MG":"3"}},"X7":{"96":{"36":"3"},"RP":{"PP":"3"},"PP":{"58":"3"},"QP":{"54":"3"},"MM":{"PQ":"3"},"63":{"HM":"3"},"76":{"W2":"3"},"CG":{"2M":"3"},"C8":{"GF":"3"},"PM":{"PX":"3"},"99":{"P5":"3"},"6G":{"QR":"3","QQ":"3"},"MR":{"28":"3"},"9F":{"C2":"3","CX":"3"},"73":{"9Q":"3","GV":"3","JW":"3","FV":"3","HV":"3","9R":"3","HW":"3","CQ":"3","9P":"3","FJ":"3","CR":"3","MX":"3"},"P7":{"MF":"3","QF":"3"},"32":{"4M":"3"},"GX":{"3F":"3","4G":"3","3Q":"3","4M":"3"}},"V3":{"6X":{"GH":"3"},"MX":{"JG":"3"}},"VF":{"X4":{"HF":"3","97":"3","55":"3","86":"3","65":"3"},"V2":{"56":"3"},"W3":{"MM":"3"}},"VC":{"87":{"V9":"3"},"HM":{"3G":"3"},"67":{"Q3":"3"},"65":{"CM":"3","8M":"3","9M":"3"},"54":{"F8":"3","76":"3","F9":"3","H7":"3","RM":"3","C8":"3","57":"3","77":"3"},"89":{"9J":"3"},"M4":{"GV":"3","GQ":"3","8V":"3"},"22":{"X8":"3"},"RX":{"QV":"3"},"PR":{"2J":"3"},"99":{"82":"3"},"M2":{"2Q":"3"},"78":{"VV":"3","RR":"3","G7":"3","QQ":"3","H7":"3"},"MR":{"WJ":"3","XP":"3","WG":"3","WH":"3","RH":"3"},"88":{"2Q":"3","3M":"3"},"53":{"6H":"3"},"33":{"WF":"3"},"32":{"68":"3","58":"3","6J":"3","86":"3","69":"3","5J":"3","96":"3","95":"3","94":"3","6H":"3","67":"3","5H":"3","4F":"3","8H":"3","6M":"3","59":"3","66":"3","8J":"3","5M":"3","77":"3","5F":"3","26":"3","5G":"3","3F":"3"},"66":{"PX":"3"},"43":{"4Q":"3","86":"3","9R":"3"},"9C":{"7H":"3","8G":"3"},"QW":{"56":"3"}},"V4":{"Q8":{"26":"3"},"MJ":{"5M":"3","PP":"3"},"MG":{"92":"3"},"PP":{"MM":"3"},"MM":{"67":"3"},"MF":{"F2":"3","99":"3","CC":"3","9R":"3"},"PF":{"M5":"3"},"RR":{"3V":"3","2V":"3","3R":"3","2R":"3"},"M2":{"J2":"3"},"MH":{"3M":"3","8M":"3","2R":"3"},"JH":{"XM":"3","XX":"3"},"QR":{"XV":"3"},"PH":{"36":"3"},"P7":{"78":"3"},"FH":{"PW":"3"},"P9":{"HP":"3"}},"R3":{"V5":{"CV":"3"},"GP":{"C6":"3"},"8Q":{"R9":"3","QH":"3","PG":"3","MG":"3","JF":"3","JG":"3","QF":"3","MF":"3","PF":"3","RH":"3","MH":"3","PC":"3","QG":"3","PH":"3","RF":"3","RG":"3"},"V8":{"G5":"3"},"FH":{"XR":"3"},"QF":{"46":"3"},"JM":{"RQ":"3","RF":"3","QR":"3","Q7":"3","RR":"3","R9":"3","JV":"3","RC":"3"},"9V":{"HX":"3"},"JP":{"WV":"3"},"4H":{"5V":"3"},"G9":{"M6":"3"},"XJ":{"7P":"3"},"V3":{"6W":"3"},"FM":{"7J":"3","9Q":"3","8J":"3","6P":"3","FR":"3","7M":"3","9R":"3","5P":"3","CQ":"3","8P":"3","6M":"3","9M":"3","CR":"3"},"F5":{"VC":"3"},"7H":{"C5":"3"},"CW":{"Q2":"3"},"JJ":{"PG":"3","PF":"3","JM":"3","QF":"3","MP":"3","PH":"3"},"MJ":{"XH":"3"},"FV":{"VF":"3","V9":"3","VC":"3","WC":"3","R9":"3","QC":"3"},"HQ":{"7J":"3","6Q":"3"},"6F":{"W3":"3"},"GJ":{"GG":"3"},"JH":{"P5":"3"},"HV":{"5M":"3","7Q":"3"},"CP":{"83":"3"},"GF":{"M6":"3","99":"3","M5":"3"},"GH":{"4F":"3"},"J8":{"QG":"3"},"8W":{"54":"3"},"G7":{"37":"3","58":"3","92":"3"},"F4":{"P6":"3"},"G5":{"FC":"3","G9":"3"},"8V":{"HQ":"3"},"84":{"6Q":"3"}},"X8":{"8P":{"XM":"3"},"8G":{"WW":"3"},"QG":{"PG":"3","PJ":"3"},"7Q":{"7M":"3"}},"V2":{"HM":{"74":"3","R5":"3"},"H3":{"V5":"3"},"P5":{"75":"3"},"Q4":{"35":"3","RG":"3"},"Q2":{"9F":"3"},"C3":{"3M":"3"},"R2":{"32":"3","4M":"3"},"H8":{"WM":"3"},"M7":{"V9":"3","WC":"3"},"V4":{"RF":"3","Q9":"3","97":"3","R9":"3","QC":"3","C7":"3","QF":"3","F6":"3","RC":"3"},"Q3":{"5W":"3"},"CH":{"R3":"3"},"F6":{"WQ":"3"},"Q5":{"37":"3","38":"3"},"W9":{"WH":"3"},"P9":{"5J":"3"},"R5":{"V6":"3","R6":"3","F4":"3","Q5":"3"},"JM":{"36":"3","45":"3","26":"3","46":"3"}},"XG":{"7C":{"QX":"3"},"6C":{"PV":"3","QW":"3"},"8F":{"JV":"3"},"QQ":{"6M":"3","VX":"3"},"WV":{"99":"3","77":"3"},"82":{"R9":"3"},"MP":{"9P":"3","7M":"3"},"75":{"66":"3","FF":"3","HP":"3"},"7F":{"QH":"3","PG":"3","C7":"3","VH":"3"},"JP":{"W9":"3"},"38":{"V9":"3","96":"3","W9":"3","JF":"3","V8":"3","W8":"3"},"85":{"4G":"3","4H":"3"},"5C":{"H2":"3","R6":"3","J3":"3"},"VV":{"X4":"3","W3":"3"},"59":{"8V":"3"},"28":{"W2":"3","V2":"3"},"X3":{"W9":"3"},"XW":{"95":"3"},"77":{"V9":"3","VC":"3","9F":"3"},"49":{"VF":"3","G6":"3","Q8":"3","QC":"3","VJ":"3"},"JM":{"9X":"3","4Q":"3"},"GM":{"X3":"3","P2":"3"},"PQ":{"R9":"3","VC":"3","F5":"3","95":"3","85":"3","V9":"3","WC":"3","RC":"3"},"8G":{"M4":"3","P8":"3","J5":"3","WC":"3","M7":"3","M5":"3","J4":"3","G5":"3"},"GJ":{"2H":"3"},"HM":{"67":"3"},"69":{"7V":"3"},"VR":{"JW":"3","GW":"3","HW":"3","FW":"3"},"58":{"RH":"3"},"QR":{"V2":"3"},"88":{"H4":"3","H3":"3","M5":"3","J4":"3","F4":"3","Q5":"3","J3":"3","P5":"3"},"9G":{"JW":"3","GR":"3","GV":"3"},"XV":{"2R":"3"},"CH":{"68":"3"},"87":{"29":"3"},"27":{"25":"3","VX":"3","QW":"3"},"RR":{"65":"3"}},"X3":{"8R":{"GW":"3","WM":"3"}},"Q3":{"WV":{"WX":"3","JP":"3","JR":"3","JQ":"3","MW":"3","PX":"3","RX":"3","QX":"3"},"JR":{"F8":"3"},"W6":{"6M":"3","6X":"3"},"QH":{"WM":"3","WP":"3"},"Q9":{"56":"3"},"W8":{"VF":"3"},"JF":{"M3":"3","M2":"3","P2":"3","P3":"3"},"JV":{"XH":"3"},"WX":{"3R":"3","4V":"3","3Q":"3","4W":"3","3X":"3","4R":"3","6W":"3","5W":"3","2X":"3","5V":"3","7V":"3","3W":"3","3V":"3","5X":"3","4X":"3","7W":"3","6V":"3","P2":"3","4Q":"3","2W":"3","8V":"3"},"JC":{"M8":"3","J9":"3","HH":"3","P8":"3","GH":"3","5H":"3","7C":"3","M9":"3","57":"3","P9":"3","H5":"3","MX":"3","GG":"3"},"XR":{"4X":"3","7H":"3","8H":"3","8G":"3","CQ":"3","PH":"3"},"R7":{"XX":"3"},"WQ":{"H6":"3"},"H8":{"FQ":"3"},"H9":{"PG":"3","PH":"3"},"QJ":{"XP":"3"},"RQ":{"73":"3","74":"3"},"MW":{"XV":"3","67":"3","WG":"3","XW":"3","C3":"3"},"XW":{"95":"3"},"WW":{"VF":"3","XP":"3","PV":"3","PW":"3","PR":"3","PX":"3","WP":"3","PQ":"3"},"PW":{"37":"3","2W":"3","P6":"3"},"XV":{"45":"3","54":"3","36":"3","55":"3","37":"3","35":"3","33":"3","32":"3","42":"3","34":"3","26":"3","43":"3"},"W7":{"66":"3"},"VX":{"XX":"3"}},"X5":{"HH":{"M8":"3"},"6F":{"M9":"3"},"CG":{"C9":"3","99":"3","74":"3","63":"3","64":"3"}},"W4":{"F8":{"6V":"3"},"MJ":{"VX":"3"},"G8":{"FX":"3"},"3Q":{"63":"3"},"GQ":{"V3":"3","R2":"3","R3":"3"}},"X9":{"7M":{"QR":"3","PR":"3","QX":"3"},"HP":{"X4":"3","X3":"3"},"QV":{"9Q":"3"},"RX":{"67":"3"},"57":{"GJ":"3"},"VF":{"2G":"3"},"XP":{"8X":"3"},"3Q":{"9V":"3"},"4M":{"W2":"3"},"H8":{"FC":"3"},"HM":{"RR":"3"},"4J":{"6H":"3"},"2X":{"QR":"3","QV":"3"},"76":{"QC":"3"},"CH":{"5W":"3","6W":"3"},"RF":{"XH":"3","X5":"3"},"6X":{"37":"3","59":"3"},"7P":{"VV":"3"},"7R":{"GG":"3"}},"V9":{"97":{"WC":"3"},"4V":{"92":"3","82":"3"},"5C":{"2M":"3","2J":"3"},"3X":{"3X":"6","8W":"3","3W":"6"},"2R":{"QR":"3","PQ":"3"},"4R":{"9X":"3","8X":"3"},"F9":{"39":"3"},"5P":{"5P":"3"},"M8":{"PF":"3"},"49":{"FR":"3"},"87":{"JQ":"3","QX":"3","HR":"3"},"2X":{"RW":"3","WV":"3","J9":"3","H8":"3","C2":"3","WW":"3","82":"3","XV":"3","VW":"3"},"3V":{"PW":"3"},"5X":{"QQ":"3"},"2V":{"HH":"3","2X":"3","4W":"6","5V":"3"},"G7":{"Q9":"3","R9":"3","RC":"3"},"2W":{"5J":"3","9X":"3","6X":"3","7X":"3","6W":"3","23":"3","5Q":"3","CW":"3","3C":"3"},"C4":{"M3":"3"},"4P":{"WV":"3"}},"R7":{"4G":{"3F":"3"},"29":{"43":"3","33":"3","3G":"3","3J":"3","2J":"3","7C":"3","2G":"3","4G":"3","4H":"3","5C":"3","5J":"3","44":"3","6G":"3","6H":"3","5H":"3","4F":"3","79":"3","49":"3","59":"3","3H":"3","4J":"3","6F":"3","8C":"3","6C":"3","42":"3","5F":"3","2F":"3","4C":"3","32":"3","5G":"3","89":"3","2H":"3","3F":"3"},"GR":{"8C":"3"},"9W":{"R9":"3","RC":"3"},"7C":{"XQ":"3"},"HV":{"HP":"3"},"3H":{"JQ":"3","9H":"3","39":"3","5P":"6","6M":"3","XW":"6","3J":"3","3C":"3","26":"3"},"H9":{"M6":"3","J6":"3"},"8R":{"6M":"3","5J":"3","M3":"3","H2":"3","G3":"3","58":"3","5M":"3","H3":"3","6J":"3","38":"3","5H":"3","J4":"3","C3":"3","F3":"3"},"6C":{"H3":"3","G7":"3","J4":"3","X3":"3","R2":"6","X5":"3","Q3":"3","7C":"3","8C":"3","Q5":"3","XG":"3","R5":"3"},"FM":{"7F":"3","VV":"3","V3":"3","VR":"3","RV":"3","RR":"3","PV":"3","8W":"3","6J":"3","QV":"3","J9":"3"},"CP":{"X5":"3"},"GQ":{"V2":"3","W7":"3","PM":"3","56":"3"},"FJ":{"WG":"3","VH":"3"},"5M":{"G3":"3","82":"3"},"34":{"J5":"3","R2":"3","M6":"3","M5":"3","J6":"3"},"JP":{"XV":"3","JJ":"3","XW":"3"},"3G":{"CW":"3"},"2H":{"CM":"3","RV":"3","QJ":"3","J4":"3","8P":"3","GQ":"3","RX":"3","WM":"3","22":"3","JV":"3","9P":"3","GV":"3","CJ":"3","QX":"3","99":"3","WH":"3","FP":"3","WW":"3","QQ":"3","PJ":"3","MJ":"3","HQ":"3","9J":"3","9M":"3","9F":"3","8J":"3","WV":"3","W8":"3","VW":"3","9G":"3","J5":"3","CR":"3","GJ":"3","8C":"3","RW":"3","QR":"3","PC":"3","6Q":"3","GH":"3","26":"3","VV":"3","VQ":"3","55":"3","X8":"3"},"5F":{"X7":"3"},"28":{"39":"3","2G":"3","F9":"3"},"2M":{"4G":"3","C2":"3","7C":"3","79":"3","6C":"3","54":"3","C5":"3","22":"3","78":"3","93":"3","38":"3","85":"3","62":"3","5C":"3","5F":"3","67":"3","59":"3","55":"3","25":"3","26":"3","94":"3","5G":"3","C3":"3","66":"3","77":"3","49":"3","23":"3","6F":"3","24":"3","95":"3","69":"3","36":"3","47":"3","68":"3","37":"3","4C":"3","76":"3","88":"3","46":"3","4F":"3","86":"3"},"9R":{"W6":"3","38":"3"},"33":{"RX":"3"},"26":{"JC":"3","HF":"3","MC":"3","MF":"3","JF":"3"},"2G":{"WJ":"3","M3":"3","24":"3","CG":"3"},"2F":{"64":"3","79":"3","63":"3","54":"3","57":"3","83":"3","52":"3","78":"3","93":"3","82":"3","34":"3","75":"3","85":"3","J7":"3","62":"3","67":"3","55":"3","96":"3","33":"3","53":"3","94":"3","43":"3","32":"3","66":"3","42":"3","77":"3","H7":"3","C8":"3","35":"3","56":"3","97":"3","45":"3","72":"3","73":"3","98":"3","65":"3","99":"3","95":"3","47":"3","C6":"3","58":"3","89":"3","76":"3","88":"3","74":"3","46":"3","44":"3","87":"3","C7":"3","84":"3","86":"3"},"5G":{"JP":"3","JQ":"3","MQ":"3","PQ":"3","MP":"3","PP":"3"},"5H":{"5F":"3","FP":"3"},"FQ":{"M6":"3","Q3":"3","RX":"3","M7":"3","FG":"3","J6":"3"},"HQ":{"5M":"3","42":"3","F3":"3"},"32":{"VF":"3","RF":"3","58":"3","67":"3","QF":"3","68":"3","57":"3","VG":"3","MG":"3","47":"3","QG":"3","RG":"3"},"CM":{"HC":"3","G9":"3"},"M9":{"56":"3"},"9C":{"9M":"3"},"JQ":{"7R":"3","8R":"3","8W":"3","8V":"3"},"23":{"P2":"3"},"GH":{"FX":"3","FW":"3"},"JM":{"XQ":"3","FX":"3"},"FV":{"24":"3"},"6F":{"5X":"3","2F":"3"},"GM":{"2J":"3","7G":"3"},"G8":{"FH":"3"},"XJ":{"46":"3"},"8Q":{"3W":"3"},"GJ":{"H3":"3"},"HM":{"J5":"3","3Q":"3"},"5J":{"GR":"3","8X":"3","FR":"3","3R":"3","2R":"3"},"3J":{"54":"3","22":"3"},"4J":{"XQ":"3","M3":"3","VP":"3","24":"3","34":"3","QJ":"3","P2":"3","RJ":"3","W8":"3"},"69":{"QP":"3","PX":"3","HX":"3","MX":"3"},"2J":{"P9":"3","CQ":"3","CX":"3","GR":"3","Q6":"3","PC":"6|3","4X":"3","X6":"3","Q5":"3","FM":"3","GQ":"3","7W":"3","C5":"3","W2":"3","J2":"3","Q2":"3","P6":"3","QC":"6|3","CW":"3","CV":"3","92":"3","QG":"3","F5":"3","P8":"3","R2":"3","J7":"3","VP":"3","V3":"3","2X":"3","9R":"3","F4":"3","4W":"3","FW":"3","Q8":"3","FQ":"3","M9":"3","C3":"3","F3":"3","J8":"3","FV":"3","2W":"3","G8":"3","GJ":"3","PH":"3","69":"3","R7":"3","C4":"3","FX":"3","FP":"3","FR":"3","M6":"3","P5":"3","M4":"3|6","MQ":"3","HH":"3","M8":"3","CR":"3","MC":"3","Q4":"3","M7":"3","M2":"3","3W":"3","JH":"3","F6":"3","QF":"3","F2":"3","P7":"3","PF":"3","R5":"3"},"36":{"V9":"3","R2":"3","V2":"3","PC":"3","R9":"3","QC":"3","V8":"3"},"47":{"22":"3"},"F9":{"8V":"3"},"C6":{"HH":"3"},"FP":{"XR":"3"},"FR":{"R2":"3","Q2":"3"},"2C":{"CV":"3"},"3F":{"4X":"3","6R":"3"},"HH":{"48":"3"},"M8":{"VV":"3"},"7R":{"V3":"3","R2":"3","W5":"3"},"Q4":{"PV":"3","QV":"3"},"6J":{"QW":"3"},"HC":{"XR":"3","RV":"3","RW":"3","XW":"3"},"27":{"J5":"3","MQ":"3","8W":"3","PQ":"3","MP":"3","PP":"3"},"HP":{"3X":"3","4X":"3","4V":"3","4Q":"3","3W":"3","4W":"3"},"R5":{"6Q":"3"},"MR":{"QC":"3"}},"W6":{"JR":{"44":"3"},"7W":{"2M":"3"},"3P":{"6P":"3","5M":"3"},"8X":{"88":"3"},"MQ":{"3V":"3"},"9X":{"MQ":"3","HP":"3"},"7M":{"5R":"3"},"4V":{"R4":"3","R6":"3"},"XX":{"4H":"3"},"WC":{"JV":"3"},"7P":{"4Q":"3"},"6M":{"66":"3"},"5V":{"PF":"3"},"PW":{"XR":"3"},"CR":{"XJ":"3"},"GX":{"4X":"3"},"4H":{"M4":"3","F2":"3","M3":"3","VR":"3","Q2":"3","Q3":"3","G2":"3","J3":"3","F3":"3"}},"WC":{"5J":{"V4":"3"},"X6":{"9R":"3"},"CP":{"2W":"3"},"6J":{"96":"3","87":"3","97":"3","86":"3"},"XF":{"FJ":"3","MM":"3"},"CQ":{"4J":"3","5P":"3","3M":"3","57":"3","75":"3"},"HV":{"96":"3","C6":"3"}},"Q7":{"X9":{"HH":"3","PM":"3","V4":"3","P3":"3"},"XG":{"QH":"3","5W":"3","5Q":"3"},"XJ":{"47":"3","45":"3","36":"3","44":"3","46":"3","37":"3","35":"3","33":"3","XW":"3","32":"3","34":"3","43":"3"},"X8":{"XH":"3","WJ":"3","XG":"3","QW":"3"},"XM":{"RQ":"3","W7":"3"}},"WG":{"X6":{"5F":"3","GM":"3","3G":"3","HJ":"3","8M":"3","JM":"3","HM":"3"},"Q2":{"9C":"3","3W":"3"},"W5":{"MJ":"3","7P":"3"},"X7":{"V3":"3"},"X5":{"28":"3"},"W6":{"XH":"3","V6":"3","R6":"3","VG":"3","X8":"3"},"P2":{"66":"3","GC":"3","67":"3","GF":"3","J6":"3","75":"3"}},"V6":{"WJ":{"J4":"3"},"G3":{"F8":"3","G8":"3","QP":"3","G6":"3","F7":"3","G7":"3"},"PG":{"XR":"3","XQ":"3","XM":"3","RH":"3","XJ":"3","WR":"3","XH":"3","P4":"3","QQ":"3","XP":"3"},"QC":{"2F":"3","FP":"3","2C":"3"},"J7":{"JF":"3"},"MF":{"RQ":"3","J8":"3"},"J6":{"CR":"3"},"3M":{"48":"3","37":"3","38":"3","47":"3"},"PF":{"PV":"3","MR":"3","XW":"3","MV":"3","PP":"3","XX":"3"},"VP":{"VR":"3"},"VH":{"GX":"3"},"PC":{"PX":"3"},"M9":{"5M":"3"},"PJ":{"HF":"3","6X":"3","5W":"3","7X":"3"},"QG":{"PP":"3","7G":"3","RX":"3","QM":"3","C8":"3","7V":"3","6H":"3","GM":"3","XG":"3"},"PH":{"24":"3"},"RF":{"GW":"3","CX":"3"},"H4":{"25":"3"},"RG":{"79":"3","7F":"3","62":"3","2P":"3","2V":"3","C2":"3","33":"3","72":"3","42":"3","CC":"3","66":"3"}},"V8":{"VG":{"66":"3","58":"3","67":"3","55":"3","68":"3","57":"3","56":"3","65":"3"},"VC":{"4X":"3","4V":"3","3V":"3","3R":"3","3W":"3","4W":"3"},"8F":{"9J":"3","MQ":"3","8M":"3"},"6J":{"9F":"3","FH":"3","CH":"3"},"CW":{"96":"3","3R":"3","3Q":"3"},"9W":{"XR":"3","XP":"3","W8":"3"},"CX":{"36":"3","35":"3","25":"3","26":"3","24":"3"},"77":{"RW":"3"},"6R":{"4J":"3"},"XW":{"7F":"3"},"FG":{"WH":"3"},"RF":{"2P":"3","3P":"3","73":"3","72":"3","82":"3","83":"3"},"RG":{"VC":"3","RC":"3"},"X7":{"R7":"3","R6":"3"}},"Q4":{"WC":{"WM":"3"},"W4":{"6X":"3","PC":"3","9Q":"3"},"XR":{"7F":"3","8X":"3","FP":"3","J7":"3","P2":"3","FM":"3","G4":"3","GH":"3","GM":"3","FJ":"3","FH":"3","GJ":"3"},"V2":{"X2":"3"},"X6":{"MJ":"3","2P":"3","PJ":"3"},"X5":{"VQ":"3"},"XV":{"FG":"3","72":"3"},"XP":{"XV":"3","XR":"3","WR":"3","WV":"3","WW":"3","XW":"3"},"R2":{"4Q":"3","2V":"3","4P":"3","3R":"3","2M":"3","2R":"3"},"XJ":{"XF":"3"},"WX":{"WR":"3","RX":"3","6G":"3","86":"3"},"X4":{"9V":"3","CV":"3","9R":"3","9Q":"3"},"V3":{"3X":"3","2X":"3"},"WW":{"MW":"3","PR":"3"},"XM":{"XM":"3"},"XQ":{"PX":"3","GF":"3"},"V4":{"G8":"6|3","G7":"3","JC":"3","C8":"3","F9":"3","G9":"6|3","H8":"6","H9":"6|3","HC":"3","GC":"3","F8":"3","98":"3","M5":"3","66":"3","56":"3","C7":"3"},"W2":{"35":"3","33":"3","42":"3","34":"3","23":"3","22":"3","32":"3"},"R5":{"75":"3","83":"3","C3":"3","85":"3","74":"3","C2":"3","84":"3"},"WV":{"RR":"3"},"W8":{"X7":"3"},"XG":{"WX":"3","WW":"3","VX":"3","JM":"3","MP":"3"},"W9":{"WR":"3","XQ":"3","WQ":"3","RM":"3"},"W5":{"62":"3","97":"3","85":"3","FH":"3"},"R3":{"3R":"3"},"XW":{"8C":"3"},"XX":{"3X":"3","HP":"3"},"X7":{"4J":"3"},"R4":{"6V":"3","G8":"3","9Q":"3","P5":"3","CV":"3","HJ":"3","FP":"3","GP":"3","FM":"3","HH":"3","7V":"3","9R":"3","4V":"3","CQ":"3","GH":"3","GM":"3","8M":"3","CR":"3","GJ":"3","9V":"3"},"Q2":{"XV":"3","WV":"3","XJ":"3"},"X8":{"37":"3","27":"3","26":"3"}},"XC":{"VM":{"MJ":"3","JR":"3","PJ":"3","GV":"3","JV":"3","HR":"3","FV":"3","PH":"3","HV":"3"},"X6":{"CQ":"3"},"3X":{"XV":"3"},"22":{"H2":"3"},"MR":{"52":"3"},"74":{"RP":"3","9P":"3"},"25":{"4M":"3"},"9C":{"P7":"3"}},"XF":{"54":{"29":"3"},"H2":{"FG":"3"},"53":{"28":"3"},"FM":{"6P":"3"},"F9":{"XX":"3"},"FC":{"3F":"3","3G":"3","59":"3"}},"W5":{"H4":{"W8":"3"},"2Q":{"P6":"3","P5":"3"},"HW":{"QX":"3"},"47":{"W8":"3"},"32":{"XX":"3"}},"W8":{"HQ":{"RQ":"3","RP":"3"},"4V":{"2J":"3","6G":"6|3","2V":"3","4C":"3","4F":"3","6H":"3","3J":"3"},"4R":{"39":"3"},"3V":{"MH":"3","WQ":"3"},"2W":{"PG":"3"},"3R":{"R9":"3"},"GP":{"62":"3"}},"R5":{"25":{"Q4":"3","V3":"3","V2":"3"},"33":{"H8":"3","33":"3"},"3G":{"37":"3","27":"3","8M":"3","2C":"3"},"22":{"QQ":"3"},"2J":{"MW":"3","MX":"3"},"2G":{"7V":"3","8X":"3","MQ":"3","MR":"3"},"WF":{"CV":"3"},"5J":{"RP":"3"},"75":{"C9":"3"},"FP":{"M4":"3","8G":"3","7G":"3"},"34":{"QP":"3","PV":"3"},"FX":{"38":"3"},"3P":{"6M":"3"},"65":{"R7":"3","F4":"3"},"2M":{"R9":"3"},"J9":{"48":"3"},"3H":{"64":"3"},"39":{"32":"3"},"64":{"2G":"3","2H":"3","2M":"3"},"FW":{"J6":"3"},"2C":{"CP":"3","FP":"3"},"QW":{"J2":"3"},"RW":{"55":"3","5H":"3","4F":"3","75":"3","HV":"3"},"42":{"92":"3","82":"3"},"35":{"25":"3","45":"3","24":"3","65":"3","64":"3"},"2V":{"HQ":"3","GM":"3","48":"3","HJ":"3","PX":"3","HP":"3","HM":"3"},"H5":{"X3":"3"},"5R":{"JV":"3"},"GH":{"5R":"3"},"7R":{"3W":"3","MV":"3","HV":"3"},"2F":{"VM":"3","MJ":"3","QH":"3","MQ":"3","MM":"3","RM":"3","QF":"3","PR":"3","QM":"3","PM":"3","RJ":"3","MH":"3","QJ":"3","PQ":"3","MR":"3","74":"3","PJ":"3","73":"3","RF":"3","GF":"3"},"55":{"HJ":"3","QF":"3","F3":"3"},"2W":{"JJ":"3","R9":"3"},"FQ":{"R3":"3"},"PF":{"4P":"3","3R":"3","75":"3"},"84":{"WJ":"3","WP":"3","VG":"3","VH":"3","RG":"3"},"2H":{"Q7":"3","H6":"3","H7":"3"},"3F":{"8X":"3","4F":"3","4W":"3"}}},"index":{"university,1|retail,2|tourism,3|wreck,4|historical,5|artsCulture,6|namedBuilding,7|water,8|wetland,9|park,10|beach,11|natureReserve,12|cemetery,13|trail,14":{}}}