{"4J":{"3F":{"44":{"C4":"3"}},"2G":{"QH":{"63":"3"},"86":{"9P":"3"},"PG":{"HR":"3"},"G3":{"5G":"3","F3":"3"},"W8":{"R3":"3"},"F3":{"Q4":"3"},"V2":{"5M":"3"},"JC":{"CR":"3"},"R4":{"FQ":"3"},"H7":{"CF":"3"},"P2":{"6X":"3"},"M4":{"GJ":"3"},"J6":{"W8":"3"},"F5":{"M2":"3"},"94":{"QH":"3"},"HC":{"7C":"3","6R":"3"},"M6":{"2C":"3","29":"3"},"WC":{"HW":"3"},"J3":{"Q7":"3"},"R6":{"XJ":"3"},"QG":{"FJ":"3"}},"2F":{"V5":{"GW":"3"},"GP":{"MH":"3"},"C8":{"JW":"3"},"HJ":{"WQ":"3"},"QV":{"F7":"3"},"GR":{"89":"3"},"JV":{"2H":"3"},"GV":{"CV":"3"},"GW":{"HX":"3"},"MR":{"6C":"3"},"JR":{"24":"3"},"MC":{"VH":"3"},"CR":{"X9":"3","XC":"3"},"GJ":{"7F":"3"},"FW":{"M2":"3"},"HV":{"64":"3"},"H5":{"JH":"3"},"MM":{"PH":"3"},"JW":{"7Q":"3"},"G7":{"RM":"3"},"C3":{"V3":"3"},"PM":{"8V":"3"},"PF":{"9F":"3"}},"2C":{"WX":{"6P":"3"}},"JV":{"4G":{"VF":"3"},"6H":{"3F":"3","32":"3"},"5H":{"XH":"3"}},"3C":{"4V":{"7W":"3"}}},"index":{"university,1|retail,2|tourism,3|wreck,4|historical,5|artsCulture,6|namedBuilding,7|water,8|wetland,9|park,10|beach,11|natureReserve,12|cemetery,13|trail,14":{}}}