{"4P":{"QP":{"XX":{"WX":"3","6X":"3"}},"RV":{"MJ":{"MM":"3"},"F3":{"3P":"3","6Q":"3"},"M8":{"VP":"3","QQ":"3","QM":"3"},"J9":{"G5":"3"},"MP":{"PR":"3","PQ":"3"},"7H":{"X6":"3","X5":"3"},"55":{"74":"3","C5":"3","75":"3"},"8H":{"43":"3","54":"3","44":"3","42":"3","63":"3"}},"XR":{"5J":{"QH":"3","QQ":"3"},"VJ":{"RM":"3","VJ":"3"},"XR":{"XF":"3","WF":"3"},"7R":{"46":"3"},"HX":{"F8":"3","G8":"3"},"92":{"73":"3","63":"3","65":"3"},"PM":{"G9":"3"},"CQ":{"3F":"3","4C":"3","4F":"3","3C":"3"},"WM":{"PG":"3"},"57":{"48":"3"},"4P":{"78":"3","67":"3","68":"3","77":"3"},"26":{"G8":"3","G7":"3","J8":"3","F7":"3","H7":"3","G6":"3","H8":"3","F8":"3","H6":"3"},"2M":{"X4":"3"}},"QV":{"8R":{"PW":"3"},"FJ":{"82":"3"},"47":{"XF":"3"},"HW":{"FM":"3","HM":"3"},"FH":{"GW":"3"},"22":{"X6":"3","W7":"3","W6":"3","C3":"3"},"37":{"PJ":"3","X7":"3"},"J3":{"PJ":"3","PM":"3","QM":"3","QJ":"3"},"27":{"MH":"3"},"36":{"72":"3"},"6P":{"H4":"3"},"FM":{"WJ":"3"},"3X":{"JH":"3","27":"3","42":"3","5G":"3"},"CC":{"VG":"3"},"PG":{"3V":"3","2W":"3","3W":"3"},"9J":{"2X":"3"},"H6":{"JP":"3"},"9M":{"G6":"3","M5":"3","F6":"3"},"JR":{"46":"3"},"F2":{"R6":"3"},"39":{"46":"3"},"HC":{"V4":"3"},"GJ":{"57":"3"},"3W":{"54":"3","73":"3","72":"3","63":"3","82":"3"},"2C":{"JF":"3"},"3V":{"8X":"3"},"28":{"3P":"3","PX":"3"},"2V":{"54":"3","7G":"3"},"29":{"Q4":"3","H8":"3","Q2":"3","V6":"3","J8":"3","M5":"3","V5":"3","Q5":"3"},"8W":{"39":"3","7J":"3","3C":"3"},"26":{"55":"3","6J":"3"},"2W":{"2Q":"3","3V":"3","2V":"3","3R":"3","9R":"3","C6":"3","2R":"3"},"8V":{"VR":"3","RV":"3","99":"3","9F":"3","94":"3","FC":"3"}},"RX":{"25":{"8P":"3","8M":"3"},"WM":{"8Q":"3","6Q":"3","7Q":"3"},"4V":{"32":"3"},"57":{"93":"3"},"3X":{"7G":"3"},"2R":{"78":"3","88":"3"},"FX":{"CV":"3","FV":"3"},"W2":{"5C":"3","5H":"3","4F":"3"},"XH":{"VQ":"3"},"2X":{"WM":"3"},"3W":{"2G":"3"},"6C":{"RW":"3"},"6X":{"C2":"3","F3":"3"},"2V":{"HH":"3","JH":"3"},"6Q":{"6C":"3"},"2W":{"V9":"3","VV":"3","M3":"3","PF":"3","R7":"3"}},"XV":{"8C":{"M9":"3"},"5F":{"GM":"3","FJ":"3","HP":"3","FP":"3"},"RW":{"G8":"3","G7":"3","F7":"3","H7":"3","G6":"3","H8":"3","H9":"3","F6":"3","H6":"3"},"5W":{"84":"3"},"GV":{"X8":"3"},"FH":{"69":"3","79":"3","78":"3","68":"3"},"5V":{"Q6":"3","J7":"3"},"64":{"HM":"3"}},"XP":{"WX":{"P8":"3","J7":"3","J8":"3","H7":"3","M8":"3","G9":"3","J9":"3"},"RX":{"8X":"3","8V":"3"},"XX":{"96":"3","86":"3"}},"QX":{"JF":{"7R":"3","8W":"3"},"G4":{"J7":"3"},"RH":{"PG":"3","JJ":"3"},"G6":{"2Q":"3"},"G9":{"J7":"3","W7":"3","C8":"3"},"H8":{"3W":"3"},"R8":{"3C":"3"},"VH":{"8Q":"3","5H":"3","HV":"3"},"H9":{"JG":"3","76":"3","CG":"3","FF":"3","7Q":"3","FX":"3","FG":"3","5W":"3","5C":"3","CF":"3","GF":"3","GG":"3"},"JG":{"MF":"3","FM":"3"},"J9":{"3X":"3","4R":"3","2J":"3","4V":"3","2F":"3","5H":"3","5V":"3","5R":"3","4P":"3","5Q":"3","5W":"3","4Q":"3","2Q":"3"},"WJ":{"3F":"3","2G":"3"},"F6":{"WH":"3"},"X7":{"MJ":"3"},"PC":{"Q6":"3","R6":"3"},"G3":{"QH":"3"},"G7":{"8G":"3","J9":"3"},"Q8":{"VR":"3"},"M6":{"42":"3"},"G5":{"7J":"3"}},"WX":{"QR":{"2R":"3"},"G6":{"3M":"3"},"Q8":{"CP":"3","8F":"3","9H":"3","8H":"3","GF":"3","9G":"3","CQ":"3"},"GF":{"JP":"3"}},"PR":{"XV":{"36":"3"},"XR":{"7V":"3","6R":"3","6V":"3"},"XH":{"HH":"3","M8":"3"},"WV":{"W5":"3","V6":"3","W6":"3"},"XP":{"9V":"3"},"XG":{"W6":"3","XJ":"3","XM":"3"},"WP":{"MJ":"3","JH":"3","MH":"3","JJ":"3"},"XJ":{"VV":"3","QV":"3"},"XW":{"8M":"3"},"XM":{"43":"3"}},"WW":{"W6":{"MJ":"3","9V":"3"},"G7":{"7R":"3","8R":"3","7V":"3","8J":"3","98":"3","9H":"6|3","99":"3","8H":"3","9F":"3","8G":"3","6C":"3","72":"3","8V":"3","CH":"6"},"RV":{"XH":"3"},"JF":{"2H":"3"},"JV":{"J4":"3"},"JG":{"62":"3"},"MM":{"WW":"3"},"R3":{"FX":"3"},"X4":{"33":"3"},"XX":{"QG":"3"},"XW":{"33":"3"},"CC":{"WV":"3"},"JM":{"CH":"3"}},"QQ":{"R4":{"5J":"3","4J":"3","4H":"3"},"HW":{"XC":"3"},"HV":{"H7":"3","FC":"3","M5":"3","QG":"3","J9":"3"},"QW":{"PR":"3","PJ":"3","MR":"3","MP":"3"},"X2":{"QP":"3","C8":"3"},"W2":{"96":"3","87":"3","XF":"3","6V":"3","86":"3","89":"3","97":"3","P2":"3","C8":"3","83":"3","CJ":"3","3W":"3","99":"3","48":"3","CH":"3","88":"3","98":"3","C6":"3","C7":"3","59":"3"},"Q2":{"GG":"3","HH":"3","HJ":"3","HM":"3"},"W9":{"FQ":"3"},"HR":{"MW":"3","QX":"3","F3":"3"},"J5":{"M4":"3"},"P6":{"R6":"3","R5":"3","Q5":"3"},"RW":{"2W":"3","P6":"3","P7":"3"},"P2":{"HX":"3","VH":"3"},"9V":{"JW":"3"},"W7":{"86":"3"},"RG":{"V9":"3"},"V3":{"JP":"3"},"VX":{"WG":"3"},"P3":{"2X":"3","GW":"3","GX":"3"},"9R":{"XC":"3"},"R3":{"G6":"3"},"M5":{"G8":"3","G7":"3","F7":"3","P5":"3","W2":"3","49":"3","G9":"3","G6":"3","C9":"3","M6":"3","68":"3","F8":"3","F6":"3","58":"3","FC":"3","X2":"3","59":"3"},"FW":{"RP":"3","VP":"3","QW":"3"},"V2":{"6V":"3"},"WQ":{"FC":"3","3J":"3"},"X3":{"P8":"3"},"HQ":{"8X":"3"},"XW":{"3G":"3","RR":"3"},"JQ":{"W3":"3"},"Q3":{"78":"3","77":"3"},"FV":{"5F":"3"},"W4":{"5P":"3"},"GJ":{"PV":"3"},"XX":{"9J":"3"},"WX":{"2C":"3"},"HM":{"HR":"3","HV":"3"},"HG":{"MW":"3","HX":"3","MX":"3","MV":"3","JV":"3"},"GX":{"3F":"3","3G":"3","M6":"3","53":"3"},"FX":{"QW":"3","W9":"3","R6":"3"},"P4":{"2X":"3","G4":"3"},"W6":{"6P":"3","54":"3","44":"3"},"5X":{"9X":"3"},"HJ":{"67":"3","56":"3"},"P5":{"22":"3"},"M4":{"WX":"3","MH":"3","XX":"3"},"MQ":{"8C":"3","9H":"3"},"HH":{"M3":"3","J2":"3","Q3":"3"},"CR":{"HX":"3","46":"3"},"Q4":{"W2":"3"},"PW":{"9J":"3"},"HX":{"JR":"3","3V":"3","3R":"3"},"GW":{"36":"3","4W":"3","7Q":"3"},"J4":{"XV":"3","RP":"3","JP":"3","HP":"3","FP":"3","WH":"3","VM":"3","RJ":"3","GP":"3"},"R5":{"RQ":"3","QP":"3","PM":"3"},"MR":{"QR":"3"},"RF":{"Q9":"3"}},"RP":{"3X":{"WQ":"3","QW":"3"},"4X":{"MM":"3","PQ":"3"},"2X":{"GW":"3","CW":"3","CV":"3","FP":"3","3X":"3","HQ":"3","9W":"3","8W":"3","4V":"3","CQ":"3","QJ":"3","5V":"3","4W":"3","5R":"3","5Q":"3","5W":"3","CR":"3","9V":"3"},"5X":{"VX":"3"},"8X":{"JW":"3","2Q":"3","9R":"3","JV":"3","FW":"3"}},"XQ":{"75":{"PC":"3"},"G8":{"QJ":"3"},"Q9":{"GX":"3"},"G3":{"39":"3","4Q":"3","38":"3","29":"3","28":"3"},"F3":{"V7":"3","PF":"3","X9":"3","HG":"3","VM":"3","W9":"3","R5":"3","VH":"3","RJ":"3"},"2P":{"63":"3"},"JG":{"6H":"3"},"28":{"2J":"3"},"Q6":{"GQ":"3"},"V5":{"62":"3"},"R4":{"8R":"3"},"J7":{"3F":"3"},"P2":{"4V":"3"},"M4":{"W8":"3"},"95":{"X4":"3","W6":"3","W4":"3"},"39":{"H9":"3","49":"3","97":"3"},"R2":{"Q4":"3","MC":"3","H3":"3","MF":"3","G2":"3"},"C4":{"43":"3"},"V4":{"2C":"3"},"85":{"46":"3"},"M2":{"XR":"3","WR":"3","XQ":"3","WV":"3","WW":"3","XP":"3","WQ":"3","WP":"3","VM":"3","VQ":"3","P5":"3"},"M6":{"P3":"3"},"P3":{"CR":"3"},"GC":{"6P":"3"},"6H":{"W5":"3","X3":"3"},"8P":{"H3":"3"},"J3":{"4J":"3"},"R6":{"H3":"3","P2":"3"},"C6":{"FF":"3"},"66":{"5F":"3","5G":"3"},"R5":{"PX":"3","86":"3"},"GG":{"22":"3"}},"RQ":{"PP":{"QP":"3","P8":"3","Q8":"3","FP":"3","34":"3","MR":"3","C8":"3"},"C2":{"R4":"3","W8":"3"},"64":{"23":"3"},"4X":{"F8":"3"},"HW":{"QH":"3","RH":"3","C7":"3","C8":"3"},"CF":{"2Q":"3"},"63":{"2G":"3","2H":"3","8M":"3","9M":"3"},"GQ":{"PV":"3"},"7W":{"3X":"3"},"54":{"QF":"3"},"JX":{"5J":"3","5M":"3","6J":"3"},"22":{"Q9":"3","MC":"3","MP":"3"},"93":{"HQ":"3","5P":"3"},"WV":{"GM":"3","9W":"3","PR":"3","CX":"3"},"HR":{"PF":"3"},"92":{"MG":"3","6P":"3","5G":"3","5F":"3","FM":"3","6G":"3","5M":"3","CH":"3","GR":"3","3J":"3","4J":"3","8H":"3"},"82":{"Q8":"3","P8":"3","JJ":"3","29":"3","M6":"3","Q7":"3","4F":"3","H2":"3","J3":"3","P7":"3"},"MP":{"V2":"3","V3":"3","5F":"3","W2":"3","W3":"3","6C":"3","5C":"3","6F":"3"},"3Q":{"PV":"3"},"34":{"88":"3"},"VM":{"XV":"3","WR":"3","XR":"3","WV":"3","WQ":"3","3P":"3","3Q":"3"},"JP":{"36":"3","35":"3","25":"3","37":"3","27":"3","24":"3"},"MM":{"8Q":"3","PW":"3","QW":"3","QX":"3","G2":"3"},"JJ":{"VQ":"3","FW":"3","27":"3","JG":"3","VR":"3","WQ":"3","FV":"3","WR":"3"},"62":{"3H":"3"},"2Q":{"4G":"3","F7":"3","F5":"3","F9":"3","F8":"3","F6":"3","C7":"3"},"6M":{"38":"3"},"QV":{"GQ":"3"},"6X":{"5C":"3","8P":"3","7V":"3","7M":"3","77":"3","2R":"3"},"2M":{"WQ":"3"},"25":{"84":"3","83":"3","X8":"3"},"4W":{"M4":"3","J4":"3","J3":"3"},"33":{"7G":"3","8G":"3","5G":"3","3F":"3","7H":"3","3G":"3","29":"3","4F":"3","2F":"3","72":"3","2C":"3","8H":"3","2M":"3"},"WW":{"C5":"3","CH":"6|3"},"53":{"WF":"3"},"WQ":{"P7":"3"},"94":{"M4":"3","69":"3","H8":"3","9F":"3","CC":"3","9C":"3"},"RM":{"2P":"3"},"QM":{"8X":"3","7X":"3"},"MJ":{"8R":"3","GP":"3","HW":"3","7G":"3","GQ":"3","JM":"3","GR":"3","JV":"6|3","JQ":"3","GV":"3","JP":"3","4H":"3","5J":"3","4W":"3","FP":"3","5H":"3","FV":"3","HQ":"6","6W":"3","GX":"3","HM":"3","4J":"3","HX":"3","9H":"3","MQ":"3","5X":"3","4X":"3","HV":"3","FQ":"3"},"HQ":{"X3":"3"},"8P":{"X3":"3"},"32":{"HF":"3","JR":"3","MF":"3","P2":"3"},"C3":{"9V":"3","HJ":"3","8Q":"3","HM":"3"},"9C":{"49":"3","GW":"3","9H":"3","J7":"3","GX":"3"},"42":{"H6":"3","R8":"3"},"23":{"R9":"3","XF":"3","W6":"3","Q9":"3","WF":"3","W8":"3","V3":"3","X9":"3","6P":"3","W5":"3","XM":"3","R8":"3","7Q":"3","7P":"3","33":"3","QG":"3","XG":"3","84":"3","6Q":"3","W7":"3"},"3R":{"H6":"3"},"3M":{"4V":"3"},"JM":{"M4":"3"},"3X":{"8C":"3","8F":"3"},"2W":{"9Q":"3"},"MV":{"3Q":"3","6V":"3"},"72":{"8P":"6","5H":"3","QJ":"3","7Q":"3"},"4P":{"7P":"3","7Q":"3"},"MX":{"JJ":"3"},"4R":{"7X":"3","5Q":"3","6V":"3"},"98":{"9Q":"3","3V":"3","3X":"3","3W":"3","4V":"3","2V":"6","CQ":"3","4W":"3","2Q":"3"},"24":{"G2":"3"},"4V":{"C5":"3"},"XX":{"WF":"3"},"99":{"43":"3","33":"3"},"WX":{"58":"3"},"95":{"4M":"3","64":"3"},"47":{"9J":"3"},"FX":{"7F":"3","7C":"3"},"5X":{"XV":"3","XR":"3","XW":"3"},"QR":{"2R":"3"},"89":{"W2":"3","X4":"3","X2":"3","X3":"3","X5":"3"},"88":{"WX":"3","R4":"3","WR":"3","WV":"3","WQ":"3","V5":"3","R5":"3","V4":"3","XX":"3"},"3C":{"Q9":"3"},"JW":{"M6":"3","8V":"3","CQ":"3","F3":"3","3J":"3"},"46":{"2Q":"3","2R":"3"},"5W":{"39":"3","FJ":"3"},"CR":{"HC":"3","GF":"3","HG":"3","JF":"3"},"JV":{"7X":"3"},"44":{"49":"3","39":"3"},"CH":{"W7":"3","XF":"3","XC":"3"},"87":{"FJ":"3","QP":"3","QG":"3","F3":"3","QJ":"3","QF":"3","RX":"3","RJ":"3","VJ":"3","RH":"3","QQ":"3","RQ":"3","V4":"3","VW":"3","RG":"3","RF":"3","RW":"3","QR":"3","RR":"3","VX":"3"},"PW":{"5X":"3"},"HX":{"XH":"3","WH":"3"},"GW":{"M6":"3","RG":"3"},"HP":{"X6":"3","X7":"3","X5":"3","G5":"3"},"GP":{"CJ":"3"},"F2":{"69":"3","8F":"3","3M":"3","26":"3","88":"3","55":"3","7J":"3"},"86":{"V9":"3","RR":"3","VM":"3"}},"WV":{"2G":{"G3":"3"},"R2":{"3J":"3"},"4P":{"75":"3","65":"3","63":"3","64":"3","74":"3","82":"3","72":"3","73":"3","84":"3"},"92":{"84":"3"},"9P":{"G8":"3","G9":"3"},"9F":{"5M":"3"},"R9":{"8J":"3","8H":"3"},"3Q":{"87":"3"},"29":{"C6":"3"},"V5":{"6M":"3"},"83":{"RM":"3"},"VQ":{"PQ":"3"}},"WQ":{"PC":{"HQ":"3","GR":"3","HR":"3"},"4X":{"7F":"3","JV":"3","F7":"3","28":"3","XQ":"3","C8":"3","VP":"3","6R":"3","M2":"3","29":"3","F8":"3","3C":"3","2C":"3|6","C7":"3"},"6P":{"9V":"3","HJ":"3","2V":"6","PX":"3"},"FM":{"3Q":"3","3P":"3","4M":"3","3M":"3","2J":"3","2V":"3","5R":"3","4Q":"3","2R":"3","8R":"3"},"MW":{"23":"6"},"FJ":{"G4":"3","H3":"3","6H":"3","4C":"3"},"5P":{"HR":"3","8X":"3","9X":"3","FP":"3","FR":"3","HQ":"3","9W":"3","MP":"3","JQ":"3","GM":"3","FQ":"3","GR":"3","XV":"6","VX":"3"},"MP":{"28":"3"},"3Q":{"8J":"3","5G":"3","4R":"3","39":"3","6G":"6","4V":"3","4C":"3","74":"3","93":"3","73":"3","CC":"3","84":"3"},"JP":{"V7":"3","V6":"3"},"JJ":{"HC":"3"},"R9":{"GX":"3"},"3V":{"47":"3","25":"6|3","68":"3","58":"3","22":"3","7C":"3","4G":"3","56":"3","37":"3","27":"3","3Q":"3","36":"3","44":"3","95":"3","67":"6","2R":"3","5H":"3","23":"3","RG":"3","45":"3","35":"3","24":"3","9R":"3","26":"3","55":"3","5G":"3","3F":"3"},"2Q":{"GP":"3","CM":"3","HP":"3","43":"3","GQ":"3","VF":"3","WF":"3","73":"3","FM":"3","6R":"3","FP":"3","5P":"3","HQ":"3","9J":"3","2Q":"3","HM":"3","8J":"3","XG":"3","CP":"3","6V":"3","7R":"3","GM":"3","32":"3","FQ":"3"},"MG":{"33":"3","22":"3"},"6X":{"2P":"3","6G":"3","6F":"3","J6":"3","5G":"6","P7":"3"},"2X":{"WR":"3","WV":"3","5W":"3","V4":"3","XM":"3"},"9R":{"FW":"3"},"5Q":{"25":"3","27":"3","V2":"3","2M":"3"},"2R":{"7G":"3","RV":"3","HJ":"3","QF":"3","QV":"3","QC":"3","XP":"3","MP":"3","PQ":"3","36":"3","W7":"3","QX":"3","WX":"3","Q7":"3","PR":"3","MW":"3","WW":"3","95":"3","F9":"6|3","R6":"3","C9":"6|3","RQ":"3","H6":"3","Q6":"3","R5":"3","VW":"3","XF":"3","MC":"3","RW":"3","QR":"3","R4":"3","GH":"3","J8":"3","FC":"6","Q8":"3","VQ":"3","PP":"3","F8":"3|6","R7":"3","Q9":"3"},"4W":{"X5":"3"},"X8":{"GJ":"3","FJ":"3","FM":"3","GH":"3","JJ":"3","CR":"3","FH":"3","VH":"3","VG":"3","CH":"3"},"2V":{"H2":"3","WH":"3","R4":"3","6P":"3","V7":"3","HW":"3","QW":"6|3","X6":"3","PR":"3","G2":"3|6","X2":"3","W2":"3","QC":"3","V5":"3","RW":"6|3","R8":"3","R9":"3","W3":"6|3","W7":"3","X4":"3","X7":"3","QV":"3|6","PV":"3","F4":"3","V4":"3","H4":"3","RV":"6","53":"3","XG":"3","6Q":"3","C3":"3","JQ":"3","WM":"3","F3":"3","X5":"6|3","XJ":"3","W4":"3","G3":"3","G4":"3","GX":"3","R7":"6|3","WJ":"3","C4":"3","W6":"3","FR":"3","JG":"3","WG":"3","V6":"3","RC":"3","V8":"3","PW":"3","XF":"3","F2":"3","QF":"3","W5":"3","R5":"3","RF":"3"},"7P":{"C9":"3","3M":"3","99":"3","F9":"3","9C":"3","4M":"3"},"7Q":{"79":"3","96":"3","22":"3","39":"3","6R":"3","48":"3","6G":"3","4V":"3","7Q":"3","4F":"3","5H":"3","7C":"3","C6":"3","9C":"3","4H":"3"},"6Q":{"XV":"3","HH":"3","9X":"3","WV":"3","QQ":"3","QX":"3","VW":"3"},"2G":{"3Q":"3","3R":"3","2P":"3","28":"3","54":"3","5G":"3","4R":"3","6R":"3","6G":"3","4C":"3","5H":"3","5R":"3","5Q":"3","6F":"3","4Q":"3","66":"3","2R":"3","2Q":"3"},"8P":{"8M":"3","5H":"3"},"6W":{"3P":"3"},"3R":{"3G":"3","4G":"3","56":"3","3Q":"3","P6":"3","MW":"3","FR":"3","49":"3","2Q":"3","39":"3","3C":"3","GG":"3","Q3":"3","2C":"3","RW":"3","5X":"3","45":"3","38":"3","7W":"3","P2":"3","2F":"3","PP":"3","2W":"3","M7":"3","C4":"3","C6":"3","2P":"3","3F":"6|3"},"GH":{"3P":"3"},"3X":{"XC":"6","84":"3"},"2W":{"H3":"3","G2":"3","Q2":"3","3W":"3","V4":"3","29":"3","QJ":"3","JH":"3","H2":"3","82":"3","QQ":"3","73":"3"},"8M":{"9X":"3","9W":"3","XP":"3","CX":"3","CW":"3"},"4R":{"55":"3","65":"3","3H":"3"},"4V":{"9G":"3"},"V9":{"RF":"3","XH":"3","WJ":"3","WH":"3","VM":"3","QF":"3","VJ":"3"},"5X":{"54":"3","42":"3","6R":"3","6J":"3","6Q":"3","72":"3","82":"3"},"JG":{"X2":"3"},"5R":{"JV":"3","F2":"3","JW":"3","MF":"3","MC":"3","PF":"3","X8":"3","HV":"3","HW":"3","PC":"3"},"6R":{"C2":"3","92":"3","R3":"3","G2":"3","72":"3","J4":"3","J3":"3","75":"3"},"4Q":{"F4":"3","47":"3","45":"3","F7":"3","M3":"3","C5":"3","V3":"3","V5":"3","P2":"3","64":"3","F5":"3","J6":"3","PR":"3","95":"3","C3":"3","44":"3","QV":"3","9R":"3","W3":"3","C4":"3","CM":"3","PV":"3","W4":"3","35":"3","F6":"3","5V":"6","5R":"6","R6":"3","QR":"3","PW":"3","24":"3","QW":"3"},"7R":{"M3":"3"},"JW":{"X3":"3"},"5W":{"7W":"3","8X":"3","8W":"3","7X":"3","8V":"3"},"MF":{"2X":"3"},"JF":{"XX":"3"},"9M":{"F8":"3","GX":"3"},"3W":{"HR":"3","45":"3","8J":"3","5F":"3","7M":"3","F9":"3","HV":"3","46":"3","55":"3","8Q":"3","RQ":"3","5H":"3","53":"3","8P":"3","QQ":"3","8V":"3","CR":"3","43":"3","56":"3"}},"VW":{"62":{"MH":"3"},"2G":{"V2":"3"},"G6":{"W4":"3"},"PR":{"C8":"3"},"2F":{"Q9":"3"},"GV":{"X4":"3"},"HW":{"43":"3","85":"3"},"G7":{"48":"3","37":"3"},"9P":{"2W":"3"},"88":{"PF":"3","MF":"3"},"85":{"H3":"3","M5":"3","J4":"3"},"W7":{"CQ":"3"},"W9":{"PW":"3"},"C8":{"Q8":"3","R9":"3"},"GP":{"36":"3"},"HV":{"4X":"3","5W":"3","28":"3"}},"XW":{"36":{"J4":"3"},"CF":{"RV":"3","RR":"3"},"2V":{"WJ":"3"},"H3":{"59":"3"}},"QW":{"HP":{"VH":"3"},"H4":{"X2":"3"},"25":{"GG":"3"},"GV":{"XH":"3"},"36":{"G7":"3","75":"3"},"W7":{"H7":"3"},"99":{"CJ":"3"},"V3":{"X9":"3"},"FR":{"Q3":"3"},"M8":{"JG":"3"},"48":{"4J":"3","4M":"3"},"J7":{"F2":"3","G4":"3","C2":"3","F5":"3","QG":"3"},"F2":{"FH":"3"},"M4":{"24":"3","55":"3"},"M3":{"M6":"3","J7":"3","M7":"3","P6":"3","J6":"3","P7":"3"},"M5":{"JR":"3","JQ":"3","PV":"3","PR":"3","MQ":"3","MR":"3","PQ":"3","MV":"3","JV":"3"},"42":{"32":"3"},"X7":{"FF":"3"},"35":{"6H":"3"},"CP":{"2X":"3"},"J6":{"JR":"3","JX":"3","CX":"3","JV":"3"},"J8":{"XQ":"3","V3":"3","R7":"3","RC":"3"},"4C":{"84":"3"}},"PV":{"XR":{"9X":"3","8X":"3","RX":"3"},"X6":{"GM":"3","FQ":"3","MQ":"3","HX":"3","GP":"3"},"X5":{"66":"3"},"XV":{"V8":"3","QG":"3","F3":"3","QJ":"3","QF":"3","QC":"3","JC":"3","9V":"3","9P":"3","GV":"3","JP":"3","CJ":"3","FM":"3","FP":"3","9Q":"3","9W":"3","F9":"3","V9":"3","PH":"3","HQ":"3","PG":"3","W8":"3","CH":"3","CQ":"3","X7":"3","HF":"3","CP":"3|6","8W":"3","R9":"3","GM":"3","C3":"3","8V":"3","PF":"3"},"XP":{"3F":"3","4G":"3"},"VJ":{"RH":"3","C5":"3","CQ":"3","VJ":"3"},"X3":{"89":"3"},"WX":{"45":"3","27":"3","36":"3","46":"3","37":"3","35":"3","25":"3","26":"3"},"WH":{"85":"3"},"WW":{"35":"3","4V":"3","W7":"3"},"XM":{"3V":"3","6H":"3","MF":"3","3R":"3"},"WV":{"CP":"3"},"WQ":{"PX":"3","MX":"3"},"WG":{"G9":"3"},"VW":{"HC":"3","PQ":"3"},"XF":{"64":"3"},"XW":{"C8":"3","XR":"3","97":"3","XP":"3","XV":"3","P6":"3","G6":"3","WH":"3","G8":"3","CC":"3","78":"3","H8":"3","VG":"3","XQ":"3","H7":"3","C9":"3","F2":"3","98":"3","WJ":"3","F6":"3","J8":"3","J2":"3","FC":"3","Q8":"3"},"WJ":{"RW":"3","8G":"3","MR":"3","CW":"3","MV":"3"},"XX":{"PF":"3","X5":"3","R6":"3"},"X7":{"HC":"3","QX":"3","HG":"3","F5":"3"},"WR":{"G9":"3","P2":"3"},"VX":{"F2":"3","X8":"3","P2":"3"},"VV":{"JR":"3","MX":"3","V8":"3","JV":"3"},"X8":{"HF":"3","CJ":"3","9J":"3","79":"3","8J":"3","HC":"3","GC":"3","7C":"3","GF":"3","HG":"3","7J":"3","FH":"3"}},"RW":{"F4":{"5X":"3","4W":"3"},"WF":{"25":"3"},"R3":{"G5":"3"},"F5":{"53":"3"},"3W":{"5C":"3","49":"3","59":"3","4C":"3","6C":"3"},"2F":{"JP":"3","MQ":"3","PQ":"3","PH":"3"},"V9":{"Q3":"3"},"VF":{"X6":"3","X5":"3"},"FG":{"86":"3","63":"3"},"32":{"45":"3","55":"3","74":"3","56":"3"},"2Q":{"WC":"3","XC":"3"}},"QR":{"QP":{"C3":"3"},"V6":{"73":"3"},"F3":{"RX":"3"},"52":{"F4":"3","8F":"3","7G":"3","G5":"3","63":"3","M4":"3","69":"3"},"3R":{"43":"3","26":"3","42":"3","32":"3"},"HJ":{"5X":"3"},"H4":{"WF":"3"},"H3":{"79":"3","47":"3","89":"3","63":"3","CG":"3","9F":"3","34":"3"},"X5":{"G5":"3"},"P4":{"WP":"3"},"3J":{"QC":"3"},"2J":{"2W":"3","84":"3"},"2G":{"2Q":"3"},"M2":{"7R":"3"},"86":{"9X":"3"},"69":{"PG":"3"},"63":{"MM":"3"},"4H":{"45":"3"},"4M":{"8J":"3","CW":"3"},"RH":{"8R":"3","GP":"3","8Q":"3","GQ":"3","8P":"3","GR":"3","9V":"3","9P":"3","GV":"3","FP":"3","9Q":"3","CW":"3","FR":"3","9W":"3","FV":"3","GW":"3","CR":"3","FW":"3","CQ":"3","CP":"3","CV":"3","9R":"3","8W":"3","8V":"3","FQ":"3"},"75":{"HH":"3"},"94":{"8F":"3","9F":"3","9G":"3","8V":"3"},"2R":{"3W":"3"},"5H":{"JR":"3","MR":"3","MV":"3","JV":"3"},"CC":{"36":"3","37":"3","46":"3","56":"3"},"3P":{"V7":"3","V6":"3"},"65":{"FQ":"3","FH":"3"},"Q4":{"7W":"3|6","5P":"3","9X":"3","6X":"3","5X":"3","7X":"3","6W":"3"},"2M":{"7H":"3","32":"3"},"H7":{"72":"3"},"J7":{"HH":"3"},"GW":{"F2":"3"},"H6":{"7W":"3","7V":"3","6X":"3","8X":"3","8W":"3","7X":"3","6W":"3","H7":"3","6V":"3","8V":"3"},"2Q":{"8Q":"3","99":"3","9M":"3"},"46":{"M8":"3","VJ":"3"},"3H":{"48":"3"},"F2":{"H9":"3","95":"3"},"39":{"F5":"3"},"2X":{"PG":"3"},"M4":{"JC":"3","HC":"3","4W":"3"},"J5":{"XX":"3"},"G2":{"87":"3","97":"3","R5":"3","QG":"3","XM":"3"},"98":{"WQ":"3","WP":"3","6Q":"3"},"Q5":{"F2":"3","97":"3","CH":"3"},"3W":{"34":"3"},"Q3":{"V8":"3"},"HF":{"X6":"3","X7":"3","W7":"3","W6":"3"},"H2":{"4G":"3","3P":"3","V2":"3","6X":"3","3M":"3","X3":"3","RH":"3","3G":"3","W3":"3","3H":"3","2H":"3","68":"3","38":"3","5V":"3","3J":"3","4P":"3","4H":"3"},"38":{"RF":"3","X3":"3"},"2V":{"CV":"3","CR":"3","46":"3","FW":"3","FV":"3"},"P3":{"59":"3","58":"3","68":"3","57":"3"},"J8":{"9C":"3"},"J2":{"PX":"3","9C":"3","57":"3"},"55":{"7W":"3","CR":"3"},"F4":{"VV":"3"},"C5":{"WG":"3"},"2W":{"G3":"3"},"5Q":{"HQ":"3","GQ":"3"},"2P":{"69":"3","CM":"3","6P":"3","5R":"3","FJ":"3","79":"3","7C":"3","FM":"3","6R":"3","FP":"3","FG":"3","6Q":"3","5Q":"3","6C":"3","5V":"3","CG":"3","CQ":"3"},"5G":{"86":"3"},"4P":{"XF":"3"},"84":{"PQ":"3"},"2H":{"VW":"3"},"3F":{"P7":"3"}},"RR":{"H2":{"G6":"3","97":"3","WP":"3","XC":"3"},"M3":{"X2":"3"},"WH":{"X9":"3"},"CQ":{"6P":"3"},"Q5":{"46":"3"},"G2":{"V4":"3"},"83":{"22":"3"},"J2":{"V3":"3","WV":"3","88":"3","XW":"3","R5":"3"},"52":{"7X":"3"},"82":{"VG":"3"},"J3":{"XV":"3","MW":"3"},"MP":{"7F":"3","8F":"3","7G":"3","8G":"3","7H":"3","7Q":"3","8H":"3"},"W7":{"QW":"3"},"5C":{"VC":"3","72":"3","82":"3"},"59":{"8Q":"3","9J":"3","8X":"3","7X":"3"},"F4":{"W2":"3","W3":"3"},"J6":{"8H":"3"},"25":{"38":"3","P2":"3"},"V2":{"GM":"3","2F":"3"},"G6":{"VM":"3","RM":"3","QM":"3"},"X3":{"WM":"3"},"32":{"7F":"3"},"C3":{"PX":"3"},"8H":{"GX":"3"},"49":{"8J":"3"},"23":{"GR":"3","MX":"3"},"H6":{"WR":"3","9V":"3","CV":"3","J5":"3","4G":"3","G9":"3"},"J8":{"94":"3"},"73":{"X2":"3"},"24":{"RW":"3","HM":"3","RP":"3","RV":"3","PP":"3","WP":"3","QP":"3","MM":"3","VR":"3","HQ":"3","GP":"3","VP":"3","RQ":"3","HP":"3","JM":"3"},"G3":{"QG":"3","PH":"3"},"R7":{"68":"3"},"58":{"4W":"3"},"P4":{"VP":"3","VQ":"3"},"XH":{"JC":"3"},"M6":{"RH":"3","QF":"3"},"P5":{"4C":"3"},"3C":{"P4":"3"},"PM":{"99":"3"},"XV":{"G3":"3","CJ":"3","9J":"3","9M":"3","CH":"3"},"M2":{"3M":"3","XF":"3","4M":"3"},"RJ":{"M8":"3"},"7M":{"XF":"3"},"J4":{"R4":"3","VV":"3","FQ":"3","G3":"3","RV":"3","RW":"3","PV":"3","PW":"3","97":"3","QW":"3","RX":"3","FP":"3","QV":"3"}},"WR":{"MH":{"H7":"3"},"C2":{"34":"3"},"CF":{"V9":"3","H5":"3","H6":"3","X7":"3","XC":"3","X8":"3","W8":"3"},"63":{"C8":"3"},"PR":{"2G":"3","2M":"3","2J":"3"},"22":{"5R":"3","84":"3","75":"3","3H":"3","3J":"3"},"52":{"R2":"3","28":"3","C3":"3"},"FF":{"33":"3","42":"3","28":"3","32":"3"},"J3":{"7W":"3"},"34":{"Q8":"3","VQ":"3","RP":"3","3P":"3","Q2":"3","R3":"3","VP":"3","2W":"3","2R":"3","R5":"3","2Q":"3"},"9J":{"4G":"3"},"85":{"XQ":"3"},"62":{"2P":"3","P2":"3"},"59":{"V5":"3"},"28":{"XJ":"3"},"2R":{"G6":"3","H5":"3"},"R3":{"P5":"3"},"25":{"F4":"3","H3":"3","V7":"3","R4":"3","X3":"3","XC":"3","X8":"3","X5":"3","W3":"3","W4":"3","XX":"3","WC":"3","V8":"3","WG":"3","X7":"3"},"96":{"RW":"3","QV":"3","VH":"3"},"33":{"JH":"3","M5":"3","V5":"3","MG":"3","J6":"3","JG":"3"},"53":{"3M":"3","7J":"6","7M":"6"},"26":{"GW":"3","9X":"3"},"43":{"54":"3","9X":"3","8W":"3","76":"3","CG":"3","77":"3","C8":"3","44":"3","9R":"3","PM":"3","HC":"3","23":"6","33":"6","9M":"3","8V":"3","42":"3","FC":"3","9V":"3","66":"3","8R":"3"},"PG":{"H5":"3"},"32":{"C9":"3","XQ":"3","49":"3","39":"3","CF":"3","VX":"3","V6":"3","99":"3","9F":"3","CC":"3","9C":"3","38":"3","29":"3","28":"3","3C":"3"},"9P":{"78":"3"},"C3":{"XR":"3"},"66":{"JR":"3"},"42":{"43":"3","JC":"3","8F":"3","G6":"3","4R":"3","F7":"3","CG":"3","2J":"3","F6":"3","7Q":"3"},"77":{"GJ":"3","GH":"3"},"23":{"G6":"3","J5":"3","H3":"3","J4":"6"},"FC":{"CJ":"3","9J":"3","99":"3"},"C8":{"R9":"3"},"35":{"V9":"3","XV":"3","WJ":"3","PV":"3","VC":"3","V2":"3","WM":"3","W7":"3","W6":"3","VM":"3","VH":"3","VG":"3","X8":"3","W8":"3"},"45":{"C9":"3","CP":"3","9X":"3","92":"3","CC":"3"},"3X":{"H7":"3"},"8M":{"V2":"3","XF":"3","XC":"6|3"},"72":{"46":"3"},"9H":{"M3":"3"},"73":{"77":"3"},"7G":{"QV":"3"},"98":{"25":"3"},"24":{"FJ":"3","GP":"3","QP":"3","QV":"3","GR":"3","6J":"3","JQ":"3","8M":"3","RH":"3","PR":"3","6H":"3","RP":"3","8H":"3","F9":"3","FV":"3","9J":"3","J7":"3","C9":"3","GX":"3","HM":"3","9G":"3","J5":"3","HR":"3","CR":"3","GJ":"3","FW":"3","PV":"3","H5":"3","P5":"3","J6":"3","CV":"3","J8":"3","RM":"3","GM":"3"},"95":{"QM":"3"},"G4":{"48":"3"},"36":{"W2":"3","X4":"3","X3":"3","X5":"3","W3":"3"},"47":{"X3":"3"},"4M":{"5R":"3"},"C6":{"7R":"3"},"H3":{"MV":"3"},"WC":{"6W":"3"},"74":{"X2":"3"},"4Q":{"79":"3","4G":"3","7G":"3","7M":"3","69":"3","MC":"3","48":"3","M6":"3","78":"3","4F":"3","6C":"3","35":"3","PC":"3","7C":"3","M9":"3","P9":"3","3C":"3","34":"3","26":"3","59":"3"},"46":{"74":"3","95":"3","64":"3"},"44":{"9Q":"3","F3":"3","F7":"3","F5":"3","92":"3","G9":"3","C3":"3","CJ":"3","CP":"3","CM":"3","P3":"3","9P":"3","CC":"3","9C":"3"},"9M":{"4X":"3"},"84":{"2M":"3"},"8J":{"MF":"3"},"4H":{"34":"3"},"J4":{"X7":"3"},"MR":{"XM":"3"},"CG":{"G7":"3"}},"VR":{"53":{"WX":"3","VV":"3"},"V5":{"2Q":"3"},"7G":{"PW":"3"},"V2":{"V2":"6","29":"3"},"H3":{"WX":"3","WW":"3"},"QC":{"CF":"3"},"88":{"2P":"3"},"GV":{"HP":"3","JJ":"3"},"8M":{"8F":"3","2M":"3"},"JP":{"2P":"3"},"W7":{"QW":"3"},"63":{"MH":"3","HP":"3","MF":"3","JM":"3","MG":"3","9M":"3","JG":"3","PH":"3"},"R2":{"X9":"3","XF":"3"},"X3":{"59":"3","XF":"3"},"73":{"Q4":"3","PG":"3","Q7":"3","Q6":"3","P6":"3"},"G9":{"QG":"3"},"44":{"V7":"3","Q4":"3","JQ":"3"},"X4":{"RP":"3","G6":"3","P8":"3","J7":"3","92":"3","G7":"3","8G":"3","PQ":"3","PM":"3","PP":"3","VH":"3","P7":"3"},"V3":{"W9":"3"},"Q7":{"53":"3"},"CC":{"JV":"3"},"6M":{"JM":"3"},"X2":{"VQ":"6","J9":"3"},"WP":{"H5":"3"},"V7":{"FX":"3","GW":"3","8X":"3","HX":"3"},"54":{"W2":"3","W5":"3","X3":"3","7J":"3","WF":"3"},"H7":{"XV":"3"},"J7":{"X3":"3","2R":"3","P3":"3","F3":"3"},"V4":{"G3":"3","2H":"3","PV":"3"},"6W":{"2R":"3","PH":"3"},"W2":{"H2":"6","MQ":"3","H3":"6","W7":"3","PQ":"3"},"66":{"RQ":"3"},"F2":{"Q8":"3","J7":"3"},"64":{"44":"3","99":"3","76":"3","94":"3","46":"3"},"W5":{"47":"3"},"VW":{"RF":"3","PG":"3","VJ":"3","QG":"3","RJ":"3","RG":"6|3"},"M3":{"J2":"3","73":"3","84":"3","C3":"3","P9":"3","75":"3"},"5V":{"RF":"3","HQ":"3","JQ":"3","MP":"3"},"R3":{"28":"3"},"M5":{"XF":"3"},"72":{"XH":"3","Q5":"3"},"98":{"RP":"3"},"6F":{"2G":"3","2F":"3","2C":"3"},"6X":{"8F":"3","9X":"3","88":"3"},"X7":{"P4":"3"},"H2":{"P5":"3"},"5F":{"XG":"3","XF":"3","XC":"3"},"P5":{"6R":"3"},"J6":{"GX":"3"},"J2":{"J5":"3","H3":"3","J4":"3","J6":"3"},"8W":{"Q4":"3","Q3":"3","P4":"3","P3":"3"},"26":{"R8":"3"},"P2":{"76":"3"},"Q2":{"97":"3"},"M6":{"CQ":"3"},"32":{"6R":"3"},"R7":{"7X":"3"}},"VX":{"RP":{"74":"3"},"RM":{"4X":"3"},"F5":{"77":"3"},"HC":{"G5":"3"},"RQ":{"WX":"3"},"PH":{"VX":"3","PM":"3"},"HF":{"P5":"3"},"HG":{"MM":"3"}},"VV":{"62":{"M9":"3"},"F3":{"8P":"3","8M":"3","7M":"3","7P":"3","9M":"3"},"J2":{"H2":"3","M6":"3","J2":"3","J3":"3","J6":"3"},"V2":{"RF":"3"},"G2":{"QX":"3"},"3V":{"76":"3","77":"3"},"X9":{"QX":"3"},"XC":{"Q3":"3"},"CJ":{"3F":"3","4C":"3","4F":"3","3C":"3"},"X8":{"5H":"3"},"6G":{"93":"3"},"MR":{"8W":"3"},"35":{"48":"3","66":"3","78":"3","8H":"3","76":"3","5Q":"3","46":"3","77":"3"},"6F":{"9X":"3"},"84":{"4V":"3"},"GX":{"VX":"3","VW":"3"},"59":{"49":"3"}},"VQ":{"PP":{"FP":"3|6","69":"3","FM":"3","PX":"3","FQ":"3","23":"3","FJ":"3","GJ":"3","QW":"3","QX":"3"},"CQ":{"8J":"3","8M":"3","J6":"3"},"WR":{"28":"3","76":"3","49":"3","XM":"3","39":"3","48":"3","4C":"3","29":"3","WR":"3","GH":"3","38":"3","5C":"3","XV":"3","3C":"3","2C":"3"},"2P":{"QG":"3"},"CP":{"VQ":"3","VM":"3","RP":"3","VJ":"3","V7":"3","R4":"3","XM":"3","X8":"3","VP":"3","XJ":"3","WM":"3","Q5":"3","QQ":"3","QR":"3","X7":"3"},"FM":{"6R":"3","FW":"3"},"RQ":{"CF":"3","GC":"3","9P":"3"},"QQ":{"CQ":"3"},"WV":{"XC":"3","M2":"3","X8":"6"},"CW":{"2W":"3"},"MP":{"W2":"3","JX":"3"},"5M":{"3G":"3","39":"3","3C":"3"},"VQ":{"Q9":"3","X6":"3","97":"3","C8":"3","99":"3","M7":"3","C9":"3","98":"3","4J":"3","P7":"3"},"JP":{"4V":"3"},"9V":{"79":"3","7C":"3","Q8":"3","FG":"3","CH":"3"},"9J":{"7R":"3","8R":"3","XR":"3","8Q":"3","6C":"3","VQ":"3","QG":"3","7Q":"3"},"MM":{"VR":"3","WQ":"3"},"6M":{"7F":"3","7C":"3","6F":"3","6C":"3"},"VV":{"37":"3","24":"3","47":"3"},"XR":{"VM":"3","3P":"3","2P":"3","3V":"3","W2":"3","QM":"3","X3":"3","9H":"3","W3":"3","4V":"3","X4":"3","38":"3","98":"3","F6":"3","PW":"3","2M":"3","X2":"3","2Q":"3","VW":"3"},"PV":{"47":"3","67":"3","45":"3","65":"3","49":"3","48":"3","46":"3","55":"3","68":"3","57":"3","93":"3","58":"3","66":"3","56":"3"},"2X":{"29":"3"},"9R":{"97":"3"},"CJ":{"5R":"3","4Q":"3","3P":"3","3W":"3"},"7P":{"56":"3"},"WW":{"CG":"3"},"RV":{"W6":"3","X8":"3","W8":"3"},"XG":{"R4":"3","PR":"3","RQ":"3","WV":"3","RP":"3","VM":"3","P8":"3","R8":"3","R9":"3","GG":"3","VP":"3","VV":"3","XR":"3","V3":"3","VF":"3","VX":"3","X8":"3","WW":"3","Q8":"3","XW":"3","FG":"3","GH":"3","WX":"3","V9":"3","HG":"3","VR":"3","R7":"3","RX":"3","Q7":"3","VH":"3","RH":"3","RC":"3","VJ":"3","V8":"3","XV":"3","VW":"3","HC":"3","JH":"3","Q9":"3","P7":"3","RR":"3","GC":"3","RF":"3","VG":"3"},"WQ":{"W4":"3","V2":"3","H3":"3","P4":"3","M2":"3","XC":"3","36":"3","R2":"3","X3":"3","X4":"3","V3":"3","96":"3","95":"3","XM":"3","3P":"3","V9":"3","48":"3","J7":"3","Q6":"3","W2":"6|3","59":"3","2Q":"3","JX":"3","HM":"3","46":"3","F2":"3","39":"3","64":"3","XH":"3","M3":"3","J5":"3","HH":"3","6C":"3","XX":"3","28":"3","45":"3","38":"3","35":"3","C3":"3"},"FQ":{"CF":"3","9F":"3","8G":"3","FG":"3"},"CM":{"25":"3","C2":"3","96":"3","87":"3","98":"3","97":"3","92":"3","88":"3","86":"3"},"XQ":{"QP":"3","J4":"3","33":"3","JM":"3","86":"3","56":"3","MP":"3","JP":"3","PQ":"3","G9":"3","85":"3","44":"3","PR":"3","34":"3","95":"3","QQ":"3","3P":"3","MJ":"3","54":"3","3H":"3","C2":"3","P3":"3","24":"6","R9":"6","8W":"3","C3":"3","PP":"3","G5":"3","8V":"3"},"XW":{"HM":"3","G8":"3","FP":"3","FR":"3","Q2":"3","GP":"3","MP":"3","H9":"3","HC":"3","FQ":"3","XH":"3","PW":"3","9V":"3","2Q":"3"},"WM":{"WW":"3"},"JR":{"GF":"3"},"3X":{"7C":"3"},"2W":{"X6":"3"},"PQ":{"Q2":"3","P2":"3","FM":"3","R2":"3","GM":"3","FJ":"3","GJ":"3"},"XX":{"3F":"3","84":"3"},"WX":{"PJ":"3","J2":"6","88":"3"},"4M":{"92":"3"},"FX":{"JC":"3"},"FP":{"79":"3","87":"3","47":"3","67":"3","H3":"3","J2":"3","27":"3","28":"3","HJ":"3","89":"3","HH":"3","FF":"3","G9":"3","F9":"3","C8":"3","H9":"3","HC":"3","JJ":"3","C9":"3","29":"3","GH":"3","GC":"3","JH":"3","F8":"3","37":"3","98":"3","88":"3","H6":"3","GJ":"3","GF":"3","CC":"3","FC":"3","66":"3","9C":"3","GG":"3"},"XH":{"W2":"3","V2":"3","W3":"3"},"5X":{"3M":"3","4H":"3","2M":"3"},"MQ":{"RW":"3","QW":"3","RX":"3","QX":"3"},"5W":{"69":"3","3F":"3","5C":"3","79":"3"},"PM":{"HQ":"3","MP":"3"},"XV":{"WV":"6|3","G3":"3","RV":"3","XR":"3","VR":"3","VV":"3","RJ":"3","CM":"3","35":"3","33":"3","WW":"3","QR":"3","PW":"3","25":"3","XV":"3","2C":"3","VW":"3"},"VW":{"MJ":"3","WV":"3","JQ":"3","MP":"3"},"XP":{"CX":"3"},"9M":{"X3":"3"},"WP":{"WX":"6|3","QR":"3","WR":"3","VV":"3","VR":"3","WV":"3|6","RV":"3","WW":"3|6","RR":"3","WQ":"3","VX":"3","QX":"3","VW":"3","VQ":"3","XX":"3"},"XF":{"MJ":"3","H8":"3","H2":"3","J2":"3","MC":"3","RX":"3","G2":"3","F4":"3"},"GP":{"JW":"3","XX":"3"},"RR":{"GR":"3","GQ":"3"},"7M":{"JC":"3","HF":"3","H9":"3","33":"3","HC":"3","34":"3","J9":"3"}}},"index":{"university,1|retail,2|tourism,3|wreck,4|historical,5|artsCulture,6|namedBuilding,7|water,8|wetland,9|park,10|beach,11|natureReserve,12|cemetery,13|trail,14":{}}}