{"4Q":{"WH":{"HJ":{"Q7":"3","R7":"3"},"G4":{"G7":"3"},"GR":{"36":"3"},"J7":{"M8":"3"},"H3":{"H2":"3"},"J8":{"Q7":"3"},"J3":{"3F":"3"},"FV":{"CV":"3"}},"WR":{"JV":{"39":"3"},"QC":{"84":"3","83":"3"},"JW":{"CF":"3","CC":"3"},"HX":{"CW":"3"},"PR":{"V3":"3"},"RR":{"2G":"6|3","2H":"3","2F":"3","29":"3","28":"3"},"QR":{"XH":"3","X9":"3","X8":"3"},"PH":{"PX":"3"}},"R4":{"36":{"P6":"3"},"62":{"6H":"3"},"25":{"H9":"3","G9":"3"},"G4":{"RV":"3"},"4V":{"5X":"3"},"26":{"59":"3","3V":"3","4C":"3"},"24":{"C9":"3","F9":"3","CC":"3"},"4P":{"7W":"3"},"6G":{"RX":"3","XJ":"3"},"3H":{"GG":"3","RV":"3","FJ":"3","GH":"3","FG":"3","FH":"3"}},"V7":{"M3":{"HF":"3"},"Q9":{"Q8":"3","Q9":"3","H3":"3","G7":"3","PG":"3","MG":"3","G5":"3","JC":"3","Q6":"3","H7":"3","Q4":"3","P2":"3","MF":"3","J9":"3","MC":"3","PF":"3","G6":"3","H8":"3","H9":"3","G4":"3","Q3":"3","M6":"3","Q7":"3","P3":"3","H2":"3","PC":"3","Q5":"3","R6":"3","P9":"3","H4":"3","R5":"3"},"Q8":{"JW":"3","MW":"3","PX":"3","JX":"3","HX":"3","MX":"3","JV":"3"},"PC":{"FJ":"3"},"72":{"CG":"3"},"RM":{"GF":"3"}},"QW":{"WQ":{"8P":"3","8Q":"3","8J":"3","2F":"3","7P":"3"},"CV":{"F8":"3"},"CG":{"38":"3","47":"3"},"4P":{"79":"3"},"3V":{"6P":"3"},"V3":{"27":"3"},"9P":{"XX":"3"},"8W":{"RQ":"3","G4":"3","G3":"3","75":"3"},"4H":{"3F":"3","7V":"3","5W":"3","2W":"3","2V":"3","7X":"6","6V":"3","R5":"6","4W":"3"},"FW":{"9X":"3","CX":"3"},"RP":{"WX":"3","VX":"3","HW":"3"},"2J":{"GW":"3","7G":"3","CW":"3","8G":"3","XM":"3","QV":"3","7H":"3","CJ":"3","7V":"3","MV":"3","PX":"3","PV":"3","6H":"3","GR":"3","QR":"3","PW":"3","H5":"6","8H":"3"},"8P":{"36":"3"},"5P":{"7W":"3","CW":"3","HJ":"3","5G":"3","CV":"3","GH":"3","GM":"3","5R":"3","9P":"3","42":"3"},"7W":{"PW":"3","MR":"3"},"4Q":{"9W":"3","CX":"3"},"GW":{"7X":"3"},"JW":{"X9":"3","X4":"3","XC":"3","W9":"3","X8":"3"},"3J":{"HW":"3","V6":"3","F3":"3","3R":"3","H4":"3","H3":"3","P4":"3","J3":"3","G4":"3","63":"3","P6":"3","G6":"3","73":"3","G9":"3","85":"3","75":"3","94":"3","H8":"3","Q4":"3","R8":"3","J7":"3","V4":"3","W2":"3","93":"3","87":"3","F2":"3","JR":"3","J5":"3","M5":"3","G2":"3","74":"3","Q5":"3","F6":"3","82":"3","3V":"3","R4":"3","P5":"3","H5":"3","J6":"3","P3":"3","G3":"3","5R":"3","MM":"6|3","J2":"3","C5":"3","M6":"3","G5":"3","M7":"3","C6":"6","R7":"3","84":"3","3F":"3"},"7M":{"JC":"6","MF":"3","F7":"3","JF":"3","7P":"3","JG":"3"},"2M":{"FH":"3","HJ":"3","H3":"3","JV":"3","M2":"3","PW":"3","7Q":"3","WH":"3","MW":"3","FP":"3","XM":"3","CC":"3","F9":"3","JX":"3","MR":"3","JR":"3","PV":"3","PC":"3","MX":"3","G3":"3","MV":"3","JW":"3","FC":"3","P2":"3","GM":"3","F8":"3"},"R4":{"7W":"3","7V":"3","8X":"3","9P":"3","7X":"3"},"H7":{"F4":"3"},"8J":{"9M":"3"},"8R":{"H9":"3","4P":"3","VH":"3"},"2G":{"V5":"3","W4":"3","HP":"6","68":"3","JM":"6","F7":"3","69":"3","7Q":"3","X3":"3","X4":"3","G8":"3","96":"3","95":"3","H8":"3","C7":"3","V4":"3","R5":"3","HM":"6","HC":"3","W5":"3","F6":"3","R4":"3","W3":"3","G7":"3","FG":"3","C6":"3"},"7J":{"64":"3"},"7H":{"72":"3","6V":"3","82":"3"},"5F":{"7J":"3","5X":"3","3P":"3","6J":"3","3V":"3","6P":"3","FP":"3","7H":"3"},"3M":{"WX":"3","QH":"3","59":"3","26":"3","22":"3","9M":"3","56":"3","QG":"3"},"9X":{"X5":"3"},"XM":{"FM":"3","CR":"3","FP":"3","9R":"3"},"CQ":{"X8":"3"},"5X":{"H3":"3","J3":"3"},"5J":{"7F":"3","79":"3","C7":"3","M2":"3","32":"3","7G":"3"},"PQ":{"H8":"3","GC":"3","H7":"3","G9":"3"},"XQ":{"3X":"3"},"6G":{"H6":"3","F5":"3"},"8V":{"GR":"3","HR":"3"},"4M":{"G9":"3"},"3F":{"WX":"3","XQ":"3","VX":"3"},"8M":{"8Q":"3","JH":"3","JQ":"3","F7":"3","9P":"3","JJ":"3","HM":"3","PQ":"3","9M":"3","JG":"3"},"9R":{"3X":"3","CP":"3","4X":"3","9Q":"3","CQ":"3"},"WX":{"M6":"3"},"3P":{"WR":"3","W2":"3","X4":"3","Q8":"3","92":"3","GF":"3","V5":"3","R5":"3","MG":"3","W4":"3","JG":"3"},"5M":{"CF":"3","CR":"3"},"P6":{"5R":"3"},"FX":{"QG":"3","VJ":"3","F5":"3","95":"3","XM":"3","7X":"3","PG":"3","93":"3","72":"3","WJ":"3","C2":"3","92":"3","6X":"3","G7":"3","C3":"3","F4":"3","G5":"3","PF":"3"},"H8":{"8R":"3"},"9M":{"MJ":"3"},"R5":{"V7":"3","83":"3"},"8H":{"49":"3","4C":"3","3C":"3"},"GX":{"RF":"3","GW":"3"},"6F":{"9J":"3"},"3H":{"HW":"3","JM":"3","GV":"3","VF":"6","3Q":"3","7Q":"3","VJ":"3","G6":"3","99":"6","G9":"6","MW":"3","WW":"3","9Q":"3","CW":"6|3","CX":"3","FR":"3","FX":"3","9W":"3","PJ":"3","FV":"3","8X":"3","GW":"3","59":"3","2Q":"3","GX":"3","JX":"3|6","WV":"3","HX":"3","FW":"3","PV":"3","CQ":"3","RR":"3","9X":"3","MX":"3","WR":"3","HV":"3","CV":"3","JW":"3|6","VV":"3"},"4G":{"FX":"3","R2":"3","Q2":"3"},"9C":{"X5":"3"},"2P":{"79":"3","75":"3","7J":"3","6V":"3","9Q":"3","65":"3","G5":"3","8J":"3","6P":"3","7R":"3","89":"3","7M":"3","7V":"3","G4":"3","6R":"3","78":"3","8Q":"3","38":"3","37":"3","35":"3","7P":"3","8M":"3","33":"3","9P":"3","9M":"3","5Q":"3","66":"3","8R":"3","56":"3","6Q":"3"},"VC":{"29":"3"},"7G":{"7W":"3","5J":"3","9X":"3","8X":"3","7X":"3","4M":"3"},"2H":{"XF":"3","VQ":"3","WQ":"6","RX":"3","VP":"3","2J":"3","WR":"3","XX":"3","5V":"6","5R":"6","RC":"3"},"Q2":{"GC":"3","MC":"3","F9":"3","FC":"3","G9":"3"},"4F":{"CM":"3","PX":"3","JQ":"3","JV":"3","GV":"3","WX":"3","6P":"3","WH":"3","6R":"3","MW":"3","9Q":"3","FR":"3","4R":"3","FV":"3","MR":"3","XG":"3","WG":"3","XH":"3","RW":"3","QR":"3","HV":"3","7P":"3","4Q":"3"},"2V":{"VW":"3"},"CW":{"QP":"3","VQ":"3"},"5V":{"HP":"3","HR":"3","GP":"3","HV":"3"},"7X":{"75":"3","G8":"3","X6":"3","65":"3","54":"3","64":"3","55":"3","66":"3","56":"3"},"FM":{"FM":"3","CQ":"3"},"W2":{"RP":"3","PX":"3"},"4V":{"7H":"3","5H":"3"},"3Q":{"PR":"3","53":"3"},"5R":{"69":"3","58":"3","68":"3","57":"3","47":"3","Q5":"3"},"RR":{"JJ":"3"},"6M":{"9Q":"3","GW":"3","CW":"3","9G":"3","FM":"3","CJ":"3","7V":"3","VH":"3","9F":"3","WH":"3","8V":"3"},"RG":{"J9":"3"},"6W":{"R4":"3","XF":"3"},"4J":{"67":"3","5G":"3","97":"3","5F":"3","CX":"3","92":"3","39":"3","6G":"3","5H":"3","38":"3","57":"3","43":"3","X2":"3"},"CX":{"6X":"3","5W":"3"},"5G":{"43":"3","36":"3","35":"3","44":"3","25":"3","QH":"3","52":"3","45":"3","26":"3","53":"3"},"V4":{"MG":"3"},"RC":{"X9":"3"},"HG":{"68":"3","65":"3"},"6H":{"PR":"3","MV":"3","RR":"3","PV":"3","RQ":"3","MR":"3","QQ":"3","QR":"3"},"5H":{"RX":"3"},"CP":{"3X":"3","5W":"3","4W":"3","5V":"3"},"8X":{"88":"3"},"3G":{"5X":"3","24":"3","5M":"3","F9":"3","X7":"3","23":"3","6Q":"3","22":"3","9Q":"3","7Q":"3"},"4R":{"MC":"3"},"WM":{"GR":"3"},"JM":{"WJ":"3"},"MW":{"39":"3","45":"3","97":"3","67":"3","2C":"3","74":"3","38":"3","29":"3","57":"3","28":"3","75":"3"},"6J":{"QW":"3","RX":"3","6Q":"3"}},"PR":{"RW":{"V8":"3"},"7J":{"3H":"3"},"3P":{"2Q":"3","6H":"3","6J":"3","7J":"3"},"RV":{"8W":"3","8V":"3"},"8X":{"CC":"3","6G":"3","FC":"3"},"2P":{"XQ":"3","WJ":"3","XP":"3","WM":"3","WP":"3","XJ":"3","XM":"3"},"6J":{"XQ":"3","XP":"3"},"8W":{"45":"3"},"PR":{"JW":"3"},"7H":{"2V":"3"},"PV":{"7X":"3"},"6H":{"XV":"3","WR":"3","WV":"3"},"XX":{"W8":"3"},"2W":{"C4":"3","94":"3"},"QR":{"7R":"3","6P":"3","6R":"3","6Q":"3","7J":"3","3H":"3","7Q":"3"},"PW":{"JR":"3","GR":"3","67":"3"},"2R":{"P8":"3","P4":"3","JC":"3","M9":"3","P6":"3","Q4":"3","M8":"3","R6":"3","J7":"3","Q6":"3","R5":"3","J9":"3","M4":"3","M5":"3","Q5":"3","MC":"3","R4":"3","P7":"3","P5":"3","J6":"3","J8":"3","M6":"3","M7":"3"},"2M":{"X4":"3","XG":"3","X5":"3","W4":"3","W3":"3"},"2Q":{"WQ":"3"},"QX":{"4G":"3","4H":"3","7J":"3","2J":"3","3H":"3"}},"X2":{"GR":{"MG":"3"},"55":{"M6":"3"},"HV":{"F7":"3"}},"PX":{"X9":{"5F":"3"},"V5":{"M3":"3","Q6":"3","R4":"3","V7":"3","X6":"3","Q5":"3","X2":"3","W2":"3","J2":"3","Q2":"3","R6":"3","P6":"3","V5":"3","J3":"3","P2":"3","P8":"3","R2":"3","R8":"3","W3":"3","W7":"3","X4":"3","X7":"3","V3":"3","P3":"3","V4":"3","R3":"3","M5":"3","X8":"3","V2":"3","Q8":"3","X3":"3","Q3":"3","X5":"3","W4":"3","X9":"3","R7":"3","P4":"3","W6":"3","M6":"3","Q7":"3","P5":"3","M4":"3","V6":"3","V8":"3","Q4":"3","M7":"3","M2":"3","XC":"3","XF":"3","P7":"3","W5":"3","J4":"3","W8":"3","R5":"3"},"V6":{"VG":"3"},"V8":{"48":"3","CF":"3","92":"3","9F":"3","9G":"3","72":"3","82":"3","CG":"3"},"W4":{"3R":"3","4V":"3","3Q":"3","4W":"3","6R":"3","3X":"3","2R":"3","7X":"3","4R":"3","8X":"3","6W":"3","5W":"3","2Q":"3","2X":"3","5V":"3","7V":"3","3W":"3","6X":"3","5X":"3","3V":"3","2V":"3","4X":"3","7W":"3","5R":"3","8W":"3","6V":"3","4Q":"3","2W":"3","2P":"3"},"J4":{"FX":"3"},"V2":{"3G":"3","4G":"3"},"QF":{"24":"3"},"QC":{"5R":"3","FF":"3","GC":"3","F9":"3","GF":"3","6Q":"3","5Q":"3","FC":"3","G9":"3"},"88":{"6M":"3","5J":"3","8Q":"3","GV":"3","6H":"3","6J":"3","5H":"3","5G":"3","HV":"3","7Q":"3"},"M2":{"CV":"3"},"M9":{"CM":"3","CJ":"3","9J":"3","9M":"3"},"MG":{"X4":"3","V6":"3","X3":"3","X5":"3","R6":"3","4M":"3"},"VJ":{"84":"3"},"85":{"47":"3"},"F5":{"PM":"3"},"WW":{"75":"3"},"78":{"VW":"3"},"V7":{"HM":"3","MG":"3","JF":"3","8X":"3","7X":"3","JG":"3","CV":"3","VH":"3","JH":"3","HG":"3","HP":"3","JM":"3"},"PG":{"24":"3","23":"3"},"C9":{"7F":"3"},"V4":{"PP":"3","WR":"3","QP":"3","QW":"3","PR":"3","PX":"3","RQ":"3","JX":"3","MW":"3","QQ":"3","WV":"3","QX":"3","MP":"3","RP":"3","RW":"3","VQ":"3","VM":"3","JP":"3","MM":"3","VP":"3","VV":"3","XR":"3","QV":"3","PV":"3","VX":"3","WW":"3","RV":"3","WQ":"3","RM":"3","QM":"3","XQ":"3","XW":"3","JQ":"3","JR":"3","JM":"3","MV":"3","PQ":"3","MX":"3","XX":"3","WX":"3","VR":"3","RX":"3","QR":"3","MQ":"3","JW":"3","PM":"3","XV":"3","JV":"3","VW":"3","XP":"3","PW":"3","WP":"3","RR":"3","MR":"3"},"6W":{"3V":"3","2V":"3"},"93":{"GG":"3","FG":"3"},"R5":{"XJ":"3"},"JX":{"M2":"3"},"WV":{"3R":"3","3Q":"3","3W":"3","4W":"3"},"F2":{"XW":"3"},"W8":{"55":"3","65":"3"},"39":{"XX":"3"},"W5":{"29":"3","64":"3","63":"3","54":"3","57":"3","83":"3","22":"3","52":"3","82":"3","75":"3","34":"3","38":"3","62":"3","67":"3","28":"3","55":"3","25":"3","33":"3","53":"3","26":"3","2F":"3","43":"3","32":"3","66":"3","42":"3","77":"3","23":"3","35":"3","56":"3","45":"3","72":"3","73":"3","24":"3","65":"3","36":"3","47":"3","58":"3","68":"3","37":"3","76":"3","2C":"3","74":"3","46":"3","44":"3","27":"3","84":"3","48":"3"},"MC":{"WJ":"3"},"5X":{"P8":"3"},"JH":{"C5":"3"},"R4":{"9G":"3"},"PC":{"7W":"3"},"9R":{"P6":"3"},"P2":{"2V":"3","2R":"3"},"GM":{"HX":"3","V5":"3"},"F4":{"VJ":"3"},"4C":{"H5":"3","32":"3"},"8V":{"54":"3","44":"3","25":"3","45":"3","55":"3","34":"3"},"PF":{"W4":"3","V4":"3"},"89":{"83":"3"},"3F":{"CJ":"3","7Q":"3"}},"RQ":{"XF":{"36":"3","35":"3","28":"3"},"VQ":{"34":"3"},"WF":{"V9":"3","X6":"3","W7":"3","V8":"3"},"3P":{"69":"3"},"45":{"H9":"3","HC":"3"},"RV":{"MP":"3"},"X9":{"X5":"3"},"6P":{"97":"3"},"64":{"R2":"3"},"VH":{"82":"3","83":"3"},"JJ":{"9X":"3"},"CQ":{"H4":"3","Q4":"3","J5":"3","J4":"3"},"37":{"39":"3","Q7":"3"},"35":{"RV":"3"},"7P":{"G7":"3"},"4P":{"R2":"3","R3":"3"},"73":{"5J":"3"},"72":{"4G":"3","X2":"3","5H":"3"},"WG":{"82":"3"}},"JX":{"RQ":{"P4":"3","M9":"3","MP":"3","P6":"3","Q7":"3","78":"3","M8":"3","Q6":"3","J9":"3","MC":"3","FW":"3","Q3":"3","JH":"3","P7":"3","P3":"3","MM":"3","P2":"3","PM":"3","FG":"3"},"QR":{"27":"3","J4":"3"},"RP":{"VV":"3","RW":"3","QV":"3","VW":"3"},"XP":{"5R":"3","5V":"3"},"PR":{"W2":"3","V2":"3","QC":"3"},"HX":{"52":"3"},"QV":{"PQ":"3"},"MV":{"7M":"3","5G":"3"},"GX":{"XV":"3","PW":"3","CX":"3","CW":"3","MX":"3"}},"WF":{"9Q":{"VG":"3","RG":"3"},"HR":{"WQ":"3"},"GV":{"V4":"3"},"CV":{"9F":"3"},"97":{"23":"3"},"9G":{"HH":"3","GH":"3"},"92":{"63":"3","64":"3"},"99":{"6Q":"3","5Q":"3"},"94":{"22":"3"},"85":{"R9":"3"},"CR":{"7M":"3"},"84":{"QJ":"3","RJ":"3"},"9C":{"7J":"3"}},"W2":{"Q8":{"WC":"3"},"R9":{"9M":"3"},"45":{"FQ":"3"},"VJ":{"6H":"3"},"9G":{"FM":"3"},"P2":{"PF":"3","J8":"3"},"22":{"JW":"3"},"46":{"M7":"3"},"68":{"3F":"3","9V":"3","8V":"3"},"23":{"VC":"3"},"8C":{"8X":"3"},"57":{"QX":"3","HM":"3"},"58":{"V4":"3"},"PW":{"4H":"3","6J":"3"},"RC":{"6H":"3","6W":"3"}},"QQ":{"V6":{"2V":"3"},"C8":{"M7":"3"},"QC":{"78":"3"},"JF":{"78":"3"},"3J":{"JC":"3","7V":"3","CJ":"3","7X":"3","6F":"3"},"4V":{"44":"3"},"9V":{"96":"3","97":"3","86":"3","C7":"3"},"CJ":{"48":"3"},"G9":{"3X":"3"},"99":{"66":"3"},"FM":{"CF":"3"},"3M":{"4J":"3","49":"3","JM":"3","QQ":"3","5H":"3"},"FX":{"QX":"3"},"7X":{"7W":"3","3R":"3","8X":"3","7X":"3","9W":"3","8W":"3","8V":"3","4Q":"3","9V":"3","6Q":"3"},"V7":{"FC":"3"},"FF":{"QC":"3"},"6W":{"78":"3","67":"3","9F":"3","FP":"3","77":"3"},"9F":{"FF":"3","GC":"3","M7":"3","GF":"3","HM":"3","FC":"3"},"J9":{"J3":"3"},"5M":{"6J":"3"},"2X":{"QR":"3","4G":"3","PR":"3","QQ":"3"},"5V":{"V6":"3","Q3":"3","R6":"3","R7":"3","R5":"3","P3":"3"},"7V":{"CM":"3","J4":"6","3R":"3","H4":"6","V2":"3","M2":"3","3Q":"3","R2":"3","G9":"3","FM":"3","G8":"3","FP":"3","4R":"3","H8":"3","9J":"3","H6":"3","9M":"3","M3":"3","J5":"6","GJ":"3","Q3":"3","W3":"3","H5":"6|3","CP":"3"},"HR":{"HW":"3"},"FW":{"C9":"3","5H":"3"},"6X":{"87":"3","VM":"3","RP":"3","86":"3","RM":"3","J4":"3","P2":"3","M4":"3","77":"3","VP":"3","P3":"3","P4":"3","M5":"3"},"CQ":{"6F":"3"},"X7":{"P9":"3"},"PC":{"MC":"3"},"4X":{"W5":"3"},"VP":{"5J":"3"},"GF":{"P5":"3"},"MV":{"2J":"3"},"CV":{"9H":"3"},"FC":{"8C":"3","9J":"3","9M":"3"},"7R":{"XH":"3"},"PP":{"MG":"3","PH":"3"},"4Q":{"RH":"3"},"8V":{"54":"3","73":"3","84":"3","63":"3","83":"3"},"5Q":{"QJ":"3"},"R7":{"G9":"3"},"FQ":{"5R":"3"},"4P":{"P8":"3"},"89":{"PH":"3"}},"W9":{"3G":{"H9":"3"},"37":{"RP":"3"},"42":{"24":"3","2C":"3"},"32":{"X9":"3","XC":"3"},"4M":{"56":"3"}},"WV":{"48":{"FX":"3","FW":"3","GX":"3"},"58":{"6H":"3","6G":"3"},"76":{"JH":"3","JJ":"3"},"67":{"GR":"3","GQ":"3"}},"R6":{"Q3":{"CF":"3","CG":"3"}},"V5":{"GW":{"WV":"3"},"Q9":{"GG":"3"},"JM":{"F8":"3","8H":"3","C8":"3"},"GH":{"WR":"3"},"JJ":{"W9":"3","X8":"3"},"V5":{"H8":"3","PC":"3"},"GX":{"W3":"3"}},"QX":{"7G":{"7R":"3","5R":"3","3V":"3","Q8":"3","6Q":"3"},"F3":{"4G":"3"},"HJ":{"92":"3"},"H4":{"RP":"3","RH":"3"},"JF":{"66":"3"},"RX":{"7W":"3","FP":"3","P2":"3","9R":"3","CP":"3","GM":"3","FQ":"3","9P":"3","FJ":"3","GJ":"3"},"WM":{"9R":"3"},"22":{"X6":"3","X5":"3"},"62":{"FV":"3"},"CJ":{"Q2":"3"},"36":{"99":"3"},"73":{"RQ":"3","VR":"3","QQ":"3"},"75":{"GR":"3"},"WH":{"PP":"3","JG":"3"},"PR":{"M4":"3","Q8":"3"},"7H":{"WQ":"3","XF":"3","23":"3","RC":"3"},"6H":{"X6":"3","X4":"3","VC":"3","X7":"3","X3":"3","RC":"3"},"2R":{"88":"3"},"XM":{"79":"3","7F":"3","8F":"3","JW":"3","97":"3","3M":"3","6C":"3","7C":"3","5C":"3","8H":"3","9C":"3"},"5H":{"5P":"3"},"4F":{"JC":"3","HC":"3","J9":"3"},"PJ":{"4J":"3","3M":"3","2H":"3","4H":"3","2J":"3","4M":"3","3H":"3","3J":"3"},"JJ":{"W9":"3","QJ":"3","W8":"3"},"CF":{"GH":"3"},"MJ":{"5C":"3","49":"3","59":"3","4C":"3"},"V9":{"G3":"3"},"2M":{"CF":"3"},"XQ":{"F6":"3","64":"3","75":"3"},"9J":{"W2":"3","77":"3"},"54":{"8G":"3"},"JG":{"RH":"3"},"9M":{"98":"3","88":"3"},"VM":{"C8":"3","QJ":"3"},"93":{"9V":"3"},"R5":{"FP":"3"},"8J":{"9X":"3","JR":"3"},"WV":{"M3":"3","VR":"3","RX":"3"},"4J":{"V5":"3","W8":"3"},"R3":{"CM":"3","CV":"3","FM":"3","HM":"3","RM":"3","9Q":"3","CQ":"3"},"G2":{"M4":"3","M3":"3","J2":"3","4H":"3","H3":"3","R3":"3","85":"3","J4":"3","J3":"3"},"VC":{"WQ":"3","VQ":"3"},"8F":{"2P":"3"},"C2":{"8F":"3","G5":"3","J4":"3","J6":"3","G4":"3","J5":"3","M5":"3","H4":"3","H5":"3"},"76":{"48":"3","37":"3","X5":"3","57":"3","47":"3"},"CH":{"JW":"3","JX":"3","HX":"3","MV":"3"},"RW":{"GW":"3","PJ":"3"},"45":{"W6":"3"},"H2":{"6M":"3","6P":"3","5J":"3","4J":"3","5P":"3","3M":"3","4G":"3","5M":"3","4P":"3","4H":"3","6Q":"3","5H":"3","7P":"3","4M":"3","7Q":"3","3J":"3"},"38":{"RF":"3","M6":"3","R8":"3","WC":"3","M8":"3"},"VX":{"Q7":"3"},"32":{"25":"3","26":"3"},"84":{"W2":"3"}},"RP":{"XF":{"MQ":"3","MR":"3"},"W8":{"6H":"3"},"X6":{"6C":"3"},"8X":{"WC":"3"},"PP":{"9W":"3"},"MQ":{"MM":"3","CX":"3","MP":"3"},"QP":{"WF":"3"},"RM":{"JP":"3","JR":"3","MP":"3","JV":"3","HR":"3","HV":"3"},"R7":{"W6":"3"},"CV":{"R4":"3","Q4":"3","Q5":"3"},"8W":{"W4":"3"},"QM":{"8F":"3","9F":"3","8G":"3"},"9R":{"GJ":"3","8X":"3","CR":"3","GQ":"3"},"X5":{"MW":"3"},"PQ":{"7J":"3","GQ":"3"},"V9":{"47":"3"},"WH":{"4R":"3"},"8V":{"RQ":"3","XV":"3"},"9V":{"3Q":"3","7J":"3","3R":"3","3P":"3","63":"3","7M":"3","3M":"3","7P":"3","57":"3","2R":"3"}},"RW":{"FH":{"M9":"3"},"CV":{"XR":"3"},"V7":{"WX":"3"},"R2":{"96":"6|3","7F":"3","8F":"3","7G":"3","F5":"3","95":"3","C4":"6","9F":"3","F6":"3","8C":"3"},"2X":{"C6":"3"},"C8":{"6M":"3"},"8W":{"9Q":"3","JG":"3","HJ":"3","9G":"3","GP":"3","9H":"3","G9":"3","7V":"3","9R":"3","PM":"3","CP":"3","CQ":"3","FJ":"3","FG":"3","FH":"3","8V":"3","CR":"3","CF":"3","GF":"3","9J":"3","8R":"3"},"XC":{"2G":"3"},"9W":{"64":"3"},"FV":{"2V":"3"},"2J":{"9X":"3"},"RJ":{"24":"3"},"GP":{"W9":"3"},"WC":{"XH":"3"},"RW":{"X9":"3","WC":"3","XC":"3","WF":"3"},"Q4":{"6C":"3"},"35":{"F7":"3","P7":"3","F6":"3"},"C9":{"5V":"3"},"3J":{"RC":"3"},"9V":{"PV":"3"},"PH":{"CC":"3","F4":"3"},"2M":{"92":"3"},"F6":{"7F":"3"},"R6":{"4X":"3"},"HV":{"HR":"3","VQ":"3"},"XF":{"XH":"3"},"7H":{"36":"3"},"QJ":{"VC":"3","V2":"3","V3":"3","W2":"3","W3":"3","V4":"3","X4":"3","R5":"3"},"5F":{"3Q":"3"},"MG":{"GX":"3"},"9X":{"QV":"3"},"CQ":{"M4":"3","R5":"3"},"25":{"HV":"3"},"W6":{"MJ":"3","8P":"3","MM":"3","76":"3","4F":"3"},"5Q":{"CW":"3"},"Q3":{"XP":"3"},"5J":{"96":"3","97":"3","86":"3","63":"3","28":"3","64":"3"},"8C":{"53":"3"},"GJ":{"24":"3","23":"3"},"J6":{"X5":"3"},"J9":{"RV":"3","W6":"3"},"P9":{"J2":"3","F4":"3"},"W4":{"XW":"3"},"R8":{"52":"3","92":"3","42":"3","82":"3"},"3P":{"HF":"3","MF":"3","JF":"3"},"86":{"98":"3"},"R5":{"3P":"3"},"H5":{"M6":"3","M5":"3"},"34":{"8M":"3"},"42":{"M4":"3"},"CC":{"JW":"3","JV":"3"},"3H":{"VV":"3","VQ":"3"},"J5":{"5C":"3"},"RF":{"CF":"3","9J":"3"},"QH":{"WJ":"3"},"VW":{"5F":"3","6G":"3","2C":"3","29":"3","5G":"3"},"G3":{"3M":"3"},"GC":{"JQ":"3","RM":"3"},"76":{"36":"3"},"96":{"PG":"3"},"4J":{"M9":"3","MC":"3","PC":"3","X5":"3","P9":"3"},"R3":{"Q9":"3","R9":"3","J9":"3"},"V4":{"C6":"3"},"HG":{"JP":"3"},"6H":{"7Q":"3"},"5H":{"JW":"3"},"X2":{"5J":"3","4J":"3","J2":"3","5H":"3","M2":"3","J6":"3","3J":"3"},"V2":{"XM":"3"},"6R":{"WQ":"3"},"66":{"C8":"3"},"X7":{"98":"3","78":"3","99":"3"},"M6":{"33":"3","23":"3","9Q":"3"}},"VQ":{"F8":{"CM":"3"},"5F":{"R5":"3"},"36":{"9R":"3"},"R4":{"GW":"3","HX":"3","GX":"3"},"V7":{"WJ":"3"},"VV":{"JR":"3","JV":"3","HR":"3","HV":"3"},"2G":{"7R":"3"},"CF":{"J8":"3"},"66":{"XH":"3","XJ":"3"},"9J":{"2V":"3"},"45":{"VC":"3","XR":"3","W2":"3","W3":"3","W4":"3","XX":"3","WH":"3","WG":"3","XG":"3"},"Q6":{"83":"3"},"F7":{"6W":"3"},"R3":{"QR":"3","QV":"3"},"55":{"3X":"3","2X":"3","2W":"3","3W":"3"},"M7":{"6X":"3"},"8G":{"C9":"3"},"GF":{"G4":"3"},"C8":{"QG":"3"},"R5":{"H2":"3","G2":"3"},"V4":{"6M":"3"},"CH":{"VQ":"3"},"P7":{"3V":"3"},"7G":{"WP":"3"}},"VM":{"QR":{"4H":"3"},"JW":{"CM":"3","CP":"3","FM":"3","FP":"3"},"QP":{"VQ":"3"},"RW":{"VQ":"3"},"JX":{"5R":"3","4X":"3","J5":"3"},"VM":{"FR":"3","CG":"3","FF":"3","44":"3","GQ":"3","GH":"3","GR":"3","FH":"3","CF":"3","GJ":"3","GF":"3","2R":"3","2Q":"3","GG":"3"},"RM":{"XR":"3","XQ":"3"},"VJ":{"4V":"3"}},"R2":{"62":{"GR":"3"},"C3":{"C4":"3","93":"3","92":"3","F4":"3","C3":"3","F3":"3"},"4R":{"HQ":"3","CC":"3","64":"3"},"7V":{"W6":"3"},"C4":{"H4":"3","J3":"3"},"85":{"5P":"3","P9":"3"},"3H":{"J4":"3"},"2F":{"WH":"3"},"C2":{"9X":"3","8Q":"3","9W":"3","G2":"3"},"37":{"6V":"3"},"32":{"HQ":"3","GJ":"3","GF":"3"},"34":{"3G":"3","2F":"3","2C":"3","3J":"3"},"24":{"XG":"3","XF":"3","XC":"3"},"4Q":{"CV":"3","PW":"3"}},"W3":{"86":{"GM":"3","JP":"3","MM":"3","QF":"3"},"JG":{"QG":"3"},"RM":{"23":"3","22":"3"},"J6":{"62":"3","52":"3","53":"3","42":"3","73":"3","63":"3","64":"3"},"QM":{"X4":"3","X2":"3","X3":"3","QF":"3","W3":"3"},"J5":{"7W":"3","4X":"3","4V":"3","6X":"3","5X":"3","5W":"3","7X":"3","6W":"3","6V":"3","5V":"3","4W":"3"},"QJ":{"VC":"3"},"GH":{"3H":"3"},"98":{"R5":"3"},"7C":{"2X":"3"}},"VP":{"87":{"QW":"3","QV":"3"},"G3":{"WC":"3"},"65":{"3X":"3","2V":"3","3W":"3","2R":"3"},"F7":{"59":"3"},"7R":{"HQ":"3","JP":"3","JQ":"3","HP":"3","QF":"3"},"Q4":{"QH":"3"},"3F":{"94":"3","84":"3"},"76":{"2W":"3","2V":"3","3W":"3","2R":"3"},"64":{"3G":"3"},"44":{"H7":"3","J4":"3"},"M7":{"W3":"3"},"HC":{"QR":"3","P2":"3"},"55":{"XX":"3"},"CM":{"WC":"3","WF":"3"},"33":{"MX":"3"},"6M":{"WF":"3"},"F6":{"PR":"3","R7":"3"},"73":{"H6":"3","6G":"3","6F":"3"},"HG":{"WJ":"3","WM":"3","VM":"3","VJ":"3"},"34":{"9H":"3"},"66":{"36":"3","35":"3","25":"3","49":"3","37":"3","33":"3","27":"3","26":"3","34":"3","23":"3","38":"3","29":"3","32":"3"},"43":{"9V":"3"},"56":{"JW":"3"}},"VV":{"8R":{"5V":"3"},"GP":{"GW":"3","9X":"3","8Q":"3","QW":"3","CX":"3","QV":"3","MR":"3"},"7G":{"F6":"3"},"CM":{"V4":"3"},"QG":{"5W":"3"},"9C":{"CH":"3"},"PX":{"3M":"3","2P":"3","2M":"3"},"GQ":{"47":"3","58":"3","57":"3","G6":"3","73":"3","94":"3","67":"3","48":"3","93":"3","66":"3","R3":"3","77":"3","C2":"3","F6":"3","92":"3","G7":"3","C3":"3","C4":"3"},"RX":{"MF":"3"},"3Q":{"54":"3","V3":"3","R6":"3","V4":"3"},"XC":{"8W":"3","8V":"3"},"99":{"8F":"3"},"75":{"92":"3"},"MW":{"5J":"3","6Q":"3"},"CX":{"HQ":"3"},"FR":{"JR":"3","Q2":"3","MQ":"3","PQ":"3","MP":"3","PP":"3","P6":"3"},"9W":{"F8":"3","G7":"3"},"3P":{"HX":"3","6V":"3"},"2Q":{"5J":"3","4J":"3"},"GX":{"Q9":"3","QC":"3","P9":"3"},"9G":{"MG":"3"},"2X":{"QG":"3"},"HX":{"HC":"3","VC":"3"},"VC":{"JR":"3"},"74":{"9X":"3","6X":"3","HX":"3","FW":"3"},"RF":{"GJ":"3","GH":"3"},"QW":{"8J":"3"},"9H":{"MF":"3"},"5X":{"3J":"3"},"42":{"Q3":"3"},"MX":{"RP":"3","H2":"3","W7":"3","PP":"3","RJ":"3"},"2P":{"5C":"3"},"FQ":{"RQ":"3","QP":"3","QX":"3"},"2H":{"CJ":"3"}},"XR":{"CV":{"QX":"3"},"FW":{"3R":"3","3Q":"3"}},"V3":{"RQ":{"4X":"3","2X":"3","7H":"3","6H":"3","6G":"3","5H":"3","2J":"3","5G":"3","3J":"3"},"GM":{"RM":"3"},"RP":{"7G":"3"},"VR":{"36":"3"},"JQ":{"5C":"3","6F":"3"},"45":{"FF":"3"},"MQ":{"95":"3"},"6H":{"63":"3"},"QQ":{"XJ":"3"},"VM":{"XV":"3"},"VW":{"Q2":"3"},"RM":{"8J":"3"},"2J":{"9V":"3","9X":"3","9W":"3","8X":"3"},"XM":{"5H":"3"}},"QV":{"HW":{"43":"3","H9":"3","H8":"3","HC":"3","G7":"3","J8":"3","G9":"3","J9":"3"},"QG":{"82":"3"},"3R":{"Q4":"3","Q3":"3","P3":"3"},"PX":{"7W":"3","7V":"3","6X":"3","7X":"3","6W":"3"},"CG":{"65":"3"},"MF":{"GW":"3","GV":"3"},"33":{"FJ":"3"},"JM":{"JC":"3","HH":"3","HF":"3","FF":"3","HG":"3"},"3J":{"H6":"3"},"9V":{"VJ":"3"},"3Q":{"JW":"3","WW":"3","RW":"3","MW":"3","MX":"3","MV":"3","JV":"3"},"PQ":{"R4":"3","V4":"3"},"36":{"XV":"3"},"7F":{"PP":"3"},"WH":{"F4":"3","W6":"3","G3":"3","F3":"3","W8":"3","G5":"3","V6":"3","JW":"3","F5":"3","JQ":"3","G4":"3","FX":"3","P7":"3","X7":"3","W7":"3"},"6H":{"JW":"3","MW":"3","HW":"3","MX":"3"},"RP":{"66":"3"},"QQ":{"9J":"3","8J":"3","9H":"3","8H":"3"},"PG":{"W2":"3"},"GW":{"R5":"3"},"39":{"72":"3","82":"3"},"WG":{"9X":"3","8X":"3","9W":"3","CX":"3","8W":"3","CW":"3","FW":"3"},"8F":{"GW":"3","GV":"3"},"XW":{"64":"3"},"WJ":{"V7":"3","W7":"3","F4":"3","95":"3"},"2C":{"52":"3"},"42":{"47":"3"},"38":{"8X":"3"},"5F":{"C5":"3"},"GF":{"3M":"3","4Q":"3","4M":"3"},"29":{"5X":"3","85":"3"},"CV":{"GH":"3"},"6V":{"Q6":"3","C7":"3","C8":"3"},"32":{"V7":"3","F4":"3"},"8V":{"QH":"3","PG":"3","QG":"3","JG":"3","PH":"3"},"PF":{"7X":"3"}},"PV":{"3H":{"G6":"3"},"CF":{"6X":"3"},"Q5":{"62":"3","77":"3","75":"3","64":"3"},"7W":{"HM":"3","JR":"3","HR":"3","JV":"3","MQ":"3","HQ":"3","JQ":"3","JJ":"3","C9":"3","88":"3","JP":"3"},"R6":{"96":"3","97":"3"},"5P":{"VR":"3","C4":"3","5W":"3","F4":"3","4W":"3"},"7F":{"VV":"3","RV":"3"},"9J":{"2Q":"3","3M":"3","4Q":"3","4P":"3","3R":"3"},"38":{"G3":"3"},"VP":{"62":"3"},"28":{"48":"3","49":"3","59":"3","4C":"3","6V":"3"},"VF":{"QX":"3"},"VC":{"R3":"3"},"25":{"HH":"3","3M":"3","8H":"3","GH":"3","8G":"3","3Q":"3"},"96":{"G6":"3","G4":"3","83":"3"},"7P":{"79":"3"},"26":{"XW":"3"},"6Q":{"69":"3","7F":"3","HJ":"3","7H":"3","GJ":"3","7C":"3","GH":"3","FG":"3","6C":"3"},"66":{"7J":"3","6J":"3","7G":"3","8J":"3","8G":"3","7M":"3","7H":"3","6G":"3","6H":"3","8H":"3"},"8H":{"QV":"3"},"Q3":{"C9":"3","F9":"3"},"6F":{"FP":"3"},"XJ":{"H6":"3","J4":"3"},"4P":{"XX":"3"},"2J":{"M4":"3","F9":"3","C8":"3"},"47":{"JM":"3"},"4M":{"HR":"3"},"XH":{"5P":"3"},"VH":{"9P":"3"},"7X":{"2H":"3"},"3C":{"XM":"3"},"4Q":{"XG":"3"},"Q4":{"79":"3","5J":"3","6P":"3","76":"3","77":"3","6R":"3","78":"3","6H":"3","74":"3","9F":"3","7C":"3","5V":"3","5R":"3","5Q":"3","5W":"3","6Q":"3"},"XP":{"3F":"3","3G":"3","2G":"3","4G":"3","4H":"3","3H":"3"},"6V":{"44":"3","CC":"3"},"WP":{"7W":"3","XH":"3","5W":"3","8W":"3","6W":"3","8G":"3"},"84":{"V7":"3"},"8J":{"VQ":"3","WJ":"3","WP":"3","VR":"3","RJ":"3","QJ":"3","RQ":"3","XH":"3"},"RJ":{"MQ":"3","MV":"3"},"7M":{"3P":"3"}},"VX":{"44":{"PR":"3","QV":"3"},"67":{"MP":"3"},"FM":{"44":"3"},"42":{"2V":"3"},"HX":{"9P":"3"},"GQ":{"3P":"3","4P":"3"},"CH":{"C9":"3","96":"3","97":"3","C6":"3"}},"V4":{"XR":{"HW":"3","82":"3"},"XQ":{"9V":"3","CV":"3","9W":"3","CW":"3"},"W2":{"CP":"3"},"WH":{"GV":"3"}},"R3":{"8R":{"X7":"3"},"QP":{"C7":"3","C8":"3"},"HP":{"5F":"3"},"4V":{"RW":"3","R9":"3","VC":"3","JR":"3","RV":"3","WX":"3","QV":"3","V9":"3","MR":"3","FH":"3","CR":"3","RC":"3","VX":"3","VW":"3"},"57":{"5F":"3","CR":"3","4C":"3","6V":"3","FW":"3"},"3Q":{"RV":"3","XJ":"3"},"63":{"GX":"3"},"4M":{"F9":"3","95":"3"},"4W":{"W2":"3"},"5H":{"7C":"3"},"4R":{"VJ":"3"},"54":{"FR":"3","JX":"3","CR":"3","9R":"3","MX":"3"},"5W":{"43":"3","33":"3","42":"3","32":"3"},"5V":{"8R":"3","54":"3","8Q":"3","53":"3","63":"3","9R":"3","9Q":"3","64":"3"},"42":{"RQ":"3","RR":"3"},"45":{"VV":"3","M8":"3"},"6V":{"4C":"3"},"7R":{"FV":"3"},"55":{"M2":"3"},"4Q":{"83":"3"},"5Q":{"VX":"3"},"4P":{"FP":"3"}},"X8":{"2G":{"6C":"3"}},"WW":{"MH":{"62":"3","8H":"3","8W":"3","9R":"3"},"29":{"88":"3","22":"3","RG":"3"},"HV":{"WQ":"3"},"79":{"25":"3","8X":"3"},"6C":{"W5":"3"},"GQ":{"C7":"3"},"FJ":{"F4":"3","G3":"3","F3":"3","M8":"3","F2":"3","JQ":"3","C3":"3","H8":"3","H9":"3","G4":"3","C2":"3","P7":"3"},"VM":{"5M":"3"},"JP":{"V4":"3","W3":"3"},"9V":{"X9":"3"},"9J":{"H4":"3","RM":"3","P3":"3"},"MM":{"94":"3"},"39":{"W7":"3"},"38":{"VM":"3"},"MG":{"6M":"3"},"59":{"R8":"3","R9":"3"},"PJ":{"63":"3","95":"3"},"RM":{"25":"3","7M":"3","7P":"3"},"QM":{"RR":"3","68":"3"},"MJ":{"8F":"3","9H":"3","9F":"3","6J":"3","9G":"3","3Q":"3","65":"3"},"HQ":{"25":"3"},"CM":{"82":"3"},"XQ":{"MH":"3"},"8H":{"XJ":"3"},"WM":{"4G":"3","4H":"3","6F":"3","5H":"3"},"49":{"CX":"3"},"FG":{"8Q":"3"},"GM":{"HW":"3","C7":"3"},"9H":{"7G":"3","3G":"3","3J":"3","88":"3","2G":"3","7C":"3","4G":"3","69":"3","4H":"3","5C":"3","5J":"3","7F":"3","6G":"3","6H":"3","5H":"3","4F":"3","78":"3","79":"3","JX":"3","3H":"3","4J":"3","77":"3","8F":"3","6F":"3","8C":"3","6C":"3","2V":"3","5F":"3","4Q":"3","5Q":"3","5G":"3","89":"3"},"8G":{"83":"3"},"7G":{"F9":"3","MR":"3","FC":"3"},"PH":{"5P":"3","CJ":"3","FH":"3","5Q":"3"},"V9":{"9V":"3","9X":"3","9W":"3","8W":"3","8V":"3"},"3J":{"X6":"3"},"F9":{"3R":"3"},"FR":{"G9":"3"},"68":{"QM":"3"},"4C":{"87":"3","7F":"3","86":"3","7G":"3","76":"3","77":"3","7H":"3","6G":"3","6H":"3","6C":"3","88":"3","5V":"3","7C":"3"},"VH":{"F7":"3","F6":"3"},"HH":{"49":"3","WV":"3","MH":"3","WP":"3","R6":"3","QM":"3","Q5":"3"},"3C":{"XM":"3"},"MC":{"R7":"3"},"CC":{"VG":"3"},"9M":{"Q2":"3","P2":"3","P3":"3"},"JH":{"VM":"3"},"HP":{"45":"3"},"FH":{"5P":"3","4P":"3","92":"3","3Q":"3","V5":"3"},"GP":{"MJ":"3","RP":"3"},"VG":{"PG":"3","7H":"3","8J":"3","8H":"3","7J":"3"},"CG":{"5F":"3","8V":"3"}},"V2":{"M4":{"VQ":"3"},"XQ":{"QQ":"3"},"XP":{"HQ":"3","JQ":"3","HP":"3"},"QF":{"HX":"3"},"M2":{"65":"3"},"P7":{"C7":"3"}},"RV":{"WF":{"R7":"3"},"2P":{"V9":"3","G4":"3","P8":"3","Q7":"3","Q2":"3","V8":"3","P7":"6"},"F2":{"68":"3"},"6P":{"76":"3","74":"3","RJ":"3"},"9W":{"RH":"3","VH":"3","VG":"3","RG":"3"},"XX":{"GX":"3"},"5R":{"MC":"3"},"XH":{"87":"3","5J":"3","4G":"3","G7":"3","JG":"3","5G":"3","7R":"3","7H":"3","5P":"3","5H":"3","8P":"3","4J":"3","4H":"3"},"3J":{"HM":"3","HJ":"3","CG":"3","FF":"3","JJ":"3","8C":"3","CF":"3","GJ":"3","CC":"3","JM":"3"},"XG":{"CM":"3","3G":"3","5R":"3","CJ":"3","9J":"3","4R":"3","3V":"3","2W":"3","2V":"3","5Q":"3","3W":"3","CH":"3"},"WG":{"2F":"3"},"2M":{"RW":"3","VW":"3"},"P6":{"M5":"3"}},"WQ":{"VW":{"HH":"3","JH":"3","HG":"3","JG":"3"},"M8":{"5V":"3"},"G9":{"G8":"3"}},"X3":{"5F":{"JR":"3","JV":"3"},"35":{"4C":"3"},"7F":{"3F":"3","C9":"3","3G":"3","39":"3","4G":"3","Q2":"3","4H":"3","6H":"3","2C":"3","29":"3","FC":"3","J4":"3","3C":"3"},"25":{"P8":"3","W5":"3","V6":"3","W7":"3","W6":"3","V5":"3","W8":"3"},"59":{"4V":"3"},"7C":{"4X":"3"},"24":{"WR":"3","VV":"3","VR":"3","WV":"3","WW":"3","VW":"3"},"Q6":{"G2":"3"},"6G":{"22":"3","63":"3"},"6F":{"M4":"3","8C":"3","8R":"3","5P":"3","2X":"3","M3":"3","4Q":"3","98":"3","4P":"3","XG":"6","99":"3","88":"3","X7":"3","9C":"3","5Q":"3","89":"3","9R":"3","QM":"3","P3":"3"},"J3":{"F6":"3"}},"XQ":{"2Q":{"H2":"3","J2":"3","H3":"3","J3":"3"},"F9":{"85":"3"},"X5":{"CV":"3","CW":"3","FW":"3","FV":"3"},"J8":{"VH":"3"},"5G":{"PV":"3"}},"XW":{"Q8":{"6R":"3"},"2P":{"47":"3"},"6J":{"JP":"3"},"CW":{"3M":"3","3P":"3"},"CX":{"G2":"3"},"2J":{"PQ":"3"},"2H":{"5H":"3"},"C9":{"4X":"3","5X":"3","93":"3","83":"3","75":"3"},"2G":{"V4":"3"},"5C":{"M2":"3"},"P9":{"62":"3","96":"3"},"CC":{"VF":"3","65":"3","64":"3"},"W7":{"PG":"3","PF":"3","PC":"3","QC":"3","QF":"3","MG":"3","QG":"3"}},"WM":{"37":{"5F":"3","5G":"3"},"4R":{"J5":"3"},"CX":{"JC":"3"},"CR":{"8C":"3"},"2C":{"X9":"3"},"32":{"G6":"3","C5":"3","G5":"3","F5":"3","F6":"3"}},"MV":{"XG":{"FP":"3"}},"MX":{"WJ":{"2H":"3"},"3R":{"FC":"3"},"PP":{"R4":"3","66":"3","GC":"3","76":"3"},"VJ":{"FX":"3","6V":"3","7Q":"3"},"HQ":{"8J":"3"},"3M":{"4P":"3","4M":"3"},"QM":{"FV":"3"},"JQ":{"67":"3"},"4R":{"G7":"3"},"5V":{"F2":"3","G6":"3","92":"3","G7":"3","C3":"3"},"5R":{"7W":"3","9X":"3","CX":"3","6W":"3","6V":"3"},"XH":{"79":"3"},"WH":{"RR":"3"},"8V":{"R3":"3"},"9V":{"HG":"3"}},"XX":{"Q8":{"RX":"3","CR":"3","HM":"3"},"Q9":{"RF":"3","H6":"3","R3":"3","C6":"3","XM":"3"},"G7":{"35":"3"},"M8":{"RQ":"3","QP":"3","FF":"3","2P":"3","MH":"3","PR":"3","PJ":"3","5Q":"3","2M":"3","QM":"3","P9":"3"},"J8":{"XM":"3"},"F7":{"JW":"3"},"G5":{"95":"3"},"Q6":{"4H":"3"},"C5":{"V9":"3","R8":"3","VC":"3"},"R7":{"9G":"3"},"MC":{"W2":"3"},"G6":{"F7":"3","G7":"3"},"P8":{"25":"3","GR":"3","26":"3","8M":"3"},"Q7":{"X6":"3"},"F8":{"83":"3"},"M9":{"7J":"3","J8":"3","9H":"3","77":"3","JJ":"3","C9":"3","M6":"3","P3":"3","RQ":"3","9F":"3","XW":"3","P6":"3"},"93":{"XP":"3"},"P7":{"GQ":"3"},"26":{"WH":"3","W8":"3"},"P6":{"VF":"3"}},"VR":{"2V":{"PQ":"3"},"H3":{"69":"3"},"P2":{"53":"3"}},"WJ":{"66":{"4G":"3"},"4V":{"Q7":"3","HM":"3"},"58":{"F7":"3"},"92":{"VP":"3","PW":"3"},"2C":{"6P":"3","6Q":"3"},"5H":{"7V":"3"},"83":{"QW":"3"},"65":{"WM":"3"}},"WC":{"7J":{"32":"3"},"54":{"6J":"3"},"6G":{"JH":"3"},"55":{"9W":"3"},"8Q":{"WG":"3"},"8V":{"CM":"3","CJ":"3","FJ":"3","FM":"3"},"56":{"JF":"3","MG":"3","JG":"3"}},"RX":{"F2":{"HR":"3"},"H4":{"29":"3"},"H2":{"R9":"3","R7":"3"},"6X":{"WW":"3"},"52":{"JW":"3","9V":"3","8Q":"3","8X":"3","9W":"3"},"J2":{"GG":"3","GH":"3","FG":"3","FH":"3"},"23":{"5H":"3"},"84":{"H2":"3"},"64":{"P8":"3"},"W3":{"M7":"3"}},"QR":{"2X":{"HC":"3"},"62":{"62":"3","34":"3","63":"3","J4":"3","P6":"3"},"W8":{"5Q":"3"},"X9":{"GX":"3"},"P5":{"C9":"3"},"R7":{"3X":"3"},"J4":{"44":"3","H2":"3","66":"3","G3":"3","R2":"3","76":"3","55":"3","73":"3","74":"3","C3":"3","47":"3","F3":"3"},"Q4":{"53":"3"},"R3":{"H2":"3"},"XC":{"R8":"3"},"G4":{"P8":"3","77":"3"},"V9":{"J2":"3","J3":"3"},"J3":{"RX":"3","HX":"3","HG":"3","JF":"3"},"R6":{"2M":"3"},"P4":{"4Q":"3","2W":"3","6H":"3"},"V8":{"JW":"3","MW":"3","WH":"3","MX":"3","MV":"3","4M":"3"},"P7":{"P6":"3"}},"WG":{"C9":{"8C":"3"},"CF":{"QC":"3"},"CJ":{"X9":"3"},"C4":{"CV":"3","CW":"3"},"FM":{"8R":"3"},"C6":{"GV":"3","PM":"3"},"9Q":{"V3":"3"},"C3":{"JC":"3"},"JV":{"PC":"3"},"CH":{"XX":"3"},"HV":{"2X":"3","2W":"3"}},"V6":{"JF":{"4C":"3"},"MP":{"2J":"3"},"JQ":{"RQ":"3"},"3G":{"GJ":"3"},"MW":{"5W":"3"},"3C":{"CW":"3"},"H4":{"73":"3"}},"VJ":{"WX":{"6M":"3","6P":"3","8M":"3","7M":"3","7P":"3"},"X9":{"VP":"3"},"XX":{"6V":"3"}},"V8":{"W5":{"2W":"3"},"Q8":{"32":"3"},"X2":{"4Q":"3"},"X7":{"WG":"3"},"X3":{"6X":"3"}},"Q4":{"X6":{"X6":"3"},"X5":{"W9":"3"}},"XV":{"G5":{"X7":"3"}},"VW":{"53":{"J8":"3","X8":"3","J6":"3"},"7G":{"8P":"3"},"F3":{"H4":"3"},"52":{"6P":"3","5P":"3","6R":"3","6M":"3","57":"3","58":"3","5Q":"3","6Q":"3","59":"3"},"V2":{"6R":"3"},"25":{"Q6":"3"},"JQ":{"WV":"3"},"M2":{"3Q":"3","3R":"3","3P":"3","3V":"3","4R":"3","4V":"3","5R":"3","5Q":"3","4Q":"3"},"HG":{"GJ":"3"},"56":{"X5":"3"},"WF":{"GW":"3","JV":"3"},"36":{"8R":"3"},"W7":{"7V":"3","2W":"3","7X":"3","HX":"3","FW":"3","GX":"3"},"63":{"VC":"3","C8":"3"},"R2":{"G6":"3","84":"3"},"73":{"3F":"3","WR":"3","FM":"3"},"75":{"46":"3"},"94":{"3M":"3","2P":"3","3P":"3","2M":"3"},"2R":{"GG":"3","HQ":"3","GM":"3","GR":"3","GJ":"3","8J":"3","HC":"3","FR":"3","GH":"3","9P":"3","GQ":"3","9M":"3","QJ":"3","GP":"3"},"5H":{"73":"3"},"65":{"MF":"3","R5":"3"},"23":{"7J":"3"},"7J":{"69":"3","96":"3","98":"3","85":"3","86":"3","74":"3","84":"3","63":"3","C5":"3","95":"3"},"54":{"XR":"3","XQ":"3"},"49":{"93":"3"},"93":{"2W":"3"},"66":{"25":"3"},"46":{"3Q":"3"},"64":{"54":"3","CP":"3"},"4J":{"MG":"3"},"72":{"VG":"3"},"G2":{"Q4":"3"},"92":{"5P":"3"},"Q3":{"J5":"3"},"X7":{"P4":"3"},"45":{"PC":"3"},"H2":{"M2":"3"},"W3":{"QP":"3","QW":"3"},"2V":{"J7":"3","H3":"3"},"24":{"JQ":"3"},"55":{"RW":"3","PG":"3","RV":"3","V7":"3","FP":"3","GP":"3","GQ":"3","CP":"3","MH":"3","GM":"3","V9":"3","JH":"3","FQ":"3","RF":"3"},"83":{"XX":"3"},"4P":{"QP":"3"},"PF":{"85":"3"},"84":{"Q4":"3","V3":"3","Q6":"3","Q5":"3"}},"XP":{"33":{"RJ":"3"},"32":{"HG":"3"}},"PW":{"WH":{"GV":"3","CW":"3"},"H8":{"35":"3","25":"3","FQ":"3","24":"3"},"GR":{"48":"3","49":"3","59":"3","58":"3","57":"3"},"PC":{"5W":"3"},"JC":{"4X":"3","29":"3"},"QP":{"GM":"3","R6":"3","V8":"3","P2":"3"},"HV":{"R4":"3","V3":"3","R2":"3","R3":"3","R5":"3","V4":"3"},"63":{"88":"3","68":"3"},"FM":{"8J":"3","CR":"3","FH":"3","7J":"3","7M":"3","7P":"3","9R":"3","9Q":"3","CQ":"3"},"GQ":{"3F":"3","W5":"3","3H":"3"},"54":{"5J":"3","4J":"3"},"WF":{"GW":"3","HW":"3"},"FJ":{"HM":"3","5G":"3","9G":"3","CG":"3","5P":"3","5H":"3","CH":"3","FH":"3","FG":"3","CF":"3","JM":"3"},"93":{"VV":"3","WW":"3"},"WV":{"Q6":"3","P6":"3"},"HR":{"RV":"3","RW":"3","RX":"3"},"FF":{"MP":"3"},"CW":{"HF":"3","Q9":"3","R9":"3","QC":"3","RC":"3"},"QG":{"QH":"3","G9":"3","39":"3","RH":"3","H9":"3","HC":"3","GC":"3","PW":"3"},"F5":{"GW":"3","GR":"3","FR":"3","HP":"3","GV":"3","HW":"3","HX":"3","GX":"3","FV":"3"},"VQ":{"W2":"3"},"VM":{"GM":"3"},"G7":{"9F":"3","9G":"3","GQ":"3"},"MM":{"JP":"3"},"JJ":{"JR":"3","Q7":"3","MP":"3","P7":"3"},"85":{"QH":"3"},"RG":{"PX":"3","R3":"3"},"VP":{"3Q":"3"},"XR":{"H2":"3","3M":"3","G3":"3","96":"3","H3":"3","G2":"3","C6":"3","83":"3","P4":"3","F5":"3"},"MG":{"XX":"3"},"PV":{"RQ":"3","QR":"3","XV":"3","VV":"3","RP":"3","RV":"3","WV":"3"},"VF":{"79":"3","89":"3","9G":"3","3H":"3","38":"3","6C":"3","9F":"3","7C":"3","8C":"3","FJ":"3","5W":"6","HG":"3","2C":"3","9J":"3"},"VX":{"PP":"3"},"CJ":{"VG":"3","WF":"3","Q6":"3","V5":"3","R7":"3","R4":"3","XC":"3","PM":"3","V4":"3","Q7":"3","VF":"3","WC":"3","53":"3","H2":"3","R6":"3","Q5":"3","R5":"3","P6":"3"},"96":{"4X":"3","27":"3","28":"3","VQ":"3"},"WW":{"QP":"3","MC":"3","V4":"3"},"XG":{"F8":"3","CP":"3","79":"3","45":"3","78":"3","WC":"6","88":"3","W6":"3","M8":"3","68":"3","56":"3"},"WQ":{"M4":"3","87":"3","M5":"3"},"94":{"98":"3","W5":"3","VH":"3"},"XM":{"J5":"3","W5":"3","J7":"3","R9":"3","J8":"3","H7":"3","J6":"3"},"QM":{"CP":"3","PX":"3"},"MJ":{"2C":"3","46":"3"},"FQ":{"GG":"3","WJ":"3","HP":"3","WM":"3","WP":"3","XJ":"3","PM":"3"},"HQ":{"7H":"3"},"43":{"JH":"3","VW":"3"},"PG":{"MW":"3","HW":"3"},"XQ":{"54":"3","GW":"3","HW":"3","HX":"3","68":"3","R5":"3","GX":"3"},"XW":{"76":"3"},"F8":{"9V":"3","9W":"3"},"FV":{"2M":"3"},"97":{"75":"3"},"GM":{"34":"3"},"G8":{"VQ":"3","V2":"3","V3":"3","R3":"3","R2":"3","W3":"3","X5":"3","V4":"3","X4":"3"},"9F":{"9J":"3","8G":"3"},"72":{"3H":"3"},"9H":{"M4":"3","Q6":"3"},"XJ":{"7F":"3","QP":"3","H8":"3","FF":"3","H6":"3","X4":"3","RX":"3","QX":"3","RM":"3","PM":"3","QM":"3","5G":"3"},"GJ":{"QP":"3"},"PH":{"G6":"3","7C":"3","G5":"3","F6":"3"},"99":{"MW":"3"},"95":{"3F":"3","4P":"3","3R":"3","29":"3","4M":"3"},"F7":{"W3":"3"},"C4":{"44":"3","33":"3"},"QH":{"8C":"3","96":"3","32":"3"},"FP":{"R4":"3","J2":"3","R5":"3","P5":"3"},"XH":{"X9":"3","V5":"3","R4":"3","97":"3","Q4":"3","W5":"3","J6":"3","MP":"3","C8":"3","FF":"6","XJ":"3","P3":"3","98":"3","WG":"3","FC":"6","C7":"3"},"FR":{"WJ":"3","W6":"3","W8":"3","VJ":"3","V6":"3","V7":"3","VH":"3","WH":"3","W9":"3","V8":"3","W7":"3"},"WG":{"6R":"3","6Q":"3","QG":"3"},"VH":{"2X":"3","2M":"3"},"RH":{"J2":"3","R9":"3","WG":"3","R7":"3"},"HH":{"5J":"3","4M":"3"},"VJ":{"RJ":"3"},"9G":{"C2":"3","F5":"3"},"XP":{"MJ":"3","MM":"3","PM":"3","6M":"3","PJ":"3","R5":"3","W7":"6"},"MF":{"X6":"3","5P":"3","3M":"3","X7":"3","X5":"3","FW":"3"},"CH":{"2M":"3"},"JF":{"43":"3","54":"3","32":"3"},"HX":{"VF":"3","RF":"3","VG":"3"},"GW":{"3F":"3","5C":"3","2F":"3","76":"3","4C":"3","4F":"3"},"F6":{"P9":"3","CH":"3"},"QF":{"3F":"3","2F":"3","2C":"3","XF":"3","XC":"3","3C":"3"},"86":{"XR":"3","X7":"3","X8":"3","W8":"3"},"PF":{"36":"3","25":"3","37":"3","27":"3","26":"3","42":"3","XF":"3","XC":"3"},"GC":{"87":"3","78":"3","88":"3","77":"3"},"VG":{"V3":"3","V4":"3","W4":"3","W3":"3"},"RF":{"G8":"3","M9":"3","4H":"3","2F":"3","RX":"3","2C":"3","M8":"3"}},"WP":{"C2":{"X7":"3"},"CC":{"3W":"3"}},"XC":{"54":{"35":"3","26":"3"}},"RR":{"7G":{"W2":"3","X2":"3","X3":"3"},"8G":{"4V":"3","5W":"3"},"7F":{"WX":"3","XV":"3","XR":"3","WV":"3","XW":"3","XX":"3"},"6R":{"2P":"3","28":"3","2J":"3","2V":"3","2W":"3","2C":"3","2Q":"3"},"V9":{"HW":"3"},"XQ":{"29":"3"},"VH":{"HX":"3"},"H7":{"9C":"3"},"3H":{"MC":"3","MF":"3","PC":"3","R7":"3","JF":"3","FC":"3","G9":"3"},"XH":{"7X":"3"},"5M":{"FW":"3"},"4J":{"47":"3"},"VC":{"69":"3","5F":"3","5C":"3","37":"3","87":"3","59":"3","88":"3","6F":"3","38":"3","6C":"3"},"8F":{"3W":"3"},"X7":{"WC":"3"},"35":{"97":"3"},"5R":{"X2":"3"},"8W":{"7F":"3","7G":"3","8G":"3","3F":"3","7H":"3","GQ":"3","4C":"3","4F":"3","9F":"3","FG":"3","3C":"3","9C":"3"},"6V":{"F9":"3","22":"3"},"G5":{"HX":"3"},"5Q":{"WX":"3","XW":"3","VW":"3"}},"W8":{"2G":{"5W":"3"},"3P":{"3M":"3"}},"MR":{"XV":{"J2":"3","X8":"3"},"XQ":{"FQ":"3","24":"3","34":"3"},"XP":{"4J":"3","QP":"3","68":"3"},"WP":{"V9":"3","Q4":"3","V3":"3","V4":"3","P3":"3"}},"R5":{"39":{"W2":"3"},"26":{"5C":"3"},"42":{"H2":"3","W6":"3","W9":"3"},"GF":{"M6":"3"},"6Q":{"43":"3"},"38":{"9F":"3","PM":"3"}}},"index":{"university,1|retail,2|tourism,3|wreck,4|historical,5|artsCulture,6|namedBuilding,7|water,8|wetland,9|park,10|beach,11|natureReserve,12|cemetery,13|trail,14":{}}}