{"52":{"QF":{"P8":{"C9":"3","G3":"3","F9":"3","7P":"3","89":"6","F4":"3","C6":"3"},"M6":{"67":"3"},"Q8":{"3G":"3","2Q":"3"},"M7":{"79":"3","7C":"3","99":"3","JM":"3"},"P7":{"GX":"3"}},"P8":{"36":{"3P":"3"},"26":{"W4":"3"}},"QC":{"X6":{"5X":"3","R6":"3"},"XH":{"GM":"3","33":"3","34":"3","HM":"3","32":"3"},"XG":{"3X":"3","52":"3","53":"3","56":"3","64":"3"},"X7":{"33":"3","Q8":"3","PJ":"3","42":"3","PH":"3"},"X3":{"WQ":"3"},"X5":{"VJ":"3"},"XF":{"44":"3"},"XC":{"V7":"3","4Q":"3","4G":"3","R8":"3"},"X8":{"5Q":"3"}},"M2":{"54":{"MJ":"3","VR":"3","PR":"3","GH":"3","XW":"3"},"44":{"HC":"3","GC":"3"},"62":{"35":"3","98":"3","52":"3","45":"3","97":"3","FG":"3","FH":"3","32":"3"},"52":{"Q8":"3"},"84":{"36":"3","3V":"3"}},"HG":{"24":{"43":"3","P8":"3","QC":"3","83":"3","F3":"3"},"23":{"2Q":"3","3Q":"3"}},"P6":{"C9":{"F6":"3"},"99":{"XJ":"3"}},"H8":{"92":{"22":"3","28":"3"},"72":{"Q4":"3"},"82":{"V9":"3","F8":"3","97":"3","6W":"3","W9":"3","X8":"3","RC":"3"}},"C7":{"M3":{"PM":"3"},"G3":{"WV":"3"},"J2":{"QV":"3","VM":"3","QJ":"3"},"H3":{"2W":"3"},"M2":{"6W":"3"},"J3":{"F8":"3","43":"3","MJ":"3","44":"3","8Q":"3","58":"3"},"P3":{"3M":"3"}},"H7":{"9X":{"2X":"3"},"8X":{"MM":"3","5H":"3","4F":"3"},"7X":{"XF":"3"},"6W":{"XJ":"3"}},"R5":{"QR":{"G6":"3"},"PR":{"GM":"3","97":"3","8H":"3","CH":"3"},"MQ":{"7R":"3","6R":"3","P5":"3"},"MR":{"38":"3"},"PQ":{"27":"3"}},"GG":{"V3":{"QP":"3","XH":"3","JQ":"3","FP":"3"},"X3":{"PG":"3","4M":"3"},"V5":{"87":"3","WP":"3"},"W3":{"WJ":"3","67":"3","VJ":"3","J7":"3","VH":"3","RR":"3","2G":"3","WH":"3"}},"Q3":{"QR":{"2V":"3","4C":"3"},"MW":{"Q9":"3","R3":"3","QF":"3"},"PR":{"5P":"3"},"MV":{"RW":"3"}},"RC":{"47":{"W2":"3"},"22":{"WQ":"3","HX":"3"},"57":{"62":"3","2G":"3","84":"3","72":"3","82":"3","2R":"3"},"56":{"F4":"3","7W":"3","3Q":"3","9Q":"3","3R":"3","8X":"3","7X":"3","CW":"3","7G":"3","6X":"3","8J":"3","8G":"3","6P":"3","4M":"3","FR":"3","9G":"3","9W":"3","8W":"3","3M":"3","CG":"3","6W":"3","4R":"3","8P":"3","9M":"3","FG":"3","2C":"3","24":"3","4Q":"3","2R":"3","2Q":"3","9J":"3","GG":"3"},"36":{"5F":"3"},"23":{"93":"3"},"49":{"9F":"3"},"46":{"MJ":"3","MM":"3","HP":"3","QQ":"3","28":"3","PH":"3"},"64":{"3M":"3"},"3C":{"4J":"3","58":"3","QQ":"3","QV":"3","9R":"3","9Q":"3"},"2C":{"C5":"3"},"45":{"HW":"3","XJ":"3"},"35":{"QF":"3"},"24":{"5F":"3","5J":"3","6H":"3","6G":"3","6F":"3","5H":"3","5G":"3"},"55":{"3X":"3"},"4C":{"G3":"3","56":"3"},"32":{"9M":"3"}},"24":{"Q2":{"3M":"3"},"P4":{"F4":"3"},"P3":{"7H":"3","Q3":"3","C7":"3"}},"R9":{"8R":{"54":"3","R8":"3"},"7M":{"3P":"3","8G":"3","GQ":"3","7G":"3"},"GP":{"H2":"3","C2":"3","64":"3","63":"3","G2":"3","54":"3","57":"3","C5":"3","83":"3","J2":"3","52":"3","93":"3","82":"3","92":"3","F5":"3","75":"3","85":"3","62":"3","67":"3","F4":"3","55":"3","96":"3","53":"3","94":"3","43":"3","C3":"3","66":"3","42":"3","77":"3","F3":"3","56":"3","45":"3","72":"3","73":"3","G3":"3","65":"3","95":"3","G4":"3","47":"3","C4":"3","58":"3","H3":"3","76":"3","74":"3","46":"3","44":"3","F2":"3","84":"3","86":"3","48":"3"},"FJ":{"74":"3","P3":"3"},"8Q":{"2X":"3"},"FH":{"MR":"3"},"HJ":{"5R":"3","39":"3","2G":"3","4R":"3","2F":"3","5V":"3","3C":"3"},"4V":{"WM":"3"},"F7":{"F2":"3","58":"3","G2":"3"},"7Q":{"5J":"3","7H":"3","6J":"3","FW":"3"},"G6":{"37":"3"},"6P":{"8X":"3"},"4W":{"MH":"3","VQ":"3"},"F5":{"MX":"3"},"6G":{"7F":"3"},"9Q":{"QX":"3"},"F9":{"P8":"3","J3":"3"},"C7":{"3G":"3"},"FF":{"7C":"3","78":"3","6C":"3"},"79":{"RX":"3"},"5W":{"3X":"3"},"HM":{"2G":"3","2H":"3","2F":"3","2C":"3","29":"3","2J":"3"},"98":{"5H":"3"},"F6":{"X6":"3","F4":"3","XM":"3"},"5X":{"8C":"3","FC":"3"},"6Q":{"XG":"3"},"5F":{"XJ":"3"},"GH":{"5R":"3","CR":"3","PM":"3"},"9R":{"G4":"3"},"7R":{"X2":"3"},"GM":{"WQ":"3","VG":"3","HP":"3","CV":"3","FP":"3","RQ":"3","WG":"3","9P":"3","7V":"3","8W":"3","9Q":"3","XC":"3","FW":"3","9W":"3","FV":"3","RP":"3","JX":"3","RJ":"3","GP":"3","GM":"3","8P":"3","4X":"3","WJ":"3","WC":"3","5P":"3","7W":"3","FQ":"3","VJ":"3","JR":"3","VM":"3","GW":"3","FR":"3","JW":"3","7M":"3","9V":"3","6Q":"3","PP":"3","6P":"3","PV":"3","4W":"3","7R":"3","HV":"3","X9":"3","MR":"3","8J":"3","MV":"3","8R":"3","CR":"3","HX":"3","XF":"3","7J":"3","QJ":"3","WF":"3","QR":"3","9X":"3","JV":"3","XM":"3","5W":"3","CQ":"3","WP":"3","5X":"3","QW":"3","QQ":"3","PQ":"3","VQ":"3","8V":"3","XJ":"3","HR":"3","JQ":"3","PR":"3","6V":"3","8M":"3","QM":"3","7P":"3","9R":"3","GR":"3","XH":"3","RH":"3","5M":"3","FX":"3","HW":"3","WH":"3","GX":"3","MQ":"3","QV":"3","MM":"3","JP":"3","HM":"3","QP":"3","XP":"3","MX":"3","6X":"3","CW":"3","QH":"3","7X":"3","FM":"3","RV":"3","GV":"3","MP":"3","RR":"3","VP":"3","6M":"3","VH":"3","6W":"3","VR":"3","PW":"3","CX":"3","CM":"3","GQ":"3","PJ":"3","7Q":"3","CP":"3","8X":"3","PM":"3","XG":"3","8Q":"3","WM":"3","HQ":"3","RM":"3","JM":"3","X3":"3","MW":"3"},"F8":{"RP":"3","VM":"3","RM":"3"},"89":{"C8":"3","JF":"3","JC":"3","88":"3","HG":"3","F7":"3","G6":"3","99":"3","F9":"3","H8":"3","C7":"3","H7":"3","C9":"3","JG":"3","J9":"3","98":"3","HH":"3","F6":"3","JH":"3","HF":"3","GF":"3","J8":"3","FC":"3","G7":"3","GC":"3"}},"G7":{"6M":{"35":"3","94":"3"},"5M":{"R2":"3","V2":"3"},"5H":{"4R":"3"},"7P":{"H9":"3","H8":"3"}},"C6":{"VQ":{"CW":"3","9X":"3","9W":"3","8W":"3","7V":"3","FQ":"3","4W":"3","CR":"3","GG":"3"},"VM":{"X6":"3","73":"3","G2":"3","84":"3"},"WJ":{"3V":"3"},"RP":{"QC":"3"},"RV":{"GM":"3","59":"3","FM":"3"},"WP":{"VR":"3"},"RM":{"GR":"3"},"VR":{"62":"3","FR":"3","92":"3","74":"3","72":"3","5H":"3","68":"3","83":"3","5G":"3","75":"3"},"QV":{"RW":"3","68":"3"},"RR":{"VP":"3","VC":"3","WP":"3"},"WR":{"7R":"3"},"RQ":{"V9":"3","XQ":"3","WM":"6","WG":"3","VM":"6","R5":"3","VH":"3","VJ":"3"},"WM":{"H9":"3","H8":"3","G6":"3","G7":"3","H7":"3","94":"3"},"QQ":{"W9":"3"},"QR":{"85":"3","95":"3","GQ":"3"},"VX":{"74":"3","72":"3"},"VW":{"9V":"3","9W":"3"}}},"index":{"university,1|retail,2|tourism,3|wreck,4|historical,5|artsCulture,6|namedBuilding,7|water,8|wetland,9|park,10|beach,11|natureReserve,12|cemetery,13|trail,14":{}}}