{"53":{"F3":{"XV":{"VR":"3","W6":"3"}},"QJ":{"37":{"4X":"3","3V":"3"},"38":{"27":"3","2C":"3","34":"3","29":"3"},"29":{"H8":"3","P8":"3","HC":"3","M9":"3","CG":"3","P6":"3","P5":"3","P7":"3"},"28":{"WJ":"3"}},"9C":{"GM":{"PG":"3","6F":"3","CH":"3"},"HJ":{"5F":"3","2G":"3","3J":"3"},"GJ":{"QR":"3"},"HM":{"53":"3"}},"JF":{"89":{"R9":"3"}},"MF":{"62":{"9F":"3","6Q":"3","P4":"3"},"52":{"H8":"3","P8":"3","R8":"3","Q6":"3","J8":"3","P9":"3","P6":"3"},"72":{"M6":"3","93":"3","F7":"3","X7":"3","R9":"3","94":"3","P9":"3"},"82":{"25":"3"}},"M9":{"HQ":{"68":"3","C6":"3","32":"3"},"HP":{"3P":"3","7X":"3","28":"3","3V":"3","7R":"3","77":"3","3W":"3","2H":"3","2G":"3","2M":"3"},"GQ":{"H4":"3","Q4":"3","H5":"3","Q7":"3","G5":"3","F5":"3"},"GP":{"WR":"3","XQ":"3","XH":"3","WV":"3","MW":"3","XG":"3","XJ":"3","XX":"3"}},"MP":{"V9":{"WR":"3","VV":"3","VR":"3","WV":"3","PW":"3"},"GH":{"57":"3"},"FG":{"FH":"3","VW":"3"},"W9":{"JP":"3","CP":"3","4P":"3","5Q":"3","MP":"3","PM":"3","VJ":"3","GP":"3"},"QC":{"GV":"3"},"RC":{"QG":"3"}},"99":{"96":{"23":"3"},"95":{"4H":"3"}},"FR":{"7X":{"W4":"3","W3":"3"}},"PJ":{"X6":{"JR":"3"},"W3":{"48":"3"}},"PH":{"5P":{"FF":"3"},"VR":{"V2":"3"},"WV":{"PJ":"3"},"VP":{"WX":"3","QX":"3"},"XW":{"RV":"3"},"VQ":{"M4":"3","JC":"3","M6":"3","MH":"3","VX":"3","MC":"3","M7":"3","P6":"3","P4":"3"}},"JG":{"8C":{"P5":"3","Q4":"3","Q2":"3","W2":"3","Q3":"3","F6":"3","P4":"3","C6":"3","C7":"3"},"G5":{"7M":"3","43":"3","2J":"3","6J":"3","7C":"3","9V":"3","5J":"3","73":"3","94":"3","3M":"3","CW":"3","CX":"3","9W":"3","78":"3","6M":"3","8X":"3","2M":"3","79":"3","77":"3","74":"3","6C":"3","9X":"3","24":"3","9R":"3","83":"3","84":"3","2H":"3"},"7C":{"3M":"3","2P":"3","4M":"3"},"6P":{"CV":"3","CR":"3","FW":"3"},"5V":{"97":"3"},"CF":{"3G":"3","W7":"3","6V":"3","46":"3","V5":"3","4F":"3","65":"3"},"6C":{"XR":"3"},"FM":{"27":"3"},"C5":{"65":"3","QC":"3","83":"3","6R":"3","V4":"3","72":"3","5C":"3","MX":"3","P6":"3"},"FJ":{"6M":"3","G5":"3"},"FF":{"7F":"3","JR":"3","G3":"3","F3":"3","27":"3","JV":"3","RX":"3","F5":"3","FF":"3","QV":"3","G6":"3","MV":"3","46":"3","PV":"3","MW":"3","CH":"3","6M":"3","F6":"3","7C":"3","82":"3","HF":"3","FH":"3","PW":"3","GJ":"3","GF":"3","MX":"3","9J":"3","QX":"3"},"5P":{"4J":"3","2P":"3","2M":"3","4M":"3"},"6G":{"HW":"3","GQ":"3","GR":"3","JQ":"3","JV":"3","GV":"3","FP":"3","FR":"3","FX":"3","CF":"3","FV":"3","HQ":"3","GW":"3","GX":"3","JX":"3","MR":"3","JR":"3","HX":"3","HR":"3","CR":"3","CQ":"3","HV":"3","MV":"3","CV":"3","JW":"3","GC":"3","FQ":"3"},"F5":{"5F":"3","36":"3","35":"3","MJ":"3","5C":"3","Q4":"3","GW":"3","33":"3","9W":"3","GC":"3","7C":"3","V2":"3","JX":"3","8H":"3","JJ":"3","34":"3","XJ":"3","CW":"3","VJ":"3","FW":"3","XM":"3"},"9J":{"F2":"3","79":"3","X7":"3"},"GG":{"34":"3","3C":"3"},"6M":{"WJ":"3","VR":"3","JR":"3","CR":"3","9R":"3","9Q":"3","CQ":"3","RJ":"3"},"F4":{"36":"3","35":"3","MW":"3","45":"3","JX":"3","7J":"3"},"CJ":{"49":"3","37":"3","85":"3","G2":"3","94":"3"},"7P":{"7H":"3","6H":"3","6Q":"3","89":"3","56":"3","7G":"3"},"7Q":{"7F":"3","6G":"3","6F":"3"},"6Q":{"2M":"3"},"G6":{"2P":"3","9H":"3","FF":"3","7P":"3","8M":"3","4W":"3","5R":"3","93":"3","2M":"3"},"6H":{"F2":"3","H8":"3","H2":"3","PX":"3","G2":"3"},"CM":{"6V":"3","9R":"3"},"8H":{"H4":"3","XW":"3","M2":"3","J4":"3","XX":"3"},"9C":{"H4":"3","XQ":"3","JH":"3","JQ":"3","23":"3","JF":"3"},"F3":{"VM":"3","RP":"3","7W":"3","PP":"3","QP":"3","RM":"3","XM":"3","GQ":"3","GR":"3","WM":"3","XP":"3"},"FG":{"V7":"3","5C":"3","RP":"3","R2":"3","8G":"3","V5":"3"},"FC":{"7M":"3","47":"3","8Q":"3","3G":"3","6J":"3","88":"3","9V":"3","37":"3","5J":"3","4H":"3","6P":"3","9W":"3","5H":"3","CC":"3","6M":"3","5P":"3","23":"3","9J":"3","7J":"3","9M":"3","8J":"3","5M":"3","4J":"3","CQ":"3","9H":"3","28":"3","9X":"3","38":"3","2V":"3","7P":"3","7R":"3","4C":"6","5Q":"3","3F":"3"},"6F":{"WJ":"3","QW":"3","W7":"3","QV":"3","WH":"3","VJ":"3","RJ":"3"},"8M":{"X6":"3","V3":"3","7V":"3","MR":"3","V4":"3","3J":"3"},"9F":{"R8":"3","V6":"3","XG":"3","5Q":"3","38":"3","4W":"3","WF":"3","V4":"3"},"9H":{"48":"3","H2":"3","RR":"3","58":"3","X3":"3","68":"3","MG":"3"},"4P":{"XR":"3","MW":"3"},"8G":{"VH":"3"},"G3":{"3P":"3","2P":"3","6X":"3","3X":"3","3F":"3","4V":"3","6M":"3","5V":"3","4W":"3","5W":"3","2M":"3"},"4V":{"J4":"3"},"99":{"WX":"3","6P":"3","5R":"3","9W":"3","XP":"3","9P":"3","6R":"3","WP":"3","6Q":"3","7P":"3","6V":"3","9Q":"3","QM":"3","8V":"3","7Q":"3"},"G4":{"2X":"3","5X":"3","45":"3","65":"3","52":"3","2P":"3","54":"3","63":"3","64":"3","44":"3","CJ":"3","2J":"3","55":"3","53":"3","2W":"3","58":"3","34":"3","43":"3"},"F9":{"5X":"3"},"C6":{"XF":"3","G2":"3","J3":"3"},"C4":{"MJ":"3","FQ":"3","9X":"3","8X":"3","FR":"3","PJ":"3","HP":"3","HM":"3","PM":"3"},"89":{"WX":"3","XX":"3"},"6R":{"MW":"3","53":"3","HX":"3","JV":"3"},"C9":{"RQ":"3","QR":"3","HH":"3","VV":"3","HJ":"3","JR":"3","GJ":"3","RR":"3","FR":"3","4R":"3","GH":"3","9P":"3","JJ":"3","CR":"3","HX":"3","QQ":"3","6C":"3","6V":"3","VW":"3","MV":"3","8V":"3","9M":"3","FW":"3","75":"3"},"4Q":{"MH":"3","JX":"3","HX":"3","MG":"3"},"7R":{"3P":"3"},"9G":{"QR":"3","XV":"3","RV":"3","9J":"3","RR":"3","RW":"3","X4":"3","VW":"3","P3":"3"},"CH":{"RF":"3","H8":"3","CF":"3","9H":"3","4H":"3","CX":"3","9F":"3"},"6J":{"Q6":"3","R6":"3","R5":"3","QJ":"3"},"CC":{"47":"3","X5":"3","GQ":"3","M2":"3","HG":"3","MG":"3","4H":"3","63":"3","VJ":"3","44":"3","WW":"3","FR":"3","Q4":"3","HQ":"3","PG":"3","VC":"3","74":"3","92":"3","82":"3","Q3":"3","9X":"3","J6":"3","24":"3","83":"3","R7":"3"},"9M":{"G6":"3","9C":"3","M8":"3","G5":"3","CG":"3"},"F6":{"WP":"3","J9":"3","XM":"3","G9":"3","FF":"3","39":"3","GC":"3","WM":"3","XP":"3","GF":"3"},"FH":{"6X":"3","8X":"3","7X":"3"},"8J":{"Q4":"3","9V":"3","MW":"3","2V":"3","74":"3","4F":"3","MV":"3"},"7M":{"CV":"3","FP":"3","39":"3","CJ":"3","CQ":"3","CP":"3","4F":"3","FQ":"3","WH":"3"},"CG":{"7J":"3","QH":"3","H3":"3","HH":"3","VH":"3","GH":"3","JH":"3","4W":"3","FJ":"3","24":"3","9J":"3"}},"8J":{"48":{"WR":"3","VP":"3","8H":"3"},"49":{"W5":"3","WC":"3","QC":"3","J4":"3","W8":"3"}},"MR":{"C7":{"V5":"3"}},"MC":{"7G":{"79":"3","89":"3","FM":"3","99":"3","C9":"3","78":"3","88":"3","CF":"3","FC":"3","26":"3"},"9C":{"QR":"3","RP":"3","WM":"3"},"CG":{"87":"3"},"4G":{"6Q":"3"},"8G":{"98":"3","88":"3","JV":"3"},"F7":{"47":"3","57":"3","HG":"3","99":"3","G8":"3","87":"3","HC":"3","98":"3","77":"3","VC":"3","76":"3","6C":"3","38":"3","5F":"3","JW":"3","VX":"3","Q2":"3","C5":"3"},"4H":{"PJ":"3","QC":"3","5V":"3","QG":"3"},"5J":{"F2":"3","6R":"3","G2":"3","6Q":"3","7P":"3"},"G6":{"3R":"3","27":"3","3V":"3","6R":"3","GQ":"3","2V":"3","5V":"3","2W":"3","WH":"3","FH":"3","RG":"3"},"G8":{"73":"3","72":"3"},"6G":{"FX":"3","X8":"3","P5":"3","FV":"3"},"7H":{"25":"3","37":"3","C4":"3","M6":"3","98":"3","67":"3","94":"3","C5":"3","57":"3","95":"3"},"6H":{"3X":"3","2X":"3","C2":"3","HG":"3"},"5H":{"QP":"3","HJ":"3","VW":"3"},"7X":{"XF":"3","Q9":"3","3V":"3","Q6":"3","V6":"3","R7":"3","6W":"3","G9":"3","3W":"3","P8":"3","Q7":"3","4F":"3","53":"3","23":"3","R6":"3","P7":"3"},"8X":{"3F":"3","37":"3","59":"3","27":"3","38":"3"},"H6":{"3M":"3"},"9F":{"R3":"3","M5":"3","83":"3"},"3H":{"WF":"3"},"4J":{"FJ":"3","WW":"3","WC":"3","GH":"3","XW":"3","VW":"3","J9":"3"},"9G":{"GW":"3","G6":"3","85":"3"},"8F":{"JQ":"3","XG":"3","HW":"3"},"F6":{"JC":"3","CP":"3","CM":"3","8Q":"3","PJ":"3","RC":"3","VX":"3"},"CH":{"96":"3","C5":"3","C6":"3"},"6X":{"XH":"3","FQ":"3","M6":"3","MQ":"3","9F":"3","QF":"3","P4":"3","2R":"3"},"9H":{"G7":"3","WP":"3","5F":"3","3F":"3","4F":"3","P4":"3","32":"3","2C":"3"},"5X":{"XV":"3","WW":"3","RX":"3"},"G7":{"H3":"3","J2":"3","GV":"3","6J":"3","6P":"3","3X":"3","76":"3","C4":"3","5P":"3","5M":"3","4X":"3","23":"3","32":"3","25":"3","6Q":"3"},"F8":{"43":"3"}},"C2":{"Q7":{"3F":"3","3G":"3","2G":"3","2H":"3","2F":"3","2C":"3","29":"3","4F":"3","3C":"3","3H":"3"},"Q6":{"VG":"3","WJ":"3","67":"3","GW":"3","VJ":"3","V3":"3","8G":"3","V5":"3","Q4":"3","RH":"3","RJ":"3","VH":"3","29":"3","VF":"3","8P":"3","R6":"3","WW":"3","V8":"3","FG":"3","RF":"3","RG":"3","24":"3"},"R6":{"23":"3"},"Q5":{"WJ":"3","7F":"3","2P":"3","QP":"3","MM":"3","6P":"3","QF":"3","5F":"3","PF":"3","7H":"3","2H":"3","WR":"3","MW":"3","6C":"3","QR":"3","RG":"3","9C":"3"},"P6":{"HW":"3","HP":"3","P8":"3","JM":"3","JQ":"3","M9":"3","MG":"3","JP":"3","P6":"3","PJ":"3","MJ":"3","HQ":"3","M8":"3","JX":"3","MH":"3","HX":"3","MC":"3","HR":"3","P7":"3","W6":"3","Q8":"3","M7":"3"},"P5":{"WJ":"3","VJ":"3"},"P7":{"H2":"3","G5":"3","P9":"3","WH":"3","PC":"3","V7":"3","WF":"3","J2":"3","QC":"3","QG":"3","R8":"3","R9":"3","RG":"3","VF":"3","VC":"3","H4":"3","Q8":"3","XG":"3","PG":"3","V9":"3","XH":"3","WC":"3","WG":"3","VH":"3","RC":"3","V8":"3","MC":"3","MF":"3","M7":"3","XC":"3","Q9":"3","XF":"3","QF":"3","PF":"3","RF":"3","VG":"3"}},"QH":{"2W":{"G3":"3"},"47":{"MR":"3","PQ":"3","MV":"3","JV":"3"}},"QW":{"RP":{"PH":"3"}},"H2":{"37":{"V9":"3","78":"3","R9":"3"},"46":{"F8":"3","F2":"3","X4":"3","R3":"3","FG":"3","FC":"3","V4":"3","P2":"3"},"56":{"79":"3","47":"3","67":"3","45":"3","27":"3","28":"3","69":"3","4R":"3","46":"3","2V":"3","8C":"3","34":"3","2R":"3","2Q":"3","56":"3"}},"G3":{"2V":{"65":"3"}},"PP":{"6V":{"93":"3","C3":"3"}},"PM":{"CH":{"JQ":"3"}},"C4":{"24":{"V5":"3"},"34":{"J6":"3"},"32":{"GV":"3","RX":"3"}}},"index":{"university,1|retail,2|tourism,3|wreck,4|historical,5|artsCulture,6|namedBuilding,7|water,8|wetland,9|park,10|beach,11|natureReserve,12|cemetery,13|trail,14":{}}}