{"55":{"4G":{"WJ":{"M4":"3","H2":"3","52":"3","QX":"3","22":"3","RH":"3","72":"3","MX":"3","MV":"3","VG":"3","VJ":"3","P7":"3"},"VQ":{"P8":"3","W5":"3","WC":"3","J4":"3"},"VM":{"GP":"3","88":"3","M9":"3","GV":"3","HG":"3","8M":"3","27":"3","7Q":"3","5C":"3","5J":"3","7F":"3","6P":"3","F5":"3","MW":"3","6G":"3","7H":"3","FV":"3","8X":"3","M8":"3","V7":"3","7J":"3","J7":"3","GW":"3","49":"3","RQ":"3","W2":"3","77":"3","GJ":"3","6X":"3","PV":"3","MX":"3","HF":"3","35":"3","P7":"3","GF":"3","MM":"3","GH":"3","8W":"3","7P":"3","6V":"3","26":"3","7R":"3","F4":"3"},"WP":{"2X":"3","62":"3","63":"3","64":"3","49":"3","5H":"3","34":"3","2M":"3"},"VJ":{"8X":"3","M3":"3","M4":"3","J9":"3","JQ":"3","4R":"3","H8":"3","5P":"3","4V":"3","M2":"3","P3":"3","RQ":"3","8M":"3","5V":"3","5R":"3","CF":"3","MX":"3"},"RM":{"X6":"3","W5":"3","X2":"3","W3":"3"},"WQ":{"25":"3","45":"3","42":"3"},"RH":{"H2":"3","WH":"3","Q6":"3","64":"3","WR":"3","X6":"3","6C":"3","Q5":"3","WF":"3","W9":"3","CV":"3","QG":"3","VM":"3","X7":"3","RG":"3","59":"3","VF":"3","VC":"3","55":"3","X8":"3","XG":"3","XM":"3","WM":"3","GH":"3","X5":"3","FV":"3","QJ":"3","X9":"3","V9":"3","C6":"3","QH":"3","P4":"3","W6":"3","XH":"3","WC":"3","P5":"3","C9":"3","RC":"3","V8":"3","XC":"3","XF":"3","W5":"3","48":"3","W8":"3","RF":"3","VG":"3"},"VP":{"F4":"3","75":"3","G8":"3","H3":"3","G7":"3","J2":"3","M8":"3","G2":"3","F7":"3","G5":"3","C5":"3","H7":"3","63":"3","P2":"3","HH":"3","F5":"3","VV":"3","MC":"3","FF":"3","XM":"3","G6":"3","C4":"3","H8":"3","G4":"3","94":"3","M2":"3","GH":"3","GM":"3","68":"3","9F":"3","F6":"3","WW":"3","93":"3","H4":"3","GF":"3","H5":"3","FC":"3","C6":"3","9C":"3","C7":"3","GG":"3"},"RJ":{"V8":"3","PW":"3","M9":"3","MP":"3","PQ":"3","PR":"3","WW":"3","R6":"3","WQ":"3","M3":"3","M5":"3","MC":"3","XX":"3","MQ":"3","J6":"3","MM":"3","PP":"3","M7":"3","X8":"3"},"VH":{"7M":"3","7G":"3","RV":"3","QV":"3","3G":"3","3J":"3","2J":"3","4G":"3","8G":"3","XP":"3","3Q":"3","5J":"3","MW":"3","6G":"3","4F":"3","XQ":"3","9J":"3","8J":"3","3H":"3","39":"3","3C":"3","4J":"3","8F":"3","6F":"3","CR":"3","CH":"3","QH":"3","2C":"3","QW":"3","28":"3","MX":"3","4X":"3","5F":"3","29":"3","MM":"3","GH":"3","2F":"3","4C":"6|3","5G":"3","2H":"3","3F":"3"},"WM":{"M8":"3","7X":"3","6X":"3","FP":"3","CG":"3","9R":"3","CQ":"3","Q3":"3","GH":"3","88":"3","8M":"3","F6":"3","FH":"3","FG":"3","9V":"3","GG":"3"},"WH":{"9W":"3","6R":"3","6V":"3","GX":"3"}}},"index":{"university,1|retail,2|tourism,3|wreck,4|historical,5|artsCulture,6|namedBuilding,7|water,8|wetland,9|park,10|beach,11|natureReserve,12|cemetery,13|trail,14":{}}}