{"59":{"J2":{"XF":{"Q4":"3","J4":"3","F6":"3"},"86":{"PG":"3"},"HR":{"44":"3"},"45":{"74":"3","82":"3"},"F7":{"6P":"3","4J":"3","65":"3"},"MQ":{"7H":"3","6H":"3","6F":"3"},"VR":{"V9":"3","H2":"3","Q8":"3","J7":"3","M7":"3","R9":"3","W9":"3","P6":"3"},"7R":{"FC":"3"},"HQ":{"GW":"3","MW":"3","PW":"3","HW":"3"},"FR":{"35":"3","85":"3","55":"3","C5":"3","65":"3","64":"3"},"WR":{"C9":"3","79":"3","4C":"3"},"7Q":{"54":"3","37":"3"},"FQ":{"QJ":"3"},"7P":{"6R":"3"},"QQ":{"2M":"3"},"3J":{"XH":"3","WJ":"3","XG":"3","WH":"3"},"4J":{"2Q":"3","4P":"3","4H":"3"},"CR":{"X6":"3"},"C7":{"X9":"3","75":"3"}},"V2":{"3F":{"3G":"3"},"44":{"MW":"3"},"9X":{"QH":"3","X2":"3"},"45":{"W3":"3"},"HP":{"9W":"3","CW":"3"},"CX":{"24":"3"},"8W":{"96":"3","Q6":"6","R6":"6"},"88":{"67":"3"},"9C":{"PH":"3"},"6F":{"HH":"3","CJ":"3"},"8V":{"GW":"3","PJ":"6","HW":"3","HR":"3","FW":"3","RG":"3"},"GX":{"5P":"3"}},"G2":{"M3":{"W5":"3"},"85":{"XF":"3"},"95":{"2G":"3","2C":"3"}},"M3":{"V2":{"5Q":"3"},"X3":{"F8":"3","H9":"3","F7":"3","F9":"3","C7":"3"}},"V3":{"7M":{"VM":"3","WJ":"3","VJ":"3","RM":"3","VV":"3","RH":"3","XJ":"3","WH":"3","XH":"3","PH":"3","WG":"3","XG":"3"},"V8":{"3X":"3"},"GQ":{"47":"3"},"3G":{"Q4":"3","2Q":"3","7X":"3","QC":"3","F4":"3","56":"3","P4":"3"},"3J":{"XR":"3","3R":"3","4V":"3","2J":"3","JV":"3","GV":"3","3Q":"3","WX":"3","4R":"3","3P":"3","5P":"3","2M":"3","XQ":"3","2Q":"3","WQ":"3","2X":"3","5V":"3","XX":"3","3V":"3","WR":"3","7W":"3","JW":"3","PP":"3","4Q":"3","2W":"3","3F":"3"},"2J":{"WX":"3","WR":"3","VV":"3","XQ":"3","WW":"3","XP":"3","XJ":"3","VW":"3","XM":"3"},"6J":{"63":"3"},"2G":{"CM":"3","8P":"3","57":"3","2G":"6","M2":"6","9V":"3|6","CW":"6","7X":"3","3P":"3","2M":"3","VM":"3","3H":"3","3C":"3","5V":"3","6X":"6","9X":"3","38":"6","WR":"6","5R":"3","CV":"3","32":"6","2P":"3","FQ":"3"},"8M":{"27":"3","39":"3","J5":"3","29":"3","2H":"3","MH":"3","38":"3","5C":"3","3C":"3"},"F7":{"2Q":"3","3R":"3","2R":"3"},"63":{"CJ":"3","CG":"3","CH":"3"},"4H":{"8R":"3"},"R2":{"6P":"3","2J":"3|6"},"4M":{"7X":"3","6J":"3"},"6R":{"HF":"3","GC":"3","F9":"3","M7":"3","HG":"3","JF":"3","RM":"3","QM":"3","QJ":"3"},"FP":{"93":"6","C3":"3"},"3M":{"79":"3","45":"3","36":"3","46":"3","GM":"3","35":"3","7C":"3","58":"3","FH":"3","HG":"3"},"CX":{"FW":"3","HR":"3","GV":"3","JV":"3","GW":"3","28":"3","JW":"3","CV":"3","FR":"3","HX":"3","FV":"3","CX":"3","HV":"3","MV":"3","PM":"3","HW":"3","HC":"3","PX":"3","GH":"3","MW":"3","GR":"3","9P":"3","FX":"3","PW":"3","CR":"3","MX":"3","QX":"3","GG":"3"},"6H":{"7X":"6"},"9W":{"6V":"3","54":"3","7R":"3","6W":"3","7V":"3","6R":"3","2H":"3","5V":"3","5R":"3","FX":"3","2C":"3","GX":"3"},"5P":{"4W":"3"},"C7":{"XV":"3","WW":"6|3","VW":"3"},"79":{"C7":"3"},"48":{"79":"3","7F":"3","7G":"3","4M":"3","89":"3","97":"3","5F":"3","2J":"3","2H":"3","78":"3","68":"3","88":"3","8C":"3","2M":"3"},"VH":{"5R":"3","7H":"3","6R":"3","7J":"3","6V":"3","4W":"3"},"9M":{"MQ":"3","PX":"3"},"59":{"P5":"3","P7":"3"},"HM":{"8C":"3","F9":"3","CC":"3","JG":"3"},"46":{"JQ":"3"},"3H":{"8C":"3","25":"3","26":"3","7X":"6","XW":"6","7P":"6"},"98":{"PV":"3"},"74":{"4G":"3"},"7V":{"W8":"3"},"C2":{"2Q":"3","JM":"6"},"92":{"GW":"3","G6":"6","H6":"6","XP":"3","VP":"3","WP":"3","XJ":"3","VM":"3","RH":"3","RM":"3","VQ":"3","VJ":"3","XM":"3"},"Q3":{"26":"3","42":"3"},"9X":{"F2":"3","H2":"3","J2":"3","H3":"3","X8":"3","J3":"3"},"P3":{"V9":"3","M4":"3","R4":"3","Q4":"3","Q2":"3","F7":"3","R3":"6","H7":"3","V8":"3","P4":"6","J6":"3"},"29":{"PV":"3","PR":"3","QV":"3"},"8W":{"M4":"3","V7":"3","XH":"3","X9":"3","M5":"3","P4":"3","P5":"3","P7":"3","RC":"3"},"7P":{"Q6":"3"},"P2":{"WV":"3","RP":"3","VJ":"6|3","XQ":"3","VV":"3","RH":"3","RJ":"3|6","RR":"3","MH":"6","WM":"3","WW":"3","XV":"3","H5":"3","VW":"3"},"2F":{"GP":"3","CM":"3","HP":"3","PX":"3","GQ":"3|6","GR":"3|6","6J":"6|3","JV":"3","JQ":"3","PW":"3","MW":"3","6G":"6","FP":"3|6","7H":"6|3","CW":"3","6H":"3","5H":"6|3","4F":"3","8H":"6|3","HQ":"3","9J":"3","7J":"3|6","8J":"6","JR":"3","3C":"6|3","HR":"3|6","2C":"3","9H":"3","7W":"3","MV":"3","CV":"3","7P":"6","8W":"3","2F":"3","FQ":"3","5G":"6|3"},"Q2":{"XF":"6","7W":"3","7X":"3|6","8W":"3","XM":"3","7V":"3","XJ":"6","4X":"3","6C":"3","7C":"3","XH":"6|3","8V":"3","5C":"3","XG":"6"},"83":{"Q5":"3"},"FG":{"M3":"3","Q3":"3"},"5G":{"R4":"3"},"4P":{"75":"3","62":"3","65":"3","63":"3","85":"3","F6":"3","73":"6"},"2H":{"67":"3","45":"3","X6":"3","JG":"3","Q6":"3","22":"6","95":"3","92":"3","QV":"3","99":"6","85":"3","GM":"3","74":"3","53":"6","72":"3","FG":"3","PW":"3","66":"3","9C":"6|3","QX":"3"},"3F":{"8Q":"3","7V":"3","CJ":"3","9J":"3","9P":"3","6W":"3","3W":"3","9M":"3","8V":"3"}},"Q2":{"3X":{"3M":"3","JH":"3","WG":"3","7M":"3","3Q":"3","QG":"3"},"WX":{"FP":"3"},"V7":{"CC":"3"},"4X":{"FF":"3"},"2X":{"GW":"3"},"9V":{"PG":"3"},"JR":{"XQ":"3"},"6X":{"48":"3","79":"6","38":"3","28":"6|3"},"5X":{"7F":"3","JF":"3","QC":"3","MF":"3","3F":"3","X8":"3","X5":"3","2F":"3","V9":"3","W9":"3"},"9W":{"VR":"3"},"52":{"45":"3"},"5W":{"QW":"3"},"PX":{"87":"3","F7":"3"},"JX":{"RR":"3"},"GV":{"47":"3"},"8W":{"FM":"3"},"HX":{"G8":"3","R2":"3"},"6W":{"WM":"3","WP":"3"},"RM":{"9J":"3"},"MX":{"9W":"3"},"5V":{"V6":"3","W6":"3"},"4W":{"WJ":"3"},"GX":{"98":"3","26":"3","F9":"3","M7":"3","C8":"3","57":"3","47":"3","G9":"3"}},"R3":{"XF":{"RW":"3","WV":"3","Q8":"3","VQ":"3","R9":"3","RP":"3","VC":"6|3","WF":"3","W8":"3","RV":"3","VJ":"3","XR":"3","QP":"3","X9":"3","RM":"3","R7":"3","VR":"3","VV":"3","XC":"3","QV":"3","X8":"3","RR":"3","R8":"3","WR":"3|6","VF":"3","WC":"3","WW":"3","QQ":"3","QR":"6|3","W9":"3","QG":"3","RF":"3","XV":"3","RG":"3","RC":"3","QW":"3","VW":"3","QX":"3"},"H3":{"RQ":"3","QR":"3","QP":"3","RP":"3","RR":"3","8W":"3","7X":"3","QQ":"3"},"G3":{"GM":"3"},"J2":{"FR":"3"},"52":{"52":"3"},"X9":{"Q2":"3","P2":"3"},"V6":{"XV":"3"},"C3":{"79":"3","7F":"3","8F":"3","7G":"3","5F":"3","3F":"3","CG":"3","9H":"3","CJ":"3","CM":"3","68":"3","9F":"3","7C":"3","8C":"3","CF":"3","6F":"3","9J":"3","9C":"3"},"83":{"HQ":"3","RR":"3"},"X8":{"FX":"3","CR":"3","56":"3","GX":"3"},"94":{"93":"3"},"Q3":{"WC":"3","QJ":"3"},"23":{"44":"3"},"33":{"C9":"3","49":"3","79":"3","7C":"3","99":"3","88":"3","H7":"3","89":"3"},"J3":{"CM":"3","7R":"3","8R":"3","CP":"3","7V":"3","CJ":"3","8J":"3","9J":"3","FM":"3","9P":"3","FP":"3","9G":"3","7P":"3","6V":"3","9R":"3","46":"3","9Q":"3"},"93":{"RW":"3","RV":"3","JV":"3","PR":"3","VV":"3","QV":"3","RR":"3","WW":"3","QR":"3","VW":"3"},"32":{"M6":"3","J6":"3"},"42":{"6X":"3","5X":"3","3V":"3","2V":"3","3W":"3","4W":"3"},"XG":{"X9":"3","QP":"3","P6":"6|3","WW":"3","RP":"3","PJ":"3","Q4":"3","PH":"3","PG":"3","R6":"3","R5":"3","WV":"6","QM":"3","R3":"3","Q5":"3","Q3":"3","XX":"3","P7":"3","WR":"3","P5":"6|3","RM":"3","M6":"3","M7":"3","PF":"3"},"43":{"44":"3","52":"3","67":"3","42":"3","85":"3","63":"3","82":"3","83":"3","64":"3"},"R5":{"R6":"3"},"W7":{"42":"3","GF":"3"}},"P2":{"PR":{"CG":"3"},"PX":{"RP":"3"},"WM":{"86":"3"},"VW":{"GM":"3"}},"W2":{"CP":{"H9":"3","Q4":"6","XH":"3","P8":"3","Q7":"3","M8":"6","V5":"6","P9":"3"},"8X":{"JX":"3"},"PJ":{"VG":"3","WF":"3"},"J2":{"82":"3"},"99":{"QG":"3","W8":"3"}},"X3":{"5F":{"64":"3"},"7R":{"8Q":"3","QC":"3"},"25":{"6X":"3"},"WJ":{"JX":"3","HX":"3","MX":"3"},"VP":{"27":"3"},"26":{"J6":"3","P7":"6|3"},"WM":{"7F":"3","H5":"3","96":"3","F7":"3","G2":"3","95":"3","F3":"3"},"CQ":{"3Q":"3"}},"R2":{"7G":{"49":"3","37":"3","59":"3","74":"3"},"P8":{"PQ":"3"},"JM":{"5F":"3"},"6J":{"QG":"3"},"8G":{"9C":"3"},"MP":{"GW":"3"},"WX":{"GX":"3"},"6G":{"V7":"3","V6":"3"},"FR":{"W9":"3"},"JJ":{"WQ":"3","QG":"3"},"F2":{"FF":"3","CJ":"3","CH":"3"},"9G":{"X4":"3"},"5V":{"G4":"3"},"XX":{"8R":"3"},"3V":{"3Q":"3","4W":"3"},"5X":{"4R":"3"},"MV":{"P7":"3"},"JW":{"M9":"3","VM":"3"},"M7":{"3X":"3"}},"X5":{"75":{"94":"3","84":"3","82":"3","83":"3"},"86":{"R8":"3"},"RV":{"V7":"3","V8":"3"},"MM":{"3W":"3"},"HH":{"V9":"3","R8":"3"},"MC":{"PC":"3","JF":"3"},"92":{"36":"3","35":"3","54":"3","49":"3","45":"3","46":"3"},"C3":{"52":"3"},"C8":{"8R":"3","CV":"3","CW":"3"},"GH":{"M4":"3","GJ":"3","FM":"3","M7":"3","M8":"3","4F":"3","GQ":"3"},"XX":{"39":"3","29":"3"},"74":{"6X":"3","7X":"3","6W":"3"},"PC":{"7F":"3","98":"3","58":"6","67":"3","88":"3","68":"3","57":"6|3"},"Q5":{"Q9":"3","Q8":"3","R9":"3","MG":"3"},"93":{"CG":"3"},"FH":{"X3":"3"},"FG":{"HM":"3"},"GJ":{"F2":"3"},"CC":{"H3":"3"},"R5":{"72":"3"}},"W3":{"WF":{"2P":"3","2M":"3"},"MQ":{"QH":"3"},"V6":{"GH":"3"},"W5":{"M7":"3"},"8W":{"Q9":"3","R9":"3"},"RX":{"6X":"3","7X":"3","MR":"3"},"MP":{"XF":"3"},"PF":{"76":"3"},"X8":{"V7":"3","QC":"3"},"82":{"G4":"3","J2":"3"}},"V4":{"F2":{"44":"3","XQ":"3","33":"3","XP":"3","45":"3","26":"3","V6":"3","55":"3","34":"3","23":"3"},"C2":{"V3":"3","R2":"3","Q2":"3","V2":"3","X2":"3","X3":"3","W3":"3"},"G3":{"R8":"3","Q8":"3","Q3":"3"},"Q6":{"7H":"3","6G":"3"},"H3":{"GG":"3","4G":"3","6H":"3","6J":"3","FG":"3","5H":"3"},"G2":{"3R":"3","3J":"3","4V":"3","2J":"3","9V":"3","3Q":"3","7Q":"3","6R":"3","3M":"3","9W":"3","4R":"3","3P":"3","5P":"3","5V":"3","7V":"3","9X":"3","6Q":"3","7W":"3","5R":"3","8W":"3","4Q":"3","8V":"3","5Q":"3","4P":"3"},"M5":{"PC":"3"},"V8":{"W5":"3","X4":"3","X5":"3","W6":"3","W4":"3","V4":"3"}},"M2":{"JR":{"38":"3"},"FW":{"RF":"3","JC":"3","48":"3","58":"3","45":"3","55":"3","XF":"3","WH":"3","46":"3","57":"3","56":"3","47":"3","QG":"3","RG":"3"},"GW":{"7F":"3","5J":"3","4G":"3","6J":"3","5G":"3","FP":"3","5F":"6|3","FM":"3","7H":"3","3G":"3","6G":"3","3H":"3","4F":"3","RQ":"3","5H":"3","3J":"3","4J":"3","4H":"3","59":"3"},"CW":{"62":"3","53":"3","74":"3","63":"3","C6":"3","64":"3"},"3V":{"WF":"3"},"JC":{"GG":"3","G8":"3","H9":"3","GH":"3","F9":"3","GF":"3","HG":"3","C8":"3","HV":"3"},"5G":{"67":"3"},"CV":{"4X":"3","3V":"3","6W":"3"},"9W":{"V4":"3"},"HX":{"R2":"3","X4":"3","V2":"3","W4":"3","W3":"3"},"FV":{"43":"3","7X":"3"},"JX":{"25":"3","56":"3","XP":"3","75":"3","67":"3","78":"3","65":"3","WP":"3","54":"3","66":"3","46":"3","64":"3","74":"3","76":"3","35":"3","55":"3"},"HW":{"5J":"3","3Q":"3","2P":"3","JW":"3","6P":"3","3M":"3","5P":"3","CQ":"3","5H":"3","4P":"3","4J":"3","6F":"3","4Q":"3","2Q":"3"},"4V":{"3M":"3","3P":"3","2J":"3"},"PX":{"WJ":"3","MF":"3","8G":"3","RM":"3"},"9F":{"X3":"3"},"5V":{"V3":"3","R2":"3","Q2":"3","V2":"3","R3":"3","W3":"3"},"5R":{"WX":"3"},"WH":{"7H":"3","7J":"3"},"W9":{"8J":"3"},"C6":{"78":"3"},"9V":{"XG":"3"},"MX":{"2Q":"3","HG":"3","3Q":"3"},"2R":{"QV":"3"},"4H":{"6M":"3","3R":"3"},"QX":{"7V":"3","4Q":"3","3P":"3","6R":"3","5Q":"3"}},"Q3":{"X3":{"H2":"3","72":"3"},"22":{"52":"3"},"M2":{"M4":"3","Q6":"3","82":"3"},"P2":{"F3":"3","F7":"3","96":"3","95":"3","67":"3","C7":"3","93":"3","F2":"3","77":"3","F6":"3","82":"3","28":"3","C5":"3","G5":"3","C4":"3","C6":"3"}},"P3":{"W2":{"H2":"3","V2":"3"},"J2":{"W9":"3"},"23":{"6J":"3"},"83":{"C9":"3","J7":"3","J8":"3","H7":"3"}},"X4":{"7M":{"53":"3"},"CM":{"73":"3"},"FH":{"97":"3"},"3R":{"2F":"3"},"GR":{"CF":"3","9F":"3"},"4V":{"WF":"3"},"6J":{"XH":"3","WJ":"3","RJ":"3"},"7C":{"96":"3","75":"3"},"XC":{"HQ":"3","GQ":"3"},"CJ":{"VF":"3"},"75":{"6P":"3","6X":"3"},"4W":{"7W":"3","4X":"3","9X":"3","7V":"3","8X":"3","HW":"6|3","8W":"3","3R":"3","8V":"3"},"FP":{"96":"3"},"7H":{"X5":"3"},"3X":{"M2":"3","PW":"3","VF":"3","J3":"3","PR":"3","MW":"3","48":"3","49":"3","9M":"3","MR":"3","39":"3","M3":"3","92":"3","PV":"3","42":"3","H2":"6","P3":"3","29":"3","MV":"3","J2":"3","P2":"3"},"2R":{"XF":"3","XC":"3"},"5H":{"92":"3"},"8H":{"79":"3","97":"6","W2":"3","76":"3","78":"3","6C":"3","8C":"3","25":"3"},"8X":{"44":"3"},"79":{"7X":"3"},"2M":{"2V":"3"},"7J":{"3F":"3","5X":"3","5W":"3","2F":"3","2C":"3","5V":"3","3C":"3","3J":"3"},"6W":{"6W":"3"},"5W":{"8J":"3","8H":"3","7J":"3","2J":"6"},"39":{"35":"3","25":"3"},"HC":{"53":"3"},"2X":{"62":"3","G4":"3","G6":"3","73":"3","F5":"3","94":"3","H7":"3","J7":"3|6","H6":"3","72":"3","J5":"3","F6":"3","R4":"3","J6":"3","83":"3","C5":"3","M6":"3","G5":"3","M7":"3","C4":"3"},"5V":{"F6":"3"},"8C":{"76":"3"},"3W":{"QG":"3","PX":"3","RX":"3","4V":"6","2G":"6","9P":"3","P6":"3","G9":"3","4W":"6","PR":"6","4F":"3","P9":"3","R5":"3","5M":"3","HC":"3","QM":"6","RG":"3","RF":"3","9X":"3","MX":"3","M7":"3"},"76":{"99":"3","F9":"3"},"FW":{"MP":"3"},"QH":{"HH":"3","PJ":"3"},"3V":{"V2":"3"},"38":{"MJ":"3","H3":"3","JF":"3","JG":"3","HH":"3","C4":"3","GQ":"3","CP":"3","MH":"3","PJ":"3","HF":"3","HG":"3","H4":"3"},"5R":{"66":"3","WM":"3"},"29":{"VF":"3","RF":"3"},"6V":{"C5":"3"},"7R":{"96":"3","78":"3"},"2F":{"2F":"3","65":"3"},"PM":{"PV":"3"},"2W":{"5X":"3","3R":"3","J8":"3","7X":"3","6X":"3","JW":"3","8W":"3","6G":"3","HW":"3","4X":"3","4W":"3","8V":"3","5W":"3","RF":"3","XG":"3"},"84":{"7V":"3","6V":"3"},"3F":{"VF":"3","RF":"3"}},"W4":{"WV":{"22":"3","P6":"3"},"HM":{"F7":"3"},"QH":{"7C":"3","FG":"3","28":"3"},"62":{"4X":"3"},"J8":{"FR":"3","9Q":"3"},"XR":{"W5":"3","W4":"3"},"X9":{"P8":"3","P6":"3","G6":"3","Q7":"3","M8":"3","R8":"3","R6":"3","H7":"3","J7":"3","P9":"3","H6":"3","Q6":"3","M5":"3","J5":"3","Q5":"3","P7":"3","H5":"3","P5":"3","J6":"3","J8":"3","R9":"3","G7":"3","Q8":"3","M6":"3","G5":"3","M7":"3","R7":"3","Q9":"3"},"P5":{"JW":"3"},"MM":{"PX":"3"},"63":{"42":"3"},"XQ":{"PV":"3"},"49":{"X8":"3"},"XM":{"XV":"3","HF":"3"},"R2":{"G6":"3","M9":"3","94":"3","J9":"3"},"4C":{"WJ":"3","FF":"3","MH":"3","WM":"3","VM":"3","VJ":"3"},"29":{"MJ":"3","WP":"3","PH":"3"},"JH":{"2Q":"3"},"53":{"X3":"3","W4":"3"},"33":{"52":"6"},"XW":{"FF":"3","FC":"3","JG":"3"},"XH":{"PR":"3","MQ":"3"},"QQ":{"QW":"3"},"PH":{"H9":"3","G6":"6","GC":"3","HC":"3","H7":"3","C7":"3","G9":"3"},"5C":{"3P":"3"},"GJ":{"PJ":"3","76":"3","PM":"3","QM":"3","PP":"3"},"XG":{"8C":"3","8F":"3","H6":"3","9F":"3","9C":"3"},"P6":{"F7":"3"}},"H2":{"H8":{"R2":"3","Q2":"3"},"37":{"24":"3"},"66":{"HV":"3"},"G3":{"CF":"3"},"76":{"95":"3"},"74":{"JV":"3","MF":"3","MV":"3","GQ":"3","MH":"3","MR":"3","FQ":"3","PW":"3","GX":"3"},"J8":{"W9":"3"},"H7":{"HQ":"3","JR":"3","GR":"3","JQ":"3","HR":"3","JV":"3","HV":"3"},"C7":{"49":"3","79":"3","59":"3","99":"3","G5":"3"},"M8":{"3J":"3"},"WF":{"C3":"3"},"P9":{"Q3":"3","P3":"3"},"77":{"63":"3","32":"3"},"P2":{"5V":"3"},"75":{"M4":"3","M2":"3"}},"X2":{"33":{"J9":"3"},"X5":{"M3":"3"},"84":{"4W":"3"},"5H":{"HF":"3","GC":"3","G7":"3"},"29":{"CF":"3"},"X8":{"96":"3"}}},"index":{"university,1|retail,2|tourism,3|wreck,4|historical,5|artsCulture,6|namedBuilding,7|water,8|wetland,9|park,10|beach,11|natureReserve,12|cemetery,13|trail,14":{}}}