{"5F":{"WQ":{"J4":{"CM":"3","CP":"3","FM":"3","FP":"3","P9":"3","P7":"3"}},"HP":{"2X":{"H4":"3"},"2Q":{"P7":"3"},"2V":{"H5":"3","H6":"3","M5":"3"},"R7":{"XV":"3"},"2J":{"X6":"3"},"3H":{"2H":"3"}},"CV":{"GV":{"53":"3"},"34":{"9M":"3"},"9R":{"VX":"3"},"HV":{"93":"3"}},"FP":{"X9":{"H2":"3"},"7M":{"FP":"3","FM":"3","CJ":"3","CP":"3","CM":"3","9P":"3","9M":"3","FJ":"3","GJ":"3"},"J4":{"64":"3"},"HJ":{"22":"3","63":"3"},"9C":{"H9":"3","P8":"3"},"HP":{"6J":"3"},"25":{"24":"3"},"H3":{"XP":"3"},"CG":{"QX":"3"},"62":{"MC":"3"},"HG":{"G6":"3","GC":"3","F9":"3","FC":"3","G9":"3"},"8G":{"H9":"3"},"63":{"7G":"3"},"P6":{"5R":"3"},"4W":{"7H":"3","8J":"3","8H":"3","7J":"3"},"XM":{"G5":"3"},"CC":{"X5":"3"},"78":{"32":"3"},"F9":{"2X":"3","PF":"3","CX":"3"},"H8":{"RP":"3","VP":"3","22":"3","VM":"3","RM":"3"},"FF":{"55":"3","46":"3"},"54":{"7G":"3"},"H9":{"FG":"3"},"C9":{"GG":"3","H9":"3","5C":"3","PF":"3"},"2Q":{"WX":"3","6H":"3"},"JX":{"G8":"3"},"M4":{"85":"3"},"M3":{"9W":"3"},"7V":{"H2":"3"},"76":{"5Q":"3"},"Q3":{"M9":"3"},"9H":{"79":"3"},"RC":{"RG":"3"},"4X":{"CM":"3","CP":"3","M6":"3","Q6":"3","FM":"3","FP":"3","P6":"3","P5":"3"},"H5":{"7R":"3"},"P3":{"MC":"3"},"24":{"PJ":"3","QM":"3"},"5R":{"CF":"3"},"JW":{"VW":"3"},"FC":{"QH":"3","WF":"3","92":"3","RH":"3","RJ":"3","QJ":"3","6H":"3"}},"2X":{"V9":{"GW":"3","CW":"3","GX":"3"},"X2":{"V6":"3"},"R3":{"PC":"3"},"WG":{"54":"3","55":"3"}},"RQ":{"XH":{"63":"3"},"WJ":{"HJ":"3"},"XP":{"R3":"3"}},"3V":{"V5":{"7W":"3"},"W4":{"9J":"3"},"J4":{"7W":"3"},"V2":{"H5":"3","G5":"3","F3":"3"},"68":{"CM":"3"},"43":{"PG":"3"},"P4":{"PP":"3"},"QC":{"QQ":"3"},"JC":{"R4":"3","46":"3"},"6J":{"HH":"3"},"7C":{"J5":"3"},"8G":{"2M":"3"},"7F":{"C7":"3"},"P6":{"WC":"3"},"8H":{"75":"3","67":"3","65":"3","63":"3","64":"3","83":"3","77":"3","5P":"3","85":"3","5M":"3","74":"3","73":"3","5Q":"3","66":"3","84":"3"},"CC":{"JH":"3"},"M8":{"3F":"3"},"7J":{"48":"3","G4":"3","78":"3","88":"3"},"Q6":{"2W":"3","42":"3"},"59":{"5W":"3"},"9F":{"XP":"3"},"W5":{"3F":"3"},"M4":{"VC":"3"},"R3":{"43":"3"},"M5":{"48":"3","GP":"3"},"J5":{"49":"3","76":"3","75":"3"},"8F":{"3X":"3","3W":"3"},"6F":{"P9":"3"},"92":{"86":"3"},"Q3":{"QR":"3","93":"3"},"R4":{"8F":"3"},"P2":{"4J":"3"},"M6":{"GR":"3"},"M7":{"VR":"3","RR":"3","97":"3","VQ":"3"}},"9P":{"4G":{"CP":"3"},"P9":{"6W":"3","W9":"3","QF":"3"},"JC":{"QH":"3","CJ":"3","4Q":"3","7M":"3"},"V7":{"R9":"3","RP":"3","QH":"3","PG":"3","QC":"3","QP":"3","MM":"3","FR":"3","HQ":"3","GP":"3","FV":"3","MH":"3","QJ":"3","FQ":"3","QQ":"3","PJ":"3","GJ":"3","RC":"3","8R":"3","JM":"3"},"X6":{"6M":"3","J7":"3","4P":"3","55":"3","82":"3","83":"3","G9":"3"},"5V":{"QR":"3"},"8R":{"M8":"3","J8":"3","JC":"3","J7":"3","J9":"3","3F":"3","39":"3","H8":"3","H9":"3","M7":"3","38":"3","M9":"3","QW":"3"},"FF":{"HV":"3"},"8V":{"5C":"3","79":"3","7G":"3"},"9J":{"6P":"3","5P":"3","4P":"3"},"R8":{"66":"3","55":"3","56":"3"},"3G":{"26":"3","22":"3"},"W7":{"66":"3","76":"3","67":"3","77":"3","65":"3"},"2H":{"JW":"3"},"6X":{"W2":"3"},"8X":{"MR":"3"},"7P":{"MH":"3"},"Q8":{"V9":"3","9W":"3"},"7Q":{"W5":"3"},"2G":{"W6":"3","V2":"3","XR":"3","R4":"3","W2":"3","X5":"3","W4":"3","V8":"3"},"2F":{"FJ":"3","QP":"3","CM":"3","QJ":"3","QV":"3","RX":"3","JQ":"3","9P":"3","8G":"3","CJ":"3","FM":"3","QQ":"3","HQ":"3","RQ":"3","MR":"3","QM":"3","9G":"3","HX":"3","QW":"3","9H":"3","CP":"3","PP":"3"},"5G":{"7R":"3","8R":"3","GV":"3","QV":"3","XW":"3","MV":"3","FV":"3"},"8H":{"93":"3","H3":"3","JV":"3"},"GF":{"99":"3","Q5":"3"},"FG":{"72":"3"},"X5":{"FW":"3"},"9H":{"67":"3"},"8G":{"FJ":"3","7G":"3","FH":"3","9C":"3","CG":"3","9P":"3","8G":"3","MG":"3","CJ":"3","7F":"3","99":"3","FM":"3","7H":"3","8H":"3","CC":"3","CF":"3","PH":"3","FF":"3","PG":"3","9J":"3","9M":"3","JG":"3","9F":"3","MH":"3","9G":"3","8F":"3","GJ":"3","WJ":"3","GG":"3","CH":"3","FW":"3","QH":"3","9H":"3","GH":"3","FC":"3","GC":"3","FG":"3"},"8Q":{"5R":"3","6R":"3","4W":"3"},"7G":{"2R":"3"},"R7":{"QQ":"3","MR":"3"},"FX":{"WR":"3"},"W6":{"RX":"3","8W":"3","W9":"3","GP":"3"},"HF":{"44":"3"},"4C":{"JW":"3","5P":"3"},"7H":{"P5":"3"},"2C":{"PJ":"3"},"7V":{"CX":"3"},"7X":{"Q6":"3","C3":"3"},"9G":{"6J":"3","7G":"3","8G":"3","3H":"3","2H":"3","6H":"3","5H":"3","4J":"3","GF":"3","FC":"3","4H":"3"},"MC":{"3F":"3","C7":"3","4F":"3","P4":"3","W3":"3"},"9M":{"CF":"3"},"Q9":{"54":"3","53":"3"},"7M":{"69":"3"},"8W":{"V9":"3"}},"7V":{"HQ":{"2F":"3","4C":"3"},"54":{"C9":"3","99":"3"},"WJ":{"V7":"3","5W":"3","W7":"3","V8":"3"},"9X":{"G4":"3","G3":"3","C4":"3","F4":"3","G5":"3","QG":"3","F3":"3"},"GR":{"6X":"3","5W":"3","9Q":"3"},"GV":{"52":"3"},"RX":{"JJ":"3"},"WH":{"HQ":"3","HP":"3"},"CW":{"2J":"3"},"VW":{"PR":"3","VQ":"3"},"9Q":{"99":"3","9C":"3"},"FW":{"PG":"3"},"XX":{"R5":"3"}},"8W":{"Q2":{"X3":"3"}},"9Q":{"WV":{"67":"3","57":"3"},"RP":{"9P":"3"},"GV":{"VR":"3"},"6G":{"54":"3","42":"3"},"7Q":{"36":"3"},"4F":{"XF":"3","WF":"3"},"XH":{"XP":"3","XM":"3"},"82":{"JH":"3"},"P4":{"79":"3"},"5C":{"7R":"3"},"JP":{"9X":"3"},"6Q":{"Q6":"3"}},"9W":{"VM":{"R2":"3"},"62":{"98":"3","C8":"3"},"W8":{"P6":"3"},"VJ":{"RX":"3"},"C5":{"8J":"3","9P":"3","9Q":"3"},"HX":{"49":"3","39":"3","24":"3","4C":"3","46":"3","3C":"3"},"83":{"3C":"3"},"HV":{"GW":"3","GV":"3","FV":"3"},"JX":{"F2":"3","F3":"3"},"JJ":{"67":"3"},"74":{"R3":"3"},"73":{"XW":"3"},"GX":{"PG":"3","X8":"3","W4":"3","WH":"3","V8":"3","XV":"3","X7":"3"},"HP":{"52":"3"}},"WV":{"QC":{"66":"3"}},"FV":{"G8":{"V3":"3","C2":"3","C4":"3","F4":"3","F3":"3"},"H8":{"JX":"3"},"VR":{"MG":"3"},"G6":{"MM":"3"},"CF":{"8M":"3","63":"3","65":"3","75":"3"},"H6":{"FX":"3"},"98":{"VV":"3","VX":"3"},"W5":{"9V":"3"},"J7":{"63":"3"},"93":{"3X":"3","2X":"3"},"F7":{"R3":"3"},"G7":{"CM":"3","5R":"3","8Q":"3","8X":"3","9H":"3","F9":"3","9Q":"3"},"M7":{"27":"3"},"G2":{"8J":"3","9M":"3"},"94":{"22":"3","32":"3"},"84":{"QJ":"3"},"JF":{"XR":"3","XQ":"3","MG":"3"},"95":{"43":"3"},"83":{"XX":"3"},"MG":{"4M":"3"},"F6":{"RW":"3","RX":"3","VV":"3","RR":"3","WR":"3","RQ":"3","MR":"3","MW":"3","PW":"3","VX":"3","VW":"3"}},"RP":{"XJ":{"MP":"3"}},"JX":{"3Q":{"VF":"3","RF":"3","Q7":"3","R8":"3","MH":"3","Q6":"3","MM":"3","Q8":"3","R7":"3","QF":"3","QM":"3","VG":"3","P6":"3","Q5":"3","P5":"3","RG":"3"},"3P":{"3W":"3"},"4M":{"XC":"3","W9":"3"},"4R":{"GM":"3","GJ":"3","J8":"3"},"4V":{"87":"3"},"5M":{"29":"3"},"4W":{"M4":"3","J4":"3"},"4Q":{"6M":"3","5J":"3","5M":"3","6J":"3","5H":"3"}},"RJ":{"MJ":{"3W":"3"},"JH":{"3R":"3"}},"GP":{"WC":{"GM":"3"},"8Q":{"5H":"3"},"HJ":{"69":"3","59":"3","9F":"3","6C":"3","68":"3"},"QF":{"VR":"3"},"HP":{"JR":"3"},"QC":{"RF":"3"},"JF":{"33":"3"},"MF":{"JC":"3","PJ":"3","M9":"3","PC":"3"},"JV":{"92":"3"},"M9":{"99":"3"},"9V":{"WP":"3"},"WF":{"7P":"3"},"RJ":{"GC":"3"},"44":{"VH":"3","XM":"3"},"9Q":{"28":"3"},"67":{"GR":"3"},"78":{"85":"3","94":"3","84":"3","95":"3"},"V9":{"CR":"3","VH":"3"},"54":{"4H":"3"},"49":{"97":"3"},"RQ":{"XH":"3"},"VM":{"74":"3"},"2Q":{"G6":"3"},"87":{"Q4":"3"},"WQ":{"Q5":"3"},"XF":{"VF":"3","RF":"3","XF":"3","QF":"3"},"CR":{"MM":"3","GV":"3","MP":"3"},"RG":{"GJ":"3"},"RC":{"P6":"3"},"4X":{"VH":"3"},"HV":{"X7":"3"},"29":{"3Q":"3"},"9R":{"GW":"3","HX":"3","C8":"3","FW":"3","FV":"3","GP":"3"}},"GM":{"6V":{"M3":"3","Q2":"3"},"3Q":{"HF":"3"},"Q9":{"FC":"3"},"3R":{"XG":"3"},"6J":{"Q5":"3"},"VJ":{"H9":"3","GH":"3","F9":"3","G9":"3","J9":"3"},"6X":{"Q6":"3"},"VR":{"59":"3"},"7R":{"C2":"3"},"3X":{"GP":"3"},"J7":{"5M":"3"},"22":{"3M":"3","3P":"3","5Q":"3"},"69":{"JR":"3"},"C8":{"PX":"3"},"4R":{"RW":"3"},"4V":{"8F":"3","52":"3","78":"3","92":"3"},"J5":{"G2":"3","W4":"3"},"M6":{"GJ":"3","4H":"3","FH":"3"},"PV":{"MM":"3","PM":"3","QG":"3","RG":"3"},"GR":{"29":"3"},"5V":{"23":"3"},"5R":{"CG":"3"},"4W":{"F2":"3","C2":"3","7P":"3"},"5Q":{"8Q":"3","7M":"3"},"PW":{"2F":"3"},"WG":{"QQ":"3"},"VX":{"5M":"3"}},"8P":{"WX":{"VQ":"3"},"6H":{"H8":"3"},"RM":{"46":"3","95":"3"},"MG":{"P2":"3"}},"4X":{"G6":{"3C":"3"},"22":{"GG":"3","HF":"3","GF":"3","HG":"3"}},"2R":{"PV":{"V9":"3","CJ":"3","8J":"3","9J":"3","X9":"3","9H":"3","VC":"3","8H":"3","W9":"3","CH":"3"}},"3R":{"WX":{"G8":"3","G7":"3","F7":"3","H7":"3","G6":"3","H8":"3","H9":"3","F6":"3"},"GM":{"CM":"3","CP":"3","FM":"3","9P":"3","CQ":"3"},"VV":{"GR":"3","GV":"3","HR":"3","HV":"3"},"CF":{"QQ":"3"},"FJ":{"V3":"3","75":"3"},"VX":{"5J":"3","H3":"3","6J":"3"},"PX":{"CV":"3"},"9F":{"VR":"3"},"CC":{"V9":"3","XG":"6","WH":"3"},"VW":{"PP":"3"},"MX":{"HQ":"3","8P":"3"}},"7W":{"P2":{"4J":"3","4H":"3","6G":"3","5H":"3","5G":"3"},"MC":{"35":"3","72":"3","32":"3"},"4R":{"R6":"3","R5":"3"},"55":{"VQ":"3"},"M2":{"XM":"3"},"M9":{"CM":"3","CJ":"3"},"5Q":{"HF":"3"},"H4":{"F2":"3","48":"3","92":"3","84":"3","C3":"3","F3":"3"}},"FQ":{"MG":{"WV":"3"},"JC":{"4J":"3","4G":"3","8M":"3"},"P5":{"2G":"3"},"RM":{"XQ":"3"},"QF":{"Q9":"3","R8":"3"},"MF":{"22":"3"},"MC":{"3X":"3"},"HC":{"RF":"3"},"GC":{"R6":"3"},"FX":{"JH":"3"},"HF":{"G5":"3"},"M5":{"XG":"3"},"RF":{"47":"3"},"GX":{"C8":"3"}},"JR":{"G8":{"6M":"3","CM":"3","CP":"3","FP":"3","8G":"3"},"33":{"84":"3"},"74":{"5R":"3"},"22":{"8F":"3"},"32":{"98":"3","PQ":"3"},"G9":{"P8":"3","M8":"3","GQ":"3"}},"VM":{"96":{"GM":"3","5G":"3"},"MG":{"4X":"3","3V":"3","2W":"3","2R":"3"},"27":{"Q8":"3"},"JG":{"VM":"3","XW":"3","RM":"3"},"95":{"QX":"3"},"FF":{"48":"3","58":"3","57":"3","47":"3"},"55":{"79":"3","89":"3"},"C9":{"9X":"3","9W":"3","8W":"3","CW":"3"},"MH":{"86":"3","52":"6","97":"3","63":"3","HH":"3","C8":"3","85":"3","74":"3","JH":"3","53":"3","73":"3","GF":"3"},"JH":{"H2":"3","CF":"3","FF":"3","FC":"3"},"HG":{"9R":"3","5V":"3"},"CC":{"F3":"3","F2":"3","C5":"3","F5":"3","95":"3","C3":"3","C4":"3","G4":"3","94":"3","M6":"3","H2":"3","93":"3","M5":"3"},"9C":{"W3":"3"}},"GW":{"F4":{"JW":"3","96":"3","97":"3","G7":"3","C6":"3"},"WJ":{"62":"3"},"F3":{"3F":"3"},"F2":{"C9":"3"},"QF":{"8X":"3"},"J7":{"WQ":"3"},"C3":{"PW":"3","MX":"3"},"C4":{"M3":"3","Q2":"3","Q3":"3","R6":"3","R5":"3","P4":"3"},"GC":{"88":"3"},"C2":{"5W":"3"},"F6":{"V4":"3"}},"MH":{"RQ":{"VV":"3"},"QR":{"34":"3"},"8R":{"5G":"3"},"CP":{"4C":"3"},"JR":{"99":"3"},"PR":{"56":"3","W4":"3"},"CR":{"RF":"3","HC":"3"},"9R":{"JC":"3"},"HR":{"GC":"3"}},"FR":{"8R":{"2V":"3","2R":"3"},"V5":{"J5":"3","V2":"3","R3":"3","V4":"3","W3":"3"},"8Q":{"H3":"3"},"W4":{"4G":"3","W4":"3"},"FH":{"C3":"3"},"PX":{"F2":"3","H4":"3","54":"3","55":"3","65":"3","64":"3"},"88":{"HF":"3"},"5J":{"4H":"3","7X":"3"},"4M":{"X8":"3"},"X3":{"2Q":"3","W5":"3","G7":"3","W4":"3"},"6P":{"69":"3","66":"3","58":"3","5Q":"3","68":"3","56":"3"},"V3":{"H5":"3"},"FM":{"X7":"3"},"5P":{"MM":"3"},"V4":{"WX":"3","WV":"3","RW":"3","VX":"3"},"5M":{"43":"3","36":"3","97":"3","73":"3","WG":"3","72":"3","63":"3","28":"3"},"4J":{"WX":"3","VV":"3","RR":"3"},"GJ":{"CW":"3","MQ":"3","MP":"3","QV":"3","JX":"3","PQ":"3","MW":"3","MX":"3"},"GG":{"QV":"3"},"R4":{"VR":"3","JH":"3","PM":"3","PP":"3"},"45":{"4P":"3"},"6Q":{"RR":"3","VP":"3","VQ":"3"},"JW":{"88":"3"},"GM":{"M4":"3","R4":"3","Q4":"3","V3":"3","M3":"3","C2":"3","J5":"3","H5":"3","G3":"3","R2":"3","Q3":"3","R3":"3","R7":"3","P6":"3","P4":"3","J3":"3","P3":"3","F3":"3"}},"JW":{"FG":{"5M":"3"},"M8":{"PX":"3"}},"9V":{"X9":{"28":"3"},"C8":{"9J":"3"},"V8":{"3M":"3"},"F3":{"3Q":"3","6W":"3","C8":"6","9R":"3","53":"3","4P":"3","8V":"3","43":"3","2M":"3","2Q":"3","C7":"3"},"H4":{"74":"3","72":"3"},"68":{"5M":"3"},"H3":{"H4":"3","H5":"3","CC":"3","M2":"3","J4":"3"},"JC":{"74":"3"},"M2":{"RV":"3"},"56":{"P8":"3","Q7":"3","Q9":"3","R8":"3","Q8":"3","P7":"3"},"J3":{"9G":"3","84":"3"},"F7":{"48":"3","49":"3","39":"3","2H":"3","67":"3","38":"3"},"RH":{"F6":"3"},"73":{"3F":"3","3G":"3","XJ":"3","R6":"3","4F":"3"},"F5":{"7V":"3"},"94":{"XV":"3","XR":"3","WR":"3","WV":"3","J2":"3","X3":"3","M2":"3","W3":"3"},"3X":{"PW":"3"},"FF":{"P6":"3"},"54":{"28":"3"},"H9":{"JR":"3"},"93":{"RP":"3","PF":"3","VP":"3","MF":"3","PC":"3","XJ":"3","JF":"3","MX":"3","Q5":"6","XM":"3"},"J9":{"PH":"3"},"F2":{"F8":"3","C9":"3","M9":"3","F9":"3","HX":"6","CC":"3","FC":"3","GP":"3"},"W9":{"X9":"3","X7":"6","W9":"3","X8":"3","W8":"3"},"M3":{"XC":"3","X8":"3","JG":"3"},"C2":{"VR":"3"},"92":{"MG":"3"},"76":{"JP":"3","JQ":"3"},"QH":{"VM":"3"},"P3":{"M4":"3","6H":"3","3C":"3"},"G3":{"M7":"3"},"GF":{"FV":"3"},"J2":{"8H":"3"},"C3":{"WQ":"3","HP":"3","CV":"3","44":"3","FP":"3","QF":"3","7F":"3","9Q":"3","WV":"3","2J":"3","RJ":"3","GP":"3","PG":"3","G4":"3","JR":"3","FR":"3","JH":"3","JW":"3","P8":"3","3J":"3","9V":"3","PH":"3","2M":"3","6Q":"3","PP":"3|6","PV":"3","XW":"3","HV":"3","Q8":"3","8R":"3","CR":"3","WW":"3","3M":"3","H9":"3","JF":"3","WF":"3","JC":"3","5W":"3","45":"6","WP":"3","QQ":"3","HJ":"3","GJ":"3","87":"3","J6":"3","JQ":"3","27":"3","QM":"3","JJ":"3","GR":"3","Q9":"3","PX":"3","HW":"3","97":"3","XR":"3","34":"3","MF":"3","QV":"3","QC":"3","H6":"3","MM":"3","4G":"3","JP":"3","HM":"6|3","QP":"3","XP":"3","WR":"3","Q7":"3","28":"3","VW":"3","GV":"3","MP":"6","VP":"3","64":"3","VH":"3","PC":"3","GH":"3","FG":"3","PM":"3","PF":"3","MC":"3","R7":"3","JG":"3","HQ":"3","JM":"3","XX":"3"},"Q2":{"CC":"3"},"83":{"PH":"3"},"GC":{"96":"3","97":"3","86":"3","46":"3"},"C4":{"F3":"3","G2":"3","HJ":"3","P2":"3","F5":"3","FM":"3","M7":"3","6R":"3","94":"3","M2":"3","C9":"3","JH":"3","32":"3","H4":"3","GF":"3","FC":"3"},"R7":{"JR":"3"},"84":{"88":"3","68":"3"}},"PH":{"5R":{"WW":"3"},"2Q":{"W9":"3"},"4P":{"5J":"3"},"3R":{"WG":"3"},"6V":{"26":"3"}},"6Q":{"WX":{"39":"3"},"VX":{"5P":"3","PW":"3","F5":"3","7G":"3"},"MX":{"CG":"3"}},"PP":{"VR":{"XR":"3","XQ":"3"},"WR":{"2Q":"3","2R":"3"},"7Q":{"W6":"3","X6":"3","X9":"3","W5":"3","W2":"3","X3":"3","XC":"3","X8":"3","W3":"3","X5":"3","X4":"3","W4":"3","X2":"3","X7":"3"},"8Q":{"29":"3","C2":"3","64":"3","63":"3","54":"3","57":"3","83":"3","22":"3","52":"3","93":"3","92":"3","82":"3","75":"3","34":"3","39":"3","38":"3","62":"3","28":"3","55":"3","25":"3","33":"3","53":"3","26":"3","43":"3","32":"3","66":"3","42":"3","23":"3","35":"3","56":"3","45":"3","72":"3","73":"3","24":"3","65":"3","36":"3","47":"3","37":"3","2C":"3","74":"3","46":"3","44":"3","27":"3","84":"3","48":"3"},"7P":{"WH":"3","WR":"3","V7":"3","X6":"3","WF":"3","W9":"3","WV":"3","QC":"3","RP":"3","VQ":"3","VM":"3","R8":"3","R9":"3","W7":"3","X7":"3","RG":"3","VP":"3","VV":"3","XR":"3","VF":"3","VX":"3","VC":"3","X8":"3","WW":"3","XG":"3","WQ":"3","RM":"3","XM":"3","XQ":"3","XW":"3","WM":"3","XJ":"3","XX":"3","WX":"3","X9":"3","V9":"3","VR":"3","WJ":"3","W6":"3","XH":"3","WC":"3","WG":"3","VH":"3","RH":"3","RC":"3","VJ":"3","V8":"3","XV":"3","VW":"3","XP":"3","WP":"3","XC":"3","Q9":"3","XF":"3","QF":"3","RJ":"3","W8":"3","RF":"3","VG":"3"},"8M":{"WQ":"3","VG":"3","HP":"3","FH":"3","FJ":"3","CV":"3","V7":"3","FP":"3","R9":"3","R2":"3","RQ":"3","QF":"3","WG":"3","8W":"3","GF":"3","VV":"3","9Q":"3","FW":"3","9W":"3","WV":"3","FV":"3","RP":"3","JX":"3","V6":"3","RJ":"3","GP":"3","GM":"3","PG":"3","M5":"3","WJ":"3","WC":"3","QX":"3","RW":"3","P7":"3","Q4":"3","FQ":"3","VJ":"3","M8":"3","QG":"3","JR":"3","VM":"3","GW":"3","MH":"3","FR":"3","JH":"3","JW":"3","P8":"3","9V":"3","PH":"3","RX":"3","R4":"3","M9":"3","PP":"3","PV":"3","R6":"3","XW":"3","HV":"3","MR":"3","Q8":"3","MV":"3","CR":"3","HX":"3","GG":"3","WW":"3","QJ":"3","H9":"3","MG":"3","JF":"3","WF":"3","QR":"3","9X":"3","JV":"3","JC":"3","XM":"3","CQ":"3","WP":"3","Q3":"3","CJ":"3","QW":"3","QQ":"3","PQ":"3","V8":"3","VQ":"3","XQ":"3","HJ":"3","GJ":"3","8V":"3","HC":"3","XJ":"3","J9":"3","HR":"3","JQ":"3","PR":"3","P9":"3","QM":"3","JJ":"3","9R":"3","GR":"3","Q9":"3","VF":"3","HH":"3","RH":"3","R8":"3","Q6":"3","WX":"3","P6":"3","FX":"3","J7":"3","R5":"3","PX":"3","HW":"3","WH":"3","XR":"3","MF":"3","GX":"3","MQ":"3","QV":"3","QC":"3","P4":"3","MM":"3","HF":"3","JP":"3","V5":"3","RF":"3","VC":"3","W9":"3","QP":"3","HM":"3","Q2":"3","XP":"3","WR":"3","MX":"3","Q7":"3","CW":"3","QH":"3","VW":"3","XV":"3","7X":"3","FM":"3","RV":"3","GV":"3","Q5":"3","V9":"3","GC":"3","MP":"3","VX":"3","RR":"3","VP":"3","RG":"3","VH":"3","VR":"3","PW":"3","J8":"3","M7":"3","CX":"3","R3":"3","CM":"3","GQ":"3","V4":"3","PC":"3","RC":"3","PJ":"3","GH":"3","HG":"3","FG":"3","CP":"3","8X":"3","PM":"3","PF":"3","MC":"3","MJ":"3","R7":"3","P5":"3","WM":"3","M6":"3","JG":"3","HQ":"3","RM":"3","JM":"3","XX":"3","MW":"3"},"8P":{"XF":"3","H3":"3","8V":"3","46":"3","P6":"3","63":"3","P7":"3","G8":"3","HV":"3","FV":"3","6X":"3","V8":"3","Q7":"3","XH":"3","JM":"3","WH":"3","59":"3","V6":"3","47":"3","MJ":"3","F6":"3","CC":"3","C5":"3","76":"3","XV":"3","R6":"3","CG":"3","R8":"3","GF":"3","FC":"3","C2":"3","CP":"3","72":"3","5C":"3","3Q":"3","99":"3","3M":"3","7F":"3","J4":"3","M7":"3","R4":"3","C9":"3","P3":"3","53":"3","J8":"3","F2":"3","QM":"3","WR":"3","XW":"3","R5":"3","P8":"3","6C":"3","JC":"3","FX":"3","PC":"3","Q9":"3","44":"3","4Q":"3","VR":"3","QG":"3","G9":"3","6Q":"3","H6":"3","H7":"3","MQ":"3","FW":"3","4X":"3","7M":"3","X7":"3","77":"3","7R":"3","GM":"3","9X":"3","PG":"3","F5":"3","GJ":"3","R2":"3","HM":"3","MC":"3","8R":"3","8C":"3","92":"3","X2":"3","84":"3","GC":"3","75":"3","WW":"3","XM":"3","74":"3","4V":"3","VJ":"3","9R":"3","V9":"3","VC":"3","C3":"3","2P":"3","4M":"3","VH":"3","R9":"3","Q5":"3","C7":"3","8M":"3","CR":"3","2F":"3","35":"3","7H":"3","G2":"3","3H":"3","VX":"3","JP":"3","64":"3","85":"3","M4":"3","6W":"3","7W":"3","FF":"3","57":"3","8F":"3","R7":"3","2G":"3","F3":"3","V7":"3","95":"3","P4":"3","9C":"3","3P":"3","MF":"3","79":"3","3V":"3","HH":"3","X8":"3","JG":"3","WC":"3","5P":"3","P2":"3","PM":"3","FQ":"3","6V":"3","4R":"3","HF":"3","HC":"3","8P":"3","8X":"3","66":"3","J9":"3","CV":"3","X5":"3","CM":"3","HG":"3","MP":"3","QH":"3","H8":"3","VW":"3","V5":"3","CW":"3","M2":"3","FJ":"3","PF":"3","WF":"3","56":"3","M3":"3","W5":"3","RJ":"3","Q8":"3","96":"3","3R":"3","27":"3","RM":"3","H9":"3","V2":"3","PH":"3","V3":"3","9Q":"3","67":"3","3C":"3","WX":"3","C6":"3","7G":"3","48":"3","78":"3","5G":"3","8H":"3","5X":"3","86":"3","7V":"3","Q6":"3","9P":"3","J6":"3","F8":"3","P9":"3","2Q":"3","5H":"3","QJ":"3","7P":"3","5R":"3","4W":"3","H4":"3","58":"3","GQ":"3","5Q":"3","94":"3","W8":"3","HP":"3","RP":"3","9V":"3","2V":"3","RC":"3","JJ":"3","82":"3","J7":"3","45":"3","VF":"3","XG":"3","PP":"3","4J":"3","65":"3","M9":"3","QF":"3","G4":"3","C8":"3","3W":"3","QC":"3","9W":"3","5V":"3","JH":"3","W7":"3","P5":"3","5J":"3","XR":"3","69":"3","M6":"3","M5":"3","MG":"3","38":"3","H5":"3","F4":"3","39":"3","97":"3","9M":"3","49":"3","88":"3","CF":"3","9F":"3","XJ":"3","F9":"3","54":"3","C4":"3","GW":"3","7Q":"3","HJ":"3","JF":"3","2M":"3","89":"3","J5":"3","X9":"3","JR":"3","G6":"3","Q4":"3","8W":"3","RH":"3","RG":"3","RQ":"3","6P":"3","6M":"3","4C":"3","W9":"3","6F":"3","2R":"3","VM":"3","FH":"3","G7":"3","J2":"3","87":"3","7J":"3","X6":"3","6H":"3","M8":"3","GG":"3","5F":"3","XP":"3","FG":"3","3J":"3","62":"3","W4":"3","G5":"3","6R":"3","9J":"3","XC":"3","37":"3","6G":"3","5W":"3","2H":"3","WJ":"3","H2":"3","W6":"3","WM":"3","V4":"3","MM":"3","4G":"3","26":"3","RF":"3","98":"3","2C":"3","4F":"3","4P":"3","VQ":"3","2J":"3","FP":"3","GR":"3","VV":"3","83":"3","J3":"3","2X":"3","3G":"3","93":"3","WP":"3","68":"3","6J":"3","9H":"3","7X":"3","VG":"3","WQ":"3","R3":"3","FM":"3","G3":"3","25":"3","JQ":"3","GP":"3","WV":"3","GH":"3","CQ":"3","5M":"3","Q2":"3","3F":"3","WG":"3","MH":"3","VP":"3","CX":"3","7C":"3","HR":"3","4H":"3","X4":"3","8J":"3","XQ":"3","HQ":"3","W2":"3","F7":"3","55":"3","8Q":"3","29":"3","8G":"3","28":"3","CJ":"3","36":"3","9G":"3","GV":"3","73":"3","FR":"3","X3":"3","Q3":"3","3X":"3","W3":"3","2W":"3","CH":"3","PJ":"3"},"9P":{"3R":"3","25":"3","3G":"3","3J":"3","22":"3","2J":"3","2G":"3","37":"3","3Q":"3","27":"3","36":"3","3M":"3","2R":"3","3P":"3","23":"3","2M":"3","2Q":"3","3H":"3","39":"3","3C":"3","2C":"3","3V":"3","28":"3","38":"3","35":"3","2V":"3","24":"3","29":"3","26":"3","2F":"3","2P":"3","2H":"3","3F":"3"},"9M":{"2X":"3","2W":"3","2V":"3"},"QR":{"X6":"3"},"34":{"VR":"3"},"VX":{"99":"3","89":"3"}},"6P":{"5V":{"VJ":"3"}},"4W":{"79":{"HJ":"3","9H":"3","8H":"3","JM":"3","JJ":"3"},"JG":{"89":"3"},"99":{"CJ":"3","VX":"3"},"MH":{"99":"3"},"68":{"QV":"3","XJ":"3"},"35":{"5G":"3"},"7C":{"7H":"3"},"MX":{"F2":"3"},"9C":{"C3":"3"}},"7R":{"V6":{"WP":"3"},"V8":{"7W":"3","6W":"3"},"F3":{"FF":"3","GC":"3","F9":"3","GF":"3","FC":"3"},"J3":{"RC":"3"},"F7":{"9X":"3","CX":"3"},"G4":{"94":"3"},"36":{"JP":"3","JM":"3"},"P6":{"MQ":"3","PQ":"3","MP":"3"},"G6":{"QP":"3"},"73":{"PC":"3"},"F5":{"W2":"3","V2":"3"},"V9":{"27":"3","F4":"3"},"Q4":{"33":"3"},"VH":{"8C":"3","8F":"3","9F":"3","9C":"3"},"46":{"X5":"3"},"M5":{"9H":"3"},"5X":{"4G":"3","4F":"3","3H":"3","3J":"3"},"45":{"GG":"3","HH":"3","HJ":"3","J5":"3","GJ":"3","GH":"3","HG":"3"},"4X":{"PR":"3"},"H5":{"4C":"3","29":"3","4M":"3"},"G3":{"8F":"3"},"F4":{"PF":"3","PR":"3","W7":"3","X7":"3"},"F8":{"C2":"3","92":"3"},"G5":{"W9":"3","3J":"3"},"3F":{"QH":"3"}},"HV":{"79":{"PX":"3"},"62":{"MH":"3"},"52":{"PX":"3"},"6X":{"8C":"3","79":"3","7C":"3","88":"3","89":"3"},"54":{"MJ":"3","QH":"3","PG":"3","Q9":"3","MH":"3","PJ":"3","MP":"3","MG":"3","PH":"3"},"63":{"RX":"3","86":"3","95":"3"},"77":{"36":"3","26":"3"},"7H":{"5J":"3"},"2V":{"93":"3"},"53":{"Q2":"3"},"72":{"XV":"3","9X":"3","7V":"3","PW":"3"},"56":{"M7":"3"}},"8R":{"87":{"XV":"3"},"96":{"JR":"3","RW":"3","PV":"3","QW":"3","QV":"3"},"Q8":{"8W":"3"},"Q9":{"66":"3","76":"3","77":"3","64":"3"},"H3":{"3R":"3","W8":"3","V6":"3","7V":"3","PX":"3","V8":"3","W9":"3","59":"3"},"62":{"QP":"3","JJ":"3"},"G3":{"FQ":"3","MQ":"3"},"J4":{"7W":"3"},"J7":{"78":"3","2R":"3"},"P2":{"86":"3"},"J6":{"X7":"3"},"49":{"75":"3"},"PF":{"4H":"3"},"99":{"X6":"3","X7":"3","X5":"3","W6":"3"},"P8":{"HF":"3","Q9":"3","M9":"3","JJ":"3","JG":"3"},"HC":{"5R":"3"},"J5":{"66":"3","HM":"3"},"85":{"RP":"3","QH":"3","PF":"3","Q7":"3","RM":"3"},"C9":{"26":"3"},"M6":{"6F":"3"},"2F":{"P3":"3"},"37":{"3W":"3"},"H2":{"4J":"3","6R":"3","QX":"3"},"23":{"9V":"3"},"J3":{"47":"3"},"82":{"2M":"3"},"P4":{"66":"3","9J":"3","9H":"3","9C":"3"},"HF":{"Q7":"3","GC":"3","FC":"3"},"73":{"Q7":"3","Q6":"3","Q8":"3","R9":"3","QC":"3","P6":"3"},"42":{"44":"3"},"MX":{"QP":"3","RV":"3","XR":"3","QJ":"3","PX":"3","QV":"3","RX":"3","WM":"3","PW":"3","XP":"3","RJ":"3","PQ":"3","VJ":"3","RH":"3","QX":"3","WX":"3","PR":"3","MW":"3","WW":"3","RP":"3","PJ":"3","MJ":"3","WP":"3","PH":"3","VG":"3","XQ":"3","PG":"3","VH":"3","RQ":"3","VM":"3","MR":"3","WQ":"3","MH":"3","VW":"3","QM":"3","RG":"3","QW":"3","PV":"3","MQ":"3","QR":"3","RR":"3","MX":"3","VP":"3","MM":"3","VX":"3","RM":"3","VQ":"3","PP":"3","PM":"3"},"43":{"P4":"3","P5":"3"},"GG":{"M5":"3"}},"CR":{"68":{"X3":"3"},"HG":{"93":"3","92":"3"},"XC":{"54":"3","GJ":"3","52":"3","67":"3"},"4W":{"44":"3","56":"3"},"6G":{"V3":"3"},"78":{"9P":"3"},"F9":{"3Q":"3"},"2Q":{"RV":"3"},"9F":{"8R":"3"},"3H":{"QC":"3"},"M3":{"8J":"3","8M":"3"},"XF":{"F4":"3"},"M5":{"VX":"3"},"92":{"FX":"3","CX":"3","CW":"3","FW":"3"},"CH":{"J7":"3"},"Q3":{"63":"3","Q5":"3"},"QR":{"V5":"3"},"38":{"XP":"3"},"2V":{"RX":"3"},"6V":{"P2":"3"},"26":{"PV":"3","PQ":"3"},"Q2":{"F2":"3"},"2W":{"H6":"3","Q2":"3","2F":"3","CX":"3","F7":"3","4C":"3","2C":"3","F5":"3"}},"HX":{"62":{"WP":"3"},"74":{"4Q":"3","4P":"3","XX":"3"},"34":{"H6":"3"},"63":{"WJ":"3","WM":"3","VJ":"3"},"82":{"5P":"3"},"95":{"FH":"3"},"83":{"3X":"3"}},"QJ":{"F8":{"VF":"3"},"67":{"QP":"3"},"68":{"MW":"3"},"77":{"RF":"3","3R":"3","3Q":"3","2R":"3"}},"9X":{"H2":{"9C":"3"},"66":{"P3":"3"},"87":{"FF":"3"},"PR":{"69":"3"},"MQ":{"73":"3"},"PX":{"8R":"3","8Q":"3","9R":"3","9Q":"3"},"MP":{"PX":"3","RX":"3","2R":"3"}},"JV":{"FP":{"7F":"3","5F":"3","69":"3","68":"3","6C":"3","7C":"3","58":"3","5C":"3","6F":"3","59":"3"},"C5":{"9X":"3","8V":"3"},"C6":{"9M":"3"}},"XM":{"X9":{"96":"3","F4":"3","67":"3","86":"3","G3":"3","F3":"3","27":"3","G2":"3","28":"3","C5":"3","76":"3","36":"3","95":"3","77":"3","C4":"3","46":"3","37":"3","H2":"3","66":"3","56":"3"},"WC":{"37":"3","92":"3","55":"3","73":"3","74":"3","38":"3","29":"3","46":"3","82":"3","28":"3","83":"3","47":"3","56":"3","65":"3","64":"3"},"8Q":{"4R":"3"},"QG":{"V5":"3","J4":"3","H3":"3","XP":"3","J3":"3","W7":"3","WW":"3","XM":"3","RP":"3","WP":"3","V4":"3","VM":"3","WV":"3","WQ":"3","VW":"3","W5":"3","M3":"3","R3":"3","G2":"3","Q3":"3","R4":"3","X7":"3","H2":"3","WR":"3","VP":"3","W6":"3","P3":"3","VR":"3","VX":"3","RM":"3","VV":"3","VQ":"3","X8":"3"},"QJ":{"52":"3","44":"3","53":"3","33":"3","25":"3","34":"3","24":"3","43":"3"},"QF":{"R9":"3","7W":"3","6V":"3","Q9":"3","9Q":"3","JF":"3","QC":"3","JG":"3","CW":"3","X9":"3","9W":"3","MF":"3","8W":"3","FM":"3","HH":"3","CX":"3","6W":"3","PF":"3","7V":"3","X8":"3","9R":"3","CP":"3","CM":"3","GH":"3","V9":"3","PC":"3","9P":"3","FJ":"3","FX":"3","W9":"3","8V":"3","HG":"3","GJ":"3","GX":"3","8R":"3"},"JM":{"WJ":"3","VQ":"3","VM":"3","JW":"3","VR":"3","PR":"3","MV":"3","VP":"3","JX":"3","RR":"3","MR":"3","MW":"3","WM":"3","XH":"3","WH":"3","QR":"3"},"JQ":{"V5":"3","W4":"3","PX":"3","P8":"3","MF":"3","M9":"3","PW":"3","MP":"3","X3":"3","Q7":"3","PR":"3","PJ":"3","MJ":"3","M8":"3","PH":"3","PG":"3","R6":"3","V4":"3","Q6":"3","R5":"3","J9":"3","MR":"3","MC":"3","PV":"3","MQ":"3","W3":"3","P7":"3","MM":"3","MV":"3","J8":"3","Q8":"3","M7":"3","PF":"3"},"JV":{"7G":"3","F3":"3","97":"3","88":"3","7C":"3","4G":"3","5J":"3","4H":"3","7F":"3","6P":"3","6R":"3","96":"3","6G":"3","95":"3","7X":"3","5P":"3","8X":"3","79":"3","6W":"3","F2":"3","5M":"3","4J":"3","98":"3","8C":"3","6Q":"3","7W":"3","6V":"3","C3":"3","C5":"3","C4":"3","5G":"3","89":"3"},"MP":{"4V":"3","5J":"3","5C":"3","4W":"3","6G":"3","5H":"3","4R":"3","5P":"3","49":"3","59":"3","5W":"3","39":"3","5M":"3","6F":"3","28":"3","38":"3","4X":"3","5F":"3","29":"3","4Q":"3","5Q":"3","5G":"3"},"JP":{"Q8":"3","G8":"3","H3":"3","G7":"3","W8":"3","M8":"3","J2":"3","J8":"3","F7":"3","G5":"3","X9":"3","J9":"3","XC":"3","G6":"3","H8":"3","P8":"3","G4":"3","R8":"3","WC":"3","F6":"3","J3":"3","V8":"3","W9":"3","H4":"3"},"7Q":{"8F":"3","C4":"3","9F":"3","94":"3","F4":"3","G5":"3","C3":"3"},"PJ":{"V5":"3","FJ":"3","GP":"3","V6":"3","W4":"3","FH":"3","CG":"3","P8":"3","X5":"3","GQ":"3","GR":"3","M9":"3","8G":"3","G9":"3","Q7":"3","CW":"3","CX":"3","FR":"3","CC":"3","F9":"3","CF":"3","FV":"3","R6":"3","H9":"3","P9":"3","Q6":"3","9F":"3","J9":"3","W5":"3","9G":"3","8F":"3","GJ":"3","FW":"3","CH":"3","FC":"3","Q8":"3","GM":"3"},"PH":{"X9":"3","XC":"3"},"JX":{"4G":"3","29":"3","4X":"3","6P":"3","7W":"3","8V":"3","39":"3","3G":"3","3V":"3","6M":"3","5F":"3","6X":"3","2R":"3","4W":"3","2V":"3","7P":"3","7Q":"3","2F":"3","5G":"3","5H":"3","43":"3","8P":"3","6W":"3","42":"3","49":"3","3R":"3","45":"3","2W":"3","8Q":"3","4V":"3","5J":"3","47":"3","5X":"3","2C":"3","7V":"3","3F":"3","7R":"3","46":"3","4F":"3","44":"3","6J":"3","48":"3","8W":"3"},"JR":{"GP":"3","HW":"3","CM":"3","QF":"3","HP":"3","CG":"3","QC":"3","HG":"3","MG":"3","CJ":"3","Q7":"3","FM":"3","FX":"3","HQ":"3","PG":"3","9J":"3","R6":"3","GW":"3","P9":"3","JG":"3","R5":"3","GX":"3","MH":"3","9G":"3","R3":"3","HR":"3","GG":"3","Q3":"3","9H":"3","JH":"3","R4":"3","PC":"3","HF":"3","HV":"3","GF":"3","P2":"3","Q8":"3","GM":"3","Q2":"3","FG":"3","R7":"3","Q9":"3","PF":"3"},"W9":{"X9":"3","WC":"3","QJ":"3","GR":"3","JQ":"3","GV":"3","VF":"3","MP":"3","JP":"3","RH":"3","CW":"3","CX":"3","PJ":"3","FV":"3","HQ":"3","W9":"3","VC":"3","HR":"3","RG":"3","FW":"3","RF":"3","QH":"3","9X":"3","MM":"3","PM":"3","X8":"3"},"HX":{"XF":"3","XW":"3","XX":"3"},"VC":{"X9":"3","8R":"3","WC":"3","QJ":"3","GQ":"3","GR":"3","4V":"3","JQ":"3","VF":"3","MP":"3","WF":"3","JP":"3","XC":"3","RH":"3","FR":"3","4R":"3","PJ":"3","HQ":"3","VG":"3","2X":"3","5V":"3","7V":"3","CR":"3","3W":"3","RG":"3","QH":"3","3V":"3","5R":"3","MM":"3","9R":"3","6V":"3","7R":"3","PM":"3","2W":"3"},"RG":{"3F":"3","2G":"3","2H":"3","2F":"3","2C":"3","29":"3","2M":"3","28":"3","2J":"3"},"RF":{"F4":"3","75":"3","47":"3","V2":"3","65":"3","G5":"3","28":"3","V3":"3","P5":"3","R4":"3","Q4":"3","R3":"3","M4":"3","W2":"3","C4":"3","G4":"3","94":"3","46":"3","J5":"3","85":"3","38":"3","37":"3","P4":"3","M5":"3","H5":"3","66":"3","84":"3","56":"3"},"QH":{"F3":"3","J4":"3","V2":"3","68":"3","H3":"3","58":"3","6J":"3","86":"3","4G":"3","J3":"3","G4":"3","5J":"3","P6":"3","4M":"3","V3":"3","96":"3","95":"3","6H":"3","67":"3","4F":"3","5H":"3","4R":"3","48":"3","49":"3","6W":"3","Q6":"3","5W":"3","R5":"3","87":"3","39":"3","5M":"3","3C":"3","M4":"3","5V":"3","R3":"3","M5":"3","77":"3","Q5":"3","2C":"3","5X":"3","R4":"3","H2":"3","P5":"3","G3":"3","5R":"3","29":"3","J2":"3","6V":"3","F4":"3","C5":"3","4Q":"3","C4":"3","5Q":"3","5G":"3","4P":"3","3F":"3"},"MQ":{"33":"3","42":"3","23":"3","22":"3","32":"3"},"RC":{"WX":"3","XX":"3"},"MM":{"V6":"3","FH":"3","X6":"3","P8":"3","JF":"3","8P":"3","MF":"3","3G":"3","6J":"3","2G":"3","M9":"3","HG":"3","8M":"3","4G":"3","CJ":"3","6P":"3","Q7":"3","6H":"3","5H":"3","6M":"3","M8":"3","9J":"3","R6":"3","9M":"3","JG":"3","MC":"3","HH":"3","CH":"3","W6":"3","GH":"3","7P":"3","Q8":"3","R7":"3","5G":"3","2H":"3"},"JW":{"68":"3","69":"3","5J":"3","63":"3","73":"3","6P":"3","6R":"3","6G":"3","6H":"3","67":"3","5H":"3","6M":"3","65":"3","6W":"3","5W":"3","66":"3","64":"3","5M":"3","72":"3","6F":"3","82":"3","6C":"3","5X":"3","6Q":"3","4X":"3","6V":"3"},"PM":{"75":"3","65":"3","36":"3","92":"3","83":"3","46":"3","74":"3","C2":"3","93":"3","26":"3","66":"3","84":"3","56":"3"},"X8":{"VQ":"3","WP":"3","JW":"3","HX":"3","PR":"3","XM":"3","MV":"3","VP":"3","JX":"3","RR":"3","XJ":"3","PV":"3","RQ":"3","MW":"3","WM":"3","QR":"3"}},"5W":{"G7":{"MC":"3"},"JF":{"CM":"3","CJ":"3","9M":"3"},"C5":{"W5":"3"},"95":{"P8":"3","Q8":"3"},"G6":{"9V":"3","CV":"3","9W":"3","CW":"3","9Q":"3"},"C4":{"8J":"3","FP":"3","HQ":"3","GP":"3","FM":"3","FF":"3","CJ":"3","CP":"3","CM":"3","8Q":"3","8P":"3","9M":"3"},"J5":{"2W":"3"},"X4":{"8W":"3"},"Q5":{"V7":"3"},"QR":{"5F":"3"},"HF":{"VG":"3"},"H5":{"HQ":"3","JP":"3","JR":"3","JQ":"3","MQ":"3","MR":"3","MP":"3"}},"CQ":{"7M":{"WQ":"3"},"FJ":{"X6":"3","W2":"3","X5":"3","W6":"3"},"HW":{"PW":"3"},"FH":{"F8":"3","MM":"3","PJ":"3","QW":"3","JM":"3","F9":"3","QV":"3","QQ":"3","PH":"3"},"3R":{"7R":"3","6X":"3"},"PX":{"9X":"3"},"CG":{"GJ":"3","9M":"3"},"JC":{"X3":"3","W3":"3"},"6J":{"6H":"3","C5":"3","2R":"3","7G":"3"},"GV":{"QF":"3","QG":"3"},"8M":{"5W":"3"},"56":{"62":"3","93":"3","F7":"3","C5":"3","F4":"3","P3":"3"},"PQ":{"J4":"3"},"6G":{"66":"3","76":"3","67":"3","77":"3"},"6M":{"76":"3","85":"3","84":"3"},"FF":{"CQ":"3"},"9J":{"C4":"3"},"9M":{"6X":"3","XX":"3"},"8J":{"FJ":"3","3R":"3"},"HX":{"J5":"3","Q7":"3","H3":"3","J4":"3","J6":"3","P7":"3"},"GJ":{"25":"3","26":"3","3H":"3"},"3V":{"62":"3","24":"3","23":"3","75":"3"},"42":{"HX":"3"},"9X":{"VV":"3","VR":"3"},"HV":{"28":"3","3J":"3"},"GH":{"CM":"3","2C":"3"},"8W":{"HW":"3","HV":"3"},"55":{"QP":"3","8Q":"3","QF":"3","97":"3","3J":"3","88":"3","7C":"3","86":"3","8M":"3","69":"3","7F":"3","4M":"3","6P":"3","96":"3","3M":"3","PJ":"3","78":"3","5P":"3","79":"3","9M":"3","59":"3","87":"3","8J":"3","98":"3","77":"3","8F":"3","6F":"3","8C":"3","76":"3","6C":"3","6Q":"3","4Q":"3","8V":"3","5Q":"3","PF":"3"},"FG":{"4V":"3","5W":"3","5V":"3","4W":"3"},"FQ":{"96":"3","87":"3","97":"3","85":"3","86":"3","77":"3","75":"3"},"2H":{"2H":"3","3V":"3","2V":"3","3R":"3"}},"WP":{"RV":{"J6":"3"},"82":{"C9":"3"}},"5X":{"6M":{"22":"3"},"HF":{"WG":"3"},"6J":{"2X":"3","9W":"3","CW":"3"},"JG":{"47":"3"}},"5Q":{"76":{"XJ":"3"},"95":{"62":"3","45":"3","52":"3","22":"3","92":"3","44":"3","VH":"3","RQ":"3","35":"3","23":"3","33":"3","72":"3","32":"3","34":"3","24":"3"},"83":{"MJ":"3","5J":"3","2Q":"3","HJ":"3","9J":"3","VM":"3","RJ":"3"},"85":{"X4":"3","X3":"3","V5":"3","P2":"3"},"CQ":{"J5":"3"},"93":{"8R":"3","7Q":"3"},"73":{"XQ":"3","7V":"3","GQ":"3"},"84":{"WX":"3"}},"QW":{"9F":{"RJ":"3"}},"QQ":{"22":{"RH":"3"}},"PQ":{"P4":{"JX":"3"},"P5":{"J4":"3"}},"VQ":{"8C":{"H4":"3","XP":"3","38":"3"},"6P":{"CM":"3","7V":"3","HP":"3","FP":"3","9Q":"3","GQ":"3","CQ":"3","GP":"3","HV":"3"},"3H":{"87":"3"},"CF":{"2Q":"3","FX":"3","JR":"3","JX":"3","HX":"3","GX":"3"},"8F":{"38":"3","VM":"3"},"78":{"WH":"3"},"6G":{"MR":"3"},"5M":{"6M":"3","CH":"3"},"75":{"CW":"3"},"9J":{"5M":"3"},"3G":{"MF":"3"},"2H":{"R7":"3"},"2M":{"HV":"3"},"5Q":{"46":"3","WF":"3"},"RV":{"33":"3"},"6Q":{"Q2":"3","P2":"3","P3":"3"},"5G":{"QW":"3"},"5H":{"W6":"3"},"9P":{"4Q":"3"},"8H":{"X6":"3","X5":"3","W7":"3","X3":"3","X4":"3","Q7":"3","X2":"3","V9":"3","Q4":"3","Q6":"3","W8":"3","W9":"3","Q5":"3","Q3":"3","X7":"3","R9":"3","Q8":"3","Q2":"3","Q9":"3"},"9C":{"JG":"3"},"C8":{"V3":"3"},"97":{"8R":"3","59":"3","J8":"3"},"9F":{"29":"3"},"9H":{"Q6":"3","RG":"3"},"8G":{"WV":"3","VM":"3","PP":"3","WP":"3","XR":"3","QP":"3","RM":"3","XQ":"3","WQ":"3","QM":"3","QV":"3","VP":"3","WR":"3","XX":"3","XW":"3","WW":"3","QQ":"3","QR":"3","QW":"3","QX":"3"},"98":{"VF":"3","7W":"3"},"99":{"WP":"3"},"5J":{"V9":"3","25":"3"},"3J":{"G8":"3"},"FP":{"9Q":"3"},"89":{"7H":"3"},"7H":{"CH":"3"},"88":{"GH":"3"},"6R":{"C7":"3"},"C9":{"8C":"3","8F":"3","CV":"3","5M":"3"},"RC":{"HC":"3"},"9G":{"X6":"3","X9":"3","X7":"3","W7":"3","38":"3","W9":"3","W8":"3"},"6J":{"45":"3"},"87":{"WR":"3"},"C7":{"GV":"3"},"QF":{"VJ":"3"},"RR":{"4X":"3"},"7M":{"CW":"3"},"CG":{"F4":"3","75":"3","47":"3","H3":"3","G3":"3","J2":"3","F3":"3","45":"3","F2":"3","28":"3","54":"3","63":"3","76":"3","64":"3","36":"3","92":"3","95":"3","44":"3","C4":"3","94":"3","85":"3","29":"3","38":"3","C2":"3","37":"3","35":"3","H2":"3","82":"3","57":"3","73":"3","72":"3","26":"3","66":"3","56":"3"}},"HJ":{"RQ":{"82":"3"},"7W":{"8R":"3","RP":"3","XP":"3","6R":"3"},"6M":{"77":"3"},"PV":{"7G":"3"},"9H":{"JG":"3"},"4R":{"68":"3"},"3R":{"X8":"3"}},"GJ":{"JP":{"H4":"3"}},"8V":{"4X":{"PV":"3","MW":"3","PW":"3","MR":"3","MV":"3"},"M3":{"WF":"3","JF":"3","QF":"3","9H":"3","H9":"3","GC":"3","QG":"3","HG":"3","GG":"3"},"8X":{"3C":"3"},"86":{"7G":"3"},"M2":{"M3":"3","G5":"3","Q6":"3","V7":"3","H9":"3","Q5":"3","W2":"3","Q2":"3","R6":"3","J5":"3","P6":"3","FF":"3","V5":"3","F5":"3","P2":"3","G7":"3","R2":"3","W3":"3","85":"3","J7":"3","W7":"3","X4":"3","V3":"3","P3":"3","J6":"3","F4":"3","V4":"3","R3":"3","M5":"3","96":"3","V2":"3","G6":"3","GF":"3","77":"3","Q3":"3","H7":"3","FC":"3","F8":"3","C8":"3","H6":"3","97":"3","G8":"3","W4":"3","98":"3","G4":"3","G9":"3","F7":"3","R7":"3","F9":"3","C6":"3","P4":"3","W6":"3","M6":"3","Q7":"3","76":"3","P5":"3","M4":"3","C9":"3","V6":"3","M7":"3","HC":"3","87":"3","M2":"3","C7":"3","F6":"3","P7":"3","86":"3","GC":"3","W5":"3","J4":"3","R5":"3"},"F4":{"XH":"3","FJ":"3"},"MX":{"C2":"3"},"5V":{"72":"3"},"P3":{"4H":"3"}},"HR":{"HJ":{"QQ":"3"},"8P":{"VF":"3","RF":"3","QF":"3"},"4W":{"RF":"3"},"3M":{"5W":"3"},"7X":{"HW":"3"},"4R":{"3G":"3"},"JJ":{"F2":"3","84":"3","C3":"3","F3":"3"},"2M":{"XP":"3"},"6W":{"55":"3"},"5W":{"VR":"3","JH":"3","RR":"3","FG":"3","VQ":"3"},"3H":{"8P":"3"},"CR":{"R5":"3"},"5X":{"F2":"3"},"JH":{"MH":"3","QM":"3"},"7W":{"M3":"3"},"5R":{"24":"3"},"9R":{"FM":"3"},"6V":{"9X":"3"},"2F":{"MM":"3"},"4Q":{"3C":"3"},"2P":{"X5":"3"},"FQ":{"HC":"3"},"4P":{"WC":"3"},"2H":{"54":"3","65":"3"},"3F":{"5R":"3","9Q":"3"}},"JQ":{"6M":{"4X":"3","5X":"3","7X":"3","M2":"3","GX":"3"},"43":{"7W":"3","87":"3","86":"3"},"3X":{"RF":"3","HX":"3","XF":"3","QF":"3","QG":"3"},"6P":{"54":"3","52":"3","76":"3","53":"3","42":"3"},"8F":{"QR":"3"},"H8":{"3H":"3"},"5W":{"23":"3"},"GV":{"C7":"3"},"88":{"J5":"3"},"WM":{"WR":"3","VV":"3","VR":"3","WV":"3","VW":"3"},"6J":{"5G":"3"},"G2":{"24":"3","34":"3"},"9C":{"5V":"3"},"FH":{"C2":"3"},"6Q":{"F8":"3","93":"3","H7":"3","82":"3"},"C5":{"2J":"3"},"4W":{"6Q":"3"},"HV":{"RQ":"3","RP":"3","QP":"3","QQ":"3","VQ":"3"}},"6V":{"VR":{"4R":"3"},"4Q":{"CJ":"3"},"PR":{"HM":"3"},"3W":{"FR":"3"},"VQ":{"C6":"3"},"GX":{"F6":"3"}},"QM":{"87":{"M4":"3","Q4":"3","M5":"3","P4":"3","P5":"3"},"4G":{"54":"3","9X":"3","9J":"3","8X":"3","9M":"3","7G":"3"},"28":{"FW":"3","HR":"3","GV":"3","GW":"3","FR":"3","FV":"3","HV":"3","GR":"3","FX":"3","GX":"3"},"3F":{"8C":"3","P9":"3","Q6":"3","7C":"3","PC":"3","QP":"3","V7":"3","HV":"3","79":"3","6C":"3","Q5":"3","8F":"3","JX":"3","MW":"3","QQ":"3","R6":"3","HR":"3","P6":"3","QC":"3","FF":"3","V5":"3","7F":"3","JP":"3","P8":"3","R8":"3","R9":"3","GG":"3","5C":"3","5F":"3","PV":"3","Q8":"3","HQ":"3","CM":"3","9C":"3","GF":"3","JQ":"3|6","JR":"3","GH":"3","6F":"3","MX":"3","GJ":"3","99":"3","HM":"6","V9":"3","4J":"3","69":"3","R7":"3","58":"3","HJ":"6","Q7":"3","89":"3","P5":"3","C9":"3","V6":"3","MQ":"3","RC":"3","M8":"3","JW":"3","V8":"3","CR":"3","JV":"3","M7":"3","PW":"3","HX":"3","Q9":"3","HP":"3","QF":"3","P7":"3","86":"3","R5":"3"},"3G":{"F3":"3","P4":"3","M2":"3","56":"3","G6":"3","F5":"3","G8":"3","CW":"3","7X":"3","JJ":"3","FF":"3","66":"3","M4":"3","M3":"3","X7":"3","P3":"3","GF":"3","MM":"3","J2":"3","P2":"3","55":"3","GC":"3","4Q":"3"},"3H":{"F2":"3","96":"3","97":"3","C8":"3"},"2H":{"4J":"3","3M":"3","Q9":"3","Q8":"3","4M":"3","3J":"3"},"2F":{"RF":"3","J3":"3","RC":"3"},"38":{"P8":"3"},"37":{"J3":"3"},"5C":{"43":"3","44":"3","33":"3","42":"3","34":"3","32":"3"},"4H":{"C6":"3"},"59":{"MJ":"3","PV":"3","JJ":"3"}},"7P":{"XF":{"85":"3"},"RJ":{"2R":"3"}},"JJ":{"CV":{"3X":"3"},"2H":{"7P":"3"},"Q6":{"6W":"3","6V":"3","P2":"3","P3":"3"},"8M":{"VW":"3"},"PC":{"XQ":"3","XP":"3","PV":"3"},"QC":{"2Q":"3","PG":"3","2P":"3","4P":"3","P9":"3"},"M5":{"7Q":"3"},"9Q":{"62":"3","52":"3","53":"3","42":"3"},"2J":{"72":"3"}},"9R":{"68":{"F7":"3","G7":"3"},"RX":{"R5":"3"},"4V":{"9X":"3","8X":"3"},"JQ":{"8P":"3","8Q":"3","6H":"3","5H":"3","7P":"3","4F":"3","7Q":"3"},"JV":{"2M":"3"},"PW":{"J2":"3"},"9P":{"R9":"3"},"XV":{"J9":"3"},"JP":{"JW":"3","MW":"3","JX":"3","MX":"3"},"4W":{"FJ":"3"},"MW":{"36":"3"},"FX":{"9X":"3","8X":"3"},"7X":{"9J":"3"},"V7":{"63":"3"},"JX":{"MH":"3","PH":"3"},"8J":{"JC":"3"},"XW":{"6F":"3","RH":"3"},"82":{"FW":"3"},"FW":{"7W":"3","8R":"3","6W":"3","6V":"3"},"XX":{"R2":"3","Q2":"3","Q8":"3","Q3":"3","R3":"3","P6":"3"},"PV":{"JX":"3"},"CQ":{"96":"3","C5":"3","C6":"3","95":"3"},"3V":{"P3":"3"},"MX":{"5F":"3","2G":"3"},"VP":{"QR":"3","RV":"3","PW":"3","PR":"3","QW":"3","QV":"3"},"HV":{"QH":"3","XM":"3"},"7W":{"CQ":"3"},"JW":{"CF":"3"}},"GR":{"XF":{"5C":"3","7C":"3","6Q":"3"},"V3":{"GC":"3"},"Q2":{"43":"3"},"Q4":{"6J":"3","5H":"3"},"W5":{"XV":"3"},"P2":{"VV":"3"},"X8":{"7R":"3"},"V4":{"W6":"3"},"Q3":{"P5":"3"},"XH":{"R8":"3"},"Q5":{"VV":"3"},"X7":{"43":"3","48":"3","89":"3"}},"WX":{"F2":{"QV":"3"}},"PX":{"V6":{"62":"3","63":"3"},"V5":{"2W":"3"},"R5":{"WX":"3","Q7":"3","R6":"3"}},"HW":{"54":{"5W":"3"},"62":{"48":"3"},"48":{"7C":"3","7G":"3"},"6W":{"5J":"3","4G":"3","4H":"3"}},"XR":{"V9":{"F7":"3","F6":"3"},"JC":{"8R":"3"},"H4":{"64":"3"},"W5":{"G7":"3"},"6W":{"JH":"3"},"6V":{"27":"3"}},"GX":{"P8":{"5H":"3"},"GR":{"RR":"3"},"Q6":{"4Q":"3","6V":"3"}},"QV":{"6M":{"CQ":"3","GR":"3","9W":"3","HW":"3","HV":"3","5V":"3","8R":"3","CP":"3","FM":"3","GQ":"3","7W":"3","CW":"3","8V":"3","CV":"3","9V":"3","9R":"3","5Q":"3","FW":"3","7Q":"3","6Q":"3","FQ":"3","CM":"3","6W":"3","FV":"3","GM":"3","8Q":"3","4R":"3","4V":"3","FX":"3","FP":"3","FR":"3","5R":"3","6R":"3","7V":"3","9Q":"3","7R":"3","CR":"3","6V":"3","GV":"3","GW":"3","GP":"3","8W":"3"},"4P":{"58":"3"},"RH":{"5G":"3"},"9M":{"V8":"3"}},"MQ":{"3G":{"RF":"3"},"82":{"62":"3"}},"2W":{"C2":{"X2":"3"},"HG":{"35":"3","25":"3","24":"3"},"F6":{"4F":"3"}},"MM":{"27":{"23":"3"},"26":{"2Q":"3","2V":"3","3Q":"3"}},"JP":{"HM":{"87":"3"},"J6":{"49":"3","59":"3","3C":"3"},"H9":{"52":"3","65":"3"},"H8":{"6X":"3","5X":"3"},"HC":{"9J":"3","QQ":"3"},"4X":{"PG":"3"},"8P":{"Q4":"3"},"FX":{"XQ":"3","WJ":"3","QQ":"3","WH":"3","VH":"3","XM":"3"},"H6":{"R9":"3","W8":"3","Q6":"3","R7":"3","R8":"3","Q7":"3","V9":"3","V8":"3","W9":"3"},"H4":{"8F":"3","8M":"3"},"H5":{"G4":"3","2F":"3","C3":"3"}},"QP":{"G4":{"28":"3"},"3Q":{"39":"3"},"F4":{"R4":"3"},"5G":{"GW":"3","FW":"3"}},"HM":{"WV":{"CP":"3","J3":"3"},"3Q":{"PC":"3"},"M3":{"HJ":"3"},"XR":{"V9":"3","V8":"3","4M":"3"},"JQ":{"PF":"3","RC":"3"},"P8":{"VC":"3"},"M2":{"FF":"3"},"WR":{"QR":"3","XQ":"3","WV":"3","RR":"3","PV":"3","WM":"3","QV":"3","XW":"3"},"8P":{"4V":"3","4R":"3","3V":"3"},"4Q":{"GH":"3"},"6Q":{"J3":"3"}},"XP":{"J2":{"3R":"3","3Q":"3","CW":"3","2R":"3","FX":"3","4R":"3","9W":"3","GW":"3","6W":"3","2Q":"3","GX":"3","5V":"3","FW":"3","7W":"3","5R":"3","8W":"3","6V":"3","4Q":"3","8V":"3","2P":"3","2H":"3"},"M3":{"WV":"3","RP":"3","8F":"3","27":"3","PP":"3","7G":"3","QP":"3","8G":"3","VR":"3","9G":"3","GP":"3","69":"3","49":"3","MP":"3","CG":"3","39":"3","CJ":"3","6G":"3","RR":"3","WR":"3","GM":"3","RQ":"3","38":"3","CH":"3","6C":"3","37":"3","9F":"3","FJ":"3","QQ":"3","XV":"3","GJ":"3","6F":"3","26":"3","JP":"3","HP":"3","59":"3"},"V3":{"7W":"3","5X":"3","JR":"3","HR":"3","RV":"3","JV":"3","WP":"3","6X":"3","VR":"3","FR":"3","WQ":"3","8W":"3","6W":"3","QV":"3","MV":"3","9R":"3","RR":"3","PV":"3","WR":"3","GR":"3","8V":"3","XP":"3","CR":"3","9V":"3"},"R4":{"FJ":"3","QG":"3","QJ":"3","HJ":"3","X5":"3","4G":"3","VF":"3","CJ":"3","W7":"3","X4":"3","7H":"3","6H":"3","5H":"3","4F":"3","PJ":"3","8H":"3","JJ":"3","MJ":"3","V9":"3","W8":"3","3C":"3","W9":"3","W5":"3","VC":"3","GJ":"3","RG":"3","CH":"3","QH":"3","2C":"3","RF":"3","9H":"3","W6":"3","29":"3","5G":"3","3F":"3"},"Q4":{"X9":"3","WC":"3","F3":"3","43":"3","QC":"3","33":"3","JC":"3","22":"3","57":"3","M9":"3","VF":"3","56":"3","WF":"3","XC":"3","G4":"3","85":"3","44":"3","75":"3","34":"3","94":"3","67":"3","H8":"3","23":"3","H7":"3","J7":"3","H9":"3","H6":"3","93":"3","66":"3","J9":"3","VC":"3","MC":"3","76":"3","RC":"3","45":"3","PC":"3","35":"3","H5":"3","G3":"3","J8":"3","C3":"3","55":"3","F4":"3","G5":"3","32":"3","C4":"3","84":"3"},"49":{"XC":"3"},"X3":{"43":"3","62":"3","25":"3","33":"3","52":"3","24":"3","42":"3","34":"3","72":"3","82":"3"},"W3":{"7G":"3","C8":"3","V6":"3","X6":"3","P8":"3","X5":"3","6J":"3","7C":"3","5J":"3","7F":"3","4M":"3","99":"3","Q7":"3","G8":"3","6G":"3","3M":"3","6H":"3","M8":"3","2M":"3","R6":"3","H7":"3","J7":"3","C9":"3","4J":"3","8C":"3","P7":"3","W6":"3","G7":"3","F8":"3","M7":"3","R7":"3","2P":"3","89":"3"},"V4":{"33":"3","52":"3","24":"3","42":"3","23":"3","32":"3"},"P3":{"7W":"3","FW":"3","GV":"3","7X":"3","GW":"3","CW":"3","3V":"3","6X":"3","CV":"3","9W":"3","HX":"3","8W":"3","FV":"3","6W":"3","4V":"3","2V":"3","4W":"3","5W":"3","GX":"3"},"H2":{"V5":"3","WC":"3","V6":"3","V8":"3","WM":"3","XP":"3","XC":"3","XJ":"3","V3":"3","X2":"3","WP":"3","V9":"3","V7":"3","R8":"3","XQ":"3","V4":"3","W2":"3","XH":"3","XG":"3","XF":"3","VC":"3","WJ":"3","W3":"3","R9":"3"},"23":{"7V":"3"},"J3":{"H3":"3","X6":"3","G2":"3","V3":"3","R4":"3","J4":"3","Q4":"3","R3":"3","M4":"3","X5":"3","V4":"3","X4":"3","W4":"3","H2":"3","J3":"3","P4":"3"},"P4":{"J2":"3","M3":"3","Q6":"3","P5":"3","V5":"3","M4":"3","X3":"3","V4":"3","X4":"3","W4":"3","H2":"3","J3":"3","R6":"3","Q5":"3","P4":"3","M5":"3","R5":"3","P6":"3"},"XV":{"XV":"3"},"X2":{"QR":"3","XR":"3","WR":"3","VR":"3","9X":"3","CV":"3","RR":"3","8X":"3","9W":"3","PV":"3","GV":"3","QV":"3","CW":"3","MV":"3","JV":"3","FV":"3","HV":"3"}},"2V":{"75":{"23":"3"},"7W":{"M6":"3","X4":"3"},"FW":{"58":"3"},"8X":{"X6":"3","X4":"3","PX":"3","HW":"3","X7":"3","W7":"3","X5":"3","W6":"3","X8":"3","W8":"3"},"PP":{"MP":"3"},"QP":{"2V":"3"},"9X":{"53":"3","47":"3","52":"3","68":"3","25":"3","58":"3","43":"3","33":"3","22":"3","57":"3","56":"3","37":"3","27":"3","36":"3","5C":"3","44":"3","34":"3","67":"3","4F":"3","23":"3","48":"3","54":"3","49":"3","59":"3","46":"3","39":"3","3C":"3","42":"3","28":"3","45":"3","38":"3","35":"3","24":"3","29":"3","26":"3","55":"3","4C":"3","32":"3"},"8J":{"4Q":"3"},"7M":{"X8":"3"},"8W":{"H2":"3","8W":"3","G2":"3"},"CX":{"JJ":"3"},"83":{"C9":"3"},"7V":{"32":"3"},"X5":{"X2":"3"},"5R":{"PV":"3","QV":"3"},"8V":{"HM":"3","MM":"3","6P":"3","HX":"3","RX":"3","5M":"3","QJ":"3","GM":"3","6M":"3","PJ":"3","JP":"3","GX":"3","QX":"3"},"8R":{"X6":"3","FV":"3"}},"6X":{"CM":{"V7":"3"},"6X":{"JW":"3","HW":"3","MX":"3"},"FM":{"HQ":"3","JP":"3","JQ":"3","HP":"3","JJ":"3","MP":"3"},"8W":{"P4":"3"},"85":{"5P":"3","6G":"3"},"7X":{"G6":"3"},"CR":{"4P":"3"},"34":{"5C":"3"},"8V":{"GW":"3","XM":"3"}},"CW":{"RQ":{"CF":"3","FF":"3"},"X8":{"J9":"3"}},"VW":{"R3":{"VJ":"3"}},"5V":{"5R":{"M2":"3"},"2G":{"HC":"3","M9":"3","J9":"3"},"Q2":{"7G":"3"},"59":{"F2":"3","G3":"3","G2":"3","F3":"3"},"85":{"82":"3"},"5Q":{"VR":"3"},"6V":{"3H":"3"},"F4":{"QX":"3"},"3W":{"CQ":"3"},"F5":{"X6":"3","X5":"3"}},"7X":{"6X":{"JX":"3"},"V4":{"48":"3","38":"3"}},"FM":{"MJ":{"QX":"3"},"3F":{"J5":"3"},"XR":{"GW":"3"},"9V":{"HW":"3"},"M6":{"JR":"3","JQ":"3","MQ":"3"},"59":{"HW":"3"},"PX":{"6G":"3","34":"3"},"4C":{"5W":"3","5V":"3","4W":"3"},"QV":{"GX":"3"},"PM":{"7J":"3"},"V4":{"8H":"3"},"W3":{"G4":"3","J5":"3","W3":"3"}},"3W":{"5X":{"Q4":"3"},"52":{"39":"3"},"XQ":{"M3":"3","J5":"3","W2":"3","M2":"3","J4":"3"},"GP":{"XP":"3","XM":"3"},"49":{"2R":"3"},"48":{"7J":"3"},"46":{"2P":"3"},"XW":{"P4":"3"},"XP":{"WX":"3","PW":"3","PX":"3","JX":"3","GX":"3"},"4H":{"QW":"3"},"HP":{"2Q":"3","3Q":"3"}},"4V":{"7J":{"J2":"3","W6":"3"},"8J":{"XC":"3"},"RM":{"2Q":"3","2R":"3"},"FR":{"G8":"3","G7":"3"},"3F":{"JQ":"3","MQ":"3","MR":"3"},"CJ":{"36":"3","C4":"3","67":"3"},"3W":{"V2":"3"},"PM":{"QW":"3"},"4V":{"WF":"3"},"XJ":{"9X":"3"},"8Q":{"PJ":"3","XF":"3"},"PQ":{"95":"3"},"5V":{"39":"3","38":"3","29":"3"},"9P":{"H8":"3","J7":"3","J8":"3","H7":"3"},"FH":{"R8":"3","G5":"3"},"FG":{"CP":"3","7P":"3","FV":"3"},"GJ":{"QG":"3"},"9J":{"48":"3","W5":"3","F9":"3","X5":"3"},"QW":{"J5":"3","M6":"3","M5":"3"}},"RV":{"58":{"CC":"3"},"6H":{"XX":"3"},"F9":{"M7":"3"},"C8":{"35":"3"},"47":{"2W":"3","6R":"3"},"64":{"MV":"3"}},"GV":{"7W":{"QH":"3"},"PG":{"FG":"3"},"PP":{"P5":"3","V7":"3","M4":"3","X8":"3","WC":"3","R6":"3","P4":"3","X7":"3"},"CW":{"5M":"3","4M":"3"},"QP":{"35":"3","49":"3","39":"3","27":"3","53":"3","47":"3","3C":"3"},"9W":{"HR":"3"},"GP":{"JX":"3"},"QM":{"F5":"3"},"C8":{"W5":"3"},"RH":{"42":"3"},"99":{"64":"3"},"V4":{"H8":"3"},"PQ":{"CJ":"3","PV":"3","PR":"3","MV":"3"},"88":{"QH":"3","PG":"3","MH":"3","PJ":"3","MG":"3","PH":"3"},"98":{"5P":"3","4Q":"3","4P":"3","5Q":"3"},"23":{"HF":"3","HG":"3","JF":"3","JG":"3"},"FH":{"R5":"3"},"CC":{"27":"3"},"2R":{"43":"3"}},"MP":{"P8":{"74":"3"},"W7":{"44":"3","V4":"3"},"6W":{"7M":"3"},"5V":{"CM":"3"}},"5R":{"87":{"FQ":"3","Q7":"3","M6":"3"},"R9":{"42":"3","84":"3","2J":"3"},"7F":{"HF":"3"},"W6":{"G7":"3"},"86":{"WV":"3","VM":"3","QF":"3","MC":"3","C8":"3","98":"3","HF":"3","FH":"3"},"QH":{"8W":"3"},"X6":{"JW":"3","JX":"3","HW":"3","HX":"3"},"MG":{"3Q":"3"},"76":{"PF":"3"},"77":{"6H":"3"},"C3":{"4G":"3"},"RH":{"6X":"3"},"RJ":{"65":"3"},"R8":{"95":"3"},"C2":{"45":"3"},"XW":{"P7":"3"},"R6":{"XW":"3"},"X7":{"76":"3","75":"3"}},"RR":{"FQ":{"M4":"3"}},"6W":{"44":{"95":"3"},"VX":{"HG":"3"},"82":{"5X":"3"}},"VR":{"JW":{"2Q":"3","8Q":"3","2R":"3"},"92":{"8X":"3"}},"CX":{"78":{"GW":"3","MX":"3","GX":"3"}},"CM":{"QJ":{"QW":"3"},"GR":{"V9":"3","MH":"3","MP":"3"},"JQ":{"GW":"3","H6":"3","5X":"3","CC":"3","6G":"3","9C":"3"},"RJ":{"2P":"3"},"MP":{"4V":"3","X3":"3"},"JP":{"VX":"3"},"WH":{"85":"3","84":"3","95":"3"},"9W":{"H5":"3","97":"3","4F":"3"},"7X":{"HJ":"3","7J":"3"},"FV":{"8C":"3","58":"3","W6":"3","QC":"3","J4":"3","G5":"3","77":"3","P7":"3","J9":"3"},"HQ":{"VR":"3","WQ":"3"},"JX":{"7V":"3","58":"3"},"QM":{"H4":"3","G4":"3","G3":"3","H3":"3","C5":"3","C6":"3"},"HR":{"H4":"3","5C":"3","49":"3","39":"3","H5":"3","97":"3","R3":"3","28":"3","95":"3"},"6X":{"R9":"3","VC":"3","Q7":"3","H2":"3","XW":"3","P7":"3","H4":"3"},"MQ":{"C8":"3"},"CV":{"RF":"3","GG":"3","FF":"3","FJ":"3","2V":"3","GH":"3","FG":"3","HG":"3","FH":"3","RH":"3","CG":"3","9M":"3"},"8W":{"JX":"3"},"JW":{"HW":"3"},"RM":{"G9":"3"},"VQ":{"XW":"3"},"PP":{"6M":"3","PC":"3","JF":"3"},"PM":{"HQ":"3"}},"GQ":{"8R":{"G7":"3"},"HW":{"QP":"3","V6":"3","QF":"3","PM":"3","QM":"3"},"QG":{"PJ":"3"},"RX":{"7H":"3","PW":"3"},"JM":{"5P":"3","7P":"3"},"2J":{"7V":"3"},"XV":{"2P":"3"},"XP":{"V7":"3"},"VJ":{"FP":"3"},"QX":{"WM":"3"},"MW":{"MR":"3"},"CW":{"G4":"3"},"3X":{"FR":"3"},"WP":{"JV":"3"},"GW":{"F2":"3","M3":"3"},"JX":{"HM":"3"},"WJ":{"8M":"3","6Q":"3"},"82":{"HC":"3","F9":"3"},"RW":{"C9":"3","98":"3","99":"3","HX":"3"},"MQ":{"7X":"3"},"P7":{"MM":"3","PJ":"3","PM":"3"},"WR":{"J8":"3"},"CP":{"FW":"3"},"MV":{"8C":"3","8G":"3"},"CV":{"VG":"3"},"JW":{"6P":"3","2Q":"3","XH":"3","V3":"3"},"VX":{"FF":"3"},"55":{"RM":"3"},"C3":{"59":"3","58":"3"},"83":{"J2":"3"}},"3X":{"FX":{"5X":"3"},"VR":{"JW":"3","JX":"3"},"4V":{"52":"3","42":"3"},"CR":{"3R":"3"}},"PJ":{"R4":{"6X":"3","3W":"3|6","4W":"6"},"Q4":{"R2":"3","RW":"3","R3":"3"},"63":{"M8":"3"},"92":{"76":"3"},"XM":{"H5":"3"},"XJ":{"JR":"3"},"Q3":{"XV":"3","WV":"3","WW":"3","XW":"3"},"74":{"4H":"3"},"C2":{"HC":"3"},"2G":{"3V":"3"},"Q5":{"W4":"3","W3":"3"},"R5":{"43":"3","62":"3","52":"3","F6":"3"}},"7Q":{"8R":{"87":"3","98":"3","97":"3","88":"3"},"HW":{"25":"3"},"7G":{"JH":"3"},"68":{"WH":"3","J3":"3"},"GQ":{"7W":"3","7V":"3","9W":"3","8X":"3","8W":"3","7X":"3","8V":"3","X8":"3"},"RX":{"CJ":"3"},"GR":{"7X":"3","54":"3","83":"3","7P":"3","53":"3","82":"3","72":"3","FX":"3"},"JV":{"9X":"3"},"9V":{"HX":"3","GX":"3"},"9P":{"P3":"3"},"GV":{"62":"3"},"7F":{"GC":"3","CC":"3"},"9Q":{"J6":"3"},"67":{"QR":"3","JW":"3","VR":"3","RV":"3","RR":"3","MW":"3","PV":"3","PW":"3","PR":"3","QW":"3","PX":"3","JX":"3","QV":"3","MX":"3","MV":"3","JV":"3"},"FR":{"J2":"3"},"FX":{"48":"3"},"9W":{"QW":"3"},"78":{"9C":"3","3H":"3"},"8X":{"RR":"3","QG":"3"},"9J":{"8X":"3"},"9M":{"XJ":"3"},"VW":{"M4":"3","M3":"3","G4":"3","J2":"3","J4":"3"},"77":{"8R":"3","8Q":"3","3P":"3","6Q":"3","5Q":"3","3Q":"3","6V":"3"},"XW":{"MW":"3"},"6X":{"XJ":"3"},"QW":{"C7":"3"},"XX":{"G3":"3"},"RW":{"G2":"3"},"9X":{"66":"3","JR":"3","MR":"3","V5":"3"},"VX":{"36":"3","35":"3","37":"3","G3":"3","45":"3","XG":"3","G2":"3","46":"3","47":"3"},"6V":{"CQ":"3"},"FQ":{"JW":"3","JP":"3","JR":"3","JQ":"3","JX":"3","JV":"3","VQ":"3"}},"CP":{"VM":{"Q7":"3"},"QH":{"7J":"3"},"QC":{"5V":"3"},"GP":{"4M":"3"},"J6":{"43":"3"},"XM":{"HM":"3"},"PF":{"WQ":"3"},"QV":{"M6":"3","HC":"3","M9":"3","M7":"3","J8":"3","M8":"3","J9":"3"},"G6":{"F4":"3"},"MH":{"XH":"3","XG":"3","P5":"3"},"33":{"WV":"3"},"H6":{"2G":"3"},"25":{"HC":"3","93":"3","X3":"3"},"H5":{"JQ":"3"},"34":{"6F":"3","9R":"3","5G":"3"},"24":{"RQ":"3","WP":"3"},"43":{"C9":"3","V3":"3","JQ":"3","7C":"3","CC":"3","M7":"3"}},"8X":{"WG":{"9R":"3","9M":"3"}},"PM":{"XV":{"MC":"3"},"QP":{"V5":"3"},"XH":{"XR":"3","WR":"3","XQ":"3","WQ":"3"},"7V":{"8P":"3","5M":"3","8M":"3","7M":"3"},"58":{"P4":"3"},"XF":{"33":"3","24":"3","34":"3","23":"3"},"W6":{"FM":"3"},"R7":{"PV":"3"},"RM":{"3P":"3","6R":"3"},"56":{"WM":"3"},"65":{"GR":"3"}},"MJ":{"69":{"75":"3"},"R9":{"3X":"3","2X":"3"},"QC":{"X2":"3"},"RC":{"F8":"3","G8":"3","F9":"3","22":"3","G9":"3"},"PH":{"86":"3"}},"6R":{"V2":{"87":"3"},"X6":{"FX":"3"},"43":{"4P":"3"},"JC":{"8F":"3","9F":"3"},"7C":{"9V":"3","7V":"3","6W":"3","6V":"3"},"37":{"H2":"3","G6":"3","H5":"3","H6":"3","G7":"3","H7":"3"},"4H":{"R6":"3"},"44":{"XW":"3","XX":"3"},"34":{"GQ":"3"},"3M":{"Q7":"3"},"4R":{"5F":"3","5C":"3"},"PG":{"RQ":"3","VR":"3","RR":"3","VQ":"3"},"48":{"76":"3"},"54":{"2W":"3"},"H6":{"W5":"3","R6":"3"},"HC":{"4X":"3"},"3C":{"F9":"3"},"M5":{"JM":"3","JJ":"3"},"3W":{"22":"3"},"Q3":{"C6":"3","57":"3","56":"3","F6":"3"},"2C":{"XQ":"3"},"R4":{"CC":"3"},"P3":{"79":"3","63":"3","65":"3"},"P2":{"G5":"3"},"7R":{"VX":"3"},"55":{"35":"3","44":"3","45":"3","53":"3","42":"3","34":"3"},"Q2":{"P9":"3"}},"8Q":{"VG":{"WH":"3"},"MG":{"R6":"3"},"7X":{"FX":"3"},"MQ":{"XR":"3","XQ":"3","XG":"3","XF":"3","XJ":"3","WG":"3","WF":"3"},"MM":{"6G":"3"},"JW":{"3M":"3","4P":"3","4M":"3"},"CV":{"R3":"3"},"FR":{"96":"3","58":"3","95":"3"},"MF":{"WV":"3"},"PR":{"7P":"3","46":"3"},"VV":{"FW":"3","4M":"3"},"MP":{"3V":"3","F3":"3"},"95":{"77":"3"},"G9":{"W2":"3","W5":"3","X4":"3","W6":"3","W3":"3"},"4R":{"HP":"3","HM":"3"},"HC":{"46":"3"},"GQ":{"C9":"3"},"C2":{"QP":"3","PR":"3","QV":"3","RR":"3","PV":"3","RQ":"3","QQ":"3","QR":"3"},"FQ":{"XC":"3"},"V8":{"Q3":"3"},"8V":{"W4":"3"},"HG":{"49":"3"},"CR":{"RV":"3"},"WG":{"37":"3"},"9V":{"F8":"3"}},"4R":{"2Q":{"H6":"3","Q6":"3","P6":"3"},"4V":{"M9":"3","J8":"3","M8":"3"},"67":{"PP":"3","MH":"3","GR":"3","QP":"3","HW":"3","HV":"3","QW":"3","FM":"3","GQ":"3","PR":"3","PX":"3","RQ":"3","JX":"3","MW":"3","QQ":"3","HR":"3","QX":"3","MP":"3","RP":"3","RW":"3","VM":"3","VQ":"3","JP":"3","MM":"3","JJ":"3","VP":"3","VV":"3","MG":"3","QV":"3","PV":"3","FW":"3","PJ":"3","RV":"3","RM":"3","QM":"3","FQ":"3","MJ":"3","HQ":"3","PG":"3","JQ":"3","JR":"3","GH":"3","QJ":"3","FV":"3","JM":"3","GM":"3","MV":"3","PQ":"3","MX":"3","GJ":"3","PH":"3","HM":"3","VR":"3","GX":"3","QH":"3","FP":"3","FR":"3","HJ":"3","RX":"3","JG":"3","QR":"3","RH":"3","MQ":"3","HH":"3","JW":"3","VJ":"3","PM":"3","JV":"3","VW":"3","PW":"3","HX":"3","GV":"3","JH":"3","GW":"3","HP":"3","GP":"3","RR":"3","RJ":"3","MR":"3"},"QQ":{"4G":"3"},"68":{"Q2":"3","J2":"3","M2":"3","P2":"3"},"9M":{"WX":"3"}},"WM":{"QR":{"XQ":"3","XP":"3","PR":"3"},"RR":{"2Q":"3","2P":"3","3R":"3","3Q":"3","2R":"3"},"PV":{"RR":"3","PV":"3"},"FR":{"C6":"3"},"MR":{"JC":"3","HR":"3"}},"HQ":{"6J":{"79":"3"},"7G":{"62":"3"},"28":{"JH":"3","F5":"3"},"2V":{"48":"3"},"23":{"C6":"3"},"2G":{"87":"3","F3":"3"},"25":{"C5":"3"},"2C":{"F5":"3"},"26":{"GV":"3"},"2R":{"5J":"3"},"C7":{"89":"3"}},"JM":{"VG":{"4G":"3","Q6":"3"},"WF":{"PV":"3"},"X6":{"XV":"3","XR":"3","XW":"3"},"JV":{"WJ":"3","WM":"3","VM":"3","VJ":"3"},"6P":{"62":"3"},"JW":{"87":"3"},"H7":{"8F":"3"},"HX":{"92":"3","9C":"3"},"QM":{"2Q":"3"},"HW":{"CX":"3"},"5M":{"XR":"3"},"MR":{"9M":"3"},"6M":{"2Q":"3","2R":"3"},"X7":{"W2":"3","X2":"3","X3":"3","W3":"3"}}},"index":{"university,1|retail,2|tourism,3|wreck,4|historical,5|artsCulture,6|namedBuilding,7|water,8|wetland,9|park,10|beach,11|natureReserve,12|cemetery,13|trail,14":{}}}