{"index":{"university,1|retail,2|tourism,3|wreck,4|historical,5|artsCulture,6|namedBuilding,7|water,8|wetland,9|park,10|beach,11|natureReserve,12|cemetery,13|trail,14":{}},"5H":{"V7":{"75":{"9V":"3","9P":"3"},"67":{"79":"3","6J":"3","CW":"3","8J":"3","FP":"3","FM":"3","76":"3","CJ":"3","94":"3","4J":"3","2M":"3","84":"3"},"45":{"X6":"3","X9":"3","97":"3","PX":"3","MX":"3"},"65":{"5R":"3","JR":"3"},"54":{"7H":"3","8M":"3","7M":"3"},"63":{"V9":"3","PF":"3","X2":"3","X3":"3","QX":"3","VM":"3","QC":"3","VJ":"3"},"64":{"J2":"3","6J":"3","M3":"3","M4":"3","7M":"3","64":"3","39":"3","JJ":"3","Q3":"3","P3":"3","6M":"3","P4":"3","3J":"3","24":"3"},"83":{"HP":"3","HM":"3"},"44":{"H9":"3","X2":"3","5Q":"3","QC":"3"},"46":{"56":"3"},"55":{"V3":"3","9V":"3","9W":"3","W5":"3","2V":"3","74":"3","4W":"3"},"35":{"W5":"3","V2":"3","QW":"3","MV":"3"},"53":{"2X":"3","3Q":"3"},"23":{"RP":"3","QP":"3","MR":"3"},"33":{"XQ":"3","PJ":"3","JJ":"3","RH":"3","MV":"3","RJ":"3"},"57":{"WM":"3","XJ":"3"},"73":{"X3":"3","Q5":"3","P5":"3"},"25":{"8J":"3","M9":"3","FM":"3","FH":"3","72":"3","82":"3","83":"3","8V":"3","QG":"3"},"34":{"6P":"3","4Q":"3","VW":"3","F3":"3"},"24":{"Q2":"3","45":"3","8H":"3","85":"3","VM":"3","7M":"3","QM":"3"},"26":{"F2":"3"},"66":{"7F":"3","PP":"3","CG":"3","9H":"3","H9":"3","CM":"3","8Q":"3","CH":"3","7P":"3","8M":"3","8P":"3","8C":"3","9P":"3","FJ":"3","9M":"3","CF":"3"},"43":{"XV":"3","WW":"3"},"56":{"X4":"3"}},"G9":{"8R":{"9R":"3"},"53":{"Q9":"3","C3":"3"},"52":{"4Q":"3","4R":"3","5W":"3","3P":"3","6R":"3","5Q":"3","8V":"3"},"XR":{"RQ":"3","FX":"3","9V":"3","9X":"3","GW":"3","CV":"3","9W":"3","JX":"3","CX":"3","HX":"3","CW":"3","PM":"3","FW":"3","GX":"3"},"X5":{"JP":"3"},"33":{"95":"3","75":"3"},"JC":{"4J":"3","CP":"3"},"XV":{"XF":"3","H3":"3","QR":"3","46":"3","8V":"3","P6":"3","G8":"3","P7":"3","HV":"3","FV":"3","V8":"3","Q7":"3","XH":"3","JM":"3","WH":"3","JV":"3","JW":"3","59":"3","47":"3","V6":"3","MJ":"3","F6":"3","C5":"3","76":"3","R6":"3","CG":"3","FC":"3","R8":"3","GF":"3","C2":"3","CP":"3","5C":"3","99":"3","3Q":"3","3M":"3","7F":"3","J4":"3","M7":"3","R4":"3","C9":"3","P3":"3","J8":"3","F2":"3","QM":"3","WR":"3","R5":"3","6C":"3","P8":"3","JC":"3","PC":"3","Q9":"3","4Q":"3","QG":"3","HX":"3","G9":"3","6Q":"3","H6":"3","H7":"3","MQ":"3","FW":"3","7M":"3","X7":"3","77":"3","7R":"3","GM":"3","PG":"3","F5":"3","GJ":"3","HM":"3","MC":"3","8R":"3","8C":"3","84":"3","GC":"3","75":"3","XM":"3","74":"3","4V":"3","VJ":"3","V9":"3","VC":"3","C3":"3","2P":"3","4M":"3","JX":"3","VH":"3","Q5":"3","R9":"3","C7":"3","8M":"3","PQ":"3","CR":"3","2F":"3","7H":"3","3H":"3","G2":"3","JP":"3","85":"3","M4":"3","FF":"3","57":"3","8F":"3","HW":"3","R7":"3","2G":"3","F3":"3","95":"3","V7":"3","9C":"3","P4":"3","3P":"3","79":"3","3V":"3","HH":"3","X8":"3","JG":"3","WC":"3","5P":"3","P2":"3","PM":"3","6V":"3","4R":"3","HF":"3","HC":"3","8P":"3","PR":"3","66":"3","J9":"3","QV":"3","CV":"3","X5":"3","CM":"3","HG":"3","MP":"3","QH":"3","H8":"3","V5":"3","CW":"3","FJ":"3","M2":"3","PF":"3","56":"3","M3":"3","W5":"3","RJ":"3","Q8":"3","96":"3","3R":"3","27":"3","RM":"3","H9":"3","PH":"3","9Q":"3","67":"3","3C":"3","C6":"3","7G":"3","48":"3","78":"3","5G":"3","8H":"3","86":"3","7V":"3","Q6":"3","9P":"3","J6":"3","F8":"3","P9":"3","QJ":"3","7P":"3","5R":"3","H4":"3","58":"3","5Q":"3","94":"3","W8":"3","RP":"3","2V":"3","RC":"3","JJ":"3","J7":"3","VF":"3","XG":"3","PP":"3","65":"3","4J":"3","M9":"3","QF":"3","G4":"3","C8":"3","QC":"3","9W":"3","5V":"3","JH":"3","W7":"3","P5":"3","XR":"3","69":"3","M6":"3","MG":"3","M5":"3","38":"3","H5":"3","F4":"3","39":"3","97":"3","9M":"3","49":"3","88":"3","CF":"3","9F":"3","QX":"3","XJ":"3","F9":"3","MV":"3","C4":"3","GW":"3","7Q":"3","HJ":"3","JF":"3","2M":"3","89":"3","J5":"3","X9":"3","JR":"3","G6":"3","Q4":"3","PX":"3","RH":"3","RG":"3","RQ":"3","6P":"3","6M":"3","4C":"3","W9":"3","6F":"3","2R":"3","VM":"3","FH":"3","G7":"3","J2":"3","MW":"3","87":"3","X6":"3","6H":"3","M8":"3","GG":"3","5F":"3","XP":"3","FG":"3","3J":"3","W4":"3","6R":"3","G5":"3","9J":"3","XC":"3","37":"3","6G":"3","2H":"3","WJ":"3","H2":"3","W6":"3","WM":"3","V4":"3","MM":"3","4G":"3","26":"3","RF":"3","98":"3","4F":"3","2C":"3","MX":"3","4P":"3","VQ":"3","MR":"3","FP":"3","J3":"3","93":"3","3G":"3","WP":"3","68":"3","PW":"3","6J":"3","9H":"3","VG":"3","WQ":"3","FM":"3","G3":"3","JQ":"3","GH":"3","5M":"3","Q2":"3","3F":"3","QQ":"3","WG":"3","MH":"3","VP":"3","7C":"3","RV":"3","HR":"3","4H":"3","GX":"3","X4":"3","XQ":"3","HQ":"3","F7":"3","8Q":"3","29":"3","8G":"3","28":"3","CJ":"3","9G":"3","GV":"3","PV":"3","QP":"3","X3":"3","Q3":"3","CH":"3","PJ":"3"},"RJ":{"2M":"3","2J":"3"},"WH":{"66":"3"},"34":{"VC":"3"},"94":{"JQ":"3"},"VG":{"WV":"3","WH":"3"},"WV":{"VG":"3","WJ":"3","XF":"3","R9":"3","VM":"3","VC":"3","QH":"3","WF":"3","W8":"3","WP":"3","QC":"3","VJ":"3","X9":"3","RM":"3","V7":"3","QM":"3","XM":"3","XC":"3","RH":"3","X8":"3","VP":"3","PM":"3","RJ":"3","VH":"3","XJ":"3","R8":"3","QJ":"3","VF":"3","V9":"3","WC":"3","WM":"3","WH":"3","PJ":"3","W9":"3","PH":"3","V8":"3","XV":"3","XP":"3","XG":"3","RC":"3","X7":"3"},"64":{"RG":"3"},"XG":{"CV":"3","GQ":"3"},"WG":{"2W":"3","8V":"3"},"XF":{"Q4":"3","Q5":"3","P4":"3","P5":"3"},"XW":{"F4":"3","H3":"3","G3":"3","F3":"3","J2":"3","G2":"3","F7":"3","G5":"3","M3":"3","P5":"3","V5":"3","R4":"3","J4":"3","Q4":"3","Q2":"3","P2":"3","F5":"3","C4":"3","G4":"3","J5":"3","M2":"3","M6":"3","Q3":"3","P3":"3","H2":"3","F6":"3","J3":"3","Q5":"3","P4":"3","M5":"3","H4":"3","H5":"3","R5":"3","C7":"3"},"42":{"QJ":"3","HJ":"3","WM":"3","JM":"3","JQ":"3","GV":"3","MP":"3","JP":"3","PQ":"3","VJ":"3","85":"3","QQ":"3","PJ":"3","JJ":"3","MJ":"3","VM":"3","HM":"3","QM":"3","HR":"3","GJ":"3","WJ":"3","MQ":"3","HV":"3","MM":"3","RM":"3","PP":"3","PM":"3","C6":"3"},"FC":{"9G":"3"},"32":{"XP":"3"}},"R9":{"3P":{"X2":"3"},"2P":{"8C":"3","29":"3","7C":"3","64":"3","79":"3","6C":"3","63":"3","54":"3","57":"3","83":"3","22":"3","52":"3","78":"3","34":"3","75":"3","39":"3","85":"3","38":"3","62":"3","67":"3","59":"3","28":"3","55":"3","25":"3","96":"3","33":"3","53":"3","26":"3","43":"3","32":"3","66":"3","9C":"3","42":"3","77":"3","49":"3","23":"3","FC":"3","F8":"3","C8":"3","35":"3","56":"3","97":"3","45":"3","72":"3","73":"3","98":"3","24":"3","65":"3","99":"3","95":"3","69":"3","G9":"3","36":"3","47":"3","F7":"3","F9":"3","C6":"3","58":"3","68":"3","37":"3","89":"3","76":"3","88":"3","C9":"3","74":"3","46":"3","44":"3","CC":"3","HC":"3","87":"3","27":"3","C7":"3","84":"3","86":"3","GC":"3","48":"3"},"CW":{"97":"3","88":"3","86":"3","73":"3","85":"3","75":"3","96":"3","94":"3","95":"3","78":"3","79":"3","93":"3","87":"3","72":"3","98":"3","77":"3","74":"3","92":"3","76":"3","82":"3","83":"3","84":"3","89":"3"},"4M":{"CQ":"3","CX":"3","GR":"3","9W":"3","4X":"3","6P":"3","HW":"3","HV":"3","3H":"3","2P":"3","5V":"3","8R":"3","CP":"3","FM":"3","GQ":"3","7W":"3","JX":"3","HR":"3","CW":"3","5P":"3","8V":"3","CV":"3","3Q":"3","5M":"3","9V":"3","3V":"3","2Q":"3","6M":"3","2H":"3","6X":"3","2M":"3","2X":"3","9R":"3","5Q":"3","2R":"3","8X":"3","4W":"3","2V":"3","FW":"3","7P":"3","7Q":"3","6Q":"3","FQ":"3","HQ":"3","8P":"3","9P":"3","CM":"3","6W":"3","3R":"3","3M":"3","FV":"3","3X":"3","2W":"3","8M":"3","4P":"3","9X":"3","8Q":"3","4R":"3","4V":"3","3J":"3","4J":"3","GX":"3","2J":"3","4M":"3","FX":"3","FP":"3","5X":"3","FR":"3","5R":"3","3P":"3","6R":"3","7V":"3","9Q":"3","7X":"3","4Q":"3","7R":"3","JW":"3","5W":"3","CR":"3","JV":"3","6V":"3","9M":"3","3W":"3","HX":"3","GV":"3","GW":"3","HP":"3","GP":"3","7M":"3","8W":"3"},"3M":{"WQ":"3","VG":"3","HP":"3","R9":"3","RQ":"3","QF":"3","WG":"3","VV":"3","WV":"3","RP":"3","RJ":"3","PG":"3","WJ":"3","RW":"3","P7":"3","VJ":"3","M8":"3","JR":"3","QG":"3","VM":"3","MH":"3","JH":"3","P8":"3","PH":"3","RX":"3","M9":"3","PP":"3","PV":"3","XW":"3","HV":"3","MR":"3","MV":"3","Q8":"3","WW":"3","QJ":"3","MG":"3","JF":"3","QR":"3","JV":"3","XM":"3","WP":"3","QW":"3","QQ":"3","PQ":"3","VQ":"3","XQ":"3","XJ":"3","HR":"3","JQ":"3","PR":"3","P9":"3","QM":"3","JJ":"3","XH":"3","Q9":"3","VF":"3","RH":"3","R8":"3","WX":"3","WH":"3","XR":"3","MF":"3","MQ":"3","QV":"3","QC":"3","MM":"3","JP":"3","RF":"3","VC":"3","QP":"3","XP":"3","WR":"3","Q7":"3","QH":"3","VW":"3","XV":"3","RV":"3","V9":"3","MP":"3","VX":"3","RR":"3","VP":"3","RG":"3","VH":"3","VR":"3","PW":"3","M7":"3","PC":"3","RC":"3","PJ":"3","PM":"3","XG":"3","PF":"3","MC":"3","MJ":"3","WM":"3","JG":"3","HQ":"3","JM":"3","RM":"3","XX":"3"},"9R":{"X9":"3","WC":"3","V6":"3","V8":"3","QG":"3","QJ":"3","QF":"3","X6":"3","X5":"3","QC":"3","JF":"3","MF":"3","MG":"3","VF":"3","WF":"3","RJ":"3","XC":"3","W7":"3","RH":"3","X4":"3","PJ":"3","MJ":"3","V9":"3","PH":"3","VG":"3","V7":"3","PG":"3","R8":"3","VH":"3","P9":"3","JG":"3","W8":"3","MH":"3","XG":"3","WG":"3","W9":"3","W5":"3","XF":"3","VC":"3","MC":"3","RG":"3","QH":"3","RF":"3","JH":"3","X7":"3","RC":"3","PC":"3","W6":"3","R9":"3","Q8":"3","R7":"3","Q9":"3","X8":"3","PF":"3"},"2V":{"5J":"3","3Q":"3","4G":"3","3P":"3","6J":"3","6P":"3","5G":"3","4M":"3","5F":"3","3M":"3","5P":"3","4C":"3","5M":"3","4F":"3","5H":"3","6M":"3","4P":"3","3J":"3","4J":"3","5Q":"3","5C":"3","4Q":"3","2Q":"3","4H":"3","6Q":"3"},"4P":{"FH":"3","H3":"3","FJ":"3","CG":"3","G9":"3","33":"3","44":"3","FP":"3","C4":"3","C8":"3","62":"3","88":"3","C5":"3","9P":"3","7F":"3","8G":"3","GF":"3","9Q":"3","J3":"3","F2":"3","FF":"3","GP":"3","GM":"3","8P":"3","5P":"3","52":"3","G4":"3","7C":"3","FQ":"3","9J":"3","F8":"3","C9":"3","FR":"3","73":"3","7M":"3","6Q":"3","F6":"3","6P":"3","H7":"3","7R":"3","8J":"3","8R":"3","CR":"3","GG":"3","7J":"3","H4":"3","7H":"3","32":"3","H9":"3","JF":"3","77":"3","F5":"3","74":"3","83":"3","JC":"3","F7":"3","CQ":"3","G2":"3","G8":"3","CJ":"3","54":"3","5J":"3","J2":"3","93":"3","8C":"3","HJ":"3","G6":"3","GJ":"3","6G":"3","87":"3","HC":"3","J6":"3","J9":"3","F3":"3","H2":"3","99":"3","55":"3","8M":"3","7P":"3","75":"3","43":"3","9R":"3","HH":"3","C3":"3","53":"3","FC":"3","5M":"3","86":"3","98":"3","63":"3","H8":"3","9M":"3","J7":"3","9G":"3","8H":"3","97":"3","H5":"3","92":"3","34":"3","42":"3","23":"3","CC":"3","CH":"3","8F":"3","9H":"3","82":"3","H6":"3","94":"3","F4":"3","9C":"3","22":"3","HF":"3","J5":"3","7G":"3","C2":"3","C7":"3","72":"3","89":"3","65":"3","G3":"3","FM":"3","GC":"3","G5":"3","J4":"3","6M":"3","64":"3","76":"3","CF":"3","96":"3","C6":"3","J8":"3","9F":"3","CM":"3","F9":"3","GQ":"3","GH":"3","HG":"3","6H":"3","FG":"3","7Q":"3","CP":"3","95":"3","66":"3","8Q":"3","85":"3","G7":"3","6J":"3","84":"3"},"CR":{"47":"3","25":"3","68":"3","43":"3","33":"3","3G":"3","88":"3","57":"3","2G":"3","86":"3","56":"3","37":"3","27":"3","69":"3","36":"3","5C":"3","44":"3","75":"3","34":"3","67":"3","4F":"3","78":"3","65":"3","23":"3","54":"3","59":"3","66":"3","87":"3","46":"3","39":"3","3C":"3","77":"3","76":"3","2C":"3","28":"3","45":"3","38":"3","35":"3","24":"3","29":"3","26":"3","2F":"3","55":"3","4C":"3","3F":"3"},"2M":{"2X":"3","5X":"3","3V":"3","6X":"3","3X":"3","3W":"3","4V":"3","2V":"3","4X":"3","4W":"3","2W":"3","5W":"3","2R":"3"},"2Q":{"7G":"3","3F":"3","3G":"3","2J":"3","3H":"3","2H":"3","2F":"3","2G":"3","3J":"3"}},"R2":{"QH":{"34":"3"},"XG":{"X7":"3","W7":"3","X8":"3","W8":"3"},"WG":{"FX":"3","6X":"3"},"WH":{"F2":"3","62":"3","P3":"3"},"PH":{"56":"3"}},"C8":{"5X":{"M2":"3","P2":"3"},"4R":{"XV":"3","XR":"3"},"2F":{"FJ":"3"},"98":{"2M":"3"},"5V":{"C8":"3"},"5W":{"7G":"3","HX":"3","9R":"3","6G":"3","JX":"3","HW":"3","8M":"3","8P":"3","8H":"3"},"2C":{"87":"3","74":"3"},"MX":{"4F":"3"}},"QF":{"HQ":{"7F":"3","6G":"3","86":"3","63":"3"},"9J":{"VX":"3"},"FR":{"GX":"3"},"8M":{"M3":"3","R2":"3"},"HP":{"7W":"3"},"JF":{"FM":"3"}},"C5":{"7V":{"PV":"3"},"79":{"44":"3","58":"3","6J":"3","57":"3","47":"3","32":"3"},"28":{"PR":"3"},"9M":{"VF":"3"}},"FV":{"P9":{"87":"3","79":"3","47":"3","67":"3","27":"3","VJ":"3","28":"3","97":"3","89":"3","CG":"3","9H":"3","F9":"3","77":"3","CJ":"3","99":"3","HC":"3","C9":"3","78":"3","GC":"3","38":"3","CH":"3","37":"3","98":"3","88":"3","8C":"3","57":"3","FJ":"3","PH":"3","FG":"3","CF":"3","GF":"3","CC":"3","9C":"3"},"WH":{"3F":"3","2F":"3"},"H8":{"79":"3","7F":"3","JR":"3","8F":"3","69":"3","49":"3","MV":"3","48":"3","4F":"3","PQ":"3","6C":"3","7C":"3","8C":"3","6F":"3","59":"3"},"PC":{"43":"3","36":"3","35":"3","54":"3","44":"3","25":"3","37":"3","45":"3","27":"3","26":"3","24":"3","MM":"3","53":"3","55":"3","34":"3","63":"3","46":"3"},"JC":{"8C":"3","4R":"3","5W":"3","5M":"3","3J":"3"},"QP":{"XQ":"3"},"H9":{"7M":"6","HP":"3","68":"3","QV":"3","7C":"3","M9":"3","62":"3","F7":"3","4M":"3","73":"3","6R":"3","FP":"3","95":"3","94":"3","CW":"3","H8":"3","V9":"3","J7":"3","9F":"3","6F":"3","FW":"3","5X":"3","5F":"3","G7":"3","F8":"3","C5":"3","C6":"3","84":"3"},"PR":{"H4":"3","H2":"3"},"RQ":{"3G":"3","JC":"3","3J":"3","2J":"3","88":"3","2G":"3","7F":"3","G9":"3","78":"3","F9":"3","H8":"3","Q4":"3","2M":"3","79":"3","H9":"3","Q6":"3","9F":"3","J9":"3","3H":"3","HC":"3","8F":"3","6F":"3","5F":"3","J8":"3","FC":"3","GC":"3","5G":"3","89":"3","2H":"3","3F":"3"},"QQ":{"VQ":"3","6V":"3","5J":"3","7W":"3","WF":"3","7X":"3","WP":"3","4M":"3","6W":"3","XM":"3","MV":"3","VP":"3","6R":"3","2V":"3","XJ":"3","5M":"3","PV":"3","RQ":"3","MW":"3","8M":"3","6M":"3","WM":"3","4P":"3","QR":"3"},"FF":{"JR":"3","JQ":"3","PW":"3","JM":"3","MR":"3","QF":"3","MX":"3","MV":"3"},"QC":{"V3":"3","J5":"3","J2":"3","M2":"3","W4":"3","J3":"3"},"MP":{"6P":"3","33":"3","5M":"3","6Q":"3","22":"3","84":"3"},"QG":{"7H":"3","96":"6","Q3":"3","WG":"3","J3":"3"},"RP":{"PQ":"3"},"VQ":{"J2":"3","H3":"3","73":"3","63":"3"},"VM":{"GM":"3"},"JP":{"MJ":"3","HJ":"3","JQ":"3","GC":"3","MF":"3","FC":"3","J9":"3"},"J9":{"R9":"3","W6":"3","PG":"3","X6":"3","MG":"3","J8":"3","QC":"3","V6":"3","V7":"3","MC":"3","PF":"3","MH":"3","PC":"3","V8":"3","H6":"3","W7":"3"},"MM":{"MR":"3"},"JJ":{"79":"3","C8":"3"},"RG":{"F3":"3","F7":"3","M3":"3","P5":"3","R4":"3","Q2":"3","R3":"3","P2":"3","8W":"3","J6":"3","R2":"3","J5":"3","Q3":"3","M6":"3","P3":"3|6","3C":"3","P6":"3"},"VP":{"RV":"3","PX":"3","3G":"3","WM":"3","4V":"3","WF":"3","QX":"3","WG":"3","WJ":"3","RW":"3","5X":"3","RC":"3","5R":"3","M6":"3","2W":"3","5Q":"3","Q9":"3"},"MG":{"F2":"3","HF":"3","WJ":"3","J5":"3","CJ":"3","C4":"3","JM":"3","WP":"3","J8":"3"},"XG":{"7W":"3","6V":"3","3P":"3","3M":"3","6W":"3","3G":"3","3H":"3","GR":"3","8M":"3","4W":"3","5R":"3","3J":"3","FX":"3","8V":"3"},"XM":{"V9":"3","MJ":"3","X6":"3","R8":"3","Q8":"3","MC":"3","55":"3","X7":"3","X5":"3","7P":"3","RM":"3","V8":"3","V4":"3","64":"3","RC":"3"},"MJ":{"28":"3"},"PG":{"99":"3"},"M9":{"V8":"3","FH":"3","HJ":"3","CG":"3","P8":"3","JF":"3","MF":"3","57":"3","7C":"3","M9":"3","37":"3","27":"3","W7":"3","5C":"3","V9":"3","R8":"3","P9":"3","59":"3","9F":"3","W8":"3","MC":"3","GJ":"3","HH":"3","6C":"3","X7":"3","28":"3","PC":"3","38":"3","R9":"3","Q8":"3","FG":"3","Q9":"3","X8":"3"},"GF":{"RQ":"3","RP":"3","VM":"3"},"WM":{"PQ":"6"},"JQ":{"X2":"3"},"FG":{"GM":"3","H5":"3","GJ":"3","RW":"3","HC":"3","Q8":"3","GF":"3","M2":"3","GP":"3","W8":"3"},"FC":{"WX":"3","W2":"3","R8":"3","V6":"3","Q8":"3","WP":"3","R7":"3","V5":"3","W8":"3"},"GH":{"27":"3"},"JM":{"6W":"3","3W":"3"},"GM":{"HJ":"3","99":"3","PC":"3","63":"3"},"G8":{"Q6":"3","V6":"3","MV":"3","RH":"3","M7":"3","HW":"3","XJ":"3","M6":"3","XH":"3","X7":"3"},"PQ":{"6V":"3","9Q":"3","8F":"3","RV":"3","7G":"3","7R":"3","8W":"3","7V":"3","9R":"3","6R":"3","CQ":"3","8Q":"3","7Q":"3","9F":"3","8P":"3","XW":"3","5V":"3","5R":"3","9P":"3","58":"3","8V":"3","9V":"3","8R":"3","VX":"3"},"XJ":{"XV":"3","X6":"3","9V":"3","R2":"3","WW":"3","X4":"3","XF":"3","W4":"3"},"GJ":{"5X":"3"},"HM":{"WX":"3","5C":"3","RV":"3","87":"3","WW":"3","RR":"3","6C":"3","77":"3"},"HG":{"FR":"3","FG":"3"},"G9":{"5C":"3","3M":"3","XF":"3","94":"3"},"WJ":{"H9":"3","H8":"3","H6":"3","G9":"3"},"XH":{"PP":"3","PC":"3","PR":"3","G2":"3","C5":"3","W9":"3","V5":"3","MP":"3","F5":"3","RP":"3","JP":"3","MM":"3","R8":"3","JJ":"3","GG":"3","W3":"3","XR":"3","V3":"3","VX":"3","VC":"3","H4":"3","Q8":"3","X3":"3","XM":"3","QM":"3","MJ":"3","32":"3","H5":"3","XW":"3","GF":"3","F3":"3","GH":"3","PQ":"3","G3":"3","HM":"3","WJ":"3","P4":"3","W6":"3","H3":"3","RX":"3","QR":"3","VH":"3","V6":"3","RH":"3","PM":"3","VJ":"3","VW":"3","JH":"3","F2":"3","RJ":"3","W5":"3","R5":"3"},"HF":{"RF":"3","JR":"3","55":"3","X5":"3","MR":"3","84":"3","94":"3","MV":"3","JV":"3","RC":"3","HV":"3"},"HJ":{"XP":"3","V8":"3","P5":"3"},"QR":{"H2":"3","93":"3","72":"3","C3":"3","83":"3"},"WG":{"VF":"3","RF":"3","H8":"3","87":"3","Q9":"3","45":"3","27":"3","97":"3","78":"3","VC":"3","M9":"3","MC":"3","F7":"3","G7":"3","88":"3","XF":"3","P9":"3","56":"3","F6":"3"},"VH":{"VG":"3","WJ":"3","VM":"3","QH":"3","VJ":"3","RH":"3","RJ":"3","VH":"3","WM":"3","WH":"3","QG":"3","RG":"3"},"RH":{"36":"3"},"MQ":{"7H":"3","68":"3","82":"3"},"HH":{"GV":"3"},"RC":{"25":"3","8J":"3","HX":"3","CG":"3","56":"3"},"VJ":{"MH":"3"},"MC":{"RW":"3","W6":"3","Q6":"3","V6":"3","P5":"3","V5":"3","R7":"3","V7":"3","R4":"3","Q4":"3","W5":"3","M4":"3","X5":"3","M7":"3","V4":"3","Q7":"3","M6":"3","X4":"3","W4":"3","R6":"3","Q5":"3","P4":"3","P7":"3","M5":"3","R5":"3","P6":"3"},"MF":{"5C":"3","27":"3"},"JF":{"Q9":"3","FM":"3","JV":"3"},"HC":{"R2":"3","F9":"3","MV":"3","G9":"3"},"WP":{"45":"3"},"JH":{"CR":"3","8G":"3"},"Q9":{"JW":"3","JR":"3","MW":"3","JX":"3","HW":"3","HX":"3","MX":"3","MV":"3","JV":"3","HV":"3"},"HP":{"V5":"3","47":"3","7G":"3","FH":"3","25":"3","CG":"3","58":"3","33":"3","M2":"3","37":"3","69":"3","36":"3","5C":"3","P6":"3","44":"3","V3":"3","34":"3","48":"3","49":"3","V4":"3","Q6":"3","59":"3","R5":"3","46":"3","F2":"3","39":"3","HC":"3","W5":"3","9G":"3","M4":"3","M3":"3","R3":"3","J5":"3","G2":"3","Q5":"3","6F":"3","R4":"3","45":"3","38":"3","35":"3","J6":"3","GF":"3","55":"3","4C":"3","FG":"3"},"FH":{"WW":"3","J2":"3","M2":"3","J3":"3"},"QF":{"G8":"3","GV":"3","GW":"3","JW":"3","5G":"3","7M":"3","8W":"3","CX":"3","9H":"3","4R":"3","M7":"3","4F":"3","MW":"3","6C":"6","5R":"3","W9":"3","5Q":"3","5C":"6","HG":"3","4Q":"3"},"GP":{"X3":"3"},"RJ":{"M9":"3"},"PF":{"F4":"3","MJ":"3","JR":"3","W8":"3","JF":"3","JG":"3","MM":"3","8J":"3","M4":"3","8W":"3","G9":"3","4V":"6","MH":"3","PQ":"3","JH":"3","4W":"6","PJ":"3","HG":"3","CR":"6","GX":"3"},"GC":{"VF":"3","FC":"3"},"VG":{"Q4":"3","62":"3","52":"3","Q3":"3","53":"3","X7":"3","63":"3","R6":"3","R7":"3","QF":"3","Q5":"3"},"RF":{"RW":"3","MJ":"3","3Q":"3","3R":"3","J2":"3","RV":"3","3V":"3","J4":"3","VR":"3","J9":"3","PR":"3","4R":"3","QV":"3","HW":"3","4V":"3","2V":"3","MR":"3","H2":"3","GR":"3","5R":"3","M9":"3","5Q":"3","FC":"3","4Q":"3","VX":"3","QW":"3","VW":"3","QX":"3"}},"V6":{"PG":{"VH":"3","RG":"3"},"R9":{"MW":"3","PX":"3","JX":"3","MX":"3","HR":"3","HV":"3"},"RC":{"Q2":"3","Q3":"3","R3":"3","P2":"3"}},"PG":{"36":{"FW":"3"},"25":{"37":"3","53":"3","73":"3"},"37":{"C5":"3"},"52":{"F6":"3"},"58":{"R9":"3"},"26":{"67":"3","6G":"3"},"78":{"2Q":"3"},"P2":{"67":"3"},"P3":{"V5":"3"}},"FQ":{"4G":{"36":"3","4J":"3","3R":"3","56":"3"},"27":{"5W":"3","5V":"3"},"2P":{"22":"3"},"28":{"RW":"3","45":"3","R4":"3","CV":"3","H7":"3","J7":"3","23":"3"},"3F":{"WV":"3","G8":"3","JV":"3","R7":"3","R4":"3","VV":"3","XM":"6|3","7V":"3","MV":"3","48":"3","WM":"3","57":"3","72":"3","XP":"6|3"},"49":{"4J":"3","3F":"3","3G":"3","2G":"3","2F":"3"},"3M":{"25":"3","G6":"3","F7":"3","G7":"3","C7":"3","C6":"3","F6":"3"},"39":{"WR":"3","WF":"3","HV":"3"},"3G":{"C4":"3","FC":"3"},"2J":{"C2":"3","9Q":"3","CQ":"3"},"4C":{"FW":"3","8X":"3","GW":"3","CW":"3","6X":"3","9X":"3","6P":"3","CV":"3","7M":"3","FM":"3","CX":"3","C8":"3","3W":"3","6R":"3","CM":"3","7Q":"3","4W":"3","FX":"3","GX":"3"},"3H":{"WQ":"3","2M":"3"},"29":{"6V":"3","7W":"3","8G":"3","6P":"3","R4":"3","7M":"3","6W":"3","9R":"3","6R":"3","X4":"3","5Q":"3","4Q":"3","2Q":"3","9J":"3"},"2H":{"G8":"3","JF":"3","H9":"3","4V":"3","CM":"3","4J":"3","3C":"3","2M":"3"},"4F":{"7G":"3","F3":"3","68":"6","88":"3","86":"3","62":"3","5C":"3","63":"3","5J":"3","7F":"3","85":"3","44":"3","94":"3","79":"3","7J":"3","3H":"3","F2":"3","72":"3","G2":"3","7V":"3","C2":"3","76":"3","82":"3","G3":"3","55":"3","F4":"3","C5":"3","C4":"3","5Q":"3"},"2F":{"6X":"3"},"38":{"43":"3","9V":"3","C4":"3","2H":"3","98":"3","52":"3","53":"3","65":"3","FV":"3","64":"3"},"37":{"3X":"3","7R":"3","8R":"6","CX":"3","6V":"3","5V":"6","8V":"3","FW":"3","2R":"3","7Q":"3"},"2G":{"HF":"3","C2":"3"},"3J":{"49":"3","MM":"3","MQ":"3","X2":"3","R6":"3","PQ":"3","MP":"3","R5":"3","PP":"3","J3":"3"},"3C":{"54":"3","2Q":"3","33":"3","4G":"3","MM":"3","G7":"3","23":"3","WG":"3","WH":"3","QF":"3","2M":"3","4W":"3","VG":"3","3C":"3","64":"3"},"2C":{"2X":"3","87":"3","XP":"3","5W":"3","88":"3","85":"3","X3":"3","5Q":"3","6V":"3","P9":"3"},"2M":{"2X":"3","X3":"3","W7":"3"},"4H":{"2H":"3","3P":"3"}},"M8":{"3R":{"2G":"3","2H":"3","3H":"3"},"7X":{"V8":"3"},"VJ":{"MQ":"3","PQ":"3"},"MQ":{"8P":"3","8M":"3","7Q":"3"},"3X":{"62":"3"},"GP":{"H8":"3"},"FV":{"CJ":"3"},"7V":{"9J":"3"},"MR":{"7R":"3","9X":"3","7V":"3","6X":"3","5X":"3","8X":"3","Q8":"3"},"6C":{"GR":"3"},"2R":{"XG":"3"}},"QG":{"37":{"XH":"3","PV":"3","WM":"3","XJ":"3"},"Q2":{"QV":"3"},"G5":{"Q9":"3"},"47":{"2G":"3","G6":"3","2H":"3"},"P4":{"RV":"3","RW":"3","PJ":"3","RX":"3","QQ":"3","H7":"3"},"P5":{"Q8":"3","M8":"3","V2":"3","W5":"3","J9":"3","Q7":"3","W4":"3","R6":"3","P7":"3","HG":"3"}},"C9":{"V6":{"V9":"3"},"H4":{"45":"3"},"H3":{"6V":"3","5X":"3","3Q":"3","2P":"3","6X":"3","3H":"3","2H":"3","5V":"3","5R":"3","5W":"3","2Q":"3","2M":"3"},"QC":{"2G":"3"},"G4":{"X5":"3"},"P6":{"6R":"3"},"8H":{"JJ":"3"},"MJ":{"WP":"3"},"PG":{"C4":"3","C5":"3"},"H7":{"35":"3"},"HX":{"WM":"3"},"PC":{"VC":"3","JF":"3","WX":"3","XR":"3","QF":"3","WM":"3","P7":"3","XG":"3"},"W6":{"J6":"3"},"H5":{"J3":"3"},"G3":{"QH":"3","WP":"3","VJ":"3","XR":"3","XQ":"3","WQ":"3","XM":"3","VP":"3","RH":"3","XW":"3","QG":"3","XV":"3","XP":"3","RG":"3"},"FC":{"PG":"3","MG":"3"},"4C":{"CP":"3"},"Q9":{"3W":"3"},"PF":{"R4":"3","Q4":"3","V3":"3","Q3":"3","R3":"3","Q5":"3"}},"P2":{"XQ":{"VC":"3"},"XP":{"7J":"3","9Q":"3|6","6J":"3","8J":"3","CV":"3","7M":"3","9R":"3","8Q":"3","7P":"3","8M":"3","8P":"3","6M":"3","9P":"3","CR":"3"},"XM":{"4V":"3","5W":"3","5V":"3","4W":"3"}},"P8":{"79":{"M6":"3","X3":"3","VH":"3","P3":"3"},"CV":{"GC":"3","GH":"3","F9":"3","G9":"3"},"76":{"2W":"3","6R":"3"},"77":{"MX":"3"},"99":{"C3":"3","83":"3"},"3H":{"WX":"3"},"78":{"G5":"3","P9":"3","Q6":"3","JC":"3","R4":"3","Q5":"3","WF":"3","J2":"3","WV":"3","J3":"3","F5":"3","P2":"3","G7":"3","P8":"3","J9":"3","J7":"6","P3":"3","VC":"3","J6":"6|3","V4":"3","G6":"3","H5":"3","M9":"3","F3":"3","H7":"3","H6":"3","J8":"3","MX":"3","V9":"3","HG":"3","G4":"3","HF":"3","M6":"6","H3":"3","WC":"3","JG":"3","HH":"3","M8":"3","MC":"3","Q4":"3","MF":"3","M7":"6","JF":"3","HC":"3","M2":"3","Q9":"3","J4":"3"},"88":{"VM":"3","QH":"3","HR":"3","JF":"3","PP":"3","XQ":"3","CP":"3","CM":"3","FQ":"3","GR":"3","8P":"3","9M":"3","GF":"3","9C":"3"},"98":{"7V":"3","6W":"3","5V":"3"},"7C":{"P3":"3"},"8C":{"24":"3"},"4J":{"2Q":"3","2P":"3"},"CC":{"MG":"3","JF":"3","JG":"3","JC":"3","MF":"3","MC":"3","HC":"3","MH":"3","JH":"3","HF":"3"},"66":{"PV":"3","PW":"3","QW":"3","QV":"3","MR":"3"},"9C":{"GC":"3","F9":"3","CC":"3"}},"F6":{"VG":{"WX":"3"},"Q9":{"QX":"3"},"62":{"W5":"3"},"63":{"X7":"3"},"M7":{"X9":"3"},"P8":{"R6":"3","46":"3"},"JX":{"FQ":"3"},"MH":{"6F":"3"},"33":{"CR":"3"},"PC":{"V7":"3","X9":"3"},"WM":{"M4":"3","J5":"3","M5":"3","J4":"3"},"WH":{"MW":"3","PW":"3","PX":"3","MX":"3"},"72":{"62":"3","C4":"3"},"73":{"29":"3"},"P7":{"5F":"3","5J":"3","5C":"3","49":"3","39":"3","2P":"3","4H":"3","4C":"3","29":"3","4F":"3","5G":"3","3J":"3"},"RC":{"7G":"3"}},"M9":{"WJ":{"6W":"3","6V":"3"},"H5":{"74":"3","65":"3"},"H6":{"V7":"3"},"WM":{"93":"3"}},"79":{"P8":{"C8":"3"},"55":{"X7":"3"},"34":{"76":"3","23":"3"},"23":{"MP":"3"},"65":{"8X":"3","CW":"3","9X":"3","CV":"3","9W":"3","8W":"3","8V":"3","9V":"3","9C":"3","8R":"3"}},"H7":{"25":{"49":"3"},"R2":{"8C":"3"},"MH":{"R8":"3"},"47":{"6C":"3"}},"H9":{"7M":{"C9":"3"},"HW":{"PR":"3"},"3R":{"H6":"3"},"68":{"M6":"3"},"3G":{"VG":"3","HP":"3","FH":"3","H3":"3","FJ":"3","R9":"3","QF":"6|3","WG":"3","C5":"3","VV":"3","XC":"3","WV":"3","V6":"3","RJ":"3","GM":"3","PG":"3","WC":"3","3R":"3","52":"3","M8":"3","9J":"3","QG":"3","P8":"3","PH":"3","RX":"3","M9":"3","MR":"3","8J":"3","GG":"3","WF":"3","9X":"3","JC":"3","W6":"3","V8":"3","XQ":"3","HJ":"3","GJ":"3","XJ":"3","HR":"3","P9":"3","QM":"3","JJ":"3","XH":"3","Q9":"3","VF":"3","HH":"3","RH":"3","R8":"3","FC":"3","R5":"3","HW":"3","8H":"3","WH":"3","H5":"3","QV":"3","QC":"6|3","MM":"3","HF":"3","JP":"3","J5":"3","RF":"6|3","VC":"3","HM":"3","XP":"3","WR":"3","X6":"3","QH":"3","RV":"3","MP":"3","V9":"3","G5":"3","J4":"3","RG":"3|6","VH":"3","M7":"3","5G":"3","PC":"3","RC":"3","PJ":"3","PM":"3","MJ":"3","JM":"3","RM":"3","MW":"3"},"3J":{"WC":"3","XC":"3"},"2J":{"R2":"3","JG":"3"},"2G":{"2P":"3","FJ":"3","X9":"3","RH":"3","9M":"3"},"4G":{"HW":"3","F3":"3","HJ":"3","4V":"3","JV":"3","2G":"3","7C":"3","CJ":"3","4H":"3","6R":"3","94":"3","CW":"3","CC":"3","5P":"3","FF":"3","J7":"3","2Q":"3","3H":"3","39":"3","MH":"3","C2":"3","GG":"3","2C":"3","5X":"3","5F":"3","HV":"3","GF":"3","29":"3","MV":"3","JW":"3","GM":"3","C3":"3","F4":"3","2W":"3","5G":"3","3F":"3"},"37":{"6P":"3","5P":"3"},"3Q":{"GG":"3"},"69":{"FF":"3","9R":"3"},"5C":{"GR":"3","JQ":"3","QV":"3","JV":"3","HR":"3"},"4H":{"35":"3","3G":"3","H5":"3","G3":"3","4H":"3","F9":"3","5H":"3","G5":"3"},"4M":{"M7":"3","P9":"3"},"6H":{"Q7":"3","R8":"3","Q6":"3","4H":"3","38":"3","5H":"3"},"3X":{"92":"3","82":"3"},"5H":{"3M":"3","33":"3","83":"3","P6":"3","P7":"3"},"4F":{"5R":"3","4R":"3","HP":"3","GV":"3","HW":"3","WM":"3","W8":"3"},"3H":{"96":"3","47":"3","H3":"3","W8":"3","V2":"3","M3":"3","85":"3","J3":"3","8R":"3","VX":"3"},"39":{"2H":"3"},"4J":{"36":"3"},"3C":{"5W":"3"},"M4":{"M8":"3"},"8F":{"RH":"3"},"6F":{"36":"3","87":"3","7C":"3","77":"3"},"3W":{"9X":"3","Q7":"3","8X":"3","FR":"3"},"2C":{"HC":"3","MC":"3"},"6C":{"R2":"3","72":"3"},"3V":{"PV":"3","FC":"3"},"28":{"CF":"3","MQ":"3","FH":"3","84":"3","63":"3","P9":"3"},"38":{"W7":"3"},"2V":{"QR":"3","8V":"3","HV":"3","FV":"3","JM":"3","JV":"3","RW":"3","JW":"3","MJ":"3","QW":"3","CG":"3","CP":"3","5C":"3","3Q":"3","3M":"3","7F":"3","QM":"3","WR":"3","6C":"3","4Q":"3","QG":"3","VR":"3","HX":"3","6Q":"3","MQ":"3","FW":"3","7M":"3","7R":"3","GM":"3","PG":"3","GJ":"3","HM":"3","9R":"3","2P":"3","4M":"3","VH":"3","8M":"3","PQ":"3","CR":"3","2F":"3","7H":"3","3H":"3","JP":"3","HW":"3","2G":"3","3P":"3","79":"3","HH":"3","JG":"3","5P":"3","PM":"3","6V":"3","FQ":"3","4R":"3","8P":"3","PR":"3","QV":"3","CV":"3","CM":"3","MP":"3","QH":"3","FJ":"3","RJ":"3","23":"3","RM":"3","PH":"3","9Q":"3","5G":"3","8H":"3","7V":"3","9P":"3","2Q":"3","5H":"3","QJ":"3","7P":"3","5R":"3","GQ":"3","5Q":"3","HP":"3","RP":"3","VF":"3","4J":"3","PP":"3","5V":"3","JH":"3","5J":"3","MG":"3","38":"3","39":"3","9M":"3","49":"3","88":"3","CF":"3","9F":"3","MV":"3","RR":"3","GW":"3","7Q":"3","HJ":"3","2M":"3","89":"3","JR":"3","RH":"3","RG":"3","RQ":"3","6P":"3","6M":"3","4C":"3","6F":"3","2R":"3","VM":"3","FH":"3","MW":"3","7J":"3","6H":"3","GG":"3","5F":"3","FG":"3","3J":"3","6R":"3","9J":"3","37":"3","6G":"3","2H":"3","MM":"3","26":"3","24":"3","2C":"3","4F":"3","4P":"3","VQ":"3","MR":"3","2J":"3","FP":"3","GR":"3","3G":"3","PW":"3","6J":"3","9H":"3","VG":"3","WQ":"3","FM":"3","25":"3","JQ":"3","GP":"3","WV":"3","GH":"3","CQ":"3","5M":"3","3F":"3","QQ":"3","MH":"3","VP":"3","7C":"3","RV":"3","HR":"3","4H":"3","GX":"3","8J":"3","HQ":"3","8Q":"3","29":"3","28":"3","CJ":"3","36":"3","9G":"3","GV":"3","QP":"3","PV":"3","FR":"3","CH":"3","PJ":"3"},"5F":{"C8":"3","H4":"3","97":"3","58":"3","GQ":"3","GR":"3","56":"3","37":"3","RJ":"3","G4":"3","VJ":"3","G8":"3","CC":"3","F9":"3","H8":"3","65":"3","C7":"3","HQ":"3","VG":"3","PG":"3","H6":"3","JG":"3","JX":"3","87":"3","XG":"3","J5":"3","98":"3","RC":"3","H5":"3","J6":"3","J8":"3","G5":"3"},"HV":{"XP":"3","VG":"3"},"29":{"X6":"3","X4":"3","W5":"3","X5":"3","W4":"3"},"2F":{"W7":"3"},"4C":{"JW":"3","HX":"3"},"5G":{"GM":"3","FM":"3","FP":"3","GP":"3"},"2H":{"M9":"3","J7":"3"},"3F":{"5R":"3","FF":"3","55":"3","6W":"3","QC":"3","J6":"3"}},"MG":{"X5":{"W2":"3"},"72":{"C8":"3"}},"JF":{"JC":{"69":"3","96":"6","88":"3","85":"3","86":"3","89":"3","95":"3","F5":"3","4M":"3"},"XR":{"GM":"3","QP":"3","7H":"3","FJ":"3","PW":"3","8H":"3"},"8G":{"C4":"3","87":"3","59":"3","88":"3","F4":"3"},"VR":{"J4":"3","Q2":"3","W5":"3","W2":"3","X3":"3","R2":"3","X5":"3","Q5":"3"},"WR":{"25":"3","24":"3","78":"3","WG":"3","89":"3","VG":"3","QG":"3","JG":"3"},"PC":{"65":"3","75":"3"},"HF":{"P2":"3"},"XV":{"W2":"3","X2":"3","84":"3","F6":"3"},"P9":{"7V":"3","6V":"3"},"GF":{"C9":"3","96":"3","97":"3","CC":"3","C7":"3","C8":"3","75":"3"},"2C":{"WP":"3"}},"77":{"W2":{"V9":"3"}},"F5":{"2P":{"2M":"3"},"6X":{"XV":"3","XW":"3"},"7X":{"4X":"3","5X":"3","2V":"3","3W":"3"},"3Q":{"J2":"3"}},"WF":{"27":{"VF":"3"}},"68":{"R3":{"CQ":"3"},"WF":{"3F":"3"},"XX":{"7W":"3","9Q":"3","CW":"3","P5":"3","J4":"3","FR":"3","9W":"3","6W":"3","7V":"3","9R":"3","R8":"3","CQ":"3","CM":"3","FQ":"3","GR":"3","8M":"3","HF":"3","8V":"3","5W":"3","CR":"3","8R":"3"}},"F7":{"H2":{"RX":"3"},"MH":{"6G":"3"},"XG":{"JG":"3"}},"JC":{"JC":{"4V":"3"},"HH":{"CR":"3"},"G8":{"9X":"3"},"5C":{"GG":"3","HF":"3","GH":"3","GF":"3","HG":"3","CG":"3","CH":"3","J9":"3"},"XH":{"RC":"3"},"9G":{"53":"3","63":"3"},"JF":{"93":"3","72":"3","83":"3"},"47":{"73":"3"}},"CQ":{"P9":{"JC":"6","P8":"6|3","9W":"3","7X":"3","84":"3","W9":"3","5V":"3"},"WH":{"V3":"3","X4":"3","2M":"3","4W":"3"},"PP":{"8P":"3","V4":"3"},"MH":{"FP":"3"},"PC":{"Q9":"3","G7":"6","PP":"3","XQ":"3","95":"3","46":"3","M6":"3","QJ":"3","PQ":"3","38":"3","74":"3","FQ":"3","C2":"3","7P":"3","58":"3","XP":"3","84":"3","HP":"3"},"QP":{"VF":"3","5C":"3","44":"3","39":"3","G3":"3","J3":"3"},"V7":{"5J":"3","9Q":"3","W2":"3","6W":"3","7V":"3","3G":"3","3H":"3","2H":"3","Q3":"3","2G":"3","5R":"3","H6":"3","VW":"3"},"X6":{"3X":"3","9G":"3","69":"3","CG":"3","JQ":"3","7H":"3","3W":"3","3G":"3","2J":"6","3H":"3","2H":"3","4X":"3","9F":"3","FG":"3","2M":"6|3"},"PR":{"33":"3","34":"3"},"RQ":{"R7":"3"},"WF":{"WV":"3","R9":"3","V2":"3","G2":"3","WP":"3","WX":"3","V3":"3","Q2":"3","RH":"3","W3":"3","2J":"3","3H":"3","2H":"3","WR":"3","V9":"3","WM":"3","3J":"3","W9":"3","RG":"3","RC":"3"},"QQ":{"5P":"3","6X":"3","5W":"3","6W":"3"},"W9":{"GP":"3","CM":"3","W4":"3","QG":"3","HP":"3","JQ":"3","RJ":"3","WX":"3","XJ":"3","6R":"3","95":"3","X2":"3","HQ":"3","R8":"3","GX":"3","JX":"3","MR":"3","W5":"3","2X":"3","WJ":"3","RW":"3","JH":"3","RC":"3","9X":"3","MX":"3","GH":"3","6V":"3","Q8":"3","PM":"3","2W":"3","FQ":"3"},"QC":{"R9":"3","3Q":"3","G7":"3","3P":"3","7X":"3","2P":"3","CW":"3","9X":"3","JW":"3","R4":"3","CV":"3","Q2":"3","R3":"3","P2":"3","3M":"3","6W":"3","XC":"3","7V":"3","4V":"3","78":"3","X4":"3","XX":"3","4X":"3","5V":"3","5R":"3","Q5":"3","5W":"3","8R":"3"},"MP":{"62":"3","22":"3","63":"3"},"QG":{"M4":"3","QR":"3","HH":"3","8R":"3","V7":"3","JP":"3","FJ":"3","H3":"3","V8":"3"},"RP":{"8F":"3","57":"3"},"VQ":{"CM":"3","FQ":"3","Q2":"3","7C":"3","J4":"3"},"VM":{"RQ":"3","RP":"3","W8":"3"},"JP":{"VQ":"3","PR":"3","G6":"3","H8":"3","JJ":"3","JH":"3","F6":"3","RC":"3","JP":"3","JM":"3"},"P8":{"QR":"3","XV":"3","GM":"3","WQ":"3","CR":"3","9R":"3","PM":"3","QM":"3"},"R8":{"35":"3","H5":"3","FJ":"3","42":"3","FP":"3"},"JJ":{"V7":"3","FX":"3","9X":"3","7V":"3","RW":"3","MW":"3","PX":"3","JX":"3","CX":"3","W7":"3","HG":"3","CW":"3","C8":"6|3","MX":"3","V4":"3","QJ":"3","GX":"3"},"R9":{"C5":"3","J9":"3","GQ":"3","35":"3","88":"3","33":"3","FG":"3","34":"3","24":"3","56":"3"},"W7":{"VM":"3","3Q":"3","27":"3","R7":"3","V7":"3","5G":"3","64":"3","XM":"3","H8":"3","5P":"3","P7":"3","XG":"3","R5":"3","2Q":"3"},"X7":{"VF":"3|6","HF":"3","VC":"3","MC":"3","67":"3","F9":"3","WH":"3","MR":"3","7P":"3","PQ":"3","RC":"3"},"RG":{"3P":"3","V2":"3","2P":"3","54":"3","8J":"3","W2":"3","3M":"3","7H":"3","5P":"3","5M":"3","8P":"3","8M":"3","9P":"3","9M":"3","4P":"3","72":"3","X2":"3"},"VP":{"FX":"3","GW":"3","G4":"3","GX":"3"},"MG":{"H2":"3","J2":"3","8H":"3","CR":"3","J3":"3"},"VF":{"53":"3","FJ":"3","7G":"3","F3":"3","FH":"3","HJ":"3","9C":"3","97":"3","H3":"3","QV":"3","P4":"3","7C":"3","M2":"3","8G":"3","MP":"3","JP":"3","F7":"3","69":"3","PQ":"3","G4":"3","CJ":"3","7F":"3","73":"3","XJ":"3","V3":"3","9Q":"3","7H":"3","CW":"3","9W":"3","4F":"3","CC":"3","CF":"3","FF":"3","2M":"3","79":"3","48":"3","C9":"3","59":"3","2Q":"3","9F":"3","8J":"3","F2":"3","9G":"3","77":"3","8F":"3","GJ":"3","8C":"3","6C":"3","QW":"3","RW":"3","HF":"3","7W":"3","GF":"3","5R":"3","GH":"3","CV":"3","J2":"3","8W":"3","7P":"3","P2":"3","FC":"3","GM":"3","F8":"3","5Q":"3","89":"3"},"VC":{"3R":"3","PX":"3","33":"3","MF":"3","WM":"3","2J":"3","XP":"3","RJ":"3","PQ":"3","VJ":"3","XJ":"3","6R":"3","34":"3","CW":"3","CX":"3","XM":"3","9W":"3","2M":"3","V4":"3","2Q":"3","JX":"3","QM":"3","2X":"3","MC":"3","XW":"3","WJ":"3","PV":"3","QR":"3","PP":"3","PM":"3"},"X8":{"4G":"3","MM":"3","R7":"3","64":"3","99":"3","C9":"3","JH":"3","33":"3","C6":"3","2R":"3"},"PJ":{"FJ":"3","F7":"3","2J":"3","P2":"3","3H":"3"},"Q8":{"G8":"3","5J":"6","G7":"3","65":"3","VJ":"3","J4":"3","Q2":"3","4W":"3","73":"3","M5":"6","FC":"3"},"XG":{"CM":"3","HP":"3","8G":"3","6P":"3","V3":"3","94":"3","95":"3","X2":"3","64":"3","5X":"3","42":"3","MX":"3","P2":"3","C3":"3","Q2":"3","C5":"3","C4":"3","FQ":"3"},"RM":{"8C":"3","7V":"3","FP":"3"},"XM":{"6M":"3","WX":"3","CP":"3","87":"3","XP":"3","VX":"3","RX":"3","WM":"3","VW":"3","XX":"3"},"QM":{"GP":"3","HW":"3","J4":"3","9C":"3","HJ":"3","GQ":"3","GR":"3","JQ":"3","GV":"3","MP":"3","JP":"3","96":"3","FP":"3","9W":"3","8X":"3","FF":"3","HQ":"3","6W":"3","2X":"3","M4":"3","J5":"3","8F":"3","HR":"3","GJ":"3","Q3":"3","9X":"3","26":"3","GM":"3","C6":"3"},"MJ":{"QR":"3","G6":"3","9R":"3","PM":"3","QM":"3","5V":"3"},"PG":{"87":"3","VM":"3","R7":"3","89":"3","PF":"3","R2":"3","HC":"3","J5":"3","C9":"3","QJ":"3","GH":"3","F8":"3","35":"3","9F":"3","88":"6|3","33":"3","8C":"3","V8":"3","FH":"3","H4":"3","GF":"3","FC":"3","8H":"3","R5":"3","9C":"6"},"WM":{"CM":"3","3F":"3","XH":"3","33":"3","FJ":"3","FP":"3","WG":"3","GX":"3"},"JQ":{"Q7":"3","R8":"3","R7":"3","P4":"3"},"JM":{"HF":"3","GR":"3","88":"3","C5":"3","C3":"3","CG":"3"},"QJ":{"VC":"3","WF":"3","X6":"3","9X":"3","VR":"3","XC":"3","X5":"3","R8":"3","W4":"3","38":"3","WC":"3","XW":"3","V8":"3","P7":"3"},"PQ":{"35":"3","9W":"3","FP":"3","6W":"3","XW":"3"},"XJ":{"C9":"3","H8":"3","MH":"3","FG":"3","FH":"3","RG":"3"},"PH":{"FC":"3"},"X9":{"4G":"3","3R":"3","8X":"3","7X":"3","8G":"3","4R":"3","7V":"3","H8":"3","5P":"3","GQ":"3","4V":"3","PQ":"3","5V":"3","5R":"3","9P":"3"},"V9":{"7W":"3","8R":"3","V7":"3","M3":"3","8Q":"3","6X":"3","RW":"3","H7":"3","22":"3","R7":"3"},"VR":{"74":"3","84":"3"},"WJ":{"FJ":"3","59":"3","58":"3","46":"3","57":"3","4W":"3","56":"3","3J":"3"},"R7":{"8R":"3","GP":"3","JQ":"3","PW":"3","MP":"3","JP":"3","PQ":"3","XJ":"3","RP":"3","2M":"3","VM":"3","XH":"3","WJ":"3","CQ":"3","MQ":"3","3V":"3","CP":"3","9R":"3","4Q":"3"},"QH":{"WC":"3","H3":"3","GR":"3","88":"3","M2":"3","VF":"3","WF":"3","P6":"3","XJ":"3","WH":"3","PR":"3","V9":"3","VG":"3","H7":"3","WQ":"3","WG":"3","XG":"3","W5":"3","VW":"3","XF":"3","VC":"3","WJ":"3","82":"3","9H":"3","J6":"3","J8":"3","C5":"6","M6":"3","C6":"6"},"W6":{"MH":"3","JC":"3","8F":"3","WF":"3","FJ":"3","WV":"3","FF":"3","5P":"3","3Q":"3","5M":"3","9J":"3","6M":"3","2R":"3","CJ":"3","7Q":"3","XG":"3","6H":"3","7J":"3","FC":"3","9H":"3","4P":"3","4V":"3","5J":"3","4M":"3","HF":"3","7H":"3","WG":"3","4Q":"3","MC":"3","MF":"3","CH":"3","JF":"3","HC":"3","FH":"3","XF":"3","QF":"3"},"XH":{"45":"3","24":"3","67":"3","86":"3","34":"3","22":"3","VM":"3","R6":"3"},"WC":{"H2":"3","CX":"3","X6":"3","CF":"3","G2":"3","57":"3","PX":"3","FJ":"3","J2":"3","J5":"3","FF":"3","CV":"3","6G":"3","J3":"3","3Q":"3","3G":"3","62":"3","V3":"3","5Q":"3","V4":"3","H4":"3","7Q":"3","6H":"3","66":"3","XW":"3","GF":"3","FG":"3","FC":"3","56":"3","6F":"3","4P":"3","8G":"3","8Q":"3","7G":"3","2J":"3","FX":"3","58":"3","M6":"3","7H":"3","3C":"3","74":"3","4Q":"3","9G":"3","CC":"3","HX":"3","FH":"3","F2":"3","GC":"3","48":"3","J4":"3"},"JG":{"R9":"3","VC":"3","W6":"3","X6":"3","PR":"3","PM":"6|3","JX":"3","R8":"3","W4":"3","V8":"3","RF":"3","RG":"3","RC":"3","X7":"3"},"QR":{"73":"3","63":"3","72":"3","M5":"3","J4":"3","P6":"3"},"Q7":{"XV":"3","WJ":"3","WV":"3","WW":"3","9W":"3","WQ":"3","WM":"3","WP":"3","VQ":"3","FV":"3"},"WG":{"HM":"3","V2":"3","PP":"3","QC":"3","JG":"3","JC":"3","QP":"3","Q6":"3","P5":"3","HJ":"3","CV":"3","R3":"3","QF":"3","MF":"3","69":"3","F5":"3","MC":"3","PF":"3","F9":"3","G9":"3","QV":"3","R2":"3","P8":"3","46":"3","HC":"3","J5":"3","XJ":"3","74":"3","PC":"3","M9":"3","PJ":"3","QQ":"3","QG":"3","P9":"3","XG":"3","RC":"3","JM":"3"},"VH":{"C9":"3","JP":"3","VR":"3","2V":"3","9F":"3","FC":"3"},"V6":{"VX":"3","XW":"3"},"RH":{"HM":"3","4G":"3","MQ":"3","GP":"3","PR":"3","2J":"3","3H":"3","2H":"3","GM":"3","CH":"3","3J":"3","QW":"3","HP":"3"},"MQ":{"JX":"3","R7":"3"},"RC":{"7M":"3","25":"6|3","2J":"3","4G":"3","5J":"3","6P":"3","7H":"3","RP":"3","7J":"3","GW":"3","RQ":"3","76":"3","9H":"3","42":"3","6Q":"3","VP":"3","GF":"3","7P":"3","8W":"3","G5":"3","FG":"3","2H":"3"},"VJ":{"WJ":"3","7F":"3","CV":"3","5F":"3","38":"3","37":"3","7P":"3","XW":"3","8C":"3","HF":"3","9C":"3","9J":"3","X7":"3"},"V8":{"HQ":"3","X9":"3","Q2":"3","93":"3","75":"3"},"PM":{"R4":"3","HP":"3","73":"3","VJ":"3","FW":"3","FV":"3"},"MC":{"JG":"3","FV":"3","QM":"3","XJ":"3","FQ":"3","WH":"6","XH":"3","XG":"3"},"XP":{"V2":"3","28":"6","Q2":"3","P2":"3","W2":"3","69":"6|3","R2":"3","G4":"3","J3":"3","X2":"3"},"MF":{"8C":"3","4G":"3","C2":"3","7C":"3","3H":"3","2P":"3","6C":"3","FM":"3","GQ":"3","8F":"3","J2":"3","78":"3","5P":"3","6G":"3","7F":"3","9J":"3","JJ":"3","GG":"3","5C":"3","5F":"3","2M":"3","VX":"3","5Q":"3","CJ":"3","7P":"3","Q8":"3","6Q":"3","94":"3","5G":"3","5H":"3","HQ":"3","6H":"3","PG":"3","C3":"3","66":"3","8H":"3","7J":"3","77":"6|3","49":"3","3R":"3","56":"3","6F":"3","GM":"3","4P":"3","8Q":"3","8G":"3","7G":"3","65":"3","XX":"3","HM":"3","X9":"3","5J":"3","3J":"3","4J":"3","69":"3","2J":"3","4M":"3","FX":"3","58":"3","P4":"3","HF":"3","HJ":"3","JG":"3","5R":"3","7H":"3","4C":"3","88":"6|3","4F":"3","MF":"3","CC":"3","GP":"3","F2":"3","84":"3","8J":"3","4H":"3","48":"3","R5":"3"},"JF":{"XP":"3","XM":"3"},"WP":{"9V":"3","9X":"3","8X":"3","99":"3","8W":"3","X7":"3"},"JH":{"HM":"3","H3":"3","GV":"3","M3":"3","V6":"3","HJ":"3","HQ":"3","FR":"3","GQ":"3","M2":"3","H2":"3","H5":"3","JM":"3"},"XC":{"7G":"3","FH":"3","H4":"3","JF":"3","MF":"3","3J":"3","4V":"3","HG":"3","MG":"3","56":"3","J3":"3","36":"3","63":"3","6G":"3","6H":"3","4F":"3","8H":"3","F9":"3","65":"3","48":"3","JG":"3","64":"3","HC":"3","72":"3","GG":"3","CH":"3","9H":"3","45":"3","HF":"3","H5":"3","GF":"3","9R":"3","P2":"3","FC":"3","4C":"3","83":"3","2W":"3","5G":"3"},"Q9":{"V3":"3","RX":"3","W3":"3","V4":"3","PX":"3","W4":"3","Q5":"3","QX":"3"},"XF":{"67":"3","5X":"3","W6":"3","8F":"3","45":"3","JV":"3","3V":"3","V6":"3","89":"3","9G":"3","WQ":"3","CG":"3","36":"3","44":"3","G6":"3","X5":"3","46":"3","78":"3","PQ":"3","4X":"3","MR":"3","9F":"3","23":"3","XW":"3","8C":"3","57":"3","PH":"3","8V":"3","24":"3","P6":"3"},"QF":{"6V":"3","M3":"3","JG":"3","6P":"3","5G":"3","VR":"3","Q2":"3","69":"3","49":"3","36":"3","92":"3","44":"3","4C":"3","85":"3","8P":"3","XW":"3","82":"3","4P":"3","32":"3","3C":"3","6F":"3"},"RR":{"7G":"3","8J":"3","QF":"3","5F":"3","QJ":"3","CH":"3","QG":"3","8H":"3"},"RJ":{"X6":"3","5P":"3","QH":"3","4V":"3","2W":"3","6H":"3","X5":"3","3H":"3"},"PF":{"87":"3","62":"3","WX":"3","F2":"3","X9":"3","V7":"3","X3":"3","V4":"3","PX":"3","Q3":"3","P3":"3","2F":"3","MR":"3","F8":"3","6C":"3","H2":"3","XH":"3","73":"3","42":"3","XG":"3","GF":"3","X7":"3"},"W8":{"R2":"3","34":"3","R7":"3"},"MR":{"75":"3","M3":"3","J4":"3","63":"3","M4":"3","95":"3","94":"3","74":"3","53":"3","X2":"3"},"VG":{"54":"3","22":"3","C3":"3","65":"3"},"RF":{"8R":"3","HW":"3","8Q":"3","52":"3","HP":"3","JM":"3","6J":"3","7Q":"3","FM":"3","6G":"3","6H":"3","FR":"3","65":"3","8X":"3","H7":"3","H9":"3","93":"3","87":"3","J9":"3","76":"3","82":"3","RF":"3","GH":"3","MM":"3","9R":"3","VR":"3","7P":"3","PF":"3"}},"G8":{"4X":{"HG":"3","JG":"3"},"XP":{"4Q":"3","5M":"3","4P":"3","FP":"3"},"WQ":{"H8":"3"},"HX":{"W2":"3"},"WP":{"RQ":"3","QW":"3","8W":"3"},"3R":{"9M":"3"},"XF":{"W7":"3"},"3W":{"CF":"3","9F":"3","HG":"3","CG":"3"},"XM":{"9M":"3","Q5":"3"}},"G6":{"5F":{"9X":"3","CX":"3"},"XQ":{"CF":"3","9H":"3","JF":"3"},"VR":{"52":"3","42":"3","46":"3","57":"3"},"RR":{"X3":"3"},"VH":{"C5":"3"},"VQ":{"7W":"3","5R":"3","4X":"3","6X":"3","5X":"3","4Q":"3","3V":"3","5W":"3","7X":"3","6R":"3","6W":"3","3R":"3","6Q":"3","5Q":"3"},"5G":{"93":"3","92":"3"},"7G":{"WV":"3","WW":"3","XX":"3"}},"HC":{"79":{"8W":"3"},"3F":{"4J":"3","37":"3"},"36":{"3F":"3","49":"3","4C":"3","3C":"3","2J":"3","3H":"3","3J":"3"},"44":{"4R":"3"},"3G":{"G8":"3","H8":"3","3V":"3"},"4C":{"6P":"3","5J":"3","6H":"3","6J":"3","4M":"3"},"Q7":{"H9":"3"},"6C":{"2G":"3","2H":"3","W2":"3","3H":"3"},"5C":{"VH":"3"},"3C":{"87":"3","79":"3","G8":"3","67":"3","27":"3","F7":"3","36":"3","G9":"3","C8":"3","77":"3","39":"3","46":"3","F8":"3","37":"3","35":"3","PC":"3","7C":"3","25":"3","H5":"3","26":"3"},"2C":{"V9":"3","X9":"3","VC":"3","W7":"3","X7":"3","R9":"3","7M":"3","X8":"3","RC":"3","W8":"3"},"26":{"XF":"3"}},"J6":{"2Q":{"QP":"3","PP":"3"}},"J9":{"3C":{"48":"3"}},"99":{"5R":{"HH":"3","FQ":"3","MH":"3","J8":"3","4M":"3","GP":"3","PH":"3"},"JR":{"VR":"3","FR":"3"},"VX":{"7X":"3"},"QX":{"MR":"3"}},"P9":{"XV":{"HR":"3"},"CJ":{"M9":"3","MC":"6","FG":"3","J9":"3"},"2M":{"43":"3"},"2J":{"VM":"3"},"CH":{"GX":"3"}},"75":{"8W":{"9V":"3","5V":"3"},"WM":{"CF":"3","FG":"3"},"XM":{"3G":"3"}},"Q9":{"RV":{"WQ":"3","H3":"3","V7":"3","G9":"3","33":"3","44":"3","R9":"3","C4":"3","C8":"3","62":"3","QF":"3","C5":"3","GF":"3","VV":"3","XC":"3","J3":"3","WV":"3","F2":"3","V6":"3","M5":"3","WJ":"3","WC":"3","RW":"3","52":"3","P7":"3","G4":"3","M8":"3","35":"3","F8":"3","C9":"3","73":"3","P8":"3","RX":"3","M4":"3","F6":"3","M9":"3","X5":"3","H7":"3","R6":"3","XW":"3","X9":"3","Q8":"3","WW":"3","H4":"3","32":"3","H9":"3","MG":"3","JF":"3","F5":"3","74":"3","83":"3","WF":"3","F7":"3","JC":"3","X8":"3","XM":"3","G2":"3","WP":"3","25":"3","W6":"3","G8":"3","54":"3","V8":"3","VQ":"3","XQ":"3","J2":"3","93":"3","G6":"3","W8":"3","HC":"3","J6":"3","XJ":"3","J9":"3","F3":"3","H2":"3","P9":"3","55":"3","75":"3","24":"3","43":"3","XH":"3","Q9":"3","VF":"3","C3":"3","53":"3","R8":"3","FC":"3","Q6":"3","WX":"3","W7":"3","86":"3","P6":"3","63":"3","H8":"3","J7":"3","R5":"3","97":"3","WH":"3","XR":"3","H5":"3","34":"3","92":"3","MF":"3","42":"3","23":"3","QC":"3","82":"3","H6":"3","94":"3","F4":"3","P4":"3","22":"3","W5":"3","HF":"3","V5":"3","J5":"3","RF":"3","VC":"3","W9":"3","XP":"3","C2":"3","C7":"3","WR":"3","72":"3","Q7":"3","X6":"3","65":"3","VW":"3","XV":"3","G3":"3","RV":"3","Q5":"3","V9":"3","GC":"3","G5":"3","J4":"3","VX":"3","RR":"3","64":"3","96":"3","M3":"3","C6":"3","VR":"3","J8":"3","M7":"3","F9":"3","PC":"3","RC":"3","95":"3","XG":"3","PF":"3","MC":"3","R7":"3","85":"3","P5":"3","X7":"3","M6":"3","JG":"3","G7":"3","XX":"3","84":"3"},"PX":{"G8":"3","J7":"3"},"QV":{"P9":"3","WH":"3","PP":"3","MH":"3","PC":"3","R4":"3","QP":"3","V7":"3","QW":"3","X6":"3","PR":"3","X2":"3","RQ":"3","W2":"3","MW":"3","QQ":"3","W9":"3","R6":"3","QC":"3","V5":"3","MP":"3","QG":"3","RP":"3","VQ":"3","VM":"3","JP":"3","MM":"3","R8":"3","R9":"3","W3":"3","W7":"3","X4":"3","RG":"3","VP":"3","MG":"3","V3":"3","QV":"3","PV":"3","VF":"3","VC":"3","V4":"3","PJ":"3","V2":"3","RV":"3","Q8":"3","WQ":"3","RM":"3","X3":"3","QM":"3","MJ":"3","PG":"3","JQ":"3","WM":"3","JR":"3","X5":"3","JM":"3","QJ":"3","MV":"3","PQ":"3","W4":"3","PH":"3","V9":"3","VR":"3","WJ":"3","R7":"3","QH":"3","W6":"3","QR":"3","Q7":"3","VH":"3","V6":"3","RH":"3","MQ":"3","RC":"3","JW":"3","PM":"3","VJ":"3","V8":"3","JV":"3","MF":"3","PW":"3","WP":"3","Q9":"3","QF":"3","RR":"3","PF":"3","RJ":"3","W5":"3","W8":"3","R5":"3","MR":"3","RF":"3","VG":"3"},"RX":{"8P":"3"},"WM":{"3R":"3","3J":"3","4V":"3","2J":"3","3Q":"3","4M":"3","6P":"3","4W":"3","6R":"3","3M":"3","3X":"3","2R":"3","4R":"3","7X":"3","3P":"3","5P":"3","8X":"3","2M":"3","6W":"3","5W":"3","2Q":"3","5M":"3","4J":"3","2X":"3","5V":"3","7V":"3","3W":"3","6X":"3","XX":"3","3V":"3","5X":"3","2V":"3","6Q":"3","4X":"3","7W":"3","5R":"3","6V":"3","4Q":"3","2W":"3","5Q":"3","2P":"3","4P":"3"},"9P":{"6W":"3"},"XP":{"H3":"3","V7":"3","33":"3","44":"3","R2":"3","C4":"3","62":"3","V3":"3","J3":"3","F2":"3","29":"3","V6":"3","M5":"3","52":"3","P7":"3","G4":"3","Q4":"3","35":"3","73":"3","P2":"3","47":"3","M4":"3","R4":"3","X5":"3","R6":"3","X9":"3","H4":"3","32":"3","F5":"3","74":"3","83":"3","X8":"3","45":"3","G2":"3","25":"3","W6":"3","Q3":"3","37":"3","54":"3","V8":"3","J2":"3","M2":"3","93":"3","G6":"3","W8":"3","J6":"3","F3":"3","H2":"3","55":"3","27":"3","46":"3","75":"3","24":"3","43":"3","W4":"3","C3":"3","53":"3","R8":"3","Q6":"3","W7":"3","P6":"3","63":"3","J7":"3","R5":"3","H5":"3","34":"3","92":"3","42":"3","23":"3","82":"3","H6":"3","26":"3","F4":"3","P4":"3","22":"3","W5":"3","V5":"3","J5":"3","W3":"3","Q2":"3","C2":"3","72":"3","Q7":"3","X6":"3","28":"3","P3":"3","65":"3","38":"3","G3":"3","W2":"3","Q5":"3","G5":"3","J4":"3","36":"3","64":"3","M3":"3","M7":"3","56":"3","R3":"3","V4":"3","X2":"3","V2":"3","R7":"3","P5":"3","X7":"3","M6":"3","X3":"3","X4":"3","84":"3"},"JP":{"W7":"3","R6":"3"},"CJ":{"F4":"3","H3":"3","62":"3","G3":"3","F3":"3","G2":"3","52":"3","F2":"3","J4":"3","63":"3","W5":"3","M4":"3","92":"3","83":"3","C3":"3","C4":"3","G4":"3","C2":"3","H2":"3","53":"3","J3":"3","82":"3","93":"3","72":"3","73":"3","H4":"3"},"QX":{"2C":"3"},"XM":{"HP":"3","CV":"3","FP":"3","2X":"3","RQ":"3","3V":"3","9P":"3","7V":"3","8W":"3","VV":"3","9Q":"3","FW":"3","9W":"3","WV":"3","FV":"3","JX":"3","GP":"3","GM":"3","4X":"3","QX":"3","RW":"3","7W":"3","FQ":"3","JR":"3","GW":"3","FR":"3","JW":"3","9V":"3","RX":"3","6Q":"3","PP":"3","PV":"3","XW":"3","4W":"3","HV":"3","7R":"3","MR":"3","MV":"3","8R":"3","CR":"3","HX":"3","WW":"3","QR":"3","9X":"3","JV":"3","5W":"3","CQ":"3","5X":"3","5Q":"3","QW":"3","QQ":"3","PQ":"3","VQ":"3","HJ":"3","GJ":"3","8V":"3","HR":"3","JQ":"3","PR":"3","6V":"3","JJ":"3","9R":"3","GR":"3","WX":"3","FX":"3","PX":"3","HW":"3","XR":"3","GX":"3","QV":"3","MQ":"3","2W":"3","MM":"3","JP":"3","QP":"3","HM":"3","WR":"3","MX":"3","6X":"3","CW":"3","VW":"3","5V":"3","XV":"3","7X":"3","FM":"3","3W":"3","4V":"3","RV":"3","GV":"3","MP":"3","VX":"3","5R":"3","RR":"3","6W":"3","VR":"3","PW":"3","CX":"3","GQ":"3","3X":"3","7Q":"3","CP":"3","8X":"3","PM":"3","MJ":"3","6R":"3","8Q":"3","4R":"3","HQ":"3","JM":"3","XX":"3","MW":"3"},"RP":{"M3":"3","H2":"3","8C":"3","G5":"3","P9":"3","CQ":"3","H8":"3","C2":"3","Q6":"3","JC":"3","R4":"3","V7":"3","X6":"3","H9":"3","CF":"3","Q5":"3","CP":"3","FM":"3","X2":"3","G2":"3","8F":"3","C5":"3","W2":"3","FJ":"3","J2":"3","Q2":"3","R6":"3","J5":"3","P6":"3","FF":"3","V5":"3","J3":"3","F5":"3","P2":"3","G7":"3","P8":"3","J9":"3","R2":"3","9J":"3","R8":"3","GG":"3","W3":"3","J7":"3","W7":"3","X4":"3","V3":"3","P3":"3","J6":"3","F4":"3","V4":"3","CJ":"3","R3":"3","H4":"3","M5":"3","96":"3","V2":"3","Q8":"3","94":"3","G6":"3","X3":"3","8P":"3","9P":"3","CM":"3","M9":"3","H5":"3","C3":"3","8H":"3","9C":"3","GF":"3","Q3":"3","F3":"3","H7":"3","FG":"3","FC":"3","GH":"3","F8":"3","C8":"3","H6":"3","X5":"3","J8":"3","97":"3","8M":"3","G8":"3","9F":"3","9H":"3","8G":"3","W4":"3","98":"3","G3":"3","99":"3","HG":"3","95":"3","G4":"3","G9":"3","F7":"3","R7":"3","F9":"3","C6":"3","C4":"3","P4":"3","W6":"3","HF":"3","M6":"3","H3":"3","Q7":"3","89":"3","88":"3","P5":"3","M4":"3","C9":"3","9Q":"3","V6":"3","M8":"3","9G":"3","MC":"3","Q4":"3","CH":"3","JF":"3","M7":"3","CC":"3","HC":"3","9M":"3","M2":"3","C7":"3","F6":"3","Q9":"3","FH":"3","F2":"3","8J":"3","P7":"3","GC":"3","W5":"3","J4":"3","R5":"3","CG":"3"},"JJ":{"QG":"3","QJ":"3","WM":"3","MG":"3","RJ":"3","VJ":"3","RH":"3","XJ":"3","WH":"3","PJ":"3","JJ":"3","MJ":"3","PH":"3","VG":"3","PG":"3","VH":"3","VM":"3","MH":"3","WG":"3","RG":"3","WJ":"3","QH":"3","MM":"3","RM":"3","PM":"3"},"WP":{"6C":"3","VG":"3","HP":"3","FH":"3","FJ":"3","CV":"3","V7":"3","CG":"3","G9":"3","33":"3","44":"3","FP":"3","48":"3","R9":"3","4P":"3","2X":"3","C8":"3","62":"3","88":"3","QF":"3","3V":"3","WG":"3","C5":"3","9P":"3","7F":"3","7V":"3","8G":"3","GF":"3","8W":"3","4H":"3","2F":"3","9Q":"3","XC":"3","FW":"3","9W":"3","58":"3","29":"3","FV":"3","2J":"3","V6":"3","FF":"3","RJ":"3","GP":"3","GM":"3","PG":"3","8P":"3","4X":"3","WC":"3","2R":"3","5P":"3","3R":"3","52":"3","P7":"3","7W":"3","7C":"3","FQ":"3","VJ":"3","4Q":"3","M8":"3","35":"3","9J":"3","QG":"3","JR":"3","F8":"3","GW":"3","MH":"3","C9":"3","FR":"3","73":"3","JH":"3","P8":"3","3J":"3","7M":"3","9V":"3","57":"3","PH":"3","2M":"3","6Q":"3","47":"3","F6":"3","PP":"3","M9":"3","79":"3","X5":"3","6P":"3","R6":"3","4W":"3","HV":"3","7R":"3","X9":"3","8J":"3","Q8":"3","8R":"3","CR":"3","2Q":"3","GG":"3","2G":"3","7J":"3","QJ":"3","7H":"3","5F":"3","32":"3","3M":"3","H9":"3","MG":"3","JF":"3","77":"3","69":"3","74":"3","83":"3","WF":"3","9X":"3","68":"3","JC":"3","F7":"3","X8":"3","CQ":"3","5W":"3","45":"3","25":"3","5X":"3","W6":"3","5Q":"3","G8":"3","37":"3","CJ":"3","54":"3","5J":"3","V8":"3","93":"3","8C":"3","HJ":"3","GJ":"3","6G":"3","87":"3","W8":"3","8V":"3","HC":"3","J9":"3","HR":"3","4M":"3","JQ":"3","99":"3","P9":"3","55":"3","27":"3","3F":"3","6V":"3","8M":"3","QM":"3","7P":"3","JJ":"3","46":"3","75":"3","24":"3","9R":"3","43":"3","W4":"3","3C":"3","GR":"3","Q9":"3","VF":"3","67":"3","HH":"3","53":"3","RH":"3","R8":"3","49":"3","FC":"3","Q6":"3","3P":"3","W7":"3","5M":"3","86":"3","P6":"3","98":"3","63":"3","FX":"3","9M":"3","R5":"3","9G":"3","8H":"3","97":"3","WH":"3","34":"3","MF":"3","42":"3","23":"3","GX":"3","CC":"3","CH":"3","MQ":"3","2W":"3","8F":"3","QC":"3","9H":"3","82":"3","6F":"3","3H":"3","94":"3","26":"3","MM":"3","4G":"3","9C":"3","22":"3","W5":"3","JP":"3","HF":"3","V5":"3","RF":"3","2P":"3","VC":"3","39":"3","W9":"3","7G":"3","2H":"3","HM":"3","W3":"3","C7":"3","72":"3","Q7":"3","89":"3","4F":"3","2V":"3","X6":"3","6X":"3","CW":"3","28":"3","QH":"3","65":"3","38":"3","5V":"3","FM":"3","7X":"3","3W":"3","4C":"3","4V":"3","2C":"3","GV":"3","Q5":"3","V9":"3","MP":"3","GC":"3","3Q":"3","36":"3","5R":"3","6M":"3","64":"3","RG":"3","VH":"3","76":"3","CF":"3","6W":"3","96":"3","C6":"3","J8":"3","M7":"3","9F":"3","CX":"3","78":"3","4J":"3","56":"3","5G":"3","CM":"3","GQ":"3","F9":"3","V4":"3","3X":"3","PC":"3","RC":"3","PJ":"3","GH":"3","HG":"3","6H":"3","FG":"3","7Q":"3","5H":"3","5C":"3","CP":"3","95":"3","8X":"3","PM":"3","X2":"3","PF":"3","MJ":"3","MC":"3","6R":"3","66":"3","8Q":"3","3G":"3","4R":"3","R7":"3","85":"3","59":"3","X7":"3","JG":"3","HQ":"3","RM":"3","JM":"3","X3":"3","X4":"3","6J":"3","84":"3"},"XQ":{"VG":"3","XF":"3","WJ":"3","MJ":"3","VC":"3","HM":"3","QH":"3","WF":"3","PG":"3","MG":"3","JF":"3","VJ":"3","JG":"3","MM":"3","RM":"3","HJ":"3","MF":"3","HH":"3","QM":"3","XC":"3","RH":"3","PM":"3","RJ":"3","VH":"3","CQ":"3","JJ":"3","MH":"3","QJ":"3","VF":"3","JH":"3","WC":"3","XH":"3","WH":"3","PJ":"3","PH":"3","HG":"3","XG":"3","WG":"3","RG":"3","JP":"3","JM":"3"},"VM":{"QR":"3","8V":"3","HV":"3","6X":"3","FV":"3","JM":"3","JV":"3","RW":"3","JW":"3","MJ":"3","XV":"3","QW":"3","CP":"3","5C":"3","3Q":"3","3M":"3","QM":"3","WR":"3","XW":"3","FX":"3","RX":"3","4Q":"3","VR":"3","HX":"3","6Q":"3","MQ":"3","4X":"3","FW":"3","7M":"3","7R":"3","GM":"3","9X":"3","GJ":"3","HM":"3","8R":"3","WW":"3","XM":"3","4V":"3","VJ":"3","9R":"3","2P":"3","4M":"3","JX":"3","8M":"3","PQ":"3","CR":"3","2F":"3","7H":"3","3H":"3","VX":"3","JP":"3","6W":"3","7W":"3","HW":"3","2G":"3","3P":"3","3V":"3","5P":"3","PM":"3","6V":"3","FQ":"3","4R":"3","8P":"3","8X":"3","PR":"3","QV":"3","CV":"3","CM":"3","MP":"3","VW":"3","CW":"3","FJ":"3","RJ":"3","3R":"3","RM":"3","9Q":"3","3C":"3","WX":"3","5G":"3","5X":"3","7V":"3","9P":"3","2Q":"3","5H":"3","QJ":"3","7P":"3","5R":"3","4W":"3","GQ":"3","5Q":"3","HP":"3","RP":"3","9V":"3","2V":"3","JJ":"3","PP":"3","4J":"3","3W":"3","9W":"3","5V":"3","5J":"3","XR":"3","39":"3","9M":"3","49":"3","QX":"3","XJ":"3","MV":"3","RR":"3","GW":"3","7Q":"3","HJ":"3","2M":"3","JR":"3","8W":"3","PX":"3","RQ":"3","6P":"3","6M":"3","4C":"3","6F":"3","2R":"3","VM":"3","MW":"3","7J":"3","6H":"3","5F":"3","XP":"3","3J":"3","6R":"3","9J":"3","6G":"3","5W":"3","2H":"3","WJ":"3","WM":"3","MM":"3","4G":"3","2C":"3","4F":"3","MX":"3","4P":"3","VQ":"3","MR":"3","2J":"3","XX":"3","FP":"3","GR":"3","VV":"3","2X":"3","3G":"3","WP":"3","PW":"3","6J":"3","7X":"3","WQ":"3","FM":"3","JQ":"3","GP":"3","WV":"3","CQ":"3","5M":"3","3F":"3","QQ":"3","VP":"3","CX":"3","RV":"3","HR":"3","4H":"3","GX":"3","8J":"3","HQ":"3","XQ":"3","8Q":"3","29":"3","CJ":"3","GV":"3","PV":"3","QP":"3","FR":"3","3X":"3","2W":"3","PJ":"3"},"WV":{"2R":"3"},"WQ":{"53":"3","52":"3","43":"3","33":"3","62":"3","63":"3","73":"3","85":"3","44":"3","75":"3","34":"3","94":"3","65":"3","54":"3","93":"3","F2":"3","64":"3","72":"3","74":"3","C2":"3","92":"3","82":"3","42":"3","45":"3","35":"3","C3":"3","55":"3","83":"3","32":"3","84":"3"},"VW":{"M2":"3"},"3W":{"FW":"3"},"CH":{"4G":"3","CX":"3","9W":"3","6P":"3","CF":"3","8R":"3","7W":"3","8F":"3","FF":"3","CW":"3","5P":"3","CV":"3","8V":"3","6G":"3","5M":"3","7F":"3","9V":"3","6M":"3","5F":"3","6X":"3","9R":"3","5Q":"3","8X":"3","7P":"3","7Q":"3","6Q":"3","5G":"3","5H":"3","6H":"3","8P":"3","9P":"3","7J":"3","6F":"3","8M":"3","9F":"3","9X":"3","8G":"3","8Q":"3","7G":"3","5J":"3","4J":"3","4M":"3","7H":"3","6R":"3","7V":"3","9Q":"3","7X":"3","3F":"3","7R":"3","9G":"3","CR":"3","4F":"3","6J":"3","6V":"3","8J":"3","4H":"3","7M":"3","8W":"3","CG":"3"},"QW":{"6Q":"3"},"PV":{"PF":"3"},"MQ":{"J2":"3"},"RW":{"R4":"3","V3":"3","R2":"3","W2":"3","2V":"3","V2":"3","R3":"3","R5":"3","V4":"3"},"QR":{"WX":"3","XV":"3","XR":"3","WW":"3","XW":"3","XX":"3"},"RR":{"CQ":"3","CX":"3","GR":"3","9W":"3","4X":"3","6P":"3","HW":"3","HV":"3","8R":"3","5V":"3","CP":"3","FM":"3","GQ":"3","7W":"3","8F":"3","FJ":"3","CW":"3","5P":"3","CV":"3","8V":"3","3Q":"3","5M":"3","7F":"3","9V":"3","9J":"3","3V":"3","2Q":"3","6M":"3","6X":"3","2X":"3","9R":"3","5Q":"3","2R":"3","CJ":"3","8X":"3","4W":"3","2V":"3","FW":"3","7P":"3","7Q":"3","6Q":"3","FQ":"3","6H":"3","8P":"3","CM":"3","9P":"3","8H":"3","6W":"3","7J":"3","3R":"3","FV":"3","3X":"3","8M":"3","2W":"3","GM":"3","9H":"3","4P":"3","9X":"3","8Q":"3","8G":"3","7G":"3","4R":"3","4V":"3","5J":"3","GX":"3","4M":"3","FX":"3","FP":"3","FR":"3","5X":"3","5R":"3","7H":"3","6R":"3","9Q":"3","7V":"3","7X":"3","4Q":"3","7R":"3","5W":"3","9G":"3","CR":"3","CH":"3","6J":"3","9M":"3","6V":"3","3W":"3","HX":"3","GV":"3","GW":"3","GP":"3","8J":"3","7M":"3","8W":"3"},"MX":{"RQ":"3","7X":"3"},"4X":{"7W":"3","8W":"3","FM":"3","3M":"3","9R":"3","5P":"3","2J":"3","6R":"3","CP":"3","CQ":"3","2H":"3","FQ":"3","9P":"3","4P":"3","9V":"3"},"VP":{"VG":"3","H3":"3","V7":"3","33":"3","44":"3","R9":"3","R2":"3","C4":"3","62":"3","QF":"3","V3":"3","WG":"3","XC":"3","J3":"3","F2":"3","V6":"3","PG":"3","M5":"3","WC":"3","52":"3","P7":"3","G4":"3","Q4":"3","M8":"3","35":"3","QG":"3","MH":"3","73":"3","JH":"3","P2":"3","P8":"3","PH":"3","M4":"3","R4":"3","M9":"3","X5":"3","H7":"3","R6":"3","X9":"3","Q8":"3","XF":"3","H4":"3","32":"3","H9":"3","MG":"3","JF":"3","F5":"3","74":"3","83":"3","WF":"3","JC":"3","XM":"3","X8":"3","45":"3","G2":"3","25":"3","W6":"3","Q3":"3","54":"3","V8":"3","J2":"3","M2":"3","93":"3","G6":"3","W8":"3","HC":"3","J6":"3","XJ":"3","J9":"3","F3":"3","H2":"3","P9":"3","24":"3","43":"3","W4":"3","XH":"3","Q9":"3","VF":"3","HH":"3","C3":"3","53":"3","R8":"3","Q6":"3","W7":"3","P6":"3","63":"3","H8":"3","J7":"3","R5":"3","WH":"3","XR":"3","H5":"3","34":"3","92":"3","MF":"3","42":"3","23":"3","QC":"3","82":"3","H6":"3","94":"3","F4":"3","P4":"3","22":"3","W5":"3","HF":"3","V5":"3","J5":"3","RF":"3","VC":"3","W9":"3","W3":"3","Q2":"3","C2":"3","72":"3","Q7":"3","X6":"3","P3":"3","XV":"3","G3":"3","W2":"3","Q5":"3","V9":"3","G5":"3","J4":"3","64":"3","RG":"3","VH":"3","M3":"3","J8":"3","M7":"3","R3":"3","V4":"3","PC":"3","RC":"3","HG":"3","PF":"3","XG":"3","X2":"3","MC":"3","V2":"3","R7":"3","P5":"3","X7":"3","JG":"3","M6":"3","G7":"3","X3":"3","X4":"3","84":"3"},"JW":{"88":"3","FH":"3"},"VX":{"G6":"3","H6":"3","93":"3","CQ":"3"},"RM":{"WH":"3","PP":"3","CX":"3","GR":"3","WR":"3","QP":"3","HW":"3","HV":"3","QW":"3","PR":"3","PX":"3","RQ":"3","JX":"3","WF":"3","MW":"3","QQ":"3","W9":"3","WV":"3","HR":"3","QX":"3","QG":"3","MP":"3","RP":"3","RW":"3","VQ":"3","VM":"3","JP":"3","MM":"3","R9":"3","RG":"3","VP":"3","VV":"3","XR":"3","QV":"3","PV":"3","VF":"3","VX":"3","VC":"3","FW":"3","PJ":"3","WW":"3","RV":"3","XG":"3","WQ":"3","RM":"3","XM":"3","QM":"3","HQ":"3","XQ":"3","XW":"3","WM":"3","JQ":"3","JR":"3","QJ":"3","FV":"3","MV":"3","PQ":"3","XJ":"3","MX":"3","XX":"3","WX":"3","X9":"3","V9":"3","VR":"3","GX":"3","WJ":"3","FX":"3","QH":"3","XH":"3","WC":"3","RX":"3","QR":"3","WG":"3","VH":"3","RH":"3","MQ":"3","RC":"3","JW":"3","PM":"3","VJ":"3","XV":"3","JV":"3","VW":"3","XP":"3","PW":"3","WP":"3","HX":"3","GV":"3","GW":"3","XC":"3","XF":"3","QF":"3","RR":"3","RJ":"3","MR":"3","RF":"3","VG":"3"},"26":{"5H":"3"},"VV":{"46":"3","P6":"3","G8":"3","P7":"3","V8":"3","Q7":"3","59":"3","47":"3","V6":"3","CC":"3","R6":"3","CG":"3","FC":"3","R8":"3","GF":"3","5C":"3","3Q":"3","99":"3","3M":"3","7F":"3","M7":"3","C9":"3","J8":"3","P8":"3","6C":"3","JC":"3","PC":"3","Q9":"3","4Q":"3","G9":"3","6Q":"3","H7":"3","7M":"3","77":"3","MC":"3","8C":"3","GC":"3","4V":"3","2P":"3","4M":"3","R9":"3","8M":"3","2F":"3","35":"3","7H":"3","3H":"3","FF":"3","57":"3","8F":"3","R7":"3","2G":"3","V7":"3","9C":"3","3P":"3","79":"3","3V":"3","5P":"3","4R":"3","HF":"3","HC":"3","8P":"3","J9":"3","CM":"3","HG":"3","H8":"3","56":"3","Q8":"3","3R":"3","27":"3","H9":"3","67":"3","3C":"3","7G":"3","48":"3","78":"3","5G":"3","8H":"3","Q6":"3","F8":"3","P9":"3","2Q":"3","5H":"3","7P":"3","5R":"3","4W":"3","58":"3","5Q":"3","2V":"3","J7":"3","4J":"3","M9":"3","C8":"3","5V":"3","5J":"3","69":"3","M6":"3","38":"3","39":"3","9M":"3","49":"3","88":"3","CF":"3","9F":"3","F9":"3","JF":"3","2M":"3","89":"3","6P":"3","6M":"3","2R":"3","FH":"3","G7":"3","7J":"3","M8":"3","GG":"3","FG":"3","3J":"3","6R":"3","9J":"3","37":"3","6G":"3","5W":"3","2H":"3","4G":"3","26":"3","98":"3","2C":"3","4F":"3","4P":"3","2J":"3","2X":"3","3G":"3","68":"3","6J":"3","9H":"3","25":"3","3F":"3","7C":"3","4H":"3","8J":"3","29":"3","8G":"3","28":"3","CJ":"3","36":"3","9G":"3","2W":"3","CH":"3"}},"VF":{"V8":{"HW":"3","4V":"3","9V":"3","GV":"3","4W":"3","6R":"3","CW":"3","CX":"3","3X":"3","FX":"3","9W":"3","7X":"3","4R":"3","FV":"3","8X":"3","GW":"3","6W":"3","5W":"3","GX":"3","JX":"3","2X":"3","5V":"3","HX":"3","7V":"3","3W":"3","FW":"3","6X":"3","3V":"3","5X":"3","9X":"3","MX":"3","2V":"3","4X":"3","HV":"3","7W":"3","5R":"3","CV":"3","8W":"3","JW":"3","6V":"3","2W":"3","8V":"3"},"J4":{"VC":"3"},"25":{"Q2":"3"},"P8":{"42":"3","HX":"3","65":"3"},"JF":{"M6":"3"},"33":{"GP":"3"},"JC":{"66":"3","76":"3","85":"3","C3":"3","65":"3","75":"3"},"R2":{"3R":"3","3G":"3","3J":"3","2J":"3","2G":"3","4G":"3","3Q":"3","4H":"3","4M":"3","3M":"3","2R":"3","3P":"3","2M":"3","2Q":"3","3H":"3","4J":"3","2P":"3","4P":"3","2H":"3"},"G6":{"33":"3","23":"3","95":"3"},"6R":{"58":"3"},"F5":{"7F":"3","JG":"3","8G":"3","9G":"3","PM":"3","HC":"3","C9":"3","GC":"3","9F":"3","HF":"3","FG":"3","CC":"3","FC":"3","GG":"3"},"34":{"3F":"3","5C":"3","79":"3","58":"3","6C":"3"},"67":{"V5":"3"},"V9":{"H2":"3","29":"3","C2":"3","64":"3","63":"3","G2":"3","54":"3","57":"3","C5":"3","83":"3","22":"3","52":"3","78":"3","93":"3","92":"3","82":"3","34":"3","39":"3","85":"3","38":"3","62":"3","67":"3","59":"3","28":"3","55":"3","25":"3","96":"3","33":"3","53":"3","26":"3","94":"3","2F":"3","43":"3","32":"3","C3":"3","66":"3","42":"3","77":"3","49":"3","23":"3","35":"3","56":"3","97":"3","45":"3","72":"3","73":"3","24":"3","65":"3","95":"3","69":"3","36":"3","47":"3","C6":"3","C4":"3","58":"3","68":"3","37":"3","76":"3","2C":"3","3C":"3","46":"3","44":"3","27":"3","C7":"3","84":"3","F2":"3","48":"3"},"M8":{"MQ":"3","FP":"3","HQ":"3","GP":"3","MP":"3","JQ":"3","GQ":"3","PQ":"3","FQ":"3","QQ":"3","JP":"3","HP":"3"},"R8":{"WX":"3","XV":"3","WW":"3","6W":"3","XW":"3","XX":"3"},"H9":{"75":"3"},"C9":{"3R":"3"},"P9":{"G3":"3","FR":"3","4W":"3","FV":"3","HV":"3"},"9F":{"7V":"3","4P":"3","6H":"3","6G":"3","3Q":"3","6V":"3","R5":"3"},"8J":{"G8":"3","G7":"3","H7":"3","J7":"3","J6":"3","CG":"3","G9":"3","FF":"3","CJ":"3","H9":"3","H8":"3","M7":"3","HC":"3","CP":"3","CM":"3","M6":"3","GC":"3","CH":"3","9P":"3","9M":"3","FJ":"3","H6":"3","FH":"3","FG":"3","GF":"3","FC":"3","P6":"3","GG":"3"},"W5":{"W2":"3"},"Q5":{"G3":"3"},"GG":{"X7":"3"},"F6":{"X2":"3"},"76":{"4M":"3"},"P7":{"8R":"3","8Q":"3","GR":"3","4V":"3","JV":"3","JQ":"3","9V":"3","GV":"3","7Q":"3","6R":"3","FR":"3","4R":"3","9W":"3","FV":"3","6W":"3","JR":"3","2X":"3","5V":"3","7V":"3","HR":"3","CR":"3","MX":"3","HV":"3","CP":"3","CV":"3","9R":"3","JW":"3","6V":"3","7R":"3","8V":"3","5Q":"3"},"24":{"R9":"3","JQ":"3","VH":"3","PV":"3","WH":"3","XH":"3","V8":"3","WG":"3","JP":"3","HP":"3","QX":"3","JM":"3"},"5R":{"GW":"3"},"J8":{"84":"3"},"R9":{"6C":"3","FH":"3","FJ":"3","CG":"3","G9":"3","FP":"3","48":"3","R9":"3","4P":"3","C4":"3","C8":"3","88":"3","QF":"3","3V":"3","V3":"3","C5":"3","9P":"3","7F":"3","8G":"3","GF":"3","4H":"3","2F":"3","XC":"3","58":"3","29":"3","2J":"3","V6":"3","FF":"3","GM":"3","8P":"3","M5":"3","WC":"3","5P":"3","3R":"3","P7":"3","G4":"3","7C":"3","Q4":"3","4Q":"3","M8":"3","9J":"3","QG":"3","F8":"3","MH":"3","C9":"3","JH":"3","P8":"3","3J":"3","7M":"3","57":"3","2M":"3","6Q":"3","47":"3","M4":"3","F6":"3","R4":"3","M9":"3","79":"3","X5":"3","6P":"3","H7":"3","R6":"3","7R":"3","X9":"3","8J":"3","Q8":"3","XF":"3","2Q":"3","GG":"3","2G":"3","7J":"3","H4":"3","7H":"3","5F":"3","3M":"3","H9":"3","MG":"3","JF":"3","77":"3","F5":"3","69":"3","74":"3","JC":"3","F7":"3","X8":"3","W6":"3","5Q":"3","G8":"3","Q3":"3","37":"3","CJ":"3","5J":"3","8C":"3","HJ":"3","G6":"3","GJ":"3","6G":"3","87":"3","W8":"3","HC":"3","J6":"3","J9":"3","4M":"3","99":"3","P9":"3","55":"3","27":"3","3F":"3","6V":"3","8M":"3","7P":"3","46":"3","75":"3","W4":"3","3C":"3","Q9":"3","67":"3","HH":"3","R8":"3","49":"3","FC":"3","Q6":"3","3P":"3","W7":"3","5M":"3","86":"3","P6":"3","98":"3","H8":"3","9M":"3","J7":"3","R5":"3","9G":"3","8H":"3","97":"3","H5":"3","MF":"3","CC":"3","CH":"3","8F":"3","QC":"3","9H":"3","6F":"3","3H":"3","H6":"3","94":"3","F4":"3","P4":"3","4G":"3","9C":"3","W5":"3","HF":"3","J5":"3","V5":"3","2P":"3","39":"3","W9":"3","7G":"3","2H":"3","HM":"3","W3":"3","C7":"3","Q7":"3","4F":"3","89":"3","X6":"3","28":"3","P3":"3","65":"3","38":"3","5V":"3","FM":"3","W2":"3","4C":"3","4V":"3","2C":"3","Q5":"3","GC":"3","G5":"3","J4":"3","3Q":"3","5R":"3","6M":"3","64":"3","76":"3","CF":"3","96":"3","M3":"3","C6":"3","J8":"3","M7":"3","9F":"3","78":"3","56":"3","5G":"3","R3":"3","CM":"3","F9":"3","V4":"3","PC":"3","HG":"3","6H":"3","FG":"3","7Q":"3","5H":"3","5C":"3","CP":"3","95":"3","X2":"3","PF":"3","MC":"3","V2":"3","6R":"3","66":"3","8Q":"3","3G":"3","4R":"3","R7":"3","85":"3","59":"3","P5":"3","X7":"3","M6":"3","JG":"3","G7":"3","X3":"3","X4":"3","6J":"3","84":"3"},"Q8":{"4V":"3","3V":"3"},"Q2":{"WH":"3","MH":"3","WR":"3","HV":"3","QW":"3","PR":"3","RQ":"3","WF":"3","MW":"3","QQ":"3","W9":"3","WV":"3","HR":"3","RP":"3","RW":"3","VQ":"3","VM":"3","R8":"3","JJ":"3","R9":"3","VP":"3","VV":"3","MG":"3","QV":"3","PV":"3","VF":"3","VC":"3","PJ":"3","WW":"3","RV":"3","RM":"3","XM":"3","MJ":"3","HQ":"3","XW":"3","WM":"3","JQ":"3","JR":"3","QJ":"3","MV":"3","PQ":"3","XJ":"3","PH":"3","X9":"3","V9":"3","VR":"3","WJ":"3","QH":"3","XH":"3","WC":"3","JG":"3","QR":"3","VH":"3","MQ":"3","RH":"3","VJ":"3","V8":"3","XV":"3","JV":"3","VW":"3","XP":"3","MF":"3","PW":"3","WP":"3","JH":"3","RR":"3","RJ":"3","W8":"3","MR":"3","VG":"3"},"C5":{"35":"3"},"G5":{"2F":"3"},"Q9":{"P9":"3","WH":"3","PC":"3","JC":"3","V7":"3","X6":"3","WF":"3","W9":"3","P6":"3","QC":"3","QG":"3","VQ":"3","VM":"3","J9":"3","P8":"3","R8":"3","R9":"3","W7":"3","X7":"3","RG":"3","VP":"3","VF":"3","VC":"3","X8":"3","XG":"3","WQ":"3","94":"3","XM":"3","XQ":"3","M9":"3","WM":"3","XJ":"3","X9":"3","V9":"3","R7":"3","WJ":"3","C4":"3","XH":"3","WC":"3","88":"3","WG":"3","VH":"3","RH":"3","RC":"3","M8":"3","VJ":"3","V8":"3","MC":"3","XP":"3","WP":"3","XC":"3","Q9":"3","84":"3","XF":"3","QF":"3","P7":"3","RJ":"3","W8":"3","RF":"3","VG":"3"}},"67":{"C4":{"4R":"3"},"CG":{"JJ":"3"}},"86":{"79":{"JH":"3","FJ":"3","JF":"3"}},"98":{"RW":{"42":"3"},"Q9":{"W8":"3"},"GV":{"8P":"3"},"RV":{"9X":"3","XX":"3"},"J4":{"48":"3"},"VR":{"CW":"3","RC":"3"},"WQ":{"7F":"3","JM":"3","9F":"3","7G":"3"},"VV":{"8R":"3","4W":"3"},"J3":{"4G":"3"},"WW":{"3H":"3"},"H4":{"XF":"3","WG":"3"}},"H8":{"62":{"JW":"3","HW":"3","HX":"3","QV":"6"},"2W":{"V5":"3","V4":"3","W3":"3"},"53":{"99":"3","W6":"3"},"2C":{"WJ":"3","WH":"3","VH":"3","VJ":"3"},"63":{"43":"3","44":"3"},"3W":{"37":"3","47":"3"},"3J":{"FQ":"3","FR":"3"}},"97":{"F8":{"59":"3","64":"3"},"C9":{"4V":"3","M6":"3","W2":"3","M7":"3","QC":"3","M8":"3"},"FJ":{"XF":"3"},"98":{"4J":"3","2H":"3","Q2":"3","55":"3","CQ":"3","4M":"3"},"J7":{"CG":"3"},"99":{"JC":"3","HF":"3","G4":"3","HC":"3","J7":"3","JF":"3","Q5":"3"},"F7":{"QR":"3"},"88":{"R7":"3"},"F9":{"5J":"3","3G":"3","6H":"3","6J":"3","6F":"3","6C":"3","5H":"3","7G":"3"},"CC":{"XF":"3","Q6":"3","P5":"3","V6":"3","V7":"3","W5":"3","J6":"3","G4":"3","W7":"3","X7":"3"},"86":{"4H":"3","28":"3"},"C8":{"9M":"3"},"G9":{"2Q":"3","7H":"3","2F":"3","CH":"3"},"75":{"HP":"3"},"64":{"VP":"3"}},"MF":{"8Q":{"52":"3","53":"3"},"WM":{"JM":"3"},"GR":{"9W":"3"},"4V":{"7H":"3","6H":"3","FW":"3","GX":"3"},"GV":{"M3":"3"},"FR":{"JR":"3","5Q":"3"},"XM":{"3F":"3","WJ":"3","JH":"3"},"7X":{"CJ":"3","6W":"3"},"RP":{"JJ":"3"},"RQ":{"7W":"3","H9":"3","M8":"3"},"5W":{"MH":"3"},"3H":{"HP":"3","9P":"3","MP":"3"},"MR":{"26":"3","G9":"3","FW":"3"},"JR":{"HC":"3","8G":"3","J8":"3","M8":"3"},"HR":{"JF":"3"},"CR":{"7C":"3","HM":"3","57":"3"},"6X":{"PF":"3"},"3V":{"R8":"3"},"QR":{"PR":"3"},"2V":{"5P":"3","53":"3","42":"3","23":"3","5Q":"3","22":"3","9R":"3","32":"3"},"VP":{"2F":"3","Q3":"3","G5":"3","3C":"3"}},"CC":{"Q8":{"6X":"3","6V":"3","4W":"3"},"J3":{"H7":"3"}},"QC":{"V2":{"GV":"3","6Q":"3"},"GW":{"QX":"3"},"V3":{"9W":"3","M2":"3"},"Q2":{"9G":"3"},"P2":{"GC":"3","WC":"3"},"HX":{"XX":"3"},"R2":{"Q2":"3","3V":"3"},"Q3":{"H6":"3","XP":"3"}},"H6":{"6P":{"V7":"3","V8":"3"},"8J":{"FC":"3"},"W2":{"VF":"3","RH":"3","QF":"3","RG":"3"}},"9C":{"R2":{"R8":"3","G5":"3"},"V2":{"44":"3","25":"3","33":"3","27":"3","34":"3","23":"3","4F":"3","56":"3"}},"W5":{"69":{"V3":"3","P5":"3"},"JC":{"52":"3","22":"3"},"87":{"87":"3","W6":"3","W8":"3","F7":"3","QC":"3","V7":"3","97":"3","22":"3","64":"3","V8":"3","32":"3","42":"3","6F":"3","43":"3","W7":"3"},"HC":{"R7":"3"},"97":{"F6":"3"},"78":{"8H":"3"},"J7":{"6R":"3"},"99":{"M6":"3","4W":"3"},"76":{"RW":"3","JR":"3","HR":"3","JW":"3","JQ":"3","JX":"3","5M":"3"},"F7":{"8G":"3"},"F9":{"WX":"3"},"J8":{"C2":"3","92":"3","84":"3","C8":"3"},"H7":{"HC":"3"},"77":{"9G":"3","W2":"3","W3":"3","V4":"3","M2":"3","W4":"3","H2":"3","GG":"3"},"J9":{"GF":"3","FC":"3"}},"HF":{"F4":{"59":"3"},"96":{"V7":"3","F4":"3"},"R9":{"XV":"3"},"VC":{"G3":"3","65":"3","G5":"3","C5":"3","64":"3","F5":"3","44":"3","94":"3","38":"3","35":"3","23":"3","P4":"3","93":"3","32":"3","25":"3","C6":"3","24":"3"},"Q9":{"C7":"3"},"65":{"Q2":"3","V2":"3","W4":"3"},"44":{"CR":"3"},"55":{"43":"3","53":"3","42":"3","64":"3"},"V9":{"RW":"3","FW":"3","5G":"3","4M":"3","3W":"3","JX":"3","5M":"3","CM":"3","9M":"3"},"53":{"Q6":"3"},"W9":{"R5":"3"},"RC":{"X9":"3","V8":"3","QF":"3","X6":"3","QC":"3","W7":"3","X4":"3","V3":"3","X2":"3","V7":"3","R8":"3","R6":"3","V4":"3","R5":"3","WG":"3","W5":"3","M5":"3","Q3":"3","X7":"3","P7":"3","W6":"3","R9":"3","R7":"3","X8":"3"},"C6":{"3M":"3","38":"3"},"24":{"V5":"3"}},"V5":{"JP":{"M7":"3","V8":"3","J9":"3"},"MM":{"C6":"3"},"JM":{"RF":"3"},"PQ":{"45":"3"},"PP":{"7R":"3","GH":"3"},"JV":{"H9":"3","J9":"3"}},"RF":{"2X":{"G8":"3"},"R2":{"3X":"3"},"Q2":{"WJ":"3"},"QW":{"6X":"3","5X":"3"},"PX":{"VG":"3","HP":"3","FH":"3","FJ":"3","CV":"3","V7":"3","CG":"3","G9":"3","FP":"3","R9":"3","4P":"3","2X":"3","QF":"3","3V":"3","WG":"3","9P":"3","7V":"3","8G":"3","8W":"3","GF":"3","4H":"3","9Q":"3","XC":"3","9W":"3","FV":"3","2J":"3","FF":"3","RJ":"3","GP":"3","GM":"3","PG":"3","8P":"3","WC":"3","2R":"3","5P":"3","3R":"3","P7":"3","7W":"3","FQ":"3","4Q":"3","M8":"3","9J":"3","QG":"3","MH":"3","FR":"3","JH":"3","P8":"3","3J":"3","7M":"3","9V":"3","PH":"3","2M":"3","6Q":"3","PP":"3","M9":"3","X5":"3","6P":"3","4W":"3","7R":"3","X9":"3","8J":"3","Q8":"3","8R":"3","CR":"3","XF":"3","2Q":"3","GG":"3","7J":"3","QJ":"3","7H":"3","3M":"3","H9":"3","MG":"3","JF":"3","WF":"3","JC":"3","X8":"3","5W":"3","CQ":"3","W6":"3","5Q":"3","CJ":"3","5J":"3","V8":"3","HJ":"3","GJ":"3","6G":"3","W8":"3","8V":"3","HC":"3","J9":"3","HR":"3","4M":"3","JQ":"3","P9":"3","6V":"3","8M":"3","7P":"3","JJ":"3","9R":"3","W4":"3","GR":"3","Q9":"3","VF":"3","HH":"3","RH":"3","R8":"3","FC":"3","3P":"3","W7":"3","5M":"3","9M":"3","9G":"3","8H":"3","MF":"3","CH":"3","MQ":"3","2W":"3","8F":"3","QC":"3","9H":"3","3H":"3","MM":"3","4G":"3","JP":"3","HF":"3","RF":"3","2P":"3","VC":"3","W9":"3","7G":"3","2H":"3","HM":"3","Q7":"3","2V":"3","X6":"3","6X":"3","QH":"3","5V":"3","FM":"3","3W":"3","4V":"3","V9":"3","MP":"3","GC":"3","3Q":"3","5R":"3","6M":"3","RG":"3","VH":"3","6W":"3","CF":"3","J8":"3","9F":"3","4J":"3","5G":"3","CM":"3","GQ":"3","PC":"3","RC":"3","PJ":"3","GH":"3","HG":"3","6H":"3","FG":"3","7Q":"3","5H":"3","CP":"3","PM":"3","PF":"3","MJ":"3","MC":"3","6R":"3","8Q":"3","4R":"3","R7":"3","X7":"3","JG":"3","HQ":"3","JM":"3","X3":"3","X4":"3","6J":"3"},"R3":{"62":"3","52":"3","73":"3","72":"3","75":"3"},"QX":{"53":"3","47":"3","52":"3","25":"3","43":"3","33":"3","22":"3","62":"3","56":"3","37":"3","27":"3","36":"3","63":"3","44":"3","34":"3","65":"3","23":"3","48":"3","54":"3","46":"3","39":"3","64":"3","2C":"3","42":"3","28":"3","45":"3","38":"3","35":"3","24":"3","29":"3","26":"3","55":"3","32":"3"},"MX":{"WQ":"3","HP":"3","FJ":"3","CV":"3","FP":"3","2X":"3","RQ":"3","9P":"3","7V":"3","8W":"3","9Q":"3","VV":"3","FW":"3","9W":"3","WV":"3","FV":"3","RP":"3","JX":"3","RJ":"3","GP":"3","GM":"3","8P":"3","4X":"3","WJ":"3","QX":"3","RW":"3","7W":"3","FQ":"3","VJ":"3","JR":"3","GW":"3","VM":"3","FR":"3","JH":"3","JW":"3","9V":"3","RX":"3","6Q":"3","PP":"3","PV":"3","XW":"3","4W":"3","7R":"3","HV":"3","MR":"3","MV":"3","8R":"3","CR":"3","HX":"3","WW":"3","QR":"3","9X":"3","JV":"3","XM":"3","5W":"3","CQ":"3","WP":"3","5X":"3","QW":"3","QQ":"3","PQ":"3","VQ":"3","XQ":"3","HJ":"3","GJ":"3","8V":"3","XJ":"3","HR":"3","JQ":"3","PR":"3","6V":"3","QM":"3","JJ":"3","9R":"3","GR":"3","XH":"3","HH":"3","WX":"3","FX":"3","9M":"3","PX":"3","HW":"3","WH":"3","XR":"3","GX":"3","MQ":"3","QV":"3","JP":"3","QP":"3","HM":"3","XP":"3","WR":"3","MX":"3","6X":"3","CW":"3","VW":"3","5V":"3","XV":"3","7X":"3","FM":"3","3W":"3","4V":"3","GV":"3","RV":"3","MP":"3","5R":"3","VX":"3","RR":"3","VP":"3","6W":"3","PW":"3","VR":"3","CX":"3","CM":"3","GQ":"3","3X":"3","7Q":"3","CP":"3","8X":"3","PM":"3","6R":"3","8Q":"3","WM":"3","HQ":"3","JM":"3","RM":"3","XX":"3","MW":"3"},"QM":{"PV":"3","W6":"3"},"4W":{"JW":"3"}},"VC":{"5J":{"9G":"3","CG":"3","9H":"3","CJ":"3","CH":"3","9M":"3","FH":"3","FG":"3","9J":"3"},"3H":{"9G":"3","CG":"3","9H":"3","FF":"3","GC":"3","CH":"3","9F":"3","FH":"3","FG":"3","CF":"3","GF":"3","FC":"3","9J":"3","GG":"3"},"2H":{"47":"3","68":"3","58":"3","57":"3","56":"3","37":"3","27":"3","36":"3","67":"3","48":"3","49":"3","59":"3","46":"3","39":"3","28":"3","38":"3","35":"3","26":"3","4C":"3"},"5H":{"GV":"3"},"PJ":{"PQ":"3"},"4J":{"G8":"3","G7":"3","J8":"3","JC":"3","H7":"3","J9":"3","G9":"3","G6":"3","H8":"3","H9":"3","HC":"3","GC":"3","F6":"3"},"2Q":{"H6":"3"},"JP":{"F4":"3","87":"3","96":"3","86":"3","G3":"3","F3":"3","F7":"3","G5":"3","F2":"3","C5":"3","97":"3","F5":"3","C8":"3","C3":"3","G4":"3","C2":"3","88":"3","98":"3","F6":"3","C6":"3","C7":"3"},"JM":{"FX":"3","CX":"3"}},"Q2":{"CM":{"WR":"3","WQ":"3","WP":"3"},"HQ":{"JM":"3"},"2Q":{"84":"3"},"37":{"PW":"3"},"2P":{"FX":"3","HX":"3","GX":"3"},"FJ":{"43":"3","36":"3","33":"3","26":"3","42":"3","32":"3"},"FM":{"5F":"3","4H":"3"},"2M":{"J8":"3","M5":"3","R5":"3"},"QM":{"WG":"3"},"RG":{"8G":"3","4M":"3"}},"89":{"MJ":{"24":"3"}},"W2":{"2G":{"2V":"3"},"M9":{"93":"3","22":"3","46":"3"},"34":{"84":"3"}},"GV":{"2H":{"3R":"3","4V":"3","3Q":"3","4M":"3","2R":"3","7X":"3","4R":"3","3P":"3","2M":"3","5W":"3","5V":"3","3W":"3","6X":"3","7W":"3","4Q":"3","2W":"3","2P":"3"},"2M":{"33":"3"},"2J":{"7F":"3","52":"3","6J":"3","7G":"3","64":"3","55":"3","5M":"3","74":"3","7C":"3","8C":"3","4P":"3","73":"3","32":"3"}},"GC":{"4R":{"53":"3"},"CR":{"WV":"3","WW":"3","XW":"3"},"6R":{"X6":"3"},"3R":{"X6":"3"},"MX":{"FJ":"3","8G":"3"}},"RG":{"J2":{"V3":"3"},"M2":{"M3":"3","H2":"3","G5":"3","C2":"3","64":"3","63":"3","X2":"3","G2":"3","54":"3","57":"3","C5":"3","83":"3","W2":"3","J2":"3","Q2":"3","22":"3","52":"3","93":"3","J5":"3","92":"3","82":"3","J3":"3","F5":"3","P2":"3","34":"3","75":"3","G7":"3","R2":"3","W3":"3","85":"3","62":"3","67":"3","V3":"3","P3":"3","J6":"3","F4":"3","55":"3","R3":"3","H4":"3","M5":"3","25":"3","96":"3","33":"3","V2":"3","53":"3","26":"3","94":"3","G6":"3","43":"3","32":"3","H5":"3","C3":"3","66":"3","42":"3","77":"3","23":"3","Q3":"3","F3":"3","H6":"3","35":"3","56":"3","45":"3","97":"3","72":"3","73":"3","24":"3","G3":"3","65":"3","95":"3","G4":"3","36":"3","47":"3","F7":"3","C6":"3","C4":"3","58":"3","P4":"3","H3":"3","68":"3","37":"3","76":"3","M4":"3","74":"3","46":"3","Q4":"3","44":"3","M2":"3","87":"3","C7":"3","F6":"3","F2":"3","84":"3","86":"3","48":"3","J4":"3"},"P2":{"22":"3"}},"76":{"8P":{"5X":"3","3V":"3","4W":"3"},"33":{"7X":"3"},"26":{"6M":"3"},"42":{"GH":"3"},"MG":{"29":"3"}},"96":{"3G":{"MJ":"3","MH":"3"},"3J":{"VF":"3"}},"C6":{"H8":{"8J":"3"}},"M7":{"MJ":{"PH":"3"},"H9":{"4X":"3","79":"3","98":"3"},"M9":{"WJ":"3"},"FC":{"PM":"3"},"V8":{"WH":"3"},"CH":{"76":"3"}},"78":{"2W":{"6C":"3"},"CX":{"H6":"3"},"55":{"GG":"3"}},"F9":{"Q9":{"4J":"3","5M":"3","4M":"3"},"W2":{"CM":"3"},"F7":{"J2":"3"},"R3":{"HQ":"3"},"G7":{"84":"3"},"J8":{"57":"3"},"68":{"G8":"3"},"77":{"W2":"3"},"65":{"GJ":"3"},"GP":{"3J":"3"},"F6":{"6V":"3","7W":"3","CV":"3","9W":"3","HX":"3","3F":"3","6W":"3","7V":"3","JX":"3","8Q":"3","5R":"3","9V":"3","MX":"3"}},"PC":{"PG":{"WR":"3","WV":"3"},"FF":{"5J":"3","PQ":"3"},"GF":{"CF":"3"},"RC":{"HX":"3"}},"RC":{"P8":{"73":"3"},"P4":{"2X":"3","2W":"3"},"JF":{"GR":"3"},"MF":{"HC":"3"},"M2":{"G9":"3"},"J3":{"J7":"3","4P":"3"},"P6":{"V5":"3","V6":"3","V8":"3","QG":"3","W4":"3","F3":"3","QJ":"3","MG":"3","MP":"3","JP":"3","W7":"3","PJ":"3","MJ":"3","Q4":"3","PH":"3","V7":"3","PG":"3","V4":"3","R5":"3","W8":"3","MH":"3","QM":"3","W5":"3","R3":"3","Q3":"3","QH":"3","X7":"3","R4":"3","W6":"3","MM":"3","PM":"3"},"G6":{"CM":"3","CP":"3","8P":"3","8Q":"3","8M":"3","9P":"3","7M":"3","7P":"3","9Q":"3","CQ":"3","9M":"3","7Q":"3"},"G9":{"35":"3","GC":"3","W5":"3","W6":"3","V5":"3","V4":"3"},"WX":{"RH":"3"},"Q7":{"V2":"3","X6":"3","V3":"3","XR":"3","Q2":"3","R3":"3","XQ":"3","W5":"3","WQ":"3","W2":"3","RX":"3","X3":"3","XM":"3","R2":"3","X5":"3","W3":"3","V4":"3","XJ":"3","X4":"3","WR":"3","W4":"3","53":"3","XP":"3","X7":"3"},"G8":{"XR":"3","WJ":"3","VR":"3","WV":"3","2W":"3","2V":"3","WM":"3","3R":"3","XJ":"3","VJ":"3","QJ":"3","XM":"3"},"F9":{"27":"3","PP":"3","28":"3","MM":"3","49":"3","MP":"3","83":"3","PM":"3","48":"3","38":"3","72":"3","73":"3","58":"3"},"H8":{"7W":"3","3P":"3","8X":"3","7X":"3","3V":"3","6X":"3","6W":"3","3W":"3","4V":"3","4X":"3","5V":"3","4W":"3","5R":"3","5W":"3","2R":"3"},"R6":{"6M":"3","6P":"3","8P":"3","7H":"3","9J":"3","8J":"3","8M":"3","9P":"3","6J":"3","7J":"3","7M":"3","7P":"3","9M":"3"},"H7":{"VG":"3","XF":"3","VC":"3","WF":"3","J2":"3","QP":"3","VR":"3","Q2":"3","R3":"3","P2":"3","XC":"3","RH":"3","RJ":"3","VH":"3","M2":"3","Q3":"3","P3":"3","WC":"3","WG":"3"},"H9":{"C8":"3","W4":"3","97":"3","68":"3","X5":"3","88":"3","7C":"3","62":"3","F7":"3","69":"3","5C":"3","7F":"3","X3":"3","99":"3","X4":"3","V3":"3","96":"3","78":"3","Q4":"3","C7":"3","79":"3","V4":"3","59":"3","R5":"3","87":"3","W5":"3","R3":"3","72":"3","98":"3","Q5":"3","8C":"3","6C":"3","42":"3","R4":"3","W3":"3","C6":"3","89":"3"},"J7":{"5J":"3","4J":"3","5M":"3","55":"3","4C":"3","2C":"3","38":"3","65":"3","4M":"3"},"H6":{"QP":"3","W4":"3","PX":"3","QV":"3","X5":"3","JV":"3","PW":"3","RJ":"3","MP":"3","PQ":"3","X3":"3","X4":"3","PR":"3","MW":"3","QQ":"3","RP":"3","RQ":"3","JX":"3","MR":"3","QM":"3","W5":"3","PV":"3","MQ":"3","QR":"3","RR":"3","MX":"3","VP":"3","MV":"3","JW":"3","RM":"3","PP":"3","PM":"3"},"Q6":{"RV":"3","QV":"3","RX":"3","GR":"3","JV":"3","PW":"3","GV":"3","QX":"3","MW":"3","CW":"3","CX":"3","FX":"3","FV":"3","GW":"3","JR":"3","HR":"3","FW":"3","QW":"3","PV":"3","RW":"3","HV":"3","MV":"3","JW":"3","VX":"3"},"9F":{"C4":"3"},"J9":{"43":"3","54":"3","44":"3","62":"3","C2":"3","33":"3","24":"3","92":"3","53":"3","73":"3","34":"3","23":"3","72":"3","63":"3","82":"3","83":"3"},"XG":{"GP":"3","CM":"3","HP":"3","GQ":"3","GR":"3","9P":"3","GV":"3","FM":"3","FP":"3","9Q":"3","FR":"3","FV":"3","HQ":"3","9M":"3","HR":"3","CR":"3","CQ":"3","CP":"3","GM":"3","FQ":"3"},"M4":{"RW":"3","WX":"3","RX":"3","XX":"3","XW":"3","WW":"3","QW":"3","VX":"3","VW":"3","QX":"3"},"M3":{"HX":"3"},"M5":{"WF":"3","J5":"3","P6":"3","6G":"3","J3":"3","7F":"3","P8":"3","9J":"3","6M":"3","P3":"3","2R":"3","H4":"3","M5":"3","5G":"3","5H":"3","6H":"3","8H":"3","7J":"3","6F":"3","9H":"3","8G":"3","7G":"3","5J":"3","4J":"3","P4":"3","H3":"3","7H":"3","P5":"3","M4":"3","PM":"3","9G":"3","CH":"3","M7":"3","6J":"3","HP":"3","XF":"3","8J":"3","P7":"3","4H":"3","7M":"3","J4":"3","CG":"3"},"J5":{"PP":"3","MH":"3","WR":"3","4X":"3","QP":"3","5V":"3","8R":"3","PR":"3","CW":"3","8V":"3","CV":"3","MP":"3","RP":"3","JP":"3","9V":"3","MM":"3","JJ":"3","3V":"3","XR":"3","MG":"3","9R":"3","4W":"3","PJ":"3","7Q":"3","6Q":"3","RM":"3","QM":"3","MJ":"3","6W":"3","JR":"3","QJ":"3","FV":"3","JM":"3","4R":"3","PH":"3","4V":"3","HM":"3","HG":"3","QH":"3","5X":"3","HJ":"3","JG":"3","5R":"3","6R":"3","HH":"3","7R":"3","5W":"3","PM":"3","CR":"3","6V":"3","HP":"3","GP":"3","RR":"3","RJ":"3","8W":"3","MR":"3"},"8F":{"92":"3","C3":"3","G4":"3","C2":"3","H2":"3","82":"3","93":"3"},"Q5":{"3Q":"3","3R":"3","3P":"3","2P":"3","6P":"3","4M":"3","3M":"3","4R":"3","5P":"3","2J":"3","2V":"3","5M":"3","6M":"3","5R":"3","4P":"3","5Q":"3","4Q":"3","2R":"3","2M":"3","2Q":"3"},"8C":{"FX":"3","PX":"3","FW":"3"},"HF":{"HJ":"3","9J":"3","9H":"3","CH":"3"},"P7":{"CF":"3"},"P5":{"P9":"3","PC":"3","6P":"3","V7":"3","FM":"3","57":"3","WF":"3","FJ":"3","22":"3","W9":"3","QC":"3","QG":"3","P8":"3","R8":"3","R9":"3","GG":"3","38":"3","67":"3","XR":"3","59":"3","VC":"3","55":"3","X8":"3","7P":"3","Q8":"3","7Q":"3","WQ":"3","6Q":"3","XM":"3","32":"3","PG":"3","XQ":"3","66":"3","WM":"3","49":"3","GH":"3","56":"3","XJ":"3","GJ":"3","X9":"3","V9":"3","HG":"3","47":"3","58":"3","68":"3","WC":"3","VH":"3","HH":"3","RC":"3","V8":"3","XP":"3","WP":"3","XC":"3","Q9":"3","FH":"3","XF":"3","QF":"3","PF":"3","48":"3","W8":"3"},"J6":{"62":"3","45":"3","52":"3","22":"3","36":"3","44":"3","53":"3","23":"3","33":"3","73":"3","5Q":"3","32":"3","25":"3","42":"3","CC":"3","34":"3","24":"3","43":"3"},"J8":{"HM":"3","JG":"3","CW":"3","9X":"3","HJ":"3","CV":"3","FP":"3","FR":"3","9W":"3","GP":"3","FV":"3","HH":"3","FM":"3","CX":"3","GQ":"3","JJ":"3","CQ":"3","CP":"3","GM":"3","JH":"3","FQ":"3","HG":"3","CR":"3","GJ":"3"},"M6":{"HH":"3","HJ":"3","8J":"3"},"R7":{"47":"3","25":"3","3G":"3","3J":"3","2J":"3","2G":"3","4G":"3","37":"3","27":"3","36":"3","4H":"3","3M":"3","4F":"3","3P":"3","2M":"3","48":"3","49":"3","2Q":"3","3H":"3","39":"3","3C":"3","4J":"3","2C":"3","28":"3","38":"3","24":"3","29":"3","26":"3","2F":"3","4C":"3","2P":"3","2H":"3","3F":"3"}},"95":{"G8":{"P8":"3"},"W6":{"8R":"3","FM":"3"},"G7":{"6P":"3","XC":"3","CG":"3"},"F7":{"PM":"3"},"Q6":{"GQ":"3"},"V6":{"WQ":"3"},"H7":{"3C":"3","G9":"3"},"J6":{"4X":"3"},"VV":{"WV":"3"},"RQ":{"RH":"3"},"68":{"WX":"3","XX":"3"},"88":{"5M":"3","QC":"3"},"98":{"36":"3"},"4J":{"QC":"3"},"C7":{"WM":"3","CQ":"3"}},"X2":{"M9":{"VW":"3"},"6F":{"QC":"3"},"P4":{"CJ":"3","97":"3","99":"3","9C":"3"},"P5":{"Q8":"3","R9":"3","HM":"3","G7":"3","QC":"3","7G":"3","HJ":"3","CG":"3","7H":"3","R8":"3","C9":"3","GC":"3","8P":"3","WM":"3","9P":"3","9M":"3"}},"PF":{"7F":{"95":"3"},"HR":{"7X":"3","7Q":"3"},"3P":{"76":"3","55":"3","H7":"3"},"7X":{"Q7":"3","H6":"3","W6":"3","C5":"3","J6":"3","F5":"3"},"8J":{"QW":"3"},"7M":{"F4":"3"},"CJ":{"F8":"3","J5":"3"},"HV":{"Q9":"3"},"5M":{"GR":"3","5W":"3","XJ":"3"},"GM":{"87":"3"},"MW":{"4X":"3"},"FQ":{"R4":"3","QC":"3"},"6M":{"HF":"3","X8":"3"},"FJ":{"JM":"3","28":"3"},"4P":{"46":"3"},"MX":{"RP":"3"},"2M":{"8Q":"3"},"9J":{"PH":"3"},"HP":{"5J":"3","4J":"3","5P":"3"}},"V2":{"QH":{"RC":"3"},"HJ":{"R2":"3"},"Q4":{"CV":"3"},"7H":{"VW":"3"},"29":{"MM":"3"},"2H":{"M4":"3","H4":"3","M3":"3","MM":"3","M9":"3","J2":"3","PC":"3","M7":"3","M8":"3","J3":"3"},"MH":{"3Q":"3","5J":"3","3P":"3","4M":"3","5P":"3","5M":"3","4P":"3","4J":"3","8V":"3","9V":"3","4Q":"3"},"2F":{"PR":"6"},"2G":{"R8":"3","Q8":"3","JJ":"3","HR":"3","PH":"3"}},"66":{"X4":{"75":"3"},"X7":{"FV":"3"},"X3":{"WR":"3"},"W9":{"G3":"3"},"QC":{"JH":"3"}},"85":{"WJ":{"35":"3"},"6J":{"RQ":"3"},"VJ":{"F4":"3","75":"3","G7":"3","G5":"3","97":"3","MF":"3","F5":"3","J6":"3","C8":"3","G6":"3","94":"3","F6":"3","H6":"3","GF":"3","C7":"3"},"MM":{"3X":"3","3F":"3","2G":"3","29":"3","3C":"3"},"8J":{"WX":"3","JQ":"3","RW":"3","PR":"3","VX":"3","QV":"3","GX":"3"},"FP":{"7V":"3","JM":"3"},"HQ":{"QH":"3","45":"3","M3":"3","54":"3","P5":"3","J4":"3","Q4":"3","M4":"3","44":"3","J5":"3","55":"3","M6":"3","Q3":"3","P3":"3","35":"3","P4":"3","M5":"3"},"RJ":{"J5":"3","C8":"3","Q5":"3"},"CQ":{"V5":"3"},"8M":{"W2":"3","V2":"3","92":"3","X2":"3"},"WH":{"RP":"3","PR":"3","WH":"3","VJ":"3"},"XH":{"39":"3","2C":"3","3C":"3"},"9M":{"43":"3","33":"3","52":"3","53":"3"},"JP":{"G4":"3","J3":"3"},"JM":{"X9":"3","V8":"3","QC":"3","MF":"3","PW":"3","VF":"3","XC":"3","W7":"3","VJ":"3","XJ":"3","WH":"3","V9":"3","R8":"3","XH":"3","W9":"3","WJ":"3","PV":"3","RC":"3","R9":"3","Q9":"3","X8":"3"}},"G7":{"V3":{"7F":"3"},"FF":{"54":"3","H5":"3","42":"3","G5":"3","75":"3"},"9J":{"R8":"3"},"FC":{"4X":"3"},"65":{"RM":"3"}}}}