{"5J":{"G5":{"8C":{"FJ":"3","GP":"3","HW":"3","FH":"3","HP":"3","GQ":"3","GR":"3","JV":"3","GV":"3","4G":"3","8G":"3","CJ":"3","FM":"3","2R":"3","HQ":"3","2Q":"3","9F":"3","9G":"6|3","HR":"3","FW":"3","HV":"3","JW":"3","GM":"3","2H":"3"},"69":{"VC":"3","WC":"3","WP":"3","VW":"3","RC":"3"},"7F":{"WV":"3","67":"3","Q9":"3","QP":"3","8G":"3","V5":"3","Q2":"3","M4":"3","69":"3","G4":"3","Q7":"3","QJ":"3","68":"3","H2":"3","PC":"3","R6":"3","V8":"3","M5":"3","XV":"3"},"8F":{"7W":"3","3V":"3","8W":"3","6W":"3","7V":"3","3W":"3","37":"3","J3":"3","2W":"3","8V":"3"},"79":{"GC":"3","WH":"3","RC":"3"},"7C":{"F8":"3","C9":"3","RW":"3","PW":"3","VW":"3"},"7G":{"Q2":"3","P2":"3"}}},"index":{"university,1|retail,2|tourism,3|wreck,4|historical,5|artsCulture,6|namedBuilding,7|water,8|wetland,9|park,10|beach,11|natureReserve,12|cemetery,13|trail,14":{}}}