{"5P":{"CQ":{"5J":{"7R":"3","7V":"3","6R":"3","6Q":"3","6V":"3","7Q":"3"},"9W":{"PF":"3","MC":"3","MF":"3","PC":"3"},"93":{"2W":"3"},"8W":{"P5":"3"},"73":{"JX":"3"},"94":{"3G":"3","87":"3","4G":"3","76":"3","67":"3","85":"3","86":"3","77":"3","3H":"3"}},"CX":{"RP":{"JW":"3","GW":"3","27":"3","97":"3","GV":"3","76":"3","FW":"3","FV":"3","HV":"3"},"QP":{"9G":"3","WG":"3"}},"9W":{"Q8":{"5P":"3"},"XR":{"R8":"3"},"J7":{"VM":"3","RP":"3","8F":"3","QP":"3","JW":"3","69":"3","XM":"3","77":"3","VP":"3","RQ":"3","QQ":"3","66":"3","59":"3"},"GP":{"6P":"3","5Q":"3"},"94":{"VR":"3","X3":"3"},"HC":{"M2":"3"},"GH":{"F2":"3","H2":"3","G6":"3","J2":"3","H3":"3","F6":"3"},"93":{"W9":"3"},"GF":{"96":"3","97":"3","7G":"3"},"2R":{"WM":"3"},"JM":{"FR":"3"},"GG":{"FX":"3","JX":"3","HX":"3"}},"4X":{"27":{"6X":"3","5X":"3","5W":"3","6W":"3"},"28":{"62":"3"},"CG":{"6C":"3"},"3J":{"6J":"3"}},"6P":{"G3":{"R4":"3","R5":"3","Q5":"3"},"27":{"7X":"3"},"26":{"WX":"3","XX":"3"},"67":{"HV":"3"},"77":{"5J":"3","4M":"3","3G":"3","3H":"3","5M":"3","3J":"3","4J":"3","4H":"3"}},"2P":{"3X":{"3G":"3"},"2X":{"XG":"3","WG":"3"},"FX":{"PW":"3","HW":"3","CR":"3"},"9X":{"49":"3","WF":"3"},"8X":{"W8":"3"},"PW":{"XF":"3","G7":"3","JF":"3","JG":"3","QF":"3","MF":"3","XM":"3","C8":"3","XC":"3","HC":"3","XJ":"3","C9":"3","F8":"3","WC":"3","WM":"3","HF":"3","XP":"3"},"QW":{"3J":"3"}},"CP":{"54":{"V7":"3","R8":"3","V6":"3","R7":"3","R6":"3"},"44":{"8J":"3","QC":"3"},"6X":{"Q2":"3","P2":"3"},"24":{"WQ":"3"},"42":{"66":"3","78":"3","67":"3","68":"3","77":"3"},"55":{"MR":"3"},"34":{"6M":"3","5J":"3","4J":"3","3M":"3","7H":"3","9H":"3","8H":"3","6J":"3","8G":"3","9G":"3","7J":"3","7M":"3","CG":"3","4M":"3","7G":"3","3J":"3"}},"CW":{"XV":{"3R":"3"},"8R":{"P8":"3","M8":"3"},"XW":{"F3":"3"}},"5P":{"5J":{"J7":"3","M7":"3","J8":"3"},"HF":{"Q7":"3","Q6":"3","R6":"3","R7":"3","P7":"3"},"H2":{"WF":"3"},"J5":{"28":"3"},"H5":{"X6":"3","8X":"3","X7":"3","X5":"3","X8":"3","FV":"3"},"H6":{"82":"3"}},"CV":{"M6":{"F8":"3","G8":"3","JP":"3","5R":"3","HJ":"3","G9":"3"},"94":{"F4":"3","V4":"3"},"6V":{"68":"3"},"C3":{"3F":"3","5C":"3","CP":"3","9V":"3","7V":"3","7C":"3","8V":"3","P5":"3"}},"8V":{"QM":{"WC":"3","W9":"3","XM":"3"}},"3Q":{"HR":{"WV":"3"},"RM":{"8P":"3"},"3G":{"3X":"3","3W":"3"},"99":{"Q6":"3"},"4V":{"27":"3"},"M2":{"F3":"3"},"2H":{"R3":"3"},"98":{"4C":"3"},"2G":{"XQ":"3"},"FG":{"62":"3","37":"3","66":"3","73":"3","72":"3","63":"3","56":"3"},"9J":{"6X":"3"}},"5M":{"X6":{"X2":"3"},"VJ":{"V9":"3","CR":"3"},"V5":{"45":"3"},"RM":{"5Q":"3"},"PR":{"WJ":"3","W4":"3","V4":"3"},"QM":{"PV":"3"},"X5":{"XV":"3","XW":"3","XX":"3"},"H8":{"R4":"3"},"P8":{"G9":"3"},"WH":{"5J":"3","GJ":"3","5H":"3","4M":"3"},"R6":{"F2":"3","G4":"3","G2":"3","F4":"3","F6":"3"},"M9":{"77":"3"},"QQ":{"MH":"3","P4":"3","P5":"3"},"P7":{"7C":"3","5H":"3"},"R5":{"2X":"3","FX":"3","GW":"3","X4":"3","HW":"3","GX":"3","HV":"3"}},"9V":{"3R":{"7W":"3"},"7R":{"8R":"3"},"QM":{"GQ":"3"},"44":{"3H":"3"},"PX":{"RP":"3","VP":"3","VJ":"3"},"7Q":{"J7":"3"},"QJ":{"H2":"3"},"8Q":{"36":"3","37":"3","4V":"3","2P":"3","5X":"3","27":"3","26":"3","4W":"3"},"5R":{"VP":"3"},"PJ":{"WV":"3"},"8V":{"FW":"3"},"QX":{"45":"3"}},"3V":{"XV":{"V3":"3","R3":"3"},"XR":{"8G":"3"},"WR":{"WX":"3","PW":"3","VX":"3","JX":"3","QX":"3","MX":"3"},"WV":{"M3":"3","Q2":"3","J2":"3","M2":"3","J3":"3"},"7C":{"M2":"3"},"JM":{"8J":"3"},"CQ":{"RJ":"3"}},"2Q":{"45":{"R4":"3"},"HJ":{"6H":"3"},"P2":{"V7":"3","V6":"3","W7":"3"},"W5":{"2V":"3"},"C4":{"CP":"3"},"V9":{"42":"3"},"FQ":{"88":"3","89":"3","77":"3"},"33":{"6X":"3"},"XW":{"MQ":"3"},"8V":{"7R":"3","6P":"3","8R":"3","3H":"3"},"RC":{"5R":"3","4Q":"3","4R":"3","6Q":"3","7Q":"3"},"34":{"52":"3","53":"3"}},"6M":{"VQ":{"C2":"3","93":"3","92":"3","94":"3","C3":"3","95":"3"},"4G":{"5X":"3","2W":"3"},"8F":{"MW":"3"},"6P":{"48":"3","49":"3"},"9G":{"GP":"3"},"63":{"9P":"3"},"FF":{"4R":"3","3R":"3"},"VP":{"9X":"3","CX":"3","CW":"3"},"3G":{"FJ":"3","GP":"3","CM":"3","XR":"3","FH":"3","GQ":"3","QX":"3","FM":"3","FP":"3","9Q":"3","FV":"3","VG":"3","WQ":"3","CR":"3","GJ":"3","CQ":"3","CP":"3","GH":"3","9R":"3","FQ":"3"},"JX":{"V7":"3"},"RR":{"R3":"3"},"3H":{"25":"3"},"2H":{"96":"3","C5":"3","C6":"3","95":"3"},"RQ":{"WR":"3","VV":"3","VR":"3","WV":"3"},"5H":{"64":"3"},"35":{"49":"3","47":"3"},"6M":{"CR":"3"},"73":{"3C":"3"},"FG":{"P8":"3","W5":"3","Q6":"3","V6":"3","J2":"3","V5":"3","P6":"3","P7":"3"},"CF":{"C7":"3","RG":"3"},"6F":{"GG":"3","GH":"3","FG":"3","FH":"3","CG":"3","CH":"3"}},"X7":{"GM":{"92":"3","FM":"3"},"CJ":{"PX":"3"},"GJ":{"5W":"3"},"FJ":{"PF":"3"},"FM":{"HG":"3"},"GH":{"FX":"3","J5":"3"},"HM":{"MJ":"3","JF":"3","HJ":"3","C8":"3","99":"3","CF":"3","GF":"3","GX":"3","9C":"3","C7":"3"}},"6X":{"Q8":{"XM":"3"},"C6":{"CP":"3","CQ":"3"}},"2X":{"JH":{"PX":"3"}},"9R":{"3X":{"2H":"3"},"2X":{"MM":"3"},"GR":{"HM":"3"},"G2":{"PQ":"3","PP":"3"}},"5Q":{"4X":{"35":"3","44":"3"}},"2R":{"RP":{"84":"3"},"4G":{"93":"3"},"HJ":{"XG":"3","XF":"3","WG":"3","WF":"3"},"H7":{"5P":"3","8Q":"3","5Q":"3","7Q":"3"},"89":{"MC":"3"},"Q2":{"R4":"3","M5":"3","R5":"3"},"C8":{"M8":"3"},"2H":{"HP":"3"},"6C":{"RX":"3"},"R6":{"5Q":"3"},"5W":{"7W":"3"},"42":{"98":"3","99":"3","C8":"3"},"W7":{"VX":"3"}},"8X":{"JP":{"VM":"3","RP":"3","PG":"3","VJ":"3","XR":"3","RM":"3","XQ":"3","RH":"3","VH":"3","RQ":"3","QG":"3","XV":"3","RG":"3"},"JQ":{"Q3":"3"},"W2":{"XC":"3"},"JM":{"RV":"3"},"MP":{"2Q":"3","2P":"3","5V":"3","4W":"3"},"PM":{"52":"3","85":"3"},"MV":{"6G":"3"},"PH":{"J4":"3"}},"4W":{"G2":{"6G":"3"}},"2V":{"HF":{"58":"3","PP":"3"},"G8":{"MX":"3"},"RP":{"M4":"3"},"J7":{"G8":"3","MH":"3"},"GH":{"VG":"3"},"PM":{"PP":"3"},"C3":{"FP":"3"},"G9":{"2P":"3"},"JG":{"43":"3","64":"3"}},"FW":{"87":{"2X":"3"},"MJ":{"V9":"3","R4":"3","4J":"3","Q4":"3","R8":"3","MC":"3","QQ":"3","R9":"3","R7":"3","R5":"3","XM":"3"},"MG":{"VM":"3"},"HH":{"RX":"3","WF":"3","P6":"3"},"JX":{"GM":"3","GJ":"3"},"JJ":{"43":"3","44":"3","33":"3","42":"3","34":"3","8V":"3"},"MH":{"PG":"3","QF":"3","QG":"3"},"6H":{"7X":"3"},"53":{"39":"3","29":"3"},"FJ":{"VH":"3"}},"7P":{"7W":{"4R":"3"},"Q2":{"2P":"3"},"FR":{"9G":"3"},"5W":{"CQ":"3"},"8W":{"CP":"3"},"6W":{"GQ":"3"},"64":{"RQ":"3"}},"7Q":{"98":{"46":"3"},"85":{"PG":"3","MF":"3","QG":"3"},"95":{"3G":"3"}},"6Q":{"W6":{"W5":"3","X5":"3","W4":"3","W3":"3"}},"8P":{"62":{"X7":"3"},"52":{"J5":"3","M6":"3","M5":"3","P6":"3","P5":"3"},"G7":{"8G":"3"},"H7":{"5H":"3"}},"CM":{"3X":{"QH":"3"}},"9P":{"V2":{"MC":"3","RH":"3","PM":"3"},"G2":{"43":"3"},"89":{"78":"3"},"W2":{"33":"3","J5":"3","86":"3","23":"3","56":"3","P6":"3","J6":"3"},"2J":{"87":"3","86":"3"},"Q3":{"VV":"3","WQ":"3"},"78":{"RQ":"3"},"4X":{"P4":"3","P3":"3"},"82":{"9Q":"3"}},"6W":{"3M":{"W7":"3"}},"3R":{"58":{"V6":"3"},"MM":{"5J":"3","4J":"3","8F":"3","3J":"3"},"57":{"9X":"3"}},"FV":{"7R":{"G2":"3"},"5R":{"6P":"3","5P":"3"},"24":{"C2":"3"},"85":{"FR":"3","JX":"3","GV":"3","JV":"3","CQ":"3"},"6Q":{"MF":"3"},"84":{"CM":"3","GW":"3","GV":"3","FP":"3","GQ":"3","GP":"3"},"82":{"X8":"3"},"95":{"7W":"3","GW":"3","9X":"3","9W":"3","8W":"3"},"64":{"HR":"3"},"3J":{"47":"3"}},"3X":{"X7":{"HV":"3"},"X8":{"54":"3","RC":"3"}},"8M":{"RQ":{"C7":"3"},"FX":{"57":"3"},"FQ":{"Q8":"3"},"4G":{"G2":"3"},"MQ":{"JR":"3","HR":"3","GV":"3","FR":"3","HQ":"3","FV":"3","GQ":"3","GR":"3"},"HX":{"53":"3","73":"3"},"QV":{"23":"3"},"PQ":{"CR":"3","6V":"3"},"4F":{"FX":"3","GW":"3","FW":"3","GX":"3","FV":"3"},"GQ":{"9R":"3"},"VQ":{"5F":"3","5C":"3","49":"3","39":"3","4C":"3","4F":"3","3C":"3"},"5G":{"GG":"3","HF":"3","GF":"3","HG":"3","JF":"3","JG":"3"}},"4P":{"96":{"3P":"3"},"75":{"R9":"3","Q9":"3","QC":"3","Q6":"3","X9":"3","XC":"3","83":"3","R8":"3","V9":"3","PC":"3","J3":"3","V8":"3","W9":"3","73":"3","P9":"3","R5":"3"},"WJ":{"VP":"3"},"HM":{"P8":"3"},"86":{"28":"3"},"8F":{"W4":"3"},"54":{"X9":"3","F7":"3","G7":"3","C7":"3","C6":"3","W8":"3"},"5F":{"QF":"3"},"64":{"JH":"3","JX":"3"},"44":{"7P":"3"},"85":{"6P":"3","2F":"3","2C":"3","6Q":"3","29":"3","3H":"3"},"5M":{"FQ":"3","CV":"3","FR":"3","CR":"3","CQ":"3"},"QJ":{"Q7":"3","Q6":"3"},"74":{"2Q":"3","3Q":"3"},"9F":{"24":"3"},"CC":{"WW":"3","WM":"3"},"6F":{"69":"3"}},"9X":{"V7":{"67":"3"},"8X":{"J2":"3"},"MM":{"69":"3","5F":"3","7F":"3","5C":"3","7C":"3","6G":"3","6F":"3","6C":"3","5G":"3"},"VX":{"C7":"3"},"JM":{"H2":"3","J2":"3","H3":"3","M2":"3","J3":"3"},"JJ":{"JW":"3","JX":"3","HW":"3","HX":"3","MX":"3"}},"8Q":{"X2":{"9R":"3"}},"4R":{"W5":{"76":"3"}},"4V":{"97":{"8Q":"3","8W":"3"},"PX":{"QP":"3"},"HW":{"H2":"3"},"2R":{"49":"3","28":"3"},"HV":{"GW":"3","JX":"3","HX":"3","GX":"3"}},"GX":{"2Q":{"V8":"3","P9":"3"}},"FX":{"WJ":{"RJ":"3"},"3Q":{"WR":"3","VR":"3","FP":"3","MR":"3"},"5J":{"66":"3","56":"3"},"PG":{"94":"3"},"5G":{"F6":"3"},"M7":{"Q4":"3","V3":"3","R3":"3","Q5":"3"},"VH":{"VH":"3","VJ":"3"},"WR":{"WG":"3","WH":"3","VH":"3","VG":"3"}},"FR":{"7R":{"96":"3","7W":"6","6V":"3|6","5X":"3","C5":"3","4M":"3","97":"3","7R":"3","8W":"3","95":"3","6W":"6","4R":"3","7V":"3|6","5P":"3","6R":"3","4V":"3","5M":"3","5V":"3","4P":"3","5Q":"3","5W":"3","C6":"3","4Q":"3"},"4J":{"W7":"3","W6":"3"},"48":{"XR":"3","QP":"3","RP":"3","XQ":"3","VP":"3","WQ":"3","QM":"3"},"8P":{"H5":"3"},"7V":{"H8":"3","G6":"3","H6":"3","F7":"3","G7":"3","H7":"3","G5":"3","F6":"3"},"8X":{"RX":"3","QX":"3"},"59":{"47":"3"},"58":{"4V":"3","5X":"3","3V":"3","5W":"3","2R":"3"},"2V":{"5G":"3"},"6R":{"W6":"3","W8":"3","X6":"3","WX":"3","XX":"3","W7":"3","X7":"3"},"6W":{"HW":"3"},"6Q":{"XQ":"3","XP":"3","XM":"3"},"6V":{"J5":"3","M5":"3"},"9Q":{"8X":"3","7Q":"3"},"7Q":{"M4":"3","7W":"3","2Q":"3","H5":"3","2P":"3","8X":"3","8W":"3","7X":"3","2M":"3"}},"3P":{"FJ":{"X2":"3"},"FH":{"XX":"3"},"8P":{"R3":"3"},"JC":{"CJ":"3","9J":"3","9H":"3","CH":"3","7Q":"3"},"6J":{"G8":"3","G3":"3","F3":"3","W8":"3","F7":"6","G5":"3","J7":"3","J6":"3","G6":"3","55":"3","78":"3"},"5J":{"WC":"3"},"6H":{"CM":"3","CJ":"3","9J":"3","5W":"3","8H":"3","9M":"3"},"PJ":{"2H":"3"},"JJ":{"WJ":"3","9V":"3","XJ":"3","WH":"3","VM":"3","VH":"3","VJ":"3"},"3P":{"CM":"3","FF":"3","4W":"3"},"MJ":{"2J":"3"},"7J":{"FF":"3","GC":"3","GF":"3","FC":"3","G9":"3"},"2Q":{"8C":"3","7F":"3","8F":"3","7C":"3"},"8J":{"2P":"3","4P":"3","W9":"3"},"W5":{"X7":"3"},"4J":{"RQ":"3","QR":"3","RR":"3","QQ":"3"},"CH":{"X7":"3","W7":"3","X8":"3","W8":"3"},"3V":{"WV":"3"},"4X":{"RF":"3"},"RM":{"R2":"3"},"7R":{"4V":"3"},"Q8":{"Q6":"3","R6":"3"},"R7":{"62":"3","85":"3","63":"3","CG":"3"},"2P":{"VR":"3","RV":"3","RR":"3"},"PF":{"MP":"3"}},"6R":{"M5":{"HM":"3"}},"9Q":{"XH":{"FW":"3"},"66":{"VW":"3"},"FF":{"4X":"3","5W":"3"},"FG":{"43":"3","52":"3","42":"3"},"WF":{"H8":"3","2V":"3"},"RG":{"XR":"3"}},"4Q":{"FQ":{"FF":"3"},"MV":{"4V":"3"},"2J":{"7J":"3"}},"7R":{"VF":{"JP":"3"},"MW":{"R5":"3"},"PW":{"CQ":"3"},"PR":{"87":"3"},"MR":{"H2":"3","WG":"3","FV":"3"},"QF":{"XG":"3"},"PQ":{"RP":"3","3V":"3"},"MV":{"9H":"3"},"JV":{"M6":"3","PC":"3","XJ":"3"}},"5W":{"CF":{"9H":"3","3V":"3","3R":"3"},"7C":{"43":"3"},"VM":{"CP":"3"},"PM":{"M5":"3","P5":"3"}},"CR":{"98":{"5F":"3","7F":"3","4G":"3","5G":"3"},"93":{"4Q":"3"},"P4":{"3Q":"3"}},"6J":{"CW":{"6C":"3"}},"9M":{"WV":{"2Q":"3","FX":"3","2P":"3"},"RV":{"44":"3","J7":"3","F5":"3"},"6X":{"C3":"3"},"GP":{"4G":"3","27":"3","28":"3","3F":"3","36":"3","3G":"3","29":"3","4F":"3","2F":"3","38":"3","37":"3","35":"3","3C":"3","34":"3","2C":"3"},"VV":{"5F":"3","9G":"3","2J":"3","2R":"3"},"PX":{"H2":"3"},"CM":{"X7":"3"},"MR":{"F8":"3","G7":"3","CC":"3","H7":"3","FC":"3"},"8M":{"3G":"3","MQ":"3"},"XW":{"CF":"3","VH":"3","VG":"3","XM":"3"},"QR":{"3R":"3","6Q":"3"},"2R":{"FF":"3"}},"6V":{"58":{"W7":"3"}},"3W":{"XV":{"R2":"3"},"XG":{"CF":"3"}},"7M":{"JC":{"43":"3","V5":"3"},"4J":{"HJ":"3","FJ":"3","3R":"3"},"GC":{"67":"3","69":"3","49":"3","95":"3","4C":"3","C9":"3","68":"3","57":"3","58":"3","5C":"3","66":"3","59":"3"},"4P":{"M3":"3","Q2":"3","H3":"3","J4":"3","J3":"3","P2":"3","P3":"3"},"6J":{"4P":"3","4M":"3"},"XF":{"F4":"3","H3":"3","G3":"3","F3":"3","G5":"3","F2":"3","C5":"3","F5":"3","92":"3","83":"3","C3":"3","G6":"3","C4":"3","G4":"3","94":"3","C2":"3","82":"3","93":"3","72":"3","H6":"3","H4":"3","H5":"3"},"XC":{"7W":"3","9X":"3","9W":"3","8X":"3","CX":"3","8W":"3","7X":"3","8V":"3"},"4M":{"JW":"3","MJ":"3","JH":"3","96":"3","MW":"3","PW":"3","PR":"3","MM":"3","PJ":"3","MQ":"3","93":"3","PX":"3","JJ":"3","QX":"3","MR":"3","84":"3","PQ":"3","MP":"3","PM":"3","C6":"3","PP":"3"}},"8W":{"XR":{"4X":"3"},"MQ":{"HQ":"3","GQ":"3"}}},"index":{"university,1|retail,2|tourism,3|wreck,4|historical,5|artsCulture,6|namedBuilding,7|water,8|wetland,9|park,10|beach,11|natureReserve,12|cemetery,13|trail,14":{}}}