{"index":{"university,1|retail,2|tourism,3|wreck,4|historical,5|artsCulture,6|namedBuilding,7|water,8|wetland,9|park,10|beach,11|natureReserve,12|cemetery,13|trail,14":{}},"5Q":{"6C":{"X8":{"42":"3","83":"3"}},"VG":{"HW":{"V5":"3","V6":"3","QG":"3","W4":"3","QJ":"3","QF":"3","X5":"3","RJ":"3","RH":"3","X3":"3","XJ":"3","X4":"3","FP":"3","CW":"3","PJ":"3","78":"3","PH":"3","V7":"3","79":"3","F2":"3","W5":"3","RG":"3","C2":"3","92":"3","RF":"3","QH":"3","W3":"3","W6":"3","5R":"3","G5":"3"},"GR":{"WJ":"3","RP":"6|3","JV":"3","MQ":"3","QP":"6|3","RM":"3","HX":"3","WQ":"3","PR":"3","QM":"3","QV":"3","VP":"3","MV":"6|3","RJ":"3","RR":"3","XJ":"3","PV":"3","PQ":"3","XX":"3","RQ":"3","MR":"3","MW":"3","QQ":"3","QR":"3"},"JV":{"F2":"3","43":"3","G3":"3","Q9":"3","27":"3","WM":"3","55":"6","VH":"3","P9":"3","CH":"3"},"69":{"54":"3"},"FX":{"XP":"3"},"7X":{"PP":"3","WH":"3","WR":"3","QP":"3","QW":"3","PR":"3","RQ":"3","QQ":"3","WV":"3","QX":"3","RP":"3","RW":"3","VQ":"3","VM":"3","VP":"3","VV":"3","XR":"3","QV":"3","PV":"3","VX":"3","PJ":"3","WW":"3","RV":"3","WQ":"3","RM":"3","XM":"3","QM":"3","XQ":"3","XW":"3","WM":"3","QJ":"3","PQ":"3","PH":"3","WX":"3","VR":"3","WJ":"3","QH":"3","RX":"3","QR":"3","VH":"3","RH":"3","PM":"3","VJ":"3","XV":"3","VW":"3","XP":"3","WP":"3","RR":"3","RJ":"3"},"79":{"M2":"3"},"7J":{"VF":"3","RF":"3","PF":"3","VC":"3","MC":"3","MF":"3","PC":"3","RC":"3"},"6W":{"GW":"3","JX":"3","FW":"3","GX":"3"},"5W":{"CR":"3"},"GX":{"6R":"3","68":"3"},"HM":{"9W":"3","3C":"3"},"JR":{"FX":"3","CV":"3","CX":"3","CR":"3","9R":"3"},"HR":{"R9":"3","3Q":"3","5J":"3","3P":"6","CV":"3","4M":"3","FP":"3","QF":"3","7M":"3","9R":"3","RJ":"3","3J":"3","9M":"3","4P":"3","4J":"3","P9":"3","CR":"3","9V":"3"},"6F":{"HV":"3"},"6X":{"96":"3","97":"3","C7":"3","C6":"3"},"5X":{"F8":"3","FF":"3","9C":"3"},"HV":{"WJ":"3","4G":"3","FW":"3","GW":"3","VJ":"3","9X":"3","CX":"3","F9":"3","FF":"3","6G":"3","VH":"3","WH":"3","FX":"3","FG":"3"},"MV":{"6V":"3","3R":"3","3V":"3","9W":"3","4R":"3","3W":"3","4V":"3","5V":"3","4W":"3","5R":"3"},"JW":{"74":"3","23":"3","84":"3","65":"3","75":"3","3H":"3"}},"HP":{"62":{"5J":"3"},"34":{"88":"3"}},"H3":{"9X":{"W8":"3"},"FR":{"H9":"3","H8":"3","J7":"3","M7":"3","J8":"3","M8":"3"}},"CG":{"PR":{"CX":"3"}},"G9":{"RQ":{"JR":"3","FW":"3","HR":"3","GV":"3","JV":"3","GW":"3","JW":"3","FP":"3","HX":"3","FV":"3","HV":"3","JX":"3","HW":"3","GR":"3","FX":"3","GX":"3"},"CM":{"QV":"3"},"8H":{"FP":"3","GP":"3"}},"33":{"48":{"CJ":"3","7H":"3","8H":"3","6H":"3","8G":"3","7J":"3","5H":"3","CH":"3"},"CF":{"W7":"3"},"Q3":{"CP":"3"},"6W":{"93":"3"},"4C":{"CW":"3"},"38":{"MM":"3","MP":"3","PM":"3","PP":"3"}},"FP":{"66":{"3M":"3","3P":"3","4P":"3"},"H6":{"9W":"3","CW":"3"},"96":{"5F":"3","5C":"3"},"C7":{"Q7":"3","J7":"3","M7":"3","P6":"3"},"9Q":{"7H":"3"}},"R9":{"25":{"QW":"3"}},"4P":{"33":{"V4":"3"},"3P":{"7Q":"3"},"3R":{"W9":"3","RC":"3"},"RJ":{"PC":"3"}},"2X":{"36":{"2P":"3"},"CF":{"W2":"3"},"3M":{"GG":"3","G4":"3","P8":"3","HC":"3","FH":"3","J6":"3","G9":"3"},"JX":{"2Q":"3"},"HX":{"XQ":"3","XP":"3"}},"62":{"PJ":{"RW":"3"}},"QF":{"QG":{"4G":"3","5G":"3"}},"3V":{"2P":{"8P":"3"}},"9P":{"26":{"JR":"3"}},"7F":{"43":{"M6":"3","M7":"3","P6":"3","P7":"3"}},"GF":{"42":{"3F":"3","4F":"3"}},"9Q":{"33":{"85":"3"},"G3":{"JM":"3","JJ":"3"},"95":{"PW":"3"}},"FW":{"WQ":{"M5":"3"},"W5":{"XM":"3"},"X5":{"4C":"3"}},"58":{"VH":{"99":"3"}},"F2":{"44":{"89":"3"}},"FV":{"XF":{"GQ":"3"}},"JX":{"48":{"CR":"3"},"47":{"3W":"3"},"7G":{"5X":"3","5W":"3","3W":"3","4M":"3"}},"RJ":{"QR":{"J8":"3"},"G6":{"8X":"3"},"P8":{"5P":"3","4P":"3","6J":"3"},"FF":{"7R":"3","8H":"3","J6":"3"},"96":{"VC":"3"},"HC":{"C9":"3","87":"3","98":"3","99":"3"},"PR":{"GH":"3"},"MC":{"QP":"3","WH":"3"},"GH":{"2G":"3"},"F9":{"WV":"3"},"C7":{"WF":"3"},"X8":{"2C":"3"}},"GP":{"96":{"25":"3","42":"3","32":"3"},"86":{"W7":"3"},"F5":{"8J":"3","8H":"3"},"95":{"3X":"3","4X":"3","CV":"3","4R":"3","6R":"3","6V":"3"},"85":{"WQ":"3"},"X4":{"GR":"3","FR":"3"},"MR":{"HX":"3"},"H6":{"75":"3"},"C6":{"WJ":"3","WG":"3","WH":"3","VH":"3","VG":"3","VJ":"3"}},"PG":{"C9":{"M9":"3","34":"3"},"8F":{"PJ":"3","WH":"3","QJ":"3"},"27":{"HW":"3"},"9F":{"4G":"3","73":"3","9G":"3","72":"3","CG":"3","J6":"3"},"9C":{"Q2":"3"},"7M":{"4X":"3"},"C8":{"49":"3"},"46":{"62":"3"}},"8P":{"HM":{"8R":"3","5W":"3"},"86":{"98":"3","99":"3"},"7G":{"FJ":"3"},"F9":{"H4":"3","54":"3","GW":"3","GR":"3","JX":"3","HW":"3","7M":"3","5H":"3"},"GM":{"VP":"3","PM":"3","PP":"3"},"JH":{"HQ":"3"},"9F":{"67":"3"},"XW":{"69":"3","59":"3","6C":"3"},"72":{"38":"3"},"CF":{"4V":"3","3P":"3"},"HP":{"5X":"3","5M":"3"},"JM":{"8M":"3","7M":"3"}},"M5":{"G3":{"V2":"3"},"JX":{"85":"3","C5":"3"},"H3":{"35":"3","6G":"3","46":"6","5G":"3"},"G2":{"W6":"3"},"FG":{"VV":"3"}},"WJ":{"R4":{"WV":"3"},"J5":{"Q3":"3"},"V5":{"8F":"3","8H":"3","9F":"3","8G":"3","9C":"3","7G":"3"}},"2R":{"XF":{"GV":"3"},"HR":{"X7":"3","W6":"3"},"GV":{"W5":"3"},"MP":{"5X":"3"},"QM":{"65":"3"},"RH":{"VF":"3","WF":"3"},"HV":{"35":"3"},"HW":{"3G":"3"},"VH":{"69":"3"},"RG":{"HW":"3"}},"3R":{"39":{"8G":"3"},"6W":{"PQ":"3"},"2C":{"2W":"3"},"38":{"RQ":"3","VQ":"3"}},"P7":{"28":{"6H":"3"}},"7C":{"8Q":{"W3":"3"}},"FQ":{"65":{"WP":"3"}},"VJ":{"WV":{"5R":"3","4R":"3","5Q":"3"},"3Q":{"XF":"3"},"4G":{"39":"3","2G":"3","38":"3"},"8F":{"GJ":"3","FH":"3"},"54":{"XH":"3"},"8G":{"R4":"3"},"6P":{"HX":"3"},"HX":{"F8":"3","R4":"3","R3":"3","F4":"3"},"4R":{"P8":"3","M7":"3"},"3G":{"VC":"3","WC":"3","CQ":"3"},"3H":{"43":"3","53":"3"},"5V":{"FH":"3"},"4P":{"P3":"3"},"4Q":{"5F":"3","QV":"3","W3":"3"},"8H":{"XF":"3"},"8R":{"F8":"3","QP":"3","JP":"3","HJ":"3","PR":"3","JM":"3","HM":"3","PQ":"3","MP":"3","PM":"3","QM":"3","PP":"3"},"6Q":{"M3":"3"}},"4Q":{"5P":{"P8":"3"},"4R":{"25":"3","24":"3","2C":"3","34":"3"},"CC":{"3M":"3","3P":"3"},"3R":{"W7":"3","X5":"3"},"7J":{"73":"3","63":"3"},"FC":{"3X":"3","2X":"3","2W":"3"}},"M8":{"VG":{"J9":"3"},"F4":{"6G":"3","7G":"3"},"8W":{"VH":"3"},"F9":{"M4":"3"},"XP":{"22":"3"},"H4":{"J2":"3","J3":"3"},"WG":{"36":"3"}},"9J":{"G4":{"M3":"3"},"5H":{"RX":"3"}},"F8":{"HC":{"F5":"3"}},"VM":{"M3":{"F4":"3"}},"GW":{"XP":{"JC":"3","JF":"3"},"45":{"64":"3"},"34":{"H9":"3","HM":"3","C8":"3","G9":"3","J9":"3"}},"MH":{"FQ":{"4W":"3"}},"FR":{"WV":{"GG":"3"}},"73":{"VP":{"X4":"3"},"Q8":{"CF":"3","MM":"3","7X":"3"},"VM":{"VV":"3"},"XM":{"GH":"3"}},"JW":{"G4":{"26":"3"},"3R":{"6G":"3","6F":"3"},"47":{"JM":"3"},"G9":{"W4":"3","V4":"3"}},"P8":{"8C":{"C3":"3"},"J5":{"22":"3"},"79":{"WJ":"3","XH":"3","XJ":"3","WH":"3"}},"3J":{"79":{"QG":"3"},"89":{"2C":"3"}},"7M":{"MJ":{"CM":"3","FJ":"3","8M":"3","7P":"3","9M":"3","CH":"3"},"V3":{"FQ":"3","FP":"3"},"JW":{"8M":"3"},"MF":{"55":"3","65":"3","64":"3"},"4R":{"GG":"3","HH":"3","FF":"3","MC":"3","MF":"3","GH":"3","JF":"3","JG":"3"},"C4":{"HV":"3"},"6R":{"58":"3"},"XX":{"Q4":"3","P3":"3"},"35":{"WW":"3","VW":"3"},"PC":{"X8":"3"},"C6":{"XQ":"3"}},"9V":{"PX":{"GF":"3"},"F6":{"HG":"3"}},"57":{"5M":{"74":"3"},"2C":{"M6":"3"}},"PH":{"93":{"RP":"3","VM":"3","VH":"3"},"VM":{"6M":"3","5M":"3"},"94":{"P8":"3","MH":"3","V8":"3","MG":"3"},"C7":{"7G":"3"},"C5":{"2W":"3"}},"2M":{"X7":{"CP":"3"}},"6Q":{"JC":{"9R":"3"},"VG":{"H5":"3"}},"M4":{"5J":{"XH":"3"},"6J":{"2C":"3","F6":"3"},"JW":{"4J":"3","3G":"3","4G":"3","4H":"3","3H":"3","3J":"3"},"FV":{"8F":"3"},"6H":{"GG":"3","HH":"3","HF":"3","GH":"3","GF":"3","FG":"3","HG":"3","FH":"3","MR":"3"},"6M":{"37":"3","CR":"3"},"2M":{"98":"3"}},"M9":{"XX":{"QJ":"3","RJ":"3"}},"X5":{"VM":{"99":"3","85":"3","22":"3"},"R9":{"HQ":"3","8M":"3","6G":"3","7G":"3"},"VC":{"JW":"3"},"VJ":{"36":"3","2X":"3","37":"3","4G":"3","26":"3","4H":"3","38":"3","28":"3"},"QC":{"V5":"3"},"RM":{"Q4":"3","PF":"3","XF":"3","V4":"3","P4":"3","J3":"3","77":"3"},"MF":{"MG":"3"},"83":{"CV":"3","GV":"3"},"VP":{"93":"3"},"RH":{"QG":"3","QJ":"3","MF":"3","GV":"3","JP":"3","WX":"3","QQ":"3","FV":"3","HQ":"3","VM":"3","J9":"3","MH":"3","QM":"3","MC":"3","HR":"3","QH":"3","RR":"3","HV":"3","VP":"3"},"99":{"XH":"3"},"RJ":{"F4":"3","Q8":"3","WJ":"3","R9":"3","W6":"3","Q9":"3","H3":"3","G3":"3","J2":"3","X6":"3","VJ":"3","G5":"3","Q6":"3","R7":"3","J4":"3","QF":"3","R3":"3","W2":"3","92":"3","F9":"3","X8":"3","RJ":"3","M7":"3","G4":"3","XJ":"3","2H":"3","C9":"3","2F":"3","PC":"3","WM":"3","WH":"3","R6":"3","P4":"3","PH":"3","RF":"3","XG":"3","RG":"3","CC":"3","FC":"3","X2":"3","P6":"3","GG":"3"},"QJ":{"XH":"3"},"QG":{"G6":"3","4Q":"3"},"72":{"FX":"3"},"73":{"24":"3"},"RG":{"8J":"3"}},"6P":{"9H":{"W3":"3"},"W9":{"J7":"3"},"CH":{"9G":"3"}},"H7":{"QH":{"RP":"3","VP":"3","VM":"3","RM":"3","QM":"3","VJ":"3","QJ":"3","RJ":"3"},"VP":{"V2":"3"},"WP":{"56":"3"},"VM":{"RX":"3"},"RH":{"48":"3","49":"3","39":"3","38":"3","7M":"3","3C":"3"}},"4W":{"78":{"XP":"3"}},"MR":{"W8":{"H4":"3","J5":"3","H5":"3","J4":"3"},"P3":{"HH":"3","HJ":"3","JJ":"3"}},"8J":{"8R":{"7F":"3","5J":"3","8F":"3","G7":"3","J2":"3","7G":"3","F9":"3","4R":"3","G6":"3","5P":"3","6G":"3","4V":"3","5M":"3","6H":"3","4X":"3","F8":"3","8C":"3","4W":"3","5R":"3","H4":"3","H5":"3","CC":"3","9C":"3"},"8Q":{"VG":"3","X9":"3","MP":"3","JQ":"3","X8":"3","MV":"3","RH":"3","PV":"3","MR":"3","MW":"3","WC":"3","W9":"3","PH":"3","PW":"3","MX":"3","X7":"3"},"68":{"35":"3","25":"3","27":"3","26":"3","24":"3","23":"3","22":"3","28":"3"},"CG":{"HP":"3","CG":"3","GR":"3","M9":"3","9P":"3","HG":"3","GV":"3","9Q":"3","7X":"3","CC":"3","F9":"3","JJ":"3","CF":"3","FF":"3","9J":"3","C9":"3","9M":"3","JG":"3","66":"3","HM":"3","87":"3","GG":"3","FW":"3","CH":"3","9H":"3","GF":"3","9R":"3","8W":"3","FC":"3","8V":"3"},"58":{"VG":"3","FH":"3","H3":"3","V7":"3","CG":"3","G9":"3","R9":"3","R2":"3","C4":"3","C8":"3","62":"3","88":"3","QF":"3","WG":"3","V3":"3","C5":"3","GF":"3","XC":"3","J3":"3","F2":"3","V6":"3","FF":"3","PG":"3","M5":"3","WC":"3","P7":"3","G4":"3","Q4":"3","M8":"3","QG":"3","F8":"3","C9":"3","73":"3","P2":"3","P8":"3","M4":"3","F6":"3","R4":"3","M9":"3","79":"3","X5":"3","H7":"3","R6":"3","X9":"3","Q8":"3","GG":"3","H4":"3","H9":"3","MG":"3","JF":"3","77":"3","F5":"3","74":"3","83":"3","WF":"3","JC":"3","F7":"3","X8":"3","G2":"3","W6":"3","G8":"3","Q3":"3","V8":"3","J2":"3","M2":"3","93":"3","8C":"3","G6":"3","87":"3","W8":"3","HC":"3","J6":"3","J9":"3","F3":"3","H2":"3","99":"3","P9":"3","75":"3","W4":"3","Q9":"3","VF":"3","C3":"3","R8":"3","FC":"3","Q6":"3","W7":"3","86":"3","P6":"3","98":"3","63":"3","H8":"3","J7":"3","R5":"3","9G":"3","97":"3","H5":"3","92":"3","MF":"3","CC":"3","CH":"3","8F":"3","QC":"3","82":"3","H6":"3","94":"3","F4":"3","P4":"3","9C":"3","W5":"3","HF":"3","V5":"3","J5":"3","RF":"3","VC":"3","W9":"3","W3":"3","Q2":"3","C2":"3","C7":"3","72":"3","Q7":"3","89":"3","X6":"3","P3":"3","65":"3","G3":"3","W2":"3","Q5":"3","V9":"3","GC":"3","G5":"3","J4":"3","64":"3","RG":"3","76":"3","CF":"3","96":"3","M3":"3","C6":"3","J8":"3","M7":"3","9F":"3","78":"3","R3":"3","F9":"3","V4":"3","PC":"3","RC":"3","GH":"3","HG":"3","FG":"3","95":"3","X2":"3","PF":"3","MC":"3","V2":"3","66":"3","R7":"3","85":"3","P5":"3","X7":"3","M6":"3","JG":"3","G7":"3","X3":"3","X4":"3","84":"3"},"X5":{"88":"3"},"8P":{"V2":"3","X2":"3","X3":"3"},"57":{"PP":"3","CQ":"3","CX":"3","GR":"3","9W":"3","WR":"3","HW":"3","HV":"3","QW":"3","8R":"3","CP":"3","GQ":"3","7W":"3","PR":"3","PX":"3","RQ":"3","JX":"3","MW":"3","QQ":"3","WV":"3","HR":"3","CW":"3","8V":"3","CV":"3","QX":"3","MP":"3","RW":"3","VQ":"3","JP":"3","9V":"3","VV":"3","QV":"3","PV":"3","6X":"3","VX":"3","9R":"3","8X":"3","FW":"3","WW":"3","RV":"3","FQ":"3","HQ":"3","XW":"3","6W":"3","JQ":"3","JR":"3","FV":"3","MV":"3","PQ":"3","9X":"3","8Q":"3","MX":"3","XX":"3","WX":"3","VR":"3","GX":"3","FX":"3","FP":"3","FR":"3","RX":"3","QR":"3","7V":"3","9Q":"3","7X":"3","MQ":"3","JW":"3","CR":"3","XV":"3","JV":"3","VW":"3","PW":"3","HX":"3","GV":"3","GW":"3","HP":"3","GP":"3","RR":"3","8W":"3","MR":"3"},"PW":{"H9":"3"},"9P":{"7M":"3","52":"3","FH":"3","9C":"3","CG":"3","22":"3","88":"3","8G":"3","63":"3","99":"3","75":"3","4W":"3","3X":"3","8H":"3","6M":"3","5P":"3","23":"3","7J":"3","87":"3","8J":"3","64":"3","9G":"6|3","98":"3","74":"3","8F":"3","76":"3","9H":"3","7W":"3","32":"3"},"8M":{"RV":"3","V8":"3","QC":"3","RX":"3","7F":"3","VJ":"3","RH":"3","WX":"3","6G":"3","F9":"3","R8":"3","VH":"3","VM":"3","WQ":"3","W8":"3","MC":"3","WJ":"3","RW":"3","X7":"3","RC":"3","VP":"3","VR":"3","R9":"3","VX":"3","VQ":"3","X8":"3"},"3Q":{"5J":"3","4J":"3","4G":"3"},"CJ":{"27":"3","26":"3","29":"3","28":"3"},"9Q":{"33":"3","26":"3"},"7X":{"67":"3","3F":"3","2H":"3","4F":"3","2F":"3","74":"3","68":"3","5C":"3","3C":"3","2C":"3"},"3P":{"5V":"3"},"9J":{"WH":"3","9W":"3","HV":"3","X6":"3","WF":"3","CW":"3","RP":"3","VQ":"3","VM":"3","R2":"3","W3":"3","X4":"3","VP":"3","VV":"3","V3":"3","QV":"3","PV":"3","R3":"3","FW":"3","RV":"3","RM":"3","JR":"3","X5":"3","FV":"3","MV":"3","9X":"3","5X":"3","WG":"3","VH":"3","VJ":"3","JV":"3","GV":"3","XC":"3","XF":"3","MR":"3"},"V4":{"MM":"3"},"9M":{"3X":"3","43":"3","36":"3","35":"3","44":"3","4X":"3","5X":"3","52":"3","27":"3"},"6W":{"X4":"3","X8":"3"},"2Q":{"VF":"3"},"7V":{"RV":"3","PX":"3","WM":"3","JV":"3","XC":"3","QX":"3","WH":"3","MW":"3","FX":"3","78":"3","WP":"3","79":"3","WG":"3","XF":"3","WJ":"3","RW":"3","MX":"3","HV":"3","VR":"3","JW":"3","VQ":"3","89":"3"},"8C":{"V7":"3"},"CH":{"F3":"3","45":"3","F2":"3","54":"3","F5":"3","64":"3","9H":"3","44":"3","C9":"3","CH":"3","35":"3","F6":"3","72":"3","73":"3","25":"3","CF":"3","CC":"3","26":"3"},"6X":{"VG":"3","WJ":"3","RV":"3","QV":"3","RH":"3","VP":"3","RR":"3","VH":"3","WM":"3","XH":"3","WH":"3","QW":"3","QX":"3"},"9H":{"XF":"3","WF":"3","WP":"3","X9":"3","VR":"3","WQ":"3","VV":"3","XC":"3","XM":"3","X8":"3","XJ":"3","WM":"3","XH":"3","XG":"3","X7":"3","VX":"3","VW":"3"},"7W":{"F3":"3","8P":"3","9P":"3","27":"3","7Q":"3","99":"3","FM":"3","F5":"3","8H":"3","6M":"3","F2":"3","98":"3","CR":"3","8C":"3","F6":"3","CQ":"3","6Q":"3","CP":"3","CV":"3","7P":"3","F4":"3","C6":"3"},"8V":{"36":"3","29":"3","38":"3","37":"3","35":"3","42":"3","2C":"3","43":"3"},"89":{"H8":"3"}},"Q8":{"35":{"WV":"3"},"PJ":{"3V":"3","3W":"3"},"VM":{"WJ":"3"},"46":{"62":"3","52":"3","53":"3","73":"3","72":"3","63":"3","82":"3"},"VJ":{"3X":"3"}},"MV":{"Q3":{"3R":"3"},"G2":{"JX":"3"}},"HX":{"87":{"X3":"3"},"75":{"HQ":"3","FQ":"3"},"86":{"GC":"3"},"65":{"22":"3","77":"3"},"54":{"8C":"3"},"8G":{"3C":"3"},"97":{"33":"3","23":"3","32":"3"},"44":{"V2":"3"},"5Q":{"VP":"3","VM":"3"},"43":{"J8":"3"}},"2Q":{"44":{"8M":"3"},"25":{"M9":"3"},"74":{"QH":"3","PG":"3","QG":"3","PH":"3"}},"7J":{"WV":{"W2":"3"},"WP":{"VR":"3","RV":"3","RW":"3","VQ":"3"},"WQ":{"J5":"3","Q2":"3","Q8":"3","V5":"3","P2":"3"},"CQ":{"PH":"3"},"68":{"G4":"3"},"WM":{"WX":"3"},"XP":{"26":"3","2F":"3"}},"H4":{"XH":{"PW":"3"},"M3":{"FF":"3","CC":"3"},"J2":{"JR":"3","MQ":"3"}},"QJ":{"G7":{"WC":"3","P8":"3","62":"3","GV":"3","Q7":"3","F5":"3","JJ":"3","V9":"3","M8":"3","P9":"3","Q6":"3","74":"3","H2":"3","P7":"3","Q8":"3","F4":"3","32":"3","M7":"3","Q9":"3","84":"3"},"F3":{"5V":"3"},"MG":{"M7":"3"},"JC":{"75":"3"},"V7":{"3M":"3"},"H7":{"49":"3","39":"3","CV":"3","9W":"3","4C":"3","CW":"3","3C":"3","FW":"3"},"M4":{"R2":"3"},"MF":{"M4":"3","CF":"3","M6":"3","MM":"3","QC":"3","P2":"3"},"F5":{"JW":"3","JX":"3","HW":"3","HX":"3","MX":"3"},"MC":{"JC":"3","PF":"3","PV":"3","MC":"3","QX":"3","QG":"3"},"83":{"FP":"3"},"G6":{"7W":"3","6X":"3","5X":"3","5W":"3","6W":"3","6V":"3"},"R2":{"8Q":"3","8H":"3"},"H8":{"93":"3"},"V9":{"MF":"3","JG":"3"},"PC":{"WM":"3"},"R6":{"78":"3"},"RC":{"MH":"3","JJ":"3"},"R5":{"CP":"3","9V":"3","9R":"3","9Q":"3"},"9J":{"4M":"3"}},"7H":{"MJ":{"V7":"3","PQ":"3","V5":"3","MX":"3"},"QH":{"2H":"3"},"PG":{"X6":"3","W5":"3","V6":"3","X7":"3","X5":"3","W6":"3","V5":"3","W4":"3"},"HR":{"V9":"3","V7":"3","JP":"3","V3":"3","R8":"3","VC":"3","V2":"3","WC":"3","W7":"3","R9":"3","W9":"3","V8":"3","W8":"3"},"MM":{"G8":"3","8J":"3"},"HQ":{"VX":"3"},"PF":{"RW":"3","RX":"3","VW":"3"},"WC":{"Q5":"3"},"PJ":{"72":"3"},"QG":{"27":"3","26":"3"},"PH":{"XH":"3","VC":"3","V6":"3","MF":"3","XF":"3","XJ":"3","CQ":"3","XM":"3"},"JP":{"8W":"3"}},"32":{"XG":{"Q9":"3"},"RX":{"GF":"3"}},"H9":{"MH":{"F3":"3"},"92":{"84":"3"},"QQ":{"2J":"3","F5":"3"},"QM":{"F8":"3","C9":"3","GC":"3","F9":"3","C8":"3"},"PP":{"XF":"3"},"HR":{"JW":"3","GC":"3","HW":"3","FC":"3"},"HV":{"H3":"3"}},"MG":{"VC":{"PF":"3","JF":"3"},"W8":{"7Q":"3"},"QC":{"53":"3","6F":"3"},"XR":{"93":"3"},"X9":{"3M":"3","2M":"3"},"97":{"CG":"3"},"FF":{"94":"3"},"G4":{"W2":"3"},"HF":{"56":"3"},"4J":{"M4":"3"},"56":{"2P":"3"}},"69":{"96":{"QF":"3"}},"74":{"X7":{"8R":"3"}},"83":{"7F":{"2G":"3","2H":"3","27":"3","24":"3","2C":"3"},"62":{"WW":"3"},"7C":{"2Q":"3","2V":"3"},"FG":{"JC":"3","Q5":"3"},"6F":{"R2":"3","W5":"3","Q3":"3","R3":"3"},"6C":{"CM":"3","CP":"3","JR":"3","RR":"3","MQ":"3","GH":"3","HX":"3","QV":"3","FH":"3","4F":"3","MV":"3","77":"3"},"FC":{"C8":"3"},"56":{"WH":"3"},"G9":{"6H":"3"},"64":{"W7":"3"}},"9X":{"CP":{"29":"3"},"26":{"GH":"3"},"HM":{"Q7":"3"},"3W":{"Q9":"3","Q6":"6|3","V6":"3","Q8":"3","R9":"3","Q5":"3","RC":"3"},"4W":{"6Q":"3"}},"JC":{"F8":{"H2":"3"},"X6":{"M9":"3","M8":"3"},"H8":{"M3":"3"},"M9":{"8M":"3"},"MC":{"G6":"3","H7":"3"},"F7":{"9V":"3","CV":"3","GR":"3","PW":"3","QX":"3","GX":"3"},"F9":{"F8":"3"},"J8":{"7J":"3"},"H7":{"HX":"3"},"G9":{"6M":"3","PJ":"3","9F":"3","6G":"3","9Q":"3"}},"45":{"33":{"PV":"3"},"5W":{"49":"3"}},"G2":{"6M":{"VF":"3","VC":"3","WC":"3","WG":"3","WF":"3"}},"5X":{"22":{"48":"3","38":"3"}},"5Q":{"GC":{"Q6":"3"},"W6":{"HX":"3"},"HG":{"G3":"3"}},"37":{"MR":{"W7":"3"},"J9":{"J3":"3"}},"PQ":{"5F":{"R4":"3","V3":"3"},"X6":{"79":"3"},"GC":{"F4":"3"},"M9":{"H2":"3","J2":"3"},"9F":{"F5":"3","F6":"3"},"7J":{"HR":"3"}},"VQ":{"Q4":{"43":"3"}},"93":{"86":{"W9":"3","57":"3"},"64":{"V5":"3"}},"6G":{"JQ":{"XP":"3"},"V6":{"H9":"3"},"MQ":{"WH":"3","Q6":"3","R4":"3","V7":"3","X6":"3","Q5":"3","X2":"3","W2":"3","WF":"3","Q2":"3","W9":"3","R6":"3","P6":"3","V5":"3","VM":"3","P8":"3","R2":"3","R8":"3","R9":"3","W3":"3","W7":"3","X4":"3","X7":"3","XR":"3","V3":"3","V4":"3","R3":"3","X8":"3","V2":"3","Q8":"3","XG":"3","WQ":"3","RM":"3","X3":"3","XM":"3","XQ":"3","Q3":"3","X5":"3","XJ":"3","W4":"3","X9":"3","V9":"3","R7":"3","WJ":"3","P4":"3","W6":"3","XH":"3","M6":"3","Q7":"3","WG":"3","P5":"3","VH":"3","V6":"3","VJ":"3","V8":"3","Q4":"3","XV":"3","XP":"3","M7":"3","WP":"3","XC":"3","Q9":"3","XF":"3","P7":"3","RJ":"3","W5":"3","W8":"3","R5":"3","VG":"3"},"PX":{"WW":"3","VP":"3","VJ":"3"},"QX":{"6M":"3","7R":"3","5P":"3","2Q":"3","8Q":"3","7V":"3","4Q":"3","4R":"3","27":"3","26":"3","5M":"6|3","6R":"3","6Q":"3","6V":"3","4M":"6|3","7Q":"3"},"R9":{"Q8":"3"},"PQ":{"6C":"3","33":"3","48":"3","4P":"3","C4":"3","88":"3","3V":"3","C5":"3","7F":"3","8G":"3","4H":"3","2F":"3","58":"3","29":"3","2J":"3","8P":"3","2R":"3","5P":"3","3R":"3","7C":"3","4Q":"3","35":"3","3J":"3","7M":"3","57":"3","2M":"3","6Q":"3","47":"3","79":"3","6P":"3","7R":"3","8J":"3","2Q":"3","2G":"3","7J":"3","7H":"3","5F":"3","32":"3","3M":"3","77":"3","69":"3","74":"3","68":"3","45":"3","25":"3","5Q":"3","37":"3","54":"3","5J":"3","8C":"3","6G":"3","87":"3","4M":"3","55":"3","27":"3","3F":"3","7P":"3","46":"3","75":"3","3C":"3","67":"3","49":"3","3P":"3","5M":"3","63":"3","23":"3","8F":"3","6F":"3","3H":"3","94":"3","26":"3","4G":"3","9C":"3","22":"3","2P":"3","39":"3","7G":"3","2H":"3","4F":"3","2V":"3","28":"3","65":"3","38":"3","5V":"3","4C":"3","4V":"3","2C":"3","3Q":"3","36":"3","5R":"3","6M":"3","64":"3","9F":"3","4J":"3","78":"3","56":"3","5G":"3","6H":"3","7Q":"3","5H":"3","5C":"3","95":"3","6R":"3","66":"3","3G":"3","4R":"3","85":"3","59":"3","6J":"3","84":"3"},"MP":{"RV":"3","XR":"3","RX":"3","WM":"3","VF":"3","XV":"3","XP":"3","WF":"3","VJ":"3","XJ":"3","WX":"3","WH":"3","WW":"3","XM":"3","RP":"3","WP":"3","VG":"3","XQ":"3","VH":"3","RQ":"3","VM":"3","WV":"3","WQ":"3","XG":"3","WG":"3","XH":"3","VW":"3","XW":"3","WJ":"3","RW":"3","XX":"3","RR":"3","WR":"3","VP":"3","VR":"3","VX":"3","VV":"3","VQ":"3"},"MX":{"9X":"3","VW":"3"},"PP":{"8R":"3","7M":"3","HW":"3","7G":"3","8Q":"3","3R":"3","8P":"3","3G":"3","GR":"3","4V":"3","3J":"3","2J":"3","6J":"3","JV":"3","2G":"3","9P":"3","GV":"3","8M":"3","4G":"3","3Q":"3","7Q":"3","5J":"3","4H":"3","4M":"3","6P":"3","4W":"3","6R":"3","FP":"3","34":"3","9Q":"3","7H":"3","3M":"3","6H":"3","3X":"3","FR":"3","2R":"3","7X":"3","5H":"3","4R":"3","6M":"3","3P":"3","FV":"3","5P":"3","2M":"3","7J":"3","GW":"3","6W":"3","5W":"3","2Q":"3","3H":"3","5M":"3","4J":"3","2X":"3","5V":"3","HR":"3","CR":"3","3W":"3","6X":"3","CQ":"3","5X":"3","3V":"3","45":"3","2V":"3","6Q":"3","4X":"3","HV":"3","CP":"3","7W":"3","5R":"3","9R":"3","7P":"3","JW":"3","6V":"3","7R":"3","4Q":"3","2W":"3","5Q":"3","2P":"3","FQ":"3","5G":"3","4P":"3","2H":"3"},"RC":{"M6":"3"}},"8V":{"C5":{"2C":"3"}},"J6":{"JQ":{"44":"3"},"HW":{"QR":"3","PV":"3","PR":"3","VX":"3","QV":"3","VW":"3","MV":"3"},"QV":{"CV":"3"},"3Q":{"9M":"3"},"56":{"GM":"3"},"2R":{"QP":"3"}},"J9":{"4R":{"FJ":"3"},"HX":{"9V":"3","8Q":"3","6X":"3"},"GX":{"C2":"3"}},"4M":{"MJ":{"VF":"3","XF":"3","WG":"3","WF":"3"},"JM":{"6H":"3"},"CR":{"V9":"3","VC":"3"}},"JQ":{"FM":{"CM":"3"}},"PR":{"3F":{"7H":"3"}},"P9":{"2X":{"4J":"3"},"6V":{"3J":"3"},"6P":{"XX":"3"},"7R":{"3G":"3","HJ":"3","GJ":"3","J8":"3","CH":"3"},"36":{"9C":"3"},"7V":{"V2":"3"},"23":{"P5":"3","P7":"3"},"2W":{"7M":"3","C5":"3","PH":"3"}},"8M":{"8R":{"54":"3"},"8Q":{"F8":"3","JW":"3","87":"3","4P":"3","8V":"3"},"8P":{"C9":"3","98":"3","4R":"3","76":"3","88":"3","72":"3","C8":"3","75":"3"},"88":{"52":"3","36":"3","2F":"3","35":"3","53":"3","34":"3","2C":"3","26":"3","43":"3"},"6J":{"5J":"3"},"7C":{"R9":"3","QH":"3","JV":"3","MQ":"3","JW":"3","R4":"3","QF":"3","R3":"3","HX":"3","MP":"3","PM":"3","R8":"3","R6":"3","PJ":"3","QG":"3","RC":"3","R5":"3"},"62":{"CM":"3","H4":"3","CG":"3","M2":"3","9V":"3","J3":"3","F7":"3","G4":"3","CJ":"3","F5":"3","CW":"3","CX":"3","F9":"3","CF":"3","FF":"3","C9":"3","CR":"3","F6":"3","CH":"3","CQ":"3","CP":"3","FC":"3","G5":"3"},"8M":{"7W":"3","96":"3","93":"3","92":"3","8H":"3","9P":"3","9C":"3","94":"3","C6":"3","95":"3"},"8G":{"9C":"3","97":"3","QV":"3","RX":"3","GR":"3","JV":"3","9P":"3","PQ":"3","PR":"3","96":"3","94":"3","95":"3","FR":"3","C7":"3","9J":"3","9M":"3","93":"3","9F":"3","9G":"3","98":"3","CR":"3","92":"3","QW":"3","RW":"3","CQ":"3","9H":"3","MQ":"3","QR":"3","HV":"3","CP":"3","C5":"3"},"63":{"8C":"3","CX":"3","9W":"3","HW":"3","QW":"3","CF":"3","C5":"3","JX":"3","MW":"3","93":"3","92":"3","QX":"3","9V":"3","9J":"3","9R":"3","96":"3","9P":"3","C3":"3","9C":"3","C8":"3","9F":"3","9H":"3","9X":"3","95":"3","GX":"3","C6":"3","FX":"3","RX":"3","89":"3","C9":"3","9Q":"3","JW":"3","9G":"3","CC":"3","9M":"3","PW":"3","C7":"3","GW":"3","CG":"3"},"7F":{"H4":"3","H3":"3","QC":"3","M9":"3","VF":"3","XJ":"3","WH":"3","G8":"3","F9":"3","VG":"3","H7":"3","H9":"3","P9":"3","H6":"3","HC":"3","RF":"3","RC":"3","H2":"3","G7":"3","Q9":"3"},"75":{"7W":"3","7X":"3","4M":"3","7V":"3","6R":"3","3H":"3","2F":"3","4P":"3","4J":"3","5Q":"3","4H":"3"},"7X":{"62":"3"},"8H":{"WC":"3","RV":"3","W4":"3","V2":"3","X6":"3","QV":"3","X5":"3","WM":"3","WF":"3","W7":"3","QX":"3","XJ":"3","X4":"3","WP":"3","W2":"3","WQ":"3","W8":"3","XG":"3","XH":"3","W9":"3","QW":"3","RR":"3","W3":"3","VR":"3"},"78":{"HW":"3","QJ":"3","GV":"3","RJ":"3","PQ":"3","VJ":"3","PR":"3","MW":"3","PJ":"3","FV":"3","JX":"3","XH":"3","XG":"3","XF":"3","WJ":"3","PV":"3","MV":"3","JW":"3","PP":"3","PM":"3"},"FV":{"G6":"3"},"65":{"R9":"3","VC":"3","Q9":"3","V2":"3","V3":"3","V6":"3","V5":"3","V7":"3","XC":"3","R2":"3","V4":"3","V9":"3","WC":"3","R6":"3","V8":"3"},"79":{"QR":"3","MJ":"3","JC":"3","M3":"3","PG":"3","PF":"3","J5":"3","RW":"3","PV":"3","PR":"3","MM":"3","J7":"3","MQ":"3","MC":"3","MF":"3","QV":"3","J8":"3","MR":"3","MP":"3","M2":"3","J4":"3","J6":"3","PH":"3","J9":"3"},"87":{"9G":"3","69":"3","9H":"3","46":"3","8Q":"3","7Q":"3","35":"3","8P":"3","8M":"3","9M":"3","58":"3","25":"3","CC":"3","9J":"3"},"8J":{"9Q":"3","M8":"3","JF":"3","JG":"3","HJ":"3","P2":"3","J9":"3","8W":"3","HH":"3","FM":"3","MC":"3","9R":"3","P8":"3","CP":"3","CM":"3","P3":"3","Q5":"3","M9":"3","P4":"3","P7":"3","8V":"3","GJ":"3","8R":"3","P6":"3"},"JR":{"77":"3"},"64":{"WC":"3","W4":"3","X6":"3","X5":"3","RX":"3","WM":"3","WF":"3","W7":"3","R2":"3","WH":"3","V3":"3","WP":"3","V4":"3","W8":"3","WG":"3","W9":"3","VW":"3","W5":"3","R3":"3","WJ":"3","RR":"3","VP":"3","W6":"3","VR":"3","VV":"3","VQ":"3"},"77":{"Q2":"3","P2":"3","W5":"3","R2":"3","X5":"3","V4":"3","W4":"3"},"7V":{"XF":"3","VM":"3","MJ":"3","7F":"3","W6":"3","WF":"3","8F":"3","PG":"3","G7":"3","X6":"3","MG":"3","WP":"3","VJ":"3","JC":"3","89":"3","XQ":"3","HH":"3","XM":"3","PF":"3","X8":"3","VP":"3","H9":"3","99":"3","XJ":"3","MH":"3","GH":"3","JH":"3","6C":"3","88":"3","7C":"3","8C":"3","WH":"3","XH":"3","PJ":"3","PH":"3","XP":"3","9C":"3","W7":"3","X7":"3"},"8F":{"7W":"3","6V":"3","3Q":"3","3R":"3","3P":"3","8X":"3","3M":"3","4R":"3","7V":"3","6R":"3","4V":"3","5R":"3","2M":"3"},"HR":{"5J":"3","5M":"3"},"76":{"87":"3","75":"3","HM":"3","86":"3","HR":"3","JW":"3","HJ":"3","HQ":"3","RX":"3","HH":"3","76":"3","FF":"3","HV":"3","99":"3","JX":"3","HW":"3","C9":"3","74":"3","98":"3","88":"3","HF":"3","72":"3","73":"3","GF":"3","FC":"3","MX":"3","HP":"3"},"6Q":{"VJ":"3","QM":"3","RH":"3","RJ":"3","VH":"3","QJ":"3","WH":"3"},"7P":{"GM":"3","5R":"3","XH":"3","WH":"3"},"6V":{"F8":"3","5F":"3","WX":"3","WJ":"3","F9":"3","F5":"3"},"7R":{"VQ":"3","VM":"3","RP":"3","WP":"3","VJ":"3","QP":"3","RM":"3|6","QM":"3","VP":"3|6","RH":"3","RJ":"3","VH":"3","QJ":"3","RQ":"3","WM":"3"},"55":{"WG":"3"},"8V":{"4J":"3","3F":"3","4X":"3","2Q":"3","2G":"3","3M":"3","27":"3","26":"3","5W":"3","5M":"3","3P":"3","9F":"3","6W":"3","GF":"3","9C":"3","HM":"3","2M":"3","5V":"3","2J":"3","4M":"3","GP":"3","3H":"3","3J":"3"}},"QM":{"36":{"35":"3"},"35":{"8F":"3"},"33":{"G8":"3","M8":"3","J8":"3","QP":"3","RM":"3","J9":"3","QM":"3","M9":"3","QQ":"3"},"C4":{"W8":"3"},"27":{"R2":"3"},"26":{"WC":"3"},"3P":{"P5":"3"},"34":{"HM":"3","GP":"3"},"29":{"62":"3","52":"3"},"28":{"7X":"3"}},"7P":{"47":{"45":"3"}},"46":{"RH":{"WF":"3"},"75":{"VG":"3"}},"9R":{"25":{"W2":"3"},"8J":{"JJ":"3"},"24":{"XV":"3"}},"3C":{"H2":{"RG":"3"}},"GR":{"55":{"54":"3","44":"3"},"2J":{"99":"3"}},"Q9":{"MQ":{"7H":"3","8H":"3","8G":"3","7G":"3"}},"67":{"F8":{"2J":"3"}},"C3":{"H3":{"36":"3"},"42":{"Q4":"3"},"G2":{"CH":"3"}},"53":{"PW":{"XR":"3"}},"RH":{"8X":{"CM":"3"},"J4":{"WJ":"3","XP":"3"},"Q4":{"36":"3","CM":"3","64":"3"},"69":{"72":"3"},"7H":{"5F":"3"},"H8":{"77":"3"},"X4":{"JC":"3","Q9":"3","MC":"3","MF":"3","XJ":"3"},"W4":{"X5":"3"},"68":{"4V":"3"},"6C":{"PQ":"3"},"5R":{"RQ":"3","GM":"3","48":"3","9V":"3","49":"3","39":"3","FJ":"3","HP":"3","JM":"3","38":"3","HM":"3"},"CF":{"85":"3"},"CC":{"8F":"3"},"H5":{"59":"3"},"X2":{"5F":"3","3F":"3","3G":"3","4C":"3","4F":"3","2J":"3","3J":"3"},"2M":{"MX":"3"},"9J":{"9H":"3"}},"3P":{"3R":{"XJ":"3"},"2P":{"82":"3"},"5P":{"36":"3","35":"3","3G":"3","2H":"3","4C":"3"},"6G":{"W2":"3"},"P4":{"RX":"3"},"H5":{"FP":"3"},"4Q":{"PJ":"3"},"C7":{"W4":"3","V4":"3"}},"5M":{"49":{"3J":"3"},"M6":{"52":"3"},"97":{"7H":"3","6H":"3"},"P5":{"CQ":"3"}},"86":{"GH":{"2J":"3"}},"FX":{"3X":{"37":"3"},"7F":{"VV":"3","JP":"3","RV":"3","RW":"3","FR":"3","PW":"3","GV":"3","VW":"3","MP":"3","GX":"3","FV":"3"},"6X":{"8H":"3"},"5X":{"8H":"3","XW":"3"},"VP":{"CC":"3"},"J7":{"G8":"3","G7":"3"},"4C":{"6W":"3"},"7M":{"X6":"3","W6":"3"},"3W":{"GX":"3"},"CH":{"55":"3","6G":"3","8G":"3","6F":"3"},"7G":{"G8":"3","H8":"3","G7":"3","H7":"3","G5":"3"}},"H8":{"7V":{"FF":"3","FC":"3"},"93":{"RG":"3"},"73":{"35":"3","C7":"3"},"74":{"25":"3","34":"3"},"72":{"FV":"3"},"63":{"R8":"3"},"5G":{"XM":"3"}},"9M":{"F8":{"9H":"3"},"5C":{"V8":"3"},"2G":{"XV":"3"},"79":{"JM":"3"},"98":{"4V":"3","5W":"3","4W":"3"},"VC":{"98":"3","C7":"3"}},"J7":{"W6":{"MX":"3"},"X6":{"X4":"3"},"V5":{"MG":"3"},"94":{"RW":"3"},"R8":{"JC":"3","MX":"3","P6":"3"},"WR":{"49":"3"},"37":{"PX":"3","QW":"3"},"R6":{"C2":"3"},"RF":{"W8":"3"},"26":{"7V":"3"}},"HW":{"7F":{"WJ":"3","VJ":"3","XR":"3","XQ":"3","XM":"3","RJ":"3","VH":"3","XJ":"3","JJ":"3","MH":"3","QJ":"3","WM":"3","WH":"3","XV":"3","XP":"3"},"8F":{"2X":"3","2Q":"3","2P":"3","4R":"3","3V":"3","3P":"3","2V":"3","3R":"3"},"8G":{"5J":"3","6J":"3","5G":"3","6G":"3","5M":"3","6H":"3","5H":"3","6M":"3","4H":"3"}},"8H":{"4G":{"JR":"3"},"HX":{"MW":"3"},"P7":{"PC":"3"}},"34":{"G6":{"7M":"3"},"78":{"F3":"3"},"99":{"FX":"3","CX":"3"},"9C":{"F2":"3","V7":"3","G4":"3","G3":"3","C4":"3","C5":"3","F4":"3","F5":"3","F3":"3"},"PP":{"92":"3"}},"92":{"6J":{"2G":"3"}},"MF":{"V2":{"GX":"3"},"W4":{"R7":"3"}},"42":{"GG":{"CP":"3"},"3M":{"JW":"3","JX":"3","HW":"3","HX":"3"},"2P":{"X8":"3"},"XC":{"67":"3"}},"23":{"G7":{"74":"3"},"J7":{"RC":"3"},"22":{"9W":"3"},"MF":{"7R":"3"},"J9":{"2J":"3"},"H9":{"VG":"3","WJ":"3","VJ":"3","VH":"3","XJ":"3","WH":"3","XH":"3","WG":"3"},"HC":{"XF":"3","WH":"3"},"82":{"4H":"3"}},"CH":{"55":{"WH":"3"}},"MQ":{"8P":{"8G":"3"},"79":{"W9":"3","W8":"3"},"7J":{"XQ":"3"},"MP":{"X4":"3"}},"2W":{"H6":{"8X":"3"},"93":{"36":"3","37":"3","27":"3","47":"3"},"83":{"XF":"3","WF":"3"},"P9":{"FJ":"3","FC":"3"}},"8F":{"H9":{"62":"3"},"R2":{"P2":"3"}},"9H":{"VF":{"W6":"3","W8":"3","V2":"3","X6":"3","V3":"3","X9":"3","V5":"3","R3":"3","W5":"3","W2":"3","X3":"3","X8":"3","R2":"3","W3":"3","X5":"3","V4":"3","X4":"3","W4":"3","X2":"3","W7":"3","X7":"3"},"V9":{"RV":"3","PX":"3","QV":"3","RX":"3","PW":"3","XV":"3","QX":"3","WX":"3","WW":"3","RQ":"3","WV":"3","VW":"3","XW":"3","QW":"3","XX":"3","RW":"3","QR":"3","RR":"3","MX":"3","WR":"3","VR":"3","VX":"3","VV":"3","VQ":"3"},"PR":{"V3":"3"},"VC":{"M3":"3","P9":"3","WH":"3","PP":"3","Q6":"3","PC":"3","WR":"3","R4":"3","QP":"3","V7":"3","QW":"3","X6":"3","Q5":"3","X2":"3","RQ":"3","WF":"3","W2":"3","QQ":"3","Q2":"3","W9":"3","WV":"3","R6":"3","J5":"3","P6":"3","QC":"3","V5":"3","J3":"3","QG":"3","RP":"3","RW":"3","P2":"3","VQ":"3","VM":"3","J9":"3","P8":"3","R2":"3","R8":"3","R9":"3","W3":"3","J7":"3","W7":"3","X4":"3","X7":"3","RG":"3","VP":"3","VV":"3","MG":"3","XR":"3","QV":"3","V3":"3","VF":"3","VX":"3","P3":"3","VC":"3","J6":"3","V4":"3","R3":"3","M5":"3","X8":"3","PJ":"3","WW":"3","V2":"3","RV":"3","Q8":"3","XG":"3","WQ":"3","RM":"3","X3":"3","XM":"3","QM":"3","PG":"3","XQ":"3","M9":"3","H5":"3","XW":"3","WM":"3","Q3":"3","X5":"3","J8":"3","QJ":"3","XJ":"3","W4":"3","PH":"3","XX":"3","WX":"3","X9":"3","V9":"3","VR":"3","WJ":"3","R7":"3","QH":"3","P4":"3","W6":"3","XH":"3","M6":"3","WC":"3","RX":"3","QR":"3","Q7":"3","WG":"3","P5":"3","M4":"3","V6":"3","VH":"3","RH":"3","RC":"3","M8":"3","V8":"3","PM":"3","VJ":"3","MC":"3","Q4":"3","XV":"3","VW":"3","MF":"3","XP":"3","M7":"3","M2":"3","WP":"3","XC":"3","Q9":"3","XF":"3","QF":"3","P7":"3","RR":"3","RJ":"3","PF":"3","W5":"3","J4":"3","W8":"3","R5":"3","RF":"3","VG":"3"},"WC":{"6C":"3","HP":"3","FH":"3","H3":"3","FJ":"3","CV":"3","CG":"3","G9":"3","33":"3","44":"3","FP":"3","48":"3","R9":"3","4P":"3","2X":"3","C8":"3","RQ":"3","88":"3","QF":"3","3V":"3","9P":"3","7F":"3","7V":"3","8G":"3","GF":"3","8W":"3","4H":"3","2F":"3","VV":"3","9Q":"3","FW":"3","9W":"3","J3":"3","58":"3","29":"3","FV":"3","RP":"3","JX":"3","2J":"3","FF":"3","RJ":"3","GP":"3","GM":"3","PG":"3","8P":"3","M5":"3","4X":"3","2R":"3","5P":"3","QX":"3","RW":"3","3R":"3","P7":"3","G4":"3","7C":"3","7W":"3","Q4":"3","FQ":"3","4Q":"3","M8":"3","35":"3","9J":"3","QG":"3","JR":"3","F8":"3","VM":"3","GW":"3","MH":"3","C9":"3","FR":"3","JH":"3","JW":"3","P2":"3","P8":"3","3J":"3","7M":"3","9V":"3","57":"3","PH":"3","2M":"3","RX":"3","6Q":"3","47":"3","M4":"3","F6":"3","PP":"3","M9":"3","79":"3","6P":"3","H7":"3","PV":"3","4W":"3","HV":"3","7R":"3","MR":"3","8J":"3","Q8":"3","MV":"3","8R":"3","CR":"3","HX":"3","2Q":"3","GG":"3","2G":"3","7J":"3","H4":"3","QJ":"3","7H":"3","5F":"3","32":"3","3M":"3","H9":"3","MG":"3","JF":"3","77":"3","F5":"3","69":"3","QR":"3","9X":"3","68":"3","JV":"3","JC":"3","F7":"3","CQ":"3","5W":"3","45":"3","25":"3","5X":"3","5Q":"3","G8":"3","Q3":"3","37":"3","CJ":"3","54":"3","QW":"3","5J":"3","QQ":"3","PQ":"3","VQ":"3","J2":"3","M2":"3","8C":"3","HJ":"3","G6":"3","GJ":"3","6G":"3","87":"3","8V":"3","HC":"3","J6":"3","J9":"3","HR":"3","4M":"3","JQ":"3","H2":"3","PR":"3","99":"3","P9":"3","55":"3","27":"3","3F":"3","6V":"3","8M":"3","QM":"3","7P":"3","JJ":"3","46":"3","75":"3","24":"3","9R":"3","43":"3","3C":"3","GR":"3","Q9":"3","67":"3","HH":"3","53":"3","RH":"3","R8":"3","49":"3","FC":"3","Q6":"3","WX":"3","3P":"3","5M":"3","86":"3","P6":"3","98":"3","FX":"3","H8":"3","9M":"3","J7":"3","PX":"3","HW":"3","9G":"3","8H":"3","97":"3","H5":"3","34":"3","MF":"3","42":"3","23":"3","GX":"3","CC":"3","CH":"3","QV":"3","MQ":"3","2W":"3","8F":"3","QC":"3","9H":"3","6F":"3","3H":"3","H6":"3","26":"3","P4":"3","MM":"3","4G":"3","9C":"3","22":"3","JP":"3","HF":"3","J5":"3","RF":"3","2P":"3","39":"3","7G":"3","2H":"3","QP":"3","HM":"3","C7":"3","MX":"3","Q7":"3","89":"3","4F":"3","2V":"3","6X":"3","CW":"3","28":"3","QH":"3","P3":"3","65":"3","38":"3","VW":"3","5V":"3","FM":"3","7X":"3","3W":"3","4C":"3","4V":"3","2C":"3","RV":"3","GV":"3","Q5":"3","MP":"3","GC":"3","G5":"3","J4":"3","3Q":"3","36":"3","VX":"3","5R":"3","RR":"3","VP":"3","6M":"3","64":"3","RG":"3","76":"3","CF":"3","6W":"3","96":"3","M3":"3","C6":"3","VR":"3","PW":"3","J8":"3","M7":"3","9F":"3","CX":"3","78":"3","4J":"3","56":"3","5G":"3","CM":"3","GQ":"3","F9":"3","3X":"3","PC":"3","RC":"3","PJ":"3","GH":"3","HG":"3","6H":"3","FG":"3","7Q":"3","5H":"3","5C":"3","CP":"3","8X":"3","PM":"3","PF":"3","MJ":"3","MC":"3","6R":"3","66":"3","8Q":"3","3G":"3","4R":"3","59":"3","P5":"3","M6":"3","JG":"3","HQ":"3","RM":"3","JM":"3","G7":"3","MW":"3","6J":"3"},"W9":{"3X":"3","JW":"3","2X":"3","2W":"3","JX":"3","HX":"3","MX":"3"},"PQ":{"VW":"3"},"WF":{"6C":"3","H3":"3","V7":"3","33":"3","44":"3","48":"3","R2":"3","C4":"3","62":"3","88":"3","V3":"3","C5":"3","7F":"3","4H":"3","2F":"3","J3":"3","58":"3","F2":"3","29":"3","V6":"3","M5":"3","52":"3","P7":"3","G4":"3","7C":"3","Q4":"3","35":"3","73":"3","P2":"3","57":"3","47":"3","M4":"3","F6":"3","R4":"3","79":"3","R6":"3","H4":"3","5F":"3","32":"3","77":"3","F5":"3","69":"3","74":"3","83":"3","68":"3","45":"3","G2":"3","25":"3","W6":"3","Q3":"3","37":"3","54":"3","V8":"3","J2":"3","M2":"3","93":"3","G6":"3","6G":"3","87":"3","W8":"3","J6":"3","F3":"3","H2":"3","55":"3","27":"3","3F":"3","46":"3","75":"3","24":"3","43":"3","W4":"3","3C":"3","67":"3","C3":"3","53":"3","R8":"3","49":"3","Q6":"3","W7":"3","86":"3","P6":"3","98":"3","63":"3","R5":"3","97":"3","H5":"3","34":"3","92":"3","42":"3","23":"3","6F":"3","82":"3","H6":"3","94":"3","26":"3","F4":"3","P4":"3","4G":"3","22":"3","W5":"3","V5":"3","J5":"3","39":"3","W3":"3","Q2":"3","C2":"3","C7":"3","72":"3","Q7":"3","4F":"3","89":"3","28":"3","P3":"3","65":"3","38":"3","G3":"3","4C":"3","W2":"3","2C":"3","Q5":"3","G5":"3","J4":"3","36":"3","64":"3","76":"3","96":"3","C6":"3","M3":"3","M7":"3","78":"3","56":"3","5G":"3","R3":"3","V4":"3","5C":"3","95":"3","V2":"3","66":"3","3G":"3","R7":"3","85":"3","59":"3","P5":"3","M6":"3","84":"3"},"75":{"G7":"3"}},"6F":{"X9":{"JW":"3"}},"82":{"6X":{"HC":"3"},"3P":{"F9":"3"},"5V":{"VQ":"3"}},"3H":{"CX":{"Q6":"3"},"FG":{"92":"3"}},"H6":{"W6":{"CC":"3"}},"94":{"G7":{"P6":"3"},"F3":{"WG":"3"}},"MM":{"8C":{"97":"3"},"M9":{"RP":"3"},"P9":{"PG":"3","WC":"3","W9":"3"}},"22":{"HJ":{"43":"3","44":"3","33":"3","24":"3","34":"3","23":"3"},"GJ":{"V3":"3"},"XG":{"56":"3"}},"J5":{"MJ":{"VG":"3","WJ":"3","VJ":"3","GP":"3","RX":"3","QV":"3","RH":"3","RJ":"3","VH":"3","XJ":"3","WH":"3","XH":"3","WG":"3","QX":"3"},"JR":{"P3":"3"},"JQ":{"XC":"3"},"PJ":{"45":"3","55":"3"},"JM":{"WX":"3","X9":"3"},"84":{"VM":"3"},"7M":{"F3":"3"}},"2P":{"XR":{"8C":"3","73":"3"},"XQ":{"W4":"3","X6":"3","P4":"3","X5":"3","JF":"3","JV":"3","G6":"3","V3":"3","Q7":"3","Q4":"3","V4":"3","H6":"3","R5":"3","W5":"3","M3":"3","R3":"3","Q3":"3","R4":"3","W3":"3","H5":"3","P3":"3","G5":"3","R7":"3"},"WV":{"F3":"3"},"XP":{"GR":"3","RX":"3","X7":"3"}},"39":{"M2":{"FX":"3"},"MG":{"28":"3"}},"2H":{"4J":{"43":"3","48":"3","6X":"3","9F":"3","6W":"3"},"3M":{"W3":"3"},"4H":{"4R":"3"},"4M":{"62":"3","49":"3"}},"QP":{"6R":{"H4":"3","G4":"3","GP":"3"},"6Q":{"RQ":"3"},"7M":{"4V":"3","4R":"3","3V":"3","3R":"3"},"65":{"QQ":"3"},"7G":{"M5":"3","P6":"3"}},"HM":{"MQ":{"JW":"3"},"GV":{"X5":"3"}},"C2":{"44":{"63":"3","64":"3"},"PF":{"M4":"3","HC":"3","C7":"3"},"33":{"PR":"3"}},"C7":{"4G":{"95":"3"},"5H":{"WG":"3"}},"Q7":{"5P":{"H8":"3"},"5R":{"PV":"3","MR":"3"},"8P":{"GM":"3"},"5M":{"GW":"3"},"CR":{"Q4":"3"},"9R":{"M2":"3"}},"2V":{"9V":{"6X":"3"},"G3":{"FM":"3"},"FF":{"C8":"3"},"9J":{"3R":"3"},"QW":{"64":"3"},"9G":{"FW":"3","GV":"3","GW":"3","CW":"3","CV":"3","FP":"3","HQ":"3","FR":"3","GP":"3","FV":"3","CX":"3","GQ":"3","FQ":"3","GR":"3","FX":"3","CR":"3"},"G5":{"7H":"3","7J":"3"}},"X6":{"XG":{"JQ":"3"},"W7":{"JX":"3"},"W6":{"MG":"3","JG":"3"}},"6X":{"QH":{"67":"3"},"62":{"47":"3","45":"3","27":"3","65":"3","28":"3","54":"3","64":"3","36":"3","46":"3","55":"3","37":"3","35":"3","26":"3","66":"3","56":"3"},"52":{"7M":"3","V8":"3","FH":"3","X6":"3","CG":"3","QC":"3","JF":"3","MF":"3","JC":"3","6J":"3","M9":"3","HG":"3","8M":"3","3Q":"3","CJ":"3","W7":"3","5J":"3","4M":"3","6P":"3","7H":"3","3M":"3","2R":"3","8H":"3","6M":"3","3P":"3","5P":"3","V9":"3","V7":"3","FF":"3","R8":"3","9J":"3","7J":"3","P9":"3","JG":"3","2Q":"3","8J":"3","W8":"3","HC":"3","5M":"3","W9":"3","9G":"3","MC":"3","GG":"3","CH":"3","9H":"3","X7":"3","RC":"3","PC":"3","HF":"3","GF":"3","GH":"3","R9":"3","Q8":"3","4Q":"3","FG":"3","2P":"3","Q9":"3","4P":"3","X8":"3","PF":"3"},"49":{"24":"3","23":"3"},"39":{"VF":"3","W2":"3","X4":"3","X2":"3","X3":"3"},"23":{"RV":"3","XR":"3","PX":"3","QV":"3","PW":"3","XP":"3","PR":"3","MW":"3","WP":"3","XQ":"3","RQ":"3","WV":"3","WQ":"3","QW":"3","PV":"3","RW":"3","QR":"3","RR":"3","MX":"3","WR":"3","MV":"3","VR":"3","VV":"3","VQ":"3"},"33":{"P9":"3","PC":"3","JC":"3","6P":"3","V7":"3","X6":"3","2P":"3","CF":"3","W9":"3","QC":"3","FF":"3","5P":"3","3Q":"3","5M":"3","P8":"3","J9":"3","9J":"3","R8":"3","R9":"3","GG":"3","W7":"3","2Q":"3","6M":"3","X7":"3","2M":"3","2R":"3","CJ":"3","X8":"3","Q8":"3","6H":"3","M9":"3","8H":"3","7J":"3","GF":"3","FG":"3","GH":"3","3M":"3","8M":"3","9H":"3","4P":"3","8G":"3","V9":"3","5J":"3","HG":"3","4J":"3","4M":"3","HF":"3","JG":"3","3P":"3","7H":"3","RC":"3","4Q":"3","V8":"3","9G":"3","MC":"3","MF":"3","CH":"3","JF":"3","6J":"3","HC":"3","Q9":"3","FH":"3","8J":"3","PF":"3","GC":"3","7M":"3","W8":"3","CG":"3"},"42":{"HW":"3","RV":"3","XR":"3","PX":"3","QV":"3","PW":"3","XP":"3","MW":"3","FX":"3","XQ":"3","GX":"3","JX":"3","WV":"3","WQ":"3","HX":"3","QW":"3","PV":"3","RW":"3","QR":"3","RR":"3","MX":"3","WR":"3","MV":"3","VR":"3","JW":"3","VV":"3","VQ":"3"},"43":{"F4":"3","75":"3","47":"3","G3":"3","J2":"3","F3":"3","45":"3","27":"3","G2":"3","65":"3","F2":"3","28":"3","54":"3","64":"3","36":"3","92":"3","C3":"3","83":"3","C4":"3","94":"3","46":"3","85":"3","55":"3","74":"3","C2":"3","37":"3","35":"3","H2":"3","93":"3","73":"3","26":"3","66":"3","84":"3","56":"3"}},"CW":{"98":{"R8":"3"}},"QH":{"WX":{"HF":"3"},"X6":{"VW":"3"},"5W":{"C8":"3"},"PX":{"J2":"3"},"6H":{"RW":"3"},"W7":{"J2":"3"}},"38":{"PX":{"GC":"3"}},"5V":{"G9":{"FQ":"3"}},"G3":{"63":{"JR":"3","JV":"3","HR":"3","HV":"3"},"XM":{"48":"3"}},"7X":{"JF":{"P8":"3","VC":"3","J8":"3","QC":"3","P9":"3"},"3J":{"PX":"3"}},"3W":{"9P":{"G6":"3","G5":"3","95":"3"},"XM":{"J7":"3"}},"GV":{"3X":{"MW":"3"}},"MP":{"9V":{"95":"3"},"G5":{"XW":"3"}},"J4":{"28":{"FV":"3"},"C5":{"59":"3","67":"3"},"5G":{"22":"3","32":"3"},"49":{"V7":"3"},"36":{"C8":"3","97":"3","88":"3","F7":"3","99":"3","G9":"3","G8":"3","96":"3","FP":"3","9Q":"3","F9":"3","78":"3","H8":"3","C7":"3","79":"3","H9":"3","C9":"3","87":"3","98":"3","77":"3","MX":"3","F8":"3","C6":"3"},"G4":{"7V":"3","6V":"3"},"4F":{"W5":"3","W7":"3","W6":"3"},"37":{"W2":"3"},"25":{"GG":"3","GH":"3"},"26":{"WC":"3","QP":"3","RV":"3","HJ":"3","HP":"3","QV":"3","JM":"3","86":"3","MP":"3","JP":"3","F7":"3","PQ":"3","85":"3","QQ":"3","23":"3","HQ":"3","HM":"3","WQ":"3","VC":"3","GJ":"3","QR":"3","RR":"3","WR":"3","VP":"3","GF":"3","VV":"3","GM":"3","VQ":"3","PP":"3","GC":"3"},"66":{"R6":"3"},"56":{"P4":"3"}},"3Q":{"XR":{"C3":"3"},"2H":{"RW":"3"},"RR":{"4H":"3"}},"36":{"V3":{"GJ":"3"},"W8":{"F9":"3"}},"5R":{"P3":{"8X":"3","7X":"3"}},"RR":{"5C":{"55":"3"},"4C":{"XC":"6"}},"6M":{"25":{"2W":"3"},"58":{"52":"3"},"R6":{"22":"3","32":"3"},"57":{"6X":"3","5X":"3"},"R5":{"3X":"3","2X":"3","2W":"3","3W":"3"}},"64":{"39":{"R5":"3"}},"RG":{"VQ":{"QP":"3","XP":"3","PP":"3","XM":"3"},"VM":{"8C":"3","F7":"3","73":"3","F6":"3","F3":"3"},"RP":{"R9":"3"},"WP":{"62":"3","CJ":"3","52":"3","53":"3","J6":"3"},"QP":{"V7":"3","2W":"3","X2":"3","W7":"3","9G":"3","MP":"3"},"8J":{"CV":"3"},"RM":{"MP":"3","PM":"3","QJ":"3"},"6P":{"2G":"3","H6":"3"},"R4":{"GM":"3"},"VR":{"WV":"3"},"HQ":{"WM":"3"},"WQ":{"3M":"3","2M":"3"},"7M":{"PC":"3"},"H8":{"CF":"3"},"XX":{"4X":"3","FF":"3","G3":"3"},"VF":{"VX":"3"},"XW":{"5F":"3","HQ":"3"},"WM":{"FX":"3","8X":"3","CX":"3","7X":"3"},"QR":{"8Q":"3"}},"VH":{"F4":{"47":"3"},"G2":{"3M":"3","93":"3","2M":"3","2J":"3","3J":"3"},"F2":{"HQ":"3","GR":"3","JH":"3","R8":"3","R9":"3","XJ":"3","GQ":"3","XM":"3"},"4M":{"2G":"3"},"GP":{"7F":"3","8F":"3","8G":"3","9G":"3"},"7M":{"79":"3","78":"3"},"3M":{"R2":"3","V2":"3"},"C8":{"H2":"3","H3":"3","V8":"3","J3":"3","P3":"3"},"C3":{"HV":"3"},"83":{"3M":"3","3P":"3","4P":"3","VG":"3","4M":"3"},"44":{"QC":"3","QF":"3","P9":"3"},"C4":{"G3":"3","CH":"3"},"6G":{"P2":"3"},"CQ":{"75":"3"},"C9":{"PJ":"3"},"Q3":{"GR":"3","GV":"3"},"98":{"45":"3"},"88":{"QP":"3","X9":"3","WQ":"3"},"53":{"Q9":"3"},"8P":{"W7":"3"},"72":{"R2":"3","V2":"3"},"25":{"Q8":"3"},"24":{"2J":"3"},"C7":{"VX":"3","RX":"3"}},"6W":{"3V":{"X3":"3"}},"VR":{"RQ":{"5F":"3"},"QR":{"QH":"3"},"PV":{"XR":"3"}},"J8":{"C4":{"GP":"3"},"92":{"6R":"3"},"C5":{"VC":"3"},"F4":{"Q6":"3","P6":"3"},"C3":{"79":"3"},"F5":{"3G":"3","64":"3"},"F6":{"C6":"3"}},"M7":{"79":{"8M":"3"},"7F":{"P5":"3"},"G8":{"2P":"3","3Q":"3"},"6V":{"22":"3"},"3Q":{"V9":"3","FH":"3"},"8W":{"RH":"3","VH":"3","VG":"3","RJ":"3","RG":"3"},"6R":{"2X":"3"},"F8":{"XP":"3"},"8C":{"MH":"3"},"26":{"43":"3"}},"CX":{"8G":{"37":"3","38":"3","47":"3"},"JV":{"V7":"3"}},"56":{"69":{"M8":"3"}},"5G":{"V3":{"HX":"3"},"V4":{"H7":"3"}},"CM":{"2F":{"QW":"3"},"HW":{"GQ":"3"},"FV":{"9Q":"3","CQ":"3"}},"GQ":{"7R":{"QH":"3","PG":"3","QG":"3","PH":"3"},"HC":{"82":"3"}},"PC":{"58":{"86":"3"},"86":{"CW":"3"},"G4":{"X9":"3","Q2":"3","98":"3","97":"3","6F":"3"},"44":{"4M":"3"},"6P":{"JR":"3","JV":"3","MQ":"3","HJ":"3","FR":"3","GP":"3","7M":"3","PR":"3","HH":"3","GQ":"3","4C":"3","PX":"3","JJ":"3","7Q":"3","MW":"3","JH":"3","FQ":"3","7P":"3","GR":"3","8P":"3","6M":"3","8V":"3","5C":"3","PW":"3","CR":"3","42":"3","MX":"3","HP":"3","59":"3"},"34":{"XJ":"3","VH":"3"},"94":{"H2":"3"},"67":{"5X":"3"},"6M":{"M3":"3","5X":"3","6R":"3"},"CF":{"8F":"3"},"C7":{"2H":"3","3H":"3"},"9M":{"HR":"3"},"93":{"6J":"3"},"77":{"HC":"3","P4":"3"},"35":{"QP":"3"},"6Q":{"M2":"3"},"29":{"WH":"3"},"7P":{"92":"3"},"83":{"FP":"3"},"C6":{"8H":"3"}},"6H":{"J2":{"XR":"3","WM":"3","XP":"3","XV":"3","XJ":"3","WH":"3","XM":"3","V9":"3","R8":"3","XQ":"3","JR":"3","XG":"3","XH":"3","XF":"3","XW":"3","WJ":"3","XX":"3","R9":"3"},"MQ":{"M4":"3","Q6":"3","Q5":"3","P4":"3","P5":"3"},"M3":{"42":"3","23":"3","22":"3","32":"3","65":"3"},"Q6":{"HH":"3","HJ":"3"},"Q2":{"25":"3","HV":"3"},"P2":{"W3":"3"},"PX":{"MH":"3","PH":"3"},"M2":{"3R":"3","3G":"3","4V":"3","3J":"3","2J":"3","6J":"3","2G":"3","4G":"3","3Q":"3","5J":"3","4H":"3","4M":"3","73":"3","6P":"3","4W":"3","6R":"3","6G":"3","7H":"3","3M":"3","6H":"3","3X":"3","2R":"3","5H":"3","4R":"3","4F":"3","6M":"3","3P":"3","5P":"3","2M":"3","7J":"3","49":"3","5W":"3","2Q":"3","3H":"3","5M":"3","4J":"3","2X":"3","5V":"3","3W":"3","3V":"3","2V":"3","6Q":"3","4X":"3","5F":"3","5R":"3","2F":"3","4C":"3","4Q":"3","2W":"3","5Q":"3","2P":"3","5G":"3","4P":"3","2H":"3","3F":"3"},"MW":{"VQ":"3"},"J3":{"J7":"3","M7":"3","M8":"3"}},"CP":{"Q4":{"27":"3","MP":"3"}},"8X":{"XQ":{"FX":"3"},"HJ":{"5C":"3"},"8J":{"6P":"3","CP":"3"},"HM":{"M9":"3"}},"PM":{"Q4":{"77":"3"},"C6":{"G8":"3","G7":"3"},"W4":{"8F":"3"}},"X2":{"Q4":{"MW":"3"},"QH":{"69":"3"},"X2":{"QW":"3","QV":"3"},"X8":{"MC":"3"}},"PF":{"43":{"F2":"3"},"54":{"58":"3"},"2H":{"V6":"3"},"22":{"92":"3","VH":"3","HR":"3"},"63":{"XP":"3","PX":"3","RJ":"3"},"GQ":{"M9":"3"}},"MC":{"XQ":{"5F":"3"},"P8":{"R4":"3","Q7":"3"},"M6":{"RX":"3"},"VP":{"JW":"3","HQ":"3","QP":"3","PR":"3","MM":"3","MQ":"3","RX":"3"},"WQ":{"66":"3"},"67":{"2J":"3"},"X2":{"HF":"3","PG":"3","FP":"3","J6":"3"},"F9":{"52":"3"},"XC":{"RG":"3"},"47":{"GJ":"3"},"VQ":{"G3":"3","W4":"3"}},"66":{"RM":{"G7":"3"},"75":{"5M":"3"}},"3G":{"CM":{"PP":"3"},"CX":{"PX":"3"}},"85":{"W2":{"R8":"3"},"QQ":{"HQ":"3"}},"M6":{"5W":{"JC":"3"}},"JG":{"R5":{"MX":"3"},"HR":{"3M":"3","2M":"3"}},"HQ":{"GX":{"GH":"3"}},"JM":{"JC":{"FQ":"3"},"9F":{"MF":"3"},"JF":{"23":"3"},"CG":{"XV":"3","WV":"3","VX":"3","VW":"3"}},"X3":{"GR":{"PX":"3"},"9R":{"V4":"3"},"GX":{"QP":"3"}},"X4":{"4R":{"5F":"3","5C":"3","HJ":"3","8H":"3","4C":"3","6C":"3","3C":"3","7G":"3"},"3V":{"MJ":"3"},"3R":{"VF":"3","7R":"3","6R":"3"},"3W":{"9M":"3"}},"6J":{"94":{"RM":"3"},"R7":{"F2":"3"},"RM":{"CG":"3"},"R5":{"HJ":"3"},"VH":{"9C":"3"}},"84":{"GG":{"3X":"3"},"MM":{"4H":"3"},"QQ":{"H7":"3"},"HG":{"H6":"3"},"FH":{"8V":"3"}}}}