{"index":{"university,1|retail,2|tourism,3|wreck,4|historical,5|artsCulture,6|namedBuilding,7|water,8|wetland,9|park,10|beach,11|natureReserve,12|cemetery,13|trail,14":{}},"5V":{"Q8":{"4H":{"C4":"3"}},"R9":{"7J":{"MG":"3"}},"JR":{"RW":{"X9":"3","XC":"3"},"VW":{"2C":"3","29":"3"}},"JV":{"7G":{"PG":"3","H3":"3"},"V6":{"WG":"3","VH":"3","VG":"3","QG":"3","RG":"3"},"J4":{"XV":"3","WR":"3","XR":"3"},"FH":{"P6":"3"},"9C":{"WX":"3","9P":"3"},"88":{"H4":"3","46":"3","47":"3"},"JQ":{"26":"3"},"8G":{"7V":"3","MM":"3"},"37":{"75":"3"},"27":{"HQ":"3"},"69":{"F8":"3","MJ":"3","HH":"3","HF":"3","H9":"3","G8":"3","C9":"3","JH":"3","MH":"3","HC":"3","MM":"3","JJ":"3","F9":"3","C8":"3","PM":"3","PP":"3","MG":"3","JG":"3"},"W7":{"8J":"3"},"5C":{"V9":"3","V7":"3","VG":"3","W8":"3"},"7F":{"JP":"3","Q9":"3","Q8":"3","P9":"3","MG":"3"},"FM":{"7Q":"3"},"8H":{"5P":"3"},"HQ":{"J2":"3"},"C9":{"9J":"3"},"59":{"94":"3"},"R5":{"HR":"3","5G":"3","3F":"3","3G":"3","HW":"3","4C":"3","PV":"3","4F":"3","GM":"3","5H":"3"},"9F":{"R2":"3","X4":"3","V2":"3"},"64":{"3Q":"3"},"M4":{"2Q":"3","4R":"3","2R":"3"},"M5":{"32":"3"},"G2":{"PW":"3"},"74":{"7H":"3","8J":"3","9H":"3","8H":"3","8G":"3","7J":"3"},"6F":{"Q8":"3","R7":"3","V4":"3","Q3":"3","M6":"3","X4":"3","W4":"3"},"8C":{"C4":"3","65":"3"},"92":{"RQ":"3","RP":"3"},"6C":{"FJ":"3","7G":"3","CM":"3","HP":"3","HG":"3","MG":"3","37":"3","CJ":"3","PR":"3","FM":"3","6G":"3","7H":"3","PJ":"3","MJ":"3","PH":"3","79":"3","PG":"3","9J":"3","9M":"3","JG":"3","MR":"3","MH":"3","HH":"3","GG":"3","CH":"3","QH":"3","PV":"3","JH":"3","28":"3"},"W6":{"FQ":"3","FR":"3","CR":"3","6V":"3","CQ":"3"},"G3":{"W2":"3"},"C3":{"FQ":"3","GR":"3","9R":"3","46":"3","GQ":"3","CQ":"3"},"55":{"4M":"3"},"83":{"FX":"3"},"84":{"H2":"3","G3":"3","GJ":"3","F7":"3","G7":"3","F5":"3"},"89":{"CM":"3","CP":"3","9X":"3","9P":"3","9R":"3","9Q":"3"}},"F7":{"22":{"69":"3"},"64":{"WQ":"3"},"39":{"77":"3"},"46":{"MX":"3"},"29":{"Q9":"3","W4":"3"},"38":{"6P":"3","4J":"3","C9":"3","4V":"3","99":"3","CC":"3","7P":"3"},"33":{"M7":"3"},"82":{"22":"3"},"57":{"H4":"3","P4":"3","64":"3"},"73":{"3R":"3","4M":"3"},"72":{"FP":"3","W2":"3","X3":"3","W3":"3","P8":"3","X4":"3","W4":"3","X2":"3"},"34":{"WX":"3","V3":"3"},"26":{"WQ":"3"},"66":{"CP":"3","9M":"3"}},"JC":{"68":{"V7":"3","Q4":"3","2X":"3","66":"3","V6":"3","RH":"3","QC":"3","M5":"3","J4":"3","V8":"3","G5":"3","P4":"3","P5":"3"},"86":{"7W":"3","5R":"3"},"F7":{"6C":"3"},"69":{"54":"3","63":"3","64":"3"},"G9":{"4X":"3","PF":"3","7V":"3","6W":"3"},"75":{"8P":"3"},"6G":{"3W":"3"},"7H":{"67":"3"},"6H":{"Q4":"3","C5":"3","P4":"3"},"67":{"G8":"3","HJ":"3","H7":"3","FP":"3","95":"3","G9":"3","H8":"3","H9":"3","GM":"3","VX":"3"},"8H":{"64":"3"},"78":{"V5":"6|3","47":"3","7G":"3","97":"3","57":"3","37":"3","J3":"3","27":"3","7Q":"3","7F":"3","G9":"3","96":"3","6G":"3","3M":"3","67":"3","4F":"3","8H":"3","78":"3","79":"3","48":"3","49":"3","H6":"3","87":"3","39":"3","3C":"3","98":"3","77":"3","Q5":"3","6F":"3","F6":"3","2C":"3","28":"3","45":"3","38":"3","W3":"3","5F":"3","J6":"3","7P":"3","FC":"3","GC":"3","5G":"3","3F":"3"},"F9":{"6J":"3"},"CF":{"H9":"3","V6":"3"},"79":{"27":"3","FP":"3"},"59":{"WH":"3","JG":"3"},"87":{"37":"3","C4":"3","26":"3","85":"3","86":"3","84":"3","C6":"3","F5":"3","77":"3"},"9G":{"64":"3"},"77":{"MW":"3","FW":"3"},"6F":{"52":"3"},"76":{"Q9":"3","J4":"3"},"6C":{"H4":"3","9X":"3"},"GF":{"8F":"3"},"FC":{"5R":"3","7V":"3","97":"3","76":"3","X7":"3","X8":"3"},"F8":{"GG":"3","8H":"3","9G":"3"},"GC":{"39":"3","29":"3"},"C6":{"QH":"3","7V":"3"}},"JW":{"79":{"FJ":"3"},"G6":{"JH":"3"},"9R":{"87":"3","78":"3"},"J5":{"R4":"3","Q3":"3"},"CM":{"7H":"3"},"M6":{"F2":"3","J5":"3","J3":"3"},"7Q":{"8C":"3","7C":"3"},"6C":{"9P":"3","P4":"3"},"M5":{"QG":"3"},"8H":{"GP":"3"},"8R":{"CM":"3","5P":"3","HJ":"3","3P":"3","XG":"3","JJ":"3","9M":"3"},"P6":{"29":"3","28":"3"}},"F5":{"WX":{"8X":"3"},"VX":{"WX":"3","WW":"3"}},"MC":{"Q4":{"9P":"3","HG":"3"},"G6":{"VF":"3","XG":"3","WG":"3"},"C4":{"6H":"3"},"H6":{"2G":"3"},"84":{"MJ":"3"},"C5":{"39":"3"},"V4":{"5C":"3","PJ":"3"},"F6":{"W8":"3"}},"FF":{"QR":{"5W":"3"},"VR":{"6J":"3"},"PV":{"X2":"3"},"QV":{"32":"3"},"QQ":{"7M":"3"}},"F9":{"39":{"53":"3"},"37":{"R4":"3"},"66":{"7G":"3"},"67":{"95":"3"},"34":{"RC":"3"},"38":{"5J":"3","5M":"3","94":"3","95":"3"},"63":{"PW":"3"},"47":{"25":"3","26":"3"},"65":{"96":"3","4C":"3"},"75":{"V7":"3","W7":"3","X7":"3","75":"3"},"64":{"CM":"3","8F":"3","6G":"3","6C":"3","CH":"3"}},"C8":{"C8":{"2R":"3"},"97":{"H5":"3"},"33":{"MM":"3"},"3J":{"V8":"3","F5":"3"},"22":{"W3":"3"},"88":{"WF":"3","GP":"3"},"7C":{"CJ":"3","9H":"3","V2":"3","F9":"3","W4":"3"},"62":{"58":"3"},"7F":{"62":"3","72":"3"},"4H":{"7P":"3"},"63":{"87":"3"},"96":{"VM":"3","RM":"3","83":"3","P7":"3"},"3M":{"89":"3"},"79":{"VV":"3"},"2Q":{"54":"3"},"39":{"XM":"3"},"3C":{"6G":"3"},"98":{"43":"3","29":"3"},"74":{"F5":"3"},"6F":{"MC":"3"},"6C":{"MJ":"3","HJ":"3"},"5F":{"RV":"3"},"24":{"RQ":"3"},"26":{"PR":"3"},"4C":{"87":"3"},"C4":{"FM":"3"},"C6":{"74":"3"},"2P":{"5X":"3"},"5G":{"FJ":"3","V5":"3"},"89":{"73":"3"},"84":{"FR":"3"}},"MV":{"39":{"39":"3","59":"3","CX":"3","HW":"3","G7":"3","QQ":"3","CW":"3","2J":"3","GX":"3"},"29":{"PC":"3"},"28":{"CJ":"3","FJ":"3","RR":"3","FM":"3"}},"HV":{"VG":{"9R":"3"},"VC":{"5J":"3","5C":"3","6H":"3","6J":"3","5H":"3","J6":"3"},"W8":{"M6":"3"},"QP":{"JP":"3"},"QM":{"XV":"3","WV":"3","XF":"3"},"RH":{"94":"3","F4":"3","C3":"3"},"RJ":{"4X":"3","5H":"3"},"QQ":{"CP":"3","8Q":"3","FF":"3"},"V8":{"VF":"3","RF":"3","VC":"3","WF":"3","VG":"3","RC":"3"},"RF":{"PJ":"3","MR":"3"},"WG":{"9P":"3"},"RG":{"CX":"3"}},"99":{"8C":{"WV":"3","RV":"3","PP":"3","VR":"3","VV":"3","XM":"3","QV":"3","PX":"3","PV":"3","QR":"3","PW":"3","MX":"3","QX":"3"},"7F":{"R6":"3"},"8F":{"JR":"3","W6":"3","GV":"3","M4":"3","JQ":"3","V4":"3","HF":"3"},"CF":{"7F":"3"},"CC":{"6G":"3"},"9C":{"QR":"3","7V":"3","4V":"3","3V":"3","9F":"3","QQ":"3","3R":"3"},"FC":{"4Q":"3"},"CG":{"C9":"3","CF":"3","8H":"3","8G":"3","9C":"3"}},"P8":{"RW":{"MQ":"3","QX":"3"},"CQ":{"4J":"3"}},"JX":{"P9":{"H8":"3","G7":"3","H7":"3"}},"HW":{"VF":{"33":"3","J2":"3","23":"3"},"V9":{"RW":"3"},"XH":{"75":"3","64":"3"},"VC":{"7J":"3","4G":"3","7G":"3","9X":"3","8J":"3","4M":"3","5F":"3","3F":"3","7H":"3","3W":"3","3G":"3","2J":"3","4C":"3","3H":"3","2H":"3","4F":"3","FQ":"3","8M":"3","2G":"3","3J":"3","3C":"3","6F":"3","8H":"3","4H":"3"},"Q3":{"5F":"3","3M":"3","2M":"3","2J":"3","3J":"3"},"H3":{"JW":"3","8F":"3","RR":"3","MW":"3","JX":"3","8G":"3","MX":"3"},"XF":{"F8":"3","F9":"3","G9":"3"},"XC":{"HM":"3"},"W9":{"7J":"3"},"J4":{"JW":"3","HX":"3","92":"3","C3":"3","C4":"3","HW":"3","94":"3","C2":"3","93":"3","GX":"3"},"WF":{"RF":"3","R4":"3","6J":"3","R5":"3","V4":"3","RC":"3"},"RC":{"XG":"3"},"P3":{"V9":"3","XH":"3","XJ":"3","W9":"3","V8":"3","XM":"3","W8":"3"}},"29":{"WX":{"VG":"3","XF":"3","WF":"3","VJ":"3","V3":"3","X9":"3","V6":"3","V5":"3","R7":"3","R4":"3","R3":"3","W5":"3","X3":"3","V4":"3","Q7":"3","W4":"3","WH":"3","R6":"3","WG":"3","R5":"3","W7":"3"},"WW":{"RQ":"3","XH":"3","VR":"3","RR":"3","XW":"3","VQ":"3","XX":"3"},"XW":{"GR":"3","9W":"3","6C":"3","8F":"6","MW":"3","QQ":"3","WV":"3","CW":"3","8V":"3","CV":"3","MP":"3","QG":"3","5M":"3","9V":"3","9J":"3","5C":"3","5F":"3","VX":"3","8X":"3","9H":"3","9X":"3","4M":"3","FR":"3","QR":"3","4C":"3","VH":"3","7X":"3","RH":"3","VJ":"3","CR":"3","XV":"3","4F":"3","PW":"3","WP":"3","GV":"3","QF":"3","RJ":"3","8W":"3","RF":"3","CG":"3"},"XX":{"H8":"3","64":"3","5V":"3","63":"3","G2":"3","54":"3","57":"3","C5":"3","83":"3","52":"3","93":"3","82":"3","92":"3","G7":"3","9J":"3","GG":"3","62":"3","6M":"3","55":"3","V4":"3","96":"3","53":"3","94":"3","43":"3","66":"3","7J":"3","Q3":"3","GH":"3","F8":"3","C8":"3","J8":"3","56":"3","6F":"3","45":"3","G8":"3","72":"3","4P":"3","73":"3","65":"3","HG":"3","2J":"3","47":"3","F7":"3","C6":"3","58":"3","74":"3","44":"3","6J":"3","HC":"3","9M":"3","C7":"3","84":"3","7M":"3"}},"C9":{"JW":{"5M":"3","4M":"3"},"GW":{"PM":"3"},"CV":{"2P":"3","GC":"3","65":"3","QG":"3"},"9X":{"M3":"3","G2":"3","M2":"3"},"GR":{"6M":"3","VX":"3"},"X9":{"MM":"3","FW":"3"},"9W":{"WJ":"3","FX":"3","CX":"3","XW":"3","CW":"3"},"FR":{"PX":"3"},"VC":{"77":"3"},"WC":{"25":"3","CJ":"3","45":"3","8G":"3"},"HW":{"26":"3"},"XC":{"3P":"3","76":"3","C3":"3","77":"3","75":"3"},"WF":{"R6":"3"},"JV":{"3X":"3","2C":"3","29":"3"},"HV":{"VM":"3","46":"3"}},"F8":{"79":{"HQ":"3"},"7F":{"V7":"3","WM":"3","XC":"3"},"8F":{"5R":"3","2F":"3"},"8G":{"93":"3"},"HJ":{"29":"3"},"9G":{"9X":"3","4R":"3","8W":"3","6V":"3"},"HH":{"H6":"3"},"9H":{"5C":"3","H3":"3","G2":"3"},"GH":{"RW":"3"},"GM":{"F4":"3"},"7C":{"HF":"3","G8":"3","HC":"3","GC":"3"},"FH":{"HF":"3","HC":"3","HG":"3"},"GJ":{"H6":"3"}},"98":{"P9":{"XR":"3","VR":"3"},"WH":{"8G":"3","64":"3"},"PP":{"93":"3"},"PC":{"8R":"3","HW":"3|6","J4":"3","PX":"3","JM":"3","GR":"3","JQ":"3","JV":"3","GV":"3","3Q":"3","CW":"3","CX":"3","FR":"3","FX":"6|3","FV":"3","HQ":"3","2Q":"3","7V":"3","HR":"3","FW":"3","Q3":"3","QW":"3","HV":"3","CV":"3","Q2":"6|3","4Q":"3","5Q":"3"},"X6":{"P8":"3"},"GQ":{"QM":"3"},"PR":{"Q5":"3"},"RQ":{"G6":"3","H5":"3","H6":"3","53":"3","42":"3","G7":"3","73":"3","63":"3","F5":"3","F6":"3"},"JX":{"X3":"3","XC":"3"},"MW":{"8F":"3"},"W9":{"49":"3"},"HR":{"CR":"3"},"QC":{"64":"3"},"QX":{"PV":"3"},"QG":{"F9":"6","CC":"3","R9":"3","CG":"3","CH":"3"},"RP":{"8P":"3","XJ":"3","5H":"3","2M":"3"},"RW":{"RV":"3","X4":"3","X3":"3","M5":"3","W3":"3"},"VM":{"2P":"3","X5":"3"},"MM":{"W9":"3"},"R9":{"R9":"3"},"RG":{"96":"3","7J":"3","FW":"3","PP":"3","G5":"3","97":"3","69":"3","C3":"3","C4":"3","H8":"3","94":"3","MH":"3","8Q":"3","68":"3","6M":"3","93":"3","H5":"3","56":"3"},"VP":{"G4":"3","5W":"3","J7":"3","7P":"3"},"VV":{"6M":"3","5P":"3","RX":"3","7J":"3","2M":"3"},"QV":{"96":"3","94":"3"},"PV":{"8C":"3","26":"3","2F":"3","R9":"3","9C":"3","W9":"3"},"VF":{"FW":"3","CW":"3","7R":"3","8W":"3","7V":"3","M7":"3","6R":"3","6G":"3","8Q":"3","4P":"3","CR":"3","3C":"3","8H":"3"},"PJ":{"X5":"3","GF":"3","GP":"3"},"WW":{"F9":"3","6G":"3"},"RV":{"36":"3","MR":"3","72":"3"},"XG":{"94":"3"},"RM":{"XP":"3","HW":"3","WH":"3","P6":"3","XM":"3"},"QM":{"VR":"3","WW":"3"},"PG":{"G3":"3"},"WM":{"3G":"3","2F":"3","2C":"3","3H":"3"},"JR":{"VV":"3","WW":"3"},"QJ":{"3G":"3"},"MV":{"5J":"3","X7":"3"},"MX":{"5W":"3","2C":"3"},"PH":{"8X":"3","QW":"3","9P":"3","PQ":"3"},"V9":{"QH":"3","5H":"3","6V":"3","68":"3","MG":"3","64":"3"},"WJ":{"2Q":"3","7M":"3"},"R7":{"JC":"3","MC":"3","MF":"3","VH":"3"},"QH":{"5M":"3","4P":"3","5Q":"3"},"RX":{"G8":"3","2M":"3"},"QR":{"GW":"3","MQ":"3"},"MQ":{"V7":"3"},"RH":{"H2":"3","J2":"3"},"RC":{"GP":"3"},"JW":{"5F":"3","JQ":"3","6H":"3","W7":"3","6G":"3"},"PM":{"36":"3","47":"3"},"MC":{"WV":"3","86":"3","WP":"3","WX":"3","XR":"3","XQ":"3","WQ":"3","RX":"3","XX":"3","XW":"3","WW":"3","XP":"3","XV":"3","VX":"3","QX":"3"},"VW":{"62":"3"},"MF":{"Q4":"3","V3":"3","Q2":"3","W2":"3","X4":"3","V6":"3","V2":"3","Q3":"3","R3":"3","X5":"3","R5":"3","V4":"3","W3":"3"},"Q9":{"V4":"3"},"QF":{"R2":"3","W2":"3","R3":"3","88":"6","PC":"3","2C":"3","5Q":"3","JF":"3","C8":"3"},"PF":{"V5":"3","FJ":"3","V6":"3","J4":"6","9C":"3","X5":"3","QC":"3","VJ":"6|3","V3":"3","CC":"3","Q4":"3","79":"3","R6":"3","C9":"3","V4":"3","Q6":"3","VM":"3","R5":"3","64":"3","M4":"3","R3":"3","MC":"3","Q5":"3","XW":"3","C2":"3","RF":"3","Q3":"3","R4":"3","J8":"3","G7":"3"},"W8":{"4M":"3"},"MR":{"JC":"3","HF":"3","CP":"3","HC":"3","H7":"3"},"VG":{"79":"3","RP":"3","62":"3","C5":"3","V5":"3","89":"3","5F":"3","95":"3","85":"3","88":"3","7C":"3","8C":"3","C6":"3"},"RF":{"WX":"3","2X":"3","37":"3","W2":"3","V2":"3","PC":"3","QC":"3"}},"PC":{"35":{"JQ":"3","3R":"3"},"25":{"4W":"3"},"27":{"J8":"3"},"W3":{"2R":"3"}},"F6":{"H2":{"VP":"3"},"PC":{"HF":"3","78":"3"},"JC":{"JQ":"3"},"R4":{"36":"3"},"2P":{"G7":"3"},"W2":{"6P":"3","7H":"3","9G":"3"},"Q2":{"CJ":"3"},"G7":{"54":"3"},"9V":{"97":"3","7R":"3","FF":"3","7V":"3","6R":"3","46":"3","68":"3","J3":"3","C7":"3"},"2Q":{"8M":"3"},"MG":{"R2":"3"},"V3":{"44":"3","53":"3"},"2M":{"M4":"3","WM":"3"},"P3":{"2M":"3"},"R3":{"Q8":"3"},"8X":{"7M":"3","7G":"3","C8":"3","9C":"3","97":"3","4V":"3","6J":"3","7C":"3","8G":"3","5J":"3","7F":"3","99":"3","7H":"3","6H":"3","4R":"3","C7":"3","79":"3","C9":"3","9F":"3","9G":"3","2X":"3","98":"3","74":"3","8F":"3","6F":"3","8C":"3","3W":"3","5R":"3","C3":"3","83":"3","2W":"3","C4":"3","84":"3","89":"3"},"7Q":{"RW":"3","X5":"3"},"G6":{"X6":"3","V7":"3","V6":"3","W7":"3","X7":"3","W6":"3","V8":"3","X8":"3","W8":"3"},"5G":{"9F":"3"},"FQ":{"4W":"3"},"M9":{"VV":"3"},"GF":{"5F":"3"},"F8":{"67":"3","PG":"3","QC":"3","QF":"3","76":"3","77":"3","PF":"3","7Q":"3","W4":"3","72":"3","66":"3"},"C8":{"84":"3","C3":"3","83":"3"},"H6":{"27":"3","26":"3"},"3M":{"4X":"3","9V":"3","8W":"3","74":"3","7P":"3","9R":"3","9Q":"3","65":"3","75":"3","64":"3"},"3X":{"5H":"3"},"8M":{"RJ":"3"},"GM":{"PW":"3","RM":"3"},"G8":{"PG":"3","55":"3","X3":"3","65":"3"},"8Q":{"6J":"3"},"2J":{"JX":"3"},"F7":{"45":"3"},"P4":{"55":"3","47":"3"},"3P":{"G2":"3"},"P5":{"CV":"3","8X":"3","FR":"3"},"7V":{"6H":"3"},"7X":{"XW":"3","XX":"3"},"7R":{"P8":"3"},"CR":{"R4":"3","7H":"3","8H":"3"},"MC":{"X9":"3","MF":"3","JF":"3"},"C7":{"QP":"3","CG":"3","RH":"3","VP":"3","PM":"3","GQ":"3","QJ":"3","XP":"3"},"JH":{"GM":"3"},"F6":{"5Q":"3"},"Q9":{"54":"3"},"GP":{"5X":"3","G7":"3","6W":"3"},"PF":{"93":"3"},"8W":{"GW":"3","6X":"3","HQ":"3","6W":"3","4V":"3","5V":"3","8V":"3","5W":"3"},"J4":{"H8":"3"}},"M9":{"HQ":{"XP":"3"},"HC":{"3G":"3"},"FR":{"FG":"3"},"VC":{"V8":"3"},"PX":{"QP":"3"},"WC":{"37":"3","C3":"3","47":"3"},"X5":{"QG":"3"},"MP":{"4X":"3"},"HR":{"H5":"3"}},"HF":{"76":{"25":"3"}},"P9":{"JR":{"8X":"3","FR":"3","7P":"3"},"G7":{"93":"3"},"V3":{"QR":"3","RR":"3"},"J4":{"39":"3","24":"3","M7":"3","46":"3"},"R3":{"76":"3"},"F5":{"PG":"3","J7":"3","QM":"3","C3":"3","PF":"3","WR":"3","QJ":"3","WC":"3","PC":"3","PH":"3","H6":"3"},"X3":{"4F":"3","28":"3"},"G6":{"25":"3"},"MV":{"GR":"3","FR":"3","HR":"3"},"W3":{"PC":"3"},"V4":{"27":"3","29":"3"},"J5":{"RQ":"3","5J":"3","CF":"3","FF":"3","FG":"3","CG":"3","4M":"3","7Q":"3"},"PX":{"6Q":"3","7Q":"3"},"29":{"5G":"3"},"PV":{"2M":"3"},"GR":{"QW":"3"},"F6":{"GV":"3","QP":"3","V5":"3","R4":"3","P2":"3","V4":"3","M2":"3","Q5":"3","R5":"3"},"J3":{"6Q":"3"},"P4":{"JW":"3","VW":"3","MV":"3"},"93":{"4V":"3"},"M5":{"MC":"3","PC":"3"},"H6":{"F3":"3"},"JP":{"GM":"3","FJ":"3"}},"GF":{"F8":{"4P":"3"},"H8":{"FG":"3"},"G6":{"2W":"3"},"CF":{"WM":"3"},"FF":{"FX":"3","C2":"3","GR":"3","GV":"3","CX":"3","Q5":"3","JG":"3"},"H6":{"5F":"3","7F":"3","JP":"3","8G":"3","4F":"3"},"J7":{"8V":"3"},"F7":{"5J":"3","97":"3","88":"3","G2":"3","C6":"3"},"G7":{"5J":"3"},"FG":{"H4":"3","H2":"3","93":"3","H3":"3","F4":"3"},"FC":{"4G":"3","2P":"3","9X":"3","4M":"3","HQ":"3","CX":"3","3M":"3","3H":"3","4P":"3","5C":"3"},"C7":{"XH":"3","XG":"3"},"J6":{"2W":"3"},"G9":{"2G":"3","3H":"3"},"F6":{"JX":"3"}},"CC":{"C2":{"Q8":"3"},"C4":{"45":"3"},"H3":{"3X":"3"}},"C6":{"XV":{"24":"3"},"XR":{"GC":"3","7J":"3","7M":"3","68":"3","65":"3"},"WR":{"WQ":"3","VQ":"3"},"WV":{"Q7":"3","4Q":"3","Q6":"3","V2":"3","M7":"3","3Q":"3","R6":"3","P6":"3","P7":"3"},"RV":{"CQ":"3"},"XP":{"R2":"3"},"RW":{"H4":"3","G6":"3"},"PW":{"Q8":"3","R9":"3","VC":"3","Q9":"3","G7":"3","M8":"3","Q6":"3","P5":"3","V5":"3","R4":"3","H7":"3","Q4":"3","J7":"3","J6":"3","H8":"3","P8":"3","M7":"3","V4":"3","R8":"3","M6":"3","V9":"3","Q5":"3","P7":"3","M5":"3","H6":"3","P9":"3","RC":"3","R5":"3","P6":"3"},"XX":{"QR":"3","PV":"3","PR":"3","QV":"3"}},"MX":{"8R":{"GC":"3","GV":"3","FM":"3"},"68":{"9J":"3","78":"3","88":"3","89":"3","CH":"3"},"8P":{"5M":"3"},"6J":{"H9":"3","82":"3"},"57":{"WX":"3","QR":"3","VV":"3","PP":"3"},"9V":{"Q6":"3"},"5C":{"WJ":"3","PV":"3"},"96":{"76":"3"},"6G":{"GC":"3","PR":"3","P5":"3"},"7H":{"5J":"3"},"6H":{"G2":"3"},"78":{"R8":"3"},"M8":{"56":"3"},"H9":{"87":"3","8F":"3","9H":"3","F9":"3","FG":"3","CF":"3","9C":"6"},"59":{"WF":"3"},"87":{"2Q":"3","3P":"3","3Q":"3"},"77":{"XM":"3"},"7V":{"4R":"3"},"MC":{"23":"3"},"3W":{"82":"3"},"6C":{"2C":"3"},"6X":{"3X":"3"},"5X":{"XR":"3"},"7P":{"MG":"3"},"7R":{"3W":"3"}},"X7":{"8R":{"X4":"3"}},"C7":{"X9":{"QJ":"3"},"7M":{"XW":"3"},"8Q":{"6M":"3","RF":"3","CP":"3","Q8":"3","WH":"3","MG":"3","RG":"3"},"C8":{"7W":"3","GV":"3","HW":"3","CR":"3","JF":"3","JV":"3","FV":"3"},"QG":{"WX":"3","XX":"3"},"9C":{"VJ":"3","Q2":"3","P2":"3","R2":"3","Q3":"3","P3":"3","WM":"3","VX":"3"},"H4":{"5R":"3"},"CG":{"QH":"3","PG":"3","H6":"3","QG":"3","PH":"3"},"GQ":{"FX":"3"},"8P":{"VR":"3"},"9V":{"H9":"3","QH":"3","PG":"3","66":"3","HG":"3","RH":"3","JG":"3"},"HG":{"64":"3"},"MP":{"VR":"3","99":"3"},"XC":{"63":"3"},"P6":{"QV":"3","VW":"3"},"RH":{"33":"3","22":"3"},"99":{"VG":"3","VJ":"3","QP":"3","RM":"3","QV":"3","RJ":"3","VH":"3","PX":"3","QR":"3","W9":"3","PW":"3","QW":"3","QX":"3"},"V3":{"62":"3"},"9Q":{"5J":"3","F7":"3","QC":"3","7G":"3","G5":"3","V6":"3","QF":"3","R3":"3","MF":"3","J9":"3","H9":"3","2J":"3","Q3":"3","M5":"3","C6":"3","C7":"3","P6":"3"},"4R":{"MJ":"3","H9":"3","V5":"3"},"7X":{"RV":"3","WQ":"3","6G":"3","6F":"3"},"PJ":{"R7":"3","M8":"3"},"CC":{"CV":"3","2W":"3","63":"3"},"X2":{"W3":"3"},"CF":{"9V":"3","CV":"3","3M":"3","9W":"3","HX":"3","CW":"3","MV":"3","2R":"3"},"FV":{"9P":"3","7Q":"3"},"FF":{"7F":"3","89":"3","QJ":"3"},"C9":{"2H":"3","27":"3","3H":"3"},"9F":{"R4":"3","V3":"3","P8":"3","J7":"3","M9":"3","FH":"3","R7":"3","R6":"3","P9":"3","V4":"3","P7":"3"},"5V":{"H5":"3"},"J5":{"V9":"3"},"7V":{"94":"3"},"CR":{"QH":"3","MM":"3","VC":"3","QC":"3","QG":"3"},"GG":{"GH":"3","FH":"3","F3":"3"},"QH":{"X2":"3","RH":"3"},"6X":{"VV":"3"},"X7":{"6P":"3"},"HF":{"6P":"3"},"4X":{"VX":"3"},"CP":{"GV":"3","QV":"3"},"7W":{"2C":"3"},"GF":{"VV":"3"},"5R":{"36":"3","55":"3"},"9R":{"5X":"3","M8":"3"},"6V":{"94":"3"},"G7":{"25":"3"},"7R":{"QH":"3"},"4Q":{"JJ":"3"},"FQ":{"VX":"3","XW":"3"}}}}