{"index":{"university,1|retail,2|tourism,3|wreck,4|historical,5|artsCulture,6|namedBuilding,7|water,8|wetland,9|park,10|beach,11|natureReserve,12|cemetery,13|trail,14":{}},"63":{"3X":{"4V":{"R4":"3","H6":"3","7P":"3","W3":"3"},"4R":{"R8":"3","QG":"3"},"3V":{"WX":"3","VV":"3","JR":"3","WV":"3","RR":"3","VX":"3","MR":"3"},"5W":{"J4":"3","76":"3","G9":"3","C8":"3","JJ":"3","C9":"3","74":"3","53":"3","23":"3","43":"3"},"3W":{"M4":"3","Q4":"3","Q2":"3","C3":"3","P4":"3","P2":"3"},"5V":{"79":"3"},"4W":{"FJ":"3","9W":"3","72":"3"}},"H4":{"PR":{"7G":"3"},"XG":{"MG":"3","JG":"3"}},"2X":{"JW":{"RV":"3","78":"3","J6":"3"},"MW":{"3F":"3"},"JX":{"Q3":"3"}}}}