{"66":{"XR":{"G5":{"XR":"3","WP":"3","RJ":"3","XX":"3"},"C2":{"Q8":"3","W6":"3"},"Q6":{"HC":"3","MX":"3","F3":"3"},"7C":{"6Q":"3","4M":"3"},"64":{"WV":"3"},"WR":{"G5":"3"},"R4":{"9V":"3","HJ":"3","27":"3","26":"3","Q6":"3","8M":"3","HW":"3","JJ":"3","WP":"3","R6":"3","7P":"3","9R":"3","V5":"3","R5":"3","9M":"3","VQ":"3","Q5":"3"},"X6":{"8C":"3","XV":"3"},"Q5":{"7F":"3","M3":"3","P6":"3","P2":"3","P3":"3"},"X2":{"5W":"3","FW":"3"},"57":{"M3":"3","29":"3","X6":"3","H9":"3","63":"3","54":"3","52":"3","75":"3","R8":"3","39":"3","R9":"3","38":"3","3V":"3","85":"3","W7":"3","67":"3","28":"3","VC":"3","F4":"3","55":"3","X8":"3","53":"3","2G":"3","2F":"3","43":"3","M9":"3","H5":"3","42":"3","F8":"3","45":"3","G8":"3","73":"3","G4":"3","36":"3","47":"3","F7":"3","C6":"3","37":"3","JG":"3","Q7":"3","89":"3","76":"3","7H":"3","3F":"3","RC":"3","74":"3","46":"3","4F":"3","27":"3","F6":"3","FH":"3","GC":"3"},"8F":{"VV":"3","WV":"3","RW":"3","VX":"3","RX":"3","VW":"3"},"WF":{"Q2":"3"},"W2":{"R3":"3","22":"3","3C":"3"},"J2":{"WJ":"3"},"78":{"XP":"3"},"W9":{"3X":"3","7H":"3","2C":"3"},"R6":{"HG":"3","G5":"3"},"J5":{"7V":"3","V2":"3"},"P6":{"X9":"3","PC":"3"},"FF":{"4V":"3","34":"3","4W":"3"},"82":{"CM":"3","XR":"3","FM":"3","CR":"3","9R":"3","CQ":"3"},"92":{"G4":"3","6F":"3","95":"3"},"J3":{"RQ":"3","HQ":"3","XR":"3","VP":"3"},"RW":{"FP":"3"},"P2":{"WX":"3","VX":"3","RX":"3"},"5M":{"79":"3","78":"3","F7":"3","C7":"3","89":"3","C6":"3","F6":"3"},"75":{"CM":"3","HH":"3","CJ":"3","RW":"3","23":"3","WG":"3","MX":"3","P6":"3"},"R2":{"5X":"3","P7":"3"},"39":{"H3":"3","V3":"3","Q4":"3","Q2":"3","M4":"3","95":"3","92":"3","C3":"3","G4":"3","85":"3","JJ":"3","M2":"3","Q5":"3","R5":"3"},"38":{"FW":"3","HR":"3","GV":"3","PP":"3","7X":"3","GW":"3","9W":"3","FV":"3","JQ":"3","PJ":"3","FX":"3"},"W7":{"MH":"3","WF":"3"},"X4":{"3F":"3","GW":"3","4C":"3","77":"3"},"X7":{"5F":"3","FX":"3","66":"3","RV":"3","76":"3","67":"3","77":"3","HV":"3"},"RG":{"8V":"3"},"67":{"P7":"3","W3":"3"},"XR":{"VQ":"3"},"V3":{"7F":"6","8F":"6","6J":"3","8G":"3","8J":"3","9H":"3","7H":"3","7P":"3","8M":"3","7C":"6","8C":"6","9P":"3","P9":"3","8H":"3"},"PV":{"CX":"3"},"2M":{"2F":"3"},"VF":{"PG":"3","PF":"3","MF":"3","MG":"3"},"VX":{"HR":"3","8V":"3"},"2X":{"Q6":"3","M5":"3"},"V4":{"RC":"3"},"R3":{"W2":"3","PJ":"3","V2":"3"},"H4":{"2R":"3"},"4W":{"CM":"3","CJ":"3","9J":"3","9M":"3"},"X8":{"F5":"3"},"7P":{"W3":"3"},"WW":{"6J":"3"},"Q8":{"M6":"3"},"7Q":{"GR":"3","PW":"3","PX":"3","9M":"3"},"2F":{"CP":"3","GR":"3"},"G6":{"X5":"3"},"H5":{"8X":"3","QX":"3","GX":"3","2R":"3"},"66":{"28":"3"},"XW":{"RV":"3","X8":"3"},"77":{"3C":"3"},"49":{"24":"3"},"Q3":{"W3":"3"},"F3":{"74":"3"},"H7":{"5G":"3"},"FC":{"HM":"3","C5":"3","95":"3","83":"3","C8":"3","CJ":"3","72":"3","FH":"3","CC":"3","43":"3","C7":"3"},"F8":{"C2":"3","J4":"3"},"C8":{"43":"3","5P":"3","JQ":"3","53":"3","63":"3"},"H6":{"F2":"3","25":"3","Q2":"3","V2":"3","M2":"3","P2":"3"},"X5":{"H4":"3","54":"3","H2":"3","G3":"3","53":"3","6J":"3"},"56":{"JR":"3","MR":"3"},"97":{"9Q":"3","FW":"3","GW":"3","6P":"3","CV":"3","FV":"3","VV":"3","CX":"3","HV":"3","9R":"3","HW":"3","CQ":"3","8Q":"3","FQ":"3","8P":"3","9P":"3","PW":"3","CR":"3","9V":"3","VW":"3"},"2W":{"HX":"3"},"9F":{"6M":"3","5P":"3","4W":"3"},"8G":{"Q4":"3","X4":"3"},"W4":{"JC":"3","M9":"3","WP":"3","J8":"3","M8":"3","J9":"3"},"GJ":{"FG":"3"},"7G":{"79":"3"},"98":{"48":"3","J5":"3","H5":"3","58":"3","57":"3","83":"3","47":"3","J6":"3"},"G3":{"68":"3"},"65":{"JF":"3","HJ":"3","FP":"3","9G":"3","FF":"3","M7":"3","GQ":"3","M6":"3","Q3":"3","5V":"3","P4":"3","M5":"3","FC":"3","JP":"3"},"XX":{"VF":"3","V9":"3","VC":"3","WC":"3","W6":"3","W9":"3","R5":"3","VQ":"3","RC":"3"},"99":{"7F":"3"},"WX":{"RQ":"3","PV":"3","QV":"3"},"V9":{"98":"3","R8":"3","V6":"3","94":"3","63":"3","V5":"3"},"5J":{"W3":"3"},"G4":{"WR":"3"},"69":{"F8":"3"},"47":{"VG":"3","XF":"3","WF":"3","XM":"3","PV":"3","GR":"3","PH":"3","W9":"3","XG":"3"},"4M":{"PM":"3"},"F7":{"6X":"3","XX":"3"},"R7":{"JF":"3","4W":"3","JV":"3"},"F9":{"9V":"3","6X":"3","8X":"3","3V":"3","7X":"3","6W":"3"},"H3":{"34":"3"},"WC":{"C7":"3"},"89":{"QF":"3"},"76":{"5C":"3","J2":"3","8G":"3","W6":"3","95":"3","X8":"3","Q5":"3"},"88":{"QH":"3"},"P5":{"R9":"3"},"M4":{"H4":"3","CJ":"3"},"C9":{"PP":"3"},"RH":{"H5":"3","H6":"3"},"3C":{"9C":"3"},"RC":{"MH":"3","VH":"3"},"74":{"3Q":"3","3R":"3","3P":"3","2P":"3","V3":"3","R4":"3","3M":"3","C9":"3","7Q":"3","88":"3","4P":"3","2Q":"3"},"46":{"WQ":"3"},"V8":{"FR":"3","W3":"3"},"9G":{"G3":"3","C4":"3","GC":"3","C5":"3","P7":"3"},"Q4":{"WV":"3","X6":"3","RX":"3","VV":"3","PX":"3","WW":"3","XV":"3","X7":"3","VW":"3","QX":"3"},"M2":{"2Q":"3","GQ":"3"},"C7":{"RP":"3","5Q":"3"},"XC":{"6J":"3"},"XF":{"X6":"3","X5":"3"},"F2":{"PV":"3","24":"3","23":"3","22":"3"},"84":{"36":"3","4J":"3","22":"3","32":"3","75":"3"},"86":{"5F":"3","5C":"3"},"GC":{"HX":"3"},"W5":{"8R":"3"},"48":{"F2":"3","97":"3","76":"3","3R":"3","86":"3","74":"3","83":"3","75":"3","F3":"3"},"J4":{"MW":"3","VX":"3","QW":"3"},"W8":{"48":"6|3","V3":"3","39":"3","37":"3","2G":"3","X4":"3","38":"3","22":"3","47":"3","V4":"3","VJ":"3"},"R5":{"JW":"3","R2":"3","RW":"3","V2":"3","XW":"3","M5":"3","G9":"3","P5":"3"}},"QJ":{"GW":{"RV":"3"},"FW":{"XG":"3"}},"CG":{"J7":{"G4":"3"}},"PW":{"29":{"3V":"3"}},"XV":{"8R":{"VC":"3","W8":"3","RM":"3","QF":"3","XQ":"3","WR":"3","6H":"3","VF":"3","WM":"3","RC":"3","VX":"3","VW":"3"},"8Q":{"R4":"3","MJ":"3","XR":"3","V7":"3","XQ":"3","V3":"3","Q7":"3","XP":"3","Q6":"3","Q8":"3","JM":"3","FP":"3","R9":"3","R6":"3","V5":"3","R5":"3","Q5":"3","V4":"3","P5":"3"},"CM":{"79":"3","4F":"3"},"J4":{"F8":"3","QJ":"3"},"9C":{"48":"3","49":"3","59":"3","58":"3"},"P4":{"RW":"3","WV":"3","RV":"3","XQ":"3","WQ":"3","RX":"3","C3":"3","X8":"3","WR":"3","WW":"3","X7":"3","VW":"3"},"8P":{"VX":"3","RX":"3","XW":"3"},"22":{"9M":"3"},"9P":{"4V":"3","5W":"3","9Q":"3"},"G4":{"HM":"3"},"G9":{"3M":"3","2P":"3","3P":"3"},"6P":{"RR":"3"},"V3":{"34":"3"},"FP":{"32":"3"},"7H":{"WR":"3","RV":"3","VX":"3","3R":"3"},"9Q":{"3X":"3","3F":"3","2X":"3","85":"3","X3":"3","6W":"3","W4":"3"},"Q4":{"5J":"3","2Q":"3","3M":"3","2P":"3","3P":"3","5H":"3","2M":"3"},"FF":{"6J":"3","2J":"3"},"7J":{"V2":"3","R3":"3"},"J7":{"QP":"3","V8":"3","QJ":"3","X6":"3","QV":"3","P8":"3","X5":"3","JC":"3","7C":"3","PW":"3","VF":"3","RJ":"3","P6":"3","VJ":"3","RH":"3","Q7":"3","PR":"3","CX":"3","QQ":"3","C7":"3","M8":"3","VG":"3","PG":"3","R8":"3","VH":"3","MR":"3","W8":"3","W9":"3","QM":"3","VC":"3","MC":"3","RG":"3","RF":"3","QR":"3","X7":"3","RM":"3","PP":"3","M6":"3","Q9":"3"},"H9":{"VV":"3","WV":"3","QV":"3"},"J9":{"Q2":"3","FH":"3"},"5M":{"RC":"3"},"M5":{"4V":"3","8X":"3","FR":"3","PQ":"3","FW":"3","XM":"3"},"J5":{"G3":"3","F3":"3"},"Q3":{"XP":"3"},"42":{"6Q":"3","MR":"3"},"6Q":{"38":"3"},"P5":{"J4":"3","68":"3","MF":"3","M9":"3","8G":"3","69":"3","R2":"3","P6":"3","XM":"3","78":"3","Q4":"3","FF":"3","M8":"3","Q6":"3","R5":"3","M4":"3","R3":"3","M5":"3","J5":"3","Q5":"3","MC":"3","Q3":"3","P7":"3","P5":"3","Q2":"3","M6":"3","PF":"3"},"CP":{"MP":"3","PM":"3"},"J6":{"XC":"3","W9":"3"},"P3":{"23":"3"},"G3":{"QC":"3"},"J8":{"P4":"3","8P":"3","GQ":"3","JQ":"3","JV":"3","PW":"3","M9":"3","JP":"3","P6":"3","MW":"3","V7":"3","HQ":"3","M8":"3","JG":"3","Q6":"3","R5":"3","J9":"3","MR":"3","JR":"3","M4":"3","M3":"3","GJ":"3","JH":"3","R4":"3","P5":"3","P3":"3","P2":"3","GM":"3","R7":"3"},"7R":{"FR":"3","Q8":"3"},"M6":{"3R":"3","4V":"3","57":"3","4G":"3","3Q":"3","4H":"3","4M":"3","4W":"3","3M":"3","2R":"3","4F":"3","5W":"3","2Q":"3","4J":"3","2X":"3","3W":"3","5X":"3","3V":"3","4X":"3","5G":"3"},"8V":{"C9":"3","R3":"3"},"M7":{"45":"3","27":"3","52":"3","44":"3","35":"3","53":"3","25":"3","42":"3","26":"3","43":"3"}},"XP":{"VG":{"79":"3","7F":"3","89":"3","FR":"3","FM":"3","HW":"3","GQ":"3","78":"3","FQ":"3","88":"3","GR":"3","F6":"3","8C":"3","9C":"3"},"VM":{"42":"3"},"VC":{"HJ":"3","MM":"3","JM":"3","JJ":"3"},"RP":{"92":"3","83":"3"},"JR":{"XF":"3","WJ":"3","VM":"3","RP":"3","JV":"3","VJ":"3","QP":"3","RM":"3","JW":"3","HX":"3","PR":"3","MV":"3","JX":"3","PQ":"3","MR":"3","MW":"3","WH":"3","XH":"3","QQ":"3","XG":"3","GX":"3"},"WF":{"8F":"3"},"W8":{"QP":"3","RV":"3","QV":"3","WM":"3","VJ":"3","QX":"3","XJ":"3","WH":"3","4W":"3","RP":"3","QQ":"3","XM":"3","7X":"3","WP":"3","RQ":"3","VM":"3","5W":"3","XG":"3","XH":"3","WJ":"3","QW":"3","4X":"3","RM":"3","PP":"3"},"JV":{"75":"3","4G":"3","G3":"3","F3":"3","65":"3","G2":"3","76":"3","C3":"3","G4":"3","94":"3","55":"3","85":"3","74":"3","H2":"3","57":"3","58":"3","26":"3","66":"3","84":"3"},"VJ":{"6M":"3","35":"3","52":"3","53":"3","29":"3","5V":"3"},"QP":{"GR":"3","WV":"3","MW":"3","3V":"3","FV":"3","XX":"3","HV":"3"},"X9":{"94":"3"},"RM":{"9X":"3","W5":"3","V6":"3","FH":"3","7Q":"3"},"JW":{"48":"3","XH":"3","79":"3","HC":"3","GC":"3","XG":"3","XF":"3","VG":"3","47":"3"},"X8":{"7F":"3","5J":"3","4G":"3","8F":"3","3P":"3","6J":"3","7G":"3","JW":"3","4M":"3","5G":"3","W2":"3","FM":"3","7H":"3","R2":"3","5P":"3","2J":"3","JX":"3","3H":"3","2H":"3","GM":"3","5H":"3","6C":"3","2G":"3","FJ":"3","CR":"3","GJ":"3","6F":"3","2M":"3","4H":"3","GG":"3"},"HV":{"8R":"3","9X":"3","X5":"3","V4":"3"},"MV":{"PW":"3","QV":"3","5H":"3"},"VH":{"3X":"3","4X":"3","5X":"3"},"PX":{"36":"3","CJ":"3","9J":"3","87":"3","VP":"3","9H":"3","MM":"3","CC":"3","FH":"3"},"RQ":{"24":"3","34":"3","22":"3","56":"3"},"VF":{"F4":"3","HM":"3","M8":"3","MG":"3","JF":"3","J8":"3","JC":"3","JG":"3","G5":"3","P5":"3","9X":"3","CV":"3","FR":"3","J7":"3","9W":"3","M4":"3","MF":"3","J9":"3","J6":"3","MC":"3","PF":"3","M7":"3","G4":"3","GQ":"3","J5":"3","M6":"3","P3":"3","JH":"3","M9":"3","P4":"3","M5":"3","H6":"3","CR":"3","9V":"3","JM":"3"},"MR":{"H5":"3","96":"3","2F":"3","76":"3","67":"3","X2":"3","2C":"3","2M":"3","3C":"3","2J":"3"},"MW":{"52":"3","9C":"3","3J":"3","2J":"3","2G":"3","4G":"3","W7":"3","5J":"3","7F":"3","4M":"3","6G":"3","5H":"3","4F":"3","JJ":"3","5P":"3","C9":"3","3H":"3","4J":"3","9G":"3","8F":"3","GG":"3","5Q":"3","2H":"3"},"XW":{"QX":"3","VM":"3"},"W9":{"Q2":"3","9C":"3","M2":"3","64":"3"},"PW":{"2W":"3"},"XP":{"VW":"6"},"MX":{"PG":"3","WW":"3","QJ":"3"},"X7":{"WX":"3","WW":"3"}},"WX":{"8R":{"WX":"3","QH":"3","WW":"3","MG":"3"},"53":{"73":"3"},"HW":{"9G":"3","P2":"3"},"C8":{"3M":"3"},"F3":{"7H":"3","CX":"3"},"33":{"V3":"3"},"JC":{"CC":"3","P6":"3"},"JV":{"FJ":"3","47":"3","8Q":"3","2J":"3","6J":"3","7F":"3","5J":"3","G6":"3","73":"3","4F":"3","3P":"3","2M":"3","48":"3","39":"3","3C":"3","6F":"3","F6":"3","2C":"3","38":"3","35":"3","6Q":"3","7P":"3","2H":"3","3F":"3"},"9V":{"GW":"3","JQ":"3","FR":"3","7C":"3","GV":"3","QQ":"3","23":"3","57":"3"},"9P":{"XP":"3","WP":"3","VQ":"3","XM":"3"},"62":{"XJ":"3"},"7F":{"24":"3","9G":"3","23":"3"},"FX":{"GQ":"3"},"9W":{"XJ":"3"},"CF":{"9X":"3"},"23":{"W9":"3"},"48":{"J7":"3","H7":"3"},"GX":{"39":"3"},"JX":{"VG":"3","H3":"3","V7":"3","G9":"3","R9":"3","QF":"3","WG":"3","GF":"3","XC":"3","J3":"3","V6":"3","RJ":"3","PG":"3","M5":"3","WJ":"3","WC":"3","P7":"3","G4":"3","Q4":"3","VJ":"3","M8":"3","QG":"3","F8":"3","MH":"3","JH":"3","P8":"3","PH":"3","M4":"3","R4":"3","M9":"3","X5":"3","H7":"3","R6":"3","X9":"3","Q8":"3","XF":"3","H4":"3","H9":"3","MG":"3","JF":"3","WF":"3","F7":"3","JC":"3","X8":"3","W6":"3","G8":"3","Q3":"3","V8":"3","G6":"3","W8":"3","HC":"3","J6":"3","J9":"3","H2":"3","P9":"3","XH":"3","Q9":"3","VF":"3","RH":"3","R8":"3","FC":"3","Q6":"3","W7":"3","P6":"3","H8":"3","J7":"3","R5":"3","WH":"3","H5":"3","MF":"3","QC":"3","H6":"3","P4":"3","W5":"3","HF":"3","V5":"3","J5":"3","RF":"3","VC":"3","W9":"3","Q2":"3","Q7":"3","X6":"3","QH":"3","P3":"3","G3":"3","Q5":"3","V9":"3","GC":"3","G5":"3","J4":"3","RG":"3","VH":"3","M3":"3","J8":"3","M7":"3","R3":"3","F9":"3","PC":"3","RC":"3","HG":"3","XG":"3","X2":"3","PF":"3","MC":"3","R7":"3","P5":"3","X7":"3","JG":"3","M6":"3","G7":"3","X3":"3","X4":"3"},"9F":{"WX":"3"},"MR":{"H8":"3"},"JR":{"96":"3","5W":"3","7X":"3","65":"3"},"72":{"2H":"3","4H":"3","3J":"3"},"MC":{"94":"3","95":"3","F3":"3"},"HR":{"WW":"3","RW":"3","VW":"3"},"6F":{"W5":"3","V6":"3","X2":"3","R6":"3"},"GJ":{"9Q":"6|3","GV":"3","8X":"3","7X":"3","3M":"3","7Q":"3","4P":"3","5Q":"3","CR":"3","4Q":"3"},"HH":{"P3":"3"},"MQ":{"7X":"3"},"JH":{"M4":"3"},"42":{"49":"3","3G":"3","2J":"3","4F":"3","3J":"3","FC":"3","2C":"6|3","2M":"3","4H":"3"},"MX":{"53":"3","47":"3","52":"3","25":"3","43":"3","33":"3","22":"3","2G":"3","56":"3","37":"3","27":"3","36":"3","44":"3","34":"3","23":"3","48":"3","54":"3","49":"3","46":"3","39":"3","3C":"3","2C":"3","42":"3","45":"3","28":"3","38":"3","35":"3","24":"3","29":"3","26":"3","2F":"3","55":"3","4C":"3","32":"3","3F":"3"},"HV":{"VG":"3","RM":"3","V7":"3","X3":"3","XC":"3","R2":"3","PX":"3","WG":"3"},"CP":{"6Q":"3"},"JW":{"2P":"3","HG":"3","MG":"3","GX":"3"},"FC":{"M2":"3","J3":"3"},"GM":{"72":"3","46":"3","57":"3","56":"3","47":"3"},"32":{"WX":"3","WV":"3","WC":"3","XJ":"3","X8":"3","W8":"3"},"8V":{"X2":"3"},"C4":{"XV":"3"},"2H":{"2W":"3"}},"WW":{"54":{"CF":"3","CJ":"3","9P":"3"},"4X":{"PR":"3","VM":"3","RM":"3","RJ":"3"},"FX":{"FJ":"3"},"GW":{"8F":"3","8G":"3","W5":"3","FM":"3","G9":"3","2J":"3","GC":"3","GM":"3","6C":"3","7C":"3","8C":"3","FH":"3","JP":"3","HP":"3"},"GR":{"RR":"3","VQ":"3"},"5X":{"44":"3"},"67":{"H3":"3"},"QQ":{"PR":"3"},"74":{"4J":"3","4H":"3","6G":"3"},"2M":{"5J":"3"},"HR":{"75":"3"},"FW":{"M2":"3"},"FV":{"WM":"3","QM":"3"},"64":{"XF":"3","QJ":"3"}},"CW":{"PW":{"FQ":"3","JM":"3","GQ":"3"}},"CX":{"7M":{"XW":"3"},"47":{"R4":"3","X4":"3","88":"3","X3":"3"},"W4":{"M9":"3"},"XR":{"GF":"3"},"QJ":{"RM":"3","VH":"3","VG":"3"},"58":{"G6":"3","F5":"3"},"MF":{"JP":"3"},"JM":{"HG":"3"},"4V":{"GR":"3","MQ":"3"},"88":{"GQ":"3"},"JQ":{"3W":"3"},"57":{"62":"3","G2":"3","5G":"3","5H":"3","C2":"3","H2":"3","23":"3","33":"3","25":"3","42":"3"},"MG":{"PF":"3"},"56":{"XV":"3","XR":"3","FX":"3","GW":"3","9X":"3","8X":"3","PV":"3","CX":"3","HX":"3","CW":"3","VW":"3","JV":"3","FW":"3","GX":"3","HV":"3"},"37":{"5F":"3","PF":"3","MF":"3","5G":"3"},"XV":{"4P":"3"},"3Q":{"4X":"3","H5":"3"},"F7":{"95":"3","77":"3"},"CJ":{"63":"3"},"P6":{"4X":"3"},"G6":{"8G":"3","9G":"3","64":"3","9H":"3","6G":"3","88":"3","8H":"3","HP":"3"},"85":{"8R":"3","CP":"3","FX":"3","FP":"3","6W":"3","WG":"3","CQ":"3"},"6P":{"C4":"3"},"WH":{"R2":"6","87":"3","Q2":"6","X2":"3","R3":"3","P3":"3"},"4W":{"62":"3","VX":"3","72":"3"},"F5":{"2Q":"3","4W":"3"},"95":{"3F":"3","4G":"3","7C":"3","2F":"3","W7":"3","4F":"3"},"94":{"XX":"3"},"CX":{"FJ":"3","57":"3","47":"3"},"3X":{"QH":"3","RX":"3","JM":"3","QX":"3","PQ":"3"},"XM":{"C6":"3"},"FX":{"2W":"3","M7":"3"},"7X":{"GG":"3","M7":"3","9G":"3","CH":"3","5G":"3"},"CF":{"8C":"3","64":"3"},"3P":{"6Q":"3"},"8X":{"W2":"3","X2":"3"},"PH":{"CJ":"3"},"VH":{"MQ":"3","RM":"3","PQ":"3"},"R6":{"8C":"3"},"J7":{"X6":"3","V7":"3","V6":"3","X7":"3","W6":"3","R7":"3","R6":"3"},"H6":{"7V":"3","5Q":"3"},"JG":{"37":"3"},"6W":{"79":"3","XG":"3","JF":"3","FC":"3"},"5W":{"93":"3","G7":"3","H7":"3","82":"3"},"2Q":{"CF":"3","HG":"3"},"66":{"3V":"3","2V":"3","3R":"3","PM":"3","VQ":"3","2R":"3"},"87":{"M2":"3"},"W8":{"XR":"6","WP":"3"},"XG":{"3Q":"3","3R":"3","27":"3","3V":"3","3F":"3","39":"3","7H":"3","3W":"3","2H":"3","78":"3","2W":"3","3J":"3","4J":"3","3C":"3","4Q":"3","2R":"3","2Q":"3","HP":"3","6Q":"3","VW":"3"},"WG":{"XR":"3","WF":"3","MP":"3","PQ":"3","W7":"3","WX":"3","PR":"3","WW":"3|6","CW":"3","RP":"3","JX":"3","WV":"3","WQ":"3","VW":"3","XW":"6","QH":"3","RW":"3","RR":"3","WR":"3","VX":"3","VV":"3","PP":"3","PM":"3"},"5V":{"3R":"3","6V":"3"},"XF":{"H6":"3","4W":"3"},"Q5":{"6M":"3","7Q":"3"},"MC":{"2C":"3"},"8C":{"QX":"3"},"3W":{"W5":"3","X5":"3","P5":"3"},"GG":{"5F":"3"},"76":{"V3":"3","79":"3","7C":"3"},"CH":{"WC":"3"},"6X":{"XC":"3"},"X7":{"HR":"3"},"9X":{"43":"3","7F":"3","Q6":"3","72":"3"},"MX":{"72":"3"},"W3":{"RQ":"3","GW":"3","RV":"3","PW":"3","PR":"3","HW":"3","MR":"3","PQ":"3","MV":"3","JV":"3"},"35":{"8M":"3"},"4X":{"9X":"3","9R":"3","7Q":"3"},"W6":{"G8":"3","H8":"3","H6":"3","G7":"3","H7":"3"},"CP":{"28":"3"},"7W":{"8C":"3","9C":"3","5G":"3","XM":"3"},"GF":{"X7":"3"},"VR":{"M4":"3"},"8W":{"5R":"3","FQ":"3","GW":"3","JV":"3","4M":"3"},"26":{"9X":"3","FW":"3"},"VQ":{"82":"3"},"C5":{"QP":"3","QG":"3","WW":"3","QQ":"3","RP":"3","PJ":"3","XQ":"3","PG":"3","54":"3","RQ":"3","WV":"3","WQ":"3","HC":"3","QW":"3","RR":"3","WR":"3","VR":"3","VX":"3","VQ":"3"},"M6":{"GW":"3","QQ":"3"},"M7":{"35":"3","54":"3","45":"3"},"C4":{"2X":"3"},"X8":{"6H":"3","3R":"3","WH":"3","2R":"3","W3":"3"}},"FX":{"29":{"H3":"3"},"CX":{"85":"3"},"WR":{"57":"3"},"QP":{"GG":"3","RR":"3","XP":"3","WP":"3","QV":"3","PP":"3","XM":"3"},"HW":{"Q2":"3"},"HV":{"RR":"3","RW":"3"},"3H":{"H2":"3","J3":"3"},"GQ":{"6J":"3"},"7W":{"R4":"3","V5":"3"},"WV":{"G8":"3","G7":"3"},"8V":{"2X":"3"},"RP":{"65":"3","75":"3"},"5M":{"43":"3"},"VQ":{"GJ":"3","7C":"3","8M":"3","QV":"3","6C":"3","HM":"3"},"7F":{"3R":"3"},"3G":{"RF":"3","GJ":"3"},"GG":{"RW":"3","FW":"3","8X":"3","GW":"3","9X":"3","JW":"3","CX":"3","QV":"3","MV":"3","PV":"3","MW":"3","FX":"3","PW":"3","QW":"3","VW":"3"},"38":{"8R":"3","2Q":"3","8P":"3","8Q":"3","9P":"3","9Q":"3"},"6M":{"HF":"3"},"2H":{"23":"3"},"5F":{"39":"3","GF":"3","28":"3"},"28":{"MJ":"3","J2":"3","G2":"3","M3":"3","Q6":"3","J5":"3","Q3":"3","CF":"3","X2":"3","P6":"3"},"8X":{"RX":"3"},"25":{"94":"3","83":"3","F6":"3"},"26":{"QR":"3","WH":"3"},"6Q":{"25":"3","68":"3"},"8H":{"VV":"3","WW":"3"},"3R":{"47":"3"},"GH":{"H2":"3","Q3":"3","G2":"3","RM":"3"},"6F":{"FM":"3","9P":"3","QQ":"3","PQ":"3","PP":"3","9M":"3"},"9H":{"VG":"3","XF":"3","WF":"3","PG":"3","XR":"3","6P":"3","QF":"3","XC":"3","FF":"3","WR":"3","VF":"3","WC":"3","6M":"3","V8":"3","W9":"3","RF":"3","XG":"3|6","WG":"3","VW":"3"},"GJ":{"JF":"3","Q5":"3"},"4V":{"X2":"3"},"XX":{"C8":"3"},"HM":{"M4":"3"},"36":{"3X":"3","2W":"3","4W":"3"},"37":{"45":"3","49":"3","36":"3","3G":"3","48":"3","46":"3","4C":"3","3H":"3","2H":"3","4F":"3","2G":"3","58":"3","42":"3","2C":"3","59":"3"},"HJ":{"JG":"3"},"5R":{"G4":"3","2P":"3","4Q":"3","3C":"3","4M":"3"},"7V":{"WX":"3","4Q":"3","VX":"3"},"XV":{"QX":"3"},"VW":{"GH":"3"},"4F":{"Q7":"3","M6":"3","R8":"3","J7":"3","93":"3","R7":"3","V8":"3","83":"3","F5":"3"},"CH":{"3F":"3","3G":"3","5R":"3","FJ":"3","9W":"3","4H":"3","2F":"3","9P":"3","3H":"3"},"27":{"3R":"3","WM":"3","PW":"3","XP":"3","XV":"3","3Q":"3","XC":"3","WX":"3","X4":"3","V3":"3","FM":"3","XM":"3","RP":"3","WP":"3","XQ":"3","GX":"6","WQ":"3","XH":"3","VW":"3","XX":"3","W3":"3","2V":"3","4Q":"3","5Q":"3"},"HX":{"9J":"3","X7":"3"},"FH":{"H5":"3","G5":"3","W4":"3"},"8W":{"33":"3","34":"3","23":"3"}},"9W":{"RX":{"6Q":"3"}},"7X":{"RW":{"MW":"3"},"47":{"8W":"3"},"RP":{"PH":"3"},"V2":{"3V":"3"},"PP":{"X2":"3"},"MQ":{"V6":"3","W6":"3","XJ":"3"},"CV":{"X5":"3"},"VR":{"RH":"3","JF":"3"},"RX":{"VW":"3"},"PR":{"G3":"3"},"VV":{"QV":"3","MR":"3","V8":"3"},"3M":{"G4":"3","C4":"3","85":"6","94":"3","G5":"3","75":"6"},"QM":{"9V":"3"},"JQ":{"74":"3","95":"3","64":"3"},"RH":{"V9":"3","Q5":"3"},"RJ":{"7J":"3"},"48":{"66":"3","45":"3","23":"3"},"MH":{"5F":"3"},"8Q":{"M4":"3","R4":"3","Q4":"3","V6":"3","R6":"3","V5":"3","R5":"3","V4":"3"},"PQ":{"FX":"3","X4":"3","46":"3","47":"3"},"XX":{"JH":"3","JJ":"3"},"38":{"W2":"3","PJ":"3","V2":"3","Q3":"3","G2":"3","P3":"3","F3":"3"},"37":{"XX":"3"},"35":{"XH":"3"},"XW":{"HR":"3"},"QQ":{"8C":"3","43":"3","54":"3","Q7":"3","Q8":"3","53":"3","63":"3","89":"3","65":"3","64":"3"},"FX":{"JR":"3","QX":"3"},"5Q":{"HH":"3"},"32":{"PV":"3"},"GJ":{"C2":"3"},"42":{"9C":"3"},"XG":{"MW":"3"},"WG":{"79":"3"},"JP":{"RG":"3"},"VX":{"M5":"3"},"VW":{"HV":"3"},"JM":{"83":"3"}},"CC":{"XR":{"3M":"3","7P":"3"}},"CF":{"QH":{"FF":"3","MH":"3","94":"3","72":"3","MG":"3"},"PG":{"G6":"3","96":"3","6X":"3","F7":"3","94":"3","C6":"3","P6":"3","F6":"3"},"MG":{"PW":"3"}},"WP":{"V7":{"8Q":"3"}},"8X":{"FJ":{"X6":"3"},"9C":{"8C":"3","62":"3","56":"3"},"PX":{"QW":"3","RX":"3","HX":"3","QX":"3","MX":"3"},"CG":{"JR":"3","HR":"3","JV":"3","MQ":"3","HV":"3","MV":"3","PV":"3","MW":"3"},"GQ":{"96":"3","86":"3","C5":"3","8J":"3","97":"3","MF":"3","7M":"3","94":"3","7P":"3","98":"3","8M":"3","8C":"3","GF":"3","C6":"3"},"33":{"24":"3","8H":"3","HX":"3","34":"3","23":"3","6F":"3","7G":"3"},"22":{"CF":"3","9H":"3","JM":"3","9F":"3","9C":"3","77":"3"},"88":{"75":"3","86":"3","8F":"3","FP":"3","GP":"3","64":"3","FM":"3","CG":"3","CJ":"3","GQ":"3","9C":"3"},"QX":{"62":"3","52":"3","42":"3"},"99":{"5R":"3"},"44":{"2P":"3"},"4W":{"C4":"3","99":"3","94":"3","F4":"3"},"FP":{"XG":"3"},"34":{"Q8":"3"},"CW":{"WJ":"3","FQ":"3","CF":"3","RV":"3","WQ":"3","9P":"3","WP":"3","VH":"3","VQ":"3"},"CX":{"M4":"3"},"FR":{"V2":"3","99":"3","J4":"3"},"FX":{"QP":"3","38":"3"},"78":{"M4":"3"},"CF":{"RC":"3"},"48":{"6Q":"3"},"87":{"3V":"3","2R":"3"},"77":{"M4":"3","WP":"3","QF":"3","P5":"3","QG":"3"},"76":{"FQ":"3","49":"3","FR":"3","27":"3","8M":"3","GQ":"3","9M":"3"},"FW":{"35":"3","25":"3","2P":"3"},"CH":{"JG":"3"},"CQ":{"XX":"3"},"45":{"72":"3"},"MX":{"G5":"3"},"CV":{"M4":"3"},"FQ":{"GW":"3","QM":"3"},"5G":{"M6":"3"},"89":{"M6":"3","XM":"3"}},"FF":{"QC":{"7G":"3"},"8J":{"7H":"3","8H":"3","CC":"3","9C":"3"},"HJ":{"VQ":"3"},"Q4":{"5Q":"3"},"22":{"VQ":"3","VM":"3","WJ":"3","RP":"3","VC":"3","WP":"3","VJ":"3","RM":"3","R7":"3","R4":"3","Q4":"3","HQ":"3","MP":"3","VP":"3","VH":"3","WM":"3","XH":"3","WH":"3","R6":"3","QQ":"3","XP":"3","R5":"3"},"GP":{"33":"3","RG":"3"},"7M":{"7M":"3","8Q":"3","9C":"3","8P":"3","6J":"3","8M":"3","3Q":"3","7Q":"3","5J":"3","4M":"3","6R":"3","3M":"3","4R":"3","3P":"3","5P":"3","2M":"3","5W":"3","J9":"3","5M":"3","4J":"3","5V":"3","8C":"3","6Q":"3","5R":"3","4Q":"3","5Q":"3","2P":"3","4P":"3"},"MC":{"HX":"3"},"9H":{"JC":"3","49":"3","6C":"3","JF":"3","68":"3"},"PF":{"82":"3"},"C8":{"6J":"3"},"8Q":{"4G":"3","4H":"3"},"6H":{"MQ":"3"},"GM":{"3F":"3"},"8M":{"6P":"3","5P":"3","29":"3","4M":"3","RC":"3"},"8P":{"HH":"3","HG":"3","F6":"3"},"6M":{"VM":"3","RP":"3","RV":"3","WP":"3","XR":"3","XQ":"3","WQ":"3","VP":"3"},"PC":{"6M":"3","8X":"3"},"9P":{"3F":"3","3G":"3","49":"3","39":"3","2G":"3","2H":"3","2F":"3","4C":"3","2C":"3","29":"3","46":"3","57":"3","4F":"3","3C":"3","75":"3"},"9M":{"38":"3"},"32":{"3G":"3","2G":"3"},"8H":{"XV":"3","VR":"3","G6":"3","H6":"3","W7":"3","MG":"3","JG":"3","J9":"3"},"JP":{"46":"3"},"9J":{"F8":"3","G8":"3","24":"3","F7":"3"},"HP":{"WC":"3","WF":"3"}},"XQ":{"WQ":{"JR":"3","H3":"6","G3":"6","J9":"3","G9":"3","M6":"3","MR":"3","JH":"3","73":"3","P7":"3","FG":"3","P9":"3"},"CV":{"R2":"3","R6":"3","R7":"3","32":"3","P3":"3"},"FP":{"M6":"3","HM":"3"},"R9":{"4Q":"3","2V":"3","5Q":"3","2R":"3"},"RQ":{"RR":"3"},"V3":{"X8":"3"},"GF":{"GW":"3","GR":"3","GV":"3","HX":"3","FV":"3"},"VV":{"V7":"3","GC":"3","F7":"3","W7":"3","6W":"3","XC":"3","QM":"3"},"XC":{"GQ":"3"},"FW":{"6P":"3","8R":"3","7P":"3","FV":"3","7G":"3"},"WV":{"P9":"3","CX":"3","H8":"3","7C":"3","R4":"3","HW":"3","HV":"3","QW":"3","CF":"3","Q5":"3","PR":"3","C5":"3","83":"3","QQ":"3","WV":"3","J5":"3","92":"3","QX":"3","GG":"3","VP":"3","VV":"3","XR":"3","V3":"3","QV":"3","PV":"3","R3":"3","X8":"3","PJ":"3","WW":"3","V2":"3","RM":"3","H5":"3","XW":"3","JQ":"3","JR":"3","C8":"3","J8":"3","QJ":"3","X9":"3","95":"3","C6":"3","RX":"3","QR":"3","MQ":"3","JW":"3","Q4":"3","XV":"3","VW":"3","CC":"3","HX":"3","C7":"3","Q9":"3","RR":"3","J4":"3","MR":"3"},"FV":{"J5":"3"},"JX":{"JC":"3","MC":"3","MF":"3","JF":"3"},"GM":{"CC":"3","9C":"3","F3":"3"},"RW":{"H8":"3"},"FQ":{"PJ":"3"},"VJ":{"3W":"3"},"M8":{"JR":"3","3Q":"3","3R":"3","MQ":"3","PR":"3","MP":"3","JQ":"3","4R":"3","MV":"3","PV":"3","PQ":"3","MR":"3","2W":"3","4Q":"3","2R":"3","JP":"3","4H":"3"},"VM":{"CV":"3","PP":"3"},"FR":{"48":"3","33":"3","79":"3","52":"3","78":"3","53":"3","38":"3","63":"3"},"JH":{"PV":"3"},"P2":{"22":"3"},"P8":{"2Q":"3","2P":"3","4Q":"3","4R":"3","2V":"3","3P":"3","4P":"3","3R":"3","3Q":"3","2R":"3"},"9V":{"H3":"3","G3":"3","V3":"3","J4":"3","H7":"3","R3":"3","J7":"3","J6":"3","CG":"3","R2":"3","J5":"3","M6":"3","Q3":"3","H2":"3","J3":"3","P4":"3","P7":"3","H6":"3","R5":"3"},"RX":{"M2":"3"},"R4":{"F2":"3","M3":"3","V6":"3"},"M9":{"54":"3","2H":"3","GC":"3","45":"3","53":"3","55":"3"},"X5":{"F4":"3","G8":"3|6","G7":"3","G3":"3","F3":"3","G2":"3","G5":"3","F2":"3","F5":"3","JQ":"3","G9":"3","G6":"3","H8":"3","H9":"3","G4":"3","HC":"3","GC":"3","F8":"6","H2":"3","F6":"3","HF":"3","GF":"3","JP":"3"},"PV":{"W5":"3","W6":"3"},"XW":{"F4":"6","7F":"6","6V":"3","M8":"3","JC":"3","J9":"3","8W":"3","HC":"3","2Q":"3","56":"3"},"CR":{"8R":"3","FJ":"6|3","XR":"3","FH":"3","3R":"3","HP":"3","WM":"3","GR":"3","JM":"3","4V":"3","JQ":"3","9V":"3","9P":"3","MP":"3","JP":"3","FR":"3","2R":"3","QQ":"3","4R":"3","9W":"3","5P":"3","HQ":"3","2M":"3","GW":"3","6W":"3","VM":"3","2Q":"3","JR":"3","2X":"3","5V":"3","VC":"3","7V":"3","HR":"3","CR":"3","3W":"3","6X":"3","MQ":"3","3V":"3","CP":"3","7W":"3","5R":"3","CV":"3","9R":"3","6V":"3","VV":"3","PP":"3","2W":"3","8V":"3","2P":"3","FQ":"3"},"GG":{"JC":"3","HF":"3","H9":"3","FX":"3","H2":"3","GW":"3","GR":"3","J2":"3","QW":"3","M7":"3","HG":"3","GQ":"3","FW":"3","GX":"3","J9":"3"},"WW":{"R9":"3","QF":"3","GF":"3","WV":"6","JX":"6","PG":"3|6","M5":"3|6","P7":"3","M8":"3","QG":"3","JR":"3","MH":"3","JH":"3|6","JW":"3","P2":"3","P8":"3","PH":"6|3","6Q":"3","M4":"3","PP":"3","M9":"3","H7":"3","PV":"3","Q8":"3","GG":"3","WW":"6","QJ":"3","H9":"3","MG":"3","JF":"3","77":"3","JV":"3","JC":"3","5W":"3","Q3":"3","QW":"3","QQ":"3","PQ":"3","M2":"3","8C":"3","GJ":"3","6G":"3","HC":"3","J9":"3","HR":"3","JQ":"3","P9":"3","QM":"3|6","JJ":"3","Q9":"3","VF":"3","HH":"6","R8":"3","Q6":"3","P6":"3","PX":"6|3","HW":"3","MF":"6|3","MQ":"6","9H":"3","QC":"3","26":"3","P4":"3","MM":"3|6","4G":"3","HF":"3","JP":"6|3","J5":"3","RF":"3","VC":"3","QP":"6","HM":"3","Q2":"6","MX":"3","Q7":"3","QH":"3","P3":"3","7X":"3","4C":"3","4V":"3","RV":"3","Q5":"3","MP":"3","J4":"3","M3":"3","PW":"6|3","J8":"3","78":"3","R3":"3","PC":"3","RC":"3|6","GH":"3","HG":"6|3","6H":"3","5H":"3","8X":"3","PM":"3|6","PF":"3","MJ":"3|6","MC":"6|3","R7":"3","P5":"3","JG":"6|3","HQ":"3","RM":"3","JM":"3","MW":"3"},"QJ":{"P7":"3"},"H9":{"VG":"3","WJ":"3","FW":"3","HR":"3","GV":"3","GW":"3","HQ":"3","JQ":"3","XM":"3","XJ":"3","JP":"3","HP":"3","JM":"3"},"MG":{"VJ":"3"},"WF":{"5J":"3","7F":"3","7H":"3","4G":"6","6J":"3","7J":"3","5H":"3","QC":"3","4F":"6"},"QR":{"H6":"3"},"JC":{"W2":"3"},"XM":{"QR":"3","RV":"3","RW":"3","FR":"3","6J":"3"},"X8":{"MV":"3"},"WP":{"GJ":"3","79":"3","9F":"3","CC":"3"},"Q3":{"P8":"3"},"QW":{"HF":"3"},"VQ":{"CC":"3"},"XQ":{"H4":"3","Q7":"3","FR":"3","W5":"3","HX":"3","WG":"3","XW":"3","M2":"3","J4":"3","V5":"3","GX":"3","P7":"3"},"GJ":{"M4":"3","J5":"3","M5":"3","J4":"3"},"HC":{"C4":"3","Q6":"3","93":"3","85":"3","94":"3","J4":"3","C3":"3","P5":"3"},"XJ":{"GC":"3","J7":"3","92":"3","6W":"3","GF":"3","FH":"3"},"J9":{"9C":"3","3J":"3","88":"3","6J":"3","7C":"3","M9":"3","4G":"3","8G":"3","F7":"3","7Q":"3","4H":"3","5J":"3","7F":"3","99":"3","6P":"3","F5":"3","6R":"3","6H":"3","5H":"3","8H":"3","6M":"3","C7":"3","79":"3","3H":"3","9G":"3","XF":"3","98":"3","8F":"3","MC":"3","6F":"3","8C":"3","6C":"3","6Q":"3","5F":"3","7R":"3","5Q":"3","C6":"3","5G":"3","89":"3|6","2H":"3"},"P9":{"78":"3","CH":"3"},"JJ":{"2V":"3"},"9R":{"WV":"3","WJ":"3","WX":"3","XR":"3","XQ":"3","XM":"3","XJ":"3","WR":"3","XW":"3","XH":"3","WH":"3","WW":"3","XV":"3","VX":"3"},"XH":{"GV":"3","65":"3","9R":"3","85":"3","PQ":"3","WC":"3","GR":"3","9V":"3","2Q":"3","GG":"3"},"Q9":{"7W":"3","9G":"3","CG":"3","6W":"3","FF":"3","7V":"3","C9":"3","GH":"3","CH":"3","9F":"3","HF":"3","FH":"3","FG":"3","CF":"3","GF":"3","6F":"3","VX":"3","GG":"3"},"VF":{"PR":"3"},"R8":{"MG":"3","QG":"3","RC":"3"},"WX":{"Q8":"3","H3":"3","52":"3","6J":"3|6","J4":"3","97":"6","Q4":"6","Q2":"3","P2":"3","J5":"3","85":"6","P3":"6","53":"3","82":"3","32":"3","GF":"3","66":"3"},"W7":{"FR":"3","JJ":"3"},"FX":{"4V":"3"},"PX":{"9G":"3"},"WH":{"3F":"3","4F":"3"},"XR":{"QG":"3","QF":"3","43":"3","GQ":"3","33":"3","GR":"3","GV":"3","MG":"3","MP":"3","CJ":"3","44":"3","34":"3","FP":"3","FR":"3","FX":"3","H8":"3","VG":"3","PH":"3","HQ":"3","PG":"3","GW":"3","G2":"3","HR":"3","C2":"3","FW":"3","XX":"3","MQ":"3","H2":"3","24":"3","M7":"3","PF":"3","89":"3"},"W9":{"WM":"3"},"W3":{"WW":"3","VW":"3","28":"3"},"XP":{"FX":"6","CX":"6","WM":"3","89":"3"},"WR":{"P8":"3","XV":"3","PQ":"3","P6":"3","WW":"3","MJ":"3","PH":"3","FF":"3","J7":"3","P9":"3","H6":"3","J9":"3","WV":"3","MR":"3","VW":"3","W5":"3","QR":"3","PC":"3","W6":"3","H5":"3","MM":"3","FC":"3","M6":"3","M7":"3","Q9":"3"},"MX":{"5J":"3","CF":"3","6H":"3","9F":"3","5H":"3","P4":"3","5G":"3"},"X6":{"JC":"3","GR":"3","J2":"3","HR":"3","GQ":"3","J3":"3","HV":"3"},"VW":{"J5":"3","XP":"6|3","RW":"3"},"XV":{"67":"3","4G":"3","V2":"3","XR":"6","5G":"3","5F":"3|6","69":"3","XM":"3|6","77":"3","RH":"6","6G":"3","J5":"3","VH":"3","XJ":"3","78":"3","4F":"3","68":"3","6C":"3","7P":"3","8P":"3","WM":"3","WH":"3","M5":"3","5C":"3","6F":"3|6","4H":"3","59":"3"},"FM":{"QR":"3","QP":"3","PX":"3","QX":"3","W4":"3"},"W2":{"QP":"3","QH":"3","PG":"3","PJ":"3","M9":"3","PM":"3","QM":"3","PP":"3","QJ":"3","QG":"3"},"GV":{"H2":"3","XC":"3","X8":"3","P2":"3"},"RV":{"P4":"3"},"V9":{"R3":"3"},"VX":{"FF":"3","GC":"3","GF":"3"},"RR":{"7H":"3"},"VR":{"WR":"3","GW":"3","R2":"3","PR":"3","V6":"3","M7":"3","PM":"3"},"J8":{"XW":"3"},"CX":{"7C":"3","XG":"3"},"R3":{"C9":"3","78":"3","C7":"3","C5":"3"},"RC":{"Q5":"3"},"GH":{"F2":"3","G8":"3","98":"3","97":"3","F7":"3","G7":"3"},"PF":{"HJ":"3"},"XG":{"8J":"3","9H":"3","8H":"3"},"MJ":{"JM":"3"},"X7":{"96":"3","86":"3","C5":"3","76":"3","95":"3","C3":"3","77":"3","C4":"3","46":"3","57":"3","C6":"3"},"WM":{"CJ":"3","6J":"3"},"HQ":{"HP":"3","GP":"3"},"RM":{"P8":"3","WM":"3"},"XX":{"MJ":"3","52":"3","45":"3","53":"3","42":"3","23":"3","63":"3","9Q":"3"},"X4":{"GX":"3"}},"H9":{"MX":{"HR":"3"}},"6W":{"4V":{"96":"3"},"WV":{"8P":"3","8M":"3","7Q":"3"},"5X":{"G7":"3"},"XW":{"VM":"3","GV":"3","RM":"3","7R":"3","FR":"3","FV":"3","7V":"3","9R":"3","FQ":"3","GR":"3","8V":"3","CR":"3","9V":"3","8R":"3"},"MX":{"56":"3"},"5V":{"4G":"3"}},"VM":{"WQ":{"WR":"3"}},"GX":{"3X":{"C2":"3","H5":"3","M6":"3","GF":"3","C3":"3","F6":"3","HV":"3"},"FX":{"R4":"3","V3":"3","H2":"3","V2":"3","Q3":"3","R3":"3"},"9X":{"87":"3","97":"3","76":"3","86":"3","56":"3"},"6X":{"X8":"3"},"5X":{"C9":"3"},"QW":{"73":"3"},"JX":{"4G":"3","5H":"3"},"CX":{"W3":"3"},"RX":{"9W":"3","9M":"3","8V":"3"},"3W":{"8R":"3","5R":"3","9V":"3","CV":"3","7V":"3","MW":"3","CX":"3","CW":"3","9R":"3","8V":"3","FW":"3","FV":"3"},"GX":{"7J":"3","5J":"3","4G":"3","FP":"3","HQ":"3","48":"3","3H":"3","5H":"3","8M":"3","4H":"3"}},"WV":{"M3":{"33":"3","23":"3"},"8C":{"3F":"3"},"G5":{"J5":"3","M6":"3","H6":"3","M5":"3","C8":"3","CG":"3","Q5":"3","J6":"3"},"PP":{"RX":"3"},"MH":{"C7":"3"},"WR":{"H8":"3"},"54":{"HF":"3"},"J2":{"VP":"3","QX":"3"},"Q2":{"WV":"3","PR":"3"},"W9":{"2H":"3"},"QC":{"R2":"3"},"FF":{"3V":"3"},"J3":{"V3":"3","X4":"3","X5":"3","W4":"3","V4":"3","W3":"3"},"34":{"GW":"3"},"75":{"Q4":"3","J2":"3","R3":"3"},"J9":{"38":"3"},"R2":{"CM":"3","HJ":"3","CJ":"3","9H":"3","FH":"3","6Q":"3","7M":"3","CG":"3","CH":"3"},"MM":{"82":"3"},"R9":{"CM":"3","CJ":"3","FJ":"3","2W":"3","FM":"3","GP":"3"},"RG":{"VG":"3","W6":"3","G2":"3","J9":"3","69":"3","VH":"3","78":"3","RF":"3"},"MG":{"V3":"3"},"VF":{"3X":"3","F3":"3"},"VC":{"2G":"3","2F":"3","CR":"3","H7":"3","82":"3","9M":"3"},"F4":{"PW":"3","RX":"3"},"5Q":{"VQ":"3"},"H4":{"4Q":"3","5Q":"3","W3":"3"},"FW":{"WH":"3"},"Q8":{"PX":"3","R5":"3"},"6Q":{"6V":"3","CV":"3","CJ":"3","7C":"3","9V":"3","4H":"3","6Q":"3"},"PG":{"RX":"3"},"M9":{"PV":"3","MX":"3"},"F3":{"FX":"3"},"FC":{"QC":"3"},"GH":{"RH":"3"},"9H":{"QC":"6","P9":"3"},"PH":{"Q6":"3","86":"3"},"24":{"JF":"3"},"V9":{"XJ":"3","VM":"3"},"G4":{"RX":"3"},"G9":{"5P":"3","3W":"3"},"4M":{"4J":"3","7F":"3","6C":"3"},"QH":{"WC":"3","C8":"3","97":"3","43":"3","M9":"3","MG":"3","XC":"3","W7":"3","G6":"3","99":"3","G9":"6|3","V3":"3","6R":"3","G8":"3","78":"3","F9":"3","H8":"3","M8":"3","FF":"3","H7":"3","H9":"3","C9":"3","Q6":"3","59":"3","87":"3","J9":"3","W8":"3","J5":"3","98":"3","VC":"3","MC":"3","J8":"3","G7":"3","F8":"3","GC":"3","C6":"3","X8":"3"},"W6":{"F8":"3"},"QR":{"H4":"3","H2":"3","H5":"3","V5":"3"},"RH":{"35":"3","2G":"3","27":"3","2F":"3","34":"3","MG":"3"},"MQ":{"6V":"3","QC":"3","6P":"3","FM":"3","4R":"3","CH":"3","5R":"3","FJ":"3"},"HH":{"6P":"3"},"RC":{"96":"3","X3":"3","CC":"3","8G":"3","34":"3","7Q":"3"},"74":{"6P":"3","9V":"3","FR":"3","CR":"3"},"V8":{"Q8":"3","J7":"3","MC":"3","MF":"3","J8":"3","M8":"3","P7":"3"},"CH":{"47":"3","C8":"3","HJ":"3","H4":"3","MF":"3","JC":"3","88":"3","G4":"3","5C":"3","RH":"3","G6":"3","G8":"3","MJ":"3","VG":"3","C7":"3","FF":"3","VH":"3","H9":"6","JG":"3","HC":"3","J5":"3","RG":"3","GG":"3","6C":"3","HF":"3","GF":"3","J8":"3","M6":"3","M7":"3","C6":"3"},"Q9":{"G7":"3","G2":"3","M3":"3","C8":"3","M2":"3","88":"3","P7":"3","M5":"3"},"FH":{"3J":"3"},"QF":{"XV":"3"},"GP":{"J2":"3","V2":"3"},"RJ":{"62":"3","53":"3","55":"3","65":"3"},"MR":{"62":"3"},"RF":{"44":"3","48":"3","2P":"3","WM":"3","55":"3","XJ":"3","46":"3","V8":"3","GX":"3"},"CG":{"JP":"3","H2":"3","4W":"3"}},"HC":{"95":{"HH":"3"}},"VW":{"JP":{"JW":"3","GW":"3","JR":"3","FF":"3","PW":"3","MQ":"3","QW":"3","MC":"3","HW":"3","MR":"3","MV":"3","CG":"3","GX":"3","HV":"3"},"JQ":{"F4":"3","96":"3","H3":"3","86":"3","G3":"3","F3":"3","G2":"3","C5":"3","W2":"3","F5":"3","G4":"3","M2":"3","H2":"3","F6":"3","C6":"3"},"WQ":{"H9":"3"},"MQ":{"9R":"3"},"J7":{"GC":"3","G9":"3"},"MP":{"35":"3","54":"3"}},"GG":{"82":{"3X":"3"}},"6X":{"V8":{"WR":"3"},"P8":{"MF":"3","MG":"3"},"F5":{"HM":"3"},"XQ":{"RF":"3","QF":"3"},"R8":{"8C":"3","PV":"3","F7":"3","CH":"3"},"WV":{"J7":"3"},"64":{"PW":"3"},"VW":{"VV":"3"},"RW":{"J7":"3","M7":"3"},"WR":{"5R":"3","2P":"3","3R":"6","3Q":"3","2R":"6"},"VR":{"2Q":"3","QH":"3"},"R9":{"7M":"3","47":"3","2J":"3","88":"3","6J":"3","57":"3","86":"3","8G":"3","7F":"3","5J":"3","4H":"3","5C":"3","99":"3","96":"3","34":"3","95":"3","94":"3","4F":"3","78":"3","6M":"3","79":"3","7J":"3","54":"3","93":"3","59":"3","9F":"3","3C":"3","8C":"3","28":"6|3","35":"3","6Q":"3","7P":"3","2F":"3","C3":"3","55":"3","F8":"3","4C":"3","3F":"3"},"G7":{"63":"3"},"Q8":{"RM":"3"},"C5":{"PJ":"3","WG":"3","RJ":"3","RG":"3"},"C4":{"MG":"3"},"Q9":{"X9":"3","XG":"3","86":"3","W9":"3","PH":"3"}},"XX":{"7W":{"8Q":"3"},"6X":{"CV":"3"},"8X":{"FX":"3","CW":"3","FW":"3"}},"5X":{"H4":{"6X":"3"},"FX":{"5M":"3","4M":"3"},"37":{"5G":"3"},"WV":{"V4":"3"}},"9X":{"FJ":{"76":"3","G5":"3"},"V6":{"5F":"3","PX":"3"},"QV":{"CX":"3","8V":"3"},"8P":{"V2":"3","55":"3"},"RX":{"96":"3","4G":"3","7X":"3","7J":"3"},"WM":{"HW":"3"},"9P":{"3J":"3"},"8M":{"56":"3"},"PQ":{"6X":"3"},"7Q":{"V3":"3","W2":"3","X2":"3","9G":"3","V5":"3","J3":"3"},"W7":{"Q8":"3"},"R2":{"62":"3","37":"3","27":"3","67":"3","68":"3","28":"3"},"Q7":{"FX":"3","CX":"3"},"PR":{"MR":"3"},"MW":{"3X":"3"},"Q4":{"VM":"3","8J":"3","R7":"3","FR":"6","9W":"3","FV":"3","MV":"3","QJ":"3","VF":"3","8M":"3","FH":"3","WG":"3","9C":"3"},"PH":{"M8":"3"},"9J":{"39":"3","66":"3","97":"3","93":"3","G7":"3","4C":"3","86":"3","74":"3","94":"3","72":"3","29":"3","C6":"3","57":"3","75":"3"},"R6":{"PG":"3","W6":"3"},"9M":{"QX":"3"},"Q6":{"XW":"3"},"R5":{"RQ":"3","JC":"3","JF":"3"},"8J":{"VF":"3","X9":"3","VC":"3","HP":"3","WC":"3","JJ":"3","XC":"3","WF":"3","GP":"3"},"QM":{"7Q":"3"},"5V":{"G7":"3","H7":"3"},"CR":{"W6":"3"},"Q3":{"8R":"3","C8":"3","9C":"3","HP":"3","2J":"3","HG":"3","GV":"3","MG":"3","5H":"3","4R":"3","7X":"3","CC":"3","CF":"3","HQ":"3","FF":"3","HM":"3","HR":"3","76":"3","JH":"3","GH":"3","FC":"3","G5":"3"},"QW":{"M3":"3","C2":"3","WM":"3"},"XX":{"7W":"3"},"RW":{"48":"3"},"PV":{"R2":"3","X7":"3"},"9H":{"4H":"3","CX":"3"},"R4":{"2Q":"3"},"P7":{"C9":"3"},"4X":{"Q7":"3"},"P3":{"GG":"3"},"7P":{"WX":"3","H2":"3","J4":"3","XX":"3"},"Q8":{"F2":"3","C2":"3"},"Q2":{"X9":"3","WC":"3","QJ":"3","9P":"3","VF":"3","WF":"3","XC":"3","VJ":"3","RH":"3","PJ":"3","MJ":"3","VG":"3","VH":"3","VM":"3","JX":"3","WQ":"3","WG":"3","W9":"3","RF":"3","QW":"3","X7":"3","W3":"3","WR":"3","VP":"3","GH":"3","VR":"3","RM":"3","X8":"3"},"FQ":{"MJ":"3"}},"WR":{"P9":{"7C":"3","93":"3","38":"3","94":"3"},"CX":{"V5":"3"},"WR":{"4Q":"3"},"CP":{"HF":"3","48":"3","79":"3","58":"3","27":"3","CC":"3"},"MW":{"HH":"3","GM":"3","HJ":"3","VX":"3","HM":"3"},"QQ":{"HV":"3"},"8V":{"XH":"3","XG":"3","XC":"3","WG":"3","WF":"3"},"MP":{"5R":"3","5M":"3"},"9V":{"2P":"3","P5":"3","95":"3","39":"3","C4":"3","G4":"3","2J":"3","48":"3","94":"3","3H":"3","29":"3","2H":"3","74":"3","3J":"3","V8":"3","2M":"3","2Q":"3","W7":"3"},"MM":{"FP":"3","GQ":"3","FV":"3"},"R9":{"5F":"3"},"J7":{"C9":"3","WP":"3","R9":"3","JF":"3"},"VV":{"V3":"3","V4":"3"},"XR":{"8G":"3"},"MG":{"X8":"3"},"PV":{"24":"3"},"CJ":{"MC":"3"},"XG":{"7R":"3","7V":"3","9F":"3","6W":"3","6Q":"3","6V":"3"},"PG":{"37":"3","98":"3","FG":"3","47":"3"},"9P":{"G4":"3","P8":"3","Q9":"3","X7":"3","W9":"3","P9":"3"},"M9":{"X6":"3"},"WM":{"XC":"3"},"JQ":{"PM":"3"},"JR":{"VG":"3","XF":"3","RP":"3","WF":"3","HR":"3","GV":"3","PP":"3","XR":"3","RM":"3","CX":"3","XC":"3","F9":"3","HV":"3","WH":"3","PJ":"3","WG":"3"},"FG":{"5Q":"3"},"FC":{"H6":"3","J6":"3"},"GH":{"FP":"3","HG":"3","HM":"3","HV":"3"},"J8":{"XM":"3"},"QJ":{"4J":"3"},"GM":{"RW":"3","JR":"3","QH":"3","RV":"3","QV":"3","PV":"3","MR":"3","MW":"3","5R":"3","QR":"3","PW":"3","QX":"3"},"MX":{"84":"3"},"PH":{"PV":"3","QQ":"3"},"HM":{"57":"3"},"HG":{"H7":"3"},"P4":{"66":"3","8J":"3","7C":"3","67":"3","64":"3"},"FP":{"8Q":"3","7J":"3"},"XH":{"25":"3"},"HF":{"PW":"3","MX":"3"},"JG":{"69":"3","CF":"3","9H":"3","XF":"3","VQ":"3"},"WG":{"6C":"3"},"MQ":{"7F":"3","MC":"3","PC":"3","XW":"3"},"M8":{"V5":"3","QP":"3","V6":"3","C8":"3","HP":"3","JQ":"3","RH":"3","6P":"3","QQ":"3","RP":"3","V9":"3","VG":"3","RQ":"3","V4":"3","JG":"3","WG":"3","QM":"3","98":"3","XW":"3","QH":"3","XX":"3","JH":"3","RM":"3","VV":"3","VQ":"3","Q2":"3","PP":"3"},"JW":{"Q7":"3","29":"3","28":"3","VG":"3"},"JV":{"66":"3","G3":"3","4C":"3","3R":"3","47":"3","65":"3","75":"3"},"XP":{"MJ":"3"},"CH":{"Q7":"3","R2":"3","Q2":"3","V6":"3","R3":"3","Q5":"3"},"M7":{"8Q":"3","4Q":"3","MR":"3","7P":"3","HR":"3","9M":"3"},"9M":{"PV":"3"},"JH":{"44":"3"},"XF":{"JH":"3","4G":"3","8H":"3","PH":"3"},"GP":{"75":"3","65":"3","Q2":"3","P2":"3","M2":"3","Q3":"3","P3":"3"},"PF":{"2P":"3"},"MR":{"2C":"3","72":"3"},"RF":{"9X":"3"},"VG":{"HH":"3","9J":"3","6H":"3","5G":"3"},"CG":{"RW":"3","RX":"3","WC":"3","W9":"3","VQ":"3","W8":"3"}},"7W":{"RV":{"CF":"3","96":"3","XP":"3","MM":"3","JJ":"3","F9":"3","CC":"3","FG":"3","FC":"3","C8":"3"},"WX":{"27":"3","22":"3"},"GP":{"V7":"3","R8":"3","Q8":"3","W9":"3","R7":"3","V8":"3"},"FV":{"G2":"3"},"VV":{"9X":"3","8W":"3","6W":"3","3Q":"3","6V":"3"},"CP":{"9G":"3","FM":"3","FF":"3","GH":"3","GM":"3","GJ":"3","GF":"3","GG":"3"},"PQ":{"JW":"3"},"WW":{"3X":"3","2X":"3"},"QR":{"M9":"3","J9":"3"},"VX":{"V3":"3","W2":"3","W6":"3","V4":"3","W3":"3"},"VW":{"RV":"3","QG":"3","F3":"3","QF":"3","M9":"3","G4":"3","WX":"3","WW":"3","M8":"3","J7":"3","VW":"3","QH":"3","QR":"3","RR":"3","PC":"3","VR":"3","VX":"3","VV":"3","M7":"3","PF":"3"}},"VX":{"7G":{"24":"3"},"QP":{"8C":"3","7F":"3","8F":"3","3V":"3","GH":"3","CC":"3","9C":"3","7G":"3"},"F3":{"G6":"3"},"V2":{"MF":"3"},"PQ":{"X6":"3"},"7F":{"2X":"3"},"P6":{"P2":"3"},"WH":{"QP":"3","JH":"3","JJ":"3"},"7H":{"HJ":"3","FJ":"3"},"RP":{"C9":"3","F9":"3"},"PJ":{"JJ":"3"},"RQ":{"2X":"3"},"GX":{"PG":"3","GV":"3","JF":"3","FR":"3","HQ":"3","MF":"3","PF":"3","HW":"3","HF":"3"},"F2":{"VR":"3"},"XH":{"8C":"3","3F":"3","87":"3","7C":"3","86":"3","89":"3","7G":"3"},"XG":{"8R":"3","8G":"3","94":"3","8V":"3"},"G2":{"2H":"3","4M":"3"},"CR":{"M4":"3","J5":"3","M6":"3","99":"3","M5":"3","M2":"3","J6":"3"},"WJ":{"H2":"3"},"FW":{"4X":"3","2Q":"3","3W":"3"},"CQ":{"MX":"3","JV":"3"},"H2":{"RQ":"3","JQ":"3","QF":"3","GQ":"3"},"VP":{"3J":"3"},"W6":{"VF":"3","WC":"3","XC":"3"},"G3":{"V7":"3","R8":"3","X4":"3","W7":"3","V8":"3","W4":"3"},"CV":{"G6":"3","F4":"3"},"PP":{"WC":"3"},"C4":{"H7":"3"}},"FC":{"5R":{"5M":"3","9P":"3"},"4X":{"8P":"3","HP":"3","WF":"3"},"2X":{"JP":"3","PR":"3","MP":"3","PP":"3"},"5W":{"X5":"3","R6":"3","75":"3"},"PJ":{"XH":"3","WH":"3"},"6W":{"44":"3","62":"3","92":"3","53":"3","82":"3"},"CW":{"35":"3","25":"3"},"6V":{"FX":"3","CX":"3"}},"FG":{"5J":{"FX":"3"},"4G":{"39":"3"},"49":{"7R":"3","5J":"3","4R":"3","2V":"3","6R":"3","6Q":"3","5Q":"3","6V":"3","2R":"3"},"39":{"RQ":"3","XV":"3","XR":"3","VV":"3","XQ":"3","RV":"3","VP":"3","WQ":"3","WP":"3","8V":"3"},"3G":{"66":"3","F7":"3"},"6G":{"2H":"3"},"4C":{"VM":"3"},"3H":{"H9":"3","F9":"3","FC":"3","M8":"3","P7":"3"},"4F":{"75":"3"},"3C":{"3M":"3","RR":"3","FV":"3"},"6F":{"CJ":"3"}}},"index":{"university,1|retail,2|tourism,3|wreck,4|historical,5|artsCulture,6|namedBuilding,7|water,8|wetland,9|park,10|beach,11|natureReserve,12|cemetery,13|trail,14":{}}}