{"69":{"53":{"7G":{"VF":"3"},"FH":{"3P":"3","FM":"3"},"3R":{"5Q":"3"},"HJ":{"HF":"3"},"3G":{"5V":"3"},"9V":{"6X":"3"},"4G":{"7H":"3","FW":"3"},"MG":{"V7":"3","H5":"3","9Q":"3"},"37":{"6M":"3","5H":"3"},"7Q":{"44":"3"},"CJ":{"5P":"3","8H":"3"},"4H":{"G3":"3"},"6P":{"8R":"6","9W":"3","9H":"3","68":"3"},"XM":{"92":"3"},"4F":{"3G":"3","V8":"3"},"CC":{"94":"3","C3":"3"},"PH":{"Q4":"3","P4":"3"},"5W":{"Q4":"3"},"XH":{"94":"3"},"WG":{"XW":"3"},"XG":{"3R":"3","3Q":"3"},"5M":{"5P":"3"},"3C":{"H9":"3","XX":"3"},"4J":{"XP":"3","RG":"3"},"HX":{"QP":"3","RP":"3","MP":"3","QM":"6"},"GG":{"RP":"3"},"6Q":{"C8":"3","QG":"3","QF":"3","JM":"3","G6":"3","F5":"3","CC":"3","PH":"3","M8":"3","RG":"3","CH":"3","RC":"6","MM":"3","R9":"3","F4":"3","C5":"3","C6":"3"},"5F":{"CG":"3"},"GH":{"MR":"3"},"7P":{"PW":"3","PX":"3","FM":"3","9Q":"3"},"VQ":{"HV":"3"},"4C":{"5R":"6","4X":"3","6R":"6|3","6V":"6"}},"47":{"53":{"QR":"3","7P":"3","8V":"3","2R":"3"},"V5":{"H8":"3","64":"3","JC":"3","63":"3","78":"3","W9":"3","QG":"3","34":"6","GG":"3","62":"3","RG":"3","MG":"3","28":"3","VC":"3","H4":"6","X8":"3","Q8":"3","32":"3","PG":"3","H5":"6|3","8H":"3","7J":"3","JR":"3","H7":"3","FG":"3","3R":"3","MV":"3","9F":"3","9H":"3","4P":"3","73":"3","PH":"3","24":"6","X9":"3","HG":"3","G4":"3","QH":"3","HF":"3","JG":"3","JV":"3","MF":"3","CH":"3","6J":"3","JF":"3","Q9":"3","QF":"3","W8":"3","MR":"3","RF":"3","CG":"3"},"V6":{"23":"3","22":"3|6","32":"3"},"W4":{"6X":"3"},"V2":{"F8":"6","F7":"6"},"25":{"26":"3","R3":"6","W8":"3"},"43":{"CV":"3","PV":"3","2W":"3"},"X5":{"44":"3","96":"3","87":"3","98":"3","97":"3","VC":"3","WC":"3","WF":"3"},"33":{"VX":"3"},"22":{"G8":"3","4G":"3","G2":"3","C5":"3","F5":"3","F9":"3","6G":"3","9C":"3"},"J3":{"R2":"3"},"63":{"9X":"3"},"P6":{"F2":"3","C2":"3","92":"3"},"44":{"Q9":"3"},"X4":{"6V":"3"},"75":{"28":"3"},"V3":{"4J":"3","G3":"3","52":"3","32":"3"},"F5":{"HM":"3"},"34":{"96":"3","88":"3","P2":"3"},"95":{"X4":"3"},"65":{"VF":"3","RF":"3","45":"3","J7":"3","76":"3","75":"3"},"Q4":{"X8":"6"},"23":{"MG":"3","JF":"3","6J":"3","JG":"3","MF":"3","46":"3","RR":"3","MH":"3","WR":"3","RQ":"3","QQ":"3","QR":"3","PH":"3","XG":"3"},"54":{"RV":"3","QX":"3","QV":"3"},"R6":{"X2":"3","X3":"3","V4":"3"},"V4":{"QG":"6","QF":"6","P8":"3","MF":"3","JM":"3","JC":"3","2G":"6","P6":"3","99":"3","G8":"3","JJ":"3","H8":"3","M8":"3","H9":"3","J7":"6|3","Q6":"3","HC":"3","J5":"3","MC":"3","P7":"6|3","J6":"3","J8":"3","M7":"6","PF":"6"},"R5":{"Q9":"3","42":"3","6W":"6","23":"3","XJ":"3","84":"3"},"W5":{"86":"3","45":"3","52":"3","F2":"3","J4":"6","C4":"3","48":"3","V4":"3","78":"3","W4":"3","38":"3","C2":"3","58":"3","H4":"3"},"M5":{"3X":"3","4X":"3","PJ":"3","QX":"3","PM":"3","QM":"3","QJ":"3"},"J5":{"3V":"3"},"G2":{"38":"3"},"C2":{"V3":"3","Q3":"3","V4":"3","Q5":"3"},"R4":{"Q4":"6","C2":"6","RW":"6|3","QW":"3","RX":"6","PQ":"3"},"45":{"J8":"3","H7":"3","Q4":"3","J7":"3","3F":"3","J6":"3","3G":"3","H8":"3","Q7":"3","X4":"3","Q5":"3","H6":"3"},"35":{"MH":"3","QG":"3"},"P5":{"2X":"3","4G":"3","GV":"3","8X":"3","GW":"3","JW":"3","VV":"3","4X":"3"},"H5":{"WQ":"3","VQ":"3"},"J6":{"J2":"3","P2":"3"},"P3":{"G3":"3","G2":"3","V8":"3","WF":"3"},"24":{"H5":"3","JX":"3"},"55":{"Q6":"3","R7":"3","Q4":"3","63":"3","W5":"3","36":"3","H2":"3","Q5":"3","R6":"3","R5":"3"},"M6":{"F2":"3","W2":"3","X2":"3","73":"3","G2":"3","W3":"3"},"G5":{"6M":"3","FR":"3","9P":"3","7M":"3","HR":"3"}},"52":{"JP":{"Q2":"3","H3":"6","P2":"3"},"JM":{"PX":"3","GV":"3"},"4W":{"G6":"3"},"VH":{"M5":"3"},"3C":{"9H":"3","FG":"3","9G":"3","CG":"3"}},"25":{"68":{"WR":"3","XR":"3","XQ":"3","WQ":"3","WC":"6"},"3J":{"RV":"3"},"86":{"92":"6","82":"6"},"MG":{"HH":"3"},"69":{"M6":"3","R3":"3","6C":"3"},"85":{"9X":"6","8X":"6"},"3M":{"P3":"3"},"FX":{"MX":"3","RJ":"3"},"78":{"X7":"6","FG":"3","2M":"3","G9":"3"},"F9":{"79":"3"},"79":{"73":"3"},"H9":{"96":"3","R9":"3","XF":"3","86":"3","95":"3","G6":"3","85":"3","V9":"3","WC":"3","W9":"3","RC":"3"},"RQ":{"JF":"3"},"J9":{"25":"3","26":"3"},"MR":{"49":"3"},"F2":{"87":"3","97":"3","64":"3"},"RW":{"H5":"3","H6":"3"},"JH":{"MJ":"3","PJ":"3"},"8W":{"P7":"3"},"6V":{"3R":"3","89":"3"},"2F":{"R4":"3"}},"43":{"V6":{"4F":"3"},"CM":{"W9":"3"},"P4":{"FV":"3"},"4V":{"JH":"3"},"M2":{"XF":"3"},"VF":{"JX":"3","HX":"3"},"MP":{"XW":"3"},"PQ":{"CC":"3"},"CF":{"WW":"3","RR":"3"},"HQ":{"HM":"3"},"2M":{"CQ":"3"},"5W":{"62":"3","53":"3","FM":"3","FG":"3"},"GX":{"95":"3"},"46":{"JR":"3"},"MR":{"RX":"3","56":"3"},"5V":{"7W":"6|3","5R":"3","FX":"3","7V":"3","6X":"3","5X":"3","8X":"3","8W":"3","7X":"3","CR":"3","6W":"3","6V":"3","5V":"3","CQ":"3","8V":"3","FW":"3"},"M3":{"R7":"3"},"G2":{"5F":"6","59":"3","45":"3","78":"3"},"Q5":{"XR":"3"},"6X":{"WV":"3"},"PV":{"35":"3"},"MQ":{"7R":"3","3F":"3"},"6V":{"7Q":"3"},"7R":{"VW":"3"},"FG":{"2G":"3"},"2P":{"8C":"3","8F":"3","87":"3","52":"3","7J":"3","84":"3","72":"3","82":"3"}},"33":{"XR":{"GH":"3"},"62":{"WM":"3"},"2Q":{"5F":"3","5C":"3","CJ":"3","9J":"3","8M":"3","6F":"3","6C":"3","89":"3","9M":"3"},"M7":{"MG":"3"},"9C":{"XC":"3"}},"22":{"4X":{"39":"3","3C":"3"},"J7":{"PR":"3"},"42":{"7P":"3"},"5G":{"89":"3","99":"3","78":"3","68":"3","5C":"3","66":"3","56":"3","59":"3"}},"57":{"G2":{"QF":"3","MG":"3"},"63":{"C9":"3","FF":"3","9H":"3","CH":"3"},"83":{"48":"3","28":"3"},"44":{"J2":"3"},"82":{"HW":"3"},"25":{"J5":"3","FC":"3","J6":"3"},"34":{"CM":"3","FM":"3"},"24":{"46":"3"}},"62":{"WX":{"H4":"3","G6":"3","H5":"3","C5":"3","J4":"3","G5":"3","F5":"3","F6":"3"},"XV":{"VV":"3","QM":"3"},"V7":{"JC":"3","MF":"3"},"GM":{"2F":"3"},"RP":{"35":"3","55":"3"},"VR":{"39":"3","29":"3"},"GR":{"H2":"3","J2":"3","H3":"3","J3":"3"},"WW":{"22":"3","32":"3"},"RW":{"W6":"3"},"G7":{"WM":"3","JJ":"3"},"7X":{"8Q":"3"},"QV":{"85":"3","94":"3","82":"3"},"XW":{"VM":"3"},"QJ":{"4P":"3"},"XX":{"7R":"3"}},"56":{"CX":{"FG":"3"},"H8":{"F2":"3","H8":"3","H7":"3","38":"3","M2":"3"},"7C":{"83":"3"},"V7":{"WV":"3","VQ":"6"},"QW":{"X9":"3","GQ":"3","MF":"3","8G":"3","FM":"3","FP":"3","9Q":"3","CW":"3","CX":"3","9W":"3","FV":"3","8X":"3","HM":"3","W9":"3","CR":"3","GJ":"3","FW":"3","9X":"3","7W":"3","GH":"3","CV":"3","9R":"3","GM":"3","8V":"3","FQ":"3","X8":"3"},"5V":{"27":"3"},"H9":{"25":"3","C2":"3","26":"3"},"6C":{"CR":"3","73":"3"},"PX":{"67":"3","G7":"3","C7":"3","68":"3"},"JX":{"JW":"3","JR":"3","MW":"3","JX":"3","MV":"3","JV":"3"},"W2":{"2P":"3"},"WV":{"2X":"3","FW":"3","7X":"3","XR":"3","WR":"3","FX":"3","VW":"3","QX":"3"},"R6":{"HP":"3"},"QX":{"75":"3","65":"3","76":"3","95":"3","92":"3","C3":"3","77":"3","94":"3","85":"3","74":"3","C2":"3","93":"3","66":"3","84":"3","56":"3"},"RW":{"75":"3","52":"3","28":"3","22":"3","76":"3","53":"3","33":"3","23":"3","32":"3","42":"3","43":"3","66":"3"},"MM":{"7P":"3"},"39":{"26":"3"},"R9":{"VR":"3"},"MG":{"P8":"3","VC":"3","RJ":"3"},"59":{"JP":"3","JQ":"3","CG":"3","77":"3","CH":"3"},"28":{"H5":"3","J5":"3","H6":"3","J6":"3"},"96":{"54":"3","73":"3"},"X8":{"3G":"3"},"WW":{"92":"3"},"RV":{"3X":"3","4X":"3","2X":"3","5X":"3"},"WQ":{"QW":"3"},"26":{"M4":"3","J2":"3","J3":"3"},"5G":{"33":"3","94":"3"},"XQ":{"8P":"3","7V":"3","H6":"3"},"49":{"HJ":"3","JM":"3"},"H7":{"MX":"3"},"GH":{"8C":"3","3F":"3","C7":"3","C6":"3","3C":"3"},"H6":{"JP":"3","48":"3","49":"3","JM":"3","4C":"3","56":"3"},"G8":{"XG":"3","WG":"3"},"PQ":{"MQ":"3","MR":"3"},"MX":{"M3":"3"},"5J":{"QJ":"3"},"69":{"V9":"3","X2":"6","W9":"3"},"F7":{"7C":"3","C6":"3"},"4C":{"69":"3","48":"3","58":"3","57":"3"},"5W":{"V8":"3","P4":"3"},"XV":{"HQ":"3","JR":"3","JQ":"3","PR":"3","6Q":"3","MR":"3","R7":"3","7Q":"3"},"XP":{"JX":"3"},"M7":{"QR":"3"},"27":{"JW":"3","JX":"6","JM":"3","MR":"3","MV":"3"},"PW":{"PW":"3"},"RJ":{"3Q":"3"},"R5":{"2X":"3"}},"37":{"W4":{"47":"3","V8":"3","QG":"6|3","QJ":"3","QF":"3","V2":"3","58":"6","QC":"3","MF":"3|6","JC":"3","86":"3","M9":"3","MG":"6|3","37":"3","RJ":"3","WF":"3","27":"3","36":"3","VJ":"3","X3":"3","85":"3","75":"3","V3":"3","WH":"3","Q7":"3|6","G8":"3","96":"3","95":"3","PJ":"3","H8":"3","V9":"3","M8":"3","PH":"3","PG":"3","48":"3","VH":"3","H9":"3","V4":"3","P9":"3","JG":"3","Q6":"3","59":"3","R5":"3","66":"3","MH":"6","XH":"3","HC":"3","R3":"3","74":"6|3","Q5":"3","MC":"3","76":"3","QH":"3|6","RF":"3","JH":"3","RC":"3","28":"3","PC":"3","38":"3","P7":"3","G3":"6|3","J8":"3","R9":"3","26":"3","G5":"3","R7":"3","Q9":"3","PF":"3"},"V2":{"MG":"3","6J":"3","R4":"3","97":"3","C8":"3","98":"3","C7":"3"},"X5":{"M3":"3","R3":"3","M2":"3","P4":"3","P2":"3"},"M2":{"5R":"3","9X":"3","5X":"3","6R":"3","RJ":"3"},"J3":{"R4":"3","X4":"3","R3":"3","W4":"3","V4":"3"},"R2":{"7W":"3","9X":"3","WV":"3","8X":"3","WQ":"3","8W":"3"},"X3":{"75":"3","47":"6","QH":"6","FW":"3","65":"3","7X":"3","7G":"3","6X":"3","6P":"3","R4":"3","H7":"3","3X":"3","Q4":"3","Q2":"3","R3":"3","P2":"3","J6":"3","64":"3","44":"3","R2":"3","J5":"3","Q3":"3","P3":"3","4X":"3","9F":"3","8P":"3","6M":"3","9P":"6","P4":"3","9M":"3","H6":"3","9J":"3","VW":"3"},"X4":{"87":"3","75":"3","8F":"3","65":"3","8G":"3","JW":"3","9G":"3","HX":"3","3F":"3","CG":"3","9H":"3","7H":"6","P8":"3","JX":"3","RR":"3","PX":"3","29":"6","MW":"3","68":"3","H2":"3","58":"3","PW":"3","CC":"3","2C":"3","MX":"3","8H":"6"},"V3":{"VQ":"3","8F":"3","62":"3","RV":"3","8X":"3","7X":"3","JC":"3","CW":"3","9X":"3","JW":"3","FR":"3","9W":"3","63":"3","7M":"3","FV":"3","FM":"3","MP":"3","CX":"3","6W":"3","QV":"3","VP":"3","C4":"3","5P":"3","M7":"3","6R":"3","JX":"3","6G":"3","RR":"3","M2":"3","PV":"3","6H":"3","GM":"3","9F":"3","53":"6","GR":"3","8M":"3","33":"3","QR":"3","9M":"3","FX":"3","8V":"3","5W":"6|3","PW":"3","42":"3","CC":"3","6F":"3","2C":"3","43":"3","GX":"3","QW":"3","6Q":"3"},"X2":{"8R":"3","8Q":"3","QG":"3","PX":"3","JC":"3","GR":"3","88":"3","9V":"3","GV":"3","MG":"3","J3":"3","7Q":"3","FR":"3","5P":"3","65":"3","PG":"6","H7":"3","H9":"3","JG":"3","2Q":"3","MH":"3","XG":"3","RG":"3","GG":"3","76":"3","JH":"3","H5":"3","G3":"3","RM":"3","55":"3","M7":"3","5Q":"3","PF":"6|3"},"V4":{"H3":"3","G3":"3","J2":"3","F3":"3","G2":"3","M3":"3","F2":"3","P5":"3","V7":"3","R4":"3","J4":"3","Q4":"3","M4":"3","92":"3","M2":"3","Q3":"3","C2":"3","J3":"3","R6":"3","R5":"3","X7":"3"},"W2":{"WV":"3","QH":"3","RV":"3","WX":"6","VR":"3","MP":"3","VV":"3","6G":"3","XX":"6","WW":"3","M9":"3","XG":"3|6","WG":"3","C6":"3"},"F2":{"R2":"3"},"M3":{"43":"3","52":"3","42":"3"},"R3":{"VG":"3","RP":"3","HM":"3","PP":"3","X9":"3","FM":"3","MP":"3","MC":"3","92":"6|3","2J":"3","M6":"3","GM":"3","M9":"3","P6":"3"},"G2":{"W4":"3","F3":"3","J4":"3","H4":"3","H3":"3","X5":"3","P4":"3","J3":"3","G4":"3","X3":"3","X4":"3","Q7":"3","R6":"3","Q6":"3","R5":"3","F2":"3","W5":"3","M4":"3","M3":"3","M5":"3","J5":"3","G2":"3","C2":"3","92":"3","82":"3","X7":"3","H2":"3","P5":"3","G3":"3","C3":"3"},"Q3":{"JH":"3","F9":"3","JG":"3","J9":"3"},"H2":{"69":"3","48":"3","79":"3","58":"3","27":"3","24":"3","78":"3","99":"3","23":"3","38":"3","89":"3","68":"3"},"W3":{"WV":"3","GV":"3","7X":"3","XR":"3","6X":"6|3","R7":"3","4M":"3","VR":"3","FV":"3","MC":"3","7V":"3","VF":"3","53":"3","98":"3","GR":"3","73":"3","PW":"3","H5":"3","26":"3","43":"3","QW":"3"},"P3":{"V3":"3","H2":"3","W2":"3","V2":"3","H3":"3","W3":"3"},"J2":{"PR":"3","38":"3","MR":"3"},"P2":{"5W":"3","5V":"3","4W":"3"},"Q2":{"HP":"6","MP":"3"}},"36":{"H2":{"9Q":"3"},"8C":{"74":"3","75":"3","PH":"3"},"CX":{"VH":"3"},"Q6":{"4X":"3","9X":"3","8W":"3","7X":"3"},"HW":{"MG":"3","XM":"3"},"8R":{"9W":"3"},"7W":{"75":"3","M8":"3","C5":"3","95":"3","G6":"3","X5":"3","C4":"3","P8":"3","M7":"3","V9":"3","93":"3","P7":"3","26":"3","P6":"3"},"PX":{"9C":"3","6F":"6|3","5H":"3","65":"3"},"JX":{"53":"3","QJ":"3"},"Q2":{"97":"3"},"R6":{"8J":"3","PJ":"6"},"QC":{"F9":"3","X5":"3","WH":"3","V8":"3","G9":"3","QG":"3"},"CV":{"4Q":"3","3R":"3","2R":"3"},"92":{"PV":"6","QV":"6"},"P2":{"47":"3","7J":"3|6","5G":"3","9G":"3","9H":"3","77":"3","6G":"3","CQ":"3","GH":"3","CH":"6|3","8M":"3","9M":"3","GJ":"3","GF":"6","6F":"3","8H":"3","56":"3"},"VQ":{"PP":"3"},"G7":{"J8":"3"},"9V":{"XQ":"3","6J":"3"},"3V":{"X2":"3"},"2Q":{"7W":"3","3V":"3","5W":"3","2V":"3","3R":"3","4W":"3","2R":"3"},"5C":{"7G":"3","8J":"3","8G":"3","7M":"3","7H":"3","6G":"3","6H":"3","8H":"3"},"RG":{"6R":"3","MR":"3"},"VP":{"MJ":"3","H3":"3","G3":"3","MM":"3","W4":"3","H2":"3","WH":"3","M5":"3","P6":"3"},"VV":{"GW":"3","P5":"3","Q4":"3","M4":"3","Q3":"3","P3":"3","Q5":"3","P4":"3","M5":"3"},"VX":{"PM":"3","PP":"3","PH":"3"},"P3":{"XW":"3"},"J6":{"RQ":"3","RP":"3"},"2R":{"QC":"3","8G":"3","QF":"3","94":"3","QG":"3","RF":"3","RG":"3","RC":"3"},"Q8":{"9J":"3","J6":"3"},"WQ":{"58":"3"},"6W":{"V3":"3","V2":"3","R3":"3","W4":"3"},"3R":{"JV":"3","2P":"3","8J":"3","FR":"3","HV":"3","W3":"3","X5":"3","XX":"3","8M":"3","GR":"3","9M":"3","PW":"3"},"MX":{"VH":"3"},"4R":{"2X":"3","CR":"3"},"4V":{"G3":"3","H7":"3"},"XX":{"5R":"3","4V":"3","PW":"3","5W":"3","88":"3","JV":"3"},"WX":{"6F":"3"},"GX":{"7W":"3","9X":"3","6X":"3","8X":"3","2W":"3","CX":"3","7X":"3","6W":"3","3W":"3"},"F7":{"4P":"3","3Q":"3","2R":"3"},"FX":{"RW":"3","WX":"3","VR":"3","FR":"3","RX":"3","VV":"3","RR":"3","WW":"3","QR":"3","9V":"3","VX":"3","VW":"3"},"5R":{"R5":"3","J9":"3"},"Q7":{"67":"3","62":"3","65":"3","52":"3","54":"3","92":"3","C2":"3","66":"3"},"RC":{"3M":"3","5X":"3","3P":"3","38":"3"},"4Q":{"2V":"3"},"JW":{"2R":"3"},"6V":{"RQ":"3","XH":"3","RW":"3","VQ":"3"},"M2":{"WH":"3","VH":"3","X8":"3"},"PW":{"2J":"3"},"WP":{"CP":"3","4H":"3"},"HX":{"5P":"3","4P":"3","6J":"3"},"Q9":{"QH":"3","RH":"3","QJ":"3","RJ":"3"},"8W":{"M9":"3","J8":"3","M8":"3","J9":"3"}},"63":{"RW":{"M3":"3","PG":"3","PF":"3","Q9":"3","9G":"3","QC":"3","QF":"3","V8":"3"},"RV":{"WX":"3","QR":"3","XG":"3","QV":"3","XF":"3","WG":"3","9Q":"3","5V":"3"},"PP":{"HG":"3","JV":"3"},"QP":{"M7":"3"},"R7":{"8Q":"3","7X":"3"},"VR":{"9V":"3"},"FP":{"5C":"3","QP":"3","JH":"3","JJ":"3"},"49":{"CM":"3","7H":"6|3","6H":"3","9M":"3"},"QV":{"48":"3","39":"3","PF":"3","98":"3","59":"3","PC":"3","2C":"3","QC":"3"},"5M":{"RR":"3"},"PV":{"JR":"3","JQ":"3","MR":"3"},"P3":{"2H":"3"},"8M":{"7W":"3","6W":"3","6V":"3","5V":"3"},"6M":{"2Q":"3","5M":"3"},"6F":{"6P":"3"},"VW":{"35":"3","44":"3","48":"3","25":"3","98":"3","55":"3","34":"3","P9":"3","32":"3","64":"3"},"GG":{"QR":"3","XP":"3","PQ":"3"}},"73":{"V5":{"4P":"3","9P":"3","55":"3"},"RV":{"7F":"6","WJ":"3","VR":"3","96":"3","JJ":"3","WP":"3","VQ":"3"},"52":{"MH":"3"},"V2":{"7V":"3","R2":"3","5Q":"3","82":"3"},"QV":{"4X":"3"},"WM":{"5F":"3"},"22":{"RQ":"3","WV":"3","C6":"3","RG":"3"},"J3":{"HQ":"3"},"R2":{"4J":"3"},"X3":{"WC":"3","XF":"3","XC":"3","WF":"3"},"X4":{"GM":"3","FM":"3"},"V3":{"C2":"3"},"Q7":{"FH":"3"},"96":{"29":"3"},"3X":{"PX":"3"},"XM":{"8X":"3","8W":"3"},"23":{"WW":"3"},"Q4":{"96":"3","F7":"3","85":"3","6R":"3","73":"3","74":"3","84":"3","94":"3","C5":"3","C7":"3","C6":"3","95":"3"},"VG":{"98":"3","97":"3"},"XQ":{"W9":"3","W8":"3"},"PG":{"W7":"3","22":"3"},"W2":{"JJ":"3","FC":"3"},"46":{"WV":"3","QW":"3"},"WG":{"55":"3"},"M4":{"7J":"3","C8":"3"},"M3":{"QR":"3","XQ":"3","PV":"3"},"J5":{"CH":"3"},"Q3":{"5C":"3","49":"3","FF":"3","FJ":"3","59":"3","9H":"3","8H":"3","4C":"3","FG":"3","FH":"6|3","5H":"3","CH":"3"},"QW":{"P4":"3"},"RW":{"96":"3","7F":"3","G5":"3","97":"3","C8":"3","G6":"3","99":"3","C9":"3","98":"3","H6":"3","H5":"3","C6":"3","C7":"3"},"W3":{"9M":"3"},"WR":{"2X":"3"},"P3":{"Q8":"6|3","R9":"3","MJ":"3","JR":"3","Q9":"3","QC":"3","MM":"3","7R":"3","Q2":"3","8W":"3","PM":"3","P8":"3","Q7":"6","PC":"3","M9":"3","P9":"3","8R":"3"},"VV":{"7C":"3","6G":"3","6F":"3","2J":"3"},"P2":{"WW":"3","5M":"3","VM":"3","XW":"3","RM":"3"},"Q2":{"5J":"3","86":"3","4M":"3","XQ":"3","6R":"3","VH":"3","5M":"3","7Q":"3","PW":"3","RG":"3","6Q":"3"},"M7":{"P4":"3"}},"44":{"WH":{"84":"3"},"PP":{"GQ":"3"},"Q6":{"PQ":"3"},"WR":{"MM":"3"},"QP":{"XR":"3","3G":"3","HW":"3","HX":"3","6W":"3","6V":"3","GX":"3"},"79":{"44":"3","73":"3","23":"3","46":"3","28":"3","56":"3"},"QW":{"QR":"3","PR":"3","QV":"3"},"6C":{"WH":"3","P2":"3"},"X2":{"GW":"3"},"QQ":{"F2":"3","R2":"3"},"F5":{"3F":"3","8M":"3","6J":"3"},"JP":{"HQ":"3"},"PV":{"Q8":"3"},"VX":{"PF":"3","72":"3"},"R3":{"6P":"3","5G":"3"},"M5":{"27":"3"},"4W":{"H4":"3"},"PJ":{"W8":"3","J8":"3","F2":"3","V6":"3","MF":"3","MC":"3","X8":"3","G4":"3","R8":"3","Q7":"3","F6":"3","M9":"3","PJ":"3","V8":"3","P7":"3"},"94":{"8R":"3","4G":"3","5G":"3"},"RM":{"3V":"3","PR":"3"},"X3":{"G4":"3","G5":"3","J3":"3","P3":"3"},"XM":{"WX":"3","VX":"3","7P":"3","VW":"3"},"QM":{"7H":"3","7J":"3","C3":"3","CH":"3"},"XQ":{"J2":"3","G5":"3"},"66":{"32":"3"},"42":{"R7":"3"},"JQ":{"P2":"3"},"Q3":{"XC":"3"},"56":{"W5":"3","W3":"6|3"},"QJ":{"8X":"3","8W":"3","9Q":"3"},"PQ":{"G8":"3","QG":"3"},"72":{"43":"3","8F":"3","9W":"3","64":"3"},"8G":{"23":"3"},"MX":{"5H":"3"},"65":{"2X":"3"},"4V":{"49":"3","39":"3","4G":"3","89":"3"},"69":{"X6":"3","WJ":"3","XH":"3","Q8":"3","MQ":"3","W7":"3","X5":"3","XJ":"3","W8":"3"},"VR":{"CV":"3"},"F9":{"P6":"3","P5":"6","P7":"3"},"3C":{"97":"3"},"4Q":{"Q9":"3"},"XV":{"92":"3"},"VW":{"GW":"3","JM":"3","7X":"3"},"XP":{"QJ":"3","FH":"3","HJ":"3","V2":"3","CG":"3","2G":"3","HG":"3","PQ":"3","95":"3","PJ":"3","CF":"6|3","V7":"3","FF":"3","H7":"3","H9":"3","9F":"6|3","8J":"3","JR":"3","HC":"3","QM":"3","Q5":"3","GJ":"3","8C":"3","QH":"3","HF":"3","GF":"3","GH":"3","PM":"3","F8":"3","GC":"3","89":"3","2H":"3"},"MF":{"M8":"3"},"JF":{"PX":"3","5Q":"3"},"PW":{"87":"3"},"WP":{"G7":"3"},"GP":{"JC":"3","WH":"3","J9":"3"}},"75":{"4Q":{"F6":"3"},"24":{"X9":"3"}},"34":{"W8":{"8M":"3"},"WP":{"GM":"3","GJ":"3","M7":"3","P7":"3"},"FP":{"8X":"3"},"HX":{"J9":"3"},"GP":{"4X":"3"},"HV":{"RV":"3"},"9R":{"FQ":"3"},"HW":{"JV":"3","R4":"3","HV":"6","JX":"3","HC":"3","CP":"3","FQ":"3","9P":"3","9M":"3","PW":"3"},"3H":{"9J":"3"},"CQ":{"75":"3","W8":"3","52":"3","M3":"3","M4":"3","48":"3","V8":"3","32":"3","43":"3"},"F8":{"83":"3"},"FQ":{"C4":"3","45":"3","57":"3","56":"3"},"W9":{"6Q":"3","68":"3"}},"65":{"VM":{"RF":"3","RH":"3","QC":"3","VH":"3","RG":"3"},"8F":{"3G":"3"},"WP":{"4G":"3","4F":"3"},"WX":{"V6":"3","W6":"3","M5":"3","V5":"3"},"VJ":{"MR":"3"},"28":{"VW":"3"},"89":{"MX":"3"},"WQ":{"24":"3"},"64":{"59":"3"},"C3":{"GW":"3","FR":"3","3P":"3","FM":"3","6R":"6","C8":"3","7Q":"3"},"39":{"52":"3"},"X5":{"Q4":"3"},"RJ":{"WX":"3","WR":"3","WW":"3","WQ":"3"},"G4":{"2V":"3"},"94":{"FH":"3","M5":"3"},"VH":{"HX":"3"},"V9":{"5Q":"3","QC":"6","M8":"3"},"2W":{"GJ":"3","H6":"3"}},"23":{"WV":{"86":"3"},"JR":{"43":"3","45":"3","53":"3","55":"3"},"HR":{"4R":"3"},"RM":{"WR":"3"},"HQ":{"XH":"3","6W":"3","6J":"6","XJ":"3","R6":"3","R7":"3","R5":"3","XM":"3"},"VV":{"W2":"3"},"JQ":{"5R":"3","2G":"3","2P":"3","2H":"3","4R":"3","3P":"3","4H":"3","2F":"3","2C":"3","3Q":"3","2J":"6|3"},"JX":{"7X":"3"},"9V":{"MF":"3"}},"54":{"7C":{"6M":"3","3J":"3"},"HW":{"2Q":"3","66":"3","2P":"3"},"HV":{"4J":"3","3J":"3"},"79":{"R7":"3"},"X2":{"H8":"3","G4":"3","H2":"3","H7":"3","PM":"3","G5":"3"},"W9":{"37":"3","57":"3","47":"3"},"5P":{"2P":"3"},"6G":{"X6":"3","MQ":"3"},"R8":{"9P":"3"},"39":{"PC":"3"},"3G":{"56":"3"},"GG":{"3X":"3","2X":"3"},"W3":{"6J":"3","6Q":"3"},"2H":{"C4":"3"},"2M":{"G3":"3","F3":"3"},"J6":{"PR":"3","VC":"3","R9":"3","VG":"3"},"8X":{"X3":"3","W3":"3"},"96":{"C8":"3"},"RV":{"XV":"3"},"66":{"J3":"3"},"JR":{"66":"3"},"H7":{"CW":"3"},"FG":{"QG":"3"},"GH":{"53":"3","X2":"3","73":"3","F3":"3"},"4P":{"RM":"3"},"W4":{"H8":"3","H3":"3"},"65":{"8X":"6","JX":"3","HX":"3"},"XX":{"4F":"3"},"99":{"XP":"3","58":"3"},"WX":{"W8":"3"},"V9":{"RG":"3"},"2J":{"MW":"3"},"JG":{"7Q":"3"},"4C":{"7M":"3"},"88":{"HG":"3"},"3F":{"MJ":"3","WJ":"3","RR":"3","MH":"3","WQ":"3","WM":"3","VM":"3","RM":"3","QM":"3","WF":"3","VH":"3"},"3C":{"WW":"3","R3":"3","XW":"3","VW":"3"},"4F":{"9G":"3"},"MF":{"4X":"3","6W":"3"},"M7":{"66":"3","23":"3"},"GV":{"QW":"3","HR":"3","HV":"3"},"GW":{"R4":"3","XQ":"3","R2":"3","XP":"3","X4":"6","V6":"6|3","M7":"3","R6":"6|3","M5":"3","J4":"6","V5":"3","CG":"3","J3":"6","P5":"3"},"8J":{"M4":"3","M3":"3","J4":"3","P4":"3","J3":"3","P3":"3"},"GP":{"PJ":"3"}},"66":{"4G":{"7G":"3"},"CQ":{"69":"3","76":"3","F7":"3","6C":"3"},"6P":{"MW":"3","QX":"3"},"2P":{"CJ":"3"},"8R":{"32":"3"},"Q5":{"94":"3","F5":"3"},"CP":{"5V":"3"},"54":{"Q7":"3"},"QG":{"X4":"3"},"F5":{"C4":"3"},"JJ":{"VR":"3"},"85":{"6M":"3"},"6M":{"67":"6","6W":"3","68":"3","65":"3"},"RG":{"R4":"3","2V":"3","2R":"3"},"VC":{"7H":"3","7J":"3"},"5Q":{"RW":"3","JR":"3","3R":"3","HR":"3","JV":"3","FR":"3","9W":"3","QV":"6","CJ":"3","HV":"3","H8":"3","7Q":"3","FQ":"3","7P":"3","H6":"3","5W":"3","QW":"3"},"55":{"PH":"3"},"2R":{"XV":"3","MG":"3"},"CJ":{"4G":"3","24":"3"},"25":{"W2":"3"},"33":{"5J":"3","HQ":"3","3G":"3","FX":"3","GW":"3","7J":"3","HR":"3","3J":"3"},"2V":{"8R":"3","GP":"3","8Q":"3","HP":"3","CG":"3","GQ":"3","GR":"3","JM":"3","JC":"3","9V":"3","JP":"3","FP":"3","9Q":"3","FR":"3","8H":"3","JJ":"3","CF":"3","MJ":"3","FF":"3","HQ":"3","HM":"3","HC":"3","CR":"3","CQ":"3","J6":"3","P3":"3","GF":"3","MM":"3","9R":"3","P2":"3","FC":"3","7R":"3","GC":"3","8V":"3","FG":"3","FQ":"3"},"7Q":{"7W":"3","9W":"3","2V":"3","29":"3"},"6Q":{"8R":"3","2J":"6","9V":"3","4M":"3","6R":"3","MW":"3","WW":"3","CW":"6|3","3X":"3","2M":"6","5W":"3","4J":"3","7V":"3","XW":"3","3W":"6","5X":"3","CV":"3","JW":"3","7R":"3","Q2":"3","8V":"3"},"MJ":{"HQ":"3","HP":"3"},"43":{"66":"3"},"8H":{"XH":"3","XF":"3"},"9C":{"F2":"3"},"49":{"39":"3"},"23":{"XF":"3","RP":"3","VJ":"3","JG":"3","HJ":"3","HQ":"3","XQ":"3","MF":"3","JQ":"3","VP":"3","XJ":"3","CQ":"3","JJ":"3","CP":"3","JH":"3","FG":"3","RF":"3"},"3R":{"GJ":"3","2W":"3","2V":"3","3W":"3"},"QJ":{"24":"3","42":"3","32":"3"},"9H":{"6J":"3","7G":"3","5G":"3","9H":"6","2J":"6","6G":"3","2H":"3","26":"3"},"4P":{"VR":"3","2P":"3","2M":"3"},"8Q":{"9J":"3"},"4R":{"7M":"3","9C":"3","V2":"3","68":"3","P4":"3","8P":"3","JC":"3","7C":"3","M9":"3","8M":"3","8G":"3","69":"3","G9":"3","99":"3","85":"3","7H":"3","CC":"3","8H":"3","78":"3","H8":"3","CF":"3","V9":"3","23":"3","FF":"3","79":"3","7J":"3","H9":"3","P9":"3","9F":"3","8J":"3","J9":"3","HC":"3","W9":"3","9G":"3","M4":"3","MC":"3","8C":"3","9H":"3","PC":"3","P3":"3","GF":"3","R9":"3","P2":"3","FC":"3","Q2":"3","GC":"3","Q9":"3","84":"3"},"24":{"X2":"3","RH":"3"},"HM":{"FX":"3","GW":"3","MR":"3","FW":"3","GX":"3"},"V9":{"G7":"3","F5":"3","HH":"3","G9":"3","HC":"3","GH":"3","GC":"3","JH":"3","FJ":"3","FX":"3","H6":"3","FH":"3","HG":"3","CF":"3","H4":"3","GF":"3","GG":"3"},"36":{"RR":"3"},"4M":{"GR":"3","FR":"3","V6":"3"},"QH":{"3X":"3","CM":"3","GM":"3","CP":"3","4X":"3","FJ":"3","FM":"3","FP":"3"},"FP":{"FJ":"3","WQ":"3"},"5R":{"R9":"3","Q9":"3","62":"3","W8":"3","89":"3","Q4":"3|6","49":"3","C8":"3","F9":"3","99":"3","48":"3","R8":"3","C9":"3","V9":"3","F8":"3","88":"3","98":"3","P4":"6","W9":"3","V8":"3","42":"6","59":"3"},"3P":{"VQ":"3","WP":"3","XR":"3","HQ":"3","XQ":"3","WQ":"3","FM":"6","XM":"3","WR":"3","GM":"6","XP":"3"},"6R":{"F4":"3","G3":"3","F3":"3","28":"3","V3":"3","X3":"3","C3":"3","39":"3","C4":"3","G4":"3","V4":"3","94":"3","85":"3","29":"3","38":"3","82":"3","93":"3","66":"3","84":"3"},"3F":{"G7":"3"},"4Q":{"XF":"3","VM":"3","HM":"3","PP":"3","MM":"3","RM":"3","HJ":"3","FR":"3","22":"3","VP":"3","PM":"3","GH":"3","GM":"3","WW":"3","FH":"3","XP":"3","GJ":"3"},"46":{"3P":"3","4M":"3"},"6J":{"4J":"3"},"GP":{"5Q":"3"},"48":{"CP":"3"},"7M":{"QW":"3"}},"87":{"8P":{"44":"3"}},"46":{"X9":{"79":"6","78":"6|3","68":"3"},"GP":{"33":"3"},"3R":{"GV":"6"},"P4":{"V7":"3","XH":"6","96":"3","V6":"3","W7":"3","W6":"3","H7":"3","C5":"3","C6":"3","95":"3","F3":"3"},"RX":{"HV":"3"},"JQ":{"H2":"3","98":"3"},"JV":{"34":"3"},"8M":{"Q3":"3","WH":"3"},"56":{"7R":"3"},"RJ":{"MP":"3"},"J3":{"XW":"3"},"JP":{"HX":"3"},"F7":{"3X":"3","3V":"3","3Q":"3","68":"3","5V":"3"},"7Q":{"5C":"3","37":"3","38":"3"},"4H":{"V3":"6"},"5J":{"4P":"3","4M":"3"},"FM":{"QJ":"6"},"CX":{"MH":"3","HP":"3"},"3X":{"8C":"3","C9":"3","2G":"3","87":"3","79":"3","4G":"3","7C":"3","89":"3","4M":"3"},"5P":{"3M":"3"},"Q4":{"7M":"3","C8":"3","97":"6","JF":"3","6J":"3","7C":"6","69":"6","7Q":"3","G6":"3","G9":"3","6P":"3","6R":"3","5H":"3","F9":"3","6M":"3","H8":"3","FF":"3","M8":"3","C7":"3","79":"6","7J":"3","H6":"3|6","3H":"3","9G":"3","J5":"3","72":"3","98":"3","MC":"3","6C":"6","6Q":"3","GF":"3","J8":"3","7P":"3","G7":"3","F8":"3","GC":"3","M7":"3","2H":"3|6"},"M8":{"5F":"3","5G":"3"},"RQ":{"5G":"3"},"P9":{"4X":"3","8P":"3","8Q":"3","JM":"3","JJ":"3","6R":"3","7P":"3","7Q":"3"},"2Q":{"3R":"3","2M":"3"},"39":{"5C":"3","58":"3"},"XG":{"9M":"3","FV":"3"},"5M":{"4P":"3"},"W9":{"WG":"3"},"2X":{"44":"3","WJ":"3","MW":"3","QQ":"3","46":"6|3","RC":"3"},"MC":{"G8":"3","G7":"3"},"Q3":{"6M":"6","2P":"3","8M":"3","HP":"3","7M":"3","7P":"3","R5":"3"},"6C":{"36":"3","37":"3"},"QR":{"4J":"3","WV":"3","4H":"3","3H":"3","3J":"3"},"X7":{"V7":"3"},"R4":{"FJ":"3","9M":"3"},"PC":{"32":"3"},"P5":{"RQ":"3"},"F8":{"RJ":"3"},"M6":{"42":"3"},"2W":{"FH":"3","CH":"3"},"4P":{"WV":"3","WW":"3"}},"64":{"86":{"Q4":"6","W2":"3","X2":"3"},"C5":{"2C":"3","29":"3"},"RM":{"53":"3|6","H4":"3","25":"3","H3":"3","22":"3","2G":"3","56":"3","G4":"3","63":"3","44":"3","54":"3","64":"3","45":"6|3","35":"3","G3":"3","J2":"3","2H":"3"},"22":{"G3":"3"},"W2":{"H6":"3","R9":"3","XJ":"3","G5":"3"},"69":{"PV":"3"},"QM":{"JC":"3","X6":"3","V7":"6|3","XH":"3","R8":"3","XG":"3","X5":"3","V8":"6|3"},"4R":{"M7":"3","P7":"3"},"RJ":{"7W":"3","8X":"3","9X":"3","JW":"3","HQ":"3","GP":"3","JX":"3","GQ":"3","MW":"3","8M":"3","MX":"3","VX":"3","HP":"3"},"85":{"MX":"3","XX":"3"},"6C":{"8R":"3","4R":"3"},"23":{"62":"3"},"WM":{"H9":"3"},"WH":{"PW":"3","QX":"3"},"9P":{"5R":"3","4R":"3"},"25":{"8Q":"3","7P":"3"},"GF":{"VH":"3","VJ":"3","F5":"3"},"X2":{"2M":"3","2J":"3"}},"72":{"2X":{"HM":"3","28":"3","MQ":"3","49":"3","VV":"3","MP":"3","JQ":"3","39":"3","GM":"3","WC":"3","PH":"3","HP":"3","JM":"3"},"WX":{"62":"3","25":"3","72":"3"},"3X":{"2G":"3"},"XX":{"3V":"3"},"88":{"XF":"3","XM":"3"},"2W":{"HQ":"3","CP":"3","FQ":"3","8P":"3","7H":"3","9J":"3","9P":"3","6J":"3","5Q":"3"},"WW":{"7X":"3"},"3J":{"G5":"3"},"QR":{"C2":"3","76":"3","72":"3"},"MX":{"PX":"3"},"VX":{"V7":"3","98":"3","V6":"3","W7":"3","W6":"3","R7":"3"},"VW":{"XR":"3"},"JM":{"9Q":"3","PP":"3","VJ":"3","QM":"3|6","9R":"3","PM":"3|6","8Q":"3","PJ":"6|3","5Q":"6","8R":"3"}},"74":{"F8":{"F2":"3","C3":"3","95":"3"},"6P":{"69":"3","RC":"3"},"5P":{"9V":"3"},"62":{"WG":"3"},"M3":{"H9":"3"},"G6":{"V3":"6","26":"3","X4":"3","X3":"3","W3":"3|6"},"C4":{"59":"3"},"H6":{"X7":"3","W9":"3"},"4Q":{"X4":"3","X3":"3"},"45":{"RM":"3"},"3V":{"CP":"3","FQ":"3","FP":"3"},"2W":{"H6":"3","J6":"3"},"2V":{"V7":"3"},"F7":{"FW":"3","GW":"3","FR":"3","FV":"3","GR":"3","FX":"3","M5":"3"},"85":{"CF":"3","GJ":"3","GH":"3","FG":"3","FH":"3"},"9F":{"9V":"3"},"55":{"2M":"3"},"8G":{"WQ":"3","WM":"3","XJ":"3","VW":"3"},"9C":{"99":"3"},"7J":{"PV":"6","QV":"3"},"5Q":{"24":"3"},"7M":{"MQ":"3","J2":"3","XG":"3","HW":"3","XF":"3","WH":"3","GX":"3","F6":"3"},"72":{"2P":"3","4R":"3","3Q":"3"},"7P":{"37":"3","27":"3","84":"3","57":"3","47":"3"},"J4":{"FR":"3","CR":"3"},"C8":{"VH":"3"},"C6":{"FF":"3","R2":"3","87":"3","FG":"3","G2":"3","F4":"3","G5":"3","95":"3"},"3W":{"97":"3"},"G5":{"XQ":"3"},"56":{"7C":"3","58":"3","68":"3","57":"3"},"32":{"5F":"3","35":"3","25":"3","49":"3","9W":"3","27":"3","6H":"3","FM":"3","85":"3","4C":"3","6F":"3","6C":"3","5G":"3"},"F6":{"42":"3","2M":"3"}},"92":{"43":{"9V":"3","8X":"3","9R":"3","9Q":"3"},"33":{"FV":"3"},"28":{"24":"3"}},"76":{"RW":{"4P":"3"}},"82":{"X9":{"F4":"3","G3":"3","F3":"3","G2":"3","G5":"3","F2":"3","G4":"3","93":"3","H5":"3"},"WC":{"FJ":"3","GC":"3","CX":"3","FP":"3","GF":"3","H7":"3","6Q":"3","CW":"3"},"QP":{"JR":"3","HR":"3","HQ":"3","JQ":"3","GQ":"3","HG":"3","GJ":"3","JM":"3"},"8G":{"XW":"3"},"RJ":{"CJ":"3","8H":"3","8G":"3","9G":"3","9C":"3","CH":"3"},"PQ":{"2R":"3"},"6P":{"6V":"3"},"QQ":{"69":"3","59":"3","58":"3","76":"3","67":"3","75":"3"},"8H":{"42":"3"},"CC":{"G6":"3"},"7J":{"5W":"3"},"9F":{"FP":"3","HV":"3"},"W9":{"P2":"3"},"M5":{"89":"3"},"HX":{"V9":"3","VV":"3","PF":"3","VC":"3","R9":"3|6","QF":"3","RC":"3"},"C2":{"GM":"3"},"X7":{"VV":"3"},"HV":{"74":"3"},"MV":{"36":"3","35":"3","37":"3","27":"3","38":"3"},"PP":{"CP":"6","8P":"3"},"GC":{"6C":"3"},"X8":{"FW":"3","GW":"3","CW":"3","FR":"3","W2":"3","FV":"3","CX":"3","FQ":"3","GR":"3","X2":"3","GX":"3"},"89":{"QV":"3"}},"42":{"QH":{"6M":"3","8Q":"3"},"PG":{"JV":"3"},"F7":{"7R":"3","HF":"3","GF":"3","HG":"3"},"QP":{"6P":"3","C2":"3","6Q":"3"},"RM":{"C9":"3"},"R7":{"77":"3"},"PR":{"Q7":"3","Q9":"3","R8":"3","Q8":"3","R9":"3","R7":"3"},"J6":{"99":"3"},"QM":{"WJ":"3","MJ":"3","3R":"3","MG":"6","3V":"3","6P":"6","9G":"3","XM":"3","4R":"3","3G":"3","RJ":"3","4V":"3","XJ":"3","3H":"3","QJ":"3","FH":"3","6Q":"6"},"QV":{"H4":"3"},"PM":{"4J":"3","XH":"3"},"6G":{"MC":"3","MF":"3"},"Q7":{"Q8":"3"},"MH":{"8R":"3","8P":"3","8Q":"3","9P":"3","9R":"3","9Q":"3","7Q":"3"},"QJ":{"58":"3","53":"6"},"PH":{"Q9":"3","PC":"3","QC":"3","P9":"3"},"PW":{"M7":"3"},"GX":{"8W":"3"},"JM":{"F2":"3","C3":"3","P6":"3","F3":"3"}},"45":{"WJ":{"RQ":"3","RP":"3","VM":"3","VH":"3","VJ":"3"},"HM":{"CH":"3"},"3Q":{"3G":"3","2G":"3","4G":"3","4C":"3","2C":"3","3C":"3"},"G8":{"4V":"3"},"GV":{"C6":"3"},"3P":{"54":"3"},"JF":{"58":"3","4M":"3"},"V5":{"RP":"3","X5":"3","RM":"3"},"J4":{"Q8":"3"},"R3":{"GG":"3","HH":"3","GH":"3","HG":"3"},"W5":{"3J":"3"},"GP":{"87":"3","67":"3","88":"3","89":"3","56":"3","47":"3","77":"3"},"83":{"5W":"3","5V":"3"},"99":{"HP":"3"},"HC":{"6M":"3","5P":"3","CJ":"3","9J":"3","8J":"3","9H":"3","5M":"3","4P":"3","7M":"3","3Q":"3"},"2F":{"8X":"3"},"WC":{"JC":"3","MM":"3","JG":"3"},"J3":{"F4":"3","F3":"3"},"4W":{"3R":"3"},"2W":{"72":"3"},"Q5":{"VF":"3","RF":"3","PG":"3","XG":"3","QC":"3","QF":"3","VG":"3","QG":"3"},"58":{"P7":"3"},"R5":{"3G":"3"},"JP":{"G5":"3","MH":"3","H8":"3","C2":"3","JC":"3","H9":"3","G2":"3","C5":"3","83":"3","93":"3","82":"3","92":"3","QG":"3","MP":"3","F5":"3","JP":"3","J9":"3","MM":"3","J7":"3","MG":"3","F4":"3","J6":"3","PJ":"3","94":"3","MJ":"3","PG":"3","C3":"3","H5":"3","M9":"3","F3":"3","H7":"3","H6":"3","J8":"3","JM":"3","PH":"3","G3":"3","95":"3","G4":"3","C4":"3","QH":"3","JG":"3","M8":"3","PM":"3","MC":"3","MF":"3","JF":"3","HC":"3","JH":"3","F2":"3","PF":"3"},"84":{"JC":"3","GC":"3","JF":"6"},"2Q":{"XF":"6"},"W7":{"GC":"3","GF":"3","FC":"3"},"JM":{"5J":"3","9X":"3","8X":"3","9W":"3","CX":"3","FG":"3"}},"35":{"3G":{"R3":"3"},"37":{"JQ":"3"},"4Q":{"HX":"3","9M":"3","GX":"3"},"4G":{"78":"3","67":"3","89":"3","68":"3","77":"3"},"RR":{"87":"3","C5":"6","89":"3","97":"3","95":"6|3","C8":"3","99":"3","C4":"3","G4":"3","94":"6|3","85":"6|3","C9":"3","88":"3","98":"3","8C":"3","84":"6|3","9C":"3"},"R8":{"62":"3","53":"3","63":"3","HM":"3","64":"3"},"MH":{"7H":"3","8H":"3","38":"3"},"Q8":{"Q9":"3","Q8":"3","R9":"3"},"J7":{"WX":"3","HQ":"3","QW":"3"},"PX":{"6F":"3"},"JX":{"PW":"3","PX":"3"},"J8":{"M5":"3"},"FH":{"C6":"3","F5":"3"},"4F":{"CJ":"3"}},"24":{"F4":{"PQ":"3"},"96":{"FQ":"3","37":"3","GW":"3","C2":"3","GR":"3","9J":"3","97":"3","HW":"3","55":"3","C8":"3","57":"3","56":"3","FW":"3","FV":"3","GP":"3","HV":"3"},"86":{"M4":"3","P6":"3","77":"3"},"J2":{"G3":"3","74":"3","P6":"3","P5":"3","75":"3","F3":"3"},"F3":{"26":"3"},"G5":{"28":"3"},"97":{"G6":"3","P2":"3","P3":"3"},"VV":{"PH":"3"},"MP":{"W8":"3"},"7H":{"27":"3","26":"3","22":"3"},"M2":{"4M":"3"},"QJ":{"8X":"3"},"P3":{"H6":"3"},"88":{"V9":"3"},"58":{"P9":"3"},"P9":{"GC":"3"}},"26":{"53":{"4V":"3","9J":"3","8J":"3","8H":"3"},"C8":{"5J":"3","8Q":"3","GR":"3","HP":"3","FV":"3","7Q":"3"},"QJ":{"6W":"3"},"97":{"2X":"3","3Q":"3","5X":"3","6X":"3","P5":"3","V6":"3","3X":"3","XJ":"3","W4":"3","4X":"3","4W":"3","M5":"3"},"43":{"MP":"3"},"88":{"Q3":"3","M5":"3","P2":"3","P3":"3"},"86":{"5F":"3"},"F7":{"2F":"3"},"75":{"WC":"3"},"96":{"PQ":"3"},"RP":{"X6":"3","V3":"3","W6":"3"},"PJ":{"WV":"3","MJ":"3","PG":"3","JG":"3","VV":"3","MC":"3","MH":"3","WR":"3","74":"3","XP":"3","C7":"3","VW":"3"},"65":{"M4":"3","H5":"3","J5":"3","H3":"3","J4":"3"},"WP":{"5R":"3","4R":"3","6R":"3","2R":"3"},"XQ":{"QH":"3","FC":"3","MG":"3","RJ":"3"},"PG":{"HQ":"3","GR":"3","GV":"3","HR":"3","GQ":"3","HV":"3"},"54":{"66":"3","97":"3","76":"3","MF":"3","55":"3","G9":"3","77":"3"},"C9":{"Q4":"3","X9":"3"},"JG":{"XM":"3"},"87":{"J4":"3","HP":"3","H4":"3","PX":"3","QV":"3","P8":"3","RX":"3","JM":"3","PW":"3","HG":"3","MP":"3","J3":"3","JP":"6|3","PQ":"3","QX":"3","Q7":"3","PR":"3","XM":"3","J7":"3","RQ":"3","P9":"3","JG":"6","Q6":"3","HM":"3","WV":"3","J9":"3","M5":"6","GJ":"3","QW":"3","RW":"3","PV":"3","CQ":"3","MQ":"3","P5":"6","GH":"3","J8":"3","GM":"3","Q9":"3"},"F2":{"J2":"3"},"MH":{"RQ":"3","WX":"3"},"QM":{"JC":"3","XH":"3","53":"3","F7":"3","63":"3","64":"3"},"M3":{"R7":"6"},"98":{"V9":"3","62":"3","52":"3","93":"3","92":"3","42":"3","F4":"3","82":"3","83":"3","F3":"3"},"F6":{"C2":"3"},"HF":{"5J":"3","28":"3"},"P7":{"FX":"3"},"VP":{"GG":"3","VP":"3","GC":"3","F9":"3","RM":"3"},"H5":{"97":"3"},"GF":{"M4":"3"},"RM":{"7W":"3","9X":"3","2H":"3","7X":"3"},"FC":{"V9":"3","V7":"3","W7":"3","W6":"3","V8":"3","W8":"3"},"C4":{"2Q":"3"},"C6":{"GW":"3"}},"55":{"V5":{"7P":"3","GQ":"3"},"9C":{"WJ":"3"},"X6":{"CC":"3"},"43":{"MJ":"3","HQ":"3","HH":"3","HG":"3","JF":"3"},"JF":{"QW":"3"},"MF":{"G2":"3"},"GR":{"7W":"6","7R":"3","8R":"3","5R":"6|3","9V":"3","8Q":"3","7V":"3|6","8X":"3","4R":"6|3","5W":"3","8W":"3","6R":"3","6Q":"3","5Q":"3","6V":"3","5V":"3","8V":"3"},"88":{"7R":"3","8P":"3","8Q":"3","2P":"3","4R":"3","PQ":"3"},"9P":{"5X":"3"},"GV":{"72":"3","63":"3","89":"3","82":"3","57":"3"},"27":{"4P":"3","2R":"3"},"5C":{"W8":"3"},"QX":{"HJ":"3","7V":"3","CJ":"3","6H":"3","GH":"3","JJ":"3","7P":"3","6V":"3","QJ":"3"},"73":{"X4":"3"},"XJ":{"4X":"3","2X":"3","45":"3","4W":"3"},"44":{"48":"3"},"96":{"PG":"3"},"XM":{"73":"3"},"CC":{"XV":"3","Q7":"3","V5":"3"},"79":{"Q8":"3"},"R8":{"F4":"3"},"PG":{"WC":"3"},"VH":{"X6":"3","W5":"3","X5":"3","W6":"3"},"H9":{"GW":"3","96":"3","86":"3","FW":"3","65":"3"},"C9":{"VX":"3"},"H6":{"MM":"3","M5":"3","P5":"3"},"GX":{"25":"6"},"66":{"F3":"3"},"98":{"2X":"3"},"WJ":{"VR":"3","WV":"3"},"RC":{"CG":"3"},"Q8":{"H9":"3","J7":"3","M8":"3","J6":"3"},"F8":{"3X":"3"},"C6":{"6G":"3"},"PF":{"VG":"6","PP":"3","PR":"3","9H":"3","F9":"3","MV":"3","PM":"3","C9":"3","H2":"3","8H":"3"},"89":{"54":"3","48":"3","49":"3","37":"3"}},"83":{"7G":{"8R":"3","F3":"3","86":"3","F7":"3","63":"3","G6":"3|6","73":"3","75":"3","4W":"3","F5":"3","G8":"3","46":"3","F2":"3","WG":"3","HC":"3|6","74":"3","F6":"3","28":"3","4X":"3","9R":"3","G7":"3","C3":"3","F4":"3","F8":"3","83":"3","GC":"6","G5":"3","84":"3"},"F3":{"WM":"3","WP":"3"},"97":{"F8":"3","H4":"3","C9":"3","8P":"3","G6":"3","CF":"3","3M":"3","FF":"3","H6":"3","GC":"3","5M":"3","3P":"3","8M":"3","4P":"3","F7":"3","G7":"3","F9":"3","FC":"3","G9":"3","4M":"3"},"3J":{"X5":"3"},"2J":{"VF":"3","MQ":"3","RH":"3","W9":"3","VH":"3"},"7C":{"5J":"3","X6":"6","6J":"3","8J":"3","RM":"3","7M":"3","CJ":"3","4F":"6","74":"3","7P":"3","8M":"3","8P":"3","FJ":"3","73":"3","R5":"3"},"37":{"XP":"3"},"69":{"FR":"3","PM":"3"},"5C":{"7W":"6","QH":"3","RV":"3","WX":"3","R4":"6|3","V4":"6","GC":"3","RG":"3","RC":"3","FC":"3","JM":"3"},"5J":{"36":"3","35":"3","44":"3","45":"3","93":"3","92":"3","55":"3","73":"3","74":"3","34":"3","72":"3","82":"3","83":"3"},"7F":{"G5":"3","MH":"3","29":"3","CX":"3","C2":"6","GR":"3","7C":"6","JC":"3","H9":"3","GQ":"3","78":"3","HR":"3","FF":"3","CW":"3","6G":"6","QG":"3","P2":"3","34":"3","JP":"3","J9":"3","MM":"3","3G":"3","GG":"3","3V":"3","M5":"3","FW":"3","5G":"6","MJ":"3","FQ":"3","HQ":"3","CM":"6","6W":"3","GF":"3","JQ":"3","FG":"3","GH":"6|3","56":"3|6","FV":"3","JM":"3","GJ":"3","98":"3","99":"3","HG":"3","3J":"3","GX":"3","47":"6","F9":"6|3","FX":"3","FP":"3","HF":"3","88":"3","C9":"6","HH":"6|3","CR":"3","HC":"3|6","3W":"3","C7":"3","GV":"3","JH":"3","GW":"3","HP":"3","FH":"3","GP":"3","GC":"6|3"},"85":{"VQ":"3"},"F5":{"2H":"3","2F":"3","2C":"3"},"96":{"V9":"3","P9":"3"},"6G":{"RQ":"3","M6":"3","W2":"6|3","JF":"3","X8":"3","J6":"3","RC":"3","J9":"6"},"7H":{"22":"3"},"3M":{"JC":"3","HC":"3","X2":"3","J9":"3"},"6H":{"R4":"3","J5":"3","M6":"3","J7":"3","X2":"3","M7":"3","M5":"3","J6":"3"},"5H":{"7W":"3","8X":"3","7X":"3","VG":"3"},"78":{"7W":"6","3Q":"3"},"3P":{"2G":"3","55":"3"},"79":{"6P":"3","5Q":"3","57":"3"},"48":{"47":"6"},"49":{"HJ":"3","99":"6","GH":"3","FG":"3","9C":"6","HM":"3","CG":"3"},"59":{"MJ":"3","RV":"6","HW":"6"},"39":{"5R":"6"},"4J":{"4V":"3"},"6F":{"R9":"3","XF":"6|3","VC":"6","WF":"3","W8":"3","M8":"3","C5":"3","7M":"3","3H":"3","XJ":"6","Q3":"3","V9":"3","3J":"3","W9":"3","XG":"6"},"8C":{"47":"3"},"6C":{"VG":"3","WV":"3","67":"3","QP":"3","4M":"3","HJ":"3","8W":"3","MP":"3","77":"3","VH":"3","CP":"3","PV":"3","CC":"3","34":"3","24":"3"},"38":{"6P":"3","5P":"3","33":"3","4Q":"3","5M":"3","Q8":"3","4P":"3","5Q":"3","4M":"3"},"5F":{"Q8":"3","R9":"3","VC":"3","Q9":"3","JV":"3","QC":"3","9H":"6","P8":"3","R8":"3","V9":"3","RF":"3","P9":"3","RC":"3"},"G3":{"6H":"3","9F":"3","6G":"3","9C":"3"},"29":{"7H":"3","8J":"3"},"F4":{"P8":"3","Q7":"3","V2":"3","R3":"3","M7":"3","M8":"3","P7":"3"},"C5":{"XF":"3"},"4C":{"R7":"3"},"5G":{"69":"3","PF":"3","PC":"3","QC":"3","QF":"3","F4":"3"},"3F":{"HM":"3"}},"32":{"7V":{"JP":"3"},"WV":{"HJ":"3","JH":"3","MF":"3","F9":"3","M7":"3","QJ":"3"},"55":{"VF":"3"}},"89":{"5J":{"XF":"3","H3":"3","8V":"3","46":"3","P6":"3","63":"3","P7":"3","G8":"3","HV":"3","FV":"3","6X":"3","V8":"3","Q7":"3","XH":"3","JM":"3","WH":"3","JV":"3","59":"3","V6":"3","47":"3","MJ":"3","F6":"3","C5":"3","CC":"3","76":"3","R6":"3","CG":"3","R8":"3","FC":"3","GF":"3","C2":"3","CP":"3","72":"3","5C":"3","3Q":"3","99":"3","3M":"3","7F":"3","J4":"3","52":"3","M7":"3","R4":"3","C9":"3","P3":"3","53":"3","J8":"3","F2":"3","QM":"3","R5":"3","P8":"3","6C":"3","JC":"3","PC":"3","Q9":"3","44":"3","4Q":"3","QG":"3","G9":"3","6Q":"3","H6":"3","H7":"3","42":"3","MQ":"3","FW":"3","4X":"3","7M":"3","X7":"3","77":"3","7R":"3","GM":"3","PG":"3","F5":"3","GJ":"3","R2":"3","HM":"3","MC":"3","8R":"3","8C":"3","92":"3","X2":"3","84":"3","GC":"3","75":"3","XM":"3","74":"3","4V":"3","VJ":"3","9R":"3","V9":"3","VC":"3","C3":"3","2P":"3","4M":"3","R9":"3","VH":"3","Q5":"3","C7":"3","8M":"3","PQ":"3","CR":"3","2F":"3","35":"3","7H":"3","G2":"3","3H":"3","JP":"3","64":"3","85":"3","M4":"3","22":"3","6W":"3","7W":"3","FF":"3","57":"3","8F":"3","R7":"3","2G":"3","F3":"3","V7":"3","95":"3","P4":"3","9C":"3","3P":"3","MF":"3","79":"3","3V":"3","HH":"3","X8":"3","JG":"3","WC":"3","5P":"3","P2":"3","PM":"3","FQ":"3","6V":"3","4R":"3","HF":"3","34":"3","HC":"3","8P":"3","PR":"3","66":"3","J9":"3","CV":"3","X5":"3","CM":"3","HG":"3","MP":"3","QH":"3","H8":"3","V5":"3","CW":"3","M2":"3","FJ":"3","PF":"3","WF":"3","56":"3","M3":"3","RJ":"3","W5":"3","Q8":"3","96":"3","23":"3","3R":"3","27":"3","RM":"3","H9":"3","V2":"3","PH":"3","V3":"3","9Q":"3","67":"3","3C":"3","C6":"3","7G":"3","48":"3","78":"3","5G":"3","8H":"3","5X":"3","86":"3","7V":"3","Q6":"3","9P":"3","J6":"3","F8":"3","P9":"3","2Q":"3","5H":"3","QJ":"3","7P":"3","5R":"3","4W":"3","H4":"3","58":"3","GQ":"3","5Q":"3","94":"3","W8":"3","HP":"3","RP":"3","9V":"3","2V":"3","RC":"3","JJ":"3","82":"3","J7":"3","45":"3","VF":"3","XG":"3","PP":"3","4J":"3","65":"3","M9":"3","QF":"3","G4":"3","C8":"3","32":"3","3W":"3","QC":"3","9W":"3","5V":"3","JH":"3","W7":"3","P5":"3","5J":"3","69":"3","M6":"3","M5":"3","MG":"3","38":"3","H5":"3","F4":"3","39":"3","97":"3","9M":"3","49":"3","88":"3","CF":"3","9F":"3","XJ":"3","F9":"3","54":"3","C4":"3","7Q":"3","HJ":"3","JF":"3","2M":"3","89":"3","J5":"3","X9":"3","JR":"3","G6":"3","Q4":"3","8W":"3","RH":"3","RG":"3","RQ":"3","6P":"3","6M":"3","4C":"3","W9":"3","6F":"3","2R":"3","VM":"3","FH":"3","G7":"3","J2":"3","87":"3","7J":"3","43":"3","X6":"3","6H":"3","M8":"3","GG":"3","5F":"3","XP":"3","FG":"3","3J":"3","62":"3","W4":"3","G5":"3","6R":"3","9J":"3","XC":"3","37":"3","6G":"3","5W":"3","2H":"3","WJ":"3","H2":"3","W6":"3","V4":"3","WM":"3","MM":"3","4G":"3","26":"3","24":"3","RF":"3","98":"3","2C":"3","4F":"3","4P":"3","VQ":"3","MR":"3","2J":"3","FP":"3","GR":"3","83":"3","J3":"3","2X":"3","93":"3","3G":"3","WP":"3","68":"3","6J":"3","9H":"3","7X":"3","VG":"3","R3":"3","FM":"3","G3":"3","25":"3","JQ":"3","GP":"3","GH":"3","CQ":"3","5M":"3","Q2":"3","3F":"3","QQ":"3","WG":"3","MH":"3","VP":"3","33":"3","7C":"3","HR":"3","4H":"3","X4":"3","8J":"3","HQ":"3","W2":"3","F7":"3","55":"3","8Q":"3","29":"3","8G":"3","28":"3","CJ":"3","36":"3","9G":"3","GV":"3","73":"3","QP":"3","FR":"3","X3":"3","Q3":"3","3X":"3","W3":"3","2W":"3","CH":"3","PJ":"3"},"4J":{"85":"3","C6":"3","P8":"3","V8":"3","6V":"3","2Q":"3","3V":"3","2V":"3","5V":"3","69":"3","XP":"3","66":"3","WJ":"3","2F":"3","WH":"3","3G":"3","W5":"3","R3":"3","28":"3","64":"3","H2":"3","P4":"3","7H":"3","J5":"3","32":"3","X3":"3","RC":"3","JC":"3","CJ":"3","J4":"3","7J":"3","5C":"3","48":"3","8F":"3","97":"3","52":"3","93":"3","WM":"3","FQ":"3","XM":"3","PQ":"3","MG":"3","62":"3","H7":"3","4V":"3","PV":"3","JV":"3","R4":"3","M3":"3","GM":"3","GC":"3","X9":"3","JG":"3","F3":"3","VP":"3","6M":"3","8C":"3","FH":"3","CQ":"3","XV":"3","FM":"3","9C":"3","26":"3","47":"3","95":"3","9M":"3","33":"3","P6":"3","86":"3","H3":"3","2C":"3","55":"3","CR":"3","P3":"3","2M":"3","RV":"3","R7":"3","2P":"3","G8":"3","V7":"3","2J":"3","7P":"3","79":"3","GR":"3","6P":"3","FR":"3","XG":"3","M7":"3","7R":"3","RF":"3","V3":"3","HF":"3","H8":"3","G9":"3","W2":"3","76":"3","5G":"3","C8":"3","5J":"3","F4":"3","XJ":"3","M4":"3","P7":"3","42":"3","96":"3","4H":"3","MP":"3","GG":"3","HJ":"3","9J":"3","2G":"3","F8":"3","MF":"3","C2":"3","J2":"3","6F":"3","VW":"3","G7":"3","54":"3","WC":"3","35":"3","CM":"3","VQ":"3","43":"3","8V":"3","25":"3","4P":"3","VR":"3","4M":"3","29":"3","M9":"3","PM":"3","36":"3","V6":"3","92":"3","6Q":"3","GF":"3","R8":"3","5F":"3","V2":"3","J3":"3","VF":"3","X2":"3","J9":"3","7Q":"3","F9":"3","W4":"3","PF":"3","GP":"3","HR":"3","PC":"3","4J":"3","8J":"3","98":"3","3Q":"3","FP":"3","GQ":"3","67":"3","5P":"3","MC":"3","94":"3","HG":"3","8P":"3","CH":"3","FJ":"3","CG":"3","C4":"3","QR":"3","XQ":"3","38":"3","W3":"3","56":"3","QF":"3","HP":"3","X6":"3","MV":"3","JM":"3","89":"3","3H":"3","24":"3","WG":"3","Q5":"3","JJ":"3","PH":"3","XR":"3","8R":"3","M2":"3","J6":"3","X5":"3","M5":"3","HM":"3","PG":"3","G2":"3","73":"3","PR":"3","82":"3","MJ":"3","57":"3","4F":"3","Q7":"3","R5":"3","JQ":"3","G5":"3","CV":"3","Q6":"3","Q2":"3","27":"3","QH":"3","6G":"3","87":"3","77":"3","F2":"3","GV":"3","68":"3","44":"3","VC":"3","9P":"3","C5":"3","8G":"3","5Q":"3","QJ":"3","C3":"3","M6":"3","R9":"3","2H":"3","9H":"3","46":"3","63":"3","7C":"3","8H":"3","WR":"3","PP":"3","2R":"3","HQ":"3","RP":"3","P2":"3","XW":"3","P9":"3","6R":"3","9Q":"3","WF":"3","9R":"3","H4":"3","49":"3","JH":"3","3C":"3","HC":"3","58":"3","CF":"3","P5":"3","WP":"3","V9":"3","5H":"3","MM":"3","59":"3","RQ":"3","HH":"3","WQ":"3","RJ":"3","XH":"3","84":"3","FV":"3","8M":"3","3P":"3","83":"3","78":"3","VH":"3","VV":"3","QM":"3","G4":"3","GH":"3","J8":"3","H5":"3","CP":"3","G3":"3","GJ":"3","C7":"3","VG":"3","CC":"3","JP":"3","M8":"3","4G":"3","H9":"3","W8":"3","75":"3","W7":"3","QG":"3","22":"3","X4":"3","MQ":"3","4C":"3","W9":"3","3M":"3","MH":"3","6J":"3","JF":"3","J7":"3","MR":"3","53":"3","7F":"3","3J":"3","7V":"3","F5":"3","7M":"3","88":"3","X8":"3","PJ":"3","5M":"3","5R":"3","37":"3","C9":"3","XC":"3","Q9":"3","99":"3","9F":"3","H6":"3","X7":"3","QP":"3","RR":"3","4Q":"3","W6":"3","QC":"3","7G":"3","9G":"3","65":"3","34":"3","F7":"3","3F":"3","Q4":"3","QV":"3","WW":"3","8Q":"3","WV":"3","RM":"3","39":"3","3R":"3","74":"3","Q8":"3","R6":"3","QQ":"3","RH":"3","6H":"3","XF":"3","Q3":"3","V4":"3","23":"3","6C":"3","4R":"3","FF":"3","R2":"3","RG":"3","VM":"3","HV":"3","45":"3","VJ":"3","V5":"3","F6":"3","JR":"3","9V":"3","G6":"3","FG":"3","72":"3","FC":"3"},"4G":{"QR":"3","8V":"3","G8":"3","HV":"3","6X":"3","FV":"3","XH":"3","JM":"3","WH":"3","JV":"3","RW":"3","JW":"3","MJ":"3","CC":"3","XV":"3","QW":"3","CG":"3","FC":"3","GF":"3","CP":"3","M7":"3","C9":"3","J8":"3","QM":"3","WR":"3","XW":"3","P8":"3","FX":"3","JC":"3","PC":"3","Q9":"3","RX":"3","VR":"3","QG":"3","HX":"3","G9":"3","MQ":"3","FW":"3","7R":"3","GM":"3","9X":"3","PG":"3","GJ":"3","HM":"3","MC":"3","8R":"3","GC":"3","WW":"3","XM":"3","VJ":"3","9R":"3","JX":"3","VH":"3","8M":"3","PQ":"3","CR":"3","VX":"3","JP":"3","6W":"3","7W":"3","FF":"3","HW":"3","9C":"3","MF":"3","HH":"3","JG":"3","PM":"3","6V":"3","FQ":"3","HF":"3","HC":"3","8P":"3","8X":"3","PR":"3","QV":"3","J9":"3","CV":"3","CM":"3","HG":"3","MP":"3","QH":"3","H8":"3","VW":"3","CW":"3","FJ":"3","PF":"3","RJ":"3","RM":"3","H9":"3","PH":"3","9Q":"3","WX":"3","8H":"3","7V":"3","9P":"3","F8":"3","P9":"3","QJ":"3","7P":"3","GQ":"3","HP":"3","RP":"3","9V":"3","RC":"3","JJ":"3","J7":"3","VF":"3","PP":"3","M9":"3","QF":"3","C8":"3","QC":"3","9W":"3","JH":"3","XR":"3","MG":"3","9M":"3","CF":"3","QX":"3","9F":"3","XJ":"3","F9":"3","MV":"3","RR":"3","GW":"3","7Q":"3","HJ":"3","JF":"3","JR":"3","8W":"3","PX":"3","RH":"3","RG":"3","RQ":"3","VM":"3","FH":"3","MW":"3","M8":"3","GG":"3","XP":"3","FG":"3","9J":"3","WJ":"3","WM":"3","MM":"3","RF":"3","MX":"3","VQ":"3","MR":"3","XX":"3","FP":"3","GR":"3","VV":"3","WP":"3","PW":"3","9H":"3","7X":"3","VG":"3","WQ":"3","FM":"3","JQ":"3","GP":"3","WV":"3","GH":"3","CQ":"3","QQ":"3","WG":"3","MH":"3","VP":"3","CX":"3","RV":"3","HR":"3","GX":"3","8J":"3","HQ":"3","XQ":"3","8Q":"3","CJ":"3","9G":"3","GV":"3","PV":"3","QP":"3","FR":"3","CH":"3","PJ":"3"},"4H":{"H3":"3","QR":"3","8V":"3","46":"3","P6":"3","63":"3","P7":"3","G8":"3","HV":"3","FV":"3","6X":"3","Q7":"3","XH":"3","JM":"3","JV":"3","RW":"3","JW":"3","59":"3","V6":"3","47":"3","MJ":"3","F6":"3","C5":"3","CC":"3","76":"3","XV":"3","QW":"3","CG":"3","FC":"3","GF":"3","C2":"3","CP":"3","72":"3","5C":"3","99":"3","3Q":"3","3M":"3","7F":"3","J4":"3","52":"3","M7":"3","R4":"3","C9":"3","P3":"3","53":"3","J8":"3","F2":"3","QM":"3","WR":"3","XW":"3","R5":"3","P8":"3","6C":"3","JC":"3","FX":"3","PC":"3","RX":"3","4Q":"3","VR":"3","QG":"3","HX":"3","G9":"3","6Q":"3","H6":"3","H7":"3","MQ":"3","FW":"3","4X":"3","7M":"3","77":"3","7R":"3","GM":"3","9X":"3","PG":"3","F5":"3","GJ":"3","R2":"3","HM":"3","8R":"3","8C":"3","92":"3","X2":"3","84":"3","GC":"3","75":"3","WW":"3","XM":"3","74":"3","4V":"3","9R":"3","C3":"3","2P":"3","JX":"3","4M":"3","Q5":"3","C7":"3","8M":"3","PQ":"3","CR":"3","2F":"3","7H":"3","3H":"3","G2":"3","VX":"3","JP":"3","64":"3","85":"3","M4":"3","6W":"3","7W":"3","FF":"3","57":"3","8F":"3","HW":"3","2G":"3","F3":"3","95":"3","P4":"3","9C":"3","3P":"3","MF":"3","79":"3","3V":"3","HH":"3","JG":"3","5P":"3","P2":"3","PM":"3","FQ":"3","6V":"3","4R":"3","HF":"3","HC":"3","8P":"3","8X":"3","PR":"3","66":"3","QV":"3","J9":"3","CV":"3","X5":"3","CM":"3","HG":"3","MP":"3","QH":"3","H8":"3","VW":"3","V5":"3","CW":"3","M2":"3","FJ":"3","PF":"3","56":"3","M3":"3","W5":"3","RJ":"3","Q8":"3","96":"3","3R":"3","RM":"3","H9":"3","V2":"3","PH":"3","V3":"3","9Q":"3","67":"3","3C":"3","WX":"3","C6":"3","7G":"3","48":"3","78":"3","5G":"3","8H":"3","5X":"3","7V":"3","86":"3","Q6":"3","9P":"3","J6":"3","F8":"3","2Q":"3","5H":"3","QJ":"3","7P":"3","5R":"3","4W":"3","H4":"3","58":"3","GQ":"3","5Q":"3","94":"3","HP":"3","RP":"3","9V":"3","2V":"3","JJ":"3","82":"3","J7":"3","45":"3","PP":"3","4J":"3","65":"3","M9":"3","G4":"3","C8":"3","3W":"3","QC":"3","9W":"3","5V":"3","JH":"3","P5":"3","5J":"3","XR":"3","69":"3","M6":"3","MG":"3","M5":"3","38":"3","H5":"3","F4":"3","39":"3","97":"3","9M":"3","49":"3","88":"3","CF":"3","QX":"3","9F":"3","XJ":"3","F9":"3","54":"3","MV":"3","RR":"3","C4":"3","GW":"3","7Q":"3","HJ":"3","JF":"3","2M":"3","89":"3","J5":"3","JR":"3","G6":"3","8W":"3","Q4":"3","PX":"3","RH":"3","RQ":"3","6P":"3","6M":"3","4C":"3","6F":"3","2R":"3","VM":"3","FH":"3","G7":"3","J2":"3","MW":"3","87":"3","7J":"3","6H":"3","M8":"3","GG":"3","5F":"3","XP":"3","FG":"3","3J":"3","62":"3","W4":"3","6R":"3","G5":"3","9J":"3","6G":"3","5W":"3","2H":"3","H2":"3","W6":"3","V4":"3","MM":"3","WM":"3","4G":"3","98":"3","2C":"3","4F":"3","MX":"3","4P":"3","VQ":"3","MR":"3","2J":"3","XX":"3","FP":"3","GR":"3","VV":"3","83":"3","J3":"3","2X":"3","3G":"3","93":"3","WP":"3","68":"3","PW":"3","6J":"3","9H":"3","7X":"3","WQ":"3","R3":"3","FM":"3","G3":"3","JQ":"3","GP":"3","WV":"3","GH":"3","CQ":"3","5M":"3","Q2":"3","3F":"3","QQ":"3","MH":"3","VP":"3","CX":"3","7C":"3","RV":"3","HR":"3","4H":"3","GX":"3","X4":"3","8J":"3","XQ":"3","HQ":"3","W2":"3","F7":"3","55":"3","8Q":"3","8G":"3","CJ":"3","9G":"3","GV":"3","73":"3","PV":"3","QP":"3","FR":"3","X3":"3","3X":"3","Q3":"3","W3":"3","2W":"3","CH":"3","PJ":"3"},"6J":{"47":"3","25":"3","3G":"3","3J":"3","22":"3","2J":"3","2G":"3","4G":"3","37":"3","27":"3","36":"3","4H":"3","4M":"3","34":"3","3M":"3","4F":"3","23":"3","2M":"3","48":"3","49":"3","46":"3","3H":"3","39":"3","3C":"3","4J":"3","2C":"3","28":"3","38":"3","35":"3","24":"3","29":"3","26":"3","2F":"3","4C":"3","2H":"3","3F":"3"},"5H":{"G5":"3","CX":"3","C2":"3","64":"3","4X":"3","HW":"3","QW":"3","2P":"3","63":"3","54":"3","PX":"3","C5":"3","83":"3","JX":"3","MW":"3","22":"3","52":"3","93":"3","CW":"3","82":"3","92":"3","QX":"3","F5":"3","3Q":"3","RW":"3","5M":"3","34":"3","75":"3","39":"3","85":"3","3V":"3","38":"3","62":"3","2Q":"3","2H":"3","6X":"3","2M":"3","VX":"3","2X":"3","F4":"3","5Q":"3","55":"3","2R":"3","8X":"3","25":"3","33":"3","4W":"3","2V":"3","FW":"3","WW":"3","7Q":"3","53":"3","6Q":"3","2G":"3","94":"3","2F":"3","43":"3","32":"3","C3":"3","XW":"3","42":"3","23":"3","F3":"3","3R":"3","35":"3","45":"3","3X":"3","2W":"3","72":"3","4P":"3","73":"3","MX":"3","4R":"3","24":"3","65":"3","4V":"3","XX":"3","WX":"3","95":"3","G4":"3","GX":"3","4M":"3","C4":"3","FX":"3","5X":"3","RX":"3","5R":"3","3P":"3","7X":"3","3C":"3","74":"3","4Q":"3","JW":"3","5W":"3","VW":"3","44":"3","PW":"3","3W":"3","HX":"3","GW":"3","84":"3"},"5G":{"3R":"3","4V":"3","2J":"3","3Q":"3","4W":"3","6R":"3","3M":"3","3X":"3","2R":"3","4R":"3","7X":"3","3P":"3","8X":"3","2M":"3","6W":"3","5W":"3","2Q":"3","2X":"3","5V":"3","7V":"3","3W":"3","6X":"3","3V":"3","5X":"3","9X":"3","2V":"3","4X":"3","7W":"3","5R":"3","8W":"3","6V":"3","4Q":"3","2W":"3","5Q":"3","2P":"3","4P":"3"},"3H":{"WH":"3","WR":"3","QP":"3","QW":"3","PR":"3","PX":"3","RQ":"3","WF":"3","QQ":"3","WV":"3","QX":"3","RP":"3","RW":"3","VQ":"3","VM":"3","RG":"3","VP":"3","VV":"3","XR":"3","QV":"3","PV":"3","VX":"3","WW":"3","RV":"3","XG":"3","WQ":"3","RM":"3","XM":"3","QM":"3","XQ":"3","XW":"3","WM":"3","QJ":"3","PQ":"3","XJ":"3","XX":"3","WX":"3","VR":"3","WJ":"3","QH":"3","XH":"3","RX":"3","QR":"3","WG":"3","VH":"3","RH":"3","VJ":"3","XV":"3","VW":"3","XP":"3","PW":"3","WP":"3","XF":"3","RR":"3","RJ":"3","VG":"3"},"3J":{"WQ":"3","VG":"3","V7":"3","R9":"3","R2":"3","QF":"3","WG":"3","V3":"3","XC":"3","V6":"3","RJ":"3","M5":"3","WJ":"3","WC":"3","P7":"3","Q4":"3","VJ":"3","M8":"3","QG":"3","VM":"3","P2":"3","P8":"3","M4":"3","R4":"3","X5":"3","R6":"3","X9":"3","Q8":"3","XF":"3","WF":"3","X8":"3","XM":"3","WP":"3","W6":"3","Q3":"3","V8":"3","XQ":"3","W8":"3","XJ":"3","P9":"3","W4":"3","XH":"3","Q9":"3","VF":"3","RH":"3","R8":"3","Q6":"3","W7":"3","P6":"3","R5":"3","WH":"3","XR":"3","QC":"3","P4":"3","W5":"3","V5":"3","RF":"3","VC":"3","W9":"3","W3":"3","Q2":"3","XP":"3","WR":"3","Q7":"3","X6":"3","P3":"3","XV":"3","W2":"3","Q5":"3","V9":"3","VP":"3","RG":"3","VH":"3","M3":"3","M7":"3","R3":"3","V4":"3","PC":"3","RC":"3","XG":"3","X2":"3","V2":"3","R7":"3","P5":"3","X7":"3","WM":"3","M6":"3","X3":"3","X4":"3"}}},"index":{"university,1|retail,2|tourism,3|wreck,4|historical,5|artsCulture,6|namedBuilding,7|water,8|wetland,9|park,10|beach,11|natureReserve,12|cemetery,13|trail,14":{}}}