{"index":{"university,1|retail,2|tourism,3|wreck,4|historical,5|artsCulture,6|namedBuilding,7|water,8|wetland,9|park,10|beach,11|natureReserve,12|cemetery,13|trail,14":{}},"6C":{"WH":{"Q9":{"8R":"3"}},"WR":{"48":{"99":"3"},"X7":{"WH":"3"},"CG":{"XH":"3"}},"QP":{"4C":{"48":"3","25":"3","26":"3","47":"3"},"XW":{"CP":"3"},"RM":{"C2":"3","H3":"3","V5":"3","Q5":"3"},"V8":{"79":"3","6F":"3","F6":"3"},"MG":{"8F":"3"},"GQ":{"F4":"3"},"3C":{"XF":"3"},"VJ":{"2H":"3","5Q":"3"},"G9":{"G5":"3"},"RJ":{"JW":"3","JC":"3","PR":"3","XG":"3","JF":"3","RM":"3"}},"QW":{"7M":{"74":"3"},"W4":{"R5":"3"},"X6":{"83":"3"},"JF":{"54":"3","24":"3","74":"3"},"3J":{"GG":"3","HH":"3","PX":"3","GF":"3","MX":"3","F5":"3"},"62":{"6V":"3"},"63":{"27":"3","4M":"3"},"4M":{"CX":"3","7X":"3","84":"3"},"X3":{"FV":"3"},"X4":{"C7":"3"},"3M":{"V7":"3","M3":"3","J2":"3","X3":"3","WG":"3","M2":"3","WF":"3","J3":"3"},"7X":{"8J":"3"},"5P":{"22":"3","83":"3"},"FF":{"CC":"3","FC":"3"},"9J":{"38":"3","28":"3","47":"3"},"5W":{"XJ":"3"},"8J":{"RF":"3","X8":"3","W8":"3"},"3H":{"XP":"3","9H":"3","76":"3","65":"3","75":"3"},"39":{"M6":"3","86":"3"},"5M":{"HR":"3"},"5V":{"C9":"3","JP":"3"},"72":{"G3":"3","W8":"3","X6":"3","V2":"3","W5":"3","P2":"3","W2":"3","44":"3","X8":"3","W3":"3","P3":"3","X2":"3","X7":"3"},"82":{"43":"3","54":"3","44":"3","GC":"3","27":"3","26":"3","23":"3","68":"3","32":"3"},"6X":{"2C":"3"},"5R":{"92":"3"},"29":{"58":"3","6C":"3","68":"3","28":"3"},"PP":{"28":"3"},"G5":{"42":"3","32":"3"},"4Q":{"67":"3","45":"3","52":"3","54":"3","RM":"3","77":"3","44":"3","74":"3","35":"3","42":"3","34":"3","43":"3"},"5Q":{"6X":"3"},"4P":{"3H":"3","CF":"3","FM":"3","54":"3","FJ":"3","52":"3","W9":"3","QC":"3","FF":"3","75":"3","JP":"3","J9":"3","JJ":"3","6M":"3","5C":"3","5F":"3","59":"3","CJ":"3","96":"3","2F":"3","M9":"3","GH":"3","72":"3","G3":"3","65":"3","GX":"3","47":"3","C6":"3","FX":"3","5X":"3","M6":"3","JG":"3","89":"3","88":"3","74":"3","M8":"3","7R":"3","4F":"3","M7":"3","C7":"3","XC":"3","F2":"3","8J":"3","4H":"3","86":"3","CG":"3"},"3F":{"MV":"3"}},"RQ":{"67":{"76":"3"},"JR":{"R5":"3","VJ":"3"},"MQ":{"2W":"3","2V":"3"},"J7":{"XR":"3","WW":"3","VW":"3"},"39":{"Q5":"3"},"44":{"R7":"3"},"MV":{"X9":"3","RG":"3"},"M7":{"4P":"3","7P":"3","2R":"3"},"43":{"8X":"3"}},"WF":{"7W":{"P4":"3"},"J2":{"9W":"3","Q8":"3","93":"3","VG":"3"},"M3":{"65":"3"},"C5":{"C8":"3"},"54":{"6X":"3"},"VR":{"RH":"3"},"HV":{"79":"3","J6":"3","77":"3"},"7C":{"78":"3","CC":"3","89":"3"},"J3":{"VR":"3","RR":"3"}},"QQ":{"8R":{"Q6":"3","QG":"3"},"V5":{"VC":"3","WC":"3","W9":"3"},"GP":{"98":"3"},"8Q":{"F9":"3"},"W4":{"4G":"3"},"GQ":{"Q8":"3","Q9":"3","JG":"3","JC":"3","MF":"3","J6":"3","P8":"3","Q7":"3","PC":"3","Q5":"3","M9":"3","H6":"3","P9":"3","RC":"3"},"GR":{"P2":"3"},"6J":{"43":"3"},"JV":{"9H":"3"},"9V":{"2X":"3","5X":"3","2W":"3"},"62":{"W5":"3","V5":"3"},"8G":{"9M":"3"},"MP":{"9P":"3"},"CJ":{"9W":"3"},"7Q":{"R3":"3"},"X3":{"PP":"3"},"6P":{"77":"3"},"FP":{"7J":"3","VM":"3"},"6G":{"HM":"3"},"CW":{"WR":"3","RP":"3","FX":"3","WV":"3","WW":"3","PW":"3","J7":"3","XJ":"3","VW":"3","VH":"3","QJ":"3","XX":"3","RC":"3"},"CX":{"7M":"3","QF":"3","H3":"3","JQ":"3","HG":"3","VF":"3","XP":"3","CJ":"3","G9":"3","FP":"3","RP":"3","XQ":"3","P9":"3","JG":"3","J9":"3","MC":"3","WJ":"3","H5":"3","J6":"3","GH":"3","7P":"3","7R":"3","FQ":"3"},"6H":{"WJ":"3","3R":"3","3V":"3","CG":"3","4V":"3","2F":"3","4W":"3","2C":"3"},"FR":{"HV":"3"},"FX":{"33":"3","4H":"3"},"9W":{"53":"3","F3":"3","9C":"3","68":"3","PX":"3","H3":"3","P4":"3","HG":"3","J3":"3","69":"3","QX":"3","73":"3","3P":"3","2M":"3","59":"3","3C":"3","J5":"3","G2":"3","8C":"3","MX":"3","HF":"3","G3":"3","32":"3","5G":"3","89":"3","3F":"3"},"7X":{"WX":"3","VV":"3","52":"3"},"6M":{"5C":"3","6C":"3"},"65":{"HF":"3"},"8X":{"FJ":"3","HW":"3","QJ":"3","3R":"6|3","V2":"3","JF":"3","8M":"3","GV":"3","MG":"3","3Q":"3","7Q":"6","XJ":"3","6P":"6","FM":"3","FP":"3","WW":"3","FX":"3","FV":"3","9J":"3","GW":"3","GX":"3","JX":"3","8J":"3","XH":"3","5M":"3","5V":"3","HX":"3","GJ":"3","GG":"3","FW":"3","X7":"3","W3":"3","6Q":"6","HV":"3","CP":"3","GH":"3","7P":"6","2P":"3"},"HQ":{"59":"3"},"GW":{"4G":"3"},"Q6":{"J3":"3"},"R5":{"3H":"3"},"GX":{"2G":"3","33":"3","24":"3"},"8J":{"CV":"3","M6":"3","8G":"3","9C":"3","9R":"3"},"WQ":{"JP":"3","8Q":"3","GR":"3","JM":"3"},"JR":{"JP":"3","GX":"3"},"72":{"52":"3","22":"3"},"Q5":{"8R":"3"},"MC":{"4C":"3","4W":"3"},"FW":{"WR":"3","2H":"3","6H":"3"},"MQ":{"J2":"3"},"42":{"Q7":"3"},"PC":{"38":"3"},"9X":{"WV":"3","FW":"3","JV":"3","8X":"3","7X":"3","JW":"3","Q2":"3","63":"3","P2":"3","VV":"3","6W":"3","HV":"3","9R":"3","HW":"3","M2":"3","4X":"3","4W":"3","WH":"3","4J":"3","XV":"3","3C":"3"},"W3":{"6P":"3","HJ":"3","VJ":"3"},"6Q":{"C8":"3"},"WR":{"X4":"3","V2":"3","WC":"3"},"7W":{"7C":"3","F7":"3","6C":"3"},"8W":{"QP":"3","WC":"3","QG":"3","QJ":"3","HP":"3","97":"3","P8":"3","P4":"3","JQ":"3","GV":"3","MG":"3","RJ":"3","J3":"3","JP":"3","XC":"3","R2":"3","VJ":"3","RH":"3","WX":"3","WH":"3","9Q":"3","FR":"3","XM":"3","RP":"3","5H":"3","JJ":"3","MJ":"3","V9":"3","WP":"3","Q4":"3","HQ":"3","VH":"3","V4":"3","93":"3","WV":"3","W8":"3","MH":"3","XH":"3","WG":"3","QM":"3","M3":"3","XF":"3","R3":"3","HR":"3","WJ":"3","76":"3","FW":"3","Q3":"3","RW":"3","RR":"3","W6":"3","P3":"3","MV":"3","MM":"3","VR":"3","J2":"3","RM":"3","Q8":"3","Q2":"3","PM":"3","M7":"3","C6":"3","FQ":"3"},"JW":{"RP":"3","RM":"3"},"GM":{"X5":"3"},"8V":{"VQ":"3","MQ":"3","8W":"3","VV":"3","QM":"3","6R":"3","RR":"3","PX":"3","XW":"3","5V":"3","WW":"3","PW":"3","9V":"3","MX":"3","JP":"3","QW":"3","QX":"3"},"FQ":{"8F":"3","F5":"3","C8":"3","F9":"3","85":"3","F8":"3","98":"3","F6":"3","GF":"3"}},"W9":{"WX":{"49":"3","58":"3","FG":"3"},"6P":{"HV":"3"},"PF":{"5G":"3"},"RW":{"WV":"3"},"Q6":{"8C":"3","G4":"3","CF":"3","FF":"3","9G":"3"},"VX":{"J8":"3","V4":"3"},"93":{"M4":"3"},"FM":{"JQ":"3"},"6R":{"P5":"3"},"7M":{"6G":"3","6F":"3"},"5H":{"9H":"3"},"VW":{"7W":"3","8X":"3","7X":"3","CV":"3","HX":"3","WQ":"3","VP":"3","JX":"3","MW":"3","QR":"6","MX":"3"},"4W":{"7H":"3","9H":"3","7J":"3"}},"WV":{"36":{"34":"3"},"25":{"WX":"3","JW":"3","CP":"3","9P":"3","CQ":"3","HV":"3"},"26":{"G4":"3","R2":"3","X4":"3","R3":"3","P4":"3","W3":"3"},"72":{"RP":"3"},"7P":{"2M":"3","2J":"3"},"57":{"FQ":"3"}},"QX":{"HP":{"7M":"3","QP":"3","XV":"3","4M":"3","75":"3","CX":"3","QQ":"3","5P":"3","65":"3","C7":"3","PH":"3","R6":"3","H9":"3","MH":"3","64":"3","76":"3","CH":"3","FW":"3","RW":"3","7R":"3","4P":"3"},"FJ":{"RF":"3","XR":"3","XQ":"3","H2":"3","J5":"3","WM":"3"},"V7":{"WC":"3","X8":"3"},"CG":{"GJ":"3","8J":"3","8M":"3"},"R9":{"V3":"3","4V":"3","8J":"3","J8":"3","H7":"3"},"88":{"99":"3"},"GF":{"8P":"3","7Q":"3"},"VV":{"JP":"3","CV":"3","CR":"3","GX":"3","FV":"3"},"JX":{"WV":"3","XF":"3","WP":"3","XM":"3","PX":"3","7C":"3","GJ":"3","HP":"3","VW":"3"},"RJ":{"HQ":"3","GQ":"3"},"GP":{"VP":"3","PX":"3","QJ":"3"},"GM":{"RF":"3","XG":"3","X2":"3","6C":"3"},"JR":{"8C":"3","P9":"3","29":"3","7C":"3","V7":"3","QW":"3","X6":"3","CF":"3","63":"3","PX":"3","RQ":"3","C5":"3","83":"3","MW":"3","QQ":"3","FJ":"3","93":"3","WV":"3","CW":"3","8V":"3","V5":"3","QX":"3","RW":"3","P8":"3","R8":"3","JJ":"3","85":"3","W7":"3","5C":"3","X4":"3","X7":"3","RG":"3","67":"3","VV":"3","59":"3","28":"3","25":"3","PJ":"3","Q8":"3","WQ":"3","94":"3","2F":"3","XQ":"3","9C":"3","JR":"3","49":"3","X5":"3","JM":"3","3X":"3","9F":"3","PH":"3","98":"3","HG":"3","95":"3","G9":"3","36":"3","WJ":"3","R7":"3","58":"3","W6":"3","68":"3","37":"3","RX":"3","JG":"3","Q7":"3","89":"3","4C":"3","2C":"3","C9":"3","V6":"3","3F":"3","3C":"3","74":"3","46":"3","XV":"3","4F":"3","MF":"3","CC":"3","HC":"3","27":"3","GV":"3","QF":"3","84":"3","P7":"3","4H":"3","W5":"3"},"C9":{"33":"3"},"JW":{"53":"3","47":"3","HJ":"3","V2":"3","PX":"3","P4":"3","QC":"3","JM":"3","XP":"3","44":"3","8H":"3","Q4":"3","23":"3","VG":"3","54":"3","66":"3","XG":"3","WG":"3","QM":"3","72":"3","8F":"3","6F":"3","CQ":"3","28":"3","G7":"3","PP":"3","83":"3","FG":"3","4P":"3","84":"3"},"PP":{"25":"3","MM":"3"},"PV":{"7C":"3","92":"3"},"HV":{"R9":"3","92":"3","XM":"3","83":"3","PX":"3","MW":"3","93":"3","PW":"3","66":"3"},"MR":{"J4":"3","9C":"3","97":"3","25":"3","58":"3","P4":"3","JF":"3","88":"3","7C":"3","27":"3","XC":"3","P6":"3","99":"3","6P":"3","F5":"3","6R":"3","RP":"3","5H":"3","3P":"3","WP":"3","23":"3","C7":"3","79":"3","48":"3","C9":"3","49":"3","59":"3","5W":"3","5M":"3","2X":"3","5X":"3","9X":"3","24":"3","26":"3","C3":"3","PP":"3","F4":"3","2W":"3","M7":"3","89":"3"},"MV":{"F2":"3","8J":"3","M9":"3","Q3":"3","X7":"3","W7":"3","29":"3","28":"3"},"GG":{"C8":"3","G9":"3"},"MG":{"8F":"3"},"QR":{"W7":"3","38":"3","57":"3"},"JV":{"X9":"3","CM":"3","3R":"3","4M":"3","8X":"3","9M":"3","8J":"3","W8":"3","XH":"3","R3":"3","CH":"3","PV":"3","CQ":"3","5X":"3","G3":"3","M6":"3","8V":"3","5Q":"3","2H":"3"},"QW":{"37":"3"},"QQ":{"6G":"3"},"PQ":{"36":"3","JW":"3","WJ":"3"},"V8":{"5P":"3","6Q":"3"},"93":{"W8":"3"},"GJ":{"F2":"3","J2":"3","XG":"3","W7":"3","XC":"3","V8":"3"},"87":{"3J":"3"},"HR":{"H2":"3","8C":"3","4G":"3","PP":"3","MH":"3","7C":"3","64":"3","PC":"3","79":"3","X6":"3","CF":"3","FM":"3","57":"3","C5":"3","MP":"3","34":"3","G7":"6","7F":"3","J9":"3","9J":"3","39":"3","X4":"3","67":"3","P3":"3","33":"3","26":"3","G6":"3","X3":"3","5G":"3","5H":"3","QM":"3","HQ":"3","43":"3","32":"3","CM":"3","C3":"3","66":"3","42":"3","77":"3","JQ":"3","49":"3","23":"3","F3":"3","3M":"3","J8":"3","97":"3","GM":"3","9H":"3","W4":"3","65":"3","V9":"3","5J":"3","4J":"3","69":"3","36":"3","F9":"3","C6":"3","58":"3","FR":"3","68":"3","89":"3","4C":"3","88":"3","P5":"3","2C":"3","MQ":"3","74":"3","4Q":"3","HC":"3","GV":"3","JH":"3","HP":"3","F2":"3","4H":"3","J4":"3","CG":"3"},"JQ":{"H2":"3","4G":"3","29":"3","H8":"3","JC":"3","QP":"3","54":"3","8F":"3","C5":"3","R6":"3","82":"3","6G":"3","J3":"3","5M":"3","G7":"3","39":"3","38":"3","J7":"3","67":"3","2M":"3","P3":"3","J6":"3","F4":"3","WQ":"3","2F":"3","5G":"3","QM":"3","XQ":"3","66":"3","42":"3","3M":"3","35":"3","97":"3","2W":"3","72":"3","73":"3","G4":"3","4J":"3","GX":"3","2J":"3","68":"3","76":"3","3C":"3","Q4":"3","87":"3","GW":"3","XC":"3","F6":"3","86":"3","48":"3","7M":"3"},"PR":{"6V":"3","7X":"3","9G":"3","FR":"3","QF":"3","MF":"3","9H":"3","4R":"3","X8":"3","W3":"3","PM":"3","6G":"3","XX":"3","PH":"3","2M":"3"},"99":{"96":"3","M3":"3","G5":"3","69":"3","49":"3","H8":"3","48":"3","29":"3","M6":"3","JH":"3","6C":"3","H6":"3","5C":"3","2C":"3","59":"3"},"P9":{"MH":"3"},"QM":{"M8":"3","4F":"3"},"GR":{"V3":"3","X4":"3","W5":"3","X2":"3","X3":"3","X5":"3","W4":"3"},"HH":{"CX":"3","63":"3","46":"3"},"R8":{"8Q":"3"},"FC":{"JQ":"3"},"98":{"QR":"3","RR":"3","9W":"3"},"J7":{"R5":"3"},"R5":{"RH":"3"},"PX":{"5F":"3","7F":"3","5C":"3","4G":"3","4P":"3","4H":"3","89":"3","4F":"3","4W":"3"},"HW":{"WJ":"3","Q3":"3","WH":"3","P6":"3","P7":"3"},"9G":{"Q6":"3"},"MQ":{"GV":"3","7X":"3","P2":"3","83":"3","XX":"3","P9":"3","MX":"3","56":"3"},"QV":{"M9":"3","G7":"3","23":"3"},"QC":{"R5":"3"},"MM":{"M5":"3"},"9C":{"95":"3"},"JP":{"3R":"3","3P":"3","JG":"3","3V":"3","WX":"3","7R":"3","HX":"3","4V":"3","2V":"3","XW":"3","2R":"3"},"HM":{"RQ":"3","8R":"3","9V":"3","5X":"3","4R":"3","26":"3","GV":"3","FV":"3"},"MX":{"9C":"3","HP":"3","JM":"3","VF":"3","RJ":"3","VJ":"3","7H":"3","9Q":"3","6H":"3","5H":"3","3P":"3","3H":"3","HC":"3","4J":"3","RG":"3","GM":"3","2P":"3"},"89":{"VF":"3","WC":"3","QC":"3","VG":"3","P9":"3","J9":"3"},"VW":{"P5":"3"},"RV":{"7F":"3","4C":"3","4F":"3"},"V9":{"44":"3"},"MP":{"3X":"3","H9":"3","5X":"3","HC":"3","3P":"3","V6":"3","M7":"3","6Q":"3","3W":"3","P9":"3","2R":"3"},"RR":{"H8":"3","G7":"3","PC":"3","57":"3"},"VR":{"4J":"3","3G":"3","2G":"3"},"PW":{"MQ":"3"},"9F":{"GV":"3"},"GQ":{"RW":"3","Q8":"3","WP":"3","WX":"3","MQ":"3","PR":"3","HC":"3","PQ":"3","RQ":"3","QR":"6","W9":"3","HF":"3","XP":"3","VW":"3"},"GH":{"PJ":"3","M9":"3","J7":"3","QW":"3","QX":"3","J9":"3"},"PM":{"7V":"3"},"R7":{"4G":"3"},"HQ":{"CX":"3","GR":"3","6P":"3","HW":"3","8R":"3","FM":"3","PR":"3","CW":"3","CV":"3","MP":"3","P8":"3","MM":"3","3V":"3","X7":"3","PV":"3","9R":"3","5Q":"3","2R":"3","2V":"3","PJ":"3","XG":"3","94":"3","5G":"3","FV":"3","JM":"3","45":"3","3X":"6","GM":"3","9X":"3","8Q":"3","24":"3","4V":"3","WX":"3","R7":"3","F9":"3","FX":"3","FP":"3","68":"3","5R":"3","Q7":"3","WG":"3","7V":"3","7R":"3","CR":"3","XV":"3","CC":"3","6V":"3","3W":"3","GV":"3","XF":"3","8W":"3","W8":"3"},"JM":{"VR":"3"},"RM":{"85":"3"},"G7":{"WR":"3","XQ":"3","WV":"3","MW":"3"},"MW":{"5M":"3"}},"QG":{"Q5":{"XG":"3"}},"RP":{"VQ":{"M9":"6","MC":"6","JF":"3","J9":"6"},"VM":{"PX":"3"},"RP":{"8R":"3","FH":"3","JQ":"3","9V":"3","PQ":"3","PR":"3","6R":"3","MW":"3","CX":"3","3X":"3","5H":"3","4R":"3","8H":"3","CC":"3","CF":"3","FV":"3","W2":"3","MR":"3","9G":"3","2X":"3","3W":"3","GG":"3","X7":"3","6Q":"3","7P":"3","8W":"3","C3":"3","GC":"3","2W":"3"},"7W":{"FG":"3"},"X6":{"XV":"3","HW":"3"},"QP":{"RQ":"3","XV":"3","HF":"3","WV":"3","8J":"3","HC":"3","7C":"3","WH":"3","QC":"3"},"RM":{"HV":"3"},"HX":{"6M":"3","3G":"3","2F":"3","5Q":"3"},"9H":{"GG":"3","HH":"3","RR":"3","MW":"3","PW":"3","MM":"3","PX":"3","HG":"3","FH":"3","JF":"3","HM":"3","MP":"3","JG":"3"},"VP":{"2C":"3","86":"3","28":"3"},"5P":{"P8":"3"},"RJ":{"JG":"3"},"RQ":{"35":"3","24":"3","53":"3","42":"3","X2":"3","34":"3","22":"3","84":"3","68":"3","83":"3","32":"3"},"53":{"34":"3","22":"3","32":"3"},"J3":{"CM":"3","7G":"3"},"QQ":{"M4":"3","8C":"3","M5":"3"},"PJ":{"P8":"3"},"43":{"5J":"3","G5":"3","C5":"3","5G":"3","W2":"3","76":"3","49":"3","X3":"3","95":"3","78":"3","5H":"3","57":"3","5C":"3","H4":"3","H5":"3","66":"3","59":"3"},"X7":{"H4":"3","H2":"3","P8":"3","FF":"3","M8":"3"}},"RW":{"68":{"H9":"3"},"58":{"J8":"3","MX":"3","W4":"3","V4":"3"},"P8":{"WX":"3","CV":"3","PV":"3","PR":"3","2F":"3","GV":"3","HV":"3"},"QC":{"PH":"3"},"MF":{"H2":"3","W5":"3","R3":"3","F3":"3"},"3J":{"36":"3"},"JC":{"RF":"3","RR":"3"},"M9":{"FJ":"3","QP":"6","WC":"3","FH":"3","JF":"3","MF":"3","MG":"3","4H":"3","RH":"3","F5":"3","94":"3","VG":"3","C7":"3","7J":"3","VH":"3","9M":"3","JG":"3","XG":"3","WG":"3","XF":"3","RG":"3","HH":"3","92":"3","QH":"3","RF":"3","QW":"3","QR":"3","9R":"3","J8":"3","PP":"3","PM":"3","M7":"3","C4":"3","X8":"3"},"RJ":{"X5":"3","W4":"3"},"VJ":{"35":"3","24":"3","23":"3"},"RH":{"WR":"3","VR":"3"},"XJ":{"G2":"3"},"M8":{"PX":"3","CX":"3","46":"3","X8":"3"},"PG":{"GR":"3","HR":"3"},"P9":{"75":"3","6V":"3","F7":"3","89":"3","W5":"3","7M":"3","3F":"3","3M":"3","7V":"3","99":"3","29":"3","2F":"3","33":"3","8C":"3","2G":"3","H6":"3","2C":"3","C7":"3"},"J9":{"Q3":"3","QM":"3"},"JR":{"C3":"3"},"W8":{"H7":"3","CQ":"3","RG":"3"},"XH":{"9R":"3"},"8F":{"59":"3"},"MC":{"H2":"3","CQ":"3","CF":"3","Q5":"3","CP":"3","FM":"3","GQ":"3","HR":"3","CV":"3","7F":"3","GG":"3","J7":"3","9R":"3","G6":"3","FQ":"3","MJ":"3","9P":"3","M9":"3","GH":"3","9F":"3","PH":"3","HG":"3","69":"3","FP":"3","FR":"3","JG":"3","HH":"3","9G":"3","MC":"3","Q4":"3","CH":"3","JF":"3","CC":"3","JH":"3","GW":"3","HP":"3","FH":"3","GP":"3","P7":"3","RJ":"3","CG":"3"},"R4":{"FJ":"3"},"PC":{"62":"3"},"9X":{"3X":"3"},"P7":{"25":"3","X5":"3","2M":"3","4M":"3"},"HV":{"RM":"3"},"GH":{"RQ":"3","33":"3","95":"3"},"MM":{"P4":"3"},"J8":{"5W":"3"},"Q8":{"84":"3"},"F4":{"88":"3"},"M7":{"RW":"3"},"Q9":{"63":"3","82":"3","P4":"3"},"PF":{"7P":"3"}},"VQ":{"3F":{"8X":"3"},"V7":{"GG":"3"},"V3":{"23":"3"},"M3":{"H9":"3"},"J5":{"XC":"3"},"98":{"2C":"3"},"CX":{"RP":"3"},"FM":{"37":"3","58":"3","45":"3"},"7X":{"QR":"3"},"M2":{"R2":"3"},"R5":{"5H":"3"},"Q5":{"XF":"3"},"P2":{"4G":"3","76":"3","82":"3"}},"VM":{"8F":{"W7":"3"},"CX":{"G5":"3"},"99":{"GH":"3"},"9G":{"89":"3"},"F6":{"P7":"3"}},"RG":{"XG":{"VQ":"6|3","WJ":"3","RV":"3","HQ":"3","QV":"3","RH":"3","RJ":"3","VH":"3","WM":"3","QQ":"3","FH":"3"},"XF":{"24":"3"}},"VP":{"HX":{"V3":"3"},"MC":{"GC":"3","MG":"3"},"FF":{"73":"3"},"JX":{"XF":"3","W9":"3","W8":"3"},"PX":{"62":"3","6W":"3","74":"3","23":"3","22":"3","83":"3","3C":"3","75":"3"},"C9":{"8W":"3"},"MW":{"VQ":"3","PP":"3","CW":"3","GP":"3","PR":"3","VV":"3","PM":"3","6R":"3","HC":"3","RQ":"3","FQ":"3","7P":"3","QQ":"3","QR":"3","9M":"3","FX":"3","VX":"3"},"2G":{"PC":"3"},"4P":{"G4":"3"},"5Q":{"4P":"3","38":"3"},"PW":{"3Q":"3"},"4Q":{"WC":"3","WH":"3"},"MX":{"7M":"3","HW":"3","7G":"3","V8":"3","J4":"3","CG":"3","JF":"3","8P":"3","JC":"3","2G":"3","7C":"3","M9":"3","HG":"3","MG":"3","G4":"3","CJ":"3","5J":"3","4M":"3","G6":"3","Q7":"3","PR":"3","7H":"3","6H":"3","5H":"3","4F":"3","V7":"3","FF":"3","7J":"3","R6":"3","J7":"3","H6":"3","JG":"3","9F":"3","JR":"3","4J":"3","M3":"3","J5":"3","8F":"3","92":"3","JH":"3","X7":"6","RC":"3","PC":"3","HF":"3","H5":"3","J6":"3","G3":"3","J2":"3","FC":"3","2F":"3","F4":"3","M6":"3","84":"3"},"9C":{"H3":"3"}},"VV":{"CG":{"3X":"3"},"8P":{"RR":"3","86":"3"},"8M":{"H4":"3","J3":"3","7Q":"3","W7":"3","X3":"3","Q7":"3","MW":"3","R6":"3","VH":"3","J7":"3","Q6":"3","WV":"3","HC":"3","W9":"3","M4":"3","5X":"3","HF":"3","GF":"3","GH":"3","Q2":"3","GC":"3","R7":"3"},"7Q":{"26":"3"},"X3":{"9C":"3"},"2R":{"8X":"3"},"CC":{"V7":"3","MH":"3"},"9J":{"8X":"3","6W":"3","HV":"3"},"9M":{"8C":"3","8F":"3","39":"3","C2":"3","24":"3","4C":"3","34":"3","23":"3","82":"3","3C":"3","5G":"3"},"VM":{"9Q":"3"},"W2":{"3M":"3"},"8J":{"WR":"3","WV":"3","WW":"3","VX":"3","RX":"3"},"CR":{"28":"3"},"PV":{"MV":"3","HV":"3"},"7P":{"PX":"3"},"FC":{"42":"3"},"X8":{"22":"3"}},"XR":{"RP":{"9C":"3"},"26":{"43":"3"},"7X":{"FX":"3","5Q":"3"},"QV":{"4M":"3"},"J8":{"5R":"3"}},"QV":{"QH":{"QC":"3"},"8X":{"3X":"3","4X":"3","2X":"3","2W":"3","2V":"3","3W":"3"},"7X":{"WX":"3","CV":"3","JX":"3","XC":"3","MV":"3","JV":"3","9M":"3","XX":"3"},"6X":{"JP":"3","PQ":"3"},"JW":{"M4":"3"},"CV":{"WF":"3"},"8W":{"VM":"3"},"69":{"35":"3"},"3F":{"C9":"3"},"76":{"Q4":"3"},"36":{"7C":"3"},"RH":{"48":"3","58":"3","2F":"3","88":"3","65":"3"},"4V":{"3Q":"3"},"2H":{"M2":"3","P2":"3"},"68":{"9X":"3"},"2W":{"58":"3"},"2G":{"QP":"3","RR":"3","PP":"3"},"3C":{"RJ":"3"},"R5":{"69":"3","JH":"6","GJ":"3","FG":"3","CG":"3","P4":"3","7G":"3"}},"PV":{"RQ":{"HX":"3"},"XR":{"R9":"3"},"X9":{"RX":"3","QX":"3"},"VP":{"VM":"3","RM":"3","VJ":"3","RJ":"3"},"PW":{"XC":"3"},"WM":{"H5":"3","M6":"3","M7":"3","J8":"3","M5":"3","V5":"3","P6":"3","P5":"3","P3":"3","J9":"3"},"QX":{"5F":"3","5H":"3","46":"3"},"QV":{"R8":"3"},"XC":{"Q4":"3","P8":"3","JQ":"3","Q3":"3"},"VQ":{"27":"3"},"XX":{"XG":"3"}},"VX":{"2W":{"VC":"3","X5":"3"},"RX":{"34":"3","22":"3"},"X2":{"5J":"3"},"X5":{"9P":"3"},"P2":{"R6":"3"}},"VC":{"X6":{"5X":"3","4Q":"3","3R":"3","3W":"3"},"WR":{"6P":"3"},"VR":{"F4":"3","7F":"3","62":"6","Q4":"3","92":"3","G4":"3","J5":"3","PQ":"3","J3":"3","M5":"3","6F":"3","P6":"3"},"HJ":{"3V":"3"},"RR":{"VH":"3"},"8M":{"6M":"3"},"X7":{"54":"3","49":"3","4V":"3","98":"3","2V":"3","85":"3","56":"3"},"W7":{"XP":"3","X5":"3","XJ":"3","QF":"3","V5":"3","JG":"3"},"W6":{"VR":"3","MM":"3"},"HM":{"74":"3"},"2J":{"99":"3"}},"X8":{"RV":{"M4":"3"},"QG":{"PF":"3","MF":"3","VH":"3","P2":"3"},"HP":{"J2":"3"},"QF":{"QH":"3","J4":"3"},"MF":{"JQ":"3","7G":"3"},"JC":{"45":"3","52":"3","JG":"3","RM":"3","QF":"3","77":"3","57":"3","HF":"3"},"M9":{"3X":"3","4X":"3","2X":"3","4V":"3"},"VF":{"M5":"3"},"G6":{"3M":"3"},"G8":{"RP":"3","WF":"3","G7":"3","J6":"3","C3":"3","C4":"3","H8":"3","H9":"3","M6":"3","WC":"3","PC":"3","WH":"3","PH":"3","HF":"3","C6":"3","P6":"3"},"CW":{"Q3":"3","H7":"3"},"PJ":{"JH":"3"},"H8":{"9Q":"3","RV":"3","MQ":"3","FV":"3","VV":"3","MP":"3","JQ":"3","2F":"3","GR":"3","8M":"3","8P":"3","2G":"3","9P":"3","QR":"3","4J":"3","JM":"3"},"MJ":{"48":"3","HC":"3","VG":"3","65":"3","75":"3"},"VG":{"C7":"3"},"PH":{"2W":"3","5Q":"3","WH":"3"},"PG":{"62":"3","52":"3","99":"3","67":"3","72":"3","95":"3"},"H9":{"5F":"3","33":"3","78":"3","CC":"3","73":"3","6F":"3"},"P9":{"FP":"3"},"J9":{"WV":"3","67":"3","JR":"3","62":"3","PG":"3","JF":"3","8G":"3","QM":"3","95":"3","MV":"3","94":"3","4X":"3","2W":"3","PJ":"3","42":"3","34":"3","24":"3","84":"3"},"W5":{"X3":"3"},"MC":{"95":"3","F9":"3","4F":"3","GC":"3","74":"3","73":"3","32":"3","42":"3","HP":"3"},"RG":{"24":"3"},"F6":{"QR":"3","76":"3","HX":"3","74":"3","75":"3"},"PC":{"W3":"3"},"MM":{"47":"3"},"J8":{"3V":"3","5W":"3","4W":"3"},"G7":{"6V":"3","3R":"3","FW":"3","8X":"3","CW":"3","FV":"3","4R":"3","7V":"3","5P":"3","4V":"3","4W":"3","4J":"3","5Q":"3","5W":"3","6Q":"3"},"G5":{"4X":"3"},"PF":{"7W":"3","4V":"3"}},"PJ":{"H8":{"MF":"3","VH":"3"},"CJ":{"CR":"3"},"97":{"CF":"3","JR":"3","FJ":"6|3","VX":"3","FM":"3"},"HX":{"MX":"3"},"GX":{"X9":"3"},"GP":{"69":"3"}},"WW":{"54":{"94":"3"},"37":{"39":"3","MW":"3"},"27":{"V9":"3","F9":"3","M8":"3","P9":"3"},"38":{"Q2":"3"},"QG":{"WF":"3"}},"RV":{"WJ":{"JP":"3"},"7J":{"RC":"3"},"6P":{"PR":"3"},"FP":{"67":"3"},"QF":{"XH":"3","FP":"3","VM":"3","RM":"3"},"M4":{"Q5":"3"},"7M":{"FH":"3"},"FM":{"4J":"3","4P":"3","3J":"3"},"6G":{"3R":"3"},"VH":{"92":"3","82":"3"},"CM":{"PR":"3","QV":"3"},"XH":{"RV":"3"},"RF":{"69":"3","9X":"3","4G":"3","4P":"3","6H":"3","67":"3","6J":"3","4F":"3"}},"WQ":{"9H":{"87":"3"}},"RM":{"WX":{"H6":"3"},"R9":{"JC":"3"},"WG":{"3X":"3","4V":"3","5X":"3","5W":"3","2W":"3","4W":"3"},"WH":{"34":"3","22":"3"},"RH":{"W2":"3","W3":"3"},"FC":{"QC":"3","P5":"3","P3":"3"},"QF":{"M2":"3"},"VH":{"W6":"3","W8":"3","45":"3","QC":"3","XR":"3","R4":"3","Q2":"3","J7":"3","W5":"3","P2":"3","W2":"3","XM":"3","M7":"3","G4":"3","R8":"3","M2":"3","Q7":"3","F8":"3","XW":"3","XV":"3","XP":"3","X2":"3","C7":"3"},"VG":{"QP":"3","QG":"3","JV":"3","HG":"3","WX":"3","PR":"3","CW":"3","QQ":"3","PH":"3","MR":"3","WG":"3","HC":"3","VW":"3","HV":"3","JW":"3","RM":"3"}},"XM":{"JW":{"7F":"3"},"GG":{"C9":"3","8H":"3","CC":"3","9C":"3"},"HG":{"99":"3"},"VH":{"RQ":"3","RP":"3"},"J3":{"96":"3"},"QG":{"8Q":"3"},"RG":{"HX":"3"}},"QM":{"66":{"F9":"3"},"Q9":{"RW":"3","JR":"3","9X":"3","HX":"3","QV":"3","HW":"3","V9":"3","MR":"3","MW":"3","QQ":"3","PW":"3","MX":"3","QX":"3"},"MW":{"PJ":"3"},"HC":{"G4":"3"},"CC":{"3X":"3","3V":"3"},"3R":{"HV":"3"},"9C":{"XW":"3"},"6F":{"GX":"3"},"QC":{"P5":"3","R4":"3","Q4":"3","P2":"3","W3":"3","V4":"3","R8":"3","M2":"3","Q7":"3","X4":"3","P3":"3","J3":"3","P4":"3","P7":"3","H6":"3","H5":"3","R5":"3"},"7G":{"8F":"3","65":"3"},"75":{"WG":"3"},"RC":{"25":"3","33":"3","26":"3","32":"3"}},"XQ":{"49":{"XR":"3","XQ":"3","XH":"3"},"59":{"5X":"3","5W":"3"},"4C":{"W4":"3"},"HM":{"QP":"3"},"89":{"7M":"3"},"5G":{"VC":"3","RC":"3"}},"XW":{"35":{"PV":"3","JF":"3","MG":"3"},"C2":{"47":"3"},"76":{"RF":"3"},"74":{"WX":"3","VX":"3","6W":"3","6V":"3"},"CW":{"GV":"3"},"65":{"J5":"3"},"75":{"W2":"3","X2":"3"},"64":{"CM":"3","CP":"3","FX":"3","CR":"3","9R":"3","9Q":"3","8V":"3","FW":"3"}},"WM":{"XP":{"2W":"3","2V":"3"},"PJ":{"MH":"3"},"WP":{"RX":"3"},"3R":{"75":"3"},"2R":{"V6":"3"}},"QJ":{"54":{"X8":"3"},"VG":{"FV":"3"}},"XJ":{"GC":{"3G":"3","4G":"3","4H":"3","3Q":"3"},"VG":{"6G":"3"},"RC":{"9R":"3"}},"PH":{"MQ":{"H8":"3"},"VJ":{"J8":"3"}},"XX":{"F4":{"49":"3","5H":"3"},"96":{"R8":"3"},"G5":{"65":"3"},"C5":{"36":"3","R4":"3","39":"3","G4":"3","G3":"3","45":"3","Q3":"3","8H":"3","G2":"3","22":"3","29":"3","V4":"3","P5":"3"},"WQ":{"6P":"3","JV":"3"},"F5":{"43":"3","G3":"3","H3":"3","46":"3"},"95":{"VC":"3","XG":"3","WC":"3","WF":"3","RJ":"3"},"C4":{"CV":"3","8J":"3","C7":"3","C8":"3"},"V4":{"HH":"3"},"94":{"HQ":"3","C9":"3","QQ":"3","HM":"3"},"J5":{"29":"3"},"FX":{"7Q":"3"}},"WX":{"8W":{"26":"3"},"6V":{"3F":"3","2F":"3"},"68":{"GX":"3"},"5V":{"74":"3","75":"3"}},"X9":{"43":{"4H":"3","89":"3"},"FQ":{"V4":"3"},"4Q":{"5V":"3"},"X4":{"X3":"3"},"X3":{"HR":"3"},"MR":{"CH":"3"},"VH":{"H3":"6"},"W4":{"X9":"3"}},"V9":{"JR":{"2Q":"3","2P":"3","6F":"3","6C":"3"},"GF":{"HW":"3"}},"VR":{"FP":{"GX":"3"},"22":{"XC":"3"},"M2":{"36":"3"},"32":{"3V":"3","5G":"3","5F":"3","4C":"3","3H":"3","4P":"3","5C":"3","4H":"3"}},"47":{"3H":{"CP":"3","FP":"3","7J":"3","GQ":"3","CQ":"3","FV":"3"}},"WJ":{"69":{"7M":"3"},"VP":{"2J":"3"},"97":{"74":"3"},"4H":{"P4":"3"},"WM":{"8V":"3"},"64":{"PM":"3"}},"QH":{"XR":{"C5":"3"},"5C":{"GM":"3"},"4V":{"8X":"3"},"CJ":{"XR":"3"},"CC":{"5V":"3"},"FC":{"Q2":"3"},"95":{"3P":"3"},"4W":{"55":"3"},"G9":{"H8":"3"}},"WC":{"JX":{"52":"3"},"HW":{"26":"3"},"29":{"F2":"3"},"P3":{"G3":"3","68":"3"}},"RX":{"7G":{"8Q":"3","9Q":"3","RG":"3"},"JM":{"JP":"3"},"6J":{"FP":"3","FG":"3","GF":"3"},"9V":{"W5":"3"},"3Q":{"G4":"3","F3":"3"},"5C":{"9G":"3"},"7F":{"5V":"3"},"3P":{"WV":"3","HM":"3","3Q":"3","Q9":"3","MG":"3","MQ":"3","8J":"3","HX":"6","7M":"3","QM":"3","XM":"3","RH":"3","RJ":"3","HW":"3","MR":"3","8M":"3","6M":"3","PC":"3","PW":"3","GF":"3","MX":"3","JP":"3"},"9J":{"CM":"3","HG":"3"},"H7":{"XH":"3"},"J7":{"25":"3","FC":"3"},"H6":{"3V":"3","RX":"3","9F":"3","GP":"3"},"3W":{"33":"3"},"92":{"73":"3","32":"3"},"5F":{"H2":"3","H3":"3"},"5R":{"G3":"3","6C":"3"},"J8":{"M8":"3"},"26":{"Q5":"3"},"F8":{"VC":"3"},"4Q":{"98":"3","C8":"3"},"M7":{"H2":"3","H3":"3"},"5Q":{"HH":"3","JH":"3","VM":"3"},"4P":{"7J":"3","2J":"3"},"5G":{"MG":"3"},"PF":{"WW":"3"}},"QR":{"68":{"GJ":"3"},"QV":{"V5":"3"},"58":{"V8":"3"},"GR":{"8C":"3"},"7C":{"Q4":"3","62":"3","Q7":"3","F7":"3"},"57":{"W6":"3","V6":"3","V5":"3","V7":"3","W5":"3","W2":"3","W3":"3","W4":"3","V9":"3","WC":"3","V8":"3","W9":"3","W7":"3"},"56":{"WX":"3","XR":"3"},"69":{"QJ":"3","RJ":"3"},"4H":{"XR":"3"},"5C":{"CR":"3"},"5J":{"2J":"3"},"73":{"R2":"3","38":"3","46":"3","57":"3","56":"3","47":"3"},"85":{"72":"3","82":"3"},"G8":{"3P":"3"},"FP":{"3R":"3"},"94":{"48":"3","87":"3","78":"3","93":"3","88":"3","94":"3","WF":"3","77":"3"},"9Q":{"VR":"3","VQ":"3"},"67":{"96":"3","75":"3","67":"3","27":"3","63":"3","64":"3","95":"3","C8":"3","99":"3","94":"3","85":"3","78":"3","CH":"3","37":"3","72":"3","C6":"3","84":"3"},"FR":{"C2":"3"},"5H":{"4Q":"3","4R":"3","3V":"3","3R":"3","3Q":"3","5G":"3"},"65":{"FG":"3"},"79":{"6Q":"3"},"9J":{"V2":"3"},"93":{"87":"3","JV":"3","G2":"3","7X":"3","J7":"3","J9":"3","77":"3","C3":"3","39":"3","G6":"3","H8":"3","J5":"3","5M":"3","4X":"3","6C":"3","H2":"3","M9":"3","5C":"3","9C":"3"},"66":{"5X":"3","52":"3","6P":"3","8W":"3","CQ":"3","7Q":"3","6C":"3","7P":"3","GJ":"3","42":"3","9J":"3"},"F2":{"4G":"3"},"64":{"V3":"3"},"5M":{"PH":"3"},"5V":{"2G":"3"},"72":{"RV":"3","W4":"3","MF":"3","HG":"3","VF":"3","XV":"3","CJ":"3","5C":"3","G9":"3","6P":"3","6H":"3","5H":"3","CF":"3","V9":"3","PH":"3","FF":"3","M8":"3","PG":"3","J9":"3","WV":"3","W8":"3","XW":"3","RG":"3","HH":"3","GG":"3","Q3":"3","X7":"3","RC":"3","R4":"3","PC":"3","9R":"3","R9":"3","Q9":"3","89":"3"},"74":{"35":"3","32":"3"},"C2":{"96":"3","F3":"3","27":"3","7G":"3","QF":"3","J9":"3","64":"3","PF":"3","4R":"3","39":"3","99":"3","68":"3","88":"3","5V":"3","7C":"3","57":"3"},"92":{"M3":"3","4G":"3","G5":"3","MH":"3","Q6":"3","7C":"3","64":"3","6C":"3","GQ":"3","7W":"3","J2":"3","78":"3","W9":"3","5M":"3","7F":"3","P8":"3","R8":"3","85":"3","J7":"3","W7":"3","6M":"3","5C":"3","X4":"3","59":"3","9R":"3","J6":"3","F4":"3","CJ":"3","H4":"3","M5":"3","96":"3","FW":"3","PJ":"3","7Q":"3","2G":"3","94":"3","G6":"3","9P":"3","M9":"3","66":"3","9C":"3","H6":"3","X5":"3","QJ":"3","45":"3","73":"3","GJ":"3","PH":"3","G3":"3","65":"3","X9":"3","V9":"3","F7":"3","R7":"3","F9":"3","W6":"3","5X":"3","H3":"6","68":"3","P5":"3","6R":"3","C9":"3","9Q":"3","3C":"3","RC":"3","7R":"3","46":"3","JV":"3","MF":"3","6V":"3","PW":"3","C7":"3","XC":"3","F6":"3","QF":"3","84":"3","86":"3","PF":"3","8W":"3","R5":"3","W8":"3"},"82":{"47":"3","QG":"3","HJ":"3","QF":"3","P4":"3","QC":"3","3J":"3","GR":"3","2G":"3","M9":"3","HG":"3","56":"3","JP":"3","RH":"3","3M":"3","4F":"3","23":"3","XQ":"3","JG":"3","Q6":"3","46":"3","MR":"3","VW":"3","4J":"3","2X":"3","HR":"3","HH":"3","2C":"3","JH":"3","PC":"3","38":"3","4X":"3","MV":"3"},"6C":{"WC":"3"},"6Q":{"5V":"3"},"G3":{"VF":"3"},"5R":{"P9":"3"},"7P":{"M4":"3","P4":"3"},"Q2":{"4Q":"3","3V":"3"},"83":{"G7":"3","HR":"3","G5":"3","H7":"3","P2":"3","J9":"3","68":"3","73":"3","H6":"3","GJ":"3","42":"3","H5":"3"},"FQ":{"8R":"3","GM":"3","FJ":"3","FM":"3","7P":"3","GQ":"3","FV":"3"},"4P":{"Q4":"3","J5":"3","M6":"3","H7":"3"},"5G":{"69":"3","6W":"3","5P":"3","6G":"3","5M":"3","6C":"3","6F":"3"}},"WG":{"GG":{"6Q":"3"},"7R":{"9P":"3"},"2X":{"MJ":"3"},"78":{"47":"3"},"C7":{"C2":"3"},"C6":{"JR":"3","9W":"3","6Q":"3","6V":"3","HV":"3"}},"VH":{"MJ":{"GH":"3"},"62":{"8C":"3","R4":"3","M3":"3","M6":"3","4G":"3","Q9":"3","M9":"3","J7":"3","99":"3","6G":"3","M7":"3","8G":"3","FC":"3","M8":"3","J6":"3","7G":"3","PH":"3"},"JF":{"VV":"3","RV":"3","VX":"3"},"52":{"4J":"3"},"JG":{"HQ":"3","5C":"3","2G":"3"},"3V":{"HQ":"3"},"P5":{"JC":"3","QP":"3","PJ":"3","M9":"3","PQ":"3"},"QF":{"W9":"3"},"VV":{"7X":"3"},"MC":{"H7":"3"},"92":{"4R":"3","3V":"3"},"83":{"W2":"3"},"7V":{"62":"3","84":"3"},"PM":{"43":"3"},"MH":{"W5":"3"},"JH":{"XG":"3","QG":"3"},"Q5":{"2Q":"3","8H":"3","HM":"3","6V":"3","RJ":"3"},"82":{"WX":"3","XV":"3"},"HF":{"4J":"3","G8":"3"},"RF":{"5G":"3"},"HG":{"XG":"3"},"42":{"68":"3"},"GF":{"PX":"3","RX":"3","GQ":"3"},"R5":{"28":"3"},"VW":{"72":"3"},"JM":{"R6":"3"}},"RH":{"HH":{"GQ":"3"},"3V":{"M4":"3","66":"3","96":"3","87":"3","98":"3","GC":"3","27":"3","97":"3","76":"3","88":"3","M7":"3","GF":"3","J8":"3","H7":"3","C7":"3","QF":"3","C8":"3","28":"3","95":"3","56":"3","47":"3","P4":"3","77":"3","65":"3"},"HX":{"CX":"3"},"X5":{"F4":"3"}},"RC":{"PJ":{"JC":"3","X9":"3","W8":"3"},"PX":{"JV":"3"},"QJ":{"29":"3"}},"PM":{"WV":{"VW":"3","82":"3"},"Q8":{"7F":"3","97":"3","9W":"3","49":"3","CX":"3","9H":"3","MV":"3","5P":"3","6G":"3","CM":"3","4X":"3","CH":"3","8M":"3","6M":"3","7C":"3","8C":"3","58":"3","GJ":"3","8H":"3","6Q":"3"},"Q9":{"G3":"3","J2":"3","G2":"3","28":"3","83":"3","M2":"3","29":"3","74":"3","C2":"3","35":"3","H2":"3","73":"3","2C":"3","84":"3"},"J2":{"29":"3"},"QC":{"42":"3"},"M3":{"5J":"3","4J":"3","4H":"3","5H":"3"},"P8":{"VV":"3","VX":"3","PX":"3","CX":"3","QV":"3","VW":"3","XX":"3"},"Q7":{"5Q":"3"},"H2":{"X8":"3"},"XW":{"25":"3","49":"3","26":"3","4C":"3"},"J3":{"VM":"3"},"WW":{"X9":"3","X8":"3"},"P9":{"F4":"3","Q8":"3","XF":"3","QH":"3","W8":"3","F3":"3","JF":"3","JC":"3","X9":"3","V6":"3","V5":"3","R4":"3","MF":"3","F5":"3","XC":"3","R2":"3","H8":"3","H9":"3","P8":"3","R8":"3","Q3":"3","P3":"3","W4":"3","V9":"3","V8":"3","W9":"3","P9":"3","P6":"3"}},"VJ":{"CF":{"43":"3","44":"3","52":"3","4C":"3"},"FF":{"44":"3"},"MH":{"78":"3"},"RX":{"H8":"3"},"F9":{"28":"3"},"9F":{"X2":"3","P2":"3"},"CC":{"67":"3","5X":"3","3R":"3","7M":"3","7H":"3","5M":"3","7P":"3","8P":"3","8M":"3","6M":"3","9P":"3","9M":"3","2R":"3"},"9C":{"RX":"3","RM":"3","QM":"3","QJ":"3","RJ":"3"},"FC":{"2X":"3"}},"XV":{"X6":{"HC":"3"},"C5":{"42":"3"},"V3":{"JR":"3","JM":"3","HR":"3"},"C3":{"FX":"3","9X":"3","9W":"3","8X":"3","CX":"3"},"3G":{"66":"3"},"C4":{"C2":"3","92":"3"},"94":{"WV":"3","W8":"3"},"R8":{"H8":"3"},"82":{"GG":"3"},"72":{"HF":"3","GH":"3","GF":"3"},"73":{"MX":"3"},"XG":{"QH":"3","QG":"3","PH":"3"},"P6":{"J8":"3"}},"VW":{"H3":{"G6":"3","27":"3","M7":"3","38":"3","R5":"3","47":"3"},"J2":{"3V":"3","7M":"3"},"J8":{"X9":"3"},"QP":{"C7":"3"},"V6":{"MF":"3"},"J4":{"RP":"3"},"H7":{"3X":"3","5R":"3","5X":"3"},"M4":{"8V":"3"},"MC":{"V2":"3"},"92":{"VW":"3"},"P8":{"54":"3"},"2J":{"5F":"3","6H":"3","6F":"3"},"H2":{"JW":"3","7F":"3","FQ":"3","GW":"3","66":"3","CJ":"3","HR":"3","HV":"3"},"P7":{"5X":"3","5W":"3"},"9J":{"HP":"3"}},"XP":{"3R":{"9Q":"3"},"HR":{"V5":"3"},"G2":{"Q3":"3"},"7G":{"W5":"3"},"XR":{"GV":"3","5V":"3"},"89":{"GW":"3"},"HQ":{"RV":"3","HX":"3","PM":"3"},"GP":{"3F":"3","2C":"3","4F":"3"},"36":{"8H":"3"},"F9":{"4J":"3","48":"3","58":"3","5G":"3","7G":"3"},"C8":{"FJ":"3","M2":"3"},"H8":{"R6":"3","R5":"3"},"C9":{"JR":"3","W6":"3","X6":"3","VJ":"3","QC":"3","XM":"3","XC":"3","RH":"3","P8":"3","R8":"3","JH":"3","PC":"3","WW":"3","M9":"3","RG":"3","RC":"3","VW":"3"},"F8":{"G8":"3","7V":"3","F9":"3"},"CC":{"X2":"3"},"FC":{"H6":"3","8G":"3"}},"PW":{"W6":{"54":"3","2Q":"3","8J":"3","8X":"3","2W":"3","VX":"3","6H":"3","FM":"3","22":"3","WH":"3","63":"3","QF":"3","2M":"3","V8":"3","QG":"3","RJ":"3"},"X9":{"Q7":"3"},"V6":{"GP":"3","HJ":"3","HP":"3","RX":"3","JM":"3","JV":"3","XV":"3","MP":"3","PQ":"3","QX":"3","WX":"3","PR":"3","WP":"3","MR":"3","WQ":"3","JR":"3","HH":"3","QW":"3","PV":"3","RW":"3","QR":"3","MV":"3","VQ":"3","GM":"3","PP":"3"},"V5":{"V7":"3"},"R4":{"H2":"3"},"R3":{"36":"3","35":"3","58":"3","26":"3","FM":"3","46":"3","57":"3","GP":"3"},"W2":{"5G":"3"},"X8":{"89":"3"},"X7":{"27":"3","78":"3","22":"3","57":"3"},"W7":{"X6":"3","MP":"3"}},"WP":{"4V":{"RW":"3"},"4R":{"GF":"3"},"R9":{"XJ":"3"},"6V":{"7F":"3"},"MP":{"4C":"3"},"68":{"6J":"3"},"4W":{"J5":"3","R2":"3","M5":"3"}},"XC":{"HC":{"JW":"3","9X":"3"},"6R":{"FV":"3"},"6V":{"64":"3"}},"XF":{"5W":{"M5":"3","P2":"3"},"6V":{"7R":"3"},"5V":{"PV":"3","MX":"3"}},"QF":{"WX":{"2P":"3","3Q":"3"},"VX":{"WJ":"3","G6":"3","G4":"3","R8":"3"},"RX":{"JJ":"3"},"VW":{"HX":"3","GX":"3"}},"RR":{"PG":{"Q2":"3","9F":"3","C3":"3"},"JW":{"FP":"3"},"VR":{"3V":"3"},"PF":{"XR":"3","GR":"3","9H":"3","MQ":"3","MV":"3","JG":"3","GP":"3"},"44":{"9V":"3","4V":"3"},"82":{"FX":"3","CR":"3"},"72":{"H7":"3"},"34":{"RP":"3","VM":"3","VQ":"3"},"X2":{"F5":"3"}},"RJ":{"6X":{"XP":"3","VM":"3"},"MM":{"Q2":"3"},"J4":{"X6":"3"},"76":{"H9":"3"},"PM":{"Q4":"3","R3":"3","J7":"3","W5":"3","W3":"3","M2":"3","P3":"3","P4":"3"},"GF":{"WR":"3","VQ":"3"},"GG":{"R4":"3","Q2":"3","W2":"3","V2":"3","V4":"3"}},"W8":{"JR":{"49":"3","67":"3","63":"3"},"7W":{"MJ":"3"},"9Q":{"5X":"3"},"8X":{"Q7":"3","73":"3"},"FP":{"V5":"3","V6":"3","CM":"3","W4":"3","HP":"3","X6":"3","X5":"3","4V":"3","JV":"3","JQ":"3","9P":"3","HG":"3","VF":"3","RJ":"3","MP":"3","PQ":"3","5C":"3","V3":"3","Q7":"3","4W":"3","G8":"3","7H":"3","9Q":"3","9W":"3","H8":"3","V7":"3","R6":"3","H7":"3","J7":"3","5W":"3","R5":"3","GX":"3","5M":"3","W5":"3","QM":"3","HR":"3","CQ":"3","W3":"3","W6":"3","HV":"3","GH":"3","F8":"3","PM":"3","8V":"3","M7":"3","2P":"3"},"7R":{"Q8":"3"},"FR":{"8C":"3","97":"3","F7":"3","C6":"3","95":"3","83":"6"},"8W":{"9Q":"3"},"JQ":{"6V":"3","7W":"3","9Q":"3","3V":"3","6W":"3","4R":"3","7V":"3","8Q":"3","5V":"3","5R":"3","8R":"3"},"4R":{"Q6":"3","Q3":"3","R5":"3"},"9R":{"QX":"3"},"6R":{"4V":"3","8W":"3"},"CQ":{"JW":"3"},"CP":{"G8":"3","HC":"3","6H":"3"},"8Q":{"W9":"3","RJ":"3"},"FQ":{"Q8":"3","Q9":"3","JG":"3","HJ":"3","Q4":"3","HH":"3","92":"3","C4":"3","M7":"3","94":"3","HC":"3","Q3":"3","GH":"3","PC":"3","2G":"3","QR":"3","P7":"3","P9":"3","GJ":"3","CC":"3"},"5V":{"W9":"3"},"5R":{"GQ":"3","GP":"3"},"CR":{"2X":"3","PR":"3","MV":"3","3G":"3","3H":"3","8Q":"3","8V":"3","PW":"3"},"9V":{"J8":"3","HV":"3","J9":"3"},"8R":{"73":"3","63":"3"}},"RF":{"87":{"R4":"3","4X":"3","FR":"3","CR":"3"},"7J":{"6Q":"3","5Q":"3"},"67":{"VW":"3"},"86":{"G2":"3","V7":"3","3G":"3","33":"3","82":"3","R6":"3","42":"3","MX":"3"},"6J":{"XQ":"3","XP":"3","RX":"3"},"5G":{"M4":"3","G8":"3","M3":"3","H8":"3","J4":"3","G9":"3","J3":"3"},"97":{"2Q":"3","29":"3","56":"3"},"3X":{"5P":"3"},"P2":{"8G":"3"},"7M":{"F4":"3"},"69":{"H8":"3","H6":"3","CX":"3"},"76":{"VQ":"3","VC":"3","MQ":"3","V5":"3","R7":"3","W5":"3","PR":"3","QV":"3","V4":"3","W4":"3","V9":"3","V8":"3","QG":"3","RC":"3","MX":"3"},"95":{"QW":"3"},"77":{"7W":"3","5P":"3","FX":"3","G4":"3","5X":"3","9W":"3","2W":"3","MQ":"3","8H":"3","8W":"3","F4":"3"},"7H":{"5Q":"3"},"85":{"6X":"3","6P":"3","FR":"3","8W":"3","4R":"3","CP":"3","6M":"3","5R":"3","9P":"3","8V":"3","9V":"3","GX":"3"},"78":{"F4":"3","G3":"3","R7":"3","FP":"3","5F":"3","FF":"3","C4":"3","7P":"3","73":"3","5C":"3","6F":"3"},"68":{"M4":"3","R8":"3","Q6":"3","W7":"3","PC":"3","M8":"3","MP":"3"},"5H":{"96":"3","F6":"3"},"6C":{"5X":"3","93":"3"},"88":{"24":"3"},"GJ":{"JX":"3"},"C6":{"JR":"3"}},"VG":{"XF":{"74":"3"},"QH":{"HC":"3"},"JG":{"84":"3","83":"3"},"6X":{"9V":"3","GW":"3","9R":"3","8V":"3"},"49":{"C5":"3"},"CG":{"C4":"3"},"2F":{"V3":"3"},"WC":{"56":"3"},"2G":{"3P":"3","4M":"3","69":"3","77":"3","3G":"3","48":"3","2H":"3","2F":"3","5C":"3","GF":"3","66":"3"},"2C":{"6M":"3","FX":"3"},"GG":{"FG":"3"}}}}