{"6H":{"H2":{"Q2":{"2X":"3"},"Q3":{"87":"3","4G":"3","27":"3","28":"3","39":"3","88":"3","23":"3","25":"3"},"P3":{"W6":"3","G7":"3","V2":"3","G2":"3","G5":"3","W5":"3","X5":"3","V4":"3","P3":"3","W4":"3","V9":"3","VF":"3","RF":"3","W7":"3"}},"M3":{"WV":{"Q7":"3","R6":"3","M5":"3","P4":"3"}},"C2":{"F2":{"WP":"3"},"44":{"HV":"3"},"CF":{"X2":"3"},"5M":{"CM":"3"},"G2":{"2M":"3"},"CG":{"WV":"3","MQ":"3"}},"Q6":{"6P":{"VM":"3"},"H6":{"R3":"3"}},"X6":{"F3":{"96":"3"},"J4":{"74":"3"},"H4":{"62":"3","7C":"3","85":"3","23":"3","6F":"3","22":"3","83":"3"},"H3":{"M3":"3","4G":"3","P9":"3","MH":"3","29":"3","H8":"3","7C":"3","6P":"3","79":"3","H9":"3","6C":"3","63":"3","X2":"3","54":"3","52":"3","78":"3","J5":"3","6G":"3","F5":"3","P2":"3","G7":"3","P8":"3","J9":"3","R8":"3","3G":"3","JJ":"3","85":"3","J7":"3","5C":"3","67":"3","MG":"3","59":"3","28":"3","J6":"3","5Q":"3","55":"3","H4":"3","7P":"3","Q8":"3","53":"3","6Q":"3","2G":"3","2F":"3","RM":"3","G6":"3","5G":"3","43":"3","6H":"3","M9":"3","H5":"3","66":"3","6W":"3","42":"3","GF":"3","49":"3","F3":"3","F8":"3","H6":"3","J8":"3","56":"3","6F":"6|3","8M":"3","G8":"3","7G":"3","G3":"3","65":"3","99":"3","G4":"3","3J":"3","69":"3","G9":"3","2J":"3","F7":"3","R7":"3","F9":"3","HF":"3","M6":"3","H3":"3","68":"3","37":"3","Q7":"3","4C":"3","7H":"3","76":"3","P5":"3","M4":"3","6R":"3","C9":"3","7X":"3","3F":"3","HH":"3","3C":"3","M8":"3","MC":"3","4F":"3","MF":"3","M7":"3","HC":"3","C7":"3","F6":"3","F2":"3","P7":"3","PF":"3","GC":"3","48":"3","RF":"3"},"P8":{"RQ":"3"},"QC":{"JW":"3","JV":"3"},"WM":{"FR":"3"},"22":{"43":"3"},"XP":{"PV":"3"},"J3":{"M4":"3"},"G4":{"79":"3","96":"3","V2":"3","M3":"3","JC":"3","G4":"3","6G":"3","Q7":"3","P3":"3","J3":"3","FH":"3","42":"3"},"R2":{"97":"3"},"P6":{"6R":"3"},"75":{"X2":"3"},"G8":{"25":"3"},"4R":{"RQ":"3"},"R8":{"48":"3","6G":"3"},"VH":{"FR":"3"},"H9":{"55":"3"},"F2":{"CQ":"3"},"J5":{"FH":"3"},"G2":{"RW":"3","MR":"3"},"PC":{"HF":"3"},"H2":{"9W":"3","6P":"3","HW":"3","CP":"3","7W":"3","PX":"3","W2":"3","FJ":"3","HR":"3","FF":"3","CW":"3","5P":"3","CV":"3","RP":"3","75":"3","9J":"3","3V":"3","6X":"3","P3":"3","8X":"3","7P":"3","8P":"3","9P":"3","JQ":"3","FC":"3","GM":"3","9X":"3","MX":"3","GJ":"3","7G":"3","GX":"3","F7":"3","FP":"3","5X":"3","FR":"3","RX":"3","JG":"3","6R":"3","7V":"3","9Q":"3","7X":"6|3","M8":"3","5W":"3","MC":"3","9M":"3","87":"3","3W":"3","HX":"3"},"H5":{"QC":"3"},"J6":{"Q3":"3","PQ":"3"},"G3":{"PC":"3","WR":"3","QP":"3","X6":"3","CF":"3","Q5":"3","8F":"3","RQ":"3","W2":"3","Q2":"3","QG":"3","RP":"3","VQ":"3","R2":"3","JJ":"3","GG":"3","W7":"3","X7":"3","RG":"3","MG":"3","PV":"3","VC":"3","XG":"3","PG":"3","WM":"3","FG":"3","9F":"3","XJ":"3","9X":"3","98":"3","HG":"3","VR":"3","R7":"3","QH":"3","C9":"3","VH":"3","V6":"3","HH":"3","RH":"3","MF":"3","XC":"3","XF":"3","QF":"3","RR":"3","PF":"3","RJ":"3","VG":"3","CG":"3"},"J2":{"25":"3","XQ":"3"},"G7":{"H9":"3"},"Q2":{"5W":"3","4P":"3","3Q":"3","4W":"3"},"F4":{"7V":"3"},"C6":{"RF":"3"},"84":{"87":"3"}},"Q5":{"XH":{"22":"3","28":"3","32":"3"},"H8":{"RX":"3"},"27":{"VF":"3"},"XG":{"2X":"3"},"WG":{"WX":"3","VR":"3"},"WH":{"F2":"3","X2":"3"}},"X2":{"43":{"RQ":"3","PM":"3"},"3V":{"H8":"3","P8":"3","79":"3","7C":"3","R7":"3","M8":"3"},"42":{"6C":"3","57":"3"}},"G2":{"38":{"55":"3"},"68":{"77":"3"}},"WF":{"V7":{"CC":"3"}},"W2":{"V3":{"GV":"3","HW":"3"},"R2":{"V7":"3","V6":"3","X3":"3","R7":"3","W4":"3"},"X5":{"Q7":"3","Q9":"3","W9":"3","R7":"3","V8":"3","P6":"3"},"J8":{"4J":"3"},"RC":{"FC":"3"}},"J2":{"RW":{"5H":"3"},"85":{"4P":"3"},"6Q":{"33":"3","34":"3"}},"Q2":{"4M":{"95":"3"}},"W9":{"F8":{"PX":"3"},"4G":{"8Q":"3"},"27":{"MX":"3"},"F9":{"H3":"3","MG":"3","G2":"3","JG":"3","G5":"3","F2":"3","H7":"3","J6":"3","F5":"3","95":"3","H9":"3","C4":"3","H8":"3","G4":"3","94":"3","J5":"3","C2":"3","72":"3","H6":"3","24":"3"},"GF":{"RP":"3"},"HG":{"39":"3"},"5H":{"55":"3"},"P9":{"CF":"3"}},"R6":{"3Q":{"QF":"3"},"5G":{"2H":"3"},"P7":{"PG":"3","PF":"3","HM":"3","RM":"3"}},"QC":{"9G":{"2M":"3"}},"82":{"J2":{"V9":"3","Q4":"3","Q6":"3","VC":"3","XC":"3","Q5":"3","P2":"3","P3":"3","W8":"3"},"M3":{"MH":"3","JF":"3"},"V5":{"Q4":"3"},"R4":{"5C":"3","34":"3","38":"3"},"Q4":{"Q9":"3","G7":"3","W8":"3","JF":"3","J8":"3","JG":"3","7G":"3","V7":"3","9G":"3","5F":"3","MF":"3","MC":"3","3G":"3","R8":"3","GH":"3","4F":"3","2F":"3","6C":"3","2G":"3","W7":"3","X7":"3"},"W5":{"PF":"3","63":"3","QC":"3"},"M4":{"X3":"3"},"M2":{"V9":"3","36":"3","5P":"3","5R":"3","96":"3","6W":"3","2C":"3","3H":"3"},"P4":{"VG":"3","WJ":"3","QH":"3","VJ":"3","RH":"3","RJ":"3","VH":"3","MH":"3","WG":"3"}},"92":{"RR":{"6C":"3"},"PV":{"VW":"3","MX":"3"},"MW":{"X6":"3","W9":"3"},"PW":{"47":"3","H3":"3","J2":"3","P2":"3","95":"3","48":"3","M2":"3","J3":"3","57":"3","93":"3","56":"3"},"MQ":{"57":"3"},"PX":{"26":"3"},"MR":{"98":"3","78":"3"},"C8":{"VR":"3","7X":"3"},"P4":{"J6":"3"}},"V5":{"87":{"7W":"3"},"P3":{"34":"3"}},"P2":{"H4":{"7X":"3"},"52":{"HJ":"3"}},"R2":{"WR":{"2X":"3","4W":"3"},"VV":{"X2":"3"}},"R8":{"RQ":{"9X":"3","9W":"3","QX":"3"},"VR":{"C7":"3"},"66":{"RF":"3"},"RV":{"95":"3"},"RR":{"87":"3","76":"3"},"VX":{"3W":"3"},"WM":{"GR":"3","HV":"3"},"WP":{"JJ":"3"},"QX":{"42":"3"},"XX":{"J3":"3"}},"R9":{"VG":{"8M":"3"},"R9":{"WG":"3"},"QC":{"QH":"3","8G":"3","CG":"3","9H":"3","XC":"3","HC":"3","73":"3","8H":"3","GG":"3"},"V6":{"4M":"3"},"R4":{"78":"3"},"W5":{"5J":"3","4M":"3"},"XM":{"RW":"3"},"R2":{"GF":"3"},"V4":{"88":"3","55":"3"},"R8":{"9C":"3"},"V9":{"9W":"3","6Q":"3","7Q":"3","3J":"3"},"W9":{"99":"3","M2":"3"},"V8":{"54":"3","24":"3"},"X2":{"X9":"3"},"X7":{"G2":"3"}},"J7":{"43":{"WF":"3"},"44":{"V8":"3"},"48":{"VF":"3","Q9":"3","Q8":"3","P9":"3"},"39":{"2C":"3","J8":"3","6F":"3"},"27":{"GM":"3","HJ":"3","VP":"3","WQ":"3","RX":"3","7X":"3","WM":"3","WP":"3","VM":"3"},"99":{"6P":"3","5P":"3"},"38":{"7R":"3","5R":"3","6V":"3","9Q":"3","5V":"3"},"29":{"X9":"3","Q6":"3"},"QF":{"GX":"3"},"28":{"PG":"3","G3":"3","M8":"3","G2":"3","PP":"6|3","M3":"3","G5":"3","F2":"3","X9":"3","J4":"3","J6":"3","MC":"3","C3":"3","PM":"3","94":"3","J5":"3","Q7":"3","RQ":"3","M9":"3","QR":"3","PJ":"3","PH":"3","W7":"3"},"QG":{"J3":"3"}},"W7":{"MR":{"V8":"3"}},"X4":{"47":{"X5":"3"},"9Q":{"3X":"3","8R":"3","2X":"3","2Q":"3","2G":"3","2P":"3","2H":"3","2V":"3","3R":"3","3W":"3","4W":"3","2J":"3"},"69":{"76":"3"},"9R":{"69":"3","62":"3","33":"3","2H":"3","52":"3","27":"3","42":"3","23":"3","22":"3","72":"3","3C":"3"},"99":{"4X":"3","5X":"3","4W":"3"},"RJ":{"53":"3"},"85":{"34":"3"},"8Q":{"WW":"3","XW":"3"},"68":{"GG":"3","FP":"3"},"C2":{"CJ":"3","CQ":"3"},"8C":{"W6":"3"},"R5":{"Q6":"3"},"84":{"8Q":"3","4V":"3","6J":"3","7C":"3","69":"3","4H":"3","5J":"3","75":"3","6R":"3","6G":"3","67":"3","6H":"3","3X":"3","4F":"3","4R":"3","6M":"3","5P":"3","7J":"3","66":"3","5V":"3","6C":"3","6Q":"3","5R":"3","7P":"3","5Q":"3","89":"3"},"9C":{"22":"3","32":"3"},"8R":{"X2":"3","XF":"3"},"59":{"JR":"3"}},"X7":{"6V":{"V2":"3"},"V6":{"PJ":"3","MP":"3"},"W5":{"MQ":"3"},"MC":{"MR":"3"},"C3":{"47":"3"},"X5":{"JC":"3","C7":"3"},"CM":{"GM":"3"},"GH":{"CF":"3","76":"3","9F":"3","9G":"3","86":"3","6C":"3","CG":"3"},"4X":{"W4":"3"},"9P":{"FM":"3","9M":"3"},"FJ":{"M3":"3","78":"3","J2":"3","M2":"3"},"FH":{"MW":"3","JX":"3"},"FG":{"XR":"3"},"5W":{"R4":"3","3V":"3"},"HG":{"H9":"3","X2":"3","4M":"3"},"GG":{"HM":"3","9Q":"3","JG":"3","HJ":"3","MF":"3","FM":"3","HH":"3","GM":"3","FQ":"3","XW":"3","HF":"3","XP":"3","GJ":"3","HP":"3","VW":"3","JM":"3"}},"VF":{"XR":{"J8":"3","J9":"3"},"23":{"WH":"3"},"X8":{"P4":"3"}},"P3":{"GG":{"6P":"3","6Q":"3","7P":"3","7Q":"3"},"FP":{"HW":"3"},"GP":{"FC":"3"}},"VC":{"35":{"W5":"3"},"5J":{"54":"3"},"4G":{"M4":"3"}},"F4":{"XV":{"XR":"3"},"JH":{"C4":"3","Q2":"3","V2":"3","X2":"3","W3":"3"},"MH":{"43":"3","27":"3"},"F4":{"92":"3"},"G5":{"3W":"3"},"JG":{"PV":"3","PW":"3","MV":"3"}},"V4":{"3X":{"RM":"3"},"M5":{"QM":"3"}},"M5":{"4J":{"8W":"3","7X":"3"}},"X8":{"VV":{"3Q":"3"},"2F":{"8P":"3"},"2M":{"33":"3"},"5G":{"HC":"3"}},"V2":{"FX":{"3H":"3"},"VX":{"HQ":"3"},"42":{"73":"3","22":"3","83":"3","F3":"3"},"9G":{"94":"3"},"PP":{"V5":"3"}},"Q8":{"G9":{"QP":"3"}},"7Q":{"7G":{"X9":"3","WC":"3","68":"3","CG":"3","58":"6","QC":"3","MF":"3","33":"3","JC":"3","22":"3","57":"6","7C":"3","M9":"3","27":"3","XC":"3","69":"3","44":"3","34":"3","67":"3","CF":"3","V9":"3","Q4":"3","FF":"3","59":"3","64":"3","W9":"3","VC":"3","74":"3","8F":"3","MC":"3","8C":"3","RC":"3","28":"3","PC":"3","38":"3","GF":"3","R9":"3","FC":"3","GC":"3","FG":"3","Q9":"3","PF":"3","89":"3"},"9C":{"F4":"3","MJ":"3","WJ":"3","VM":"3","RP":"3","7W":"3","QH":"3","3R":"3","PG":"3","M8":"3","GV":"3","J2":"3","F3":"3","RV":"3","MG":"3","J8":"3","PP":"3","F7":"3","JC":"3","VJ":"3","CW":"3","9X":"3","RM":"3","J4":"3","HJ":"3","J7":"3","HX":"3","MF":"3","J6":"3","QM":"3","MC":"3","XM":"3","CJ":"3","7V":"3","VP":"3","PM":"3","RJ":"3","HW":"3","CP":"3","PX":"3","XJ":"3","MH":"3","PV":"3","QJ":"3","4X":"3","JH":"3","CH":"3","H2":"3","WM":"3","J3":"3","M9":"3","PJ":"3","FX":"3","PH":"3","XP":"3","GG":"3"},"JQ":{"R4":"3","Q4":"3","W5":"3","W8":"3"},"JV":{"Q3":"3"},"8G":{"4G":"3","G7":"3","7G":"3","28":"3","5G":"3","3F":"3","F9":"3","7H":"3","C4":"3","6G":"3","4C":"3","2F":"3","6C":"3","3C":"3","FC":"3","2C":"3"},"MP":{"CQ":"3","7C":"3","QP":"3","CP":"3","PR":"3","G2":"3","JX":"3","MW":"3","QQ":"3","QG":"3","F5":"3","RP":"3","7F":"3","9V":"3","R8":"3","R9":"3","X4":"3","X7":"3","PV":"3","H4":"3","G6":"3","8P":"3","9P":"3","9C":"3","F3":"3","F8":"3","PQ":"3","MX":"3","G3":"3","99":"3","V9":"3","G4":"3","2J":"3","F7":"3","F9":"3","QH":"3","H3":"3","C9":"3","9Q":"3","JW":"3","5W":"3","V8":"3","HX":"3","F6":"3","Q9":"3","F2":"3","RJ":"3","W8":"3","MR":"3"},"JP":{"XV":"3","WV":"3","WW":"3","XW":"3"},"7F":{"3G":"3","JM":"3","2G":"3","MG":"3","VF":"3","RJ":"3","4H":"3","5J":"3","WH":"3","FM":"3","6R":"3","FP":"3","5H":"3","4F":"3","JJ":"3","MJ":"3","5P":"3","PH":"3","VH":"3","6W":"3","3H":"3","MH":"3","5M":"3","4J":"3","5V":"3","7V":"3","GJ":"3","HH":"3","2C":"3","CQ":"3","JH":"3","38":"3","29":"3","CV":"3","6V":"3","7R":"3","PP":"3","5Q":"3","FQ":"3"},"G6":{"6X":"3","8X":"3","74":"3","CW":"3","7P":"3","MG":"3"},"99":{"FP":"3","8G":"3","HV":"3"},"6G":{"9C":"3","JC":"3","73":"3","94":"3","FF":"3","93":"3","9F":"3","F2":"3","72":"3","74":"3","MC":"3","92":"3","82":"3","PC":"3","HF":"3","35":"3","5F":"3","GF":"3","83":"3","84":"3"},"CC":{"6M":"3","5J":"3","CM":"3","6P":"3","5P":"3","GM":"3","CP":"3","3M":"3","PV":"3","5M":"3","PW":"3","MM":"3","JM":"3","7J":"3","6Q":"3","5Q":"3","HM":"3","PQ":"3","9M":"3"},"CF":{"J2":"3","J4":"3","J5":"3","55":"3","M2":"3","88":"3","H5":"3","34":"3"},"9F":{"75":"3","47":"3","H3":"3","G3":"3","G2":"3","F7":"3","52":"3","7G":"3","V6":"3","V5":"3","5G":"3","9W":"3","92":"3","C3":"3","7H":"3","3G":"3","C4":"3","6G":"3","94":"3","6H":"3","38":"3","C2":"3","H2":"3","33":"3","F6":"3","J3":"3","82":"3","Q5":"3","93":"3","58":"3","8V":"3","32":"3","3C":"3","8R":"3"},"MR":{"5J":"3","7J":"3","6J":"3","4M":"3","7M":"3","3M":"3","2J":"3","3H":"3","2H":"3","5H":"3","6M":"3","3J":"3","4J":"3","5Q":"3","2M":"3","2Q":"3","4H":"3"},"JR":{"8Q":"3","RV":"3","QG":"3","QJ":"3","WM":"3","9V":"3","GV":"3","MG":"3","XP":"3","RJ":"3","VJ":"3","RH":"3","WH":"3","XM":"3","PJ":"3","MJ":"3","WP":"3","VG":"3","PG":"3","VH":"3","GW":"3","WG":"3","XG":"3","XH":"3","QM":"3","RG":"3","WJ":"3","RR":"3","WR":"3","VP":"3","GH":"3","MM":"3","RM":"3","VV":"3","PM":"3","PF":"3"},"QM":{"Q6":"3"},"9G":{"H4":"3","H5":"3","J5":"3"},"8F":{"XH":"3","R8":"3","93":"3","R3":"3","X5":"3","84":"3","83":"3","47":"3","X8":"3","J9":"3"},"6F":{"WH":"3","CX":"3","9W":"3","QP":"3","V7":"3","PR":"3","WF":"3","W9":"3","CW":"3","8V":"3","CV":"3","MP":"3","VM":"3","9V":"3","MM":"3","X7":"3","VF":"3","9R":"3","VC":"3","8X":"3","FW":"3","XG":"3","RM":"3","WM":"3","FV":"3","XJ":"3","9X":"3","X9":"3","V9":"3","WJ":"3","FX":"3","XH":"3","WC":"3","WG":"3","VH":"3","VJ":"3","V8":"3","CR":"3","XC":"3","XF":"3","RJ":"3","W8":"3","RF":"3","VG":"3"},"8C":{"R4":"3","VV":"3","QP":"3","V3":"3","Q7":"3","R2":"3","W2":"3","R8":"3","PW":"3","Q6":"3","M9":"3","V2":"3","Q3":"3","CX":"3","R3":"3","QQ":"3","R6":"3","VW":"3","PQ":"3","V5":"3","R5":"3","P9":"3","V4":"3","VJ":"3","P2":"3","P7":"3","W3":"3"},"F6":{"QG":"3"},"MQ":{"7M":"3","CM":"3","FH":"3","25":"3","H3":"3","8P":"3","86":"3","9P":"3","27":"3","G4":"3","36":"3","75":"3","F5":"3","FF":"3","7J":"3","H7":"3","J7":"3","HH":"3","76":"3","28":"3","45":"3","H2":"3","38":"3","7P":"3","G5":"3","5Q":"3"},"MV":{"JC":"3"},"MM":{"VM":"3","PP":"3","GW":"3","QP":"3","RM":"3","XQ":"3","WQ":"3","FV":"3","MP":"3","QM":"3","PM":"3","XH":"3","FX":"3","GX":"3","HP":"3"},"G7":{"73":"3","22":"3","83":"3","64":"3"},"PP":{"25":"3","7H":"3","8J":"3","26":"3","6G":"3","5G":"3"},"PM":{"5P":"3","3W":"3","4M":"3","3J":"3"},"5G":{"X8":"3"},"89":{"WX":"3","RV":"3","WW":"3","VX":"3","VW":"3"}},"X3":{"JR":{"2X":"3","3Q":"3","3R":"3","6P":"3","5P":"3","6R":"3","5R":"3","2R":"3","6Q":"3"},"G8":{"63":"3"},"FW":{"97":"3"},"HR":{"XQ":"3","XX":"3"},"JV":{"27":"3","36":"3","46":"3","4C":"3","38":"3","35":"3","33":"3","2C":"3","43":"3"},"64":{"94":"3"},"CX":{"49":"3"},"HV":{"WF":"3","V2":"3","Q6":"3","V6":"3","R7":"3","V7":"3","Q4":"3","W2":"3","J9":"3","X8":"3","R2":"3","J5":"3","Q7":"3","Q5":"3","P4":"3","P7":"3","M5":"3","RG":"3","X7":"3"},"JJ":{"6R":"3","7Q":"3"},"PX":{"2W":"3"},"CP":{"P3":"3"},"CM":{"GH":"3"},"GM":{"2G":"3"}},"C3":{"7F":{"HR":"3"},"V6":{"65":"3"},"M9":{"C7":"3","C6":"3"},"8H":{"W5":"3"},"8G":{"2C":"3","7J":"3"},"GF":{"CC":"3"},"FG":{"3C":"3"},"CG":{"XF":"3"}},"H6":{"42":{"6J":"3"},"PQ":{"78":"3"}},"X5":{"86":{"X7":"3"},"MG":{"P5":"3"},"J8":{"5P":"3"},"JC":{"4J":"3"},"Q6":{"H8":"3","J7":"3"},"W5":{"WJ":"3","WQ":"3","QM":"3"},"HX":{"89":"3","QG":"3","XX":"3"},"FV":{"Q6":"3"},"76":{"76":"3"},"H8":{"XC":"3"},"JX":{"2W":"3","CW":"3"},"HW":{"HV":"3"},"GR":{"62":"3"},"PJ":{"4F":"3"},"QG":{"2W":"3"},"HF":{"MF":"3"},"6Q":{"5W":"3"},"JM":{"R9":"3"}},"8Q":{"76":{"H4":"3","M3":"3","G3":"3","J5":"3","P4":"3"}},"W4":{"H9":{"8R":"3"},"MC":{"96":"3"},"MX":{"J9":"3"}},"G3":{"C2":{"56":"3"}},"X9":{"RF":{"72":"3"},"V7":{"M6":"3","M5":"3","P6":"3","P5":"3"},"VC":{"G4":"3"},"M9":{"8W":"3","FW":"3"},"W6":{"H8":"3","HC":"3"}},"V9":{"4X":{"3R":"3"},"2Q":{"QJ":"3"},"24":{"6H":"3"},"42":{"2P":"3","3V":"3"},"74":{"55":"3","65":"3"},"22":{"RP":"3","WJ":"3","J5":"3","FJ":"3","F7":"3","WM":"3","W9":"3","R7":"3","C6":"3","J6":"3","F6":"3"},"63":{"5G":"3"},"32":{"XQ":"3","WV":"3","RR":"3","6H":"3","5G":"3"}},"R7":{"H5":{"7C":"3"},"X8":{"GR":"3","FR":"3","CQ":"3"}},"P4":{"53":{"F2":"3","H6":"3","H3":"3"},"JJ":{"Q7":"3"}},"W6":{"RF":{"RQ":"3"},"XV":{"8W":"3"},"XX":{"25":"3"}},"WC":{"CF":{"4J":"3","37":"3","3M":"3","4P":"3","3J":"3"},"Q6":{"PX":"3"},"9F":{"XG":"3","X8":"3"},"CH":{"P5":"3"}},"Q7":{"34":{"MM":"3"}},"P5":{"4V":{"FR":"3"}},"V6":{"35":{"G8":"3"}},"RC":{"9W":{"PP":"3"}},"V8":{"4X":{"MJ":"3","RH":"3"},"2X":{"48":"3","2H":"3","F7":"3","QX":"3","FH":"3","F6":"3"},"9J":{"44":"3"}},"M2":{"W8":{"VR":"3"}},"XF":{"G3":{"5P":"3","5M":"3","3P":"3"}},"P7":{"G4":{"7M":"3"},"P6":{"P3":"3"}},"W5":{"R2":{"5P":"3"},"6H":{"H5":"3","C5":"3","C6":"3"}},"W8":{"H9":{"97":"3"},"C9":{"FC":"3"},"X4":{"Q6":"3"},"W7":{"G6":"3"},"XC":{"46":"3"},"W9":{"XX":"3"},"C8":{"QF":"3"},"G9":{"P8":"3"},"XM":{"W4":"3"}},"R5":{"HW":{"JF":"3"}},"RF":{"W7":{"RQ":"3","M8":"3"},"X5":{"VG":"3"},"W8":{"R4":"3","R8":"3"}}},"index":{"university,1|retail,2|tourism,3|wreck,4|historical,5|artsCulture,6|namedBuilding,7|water,8|wetland,9|park,10|beach,11|natureReserve,12|cemetery,13|trail,14":{}}}