{"6J":{"XR":{"XF":{"MG":"3","J8":"3","JG":"3","MF":"3","J9":"3","H8":"3","HC":"3","JJ":"3","HF":"6|3","HG":"3","GX":"3","JM":"3"},"8V":{"HH":"3","HJ":"3","GJ":"3","FJ":"3","GH":"3","FH":"3","CH":"3"},"P7":{"WP":"3"},"G8":{"HH":"3","4J":"3","2X":"3","7H":"3","4R":"3","3V":"3","Q6":"3","2W":"3","2V":"3","4H":"3","6H":"3","3R":"3","9G":"3","6Q":"3","5Q":"3","5H":"3","R6":"3","57":"3","3W":"3","2M":"3","28":"3","VH":"3","47":"3","2R":"3","3H":"6"},"FV":{"46":"3"},"V8":{"F6":"6"},"Q7":{"HJ":"3"},"XH":{"MH":"3","GR":"3","HV":"3","H9":"3","RQ":"3","QQ":"3","WV":"3","QC":"3","J3":"3","QG":"3","34":"3","VM":"3","JP":"3","P8":"3","3G":"3","JJ":"3","RG":"3","VP":"3","PV":"3","VF":"3","FW":"3","WW":"3","RM":"3","QM":"3","MJ":"3","WM":"3","GH":"3","JM":"6|3","QJ":"3","PQ":"3","HM":"6|3","QH":"6|3","WC":"3","HH":"3","PM":"3","GV":"3","JH":"6","GW":"3","HP":"3"},"JM":{"HF":"6","JQ":"3","GF":"3","38":"3","3J":"6|3"},"WH":{"CM":"3","2Q":"3","MX":"3","WF":"3"},"JW":{"V9":"3","9J":"3"},"MJ":{"F4":"3","62":"3","M8":"3","J9":"3","G6":"3","99":"3","J5":"3","PV":"3","98":"3","8C":"3","M5":"3","9C":"3","P6":"3"},"CC":{"XP":"3","WQ":"3","76":"3","HW":"3","XW":"3","VW":"3","56":"3"},"XV":{"HF":"3","F9":"3","FC":"3"},"CG":{"RW":"3","VQ":"3","MJ":"3","FW":"3","JF":"3","WP":"3","GW":"3","9X":"3","HJ":"3","VR":"3","WQ":"3","VV":"3","QV":"3","RR":"3","MH":"3","WR":"3","PV":"3","QR":"3","XV":"6|3","QW":"3"},"R8":{"V5":"3","57":"3"},"FC":{"3Q":"3","3P":"3","6W":"3","3W":"3","6R":"3","2W":"3","5R":"3","5Q":"3","26":"3","4Q":"3","6Q":"3"},"CP":{"F2":"3","X6":"3","X5":"3"},"5C":{"VW":"3"},"3Q":{"R4":"3","JW":"3","Q3":"3","X2":"3","R3":"3"},"99":{"M8":"3","J8":"3","V3":"3","JQ":"3","W3":"3","H8":"3","Q7":"3","W4":"3","R6":"3"},"3M":{"RR":"3","4P":"3","8G":"3","RM":"3","4M":"3"},"7F":{"M3":"3","J5":"3","H5":"3","86":"3","38":"3"},"C9":{"R9":"3","VC":"3","W8":"3","Q2":"3","P2":"3","39":"3","32":"3","42":"3"},"J8":{"H3":"3","G2":"3","23":"3","PM":"3"},"QM":{"XR":"3","WQ":"3","GV":"3","7X":"3","X8":"3","HV":"3"},"WR":{"48":"3","47":"3","32":"3"},"P8":{"RP":"3","3Q":"3","Q9":"3","QP":"3","J9":"3","G9":"3","99":"3","48":"3","RQ":"3","V9":"3","38":"3","QQ":"3","CC":"3"},"FX":{"76":"3"},"JC":{"JC":"3","8J":"3","HJ":"3","CJ":"3","GH":"3","JH":"3","HF":"3","HG":"3","GF":"3","GG":"3"},"Q9":{"5X":"3","3V":"3","QW":"3","HX":"3","4W":"3"},"RX":{"W5":"3","V4":"3"},"4Q":{"W5":"3","X4":"3","X3":"3","X5":"3","W4":"3"},"VR":{"5J":"3","P8":"3","VQ":"3"},"QG":{"CJ":"3","WM":"3","RG":"3"},"HX":{"MJ":"3","HM":"3","JC":"3","7G":"3","CW":"3","X9":"3","MM":"3","CV":"3","FR":"3","MF":"3","FV":"3","QM":"3","HC":"3","55":"3","GR":"3","PC":"3","PJ":"3","JM":"3","GG":"3"},"G9":{"F4":"3","65":"3","63":"3","22":"3","F5":"3","83":"3","2J":"3","23":"3","33":"3","J3":"3","73":"3","32":"3","42":"3"},"6Q":{"JR":"3","HR":"3","GV":"3","RV":"3","F7":"3","HJ":"3","Q4":"3","9G":"3","76":"3","CG":"3","JX":"3","74":"3","8M":"3","82":"3","PW":"3","C6":"3","FC":"3","84":"3"},"MQ":{"PG":"3","W8":"3","QC":"3","MM":"3","J9":"3","MP":"3","CX":"3","MH":"3","QG":"3","FX":"3"},"7M":{"VV":"3","Q2":"3","WQ":"3","WP":"3","R6":"3"},"X7":{"WQ":"3","HP":"3","FH":"3","FJ":"3","33":"3","QF":"3","3V":"3","9P":"3","7V":"3","8W":"3","9Q":"3","2J":"3","RP":"3","JX":"3","GP":"3","GM":"3","PG":"3","8P":"3","4X":"3","P7":"3","FQ":"3","VJ":"3","35":"3","9J":"3","GW":"3","FR":"3","JH":"3","P8":"3","7M":"3","M9":"3","6P":"3","4W":"3","7R":"3","8J":"3","8R":"3","2G":"3","GG":"3","QJ":"3","MG":"3","69":"3","74":"3","9X":"3","XM":"3","45":"3","WP":"3","54":"3","PQ":"3","XQ":"3","HJ":"3","8V":"3","55":"3","P9":"3","8M":"3","7P":"3","46":"3","9R":"3","GR":"3","XH":"3","HH":"3","49":"3","WX":"3","FX":"3","9M":"6|3","97":"3","92":"3","42":"3","MM":"3","22":"3","JP":"3","HM":"3","QP":"3","XP":"3","MX":"3","Q7":"3","2V":"3","QH":"3","65":"3","5V":"3","XV":"3","3W":"3","4C":"3","4V":"3","RV":"3","5R":"3","VP":"3","VH":"3","96":"3","PW":"3","VR":"3","CM":"3","GQ":"3","GH":"3","HG":"3","7Q":"3","CP":"3","8X":"3","PM":"3","MJ":"3","6R":"3","8Q":"3","59":"3","WM":"3","HQ":"3","JM":"3","RM":"3","XX":"3"},"7R":{"7M":"3","WC":"3","CM":"3","QG":"3","QC":"3","4M":"3","QX":"3","6H":"3","2R":"3","H8":"3","PH":"3","XG":"3","5M":"3","MQ":"3","HF":"3","5F":"3","5R":"3","RM":"3","F8":"3","83":"3","PF":"3"},"GM":{"59":"3","45":"3","6W":"3","57":"3","5V":"3","VG":"3"},"PG":{"RP":"3"},"GJ":{"J5":"3","2P":"3","4Q":"3","4R":"3","3R":"3","6Q":"3","2M":"3","FV":"3","2R":"3","7Q":"3"},"HM":{"QR":"3","5J":"3","2G":"3","GJ":"3","6J":"3","9Q":"3"},"MC":{"F2":"3"},"8R":{"44":"3","26":"3","RH":"3","3Q":"3"},"8C":{"FC":"3"},"VJ":{"27":"3","23":"3","MV":"3"},"9R":{"9X":"3","2P":"3","8X":"3","PV":"3","2M":"3"},"V9":{"2P":"3","2M":"3","2R":"3","XM":"3"},"VC":{"PG":"6","PV":"3","32":"3","VQ":"3"},"2P":{"R8":"6"},"4M":{"4R":"3","23":"3"},"JX":{"JH":"3"},"VH":{"6M":"3","25":"3","7V":"3","4V":"3","P8":"3","3V":"6","24":"3","5M":"3","5W":"3","Q8":"3","8W":"3","6W":"3","22":"3","5V":"3"},"R9":{"52":"3","53":"3","WP":"3","23":"3"},"8M":{"HM":"6|3","RV":"3","GP":"3","JQ":"6","RR":"3","M6":"3","GM":"3","GJ":"3","JP":"6","HP":"6","QW":"3","GG":"3"},"PQ":{"HQ":"3","44":"3","JR":"3","GR":"3","XP":"3","GV":"3","HR":"3","XM":"3","HV":"3"},"7H":{"43":"3","JP":"3","45":"3","3P":"3","4P":"3","R3":"3","6W":"3","GP":"3"},"3H":{"6M":"3","5J":"3","Q9":"3","4R":"3","Q6":"3","Q8":"3","93":"3","73":"3","7J":"3","6F":"3","6C":"3","5H":"3"},"VX":{"66":"3","VC":"3","76":"3","57":"3","P9":"3","56":"3"},"JP":{"54":"3","JJ":"3","HM":"3"},"6W":{"MJ":"3","VC":"3","WF":"3"},"FF":{"Q7":"3","8J":"3","QX":"3"},"2G":{"6P":"3","4P":"3","JV":"3"},"V7":{"VW":"3","VJ":"3","RG":"3"},"9C":{"F8":"3"},"3P":{"QQ":"3"},"MF":{"WJ":"3"},"79":{"XQ":"3"},"3V":{"R4":"3","Q4":"3","V5":"6","R5":"3","P5":"3"},"HH":{"4G":"3","R7":"3","R4":"3","HJ":"3","R3":"3","9W":"3","QM":"3","PM":"3","2H":"3","QJ":"3","4F":"6|3"},"X8":{"79":"3","X6":"3","52":"3","Q2":"3","22":"3","W2":"3","RX":"3","X3":"3","92":"3","83":"3","99":"3","94":"3","R8":"3","M2":"3","C9":"3","F8":"3","74":"3","53":"3","93":"3","72":"3","CF":"3","42":"3","X2":"3","84":"3","X7":"3"},"JG":{"QP":"3","GQ":"3","MF":"3","2J":"3","2G":"3","62":"3","MG":"3","RJ":"3","XC":"3","36":"3","4H":"3","4M":"3","WX":"3","FP":"3","V9":"3","PG":"3","7J":"3","6W":"3","JG":"3","W9":"3","F6":"3","XX":"3","J8":"3","5Q":"3","M7":"3","FQ":"3","PF":"3"},"WC":{"C9":"3","MC":"3","76":"3","86":"3","7M":"3","C7":"3","8V":"3"},"5P":{"3R":"3","68":"3","3J":"3","4V":"3","7C":"3","69":"3","5J":"3","G9":"3","7H":"3","3M":"3","67":"3","2R":"3","3P":"3","2M":"6","C9":"3","2Q":"3","87":"3","5M":"3","4J":"3","5V":"3","77":"3","6F":"3","6C":"3","P5":"3","6V":"3","2P":"3","2H":"3"},"PM":{"8R":"3","7M":"3","8Q":"3","6J":"3|6","62":"3","8M":"3","56":"3","37":"3","7Q":"6|3","5J":"3","5C":"3","4H":"6|3","63":"3","4M":"3","73":"3","9Q":"3","7H":"3","6H":"3","67":"3","8H":"3","78":"3","6M":"3","23":"3","49":"3","46":"3","8J":"3","39":"3","5M":"3","4J":"3","72":"3","HR":"3","28":"3","PC":"3","38":"3","24":"3","29":"3","55":"3"},"6V":{"R4":"3","XR":"3","C2":"3","W7":"3","72":"3","R7":"3","QF":"3","82":"6|3","C3":"3"},"FQ":{"V2":"3"},"HF":{"HQ":"3","5R":"3","HP":"3","WC":"3"},"HC":{"VF":"3","RQ":"3","RF":"3","GM":"3","PF":"3","XG":"3","MF":"3","VG":"3","QG":"3","HV":"3"},"8P":{"8C":"3","Q4":"3","Q9":"3","6G":"3","M5":"3","Q5":"3","P4":"3"},"PR":{"WC":"3","W3":"3"},"QV":{"VP":"3","WP":"3","X8":"3","VQ":"3","P2":"3"},"J9":{"45":"3"},"CV":{"WH":"3","7G":"3"},"CM":{"39":"3","HX":"3","V5":"3","3W":"3"},"HG":{"47":"3","QP":"3","RV":"3","QG":"3","QF":"3","X6":"3","PX":"3","QV":"3","X5":"3","QC":"3","JF":"3","JC":"3","88":"3","VF":"3","37":"3","WF":"3","VJ":"3","RH":"3","X4":"3","WH":"3","Q7":"3","6H":"3","VG":"3","VH":"3","H9":"3","C9":"3","RQ":"3","R5":"3","XG":"3","XH":"3","W5":"3","W9":"3","2X":"3","XF":"3","MC":"3","QH":"3","QR":"3","RC":"3","PC":"3","9R":"3","R9":"3","RM":"3","Q9":"3","PF":"3","89":"3"},"MP":{"JC":"3","3F":"6","5C":"3","2F":"3","4C":"3","WH":"3","4F":"3"},"QH":{"36":"3","78":"3","67":"3","CC":"3","5Q":"3","68":"3","46":"3","56":"3","47":"3"},"H8":{"VG":"6","CW":"3","CX":"3","X3":"3","7H":"3","W3":"3","6G":"3","Q3":"3","5H":"3","9P":"3"},"VW":{"3X":"3","4X":"3","4V":"3","5X":"3","4R":"3","5W":"3","4W":"3","2R":"3"},"CW":{"CP":"3"},"FJ":{"9V":"3","XJ":"3","J4":"3","9R":"3","XM":"3"},"PF":{"5H":"3","5G":"3"},"RJ":{"HF":"3","27":"3"},"Q8":{"V8":"3","CG":"3","V4":"3"},"3R":{"HQ":"3","WW":"3","MH":"3"},"RM":{"QH":"3","2R":"3"},"H9":{"82":"3"},"PH":{"3Q":"3"},"9Q":{"WV":"3","VR":"3","HH":"3","VV":"3","XJ":"3","CM":"3","GH":"3","9F":"3","XH":"3","FH":"3"},"7G":{"MJ":"3","3Q":"3","QH":"3","9Q":"3","3R":"3","7R":"3","QM":"3","CQ":"3","JJ":"3","PC":"3","PJ":"3","QG":"3","PH":"3","5W":"3","2Q":"3"},"5G":{"V2":"3","25":"3","CG":"3","HG":"3","G4":"3","G8":"3","94":"3","7X":"3","8H":"3","VM":"3","93":"3","HM":"3","F2":"3","64":"3|6","9G":"3","92":"3","82":"3","6X":"3"},"8H":{"RX":"3"},"5X":{"H4":"3"},"7V":{"6M":"3","33":"3","59":"3","26":"3","53":"3","42":"3","5H":"3"},"9P":{"C9":"3","3G":"3","J3":"3"},"F8":{"CQ":"3","WR":"6","HV":"3","W9":"3","WV":"3","QC":"3","CV":"3","VP":"3","VV":"3","XR":"3","VF":"3","VX":"3","9R":"3","VC":"3","2R":"3","X8":"3","7Q":"3","XG":"3","WQ":"3","RM":"3","XQ":"3","M9":"3","XW":"3","7J":"3","WM":"3","JM":"3","GM":"3","8Q":"6|3","XX":"3","WX":"3","V9":"3","5J":"3","XH":"3","WC":"3","JV":"3","VW":"3","XP":"3"},"P9":{"XR":"3","XQ":"3","G6":"3","P6":"3"},"2Q":{"VM":"3","WF":"3","4M":"3","3F":"6","3M":"3","5M":"3","2F":"3","VF":"3","8P":"3","4P":"6","4J":"3","2C":"3","4H":"3"},"5H":{"CM":"3","G8":"3","CP":"3","H8":"3","FQ":"3","GC":"3","FP":"3","CW":"3","G5":"3"},"QJ":{"Q6":"3"},"7P":{"96":"3","76":"3","V8":"3","3J":"3"},"GQ":{"V7":"6","97":"6","JM":"3","W7":"6","X5":"3","9R":"6","4W":"3","W8":"3"},"5Q":{"5W":"3","6W":"3"},"W8":{"X9":"3","V2":"3","P8":"3","QC":"3","M2":"3","M9":"3","XV":"3","F7":"3","P6":"3","R2":"3","G9":"3","WX":"3","XM":"6","V9":"3","M8":"3","H9":"3","P9":"3","R5":"3","J9":"3","W9":"3","VW":"3","M4":"3","R4":"3","VP":"3","Q2":"3","F8":"3"},"HP":{"47":"3","86":"3","8X":"3","28":"3","94":"3","29":"3","RQ":"3","84":"3","8R":"3"},"RP":{"2G":"3","VR":"3","2H":"3","RV":"3","RR":"3","QW":"3","VQ":"3"},"9V":{"67":"3"},"2V":{"G3":"3","92":"3","G2":"3","GX":"3"},"RC":{"7F":"3","PF":"3","7V":"3","5X":"3","X4":"3","X5":"3","QC":"3"},"JJ":{"P5":"3","J4":"3","M4":"3","C3":"3","P8":"3","P4":"3","VW":"3"},"J7":{"WV":"3"},"VF":{"H4":"3","CP":"6","HJ":"3","JH":"3","MC":"3","MF":"3","CR":"3","HX":"3","FP":"3","3R":"3","WH":"3","HM":"3"},"XG":{"G3":"3"},"PP":{"HH":"3","3G":"3","JM":"3","JJ":"3","FG":"3","HG":"3","QC":"3"},"M9":{"FX":"3","GV":"3"},"QF":{"6V":"3","P5":"3","9R":"3","6R":"3","CQ":"3","M2":"3","P3":"6","4X":"3","Q5":"3","R5":"3","8R":"3"},"C8":{"QR":"3","RV":"3","PV":"3","VX":"3","7X":"3","QV":"3","VW":"3"},"QC":{"HM":"3","52":"3","F2":"3","97":"3","PR":"6","95":"3","PX":"6|3","PV":"3","PW":"3","26":"6","JP":"3"},"9W":{"96":"3"},"5V":{"W2":"3","V4":"3","W3":"3"},"JH":{"FW":"3","V2":"3","5F":"3","W2":"3","CG":"3","GC":"3","CF":"3","2Q":"3"},"W7":{"RV":"3","W4":"3","XR":"3","8P":"3","RX":"3","XV":"3","P6":"3","QX":"3","X4":"3","7H":"6","WP":"3","XQ":"3","V4":"3","Q6":"3","9F":"3","J9":"3","WV":"3","WQ":"3","W5":"3","7V":"3","Q5":"3","MX":"3","W3":"3","P7":"3","6V":"3","FC":"6","VV":"3","7R":"3","M7":"3"},"5J":{"FW":"3","C5":"3","CV":"3","GP":"3","FV":"3","F5":"3","CX":"3","95":"3","GQ":"3","GM":"3","C2":"3","GR":"6","F6":"3","57":"3","2C":"3","GG":"3"},"XR":{"H9":"3","FQ":"3","4P":"3","6Q":"3","4M":"3"},"MG":{"8M":"3","J4":"3","9R":"3","P4":"3","P3":"3"},"9M":{"4G":"3","84":"3","2M":"3","65":"3"},"9F":{"4V":"3","97":"3","7X":"3","6G":"3","6Q":"6","CQ":"3"},"XJ":{"F4":"3","96":"3","F3":"3","MQ":"3","MP":"3","C3":"3","C4":"3","M7":"3","2J":"3","2H":"3","2M":"3"},"F9":{"2X":"3","Q8":"3","76":"3","PC":"3","PM":"3","QM":"3"},"MV":{"RP":"3","PV":"3","PW":"3","RH":"3"},"RR":{"8C":"3","9V":"3","87":"3","VX":"3","88":"3","9R":"3"},"7Q":{"8J":"3","FV":"3","9R":"3","8Q":"3","7Q":"6|3","4F":"3","7P":"3","4J":"3","25":"3","8H":"3"},"HJ":{"FH":"3","3J":"6","9V":"3","HG":"3","MG":"3","4H":"3","3M":"3","4R":"3","F9":"3","H7":"3","JG":"3","3H":"3","HC":"3","4J":"3","HH":"3","GG":"3","HF":"3","WR":"3","P3":"3","GF":"3","GH":"3","FC":"3","VV":"3","GC":"3","8V":"3"},"JF":{"6M":"3","3X":"3","MH":"3","9G":"3"},"2M":{"73":"3","65":"3"},"89":{"8P":"3","XC":"3"},"X9":{"V5":"3","47":"3","V6":"3","3R":"3","25":"3","X6":"3","X5":"3","M2":"3","37":"3","27":"3","G4":"3","36":"3","85":"3","95":"3","2R":"3","X2":"3","48":"3","54":"3","V4":"3","46":"3","42":"3","R4":"3","28":"3","38":"3","W6":"3","26":"3","55":"3"},"JR":{"97":"3"},"8W":{"MM":"3","HG":"3","M8":"3","JG":"3"},"RH":{"G8":"3","G7":"3","PP":"3","MQ":"3","5F":"3","J9":"3","MP":"3","P3":"3","PQ":"3"},"RG":{"JW":"3","JV":"3"},"RQ":{"FQ":"3","3M":"3","HC":"3","P4":"3"},"6P":{"3R":"3","27":"3","JV":"3","3V":"3","FV":"3","FM":"3","HW":"3","WC":"3","CR":"3","9C":"3"},"6M":{"VC":"3","8J":"3","H7":"3","7M":"3","FF":"6","G9":"3","7H":"3","CJ":"3","CM":"3","GH":"3","VF":"3","WC":"3","FJ":"3","P7":"6","5Q":"3","RF":"3","FG":"3","FH":"3","H4":"3","GF":"3","8H":"3"},"W9":{"HR":"3","G5":"3","MQ":"3","X9":"3","MM":"3","HQ":"3","W2":"3","MP":"3","G4":"3","X4":"3","VF":"3","MR":"3","H5":"3","2M":"3"},"6F":{"V8":"3","G5":"3"},"2R":{"9X":"3","PJ":"3","M9":"3","CW":"3","9M":"3","GX":"3"},"VM":{"7C":"3","3P":"3","99":"3"},"FH":{"HM":"3","62":"3","QC":"3","54":"3","89":"3","77":"3","GH":"3","53":"3","PC":"3","82":"3","FG":"3","CF":"3","CC":"3","X2":"3","GG":"3"},"MW":{"8C":"3","G5":"3","Q6":"3","7C":"3","R4":"3","3H":"3","CF":"3","Q5":"3","6C":"3","8F":"3","FF":"3","6G":"3","7F":"3","9J":"3","W3":"3","5F":"3","P3":"3","CJ":"3","G6":"3","5H":"3","6H":"3","9P":"3","66":"3","8H":"3","9C":"3","FG":"3","FC":"3","6F":"3","9F":"3","9H":"3","8G":"3","7G":"3","98":"3","99":"3","5J":"3","F7":"3","P4":"3","H3":"3","Q7":"3","89":"3","7H":"3","88":"3","M4":"3","C9":"3","9G":"3","Q4":"3","CH":"3","6J":"3","CC":"3","9M":"3","F6":"3","4H":"3","J4":"3","R5":"3","CG":"3"},"7J":{"GG":"3","2H":"3","XG":"3","GF":"3","HG":"3","22":"3","77":"3"},"X6":{"8R":"3","8Q":"3","3R":"3","GR":"3","4V":"3","9V":"3|6","7Q":"3","QX":"3","6R":"3","9W":"3","4R":"3","WP":"3","5W":"3","MR":"3","5V":"3","7V":"3","CR":"3","9X":"3","2V":"3","6Q":"3","7W":"3","5R":"3","9R":"3","7P":"3","8W":"3","6V":"3","7R":"3","VQ":"3","8V":"3","5Q":"3"},"6H":{"WJ":"3","PQ":"3"},"M8":{"MJ":"3","5P":"3","MM":"3","5Q":"3","W9":"3","2M":"3","QM":"3","VG":"3"},"GG":{"GW":"3","8G":"3","9G":"3","3F":"3","CG":"3","G6":"3","2F":"3","4X":"3","V9":"3","9F":"3","FG":"3","CF":"3","26":"3","W7":"3"},"5F":{"FX":"3","VX":"3","GV":"3","CX":"3","HW":"3"},"FG":{"RX":"3","PW":"3","XV":"3","3Q":"3","2R":"3","3P":"3","8X":"3","PG":"3","6W":"3","2Q":"3","8J":"3","HX":"3","6X":"3","QW":"3","2W":"3","2P":"3","X8":"3"},"3J":{"F3":"3","3R":"3","3Q":"3","PQ":"3","7Q":"3","4W":"3","2R":"3","QQ":"3","4R":"3","8X":"3","2Q":"3","QM":"3","3W":"3","MQ":"3","3V":"3","2V":"3","6Q":"3","8W":"3","4Q":"3","2W":"3","5Q":"3","4P":"3"},"6R":{"HR":"3","JV":"3","CW":"3","JW":"3","FR":"3","HX":"3","8W":"3","R2":"3","JX":"3","GQ":"3","XX":"3","PW":"3","MX":"3","GX":"3"},"9J":{"3F":"3","P8":"3","JM":"3","W7":"3","X5":"3","W6":"3","M8":"3","3J":"3"},"XC":{"7F":"3","86":"3","PG":"3","Q2":"3","9G":"3","63":"3","HH":"3","76":"3","77":"3","CJ":"3","9F":"3","53":"3","72":"3","73":"3","FG":"3"},"6G":{"XR":"3","WR":"3","RP":"3","62":"3","XQ":"3","H8":"3","VR":"3","RR":"3","XC":"3","XX":"3"},"2H":{"97":"3","J7":"3","CW":"3"},"WJ":{"J2":"3","RV":"3","WP":"3","54":"3","VP":"3","55":"3","XJ":"3","88":"3","XH":"3"},"W6":{"QV":"3"},"MM":{"75":"3","X9":"3","W5":"3","X3":"3","XM":"3","X8":"3","X5":"3","HW":"3","X4":"3","W4":"3"},"4G":{"MJ":"3","W6":"3","H3":"3","Q6":"3","P5":"3","HH":"3","JJ":"3","MH":"3","M5":"3","P7":"3","H6":"3","W7":"3","X7":"3","QW":"3","P6":"3"},"RF":{"25":"3","33":"3","52":"3","HX":"3"},"4F":{"GG":"3","R6":"3","RM":"3","GP":"3"},"4P":{"XF":"3","WJ":"3","J8":"3","J7":"3","MC":"3","P8":"3","4X":"3","C2":"3","PC":"3","WM":"3","M9":"3","P9":"3","WG":"3","9V":"3","JP":"3"},"VQ":{"RP":"3"},"MR":{"F7":"3","FG":"3"},"2J":{"P9":"3","PP":"3","29":"3","MH":"3","PC":"3","JC":"3","WR":"3","QP":"3","H9":"3","PR":"3","RQ":"3","QQ":"3","WV":"3","MP":"3","QG":"3","RP":"3","VQ":"3","VM":"3","JP":"3","J9":"3","P8":"3","MM":"3","R8":"3","3G":"3","R9":"3","J7":"3","RG":"3","VP":"3","VV":"3","XR":"3","MG":"3","QV":"3","PV":"3","VF":"3","F4":"3","CJ":"3","PJ":"3","WW":"3","RV":"3","Q8":"3","WQ":"3","RM":"3","QM":"3","MJ":"3","PG":"3","XQ":"3","M9":"3","XW":"3","WM":"3","JQ":"3","J8":"3","QJ":"3","MV":"3","PQ":"3","XJ":"3","PH":"3","G4":"3","VR":"3","2J":"3","R7":"3","QH":"3","JG":"3","QR":"3","Q7":"3","WG":"3","2C":"3","VH":"3","RH":"3","MQ":"3","M8":"3","VJ":"3","PM":"3","MC":"3","XV":"3","XP":"3","MF":"3","M7":"3","JF":"3","WP":"3","Q9":"3","QF":"3","RR":"3","P7":"3","RJ":"3","PF":"3","MR":"3","VG":"3","RF":"3"},"XX":{"RW":"3"},"FP":{"VV":"3","3V":"3","VX":"3","6R":"3","7M":"3","VW":"3","56":"3"},"GR":{"JC":"3","2P":"3","HC":"3","76":"3","FH":"3","7M":"3","JF":"3"},"2X":{"92":"3"},"3G":{"3P":"3","2P":"3","J4":"3","5P":"3","GM":"6","4P":"3","QG":"3","PH":"3","PW":"3","4Q":"6","43":"3","6Q":"3"},"WP":{"52":"3","3G":"3","88":"3","6J":"3","57":"3","VF":"3","37":"6","27":"3","4H":"3","99":"3","44":"3","6M":"3","3P":"3","VG":"3","H9":"3","GX":"3","98":"3","7V":"3","45":"3","38":"6","26":"3","2F":"3","C5":"3","C4":"3","89":"3"},"PW":{"48":"3"},"6J":{"6V":"3","7R":"3","9H":"3","5R":"3","3J":"3","5Q":"3","HG":"3","34":"3","GG":"3"},"9H":{"WC":"3","CM":"3","V8":"3","QG":"3","F3":"3","MF":"3","JC":"3","M9":"3","62":"3","8M":"3","MG":"3","F7":"3|6","G4":"6","99":"3","WH":"3","XM":"3","JJ":"3","H8":"3","H7":"3","H9":"6","H6":"3","F2":"3","XH":"3","WG":"3","VC":"3","C2":"3","GG":"3","QH":"3","5X":"3","RC":"3","H5":"3","F8":"3","5Q":"3","X8":"3"},"VG":{"79":"3"},"WQ":{"CJ":"3","9J":"3","8J":"3","7J":"3"},"FM":{"R5":"3"},"JQ":{"6G":"3"},"GP":{"4G":"3","Q9":"3","4H":"3","PC":"3"},"GH":{"RP":"3","FF":"3","52":"6"},"CQ":{"M4":"3","X7":"3","2J":"3"},"5M":{"87":"3","W5":"3","V5":"3","95":"3"},"3F":{"QP":"3","QQ":"3","PQ":"3","PP":"3","VQ":"3"},"QQ":{"M4":"3","3X":"3","3G":"3","M3":"3","GJ":"3","RH":"3","XW":"3","X8":"3","W4":"3","F6":"3"},"WG":{"38":"3","9Q":"3"},"MH":{"75":"3","G8":"3","FW":"3","C5":"3","V6":"3","V5":"3","FP":"3","W5":"3","GP":"3","F5":"3","FM":"3","95":"3","CJ":"3","94":"3","J5":"3","GC":"3","GM":"3","FQ":"3","J3":"3","HF":"6","GF":"6|3","C6":"3","C7":"3","GG":"6"},"VP":{"W6":"3","X6":"3","7G":"3","V5":"3","V7":"3","9G":"3","Q2":"3","W5":"3","GP":"3","7H":"3","R2":"6","X5":"3","V4":"3","W4":"3","V8":"3","XG":"3","X7":"3","HP":"3"},"CX":{"97":"3","6G":"3","6F":"3"},"7C":{"QH":"3","6W":"3","MV":"3","55":"3","MR":"3","57":"3","56":"3"},"RV":{"MH":"3","V2":"3","5Q":"3"},"HR":{"87":"3"},"4H":{"9W":"3","Q3":"3","P3":"3"},"8J":{"87":"3","96":"3","C5":"3","97":"3","95":"3","FF":"3","C8":"3","HV":"6","GQ":"3","P3":"3","98":"3","88":"3","F6":"3","2G":"3","58":"3","FG":"3","C6":"3","4H":"3"},"XQ":{"59":"3","QV":"3"},"HQ":{"87":"3","79":"3","3Q":"3|6","76":"3","77":"3","78":"3","74":"3","4Q":"3","84":"6|3"},"8G":{"6M":"3","CM":"3","8M":"3","JJ":"3","9C":"3","JF":"3"},"CJ":{"M6":"3","6R":"3","M5":"3","46":"3","V8":"3","47":"3"},"9G":{"66":"3","H5":"6","97":"3","RX":"3","8W":"3","QQ":"3","72":"3","89":"3","8V":"3"},"GV":{"QP":"6","5W":"3","5M":"3","QM":"6","VH":"3","RJ":"3"},"FR":{"MW":"3","JV":"3","HV":"3"},"2W":{"7W":"3","9H":"6|3","W5":"3","V6":"3","CC":"3","X5":"3","8G":"3","9C":"6|3","9G":"3","MG":"3","W4":"3"},"CH":{"Q9":"3","W8":"3","27":"3","J8":"3","WX":"3","R4":"3","J9":"3","64":"3","G6":"3","P8":"3","HW":"3","RR":"3","37":"3","M9":"3","82":"3","3J":"3","W9":"3","P9":"3","RG":"3","JP":"3","W7":"3"},"PJ":{"PC":"3","FV":"3"}},"QJ":{"FX":{"5J":"3","4G":"3","4M":"3","3H":"3","5M":"3","3J":"3","4J":"3|6","4H":"3"},"CW":{"R5":"3"},"4W":{"M6":"3"},"FW":{"VP":"3"}},"RX":{"RV":{"V8":"3","P8":"3","GR":"3","HG":"3","GV":"3","Q7":"3","FR":"3","FV":"3","V9":"3","M8":"3","2M":"3","R8":"3","H7":"3","J7":"3","W8":"3","CR":"3","WJ":"3","P7":"3","J8":"3","R9":"3","RM":"3","Q8":"3","M6":"3","M7":"3","R7":"3"},"PX":{"3C":"3"},"QV":{"7W":"3","HH":"3","GM":"3","CP":"3","2X":"3","5X":"3","8W":"3","7X":"3"},"RX":{"XV":"3","G6":"3","P8":"3","C8":"3","5V":"6","J6":"3"},"PW":{"X6":"3","53":"3","34":"3","72":"3","HR":"3","64":"3"},"XV":{"66":"3","FF":"3","X9":"3","78":"3","RM":"3","46":"3"},"QX":{"83":"3"},"WX":{"79":"3","PG":"3","7G":"3","Q2":"3","5F":"3","W2":"3","39":"3","6G":"3","QJ":"3","GC":"3","9F":"3","7C":"3","CF":"3","9J":"3"},"MW":{"7G":"3","HJ":"3","9G":"3","J9":"3","HC":"3","6H":"3","GC":"3","5H":"3","M9":"3","3J":"3","CF":"3","FC":"3","4H":"3"},"WW":{"36":"3","35":"3","48":"3","VR":"3","33":"3","J5":"3","4G":"3","X9":"3","X4":"3","76":"3","42":"3","GF":"3","34":"3","22":"3","46":"3","47":"3","32":"3","64":"3"},"CX":{"HW":"3","PX":"3","QV":"3","JV":"3","WX":"3","PR":"3","MW":"3","CW":"3","CX":"3","XM":"3","FX":"3","9W":"3","7X":"3","WP":"3","8X":"3","XQ":"3","GX":"3","WV":"3","WQ":"3","XH":"3","HX":"3","FW":"3","QW":"3","PV":"3","QR":"3","RR":"3","9X":"3","VP":"3","WR":"3","HV":"3","MV":"3","VR":"3","8W":"3","JW":"3","VQ":"3"},"FX":{"3P":"3","9G":"3","9H":"3","2J":"3","GQ":"3","3H":"3","2H":"3","GH":"3","3J":"3","FC":"3","4H":"3"},"GX":{"MF":"3"},"JX":{"V4":"3"},"WV":{"M3":"3","8C":"3","G5":"3","7C":"3","64":"3","R4":"3","79":"6|3","6C":"3","57":"6","83":"6|3","Q2":"3","22":"3","52":"3","J5":"3","CV":"3","92":"3","82":"3","P2":"3","34":"3","75":"3","7F":"3","39":"3","GG":"3","85":"3","38":"3","J7":"6","62":"3","6M":"6","5C":"3|6","X7":"3","67":"6","55":"3","M5":"3","25":"3","96":"3","33":"3","6Q":"3","5G":"3","43":"3","32":"3","C3":"3","66":"3|6","42":"3","GF":"3","77":"6|3","23":"3","Q3":"3","F3":"3","H7":"3","FG":"3","35":"6","J8":"3","56":"3","45":"3","72":"3","73":"6","65":"3","95":"3","G9":"6","36":"3","47":"3","R7":"3","F9":"6|3","C6":"3","C4":"3","89":"3","7H":"6","88":"3","4C":"3","76":"3","M4":"3","C9":"3","3C":"3|6","74":"3","46":"6|3","6J":"6|3","87":"3","27":"3","C7":"3","F6":"3","F2":"3","84":"3","J4":"3"},"VW":{"VG":"3","HM":"3","F2":"3","V3":"3","Q2":"3","QF":"3","X3":"3","95":"3","9H":"3","V4":"3","CQ":"3","Q7":"3","Q3":"3","VF":"3","JH":"3","37":"3","6M":"3","RF":"3","5W":"3","25":"3","GJ":"3","RC":"3","C6":"3","JM":"3"},"HX":{"96":"3","87":"3","V6":"3","86":"3","W3":"3"},"XW":{"F8":"6","36":"3","26":"3","MM":"3","HW":"3","29":"3"},"QW":{"96":"3","75":"3","VQ":"3","67":"3","62":"3","G7":"3","6J":"3","XR":"3","97":"3","Q4":"3","22":"3","5F":"3","69":"3","J6":"3","76":"3","XM":"3","C8":"3","G4":"3","48":"3","M6":"3","38":"3","88":"3","8C":"3","57":"3","M5":"3","5C":"3","3C":"3","X2":"6","VW":"3"},"RW":{"R9":"3","RP":"3","28":"3","54":"3","RM":"3","38":"3","33":"3","F6":"3","WH":"3","XG":"6","34":"3","R5":"3"},"MX":{"Q7":"3"},"WR":{"PX":"3","QV":"3","JV":"3","PW":"3","MW":"3","CW":"3","CX":"3","FX":"3","9W":"3","7X":"3","FV":"3","8X":"3","JX":"3","MR":"3","JR":"3","HX":"3","FW":"3","QW":"3","PV":"3","5X":"3","QR":"3","9X":"3","HV":"3","MV":"3","JW":"3"},"JW":{"7W":"3","RP":"3","QP":"3","CV":"3","GR":"3","6X":"3","5X":"3","VP":"3","8W":"3","7X":"3","WM":"3","PQ":"3","HR":"3","XM":"3"},"VX":{"M5":"3"},"VV":{"4G":"3","G5":"3","P9":"3","29":"3","JC":"3","Q5":"3","X2":"3","57":"3","RQ":"3","C5":"3","W2":"3","78":"3","P6":"3","QC":"3","V5":"3","QG":"3","F5":"3","R9":"3","W3":"3","5C":"3","X4":"3","5F":"3","67":"3","28":"3","P3":"3","CJ":"3","96":"3","FW":"3","PJ":"3","G6":"3","X3":"3","5G":"3","GF":"3","J8":"3","X5":"3","56":"3","97":"3","G8":"3","PQ":"3","8G":"3","W4":"3","GJ":"3","MX":"3","XX":"3","95":"3","36":"3","C6":"3","FX":"3","QH":"3","P4":"3","W6":"3","FR":"6","M6":"3","68":"3","JG":"3","89":"3","4C":"3","M4":"3","M8":"6","46":"3","9G":"3","MC":"3","Q4":"3","4F":"3","M7":"3","CC":"3","C7":"3","GV":"3","P7":"3","86":"3","PF":"3","RJ":"3","GC":"3","W5":"3","48":"3","J4":"3","W8":"3","R5":"3"}},"JM":{"87":{"6X":"3"},"X2":{"H8":"3"},"WH":{"GM":"3","GP":"3"},"VG":{"2Q":"3","3M":"3","2P":"3","3P":"3","3R":"3","3Q":"3","2M":"3","2R":"3"},"64":{"4V":"3"}},"XV":{"H2":{"GG":"3","GC":"3","GF":"3","HG":"3","2J":"3"},"G5":{"RQ":"3","WV":"3"},"9W":{"49":"3"},"R4":{"QX":"3"},"HW":{"MR":"3"},"5V":{"G9":"3"},"X6":{"88":"3","G5":"3"},"Q5":{"22":"3"},"X2":{"HH":"3","H4":"3","GJ":"3","J2":"3","GH":"3","4W":"3"},"C5":{"R5":"3"},"JX":{"44":"3"},"W2":{"68":"3"},"R6":{"5P":"3","5W":"3","8M":"3","8W":"3"},"J5":{"58":"3","57":"3","62":"3","56":"3","37":"3","27":"6","85":"3","96":"3","95":"3","4F":"3","48":"3","49":"3","59":"3","66":"3","46":"3","39":"3","3C":"3","74":"3","2C":"3","38":"3","55":"3","83":"3","4C":"3","X8":"3","84":"3","3F":"3"},"CW":{"J9":"3"},"5P":{"33":"3"},"92":{"Q8":"3","Q9":"3","M8":"3","Q6":"3","V6":"3","P5":"3","V5":"3","R7":"3","V7":"3","M7":"3","P8":"3","R8":"3","Q7":"3","M6":"3","R6":"3","Q5":"3","V8":"3","P7":"3","M5":"3","P9":"3","R5":"3","P6":"3"},"J3":{"G6":"3","C5":"3","G5":"3","F5":"3","F6":"3"},"P2":{"2Q":"3","FR":"3","JX":"3","6W":"3","3R":"3","MX":"3","FW":"3","FV":"3"},"R2":{"CP":"3","3V":"3"},"W3":{"HH":"3","G5":"3"},"PV":{"RF":"3"},"P3":{"WF":"3","62":"3","F2":"3","RR":"3","GH":"3","VF":"3","WC":"3","72":"3"},"F4":{"JJ":"3"},"M5":{"6P":"3","CV":"3","8Q":"3","F7":"3","75":"6"},"25":{"48":"3","39":"3"},"V2":{"R7":"3","MX":"3"},"X3":{"73":"3","74":"3","2J":"3","64":"3"},"C3":{"MJ":"3","4C":"3"},"H5":{"RF":"3","MJ":"3","HJ":"3","MH":"3","4C":"3","XF":"3","XC":"3","X8":"3"},"Q3":{"HF":"3","CF":"3","87":"3","52":"3","X5":"3","8G":"3","JF":"3","C6":"3"},"35":{"MF":"3"},"XJ":{"X9":"3"},"GJ":{"4J":"3","4H":"3","7J":"3","QC":"3","4M":"3"},"4R":{"66":"3"},"G4":{"GV":"3","JV":"3","HV":"3"},"P4":{"X4":"3","V6":"3","V2":"3","X7":"3","X5":"3","W6":"3","W4":"3"},"W6":{"R3":"3"},"H3":{"FR":"3","VH":"3","CQ":"3","FV":"3"},"RX":{"FP":"6"},"P5":{"3C":"3"},"V6":{"PC":"3"},"M8":{"44":"3"},"CR":{"W2":"3"},"Q4":{"47":"3","67":"3","27":"3","28":"3","36":"3","92":"3","48":"3","46":"3","3H":"3","38":"3","35":"3","57":"3","93":"3","58":"3","25":"3","66":"3"},"M2":{"WR":"3","WQ":"3"},"HX":{"R4":"3","M3":"3","R2":"3","M6":"3","Q6":"3","F7":"6","R3":"6|3","X3":"3"},"GW":{"XX":"3"},"FH":{"66":"3","33":"3","34":"3"},"XF":{"JM":"3"},"J4":{"9W":"3","CX":"3","HV":"3"},"MR":{"3H":"3"},"R5":{"R4":"3","7V":"3","JQ":"3","R3":"3"}},"RJ":{"XV":{"JW":"3","PV":"3","JX":"3"},"RX":{"XR":"3"},"CW":{"R9":"3"}},"WX":{"3P":{"36":"3","35":"3","25":"3","45":"3","26":"3"},"2P":{"J8":"3","P7":"3"},"6P":{"JR":"3","89":"3","FF":"3","85":"3","PX":"3","MW":"3","74":"3","8V":"3","FG":"3","HP":"3","GG":"3"},"2V":{"96":"3"},"7Q":{"58":"3"},"XW":{"M4":"3","G8":"3","H8":"3","JF":"3","M5":"3","J4":"3"},"4P":{"M6":"3","98":"3","W5":"3","V5":"3","P6":"3"},"PW":{"XX":"3"},"XV":{"VX":"3","PX":"3","MC":"3"},"QW":{"8R":"3","JM":"3"},"6Q":{"P8":"3","R8":"3","X5":"3","P7":"3"}},"FM":{"96":{"VF":"3","5F":"3","RF":"3","GG":"3","7F":"3","8F":"3","CF":"3","9F":"3","FG":"3","HG":"3","6F":"3","WF":"3","CG":"3","JG":"3"},"93":{"XP":"3","PV":"3","MW":"3","PW":"3","JX":"3"},"MC":{"FX":"3","VR":"3","XP":"3","VP":"3","XG":"3","XC":"3","WG":"3","VM":"3","RM":"3","RJ":"3"},"PC":{"65":"3","97":"3","5F":"3","49":"3","99":"3","46":"3","4F":"3","2F":"3","F8":"3","5H":"3","7C":"3","2G":"3","9C":"3","C7":"3"},"84":{"8R":"3","6X":"3","W5":"3"},"C5":{"47":"3"},"C6":{"8C":"3","3F":"3","8F":"3","8H":"3","9F":"3","9C":"3"}},"WW":{"R4":{"6R":"3","5Q":"3","3Q":"3"},"Q4":{"5W":"3"},"F4":{"XH":"3","XG":"3","WF":"3"}},"PJ":{"4V":{"G7":"3"},"7Q":{"JJ":"3"},"6P":{"9P":"3"},"4W":{"9V":"3","8P":"3"},"6R":{"27":"3"},"CX":{"M8":"3","M3":"3","Q6":"3","P5":"3","H7":"3","Q4":"3","J6":"3","Q7":"3","M6":"3","Q5":"3","R6":"3","P7":"3","P6":"3"},"3X":{"64":"3"},"2R":{"46":"3"},"7X":{"5J":"3","7X":"3","6J":"3","6P":"3","5G":"3","7R":"3","5F":"3","69":"3","7V":"3","5P":"3","6R":"3","5M":"3","78":"3","7Q":"3","8Q":"3","68":"3","5H":"3","6C":"3","6M":"3","5C":"3","6F":"3","8R":"3","59":"3"},"4R":{"HQ":"3"},"3P":{"25":"3"},"5P":{"5P":"3","RV":"3","XP":"3","RW":"3","RX":"3","JM":"3","VW":"3","VQ":"3"},"5W":{"4F":"3"},"VW":{"MF":"3","PM":"3","PP":"3"},"2X":{"R2":"3"},"3W":{"36":"3","V2":"3","CX":"3"},"3V":{"FQ":"3","FM":"3","R6":"3"},"7W":{"HQ":"3"},"5R":{"8F":"3"},"6V":{"87":"3","9H":"3","78":"3","8M":"3","88":"3","7M":"3","68":"3","77":"3"},"2W":{"4X":"3","8X":"3"},"5Q":{"PF":"3","MF":"3","J8":"3","MP":"3"},"2P":{"29":"3"},"4P":{"GM":"3","FQ":"3","PH":"3"}},"JJ":{"WV":{"68":"3"}},"MJ":{"GP":{"W9":"3"},"HW":{"5F":"3","4P":"3","9R":"3"},"HP":{"Q9":"3","W9":"3","FC":"3"},"RX":{"X5":"3"},"JQ":{"9J":"3"},"JP":{"9F":"3"},"QX":{"58":"3"},"WW":{"P7":"3"},"FR":{"HM":"3","J2":"3","M3":"3","J4":"3","M4":"3","69":"3","FF":"3","GQ":"3","M2":"3","GH":"3","GC":"3","H2":"3","J3":"3","FG":"3","GF":"3","FC":"3","8H":"3","GG":"3"},"FV":{"HG":"3","XX":"3"},"XQ":{"XP":"3"},"GW":{"79":"3","MG":"3","JG":"3","22":"3","R8":"3","MH":"3","QJ":"3","23":"3","33":"3","PJ":"3","PH":"3","M5":"3"},"JX":{"M4":"3","54":"3","44":"3","M3":"3","M6":"3","53":"3","34":"3","M5":"3","P4":"3"},"MR":{"2C":"3"},"JR":{"57":"3"},"2X":{"3X":"3"},"XW":{"57":"3"},"MQ":{"3H":"3"},"HV":{"VM":"3","RM":"3"},"VP":{"JC":"3","PH":"3"},"VR":{"P8":"3","Q8":"3"},"VX":{"22":"3"},"FQ":{"JW":"3","MW":"3","JX":"3","HX":"3","MX":"3","MV":"3"}},"HM":{"VG":{"XP":"3","7C":"3"},"RG":{"M2":"3"}},"WV":{"H2":{"8X":"3"},"G5":{"4R":"3","3R":"3","2R":"3"},"P9":{"37":"3"},"PP":{"M6":"3","HC":"3","CR":"3","J6":"3"},"CQ":{"53":"3"},"C2":{"5P":"3","HP":"3","GV":"3","X7":"3"},"PC":{"7J":"3"},"79":{"WW":"3"},"3H":{"H4":"3","H2":"3","G3":"3","R2":"3","J2":"3","H3":"3","M2":"3"},"H9":{"V5":"3"},"CP":{"HH":"6"},"X2":{"GQ":"3"},"G2":{"G3":"3","7C":"3","XG":"3","4F":"3","5G":"3"},"C5":{"GW":"6","GX":"6"},"83":{"5J":"3","3M":"3","RH":"3","9F":"3","3J":"3","4J":"3","FG":"3","9C":"3"},"W2":{"6X":"3"},"J2":{"33":"3","24":"3","HP":"3","53":"3","23":"3","HM":"3","32":"3"},"78":{"2G":"3","2H":"3","47":"3"},"W9":{"8P":"3","8J":"3","8M":"3","7M":"3","7P":"3"},"93":{"XQ":"3","XP":"3","VC":"3"},"CW":{"8W":"3"},"8V":{"P8":"3","R9":"3","P9":"3","W3":"3"},"92":{"M4":"3","FX":"3","GW":"3","P8":"3","59":"3","55":"3","4C":"3","56":"3","47":"3"},"F5":{"RC":"3"},"P2":{"4J":"3","FH":"3"},"5M":{"PX":"3"},"R2":{"87":"3"},"9J":{"M7":"3"},"R8":{"36":"3"},"3G":{"JV":"3","MM":"3","JW":"3","HJ":"3","HX":"3","RX":"3","JX":"3","HW":"3","PX":"3","MX":"3","QX":"3","JM":"3"},"W3":{"62":"3","25":"3","63":"3"},"85":{"R4":"3","VJ":"3","Q5":"3"},"W7":{"MG":"6","J9":"3","HH":"3","H9":"3","J5":"3","GH":"3","WC":"3","M9":"3"},"5C":{"MJ":"3","GG":"3","HJ":"3","JH":"3","Q2":"3","HC":"3","FR":"3","PJ":"3","HG":"3","RH":"3"},"X4":{"5X":"3"},"RG":{"J3":"3"},"67":{"C9":"3"},"V3":{"P5":"3"},"P3":{"98":"3"},"J6":{"9H":"3"},"F4":{"V9":"3","8F":"3","FM":"3","R5":"3"},"H4":{"52":"3"},"X8":{"64":"6"},"94":{"H9":"3","8P":"3","CV":"3","Q2":"3","4R":"3","3V":"3","2W":"3","92":"3","FH":"3","7P":"3","Q5":"3","P7":"3","7Q":"3"},"X3":{"8C":"3","8R":"3","66":"3","59":"3","58":"3","92":"3","9C":"3","9R":"3","82":"3","83":"3","56":"3"},"XQ":{"6F":"3"},"H5":{"45":"3"},"C3":{"4J":"6","8Q":"3","GJ":"3","3P":"3","JF":"3","4M":"3"},"F3":{"XR":"3","CF":"3","R2":"3","CC":"3"},"GH":{"65":"3"},"F8":{"25":"3"},"X5":{"42":"3"},"PQ":{"95":"3"},"G3":{"3F":"3","5P":"3","3G":"3","JP":"3","2H":"3","4Q":"6","HP":"3","4C":"3","7Q":"3"},"95":{"53":"3","R6":"3","P9":"3","Q5":"3"},"5J":{"6M":"3","6J":"3","7M":"3"},"G4":{"4V":"3","MW":"3","PW":"3","PX":"3","64":"3"},"C4":{"24":"3"},"P4":{"WG":"3","6V":"3"},"W6":{"JQ":"3","MW":"3","W7":"3"},"H3":{"HM":"3","28":"3","GP":"3","GQ":"3","2V":"3","PQ":"3","38":"3","74":"3","37":"3","GR":"3","JM":"3"},"68":{"R2":"3"},"4C":{"2F":"3"},"7H":{"G8":"3","G7":"3","WF":"3","RC":"3"},"M4":{"JP":"3","HP":"3","JM":"3","X5":"3"},"74":{"P5":"3"},"M8":{"HW":"3"},"PM":{"C4":"6","G7":"3","F6":"3"},"Q4":{"48":"3","87":"3","58":"3","85":"3","57":"3","47":"3"},"87":{"PV":"3"},"XC":{"HC":"6","3V":"3"},"84":{"XH":"3","GC":"3","72":"3","W9":"3","FC":"3","64":"3","XX":"3"},"F2":{"HC":"3","6W":"3","QQ":"3","RM":"3","3J":"3"},"4H":{"G8":"3","F7":"3","G7":"3"},"86":{"JQ":"3"}},"4J":{"P9":{"RF":"3","QH":"3","GC":"3","H3":"3"}},"QM":{"53":{"72":"3"},"CG":{"43":"3"},"P8":{"VF":"3","VC":"3","WH":"3"},"63":{"4M":"3"},"44":{"P4":"3","P5":"3"},"75":{"6J":"3","38":"3","46":"3","3H":"3"},"7H":{"FQ":"3"},"V9":{"JH":"3","MH":"3","JJ":"3","MG":"3","PH":"3"},"54":{"5J":"3","4J":"3","MC":"3","MF":"3","6C":"3","5H":"3","F4":"3","C8":"3","VH":"3","4M":"3","RJ":"3"},"C9":{"W8":"3"},"64":{"P5":"3"},"74":{"JP":"3","P7":"3"},"RF":{"MJ":"3"},"HF":{"39":"3","27":"3","2C":"3","29":"3","28":"3","3C":"3"},"GF":{"X6":"3","X9":"3","W5":"3","W7":"3","X7":"3","X5":"3","W6":"3","X8":"3"},"FC":{"VF":"3"},"55":{"F2":"3"},"32":{"7J":"3"},"M7":{"8F":"3","6G":"3"}},"XW":{"G3":{"5R":"6","FX":"6","4W":"6","FW":"6"},"X6":{"H3":"3","G3":"3","F3":"3","G2":"3","F2":"3","J6":"3","PR":"3","G4":"3","J5":"3","C2":"3","H4":"3","H5":"3"},"52":{"P9":"3"},"CW":{"H5":"3"},"V3":{"MJ":"3","HJ":"3","MH":"3","MM":"3","PJ":"3","HM":"3","PH":"3"},"V5":{"VH":"3"},"W5":{"X6":"3","W5":"3","MC":"3","X7":"3","W4":"3","J9":"3"},"MF":{"R4":"6"},"W2":{"3Q":"3","3R":"3","FW":"3","GV":"3","GW":"3","CW":"3","FR":"3","FV":"3","CX":"3","GQ":"3","GR":"3","FX":"3","MX":"3"},"64":{"3V":"3"},"F9":{"MH":"3"},"9R":{"8M":"3"},"X5":{"75":"3","CW":"3","9X":"3","6P":"3","CV":"3","7R":"3","9W":"3","CX":"3","9R":"3","7Q":"3","8Q":"3","7P":"3","8P":"3","6M":"3","FX":"3","8V":"3","9V":"3","8R":"3"},"W3":{"FW":"3","JV":"3","PP":"3","CW":"3","JW":"3","8W":"3","CX":"3","HV":"3","HW":"3","2M":"3","VX":"3"},"G4":{"F2":"6"},"V4":{"RX":"3"},"JJ":{"J9":"3"},"X4":{"2M":"6"},"W4":{"53":"3","QP":"3","C8":"3","97":"3","CG":"3","8P":"6","RX":"3","4V":"3","JQ":"3","86":"3","7F":"3","G9":"3","99":"3","PR":"3","96":"3","95":"3","CW":"3","CX":"3","8H":"6","JJ":"3","CF":"3","8X":"3","HQ":"6|3","FF":"3","C7":"3","C9":"3","RQ":"3","JX":"3","9F":"3","46":"6","87":"3","98":"3","77":"3","8F":"3","HH":"3","76":"3","6X":"3","PV":"3","RR":"3","9X":"6","35":"6","P2":"3","PM":"3","F8":"6","C6":"3","FQ":"3"},"VF":{"2P":"3"},"GF":{"G7":"3"},"X2":{"7R":"3","8R":"3","8P":"3","8Q":"3","9P":"3","CR":"3","9R":"3","9Q":"3"},"QW":{"P8":"3"},"6Q":{"HM":"6"}},"XX":{"75":{"H2":"3"},"JR":{"5F":"3","35":"3","45":"3"},"3P":{"R2":"3"},"JV":{"WV":"3"},"JW":{"M9":"3"},"FP":{"FC":"3","M8":"3"},"GP":{"2G":"3","H2":"3","G3":"3","H3":"3","68":"3"},"PR":{"6X":"3"},"76":{"M4":"3"},"3M":{"WX":"3"},"77":{"PV":"3","PX":"3","MV":"3"},"QV":{"6P":"3"},"MV":{"VP":"3"},"JX":{"86":"3","P4":"3"},"2V":{"G8":"3"},"PX":{"9W":"3"},"78":{"RF":"3","Q7":"3","M6":"3","R9":"3","WG":"3","QC":"3","P2":"3","P7":"3","RC":"3"},"PV":{"RP":"3","22":"3"},"GM":{"7W":"3","85":"3"},"MW":{"CG":"3"},"88":{"8P":"3","9J":"3","8M":"3","34":"3","7M":"3","7P":"3","9M":"3"},"4P":{"4J":"3"},"PW":{"JW":"3"},"MX":{"HX":"3"},"QW":{"2P":"3"},"QX":{"WR":"3","VR":"3","WQ":"3","VW":"6","VQ":"3"}},"WR":{"PP":{"VC":"6|3","3Q":"3","V2":"3","P5":"3","J4":"3","Q4":"3","Q2":"3","R3":"3","P2":"3","M4":"3","C8":"3","G6":"3","X8":"3","R2":"3","V4":"3","J5":"3","JJ":"3","M6":"3","Q3":"3","PV":"3","P3":"3","4X":"3","JH":"3","Q5":"3","P4":"3","W9":"3","M5":"3","H6":"3","RF":"3"},"WH":{"4G":"3","C5":"6","VV":"3","95":"3","5H":"3","H2":"6","4J":"3","4H":"3"},"CX":{"Q4":"3","JP":"3","GW":"3","FF":"3","J7":"3","2F":"3","V2":"3","GV":"3","F9":"3","6G":"3","2C":"3","FG":"3","FC":"3","J9":"3"},"WR":{"XW":"3","M8":"3"},"QP":{"5F":"3","26":"3","72":"3","7Q":"3"},"HW":{"M3":"3","P5":"3","63":"3","P2":"3","7M":"3","36":"3","95":"3","W3":"3","6R":"3","V4":"3","W4":"3","4W":"3","72":"3","25":"3","26":"3","2Q":"3"},"HV":{"MJ":"3","G8":"3","5J":"6","6P":"3","4M":"3","Q4":"3","J7":"3","5F":"3","7M":"3","3M":"3","F9":"3","6G":"3","J5":"3","5M":"6","CM":"6|3","MH":"3","Q3":"3","F8":"3","9F":"3","6M":"3","3J":"3","CR":"3","FC":"3","6F":"3","9C":"3","8R":"3"},"QW":{"QR":"3","4Q":"3","M9":"3","QQ":"3"},"PR":{"PG":"3","M6":"3","97":"3","67":"6","C7":"3","M5":"3","F6":"3"},"RQ":{"62":"3","52":"3","65":"3"},"JX":{"GM":"3","4X":"3","6X":"6|3","6W":"6"},"MW":{"R7":"3","P4":"3","F6":"6"},"QQ":{"7R":"3","8Q":"3","V5":"3","V4":"3","7Q":"3"},"HR":{"6W":"3","9Q":"3","CQ":"3","8V":"3","QJ":"3","XX":"3"},"MP":{"PX":"3","XW":"3"},"RP":{"5X":"3","PR":"3","97":"3","78":"3","XM":"3"},"RW":{"JC":"3","H5":"6","G5":"6"},"VQ":{"FJ":"3","FG":"3"},"VM":{"7F":"3","7W":"3","8F":"3","W8":"3","7G":"3","VJ":"3","8G":"3","89":"3","Q4":"3","XJ":"3","8C":"3","P4":"3","W9":"3"},"VP":{"8F":"3","96":"3","9F":"3","HG":"3"},"VV":{"R9":"3","6V":"3","Q9":"3","MG":"6","V7":"3","89":"3","F9":"3","X5":"3","P8":"3","C9":"3","88":"3"},"XR":{"XH":"3","3R":"3","W6":"3","H7":"3","3Q":"3","VJ":"3"},"QV":{"8F":"3","GH":"3","8G":"3","89":"3"},"FW":{"FJ":"3","7G":"3","QG":"3","HJ":"3","PX":"3","QV":"3","RX":"3","JV":"3","JQ":"3","PW":"3","XP":"3","JP":"3","QX":"3","G9":"3","WX":"3","MW":"3","WW":"3","9W":"3","F9":"3","PH":"3","RQ":"3","JX":"6","MR":"3","XH":"3","XG":"3","5M":"3","VW":"3","R3":"3","J5":"3","HR":"3","XW":"3","HH":"3","RW":"3","XX":"3","MQ":"3","QR":"3","MX":"3","HV":"3","J6":"3","MV":"3","JW":"3","F8":"3","M6":"3"},"WW":{"G8":"6|3","G7":"3","F7":"6","H7":"3","GC":"3","F8":"6","6F":"3"},"RV":{"74":"3"},"XG":{"3M":"3","2P":"3","5M":"3","WM":"3","RM":"3","QM":"3","4M":"3"},"WQ":{"88":"3"},"RM":{"QH":"3","7C":"6|3","X7":"3"},"XM":{"6M":"3","VV":"3","QH":"3","RV":"3","Q8":"3","MC":"3","RX":"3","7P":"3"},"QM":{"7W":"3","3R":"3","JF":"3","7X":"3","JG":"3","3V":"3","7R":"3","MF":"3","HH":"3","MC":"3","4R":"3","2V":"3","2W":"3","5Q":"3","HG":"3","P9":"3","6Q":"3"},"XQ":{"R4":"3","P8":"3","M6":"3","WP":"3","XF":"3","XC":"3","P6":"3","P7":"3","W3":"3"},"JQ":{"JP":"3","VP":"3","RX":"3","JM":"3","MP":"3"},"WM":{"3M":"3","8J":"3","2F":"3","2M":"3","R5":"3","Q5":"3","4M":"3"},"JR":{"HX":"3","38":"3"},"MV":{"48":"3","58":"3","2M":"3"},"PQ":{"23":"3"},"XJ":{"J5":"3","79":"3","78":"3","M9":"3","88":"3","WP":"3","XF":"3","XJ":"3","89":"3","68":"3","V8":"3"},"9X":{"XF":"3","MJ":"3","RP":"3","QH":"3","PG":"3","MM":"3","RH":"3","JJ":"3","QJ":"3","PJ":"3","PH":"3","QG":"3","RG":"3","JM":"3"},"MX":{"9M":"3"},"XX":{"WV":"3"},"VR":{"3F":"3","97":"3"},"GX":{"8C":"3","P9":"3","64":"3|6","63":"3","G2":"3","54":"3|6","8F":"3","RQ":"3","C5":"3","J2":"3","22":"3","52":"3","3G":"3","85":"3","2Q":"3","67":"3","59":"3","53":"3","94":"3","43":"3","C3":"3","66":"3","42":"3","F3":"3","H6":"3","J8":"3","73":"3","4R":"3","G3":"3","65":"6","95":"3","C6":"3","Q7":"3","76":"3","74":"3","CH":"3","XC":"3","F6":"3","F2":"3","P7":"3"},"WJ":{"7M":"3","8P":"3","6J":"3","8M":"3","F7":"3","G4":"3","5J":"3","6P":"3","9Q":"3","4F":"6","8H":"3","6M":"3","Q4":"3","Q6":"3","8J":"3","WV":"3","HR":"3","G3":"3","29":"3","7P":"3","JW":"3","P2":"3","3F":"3"},"FX":{"5X":"3","9Q":"3","V2":"3","MG":"3","QC":"3","F2":"3","9X":"3","8J":"3","V5":"3","R4":"3","HJ":"3","Q2":"3","R3":"3","W5":"3","P2":"3","22":"3","J9":"3","FM":"3","MP":"3","FF":"3","C8":"3","CJ":"3","R2":"3","X5":"3","W3":"3","V4":"3","85":"3","M2":"3","Q3":"3","P3":"3","W4":"3","88":"3","9P":"3","P4":"3","FJ":"3","9M":"3","RF":"3","FG":"3","CR":"3","CC":"3","R5":"3","X2":"3","9C":"3","W7":"3"},"XH":{"8C":"3","96":"3","76":"3","56":"3"},"QR":{"JW":"3","MV":"3"},"WG":{"8W":"3","PP":"3"},"VH":{"HW":"3","QP":"3","QG":"3","RX":"3","GR":"3","PW":"3","GV":"3","MG":"3","VF":"3","XP":"3","MP":"3","XC":"3","PQ":"3","VJ":"3","WH":"3","PR":"3","FR":"3","RP":"3","FV":"3","PH":"3","PG":"3","MR":"6|3","JR":"3","MH":"3","QM":"3","QH":"3","MQ":"3","QR":"3","W3":"3","P7":"3","MM":"3","MV":"3","VR":"3","JW":"3","RM":"3","VQ":"3","PP":"3","PM":"3"},"MQ":{"H9":"3","7V":"3","C4":"3","X2":"3"},"JW":{"J2":"3","MP":"3"},"PM":{"WX":"3","VX":"3","RX":"3","QX":"3|6","XW":"3"},"VJ":{"FJ":"3","J4":"3","H3":"3","X5":"3","JF":"3","MF":"3","M2":"3","RJ":"3","MP":"3","R2":"3","RH":"3","FP":"3","WW":"3","H8":"3","FV":"3","65":"3","HQ":"3","FF":"3","9F":"3","WV":"3","WQ":"3","W5":"3","M5":"3","R3":"3","HR":"3","HH":"3","GG":"3","FW":"3","2C":"3","R4":"3","P3":"3","GF":"3","J2":"3","Q2":"3","GC":"3"},"XV":{"MC":"3"},"JV":{"87":"3","86":"3","9X":"6","8W":"3","76":"3","CX":"6","77":"3","JX":"3","GM":"3","C7":"3"},"XP":{"H4":"3","VV":"3","J5":"3","R6":"3","J6":"3"},"HX":{"6M":"3","2G":"3","74":"3","FH":"3","63":"3","82":"3"},"GV":{"QH":"3","8X":"3","RM":"3","VR":"3","GP":"3","FV":"3","VV":"3","XM":"3","VP":"3","PM":"6","RJ":"3","6R":"3","P8":"3","GR":"3","5Q":"3"},"GW":{"PP":"3","CX":"3","WR":"3","4X":"3","R4":"3","QP":"3","GQ":"3","JX":"3","W2":"3","QQ":"3","WV":"3","FF":"3","8V":"3","CV":"3","V5":"3","6G":"3","VM":"3","9V":"3","9J":"3","W3":"6|3","3V":"3","X4":"3","V3":"3|6","2X":"3","9R":"3","R3":"3","8X":"6","2V":"3","7Q":"3","53":"3","X3":"3","5H":"3","HQ":"3","6H":"3","XQ":"3","6W":"3","FG":"3","3R":"3","GH":"3","X5":"3","3X":"3","8M":"3","PQ":"3","9H":"3","MX":"3","W4":"3","4R":"3","4V":"3","3J":"3","4J":"3","2J":"3","F7":"3","C4":"3","5X":"3","QR":"3","RC":"3","5W":"6|3","CR":"3","MC":"6","XV":"3","VW":"3","MF":"6","CC":"3","3W":"3","27":"3","HX":"3","WP":"3","JH":"3","FH":"3","8J":"3","GC":"3","W5":"3","W8":"3","RF":"3"},"RR":{"3G":"3","4G":"3","6C":"3"},"MR":{"XR":"3","V7":"3","PG":"3","W5":"3","MF":"6","X7":"3","W7":"3","X5":"3","JF":"6","X8":"6","W8":"3","PH":"3"}},"MM":{"VF":{"Q8":"3","XF":"3","R9":"3","22":"3","36":"3","H9":"3","W4":"3","V9":"3","WC":"3","35":"3","23":"3","33":"3","34":"3","24":"3","26":"3","W7":"3"},"V9":{"79":"3","47":"3","G8":"3","W6":"3","G7":"3","MM":"3","H7":"3","Q4":"3","M4":"3","G9":"3","G6":"3","99":"3","H8":"3","H9":"3","V4":"3","PH":"3","RF":"3","C6":"3"},"RF":{"V3":"3","X4":"3","X3":"3","W4":"3","V4":"3","W3":"3"},"HF":{"VX":"3"},"8F":{"8F":"3"},"62":{"6M":"3","6P":"3","8Q":"3","7M":"3","7P":"3","7Q":"3"},"X9":{"34":"3","23":"3"},"VC":{"4J":"3"},"M9":{"8J":"3","HX":"3"},"XG":{"F2":"3","H2":"3","Q9":"3","Q6":"3","G2":"3","QC":"3","R5":"3","Q5":"3","J6":"3"},"MC":{"J8":"3","M8":"3"},"WC":{"4X":"3","24":"3","32":"3"},"FM":{"JX":"3","92":"3"},"XF":{"CR":"3","46":"3","5V":"3","47":"3"},"R9":{"4P":"3","9P":"3","X7":"3","FC":"3","VW":"3"},"FG":{"QR":"3","VM":"3","CW":"3"},"HG":{"X3":"3","M2":"3"},"W9":{"27":"3","F2":"3","V3":"3","Q6":"3","V6":"3","QF":"3","5F":"3","X3":"3","46":"3","X4":"3","35":"6|3","72":"3","32":"3","4H":"3"},"JF":{"WQ":"3","WP":"3"},"WF":{"RQ":"3","5J":"3","WR":"3","3G":"3","VV":"3","39":"3","VR":"3","RR":"3","4H":"3","JM":"3","QQ":"3","29":"3","4F":"3","28":"3","C3":"3"},"RC":{"C4":"3","6C":"3"}},"VX":{"8R":{"2Q":"3","4Q":"3","4R":"3","2W":"3","HW":"3"},"RV":{"X5":"3"},"3R":{"HX":"3","MX":"3"},"GQ":{"FV":"3"},"GR":{"4W":"3"},"4V":{"RW":"3","Q9":"3","WF":"3","6J":"3","5M":"3","V9":"3","VF":"3","6M":"3","RF":"3","WG":"3","RC":"3"},"GV":{"R4":"3"},"XV":{"92":"3"},"4W":{"F8":"3","JH":"3","CC":"3","C5":"3","FW":"3"},"6R":{"8R":"3","RV":"3","XR":"3","3R":"3","GQ":"3","GR":"3","JV":"3","PW":"3","9V":"3","GV":"3","XV":"3","5J":"3","6P":"3","PR":"3","4W":"3","9Q":"3","FR":"3","9W":"3","5P":"3","FV":"3","8X":"3","HQ":"3","WV":"3","MR":"3","JR":"3","5M":"3","VW":"3","7V":"3","HR":"3","XW":"3","CR":"3","FW":"3","PV":"3","RW":"3","QR":"3","RR":"3","6Q":"3","WR":"3","MV":"3","9R":"3","VR":"3","7P":"3","8W":"3","VV":"3","4Q":"3","8V":"3","FQ":"3","4P":"3"},"3X":{"JC":"3","XR":"3","VR":"3","W2":"3","F5":"3","VV":"3","77":"3","W3":"3","V4":"3","CQ":"3","FQ":"3","XH":"3","XG":"3","VW":"3"},"FR":{"6H":"6"},"7X":{"82":"3"},"4R":{"FR":"3","WP":"3","PQ":"3","PM":"3","QM":"3"},"HQ":{"HQ":"3","8W":"3","CW":"3","9Q":"3","CQ":"3"},"XQ":{"CW":"3"},"6W":{"36":"3","G6":"3"},"5W":{"FJ":"3","V2":"3"},"JR":{"R2":"3"},"2X":{"GC":"3","PR":"3","22":"3","MR":"3","M5":"3"},"5V":{"JW":"3","3F":"3","5C":"3","FQ":"3","8P":"3","4V":"3","J5":"3","8J":"3","MW":"3","VC":"3","99":"3","JM":"3","C8":"3","4F":"3","GQ":"3","V4":"3"},"7V":{"8F":"3","MC":"3","H3":"3","G5":"3"},"CR":{"49":"3","M6":"3","98":"3","78":"3","G7":"3","JF":"3","68":"3"},"3W":{"96":"3","9F":"3"},"3V":{"RP":"3","H3":"3","JQ":"3","RQ":"3","35":"3","25":"3","34":"3","24":"3"},"MX":{"XX":"3"},"2V":{"M6":"3","H6":"3","X4":"3","29":"3","MX":"3","R5":"3","P6":"3","J6":"3"},"4X":{"2H":"3"},"5R":{"5J":"3","9H":"3","8G":"3","9G":"3","WH":"3"},"9R":{"GG":"3","GF":"3","RC":"3"},"6V":{"G3":"3","V3":"3","J7":"3","MC":"3","92":"3","C3":"3","94":"3","72":"3","43":"3"},"7R":{"3R":"3","GV":"3","3V":"3","VR":"3","XQ":"3","FV":"3","8W":"3","MV":"3","3W":"3","4V":"3","2V":"3","MR":"3","8V":"3","2R":"3"},"VQ":{"67":"3"},"2W":{"3X":"3","HH":"3","JH":"3","3V":"3"},"8V":{"3P":"3"}},"RM":{"36":{"R3":"3"},"72":{"Q6":"3"},"V5":{"23":"3","22":"3"},"R5":{"W2":"3","X2":"3","X3":"3","W3":"3"},"J3":{"G8":"3"}},"GM":{"G3":{"QV":"3"},"MC":{"RR":"3","CQ":"3"},"67":{"JF":"3"},"PC":{"8Q":"3"},"GF":{"43":"3"},"G5":{"MR":"3"}},"PM":{"7G":{"72":"3"},"3G":{"M6":"3","M7":"3","PM":"3","PH":"3"},"7C":{"PG":"3","PF":"3","MH":"3","MG":"3","PH":"3"},"4G":{"5M":"3"},"5C":{"X6":"3","X7":"3"},"7F":{"7X":"3"},"G9":{"96":"3","MC":"3"},"6G":{"8R":"3","8Q":"3","4V":"3","XV":"3","G9":"3","CW":"3","4R":"3","9W":"3","F9":"3","FV":"3","H9":"3","HC":"3","5V":"3","HX":"3","7V":"3","5R":"3","CV":"3","7P":"3","8W":"3","JW":"3","6V":"3","FC":"3","7R":"3","GC":"3","8V":"3","5Q":"3"},"FP":{"48":"3","49":"3","39":"3","58":"3","38":"3","29":"3","28":"3"},"7H":{"W5":"3","P3":"3"},"4F":{"H4":"3"},"8H":{"69":"3","59":"3","JX":"3","MX":"3","5G":"3"},"79":{"5J":"3","6J":"3","28":"3","6G":"3","6H":"3","5H":"3","6F":"3","4H":"3"},"9J":{"28":"3"},"C9":{"JP":"3","MM":"3","HP":"3","JM":"3","HM":"3"},"9M":{"F2":"3","F3":"3"},"8J":{"X9":"3","J2":"3","M2":"3","X8":"3"},"J9":{"QW":"3"},"HC":{"Q7":"3","R7":"3"},"3C":{"X2":"3"},"72":{"X6":"3","C2":"3","Q7":"3","92":"3","82":"3"},"XF":{"46":"3","57":"3","56":"3"},"8F":{"6P":"3"},"6C":{"36":"3","35":"3","25":"3","27":"3","26":"3"},"JH":{"M6":"3","3J":"3"},"5F":{"GM":"3","GP":"3"},"CP":{"V7":"3","Q6":"3","W7":"3","R6":"3","R7":"3","X8":"3"},"29":{"7M":"3","77":"3"},"4C":{"GM":"3","CP":"3","9P":"3"},"GC":{"V4":"3"},"5G":{"F8":"3","C9":"3","G8":"3","G6":"3","G4":"3","H5":"3","G3":"3","H6":"3","H3":"3","G7":"3","82":"3","G5":"3","VG":"3","G9":"3","F5":"3","QG":"3","F6":"3"},"PF":{"PX":"3"}}},"index":{"university,1|retail,2|tourism,3|wreck,4|historical,5|artsCulture,6|namedBuilding,7|water,8|wetland,9|park,10|beach,11|natureReserve,12|cemetery,13|trail,14":{}}}