{"6M":{"HW":{"RP":{"F7":"3"},"PR":{"JG":"3"},"MR":{"JC":"3"},"PQ":{"MM":"3","RG":"3"}},"V2":{"WQ":{"W6":"3","X6":"3","V2":"3","V6":"3","V5":"3","R7":"3","V7":"3","R4":"3","Q4":"3","W5":"3","W2":"3","X3":"3","W3":"3","V4":"3","X4":"3","R6":"3","X2":"3","R5":"3","W7":"3","X7":"3","P6":"3"},"HP":{"Q3":"3","R7":"3"},"FJ":{"8F":"3","4H":"3","QC":"3"},"CV":{"J4":"3","P5":"3"},"G9":{"3X":"3","2V":"3"},"33":{"H9":"3","CV":"3","R2":"3","Q2":"3","9W":"3","Q3":"3","R3":"3","J6":"3"},"44":{"8C":"3","4Q":"3"},"FP":{"GQ":"3","W4":"3"},"48":{"2P":"3"},"4P":{"X2":"3","F6":"3"},"2X":{"5W":"3"},"C8":{"FJ":"3"},"62":{"PH":"3"},"88":{"44":"3","H5":"3","68":"3"},"3V":{"GR":"3","HR":"3"},"9P":{"VF":"3","6P":"3","7F":"3","JX":"3","MF":"3","GH":"3","5Q":"3","MG":"3"},"7F":{"3W":"3"},"8G":{"WX":"3"},"GF":{"PQ":"3","HR":"3"},"8W":{"RH":"3"},"4H":{"VX":"3","GH":"3"},"9Q":{"9J":"3","X9":"3","VP":"3","WM":"3","XJ":"3","VM":"3","VG":"3","XX":"3"},"9W":{"GF":"3","47":"3"},"29":{"97":"3"},"FV":{"5C":"3","6C":"3"},"RJ":{"RW":"3","RX":"3","XM":"3","QJ":"3","PH":"3","XP":"3","24":"3","QW":"3","QX":"3"},"GP":{"35":"3","RP":"3","FX":"3","JM":"3","FM":"3","FW":"3"},"GM":{"FJ":"3"},"PG":{"JX":"3","G7":"3"},"8P":{"JW":"3","FJ":"3","WP":"3","2M":"3","8V":"3"},"2R":{"JX":"3"},"5P":{"M3":"3"},"52":{"9C":"3"},"7C":{"3P":"3","2F":"3","2M":"3","2J":"3","3H":"3"},"Q4":{"28":"3"},"FQ":{"V9":"3","MG":"3"},"VJ":{"CM":"3","8R":"3","4X":"3","FX":"3","8P":"3","4V":"3","9W":"3","5M":"3","JX":"3","CX":"3","HW":"3","6J":"3","7J":"3","CW":"3","8V":"3"},"QG":{"9P":"3"},"F8":{"XP":"3"},"VM":{"47":"3","JR":"3","62":"3","J2":"3","G2":"3","52":"3","FR":"3","P2":"3","69":"3","RX":"3","44":"3","6G":"3","55":"3","H2":"3","23":"3","33":"3","7C":"3","5R":"3","Q5":"3","57":"3","32":"3","42":"3","34":"3","43":"3","56":"3"},"GW":{"M7":"3"},"C9":{"C4":"3"},"FR":{"5V":"3"},"JW":{"JP":"3","4G":"3","WC":"3","9F":"3","CC":"3","8G":"3","9G":"3","3H":"3"},"3J":{"WX":"3","MJ":"3","72":"3"},"7M":{"F3":"3","3R":"3","HJ":"3","V2":"3","68":"3","P4":"3","M2":"3","J3":"3","X3":"3","X4":"3","96":"3","X2":"3","Q4":"3","Q6":"3","J9":"3","M3":"3","GG":"3","F6":"3","Q3":"3","W3":"3","P3":"3","J2":"3","P2":"3","M7":"3"},"9V":{"F2":"3","42":"3","G2":"3"},"PH":{"X5":"3"},"2M":{"4Q":"3","WW":"3","R6":"3","F6":"3"},"RX":{"8P":"3"},"6Q":{"RQ":"3","RM":"3"},"47":{"5J":"3"},"79":{"GM":"3","3G":"3","3M":"3","G3":"3","8J":"3","XP":"3","FM":"3","WP":"3","XM":"3"},"6P":{"96":"3","C6":"3","95":"3","F6":"3"},"XW":{"XF":"3","J8":"3","QC":"3","QF":"3","J7":"3","H8":"3","VF":"3","XP":"3","WG":"3","RC":"3"},"7R":{"7P":"3"},"8J":{"FJ":"3","3G":"3","3J":"3","2J":"3","6J":"3","2G":"3","4H":"3","CX":"3","3X":"3","4F":"3","6M":"3","3P":"3","9M":"3","2Q":"3","HM":"3","3H":"3","4J":"3","2X":"3","5V":"3","CH":"3","2C":"3","G7":"3","4Q":"3","2P":"3","5G":"3"},"MV":{"M8":"3","FW":"3"},"CR":{"25":"3","26":"3","XF":"3","CW":"3","R5":"3","VQ":"3"},"2Q":{"QM":"3","XM":"3"},"2G":{"HJ":"3","JJ":"3"},"7J":{"PP":"3","WH":"3","MH":"3","C2":"3","7C":"3","PC":"3","WR":"3","QP":"3","79":"3","QW":"3","CF":"3","GQ":"3","PR":"3","54":"3","PX":"3","RQ":"3","JX":"3","WF":"3","MW":"3","QQ":"3","78":"3","J5":"3","QC":"3","FF":"3","QX":"6|3","MP":"3","F5":"3","RW":"3","VQ":"3","VM":"3","JP":"3","P8":"3","MM":"3","39":"3","JJ":"3","R9":"3","GG":"3","J7":"3","6M":"3","RG":"3","VP":"3","VV":"3","QV":"3","PV":"3","59":"3","VX":"3","CJ":"3","H4":"3","96":"3","33":"3","RV":"3","Q8":"3","WQ":"3","94":"3","FQ":"3","PG":"6","H5":"3","M9":"3","GF":"3","49":"3","H7":"3","FC":"3","GH":"3","H6":"3","X5":"3","MV":"3","PQ":"3","XJ":"3","MX":"3","PH":"3","95":"3","HG":"3","69":"3","VR":"3","2J":"3","F7":"3","WJ":"3","C4":"3","QH":"3","FP":"3","HF":"3","M6":"3","68":"3","RX":"6|3","JG":"3","QR":"3","4C":"3","88":"3","VH":"3","RH":"3","3C":"3","RC":"3","74":"3","VJ":"3","MC":"6|3","VW":"6|3","XP":"3","MF":"3","M7":"3","HC":"3","9M":"3","PW":"3","F6":"3","Q9":"3","XF":"3","GP":"3","RR":"6","P7":"3","RJ":"3","RF":"3","VG":"3"},"H4":{"W4":"3"},"7H":{"2X":"6","75":"3","8F":"3","GV":"3","JV":"3","9X":"3","CV":"3","9W":"3","X8":"3","2V":"3","GR":"3","5V":"3","4W":"6","2W":"6","2R":"3","9C":"3","8R":"3"},"5F":{"FX":"3","3V":"3"},"32":{"48":"3","H5":"3","J5":"3","V2":"3","55":"3"},"3M":{"3X":"3","GG":"3","4X":"3","6R":"3","4W":"3","4M":"3"},"MG":{"QR":"3"},"JF":{"56":"3"},"68":{"WW":"3","P9":"3"},"9X":{"3X":"3"},"JC":{"F4":"3"},"X8":{"4J":"3"},"CQ":{"5P":"3","2C":"3","3W":"3","2J":"3","VJ":"3","4M":"3"},"WP":{"WJ":"3","PG":"3","M8":"3","WP":"3","VJ":"3","XQ":"3","WQ":"3","J6":"3","RH":"3","HC":"3","RR":"3","XJ":"3","CP":"3","WR":"3","XX":"3","WM":"3","P7":"3","M5":"3","VX":"3"},"G8":{"5R":"3","4R":"3"},"CJ":{"36":"3","W7":"3"},"54":{"MM":"3","7G":"3"},"5J":{"XR":"3","WQ":"3","R3":"3","PH":"3"},"PQ":{"29":"3"},"XQ":{"25":"3","97":"3","22":"3","86":"3","56":"3","27":"3","99":"3","75":"3","96":"3","95":"3","94":"3","78":"3","23":"3","46":"3","87":"3","98":"3","42":"3","45":"3","24":"3","26":"3","55":"3","C6":"3"},"HJ":{"GG":"3","MG":"3"},"GJ":{"5C":"3","4C":"3","HG":"3"},"6G":{"WX":"3","QM":"3"},"87":{"M3":"3","JX":"3"},"8V":{"P8":"3","M8":"3","CH":"3"},"HR":{"7M":"3"},"JQ":{"W6":"3"},"55":{"3F":"3","X4":"3"},"27":{"V2":"3"},"3F":{"JX":"3"},"8M":{"8Q":"3","F4":"3"},"QM":{"XH":"3","XG":"3","R7":"3"},"7P":{"8X":"3","85":"3","VM":"3","RC":"3"},"JJ":{"CC":"3","F4":"3"},"46":{"X2":"3"},"24":{"RH":"3"},"43":{"62":"3","WW":"3","52":"3","QX":"3","73":"3","84":"3","MP":"3"},"9R":{"5X":"3","G8":"3","M8":"3","Q6":"3","V5":"3","FR":"3","W5":"3","W2":"3","XC":"3","88":"3","P7":"3","R5":"3"},"GR":{"WC":"3","RJ":"3","W8":"3"},"Q9":{"74":"3"},"67":{"56":"3"},"HH":{"GG":"3"},"R8":{"H2":"3","33":"3","H6":"3","87":"3","G7":"3"},"49":{"2P":"3","2W":"3","3C":"3"},"FC":{"2C":"3"},"WX":{"9W":"3","FR":"3","PX":"3","RX":"3","QX":"3","VW":"3","FV":"3","GX":"3"},"3P":{"MF":"3","42":"3"},"5M":{"X9":"3"},"98":{"QP":"3","68":"3"},"9M":{"GH":"3","J8":"3","FH":"3","RH":"3"},"9G":{"FJ":"3","CG":"3"},"8H":{"R4":"3","HJ":"3","GR":"3","HC":"3","2V":"3","M9":"3","GV":"3","PC":"3","9G":"3","HR":"3","Q5":"3","64":"3"},"97":{"M5":"3"},"WH":{"7H":"3","5G":"3"},"42":{"5X":"3"},"GX":{"CC":"3"},"CH":{"RF":"3","Q7":"3","J6":"3"},"MQ":{"Q8":"3","X5":"3"},"6F":{"C9":"3","93":"3","W7":"3"},"3H":{"W5":"3","7P":"3","MG":"3"},"22":{"4C":"3","8G":"3","WF":"3"},"HF":{"JC":"3"},"2P":{"H8":"3","7H":"3","F9":"3","3R":"3","M5":"3","7G":"3"},"39":{"7F":"3","8H":"3","W6":"3"},"7G":{"7W":"3","36":"3","5C":"3","9X":"3","CX":"3","4C":"3"},"2H":{"6P":"3"},"HM":{"V6":"3"},"XP":{"RW":"3","VQ":"3","6V":"3","5X":"3","7W":"3","WP":"3","WQ":"3","6W":"3","VP":"3","2V":"3","XX":"3","VF":"3","XW":"3","WM":"3","XH":"3","XP":"3","2R":"3"},"4F":{"9M":"3"},"89":{"8R":"3","2P":"3","3Q":"3","2M":"3","2J":"3"},"6X":{"32":"3"},"FM":{"WX":"3","VV":"3","68":"3"},"W2":{"F7":"3"},"3W":{"RR":"3"},"2C":{"6M":"3","5F":"3"},"GV":{"3G":"3","P4":"3"},"VP":{"V2":"3","VJ":"3","C5":"3","XM":"3","WH":"3","RF":"3","RG":"3"},"6M":{"37":"3","79":"3","CW":"3","89":"3","47":"3"},"64":{"MC":"3"},"76":{"VV":"3","VR":"3","RV":"3","RR":"3","VP":"3","VQ":"3"},"CF":{"G5":"3"},"96":{"VR":"3"},"C6":{"F6":"3"},"4J":{"3P":"3","7G":"3"},"78":{"3V":"3","2W":"3"},"5G":{"VR":"3","6W":"3"},"CM":{"2Q":"3","3V":"3","V6":"3","HM":"3","2R":"3"},"GQ":{"G3":"3","M6":"3","XG":"3","CX":"3","WC":"3","PC":"3","R9":"3","84":"3","C8":"3","F4":"3","X8":"3","Q5":"3","J6":"3","W3":"3","F3":"3"},"F9":{"W6":"3","G3":"3","M3":"3","F2":"3","P5":"3","V5":"3","W5":"3","J6":"6","X8":"3","HC":"3","R6":"3","W7":"3"},"6H":{"CM":"3","XV":"3","WR":"3","27":"3","H7":"3"},"7Q":{"8C":"3","7F":"3","8G":"3","6F":"3","C7":"3","89":"3","CG":"3","P5":"3"},"5H":{"8Q":"3","4H":"3","68":"3"},"5C":{"RM":"3","QM":"3"},"CP":{"Q7":"3","M6":"3","9R":"3","3W":"3","2R":"3"},"95":{"74":"3","72":"3"},"8X":{"WW":"3","FR":"3","CR":"3","PQ":"3","PM":"3","JV":"3"},"PM":{"73":"3","22":"3","QM":"3","75":"3"},"XG":{"QG":"3"},"MJ":{"3P":"3","GP":"3"},"V2":{"J4":"6"},"6R":{"V2":"3"},"66":{"R6":"3","R5":"3"},"8Q":{"HQ":"3","48":"3","6G":"3","8G":"3","WF":"3","47":"3","7G":"3"},"3G":{"C7":"3","J4":"3"},"4R":{"V5":"3"},"WM":{"6V":"3","7J":"3","HR":"3","GV":"3","JF":"3","GW":"3","HQ":"3","HX":"3","9H":"3","HV":"3","6R":"3","29":"3","5V":"3","5R":"3","FJ":"3","3C":"3","HP":"3","JM":"3"},"M6":{"8G":"3"},"JG":{"G4":"3"},"HQ":{"Q4":"3","33":"3"},"RM":{"M4":"3","Q4":"3","V3":"3","R2":"3","Q2":"3","W2":"3","X4":"3","X2":"3","55":"3","X3":"3","C5":"3","P4":"3","W3":"3"},"XX":{"2X":"3","7V":"3","FF":"3","7H":"3","5W":"3","2V":"3","7G":"3"},"6J":{"M4":"3","GR":"3","2H":"3","F7":"3","G7":"3","W7":"3","XJ":"3","F6":"3","W8":"3"}},"QV":{"54":{"GV":"3","JM":"3","GH":"3","FH":"3","HM":"3","9M":"3"},"62":{"9X":"3","8X":"3","CX":"3"},"55":{"H2":"3","J2":"3"},"63":{"7W":"3","54":"6","62":"3","66":"3","5X":"3","6X":"3","5W":"3","8H":"3","6W":"3","65":"3"},"56":{"2G":"3"}},"RX":{"G5":{"4H":"3","2J":"3"},"CQ":{"CF":"3","CJ":"3","MW":"3","FR":"3","PX":"3","FP":"3","MX":"3"},"6P":{"GM":"3","FM":"3"},"8R":{"HM":"3","GV":"3","JF":"3","8X":"3","9X":"3","HJ":"3","FP":"3","GP":"3","HH":"3","CX":"3","GQ":"3","VH":"3","GR":"3","WH":"3","FX":"3"},"CP":{"M4":"3","36":"3","37":"3","JH":"3","27":"3","26":"3","M5":"3"},"PR":{"75":"3"},"RQ":{"PJ":"3","Q3":"3","Q5":"3","P4":"3"},"8V":{"65":"3","52":"3","F2":"3","WQ":"3","64":"3","92":"3","83":"3","94":"3","M6":"3","C2":"3","53":"3","23":"3","PC":"3","57":"3","82":"3","93":"3","32":"3","25":"3","42":"3","24":"3","84":"3"},"CV":{"8C":"3","35":"3","25":"3","33":"3","87":"3","45":"3","97":"3","23":"3","22":"3","32":"3"},"RP":{"WR":"3","XQ":"3","WV":"3","XP":"3"},"RW":{"CP":"3","GJ":"3"},"VQ":{"VQ":"3","27":"3","VR":"3","5F":"3","PR":"3","MP":"3","RQ":"3","35":"3","GJ":"3"},"G7":{"87":"3","77":"3"},"9V":{"87":"3","Q6":"3","R6":"3","P6":"3","P7":"3"},"MM":{"W2":"3"},"JJ":{"VJ":"3"},"RG":{"JR":"3","HR":"3","JV":"3","HQ":"3","JQ":"3","HV":"3","GQ":"3","MR":"3","JP":"3","HP":"3","JM":"3"},"VP":{"F3":"3","J8":"3","5F":"3","3F":"3","2J":"3","4C":"3","2H":"3","6C":"3","C2":"3","6F":"3"},"9R":{"3M":"3","98":"3","99":"3","C8":"3"},"7P":{"QP":"3","CM":"3","HJ":"3","8P":"3","JM":"3","VF":"3","WF":"3","XP":"3","XC":"3","CJ":"3","RH":"3","WH":"3","FM":"3","9Q":"3","PJ":"3","JJ":"3","MJ":"3","VG":"3","PH":"3","VH":"3","VM":"3","HM":"3","XH":"3","XG":"3","WG":"3","QM":"3","XF":"3","WJ":"3","RG":"3","QH":"3","RM":"3","VV":"3","GM":"3","PP":"3","PM":"3"},"PJ":{"2X":"3","2W":"3"},"WW":{"5P":"3"},"7Q":{"Q5":"3"},"6Q":{"5F":"3","3M":"3"},"RM":{"CJ":"3"},"MJ":{"FQ":"3","RX":"3","XW":"3"},"8P":{"X9":"3","7G":"3","QF":"3","2G":"3","CJ":"3","4H":"3","RH":"3","6G":"3","9Q":"3","79":"3","8J":"3","39":"3","XH":"3","VC":"3","5F":"3","GF":"3","7P":"3","2F":"3","4C":"3","3F":"3"},"9P":{"65":"3","2P":"3","64":"3","39":"3","29":"3","78":"3","57":"3","XH":"3","3J":"3","66":"3"},"CM":{"HG":"3","FC":"3"},"F8":{"V3":"3","P5":"3","V5":"3","V7":"3","R4":"3","Q2":"3","Q4":"3","R3":"3","P2":"3","X3":"3","R2":"3","W3":"3","Q3":"3","M6":"3","Q7":"3","X4":"3","P3":"3","W4":"3","Q5":"3","P4":"3","M5":"3","R5":"3","P6":"3"},"JM":{"8H":"3","8G":"3","CH":"3","7G":"3"},"G8":{"67":"3","76":"3","53":"3","77":"3"},"8Q":{"WJ":"3","V6":"3","HJ":"3","FM":"3","HH":"3","QM":"3","X8":"3","GH":"3","PC":"3","HG":"3","P9":"3","GJ":"3","GG":"3"},"VR":{"Q3":"3"},"F7":{"PV":"3","PW":"3","PR":"3","MQ":"3","QW":"3","PX":"3","RX":"3","QX":"3","MR":"3","PQ":"3"},"FR":{"6J":"3","4F":"3"},"6R":{"XG":"3","GV":"3","HW":"3","WG":"3","CQ":"3"},"7V":{"36":"3","X6":"3","X4":"3","V6":"3","W7":"3","X3":"3","X5":"3","W6":"3"},"9Q":{"7R":"3","33":"3","GH":"3","WM":"3","WP":"3","34":"3","C7":"3","28":"3","5V":"3"},"7R":{"H9":"3","8F":"3","4G":"3","9W":"3"},"CR":{"HM":"3","FW":"3","G2":"3","F2":"3","P2":"3","W5":"3","P3":"3","JH":"3"},"XV":{"MW":"3"},"6V":{"Q4":"3"},"9M":{"9Q":"3","JF":"3","MF":"3","XC":"3","CJ":"3","5P":"3","P8":"3","WC":"3","88":"6|3","7C":"3","5W":"3","GF":"3","CC":"3","9J":"3","P6":"3"},"MR":{"XQ":"3"}},"JV":{"8C":{"26":"3"},"7R":{"96":"3","C6":"3","F5":"3","F3":"3"},"5C":{"8Q":"3","MP":"3"},"RP":{"X6":"3"},"9X":{"X5":"3","R7":"3"},"78":{"R7":"3"},"QW":{"9Q":"3"},"76":{"HJ":"3"},"86":{"9F":"3"},"WH":{"C7":"3"},"CW":{"CG":"3"},"VG":{"PP":"3"}},"PW":{"26":{"96":"3"},"G2":{"G8":"3"}},"GV":{"JP":{"WX":"3"},"VR":{"7J":"3"},"JQ":{"7C":"3"},"HP":{"JP":"3","CJ":"3","9J":"3","9H":"3"},"MP":{"GM":"3"},"JV":{"XV":"3"},"HR":{"69":"3","54":"3","59":"3","7G":"3"}},"XV":{"9V":{"8C":"3","JJ":"3","F9":"3","QJ":"3","RJ":"3"},"CV":{"8R":"3","M6":"3","M5":"3","P6":"3"},"3R":{"48":"3","46":"3"}},"PQ":{"JH":{"HW":"3"},"HW":{"PF":"3"}},"R2":{"WQ":{"HJ":"3","HQ":"3","XQ":"3","WQ":"3","RX":"3","XC":"3","7V":"3","RH":"3","W3":"3","JJ":"3","CP":"3","WR":"3","RG":"3","VW":"3"},"VG":{"8X":"3"},"FH":{"7W":"3","3G":"3","4M":"3"},"H3":{"36":"3","C5":"3"},"FJ":{"8H":"3","F5":"3"},"CV":{"VF":"3","F2":"3","C2":"3","H3":"3","QQ":"3","MR":"3","VH":"3","P5":"3"},"V7":{"QF":"3","QG":"3"},"G9":{"P8":"3","JQ":"3","7P":"3","CQ":"3"},"44":{"H2":"3","M3":"3","G5":"3","P9":"3","7C":"3","PC":"3","J2":"3","Q2":"3","J5":"3","QC":"3","J3":"3","F5":"3","P2":"3","R2":"3","R9":"3","W7":"3","PV":"3","P3":"3","J6":"3","CJ":"3","R3":"3","H4":"3","M5":"3","2G":"3","G6":"3","5G":"3","6H":"3","H5":"3","7J":"3","Q3":"3","H7":"3","F8":"3","C8":"3","H6":"3","6F":"3","9H":"3","98":"3","G3":"3","99":"3","HG":"3","G4":"3","3J":"3","4J":"3","P4":"3","H3":"3","JG":"3","89":"3","C9":"3","RC":"3","JF":"3","HC":"3","M2":"3","C7":"3","F6":"3","4H":"3","GC":"3","J4":"3"},"R9":{"HX":"3","29":"3","28":"3"},"R2":{"XP":"3","CR":"6|3","XC":"3","V5":"3","PP":"3","RC":"3","P3":"3"},"C4":{"M7":"3"},"C8":{"8Q":"3","7P":"3"},"62":{"XV":"3","WW":"3","VX":"3","RX":"3","QX":"3"},"RQ":{"HM":"3"},"88":{"29":"3"},"3V":{"59":"3","6H":"3","6G":"3","7J":"3","7M":"3","7P":"3","9R":"3"},"WG":{"43":"3","X2":"3","22":"3"},"V3":{"5W":"3","3H":"3"},"9P":{"Q3":"3"},"8G":{"RR":"3","PJ":"3","J4":"3"},"2F":{"9R":"3","QM":"3"},"9Q":{"QQ":"3"},"XC":{"V9":"3","R4":"3","R9":"3","V8":"3","W4":"3","QJ":"3","QG":"3","RJ":"3"},"WV":{"48":"3","2Q":"3","37":"3","38":"3","47":"3"},"58":{"WF":"3"},"F2":{"G3":"3","4Q":"3"},"RJ":{"M3":"3","W2":"3","P2":"3"},"4X":{"7W":"3","62":"3"},"WJ":{"XQ":"3","24":"3","MF":"3","XW":"3","XM":"3"},"2R":{"VC":"3","WF":"3","Q6":"3","R7":"3","Q4":"3","R8":"3","M2":"3","P3":"3","VF":"3","WC":"3","C2":"3","WH":"3","Q5":"3","P4":"3","RC":"3"},"QX":{"96":"3","7J":"3","Q9":"3","7G":"3","95":"3","F9":"3","83":"3","CJ":"3","7H":"3","MW":"3","82":"3","P7":"3","CC":"3","C6":"3","84":"3"},"RW":{"8P":"3"},"VJ":{"F2":"3","X3":"3","23":"3","RM":"3","P2":"3","F3":"3"},"35":{"M4":"3","8C":"3","5R":"3","8Q":"3","H3":"3","99":"3","89":"3","5V":"3","4W":"3","2J":"3","7Q":"3","3J":"3"},"QG":{"VF":"3","XV":"3"},"F8":{"W2":"3"},"FR":{"5R":"3","8P":"3","3R":"3"},"JH":{"R7":"3"},"P2":{"G5":"3"},"7M":{"9W":"3"},"RX":{"XF":"3","WF":"3","FW":"3","JV":"3","MQ":"3","MP":"3","JQ":"3","RH":"3","85":"3","4X":"3","5H":"3","XG":"3","WG":"3","JP":"3"},"R4":{"VR":"3"},"M9":{"XR":"3","HW":"3","MX":"3"},"PP":{"V4":"3"},"HV":{"MW":"3"},"MR":{"FH":"3"},"MV":{"44":"3","78":"3"},"8R":{"4J":"3","5M":"3"},"CR":{"FH":"3","7C":"3","9V":"3","37":"3","G9":"3","99":"3","G8":"3","94":"3","7H":"3","9Q":"3","8H":"3","H8":"3","48":"3","7J":"3","H9":"3","J7":"3","GX":"3","74":"3","8F":"3","FW":"3","42":"3","35":"3","CP":"3","9R":"3","8W":"3","5G":"3"},"XF":{"W7":"3","R7":"3"},"2Q":{"JW":"3","8R":"3","25":"3","FX":"3","8P":"3","GW":"3","8Q":"3","MW":"3","FR":"3","26":"3","4H":"3","JX":"3","GV":"3","6H":"3","HW":"3","CR":"3","HX":"3","6J":"3","4C":"3","QV":"3","23":"3","38":"3","22":"3","7M":"3","5H":"3","CW":"3","9R":"3","46":"3","MX":"3","FW":"3","HV":"3"},"WW":{"35":"6","48":"3","2C":"3"},"5F":{"RG":"3"},"69":{"97":"3"},"WF":{"2X":"3"},"QR":{"V2":"3","V3":"3","P2":"3","WQ":"3","W3":"3","XJ":"3","PV":"3","W4":"3","QQ":"3","FJ":"3","PW":"3","CC":"3","GX":"3"},"9X":{"Q8":"3","M7":"3"},"JV":{"F9":"3","M7":"3","H7":"3","MG":"3"},"XM":{"56":"3"},"CQ":{"6V":"3","8X":"3","7X":"3","7V":"3","6R":"3","4X":"3","5W":"3"},"WP":{"H9":"3","HF":"3","VV":"3","RV":"3","RW":"3","HC":"3","WQ":"3"},"25":{"VV":"3","RV":"3","RX":"3","XW":"3","VW":"3"},"5X":{"QC":"3"},"W6":{"X6":"3","6H":"3","P7":"3"},"37":{"49":"3"},"QW":{"CM":"3","CP":"3","H8":"3","CJ":"3","4G":"3","8X":"3","5W":"3","4H":"3","9R":"3","8V":"3","4M":"3"},"QQ":{"RQ":"3","6M":"3","VV":"3","8J":"3","JV":"3","HV":"3"},"PQ":{"RW":"3","3Q":"3","9Q":"3","C8":"3","C9":"3","7Q":"6|3","PV":"3","8P":"3","F6":"3","5R":"6","9P":"3","HF":"3","CF":"3","4Q":"3","56":"3","6Q":"3"},"XQ":{"8C":"3","4G":"3","H8":"3","3H":"3","2P":"3","CP":"3","FM":"3","7W":"3","FJ":"3","78":"3","J5":"3","J3":"3","G7":"3","7F":"3","3G":"3","J7":"3","2Q":"3","2H":"3","5C":"3","5F":"3","67":"3","2M":"3","J6":"3","2R":"3","M5":"3","2G":"3","2F":"3","6H":"3","CM":"3","9P":"3","9C":"3","7J":"3","77":"3","F3":"3","H7":"3","FG":"3","FC":"3","F8":"6|3","56":"3","97":"3","9F":"3","4P":"3","98":"3","3J":"3","69":"3","2J":"3","F9":"3","68":"3","HJ":"3","89":"3","76":"3","88":"3","6R":"3","C9":"3","3F":"3","7R":"3","CR":"3","4F":"3","CC":"3","87":"3","C7":"3","HP":"3","FH":"3","8J":"3","4H":"3","GC":"3"},"J2":{"VQ":"3"},"G6":{"RR":"3"},"8V":{"R4":"3","66":"3","J5":"3","C4":"3","78":"3","94":"3","J4":"3"},"J6":{"W7":"3"},"XJ":{"2X":"3","2P":"3","2J":"3"},"PR":{"PG":"3","M9":"3","WH":"3","JF":"3"},"99":{"RV":"3","J6":"3"},"55":{"C9":"3","C8":"3"},"P9":{"9J":"3","8M":"3","4P":"3","6J":"3","7M":"3","7P":"3"},"27":{"53":"3","V5":"3","F3":"3","52":"3","25":"3","43":"3","62":"3","56":"3","27":"3","F7":"3","G4":"3","63":"3","5J":"3","99":"3","44":"3","75":"3","34":"3","6H":"3","65":"3","H7":"3","J7":"3","C9":"3","46":"3","F2":"3","64":"3","74":"3","C2":"3","8C":"3","92":"3","82":"3","42":"3","28":"3","38":"3","35":"3","29":"3","26":"3","C3":"3","55":"3","4P":"3","89":"3"},"QM":{"XF":"3","RG":"3"},"7P":{"44":"3","45":"3"},"75":{"5W":"3"},"43":{"WX":"3","PX":"3","JX":"3","RX":"3","QX":"3","MX":"3"},"W4":{"F4":"3","F3":"3","RV":"3","RM":"3","5G":"3","F5":"3","92":"3","C3":"3","C4":"3","G4":"3"},"XH":{"34":"3"},"Q9":{"VF":"3","QC":"3","X8":"3"},"HH":{"HF":"3"},"53":{"Q8":"3","W6":"3","9Q":"3","V6":"3","R7":"3","7R":"3","8Q":"3","XW":"3","5R":"3","W7":"3"},"RH":{"JC":"3","MC":"3","XM":"3","HC":"3","XW":"3","PC":"3","HF":"3","2Q":"3"},"R8":{"F5":"3"},"49":{"32":"3"},"FC":{"27":"3","8M":"3"},"WX":{"83":"3"},"3P":{"8W":"3"},"P6":{"VV":"3"},"63":{"C4":"3","R2":"3","H3":"3","F4":"3","95":"3","P4":"3","F5":"3","P2":"3","F3":"3"},"J7":{"4J":"3","C7":"3","V8":"3"},"R5":{"5H":"3","4M":"3"},"9G":{"FV":"3"},"8H":{"X6":"3","V3":"3","V6":"3","V5":"3","X8":"3","V4":"3"},"WH":{"8P":"3","8Q":"3","Q7":"3","2W":"3","P4":"3"},"XR":{"74":"3","RM":"3"},"34":{"WJ":"3","JX":"3","WP":"3","XJ":"3"},"92":{"W4":"3","86":"3","HG":"3","X4":"3","Q4":"3","FF":"3","H6":"3","V4":"3","87":"3","39":"3","M5":"3","J5":"3","Q5":"3","F6":"3","W3":"3","H5":"3","P5":"3","PM":"3","G5":"3"},"MF":{"4Q":"3"},"GX":{"Q7":"3"},"CC":{"R9":"3","VC":"3","QC":"3","J7":"3","C8":"3","H8":"3","R8":"3","Q5":"3","V8":"3","XV":"3","RC":"3"},"CH":{"VM":"3"},"QV":{"8R":"3","H5":"3","R2":"3","X4":"3","R6":"3","R7":"3"},"MQ":{"GR":"3"},"8F":{"XX":"3"},"9H":{"CM":"3","37":"3","26":"3","47":"3"},"82":{"7J":"3","5J":"3","6J":"3","8J":"3","7H":"3","RH":"3","5P":"3","5M":"3","MH":"3","JH":"3","8M":"3","6M":"3","4P":"3","QG":"3","GJ":"3","RG":"3","2Q":"3"},"3H":{"JC":"3","J7":"3","G7":"3"},"H6":{"MM":"3","5Q":"3"},"26":{"P9":"3","CX":"3","H8":"3","GR":"3","Q6":"3","HV":"3","5V":"3","H9":"3","W9":"3","QC":"3","CW":"3","CV":"3","V5":"3","QX":"3","MP":"3","JP":"3","P8":"3","R2":"3","MM":"3","J7":"3","X4":"3","6X":"3","9R":"3","J6":"3","R3":"3","8X":"3","6Q":"3","X3":"3","8P":"3","9P":"3","M9":"3","6W":"3","H7":"3","F8":"3","FV":"3","JM":"3","QJ":"3","G8":"3","PQ":"3","9X":"3","8Q":"3","4R":"3","4V":"3","G9":"3","F9":"3","XH":"3","5X":"3","FR":"3","M6":"3","5R":"3","Q7":"3","6R":"3","7V":"3","9Q":"3","7X":"3","MQ":"3","7R":"3","5W":"3","CR":"3","M7":"3","6V":"3","PW":"3","GV":"3","Q9":"3","8W":"3","W8":"3"},"F4":{"CH":"3"},"P4":{"XG":"3","6H":"3","PC":"3","XF":"3","WG":"3","WF":"3"},"W5":{"MJ":"3","VX":"3"},"V5":{"7C":"3","QG":"3"},"J5":{"C5":"3","C6":"3"},"RF":{"6P":"3","5X":"3","6R":"3","C5":"3"},"2P":{"2X":"3"},"QP":{"PF":"3","MC":"3"},"W3":{"7W":"3","5J":"3","6J":"3","XW":"3","5G":"3"},"Q2":{"H8":"3"},"XP":{"GW":"3","RX":"3","GX":"3"},"C2":{"F3":"3","J4":"3","H3":"3","43":"3","86":"3","62":"3","HG":"3","G4":"3","34":"3","5H":"3","H8":"3","H9":"3","W2":"3","64":"3","3C":"3","72":"3","J5":"3","Q5":"3","C2":"3","82":"3","RF":"3","42":"3","5F":"3","G3":"3","24":"3","J2":"3","M6":"3","G5":"3","84":"3"},"WR":{"WJ":"3","VC":"3","M4":"3","RR":"3","P3":"3","8P":"3","FH":"3","GF":"3"},"72":{"RP":"3","6V":"3","3R":"3","HR":"3","PP":"3","6P":"3","8W":"3","MP":"3","5P":"3","RQ":"3","FQ":"3","8P":"3","WW":"3","QQ":"3","9M":"3","5Q":"3","4Q":"3","6Q":"3"},"4F":{"2G":"3"},"2V":{"V7":"3","X4":"3","X5":"3","W6":"3","W4":"3","X8":"3","W3":"3"},"X6":{"36":"3"},"CW":{"C6":"3"},"28":{"3R":"3","3V":"3","28":"3","64":"3","49":"3","36":"3","2V":"3","29":"3","Q3":"3","5H":"3","38":"3","5R":"3","CR":"3","3C":"3","26":"3","2R":"3"},"QH":{"X2":"3"},"P3":{"C4":"6","59":"6","76":"3","86":"3","77":"3"},"65":{"WF":"3"},"38":{"58":"3","W6":"3"},"VW":{"5X":"3","HM":"3","68":"3"},"G3":{"XP":"3","9G":"3"},"W2":{"94":"3"},"3W":{"MJ":"3","GM":"3","GJ":"3","FG":"3","HM":"3","C7":"3","95":"3"},"2C":{"R5":"3","4M":"3"},"GV":{"7G":"3"},"36":{"25":"3","37":"3","FF":"3","96":"3","26":"3","CC":"3","2C":"3","GF":"3","HG":"3","38":"3","22":"3","95":"3","9M":"3","CG":"3","F6":"3","F3":"3"},"VX":{"C3":"3"},"RR":{"25":"3","9V":"3","24":"3","V6":"3","74":"3","P6":"3"},"RG":{"F8":"3","GG":"3","62":"3","GC":"3","F7":"3","F9":"3","GF":"3","FC":"3","PQ":"3","JV":"3","F3":"3"},"VH":{"WX":"3","6P":"3","VV":"3","9X":"3","VX":"3","6R":"3","6Q":"3","7P":"3","GX":"3","7Q":"3"},"CF":{"HQ":"3"},"96":{"FP":"3","P2":"3"},"M3":{"P8":"3","M8":"3","QG":"3"},"VR":{"5J":"3","H4":"3","XH":"3","3J":"3"},"PW":{"MJ":"3","7G":"3"},"9F":{"G3":"3","G2":"3","7H":"3","94":"3","CP":"3","CH":"3","8H":"3"},"4J":{"4X":"3"},"78":{"2Q":"3","2J":"3"},"56":{"4C":"3"},"R3":{"HF":"3","RR":"3","GF":"3"},"CM":{"97":"3"},"V4":{"RW":"3","RX":"3","QX":"3"},"3X":{"P3":"3"},"GH":{"PW":"3"},"CP":{"27":"3","FM":"3"},"PM":{"FX":"3"},"XG":{"GV":"3"},"X2":{"48":"3","2V":"3","38":"3","64":"3"},"V2":{"6M":"3","JP":"3","CJ":"3","V2":"3"},"P5":{"VC":"3"},"WM":{"R6":"3"},"RM":{"7V":"3","6W":"3","8V":"3"},"JM":{"JP":"3"},"XX":{"WP":"3"},"X3":{"P7":"3"}},"WX":{"HW":{"HH":"3"},"QJ":{"WW":"3"},"HJ":{"29":"3"},"CG":{"G7":"3","F6":"3"},"JC":{"M2":"3"},"GR":{"H4":"3"},"22":{"VX":"3"},"2J":{"6P":"3"},"PW":{"2G":"3","4R":"3","3V":"3","CG":"3","VQ":"3"},"62":{"JM":"3"},"HG":{"G6":"3","GP":"3"},"37":{"6J":"3"},"4M":{"HF":"3","GC":"3","GF":"3","89":"3"},"73":{"G6":"3","64":"3"},"99":{"PW":"3","22":"3"},"MW":{"GM":"3","FF":"3","MV":"3"},"FP":{"RF":"3"},"WW":{"52":"3","G7":"3","83":"3"},"9Q":{"6P":"3"},"CX":{"79":"3","Q8":"3","VQ":"3","VC":"3","8F":"3","G7":"3","F7":"3","Q6":"3","V6":"3","R7":"3","H7":"3","J6":"3","G6":"3","3G":"3","R8":"3","29":"3","Q7":"3","M6":"3","68":"3","37":"3","R6":"3","P7":"3","H6":"3","P6":"3"},"FR":{"R6":"3"},"FX":{"39":"3","78":"3","38":"3"},"8H":{"P4":"3"},"FV":{"77":"3"},"5P":{"FM":"3","84":"3"},"23":{"QR":"3","PR":"3","V2":"3","QQ":"3","MR":"3","R6":"3"},"79":{"X3":"3"},"H7":{"C3":"3"},"8J":{"MF":"3"},"WV":{"5X":"3"},"J9":{"PX":"3"},"5M":{"MM":"3","8M":"3","8G":"3"},"W9":{"66":"3"},"VW":{"2C":"3"},"9G":{"GR":"3","MR":"3"},"M4":{"VP":"3"},"HX":{"Q4":"3"},"HR":{"CF":"3","M5":"3","77":"3"},"CR":{"4Q":"3"},"CH":{"C6":"3"},"QW":{"7P":"3"},"RW":{"MG":"3"},"CQ":{"MJ":"3","X4":"3","MF":"3","R6":"3","QG":"3","RG":"3"},"9H":{"Q2":"3"},"QR":{"93":"3"},"9X":{"Q9":"3","MM":"3","XG":"3"},"MX":{"82":"3"},"38":{"C7":"3"},"2V":{"8Q":"3","HW":"3"},"24":{"H2":"3","98":"3","86":"3"},"R9":{"89":"3"},"RM":{"46":"3"},"VV":{"FX":"3","RV":"3"},"PM":{"F8":"3","F9":"3","X5":"3"},"2W":{"62":"3"},"32":{"93":"3","92":"3","67":"3"},"Q9":{"QC":"3"}},"V3":{"WH":{"67":"3","G7":"3","F7":"3","G9":"3","C8":"3","G6":"3","J5":"3","C9":"3","GC":"3","37":"3","F6":"3","H6":"3","GF":"3","CC":"3","C6":"3"},"PP":{"96":"3","H3":"3","62":"3","C5":"3","76":"3","95":"3","Q3":"3","93":"3","72":"3","H4":"3","C6":"3","66":"3"},"6P":{"JC":"3","WG":"3"},"H9":{"23":"3"},"GQ":{"QQ":"3","W6":"3","G5":"3"},"X2":{"F3":"3","65":"3","64":"3","C3":"3","C4":"3","94":"3","93":"3","73":"3","H4":"3"},"W2":{"96":"3","H3":"3","V2":"3","J8":"3","M3":"3","R4":"3","R3":"3","QF":"3","W5":"3","P2":"3","W2":"3","95":"3","R2":"3","W3":"3","M2":"3","X2":"3"},"FJ":{"R8":"3","GF":"3"},"22":{"P5":"3"},"8V":{"25":"3","C4":"3","24":"3","34":"3"},"82":{"F4":"3","P6":"3"},"92":{"64":"3"},"6G":{"6P":"3","5R":"3","9V":"3","4Q":"3","4P":"3","FM":"3","6R":"3","6Q":"3","5Q":"3","7P":"3","7Q":"3"},"34":{"QV":"3"},"JP":{"G4":"3","65":"3"},"R2":{"XH":"3"},"6M":{"6M":"3"},"9R":{"62":"3","VR":"3","RM":"6"},"V4":{"66":"3","68":"3","56":"3"},"2V":{"GG":"3","HG":"3"},"7Q":{"MM":"3","MQ":"3","PQ":"3","MP":"3","PM":"3","PP":"3"},"XG":{"MH":"3","W6":"3"},"26":{"Q2":"3"},"2F":{"RQ":"3"},"QM":{"3V":"3","4H":"3","6J":"3","4M":"3","3H":"3"},"FQ":{"RF":"3","M8":"3"},"43":{"F5":"3"},"23":{"G4":"3","87":"3","97":"3","F4":"3","C6":"3","C3":"3","F5":"3","F3":"3"},"Q3":{"68":"3"},"H7":{"FM":"3"},"35":{"P6":"3"},"56":{"7F":"3"},"QJ":{"89":"3"},"45":{"55":"3","65":"3"},"8M":{"6G":"3"},"72":{"PR":"3"},"PH":{"FM":"3"},"24":{"VJ":"3"},"4V":{"C4":"3","F4":"3"},"36":{"Q7":"3"},"C4":{"75":"3"},"QH":{"RP":"3","XG":"3","MV":"3"},"M6":{"J7":"3"},"89":{"2M":"3"},"6R":{"GF":"3","GQ":"3"},"7V":{"V8":"3","W8":"3"},"VH":{"F8":"3","C9":"3","F9":"3","C8":"3"},"RH":{"V7":"3","59":"3","58":"3","W7":"3","RM":"3","V8":"3","W8":"3"},"7R":{"QX":"3"},"PM":{"6V":"3","7W":"3","Q9":"3","M8":"3","8X":"3","7X":"3","JW":"3","CV":"3","FP":"3","FR":"3","6W":"3","7V":"3","9R":"3","CQ":"3","GR":"3","RC":"3","9V":"3"},"CR":{"4J":"3","3M":"3","6Q":"3"},"6V":{"V3":"3","H2":"3"},"27":{"7H":"3"},"7M":{"WV":"3","WF":"3","PG":"3","J6":"3","VV":"3","RH":"3","VF":"3","WC":"3","PH":"3","QG":"3","H6":"3","WG":"3"},"VG":{"FQ":"3","4V":"3","FR":"3","4R":"3","6R":"3","6Q":"3"}},"PR":{"3X":{"QX":"3"},"44":{"VG":"3"},"JR":{"9X":"3","9W":"3","26":"3","W5":"3","QX":"3"},"HW":{"VW":"3"},"JV":{"V9":"3","F2":"3","C2":"3","G2":"3","63":"3","QJ":"3"},"47":{"7R":"3"}},"MW":{"M3":{"PG":"3","CJ":"3","MF":"3","W9":"3"},"PP":{"7H":"3","8H":"3","6H":"3","6J":"3","6G":"3","8G":"3","7G":"3"},"PC":{"QW":"3","QX":"3"},"JC":{"77":"3"},"6P":{"W5":"3"},"HV":{"28":"3"},"GQ":{"CM":"3"},"FJ":{"V3":"3","33":"3","42":"3","MV":"3"},"HR":{"H2":"3","XJ":"3","84":"3","P3":"3"},"CV":{"M4":"3"},"6G":{"F7":"3","28":"3","R4":"3","Q4":"3","R3":"3","C8":"3","G6":"3","VP":"3","C9":"3","F8":"3","74":"3","53":"3","3C":"3","34":"3","24":"3","C7":"3"},"F5":{"J5":"3"},"JP":{"35":"3","54":"3","52":"3","M5":"3","64":"3"},"MM":{"7W":"3"},"3G":{"6C":"3"},"JJ":{"7X":"3","2M":"3","4W":"3"},"2H":{"92":"3"},"5C":{"2W":"3","JF":"3"},"H4":{"27":"3","2F":"3","2C":"3","34":"3","29":"3","28":"3","32":"3"},"PJ":{"3Q":"3"},"5G":{"X6":"3","H6":"3","XG":"3","V2":"3","F7":"3","X7":"3","V5":"3","W4":"3","Q5":"3","W3":"3","P3":"3"},"QM":{"HQ":"3","JR":"3","JQ":"3","JJ":"3","HR":"3"},"9P":{"45":"3"},"CM":{"2R":"3"},"8H":{"RM":"3","VQ":"3"},"JR":{"7W":"3"},"JM":{"7F":"3","7G":"3","C5":"3","3F":"3","3G":"3","48":"3","2F":"3","33":"3","2C":"3","24":"3"},"QJ":{"CM":"3","CP":"3","CJ":"3","9J":"3","9P":"3","9M":"3"},"6F":{"PW":"3"},"GM":{"QR":"3","XR":"3","JR":"3","Q3":"3","R3":"3","QV":"3"},"9H":{"MX":"3"},"GJ":{"HQ":"3","JR":"3","FJ":"3","QC":"3","JV":"3","HR":"3","HV":"3"},"7G":{"4R":"3"},"G3":{"F7":"3","GX":"3"},"HM":{"M3":"3","P9":"3","MH":"3","9W":"3","Q6":"3","PC":"3","JC":"3","H9":"3","8R":"3","CP":"3","FM":"3","GQ":"3","Q2":"3","HR":"3","QC":"3","8V":"3","V5":"3","QX":"3","QG":"3","MP":"3","J3":"3","F5":"3","P2":"3","JP":"3","P8":"3","MM":"3","R8":"3","JJ":"3","GG":"3","RG":"3","MG":"3","QV":"3","P3":"3","VC":"3","9R":"3","J6":"3","R3":"3","H4":"3","M5":"3","4W":"3","PJ":"3","WQ":"3","G6":"3","XM":"3","MJ":"3","QM":"3","FQ":"3","HQ":"3","CM":"3","9P":"3","M9":"3","GF":"3","JR":"3","Q3":"3","F3":"3","H6":"3","JM":"3","GM":"3","G8":"3","72":"3","XJ":"3","PH":"3","G3":"3","4V":"3","V9":"3","HG":"3","G4":"3","F7":"3","R7":"3","C6":"3","P4":"3","FP":"3","H3":"3","JG":"3","QR":"3","WG":"3","P5":"3","M4":"3","7V":"3","VH":"3","RH":"3","M8":"3","7R":"3","PM":"3","VJ":"3","MC":"3","MF":"3","JF":"3","CC":"3","M2":"3","WP":"3","F6":"3","HP":"3","QF":"3","GP":"3","PF":"3","RJ":"3","J4":"3","W8":"3","MR":"3"},"G4":{"X9":"3","QG":"3","QJ":"3","X6":"3","P8":"3","JF":"3","WF":"3","3Q":"3","XC":"3","WH":"3","VG":"3","9F":"3","W8":"3","WG":"3","XG":"3","9G":"3","XF":"3","RG":"3","VQ":"3","X8":"3"},"C4":{"WX":"3","XX":"3"},"H3":{"37":"3"},"37":{"C2":"3"},"HJ":{"MJ":"3","5X":"3","PG":"3","9X":"3","7R":"3","MF":"3","8W":"3","CX":"3","3M":"3","HV":"3","HW":"3","GQ":"3","RR":"3","PX":"3","MW":"3","CH":"3","QQ":"3","PJ":"3","QG":"3","RF":"3","FG":"3","8V":"3","XV":"3","9V":"3","4H":"3","8R":"3","GG":"3"},"JG":{"3H":"3"},"MQ":{"M8":"3"},"4F":{"4X":"3","98":"3","C8":"3"},"CH":{"Q2":"3","C8":"3"},"HP":{"X4":"3","X5":"3","P2":"3","P3":"3","F3":"3"},"FH":{"98":"3","GH":"3","VQ":"3"},"GP":{"R8":"3","R9":"3"}},"WW":{"6C":{"PW":"3","QW":"3","PX":"3","GV":"3"},"VG":{"VM":"3","W8":"3","VJ":"3","W2":"3","W3":"3","PM":"3","RJ":"3","M2":"3","P3":"3","XG":"3","R5":"3"},"HP":{"CV":"3"},"FH":{"8R":"3","M5":"3","PP":"3"},"FJ":{"GH":"3"},"V7":{"H8":"3","W5":"3","M9":"3","F9":"3","W6":"3","6C":"3","FC":"3","V8":"3","G9":"3"},"CG":{"36":"3","CM":"3","RP":"3","C2":"3","WF":"3","P4":"3","XM":"3"},"48":{"52":"3","25":"3","P4":"3","22":"3","M2":"3","62":"3","56":"3","4M":"3","X2":"3","23":"3","H7":"3","H6":"3","72":"3","45":"3","H2":"3","35":"3","24":"3","P2":"3","84":"3"},"R9":{"M4":"3","J8":"3"},"4P":{"XR":"3","WW":"3","CX":"3","VW":"3","MP":"3","PP":"3"},"C8":{"M7":"3"},"3V":{"PF":"3","PV":"3","J2":"3","PX":"3","QV":"3","M2":"3","F4":"3","J9":"3"},"WG":{"53":"3","7G":"3","FH":"3","3J":"3","6J":"3","62":"3","4G":"3","8G":"3","7F":"3","4H":"3","5J":"3","4M":"3","6R":"3","6G":"3","7H":"3","6H":"3","5H":"3","4F":"3","8H":"3","6M":"3","3P":"3","5P":"3","VG":"3","7J":"3","5M":"3","4J":"3","6F":"3","2C":"3","5F":"3","2F":"3","5G":"3","3F":"3"},"9P":{"CM":"3","GJ":"3","HC":"3","X3":"3","PH":"3"},"7F":{"XV":"3"},"7V":{"JJ":"3"},"8G":{"M3":"3","W3":"3"},"GF":{"XC":"3"},"8W":{"PR":"3"},"4H":{"97":"3","8W":"3","MW":"3","5V":"3","7C":"3","8V":"3","8R":"3"},"2F":{"J6":"3"},"VV":{"F2":"3"},"9Q":{"VF":"3","QH":"3"},"WV":{"8R":"3","8P":"3","GF":"3"},"29":{"QR":"3","H8":"3","RV":"3","X3":"3","R7":"3","CQ":"3"},"JX":{"FH":"3"},"2J":{"X4":"3","J2":"3","Q3":"3"},"FF":{"53":"3"},"8P":{"JP":"3"},"WJ":{"37":"3","2C":"3"},"2R":{"P9":"3","PP":"3","MH":"3","PC":"3","JC":"3","QP":"3","8R":"3","CP":"3","PR":"3","7W":"3","X2":"3","RQ":"3","W9":"3","QC":"3","5P":"3","MP":"3","3Q":"3","VQ":"3","JP":"3","P8":"3","MM":"3","R8":"3","JJ":"3","R9":"3","X7":"3","VP":"3","MG":"3","QV":"3","VC":"3","5Q":"3","CJ":"3","7P":"3","PJ":"3","WW":"3","Q8":"3","7Q":"3","WQ":"3","6Q":"3","MJ":"3","QM":"3","CM":"3","9P":"3","M9":"3|6","8M":"3","4P":"3","4R":"3","PH":"3","WX":"3","V9":"3","HG":"3","VR":"3","R7":"3","HF":"3","JG":"3","5R":"3","QR":"3","6R":"3","7V":"3","9Q":"3","V6":"3","7X":"3","RC":"3","4Q":"3","7R":"3","PM":"3","MC":"3","MF":"3","JF":"3","9M":"3","JH":"3","Q9":"3","FH":"3","W5":"3"},"5P":{"7W":"3","CX":"3","3Q":"3","6V":"3","2R":"3"},"3R":{"47":"3","25":"3","33":"3","JM":"3","27":"3","69":"3","G4":"3","36":"3","75":"3","VG":"3","49":"3","V4":"3","F2":"3","W5":"3","VC":"3","C2":"3","38":"3","24":"3","5R":"3","R9":"3","26":"3","GC":"3","8V":"3"},"P7":{"X6":"3","V3":"3","33":"3","RH":"3","WF":"3","Q5":"3"},"7W":{"JQ":"3"},"7C":{"5R":"3"},"4Q":{"V2":"3","Q6":"3","V3":"3","V5":"3","R7":"3","R3":"3","W5":"3","7M":"3","X3":"3","Q3":"3","W4":"3","Q5":"3","P4":"3"},"9J":{"4Q":"3"},"VM":{"MJ":"3","HF":"3","P8":"3","MC":"3","GF":"3","HG":"3","JF":"3","HV":"3"},"GW":{"3X":"3"},"3J":{"R9":"3","Q9":"3","JG":"3","X9":"3","22":"3","X5":"3","M9":"3","V8":"3","M5":"3","P6":"3"},"7M":{"G3":"3"},"57":{"5X":"3","CW":"3","3X":"3","9W":"3","8W":"3","HV":"3","4X":"3","8V":"3","MX":"3"},"RX":{"R7":"3"},"6Q":{"7H":"3"},"47":{"2X":"3","PX":"3","MX":"3"},"F6":{"QG":"3"},"79":{"JC":"3","G6":"3"},"6P":{"8F":"3","F9":"3","VW":"3"},"4W":{"7F":"3","4G":"3","8F":"3","5P":"3","38":"3","4W":"3","HF":"3","25":"3","GF":"3","56":"3"},"7R":{"3V":"3"},"8J":{"2H":"3"},"Q8":{"5C":"3","8G":"3"},"XF":{"WC":"3","X5":"3"},"2Q":{"V7":"3","44":"3","WM":"3","X5":"3","WP":"3","R7":"3","VJ":"3"},"GG":{"3F":"3","XH":"3","M6":"3","4H":"3","WH":"3","VJ":"3"},"WW":{"93":"3"},"7J":{"CX":"3","FP":"3"},"5F":{"RQ":"3","XQ":"3","FR":"3"},"3M":{"HJ":"3","HG":"3"},"MG":{"PF":"3"},"77":{"PF":"3","7H":"3","WC":"3","MF":"3","XC":"3","7J":"3"},"WF":{"7W":"3","7X":"3","CQ":"3","7Q":"3"},"QR":{"4R":"3"},"68":{"Q2":"3","27":"3"},"JC":{"RP":"3"},"XM":{"5V":"3"},"5Q":{"HJ":"3","H2":"3","J2":"3","8H":"3","G2":"3","95":"3"},"37":{"7G":"3","PX":"3","RX":"3","JQ":"3","PW":"3","MP":"3","4H":"3","QX":"3","WX":"3","MW":"3","7H":"3","6H":"3","5H":"3","GW":"3","QW":"3","XX":"3","MX":"3","MV":"3","VX":"3"},"5J":{"MJ":"3","V6":"3","4M":"3","3M":"3","C8":"3","4F":"3","GM":"3","RQ":"3","43":"3"},"V8":{"7R":"3","8R":"3","GR":"3","CW":"3","PM":"3","QJ":"3"},"XQ":{"8M":"3"},"8C":{"8C":"3","C4":"3","9Q":"3"},"G6":{"9J":"3"},"6G":{"F2":"3","G2":"3"},"87":{"5F":"3","JQ":"3","4F":"3"},"HC":{"FR":"3"},"J6":{"GQ":"3","RX":"3","JV":"3","PW":"3","7Q":"3","QX":"3","WX":"3","4W":"3","6R":"3","WW":"3","2R":"3","VW":"3","HR":"3","XW":"3","QW":"3","XX":"3","PV":"3","RW":"3","6Q":"3","4X":"3","HV":"3","7W":"3","MV":"3","VX":"3","7R":"3","FQ":"3"},"XJ":{"35":"3","J7":"3"},"4M":{"2R":"3"},"P9":{"RQ":"3","VC":"3","XG":"3","9R":"3","WF":"3"},"27":{"HW":"3","WH":"3","4W":"3","3X":"3","2R":"3","VG":"3","6W":"3","5W":"3","XH":"3","2X":"3","5V":"3","7V":"3","3W":"3","3V":"3","5X":"3","2V":"3","4X":"3","HV":"3","7W":"3","8W":"3","6V":"3","PM":"3","2W":"3","8V":"3"},"3F":{"45":"3"},"7P":{"HF":"3","JF":"3","HM":"3"},"3C":{"35":"3","8R":"3","MM":"3","7J":"3","HM":"3"},"Q9":{"QF":"3"},"67":{"4X":"3","2X":"3","MW":"3"},"HH":{"J5":"3","H3":"3","X7":"3","R6":"3"},"FC":{"2W":"3"},"3P":{"RX":"3","PW":"3","GV":"3","QX":"3","WX":"3","MW":"3","WW":"3","7X":"3","6W":"3","VW":"3","6X":"3","QW":"3","XX":"3","PV":"3","RW":"3","5X":"3","HV":"3","7W":"3","MV":"3","VX":"3","8V":"3"},"W7":{"F4":"3","G3":"3","F3":"3","54":"3","92":"3","44":"3","G4":"3","53":"3","M5":"3","43":"3"},"5M":{"Q7":"3"},"P6":{"RW":"3","3Q":"3","9Q":"3","MQ":"3","HQ":"3","PR":"3","HH":"3","MP":"3","QV":"3","CM":"3","GH":"3","4X":"3","MR":"3","PC":"3","QR":"3","9M":"3","FJ":"3","2R":"3"},"9M":{"VW":"3","HV":"3"},"J7":{"V2":"3","Q2":"3","R3":"3","W2":"3","X3":"3","R2":"3","4C":"3","8M":"3"},"WH":{"3F":"3","5X":"3","97":"3","8H":"3"},"XR":{"5R":"3","8Q":"3","HC":"3","F7":"3","9M":"3","G9":"3","F6":"3","7Q":"3"},"MF":{"R7":"3","47":"3"},"GX":{"2H":"3"},"CC":{"WR":"3"},"2W":{"7W":"3","GM":"3","W5":"3","X8":"3"},"8F":{"2W":"3"},"9H":{"7F":"3","6F":"3","7G":"3"},"6F":{"Q4":"3","F4":"3","Q5":"3","2R":"3"},"3H":{"3X":"3","GP":"3","3W":"3","JX":"3","CP":"3","4X":"3","4W":"3","P7":"3","FG":"3"},"H6":{"CJ":"3","9J":"3","JM":"3","CH":"3"},"9C":{"5V":"3"},"J5":{"VX":"3"},"RF":{"XP":"3","QC":"3","Q5":"3"},"7G":{"F2":"3","46":"3"},"HM":{"WG":"3","WH":"3"},"XP":{"W5":"3"},"C7":{"6P":"3","J5":"3"},"WR":{"XF":"3"},"Q7":{"87":"3","W6":"3","86":"3","W8":"3","X6":"3","Q6":"3","V6":"3","76":"3","77":"3","78":"3","9F":"3","88":"3","FH":"3","XP":"3","X7":"3"},"89":{"4Q":"3","RR":"3"},"2V":{"G7":"3","G3":"3","V3":"3","FP":"3","J9":"3","PR":"3","FM":"3","HC":"3","RR":"3","M6":"3","GC":"3","FG":"3"},"6X":{"PJ":"3"},"28":{"F4":"3","86":"3","F3":"3","G2":"3","F2":"3","7G":"3","97":"3","63":"3","22":"3","C3":"3","94":"3","GH":"3","C2":"3","CH":"3","35":"3","25":"3","GJ":"3","84":"3","JM":"3"},"38":{"V2":"3","G2":"3","V3":"3","V5":"3","R4":"3","Q4":"3","W5":"3","P2":"3","X3":"3","R2":"3","V4":"3","46":"3","M2":"3","Q3":"3","X4":"3","W4":"3","9V":"3","X7":"3"},"5V":{"J2":"3","JJ":"3","QJ":"3"},"3W":{"79":"3","87":"3","G8":"3","86":"3","28":"3","P2":"3","J9":"3","69":"3","49":"3","C8":"3","G9":"3","F9":"3","H9":"3","M7":"3","G4":"3","HC":"3","55":"3","29":"3","78":"3","F8":"3","68":"3","38":"3","98":"3","88":"3","58":"3","P7":"3","5C":"3","H5":"3","66":"3","C7":"3","59":"3"},"4V":{"36":"3","J8":"3"},"2C":{"G2":"3","RH":"3","C6":"3","VH":"3","Q5":"3"},"Q5":{"CP":"3"},"GC":{"H4":"3","G4":"3","H5":"3","G5":"3"},"3Q":{"67":"3","FW":"3","52":"3","V7":"3","QF":"3","9W":"3","CX":"3","36":"3","38":"3","33":"3","QG":"3","V8":"3","32":"3","42":"3","34":"3","2C":"3","26":"3","43":"3","9J":"3"},"5R":{"MJ":"3","94":"3","95":"3"},"RR":{"QR":"3"},"VP":{"5C":"3","C2":"3","WV":"3","88":"3"},"VH":{"J5":"3","V2":"3"},"6W":{"VC":"3","QC":"3","R7":"3","V8":"3","P9":"3","Q5":"3"},"CF":{"HC":"3","CQ":"3"},"C6":{"3X":"3","RP":"3","4X":"3","CR":"3","6W":"3","6V":"3","4W":"3"},"VR":{"69":"3","57":"3","47":"3"},"M7":{"G7":"3","W8":"3","F3":"3","M3":"3","54":"3","P5":"3","4M":"3","22":"3","92":"3","83":"6|3","44":"3","C4":"3","V4":"3","HC":"3","GC":"3","53":"3","82":"3","93":"3","72":"3","73":"3","W7":"3"},"9F":{"Q3":"3","JM":"3","QV":"3"},"4J":{"7F":"3","PG":"3","JF":"3","JG":"3","5F":"3","3F":"3","MC":"3","CG":"3","G9":"3","H9":"3","HC":"3","4C":"3","PH":"3","FG":"3","CF":"3","6F":"3","2C":"3"},"78":{"CV":"3","Q3":"3","W7":"3","F3":"3"},"CM":{"2P":"3"},"3X":{"4W":"3"},"RC":{"GM":"3","RX":"3"},"GH":{"JH":"3","M5":"3","C8":"3","P5":"3","JG":"3"},"HG":{"7R":"3","4J":"3"},"FG":{"7J":"3","5J":"3","6J":"3","8J":"3","FM":"3","9H":"3","2J":"3","GQ":"3","5M":"3","7Q":"3","6H":"3","5H":"3","CH":"3","9J":"3"},"7Q":{"QR":"3","RR":"3"},"CP":{"2R":"3"},"MC":{"C6":"3"},"6R":{"WR":"3","WV":"3","38":"3"},"4R":{"37":"3","26":"3","CQ":"3","P6":"3","P5":"3"},"R7":{"VF":"3","RF":"3","27":"3","VC":"3","RC":"3"},"X7":{"X3":"3"},"M6":{"JR":"3","7W":"3","HR":"3","8X":"3","CV":"3","3X":"3","9W":"3","HX":"3","PR":"3","6W":"3","HV":"3","MV":"3","WR":"3","GR":"3","QR":"3","8V":"3","9V":"3","VX":"3"}},"CX":{"H4":{"27":"3"},"G4":{"FQ":"3","X7":"3","X8":"3"},"2H":{"5H":"3","5G":"3"},"93":{"HQ":"3"},"C5":{"36":"3","XR":"3","9V":"3","2H":"3","PV":"3","4R":"3","2W":"3","CX":"3","CR":"3","MR":"3","CW":"3","9R":"3"},"C6":{"36":"3","37":"3","27":"6|3","76":"3","86":"3","38":"3"},"F5":{"6P":"3","R8":"3","JJ":"3","3R":"3","3Q":"3","X8":"3","RG":"3"}},"QQ":{"R9":{"RF":"3","H2":"3","G5":"3","WF":"3"},"G8":{"QH":"3","W8":"3","X6":"3","R7":"3","89":"3","F5":"3","JQ":"3","XC":"3","X8":"3","MV":"3","W3":"3","W4":"3","RQ":"3","MW":"3","VF":"3","88":"3","Q5":"3","4H":"3","W7":"3","X7":"3"},"W6":{"48":"3"},"G7":{"8C":"3","GR":"3"},"F7":{"66":"3","Q7":"3","R7":"3"},"M3":{"J5":"3","C8":"3","J6":"3"},"JG":{"5J":"3","2P":"3"},"V6":{"JW":"3","HW":"3","HX":"3","MX":"3","JV":"3"},"R7":{"RQ":"3","C9":"3","G6":"3","G5":"3","P6":"3","QJ":"3","F6":"3","W3":"3"},"V7":{"F4":"3","96":"3","H3":"3","G3":"3","J2":"3","V2":"3","C5":"3","J6":"3","49":"3","39":"3","C4":"3","G4":"3","J5":"3","M5":"3","H6":"3","3C":"3","H5":"3","2C":"3","C7":"3"},"H7":{"3X":"3"},"9W":{"HJ":"3"},"HH":{"2G":"3"},"G6":{"74":"3"},"H9":{"C9":"3","39":"3","76":"3","C8":"3","F3":"3"},"H8":{"7F":"3","3R":"3","27":"3","8J":"3","5F":"3","7M":"3","49":"3","4V":"3","4C":"3","8Q":"3","4F":"3","68":"3","7C":"3","5C":"3","59":"3"},"R8":{"J3":"3"},"Q7":{"JW":"3","JV":"3"},"GH":{"WG":"3"},"V9":{"36":"3","93":"3","73":"3","74":"3","83":"3"},"JH":{"56":"3"},"FQ":{"3G":"3","3J":"3","2J":"3","2G":"3","4G":"3","5J":"3","4H":"3","4M":"3","3M":"3","5H":"3","4F":"3","3H":"3","5M":"3","4J":"3","2F":"3","5G":"3","2H":"3","3F":"3"},"F6":{"HM":"3","FR":"3","CP":"3","FQ":"3","GR":"3","WH":"3","XH":"3"},"V8":{"R9":"3","VC":"3","W8":"3","R7":"3","QV":"3","RR":"3","V9":"3","WC":"3","R6":"3","QR":"3","W9":"3","V8":"3","WG":"3","RC":"6"}},"X2":{"7M":{"XP":"3"},"8Q":{"7R":"3","G4":"3","J5":"3","J6":"3"},"FH":{"PM":"3"},"8P":{"8H":"3"},"33":{"HH":"3"},"M2":{"GP":"3","HP":"3","97":"3","QC":"3","JF":"3","WM":"3","6J":"3","88":"3","7C":"3","57":"3","2G":"3","86":"3","8G":"3","CJ":"3","5C":"3","4M":"3","96":"3","6G":"3","7H":"3","6H":"3","5H":"3","6M":"3","H8":"3","MJ":"3","5P":"3","WP":"3","FF":"3","79":"3","PG":"3","R8":"3","9J":"3","7J":"3","P9":"3","9F":"3","87":"3","8J":"3","5M":"3","M5":"3","98":"3","77":"3","6F":"3","92":"3","CH":"3","2C":"3","9H":"3","PC":"3","H2":"3","6Q":"3","H5":"3","9R":"3","6V":"3","Q8":"3","GC":"3","G5":"3","R7":"3","C6":"3","4P":"3","5G":"3","84":"3","89":"3"},"8M":{"CJ":"3"},"R2":{"8X":"3"},"99":{"PX":"3"},"Q7":{"9F":"3","FG":"3"},"CC":{"M4":"3"},"Q4":{"78":"3"},"9J":{"35":"3","45":"3"},"R6":{"HQ":"3","78":"3","68":"3","P6":"3"},"H9":{"P5":"3"},"9M":{"6Q":"3"},"9F":{"FV":"3"},"HC":{"68":"3"},"M3":{"R4":"3"},"M5":{"HM":"3","57":"3"},"98":{"2F":"3"},"8C":{"35":"3","45":"3"},"Q3":{"3Q":"3","VH":"3"},"9H":{"4R":"3"},"6Q":{"CM":"3","FJ":"3","FM":"3"},"J2":{"XG":"3","XC":"3"},"P2":{"VV":"3","JJ":"3","28":"3","W4":"3"},"7R":{"G8":"3","C9":"3","99":"3","F7":"3","46":"3"},"GC":{"24":"3","F5":"3"},"89":{"9X":"3","8X":"3"}},"W2":{"8C":{"F4":"3","87":"3","96":"3","Q8":"3","G8":"3","W6":"3","62":"3","M8":"3","45":"3","J8":"3","Q6":"3","C5":"3","V5":"3","R7":"3","V7":"3","R4":"3","H7":"3","Q4":"3","J7":"3","W5":"3","J9":"3","F5":"3","X3":"3","C8":"3","77":"3","C4":"3","P8":"3","V4":"3","C9":"3","Q3":"3","Q7":"3","P3":"3","F8":"3","68":"3","98":"3","5R":"3","R6":"3","Q5":"3","82":"3","P4":"3","72":"3","58":"3","M5":"3","R5":"3","84":"3","X7":"3","P6":"3"},"7C":{"WJ":"3"},"3H":{"5J":"3"},"2P":{"XR":"3","RR":"3","WQ":"3","2W":"3","2V":"3","MX":"3","VQ":"3"},"6C":{"HP":"3"},"6G":{"4V":"3","4W":"3"},"QG":{"52":"3"},"3Q":{"5C":"3","8J":"3"},"VM":{"W4":"3"},"3G":{"R8":"3","CX":"3"},"2Q":{"H3":"3","GV":"3","V2":"3","JF":"3","M3":"3","JC":"3","Q4":"3","J9":"3","MC":"3","R2":"3","H8":"3","Q7":"3","JH":"3","P4":"3","P7":"3","H4":"3"},"2M":{"JR":"3","JV":"3"},"2X":{"W3":"3"},"2R":{"MF":"3"},"96":{"HH":"3"},"2V":{"G7":"3"},"2G":{"CH":"3"},"PG":{"Q3":"3","R3":"3"},"9C":{"79":"3","2X":"3","MJ":"3","28":"3","3V":"3","63":"3","5F":"3","64":"3","VV":"3","C8":"3","C9":"3","X4":"3","C2":"3","2W":"3","5C":"3","6F":"3","X2":"3","4H":"3","C7":"3","P6":"3"},"77":{"H9":"3","J2":"3","RM":"3"},"H7":{"C3":"3"},"FG":{"25":"3"},"3X":{"23":"3"},"2W":{"Q3":"3"},"9F":{"38":"3"},"8G":{"X4":"3","W5":"3","W7":"3","X8":"3"},"4R":{"C3":"3"},"65":{"V3":"3","R2":"3"},"99":{"87":"3","7G":"3","3X":"3","77":"3","78":"3","8Q":"3","88":"3","4W":"3","2W":"3","4P":"3","8V":"3","3C":"3","9V":"3"},"36":{"6X":"3","6W":"3","6V":"3"},"4M":{"96":"3"},"89":{"HJ":"3","6J":"3","M9":"3","HG":"3","XV":"3","CJ":"3","H8":"3","M8":"3","GW":"3","5W":"3","JX":"3","WV":"3","J9":"3","WQ":"3","HC":"3","VW":"3","XF":"3","HH":"3","GG":"3","QW":"3","MQ":"3","RR":"3","9X":"3","5R":"3","GH":"3","J8":"3","VR":"3","8W":"3","JW":"3","VV":"3","GC":"3","5Q":"3","FG":"3"},"76":{"52":"3"},"88":{"8V":"3"},"V6":{"33":"3"},"74":{"3X":"3","CX":"3"},"4Q":{"5R":"3"},"9G":{"24":"3","55":"3","23":"3","6C":"3","29":"3","57":"3","47":"3"},"Q9":{"4X":"3"},"84":{"4X":"3"},"QF":{"2X":"3","79":"3","7C":"3","XC":"3","7M":"3"},"PF":{"WF":"3"}},"GX":{"QH":{"9G":"3"},"JV":{"85":"3","6R":"3"},"MQ":{"26":"3"},"MM":{"PF":"3","MM":"3"},"RH":{"79":"3","6C":"3"},"GQ":{"W6":"3"},"VH":{"87":"3","76":"3","86":"3"},"PJ":{"7P":"3"}},"JX":{"HM":{"C3":"3"},"3R":{"RR":"3","QV":"3"},"XR":{"83":"3"},"WQ":{"XW":"3"},"X3":{"36":"3","39":"3","37":"3","PJ":"3","G2":"3","38":"3","QJ":"3"},"92":{"3G":"3","7H":"3"},"83":{"M4":"3","J2":"3"},"4R":{"2H":"3","3C":"6"},"W3":{"J5":"3"},"G4":{"9G":"3"},"94":{"MX":"3"},"C2":{"4V":"3"},"H2":{"RQ":"3"},"82":{"Q7":"3","V8":"3","JV":"3","7Q":"3"},"72":{"VX":"3","C3":"3","83":"3"},"84":{"52":"3"}},"WV":{"RQ":{"GX":"3"},"MJ":{"8R":"3","JR":"3","8X":"3","MW":"3","8W":"3"},"GM":{"57":"3"},"HJ":{"QR":"3","8P":"3","CV":"3","XP":"3","8W":"3","VM":"3"},"MM":{"J2":"3","H3":"3"},"JJ":{"9R":"3"}},"MR":{"JV":{"WX":"3"},"PP":{"VX":"3"},"WP":{"24":"3"},"JW":{"62":"3","7C":"3"},"PR":{"PP":"3","G5":"3","QP":"3","MM":"3","RM":"3","QM":"3","G6":"3","PM":"3","RJ":"3","QJ":"3","GC":"3","RQ":"3","MW":"3","QR":"3"},"MV":{"GM":"3","PQ":"3"},"JX":{"92":"3"},"PV":{"79":"3","67":"3","89":"3","69":"3","78":"3","68":"3","35":"3","88":"3","33":"3","57":"3","25":"3","34":"3","24":"3"},"MR":{"XG":"3"},"MW":{"27":"3","2C":"3","28":"3"},"QR":{"PG":"3"},"RG":{"M3":"3","P3":"3"}},"JR":{"F9":{"PC":"3"}},"VW":{"P9":{"VF":"3","WG":"3","WF":"3","VJ":"3"},"WH":{"3X":"3","MF":"3","JF":"3","JG":"3"},"WR":{"X5":"3","J4":"3"},"V7":{"PP":"3","HV":"3","QW":"3","CP":"3","GQ":"3","PR":"3","PX":"3","JX":"3","MW":"3","HR":"6|3","QC":"3","5P":"3","QX":"3","RW":"3","3V":"3","6M":"3","QV":"3","PV":"3","VX":"3","2X":"3","4W":"3","2V":"3","PJ":"3","WW":"3","RV":"3","6Q":"3","MJ":"3","PG":"3","XW":"3","JR":"3","2W":"3","8M":"3","MV":"3","PQ":"3","MX":"3","PH":"3","XX":"3","WX":"3","HG":"3","GX":"3","R7":"3","RX":"3","5R":"3","QR":"3","MQ":"3","JW":"3","MC":"3","JV":"3","VW":"3","9M":"3","PW":"3","HX":"3","GW":"3","8J":"3","7M":"3"},"H9":{"XF":"3"},"RQ":{"CR":"3"},"QQ":{"67":"3","G7":"3","5G":"3","89":"3","5F":"3","69":"3","J6":"3","3H":"3","2F":"3","5H":"3","6C":"3","P4":"3","3J":"3","4J":"3","M5":"3","H6":"3","3C":"3"},"W9":{"8R":"3","RV":"3","QJ":"3","68":"3","7C":"3","9V":"3","37":"3","69":"3","5J":"6","6R":"3","5H":"3","9W":"3","54":"3","JG":"6","3H":"3","8F":"3","8C":"3","QH":"3","38":"6|3","5F":"3","GF":"3","5R":"3","9R":"3"},"CV":{"JX":"3","HW":"3"},"QX":{"WR":"3","XG":"3","WH":"3","MP":"3","PM":"3","QM":"3"},"QG":{"XJ":"3","WH":"3"},"RW":{"QR":"3","RR":"3","PV":"3","MW":"3","WQ":"3"},"J9":{"5C":"3","48":"3","58":"3","4H":"3","2F":"3","4C":"3"},"9V":{"8C":"3"},"R8":{"H2":"3","C2":"3","79":"3","8R":"3","FM":"3","X2":"3","G2":"3","83":"3","W2":"3","MW":"3","QQ":"3","FJ":"3","J2":"3","Q2":"3","52":"3","93":"3","J5":"3","CV":"3","92":"3","82":"3","QX":"3","6G":"3","J3":"3","RW":"3","P2":"3","5M":"3","34":"3","VQ":"3","P8":"3","R2":"3","GG":"3","85":"3","62":"3","VP":"3","2M":"3","P3":"3","9R":"3","J6":"3","H4":"3","96":"3","FW":"3","V2":"3","53":"3","WQ":"3","6Q":"3","94":"3","X3":"3","CM":"3","C3":"3","XW":"3","42":"3","77":"3","F3":"3","H7":"3","FG":"3","H6":"3","3M":"3","J8":"3","6F":"3","97":"3","8M":"3","72":"3","8Q":"3","98":"3","95":"3","69":"3","G9":"3","2J":"3","H3":"3","RX":"3","JG":"3","3P":"3","M8":"3","V8":"3","CR":"3","XP":"3","M7":"3","JF":"3","9M":"3","WP":"3","HX":"3","F2":"3","84":"3","8J":"3","P7":"3","W8":"3","R5":"3"},"R9":{"V5":"3","QP":"3","8P":"3","9P":"3","7Q":"3","Q7":"3","JJ":"3","8X":"3","VG":"3","MR":"3","GJ":"3","WJ":"3","R4":"3","6Q":"3","7W":"3","MM":"3","7P":"3","RM":"3","7R":"3","Q2":"3","FQ":"3"},"W7":{"4X":"3","V7":"3","8R":"3","FJ":"3","R6":"3","HR":"3","8V":"3","CV":"3","9J":"3","X7":"3","QV":"3","VX":"3","2X":"3","9R":"3","8X":"3","4W":"3","XG":"3","XM":"3","MJ":"3","6W":"3","GF":"3","WM":"3","3X":"3","G8":"3","XJ":"3","WX":"3","VR":"3","XH":"3","5X":"3","M6":"3","7V":"3","RH":"3","5W":"3","CH":"3","HX":"3","XF":"3","RR":"3","GC":"3","8W":"3","R5":"3"},"X7":{"PP":"3","GR":"3","WR":"3","6P":"3","QW":"3","2P":"3","PR":"3","PX":"3","JX":"3","MW":"3","FJ":"3","WV":"3","QX":"3","MP":"3","RW":"3","JP":"3","JJ":"3","6M":"3","2H":"3","XR":"3","PV":"3","2M":"3","VX":"3","2R":"3","7P":"3","WW":"3","6Q":"3","2G":"3","FQ":"3","XW":"3","JQ":"3","3M":"3","2W":"3","MV":"3","PQ":"3","4P":"6|3","MX":"3","GJ":"3","XX":"3","WX":"3","HM":"3","2J":"3","4M":"3","HJ":"3","RX":"3","MQ":"3","XV":"3","JV":"3","CH":"3","PW":"3","HX":"3","GV":"3","HP":"3","GP":"3","RR":"3","7M":"3","MR":"3","CG":"3"},"XR":{"35":"3","66":"3"},"VX":{"MH":"3"},"VC":{"M8":"3","MQ":"3","JG":"3","J4":"3","G9":"3","CJ":"3","PC":"3","FH":"3","GF":"3","X2":"3"},"X8":{"Q9":"3","V2":"3","V3":"3","V5":"3","R4":"3","W5":"3","W2":"3","J5":"3","PX":"3","Q5":"3","H6":"3","R5":"3"},"Q8":{"53":"3","V8":"3","W4":"3","QG":"3","HP":"3","H4":"3","97":"3","H3":"3","P8":"3","P4":"3","M2":"3","M9":"3","MG":"3","56":"3","RJ":"3","JP":"3","63":"3","VJ":"3","G9":"3","XJ":"3","96":"3","94":"3","95":"3","CC":"3","MJ":"3","PH":"3","C7":"3","R8":"3","H7":"3","J7":"3","C9":"3","V4":"3","VM":"3","W2":"3","MH":"3","64":"3","WG":"3","5M":"3","HC":"3","W9":"3","M5":"3","R3":"3","J5":"3","98":"3","77":"3","VC":"3","74":"3","MC":"3","GG":"3","QH":"3","RC":"3","H2":"3","P7":"3","W6":"3","P5":"3","H5":"3","J6":"3","GF":"3","GH":"3","J8":"3","R9":"3","RM":"3","FC":"3","Q8":"3","PM":"3","M6":"3","FG":"3","C6":"3","84":"3"},"WQ":{"XH":"3"},"JR":{"PC":"3"},"F8":{"43":"3","XG":"3"},"QJ":{"XG":"3"},"PQ":{"QG":"3","QJ":"3","QF":"3","HP":"3","P8":"3","QC":"3","GQ":"3","JM":"3","WM":"3","JQ":"3","VF":"3","WF":"3","XP":"3","JP":"3","RH":"3","WH":"3","PR":"3","XM":"3","JJ":"3","MJ":"3","PH":"3","M8":"3","HQ":"3","VG":"3","PG":"3","R8":"3","JR":"3","XH":"3","WG":"3","XF":"3","WJ":"3","RG":"3","RF":"3","QH":"3","RC":"3","VP":"3","MM":"3","Q8":"3","PP":"3","PM":"3","Q9":"3","PF":"3"},"X9":{"6P":"3","6H":"3","J8":"3","3C":"3","4M":"3"},"V9":{"RP":"3","JR":"3","PG":"3","V2":"3","J8":"3","JV":"3","PP":"3","WX":"3","JC":"3","28":"3","CW":"3","MQ":"3","QP":"3","H7":"3","PR":"3","MP":"3","CG":"3","XM":"3","F9":"3","C8":"3","44":"3","QV":"3","HV":"3","MV":"3","PM":"3","RJ":"3","HW":"3","HC":"3","GQ":"3","C9":"3","PV":"3","QJ":"3","GH":"3","PQ":"3","MW":"3","MR":"3","FQ":"3","XW":"3","WM":"3","WW":"3","QR":"3","W9":"3","QG":"3","QW":"3"},"R7":{"HW":"3","PX":"3","GR":"3","JV":"3","PW":"3","GV":"3","XV":"3","QX":"3","WX":"3","MW":"3","WW":"3","CW":"3","CX":"3","3X":"3","FX":"3","7X":"3","8X":"3","GW":"3","6W":"3","GX":"3","JX":"3","WV":"3","VW":"3","2X":"3","HX":"3","XW":"3","FW":"3","6X":"3","QW":"3","XX":"3","5X":"3","9X":"3","MX":"3","HV":"3","7W":"3","JW":"3","VV":"3"},"XH":{"6P":"3","JC":"3","Q8":"3","JF":"3","RC":"3","J9":"3"},"WC":{"43":"3","RF":"3","5J":"3","5P":"3","H2":"3","33":"3","6R":"3","QF":"3","M5":"3","28":"3","RG":"3","RC":"3"},"RX":{"H3":"3","4G":"3","G3":"3","89":"3","97":"3","69":"3","R2":"3","3G":"3","99":"3","G4":"3","2J":"3","4C":"3","2H":"3","C9":"3","Q3":"3","78":"3","J3":"3","5C":"3","3C":"3"},"Q7":{"HQ":"3","RP":"3","MW":"3","PV":"3","RX":"3","QX":"3","MR":"3","MX":"3","MV":"3","HR":"3","JV":"3","GQ":"3"},"7V":{"J9":"3"},"MQ":{"F8":"3","V7":"3","G8":"3","39":"3","G6":"3","Q8":"3","M9":"3","F9":"3","M7":"3","P7":"3"},"RC":{"45":"3","65":"3","52":"3","F2":"3","54":"3","44":"3","55":"3","35":"3","53":"3","P4":"3","H4":"3","26":"3"},"V8":{"X9":"3","V6":"3","W4":"3","3R":"3","V2":"3","P4":"3","3G":"3","M2":"3","9P":"6","XP":"3","F7":"3","R2":"3","X3":"3","WX":"3","X4":"3","V3":"3","X2":"6|3","CF":"3","R8":"3","V4":"3","6W":"3","W2":"3","R5":"3","W9":"3","W5":"3","M3":"3","R3":"3","77":"3","7V":"3","3W":"3","Q3":"3","XX":"3","3V":"3","W3":"3","W6":"3","7W":"3","P3":"3","J2":"3","6V":"3","P2":"3"},"VW":{"4X":"3","3W":"3","4W":"3"},"XC":{"PC":"3","4W":"3"},"RJ":{"4G":"3","2V":"3"},"W8":{"25":"3","33":"3","GR":"3","22":"3","37":"3","44":"3","6P":"3","34":"3","5H":"3","6M":"3","3P":"3","23":"3","C7":"3","FF":"3","9J":"3","W5":"3","4J":"3","M5":"3","G2":"3","9H":"3","42":"3","MX":"3","H2":"3","35":"3","P5":"3","24":"3","GH":"3","26":"3","32":"3","Q9":"3","5G":"3"}},"R3":{"GP":{"H4":"3"},"C8":{"8R":"3","7M":"3","9C":"3","H3":"3","CG":"3","6J":"3","2G":"3","HG":"3","8G":"3","F7":"3","7Q":"3","7F":"3","R2":"3","6P":"3","G8":"3","7H":"3","3M":"3","CC":"3","8H":"3","H8":"3","CF":"3","FF":"3","PG":"3","R8":"3","7J":"3","C9":"3","9M":"3","8J":"3","3H":"3","9G":"3","7V":"3","8F":"3","GJ":"3","G3":"3","J2":"3","7P":"3","6V":"3","7R":"3","F8":"3","8V":"3"},"V8":{"9X":"3","5M":"3","8W":"3","6V":"3"},"9C":{"R6":"3"},"V2":{"HW":"3","8Q":"3","8P":"3","4V":"3","9V":"3","GV":"3","7Q":"3","6R":"3","CW":"3","CX":"3","7X":"3","FX":"3","9W":"3","GW":"3","GX":"3","HM":"3","QM":"3","5V":"3","7V":"3","HR":"3","CR":"3","GJ":"3","FW":"3","6X":"3","PV":"3","5X":"3","MX":"3","6Q":"3","HV":"3","7W":"3","MV":"3","CV":"3","9R":"3","7P":"3","8W":"3","6V":"3","8V":"3"},"68":{"RP":"3","HM":"3","5J":"3","4G":"3","6J":"3","MM":"3","HJ":"3","4F":"3","2F":"3","GM":"3","7P":"3","6M":"3","9P":"3","XG":"3"},"X6":{"G9":"3"},"43":{"66":"3","67":"3","76":"3","42":"3","68":"3","77":"3","65":"3"},"X5":{"33":"3","GP":"3"},"P4":{"M4":"3","74":"3","C3":"3"},"88":{"X6":"3","Q6":"3","J8":"3"},"JQ":{"XC":"3"},"7C":{"H2":"3","J2":"3","53":"3","86":"3","65":"3","JG":"3"},"F7":{"2P":"3"},"69":{"XR":"3","XQ":"3","Q9":"3","Q8":"3","PC":"3","QC":"3"},"G4":{"CC":"3"},"63":{"8R":"3"},"R2":{"XF":"3","WH":"3","RM":"3","M2":"3","J3":"3"},"P6":{"VQ":"3"},"X3":{"V3":"3","Q6":"3","Q4":"3","R3":"3","W5":"3","X3":"3","C8":"3","J5":"3","M6":"3","X4":"3","W4":"3","P7":"3","M5":"3","P6":"3"},"99":{"QF":"3"},"44":{"CF":"3","PJ":"3","FG":"3","FC":"3"},"X4":{"2F":"3"},"WH":{"46":"3"},"V3":{"F3":"3","68":"3","CG":"3","43":"3","22":"3","86":"3","G6":"3","G9":"3","95":"3","H8":"3","FF":"3","M8":"3","C7":"3","H7":"3","5W":"3","87":"3","F2":"3","77":"3","G2":"3","C2":"3","F6":"3","CH":"3","45":"3","H2":"3","G7":"3","C3":"3","F4":"3","C5":"3","C4":"3"},"Q7":{"G7":"3"},"G8":{"R4":"3","R3":"3"},"QQ":{"3F":"3"},"78":{"66":"3","R2":"3","4H":"3","X2":"3","X7":"3","G9":"3","77":"3"},"CF":{"75":"3"},"65":{"2V":"3"},"Q4":{"33":"3"},"C7":{"WP":"3","PH":"3"},"79":{"GC":"3","2V":"3","FM":"3"},"R6":{"XP":"3"},"C9":{"39":"3","4G":"3","53":"3"},"Q6":{"4R":"3"},"66":{"RG":"3"},"HM":{"M9":"3"},"87":{"2C":"3"},"F2":{"96":"3"},"9G":{"79":"3"},"M4":{"R4":"3"},"M3":{"MH":"3","PH":"3"},"R3":{"67":"3","MG":"3","M3":"3","R4":"3","R3":"3","P2":"3","M4":"3","8W":"3","GQ":"3","M2":"3","GH":"3"},"98":{"P8":"3","XF":"3","6F":"3","M8":"3","WF":"3"},"77":{"P9":"3","WR":"3","PR":"3","WV":"3","MP":"3","QG":"3","RW":"3","G7":"3","JJ":"3","XR":"3","QV":"3","VX":"3","WW":"3","RV":"3","WQ":"3","G6":"3","PG":"3","9P":"3","XQ":"3","M9":"3","H7":"3","J8":"3","HM":"3","C6":"3","FP":"3","HJ":"3","WC":"3","JG":"3","RX":"3","QR":"3","Q4":"3","VW":"3","XC":"3","HP":"3","MR":"3"},"8F":{"VX":"3"},"8C":{"8C":"3","VJ":"3"},"92":{"66":"3","55":"3","65":"3"},"76":{"MJ":"3","8P":"3","2G":"3","MM":"3","8H":"3","JM":"3","JJ":"3","6G":"3"},"Q3":{"JP":"3","2X":"3","H5":"3"},"QR":{"M9":"3","MC":"3","9F":"3"},"42":{"CM":"3","R8":"3","97":"3","F5":"3"},"RR":{"WJ":"3","QH":"3","VJ":"3","MM":"3","RM":"3","QM":"3","FF":"3","PM":"3","RJ":"3","XJ":"3","JJ":"3","QJ":"3","WH":"3","QQ":"3","PJ":"3","FG":"3","6F":"3","GG":"3"},"W3":{"26":"3","32":"3"},"P7":{"MG":"3"},"WR":{"2V":"3","4W":"3","2R":"3"},"P3":{"PX":"3"},"VR":{"XW":"3","MV":"3","JV":"3","2J":"3","HV":"3"},"P2":{"MJ":"3","JC":"3","RP":"3","HC":"3","JF":"3","PM":"3"},"G7":{"PH":"3"},"VQ":{"JV":"3"},"55":{"RM":"3"},"Q2":{"M3":"3","J8":"3","X8":"3"}},"HX":{"F8":{"FF":"3"},"C9":{"GW":"3"},"5C":{"4F":"3"},"V3":{"H4":"3"},"W2":{"V8":"3"},"97":{"JC":"3","GC":"3","GF":"3","FG":"3","JF":"3","CG":"3","J9":"3"},"H7":{"JP":"3","8M":"3"},"MV":{"5J":"3"},"J6":{"93":"3"}},"XW":{"P9":{"JR":"3","7W":"3","FW":"3","GV":"3","HR":"3","GW":"3","CW":"3","CV":"3","HQ":"3","FV":"3","8W":"3","QM":"3","6W":"3","GR":"3","5W":"3","JP":"3","VW":"3","JM":"3"},"WH":{"MR":"3"},"PC":{"R9":"3","VC":"3","V2":"3","V3":"3","R7":"3","R4":"3","P2":"3","MF":"3","PF":"3","R2":"3","W4":"3","PC":"3","82":"3","P4":"3","P9":"3","FC":"3"},"QP":{"53":"3"},"Q5":{"44":"3"},"QC":{"35":"3","WX":"3","XV":"3","25":"3","66":"3","45":"3","84":"3","56":"3","65":"3","75":"3","XX":"3"},"92":{"7C":"3"},"3Q":{"98":"3"},"3V":{"76":"3","6F":"3"},"2Q":{"XH":"3"},"5C":{"V3":"3","W5":"3","X4":"3","V6":"3","X5":"3","W6":"3"},"2M":{"5W":"3","4W":"3"},"2X":{"H3":"3"},"9R":{"R4":"3"},"VC":{"7W":"3","8X":"3","6R":"3","6W":"3","6V":"3","2R":"3"},"XG":{"JW":"3","QW":"3","HX":"3","MX":"3","3W":"3","4W":"3"},"XM":{"52":"3","C3":"3","F5":"3"},"9C":{"97":"3"},"WM":{"MP":"3","PM":"3","PP":"3"},"FC":{"6M":"3"},"3R":{"FX":"3","9W":"3"},"45":{"F6":"3"},"XJ":{"7M":"3","CM":"3","8P":"3","8M":"3","MG":"3","5J":"3","4M":"3","6G":"3","6H":"3","6M":"3","5P":"3","2M":"3","9J":"3","9M":"3","6W":"3","5W":"3","8J":"3","5M":"3","M4":"3","7V":"3","CQ":"3","5X":"3","7P":"3","7R":"3","4Q":"3","5Q":"3"},"4P":{"7F":"3","37":"3","59":"3"},"PH":{"XW":"3"},"3J":{"5J":"3","H8":"3","2H":"3","G7":"3"},"69":{"GF":"3"},"G9":{"74":"3"},"2J":{"QR":"3","RP":"3","W4":"3","FW":"3"},"WJ":{"8J":"3","QM":"3"},"XH":{"F2":"3","H2":"3","G3":"3","Q2":"3","J2":"3","H3":"3","M2":"3"},"3P":{"F8":"3","G8":"3","F7":"3","G7":"3","P4":"3"},"WG":{"WW":"3"},"2C":{"W6":"3"},"VH":{"5Q":"3"},"HH":{"PW":"3"},"3C":{"VV":"3","8J":"3"},"RC":{"2X":"3","WV":"3","JR":"3","XR":"3","HQ":"3","FM":"3","VV":"3","4R":"3","MV":"3","WR":"3","PV":"3","GM":"3","2W":"3","HP":"3"},"VJ":{"9C":"3","46":"3","PP":"3","F3":"3"},"4F":{"F7":"3"},"JF":{"3F":"3","JH":"3","88":"3","JG":"3"},"27":{"23":"3"},"JH":{"4W":"3"},"QF":{"V2":"3"},"R5":{"6M":"3"},"RF":{"V6":"3","R3":"3","X7":"3"}},"FW":{"X7":{"2M":"3","28":"3"},"W7":{"2P":"3","VM":"3"}},"XX":{"CX":{"96":"3","8F":"3","HJ":"3","MP":"3","HV":"3","CM":"3","GM":"3","68":"3","CH":"3","M5":"3"},"9W":{"JX":"3"},"HW":{"7F":"3","HR":"3","8G":"3","89":"3","9G":"3","GP":"3","CG":"3","FF":"3","99":"3","6R":"3","CP":"3","C9":"3","GC":"3","F8":"3","9F":"3","98":"3","GR":"3","5R":"3","8C":"3","9P":"3","CF":"3","CC":"3","FC":"3","9C":"3","HP":"3","C7":"3"},"5V":{"R9":"3","W8":"3","3F":"3","MC":"3","2F":"3","GC":"3","XG":"3","W7":"3","X7":"3"},"8R":{"63":"3"},"54":{"PQ":"3"},"57":{"4H":"3"},"PX":{"PP":"3","WH":"3","MH":"3","4X":"3","6P":"3","HV":"3","5V":"3","8R":"3","CP":"3","7W":"3","QQ":"3","HR":"3","CW":"3","5P":"3","RP":"3","VQ":"3","9V":"3","9J":"3","MM":"3","JJ":"3","GG":"3","6M":"3","QV":"3","VX":"3","9R":"3","5Q":"3","CJ":"3","8X":"3","4W":"3","X8":"3","7P":"3","PJ":"3","WW":"3","7Q":"3","XG":"3","6Q":"3","XM":"3","MJ":"3","8P":"3","CM":"3","9P":"3","7J":"3","WM":"3","JR":"3","FG":"3","GH":"3","QJ":"3","8M":"3","PQ":"3","XJ":"3","4R":"3","4V":"3","WX":"3","HM":"3","HG":"3","GX":"3","QH":"3","XH":"3","5X":"3","HJ":"3","RX":"3","5R":"3","QR":"3","WG":"3","7V":"3","VH":"3","RH":"3","MQ":"3","HH":"3","7R":"3","5W":"3","PM":"3","CR":"3","JV":"3","VW":"3","CH":"3","6V":"3","9M":"3","JH":"3","FH":"3","8J":"3","7M":"3","8W":"3","MR":"3","VG":"3","CG":"3"},"CW":{"9Q":"3","8J":"3","JW":"3","Q2":"3","HQ":"3","9W":"3","HH":"3","VV":"3","9H":"3","CJ":"3","CP":"3","GH":"3","CH":"3","9P":"3","GJ":"3","8H":"3","9J":"3","HP":"3"},"CV":{"PV":"3","HW":"3"},"QX":{"6C":"3","WQ":"3","G9":"3","48":"3","C8":"3","88":"3","QF":"3","4H":"3","2F":"3","VV":"3","58":"3","WV":"3","29":"3","2J":"3","RP":"3","PG":"3","WJ":"3","QX":"3","RW":"3","VJ":"3","M8":"3","F8":"3","VM":"3","3J":"3","57":"3","2M":"3","47":"3","F6":"3","M9":"3","79":"3","2G":"3","H9":"3","MG":"3","JF":"3","77":"3","69":"3","68":"3","F7":"3","JC":"3","XM":"3","WP":"3","G8":"3","37":"3","XQ":"3","87":"3","HC":"3","XJ":"3","27":"3","3F":"3","46":"3","3C":"3","XH":"3","67":"3","3P":"3","86":"3","H8":"3","PX":"3","97":"3","WH":"3","XR":"3","MF":"3","3H":"3","4G":"3","9C":"3","39":"3","2H":"3","C7":"3","4F":"3","89":"3","28":"3","38":"3","4C":"3","2C":"3","RV":"3","GC":"3","RG":"3","VH":"3","76":"3","96":"3","C6":"3","J8":"3","78":"3","56":"3","F9":"3","PC":"3","RC":"3","PJ":"3","5C":"3","PF":"3","MC":"3","MJ":"3","66":"3","59":"3","WM":"3"},"75":{"9V":"3","4R":"3"},"MM":{"48":"3","58":"3","7J":"3"},"39":{"Q9":"3","X2":"3"},"3G":{"QF":"3"},"38":{"X4":"3"},"3V":{"QR":"3"},"5C":{"VX":"3"},"59":{"HC":"3"},"55":{"3Q":"3"},"25":{"X7":"3"},"4W":{"52":"3"},"2V":{"4X":"3","38":"3"},"FW":{"2X":"3","VJ":"3","QF":"3","7M":"3","VV":"3","XM":"3","4V":"3","5M":"3","WM":"3","9M":"3","RG":"3","9J":"3"},"6Q":{"4F":"3"},"G6":{"8J":"3"},"X3":{"CF":"3","2F":"3","CC":"3","FC":"3","47":"3"},"5H":{"7P":"3"},"QM":{"GC":"3"},"8P":{"CP":"3","5M":"3","7J":"3","J3":"3"},"49":{"JR":"3","G2":"3","22":"3"},"3R":{"W9":"3"},"H6":{"H4":"3"},"35":{"9F":"3","38":"3"},"X5":{"H2":"3","C2":"3","92":"3","53":"3","72":"3","63":"3","M2":"3","P2":"3"},"JM":{"JC":"3","PC":"3","XF":"3"},"6F":{"5H":"3"},"45":{"P5":"3"},"97":{"F8":"3","GC":"3","F9":"3"},"2W":{"32":"3"},"8M":{"HP":"3"},"GM":{"H9":"3","5Q":"3"},"8Q":{"83":"3"},"4V":{"GM":"3","PF":"3","JH":"3","6X":"3","FM":"3","FP":"3","P2":"3","GP":"3","PH":"3"},"95":{"5F":"3","PW":"3","MP":"3"},"GX":{"HQ":"3","QH":"3","27":"3","PR":"3","V6":"3","V2":"3","PC":"3","W6":"3","28":"3","65":"3","XX":"3"},"36":{"X2":"3","W4":"3"},"47":{"8X":"3","FV":"3"},"4M":{"JH":"3","XC":"3"},"FX":{"HW":"3","8Q":"3|6","8P":"3","9P":"3","8M":"3","7Q":"3","9Q":"3","CW":"3","FR":"3","PJ":"3","JJ":"3","GX":"3","W5":"3","98":"3","HR":"3","CR":"3","C2":"3","HV":"3","MV":"3","MM":"3","7P":"3","PM":"3"},"58":{"MG":"3","2J":"3","35":"3","H6":"3","2C":"3","24":"3","6Q":"3"},"P4":{"GF":"3","VJ":"3"},"37":{"WR":"3","VQ":"3"},"P5":{"94":"3"},"74":{"65":"3"},"7R":{"CV":"3","PR":"3"},"46":{"4J":"3","4H":"3","3H":"3","3J":"3"},"Q4":{"QR":"3","PR":"3","CR":"3","F3":"3"},"4F":{"VM":"3"},"6V":{"Q7":"3","4C":"3","86":"3","65":"3"},"3W":{"M6":"3","X4":"3","R5":"3"},"HX":{"H2":"3","G5":"3","CX":"3","H8":"3","GR":"3","JC":"3","GQ":"3","7W":"3","C5":"3","CW":"3","5P":"3","F5":"3","3Q":"3","G7":"3","JP":"3","J9":"3","9V":"3","MM":"3","JJ":"3","J7":"3","2Q":"3","F4":"3","H4":"3","8X":"3","PJ":"3","FQ":"3","MJ":"3","6H":"3","32":"3","M9":"3","6W":"3","GH":"3","H6":"3","JM":"3","9X":"3","G3":"3","95":"3","G4":"3","C6":"3","5X":"3","FR":"3","HF":"3","H3":"3","HJ":"3","JG":"3","76":"3","6R":"3","7V":"3","M8":"3","CR":"3","JF":"3","HC":"3","HP":"3","GP":"3","7M":"3"},"GW":{"HM":"3","3P":"3","PP":"3","2P":"3","GW":"3","QP":"3","MM":"3","6P":"3","CV":"3","MP":"3","6W":"3","7Q":"3","4P":"3","5Q":"3","4Q":"3","JP":"3","JM":"3"},"48":{"VG":"3","75":"3","R9":"3","7W":"3","67":"3","QH":"3","WF":"3","45":"3","WP":"3","QC":"3","RM":"3","76":"3","MV":"3","46":"3","VH":"3","CP":"3","MH":"3","2F":"3","VF":"3","37":"3","23":"3","WM":"3","WH":"3","PJ":"3","QG":"3","P7":"3","RF":"3","WG":"3","66":"3","43":"3"},"J4":{"6G":"3"}},"PV":{"FX":{"C9":"3","J4":"3"},"33":{"G8":"3"},"WQ":{"PJ":"3"},"FW":{"RV":"3","RW":"3","QV":"3"}},"QR":{"6P":{"43":"3","4C":"3"},"6X":{"QM":"3"},"76":{"2X":"3"},"67":{"73":"3"}},"9X":{"XH":{"CV":"3","58":"3"},"WH":{"PM":"3"},"JV":{"F4":"3"}},"MX":{"92":{"99":"3"},"85":{"Q8":"3"}},"W3":{"3F":{"R4":"3","R3":"3"},"Q4":{"CM":"3","CP":"3","FM":"3","9P":"3","FP":"3","CQ":"3"},"G6":{"RJ":"3"},"J5":{"3C":"3"},"M6":{"H2":"3","C4":"3","96":"3","87":"3","J2":"3","86":"3","F4":"3","95":"3"},"H6":{"8R":"3","FJ":"3","WC":"3","8Q":"3","V8":"3","97":"3","JC":"3","9P":"3","WF":"3","XC":"3","P6":"3","FM":"3","G8":"3","MW":"3","9Q":"3","JJ":"3","V9":"3","9M":"3","W8":"3","98":"3","GG":"6","RF":"3","P5":"3","CP":"3","JW":"3","GM":"3","Q2":"3","GC":"3"},"W2":{"P4":"3","P3":"3"},"92":{"35":"3"},"42":{"JC":"3"},"6C":{"74":"3"},"C7":{"58":"3"},"M5":{"WJ":"3","JR":"3","RP":"3","RV":"3","QP":"3","VR":"3","HX":"3","WQ":"3","VV":"3","MV":"3","JX":"3","HW":"3","RR":"3","XJ":"3","RQ":"3","QQ":"3","MX":"3"},"P6":{"C3":"3"},"J6":{"87":"3","79":"3","89":"3","97":"3","MF":"3","69":"3","PF":"3","77":"3","99":"3","48":"3","29":"3","78":"3","68":"3","98":"3","88":"3","66":"3"},"P5":{"6M":"3","9J":"3","4Q":"3","3P":"3","4P":"3","MF":"3","FG":"3","7M":"3"}},"HV":{"6M":{"Q2":"3"},"C4":{"GW":"3"},"8J":{"25":"3","65":"3"},"3V":{"5Q":"3"},"5M":{"RJ":"3"},"6H":{"JR":"3"},"7J":{"PF":"3","JH":"3","X5":"3","6Q":"3","64":"3"},"94":{"X9":"3"},"C3":{"5V":"3"},"2J":{"48":"3"}},"MV":{"69":{"3F":"3"},"MJ":{"PX":"3"},"59":{"WC":"3"},"FR":{"M6":"3","R3":"3","P6":"3","P7":"3"},"MM":{"96":"3","G7":"3","W5":"3","J6":"3","R2":"3","M2":"3","H6":"3","H4":"3","H5":"3"},"WC":{"2F":"3"},"84":{"VF":"3"},"29":{"45":"3"},"PM":{"39":"3","28":"3"},"GQ":{"CX":"3"},"X8":{"WQ":"3","HW":"3","WP":"3"}},"JW":{"GP":{"JM":"3","FV":"3"},"HW":{"47":"3"},"QP":{"2V":"3","6F":"3","3W":"3","5V":"3"},"QG":{"QP":"3","PQ":"3","RJ":"3"},"HJ":{"2Q":"3","RW":"3","RH":"3","QC":"3","QM":"3","RJ":"3"},"P8":{"V9":"3","W7":"3"},"WM":{"6J":"3"},"JM":{"5W":"3","H3":"3","9F":"3","6R":"3","9G":"3","4W":"3"},"JV":{"58":"3","X7":"3","9C":"3","H7":"3"},"WF":{"JX":"3"},"J3":{"54":"3"},"JP":{"2Q":"3","32":"3"},"PQ":{"X2":"3","R7":"3"},"PR":{"46":"3"},"MW":{"VG":"3","6V":"3","7J":"3","5J":"3","6J":"3","8G":"3","8J":"3","7M":"3","HH":"3","7H":"3","8Q":"3","7P":"3","8P":"3","9P":"3","8H":"3"},"CW":{"P8":"3"},"FR":{"H2":"3","CC":"3","R5":"3"},"QQ":{"XQ":"3"},"FX":{"9H":"3","R7":"3"},"7X":{"7Q":"3"},"8X":{"7C":"3"},"VG":{"X6":"3","VC":"3","P3":"3","F3":"3"},"RQ":{"3G":"3","M6":"3","J7":"3","8H":"3"},"P9":{"RW":"3","H3":"3","C5":"3"},"JX":{"W8":"3"},"HM":{"VF":"3","2C":"3","XC":"3","VQ":"3"},"MR":{"HM":"3","8X":"3","CW":"3","HJ":"3","CX":"3","48":"3","GQ":"3","V9":"3","FX":"3","2Q":"3","HP":"3"},"XG":{"XV":"3"},"WG":{"69":"3","8F":"3","48":"3","9F":"3","3Q":"3"},"VW":{"8C":"3","34":"3"},"XF":{"W5":"3"},"RG":{"GG":"3","7H":"3","JH":"3","MG":"3"},"3W":{"CW":"3","FV":"3"},"2C":{"F8":"3","G8":"3","J8":"3","M8":"3","W3":"3"},"PV":{"V5":"3"},"QR":{"C5":"3","F5":"3","J9":"3"},"RR":{"FQ":"3"},"HV":{"6P":"3","6W":"3","7P":"3"},"29":{"FX":"3"},"MV":{"96":"3","H3":"3","G3":"3","G2":"3","F2":"3","F5":"3","95":"3","92":"3","C4":"3","G4":"3","C2":"3","F6":"3","93":"3","C6":"3","26":"3"},"MM":{"WR":"3","HR":"3","7Q":"3"},"8W":{"P4":"3"},"J2":{"R4":"3","V2":"3","R3":"3","P7":"3"},"Q8":{"25":"3"},"PM":{"3R":"3"},"M7":{"24":"3"},"R7":{"V2":"3"},"FQ":{"C9":"3"}},"VX":{"H2":{"GP":"3","8Q":"3","CM":"3","8P":"3","WM":"3","9P":"3","XP":"3","RJ":"3","7Q":"3","6P":"3","4W":"3","FM":"3","WW":"3","9Q":"3","CX":"3","3X":"3","XM":"3","PJ":"3","JJ":"3","MJ":"3","WP":"3","RQ":"3","9M":"3","VM":"3","HM":"3","VW":"3","2X":"3","3V":"3","WR":"3","CP":"3","7P":"3","RM":"3","VQ":"3","GM":"3","4Q":"3","2W":"3"},"8C":{"62":"3","42":"3"},"MH":{"G7":"3"},"PC":{"QC":"3"},"6P":{"3P":"3","6F":"3","6C":"3"},"HW":{"7C":"3","HW":"3","FV":"3"},"79":{"8F":"3","FJ":"3","2C":"3","CH":"3","GP":"3"},"CF":{"57":"3"},"6C":{"R4":"3"},"63":{"C7":"3"},"G2":{"XV":"3","PX":"3","RX":"3","QX":"3","XW":"3","VW":"3","XX":"3"},"C5":{"2X":"3"},"FJ":{"CP":"3","9Q":"3"},"J2":{"WR":"3","2P":"3","FM":"3","FJ":"3","W9":"3","5P":"3","3Q":"3","5M":"3","9J":"3","MM":"3","2Q":"3","6M":"3","XR":"3","VF":"3","VC":"3","PJ":"3","WW":"3","QM":"3","MJ":"3","XQ":"3","8H":"3","7J":"3","WM":"3","3M":"3","QJ":"3","JM":"3","8M":"3","GM":"3","9H":"3","4P":"3","8Q":"3","HM":"3","X9":"3","V9":"3","4M":"3","QH":"3","WC":"3","RH":"3","RC":"3","PM":"3","XP":"3","CH":"3","6J":"3","PW":"3","HX":"3","XC":"3","8J":"3","7M":"3"},"CW":{"W9":"3","QJ":"3"},"V5":{"97":"3","P4":"3"},"RW":{"J2":"3","JM":"3","QC":"3"},"P8":{"M5":"3","MG":"3"},"W7":{"G8":"3","C3":"3","G9":"3"},"X4":{"8R":"3"},"2M":{"CH":"3"},"F4":{"C2":"3","V6":"3","H3":"3","92":"3","R6":"3"},"J6":{"JM":"3"},"CJ":{"VP":"3"},"4W":{"4G":"3","5Q":"3"},"FW":{"P2":"3"},"WW":{"JC":"3","CF":"3"},"WQ":{"2P":"3"},"HQ":{"5G":"3","GP":"3"},"XQ":{"5G":"3"},"F3":{"VG":"3","XF":"3","JR":"3","QH":"3","FW":"3","WP":"3","XR":"3","X9":"3","9X":"3","MP":"3","CX":"3","QM":"3","JQ":"3","XC":"3","PM":"3","QJ":"3","WC":"3","W9":"3","FX":"3"},"3R":{"X3":"3"},"F8":{"MJ":"3","GM":"3","WJ":"3","XP":"3","FM":"3"},"GH":{"RW":"3","RX":"3","GP":"3"},"C8":{"FW":"3"},"FV":{"PX":"3"},"97":{"7W":"3","GV":"3","6W":"3","6V":"3","GX":"3"},"8M":{"4F":"3"},"G8":{"2Q":"3","H5":"3","C4":"3","6W":"3","47":"3","2R":"3"},"XJ":{"QP":"3"},"W4":{"35":"3","PW":"3","PX":"3"},"GJ":{"C9":"3","X5":"3","95":"3","X8":"3"},"4R":{"R3":"3"},"98":{"G4":"3","C4":"3","H3":"3","72":"3","F4":"3","C3":"3","32":"3","F5":"3","64":"3"},"G3":{"R9":"3","47":"3","JR":"3","W6":"3","J2":"3","GV":"3","JV":"3","V7":"3","P2":"3","W2":"3","MC":"3","QM":"3","95":"3","MV":"3","C4":"3","M2":"3","29":"3","MR":"3","H2":"3","57":"3","3C":"3"},"HM":{"94":"3","VG":"3"},"G4":{"25":"3","Q9":"3","53":"3","QC":"3"},"69":{"C9":"3","5R":"3","MM":"3","9C":"3","C5":"3","8V":"3"},"VR":{"MH":"3","PX":"3","QW":"3","M5":"3"},"C6":{"75":"3","F3":"3","83":"3","C4":"3","38":"3","37":"3","33":"3","57":"3","66":"3","56":"3"},"QH":{"RR":"3"},"W6":{"M4":"3","M5":"3","J4":"3","J3":"3"},"H3":{"8C":"3","3F":"3","WC":"3","8G":"3","68":"3"},"HJ":{"F4":"3","96":"3","G8":"3","7J":"3","45":"3","52":"3","8G":"3","63":"3","G9":"3","C8":"3","77":"3","44":"3","HC":"3","94":"3","85":"3","55":"3","74":"3","35":"3","98":"3","8M":"3","33":"3","8C":"3","73":"3","4J":"3","34":"3","26":"3","43":"3","4H":"3"},"89":{"5W":"3"},"RH":{"2G":"3","4C":"3"},"HH":{"XW":"3"},"4Q":{"35":"3","23":"3"},"PM":{"PP":"3"},"VW":{"CM":"3"},"CC":{"2X":"3"},"HC":{"5W":"3"},"9M":{"3F":"3","8H":"3","P9":"3"},"87":{"65":"3","54":"3","64":"3","92":"3","83":"3","55":"3","74":"3","53":"3","93":"3","73":"3","34":"3"},"M2":{"2Q":"3","2P":"3","29":"3","CW":"3"},"3W":{"X9":"3","R6":"3"},"GV":{"JM":"3"},"HP":{"69":"3"},"RJ":{"3M":"3"},"W5":{"M4":"3","QJ":"3"},"J4":{"99":"3","MG":"3"},"R5":{"5R":"3","2M":"3"},"CG":{"66":"3","4G":"3","65":"3"}},"Q2":{"XF":{"92":"3","C3":"3","39":"3","C4":"3","94":"3","33":"3","82":"3","73":"3","25":"3","24":"3"},"WJ":{"V9":"3","XH":"3","WJ":"3","VC":"3","XG":"3","WC":"3","WM":"3","V8":"3","WF":"3","RC":"3"},"WF":{"V5":"3","QP":"3","V6":"3","V8":"3","RV":"3","W4":"3","QF":"3","V2":"3","X6":"3","X5":"3","QC":"3","VF":"3","W7":"3","X3":"3","X4":"3","V3":"3","QQ":"3","X2":"3","V7":"3","R8":"3","R6":"3","V4":"3","W5":"3","RG":"3","RF":"3","RW":"3","X7":"3","RC":"3","RR":"3","W3":"3","W6":"3","R9":"3","Q9":"3"},"X9":{"7W":"3","G3":"3","M8":"3","G2":"3","F7":"3","8G":"3","8J":"3","7R":"3","Q2":"3","9G":"3","P2":"3","7M":"3","F5":"3","C8":"3","7V":"3","9R":"3","99":"3","M2":"3","Q3":"3","P3":"3","GM":"3","F8":"3","H2":"3","9F":"3","8P":"3","8M":"3","F6":"3","J3":"3","PW":"3","CC":"3","8H":"3","8R":"3","9C":"3"},"XM":{"7X":"3","6P":"3","63":"3","5P":"3","7Q":"3","6M":"3","42":"3","6F":"3","66":"3","43":"3"},"XC":{"8F":"3","HR":"3","F3":"3","65":"3","JG":"3","CW":"3","54":"3","CV":"3","FP":"3","FR":"3","63":"3","FM":"3","49":"3","CG":"3","99":"3","JX":"3","55":"3","FQ":"3","CH":"3","9F":"3","7C":"3","57":"3","FJ":"3","73":"3","72":"3","58":"3","FH":"3","FG":"3","5C":"3","CR":"3","CF":"3","HP":"3","59":"3"},"X8":{"PP":"3","HW":"3","HV":"3","QW":"3","RQ":"3","QQ":"3","QC":"3","V5":"3","MP":"3","QG":"3","RP":"3","RW":"3","R8":"3","R9":"3","W3":"3","X4":"3","V3":"3","QV":"3","VX":"3","V4":"3","RV":"3","X3":"3","MJ":"3","PG":"3","JR":"3","MV":"3","PQ":"3","MX":"3","X9":"3","QH":"3","V6":"3","JW":"3","JV":"3","HX":"3","XC":"3","QF":"3","RR":"3"},"XJ":{"3V":"3"},"QJ":{"GM":"3"},"VF":{"4P":"3"},"WC":{"WW":"3","VX":"3","XX":"3"},"WH":{"CV":"3","R8":"3","QC":"3","9R":"3","MX":"3","V4":"3","RC":"3"},"XH":{"3G":"3","2G":"3"},"XP":{"75":"3","67":"3","86":"3","62":"3","65":"3","HQ":"3","63":"3","64":"3","95":"3","G6":"3","C4":"3","GQ":"3","85":"3","C9":"3","74":"3","WM":"3","72":"3","73":"3","66":"3"},"WG":{"QH":"3","PG":"3","Q6":"3","RM":"3","R4":"3","VR":"3","WQ":"3","QM":"3","PF":"3","P8":"3","Q7":"3","QJ":"3","XX":"3","PC":"3","Q5":"3","QG":"3","P7":"3","P9":"3","RG":"3","VW":"3"},"RC":{"74":"3"},"X7":{"X9":"3","WM":"3","XP":"3","XC":"3","WP":"3","WQ":"3","XG":"3","XH":"3","VW":"3","XF":"3","WJ":"3","X7":"3","WR":"3","VR":"3","VX":"3","VV":"3","VQ":"3","X8":"3"}}},"index":{"university,1|retail,2|tourism,3|wreck,4|historical,5|artsCulture,6|namedBuilding,7|water,8|wetland,9|park,10|beach,11|natureReserve,12|cemetery,13|trail,14":{}}}