{"index":{"university,1|retail,2|tourism,3|wreck,4|historical,5|artsCulture,6|namedBuilding,7|water,8|wetland,9|park,10|beach,11|natureReserve,12|cemetery,13|trail,14":{}},"6Q":{"H2":{"8X":{"MQ":"3"},"2R":{"W9":"3","R6":"3","QC":"3"}},"8C":{"75":{"Q2":"3","VC":"3","XG":"3","XJ":"3","QF":"3","P2":"3","XM":"3","P3":"3"},"W6":{"H3":"3"},"65":{"H2":"3"},"97":{"HR":"3","GP":"3"},"63":{"4R":"3"},"FM":{"CP":"3","VQ":"3"},"64":{"99":"3","HX":"3","CC":"3","FG":"3","VH":"3"},"X3":{"GJ":"3","G9":"3"},"C8":{"45":"3","2M":"3","VG":"3"},"85":{"2P":"3","6P":"3","CV":"3","4M":"3","7R":"3","FR":"3","3M":"3","3G":"3","5P":"3","JX":"3","3H":"3","2H":"3","7Q":"3","GR":"3","8P":"3","6M":"3","2G":"3","3J":"3","4P":"3","4J":"3","CR":"3","4H":"3"},"PX":{"23":"6"},"CM":{"48":"3","58":"3","57":"3","47":"3"},"GH":{"4H":"3","3Q":"3"},"GM":{"2W":"3"},"F8":{"VV":"3","QW":"3"},"74":{"GW":"3"},"F6":{"PJ":"3"},"72":{"5M":"3"},"73":{"WP":"3","MV":"3"},"MX":{"W2":"3","W3":"3"},"84":{"22":"3"}},"G5":{"9V":{"6Q":"3","7Q":"3"},"H2":{"3G":"3","48":"3"},"G3":{"V3":"3","H5":"3","Q7":"3","M6":"3","Q6":"3","W7":"3","M5":"3","J4":"3","P6":"3","Q5":"3","P5":"3","P7":"3"},"VC":{"JP":"3"},"J2":{"85":"3","74":"3","84":"3","75":"3"},"H3":{"94":"3"},"W7":{"8C":"3","35":"3","44":"3","48":"3","45":"3","99":"3","34":"3","46":"3","47":"3"},"G2":{"X5":"3"},"F4":{"F2":"3"}},"C2":{"5J":{"XM":"3"},"G8":{"4C":"3"},"H8":{"V7":"3","P6":"3"},"JQ":{"54":"3","C4":"3","32":"3","64":"3"},"6J":{"JP":"3","8P":"3","RV":"3","RR":"3","PV":"3","PR":"3","JM":"3","MR":"3","VW":"3","PQ":"3"},"7M":{"23":"3"},"47":{"WJ":"3","RM":"3"},"5G":{"WH":"3"}},"Q6":{"WW":{"8W":"3"},"VX":{"55":"3","6W":"3"},"XJ":{"PF":"3","QF":"3","RG":"3"},"VW":{"6G":"3"},"XM":{"GH":"3"}},"64":{"MM":{"3V":"3","5V":"3","F3":"3"},"HJ":{"XF":"3","4W":"3","2R":"3"},"RH":{"GM":"3"},"HC":{"WW":"3"},"JJ":{"WX":"3","4G":"3","6H":"3"},"M2":{"JW":"3","MW":"3","JX":"3"},"GH":{"FX":"3","MW":"3","PX":"3","HP":"3","GX":"3"},"PH":{"48":"3","59":"3","58":"3"},"GJ":{"Q9":"3","H3":"3","G3":"3","F3":"3","G2":"3","F2":"3","V5":"3","R7":"3","R4":"3","Q2":"6","R3":"3","P2":"3","PF":"3","V4":"3","R8":"3","M6":"3","W4":"3","P4":"3","M5":"3"},"JM":{"34":"3"}},"JC":{"37":{"2X":"3"},"27":{"XV":"3","8J":"3","MW":"3"},"FM":{"XC":"3"},"6J":{"VG":"3"}},"R4":{"M4":{"5P":"3","7P":"3"},"V3":{"XM":"3"},"M3":{"H6":"3","J7":"6"},"W2":{"G8":"3","CF":"3","GC":"3","F9":"3","FC":"3","CQ":"3","G9":"3"},"X4":{"3F":"3","C2":"3","27":"3","MM":"3","32":"3"},"X3":{"3F":"3","6R":"3","3C":"3","77":"3"},"X5":{"M8":"3","2J":"3"},"W4":{"W2":"3","9H":"3","92":"3","X5":"3"},"W3":{"8C":"3","4G":"3","PC":"3","JC":"3","79":"3","QW":"3","3H":"3","GQ":"3","CV":"3","6G":"3","9V":"3","R8":"3","MM":"3","2H":"3","5C":"3","5F":"3","2M":"3","VF":"3","5G":"3","FQ":"3","MJ":"3","9C":"3","JQ":"3","6F":"3","97":"3","GM":"3","XJ":"3","98":"3","PH":"3","4J":"3","69":"3","2J":"3","JG":"3","4C":"3","WG":"3","9Q":"3","MQ":"3","PM":"3","Q4":"3","VW":"3","4F":"3","JF":"3","CC":"3","87":"3","HP":"3","FH":"3","RR":"3","4H":"3","GC":"3","MR":"3"}},"6P":{"66":{"J8":"3"}},"V7":{"CQ":{"R9":"3","GV":"3","WX":"3","JW":"3","GP":"3","HV":"3","HW":"3","PX":"3","5H":"3","MW":"3","XH":"3","RC":"3"},"29":{"8X":"3","JX":"3","GX":"3","5G":"3"},"7C":{"QM":"3"},"HV":{"V7":"3","72":"3"},"3H":{"8R":"3","HJ":"3","CG":"3","58":"3","3G":"3","4V":"3","2J":"3","JQ":"3","4G":"3","7Q":"3","7F":"3","73":"3","WX":"3","6R":"3","MW":"3","WW":"3","9Q":"3","CX":"3","3X":"3","2R":"3","7X":"3","5H":"3","4F":"3","5P":"3","C7":"6","2M":"3","59":"3","5W":"3","GX":"3","5V":"3","7V":"3","F6":"3","QH":"3","6C":"3","XX":"3","5X":"3","9X":"3","MX":"3","HF":"3","38":"3","2V":"3","4X":"3","5F":"3","MV":"3","R9":"3","6V":"3","2F":"3","8V":"3","5Q":"3","2P":"3","3F":"3"},"2P":{"2Q":"3","7V":"3"},"5V":{"4V":"3","FV":"3","2R":"3"},"6C":{"6M":"3","FF":"3","2W":"3","6J":"3","7J":"3","7M":"3"},"GQ":{"M2":"3","MV":"3"},"X2":{"J5":"3","J4":"3","8V":"3","J3":"3"},"PX":{"7R":"3","GR":"3","FR":"3"},"C5":{"3X":"3","3W":"3"},"JX":{"48":"3","CH":"3"},"J2":{"53":"3"},"Q2":{"43":"3","M6":"3","52":"3","53":"3","M7":"3","73":"3","74":"3","34":"3"},"22":{"5V":"3"},"J5":{"22":"3"},"HR":{"PF":"3"},"5P":{"GG":"3","W2":"3","W5":"3","73":"3"},"3Q":{"RP":"3","X8":"3","QJ":"3"},"P2":{"4J":"3","W5":"3","X4":"3"},"5M":{"7R":"3","GW":"3","PV":"3","GV":"3","QV":"3"},"34":{"W8":"3"},"9V":{"FR":"3"},"R2":{"RP":"3","VW":"3"},"39":{"6C":"3"},"3G":{"7H":"3","R2":"3","38":"3","VM":"3","HV":"3"},"W3":{"6V":"3","CV":"3","FV":"3","4R":"3","6R":"3","4V":"3","CQ":"3","5V":"3","5R":"3","5Q":"3","4Q":"3","2R":"3","8R":"3"},"W7":{"V3":"3"},"2H":{"WV":"3","WX":"3","XR":"3","X9":"3","RM":"3","XM":"3","RH":"3","RJ":"3","WR":"3","RF":"3","XP":"3","XG":"3","RG":"3"},"5C":{"RM":"3","M8":"3","P7":"3"},"X4":{"VP":"3","24":"3","55":"3","QM":"3"},"5F":{"Q6":"3","G9":"3","P3":"3"},"V3":{"43":"3","XR":"3","XQ":"3","52":"3"},"59":{"WV":"3"},"28":{"R8":"3"},"2X":{"X4":"3","WG":"3"},"9R":{"65":"3","75":"3","64":"3"},"5Q":{"57":"3"},"V2":{"J5":"3","RV":"3","5X":"3"},"26":{"CG":"3"},"2G":{"XQ":"3","WV":"3","Q6":"3","R3":"3","72":"3","F3":"3"},"94":{"2G":"3"},"2F":{"7W":"3","JW":"3","7R":"3","M3":"3","7X":"3","F6":"3"},"G6":{"4X":"3","PF":"3","5X":"3"},"5H":{"6G":"3"},"FQ":{"6M":"3","4X":"3","6J":"3"},"8P":{"23":"3"},"32":{"27":"3"},"9P":{"64":"3"},"JQ":{"X4":"3"},"49":{"G3":"3","MM":"3"},"23":{"FH":"3","4V":"3","M2":"3","3Q":"3","6P":"3","7H":"3","4R":"3","H8":"3","8X":"3","H7":"3","H6":"3","JR":"3","M3":"3","7V":"3","CR":"3","FW":"3","CQ":"3","5R":"3","CV":"3","8V":"3","4P":"3"},"H7":{"37":"3"},"H6":{"J8":"3"},"3M":{"8P":"3","W7":"3","HX":"3","9Q":"3","GP":"3"},"FV":{"M3":"3","M2":"3"},"6F":{"PG":"3"},"3X":{"G2":"3"},"97":{"X4":"3","M9":"3"},"8M":{"7R":"3","GR":"3","9H":"3","GV":"3","XC":"3","5Q":"3","HR":"3","J6":"3","HV":"3"},"G8":{"46":"3"},"4P":{"39":"3","XF":"3","7J":"3"},"GJ":{"PG":"3","4F":"3"},"24":{"H4":"3","H8":"3"},"4V":{"WQ":"3"},"XX":{"5P":"3","GF":"3"},"WX":{"RJ":"3"},"HM":{"G8":"3","GJ":"3","VP":"3"},"95":{"48":"3"},"5J":{"3G":"3","XF":"3"},"3J":{"M3":"3","G5":"3","P9":"3","H8":"3","C2":"3","Q6":"3","JC":"3","R4":"3","V7":"3","CF":"3","H9":"6|3","54":"3","C5":"3","83":"3","QQ":"3","22":"3","52":"3","93":"3","J5":"3","QC":"3","FF":"3","92":"3","J3":"3","F5":"3","75":"3","G7":"3","P8":"3","J9":"3","R8":"3","85":"3","J7":"3","62":"3","67":"3","XR":"3","VF":"3","H4":"3","M5":"3","25":"3","96":"3","X8":"3","Q8":"3","53":"3","XG":"3","94":"3","X3":"3","H5":"3","C3":"3","66":"3","42":"3","GF":"3","77":"3","23":"3","FC":"3","F8":"3","C8":"3","H6":"3","97":"3","G8":"3","72":"3","XJ":"3","W4":"3","98":"3","G3":"3","99":"3","X9":"3","95":"6|3","G4":"3","G9":"3","F7":"3","WJ":"3","R7":"3","F9":"3","C6":"3","C4":"3","P4":"3","XH":"3","M6":"3","H3":"3","WC":"3","89":"6","76":"3","88":"3","P5":"3","C9":"3","74":"3","M8":"3","XV":"3","MF":"3","M7":"3","CC":"3","87":"3","C7":"3","XF":"3","QF":"3","84":"3","P7":"3","86":"3","GC":"3","J4":"3","W8":"3","RF":"3"},"4J":{"7G":"3","3R":"3","3G":"3","3J":"3","4V":"3","2J":"3","6J":"3","JV":"3","57":"3","2G":"3","62":"3","HG":"3","3Q":"3","XC":"3","69":"3","7Q":"3","5J":"3","4M":"3","3M":"3","F9":"3","3P":"3","23":"3","PH":"3","2M":"3","48":"3","49":"3","2Q":"3","5M":"3","9G":"3","8F":"3","6X":"3","3V":"3","28":"3","9X":"3","2V":"3","4C":"3","5G":"3","3F":"3"},"69":{"X2":"3"},"2J":{"X2":"3"},"36":{"3F":"3","3G":"3","RV":"3","2V":"3"},"4M":{"VQ":"3","27":"3","52":"3","V3":"3","69":"3","V4":"3","PV":"3","37":"3","F6":"3","8C":"3","32":"3","42":"3","GJ":"3","H5":"3"},"F7":{"P8":"3","J5":"3","H5":"3","H6":"3","M5":"3","J6":"3","HV":"3"},"C6":{"G6":"3","FJ":"3","VC":"3","QV":"3","23":"3","MP":"3"},"FR":{"96":"3","75":"3","47":"3","J8":"3","65":"3","28":"3","22":"3","76":"3","64":"3","49":"3","95":"3","37":"3","53":"3","WW":"3","82":"3","32":"3","42":"3","24":"3","43":"3"},"3P":{"8F":"3","39":"3","97":"3","VM":"3","F5":"3"},"7H":{"XF":"3"},"2C":{"J2":"3","QW":"3"},"9Q":{"98":"3","XC":"3"},"3F":{"2P":"3","MW":"3","PW":"3","PR":"3","QW":"3","6R":"3","QV":"3","PP":"3","GP":"3"},"MQ":{"8F":"3"},"HH":{"CJ":"3"},"4Q":{"M8":"3"},"7R":{"JR":"3","4Q":"3","FR":"3","FM":"3","MR":"3","HR":"3"},"CR":{"G7":"3","W8":"3","R4":"3","MF":"3","X3":"3","PF":"3","X8":"3","X5":"3","W3":"3","X4":"3","W4":"3","P7":"3","HG":"3","X2":"3","X7":"3"},"4F":{"WF":"3"},"44":{"2H":"3","4W":"3"},"JF":{"8C":"3","M9":"3"},"6J":{"49":"3"},"M2":{"6H":"3","5H":"3"},"27":{"FQ":"3","39":"3","J3":"3"},"HX":{"W7":"3","W9":"3","W8":"3"},"C7":{"CM":"3","CP":"3"},"GV":{"28":"3","56":"3"},"JH":{"MG":"3"},"F6":{"WX":"3","5X":"3","RX":"3","XF":"3","FW":"3","FV":"3"},"HP":{"M5":"3"},"8J":{"CC":"3"},"4H":{"WX":"3","6G":"3","J8":"3"},"7M":{"XH":"3","RV":"3","QV":"3"},"J4":{"3X":"3","2X":"3","3W":"3"},"W8":{"8H":"3"}},"X6":{"X9":{"33":"3"},"7M":{"3G":"3","2G":"3","3P":"3","29":"3"},"QG":{"Q4":"3","7C":"3","P4":"6","J3":"3"},"J4":{"7F":"3","2X":"3","X2":"3"},"H4":{"XR":"3","XC":"3"},"X6":{"4G":"3"},"H3":{"QC":"3","QF":"3"},"P8":{"QW":"3","JM":"3"},"X5":{"6M":"3","5M":"3","4H":"3","3H":"3"},"P4":{"64":"3","CG":"3","83":"3","85":"3","4F":"3","XH":"3","84":"3"},"6J":{"3M":"3","PX":"3","8W":"3","CR":"3","MV":"3","JV":"3","4M":"3"},"M2":{"8R":"3","3G":"3","FX":"3","GW":"3","2H":"3","59":"3","4F":"3","3C":"3","FW":"3","GX":"3"},"M9":{"2G":"3","2W":"3","VX":"6","67":"3","RX":"6","88":"3","29":"3","28":"3"},"WF":{"M9":"3","94":"3"},"J3":{"XR":"3","WM":"3","XP":"3","XV":"3","XJ":"3","WW":"3","XM":"3","WP":"3","XQ":"3","WV":"3","WQ":"3","XH":"3","XW":"3","WJ":"3","XX":"3","WR":"3","VR":"3","VV":"3","VQ":"3"},"XC":{"5M":"3","2W":"3"},"5J":{"5R":"3","8P":"3","8Q":"3","9P":"3"},"RH":{"4V":"3","3W":"3","4W":"3"},"6P":{"79":"3","RP":"3","62":"3","G5":"3","QP":"3","X9":"3","XC":"3","C3":"3","X5":"3","XJ":"3","VF":"3","F6":"3","V8":"3","P7":"3","X7":"3"},"WH":{"Q9":"3","Q8":"3","89":"3"},"V3":{"MH":"3"},"4R":{"43":"3","42":"3","94":"3"},"6M":{"WF":"3","6X":"3","X9":"3","V6":"3","Q2":"3","Q4":"3","3F":"3","3G":"3","PX":"3","CH":"3","Q5":"3","58":"3","3C":"3"},"5P":{"4M":"3"},"V9":{"83":"3"},"Q4":{"JW":"3","QP":"3","JX":"3","CR":"3","FV":"3"},"VG":{"Q8":"3"},"V7":{"WC":"3"},"PH":{"VG":"6|3","QC":"3","Q6":"3","J7":"3","J9":"3","J6":"3","MC":"3","J5":"3","PC":"3","J3":"3","QG":"3","RF":"3","H4":"3","RG":"3"},"R8":{"8W":"3"},"PG":{"JR":"3","HR":"3","JW":"3","HQ":"3","HV":"3","HW":"3","GJ":"3"},"V4":{"9R":"3"},"P9":{"HQ":"6","C9":"3","GQ":"6"},"H6":{"XR":"3","XP":"3","XM":"3"},"Q6":{"X7":"3"},"R5":{"HQ":"3","8R":"3","39":"3","9X":"3","CV":"3","7H":"3","CW":"3"},"J9":{"X5":"3","XF":"3","X8":"3"},"W8":{"H4":"3","J4":"3"},"XG":{"CM":"3","HC":"3","8M":"3"},"5M":{"WR":"3","C4":"3"},"M4":{"62":"3","G2":"3","52":"3","F2":"3","63":"3","22":"3","W2":"3","92":"3","83":"3","74":"3","C2":"3","53":"3","23":"3","33":"3","82":"3","72":"3","73":"3","32":"3","42":"3","43":"3","X2":"3","84":"3"},"M3":{"XF":"3","8V":"3","HV":"3","6X":"3","FV":"3","XH":"3","JM":"3","WH":"3","MJ":"3","CC":"3","76":"3","CG":"3","FC":"3","GF":"3","CP":"3","3Q":"3","3M":"3","QM":"3","WR":"3","FX":"3","JC":"3","PC":"3","4Q":"3","VR":"3","QG":"3","G9":"3","6Q":"3","MQ":"3","4X":"3","FW":"3","7M":"3","7R":"3","GM":"3","9X":"3","PG":"3","GJ":"3","HM":"3","MC":"3","8R":"3","GC":"3","XM":"3","4V":"3","VJ":"3","9R":"3","VC":"3","2P":"3","4M":"3","VH":"3","8M":"3","PQ":"3","CR":"3","7H":"3","3H":"3","JP":"3","6W":"3","7W":"3","FF":"3","8F":"3","HW":"3","2G":"3","3P":"3","MF":"3","3V":"3","HH":"3","JG":"3","WC":"3","5P":"3","PM":"3","6V":"3","FQ":"3","4R":"3","HF":"3","HC":"3","8P":"3","8X":"3","CV":"3","CM":"3","HG":"3","MP":"3","QH":"3","CW":"3","FJ":"3","PF":"3","WF":"3","RJ":"3","3R":"3","RM":"3","H9":"3","PH":"3","9Q":"3","7G":"3","5G":"3","8H":"3","5X":"3","7V":"3","9P":"3","2Q":"3","5H":"3","QJ":"3","7P":"3","5R":"3","4W":"3","GQ":"3","5Q":"3","HP":"3","RP":"3","9V":"3","2V":"3","RC":"3","JJ":"3","VF":"3","XG":"3","PP":"3","4J":"3","QF":"3","3W":"3","QC":"3","9W":"3","5V":"3","JH":"3","5J":"3","XR":"3","MG":"3","9M":"3","CF":"3","9F":"3","XJ":"3","F9":"3","GW":"3","7Q":"3","HJ":"3","JF":"3","2M":"3","8W":"3","RH":"3","RG":"3","RQ":"3","6P":"3","6M":"3","6F":"3","2R":"3","VM":"3","FH":"3","7J":"3","6H":"3","GG":"3","5F":"3","XP":"3","FG":"3","3J":"3","6R":"3","9J":"3","XC":"3","6G":"3","5W":"3","2H":"3","WJ":"3","WM":"3","MM":"3","4G":"3","RF":"3","4F":"3","4P":"3","VQ":"3","2J":"3","FP":"3","GR":"3","2X":"3","3G":"3","WP":"3","6J":"3","9H":"3","7X":"3","VG":"3","WQ":"3","FM":"3","GP":"3","GH":"3","CQ":"3","5M":"3","QQ":"3","WG":"3","MH":"3","VP":"3","CX":"3","HR":"3","4H":"3","GX":"3","8J":"3","XQ":"3","HQ":"3","8Q":"3","8G":"3","CJ":"3","9G":"3","GV":"3","QP":"3","FR":"3","3X":"3","2W":"3","CH":"3","PJ":"3"},"J5":{"6M":"3","42":"3","6Q":"3","46":"3","32":"3"},"Q5":{"QH":"3","X9":"3","Q9":"3","V8":"3","X8":"3","Q5":"3"},"RF":{"9W":"3","67":"3"},"QH":{"XR":"3","4M":"3"},"RC":{"GC":"3","HC":"3","QG":"3","J9":"3"},"R4":{"59":"3","4F":"3"},"PC":{"54":"3","CP":"3","53":"3","42":"3","64":"3","RC":"6"},"H2":{"X7":"3"},"W3":{"GM":"3","GF":"3","J6":"3"},"2V":{"7F":"3"},"6Q":{"69":"3","84":"3"},"W6":{"9J":"3","8M":"3","FM":"3","74":"3"},"J6":{"R4":"3","54":"3","M6":"3"},"P3":{"6C":"3","CG":"3","4P":"3","9P":"3","7F":"3","8G":"3","4H":"3","2F":"3","9Q":"3","2J":"3","FF":"3","8P":"3","2R":"3","5P":"3","3R":"3","7C":"3","4Q":"3","9J":"3","3J":"3","7M":"3","2M":"3","6Q":"3","6P":"3","7R":"3","8J":"3","8R":"3","2Q":"3","2G":"3","7J":"3","7H":"3","5F":"3","3M":"3","5Q":"3","CJ":"3","5J":"3","8C":"3","6G":"3","4M":"3","3F":"3","8M":"3","7P":"3","3C":"3","FC":"3","3P":"3","5M":"3","9M":"3","9G":"3","8H":"3","CC":"3","CH":"3","8F":"3","9H":"3","6F":"3","3H":"3","4G":"3","9C":"3","2P":"3","7G":"3","2H":"3","4F":"3","2V":"3","5V":"3","4C":"3","2C":"3","GC":"3","3Q":"3","5R":"3","6M":"3","CF":"3","9F":"3","4J":"3","5G":"3","CM":"3","6H":"3","FG":"3","7Q":"3","5H":"3","5C":"3","6R":"3","8Q":"3","3G":"3","4R":"3","6J":"3"},"J8":{"H4":"3","82":"3"},"7P":{"2G":"3","45":"3","2F":"3","2C":"3","38":"3","28":"3"},"J2":{"MG":"3","J8":"3","QM":"3","6W":"3","G9":"3","PM":"3","H9":"3","JJ":"3","MH":"3","GC":"3","9F":"3","23":"3","7C":"3","PJ":"3","PH":"3","26":"3","56":"3"},"VV":{"42":"3"},"P2":{"3Q":"3"},"Q2":{"MC":"3"},"4Q":{"FX":"3","JV":"3"},"5Q":{"5P":"3","PM":"3"},"Q9":{"63":"3"},"4P":{"47":"3"},"X8":{"2R":"3"},"PF":{"G2":"3"}},"H9":{"3F":{"MF":"3","JF":"3"},"GR":{"MR":"3"},"RV":{"F2":"3","35":"3","C3":"3"},"GJ":{"XG":"3"},"JX":{"FV":"3"},"HW":{"9W":"3"}},"63":{"PW":{"CF":"3","GH":"3"}},"FM":{"69":{"7C":"3","65":"3"},"54":{"J7":"3"},"53":{"V4":"3"},"68":{"7X":"3"},"57":{"8H":"3","6F":"3"}},"CP":{"G5":{"JX":"3"}},"7W":{"WX":{"22":"3","32":"3","GP":"3"},"VR":{"QW":"3"},"RX":{"8Q":"3"},"VV":{"MV":"3"},"XX":{"72":"3"},"WW":{"2X":"3","6V":"3","3Q":"3","3X":"3","6W":"3","4R":"3","8Q":"3","4X":"3","8V":"3","2M":"3","2Q":"3"},"4P":{"32":"3"},"2M":{"5H":"3"},"VX":{"Q7":"3","X2":"3"},"VW":{"XV":"3","XQ":"3","WJ":"3","XP":"3"}},"G2":{"H2":{"MV":"3"},"V8":{"3G":"3"},"QG":{"9R":"3"}},"8F":{"PH":{"32":"3","J3":"3"}},"83":{"64":{"MJ":"3","HH":"3","JR":"3","HR":"3"}},"W2":{"W2":{"G7":"3"}},"FJ":{"G3":{"4Q":"3"},"3M":{"QR":"3","R8":"3","Q8":"3","W3":"3"},"3G":{"2V":"3"},"3H":{"M3":"3","G2":"3","V8":"3"},"2H":{"Q9":"3"},"4P":{"5F":"3","6P":"3","8G":"3","FW":"3"},"4Q":{"F2":"3","HJ":"3","C2":"3","HG":"3"}},"Q2":{"33":{"6C":"3"},"GR":{"W7":"3"},"98":{"C9":"3","J7":"3"},"HV":{"48":"3","9G":"3"}},"22":{"G4":{"7F":"3","8P":"3","7H":"3","8M":"3","7G":"3"},"7H":{"MC":"3"},"87":{"GW":"3","W5":"3","V6":"3","X7":"3","PC":"3","W6":"3","W9":"3","V5":"3","W8":"3","RC":"3"},"27":{"2Q":"3","2P":"3"},"26":{"GG":"3"},"97":{"27":"3","53":"3","5H":"3"},"J2":{"93":"3"},"88":{"MJ":"3"},"9C":{"CH":"3"},"86":{"QX":"3"},"F4":{"R6":"3","47":"3"},"C6":{"5H":"3"},"4F":{"2H":"3","3H":"3"},"C3":{"GR":"3"},"2J":{"P2":"3"},"77":{"G9":"3"},"4M":{"96":"3","C6":"3"}},"52":{"VF":{"Q7":"3","M5":"3"},"GF":{"5P":"3"},"XC":{"GX":"3"}},"93":{"F8":{"JW":"3","5P":"3","GR":"3","GV":"3","QQ":"3","MR":"3","JV":"3","FV":"3"},"G6":{"V8":"3"},"93":{"7V":"3"},"F9":{"G8":"3","G7":"3","F3":"3","G5":"3","CJ":"3","G6":"3","FQ":"3","H5":"3"},"94":{"Q4":"3","M6":"3","Q5":"3"}},"R6":{"FJ":{"VM":"3"},"HJ":{"8H":"3"},"PX":{"CV":"3","CW":"3"},"P4":{"GC":"3","G9":"3"},"GR":{"5P":"3","2V":"3","6J":"3"},"4V":{"43":"3","3G":"3"},"57":{"5H":"3"},"9P":{"9V":"3","9W":"3","JX":"3","9F":"3"},"JP":{"3G":"3","MV":"3"},"PQ":{"5J":"3"},"6P":{"M4":"3","HH":"3","G6":"3","8M":"3","F7":"3","WH":"3","C7":"3","95":"3","F6":"3"},"WH":{"33":"3"},"6R":{"VF":"3","8F":"3"},"WW":{"5X":"3"},"3M":{"M2":"3"},"9Q":{"WJ":"3"},"FR":{"QR":"3","RP":"3","JP":"3","WW":"3","Q9":"3","MH":"3","JX":"3","HR":"3","QJ":"3","FV":"3"},"4R":{"8W":"3","8V":"3"},"9W":{"6C":"3"},"JJ":{"V6":"3","J4":"3"},"6M":{"FQ":"3"},"MJ":{"9M":"3"},"FV":{"Q4":"3","GH":"3","J9":"3","3J":"3"},"5P":{"WM":"3"},"8X":{"V3":"3"},"HQ":{"7X":"3"},"PG":{"F8":"3","C9":"3","6C":"3","C8":"3"},"RQ":{"3Q":"3","3P":"3","2P":"3","4M":"3","3M":"3","5P":"3","5M":"3","4P":"3","3J":"3","4J":"3","4Q":"3","2M":"3"},"JX":{"27":"3"},"WV":{"WH":"3"},"3H":{"CH":"3"},"MR":{"VR":"3"},"W8":{"VG":"3"},"VC":{"HH":"3"},"7V":{"6W":"3"},"CR":{"WW":"3"},"GJ":{"CJ":"3"},"GG":{"4M":"3"},"RW":{"W7":"3"},"CQ":{"9G":"3","CG":"3"},"3V":{"XG":"3","WM":"3","QF":"3","VG":"3"},"JH":{"GX":"3"},"9X":{"GR":"3","RM":"3"},"H2":{"FR":"3"},"6Q":{"FQ":"3"},"CP":{"XJ":"3"},"MM":{"RF":"3","QH":"3","26":"3","VC":"3","MF":"3","HM":"3","C5":"3","WF":"3","RC":"3"},"7P":{"2G":"3","GF":"3"},"8W":{"VQ":"3"},"RM":{"26":"3"},"PM":{"38":"3"},"F8":{"4G":"3","4C":"3"},"3F":{"7V":"3","6W":"3"}},"82":{"H9":{"RC":"3"},"7C":{"W8":"3"},"X5":{"VV":"3","WV":"3","WP":"3"},"J9":{"69":"3","H8":"3"}},"92":{"HR":{"3F":"3","8F":"3","G3":"3","G2":"3"},"GV":{"9W":"3"},"CV":{"F2":"3"},"89":{"PV":"3"},"HQ":{"XW":"3"},"FR":{"H6":"3","J7":"3","M7":"3"},"FV":{"CF":"3"},"C8":{"WC":"3","XW":"3","V4":"3"},"HV":{"4M":"3"},"GQ":{"87":"3","59":"3","2F":"3","3C":"3","2J":"3"},"CP":{"7F":"3","8F":"3","5G":"3","89":"3","7H":"3","9R":"3","99":"3","7C":"3","CR":"3","6F":"3"},"GR":{"8P":"3","45":"3","C7":"3","32":"3"},"WM":{"JR":"3","MQ":"3","JM":"3","MR":"3"},"9P":{"QC":"3"},"9M":{"MW":"3"},"CR":{"FX":"3","CX":"3"},"9J":{"P4":"3"}},"V5":{"VF":{"27":"3"},"RF":{"WM":"3"},"WQ":{"CC":"3","FC":"3"},"VC":{"89":"3"},"J2":{"HH":"3"},"XF":{"PQ":"3"},"WH":{"53":"3"},"VH":{"2G":"6"},"VQ":{"XC":"3"},"RC":{"VG":"3","HM":"3","PG":"3","JW":"3","FP":"3","FR":"3","GP":"3","HH":"3","76":"3","QM":"3","PF":"3","HV":"3","JX":"3","FQ":"3","PC":"3","F6":"3","FX":"3","GX":"3","QX":"3"}},"RP":{"X6":{"M9":"3","PC":"3"}},"34":{"96":{"F7":"3","J9":"3","G9":"3","H9":"3","CP":"3","GC":"3","Q5":"3","X2":"3","C7":"3"},"62":{"48":"3","49":"3","39":"3","86":"3","9Q":"3"},"8F":{"F2":"3","C2":"3","C3":"3"},"HR":{"JH":"3"},"F3":{"G8":"3","H8":"3"},"JV":{"26":"3","HM":"3"},"65":{"XW":"3"},"F2":{"GW":"3","FV":"3"},"C5":{"4V":"3","M9":"3"},"97":{"85":"3","6J":"3","7J":"3","82":"3"},"63":{"M3":"3","P5":"3","P7":"3"},"FF":{"R3":"3"},"99":{"QR":"3"},"85":{"MM":"3"},"MW":{"7R":"3"},"9F":{"V9":"3","RF":"3","V8":"3","VH":"3","RC":"3"},"98":{"GG":"3","54":"3","74":"3"},"8C":{"HV":"3"},"HG":{"84":"3"},"GF":{"HH":"3","98":"3"},"MX":{"3M":"3","4P":"3","5Q":"3","29":"3","2J":"3","4M":"3","3J":"3"}},"75":{"82":{"WX":"3","XV":"3","VX":"3"},"83":{"V2":"3"}},"7F":{"CM":{"WJ":"3"},"FQ":{"JH":"3","7C":"3","JG":"3","J9":"3"},"GW":{"3P":"3"},"FW":{"J5":"3","93":"3","92":"3","J6":"3"},"FV":{"FW":"3","GW":"3","CW":"3","RM":"3","FR":"3","PR":"3","CX":"3","PQ":"3","FX":"3","2M":"3","GX":"3"}},"P8":{"2M":{"R9":"3","4M":"3","99":"3","V9":"3","9F":"3","9M":"3","CF":"3","XG":"3"}},"9J":{"37":{"FJ":"3","FH":"3","CQ":"3"},"38":{"C2":"3","C4":"3","93":"3","94":"3","F4":"3","C3":"3","95":"3","F3":"3"}},"R8":{"V5":{"Q6":"3","RM":"3"},"J4":{"5M":"3"},"V2":{"Q4":"3","X4":"3","M7":"3"},"X6":{"47":"3","63":"3","44":"3","29":"3","2F":"3","37":"3","35":"3","56":"3"},"P4":{"PR":"3","MR":"3"},"J3":{"H9":"3","G8":"3","H8":"3","H7":"3","G9":"3"},"G4":{"R2":"3"},"W7":{"M4":"3","CJ":"3","8M":"3","W4":"3"},"P6":{"HM":"3"},"85":{"HQ":"3","JQ":"3","VX":"3","MQ":"3","XX":"3"},"75":{"9V":"3","CV":"3","CR":"3"},"V3":{"MP":"3"},"95":{"3X":"3"},"V7":{"FQ":"3"},"R6":{"67":"3","74":"3"},"Q6":{"9V":"3","FV":"3"},"W2":{"V8":"3","3C":"3"},"W5":{"3F":"3","8P":"3","4G":"3"},"M3":{"4H":"3"},"W6":{"X9":"3","VP":"3","VX":"3"},"P5":{"J8":"3","3X":"3","PM":"3","CM":"3","GM":"3","JH":"3","7P":"3","F6":"3","H4":"3","GJ":"3"},"X8":{"F5":"3"}},"39":{"G2":{"22":"3"},"F2":{"Q3":"3","P3":"3"},"H7":{"VV":"3","VX":"3","RX":"3","MR":"3"},"J7":{"54":"3","33":"3"},"W5":{"G7":"3"},"H8":{"M2":"3"},"H2":{"44":"3"},"J3":{"Q6":"3","R6":"3","V5":"3"}},"GG":{"53":{"36":"3"}},"38":{"HM":{"43":"3"},"G7":{"89":"3"},"HR":{"W9":"3"},"F2":{"PF":"3","Q7":"3"},"JW":{"P2":"3"},"7R":{"QG":"3"},"69":{"7R":"3","GJ":"3","8V":"3","CH":"3"},"49":{"W8":"3"},"39":{"XV":"3"},"99":{"5J":"3","4H":"3"},"HC":{"9X":"3"},"GH":{"GX":"3"},"GC":{"RX":"3","QX":"3"},"6H":{"8J":"3","9H":"3"},"8C":{"RG":"3"},"HF":{"49":"3","58":"3","27":"3","26":"3"},"FX":{"HX":"3","GX":"3"},"GF":{"X6":"3","Q4":"3","C2":"3","H5":"3","R2":"3","Q2":"3","W5":"3","83":"3","C3":"3","V4":"3","P4":"3","P2":"3","P3":"3"},"GX":{"3R":"3","JV":"3"},"9C":{"66":"3"}},"J7":{"JC":{"P9":"3"},"Q9":{"36":"3"},"M9":{"3X":"3","8F":"3","9F":"3"},"MC":{"5C":"3","87":"3"},"PC":{"M6":"3","J7":"3","M7":"3","J4":"3"},"P9":{"Q6":"3"}},"62":{"8F":{"FG":"3"},"V7":{"G3":"3","2C":"3"},"FF":{"52":"3"},"9F":{"M4":"3","Q4":"3","J5":"3","Q3":"3","W6":"3","P4":"3","P5":"3"},"F6":{"FH":"3"},"P4":{"GX":"3"},"CF":{"26":"3","46":"3"},"9C":{"RQ":"3","9J":"3","RR":"3","8W":"3","5H":"3","3Q":"3","VW":"3"}},"W7":{"PP":{"VF":"3","8X":"6","7X":"3"},"64":{"5X":"3"},"R4":{"C4":"3","G5":"3","F5":"3"},"QP":{"M6":"3"},"HW":{"3R":"3","4W":"3"},"HV":{"MF":"3"},"5V":{"P3":"3"},"7W":{"MF":"3"},"54":{"7G":"3","3J":"3","2J":"3","69":"3","4H":"3","7F":"3","4M":"3","6G":"3","7H":"3","4F":"3","8H":"3","79":"3","9M":"3","3H":"3","5M":"6","6F":"3","FW":"3","5F":"3","5G":"3"},"JX":{"P4":"3"},"W2":{"G4":"3"},"WF":{"H3":"3","PQ":"3","PP":"3"},"82":{"54":"3","CJ":"3","4H":"3","VQ":"3","FW":"3","77":"3"},"P2":{"7F":"3","9M":"3"},"34":{"WJ":"3","FP":"3","WH":"3"},"75":{"V4":"3"},"62":{"82":"3"},"VF":{"H9":"3","G8":"3","G9":"3"},"P3":{"G6":"3","H6":"3"},"VC":{"8P":"3","6X":"3","7P":"3"},"R3":{"HW":"3","J9":"3"},"X8":{"QR":"3","RR":"3","FP":"3","QF":"3","9M":"3"},"XG":{"3P":"3","4M":"3","FR":"3","22":"3","9R":"3","3G":"3","2V":"3","CQ":"3","3H":"3","2H":"3","VF":"3","23":"3","2G":"3","26":"3","MX":"3","2R":"3","2Q":"3","4H":"3"},"26":{"G8":"3","95":"3"},"32":{"54":"3"},"42":{"4P":"3"},"Q3":{"GH":"3"},"35":{"26":"3"},"PQ":{"72":"6","65":"3","75":"3"},"72":{"JR":"3","8M":"3","2J":"3"},"XJ":{"H2":"3"},"MX":{"VF":"3"},"24":{"2V":"3"},"65":{"JF":"3"},"X9":{"P8":"3","Q7":"3","MC":"3","MX":"3"},"GX":{"5F":"3","5J":"3","4J":"3","5C":"6","4G":"3","6F":"3","5H":"3","5G":"3","3H":"3"},"R7":{"Q7":"3"},"WJ":{"Q7":"3"},"P4":{"7C":"3"},"XH":{"37":"3","3J":"3"},"5X":{"GV":"3"},"FR":{"FQ":"3"},"WG":{"VG":"3","VM":"3","VQ":"3","RP":"3","VC":"3","QH":"3","GV":"3","PP":"3","GW":"3","VJ":"3","JC":"3","XR":"3","VR":"3","FR":"3","XQ":"3","WQ":"3","QM":"3","RH":"3","RJ":"3","VH":"3","QJ":"3","WR":"3","V9":"3","F8":"3","QQ":"3","QG":"3","V8":"3","PH":"3","M5":"3","RF":"3","XV":"3","RG":"3","H5":"3","RC":"3"},"RH":{"F4":"3","F3":"3","G5":"3","C5":"3","F5":"3","95":"3","C3":"3","C4":"3","G4":"3","94":"3","F6":"3","C6":"3"},"7R":{"J8":"6"},"JW":{"3M":"3","36":"3","46":"3","68":"3","38":"3","57":"3","4J":"3"},"Q4":{"69":"3"},"44":{"XF":"3","R7":"3","7M":"3","HH":"3","XM":"3","4C":"3","JJ":"3","JH":"3","F6":"3","P7":"3","WG":"3","X7":"3","JM":"3"},"JF":{"8X":"3"},"HC":{"W5":"3"},"GW":{"XR":"3","VR":"3","WQ":"3","VM":"3"},"XC":{"HQ":"3","5C":"3","G4":"3","C4":"3","F7":"3","C5":"3","C6":"3"},"XF":{"2V":"3","3W":"3"},"VG":{"JQ":"3"}},"X4":{"XR":{"JC":"3","V7":"3","R8":"3","W7":"3","R7":"3","X8":"3"},"QC":{"22":"3","P3":"3"},"JF":{"X6":"3"},"JC":{"FV":"3"},"PW":{"9J":"3","9M":"3"},"M9":{"HX":"3"},"HG":{"27":"3"},"XP":{"JC":"3"},"XJ":{"FG":"3","CG":"3"},"WX":{"HX":"3"},"MJ":{"H8":"3","FG":"3","FC":"3"},"V9":{"GH":"3","8G":"3","CH":"3"},"PH":{"CR":"3","GP":"3"},"P9":{"WX":"3","3P":"3","3Q":"3","XX":"3"},"9M":{"P9":"3"},"WV":{"2V":"3"},"XH":{"GP":"3"},"XG":{"GV":"3","JJ":"3"},"VC":{"WH":"3"},"MQ":{"GX":"3"},"5X":{"XC":"3"},"RC":{"X6":"3","7V":"3","W6":"3"},"PC":{"CM":"3","W2":"3","J2":"3","X3":"3"},"MX":{"6P":"3"},"HF":{"7R":"3","W9":"3"},"9R":{"93":"3","76":"3","83":"3"},"R9":{"PJ":"3","RH":"3"},"VV":{"2R":"3"},"Q9":{"JW":"3","2X":"3","HW":"3","MV":"3","JV":"3"},"PF":{"VF":"3","WF":"3"}},"X7":{"HW":{"VF":"3","VC":"3","X3":"3","W6":"3","HG":"3","WH":"3","M8":"3","V8":"3","W4":"3","JG":"3"},"QP":{"96":"3"},"QG":{"M2":"3","P2":"3"},"QF":{"RP":"3","RV":"3","J8":"3","PP":"3","JW":"3","FP":"3","JQ":"3","XC":"3","QV":"3","JX":"3","RR":"3","PX":"3","CM":"3","Q3":"3","GM":"3","68":"3","WH":"3","QR":"3","PW":"3","MX":"3","QW":"3","C7":"3","QX":"3"},"HP":{"CM":"3","CJ":"3","FJ":"3"},"25":{"3F":"3"},"X6":{"7H":"3","CC":"3"},"QC":{"PH":"3"},"3G":{"5J":"3","8M":"3"},"WM":{"QQ":"3"},"GR":{"RF":"3","RR":"3","RC":"3"},"2G":{"89":"3"},"4G":{"CP":"3","4H":"3","MF":"3","FM":"3","7P":"3","GP":"3"},"MG":{"F4":"3"},"36":{"V5":"3","P9":"3"},"W7":{"GX":"3"},"4H":{"72":"3"},"X3":{"76":"3"},"WX":{"G4":"3","C4":"3","W2":"3"},"6G":{"F8":"3"},"WW":{"42":"3"},"JJ":{"7P":"3"},"8X":{"PG":"3","P8":"3","MH":"3","XG":"3","PC":"3","RH":"3","MG":"3","PH":"3"},"HQ":{"MM":"3"},"JX":{"98":"3","78":"3"},"HM":{"WX":"3"},"5M":{"56":"3"},"HR":{"CC":"3","9C":"3"},"GJ":{"57":"3"},"WJ":{"WR":"3"},"HH":{"XC":"3"},"GG":{"MC":"3"},"CH":{"94":"3"},"RF":{"35":"3","44":"3","45":"3","55":"3","73":"3","34":"3","PH":"3"},"9H":{"J4":"3","G5":"3"},"X7":{"4C":"3"},"9X":{"HJ":"3","GV":"3","GH":"3","28":"3"},"W3":{"5F":"3","9H":"3","GF":"3","4F":"3","5G":"3"},"35":{"PW":"3"},"W6":{"VX":"3"},"JW":{"23":"3","56":"3"},"VX":{"C9":"3","99":"3"},"PF":{"MX":"3"},"2H":{"GJ":"3"}},"VP":{"FJ":{"RP":"3","VP":"3","VM":"3","C6":"3","VH":"3"},"47":{"HP":"3"},"9C":{"4V":"3","3V":"3","2V":"3","3W":"3","2R":"3"},"CG":{"M3":"3","P3":"3"},"7C":{"8P":"3"},"8G":{"JW":"3","Q3":"3","HW":"3","72":"3","P3":"3","HV":"3"},"37":{"PH":"3"},"27":{"R4":"3","Q3":"3","R3":"3","W7":"3","M2":"3","X8":"3","W8":"3"},"69":{"VC":"3"},"PJ":{"F9":"3","3R":"3","FC":"3"},"JJ":{"MQ":"3","VJ":"3"},"CF":{"MJ":"3","PQ":"3","VQ":"3"},"MJ":{"CR":"3"},"79":{"5P":"3"},"48":{"X9":"3","R8":"3","W9":"3"},"59":{"6H":"3","6G":"3","6F":"3"},"9F":{"33":"3","2H":"3","2V":"3"},"46":{"7R":"3","9P":"3","VG":"3"},"9G":{"7J":"3","8F":"3","9W":"3","63":"3","7M":"3","69":"3","F5":"3","7H":"3","78":"3","5H":"3","74":"3","5V":"3"},"8F":{"V8":"3","QG":"3","QF":"3","P8":"3","WM":"3","XV":"3","VJ":"3","RH":"3","X3":"3","QX":"3","XJ":"3","WX":"3","WP":"3","V9":"3","Q4":"3","V7":"3","VG":"3","PG":"3","VH":"3","Q6":"3","R5":"3","XH":"3","M4":"3","J5":"3","G2":"3","Q5":"3","RG":"3","RF":"3","RC":"3","H2":"3","P5":"3","P3":"3","Q8":"3"},"HH":{"RV":"3","PQ":"3"},"GG":{"HH":"3","JP":"3","F5":"3","QJ":"3"},"76":{"CW":"3"},"CH":{"QR":"3"},"9H":{"66":"3","56":"3"},"JH":{"2J":"3"},"26":{"4G":"3","FW":"3","CW":"3","6P":"3","4M":"3","HX":"3","5M":"3","2H":"3","6M":"3","2G":"3","4P":"3","6Q":"3"},"FG":{"4J":"3","8G":"3","5H":"3"}},"V3":{"2W":{"6Q":"3"},"3W":{"45":"3"}},"6X":{"JF":{"RQ":"3"},"J9":{"PV":"3"}},"9R":{"QC":{"VC":"3"}},"F4":{"2Q":{"5P":"3","5R":"3","GP":"3"},"Q2":{"CV":"3","8M":"3","7M":"3"},"Q3":{"P8":"3","2F":"3","MC":"3","3J":"3"},"55":{"39":"3","79":"3","29":"3","28":"3","QJ":"3"},"3Q":{"3V":"3"},"P6":{"Q8":"3"},"P3":{"H4":"3","VR":"3","X4":"3","X5":"3","X8":"3"}},"V4":{"47":{"P6":"3"},"QH":{"6M":"3","QR":"3","PV":"3","MP":"3"},"PG":{"73":"3"},"VH":{"96":"3","97":"3","86":"3","C6":"3"},"PX":{"2P":"3"},"MW":{"2W":"3"},"MX":{"QM":"3"},"QX":{"8M":"6"}},"CJ":{"P6":{"84":"3"},"P5":{"GV":"3","RM":"3"}},"R3":{"GV":{"W8":"3"},"28":{"24":"3"},"JX":{"X9":"3"},"PX":{"4J":"3","W7":"3"},"GR":{"MQ":"3"},"XW":{"RF":"3","QH":"3"},"32":{"42":"6","28":"3","32":"6"},"MX":{"Q6":"3","R6":"3"}},"H4":{"25":{"87":"3"}},"8X":{"48":{"59":"3"}},"25":{"6W":{"5R":"3"},"3R":{"FW":"3"}},"33":{"8R":{"45":"3"},"53":{"53":"3","83":"3"},"H4":{"CM":"3","FJ":"3"},"62":{"H8":"3"},"56":{"R8":"3"},"J3":{"66":"3"},"69":{"6R":"3"},"7Q":{"XQ":"3","M6":"3","J4":"3"},"5J":{"7R":"3","4V":"3","3V":"3","5W":"3","8M":"3","3W":"3","5V":"3","4W":"3"},"4M":{"Q4":"3"},"73":{"RP":"3"},"6P":{"HP":"3"},"6R":{"RQ":"3","XV":"3","H8":"3","8P":"3","M6":"3","J7":"3","9P":"3","QQ":"3","H7":"3","XW":"3","P6":"3","XX":"3"},"65":{"Q6":"3","V6":"3","V5":"3"},"C7":{"PC":"3"},"5W":{"GV":"3"},"66":{"GC":"3"},"64":{"9W":"3"},"5M":{"67":"3","V2":"3","69":"3","49":"3","36":"3","XC":"3","77":"3","4C":"3","35":"3","23":"3","33":"3","25":"3","34":"3","24":"3","8H":"3","2R":"3","56":"3"},"4J":{"9Q":"3"},"7V":{"W2":"3","22":"3"},"6F":{"2Q":"3","2G":"3"},"82":{"9Q":"3"},"6C":{"56":"3"},"42":{"83":"3"},"H2":{"HH":"3","JH":"3","W5":"3","FG":"3","HG":"3","JG":"3"},"5F":{"XR":"3"},"J2":{"H7":"3"},"6V":{"P5":"3","R4":"3","Q4":"3","X5":"3","99":"3","V4":"3","W4":"3","57":"3"},"7R":{"2X":"3","2G":"3","2P":"3","2W":"3","X3":"3"},"32":{"WF":"3"},"FQ":{"X8":"3"},"5G":{"VV":"3","XX":"3"}},"X8":{"36":{"F2":"3|6","62":"3","C2":"3","33":"3","73":"3","G2":"6|3","C3":"3"},"35":{"GV":"3","GW":"3","JW":"3","CV":"3","HJ":"3","HX":"3","FV":"3","9R":"3","HW":"3","HG":"3","CR":"3","GJ":"3","GX":"3"},"R4":{"RQ":"3","27":"3","GV":"3","JV":"3"},"3F":{"9G":"3"},"Q4":{"VM":"3","47":"3","3R":"3","7G":"3","5G":"3","HX":"3","FM":"3","CG":"3","9H":"3","5H":"3","CH":"3","GR":"3"},"V3":{"67":"3","RG":"3"},"Q2":{"RW":"3"},"26":{"25":"3","P7":"3"},"V2":{"49":"3","8V":"3"},"Q3":{"2Q":"3","52":"3","42":"3","3R":"3","MG":"3","32":"3"},"R3":{"C4":"3","83":"3","65":"3"},"85":{"5R":"3","6R":"3"},"55":{"6H":"3"},"X3":{"2X":"3","FV":"3"},"72":{"25":"3"},"63":{"WW":"3","J2":"3"},"R5":{"67":"3","45":"3","65":"3","54":"3","76":"3","92":"3","48":"3","46":"3","55":"3","78":"3","25":"3","26":"3","66":"3"},"W4":{"V3":"3","W2":"3","X2":"3","W3":"3"},"V4":{"HC":"3","GC":"3","W6":"3","47":"3"},"Q5":{"V5":"3","V6":"3","J4":"3","X6":"3","X5":"3","P4":"3","P6":"3","V3":"3","Q7":"3","R6":"3","V4":"3","Q6":"3","59":"3","R5":"3","87":"3","W5":"3","M4":"3","M3":"3","M5":"3","J5":"3","Q5":"3","R4":"3","H2":"3","P7":"3","W6":"3","H5":"3","P5":"3","R7":"3"},"P5":{"R4":"3","V3":"3","WC":"3","R3":"3","V5":"3","WF":"3","V4":"3"},"75":{"GR":"3","27":"3"},"3H":{"P2":"3"},"W3":{"QV":"3"},"P3":{"XR":"3","XM":"3"}},"26":{"47":{"R9":"3","MJ":"3","RP":"3","QF":"3","M4":"3","MP":"3","MH":"3","R6":"3","QQ":"3","PJ":"3","M5":"3"},"XR":{"R6":"3"},"3G":{"VG":"3"},"7C":{"XG":"3"},"86":{"9M":"3"},"4G":{"75":"3"},"MP":{"FW":"3"},"5C":{"87":"3","57":"3"},"96":{"97":"3","2C":"3","QF":"3"},"CW":{"F2":"3","Q4":"3","F3":"3"},"FX":{"R7":"3"},"J9":{"PG":"3"},"HH":{"CM":"3"},"FW":{"48":"3"},"RC":{"72":"3"},"HF":{"2H":"3","3H":"3"},"5F":{"CC":"3"},"GF":{"MJ":"3","JP":"3","HJ":"3","XF":"3","VH":"3","VG":"3","VJ":"3"},"R9":{"26":"3","29":"3"},"8W":{"XC":"3"},"VV":{"VP":"3","PR":"3","WM":"3","XJ":"3","VH":"3"},"Q8":{"V9":"3","X6":"3","QQ":"3","XC":"3","R7":"3"},"GM":{"JX":"3"},"Q9":{"X9":"3","VC":"3","WC":"3","W9":"3","WF":"3","RC":"3"}},"94":{"72":{"J7":"3","H7":"3"}},"G6":{"P8":{"R9":"3"},"WQ":{"MJ":"3"},"XW":{"J2":"3"}},"X3":{"H5":{"GX":"3"},"H6":{"H2":"3","G2":"3"}},"FQ":{"8R":{"5J":"3","5G":"3"},"5X":{"84":"3","GX":"3","PH":"3"},"7Q":{"F8":"3","PP":"3"}},"43":{"MP":{"X3":"3"}},"32":{"C2":{"55":"3"},"4X":{"3R":"3","4M":"3","FM":"3","PF":"3","QV":"3","CP":"3","CM":"3","PV":"3","GM":"3","MR":"3","4J":"3"},"5V":{"54":"3","44":"3","RP":"3","72":"3","63":"3"},"CF":{"G2":"3","2P":"3","JG":"3","5G":"3","4M":"3","69":"3","64":"3","92":"3","6C":"3","4J":"3","56":"3"},"63":{"75":"3"},"57":{"37":"3","P9":"3"},"83":{"WJ":"3","XG":"3","VH":"3","RJ":"3"},"JX":{"7M":"3"},"92":{"36":"3","VJ":"3"},"75":{"V6":"3"},"67":{"CP":"3","5R":"3","JM":"3","7M":"3","HM":"3"},"6X":{"7F":"3","4G":"3","7G":"3","5G":"3","Q4":"3","5F":"3","3G":"3","6G":"3","C9":"3","6H":"3","4F":"3","9F":"6","7C":"3","8C":"3","Q5":"3","P7":"3","5C":"3","6F":"3"},"55":{"HX":"3"},"4W":{"4F":"3","3C":"3"},"53":{"XH":"3"},"5H":{"MM":"3"},"8H":{"V6":"3","F7":"3"},"6W":{"6P":"3"},"9C":{"MW":"3","QW":"3","MX":"3"},"FC":{"9V":"3"},"56":{"H3":"3","77":"3"},"3X":{"39":"3","3C":"3"},"9F":{"V9":"3","R8":"3","Q8":"3","R9":"3","W9":"3","QC":"3","QF":"3","M8":"3","V8":"3"},"72":{"G4":"3","J2":"3"},"9H":{"76":"3","55":"3","75":"3"},"98":{"3V":"3"},"65":{"78":"3"},"99":{"95":"3"},"5J":{"R4":"3","Q4":"3","77":"3","P5":"3"},"F9":{"5J":"3","FJ":"3","8J":"3","6W":"3","6J":"3"},"58":{"35":"3","R2":"3"},"5X":{"VG":"3","54":"3","8J":"3","95":"3","7H":"3","QQ":"3","25":"3"},"5R":{"9W":"3","9H":"3","63":"3","9M":"3"},"C9":{"7H":"3","8G":"3","7G":"3"},"7X":{"FG":"3","6F":"3"},"4Q":{"QP":"3","HC":"3"},"JW":{"C2":"3"},"5W":{"F5":"3"},"JV":{"PM":"3"},"MF":{"RQ":"3","RR":"3","QQ":"3"},"CC":{"G6":"3","X5":"3"},"F6":{"2G":"3"},"MR":{"3M":"3","2P":"3"}},"9P":{"H6":{"GG":"3","G8":"3"},"7G":{"96":"3"}},"C3":{"V7":{"MW":"3"},"J5":{"V7":"3"}},"66":{"33":{"82":"3"},"32":{"9X":"3","VP":"3","CX":"3"}},"XW":{"G4":{"8C":"3","H8":"3","78":"3","9C":"3","4F":"3","77":"3"},"H5":{"XH":"3"}},"6W":{"Q7":{"8P":"3"},"9J":{"W7":"3"},"Q9":{"V3":"3"},"R6":{"V8":"3"},"J4":{"H2":"3"},"F4":{"5R":"3","5M":"3","CR":"3","6Q":"3","7M":"3","7P":"3"}},"9C":{"5F":{"32":"3"}},"F3":{"5J":{"MC":"3"},"4J":{"W2":"3"},"JR":{"VV":"3","PV":"3","VW":"3"},"MW":{"JX":"3"},"4H":{"MJ":"3","JH":"3","VX":"3","JJ":"3"},"FM":{"96":"3","53":"3","PH":"3"},"RM":{"M4":"3"},"MX":{"MM":"3"},"JV":{"J9":"3"},"HV":{"Q6":"3","PC":"3"},"7Q":{"26":"3"}},"H7":{"Q4":{"2M":"3"},"H5":{"7C":"3","94":"3","84":"3","6C":"3","C5":"3","95":"3"},"C4":{"MC":"3"},"C5":{"49":"3","RV":"3","XJ":"3","VJ":"3"},"C6":{"VR":"3","VP":"3","26":"3"},"Q5":{"C5":"3"},"P4":{"RV":"3"},"P2":{"J4":"3","P6":"3"},"F6":{"4V":"3","WQ":"3","MQ":"3","8H":"3","HM":"3"}},"FG":{"FJ":{"F5":"3"},"GP":{"3F":"3","3G":"3"},"CM":{"VG":"3","Q8":"3","VC":"3","Q9":"3","WP":"3","J4":"3","VR":"3","P8":"3","J5":"3","M6":"3","PC":"3","P7":"3","M5":"3","RF":"3","P9":"3","H4":"3","H5":"3","RC":"3","P6":"3"},"C8":{"58":"3"},"FH":{"8R":"3","CP":"3","CF":"3","8M":"3","8G":"3","7J":"3","7M":"3","J9":"3"},"HJ":{"M5":"3"},"HP":{"6P":"3","5W":"3","6R":"3","6G":"3","6Q":"3","7M":"3"},"97":{"XW":"3"},"CG":{"P8":"3","M9":"3","M7":"3","M8":"3","9R":"3","P9":"3","P7":"3"},"8P":{"7V":"3"},"GQ":{"JJ":"3"},"CJ":{"C4":"3","JX":"3","92":"3","F7":"3","63":"3"},"5J":{"WX":"3"},"6P":{"GH":"3","CC":"3","GF":"3","CQ":"3","G9":"3"},"FM":{"W7":"3","X8":"3"},"6G":{"72":"3"},"FP":{"RP":"3","87":"3","VP":"3"},"8H":{"XG":"3"},"HQ":{"69":"3","56":"3"},"C7":{"JC":"3","H9":"3","4X":"3","MM":"3","5W":"3","MF":"3","PC":"3","3R":"3","PM":"3","4W":"3"},"FF":{"Q4":"3","Q2":"3","Q3":"3"},"Q6":{"HQ":"3","WF":"3","HV":"3"},"87":{"HX":"3"},"5M":{"XG":"3"},"HC":{"9X":"3"},"98":{"27":"3"},"HR":{"C9":"3","93":"3"},"HH":{"GG":"3"},"CH":{"PF":"3","Q5":"3","RC":"3"},"HF":{"53":"3","63":"3","64":"3"},"6Q":{"R3":"3","J6":"3"},"7P":{"W5":"3"},"FC":{"QW":"3","QV":"3"},"GM":{"WR":"3","QP":"3","FX":"3","CV":"3","HW":"3","CW":"3","FW":"3"},"M6":{"C9":"3","CC":"3","C3":"3","95":"3"},"R7":{"H2":"3","RC":"3"}},"H6":{"JR":{"H2":"3","G3":"3","J2":"3","M2":"3"},"7W":{"X6":"3"},"9Q":{"9W":"3"},"3R":{"96":"3"},"HR":{"7M":"3","F5":"3"},"GV":{"3W":"3"},"JV":{"49":"3","39":"3","4C":"3","29":"3","3C":"3"},"GW":{"JC":"3","VC":"3","RC":"3"},"7R":{"MC":"3","9F":"3","CC":"3","FH":"3","HM":"3"},"FR":{"7M":"3","GP":"3","QP":"3","8Q":"3","RV":"3","HP":"3","QV":"3","58":"3","GQ":"3","3G":"3","JM":"3","2J":"3","JV":"3","PW":"3","JP":"3","PQ":"3","QX":"3","WX":"3","44":"3","PR":"3","FM":"3","MW":"3","FP":"3","6G":"3","WW":"3","9Q":"3","7H":"3","QQ":"3","5H":"3","8H":"3","5P":"3","2M":"3","9J":"3","7J":"3","RQ":"3","59":"3","46":"3","8J":"3","WV":"3","VW":"3","7V":"3","XW":"3","6F":"3","6C":"3","QW":"3","RW":"3","PV":"3","QR":"3","RR":"3","MX":"3","2V":"3","6Q":"3","WR":"3","7W":"3","VV":"3","VQ":"3","PP":"3","5Q":"3","3F":"3"},"HQ":{"XH":"3","WJ":"3","XJ":"3"},"FV":{"Q4":"3","V6":"3","83":"3","HR":"3","P6":"3","P4":"3","P5":"3"},"8W":{"GG":"3","93":"3"},"CX":{"45":"3","9G":"3","CG":"3"},"JQ":{"79":"3","7J":"3","5J":"3","6J":"3","89":"3","C8":"3","7H":"3","2J":"3","JX":"3","98":"3","3J":"3","4J":"3","8H":"3","GG":"3"},"7V":{"QJ":"3","RJ":"3"},"HV":{"H9":"3"},"9R":{"5J":"3","4G":"3","PM":"3","CM":"3","WR":"3","8P":"3","8M":"3","82":"3","9M":"3","3J":"3","72":"3","58":"3","4J":"3","GJ":"3"},"6R":{"35":"3"},"CP":{"F9":"3"},"FQ":{"47":"3"},"7P":{"JP":"3"},"GR":{"X9":"3","WC":"3","XC":"3","W9":"3"},"5R":{"8C":"3"},"9M":{"V4":"3"},"5Q":{"5C":"3","RW":"3"},"8V":{"G2":"3"},"9V":{"27":"3"},"2R":{"R3":"3"},"JP":{"7M":"3"},"8R":{"MP":"3","C3":"3","HV":"3","PM":"3","GQ":"3","GM":"3","GR":"3","XH":"3","QQ":"3","C6":"6"},"6Q":{"7Q":"3"}},"35":{"MG":{"53":"3","83":"3"},"F7":{"49":"3"},"JC":{"F8":"3","G8":"3","G4":"3","H7":"3"},"P2":{"29":"3"},"MF":{"5X":"3"},"J9":{"8W":"3"},"J6":{"4H":"3"},"H8":{"99":"3","56":"3","QJ":"3"},"P8":{"V7":"3"},"J5":{"68":"3"},"RR":{"4C":"3"},"M2":{"Q9":"3"},"CC":{"F8":"3","HG":"3"}},"X5":{"HP":{"QH":"3","QM":"3","HV":"3","JX":"3","QJ":"3","PJ":"3","QG":"3","5C":"3"},"R9":{"69":"3","RF":"3","3F":"3","49":"3","2F":"3","GF":"3","68":"3"},"C4":{"26":"3"},"C8":{"F2":"3","8C":"3","92":"3","G2":"3","94":"3"},"RQ":{"VV":"3","2W":"3","2R":"3"},"88":{"G5":"3","C2":"3","64":"6|3","63":"6|3","G2":"3","54":"3","C5":"3","83":"3","52":"3","93":"3","J5":"3","92":"3","J3":"3","34":"3","75":"3","85":"3","P3":"3","55":"3","25":"3","96":"3","53":"3","94":"3","32":"3","C3":"3","42":"3","F3":"3","H6":"3","35":"3","45":"3","72":"3","73":"3","24":"3","G3":"3","65":"3","95":"3","G4":"3","76":"3","P5":"3","74":"6","46":"3","44":"3","84":"3","F2":"3"},"WG":{"XH":"3"},"C5":{"VX":"3"},"4H":{"8G":"3","MV":"3","83":"3","CG":"3"},"VV":{"RC":"3"},"XC":{"32":"3"},"FW":{"X9":"3","QF":"3"},"WV":{"45":"3"},"JX":{"54":"3","64":"3"},"GP":{"QG":"3"},"GM":{"9R":"3","9Q":"3","9M":"3"},"PG":{"R7":"3","46":"3"},"M5":{"Q3":"3"},"WJ":{"F7":"3"},"WC":{"62":"3","52":"3","53":"3"},"QX":{"J8":"3","3C":"3"},"FQ":{"RG":"3"},"VJ":{"M4":"3","F2":"3","H4":"3","H2":"3","J5":"3","F4":"3","F5":"3","P5":"3","P3":"3"},"M8":{"XV":"3","5M":"3"},"35":{"WR":"3","WW":"3","M9":"3","92":"3"},"QG":{"3G":"3","RP":"3","VP":"3","2C":"3","9C":"3","4M":"3","3H":"3"},"JR":{"6V":"3","QH":"3","G2":"3","7X":"3","GW":"3","G5":"3","F2":"3","FR":"3","F5":"3","QV":"3","G4":"3","48":"3","QJ":"3","RQ":"3","QQ":"3","93":"3","HG":"3","H5":"3","VX":"3","HP":"3","GG":"3"},"C9":{"G4":"3","M5":"3"},"JW":{"F3":"3","F7":"3","8J":"3","F5":"3","7Q":"3","8M":"3","F6":"3","C7":"3"},"P8":{"QR":"3","HQ":"3","2X":"3","QQ":"3"},"57":{"Q8":"3","XF":"3","VC":"3","Q9":"3","H3":"3","WF":"3","G3":"3","M8":"3","J8":"3","G2":"3","QC":"3","F2":"3","J4":"3","P8":"3","XJ":"3","M6":"3","M5":"3","P9":"3"},"M4":{"5F":"3","3X":"3"},"F6":{"36":"3","35":"3"},"PV":{"36":"3","7F":"3","H8":"3","GF":"3","HG":"3","J9":"3"},"HV":{"Q2":"3","Q3":"3"},"X9":{"79":"3","WF":"3","QC":"3","JC":"3","28":"3","69":"3","49":"3","PM":"3","HC":"3","29":"3","MH":"3","6H":"3","38":"3","6C":"3","FH":"3","P9":"3","3C":"3","RC":"3","FC":"3","59":"3"},"MR":{"3X":"3","4X":"3","7V":"3","5X":"3","8X":"3","8W":"3","3W":"3"},"8J":{"25":"3"},"Q8":{"3V":"3"},"MV":{"79":"3","62":"3","G3":"3","65":"3","M3":"3","28":"3","22":"3","49":"3","F9":"3","48":"3","94":"3","4C":"3","23":"3","33":"3","J3":"3","93":"3","58":"3","25":"3","42":"3","34":"3","24":"3","9C":"3"},"WW":{"7R":"3","94":"3"},"7J":{"X6":"3","GW":"3","W2":"3","X4":"3","V2":"3","X2":"3","J8":"3","MR":"3"},"H4":{"RF":"3","Q9":"3","RX":"3","QV":"3","RH":"3","QM":"3","X8":"3"},"7H":{"QW":"3","RX":"3","2R":"3"},"5F":{"2X":"3","G8":"3","W6":"3","X6":"3","3X":"3","J7":"3","RX":"3","CG":"3","G9":"3","6R":"3","4V":"3","J5":"3","CP":"3","CH":"3","7P":"3","8M":"3","5V":"3","4W":"3","H6":"3","FG":"3","GF":"3","9J":"3"},"MG":{"M3":"3","J2":"3","J3":"3"},"JF":{"2H":"3","FJ":"3","9H":"3"},"77":{"JW":"3","7X":"3","XW":"3","3W":"3","XM":"3","P7":"3","XX":"3"},"WF":{"2Q":"3"},"QR":{"J6":"3"},"JV":{"X9":"3","WC":"3","W4":"3","X5":"3","P4":"3","JF":"3","GR":"3","M2":"3","J3":"3","W7":"3","X3":"3","85":"3","X4":"3","75":"3","V3":"3","G8":"3","X2":"3","FV":"3","Q4":"3","V7":"3","M8":"3","R6":"3","V4":"3","W2":"3","R5":"3","HM":"3","J9":"3","W5":"3","R3":"3","98":"3","Q5":"3","Q3":"3","R4":"3","W3":"3","P5":"3","GH":"3","F8":"3","M6":"3"},"F7":{"GW":"3","8X":"3"},"G8":{"RF":"3","87":"3","42":"3","84":"3","63":"3","V8":"3","P4":"3"},"37":{"PG":"3","6J":"3","MC":"3","PF":"3","G9":"3","C8":"3","F9":"3","H9":"3","HC":"3","C9":"3","6H":"3","GC":"3","HF":"3"},"54":{"WV":"3"},"QW":{"M6":"3"},"5J":{"V2":"3","R3":"3"},"QQ":{"RP":"3","QP":"3"},"VQ":{"VC":"3","WC":"3","6W":"3","R5":"3","MV":"3","Q5":"3"},"6G":{"C9":"3","FQ":"3","FF":"3","87":"3","4G":"3","98":"3","76":"3","FM":"3","73":"3","77":"3"},"87":{"VQ":"3","F2":"3","9X":"3","3X":"3","9W":"3","WQ":"3","69":"3","3M":"3","HW":"3","4X":"3|6","3J":"3","FX":"3","5W":"3","9V":"3","2R":"3","GX":"3"},"W8":{"CV":"3"},"HC":{"67":"3"},"XJ":{"M9":"3"},"J9":{"RP":"3","XW":"3"},"HR":{"75":"3","M8":"3","65":"3","54":"3","H7":"3","63":"3","76":"3","83":"3","44":"3","H8":"3","C4":"3","94":"3","85":"3","JJ":"3","C9":"3","WR":"3","GC":"3","PQ":"3","53":"3","FG":"3","FC":"3","43":"3","84":"3","GG":"3"},"4M":{"M3":"3","MW":"3"},"JQ":{"4X":"3","CF":"3","79":"3","9F":"3","8G":"3","5G":"3"},"PR":{"VP":"3","PC":"3","QC":"3","PQ":"3"},"P9":{"33":"3","GC":"3","XJ":"3","22":"3"},"46":{"F8":"3","G8":"3","HC":"3","88":"3","RH":"3","G9":"3"},"75":{"7H":"3","2P":"3","V8":"3"},"24":{"XC":"3"},"XH":{"HX":"3"},"Q9":{"XH":"3","Q2":"3","WQ":"3","9F":"3","4C":"3","FH":"3","V4":"3"},"VF":{"27":"3","99":"3"},"67":{"6M":"3","CM":"3","8P":"3","2G":"3","24":"3","7P":"3","VW":"3"},"RH":{"G5":"3","P2":"3"},"WX":{"X6":"3","XG":"3","W7":"3","XF":"3"},"5M":{"6P":"3","J5":"3","W4":"3"},"86":{"V6":"3","72":"3"},"H8":{"9Q":"3"},"97":{"3X":"3","6P":"3","4J":"3","2Q":"3","4V":"3","5M":"3"},"WH":{"8V":"3"},"H5":{"Q3":"3"},"34":{"2C":"3"},"MF":{"CX":"3"},"42":{"J2":"3"},"6F":{"7W":"3","7V":"3","7H":"3","6W":"3","6V":"3","C8":"3","4F":"3"},"F4":{"98":"3","32":"3","75":"3"},"4G":{"MJ":"3","W6":"3","V6":"3","MM":"3","V5":"3","W5":"3","FV":"3","X3":"3","XM":"3","9R":"3","GQ":"3","W4":"3","JH":"3","9V":"3","X2":"3","R5":"3","QX":"3"},"HF":{"53":"3","23":"3","64":"3"},"J5":{"77":"3","P3":"3"},"RF":{"77":"3"},"W9":{"X9":"3","WC":"3","X6":"3","QV":"3","X5":"3","RX":"3","MG":"3","XP":"3","WF":"3","XC":"3","PR":"3","QQ":"3","PJ":"3","V9":"3","WP":"3","HQ":"3","VH":"3","W8":"3","VW":"3","W9":"3","VC":"3","Q5":"3","MC":"3","PV":"3","RM":"3","R7":"3","X8":"3"},"C2":{"MP":"3"},"WR":{"57":"3"},"MX":{"CF":"3","Q2":"3","Q8":"3","R3":"3","X5":"3","CG":"3","W4":"3","P2":"3","W8":"3"},"65":{"XG":"3","VH":"3","GQ":"3"},"VW":{"8C":"3"},"V9":{"49":"3","39":"3","2P":"3","GJ":"3","8W":"3","9G":"3","29":"3"},"GC":{"GP":"3","CM":"3","JQ":"3","8G":"3","CJ":"3","7F":"3","WX":"3","FP":"3","9J":"3","9M":"3","MR":"3","JR":"3","VW":"3","PV":"3","9H":"3","MQ":"3","CP":"3"},"G5":{"88":"3","85":"3","9C":"3","29":"3","J3":"3","W3":"3"},"36":{"X2":"3","X3":"3"},"VX":{"2X":"3","6W":"3"},"6M":{"7J":"3","46":"3"},"RG":{"5P":"3","HP":"3","2M":"3","GP":"3"},"VH":{"HX":"3","QM":"3","HR":"3"},"76":{"W6":"3","JV":"3|6","89":"3","MV":"3","P8":"3","HW":"3","QJ":"3","XX":"3","38":"3","MW":"3","QQ":"3","P7":"3","H4":"3","RG":"3"},"C6":{"MM":"3","JM":"3","MP":"3"},"VR":{"5P":"3","QH":"3","46":"3","QG":"3","JG":"3","RC":"3"},"J8":{"XG":"3","6C":"3"},"4J":{"HM":"3","G7":"3","M8":"3","XQ":"3","WQ":"3","M7":"3","HC":"3","Q7":"3","GM":"3","M9":"3","XH":"3","RG":"3","HP":"3"},"78":{"Q2":"3","W2":"3","X4":"3","X3":"3","W4":"3","W3":"3"},"56":{"7V":"3","6R":"3","6W":"3","6V":"3","2R":"3"},"5G":{"8F":"3","PX":"3","22":"3"},"F9":{"5J":"3","CJ":"3","7H":"3","8J":"3","6H":"3","6G":"3","7J":"3","MV":"3","P9":"3","5G":"3"},"GQ":{"X9":"3","X4":"3","W5":"3","XG":"3","X7":"3","X5":"3","XF":"3","XC":"3"},"RC":{"9V":"3","CV":"3","CR":"3"},"6H":{"WR":"3","XQ":"3","WM":"3","QM":"3"},"5H":{"8R":"3","H9":"3","PJ":"3","W7":"3","5Q":"3","94":"3","RM":"3","QM":"3"},"95":{"3M":"3","7H":"3","8J":"3","6H":"3","3C":"3","3J":"3"},"85":{"CV":"3","7X":"3"},"P5":{"C4":"3","M2":"3"},"HQ":{"7G":"3","3G":"3","3J":"3","2J":"3","2G":"3","4G":"3","R2":"3","44":"3","F5":"3","6G":"3","7H":"3","3M":"3","3X":"3","4R":"3","8H":"3","8X":"3","2M":"3","54":"3","49":"3","39":"3","W5":"3","3C":"3","2C":"3","45":"3","28":"3","W3":"3","P3":"3","24":"3","29":"3","8W":"3","2F":"3","55":"3","4Q":"3","5G":"3","4P":"3","2H":"3","3F":"3"},"XX":{"27":"3","26":"3"},"MW":{"PC":"3"},"6J":{"67":"3","G8":"3","45":"3","69":"3","44":"3","46":"3","34":"3"}},"45":{"6H":{"7X":"3"}},"8M":{"8Q":{"Q6":"3"},"5X":{"8Q":"3"},"8M":{"WW":"3"}},"9F":{"25":{"RP":"3","RJ":"3"},"24":{"JH":"3"}},"72":{"F8":{"7F":"3","7G":"3","7H":"3","6G":"3","3H":"3","5M":"3","6H":"3","5H":"3","6C":"3","5R":"3","5Q":"3","4H":"3"},"V3":{"35":"3","25":"3","24":"3"},"R2":{"8J":"3"},"Q9":{"P7":"3"},"V2":{"6M":"3","5J":"3","GM":"3","8J":"3","9H":"3","5M":"3","8H":"3","6J":"3","3J":"3"},"X2":{"MF":"3"},"F9":{"C8":"3"},"C7":{"5J":"3","4J":"3"},"P7":{"HH":"3","CG":"3","C3":"3","C8":"3","HC":"3","GH":"3","GC":"3","HF":"3","FG":"3","HG":"3","CF":"3","GF":"3","CC":"3","C6":"3","9C":"3","GG":"3"}},"73":{"GG":{"93":"3"},"XH":{"2M":"3"},"WH":{"QR":"3","XR":"3","WR":"3","WV":"3","VX":"3","PX":"3"},"FV":{"H9":"3"}},"8Q":{"JF":{"QW":"3","MV":"3"},"MG":{"25":"3","5H":"3","4F":"3"},"JG":{"X6":"3","M2":"3"}},"W4":{"3G":{"9F":"3"},"6X":{"VX":"3","RX":"3"},"8X":{"CH":"3"}},"7G":{"C2":{"CP":"3","8W":"3","CQ":"3"},"C3":{"72":"3"}},"65":{"6V":{"FW":"3"},"7W":{"H4":"3","M3":"3","H2":"3","H3":"3","J3":"3"},"PG":{"RP":"3","3V":"3","M9":"3"},"MG":{"HP":"3","7Q":"3"},"6X":{"RV":"3","WQ":"3","VQ":"3"},"MF":{"8J":"3"},"6W":{"FJ":"3","PV":"3","HC":"3","FP":"3"},"GQ":{"33":"3","M6":"3"},"GM":{"HR":"3"},"FQ":{"X2":"3"},"PJ":{"2V":"3"},"QG":{"2J":"3"}},"G4":{"F8":{"R3":"3"},"F4":{"P6":"3","P7":"3"}},"G9":{"Q8":{"CV":"3","7P":"3"},"R9":{"VF":"3","V7":"3","9R":"3","2M":"3","32":"3","W8":"3"},"Q9":{"MJ":"3","HM":"3","MQ":"3","X9":"3","MM":"3","QM":"3","92":"3","RR":"3","PQ":"3","QQ":"3","QG":"3","HG":"3","CC":"3","R5":"3"},"CW":{"F3":"3"},"JC":{"XR":"3"},"MC":{"CF":"3","2V":"3","7X":"3","VH":"3"},"R8":{"5P":"3","4P":"3","Q3":"3","3Q":"3","3W":"3","2R":"3"},"VF":{"RW":"3"},"V8":{"7J":"3"},"PH":{"M8":"3"},"8V":{"JH":"3","JJ":"3","JG":"3"},"MX":{"4H":"3"}},"36":{"2X":{"X6":"3","W5":"3"},"Q9":{"8X":"3"},"3X":{"28":"3"},"RH":{"64":"3"},"RR":{"H4":"3"},"J3":{"QW":"3"},"QG":{"Q8":"3","MG":"3"}},"R7":{"M3":{"39":"3"},"P9":{"X6":"3","G3":"3","XP":"3","F4":"3","W4":"3","P3":"3"},"Q6":{"G8":"3","HC":"3","F7":"3","8V":"3","P6":"3"},"JC":{"8C":"3","CM":"3","FM":"3","89":"3"},"H9":{"XW":"3"},"Q5":{"6X":"3","7X":"3"},"63":{"96":"3","WV":"3","89":"3","49":"3","36":"3","99":"3","H8":"3","HC":"3","C9":"3","98":"3"},"WF":{"MP":"3"},"W9":{"P6":"3"},"93":{"6G":"3","23":"3","XX":"3"},"R6":{"CJ":"3"},"82":{"QQ":"3","CW":"3"},"92":{"WP":"3"},"J3":{"W9":"3","VW":"3"},"34":{"VQ":"3","MJ":"3","JV":"3","MM":"3","97":"3","85":"3","GJ":"3","VX":"3","P6":"3"},"75":{"4Q":"3","4H":"3"},"P8":{"WW":"3"},"R9":{"H2":"3","63":"3","4W":"3"},"38":{"X4":"3"},"85":{"55":"3"},"62":{"GX":"3"},"W7":{"5C":"3","9J":"3","8J":"3","WP":"3","PQ":"3"},"X7":{"MJ":"3","Q9":"3","4G":"3","8F":"3","MG":"3","8G":"3","MM":"3","MC":"3","PF":"3","PC":"3","P9":"3","CF":"3","JP":"3","GG":"3"},"VC":{"7P":"3","PH":"3"},"55":{"3F":"3","3G":"3","34":"3","3C":"3"},"CJ":{"66":"3","67":"3"},"96":{"XH":"3"},"X8":{"49":"3"},"Q8":{"2V":"3","74":"3","94":"3","7M":"3","6V":"3"},"53":{"X6":"3","8X":"3","QM":"3"},"WQ":{"MQ":"3","PQ":"3","56":"3"},"X3":{"WJ":"3","7P":"3","RJ":"3"},"XQ":{"M6":"3"},"WM":{"MM":"3","7M":"3"},"56":{"92":"3","6H":"3","6G":"3"},"45":{"8R":"3","7M":"3","7G":"3","CM":"3","HJ":"3","9C":"3","97":"3","CG":"3","QC":"3","8P":"3","JC":"3","GR":"3","88":"3","9V":"3","GV":"3","8M":"3","8G":"3","69":"3","CJ":"3","7Q":"3","5C":"3","5J":"3","7F":"3","6P":"3","7H":"3","5H":"3","4F":"3","CC":"3","8H":"3","6M":"3","79":"3","9J":"3","7J":"3","H6":"3","9M":"3","9F":"3","8J":"3","MH":"3","XG":"3","HC":"3","9G":"3","98":"3","8F":"3","Q5":"3","6F":"3","8C":"3","CH":"3","6C":"3","9H":"3","CQ":"3","JH":"3","7P":"3","M6":"3","5Q":"3","4P":"3","X8":"3","89":"3"},"8M":{"54":"3"},"73":{"VW":"3"},"24":{"9P":"3","FP":"3","WP":"3"},"65":{"MG":"3"},"WX":{"PH":"3"},"X9":{"VV":"3","GX":"3"},"V9":{"22":"3"},"G9":{"QC":"3"},"47":{"6W":"3","3R":"3"},"C4":{"32":"3"},"HF":{"5J":"3","C4":"3"},"H3":{"XR":"3","VR":"3"},"WC":{"5F":"3","C4":"3","78":"3","68":"3"},"Q7":{"26":"3"},"RC":{"92":"3","M7":"3","P7":"3","W8":"3"},"46":{"43":"3","54":"3","Q2":"3","J2":"3","G2":"3","MG":"3"},"V8":{"FX":"3"},"XP":{"7F":"3","8F":"3","FF":"3","6F":"3","RM":"3","VH":"3"},"44":{"GM":"3","8J":"3","MM":"3","PM":"3"},"HC":{"X6":"3"},"87":{"X8":"3"},"WP":{"66":"3","59":"3"},"Q9":{"43":"3","35":"3","54":"3","3F":"3","C2":"3","52":"3"},"XF":{"4J":"3","4H":"3"},"W5":{"9V":"3","CV":"3","MW":"3","FV":"3"},"W8":{"7W":"3","H8":"3","4V":"3","6X":"3","4R":"3","7X":"3","6W":"3","6V":"3","9R":"3","4W":"3","Q5":"3"}},"F9":{"9J":{"96":"3"},"HP":{"CR":"3"},"GP":{"R6":"3"}},"C4":{"JF":{"M4":"3"},"PH":{"93":"3","C3":"3"}},"W6":{"9W":{"HP":"3","JJ":"3"},"JC":{"6J":"3"},"8R":{"J7":"3"},"6C":{"P5":"3"},"FM":{"M4":"3","F2":"3","GG":"3","H4":"3","M3":"3","H2":"3","9X":"3","4V":"3","R2":"3","Q2":"3","HC":"3","J2":"3","H3":"3","FM":"3","R3":"3","GH":"3","M7":"3","M2":"3","J4":"3|6","Q5":"3","J3":"3","P7":"3","GP":"3","F3":"3"},"GQ":{"43":"3","P3":"3"},"54":{"MW":"3"},"FJ":{"FJ":"3","GP":"3","HW":"3","CM":"3","XR":"3","68":"3","PX":"3","58":"3","GQ":"3","RX":"3","WM":"3","GR":"3","JV":"3","GV":"3","JP":"3","PQ":"6","CJ":"3","VJ":"3","WH":"3","MW":"3","CW":"3|6","CX":"3","FR":"3","XM":"3","4F":"3","9W":"3","PJ":"3","MJ":"3","FV":"3","54":"3","VH":"3","GW":"3","59":"3","JX":"3","3C":"3","HX":"3","HR":"3","WJ":"3","FW":"3","MQ":"3","P7":"3","WR":"3","W6":"3","HV":"3","MV":"3","MM":"3","JW":"3","P2":"3","55":"3","PM":"3","8V":"3","2H":"3"},"78":{"C7":"3"},"MP":{"7R":"3"},"VQ":{"HQ":"3","QQ":"3"},"9V":{"FQ":"3","98":"3"},"9J":{"H5":"3"},"GG":{"XH":"3","WH":"3"},"67":{"J2":"3","X6":"3","G2":"6","F2":"6","X9":"3","QM":"3","95":"3","R2":"3","G4":"3","M2":"3","VF":"3","H2":"3","7C":"3","W9":"3","V8":"3","P7":"3","5C":"3"},"9R":{"VX":"3"},"55":{"M3":"3","QF":"3","MC":"3","RH":"3","5P":"3","M7":"3","MW":"3","PC":"3","XV":"3"},"CJ":{"V9":"3","VV":"3","RV":"3","97":"3","VC":"3","WC":"3","FP":"3","M7":"3","XF":"3","VG":"3"},"8X":{"6P":"3","5P":"3","FH":"3"},"4W":{"8F":"3","Q8":"3","6F":"3"},"53":{"VM":"3"},"CM":{"C4":"3"},"XQ":{"6P":"3","4P":"3"},"66":{"RW":"3","JV":"3","CW":"3","JW":"3","VR":"3","FR":"3","HX":"3","JQ":"3","QV":"3","MV":"3","HV":"3","9R":"3","JX":"3","GQ":"3","RR":"3","WR":"3","MR":"3","2W":"3","XV":"3","QW":"3","HP":"3","QX":"3"},"XW":{"9Q":"3"},"77":{"2C":"3"},"JQ":{"J8":"3","56":"3"},"JR":{"F7":"3"},"F8":{"R2":"3","W6":"3"},"GH":{"8J":"3","5Q":"3"},"97":{"WP":"3","MG":"3"},"2W":{"VV":"3"},"8M":{"XR":"3","XQ":"3"},"G8":{"V9":"3","WC":"3","55":"3"},"PQ":{"37":"3","VG":"3"},"9H":{"VQ":"3"},"GJ":{"5X":"3","95":"3","94":"3","38":"3","33":"3","5V":"3","93":"3","3C":"3","42":"3"},"WX":{"HX":"3"},"HG":{"98":"3"},"F7":{"7P":"3"},"FP":{"F2":"3","PG":"3","C2":"3","WW":"3","MH":"3","92":"3","3W":"3","C3":"3","F6":"3","XX":"3","PH":"3"},"HF":{"9H":"3","R3":"3"},"89":{"X7":"3"},"7H":{"2M":"3"},"88":{"4R":"3"},"6R":{"RR":"3","GX":"3"},"JW":{"MW":"3"},"5W":{"9P":"3"},"CR":{"J4":"3","P7":"3"},"JV":{"6R":"3","CW":"3"},"CH":{"JH":"3","3V":"3"},"JF":{"C7":"3"},"HC":{"GM":"3","W2":"3","R7":"3"},"6V":{"35":"3","45":"3"},"87":{"2C":"3"},"3W":{"4G":"3","5H":"3","WF":"3"},"27":{"3M":"3","2M":"3"},"C7":{"RQ":"3"},"FH":{"5J":"3"}},"FP":{"43":{"PG":"3","MG":"3","QC":"3","F2":"3","J4":"3","QF":"3","M7":"3","J5":"3","CQ":"3","MH":"3","V9":"3","W9":"3","V8":"3","PH":"3","RF":"3","CR":"3"},"44":{"JF":"3"},"42":{"PW":"3","3R":"3","MX":"3","2R":"3"}},"FR":{"42":{"3G":"3","RP":"3"}},"H3":{"3X":{"42":"3"},"3P":{"FJ":"3"}},"37":{"FJ":{"36":"3","H5":"3","H6":"3","88":"3","46":"3","57":"3"},"7G":{"VM":"3"},"C8":{"9X":"3","7H":"3"},"QG":{"GW":"3","6R":"3"},"QJ":{"H4":"3","G4":"3","J5":"3","VC":"3","XF":"3","C5":"3","J6":"3","F5":"3"},"FH":{"2Q":"3","25":"3","33":"3","2P":"3","26":"3","24":"3","34":"3","23":"3"},"25":{"5W":"3"},"97":{"V3":"3","V2":"3"},"CG":{"WJ":"3","QH":"3","VJ":"3","V5":"3","VH":"3","XJ":"3","WH":"3","QG":"3","VX":"3"},"3G":{"9Q":"3","V4":"3"},"22":{"JR":"3","JQ":"3","VM":"3","JV":"3"},"7C":{"HJ":"3","HM":"3"},"4G":{"49":"3","39":"3","29":"3"},"RJ":{"QR":"3","CP":"3","PR":"3"},"CJ":{"X7":"3","P4":"3"},"5J":{"52":"3"},"VJ":{"8F":"3","8Q":"3","9J":"3","7C":"3","9F":"3"},"RH":{"7R":"3","4X":"3","5X":"3","PV":"3","38":"3","9M":"3"},"95":{"JH":"3"},"7H":{"HF":"3","FF":"3","G7":"3","M7":"3","C8":"3"},"6H":{"V7":"3"},"5H":{"6X":"3","8W":"3","6V":"3"},"PJ":{"M3":"3","H2":"3"},"CF":{"FF":"3","VX":"3","VW":"3"},"8X":{"HR":"3"},"PH":{"MF":"3"},"PG":{"FW":"3"},"C9":{"JJ":"3","FC":"3"},"9M":{"G2":"3"},"3H":{"M2":"3"},"MH":{"X4":"3"},"CH":{"VQ":"3","VC":"3","WF":"3","W8":"3","V2":"3","MG":"3","WP":"3","Q6":"3","XM":"3","PF":"3","VP":"3","X5":"3","VH":"3","XJ":"3","WR":"3","V9":"3","WC":"3","6C":"3","WM":"3","Q5":"3","W9":"3","XP":"3","WG":"3"},"QH":{"Q4":"3","R5":"3"},"28":{"77":"3"},"7W":{"36":"3","55":"3"},"26":{"3G":"3","62":"3","4G":"3","75":"3"},"P2":{"MH":"3"},"FG":{"6P":"3","5V":"3"},"3F":{"VV":"3"}},"Q7":{"W6":{"7X":"3"},"V3":{"FP":"3","HM":"3"},"V6":{"CF":"3"},"X3":{"2V":"3"},"XM":{"7H":"3","6H":"3","6G":"3","GP":"3"},"W3":{"QW":"3","7X":"3","VW":"3"},"X4":{"F7":"3","R9":"3"},"R6":{"C4":"3","96":"3","F3":"3"},"P7":{"64":"3"}},"89":{"7W":{"6G":"3","2M":"3","2J":"3"},"9X":{"28":"3"},"9W":{"26":"3"}},"V6":{"7C":{"8P":"3","GJ":"3","GC":"3"},"WR":{"M3":"3","66":"3","47":"3","W3":"3","P3":"3"},"4X":{"P7":"3"},"PX":{"7X":"3","84":"3"},"8F":{"XH":"3"},"W9":{"84":"3"},"P6":{"VF":"3"},"5P":{"W9":"3"},"CV":{"PH":"3"},"6G":{"4V":"3","2P":"3","2V":"3","8M":"3","5Q":"3"},"QX":{"7X":"3"},"VQ":{"9M":"3"},"7F":{"H3":"3"},"JP":{"VH":"3"},"R8":{"VM":"3"},"X7":{"W2":"3","X4":"3","V6":"3","X7":"3","W7":"3","X5":"3","X8":"3"},"67":{"F3":"3","F2":"3","92":"3","J5":"3","C2":"3","93":"3","73":"3","P7":"3"},"XR":{"22":"3","32":"3"},"PV":{"M3":"3"},"5Q":{"RR":"3","WP":"3"},"25":{"29":"3","46":"3","56":"3","77":"3"},"WQ":{"HQ":"3","XQ":"3","8X":"3","MQ":"3"},"5G":{"XV":"3","RP":"3","XQ":"6","WJ":"3","WQ":"3","VM":"3","QM":"3"},"XQ":{"2V":"3"},"66":{"3Q":"3","FW":"3","GV":"3","CW":"3","8W":"3","9R":"3","5P":"3","6R":"3","8Q":"3","5V":"3","4W":"3","2W":"3","FX":"3","9V":"3","2Q":"3","6Q":"3"},"GH":{"FX":"3","FM":"3"},"3M":{"JH":"3","CG":"3","JG":"3"},"56":{"69":"3","5F":"3","XV":"3","XQ":"3","RV":"3","VP":"3","4F":"3"},"3X":{"7C":"3"},"9F":{"4H":"3"},"4P":{"36":"3"},"MX":{"HQ":"3"},"7G":{"3X":"3"},"4R":{"3F":"3","59":"3","6H":"3","2M":"3"},"XX":{"RC":"3"},"99":{"W4":"3"},"5J":{"QC":"3"},"HG":{"6M":"3","6J":"3"},"G4":{"4H":"3"},"3J":{"72":"3","CQ":"3"},"VR":{"PC":"3"},"G9":{"5C":"3"},"H3":{"W2":"3"},"3P":{"M4":"3"},"76":{"24":"3","C5":"3"},"M4":{"JX":"3"},"JW":{"W6":"3"},"XV":{"38":"3"},"PW":{"75":"3"},"HX":{"8P":"3","CQ":"3"},"FH":{"P9":"3"},"RR":{"2X":"3","JJ":"3","HG":"3"},"86":{"RF":"3"}},"7X":{"Q2":{"3P":"3","4M":"3"},"Q4":{"GM":"3"},"W2":{"RH":"3"},"Q3":{"CV":"3","5M":"3","9C":"3","6Q":"3"},"P3":{"W6":"3","Q5":"3"},"4F":{"MJ":"3","MP":"3","PP":"3"},"5H":{"62":"3"},"Q5":{"29":"3"},"M5":{"2H":"3","4H":"3","5H":"3"},"P6":{"X2":"3"}},"74":{"R4":{"F4":"3"},"5P":{"5F":"3","6F":"3"},"62":{"HW":"3","MR":"3","FW":"3","GX":"3","HV":"3"},"XG":{"XF":"3","G3":"3","PP":"3","F2":"3","XR":"3","XQ":"3","W4":"3","XG":"3","X2":"3"},"WC":{"WW":"3"},"M7":{"3V":"3","8G":"3"},"XF":{"6M":"3","7R":"3","5J":"3","9X":"3","8X":"3","5M":"3","VX":"3","JX":"3"},"63":{"F2":"3","C2":"3","G2":"3","F3":"3"},"3Q":{"V3":"3"}},"M8":{"XM":{"WG":"3"}},"7R":{"9R":{"8R":"3"},"FV":{"MM":"3","5G":"3","HQ":"3","MP":"3","JQ":"3","PM":"3","4Q":"3","JP":"3","HP":"3"}},"V8":{"FH":{"7V":"3","HV":"3"},"QF":{"R2":"3"},"P8":{"R2":"3"},"QC":{"HX":"3"},"4G":{"G4":"3"},"MG":{"JW":"3","MW":"3","JX":"3"},"J3":{"55":"3"},"85":{"VF":"3","8C":"3"},"F5":{"V5":"3","R5":"3"},"95":{"3G":"3"},"6H":{"43":"3"},"8H":{"G8":"3","H8":"3","G7":"3","P9":"3"},"CF":{"GR":"3"},"23":{"RJ":"3"},"PH":{"35":"3"},"7J":{"V2":"3"},"93":{"X5":"3"},"MH":{"24":"3"},"M3":{"HR":"3","VQ":"3"},"R3":{"Q6":"3","94":"3"},"M5":{"94":"3","F3":"3"},"74":{"8W":"3"},"HH":{"G6":"3","J4":"3"},"92":{"36":"3"},"JH":{"3G":"3","67":"3"},"R4":{"9M":"3"},"GH":{"8C":"3"},"R9":{"XF":"3"},"G5":{"96":"3"},"84":{"8R":"3","8F":"3","55":"3"}},"9G":{"WV":{"24":"3"},"Q9":{"RG":"3"},"QH":{"J7":"3","H3":"3","34":"3"},"QC":{"WG":"3","V8":"3"},"V5":{"4C":"3"},"R7":{"QR":"3"},"VV":{"VC":"3"},"XM":{"HV":"3"},"RJ":{"44":"3","45":"3"},"QJ":{"H6":"3"},"R6":{"98":"3"},"PJ":{"VX":"3"},"RC":{"3G":"3"}},"CR":{"R4":{"2Q":"3","C4":"3","3V":"3"},"R3":{"8P":"3","9J":"3","8J":"3","8H":"3","FC":"3"},"R6":{"HP":"3"},"46":{"5P":"3","7V":"3","GR":"3","4P":"3","8V":"3","FW":"3"}},"CH":{"VM":{"W2":"3","X2":"3"}},"M7":{"HH":{"JJ":"3"},"FJ":{"VR":"3","76":"3","75":"3"},"MH":{"36":"3"},"FM":{"JC":"3","F7":"3","P9":"3"},"JF":{"V6":"3","6W":"3"},"JG":{"HF":"3","33":"3","23":"3"}},"6J":{"8P":{"WR":"3","WM":"3","HM":"3"},"9J":{"3Q":"3"},"8J":{"MP":"3"},"9P":{"G7":"3"},"5H":{"QV":"3"},"9M":{"99":"3","C7":"3"}},"HC":{"H3":{"42":"3"},"P2":{"C4":"3"}},"6V":{"RR":{"CC":"3"},"MV":{"CP":"3"}},"27":{"M6":{"WW":"3"},"X9":{"R8":"3"},"M7":{"J6":"3"},"X8":{"CF":"3"},"XM":{"J3":"3"}},"FH":{"47":{"7M":"3","97":"3","8M":"3","G4":"3","6R":"3","6G":"3","CX":"3","8H":"3","H9":"3","C9":"3","9F":"3","9G":"3","7V":"3","6F":"3","6C":"3","6X":"3","9H":"3","9X":"3","H2":"3","5F":"3","J2":"3","7P":"3","6V":"3","5G":"3"},"45":{"3W":"3"},"28":{"RG":"3"},"48":{"7F":"3","7C":"3","4C":"3","56":"3"},"46":{"GV":"3","GW":"3","JW":"3","6P":"3","FV":"3","HW":"3","8Q":"3","MW":"3","7P":"3","PW":"3","MX":"3"},"38":{"WF":"3","P4":"3","P5":"3"},"56":{"2W":"3"}},"F2":{"55":{"VF":"3","RF":"3","P8":"3","M9":"3","VG":"3","P9":"3","RC":"3"},"64":{"GJ":"3","CX":"3","CW":"3"}},"84":{"F4":{"R4":"3","H8":"3"},"87":{"83":"3"},"96":{"H3":"3"},"3M":{"X8":"3"},"2J":{"H2":"3","G2":"3"},"2H":{"J8":"3","JG":"3","M4":"3","J9":"3","HW":"3","5H":"3","JH":"3","23":"3"},"2F":{"CV":"3","6X":"3","JM":"3","PC":"3","FV":"3"},"2G":{"H8":"3","64":"3","JC":"3","H9":"3","CF":"3","54":"3","57":"3","83":"3","MW":"3","22":"3","78":"3","FF":"3","82":"3","5M":"3","34":"3","75":"3","JJ":"3","GG":"3","85":"3","PV":"3","59":"3","2X":"3","55":"3","96":"3","PJ":"3","V2":"3","53":"3","2F":"3","QM":"3","MJ":"3","32":"3","GF":"3","49":"3","23":"3","FC":"3","3R":"3","35":"3","56":"3","JM":"3","97":"3","G8":"3","72":"3","MX":"3","24":"3","G3":"3","65":"3","99":"3","HG":"3","95":"3","36":"3","47":"3","HF":"3","M6":"3","JG":"3","88":"3","P5":"3","C9":"3","MQ":"3","HH":"3","74":"3","MC":"3","44":"3","JF":"3","HC":"3","87":"3","PW":"3","C7":"3","JH":"3","F6":"3"},"42":{"QR":"3","PR":"3","MV":"3"}},"GC":{"V7":{"HR":"3","HV":"3"},"M7":{"JR":"3","JQ":"3"}},"W5":{"47":{"3F":"3","3G":"3","4G":"3","4F":"3","5G":"3"},"3R":{"45":"3","65":"3"},"HJ":{"5V":"3"},"GQ":{"3C":"3"},"JC":{"V7":"3","J2":"3","W9":"3","R6":"3","R7":"3","X8":"3","W8":"3"},"3J":{"27":"3","38":"3"},"M9":{"XR":"3","RR":"3"},"62":{"M3":"3","W2":"3"},"3Q":{"52":"3","X4":"3","64":"3"},"G9":{"R9":"3","V8":"3"},"G8":{"78":"3"},"FR":{"H4":"3","Q4":"3","M3":"3","H2":"3","H5":"3","R2":"3","Q3":"3","H7":"3","J4":"3","P4":"3","J3":"3"},"4R":{"WR":"3","VV":"3","VR":"3","WV":"3","RW":"3","QW":"3","RX":"3","PC":"3","QX":"3","VW":"3"},"H8":{"PP":"3","MQ":"3","PR":"3","JQ":"3","7V":"3","MV":"3","JX":"3","PQ":"3","MW":"3","MR":"3","GR":"3","XW":"3","QQ":"3","JP":"3"},"MJ":{"93":"3"},"5P":{"32":"3"},"H9":{"69":"3","87":"3","J3":"3","P2":"3"},"C9":{"3G":"3","48":"3","39":"3"},"2Q":{"WX":"3","HH":"3","4J":"3","PQ":"3"},"8J":{"VP":"3"},"F2":{"8C":"3"},"5M":{"6V":"3"},"5V":{"J5":"3","Q6":"3","22":"3","V5":"3"},"74":{"25":"3"},"MC":{"3F":"3","49":"3","4G":"3","98":"3","2F":"3","88":"3","29":"3","4F":"3","5G":"3"},"CR":{"JM":"3"},"JH":{"5H":"3"},"CP":{"XM":"3"},"5R":{"MJ":"3","5P":"3","2Q":"3","2W":"3","2V":"3","2F":"3","JJ":"3","5V":"3","2R":"3"},"J8":{"4X":"3","8W":"3"},"G7":{"6M":"3","6P":"3","5P":"3","65":"3"},"2W":{"P7":"3"},"FQ":{"62":"3","RW":"3","WQ":"3","9G":"3"},"3F":{"VP":"3"}},"8W":{"2X":{"W5":"3"},"3V":{"HF":"3","HC":"3"},"2W":{"PW":"3"},"3W":{"33":"3"}},"W8":{"H4":{"87":"3","59":"3","77":"3"},"48":{"GF":"3"},"G4":{"JC":"3","H9":"3","PP":"3"},"H5":{"3F":"3","7F":"3","87":"3","98":"3","97":"3","99":"3","88":"3","8G":"3","86":"3","C7":"3","89":"3","C8":"3","4F":"3","7G":"3"},"M6":{"J2":"3","M3":"3","P2":"3","M2":"3","X4":"3","W4":"3","J3":"3","R6":"3"},"98":{"9Q":"3","CM":"3","8Q":"3","8M":"3","8P":"3","9P":"3","9M":"3","H6":"3"},"59":{"M4":"3","Q4":"3","M5":"3","J4":"3","P4":"3","P5":"3","P3":"3"},"58":{"GC":"3","HC":"3","MQ":"3","MV":"3","PP":"3","JV":"3"},"78":{"XC":"3"},"Q8":{"M2":"3"},"93":{"WF":"3"},"H3":{"XX":"3"},"67":{"36":"3","49":"3","QQ":"3","JV":"3"},"F9":{"53":"3"},"23":{"X5":"3","XC":"3","J8":"3","5G":"3"},"M5":{"CV":"3","8X":"3","PX":"3","8W":"3","CR":"3","XJ":"3"},"M2":{"93":"3"},"68":{"98":"3","6C":"3","C7":"3","C8":"3"},"57":{"5V":"3"},"56":{"CH":"3"},"47":{"JW":"3"},"P6":{"25":"3","56":"3","65":"3"},"J3":{"RW":"3","QW":"3"},"W8":{"86":"3","C5":"3"}}}}