{"6R":{"29":{"MG":{"MR":"3"},"JF":{"QQ":"3"},"F7":{"C2":"3"},"G5":{"WV":"3","G7":"3","G3":"3","HR":"3","JV":"3","M3":"3","H7":"3","XQ":"3","XM":"3","C3":"3","RH":"3","99":"3","PX":"3","C9":"3","C2":"3","82":"3","XH":"3","PH":"3","PW":"3","RG":"3","CC":"3","9C":"3"},"J7":{"4G":"3"},"J6":{"5R":"3","6R":"3","6Q":"3","5Q":"3"},"G6":{"R2":"3","X5":"3","J4":"3","P2":"3"},"H8":{"W7":"3","QJ":"3","W8":"3"},"H9":{"GJ":"3"},"G4":{"9X":"3","R8":"3","CX":"3"},"HC":{"G3":"3","9H":"3","G2":"3"},"J5":{"37":"3","68":"3"},"M2":{"4J":"3"},"H6":{"28":"3","64":"3"},"H5":{"7G":"3","V6":"3","V8":"6|3","FH":"3","3R":"3","P8":"6","3J":"3","6J":"3","MP":"3","4H":"3","5J":"3","Q7":"3","4W":"3","FP":"3","7H":"3","2R":"3","FR":"3","5H":"3","2M":"3","9J":"3","7J":"3","6W":"3","5W":"3","4J":"3","GJ":"3","9H":"3","RC":"3","VR":"3","R7":"3","2P":"3","FQ":"3","2H":"3"}},"64":{"4X":{"4J":"3","V3":"3","2V":"3"},"4V":{"C2":"3"},"3M":{"RP":"3"},"5X":{"55":"3","22":"3","82":"3","65":"3"},"5W":{"2V":"3","2R":"3"},"5V":{"5X":"3"}},"6P":{"HM":{"79":"3","78":"3","CC":"3","89":"3","VJ":"3"}},"3H":{"H3":{"RH":"3"},"F3":{"4M":"3"}},"63":{"P6":{"HC":"3"}},"54":{"XR":{"V6":"3"}},"57":{"X6":{"5G":"3"},"PV":{"5C":"3","77":"3"},"W9":{"JR":"6","HR":"6|3","GV":"3","GW":"3","JW":"3","FP":"3","HV":"3","HW":"3","7Q":"3","MW":"3","FQ":"3","7P":"3","8P":"3","PW":"3"},"MV":{"6P":"3","7M":"3"},"RC":{"C7":"3"}},"52":{"PR":{"78":"3"},"MR":{"39":"3"},"V8":{"MG":"3"}},"93":{"5F":{"8W":"3"},"96":{"27":"3"},"87":{"GW":"3","PC":"3","M8":"3"},"79":{"29":"3"},"88":{"73":"3","84":"3","83":"3"},"95":{"8W":"3"}},"92":{"CM":{"8R":"3","3G":"3","FP":"3"},"CP":{"H5":"3","J3":"3"},"CF":{"G4":"3","XW":"3","P4":"3"},"CJ":{"4Q":"3"},"9J":{"XP":"3","VX":"3"},"FP":{"54":"3","V7":"3","25":"3","66":"3","53":"3","74":"6"},"8G":{"VR":"3","PR":"3","QQ":"3"},"CG":{"H8":"3","PV":"3","W5":"3","HP":"3","M7":"3","P2":"3","J9":"3"},"9M":{"MH":"3","Q6":"3","XG":"3"}},"6G":{"C4":{"XV":"3","XW":"3"},"GC":{"X4":"3","X5":"3"},"H3":{"7P":"3"},"C5":{"W6":"3","X6":"3","FP":"3","QF":"3","PF":"3","X5":"3","GM":"3","JH":"3"},"F4":{"2V":"3","3R":"3"}},"RW":{"W6":{"M4":"3","94":"3"},"X6":{"96":"3","87":"3","75":"3","WJ":"3","67":"3","86":"3","45":"3","52":"3","F5":"3","76":"3","83":"3","77":"3","55":"3","M2":"3","H2":"3","53":"3","HF":"3","43":"3"},"V5":{"3M":"3"},"R7":{"89":"3"},"V7":{"5M":"3","2W":"3","77":"3","7G":"3"},"W5":{"45":"3","55":"3","R9":"3","64":"3"},"X5":{"3X":"3","7R":"3","8R":"3","GM":"3","5R":"3","2H":"3","JQ":"3","6R":"3","FP":"3","6Q":"3","9Q":"3","MG":"3","HR":"3","GP":"3","7Q":"3"},"R8":{"VP":"3","XG":"3"},"R6":{"9P":"3"},"R5":{"RP":"3","XH":"3","G9":"3"},"W7":{"H6":"3","97":"3","R6":"3","C7":"3"}},"75":{"W2":{"VJ":"3"}},"39":{"4P":{"CP":"3","8J":"3"},"XJ":{"VW":"3"}},"3V":{"H9":{"CR":"3"},"7C":{"HV":"3"},"X4":{"88":"3"},"HW":{"FX":"3"},"M7":{"9C":"3"},"M5":{"R7":"3"}},"85":{"7J":{"WR":"3"},"J4":{"RG":"3"},"H7":{"WP":"3"},"7R":{"77":"3"},"CJ":{"7R":"3","PF":"3","6R":"3"},"J5":{"Q2":"3"},"CM":{"C9":"3","CF":"3"},"FJ":{"2G":"3","2H":"3"},"HF":{"VP":"3"},"9J":{"JG":"3"}},"67":{"QR":{"F2":"3","Q6":"3","R6":"3","M5":"3","F4":"3","R5":"3","P5":"3"},"62":{"4W":"3"},"RR":{"V2":"3"},"53":{"JP":"3","8X":"3","VC":"3","MP":"3","RG":"3"},"QQ":{"7J":"3","8J":"3","7R":"3","7H":"3","6R":"3","9P":"3","9M":"3","9J":"3"},"63":{"45":"3","38":"3"},"FC":{"23":"3"},"PQ":{"67":"3"},"V5":{"C2":"3"}},"59":{"9V":{"R4":"3"},"72":{"C4":"3","GC":"3","93":"3","92":"3","G2":"3","94":"3"}},"2X":{"MQ":{"QW":"3","JV":"3"},"HW":{"8R":"3","8X":"3","CX":"3","8W":"3","CW":"3","C5":"3","5V":"3"},"HX":{"86":"3","C5":"3","8G":"3","83":"3","C3":"3","85":"3","68":"3","93":"3","8H":"3"},"PM":{"XM":"3"},"JV":{"CC":"3","9C":"3"}},"5Q":{"QH":{"96":"3","98":"3","88":"3","C6":"3"},"RJ":{"3M":"3"}},"55":{"VM":{"54":"3","25":"3","G3":"3","45":"3","26":"3","24":"3","85":"3","73":"3","74":"3","34":"3","65":"3","75":"3","F3":"3"},"VJ":{"2X":"3","PM":"3"},"RM":{"X6":"3","4V":"3","V6":"3","H7":"3","R6":"3","W4":"3"},"FV":{"4Q":"3"},"XM":{"QV":"3"},"H8":{"WX":"3"},"WH":{"V5":"3"},"QG":{"9H":"3"},"RF":{"P2":"3"},"XV":{"CW":"3"}},"25":{"W6":{"G6":"3","73":"3","J6":"3"}},"4W":{"CC":{"W8":"3"}},"33":{"H2":{"84":"3"},"46":{"XX":"3"},"56":{"2X":"3"}},"53":{"V8":{"J2":"3","J3":"3"}},"26":{"33":{"R3":"3"}},"6H":{"M3":{"R2":"3"},"M2":{"GM":"3","F9":"3","FC":"3"}},"32":{"F9":{"WX":"3"},"FC":{"H7":"3"},"G9":{"4Q":"3"}},"66":{"2X":{"3W":"3","GX":"3"},"47":{"F2":"3","27":"3","46":"3","28":"3"},"63":{"2H":"3"},"36":{"X8":"3"},"46":{"RP":"3","2H":"3","Q9":"3","VP":"3","45":"3","QV":"3","QF":"3","VQ":"3"},"37":{"X7":"3"},"53":{"XH":"3"},"57":{"5P":"3","9W":"3","7X":"3","5Q":"3","5H":"3"},"58":{"62":"3"},"56":{"2R":"3"}},"42":{"MM":{"H8":"3"},"9R":{"MX":"3"}},"7J":{"M8":{"43":"3","33":"3","32":"3","64":"3"},"J2":{"X7":"3","X8":"3"},"J8":{"X4":"3"},"Q6":{"74":"3"},"P5":{"83":"3"},"M7":{"3X":"3","5C":"3","49":"3","66":"3","4Q":"3","59":"3","4P":"3","76":"3","67":"3","85":"3","4C":"3","86":"3","4F":"3","77":"3"},"J5":{"XM":"3"},"M2":{"8H":"3"},"Q5":{"WJ":"3","FW":"3","WP":"3","VJ":"3","VH":"3","XJ":"3","5M":"3","FJ":"3","4Q":"3","HP":"3"},"P4":{"3V":"3"},"M5":{"VR":"3","WW":"3"},"H5":{"67":"3"},"R5":{"45":"3","38":"3","57":"3","28":"3","2J":"3","2R":"3"}},"77":{"J5":{"4C":"3"},"4Q":{"6V":"3"}},"49":{"W2":{"VW":"3"}},"3R":{"VV":{"MH":"3"},"XQ":{"4G":"3","5G":"3"},"VR":{"WR":"3","WV":"3"},"XW":{"QW":"3"}},"56":{"XX":{"HF":"3","HC":"3"}},"72":{"8P":{"39":"3","28":"3","3C":"3"}},"9H":{"47":{"F8":"3","F9":"3"}},"65":{"G4":{"M4":"3","R4":"3","Q4":"3","Q3":"3","R3":"3","7M":"3","P4":"3","P3":"3"},"6X":{"5F":"3","4F":"3"},"4G":{"Q6":"3"},"24":{"QR":"3","RR":"3"},"23":{"Q8":"3"},"HG":{"GR":"3"},"29":{"G4":"3"},"4W":{"FX":"3"},"32":{"2V":"3"},"5G":{"JP":"3","75":"3"},"GP":{"5F":"3","3F":"3","49":"3","59":"3","4C":"3","4F":"3"}},"99":{"X7":{"J6":"3"}},"58":{"9V":{"5V":"3"},"Q2":{"RQ":"3"},"8X":{"RW":"3","PV":"3","PW":"3","QW":"3","QV":"3","HR":"3"},"8W":{"G8":"3","CC":"3"},"7X":{"HR":"3","GV":"3","MQ":"3","QP":"3","PR":"3","QM":"3","HV":"3","MV":"3","PV":"3","QJ":"3","MR":"3","MW":"3","QQ":"3","FX":"3","GX":"3"},"CQ":{"J2":"3","M2":"3"},"Q5":{"VR":"3"}},"76":{"WQ":{"7M":"3"},"X3":{"59":"3"}},"VH":{"CV":{"XQ":"3","XP":"3","W2":"3","XW":"3"},"FR":{"5R":"3","4R":"3","5V":"3"},"CR":{"RQ":"3","7R":"3","7V":"3","8W":"3","6V":"3"}},"74":{"JP":{"FJ":"3"}},"4Q":{"WV":{"FW":"3"}},"9G":{"CR":{"M8":"3"},"CQ":{"GW":"3","9X":"3","HW":"3","JV":"3","FW":"3"}},"84":{"8W":{"9R":"3"},"R9":{"CX":"3"}},"8J":{"8C":{"PR":"3"},"H5":{"2X":"3"}},"86":{"3G":{"QR":"3"}},"48":{"HM":{"HC":"3","F9":"3","G9":"3"},"M8":{"CV":"3"},"QM":{"29":"3","3C":"3"},"M6":{"H5":"3"},"QJ":{"J6":"3"},"M9":{"V9":"3","M6":"3"},"QG":{"PG":"3","J9":"3"},"M5":{"3V":"3","2V":"3","2R":"3"},"P9":{"7R":"3"}}},"index":{"university,1|retail,2|tourism,3|wreck,4|historical,5|artsCulture,6|namedBuilding,7|water,8|wetland,9|park,10|beach,11|natureReserve,12|cemetery,13|trail,14":{}}}