{"index":{"university,1|retail,2|tourism,3|wreck,4|historical,5|artsCulture,6|namedBuilding,7|water,8|wetland,9|park,10|beach,11|natureReserve,12|cemetery,13|trail,14":{}},"6V":{"HM":{"F2":{"W8":"3"},"C4":{"C2":"3"},"93":{"59":"3","7P":"3","7Q":"3"},"92":{"3R":"3"},"94":{"8C":"3","8F":"3","76":"3","85":"3","86":"3","89":"3","75":"3"},"82":{"M4":"3","M5":"3","J4":"3","RG":"3"},"C3":{"HQ":"3","HR":"3"},"95":{"62":"3","66":"3","63":"3","65":"3"}},"HJ":{"9W":{"5J":"3","4J":"3","4P":"3","4H":"3","5H":"3"},"8X":{"JF":"3"},"QW":{"W9":"3"},"JX":{"53":"3"},"8W":{"XW":"3"}},"3X":{"H5":{"2H":"3"},"F5":{"GW":"3","GV":"3","HW":"3","VW":"3","FW":"3"}},"22":{"F2":{"W3":"3"},"H4":{"FC":"3"},"H2":{"6M":"3","C4":"3","93":"3","92":"3","86":"3","C5":"3"},"H6":{"C8":"3"},"X4":{"GF":"3"},"V6":{"GQ":"3","GP":"3"},"H3":{"C9":"3"}},"9R":{"8R":{"HW":"3"},"9R":{"4G":"3"}},"VH":{"49":{"5F":"3","5C":"3","4F":"3"},"39":{"M4":"3","WJ":"3","M3":"3","PF":"3","QG":"3"},"3H":{"54":"3"}},"GM":{"CW":{"4F":"3"}},"F8":{"FX":{"V2":"3","42":"3","C3":"3","P5":"3","F3":"3"},"CW":{"XQ":"3","WP":"3"},"FW":{"79":"3","75":"3","8F":"3","65":"3","VJ":"3","6X":"3","3X":"3","WQ":"3","76":"3","49":"3","95":"3","37":"3","88":"3","98":"3","2W":"3","QG":"3","2C":"3"}},"23":{"8F":{"XX":"3"}},"Q5":{"92":{"92":"3"},"72":{"R8":"3"},"82":{"WC":"3","R9":"3","QC":"3","G5":"3","MG":"3","F5":"3"}},"W9":{"QP":{"HP":"3"},"QM":{"3M":"3","2M":"3"}},"RF":{"2P":{"69":"3","79":"3","7C":"3","6C":"3","89":"3"}},"32":{"6M":{"HW":"3","HX":"3","MX":"3"},"6P":{"X4":"3"},"7P":{"3Q":"3"}},"JM":{"37":{"26":"3"}}}}