{"73":{"H3":{"7W":{"XH":"3","XJ":"3"},"FW":{"QR":"3","QV":"3"},"HR":{"H8":"3","J8":"3"},"GV":{"32":"3"},"JV":{"2X":"3"},"9X":{"PQ":"3"},"JW":{"WX":"3","54":"3","C9":"3","VP":"3","PW":"3","97":"3"},"HQ":{"42":"3","H7":"3"},"FR":{"23":"3"},"8W":{"JF":"3","JG":"3","P5":"3","M7":"3","M6":"3","HF":"3","P7":"3","M5":"3","HG":"3","2R":"3","2M":"3","P6":"3"},"7V":{"XV":"3","WV":"3|6","WW":"3|6"},"HV":{"JW":"3","FQ":"3","PW":"3","QW":"3","GV":"3","VW":"3"},"GQ":{"X5":"3"},"MW":{"2Q":"3","2P":"3"},"FQ":{"HH":"3","PC":"3"},"GR":{"2V":"3","J9":"3"},"FX":{"XF":"3","WF":"3"},"8V":{"MJ":"3","QH":"3","JG":"3","QF":"3","HH":"3","JJ":"3","MH":"3","JH":"3","QG":"3","RG":"3"},"CR":{"7F":"3","RV":"3","W5":"3","QV":"3","RC":"3"},"9V":{"G5":"3","F5":"3"},"MX":{"XV":"3","93":"3","84":"3","XW":"3","C3":"3","J6":"3"},"GX":{"G6":"3","F7":"3","F6":"3"}},"J2":{"47":{"FQ":"3"},"58":{"4G":"3","FV":"3","3M":"3","39":"3","23":"3","GX":"3","4H":"3"},"3G":{"54":"3"},"3J":{"7W":"3","6W":"3"},"2J":{"QR":"3","WR":"3","RP":"3","WW":"3","MC":"3","VQ":"3"},"6J":{"F9":"3"},"69":{"3V":"3"},"36":{"HJ":"3"},"5J":{"VQ":"3"},"5C":{"44":"3"},"4M":{"WX":"3","WV":"3","WW":"3"},"6G":{"7F":"3","7G":"3","FM":"3","F9":"3","C8":"3","H8":"3","F8":"3","68":"3","CH":"3","98":"3","72":"3","73":"3","H6":"3","42":"3"},"3M":{"5J":"3","3F":"3","HJ":"3","RV":"3","4G":"3","4H":"3","HP":"3","QV":"3","7J":"3","5H":"3","4F":"3","28":"3","3C":"3"},"6H":{"F2":"3","5P":"3","5M":"3","JX":"3","HX":"3"},"2M":{"W6":"3","V6":"3","R7":"3","V7":"3","M7":"3","M6":"3","R6":"3","P7":"3","66":"3","56":"3","P6":"3"},"48":{"JR":"3","5J":"3","3R":"3","HR":"3","X6":"3","JV":"3","JW":"3","X8":"3","2V":"3","4C":"3","29":"3","2F":"3","5H":"3","6M":"3","4P":"3","FX":"3","2C":"3"},"49":{"XF":"3","X9":"3","XC":"3","HC":"3","JH":"3","F8":"3","FG":"3"},"59":{"VF":"3","XR":"3","33":"3","P8":"3","J5":"3","XP":"3","23":"3","RH":"3","PM":"3"},"3H":{"CJ":"3"},"39":{"J5":"3","C3":"3","VH":"3","QG":"3","75":"3","W8":"3"},"5M":{"X5":"3"},"3C":{"M7":"3"},"6F":{"2X":"3","C2":"3","2W":"3","2V":"3","3W":"3"},"6C":{"CM":"3","C9":"3","98":"3","52":"3","97":"3","CC":"3","C8":"3","9M":"3","FW":"3","64":"3"},"28":{"5F":"3","6F":"3","CG":"3"},"38":{"QH":"3","CQ":"3","2R":"3","GP":"3"},"26":{"5F":"3","6J":"3"},"5G":{"RC":"3"},"4P":{"W2":"3","53":"3","63":"3"}},"F7":{"H2":{"2M":"3"},"J2":{"7X":"3"},"H3":{"J2":"3"},"C3":{"5W":"3"},"F3":{"PX":"3"}},"G5":{"X9":{"CJ":"3","JH":"3","9H":"3","X2":"3"},"V8":{"8F":"3","8G":"3","CG":"3","G9":"6|3","FF":"3","GC":"3","9F":"3","GF":"3","CC":"3","FC":"3"},"RV":{"R5":"3"},"QG":{"VM":"3","W6":"3","7R":"3","W5":"3","6R":"3","VH":"3","WM":"3","CR":"3","W7":"3"},"QF":{"WQ":"3","MM":"3","G7":"3","HG":"3","VQ":"3"},"QC":{"RP":"3","VM":"3","VJ":"3"},"WM":{"RX":"3"},"JM":{"7F":"3"},"JQ":{"94":"3"},"VF":{"RW":"6|3","PV":"3","H3":"3","QX":"6","J3":"3"},"RJ":{"5J":"3"},"PQ":{"P8":"3","VC":"3","MR":"3","82":"3","JV":"3","RJ":"3"},"QX":{"PW":"3","PX":"3","RX":"3","PC":"3","QX":"3","VW":"3"},"PR":{"48":"3","C3":"3"},"MW":{"CW":"3"},"RP":{"W4":"3"},"QQ":{"96":"3","97":"3","53":"3","2C":"3"},"PJ":{"4V":"3","4W":"3"},"MJ":{"RC":"3"},"VG":{"9V":"3","9W":"3","RH":"3","QG":"3","RG":"3"},"PH":{"43":"3","H2":"3","33":"3","Q2":"3","G2":"3","M2":"3"},"PG":{"HX":"3","MV":"3"},"VH":{"Q2":"3","V6":"3"},"VM":{"C9":"3","4Q":"3","85":"3","95":"3","CH":"3"},"JR":{"GH":"3"},"W8":{"V5":"3","V6":"3","F3":"3","X6":"3","X5":"3","G4":"3","73":"3","75":"3","93":"3","W5":"3","M5":"3","J5":"3","74":"3","W6":"3","H5":"3","G3":"3","C3":"3","F4":"3","83":"3","C5":"3","G5":"3","C4":"3","84":"3"},"MH":{"25":"3","H2":"3","P8":"3","Q7":"3","Q8":"3","P4":"6","G9":"3"},"WG":{"46":"3","47":"3"},"HC":{"RW":"3"},"QM":{"VF":"3","RF":"3"},"XF":{"X3":"3"},"R3":{"GM":"3"},"WJ":{"6F":"3","HM":"3","89":"3","MV":"3"},"HH":{"MQ":"3","XJ":"3"},"RF":{"CX":"3"},"QW":{"VX":"3"},"PV":{"95":"3"},"JH":{"M2":"3","77":"3"},"MX":{"54":"3","M9":"3","74":"3","82":"3","64":"3"},"MM":{"GC":"3","MQ":"3","F9":"3"},"VR":{"CJ":"3","F7":"3","G7":"3","9C":"3","C6":"3"},"R9":{"5M":"3","6G":"3"},"JW":{"W7":"3"},"RM":{"GC":"6"},"VV":{"43":"3","62":"3"},"VQ":{"JW":"3"},"PP":{"5R":"3","8X":"3","5W":"3","6W":"3"},"PM":{"MJ":"3","PG":"3","6W":"3"},"X8":{"VM":"3","WP":"6","VJ":"3","XM":"3","RJ":"3","C9":"3","GC":"3","XW":"3","WM":"3|6","XP":"3","CC":"3","FC":"3","26":"3","9C":"3"}},"F5":{"PW":{"HR":"3","FV":"3"},"PX":{"88":"3","GF":"3","Q5":"3","P5":"3"},"JX":{"XV":"3"},"RX":{"9X":"3"},"QX":{"7G":"3"},"MX":{"HH":"3","CF":"3","9H":"3","FG":"3","9G":"3"}},"G6":{"67":{"39":"3","38":"3"},"65":{"Q9":"3","PC":"3","QC":"3"},"28":{"9H":"3","H3":"6","FM":"3","G7":"3","CG":"3","J3":"6"},"54":{"G2":"3"},"Q2":{"47":"3","27":"3","28":"3","P2":"3","36":"3","48":"3","M2":"3","74":"3","38":"3","C2":"3","37":"3","34":"3"},"P2":{"43":"3","X8":"3"},"3F":{"4X":"3","8H":"3"},"49":{"FX":"3","V8":"3"},"36":{"CR":"3"},"3G":{"HJ":"3","HM":"3"},"4C":{"F2":"3","C2":"3","98":"3","9F":"3","74":"3"},"29":{"WG":"3"},"2H":{"Q7":"3","Q6":"3","HR":"3","Q5":"3"},"2G":{"WF":"3"},"57":{"WG":"3"},"25":{"4G":"3","4F":"3"},"66":{"H2":"3","J2":"3"}},"H2":{"VG":{"FW":"3","HR":"3|6","GV":"3","JF":"3","JG":"3","JC":"3","CV":"3","FR":"3","HQ":"3","M4":"3","MF":"3","GP":"3","MC":"3","HV":"3","GQ":"3","JJ":"3","GR":"3","P4":"3","FX":"3"},"WJ":{"R2":"3","XJ":"3"},"VC":{"XQ":"3","X7":"3","X8":"3"},"WF":{"7W":"3","C2":"3","FF":"3","7X":"3"},"XM":{"M4":"3","62":"3","72":"3","65":"3"},"X8":{"5F":"3","3M":"3","2P":"3","4H":"3","2M":"3","WF":"3"},"VH":{"F4":"3","MJ":"3","G7":"3","G3":"3","F7":"3","JC":"3","G5":"3","F2":"3","F5":"3","VV":"3","G9":"3","C3":"3","G6":"3","H9":"3","C4":"3","MH":"3","QJ":"3","C2":"3","PJ":"3","93":"3","PH":"3"},"XJ":{"CM":"3","RP":"3","GJ":"3","8J":"3","6X":"3","5X":"3","5W":"3","7X":"3","5V":"3"},"V9":{"XV":"3"},"WC":{"66":"3","78":"3","67":"3","9P":"3"},"W9":{"2V":"3"},"XG":{"2M":"3"},"X7":{"8Q":"3"}},"F6":{"H2":{"5P":"3","GR":"3","CJ":"3","6Q":"3","HM":"3"},"CQ":{"PG":"3","J8":"3","MQ":"3","R7":"3","H7":"3","76":"3","77":"3","H8":"3","R8":"3","CH":"3","P7":"3","H6":"3","FH":"3","84":"3"},"29":{"V9":"3"},"HW":{"VV":"3","77":"3"},"QW":{"65":"3"},"8R":{"G4":"3","8Q":"3","8M":"3","7X":"3","3W":"3"},"Q5":{"C9":"3","98":"3"},"CP":{"96":"3","HM":"3","JR":"3","G3":"3","PG":"6","F3":"3","HR":"3","JG":"3","6X":"3","9W":"3","FV":"3","3M":"3","JQ":"3","HV":"3","G4":"3","JH":"3","F8":"3","M9":"3","2M":"3","C7":"3","JM":"3"},"7W":{"W2":"3","V2":"3"},"G2":{"XR":"3"},"PX":{"JC":"3","76":"3","MF":"3","74":"3","PQ":"3","M5":"3","75":"3"},"JX":{"Q4":"3"},"MW":{"X6":"3","3G":"3","G7":"3","9R":"3"},"FJ":{"M9":"3","R7":"3"},"J2":{"G8":"3","G7":"3","P5":"3","R4":"3","97":"3","Q4":"3","R3":"3","5F":"3","J6":"3","R2":"3","J5":"3","X4":"3","98":"3","R6":"3","Q5":"3","H6":"3","CR":"3","P6":"3"},"WV":{"45":"3"},"8V":{"7C":"3"},"QG":{"3R":"3","6V":"3","5V":"3"},"J3":{"C2":"3","63":"3"},"RW":{"63":"3"},"P2":{"3P":"3"},"J9":{"8P":"3","8Q":"3","7P":"3"},"9V":{"F2":"3"},"R9":{"5Q":"3"},"GG":{"JP":"3"},"X4":{"2Q":"3","4R":"3","3R":"3","3Q":"3","2R":"3"},"VV":{"CP":"3","WC":"3","M7":"3","6V":"3","M8":"3"},"V3":{"RV":"3","2C":"3","28":"3"},"PV":{"79":"3","89":"3","9R":"3"},"28":{"7P":"3"},"P3":{"24":"3"},"9R":{"6P":"3","FX":"3","7G":"3"},"F4":{"49":"3","4C":"3"},"8X":{"MH":"3","X2":"3","X3":"3"},"94":{"H2":"3"},"MJ":{"G8":"3"},"8P":{"VG":"3"},"9P":{"XP":"3","XW":"3"},"CM":{"QW":"3","QX":"3"},"XQ":{"M8":"3","R5":"3","P7":"3"},"C3":{"6V":"3","5X":"3","7W":"3","9Q":"3","6X":"3","9X":"3","CV":"3","7R":"3","FR":"3","9W":"3","FV":"3","8W":"3","6W":"3","7V":"3","3W":"3","9R":"3","4V":"3","CQ":"3|6","CP":"3","8Q":"3","4X":"3","FQ":"3","5V":"3","4W":"3","9P":"3","FX":"3","8V":"3","5W":"3","CR":"3","9V":"3","8R":"3"},"F3":{"RP":"3","JV":"3","J8":"3","5F":"3","XJ":"3","MW":"3","CH":"3","QQ":"3","FJ":"3"},"FC":{"WC":"3","89":"3"},"X5":{"RF":"3","JC":"3","RH":"3","VG":"3"},"FV":{"6G":"3"},"45":{"5G":"3"},"MV":{"RG":"3"},"9F":{"PQ":"3"},"8Q":{"PW":"3"},"W4":{"79":"3","WJ":"3","G8":"3","J8":"3","XR":"3","H7":"3","J7":"3","F5":"6","XM":"3","FF":"3","G9":"3","F9":"3","C8":"3","G6":"3","H9":"3","H8":"3","99":"3","RR":"3","CQ":"3","GM":"3","88":"3","F6":"6","7C":"6","WM":"3","8C":"3","H6":"3","CR":"3","CC":"3","9C":"3","C7":"3"},"MX":{"HW":"3"},"G3":{"6H":"3"},"VR":{"3X":"3","4X":"3","6V":"3","3W":"3","5V":"3"},"36":{"Q8":"3"},"F9":{"GV":"3","HR":"3"},"C4":{"53":"3","C8":"3","52":"3","43":"3","62":"3","56":"3","F7":"3","63":"3","44":"3","75":"3","G8":"3","94":"3","7H":"3","65":"3","C7":"3","54":"3","93":"3","66":"3","46":"3","F2":"3","64":"3","C2":"3","92":"3","42":"3","45":"3","P5":"3","GF":"3","29":"3","R9":"3","G7":"3","55":"3","C5":"3","F8":"3","C4":"3","C6":"3"},"FR":{"3F":"3","26":"3","QX":"3"},"37":{"F5":"3"},"HJ":{"MW":"3"},"7V":{"VH":"3"},"9Q":{"F8":"3","CF":"3","CV":"3","V2":"3","G7":"3","H7":"3","7M":"3","P4":"3"},"3C":{"PX":"3"},"4F":{"MQ":"3","MV":"3"},"M2":{"HH":"3","99":"3"},"PW":{"HM":"3","G7":"3","F7":"6|3","C5":"3","FP":"3","HX":"3","GP":"3","FM":"3","C8":"3","G6":"3","5P":"3","JX":"3","V4":"3","CM":"3","F8":"3","9F":"3","F6":"3","8C":"3","CF":"3","GJ":"3","H5":"3","26":"6","JP":"3","R5":"3","9C":"3","HP":"3","C7":"3"},"HX":{"F2":"3","5X":"3"}},"H4":{"H4":{"4X":"3","2C":"3","4F":"3","4W":"3"},"97":{"WH":"3","PM":"3","R5":"3"},"H3":{"4F":"3"},"88":{"5X":"3","6P":"3","J4":"3","3X":"3","7M":"3","C9":"3","7Q":"3","7P":"3","8M":"3","8P":"3","5V":"3","FC":"3","6Q":"3"},"86":{"C2":"3","G3":"3","R2":"3","W9":"3","PQ":"3","X8":"3","RC":"3"},"J3":{"QH":"6|3","QF":"3","7M":"3","RH":"3","RJ":"3","VH":"3","8P":"3","WH":"3","4P":"3","RF":"6|3","XP":"3","RG":"6"},"G4":{"6X":"3"},"85":{"7G":"3","F3":"3","68":"3","22":"6|3","57":"3","2G":"3","62":"3","69":"3","P6":"3","85":"3","75":"3","MW":"3","6G":"3","3M":"6","F9":"3","3P":"3","7J":"3","JX":"3","WG":"3","MX":"3","32":"3","5Q":"6|3","2H":"3"},"75":{"FJ":"3","WC":"3","CM":"3","FH":"3","HP":"3","CG":"3","P8":"3","JF":"3","MF":"3","WM":"3","JC":"3","M9":"3","HG":"3","XP":"6","CJ":"3","P6":"3","G9":"3","XJ":"3","WH":"6","FM":"3","4W":"3","7H":"3","CW":"6","6H":"3","XM":"6|3","8H":"3","H8":"3","M8":"3","9J":"3|6","R6":"3","J7":"3","H9":"3","JG":"3","9M":"3","Q6":"3","R5":"3","J9":"3","HC":"3|6","5M":"3","W5":"3","9G":"3","7V":"3","MC":"3","WJ":"6|3","GG":"3","CH":"3","9H":"3","9X":"3","HF":"3","6Q":"3","P7":"3","P5":"3","J6":"3","GF":"3","GH":"3","J8":"3","Q8":"3","Q2":"3","M6":"3","GC":"3","5Q":"3","FG":"3|6"},"4W":{"FX":"3"},"96":{"8C":"3","5F":"3","98":"3","4C":"3","84":"3","29":"3"},"95":{"XH":"3","WG":"3","WH":"3"},"94":{"F9":"3"},"3X":{"W5":"3"},"78":{"JC":"3","G3":"3","H3":"3","G7":"3","M7":"3","XW":"3","JF":"3","F4":"3","C3":"3","XX":"3","F3":"3"},"5P":{"FX":"3"},"93":{"96":"3","87":"3","97":"3","85":"3","86":"3","72":"3","82":"3","P6":"3","P7":"3"},"87":{"6H":"3","3Q":"3","F5":"3"},"M3":{"96":"3","F3":"3"},"77":{"WR":"3","5R":"3","H2":"3","GW":"3","WV":"3","H3":"3","GV":"3","7Q":"3"},"74":{"VQ":"3","WP":"6","XR":"3","VR":"3","XQ":"3","RX":"3","VP":"6","XX":"3"},"92":{"VQ":"3","7W":"3","9Q":"3","8X":"3","7X":"3","6W":"3","5P":"3","8P":"3","9P":"3","5Q":"3","WG":"3","9V":"3","6Q":"3"},"76":{"43":"3","54":"3","44":"3","RP":"3","J2":"3","53":"3","JM":"3","G7":"3","72":"3","82":"3","CG":"3"},"82":{"9F":"3"},"5X":{"FX":"3","GR":"3","GV":"3","6Q":"3","FW":"3"},"C5":{"5P":"6|3","3G":"3","2G":"3","2H":"3","5H":"3","VG":"3"},"83":{"JH":"3","MM":"3","JJ":"3","PP":"3","JG":"3"},"G5":{"43":"3","C7":"3"},"C6":{"35":"6","45":"6","9P":"3","CQ":"3"},"84":{"V8":"6","W4":"3","J4":"3","4V":"3|6","9V":"3","MG":"3","4M":"3","4W":"3","CW":"3","3X":"3","4R":"3","9W":"3","JJ":"3","MJ":"3","5P":"6","WP":"3","W8":"6","MH":"3|6","2X":"6","5V":"3","MQ":"3","3V":"3","JH":"3","6Q":"6","5R":"3","CV":"3","J2":"3","4P":"3"},"89":{"52":"3"}},"H5":{"62":{"5J":"3"},"45":{"4M":"3"},"52":{"F2":"3","C2":"3","Q8":"3","M7":"3","R9":"3"},"28":{"2Q":"3","4V":"3","3M":"3","2P":"3","3V":"3","2W":"3","3P":"3","3Q":"3","3W":"3","2M":"3"},"29":{"98":"3","76":"3","86":"3"},"53":{"F3":"3"},"33":{"75":"3"},"57":{"67":"3","46":"3"},"32":{"CF":"3","9X":"3","9Q":"3","CG":"3"},"2C":{"8F":"3","G6":"3","87":"3"},"24":{"WG":"3"},"43":{"JH":"3"},"56":{"3M":"3"}},"C6":{"W9":{"P3":"3"},"W8":{"F8":"3","78":"3","CG":"3","FW":"3"}}},"index":{"university,1|retail,2|tourism,3|wreck,4|historical,5|artsCulture,6|namedBuilding,7|water,8|wetland,9|park,10|beach,11|natureReserve,12|cemetery,13|trail,14":{}}}