{"index":{"university,1|retail,2|tourism,3|wreck,4|historical,5|artsCulture,6|namedBuilding,7|water,8|wetland,9|park,10|beach,11|natureReserve,12|cemetery,13|trail,14":{}},"75":{"VG":{"4G":{"6X":"3","5X":"3"},"G3":{"VF":"3","59":"3","VC":"3","6C":"3"},"F3":{"X9":"3","X7":"3","XC":"3","W9":"3","J9":"6"},"G2":{"6W":"3"},"F2":{"WJ":"3","VM":"3","VJ":"3"},"P5":{"QH":"3"},"3G":{"6X":"6","PW":"3","6W":"6"},"2J":{"X4":"3","X5":"3"},"3H":{"V3":"3","C4":"3","93":"3","Q3":"3","X2":"3","X3":"3","C5":"3","F4":"3","F5":"3"},"2H":{"Q7":"3","Q6":"3","J7":"3"},"H2":{"GQ":"3"},"2G":{"WM":"3"},"4H":{"62":"3","52":"3"},"6Q":{"J9":"3"}},"HP":{"RQ":{"5R":"3","4R":"3"},"HQ":{"RG":"3"},"GM":{"PX":"3"},"2Q":{"V2":"3","W4":"3"},"FQ":{"WX":"3","XX":"3"},"2P":{"G2":"3","F2":"3","FP":"3","F5":"3","CG":"3","FF":"3","GM":"3","CH":"3","F6":"3","CF":"3","XG":"3"},"FR":{"V3":"3","66":"3","C4":"3","G3":"3","W2":"3","76":"3","R3":"3","F3":"3"},"GV":{"5J":"3","6H":"3","6J":"3","5H":"3"},"HW":{"CQ":"3"},"WG":{"4F":"3"},"6Q":{"FM":"3"},"5Q":{"6G":"3","7G":"3"},"2M":{"JQ":"3","PW":"3"},"GQ":{"8J":"3","3V":"3","J2":"3","H7":"3"},"GP":{"VG":"3","R9":"3","VC":"3","M8":"3","J8":"3","XR":"3","Q6":"3","R7":"3","J9":"3","H8":"3","Q7":"3","VF":"3","V9":"3","Q5":"3","R6":"3","RF":"3","RG":"3","RC":"3","R5":"3"}},"CV":{"36":{"HP":"3","FW":"3","FV":"3"},"2Q":{"6P":"3","4J":"3","4H":"3","6Q":"3","3H":"3"},"9P":{"45":"3","65":"3"}},"V7":{"WR":{"66":"3"},"VP":{"FJ":"3"},"WQ":{"79":"3"},"4P":{"V5":"3"},"PX":{"XQ":"3"},"XW":{"CR":"3"},"XX":{"98":"3","99":"3","9C":"3","C3":"3","9M":"3"}},"FP":{"9X":{"W9":"3"},"WQ":{"R2":"3","R3":"3"},"XG":{"R7":"3"},"CX":{"JC":"3","V6":"3","6R":"3","W7":"3"},"WP":{"QX":"3"},"FW":{"FR":"3"}},"R9":{"6X":{"JX":"3"},"VP":{"9R":"3"},"5V":{"5G":"3"}},"RQ":{"GV":{"FF":"3"},"PP":{"GJ":"3"},"VJ":{"RM":"3","PM":"3","QM":"3"}},"VV":{"2W":{"4C":"3","4F":"3"}},"XC":{"3X":{"WR":"3","JP":"3","WQ":"3","WC":"3","WH":"3","MP":"3","V8":"3","WF":"3"},"4X":{"4P":"6","4M":"6"},"3W":{"QX":"3"}},"FW":{"MF":{"8F":"3"},"JC":{"J7":"3","CG":"3","FF":"3","GH":"3","CH":"3","FH":"3","FG":"3","CF":"3","GF":"3","GG":"3"},"JQ":{"W2":"3"},"M2":{"QW":"3","RX":"3","QX":"3","JV":"3"},"PW":{"G6":"3","H5":"3","H6":"3","F7":"3","G7":"3","G5":"3","F5":"3","F6":"3"},"M9":{"MJ":"3","JP":"3","MM":"3","JM":"3","JJ":"3","MP":"3","PM":"3","PP":"3"},"XV":{"4G":"3","5W":"3","4H":"3","6W":"3","5H":"3","6V":"3","5G":"3"},"XP":{"W5":"3","V6":"3","W6":"3","V5":"3"},"MP":{"WM":"6","VM":"6","RC":"3"},"JP":{"WX":"3","VX":"3"},"W7":{"J6":"3"},"G9":{"75":"3","VM":"3","RP":"3","WX":"3","MQ":"3","CW":"3","RM":"3","FM":"3","7V":"3","VP":"3","9R":"3","PM":"3","85":"3","74":"3","5R":"3","QR":"3","9V":"3","8R":"3","VX":"3","VW":"3"},"PR":{"45":"3","QC":"3","54":"3","22":"3","39":"3","2F":"3","38":"6|3","35":"3","37":"3","33":"3|6","32":"3","25":"3","34":"6|3","2C":"3","24":"6|3","26":"3"},"G8":{"JW":"3"},"6G":{"HJ":"3"},"H8":{"43":"3","FX":"3","FW":"3"},"MJ":{"FG":"3"},"R6":{"MC":"3","73":"3","F4":"3","95":"3"},"H9":{"GG":"3","HH":"3","HJ":"3","GJ":"3","GH":"3","HG":"3"},"C9":{"58":"6","46":"3"},"P9":{"65":"3"},"JX":{"WM":"3"},"HM":{"24":"3"},"J9":{"49":"3"},"MR":{"X9":"3","GP":"3","WC":"3","QP":"3","J4":"3","H3":"3","P8":"3","X5":"3","P4":"3","M9":"3","PW":"3","J3":"3","XC":"3","FP":"3","WW":"3","Q4":"3","M8":"6|3","P9":"3","J9":"3","QM":"3","M4":"3","M3":"3","M5":"3","J5":"3","Q3":"3","PV":"3","P7":"3","P5":"3","P3":"3","J8":"6|3","PP":"3","PM":"3"},"M3":{"Q2":"3","P2":"3"},"72":{"WJ":"3","WM":"3","XJ":"3","XM":"3"},"MC":{"HF":"3","GC":"3","HC":"3","GF":"3","FC":"3","G9":"3","FW":"3"},"PV":{"GH":"3"},"MQ":{"67":"3","JF":"3","CW":"3","44":"3","HF":"3","HG":"3","GJ":"3","34":"3","HP":"3"},"HV":{"6H":"3"},"F4":{"WR":"3","VR":"3"},"GC":{"33":"3","W6":"3","34":"3"}},"9W":{"JC":{"QR":"3","QP":"3","JQ":"3","QW":"3","RX":"3","X3":"3","QX":"3","QV":"3","VQ":"3"},"HH":{"36":"3","37":"3","27":"3","26":"3"},"GM":{"MC":"3"},"Q7":{"MC":"3"},"M9":{"6V":"3","5X":"3","7X":"3","G5":"6","J4":"3","7R":"3","F5":"3","6W":"3","7V":"3","G4":"6","4X":"3","5W":"3","H5":"3"},"MC":{"5F":"3","62":"3","64":"3"},"MF":{"22":"3"},"JF":{"M4":"3","H4":"3","H3":"3","92":"3","M2":"3","J4":"3","P2":"3"},"W4":{"7P":"3"}},"FV":{"JP":{"G7":"3"},"XQ":{"P5":"3"},"XH":{"59":"3"},"FX":{"3V":"3"},"CV":{"8F":"3","8G":"3"},"3M":{"M4":"3","M5":"3"},"RV":{"VX":"3"},"4Q":{"WJ":"3","VP":"3","XG":"3","WH":"6|3","WF":"3"},"XP":{"M6":"3","M9":"6","J8":"6","M8":"6|3","J9":"6"},"W2":{"33":"3"},"RW":{"W2":"3","V2":"3"},"WQ":{"3R":"3"},"HP":{"78":"6"},"CX":{"F8":"3","CJ":"3","C4":"3","84":"6"},"X7":{"F4":"3","QM":"3","QJ":"3","RJ":"3"},"WP":{"C6":"3"},"HG":{"WH":"3","RJ":"3"},"CW":{"VF":"3","GM":"3","CP":"3","FM":"6","9P":"3","WH":"3","CQ":"3","PH":"3"},"GQ":{"R8":"3"},"W4":{"HC":"3"},"3J":{"JW":"6","PW":"3|6","QW":"3","PX":"3","QX":"3"}},"RP":{"WG":{"2V":"3"},"W9":{"H2":"3","93":"3"},"R5":{"4P":"3","2J":"3","4M":"3"},"XX":{"X9":"3","X7":"3","X8":"3"},"W8":{"MH":"3","MM":"3","HX":"3","QM":"3","MG":"3","GX":"3","GP":"3"}},"JX":{"53":{"5R":"3","4W":"3"},"CM":{"WX":"3","4J":"3"},"C8":{"XC":"3"},"52":{"3F":"3","3G":"3","2X":"3","25":"3","2G":"3","39":"6","G6":"3","7H":"3","2P":"3","2H":"6","27":"3","26":"3","24":"3","2F":"3","JX":"3","MC":"3","G7":"3","PC":"3","6G":"3","2C":"3","23":"3","H7":"3","29":"3","F4":"6","3H":"3"},"68":{"XW":"3"},"43":{"M8":"3","45":"3","JF":"3","JC":"3","Q6":"3","R4":"3","J9":"3","8W":"3","FM":"3","MC":"3","G9":"3","V4":"3","HC":"3","55":"3","GH":"3","Q5":"3","FJ":"3","HF":"3","HG":"3","9V":"3","P6":"3"},"JF":{"RJ":"3"},"33":{"M9":"3","93":"3"},"62":{"53":"3","63":"3"},"69":{"88":"3"},"63":{"7P":"3"},"44":{"73":"3","63":"3"},"4W":{"MV":"3"},"G8":{"GQ":"3"},"34":{"PC":"3"},"JJ":{"92":"3","82":"3"},"65":{"8X":"3"},"49":{"JV":"3"},"66":{"82":"3"},"39":{"6M":"3","F7":"3","G5":"3"},"HC":{"Q5":"3"},"42":{"M3":"3","C2":"3","4X":"3","R4":"3","QW":"3","5V":"3|6","WF":"3","J2":"3","Q2":"3","J5":"3","82":"3","92":"3","QX":"3","J3":"3","QG":"3","P2":"3","JP":"3","R2":"3","5F":"3","X7":"6","P3":"3","4W":"3","V2":"3","XW":"3","6W":"3","42":"3","FC":"3","QJ":"3|6","JM":"3","XJ":"6","4R":"3","PH":"3","G3":"6","4V":"3","XX":"3","HG":"3","QH":"3","5X":"3","M6":"3","H3":"6|3","5R":"3","WG":"3","6R":"3","MQ":"3","5W":"3","6V":"3|6","XC":"3","XF":"3","F2":"6","RJ":"3","GC":"3","MR":"3"},"38":{"WV":"3"},"CP":{"V3":"3","R2":"3","W2":"3","V2":"3","R3":"3","J8":"6","W3":"3"},"24":{"WV":"3"},"29":{"FJ":"3","3P":"3","7G":"3"},"32":{"H2":"3"}},"RJ":{"RW":{"CJ":"3","FJ":"3","JF":"3","CH":"3"},"PP":{"73":"3"},"XM":{"CR":"3"},"X5":{"W9":"3"},"PM":{"8Q":"3","6R":"3"},"CP":{"HP":"3"},"MW":{"XH":"3"},"PW":{"2F":"3"},"XP":{"37":"3"},"QW":{"VQ":"3"}},"GP":{"VG":{"CX":"3"},"WJ":{"XW":"3","P7":"3"},"HR":{"F2":"3","G2":"3"},"PP":{"8G":"3","J8":"3","C8":"3","32":"3","J9":"3"},"MQ":{"5R":"3","25":"3","2H":"3","24":"3","93":"3","92":"3","29":"3","5V":"3","2J":"3"},"FP":{"F2":"3","C2":"3","F3":"3"},"HQ":{"M4":"3","F2":"3","R4":"3","X6":"3","G3":"3","X7":"3","W6":"3","J4":"3","GX":"3"},"QF":{"87":"3","96":"3","86":"3","JF":"3","JV":"3","JC":"3","97":"3","MF":"3","J9":"3","MC":"3","G9":"3","CJ":"3","H9":"3","HC":"3","CP":"3","CM":"3","GC":"3","CH":"3","FQ":"3","PC":"3"},"GP":{"J5":"3","P6":"3"},"FM":{"FX":"3","CX":"3","GX":"3"},"MP":{"Q8":"3","G8":"3","G7":"3","M8":"3","J8":"3","JC":"3","JG":"3","P5":"3","H7":"3","7R":"3","Q4":"3","J7":"3","J9":"3","J6":"3","MC":"3","W3":"3","H9":"3","H8":"3","P8":"3","M7":"3","HC":"3","M6":"3","Q7":"3","JH":"3","WM":"3","Q5":"3|6","M9":"3","P4":"3","FX":"3","P7":"3","M5":"3","H6":"3","8V":"3","HG":"3","P9":"3","X2":"3","8R":"3","P6":"3"},"QM":{"8J":"3"},"JQ":{"47":"3","V6":"3","W4":"3","9C":"3","68":"3","X6":"3","P8":"3","58":"3","X5":"3","88":"3","57":"3","M9":"3","37":"3","JP":"3","27":"3","69":"3","36":"3","5C":"3","G9":"3","99":"3","X4":"3","F9":"3","78":"3","H8":"3","M8":"3","79":"3","48":"3","R6":"3","H9":"3","C9":"3","49":"3","59":"3","46":"3","J9":"3","39":"3","HC":"3","W5":"3","9G":"3","MC":"3","6C":"3","38":"6|3","W6":"3","29":"3","J8":"3","26":"3","2F":"3","R7":"3","89":"3"},"PM":{"XF":"3","5X":"3","WF":"3","6X":"3","X9":"3","MM":"3","9W":"3","8W":"3","MP":"3","6W":"3","JQ":"3","XC":"3","PM":"3","QJ":"3","4X":"3","WC":"3","8V":"3","5W":"3","9V":"3","JP":"3","GX":"3","JM":"3"},"VH":{"96":"3","75":"3","VQ":"3","97":"3","XQ":"3","95":"3","C8":"3","C3":"3","C4":"3","94":"3","WR":"3","F8":"3","98":"3","C6":"3","84":"3"},"XJ":{"3X":"3","5X":"3","5W":"3","4W":"3"},"QJ":{"38":"3"},"PQ":{"3G":"6","3H":"3"},"GM":{"FR":"3"},"6C":{"X8":"3"},"7C":{"38":"3","28":"3"},"WH":{"2Q":"3","5Q":"3"},"FJ":{"RM":"3"},"QG":{"2X":"3","3V":"3","3X":"3","Q2":"3","Q4":"3","P2":"3","3W":"3","4V":"3","2V":"3","4X":"3","4W":"3","2W":"3"},"PH":{"X9":"3"},"FH":{"Q3":"3","R5":"3"},"FG":{"RX":"3","R6":"3"},"GJ":{"3J":"3"},"RG":{"8M":"3"},"HP":{"9X":"3","3M":"3","3P":"3","6V":"3"}},"PG":{"42":{"92":"3"},"32":{"35":"3","25":"3","26":"3","46":"3"}},"WJ":{"97":{"GR":"3"},"V6":{"2C":"3"},"FM":{"FR":"3"},"QQ":{"F3":"3"}},"WC":{"R2":{"HW":"3"},"J7":{"M5":"3"},"R3":{"G6":"3","C5":"3","C6":"3","G5":"3","F5":"3","F6":"6"},"XW":{"QX":"3"},"J6":{"7J":"3"},"CH":{"FJ":"3"},"P3":{"9G":"3"}},"QX":{"H2":{"2H":"3"},"PP":{"FQ":"3","FR":"3","GV":"3","5V":"3","P4":"3"},"MH":{"F8":"3","F7":"3","85":"3","JJ":"3","9F":"6","9G":"6"},"C2":{"W8":"3","QC":"3","F2":"3","V7":"3","Q4":"3","QF":"3","92":"3","C3":"3","M2":"6","C2":"3","7P":"3","P4":"3","V8":"3","RF":"3","RC":"3","W7":"3"},"QP":{"RP":"3","G7":"3","C5":"3","H7":"3","5F":"6","64":"3","F5":"3","95":"3","G6":"6","46":"6","F6":"3","GG":"3"},"QW":{"XR":"6"},"8R":{"5R":"3"},"PR":{"4C":"3","J8":"3","6F":"3","6C":"3","4F":"3"},"G2":{"7R":"3","8R":"3","2M":"3","FW":"3"},"57":{"HQ":"6"},"RQ":{"HQ":"3","8R":"3","8Q":"3","9R":"3"},"C5":{"R9":"6","V8":"3"},"MW":{"GC":"3"},"QQ":{"HQ":"3","HH":"3","9X":"3","JR":"3","JQ":"3","8X":"3","5W":"3","5V":"3","JG":"3"},"8V":{"43":"3","42":"3"},"CV":{"8C":"3","MP":"3"},"QG":{"JR":"3","JV":"3","HR":"3","HV":"3"},"MP":{"MH":"3","H8":"3","C2":"3","GR":"6","H9":"6","7W":"3","C5":"3","G7":"3","F4":"3","8X":"3","94":"3","G6":"3","MJ":"3","C3":"3","H5":"3","6W":"3","GF":"3","F3":"3","G8":"3","9X":"3","MX":"3","98":"3","PH":"3","69":"3","G9":"6","F9":"3","HF":"3|6","QR":"3","C9":"6","7X":"3","3F":"3","M8":"6|3","44":"3","JF":"3","CC":"6","HC":"3|6","F6":"3","F2":"3","GC":"3","8W":"3"},"F5":{"22":"3"},"RP":{"8P":"3","8J":"3","8M":"3","8H":"3","9P":"3","9M":"3"},"VQ":{"V6":"3","57":"3"},"JP":{"WJ":"3","P8":"3","FJ":"3","79":"6","Q3":"3","FM":"3","R3":"3","HG":"3","VG":"3"},"MM":{"8R":"3","FJ":"3","7G":"3","QP":"3","8Q":"3","W4":"3","FH":"3","9C":"6","HJ":"3","HP":"3|6","QV":"3","8P":"3","GR":"3","JM":"3","9V":"3","8M":"6|3","MP":"3","27":"3","PQ":"3","G4":"6","7Q":"3","36":"3","VJ":"3","RH":"3","73":"3","FM":"6","PR":"3","F5":"3","96":"3","FP":"3","FR":"3","QQ":"3","8H":"3","MJ":"3","PH":"3","79":"6","XQ":"3","R8":"3","9J":"3","54":"3","9M":"3","VM":"3","MR":"3","MH":"3","QM":"3","9G":"6|3","XF":"3","98":"3","8F":"3","GJ":"3","HH":"3","8C":"6","GG":"3","CH":"3","MQ":"3","9H":"6|3","28":"3","PC":"3","CP":"3","G3":"3","29":"3","MM":"3","CV":"3","9R":"6","8W":"3","7P":"3","6V":"3","7R":"3","C3":"3","F4":"3","PM":"3","8V":"3","32":"3"},"JJ":{"9Q":"3","PR":"3","9R":"3","PV":"3","XW":"3","5V":"3","5R":"3","QR":"3","PH":"3","5W":"3","XV":"3"},"W3":{"W8":"3"},"X4":{"R7":"3"},"VV":{"WR":"3"},"MG":{"9Q":"3","FV":"3","Q3":"3","M6":"3","HP":"3","QW":"3","P6":"3"},"QV":{"Q4":"3","4V":"3","P8":"3","Q2":"3","VC":"3","FP":"3","95":"3","Q5":"3","P7":"3","GP":"3"},"6X":{"JW":"3","M5":"3"},"9R":{"CR":"3","9R":"3","9Q":"3","CQ":"3"},"F4":{"2X":"3"},"V4":{"MH":"3"},"8X":{"HJ":"3","HM":"3"},"PJ":{"3X":"3","H5":"6","8X":"3","HG":"6"},"XG":{"3F":"3","4C":"3","4F":"3"},"QM":{"4V":"3","X4":"3","5W":"3","6W":"3","PQ":"3"},"FQ":{"FX":"3","GX":"3"},"MJ":{"F3":"3","2J":"3","88":"6","3Q":"3","5J":"3","FM":"3","FP":"3","CW":"3","2R":"3","RP":"3","FV":"3","C7":"3","GX":"3","9F":"3","JR":"3","5V":"3","HX":"3","F6":"3","MX":"3","G3":"3","MV":"3","6V":"3","F4":"3","C6":"3","89":"6"},"HQ":{"67":"3","77":"3"},"C3":{"RP":"3","PP":"3","QP":"3","RM":"3","J4":"3","M4":"3","J6":"3","MP":"3","QM":"3","J5":"3","QJ":"3","M5":"3","H6":"3","H4":"3","H5":"3"},"JR":{"W7":"3"},"QJ":{"WX":"3","FH":"3"},"JM":{"28":"3","XC":"3","39":"3","X8":"3","WC":"3","WG":"3","24":"3"},"2W":{"8H":"3","9G":"3"},"PQ":{"CM":"3","VV":"3","CJ":"3","RV":"3","9J":"3","4G":"3","WW":"3","JQ":"3","VW":"3","4F":"3"},"PH":{"WG":"3"},"HM":{"X7":"3","W4":"3"},"VR":{"JH":"3"},"QH":{"8P":"3","8Q":"3","9P":"3","9Q":"3","9M":"3"},"FR":{"F2":"3","G3":"3","4Q":"3","G2":"3","5Q":"3","F3":"3"},"H3":{"28":"3"},"JG":{"XQ":"3"},"QR":{"33":"3","C4":"3","96":"3","86":"3","82":"3","F6":"3"},"9Q":{"H9":"3","G8":"3","Q4":"3","H8":"3","9X":"3","CV":"3","GC":"3","CX":"3","Q3":"3","G7":"3","F9":"3","H7":"3","FC":"3","CW":"3","R5":"3","FW":"3","G9":"3","P4":"3","FV":"3","P3":"3"},"7X":{"HJ":"3","JH":"3","MP":"3","9R":"3","2J":"3"},"RH":{"48":"3","7V":"3","QV":"3","9M":"3","FV":"3"},"MQ":{"WV":"3","G8":"6","G3":"6","F7":"6","V5":"3","92":"3","G9":"6","83":"3","C3":"3","V4":"3","M2":"3","C2":"3","7P":"3","8P":"3","82":"3","93":"3","72":"3"},"HH":{"FP":"3"},"RC":{"JF":"3","28":"6","63":"3|6","MF":"3","64":"3","PF":"3","73":"6"},"7R":{"QR":"3","W5":"3"},"JW":{"R6":"3"},"PM":{"QF":"3","HP":"3","QC":"3","GQ":"3","RX":"3","GR":"3","7Q":"3","6P":"3","FM":"3","F5":"3","FP":"3","FR":"3","F9":"3","6M":"3","5P":"3","C7":"3","2Q":"3","J9":"3","VW":"3","HR":"3","RW":"3","6Q":"3","7P":"3","VX":"3","FC":"3","GM":"3","F4":"3","C6":"3","Q9":"3"},"CR":{"FX":"3","GW":"3","GX":"3"},"JV":{"RW":"3"},"XP":{"99":"3","55":"3","22":"3"},"MF":{"RV":"3","XP":"3","WM":"3","XJ":"3","XM":"3"},"HX":{"VR":"3","VQ":"3"},"HP":{"MW":"3","PV":"3","MV":"3"},"F2":{"47":"3","MG":"3","WP":"3","JG":"3","JC":"3","VP":"3","H9":"3","48":"3","46":"3","HC":"3","MH":"3","68":"3","57":"3","58":"3","26":"3","56":"3"},"RJ":{"XR":"3"},"8W":{"CV":"3"},"MR":{"8F":"3","J2":"6","VJ":"3","F5":"3","RH":"3","RJ":"3","VH":"3","9F":"3","9C":"3"},"RF":{"25":"6","XG":"3"}},"RW":{"WJ":{"35":"3","27":"3"},"VJ":{"V9":"3","Q9":"3","R8":"3","R9":"3","QC":"3","V8":"3","W4":"3","RC":"3"},"RH":{"7J":"3"},"VH":{"WJ":"3","WQ":"6","PW":"3","XF":"3","VH":"3","VJ":"3"},"XJ":{"MC":"3","FC":"3"},"WC":{"88":"3"},"8M":{"33":"3"},"XH":{"8F":"3","9F":"3","9G":"3"},"WH":{"VM":"6","4M":"3","W5":"3","49":"3","MP":"3","VP":"6","X5":"3","48":"3","GQ":"3","4C":"3","3H":"3","MH":"3","GH":"3","MR":"3","7C":"3","57":"3","3J":"3","58":"3","GJ":"3","2C":"3"},"XG":{"3V":"3"},"WG":{"MJ":"3","CP":"3"}},"FQ":{"67":{"GR":"3","FR":"3","FW":"3","FV":"3","HV":"3"},"3P":{"Q3":"6"},"4M":{"53":"3","52":"3","68":"3","43":"3","33":"3","3G":"3","22":"3","86":"3","69":"3","7F":"3","73":"3","44":"3","48":"3","F2":"3","39":"3","3C":"3","74":"3","76":"3","42":"3","45":"3","38":"3","H5":"3","29":"3","2F":"3","32":"3"},"76":{"H6":"3","Q6":"3","R6":"3","64":"3"},"3M":{"3Q":"3","7W":"3","GV":"3","8X":"3","GW":"3","VJ":"3","QP":"3","9X":"3","RM":"3","9W":"3","3M":"3","MV":"3","HV":"3","2J":"3","HW":"3","MR":"3","2G":"3","WH":"3","PW":"3","XG":"3","4H":"3"},"92":{"QP":"3"},"85":{"5J":"3","4J":"3","5C":"3","25":"3"},"5M":{"X4":"3"},"QJ":{"CM":"3","GR":"3","FR":"3","6F":"3","FV":"3"},"RQ":{"2M":"6"},"74":{"MG":"3"},"68":{"75":"3","28":"3","69":"3","49":"3","C4":"3","48":"3","85":"3","4C":"3","29":"3","38":"3","93":"3","84":"3"},"6C":{"RR":"3"},"3J":{"WX":"3","WV":"3","WW":"3","VX":"3","VW":"3","XX":"3"},"4J":{"CM":"3","9C":"3","CG":"3","G4":"3","FM":"3","FP":"3","FR":"3","F9":"3","CC":"3","CF":"3","FF":"3","C9":"3","9M":"3","93":"3","2X":"3","72":"3","GG":"3","CQ":"3","9X":"3","4X":"3","CP":"3","GF":"3","CV":"3","9R":"3","8W":"3","FC":"3","83":"3","GC":"3","8V":"3","FG":"3","FQ":"3","84":"3"},"2M":{"WJ":"3","C8":"3","VH":"3","VJ":"3"},"59":{"75":"3"}},"VJ":{"JC":{"5V":"3","CG":"3"},"49":{"9H":"3"},"G4":{"7X":"3"},"J5":{"GR":"3"},"WW":{"MX":"3"},"Q9":{"36":"3","27":"3","38":"3","29":"3","46":"3","28":"3"},"27":{"G6":"3","H6":"3","MF":"3","C6":"3"},"M9":{"G7":"3","F9":"3","FC":"3"},"V2":{"GW":"3","VW":"3"},"PC":{"PW":"3","MR":"3"},"4C":{"MH":"3"},"73":{"C7":"3"},"72":{"MP":"3"},"63":{"6P":"3","9P":"3","M5":"3","9M":"3"},"W9":{"Q5":"3"},"JF":{"26":"3"},"G5":{"47":"3","QJ":"3","68":"3","CG":"3","JF":"3","MF":"3","MG":"3","56":"3","75":"3","67":"3","78":"3","65":"3","PH":"3","FF":"3","PG":"3","54":"3","MH":"3","QM":"3","72":"3","8F":"3","45":"3","GF":"3"},"P9":{"R9":"3","HM":"3","5X":"3","W6":"3","HJ":"3","W2":"3","X8":"3","MV":"3","M6":"3","V9":"3","R6":"3","V8":"3","GJ":"3","X7":"3","JM":"3"},"F5":{"PG":"3","XR":"3","V7":"3","QF":"3","WQ":"3","WR":"3","QW":"3"},"J9":{"X6":"3","W6":"3"}},"JR":{"8C":{"2Q":"3","3Q":"3"}},"QG":{"WX":{"X8":"3"},"JW":{"2X":"3"},"HX":{"X2":"3"},"HV":{"QV":"3"},"JX":{"23":"3"},"PX":{"WC":"3"},"QX":{"GM":"3","PV":"3","RX":"3","QX":"6|3","JV":"3","HR":"3"}},"GW":{"MJ":{"GV":"3","JF":"3","HJ":"3","QV":"3","PV":"3","FX":"3","FH":"3","FG":"3","GJ":"3","FC":"3"},"WF":{"XR":"3","WV":"3","RV":"3"},"3R":{"X7":"3","X8":"3"},"HR":{"93":"3"},"V2":{"H9":"3","J7":"3"},"C5":{"38":"3"},"6X":{"GR":"3"},"MM":{"G3":"3","X2":"3","C3":"6","3C":"3","F3":"6|3"},"HQ":{"4X":"3"},"9G":{"93":"6|3"},"P2":{"HX":"3","GX":"3"},"WQ":{"Q4":"3"},"3M":{"2W":"3","2V":"3"},"FF":{"3G":"3","4G":"3","2C":"3","7P":"3","4F":"3","3C":"3"},"4R":{"QH":"6","27":"3","28":"3","X9":"6","97":"6","RH":"6","H8":"3|6","H9":"3","G4":"6","J5":"6|3","QJ":"6","P7":"3","WG":"3","C6":"6","26":"3"},"X8":{"H2":"3","H3":"3"},"9R":{"QG":"6"},"PM":{"H4":"3","99":"6","82":"3"},"JJ":{"72":"3","82":"3"},"X4":{"WW":"3"},"P3":{"G2":"6"},"5R":{"2Q":"3","6Q":"3","5Q":"3","2R":"3"},"XH":{"4J":"3","44":"3","3M":"3","2P":"3","4F":"3","3J":"3"},"WH":{"VF":"3","VC":"3","R9":"3"},"4J":{"57":"3"},"FH":{"FP":"3"},"XP":{"3M":"3","P8":"3","J5":"3","Q7":"3","M6":"3","VX":"3","P6":"3","P7":"3"},"XG":{"R4":"3"},"C7":{"MP":"3"}},"VM":{"V7":{"9Q":"3"},"C8":{"R7":"3"}},"FR":{"53":{"XP":"3"},"C8":{"3R":"3"},"V6":{"W5":"3","X4":"3","X5":"3","7M":"3","W4":"3"},"HJ":{"4C":"3"},"X6":{"H9":"3"},"X5":{"MM":"3"},"MG":{"Q8":"3"},"WX":{"JM":"3"},"FM":{"9V":"3","CR":"3"},"FP":{"F3":"3"},"67":{"Q8":"3","VM":"3","RP":"3","VC":"3|6","Q9":"3","WF":"3","WX":"6","QP":"3","RM":"6","QF":"3","VP":"6","MH":"3","XX":"6","VF":"3","XH":"6|3","RF":"3","XV":"3","WG":"3","8H":"3"},"78":{"54":"3","66":"3","67":"6","46":"3","56":"3","77":"6"},"V9":{"PX":"3","MR":"3"},"C7":{"XJ":"3"},"PH":{"23":"6","22":"6"},"PG":{"4V":"3","4Q":"3","5M":"3","4P":"3","3C":"3"},"HC":{"QP":"3","P2":"3"},"M5":{"PR":"3"},"77":{"PX":"3","MF":"3","GR":"3","PW":"3","PR":"3","M8":"3","7J":"3","J7":"3","87":"3","39":"3","M4":"3","PV":"3","P3":"6","J8":"3","VV":"3","P2":"6","4Q":"3","M7":"3","4P":"3"},"C2":{"VV":"3"},"76":{"7W":"3","3X":"6"},"XX":{"RH":"3","RG":"3"},"X7":{"R8":"3"},"P7":{"V7":"3"},"W6":{"XQ":"3","WM":"3","VQ":"3"},"VX":{"QG":"3"},"89":{"FX":"3"}},"JW":{"WV":{"4J":"3"},"5X":{"VF":"3","RF":"3","2P":"3","2F":"6","2M":"3","HR":"3","2J":"3","HV":"3","3J":"3"},"G3":{"7Q":"3"},"52":{"7V":"3"},"3V":{"RX":"3"},"J7":{"JM":"3"},"7V":{"6M":"3","5F":"3","5C":"3","6J":"3","7J":"3","6F":"3","6C":"3","9M":"3"},"3W":{"V2":"3"},"M7":{"4Q":"3","3P":"3","4P":"3","3Q":"3"},"4X":{"XR":"3","H4":"3","PX":"3","QC":"3","WM":"6","JV":"3","CJ":"3","VJ":"3","G6":"3","QX":"3","CW":"3","CX":"3","XM":"3","RP":"3","H8":"3","M8":"3","VG":"3","PG":"3","VH":"3","C9":"3","H6":"3","JX":"6","XW":"3","9X":"3","MX":"6","P7":"3","J8":"3","JW":"3","VQ":"3","GM":"3","G5":"3","Q9":"3","PF":"3"},"7C":{"XF":"3"},"2W":{"52":"3"},"5W":{"2V":"3"}},"P8":{"8X":{"M5":"3"}},"9V":{"XR":{"43":"3","35":"3","54":"3","25":"3","C2":"3","45":"3","53":"3","34":"3","63":"3|6","65":"3","64":"3"},"WR":{"R6":"6"},"XQ":{"F8":"3","CV":"3","R8":"3","97":"3","Q8":"3","7X":"6|3","FW":"3","QJ":"3"},"XH":{"VX":"3"},"WQ":{"W2":"3","V2":"3"},"XJ":{"JW":"3","MW":"3","V2":"3"},"XM":{"GG":"3","H4":"3","CP":"3","H3":"3","FG":"3","J4":"3","J3":"3"}},"RX":{"FQ":{"PM":"3","QM":"3","MG":"3"},"GR":{"3F":"3","46":"3","56":"6","7G":"3"},"FR":{"X9":"3","MG":"3","RG":"3"},"2F":{"2F":"3"},"GF":{"QR":"3","4J":"3","PV":"3","MW":"3","4H":"3","PX":"3","QV":"3","5H":"3"}},"PP":{"43":{"5H":"3","5G":"3"}},"XW":{"V7":{"MF":"3"},"FX":{"8R":"3","GM":"3","HF":"3","9X":"3","HC":"3","V6":"3"},"PJ":{"4W":"3"},"X2":{"24":"3"},"MR":{"PG":"3"},"PM":{"35":"3","72":"3"},"QJ":{"87":"3"},"RC":{"5R":"3","H8":"3","5Q":"3"}},"HV":{"VQ":{"69":"3","57":"3","77":"3"},"VM":{"HW":"6|3","CG":"3","GQ":"3","6J":"3","GV":"3","PR":"3","6H":"3","FR":"3","FV":"3","7J":"3","GW":"3|6","GX":"3","JX":"3","HX":"6|3","CR":"3","FW":"3","6X":"3","CQ":"3","CV":"3","JW":"3","VQ":"3","FQ":"3"},"RP":{"67":"3","W8":"3","X9":"3","J6":"3","X8":"3","M6":"3","X4":"3","W9":"3","FG":"3","R5":"3","X7":"3"},"J2":{"92":"3"},"PP":{"HC":"3"},"WP":{"V9":"3","JW":"3","G6":"3","G4":"3","45":"3","93":"3","J8":"3","V5":"3","G5":"3","V4":"3","P6":"3","P5":"3"},"VJ":{"Q4":"3"},"QP":{"4F":"3"},"54":{"H6":"3","J7":"3","67":"3","H7":"3|6","J6":"3"},"V6":{"6M":"3","5J":"3","6J":"3"},"RM":{"WW":"3"},"R7":{"WJ":"3"},"5G":{"8J":"3","6P":"3","7M":"3","9R":"3","5P":"3","GQ":"3","FQ":"3","7P":"3","6M":"3"},"7M":{"7G":"3"},"XM":{"76":"3","64":"6|3"},"VP":{"F3":"3","J4":"3","HJ":"3","H4":"3","H3":"3|6","P4":"6|3","M9":"3","56":"3","37":"3","J3":"6|3","27":"3","G4":"3","36":"6","P6":"3","44":"3","MJ":"3","P9":"3","46":"3|6","MH":"3","64":"3","M4":"3","M3":"3","M5":"3","J5":"3","98":"3","MC":"3","Q3":"3","R4":"3","45":"3|6","H2":"3","P5":"3","H5":"3","P3":"3","R9":"3","J2":"3","Q8":"3","G5":"3","C4":"3","Q9":"3|6","84":"6"},"GQ":{"M4":"3","M7":"3"},"35":{"F2":"3"},"53":{"MX":"3"},"6M":{"V9":"3","9X":"6","9W":"6","W7":"3","XC":"3","V8":"3","W8":"3"},"WM":{"FX":"3","JJ":"6","9C":"3"},"WH":{"4H":"3"},"P7":{"CM":"3","FF":"3","CJ":"3","FJ":"3","FG":"3","FH":"3","CG":"3","CH":"3"},"8V":{"2P":"3"},"XP":{"X6":"3","W6":"3"},"R5":{"6M":"3","5J":"3","5M":"3","6J":"3"}},"MR":{"RW":{"PW":"3"},"F3":{"H4":"3","G4":"3","G3":"3","H3":"3"},"P5":{"X6":"3","X7":"3","W7":"3","X5":"3"},"P2":{"P8":"3","J7":"3","G7":"3","G9":"3","J6":"3"},"J9":{"P5":"3|6","QF":"3","M7":"3","M6":"3","Q5":"3|6","P4":"3","RF":"3","RC":"3","P6":"3"},"69":{"H3":"3"},"RX":{"H9":"3","8F":"3","H3":"3"},"Q5":{"HR":"3","HV":"3"},"P6":{"V7":"3"}},"MV":{"54":{"7F":"3","8F":"3","7H":"3","MC":"3","FH":"3","7G":"3"},"FR":{"27":"3"}},"CR":{"H9":{"72":"3"},"H8":{"HJ":"3","JH":"3","MF":"3","JJ":"3","MG":"3","JG":"3"},"W2":{"MH":"3"},"8H":{"3G":"3"},"R3":{"Q5":"3"},"7J":{"9X":"3"},"6Q":{"MC":"3"},"7M":{"C5":"3"},"FC":{"3V":"3","3R":"3"},"W4":{"6C":"3","57":"6"}},"HX":{"WX":{"HQ":"3","C9":"3","FX":"3","J5":"3|6","MW":"3","PX":"3","CX":"3","PC":"3","J4":"3","MX":"3","VQ":"6"},"7F":{"XP":"3","WH":"3"},"WW":{"R4":"3","Q4":"3","R5":"3"},"Q9":{"MF":"3"},"7C":{"M5":"3"},"45":{"M3":"3"},"X4":{"MW":"3"},"VX":{"H5":"3","C8":"3"},"53":{"48":"3","78":"3","42":"3","55":"3","57":"3","47":"3"},"R3":{"37":"3"},"6G":{"F4":"3","F3":"3"},"X5":{"9P":"3"},"6F":{"7X":"3"},"R7":{"69":"3","28":"6","5G":"3"},"F4":{"8Q":"3"},"4M":{"RG":"3"},"XX":{"CR":"3","9R":"3"}},"XF":{"45":{"JV":"3"},"52":{"H2":"3","G3":"3","H3":"3","G2":"3"},"22":{"WR":"6","9X":"3","PR":"3"},"44":{"93":"3"},"CJ":{"JF":"3","JC":"3","JG":"3","G5":"3","G4":"3","HC":"3","H4":"3","H5":"3"},"CH":{"FX":"3","GW":"3","FW":"3","GX":"3"},"33":{"XF":"3","W6":"3","H3":"3","W8":"3","F3":"6|3","W5":"3","XC":"3","FF":"3","W4":"3","H2":"3","XH":"3","W9":"3","H4":"3","XG":"3","W7":"3"},"32":{"8R":"3","V2":"3","9V":"3","PW":"3","9P":"3","X4":"6","V3":"3","9Q":"3","FR":"3","9W":"3","FV":"6","MJ":"3","MR":"3","9X":"3","7W":"3","9R":"3","8W":"3","JW":"3","GC":"3","8V":"6"},"42":{"CJ":"3","Q8":"6","57":"3"},"43":{"7R":"3","8Q":"3","7Q":"3"}},"QJ":{"V3":{"6X":"3"},"Q3":{"7V":"3","6V":"3"},"V4":{"64":"3"},"F3":{"MH":"3","PH":"3"}},"MG":{"M8":{"C2":"3","G3":"3","Q2":"3","92":"3","G2":"3","M2":"3","P2":"3"},"45":{"62":"3"},"27":{"GM":"3","VV":"3","PR":"3","MQ":"3","4P":"3","FM":"3","PQ":"3","MP":"3"},"J8":{"X6":"3"},"F7":{"GG":"3","JP":"3","QH":"3","JM":"3"},"28":{"X7":"3","W3":"3"},"5G":{"FC":"3"},"F5":{"CV":"3","CR":"3"},"39":{"96":"3","92":"3","C9":"3","Q7":"3","C6":"3","FC":"3","C7":"3"},"X5":{"VF":"3"},"M7":{"HW":"3"},"48":{"P6":"3"},"6G":{"FX":"3"},"HC":{"PF":"3"},"38":{"9Q":"3","62":"3","8F":"3","5G":"3","7R":"3","63":"3","J9":"3","8W":"3","9R":"3","H9":"3","6G":"3","8Q":"3","6H":"3","5H":"3","53":"3","23":"3","73":"3","8V":"3","5C":"3","42":"3","8R":"3"},"F8":{"X4":"3"},"CH":{"Q9":"3","QC":"3","J7":"3","J6":"3","36":"3","PF":"3","PC":"3","P9":"3","WG":"3"},"37":{"6P":"3","5X":"3"},"57":{"5P":"3"},"FG":{"QQ":"3"},"X2":{"FR":"3","J4":"3"},"GG":{"39":"3"}},"QR":{"FJ":{"X2":"3"},"GP":{"Q4":"3","Q5":"3","P4":"3","P5":"3"},"QP":{"8C":"3","HJ":"3","FF":"6","79":"3","7C":"3","78":"3","GF":"6","68":"3","JG":"3"},"HJ":{"35":"6","25":"6","88":"3"},"GQ":{"HH":"6","HC":"3","P2":"3"},"HG":{"2X":"3","93":"3","92":"3","72":"3","63":"3","F4":"3","82":"3","C3":"3","F3":"3"},"37":{"76":"3"},"RJ":{"4W":"3"},"36":{"PH":"3"},"G9":{"CX":"3"},"G8":{"2R":"3"},"JJ":{"42":"3"},"V9":{"QG":"3","RG":"3"},"JG":{"45":"3"},"Q6":{"R5":"3"},"R5":{"M2":"3"},"GJ":{"8J":"3","MM":"3","83":"3","Q5":"3"},"HH":{"5J":"3","G3":"3","F3":"3","JW":"3","F5":"3","77":"3","HV":"3","GQ":"3","PX":"3","MW":"3","57":"3","PW":"3","MX":"3"},"GG":{"RQ":"6","WX":"3","QR":"3","MJ":"3","JW":"6","WJ":"3","X4":"3","QW":"3","GV":"3","RX":"6","QQ":"6|3","QV":"3","XF":"6","XC":"3","VJ":"3|6"},"RC":{"P2":"3","P3":"3"},"HF":{"7W":"3","2X":"6|3","GR":"3","3V":"3","JM":"3","PM":"3"},"GF":{"PG":"3","PF":"6","66":"3","XW":"3","VH":"3","65":"3","QG":"3","RG":"3"},"GH":{"QR":"3","Q9":"3","PV":"3","MW":"3","PW":"3","PR":"3","Q8":"3","Q3":"3","MV":"3","P5":"3"},"GM":{"63":"3"},"F8":{"WR":"3","7F":"3","WV":"3"}},"JV":{"Q9":{"93":"3"},"PG":{"M3":"3","J3":"3"},"J2":{"V7":"3","X5":"6|3","W6":"3","W3":"3","W8":"3"},"QC":{"8Q":"3","C8":"3","FH":"3","HP":"3","8P":"3","8M":"3","FR":"3","9W":"6","CC":"3","CF":"3","FF":"3","6W":"6","JG":"3","59":"6|3","HM":"3","9F":"3","7V":"6","GJ":"3","HH":"3","GG":"6|3","9H":"3","JH":"3","9X":"6","7W":"6","6V":"6","F8":"3","4C":"6","GC":"6","FG":"3|6"},"6P":{"C5":"3","C6":"3","F5":"3","F6":"3"},"QF":{"H4":"6"},"9W":{"7W":"3"},"69":{"FF":"3"},"F5":{"5J":"3","4G":"3","7G":"3","5G":"3","7H":"3","6G":"3","3H":"3","6H":"3","5H":"3","3J":"3","4J":"3","8H":"3","4H":"3"},"FM":{"63":"3"},"PF":{"WJ":"3"},"48":{"XR":"3"},"94":{"38":"3"},"5M":{"G5":"3","F5":"3"},"M2":{"26":"3"},"6H":{"M4":"3"},"VF":{"G5":"3"},"6M":{"GG":"3","HH":"6","HJ":"6","GJ":"3","F9":"3","FG":"3"},"4P":{"Q9":"6","XG":"3","XF":"6","WF":"6"},"5C":{"G6":"3","Q2":"3"},"2M":{"MJ":"3","JP":"3","MM":"3","HP":"3","JM":"3","JJ":"3"},"4H":{"Q9":"3"},"HP":{"CX":"6","CW":"3"},"59":{"RP":"3","VP":"3","VM":"3"}},"XM":{"3G":{"V8":"3"},"3P":{"2W":"3"},"2J":{"V3":"3"}},"CQ":{"VX":{"X8":"3","W8":"3"}},"WP":{"2P":{"Q9":"3","Q8":"3","J7":"3","QC":"3","J6":"3","F6":"6"},"5G":{"VV":"3","WJ":"3","96":"3","VP":"3","85":"3","WM":"6","86":"3","VQ":"3"},"J4":{"7F":"3","3H":"3"},"R3":{"F2":"3","43":"3","C2":"3","33":"3","79":"3","92":"3","34":"3","C3":"3","F3":"3"},"P2":{"R9":"3","QC":"3","RC":"3"},"5F":{"JQ":"3","MQ":"3","Q5":"3","P4":"3","P5":"3"},"R2":{"5X":"3","CW":"3","9X":"3","CX":"3","4X":"3","FX":"3","GX":"3"},"J5":{"3J":"3"},"Q3":{"Q4":"3","Q3":"3"},"CH":{"FF":"3","6H":"3","MF":"3","9F":"3","J8":"3","4F":"3","7G":"3"},"HF":{"V2":"3","P3":"3"},"H4":{"R5":"3"},"2M":{"RV":"3"},"59":{"8C":"3"}},"W6":{"3R":{"W7":"3","W6":"3"}},"QW":{"FX":{"39":"3","4Q":"3","4P":"3","5Q":"3"},"9X":{"CP":"3","WV":"3"},"CX":{"7W":"3","FW":"3","GV":"3","8X":"3","7X":"3","6X":"3","CV":"3","FR":"6|3","8W":"3","CX":"3","6W":"3","9R":"6","3G":"3","GR":"3","FX":"3|6","MX":"6"},"9G":{"GG":"3"},"MV":{"3H":"3"}},"PQ":{"CM":{"2P":"6","2J":"6"},"48":{"62":"3"},"39":{"6M":"6","4P":"3","4M":"3","3J":"3"},"67":{"XH":"3","XG":"3","WG":"3"},"2C":{"GM":"3","GQ":"3","GP":"3"},"29":{"XF":"3","H3":"3","WF":"3","P2":"3","J5":"3","J3":"3","P7":"3","XG":"3","JP":"3","HP":"3","P6":"3","JM":"3"},"28":{"FJ":"3","C8":"3","FH":"3|6","PX":"3","GQ":"3","M9":"3","F7":"6","FM":"3","F5":"3","FP":"3","CX":"3","FR":"3","FF":"3|6","GJ":"3","HH":"3","GG":"3","F6":"6","PV":"3","GF":"3","GH":"6|3","J8":"6","C5":"3","C4":"3|6","FG":"3"},"47":{"JQ":"3"},"3C":{"G6":"3","H6":"3"}},"V8":{"JW":{"9X":"3"},"R2":{"HH":"3"},"JJ":{"RF":"3","Q9":"3","X7":"3","W8":"3"},"HX":{"VM":"3","RJ":"3","RG":"3"},"W3":{"H6":"3"}},"VQ":{"43":{"JR":"3","JH":"3","GH":"3"},"44":{"C4":"3","C3":"3"},"22":{"JW":"3","MW":"3","MX":"3"},"75":{"CF":"3","FF":"3"}},"XQ":{"VM":{"78":"3","68":"3"},"FW":{"MR":"3"},"GV":{"9Q":"3","J6":"3"},"8X":{"HC":"3"},"CW":{"HJ":"3","PX":"3","MR":"3"},"9X":{"R6":"3"},"9W":{"36":"3","46":"3"},"HH":{"6P":"3","6W":"3"},"CX":{"PW":"3","CQ":"3"},"G6":{"4P":"3","53":"3"},"VP":{"HC":"3"},"PV":{"9P":"3","WF":"3"},"GH":{"MG":"3"},"GM":{"VG":"3","R9":"3","VC":"3","V9":"3","VF":"3","RF":"3","RC":"3"},"MR":{"GJ":"3"},"FX":{"J5":"3","XF":"3","QM":"3"},"GX":{"59":"3"}},"W8":{"WC":{"XR":"3","WR":"3","XQ":"3","WV":"3"},"XF":{"G3":"3","C3":"3"},"XC":{"VV":"3","VR":"3","3V":"3","3P":"3","RX":"3","5Q":"3"},"5Q":{"VV":"3","WV":"3","WW":"3","VW":"3"},"HV":{"MG":"3"}},"XJ":{"5J":{"J5":"3"},"2G":{"JM":"3"},"RW":{"7H":"3"},"RG":{"VJ":"3"}},"HR":{"9V":{"5F":"3","4F":"3","7G":"3"},"GC":{"3X":"3"},"6G":{"6P":"6"},"FG":{"4P":"3"}},"JQ":{"X7":{"HW":"3"}},"PR":{"V7":{"CX":"3"},"4G":{"49":"3","4C":"3","47":"3"},"4F":{"4Q":"3","4P":"3","4W":"3"},"V8":{"F2":"3"},"4M":{"HV":"3"}},"P9":{"QV":{"RQ":"3"}},"GR":{"8R":{"G3":"3"},"7M":{"P9":"3"},"V5":{"M6":"3","H3":"3","M7":"3","J8":"3","M5":"3","P6":"3","J3":"3","P5":"3"},"GP":{"2C":"3"},"47":{"RJ":"3"},"C8":{"9H":"3","9P":"3"},"QG":{"5P":"3","4P":"3","QQ":"3"},"FH":{"GX":"3"},"HJ":{"JH":"3","XC":"3"},"QF":{"59":"3"},"8P":{"4V":"3","2P":"3","FJ":"3","9J":"3","GF":"3","FH":"3"},"JM":{"VM":"3","RP":"3","PP":"3","6J":"3","MQ":"3","QP":"3","22":"3","HH":"3","CG":"3","9H":"3","VP":"3","RJ":"3","VH":"3","CP":"3","6H":"3","RQ":"3","CH":"3","QQ":"3","FH":"3","FG":"3","HG":"3","8H":"3","QX":"3"},"JQ":{"F2":"3","G4":"3","M6":"3","C5":"3","F5":"3"},"57":{"CC":"3"},"9V":{"X7":"6","W7":"6"},"HG":{"3M":"3"},"MG":{"JW":"3","WW":"3","8X":"3","7X":"3"},"MP":{"Q2":"3","XW":"3"},"JP":{"RF":"3","F7":"3","C6":"3","F6":"3","64":"3","RG":"3"},"7Q":{"V7":"3"},"85":{"VV":"3","RV":"3","RW":"3","VW":"3"},"WH":{"PV":"3"},"34":{"73":"3","74":"3","84":"3","83":"3"},"95":{"7H":"3","8H":"3","6H":"3"},"7H":{"WX":"3","MJ":"3","PG":"3","PF":"3","MH":"3","VX":"3","J9":"6"},"7X":{"VG":"3"},"PJ":{"Q9":"6","C5":"3","V7":"3","HJ":"6","MF":"6","3F":"3","6G":"3","78":"3","2F":"3","35":"3","PC":"6","M9":"6","P9":"6","GJ":"6","C6":"3"},"JJ":{"G8":"3","62":"3","G7":"3","H7":"3","63":"3","22":"3","X3":"3","95":"3","XM":"3","83":"3","H8":"3","RJ":"3","94":"3","74":"3","72":"3","73":"3","32":"3","X2":"3","84":"3"},"MJ":{"8C":"3","CQ":"3","CX":"3","HW":"6","HV":"6","63":"3","FM":"3","GQ":"3","MW":"6","Q2":"3","22":"3","52":"3","QC":"6","82":"3","34":"3","9J":"3","62":"3","6X":"6","VX":"3","CJ":"3","8X":"3","33":"3","FW":"3","PJ":"3","53":"3","CM":"3","42":"3","GF":"3","23":"3","GH":"3","C8":"3","35":"3","FV":"3","45":"3","9H":"3","9X":"3","73":"3","24":"3","WX":"3","GX":"3","G9":"3","36":"3","F7":"3","F9":"3","FX":"6|3","5X":"3","FR":"3","RX":"3","88":"3","9Q":"3","7X":"3|6","HH":"3","74":"3","JW":"6|3","Q4":"3","JF":"3","HX":"3","C7":"3","GV":"3","GW":"3","F6":"3","HP":"3","QF":"3","GP":"3","84":"3","GC":"3","MR":"3","CG":"3"},"PH":{"C9":"3","F9":"3","6R":"3","J4":"3","75":"3"},"M8":{"44":"3","62":"3","33":"3","23":"3","22":"3"},"PG":{"P8":"3","Q7":"3","Q8":"3","P7":"3"},"H7":{"Q9":"3"},"J7":{"XR":"3","XW":"3","XX":"3"},"P9":{"GW":"3","GV":"3","HW":"3","FW":"3","FV":"3","HV":"3"},"JG":{"C9":"3","9V":"3","HP":"3"},"HM":{"GM":"3"},"MH":{"HJ":"3","X5":"3","P4":"3","GQ":"3","GR":"3","9V":"3","GV":"3","R2":"3","G6":"3","85":"3","F5":"3","96":"3","94":"3","95":"3","FR":"3","Q4":"3","H6":"3","M4":"3","HX":"3","Q5":"3","F6":"3","QH":"3","4X":"3","P5":"3","RM":"3","C5":"3","G5":"3","2W":"3","C4":"3","C6":"3","FQ":"3","84":"3"},"XH":{"5X":"3","6R":"3"},"W5":{"4C":"3"},"QM":{"W4":"3"},"M3":{"4Q":"3"},"M5":{"Q4":"3","M3":"3","V6":"3","R6":"3","M2":"3","V5":"3","W8":"3"},"RG":{"CX":"3"},"HH":{"XR":"3","Q4":"3","J2":"3","Q3":"3","P2":"3"},"GG":{"PG":"3","PF":"3"},"QH":{"2J":"3","P4":"3","65":"3","P5":"6"},"6C":{"JC":"3","HH":"3","JF":"3"},"MQ":{"8R":"3","8P":"3","8Q":"3","9P":"3"},"5X":{"53":"3"},"JH":{"7M":"3","P8":"3","M9":"3","MP":"3","WW":"6","7H":"3","6M":"3","M8":"3","H7":"3","J7":"3","V4":"3","P9":"3","WV":"3","W8":"3","J5":"3","HR":"3","XW":"3","R4":"3","P7":"3","WR":"3","H5":"3","VR":"3","8W":"3","VV":"3","2F":"3","4P":"3"},"PC":{"8C":"3","H9":"3","H8":"3","8J":"3","79":"3","7C":"3","J8":"3","H7":"3","J9":"3"},"MX":{"26":"6"},"J6":{"5F":"3","F7":"3","6F":"3","6C":"3","5H":"3"},"MM":{"H2":"3","G5":"3","C2":"3","64":"3","G2":"3","X2":"6","RQ":"3","83":"3","W2":"3","J2":"3","52":"3","J5":"3","82":"6|3","92":"3","J3":"3","F5":"3","G7":"3","3G":"3","W3":"6","62":"3|6","V3":"6","VF":"3","J6":"3","V4":"6","FW":"3","G6":"3","MJ":"3","C3":"3","M9":"3","Q3":"3","F3":"3","H7":"3","C8":"3","H6":"3","72":"3","73":"3","W4":"6","98":"3","G3":"3","99":"3","G4":"6|3","C4":"3","H3":"3","4F":"3","F2":"6"},"J8":{"X2":"3"},"9R":{"99":"3"},"7P":{"WP":"3","XQ":"3","WQ":"3","XM":"3","WR":"3","XP":"3","WG":"3","XG":"3","VX":"3"},"JW":{"CG":"3"},"7R":{"V8":"3"},"Q8":{"G5":"3"},"VQ":{"35":"3","73":"3"},"GM":{"H3":"3","M3":"3","J4":"3","Q2":"3","M4":"3","P2":"3","J5":"3","Q3":"3","P3":"3","J3":"3","P4":"3","H4":"3","H5":"3","43":"3"},"C3":{"MC":"6|3","PC":"6","R6":"3"},"PP":{"G7":"3","29":"3"},"PM":{"F4":"3","JR":"3","HR":"3","F3":"3","GV":"3","JV":"3","MQ":"3","JW":"3","FP":"3","FR":"3","GP":"3","FV":"3","3M":"3","MV":"3","HV":"3","GQ":"3","HW":"3","94":"3","CQ":"3","GM":"3","RQ":"3","MW":"3","MR":"3","FQ":"3","GR":"3","QR":"3"},"M7":{"5X":"3","3Q":"3","3R":"3","8X":"3","6X":"3","3X":"3","9W":"3","4R":"3","3W":"3","2V":"3","2W":"3","4P":"3","5W":"3"},"FG":{"R8":"3","Q8":"3"},"R7":{"GG":"3","JC":"3","HC":"3","JF":"3"},"C6":{"4J":"3"},"Q9":{"FR":"3"},"PF":{"GC":"3","GV":"3"}},"XH":{"6M":{"48":"3","49":"3","59":"3","58":"3"},"5R":{"MQ":"3"},"7V":{"8P":"3","HJ":"3","8Q":"3"},"GR":{"PG":"3"},"8J":{"78":"3","68":"3"},"5M":{"HH":"3","Q4":"3","Q5":"3"},"VX":{"FF":"3"},"PJ":{"3X":"3","4X":"3"},"6R":{"3W":"3","4W":"3"},"3R":{"CV":"3"},"6V":{"66":"3","56":"3"},"PM":{"32":"3"},"5V":{"G2":"3","M5":"3","M2":"3","M8":"3","V4":"3","Q5":"3"},"HR":{"3P":"3","4M":"3","3M":"3","2J":"3","2H":"3","4P":"3","3J":"3","2M":"3"}},"Q9":{"5V":{"VG":"3"}},"VF":{"5X":{"C7":"3"},"W2":{"HH":"3","HJ":"3","JH":"3","JJ":"3"},"X5":{"5M":"3"},"6V":{"68":"3"},"W3":{"62":"3","73":"3","74":"3","63":"3","64":"3"}},"RH":{"36":{"27":"3"},"C9":{"CJ":"3","9J":"3","8J":"3","9H":"3","FH":"3","6F":"3","CH":"3"}},"R8":{"VV":{"H7":"3"},"RV":{"M5":"3"},"RR":{"C9":"3","HJ":"3","JJ":"3","FH":"3"},"QQ":{"VF":"3","Q4":"3","VM":"3"},"RG":{"5J":"3"}},"WX":{"PG":{"F4":"3","96":"3","7F":"3","8F":"3","F2":"3","5G":"3","97":"3","63":"3","5F":"3","49":"3","39":"3","6G":"3","4C":"3","8C":"3","5C":"3","3C":"3","6F":"3","59":"3"},"QC":{"44":"3"},"MF":{"WG":"3","W9":"3","VG":"3","Q5":"3"},"MC":{"MR":"3","6V":"3"},"PF":{"2C":"3","3W":"3","4W":"6|3","3H":"3"},"JH":{"65":"3"},"PC":{"8W":"3"}},"W7":{"2X":{"2Q":"3","2P":"3"},"MQ":{"97":"3"},"JX":{"QH":"3"},"WG":{"5Q":"3","5V":"3"},"PP":{"57":"3"}},"FX":{"V5":{"5F":"6"},"CM":{"M4":"6|3","H4":"3","HF":"3","M3":"6|3","HC":"3","X2":"3"},"RV":{"39":"6","2C":"3"},"HP":{"73":"3","QM":"3"},"CG":{"P2":"3","P3":"3"},"9V":{"F2":"3","C2":"3"},"9P":{"PF":"3","76":"3","75":"3"},"HG":{"CG":"3"},"J3":{"3C":"3"},"MP":{"C4":"3","C6":"3","C3":"3"},"JP":{"98":"3","97":"3","C8":"3","75":"3"},"CJ":{"HM":"3","GV":"3","RV":"3","MQ":"3","HJ":"3","QV":"3","MV":"3","85":"3","PX":"3","PV":"3","MR":"3","JH":"3","MX":"3","VX":"3","QW":"3","JM":"3"},"WX":{"9X":"3","8W":"3|6"},"6R":{"7R":"3","8R":"3"},"2R":{"XG":"3","WC":"3","XF":"3","WG":"3","WF":"3"},"QQ":{"CF":"3"},"9W":{"XP":"3"},"3P":{"JR":"3","9W":"3","GV":"3","CR":"3","CQ":"3","FW":"3","FV":"3","HV":"3"},"FV":{"QP":"3"},"R8":{"26":"3"},"6W":{"RV":"3"},"5W":{"24":"3"},"2Q":{"VV":"3","VQ":"3"},"R5":{"MJ":"3"},"WV":{"48":"3","49":"3","39":"3","37":"3","38":"3"},"W5":{"39":"3"},"2X":{"66":"3","W2":"3","FP":"3","X5":"3","V4":"3","FV":"3"},"5V":{"R9":"3","67":"3","Q9":"3","W8":"3","QC":"3","9X":"3","MP":"3","6W":"3","VP":"3","CP":"3","V9":"3","PC":"3","FJ":"3","PH":"3","V8":"3|6","P9":"3","84":"3","X7":"3"},"XF":{"XQ":"3"},"MC":{"VJ":"3","RJ":"3"},"XW":{"GX":"3"},"3W":{"5R":"3"},"R4":{"57":"3"},"MX":{"V4":"3","W3":"3"},"2V":{"XP":"3"},"WR":{"2X":"3","2W":"3","2V":"3"},"VR":{"XV":"3","WW":"3","XW":"3","XX":"3"},"7P":{"MW":"3"},"6V":{"27":"6","97":"3","F9":"3","FC":"3","C7":"3"},"Q8":{"45":"3","JM":"3","JV":"3"},"2W":{"8X":"3","RW":"3"},"8V":{"55":"3"},"FG":{"H4":"3","54":"3","Q4":"3","J4":"3"},"2P":{"WC":"3"}},"PX":{"JP":{"Q7":"3"},"RW":{"9H":"3","GF":"3"},"VW":{"M3":"3"}},"HW":{"47":{"CJ":"3","9J":"3","9H":"3","CH":"3"},"25":{"C2":"3","PM":"3","QM":"3"},"58":{"3R":"3","JW":"3","PR":"3","QV":"3","MV":"3","JX":"3","PX":"3","PV":"3","MR":"3","74":"3","MW":"3","2G":"3","PW":"3","MX":"3","QW":"3"},"RX":{"9J":"3","9H":"3"},"2J":{"5J":"3","6J":"3"},"57":{"W9":"3","68":"3"},"4R":{"V6":"3"},"3P":{"R5":"3","4M":"3"},"2M":{"Q4":"3"},"48":{"8R":"3|6","8Q":"3|6","C8":"3","4V":"6","9P":"3","7Q":"6","G8":"3","6R":"6","F9":"6|3","8X":"3","XQ":"3","H9":"3","C9":"3","49":"3","9M":"3","MH":"3","8F":"3","9H":"3","CP":"3","7W":"3","5R":"3","8W":"3","6V":"6","FC":"3","G7":"3","7R":"6","F8":"6|3","M7":"3"},"49":{"37":"3","73":"3","9C":"3"},"93":{"25":"3","49":"6|3","24":"3","8W":"3","MX":"3"},"59":{"M3":"3","J2":"3","M2":"3","P2":"3","P3":"3"},"2Q":{"43":"3","35":"3","H2":"3","33":"3","34":"3","72":"3","82":"3","C3":"3","83":"3","65":"3","F6":"3"},"39":{"PP":"3"},"3C":{"C2":"3","C3":"3"},"XW":{"VG":"3","VJ":"3"},"28":{"VH":"3"},"24":{"7R":"6","9V":"3","CX":"3","9R":"3"},"83":{"R2":"3","X4":"3"},"5Q":{"C2":"3"},"FG":{"GR":"3"},"2P":{"7G":"6","8Q":"3","CM":"3","RV":"3","QV":"3","8P":"6|3","JM":"3","JV":"3","9V":"3","9P":"3|6","8M":"3","JP":"3","9Q":"3","FR":"3","QQ":"3","9W":"3","FX":"3","7X":"6|3","8X":"6|3","9J":"3","GW":"3","9M":"3","GX":"3","MR":"3","JR":"3","HR":"3","FW":"3","PV":"3","CQ":"3","5X":"3","9X":"3","38":"3","4X":"3","HV":"3","CP":"3","7W":"6|3","9R":"3","VR":"3","8W":"6|3","VQ":"3","PP":"3","PM":"3","8V":"3","5G":"3"},"FQ":{"GM":"3"}},"WH":{"6P":{"HQ":"3"},"5R":{"H8":"3","73":"3","H7":"3","72":"3"},"CJ":{"H8":"3"},"4Q":{"V4":"3","RC":"3"},"98":{"VR":"3"},"93":{"JP":"3","HJ":"3","GJ":"3","79":"3","HP":"3","JM":"3","JJ":"3","HM":"3","3C":"3"},"6Q":{"93":"3","2R":"3"},"5Q":{"XR":"3","FQ":"3","VR":"3","MQ":"3","9R":"3","9Q":"3"},"83":{"RF":"3","PG":"3","Q6":"3","QF":"3","V8":"3"}},"XR":{"G5":{"CP":"3"},"C2":{"5R":"3","62":"3","JR":"3","4W":"3","JG":"3"},"9W":{"QC":"3"},"6P":{"H3":"3","V2":"3","G2":"3","V3":"3","R4":"3","J4":"3","R3":"3","P8":"3","M7":"3","V4":"3","M6":"3","W4":"3","P4":"3","P7":"3","P6":"3"},"FM":{"V5":"3"},"G2":{"HJ":"3","4R":"3"},"8F":{"F2":"3","H8":"3","J7":"3","99":"3","J8":"3"},"93":{"X6":"3","GR":"3","RR":"3","JM":"3","V8":"3","RJ":"3"},"FF":{"W7":"3"},"CW":{"45":"3"},"CV":{"97":"3"},"F5":{"CJ":"3","RW":"3"},"75":{"X3":"3"},"3G":{"X8":"3"},"GG":{"5Q":"3"},"6M":{"RQ":"3","QR":"3","WJ":"3","GW":"3","RV":"3","VP":"3","MW":"3","VX":"3","RX":"3","WM":"3","QX":"3","GX":"3"},"5C":{"3F":"3","4F":"3","3C":"3"},"59":{"9W":"3","XW":"3"},"2M":{"H9":"3","H8":"3"},"F4":{"RR":"3","WQ":"3","M5":"3","XX":"3","RC":"3"},"7P":{"2X":"3","52":"3","54":"3","63":"3","64":"3","C2":"3","53":"3","8M":"3","23":"3","72":"3","73":"3","32":"3"},"7Q":{"2X":"3","3W":"3"},"94":{"XC":"3","M8":"3"},"5G":{"27":"3","26":"3"},"5H":{"87":"3"},"43":{"7C":"3"},"6H":{"PX":"3","MV":"3"},"9P":{"F4":"3"},"CM":{"4R":"3"},"C3":{"M3":"3","P6":"3"},"GF":{"HW":"3"},"F3":{"G3":"3","WC":"3","V8":"3"},"8M":{"Q3":"3"},"9F":{"4C":"3"},"9X":{"95":"3"},"73":{"VH":"3","VJ":"3"},"8G":{"5C":"3"},"8Q":{"HV":"3"},"GJ":{"84":"3","F3":"3"},"4R":{"29":"3"},"HG":{"5W":"3"},"G4":{"34":"3","5Q":"3"},"2J":{"FH":"3"},"C4":{"36":"3","5R":"3","8Q":"3","4W":"3"},"HF":{"GM":"3","4F":"3"},"89":{"9Q":"3"},"76":{"7F":"3","8F":"3","8G":"3","7G":"3"},"88":{"3F":"3","49":"3","39":"3","4C":"3","29":"3","38":"3","3C":"3","2C":"3"},"6R":{"JM":"3","QJ":"3"},"7V":{"C7":"3"},"9Q":{"XW":"3"},"74":{"J7":"3","J6":"3"},"4Q":{"GV":"3","XM":"3"},"7R":{"3F":"3","49":"3"},"JW":{"VC":"3"},"MC":{"C6":"3"},"JV":{"76":"3"},"4F":{"QH":"3","PG":"3","W6":"3","MP":"3","QG":"6|3"},"6J":{"7F":"3","HC":"3"},"9M":{"WW":"3","QW":"3"},"F6":{"4H":"3"},"F2":{"8G":"3"},"7M":{"JC":"3","FX":"6","GW":"3","M5":"3","GX":"3","J9":"3"},"MR":{"6G":"3","5G":"3"}},"MF":{"RW":{"7X":"3","6R":"3"},"9Q":{"QP":"3","RP":"3","9X":"3","8X":"3"},"FW":{"WM":"3"},"RV":{"2W":"3"},"HJ":{"JW":"3"},"FP":{"8V":"3"},"GP":{"48":"3"},"9R":{"4P":"3"},"CQ":{"79":"3","XF":"3","WF":"3","QF":"3","3F":"3","3G":"3","8C":"3","XH":"3","QG":"3","RF":"3","3C":"3","XG":"3","WG":"3"},"FQ":{"2G":"3","2F":"6","67":"3"},"8R":{"MG":"3","JF":"3","JG":"3","JC":"3","PF":"3","HC":"3","HF":"3","HG":"3"}},"GX":{"G5":{"MJ":"3","7W":"3","X6":"3","M3":"3","FP":"3","97":"3","RX":"3","PF":"3","94":"3","HW":"3","CQ":"3","CP":"3","MH":"6","P3":"3","PC":"6|3","9P":"3","PH":"6","9V":"3"},"WH":{"PM":"3","9Q":"3"},"MH":{"R4":"3","79":"3","98":"3","78":"3","88":"3","38":"3","R7":"3"},"H8":{"22":"6"},"Q6":{"G5":"3"},"64":{"58":"3","78":"3"},"HV":{"XG":"3"},"QW":{"HW":"3"},"X6":{"25":"3"},"G2":{"55":"3","5V":"3"},"J2":{"W4":"3","W3":"6"},"CW":{"RM":"3","QM":"3","QJ":"3","RJ":"3"},"F5":{"FX":"3","GW":"3","GV":"3","FW":"3","GX":"3|6","FV":"3","W8":"3"},"G7":{"J7":"3"},"JP":{"FM":"3"},"JJ":{"R4":"3","98":"3","27":"3","92":"6","76":"3","FM":"3","86":"3","23":"3"},"GG":{"FG":"3"},"W3":{"MH":"3"},"38":{"37":"3","27":"3"},"W7":{"53":"3","9C":"3","97":"3","86":"3","56":"3","36":"3","63":"3","G6":"6","73":"3","75":"3","F5":"3","96":"3","95":"3","94":"3","CC":"3","78":"3","48":"3","54":"3","93":"3","66":"3","87":"3","64":"3","9G":"3","77":"3","74":"3","F6":"3","92":"3","42":"3","C3":"3","55":"3","83":"3|6","C4":"3","C6":"6|3","84":"6|3"},"MG":{"GV":"3"},"V4":{"5X":"3","GF":"3"},"G6":{"96":"3","C5":"3","8J":"3","95":"3","7H":"3","94":"3","98":"6","8C":"3","73":"6","WG":"3","9V":"3"},"HQ":{"4J":"3","GW":"3","CV":"3","FR":"3","GV":"3","FW":"3","FV":"3"},"8P":{"CX":"3","CW":"3","MV":"3","FV":"3"},"PG":{"JR":"3","RP":"3","JV":"3","PP":"3","MQ":"3","QP":"3","MM":"3","JW":"3","PR":"3","MP":"3","JQ":"3","MV":"3","9R":"3","PM":"3","JX":"3","PX":"3","PV":"3","PQ":"3","MR":"3","MW":"3","5R":"3","5Q":"3","PW":"3","MX":"3","JP":"3","JM":"3"},"9P":{"XH":"3"},"H5":{"3G":"3"},"JQ":{"R2":"3"},"FC":{"88":"3"},"GH":{"JQ":"3","Q8":"3"},"FV":{"X7":"3"},"GM":{"85":"3"},"G8":{"V7":"3","W5":"3","Q3":"3","CX":"3","W7":"3"},"9H":{"9Q":"3"},"XJ":{"W8":"3"},"9X":{"8R":"3","8P":"3","8Q":"3","RV":"3","9P":"3","RM":"3","9M":"3"},"GJ":{"JR":"3","W9":"3"},"PH":{"M3":"3","24":"3","J2":"3","23":"3","M2":"3","F5":"3","P2":"3","P3":"3"},"G3":{"8X":"3"},"HM":{"9X":"3","CQ":"3","P3":"3"},"5J":{"XJ":"3","VQ":"3"},"F9":{"4J":"3","3P":"3","4H":"3","4P":"3","2R":"3"},"W6":{"7R":"3","7V":"3","6X":"3","7X":"3","8V":"3","3H":"3"},"HJ":{"8R":"3","V5":"3","V6":"6|3","V8":"3","QG":"3","QF":"3","P8":"3","VF":"3","J3":"3","P6":"3","G6":"3","X3":"3","XJ":"3","85":"3","X4":"3","WH":"3","Q7":"3","V3":"3","FR":"3","V9":"3","Q4":"3","VG":"3","HQ":"3","V7":"6|3","R6":"6|3","V4":"6|3","H6":"3","Q6":"3","R5":"3|6","W8":"3","XH":"3","WG":"3","R3":"3","VC":"3","Q5":"3","XW":"3","GG":"3","Q3":"3","R4":"3","RC":"3","PC":"6","W3":"3","J6":"3","G3":"3","9R":"3","J2":"3","F8":"3","M6":"3","GC":"3","PF":"6"},"JG":{"R4":"3","XH":"3","FX":"3","JR":"3","R2":"3","8X":"3","CX":"3","J3":"3","FW":"3"},"76":{"RR":"6"},"RH":{"HQ":"3"},"HH":{"RW":"3","VQ":"3","JV":"3","MQ":"3","7G":"3","CW":"3","VR":"3","FP":"3","FR":"3","PR":"3","MV":"3","CP":"3","PQ":"3","RQ":"3","MR":"3","4J":"3","25":"3","24":"3","QX":"3"},"M7":{"C2":"3","C3":"6"},"6J":{"2M":"6","2J":"6"},"27":{"MH":"3","JJ":"3"},"HX":{"5R":"3"},"C7":{"6Q":"3"},"JH":{"X9":"3","8R":"3","FJ":"3","CG":"3","GR":"3","6J":"3","9V":"3","GV":"3","56":"3","FR":"3","8X":"3","VM":"3","4J":"3","CQ":"3","HV":"3","VP":"3","9R":"3","7P":"3","R7":"3"},"F6":{"F2":"3"},"Q9":{"9P":"3"},"HP":{"5M":"3","92":"3","67":"3"},"RF":{"5C":"3"}},"MQ":{"FJ":{"J5":"3"},"X9":{"VQ":"3","RP":"3","62":"3","RV":"3","52":"3","VR":"3","63":"3","VV":"3","QV":"3","VP":"3","RR":"3","RQ":"3","53":"3","QR":"3","72":"3"},"X4":{"4X":"3"},"MM":{"39":"3","3C":"3"},"WM":{"RQ":"3"},"X8":{"4X":"3","6X":"3","5X":"3"},"W3":{"G5":"3"}},"QV":{"GR":{"24":"3"},"Q2":{"69":"3","59":"3","58":"6"},"FR":{"X5":"3"},"85":{"RX":"3"},"CR":{"VG":"3","WV":"3","Q8":"6|3","Q9":"3","QH":"3","Q6":"3","P5":"3","R7":"3","QF":"3","R8":"3","Q7":"3","QJ":"3","P7":"3","P9":"3","P6":"3"}},"QC":{"76":{"3F":"3","4H":"3"},"WM":{"C2":"3"},"6V":{"5C":"3"},"28":{"PG":"3","X9":"3","MH":"3","MG":"3"},"XM":{"X6":"3"}},"MM":{"7W":{"QJ":"3"},"6J":{"Q7":"3","M6":"3","J6":"3"},"JC":{"Q9":"3"},"7G":{"MH":"3","6P":"3","QW":"3","W9":"3","5P":"3","QG":"3","RW":"3","JJ":"3","3V":"3","X7":"3","RG":"3","QV":"3","5Q":"3","2V":"3","7P":"3","RV":"3","MJ":"3","8P":"3","9P":"3","CM":"3","2W":"3","8M":"3","GM":"3","MX":"3","4R":"3","X9":"3","HJ":"3","QR":"3","6R":"3","4Q":"3","9M":"3","JH":"3","8J":"3","RR":"3","7M":"3"},"8G":{"8C":"3","45":"3","27":"3|6","26":"3"},"R4":{"59":"3","4C":"3"},"4M":{"9M":"3"},"J6":{"7P":"3","7Q":"3"},"7H":{"2P":"3","FP":"3","3X":"3","M4":"3","GP":"3","3F":"3","FM":"3","7P":"3"},"6G":{"XV":"3","RW":"3","VX":"3","RX":"3","XW":"3","VW":"3"},"M6":{"82":"3"},"W4":{"J5":"3","74":"3","94":"3","M5":"3","J6":"3"},"6H":{"V5":"3","V2":"3","CG":"3","JF":"3","3G":"3","JC":"3","2J":"3","8M":"3","4H":"3","5C":"3","R2":"3","P6":"3","X3":"3","6R":"3","7H":"3","6H":"6|3","5H":"3","4F":"3","8H":"3","Q4":"3","FF":"3","2M":"3","J9":"3","39":"3","HC":"3","W5":"3","3C":"3","9G":"3","R3":"3","Q3":"3","2C":"3","9H":"3","JH":"3","HF":"3","W6":"3","P5":"3","GF":"3","29":"3","GH":"3","J8":"3","M6":"3","GC":"3","M7":"3","FG":"3","3F":"3"},"5H":{"XF":"3","VC":"3","WF":"3","PG":"3","RM":"3","QF":"3","QM":"3","XC":"3","GC":"3","VF":"3","XH":"6","WH":"3","QG":"3","HF":"3","PW":"3","XG":"6|3","WG":"3","JP":"3"},"9F":{"CP":"3"},"HG":{"4J":"3"},"CC":{"R9":"3"},"8H":{"3G":"3","2F":"3","92":"3"}},"JP":{"FJ":{"QP":"3"},"59":{"Q5":"3"},"X4":{"XV":"3","XR":"3","XQ":"3","WW":"3"},"G7":{"R4":"3"},"R6":{"HC":"3","MF":"3"},"J6":{"65":"3"}},"VC":{"WW":{"RR":"3","XW":"3","P2":"3"},"32":{"CQ":"3"},"XX":{"7F":"3","8F":"3","7C":"3","8G":"3","7G":"3"}},"W9":{"VX":{"5G":"3","3X":"3","5F":"3","4R":"3","7H":"3","3W":"3","5P":"3","6G":"3","4V":"3","6H":"3","5H":"3","5V":"3","5R":"3","4W":"3","4P":"3","6F":"3"},"82":{"X5":"3"}},"QP":{"87":{"VG":"3"}},"XP":{"CV":{"HJ":"3"},"FW":{"64":"3"}},"WR":{"XV":{"J4":"3"}},"MX":{"M4":{"M6":"3","X4":"3","V6":"3","W6":"3","R6":"3","R7":"3","V5":"3"},"M3":{"CQ":"3"},"M9":{"67":"3","84":"3","57":"3"},"M2":{"P9":"3"},"R5":{"85":"3"},"P4":{"2Q":"3"},"J9":{"X5":"3","V5":"6"}},"X6":{"JG":{"82":"3"}},"QH":{"7J":{"WX":"3"},"FW":{"GM":"3","66":"3","GJ":"3","79":"3","93":"3","92":"3"},"7G":{"Q3":"3"},"CW":{"GR":"3","FR":"3","GV":"3","HR":"3","FV":"3"},"3X":{"P2":"3"},"Q2":{"X6":"3","J4":"3","Q2":"6|3","Q4":"3","J7":"3","W5":"3","M4":"3","R2":"3","M7":"3","Q3":"3","R6":"3","Q5":"3","CC":"3"},"FR":{"JM":"3"},"R3":{"25":"3"},"FV":{"F8":"3","CM":"3","C9":"3","F9":"3","C8":"3","9M":"3"},"R2":{"47":"3","4G":"3","CG":"3","3G":"3","78":"6","37":"3","35":"3","7C":"3","8C":"3","59":"3"},"8M":{"4F":"3"},"QG":{"MG":"3"},"FX":{"54":"3","53":"3","64":"3"},"HG":{"4G":"3","GV":"3","9G":"3","FR":"3","9H":"3","CJ":"3","7P":"3","5V":"6","5R":"3"}},"VW":{"VF":{"69":"3","GM":"3"},"VV":{"97":"3","C7":"3","J4":"3"},"VR":{"WR":"3"},"RV":{"XJ":"3"},"WQ":{"VR":"6","PX":"3","WP":"3","P9":"3"},"PJ":{"VX":"6|3","RX":"6"},"2F":{"VC":"3"},"2C":{"VW":"3"}},"XV":{"62":{"2G":"3","2F":"3"},"G6":{"V9":"3"},"H6":{"WX":"3","GM":"3","JP":"3","8F":"3","FG":"3","6C":"3","VJ":"3","RJ":"3"},"52":{"JR":"3|6","H3":"3","HR":"3","JV":"3","JW":"3","MP":"3","JQ":"3","HV":"3","HW":"3","J3":"3","PH":"3","JP":"3"},"J7":{"V7":"3","25":"3"},"53":{"VG":"3"},"M7":{"8Q":"3","2F":"3"},"63":{"2J":"3"},"M8":{"J2":"3"},"F5":{"FM":"3"}},"GV":{"7M":{"P6":"3"},"7G":{"H6":"3","FC":"3"},"P4":{"PV":"3","PW":"3","QW":"3","QV":"3"},"8P":{"V9":"3","H8":"3","PG":"3","Q7":"3","R8":"3","J7":"3","R9":"3","H7":"3","J6":"3"},"7C":{"RW":"3","RX":"3"},"86":{"M6":"3","WG":"6|3","WF":"3","F5":"3","7G":"3"},"CJ":{"R4":"3"},"R2":{"HQ":"3","GM":"3","HP":"3","HM":"3","GP":"3"},"9W":{"4V":"3"},"8X":{"RG":"6"},"48":{"6Q":"3"},"PG":{"CW":"3"},"R6":{"7R":"3","8R":"6","5P":"3","8M":"6|3","4P":"3","6R":"3"},"Q6":{"W5":"6","VJ":"3"},"93":{"9C":"3"},"R3":{"43":"3","54":"3","44":"3","53":"3"},"77":{"WM":"3"},"8F":{"C7":"3","C8":"3"},"76":{"XJ":"3"},"Q3":{"7W":"3","WR":"3","7V":"3","GR":"6|3","JQ":"3","WQ":"3","HP":"3","JJ":"3","MV":"3","HR":"3","8V":"3"},"9X":{"4R":"3","42":"3"},"HF":{"2R":"3"},"GF":{"XV":"3","XQ":"3","WJ":"3","VM":"3","VJ":"3"},"VX":{"MQ":"3"},"FC":{"C5":"3"},"PM":{"43":"3"},"R7":{"R4":"3"},"2P":{"79":"3","78":"3","88":"3","JF":"3","89":"3"}},"RV":{"WX":{"5P":"3","84":"3"},"VV":{"96":"3","77":"3"},"VR":{"8H":"3"},"WV":{"8W":"3","JF":"3"},"WW":{"5P":"3"},"XW":{"RW":"3","PJ":"3","WG":"3","WH":"3","PM":"3","QM":"3","QJ":"3","PH":"3"},"XX":{"R4":"3","VR":"3"}},"V9":{"8P":{"MF":"3","PM":"3","QM":"3","RJ":"3","HV":"3"},"CF":{"38":"3"},"8Q":{"G2":"3"},"2W":{"M6":"3"},"73":{"PX":"3"},"74":{"W2":"3","J2":"3","X3":"3","M2":"3","J3":"3"},"84":{"24":"3","22":"3"}},"MP":{"MG":{"FW":"3"},"J8":{"93":"3"},"J9":{"WQ":"3"},"F5":{"49":"3","68":"3"},"G6":{"VV":"3","PV":"3"},"P8":{"C9":"3","CJ":"3","9H":"3","CG":"3"},"J5":{"RM":"3"},"MH":{"77":"3"},"M6":{"7M":"3"},"QJ":{"JQ":"3"},"M9":{"9Q":"3"},"93":{"W7":"3"},"H4":{"QJ":"3"},"H5":{"43":"3","77":"3"}},"VX":{"2G":{"G2":"3"},"7V":{"25":"3"},"2F":{"GW":"3","FW":"3","FV":"3"},"6V":{"Q9":"3","R8":"6"}},"RR":{"H2":{"CQ":"3"}},"VP":{"RF":{"WV":"3"},"HH":{"JX":"3","9F":"3","QX":"3"},"2G":{"8M":"3","7J":"3","7M":"3"},"Q7":{"QW":"3"},"Q9":{"6G":"3"},"MQ":{"HW":"3"},"R9":{"XX":"3"},"MR":{"GM":"6","WJ":"3","9V":"3","CV":"3","CR":"3","QC":"3","9R":"3","VJ":"3"},"P9":{"W5":"3","V4":"3"},"F5":{"4J":"3","2M":"3","3J":"3"}},"RG":{"2H":{"9R":"3"},"R9":{"G3":"3","F7":"6","C8":"3"},"X8":{"JW":"3","MW":"3"}},"VH":{"7W":{"XV":"3","XW":"3"},"8X":{"98":"3","97":"3","C7":"3","C8":"3"},"7X":{"5J":"3","J6":"3","4M":"3"},"CW":{"5M":"3"},"22":{"WC":"3","WF":"3"},"7P":{"5R":"3"},"9F":{"MC":"3"},"23":{"F7":"3","92":"3","83":"3","C8":"3","99":"3","F8":"3","98":"3","F6":"3","82":"3","93":"3","C7":"3"}},"PW":{"5G":{"F7":"3"}},"VR":{"32":{"R8":"3"}},"CX":{"WV":{"8G":"3","22":"3","28":"3","C3":"3"},"MJ":{"WJ":"3","JM":"3","RH":"3","HM":"3","VH":"3","VJ":"3","RJ":"3"},"RP":{"GJ":"3","FH":"3"},"PP":{"C7":"3","C6":"3"},"WP":{"F2":"3","C2":"3","C4":"3","93":"3","C5":"3","83":"3","2R":"3","F3":"3"},"RM":{"4Q":"3"},"VV":{"X2":"3"},"RR":{"4V":"3","5W":"3","5V":"3","4W":"3"},"WR":{"3X":"3","4V":"3","7X":"3","3W":"3","4W":"3"},"RQ":{"X6":"3"},"JH":{"R7":"3"},"98":{"6M":"3","6P":"3","4J":"3","8Q":"3","5M":"3","3P":"3","4H":"3","7J":"6","3Q":"6"},"WM":{"7W":"3","FX":"3","CX":"3","9R":"3"},"PJ":{"MJ":"3","2H":"3"},"H6":{"Q7":"6","H6":"3"},"FC":{"79":"3","89":"3"}},"GQ":{"VG":{"R9":"3"},"8X":{"28":"3"},"G5":{"WP":"3"},"6X":{"32":"3"},"P5":{"MF":"3"},"Q4":{"CV":"3","6X":"3","7X":"3","6R":"3","6W":"3","6V":"3"},"J7":{"G6":"3","G7":"3","H7":"3","G5":"3","F6":"3"},"CG":{"73":"3"},"95":{"PG":"3","JF":"3","MG":"3","JG":"3","MF":"3","HH":"3","9H":"3","JH":"3","QG":"3","FG":"6","HG":"3","GG":"6"},"6W":{"6V":"3"},"G6":{"R4":"3","G4":"3","Q2":"3","Q3":"3","F7":"3","C7":"3","M2":"3","C6":"3","G5":"3","V4":"3","F5":"3","P2":"3","F6":"3","P3":"3"},"MW":{"2R":"3"},"5H":{"XW":"3"},"F6":{"G6":"3","G7":"3"},"WW":{"F5":"3"},"GX":{"X3":"6","Q5":"3"},"9C":{"XR":"3","XH":"3"},"QW":{"FM":"3","FH":"3"},"HP":{"29":"3"}},"PC":{"9W":{"FR":"3"}},"RC":{"V2":{"R9":"3","VC":"3","XR":"3","R7":"3","R8":"3","P7":"3","XG":"3","RC":"3"},"Q4":{"RQ":"3","76":"3","86":"3"},"3M":{"GJ":"3","FJ":"3"},"2J":{"4X":"3","3W":"3","4W":"3"},"J5":{"V3":"3","Q9":"3"},"M6":{"HJ":"3"},"P3":{"7W":"3","FR":"3"},"35":{"5F":"3"},"4P":{"6C":"3"},"H6":{"M7":"3"},"2M":{"75":"3","45":"3","65":"3","54":"3","76":"3","64":"3","83":"3","46":"3","55":"3","53":"3","93":"3","66":"3","56":"3"}},"PJ":{"Q8":{"42":"3","73":"3","83":"6"},"QH":{"V7":"3","52":"3","PW":"3","V6":"3","MC":"3","R9":"3","F4":"3","P4":"3","W8":"3"},"PG":{"RW":"3","PW":"3","QW":"3"},"PP":{"X6":"3"},"QC":{"72":"3"},"QP":{"37":"3","5G":"3","7G":"3"},"QF":{"92":"3"},"RH":{"67":"3","8X":"3","7X":"3","JC":"3","Q6":"3","FP":"3","3X":"3","J9":"3","FV":"3","8W":"3","6R":"6","Q7":"3","7Q":"3","8Q":"3","68":"3","7P":"3","8P":"3","5V":"3","R6":"3","57":"3","P7":"3","5Q":"3","9V":"3","P6":"3"},"PM":{"QM":"3","VH":"3"},"RJ":{"53":"3","47":"3","52":"3","43":"3","33":"3","88":"3","63":"3","44":"3","34":"3","78":"3","H8":"3","48":"3","54":"3","H7":"3","49":"3","2Q":"3","46":"3","64":"6|3","72":"3","77":"3","42":"3","38":"3","35":"3","C3":"3","83":"3"},"M2":{"24":"3"},"QJ":{"R4":"3","Q4":"3","4Q":"3","W5":"6|3","M9":"3","R7":"3"},"QG":{"2X":"3"},"JM":{"7C":"3"}},"8X":{"WX":{"FH":"3","9R":"3","CH":"3"},"WW":{"JX":"3","PP":"3"}},"PM":{"96":{"XQ":"3"},"X2":{"8Q":"3"},"C7":{"3R":"3"},"C8":{"85":"3"}},"XG":{"MJ":{"G2":"3"},"2Q":{"X9":"3"},"WQ":{"Q7":"3"},"Q8":{"XF":"3"},"GF":{"JC":"3"},"3Q":{"49":"3","39":"3","29":"3"}},"PF":{"7M":{"H9":"3","MC":"3","JF":"3"},"FJ":{"X6":"3"},"3J":{"W2":"3","X7":"3"},"8M":{"CF":"3","F9":"3","FC":"3"},"4H":{"MF":"3","MG":"3"},"4M":{"Q8":"3","WJ":"3","R9":"3","W6":"3","F2":"3","R7":"3","FP":"3","XC":"3","XM":"6","XJ":"6|3","R8":"3","Q7":"3","GC":"3","74":"6","PH":"3","73":"6","RF":"3","RG":"6","X7":"3"},"6P":{"22":"3","32":"3"},"3M":{"CV":"3","JQ":"3","MR":"3"},"3X":{"JP":"3","MP":"3"},"6M":{"9X":"3"},"5P":{"G4":"3","G2":"3","P2":"3"},"5M":{"7M":"3","8Q":"3","PX":"3","3G":"3","3J":"3","6J":"3","4G":"3","27":"3","7Q":"3","G4":"3","4H":"3","5J":"3","4M":"3","6P":"3","MW":"3","9Q":"3","4F":"3","6M":"6|3","5P":"3","FV":"3","JX":"3","3H":"3","5M":"3","4J":"3","76":"3","MX":"3","6Q":"3","5R":"3","7P":"3","JW":"3","2F":"3","F4":"3","8V":"3","4P":"6"},"4J":{"FX":"3","2F":"3"},"6F":{"2C":"3"},"HH":{"FR":"3","XX":"3"},"82":{"59":"3"},"6V":{"M7":"3"},"GM":{"3V":"3","F7":"3"},"4P":{"J9":"3"}},"X7":{"P8":{"H2":"3"},"M9":{"54":"3"},"QJ":{"R3":"3"},"RJ":{"43":"3"},"P7":{"HJ":"3","GJ":"3"}},"WM":{"QG":{"H3":"3","V5":"3","R7":"3","P2":"3","VP":"3","W3":"3","P3":"3","R5":"3"},"F3":{"RQ":"3"},"QF":{"JX":"3","MX":"3"},"HP":{"65":"3","64":"3"},"GR":{"RM":"3"},"JV":{"WX":"3","GM":"3","CP":"3","HJ":"3","JH":"3","GJ":"3","VX":"3","67":"6","GH":"3","JJ":"3","CR":"3","9R":"3","68":"6","CQ":"3"},"PW":{"5F":"3","7C":"3"},"MW":{"95":"3","3G":"3","94":"3","4C":"3","3H":"3","2H":"3","38":"6","37":"6","2G":"3","5C":"3","FC":"6","59":"3"},"Q6":{"8X":"3"},"93":{"VV":"3"},"JX":{"9Q":"3","FP":"3","F9":"3","9R":"3","CQ":"3","CP":"3","C9":"3","CM":"3","FQ":"3","9P":"3","8V":"3","HG":"3","CC":"3","FC":"3","9V":"3","8R":"3"},"8J":{"P8":"3","P7":"3"},"HX":{"VC":"3"},"WJ":{"J3":"3"},"RG":{"37":"3","J7":"3"},"PV":{"5P":"3","2W":"3","5V":"3"},"MQ":{"F8":"3"},"HV":{"RQ":"3","MV":"3"},"P3":{"FF":"3"},"MV":{"MJ":"3","7F":"3","97":"3","C8":"3","7H":"3","98":"3","7C":"3","8H":"3","C7":"3"},"JW":{"Q8":"3","WJ":"3","VM":"3","QH":"6","PG":"3","MG":"3","JF":"3","JG":"3","JC":"3","R7":"6","HJ":"3","QF":"3","W2":"3","MC":"3","JQ":"3","PF":"3","P8":"3","VH":"3","GH":"3","V9":"3","PC":"3","M9":"3","QG":"3|6","W9":"3","RF":"3","FH":"3","FG":"3","GJ":"3","RG":"3"},"VQ":{"V3":"3","R4":"3","Q4":"3","R3":"3","V4":"3","Q5":"3","R5":"3"},"C3":{"9X":"3"},"C5":{"84":"3"},"G5":{"89":"3"},"C4":{"5J":"3","5P":"3","92":"3","6R":"3","3R":"3","4M":"6|3"}},"JG":{"X6":{"F8":"3","C9":"3","JP":"3","HJ":"3","FF":"3","GC":"3","JM":"3","85":"3","F9":"3","GF":"3","94":"3","84":"3","FC":"3","C8":"3","95":"3"},"V3":{"FJ":"3","GP":"3","HJ":"3","QV":"3","GQ":"3","JF":"3","GR":"3","JQ":"3","MP":"3","JP":"3","PQ":"3","G4":"3","RH":"3","G6":"3","XJ":"3","PR":"3","FM":"3","FP":"3","WW":"3","QQ":"3","RP":"3","WP":"3","HQ":"3","RQ":"3","WV":"3","MR":"3","JR":"3","VW":"3","HR":"3","GJ":"3","F6":"3","MQ":"3","RR":"3","RM":"3","VV":"3","GM":"3","PP":"3"},"W5":{"87":"3","MJ":"3","HM":"3","86":"3","MM":"3","HJ":"3","22":"3","HH":"3","76":"3","F9":"3","77":"3","C8":"3","44":"3","99":"3","JJ":"3","C9":"3","78":"3","JH":"3","F8":"3","88":"3","98":"3","32":"3","JP":"3","JM":"3"},"V2":{"M9":"3","P7":"3"},"X7":{"X9":"3","R7":"3"},"W4":{"2X":"3","28":"3","3V":"3","3X":"3","3W":"3","46":"3","2V":"3","38":"3","35":"3","23":"3","5V":"3","2W":"3","5R":"3"},"V4":{"G4":"3","XP":"3","W2":"3","X4":"3","X5":"3","W4":"3"},"W3":{"36":"3","37":"3"}},"HQ":{"F3":{"XP":"3","XC":"3","XM":"3"},"9C":{"6G":"3"},"H4":{"79":"3","78":"3"},"H3":{"GX":"3"},"3G":{"49":"3"},"2J":{"QH":"3","VP":"3","Q8":"3","PM":"3"},"PW":{"JP":"3"},"G4":{"M8":"3","65":"3","54":"3|6","69":"3","76":"3","64":"3","44":"3","55":"3","3H":"3","GC":"3","53":"3","82":"6","72":"6","32":"6|3","25":"3","42":"6","26":"3","66":"3"},"4H":{"67":"3"},"63":{"PX":"3"},"F5":{"87":"3","J2":"3","92":"3","7X":"3","82":"3"},"2M":{"VF":"3","R4":"3","Q4":"3","VC":"3","Q3":"3","R3":"3","P4":"3","P3":"3"},"59":{"R5":"3","7G":"3"},"F2":{"P3":"3"},"64":{"P2":"3"},"J5":{"2G":"3"},"3W":{"5X":"3","5W":"3"},"6C":{"FP":"3","9Q":"3","CQ":"3"},"H5":{"8R":"3"},"G3":{"CF":"3","GV":"3","2C":"3","2M":"3","HV":"3"},"J2":{"WG":"3"},"C3":{"WR":"3"},"F4":{"96":"3","8X":"3","QC":"3","RM":"3","97":"3","GP":"3","M6":"3","8Q":"3","RQ":"3","WH":"3","M9":"3","WG":"3","X2":"6","W7":"3"},"C5":{"76":"3"},"C4":{"P2":"3"}},"RM":{"WM":{"W2":"3"},"XM":{"32":"3"}},"XX":{"F3":{"34":"3"},"F2":{"5M":"3","86":"3","6F":"3"},"83":{"79":"3","RV":"3","VR":"3","VV":"3","G9":"3","F9":"3","99":"3","H9":"3","6G":"3","RR":"3","C9":"3"},"C3":{"WJ":"3","6V":"3","JR":"3","3R":"3","HR":"3","VJ":"3","3V":"3","HQ":"3","JQ":"3","4V":"3","2V":"3","VH":"3","WH":"3","5W":"3","2R":"3"},"JX":{"4W":"3"},"94":{"35":"3","22":"3"},"82":{"J8":"3"},"93":{"MW":"3","PW":"3","VX":"3","QW":"3"},"73":{"VP":"3","XM":"3"},"8H":{"4J":"3","5G":"3"}},"MW":{"GW":{"XG":"3"},"4V":{"CV":"3"},"HX":{"56":"3"}}}}