{"78":{"52":{"79":{"7M":"3","H3":"3","86":"3","8M":"3","85":"3","44":"3","75":"3","34":"3","95":"3","65":"3","79":"3","54":"3","46":"3","87":"3","3H":"3","64":"3","74":"3","45":"3","35":"3","24":"3","55":"3","C3":"3","F4":"3","C5":"3","C4":"3","84":"3","2H":"3"},"4G":{"JW":"3","48":"3","3M":"3","Q6":"3","2W":"3","XJ":"3"},"5G":{"5Q":"3","J6":"3","GP":"3"},"89":{"G8":"3","MP":"3"},"5F":{"H2":"3","QV":"3"},"69":{"75":"3","86":"3","65":"3","G5":"3","C5":"3","P5":"3","R4":"3","Q4":"3","76":"3","36":"3","95":"3","H8":"3","V4":"3","46":"3","J5":"3","85":"3","X4":"3","W4":"3","35":"3","M5":"3","25":"3","H4":"3","H5":"3","26":"3","66":"3"},"3F":{"67":"3","3R":"3","F7":"3","3V":"3","G9":"3","HC":"3","2V":"3","37":"3","4W":"3","QQ":"3","H4":"3","66":"3","2R":"3","8R":"3","56":"3"},"49":{"G8":"3","GV":"3","R7":"3","V7":"3","5F":"3","3G":"3","P8":"3","C9":"3","GM":"3","F8":"3","R6":"3","P7":"3","6F":"3","X7":"3"},"39":{"HW":"3","XR":"3|6","RX":"3","WM":"3","JV":"3","GV":"3","XP":"3","XV":"3","PQ":"3","XM":"3","WP":"3","HQ":"3","GW":"3","GX":"3","JR":"3","XH":"6","RR":"3","MX":"3","HV":"3"},"3G":{"VF":"3","J7":"3","GF":"3","J8":"3","VG":"3"},"4C":{"49":"3","VR":"3"},"2F":{"XJ":"3","WH":"3"},"5H":{"2H":"3"},"6C":{"69":"3","X6":"3","2P":"3","GP":"3","W3":"3"},"7C":{"XF":"3","F7":"3","C5":"3","9G":"3","95":"3","83":"3","G6":"3","C4":"3","94":"3","85":"3","74":"3","F8":"3","84":"3"},"8C":{"5C":"3","4F":"3"},"5C":{"WF":"3","MG":"3"},"3C":{"M3":"3","G5":"3","H8":"3","8R":"3","8V":"3","F5":"3","P2":"3","9J":"3","R9":"3","P3":"3","F4":"3","8X":"3","7P":"3","Q8":"3","7Q":"3","G6":"3","8P":"3","9P":"3","H5":"3","8H":"3","C8":"3","8M":"3","9F":"3","9H":"3","8G":"3","8Q":"3","G3":"3","99":"3","G4":"3","F7":"3","C9":"3","M2":"3","C7":"3","F6":"3","F2":"3","8J":"3","PF":"3","8W":"3"},"6F":{"7F":"3","5J":"3","6J":"3","6P":"3","4M":"3","7H":"3","5M":"3","6M":"3","2G":"3","4J":"3","42":"3"},"4H":{"53":"3","43":"3","33":"3","86":"3","F7":"3","G9":"3","44":"3","G8":"3","34":"3","F9":"3","H8":"3","H9":"3","HC":"3","42":"3","G7":"3","F8":"3","GC":"3","32":"3"},"59":{"7M":"3","V5":"3","47":"3","V6":"3","C8":"3","57":"3","37":"3","F7":"3","36":"3","P6":"3","G6":"3","Q7":"3","G8":"3","96":"3","67":"3","H8":"3","C7":"3","R6":"3","H7":"3","H6":"3","Q6":"3","R5":"3","66":"3","87":"3","W5":"3","77":"3","76":"3","PV":"3","W6":"3","CP":"3","RM":"3","G7":"3","F8":"3","M6":"3","C6":"3"}}},"index":{"university,1|retail,2|tourism,3|wreck,4|historical,5|artsCulture,6|namedBuilding,7|water,8|wetland,9|park,10|beach,11|natureReserve,12|cemetery,13|trail,14":{}}}