{"79":{"9Q":{"42":{"96":"3","95":"3","F3":"3"},"32":{"PH":"3"}},"7R":{"69":{"FJ":"3"},"5C":{"M6":"3","W2":"3","V4":"3","P5":"3"},"3G":{"7G":"3"},"48":{"78":"3","VC":"3"},"39":{"MH":"3","QW":"3","QV":"3","XJ":"3","2R":"3"},"37":{"RX":"3"},"66":{"9V":"3"},"87":{"3Q":"3"},"4Q":{"VQ":"3","VM":"3","RP":"3","GV":"3","MQ":"3","QP":"3","QV":"3","MV":"3","VP":"3","PQ":"3","RQ":"3","QQ":"3"},"58":{"J5":"3","PJ":"3","GF":"3","HG":"3","J6":"3"},"PR":{"WJ":"3","VM":"3","VJ":"3","RM":"3","QM":"3","RH":"3","RJ":"3","VH":"3","QJ":"3"},"76":{"JW":"3","GW":"3","GR":"3","GV":"3","JX":"3","HW":"3","HX":"3","MX":"3","VH":"3","VJ":"3","GX":"3","FV":"3","HV":"3"},"67":{"H3":"3","8W":"3","J4":"3"},"6R":{"34":"3"},"6Q":{"GM":"3"},"5Q":{"H9":"3","GC":"3","G9":"3","JG":"3"},"38":{"RW":"3","WM":"3","VM":"3"},"29":{"V9":"3","MW":"3","XW":"3","MX":"3","X8":"3","QG":"3"},"68":{"23":"3"},"46":{"QR":"3"},"4F":{"V7":"3","97":"3","MC":"3","PC":"3","HM":"3"},"3C":{"73":"3","74":"3"},"77":{"C2":"3","73":"3","G2":"3","74":"3","84":"3"}},"7V":{"X5":{"HH":"3","GM":"3","HJ":"3","GJ":"3","JH":"3","JM":"3","GH":"3","JJ":"3","HM":"3"}},"6R":{"XG":{"H5":"3","FR":"3"},"WC":{"H2":"3"},"XF":{"4M":"3"},"XC":{"5P":"3","4P":"3","3R":"3"},"WG":{"F2":"3"},"W9":{"7J":"3","8X":"3","9X":"3","8W":"3","9R":"3","8Q":"3","8M":"3","8V":"3","8R":"3"},"WF":{"8R":"3","8Q":"6|3","8P":"3","GR":"3","3J":"3","3Q":"3","7Q":"3","5C":"3","5J":"3","7F":"3","6P":"3","9Q":"6|3","FR":"3","5H":"3","3P":"3","FV":"3","5P":"3","8X":"3","9J":"3","2Q":"3","JX":"3","3H":"3","WQ":"3","5M":"3","CR":"3","CH":"3","6Q":"3","5F":"3","CV":"3","9R":"3","7P":"3","4Q":"3","8V":"3","5Q":"3","2P":"3"},"X8":{"28":"3"}},"7Q":{"2H":{"97":"3"},"2M":{"35":"3","HH":"3","FF":"3","MG":"3"}},"8Q":{"V2":{"V5":"3","7G":"3","V6":"3","V8":"3","X6":"3","P8":"3","JQ":"3","P6":"3","Q7":"6","7H":"3","R6":"3","V4":"3","Q6":"3","R5":"3","8F":"3","Q5":"3","R4":"3","P7":"3","Q8":"3","F8":"3","M6":"3","R7":"3","Q9":"3"},"JV":{"78":"3"},"V3":{"F8":"3","PG":"3","FF":"3","98":"3","GQ":"3"},"MM":{"9J":"3"},"R4":{"VJ":"3"},"HJ":{"8R":"3","7V":"3","MF":"3","CR":"3","6R":"3","9R":"3","8V":"3"},"W2":{"42":"3"},"W3":{"58":"3","23":"3"},"V4":{"4J":"3","3P":"3","82":"3","83":"3","2J":"3"},"HW":{"38":"3"},"JJ":{"V4":"3","GX":"3","HV":"3"},"JP":{"93":"3","84":"3","94":"3","72":"3","82":"3","83":"3"},"JM":{"8C":"3","F9":"3","C7":"3","C8":"3","C3":"3"}},"8P":{"XR":{"W2":"3","RX":"3"},"XQ":{"X4":"3"},"RW":{"FQ":"3","JH":"3","QW":"3","QV":"3","HG":"3"},"VX":{"JC":"3","H9":"3","M9":"3","MC":"3","GH":"3","J9":"3"},"XM":{"5R":"3","4R":"3","3R":"3","5Q":"3"}},"9P":{"5X":{"3J":"3"},"3R":{"VV":"3","RP":"3","2V":"3","W9":"3","G5":"3","W8":"3"},"3P":{"HJ":"3"},"3V":{"P6":"3"},"6W":{"36":"3","35":"3","25":"3","26":"3","24":"3","34":"3"},"4R":{"FQ":"3","4R":"3","FV":"3"},"4V":{"JP":"3","V3":"3","8P":"3","PF":"3","X9":"3","J2":"3","6Q":"3","QF":"3","5V":"3","7Q":"3"},"4X":{"F4":"3","Q9":"3","F2":"3","F5":"3","XM":"3","39":"3","Q7":"3","RF":"3","XP":"3","42":"3","RG":"3"},"5V":{"RW":"3","6H":"3","6C":"3","29":"3"},"4W":{"75":"3","G7":"3","CW":"3","9X":"3","89":"3","3X":"3","7M":"3","3M":"3","G9":"3","PM":"3","7P":"3","8P":"3","8M":"3","9P":"3","4J":"3","6Q":"3"},"2W":{"CM":"3","8R":"3","CP":"3","66":"3","9J":"6","FM":"3","8G":"3","9G":"6","9Q":"3","77":"3"},"5R":{"8J":"3","FR":"3","4P":"3","6J":"3"},"3J":{"3Q":"3"},"5W":{"X6":"3","X4":"3","MM":"3","V2":"3","JM":"3","X5":"3","73":"3","W6":"3","72":"3","MP":"3","82":"3","28":"3","JG":"3"},"2R":{"CJ":"3","9M":"3","CH":"3"},"2M":{"C9":"3"},"2Q":{"MF":"3","R9":"3","VW":"3","QM":"3","PP":"3","VQ":"3","RJ":"3"}},"8V":{"53":{"CM":"3","GM":"3","RP":"3","QP":"3","GJ":"3","FM":"3","FP":"3","RM":"3","QM":"3"},"47":{"43":"3","52":"3","53":"3","42":"3"},"H4":{"X2":"3","W4":"3","W3":"3"},"H3":{"XR":"3","WM":"3","VF":"3","XV":"3","XP":"3","RJ":"3","WF":"3","VJ":"3","RH":"3|6","WX":"3","WH":"3","WW":"3","WP":"3","VG":"3","XQ":"3","VH":"3","VM":"3","WQ":"3","WG":"3","VW":"3","XW":"3","RG":"3","WJ":"3","XX":"3","RM":"3"},"43":{"8R":"3|6","HW":"3","RV":"3","QV":"3","RX":"3","9V":"6|3","GV":"3","CW":"3","9W":"3","FV":"3","GW":"3","VW":"3","7V":"3","CR":"3","FW":"3","QW":"3","RW":"3","HV":"3","CV":"3","9R":"3","VX":"3","VV":"3","7R":"3|6","8V":"3"},"P4":{"R4":"3","H4":"3","H3":"3","V4":"3"},"33":{"W6":"3","62":"3","52":"3","54":"3","63":"3","22":"3","83":"3","44":"3","53":"3","23":"3","33":"3","73":"3","72":"3","32":"3","42":"3","34":"3","43":"3"},"22":{"QV":"3","GQ":"3","RX":"3","GR":"3","JV":"3","PW":"3","GV":"3","QX":"3","WX":"3","MW":"3","WW":"3","FR":"3","FV":"3","HQ":"3","MR":"3","JR":"3","VW":"3","HR":"3","XW":"3","CR":"3","QW":"3","XX":"3","PV":"3","RW":"3","HV":"3","MV":"3","CV":"3","JW":"3","VX":"3"},"J3":{"7F":"3","7J":"3","5J":"3","8F":"3","6J":"3","7G":"3","8J":"3","8G":"3","5G":"3","9G":"3","7M":"3","CG":"3","FF":"3","CJ":"3","7H":"3","6G":"3","2V":"3","6H":"3","5H":"3","6C":"3","9F":"3","6M":"3","7C":"3","8C":"3","2W":"3","FJ":"3","FG":"3","CF":"3","CC":"3","FC":"3","6F":"3","8H":"3","2R":"3","9C":"3"},"63":{"7Q":"3"},"44":{"PP":"3","WR":"3","QP":"3","QW":"3","CF":"3","PR":"3","RQ":"3","8F":"3","QQ":"3","FJ":"3","WV":"3","FF":"3","MP":"3","RP":"3","RW":"3","VQ":"3","VM":"3","7F":"3","JP":"3","R8":"3","MM":"3","JJ":"3","GG":"3","VP":"3","VV":"3","XR":"3","QV":"3","PV":"3","VX":"3","CJ":"3","PJ":"3","WW":"3","RV":"3","WQ":"3","RM":"3","QM":"3","MJ":"3","XQ":"3","XW":"3","JQ":"3","JR":"3","FG":"3","GH":"3","JM":"3","GM":"3","MV":"3","9F":"3","PQ":"3","9H":"3","8G":"3","GJ":"3","XX":"3","WX":"3","HM":"3","VR":"3","R7":"3","HJ":"3","QR":"3","MQ":"3","HH":"3","PM":"3","9G":"3","XV":"3","VW":"3","XP":"3","MF":"3","CH":"3","WP":"3","JH":"3","F6":"3","HP":"3","FH":"3","RR":"3","MR":"3","CG":"3"},"23":{"W2":"3","V2":"3","X2":"3"},"Q4":{"C3":"3","75":"3"},"54":{"3X":"3","4X":"3","2X":"3","2W":"3","2V":"3","3W":"3"},"66":{"54":"3"},"64":{"3M":"3","3P":"3"},"M4":{"33":"3"},"M3":{"G8":"3","G7":"3"},"Q3":{"43":"3","44":"3","37":"3","33":"3|6","FR":"3","45":"3","24":"3","34":"3","23":"3"},"45":{"W2":"3","X2":"3"},"55":{"62":"3","52":"3","63":"3","22":"3","53":"3","73":"3","72":"3","32":"3","42":"3"},"Q2":{"59":"3","VX":"3","X5":"3"},"32":{"4X":"3","2X":"3","6X":"3","5X":"3","7X":"3"}},"6Q":{"VF":{"WX":"3","VX":"3"},"V7":{"C9":"3","8P":"3","8X":"3","CX":"3","5G":"3"},"XH":{"P6":"3"},"WJ":{"Q5":"3","P4":"3","J6":"3"},"VP":{"J4":"3"},"R8":{"P3":"3"},"XG":{"GW":"3","JQ":"3"},"WM":{"X5":"3","86":"3"},"WP":{"74":"3"},"XJ":{"WX":"3","GM":"3","8J":"3","WW":"3","8M":"3","8G":"3","7J":"3","9M":"3"},"WG":{"X4":"3","HW":"3","22":"3","32":"3"},"V8":{"F3":"3","F2":"3","C5":"3","F5":"3","77":"3","C3":"3","94":"3","93":"3","C6":"3"},"VG":{"W2":"3","V2":"3","X2":"3","J4":"3","W3":"3","P3":"3"},"XM":{"X3":"3"}}},"index":{"university,1|retail,2|tourism,3|wreck,4|historical,5|artsCulture,6|namedBuilding,7|water,8|wetland,9|park,10|beach,11|natureReserve,12|cemetery,13|trail,14":{}}}