{"7F":{"H3":{"45":{"G4":"3"}},"46":{"GJ":{"3W":"3"},"C5":{"RJ":"3"}},"63":{"3G":{"WR":"3"},"6F":{"24":"3","38":"6"},"6C":{"4W":"3"}},"G8":{"6G":{"V9":"3"}},"HV":{"6P":{"W2":"3"},"4V":{"R3":"3"},"92":{"26":"3","42":"3"},"22":{"5R":"3"}},"FV":{"66":{"G4":"3"},"PR":{"CM":"3","CP":"3"},"MQ":{"PM":"3"},"CC":{"6J":"3"}},"WH":{"M9":{"WP":"3"},"G5":{"4J":"3"},"P9":{"3P":"3"}},"JV":{"48":{"V9":"3"}},"59":{"G4":{"7G":"3"},"2H":{"2J":"6"},"F4":{"MJ":"3","JH":"3","Q9":"3","MM":"3","VC":"3","Q8":"3","W7":"3","GF":"3","QF":"3","J6":"3"},"2J":{"2H":"3","2J":"3"},"F3":{"RX":"3"}},"XV":{"66":{"99":"3"},"59":{"W3":"3"},"R7":{"HQ":"3"},"FW":{"PG":"3"}},"R8":{"7V":{"4V":"3","4W":"3"},"7Q":{"J7":"3","M7":"3","73":"3"}},"72":{"GG":{"M8":"3"}},"5C":{"2W":{"25":"3","24":"3"},"RX":{"2H":"3","VP":"3","4R":"3","2F":"3","6J":"3","72":"3","3Q":"3","QM":"3"},"QX":{"XR":"3","RR":"3","XF":"3","CW":"6","WF":"3","XX":"3"},"28":{"HC":"3","J7":"3"}},"3Q":{"V7":{"F2":"3"},"W7":{"59":"3","57":"3"},"X5":{"64":"3"},"R7":{"X3":"3"},"68":{"36":"3"},"P6":{"RR":"3"}},"99":{"7R":{"6H":"3","6G":"3"},"2X":{"45":"3"},"JX":{"XX":"3"},"RX":{"PM":"3"}},"3M":{"R4":{"HX":"6","M7":"3"},"H2":{"F6":"3"},"4G":{"46":"3"},"8X":{"9J":"3"},"R3":{"RV":"3","VW":"3"},"7X":{"WX":"3"},"6V":{"FP":"3","GP":"3"},"68":{"GV":"3"},"V5":{"C4":"3"},"R5":{"54":"3","5R":"3","R3":"3","73":"3","4M":"3"}},"M7":{"5F":{"X2":"3"},"5P":{"5F":"3","2P":"3"},"7H":{"2J":"3"},"2P":{"P9":"3"},"6G":{"QP":"3"},"J8":{"MG":"3"},"7J":{"6P":"3","5P":"3"},"R5":{"64":"3"}},"C9":{"P8":{"6W":"6","6V":"6"}},"53":{"4Q":{"XQ":"3"},"HX":{"2P":"3"}},"J8":{"2Q":{"45":"3"},"4R":{"HC":"3"},"85":{"3M":"3"},"5Q":{"QG":"3"}},"QM":{"WW":{"69":"3","G8":"3","79":"3","77":"3","5G":"3"},"VW":{"XC":"3"}},"WR":{"2P":{"8V":"3"}},"XW":{"52":{"R9":"3"},"7R":{"HW":"3"},"6R":{"96":"3"},"33":{"PQ":"3"},"6M":{"JC":"3"},"57":{"93":"3"},"6F":{"MJ":"3"},"56":{"FW":"3"}},"P8":{"X8":{"5G":"3"}},"FX":{"FJ":{"6X":"3"}},"PC":{"V6":{"PF":"3","GH":"3","J9":"3"},"W6":{"P7":"3"},"RH":{"GQ":"3"},"R5":{"XV":"3"},"VQ":{"F9":"3"},"XX":{"2W":"3","3W":"3"}},"Q9":{"37":{"63":"3"},"HJ":{"5R":"3","RW":"3","PV":"3","GV":"3","CW":"3"},"CF":{"P2":"3"},"7V":{"8C":"3"},"9J":{"4G":"3"},"8X":{"2G":"3","G6":"3","J7":"3","7J":"3","56":"3"},"HM":{"H2":"3"},"QF":{"33":"3"}},"44":{"GG":{"7V":"3"},"HJ":{"3Q":"3"},"FF":{"42":"3"},"7J":{"WF":"3"},"FC":{"86":"3","FH":"3"}},"4Q":{"62":{"2H":"3","2V":"3"},"27":{"X7":"3"},"52":{"8R":"3","8J":"3","J2":"3","PX":"3","6J":"3","7G":"3"},"28":{"PG":"3"},"54":{"HX":"3","22":"3"},"36":{"9C":"3"},"44":{"X9":"3","W7":"3","22":"3","P6":"3"},"35":{"J5":"3","93":"3"},"53":{"5X":"3","4Q":"3","9P":"3","V8":"3","5V":"3"},"23":{"65":"3"},"33":{"VG":"3","Q8":"3","VM":"3","RP":"3","VC":"3","6V":"3","JR":"3","WF":"3","HR":"3","WX":"3","QC":"3","V3":"3","X3":"3","7H":"3","VH":"3","Q7":"3","X4":"6","GH":"3","6M":"3","82":"3","XG":"3","WG":"3"},"72":{"VH":"3"},"32":{"CM":"3","QG":"3","QC":"3","JM":"3","MG":"3","VF":"3","VJ":"3","RH":"3","Q7":"3","MJ":"3","Q4":"3","VG":"3","PG":"3","VH":"3","VM":"3","W8":"3","MH":"3","RG":"3","RF":"3","Q3":"3","R4":"3","RM":"3"},"25":{"7R":"3","MG":"3"},"XP":{"JC":"3","WM":"3"},"42":{"2X":"3","7J":"3","8X":"3","CW":"3","JW":"3","FP":"3","9G":"3","FR":"3","FM":"3","CG":"3","9H":"3","7V":"3","3G":"3","CQ":"3","7Q":"3","8Q":"3","GM":"3","9F":"3","5V":"3","9M":"3","FJ":"3","CF":"3","6Q":"3"},"FC":{"JQ":"3"},"34":{"R4":"3","MQ":"3","9G":"3","PM":"3","W4":"3","RC":"3"},"24":{"H8":"3","HR":"3"},"26":{"26":"3"},"43":{"79":"3","2X":"3","J2":"3","RV":"3","F7":"3","MQ":"3","6X":"3","54":"3","FM":"3","HH":"3","83":"3","44":"3","3W":"3","2J":"3","QJ":"3","GH":"3","2F":"3","23":"3","33":"3","H6":"3","GF":"3","4H":"3","GG":"3"},"P6":{"JF":"3"}},"VR":{"MG":{"JH":"3"}},"QG":{"QH":{"JC":"3","M9":"3","MC":"3","J8":"3","J9":"3"},"66":{"RW":"3"}},"HX":{"J5":{"H9":"3","Q9":"3","M2":"3"},"G3":{"CW":"3"},"96":{"H9":"3"},"X2":{"2R":"3"},"55":{"7H":"3"},"M5":{"89":"3"},"F3":{"2X":"3"}},"6Q":{"48":{"78":"3","77":"3"}},"H6":{"GX":{"GG":"3"}},"42":{"36":{"68":"3","75":"3"},"39":{"6P":"3","5G":"3","69":"3","95":"3","6G":"3","7Q":"3","4F":"3","6H":"3","5H":"3","74":"3","6M":"3","57":"3","82":"3","5C":"3","66":"3"},"2C":{"P4":"3"},"38":{"WR":"3"},"29":{"2P":"3","2M":"3"}},"MQ":{"JW":{"FQ":"3"},"VR":{"35":"3"},"PV":{"5W":"3"},"WQ":{"74":"3"},"JX":{"JC":"3","9Q":"3"},"WP":{"JV":"3"},"QV":{"FJ":"3","R5":"3"},"JV":{"9X":"3","X5":"3"},"VQ":{"QH":"3"}},"FW":{"J6":{"FR":"3"},"G9":{"VH":"3","RG":"3"},"VH":{"XG":"3"},"QJ":{"XX":"3"},"W4":{"76":"3"},"V9":{"MF":"3"},"V8":{"FC":"3"},"RF":{"CQ":"3"},"GG":{"FW":"3"}},"GM":{"GF":{"59":"3"}},"9X":{"W4":{"M3":"3"},"W3":{"9W":"3","3R":"3"}},"PG":{"3R":{"HF":"3","FF":"3","7X":"3"},"43":{"G4":"3"},"X5":{"6F":"3","7G":"3"},"3Q":{"9X":"3","38":"3"},"4W":{"VF":"3","MJ":"3","79":"3","97":"3","8W":"3","5H":"3"},"3X":{"PX":"3","57":"3"},"2R":{"VJ":"3"},"MJ":{"MM":"3"},"2M":{"8Q":"3","9W":"3"},"6W":{"WJ":"3"},"VM":{"38":"3"},"5W":{"55":"3"},"2X":{"M3":"3","63":"3","P2":"3"},"5V":{"Q6":"3","8M":"3","8G":"3","JG":"3"},"7V":{"54":"3","4J":"3","87":"3","92":"3","RM":"3"},"WJ":{"9W":"3"},"3W":{"GP":"3"},"3V":{"8M":"3"},"4X":{"JQ":"3","27":"3","63":"3","M8":"3"},"7W":{"XH":"3"},"6V":{"2G":"3","MM":"3","XM":"3"},"7R":{"FQ":"3"},"2W":{"F2":"3","R3":"3","J4":"3","J3":"3"}},"GJ":{"5W":{"HX":"3"},"W9":{"F7":"3","C7":"3"}},"R2":{"Q2":{"3P":"3"},"P4":{"XJ":"3","XM":"3"}},"8C":{"X2":{"C2":"3","M2":"3"}},"X2":{"66":{"VC":"3"},"98":{"3G":"3","HG":"3"},"99":{"89":"3"},"76":{"6M":"3","7F":"3","3G":"6","8F":"3","FQ":"3","7C":"3","6H":"3","6J":"3","7J":"3","7M":"3"},"PQ":{"JW":"3","JV":"3"},"82":{"86":"3"},"PP":{"MJ":"3","5C":"3","59":"3","PJ":"3"},"77":{"J2":"3"}},"WW":{"CM":{"PX":"3"},"HP":{"75":"3"},"GX":{"6J":"3"}},"XM":{"2H":{"R3":"3","QC":"3"}},"74":{"WC":{"34":"3"},"QJ":{"4R":"3"}},"4V":{"6X":{"QG":"3"},"8W":{"HQ":"3","57":"3"},"7X":{"XC":"3","P7":"3"},"6W":{"XV":"3"}},"V9":{"VR":{"JP":"3"}},"C3":{"CC":{"Q3":"3"},"Q5":{"9Q":"3","FP":"3","FM":"3","CP":"3","CQ":"3","CM":"3","8Q":"3","8M":"3","8P":"3","9P":"3","9M":"3"}},"2P":{"H8":{"WJ":"3","VM":"3","R9":"3","VC":"3","W8":"3","V2":"3","X6":"3","WP":"3","VJ":"3","Q6":"3","V3":"3","P5":"3","RM":"3","R7":"3","V7":"3","R3":"3","WQ":"3","W2":"3","VP":"3","R2":"3","W3":"3","X5":"3","WR":"3","VF":"3","V9":"3","WC":"3","WM":"3","V8":"3","RF":"3","RC":"3","W7":"3","P6":"3"},"RW":{"WM":"3"},"J7":{"2V":"3"},"RX":{"M2":"3"},"CC":{"3C":"3"},"4C":{"7W":"3","8X":"3","5W":"3","8W":"3","7X":"3","4W":"3"},"J8":{"6M":"3","25":"3","4V":"3","2P":"3","3V":"3","26":"3","2F":"3","6J":"3","84":"3","3J":"3"},"H7":{"RW":"3","MJ":"3","HJ":"3","VR":"3","PR":"3","HH":"3","VV":"3","QV":"3","RR":"3","JJ":"3","CH":"3","QR":"3","FH":"3","FG":"3","PW":"3","MX":"3","8R":"3","VW":"3"},"F4":{"JW":"3"},"4F":{"62":"3","52":"3"},"8V":{"PP":"3"},"J9":{"54":"3","47":"3"}},"JX":{"8F":{"RM":"3"},"48":{"66":"3"},"22":{"M3":"3"}},"VH":{"F9":{"79":"3"}},"PQ":{"5J":{"F4":"3"},"4J":{"QF":"3"},"8F":{"89":"3"},"6H":{"6C":"3"},"9C":{"FJ":"3","HC":"3"},"2M":{"MC":"3"},"3J":{"XW":"3"}},"2F":{"7R":{"R8":"6"},"8R":{"7J":"6"},"5V":{"GW":"3"},"7Q":{"WX":"3"}},"35":{"R9":{"VV":"3","MR":"3"},"C3":{"WF":"3"}},"3H":{"5J":{"J5":"3"},"M3":{"XF":"3"},"3V":{"75":"3"},"PX":{"F4":"3"},"5Q":{"8G":"3"},"3W":{"4J":"3"},"5V":{"25":"3"},"2J":{"R5":"3"}},"G2":{"3F":{"M9":"3"},"2X":{"C5":"3"},"5X":{"F9":"3"},"Q8":{"5P":"3"}},"M4":{"3F":{"XJ":"3"}},"22":{"8F":{"PC":"3","WH":"3","R7":"3","Q5":"3"},"X9":{"F8":"3","F7":"3","C7":"3","C6":"3"},"V6":{"G3":"3","J2":"3","73":"3","74":"3","63":"3","82":"3","56":"3","F3":"3"},"V5":{"JW":"3","FX":"3","QW":"3","PP":"3","GX":"3","FV":"3"},"V7":{"P8":"3"},"VR":{"28":"3"},"M4":{"CR":"3"},"M6":{"54":"3","94":"3","VQ":"3"},"9F":{"49":"3","39":"3","FP":"3","4C":"3","6F":"3","6C":"3"},"W9":{"PM":"3","QJ":"3","PH":"3"},"P7":{"53":"3"},"CF":{"3F":"3","38":"3","3C":"3"},"GF":{"F3":"3"},"RC":{"V7":"3"},"R5":{"RR":"3","PV":"3","PX":"3"}},"57":{"R7":{"45":"3","24":"3","42":"3"},"36":{"69":"3","8X":"3","8M":"3"},"Q7":{"W3":"3"},"Q5":{"94":"3"},"R6":{"2V":"3"},"XP":{"MF":"3"},"XG":{"65":"3"},"24":{"MF":"3"},"26":{"44":"3","QP":"3","2X":"3","P8":"3","GC":"3","2W":"3"}},"HW":{"8C":{"FH":"3"},"5F":{"MR":"3"},"7F":{"QQ":"3"},"5R":{"83":"3"},"4G":{"9P":"3"},"4R":{"8C":"3"},"3P":{"M6":"3"},"6H":{"GM":"3"},"9P":{"F7":"3"},"3W":{"CM":"3","6H":"3"},"5V":{"RX":"3"},"4W":{"76":"3"},"GQ":{"68":"3","3J":"3"}},"9C":{"23":{"VW":"3"},"22":{"62":"3"},"84":{"5Q":"3"},"P3":{"W3":"3"}},"3P":{"25":{"R3":"3"},"9H":{"V9":"3","R8":"3","R9":"3","V8":"3"},"45":{"Q6":"3"},"24":{"XW":"3"}},"X8":{"PP":{"XJ":"3"}},"WC":{"FJ":{"CP":"3"}},"5P":{"G6":{"H6":"3"},"FF":{"HH":"3"},"M9":{"PR":"3"}},"4R":{"V7":{"3M":"3","3V":"3","2V":"3","3R":"3","4M":"3"},"RW":{"9X":"3","9W":"3"},"V8":{"54":"3","55":"3","64":"3"}},"HF":{"P2":{"XJ":"3"}},"34":{"JC":{"9R":"3"},"X2":{"57":"3"},"M8":{"H8":"3","GC":"3","H7":"3"},"4W":{"JF":"3","MM":"3","89":"3","9G":"3","7V":"3","5H":"3","7C":"3","QR":"3","HF":"3"}},"CV":{"H2":{"52":"3"}},"X5":{"HM":{"6X":"3"}},"QH":{"7F":{"FF":"3"}},"H8":{"RF":{"FV":"3"},"JC":{"8Q":"3"},"HF":{"J5":"3"},"C9":{"QW":"3"},"VV":{"79":"3"},"XQ":{"XG":"3"}},"VW":{"Q4":{"7J":"3"},"9F":{"CP":"3"},"VH":{"RH":"3"}},"CW":{"VV":{"JR":"3","VH":"3"},"MV":{"64":"3"}},"FJ":{"RQ":{"WQ":"3"},"X6":{"28":"3"}},"PF":{"96":{"PV":"3"},"G8":{"G9":"3"},"G7":{"WX":"3"},"P5":{"JJ":"3"},"MM":{"CM":"3","GR":"3","MV":"3"},"HJ":{"WJ":"3"},"FP":{"5F":"3","H5":"3","Q2":"3","C6":"3","P5":"3"},"Q4":{"JH":"3"},"R3":{"CR":"3","QG":"3","P2":"3","RC":"3"},"MP":{"G5":"3","6P":"3","5P":"3","5M":"3","8Q":"3","7P":"3","8P":"3","72":"3","6Q":"3"},"FF":{"7R":"3","RW":"3","RX":"3","QX":"3"},"G6":{"JQ":"3"},"H9":{"M4":"3","H8":"3","27":"3"},"M7":{"45":"3","42":"3","64":"3"},"HC":{"FQ":"3"},"J5":{"M7":"3"},"JJ":{"VR":"3","GW":"3","8X":"3","PV":"3","CX":"3","HV":"3"},"M6":{"Q7":"3","JH":"3"},"Q5":{"Q4":"3","R5":"3"},"9P":{"C3":"3","F3":"3"},"P4":{"JM":"3"},"9M":{"9X":"3"},"FJ":{"RQ":"3","VP":"3"},"HF":{"3M":"3","7H":"3","3P":"3","4P":"3","2M":"3","7G":"3"},"FG":{"C4":"3","F7":"3","F6":"3"},"GF":{"2Q":"3","WP":"3","HR":"3","QJ":"3"},"X2":{"22":"3"},"R5":{"26":"3"},"JP":{"36":"3"},"9C":{"JJ":"3"},"JM":{"WF":"3"}},"WF":{"2H":{"PG":"3","PF":"3"},"4Q":{"6H":"3"},"4R":{"P5":"3"},"5M":{"2X":"3"},"VX":{"C9":"3","R9":"3"},"3R":{"37":"3","6Q":"3"},"3Q":{"QR":"3","QP":"3","JR":"3","V6":"3","PQ":"3"}},"56":{"J2":{"MM":"3","PM":"3"},"9R":{"3Q":"3"},"P9":{"CM":"3"},"RC":{"V7":"3"}},"W5":{"C8":{"3Q":"3"}},"RJ":{"HQ":{"MH":"3","HC":"3","QV":"3","RM":"3","QF":"3","W8":"3"},"FX":{"VM":"3"},"QC":{"48":"3"}},"96":{"WX":{"C5":"3"},"8P":{"F9":"3"},"VX":{"MP":"3"}},"23":{"79":{"VM":"3","VJ":"3","MM":"3","CG":"3","7H":"3","RJ":"3","QJ":"3","JH":"3","3J":"3","4J":"3"},"WF":{"2Q":"3"},"65":{"G8":"3"},"54":{"7R":"3","J4":"3","J3":"3"},"89":{"8F":"3","52":"3","2P":"3","6J":"3","5F":"3","39":"3","7H":"3","2H":"3","F8":"3","5H":"3","9F":"3","4P":"3","6F":"3"},"J7":{"8C":"3","C9":"3","Q6":"3","M9":"3","9C":"3","M8":"3","7G":"3"},"69":{"WJ":"3"},"76":{"2H":"3"},"55":{"JX":"3"},"78":{"CX":"3","84":"3"},"2F":{"QV":"3"},"VF":{"VW":"3"},"6C":{"6W":"3"},"RC":{"3V":"3"},"34":{"45":"3","V6":"3","93":"3","V5":"3"},"43":{"XH":"3","MM":"3","VM":"3","RM":"3","VJ":"3","QJ":"3","RJ":"3"},"56":{"J3":"3","P2":"3"}},"27":{"9C":{"WJ":"3","WM":"3"}},"RM":{"G8":{"Q9":"3","R8":"3","Q8":"3","R9":"3","V8":"3"},"WF":{"7H":"3","6H":"3"},"G7":{"VJ":"3","RJ":"3"},"G3":{"F8":"3","G8":"3","PR":"3","F9":"3","PQ":"3","G9":"3","J9":"3"},"G2":{"GR":"3","GV":"3","G7":"3","6W":"3","HR":"3","F6":"3","HV":"3"},"MM":{"42":"3"},"H7":{"93":"3","94":"3","84":"3","83":"3"},"VH":{"M9":"3"},"QJ":{"JP":"3"},"WR":{"M2":"3"},"VF":{"RW":"3","VX":"3"},"QG":{"P4":"3","P5":"3"},"RG":{"2Q":"3","2P":"3","4P":"3"},"H5":{"Q7":"3"},"X7":{"27":"3","26":"3"},"W7":{"X6":"3","X7":"3"}},"V2":{"RC":{"9H":"3"}},"PH":{"22":{"F6":"3"}},"V3":{"4V":{"58":"3"},"2W":{"RH":"3","VH":"3"},"22":{"8G":"3","HR":"3"},"3W":{"9F":"3","X3":"3","W4":"3"},"4W":{"66":"3","C7":"3","46":"3"}},"67":{"V7":{"VC":"3","MQ":"3","V3":"3","R7":"3","R4":"3","W5":"3","MV":"3","PM":"3","V4":"3","V9":"3","R6":"3","RG":"3","MX":"3"},"F6":{"5W":"3"}},"3C":{"XH":{"5P":"3","4P":"3","V8":"3"},"8Q":{"FG":"3"},"XG":{"9H":"3","CX":"3","MF":"3","WM":"3","QC":"3","P9":"3","P7":"3"},"XC":{"FH":"6","CH":"6"},"6C":{"W5":"3"},"MP":{"W2":"3"}},"WX":{"67":{"W9":"3"},"7W":{"XF":"3"},"JV":{"JP":"3"},"G2":{"42":"3"},"V6":{"QJ":"3"},"RM":{"8R":"3"},"VR":{"QV":"3","22":"3","P2":"3"},"XQ":{"69":"3"},"WQ":{"88":"3"},"J6":{"H5":"3"},"HV":{"HQ":"3"},"RR":{"93":"3"},"55":{"68":"3"},"RQ":{"63":"3"},"6C":{"V4":"3"},"2W":{"X6":"3"},"5C":{"WQ":"3"},"VX":{"4H":"3"}},"48":{"5P":{"27":"3"},"H3":{"6X":"3"}},"78":{"WH":{"QW":"3"},"VH":{"V5":"3"}},"5G":{"3F":{"H5":"3"},"G4":{"9Q":"3"},"9W":{"4H":"3"}},"5X":{"7M":{"JX":"3"}},"86":{"CX":{"4X":"3"},"XX":{"9X":"3"}},"J6":{"VV":{"P8":"3"},"WW":{"23":"3"}},"P9":{"VR":{"8H":"3"},"RW":{"35":"3"}},"2Q":{"V3":{"7M":"3"},"79":{"H9":"3","CF":"3","9F":"3"},"7C":{"V3":"3"},"V2":{"3X":"3"},"R3":{"X5":"3"},"86":{"XR":"3","PF":"3","FF":"3","MF":"3","RH":"3","JF":"3","FC":"3","MG":"3"}},"5H":{"P5":{"6J":"3"}},"QJ":{"F4":{"V4":"3"}},"5R":{"JF":{"MW":"3","WQ":"3"}},"4W":{"43":{"X2":"3"},"62":{"6C":"3"},"33":{"79":"3"},"5M":{"MV":"3"},"53":{"F4":"3"},"42":{"9J":"3","8J":"3","QX":"3"},"55":{"VF":"3","Q7":"3","G7":"3"},"34":{"W7":"3"},"56":{"7C":"3"}},"58":{"MP":{"53":"3"},"F4":{"RM":"3","PM":"3","QM":"3"}},"RP":{"4P":{"MQ":"3"},"XC":{"GR":"3","FR":"3","GV":"3","FV":"3"},"WF":{"V9":"3","W9":"3","W8":"3"}},"RC":{"FF":{"6M":"3","5J":"3","3M":"3","XG":"3"},"GF":{"4G":"3","7C":"3","2F":"3","6R":"3","7J":"3","5H":"3","4M":"3","5G":"3","3J":"3"}},"J7":{"QH":{"V8":"3","P9":"3","P4":"3"},"VJ":{"QC":"3"},"R7":{"H2":"3","H5":"3"},"R4":{"H2":"3","MP":"3","W4":"3"},"X8":{"8R":"3"},"RH":{"25":"3","FP":"3"},"R6":{"CW":"3","FV":"3"},"PH":{"XX":"3"},"QG":{"VG":"3","WJ":"3","RP":"3","X9":"3","MM":"3","V7":"3","QF":"3","MP":"3","PF":"3","VP":"3","C9":"3","RQ":"3","QG":"6|3","P9":"3","WG":"3","MX":"3","JP":"3","JM":"3"},"RG":{"36":"3","2X":"3","4V":"3","4R":"3","3V":"3","3R":"3","2J":"3"},"GF":{"GF":"3"}},"45":{"26":{"W6":"3"}},"4J":{"G2":{"85":"3","84":"3"}},"65":{"J4":{"W6":"3"}},"PP":{"RF":{"HX":"3"},"Q8":{"MH":"3"}},"G4":{"C3":{"2H":"3"}},"32":{"5J":{"5F":"3"},"33":{"R2":"3"},"24":{"Q7":"3"},"42":{"5F":"3","35":"3","H5":"3"},"32":{"X9":"3","WG":"3","WF":"3"}},"3W":{"X2":{"VR":"3"}},"QC":{"7G":{"7J":"3"},"C8":{"VQ":"3","WJ":"3","5J":"3","QP":"3","WQ":"3","7M":"3","MP":"3","QM":"3","PM":"3","6M":"3","WW":"3","73":"3"},"FH":{"F9":"3"},"9C":{"R4":"3","FM":"3","9P":"3","MV":"3"},"97":{"H5":"3","2W":"3","J8":"3","3W":"3","J9":"3"},"88":{"5J":"3","2H":"3","V2":"3"},"86":{"85":"3"},"4G":{"X4":"3","Q8":"3","V8":"3","W3":"3"},"8G":{"3H":"3"},"7Q":{"XX":"3"},"4H":{"5C":"3"},"85":{"H6":"3","3R":"3"},"96":{"XQ":"3","RV":"3","74":"3","W9":"3","W8":"3"},"FP":{"X7":"3"},"6G":{"HJ":"3","HM":"3"},"95":{"8F":"3","CF":"3","8V":"3"},"CC":{"GJ":"3"},"78":{"MQ":"3"},"CF":{"78":"3","F7":"3","68":"3"},"C7":{"4V":"3","MW":"3","PC":"3","JV":"3","X8":"3","FV":"3","RJ":"3","HV":"3"},"C9":{"RF":"3","V4":"3","J6":"3","QG":"3","RG":"3"},"87":{"XQ":"3","XW":"3"},"3C":{"2H":"3"},"98":{"66":"3","96":"3","Q6":"3","47":"3"},"8F":{"JP":"3"},"6F":{"H2":"3","MQ":"3"},"8C":{"56":"3"},"F6":{"4Q":"3","2M":"3"},"82":{"W5":"3","XC":"3"},"2C":{"VM":"3"},"6C":{"X9":"3","PR":"3","PQ":"3","X8":"3"},"2V":{"45":"3"},"5F":{"MJ":"3","HF":"3","CP":"3","P8":"3","MM":"3","M7":"3","GF":"3","J8":"3","M8":"3"},"GM":{"HC":"3"},"F8":{"3G":"3"},"4C":{"JW":"3"},"FG":{"5M":"3"},"C6":{"C9":"3","5C":"3","2G":"3","2V":"3","3W":"3","PP":"3"},"5G":{"FQ":"3","9P":"3"},"84":{"Q8":"3"},"2H":{"H4":"3"}},"5J":{"62":{"8F":"3","GC":"3","7G":"6"},"8J":{"87":"3","93":"3","C3":"3","65":"6","F3":"3"},"FR":{"CP":"3","CQ":"3"},"8H":{"7R":"3","7V":"3","6R":"3","6Q":"3","7Q":"3"},"FW":{"V4":"3"}},"XR":{"6M":{"G7":"3"},"54":{"QX":"3","7P":"3"},"VR":{"PW":"3"},"45":{"V9":"3","V7":"3","R8":"3","R9":"3","R6":"3","R7":"3","V8":"3"},"W5":{"F7":"3"},"93":{"35":"3","GG":"3","8P":"3","J7":"3","GF":"3","CQ":"3","47":"3"},"Q3":{"96":"3"},"HW":{"XM":"3"},"F9":{"3C":"3"},"55":{"V2":"3","G2":"3"},"X7":{"C6":"3"},"X5":{"H2":"3"},"WG":{"26":"3"},"HG":{"23":"3"},"W4":{"8F":"3"},"P6":{"XM":"3"}},"MG":{"V9":{"2F":"3"},"WW":{"93":"3","GF":"3"},"XW":{"VV":"3","W6":"3","GF":"3","JG":"3"}},"F4":{"VC":{"QW":"3"},"XX":{"FG":"3","38":"3"}},"39":{"3M":{"W6":"3","X6":"3","V3":"3","Q6":"3","V6":"3","P5":"3","V5":"3","V7":"3","R4":"3","Q2":"3","Q4":"3","R3":"3","W5":"3","P2":"3","X3":"3","R2":"3","X5":"3","W3":"3","V4":"3","Q7":"3","M6":"3","Q3":"3","X4":"3","P3":"3","W4":"3","R6":"3","Q5":"3","P4":"3","P7":"3","M5":"3","R5":"3","P6":"3"},"MM":{"WC":"3","QG":"3"},"3P":{"64":"3"},"4P":{"F2":"3","66":"3","J2":"3","F7":"3"},"4M":{"25":"3","W2":"3","26":"3","24":"3","JX":"3","X2":"3"}},"97":{"5F":{"3V":"3","8W":"3","9R":"3"},"5J":{"XP":"3"},"M6":{"9M":"3"},"24":{"3V":"3"},"97":{"3P":"3"},"3W":{"4F":"3"}},"49":{"XJ":{"RF":"3","6P":"3","XH":"3","XJ":"3","6Q":"3","7P":"3","7Q":"3"},"VM":{"26":"3"},"VH":{"XR":"3"}},"88":{"VG":{"G3":"3","84":"3"},"WF":{"8J":"3"},"X6":{"29":"3"},"QF":{"RJ":"3"},"F5":{"JC":"3","CF":"3"},"77":{"G6":"3"},"48":{"X6":"3"},"Q3":{"M3":"3","P3":"3"},"P7":{"GH":"3"},"P9":{"H2":"3"},"QW":{"WR":"3"}},"XJ":{"GX":{"59":"3","97":"3"}},"54":{"47":{"97":"3"},"F3":{"XV":"3","XQ":"3","RV":"3","VP":"3","X4":"3","QW":"3","RX":"3","WM":"3","CR":"3","X3":"3","XW":"3","W9":"3","CQ":"3"},"H4":{"63":"3","95":"6","2H":"3","MH":"3","WC":"3","FJ":"3","42":"3","43":"3"},"H3":{"6V":"3","MG":"3","CW":"3","CV":"3","7R":"3","FR":"3","7M":"3","49":"3","JX":"3","CP":"3","2H":"3","7Q":"3","V9":"3","6C":"3","7P":"3","6M":"3","5V":"3","PH":"3","CR":"3","RG":"3","RC":"3","24":"3","8R":"3"},"G4":{"M3":"3","WH":"3","64":"3","2P":"6","6C":"3","G2":"3","54":"3","83":"3","QQ":"3","78":"3","93":"3","82":"3","92":"3","J3":"3","RW":"3","75":"3","38":"3","2H":"3","5F":"3","QV":"3","F4":"3","55":"3","96":"3","G6":"3","8P":"3","8H":"3","77":"3","23":"3","3R":"3","F8":"3","45":"3","73":"3","7G":"3","65":"3","G4":"3","69":"3","36":"3","47":"3","F9":"3","58":"3","M6":"3","37":"3","3P":"6","76":"3","P5":"3","M4":"3","V6":"3","74":"6","46":"3","5W":"3","9G":"3","87":"3","27":"3","F6":"3","84":"3","RR":"3","86":"3","PF":"3"},"99":{"XW":"3"},"6P":{"4Q":"3"},"F5":{"CP":"3","X3":"3","FH":"3"},"7X":{"R4":"3","V4":"3"},"8H":{"GV":"3"},"3P":{"CF":"3","FF":"3"},"G2":{"RV":"3"},"H2":{"F4":"3","JG":"3","F3":"3"},"G3":{"2X":"6|3","H3":"3","G3":"3","G2":"3","QC":"3","CW":"3","X9":"3","RM":"3","HQ":"3","CX":"3","MC":"3","HV":"3","R8":"3","PX":"3","MH":"3","MW":"3","H2":"3","PC":"3","R6":"3"},"J2":{"RW":"3","QW":"3"},"F4":{"VR":"3","H5":"3","58":"3","WC":"3","XC":"3"},"G5":{"59":"3","7P":"3"},"4P":{"PP":"3"}},"MV":{"87":{"62":"3"},"86":{"79":"3"},"GV":{"9M":"3"},"GW":{"VP":"3"},"89":{"JV":"3"},"FR":{"J2":"3"},"HH":{"45":"3"},"F9":{"RX":"3"},"83":{"3C":"3"},"HC":{"68":"3"},"85":{"6G":"3"},"CP":{"WH":"3"},"C9":{"9X":"3"},"MH":{"P3":"3"},"GC":{"J4":"3","56":"3"},"JH":{"M3":"3"},"88":{"62":"3","6X":"3"},"8C":{"WG":"3"},"82":{"58":"3","2V":"3"},"GF":{"M4":"3"},"FC":{"84":"3"},"84":{"GR":"3"},"9C":{"H9":"3"},"GG":{"J7":"3"}},"GW":{"87":{"48":"3"},"HM":{"6X":"3"},"VR":{"P6":"3"},"J7":{"3P":"3"},"49":{"JJ":"3"},"FF":{"92":"3","34":"3","F5":"3"},"C8":{"6Q":"3"},"F9":{"2H":"3"},"G6":{"8V":"3"},"VP":{"V6":"3"},"3G":{"PJ":"3"},"8Q":{"QW":"3"},"GM":{"2M":"3"},"37":{"48":"3"},"98":{"XJ":"3"},"XW":{"7H":"3"},"WM":{"38":"3"},"8C":{"59":"3"},"PH":{"43":"3"},"CR":{"PH":"3"},"8H":{"V9":"3"},"8R":{"F8":"3"}},"HJ":{"37":{"H9":"3","HC":"3"},"28":{"85":"3"}},"2M":{"GH":{"8Q":"3"},"4F":{"3X":"3"}},"89":{"WX":{"X8":"3"},"PG":{"83":"3"},"XX":{"CM":"3","FQ":"3","JQ":"6","PX":"3","FM":"3","29":"3","CW":"3","HR":"3","CQ":"3"}},"JR":{"2C":{"GH":"3"}},"PX":{"52":{"79":"3","95":"3"}},"RH":{"2X":{"WJ":"3"}},"6M":{"74":{"45":"3"}},"4C":{"2G":{"54":"3","MM":"3","3P":"3","8M":"3","4P":"3","JM":"3","8W":"3","74":"3","3W":"3","2M":"3"},"2H":{"37":"3","33":"3","45":"3"},"XW":{"W2":"3"}},"W9":{"C9":{"GH":"3"},"J6":{"4W":"3"},"JG":{"98":"3"}},"6F":{"4M":{"94":"3"}},"VM":{"FX":{"VC":"3","JG":"3","RG":"3"},"FQ":{"JJ":"3"},"G6":{"2H":"3"},"RV":{"4X":"3"},"RW":{"66":"3","33":"3"},"93":{"CP":"3"},"PX":{"55":"3","65":"3"},"HW":{"VR":"3"},"JJ":{"WP":"3"},"QX":{"H3":"3"},"38":{"MM":"3"},"VW":{"RF":"3"},"MX":{"6C":"3"},"95":{"5P":"3"},"F3":{"23":"3"}},"MW":{"WJ":{"4G":"3"},"XQ":{"XX":"3"},"P8":{"MQ":"3"},"VH":{"JW":"3"},"M6":{"VF":"3"},"H2":{"VP":"3"},"RG":{"RW":"3","HG":"3"}},"87":{"W4":{"9J":"3"},"F3":{"M6":"3","P7":"3"},"3R":{"F2":"3","CJ":"3"},"V2":{"WC":"3","VG":"3"},"QF":{"4M":"3"},"X5":{"X8":"3"},"8P":{"XG":"3"},"7C":{"9G":"3","PP":"3"},"9P":{"4P":"3"},"4G":{"P7":"3"},"XV":{"CR":"3"},"MP":{"4R":"3"},"3Q":{"HM":"3"},"CJ":{"R4":"3"},"W7":{"3W":"3","4W":"3"},"R2":{"V9":"3","R8":"3","R6":"3"},"7H":{"C4":"3"},"6H":{"6M":"3","8V":"3"},"M8":{"QM":"3"},"PG":{"P8":"3","J8":"3","M8":"3"},"RQ":{"W9":"3"},"W2":{"7V":"3","5Q":"3","9R":"3"},"F2":{"MJ":"3","RR":"3"},"R3":{"2J":"3"},"G2":{"5W":"3"},"VC":{"QH":"3"},"8C":{"2P":"3"},"C2":{"69":"3","23":"3","6C":"3"},"QH":{"8H":"3","QV":"3"},"Q3":{"WM":"3"},"MM":{"MR":"3"},"GH":{"89":"3"},"J2":{"JV":"3"},"VQ":{"29":"3","3H":"3"},"PP":{"QX":"3"},"F4":{"MQ":"3"},"PF":{"89":"3"}},"43":{"3Q":{"9Q":"3","CQ":"3","GP":"3"}},"M8":{"C7":{"C6":"3"}},"5F":{"W8":{"VM":"3"}},"XP":{"J7":{"P7":"3"},"X7":{"P8":"3"},"R5":{"73":"3"}},"3J":{"CM":{"M4":"3"}},"62":{"2P":{"5W":"3"},"XP":{"5F":"3"},"PW":{"M7":"3","M8":"3"}},"W4":{"35":{"92":"3","94":"3"}},"6R":{"XQ":{"57":"3"}},"5W":{"62":{"XX":"3"},"73":{"33":"3","38":"3"},"68":{"8R":"3"}},"2H":{"85":{"4G":"3","3G":"3","4C":"6","3H":"3","2H":"3","4F":"3|6","2F":"6","2G":"3","5C":"3","3C":"6"},"73":{"VV":"3","QH":"6","WW":"3","VP":"6","RG":"6"},"74":{"F9":"3","PC":"3"},"72":{"Q7":"3","QV":"3"},"WF":{"CJ":"3"},"65":{"V6":"3"},"75":{"97":"3","J7":"3","XJ":"3","6C":"3","FC":"3","68":"3","C6":"3"}},"H2":{"8P":{"9J":"3"},"8X":{"G3":"3","J2":"3","MC":"3","J4":"3","P3":"3"},"8W":{"HX":"3","CW":"3","GX":"3"},"6Q":{"P3":"3"}},"WM":{"FM":{"X2":"3"}},"V4":{"5F":{"XQ":"3","XG":"3","XF":"6","XJ":"3","WG":"3","PM":"3","WF":"6"},"5C":{"JR":"3"},"6F":{"3Q":"3"},"72":{"XX":"3"}},"26":{"3P":{"F9":"3"}},"24":{"FP":{"WJ":"3"},"89":{"XP":"3"}},"RF":{"3P":{"83":"3"}},"98":{"G5":{"FV":"3"}},"2C":{"5X":{"RC":"3"}},"4F":{"Q2":{"F7":"3"}},"4P":{"96":{"M6":"3"},"JR":{"QH":"3","RH":"3","QJ":"3","RJ":"3","RG":"3"},"8G":{"RW":"3"},"VR":{"7M":"3","8Q":"3","3R":"3","8P":"3","4V":"3","8M":"3","7Q":"3","6P":"3","6R":"3","4R":"3","6M":"3","6W":"3","5W":"3","5V":"3","6Q":"3","5R":"3","7P":"3","6V":"3","4Q":"3","5Q":"3"},"97":{"74":"3"},"QM":{"XH":"3"},"6W":{"G4":"3"},"C8":{"JQ":"3","52":"3","FC":"3","PP":"3"},"99":{"9F":"3"},"5P":{"JH":"3"},"C9":{"G6":"3"},"XX":{"WG":"3"},"4X":{"8F":"3","8J":"3","GH":"3","R6":"3","HR":"3","CH":"3","RC":"3"},"9F":{"78":"3","5G":"3"},"98":{"GC":"3","HC":"3"},"4W":{"PV":"3"},"5W":{"8X":"3","GV":"3"}},"MR":{"G8":{"5X":"3","F9":"3"},"9Q":{"R4":"3"},"G7":{"QR":"3"},"8X":{"2G":"3"},"8W":{"59":"3"},"CG":{"Q4":"3","FX":"3"},"G9":{"2V":"3"},"9R":{"Q5":"3"},"J3":{"CH":"3"},"9P":{"M8":"3"},"H6":{"5G":"3"},"8V":{"PQ":"3"},"H4":{"VM":"3"},"FC":{"JX":"3"},"9V":{"95":"3"},"9J":{"79":"3"}},"XX":{"62":{"5X":"3"},"66":{"8C":"3"},"FR":{"57":"3"},"4R":{"G9":"3"},"53":{"RM":"3"}},"GR":{"7J":{"GC":"3"},"FW":{"V5":"3"},"8X":{"73":"3"},"MM":{"62":"3"},"FR":{"RG":"3"},"HX":{"3J":"3"},"GP":{"43":"3","7V":"3"},"J9":{"53":"3"},"PR":{"98":"3"},"QV":{"CV":"3"},"7H":{"JP":"3","GX":"3"},"JX":{"88":"3","68":"3"},"CQ":{"8C":"3"},"6H":{"RQ":"3"},"JP":{"PM":"3"}},"3G":{"8F":{"55":"3","56":"3"},"M5":{"JC":"3"}},"WP":{"M4":{"93":"3"},"47":{"XJ":"3"}},"68":{"3J":{"78":"3"}},"PW":{"5X":{"FW":"3"},"9Q":{"9G":"3","JF":"3"},"HJ":{"WW":"3","CH":"3"},"MP":{"VJ":"3"},"F9":{"2P":"3"},"4X":{"9G":"3"},"9F":{"VR":"3"},"2W":{"V2":"3"},"9P":{"JW":"3"},"2R":{"4F":"3"},"JM":{"M2":"3"}},"6J":{"G8":{"MC":"3"}},"VG":{"M4":{"MM":"3"},"M2":{"8C":"3"},"VJ":{"4X":"3","G6":"3"}},"R3":{"X3":{"CM":"3","HG":"3","5H":"3","CQ":"3","CH":"6|3"},"WF":{"8X":"3"}},"G3":{"67":{"2M":"3"},"X7":{"75":"3"},"R6":{"59":"3"}},"25":{"94":{"3W":"3","4W":"3"}},"JQ":{"WV":{"GV":"3","HV":"3"}},"WV":{"6M":{"FH":"3"},"5J":{"3F":"3"},"5M":{"M6":"3"},"2V":{"RC":"3"},"6C":{"G6":"3"},"MG":{"9V":"3"}},"5M":{"M8":{"6M":"3","7J":"3","V8":"3"},"V5":{"JF":"3"},"G5":{"H6":"3","P9":"3","JG":"3"}},"3F":{"P9":{"44":"3","C6":"3"}},"WG":{"V3":{"RH":"3"},"V2":{"QF":"3","QG":"3"},"W3":{"54":"3","56":"3"}},"VP":{"G7":{"Q9":"3","W9":"3","QF":"3","PP":"3"},"G2":{"37":"3","GC":"3","7C":"3"},"6J":{"F8":"3","GG":"3"},"F2":{"XC":"3"},"28":{"RR":"3"},"97":{"VW":"3"},"9W":{"96":"3","97":"3","74":"3","94":"3","C5":"3","95":"3"},"63":{"X8":"3"},"4C":{"26":"3","3C":"3"},"2F":{"8P":"3","GC":"3","9P":"3","9M":"3"},"6C":{"V3":"3"},"6M":{"69":"3","48":"3","49":"3","58":"3","4C":"3","6C":"3","68":"3","57":"3","47":"3"},"73":{"2C":"3"},"3C":{"48":"3","4H":"3","C7":"3"},"H5":{"GR":"3"},"2C":{"VF":"6","RF":"6","HQ":"3","GJ":"3","FJ":"3","XP":"3","PC":"3","VG":"6|3","VQ":"3","G9":"3","RG":"6","PH":"3"}},"33":{"7H":{"XF":"3"},"6G":{"34":"3"},"PQ":{"XP":"3"},"MP":{"RC":"3"},"CH":{"6M":"3","6P":"3","5P":"3","5M":"3"}},"CX":{"HJ":{"F8":"3"}},"7C":{"8W":{"2X":"3"}},"HR":{"8X":{"7W":"3","9Q":"3","8X":"3","9X":"3","7R":"3","9W":"3","8W":"3","7V":"3","9R":"3","8V":"3","9V":"3","8R":"3"},"X4":{"6C":"3"}},"4H":{"VW":{"F6":"3"},"GX":{"C5":"3"}},"XQ":{"4X":{"GJ":"3","97":"3","J2":"3","MC":"3","F5":"3"},"WJ":{"X2":"3"},"4Q":{"68":"3"},"3P":{"MM":"3","MP":"3","PP":"3"},"3Q":{"VF":"3"},"4W":{"JP":"3","CJ":"3","88":"3","9F":"3","GX":"3"},"P6":{"R8":"3"}},"W2":{"M9":{"F2":"3"},"47":{"HM":"3"}},"F7":{"HQ":{"HF":"3"},"FQ":{"8V":"3"}},"55":{"36":{"43":"3"},"35":{"4V":"3"},"25":{"VX":"6|3","RX":"3","HW":"3","6W":"3","WP":"3","XM":"3"}},"29":{"HF":{"33":"3","34":"3","23":"3","22":"3","56":"3","32":"3"},"CF":{"X8":"3"},"HC":{"4X":"3","5X":"3","5W":"3"},"GC":{"47":"3","HW":"3","XR":"3","HP":"3","3G":"3","3J":"3","GR":"3","2G":"3","JV":"3","PW":"3","8G":"3","XV":"3","5J":"3","WX":"3","3M":"3","7J":"6","JG":"3","HM":"3","JR":"3","HX":"3","HR":"3","RR":"3","HV":"3","2P":"3"},"CC":{"WF":"3"},"GF":{"V3":"3","H2":"3","P9":"3","P4":"3"},"FC":{"XM":"3"},"J9":{"8C":"3","99":"3","9C":"3"}},"28":{"52":{"R6":"3"}},"CJ":{"XV":{"RR":"3"}},"36":{"4Q":{"GC":"3"},"W7":{"H8":"3"}},"9G":{"P3":{"VM":"3"}},"GV":{"F4":{"R7":"3","QF":"3"},"G8":{"8M":"3"},"F2":{"4J":"3","5C":"3","63":"3"},"W2":{"5M":"3"},"J9":{"7V":"3"},"95":{"X6":"3","Q3":"3"},"QV":{"85":"3","P9":"3"},"X5":{"5P":"3"},"G4":{"9C":"3","89":"3"},"4V":{"WC":"3"},"PV":{"P2":"3"},"H2":{"6R":"3"},"R6":{"8H":"3"},"GF":{"86":"3"},"8H":{"89":"3"}},"QP":{"VX":{"5M":"3"}},"PV":{"WQ":{"F5":"3","75":"3"}}},"index":{"university,1|retail,2|tourism,3|wreck,4|historical,5|artsCulture,6|namedBuilding,7|water,8|wetland,9|park,10|beach,11|natureReserve,12|cemetery,13|trail,14":{}}}