{"7R":{"67":{"44":{"RQ":"3","QR":"3","VV":"3","WW":"3","JJ":"3","QV":"3","HM":"3","PP":"3"},"WJ":{"XJ":"3","QM":"3"},"45":{"8R":"3","WQ":"3","F9":"3","9Q":"3","7G":"3","RG":"3"},"WM":{"Q2":"3"},"55":{"42":"3"},"XJ":{"8C":"3","6M":"3","5J":"3","8F":"3","V3":"3","6X":"3","HC":"3","MM":"3","5M":"3","6J":"3","7J":"6"},"46":{"RF":"3","F7":"3"},"57":{"CF":"3","W5":"3","8H":"3","X7":"3","X5":"3","38":"3","VH":"3"},"56":{"VG":"3","G2":"3","3G":"3","2J":"3","3H":"3","23":"3","2G":"3","QQ":"3","4H":"3"}},"PM":{"7X":{"JM":"3","QM":"3"}},"56":{"7M":{"98":"3","F7":"3","88":"3","X7":"3","X5":"3","89":"3"},"HW":{"8H":"3"},"8Q":{"Q9":"3"},"CM":{"26":"3","F7":"3","FG":"3","CG":"3"},"8P":{"FP":"3","GQ":"3"},"GQ":{"3X":"3","5J":"3","4X":"3","2Q":"3","3V":"3","2W":"3","2V":"3","4P":"3","8W":"3","3R":"3","3W":"3","4W":"3"},"GR":{"53":"3","V5":"3","C8":"3","J4":"3","H4":"3","43":"3","J3":"3","7Q":"3","73":"3","85":"3","44":"3","75":"3","6R":"3","96":"3","94":"3","95":"3","65":"3","64":"3","5V":"3","74":"3","42":"3","P3":"3","G3":"3","C3":"3","C4":"3","84":"3","3F":"3"},"JV":{"W2":"3"},"GV":{"CG":"3"},"8M":{"G8":"3","39":"3","H3":"3","J6":"3"},"7Q":{"G3":"3"},"CJ":{"JR":"3"},"FM":{"6P":"3"},"FP":{"FX":"3","9X":"3","GJ":"3","JH":"3","GC":"3","FR":"3","93":"3","C5":"3","7P":"3","68":"3","C3":"3"},"9Q":{"89":"3"},"FV":{"RG":"3"},"9J":{"6X":"3"},"9M":{"XC":"3","P4":"3"},"HR":{"CF":"3","58":"3"},"CQ":{"7P":"3"},"CP":{"8P":"3","HG":"3"},"7P":{"8R":"3","CX":"3","HX":"3","9Q":"3","GX":"3"},"FQ":{"WJ":"3","VQ":"3","65":"3","G2":"3","F2":"3","VR":"3","MF":"3","FM":"3","MC":"3","XC":"3","C3":"3","RR":"3","WR":"3","QJ":"3","RQ":"3","VF":"3","WC":"3","WW":"3","VX":"3"}},"V4":{"36":{"V3":"3","X7":"3","W8":"3"},"35":{"RQ":"3","WR":"3","VR":"3","WV":"3","WW":"3","WM":"3","5V":"3"},"25":{"QG":"3"},"26":{"V4":"3"},"46":{"25":"3","26":"3","24":"3"}},"77":{"7R":{"36":"3","27":"3","6F":"3","J4":"3"},"6P":{"V6":"3","58":"3","88":"3","69":"3","5C":"3","Q7":"3","4F":"3","78":"3","V7":"3","79":"3","R6":"3","GW":"3","59":"3","98":"3","6F":"3","8C":"3|6","6C":"3","29":"3","R7":"3","89":"3"},"5P":{"4G":"3","G7":"3","J7":"3","22":"3","3G":"3","PV":"3","4F":"3","74":"3","53":"3","73":"3","XV":"3","42":"3","34":"3","C7":"3"},"3M":{"F4":"3","G2":"3","F2":"3","92":"3","C2":"3","H2":"3","82":"3","93":"3","72":"3"},"5M":{"2X":"3"},"4P":{"V2":"3","W3":"3","V9":"3","WC":"3","4P":"3","73":"3","58":"3","HG":"3","GF":"3","4Q":"3","X2":"3"},"6Q":{"VX":"3","5H":"3","GQ":"3","9M":"3","W8":"3"},"5Q":{"V7":"3","FP":"3","6F":"3","6C":"3","63":"3"},"2J":{"PX":"3","QQ":"3","GF":"3","GP":"3"},"4M":{"VX":"3","JV":"3","HV":"3"},"7Q":{"9Q":"3","6P":"3","7M":"3","3G":"3","3H":"3","2H":"3","8Q":"3","7Q":"3","7P":"3","8P":"3","6M":"3","2G":"3","9P":"3","8R":"3"},"3J":{"HP":"3","FH":"3","FJ":"3","CV":"3","CG":"3","FP":"3","C8":"3","9P":"3","7V":"3","8G":"3","8W":"3","9Q":"3","FW":"3","9W":"3","FV":"3","JX":"3","GP":"3","GM":"3","8P":"3","7W":"3","FQ":"3","4Q":"3","9J":"3","JR":"3","GW":"3","FR":"3","JH":"3","JW":"3","7M":"3","9V":"3","PP":"3","7R":"3","HV":"3","MR":"3","8J":"3","MV":"3","8R":"3","CR":"3","HX":"3","GG":"3","7J":"3","7H":"3","9X":"3","JV":"3","CQ":"3","CJ":"3","PQ":"3","HJ":"3","GJ":"3","6G":"3","87":"3","8V":"3","HR":"3","JQ":"3","PR":"3","6V":"3","8M":"3","7P":"3","JJ":"3","9R":"3","GR":"3","HH":"3","FX":"3","9M":"3","HW":"3","9G":"3","8H":"3","GX":"3","CH":"3","MQ":"3","9H":"3","MM":"3","HF":"3","JP":"3","7G":"3","HM":"3","MX":"3","CW":"3","7X":"3","FM":"3","GV":"3","MP":"3","3Q":"3","6M":"3","78":"3","CX":"3","CM":"3","GQ":"3","GH":"3","HG":"3","6H":"3","FG":"3","7Q":"3","CP":"3","8X":"3","MJ":"3","8Q":"3","HQ":"3","JM":"3","MW":"3","6J":"3"}}},"index":{"university,1|retail,2|tourism,3|wreck,4|historical,5|artsCulture,6|namedBuilding,7|water,8|wetland,9|park,10|beach,11|natureReserve,12|cemetery,13|trail,14":{}}}