{"88":{"V5":{"4J":{"39":"3","CJ":"3","2C":"3","38":"3"},"R2":{"WR":"3"},"JQ":{"HF":"3"},"3P":{"87":"3","98":"3","97":"3","88":"3","86":"3","64":"3"},"3J":{"WJ":"3","XC":"3"}},"V6":{"35":{"FC":"3"},"V7":{"82":"3"},"5R":{"7W":"3","7V":"3"},"49":{"3M":"3","3W":"3","2J":"3"},"39":{"WJ":"3"},"37":{"W4":"3"},"G4":{"X6":"3"},"4Q":{"3P":"3"},"X9":{"9R":"3"},"JQ":{"PQ":"3"},"MH":{"GC":"3","J9":"3"},"V6":{"9H":"3","CH":"3"},"4P":{"79":"3","8F":"3","89":"3","9G":"3","9H":"3","78":"3","9F":"3","88":"3","8C":"3","9C":"3","HP":"3"},"H3":{"3G":"3"},"6H":{"5W":"3"},"WC":{"F8":"3","F7":"3","C7":"3","C6":"3","F5":"3","F6":"3"},"GH":{"FQ":"3"},"W7":{"G8":"3"},"3R":{"PH":"3"},"W6":{"3G":"3","8X":"3","HW":"3"},"FG":{"64":"3"},"38":{"RR":"3","QQ":"3"},"3Q":{"Q8":"3","R9":"3","Q9":"3","W8":"3","Q6":"3","R7":"3","V7":"3","X8":"3","P8":"3","R8":"3","Q7":"3","R6":"3","V8":"3","P7":"3","P9":"3","X7":"3","W7":"3"},"46":{"2X":"3"},"V5":{"H3":"3","G3":"3","F3":"3","J4":"3","95":"3","G4":"3","94":"3","J3":"3"},"V4":{"FX":"3"},"J3":{"5W":"3","4W":"3"},"F5":{"HP":"3","JV":"3"},"2R":{"PM":"3"}},"V8":{"6M":{"8C":"3","8F":"3","98":"3","7C":"3","99":"3","89":"3"},"69":{"RC":"3"},"5F":{"HF":"3"},"QR":{"JV":"3"},"HF":{"JW":"3","JX":"3","HW":"3","HX":"3","MX":"3"},"62":{"WR":"3","RP":"3","XP":"3","WQ":"3"},"H8":{"9C":"3"},"FX":{"VF":"3","VC":"3","XC":"3"},"RV":{"43":"3"},"87":{"VF":"3","V9":"3","RF":"3","VC":"3","WC":"3","WF":"3","VG":"3","RC":"3"},"WW":{"JC":"3","Q9":"3","M9":"3","MC":"3","MF":"3","PC":"3","QC":"3","P9":"3","MG":"3"},"Q2":{"86":"3"},"9W":{"WP":"3"},"HC":{"9V":"3","9W":"3","8V":"3"},"MQ":{"WJ":"3"},"93":{"4G":"3"},"Q3":{"45":"3"},"MF":{"3V":"3"},"FM":{"C4":"3"},"9P":{"X6":"3","9X":"3","8X":"3","8W":"3","7X":"3"},"WM":{"R9":"3"},"CC":{"XV":"3"},"HG":{"J2":"3","M2":"3"},"72":{"G8":"3","2G":"3","3M":"3","2H":"3","GC":"3","F9":"3","9F":"3","FC":"3","G9":"3"},"29":{"HM":"3"},"JF":{"HJ":"3"},"CW":{"6M":"3"},"7P":{"78":"3","FG":"3"},"PQ":{"PC":"3"},"MP":{"MX":"3"},"9Q":{"RF":"3","62":"3","Q9":"3","93":"3","92":"3","73":"3","R9":"3","84":"3","72":"3","QC":"3","82":"3","83":"3","RC":"3"},"MG":{"WC":"3"},"HR":{"72":"6|3"},"GQ":{"PR":"3","WC":"3","PP":"3"},"VJ":{"FJ":"3"},"5G":{"6W":"3"}},"W4":{"98":{"Q6":"3"},"X4":{"39":"3","37":"3","93":"3","92":"3","73":"3","74":"3","82":"3","2M":"3","83":"3"},"W5":{"XG":"3","XF":"3","XC":"3","J8":"3"},"Q8":{"XJ":"3"},"JM":{"FJ":"3"},"X2":{"3P":"3"},"X3":{"54":"3","24":"3","55":"3"},"X5":{"2G":"3","26":"3"},"73":{"FQ":"3"},"GF":{"GX":"3"},"94":{"RH":"3"},"RM":{"W9":"3"},"57":{"3F":"3","3G":"3","2G":"3"},"4F":{"F7":"3"},"G5":{"87":"3"},"MG":{"JV":"3"},"W3":{"JQ":"3","WM":"3","X5":"3","VM":"3","VJ":"3"}},"V2":{"RQ":{"8Q":"3","PW":"3"},"WX":{"25":"3"},"QP":{"4H":"3","6C":"3","77":"3"},"JP":{"C2":"3","JX":"3"},"WW":{"X3":"3"},"RR":{"H4":"3"},"PW":{"4H":"3"},"VX":{"WJ":"3"},"QQ":{"J8":"3","FH":"3"},"RM":{"M8":"3","J8":"3","P5":"3","H7":"3","Q4":"3","J7":"3","J9":"3","J6":"3","H8":"3","H9":"3","M7":"3","M6":"3","Q5":"3","P4":"3","P7":"3","M5":"3","P6":"3"},"HR":{"RP":"3"},"HV":{"M3":"3","G4":"3","H5":"3","G5":"3|6"}},"X6":{"X9":{"9V":"3","9W":"3"},"58":{"RC":"3"},"4V":{"62":"3","CW":"3"},"2G":{"9H":"3","8H":"3","8G":"3","9G":"3"},"8G":{"XW":"3"},"4M":{"W5":"3","X7":"3"},"G9":{"33":"3","59":"3","CR":"3","CG":"3","CH":"3"},"6P":{"53":"3"},"4W":{"79":"3","R7":"3","89":"3","69":"3","77":"3","78":"3","7C":"3","8C":"3","R6":"3"},"4R":{"72":"3"},"8H":{"QW":"3"},"H8":{"X2":"3"},"3P":{"QP":"3","PG":"3","PM":"3","QM":"3"},"65":{"M9":"3"},"H7":{"XX":"3"},"J7":{"2X":"3"},"6W":{"MJ":"3","QH":"3","PG":"3","PJ":"3","M9":"3","QJ":"3","PH":"3"},"5M":{"35":"3","25":"3"},"4J":{"7G":"3"},"CQ":{"38":"3"},"GH":{"53":"3"},"J8":{"22":"3"},"7P":{"3X":"3"},"8W":{"CV":"3"},"2F":{"4W":"3"},"G7":{"4F":"3"},"4Q":{"9W":"3","8X":"3","98":"3","7X":"3","8V":"3"}},"X5":{"8R":{"H8":"3"},"FJ":{"C3":"3"},"FH":{"3F":"3"},"88":{"WJ":"3","WH":"3","VH":"3","VJ":"3","RJ":"3"},"GV":{"5R":"3","6R":"3","6V":"3","5V":"3"},"G4":{"VQ":"3"},"CW":{"36":"3","48":"3","39":"3","37":"3","38":"3","29":"3","28":"3","47":"3","3C":"3"},"FR":{"J5":"3","4G":"3"},"65":{"XF":"3"},"HQ":{"RF":"3"},"GW":{"XH":"3","WG":"3","WH":"3","VH":"3"},"W2":{"WH":"3"},"WQ":{"MW":"3","FC":"3"},"JR":{"CF":"3"},"QM":{"8P":"3","8Q":"3"},"74":{"MJ":"3","MM":"3","PJ":"3","MQ":"3","PQ":"3","MP":"3","PM":"3","PP":"3"},"HR":{"H4":"3","H6":"3"},"C2":{"HJ":"3"},"3W":{"49":"3"},"76":{"Q3":"3"},"FW":{"XG":"3","WG":"3","WH":"3","RG":"3"},"Q3":{"7W":"3","7R":"3","8R":"3","7V":"3","8W":"3","8V":"3"},"WR":{"R6":"3","Q5":"3"},"P3":{"WR":"3","VR":"3","VQ":"3"},"CV":{"GW":"3","HW":"3","GX":"3"},"J2":{"P2":"3"},"JW":{"C9":"3","CC":"3","FC":"3"},"6V":{"52":"3"},"GC":{"RX":"3"},"FG":{"MV":"3"}},"W7":{"X9":{"3G":"3","2G":"3","3V":"3","3W":"3","2M":"3","2J":"3","64":"3","7Q":"3"},"WC":{"Q7":"3","J6":"3"},"QP":{"X6":"3","X5":"3"},"RX":{"QR":"3","QQ":"3","PQ":"3"},"XC":{"3G":"3"},"W7":{"RF":"3","VG":"3"},"73":{"R4":"3"},"X4":{"WC":"3"},"4W":{"PW":"3"},"7H":{"G6":"3"},"CW":{"CV":"3"},"CX":{"VM":"3"},"FX":{"VM":"3","RH":"3"},"QQ":{"58":"3"},"RP":{"43":"3","36":"3","35":"3","25":"3","37":"3","33":"3","27":"3","26":"3","24":"3","42":"3","34":"3","23":"3","22":"3","32":"3"},"RQ":{"5J":"3","4G":"3","3P":"3","2P":"3","5G":"3","4M":"3","3F":"3","3M":"3","3G":"3","2J":"3","4C":"3","5M":"3","3H":"3","2H":"3","4F":"3","5H":"3","4P":"3","3J":"3","4J":"3","3C":"3","2M":"3","4H":"3"},"5W":{"25":"3","2R":"3"},"W9":{"XR":"3","XP":"3","XM":"3"},"7V":{"F7":"3"},"5X":{"CX":"3"},"MX":{"F8":"3","8Q":"3","FF":"3","GR":"3","87":"3","79":"3","GV":"3","67":"3","88":"3","F9":"3","9G":"3","6F":"3","FV":"3"},"4X":{"2P":"3"},"CP":{"CP":"3","FQ":"3","CV":"3","8Q":"3","FR":"3","CR":"3","FP":"3","9Q":"3","CQ":"3"},"9R":{"7P":"3"},"J2":{"M3":"3"},"RM":{"3X":"3","4X":"3","4V":"3","3V":"3","3W":"3","4W":"3"}},"R2":{"44":{"RP":"3","QH":"3"},"62":{"6W":"3","9M":"3"},"52":{"WR":"3","WV":"6"},"53":{"V5":"3"},"22":{"MJ":"3","RP":"3"}},"X3":{"3R":{"4R":"3"},"3P":{"53":"3"},"GW":{"52":"3"},"CV":{"M9":"3","MC":"3","PC":"3","WH":"3","P9":"3"},"FV":{"5J":"3","JC":"3","CF":"3","CJ":"3"},"7V":{"7H":"3"},"3H":{"RF":"3"},"3J":{"RM":"3"},"FX":{"W5":"3"},"4H":{"4H":"3"}},"X4":{"8R":{"WH":"3"},"F3":{"XH":"3","FJ":"3","XJ":"6","WH":"3","RC":"3"},"J4":{"W2":"3"},"H4":{"3F":"3","3G":"3","CF":"3","4G":"3","4H":"3","4F":"3","5G":"3"},"68":{"XP":"3"},"H3":{"QP":"3","P8":"3","MM":"3","JM":"3","RM":"3","M5":"3","MP":"3","P7":"3"},"P8":{"7Q":"3"},"M2":{"JR":"3","HR":"3","GV":"3","JV":"3","MM":"3","HQ":"3","HV":"3","GQ":"3","4V":"3","GR":"3"},"M9":{"PJ":"3","6C":"3"},"J3":{"CG":"3","FF":"3","F9":"3","CJ":"3","GH":"3","GC":"3","CH":"3","FH":"3","FG":"3","CF":"3","GF":"3","FC":"3","9J":"3","GG":"3"},"F7":{"9R":"3"},"G4":{"FQ":"3","P8":"3","99":"3"},"W7":{"M3":"3"},"6G":{"XP":"3","XM":"3"},"QQ":{"WJ":"3"},"5H":{"F8":"3","V7":"3","87":"3","J7":"3","88":"3","W7":"3","86":"3","V8":"3"},"F9":{"38":"3"},"Q4":{"PG":"3","C2":"3"},"C7":{"5F":"3","5C":"3","G6":"3","4C":"3","4F":"3"},"J7":{"3V":"3","28":"3","2R":"3"},"C9":{"Q7":"3","Q6":"3","R6":"3","R7":"3","Q5":"3"},"P9":{"CC":"3","6F":"3","4F":"3"},"H6":{"VH":"3"},"Q6":{"5G":"3"},"J9":{"H6":"3"},"F2":{"HG":"3","8V":"3","3J":"3"},"XH":{"XR":"3"},"W5":{"CR":"3","CH":"3"},"5V":{"5J":"3","4G":"3","8F":"3","6J":"3","5G":"3","FP":"3","GP":"3","CP":"3","CM":"3","6H":"3","5H":"3","FQ":"3","9P":"3","4H":"3"},"Q5":{"FX":"3","J5":"3"},"F6":{"3X":"3","5R":"3","2X":"3","4V":"3","4R":"3","3V":"3","2W":"3","2V":"3","3R":"3","3W":"3","4W":"3"},"2C":{"76":"3","85":"3","86":"3","QF":"3","77":"3","75":"3"},"R4":{"PJ":"3","GV":"3","PM":"3","HV":"3"},"28":{"3Q":"3"},"W6":{"PP":"3","JC":"3","MF":"3","PR":"3","PQ":"3","QQ":"3","QR":"3"},"H5":{"69":"3","CM":"3","59":"3","HW":"3","9F":"3","89":"3"},"7W":{"3F":"3","4G":"3","4C":"3","4F":"3","3C":"3"},"G3":{"3M":"6","2P":"3","2M":"3","2J":"6"},"J2":{"3V":"3","2V":"3"},"RM":{"44":"3"},"Q8":{"63":"3"},"F8":{"7R":"3","7Q":"3"},"G5":{"6R":"3"},"C4":{"J5":"3","MF":"3"},"5G":{"JW":"3","GR":"3","JX":"3","HW":"3","HX":"3","HR":"3","HV":"3"}},"V3":{"H4":{"W7":"3","W8":"6"},"V3":{"P2":"3"},"W2":{"RH":"3"},"X8":{"FX":"3"},"Q5":{"VV":"3"},"J6":{"5G":"3"},"J3":{"7J":"3"}},"V9":{"H8":{"F4":"3","96":"3","H3":"3","J8":"3","JG":"3","C5":"3","J4":"3","97":"3","W2":"3","F5":"3","MC":"3","95":"3","92":"3","C3":"3","C4":"3","99":"3","G4":"3","C9":"3","M6":"3","GC":"3","C2":"3","H2":"3","HF":"3","H4":"3","FC":"3","C6":"3","C7":"3","P6":"3"},"Q6":{"8P":"3"},"54":{"97":"3","84":"3","72":"3"},"X2":{"X4":"3"},"J5":{"G2":"3"},"P6":{"XF":"3"},"34":{"47":"3"},"G7":{"XP":"3","H3":"3","G2":"3"},"85":{"8Q":"3"},"J7":{"2Q":"3","45":"3"},"J6":{"6X":"3","7X":"3"},"55":{"P4":"3"},"H4":{"GV":"3"},"33":{"5F":"3","X6":"3","W4":"3"},"G6":{"43":"3","44":"3","33":"3","34":"3","C8":"3","FW":"6","GX":"3"},"32":{"WW":"3"},"H5":{"MV":"3"},"H7":{"4G":"3","P9":"3","CX":"3","9W":"3","WR":"3","QW":"6","8R":"3","WV":"3","FF":"3","CW":"3","5P":"3","8V":"6","J3":"3","5M":"3","J9":"3","9V":"3","GG":"3","J7":"3","VC":"3","9R":"3","F4":"3","5Q":"3","FW":"3","WW":"3","6Q":"3","M9":"3","77":"3","FG":"3","GH":"3","J8":"3","56":"3","QJ":"3","4P":"3","9X":"3","8Q":"3","MX":"3","WX":"3","G9":"6|3","2J":"3","4M":"3","F9":"3","FX":"3","HF":"3","M6":"3","WC":"3","3P":"3","76":"3","6R":"3","C9":"3","7V":"3","HH":"3","M8":"3","46":"3","MC":"3","CR":"3","M7":"3","87":"3","GV":"3","JH":"3","GP":"3","86":"3","GC":"6|3","8W":"3"},"H6":{"4J":"3","2G":"3","8J":"3","9W":"3","9Q":"3","3H":"3","3J":"3"},"J8":{"FQ":"3","CV":"3","FR":"3","4R":"3","45":"3","WQ":"3","MM":"3","22":"3"},"97":{"8F":"3","7C":"3","6C":"3"},"G8":{"FR":"3","HX":"3"},"24":{"FC":"3","75":"3"},"G3":{"VP":"3","93":"3","VM":"6","C3":"3","VJ":"6"},"65":{"63":"3"},"G4":{"MW":"3","JX":"3","MX":"3"},"G9":{"J2":"3","9G":"3","FH":"3","J4":"3","CG":"3"},"F7":{"7W":"3","7R":"3","9V":"3","7V":"3","7P":"3","7Q":"3"},"Q7":{"62":"3","3Q":"3","5G":"3"},"P5":{"PV":"3"},"M8":{"5J":"3","25":"3","37":"3","7J":"3"},"M7":{"5H":"3"},"C7":{"4V":"3"},"F6":{"28":"3"},"P7":{"9X":"3","VQ":"3"}},"V7":{"M4":{"9H":"3"},"QR":{"H2":"3"},"M6":{"V9":"3"},"RR":{"VX":"3"},"WP":{"GG":"3"},"C5":{"FX":"3","FW":"3"},"F5":{"JQ":"3","PQ":"3"},"F6":{"WM":"3"}},"R8":{"V9":{"XV":"3"},"PG":{"6G":"3"},"JR":{"GP":"3"},"MW":{"5G":"3"},"VC":{"67":"3","C8":"3"},"PJ":{"QP":"3","PM":"3"},"WC":{"6G":"3"},"PP":{"7R":"3","6R":"3"}},"R6":{"WJ":{"94":"3"},"XP":{"Q8":"3"},"W2":{"RV":"3","QV":"3"}},"V4":{"QR":{"QR":"3"},"GJ":{"96":"3","F6":"3"},"Q2":{"WM":"3"},"R8":{"4F":"3"},"Q8":{"XW":"3"},"V2":{"C6":"3"},"J9":{"7R":"3","7M":"3"}},"W2":{"FQ":{"CF":"3","C7":"3"},"GW":{"9X":"3","8X":"3","9W":"3","CX":"3","8W":"3"},"FR":{"H2":"3"},"FP":{"8M":"3","7J":"3","7M":"3","7P":"3","9M":"3","7Q":"3"},"HR":{"FH":"3"}},"R5":{"QR":{"H9":"3","PG":"3","JH":"3","GC":"3","MC":"3","JJ":"3","PC":"3","GF":"3","HG":"3","RM":"3","MX":"3"},"QV":{"Q4":"3","R2":"3","R3":"3","M2":"3","R5":"3","P2":"3"},"QQ":{"79":"3"},"VM":{"XM":"3"}},"W8":{"52":{"67":"3","6J":"3","68":"3"},"F3":{"42":"3"},"HJ":{"W9":"3"},"25":{"24":"3"},"H3":{"RP":"3","H2":"3","MC":"3","H3":"3","G2":"3"},"JV":{"XQ":"3","XP":"3","WQ":"3","QQ":"3","63":"3"},"M2":{"C3":"3"},"M9":{"Q6":"3","R9":"3","R7":"3"},"9P":{"J2":"3"},"62":{"FQ":"6"},"J3":{"X6":"3","XQ":"3","WJ":"3","PF":"3","XP":"3","WM":"3","WP":"3","34":"3","XJ":"3","XM":"3"},"CJ":{"XJ":"3","PP":"3"},"X3":{"FG":"3"},"MW":{"F8":"3","X6":"3","88":"3"},"CF":{"W4":"3"},"M8":{"RW":"3","PV":"3","QW":"3"},"C7":{"84":"3"},"9J":{"9V":"3","CR":"3","CQ":"3"},"54":{"24":"3","23":"3"},"J7":{"X4":"3","X3":"3","RH":"3"},"9M":{"97":"3","P8":"3","Q7":"3","P9":"3","CC":"3","C6":"3","9C":"3"},"46":{"8X":"3","8W":"3"},"JX":{"F8":"3","R4":"3","Q4":"3","CP":"3","H8":"3","HJ":"3","J5":"3","M6":"3","V6":"3","GH":"3","9P":"3","F9":"3","M7":"3","M5":"3","R5":"3","CQ":"3","9M":"3","Q5":"3","P3":"3"},"HM":{"HF":"3"},"F2":{"WV":"3","WW":"3"},"M3":{"36":"3","2Q":"3","2G":"3","2P":"3"},"M5":{"7W":"3","8X":"3","7X":"3","7R":"3","8W":"3","7V":"3","88":"3","8V":"3","42":"3","8R":"3"},"G2":{"WJ":"3","HJ":"3","5X":"3","5M":"3","VC":"3","P9":"3"},"42":{"WQ":"3","XG":"3"},"H2":{"6P":"3","HX":"3","7P":"3","GX":"3"},"MV":{"3X":"3","2P":"6|3","3Q":"3","CW":"3","2M":"3","3H":"3"},"J2":{"GM":"3","FM":"3","6F":"3"},"JW":{"3H":"3"},"M6":{"3W":"3"},"M7":{"22":"3"},"2P":{"8R":"3","7Q":"3"}},"W9":{"44":{"F2":"3"},"53":{"86":"3"},"34":{"Q4":"3","P2":"3","P3":"3"},"22":{"9H":"3"}},"W5":{"F8":{"XM":"3"},"RF":{"JC":"3","H9":"3","G8":"3","H8":"3","PG":"3","PF":"3","H6":"3","M9":"3","J7":"3","MC":"3","MF":"3","G7":"3","PC":"3","J8":"3","H7":"3","M8":"3","MG":"3","J9":"3"},"VV":{"5F":"3"},"MW":{"HF":"3"},"85":{"XJ":"3"},"QC":{"WF":"3"},"G5":{"59":"3"},"J6":{"65":"3"},"W3":{"F7":"3"}},"X7":{"JR":{"57":"3"},"G7":{"GH":"3"},"PP":{"F4":"3","FM":"3","83":"3","GQ":"3","F6":"3","9P":"3","93":"3","FX":"3","GX":"3"},"MQ":{"7G":"3"},"H7":{"XX":"3"},"3X":{"2R":"3"},"J7":{"JR":"3","HR":"3"},"3F":{"69":"3"},"PR":{"JC":"3"},"J6":{"WJ":"6","9W":"3","XP":"3","XF":"3"},"CX":{"26":"3"},"F9":{"47":"3"},"G6":{"2G":"3"},"PM":{"6W":"3"},"H9":{"V5":"3"},"M7":{"73":"3"},"MH":{"CJ":"3","FJ":"3","HX":"3","GX":"3"},"M6":{"3Q":"3","4G":"3","5F":"3","69":"3","3G":"3","3H":"3","4F":"3","68":"3","58":"3","C6":"3","59":"3"},"F6":{"XF":"3"},"9P":{"FG":"3"},"M5":{"PV":"3"},"H4":{"9P":"3","73":"3"},"CR":{"RM":"3"},"H5":{"M8":"3"},"6F":{"PV":"3"},"HP":{"J6":"3"}},"W3":{"2X":{"28":"3"},"G8":{"WW":"3"},"6V":{"9V":"3"},"67":{"RQ":"3"},"H3":{"RX":"3"},"M8":{"6F":"3"},"65":{"XX":"3"},"WP":{"48":"3"},"Q6":{"JH":"3"},"9X":{"F8":"3"},"H7":{"44":"3"},"FP":{"RV":"3","HP":"3","QV":"3","RX":"3","JM":"3","JQ":"3","MP":"3","JP":"3","PQ":"3","QX":"3","PR":"3","JJ":"3","MJ":"3","HM":"3","MR":"3","QW":"3","RW":"3","PV":"3","MQ":"3","QR":"3","MM":"3","PP":"3"},"GP":{"5M":"3"},"RX":{"WJ":"3","WM":"3","XJ":"3","WH":"3"},"CG":{"H9":"3","G8":"3"},"36":{"X9":"3"},"39":{"44":"3"},"H8":{"3Q":"3","3P":"3","6P":"3","4M":"3","3M":"3","5P":"3","5M":"3","7Q":"3","7P":"3","6M":"3","4P":"3","5Q":"3","4Q":"3","6Q":"3"},"HC":{"2P":"6"},"GC":{"XH":"3","W7":"3"},"XX":{"6X":"3"},"FQ":{"R4":"3","Q4":"3","R2":"3","Q2":"3","Q3":"3","R3":"3","Q5":"3"},"XW":{"FP":"3","FM":"3","CJ":"3","CP":"3","CM":"3","9M":"3","FJ":"3"},"57":{"V8":"3"},"QR":{"4G":"3"},"5Q":{"VM":"3"},"H4":{"Q2":"3"},"6F":{"F3":"3"},"66":{"X4":"3","X3":"3"},"QW":{"M7":"3","J8":"3"}},"W6":{"H3":{"C9":"3"},"WF":{"MF":"3"},"W8":{"HQ":"3","HH":"3","JQ":"3","HV":"6","PQ":"3","GR":"6","QQ":"3","FX":"3"},"WP":{"C9":"3"},"J7":{"PF":"3"},"W5":{"W9":"3"},"X3":{"3R":"3"},"GQ":{"CH":"3"},"4V":{"74":"3"},"X4":{"3J":"3"},"2G":{"HJ":"3"},"W9":{"G6":"3","J2":"3","G7":"3","G5":"3","P3":"3"},"GJ":{"XP":"3"},"JP":{"MP":"3"},"W7":{"WR":"3","VV":"3","VR":"3","WV":"3","WW":"3","VW":"3"}},"Q2":{"W2":{"FJ":"3","58":"3","5M":"3","99":"3","GQ":"3","CH":"3"},"V2":{"VG":"3","Q8":"3","R9":"3","VC":"3","Q9":"3","QC":"3","V6":"3","R7":"3","V7":"3","R8":"3","VF":"3","V9":"3","V8":"3","RC":"3"},"X2":{"Q4":"3","Q6":"3","P6":"3","Q5":"3","P4":"3","P5":"3"},"X5":{"R3":"3"},"W4":{"QC":"3","RJ":"3","RC":"3"}},"R7":{"WR":{"GG":"3","HF":"3"},"RR":{"99":"3","F4":"3","F5":"3"}},"X8":{"49":{"FX":"3","CX":"3"},"C3":{"W4":"3"},"C4":{"8F":"3"},"4C":{"XV":"3","WW":"3","R9":"3"},"38":{"M8":"3"},"37":{"QW":"3"},"33":{"7J":"3"},"7C":{"CM":"3","FM":"3","GQ":"3"},"5C":{"6W":"3"},"3C":{"9M":"3"},"24":{"V8":"3"}}},"index":{"university,1|retail,2|tourism,3|wreck,4|historical,5|artsCulture,6|namedBuilding,7|water,8|wetland,9|park,10|beach,11|natureReserve,12|cemetery,13|trail,14":{}}}