{"index":{"university,1|retail,2|tourism,3|wreck,4|historical,5|artsCulture,6|namedBuilding,7|water,8|wetland,9|park,10|beach,11|natureReserve,12|cemetery,13|trail,14":{}},"89":{"8P":{"WX":{"JJ":"3","PH":"3"},"XV":{"3X":"3","HH":"3","48":"3","2Q":"3","2V":"3","3W":"3"},"WV":{"W7":"3"},"WW":{"JP":"3","VC":"3","MQ":"3","WC":"3","JJ":"3","PH":"3"},"XW":{"WV":"3","WF":"3","22":"3","F5":"3","JQ":"3","MV":"3","RR":"3","W4":"3","RQ":"3","WC":"3","23":"3","QQ":"3","M5":"3","25":"3","GF":"3"},"XX":{"45":"3","J2":"3","3C":"3"}},"CJ":{"QP":{"5C":"3","VV":"6","VR":"6|3","R2":"3","QW":"6","XW":"3","89":"3"},"QJ":{"JR":"3","HR":"3","JV":"3","8X":"3","6J":"3","8G":"3","4V":"3","GR":"3"},"H4":{"FM":"3","4W":"3"},"PX":{"33":"3"},"H3":{"XF":"3","WF":"3","W8":"3","FP":"3","J9":"3","R2":"3","CP":"3","PC":"3","R6":"3","M9":"3","HF":"3","P7":"3","P9":"3"},"QV":{"GM":"3","M6":"3","7X":"3","M7":"3","P6":"3","P7":"3"},"JQ":{"VC":"3","WF":"3","QC":"3","QF":"3","RH":"3","RJ":"3","VH":"3","V9":"3","WG":"3","RC":"3"},"JV":{"V9":"3","WX":"3","WR":"3","VV":"3","X3":"3","WH":"3"},"M2":{"52":"3"},"PW":{"HQ":"6|3","JR":"3","JQ":"3","MW":"3","4R":"3","JV":"3"},"J3":{"CF":"3","GC":"3","8H":"3","G7":"3","GF":"3","FC":"3","G9":"3"},"MP":{"F4":"3","47":"3","F5":"3","48":"3","4C":"3","55":"3","PX":"3","4X":"3","MW":"3","4J":"3","PW":"3","3C":"3"},"PQ":{"J9":"3","X8":"3","H8":"3","H9":"3","XX":"3","7P":"3","FJ":"3","FH":"3"},"G4":{"WX":"3","XV":"3","XR":"3"},"PR":{"Q2":"3","59":"3"},"MW":{"CF":"3","M6":"3","PV":"3","2C":"3","3C":"3","GP":"3"},"RP":{"2Q":"3","2R":"3"},"QQ":{"M3":"3","X3":"3","9G":"3","RH":"3","W3":"3","RG":"3","RC":"3"},"PJ":{"JM":"3"},"RQ":{"23":"3"},"MR":{"V9":"3","7F":"3","7C":"3","47":"3"},"QM":{"FQ":"3"},"QW":{"3G":"3","37":"3","38":"3","63":"3"},"PV":{"W7":"3","5Q":"3","W9":"3","7P":"3"},"MQ":{"GP":"3","47":"3","3G":"3","3J":"3","4G":"3","5C":"3","5J":"3","4M":"3","3M":"3","5H":"3","3P":"3","48":"3","49":"3","2Q":"3","3H":"3","5M":"3","4J":"3","GG":"3","R9":"3","2F":"3","4P":"3","3F":"6"},"QR":{"CF":"3","87":"3","98":"3","W5":"3","97":"3","JX":"6","GH":"3","88":"3","FG":"3","V5":"3","P5":"3"},"H2":{"VR":"3","WF":"3"},"MV":{"44":"3","6W":"3"},"MM":{"HJ":"3","GC":"3","V6":"3","JM":"3","JJ":"3","W6":"3"},"J2":{"69":"3","RF":"3","H3":"3","W6":"3"},"JW":{"W2":"3","X2":"3"},"PP":{"69":"3","96":"3","Q9":"3","XP":"3","PJ":"3","QJ":"3"},"PM":{"HJ":"3","CV":"3","JQ":"3","JM":"3","CR":"3","6G":"3","JG":"3"},"G5":{"QQ":"3"}},"FJ":{"22":{"H9":"3","WC":"3","GH":"3","FH":"3","6Q":"3"},"32":{"Q2":"3","4H":"3","2C":"3","P2":"3"}},"9P":{"V5":{"MG":"3","JF":"3","52":"3","C5":"3","QM":"3","VH":"3","XJ":"3","CP":"3","WW":"3","XH":"3","PJ":"3","QG":"3","HG":"3","RG":"3","GG":"3"},"QP":{"48":"3","XQ":"3","P8":"3","C4":"3","53":"3","86":"3","94":"3","64":"3"},"V6":{"6C":"3","FH":"3","H3":"3","FJ":"3","CG":"3","G9":"3","48":"3","C8":"3","88":"3","V3":"3","C5":"3","7F":"3","8G":"3","GF":"3","2F":"3","58":"3","29":"3","FF":"3","7C":"3","35":"3","9J":"3","F8":"3","C9":"3","73":"3","57":"3","47":"3","F6":"3","79":"3","H7":"3","GG":"3","H4":"3","H9":"3","JF":"3","77":"3","F5":"3","69":"3","68":"3","F7":"3","45":"3","25":"3","G8":"3","37":"3","CJ":"3","8C":"3","G6":"3","87":"3","HC":"3","99":"3","55":"3","27":"3","3F":"3","46":"3","75":"3","67":"3","FC":"3","WX":"3","86":"3","98":"3","63":"3","H8":"3","9M":"3","9G":"3","97":"3","CC":"3","CH":"3","8F":"3","9H":"3","6F":"3","H6":"3","94":"3","26":"3","9C":"3","HF":"3","V5":"3","7G":"3","C7":"3","72":"3","89":"3","65":"3","XV":"3","GC":"3","36":"3","76":"3","CF":"3","96":"3","C6":"3","9F":"3","78":"3","56":"3","CM":"3","F9":"3","V4":"3","GH":"3","FG":"3","5C":"3","95":"3","66":"3","85":"3","59":"3","G7":"3","84":"3"},"RV":{"96":"3","45":"3","65":"3","F7":"3","M3":"3","V3":"3","63":"3","M4":"3","P2":"3","F5":"3","44":"3","R2":"3","W3":"3","46":"3","M2":"3","35":"3","H2":"3","53":"3","33":"3","F6":"3","J3":"3","X2":"3"},"QG":{"W4":"3","X6":"3","H3":"3","X5":"3","W7":"3","73":"3","75":"3","96":"3","MW":"3","94":"3","65":"3","74":"3","X7":"3","J2":"3","7R":"3","83":"3","Q9":"3"},"QJ":{"3V":"3"},"QF":{"Q2":"3","7H":"3","V4":"3","JX":"3","P3":"3","W4":"3","P4":"3","M5":"3"},"QV":{"Q3":"3","X3":"3","V4":"3"},"P8":{"WH":"3","PC":"3","WR":"3","QP":"6|3","RQ":"3","WV":"3","V5":"3","QG":"6|3","RP":"3","VQ":"3","VM":"3","X7":"3","RG":"3","VP":"3","VF":"3","P3":"3","RV":"3","XG":"3","WQ":"3","RM":"6|3","PG":"3","XW":"3","WM":"3","QJ":"3","XJ":"3","PH":"3","VR":"3","WJ":"3","QH":"3","XH":"3","WG":"3","VH":"3","RH":"3","M8":"3","VJ":"3","XV":"3","QF":"6|3","RR":"3","PF":"3","RJ":"3","VG":"3"},"QC":{"X9":"3","27":"3","X5":"3","8G":"3","22":"3","R7":"3"},"RJ":{"87":"3","RW":"3","M8":"3","QP":"3","97":"3","M4":"3","J6":"3","QM":"3","M7":"3","RR":"3","QJ":"3","QQ":"3","QR":"3","72":"3","H4":"3","QW":"3","59":"3","QX":"3"},"PQ":{"WX":"3","WJ":"3","W2":"3","X5":"3","XX":"3","W3":"3"},"RH":{"7F":"3","9X":"3","G3":"3","C4":"3","FJ":"3","8J":"3","9W":"3","8W":"3","7X":"3","G2":"3","83":"3","F3":"3"},"Q7":{"69":"3","5F":"3","V7":"3","5C":"3","2Q":"3","2H":"3","78":"3","93":"3","85":"3","W7":"3","V8":"3","77":"3","W8":"3"},"PR":{"Q3":"3"},"RP":{"X6":"3","XG":"3","WP":"3","XF":"3","VM":"3","VJ":"3","RJ":"3"},"QQ":{"8F":"3","62":"3","5X":"3","68":"3","3W":"3","V8":"3","3H":"3","7Q":"3","3J":"3"},"PJ":{"8F":"3","8J":"3","9J":"3","VP":"3","8G":"3","9C":"3","VH":"3","VJ":"3"},"V7":{"Q4":"3","W2":"3","5W":"3","V2":"3","CR":"3","89":"3","6V":"3"},"PH":{"8C":"3","H9":"3","G8":"3","8Q":"3","79":"3","87":"3","78":"3","76":"3","88":"6","85":"3","9C":"3","74":"3","89":"3","77":"3","75":"3","64":"3"},"R8":{"V5":"3","W4":"3","MF":"3","JC":"3","HG":"3","MG":"3","P6":"3","MJ":"3","PH":"3","HQ":"3","R8":"3","PG":"3","V4":"3","JG":"3","R5":"3","MH":"3","J5":"3","HR":"3","HH":"3","PC":"3","P3":"3","MM":"3","PF":"3"},"PG":{"HJ":"3","8J":"3","87":"3","8M":"3","85":"3","JJ":"3","73":"3","86":"3","74":"3","7J":"3","84":"3","9M":"3","RG":"3"},"R6":{"WR":"3","R4":"3","QP":"3","V7":"3","HW":"3","X6":"3","PR":"3","RQ":"3","JX":"3","R6":"3","V5":"3","RP":"3","VQ":"3","W7":"3","X4":"3","X7":"3","VP":"3","XR":"3","QV":"3","V4":"3","R3":"3","X8":"3","Q3":"3","35":"3","X5":"3","MX":"3","W4":"3","X9":"3","R7":"3","QH":"3","W6":"3","37":"3","QR":"3","V6":"3","JW":"3","V8":"3","Q4":"3","GW":"3","RR":"3","W5":"3","W8":"3","MR":"3","R5":"3"},"V4":{"6X":"3","5X":"3"},"RQ":{"W8":"3","MM":"3","XC":"3","4F":"3","XX":"3","WC":"3","W9":"3","5Q":"3","XG":"3","W7":"3","6Q":"3"},"P9":{"WX":"3","WR":"3","XH":"3","W2":"3","V6":"3","W7":"3","XW":"3"},"VM":{"5R":"3","2V":"3"},"Q6":{"QH":"3"},"R5":{"CF":"3","V8":"3","RG":"3","7Q":"3"},"QM":{"CM":"3","C8":"3","97":"3","88":"3","9V":"3","9P":"3","27":"3","F7":"3","99":"3","FM":"3","96":"3","FP":"3","CW":"3","3X":"3","FR":"3","8H":"3","JJ":"3","HQ":"3","9J":"3","7J":"3","C9":"3","JG":"3","8J":"3","CR":"3","FW":"3","CQ":"3","35":"3","2V":"3","CP":"3","29":"3","CV":"3","9R":"3","26":"3","2F":"3","FQ":"3","89":"3"},"RG":{"7W":"3","FQ":"3","9V":"3","CJ":"3","FF":"3","C4":"3","V6":"3","CW":"3"},"RF":{"87":"3","7J":"3","86":"3","8J":"3","HJ":"3","HH":"3","CG":"3","95":"3","PX":"3","C9":"3","CH":"6|3","9F":"3","6M":"3","FJ":"3","FH":"6","CF":"3","9C":"3"},"QH":{"RR":"3","4R":"3"},"QR":{"G8":"3","G7":"3","W8":"3","F7":"3","52":"3","CV":"3","HJ":"3","63":"3","F8":"3","F6":"3","8V":"3","CF":"3","8R":"3"},"RR":{"RX":"3","WM":"3","PQ":"3","QX":"3","X3":"3","XJ":"3","WX":"3","QQ":"3","X2":"3","WP":"3","8X":"3","XQ":"3","VW":"3","RW":"3","QR":"3","W6":"3","WR":"3","MV":"3","VR":"3","VX":"3","VV":"3","VQ":"3","2P":"3"},"RC":{"6M":"3","55":"3","7J":"6","29":"3"},"PC":{"VG":"3","WJ":"3","RP":"3","WF":"6|3","RV":"3","V6":"3","XC":"3","R8":"3","WC":"3","XH":"3","W9":"6","RG":"3"},"2V":{"2Q":"3"},"P7":{"XV":"3"},"W6":{"3G":"3","38":"3"},"VP":{"28":"3","5G":"3","5F":"3","49":"3","3M":"3","36":"3","39":"3","3W":"3","5P":"3","46":"3","2V":"3","4C":"3","29":"3","5H":"3","38":"3","33":"3","2W":"3","32":"3","2C":"3","24":"3"},"VR":{"2X":"3","2P":"3","2H":"3","24":"3","2C":"3","22":"3"},"R9":{"GM":"3","CV":"3","GJ":"3","GH":"3","68":"3"},"RM":{"WX":"3","J6":"3"},"Q8":{"3Q":"3","27":"3","FR":"3","2J":"3","2V":"3","2H":"3","2W":"3|6","2G":"3","25":"3","2R":"3"},"VQ":{"3G":"3","2X":"3","3M":"3","33":"3","5X":"3","3V":"3","2W":"3","23":"3","22":"3","29":"3","2R":"3","3J":"3"},"PP":{"M4":"3","XP":"3","P5":"3"},"PM":{"XF":"3","HM":"3","Q4":"3","VV":"3","XC":"3","WR":"3","WC":"3","Q5":"3","XG":"3","QX":"3"},"2W":{"2H":"3","46":"3","56":"3","47":"3","4M":"3"},"R7":{"G4":"3","G3":"3","F7":"3","G5":"3","P6":"3"},"Q9":{"2X":"3","Q8":"3","75":"3","7W":"3","3V":"3","69":"3","44":"3","7V":"3","R8":"3","2F":"3","68":"3","3J":"3","73":"3","2C":"3","P6":"3"},"PF":{"9Q":"3","6X":"3","8J":"3","7M":"3","9H":"3","CQ":"3","7Q":"3","8Q":"3","7P":"3","8M":"3","9P":"3","FJ":"3","5Q":"3","CR":"3","9J":"3","W7":"3"}},"FH":{"3X":{"MQ":"3","JW":"6","5G":"3","PR":"3","V4":"3","JX":"6","PV":"3","PW":"3"},"2X":{"FR":"3","QC":"3","FV":"3"}},"FC":{"9Q":{"HQ":"3","V2":"3","R3":"3","V4":"3","Q5":"3","GP":"3"},"CV":{"J2":"3","Q3":"3"},"FP":{"3Q":"3","WF":"3","3P":"3","CV":"3","3M":"3","5P":"3","2J":"3","HW":"3","4V":"3","5V":"3","4P":"3","5Q":"3","4Q":"3"},"FR":{"VV":"3","2Q":"3","V3":"3","HW":"3"},"FV":{"F2":"3","69":"3","5F":"3","5C":"3","79":"3","7C":"3","27":"3","4C":"3","2C":"3","G2":"3","6C":"3","68":"3","4F":"3","C3":"3","47":"3","3C":"3"},"MV":{"CP":"3","FQ":"3","HJ":"3","GR":"3","MM":"3","FM":"3","FP":"3","FH":"3","CH":"3","XM":"3"},"9R":{"F4":"3","VM":"3","F3":"3","MG":"3","PP":"3","XR":"3","J7":"3","W5":"3","HC":"3","PJ":"3","HF":"3","HG":"3","GF":"3"},"GQ":{"8C":"3","8R":"3","39":"3","4R":"3","97":"3","CR":"3","89":"3","4M":"3"},"CQ":{"XF":"3","WJ":"3","4G":"3","J2":"3","VJ":"3","M3":"3","G6":"3","RJ":"3","53":"3","QG":"3","WG":"3","RG":"3","P6":"3"},"CP":{"HR":"3","RV":"3","7X":"3","XQ":"3","PR":"3","PX":"3","MW":"3","XP":"3"},"FQ":{"X6":"3","FX":"3","27":"3","R3":"3","V5":"3"},"9P":{"WX":"3","VX":"3"},"PW":{"52":"3"},"CR":{"WJ":"3","5V":"3"}},"CH":{"FJ":{"82":"3"},"GP":{"35":"3","37":"3"},"CM":{"85":"3","7G":"3"},"FH":{"7W":"3","8X":"3","7X":"3","8J":"3","8W":"3","CG":"3","9H":"3","7V":"3","8Q":"3","8P":"3","8M":"3","8V":"3","CF":"3","8R":"3","9J":"3"},"HJ":{"2G":"3","2F":"3","56":"3"},"CG":{"HW":"3","MG":"3"},"JV":{"VF":"3","V9":"3","VC":"3","WF":"3","X8":"3"},"9P":{"WW":"3","VX":"3"},"HG":{"5C":"3"},"PQ":{"CR":"3","GF":"3","83":"3"},"G6":{"FX":"3"},"G9":{"P9":"3","PC":"3","JC":"3","R4":"3","X6":"3","CF":"3","FF":"3","QC":"3","QG":"3","J7":"3","X7":"3","RG":"6|3","MG":"3","VC":"3","XG":"3","XM":"3","M9":"3","GF":"3","FG":"3","FC":"3","J8":"3","99":"3","V9":"3","R7":"3","F9":"3","HF":"3","JG":"3","RH":"3","RC":"3","9G":"3","MC":"3","Q4":"3","MF":"3","CH":"3","JF":"3","CC":"3","HC":"3","QF":"3","PF":"3","GC":"3","RF":"3","VG":"3"},"FM":{"JJ":"3","QJ":"3"},"G8":{"WV":"3","FR":"3","MF":"3","GF":"3","P9":"3","FV":"3"},"MW":{"2G":"3","HC":"3","HW":"3","G7":"3","HX":"3","FV":"3"},"FP":{"J5":"3","6F":"3"},"9Q":{"QH":"3","V2":"3"},"CW":{"MQ":"3","MM":"3","9W":"3","JQ":"3","9R":"3","3J":"3","GJ":"3","9V":"3"},"CX":{"7C":"3"},"H8":{"2X":"3","F3":"3","C5":"3","X9":"3","6P":"3","MV":"3","RR":"3","78":"3","68":"3","MW":"3","26":"3","6Q":"3"},"FV":{"33":"3"},"FF":{"VX":"3","W6":"3","P6":"3"},"H7":{"JV":"3","VJ":"3","M3":"3","Q6":"3","P5":"3","V7":"3","QF":"3","GP":"3","QM":"3","H8":"3","PX":"3","J3":"3","R6":"3","MX":"3","QW":"3","P6":"3"},"J7":{"QH":"3","52":"3","PR":"3","9C":"3","89":"3","PM":"3"},"H9":{"47":"3","QG":"3","3R":"3","25":"3","RX":"3","WM":"3","22":"3","HG":"3","MP":"3","27":"3","3Q":"3","XJ":"3","WW":"3","2R":"3","XM":"3","WP":"3","PH":"3","2M":"3","48":"3","WQ":"3","VW":"3","RF":"3","9H":"3","VP":"3","26":"3","83":"3"},"H6":{"3X":"3","MJ":"3","CP":"3","8F":"3","4X":"3","XQ":"3","Q7":"3","V2":"3","88":"3","8G":"3","G2":"3","XJ":"3","M8":"3","PM":"3","MV":"3","PP":"3"},"JX":{"WX":"3","3F":"3","48":"3","2Q":"3","2P":"3","58":"3","3Q":"3","2M":"3"},"MR":{"8J":"3","J3":"3","GP":"3"},"HC":{"R2":"3"},"QM":{"3R":"3","3Q":"3","2R":"3"},"J5":{"2G":"3","2H":"3","29":"3","2J":"3","3H":"3"},"CR":{"5R":"3","4R":"3","JF":"3"},"GJ":{"W2":"3","VP":"3","XG":"3"},"HH":{"43":"3","5C":"3","4G":"3","4C":"3"},"CH":{"GG":"3","GH":"3"},"MQ":{"JW":"3","QP":"3","JR":"3","JQ":"3","HW":"3","QM":"3","JV":"3","HV":"3"},"MX":{"C2":"3","5W":"3","CC":"3","6Q":"3","5Q":"3"},"H5":{"VF":"3","XQ":"3","WV":"3","JQ":"3","VX":"3","PJ":"3","XG":"3","XJ":"3","WG":"3","VW":"3","WF":"3","VG":"3","PH":"3"},"CP":{"F8":"3","66":"3","3V":"3","2V":"3","7M":"3"},"J6":{"4V":"3","4R":"3","3P":"3","6R":"3","5V":"3"},"GF":{"MJ":"3","QH":"3","M8":"3","MG":"3","JF":"3","J8":"3","JC":"3","HH":"3","MC":"3","PM":"3","HC":"3","PC":"3","HF":"3"},"MV":{"9J":"3","7C":"3"},"GH":{"RM":"3"},"CV":{"WJ":"3","WV":"3"},"J8":{"GR":"3","R2":"3","FR":"3","FG":"3","72":"3"},"JW":{"H9":"3","VR":"3","MC":"3"},"G7":{"H3":"3","G3":"3","F3":"3","F2":"3","P5":"3","9G":"3","CM":"3","9F":"3","H2":"3","CF":"3","FC":"3"},"GM":{"GG":"3","HH":"3","FQ":"3","9V":"3","FJ":"3","GH":"3","9P":"3","FP":"3","6V":"3","9Q":"3","P7":"3"},"PP":{"RP":"3","JP":"3","9X":"3","MQ":"3","HP":"3","PQ":"3"},"FQ":{"Q4":"3","R2":"3","9W":"3","9Q":"3","P4":"3","P5":"3"}}}}