{"92":{"47":{"6Q":{"5W":"3"}},"RV":{"V9":{"VV":"3","RV":"3","VW":"3","XX":"3"}},"QG":{"QW":{"HM":"3"},"RX":{"77":"3"}},"P8":{"CQ":{"GH":"3","FH":"3","FC":"3"}},"QC":{"HX":{"PQ":"3","PP":"3","HV":"3"},"HG":{"H4":"3"}},"8G":{"JF":{"22":"3"}},"4H":{"W4":{"MJ":"3","MH":"3"}},"R2":{"VF":{"3X":"3","3W":"3"},"6P":{"CV":"3","V4":"3"},"6Q":{"73":"3"},"5Q":{"HG":"3","QF":"3"},"7M":{"6P":"3","92":"3"},"VG":{"43":"3","42":"3","32":"3"},"8V":{"CF":"3","WH":"3","CH":"3"}},"6P":{"46":{"MG":"3"}},"7X":{"8F":{"PX":"3"},"8G":{"P2":"3"}},"8X":{"2P":{"QH":"3","PP":"3","QP":"3","QM":"3","PM":"3","QJ":"3","PQ":"3","QQ":"3","PJ":"3","PH":"3"}},"W2":{"X3":{"39":"3"}},"9F":{"5H":{"7J":"3"}},"5M":{"VF":{"C4":"3","V6":"3","J2":"3","M2":"3","F4":"3","V5":"3"},"VC":{"HW":"3","MX":"3","FV":"3"},"WH":{"34":"3"}},"R3":{"79":{"VF":"3"}},"7V":{"3M":{"3C":"3"},"2P":{"V2":"3"},"58":{"G6":"3"},"4H":{"8W":"3"},"67":{"3Q":"3","QH":"3","3R":"3","JG":"3","HH":"3","3M":"3","4R":"3","JH":"3","4P":"3","HG":"3","4Q":"3"},"55":{"8R":"3"},"5H":{"29":"3","28":"3"}},"RG":{"38":{"HX":"3"}},"RW":{"RX":{"M3":"3"}},"35":{"WC":{"65":"3"},"R9":{"X5":"3"},"W9":{"4V":"3","5X":"3"},"WF":{"H2":"3","H3":"3"}},"Q8":{"RH":{"92":"3"},"RG":{"8X":"3","CW":"3","9X":"3","CV":"3","9W":"3","8W":"3","9R":"3","8V":"3","9V":"3"}},"PP":{"FJ":{"VM":"3"},"GH":{"2R":"3"}},"PM":{"FR":{"J2":"3"}}},"index":{"university,1|retail,2|tourism,3|wreck,4|historical,5|artsCulture,6|namedBuilding,7|water,8|wetland,9|park,10|beach,11|natureReserve,12|cemetery,13|trail,14":{}}}