{"93":{"VG":{"X6":{"FH":"3"}},"HP":{"QR":{"H9":"3"},"48":{"C2":"3"},"33":{"5P":"3","9V":"3"},"PR":{"3J":"3"},"34":{"Q6":"3","P5":"3","V6":"3","R7":"3","M4":"3","Q7":"3","R6":"3","P4":"3","93":"3","M5":"3","P6":"3"},"MR":{"69":"3","8F":"3","8G":"3"},"7P":{"QG":"3","RG":"3"},"57":{"8P":"3","9M":"3"},"47":{"CX":"3","CW":"3"},"XM":{"36":"3","35":"3","2Q":"3","3M":"3","45":"3","3R":"3","3Q":"3","46":"3","2M":"3","2J":"3","2R":"3","3H":"3","3J":"3"}},"FJ":{"WG":{"72":"3"},"WF":{"7X":"3"},"VG":{"HV":"3"}},"WG":{"FG":{"47":"3","3F":"3","49":"3","39":"3","48":"3","46":"3","4C":"3","4F":"3","38":"3","37":"3","57":"3","58":"3","5C":"3","3C":"3","59":"3"},"28":{"MJ":"3"}},"C5":{"M8":{"MH":"3","MC":"3","MG":"3","VJ":"3"},"MG":{"FR":"3"}},"GF":{"G7":{"M6":"3","CW":"3","M5":"3","P6":"3","P5":"3","P3":"3"},"G5":{"PV":"3","PW":"3","QW":"3","PX":"3","QX":"3","QQ":"3","QV":"3"},"P5":{"9J":"3","VX":"3"},"FV":{"MV":"3"},"FM":{"6J":"3","FC":"3"},"G6":{"PV":"3","PR":"3","MQ":"3","MR":"3","PQ":"3"},"P8":{"73":"3"},"CM":{"QH":"3","RH":"3","QJ":"3","RJ":"3"},"FQ":{"9V":"3","8X":"3"},"GR":{"2M":"3"},"P7":{"HG":"3"},"FG":{"CJ":"3"},"GJ":{"G3":"3","C6":"3"},"P6":{"33":"3"},"GG":{"PQ":"3"}},"FW":{"WJ":{"FR":"3"}},"JX":{"68":{"Q8":"3"}},"GP":{"GG":{"GR":"3","GV":"3","HR":"3"},"CM":{"HW":"3","HX":"3"},"CP":{"H2":"3","J2":"3"},"G6":{"VP":"3","PJ":"3","WM":"3","VM":"3","PM":"3","XM":"3"},"GJ":{"JC":"3","M9":"3","MC":"3","J9":"3"},"FR":{"93":"3"},"FM":{"6R":"3","6Q":"3"},"H7":{"23":"3"},"JF":{"C2":"3"},"CQ":{"VJ":"3"},"CG":{"9F":"3"}},"PG":{"7R":{"48":"3"},"6P":{"8C":"3","8F":"3","9J":"3","9H":"3","9F":"3","8G":"3","9C":"3","9G":"3"},"8Q":{"RX":"3","VW":"3"},"8X":{"G7":"3"},"HW":{"73":"3","86":"3","63":"3","65":"3"}},"WC":{"47":{"V9":"3","V7":"3","V8":"3"}},"JR":{"9X":{"QX":"3"},"9J":{"V9":"3"},"M5":{"54":"3","53":"3"},"V8":{"QC":"3"},"GQ":{"H2":"3"},"P4":{"F2":"3"},"P2":{"5J":"3","4J":"3","4H":"3","5H":"3"},"GP":{"HV":"3"}},"QG":{"V7":{"JH":"3"},"W5":{"99":"3"},"JX":{"M8":"3"}},"F8":{"M9":{"M9":"3"}},"VM":{"2F":{"C9":"3"}},"MH":{"7W":{"RQ":"3","QP":"3","RP":"3","RM":"3","QM":"3","QJ":"3"},"C5":{"X7":"3"},"P2":{"9J":"3"},"J6":{"P8":"3","X9":"3","M7":"3","M8":"3","V8":"3","X8":"3","P7":"3"},"R2":{"C6":"3"},"Q3":{"2X":"3","FQ":"3","PM":"3","VH":"3"},"M6":{"29":"3","28":"3"},"P3":{"WX":"3","QR":"3","MJ":"3","RR":"3","JX":"3","JM":"3","HX":"3","QQ":"3"},"P4":{"H3":"3","J2":"3","M3":"3","V3":"3","V6":"3","V5":"3","J4":"3","P2":"3","W2":"3","W3":"3","M7":"3","V4":"3","M2":"3","Q7":"3","P3":"3","H2":"3","J3":"3","H6":"3","H4":"3","X2":"3"},"93":{"RQ":"3","RP":"3","VP":"3","VQ":"3"},"M5":{"48":"3","49":"3","38":"3"},"H5":{"8P":"3","8Q":"3","8M":"3","7J":"3","7P":"3","GQ":"3"},"9J":{"8R":"3"}},"JH":{"M4":{"V3":"3","W2":"3","V2":"3"},"M3":{"VQ":"3","J8":"3","PP":"3","XR":"3","WQ":"3","J9":"3","JJ":"3","M6":"3","WR":"3","PQ":"3","QR":"3","XV":"3"},"M2":{"GX":"3"}},"JW":{"VF":{"R4":"3","Q2":"3","Q4":"3","R3":"3","R2":"3","Q3":"3","Q5":"3","R5":"3"},"X9":{"76":"3","75":"3"},"MW":{"7R":"3","6R":"3","6Q":"3","7Q":"3"},"JX":{"7X":"3"},"PQ":{"MQ":"3","PQ":"3","PP":"3"},"QM":{"QP":"3"}},"PH":{"QR":{"RX":"3"},"PC":{"8P":"3"},"M5":{"V9":"3"}},"PP":{"36":{"XQ":"3","WQ":"3"},"37":{"75":"3","67":"3","86":"3","76":"3","39":"3","48":"3","85":"3","68":"3","38":"3","37":"3","84":"3"},"27":{"JW":"3","JX":"3","HX":"3","WG":"3","MX":"3","P9":"3","J9":"3"},"55":{"35":"3","WC":"3","W6":"3"},"28":{"H2":"3","J2":"3","M2":"3","J3":"3"},"3H":{"39":"3"}},"HV":{"C2":{"PV":"3","PR":"3","MQ":"3","MR":"3","PQ":"3","MP":"3","MV":"3"},"G3":{"VW":"3"},"F4":{"J7":"3","M7":"3","J8":"3","P6":"3"},"C3":{"M4":"3","MH":"3","MG":"3"}},"MR":{"5R":{"75":"3","62":"3","65":"3","63":"3","64":"3","83":"3","74":"3","82":"3","72":"3","73":"3","84":"3"},"8X":{"RQ":"3","RP":"3","QP":"3","CR":"3","QQ":"3","CW":"3","6V":"3","RM":"3","QM":"3","CQ":"3","QJ":"3","RJ":"3","F6":"3"},"97":{"M3":"3"},"9F":{"G4":"3"},"5Q":{"7W":"3","7F":"3","6X":"3","8X":"3","8W":"3","7X":"3","8V":"3"},"9Q":{"2R":"3"},"2M":{"G3":"3"},"F5":{"46":"3"}},"MV":{"85":{"G9":"3"},"89":{"84":"3"},"82":{"PP":"3","MQ":"3","MM":"3","MP":"3","MV":"3","PM":"3","P8":"3","JX":"3","J5":"3","M6":"3","PQ":"3","MR":"3","PJ":"3","P7":"3","P9":"3","MX":"3"},"83":{"J2":"3","M5":"3","M2":"3"},"VQ":{"Q4":"3","P8":"3","Q7":"3","Q6":"3","P6":"3","Q5":"3","P4":"3","P5":"3","P7":"3"}},"HX":{"VR":{"3X":"3"},"WM":{"CX":"3"},"XF":{"P4":"3"}},"GG":{"PP":{"C4":"3"},"QP":{"2X":"3","2W":"3","2V":"3","2R":"3"},"3H":{"X6":"3","87":"3","97":"3","85":"3","X5":"3","C7":"3","F4":"3","C6":"3"},"PX":{"5W":"3"},"WF":{"FQ":"3"},"FJ":{"MJ":"3","QH":"3","MH":"3","PJ":"3","PH":"3"},"W9":{"C4":"3","9J":"3","9H":"3","8H":"3","85":"3","9G":"3","94":"3","C3":"3","CH":"3"},"WV":{"XF":"3"},"J5":{"99":"3","85":"3","75":"3"},"P6":{"3X":"3"},"F5":{"Q8":"3","QC":"3","Q2":"3","R2":"3","QJ":"3","RF":"3","RG":"3"},"9J":{"4V":"3","4Q":"3","4R":"3","3R":"3","3Q":"3","4W":"3"},"R8":{"3W":"3"},"R9":{"93":"3"},"2H":{"5R":"3"},"5C":{"V3":"3"},"59":{"J5":"3","M6":"3","Q9":"3","M9":"3","PC":"3","M7":"3","J4":"3","J6":"3","J3":"3","RJ":"3"},"F4":{"RV":"3","QG":"3","PX":"3","QV":"3","RX":"3","PW":"3","M9":"3","P6":"3","QX":"3","PJ":"3","M8":"3","PG":"3","J9":"3","M5":"3","QW":"3","RW":"3","J8":"3","PP":"3","M6":"3","M7":"3"},"J6":{"8F":"3","CX":"3"},"CJ":{"79":"3","4Q":"3","4H":"3","GH":"3"},"H4":{"7F":"3","GH":"3","9F":"3","CG":"3","QJ":"3"},"Q8":{"33":"3","MC":"3"},"XG":{"8X":"3","CW":"3","9X":"3","CV":"3","9W":"3","P2":"3","CX":"3","9R":"3","FQ":"3","CR":"3","GF":"3","9V":"3"},"5H":{"67":"3","45":"3","54":"3","3F":"3","3G":"3","46":"3","55":"3","4C":"3","CQ":"3","4F":"3","2F":"3","38":"3","XP":"3","3C":"3","56":"3"},"PG":{"WQ":"3","3J":"3"},"XW":{"C2":"3","H6":"3","W5":"3","J7":"3","93":"3","92":"3","G7":"3","G5":"3","C3":"3","RC":"3"},"7J":{"WX":"3"},"GF":{"GH":"3","M2":"3"},"F3":{"JH":"3"},"FC":{"5J":"3"},"MX":{"X4":"3","X5":"3"},"G3":{"6X":"3"},"X9":{"X7":"3"},"5J":{"G2":"3"},"G4":{"X7":"3","V8":"3"},"F7":{"JC":"3","P9":"3"},"QH":{"9W":"3","93":"3"},"XH":{"2Q":"3","93":"3","92":"3","82":"3","83":"3"},"JG":{"R2":"3","P3":"3"},"QR":{"W2":"3"},"WG":{"95":"3"},"MQ":{"3G":"3","MC":"3"},"XV":{"66":"6|3","67":"3","6Q":"3"},"HC":{"59":"3"},"WP":{"P6":"3","P7":"3"},"XF":{"PC":"3"},"F2":{"37":"3","28":"3","MG":"3"},"8J":{"RJ":"3","RG":"3"},"P7":{"HR":"3"},"RR":{"38":"3"},"4H":{"53":"3","47":"3","9C":"3","25":"3","58":"3","57":"3","86":"3","M9":"3","56":"3","37":"3","27":"3","36":"3","85":"3","96":"3","34":"3","95":"3","67":"3","H8":"3","65":"3","M8":"3","48":"3","66":"3","J9":"3","45":"3","38":"3","35":"3","J8":"3","26":"3","G7":"3","55":"3","C5":"3","C6":"3"},"7M":{"74":"3"},"J4":{"M7":"3"},"W8":{"JP":"3"}},"H4":{"PR":{"2H":"3"}},"QJ":{"69":{"GV":"3"},"36":{"JX":"3","HX":"3","GX":"3"},"HH":{"HG":"3"},"54":{"2R":"3"},"5P":{"RW":"3","VQ":"3","VM":"3","RP":"3","QH":"3","RV":"3","VJ":"3","QP":"3","RM":"3","VR":"3","VV":"3","QM":"3","VP":"3","RH":"3","RJ":"3","RR":"3","VH":"3","QJ":"3","RQ":"3","QQ":"3","QR":"3"},"H8":{"4V":"3","3V":"3"},"37":{"H3":"3","G3":"3","M8":"3","J2":"3","G2":"3","JC":"3","G5":"3","J4":"3","MF":"3","J9":"3","MC":"3","G6":"3","P8":"3","G4":"3","J5":"3","H2":"3","PC":"3","J3":"3","M9":"3","P7":"3","H6":"3","P9":"3","H4":"3","H5":"3","P6":"3"},"2G":{"WX":"3","62":"3","52":"3"},"2H":{"W7":"3","VM":"3"},"4G":{"53":"3","47":"3","52":"3","68":"3","43":"3","58":"3","3J":"3","57":"3","62":"3","4G":"3","56":"3","63":"3","4H":"3","5C":"3","4M":"3","73":"3","44":"3","3M":"3","67":"3","4F":"3","65":"3","48":"3","54":"3","49":"3","59":"3","66":"3","46":"3","3H":"3","64":"3","4J":"3","72":"3","74":"3","82":"3","42":"3","45":"3","5F":"3","55":"3","4C":"3","4P":"3","5G":"3"},"9W":{"79":"3","87":"3","96":"3","86":"3","97":"3","89":"3","95":"3","99":"3","85":"3","C9":"3","98":"3","88":"3","7C":"3","8C":"3","9C":"3"},"97":{"J7":"3"},"8G":{"CQ":"3"},"74":{"HF":"3"},"29":{"F2":"3"},"FC":{"CG":"3","CH":"3"},"F4":{"V2":"3"},"4F":{"4G":"3","4X":"3","6P":"3","8R":"3","5V":"3","6C":"3","7W":"3","5P":"3","8V":"3","6G":"3","5M":"3","3G":"3","6M":"3","5C":"3","5F":"3","6X":"3","59":"3","5Q":"3","8X":"3","4W":"3","7P":"3","7Q":"3","6Q":"3","5G":"3","5H":"3","6H":"3","6W":"3","7J":"3","49":"3","6F":"3","4P":"3","8Q":"3","4R":"3","4V":"3","5J":"3","4J":"3","69":"3","4M":"3","58":"3","5X":"3","5R":"3","4C":"3","6R":"3","7V":"3","7X":"3","3F":"3","4Q":"3","7R":"3","5W":"3","4F":"3","6J":"3","6V":"3","4H":"3","7M":"3","8W":"3"},"28":{"FX":"3","GW":"3","MV":"3","FW":"3","GX":"3"},"CQ":{"G5":"3"},"64":{"75":"3"},"3H":{"22":"3"}},"H9":{"XW":{"PF":"3"}},"MG":{"5J":{"QQ":"3"},"PG":{"CF":"3","FG":"3","FH":"3","CG":"3","CH":"3"},"PP":{"7W":"3","8X":"3","7X":"3","7R":"3","7M":"3","8W":"3","7V":"3","9R":"3","8Q":"3","7Q":"3","7P":"3","8P":"3","8V":"3","9V":"3","8R":"3"},"G5":{"RW":"3","P9":"3"},"JC":{"58":"3","68":"3"},"V6":{"9J":"3"},"VR":{"MQ":"3","MP":"3"},"RX":{"WJ":"3","XP":"3","WM":"3","WP":"3","XJ":"3","V5":"3","XM":"3"},"VV":{"R9":"3","VG":"3"},"MC":{"3M":"3","C8":"3","99":"3","C9":"3","9F":"3","3J":"3","4J":"3","CF":"3","CC":"3","9C":"3"},"29":{"7H":"3"},"PQ":{"6F":"3"},"5H":{"2Q":"3","2P":"3","2V":"3","2R":"3"},"PJ":{"HQ":"3","GR":"3","GV":"3","HR":"3","GQ":"3","HV":"3"},"8V":{"H9":"3"},"4H":{"XR":"3","XQ":"3","XP":"3"},"VX":{"7J":"3","CW":"3","MM":"3","8J":"3","7M":"3","9H":"3","HV":"3","5M":"3","8M":"3","HF":"3","9V":"3","9J":"3"}},"JF":{"7W":{"49":"3"},"HQ":{"X9":"3","V5":"3","WC":"3","QP":"3","V6":"3","V8":"3","QG":"3","QJ":"3","QF":"3","QC":"3","WM":"3","VF":"3","XP":"3","WF":"3","RJ":"3","XC":"3","W7":"3","4H":"3","5C":"3","VJ":"3","RH":"3","XJ":"3","WH":"3","XM":"3","RP":"3","PJ":"3","WP":"3","V9":"3","VG":"3","PH":"3","V7":"3","R8":"3","PG":"3","R6":"3","VH":"3","P9":"3","VM":"3","59":"3","R5":"3","W8":"3","XG":"3","XH":"3","WG":"3","W5":"3","W9":"3","QM":"3","XF":"3","VC":"3","WJ":"3","RG":"3","QH":"3","RF":"3","X7":"3","RC":"3","PC":"3","P7":"3","VP":"3","R9":"3","RM":"3","Q8":"3","R7":"3","Q9":"3","X8":"3","PF":"3"},"X6":{"9X":"3","8Q":"3"},"8F":{"M6":"3","M7":"3","J6":"3"},"4X":{"M6":"3"},"8Q":{"79":"3"},"JQ":{"JF":"3","3G":"3","JC":"3","2J":"3","2G":"3","F7":"3","G9":"3","G8":"3","F9":"3","FF":"3","2M":"3","3H":"3","39":"3","HC":"3","3C":"3","2C":"3","28":"3","HF":"3","GF":"3","29":"3","FC":"3","2F":"3","G7":"3","F8":"3","GC":"3","2H":"3","3F":"3"},"PV":{"VG":"3","WJ":"3","VC":"3","WF":"3","WP":"3","VJ":"3","XM":"3","VH":"3","XJ":"3","VF":"3","WC":"3","WM":"3","XH":"3","WH":"3","WG":"3"},"2W":{"GG":"3","HH":"3","Q7":"3","GH":"3","HG":"3"},"8W":{"F2":"3","54":"3","7V":"3","53":"3","6V":"3"},"PQ":{"7W":"3"},"4W":{"2Q":"3","2P":"3","3V":"3","3P":"3","3R":"3","3Q":"3"},"8V":{"GV":"3","FP":"3","9W":"3","8W":"3","FM":"3","CJ":"3","CP":"3","CM":"3","FQ":"3","FJ":"3","CR":"3"}},"F5":{"27":{"VH":"3","VG":"3"}},"QR":{"8R":{"3X":"3","4X":"3","4V":"3","3V":"3","3W":"3","4W":"3"},"9V":{"2G":"3","2F":"3"},"9P":{"42":"3"},"CC":{"GV":"3"},"7M":{"MF":"3"},"8V":{"XF":"3","MP":"3"}},"JV":{"92":{"X3":"3"}},"JC":{"XR":{"9G":"3"}},"G8":{"J5":{"WH":"3"}},"QW":{"67":{"35":"3"},"63":{"JW":"3","HW":"3","HX":"3","JV":"3"},"64":{"H2":"3","G4":"3","G3":"3","87":"3","96":"3","97":"3","88":"3","G2":"3","C5":"3","F4":"3","C6":"3","F5":"3"}},"QQ":{"H5":{"CP":"3","FR":"3"}},"HJ":{"VM":{"82":"3"},"Q9":{"XV":"3","XR":"3","XQ":"3"},"VJ":{"2G":"3"},"Q6":{"X3":"3","WG":"3","W8":"3"},"R4":{"3V":"3"},"Q4":{"V9":"3"},"RH":{"PW":"3","C5":"3"},"R2":{"3M":"3","3P":"3","4P":"3","3R":"3","3Q":"3","4M":"3","3J":"3"},"55":{"QR":"3"},"Q7":{"W4":"3"},"WR":{"QG":"3"},"XX":{"RQ":"3","RP":"3","QP":"3","QQ":"3"},"Q5":{"WW":"3","XP":"3"},"RF":{"5J":"3","5H":"3"},"HG":{"RF":"3"},"RG":{"62":"3","CV":"3","9R":"3"},"R5":{"33":"3"}},"J6":{"XC":{"43":"3","52":"3"}},"J9":{"37":{"R8":"3"}},"HR":{"C7":{"QH":"3","PM":"3","QM":"3","QJ":"3"}},"F3":{"2G":{"RQ":"3","QQ":"3"},"XG":{"7F":"3"}},"JQ":{"H9":{"R2":"3"},"H8":{"8P":"3","8M":"3","7M":"3","7P":"3"},"PW":{"95":"3"},"PR":{"62":"3","73":"3","72":"3","63":"3"},"PQ":{"6X":"3","7X":"3"},"J9":{"24":"3"}},"PR":{"RH":{"96":"3"}},"99":{"QH":{"RV":"3","RR":"3","PW":"3","QW":"3","QQ":"3","JV":"3"},"PG":{"R3":"3"},"MF":{"PJ":"3","76":"3","M7":"3"},"RH":{"C7":"3"},"QF":{"7W":"3","6V":"3","6X":"3","6W":"3","7V":"3","2J":"3","6R":"3","5R":"3"},"QJ":{"M4":"3","M5":"3","Q5":"3","P5":"3"},"QG":{"43":"3","FV":"3"},"RJ":{"JP":"3","PV":"3","PW":"3"},"RC":{"2C":"3"}},"QM":{"2Q":{"CJ":"3"},"C2":{"GF":"3"},"87":{"5P":"3","9H":"3"},"79":{"F4":"3","H3":"3","G3":"3","F3":"3","G2":"3","F2":"3","C3":"3","C4":"3","G4":"3","C2":"3","H2":"3","H4":"3"},"78":{"FX":"3","GW":"3","GV":"3","CX":"3","CW":"3","FW":"3","GX":"3"},"2V":{"CX":"3"},"9C":{"96":"3","93":"3","85":"3","94":"3","84":"3","C5":"3","82":"3","95":"3","83":"3"},"77":{"8F":"3","8G":"3","89":"3","9G":"3","99":"3","C9":"3","9F":"3","8C":"3","CF":"3","CC":"3","9C":"3"}},"GR":{"4M":{"FR":"3"},"3J":{"JX":"3"}},"XH":{"87":{"PC":"3"},"55":{"2G":"3"}},"VF":{"7R":{"36":"3","37":"3","27":"3","2F":"3","29":"3"},"8R":{"9Q":"3","8X":"3","9W":"3","8W":"3","9R":"3","8Q":"3","8P":"3","9P":"3","8V":"3","9V":"3","8R":"3"},"CV":{"5R":"3","5Q":"3"}},"HH":{"62":{"VF":"3"},"QH":{"Q6":"3"},"P8":{"WR":"3","M3":"3","VR":"3","VQ":"3"},"V2":{"7X":"3"},"42":{"RQ":"3","RR":"3"},"72":{"VF":"3"},"F4":{"8P":"3"},"C6":{"MM":"3"}},"FC":{"FJ":{"JM":"3"},"V6":{"25":"3","Q9":"3"},"JF":{"X9":"3","V2":"3","QV":"3","R2":"3","RH":"3","QQ":"3","PJ":"3","Q4":"3","R6":"3","V4":"3","Q6":"3","W2":"3","R5":"3","MH":"3","WG":"3","W5":"3","W9":"3","R3":"3","Q5":"3","Q3":"3","QR":"3","R4":"3","PP":"3","PM":"3","R7":"3","X8":"3"},"MF":{"3X":"3","8R":"3","2X":"3","9H":"3","CQ":"3","4M":"3"},"GR":{"Q2":"3"},"JC":{"WX":"3","RV":"3","RR":"3","RW":"3","VX":"3","QW":"3","RX":"3","WC":"3","X2":"3","WF":"3","RJ":"3"},"M9":{"45":"3","54":"3","44":"3","46":"3","55":"3","57":"3","FX":"3","3C":"3","42":"3","56":"3"},"MG":{"9V":"3","32":"3"},"W7":{"J4":"3"},"MW":{"33":"3","22":"3"},"QQ":{"5P":"3","6R":"3","5Q":"3","47":"3"},"MJ":{"V7":"3"},"Q4":{"CW":"3","9X":"3","CV":"3","9W":"3","FM":"3","CX":"3","CJ":"3","CP":"3","CQ":"3","CM":"3","5R":"3","FJ":"3","5Q":"3","CR":"3","9V":"3"},"C7":{"QP":"3"},"HQ":{"X4":"3","6V":"3","W3":"3"},"M8":{"4X":"3"},"JG":{"VJ":"3","M3":"3","V5":"3","J4":"3","W5":"3","M4":"3","RH":"3","J3":"3"},"R5":{"GM":"3","GJ":"3","FJ":"3","FM":"3"},"J9":{"XQ":"3"},"JR":{"2P":"3","F3":"3"},"MH":{"FF":"3","JQ":"3","J9":"3"},"Q5":{"HC":"3","94":"3","C7":"3","C5":"3","C6":"3","95":"3"},"MC":{"3V":"3","2W":"3","2V":"3","6R":"3","2R":"3"},"XW":{"HJ":"3"},"HH":{"XM":"3"},"GG":{"2H":"3","3J":"3"},"QR":{"GC":"3","C7":"3","C6":"3"},"JH":{"47":"3","58":"3","3G":"3","2J":"3","57":"3|6","56":"3","63":"3","73":"3","2R":"3","65":"3","2M":"3","48":"3","49":"3","64":"3","3C":"3","74":"3","55":"3","4C":"3","2P":"3","2H":"3"},"X7":{"39":"3","38":"3"},"MV":{"53":"3"},"JW":{"JF":"3"},"FC":{"7W":"3"},"PP":{"RW":"3"},"FG":{"F8":"3","G8":"3","F7":"3","XJ":"3","C8":"3"},"Q9":{"FJ":"3","GV":"3"}},"WX":{"XH":{"39":"3"},"WJ":{"33":"3"},"R9":{"GJ":"3","GH":"3","FG":"3"},"WH":{"W5":"3"},"VH":{"62":"3","82":"3"},"VG":{"4M":"3"}},"P6":{"PG":{"Q3":"3"}},"98":{"H6":{"3X":"3"},"G2":{"QH":"3","QG":"3"},"H7":{"33":"3","32":"3"}},"R5":{"W4":{"58":"3"}},"PX":{"H8":{"WH":"3"},"CF":{"G8":"3"},"6R":{"9G":"3"},"32":{"HF":"3","2W":"3"}},"HW":{"VR":{"8F":"3","8J":"3","8H":"3","8G":"3"}},"MF":{"CM":{"JQ":"3"},"FQ":{"4C":"3"},"G4":{"92":"3"},"G3":{"7W":"3"},"G2":{"FQ":"3","P8":"3"},"C5":{"HJ":"3"},"F4":{"5X":"3","3Q":"3","3R":"3","3P":"3","2P":"3","3M":"3","4P":"3","4Q":"3","2M":"3"},"GX":{"C4":"3"}},"MQ":{"R3":{"CF":"3","99":"3","9F":"3","CC":"3","9C":"3","9G":"3"}},"QV":{"8J":{"G7":"3"},"8W":{"24":"3"},"9F":{"GM":"3"}},"MM":{"3X":{"2X":"3","2Q":"3","3V":"3","2W":"3","2V":"3","3R":"3","3W":"3","2R":"3"},"2X":{"XV":"3","XR":"3"},"37":{"CW":"3"},"6C":{"5M":"3"},"4F":{"98":"3","99":"3"},"3H":{"P8":"3","W5":"3","X4":"3"}},"HF":{"WV":{"6X":"3"},"RW":{"HH":"3"},"5X":{"F8":"3"},"JR":{"RQ":"3","QH":"3","PR":"3"},"JV":{"M2":"3"},"6X":{"3M":"3","2H":"3","3Q":"3"},"MM":{"XH":"3","XJ":"3"},"JW":{"FJ":"3","GP":"3","HW":"3","CM":"3","GQ":"3","GR":"3","GV":"3","CJ":"3","FM":"3","FP":"3","CW":"3","CX":"3","FR":"3","FX":"3","FV":"3","HQ":"3","GW":"3","GX":"3","M3":"3","HX":"3","HR":"3","CR":"3","FW":"3","CQ":"3","HV":"3","CP":"3","CV":"3","JW":"3","GM":"3","FQ":"3"},"MV":{"8C":"3","87":"3","79":"3","7C":"3","78":"3","GV":"3","76":"3","88":"3","85":"3","86":"3","89":"3","77":"3"},"PM":{"3M":"3","2H":"3","3P":"3","4H":"3","2M":"3","2J":"3","3H":"3","3J":"3"},"JX":{"Q2":"3"},"PX":{"3W":"3"},"XW":{"RX":"3","C8":"3"},"WW":{"62":"3","Q9":"3","QC":"3","RC":"3"},"MX":{"RH":"3","J6":"3"},"QW":{"9J":"3"}},"JP":{"7M":{"WC":"3"},"8Q":{"48":"3","49":"3","59":"3","58":"3","7M":"3","68":"3","57":"3","47":"3"},"V8":{"2Q":"3"},"QC":{"36":"3","47":"3","64":"3"},"8P":{"3H":"3"},"2J":{"CP":"3","9P":"3"},"M9":{"X4":"3"},"9V":{"V2":"3"},"4G":{"57":"3","56":"3"},"VF":{"PG":"3","MG":"3","JF":"3","JG":"3","JC":"3","MF":"3","PF":"3","HC":"3","HF":"3","HG":"3"},"3Q":{"5F":"3","4G":"3","4F":"3","5G":"3"},"4F":{"4J":"3","5P":"3","58":"3","5M":"3","4P":"3","46":"3","47":"3","4M":"3"},"V9":{"39":"3","4P":"3","4M":"3"},"M8":{"J2":"3","PH":"3"},"2M":{"6C":"3"},"R8":{"GM":"3","JP":"3","CP":"3","WJ":"3","XH":"3","3V":"3","RM":"3","QM":"3","RJ":"3"},"7J":{"QV":"3"},"J7":{"QH":"3","FX":"3","QJ":"3"},"H9":{"9V":"3","7V":"3","GF":"3","FG":"3"},"P9":{"5X":"3"},"JG":{"VC":"3"},"8J":{"HJ":"3","2P":"3","JM":"3","JJ":"3","HM":"3"},"3H":{"J8":"3"},"HC":{"7M":"3","63":"3","83":"3"},"VC":{"WW":"3","PX":"3","MX":"3"},"RG":{"93":"3","82":"3","83":"3"},"42":{"7G":"3","2J":"3","6J":"3","7C":"3","4G":"3","4H":"3","5J":"3","7F":"3","4M":"3","6G":"3","7H":"3","6H":"3","5H":"3","7J":"3","5M":"3","4J":"3","8F":"3","6F":"3","8C":"3","5F":"3","5G":"3"},"PC":{"HJ":"3","97":"3","76":"3","88":"3","PM":"3","PH":"3"},"HF":{"35":"3","32":"3"},"4X":{"RH":"3","VH":"3","VJ":"3","RJ":"3"},"GF":{"GG":"3","HH":"3","GM":"3","HJ":"3","GJ":"3","FJ":"3","GH":"3","FG":"3","FH":"3","HG":"3","HM":"3"},"J8":{"7R":"3","6W":"3","FC":"3","C5":"3"},"M7":{"9J":"3"},"Q9":{"Q7":"3","GC":"3","JF":"3"},"5G":{"3F":"3","3G":"3","2G":"3","4G":"3","2F":"3","4F":"3"}},"RF":{"P8":{"X8":"3"},"H5":{"4Q":"3","4R":"3"},"H6":{"43":"3","54":"3","44":"3","45":"3","53":"3","55":"3","56":"3"},"9G":{"5P":"3","5Q":"3"}},"HM":{"3Q":{"XP":"3","XJ":"3","XM":"3"},"X6":{"QC":"3"},"3V":{"GP":"3"},"4M":{"Q8":"3","H3":"3","J2":"3","G2":"3","M3":"3","J4":"3","H7":"3","M4":"3","G9":"3","G6":"3","H8":"3","H9":"3","M2":"3","GC":"3","H2":"3","J3":"3","HF":"3","H4":"3","GF":"3","GG":"3"},"3M":{"P5":"3","JW":"3","J9":"3","MC":"3","MV":"3","M7":"3","P3":"3","MR":"3","M9":"3","P4":"3"},"4R":{"XH":"3"},"4C":{"M3":"3"},"38":{"HW":"3"},"4J":{"H3":"3","PG":"3","FW":"3","HR":"3","GV":"3","JV":"3","GW":"3","P5":"3","FR":"3","HQ":"3","HX":"3","MF":"3","FV":"3","MV":"3","HV":"3","JX":"3","HW":"3","M6":"3","RQ":"3","MX":"3","GX":"3"},"4Q":{"PP":"3","2P":"3","QP":"3","J4":"3","PR":"3","QM":"3","QV":"3","PM":"3","2J":"3","PV":"3","PQ":"3","QR":"3","QQ":"3","H4":"3","H5":"3","2M":"3","2Q":"3","QW":"3"}},"C7":{"9V":{"2F":"3"}},"QH":{"FJ":{"P7":"3"},"8M":{"HQ":"3"}},"GC":{"FW":{"J4":"3","H4":"3","H3":"3","J3":"3","7F":"3","G9":"3","G8":"3","F9":"3","JJ":"3","FF":"3","H9":"3","H6":"3","HC":"3","J5":"3","WJ":"3","GG":"3","HF":"3","H2":"3","H5":"3","GF":"3","J2":"3","FC":"3","F8":"3","GC":"3"},"GV":{"7W":"3","7V":"3","8W":"3","7X":"3","8V":"3"},"27":{"MX":"3"},"GW":{"72":"3"},"28":{"WJ":"3","XH":"3","QH":"3","XG":"3","WM":"3","XJ":"3","WH":"3","XW":"3"},"5G":{"32":"3"},"7R":{"3F":"3","3G":"3","2G":"3","2F":"3"},"HQ":{"54":"3","44":"3","68":"3"},"GP":{"JW":"3","JR":"3","MW":"3","MV":"3","JV":"3"},"FV":{"2V":"3","JX":"3","HX":"3"},"RX":{"4J":"3","3M":"3","3P":"3","4P":"3","4M":"3","3H":"3","3J":"3"},"39":{"22":"3","G9":"3","GC":"3","23":"3","33":"3","32":"3","GF":"3","34":"3","24":"3"},"HV":{"5P":"3"},"GQ":{"WJ":"3","WH":"3","VH":"3","VJ":"3"},"29":{"X4":"3","X2":"3","X3":"3"},"8Q":{"RF":"3","QC":"3","QF":"3","QG":"3","RG":"3","RC":"3"},"4F":{"J7":"3","J6":"3"},"6H":{"5G":"3"},"38":{"3X":"3","2X":"3","2W":"3","2J":"3"},"7P":{"RQ":"3","RP":"3","WJ":"3","XH":"3","XP":"3","VP":"3","WQ":"3","WM":"3","WP":"3","XJ":"3","WH":"3","VM":"3","RH":"3","RM":"3","VH":"3","VQ":"3","VJ":"3","XM":"3","RJ":"3"},"GR":{"85":"3","86":"3","84":"3","95":"3"},"8P":{"HQ":"3","8R":"3","HP":"3"},"FX":{"M8":"3","J8":"3","JC":"3","J4":"3","J7":"3","M4":"3","J9":"3","J6":"3","MC":"3","M7":"3","J5":"3","M6":"3","M9":"3","M5":"3"},"2C":{"F4":"3","F5":"3","F6":"3"},"HP":{"2P":"3","4Q":"3","3Q":"3","2M":"3"}},"MP":{"58":{"WX":"3","RW":"3","VX":"3","RX":"3"},"P4":{"9P":"3"},"22":{"XM":"3"},"2G":{"J2":"3"},"G4":{"3Q":"3","HV":"3"},"36":{"2G":"3"},"FF":{"27":"3"},"59":{"R4":"3","V3":"3","R2":"3","W2":"3","V2":"3","R3":"3","V4":"3","W3":"3"},"8J":{"88":"3"},"WQ":{"26":"3"},"39":{"V8":"3"},"M4":{"F8":"3","G8":"3","H8":"3","G6":"3","H6":"3","F7":"3","G7":"3","H7":"3"},"8F":{"PG":"3"},"Q5":{"2F":"3"},"X7":{"R4":"3","C4":"3","P4":"3"},"5F":{"J6":"3"},"P5":{"W5":"3"},"32":{"3C":"3"}},"RR":{"M7":{"J2":"3"}},"C6":{"XV":{"JJ":"3"},"H4":{"JR":"3"},"C9":{"RV":"3"},"G6":{"W4":"3"},"H6":{"35":"3","48":"3","93":"3","4C":"3","3C":"3"},"F9":{"F7":"3"},"9G":{"H5":"3"}},"PW":{"3X":{"MM":"3"},"36":{"5M":"3"},"39":{"G8":"3","H8":"3","G7":"3","H7":"3","G9":"3"},"33":{"F8":"3","C9":"3","C4":"3","96":"3","F7":"3","85":"3","F9":"3","86":"3","94":"3","84":"3","C7":"3","C5":"3","C8":"3","C6":"3","95":"3"},"QQ":{"QP":"3","R8":"3","QX":"3","R9":"3","R7":"3"},"PP":{"76":"3","77":"3"}},"GQ":{"69":{"33":"3"},"M6":{"7R":"3","8R":"3","8P":"3","8Q":"3","7V":"3","7P":"3","8V":"3","7Q":"3"},"M7":{"C2":"3","C3":"3"},"9C":{"M6":"3"}},"V4":{"34":{"MR":"3"}},"RC":{"WF":{"9J":"3","8M":"3","9P":"3","9M":"3"}},"PJ":{"VG":{"JW":"3"},"W8":{"RR":"3","QV":"3"},"V6":{"7R":"3","8R":"3|6","8Q":"3","8W":"3","57":"3","8V":"3","7Q":"3"},"V5":{"54":"3","4J":"3","66":"6","52":"3","53":"3","55":"3"},"R7":{"RP":"3","WP":"3","VJ":"3","QP":"3","RM":"3","WQ":"3","RH":"3","VH":"3","XJ":"3","R8":"3","RQ":"3","VF":"3","WH":"3","QQ":"3"},"V7":{"6P":"3","5J":"3","66":"3","5X":"3","97":"3","5W":"3","67":"3","76":"3","6H":"3","7X":"3","6R":"3","6G":"3","6J":"3","7J":"3"},"R4":{"HM":"3","F3":"3","FM":"3","CG":"3","CJ":"3","CM":"3","JM":"3"},"Q2":{"RQ":"3"},"R3":{"2P":"3"},"W2":{"GX":"3"},"QM":{"36":"3","35":"3","25":"3","39":"3","26":"3"},"MV":{"RX":"3"},"V4":{"4V":"3|6","4Q":"6","4R":"6","5W":"3","HM":"3","4W":"3"},"JX":{"RC":"3"},"R8":{"M5":"3"},"QJ":{"5R":"3"},"PV":{"3F":"3","3M":"3"},"MW":{"H5":"3","R2":"3","Q2":"3","Q3":"3"},"R6":{"VG":"3","WJ":"3","QH":"3|6","WF":"3","VJ":"3","QC":"3","QP":"3","QF":"3","PR":"3","RH":"3","VH":"3","VF":"3","WH":"3","QG":"3","PH":"3","RF":"3","WG":"3","RG":"3","RC":"3","VX":"6","VW":"6"},"QR":{"V2":"3","V3":"3","V6":"3","V5":"3","R7":"3","V7":"3","R4":"3","R3":"3","R2":"3","V4":"3","R8":"3","R6":"3","R5":"3"},"QQ":{"7G":"3","9C":"3","8P":"3","RX":"3","7C":"3","9P":"3","8M":"3","8G":"3","7F":"3","99":"3","9Q":"3","7H":"3","8H":"3","79":"3","7J":"3","9M":"3","9F":"3","8J":"3","9G":"3","8F":"3","6F":"3","8C":"3","6C":"3","89":"3"},"W9":{"HC":"3","J6":"3"},"V8":{"56":"3"},"RF":{"MJ":"3","MM":"3","PJ":"3","MQ":"3","PQ":"3","MP":"3","PM":"3","PP":"3"},"R5":{"Q8":"3","JR":"3","PG":"3","GV":"3","J2":"3","M3":"3","Q6":"3","R7":"3","R4":"3","JQ":"3","R8":"3","M2":"3","Q7":"3","J3":"3","R6":"3","QG":"3","R5":"3"}},"GH":{"Q4":{"PG":"3","MG":"3","QC":"3","Q6":"3","MF":"3","MC":"3","PF":"3","P8":"3","MH":"3","PC":"3","Q5":"3","PH":"3","P7":"3","P9":"3","P6":"3"},"R2":{"G8":"3","Q9":"3","G7":"3","F7":"3","H7":"3","G9":"3","FF":"3","C8":"3","F9":"3","G6":"3","H9":"3","H8":"3","C9":"3","GC":"3","F8":"3","98":"3","F6":"3","H6":"3","CF":"3","H5":"3","CC":"3","FC":"3","C7":"3"},"Q7":{"HH":"3","HJ":"3","GF":"3"},"Q9":{"PF":"3","QF":"3"},"Q6":{"9X":"3"},"Q8":{"H4":"3","G8":"3","JX":"3","F9":"3","9F":"3","C5":"3","C6":"3","F5":"3","F6":"3"},"R3":{"65":"3"},"QC":{"MJ":"3"},"Q5":{"M5":"3","PH":"3"}},"HG":{"8C":{"5F":"3","5J":"3","4J":"3","5C":"3","4G":"3","5M":"3","4H":"3","QQ":"3","6F":"3","5H":"3","4F":"3","4M":"3","5G":"3"},"G5":{"R3":"3"},"9W":{"RQ":"3"},"64":{"9C":"3","97":"3","CG":"3","88":"3","86":"3","62":"3","F7":"3","CJ":"3","G6":"3","99":"3","85":"3","75":"3","96":"3","95":"3|6","94":"3|6","9W":"3","5H":"3","CC":"3","8H":"3","78":"3","CF":"3","FF":"3","79":"3","93":"3","87":"3","72":"3","98":"3","8F":"3","92":"3","76":"3","CH":"3","82":"3","FC":"3","55":"3","F8":"3","C5":"3","83":"3","5G":"3","84":"6|3"},"QP":{"GC":"3","GF":"3"},"6P":{"3Q":"3","JG":"3","CG":"3","5P":"3","5M":"3","MH":"3","JH":"3","98":"3","6M":"3"},"HW":{"J6":"3"},"HV":{"G8":"3","WF":"3","J8":"6","J9":"6","XM":"3","G9":"3","F9":"3","QV":"3","RH":"3","H8":"3","H9":"3","HC":"3","GC":"3","F8":"3","XP":"3","FC":"3"},"79":{"C5":"3","C6":"3"},"H9":{"H4":"3","H3":"3","J4":"3","J3":"3"},"5V":{"95":"3"},"63":{"33":"3","6J":"3","9V":"3","GV":"3","4G":"3","5J":"3","7X":"3","4F":"3","9W":"3","48":"3","6W":"3","5W":"3","7V":"3","6X":"3","5X":"3","9X":"3","7W":"3","9R":"3","7R":"6","4C":"3","8V":"3","32":"3","5G":"3"},"54":{"FJ":"3","QP":"3","F3":"3","QJ":"3","QC":"3","F7":"3","P6":"3","RH":"3","Q7":"3","G8":"3","QQ":"3","PJ":"3","H8":"3","MJ":"3","PH":"3","V7":"3","VH":"3","GW":"3","Q6":"3","J9":"3","F2":"3","MH":"3","WG":"3","RG":"3|6","F6":"3","QH":"3","RC":"3","P7":"3","J6":"3","J8":"3","R9":"3","G7":"3","Q2":"3","PP":"3","F8":"3","PM":"3","Q9":"3"},"RQ":{"87":"3"},"FJ":{"6Q":"3"},"52":{"3Q":"3","WF":"3","X9":"3","H7":"3","HH":"3","X3":"3","XC":"3","F9":"3","X4":"3","WC":"3","HG":"3","XG":"3"},"78":{"8P":"3"},"J5":{"JV":"3"},"CV":{"67":"3","62":"3","45":"3","65":"3","52":"3","54":"3","63":"3","64":"3","44":"3","46":"3","55":"3","68":"3","53":"3","57":"3","58":"3","42":"3","34":"3","66":"3","43":"3","56":"3"},"34":{"XR":"3"},"VQ":{"5X":"3"},"JP":{"JH":"3","PJ":"3","55":"3"},"JJ":{"9P":"3"},"5C":{"CG":"3"},"67":{"GG":"3","HH":"3","HF":"3","R2":"3","Q2":"3","MM":"3","JM":"3","GH":"3","GF":"3","HG":"3","P2":"3"},"VV":{"H7":"3","5H":"3"},"28":{"44":"3","49":"3","3P":"3"},"J6":{"H3":"3","J2":"3","J4":"3","J5":"3","H2":"3","J3":"3","H4":"3","H5":"3"},"5Q":{"XH":"3","W2":"3","QW":"3"},"55":{"7M":"3","QC":"3","6J":"3","7Q":"3","RH":"3","6P":"3","6R":"3","RP":"3","6M":"3","7J":"3","6W":"3","QM":"3","7V":"3","5X":"3","6Q":"3","7W":"3","7P":"3","6V":"3","7R":"3","Q8":"6","Q9":"3"},"CJ":{"G5":"3","P9":"3","H8":"3","C2":"3","H9":"3","G2":"3","RQ":"3","C5":"3","93":"3","P6":"3","92":"3","F5":"3","G7":"3","J9":"3","P8":"3","J7":"3","F4":"3","J6":"3","96":"3","94":"3","G6":"3","C3":"3","M9":"3","WM":"3","F3":"3","H7":"3","H6":"3","J8":"3","G8":"3","G3":"3","95":"3","G4":"3","G9":"3","C6":"3","C4":"3","M6":"3","M8":"3","M7":"3","F6":"3","F2":"3","RR":"3","P7":"3"},"8X":{"RX":"3"},"2V":{"MJ":"3","HM":"3","FW":"3","GV":"3","GW":"3","CW":"3","HJ":"3","FR":"3","GP":"3","FV":"3","HH":"3","CX":"3","GQ":"3","JJ":"3","MH":"3","GH":"3","GM":"3","JH":"3","FQ":"3","GR":"3","FX":"3","GJ":"3","GX":"3","HP":"3"},"53":{"RV":"3","F3":"3","H4":"3","MF":"3","F7":"3","G4":"3","WX":"3","WW":"3","QQ":"3","FF":"3","H7":"3","J7":"3","H6":"3","Q6":"3","F2":"3","HC":"3","G2":"3","F6":"3","QR":"3","WR":"3","H5":"3","J6":"3","G3":"3","J8":"3","M6":"3","G5":"3"},"26":{"X5":"3","R9":"3"},"6Q":{"44":"3"},"QM":{"9M":"3"},"HQ":{"H5":"3","H6":"3","2F":"3","2C":"3","29":"3","3C":"3","J6":"3"},"43":{"6H":"3","F4":"3"},"66":{"PW":"3","PX":"3","QW":"3","QX":"3","7P":"3"},"8H":{"6F":"3"},"9C":{"HW":"3","HJ":"3","HP":"3","JM":"3","JQ":"3","JV":"3","PW":"3","MP":"3","JP":"3","PQ":"3","PR":"3","MW":"3","PJ":"3","JJ":"3","MJ":"3","HQ":"3","HM":"3","MR":"3","JR":"3","HR":"3","PV":"3","MQ":"3","HV":"3","MV":"3","MM":"3","JW":"3","PP":"3","PM":"3"},"42":{"JQ":"3","MM":"3","JM":"3"},"77":{"5J":"3","6J":"3","5G":"3","5F":"3","6G":"3","6H":"3","5H":"3","6C":"3","5C":"3","6F":"3"},"JR":{"2H":"3","2J":"3"},"49":{"33":"3"},"35":{"HF":"3","GC":"3","5W":"3","6R":"3","9G":"3","FC":"3"},"56":{"HQ":"3","7F":"6","CP":"3","GR":"3","WC":"3","FP":"3","J4":"3","HR":"3","GQ":"3"},"45":{"F2":"3","H9":"3","X2":"3","PQ":"3","PP":"3"},"3X":{"QM":"3","QJ":"3"},"2W":{"87":"3","96":"3","75":"3","86":"3","F3":"3","G2":"3","F2":"3","76":"3","95":"3","77":"3","C3":"3","C4":"3","94":"3","85":"3","74":"3","C2":"3","93":"3","84":"3"},"PQ":{"69":"3","78":"3","F7":"3","89":"3","C8":"3"},"9X":{"G3":"3"},"7G":{"PF":"3","XF":"3"},"65":{"WX":"3","5R":"6","8P":"3","WW":"3","8M":"3","92":"3","XW":"3","XX":"3"},"WX":{"54":"3"},"HG":{"G8":"3","G7":"3","JV":"3","MM":"3","MP":"3","MV":"3","99":"3","JX":"3","MW":"6","6C":"3"},"36":{"23":"3"},"47":{"6Q":"3","7Q":"3"},"F9":{"VR":"3"},"FP":{"PX":"3"},"HF":{"H4":"3","H2":"3","G4":"3","G3":"3","H3":"3","G2":"3","G5":"3","CG":"3","XX":"3"},"HJ":{"C9":"3","CF":"3","5X":"3","XP":"3","CC":"3","G2":"3","F4":"3","F3":"3"},"5R":{"P2":"3"},"HH":{"QH":"3","JF":"3","JC":"3","JG":"3","C5":"3","M6":"3","QJ":"3","J3":"3","M9":"6","M5":"3","HG":"3","GX":"3"},"46":{"G6":"3","G4":"3","G3":"3","F4":"3","G5":"3","F5":"3","F6":"3","F3":"3"},"CR":{"6X":"3","5X":"3"},"JV":{"2P":"3","PC":"3","2C":"3","2M":"3","4M":"3"},"VW":{"4C":"3"},"44":{"X7":"3","RH":"3"},"CH":{"GR":"3","JQ":"3","9V":"3","GV":"3","9Q":"3","CW":"3","CX":"3","FR":"3","FX":"3","9W":"3","JJ":"3","FV":"3","GW":"3","GX":"3","MR":"3","CR":"3","FW":"3","CQ":"3","9X":"3","MM":"3","CV":"3","9R":"3","FQ":"3"},"M2":{"C8":"3"},"27":{"88":"3"},"HX":{"VF":"3","VH":"3","WF":"3","VG":"3"},"GV":{"V9":"3"},"GW":{"RR":"3","WQ":"3"},"HP":{"54":"3","FQ":"3","FR":"3","55":"3","63":"3","65":"3","64":"3"},"GC":{"6Q":"3","5Q":"3"},"48":{"J2":"3","38":"3"},"J4":{"WF":"3"}},"PM":{"WJ":{"3Q":"3","3R":"3","3P":"3","3M":"3","4R":"3","4V":"3","4P":"3","4Q":"3"},"7J":{"R9":"3"},"W8":{"38":"3"},"F3":{"3P":"3","9G":"3"},"WP":{"P8":"3"},"V6":{"GP":"3"},"89":{"73":"3","74":"3","84":"3","83":"3"},"7M":{"JP":"3"},"7H":{"RJ":"3"},"C4":{"QF":"3"},"94":{"8C":"3","7F":"3","8F":"3","7C":"3","7G":"3"},"88":{"3M":"3"},"V8":{"WF":"3"},"XG":{"8J":"3"},"84":{"RP":"3","QP":"3"}},"MC":{"3V":{"F2":"3"},"3W":{"CF":"3","HW":"3"},"2R":{"H8":"3"}},"MJ":{"3G":{"X3":"3"},"2Q":{"V2":"3"},"4F":{"M5":"3","P5":"3"},"3H":{"3M":"3","63":"3"}},"V2":{"9V":{"78":"3"}},"JG":{"V7":{"R3":"3"},"Q4":{"XM":"3"},"V6":{"P7":"3"},"86":{"5X":"3"},"R6":{"QQ":"3"},"C5":{"JH":"3","JM":"3","HM":"3","HV":"3"},"C6":{"99":"3","F7":"3","F6":"3"},"64":{"Q8":"3"}},"HQ":{"JC":{"9W":"3"},"HH":{"M7":"3"},"M6":{"HR":"3"},"GH":{"GW":"3","HW":"3","85":"3","HX":"3","84":"3","M2":"3","HV":"3"},"JF":{"C2":"3","C3":"3"},"M5":{"G2":"3"},"P4":{"73":"3","72":"3","82":"3","83":"3"},"P2":{"PW":"3","PX":"3"}},"JM":{"7F":{"J4":"3","HP":"3","H4":"3","H3":"3","P4":"3","MF":"3","JC":"3","M2":"3","M9":"3","J3":"3","P6":"3","H8":"3","Q4":"3","M8":"3","H7":"3","J7":"3","H6":"3","Q6":"3","J9":"3","M4":"3","M3":"3","M5":"3","J5":"3","G2":"3","Q5":"3","MC":"3","Q3":"3","H2":"3","P7":"3","P5":"3","H5":"3","J6":"3","P3":"3","G3":"3","J8":"3","J2":"3","P2":"3","Q2":"3","M6":"3","M7":"3"},"7C":{"JV":"3","PP":"3","MQ":"3","JW":"3","HX":"3","PR":"3","MV":"3","JX":"3","HW":"3","PX":"3","PV":"3","PQ":"3","MW":"3","MR":"3","PW":"3","MX":"3"},"W8":{"F6":"3"}},"G7":{"JX":{"X4":"3"}},"XX":{"6X":{"F9":"3","C7":"3"},"4M":{"35":"3","54":"3"},"6W":{"5P":"3"},"2H":{"C9":"3"},"2G":{"VH":"3"},"5R":{"6X":"3","5X":"3","6V":"3","MX":"3","2J":"3"},"4P":{"F4":"3"},"5Q":{"W4":"3"},"4Q":{"R3":"3"}},"MW":{"25":{"5W":"3","6W":"3","6V":"3","5V":"3"}},"84":{"WX":{"78":"3","77":"3"}}},"index":{"university,1|retail,2|tourism,3|wreck,4|historical,5|artsCulture,6|namedBuilding,7|water,8|wetland,9|park,10|beach,11|natureReserve,12|cemetery,13|trail,14":{}}}