{"index":{"university,1|retail,2|tourism,3|wreck,4|historical,5|artsCulture,6|namedBuilding,7|water,8|wetland,9|park,10|beach,11|natureReserve,12|cemetery,13|trail,14":{}},"94":{"H3":{"5F":{"32":"3"},"3F":{"4V":"3","P8":"3"},"5C":{"4Q":"3"},"2F":{"7F":"3","GW":"3","GV":"3","CQ":"3"},"92":{"42":"3"},"2C":{"FP":"3"},"29":{"GV":"3"},"2J":{"Q7":"3"},"2R":{"43":"3"},"75":{"2W":"3","2V":"3"}},"8V":{"5J":{"6G":"3"},"XR":{"RJ":"3"},"GQ":{"45":"3","46":"3"},"FQ":{"X5":"3"},"4J":{"JQ":"3"},"2R":{"FX":"3","66":"3"},"2Q":{"7H":"3"},"VX":{"VV":"3"}},"G8":{"36":{"7W":"3","7V":"3"},"C9":{"WX":"3","WW":"3","XW":"3","XX":"3"},"25":{"9V":"3","CV":"3","CR":"3","9R":"3","9Q":"3","CQ":"3"},"MH":{"36":"3","35":"3","45":"3"},"45":{"MR":"3"},"RX":{"58":"3","57":"3"},"FP":{"R3":"3"},"XX":{"RF":"3"}},"HV":{"44":{"FW":"3","GW":"3","CW":"3","CV":"3","9W":"3","HX":"3","FV":"3","CX":"3","9R":"3","HW":"3","FX":"3","CR":"3","2C":"3","9V":"3","GX":"3"},"45":{"H2":"3","H3":"3","G2":"3"}},"6X":{"XQ":{"J7":"3","J6":"3"},"H8":{"JQ":"3"},"H5":{"GX":"3"},"WQ":{"W5":"3","V6":"3"},"W7":{"G2":"3"},"RC":{"M3":"3","PJ":"3"}},"59":{"7W":{"3F":"3","48":"3","47":"3","3H":"3","3J":"3"},"3X":{"3F":"3","3G":"3","2G":"3","2F":"3","2C":"3","3C":"3"},"JW":{"RV":"3"},"MQ":{"9X":"3","8X":"3"},"8H":{"RF":"3"},"9G":{"R5":"3"},"MR":{"92":"3","PC":"3","82":"3","PH":"3"},"VW":{"C9":"3"},"3W":{"CJ":"3"}},"F6":{"FJ":{"XV":"3","XR":"3","XW":"3"},"CM":{"WR":"3","RP":"3","XH":"3","VP":"3","WQ":"3","XJ":"3","C6":"3"},"PX":{"73":"3"},"QV":{"8M":"3","76":"3"},"RX":{"VX":"3"},"JM":{"79":"3","4G":"3","7C":"3"},"6J":{"5P":"3","7G":"3"},"PW":{"6X":"3"},"MP":{"5M":"3"},"JP":{"Q4":"3"},"7F":{"XP":"3","WM":"3","XJ":"3","XM":"3"},"QX":{"W7":"3"},"PR":{"XQ":"3","QC":"3"},"FM":{"H3":"3","3J":"3","2J":"3","8G":"3","3Q":"3","4M":"3","6R":"3","3M":"3","CW":"3","6H":"3","FX":"3","3P":"3","2M":"3","6W":"3","3H":"3","4J":"3","M3":"3","5V":"3","7V":"3","7W":"3","6V":"3","4Q":"3","4P":"3|6"},"6G":{"PR":"3","MQ":"3","PX":"3","MR":"3","PQ":"3","MX":"3"},"FP":{"F2":"3","23":"3"},"7H":{"C5":"3"},"6H":{"M4":"3","GG":"3","M3":"3","G6":"3","CV":"3","H6":"3","H3":"3","R9":"3","GF":"3","M2":"3","P4":"3","P5":"3","P2":"3","P3":"3"},"FR":{"G3":"3"},"79":{"8G":"3"},"HM":{"G8":"3"},"HR":{"P3":"3"},"GJ":{"4X":"3","5X":"3","2W":"3","2V":"3","2R":"3"},"8C":{"MJ":"3","HR":"3","PP":"3","MM":"3","MP":"3","PM":"3","GQ":"3","PQ":"3","PJ":"3"},"QW":{"MC":"3","M7":"3","M8":"3","P9":"3"},"MQ":{"Q3":"3"},"CP":{"VJ":"3"},"GM":{"43":"3","42":"3","63":"3"}},"CG":{"C2":{"J7":"3","M9":"3","M7":"3","J8":"3","M8":"3","P5":"3","P7":"3","J9":"3"},"93":{"9P":"3","9R":"3","9Q":"3"},"W4":{"XQ":"3","VP":"3","WQ":"3","WM":"3","WP":"3","VM":"3"},"65":{"94":"3"}},"GF":{"35":{"JJ":"3"},"39":{"PV":"3"},"33":{"HP":"3"}},"CP":{"X6":{"JP":"3","2G":"3","2H":"3","3Q":"3"},"VP":{"3P":"3","3Q":"3"},"W6":{"XH":"3","XG":"3","XJ":"3","WH":"3"}},"5C":{"75":{"3J":"3"},"H3":{"M4":"3","H9":"3","H8":"3","J7":"3","J8":"3","H7":"3"},"62":{"X2":"3","X3":"3"},"65":{"Q6":"3","VC":"3","WH":"3"},"64":{"PQ":"3"},"46":{"XR":"3"},"72":{"45":"3"}},"3Q":{"JR":{"8W":"3"},"QH":{"HF":"3","CC":"3"},"WF":{"5F":"3","5G":"3"},"JV":{"C3":"3"},"R7":{"5H":"3"},"GP":{"RH":"3"},"X3":{"8Q":"3"},"HW":{"GV":"3"},"Q7":{"QR":"3","PR":"3"},"GM":{"C2":"3"},"XH":{"35":"3"},"W9":{"3X":"3"},"WG":{"RQ":"3","H5":"3","J6":"3"},"9V":{"RP":"3","QP":"3","RM":"3","QM":"3"}},"7F":{"WX":{"C9":"3","99":"3","6H":"3","6J":"3","QX":"3","9C":"3"},"XW":{"6P":"3","6Q":"3","7Q":"3"}},"J4":{"QJ":{"G3":"3"}},"R4":{"2P":{"8J":"3"}},"P3":{"GP":{"8X":"3"},"CG":{"78":"3","GP":"3"},"CJ":{"PW":"3"},"VP":{"C7":"3"},"GQ":{"3G":"3","4G":"3","4H":"3","4F":"3","3H":"3","F3":"3"},"JJ":{"R9":"3"},"CM":{"H7":"3"},"JH":{"MV":"3"},"GR":{"F6":"3"},"FG":{"35":"3"},"CC":{"FH":"3"}},"J8":{"6M":{"WF":"3","P5":"3"},"5R":{"V3":"3"},"6J":{"JW":"3","48":"3","JX":"3","JV":"3"},"5Q":{"MX":"3"}},"F2":{"7W":{"W8":"3"},"HF":{"4Q":"3","3P":"3"},"G6":{"VR":"3"},"CV":{"7Q":"3"},"G7":{"PX":"3","W9":"3"},"JJ":{"P9":"3"},"HG":{"P3":"3"},"H7":{"25":"3","87":"3","52":"3"}},"QM":{"76":{"G2":"3"},"75":{"HJ":"3","HG":"3","J8":"3","H7":"3","HM":"3"}},"R5":{"WJ":{"7V":"3"},"97":{"FJ":"3"}},"6C":{"35":{"CM":"3"},"38":{"QF":"3"}},"4Q":{"5W":{"CH":"3"},"3R":{"2Q":"3"},"22":{"C4":"3"}},"G9":{"63":{"JP":"3","JR":"3","JQ":"3","MM":"3","MQ":"3","MP":"3"},"W2":{"FX":"3","9V":"3","CV":"3","9W":"3","CX":"3","CW":"3","FW":"3","FV":"3"},"W3":{"F2":"3","C2":"3"},"2V":{"44":"3","57":"3"},"4C":{"6X":"3","5X":"3","5W":"3","6W":"3","6V":"3"},"4F":{"62":"3","52":"3"},"57":{"8R":"3"},"58":{"64":"3"},"56":{"M3":"3"}},"6Q":{"QG":{"CP":"3"},"68":{"MP":"3"},"43":{"MF":"3"},"58":{"JH":"3","P9":"3"},"57":{"PQ":"3","P7":"3"},"37":{"XC":"3"},"XP":{"HM":"3"},"JP":{"6X":"3"},"G4":{"CP":"3"},"CJ":{"CF":"3","98":"3","99":"3","9F":"3","CC":"3","9C":"3"},"G6":{"63":"3"},"FM":{"W8":"3"},"6R":{"M8":"3"},"34":{"4X":"3"},"CC":{"78":"3","6C":"3"},"MJ":{"58":"3"},"H7":{"MM":"3","PM":"3"},"9F":{"HH":"3"},"JR":{"WW":"3"},"39":{"6M":"3","6P":"3","6H":"3","6J":"3","73":"3","7J":"3","7M":"3"},"2X":{"9Q":"3","6J":"3","WX":"3","7G":"3","6X":"3","FR":"3","GP":"3","RX":"3","7H":"3","9R":"3","GQ":"3","7Q":"3","8Q":"3","6H":"3","FQ":"3","7P":"3","GR":"3","VX":"3"},"RG":{"CV":"3"},"CH":{"93":"3"},"CQ":{"R2":"3"},"RR":{"MC":"3"},"38":{"4H":"3","68":"3"},"35":{"62":"3","45":"3","42":"3","73":"3","74":"3","72":"3","63":"3"},"6Q":{"JP":"3"},"CP":{"RV":"3","RW":"3|6","QW":"3","RX":"3","QX":"3","QV":"3","8G":"3","3W":"3"},"VV":{"M9":"3","M8":"3"},"X8":{"GQ":"3"},"3F":{"39":"3","64":"3"}},"H6":{"8Q":{"JH":"3"},"3R":{"G2":"3"},"4V":{"VG":"3"},"9P":{"C6":"3"},"8M":{"JW":"3","PR":"3"},"GV":{"G4":"3"},"3Q":{"PV":"3"},"6P":{"8X":"3"},"4W":{"66":"3","76":"3","57":"3"},"6R":{"3F":"3","G4":"3"},"6G":{"WQ":"3"},"WW":{"G2":"3"},"9Q":{"5C":"3","VC":"3","WM":"3","R9":"3","3C":"3","RC":"3"},"FV":{"HM":"3"},"C7":{"5Q":"3"},"9M":{"3R":"3"},"WV":{"GX":"3"},"WQ":{"VX":"3","WM":"3"},"XH":{"QF":"3"},"5V":{"54":"3","27":"3"},"CR":{"VV":"3"},"3W":{"FM":"3"},"F6":{"JC":"3"},"HV":{"CV":"3"},"P3":{"36":"3"},"5R":{"WJ":"3","8X":"3","CW":"3"},"7P":{"FF":"3","JF":"3"},"4Q":{"4V":"3"},"5Q":{"RC":"3"}},"H7":{"M4":{"JJ":"3","CG":"3"},"H4":{"R3":"3"},"V3":{"JH":"3"},"HJ":{"VQ":"3"},"H2":{"94":"3"},"Q9":{"6M":"3","6Q":"3"},"Q2":{"MJ":"3","MG":"3"},"H3":{"PV":"3"},"MF":{"QP":"3"},"V5":{"9P":"3","7M":"3"}},"4X":{"W4":{"F3":"3"},"3R":{"F2":"3","98":"3","4R":"3","9P":"3","C5":"3","5V":"3"},"8P":{"GM":"3"},"9P":{"6G":"3"},"62":{"M6":"3"},"56":{"7H":"3"},"3Q":{"MX":"3"},"7Q":{"CV":"3","3V":"3"},"9Q":{"CV":"3","6Q":"3"},"2R":{"6X":"3"},"4R":{"R4":"3","J5":"3","C4":"3","Q6":"3","Q8":"3","V6":"3","M5":"3","R5":"3","Q5":"3","P5":"3"},"JJ":{"9F":"3"},"F2":{"CP":"3","FQ":"3","FP":"3","CQ":"3"},"64":{"HW":"3"},"72":{"H5":"3"},"77":{"96":"3","J9":"3"},"C2":{"F7":"3"},"R4":{"G4":"3","F5":"3"},"2V":{"P2":"3"},"6Q":{"6F":"3","C7":"3","MV":"3"},"2F":{"37":"3"},"GC":{"W5":"3"},"2W":{"87":"3"},"5Q":{"JR":"3","MM":"3","FH":"3"}},"7R":{"3X":{"69":"3","79":"3","7C":"3","78":"3","67":"3","6C":"3","68":"3"},"36":{"C7":"3"},"HH":{"XX":"3"},"GM":{"MW":"3"},"4X":{"7G":"3"},"FQ":{"W3":"3"},"49":{"3W":"3"},"4V":{"9M":"3"},"GJ":{"MJ":"3"},"9W":{"25":"3"},"8X":{"3F":"3","98":"3"},"MH":{"F4":"3"},"GC":{"6X":"3"},"2W":{"F2":"3"},"CX":{"86":"3"},"8W":{"M4":"3","7R":"3","QP":"3","Q6":"3","J3":"3","XM":"3"},"6W":{"JM":"3"},"X5":{"QX":"3"},"GF":{"72":"3"},"9R":{"6P":"3","5P":"3"},"3W":{"M2":"3"},"P2":{"CF":"3"},"3H":{"3G":"3"}},"F5":{"CX":{"V9":"3","8R":"3"},"X5":{"FF":"3"},"R9":{"6C":"3"},"CQ":{"M4":"3"}},"GJ":{"27":{"2G":"3","2F":"3","2C":"3","29":"3"},"26":{"4F":"3"},"28":{"2C":"3"}},"8C":{"54":{"H8":"3"},"32":{"6J":"3"}},"X2":{"8C":{"GG":"3","GJ":"3"},"HF":{"52":"3"},"CF":{"27":"3"},"66":{"XF":"3"},"78":{"HF":"3","F7":"3","G9":"3"},"9F":{"85":"3","47":"3"},"65":{"FM":"3"}},"WW":{"39":{"66":"3"},"67":{"4Q":"3"},"82":{"GP":"3"},"47":{"HH":"3"},"75":{"PP":"3"}},"4V":{"XF":{"GW":"3","PX":"3","FW":"3"},"7X":{"X2":"3"},"CW":{"MJ":"3"},"9W":{"GH":"3"},"M4":{"78":"3"},"RH":{"JH":"3","JJ":"3"},"4V":{"GG":"3","HF":"3","G6":"3","H2":"3","J5":"3","H6":"3","9J":"3","GC":"3","J7":"3","G7":"3","FP":"3","H7":"3","FC":"3","CQ":"3","G9":"3","P7":"3"},"VH":{"26":"3"},"C9":{"78":"3"},"PV":{"HH":"3","FG":"3"},"8Q":{"V8":"3","R5":"3"},"4X":{"92":"3"},"74":{"7V":"3"},"8P":{"FF":"3","GC":"3","FC":"3"},"4W":{"F2":"3","F4":"3","F5":"3","F3":"3"},"XH":{"G6":"3","4H":"3","75":"3"},"3J":{"4Q":"3"},"FX":{"93":"3"},"XG":{"JW":"3","H4":"3","G6":"3","J2":"3","H3":"3","9F":"3","G2":"3","9C":"3","G5":"3","J3":"3"},"9V":{"MF":"3"},"24":{"Q6":"3"},"QX":{"JM":"3"}},"9R":{"84":{"VW":"3"}},"2P":{"7G":{"Q4":"3","P7":"3"},"3R":{"R8":"3","V8":"3"},"3G":{"2X":"3"},"3J":{"5F":"3","6H":"3"},"88":{"RG":"3"},"7C":{"QH":"3","X9":"3","X8":"3"},"2G":{"PJ":"3","J2":"3","XW":"3","XX":"3","P3":"3"},"4G":{"HF":"3","G8":"3","GC":"3","HC":"3","GF":"3","G9":"3"},"3Q":{"77":"3"},"4H":{"5J":"3"},"5C":{"7R":"3","8R":"3","2Q":"3","96":"3","59":"3","6W":"3"},"5J":{"5H":"3"},"4M":{"64":"3"},"75":{"9F":"3"},"6R":{"F2":"3","JW":"3","J9":"3","95":"3","92":"3","85":"3","37":"3","25":"3","42":"3","43":"3","C7":"3"},"7H":{"FF":"3"},"2R":{"93":"3"},"7X":{"48":"3"},"4R":{"26":"3","G9":"3"},"3P":{"5F":"3","4P":"3","5G":"3"},"5P":{"H2":"3","79":"3","H3":"3"},"79":{"M3":"3"},"2M":{"JW":"3","9W":"3","JX":"3","H3":"3","HX":"3","MX":"3","VQ":"3","RC":"3"},"2Q":{"87":"3","G3":"6","J2":"3","G5":"3","28":"3","J4":"3","97":"3","M4":"3","39":"3","G4":"3","48":"3","29":"3","78":"3","68":"3","38":"3","P4":"3","H4":"3","C7":"3"},"66":{"9C":"3"},"3H":{"43":"3","7H":"3","24":"3","23":"3","22":"3"},"5M":{"CW":"3"},"3C":{"G7":"3","F7":"3","QC":"3","H7":"3","44":"3","G6":"3","J5":"3","F6":"3","H6":"3"},"72":{"63":"3","64":"3"},"6F":{"WH":"3"},"92":{"WQ":"3"},"2C":{"HF":"3","HJ":"3","HC":"3","X4":"3","J8":"3","FH":"3"},"6C":{"2J":"3"},"5X":{"M4":"3","XG":"3"},"5F":{"FJ":"3"},"5R":{"W7":"3"},"CV":{"4F":"3"},"9R":{"JW":"3","JR":"3","MW":"3","MR":"3","MV":"3","JV":"3","HV":"3"},"6V":{"69":"3"},"2F":{"96":"3","HW":"3","G2":"3","WG":"3","89":"3"},"83":{"4J":"3","8H":"3","6F":"3"},"4C":{"6F":"3"},"4Q":{"2Q":"3","2R":"3"},"M7":{"GF":"3"},"2P":{"MJ":"3","M3":"3","PG":"3","GW":"6","WW":"3","Q2":"3","MH":"3","J2":"3","MF":"3","M2":"3","MG":"3","P4":"3","J3":"3","P2":"3","P3":"3"},"4P":{"RP":"3","RR":"3","VP":"3","QQ":"3"},"2H":{"GG":"3","X2":"3"},"3F":{"RV":"3","WW":"3","PM":"3"}},"4M":{"96":{"CV":"3","CR":"3","F4":"3","FW":"3"},"5J":{"V9":"3"},"54":{"JP":"3","QH":"3"},"9G":{"VR":"3"},"63":{"27":"3","46":"3"},"9W":{"G8":"3","CJ":"3"},"CG":{"9V":"3","9R":"3"},"95":{"CM":"3","CP":"3","9P":"3","R7":"3"},"9H":{"X4":"3"},"CJ":{"J4":"3"},"99":{"HH":"3","PJ":"3","J7":"3","HR":"3","GQ":"3"},"9F":{"R2":"3","H6":"3","R5":"3","X8":"3"},"98":{"8V":"3"},"6M":{"WV":"3"},"73":{"XC":"3","XX":"3"},"CR":{"P6":"3","P5":"3"},"CF":{"4X":"3"},"CC":{"6W":"3"},"9C":{"RQ":"3","VV":"3","RP":"3","RV":"3","RW":"3","Q6":"3","QW":"3","VW":"3"},"QW":{"8C":"3"}},"C7":{"7J":{"V3":"3","G4":"6","P9":"3"},"G5":{"8F":"3","JC":"3","7G":"3","8G":"3","89":"3","HQ":"3","9G":"3","99":"3","HC":"3","C9":"3","GM":"3","9F":"3","8C":"3","CF":"3","CC":"3","9C":"3"},"8J":{"48":"3"},"7H":{"XF":"3","WX":"3","XR":"3","XQ":"3","XM":"3","XP":"3","XV":"3"},"C9":{"4V":"3","3V":"3","3W":"3"},"9F":{"3Q":"3"},"88":{"6M":"3","26":"3"},"98":{"PX":"3","QX":"3"},"CF":{"G6":"3","93":"3","84":"3","82":"3","83":"3"},"CC":{"47":"3","68":"3","58":"3","57":"3","56":"3","69":"3","75":"3","67":"3","78":"3","65":"3","79":"3","48":"3","49":"3","59":"3","66":"3","87":"3","46":"3","77":"3","6F":"3","76":"3","6C":"3","QW":"3"},"8H":{"3X":"3","2Q":"3","3M":"3","3P":"3","2V":"3","3R":"3","3Q":"3","2M":"3","2R":"3"},"9C":{"7F":"3","5J":"3","86":"3","8F":"3","69":"3","77":"3","68":"3","8C":"3","GF":"3"}},"CR":{"XR":{"GH":"3"},"M3":{"36":"3","35":"3","33":"3","24":"3","34":"3"}},"7H":{"JR":{"6M":"3"},"7W":{"8P":"3"},"J7":{"27":"3","85":"3"},"HX":{"RG":"3"},"J9":{"5J":"3","X2":"3"},"8W":{"F6":"3"},"MP":{"CH":"3"},"83":{"H3":"3"},"3W":{"XH":"3"},"HW":{"CF":"3"},"4X":{"CJ":"3","78":"3","7G":"3"},"32":{"RH":"3"},"42":{"H8":"3"},"R5":{"R6":"3"}},"3H":{"VQ":{"W7":"3"},"JR":{"WX":"3","RW":"3","RX":"3"},"FW":{"W4":"3"},"JV":{"G4":"3","J2":"3","W4":"3","64":"3"},"MV":{"8J":"3","74":"3"},"PX":{"GR":"3"},"RQ":{"H5":"3"},"QR":{"WJ":"3"},"FX":{"C4":"3","HV":"3"}},"M4":{"GX":{"59":"3","4M":"3"}},"6W":{"3Q":{"WR":"3","WQ":"3"},"JR":{"QR":"3","2G":"3","RR":"3","PR":"3","MR":"3","HR":"3"},"HR":{"6H":"3","2M":"3"},"45":{"WF":"3"},"JV":{"V3":"3","V4":"3"},"PR":{"9M":"3"},"MV":{"CG":"3"},"QR":{"M6":"3","79":"3","Q6":"3","R6":"3","M5":"3","CH":"3"},"QQ":{"7W":"3","7X":"3","6X":"3","8W":"3","6W":"3","7V":"3","8V":"3","8R":"3"},"4P":{"W2":"3"},"4H":{"6Q":"3"}},"7W":{"2X":{"49":"3"},"V3":{"RV":"3","RW":"3","QW":"3","QV":"3"},"R7":{"6X":"3","5X":"3","5W":"3","5V":"3"},"M7":{"9H":"3"},"J5":{"CM":"3"},"R8":{"54":"3","62":"3","52":"3","53":"3","63":"3"},"7Q":{"5C":"3","8Q":"3","6G":"3"},"4X":{"H4":"3","H2":"3","CJ":"3","H3":"3"},"WH":{"FX":"3"},"M9":{"V6":"3","PX":"3","WC":"3","X7":"3","QX":"3","WH":"3","X8":"3","W8":"3"},"P9":{"27":"3"},"56":{"C8":"3"},"9J":{"5R":"3","5W":"3","6R":"3","6W":"3","6V":"3","5V":"3"}},"8F":{"3X":{"R3":"3"},"5W":{"9X":"3"}},"HW":{"VM":{"44":"3","52":"3"},"VJ":{"5X":"3","8V":"3"}},"V7":{"C4":{"J9":"3"},"94":{"2H":"3","2M":"3","2J":"3","2R":"3"}},"95":{"RM":{"44":"3"}},"3P":{"9R":{"FP":"3"}},"79":{"8F":{"RP":"3"},"G4":{"RV":"3"},"MF":{"8J":"3"},"6C":{"XV":"3"},"PP":{"QV":"3"}},"3V":{"XF":{"9C":"3"},"47":{"P7":"3"},"52":{"JX":"3"},"5G":{"5F":"3"},"22":{"9H":"3","8G":"3"},"W2":{"P6":"3","P7":"3"},"36":{"4C":"3","3C":"3"},"XM":{"F2":"3"},"XC":{"CV":"3"},"JX":{"C3":"3"},"5M":{"G3":"3"},"6M":{"8Q":"3"},"5V":{"3Q":"3"},"57":{"3C":"3","7Q":"3"},"RF":{"P2":"3"}},"X8":{"FX":{"36":"3","37":"3","46":"3","47":"3"},"9W":{"WP":"3"},"CX":{"V9":"3","R6":"3"}},"5P":{"WV":{"M3":"3"},"WX":{"R3":"3"},"R4":{"76":"3"},"HX":{"WH":"3"},"VP":{"G5":"3"},"VH":{"38":"3"},"3H":{"GV":"3"},"VF":{"W4":"3"},"WC":{"7C":"3"},"WW":{"M5":"3"},"3J":{"RF":"3"}},"P2":{"2H":{"RV":"3","RW":"3","RX":"3"},"3V":{"2Q":"3","3M":"3","2P":"3","3P":"3","3R":"3","3Q":"3","2M":"3","2R":"3"},"55":{"75":"3","67":"3","65":"3","69":"3","76":"3","64":"3","83":"3","77":"3","68":"3","74":"3","73":"3","66":"3"},"2M":{"7H":"3"},"2J":{"R2":"3","Q2":"3","JX":"3"},"3H":{"47":"3","7G":"3","J4":"3","H4":"3","68":"3","H3":"3","58":"3","P4":"3","7C":"3","J3":"3","F7":"3","69":"3","G4":"3","36":"3","7F":"3","G6":"3","F5":"3","96":"3","67":"3","2R":"3","78":"3","49":"3","H6":"3","59":"3","46":"3","9G":"3","J5":"3","77":"3","8C":"3","F6":"3","6C":"3","38":"3","35":"3","H5":"3","4C":"3","G5":"3"},"3J":{"93":"3"}},"6V":{"G7":{"88":"3"},"G2":{"CM":"3"},"G5":{"4G":"3"},"QC":{"73":"3"},"JC":{"V6":"3"},"V3":{"4Q":"3","4R":"3"},"49":{"M2":"3"},"PF":{"HW":"3","6F":"3","28":"3"},"W3":{"36":"3","35":"3","37":"3","45":"3","46":"3","47":"3"},"C9":{"FV":"3"},"M6":{"99":"3"},"F8":{"G8":"3","FM":"3","G9":"3","F9":"3","FF":"3","GH":"3","GC":"3","F8":"3","FJ":"3","FH":"3","FG":"3","GJ":"3","GF":"3","FC":"3","GG":"3"},"7P":{"68":"3"},"R6":{"FW":"3"},"P9":{"XG":"3","MF":"3"},"26":{"F8":"3"}},"4R":{"7F":{"8F":"3","M3":"3"},"8P":{"R4":"3"},"W6":{"W8":"3"},"9Q":{"78":"3"},"28":{"5C":"3"},"QG":{"FP":"3"},"3J":{"Q3":"3","P3":"3"}},"HF":{"MC":{"4R":"3"}},"8P":{"3Q":{"H5":"3"}},"8X":{"4X":{"VR":"3"},"48":{"JF":"3","MF":"3","JC":"3","M9":"3","MG":"3","P6":"3","M8":"3","PG":"3","J7":"3","JG":"3","J9":"3","MH":"3","MC":"3","JH":"3","J6":"3","J8":"3","M6":"3","M7":"3"},"66":{"M2":"3"},"H5":{"MM":"3"},"58":{"38":"3","46":"3","57":"3","56":"3","47":"3"},"78":{"H4":"3","H2":"3","H5":"3","H3":"3"},"74":{"3X":"3"},"72":{"MJ":"3","GW":"3","MH":"3","PJ":"3","PH":"3"},"63":{"3R":"3"},"82":{"JW":"3","52":"3","HW":"3","42":"3","HR":"3","JV":"3","32":"3","HV":"3"},"4W":{"FW":"3"},"47":{"HM":"3","JF":"3","JV":"3","JG":"3","JW":"3","HJ":"3","HQ":"3","HH":"3","JQ":"3","HV":"3","HW":"3","JJ":"3","JH":"3","HF":"3","HG":"3","JP":"3","HP":"3","JM":"3"},"65":{"M8":"3","V2":"3","J8":"3","Q4":"6","R3":"3","M4":"3","J9":"3","HH":"3","W3":"3","M7":"3","Q3":"3","JH":"3","R5":"3"},"64":{"WX":"6","WJ":"3","QV":"3","RM":"3"}},"CV":{"37":{"QP":"3"},"R8":{"28":"3","36":"3","37":"3","35":"3","33":"3","34":"3","2C":"3","26":"3"},"GF":{"XW":"3"},"R7":{"3Q":"3","6J":"3","3V":"6","3M":"3","2J":"3","4V":"3","3H":"3","2H":"3","4W":"3","4P":"3","3J":"3"}},"HG":{"C9":{"3G":"3"}},"H8":{"6P":{"JP":"3"},"7M":{"RH":"3"},"CG":{"5F":"3"},"9H":{"CG":"3"},"FF":{"GJ":"3","FJ":"3"},"H9":{"3Q":"3"},"6R":{"52":"3","42":"3"},"8M":{"56":"3"},"5W":{"28":"3"},"6Q":{"5W":"3"}},"V5":{"3Q":{"2X":"3"}},"M2":{"WR":{"QJ":"3"},"XP":{"9F":"3"},"VX":{"P3":"3"},"WM":{"V7":"3"}},"FJ":{"VH":{"GV":"3"}},"M3":{"X6":{"RX":"3"},"X7":{"R2":"3"},"WG":{"VV":"3"}},"96":{"75":{"4W":"3"},"3Q":{"6R":"3","28":"3"},"3R":{"44":"3","42":"3"},"2P":{"QV":"3","W4":"3"},"CW":{"6P":"3","34":"3"},"CV":{"3V":"3"},"3M":{"VQ":"3","27":"3","28":"3","49":"3","3M":"3","39":"3","CJ":"3","3G":"3","3H":"3","2H":"3","29":"3","78":"3","2F":"3","38":"3","2G":"3|6","25":"3","26":"3","2M":"3"},"2J":{"W9":"3"},"3J":{"QR":"3","GG":"3"},"4J":{"JP":"3","MM":"3","PJ":"3","HP":"3","JM":"3","HG":"3","RH":"3","HM":"3","MP":"3","75":"3"},"2M":{"X6":"3","P8":"3","X9":"3","XP":"3","X7":"3","X5":"3","XJ":"3"},"2Q":{"W9":"3"}},"3R":{"H4":{"Q8":"3"},"H8":{"73":"3"},"5X":{"2X":"3"},"4R":{"GM":"3"},"45":{"JR":"3"},"5W":{"VH":"3","F3":"3"},"2W":{"3M":"3"},"2V":{"GF":"3","CQ":"3"},"QW":{"9Q":"3"},"F9":{"4P":"3","4M":"3"},"G5":{"7V":"3"},"4W":{"WX":"3","58":"3"}},"H9":{"X9":{"JX":"3"},"W9":{"5X":"3"}},"V2":{"H5":{"97":"3"}},"C6":{"C9":{"J5":"3","M5":"3"},"4G":{"HQ":"6","HP":"3"},"4H":{"44":"3"},"C7":{"5F":"3","5C":"3","66":"3","79":"3","7C":"3","4C":"3"},"F4":{"49":"3","39":"3","37":"3","24":"3","4C":"3","38":"3"},"C6":{"9X":"6","4P":"3"}},"7G":{"C4":{"VV":"3"},"5X":{"9J":"3"},"W2":{"Q2":"3","Q5":"3","P4":"3","P5":"3","P3":"3"},"5W":{"HQ":"3"},"X2":{"3F":"3","2F":"3","2C":"3","3C":"3"},"2C":{"J5":"3"},"5Q":{"PW":"3"},"5V":{"WP":"3"}},"78":{"FJ":{"3R":"3"},"RR":{"9W":"3","CW":"3"},"FR":{"GX":"3"}},"5G":{"52":{"9W":"3"},"3V":{"3J":"3"},"CX":{"4J":"3"},"55":{"H9":"3"}},"5X":{"G8":{"CC":"3"},"62":{"CV":"3","W7":"3"},"45":{"5W":"3","4W":"3","W4":"3"},"7X":{"2C":"3","5H":"3"},"54":{"9G":"3","5Q":"3"},"63":{"2G":"3","H5":"3"},"22":{"XC":"3"},"36":{"PF":"3","Q7":"3"},"F9":{"VV":"3"},"53":{"QW":"3"},"33":{"9X":"3","9W":"3"},"8V":{"PJ":"3"},"32":{"4R":"3"},"34":{"8W":"3"},"8R":{"GR":"3","2P":"3","2H":"3","4P":"3","3R":"3","3Q":"3"}},"86":{"VJ":{"27":"3"},"QP":{"2F":"3"},"VF":{"3H":"3"},"WH":{"8R":"3","5X":"3"},"RF":{"VP":"3"},"RG":{"H8":"3"}},"7V":{"87":{"MP":"3"},"45":{"HJ":"3"},"XC":{"69":"3"},"99":{"VG":"3"},"XX":{"HW":"3","PX":"3","GQ":"3","GR":"3","JV":"3","PW":"3","GV":"3","MW":"3","HQ":"3","JR":"3","HR":"3","PV":"3","MX":"3","HV":"3","MV":"3","JW":"3"},"JH":{"2W":"3"},"C2":{"J3":"3"},"88":{"5H":"3"},"42":{"87":"3","79":"3","CR":"3","9R":"3","9Q":"3"},"FC":{"XP":"3"}},"J6":{"25":{"H2":"3"},"26":{"43":"3","49":"3","46":"3"},"38":{"2V":"3"},"56":{"73":"3"},"47":{"8R":"3"}},"F8":{"JH":{"MJ":"3"},"F9":{"QV":"3"},"PC":{"6C":"3"},"CC":{"Q8":"3","6C":"3"},"J8":{"59":"3"},"H7":{"FW":"3","FV":"3"},"63":{"2X":"3"},"G9":{"WG":"3"}},"2Q":{"79":{"CH":"3"},"47":{"8J":"3","74":"3","84":"3","83":"3"},"86":{"H4":"3","H7":"3"},"27":{"25":"3"},"2P":{"H4":"3","9F":"3"},"22":{"M4":"3","J5":"3","M5":"3","J4":"3"},"4R":{"JP":"3"},"2H":{"25":"3","46":"3"},"37":{"43":"3"},"35":{"6H":"3","57":"3","64":"3"},"33":{"G8":"3","G9":"3"},"32":{"7F":"3","FX":"3","59":"3"},"25":{"GG":"3","9J":"3"},"26":{"V7":"3","8X":"3","2J":"3"},"43":{"9P":"3"}},"QJ":{"3X":{"37":"3"}},"7P":{"F9":{"CG":"3"},"FF":{"5R":"3"},"3W":{"6R":"3"},"6R":{"25":"3","2V":"3"},"48":{"R6":"3"},"7Q":{"99":"3"},"8Q":{"83":"3"},"8P":{"FV":"3"},"5V":{"J5":"3","MQ":"3","MF":"3","W8":"3"},"9P":{"5Q":"3","2R":"3"},"FJ":{"4J":"3","2V":"3"},"FH":{"42":"3"},"FG":{"28":"3"},"5W":{"WP":"3"},"4Q":{"28":"3"},"6Q":{"WR":"3","H2":"3","98":"3"}},"5R":{"7M":{"5R":"3","5V":"3"},"WC":{"75":"3","65":"3","63":"3","64":"3","74":"3","57":"3","73":"3"},"C8":{"XP":"3"},"9V":{"3X":"3","2X":"3"},"XC":{"4P":"3"},"94":{"2G":"3"},"CX":{"G9":"3"},"9W":{"22":"3","32":"3"},"F9":{"4X":"3"},"V9":{"G8":"3","G7":"3"},"VH":{"GW":"3","GR":"3","FR":"3","GV":"3","GX":"3"},"93":{"34":"3"},"R5":{"X9":"3","X7":"3"},"87":{"JC":"3"},"J9":{"75":"3"},"3C":{"8W":"3"},"VC":{"PC":"3"},"92":{"4M":"3"},"PC":{"F3":"3"},"MX":{"8H":"3","7G":"3"},"GH":{"6J":"3"},"4C":{"G8":"3"},"83":{"WV":"3"},"89":{"C6":"3"}},"4W":{"FW":{"Q4":"3"},"M8":{"7F":"3","8F":"3","8G":"3","7G":"3"},"GV":{"CQ":"3"},"F7":{"QP":"3","QQ":"3"},"GW":{"92":"3"},"JC":{"8J":"3","9C":"3"},"54":{"72":"3","82":"3"},"FV":{"9J":"3"},"HH":{"JV":"3"},"64":{"2P":"3"},"QM":{"PM":"3"},"G6":{"WM":"3"},"H8":{"5J":"3"},"99":{"VX":"3"},"GQ":{"HQ":"3"},"GC":{"M8":"3"},"CH":{"H6":"3"},"53":{"7W":"3","9Q":"3","8X":"3","7X":"3","7R":"3","8W":"3","7V":"3","8Q":"3","8P":"3","9P":"3","8V":"3","8R":"3"},"F6":{"52":"3"},"4W":{"H7":"3"},"2G":{"5X":"3","5W":"3"},"9P":{"M6":"3","M7":"3","P6":"3","P7":"3"},"P4":{"M7":"3"},"HF":{"H7":"3"},"FH":{"XM":"3"},"FG":{"JQ":"3"},"GF":{"4Q":"3"}},"5Q":{"H3":{"F6":"3"},"Q9":{"HH":"3"},"GV":{"79":"3"},"J2":{"RW":"3"},"P5":{"3V":"3"},"HJ":{"F9":"3"},"H7":{"MG":"3"},"9G":{"2C":"3"},"9W":{"JR":"3"},"V4":{"M2":"3"},"4C":{"MM":"3"},"PV":{"7V":"3"},"R6":{"FG":"3"},"PH":{"4Q":"3","3P":"3","4P":"3","3Q":"3"},"CF":{"M2":"3"},"H4":{"X3":"3"}},"W8":{"3G":{"Q6":"3","Q5":"3"},"87":{"XQ":"3"},"98":{"22":"3"},"97":{"67":"3","4G":"3","4M":"3","3X":"3","3W":"3","46":"3","4W":"3","57":"3","58":"3","4J":"3","66":"3","56":"3","4H":"3"},"6H":{"3F":"3","49":"3","39":"3","37":"3","27":"3","4C":"3","38":"3","29":"3","4F":"3","28":"3","3C":"3"},"88":{"MW":"3","MQ":"3","R3":"3","MR":"3","PQ":"3","MP":"3","MV":"3","PP":"3"},"5H":{"Q3":"3"}},"9V":{"X6":{"FF":"3"},"2F":{"QP":"3","PR":"3","QV":"3","PQ":"3","RQ":"3","QQ":"3","QR":"3"},"55":{"CX":"3"},"68":{"P4":"3"},"95":{"M4":"3","M3":"3"}},"2V":{"H8":{"6M":"3","6P":"3","5P":"3","5M":"3","6J":"3","6Q":"3","7M":"3","7P":"3"},"GR":{"HV":"3"},"Q6":{"45":"3"},"64":{"77":"3"},"HW":{"M4":"3","M5":"3"},"X6":{"2G":"3","2H":"3"},"8R":{"R7":"3"},"Q5":{"GM":"3","HJ":"3","CV":"3","GJ":"3","CR":"3"},"63":{"V2":"3"},"FM":{"P6":"3"},"CP":{"66":"3","9C":"3","CG":"3"},"54":{"C7":"3"},"C5":{"HF":"3"},"JX":{"RF":"3"},"QQ":{"QJ":"3"},"22":{"GW":"3","R6":"3"},"93":{"X3":"3","R6":"3"},"R6":{"32":"3"},"5P":{"3V":"3"},"V5":{"37":"3","27":"3"},"6G":{"R9":"3","W6":"3","4G":"3","X6":"3","W5":"3","3G":"3","X5":"3","3H":"3","X4":"3","4H":"3"},"34":{"FF":"3","R2":"3","W2":"3","9H":"3","V2":"3","F7":"3","H7":"3","M5":"3"},"75":{"Q8":"3","VM":"3","WJ":"3","VC":"3","WP":"3","VJ":"3","Q4":"3","XM":"3","VP":"3","WM":"3","WH":"3","XP":"3"},"7F":{"9H":"3","8H":"3","9F":"3","8G":"3","9C":"3","9G":"3"},"85":{"CV":"3","9X":"3","8X":"3","FR":"3","GV":"3","CR":"3","6W":"3","5V":"3","FV":"3"},"J7":{"RV":"3"},"62":{"3X":"3"},"W7":{"52":"3"},"X4":{"5F":"3","5C":"3"},"P3":{"J6":"3"},"5Q":{"7M":"3"},"55":{"6P":"3","5R":"3","6R":"3","6Q":"3","5Q":"3","7M":"3"},"V4":{"83":"3"},"33":{"WX":"3","45":"3","C3":"3"},"53":{"24":"3"},"WQ":{"76":"3"},"5G":{"QH":"3"},"43":{"F4":"3","75":"3","V6":"3","P5":"3","R4":"3","Q2":"3","P2":"3","J6":"3","F5":"3","76":"3","95":"3","92":"3","83":"3","C3":"3","G6":"3","C4":"3","V4":"3","94":"3","J5":"3","85":"3","M6":"3","Q3":"3","P3":"3","74":"3","C2":"3","F6":"3","82":"3","P4":"3","93":"3","R5":"3","84":"3","C7":"3"},"32":{"W6":"3","X9":"3","V6":"3","R4":"3","X8":"3","W3":"3","V4":"3","W4":"3","4F":"3"},"9P":{"H3":"3"},"8H":{"V9":"3","WJ":"3"},"6W":{"5F":"3","5C":"3"},"42":{"29":"3","CX":"3","9W":"3","8R":"3","7W":"3","PX":"3","FJ":"3","CW":"3","8V":"3","QX":"3","VQ":"3","VM":"3","9V":"3","6M":"3","VP":"3","28":"3","9R":"3","8X":"3","33":"3","PJ":"3","7Q":"3","RM":"3","QM":"3","6H":"3","9P":"3","CM":"3","23":"3","FC":"3","GH":"3","35":"3","QJ":"3","8M":"3","9X":"3","98":"3","VR":"3","36":"3","7V":"3","HH":"3","7R":"3","JW":"3","46":"3","GW":"3","8W":"3"},"7J":{"XP":"3"},"WM":{"RP":"3"},"23":{"G3":"3","6Q":"3"},"J8":{"JC":"3"},"97":{"2F":"3"},"XJ":{"WJ":"3"},"8G":{"VF":"3","VC":"3","XC":"3"},"7G":{"25":"3","24":"3"},"24":{"CH":"3"},"G3":{"PC":"3"},"HG":{"3F":"3"},"4J":{"HP":"3"},"W6":{"RF":"3","6W":"3"},"WC":{"G2":"3"},"5R":{"8J":"3"},"C9":{"PP":"3"},"V6":{"VH":"3"},"7X":{"7R":"3"},"3F":{"29":"3"},"9G":{"92":"3","2C":"3","38":"3","29":"3","C3":"3"},"JV":{"7W":"3","7V":"3","6V":"3","XM":"3"},"HC":{"77":"3"},"87":{"5C":"3","58":"3","8M":"3","XJ":"3","M2":"3"},"C7":{"7X":"3"},"GV":{"P7":"3"},"HP":{"HH":"3","H7":"3","84":"3"},"86":{"92":"3","QX":"3","74":"3","84":"3","72":"3","82":"3","75":"3"},"R5":{"W4":"3"},"VG":{"5M":"3"},"CG":{"27":"3","HG":"3"}},"J7":{"5J":{"W7":"3"},"52":{"JM":"3"}},"PP":{"WC":{"2G":"3"}},"G4":{"Q8":{"WJ":"3"},"PG":{"4C":"3","3C":"3"},"FW":{"WM":"3","3J":"3"},"HR":{"F7":"3"},"MG":{"M5":"3"},"GW":{"H3":"3"},"9X":{"X4":"3","82":"3"},"HQ":{"HQ":"3","GR":"3","FF":"3","PJ":"3","GV":"3","MR":"3","HR":"3","GQ":"3","RC":"3","HV":"3"},"QF":{"3Q":"3","3R":"3","3P":"3","2P":"3","28":"3","Q6":"3","6P":"3","7M":"3","3G":"3","3H":"3","29":"3","2H":"3","7P":"3","2G":"3","4P":"3","4Q":"3","2R":"3","2M":"3"},"9W":{"8X":"3"},"PF":{"XR":"3","WQ":"3"},"CH":{"8G":"3"},"PH":{"Q3":"3"},"8V":{"9X":"3"},"RG":{"25":"3","26":"3"},"FC":{"X8":"3"},"VX":{"37":"3","38":"3"},"VW":{"5Q":"3"}},"3W":{"PP":{"62":"3","63":"3"},"CQ":{"6X":"3","7X":"3"},"H8":{"5J":"3"},"GR":{"WM":"3"},"HV":{"HJ":"3","GR":"3"},"79":{"JQ":"3"},"7W":{"4V":"3"},"83":{"5M":"3"},"W2":{"9X":"3","9W":"3","GF":"3","R6":"3","G9":"3"},"93":{"2V":"3"},"82":{"QR":"3","5C":"3"},"6G":{"C9":"3","99":"3"},"VM":{"32":"3"},"JP":{"J2":"3","V2":"3","Q6":"3","V3":"3","P5":"3","V6":"3","V5":"3","Q4":"6","R3":"3","W5":"3","X3":"3","R2":"3","H2":"3","Q5":"3","X2":"3","P6":"3"},"85":{"7J":"3","5J":"3","6J":"3","6P":"3","5G":"3","7M":"3","7H":"3","6G":"3","5M":"3","6H":"3","5H":"3","6M":"3"},"5F":{"28":"3"},"VP":{"48":"3","58":"3","46":"3","57":"3","56":"3","47":"3"},"XG":{"3Q":"3"},"26":{"5F":"3","6G":"3","6F":"3","5G":"3"},"6Q":{"9C":"3","89":"3"},"9P":{"XR":"3"},"WM":{"4P":"3"},"3M":{"98":"3"},"FV":{"7H":"3"},"JM":{"GG":"3","9H":"3","JX":"3","CX":"3","HX":"3","7Q":"3"},"2W":{"X8":"3"},"XJ":{"V3":"3"},"9X":{"H9":"3"},"V9":{"48":"3","66":"3","58":"3","67":"3","57":"3","56":"3","47":"3"},"HG":{"QR":"3","MV":"3"},"RX":{"H8":"3"},"QR":{"4G":"3"},"2C":{"JX":"3"},"3C":{"V9":"3","V7":"3","W9":"3","R6":"3","V8":"3","Q5":"3","W8":"3"},"M8":{"3V":"3"},"4Q":{"GR":"3","GQ":"3","GP":"3"},"CR":{"75":"3","VQ":"3","62":"3","VR":"3","63":"3","83":"3","RR":"3","RQ":"3","74":"3","QR":"3","QQ":"3","72":"3","73":"3","84":"3"},"4F":{"XV":"3"},"M7":{"92":"3"},"Q9":{"PC":"3"}},"5V":{"53":{"76":"3"},"V5":{"5J":"3","4G":"3","QC":"3","V3":"3","V6":"3","5G":"3","VR":"3","5P":"3","Q3":"3","W4":"3","5H":"3","PH":"3","4J":"3","R5":"3","4H":"3"},"WC":{"5R":"3","5Q":"3"},"V6":{"WR":"3","VV":"3","62":"3","WJ":"3","WV":"3","VP":"3","WQ":"3","73":"3","XJ":"3","RH":"3","72":"3","63":"3","VH":"3","VJ":"3","RJ":"3"},"QJ":{"2M":"3","2J":"3"},"9C":{"6V":"3"},"QF":{"3V":"3"},"QV":{"8H":"3"},"P4":{"MX":"3"},"8P":{"JR":"3"},"3G":{"FX":"3","9X":"3","RR":"3","CX":"3"},"WM":{"5C":"3","59":"3"},"JC":{"6V":"3"},"7C":{"JJ":"3","HG":"3"},"W7":{"C9":"3","48":"3","CF":"3","58":"3","24":"3","93":"3","55":"3","CC":"3","73":"3","9G":"3","74":"3","94":"3","72":"3","63":"3","FC":"3","95":"3","CG":"3","47":"3"},"X3":{"JW":"3","23":"3"},"X4":{"RH":"3"},"FX":{"27":"3"},"CC":{"XR":"3","C5":"3","F4":"3"},"PJ":{"VW":"3"},"V7":{"V8":"3"},"JX":{"M4":"3","P8":"3"},"3H":{"G3":"6","G2":"6","F2":"3","C5":"3","95":"3","92":"3","C4":"3","94":"3","C2":"3"},"W8":{"57":"3"},"G2":{"WR":"3"},"PV":{"C4":"3"},"HF":{"5X":"3"},"W3":{"X5":"3"},"W6":{"HM":"3","7W":"3","7X":"3","6X":"3","WQ":"3","6W":"3","4R":"3","94":"3","85":"3","78":"3","68":"3","88":"3","5W":"3","2C":"6","59":"3"},"VP":{"P8":"3","FF":"3"},"7W":{"XC":"3"},"G3":{"V3":"3"},"J8":{"8P":"3"},"7P":{"33":"3","45":"3"},"J2":{"P5":"3"},"2F":{"5V":"3"},"PP":{"WC":"3"},"PM":{"HP":"3"},"2W":{"9C":"3","FV":"3"},"2P":{"9J":"3"}},"5J":{"RW":{"9J":"3"},"PR":{"74":"3"},"PQ":{"7H":"3"}},"69":{"2V":{"52":"3","55":"3","F4":"3","47":"3","F6":"3"},"2R":{"7X":"3"}},"M6":{"M4":{"36":"3","4C":"3"},"H4":{"V3":"3","R3":"3"},"WR":{"R4":"3","V6":"3","V8":"3"},"WQ":{"VM":"3"},"WM":{"5X":"3","5W":"3"},"J4":{"69":"3"},"R5":{"WJ":"3"},"V4":{"2W":"3"}},"MG":{"C9":{"6P":"3"}},"M5":{"CF":{"GM":"3"},"98":{"8C":"3"},"9Q":{"G3":"3"}},"F4":{"2X":{"R6":"3"},"2W":{"WW":"3"}},"H5":{"8X":{"9V":"3"}},"97":{"WP":{"38":"3"},"JF":{"PG":"3"}},"88":{"GR":{"X6":"3","X7":"3"},"GV":{"J5":"3"},"HW":{"7R":"3","HH":"3"}},"CF":{"QW":{"H2":"3"},"CX":{"QX":"3"},"QV":{"HW":"3","HX":"3","GX":"3"},"GX":{"96":"3","87":"3","98":"3","97":"3","99":"3","88":"3","C7":"3","89":"3"}},"9F":{"HH":{"J4":"3"},"HF":{"Q7":"3"},"FQ":{"GF":"3"},"GR":{"H4":"3","H5":"3","J5":"3","H6":"3","J7":"3","H7":"3","J4":"3","J6":"3"},"HC":{"PJ":"3","P9":"3"},"VX":{"6J":"3"},"FP":{"FP":"3"},"HG":{"X2":"3"},"XW":{"MF":"3"}},"F9":{"XV":{"XR":"3"}},"7Q":{"5J":{"8W":"3"},"65":{"C4":"3","2W":"3"},"52":{"RG":"3"},"CW":{"2F":"3"},"M3":{"Q2":"3","R5":"3"},"P5":{"37":"3"},"5G":{"JQ":"3"},"63":{"CP":"3","73":"3"},"5F":{"QP":"3","MG":"3"},"64":{"67":"3","G2":"3"},"G9":{"JV":"3"},"M7":{"J7":"3"},"JJ":{"JV":"3"},"4X":{"5P":"3"},"5H":{"P4":"3"},"58":{"JC":"3","JH":"3","CQ":"3"},"5C":{"4X":"3","HW":"3"},"59":{"HP":"3"}},"2M":{"8R":{"R2":"3"},"QG":{"WJ":"3"},"FH":{"HF":"3","GC":"3","HC":"3","GF":"3"},"HP":{"RV":"3","RR":"3"},"H4":{"2R":"3"},"H3":{"6P":"3","HF":"3","5P":"3","5R":"3","PG":"3","PC":"3","6Q":"3","5Q":"3","JF":"3","V5":"3"},"P8":{"99":"3","G2":"3","CH":"3"},"4G":{"WP":"3"},"J3":{"26":"3"},"63":{"HC":"3"},"G6":{"R8":"3"},"73":{"WM":"3"},"F5":{"5R":"3","4Q":"3","4R":"3","5Q":"3"},"G8":{"93":"3"},"5H":{"G3":"3"},"CC":{"3P":"3"},"H8":{"RV":"3","VC":"3","64":"3"},"M8":{"WM":"3","J4":"3"},"PG":{"X3":"3"},"H7":{"59":"3","HC":"3"},"J7":{"2V":"3"},"H6":{"GF":"3"},"59":{"PG":"3"},"87":{"R4":"3"},"3H":{"43":"3","35":"3","44":"3","33":"3","52":"3","45":"3","53":"3","42":"3","34":"3"},"J9":{"FW":"3"},"5M":{"8W":"3","8V":"3"},"72":{"PX":"3","MX":"3"},"Q5":{"MW":"3","VC":"3"},"Q3":{"X8":"3"},"6C":{"74":"3"},"CQ":{"Q2":"3"},"PC":{"83":"3"},"H2":{"82":"3"},"J8":{"5F":"3","5C":"3","2H":"3","X4":"3","W5":"3","GX":"3"},"83":{"MJ":"3","Q9":"3","PG":"3","MG":"3","QF":"3","QM":"3","PF":"3","MH":"3","PH":"3","QG":"3","W9":"3"},"G5":{"XF":"3","R9":"3","WF":"3","W8":"3","QC":"3","X9":"3","QF":"3","XC":"3","RQ":"3","WC":"3","W9":"3","QG":"3","RF":"3","RG":"3","RC":"3"},"M7":{"3C":"3"},"Q9":{"3F":"3"}},"89":{"CM":{"C7":"3"},"HJ":{"GM":"3"},"PX":{"9M":"3"},"X6":{"W8":"3"},"58":{"75":"3"},"P4":{"CM":"3","QH":"3"},"JF":{"9P":"3"},"22":{"6F":"3"},"MP":{"WJ":"3"},"R2":{"7W":"3","5J":"3","7V":"3","4G":"3","5H":"3","6V":"3"},"H7":{"H5":"3"},"JG":{"65":"3","64":"3"},"M3":{"PF":"3"},"J5":{"7J":"3"},"R3":{"9C":"3"},"HH":{"Q7":"3","WH":"3"},"Q3":{"J6":"3"},"PV":{"7V":"3","8V":"3"},"MQ":{"75":"3"},"PP":{"2F":"3"},"PF":{"63":"3"}},"J5":{"7J":{"9W":"3"},"5J":{"Q7":"3"},"3P":{"Q9":"3","VG":"3"},"8G":{"V4":"3"},"7M":{"F4":"3","MV":"3"},"9H":{"4J":"3"},"7V":{"X6":"3"},"3W":{"JW":"3"},"J3":{"73":"3"},"4P":{"6M":"3","4J":"3","6J":"3"},"H4":{"MW":"3","MX":"3"},"H5":{"M2":"3"},"RC":{"G9":"3"},"9C":{"XX":"3"}},"G6":{"HW":{"64":"3"},"HP":{"XG":"3"},"QF":{"6H":"3"},"PX":{"33":"3","24":"3","92":"3|6","73":"3","23":"3","22":"3","72":"3","32":"3"},"QV":{"3G":"3","QP":"3","Q4":"3","49":"3","Q2":"3","45":"3","2J":"3","P6":"3","P4":"3","P5":"3","P3":"3"},"JQ":{"X6":"3"},"PW":{"GP":"3","GQ":"3","9V":"3","GV":"3","69":"3","5C":"3","9Q":"3","CW":"3","CX":"3","9W":"3","78":"3","59":"3","HM":"3","CR":"3","6C":"3","9X":"3","7W":"3","CV":"3","9R":"3","JW":"3","P2":"3","GM":"3","M7":"3"},"MG":{"JH":"3"},"WF":{"3C":"3"},"JP":{"Q8":"3"},"VJ":{"JR":"3","HR":"3","JV":"3","HQ":"3","HX":"3","JQ":"3","HV":"3","HW":"3","GQ":"3","GR":"3"},"RH":{"4P":"3"},"MW":{"FX":"3","JR":"3","JQ":"3","MQ":"3","MR":"3","MP":"3"},"WW":{"MJ":"3"},"QQ":{"PQ":"3"},"PG":{"3F":"3","7H":"3","G7":"3","3C":"3"},"RQ":{"GG":"3","VP":"3","RJ":"3"},"6W":{"5C":"3"},"VM":{"G3":"3","C6":"3"},"JX":{"XQ":"3","XH":"3","XP":"3","WP":"3","XJ":"3","XM":"3"},"PV":{"V9":"3","W7":"3"},"MQ":{"36":"3","5X":"3"},"QR":{"VF":"3"},"RR":{"52":"3"},"MX":{"F8":"3","2X":"3","2P":"3","79":"3","W5":"3","X3":"3","89":"3","2M":"3","2J":"3"},"MV":{"2M":"3"},"VR":{"58":"3"}},"8W":{"HJ":{"67":"3"},"9X":{"M8":"3","J8":"3","H7":"3","J7":"3","J9":"3","J6":"3","H8":"3","M7":"3","M6":"3","M9":"3"},"8X":{"3X":"3","4X":"3","5X":"3","5W":"3","3W":"3","4W":"3"},"6H":{"QW":"3","73":"3"},"23":{"JW":"3","HQ":"3","JR":"3","FC":"3","JV":"3","HR":"3"},"G5":{"HV":"3"},"J9":{"98":"3"}},"6P":{"47":{"5M":"3"},"3R":{"WH":"3","VM":"3"},"9C":{"3C":"3"},"68":{"Q2":"3"},"33":{"3V":"3"},"56":{"6M":"3"},"37":{"J7":"3","RH":"3"},"27":{"8C":"3","86":"3","95":"3"},"69":{"3W":"3"},"4M":{"QR":"3","RR":"3"},"34":{"43":"3"},"67":{"H6":"3","PX":"3","QW":"3","RX":"3"},"5H":{"Q8":"3","M7":"3","47":"3"},"8H":{"VG":"3"},"65":{"49":"3"},"C9":{"VP":"3"},"49":{"49":"3"},"66":{"JP":"6","FP":"3","QG":"3","PH":"3"},"2X":{"6V":"3"},"98":{"GR":"3","59":"3"},"G7":{"8V":"3"},"F8":{"VP":"3"},"2W":{"XW":"3"}},"6M":{"FJ":{"WX":"3","WR":"3","VV":"3","WV":"3","WW":"3","VX":"3","VW":"3"},"GP":{"CW":"3"},"QP":{"7X":"3"},"W4":{"67":"3"},"H4":{"WV":"3"},"97":{"XJ":"3"},"X6":{"PJ":"3"},"3G":{"XC":"3"},"88":{"GR":"3","9P":"3","7Q":"3"},"XC":{"3W":"3"},"99":{"X2":"3","X3":"3"},"PR":{"CJ":"3"},"96":{"GX":"3"},"XM":{"RW":"3"},"CC":{"X9":"3"},"V4":{"H3":"3"},"2Q":{"6V":"3"},"46":{"6R":"3"},"W8":{"7G":"3"},"64":{"69":"3","3F":"3","2P":"3","79":"3","78":"3","67":"3","68":"3","77":"3"},"98":{"WR":"3","Q4":"3","WV":"3","Q3":"3","QQ":"3","VM":"3"},"74":{"PV":"3"},"F6":{"9W":"3","MX":"3"},"RR":{"X7":"3","W7":"3","W9":"3","X8":"3","W8":"3"},"R4":{"QR":"3","8Q":"3"},"F8":{"R7":"3"},"8V":{"5V":"3"},"89":{"92":"3"}},"4C":{"3Q":{"XM":"3"}},"6F":{"79":{"WJ":"3"},"6V":{"R8":"3","Q8":"3","R9":"3"},"7J":{"JX":"3","VW":"3"},"28":{"2P":"3"},"6P":{"H5":"3","H6":"3"},"7M":{"X4":"3","X3":"3","X5":"3","W4":"3"},"3F":{"34":"3"},"95":{"WM":"3"},"39":{"CC":"3"},"6R":{"CP":"3"},"J5":{"R8":"3"},"6C":{"2R":"3"},"7P":{"W5":"3","V5":"3"},"8P":{"2X":"3","37":"3"},"8M":{"79":"3","8G":"3","8J":"3","69":"3","9H":"3","6R":"3","6H":"3","6C":"3","8H":"3","9J":"3","59":"3"}},"2R":{"9C":{"MQ":"3"},"4V":{"WW":"3","MC":"3","RM":"3","QM":"3"},"22":{"CQ":"3"},"JQ":{"V7":"3"},"HG":{"GP":"3"},"GV":{"FW":"3"},"MG":{"GG":"3","8R":"3"},"56":{"Q3":"3"},"36":{"38":"3"},"4H":{"6P":"3"},"WH":{"6G":"3"},"3X":{"H5":"3","92":"3","89":"3","M2":"3","65":"3"},"2R":{"R5":"3"},"54":{"8W":"3"},"5W":{"29":"3"},"66":{"4J":"3","5V":"3"},"46":{"67":"3"},"MH":{"53":"3"},"4J":{"4G":"3"},"5V":{"8Q":"3","2M":"3","2J":"3","3J":"3"},"3W":{"62":"3","G7":"3","JV":"3","52":"3","JW":"3","74":"3","MW":"3","72":"3","73":"3","MX":"3"},"3V":{"6X":"3","5X":"3","8X":"3","7X":"3","28":"3"},"JH":{"5R":"3"},"45":{"C4":"3","2F":"3"},"2V":{"MJ":"3","QH":"3","X9":"3","RW":"3","PJ":"3","W9":"3","X8":"3","PH":"3","W8":"3"},"5R":{"R8":"3","V8":"3","JV":"3"},"GH":{"C9":"3"},"55":{"PV":"3"},"PP":{"9X":"3"},"8V":{"CW":"3"},"5Q":{"PX":"3","V8":"3","R5":"3","RC":"3"},"2P":{"3P":"3"}},"FH":{"XV":{"54":"3"}},"G7":{"H4":{"4C":"3","WP":"3","XW":"3"},"58":{"F2":"3","G2":"3","P3":"3"},"8P":{"8R":"3","8Q":"3","7H":"3","8V":"3"},"57":{"WX":"3","FX":"3","CV":"3","8Q":"3","VX":"3","PX":"3","8W":"3","VW":"3","FW":"3","GX":"3"},"M2":{"22":"3"},"9V":{"RF":"3"},"J3":{"54":"3","44":"3","66":"3","45":"3","67":"3","55":"3","46":"3","57":"3","56":"3"},"5J":{"7G":"3","CM":"3","68":"3","58":"3","57":"3","7C":"3","9P":"3","8G":"3","56":"3","69":"3","CJ":"3","7F":"3","9Q":"3","67":"3","FR":"3","8H":"3","78":"3","FV":"3","65":"3","79":"3","9J":"3","9M":"3","66":"3","8J":"3","9G":"3","77":"3","8F":"3","CR":"3","8C":"3","6C":"3","CQ":"3","9H":"3","CP":"3","CV":"3","9R":"3","55":"3","FQ":"3","89":"3"},"FP":{"4F":"3"},"3C":{"8R":"3","8P":"3","8Q":"3","7P":"3","7Q":"3"},"77":{"93":"3","23":"3"},"HH":{"45":"3","52":"3","54":"3","44":"3","55":"3","53":"3","43":"3"},"82":{"P3":"3"},"HF":{"7M":"3","7Q":"3"},"GF":{"XW":"3"},"J2":{"WQ":"3"},"P2":{"42":"3"},"GM":{"6X":"3","78":"3"},"C3":{"2R":"3"},"4C":{"7R":"3"}},"J2":{"XJ":{"Q8":"3"}},"87":{"R8":{"H4":"3"},"P6":{"2X":"3"},"7G":{"6H":"3"}},"7J":{"79":{"F8":"3","4V":"3","4W":"3"},"5J":{"69":"3"},"G5":{"63":"3"},"7M":{"G7":"3"},"G4":{"7X":"3","PQ":"3"},"78":{"4C":"3","29":"3","4F":"3","28":"3"},"68":{"X9":"3","XC":"3","X8":"3"},"6C":{"WC":"3","W7":"3","W4":"3","W8":"3","RC":"3"},"88":{"JR":"3"},"58":{"W7":"3","X7":"3","W6":"3","X8":"3"},"5C":{"HR":"3"},"66":{"4J":"3","3J":"3"},"2M":{"7F":"3","7H":"3","79":"3","7C":"3","7G":"3"}},"6H":{"8F":{"53":"3"},"FW":{"64":"3"},"VJ":{"9W":"3","9M":"3","FW":"3"},"HJ":{"X6":"3","X7":"3","X5":"3","X8":"3"},"89":{"82":"3"},"J7":{"6R":"3"},"G9":{"8X":"3","FR":"6","9H":"3","93":"3","92":"3","8W":"3","95":"3"},"39":{"MW":"3","2C":"3"},"6G":{"VH":"3"},"4C":{"JW":"3"},"GC":{"M4":"3","HH":"3","J5":"3","87":"3","4G":"3","78":"3","5W":"3","4H":"3","8H":"3","86":"3","84":"3","5H":"3","5G":"3"},"38":{"3X":"3","4H":"3","3W":"3","2M":"3","2J":"3","4M":"3"},"9F":{"P8":"3","QC":"3","JF":"3","MF":"3","JC":"3","M9":"3","HG":"3","Q7":"3","M8":"3","R8":"3","J7":"3","P9":"3","J9":"3","MC":"3","45":"3","PC":"3","HF":"3","P7":"3","J8":"3","Q8":"3","M7":"3","Q9":"3"},"8C":{"76":"3"},"58":{"H9":"3"},"3C":{"V2":"3"},"CF":{"7G":"3"},"GF":{"MJ":"3","73":"3","74":"3"},"C6":{"VQ":"3"},"P6":{"69":"3","5F":"3","5C":"3","FJ":"3","59":"3","58":"3","6F":"3","6C":"3","C7":"3","C5":"3","C8":"3","68":"3","C6":"3","F5":"3","F6":"3"}},"GG":{"9X":{"46":"3"},"2W":{"G8":"3","G7":"3","H7":"3","FP":"3","FR":"3","FV":"3","G9":"3","G6":"3","H9":"3","H8":"3","FQ":"3","H6":"3"},"MQ":{"HC":"3"},"57":{"5V":"3"}},"5F":{"VF":{"5F":"3"},"MJ":{"W3":"3"},"HF":{"54":"3"},"FJ":{"34":"3"},"R8":{"WM":"3"},"FH":{"R9":"3"},"JF":{"H9":"3","JH":"3"}},"FG":{"HQ":{"VM":"3"},"9V":{"9V":"3","CV":"3","9W":"3","9R":"3","FV":"3"},"9W":{"C5":"3"}},"3J":{"48":{"M6":"3"},"66":{"CH":"3"},"96":{"8F":"3","9F":"3","38":"3"},"MQ":{"HG":"3"},"2C":{"XP":"3"},"86":{"F9":"3"},"C3":{"R2":"3","8J":"3","X2":"3","GQ":"3"},"56":{"P9":"3"},"47":{"RH":"3"},"3C":{"6F":"3"},"77":{"4P":"3"},"75":{"9P":"3"}},"6R":{"MG":{"G2":"3"},"RM":{"F2":"3","G3":"3","G2":"3","F4":"3","F3":"3"},"22":{"43":"3","62":"3","V3":"3","R2":"3","W2":"3","V2":"3","R3":"3","W3":"3"},"9H":{"X7":"3","J8":"3"},"VP":{"5H":"3"},"RJ":{"FX":"3","GW":"3","CV":"3","CX":"3","CW":"3","FW":"3","GX":"3"},"2V":{"9Q":"3"},"QJ":{"2W":"3","73":"3","CW":"3"},"PC":{"4X":"3","65":"3"},"RC":{"R6":"3","R5":"3"},"2R":{"VM":"3"},"9C":{"GG":"3"},"8R":{"98":"3"}},"G5":{"43":{"69":"3","43":"3","54":"3","44":"3","53":"3"},"QP":{"M4":"3"},"62":{"8M":"3"},"42":{"GP":"3"},"QX":{"45":"3","MG":"3"},"MV":{"3V":"3"},"HV":{"G5":"3","P3":"3"}},"6G":{"8P":{"M2":"3"},"FV":{"6C":"3","2R":"3"}},"5W":{"7M":{"76":"3","5H":"3"},"3R":{"6P":"3","5P":"3","5M":"3","F9":"3","6Q":"3","7Q":"3"},"H4":{"4Q":"3"},"QC":{"9H":"3","6F":"3"},"33":{"62":"3"},"2J":{"43":"3"},"VF":{"7F":"3"},"3Q":{"XM":"3"},"7Q":{"C2":"3","PV":"3","93":"3","HM":"3"},"5J":{"R8":"3","HR":"3"},"7H":{"4Q":"3"},"QQ":{"6P":"3"},"7X":{"P3":"3"},"5P":{"37":"3"},"7J":{"54":"3","55":"3","64":"3"},"H9":{"GC":"3"},"W2":{"7W":"3","8X":"3","7R":"3","9W":"3","8W":"3","7V":"3","6R":"3","7Q":"3","8Q":"3","7P":"3","8P":"3","8V":"3","8R":"3","6Q":"3"},"5M":{"WV":"3","RR":"3","MQ":"3","PX":"3"},"3C":{"X9":"3","W9":"3"},"2X":{"WC":"3"},"74":{"H2":"3"},"38":{"95":"3"},"W3":{"4V":"3","5J":"3","4M":"3","4W":"3","6R":"3","4R":"3","5P":"3","6W":"3","5W":"3","5M":"3","4J":"3","5V":"3","6Q":"3","5R":"3","6V":"3","4Q":"3","5Q":"3","4P":"3"},"2V":{"WV":"3"},"8W":{"2P":"3","86":"3","6F":"3"},"7P":{"8M":"3","CX":"3","56":"3"},"7R":{"VF":"3","XC":"3","V5":"3"},"2F":{"M9":"3","C7":"3"},"C3":{"Q9":"3","RM":"3"},"C5":{"49":"3"},"4C":{"7W":"3","3F":"3","3G":"3","2P":"3","4H":"3","2M":"3","2J":"3","3H":"6|3"},"4Q":{"79":"3"},"2W":{"W5":"3"},"8V":{"GX":"3","CH":"3"},"C4":{"HF":"3"},"4P":{"QP":"3","PJ":"3","PQ":"3"},"3F":{"7J":"3","QH":"3","PP":"3","MQ":"3","MM":"3","8J":"3","GP":"3","7M":"3","MP":"3","QM":"3","7H":"3","PM":"3","CQ":"3","CP":"3","CM":"3","QJ":"3","PQ":"3","8M":"3","8P":"3","9P":"3","9M":"3","PJ":"3"}},"2H":{"QH":{"CW":"3"},"RV":{"VH":"3"},"PP":{"2M":"3"},"MQ":{"J5":"3","M6":"3","M5":"3","J6":"3"},"QP":{"X4":"3"},"MM":{"HF":"3"},"MP":{"FF":"3","H6":"3","PX":"3","HP":"3","FG":"3","MX":"3"},"QM":{"HQ":"3","WR":"3","H7":"3"},"PM":{"XW":"3"},"QJ":{"MJ":"3","PV":"3","MQ":"3"},"RQ":{"56":"3"},"MX":{"3P":"3"},"GX":{"CF":"3","79":"3","CC":"3"},"VX":{"5W":"3"},"VW":{"9W":"3"}},"H2":{"HJ":{"JC":"3"},"FP":{"X4":"3"},"8G":{"3P":"3"},"CQ":{"X9":"3"}},"4G":{"RQ":{"3P":"3"},"FX":{"PR":"3"},"HR":{"MV":"3"}},"4P":{"56":{"R5":"3"},"G6":{"PH":"3"},"FM":{"H8":"3"},"3X":{"QP":"3"},"FF":{"6X":"3","6W":"3"},"66":{"9H":"3","JF":"3"},"2X":{"3X":"3","6X":"3"},"72":{"CV":"3"},"G2":{"R7":"3"},"74":{"R4":"3","Q6":"3"},"GJ":{"58":"3","4M":"3"},"76":{"9G":"3"},"JH":{"52":"3"},"FC":{"5G":"3"},"55":{"H7":"3"},"C3":{"3W":"3","56":"3"},"G5":{"FG":"3","CG":"3"},"2W":{"84":"3"},"8V":{"R2":"3"},"5Q":{"26":"3"}},"2J":{"8R":{"CH":"3"},"HW":{"P8":"3","R8":"3","Q6":"3","R6":"3","Q5":"3","P7":"3"},"CM":{"F6":"3"},"V2":{"7F":"3"},"97":{"PJ":"3"},"P8":{"2M":"3"},"P4":{"3Q":"3"},"RX":{"9M":"3"},"JQ":{"5Q":"3"},"9P":{"VM":"3"},"MG":{"Q7":"3","X9":"3","XC":"3","R7":"3"},"G4":{"2G":"3"},"CJ":{"HH":"3","HJ":"3","JH":"3","Q5":"3"},"MW":{"CV":"3","8W":"3"},"9Q":{"VR":"3"},"FR":{"VH":"3"},"MJ":{"Q7":"3"},"WP":{"37":"3"},"PH":{"7V":"3"},"PG":{"F4":"3","75":"3","V2":"3","65":"3","V3":"3","C5":"3","5F":"3","F5":"3","C3":"3"},"V4":{"3J":"3"},"P9":{"VP":"3"},"9M":{"WV":"3"},"JX":{"GM":"3","HJ":"3","JJ":"3"},"8J":{"XP":"3"},"JR":{"8C":"3","5J":"3","7F":"3","QP":"3","7H":"3","7C":"3","6H":"3","6G":"3","6J":"3","7J":"3","6F":"3","5H":"3","7G":"3"},"MH":{"VR":"3"},"XG":{"GQ":"3"},"HC":{"X9":"3"},"HX":{"MP":"3"},"GG":{"MM":"3"},"RW":{"RG":"3"},"CQ":{"XP":"3"},"RC":{"R5":"3"},"HV":{"FJ":"3"},"MV":{"23":"3"},"GH":{"H9":"3","G8":"3","H8":"3","M6":"3","M9":"3","J7":"3","G7":"3","M7":"3","J8":"3","H7":"3","M8":"3","G9":"3","J9":"3"},"83":{"PR":"3","MQ":"3"},"PF":{"CX":"3"}},"FP":{"35":{"MQ":"3"},"54":{"64":"3"},"26":{"7F":"3","8F":"3","8G":"3","5G":"3","9G":"3","CG":"3","9H":"3","HC":"3","GC":"3","V9":"3","5H":"3","CH":"3","9F":"3","HF":"3","HG":"3"}},"GR":{"6H":{"RH":"3"},"6G":{"P9":"3"}},"J3":{"RH":{"99":"3"}},"2X":{"8C":{"W7":"3"},"MH":{"7W":"6|3","FC":"3"},"29":{"3V":"3"},"CX":{"G7":"3","C6":"3"},"GR":{"3M":"3"},"6P":{"V6":"3","WC":"3"},"HW":{"23":"3","72":"3"},"HV":{"35":"3","25":"3","33":"3","27":"3","26":"3","34":"3","28":"3"},"Q5":{"5J":"3","5H":"3"},"PR":{"PQ":"3"},"G2":{"8P":"3"},"MW":{"27":"3","28":"3","3F":"3","49":"3","39":"3","29":"3","38":"3","3C":"3|6","2C":"3"},"FJ":{"R3":"3"},"W9":{"74":"3"},"93":{"FP":"3"},"J5":{"96":"3","86":"3","62":"3","C5":"3","63":"3","64":"3","F5":"3","95":"3","83":"3","74":"3","F6":"3","82":"3","72":"3","73":"3","C6":"3","C7":"3"},"92":{"RR":"3"},"6G":{"49":"3","78":"3","2F":"3","2C":"3"},"MP":{"M4":"3","H4":"3","G6":"3","HC":"3","H3":"3","G7":"3","F5":"3"},"F5":{"RQ":"3","VP":"3"},"RP":{"84":"3"},"9J":{"2G":"3","53":"3"},"MM":{"GP":"6","C8":"3","H4":"3","HP":"3","2G":"3","7C":"3","M2":"3","HG":"3","F7":"3","5C":"3","G6":"3","G9":"3","FP":"3|6","FR":"3","F9":"6","8H":"6","CC":"3","H8":"3","FV":"3","79":"3","H7":"3","H9":"3","GW":"3","H6":"3","VM":"3","8J":"6","HC":"3","CR":"3","GG":"3","FW":"3","CH":"3","6C":"3","HF":"3","CP":"3","H5":"3","2F":"3","G7":"3","Q2":"3","GC":"3","R7":"3"},"39":{"QR":"3","J5":"3","H5":"3","RV":"3","H6":"3","RR":"3","QV":"3","JG":"3"},"JJ":{"MH":"3","RG":"6","PH":"3"},"GG":{"7M":"3","7G":"3","3R":"3","3G":"3","6J":"3","4G":"3","3Q":"3","5C":"3","7F":"3","6G":"3","7H":"3","6H":"3","6M":"3","49":"3","9F":"3","3H":"3","8F":"3","CH":"3","2C":"3","7P":"3","4C":"3","89":"3"},"38":{"V7":"3","XH":"3","V6":"3","9Q":"3","GX":"3"},"5F":{"G8":"3","G7":"3","MG":"3","JF":"3","J8":"3","F7":"3","JC":"3","JG":"3","H7":"3","MF":"3","J9":"3","G9":"3","G6":"3","H9":"3","H8":"3","5P":"3","HC":"3","F8":"3","F6":"3","5Q":"3","6Q":"3"},"RG":{"QF":"3"},"MG":{"3C":"3"},"QV":{"2P":"3","2J":"3","2V":"3","82":"3","2R":"3","2M":"3","2Q":"3"},"PV":{"H3":"3","G3":"3","WP":"3","XR":"3","XQ":"3","XM":"3","G4":"3","XJ":"3","F6":"3","WM":"3","XP":"3","H4":"3","XV":"3"},"59":{"3R":"3"},"5Q":{"49":"3","8H":"3"},"2V":{"9G":"3","22":"3","3Q":"3"},"PJ":{"H5":"3","4Q":"3","2V":"3","MR":"3","G5":"3"},"WW":{"GC":"3"},"7Q":{"48":"3","58":"3"},"26":{"5P":"3","3Q":"3"},"94":{"96":"3","PM":"3"},"5G":{"XF":"3"},"QM":{"22":"3"},"MJ":{"FW":"3","3P":"3","CW":"3","28":"3","CV":"3","HX":"3","7M":"6","PR":"3","CX":"3","95":"3","MV":"3","3G":"3","2J":"3","94":"3","3H":"3","29":"3","2H":"3","PQ":"3","MW":"3","38":"3","2G":"3","QR":"3","3J":"3","FX":"3","2C":"3","4Q":"3","2M":"3"},"8P":{"CV":"3"},"C3":{"5V":"3"},"GF":{"8H":"3"},"23":{"H6":"3"},"Q3":{"GG":"3"},"FG":{"WJ":"3","VQ":"3","QH":"3","M8":"3","WP":"3","Q2":"3","XQ":"3","QM":"3","MC":"3","XM":"3","PF":"3","M7":"3","P8":"3","Q7":"3","Q3":"3","M6":"3","VF":"3","WC":"3","PC":"3","WW":"3","M9":"3","P7":"3","RF":"3","P9":"3","P6":"3"},"GH":{"43":"3","33":"3"},"J8":{"HC":"3","F6":"3"},"QJ":{"2X":"3"},"JM":{"9H":"3","8H":"3","8G":"3","9G":"3"},"FV":{"Q3":"3"},"45":{"9V":"3","9W":"3"},"8M":{"2J":"3"},"G8":{"GV":"3"},"72":{"Q2":"3","6F":"3"},"73":{"R9":"3"},"MX":{"3R":"3"},"PH":{"FX":"3","HC":"3","HG":"3","7G":"3"},"99":{"FP":"3"},"G9":{"X6":"3"},"36":{"VG":"3","QF":"3","RH":"3","VH":"3","VF":"3","QG":"3","RF":"3","RG":"3"},"47":{"F2":"3"},"C4":{"78":"3","MC":"3","XC":"3","6F":"3"},"FR":{"JH":"3","GV":"3"},"37":{"Q3":"3"},"HJ":{"9X":"3","CW":"3","FW":"3"},"RX":{"Q6":"3","V5":"3"},"JG":{"8F":"3"},"QR":{"8X":"3"},"Q7":{"3F":"3","66":"3","2F":"3","68":"3"},"88":{"8W":"3","8V":"3"},"7X":{"FW":"3"},"RH":{"WX":"3","VX":"3"},"MQ":{"G3":"3","F3":"3","9W":"3","9R":"3","68":"3","8V":"3","9V":"3","8R":"3"},"RC":{"3X":"3"},"JW":{"X7":"3"},"46":{"47":"3","FH":"3","69":"3","4H":"3","44":"3","FM":"3","34":"3","FR":"3","FX":"3","5H":"3","65":"3","66":"3|6","87":"3","77":"3","76":"3","CH":"3","45":"3","35":"3","C4":"3"},"PM":{"W7":"3"},"MC":{"53":"3"},"Q4":{"5P":"3","5M":"3","4P":"3","4M":"3"},"XV":{"9H":"3"},"CH":{"8X":"3"},"M7":{"4V":"3","4R":"3","4W":"3"},"PW":{"Q8":"3","H7":"3"},"FH":{"Q4":"3","9J":"3","9H":"3","5H":"3"},"84":{"XG":"3"},"48":{"75":"3"},"7M":{"XM":"3"},"J4":{"7W":"3","6X":"3","8X":"3","8W":"3","7X":"3"}},"6J":{"RP":{"F9":"3","GF":"3"},"QH":{"96":"3"},"WF":{"JM":"3"},"RV":{"CX":"3"},"F2":{"8P":"3"},"92":{"4G":"3"},"QV":{"M2":"3","P2":"3"},"3H":{"X2":"3"},"PX":{"47":"3","45":"3","36":"3","46":"3","55":"3","37":"3","35":"3","57":"3","56":"3"},"MW":{"XX":"3"},"JH":{"3M":"3"},"WC":{"QV":"3"},"WM":{"RF":"3"},"QR":{"MJ":"3","QH":"3","PG":"3","MM":"3","QF":"3","FV":"3","85":"3","PX":"3","MH":"3","QG":"3","PH":"3","RC":"3","MX":"3","JP":"3","JM":"3"},"5W":{"P7":"3"}},"9H":{"M5":{"X4":"3"},"P5":{"24":"3","23":"3","22":"3"}},"7X":{"QP":{"CP":"3","9W":"3","8X":"3","9P":"3","8W":"3","CR":"3","9R":"3","9Q":"3","CQ":"3"},"8P":{"49":"3","39":"3","4C":"3","3C":"3"},"37":{"2W":"3"},"GW":{"RH":"3","QM":"3","QJ":"3","RJ":"3"},"52":{"43":"3"},"PV":{"5F":"3","6H":"3","6G":"3","5H":"3","5G":"3"},"42":{"G4":"3","4G":"3","F3":"3"},"QQ":{"75":"3","8F":"3","8G":"3","5F":"3","68":"3","74":"3","2G":"3","5C":"3","66":"3","4H":"3"},"XF":{"52":"3","42":"3"},"XC":{"7R":"3","6P":"3","4X":"3","7V":"3","5X":"3","5W":"3","6R":"3","6Q":"3","6V":"3","4W":"3","7Q":"3"},"R6":{"F5":"3"},"PQ":{"VF":"3","RF":"3","QP":"3","XF":"3","RH":"3","QM":"3","QJ":"3","RG":"3"},"VJ":{"53":"3"},"GX":{"G8":"3","G9":"3","H8":"3","H9":"3","HC":"3","GC":"3","HF":"3","GF":"3"},"5G":{"QR":"3","PV":"3","PR":"3","QV":"3","PQ":"3"}},"FM":{"VF":{"RM":"3"},"FQ":{"28":"3"},"CV":{"7W":"3","FW":"3","HR":"3","GV":"3","GW":"3","FR":"3","HQ":"3","FV":"3","HV":"3","HW":"3","GR":"3","GX":"3"},"M2":{"5X":"3"}},"G3":{"V9":{"68":"3"}},"WV":{"FR":{"74":"3"},"MQ":{"9F":"3"},"FM":{"83":"3"},"HM":{"FF":"3","FH":"3"},"QJ":{"34":"3"},"RG":{"WC":"3","6F":"3","FC":"3"}},"GH":{"36":{"R2":"3","V2":"3"},"35":{"RW":"3","VM":"3","WJ":"3","RV":"3","WP":"3","RX":"3","VV":"3","WM":"3","VX":"3","VW":"3"},"37":{"6V":"3","7J":"3","6X":"3","7R":"3","6W":"3","7V":"3","7Q":"6","7P":"3","6Q":"6"},"33":{"2Q":"3"},"2C":{"99":"3"},"38":{"2X":"3","3V":"3","2W":"3","2V":"3","4F":"3","3W":"3"}},"CQ":{"H5":{"8P":"3"},"G3":{"5J":"3"},"H6":{"M4":"3","WF":"3"},"MQ":{"27":"3","28":"3","36":"3","39":"3","29":"3","38":"3","37":"3","26":"3"},"M9":{"22":"3"},"J7":{"WR":"3","XQ":"3"},"C5":{"GC":"3","FC":"3"},"M8":{"2X":"3","2W":"3"},"F4":{"C8":"3"},"J6":{"2G":"3"},"F5":{"P6":"3"}},"5M":{"RP":{"VJ":"3"},"XH":{"MR":"3"},"Q9":{"W7":"3"},"W2":{"5F":"3"},"RW":{"88":"3"},"XG":{"JV":"3","F3":"3"},"X3":{"FQ":"3","GQ":"3","GP":"3"},"VH":{"CR":"3"},"VJ":{"Q3":"3"}},"7C":{"89":{"R4":"3","V3":"6","R2":"6","Q6":"3","PR":"3","V2":"6|3","R3":"6|3","V5":"3","V8":"3","R5":"3","V4":"3"},"97":{"6R":"3"},"C8":{"62":"3","52":"3","J7":"3","73":"3","72":"3","63":"3","J6":"3","64":"3"},"4C":{"HF":"3","HG":"3","JF":"3"},"88":{"XH":"3"},"98":{"35":"3","44":"3","45":"3"},"8C":{"92":"3"},"M9":{"PJ":"3"},"C6":{"9G":"3","CG":"3","CH":"3"},"C7":{"4X":"3","8P":"3","5X":"3","5W":"3","34":"3"}},"HR":{"WQ":{"2F":"3"}},"4H":{"7J":{"P8":"3","JJ":"3"},"5X":{"54":"3"},"5J":{"3G":"3"},"JF":{"6F":"3"},"8J":{"V5":"3"},"5G":{"M4":"3","G3":"3","55":"3","P9":"3","P4":"3"},"9G":{"9H":"3"},"M4":{"28":"3"},"5F":{"FQ":"3","29":"3"},"J6":{"7H":"3"},"3M":{"CH":"3"},"3H":{"5P":"3"},"6H":{"MQ":"3","C7":"3"},"6M":{"M6":"3","JX":"3","MF":"3","P3":"3"},"F6":{"4Q":"3","GV":"3"},"5V":{"93":"3","73":"3"},"4W":{"X6":"3"},"HF":{"PJ":"3"},"4J":{"26":"3"},"2R":{"25":"3"},"2M":{"VG":"3"},"2Q":{"9Q":"3"}},"XQ":{"8W":{"WM":"3"}},"F7":{"R2":{"W2":"3","W3":"3"},"Q2":{"5P":"3"},"Q3":{"CH":"3"}},"8Q":{"CJ":{"M3":"3"},"4F":{"5W":"3"}},"8G":{"48":{"5F":"3","4M":"3"},"3M":{"QR":"3","XV":"3","PV":"3","PW":"3","PR":"3","QW":"3","QV":"3"},"34":{"XF":"3"},"23":{"XX":"3"},"P6":{"V3":"3","V5":"3","V4":"3"},"2R":{"HQ":"3"}},"9G":{"9V":{"HJ":"3","GJ":"3"},"R2":{"M7":"3","7P":"3"}},"X3":{"H3":{"9M":"3"}},"Q3":{"9P":{"54":"3","6C":"3","5H":"3","2J":"3"}},"3X":{"M3":{"XQ":"3"},"H2":{"46":"3"},"P9":{"VQ":"3"},"CQ":{"FV":"3"},"PC":{"HV":"3"},"R4":{"W8":"3"},"6P":{"GM":"3"},"QW":{"5G":"3"},"5V":{"CF":"3","FF":"3","J7":"3","CC":"3","M7":"3","J8":"3","M8":"3","J6":"3"},"FM":{"V6":"3"},"54":{"72":"3"},"PX":{"VR":"3","VP":"3","PQ":"3","PM":"3","PP":"3"},"83":{"3C":"3"},"JX":{"W5":"3","X4":"3","X2":"3","WP":"3","WF":"3","W4":"3","V4":"3"},"MW":{"2Q":"3","2P":"3","3P":"3","4P":"3","3Q":"3","2M":"3"},"QQ":{"PC":"3","P9":"3"},"FJ":{"8F":"3"},"78":{"JH":"3"},"WV":{"JW":"3","7R":"3","JX":"3"},"J5":{"F8":"3","Q7":"3","FG":"3","R7":"3"},"FF":{"6W":"3"},"QG":{"WW":"3"},"3Q":{"GW":"3"},"RW":{"MX":"3"},"5M":{"P6":"3"},"P8":{"7Q":"3"},"W3":{"MW":"3"},"85":{"C9":"3"},"2Q":{"6G":"3"},"6M":{"7W":"3","G7":"3"},"VP":{"M6":"3","M7":"3","P6":"3","P7":"3"},"67":{"VV":"3","VR":"3"},"XR":{"3F":"3","49":"3"},"VF":{"JC":"3","HF":"3","MC":"3","MF":"3","HG":"3","JF":"3","JG":"3"},"VX":{"5J":"3","HH":"3","8J":"3","4P":"3","7J":"3"},"VC":{"87":"3"},"J6":{"Q6":"3","M7":"3"},"X8":{"2C":"3"},"2V":{"Q8":"3"},"WW":{"VF":"3","GJ":"3","PR":"3","QV":"3","VJ":"3"},"RM":{"X9":"3"},"G6":{"8P":"3"},"MJ":{"VQ":"3"},"6H":{"9X":"3"},"PG":{"4J":"3","4H":"3"},"66":{"WR":"3","85":"3"},"JR":{"MJ":"3"},"FG":{"F8":"3"},"FC":{"CV":"3","X4":"3","CW":"3"},"F8":{"M3":"3","P2":"3"},"3M":{"X4":"3","W4":"3"},"J8":{"84":"3"},"FV":{"34":"3"},"PQ":{"JF":"3"},"MX":{"35":"3","25":"3","27":"3","26":"3","24":"3","34":"3"},"GJ":{"Q7":"3","3R":"3"},"PH":{"GV":"3"},"65":{"C4":"3"},"F7":{"MP":"3"},"QH":{"XP":"3","P5":"3"},"W6":{"24":"3","23":"3"},"FR":{"49":"3"},"M6":{"VP":"3"},"RX":{"98":"3"},"76":{"53":"3"},"V6":{"X4":"3","X3":"3"},"RH":{"7W":"3","7V":"3","8X":"3","7X":"3"},"4Q":{"FQ":"3"},"JW":{"96":"3","F7":"3","XR":"3","R7":"3","97":"3","XQ":"3","XX":"3","F8":"3","XW":"3","WH":"3","C6":"3","C7":"3"},"XV":{"CM":"3","7F":"3","CP":"3","CJ":"3","79":"3","7G":"3"},"6J":{"7W":"3"},"GV":{"6C":"3"},"F6":{"5R":"3","5V":"3"},"FH":{"RV":"3"},"4H":{"85":"3"},"RJ":{"96":"3"},"PF":{"8X":"3","8W":"3"},"W5":{"5G":"3"},"R5":{"9Q":"3"}},"2W":{"7G":{"4H":"3"},"CM":{"F8":"3","92":"3","C7":"3","C8":"3","C6":"3"},"P4":{"WV":"3"},"JM":{"Q4":"3"},"6J":{"R8":"3"},"7C":{"2Q":"3","2P":"3"},"M2":{"8C":"3","8F":"3","CJ":"3","96":"3","97":"3","67":"3","9F":"3","8G":"3","9C":"3","9G":"3","89":"3","65":"3","75":"3"},"HG":{"39":"3"},"MG":{"3F":"3","WV":"3"},"RJ":{"JM":"3"},"MP":{"MW":"3"},"27":{"5M":"3"},"PQ":{"35":"3","46":"3"},"7F":{"67":"3","3Q":"3","3R":"3","3P":"3","2P":"3","3M":"3","2V":"3","68":"3","4Q":"3","66":"3","2R":"3","2M":"3","2Q":"3"},"VJ":{"J2":"3","M2":"3","J3":"3","P2":"3"},"85":{"4G":"3"},"CW":{"4G":"3"},"FX":{"XH":"3"},"F9":{"J7":"3","FM":"3","R6":"3"},"CC":{"V8":"3"},"78":{"9V":"3","89":"3"},"FV":{"MJ":"3","7Q":"3"},"Q4":{"7H":"3"},"FF":{"M4":"3"},"R8":{"M4":"3","J5":"3","M5":"3","M2":"3"},"9J":{"25":"3","26":"3"},"VH":{"MJ":"3","JR":"3","JV":"3","QP":"3","JW":"3","PR":"3","QM":"3","JQ":"3","QV":"3","JX":"3","PX":"3","JJ":"3","QJ":"3","PQ":"3","QQ":"3","PJ":"3","QR":"3","JP":"3","QW":"3","QX":"3","JM":"3"},"V4":{"7W":"3"},"HM":{"CV":"3"},"8J":{"X6":"3","Q2":"3","J2":"3","X5":"3","W6":"3"},"M3":{"M4":"3","V7":"3","7F":"3","P8":"3","M9":"3","6G":"3","J8":"3","6F":"3","R6":"3","R7":"3","M5":"3","V8":"3","P7":"3","J9":"3"},"XF":{"QM":"3"},"M5":{"9W":"3","5V":"3"},"98":{"QV":"3"},"77":{"CC":"3"},"6F":{"XQ":"3","VX":"3"},"92":{"VM":"3"},"76":{"JW":"3","Q9":"3","V5":"3"},"82":{"4R":"3"},"Q3":{"28":"3"},"2C":{"38":"3","2J":"3","CH":"3"},"6C":{"XQ":"3","XP":"3","GC":"3","XJ":"3","P9":"3","XM":"3"},"QW":{"H9":"3","HC":"3"},"5X":{"62":"3"},"28":{"7C":"3"},"P3":{"7R":"3","6P":"3","5P":"3","M6":"3","5Q":"3"},"29":{"59":"3","52":"3","67":"3"},"CV":{"28":"3"},"RM":{"7F":"3","6V":"3","8F":"3","6P":"3","5G":"3","5F":"3","3G":"3","6R":"3","6G":"3","6H":"3","4F":"3","5V":"3","8C":"3","5R":"3","6Q":"3"},"P2":{"2W":"3"},"7R":{"RM":"3"},"PP":{"P8":"3","99":"3","F9":"6|3"},"PM":{"FG":"3","9C":"3","FH":"3","CG":"3","CH":"3"},"84":{"6H":"3","6J":"3"}}}}