{"96":{"29":{"V9":{"QV":"3"},"54":{"5F":"3"},"3V":{"PW":"3"},"2V":{"2C":"3"},"7M":{"C3":"3"},"68":{"CR":"3"},"3C":{"52":"3"}},"63":{"W9":{"49":"3","59":"3"},"W8":{"PG":"3","PF":"3","MH":"3","MC":"3","MF":"3","PC":"3","P9":"3","MG":"3","PH":"3"}},"54":{"X6":{"VH":"3"},"X5":{"C4":"3"}},"22":{"QG":{"93":"3","94":"3","C3":"3"},"F3":{"XJ":"3"},"P8":{"H3":"3","63":"3"},"M2":{"3R":"3","3G":"3","3J":"3","4V":"3","4G":"3","3Q":"3","5J":"3","5C":"3","4H":"3","4M":"3","4W":"3","6R":"3","6G":"3","3M":"3","5H":"3","4F":"3","4R":"3","3P":"3","5P":"3","6W":"3","5W":"3","2Q":"3","3H":"3","39":"3","5M":"3","3C":"3","4J":"6|3","5V":"3","6F":"3|6","6C":"3","3V":"3","6Q":"3","5F":"3","5R":"3","6V":"3","4C":"3","4Q":"3","5Q":"3","5G":"3","4P":"3","3F":"3"},"M9":{"FH":"3","FV":"3"},"J3":{"WJ":"3","XH":"3","WM":"3","XJ":"3","WH":"3","XM":"3"},"73":{"CV":"3","4W":"3"},"75":{"7J":"3","6J":"3","49":"3","36":"3","39":"3","7H":"3","4C":"3","6H":"3","3C":"3"},"6G":{"G4":"3","JJ":"3","HM":"3","G5":"3"},"6H":{"36":"3","35":"3","44":"3","45":"3","34":"3"},"CF":{"WW":"3"},"65":{"X6":"3","X7":"3"},"PH":{"9M":"3"},"H7":{"V8":"3"},"V4":{"45":"3"},"XG":{"42":"3"},"M4":{"63":"3"},"M3":{"GJ":"3","96":"3","FP":"3","GP":"3"},"R3":{"F9":"3"},"M5":{"HW":"3"},"74":{"45":"3"},"MC":{"H8":"3","VR":"3","MQ":"3","MR":"3","MV":"3"},"R4":{"R3":"3"},"H2":{"CV":"3","WQ":"3","CW":"3","VQ":"3"},"6Q":{"GJ":"3"},"P5":{"4Q":"3","4R":"3","3R":"3","3Q":"3"},"G3":{"4Q":"3","4R":"3","3P":"3","4P":"3","3Q":"3"},"7P":{"HG":"3"},"J2":{"VG":"3","79":"3","VC":"3","QH":"3","PG":"3","W8":"3","V7":"3","QF":"3","FM":"3","PF":"3","RH":"3","VH":"3","CM":"3","GH":"3","V9":"3","WC":"3","7C":"3","W9":"3","V8":"3","QG":"3","FH":"3","RG":"3","W7":"3"},"Q2":{"M5":"3"},"83":{"WW":"3"},"Q9":{"R8":"3"}},"52":{"5P":{"PX":"3"},"4P":{"R7":"3"}},"34":{"8C":{"3V":"3","2V":"3"},"39":{"MG":"3"}},"J9":{"5C":{"F9":"3"},"RV":{"8X":"3","7X":"3"},"RW":{"48":"3","67":"3","86":"3","74":"3","38":"3","68":"3","83":"3","77":"3"}},"39":{"35":{"2H":"3"},"78":{"C6":"3"},"3P":{"6H":"3"},"2V":{"VX":"3"},"3R":{"R3":"3"},"23":{"FH":"3","C7":"3"}},"3G":{"6X":{"XW":"3"}},"38":{"25":{"7H":"3","9J":"3","8J":"3","8H":"3"},"37":{"43":"3","44":"3","52":"3","34":"3"},"26":{"GW":"3","GV":"3","HW":"3","HV":"3"},"24":{"JQ":"3"}},"62":{"Q2":{"MJ":"3","PJ":"3","RM":"3","PM":"3","QM":"3","VH":"3","QJ":"3","PH":"3"}},"2Q":{"3R":{"9Q":"3"}},"59":{"H2":{"7X":"3"}},"28":{"QH":{"H4":"3","G4":"3","H2":"3","96":"3","87":"3","98":"3","97":"3","H3":"3","88":"3","86":"3","G5":"3"},"W8":{"37":"3","27":"3","38":"3","28":"3"},"HR":{"HH":"3","HJ":"3","JH":"3","JJ":"3"},"CW":{"WC":"3"},"FV":{"4X":"3","CV":"3"},"PR":{"MC":"3"},"JQ":{"VV":"3","Q7":"3","R6":"3","JF":"3"},"RH":{"HJ":"3","HP":"3"},"5P":{"2P":"3","4Q":"3","CX":"3"},"CQ":{"JG":"3"},"7Q":{"5P":"3"},"8Q":{"Q3":"3"},"WC":{"66":"3","67":"3","74":"3","57":"3","65":"3","75":"3","64":"3"},"FJ":{"56":"3"},"9M":{"47":"3"},"5Q":{"MJ":"3"},"8V":{"X4":"3","W5":"3"},"RG":{"JP":"3"},"4Q":{"P6":"3"},"8R":{"25":"3"}},"2M":{"5C":{"3F":"3"},"67":{"7X":"3"}},"25":{"CX":{"GQ":"3"},"C2":{"VV":"3"},"JC":{"M4":"3"},"4X":{"R4":"3","C9":"3","V3":"3","CJ":"3","R2":"3","R3":"3","CC":"3","C8":"3","R5":"3","V4":"3"},"HW":{"6X":"3"},"H9":{"3C":"3"},"7W":{"5R":"3","4Q":"3","5Q":"3"},"X2":{"X4":"3","X3":"3","X5":"3"},"54":{"52":"3","3V":"3","2W":"3","2V":"3","42":"3","3W":"3","2R":"3"},"J2":{"M3":"3","H2":"3","G6":"3","4V":"3","P8":"3","G3":"3","Q6":"3","J2":"3","J7":"3","H3":"3","M7":"3","G2":"3","J8":"3","M8":"3","Q5":"3","P6":"3","J3":"3"},"Q2":{"XF":"3","VC":"3","W6":"3","WF":"3","W8":"3","X6":"3","X9":"3","V6":"3","V5":"3","V7":"3","W5":"3","XC":"3","X8":"3","X5":"3","V4":"3","X4":"3","W4":"3","VF":"3","V9":"3","WC":"3","V8":"3","W9":"3","XG":"3","X7":"3","W7":"3"},"HR":{"CJ":"3","GH":"3","CH":"3","FJ":"3","FH":"3","FG":"3","GJ":"3","GG":"3"},"82":{"2G":"3"},"JP":{"55":"3"},"3G":{"7M":"3","7G":"3","HJ":"3","HP":"3","JM":"3","6J":"3","8G":"3","JP":"3","5J":"3","4M":"3","6P":"3","6G":"3","7H":"3","6H":"3","8H":"3","JJ":"3","6M":"3","MJ":"3","5P":"3","7J":"3","HM":"3","5M":"3","4J":"3","HH":"3","JH":"3","MM":"3"},"38":{"MP":"3"},"3V":{"66":"3"},"8X":{"PG":"3"},"33":{"M8":"3","P5":"3","P7":"3"},"53":{"6X":"3","5X":"3"},"HQ":{"8G":"3"},"43":{"69":"3","79":"3","58":"3","68":"3"},"32":{"8C":"3"},"C3":{"8J":"3"},"6W":{"WR":"3","VV":"3","VR":"3","WV":"3","VQ":"3"},"23":{"CX":"3","7P":"3"},"73":{"QG":"3"},"24":{"47":"3","4G":"3","G3":"3","27":"3","28":"3","3F":"3","49":"3","MP":"3","36":"3","39":"3","3G":"3","48":"3","46":"3","4C":"3","3H":"3","29":"3","2H":"3","4F":"3","2F":"3","38":"3","37":"3","2G":"3","57":"3","58":"3","3C":"3","2C":"3","26":"3","9C":"3","4H":"3"},"G9":{"RP":"3","QQ":"3","VM":"3","VH":"3","VJ":"3","RG":"3"},"7X":{"J7":"3","M7":"3","J8":"3","M8":"3","J6":"3"},"3F":{"3G":"3"},"MC":{"XR":"3"},"44":{"XV":"3","WM":"3","M7":"3","WP":"3","XC":"3","M8":"3"},"MF":{"29":"3"},"HC":{"F8":"3","66":"3","96":"3","87":"3","98":"3","97":"3","78":"3","76":"3","67":"3","F7":"3","88":"3","85":"3","73":"3","86":"3","74":"3","94":"3","84":"3","C7":"3","C5":"3","C8":"3","68":"3","C6":"3","95":"3","83":"3","77":"3","75":"3"},"M2":{"94":"3","95":"3"},"F2":{"VQ":"3","VM":"3","RP":"3","WP":"3","VJ":"3","RM":"3","WQ":"3","XM":"3","VP":"3","XJ":"3","WM":"3"},"GC":{"R9":"3","VC":"3","QC":"3","QF":"3","VF":"3","QG":"3","RF":"3","RG":"3","RC":"3"}},"4W":{"79":{"Q4":"3"}},"33":{"5J":{"PX":"3","MX":"3"},"C5":{"MR":"3"},"H7":{"QM":"3","QG":"3","RG":"3"},"36":{"JC":"3","MF":"3","JF":"3","JG":"3"},"PF":{"FX":"3"},"39":{"8C":"3"},"H8":{"G5":"3"},"38":{"F4":"3"},"XW":{"7R":"3"},"F6":{"6P":"3"},"H6":{"W8":"3"},"GF":{"47":"3"},"59":{"GV":"3"}},"X8":{"GF":{"Q5":"3"}},"26":{"8R":{"7C":"3","99":"3"},"53":{"3X":"3","4X":"3","3W":"3","4W":"3"},"GP":{"HW":"3"},"43":{"QR":"3","RW":"3","PV":"3","PW":"3","PR":"3","QW":"3","RX":"3","QX":"3","QV":"3"},"58":{"F3":"3","F2":"3","95":"3","92":"3","83":"3","C3":"3","C4":"3","94":"3","85":"3","C2":"3","4W":"3","93":"3","84":"3"},"GQ":{"GW":"3","J4":"3","WQ":"3","QM":"3","MV":"3","JX":"3","M2":"3","PQ":"3","GJ":"3","H5":"3","GX":"3"},"3G":{"4W":"3"},"3J":{"MJ":"3","W8":"3","MG":"3","PP":"3","JG":"3","MM":"3","MF":"3","MP":"3","PM":"3","JJ":"3","MH":"3","JH":"3","JP":"3","JM":"3"},"2J":{"X4":"3","X2":"3"},"57":{"FX":"3","CX":"3"},"8G":{"J4":"3"},"56":{"2V":"3"},"7Q":{"H9":"3","H8":"3","J7":"3","J8":"3","H7":"3","J9":"3"},"73":{"J8":"3"},"44":{"PG":"3","QC":"3","Q2":"3","Q4":"3","QF":"3","PF":"3","Q3":"3","P3":"3","PC":"3","PH":"3","QG":"3","XG":"3"},"FM":{"FR":"3","FV":"3"},"96":{"FC":"3"},"FP":{"HM":"3"},"9Q":{"3M":"3","3P":"3","4P":"3","4M":"3"},"MJ":{"W6":"3","F7":"3","X9":"3","V7":"3","FF":"3","F9":"3","C8":"3","C9":"3","F8":"3","CF":"3","CC":"3","FC":"3","C7":"3"},"PH":{"4J":"3","5C":"3","6R":"3","5Q":"3"},"48":{"WV":"3","VM":"3","VQ":"3","WJ":"3","RP":"3","WP":"3","VJ":"3","XR":"3","RM":"3","V7":"3","VR":"3","XQ":"3","WQ":"3","VV":"3","XM":"3","VP":"3","XJ":"3","WR":"3","RQ":"3","V9":"3","WM":"3","WH":"3","V8":"3","XV":"3","XP":"3"},"54":{"42":"3","95":"3","32":"3"},"49":{"89":"3"},"9M":{"3P":"3","F3":"3"},"46":{"XQ":"3"},"3H":{"5J":"3"},"W8":{"PJ":"3"},"MH":{"XH":"3","XQ":"3","XP":"3","WM":"3"},"9G":{"3C":"3"},"3C":{"85":"3","86":"3","QJ":"3"},"4J":{"6J":"3"},"74":{"GM":"3","CF":"3"},"HR":{"36":"3","4Q":"3","4R":"3","42":"3"},"HH":{"GH":"3"},"8C":{"3X":"3","3M":"3","4Q":"3"},"9H":{"68":"3"},"45":{"RP":"3","WV":"3","VP":"3","VM":"3","RM":"3","RJ":"3"},"7R":{"V6":"3"},"2F":{"JP":"3","MW":"3","MQ":"3","7M":"3","7P":"3","7Q":"3"},"55":{"H5":"3","5H":"3"},"PP":{"P5":"3"},"4C":{"8H":"3"},"3F":{"4M":"3"}},"2G":{"8X":{"36":"3","26":"3"}},"94":{"WR":{"RQ":"3"}},"2F":{"6M":{"Q7":"3"},"2H":{"CM":"3","X6":"3","XF":"3"},"67":{"2M":"3"},"CR":{"22":"3"},"3H":{"2F":"3"}},"RM":{"GQ":{"H7":"3"}},"32":{"H4":{"VF":"3"},"3F":{"3G":"3","3H":"3"},"M3":{"4G":"3","4H":"3"},"H6":{"F6":"3"},"45":{"QM":"3"},"GF":{"92":"3","63":"3"},"6C":{"2M":"3"}},"66":{"WM":{"MR":"3"}},"XW":{"95":{"GR":"3"}},"23":{"7W":{"JH":"3","PJ":"3","99":"3"},"62":{"9W":"3","CW":"3"},"PP":{"9G":"3","CG":"3","9H":"3","FF":"3","GH":"3","GC":"3","CH":"3","FH":"3","FG":"3","GF":"3","8H":"3","GG":"3"},"63":{"G2":"3"},"6W":{"M2":"3"},"4C":{"XV":"3","WW":"3","XW":"3","XX":"3","J9":"3"},"PQ":{"48":"3"},"6C":{"VG":"3","XF":"3","WF":"3","VH":"3","VF":"3","WC":"3","WH":"3","XG":"3","WG":"3"},"R6":{"93":"3","92":"3","84":"3","82":"3","83":"3"},"FX":{"QR":"3"},"5C":{"XH":"3","WJ":"3","XJ":"3","WH":"3"},"FC":{"FM":"3","CJ":"3","H9":"3","HC":"3","CP":"3","CM":"3","GC":"3","FJ":"3","FH":"3","FG":"3","GF":"3","GG":"3"},"R5":{"9X":"3","9W":"3","8X":"3","8W":"3"},"9C":{"Q5":"3"}},"H7":{"4W":{"4P":"3","5Q":"3","5V":"3"}},"C8":{"52":{"GG":"3","GF":"3"}},"35":{"36":{"4G":"3"},"35":{"45":"3"},"48":{"JP":"3","MM":"3"},"59":{"VG":"3","XF":"3","R9":"3","VC":"3","WF":"3","R7":"3","V7":"3","FF":"3","XJ":"3","R8":"3","V9":"3","VF":"3","WC":"3","XH":"6","V8":"3","W9":"3","RF":"3","WG":"3","RC":"3"},"4R":{"HH":"3","JH":"3"},"Q8":{"HC":"3"},"4P":{"27":"3","28":"3"}},"45":{"JR":{"99":"3"}},"3X":{"79":{"5J":"3","3V":"3","5M":"3","2V":"3","3W":"3"},"7C":{"65":"3","64":"3"}},"4P":{"8P":{"3G":"3"}},"73":{"5J":{"X2":"3"},"4G":{"VX":"3"},"FW":{"FX":"3"},"GV":{"6W":"3"},"HX":{"7P":"3"},"FX":{"H3":"3","RM":"3","QG":"3"},"4H":{"V2":"3","X3":"3"}},"24":{"MJ":{"MJ":"3"},"67":{"6M":"3","6P":"3","5P":"3","4Q":"3","5M":"3","4P":"3","6Q":"3","5Q":"3","4M":"3"},"4G":{"M4":"3","M3":"3","J5":"3","J2":"3","M5":"3","M2":"3","J4":"3","J3":"3"},"4M":{"VF":"3","RF":"3","MF":"3","WG":"3","WH":"3","WF":"3","VH":"3","VG":"3"},"WQ":{"5J":"3","3Q":"3","3R":"3","3V":"3","4M":"3","39":"3","3W":"3","3G":"3","2V":"3","3J":"3","4J":"3","2R":"3","2Q":"3"},"GP":{"4X":"3"},"JQ":{"RM":"3"},"PF":{"JC":"3","QH":"3","MH":"3","MC":"3","JF":"3","JG":"3"},"JX":{"JX":"3","HX":"3","P9":"3","GX":"3"},"4F":{"MX":"3"},"68":{"3V":"3"},"5V":{"F8":"3","8C":"3","79":"3","F9":"3","9C":"3","47":"3"},"2W":{"2V":"3"},"XH":{"VR":"3"},"32":{"3F":"3"},"GG":{"54":"3","93":"3","92":"3","82":"3","83":"3"}},"4V":{"4P":{"32":"3"},"4M":{"3X":"3"}},"99":{"2M":{"3X":"3","4X":"3","2V":"3","3W":"3","4W":"3"},"R5":{"HV":"3"}},"2J":{"CV":{"M4":"3","JJ":"3"},"CW":{"R6":"3"}},"36":{"6M":{"3Q":"3"},"35":{"HG":"3"},"RF":{"W5":"3"},"8F":{"98":"3"},"4R":{"5R":"3","QG":"3","XM":"3"},"2F":{"J8":"3"},"HP":{"M3":"3"},"FM":{"2R":"3"},"6R":{"3R":"3"},"3R":{"6J":"3"},"WG":{"4X":"3"},"PQ":{"2M":"3"},"32":{"V3":"3","R2":"3","V2":"3","R3":"3"},"2J":{"2W":"3"},"VQ":{"2X":"3"}},"4M":{"FX":{"C9":"3","99":"3","9C":"3"}},"58":{"JC":{"JP":"3"},"G6":{"96":"3"},"HP":{"R4":"3"},"GV":{"3P":"3"},"FP":{"8R":"3"}},"W6":{"J4":{"FH":"3"}},"37":{"2R":{"M8":"3"}},"P5":{"8X":{"8P":"3","8M":"3","9G":"3","9C":"3","C7":"3","82":"3","9M":"3"},"8W":{"8X":"3"}},"C9":{"42":{"GW":"3","GV":"3"}},"2C":{"5F":{"96":"3"},"39":{"F6":"3"},"33":{"QR":"3","GG":"3","VV":"3","VR":"3","RV":"3","RR":"3","QQ":"3","HG":"3"},"8J":{"27":"3"},"34":{"H6":"3"},"32":{"7W":"3","7R":"3","5R":"3","7V":"3","7X":"3","6R":"3","6W":"3","6Q":"3","5Q":"3","6V":"3","5V":"3"},"5G":{"FV":"3"}},"74":{"Q4":{"3M":"3","2M":"3","2J":"3","3J":"3"},"Q5":{"48":"3","49":"3","39":"3","58":"3","38":"3","46":"3","57":"3","47":"3"},"P4":{"WX":"3","WR":"3","VV":"3","QP":"3","VR":"3","RV":"3","WW":"3","QQ":"3","VW":"3"},"P5":{"V3":"3","W4":"3","V4":"3","W3":"3"}},"4F":{"8C":{"5G":"3"}},"87":{"97":{"39":"3"}},"27":{"8C":{"P7":"3"},"35":{"PP":"3"},"62":{"V8":"3"},"G4":{"47":"3"},"45":{"4Q":"3"},"24":{"G3":"3"},"PW":{"MM":"3","MP":"3","PP":"3"},"6G":{"WJ":"3"},"QQ":{"VJ":"3"},"7M":{"HR":"3"},"72":{"8J":"3"},"7P":{"25":"3"}},"C7":{"QR":{"9G":"3","CG":"3","9H":"3","CM":"3","CH":"3","9F":"3","8M":"3","8P":"3","CF":"3","8R":"3"},"QQ":{"XP":"3","WQ":"3","PW":"3","PX":"3","CC":"3","WP":"3"}}},"index":{"university,1|retail,2|tourism,3|wreck,4|historical,5|artsCulture,6|namedBuilding,7|water,8|wetland,9|park,10|beach,11|natureReserve,12|cemetery,13|trail,14":{}}}