{"97":{"G5":{"33":{"P7":"3"}},"MH":{"PF":{"XH":"3","XQ":"3","VP":"3","XG":"3"},"QF":{"4C":"3"},"QG":{"8F":"3"}},"H8":{"M8":{"PC":"3","QC":"3"}},"3H":{"GV":{"3G":"3","CV":"3","9W":"3"},"GW":{"JC":"3","48":"3","7V":"3","JF":"3","QJ":"3"},"JW":{"45":"3"},"FR":{"QR":"3","VV":"3","RV":"3","PR":"3","MQ":"3","HG":"3","PQ":"3"},"HQ":{"RV":"3","JF":"3"},"FV":{"V3":"3","W4":"3","V4":"3"},"JQ":{"5C":"3","59":"3"},"MV":{"JP":"3","JQ":"3","MM":"3","MQ":"3","JM":"3","MP":"3"},"MW":{"V8":"3"},"FQ":{"9Q":"3","FP":"3","9R":"3","CP":"3","8V":"3","GJ":"3","8R":"3"},"8V":{"GG":"3","GH":"3"}},"2P":{"7F":{"JM":"3"},"8Q":{"67":"3","85":"3","84":"3","75":"3"},"73":{"R2":"3","M2":"3","J3":"3","P2":"3","P3":"3"}},"CP":{"M2":{"VW":"3"}},"54":{"7H":{"X3":"3"},"4G":{"H6":"3"},"Q9":{"RF":"3","RP":"3","RH":"3","VM":"3","VH":"3","VG":"3","RJ":"3","RG":"3"},"CC":{"G4":"3"},"2J":{"RJ":"3","GP":"3"},"QG":{"QH":"3","GH":"3"},"RC":{"3M":"3","2M":"3"}},"57":{"G5":{"QH":"3","QG":"3"}},"22":{"GF":{"R2":"3"},"CW":{"WM":"3","6V":"3","PQ":"3","GQ":"3"},"FW":{"5J":"3","HF":"3","FJ":"3"}},"52":{"QW":{"PC":"3"}},"5P":{"PR":{"JR":"3","MR":"3","MV":"3","JV":"3"}},"82":{"GQ":{"RH":"3","RG":"3"}},"RP":{"48":{"V7":"3"},"47":{"XP":"3"}},"5M":{"8R":{"44":"3"},"QJ":{"V3":"3","5F":"3","C8":"3","99":"3","4C":"3","6C":"3","7C":"3"},"3R":{"C2":"3"},"HJ":{"JR":"3","RR":"3","WQ":"3","PR":"3"},"3G":{"FW":"3","3P":"3","2P":"3","CW":"3","9X":"3","CV":"3","FR":"3","FV":"3","CX":"3","7V":"3","FX":"3","CR":"3","8R":"3"},"JM":{"GG":"3","Q7":"3","GF":"3","J8":"3","63":"3","V8":"3"},"3J":{"Q2":"3","Q3":"3","R6":"3"},"2G":{"H2":"3","M6":"3","R9":"3","M5":"3","P7":"3"},"37":{"4J":"3","5P":"3","2G":"3","5X":"3","5W":"3","4P":"3","2F":"3","3J":"3"},"WF":{"59":"3"},"RJ":{"94":"3","C6":"3","82":"3"},"27":{"V7":"3","M3":"3","H2":"3","V6":"3","X7":"3","G2":"3","X8":"3","Q5":"3","P4":"3","J3":"3","P3":"3"},"3Q":{"8W":"3","HX":"3","73":"3","72":"3","CW":"3","82":"3","8V":"3"},"RH":{"9X":"3","7V":"3","6V":"3"},"FM":{"PV":"3","WQ":"3","XM":"3"},"FP":{"37":"3","27":"3"},"PJ":{"QH":"3","7M":"3","5P":"3","CP":"3","8P":"3","PH":"3","5Q":"3"},"JJ":{"5X":"3"},"3P":{"2V":"3","CX":"3","JJ":"3","CR":"3"},"VH":{"99":"3"},"46":{"G8":"3"},"HM":{"92":"3"},"3H":{"F2":"3","C2":"3","RJ":"3"},"39":{"RF":"3","Q7":"3","Q9":"3","Q8":"3","Q3":"3"},"3C":{"97":"3","5F":"3","F5":"3","4R":"3","J3":"3","58":"3","5C":"3","4Q":"3","59":"3"},"38":{"JR":"3","PW":"3","8H":"3","67":"3","MV":"3","7G":"3"},"CP":{"3W":"3"},"MM":{"37":"3","57":"3","47":"3"},"26":{"5J":"3","FW":"3","FR":"3","7V":"3","3G":"3","6R":"3","4J":"3","26":"3","4H":"3"},"2F":{"34":"3","4M":"3"},"GM":{"2J":"3"},"4Q":{"CV":"3","FW":"3"},"5Q":{"VW":"3"},"3F":{"FR":"3","FP":"3","57":"3","CG":"3","56":"3"}},"34":{"9H":{"3H":"3"},"6H":{"FC":"3"},"JJ":{"FC":"3"},"FH":{"P9":"3"},"5G":{"QP":"3","QM":"3","PP":"3"},"HV":{"CF":"3"}},"38":{"3X":{"9J":"3","9H":"3","8H":"3","8G":"3","9G":"3","CG":"3","CH":"3"}},"3V":{"X5":{"36":"3","35":"3"}},"85":{"HF":{"22":"3"},"HC":{"2X":"3"}},"2Q":{"8F":{"2X":"3"},"8G":{"32":"3"},"7R":{"6W":"3"},"76":{"GG":"3","H8":"3","FF":"3","FG":"3"},"77":{"FC":"3"},"7V":{"C5":"3","C8":"3","F9":"3","94":"3","85":"3","C9":"3","F8":"3","FC":"3"},"C9":{"WP":"3"},"73":{"9Q":"3"}},"6M":{"R5":{"2G":"3","2H":"3","2R":"3"},"Q5":{"XH":"3","WQ":"3","XG":"3"}},"2H":{"J7":{"Q9":"3","R7":"3"}},"28":{"49":{"F3":"3"},"C4":{"7H":"3","4R":"3","9P":"3","FH":"3","9Q":"3","7G":"3"},"86":{"F8":"3"}},"2M":{"7M":{"HG":"3"},"7G":{"9V":"3","8W":"3"},"6J":{"H4":"3","7F":"6|3","V3":"3","37":"3","G6":"3","H5":"3","R2":"3","45":"6|3","V2":"3","99":"3","G2":"3","89":"3","57":"3","G5":"3","56":"3"},"57":{"GJ":"3","VC":"3","MF":"3","QQ":"3","WG":"3","FH":"3"},"37":{"CF":"3"},"5C":{"3M":"3","2P":"3","2H":"3","2M":"3","2J":"3"},"5J":{"CM":"3","8G":"3"},"7H":{"8F":"3","6X":"3","97":"3","93":"3","99":"3","6W":"3","86":"3","94":"3","82":"3","95":"3"},"6H":{"GW":"3","GX":"3"},"67":{"CX":"3"},"7X":{"87":"3","86":"3","45":"3","76":"3","77":"3","44":"3","35":"3","88":"3","34":"3","43":"3"},"8H":{"6R":"3"},"6M":{"7P":"3"},"79":{"5M":"3","4M":"3"},"48":{"53":"3","9C":"3"},"49":{"RQ":"3","QQ":"3"},"5W":{"V8":"3"},"Q3":{"MM":"3","PJ":"3","PM":"3","PP":"3"},"6Q":{"7R":"3","7V":"3"},"24":{"HM":"3","G7":"3","JC":"3","HJ":"3","H7":"3","9H":"3","G4":"3","GH":"3","9M":"6","FJ":"3","FH":"3"},"4C":{"XH":"3","XJ":"3","XM":"3"}},"J6":{"69":{"44":"3","45":"3"}},"F4":{"QJ":{"PQ":"3"}},"5Q":{"HM":{"RV":"3","WP":"3"}},"55":{"F8":{"MG":"3"},"F7":{"6R":"3"},"F9":{"X6":"3"},"G9":{"C2":"3","93":"3","92":"3","C3":"3"},"HV":{"7J":"3"}},"2R":{"69":{"QR":"3","VV":"3","RV":"3","PV":"3","QV":"3"},"7F":{"59":"3"},"8Q":{"JV":"3"},"7C":{"3G":"3","2G":"3","3M":"3","2H":"3","2J":"3","3H":"3","3J":"3"},"8W":{"4H":"3"},"6C":{"R4":"3","W6":"3"}},"4W":{"XH":{"C6":"3"}},"33":{"F7":{"Q3":"3","M7":"3","J3":"3"},"F6":{"PX":"3"}},"2V":{"7C":{"JX":"3"},"6W":{"CF":"3","9F":"3","CC":"3","CG":"3"},"86":{"7R":"3"},"74":{"M3":"3","Q3":"3"},"6V":{"HP":"3"},"75":{"PR":"3","QV":"3","MP":"3"}},"53":{"Q4":{"M4":"3","8P":"3","H6":"3","H7":"3"},"Q3":{"VM":"3"},"PC":{"QH":"3","PF":"3","G5":"3"},"QC":{"2J":"3"}},"26":{"QV":{"3G":"3","2G":"3"}},"43":{"6G":{"W6":"3"},"X5":{"X9":"3"},"6F":{"WW":"3"}},"CM":{"MC":{"8G":"3"}},"C3":{"FV":{"2P":"3","3P":"3","4W":"3"}},"GF":{"2X":{"8R":"3"}},"FG":{"8C":{"42":"3"}},"6F":{"FF":{"4J":"3"}},"2W":{"5P":{"RG":"3"},"7V":{"FF":"3","GC":"3","GF":"3","FC":"3"},"55":{"MJ":"3","VC":"3","JR":"3","PG":"3","GV":"3","CV":"3","FR":"3","FV":"3","MP":"3","FQ":"3","GR":"3","PH":"3","CR":"3","RC":"3","9V":"3"},"46":{"J2":"3","J3":"3"},"JV":{"FQ":"3","FP":"3","GQ":"3","GP":"3"}},"24":{"V9":{"24":"3"},"P8":{"R8":"3"},"R8":{"XW":"3"},"4R":{"67":"3"},"5W":{"CM":"3","9Q":"3"},"R9":{"X5":"3"}},"G3":{"RR":{"52":"3","53":"3"}},"HG":{"29":{"V6":"3","W9":"3"}},"5J":{"2F":{"7F":"3","2X":"3","4H":"3","R3":"3","G5":"3"},"2C":{"XR":"3"},"29":{"96":"3","F7":"3","63":"3","G9":"3"},"28":{"5X":"3","2W":"3"}},"G4":{"2P":{"MF":"3"}},"4J":{"X9":{"27":"3","92":"3","55":"3"},"WC":{"H8":"3","GJ":"3","8X":"3"},"RV":{"43":"3"},"QV":{"RW":"3","M8":"3","6J":"3","J4":"3","RX":"3","GQ":"3","RR":"3","MW":"3","8M":"3","H4":"3","QW":"3"},"RX":{"6X":"3"},"VF":{"XV":"3"},"WF":{"74":"3"},"VJ":{"WF":"3"},"WX":{"5C":"3","4C":"3","3Q":"3"},"WH":{"35":"3","W2":"3","F5":"3"},"PR":{"2H":"3"},"MW":{"M2":"3","P4":"3"},"WW":{"CV":"3"},"QQ":{"4V":"3","MV":"3"},"VG":{"XR":"3","WW":"3","XX":"3"},"XG":{"Q7":"3","9J":"3","HC":"3","W6":"3","7M":"3"},"WG":{"36":"3","48":"3","2M":"3"},"W9":{"JW":"3","PF":"3","MH":"3","R9":"3","QC":"3"},"VW":{"Q6":"3","P5":"3","R7":"3","9W":"3","3M":"3","CG":"3","8Q":"3","W4":"3","R6":"3","8V":"3","CC":"3","4Q":"3","9V":"3","6Q":"3"},"HR":{"3F":"3","38":"3","G9":"3"},"XW":{"5P":"3","4P":"3"},"QW":{"X6":"6|3","M3":"3","R3":"3","M4":"3","X8":"3","R2":"3","P6":"3"},"XX":{"96":"3","97":"3"},"PV":{"QP":"3","8X":"3","MR":"3","FW":"3"},"RW":{"QF":"3","5F":"3","MF":"3","4C":"3","29":"3","4F":"3","2F":"3","35":"3","5C":"3","WG":"3"},"QR":{"VM":"3","RP":"3","HM":"3","MG":"3","VJ":"3","JG":"3","RM":"3","CV":"3","FP":"3","GP":"3","MC":"3","X5":"3","GQ":"3","46":"3","GM":"3","V9":"3","F8":"3","XH":"3","X7":"3","59":"3"},"RR":{"5J":"3","5P":"3","3G":"3","8F":"3","J5":"3","2H":"3","4G":"3","5M":"3","4P":"3","4H":"3","2F":"3","7G":"3"},"VP":{"J2":"3"},"JW":{"J8":"3"},"VX":{"WX":"3","JC":"3","8R":"3","WR":"3","VV":"3","VR":"3","CV":"3","WV":"3","WW":"3","3P":"3","VX":"3","VW":"3","C8":"3","8V":"3"},"VQ":{"4X":"3"},"X8":{"GV":"3","QX":"3","JV":"3"}},"2J":{"5P":{"CH":"3"},"4V":{"V7":"3","Q7":"3","R8":"3","Q8":"3","R9":"3","R7":"3"},"5V":{"25":"3","24":"3"}},"36":{"GG":{"JR":"3","X5":"3"},"P2":{"49":"3"}},"4M":{"XF":{"MJ":"3","VC":"3","WP":"3"},"W6":{"Q2":"3","R9":"3","R7":"3"},"X6":{"X5":"3","W4":"3","V4":"3"},"V2":{"W6":"3","V2":"3","V3":"3","V5":"3","W5":"3","W2":"3","W3":"3","V4":"3","W4":"3"},"X9":{"R3":"3","V4":"3"},"R4":{"4J":"3","WR":"3","78":"3","76":"3","5G":"3","64":"3"},"W5":{"QR":"3","M3":"3","MF":"3","X5":"3","M7":"3","PP":"3","PH":"3"},"W2":{"WC":"3","85":"3","95":"3","WF":"3"},"X3":{"GP":"3","99":"3","2J":"3","2H":"3","GH":"3","33":"3","PJ":"3","3J":"3","GJ":"3","XG":"3","2C":"3","2M":"3"},"X8":{"MJ":"3","G6":"3","66":"3","MM":"3","67":"3","C7":"3","F6":"3"},"R2":{"96":"3","HM":"3","JW":"3","HQ":"3","83":"3","FF":"3","CC":"3"},"X5":{"5J":"3","8R":"3","RW":"3","PW":"3","QW":"3","RX":"3","5H":"3","77":"3"},"W3":{"W4":"3","X6":"3","X5":"3","JF":"3","GR":"3","JC":"3","XV":"3","XJ":"3","V3":"3","WW":"3","Q4":"3","M8":"3","W2":"3","R5":"3","JX":"3","WV":"3","JR":"3","XH":"3","W5":"3","VW":"3","W9":"3","Q5":"3","MC":"3","X7":"3","W3":"3","W6":"3","WR":"6","P5":"3","VR":"6","VX":"3","VV":"3","M7":"3"},"V4":{"RV":"3","QF":"3","JM":"3","JV":"3","W7":"3","PH":"3","R6":"3","H7":"3","Q6":"3","JR":"3","XG":"3","XH":"3","M4":"3","8C":"3","JW":"3","PP":"3","PM":"3","R7":"3","2P":"3"},"X4":{"5W":"3","6W":"3"},"W4":{"QP":"3","V2":"3","P8":"3","JF":"3","4G":"3","MG":"3","PQ":"3","R2":"3","QQ":"3","PH":"3","PG":"3","7J":"3","MH":"3","28":"3","P5":"3","VX":"3","M7":"3","4P":"3"},"X2":{"79":"3","6J":"3","7G":"3","3V":"3","89":"3","J6":"3","99":"3","7Q":"3","8P":"3","4P":"3","73":"3","5Q":"3","8H":"3"},"R5":{"M3":"3","Q2":"3","P2":"3"},"X7":{"3P":"3"}},"5X":{"7M":{"RQ":"3","QF":"3","VG":"3"},"7G":{"G5":"3"},"FH":{"96":"3","87":"3","7C":"3","C5":"3","F5":"3","7Q":"3"},"86":{"M6":"3"},"GV":{"M2":"3","F6":"3"},"CJ":{"VF":"3","R8":"3","VC":"3","MC":"3","M7":"3","WF":"3","JG":"3"},"7F":{"W6":"3"},"94":{"8F":"3"},"8H":{"6P":"3","6Q":"3"},"CF":{"7W":"3"},"93":{"G3":"3"},"87":{"RG":"3"},"8J":{"49":"3"},"8F":{"43":"3","42":"3"},"CH":{"7W":"3","7V":"3","4H":"3","8W":"3","8V":"3"},"9H":{"4M":"3"},"FG":{"MR":"3"}},"P5":{"6F":{"M5":"3","J4":"3"}},"2C":{"C2":{"MW":"3","PW":"3","PX":"3","MX":"3"}},"7X":{"FQ":{"5M":"3"},"6X":{"X2":"3"},"6W":{"QR":"3"}},"74":{"76":{"JW":"3","MV":"3","JV":"3"}},"44":{"6W":{"HQ":"3"},"HM":{"F4":"3","QJ":"3"},"9R":{"WR":"3"},"9Q":{"V2":"3"},"QM":{"43":"3","44":"3","53":"3"},"8V":{"CV":"3","CW":"3"}},"CH":{"4J":{"42":"3"},"4H":{"3W":"3","4W":"3"}},"HC":{"H2":{"XV":"3","XR":"3","XQ":"3","XW":"3"}},"27":{"5X":{"99":"3"},"7Q":{"87":"3","96":"3","97":"3","88":"3","85":"3","86":"3"}},"8W":{"G8":{"V3":"3"}},"J4":{"C3":{"CP":"3"}},"CG":{"M3":{"RC":"3"}}},"index":{"university,1|retail,2|tourism,3|wreck,4|historical,5|artsCulture,6|namedBuilding,7|water,8|wetland,9|park,10|beach,11|natureReserve,12|cemetery,13|trail,14":{}}}