{"98":{"GR":{"4F":{"9V":"3"}},"PC":{"5F":{"X7":"3","JF":"3"},"4J":{"PG":"3"},"5P":{"64":"3"},"58":{"GG":"3","CM":"3","8G":"3","9G":"3","FH":"3","M5":"3","J4":"3","P2":"3"},"5Q":{"42":"3"},"57":{"H3":"3","G7":"3","G3":"3","J2":"3","G5":"3","F2":"3","PR":"3","F5":"3","G6":"6|3","H9":"3","G4":"3","HC":"3","JJ":"6","9F":"3","93":"3","H6":"6","H4":"3","RG":"3","H5":"3"},"56":{"CX":"3"},"5G":{"G5":"3"}},"63":{"6J":{"63":"3"},"5H":{"M8":"3","VQ":"3"}},"GQ":{"7F":{"86":"3"},"4G":{"54":"3"}},"54":{"3F":{"F6":"3"}},"22":{"QX":{"GP":"3"},"82":{"7H":"3"}},"W9":{"P4":{"5J":"3","49":"3","6X":"3","4G":"3","4C":"3","5H":"3"}},"34":{"F8":{"43":"3","44":"3"},"CV":{"9V":"3","9X":"3"},"R6":{"FX":"3","GW":"3","GX":"3"},"CW":{"79":"3","7F":"3","JR":"3","HM":"3","86":"3","FW":"3","CV":"3","MP":"3","92":"3","83":"3","85":"3","73":"3","JP":"3","84":"3"},"GQ":{"43":"3","28":"3"},"CQ":{"R8":"3","6W":"3"}},"R8":{"XQ":{"JW":"3","QV":"3"},"XH":{"5Q":"3"},"XP":{"JX":"3"},"WC":{"GC":"3"},"WG":{"8C":"3","8F":"3","88":"3","8G":"3","89":"3"},"W9":{"Q4":"3","GW":"3","RR":"3","RH":"3","P2":"6","GX":"3","RJ":"3"},"XM":{"G4":"3"},"W8":{"QH":"3","JR":"3","MH":"3","PX":"6","MC":"3","MF":"3","QX":"6","QC":"3","QJ":"3","QG":"3"}},"R9":{"XR":{"CH":"3"},"XJ":{"WV":"3","VQ":"3"}},"VF":{"5X":{"22":"3"},"27":{"5X":"3","9W":"3","68":"3"},"2C":{"H6":"3"},"3Q":{"WM":"3"},"28":{"3F":"3","3P":"3","93":"3","92":"3","55":"3","94":"3","C5":"3","95":"3","56":"3","47":"3"}},"VC":{"3H":{"78":"3"}},"25":{"43":{"93":"3"},"XV":{"RC":"3"},"VV":{"GH":"3"},"CF":{"4V":"3"},"4V":{"9F":"3"},"3V":{"2V":"3"},"X4":{"QQ":"3","VM":"3"}},"X8":{"7F":{"3W":"3"},"79":{"QX":"3"},"7C":{"JG":"3"},"6F":{"W5":"3","W7":"3","X7":"3","XF":"3","W6":"3","XC":"3","W4":"3"},"6C":{"JV":"3"}},"26":{"V4":{"96":"3","76":"3","C6":"3"}},"XG":{"53":{"M6":"3"}},"RM":{"GM":{"2X":"3"},"FM":{"XX":"3"}},"35":{"F4":{"H9":"3","FJ":"3","9H":"3","6H":"3","JM":"3","6R":"3","FH":"3"},"5X":{"6X":"3"},"QH":{"29":"3"},"F3":{"62":"3","V2":"3","52":"3","JG":"3","R7":"3","MF":"3","PF":"3","JH":"3","72":"3","43":"3"},"J8":{"M3":"3","M5":"3","M2":"3"},"G5":{"HM":"3","FW":"3","GV":"3","GW":"3","HX":"3","GP":"3","HH":"3","FF":"3","GQ":"3","GR":"3","7C":"3","HF":"3","GF":"3","C7":"3"},"F2":{"7R":"3","9V":"3","PR":"3","JX":"3","PH":"3"},"6P":{"59":"3"},"H7":{"VG":"3","WP":"3","XR":"3","HQ":"3","WQ":"3","FM":"3","VV":"3","CG":"3","JQ":"3","XM":"3","CJ":"3","GQ":"3","C9":"3","GM":"3","CH":"3","9F":"3","WH":"3","XP":"3","RG":"3","JP":"3","9C":"3"},"J7":{"5R":"3","4V":"3","4R":"3","3V":"3","2V":"3","CR":"3","9Q":"3","2R":"3","7Q":"3"},"F5":{"C4":"3","C5":"3","VH":"3"},"QM":{"93":"3","G2":"3","83":"3"},"C3":{"V3":"3","W2":"3","R3":"3"},"G6":{"VG":"3","QC":"3","QF":"3","M7":"3","P8":"3","VH":"3","H2":"3","QG":"3","P7":"3","M5":"3","P9":"3"},"QJ":{"JW":"3","6X":"3","JX":"3"},"5H":{"3C":"3"},"C2":{"93":"3","HW":"3"},"PC":{"J7":"3"},"PJ":{"WC":"3","WF":"3"},"PH":{"VC":"3","JF":"3","G2":"3","F7":"3","JC":"3","JW":"3","MF":"3","J6":"3","MC":"3","FF":"3","GH":"3","V9":"3","WC":"3","H2":"3","P4":"3","W9":"3","M5":"3","FG":"3","H5":"3"},"H6":{"6P":"3","26":"3","6G":"3","6Q":"3"},"66":{"2F":"3","2C":"3","4F":"3"}},"45":{"GM":{"XV":"3","WV":"3"},"HJ":{"PM":"3"},"CW":{"43":"3","94":"3"},"GP":{"R5":"3"}},"GM":{"WX":{"62":"3","72":"3","65":"3","64":"3"},"PX":{"F4":"3","96":"3","C5":"3","97":"3","F5":"3","95":"3","9H":"3","83":"3","99":"3","98":"3","C7":"3"}},"72":{"3R":{"QC":"3","QF":"3"}},"24":{"MJ":{"WX":"3","W9":"3"},"JR":{"6J":"3"},"JV":{"76":"3"},"MM":{"CJ":"3","W2":"3"},"5G":{"8G":"3"},"48":{"8Q":"3","7M":"3"},"MH":{"XQ":"3"},"6C":{"R7":"3","FC":"3"},"4P":{"VX":"3"},"PJ":{"5R":"3","8P":"3","4R":"3","78":"3","8H":"3","88":"3","6G":"3"},"5C":{"R6":"3"},"GJ":{"F8":"3"},"59":{"CV":"3"}},"V9":{"39":{"3P":"3","4C":"3"},"22":{"4M":"3"}},"HG":{"X8":{"WM":"3","VJ":"3"}},"36":{"G8":{"H4":"3","J5":"3","H5":"3","H6":"3","J4":"3","J6":"3"},"JF":{"4P":"3"},"J8":{"5X":"3"},"JG":{"2H":"3","2J":"3"},"J9":{"5J":"3","7C":"3"},"HH":{"X3":"3","G2":"3"},"CG":{"G5":"3"},"99":{"Q4":"3","89":"3","J4":"3","G5":"3"},"C9":{"42":"3"},"GH":{"P2":"3"},"GC":{"2X":"3","2W":"3"},"JH":{"Q9":"3","7G":"3","QF":"3","5F":"3","MF":"3","J6":"3","C3":"3","PF":"3","39":"3","H9":"3","P8":"3","8C":"3","RF":"3","H5":"3","FC":"3","6F":"3"},"9F":{"5J":"3"},"98":{"RX":"3"},"F6":{"XF":"3"},"8C":{"W5":"3","R5":"3","P3":"3"},"HF":{"WC":"3","VG":"3","VJ":"3","W8":"3"},"FG":{"3H":"3"},"HG":{"45":"3","89":"3","J7":"3","W5":"3","CX":"3","PF":"3","99":"3","X4":"3","W4":"3","XH":"3","RG":"3","9C":"3"},"9C":{"3Q":"3","67":"3","7M":"3","77":"3","4V":"3","55":"3","78":"3","5R":"3","56":"3"},"GG":{"VC":"3","W9":"3","HR":"3","W8":"3","RG":"3"}},"WC":{"RQ":{"9X":"3","8X":"3"},"RR":{"C9":"3","C5":"3","95":"3"}},"RC":{"XQ":{"24":"3"},"WJ":{"CQ":"3"},"WC":{"8G":"3"},"X3":{"63":"3"},"W7":{"C2":"3"},"VG":{"W4":"3","W3":"3"},"XX":{"WP":"3"}},"46":{"65":{"J2":"3"}},"MC":{"MG":{"X5":"3"}},"44":{"VW":{"58":"3","68":"3"}},"XC":{"8X":{"VV":"3","RX":"3","VW":"3"},"3V":{"JP":"3","MM":"3","MQ":"3","JM":"3","MP":"3"},"6W":{"96":"3","H3":"3","G3":"3","G5":"3","95":"3","92":"3","C3":"3","G6":"3","G4":"3","94":"3","23":"3","93":"3","H4":"3"},"6V":{"79":"3","9Q":"3","CW":"3","9X":"3","CV":"3","9W":"3","CX":"3","2F":"3","2G":"3","5R":"3","9M":"3","5Q":"3","9V":"3"}},"Q9":{"C4":{"96":"3","F7":"3","88":"3","84":"3","72":"3","82":"3","95":"3"},"98":{"P3":"3"},"C3":{"6M":"3","6P":"3"}},"HP":{"6M":{"6R":"3"},"5F":{"3M":"3","2M":"3","2J":"3","4M":"3"},"5C":{"2F":"3"},"4C":{"RM":"3"},"5H":{"6M":"3","5P":"3","7V":"3","4G":"3","4H":"3","6H":"3","6J":"3","5H":"3","8V":"3"},"2J":{"V4":"3","W8":"3"}},"XF":{"QP":{"4X":"3"},"QQ":{"GR":"3","42":"3","GX":"3"}},"GP":{"GM":{"6F":"3"},"XH":{"RF":"3","QH":"3","QC":"3","QF":"3","QJ":"3","QG":"3"},"4Q":{"V7":"3","R2":"3","Q5":"3","P3":"3"},"FC":{"5J":"3"}},"PF":{"43":{"2G":"3"},"5J":{"39":"3"},"62":{"9C":"3"},"9J":{"G3":"3","72":"3"},"7C":{"98":"3"},"78":{"PR":"3"},"53":{"PR":"3"},"8G":{"CF":"3"},"73":{"6X":"3"},"74":{"62":"3"},"64":{"HR":"3"}},"W8":{"HV":{"62":"3"}}},"index":{"university,1|retail,2|tourism,3|wreck,4|historical,5|artsCulture,6|namedBuilding,7|water,8|wetland,9|park,10|beach,11|natureReserve,12|cemetery,13|trail,14":{}}}