{"99":{"RW":{"3F":{"4V":"3"},"2F":{"6P":"3"},"2C":{"XJ":"3","XM":"3"},"3C":{"2M":"3","2J":"3"}},"RV":{"7J":{"9P":"3"},"7W":{"57":"3","56":"3"},"F3":{"3C":"3"},"22":{"J5":"3","96":"3","P6":"3","P5":"3"},"CG":{"G5":"3"},"36":{"3Q":"3","2M":"3"},"C8":{"7J":"3"},"CJ":{"69":"3"},"99":{"7G":"3"},"4C":{"2H":"3"},"3H":{"96":"3"},"7Q":{"C7":"3"},"8Q":{"2H":"3"},"CH":{"X9":"3","R7":"3"},"98":{"6X":"3"},"23":{"P5":"3"},"9P":{"7C":"3"},"FH":{"65":"3"},"84":{"PG":"3","JF":"3","MG":"3"},"9J":{"RW":"3"}},"Q4":{"QR":{"9M":"3"},"JW":{"Q7":"3"},"MM":{"JV":"3"},"QV":{"VP":"3"},"V5":{"4W":"3"},"HR":{"F8":"3","H8":"3","G6":"3","F7":"3","G7":"3","F9":"3","HX":"3"},"J9":{"58":"3","78":"3","6G":"3","7M":"3"}},"RX":{"4V":{"6P":"3"},"3M":{"P7":"3"},"2H":{"9C":"3","89":"3"}},"PR":{"V5":{"XP":"3","WQ":"3"},"V8":{"Q7":"3","Q6":"3","R9":"3","RH":"3"},"RV":{"5P":"3","3G":"3","75":"3"},"W4":{"79":"3","75":"3","86":"3","65":"3","89":"3","76":"3","77":"3","85":"3","78":"3","98":"3","9M":"3","8H":"3","66":"3"},"XR":{"2R":"3"},"V2":{"PW":"3","J7":"3"},"RX":{"3X":"3","4X":"3"},"WM":{"JP":"3","M9":"3","GV":"3","QV":"3","GQ":"3"},"XV":{"8F":"3"},"RJ":{"RQ":"3","F8":"3","F7":"3","C8":"3"},"P6":{"PG":"3","PF":"3","H2":"3","J7":"3","MC":"3","J8":"3","QF":"3"},"RH":{"WW":"3","XW":"3"},"V3":{"2G":"3","2F":"3"},"Q4":{"33":"3","22":"3","32":"3"},"WP":{"9Q":"3","GV":"3","GW":"3","CV":"3","FP":"3","HQ":"3","FR":"3","GP":"3","C8":"3","9R":"3","GQ":"3","CQ":"3","CP":"3","FQ":"3","9P":"3","CR":"3","9V":"3","C7":"3"},"V7":{"WV":"3","VR":"3","XQ":"3","VV":"3","WR":"3","XX":"3","XH":"3","VW":"3"},"XQ":{"RR":"3","JM":"3"},"RQ":{"RP":"3","QH":"3","VR":"3","RH":"3","QG":"3","RG":"3"},"WQ":{"GV":"3","97":"3","FR":"3","FV":"3","C3":"3","MW":"3","GR":"3","PW":"3"},"WG":{"W5":"3","XF":"3"},"W5":{"CM":"3","CJ":"3","FJ":"3","9G":"3"},"RG":{"VC":"3","PX":"3","GV":"3"},"RF":{"8R":"3"},"Q3":{"3X":"3","3M":"3","3P":"3","J8":"3","2M":"3"},"RW":{"39":"3","26":"3"},"RR":{"H5":"3"},"W3":{"36":"3","26":"3","23":"3","22":"3","29":"3","3C":"3"},"P5":{"JW":"3","XJ":"3"},"RM":{"W6":"3"},"Q8":{"4H":"3","J9":"3"},"Q9":{"87":"3","8F":"3","X6":"3","89":"3","97":"3","22":"3","CJ":"3","99":"3","CH":"3","98":"3","88":"3","8C":"3","8H":"3","X2":"3","9J":"3"}},"QV":{"WJ":{"FW":"3"},"VM":{"RP":"3"},"5J":{"GM":"3"},"W6":{"V7":"3","V8":"3"},"WF":{"J7":"3"},"FW":{"GW":"3","GV":"3"},"GV":{"6Q":"3"},"27":{"5J":"3"},"FP":{"83":"3"},"FR":{"32":"3"},"7M":{"85":"3","74":"3","75":"3"},"W2":{"47":"3"},"J9":{"M3":"3","VC":"3"},"X3":{"9J":"3"},"RH":{"XP":"3"},"HV":{"QR":"3","4X":"3","4W":"3"},"X5":{"RP":"3","VM":"3","PM":"3"},"6G":{"33":"3","JR":"3"},"J5":{"J2":"3","6H":"3"},"VH":{"73":"3","83":"3"},"R8":{"VF":"3","RF":"3","VC":"3","VG":"3","RG":"3"},"CQ":{"WV":"3"},"2F":{"QH":"3","RH":"3"},"WC":{"FJ":"3","FG":"3"},"37":{"F7":"3","97":"3","F5":"3","77":"3","C8":"3","99":"3","C9":"3","GC":"3","JH":"3","98":"3","HF":"3","HG":"3","CF":"3","GF":"3","CC":"3","9C":"3","C7":"3","GG":"3"},"WM":{"85":"3"},"WH":{"GG":"3","HF":"3","HC":"3","GC":"3","GF":"3","HG":"3"},"93":{"CM":"3","CJ":"3","GJ":"3","FJ":"3","FM":"3"},"4P":{"MG":"3"},"HF":{"XP":"3"},"CR":{"Q6":"3","V6":"3","W3":"3"},"2C":{"WX":"3","XV":"3"},"26":{"4Q":"3"},"HP":{"M9":"3","J8":"3","M8":"3"}},"MV":{"X9":{"XG":"3","XF":"3","XC":"3","WG":"3","WH":"3"},"V8":{"9F":"3"},"RV":{"V4":"3"},"RJ":{"J2":"3"},"XC":{"96":"3","JR":"3","HM":"3","X6":"3","9G":"6|3","HX":"3","WQ":"3","VV":"3","FF":"3","HW":"3","RR":"3","XJ":"3","MW":"3","9F":"6","RF":"3","25":"3","XV":"3","FC":"3","9V":"3","X7":"3","QX":"3"},"RH":{"VG":"3","Q8":"3","Q9":"3","VH":"3","R8":"3","Q7":"3","W4":"3","RC":"3","W7":"3"},"XJ":{"JC":"3","M9":"3","MC":"3","PC":"3","M7":"3","P9":"3"},"WX":{"45":"3"},"WH":{"W7":"3","3H":"3"},"WW":{"6M":"3"},"V7":{"J6":"3"},"VG":{"JW":"3","JX":"3","HW":"3","HX":"3","MX":"3"},"R8":{"98":"3","24":"3","97":"3","J2":"3","WC":"3","W9":"3","77":"3"},"VH":{"H3":"3","J2":"3","M3":"3","J4":"3","M4":"3","J9":"3","J5":"3","M2":"3","C9":"3","H2":"3","J3":"3","H6":"3","H4":"3","H5":"3"},"RQ":{"R6":"3","P7":"3"},"VM":{"55":"3"},"VW":{"WX":"3","XR":"3","WR":"3","VR":"3","WV":"3","WW":"3","VX":"3","9Q":"3","MV":"3"},"W9":{"WQ":"3"},"XF":{"GW":"3","Q4":"3","W2":"3","FV":"3","FF":"3","HW":"3","M2":"3","GC":"3","GR":"3","CR":"3","CF":"3","GF":"3","FC":"3"},"RR":{"PM":"3"},"WR":{"RH":"3"},"VP":{"XV":"3","8F":"3","QH":"3","G6":"3","67":"3","74":"3"},"R9":{"9V":"3"},"VV":{"34":"3"},"VQ":{"Q3":"3"},"R7":{"6M":"3","6P":"3","8W":"3","6R":"3","7M":"3"}},"RR":{"3F":{"2Q":"3","3P":"3","3R":"3","3Q":"3","2R":"3"},"5P":{"4X":"3","5Q":"3"},"2G":{"RR":"3"},"9X":{"R9":"3"},"4V":{"9H":"3"},"2H":{"4H":"3"},"4Q":{"XJ":"3"},"3V":{"G8":"3","CJ":"3","FJ":"3","9J":"3","GH":"3","F9":"3","9F":"3","FH":"3","CH":"3"},"5M":{"H8":"3"},"2F":{"XP":"3"},"8W":{"R3":"3"},"4C":{"FM":"3"},"3R":{"5C":"3"},"5Q":{"62":"3","53":"3","42":"3","2M":"3"},"3Q":{"5W":"3","6W":"3","6V":"3","5V":"3"},"4F":{"JC":"3","HF":"3"},"5G":{"JG":"3"}},"PX":{"M3":{"V3":"3","W5":"3","V5":"3","W4":"3","V4":"3"},"4G":{"C9":"3","CC":"3","65":"3"},"64":{"98":"3"},"JC":{"XF":"3"},"6P":{"H7":"3"},"3H":{"QH":"3","PG":"3","PF":"3","G6":"3","MF":"3","G5":"3","MG":"3","VQ":"3","PH":"3"},"8R":{"3M":"3"},"2P":{"VV":"3","7H":"3","RV":"3","RW":"3","VX":"3","8G":"3","VW":"3"},"Q5":{"3X":"3","2X":"3"},"6C":{"7X":"3"},"8F":{"H6":"3"},"22":{"6F":"3","6C":"3"},"52":{"VX":"3","RX":"3"},"8V":{"GG":"3","HH":"3","GJ":"3","GC":"3","GH":"3","GF":"3"},"P2":{"2G":"3","2F":"3","2C":"3"},"7F":{"JR":"3","HR":"3","7M":"3","3M":"3","JQ":"3","HV":"3","5M":"3","4X":"3","8V":"3"},"39":{"85":"3","84":"3"},"2Q":{"RJ":"3"},"6M":{"G8":"3","G7":"3","H7":"3","G9":"3","G6":"3","H8":"3","H9":"3"},"67":{"79":"3","89":"3","G9":"3","HC":"3","C9":"3","78":"3","GH":"3","GC":"3","98":"3","7C":"3","8C":"3","HF":"3","FG":"3","HG":"3","GF":"3","CC":"3","GG":"3"},"2M":{"W4":"3"},"25":{"JP":"3","MM":"3","JM":"3","MP":"3"},"7Q":{"5F":"3","6H":"3","6G":"3"},"53":{"V2":"3"},"26":{"R2":"3"},"2F":{"CJ":"3","FG":"3","FH":"3","CG":"3","CH":"3","GP":"3"},"5G":{"FX":"3","GW":"3","HX":"3","FW":"3","GX":"3"},"5H":{"H2":"3","G2":"3","H7":"3","F4":"3"},"FQ":{"74":"3"},"8P":{"62":"3","52":"3","G7":"3","73":"3","72":"3","63":"3"},"32":{"2G":"3"},"66":{"48":"3"},"9C":{"XV":"3","XR":"3"},"42":{"23":"3"},"23":{"GH":"3"},"3M":{"3G":"3"},"6F":{"R2":"3","88":"3"},"3X":{"JM":"3"},"8M":{"7W":"3","6X":"3","5X":"3","5W":"3","7X":"3","6W":"3","6V":"3","5V":"3","8V":"3"},"8Q":{"69":"3","5C":"3","3M":"3","59":"3","67":"3","6F":"3","6C":"3","68":"3"},"7G":{"25":"3","26":"3","42":"3"},"24":{"Q7":"3","R7":"3","64":"3"},"5J":{"W3":"3"},"36":{"HH":"3","HJ":"3","GJ":"3","FM":"3","GH":"3"},"4M":{"PF":"3","Q9":"3","PR":"3","Q8":"3","PC":"3","QQ":"3","QC":"3","QF":"3","PQ":"3","P9":"3","JG":"3"},"P4":{"47":"3","3R":"3","25":"3","43":"3","33":"3","3G":"3","4V":"3","3J":"3","2J":"3","2G":"3","4G":"3","37":"3","3Q":"3","27":"3","36":"3","4H":"3","4M":"3","44":"3","4W":"3","34":"3","3M":"3","3X":"3","2R":"3","4F":"3","4R":"3","3P":"3","2M":"3","48":"3","49":"3","5W":"3","2Q":"3","46":"3","3H":"3","39":"3","3C":"3","4J":"3","5V":"3","3W":"3","2C":"3","5X":"3","3V":"3","42":"3","45":"3","28":"3","38":"3","35":"3","2V":"3","4X":"3","5R":"3","24":"3","29":"3","26":"3","2F":"3","4C":"3","4Q":"3","32":"3","5Q":"3","2P":"3","4P":"3","2H":"3","3F":"3"},"Q7":{"HF":"3"},"7H":{"G6":"3","G4":"3","F4":"3","G5":"3","F5":"3","F6":"3"},"4C":{"VR":"3","R6":"3"},"P5":{"52":"3","54":"3","W2":"3","X3":"3","44":"3","W3":"3","X4":"3","53":"3","32":"3","42":"3","43":"3","X2":"3"},"M4":{"XF":"3","WJ":"3","PP":"3","X9":"3","XC":"3","XM":"3","X8":"3","XJ":"3","WH":"3","XH":"3","XP":"3","XG":"3"},"2C":{"3W":"3"},"4F":{"GG":"3","7R":"3","8R":"3","7V":"3","GF":"3","8V":"3"},"JF":{"F6":"3"},"M2":{"MX":"3"},"4H":{"3X":"3"}},"Q3":{"XR":{"MX":"3"},"QW":{"WW":"3"}},"PV":{"V8":{"6M":"3"},"37":{"6W":"3"},"RJ":{"XH":"3"},"27":{"RP":"3","QW":"3"},"R2":{"43":"3","44":"3","PF":"3","53":"3","42":"3","32":"3"},"VJ":{"5M":"3"},"RH":{"P8":"3","CP":"3","CM":"3","9P":"3","9M":"3","P9":"3","9J":"3"},"X3":{"7Q":"3"},"3X":{"W5":"3"},"X2":{"3F":"3","XP":"3"},"8X":{"C4":"3","74":"3","94":"3","C3":"3"},"R8":{"VW":"3"},"VM":{"W6":"3"},"W2":{"VF":"3"},"39":{"77":"3"},"QM":{"FX":"3","FW":"3"},"RG":{"2W":"3","2V":"3"},"2C":{"5R":"3","48":"3","2X":"3","2Q":"3","4V":"3","58":"3","4R":"3","3V":"3","27":"3","5W":"3","2W":"3","2V":"3","3R":"3","57":"3","5V":"3","4W":"3"},"5X":{"6M":"3","7H":"3","3V":"3","4P":"3","4H":"3","6R":"3","5V":"3"},"28":{"Q2":"3","Q3":"3","R3":"3"},"38":{"H8":"3","CV":"3","J5":"3","HC":"3","H7":"3","CW":"3","M5":"3","J6":"3","FV":"3"},"W3":{"RW":"3"},"4X":{"6H":"3","6J":"3"},"WR":{"3X":"3"},"8W":{"87":"3","54":"3","9G":"3","HX":"3","CG":"3","CJ":"3","9R":"3","99":"3","85":"3","GM":"3","53":"3","98":"3","9P":"3","9M":"3","GJ":"3","9J":"3"},"2F":{"62":"3","23":"3","22":"3"},"VQ":{"JV":"3"}},"PQ":{"VX":{"76":"3","P5":"3"}},"MW":{"WX":{"VQ":"3","PR":"3","XM":"3","QV":"3","PX":"3","PV":"3","68":"3","PW":"3","QW":"3","QX":"6"},"XV":{"WR":"3","6W":"3"},"XR":{"MJ":"3","X9":"3","W5":"3","MM":"3","PJ":"3","WC":"3","W7":"3","W6":"3","XC":"3","W9":"3","PM":"3","WF":"3","X8":"3","W4":"3"},"WR":{"25":"3"},"XQ":{"H9":"3","CV":"3"},"WJ":{"Q3":"3"},"VR":{"7W":"3","7R":"3","8R":"3","8P":"3","9J":"3","8J":"3","8M":"3","7X":"3","9M":"3"},"W2":{"H4":"3","WM":"3"},"RW":{"PV":"3","PW":"3","QQ":"3","PP":"3"},"R8":{"JC":"3","HF":"3","H9":"3","M6":"3","HC":"3","J7":"3","M7":"3","JF":"3","J6":"3","J9":"3"},"RX":{"J5":"3"},"WP":{"X8":"3"},"XW":{"F6":"3"},"R7":{"PV":"3"},"VG":{"V3":"3"},"X8":{"MW":"3","MX":"3"},"VQ":{"J7":"3"},"VJ":{"5F":"3","5C":"3","RP":"3","49":"3","39":"3","2C":"3","29":"3","47":"3","3C":"3"}},"Q5":{"XG":{"R2":"3"},"XJ":{"M9":"3"},"XC":{"9V":"3"}},"QR":{"WC":{"H6":"3","J7":"3","H7":"3"},"H4":{"26":"3"},"GR":{"H2":"3","H3":"3"},"M9":{"FJ":"3","MW":"3","PX":"3"},"PQ":{"PR":"3"},"G6":{"JR":"3","J8":"3"},"PR":{"QJ":"3"},"FP":{"QM":"3"},"XM":{"M6":"3","M5":"3"},"JJ":{"52":"3"},"VG":{"J5":"3","H5":"3","J4":"3","WF":"3"},"XH":{"C8":"3"},"M3":{"4R":"3"},"J5":{"H4":"3","H2":"3","H3":"3"},"MC":{"P2":"3","P3":"3"},"HR":{"GG":"3","HH":"3","GJ":"3","J7":"3","GH":"3","HG":"3"},"GJ":{"95":"3","77":"3"},"C2":{"WX":"3","VV":"3","WV":"3","WW":"3","PV":"3","VW":"3"},"QR":{"FJ":"3","FM":"3"},"H2":{"VQ":"3","RP":"3","W8":"3","VP":"3","X4":"3","RQ":"3","W9":"3","RF":"3","W7":"3"},"HV":{"29":"3"},"GH":{"CV":"3"},"G7":{"G7":"3"},"Q2":{"Q5":"3","P5":"3"},"G5":{"87":"3"}},"QQ":{"GG":{"73":"3"},"HJ":{"2W":"3"},"GJ":{"XW":"3","XX":"3"},"GF":{"2C":"3","29":"3"},"FG":{"R6":"3"},"HR":{"7V":"3","6R":"3","6V":"3"},"HV":{"M7":"3"}},"PW":{"VG":{"29":"3"},"H3":{"2X":"3","3R":"3","3V":"3","3X":"3","2V":"3","6M":"3","2R":"3"},"G9":{"JH":"3"},"33":{"52":"3","J4":"3","H3":"3","86":"3","WF":"3","J3":"3","F7":"3","P6":"3","G6":"3","85":"3","F5":"3","94":"3","95":"3","F9":"3","FV":"3","V7":"3","VG":"3","H6":"3","93":"3","WG":"3","VW":"3","QM":"3","M4":"3","M3":"3","M5":"3","J5":"3","F6":"3","82":"3","QH":"3","RC":"3","24":"3","R9":"3","J2":"3","Q8":"3","GM":"3","C6":"3","Q9":"3"},"44":{"MH":"3","C2":"3","Q6":"3","PC":"3","R4":"3","QP":"3","HV":"3","CF":"3","7W":"3","PR":"3","JX":"3","WF":"3","93":"3","8V":"3","82":"3","QG":"3","P2":"3","R8":"3","R9":"3","X4":"3","X7":"3","RG":"3","VF":"3","V4":"3","96":"3","33":"3","X8":"3","PJ":"3","Q8":"3","53":"3","94":"3","XM":"3","MJ":"3","QM":"3","H7":"3","QJ":"3","G8":"3","9X":"3","W4":"3","MX":"3","GJ":"3","PH":"3","WX":"3","V9":"3","4J":"3","69":"3","47":"3","WJ":"3","R7":"3","QH":"3","HF":"3","H3":"6","WC":"3","RX":"3","QR":"3","Q7":"3","4C":"3","76":"3","WG":"3","P5":"3","VH":"3","RH":"3","RC":"3","PM":"3","V8":"3","MC":"3","Q4":"3","VW":"3","JF":"3","M2":"3","27":"3","HX":"3","GW":"3","Q9":"3","F2":"3","RJ":"3","W5":"3","48":"3","W8":"3","R5":"3","VG":"3"},"4P":{"4J":"3","3F":"3","8X":"3","67":"3","8W":"3","88":"3","73":"3","74":"3","4F":"3"},"2X":{"MV":"3","P4":"3"},"QF":{"C9":"3","33":"3","QV":"3","C7":"3","C8":"3","C6":"3","95":"3","32":"3"},"9P":{"PV":"3","PR":"3","QW":"3","JJ":"3","QV":"3","MP":"3","P4":"3"},"7V":{"4G":"3","8J":"3","4M":"3","5F":"3","3M":"3","4C":"3","CQ":"3","5M":"3","4F":"3","5H":"3","8M":"3","9P":"3","3J":"3","CR":"3"},"58":{"87":"3","C5":"3","6P":"3","97":"3","F5":"3","95":"3","C3":"3","83":"3","C4":"3","94":"3","85":"3","7P":"3","88":"3","98":"3","GF":"3","C6":"3","84":"3"},"2J":{"95":"3"},"RJ":{"PV":"3"},"GM":{"HC":"3"},"2R":{"48":"3","25":"3","49":"3","39":"3","27":"3","26":"3","24":"3"},"52":{"2X":"3","3X":"3","3W":"3","2J":"3","2H":"3","37":"3","35":"3","23":"3","2W":"3","32":"3","34":"3","24":"3"},"G4":{"94":"3","72":"3","95":"3"},"7W":{"H3":"3","G3":"3","J8":"3","G5":"3","H7":"3","J7":"3","G6":"3","H8":"3","G4":"3","J5":"3","H6":"3","H4":"3","H5":"3"},"M8":{"93":"3"},"35":{"FF":"3","WW":"3","27":"3","FG":"3","MR":"3"},"C9":{"6P":"3","HF":"3","7C":"3","6R":"3","HG":"3","6Q":"3"},"MH":{"WR":"3","4V":"3","3V":"3","7Q":"3"},"JH":{"HW":"3","HX":"3"},"3J":{"4P":"3","JJ":"3"},"57":{"6J":"3","63":"3","9W":"6","95":"3","FF":"3","F9":"3","CJ":"3","MV":"3","6H":"3","74":"3","FQ":"3","8V":"3","84":"3"},"PP":{"5X":"3"},"6P":{"6R":"3","6Q":"3"},"XW":{"RR":"3"},"2Q":{"XH":"3","PJ":"3","XG":"3","FP":"3","68":"3","RJ":"3"},"H4":{"C9":"3","62":"3","F9":"3","FC":"3"},"32":{"GP":"3","CM":"3","9V":"3","RJ":"3","4M":"3","RH":"3","6P":"3","FM":"3","FP":"3","9Q":"3","3X":"3","RP":"3","Q4":"3","8X":"3","GX":"3","3H":"3","5M":"3","HX":"3","7V":"3","CR":"3","FW":"3","RF":"3","RW":"3","6Q":"3","CP":"3","9R":"3","VV":"3","7R":"3","GM":"3","8V":"3","4P":"3"},"3M":{"XG":"3","QM":"3"},"H9":{"HX":"3"},"83":{"5R":"3"},"68":{"H4":"3","H3":"3","92":"3"},"45":{"7M":"3","CM":"3","RV":"3","97":"6","H3":"3","GQ":"3","22":"3","2G":"3","9P":"3","8M":"3","8G":"3","MP":"3","CJ":"3","73":"3","85":"3","44":"3","PR":"3","F5":"3","96":"3","95":"3","94":"3","3M":"3","2R":"3","8H":"3","JJ":"3","5P":"3","MJ":"3","23":"3","9J":"3","54":"3","J7":"3","9M":"3","93":"3","8J":"3","WV":"3","WQ":"3","72":"3","XW":"3","8C":"3","76":"3","FW":"3","9H":"3","MQ":"3","42":"3","45":"3","H2":"3","WR":"3","29":"3","J8":"3","VR":"3","J2":"3","55":"3","C5":"3","FG":"3","C6":"3","2P":"3","89":"3"},"25":{"V3":"3"},"37":{"98":"3","97":"3"},"54":{"7W":"3","37":"3","2P":"3","2H":"3","6X":"3","26":"3","7X":"3","29":"3","2M":"3","7Q":"3"},"HC":{"VF":"3","V9":"3","WG":"3","VG":"3"},"J6":{"V2":"3"},"J9":{"GG":"3","HF":"3","GF":"3","HG":"3"},"H2":{"VJ":"3","P4":"3"},"55":{"3X":"3","2X":"3","8Q":"3"},"46":{"62":"3","RV":"3","6J":"3","63":"3","X8":"3","78":"3","PQ":"3","H2":"3","HF":"3","H6":"3","H5":"3","JM":"3"},"24":{"MJ":"3","FJ":"3","6X":"3"},"43":{"WQ":"3","VG":"3","V7":"3","R9":"3","R2":"3","RQ":"3","3V":"3","WG":"3","V3":"3","7V":"3","8G":"3","VV":"3","WV":"3","RP":"3","V6":"3","4X":"3","WJ":"3","WC":"3","2R":"3","RW":"3","7W":"3","VJ":"3","QG":"3","VM":"3","MH":"3","P8":"3","PH":"3","RX":"3","6Q":"3","R4":"3","PP":"3","79":"3","X5":"3","6P":"3","4W":"3","7R":"3","X9":"3","Q8":"3","XF":"3","WW":"3","QJ":"3","83":"3","WF":"3","9X":"3","JC":"3","X8":"3","G2":"3","WP":"3","W6":"3","QW":"3","PQ":"3","V8":"3","VQ":"3","HJ":"3","W8":"3","8V":"3","J9":"3","P9":"3","6V":"3","QM":"3","W4":"3|6","XH":"3","Q9":"3","VF":"3","RH":"3","R8":"3","Q6":"3","WX":"3","W7":"3","FX":"3","R5":"3","GX":"3","CC":"3","CH":"3","W5":"3","V5":"3","RF":"3","VC":"3","W9":"3","QP":"3","HM":"3","WR":"3","Q7":"3","X6":"3","QH":"3","3W":"3","RV":"3","Q5":"3","V9":"3","5R":"3","VX":"3","RR":"3","VP":"3","VH":"3","CF":"3","VR":"3","J8":"3","CX":"3","R3":"3","V4":"3","RC":"3","HG":"3","FG":"3","PM":"3","X2":"3","MJ":"3","V2":"3","6R":"3","R7":"3","X7":"3","JM":"3","RM":"6|3","X3":"3","X4":"3"},"Q9":{"4X":"3"},"67":{"6M":"3","JP":"3","5M":"3","GV":"3","8H":"3","JM":"3","46":"3","9M":"3"},"C3":{"C5":"3"},"53":{"28":"6","22":"3","29":"6","38":"3","23":"3","33":"3","32":"3","25":"3","42":"3","24":"3","56":"3"},"49":{"7Q":"3"},"9G":{"3X":"3","3W":"3"},"34":{"VM":"3","W6":"3","8F":"3","J2":"3","X6":"3","VJ":"3","4M":"3","Q4":"3","PR":"3","6G":"3","M2":"3","F6":"3","WH":"6","P4":"3","6F":"3","W7":"3"},"42":{"RW":"3","WV":"3","WF":"3","RV":"3","GW":"3","XR":"3","QP":"3","RM":"3","RX":"3","RJ":"3","VH":"3","MR":"3","WW":"3","VX":"3"},"23":{"92":"3","68":"3"},"CC":{"QR":"3","PR":"3","MM":"3","QQ":"3","PQ":"3","MP":"3","PM":"3","PP":"3"},"8F":{"35":"3","34":"3"},"QC":{"8X":"3","2W":"3","32":"3"},"9H":{"V6":"3","XJ":"3"},"H6":{"7P":"3"},"9C":{"FP":"3"},"2H":{"PX":"3"},"89":{"9V":"3","RR":"3","J8":"3"},"6X":{"RF":"3","XG":"3","WF":"3","P4":"3"},"G3":{"VQ":"3","QH":"3","PG":"3","7X":"3","6X":"3","QF":"3","QM":"3","PF":"3","VP":"3","RR":"3","PH":"3"},"3W":{"WX":"3","VW":"3","MV":"3"},"2C":{"QV":"3"},"GC":{"HF":"3","GC":"3","HC":"3","G9":"3"},"MP":{"93":"3","85":"3","74":"3","75":"3"},"3Q":{"4J":"3","33":"3","27":"3","2C":"3","29":"3"},"36":{"Q4":"3","X2":"3"},"6W":{"V7":"3","GW":"3","V6":"3","V5":"3"},"PW":{"5H":"3"},"9F":{"XR":"3","XQ":"3"},"CX":{"Q4":"3"},"56":{"4J":"3","26":"3","42":"3","4C":"3","23":"3","32":"3"},"3X":{"W6":"3","V3":"3","XR":"3","V6":"3","V5":"3","VR":"3","W5":"3","W2":"3","X3":"3","W3":"3","V4":"3","W4":"3","XV":"3","X2":"3"},"PC":{"MF":"3"},"5C":{"J9":"3"},"95":{"Q3":"3","P4":"3"},"MC":{"R4":"3","Q4":"3","V3":"3","R3":"3","VG":"3","V4":"3"},"MJ":{"8G":"3"},"6R":{"M4":"3","V7":"3","R8":"3","J2":"3","R7":"3","V8":"3"},"66":{"79":"3"},"59":{"GM":"3","HJ":"3","JM":"3","HM":"3"}},"MX":{"P9":{"WR":"3","RW":"3","WQ":"3","RX":"3","VQ":"3"},"WH":{"9Q":"3","8J":"3","7M":"3","6W":"3","8Q":"3","7P":"3","8M":"3","8P":"3","9P":"3","9M":"3","9J":"3","8R":"3"},"R4":{"P3":"3"},"QP":{"FX":"3"},"X6":{"R6":"3"},"CP":{"RV":"3","V8":"3","QJ":"3","V2":"3","68":"3","QV":"3","RJ":"3","PQ":"3","P6":"3","R2":"3","VJ":"3","XJ":"3","V3":"3","PR":"3","WW":"3","PH":"3","PG":"3","Q6":"3","MR":"3","XG":"3","QM":"3","R3":"3","Q5":"3","RF":"3","MQ":"3","QR":"3","R4":"3","MX":"3","P5":"3","RM":"3","4C":"3"},"X2":{"V9":"3","C6":"3"},"PX":{"H4":"3","J3":"3","F7":"3","G4":"3","G6":"3","F5":"3","G8":"3","FP":"3","J7":"3","F6":"3","H5":"3","J6":"3","G3":"3","G7":"3","M6":"3","G5":"3","M7":"3","FQ":"3"},"JX":{"C9":"3","9G":"3"},"W2":{"J5":"3","M6":"3","Q2":"3","J7":"3","M7":"3","M5":"3","P4":"3","J6":"3","P5":"3","P3":"3"},"WF":{"2G":"3"},"QQ":{"25":"3","37":"3","27":"3","26":"3","2F":"3","2C":"3"},"R6":{"5W":"3"},"QX":{"JH":"3"},"RW":{"CC":"3","CG":"3"},"VQ":{"7J":"3","7M":"3"},"VM":{"FC":"3"},"MM":{"RV":"3"},"W7":{"P6":"3"},"X7":{"3X":"3","2C":"3"},"VP":{"M8":"3"},"V3":{"JV":"3"},"PV":{"6M":"3"},"VF":{"QM":"3"},"VC":{"FH":"3"},"RV":{"4X":"3"},"QM":{"JX":"3"},"CM":{"VX":"3","RX":"3","QV":"3","QQ":"3"},"JQ":{"76":"3"},"QJ":{"G6":"3","G7":"3"},"PQ":{"X6":"3","X9":"3","WC":"3","X7":"3","X5":"3","WF":"3"},"MX":{"69":"3"},"XX":{"RP":"3","VP":"3","VQ":"3"},"X9":{"HF":"3"},"VR":{"4P":"3"},"R7":{"27":"3","28":"3"},"V6":{"JW":"3","J7":"3","HW":"3","JV":"3"},"RH":{"JR":"3","JQ":"3","PX":"3","RX":"3","HX":"3","MR":"3","MV":"3","JV":"3"},"JW":{"JR":"3"},"XP":{"FW":"3","FV":"3"},"9M":{"RJ":"3"},"PW":{"RP":"3","VQ":"3"},"RJ":{"H2":"3","J2":"3","H3":"3"},"W5":{"RH":"3"},"W8":{"FG":"3","FH":"3"},"MR":{"4Q":"3"}},"QW":{"MG":{"Q7":"3"},"65":{"WX":"3","WW":"3","XX":"3"},"JC":{"R8":"3","QF":"3","QJ":"3"},"HJ":{"XP":"3"},"QF":{"JH":"3","JM":"3","JJ":"3","JG":"3"},"J9":{"V7":"3"},"3F":{"57":"3","56":"3"},"76":{"6P":"3"},"CG":{"G6":"3"},"6W":{"54":"3","62":"3","63":"3"},"7V":{"5R":"3","3R":"3"},"3G":{"36":"3"},"P8":{"5J":"3","4J":"3","3F":"3","39":"3","27":"3","4P":"3","6F":"3","38":"3","28":"3","9M":"3","4M":"3"},"46":{"5P":"3","5M":"3","4P":"3","4H":"3","6H":"3","4M":"3"},"94":{"JF":"3"},"JJ":{"F2":"3"},"29":{"93":"3"},"MH":{"Q4":"3","Q7":"3","Q2":"3","R6":"3","R5":"3"},"4X":{"56":"3"},"WC":{"VR":"3","RR":"3","VW":"3"},"4W":{"V7":"3","VR":"3","V8":"3"},"57":{"5R":"3"},"FJ":{"H8":"3"},"3C":{"5W":"3"},"WG":{"H6":"3"},"24":{"47":"3"},"66":{"H5":"3","85":"3"}},"QX":{"FJ":{"QR":"3"},"J4":{"45":"3","4C":"3"},"H3":{"MH":"3"},"GQ":{"RV":"3","QV":"3"},"MP":{"5F":"3","5C":"3","59":"3","52":"3","53":"3","6J":"3","5G":"3","64":"3"},"99":{"7W":"3","J4":"3","JV":"3"},"G9":{"F2":"3","C2":"3"},"85":{"XV":"3","WV":"3","RR":"3"},"PR":{"78":"3"},"G8":{"FX":"3","CX":"3"},"96":{"3V":"3"},"94":{"38":"3","28":"3"},"9Q":{"MF":"3"},"RP":{"G6":"3","G4":"3","G5":"3"},"65":{"X5":"3"},"M8":{"GC":"3"},"H9":{"WJ":"3","X2":"3","X8":"3"},"93":{"V3":"3","V6":"3","W2":"3","X3":"3|6","W3":"3","P8":"3","V4":"3","X4":"3","W4":"3"},"J9":{"36":"3","47":"3"},"F2":{"J5":"3"},"GJ":{"3F":"3","2C":"3"},"HH":{"3W":"3"},"8C":{"JH":"3","MH":"3","JJ":"3"},"MQ":{"93":"3"},"CP":{"GF":"3"},"MM":{"6X":"3","5X":"3","5W":"3","4W":"3"},"FC":{"G3":"3","F3":"3"},"C3":{"3F":"3","3G":"3","62":"3","33":"3","2F":"3","2C":"3","29":"3","3C":"3"},"GC":{"52":"3"},"84":{"96":"3","97":"3"}}},"index":{"university,1|retail,2|tourism,3|wreck,4|historical,5|artsCulture,6|namedBuilding,7|water,8|wetland,9|park,10|beach,11|natureReserve,12|cemetery,13|trail,14":{}}}