{"9J":{"6C":{"R8":{"95":"3"},"QX":{"PX":"3","MX":"3"}},"HP":{"PJ":{"VX":"3"},"Q3":{"VP":"3"},"QV":{"F9":"3"},"F5":{"34":"3"}},"FH":{"Q9":{"JR":"3"},"QC":{"5V":"3"},"VJ":{"VG":"3"},"V4":{"H8":"3"}},"FJ":{"Q7":{"9V":"3"},"X5":{"R3":"3"}},"CV":{"RG":{"HQ":"3"}},"V7":{"44":{"RW":"3"},"5R":{"QF":"3"},"8J":{"FJ":"3"},"23":{"5V":"3"},"28":{"XX":"3"},"5V":{"87":"3"}},"G9":{"RQ":{"Q6":"3"},"MJ":{"2W":"3"},"JW":{"PX":"3"},"XR":{"7X":"3"},"WR":{"X6":"3"},"JP":{"78":"3","3W":"3"},"QH":{"P9":"3"},"HJ":{"2F":"3"},"9X":{"H2":"3"},"JH":{"7C":"3"},"WQ":{"RV":"3"},"PW":{"65":"3"},"PR":{"96":"3","Q8":"3","P6":"3"},"MQ":{"HH":"3"},"PX":{"96":"3","Q6":"3"},"CX":{"6H":"3"},"8H":{"GW":"3"},"WP":{"GW":"3"},"MR":{"W6":"3"},"XW":{"R9":"3"},"PP":{"5F":"3"},"HR":{"GH":"3"},"CQ":{"JP":"3"},"FW":{"5Q":"3"},"JG":{"R3":"3"},"GP":{"H2":"3","MP":"3"},"RG":{"3G":"3"}},"33":{"XQ":{"9P":"3"},"99":{"FP":"3"},"6C":{"2W":"3"},"7P":{"57":"3"}},"44":{"WX":{"37":"3","27":"3","38":"3","29":"3","28":"3"},"HF":{"4V":"3","3V":"3"},"VV":{"HQ":"3","JP":"3","JQ":"3","HP":"3"},"RW":{"PW":"3"},"MH":{"VM":"3"},"VX":{"X9":"3","W2":"3","X2":"3","X7":"3","X3":"3","XC":"3","M8":"3","X8":"3"},"X5":{"PV":"3"},"GF":{"RP":"3","VQ":"3"},"VW":{"VQ":"3","VM":"3","RP":"3","Q9":"3","WX":"3","QC":"3","Q6":"3","RM":"3","VR":"3","QF":"3","RH":"3","VP":"3","RJ":"3","Q7":"3","XX":"3","QG":"3","P7":"3","RF":"3","RG":"3","P6":"3"},"MV":{"MW":"3"},"F5":{"HM":"3","JV":"3","JW":"3","HQ":"3","HX":"3","JQ":"3","HV":"3","JX":"3","HW":"3","MW":"3","JP":"3","HP":"3","JM":"3"}},"48":{"RH":{"P4":"3"}},"R9":{"8G":{"Q3":"3"},"HR":{"54":"3"}},"R2":{"36":{"5J":"3","6G":"3","5H":"3"},"25":{"R2":"3"},"24":{"RP":"3","WP":"3","QG":"3"},"2C":{"67":"3"}},"2X":{"MR":{"JM":"3"},"M8":{"H5":"3"},"MV":{"5H":"3"},"FV":{"PX":"3"}},"C4":{"GG":{"57":"3"},"GC":{"CM":"3"}},"C8":{"Q4":{"76":"3"},"7Q":{"WC":"3"}},"62":{"X9":{"VV":"3","HC":"3","G5":"3","J9":"3"},"V6":{"XJ":"3","HR":"3"},"W4":{"43":"3"},"27":{"5G":"3"},"W7":{"XR":"3","VV":"3"},"X3":{"VC":"3","QX":"3"},"X4":{"QR":"3","G4":"3","J2":"3","MC":"3","C3":"3","P2":"3","P3":"3","J9":"3"},"WH":{"76":"3"},"MW":{"36":"3","59":"3"},"9Q":{"7Q":"3"},"X2":{"92":"3"},"V7":{"JF":"3"},"2M":{"9P":"3"},"R6":{"MG":"3"},"W8":{"6P":"3","RX":"3","9M":"3","VQ":"3"},"WG":{"6P":"3"},"3C":{"J8":"3"},"W9":{"Q8":"3"},"XW":{"7V":"3","8V":"3"},"92":{"G7":"3"},"XX":{"J2":"3"},"X7":{"6M":"3","5J":"3","RV":"3","VP":"3","4R":"3","QW":"3","6J":"3","QV":"3","MR":"3","4W":"3"},"W3":{"V5":"3","V4":"3"},"WR":{"V9":"3"},"W6":{"CC":"3","9G":"3","C3":"3"},"9R":{"29":"3"},"JW":{"X6":"3"},"X8":{"8R":"3","WC":"3","J4":"3","VF":"3","WF":"3","V9":"3","VG":"3","W9":"3","M4":"3","M3":"3","M5":"3","72":"3","J5":"3","VC":"3","7V":"3","J6":"3","VX":"3","7R":"3","M6":"3","8V":"3","M7":"3"}},"88":{"79":{"VX":"3"},"87":{"6W":"3"},"H3":{"C9":"3","87":"3","98":"3","97":"3","99":"3","76":"3","88":"3","86":"3","89":"3","C8":"3","77":"3"},"M8":{"37":"6","45":"3","38":"3","29":"3","F5":"3","F6":"3"},"J8":{"X6":"3","X7":"3","W7":"3","X5":"3","XC":"3"},"H7":{"V3":"3"},"J7":{"PV":"3"},"J6":{"JW":"3"},"7H":{"2C":"3"},"H9":{"P7":"3"},"2J":{"2F":"3"},"CQ":{"5G":"3"},"CM":{"5C":"3"},"5Q":{"3M":"3"},"5C":{"X3":"3"},"GJ":{"9R":"3"},"GF":{"G2":"3"},"4H":{"XQ":"3"},"QX":{"P2":"3"},"GG":{"6M":"3","7R":"3","6P":"3","5P":"3","7V":"3","8X":"3","5Q":"3","8V":"3"}},"QF":{"R8":{"4F":"3"}},"3V":{"GM":{"93":"3"}},"C5":{"4V":{"27":"3","26":"3"},"3M":{"5R":"3","8J":"3","5M":"3","7J":"3","6Q":"3","5Q":"3","7M":"3"},"2J":{"PJ":"3"}},"7F":{"VF":{"RR":"3"},"V7":{"3Q":"3"},"CF":{"X9":"3"},"XF":{"H9":"3","HC":"3"},"XX":{"FW":"3","FV":"3"}},"7V":{"2Q":{"4R":"3"},"75":{"8W":"3"}},"8G":{"7F":{"M6":"3"},"7C":{"MJ":"3","MH":"3","MM":"3"},"RJ":{"C9":"3","96":"3","95":"3","GX":"3"},"7Q":{"66":"3"}},"GF":{"WC":{"H3":"3"},"V6":{"JQ":"3"},"QG":{"J9":"3"},"QF":{"FX":"3","98":"3"},"X6":{"P8":"3","5W":"3"},"WM":{"H6":"3","M7":"3"},"62":{"35":"3","V5":"3"},"VF":{"RX":"3","7X":"3"},"XV":{"JJ":"3"},"7Q":{"RW":"3","PV":"3"},"63":{"M5":"3"},"RH":{"F4":"3"},"X3":{"2X":"3","Q9":"3","X3":"3","W9":"3","82":"3"},"X4":{"QR":"3"},"F5":{"GH":"3"},"CW":{"G9":"3"},"6H":{"5G":"3"},"X2":{"QH":"3","W8":"3","J4":"3","CV":"3","PR":"3","J6":"3","X3":"3","CG":"3","XM":"3","MV":"3","J5":"3","CQ":"3","PV":"3","PQ":"3","CH":"3","J3":"3","PJ":"3","H6":"3","CR":"3","H4":"3","H5":"3","X2":"3"},"V9":{"5V":"3"},"H9":{"V4":"3"},"H6":{"X7":"3"},"R5":{"GM":"3"},"HM":{"9J":"3"},"8J":{"HR":"3"},"XH":{"7W":"3"},"WG":{"28":"3"},"W9":{"MW":"3","M2":"3","HR":"3"},"RG":{"HM":"3"},"8C":{"MJ":"3"},"3W":{"4J":"3","4G":"3","59":"3"},"MQ":{"RC":"3"},"X7":{"6Q":"3"},"RC":{"9J":"3"},"WR":{"J5":"3"},"VP":{"M7":"3"},"R9":{"86":"3"},"FC":{"QQ":"3"},"Q8":{"29":"3"},"F8":{"W5":"3"},"83":{"98":"3"},"M7":{"C8":"3"},"X8":{"7W":"3"}},"4H":{"FX":{"FR":"3","JV":"3"},"9V":{"7W":"3","6V":"3","7X":"3","3M":"3","2V":"3","4X":"3","4W":"3","3J":"3","2R":"3","2M":"3"},"9W":{"RJ":"3"},"8V":{"4J":"3","WJ":"3","XP":"3","XJ":"3","WG":"3","VM":"3","QF":"3","QG":"3","XM":"3"}},"2F":{"HQ":{"M6":"3"},"GM":{"GW":"3"},"6F":{"CH":"3"}},"VV":{"Q2":{"RP":"3"},"P4":{"VP":"3"},"PH":{"C5":"3","C6":"3"}},"XC":{"X9":{"V9":"3"}},"9W":{"JC":{"22":"3"},"FC":{"7M":"3"}},"58":{"6R":{"44":"3","53":"3"},"23":{"X3":"3"},"6Q":{"2W":"3"}},"F2":{"X9":{"JH":"3"},"V2":{"X6":"3","X5":"3"},"P4":{"PC":"3","RG":"3","7Q":"3"},"MF":{"HG":"3"},"JM":{"X2":"3"},"HG":{"JW":"6"},"P6":{"6M":"3","6P":"3","PF":"3","X9":"3","X5":"3"},"96":{"7Q":"3"},"JJ":{"4J":"3","H3":"3","6F":"6","P2":"3"},"Q4":{"2P":"3"},"J7":{"9Q":"3"},"H6":{"XR":"3","WP":"3","XJ":"3"},"JG":{"69":"3","2P":"3","P3":"3"},"Q6":{"67":"6","85":"3","84":"3","63":"3","89":"3","68":"6","95":"3"},"W2":{"VH":"3"},"J9":{"4W":"3"},"W8":{"93":"3"},"J5":{"V7":"3","V8":"3"},"Q5":{"5J":"3","CJ":"3","7H":"6","27":"3","6H":"3","6J":"3","7J":"6","29":"3","2J":"3"},"6F":{"26":"3"},"HH":{"XH":"6","WP":"3","XJ":"3","V5":"3"},"JH":{"MQ":"3","PX":"3","38":"3"},"W3":{"M8":"3"},"P5":{"V9":"3","WX":"3","XH":"3","PG":"3","PF":"3","Q9":"3","W5":"3","Q6":"3","PJ":"3","XG":"3","H3":"3","W7":"3","XJ":"3","XC":"3","QC":"3","HM":"3","V5":"3","X8":"3","W8":"3","P3":"3"},"J6":{"3G":"3"},"P2":{"X8":"3"},"Q2":{"66":"3","R8":"3","45":"3","47":"3","3J":"3"},"M7":{"GG":"3","WP":"3"}},"JX":{"FJ":{"Q4":"3"},"59":{"VV":"3"},"5H":{"GX":"3"}},"2J":{"2X":{"Q9":"3"},"Q6":{"RC":"3"},"3X":{"8C":"6|3","8F":"6","48":"3","37":"3","9J":"3","7X":"3","6W":"3","3R":"3","9C":"6","5H":"3","9M":"3"},"HH":{"2F":"3"},"3W":{"Q6":"6"},"4V":{"JF":"3"},"8P":{"6Q":"3"},"2W":{"V3":"3"},"HG":{"8W":"3"},"R5":{"QH":"3","P7":"3"}},"V6":{"2X":{"JF":"3"},"G3":{"FF":"3","9J":"3","26":"3"},"F3":{"X6":"3","R2":"3","R9":"3","W9":"3","W4":"3"},"G2":{"6Q":"3"},"F2":{"WX":"3","VX":"6","QF":"3"},"WQ":{"VH":"3"},"J5":{"QX":"3"},"FC":{"PJ":"3"}},"FF":{"VG":{"RQ":"3"},"WV":{"VW":"3"},"HR":{"7M":"3"},"PP":{"XQ":"3"},"GW":{"89":"3"},"QC":{"3J":"3"},"XQ":{"53":"3"},"WQ":{"RF":"3"},"H8":{"VH":"3"},"H9":{"MX":"3"},"HC":{"P3":"3"},"PC":{"W8":"3"},"82":{"PX":"3"},"HF":{"G9":"3"},"RF":{"Q5":"3"},"GX":{"QR":"3","QW":"3","QV":"3"}},"GP":{"G2":{"5P":"3","4Q":"3"}},"GM":{"7W":{"W4":"3"},"5F":{"HQ":"3"},"9X":{"2Q":"3"},"JQ":{"QX":"3"},"XP":{"C8":"3"},"J7":{"HV":"3"},"J8":{"G8":"3"},"VM":{"GR":"3","GQ":"3"},"94":{"CM":"3"},"PM":{"76":"3"},"28":{"QF":"3"},"V4":{"86":"3"}},"PG":{"QX":{"G6":"3","G5":"3","F5":"3","F6":"3"}},"8P":{"CW":{"V3":"3","Q7":"3","V2":"3","W7":"3","R7":"3","V8":"3","V4":"3","W8":"3"},"CV":{"MJ":"3","VV":"3","WJ":"3","VP":"3","WM":"3","WP":"3","VW":"3"},"FV":{"2M":"3"},"V9":{"XP":"3","RM":"3"},"3J":{"RR":"3"},"4P":{"WX":"3"},"W9":{"2F":"6","2C":"6"},"5Q":{"7H":"3"},"W7":{"CM":"3"}},"4X":{"47":{"F4":"3"},"RV":{"M8":"3","J9":"3"},"76":{"4J":"3"},"QV":{"C3":"3"},"6G":{"VP":"3"},"PJ":{"WJ":"3"},"MX":{"W3":"3"},"JP":{"Q3":"3"},"9J":{"XM":"3"},"6Q":{"XQ":"3"}},"5P":{"WX":{"JG":"3"},"P8":{"MP":"3"}},"QX":{"PC":{"6G":"3"}},"52":{"QJ":{"8F":"3"},"GQ":{"Q3":"3"},"3J":{"5F":"3","4Q":"3","3R":"3"},"2J":{"XP":"3","WC":"3"},"9P":{"3R":"3"},"8G":{"VQ":"3"},"RJ":{"4X":"3","PX":"3","2C":"3"},"XC":{"VV":"3"},"73":{"XX":"3"},"WX":{"PP":"3"},"CW":{"3J":"3"},"CX":{"3Q":"3"},"XM":{"GM":"3"},"8H":{"6X":"3","VC":"3","6R":"3"},"8X":{"X3":"3"},"9J":{"JC":"3"},"6W":{"H9":"3"},"QM":{"Q7":"3","V5":"3"},"G2":{"M6":"3"},"74":{"X2":"3"},"8F":{"CW":"3"},"CH":{"4Q":"3"},"9H":{"F8":"3","MJ":"3","C2":"3","FH":"3","VM":"3","F3":"3"},"RR":{"67":"3"},"9X":{"G7":"3","M8":"3","HJ":"3","HH":"3","H8":"3","RJ":"3","Q3":"3","QR":"3"},"CV":{"HQ":"3"},"PP":{"CF":"3"},"4P":{"8J":"3"}},"P7":{"59":{"66":"6","67":"6"}},"7W":{"8F":{"J2":"3"},"98":{"2Q":"3"},"99":{"43":"3"},"88":{"XX":"3"},"89":{"X6":"3","8P":"3","X9":"3","8M":"3","X7":"3","W6":"3","7M":"3","7P":"3","7Q":"3"},"C8":{"V7":"3","W7":"3","W6":"3"}},"7C":{"62":{"VV":"3"},"52":{"9C":"3"},"R8":{"47":"6","3C":"3"},"R9":{"22":"3"},"PM":{"5Q":"3"},"RJ":{"6X":"3"}},"4Q":{"2F":{"G9":"3"}},"M8":{"MQ":{"JX":"3"},"6W":{"9V":"3","8V":"3"},"MP":{"MF":"3"},"PM":{"8F":"3","87":"3","88":"3","C5":"3","89":"3","F4":"3","F5":"3","F6":"3"}},"9J":{"GC":{"83":"3"}},"JR":{"H2":{"64":"3"},"2P":{"2Q":"3"},"7Q":{"VF":"3"}},"F8":{"X9":{"GG":"3"},"HW":{"JJ":"3"},"QP":{"V2":"3"},"V6":{"2R":"3"},"V8":{"MP":"3"},"QF":{"HM":"3"},"X5":{"R9":"3"},"MF":{"47":"3"},"M9":{"V7":"3","8H":"3","9C":"3"},"HG":{"PR":"3"},"MG":{"M8":"3"},"W7":{"6Q":"3"},"Q7":{"82":"3"},"PJ":{"5W":"3"},"M8":{"49":"3","3Q":"3"},"H9":{"CC":"3"},"JG":{"43":"3","4C":"3"},"HM":{"9G":"3","G9":"3"},"J9":{"52":"3","F7":"3","86":"3","P9":"3"},"MH":{"CF":"3","28":"3"},"HC":{"V2":"3","W6":"3"},"W9":{"J6":"3"},"QM":{"VQ":"3"},"VC":{"H3":"3"},"Q5":{"M8":"3"},"MC":{"4G":"3"},"Q3":{"7W":"3"},"JH":{"CH":"3"},"J8":{"9C":"3","7M":"3"},"PP":{"GR":"3"},"M6":{"6X":"3"},"M7":{"6V":"3"},"R7":{"JR":"3"},"X8":{"X5":"3"}},"MH":{"C4":{"PQ":"3"},"92":{"VH":"3"},"C6":{"W7":"3"}},"C9":{"HJ":{"WG":"3"},"5M":{"X5":"3"},"JM":{"7M":"3"},"F9":{"MF":"3"}},"FR":{"25":{"XM":"3"},"56":{"7V":"3"}},"73":{"4G":{"9V":"3","7X":"3"},"G5":{"R2":"3"},"29":{"64":"3"},"9W":{"V8":"3"},"7C":{"69":"3","54":"3","44":"3","59":"3","83":"3"},"JC":{"R4":"3"},"6P":{"H9":"3","WM":"3","VM":"3"},"79":{"5J":"3","3R":"3","3V":"3","6P":"3","7R":"3","Q2":"3","3W":"3","6R":"3","2V":"3","2C":"3"},"54":{"3W":"3"},"57":{"FQ":"3","7V":"3","FH":"3","GQ":"3"},"8F":{"VF":"3"},"6G":{"PF":"3","MG":"3"},"5C":{"7M":"3","8R":"3","53":"3","FJ":"3","C8":"3","RV":"3","F3":"6","52":"3|6","97":"3","25":"3","43":"6|3","33":"3","6J":"3","88":"3","57":"3","86":"3","62":"3","56":"3","37":"3","F7":"3","36":"3|6","63":"3","73":"3","85":"3","44":"3","96":"3","34":"3","95":"3","94":"3","4R":"3","6M":"6|3","CF":"3","65":"3","C7":"3","79":"3","54":"3","49":"3","93":"3","59":"3","66":"3","87":"3","F2":"6","39":"3","64":"3","3C":"3","5V":"3","M5":"3","72":"3","98":"3","77":"3|6","C2":"6","8C":"3","92":"3","82":"6|3","2C":"3","5X":"3","JH":"3","45":"3","28":"3","PC":"3","35":"3|6","6Q":"3","G3":"3","29":"3","CV":"3","6V":"3","26":"3","G7":"3","C3":"3","55":"3|6","83":"3|6","32":"3","5G":"3","84":"3","89":"3"},"5F":{"79":"3","96":"3","Q8":"3","Q9":"3","62":"6|3","F2":"3","C5":"3","R7":"3","XQ":"3","WQ":"3","95":"3","C3":"3","C4":"3","94":"3","85":"3","74":"3","53":"6","82":"3","93":"3","84":"3"},"67":{"34":"3","P2":"3"},"59":{"8C":"3","4G":"3","CQ":"3","CX":"3","9W":"3","7C":"3","4X":"3","HW":"3","79":"3","8R":"3","5V":"3","7W":"3","57":"3","C5":"3","JX":"6|3","W2":"3","MW":"3","78":"3|6","CW":"3","5P":"3","6G":"3","5M":"3","75":"3","G7":"3","7F":"3","39":"3","38":"3","2Q":"3","6M":"3","X7":"3","V3":"3","6X":"3","28":"3","9R":"3","5Q":"3","55":"3","2R":"3","H4":"3","8X":"3","4W":"3","FW":"3","7P":"3","6H":"3","8P":"3","8H":"3","9C":"3","GF":"3","77":"6|3","H7":"3","JM":"3","97":"3","8M":"3","9X":"3","98":"3","65":"3","4V":"3","99":"3","HM":"3","2J":"3","4M":"3","R7":"3","5X":"3","89":"3","4C":"6","88":"3","9Q":"3","7X":"3","7R":"3","VJ":"3","6J":"3","9M":"3","87":"3","27":"3","HX":"3","C7":"3","HP":"3","F2":"3","8W":"3","MR":"3"},"2M":{"J7":"3"},"55":{"RV":"3","Q2":"3","VP":"3","Q6":"3","J3":"3"},"25":{"53":"3"},"96":{"MQ":"3","MV":"3"},"33":{"VP":"3","3V":"3"},"7P":{"3M":"6","2J":"3"},"6Q":{"R4":"3"},"2F":{"WQ":"3","PR":"3","MQ":"3","MR":"3","PQ":"3","MP":"3"},"43":{"H2":"3"},"6H":{"M4":"3","J5":"3","MR":"3","M5":"3","J4":"3","MV":"3"},"CM":{"V3":"3"},"9P":{"Q9":"3","PW":"3","QW":"3","PX":"3","QX":"3"},"66":{"MQ":"3"},"8H":{"6X":"3","77":"3"},"49":{"53":"3","V6":"3","QG":"3","QJ":"3","9P":"3","VF":"3","WF":"3","VJ":"3","RH":"3","WH":"3","H8":"3","VG":"3","VH":"3","QW":"3","X7":"3","W3":"3","R9":"3","4P":"3","PF":"3"},"3R":{"H8":"3"},"F8":{"PJ":"3"},"C8":{"P3":"3"},"J8":{"R4":"3"},"9F":{"6F":"3"},"7G":{"W6":"3"},"3J":{"G4":"3","G3":"3","G5":"3","P9":"3"},"4J":{"76":"3","8G":"3","86":"3","6F":"3","57":"3","56":"3","7G":"3"},"69":{"XH":"3","QH":"3","VP":"3"},"2J":{"HR":"3"},"47":{"VM":"3"},"C6":{"67":"3"},"58":{"47":"3","PP":"3","F7":"3","QC":"3","M3":"3","V3":"3","JW":"3","5F":"3","69":"3","XC":"3","G6":"3","H9":"3","RR":"3","GC":"3","9P":"3","72":"3","FX":"3","X7":"3"},"68":{"82":"3"},"37":{"8C":"3","6H":"3"},"89":{"G3":"3","MF":"3"},"88":{"8R":"3","VP":"3"},"4C":{"X9":"3","V5":"3","8Q":"3","V8":"3","W4":"3","QF":"3","X6":"3","8P":"3","JM":"3","M2":"3","P6":"3","X4":"3","7H":"3","7X":"3","65":"3","V9":"3","WP":"3","Q4":"3","V7":"3","R8":"3","R6":"3","H7":"3","V4":"3","W8":"3","W5":"3","W9":"3","J5":"3","M5":"3","R3":"3","QR":"3","P7":"3","W6":"3","WR":"3","M6":"3","R7":"3"},"2C":{"PV":"3"},"9Q":{"M3":"3","Q2":"3","Q3":"3","M2":"3","P2":"3","P3":"3"},"7V":{"JW":"3","WV":"3","MW":"6","C6":"3"},"HH":{"FM":"3"},"3C":{"H2":"3","G3":"3"},"M8":{"2H":"3","JQ":"3"},"4Q":{"47":"3"},"46":{"VG":"3"},"9G":{"FQ":"3","FR":"3","CR":"3","CQ":"3"},"4F":{"5P":"3","M3":"3","J2":"3","73":"3","FG":"3","74":"3","H7":"3","M2":"3","C3":"3","Q5":"3","J3":"3","P2":"3","2R":"3"},"M7":{"6G":"3","2M":"3","7G":"3"},"27":{"65":"3"},"8J":{"CJ":"3","9J":"3","9H":"3","92":"3","CH":"3"},"84":{"46":"3"},"4H":{"C5":"3"},"48":{"HQ":"3","VV":"3","3V":"3","PW":"3","2V":"3","X3":"3","VW":"3","RJ":"3"}},"JH":{"FQ":{"27":"3","28":"3","3F":"3","39":"3","2J":"3","29":"3","2F":"3","38":"3","37":"3","2C":"3","26":"3"},"CQ":{"XG":"3"}},"P2":{"7W":{"5C":"3","59":"3"},"V4":{"XM":"3"}},"3J":{"F2":{"9C":"3"},"JP":{"HC":"3"},"WJ":{"V8":"3"},"53":{"M4":"3"},"23":{"2V":"3"},"PM":{"JR":"3","HR":"3"},"J3":{"9H":"3"},"P7":{"FH":"3"}},"7M":{"HH":{"XH":"3","XJ":"3"},"8F":{"QQ":"3"},"25":{"5P":"3","4Q":"3","J2":"3","75":"3"},"37":{"62":"3","47":"3"},"2G":{"27":"3"},"FF":{"H4":"3","P8":"3","C6":"3"},"JH":{"2H":"3","2J":"3"},"4G":{"RX":"3"},"27":{"GM":"3","GJ":"3","FJ":"3","GH":"3","JJ":"3","HG":"3","FH":"3","PQ":"6","PP":"6","VJ":"6","JG":"3","RJ":"6"},"26":{"5P":"3"},"24":{"9C":"3"},"2W":{"HR":"3"},"4H":{"R2":"3","P4":"3"},"42":{"7R":"3"},"6G":{"X7":"3"},"2C":{"J7":"3","6G":"3","94":"3"},"73":{"63":"3"},"9G":{"8Q":"3"},"72":{"CM":"3","CP":"3","8J":"3","9P":"3","JF":"3","9M":"3","J9":"3"},"29":{"3F":"3","2Q":"3","39":"3","37":"3","2P":"3","GJ":"3","4H":"3","6G":"3","23":"3","6F":"3","2M":"3"},"28":{"6P":"3","WJ":"3","7H":"6","79":"3","6H":"6","6G":"3","6Q":"3","5Q":"3","32":"3","7G":"3"},"47":{"H5":"3","GJ":"3"},"65":{"66":"3","59":"3"},"7G":{"48":"3"}},"57":{"82":{"9V":"3","9R":"3"}},"PH":{"73":{"9R":"3"}},"2M":{"PG":{"FV":"3"},"3P":{"8G":"3","7G":"3"},"68":{"XC":"3"},"32":{"26":"3","53":"3"}},"RX":{"H9":{"52":"3"},"VV":{"V2":"3"},"PG":{"V6":"3","R6":"3","V5":"3","R5":"3"},"VM":{"HV":"3"}},"6Q":{"R3":{"QG":"3"}},"47":{"5J":{"6Q":"3"},"3R":{"JX":"3"},"4M":{"9G":"3","C8":"3"}},"M4":{"M3":{"2R":"3"}},"F6":{"RW":{"6C":"3"},"MM":{"63":"3"},"W5":{"WG":"3"},"HX":{"VF":"3","8X":"3"},"W2":{"JW":"3"},"W3":{"J6":"3"},"RR":{"8M":"3"},"Q7":{"95":"3"},"HG":{"XG":"3","GH":"3"},"W7":{"VC":"3"}},"M9":{"RQ":{"JJ":"3","GP":"3"},"P6":{"5W":"3"},"W3":{"7W":"3"}},"79":{"6X":{"Q2":"3","Q5":"3"},"3V":{"8Q":"3","9Q":"3","9M":"3"},"99":{"5F":"3"},"67":{"43":"3","42":"3"},"74":{"CC":"3"},"57":{"X6":"3"},"3W":{"RC":"3"}},"6P":{"X4":{"HR":"3"},"5M":{"FV":"3"}},"H7":{"F4":{"WH":"3"},"47":{"2C":"3"},"HM":{"RH":"3"},"F2":{"C4":"3"},"P5":{"RH":"3"},"MM":{"C6":"3"},"FP":{"7P":"3"},"9G":{"2J":"3"},"P2":{"G7":"3"},"99":{"M7":"3"},"6R":{"28":"3"},"48":{"44":"3"},"C2":{"M3":"3"},"8M":{"JJ":"3"},"FG":{"6V":"3"},"GF":{"PV":"3"},"43":{"P5":"3"}},"PV":{"WJ":{"XH":"3"},"H2":{"G7":"3"},"8J":{"PC":"3"},"WQ":{"6M":"3","CF":"3","66":"3","76":"3","55":"3","CG":"3","77":"6"},"WP":{"7V":"3","7P":"3","7Q":"3"},"WH":{"P8":"3"},"CH":{"8C":"3"}},"R6":{"P8":{"JM":"3"},"PW":{"G8":"3","4X":"3"},"QM":{"CQ":"3"},"VG":{"MM":"3"}},"4W":{"VG":{"6X":"3"},"7X":{"G2":"3","F3":"3"},"2P":{"HH":"3"},"HW":{"7W":"3","8F":"3","7V":"3","9H":"3","MQ":"3","6W":"3","7J":"3"},"VH":{"62":"3","52":"3"},"XJ":{"WX":"3","VV":"3","MG":"3"},"WH":{"67":"3","FW":"3","45":"3","F7":"3","G5":"3","8J":"3","97":"3","9G":"3","J7":"3","G4":"3","CQ":"3","CP":"3","CH":"3","98":"3","9F":"3","9P":"3","CC":"3","66":"3","9J":"3","9C":"3"},"2R":{"M2":"3"},"2Q":{"MX":"3"}},"HV":{"83":{"8X":"3"}},"7R":{"7R":{"98":"3"},"9X":{"48":"3","37":"3"},"8Q":{"43":"3","54":"3","45":"3","53":"3"},"7V":{"84":"3"},"9W":{"6Q":"3"}},"8J":{"69":{"R2":"3","V2":"3"},"68":{"VX":"3","RX":"3"}},"8R":{"HG":{"F5":"3"}},"CR":{"WR":{"2H":"3"},"HJ":{"VM":"3"},"HG":{"H3":"3"}},"HX":{"93":{"JQ":"3"}},"2Q":{"VM":{"7M":"3"},"QP":{"RP":"3","V3":"3","VP":"3","67":"3","M2":"3","65":"3"},"RM":{"HC":"3"},"QM":{"8C":"3","RW":"3","8M":"3","7J":"3","7M":"3","7P":"3"},"RH":{"FX":"3","GW":"3","HX":"3","GX":"3"},"PM":{"93":"3","94":"3"},"RJ":{"F2":"3","42":"3","G2":"3","65":"3"},"VH":{"67":"3"},"RQ":{"44":"3"},"P4":{"FC":"3"}},"GG":{"7V":{"RR":"3"},"RR":{"6V":"3"},"92":{"2X":"3"},"XJ":{"GV":"3"},"VJ":{"VM":"3"}},"2G":{"H2":{"RF":"3"}},"WW":{"22":{"G6":"3"}},"7J":{"6V":{"JX":"3"},"V6":{"M8":"3"},"V5":{"FV":"3"},"4M":{"XM":"3"},"22":{"5G":"3"},"6W":{"G6":"3","J2":"3"},"2R":{"99":"3","J8":"3"},"R5":{"X9":"3","WC":"3","XF":"3","XC":"3","W9":"3","WF":"3"},"2M":{"2F":"3","2C":"3"}},"H4":{"7R":{"X9":"3","VP":"3","X7":"3","X5":"3"},"8R":{"33":"3","57":"3","64":"3"},"8Q":{"5X":"3","F7":"3"}},"QJ":{"GG":{"W8":"3","HR":"3","M8":"3","GV":"3","J8":"3","H7":"3","H8":"3","P8":"3","M9":"3","P4":"3","W9":"3","HF":"3","H6":"3","HG":"3","P9":"3"},"HH":{"46":"3"},"FM":{"FW":"3"}},"7H":{"H9":{"85":"3"},"25":{"PG":"3","MG":"3"},"XG":{"P5":"3"},"XF":{"QF":"3"},"2J":{"F8":"3","C9":"3","F9":"3","CC":"3","FC":"3","C8":"3"}},"5F":{"RQ":{"R2":"3"},"7F":{"67":"3"},"RP":{"RX":"3"},"79":{"J4":"3","QC":"3","JF":"3","MF":"3","WM":"3","M2":"3","MP":"3","JJ":"6","MJ":"3","WP":"3","PH":"6","PG":"3","M3":"3","MC":"3","MQ":"3","WR":"3","J6":"3","MM":"3","VQ":"3","PM":"3","Q9":"3"},"7C":{"G4":"3","Q3":"3","PC":"3","9Q":"3","P6":"3"},"89":{"3W":"3"}},"3M":{"PG":{"PP":"3"},"76":{"2W":"3"},"J4":{"94":"3"},"95":{"7F":"3","7M":"3"},"J3":{"JW":"3","MJ":"3","9V":"3","CX":"3","FV":"3"}},"H9":{"69":{"2M":"3"},"7F":{"G3":"3"},"4X":{"VP":"3"},"37":{"GP":"3"},"8Q":{"53":"3"},"4G":{"J5":"3"},"2W":{"F8":"3","4F":"3","MV":"3"},"55":{"PG":"3"},"6G":{"6R":"3"},"3R":{"8X":"3"},"5H":{"99":"3"},"57":{"X2":"3"},"4F":{"J8":"3"},"28":{"HF":"3"},"GQ":{"XR":"3"}},"77":{"8Q":{"WF":"3"},"C8":{"RV":"3","PX":"3","QV":"3","JM":"3","JV":"3","PW":"3","M9":"3","PQ":"3","MW":"3","QQ":"3","RP":"3","PJ":"3","JJ":"3","MJ":"3","WP":"3","M8":"3","PH":"3","HQ":"3","RQ":"3","JR":"3","VW":"3","M4":"3","QW":"3","RW":"3","QR":"3","JH":"3","MX":"3","MV":"3","MM":"3","JW":"3","VV":"3","PP":"3","PM":"3"},"F3":{"2W":"3"},"9C":{"39":"3","38":"3"},"88":{"84":"3","C7":"3"},"F7":{"78":"3"},"G9":{"2J":"3"},"99":{"C4":"3","93":"3","92":"3","94":"3","C5":"3","95":"3"},"G8":{"GM":"3","25":"3"},"78":{"F4":"3","F7":"3","C5":"3","FV":"3","F5":"3","C8":"3","C4":"3","F6":"3","C6":"3","C7":"3"},"F9":{"79":"3","68":"3","32":"3"},"FF":{"8J":"3","7J":"3"},"C9":{"X6":"3","M3":"3","R7":"3","R4":"3","Q4":"3","Q2":"3","R3":"3","P2":"3","M2":"3","Q3":"3","P3":"3","Q5":"3","R6":"3","P4":"3","WG":"3","R5":"3"},"77":{"F8":"3"},"8F":{"XV":"3","XW":"3"},"F6":{"XQ":"3","VJ":"3"},"9R":{"QP":"3","68":"3","G5":"6|3"},"G7":{"22":"3"},"FC":{"66":"3"},"F4":{"7H":"3","8M":"3"},"F8":{"V3":"3","R2":"3","3V":"3","R3":"3","4C":"3","R6":"3","W3":"3"},"C6":{"7R":"3","4G":"3"}},"F5":{"XX":{"P7":"3"}},"69":{"5M":{"5Q":"3"}},"74":{"H4":{"MF":"3"},"4G":{"MH":"3"},"65":{"97":"3","99":"3"},"P2":{"CM":"3"}},"83":{"X9":{"WV":"3"},"FJ":{"92":"3"},"47":{"C9":"3"},"V6":{"9V":"3","9W":"3","FR":"3"},"CM":{"MH":"3","HP":"3","VJ":"3","RJ":"3"},"V8":{"33":"3"},"W4":{"HC":"3","JX":"3","72":"3","HV":"3"},"HP":{"G6":"3"},"H3":{"WW":"6"},"CG":{"P2":"3"},"QC":{"79":"3"},"WM":{"M5":"3","P5":"3"},"RJ":{"2C":"3"},"CJ":{"G8":"3","M3":"3","M5":"3","M2":"3"},"63":{"RQ":"3"},"5J":{"M9":"3"},"X3":{"54":"3"},"G9":{"47":"3"},"WX":{"FJ":"3"},"85":{"69":"3"},"Q7":{"RQ":"3","RP":"3","RR":"3","WF":"3"},"6G":{"23":"3"},"CW":{"79":"3","7F":"3","7J":"3","86":"3","28":"3","89":"3","7H":"3","6R":"3","XJ":"3","3H":"3","2H":"3","2F":"3","7C":"3","82":"3","57":"3","6F":"3","2C":"3","9C":"3"},"FR":{"RJ":"3"},"9W":{"VV":"3","WJ":"3","HC":"3","XM":"3","RC":"3"},"CC":{"HM":"3"},"F9":{"GH":"3"},"CF":{"JF":"3","JV":"3"},"FV":{"35":"3"},"V7":{"6J":"3"},"R8":{"5F":"3","37":"3","WW":"3","26":"6","24":"3","78":"3","VX":"3","VW":"3"},"R6":{"WR":"3","VR":"3"},"H7":{"3P":"3","89":"3","2R":"3","W3":"3"},"J7":{"8J":"3"},"H6":{"Q8":"3","HM":"3"},"F2":{"QH":"3"},"W5":{"CV":"3","CR":"3","CW":"3"},"4J":{"C8":"3"},"XF":{"GW":"3","7C":"3"},"J5":{"8X":"3","6V":"3"},"XW":{"9Q":"3"},"CR":{"VF":"3","M6":"3","JM":"3","9F":"3","F5":"3"},"CH":{"MX":"3"},"Q3":{"76":"3","85":"3","23":"6"},"CQ":{"MR":"3"},"JH":{"5F":"3"},"9X":{"V2":"6","JG":"3","V3":"6","V7":"3","R3":"6|3","J6":"3","R2":"6","H8":"3","Q3":"3"},"W6":{"C2":"3","93":"3","G2":"3","C3":"3","F3":"3"},"J6":{"WR":"3"},"P3":{"M4":"3","M3":"3","99":"3","M5":"3"},"5R":{"6X":"3"},"GH":{"F4":"3"},"CV":{"6V":"3","67":"3","9Q":"3","GV":"3","JF":"3","PP":"3","GW":"3","Q6":"3","R7":"3","V7":"3","9W":"3","5F":"3","8W":"3","MC":"3","9R":"3","CQ":"3","8Q":"3","4F":"3","PQ":"3","68":"3","5R":"3","R6":"3","8V":"3","5C":"3","9V":"3","6F":"3","2R":"3","P6":"3","GG":"3"},"J2":{"X3":"3","22":"3"},"P2":{"MJ":"3","R2":"3","MM":"3","9Q":"3"},"Q8":{"W6":"3","X6":"3","3V":"3","R4":"3","R3":"3","36":"3","XC":"3","V4":"3","46":"3","34":"3","X7":"3","W7":"3"},"C3":{"W4":"3"},"M7":{"XC":"3"},"R7":{"39":"6","CF":"3","26":"3"}},"9X":{"JC":{"QX":"3"},"HH":{"57":"3","47":"3"},"7C":{"6G":"3"},"M9":{"QR":"3"}},"JV":{"3F":{"XM":"3"},"4C":{"HX":"3","JV":"3"},"4F":{"4X":"3","Q3":"3","R9":"3","J4":"3"}},"JC":{"25":{"MM":"3"},"7G":{"82":"3"}},"F7":{"GG":{"99":"3"},"XV":{"W6":"3"},"GM":{"V4":"3"},"WW":{"9J":"3"},"H3":{"37":"3"},"HW":{"85":"3","P2":"3"},"QV":{"86":"3"},"GF":{"QX":"3"},"G9":{"Q6":"3"},"F5":{"M9":"3"},"JG":{"4P":"3"},"XX":{"JP":"3"}},"5W":{"6X":{"HQ":"3","JQ":"3"},"9W":{"C8":"3"},"Q3":{"23":"3"},"P2":{"MH":"3","JX":"3","WC":"3","R9":"6","XX":"3"},"P3":{"H5":"3","96":"3","H3":"3"}},"G2":{"C2":{"47":"3"},"87":{"FX":"3","94":"3"},"79":{"CF":"3","82":"3","83":"3"},"52":{"38":"3"},"78":{"QM":"3"},"M9":{"4X":"3"},"93":{"X4":"3"},"MC":{"XC":"3","W8":"3"},"MF":{"XP":"3"},"85":{"M7":"3","P9":"3"},"PC":{"37":"3","73":"3"},"C3":{"26":"3","J6":"3"}},"45":{"8C":{"G4":"3"},"X4":{"6J":"3","6F":"3","7M":"3","63":"3","C6":"3"},"X7":{"78":"3"},"X3":{"CF":"3","CH":"3"}},"5X":{"X6":{"RP":"3","HR":"3","HV":"3"},"V7":{"3R":"3"},"JH":{"M4":"3"},"X8":{"G9":"3"},"JG":{"FQ":"3"},"J9":{"5V":"3"}},"G8":{"8C":{"2V":"3"},"HH":{"R6":"3"},"87":{"CF":"3"},"88":{"XV":"3"},"55":{"56":"3"},"86":{"RQ":"3"},"6F":{"V9":"3"},"22":{"H8":"3"},"JF":{"FV":"3"},"M2":{"7J":"3"},"4F":{"RM":"3","QM":"3"},"C3":{"VX":"3"},"F5":{"G7":"3","6F":"3"},"7G":{"48":"3"}},"54":{"JP":{"R9":"3"},"Q3":{"98":"3","23":"3"},"JM":{"QX":"3"}},"QW":{"X9":{"8P":"3","9J":"3","78":"3","57":"3","77":"3"},"W5":{"WG":"3"},"PX":{"29":"3"},"X8":{"9F":"3","9G":"3"}},"5J":{"J8":{"WG":"3"}},"QQ":{"XP":{"R7":"3"},"GF":{"7H":"3"}},"V8":{"52":{"6H":"3"},"Q6":{"2M":"3","3C":"3"},"53":{"C7":"3"},"P6":{"FJ":"3"},"75":{"G6":"3"}},"93":{"8R":{"H3":"3","J2":"3","M3":"3","J4":"3","J5":"3","M2":"3","J3":"3","H4":"3"},"GP":{"QP":"3","5X":"3","4C":"3","MV":"3","5G":"3"},"FJ":{"44":"3"},"QJ":{"2H":"3","89":"3"},"FH":{"HC":"3"},"9C":{"C6":"3","95":"3"},"HP":{"3X":"3","WV":"3","RR":"3","MQ":"3","FW":"3","FV":"3"},"97":{"J5":"3"},"GQ":{"62":"3","V3":"3","X5":"3","V5":"3"},"22":{"4V":"3"},"2G":{"63":"3"},"M2":{"QF":"3"},"9V":{"37":"3"},"RJ":{"55":"3"},"JP":{"4J":"3","5P":"3","5R":"3","4R":"3","6R":"3","5V":"3","2R":"3"},"P6":{"J8":"3","9M":"3"},"4M":{"4X":"3","3M":"3"},"99":{"FR":"3","5V":"3","FW":"3"},"85":{"XF":"3"},"FM":{"JW":"3","PW":"3","PX":"3"},"FP":{"H4":"3","J2":"3","M2":"3","P9":"3"},"94":{"F5":"3"},"3M":{"CW":"3","QM":"3","QJ":"3"},"XM":{"J7":"3","XW":"3","G5":"3"},"RP":{"V2":"3","R3":"3"},"7X":{"8V":"3","FV":"3"},"CF":{"W5":"3","W7":"3"},"65":{"QG":"3"},"HQ":{"33":"3","M2":"3","32":"3"},"XQ":{"39":"3","38":"3","29":"3","28":"3"},"49":{"7V":"3","6V":"3","5V":"3"},"VM":{"3X":"3"},"93":{"5H":"3"},"WQ":{"WX":"3","XW":"3","X8":"3","XX":"3"},"98":{"6Q":"3"},"F6":{"CC":"3"},"92":{"H2":"3","G2":"3"},"2C":{"C6":"3","4W":"3","F5":"3"},"PV":{"35":"3","45":"3","47":"3"},"45":{"5W":"3"},"WR":{"X2":"3"},"VP":{"43":"3","53":"3","42":"3","83":"3"},"29":{"GR":"3","HG":"3","Q5":"3"},"J2":{"MP":"3"},"8W":{"M4":"3","M3":"3"},"RM":{"XC":"3"},"FC":{"FJ":"3"},"2F":{"79":"3","5M":"3","6G":"3"},"C3":{"GW":"3"},"8V":{"PV":"3","QW":"3","QV":"3"},"C4":{"M5":"3"},"4P":{"42":"3"},"89":{"RJ":"3"},"3F":{"PG":"3","P9":"3"}},"8C":{"F2":{"XV":"3"},"9V":{"23":"3"},"27":{"RJ":"3"},"99":{"WG":"3","WF":"3"},"CC":{"Q8":"3","P7":"3"},"G2":{"2V":"3"},"8V":{"X4":"3"},"VJ":{"8X":"3"},"PH":{"2C":"3"}},"HJ":{"5X":{"G6":"3","F7":"3"},"5J":{"44":"3","2X":"3","2G":"3","26":"3"},"J4":{"HR":"3"},"FR":{"38":"3"},"FM":{"8F":"3","9F":"3"},"7V":{"9F":"3","9C":"3"},"J5":{"H4":"3","H6":"3","G7":"3","J6":"3"},"2V":{"C4":"3"},"CQ":{"7C":"3","7P":"3"},"3H":{"XR":"3","XQ":"3","R6":"3","QM":"3","VQ":"3","QJ":"3"},"53":{"84":"3"},"5R":{"FX":"3","FW":"3"},"9P":{"MC":"3"},"3J":{"X9":"3","97":"3","X6":"3","JF":"3","M9":"3","WF":"6","F9":"3","Q4":"3","FF":"3","WQ":"3","WG":"6","HC":"3","M5":"3","Q5":"3","JH":"3","HF":"3","P3":"3","M6":"3"},"4Q":{"X6":"3"},"2Q":{"Q2":"3"},"4H":{"2H":"3","6V":"3","9R":"3"}},"G6":{"MJ":{"9G":"3"},"V2":{"QW":"3"},"27":{"6R":"3"},"GW":{"C2":"3"},"8G":{"MM":"3"},"4M":{"5R":"3","4V":"3","4R":"3","5V":"3"},"7R":{"XM":"3"},"PR":{"QG":"3"},"9H":{"RP":"3"},"4R":{"F8":"3","H4":"3","8P":"3","H5":"3","98":"3","58":"3","8M":"3","9P":"3","9C":"3","9M":"3"},"PX":{"RR":"3","XJ":"3"},"5M":{"86":"3","74":"3"},"4W":{"8R":"3"},"4P":{"VJ":"3","RG":"3"},"4Q":{"JJ":"3","FH":"3","6Q":"3","GX":"3","CH":"6"},"9J":{"FQ":"3","8V":"3"},"QX":{"3G":"3"}},"GJ":{"WV":{"J9":"3"},"VQ":{"9C":"3"},"Q9":{"4H":"3"},"XQ":{"4G":"3","4H":"3","4F":"3"},"PR":{"HW":"3"},"36":{"Q7":"3"},"XC":{"5J":"3"},"C3":{"M4":"3","M5":"3"},"HC":{"H7":"3"},"XJ":{"V9":"3","VC":"3","V8":"3"},"2F":{"5M":"3"},"PQ":{"RX":"3"},"F6":{"Q3":"3"},"QR":{"3X":"3","4J":"3","4M":"3"},"QQ":{"42":"3"},"5Q":{"MP":"3"},"HG":{"7P":"3"},"34":{"76":"3"},"2C":{"R4":"3"}},"6G":{"WX":{"CF":"3"},"WR":{"C2":"3"},"WC":{"2V":"3","3W":"3"},"WF":{"9M":"3"}},"87":{"F8":{"HF":"3","PJ":"3","GF":"3","QM":"3","G9":"3"},"XV":{"HP":"3"},"XR":{"87":"3"},"VV":{"QF":"3"},"XQ":{"3M":"3"},"37":{"47":"3"},"VR":{"GX":"3"},"GR":{"WC":"3"},"7C":{"PM":"3"},"WQ":{"GG":"3"},"V2":{"9C":"3"},"WC":{"WG":"3","VM":"3","VJ":"3","RJ":"3"},"HW":{"FW":"3"},"F9":{"M4":"3"},"CR":{"H6":"3"},"XF":{"VF":"3","RF":"3"},"R9":{"9J":"3"},"FG":{"4G":"3","3F":"3","3G":"3","4C":"3","4F":"3","2F":"3","2G":"3","3C":"3"},"VW":{"33":"3"},"C8":{"2G":"3"}},"W8":{"G5":{"4C":"3"}},"HC":{"2X":{"5X":"3","4Q":"3","4R":"3","5W":"3"},"7J":{"R8":"3"},"3Q":{"8F":"3"},"GV":{"97":"3","77":"3"},"G2":{"FF":"3"},"7X":{"P5":"3"},"3V":{"H8":"3","VH":"3"},"P2":{"P6":"3"},"FF":{"G6":"3"},"VH":{"CP":"3","FM":"3","FP":"3"},"CQ":{"VQ":"3"},"29":{"49":"3","93":"3","W7":"3"},"33":{"H7":"3"},"5V":{"MC":"3"},"4W":{"39":"3"},"2G":{"44":"3"},"FJ":{"7V":"3"},"32":{"73":"3"},"CR":{"XV":"3"},"42":{"G8":"3"},"2C":{"C4":"3"},"HP":{"PH":"3"}},"J6":{"VC":{"7C":"3"}},"HR":{"6M":{"QM":"3"},"3X":{"9C":"3"},"35":{"M9":"3"},"24":{"JF":"3"},"4H":{"XR":"3"},"23":{"XH":"3","MR":"3"},"C5":{"9G":"3"},"9M":{"G8":"3"},"V4":{"93":"3"},"F6":{"54":"3"}},"4M":{"G3":{"4Q":"3"},"92":{"JQ":"3","59":"3","HM":"3"}},"JQ":{"9V":{"87":"3"},"58":{"7F":"3"},"74":{"GP":"3"},"65":{"3V":"3","2V":"3","3R":"3","2R":"3"}},"F3":{"85":{"FH":"3"},"5V":{"WW":"3","GC":"3","C7":"3","F5":"3"}},"H2":{"75":{"FV":"3"}},"PR":{"GM":{"8P":"3"},"RP":{"4M":"3"},"CF":{"MJ":"3","MW":"3","QW":"3","MX":"3","JG":"3"},"4R":{"M6":"3"},"FM":{"JX":"3","FW":"3"},"FP":{"M7":"3","M8":"3","J6":"3","P7":"3"},"CC":{"RV":"3","RJ":"3"},"9R":{"Q6":"3"},"CG":{"M4":"3","Q9":"3","Q2":"3","V6":"3","QC":"3","Q5":"3","P2":"3"}},"99":{"QR":{"JR":"3"},"RX":{"GQ":"3"},"C5":{"H9":"3"},"G5":{"XV":"3"},"C3":{"54":"3","44":"3"},"MG":{"MH":"3"}},"P9":{"3G":{"C3":"3"}},"55":{"5J":{"G5":"6","Q6":"3","X9":"3","G6":"6","X8":"3","F8":"3","4W":"3","H6":"6","5W":"3","H5":"6"},"6J":{"HM":"3","3Q":"3","G2":"3","6J":"3","8J":"3","6P":"3","HJ":"3","7M":"3","FF":"6","F9":"3","4R":"3","H9":"3","G4":"3","JJ":"3","GM":"3","4X":"3","7P":"3","8P":"3","8M":"3|6","6M":"3","4W":"3","5R":"3","FJ":"3","9M":"3","5Q":"3","CF":"6","CC":"6","RC":"3","26":"3","4Q":"3","8H":"6","9J":"3"},"4V":{"GC":"3","GF":"3"},"6H":{"5W":"3","GX":"3"},"2F":{"F4":"3"},"5H":{"JP":"3","CP":"3","HV":"3"},"6M":{"PG":"3","JG":"3","22":"3","95":"3","PF":"3","23":"3","J3":"3"},"24":{"F9":"3","3Q":"3"}},"3F":{"3M":{"FJ":"3","FH":"3"},"GR":{"J6":"3"},"GQ":{"HQ":"3"}},"6V":{"96":{"FR":"3"},"98":{"M8":"3"},"97":{"4V":"3","4R":"3"},"QF":{"98":"3"}},"8M":{"78":{"F3":"3"},"9F":{"XJ":"3"}},"7P":{"WF":{"52":"3"},"CW":{"HQ":"3"},"P5":{"7V":"3"},"3F":{"87":"3"},"76":{"CP":"3"},"99":{"C7":"3"},"P8":{"7H":"3","9R":"3"},"2J":{"24":"3","34":"3"},"VH":{"FJ":"3"},"3H":{"2J":"3"},"2H":{"WM":"6","XJ":"3","XM":"3"},"37":{"RX":"3"},"23":{"2Q":"3","4R":"3","2R":"3"},"3J":{"53":"3"},"P7":{"HR":"3"},"P9":{"J8":"3"}},"JJ":{"P3":{"89":"3"}},"46":{"94":{"9G":"3"}},"75":{"CM":{"43":"3"},"9V":{"68":"3"},"H6":{"P8":"3"},"9W":{"68":"3"},"C6":{"54":"3"}},"9R":{"R8":{"4W":"3"}},"43":{"55":{"PH":"3"},"56":{"P9":"3"},"7G":{"V9":"3"}},"3C":{"Q9":{"R2":"3"},"R8":{"4V":"3"},"R9":{"9F":"3","95":"3","75":"3"}},"GR":{"XF":{"C9":"3","2X":"3","2W":"3"},"WJ":{"RH":"3","W4":"3","V4":"3"},"VM":{"XV":"3"},"WF":{"XX":"3"},"QC":{"43":"3"},"XR":{"52":"3"},"RM":{"4V":"3","4W":"3"},"XQ":{"P8":"3","6X":"3","XG":"3"},"WQ":{"P6":"3"},"QV":{"6C":"3"},"XJ":{"35":"3","27":"3"},"XW":{"6F":"3"},"XH":{"2M":"3"},"WH":{"GP":"3","H3":"3","MG":"3","XV":"3","QX":"3","G9":"6","Q7":"3","FP":"3","XQ":"3","R6":"3","J7":"6","Q6":"3","R5":"3","Q5":"3","H2":"3","VP":"6|3","J8":"6|3","Q8":"3","M7":"3"},"PW":{"VM":"3"},"XV":{"2X":"3","4V":"3","5M":"3","GV":"3","3R":"3","3Q":"3"},"XG":{"58":"3","22":"3"},"WG":{"FJ":"3","87":"3","88":"3","X7":"3","JV":"3"},"QW":{"25":"3"}},"67":{"RM":{"57":"3"}},"HH":{"7R":{"6P":"3"},"5C":{"7H":"3"},"78":{"V5":"3"},"2V":{"4J":"3","4M":"3"},"7G":{"54":"3"},"3J":{"MJ":"3","PJ":"3"}},"C3":{"Q9":{"Q2":"3"},"CH":{"XP":"3"}},"53":{"R2":{"37":"3"},"Q2":{"WH":"3"},"92":{"GW":"3"},"VW":{"X8":"3"}},"R8":{"HH":{"3G":"3","PF":"3","P8":"3","Q8":"3","PC":"3","RM":"3","P9":"3","JG":"3","RJ":"3"},"GJ":{"G3":"3","J2":"3","V3":"3","V6":"3","V5":"3","R7":"3","W5":"3","VV":"3","HV":"3","W3":"3","X5":"3","V4":"3","M6":"3","W4":"3","P4":"3","HF":"6","M5":"6"},"M9":{"5J":"3","7H":"3","5M":"3","6C":"3","7G":"3"},"CX":{"69":"3","9W":"3"},"GH":{"QR":"3","GR":"3","JX":"3","QV":"3","VM":"6","CQ":"3"},"M5":{"WJ":"3"},"GP":{"XX":"3"},"HV":{"V5":"3"}},"FC":{"4X":{"RQ":"3","VR":"3","RR":"3","QQ":"3"},"RR":{"73":"3","77":"3"}},"Q6":{"CP":{"34":"3"},"9M":{"VV":"3"}},"WX":{"39":{"G6":"3"}},"3P":{"MH":{"VF":"3"},"R7":{"VF":"3"},"PM":{"44":"3"}},"86":{"GJ":{"9J":"3"},"97":{"5P":"3"},"CX":{"6W":"3"},"42":{"3Q":"3"},"6R":{"8X":"3"}},"98":{"45":{"3V":"3"},"9X":{"5V":"3"},"7R":{"27":"3","26":"3"},"5F":{"4M":"3"},"MF":{"QH":"3"},"69":{"C4":"3"},"83":{"X5":"3"},"94":{"9J":"3"},"68":{"8V":"3"},"5H":{"JQ":"3"},"37":{"QG":"3"},"53":{"F9":"3"},"M5":{"GM":"3","FJ":"3","CG":"3","CH":"3"},"6Q":{"RR":"3"}},"63":{"4G":{"57":"3"},"3H":{"Q8":"3","R9":"3","P5":"3","J7":"3","9W":"3","M4":"3","P2":"3","J6":"3","G4":"3","J5":"3","R8":"3","M2":"3","M6":"3","P3":"3","WC":"3","PC":"3","M9":"3","P4":"3","V8":"3","M5":"3","P9":"3","H5":"3","P6":"3"},"2P":{"VR":"3","VC":"3","JX":"3"},"X2":{"QV":"3"},"W2":{"PR":"3"},"QX":{"W3":"3"},"J3":{"5R":"3"},"G7":{"2C":"3"},"R8":{"45":"3"},"3G":{"MW":"3","PW":"3","MM":"3","6H":"3","FM":"3","HG":"3","FH":"3","7J":"3","MR":"3","MP":"3","M5":"3","MV":"3","HR":"3"},"R9":{"89":"3"},"J7":{"59":"3"},"5C":{"PM":"3"},"2M":{"RH":"3"},"2X":{"WG":"3"},"VC":{"R4":"6","W9":"3","V5":"3","V4":"6"},"X8":{"8C":"3","8F":"3","88":"3","9F":"3","9C":"3"},"Q8":{"48":"3"},"XG":{"33":"3","34":"3"},"RM":{"7R":"3","6R":"3","6Q":"3","7P":"3","P3":"3","7Q":"3"},"GF":{"MG":"3","JF":"3","JG":"3","JC":"3","MF":"3","J9":"3","MC":"3","HC":"3","J5":"3","MH":"3","JH":"3","HF":"3"},"C8":{"M3":"3","J4":"3","J3":"3"},"X5":{"89":"3"},"X9":{"96":"3","95":"3"},"V9":{"WV":"3"},"G9":{"6P":"3","5P":"3","6Q":"3","5Q":"3"},"47":{"9Q":"3"},"F7":{"CG":"3","Q5":"3","3H":"3"},"89":{"C2":"3"},"3F":{"FX":"3","VR":"3","PW":"3","RM":"3"},"RH":{"HR":"3","HV":"3"},"46":{"JM":"3"},"V8":{"WP":"3"},"4F":{"HH":"3"},"C7":{"CP":"3","X2":"3","X3":"3","X5":"3"},"XF":{"V9":"3","W5":"3","RG":"3"},"4H":{"79":"3","7C":"3","34":"3"},"R5":{"9C":"3"}},"H8":{"M4":{"PW":"3"},"JR":{"8R":"3"},"GC":{"XQ":"3"},"PR":{"QP":"3"},"PX":{"H7":"3"},"GH":{"25":"3"},"PC":{"PM":"3"},"F4":{"7V":"3"}},"J7":{"4G":{"35":"3"},"GV":{"CF":"3"},"MM":{"WP":"3"},"HJ":{"3X":"3","5Q":"3","GQ":"3"},"QF":{"3H":"3"},"5F":{"23":"3","82":"3"},"49":{"PF":"6|3","RW":"3","WM":"3"},"X3":{"CQ":"3"},"4C":{"WV":"6","67":"3","65":"3","WX":"3","8G":"3","XM":"3","55":"3","WR":"3","68":"3","WM":"3","57":"3","WH":"3","WW":"3","58":"3","RF":"3","CC":"3","66":"3","56":"3","VX":"3"},"4F":{"X4":"3","X3":"3"},"3J":{"FG":"3"},"GJ":{"V5":"3","83":"3"},"59":{"2M":"3"}},"PX":{"49":{"4J":"3"}},"9G":{"RC":{"PG":"3"}},"8H":{"3F":{"8F":"3"},"2G":{"57":"3"},"2H":{"C4":"3","CC":"3","FH":"3"},"2F":{"M7":"3"},"29":{"QG":"3"},"3H":{"RF":"3"},"3J":{"HQ":"3","FR":"3"}},"97":{"7M":{"XV":"3"},"8Q":{"84":"3"},"QJ":{"W2":"3"},"33":{"RF":"3","GQ":"3"},"3G":{"WM":"3"},"3J":{"Q4":"3","X3":"3","QX":"3","HM":"3"},"2G":{"8F":"3"},"4G":{"JR":"3","WF":"3","WX":"3","8G":"3","JW":"3","HJ":"3","J4":"3","9G":"3","XQ":"3","XM":"3","G9":"3","RJ":"3","JX":"3","8Q":"3","9F":"3","P4":"3","FG":"3","8H":"3"},"36":{"WM":"3"},"4H":{"V5":"6","QP":"3","QV":"3","63":"6","VJ":"3","6R":"6","XM":"3","QQ":"3","X2":"3","VG":"3","R6":"3","RQ":"3","MH":"6","XG":"3","RG":"3","VP":"3","9R":"3","7P":"3","J2":"3","P2":"3","Q9":"3","PF":"3"},"5C":{"GR":"3","3Q":"3","8V":"3"},"73":{"WJ":"3","VP":"3","WP":"3","VM":"3","VJ":"3"},"6G":{"7H":"3","74":"3"},"3M":{"Q6":"3","J4":"3"},"2R":{"CG":"3"},"5H":{"9Q":"3","J2":"3","28":"3","C5":"3","5F":"3","4R":"3","VP":"3","94":"3","85":"3","M2":"3","MH":"3","QJ":"3","68":"3","98":"3","PH":"3"},"4F":{"8R":"3","XQ":"3","88":"3","8V":"3","9M":"3","65":"3"},"3P":{"V3":"3"},"5P":{"3M":"3"},"2M":{"HQ":"3"},"5W":{"HH":"3","HC":"3"},"59":{"M3":"3"},"2Q":{"5W":"3"},"9F":{"QX":"3"},"3H":{"X9":"3","Q2":"3","Q3":"3","XC":"3"},"64":{"VG":"3"},"5M":{"H4":"3"},"4J":{"XV":"3","FF":"3","R2":"3","GC":"3","GV":"3","92":"3","JM":"3","CC":"3","G9":"3"},"74":{"7F":"3","2C":"3"},"6F":{"8J":"3","8M":"3"},"6C":{"PV":"3","MR":"3","PQ":"3","PM":"3","QM":"3"},"3V":{"88":"3"},"5F":{"HF":"3","87":"3","5X":"3","78":"3","88":"3","86":"3","6F":"3"},"4C":{"8F":"3","QQ":"3","PQ":"3"},"2W":{"23":"3"},"2P":{"H8":"3","V8":"3"},"4P":{"79":"3","6C":"3"},"5G":{"58":"3","3G":"3","6J":"3","7C":"3","5J":"3|6","4M":"6|3","4W":"3","6R":"3","3M":"3","6H":"3","3X":"3","2R":"3","5H":"3","4R":"3","5P":"3","79":"3","2M":"6","48":"3","6W":"3","JX":"3","5M":"3","6F":"3","3W":"3","6C":"3","5X":"3","MX":"3","4X":"3","5Q":"3","2P":"3","4P":"3","5G":"3"}},"H5":{"8J":{"J5":"3","H5":"3","J4":"3"},"87":{"9V":"3"},"9H":{"G7":"3","8J":"3","89":"3","F5":"3","C3":"3","G6":"3","6C":"3","6F":"3"},"Q6":{"PX":"3","JM":"3"},"76":{"Q3":"3","R3":"3"},"88":{"7F":"3","5C":"3","5R":"3","C2":"3","59":"3","7C":"3","93":"3","92":"3","2C":"3","6F":"3","94":"3","C3":"3"},"9G":{"8C":"3","6X":"3","PV":"3"},"7J":{"HX":"3","GX":"3"},"C7":{"JV":"3"},"89":{"69":"3","G4":"3","FF":"3","C7":"3"}},"92":{"64":{"FF":"3","WC":"3","8G":"3","GF":"3","WF":"3","7G":"3"},"4X":{"49":"3"},"63":{"QR":"6","Q9":"3","WM":"3","J9":"3"},"54":{"VG":"3"},"C5":{"HJ":"3","W5":"3","9F":"3","9G":"3","9M":"3"},"W2":{"Q7":"3","H6":"3","QC":"3","P9":"3"},"Q2":{"V9":"3","8X":"3"},"52":{"28":"3"},"W9":{"WM":"3","X7":"3"},"CV":{"XR":"3"},"F5":{"RM":"3","QM":"3"},"P2":{"G8":"3"},"5M":{"45":"3"},"34":{"HX":"3"},"75":{"FP":"3","23":"3","C5":"3"},"G7":{"JM":"3"},"W3":{"4X":"3","GW":"3","GV":"3"},"62":{"WX":"3","QR":"3","CP":"3","5R":"3","WW":"3","RR":"3","JQ":"3","MM":"3","VX":"3","2F":"3","9P":"3","5Q":"3","MX":"3","PP":"3","7G":"3"},"2H":{"GV":"3","68":"3","7Q":"3"},"5C":{"34":"3"},"V3":{"36":"3"},"6X":{"H4":"3","VV":"3","XW":"3"},"59":{"GW":"3"},"P3":{"VV":"3"},"55":{"36":"3"},"8X":{"HJ":"3","JJ":"3"},"25":{"C9":"3","H5":"3","H6":"3","H7":"3","F6":"3"},"2V":{"MM":"3"},"7P":{"CM":"3","R5":"3"},"V2":{"3W":"3"},"53":{"CP":"3","CJ":"3","HR":"3","JG":"3"},"XG":{"WX":"3","PG":"3","QW":"3"},"26":{"C7":"3","RM":"3","RG":"3"},"2G":{"F2":"3","9V":"3"},"94":{"4V":"3"},"43":{"9P":"3","89":"3"},"C3":{"R4":"3","Q7":"3","Q8":"3"},"66":{"RH":"3","RJ":"3"},"77":{"5C":"3","6G":"3"},"49":{"MW":"3","MV":"3"},"35":{"WQ":"3","WP":"3","XM":"3"},"45":{"2X":"3","37":"3","45":"3","2W":"3"},"2W":{"VG":"3"},"9F":{"W5":"3"},"72":{"2X":"3","49":"3","2W":"3","4P":"3","2M":"3","2J":"3"},"73":{"48":"3","49":"3","37":"3","79":"3","59":"3","4C":"3"},"W4":{"F9":"3","FC":"6"},"24":{"PR":"3","7G":"3"},"65":{"7M":"3"},"C6":{"FQ":"3"},"C4":{"QH":"3"},"37":{"CF":"3","FF":"3","Q5":"3"},"76":{"V6":"3"},"2C":{"J6":"3"},"7X":{"5M":"3"},"3C":{"54":"3","3M":"3","97":"3","55":"3","65":"3","64":"3"},"74":{"7F":"3","7G":"3","8J":"3","69":"3","39":"3","55":"3","78":"3","6C":"3","23":"6","7C":"3","42":"3","8H":"3","43":"3|6"},"46":{"43":"3","44":"3","52":"3","J7":"3","88":"3","J6":"3"},"5W":{"PF":"3"},"CR":{"M9":"3","MC":"3"},"F6":{"R9":"3","J2":"3","C5":"3","QF":"3","C4":"3","94":"3","R8":"3","98":"3","RF":"3","H4":"3","RC":"3"},"84":{"PH":"3"}},"42":{"C8":{"HP":"3","CQ":"3"},"F5":{"PP":"3"}},"23":{"XF":{"9V":"3","JH":"3"}},"CC":{"69":{"FQ":"3","GH":"3","9Q":"3"},"48":{"4C":"3"},"66":{"2X":"3"},"FJ":{"WX":"3"},"7C":{"6X":"3"},"58":{"FV":"3"},"78":{"Q6":"3","V2":"3","5Q":"3","QC":"3","QF":"3"},"4H":{"HQ":"3","JR":"3","GR":"3","JQ":"3","HM":"3","HR":"3","GQ":"3"},"8H":{"6W":"3"},"76":{"HJ":"3","GJ":"3","JV":"3"},"67":{"79":"3","MJ":"3","8F":"3","45":"3","X6":"3","27":"3","28":"3","HJ":"3","5G":"3","7R":"3","9G":"6","R3":"3","22":"3","MF":"3","FV":"3","69":"3","HH":"3","36":"3","F9":"3","G9":"3","44":"3","G6":"3","X5":"3","6R":"3","48":"3","GQ":"3","HC":"3","46":"3","7Q":"3","V9":"3","5H":"3","68":"3","35":"3","37":"3","6M":"3","33":"3","23":"3","57":"3","9M":"3","V8":"3","58":"3","73":"3","25":"3","GF":"3","34":"3","24":"3","26":"3","43":"3"},"88":{"27":"3"},"CC":{"66":"3","65":"3","64":"3"},"MR":{"FC":"3"},"68":{"CM":"3","7F":"3","9G":"3","C7":"3","CQ":"3"},"PM":{"CM":"3"},"57":{"XQ":"3","CF":"3","R2":"3","Q2":"3","W2":"3","9H":"3","X4":"3","X2":"3","R3":"3","X3":"3","W3":"3"},"56":{"QP":"3","RV":"3","QV":"3","RX":"3","PW":"3","XV":"3","WX":"3","PR":"3","MW":"3","WW":"3","RP":"3","PJ":"3","RQ":"3","JX":"3","WV":"3","VW":"3","QM":"3","XW":"3","QW":"3","XX":"3","RW":"3","QR":"3","RR":"3","WR":"3","VR":"3","JW":"3","VX":"3","RM":"3","VV":"3","VQ":"3","PM":"3"},"47":{"9F":"3"},"77":{"R4":"3","M3":"3","PG":"3","MC":"3","PC":"3"}},"QV":{"X8":{"F9":"3","FC":"3"}},"MQ":{"R7":{"9X":"3"},"5G":{"MW":"3"},"5F":{"X6":"3","P8":"3","W2":"3","X7":"3","P9":"3","W4":"3"},"G4":{"V3":"3"},"6C":{"39":"3","2M":"3","2J":"3"},"5C":{"RP":"3","W8":"3","PR":"3","HH":"3","X3":"3","QM":"3","XC":"3","PM":"3","QJ":"3","RQ":"3","M9":"3","WW":"3","WG":"3","R5":"3","W7":"3","QW":"3"},"6F":{"39":"3","37":"3","27":"3","24":"3","34":"3","38":"3"}},"2W":{"QH":{"42":"3","23":"3"},"PG":{"XR":"3","W5":"3"},"G6":{"96":"3","C5":"3","C6":"3","95":"3"},"59":{"25":"3"},"MM":{"JJ":"3"},"PJ":{"89":"3"},"QG":{"4X":"6","5W":"3","2W":"3","4W":"3"},"PH":{"V3":"3","GW":"3","XP":"3","W2":"3","X4":"3","W6":"3","V4":"3","XM":"3"}},"8F":{"66":{"F8":"3"},"4G":{"PH":"3"},"58":{"G6":"3"},"5M":{"C5":"3"},"2F":{"H7":"3"},"4C":{"2Q":"6","2P":"6"},"22":{"9W":"3"},"5H":{"68":"3"},"6V":{"2W":"3"},"57":{"XP":"3"},"4F":{"48":"3","49":"3","9J":"3","59":"3","58":"3","38":"3","57":"3","5V":"3","4W":"3","9M":"3","56":"3","47":"3"}},"QC":{"WV":{"W8":"3"},"WW":{"HF":"3"}},"9H":{"M5":{"9H":"3","WC":"6"}},"6F":{"V6":{"93":"3"},"V5":{"96":"3","62":"3","J2":"6","5G":"3","49":"3","H2":"6","57":"3","72":"3","58":"3","59":"3"},"R4":{"J2":"3","H3":"3","J4":"3","28":"3","J3":"3"},"Q2":{"M3":"3","M2":"3","P2":"3","P7":"3"},"Q4":{"V6":"3","M5":"3"},"W5":{"33":"3"},"P2":{"53":"3"},"V4":{"68":"3","8P":"3","WM":"3","6J":"3","9V":"3","7Q":"3","6P":"3","6R":"3","FP":"3","7X":"3","F9":"3","8X":"3","FF":"3|6","9J":"3","H7":"3","GX":"3","HX":"3","WJ":"3","QW":"3","CQ":"3","9X":"3","6Q":"3","CP":"3","9R":"3","8W":"3","6V":"6","7R":"3","8V":"3","FG":"3"},"X4":{"M8":"3"},"W4":{"3X":"3","5X":"3","2W":"3","8G":"3","X8":"3"},"P4":{"V5":"3"}},"82":{"XF":{"Q7":"3","Q3":"3"},"QR":{"25":"3","45":"3","GF":"3"},"8V":{"8Q":"3","98":"3","82":"3"},"P6":{"HQ":"3"},"G8":{"W2":"3","W3":"3"},"V8":{"32":"3"},"Q7":{"XQ":"3"},"XH":{"VC":"3","7J":"3|6","5J":"3","6J":"3","8J":"6","6P":"3","7M":"3|6","PR":"3","FF":"3","G9":"3","7H":"3","H9":"3","5P":"3","5M":"3","RQ":"3","8M":"6","6M":"3","J3":"3","5Q":"3","8H":"3"},"WH":{"J4":"3","97":"3","57":"3","M2":"3","86":"3","37":"3","J3":"3","F7":"3","36":"3","G6":"3","3X":"3","67":"3","C7":"3","48":"3","H7":"3","49":"3","87":"3","J5":"3","77":"3","6F":"3","F6":"3","28":"3","38":"3","2V":"3","29":"3","G7":"3"},"RW":{"2H":"3"},"47":{"9X":"3","MQ":"3","GV":"3","HM":"3","JV":"3"},"V6":{"QW":"3","QV":"3"},"F6":{"VR":"3","VX":"3","WM":"3","PH":"3"},"CC":{"5Q":"3"},"C5":{"RQ":"3","WQ":"3","W6":"3","V4":"3"},"QW":{"VQ":"3","4M":"3"},"CG":{"QW":"3","G5":"3"},"R8":{"GQ":"3"},"CP":{"Q9":"3","QC":"3","VR":"3","QF":"3","MF":"3","MC":"3","PF":"3","P8":"3","RR":"3","MH":"3","PC":"3","M9":"3","P9":"3"},"3Q":{"G8":"3","M3":"3","G3":"3","2H":"3","79":"3","G2":"3","J3":"3"},"M7":{"QQ":"3"},"QM":{"JW":"3","J4":"3","HQ":"3","JQ":"3","XC":"3","G4":"3","94":"3","2V":"3","M6":"3","PC":"3","P9":"3","H5":"3","C6":"3","JM":"3"},"WR":{"5F":"3","7F":"3","FQ":"3","P8":"3","4G":"3","7C":"3","6C":"3","72":"3","29":"3","57":"3","56":"3"},"R5":{"WX":"3","VV":"3","WV":"3","WW":"3","VX":"3","VW":"3"},"4Q":{"FH":"3"},"QG":{"RW":"3","WJ":"3","VC":"3","QH":"3","Q9":"3","PG":"6|3","MG":"3","J8":"3","WX":"3","V7":"3","Q2":"3","QF":"3","XQ":"3","WR":"3","XW":"3","V8":"3","HF":"3","P9":"3","RG":"3","RC":"3"},"HX":{"Q8":"3"},"MQ":{"XG":"3"},"R2":{"H4":"3","H3":"3"},"8R":{"9F":"3"},"X2":{"P5":"3"},"GC":{"X6":"3"},"WW":{"C2":"3","G3":"3","J4":"3"},"4V":{"WX":"3"},"VJ":{"53":"3","V8":"3","52":"3","PX":"3","33":"3","57":"3","XC":"3","W7":"3","R2":"3","G6":"3","44":"3","Q7":"3","V3":"3","67":"3","FX":"3","4F":"3","PJ":"3","MJ":"3","V7":"3","7J":"3","R6":"3","GX":"3","4J":"3","F6":"3","45":"3","38":"3","24":"6","MM":"3","7P":"3","Q8":"3","55":"3","PM":"3","Q9":"3","5G":"3","2H":"3"},"V9":{"79":"3","QC":"3","RG":"3"},"VC":{"V7":"3","R8":"3","78":"3","76":"3","9Q":"3"},"2P":{"PV":"3"},"VH":{"RV":"3","QJ":"3","25":"3","RX":"3","PW":"3","WF":"3","PQ":"3","4H":"3","4M":"3","RH":"3","QX":"3","4W":"3","PR":"3","WW":"3","3M":"3","2R":"3","VM":"3","J5":"3","PV":"3","42":"3","24":"3","MV":"3","2F":"3","P2":"3","PP":"3","X8":"3","2H":"3"},"R9":{"J2":"3","J7":"3","H7":"3"},"PQ":{"W8":"3"},"CR":{"M6":"3"},"7H":{"46":"3","47":"3"},"VX":{"F4":"3"},"7W":{"3F":"3","4F":"3"},"HW":{"W8":"3","HC":"3","GH":"3","GC":"3","GM":"3","XX":"3","XW":"3","FJ":"3","V8":"3","HF":"3","FH":"3","FG":"3","HG":"3","GJ":"3","GF":"3","GG":"3"},"2G":{"7V":"3","3P":"3","3Q":"3","46":"3"},"F3":{"CP":"3","FM":"3","FP":"3"},"V7":{"MC":"3","HP":"3"},"3P":{"5F":"3","C9":"3","5C":"3","P8":"3","X9":"3","98":"3","PV":"3","HC":"3","PJ":"3","C7":"3","C8":"3","PM":"3","QJ":"3","RC":"3"},"MF":{"MF":"3"},"3V":{"WW":"3"},"X8":{"36":"3","35":"3","37":"3","WQ":"3","2V":"3","8W":"3","WP":"3","38":"3"},"WC":{"WM":"3","63":"3"},"P2":{"XV":"3"},"PM":{"XV":"3"},"6V":{"CF":"3"},"FQ":{"QP":"3","Q6":"3","WH":"3","FW":"3"},"PR":{"3X":"3","5P":"3","VV":"3","WQ":"3","92":"3","8H":"3","8G":"3","9G":"3","3W":"3","2M":"3","4M":"3"},"J9":{"J7":"3"},"CM":{"8P":"3"},"MP":{"XP":"3"},"QH":{"RF":"3","CM":"3","X6":"3","GR":"3","W2":"3","XG":"3","XF":"3","V5":"3","HR":"3","Q5":"3"},"H8":{"XR":"3"},"V5":{"4G":"3"},"WF":{"WJ":"3","WH":"3","VH":"3","VJ":"3","7G":"3"},"M3":{"XQ":"3","VR":"3"},"RJ":{"H3":"3","V7":"3","G9":"3","R9":"3","C8":"3","QF":"3","7V":"3","8W":"3","9W":"3","J3":"3","WV":"3","F2":"3","V6":"6|3","GM":"3","M5":"3|6","P7":"3","G4":"6|3","Q4":"3","FQ":"3","M8":"3","JR":"3","VM":"3","JH":"3","P2":"3","P8":"3","7M":"3","9V":"3","2M":"3","M4":"3","R4":"3","H7":"3","R6":"6|3","7R":"3","X9":"3","8J":"3","Q8":"6|3","8R":"3","XF":"3","GG":"6","QJ":"3","H9":"3","MG":"3","JF":"3","74":"6","83":"3","F7":"3","JC":"3","W6":"3|6","G8":"3","Q3":"3","37":"3","J2":"3","M2":"3","GJ":"3","W8":"3","8V":"3","HC":"3","J9":"3","H2":"6|3","P9":"3","55":"3","6V":"3","8M":"3","9R":"3","Q9":"6","C3":"3","RH":"3","R8":"3","FC":"3","Q6":"6|3","W7":"3","86":"3","P6":"3","H8":"3","97":"3","H5":"3","MF":"3","H6":"3","P4":"3","W5":"3","V5":"3","J5":"3","RF":"3","VC":"3","Q2":"3","C2":"3","Q7":"3","X6":"6","P3":"3","G3":"6|3","3W":"3","RV":"3","Q5":"3","GC":"3","G5":"3","J4":"3","VX":"3","RR":"3","6M":"3","RG":"3","76":"3","M3":"3","J8":"3","VR":"6","M7":"3","R3":"3","GQ":"3","F9":"3","V4":"3|6","PC":"3","RC":"3","PJ":"3","7Q":"3","5C":"3","95":"3","MC":"3","8Q":"3","R7":"6|3","85":"3","P5":"3","X7":"3","M6":"3","RM":"3","G7":"3","X3":"3"},"Q8":{"37":"3","27":"3"},"RM":{"F4":"3","R9":"3","4G":"3","62":"3","V2":"3","V3":"3","RM":"3","R4":"3","63":"3","VV":"3","X3":"3","VH":"6|3","R8":"6","WM":"3","XP":"3","6F":"3","8H":"3"},"V2":{"GC":"3","CX":"3","J4":"3"},"PH":{"M6":"3","W6":"3","W9":"3"},"V3":{"67":"3","J8":"3"},"48":{"RR":"3","H3":"3","F4":"3"},"78":{"VF":"3"},"5G":{"JW":"3","MR":"3"},"7V":{"HF":"3"},"Q6":{"QC":"3"},"J6":{"WV":"3","WW":"3","WP":"3"},"QJ":{"RW":"3","7X":"3","3M":"3","39":"3","G6":"3","C4":"3","6R":"3","JX":"3","94":"3","C2":"3","H6":"3","RF":"3"},"4W":{"V2":"3"},"GQ":{"3F":"3","49":"3","4C":"3"},"94":{"C3":"3"},"W8":{"RW":"3","XP":"3","QV":"3","X8":"3"},"RP":{"79":"3","XF":"3","X6":"3","V3":"3","3F":"3","XC":"3","77":"3","W3":"3","VH":"3","W4":"3","9P":"3","XH":"3","XG":"3","X7":"3"},"RC":{"JQ":"3","GX":"3"},"JJ":{"G4":"3","G3":"3","M6":"3","9H":"3","MQ":"3","MR":"3","F4":"3","G5":"3","F5":"3"},"VF":{"X9":"3","8X":"3","RW":"3","VW":"3"},"PP":{"4V":"3"},"M9":{"4C":"3"},"G4":{"FJ":"3"},"3W":{"2Q":"3"},"QC":{"GG":"3"},"M6":{"4V":"3","4R":"3","3V":"3","3R":"3"},"CF":{"43":"3","32":"3"},"MV":{"QH":"3"},"RR":{"GF":"3"},"2M":{"37":"3","27":"3"},"X9":{"9V":"3","J5":"3","GR":"3","C5":"3"},"PX":{"P8":"3","WQ":"3","M9":"3","GH":"3","M8":"3","P9":"3"},"RH":{"47":"3","HW":"3","QP":"3","RV":"3","QG":"3","XR":"3","PX":"6|3","RX":"3","JC":"3","7C":"3","PW":"3","XV":"3","RJ":"3","7F":"3","QX":"3","XJ":"3","PR":"3","MW":"3","WW":"3","QQ":"3","FX":"3","JJ":"3","H8":"3","8X":"3","HQ":"3","M8":"3","PG":"3","GW":"3","P9":"3","2Q":"3","JX":"3","MR":"6|3","XH":"3","VW":"3","M5":"3","HR":"3","XW":"3","RG":"3","Q3":"3","QW":"3","XX":"3","RW":"3","MQ":"3","JH":"3","RC":"3","MX":"3","HF":"3","WR":"3","VP":"3","CP":"3","GF":"3","MV":"3","VR":"6|3","J2":"3","JW":"3","VV":"6","FC":"3","7R":"3","PP":"3","Q2":"3","M7":"3","C6":"3","FQ":"3","PF":"3"},"RG":{"9V":"3","GW":"3","8Q":"3","2H":"3","98":"3","RW":"3","5M":"3","RX":"3","X5":"3","QX":"3","65":"3"},"RQ":{"58":"3","W6":"3"},"VM":{"2P":"3","F2":"3","4M":"3","36":"3","92":"3","7V":"3","46":"6","8Q":"3","7P":"3","7C":"3","8V":"3","X2":"3","2M":"3","56":"6","6Q":"3"},"G7":{"34":"3"},"J2":{"H8":"3","Q9":"3","78":"3"},"MW":{"CX":"3","X7":"3","X8":"3"},"6H":{"J2":"3"},"5F":{"6F":"3"},"WJ":{"7J":"3","HR":"3","89":"3","9H":"3","78":"3","GH":"3","53":"3","8C":"3"},"WM":{"PC":"3","8G":"3","7J":"3","5G":"3"},"4G":{"CG":"3"},"RF":{"3V":"3","VJ":"3","XM":"3"},"4F":{"2R":"3"},"MX":{"CJ":"3"},"4P":{"25":"3","HW":"3"},"FP":{"VG":"3","VC":"3","WF":"3","W8":"3","VJ":"3","XM":"3","RH":"3","VH":"3","33":"3","WH":"3","XG":"3","34":"3"},"GR":{"JQ":"3"},"J3":{"4M":"3","W8":"3"},"WP":{"M4":"3"},"PW":{"87":"3","5J":"3","27":"3","6J":"3","28":"3","6G":"3","6H":"3","5H":"3","25":"3","26":"3"},"VG":{"7W":"3","87":"3","8W":"3","88":"3","89":"3","9R":"3"},"WQ":{"GR":"3","4G":"3","6V":"3","GQ":"3"},"R3":{"62":"3","X2":"3","G2":"3"},"FM":{"WH":"3"},"GP":{"4J":"3","4R":"3","4P":"3","2J":"3","4M":"3"},"WV":{"C3":"3"},"Q2":{"44":"3"},"QQ":{"2X":"3","HV":"3"},"WG":{"65":"3","PP":"3","PR":"3","HH":"3","PM":"3","PV":"3","PQ":"3","MW":"3","PJ":"3","PH":"3","MX":"3"},"MH":{"24":"3"},"VP":{"3R":"3","7G":"3","6P":"3","5G":"3","7V":"3","6G":"3","RR":"3","5M":"3","2H":"3","5H":"3","3J":"3"},"RV":{"R8":"3"},"HR":{"JV":"3"},"4H":{"Q5":"3"},"X4":{"C2":"3"},"XQ":{"2P":"3","68":"3"},"W2":{"84":"3"},"36":{"3F":"3","5C":"3","59":"3","9G":"3","3C":"3"},"9G":{"7P":"3"},"GV":{"HC":"3","QM":"3"},"QP":{"G8":"3","H9":"3","H8":"3","23":"3","72":"6"},"PV":{"43":"3","42":"3","47":"3","32":"3"},"FR":{"W6":"3","X6":"3","Q6":"3","V5":"3","W5":"3","G4":"3","W4":"3","XP":"3","R5":"3","W7":"3"},"CH":{"W6":"3"},"PJ":{"WX":"3","C4":"3","WC":"3"}},"3H":{"H3":{"RV":"3"},"58":{"HQ":"6","PV":"3"},"M2":{"V9":"3","F8":"3","GJ":"3","4Q":"3","PJ":"3","F7":"3"},"4G":{"XC":"3"},"3Q":{"PG":"3","PF":"3","PC":"3","QF":"3","J4":"3"},"69":{"2R":"3"},"7F":{"77":"3"},"5C":{"8C":"3","Q6":"3","R4":"6|3","CF":"3","GQ":"3","Q2":"3","J5":"3","V5":"3","J3":"3","RW":"3","39":"3","W3":"3","3V":"3","J7":"3","5C":"3","5F":"3","V3":"3","Q8":"3","5H":"6","8P":"3","H5":"3","66":"3","J8":"3","56":"3","6F":"3","3X":"3","8Q":"3","W4":"3","98":"6","99":"3","4J":"3","69":"3","47":"3","R7":"3","C6":"3","68":"3","89":"3","76":"3","88":"6","V6":"3","3F":"3","4Q":"3","7R":"3","9G":"3","Q4":"3","M7":"3","HX":"3","C7":"3","Q9":"3","W5":"3","48":"3","R5":"3"},"4M":{"4G":"3","4H":"3","76":"3"},"75":{"32":"3"},"6G":{"52":"3"},"6H":{"XM":"3"},"2R":{"PM":"3"},"4F":{"F4":"3","W8":"3","V2":"3","R3":"3","PF":"3","99":"3","XJ":"3","PX":"3","M2":"3","Q7":"3","X4":"3","WC":"3","XH":"3","PW":"3","XP":"3","P9":"3","WG":"3"},"3P":{"HH":"3","JH":"3","QV":"3"},"79":{"69":"3"},"59":{"QR":"3","8R":"3","H9":"3","MH":"3","JX":"3","JF":"3","MG":"3","RC":"3"},"39":{"HP":"3"},"3C":{"Q8":"3","R6":"3","W4":"3"},"4J":{"5R":"3"},"HX":{"6M":"3"},"98":{"3J":"3"},"6F":{"36":"3","3Q":"3"},"3V":{"76":"3"},"5F":{"3Q":"3","WF":"3","Q2":"3","22":"3","64":"3","C3":"3","55":"3","C2":"3","5C":"3","25":"3","GJ":"3","WG":"3","4Q":"3","24":"3","43":"3","4H":"3"},"P2":{"62":"3"},"2F":{"QH":"3","PG":"3","QF":"3","QJ":"3","PJ":"3","PH":"3","QG":"3","RF":"3","RG":"3"},"4C":{"X9":"3","8R":"3","GP":"3","FJ":"3","C8":"3","QG":"3","H4":"3","P8":"3","3G":"3","2G":"3","WF":"3","MP":"3","XC":"3","W7":"3","P6":"6","FM":"3","34":"3","F9":"3","H8":"3","65":"3","C7":"3","R8":"3","H9":"3","HM":"3","W8":"3","WG":"3","XH":"3","HC":"3","W9":"3","7V":"3","MC":"3","Q5":"3","76":"3","RF":"3","QW":"3","JH":"3","HF":"3","P7":"3","H5":"3","GF":"3","MM":"3","7R":"3","8V":"3","M7":"3","4P":"3","X8":"3","PF":"3"},"4P":{"29":"3"},"5G":{"22":"3"}},"H6":{"WW":{"WR":"3","WG":"3","WH":"3"},"RW":{"45":"3"},"2F":{"H3":"3"},"2C":{"93":"3","6R":"3"},"22":{"JW":"3","MV":"3"},"XW":{"2H":"3","5X":"3","2J":"3"}},"94":{"HQ":{"77":"3"},"JR":{"52":"3"},"JQ":{"6X":"3","5X":"3","HV":"3"},"98":{"VH":"3"},"95":{"C4":"3","F4":"3","F3":"3"}},"F4":{"C9":{"78":"3"},"GC":{"VQ":"3"},"C8":{"JV":"3"},"QJ":{"8P":"3","8Q":"3","7P":"3","7Q":"3"}},"4G":{"VG":{"QQ":"3"},"X6":{"FQ":"3","CV":"3","FR":"3","CR":"3","CW":"3","CQ":"3","FW":"3","FV":"3"},"JF":{"6J":"3"},"JC":{"H8":"3","J7":"3","H7":"3","W8":"3"},"X9":{"3J":"3"},"W5":{"2X":"3","FH":"3"},"XC":{"35":"3","F4":"3","C6":"3","F5":"3"},"X8":{"Q8":"3"},"2H":{"7X":"3"},"XH":{"M3":"3","VM":"3"},"W9":{"XW":"3"},"RG":{"5X":"3"},"2Q":{"3Q":"3"},"X7":{"C4":"3","7J":"3","G5":"3","83":"3"}},"9C":{"WX":{"H9":"3"},"V8":{"9Q":"3"},"XM":{"W4":"3"}},"22":{"RV":{"94":"3"},"XP":{"98":"3","99":"3"},"QV":{"FC":"3"},"CG":{"G8":"3"}},"JP":{"7F":{"9Q":"3","52":"3","9G":"3","W5":"3","69":"3","CQ":"3","CP":"3","CM":"3","W4":"3","C2":"3","6C":"3","9P":"3","9M":"3","4H":"3","8R":"3"},"7G":{"R4":"3","8P":"3","52":"3","84":"3","3J":"3"},"J4":{"6F":"3"},"6G":{"VF":"3","JW":"3","PV":"3"},"Q7":{"WH":"3"},"7C":{"5X":"3"},"8C":{"4W":"3"},"57":{"C5":"3"}},"HF":{"2X":{"3H":"3"},"47":{"62":"3"},"3R":{"2R":"3"},"45":{"JF":"3"},"2P":{"4C":"3"},"3V":{"32":"3"},"28":{"P8":"3"},"22":{"7M":"3","47":"3","8Q":"3","PX":"3","33":"3","6J":"3","57":"3","8M":"3","4G":"3","7Q":"3","4H":"3","5J":"3","7F":"3","44":"3","34":"3","6G":"3","6H":"3","5H":"3","54":"3","3H":"3","3C":"3","4J":"6","2C":"3","28":"3","5R":"3","7P":"3","F8":"3","32":"3","5Q":"3","2H":"3","3F":"3"},"3M":{"5F":"3","2X":"3"},"48":{"FM":"3"},"6G":{"XG":"3"},"4V":{"H7":"3"},"2V":{"VC":"3"},"55":{"M2":"3"},"38":{"WR":"3"},"C2":{"C8":"3"},"53":{"Q2":"3"},"8M":{"QM":"3"},"23":{"GW":"3","87":"3","85":"3","86":"3","74":"3","84":"3","46":"3","57":"3","P6":"3","FW":"3","P2":"3","75":"3"},"2W":{"M5":"3"},"3J":{"7P":"3"},"72":{"GV":"3"},"25":{"J3":"3"},"42":{"WC":"3"},"24":{"FF":"3","JQ":"3","FR":"3","HW":"3","F3":"3"},"2M":{"XX":"3","P3":"3"},"56":{"3Q":"3"}},"V5":{"JW":{"47":"6"}},"J5":{"VW":{"9Q":"3"}},"2P":{"69":{"86":"3"},"CV":{"75":"3"},"GJ":{"34":"3"},"97":{"48":"3"}},"VC":{"6F":{"M4":"3"},"28":{"CR":"3","QF":"3"}},"39":{"PC":{"WJ":"3","WH":"3"},"W8":{"99":"3"}},"7G":{"F5":{"37":"3"}},"2H":{"7H":{"64":"3"},"XW":{"R4":"3","FM":"3"},"7G":{"5H":"3"}},"QP":{"VF":{"2Q":"3","2P":"3","4R":"3"},"VG":{"52":"3"},"RC":{"RW":"3"}},"HM":{"7G":{"66":"3","76":"3","67":"3","77":"3","65":"3","75":"3"},"XR":{"W2":"3"},"68":{"QJ":"3"},"2J":{"66":"3"},"7C":{"53":"3","52":"3","25":"3","2J":"3","88":"3","4G":"3","36":"3","85":"3","34":"3","95":"3","3X":"3","6M":"3","7J":"3","93":"3","98":"3","28":"3","24":"3","5R":"3","G7":"3","4C":"3","2P":"3","3F":"3"},"86":{"82":"3","HV":"3"},"8M":{"5J":"3"},"JP":{"69":"3","2G":"3","68":"3"},"69":{"RQ":"3","XR":"3","WR":"3","XQ":"3","WJ":"3","X9":"3","WQ":"3","PX":"3","X7":"3"},"7F":{"GW":"3","HC":"3","GV":"3","34":"3"},"75":{"6F":"3","72":"3","6C":"3","57":"3","47":"3"},"34":{"5P":"3"},"9Q":{"77":"3"},"7X":{"PJ":"3"},"78":{"QH":"6","PR":"3","7X":"6","6V":"3","PQ":"3"},"JJ":{"7G":"3"},"65":{"85":"3","P3":"3"},"79":{"53":"3","68":"3","43":"3","P4":"3","57":"3","27":"3","36":"3","7F":"3","4H":"3","73":"3","F5":"3","5H":"6","6M":"3","65":"3","54":"3","64":"3","4J":"3","74":"3","6F":"3","6X":"3","42":"3","P3":"3","29":"3","55":"3","F4":"3","83":"3"},"VW":{"M3":"3","M2":"3"},"77":{"JP":"3","3M":"3","GV":"3","63":"3","65":"3","64":"3"},"74":{"7X":"3"},"6F":{"J8":"3","M3":"3","Q6":"3","54":"3","J9":"3","J6":"3","MC":"3","RH":"3","RJ":"3","XJ":"3","MH":"3","QJ":"3","JH":"3","PC":"3","QG":"3","M5":"3","RF":"3","RG":"3"},"8C":{"H5":"3","P5":"3"},"6C":{"V5":"3","V8":"3","X6":"3","P4":"3","WF":"3","W7":"3","P6":"3","XJ":"3","V3":"3","QQ":"3","PJ":"3","X2":"3","Q4":"3","V7":"3","R8":"3","V4":"3","Q6":"6","R5":"3","M3":"3","Q5":"3","QW":"3","R4":"3","W3":"3","P5":"3","P3":"3","R9":"3","P2":"3"},"H2":{"QR":"3"},"CP":{"63":"3"},"J8":{"H6":"3"},"VR":{"WX":"3"},"5G":{"43":"3","54":"3","44":"3","45":"3","32":"3"},"89":{"6R":"3"}},"Q2":{"67":{"8C":"3","7F":"3","8F":"3","79":"3","7C":"3","78":"3","88":"3","8G":"3","63":"3","89":"3","77":"3"},"9Q":{"9G":"3"},"65":{"6J":"3"},"63":{"F8":"3"},"46":{"C3":"3"},"CM":{"FJ":"3","GH":"3","FG":"3","FH":"3"},"38":{"8H":"3"},"8M":{"37":"3","38":"3"},"33":{"Q4":"3","Q2":"3"},"8P":{"V7":"3","R8":"3","R6":"3","R7":"3","V8":"3","R5":"3"},"9M":{"2C":"3"},"FG":{"HF":"3","HJ":"3"},"32":{"C7":"3","C8":"3"},"34":{"F8":"3","VV":"3","WP":"3","C8":"3","3C":"3","F6":"3"},"56":{"6P":"3"}},"C2":{"VQ":{"6P":"3","6Q":"3","7P":"3"},"VM":{"9C":"3"},"3P":{"C7":"3","82":"3","83":"3"},"7X":{"R7":"3","J3":"3"},"VR":{"47":"3","86":"3","56":"3","37":"3","36":"3","5C":"3","85":"3","75":"3","65":"3","48":"3","54":"3","59":"3","66":"3","46":"3","64":"3|6","77":"3","74":"3","76":"3","55":"3","84":"3"},"Q2":{"PG":"3","JR":"3"},"Q4":{"C3":"3"},"83":{"X7":"3"},"2J":{"Q9":"3","PG":"3","MG":"3","QC":"3","QF":"3","MF":"3","MC":"3","PF":"3","PC":"3","M9":"3","QG":"3","P9":"3"},"6R":{"FG":"3"},"3H":{"36":"3"},"2H":{"X6":"3","X2":"3"},"Q3":{"QF":"3"},"7Q":{"87":"3"},"74":{"VC":"3"},"5R":{"54":"3","8M":"3","55":"3"},"Q5":{"F4":"3","F3":"3"},"93":{"36":"3"},"6Q":{"VF":"3"}},"C7":{"4Q":{"2Q":"3"},"27":{"VF":"3","V7":"3","VC":"3"},"26":{"XG":"3","7X":"3"},"3Q":{"XQ":"3"},"W9":{"3V":"3","4P":"3"},"RJ":{"3J":"3"}},"MX":{"WH":{"3Q":"3"}},"72":{"WQ":{"HF":"3","X5":"3"},"FH":{"W2":"3","W5":"3"},"G9":{"J5":"3"},"33":{"9J":"3","8M":"3","VW":"3","FW":"3"},"44":{"RV":"3","MM":"3","JM":"3","PM":"3"},"48":{"HQ":"3","HW":"3","6R":"3","6J":"3","7J":"3","HM":"3","6V":"3"},"C4":{"2W":"3"},"62":{"JQ":"3","74":"3","J4":"3"},"88":{"H9":"3"},"RQ":{"JG":"3"},"XC":{"VR":"3"},"F2":{"98":"3","P2":"3"},"FF":{"J4":"3"},"PG":{"6M":"3","3M":"3","4G":"3","4R":"3","4P":"3","4M":"3"},"M5":{"2X":"3"},"WJ":{"R3":"3"},"QX":{"RP":"3","VP":"3","VM":"3","RM":"3","VQ":"3"},"52":{"HJ":"3","97":"3","6J":"3","JV":"3","5J":"3","R2":"3","96":"3","3M":"3","6H":"3","6M":"3","3P":"3","87":"3","JR":"3","5M":"3","HC":"3","QM":"3","98":"3","HR":"3","HF":"3","HV":"3","GF":"3","FC":"3","GC":"3"},"P7":{"QR":"3"},"G4":{"8C":"3","FF":"3","GC":"3","HC":"3","88":"3","9F":"3"},"Q4":{"3G":"3","3P":"3","3H":"3"},"M8":{"FX":"3","HW":"3","GX":"3"},"35":{"39":"3","27":"3","R3":"3","V4":"3"},"MH":{"GW":"3","Q4":"3","HX":"3","Q3":"3","W4":"3","88":"3","Q5":"3","FX":"3"},"P8":{"3H":"3"},"57":{"GM":"3","FQ":"3","GP":"3"},"PH":{"G2":"3","J8":"3"},"F6":{"58":"3","QQ":"3"},"M9":{"C3":"3"},"XW":{"5C":"3","FJ":"3","59":"3","6G":"3"},"XF":{"QR":"3","WV":"3","PR":"3"},"QJ":{"69":"3","78":"3","67":"3","68":"3","77":"3"},"5F":{"X5":"3"},"JF":{"CW":"3"},"68":{"GF":"3"},"F7":{"M3":"3","P3":"3"},"JC":{"GR":"3"},"XM":{"F7":"3","PQ":"3","CG":"3","CH":"3"},"45":{"XV":"3","V7":"3","WR":"3","R3":"3","X7":"3","XW":"3","P4":"3","77":"3","P5":"3"},"WP":{"8R":"3","XH":"3","2W":"3","XG":"3","XW":"3"},"25":{"76":"3","WC":"3","86":"3","84":"3","P5":"3"},"54":{"F4":"3","75":"3","47":"3","86":"3","G3":"3","F3":"3","C5":"3","54":"3","F5":"3","95":"3","C3":"3","C4":"3","26":"3"},"VQ":{"X6":"3","R8":"3","W6":"3","W3":"3"},"J2":{"JG":"3"},"87":{"V7":"3","W5":"3","W6":"3","V5":"3"},"HC":{"8X":"3","MM":"3","JM":"3","MP":"3","PM":"3","PP":"3"},"XJ":{"HC":"3","CR":"3","4F":"3"},"JQ":{"GJ":"6"},"55":{"HP":"3","23":"3"},"27":{"8Q":"3"},"QM":{"54":"3","4X":"3","9V":"6","CV":"3","7V":"3","CJ":"3","8X":"3","9W":"6","8W":"3","55":"3","6Q":"6","56":"3","65":"3","64":"3"},"JJ":{"8P":"3","9G":"3"},"75":{"MC":"3","P9":"3"},"24":{"7F":"3","XQ":"3","GR":"3","M6":"3","VP":"3","3P":"3","CX":"3","M7":"3","3Q":"3","4M":"3","RJ":"3"},"43":{"FJ":"3","F3":"3","FH":"3","CG":"3","JF":"3","JC":"3","CJ":"3","G6":"3","FF":"3","H9":"3","JG":"3","F2":"3","HC":"3","G2":"3","CH":"3","QR":"3","JH":"3","HF":"3","8V":"3","FG":"3"},"3C":{"V2":"3","M3":"3","P5":"3","Q2":"3","Q4":"3","P2":"3","M4":"3","C8":"3","R2":"3","99":"3","M2":"3","C9":"3","Q3":"3","P3":"3","98":"3","Q5":"3","P4":"3","C7":"3"},"C3":{"G7":"3"},"53":{"VG":"3","MJ":"3","JR":"3","HM":"3","HR":"3","MM":"3","HQ":"3","HX":"3","JQ":"3","MH":"3","P3":"3","P4":"3","PJ":"3","PH":"3","JP":"3","GX":"3","HP":"3","JM":"3"},"RH":{"M7":"3"},"49":{"C5":"3"},"86":{"VM":"3"},"98":{"JM":"3"},"63":{"JJ":"3"},"J7":{"XM":"3"},"R5":{"PF":"3"},"97":{"MM":"3","22":"3"},"WH":{"HW":"3"},"XR":{"4C":"3","29":"3"},"34":{"5F":"3","6P":"3","HQ":"3","QP":"3","48":"3","25":"3","GJ":"3","PV":"3","FR":"3","6H":"3","34":"3","22":"3","HR":"3","QG":"3","HV":"3"},"MF":{"JW":"3","GW":"3","JX":"3","GV":"3","HW":"3","HX":"3","JV":"3","HR":"3","GX":"3","HV":"3"},"42":{"MJ":"3","HM":"3","GV":"3","MM":"3","XQ":"3","JJ":"3","XW":"3","FX":"3","XV":"3","GX":"3","JM":"3"},"23":{"RM":"3","F5":"3","W3":"3"},"82":{"C2":"3"},"9C":{"33":"3","4H":"3","8H":"3","6G":"3"},"22":{"9J":"3","9M":"3"},"39":{"WH":"3","WR":"3","CF":"3","WF":"3","WV":"3","FF":"3","RP":"3","VQ":"3","VM":"3","JJ":"3","VP":"3","VV":"3","MG":"3","VF":"3","VX":"3","VC":"3","RM":"3","PG":"3","JM":"3","QJ":"3","8G":"3","PH":"3","HM":"3","69":"3","WJ":"3","QH":"3","HJ":"3","WC":"3","RX":"3","WG":"3","VH":"3","HH":"3","RH":"3","9G":"3","V8":"3","JH":"3","VG":"3","CG":"3"},"W3":{"H8":"3"},"XP":{"GV":"3","GW":"3","P5":"3","JW":"3","HX":"3","HV":"3","6R":"3","HW":"3","2H":"3","M6":"3","2G":"3","GX":"3"},"C2":{"G8":"3","85":"3","95":"3"},"72":{"X4":"3"},"4F":{"C5":"3"},"6X":{"57":"3"},"28":{"FJ":"3","FH":"3","97":"3","CG":"3","58":"3","JM":"3","57":"3","JV":"3","MP":"3","JP":"3","CJ":"3","96":"3","95":"3","CC":"3","CF":"3","MJ":"3","C7":"3","FF":"3","46":"3","JR":"3","HV":"3","MM":"3","C3":"3","PM":"3","C5":"3","C4":"3","FG":"3","C6":"3"},"38":{"8X":"3","VC":"3","WC":"3","WG":"3"},"XV":{"7R":"3","CP":"3","6R":"3","5V":"3","7Q":"3"},"W2":{"FF":"3"},"GC":{"7W":"3","GG":"3","7V":"3","7X":"3","6V":"3"},"VP":{"34":"3","XX":"3"},"64":{"9G":"3"},"C6":{"WH":"3"},"M3":{"VC":"3"},"J8":{"VC":"3"},"M7":{"GX":"3"},"56":{"22":"3"},"PC":{"QV":"3"},"GH":{"MC":"3"},"FG":{"WW":"3","RM":"3"},"XG":{"CP":"3","X4":"3","CR":"3","M7":"3","P9":"3"},"PF":{"R2":"3","8X":"3","QF":"3"},"85":{"XG":"3"},"JG":{"M9":"3","MR":"3","F4":"3","HR":"3","F3":"3"},"M6":{"H9":"3"},"WM":{"98":"3"},"JM":{"M4":"3","M5":"3"},"84":{"9C":"3"}},"89":{"F8":{"P6":"3"},"GG":{"58":"3"},"JC":{"82":"3"},"M3":{"F6":"3"},"4R":{"R4":"3"},"FM":{"H8":"3","W2":"3","WC":"3"},"R9":{"9R":"3"},"G5":{"22":"3"},"GX":{"5H":"3"}},"4F":{"W5":{"F2":"3"},"W4":{"3G":"3","49":"3","4G":"3","53":"3","4F":"3","JV":"3"},"W3":{"FH":"3","9R":"3"}},"2V":{"FQ":{"24":"3"},"CV":{"6C":"3"},"CR":{"Q7":"3","GQ":"3"},"FP":{"2V":"3"},"9R":{"G5":"3"}},"6X":{"FM":{"W6":"3"}},"CW":{"79":{"98":"3"}},"28":{"7W":{"24":"3"},"6W":{"V7":"3","X2":"3","X8":"6"}},"QH":{"RF":{"R9":"3"}},"P3":{"V3":{"HG":"3"}},"65":{"G2":{"R9":"3"}},"38":{"XF":{"24":"3"},"XC":{"53":"3","57":"3","65":"3"},"38":{"W7":"3","W8":"3"},"47":{"6W":"3"}},"VW":{"WJ":{"9G":"3"},"RV":{"6C":"3"},"FP":{"87":"3","98":"3","88":"3","FG":"3","C3":"3","CG":"3"},"XC":{"HG":"3"}},"5V":{"QX":{"VH":"3"}},"FM":{"2X":{"GG":"3","HG":"3"},"VQ":{"7F":"3"},"G8":{"92":"3","6J":"3"},"46":{"P3":"3"},"CM":{"54":"3"},"Q7":{"R4":"3"},"CH":{"G4":"3"},"8P":{"GR":"3"},"9M":{"G7":"3"},"H6":{"3J":"3"},"CF":{"XV":"3"},"RG":{"23":"3"}},"3W":{"34":{"H8":"3"}},"4C":{"VP":{"H8":"3"},"X7":{"HH":"3"},"FP":{"Q7":"3"},"GQ":{"C4":"3"},"X8":{"48":"3","7G":"3"},"GP":{"7X":"3"}},"4V":{"52":{"RM":"3"},"WC":{"44":"3"},"9F":{"G8":"3","G7":"3"},"72":{"VG":"3"}},"RV":{"H3":{"FR":"3"},"G2":{"FP":"3"}},"GV":{"CV":{"H8":"3","9G":"3","J8":"3","P6":"3","J9":"3"},"PJ":{"G3":"6","Q3":"3","J8":"3","M2":"3","M8":"3","F4":"3","F5":"3","J9":"3"},"R3":{"WM":"3"},"CR":{"JR":"3"},"PH":{"93":"3","M2":"3","JV":"3","P2":"3"}},"MP":{"QF":{"VX":"3"},"4W":{"X3":"3"},"QJ":{"58":"3"},"QG":{"Q4":"3","Q2":"3","XG":"3","XF":"3","VM":"3","Q5":"3"}},"GC":{"FJ":{"3G":"3"},"WC":{"4Q":"3"},"HJ":{"F4":"3"},"97":{"Q6":"3"},"QC":{"7J":"3","RH":"3","7M":"3"},"2J":{"X5":"3"},"JV":{"F4":"3"},"M2":{"97":"3"},"9P":{"83":"3"},"56":{"W9":"3"},"37":{"QJ":"3"},"WF":{"8C":"3"},"XC":{"6J":"3"},"G4":{"FM":"3"},"W7":{"C9":"3"},"X3":{"27":"3"},"75":{"8P":"3"},"6P":{"47":"3"},"WW":{"2W":"3"},"94":{"G4":"3"},"XM":{"57":"3","56":"3"},"FX":{"V2":"3"},"7X":{"4V":"3"},"X2":{"5X":"3"},"VG":{"XQ":"3"},"PH":{"V9":"3"},"79":{"5G":"3"},"9J":{"PX":"3","23":"3"},"C9":{"HQ":"3"},"59":{"G6":"3","38":"3"},"66":{"6J":"3"},"J9":{"FC":"3"},"F2":{"CQ":"3"},"XG":{"38":"3"},"4J":{"MQ":"3"},"M3":{"47":"3"},"G2":{"38":"3"},"WJ":{"JC":"3","MC":"3","MF":"3","JF":"3"},"C2":{"5C":"3","27":"3"},"GG":{"X4":"3"},"92":{"X7":"3"},"76":{"5F":"3"},"XX":{"PX":"3"},"9H":{"3X":"3"},"R4":{"25":"3"},"VP":{"Q2":"3"},"HV":{"FQ":"3"},"H5":{"G3":"3"},"GF":{"9W":"3"},"GH":{"H6":"3","97":"3"},"JW":{"G6":"3"},"VX":{"JX":"3"},"VV":{"RQ":"3","QR":"3","RP":"3","QP":"3","VR":"3","RV":"3","RR":"3","QQ":"3","VQ":"3"},"P2":{"49":"3"},"G7":{"F3":"3"},"Q8":{"2G":"3"},"55":{"84":"3"},"F4":{"43":"3"},"M7":{"4V":"3"},"FG":{"93":"3"},"C6":{"P5":"3"},"FQ":{"RV":"3"},"X8":{"JP":"3"}},"G5":{"WH":{"HG":"3"}},"3Q":{"P8":{"HF":"3","CF":"3","M9":"3","8W":"3","CC":"3","JF":"3","JG":"3"},"MF":{"HC":"3"},"P7":{"CV":"6","HW":"3","FV":"6"}},"VX":{"RR":{"VH":"3"},"93":{"G5":"3"},"XG":{"9Q":"3"},"92":{"95":"3","65":"3","64":"3"},"R6":{"CX":"3"},"VW":{"33":"3"},"P5":{"65":"3"},"J9":{"89":"3"}},"5R":{"3M":{"4X":"3"},"JQ":{"X3":"3"},"4R":{"VF":"3"},"3G":{"P3":"3"},"4V":{"FC":"3"},"2F":{"7J":"3","P9":"3"},"5H":{"5F":"3"},"3J":{"GJ":"3","FJ":"3"},"4P":{"RX":"3"},"4J":{"J7":"3"},"8V":{"6X":"3"},"5W":{"XQ":"3"},"3C":{"JR":"3"},"2R":{"FX":"3"},"GG":{"99":"3"}},"RR":{"3P":{"P5":"3"},"4M":{"8P":"3","9V":"3","CF":"3","99":"3","GH":"3","88":"3"},"3X":{"33":"3"},"3M":{"F4":"3","R9":"3","JF":"3","PP":"3","JC":"3","P5":"3","MM":"3","GP":"3","MF":"3","RH":"3","P8":"3","MH":"3","M9":"3","QR":"3","M5":"3","RG":"3","JP":"3","9J":"3","HP":"3"},"39":{"Q3":"3"},"4V":{"29":"3"},"3H":{"GH":"3","FC":"3"},"GM":{"MF":"3"},"3J":{"PP":"3","HQ":"3","HX":"3","FV":"3","9H":"3","JQ":"3","MH":"3","FQ":"3","GR":"3","JM":"3"},"5W":{"FG":"3"},"RC":{"73":"3"}},"VP":{"WW":{"GG":"3","FF":"3","CJ":"3","FG":"3","8V":"3","CG":"3"}},"6M":{"VG":{"R6":"3","Q5":"3"},"XF":{"F9":"3"},"WF":{"PJ":"3"},"W8":{"RP":"3","QH":"3","G6":"3","JR":"3","78":"3","VX":"3","R9":"3","W3":"3"},"X6":{"GH":"3","WM":"3","CC":"3","QC":"3"},"PP":{"W9":"3"},"X9":{"JC":"3","V7":"3","3H":"3","8R":"3","54":"3","83":"3","JX":"3","WF":"3","FJ":"3","R6":"3","P6":"3","QC":"3","5P":"6","9J":"3","R2":"3","MM":"6|3","R8":"3","JJ":"6","R9":"3","W7":"3","MG":"3","VF":"3","5Q":"6","CJ":"3","RV":"3","XG":"3","MJ":"6|3","PG":"6|3","M9":"3","FG":"3","GH":"6","JM":"6","4P":"6|3","8Q":"3","MX":"3","GJ":"3","4R":"6|3","PH":"3","3J":"3","GX":"3","QH":"3","W6":"6|3","HF":"3","M6":"3","HJ":"3","JG":"3","V6":"3","HH":"6","RC":"3","M8":"3","4Q":"6|3","JW":"3","V8":"3","CR":"3","MC":"3","MF":"6|3","CH":"3","9M":"3","JH":"3","GW":"3","Q9":"3","FH":"6","XF":"3","QF":"3","P7":"3","4H":"3","PF":"3","W5":"6","W8":"3","R5":"3","VG":"3"},"HJ":{"PQ":"3","PP":"3"},"XC":{"7W":"3","8P":"3","27":"6","Q6":"3","C7":"3","C5":"3","G9":"3","75":"3","W8":"3"},"X8":{"HF":"3","P8":"3","2F":"3","QW":"3","Q3":"3","QX":"3","GF":"3","FW":"3","P5":"3"},"JX":{"4V":"3"},"QJ":{"4G":"3","3F":"3","3G":"3","2J":"3","3H":"3","2H":"3","2G":"3","3J":"3","9V":"3","4H":"3"},"6H":{"45":"3"},"MR":{"98":"3"},"V9":{"H3":"3"},"WC":{"XF":"6","VQ":"3","FW":"3","PR":"3","88":"3","9P":"3","QG":"3","9V":"3"},"WM":{"75":"3"},"W9":{"WP":"3","V3":"3","RM":"3","MF":"3","RR":"3","C9":"3","RQ":"3","WM":"3","5Q":"3"},"RC":{"X2":"3","P4":"3"},"X7":{"MW":"3"},"W7":{"R4":"3"}},"64":{"CP":{"5G":"3"},"XG":{"QP":"3"}},"RG":{"VR":{"6V":"3","5V":"3"}},"76":{"8F":{"PV":"3","PW":"3","PR":"3","MR":"3"},"WV":{"2Q":"3"},"9C":{"CG":"3"},"CQ":{"CF":"3","CG":"3"}},"CF":{"H6":{"37":"3"},"X3":{"5C":"3"},"W4":{"PP":"3"},"W3":{"FJ":"3","FH":"3"}},"6W":{"PM":{"24":"3","23":"6"}},"96":{"G8":{"8H":"3","7G":"3"},"3G":{"FX":"3"},"79":{"9W":"3"},"8X":{"9R":"3"},"9R":{"QF":"3","QG":"3"},"J9":{"FM":"3","8V":"3"},"3J":{"5R":"3","5Q":"3"}},"M3":{"MR":{"FJ":"3"}},"VR":{"RV":{"8V":"3"},"89":{"CC":"3"}},"J8":{"F2":{"4W":"3"},"35":{"P3":"3"}},"M7":{"W2":{"MJ":"3","HX":"3","QG":"3"},"38":{"4G":"3"},"W3":{"M5":"3","P6":"3","P5":"3"}},"9F":{"RP":{"PF":"3","R8":"3","W9":"3"},"MC":{"HQ":"3"},"V4":{"MF":"6"}},"4J":{"F2":{"FM":"3"},"5J":{"3W":"3"},"4J":{"W4":"3"},"4H":{"79":"3"}},"78":{"7F":{"9V":"3","FW":"3"},"59":{"PF":"3"},"83":{"WV":"3"}},"56":{"52":{"77":"3"},"Q6":{"P2":"3"},"54":{"P9":"3"},"Q4":{"QR":"3"},"63":{"96":"3"},"76":{"H9":"3","J5":"3","CQ":"3"},"V9":{"XP":"3","WM":"3","WP":"3","XJ":"3","VQ":"3","XM":"3"},"W9":{"3Q":"3","4G":"3","3R":"3","4R":"3","3G":"3","4V":"3","3H":"3","3J":"3","4J":"3","4Q":"3","4H":"3"},"42":{"X8":"3"},"66":{"47":"3","68":"3","58":"3","JM":"3","88":"3","57":"3","7C":"3","56":"3","69":"3","5C":"3","73":"3","67":"3","78":"3","79":"3","59":"3","46":"3","87":"3","72":"3","77":"3","74":"3","76":"3","82":"3","6C":"3","45":"3","55":"3","83":"3","C4":"3"},"R5":{"65":"3"},"56":{"Q2":"3","W6":"3","X8":"3"}},"5G":{"47":{"MJ":"3","GR":"3","JH":"3"},"36":{"GM":"3","G8":"3","RX":"3","RH":"3","RM":"3","MP":"3","MV":"3"},"48":{"3M":"3"},"29":{"F3":"3"},"38":{"R4":"3","H4":"3","M3":"3","G4":"3","J5":"3","H3":"3","G7":"3","J6":"3","J3":"3","F5":"3"},"37":{"WX":"3","RV":"3","RW":"3","PR":"3","5W":"3","PX":"3","X3":"3","6W":"3","V5":"3","5V":"3","V4":"3","Q5":"3"},"25":{"7W":"3","69":"3","6X":"3","7X":"3","7Q":"3"},"24":{"QP":"3","F7":"3"},"26":{"62":"3","52":"3","4C":"3","63":"3"}},"GQ":{"MQ":{"MP":"3"}},"F9":{"M4":{"4W":"3"},"MJ":{"39":"3"},"JC":{"X5":"3"},"PJ":{"V8":"3"},"R6":{"87":"3"},"J4":{"W6":"3"},"VQ":{"QW":"3"}},"3X":{"RP":{"CC":"3"},"JR":{"3H":"3"},"RV":{"R4":"3","VP":"3"},"PP":{"CQ":"3","CX":"3","GR":"3","9W":"3","4X":"3","3H":"3","2P":"3","5V":"3","8R":"3","GQ":"3","7W":"3","CW":"3","5P":"3","8V":"3","CV":"3","3Q":"3","5M":"3","9V":"3","3V":"3","2Q":"3","2H":"3","6X":"3","2M":"3","2X":"3","9R":"3","5Q":"3","2R":"3","8X":"3","4W":"3","FW":"3","6Q":"3","2G":"3","2F":"3","FQ":"3","6W":"3","3R":"3","3M":"3","FV":"3","3X":"3","2W":"3","4P":"3","9X":"3","8Q":"3","4R":"3","4V":"3","3J":"3","4J":"3","GX":"3","2J":"3","4M":"3","FX":"3","5X":"3","FR":"3","5R":"3","3P":"3","6R":"3","7V":"3","9Q":"3","7X":"3","4Q":"3","7R":"3","5W":"3","CR":"3","6V":"3","3W":"3","GV":"3","GW":"3","4H":"3","8W":"3"},"MQ":{"J4":"3","V2":"3","H4":"3","H3":"3","P4":"3","M2":"3","J3":"3","G4":"3","R2":"3","G6":"3","V3":"3","G8":"3","H8":"3","Q4":"3","H7":"3","J7":"3","H6":"3","W2":"3","M4":"3","M3":"3","R3":"3","M5":"3","J5":"3","G2":"3","Q3":"3","H2":"3","P5":"3","H5":"3","J6":"3","P3":"3","G3":"3","J2":"3","P2":"3","G7":"3","Q2":"3","G5":"3"},"Q6":{"RW":"3"},"RM":{"4C":"3"},"MP":{"WH":"3","PP":"3","WR":"3","QP":"3","HW":"3","HV":"3","QW":"3","PR":"3","PX":"3","RQ":"3","JX":"3","WF":"3","MW":"3","QQ":"3","W9":"3","WV":"3","QC":"3","QX":"3","MP":"3","QG":"3","RP":"3","RW":"3","VM":"3","VQ":"3","JP":"3","MM":"3","R9":"3","RG":"3","VP":"3","VV":"3","XR":"3","QV":"3","PV":"3","VF":"3","VX":"3","VC":"3","PJ":"3","WW":"3","RV":"3","XG":"3","WQ":"3","RM":"3","XM":"3","QM":"3","MJ":"3","PG":"3","XQ":"3","XW":"3","WM":"3","JQ":"3","JR":"3","QJ":"3","MV":"3","PQ":"3","XJ":"3","MX":"3","PH":"3","XX":"3","WX":"3","X9":"3","V9":"3","VR":"3","GX":"3","WJ":"3","QH":"3","XH":"3","WC":"3","RX":"3","QR":"3","WG":"3","VH":"3","MQ":"3","RH":"3","RC":"3","JW":"3","PM":"3","VJ":"3","V8":"3","XV":"3","JV":"3","VW":"3","XP":"3","PW":"3","HX":"3","WP":"3","GW":"3","XC":"3","XF":"3","QF":"3","RR":"3","RJ":"3","W8":"3","MR":"3","RF":"3","VG":"3"},"CG":{"M6":"3"},"M7":{"PG":"3"},"29":{"6W":"3"},"M6":{"MQ":"3"},"PQ":{"G5":"3","H8":"3","C2":"3","64":"3","CF":"3","H9":"3","63":"3","54":"3","C5":"3","83":"3","22":"3","52":"3","93":"3","FF":"3","82":"3","92":"3","F5":"3","34":"3","75":"3","G7":"3","GG":"3","62":"3","55":"3","H4":"3","25":"3","96":"3","33":"3","53":"3","94":"3","G6":"3","43":"3","32":"3","H5":"3","C3":"3","66":"3","9C":"3","42":"3","GF":"3","23":"3","H7":"3","FG":"3","FC":"3","F8":"3","C8":"3","H6":"3","35":"3","45":"3","97":"3","G8":"3","72":"3","73":"3","98":"3","24":"3","65":"3","95":"3","G4":"3","G9":"3","F7":"3","F9":"3","C6":"3","HF":"3","74":"3","44":"3","CC":"3","HC":"3","C7":"3","F6":"3","84":"3","F2":"3","GC":"3","CG":"3"},"RQ":{"G8":"3"},"38":{"JP":"3"},"Q5":{"X3":"3"},"H5":{"MQ":"3","MP":"3"}},"RC":{"X9":{"G7":"3"},"65":{"RR":"3"}},"PJ":{"XW":{"M6":"3"}},"GH":{"2X":{"WF":"3"},"VC":{"MM":"3"},"V6":{"C9":"3"},"3F":{"HF":"3","FF":"3"},"3G":{"M2":"3","P2":"3","P3":"3"},"CM":{"H8":"3"},"XX":{"Q8":"3"},"XW":{"V3":"3","M6":"3","R3":"3"},"XV":{"QC":"3"},"26":{"7H":"3"}},"HG":{"8F":{"24":"3"},"37":{"M8":"3"},"CF":{"9F":"3"},"2H":{"MF":"3"},"4G":{"FV":"3"},"3V":{"H4":"3","F7":"3"},"97":{"5J":"3"},"78":{"VX":"3"},"4P":{"Q9":"3"},"55":{"38":"3"},"94":{"MM":"3","XM":"3"},"2M":{"66":"3"},"P7":{"H7":"3"},"3J":{"HW":"3","FW":"3"}},"6H":{"VR":{"8V":"3"},"RR":{"G2":"3"},"W7":{"66":"3","67":"3"},"PP":{"CR":"3"},"GQ":{"WV":"3","QW":"3"}},"FG":{"H9":{"82":"3"},"RX":{"HR":"3"},"X2":{"QV":"3"},"QV":{"QQ":"3"},"G2":{"W2":"3"},"G9":{"HX":"3"},"W3":{"V5":"3","W3":"3"}},"7Q":{"4J":{"HQ":"3"},"6X":{"CF":"3","JQ":"3","98":"3","99":"3","84":"3"},"5X":{"F9":"3"},"63":{"6J":"3"},"46":{"5Q":"3"},"47":{"63":"3"}},"5H":{"58":{"79":"3"},"45":{"43":"3","44":"3"},"JV":{"M6":"3","P5":"3"}},"5C":{"5C":{"P5":"3"},"74":{"V3":"3"},"2J":{"C9":"3"}},"95":{"M3":{"J2":"3","F7":"3","G5":"3","P5":"3","J6":"3","G6":"3","M6":"3","7Q":"3","GH":"3","7P":"3","P4":"3","M5":"3","FG":"3","H5":"3","FC":"3","34":"3","GG":"3"},"2P":{"5J":"3"},"5X":{"HH":"3"},"2F":{"W8":"3"},"M2":{"GR":"3","FR":"3","JX":"6"}},"PF":{"62":{"7W":"3","7X":"3","6R":"3","6V":"3"},"2H":{"7C":"3"},"52":{"WC":"3"}},"V2":{"5V":{"Q6":"3"}},"6R":{"W8":{"3Q":"6"},"PH":{"7M":"6"}},"66":{"GG":{"WR":"3"},"FQ":{"9W":"3"},"9H":{"VH":"3"},"93":{"R9":"3"},"WC":{"CM":"3","5H":"3"},"FC":{"WV":"3"},"CH":{"5F":"3","8R":"3","99":"3","6J":"3","7Q":"3"},"3H":{"CX":"3"}},"8Q":{"CJ":{"4F":"3"},"96":{"GW":"3"},"CR":{"FR":"3","HP":"3"},"C8":{"53":"3"}},"3G":{"8C":{"CF":"3"},"3X":{"HF":"3"},"MC":{"88":"6"},"7X":{"XR":"3"},"74":{"HR":"3"},"XW":{"WP":"3"},"JF":{"P4":"3","P2":"6"},"MX":{"XV":"3","WV":"3","WW":"3","WM":"3"},"VJ":{"X9":"3","WC":"3"},"XX":{"W2":"3"}},"4R":{"7W":{"JR":"3","HR":"3","PP":"3","WX":"3","MQ":"3","HQ":"3","WQ":"3","PR":"3","MP":"3","JQ":"3","MV":"3","GQ":"3|6","VH":"3","PQ":"3","GR":"3","8P":"3","XW":"3","WH":"3","9P":"3","HP":"3"},"8X":{"35":"3","45":"3"},"7X":{"F7":"3","R3":"3","H9":"3","V9":"3","CH":"3","6C":"3","8C":"6"},"XQ":{"PX":"3"},"8W":{"4J":"3","2X":"3","F4":"3"},"6W":{"37":"3"},"XM":{"M4":"3"},"4V":{"P6":"3"},"7Q":{"CV":"3"},"XX":{"F6":"3"},"WM":{"M9":"3","P9":"3"},"2W":{"VC":"3","WP":"3","VJ":"3","QC":"3","QF":"3","MP":"3","PM":"3","WM":"3","RG":"3"},"XP":{"7P":"3"}},"R7":{"RQ":{"8V":"3"},"RF":{"FF":"3"},"W2":{"QM":"3"},"V6":{"C9":"3"},"G7":{"VJ":"3"},"XF":{"97":"3"},"W9":{"F2":"3"},"P3":{"4M":"3"}},"85":{"W6":{"XR":"3","XQ":"3"},"4G":{"59":"3"},"X6":{"3M":"3"},"V3":{"3C":"3"},"XM":{"GR":"3","GV":"3"},"83":{"W3":"3"},"3G":{"RX":"3"},"J5":{"XC":"3"},"4C":{"HW":"3","HX":"3","6Q":"3"},"3H":{"5W":"3"},"6C":{"QQ":"3"},"3J":{"JF":"3","JG":"3","V6":"3","GQ":"3","HC":"3","GM":"3","PH":"3","P9":"3","JP":"6"},"4J":{"6F":"3"},"XP":{"G8":"3","JF":"3","JG":"3","F5":"3","C3":"3","G6":"3","C4":"3","H9":"3","HC":"3","XP":"3"},"4H":{"23":"3"},"X7":{"52":"3","53":"3"}},"59":{"VC":{"FF":"3"}},"M6":{"5C":{"V7":"6","WH":"3","R6":"3","R7":"3"}},"JG":{"VW":{"5V":"3"}},"HQ":{"75":{"35":"3","4J":"3","5R":"3","2H":"3"},"3R":{"Q5":"3"},"65":{"VF":"3","X6":"3","XH":"3","WV":"3","W7":"3","X7":"3","WP":"3","WG":"3","WF":"3","VG":"3","VQ":"3"},"VP":{"JG":"3"},"P8":{"V5":"3"},"46":{"RW":"3"},"W4":{"QX":"3"},"5V":{"QR":"3","QJ":"3"},"PJ":{"Q2":"3"},"PH":{"WX":"3","QW":"3"},"RG":{"QJ":"3"},"P6":{"X7":"3","R5":"3"}},"JM":{"VG":{"FG":"3"},"VQ":{"XP":"3"},"VC":{"79":"3","7C":"3"},"Q9":{"J6":"3"},"3P":{"WV":"3"},"WP":{"RJ":"3"},"RQ":{"VR":"3"},"5H":{"4V":"3","4W":"3"},"RF":{"R6":"3"},"4Q":{"CM":"3","8H":"3"}},"G7":{"HM":{"2M":"3"},"H3":{"XF":"3"},"9Q":{"P8":"3","R8":"3"},"J8":{"R2":"3","WG":"3"},"QC":{"88":"3"},"JC":{"4G":"3","9M":"3"},"MM":{"93":"3"},"9X":{"92":"3"},"H7":{"QF":"3"},"J7":{"RR":"3"},"F5":{"QF":"3"},"H9":{"WP":"3"},"2J":{"WP":"3"},"G4":{"2F":"3"},"J5":{"H4":"3"},"2V":{"24":"3","R3":"3"},"CQ":{"FF":"3"},"F8":{"WF":"3"},"H2":{"J7":"3"},"J3":{"CR":"3"},"P4":{"CW":"3"},"QG":{"CM":"3"},"FH":{"55":"3"},"25":{"QH":"3","G6":"3"},"GJ":{"MJ":"3"},"RC":{"Q5":"3"},"GG":{"MP":"3"}},"X4":{"63":{"VM":"3"}},"6J":{"XV":{"2X":"3"},"6X":{"67":"3"},"W2":{"C2":"3"},"W6":{"M6":"3","M7":"3","M5":"3","P6":"3","P5":"3","P7":"3"},"XJ":{"5Q":"3"},"W4":{"98":"3"},"W8":{"6H":"3"}},"84":{"7W":{"6M":"3","5P":"3","5M":"3"},"RP":{"W7":"3","XC":"3"},"62":{"7G":"3"},"M3":{"G4":"3","QQ":"3","J4":"3"},"Q2":{"WR":"3"},"W2":{"6V":"3","4M":"3","3M":"3","4R":"3","29":"3","5R":"3","3J":"3"},"WQ":{"92":"3"},"Q3":{"F7":"3","G2":"3","C3":"3","F6":"3"},"H3":{"QQ":"3"},"92":{"63":"3"},"8H":{"66":"3"},"R3":{"VF":"3"},"7X":{"22":"3"},"WP":{"3F":"3","7X":"3"},"RH":{"VQ":"3"},"W4":{"73":"3","74":"3"},"J3":{"GM":"3","JP":"3","GW":"3","FJ":"3","JQ":"3","HP":"3","GV":"3","MR":"3","GX":"3"},"QG":{"69":"3"},"W3":{"2F":"3"},"P3":{"HQ":"3","JP":"3","FQ":"3","FR":"3","GV":"3","3R":"3","8V":"3"}}},"index":{"university,1|retail,2|tourism,3|wreck,4|historical,5|artsCulture,6|namedBuilding,7|water,8|wetland,9|park,10|beach,11|natureReserve,12|cemetery,13|trail,14":{}}}