{"index":{"university,1|retail,2|tourism,3|wreck,4|historical,5|artsCulture,6|namedBuilding,7|water,8|wetland,9|park,10|beach,11|natureReserve,12|cemetery,13|trail,14":{}},"9M":{"6C":{"MJ":{"FG":"3"},"CJ":{"CC":"3"},"MM":{"5R":"3","4R":"3"}},"CV":{"99":{"PR":"3","QC":"3","QF":"3"},"9F":{"MJ":"3","MH":"3","PC":"3","M8":"3","J9":"3"},"9C":{"JH":"3","M9":"3","MQ":"3","JM":"3","M5":"3","P2":"3"},"38":{"GG":"3","G4":"3","H6":"3","F4":"3","G5":"3"},"C7":{"89":"3"}},"33":{"47":{"MG":"3"},"4G":{"X4":"3"},"3R":{"MJ":"3"},"45":{"XF":"3","XC":"3"},"7X":{"VP":"3"},"WP":{"GC":"3","HC":"3"},"XR":{"RF":"3","QF":"3","V8":"3","RG":"3"},"3X":{"V5":"3"},"9G":{"5R":"6|3"},"64":{"66":"3","58":"3"},"F5":{"W2":"3"},"CJ":{"HH":"3","J3":"3"},"G6":{"H4":"3","H3":"3","XV":"3","G6":"3","73":"3","44":"3","96":"3","34":"3","95":"3","65":"6","54":"3","H7":"6","64":"6","28":"3","45":"3","35":"3","55":"3"},"46":{"Q7":"3"},"55":{"3F":"3","3G":"3","39":"3","2G":"3","2F":"3","2C":"3","29":"3","3C":"3","HV":"3"},"2F":{"58":"3","26":"3"},"74":{"M7":"3"},"F6":{"X7":"3","W4":"6","V4":"3"},"M9":{"8X":"3"},"H6":{"5G":"3"},"66":{"8C":"3","69":"3","7F":"3","8F":"3","79":"3","7C":"3"}},"44":{"JW":{"49":"3"},"GM":{"6Q":"3"},"FQ":{"VQ":"3","V3":"3","QF":"3","X8":"3","W3":"3","V4":"3","VH":"3"},"3M":{"V8":"3"},"2H":{"P4":"3"},"4R":{"CF":"3","9F":"3"},"67":{"96":"3","F7":"3"},"X5":{"R2":"3"},"89":{"23":"3"},"GQ":{"28":"3"},"65":{"P2":"3"},"FV":{"8H":"3"}},"48":{"2G":{"7R":"3","6V":"3"},"GJ":{"CW":"3"},"9W":{"WR":"3","XP":"3","WQ":"3","WM":"3","WP":"3","XM":"3"},"8X":{"JQ":"3","HP":"3"},"FR":{"2V":"3"},"J4":{"4H":"3"},"2J":{"M7":"3"}},"R9":{"F4":{"MW":"3","MV":"3"}},"2X":{"79":{"4G":"3"},"5G":{"5J":"3"},"XQ":{"WR":"3"},"69":{"FC":"3"},"M6":{"QV":"3","FC":"3"},"68":{"X3":"3"},"88":{"33":"3","JR":"3"},"98":{"M7":"3","P7":"3"},"4J":{"4V":"3"},"H4":{"HV":"3"},"W7":{"FF":"3"},"VW":{"MV":"3"}},"C4":{"8W":{"44":"3","9H":"3","42":"3","FG":"3"},"3R":{"CM":"3","CP":"3","FQ":"3","79":"3","FM":"3","FP":"3","CQ":"3"},"8V":{"6X":"3","FM":"3"}},"62":{"8F":{"HQ":"3","JP":"3","JQ":"3","HP":"3","RH":"3"},"2Q":{"JW":"3","JX":"3"},"C6":{"F9":"3"}},"88":{"5J":{"RQ":"3"},"V6":{"J3":"3"},"V5":{"4J":"3","3M":"3","2J":"3","4M":"3","3H":"3","3J":"3"},"RJ":{"MH":"3"},"X4":{"XP":"3"},"4F":{"89":"3","77":"3"},"2F":{"MR":"3"},"6C":{"RF":"3","4X":"3","GQ":"3"},"WM":{"PV":"3","PW":"3","MV":"3"},"32":{"M9":"3"},"H4":{"QV":"3","VH":"3"},"6F":{"8R":"3","7V":"3","8V":"3"}},"3V":{"26":{"5G":"3"}},"WG":{"MF":{"WW":"3"}},"V3":{"M7":{"F6":"3"},"P6":{"6X":"3","6W":"3"}},"9P":{"6V":{"7V":"3"}},"7F":{"67":{"WR":"3","5H":"3","W3":"3"},"G5":{"RW":"6","PG":"3","FR":"3","GQ":"3","GM":"3","FQ":"3","GR":"3"},"7R":{"X6":"3","PJ":"3","M9":"3","MC":"3","MF":"3","P9":"3"},"76":{"MJ":"3","PG":"3","MM":"3","PQ":"6"},"77":{"7W":"3","9Q":"3","7X":"3","6X":"3","8W":"3","6W":"3","CJ":"3","7V":"3","9R":"3","CP":"3","CM":"3","GH":"3","9P":"3","FJ":"3","9M":"3","8V":"3","FH":"3","8R":"3"},"G6":{"93":"6","92":"6"},"C4":{"5H":"3"},"94":{"39":"3"},"78":{"54":"3","62":"3","52":"3","53":"3","55":"3","72":"3","63":"3","65":"3","64":"3"},"J3":{"3H":"3"},"8V":{"C2":"3","92":"3"},"8R":{"8G":"3","9G":"3"}},"7V":{"WX":{"PR":"3"},"XR":{"69":"3"},"49":{"CV":"3"},"39":{"34":"3"},"6G":{"2G":"3"},"9G":{"HF":"3"},"29":{"8W":"3","3R":"3"},"CG":{"X6":"3"}},"8G":{"36":{"9V":"3","CV":"3","9W":"3","CR":"3","CW":"3","9R":"3"},"7F":{"5R":"3","4Q":"3","4R":"3","HX":"6","5Q":"3","4W":"3"},"7H":{"F7":"3"},"79":{"Q4":"3"},"7C":{"3J":"3"},"27":{"68":"3"},"2C":{"69":"3","6C":"3","68":"3"},"6F":{"JH":"3","W2":"3","P9":"3","W3":"3"},"6C":{"WW":"3","XW":"3"},"29":{"F9":"3","CG":"3"},"7G":{"H2":"3","GW":"3"}},"8W":{"99":{"76":"3"}},"4H":{"XF":{"92":"3"},"R9":{"VQ":"3","JW":"3","G9":"3","FF":"3","H9":"3","GC":"3","PQ":"3","4J":"3","FH":"3","FG":"3","FC":"3"},"VC":{"FG":"3","38":"3"},"Q9":{"HC":"3"},"WF":{"48":"3","F6":"3"},"XC":{"Q9":"3","QC":"3","P9":"3"},"C2":{"XR":"3"},"W9":{"GX":"3"},"QG":{"W6":"3"},"RF":{"GG":"3","5J":"3","XH":"3","G4":"3","XG":"3","2M":"3","3J":"3"},"XG":{"P6":"3"},"RG":{"5G":"3"},"RC":{"P8":"3","GV":"3"}},"2F":{"9P":{"33":"3"},"4C":{"CV":"3"},"5Q":{"35":"3"}},"XC":{"C8":{"86":"3"},"86":{"V7":"3","X4":"3","W5":"3","X3":"3","X5":"3","V8":"3","R5":"3"},"G4":{"C3":"3"},"99":{"72":"3","82":"3"},"85":{"VR":"6","WQ":"3"},"FM":{"GR":"3","4C":"3"},"F5":{"5R":"3","6R":"3"},"96":{"25":"3","26":"3"},"FP":{"46":"3"},"94":{"5J":"3","4V":"3"},"95":{"3X":"6","49":"3","6W":"3","5H":"3","6V":"3","3W":"6","3H":"3","3J":"3"},"F9":{"HM":"3","7J":"3","JR":"3","PP":"3","JQ":"3","XX":"3","PJ":"3","VW":"3"},"H8":{"X4":"3"},"C7":{"H5":"3"},"8J":{"P3":"3"},"98":{"6V":"3","7W":"3","9Q":"3","8X":"3","7X":"3","6X":"3","8W":"3","6W":"3","7V":"3","9R":"3","6R":"3","8P":"3","9P":"3","8V":"3","9V":"3","8R":"3"},"3W":{"6X":"3","XP":"3"},"92":{"2Q":"3","8X":"3"},"FC":{"Q3":"3","X2":"3"},"C5":{"XQ":"3"},"FG":{"JJ":"3"}},"FW":{"Q2":{"45":"3","V4":"3"}},"58":{"XF":{"43":"3"},"VQ":{"H3":"3"},"VM":{"X9":"3"},"HM":{"PX":"3"},"5J":{"WR":"3","WQ":"3"},"QH":{"59":"3"},"RV":{"46":"3"},"JF":{"3V":"3"},"VJ":{"7H":"3","MW":"3","F9":"3","FH":"3"},"6P":{"WX":"3"},"77":{"49":"3","27":"3"},"VP":{"VW":"3","MX":"6"},"CQ":{"9M":"3"},"78":{"PX":"3"},"RQ":{"2X":"3","2W":"3","6W":"3","H7":"3"},"VF":{"7V":"6"},"QQ":{"XW":"3","XX":"3"},"XG":{"QV":"3"},"RG":{"V7":"3","W5":"3","V6":"3","W6":"3","V5":"3"},"QW":{"Q3":"3","R3":"3"},"HP":{"P3":"3"},"QX":{"R3":"3","8W":"3","M8":"3"}},"F2":{"3V":{"43":"3","5C":"3","49":"3"},"2V":{"PG":"3","VH":"3"}},"29":{"6C":{"58":"3","CW":"3"},"VG":{"6H":"3"},"FH":{"2W":"3"},"FJ":{"88":"3","XW":"3","FC":"3","RM":"3"},"7F":{"3X":"3","2W":"3"},"7V":{"3R":"3","3V":"3","4R":"3","3W":"3","4V":"3","2V":"3","2F":"3","38":"3","33":"3","2W":"3","32":"3","42":"3","43":"3"},"8G":{"8R":"3","47":"3","F3":"3","9C":"3","9V":"3","9P":"3","CC":"3","CF":"3","9M":"3","9F":"3","F2":"3","72":"3","74":"3","9H":"3","42":"3","9R":"3","8V":"3","C4":"3"},"4H":{"CM":"3","7R":"3","PF":"3","FJ":"3","FM":"3","6V":"3","3W":"3","4W":"3","64":"3"},"58":{"JV":"3","J3":"3"},"JX":{"J6":"3","F5":"3"},"RJ":{"H2":"3"},"GP":{"H6":"3"},"GM":{"6G":"3"},"8P":{"87":"3","RX":"3","88":"3","QX":"3"},"5P":{"RF":"3","VV":"3","HW":"3","W7":"3","VW":"3"},"7W":{"43":"3"},"4Q":{"2X":"3"},"9J":{"X4":"3","7M":"3"},"JW":{"FQ":"3","FP":"3","9C":"3"},"3J":{"P9":"3"},"7M":{"QG":"3","HJ":"3","QF":"3","QC":"3","3J":"3","57":"3","VF":"3","27":"3","W7":"3","XM":"3","PJ":"3","MJ":"3","V9":"3","23":"3","PH":"3","54":"3","66":"3","W8":"3","64":"3","VC":"3","GJ":"3","HH":"3","RF":"3","X7":"3","RC":"3","GH":"3","R9":"3","Q8":"3","Q2":"3","4Q":"3","X8":"3"},"57":{"HQ":"3"},"2M":{"X5":"3","Q5":"3"},"6Q":{"M5":"3"},"6P":{"JX":"3"},"7R":{"3X":"3","4X":"3"},"8J":{"53":"3","47":"3","52":"3","43":"3","33":"3","JQ":"3","2G":"3","HG":"3","56":"3","MP":"3","JP":"3","73":"3","G9":"3","44":"3","75":"3","PR":"3","MW":"3","34":"3","95":"3","65":"3","54":"3","46":"3","MR":"3","64":"3","74":"3","82":"3","MQ":"3","42":"3","45":"3","35":"3","MV":"3","2F":"3","55":"3","83":"3","32":"3","84":"3"},"Q8":{"MW":"3"},"2G":{"4X":"3"},"5F":{"2Q":"3","GW":"3","CV":"3","3P":"3"},"WF":{"2P":"3","3Q":"3"},"68":{"R5":"3"},"XM":{"CR":"3"},"5W":{"6C":"3","HP":"3","FH":"3","FJ":"3","CV":"3","CG":"3","G9":"3","44":"3","FP":"3","4P":"3","C4":"3","C8":"3","62":"3","88":"3","C5":"3","9P":"3","7F":"3","7V":"3","8G":"3","GF":"3","8W":"3","4H":"3","9Q":"3","9W":"3","58":"3","FF":"3","GP":"3","GM":"3","PG":"3","8P":"3","5P":"3","52":"3","G4":"3","7W":"3","7C":"3","FQ":"3","4Q":"3","M8":"3","9J":"3","JR":"3","F8":"3","C9":"3","FR":"3","73":"3","JH":"3","7M":"3","9V":"3","57":"3","PH":"3","6Q":"3","F6":"3","79":"3","6P":"3","7R":"3","8J":"3","8R":"3","CR":"3","GG":"3","7J":"3","7H":"3","5F":"3","H9":"3","JF":"3","77":"3","F5":"3","69":"3","74":"3","83":"3","68":"3","F7":"3","CQ":"3","5Q":"3","G8":"3","CJ":"3","54":"3","5J":"3","93":"3","8C":"3","HJ":"3","G6":"3","GJ":"3","6G":"3","87":"3","8V":"3","HC":"3","HR":"3","4M":"3","JQ":"3","F3":"3","99":"3","55":"3","6V":"3","8M":"3","7P":"3","JJ":"3","75":"3","43":"3","9R":"3","GR":"3","67":"3","HH":"3","C3":"3","53":"3","FC":"3","3P":"3","5M":"3","86":"3","98":"3","63":"3","H8":"3","9M":"3","9G":"3","8H":"3","97":"3","92":"3","MF":"3","42":"3","GX":"3","CC":"3","CH":"3","8F":"3","9H":"3","82":"3","6F":"3","94":"3","F4":"3","4G":"3","9C":"3","JP":"3","HF":"3","7G":"3","HM":"3","C2":"3","C7":"3","72":"3","89":"3","65":"3","5V":"3","FM":"3","GC":"3","G5":"3","3Q":"3","5R":"3","6M":"3","64":"3","76":"3","CF":"3","6W":"3","96":"3","C6":"3","J8":"3","9F":"3","4J":"3","78":"3","56":"3","5G":"3","CM":"3","GQ":"3","F9":"3","GH":"3","HG":"3","6H":"3","FG":"3","7Q":"3","5H":"3","5C":"3","CP":"3","95":"3","6R":"3","66":"3","8Q":"3","4R":"3","85":"3","59":"3","JG":"3","HQ":"3","JM":"3","G7":"3","6J":"3","84":"3"},"5Q":{"8X":"3","7X":"3"},"CJ":{"42":"3"},"54":{"5M":"3"},"93":{"43":"3","44":"3","52":"3","24":"3","42":"3","34":"3"},"8C":{"VR":"3","RV":"3","RR":"3","RW":"3","VX":"3","RX":"3","QX":"3","W9":"3","VW":"3","RM":"3","VQ":"3","W8":"3"},"GJ":{"2X":"3"},"HR":{"8Q":"3"},"99":{"2F":"3","53":"3","55":"3","2C":"3","57":"3"},"3F":{"H9":"3"},"6V":{"WR":"3","MC":"3","R3":"3","PC":"3","6J":"3","W6":"3","P6":"3"},"8M":{"43":"3","33":"3","26":"3","34":"3"},"7P":{"25":"3","93":"3","73":"3","83":"3"},"3C":{"RP":"3","GW":"3","GV":"3","VM":"3","CW":"3","HV":"3"},"53":{"28":"3"},"49":{"2H":"3","WC":"3","7X":"3"},"3P":{"HF":"3","FM":"3","FP":"3","HG":"3","JG":"3"},"86":{"XH":"3","VC":"3","W9":"3"},"P6":{"XV":"3"},"98":{"5J":"3","5M":"3"},"8H":{"4V":"3","6J":"3","5J":"3","85":"3","6R":"3","6G":"3","6H":"3","5H":"3","4R":"3","6M":"3","5P":"3","7J":"3","6W":"3","5W":"3","5M":"3","5V":"3","6F":"3","82":"3","4X":"3","5R":"3","8W":"3","83":"3","4Q":"3","5Q":"3","4P":"3","84":"3"},"97":{"7W":"3","7V":"3"},"92":{"9Q":"3","Q4":"3","CJ":"3","9R":"3","CQ":"3","CM":"3","8Q":"3","9P":"3","9M":"3","HF":"3","FH":"3","CR":"3","GF":"3","9V":"3","9J":"3"},"CH":{"FP":"3","C5":"3"},"8F":{"HM":"3","JR":"3","HR":"3","JV":"3","HJ":"3","Q2":"3","FR":"3","FV":"3","HH":"3","CX":"3","X3":"3","R2":"3","HV":"3","W3":"3","CQ":"3","FQ":"3","HG":"3","CR":"3","GF":"3","HP":"3","JM":"3","GG":"3"},"6F":{"XR":"3","2Q":"3","VP":"3","WQ":"3","VQ":"3"},"3H":{"XR":"3","XH":"3","R8":"3","P5":"3","F3":"3"},"9C":{"24":"3"},"RF":{"G8":"3"},"2P":{"CH":"3"},"7G":{"Q4":"3","PF":"3","96":"3","MF":"3","G7":"3","85":"3","J8":"3","R6":"3","C6":"3","32":"3"},"2H":{"6M":"3","6J":"3","46":"3","95":"3"},"Q7":{"6W":"3"},"4F":{"QW":"3","6H":"3","6C":"3","68":"3","65":"3"},"89":{"RV":"3","RW":"3"},"6X":{"RF":"3","XH":"3","RH":"3","WH":"3","M2":"3"},"5V":{"5X":"3","8X":"3","7X":"3","6X":"3","6W":"3","4V":"3","4X":"3","5V":"3","4W":"3","5W":"3"},"FM":{"X4":"3","X3":"3","X5":"3","W3":"3"},"4C":{"5F":"3","5C":"3","3G":"3","4G":"3","59":"3","5W":"3","4P":"3","3J":"3"},"2C":{"65":"3"},"3Q":{"MH":"3","V6":"3","PJ":"3","GF":"3","HG":"3","9M":"3","G9":"3"},"5R":{"72":"3"},"6M":{"XV":"3","XR":"3","62":"3","RX":"3","XF":"3"},"76":{"2M":"3"},"6W":{"Q6":"3","Q5":"3","P6":"3","QC":"3","CW":"3","CV":"3","MP":"3","QG":"3","P2":"3","JP":"3","P8":"3","9V":"3","MG":"3","6X":"3","9R":"3","Q8":"3","QM":"3","PG":"3","JQ":"3","JR":"3","GH":"3","QJ":"3","GJ":"3","HM":"3","HJ":"3","Q7":"3","MQ":"3","CR":"3","M2":"3","JH":"3","Q9":"3","FH":"3","P7":"3","PF":"3","MR":"3"},"96":{"3P":"3"},"5G":{"J5":"3","J4":"3","J6":"3","QG":"3"},"6H":{"8C":"3","4V":"3","5X":"3","3P":"3","3Q":"3"},"5H":{"86":"3","G7":"3","R2":"3","XJ":"3","29":"3","Q7":"3","VF":"3","38":"3","57":"3","P7":"3","C6":"3","P6":"3"},"5C":{"W5":"3","X5":"3","W4":"3"},"6R":{"VV":"3","PG":"3","M6":"3","Q9":"3","PJ":"3"},"66":{"W3":"3"},"8Q":{"G8":"3"},"3G":{"9V":"3","QV":"3"},"4R":{"V6":"3"},"59":{"66":"3","RV":"3","RR":"3","RW":"3","G2":"3","C5":"3","P6":"3","P7":"3","F3":"3"},"WM":{"VP":"3"},"RM":{"M7":"3"},"6J":{"JC":"3","85":"3","63":"3","J9":"3"}},"2J":{"48":{"XQ":"3"},"49":{"33":"3","9R":"3"}},"GM":{"92":{"GM":"3","GJ":"3"}},"PG":{"2M":{"MP":"3"}},"8P":{"4J":{"49":"3"},"5R":{"32":"3"},"4G":{"CM":"3","QP":"3","FP":"3","HM":"3"},"4H":{"9W":"3","RW":"3","CW":"3","3H":"3","7Q":"3"},"5G":{"5R":"3"},"3J":{"XH":"3","R8":"3","R9":"3","R7":"3"}},"M5":{"HQ":{"RF":"3"},"HV":{"J6":"3"}},"4X":{"HP":{"Q8":"3"},"V2":{"M5":"3"},"MF":{"X7":"3"},"GR":{"7F":"3","4H":"6","FM":"3","6C":"3"},"22":{"RJ":"3"},"M2":{"JR":"3"},"M9":{"PC":"3"},"R2":{"88":"3"},"Q7":{"72":"3"},"23":{"J8":"3"},"R3":{"JQ":"3"},"Q5":{"W7":"3"},"MC":{"V7":"3"},"Q3":{"8V":"3"},"PC":{"2Q":"3"},"P2":{"9P":"3"},"Q2":{"CG":"3","P6":"3"},"PF":{"2P":"3","2F":"3","4P":"3","28":"3"}},"WJ":{"Q4":{"27":"3","28":"3"},"Q3":{"2P":"3"},"XW":{"58":"3"},"PQ":{"2C":"3"},"P4":{"X9":"3"}},"2R":{"XX":{"XQ":"3"}},"3R":{"8X":{"CG":"3"}},"52":{"2W":{"C9":"3","C8":"3"},"6R":{"53":"3"},"R9":{"H9":"3","H8":"3","J8":"3","J9":"3"},"82":{"2X":"3"},"2M":{"2J":"3"},"HV":{"WG":"3","WF":"3"},"7Q":{"9J":"3"}},"7W":{"HJ":{"3F":"3","39":"3","3C":"3"},"W2":{"Q2":"3","R3":"3","MX":"3"}},"7C":{"GR":{"M9":"3","M8":"3"},"32":{"F7":"3","C7":"3"}},"Q4":{"PF":{"35":"3","44":"3","37":"3"}},"35":{"J4":{"FF":"3","FG":"3","VQ":"3"},"8P":{"9Q":"3"},"9P":{"49":"3"},"GV":{"4X":"3","5X":"3"},"36":{"5M":"3"},"4M":{"CG":"3"},"F5":{"8P":"3","8M":"3"},"6R":{"M4":"3"},"FP":{"X3":"3"},"6G":{"JP":"3","JG":"3"},"FR":{"R8":"3"},"5P":{"XJ":"3"},"JX":{"36":"3"},"F2":{"2F":"3"},"MH":{"QF":"3"},"5M":{"MR":"3"},"6F":{"M7":"3"},"8C":{"5C":"3"},"C2":{"7W":"3","XM":"3"},"82":{"QR":"3","JX":"3"},"CH":{"33":"3","23":"3"},"XX":{"C4":"3"},"9H":{"6H":"3","CC":"3","CG":"3"},"5X":{"F9":"3"},"42":{"WM":"3","WP":"3"},"6Q":{"GW":"3","22":"3","FW":"3"},"CP":{"2X":"3"},"C3":{"M7":"3"},"83":{"Q3":"3"},"C5":{"Q5":"3"},"C4":{"QX":"3"},"PF":{"PW":"3"}},"C9":{"38":{"8W":"3"}},"73":{"42":{"QR":"3"},"3H":{"W8":"3"}},"3J":{"CJ":{"Q2":"3"},"27":{"7Q":"3"}},"7M":{"CM":{"WR":"3"},"C8":{"8W":"3","RH":"3","5V":"3"},"9C":{"VM":"3","QG":"3","RC":"3"},"V2":{"H8":"3","Q7":"3","FM":"3","X2":"3","W6":"3","W4":"3","W3":"3"},"M2":{"V4":"3"},"9V":{"H7":"3","29":"3"},"G4":{"72":"3"},"W7":{"M3":"3"},"R2":{"PX":"3"},"X3":{"CP":"3","CX":"3"},"WH":{"WC":"3","WM":"3"},"PR":{"43":"3"},"F5":{"7R":"3","49":"3","M7":"3"},"9W":{"7C":"3","93":"3","4M":"3"},"CC":{"29":"3","57":"3"},"X2":{"RH":"3"},"C7":{"66":"3","6W":"3","89":"3","7Q":"3"},"9J":{"C4":"3"},"C9":{"PF":"3"},"9F":{"W7":"3","V5":"3","P7":"3"},"9G":{"RF":"3","Q2":"3","RH":"3","QF":"3"},"R3":{"8V":"3"},"G2":{"G8":"3","WJ":"3","5X":"3","V6":"3","R3":"3","G7":"3","6V":"3","WF":"3"},"CR":{"3X":"3"},"RF":{"CJ":"3"},"CQ":{"C8":"3"},"9H":{"X2":"3","9F":"3","86":"3","F5":"3"},"X7":{"HG":"3"},"H2":{"W4":"3"},"W3":{"9C":"3","89":"3"},"G3":{"4G":"3"},"J2":{"64":"3"},"P2":{"55":"3"},"C5":{"8W":"3","FP":"3","CW":"3","RJ":"3"},"C6":{"69":"3","8X":"3","JX":"3"}},"9V":{"W9":{"CR":"3"}},"57":{"M4":{"HR":"3"},"WR":{"W6":"3"},"CP":{"5W":"3","6R":"3","6W":"3","6V":"3","5V":"3"},"WJ":{"PX":"3","HW":"3"},"7V":{"QR":"3"},"3M":{"J7":"3","42":"3","WH":"3","F4":"3"},"V6":{"P8":"3","M9":"3"},"WM":{"Q9":"3"},"M2":{"F3":"3"},"FW":{"26":"3"}},"PH":{"8M":{"C5":"3"}},"6Q":{"F9":{"MX":"3"},"82":{"4V":"3"},"P5":{"6V":"3"}},"47":{"7M":{"R4":"3"},"CM":{"HQ":"3","GV":"3","7X":"3"},"CG":{"H9":"3"},"33":{"7C":"3"},"22":{"94":"3","82":"3"},"7C":{"Q3":"3","WC":"3","XF":"3","XC":"3","V8":"3","WF":"3"},"HG":{"WX":"3","WW":"3","XW":"3","XX":"3"},"F7":{"GH":"3"},"G4":{"7V":"3","6W":"3","6V":"3","CH":"3"},"G6":{"W5":"3","WM":"3","X3":"3","QF":"3","R5":"3","Q5":"3","QG":"6"},"4W":{"4C":"3","2C":"3","29":"3"},"F5":{"Q4":"3","Q5":"3"},"H8":{"42":"3"},"CF":{"HM":"3"},"3P":{"8R":"3","7Q":"3"},"VG":{"M9":"3"},"H7":{"Q4":"3"},"H6":{"9V":"3","5M":"3","2M":"3"},"5V":{"27":"3"},"HH":{"VG":"3","W2":"3","RH":"3","RJ":"3","VH":"3","VF":"3","RF":"3","RG":"3","X2":"3"},"3W":{"WC":"3"},"CH":{"GC":"3","HC":"3","G9":"3"},"2C":{"93":"3","92":"3"},"3V":{"QP":"3","QG":"3","QJ":"3","QV":"3","MG":"3","VF":"3","RJ":"3","MP":"3","PQ":"3","VJ":"3","RH":"3","PR":"3","RP":"3","QQ":"3","PJ":"3","JJ":"3","MJ":"3","VG":"3","PH":"3","PG":"3","VH":"3","RQ":"3","VM":"3","MR":"3","MH":"3","QM":"3","RG":"3","QH":"3","PV":"3","MQ":"3","QR":"3","JH":"3","RR":"3","VP":"3","MV":"3","MM":"3","RM":"3","PP":"3","PM":"3"},"2V":{"2J":"3"},"HV":{"6M":"3","5J":"3","5M":"3","6H":"3","6J":"3","6G":"3","5H":"3"},"CP":{"92":"3","72":"3","82":"3","83":"3","77":"3","75":"3","F3":"3"},"29":{"9X":"3"},"G7":{"H3":"3"},"VQ":{"M6":"3"},"F4":{"PV":"3","PX":"3","JX":"3","QV":"3"},"G5":{"62":"3","7C":"3","JJ":"3","XW":"3"},"2W":{"78":"3","42":"3","55":"3"}},"79":{"PQ":{"GW":"3"}},"6P":{"M8":{"RP":"3"},"V3":{"MM":"3","JX":"3","86":"3"},"V5":{"R7":"3"},"R3":{"RP":"3","WM":"3","VJ":"3"},"W5":{"67":"3","7G":"3"},"GP":{"6R":"3"},"3F":{"62":"3"},"36":{"48":"3"},"39":{"63":"3"},"3H":{"4V":"3"},"2H":{"XV":"3"},"Q3":{"VJ":"3"},"78":{"WH":"3"},"37":{"3C":"3"},"8C":{"8Q":"3"},"Q5":{"J7":"3"},"P6":{"XF":"3"}},"4W":{"HV":{"4V":"3"}},"X9":{"8Q":{"RQ":"3","VP":"3"},"9J":{"9V":"3"},"5X":{"4R":"3"},"9H":{"G7":"3"},"9P":{"4F":"3"},"9G":{"GC":"3"},"8V":{"J2":"3"}},"8J":{"47":{"52":"3"},"43":{"68":"3"},"4V":{"99":"3"},"JV":{"F5":"3"},"3Q":{"RQ":"3","RV":"3","MM":"3"},"36":{"RC":"3"},"5J":{"J9":"3"},"3X":{"3F":"6","33":"3","24":"3","C6":"3"},"2R":{"7W":"3","6P":"6","GM":"3","5P":"6","G6":"3","6X":"3","5X":"3","8X":"3","5W":"3","5M":"3","42":"3","7X":"3","6Q":"3"},"3P":{"7H":"3","8J":"3","8H":"3","7J":"3"},"5P":{"5F":"3"},"8X":{"CF":"3","46":"3"},"2M":{"97":"3","58":"3","2G":"3","4G":"3","36":"3","7F":"3","99":"3","85":"3","44":"3","7H":"3","3M":"3","CW":"3","67":"3","4F":"3","3P":"3","79":"3","2Q":"3","8J":"3","8C":"3","2C":"3","4X":"3","24":"3","9R":"3","55":"3","4C":"3","C6":"3","2P":"3","3F":"3"},"6W":{"WQ":"3"},"5W":{"5J":"3","5H":"3"},"2Q":{"GV":"3","FR":"3","36":"3","2J":"3","2H":"3","8Q":"6","37":"3","5W":"3"},"46":{"VR":"3"},"3H":{"CJ":"3"},"JR":{"WW":"3"},"64":{"JX":"3"},"2X":{"CM":"3","X6":"3","5C":"3","CP":"3","CJ":"3","7H":"3","42":"3","X3":"3","68":"3","47":"3","QG":"3"},"7V":{"GX":"3"},"3W":{"HJ":"3","6Q":"3"},"2C":{"FC":"3"},"6X":{"Q7":"3"},"MQ":{"FH":"3"},"5X":{"FF":"3"},"3V":{"RQ":"3","RP":"3","56":"3"},"38":{"2G":"3"},"35":{"X8":"3"},"2V":{"7G":"3","QP":"3","H4":"3","68":"6","PX":"3","43":"3","PW":"3","69":"3","7Q":"3","5C":"3","63":"3","7F":"3","44":"3","75":"3","F5":"3","FP":"3","6H":"3","4F":"3","8H":"3","9J":"3","49":"3","H6":"3","6W":"3","59":"6|3","GX":"3","66":"3","64":"3|6","5M":"3","4J":"3","72":"3","74":"3|6","76":"3","PC":"3","5F":"3","6V":"3","7R":"3","4C":"3","5G":"6|3","84":"3"},"5F":{"MM":"3"},"7W":{"QR":"3"},"8W":{"7W":"3","4V":"3"},"6V":{"MG":"3","CG":"3"},"2W":{"Q8":"3","3P":"3","X6":"3","M3":"3","R4":"3","J4":"3","QF":"3","R3":"3","M4":"3","3M":"3","C3":"3","X8":"3","X5":"3","M7":"3","X4":"3","W4":"3","PC":"3","Q5":"3","P4":"3"},"8V":{"P9":"3"},"2P":{"75":"3","27":"3","52":"3","2P":"3","28":"3","97":"3","22":"3","3F":"3","76":"3","3G":"3","99":"3","94":"3","3H":"3","29":"3","35":"3","9F":"3","53":"3","23":"3","2G":"3","3J":"3","24":"3","26":"3","4Q":"3","43":"3","C7":"3"},"2H":{"9X":"3","9P":"3"}},"MV":{"WQ":{"6M":"3"}},"8R":{"6H":{"2C":"3"},"6G":{"3V":"3","2W":"3"},"6F":{"3V":"3"},"63":{"P8":"3","67":"3"},"M2":{"3X":"3"},"4W":{"96":"3"},"64":{"5H":"3"}},"2Q":{"44":{"4V":"3"},"45":{"22":"3"},"75":{"64":"3"}},"2G":{"6P":{"MG":"3"},"2P":{"JP":"3"},"9C":{"JM":"3"},"74":{"JH":"3"},"R6":{"3V":"3"}},"7J":{"VG":{"FX":"3","Q6":"3","CR":"3","9Q":"3"},"WV":{"9Q":"3","GV":"3","MG":"3","J8":"3","GW":"3","X9":"3","V7":"3","W2":"3","C3":"3","6M":"3","9M":"3"},"XF":{"4R":"3","57":"3"},"W6":{"2V":"3"},"WF":{"2H":"3","94":"3"},"W8":{"J4":"3"},"WP":{"5J":"3","8F":"3","RV":"3","6J":"3","8G":"3","9G":"3","7M":"3","9H":"3","9R":"3","6R":"3","HW":"3","RR":"3","8Q":"3","9F":"3","6M":"3","4J":"3","CR":"3"},"WX":{"87":"3","3V":"3","V6":"3","GP":"3","HH":"3","95":"3","PF":"3","2F":"3"},"XR":{"3R":"3","3P":"3","3V":"3","W5":"3","QV":"3","4V":"3","2V":"3","78":"3","JH":"3","68":"3","82":"3","26":"3","84":"3","QW":"3","JM":"3"},"X9":{"7J":"3","HH":"3","5P":"3","5M":"3","9F":"3","88":"3","4P":"3","8R":"3"},"R7":{"J2":"3","J3":"3"},"JW":{"MW":"3","JF":"3","MX":"3","MG":"3"},"63":{"C2":"3","C3":"3"},"XQ":{"VF":"3","7R":"3","9X":"3","WV":"3","RV":"3","M6":"3","8X":"3","CW":"3","6V":"3","M2":"3","FW":"3","P3":"3"},"HX":{"3X":"3","49":"3","93":"3","92":"3"},"WQ":{"M4":"3","XP":"3","73":"3","XJ":"3"},"PR":{"FQ":"3"},"QM":{"RC":"3"},"XM":{"J8":"3","QC":"3","P5":"3","RM":"3","JW":"3","R4":"3","H7":"3","QF":"3","XQ":"3","RX":"3","VV":"3","MC":"3","JQ":"3","PF":"3","G6":"3","RH":"3","J5":"3","RR":"3","M6":"3","W4":"3","8P":"3","PC":"3","R6":"3","XH":"3","XV":"3","XP":"3","RG":"3","R5":"3","VX":"3","VW":"3"},"X8":{"2G":"3","3C":"3"},"HV":{"FX":"3","HC":"3","PR":"3","MF":"3","MX":"3"},"RJ":{"CF":"3","7G":"3"},"JX":{"XQ":"3","XH":"3","9H":"3"},"HW":{"9M":"3"},"XJ":{"JP":"3","FX":"3","66":"3","G3":"3","W2":"3","67":"3","FW":"3"},"WR":{"XR":"3","V2":"3","X6":"3","H3":"3","X5":"3","PW":"3","XV":"3","XP":"3","WH":"3","X2":"3","WP":"3","XQ":"3","RQ":"3","WQ":"3","XW":"3","RW":"3","RR":"3","W3":"3","J6":"3","M7":"3"},"PV":{"F3":"3"},"PQ":{"FP":"3"},"XX":{"V7":"3","V6":"3","MQ":"3","67":"3","WC":"3","R6":"3","R7":"3"},"VF":{"V4":"3"},"MW":{"MW":"3","MX":"3"},"WC":{"PR":"3","HV":"3"},"XW":{"6P":"3","W5":"6","PV":"3","W4":"6","53":"3","2W":"3","R6":"3","WH":"6","V8":"3","2Q":"3"},"PC":{"V7":"3","V6":"3","R7":"3","R6":"3","V8":"3"},"XH":{"GG":"3","GR":"3","MQ":"3","FH":"3","5V":"3"},"WW":{"67":"3","3P":"3","2J":"3","Q3":"3","66":"3","8R":"3","HP":"3"},"R6":{"V7":"3"},"QQ":{"96":"3"},"W9":{"X9":"3","XC":"3"},"QG":{"PW":"3","XJ":"3","WH":"3"},"HF":{"H8":"3"},"XV":{"XV":"3","25":"3","4P":"3","76":"3","RM":"3"},"XP":{"7M":"3","V5":"3","WC":"3","V6":"3","V8":"3","QG":"3","PX":"3","X5":"3","8P":"3","WM":"3","8M":"3","MG":"3","W7":"3","R2":"3","MW":"3","7H":"3","XM":"3","8H":"3","V9":"3","WP":"3","V7":"3","9J":"3","7J":"3","VH":"3","V4":"3","9M":"3","VM":"3","W2":"3","8J":"3","XH":"3","VW":"3","W9":"3","XF":"3","R3":"3","VC":"3","RG":"3","3W":"3","QH":"3","RF":"3","RC":"3","7W":"3","VR":"3","7P":"3","R9":"3","VQ":"3","2W":"3","R7":"3"},"WG":{"3X":"3","2M":"3"},"RG":{"8F":"3"},"MX":{"2G":"3","W2":"3"},"R5":{"R7":"3"},"GX":{"RQ":"3","HH":"3","HW":"3","VJ":"3"},"W7":{"RQ":"3","QR":"3","VR":"3","GC":"3","QQ":"3"},"VX":{"WR":"3","WG":"3"},"VW":{"QW":"3","QF":"3"}},"H4":{"GC":{"P7":"3"}},"7H":{"8P":{"HH":"3"},"37":{"88":"3"},"9P":{"P8":"3"},"6G":{"9F":"3"},"GF":{"GC":"3"}},"5F":{"Q8":{"62":"3","G5":"3","F5":"3"},"J2":{"XP":"3"},"V2":{"2H":"3"},"M3":{"G3":"3","X2":"3","95":"3"},"V3":{"CP":"3","79":"3","9H":"3","9G":"3","57":"3"},"Q6":{"CP":"3","CV":"3","8G":"3","73":"3"},"X9":{"4C":"3","64":"3"},"V6":{"5P":"3","4Q":"3","G9":"3"},"9X":{"V6":"3"},"V5":{"FF":"3"},"R7":{"JC":"3","8P":"3","W5":"3","8M":"3","J8":"3","7M":"3","4F":"3","9M":"3"},"V7":{"7V":"3","4G":"3","CW":"3","3C":"3"},"R4":{"2X":"3","32":"3"},"Q4":{"XV":"3","V7":"3","VQ":"3","QJ":"3"},"Q2":{"M3":"3","8C":"3","G5":"3","C5":"3","J2":"3","HR":"3","J5":"3","CW":"3","J3":"3","F5":"3","G7":"3","X7":"3","MG":"3","F4":"3","H4":"3","M5":"3","96":"3","X8":"3","WQ":"3","G6":"3","H5":"3","9C":"3","F8":"3","C8":"3","H6":"3","97":"3","4R":"3","98":"3","G3":"3","99":"3","G4":"3","F7":"3","C6":"3","H3":"3","89":"3","88":"3","M4":"3","C9":"3","CC":"3","87":"3","C7":"3","GW":"3","F6":"3","RJ":"3","J4":"3"},"R3":{"MX":"3"},"W5":{"3X":"3"},"P2":{"3F":"3","59":"3","45":"3","55":"3","46":"3"},"X8":{"28":"3"},"R2":{"W7":"3"},"P8":{"6G":"3"},"V4":{"94":"3"},"R8":{"42":"3","PP":"3"},"CQ":{"FP":"3"},"M2":{"VV":"3","4V":"3","WW":"3","5W":"3","WP":"3","XX":"3"},"Q7":{"MG":"3","V3":"3","R7":"3","97":"3","QF":"3","FF":"3","3G":"3","37":"3","R6":"3","CC":"3"},"Q3":{"VF":"3","9X":"3","QX":"3","V5":"3","RJ":"3"},"P3":{"37":"3","7H":"3","RW":"3","8M":"3","CQ":"3","FV":"3"},"R6":{"35":"3","HQ":"3","3F":"3","FQ":"3","JQ":"3"},"Q5":{"WJ":"3","X5":"3","34":"3","47":"3","5G":"3"},"P4":{"XH":"3","R2":"3","XG":"3","XJ":"3","WH":"3","M5":"3","P4":"3","P5":"3"},"V8":{"JC":"3","H2":"3","24":"3","M5":"3","3H":"3"},"CR":{"G3":"3"}},"32":{"V7":{"3M":"3","2P":"3","3P":"3","3Q":"3"},"JR":{"Q3":"3"},"RW":{"67":"3","89":"3","57":"3"},"PR":{"JP":"3","9J":"3","9H":"3","9M":"3","3J":"3"},"QV":{"JJ":"3","6R":"3","6V":"3","MP":"3"},"95":{"6R":"3"},"V4":{"5R":"3","4V":"3","4R":"3","5W":"3","5V":"3","4W":"3"}},"3M":{"H2":{"C4":"3"},"HV":{"3M":"3","4Q":"3","3P":"3","4P":"3","3Q":"3"}},"MG":{"43":{"J6":"3"},"3F":{"GF":"3"},"5P":{"42":"3"}},"77":{"MJ":{"8C":"3","7C":"3","79":"3","CF":"3","6C":"3","8F":"3","78":"3","7F":"3","85":"3","96":"3","8H":"3","9C":"3","77":"3","F8":"3","C8":"3","6F":"3","97":"3","9F":"3","8G":"3","7G":"3","98":"3","99":"3","95":"3","69":"3","F7":"3","F9":"3","C6":"3","89":"3","3P":"3","7H":"3","88":"3","C9":"3","9G":"3","CC":"3","87":"3","C7":"3","86":"3"},"7J":{"G8":"3"},"M8":{"3G":"3"},"F3":{"9M":"3"},"8X":{"G3":"3"},"5G":{"GP":"3"},"9G":{"XV":"3","XW":"3","XX":"3"},"7M":{"RP":"3"},"8W":{"JH":"3","MC":"3"},"C8":{"23":"3"},"M5":{"C9":"3"},"8V":{"VR":"3","M6":"3"},"8R":{"WX":"3","WV":"3"}},"69":{"7F":{"6C":"3"}},"74":{"8Q":{"32":"3"},"3R":{"2X":"3","2Q":"3","79":"3","96":"3","2W":"3","8G":"3","3R":"3","2R":"3","W8":"3"},"4V":{"FQ":"3","HJ":"3","PW":"3","PX":"3","HW":"3","85":"3"},"9V":{"93":"3","84":"3","83":"3"},"4H":{"77":"3"},"4W":{"66":"3","MH":"3","CC":"3","F4":"3"},"3X":{"M8":"3","F2":"3","4M":"3","M4":"3","7Q":"3","8Q":"3","4F":"3","8M":"3","4J":"3"},"2R":{"XJ":"3"},"5P":{"4F":"3"},"2M":{"5F":"3","48":"3","39":"3","9H":"3","58":"3"},"5M":{"GX":"3"},"2X":{"W6":"3","86":"3","V2":"3","2P":"3","V3":"3","J4":"3","X3":"3","95":"3","C8":"3","W3":"3","CQ":"3","W4":"3","X2":"3","4H":"3"},"5V":{"RP":"3","9P":"3","WP":"3","PQ":"3"},"CR":{"GC":"3"},"3W":{"2X":"3","9Q":"3","54":"3","8G":"3","J4":"3","H7":"3","J6":"3","44":"3","H8":"3","46":"3","PV":"3","8Q":"3","53":"3","3J":"3","FX":"3","PW":"3"},"2C":{"GV":"3"},"5X":{"55":"3"},"3V":{"HW":"3","3G":"3","3J":"3","4G":"3","4H":"3","5J":"3","4M":"3","PR":"3","3M":"3","67":"3","4F":"3","6M":"3","5P":"3","48":"3","3H":"3","MR":"3","5M":"3","4J":"3","G2":"3","6F":"3","82":"3","PV":"3","4X":"3","MV":"3","4Q":"3","2W":"3","5Q":"3","4P":"3","3F":"3"},"2V":{"WJ":"3","RW":"3","XP":"3","RX":"3","W7":"3","QX":"3","7P":"3","MX":"3","28":"3","PH":"3"},"4X":{"36":"3","GW":"3","58":"3","42":"3"},"7W":{"C2":"3"},"29":{"RG":"3"},"6V":{"XJ":"3"},"4Q":{"37":"3"},"2W":{"V5":"6|3","W4":"3","FH":"6","H4":"3","CG":"3","H3":"3","P8":"3","JF":"6|3","6J":"3","M2":"3","9V":"3","HG":"6","3Q":"3","G6":"6","Q7":"3","6G":"3","6H":"3","RP":"3","CC":"6|3","F9":"3","JJ":"3","H8":"3","5P":"3","M8":"3","PG":"6","7J":"3","R6":"6","VH":"3","H7":"3","J7":"6","H9":"3","C9":"3","JG":"6","W2":"3","R5":"6","9F":"3","WQ":"3","WG":"3","HC":"3|6","M5":"3","J5":"3","MC":"3","Q5":"3","CR":"3","GJ":"3","RG":"3","F6":"3","PV":"3","3V":"3","R4":"3","HF":"6|3","W3":"3","2V":"3","VP":"3","H5":"6","GF":"3","GH":"6|3","MM":"3","J8":"3","R9":"3","P2":"3","FC":"3","7R":"3","Q8":"3","Q2":"6","GC":"3","4Q":"3|6","M7":"3","5Q":"6","FG":"3","PF":"3"},"32":{"FW":"3"},"4P":{"VH":"3"}},"WF":{"RP":{"62":"3"},"RH":{"RC":"3"},"V8":{"F4":"3"},"RJ":{"6W":"3"}},"68":{"J6":{"P6":"6","P7":"6"},"83":{"4X":"3","68":"3"},"C8":{"66":"3","93":"3"},"F9":{"J5":"3"},"FF":{"3F":"3"},"2J":{"2R":"3"},"2H":{"29":"3"},"XX":{"V5":"3"},"74":{"Q7":"3","HX":"3","M5":"6"},"2G":{"3V":"3","3W":"3"},"M5":{"VX":"3","HG":"3","89":"3","95":"3"},"CC":{"JW":"3","JV":"3"},"26":{"V4":"3"},"84":{"CM":"3"},"P6":{"G9":"3"}},"XM":{"99":{"GJ":"3"},"8H":{"8Q":"3"},"9F":{"CC":"3"}},"X8":{"C7":{"6M":"3"},"C5":{"47":"3","3X":"3","3M":"3","39":"3","2J":"3","48":"3","3J":"3","56":"3"},"C6":{"5Q":"3","32":"3"},"F3":{"FG":"3"}},"CQ":{"86":{"69":"3"},"GP":{"9V":"3"}},"45":{"VG":{"XW":"3"},"R4":{"87":"6","GC":"3","97":"3","C7":"3"},"39":{"JR":"3","MR":"3"},"48":{"92":"3"},"8P":{"7R":"3"},"9M":{"V9":"3","R8":"3","V8":"3","VG":"3"},"58":{"43":"3"}},"WP":{"R4":{"26":"3"},"H2":{"XX":"3"},"GJ":{"FW":"3"},"W5":{"3J":"3"},"Q3":{"CW":"3"},"V5":{"42":"3"},"J3":{"39":"3"}},"25":{"8R":{"9W":"3","XX":"3"},"C8":{"XV":"3"},"HJ":{"WF":"3"},"68":{"Q6":"3"},"7C":{"P8":"3","P7":"3"},"8G":{"F3":"3","J4":"3","H7":"3","C3":"3","Q3":"3","Q5":"3","H6":"3","H4":"3","R5":"3"},"7F":{"RC":"3"},"7H":{"GQ":"3"},"8X":{"HJ":"3"},"2M":{"7H":"3"},"79":{"FJ":"3","FM":"3"},"H9":{"Q4":"3"},"J9":{"M2":"3"},"JR":{"59":"3"},"39":{"F6":"3"},"72":{"FM":"3"},"8F":{"H5":"3","PP":"3"},"76":{"6P":"3"},"8W":{"HP":"3","FM":"3"},"RM":{"HJ":"3","VG":"3"},"6V":{"R2":"3"},"PM":{"JG":"3"},"8V":{"MX":"3"}},"5Q":{"GW":{"X5":"3"}},"Q3":{"X3":{"HJ":"3"},"VH":{"JM":"3"}},"37":{"PP":{"VF":"3","WG":"3","VG":"3","WF":"3"},"CX":{"HF":"3","GH":"3","HM":"3","QM":"3"},"WR":{"HM":"3","5X":"3","GV":"3","CX":"3","7V":"3","M7":"3","4X":"3","CH":"3","9P":"3","V8":"3","FH":"3","8R":"3","HP":"3"},"R4":{"XH":"3","XJ":"3"},"QP":{"GP":"3","QP":"3","XR":"3","8P":"3","3G":"3","GR":"3","PW":"3","9P":"3","8M":"3","4G":"3","PQ":"3","4H":"3","FP":"3","QQ":"3","5H":"3","RP":"3","9M":"3","WV":"3","WQ":"3","JR":"3","QM":"3","Q5":"3","HR":"3","GJ":"3","PV":"3","W3":"3","WR":"3","VP":"3","CP":"3","RM":"3","PP":"3","PM":"3","FQ":"3","5G":"3"},"HW":{"36":"3","25":"3","37":"3","C2":"3","33":"3","C4":"3","96":"3","87":"3","27":"3","26":"3","24":"3","97":"3","86":"3","38":"3","F4":"3","28":"3","C3":"3","95":"3","F3":"3"},"HV":{"9W":"3","8X":"3","99":"3","CC":"3","F4":"3"},"3H":{"3R":"3"},"X6":{"QF":"3"},"PR":{"WJ":"3","VP":"3","WM":"3","WP":"3","VM":"3","VJ":"3"},"X2":{"C4":"3","R9":"3","94":"3","C5":"3"},"57":{"G4":"3"},"RQ":{"7F":"3","JF":"3","J8":"3","7G":"3","8G":"3","8J":"3","9X":"3","J4":"3","MF":"3","7M":"3","PR":"3","9H":"3","HC":"3","JJ":"3","MH":"3","7P":"3","8M":"3","8P":"3","M9":"3","8H":"3","9J":"3"},"JX":{"6V":"3"},"WF":{"6G":"3","9G":"3"},"W9":{"62":"3","27":"3","73":"3","72":"3","63":"3"},"WV":{"67":"3","45":"3","27":"3","65":"3","52":"3","54":"3","36":"3","44":"3","55":"3","38":"3","88":"3","53":"3","33":"3","26":"3","43":"3"},"R6":{"XV":"3","WV":"3","WW":"3","XW":"3","XX":"3"},"HR":{"WC":"3","MR":"3","WF":"3","X8":"3","GX":"3","RC":"3"},"MP":{"3X":"3","2X":"3"},"RP":{"PG":"3","JV":"3","2P":"3","MQ":"3","X9":"3","JW":"3","QF":"3","XC":"3","VH":"3","PQ":"3","2W":"3","HG":"3","XG":"3","WG":"3"},"VQ":{"CM":"3","C8":"3","97":"3","8M":"3","F7":"3","G4":"3","FM":"3","96":"3","FP":"3","95":"3","F9":"3","CF":"3","C7":"3","9M":"3","HV":"3","G7":"3","83":"3"},"JP":{"GJ":"3","HW":"3"},"JJ":{"22":"3"},"W7":{"GW":"3","HW":"3"},"2H":{"QV":"3"},"VP":{"5J":"3","4M":"3","3F":"3","3G":"3","5P":"3","5M":"3","3H":"3","2F":"3","2G":"3","3J":"3","4J":"3","5W":"3","2C":"3","2Q":"3","4H":"3"},"VV":{"Q6":"3","V5":"3","V7":"3","X8":"3","W3":"3","X5":"3","Q3":"3","Q7":"3","X4":"3","R6":"3","V8":"3"},"XR":{"45":"3"},"V4":{"2M":"3"},"CJ":{"Q9":"3","99":"3","QC":"3","P9":"3"},"X8":{"5P":"3"},"WW":{"GM":"3","VP":"3","WC":"3"},"7Q":{"4H":"3"},"WQ":{"7Q":"3"},"2G":{"M4":"3","M3":"3"},"RM":{"Q2":"3","Q3":"3","C7":"3","C8":"3","P2":"3","P3":"3"},"X3":{"G4":"3","M6":"3","F4":"3"},"5H":{"5P":"3","4Q":"3","PV":"3","4P":"3","5Q":"3","3Q":"3"},"XM":{"JX":"3"},"XW":{"3R":"3","F3":"3","F2":"3","FR":"3","9W":"3","GQ":"3","4W":"3","93":"3","FG":"3","5W":"3"},"JQ":{"G6":"3","8Q":"3","Q7":"3","M6":"3","V6":"3","8H":"3","G7":"3","W6":"3","J8":"3","P5":"3"},"JR":{"44":"3","53":"3"},"JM":{"JR":"3","JV":"3","MQ":"3","JW":"3","H7":"3","HQ":"3","J6":"3","JQ":"3","G9":"3","FF":"3","J5":"3","GH":"3","MR":"3","FH":"3","FG":"3","CF":"3","GF":"3","JP":"3","HP":"3","GG":"3"},"8M":{"HJ":"3","JQ":"3"},"PQ":{"79":"3","F3":"3","G2":"3","69":"3","F5":"3","C8":"3","39":"3","78":"3","68":"3","38":"3","88":"3","C6":"3","C7":"3"},"9X":{"WX":"3","VX":"3","RX":"3","QV":"3","GQ":"3","XX":"3"},"XX":{"43":"3","5C":"3","55":"3","4C":"3","22":"3","6C":"3","4F":"3","56":"6"},"X9":{"W3":"3"},"5J":{"Q7":"3","Q6":"3","P7":"3"},"HG":{"8X":"3"},"VR":{"VG":"3","G3":"3","M8":"3","J8":"3","F2":"3","RM":"3","QF":"3","JJ":"3","MR":"3","PC":"3","H5":"3","JM":"3"},"GX":{"J7":"3"},"2J":{"M2":"3","W3":"3"},"FX":{"VG":"3","MJ":"3","HM":"3","W6":"3","QH":"3","WX":"3","HJ":"3","W5":"3","GP":"3","HH":"3","MP":"3","HV":"3","RJ":"3","GQ":"3","QJ":"3","GH":"3","V8":"3","GF":"3","XG":"3","VX":"3"},"W6":{"8F":"3"},"HJ":{"X2":"3"},"QR":{"XM":"3","RJ":"3"},"MQ":{"96":"3","28":"3","HJ":"3","22":"3","CG":"3","36":"3","94":"3","JJ":"3","GM":"3","JH":"3","37":"3","8C":"3","W9":"3","FH":"3","32":"3","CF":"3","GJ":"3","9C":"3","59":"3"},"HH":{"JC":"3","H5":"3","WW":"3","GH":"3","XX":"3"},"V8":{"H5":"3","H6":"3","W5":"3","X5":"3"},"XV":{"HH":"3","FX":"3","PF":"3","JH":"3","H3":"3","GV":"3","VM":"3","QF":"3","JV":"3","FW":"3","QG":"3"},"6J":{"RX":"3"},"9M":{"69":"3","5C":"3","59":"3","6C":"3","68":"3"},"HX":{"HW":"3","2R":"3"},"GV":{"VX":"3","RX":"3"},"JH":{"2X":"3","7M":"3"},"GW":{"HM":"3","X6":"3","J8":"3","V5":"3","HJ":"3","CV":"3","W5":"3","MF":"3","4R":"3","X5":"3","6R":"3","V4":"3","GQ":"3","HC":"3","4V":"3","M6":"3","X4":"3","GH":"3","W4":"3","JH":"3","FQ":"3","GR":"6","5V":"3","5R":"3","P4":"3","P9":"3","2R":"3","HP":"3"},"FH":{"79":"3","5J":"3","69":"3","F9":"3","4R":"3","H9":"3","4V":"3","5M":"3","C9":"3","5H":"3","6C":"3","7C":"3","CC":"3","FC":"3"},"RR":{"76":"3","85":"3","73":"3","86":"3","74":"3","84":"3","72":"3","2M":"3","83":"3","77":"3","75":"3"},"GC":{"Q5":"3"},"W5":{"RX":"3","RG":"3"},"7M":{"VG":"3","RC":"3"},"W8":{"F2":"3","VM":"3"}},"CJ":{"6G":{"72":"3","95":"3"},"6F":{"GV":"3"},"C7":{"VG":"6","WF":"6","W8":"6","V7":"6","QF":"6","PF":"6","X8":"6","VH":"6","X4":"3","VF":"6","W9":"6","QG":"6","V8":"6","RF":"6","RC":"6","W7":"6"},"C5":{"XW":"3"},"C8":{"R6":"3"},"F5":{"49":"3","3M":"3","3Q":"3"},"5G":{"RG":"6"},"F3":{"6W":"3"}},"54":{"CM":{"CV":"3"},"6P":{"3X":"3","4X":"3","3V":"3"},"GM":{"4H":"3"},"CF":{"WX":"3","WV":"3","WW":"3","VX":"3","VW":"3"},"CJ":{"8F":"3","6C":"3"},"8X":{"7W":"3","7R":"3","8Q":"3","G3":"3","8J":"3","7M":"3","7Q":"3"},"Q8":{"P7":"3"},"J2":{"XR":"3"},"CX":{"VV":"3"},"FM":{"XG":"3"},"M7":{"FJ":"3"},"8G":{"5V":"3"},"6Q":{"54":"3","98":"3"},"5Q":{"XW":"3"},"38":{"CQ":"3","GP":"3"},"5H":{"JF":"3"},"FC":{"J8":"3","P9":"3","J9":"3"},"7P":{"XG":"3","WG":"3"},"9R":{"Q5":"3"},"CH":{"9X":"3"}},"5J":{"WQ":{"MX":"3"},"Q6":{"96":"3"},"VM":{"MH":"3","MG":"3"},"VQ":{"7C":"3"},"P5":{"R5":"3"},"P3":{"JW":"3"}},"V8":{"CJ":{"V8":"3"},"FJ":{"85":"3"},"FG":{"2P":"3","8X":"3","4C":"3","2M":"3"}},"J2":{"C8":{"M8":"3"}},"8C":{"4G":{"79":"3","78":"3"}},"6G":{"F4":{"WV":"3","PG":"3","QC":"3","QF":"3","XW":"3","QG":"3","RF":"3","RG":"3","RC":"3"},"G2":{"2X":"3"},"F7":{"92":"3"},"G5":{"24":"3","23":"3","22":"3"},"P5":{"2H":"3","2F":"3"},"J4":{"6C":"3"},"M4":{"QC":"3"},"F5":{"R9":"3","VC":"3","QH":"3","PG":"3","JV":"3","QC":"3","V3":"3","V6":"3","QF":"3","W2":"3","X3":"3","PF":"3","PM":"3","JX":"3","X4":"3","V9":"3","PC":"3","QG":"3","PH":"3","RF":"3","P9":"3","RC":"3","X2":"3"},"2J":{"84":"3"},"G4":{"5W":"3"},"J5":{"M4":"3","J5":"3","M6":"3","Q8":"3","J7":"3","M7":"3","M5":"3","J4":"3","J6":"3"},"M6":{"GW":"3"},"RQ":{"4G":"3","5G":"3","4M":"3","3H":"3","5H":"3","3J":"3","4J":"3","4H":"3"},"QQ":{"XV":"3","XC":"3","XW":"3"},"M5":{"XF":"3"},"C6":{"52":"3"},"2M":{"VC":"3","W6":"3"}},"87":{"F4":{"C2":"3","C4":"3","C5":"3","F4":"3","C3":"3","64":"3","F3":"3"},"96":{"Q4":"3","P5":"3"},"WV":{"2R":"3"},"H3":{"VH":"3"},"62":{"69":"3","4X":"3","67":"3","5Q":"3","68":"3"},"G3":{"CF":"3","J8":"3"},"F3":{"X6":"3","V3":"3","F3":"3"},"G2":{"69":"3","9X":"3|6","FP":"3","2C":"3","6Q":"3","22":"3","5V":"3"},"F2":{"H3":"3","HR":"3","7G":"3","R7":"3","XQ":"3","CX":"3","48":"3","GQ":"3","HC":"3","M2":"3","Q7":"3","FQ":"3","J3":"3","5R":"3","PW":"3","H4":"3"},"C5":{"P4":"3"},"3X":{"R2":"3"},"J9":{"78":"3","76":"3","CW":"3","77":"3"},"F5":{"VC":"6"},"95":{"8F":"3","72":"3"},"83":{"HR":"3"},"94":{"2H":"3","2J":"3","4M":"3"},"C2":{"2G":"3","GF":"3"},"PC":{"JR":"3"},"7C":{"WC":"3","XC":"3"},"2G":{"6R":"3"},"93":{"9F":"3","8G":"3"},"3J":{"5F":"3","CJ":"3","7G":"3"},"CC":{"5J":"3","CR":"3"},"84":{"VG":"3","VC":"3","WF":"3","RH":"3","VH":"3","GM":"3","VF":"3","WC":"3","RF":"3","RG":"3","WG":"3"}},"8V":{"2W":{"R8":"3"},"2V":{"4M":"3"},"73":{"G2":"3"},"3J":{"7C":"3"}},"HR":{"M9":{"HJ":"3"}},"4M":{"M3":{"3P":"3"},"G5":{"86":"3"},"V7":{"J4":"3","F6":"3"},"7W":{"WG":"3","WF":"3"},"C5":{"VJ":"3"},"W9":{"2Q":"3"},"R6":{"6F":"3","3W":"3"},"J5":{"W5":"3","X3":"3","V4":"3"},"QC":{"V6":"3","X9":"3","V7":"3","W2":"3","XC":"3","V9":"3","WC":"3","V8":"3","W9":"3","X7":"3"},"J3":{"73":"3"},"F5":{"67":"3"},"P8":{"WP":"3"},"R8":{"GW":"3","MQ":"3","PM":"3","PH":"3"},"R9":{"2X":"3","M3":"3","J4":"3","RX":"3","J6":"3","PM":"3","V4":"3","VH":"3","CM":"3","4F":"3","GX":"3","VX":"3","VW":"3"},"RG":{"5J":"3","WP":"3","CH":"3"},"VF":{"FP":"3"},"VC":{"5J":"3","6X":"3","5M":"3","6J":"3","89":"3"},"M5":{"JW":"3","HQ":"3","GJ":"3","JV":"3"},"4W":{"RF":"3","RG":"3"},"V2":{"97":"3","86":"3","73":"3","85":"3","75":"3","96":"3","94":"3","95":"3","65":"3","93":"3","87":"3","64":"3","77":"3","74":"3","C2":"3","92":"3","82":"3","C5":"3","83":"3","C4":"3","84":"3"},"Q8":{"8X":"3"},"PG":{"4C":"3"},"H6":{"JJ":"3"},"PH":{"WX":"3"},"4V":{"RW":"3"},"V9":{"G8":"3","9X":"3","3F":"3","CX":"3","H9":"3","48":"3","HC":"3","XJ":"3","HF":"3","HG":"3","3C":"3","C7":"3"},"G4":{"WQ":"3"},"R7":{"7W":"3","Q4":"3","8Q":"3","4R":"3","Q3":"3","HX":"3","5V":"3","Q5":"3"},"C6":{"CF":"3"},"W6":{"PV":"3"},"M6":{"XQ":"3"},"H3":{"PW":"3","3J":"3"},"3P":{"W6":"3"},"Q7":{"X9":"3"},"P5":{"4X":"3"},"RC":{"RP":"3","M3":"3","37":"3","Q2":"3","27":"3","X2":"3","9F":"3","X7":"3","W7":"3","R9":"3","5Q":"3","QC":"3","QG":"3"},"5W":{"93":"3"},"Q9":{"WX":"3","VR":"3","93":"3","73":"3","HG":"3","72":"3","F4":"3","82":"3","83":"3"},"QF":{"8X":"3","9M":"3"},"P7":{"7F":"3","9P":"3"},"RF":{"6W":"3","R6":"3","P6":"3"},"VG":{"PR":"3"}},"H2":{"44":{"2C":"3"},"34":{"XC":"3"}},"55":{"8R":{"R2":"3","79":"3","9C":"3","M2":"3"},"7M":{"M2":"3"},"WC":{"RQ":"3","WQ":"3","VQ":"3"},"C8":{"GW":"3"},"8Q":{"WH":"3","MH":"6","GR":"3","HV":"3","X6":"3","PR":"3","JX":"3","WF":"6","W9":"3","38":"3","W7":"3","5F":"3","X7":"3","MG":"3","VF":"3","X8":"3","FW":"3","RM":"3","XM":"3","HQ":"6|3","JQ":"3","FV":"3","PQ":"6|3","XJ":"3","G3":"3","X9":"3","VR":"3","GX":"3","W6":"3","XH":"3","WC":"3","RX":"3","QR":"3","MQ":"3","JW":"3","MC":"3","XP":"3","GV":"3","XC":"3","HP":"3","FH":"3","XF":"3","QF":"3","RJ":"3","RF":"3","VG":"3"},"F3":{"67":"3"},"CG":{"7W":"3"},"JF":{"3F":"3"},"8P":{"RQ":"3","43":"3","XH":"3","Q9":"3","PJ":"3","QQ":"3","V5":"3"},"RX":{"HQ":"3"},"GR":{"H3":"3","G3":"3","M8":"3","G5":"3","MC":"3","P8":"3","M7":"3","G4":"3","M9":"3","P7":"3","P9":"3","H4":"3","H5":"3"},"57":{"FW":"3"},"9P":{"6J":"3","GW":"3","99":"3","MW":"3","JH":"3","35":"3","7P":"3","7C":"3","QR":"3","5Q":"3","JM":"3"},"GV":{"V8":"3"},"8M":{"MJ":"3","6V":"3","5X":"3","QH":"3","Q9":"3","6X":"3","6W":"3","W3":"3","M7":"3","4V":"3","MW":"3","5V":"3","4W":"3","5R":"3","QQ":"3","5W":"3","HG":"3"},"VF":{"JV":"3"},"56":{"7X":"3","FG":"3"},"JP":{"H7":"6"},"69":{"4R":"3"},"CJ":{"5H":"3"},"7Q":{"M7":"3","XC":"3","WF":"3","J3":"3","7G":"3"},"4M":{"3M":"3","2P":"3","2H":"3","3P":"3","2M":"3","2J":"3","3H":"3","3J":"3"},"RH":{"97":"3"},"FM":{"H3":"3","G7":"3","G5":"3","J4":"3","H7":"3","G6":"3","G4":"3","J5":"3","H6":"3","H4":"3","H5":"3"},"6G":{"69":"3","J5":"3","F7":"3"},"9Q":{"36":"3","3F":"3","7F":"3","48":"3","25":"3","49":"3","4Q":"3","27":"3","26":"3","93":"3","4P":"3","2F":"3","4C":"6","7J":"3","F4":"3","68":"3","82":"3","4F":"3","2M":"6","3C":"3","HV":"3"},"7H":{"VW":"3"},"3M":{"X3":"3"},"CW":{"M9":"3","7P":"3"},"6H":{"C6":"3"},"FR":{"2F":"3","2C":"3","29":"3","3C":"3"},"9W":{"FP":"3","VQ":"3"},"7X":{"25":"3","WF":"3"},"CC":{"82":"3"},"8X":{"94":"6","84":"6"},"C7":{"R8":"3"},"79":{"CJ":"3"},"PG":{"X4":"3","X5":"3"},"7J":{"HM":"3","G8":"3","G7":"3","J8":"3","HJ":"3","H7":"3","HQ":"3","HH":"3","JQ":"3","92":"3","G9":"3","F9":"3","G6":"3","H8":"3","H9":"3","GH":"3","GC":"3","F8":"3","H6":"3","HG":"3","GJ":"3","JP":"3","HP":"3","JM":"3","GG":"3"},"GW":{"48":"3","39":"3","38":"3","47":"3"},"C9":{"X5":"3"},"H6":{"76":"3","86":"3","75":"3"},"9M":{"5J":"3","4M":"3","CQ":"3","5M":"3","W4":"3","5H":"3","8C":"3","4J":"3","C7":"3"},"VM":{"XR":"3","MW":"3","MX":"3"},"8J":{"6H":"3"},"9G":{"6X":"3"},"5V":{"9V":"3","VQ":"3"},"72":{"XV":"3"},"HR":{"4R":"3"},"RG":{"39":"3"},"8C":{"VJ":"3"},"FW":{"79":"3","W8":"3","V2":"3","V3":"3","R4":"3","R3":"3","X8":"3","R2":"3","V4":"3","MR":"3","7C":"3","W7":"3","X7":"3"},"CH":{"9Q":"3"},"82":{"3J":"3"},"6C":{"CM":"3"},"9X":{"Q7":"3","HP":"3","QQ":"3","VW":"3"},"VP":{"M2":"3"},"HV":{"43":"3","36":"3","35":"3","44":"3","25":"3","37":"3","45":"3","27":"3","26":"3","24":"3","34":"3","38":"3","46":"3","28":"3"},"H5":{"MC":"3","RC":"3"},"CV":{"4G":"3"},"9R":{"98":"3"},"7P":{"GG":"3","GF":"3","MX":"3","FW":"3","QG":"3","7G":"3"},"Q2":{"GM":"3"},"F4":{"35":"3"},"F8":{"3Q":"3"},"32":{"PX":"3"},"PF":{"WX":"3","XV":"3","WW":"3","XW":"3"},"84":{"R2":"3"},"89":{"X6":"3","JF":"3"}},"27":{"2X":{"FH":"3"},"RW":{"8F":"3","M3":"3","7G":"3","8G":"3","7R":"3","7M":"3","99":"3","M2":"3","2F":"3","9F":"3","8P":"3","8C":"3","9C":"3"},"Q8":{"WG":"3"},"7J":{"87":"3","62":"3","65":"3","F7":"3","52":"3","97":"3","QF":"3","63":"3","64":"3","CP":"3","74":"3","98":"3","88":"3","53":"3","8H":"3","66":"3","C7":"3"},"5X":{"75":"3","MJ":"3","M8":"3","JF":"3","G5":"3","MM":"3","63":"3","64":"3","83":"3","P8":"3","JJ":"3","C9":"3","JH":"3","74":"3","53":"3","82":"3","72":"3","73":"3","CF":"3","CC":"3","FC":"3"},"QH":{"C6":"3","QJ":"3"},"RV":{"V7":"3","V6":"3","V8":"3"},"2P":{"5F":"3"},"MQ":{"RP":"3"},"F2":{"6G":"3"},"7G":{"G8":"3"},"3V":{"WX":"3","9P":"3","XX":"3"},"V6":{"JR":"3"},"8J":{"QX":"3"},"6P":{"7W":"3","7R":"3","7V":"3"},"VR":{"JP":"3","4V":"3","JM":"3","MP":"3","GQ":"3"},"97":{"53":"3"},"WQ":{"Q6":"3"},"7M":{"Q4":"3","Q3":"3","6G":"3","3J":"3"},"RX":{"69":"3","62":"3","4V":"3","63":"3","5G":"3"},"PR":{"7F":"3","7C":"3","6F":"3","6C":"3"},"36":{"F7":"3","JF":"3"},"XM":{"JX":"3"},"C3":{"FH":"3"},"7H":{"X7":"3","X5":"3","FV":"3"},"3W":{"X4":"3","X2":"3","X3":"3","GX":"3"},"4V":{"3V":"3","2V":"3","3R":"3","2R":"3"},"2V":{"C9":"3","M2":"3","C8":"3"},"RR":{"WX":"3"},"WR":{"CJ":"3","72":"3","57":"3"},"PQ":{"GQ":"3","GP":"3"},"8C":{"36":"3","CP":"3"},"4W":{"3F":"3","39":"3","2F":"3","2C":"3","3C":"3"},"XP":{"G4":"3"},"8H":{"28":"3"},"2R":{"45":"3","8J":"3","G9":"3","9P":"3","PH":"3","CF":"3","MX":"3","8H":"3"},"8R":{"3W":"3"},"6Q":{"MP":"3"}},"3F":{"RQ":{"MH":"3","GP":"3"},"RF":{"4M":"3"},"VV":{"49":"3","24":"3","2C":"3"},"QP":{"9R":"3"},"QH":{"PJ":"3","HR":"3"},"PG":{"9V":"3"},"HJ":{"8W":"3"},"6X":{"88":"3"},"Q9":{"93":"3"},"PV":{"2P":"3","84":"3"},"PJ":{"22":"3"},"JJ":{"PV":"3"},"XF":{"6J":"3"},"R9":{"9W":"3"},"M8":{"MH":"3"},"PP":{"65":"3"},"PH":{"JW":"3"}},"6V":{"88":{"W5":"3"},"R9":{"3P":"3","MC":"3"},"9C":{"J2":"3","R3":"3"},"QC":{"25":"3","73":"3"},"FC":{"56":"3"},"89":{"G6":"3"}},"8M":{"7G":{"7R":"3","3F":"6|3","5Q":"6","2M":"6|3","7Q":"3"},"CM":{"4G":"3","GR":"3","6P":"3","8R":"3","22":"3","34":"3","3G":"3","6M":"3","5C":"3","5F":"3","25":"3","33":"3","7P":"3","7Q":"3","26":"3","6Q":"3","5G":"3","5H":"3","43":"3","8P":"3","32":"3","9P":"3","42":"3","7J":"3","23":"3","35":"3","45":"3","8M":"3","8Q":"3","24":"3","5J":"3","4J":"3","36":"3","WJ":"3","37":"3","4C":"3","7H":"3","9Q":"3","3F":"3","7R":"3","4F":"3","44":"3","6J":"3","27":"3","4H":"3","7M":"3"},"F3":{"H6":"3","JF":"3"},"43":{"4G":"3"},"22":{"2G":"3","C3":"3"},"7C":{"G2":"3"},"GV":{"V2":"3","WP":"3"},"37":{"GF":"3"},"JP":{"7Q":"3"},"CJ":{"3X":"3","4X":"3","2X":"3","4W":"3"},"5C":{"7W":"3","XR":"3","9V":"3","7V":"3","XJ":"3","9R":"3"},"G8":{"23":"3"},"6G":{"VG":"3","F4":"3","RW":"3","VQ":"3","XC":"3","RH":"3","VH":"3","VF":"3","WH":"3","RG":"3"},"5H":{"96":"3"},"4F":{"J6":"3"},"23":{"F3":"3"},"HQ":{"RF":"3","H7":"3"},"59":{"JR":"3","MR":"3"},"46":{"WC":"3","W8":"3"},"8F":{"3R":"3"},"6C":{"2C":"3"},"45":{"C5":"3"},"35":{"XP":"3"},"24":{"GG":"3"},"29":{"VV":"3","JF":"3"},"26":{"CP":"3"},"G7":{"2J":"3"},"GC":{"89":"3"},"5G":{"MG":"3"},"84":{"J3":"3"}},"7P":{"RF":{"WC":"3"},"RP":{"75":"3","67":"3","86":"3","62":"3","65":"3","63":"3","5F":"3","69":"3","76":"3","64":"3","77":"3","83":"3","85":"3","78":"3","68":"3","74":"3","6C":"3","53":"3","82":"3","58":"3","73":"3","72":"3","5C":"3","6F":"3","66":"3","84":"3","59":"3"},"2G":{"62":"3"},"CV":{"WF":"3"},"VX":{"73":"3","82":"3","83":"3","GQ":"3"},"73":{"6M":"3","H3":"3","FG":"3"},"74":{"3F":"3","3P":"3"},"72":{"GW":"3"},"RM":{"7W":"3","8X":"3","7X":"3"},"V8":{"42":"3"},"75":{"54":"3","4H":"3"},"64":{"PR":"3"},"J9":{"VF":"3"}},"JJ":{"QC":{"WJ":"3"},"VG":{"RV":"3"}},"46":{"2X":{"5R":"3","2Q":"3","2R":"3"},"22":{"W8":"3"},"CX":{"MF":"3"},"XM":{"8R":"3","9Q":"3","JG":"3"},"PM":{"7V":"3","FP":"3"},"2J":{"5Q":"3"},"2V":{"WX":"3","RX":"3","MC":"3","XX":"3","WW":"3","VX":"3","VW":"3"},"2W":{"R2":"3","W2":"3","V2":"3"},"PJ":{"8C":"3"},"6F":{"H8":"3"},"34":{"R4":"3","HJ":"3","C6":"3"},"2R":{"7R":"3","8R":"3","8Q":"3","7V":"3","7Q":"3"},"QW":{"3G":"3"}},"75":{"8Q":{"W3":"3"},"33":{"G7":"3"},"GR":{"HX":"3"},"4V":{"8M":"6|3","7J":"3","9M":"6"},"22":{"2G":"3","29":"6|3","RM":"3"},"4G":{"63":"3"},"56":{"C9":"3"},"37":{"QG":"3"},"3Q":{"W9":"3"},"F7":{"JW":"3"},"69":{"HC":"3"},"4W":{"F8":"3","GC":"3","F9":"3","G9":"3"},"7H":{"WJ":"3","VH":"3","P9":"3","VJ":"3"},"3P":{"XW":"3","3J":"3"},"5P":{"5W":"3"},"23":{"W4":"3"},"8J":{"92":"3"},"F2":{"42":"3"},"3V":{"MC":"3"},"42":{"Q8":"3"},"W6":{"Q9":"3"},"55":{"99":"3","73":"3"},"GC":{"6X":"3"},"4Q":{"88":"3","FG":"3"},"32":{"4H":"3","3R":"3","3Q":"3"},"4P":{"2X":"3"}},"24":{"2X":{"4J":"3","4H":"3"},"XF":{"8Q":"3"},"WF":{"GG":"3"},"6P":{"33":"3"},"7V":{"MQ":"3"},"9R":{"RM":"3"},"5P":{"3F":"3","7C":"3"},"5M":{"CP":"3"},"2H":{"73":"3","63":"3","47":"3"},"4X":{"G8":"3","G3":"3","C6":"3"},"WM":{"Q7":"3"},"2G":{"98":"3","4C":"3"},"9P":{"H7":"3"},"5Q":{"P8":"3","GP":"3"},"RC":{"XC":"3"},"FC":{"CJ":"3"},"66":{"XP":"3"},"4H":{"92":"3"}},"9R":{"6J":{"VF":"3","WJ":"3","WG":"3","WH":"3","VH":"3","VG":"3"}},"43":{"QP":{"7W":"3"},"3R":{"29":"3"},"68":{"GH":"3"},"V2":{"WC":"3","J4":"3","H4":"3","P4":"3","WM":"3","VF":"3","XV":"3","WF":"3","P6":"3","VJ":"3","RH":"3","WH":"3","Q4":"3","VG":"3","VH":"3","J7":"3","H6":"3","WG":"3","W9":"3","M5":"3","J5":"3","XF":"3","VC":"3","WJ":"3","RG":"3","RF":"3","XX":"3","H2":"3","P7":"3","H5":"3","P5":"3","J6":"3","P3":"3","J2":"3","M6":"3","M7":"3"},"HG":{"33":"3"},"69":{"6V":"3"},"W7":{"RQ":"3"},"G9":{"R2":"3"},"G8":{"PV":"3","PR":"3"},"67":{"CV":"3","7H":"3","8J":"3","8H":"3","7J":"3"},"PJ":{"6M":"3","3F":"3"},"2M":{"W9":"3"},"H9":{"39":"3"},"GW":{"7C":"3"},"RQ":{"2J":"3"},"W2":{"3X":"3","2Q":"3","3V":"3","2W":"3","2V":"3","3W":"3"},"W3":{"58":"3","42":"3","55":"3","22":"3","57":"3","32":"3"},"J6":{"HF":"3","9G":"3","89":"3"},"G7":{"2W":"3","2V":"3","3W":"3","2R":"3"}},"3C":{"43":{"9M":"3"},"X6":{"63":"3"},"Q6":{"QW":"3"},"42":{"2P":"3","3Q":"3"},"32":{"25":"3","V3":"3","H2":"3","WF":"3"}},"XH":{"87":{"2C":"3"},"6V":{"88":"3"},"95":{"5P":"3"},"9H":{"R3":"3"},"C3":{"J4":"3","5V":"3"},"78":{"JP":"3"},"7Q":{"H7":"3","J6":"3"},"8P":{"72":"3"},"6M":{"V8":"3"}},"Q9":{"RX":{"27":"3"},"QX":{"Q9":"3","R8":"6|3","Q8":"3","R9":"6","R7":"3"}},"67":{"G8":{"CQ":"3"},"7W":{"MJ":"3","MQ":"3","JM":"3","6R":"3","9G":"3","7J":"3","G5":"3","F5":"3"},"Q2":{"X3":"3"},"Q4":{"37":"3","38":"3"},"22":{"J5":"3"},"J9":{"3P":"3","4P":"6","4M":"6"},"G9":{"73":"3"},"7V":{"5F":"3","53":"3","68":"3"},"V4":{"49":"3"},"2V":{"HQ":"3"},"CP":{"65":"3","64":"3"},"P3":{"79":"3"},"8Q":{"4C":"3"},"XV":{"8M":"3"}},"C3":{"PF":{"3X":"3","2X":"3"},"MH":{"FF":"3"},"MF":{"WX":"3","RV":"3","HC":"3","WH":"3","XX":"3"},"WH":{"GR":"3"}},"53":{"Q8":{"WX":"3","QH":"3","W6":"3","XW":"3","XX":"3"},"JR":{"FP":"3","GQ":"3","GP":"3"},"Q9":{"Q4":"3","V3":"3","W2":"3","M7":"3","W3":"3"},"8F":{"9X":"3"},"8G":{"H8":"3","C3":"3"},"MM":{"56":"3"},"QF":{"JH":"3","JJ":"3"},"MP":{"QP":"3","RJ":"3"},"F9":{"4Q":"3","3P":"3","4P":"3","3Q":"3"},"X8":{"98":"3","97":"3","C7":"3","C8":"3"},"P8":{"XF":"3"},"R8":{"24":"3","23":"3"},"Q7":{"GR":"3","GV":"3"},"8C":{"4M":"3"},"V8":{"VF":"3","WG":"3","WH":"3","VH":"3","WF":"3","VG":"3"},"FC":{"M6":"3","M7":"3","J9":"3"}},"49":{"WV":{"W7":"3"},"65":{"F2":"3","86":"3"},"WX":{"WH":"3","PC":"3","X6":"3","FM":"3","RQ":"3","WF":"3","FJ":"3","W9":"3","HR":"3","QC":"3","QG":"3","RP":"3","R9":"3","GG":"3","6M":"3","5C":"3","X4":"3","X7":"3","MG":"3","XR":"3","QV":"3","VF":"3","VC":"3","X8":"3","RM":"3","X3":"3","XQ":"3","GH":"3","X5":"3","GJ":"3","HM":"3","X9":"3","V9":"3","HG":"3","HJ":"3","WC":"3","QR":"3","WG":"3","RC":"3","VJ":"3","MF":"3","HC":"3","HP":"3","FH":"3","QF":"3","RR":"3","PF":"3","7M":"3","RF":"3"},"XR":{"2V":"3","2R":"3"},"63":{"XV":"3"},"64":{"W7":"6|3","R6":"3","X8":"3"},"QV":{"G3":"3","52":"3","64":"3"},"XX":{"36":"3","35":"3","25":"3","37":"3","33":"3","27":"3","26":"3","24":"3","34":"3","23":"3","22":"3","28":"3"},"74":{"8C":"3","MJ":"3","66":"3","79":"3","59":"3","7C":"3","58":"6|3","67":"3","89":"3"},"53":{"GC":"3"},"23":{"RR":"3","MP":"3","VJ":"3"},"33":{"2C":"3"},"XW":{"G4":"3","96":"3","55":"3"},"WW":{"JW":"3"},"QQ":{"W3":"3"},"QR":{"7X":"3"},"72":{"QM":"3"},"VW":{"RX":"3","MV":"3"},"QX":{"87":"3"}},"3P":{"PF":{"F2":"3","H4":"3","J4":"3","C3":"3"},"VC":{"5R":"3"},"MC":{"3M":"3"},"PC":{"CM":"6","9C":"3","9P":"6","99":"3","44":"3","FP":"3","9Q":"6|3","FR":"3","FV":"3","9J":"3","W8":"3","8F":"3","CR":"6|3","CQ":"6","9H":"3","45":"3","9R":"6|3","FQ":"6|3"},"9C":{"4R":"3"},"QC":{"6F":"3"},"W4":{"JQ":"3"}},"5M":{"WP":{"CM":"3","CJ":"3"},"QQ":{"MG":"3"},"VM":{"W4":"3"},"VW":{"WX":"3","WW":"3"}},"86":{"8R":{"PV":"3"},"GP":{"XV":"3","WV":"3","XW":"3"},"HW":{"CC":"3","R5":"6","V4":"3"},"C8":{"CF":"3"},"JV":{"39":"3|6","27":"3","38":"3"},"9V":{"FQ":"3","GR":"3","HM":"3","HR":"3","GQ":"3","5G":"3"},"G4":{"RF":"3","QP":"3","RR":"3"},"CJ":{"PR":"3","CR":"3","9F":"3"},"CW":{"JP":"3","WH":"3"},"CX":{"MG":"3","XR":"3","49":"3","CG":"3","9H":"3","48":"3","4C":"3","37":"3","9M":"3","5C":"3","JP":"3","59":"3"},"FR":{"9V":"3","8W":"3","4M":"3","PH":"3"},"FX":{"H2":"3","M3":"3","C2":"3","GR":"3","G2":"3","RQ":"3","C5":"3","83":"3","MW":"3","J2":"3","Q2":"3","W9":"3","93":"3","P6":"3","82":"3","P2":"6|3","5M":"3","75":"3","G7":"3","J9":"3","R2":"3","85":"3","2H":"3","XR":"3","2M":"3","F4":"3","H4":"3","53":"3","6Q":"3","G6":"3","5G":"3","32":"3","C3":"3","9C":"3","Q3":"3","F3":"3","FC":"3","C8":"3","6F":"3","97":"3","8M":"3","G8":"3","73":"3","W4":"3","24":"3","95":"6","G4":"3","C6":"3","C4":"3","W6":"6|3","M6":"3","JG":"3","Q7":"3","89":"3","WG":"3","VH":"3","74":"3","VJ":"3","9G":"3","CR":"3","Q4":"3","XP":"3","6V":"3","M2":"3","27":"3","C7":"3","GW":"3","XC":"3","F6":"3","84":"3","F2":"3","P7":"3","7M":"3","W8":"3"},"9W":{"X9":"3","W9":"3","X8":"3","W8":"3"},"FV":{"J7":"3","XJ":"3","77":"3","RJ":"3"},"8X":{"H6":"3"},"PH":{"X7":"3"},"J7":{"H3":"3","J2":"3","J4":"3","M4":"3","X4":"3","H2":"3","J3":"3"},"GW":{"2G":"3","4R":"3","2R":"3"},"5W":{"4V":"3"},"93":{"4M":"3"},"GX":{"96":"3","7W":"3","V5":"3","CV":"3","22":"3","44":"3","6R":"3","48":"3","6H":"3","35":"3","7P":"3","4W":"3","P9":"3","2C":"3","R5":"3"},"5V":{"MF":"3","JG":"3"},"HX":{"M7":"3"},"7V":{"6V":"3","3R":"3","2P":"3","3V":"3","FP":"3","FR":"3","FM":"3","3W":"3","GQ":"3","2V":"3","CP":"3","CQ":"3","CM":"3","FQ":"3","2W":"3","CR":"3","2R":"3"},"CR":{"HF":"3"},"FW":{"8Q":"3","RV":"3","PX":"6|3","QV":"3","RX":"3","PW":"6|3","9V":"3","GV":"3","QX":"6|3","75":"3","MW":"6|3","WW":"3","CX":"3","2R":"3","4R":"6","FV":"3","9J":"3","6W":"3","GX":"3","JX":"3","WV":"3","2X":"3","CR":"3","FW":"3","6X":"3","QW":"6|3","CQ":"3","9X":"3","MX":"3","2V":"3","9R":"3","VR":"3","6V":"3","VV":"3","7R":"3","2W":"3"},"6X":{"MJ":"3","P5":"3","J7":"3","FV":"3","J6":"3","MC":"3","M7":"3","J5":"3","M6":"3","P7":"3","M5":"3","P6":"3"},"4X":{"6J":"3","Q6":"3","QF":"3","7M":"3","RH":"3","Q7":"3","R6":"3","QG":"3","RF":"3","RG":"3"},"HV":{"XP":"6","X5":"3"},"H5":{"5Q":"3"},"CP":{"XP":"3"},"8W":{"MH":"3"},"6V":{"WJ":"3","WP":"3","XR":"3","XQ":"3","XM":"3","XJ":"3","XW":"3","WM":"3","XV":"3","XP":"3"},"G7":{"JP":"3"},"7R":{"W4":"3"},"C3":{"5F":"3","RM":"3"},"83":{"RR":"3","XP":"3"},"G5":{"MJ":"3","JF":"3","MG":"3","J6":"3","PH":"3"},"8V":{"PQ":"3"}},"98":{"2Q":{"6G":"3","6F":"3","6C":"3"},"24":{"2P":"3"}},"63":{"6P":{"H4":"3","H6":"3"},"4J":{"QR":"3"},"3F":{"XQ":"3","VH":"3"},"39":{"VC":"3","RG":"3"},"33":{"48":"3","58":"3","57":"3","47":"3"},"9W":{"HC":"3","94":"3"},"5M":{"RP":"3"},"8H":{"J4":"3"},"38":{"G8":"3"},"57":{"C6":"3"},"3C":{"WC":"3"},"7Q":{"G9":"3"}},"9M":{"M7":{"XP":"3","XM":"3"}},"8H":{"5P":{"X4":"3"},"59":{"QJ":"3"}},"WH":{"QR":{"8G":"3"},"RP":{"GH":"3"},"QW":{"W8":"3"},"R7":{"2J":"3"},"QF":{"5W":"3"}},"34":{"8C":{"XP":"3","WQ":"3"},"PC":{"XX":"3"},"JC":{"3M":"3"},"6P":{"P8":"3","HX":"3","R9":"3"},"HW":{"J4":"3"},"FM":{"97":"3"},"22":{"42":"3"},"CV":{"CV":"3","CW":"3","FW":"3","FV":"3"},"MP":{"CJ":"3"},"3G":{"R8":"3"},"85":{"WQ":"3"},"J7":{"2Q":"3","2P":"3"},"2Q":{"F7":"3"},"VC":{"9H":"3"},"55":{"3X":"3","HH":"3","4X":"3","4V":"3","4R":"3","3V":"3","7P":"3","3W":"3","47":"3"},"FW":{"6M":"3"},"7Q":{"JV":"3"},"8H":{"8C":"3","58":"3","5M":"3","88":"3","9C":"3","89":"3","3J":"3"},"7J":{"XQ":"3","XH":"3","WP":"3"},"H7":{"XQ":"3","VR":"3","WP":"3","6F":"3","VJ":"3"},"56":{"WW":"6","32":"3"},"45":{"XV":"3"},"8M":{"34":"3"},"PQ":{"5G":"3"},"W4":{"W5":"3"},"99":{"R3":"3"},"95":{"HW":"3","GH":"3","HR":"3","HV":"3"},"36":{"35":"6"},"FX":{"H6":"3"},"58":{"M9":"3","R6":"3"},"89":{"FP":"3"},"7H":{"G3":"3","H3":"3","67":"3","84":"3","C5":"3"},"MQ":{"G6":"3","H6":"3","R6":"3","G5":"3","X8":"3","XX":"3"},"46":{"V3":"3"},"M7":{"47":"6"},"6J":{"R4":"3"},"8J":{"2Q":"3","3M":"3","2H":"3","3R":"3"},"7M":{"Q4":"3","X5":"3"}},"MF":{"5R":{"63":"3"},"XH":{"GQ":"3"},"MQ":{"V6":"3"},"8M":{"WP":"3"}},"42":{"RW":{"V9":"3","Q9":"3","Q6":"3","PC":"3","QC":"3|6"},"F7":{"C9":"3","98":"3","99":"3","C8":"3"},"XQ":{"RP":"3","7X":"3"},"29":{"77":"3"},"F6":{"W5":"3"},"5W":{"57":"3"},"34":{"F5":"3"},"VX":{"JX":"3"}},"23":{"HW":{"X9":"3","XC":"3"},"F3":{"C4":"3"},"3R":{"H2":"3"},"8P":{"7F":"3","7C":"3","6F":"3","7G":"3"},"JV":{"3X":"3"},"GV":{"X4":"3","X3":"3","W7":"3","X5":"3"},"3Q":{"9X":"3","CV":"3","9W":"3","CX":"3","5H":"3","CW":"3","9M":"3"},"XC":{"VV":"3"},"4H":{"7G":"3"},"QX":{"Q4":"3","R5":"3"},"HQ":{"XJ":"3"},"XQ":{"2X":"3"},"93":{"RC":"3"},"JX":{"4V":"3"},"XG":{"G9":"3"},"W9":{"9V":"3","CQ":"3"},"HX":{"69":"3"},"XF":{"X6":"3","X7":"3","WP":"3"},"HR":{"92":"3"},"QW":{"5Q":"3"},"HV":{"QQ":"3"},"JW":{"F4":"3","G8":"3","G7":"3","F7":"3","G9":"3","F9":"3","G6":"3","H9":"3","C9":"3","GM":"3","F8":"3","6C":"3","88":"3","7C":"3","H6":"3"}},"CH":{"9W":{"P8":"3"}},"8F":{"45":{"2V":"3"},"34":{"G4":"3"},"5H":{"M6":"3"},"47":{"94":"3","84":"3"}},"6F":{"V6":{"72":"3"},"HJ":{"36":"3"},"PX":{"F2":"3","HC":"3","VC":"3","W3":"3"},"GQ":{"7M":"3"},"QC":{"M3":"3"},"MF":{"P3":"3"},"JC":{"W2":"3"},"PW":{"GR":"3","FR":"3","VX":"3","GV":"3","GQ":"3","HV":"3"},"JP":{"W5":"3"},"CW":{"4P":"3"},"FX":{"Q7":"3"},"CC":{"RP":"3","3Q":"3"},"CF":{"VM":"3","WF":"3"},"V7":{"58":"3"},"FF":{"27":"3"},"9F":{"M3":"3"},"XH":{"9P":"3"},"MC":{"PR":"3"},"29":{"3X":"3"},"MM":{"FX":"3","R8":"3","R9":"3","W8":"3","RC":"3"},"8W":{"F4":"3"},"FC":{"5X":"3","RP":"3","CV":"3","FV":"3","4X":"3","4W":"3","5W":"3"},"Q2":{"93":"3"},"F4":{"HX":"3"}},"3H":{"7H":{"M9":"3","M8":"3"}},"94":{"23":{"87":"3","97":"3"},"QJ":{"GM":"3","JP":"3","HJ":"3","JQ":"3","HP":"3","QQ":"3","HM":"3"}},"26":{"XF":{"XC":"3"},"52":{"VC":"3"},"WQ":{"J8":"3","FC":"3","C5":"3","QM":"3","QJ":"3"},"FM":{"8M":"3"},"VV":{"4M":"3"},"92":{"X8":"3"},"85":{"CX":"3"},"WR":{"58":"3"},"74":{"WW":"3"},"73":{"M2":"3"},"GX":{"W7":"3","CG":"3"},"X7":{"RW":"3","PR":"3","6Q":"3","9R":"3","7Q":"3"}},"4G":{"M4":{"JX":"3"},"H5":{"6C":"3"},"G3":{"GR":"3","FP":"3"},"J7":{"H2":"3"},"J4":{"W4":"3","W3":"3","PH":"3"},"J3":{"WQ":"3","WP":"3","9R":"3"}},"9C":{"85":{"48":"3"},"GQ":{"27":"3"}},"22":{"F4":{"GR":"3"},"96":{"X4":"3","X3":"3","XJ":"3","W4":"3","XM":"3"},"G3":{"79":"3","7C":"3","89":"3"},"F7":{"7J":"3"},"MM":{"FJ":"3"},"97":{"86":"6|3","R7":"3"},"95":{"M3":"3"},"C8":{"GV":"3","HX":"3","M2":"3","FW":"3"},"8Q":{"V4":"3"},"98":{"HR":"3"},"F6":{"55":"6","65":"6"},"8V":{"F9":"3"},"PW":{"6J":"3"},"C6":{"5X":"3","GV":"3","GW":"3","3V":"3","7M":"3","HW":"3","4V":"3","4X":"3","CH":"3","6M":"3","4W":"3","5Q":"3","8V":"3","3C":"3","34":"3"},"2M":{"W7":"3"},"C7":{"44":"3","H8":"3","J7":"3","53":"6|3","42":"6|3","85":"6","23":"3","J8":"3","63":"3","57":"3","83":"3","56":"3","32":"3","F5":"3","65":"3","75":"3"}},"V5":{"RH":{"45":"3"}},"2P":{"2X":{"VX":"3","V6":"3","WM":"3"},"82":{"92":"3"},"2R":{"6J":"3"}},"39":{"CQ":{"6W":"3"},"Q6":{"QH":"3","W8":"3","MG":"3","PR":"3","JX":"3","PX":"3","MW":"3","QR":"3","QG":"3","GX":"3","X7":"3","QW":"3"},"PC":{"VR":"3"},"4X":{"2G":"3","2H":"3","6G":"3","2M":"3","2J":"3","3H":"3"},"R4":{"WJ":"3","X9":"3"},"6C":{"RW":"3","9G":"3","PQ":"3"},"X2":{"WF":"3"},"54":{"G2":"3"},"57":{"P3":"3"},"52":{"JC":"3","J2":"3","JM":"3","J4":"3"},"R6":{"63":"3"},"QC":{"22":"3"},"5P":{"6P":"3"},"VQ":{"PQ":"3"},"G7":{"QF":"3","9R":"3"},"P8":{"H2":"3","VX":"3"},"W3":{"JH":"3"},"85":{"4J":"3"},"62":{"8W":"3","4F":"3"},"5C":{"XF":"3","HR":"3"},"5Q":{"H9":"3","G8":"3","H8":"3","CF":"3","J8":"3","G9":"3"},"55":{"QP":"3","RM":"3","QM":"3","QG":"3"},"7P":{"7W":"3","X6":"3","HC":"3"},"PJ":{"J5":"3","GP":"3"},"Q8":{"V5":"3","HW":"3","V2":"3","QC":"3","JV":"3","MG":"3","MP":"3","V3":"3","MJ":"3","PH":"3","PG":"3","R6":"3","V4":"3","W2":"3","MR":"3","MH":"3","RF":"3","W3":"3","HV":"3","GF":"3","JW":"3","Q9":"3","PF":"3"},"53":{"JQ":"3"},"G6":{"2C":"3"},"MJ":{"RR":"3","QQ":"3"},"6H":{"W9":"3"},"8P":{"HG":"3","VJ":"3","XX":"3"},"PG":{"V7":"3","W7":"3","W8":"3"},"9P":{"7W":"3","8W":"3"},"QJ":{"CV":"3","95":"3","92":"3","C8":"3","C3":"3","C4":"3","94":"3","C2":"3","F6":"3","93":"3"},"3X":{"XH":"3","QH":"3","RV":"3","RR":"3","PV":"3","MW":"3","PW":"3","QW":"3","QV":"3","MX":"3","VQ":"3"},"GM":{"X5":"3"},"4P":{"XJ":"3"},"8Q":{"WJ":"3","X9":"3","WM":"3","WF":"3"},"W4":{"63":"3"},"4R":{"XF":"3","RM":"3"},"65":{"4J":"3"},"HM":{"GP":"3"},"95":{"XW":"3","9M":"3","XX":"3"},"R7":{"2Q":"3","2G":"3","3M":"3","2P":"3","2J":"3"},"C6":{"P7":"3"},"FP":{"H2":"3"},"68":{"8R":"3"},"Q7":{"V5":"3","WC":"3","V6":"3","J4":"3","P4":"3","WM":"3","PW":"3","XP":"3","J3":"3","XJ":"3","WW":"3","XM":"3","WP":"3","V9":"3","V7":"3","VG":"3","XQ":"3","VH":"3","V4":"3","P9":"3","VM":"3","R5":"3","VW":"3","XF":"3","R3":"3","VC":"3","WJ":"3","R4":"3","P7":"3","VP":"3","VX":"3","VV":"3","VQ":"3","Q2":"3"},"89":{"5W":"3"},"9Q":{"66":"3","75":"3"},"PM":{"MC":"3","4M":"3"},"44":{"WR":"3"},"M7":{"WW":"3"},"Q9":{"6W":"3","6F":"3","G5":"3"},"7M":{"V7":"3","R2":"3","V2":"3"},"R5":{"8P":"3","8M":"3","7M":"3","7P":"3"}},"7G":{"2X":{"2H":"3","3C":"3"}},"2H":{"33":{"R6":"3"},"RV":{"F5":"3"},"23":{"68":"3"},"32":{"97":"3","QQ":"3","QV":"3"}},"C2":{"GR":{"V2":"3"}},"C7":{"C2":{"XR":"3","XQ":"3","WJ":"3","VX":"3"}},"72":{"4X":{"CC":"3"},"68":{"H7":"3"},"64":{"RR":"3"}},"89":{"6P":{"7J":"3","77":"3"},"5M":{"2W":"3","MX":"3"},"6Q":{"62":"3","37":"6","59":"3"},"2J":{"QF":"3"}},"4F":{"C4":{"R5":"3"},"RW":{"C7":"3"},"QV":{"WR":"3"},"GF":{"W9":"3"},"C3":{"6Q":"3"},"3J":{"34":"3"}},"2V":{"QP":{"V2":"3"},"JH":{"GQ":"3"}},"6X":{"W2":{"5P":"3","CX":"3","95":"3","4M":"3","3J":"3"},"V2":{"XG":"3","XM":"3"},"V4":{"V6":"3"},"W3":{"58":"3","47":"3"}},"28":{"FH":{"X9":"3","XC":"3","X8":"3","XJ":"3","WC":"3","XH":"3","XG":"3","X7":"3"},"FJ":{"3F":"3","VC":"3","WC":"3","6G":"3","4C":"3","XF":"3","XC":"3","4F":"3","QG":"3","HV":"3"},"CV":{"5J":"3","8V":"3","5G":"3"},"48":{"RQ":"3","JC":"3","PF":"3","PC":"3","VH":"3","VJ":"3"},"QF":{"H6":"3","F7":"3","F5":"3","F6":"3"},"2F":{"XX":"3"},"58":{"5X":"3","45":"3","52":"3","44":"3","68":"3","JH":"3","6C":"3","53":"3","42":"3","43":"3"},"29":{"MJ":"3","5X":"3","XP":"3","6W":"3","9Q":"3","GP":"3"},"2J":{"52":"3","53":"3","GP":"3"},"PG":{"JG":"3"},"8P":{"32":"3"},"52":{"J7":"3","M9":"3","C5":"3"},"P7":{"G2":"3","F7":"3","CW":"3","CV":"3","FR":"3","9W":"3","F5":"3","6W":"3","FF":"3","G6":"3","F6":"3","FG":"3","GF":"3","FC":"3","9V":"3","GG":"3"},"Q4":{"3X":"3","62":"3","2X":"3","2P":"3","58":"3","73":"3","72":"3","63":"3","68":"3","2M":"3","64":"3"},"M8":{"25":"3"},"VM":{"29":"3"},"P8":{"G3":"3"},"3J":{"R4":"3"},"9V":{"X6":"3","W5":"3","X5":"3","W6":"3"},"57":{"VG":"3","6V":"3","3R":"3","3V":"3","6W":"3","3W":"3","4V":"3","4X":"3","5V":"3","4W":"3","2R":"3"},"47":{"RP":"3","WQ":"3"},"2G":{"48":"3","87":"3","Q2":"3","97":"3","38":"3","29":"3","C7":"3","77":"3","P3":"3"},"GG":{"8W":"3"},"MG":{"4X":"3"},"JF":{"96":"3","2X":"3","3R":"3","3V":"3","3X":"3","3W":"3","4V":"3","4W":"3"},"9X":{"MW":"3","PW":"3","XG":"3","PX":"3","MX":"3"},"JC":{"7J":"3","J8":"3","8J":"3","7M":"3","CG":"3","FF":"3","8Q":"3","GC":"3","8M":"3","8P":"3","8H":"3"},"CQ":{"3Q":"3"},"45":{"WJ":"3","WM":"3","WP":"3","VM":"3","V8":"3","VJ":"3"},"Q3":{"CM":"3","7R":"3","CP":"3","7V":"3","FJ":"3","M9":"3","FM":"3"},"CJ":{"Q9":"3","8M":"3","XG":"3","MF":"3","PC":"3","7P":"3","P9":"3"},"V8":{"JX":"3"},"GJ":{"2F":"3","2C":"3"},"XJ":{"92":"3"},"J9":{"R4":"3","WR":"3","VV":"3","WV":"3","R2":"3","R8":"3","VC":"3","WM":"3"},"P9":{"RP":"3"},"3F":{"5R":"3","FF":"3","H6":"3","W5":"3","W6":"3","5Q":"3","J4":"3","P4":"3"},"8M":{"JR":"3","MQ":"3","MR":"3","PQ":"3"},"7P":{"48":"3","49":"3","53":"3","4C":"3","34":"3","4F":"3"},"9R":{"X9":"3"},"XH":{"8X":"3"},"HH":{"2H":"3","67":"3","56":"3","65":"3"},"49":{"MF":"3","JF":"3"},"W7":{"GV":"3","HW":"3"},"P6":{"MJ":"3","JH":"3","MH":"3","JM":"3","JJ":"3","JV":"3"},"9M":{"XF":"3","VC":"3","WF":"3","PP":"3","R7":"3","MF":"3","MC":"3","2J":"3","3H":"3","2H":"3","VF":"3","5H":"3","PC":"3","M9":"3","3J":"3","V8":"3","P9":"3","4H":"3","HP":"3"},"J7":{"VX":"3"},"42":{"RX":"3"},"QC":{"CP":"3","45":"3","9M":"3","7G":"3"},"H6":{"RH":"3"},"P4":{"XP":"3","WQ":"3"},"4G":{"X6":"3","X9":"3","X7":"3","XC":"3","X8":"3"},"VC":{"7F":"3","98":"3","9C":"3","C7":"3"},"39":{"69":"3","3X":"3","49":"3","39":"3","59":"3","F7":"3","2C":"3"},"2H":{"5R":"3"},"Q2":{"RQ":"3","QR":"3","RR":"3","VX":"3","QQ":"3"},"72":{"35":"3"},"4F":{"XV":"3","WR":"3","2P":"3","WQ":"3"},"38":{"XJ":"3","MR":"3","MP":"3","PM":"3","PP":"3"},"7X":{"WH":"3"},"4C":{"86":"3"},"Q5":{"22":"3","32":"3"},"V9":{"JX":"3"},"5R":{"4Q":"3"},"6M":{"QF":"3","95":"3","P9":"3","VJ":"3","RG":"3"},"J8":{"RQ":"3","V7":"3","RP":"3","RR":"3","V6":"3","RX":"3","X7":"3"},"M7":{"CP":"3","VR":"3","7M":"3","7P":"3"},"CX":{"43":"3"},"5G":{"27":"3","2V":"3","2F":"3","3Q":"3","28":"3","2J":"3"},"CM":{"3X":"3","4X":"3","2R":"3"},"GH":{"47":"3","C8":"3","QG":"3","9C":"3","CG":"3","58":"3","2J":"3","5C":"3","WH":"3","96":"3","6G":"3","94":"3","95":"3","4F":"3","CC":"3","C7":"3","PH":"3","2M":"3","PG":"3","VH":"3","C9":"3","59":"3","93":"3","MH":"3","XH":"3","6F":"3","QH":"3","6C":"3","5F":"3","4C":"3","83":"3","C5":"3","C6":"3","84":"3"},"HG":{"JG":"3","9W":"3","8W":"3","FM":"3","JJ":"3","X4":"3","W4":"3","9V":"3"},"5H":{"6W":"3"},"CP":{"4J":"3","5R":"3","42":"3","5V":"3"},"3G":{"W7":"3"},"59":{"2X":"3","2W":"3","2V":"3"},"P5":{"Q8":"3","MJ":"3","R9":"3","Q9":"3","PG":"3","MG":"3","PP":"3","QC":"3","P5":"3","R7":"3","PF":"3","PM":"3","R8":"3","PC":"3","P4":"3","PH":"3","QG":"3","P7":"3","RF":"3","P9":"3","RC":"3"},"X7":{"Q6":"3","J8":"3","6Q":"3","CG":"3"},"JG":{"43":"3","54":"3","44":"3","66":"3","45":"3","VX":"3","53":"3","42":"3","55":"3","34":"3","VW":"3","32":"3","65":"3","64":"3"},"RM":{"FR":"3"},"XX":{"V8":"3"}},"65":{"CX":{"PF":"3"},"H8":{"FX":"3","CV":"3","J5":"3","CX":"3","CR":"3","CW":"3","9R":"3","FW":"3","GX":"3"},"Q6":{"F4":"3"},"R4":{"F4":"3","JR":"3","G2":"3","M3":"3","V3":"3","V5":"3","R3":"3","P2":"6|3","JQ":"3","83":"3","P8":"6","V4":"3","6G":"3","X4":"3","J3":"3","93":"3","HF":"3"},"H9":{"F2":"3","G2":"3","F3":"3"},"CF":{"FF":"3"},"Q5":{"JR":"3","PM":"3"},"X2":{"HJ":"3","HP":"6","JM":"6|3","JV":"3","JP":"6|3","PQ":"3","PR":"3","MW":"3","QQ":"3","HQ":"3","HM":"6","JR":"3","QW":"3","PV":"3","MQ":"3","QR":"3","R4":"3","MV":"3"},"JX":{"9M":"3"},"W2":{"4X":"3"},"Q2":{"VV":"3","VR":"3","RV":"3","RW":"3","VX":"3","QW":"3","RX":"3","QX":"3","VW":"3"},"P6":{"PQ":"3"},"CW":{"PC":"3"},"V5":{"2G":"3","2H":"3","2F":"3","C6":"3","2M":"3","2J":"3"},"P2":{"47":"3","JR":"3","JC":"3","MC":"3","36":"3","3G":"3","46":"3","GH":"3|6","GC":"3","37":"3","PC":"3","FJ":"3","QG":"3","FH":"3","FG":"3","GG":"3"},"J9":{"44":"3"},"R2":{"WQ":"3"},"R8":{"J9":"3"},"W3":{"62":"3","55":"3","F3":"3"},"38":{"P4":"3"},"J7":{"8F":"3"},"W7":{"QJ":"3"},"V3":{"F2":"3","5W":"3","2V":"3","9P":"3","8G":"3","G2":"3","9G":"3","6V":"6","CG":"3","7G":"3","F3":"3"},"VC":{"3M":"3"},"V4":{"8R":"3","V3":"3","37":"3","RW":"3","45":"3","27":"3","94":"3"},"R3":{"WV":"6","3Q":"3","FW":"3","RV":"3","M3":"3","XR":"3","J4":"3","3X":"3","W2":"6","FM":"3","VV":"3","3M":"3","MC":"3","QV":"3","MV":"3","W3":"6","J5":"3","WR":"3","J3":"3","4Q":"3","QW":"3"},"V2":{"JR":"3","M5":"6"},"2G":{"66":"3"},"X3":{"G4":"3","CV":"3","M6":"3","78":"3","CW":"3","75":"3"},"Q3":{"Q2":"3","R2":"3","6H":"3","GM":"3","8M":"3","XH":"3","9M":"3","GJ":"3"},"J8":{"H4":"3","Q4":"3","P4":"3"},"W4":{"Q2":"3","59":"3"},"GJ":{"QM":"3","QJ":"3"},"69":{"HC":"3","JG":"3"},"R7":{"M4":"3"},"F9":{"3R":"3","3H":"3"},"FX":{"HQ":"3"},"HJ":{"XM":"3"},"P5":{"P9":"3","P6":"3"},"HH":{"WM":"3"},"Q4":{"RQ":"3","QP":"3","RP":"3","Q7":"3","RR":"3","R8":"3","Q6":"3","Q8":"3","PJ":"3","67":"3","QQ":"3","72":"3","29":"3","R7":"3","R6":"3","PM":"3","P6":"3","P7":"3"},"JV":{"GR":"3"},"CH":{"2M":"3"},"JF":{"7R":"3","7H":"3"},"M2":{"X2":"3"},"P7":{"H5":"3","H7":"3"},"W5":{"RP":"3","PP":"3","WX":"3","RM":"3","QM":"3","RH":"3","RR":"3","RQ":"3","QQ":"3","VX":"3"},"R5":{"9X":"3","XM":"3","MV":"3","JX":"3","XJ":"3","XH":"3","5Q":"3","XG":"3"}},"38":{"X9":{"4Q":"3","4R":"3","5Q":"3"},"QP":{"4J":"3","5H":"3"},"F3":{"24":"3"},"HP":{"GV":"3"},"97":{"RX":"3"},"CG":{"7R":"3","5G":"3"},"4V":{"6X":"3"},"3J":{"HC":"3","GC":"3"},"2J":{"CX":"3","FW":"3"},"6J":{"59":"3","4R":"3"},"9P":{"5C":"3","56":"3"},"8M":{"MW":"3"},"4G":{"X3":"3"},"MP":{"WC":"3"},"F7":{"3M":"3"},"7Q":{"HM":"3"},"63":{"V7":"3","2P":"3","5M":"3","CR":"3","2M":"3"},"5J":{"5W":"3"},"5C":{"3M":"3","3V":"3"},"73":{"7F":"3","49":"3","C2":"3","W2":"3","7C":"3","V2":"3","6C":"3","7G":"3"},"G9":{"QR":"3","FW":"3","QG":"3"},"34":{"WW":"3"},"94":{"F2":"3","G3":"3","G2":"3","F5":"3","F3":"3"},"3M":{"WW":"3"},"CW":{"G4":"3"},"9W":{"44":"3"},"5H":{"F6":"3"},"4R":{"3F":"3","RR":"3","CX":"3"},"F9":{"VF":"3","HQ":"3","VC":"3","28":"3","VH":"3"},"CC":{"CX":"3"},"6M":{"44":"3"},"CF":{"RF":"3","RJ":"3"},"5P":{"R6":"3"},"FF":{"RR":"3","74":"3","84":"3","77":"3"},"C7":{"7V":"3"},"48":{"QR":"3","93":"3"},"54":{"98":"3"},"H7":{"HG":"3"},"C9":{"WJ":"3","W5":"3","JJ":"3","FH":"3","W9":"3","V5":"3","9M":"3","W8":"3"},"49":{"RR":"3"},"93":{"FW":"3","GV":"3","GW":"3","J7":"3","M4":"3","FV":"3","HH":"3","FX":"3","GX":"3"},"46":{"6R":"3","6Q":"3"},"3H":{"MF":"3"},"F2":{"3W":"3","W4":"3","W3":"3"},"W8":{"PW":"3"},"QM":{"CV":"3","7J":"3","9R":"3"},"3C":{"HQ":"3"},"4J":{"WJ":"3","Q7":"3"},"72":{"VX":"3","RX":"3"},"G2":{"5H":"3"},"98":{"G4":"3"},"C2":{"24":"3","88":"3","G5":"3"},"3W":{"94":"3"},"92":{"V9":"3","RQ":"3","R4":"3","GM":"3","V3":"3","3M":"3","R2":"3","W2":"3","VC":"3","V2":"3","X2":"3","R3":"3","HM":"3","RM":"3","P9":"3","V4":"3"},"CH":{"FQ":"3","9V":"3","CV":"3","9W":"3","CR":"3"},"82":{"XH":"3","7H":"3","9C":"3","WG":"3","2R":"3"},"CQ":{"CX":"3"},"5X":{"J9":"3"},"45":{"F8":"3","42":"3","85":"3","74":"3","84":"3","C7":"3"},"35":{"H5":"3","J7":"3","CQ":"3"},"5F":{"23":"3"},"4X":{"H2":"3"},"VP":{"MP":"3"},"H5":{"QW":"3"},"5R":{"2C":"3","65":"3"},"24":{"9W":"3"},"6V":{"5X":"3","5W":"3"},"26":{"Q2":"3","3V":"3","P5":"3"},"FC":{"HG":"3","7M":"3"},"C3":{"RG":"3"},"55":{"87":"3","79":"3","67":"3","82":"3"},"F8":{"PM":"3"},"4C":{"X7":"3"},"M6":{"HJ":"3"},"4Q":{"57":"3"},"5Q":{"HJ":"3"},"C6":{"FX":"3"},"5G":{"4M":"3"},"4P":{"4W":"3"},"84":{"W5":"3"}},"FM":{"MC":{"RV":"3"}},"3W":{"F3":{"F4":"3"}},"4C":{"R9":{"MW":"3","MR":"3","8V":"3"},"MJ":{"3C":"3"},"QH":{"H4":"3","8J":"3","J4":"3"},"P5":{"XR":"3"},"V5":{"93":"3"},"QF":{"QP":"3","W8":"3"},"GP":{"QW":"3","GP":"3"},"FM":{"PX":"3"},"VV":{"7R":"3"},"CJ":{"MJ":"3"},"5P":{"69":"3","6C":"3"},"3H":{"39":"3"},"MH":{"XR":"3","XQ":"3","R9":"3"},"8C":{"8F":"3"},"QG":{"72":"3"},"PH":{"2Q":"3","4C":"3"},"RC":{"FX":"3","3P":"3","9G":"3","G9":"3"},"2C":{"GR":"3"},"HP":{"WP":"3"}},"2C":{"53":{"RP":"3","RR":"3","QQ":"3"},"47":{"C6":"3"},"52":{"H2":"3","H3":"3"},"9C":{"R9":"3","PM":"3"},"58":{"36":"3","35":"3","66":"3","45":"3","46":"3","56":"3","65":"3"},"2J":{"6V":"3","7R":"3","7V":"3","6R":"3","94":"3","7Q":"3","8Q":"3","93":"3","8V":"3","8R":"3","6Q":"3"},"JQ":{"38":"3"},"57":{"3X":"3","H9":"3","4X":"3","H8":"3","J8":"3","82":"3","3W":"3","4W":"3","J9":"3"},"2G":{"VC":"3"},"M2":{"R5":"3"},"56":{"H9":"3","CF":"3","9W":"3"},"37":{"PG":"3","7H":"3","5X":"3","6X":"3","5W":"3","4P":"3","HP":"3"},"27":{"VJ":"3","RM":"3","WQ":"3","X8":"3","H9":"3","JJ":"3","WH":"3","W9":"3","XV":"3","QW":"3"},"G4":{"P6":"3"},"X3":{"VF":"3","JP":"3","VC":"3","WC":"3","WF":"3"},"X4":{"3X":"3","82":"3","77":"3"},"HQ":{"VH":"3"},"2M":{"69":"3","5F":"3","5R":"3","59":"3","93":"3","94":"3","28":"3","77":"3","65":"3"},"48":{"7W":"3","7V":"3","9W":"3","X2":"3","8W":"3","QC":"3","8V":"3"},"54":{"PV":"3","PW":"3","HG":"3","MR":"3","MV":"3"},"C9":{"CF":"3"},"49":{"37":"3","27":"3","2C":"3","29":"3","28":"3"},"R5":{"8C":"3","6C":"3","GQ":"3"},"J9":{"53":"3"},"39":{"W8":"3","X9":"3","FP":"3","XC":"3","X8":"3","C4":"3","94":"3","GM":"3","FQ":"3","XH":"3","X7":"3"},"W5":{"GP":"3","X3":"3","GQ":"3","XJ":"3","MH":"3","W4":"3","GM":"3","4X":"3","JH":"3","GR":"3","WH":"3","XP":"3","X2":"3"},"3C":{"7G":"3","G5":"3","C5":"3","J6":"3","F5":"3","FF":"3","F6":"3","H6":"3","FG":"3","FC":"3","C6":"3","C7":"3"},"Q5":{"53":"3","FG":"3","63":"3"},"HR":{"HJ":"3","JH":"3","Q3":"3"},"QH":{"XX":"3"},"38":{"52":"3","67":"3","53":"3","42":"3","FH":"3","38":"3","64":"3"},"W6":{"F4":"3","G2":"3","F7":"3","F2":"3","F5":"3","68":"3","74":"3","53":"3","F6":"3","42":"3","C6":"3","8H":"3","C7":"3"},"HV":{"M2":"3"},"P3":{"WF":"3"},"P2":{"RP":"3","XP":"3","9Q":"3"},"2F":{"9J":"3","FC":"3"},"2H":{"M7":"3","J8":"3","M8":"3"}},"3Q":{"8W":{"M6":"3"}},"36":{"CM":{"36":"3"},"XR":{"7F":"3","5R":"3"},"FH":{"5M":"3","88":"3","89":"3"},"J4":{"8H":"3"},"P4":{"P8":"3","WM":"3","VH":"3","P5":"3"},"WM":{"74":"3","46":"3"},"86":{"4W":"3"},"9P":{"7R":"3","7V":"3","7C":"3","6C":"3"},"XV":{"FX":"3","GW":"3","CV":"3","3M":"3","3P":"3","3J":"3"},"XP":{"3X":"3","4X":"3"},"XC":{"GX":"3"},"CJ":{"9W":"3","9P":"3","9R":"3","9Q":"3"},"X3":{"3M":"3"},"XJ":{"GR":"3","GV":"3","QV":"3","HR":"3","2J":"3","HV":"3"},"WX":{"XG":"3","HP":"3","GP":"3"},"WW":{"CM":"3","5R":"3","5Q":"3"},"5H":{"9F":"3","5Q":"3"},"FF":{"X9":"3","XJ":"3","X8":"3"},"H9":{"8X":"3","8W":"3","7X":"3","QX":"3","M8":"3"},"9M":{"MQ":"3","XG":"3","WG":"3","VJ":"3"},"VM":{"RX":"3"},"WV":{"XF":"3"},"XH":{"MM":"3"},"HC":{"62":"3","56":"3"},"98":{"MC":"3"},"XW":{"FW":"3","CW":"3","8G":"3","9G":"3","9W":"3","8W":"3","CG":"3","7V":"3","VP":"3","3W":"3","6R":"3","CH":"3","FX":"3","8V":"3","6Q":"3"},"WJ":{"PM":"3"},"GG":{"35":"3","27":"3"},"2C":{"7H":"3","7C":"3"},"XX":{"F3":"3","P8":"3","QC":"3","3J":"3","VF":"3","WF":"3","CJ":"3","WX":"3","Q7":"3","3M":"3","3P":"3","VG":"3","9J":"3","54":"3","VH":"3","V4":"3","8J":"3","F2":"3","J5":"3","RG":"3","RF":"3","PV":"3","RC":"3","P7":"3","H5":"3","P3":"3","FC":"3","P2":"3","Q9":"3"},"9H":{"7R":"3","52":"3","45":"3","47":"3","7Q":"3"},"28":{"66":"3","65":"3"},"GF":{"79":"3","5J":"3","3P":"3","4M":"3","77":"3","2J":"3","6R":"3","29":"3","6M":"3","2C":"3"},"VR":{"H8":"3","Q9":"3"},"VX":{"P8":"3"},"Q2":{"2X":"3"},"FG":{"QH":"3","PG":"3","PF":"3","MF":"3","RH":"3","QF":"3","MG":"3","QG":"3"},"PF":{"4C":"3"}},"6M":{"VM":{"94":"3"},"3V":{"QW":"3"},"4M":{"RG":"3"},"7R":{"PV":"3"},"5F":{"P8":"3"},"FF":{"X3":"3"},"3W":{"H8":"3"},"8Q":{"V6":"3"},"6H":{"8J":"3"},"XX":{"H6":"3"},"5H":{"3W":"3"},"57":{"QX":"3"},"4P":{"HC":"3"},"58":{"P2":"3"},"4J":{"XR":"3"},"4Q":{"68":"3"}},"64":{"QP":{"57":"3"},"C8":{"V5":"3"},"XR":{"WM":"3","WP":"3","9Q":"3","R5":"3","Q5":"3","RJ":"3","P7":"6"},"HJ":{"39":"3","4F":"3"},"RX":{"R4":"3","W7":"3","R5":"3","W8":"3"},"JQ":{"W2":"3","F6":"3"},"XV":{"WV":"3","VC":"3","F3":"3","V2":"3","RV":"3","JW":"3","R4":"3","X8":"3","JX":"3","VF":"3","GR":"6|3","P7":"3","RF":"6","HG":"3","RG":"6","WG":"3"},"XP":{"XX":"3"},"JP":{"GP":"3","HW":"3","HP":"3","GQ":"3","GR":"3","57":"3","JQ":"3","JV":"3","GV":"3","WX":"3","FM":"3","FP":"3","WW":"3","7H":"3","FR":"3","FV":"3","HQ":"3","9J":"3","GW":"3","HM":"3","JR":"3","VW":"3","HR":"3","HV":"3","VX":"3","VV":"3","GM":"3","FQ":"3","3F":"3"},"WX":{"95":"3"},"WW":{"PC":"3","MP":"3"},"XM":{"VV":"3","X4":"3","HX":"3","XJ":"3"},"CC":{"R2":"3"},"F9":{"RP":"3","WW":"3","RH":"3"},"MJ":{"PV":"3","GC":"3","F5":"3"},"C7":{"RH":"3","QC":"3","RM":"3"},"XQ":{"J7":"3"},"H9":{"V7":"3"},"H6":{"7R":"3","9V":"3","8V":"3"},"93":{"6R":"3"},"HM":{"VV":"3"},"J9":{"2G":"3","27":"3"},"WV":{"XW":"3"},"XW":{"V3":"3","Q7":"3","Q8":"3","6C":"3","W9":"3","P9":"3","P5":"3"},"C2":{"8F":"3","9H":"3","9G":"3","CH":"3"},"GG":{"R3":"3"},"XX":{"C4":"3","WV":"3","59":"3","PC":"3","C5":"3"},"42":{"MF":"3"},"MV":{"35":"3","57":"3"},"VX":{"2G":"3","2F":"3"},"FC":{"MW":"3","X8":"3"},"C3":{"7J":"3","6J":"3","7G":"3","8J":"3","7R":"3","7M":"3","49":"3","7H":"3","48":"3","6G":"3","7Q":"3","8Q":"3","6H":"3","7P":"3","8P":"3","8M":"3","6M":"3","8R":"3"},"PM":{"2M":"3"},"GC":{"GR":"3","7C":"3","HR":"3"}},"76":{"X5":{"CW":"3"},"PW":{"7J":"3","8J":"3","5G":"3","7M":"3","CJ":"6","7H":"3","9R":"3","6G":"3","8Q":"3","GM":"3","5H":"3","FJ":"6","8H":"3"},"M9":{"9V":"3","CR":"3","G5":"3","9M":"3"},"J3":{"39":"3","4G":"3"},"MP":{"49":"3","53":"3"},"69":{"GG":"3"},"5J":{"M4":"3"},"P6":{"5W":"3"},"RP":{"G5":"3"},"78":{"R9":"3"},"J9":{"W5":"3"},"MR":{"XH":"3"},"JR":{"F9":"3"},"MC":{"M4":"3","J4":"3"},"6C":{"M3":"3","PR":"3","Q3":"3","R3":"3","PQ":"3","P3":"3"},"PV":{"8W":"3"},"P7":{"3M":"3"},"W6":{"PM":"3"},"84":{"5C":"3"}},"6W":{"XR":{"6V":"3"},"HW":{"H3":"3"}},"96":{"V9":{"HC":"3"},"R6":{"RQ":"3","VV":"3","VR":"3","RV":"3","RR":"3"},"65":{"WM":"3"}},"CX":{"J5":{"37":"3","3P":"3","6H":"3","2J":"3"},"H5":{"QH":"3"}},"78":{"MF":{"HM":"3"},"86":{"W8":"3"},"62":{"V3":"3"},"WX":{"33":"3"},"85":{"WM":"3","V8":"3"},"96":{"HH":"3","H4":"3","GH":"3","6Q":"3"},"WW":{"4W":"3"},"94":{"R6":"3"},"95":{"H6":"3"},"67":{"8R":"3","9V":"3","8W":"3","9R":"3","8V":"3"},"H8":{"WP":"3"},"C7":{"F8":"3","C9":"3","CF":"3","F9":"3","CC":"3","FC":"3","G9":"3"},"48":{"3H":"3"},"93":{"CM":"3","FH":"3","3J":"3|6","2J":"3","57":"3","4M":"6","6H":"3","4R":"6|3","3P":"3","5P":"3","59":"3","2Q":"3","MR":"6","4J":"6|3","CR":"3","3W":"6","3V":"6","CP":"3","5R":"3","G7":"3","GC":"3","2W":"3","5Q":"3","4P":"6","2H":"3"},"XG":{"99":"3","CC":"3"},"74":{"XV":"3","J8":"3"},"92":{"44":"3","VC":"3","Q5":"6"},"82":{"79":"3"},"VP":{"5V":"3"},"H5":{"3W":"3"},"83":{"WX":"6","V7":"3","XH":"6","Q7":"3","WW":"3","45":"3","VX":"6","X7":"6","WF":"3","X8":"6","QJ":"3","W8":"3"},"C5":{"7F":"3","7H":"3"},"M6":{"C2":"3"},"2W":{"F4":"3","F7":"3","C5":"3","F5":"3","FF":"3","F9":"3","C8":"3","39":"3","C4":"3","C9":"3","F8":"3","F6":"3","CF":"3","CC":"3","FC":"3","C6":"3","C7":"3"},"M7":{"76":"3","68":"3"},"C4":{"RQ":"3","89":"3"},"C6":{"26":"3","FM":"3","9R":"3"},"84":{"WJ":"3","V2":"6","WP":"3","Q6":"3","W2":"6","VP":"3","R2":"3"}},"4J":{"VX":{"8R":"3","7M":"3","7G":"3","8Q":"3","9C":"3","68":"3","58":"3","8P":"3","88":"3","6J":"3","7C":"3","57":"3","86":"3","9V":"3","8M":"3","4G":"3","8G":"3","56":"3","69":"3","7Q":"3","7F":"3","4H":"3","5J":"3","85":"3","75":"3","6P":"3","9Q":"3","7H":"3","CW":"3","CX":"3","6H":"3","67":"3","9W":"3","5H":"3","4F":"3","8H":"3","78":"3","6M":"3","FV":"3","65":"3","8X":"3","79":"3","9J":"3","7J":"3","66":"3","9F":"3","87":"3","8J":"3","3H":"3","5M":"3","9G":"3","4J":"3","77":"3","8F":"3","8C":"3","76":"3","FW":"3","9H":"3","9X":"3","5F":"3","CV":"3","9R":"3","8W":"3","7P":"3","8V":"3","5G":"3","89":"3"}},"56":{"RX":{"46":"3"},"6J":{"8P":"3"},"PW":{"2H":"3"},"XP":{"RW":"3","W5":"3"},"RJ":{"F6":"3"},"XC":{"H7":"3"},"W7":{"WV":"3"},"5J":{"XG":"3"},"73":{"76":"3"},"85":{"G5":"3"},"WH":{"M3":"3","M2":"3"},"F5":{"23":"3"},"MW":{"X9":"3","X8":"3","XM":"3"},"QQ":{"H9":"3"},"2M":{"G5":"3"},"XQ":{"W2":"3","F6":"3"},"H9":{"7H":"3","8J":"3","8H":"3","7J":"3"},"JG":{"37":"3"},"WG":{"JW":"3","MW":"3","JX":"3","MX":"3","JV":"3","HV":"3"},"74":{"WQ":"3"},"92":{"69":"3","H2":"3","67":"3","68":"3"},"QW":{"3F":"3","4G":"3","4F":"3"},"9H":{"CJ":"3","7H":"3"},"MX":{"8W":"3"},"83":{"GW":"3","HW":"3","HX":"3","GX":"3"}},"5G":{"WR":{"JJ":"3"},"62":{"GQ":"3"},"25":{"88":"3"},"8Q":{"7G":"3"},"4H":{"P5":"3"},"MC":{"H9":"3","6C":"3"},"WM":{"WV":"3"},"9C":{"4P":"3"},"63":{"F8":"3","CV":"3","R3":"3","85":"3","C5":"3","GQ":"3"},"FC":{"59":"3"},"28":{"78":"3"}},"R3":{"XG":{"CM":"3"}},"3X":{"G8":{"W2":"3"},"G7":{"5W":"3"},"J8":{"GJ":"3","MH":"3","W7":"3","8G":"3"},"52":{"HV":"3"},"F2":{"CH":"3"},"4M":{"5C":"3","49":"3","79":"3","4F":"3"},"9G":{"P4":"3"},"J7":{"R5":"3"},"C8":{"52":"3"},"99":{"43":"3","54":"3","44":"3","34":"3","22":"3"},"H8":{"25":"3","CC":"3","QJ":"3"},"M7":{"HQ":"3","9W":"3"},"48":{"73":"3"},"HC":{"7G":"3"},"38":{"W9":"3","J4":"3"},"37":{"CP":"3"},"98":{"9X":"3","8W":"3"},"P7":{"HJ":"3","2P":"3","RX":"3","JJ":"3","7M":"3"},"H6":{"7R":"3"},"42":{"C5":"3"}},"RC":{"W9":{"RF":"3","RG":"3"}},"HG":{"VH":{"HQ":"3"}},"6H":{"8C":{"JM":"3","HM":"3"},"25":{"5W":"3","4W":"3"},"87":{"5M":"3"},"4H":{"CG":"3"},"G7":{"5W":"3"},"74":{"MM":"3"},"89":{"MW":"3"},"75":{"RQ":"3","VM":"3","VJ":"3"}},"7Q":{"24":{"Q8":"3"},"MF":{"27":"3"},"JF":{"X9":"3"}},"5H":{"QC":{"X5":"3","34":"3","23":"3","22":"3"},"M9":{"H8":"3"},"MG":{"F6":"3"},"MP":{"P3":"3"},"PQ":{"CV":"3","CW":"3"},"W7":{"MG":"3"},"WH":{"F4":"3"},"PR":{"96":"3","87":"3","98":"3","97":"3","99":"3","88":"3","C7":"3","89":"3"},"MJ":{"X9":"3","P9":"3"},"V9":{"RV":"3","6H":"3"},"PH":{"R2":"3","XM":"3"},"R8":{"G8":"3","G7":"3","J8":"3","G5":"3","JC":"3","HJ":"3","H7":"3","J6":"3","MC":"3","G6":"3","GH":"3","H6":"3","GJ":"3","FC":"3","GG":"3"},"PG":{"28":"3"},"P9":{"3X":"6"},"MH":{"FR":"3"},"XH":{"M5":"3"},"VC":{"H2":"3","J5":"3","Q7":"3","Q9":"3","M2":"3","W3":"3"},"MC":{"X6":"3","XC":"3","W9":"3"},"2C":{"HR":"3"},"JH":{"M3":"3","H2":"3","J4":"3"},"RC":{"R8":"3","92":"3","C6":"3","F6":"3"},"PC":{"VC":"3","JR":"3","PG":"3","PP":"3","MQ":"3","CW":"6|3","QP":"3","CV":"6|3","GP":"3","8W":"3","FV":"3","PR":"3","FM":"3","MP":"3","QM":"3","9R":"6","R8":"3","QJ":"3","7Q":"3","8Q":"3","PQ":"3","5H":"3","WC":"3","7P":"3","GR":"3","PJ":"3","9M":"3","FX":"6","32":"6","CR":"3","JP":"3"},"MM":{"Q5":"3","P4":"3"},"8W":{"PP":"3","JC":"3","HJ":"3","J9":"3","HH":"3","MC":"3","FF":"3","G9":"3","F9":"3","GH":"3","PQ":"3","M9":"3","HG":"3","GJ":"3","GF":"3","FC":"3","GG":"3"},"R9":{"VC":"3","CW":"3","FV":"3","MV":"3","V4":"3","PX":"3","MW":"3","WC":"3"},"2F":{"7C":"3"},"Q8":{"XR":"3"},"PP":{"54":"3","53":"3"},"4C":{"46":"3"},"PM":{"7R":"3","5X":"3","5W":"3","5M":"6","4P":"3","6R":"3","6Q":"3","5Q":"3"},"R7":{"FX":"3","PV":"3","CX":"3","CW":"3","G9":"3","FW":"3"},"Q9":{"X3":"3"},"PF":{"8R":"3","CF":"3","C2":"3|6","93":"3","92":"3","F9":"3","83":"3","CG":"3"}},"5C":{"PX":{"87":"3","XF":"3","WF":"3","JC":"3","QF":"3","22":"3","MF":"3","J9":"3","3M":"3","4R":"3","H9":"3","46":"3","4V":"3","55":"3","3H":"3","C9":"3","VF":"3","23":"3","5Q":"3","RC":"3","2C":"3","4Q":"3","8R":"3"},"JF":{"XW":"3"},"RX":{"QR":"3","RV":"3","QV":"3","74":"3","C3":"3","MG":"3"},"6J":{"6W":"3"},"QX":{"QH":"3","JH":"3","4G":"3","6F":"3"},"MW":{"H8":"3","GC":"3","J8":"3","82":"3","WF":"3","G9":"3"},"X2":{"Q3":"3"},"9J":{"62":"3","63":"3"},"48":{"6Q":"3"},"JX":{"HR":"3","P2":"3"},"3C":{"28":"3"},"M4":{"J4":"3"},"M3":{"JG":"3","QC":"3","RH":"3","Q7":"6","WH":"3","RF":"3","RC":"3"},"J5":{"RW":"3","VX":"3","RX":"3","VW":"3"},"RW":{"6X":"3"},"MX":{"XF":"3","V8":"3","Q5":"3"},"J6":{"V2":"3","V3":"3","V5":"3","R4":"3","R3":"3","R2":"3","V4":"3","R5":"3"},"P3":{"33":"3"},"MV":{"8X":"3","5W":"3","7X":"3","6R":"3","5G":"3"},"P2":{"82":"3"},"89":{"XX":"3"}},"CP":{"5M":{"JX":"6|3"}},"95":{"HQ":{"JP":"3","JH":"3","J9":"3"},"9W":{"82":"3"},"3V":{"WW":"3"},"8W":{"VV":"3","RV":"3","RW":"3","VW":"3"},"4W":{"27":"3"},"QJ":{"Q5":"3"},"PH":{"7V":"3"}},"8X":{"3M":{"Q6":"3","P2":"6","P3":"6"},"3J":{"WP":"3"}},"XG":{"FP":{"X5":"3"},"FM":{"WJ":"3"},"G9":{"38":"3"},"H9":{"86":"3"},"CP":{"78":"3"},"GH":{"WH":"3"},"GC":{"6F":"3"},"FX":{"9P":"3"},"GG":{"WQ":"3"}},"V2":{"RR":{"CJ":"3"},"R3":{"2Q":"3","2P":"3","2V":"3"},"RH":{"PQ":"3"},"R7":{"XF":"3"},"RM":{"M4":"3"}},"6R":{"44":{"6V":"3"},"3M":{"FQ":"3"},"33":{"V5":"3"},"4Q":{"2G":"3","27":"3"},"7X":{"M5":"3"},"34":{"27":"3","76":"3"},"5Q":{"4V":"3"},"3Q":{"XJ":"3"},"5V":{"57":"3"}},"66":{"F2":{"96":"3","P9":"3"},"7F":{"62":"3"},"H2":{"8R":"3","2Q":"3","3Q":"3"},"CV":{"WR":"3","XG":"3"},"C4":{"62":"3","5V":"3"},"2P":{"6C":"3"},"96":{"4J":"3"},"4Q":{"29":"3"},"97":{"MQ":"3"},"J2":{"66":"3","4C":"3"},"H3":{"WW":"3","RX":"3"},"85":{"J7":"3"},"G2":{"FJ":"3"},"9C":{"7R":"3"},"86":{"7R":"3","FM":"3","W7":"3","W8":"3"},"FH":{"XX":"3"},"94":{"25":"3","27":"3","26":"3"},"84":{"X6":"3","X5":"3"},"63":{"H6":"3"},"3Q":{"WG":"3"},"89":{"7F":"3","CX":"3","7G":"3"},"RM":{"M7":"3"},"95":{"MJ":"3","M9":"3"},"RJ":{"PV":"3"}},"8Q":{"6M":{"VQ":"3"},"6P":{"M3":"6","45":"3","99":"3","53":"3","F7":"6","34":"6","6F":"3","6C":"3"},"5P":{"M8":"3"},"2G":{"93":"3"},"5M":{"MP":"3"},"6Q":{"X7":"3"},"7Q":{"27":"3","26":"3","23":"3","22":"3"}},"3G":{"C9":{"9W":"3"},"26":{"73":"3"},"4H":{"WH":"3"},"9F":{"P7":"3"}},"4R":{"CF":{"48":"3"}},"85":{"4X":{"V2":"3","W5":"3","W2":"3","X3":"3","W3":"3","X5":"3","X4":"3","W4":"3"},"9V":{"3H":"3"},"7X":{"32":"3"},"CW":{"G5":"3"},"4W":{"J5":"3"},"2R":{"38":"3","G9":"3"}},"59":{"V5":{"52":"3"},"QJ":{"RC":"3"},"58":{"G5":"3"},"P4":{"MW":"3"},"2J":{"WG":"3"},"57":{"8R":"3","X2":"3","X5":"3"},"56":{"GF":"3"},"Q7":{"PR":"3","PQ":"3"},"MW":{"RV":"3"},"3M":{"83":"3"},"67":{"2Q":"3","9M":"3"},"65":{"RW":"3"},"Q4":{"52":"3","HP":"3","58":"3","6J":"3","4G":"3","69":"3","5J":"3","4M":"3","4W":"3","6G":"3","6H":"3","67":"3","5H":"3","4R":"3","78":"6","5P":"3","23":"3","49":"6","59":"6","MR":"3","5M":"3","3C":"3","4X":"3","7W":"6","GH":"3","7R":"3","4C":"6","32":"3"},"H7":{"FC":"3"},"49":{"C2":"3"},"V4":{"QP":"3","PJ":"3","R9":"3","PM":"3","QM":"3","PP":"3","MG":"3"},"R5":{"M4":"3","JF":"3","P9":"3","QG":"3"},"2X":{"HP":"3"},"77":{"Q2":"3"},"Q5":{"43":"6|3","7R":"3","FJ":"3","59":"3","FM":"3","42":"6|3","6R":"3","23":"3","22":"3"},"RG":{"M6":"3"},"76":{"M3":"3"},"Q3":{"9X":"3","5X":"3"},"QW":{"24":"3"},"PV":{"RV":"3"},"R4":{"HW":"3"},"45":{"VX":"3","JF":"3","VW":"3"},"H5":{"7Q":"3"},"P5":{"WJ":"3","VP":"3","H3":"3","X2":"3","WM":"3","X3":"3","X5":"3","WP":"3","VM":"3","VJ":"3"},"Q8":{"J5":"6","J6":"6"},"PP":{"HH":"3"},"F8":{"F5":"3"},"M6":{"5R":"3","2P":"3","4C":"3"}},"WM":{"M4":{"7P":"3"},"MJ":{"2Q":"3"},"JM":{"X8":"3"},"HW":{"V8":"3"},"M8":{"CM":"3","CP":"3"}}}}