{"index":{"university,1|retail,2|tourism,3|wreck,4|historical,5|artsCulture,6|namedBuilding,7|water,8|wetland,9|park,10|beach,11|natureReserve,12|cemetery,13|trail,14":{}},"9Q":{"6C":{"PF":{"RF":"3"},"JG":{"CR":"3"}},"FH":{"24":{"WQ":"3"}},"44":{"XG":{"6W":"3"},"23":{"W7":"3"}},"48":{"WG":{"XJ":"3"},"JV":{"HG":"3"}},"4P":{"69":{"3X":"3"},"3X":{"CF":"3"},"44":{"VX":"3"},"46":{"VC":"3"},"47":{"MR":"3"}},"2X":{"QV":{"9W":"3"}},"C8":{"HM":{"HQ":"6","MQ":"6","PX":"3","MR":"6"},"Q9":{"MX":"3"},"PG":{"7M":"3"},"QC":{"7W":"3"},"HJ":{"RX":"3"},"HQ":{"H6":"3"},"GH":{"Q4":"3"},"W9":{"88":"3"},"X7":{"7R":"3","7G":"3"},"W7":{"GV":"3","MG":"3"}},"88":{"GG":{"6F":"3"}},"8G":{"5J":{"FX":"3","GW":"3","GX":"3"}},"2F":{"5F":{"7P":"3"},"4C":{"6R":"3"},"4F":{"82":"3"},"F3":{"W7":"3"}},"58":{"F2":{"4H":"3"},"96":{"78":"3"},"94":{"WW":"3"},"6C":{"5C":"3","3C":"3"},"95":{"V2":"3"}},"29":{"7F":{"2P":"3","2W":"3"},"8F":{"WH":"3"},"7G":{"8R":"3","52":"3","JM":"3","4V":"6","57":"6","4G":"3","69":"3","4H":"3","5J":"6","WH":"3","9Q":"3","VG":"3","48":"3","49":"3","59":"3","HM":"3","WG":"3","HC":"3","8F":"3","RG":"3","3W":"3","CH":"6","5F":"3|6","4C":"3","4P":"3","5G":"3","89":"3"},"8G":{"27":"3","26":"3","55":"3","46":"3","56":"3"},"FP":{"33":"3","24":"3","23":"3","22":"3","32":"3"},"FM":{"4X":"3"},"CG":{"WX":"3"},"7H":{"69":"3","92":"3"},"6G":{"WJ":"3","V3":"3","W2":"3","JM":"3","X2":"3","WM":"3","QC":"3","R5":"3","V4":"3"},"CP":{"C5":"3"},"CM":{"6P":"3","5P":"3","8W":"3"},"9M":{"R2":"3"},"6F":{"WX":"3","XV":"3","XR":"3","WR":"3","WV":"3","WW":"3","WQ":"3","VX":"3","MV":"3","XX":"3"},"8H":{"5F":"3","5C":"3","49":"3","59":"3","4C":"3","4F":"3"},"9J":{"C2":"3","PP":"3"}},"FV":{"QM":{"3P":"3"}},"2J":{"H9":{"9Q":"3"}},"GP":{"9F":{"73":"3"},"CH":{"82":"3"}},"M5":{"VV":{"48":"3"},"F5":{"PP":"6"},"RG":{"WW":"3"}},"4X":{"2P":{"G2":"3"},"Q9":{"W9":"3"},"53":{"88":"3"}},"2R":{"C8":{"3M":"3"},"3R":{"J4":"3"},"QC":{"7W":"3"},"3Q":{"JW":"3"},"6R":{"M3":"3"},"G8":{"87":"3"},"FX":{"HW":"3"},"4F":{"3W":"3"},"PJ":{"JW":"3","HQ":"3","HW":"3","JF":"3"},"PH":{"V9":"3","Q9":"3","R8":"3","R9":"3","RC":"3"},"P9":{"4R":"3"},"6W":{"G6":"3","H6":"3|6","73":"3","74":"3","H7":"3","94":"3","G5":"3","95":"3","F3":"3"},"GX":{"V7":"3","GW":"3","WV":"3","RX":"3","WP":"3","QX":"3"},"MR":{"7H":"3","8J":"3","8M":"3","8H":"3","7J":"3","7M":"3","7G":"3"},"M4":{"65":"3"},"HX":{"V2":"3","55":"3","FP":"3","5G":"3"},"2C":{"9G":"3"},"6C":{"F5":"3"},"CQ":{"GR":"3"},"2V":{"9H":"3","XF":"3","JF":"3"},"7W":{"GR":"3","HR":"3","GQ":"3"},"CV":{"XX":"3"},"R9":{"9X":"3","9W":"3","CX":"3","CW":"3"},"8W":{"WR":"3"},"6V":{"8X":"3","6W":"3"},"PM":{"HW":"3","42":"3"},"3F":{"XW":"3"}},"3R":{"9F":{"75":"3"},"4C":{"47":"3"},"8G":{"2Q":"3"},"7G":{"FV":"3"}},"52":{"VV":{"4F":"3"},"M3":{"G9":"3"},"RV":{"R7":"3"},"PJ":{"QQ":"3"}},"M8":{"PV":{"7W":"3","7M":"3"},"JX":{"7F":"3","7C":"3"},"HG":{"H4":"3","G4":"3"}},"9J":{"6R":{"W2":"3","P6":"3"},"9M":{"Q8":"3"}},"F8":{"7V":{"PH":"3"}},"VM":{"H9":{"2Q":"3","2R":"3"},"G9":{"XP":"3","VP":"3"}},"JW":{"74":{"74":"3"}},"3J":{"3H":{"GX":"3"},"3J":{"H5":"3"}},"57":{"GM":{"CG":"3"},"CP":{"PX":"3"},"FQ":{"WM":"3","89":"3","47":"3"},"FR":{"WM":"3","32":"3"},"CR":{"X2":"3","X3":"3"},"M7":{"R2":"3"},"CQ":{"FQ":"3","XX":"3"}},"6Q":{"P8":{"98":"3","99":"3"}},"M4":{"PX":{"94":"3"},"VQ":{"P7":"3"}},"F6":{"35":{"42":"3"},"25":{"X7":"3","VH":"3"},"33":{"MJ":"3","P8":"3","R2":"3","HW":"3"},"27":{"55":"3","3C":"3"},"26":{"CJ":"3","8W":"3","J3":"3","G9":"3"},"42":{"34":"3"},"34":{"6P":"3","8F":"3","F6":"3"},"32":{"WP":"3"}},"M9":{"WF":{"Q9":"3","P9":"3"}},"PV":{"CM":{"X6":"3"}},"MR":{"P7":{"6V":"3"}},"MV":{"2V":{"XG":"3"}},"2Q":{"67":{"4G":"3"},"G7":{"99":"3"},"89":{"9W":"3","73":"3"},"69":{"8Q":"3"},"76":{"R9":"3"},"MP":{"V2":"3"},"77":{"Q4":"3"},"H8":{"68":"3"},"85":{"V9":"3"},"55":{"WP":"3"},"3H":{"87":"3"},"PV":{"MH":"3"},"68":{"25":"3"},"42":{"JJ":"3"},"GX":{"2Q":"3"}},"2G":{"77":{"WW":"3","8W":"3","6J":"3","XW":"3"}},"7J":{"88":{"GQ":"3"}},"32":{"8M":{"MF":"3"},"7Q":{"6G":"3","73":"3"}},"3M":{"42":{"H9":"3","JQ":"3","PV":"3","QV":"3"}},"H9":{"48":{"MW":"3"},"49":{"33":"3","45":"3","34":"3","46":"3","47":"3"}},"MG":{"58":{"3X":"3"},"4C":{"MM":"3","MP":"3","PP":"3"}},"JF":{"3P":{"8C":"3","3M":"3","PX":"3","9R":"3","4F":"3"},"2P":{"M3":"3","P9":"3","Q6":"3","7C":"3","JC":"6|3","R4":"3","HW":"3","Q5":"3","FM":"3","GQ":"3","X2":"3","8F":"3","83":"3","JX":"3","W2":"3","QQ":"3","P2":"3","JP":"3","J9":"6","P8":"3","GG":"3","V3":"3","P3":"3","V4":"3","M5":"3","V2":"3","Q8":"3","FQ":"3","M9":"6|3","9C":"6|3","42":"3","JR":"3","JM":"3","GM":"3","MV":"6","GJ":"3","HM":"6|3","F9":"6","FP":"3","M6":"3","Q7":"3","M4":"3","JW":"3","MF":"6","M7":"3","JF":"6","HC":"3","WP":"3","Q9":"3","HP":"6|3","GP":"3","P7":"3","RR":"6","GC":"3","MR":"6","R5":"3"},"4M":{"C2":"3","C4":"3","93":"3","92":"3","94":"3","C3":"3"},"3M":{"CP":"3","2X":"3","PR":"3","2W":"3","2V":"3"},"2J":{"VF":"3","RF":"3","94":"3","RC":"3"},"5R":{"6P":"3"},"3J":{"2J":"3"},"4J":{"CX":"3"},"5Q":{"WC":"3","WM":"3","VF":"3","XP":"3","WF":"3","XC":"3","VJ":"3","XJ":"3","WH":"3","XM":"3","WP":"3","VG":"3","XQ":"3","VH":"3","VM":"3","WV":"3","WQ":"3","XH":"3","XG":"3","WG":"3","XF":"3","WJ":"3","WR":"3","VP":"3","VR":"3","VV":"3","VQ":"3"},"XG":{"XM":"3"},"2M":{"RV":"3","WX":"3","XR":"3","VR":"3","7M":"3","WQ":"3","QV":"3","RR":"3","PX":"3","WR":"3","XX":"3","4X":"3","JH":"3","25":"3","XV":"3","66":"3","QW":"3","QX":"3"},"2Q":{"P3":"3"},"6Q":{"2G":"3","2F":"3","2M":"3","2J":"3"}},"77":{"74":{"GF":"3"}},"F5":{"7J":{"Q7":"3","GQ":"3","JG":"3"},"8F":{"JM":"3","QF":"3","X8":"3","GX":"3"},"7M":{"4G":"3","93":"3","77":"3"},"C8":{"5J":"3","79":"3","3V":"3","C3":"3"},"7H":{"VX":"3","XM":"3"},"99":{"MM":"3","HW":"3","W4":"3","RC":"3"},"4V":{"V9":"3","X3":"3","MX":"3","QM":"3"},"4X":{"5R":"3","86":"3","7G":"3"},"9F":{"45":"3","72":"3"},"6M":{"XQ":"3"},"F6":{"2R":"3"},"4W":{"J7":"3","GH":"3","CW":"3"},"5R":{"8C":"3","2Q":"3","G7":"3","5H":"3","J3":"3"},"5Q":{"QR":"3","WJ":"3"},"8H":{"54":"3","3C":"3"},"9C":{"G6":"3","FH":"3","CW":"3"},"C7":{"GR":"3","MH":"3","Q8":"3"}},"68":{"M2":{"C8":"3"}},"F7":{"38":{"9G":"3"},"28":{"HP":"3"},"77":{"2Q":"6"}},"JC":{"MC":{"QM":"3"}},"5W":{"5P":{"V7":"3"},"4Q":{"PP":"3"},"HG":{"CP":"3","CQ":"3"}},"G2":{"CJ":{"HW":"3"},"9F":{"GC":"3"},"9C":{"8P":"3","F4":"3","G5":"3","CG":"3"}},"WP":{"JH":{"7R":"3"},"FJ":{"V7":"3"},"R8":{"HX":"3"},"VC":{"94":"3"},"W9":{"33":"3"},"GP":{"Q3":"3"}},"25":{"HP":{"JC":"3","M9":"3","MC":"3","M2":"3","P6":"3","P2":"3","J9":"3"},"JJ":{"H3":"3"},"HM":{"PX":"3"}},"5X":{"QX":{"5V":"3"},"3R":{"MF":"3"}},"37":{"V5":{"JX":"3"}},"54":{"X2":{"X4":"3","X3":"3"}},"5J":{"3W":{"9X":"6","9W":"6"}},"VQ":{"VC":{"3X":"3"},"MG":{"QH":"3"},"JG":{"2W":"3"},"JW":{"HW":"3"},"HH":{"HP":"3"},"M7":{"9P":"3"},"CM":{"GG":"3"},"VF":{"PG":"3"},"JH":{"WG":"3"},"9J":{"WC":"3"},"GG":{"WR":"3"}},"XQ":{"QX":{"HV":"3"}},"M2":{"F8":{"28":"3"},"C9":{"Q4":"3","WH":"3"}},"HJ":{"XH":{"QG":"3"},"XC":{"RR":"3","XP":"6","XM":"6"}},"GJ":{"V2":{"X2":"3"},"G2":{"V2":"3"}},"6G":{"M7":{"J8":"3"}},"87":{"25":{"XF":"3"},"P4":{"RW":"3","QW":"3","RX":"3","QV":"3"}},"HC":{"76":{"RC":"3"},"6J":{"RM":"3"},"6G":{"CH":"3"},"73":{"69":"3","7J":"3"},"3R":{"7J":"3"},"9C":{"88":"3"},"74":{"99":"3","9C":"3"},"6F":{"3M":"3"},"6C":{"V2":"3"},"7P":{"7R":"3"},"7Q":{"2F":"3"}},"4M":{"WH":{"H8":"3"}},"JQ":{"JH":{"X7":"3","VH":"3","VG":"3"},"MH":{"2P":"3","2M":"3","3C":"3"}},"55":{"XW":{"F8":"3","GG":"3","GM":"3","GJ":"3","HM":"3","G9":"3"},"XX":{"J8":"3"}},"3F":{"WH":{"RH":"3"}},"6V":{"VM":{"Q8":"3"},"FW":{"V8":"3"},"WP":{"HW":"3"},"XR":{"23":"3"},"VF":{"5W":"3"},"7P":{"VH":"3"},"8M":{"35":"3","45":"3"},"9M":{"H4":"3"},"M5":{"PR":"3"},"XV":{"H9":"3","F9":"3"},"CR":{"MH":"3"}},"8M":{"G8":{"GM":"3"},"R6":{"F8":"3"}},"JJ":{"2F":{"7C":"3"},"2C":{"2Q":"3","2C":"3","3C":"3"}},"24":{"JF":{"RR":"3"},"MG":{"3J":"3"}},"3C":{"Q4":{"8C":"3","26":"3","9C":"3","89":"3","4F":"3"},"8F":{"7P":"3"},"62":{"PW":"3"},"39":{"WJ":"3","WC":"6","WH":"3","VJ":"3"},"G6":{"C4":"3"},"4G":{"VX":"3"},"MW":{"79":"3"},"J7":{"V6":"3","X5":"3"},"Q3":{"7X":"3"},"F9":{"X4":"3"},"94":{"GM":"3","JH":"3","58":"3","HM":"3","VJ":"3","GP":"3","7Q":"3"},"84":{"VX":"6"},"F6":{"MC":"3"}},"HH":{"HF":{"8Q":"3"},"HG":{"46":"3"}},"53":{"X6":{"GR":"3"},"XW":{"4X":"3"},"XX":{"43":"3","58":"3","32":"3"}},"RH":{"6Q":{"Q5":"3"}},"49":{"7F":{"X2":"3"},"2Q":{"62":"3"},"2P":{"8V":"3","GP":"3"},"2M":{"3V":"3","29":"3"},"4M":{"MH":"3"}},"86":{"RW":{"R3":"3"},"6V":{"F2":"3"},"7W":{"9W":"3"},"RV":{"PG":"3"},"MQ":{"MV":"3"},"MM":{"5X":"3"},"HQ":{"H7":"3"},"VV":{"WF":"3"},"MP":{"8F":"6","45":"3","8G":"3","J4":"3","48":"3","46":"3","J5":"3","4F":"3","9F":"6","7C":"3","57":"3","FG":"3"},"JQ":{"FX":"3","CX":"3"},"MR":{"HH":"3"},"PW":{"X2":"3"},"VX":{"JG":"3"}},"63":{"2X":{"2X":"3"},"39":{"8C":"3"},"3M":{"XR":"3"},"4H":{"66":"3"}},"H8":{"8R":{"CP":"3","HG":"3","VG":"3"},"8Q":{"4M":"3"},"CM":{"44":"3","6W":"3"},"CG":{"9W":"3","XC":"3","CW":"3"},"4V":{"M4":"3"},"CJ":{"5F":"3","6R":"3"},"G9":{"73":"3"},"G8":{"X8":"3","W8":"3"},"CF":{"RR":"3"},"9J":{"PV":"3"},"H7":{"GF":"3"},"6W":{"F4":"3"},"5W":{"75":"3"},"5V":{"7C":"3","4H":"3"},"7V":{"H4":"3"},"CH":{"PQ":"3","V8":"3"},"4X":{"3P":"3"},"6V":{"X7":"3"},"FC":{"V8":"3"},"7R":{"8H":"3","VH":"3"},"FG":{"7C":"3"}},"R5":{"Q9":{"2Q":"3","9J":"3","2V":"3","9G":"3","7P":"3","CG":"3","2R":"3"}},"97":{"XG":{"8C":"3"},"R9":{"MJ":"3","HM":"3","PG":"3","M8":"3","MG":"3","JF":"3","J8":"3","JG":"3","JC":"3","MM":"3","HJ":"3","FP":"3","HQ":"3","MF":"3","GP":"3","J9":"3","HH":"3","FM":"3","MC":"3","JQ":"3","PF":"3","H9":"3","HC":"3","JJ":"3","MH":"3","GH":"3","GM":"3","JH":"3","M9":"3","PH":"3","HF":"3","HG":"3","GJ":"3","GF":"3","JP":"3","HP":"3","JM":"3","GG":"3"},"M8":{"PM":"3"}},"92":{"2P":{"CV":"3"}},"23":{"QF":{"JC":"3"},"QG":{"H8":"3"}},"2W":{"97":{"54":"3"},"7G":{"96":"3"}},"6F":{"HJ":{"FC":"3"},"HG":{"WM":"3"},"GQ":{"8M":"3"}},"3H":{"W2":{"37":"3"}},"4G":{"CV":{"WQ":"3"},"3W":{"X9":"3"},"FV":{"43":"3","42":"3"}},"22":{"G4":{"H9":"3","HC":"3","GC":"3","F9":"3"},"74":{"2P":"3"},"7P":{"2M":"3"},"F4":{"43":"3","35":"3","44":"3","34":"3"},"65":{"HF":"3","HG":"3","C7":"3"}},"HF":{"PG":{"XX":"3"},"M9":{"H2":"3"},"XW":{"8C":"3","7C":"3","55":"6|3","56":"3"},"82":{"PX":"3","QX":"3","MX":"3"},"QM":{"P7":"3"},"83":{"Q8":"3","Q9":"3","QC":"3","Q6":"3","P5":"3","R7":"3","Q2":"3","Q4":"3","QF":"3","P2":"3","P8":"3","M2":"3","Q7":"3","Q3":"3","P3":"3","PC":"3","Q5":"3","P4":"3","QG":"3","P7":"3","P9":"3","P6":"3"},"MG":{"8X":"3"},"QG":{"GP":"3"}},"2P":{"G8":{"FJ":"3","FR":"3","F9":"3"},"4X":{"36":"3"},"2Q":{"VC":"3"},"G3":{"G4":"3"},"PV":{"2V":"3"},"97":{"V8":"3","WF":"3"},"J7":{"V6":"3"},"HW":{"G8":"3"},"G7":{"P9":"3"},"FG":{"67":"3"},"95":{"QJ":"3"},"G9":{"92":"3"}},"39":{"6X":{"6X":"3"},"XM":{"QR":"3","WC":"3"}},"XP":{"5F":{"P7":"3"},"59":{"JG":"3"}},"C7":{"JR":{"XV":"3","XR":"3"},"G8":{"WJ":"3","RM":"3"},"QH":{"R8":"3"},"V2":{"45":"3","46":"3"},"M3":{"6X":"3","FG":"3","J8":"3","9Q":"3","P3":"3"},"JC":{"82":"3"},"X9":{"CV":"3"},"J4":{"XF":"3","RM":"3"},"VR":{"XP":"6"},"H7":{"8G":"3","6Q":"3","C7":"3"},"W5":{"C3":"6"},"P2":{"26":"3"},"M4":{"46":"3"},"J9":{"5X":"3","5J":"3","2P":"3","6W":"3","7H":"3","6R":"3","2V":"3","5M":"3","5H":"3","8M":"3","6M":"3","5R":"3|6","3J":"3","4J":"3|6","5Q":"3","3C":"3","2R":"3","8R":"3"},"J6":{"G6":"3","2H":"3","6G":"3","9C":"3"},"MC":{"H8":"3"},"G9":{"RH":"3"},"H8":{"43":"3","29":"3"},"H9":{"PJ":"3","VQ":"3"},"HC":{"Q2":"6"},"J5":{"R2":"3","Q9":"3","3V":"3","2W":"3","2V":"3","MX":"3","PP":"3","2R":"3"},"M2":{"RQ":"3","WG":"3"},"PC":{"MM":"3","97":"3","JM":"3"},"H6":{"MQ":"3","HX":"3","VM":"3"},"FG":{"66":"3"},"RG":{"CM":"3","39":"3","9W":"3","8M":"3","8H":"3","9P":"3","8G":"3","9M":"3"}},"2V":{"F3":{"J2":"3","M2":"3"},"H4":{"F3":"3"},"H3":{"PG":"3","PF":"3","H5":"3","QC":"3"},"P8":{"7F":"3","8F":"3","62":"3"},"33":{"HH":"3","WC":"3","2C":"3"},"99":{"WW":"3"},"94":{"V2":"3","27":"3","28":"3","V3":"3","W2":"3","36":"3","W3":"3","V4":"3","37":"3","26":"3"},"3P":{"2H":"3"},"P9":{"9Q":"3","8J":"3","FP":"3","FM":"3","CG":"3","9H":"3","CJ":"3","CQ":"3","CP":"3","CM":"3","8Q":"3","CH":"3","8P":"3","8M":"3","9P":"3","FJ":"3","9M":"3","9J":"3"},"93":{"WX":"3"},"87":{"H6":"3","C3":"3"},"J9":{"9R":"3"},"F2":{"JW":"3","MW":"3","JX":"3","MX":"3"},"9G":{"F4":"3"},"G2":{"MJ":"3","V7":"3","PG":"3","M6":"6","J2":"3","JJ":"3","9F":"3","WP":"3","R9":"3","R7":"3","QF":"3","VH":"3","MG":"6|3","P6":"6","Q5":"6","JG":"3","RJ":"3","PH":"3"},"3W":{"G3":"3"},"H2":{"7R":"3","VR":"3","27":"3","26":"3","6R":"3","46":"3"},"P7":{"8W":"3"},"H5":{"G4":"3"},"J6":{"94":"3"},"G3":{"GJ":"3","85":"3"},"J2":{"6H":"3"},"84":{"X6":"3","H9":"3","H8":"3","X7":"3"}},"65":{"3G":{"MQ":"3"},"27":{"GP":"3"},"29":{"QW":"3"},"3J":{"RC":"3"}},"3W":{"MX":{"3F":"3"},"3C":{"CH":"3"}},"2C":{"VP":{"VM":"3","VJ":"3"},"27":{"2G":"3"},"JX":{"GX":"3"},"92":{"H8":"3","73":"3"},"WM":{"94":"3"},"VM":{"36":"3","V4":"3","F3":"3"},"WF":{"96":"3","CQ":"3","C9":"3","CH":"3","CR":"3","CF":"3","56":"3","C7":"3"},"PP":{"H4":"3","H5":"3"}},"3Q":{"FQ":{"CJ":"3"},"6H":{"HG":"3"},"6F":{"F2":"3","9M":"3"}},"VP":{"MJ":{"5W":"3"},"HQ":{"JC":"3"}},"64":{"3F":{"2Q":"3"},"FX":{"98":"3","97":"3","C8":"3"},"27":{"G9":"3"},"2V":{"4M":"3"},"22":{"22":"3"},"2R":{"4V":"3"},"3H":{"4W":"3"}},"76":{"5P":{"5C":"3","2Q":"3","7H":"3","2P":"6","2W":"3","2V":"3","76":"3","3R":"3","2M":"3","7G":"3"},"4V":{"8R":"3"},"5M":{"2Q":"3"},"4P":{"RP":"3","WJ":"3","49":"3","XP":"6","X7":"3","WG":"3","H7":"3","RH":"3","R7":"3"},"RX":{"RG":"3"},"5Q":{"35":"3","2H":"3"}},"6W":{"7M":{"QX":"3","XW":"3"}},"CF":{"VX":{"F5":"3"}},"96":{"GG":{"J8":"3"},"2W":{"MR":"3","4F":"3"},"M9":{"HW":"3"}},"M3":{"PJ":{"XF":"3","W6":"3"},"G2":{"V2":"3"},"PM":{"PG":"6","PF":"6","MC":"6"},"QJ":{"5P":"3","46":"3"}},"C6":{"VG":{"VG":"3"},"WF":{"6P":"3","4X":"3","9C":"3","F5":"3"},"G7":{"7V":"3"},"QP":{"V7":"3","VX":"3","X2":"3","VJ":"3"},"X9":{"78":"3","92":"3","5H":"3","2R":"3"},"RM":{"H8":"3","CF":"3","4R":"3","7M":"3"},"RX":{"MV":"3","HR":"3","JV":"3","GQ":"3","HV":"3"},"QV":{"2Q":"3","66":"3","4F":"3"},"X8":{"FR":"3","P6":"3","JG":"3"},"PX":{"4X":"3","9C":"3","7M":"3","F4":"3"},"RQ":{"6J":"3"},"WC":{"MJ":"3","HW":"3","R9":"3","W4":"3"},"QQ":{"V7":"3","RX":"3","RJ":"3"},"QR":{"9X":"3","Q7":"3","GQ":"3","JG":"3"},"PH":{"5W":"3"},"PW":{"Q7":"3","MH":"3","V2":"3","HV":"3"},"WG":{"26":"3"},"X7":{"XP":"3","RX":"3"}},"J8":{"3P":{"W3":"3"}},"56":{"PR":{"59":"3"},"V6":{"W4":"3"},"W6":{"R8":"3","R7":"3"},"RC":{"H9":"3"}},"F9":{"48":{"M5":"3"},"38":{"V8":"3"},"J3":{"QR":"3"}},"3X":{"M3":{"C9":"3"},"86":{"RV":"3","RW":"3"}},"GH":{"VX":{"WQ":"3","XX":"3"}},"HG":{"V3":{"M2":"3"},"W2":{"5R":"3"},"X2":{"Q8":"3"},"P7":{"QP":"3","PV":"6"}},"6R":{"VQ":{"VP":"3","VH":"3","VQ":"3"}},"66":{"25":{"8X":"3"},"26":{"55":"3","56":"3"},"WH":{"X4":"3"}},"59":{"Q7":{"3G":"3","3M":"3","7J":"3"},"Q8":{"4Q":"3"},"72":{"RP":"3"},"P6":{"FF":"3"},"P7":{"J3":"3"}},"JG":{"5P":{"V7":"3","R8":"3","R7":"3","V8":"3"},"92":{"CG":"3"},"G2":{"HQ":"3","JP":"3","GR":"3","HP":"3","GQ":"3","GP":"3"}},"JM":{"56":{"WJ":"3","PW":"3","PR":"3"}},"MW":{"23":{"4Q":"3"},"57":{"8Q":"3"}}}}