{"index":{"university,1|retail,2|tourism,3|wreck,4|historical,5|artsCulture,6|namedBuilding,7|water,8|wetland,9|park,10|beach,11|natureReserve,12|cemetery,13|trail,14":{}},"9R":{"P9":{"2P":{"79":"3"},"2M":{"CX":"3"}},"MH":{"79":{"FW":"3","GW":"3","CW":"3","CV":"3","HX":"3","FV":"3","CX":"3","HW":"3","FX":"3","GX":"3"},"7C":{"F4":"3","H3":"3","G7":"3","G3":"3","F3":"3","G2":"3","G5":"3","F2":"3","H7":"3","F5":"3","C3":"3","G6":"3","G4":"3","C2":"3","H2":"3","F6":"3","H6":"3","H4":"3","H5":"3"},"73":{"G6":"3","J5":"3","H5":"3","H6":"3","J7":"3","G7":"3","H7":"3","J6":"3"}},"9W":{"QM":{"4J":"3"}},"JC":{"4H":{"VH":"3"},"Q5":{"G4":"3","G2":"3"},"QG":{"66":"3"}},"5V":{"3V":{"QF":"3"},"8G":{"FQ":"3","GR":"3","GV":"3","FM":"3","FP":"3","GQ":"3","CQ":"3","GP":"3"},"RM":{"7H":"3"},"FP":{"CQ":"3","CX":"3","9W":"3","6P":"3","5V":"3","8R":"3","CP":"3","7W":"3","CW":"3","5P":"3","8V":"3","CV":"3","5M":"3","9V":"3","9J":"3","6M":"3","6X":"3","9R":"3","5Q":"3","CJ":"3","8X":"3","FW":"3","7P":"3","7Q":"3","6Q":"3","6H":"3","8P":"3","9P":"3","CM":"3","8H":"3","6W":"3","7J":"3","FV":"3","8M":"3","9H":"3","4P":"3","9X":"3","8Q":"3","4R":"3","5J":"3","4J":"3","4M":"3","FX":"3","5X":"3","FR":"3","5R":"3","7H":"3","6R":"3","7V":"3","9Q":"3","7X":"3","4Q":"3","7R":"3","5W":"3","9G":"3","CR":"3","6J":"3","6V":"3","9M":"3","8J":"3","7M":"3","8W":"3"},"FR":{"H2":"3","R2":"3","Q2":"3","J2":"3","M2":"3","P2":"3"},"76":{"2W":"3"},"4R":{"6X":"3"},"3W":{"MH":"3","FH":"3","J9":"3"},"FQ":{"WQ":"3","HP":"3","FH":"3","FJ":"3","CV":"3","CG":"3","G9":"3","FP":"3","C4":"3","C8":"3","62":"3","RQ":"3","88":"3","9P":"3","C5":"3","7F":"3","8G":"3","GF":"3","VV":"3","9Q":"3","FW":"3","WV":"3","F2":"3","FV":"3","RP":"3","JX":"3","FF":"3","RJ":"3","GP":"3","GM":"3","PG":"3","8P":"3","WJ":"3","QX":"3","RW":"3","52":"3","G4":"3","7C":"3","FQ":"3","VJ":"3","9J":"3","QG":"3","JR":"3","F8":"3","VM":"3","GW":"3","MH":"3","C9":"3","FR":"3","73":"3","JH":"3","JW":"3","PH":"3","RX":"3","F6":"3","PP":"3","79":"3","H7":"3","PV":"3","HV":"3","MR":"3","8J":"3","MV":"3","CR":"3","HX":"3","GG":"3","QJ":"3","H9":"3","MG":"3","JF":"3","77":"3","F5":"3","74":"3","83":"3","QR":"3","JV":"3","F7":"3","JC":"3","CQ":"3","G2":"3","WP":"3","G8":"3","CJ":"3","QW":"3","QQ":"3","PQ":"3","VQ":"3","93":"3","8C":"3","HJ":"3","G6":"3","GJ":"3","87":"3","HC":"3","J9":"3","HR":"3","JQ":"3","F3":"3","PR":"3","99":"3","8M":"3","QM":"3","JJ":"3","75":"3","9R":"3","GR":"3","67":"3","HH":"3","C3":"3","53":"3","RH":"3","FC":"3","86":"3","98":"3","63":"3","H8":"3","9M":"3","PX":"3","HW":"3","9G":"3","8H":"3","97":"3","H5":"3","92":"3","MF":"3","GX":"3","CC":"3","CH":"3","QV":"3","MQ":"3","8F":"3","9H":"3","82":"3","H6":"3","94":"3","F4":"3","MM":"3","9C":"3","JP":"3","HF":"3","7G":"3","QP":"3","HM":"3","C2":"3","C7":"3","WR":"3","MX":"3","72":"3","89":"3","QH":"3","65":"3","VW":"3","G3":"3","FM":"3","RV":"3","GV":"3","MP":"3","GC":"3","G5":"3","VX":"3","RR":"3","VP":"3","64":"3","VH":"3","76":"3","CF":"3","96":"3","C6":"3","PW":"3","VR":"3","9F":"3","78":"3","CM":"3","GQ":"3","F9":"3","PJ":"3","GH":"3","HG":"3","FG":"3","CP":"3","95":"3","PM":"3","MJ":"3","66":"3","8Q":"3","85":"3","WM":"3","JG":"3","HQ":"3","RM":"3","JM":"3","G7":"3","MW":"3","84":"3"},"5V":{"7X":"3"},"FH":{"QQ":"3"},"5W":{"35":"3"},"4Q":{"42":"3"},"2R":{"24":"3"},"2Q":{"CV":"3"}},"7W":{"VM":{"C9":"3","QP":"3","FG":"3","C6":"3","G5":"3","XM":"3","XX":"3"},"WJ":{"QR":"3","VR":"3","WV":"3","WW":"3","RR":"3","PX":"3"},"WP":{"H3":"3","G3":"3","G2":"3","F7":"3","JG":"3","F2":"3","8W":"3","VP":"3","G4":"3","J5":"3","F8":"3","C2":"3","HG":"3","H5":"3","C6":"3","C7":"3"},"VJ":{"3M":"3"},"WQ":{"33":"3","4P":"3","32":"3"},"VP":{"2J":"3"},"XJ":{"P8":"3","63":"3","J4":"3","P7":"3"},"WR":{"24":"3","74":"3","82":"3"},"WM":{"JR":"3","HR":"3","JF":"3","PP":"3","GW":"3","JG":"3","JC":"3","FR":"3","HQ":"3","HX":"3","PM":"3","JX":"3","HW":"3","GH":"3","GM":"3","8P":"3","FX":"3","GF":"3","FC":"3","GX":"3"},"XH":{"7R":"3"}},"54":{"MJ":{"F6":"3"},"HW":{"RV":"3","RR":"3","RW":"3","PR":"3","RX":"3","QV":"3"},"HX":{"V3":"3","W2":"3"}},"52":{"3V":{"JG":"3"},"4P":{"P8":"3","R8":"3","Q6":"6","Q3":"3","R7":"6|3","P7":"3"},"4M":{"QV":"3"}},"FF":{"M2":{"4X":"3"}},"QG":{"PV":{"MW":"3","PQ":"3","PP":"3"}},"F5":{"CV":{"3M":"3"},"96":{"78":"3","67":"3","7X":"3"},"98":{"73":"3"},"F5":{"32":"3"}},"34":{"65":{"VH":"3"},"GP":{"C2":"3"}},"VM":{"FP":{"45":"3","47":"3"}},"J9":{"PG":{"3H":"3"}},"R2":{"5F":{"WF":"3"},"84":{"Q6":"3"}},"JJ":{"VC":{"P9":"3"},"W9":{"HQ":"3","JX":"3"}},"GG":{"3R":{"JP":"3"}},"J7":{"RH":{"MR":"3"}},"2Q":{"HX":{"GP":"3"},"6C":{"8Q":"3"}},"VP":{"G2":{"4W":"3"}},"P3":{"Q7":{"W2":"3"},"8V":{"8H":"3"},"P7":{"WV":"3"}},"2R":{"VF":{"CQ":"3"},"M4":{"C9":"3","97":"3","99":"3","85":"3"},"M7":{"M8":"3"}},"M5":{"76":{"55":"3","74":"3"},"75":{"5X":"3"}},"8X":{"3V":{"2J":"3"},"2W":{"9M":"3"},"2V":{"W2":"3","W8":"3"},"76":{"V2":"3"},"23":{"FM":"3"},"2R":{"2H":"3"},"75":{"PM":"3"}},"25":{"Q8":{"X6":"3"},"V3":{"9F":"3"},"6P":{"99":"3"},"W5":{"7J":"3"},"V4":{"2R":"3"},"P7":{"WF":"3"},"JM":{"2G":"3"}},"4W":{"WC":{"J5":"3","H5":"3","G3":"3","H6":"3"},"F3":{"29":"3"},"XR":{"QR":"3","PW":"3","QW":"3","F7":"3","QV":"3"},"QJ":{"H9":"3","H8":"3"},"X6":{"XF":"3","WJ":"3","8J":"3","7M":"3","XM":"3","XJ":"3","7P":"3","8M":"3","GR":"3","8P":"3","WH":"3","XH":"3","9M":"3","XG":"3"},"H3":{"CV":"3","FR":"3"},"WM":{"JP":"3","CP":"3","GR":"3","JQ":"3","VP":"3","HP":"3","WP":"3","7P":"3"},"JC":{"9C":"3"},"XV":{"V3":"3","R3":"3","W5":"3","R2":"3","W3":"3","X5":"3","V4":"3","X4":"3","W4":"3"},"XC":{"55":"3"},"G4":{"3F":"3","2H":"3","38":"3","28":"3"},"P6":{"F7":"3","G7":"3"},"XJ":{"5X":"3"},"XM":{"X4":"3","W5":"3","X5":"3","W6":"3"},"WP":{"35":"3"},"XQ":{"7R":"3","Q6":"3","6Q":"3","P7":"3"},"R6":{"5H":"3"},"H7":{"9X":"3"},"J7":{"CR":"3","9R":"3","CQ":"3"},"VM":{"VR":"3","VP":"3","VQ":"3"},"R5":{"F8":"3","F9":"3","V4":"3","P4":"3"},"WQ":{"VR":"3"},"WG":{"93":"3","94":"3","9M":"3"},"W5":{"9F":"3"},"M5":{"Q8":"3","47":"3","FP":"3","FM":"3","3W":"3","46":"3","Q7":"3","FQ":"3","2G":"3","57":"3","P9":"3","2C":"3"},"R3":{"6R":"3"},"VC":{"WG":"3","WH":"3"},"Q5":{"2Q":"3","MG":"3"},"CH":{"83":"3"},"X7":{"XF":"3","67":"3","65":"3","G2":"3","X9":"3","J7":"3","J6":"3","M7":"3","J5":"3","R8":"3","M6":"3","74":"3","V9":"3","73":"3","M5":"3","66":"3"},"R4":{"HJ":"3","JF":"3"},"W6":{"MG":"3"},"VP":{"WJ":"3","V2":"3","W7":"3"},"J2":{"44":"3"},"F4":{"HH":"3"},"M6":{"36":"3","49":"3","39":"3","4G":"3","42":"3","4C":"3"},"G5":{"JW":"3","JR":"3","MW":"3","JX":"3","MX":"3","MV":"3","JV":"3","GQ":"3"}},"53":{"5R":{"7J":"3"},"3V":{"RQ":"3"},"22":{"MG":"3"}},"6Q":{"7W":{"WR":"3","WW":"3","WQ":"3","XX":"3"},"8X":{"32":"3"},"8W":{"2V":"3"}},"43":{"5X":{"WW":"3"},"6H":{"46":"3"},"6W":{"65":"3"},"6G":{"3P":"3","3Q":"3"}},"32":{"FQ":{"GW":"3","98":"3","CC":"3"},"FW":{"62":"3"}},"M9":{"25":{"XJ":"3"}},"6W":{"MJ":{"W9":"3","QC":"3","QF":"3","X8":"3"},"42":{"G2":"3"},"MG":{"9G":"3"},"32":{"2R":"3"}},"42":{"9F":{"83":"3"},"9C":{"8P":"3","8Q":"3"}},"JQ":{"H9":{"FG":"3"},"GQ":{"8R":"3","8F":"3","99":"3","7P":"3","CG":"3"}},"FG":{"JR":{"2V":"3"},"HM":{"7R":"3"},"FW":{"GJ":"3"},"HR":{"53":"3","52":"3","43":"3","58":"3","57":"3","86":"3","62":"3","MG":"3","XV":"3","F7":"3","63":"6","85":"3","44":"3","96":"3","WW":"3","R6":"3","82":"6","FC":"3","G7":"3","84":"3"},"GV":{"8C":"3","8F":"3"},"WP":{"8J":"3","8H":"3","8G":"3","7M":"3"},"GW":{"G3":"3"},"HQ":{"6M":"3","8R":"3","7F":"3","7H":"3","79":"3","8X":"6","7C":"3","4H":"3","6H":"3","6G":"6|3","6J":"3","7J":"3","6F":"3","8V":"3","7G":"3"},"HX":{"G8":"3","74":"3","9R":"3","9Q":"3"},"GP":{"53":"3"},"HW":{"6X":"3","79":"3","7C":"3","6H":"3","GF":"3"},"GQ":{"H7":"3"},"GR":{"X6":"3","WC":"3","X3":"3"},"FG":{"J7":"3"},"PW":{"39":"3"},"HP":{"7F":"3","8F":"3"}},"3R":{"5P":{"5M":"3"},"9J":{"7M":"3"},"6W":{"87":"3"},"GX":{"5V":"3"}},"GH":{"RQ":{"CQ":"3"}},"H6":{"W8":{"X8":"3"}},"35":{"C9":{"G9":"3"},"Q4":{"WJ":"3","PQ":"3"},"Q2":{"CX":"3"},"R5":{"62":"3","7G":"3"}},"J8":{"RJ":{"CH":"3"}},"45":{"92":{"43":"3","42":"3"},"42":{"Q9":"3"},"G7":{"4W":"3"},"23":{"RQ":"3","RP":"3","VQ":"3"},"G5":{"46":"3","57":"3","56":"3","47":"3"}},"4R":{"R7":{"FQ":"3","GJ":"3","FR":"3","CQ":"3"}},"24":{"65":{"C5":"3"},"V5":{"X2":"3","X3":"3","W6":"3","R5":"3"},"RM":{"X5":"6"},"W5":{"74":"3","23":"3","22":"3","75":"3"},"V4":{"V8":"3","W8":"3","RC":"3"},"P3":{"RQ":"3","MV":"3"},"4J":{"CW":"3"},"24":{"FX":"3"},"QX":{"FX":"3"}},"4V":{"VM":{"F7":"3"},"W8":{"74":"3"},"VJ":{"M5":"3","GQ":"3","FW":"3"},"JC":{"WR":"3"},"4M":{"44":"3"},"VR":{"6R":"3"},"HH":{"XJ":"3"},"X5":{"64":"3"},"W4":{"WM":"3"},"JH":{"F2":"3"},"WH":{"3G":"3","GQ":"3","3H":"3"},"V8":{"V2":"3"},"WG":{"42":"3"}},"HM":{"V3":{"FW":"3"}},"X9":{"CP":{"22":"3"}},"FX":{"3X":{"J2":"3","P4":"3"},"3W":{"MX":"3"}},"P4":{"XR":{"W5":"3"}},"5X":{"54":{"92":"3"},"44":{"C9":"3"},"C2":{"MG":"3"},"42":{"P4":"3","P5":"3"},"94":{"PH":"3"},"32":{"G4":"3"},"75":{"5R":"3","XG":"3","6V":"3"}},"HF":{"85":{"9Q":"3","FP":"3","FR":"3","GP":"3","FM":"3","GQ":"3","CQ":"3","CP":"3","CM":"3","GH":"3","GM":"3","FQ":"3","GR":"3","FJ":"3","FH":"3","CR":"3","GJ":"3"}},"HJ":{"4C":{"J2":"3"}},"JG":{"X9":{"PF":"3"},"MQ":{"28":"3"},"MV":{"WP":"3"},"P2":{"79":"3"},"P3":{"P8":"3"}},"5R":{"5V":{"29":"3"}},"Q7":{"XV":{"5R":"3"}},"P5":{"H6":{"CV":"3","8Q":"3","9J":"3","CR":"3","CG":"6","9M":"3","CH":"3"}},"M4":{"FQ":{"7R":"3","7H":"3"}},"V6":{"QF":{"9Q":"3"}},"7X":{"VF":{"3F":"3"},"HF":{"R8":"3"},"X4":{"XM":"3"},"VX":{"J3":"3"},"X5":{"Q2":"3"},"JF":{"C6":"3"}},"HH":{"6W":{"5Q":"3"},"9Q":{"VF":"3","WX":"3","RF":"3","WR":"3","XQ":"3","VR":"3","WM":"3"}},"5W":{"H2":{"2Q":"3"},"4G":{"JF":"3"},"G5":{"42":"3"},"6P":{"JW":"3"},"3H":{"CP":"3","FR":"3","X4":"3","78":"3","XJ":"3"},"2P":{"G8":"3","CQ":"3"},"6C":{"5R":"3","53":"3","55":"3"},"FM":{"8P":"3","5G":"3"},"CP":{"FR":"3","WF":"3","PH":"3"},"GQ":{"45":"3","65":"3","44":"3","55":"3","5M":"3","C9":"3","5R":"3","57":"3","FH":"3","FG":"3"},"54":{"5J":"3"},"78":{"H4":"3","JQ":"3"},"HR":{"FQ":"3","CR":"3","CQ":"3","3C":"3"},"6G":{"R5":"3"},"F5":{"4X":"3","J5":"3"},"75":{"89":"3"},"G7":{"2C":"3"},"7F":{"32":"3"},"3G":{"WM":"3"},"38":{"7P":"3","VW":"3"},"2H":{"WV":"3","WW":"3"},"5C":{"8F":"3","R2":"3","G7":"3","88":"3","9F":"3","9C":"3"},"5F":{"HC":"3","QW":"3","X7":"3","FH":"3"},"59":{"RQ":"3","3G":"3","QP":"3","97":"3","HP":"3","R9":"3","QM":"3","QJ":"3","PH":"3"},"2M":{"86":"3","62":"3","GV":"3","45":"3","X9":"3","Q4":"3","R3":"3","X3":"3","6W":"3","R2":"3","M6":"6","P3":"3","Q5":"3","P4":"3"},"F4":{"CF":"3"},"5Q":{"77":"3"},"55":{"7R":"3"},"96":{"52":"3"},"2V":{"5F":"3","4G":"3","4C":"3","F4":"3","4F":"3"},"FW":{"C9":"3","CC":"3"},"7P":{"6P":"3","5R":"3","6V":"3"},"26":{"2G":"3","2H":"3","2F":"3","2J":"3"},"G6":{"HP":"3","HM":"3"},"8P":{"C6":"3"},"9C":{"XQ":"3"},"6W":{"8F":"3"},"7J":{"XP":"3","WC":"3","W9":"3","V8":"3","WF":"3"},"77":{"4M":"3"},"FG":{"4Q":"3","5Q":"3"},"3M":{"7V":"3","J4":"3"},"56":{"6R":"3","6G":"3","68":"3"},"6F":{"37":"3","QM":"3"},"3X":{"HJ":"3","HX":"3"},"2W":{"WW":"3"},"4P":{"MR":"3"},"98":{"6P":"3"},"99":{"2Q":"3"},"95":{"XC":"3"},"G4":{"6X":"3","CG":"3"},"3J":{"86":"3","8G":"3","69":"3","76":"3","7V":"3","C4":"3","78":"3","C2":"3","8C":"3","93":"3","C7":"3"},"4J":{"68":"3","PP":"3"},"2J":{"R9":"3","MJ":"3","VC":"3","RP":"3","JR":"3","8X":"3","WP":"3","CW":"6","CV":"3","9W":"3","CX":"3","JQ":"3","VP":"3","MV":"3","WR":"3","RQ":"3","MW":"3","MR":"3","XP":"3","8R":"3"},"36":{"RV":"3","RR":"3","QW":"3"},"C6":{"X4":"3"},"58":{"PR":"3","QQ":"3","PQ":"3"},"7H":{"WX":"3"},"9Q":{"R4":"3"},"7R":{"86":"3"},"4Q":{"27":"3","24":"3"},"27":{"9C":"3","29":"3","3C":"3"},"FH":{"6R":"3"}},"44":{"9X":{"97":"3"},"72":{"GR":"3"}},"M7":{"46":{"3G":"3","2G":"3","2H":"3","3H":"3"}},"JF":{"GJ":{"F8":"3","9C":"3"},"4H":{"65":"3"},"CR":{"88":"3"},"2C":{"VX":"3","73":"3"},"QJ":{"RJ":"3"}},"6V":{"5X":{"9H":"3","CH":"3"},"Q9":{"6H":"3"}},"JH":{"7W":{"G3":"3"},"6Q":{"V8":"3"}},"HP":{"52":{"69":"3","58":"3","68":"3"}},"FH":{"5J":{"6V":"3"},"H4":{"MR":"3"},"H2":{"G8":"3"},"H3":{"MV":"3"},"H7":{"HV":"3"}},"R5":{"C6":{"WR":"3"}}}}