{"9V":{"XF":{"H5":{"3J":"3"}},"G8":{"C3":{"PF":"3"}},"62":{"C4":{"PP":"3","X8":"3"},"99":{"34":"3"},"F4":{"37":"3"},"F5":{"9Q":"3"}},"W8":{"3F":{"43":"6","44":"6","55":"3","32":"3"},"3C":{"4Q":"3","GQ":"3"}},"RV":{"9H":{"G6":"3"},"G7":{"5H":"3"}},"77":{"9X":{"78":"3"},"5X":{"WW":"3","XW":"3","XX":"3"},"7Q":{"Q7":"3"}},"83":{"H7":{"Q6":"3"},"J7":{"5J":"3","3P":"3"},"FX":{"WV":"3"},"H6":{"8G":"3","MX":"3"},"FG":{"93":"3"},"H5":{"6X":"3"},"GX":{"H7":"3"}},"PV":{"PG":{"Q7":"3","PC":"3","M7":"3","M8":"3","P3":"3"},"PF":{"CJ":"3","PV":"3"},"PM":{"JR":"3"},"PP":{"CR":"3"}},"68":{"W6":{"Q3":"3","R3":"3"}},"WC":{"55":{"XW":"3"}},"XH":{"PV":{"V2":"3","V3":"3","V6":"3","V5":"3","R7":"3","V7":"3","R4":"3","Q2":"3","Q4":"3","R3":"3","R2":"3","V4":"3","Q3":"3","R6":"3","Q5":"3","R5":"3"},"PR":{"JF":"3","RX":"3","MF":"3","JM":"3","JC":"3","M9":"3","MG":"3","QX":"3","JJ":"3","MJ":"3","M8":"3","J7":"3","JG":"3","J9":"3","MH":"3","M5":"3","MC":"3","JH":"3","J6":"3","MM":"3","J8":"3","VX":"3","M6":"3","M7":"3"}},"82":{"3Q":{"XG":"3","XM":"3"},"5J":{"7W":"3"},"3P":{"W4":"3"},"3M":{"WX":"3"},"4R":{"5G":"3"},"3H":{"73":"3"},"8Q":{"FX":"3"},"4P":{"8X":"3","8V":"3"},"4J":{"WR":"3"},"8V":{"C2":"3","94":"3","84":"3"},"4Q":{"GG":"3","9X":"3","6X":"3","GC":"3","63":"3","2M":"3","7Q":"3"},"8R":{"JQ":"3","GV":"3"}},"93":{"7R":{"PW":"3"}},"72":{"43":{"PW":"3","MX":"3"},"X6":{"6V":"3"},"P8":{"RF":"3","F4":"3"},"M6":{"3G":"3","MX":"3","5V":"3"},"Q2":{"3F":"3"},"WQ":{"X2":"3"},"97":{"5H":"3"},"5M":{"R6":"3","R5":"3"},"Q8":{"49":"3","HJ":"3","RR":"3"},"J7":{"V7":"3","V3":"3","W9":"3","Q5":"3"},"WC":{"99":"3"},"X7":{"4Q":"3"},"R9":{"8C":"3"},"WG":{"5P":"3","CF":"3","9X":"3","4C":"3"},"WH":{"95":"3"},"W9":{"8Q":"3","C3":"3"},"QC":{"2F":"3"},"VG":{"R6":"3"},"J6":{"WX":"3","RR":"3","R8":"3","R9":"3","XW":"3"},"P5":{"JR":"3","QC":"3"},"W8":{"HH":"3","9H":"3","FP":"3","9C":"3","P9":"3"},"RG":{"9V":"3","WG":"3"},"P3":{"QR":"3","QV":"3"}},"4J":{"WC":{"CP":"3"}},"WG":{"VP":{"W9":"3"}},"84":{"F2":{"2H":"3"},"7H":{"7P":"3"},"6G":{"QP":"3","RV":"3","RX":"3"}}},"index":{"university,1|retail,2|tourism,3|wreck,4|historical,5|artsCulture,6|namedBuilding,7|water,8|wetland,9|park,10|beach,11|natureReserve,12|cemetery,13|trail,14":{}}}