{"index":{"university,1|retail,2|tourism,3|wreck,4|historical,5|artsCulture,6|namedBuilding,7|water,8|wetland,9|park,10|beach,11|natureReserve,12|cemetery,13|trail,14":{}},"C8":{"45":{"QR":{"PX":"3","JX":"3"},"QV":{"M3":"3","J2":"3"}},"28":{"Q8":{"QW":"3"}},"29":{"P8":{"M8":"3"},"PV":{"23":"3"},"MV":{"HM":"3","V5":"3","HJ":"3","F5":"3","FF":"3","G9":"3","X5":"3","G4":"3","JJ":"3","GM":"3","JH":"3","H2":"3","HG":"3","GJ":"3","FC":"3","JM":"3","GG":"3"}},"2F":{"2H":{"6X":"3"},"85":{"VH":"3"},"95":{"3P":"3"}},"38":{"6F":{"R2":"3"}},"3C":{"24":{"X7":"3"}},"2C":{"GM":{"2X":"3","2V":"3"},"FP":{"VV":"3","V8":"3"},"R9":{"6F":"3"},"GQ":{"43":"3"}}}}