{"CF":{"2X":{"56":{"QR":"3"}},"9Q":{"XV":{"WV":"3"}},"6X":{"92":{"RQ":"3"},"F7":{"23":"3"},"95":{"PF":"3","PC":"3"},"F5":{"HX":"3"},"F6":{"G8":"3","H2":"3"}},"6W":{"FQ":{"C6":"3"},"CX":{"JJ":"3"},"GX":{"3R":"3"}},"CJ":{"V7":{"Q3":"3"},"W3":{"6Q":"3"}},"CQ":{"6J":{"FJ":"3","CM":"3","8P":"3","9V":"3","8M":"3","69":"3","FM":"3","6G":"3","CW":"3","CX":"3","FR":"3","9J":"3","9M":"3","6F":"3","CR":"3","CH":"3","CV":"3","9R":"3","FG":"3"},"5F":{"FC":"3"},"6H":{"2Q":"3","9W":"3","HX":"3","3Q":"3","HV":"3"},"MW":{"63":"3","65":"3"},"5H":{"R7":"3"},"53":{"CX":"3"},"6M":{"F8":"3","C2":"3","8G":"3","F3":"3"},"5W":{"H4":"3","H5":"3","H3":"3"},"5C":{"HF":"3"},"6F":{"XV":"3","WV":"3","PR":"3","XW":"3","XX":"3"}},"CP":{"36":{"79":"3","89":"3","69":"3","77":"6","F9":"3","78":"3","74":"3","F8":"3","84":"3","9J":"3"},"35":{"VH":"3"},"37":{"3J":"3"},"9P":{"Q9":"3"},"73":{"H7":"3"},"84":{"9Q":"3"},"9M":{"J5":"3","J6":"3"}},"CM":{"7W":{"JF":"3"},"3P":{"HR":"3"},"3Q":{"89":"3"},"3J":{"78":"3","68":"3"}},"CH":{"WR":{"JP":"3","VX":"3"},"WV":{"R7":"3"},"WW":{"HM":"3","CW":"3","HQ":"3","GP":"3","FM":"3","76":"3","GH":"3","FJ":"3","FG":"3","FH":"3","GJ":"3","FC":"3"},"MR":{"8M":"3"}},"2W":{"2R":{"9X":"3"}},"9P":{"X7":{"5F":"3","4F":"3"},"QV":{"QX":"3"}},"FH":{"7W":{"G9":"3"},"7G":{"CV":"3"}},"CR":{"MJ":{"X6":"3"},"M8":{"FX":"3","4H":"3","FW":"3"},"J8":{"MH":"3"},"G2":{"GW":"3"},"52":{"C4":"3","5H":"3"},"M3":{"F8":"3","42":"3","F6":"3"},"J4":{"Q9":"3","PH":"3"},"J7":{"PM":"3"},"MF":{"J4":"3","J3":"3"},"MV":{"CP":"3"},"M7":{"43":"3","5R":"3"},"94":{"67":"3","68":"3","77":"3"},"M2":{"HQ":"3"},"J3":{"F4":"3","F3":"3"},"M9":{"4J":"3"},"5Q":{"WP":"3"},"43":{"QF":"3"},"P6":{"7H":"3","6G":"3"}}},"index":{"university,1|retail,2|tourism,3|wreck,4|historical,5|artsCulture,6|namedBuilding,7|water,8|wetland,9|park,10|beach,11|natureReserve,12|cemetery,13|trail,14":{}}}