{"index":{"university,1|retail,2|tourism,3|wreck,4|historical,5|artsCulture,6|namedBuilding,7|water,8|wetland,9|park,10|beach,11|natureReserve,12|cemetery,13|trail,14":{}},"CG":{"36":{"2H":{"97":"3"}},"25":{"67":{"3P":"3"},"4G":{"8M":"3","95":"3"},"65":{"7X":"3"},"QC":{"R8":"3"},"MM":{"7M":"3","7G":"3","JM":"3","3J":"3","7Q":"3","5C":"3","7F":"3","6P":"3","4W":"3","6G":"3","6H":"3","4R":"3","6M":"3","C7":"3","48":"3","7J":"3","3C":"3","6F":"3","6Q":"3","7P":"3","6V":"3","7R":"3"},"69":{"FX":"3"},"PR":{"9J":"3"},"49":{"FX":"3","CW":"3"},"MP":{"QC":"3","57":"3","56":"3"},"FF":{"VX":"3"},"3G":{"FQ":"3","FR":"3","FV":"3"},"2J":{"HJ":"3"},"2H":{"CR":"3","Q5":"3"},"2F":{"2H":"3"},"6C":{"F2":"3","G2":"3"},"2G":{"45":"3","PM":"3","CQ":"3"},"57":{"XW":"3"},"V8":{"7F":"3"},"6F":{"73":"3"},"66":{"98":"3","3V":"3","72":"3"},"59":{"WH":"3"}},"39":{"3M":{"H8":"3"},"2V":{"R2":"3","Q2":"3","HC":"3","Q3":"3"},"4M":{"M3":"3"},"2R":{"QP":"3","PM":"3","QM":"3","PP":"3"}},"37":{"3Q":{"WR":"3","WV":"3","VP":"3","VM":"3","RH":"3","VQ":"3"},"49":{"2G":"3"},"4R":{"45":"3","55":"3","72":"3","46":"3","57":"3","56":"3","47":"3"},"2V":{"HQ":"3","GW":"3","GR":"3","GV":"3","HR":"3","GQ":"3"},"5M":{"MF":"3","MG":"3"},"2W":{"X5":"3"},"4P":{"39":"3","C4":"3"},"5Q":{"CM":"3","CP":"3","9P":"3","7X":"3","9M":"3"},"4Q":{"5P":"3"},"2R":{"GX":"3"}},"2G":{"79":{"42":"3"},"H3":{"2J":"3"},"G2":{"M3":"3"},"7X":{"QV":"3"},"9X":{"W7":"3"},"G9":{"X3":"3"},"78":{"3V":"3"},"33":{"CX":"3","HX":"3","GX":"3"},"58":{"PP":"3"},"6F":{"7F":"3"},"34":{"HJ":"3","G3":"3","93":"3","G2":"3","C3":"3"}},"2H":{"93":{"CV":"3","7V":"3","CX":"3","CW":"3","GQ":"3","FW":"3","FV":"3","GP":"3"},"94":{"G8":"3","C4":"3","94":"3","C8":"3","C6":"3","C3":"3","F3":"3"},"95":{"P9":"3"}},"27":{"XP":{"42":"3"},"M9":{"9Q":"3"},"8H":{"85":"3"},"9P":{"97":"3","99":"3","8W":"3","95":"3"},"85":{"4H":"3"},"G2":{"3R":"3"},"VM":{"RJ":"3"},"XW":{"VV":"3"},"C5":{"92":"3"},"F4":{"C9":"3"},"PM":{"WC":"3","R6":"3"},"32":{"25":"3"},"7G":{"P4":"3"},"75":{"X7":"3"},"XX":{"W6":"3","M8":"3","JG":"3","JC":"3","M9":"3","HF":"3","HG":"3","WG":"3","QW":"3"},"F3":{"H9":"3","H8":"3","H7":"3","G9":"3"}},"26":{"FH":{"W2":"3"},"H4":{"6H":"3"},"68":{"H3":"3"},"CG":{"H8":"3","H2":"3","H3":"3","M2":"3","J3":"3"},"88":{"WW":"3"},"86":{"64":"3"},"JP":{"79":"3","84":"3"},"XJ":{"XM":"3","XX":"3"},"85":{"2M":"3"},"4W":{"39":"3"},"3X":{"35":"3","2H":"3","26":"3","29":"3","3W":"3"},"XM":{"W5":"3","WC":"3","W4":"3","W8":"3"},"JJ":{"6M":"3","6X":"3"},"C9":{"XR":"3","XQ":"3"},"6W":{"FH":"3"},"5W":{"H4":"3","G4":"3","H5":"3","G3":"3","87":"3","G2":"3","G5":"3"},"2X":{"PC":"3"},"5V":{"5W":"3","5H":"3"},"74":{"93":"3"},"GG":{"88":"3"},"MM":{"VG":"3"},"9R":{"95":"3"},"F4":{"R2":"3"},"4Q":{"XM":"3"},"FG":{"72":"3"},"4P":{"P2":"3"},"89":{"7R":"3"}},"24":{"3X":{"QP":"3","3M":"3"},"4J":{"4Q":"3"},"3F":{"42":"3"},"4X":{"JM":"3","F7":"3","JJ":"3","F9":"3","GF":"3","3Q":"3","C5":"3"},"2Q":{"9J":"3","GV":"3"},"3V":{"3V":"3"},"27":{"HM":"3","HJ":"3","HH":"3","GM":"3","R6":"3","GJ":"3","R5":"3"},"26":{"CP":"3","CG":"3"},"3P":{"QV":"3"},"74":{"9H":"3"},"23":{"HQ":"3","GV":"3","HR":"3","HV":"3"},"22":{"5F":"3"},"3W":{"VP":"3","F5":"3"},"32":{"M6":"3","M5":"3"},"F5":{"P4":"3"}},"2F":{"3Q":{"F2":"3","H2":"3","G4":"3","F9":"3","73":"3","G9":"3"},"3R":{"G8":"3","W9":"3"},"G3":{"79":"3"},"3P":{"GG":"3","FX":"3","GW":"3","9X":"3","8X":"3","9W":"3","GC":"3","HX":"3","QQ":"3"},"V2":{"94":"3"},"3V":{"6W":"3"},"V3":{"4X":"3"},"GP":{"76":"3"},"48":{"CJ":"3","9J":"3","9H":"3","88":"3","9M":"3","CH":"3"},"V4":{"52":"3","42":"3"},"P9":{"HP":"3","HG":"3","F3":"3"},"42":{"HQ":"3","GM":"3","FM":"3"},"JP":{"J8":"3","J4":"3"}},"2C":{"RV":{"M9":"3"},"QP":{"W9":"3"},"QM":{"QH":"3","PC":"3","QM":"3"},"95":{"XV":"3"},"C3":{"GH":"3"},"C8":{"RJ":"3"},"F9":{"X6":"3","X7":"3","X5":"3"},"55":{"XV":"3"},"5M":{"JW":"3","GC":"3","GF":"3"},"5H":{"C5":"3"},"32":{"C4":"3","99":"3","9F":"3","9C":"3","C3":"3"},"CF":{"RP":"3"},"GF":{"63":"3"},"FC":{"RP":"3"},"56":{"8F":"3","8J":"3","W2":"3","8H":"3","9F":"3","8G":"3","9G":"3"},"VW":{"34":"3","68":"3"}},"86":{"CW":{"X7":"3"}},"23":{"JX":{"P4":"3"},"3W":{"6H":"3"}},"38":{"36":{"6C":"3"}},"22":{"2X":{"GM":"3","HJ":"3","GJ":"3","PJ":"3","HM":"3"},"4Q":{"G3":"3"},"42":{"M2":"3"}},"29":{"F4":{"54":"3","55":"3","74":"3","65":"3","64":"3"},"W8":{"P8":"3"},"M8":{"7X":"3"},"3P":{"96":"3","9W":"3","C5":"3","F5":"3"},"3V":{"JR":"3","J7":"3","J8":"3","MR":"3","MV":"3","JV":"3"},"CV":{"WP":"3"},"3X":{"R2":"3"},"J7":{"58":"3"},"MF":{"XJ":"3"},"J9":{"8C":"3"},"2G":{"FM":"3","VJ":"3"},"3J":{"C4":"3","94":"3","C5":"3","C3":"3"},"W9":{"W4":"3"}},"28":{"8F":{"VV":"3","VR":"3","RV":"3","RW":"3","VX":"3","RX":"3","VW":"3"},"MH":{"6F":"3"},"HX":{"VR":"3","WQ":"3","RH":"3"},"8G":{"V2":"3"}},"3C":{"36":{"7X":"3"},"37":{"52":"3"},"23":{"W4":"3"}}}}