{"CJ":{"4G":{"8P":{"54":"3","64":"3"},"8M":{"6W":"3"}},"8F":{"P3":{"3Q":"3"}},"3V":{"M4":{"Q3":"3"}},"2J":{"5G":{"88":"3"}},"2V":{"J3":{"MH":"3","MC":"3"}},"3H":{"7X":{"CM":"3"}},"2F":{"45":{"74":"3"}},"2G":{"C8":{"6M":"3"}},"3J":{"64":{"MJ":"3","PG":"3","PP":"3","PF":"3","MH":"3","PC":"3","PJ":"3","PH":"3","P9":"3"}},"2C":{"9C":{"6X":"3"}}},"index":{"university,1|retail,2|tourism,3|wreck,4|historical,5|artsCulture,6|namedBuilding,7|water,8|wetland,9|park,10|beach,11|natureReserve,12|cemetery,13|trail,14":{}}}