{"index":{"university,1|retail,2|tourism,3|wreck,4|historical,5|artsCulture,6|namedBuilding,7|water,8|wetland,9|park,10|beach,11|natureReserve,12|cemetery,13|trail,14":{}},"37":{"X9":{"MP":{"5P":"1"}},"WG":{"9Q":{"7J":"1","8J":"1","2R":"1","2V":"1","HJ":"1","3R":"1"}},"RJ":{"68":{"52":"1"},"67":{"7F":"1"}},"W9":{"FM":{"45":"1","44":"1","35":"1","34":"1","56":"1"},"7F":{"QR":"1","RR":"1","RV":"1","QV":"1"}},"QH":{"5M":{"FC":"1","VF":"1","RF":"1"},"6P":{"29":"1"}},"RF":{"R3":{"VX":"1","RP":"1"},"V4":{"8F":"1","89":"1","99":"1","7G":"1","7C":"1","69":"1","6G":"1","7F":"1","6F":"1","79":"1","88":"1","9C":"1","78":"1","8C":"1","6C":"1"}}}}