{"index":{"university,1|retail,2|tourism,3|wreck,4|historical,5|artsCulture,6|namedBuilding,7|water,8|wetland,9|park,10|beach,11|natureReserve,12|cemetery,13|trail,14":{}},"47":{"MW":{"W7":{"9G":"1"}},"F8":{"MX":{"PX":"1"},"CW":{"77":"1","65":"1","84":"1","75":"1","66":"1","68":"1","76":"1","74":"1","85":"1","67":"1"},"CV":{"2V":"1","P9":"1","M8":"1","Q9":"1","3W":"1","7C":"1","M9":"1","H6":"1","2W":"1","H7":"1","J7":"1","9Q":"1","Q8":"1","J8":"1","J9":"1","P8":"1","M7":"1"}},"PX":{"H4":{"4F":"1","3F":"1"},"VG":{"FG":"1"},"VF":{"HM":"1","HH":"1","HJ":"1","GJ":"1","GM":"1","GH":"1"},"WV":{"XM":"1"}},"PG":{"GC":{"G6":"1","F9":"1"}},"VC":{"4P":{"3Q":"1"},"4Q":{"92":"1","3Q":"1","85":"1","84":"1","C4":"1","3R":"1"},"2C":{"VX":"1"},"6F":{"F8":"1"},"2F":{"8P":"1","C5":"1","4P":"1","6R":"1","6P":"1","4Q":"1","4R":"1","8Q":"1","6Q":"1","H6":"1","7P":"1","V2":"1","5P":"1","H7":"1","5Q":"1","F5":"1","6V":"1","7Q":"1","7R":"1","5R":"1"},"3P":{"F7":"1","G6":"1","F6":"1"}},"HG":{"3Q":{"9R":"1"}},"WX":{"5F":{"8G":"1","7G":"1","CJ":"1","9H":"1","CG":"1","9G":"1","8H":"1","9J":"1","CH":"1"},"7F":{"H6":"1","FP":"1","7C":"1","C9":"1","79":"1","4J":"1","5Q":"1","2W":"1","9C":"1"},"M8":{"VQ":"1"},"2C":{"54":"1"},"23":{"GM":"1"},"6F":{"XW":"1"},"97":{"8V":"1","7V":"1","6V":"1","7W":"1","3W":"1","8W":"1","6P":"1"},"R7":{"84":"1"},"87":{"VR":"1"},"H3":{"3C":"1","45":"1","39":"1","65":"1","46":"1","56":"1","55":"1"},"7G":{"7C":"1"},"98":{"5F":"1","6H":"1","6J":"1","5H":"1","MF":"1","6F":"1","6M":"1","5M":"1","5G":"1","5J":"1","6G":"1"}},"M9":{"9X":{"7X":"1"},"9W":{"X9":"1","XC":"1","XG":"1","X7":"1","X6":"1","WC":"1","WF":"1","XF":"1","X8":"1"},"9V":{"QP":"1","RJ":"1","PM":"1","QJ":"1","RX":"1","RW":"1","VX":"1","WR":"1","QH":"1","RM":"1","VW":"1","QM":"1"},"CW":{"4F":"1","2G":"1","J3":"1","59":"1","29":"1","26":"1","4C":"1","3F":"1","38":"1","J4":"1","47":"1","28":"1","48":"1","3C":"1","J2":"1","69":"1","68":"1","58":"1","27":"1","49":"1","39":"1","3G":"1","2C":"1","37":"1","2F":"1","36":"1","H4":"1"},"CV":{"2R":"1","4W":"1","2V":"1","3X":"1","3W":"1","4X":"1"},"V6":{"85":"1","95":"1"}},"XX":{"QJ":{"GQ":"1","HQ":"1"}},"WH":{"2H":{"8C":"1"},"FC":{"6C":"1","CW":"1","2F":"1","5F":"1","G9":"1","5C":"1","FH":"1","P3":"1","6F":"1","58":"1","Q2":"1","FW":"1","59":"1","2G":"1","FJ":"1","CV":"1","FV":"1","66":"1","4F":"1","P2":"1","Q3":"1","CJ":"1","67":"1","2C":"1","CX":"1","69":"1","56":"1","57":"1","9X":"1","68":"1","CH":"1","4C":"1"},"HF":{"7F":"1","8F":"1"},"FG":{"C4":"1","C6":"1","5C":"1","C5":"1","F5":"1","F4":"1"},"FF":{"8F":"1","89":"1","72":"1","73":"1","F4":"1","84":"1","83":"1","9F":"1","95":"1","49":"1","74":"1","78":"1","8C":"1","6C":"1","C5":"1","C4":"1","94":"1"},"F8":{"38":"1"},"F9":{"QG":"1","QF":"1"},"4H":{"6Q":"1"},"CC":{"XF":"1","XC":"1"}},"RQ":{"VP":{"W2":"1","R2":"1","W4":"1","X4":"1","Q2":"1","W3":"1","Q4":"1","P3":"1","V3":"1","R4":"1","R3":"1","Q3":"1","V4":"1","X2":"1","P4":"1","M2":"1","X3":"1","V2":"1","P2":"1"},"WM":{"6H":"1","6J":"1","5H":"1","5J":"1"},"VJ":{"VP":"1","XJ":"1","CW":"1"},"VM":{"MV":"1","J3":"1","HW":"1","VX":"1","PX":"1","RV":"1","VV":"1","J2":"1","MX":"1","MW":"1","WX":"1","QV":"1","M2":"1","JV":"1","RX":"1","QW":"1","QX":"1","VW":"1","JW":"1","HV":"1","RW":"1","PV":"1","PW":"1","JX":"1","HX":"1"}},"MQ":{"CM":{"QW":"1","VX":"1"},"9P":{"H6":"1","F4":"1","25":"1","35":"1","G7":"1","JG":"1","JF":"1","P7":"1"}},"WQ":{"RM":{"MM":"1","MJ":"1"},"PR":{"R6":"1","V7":"1","W7":"1","W6":"1","V6":"1"},"JQ":{"H2":"1","G2":"1","H4":"1","G3":"1","82":"1","H3":"1"},"FG":{"HH":"1","9G":"1","CG":"1","9J":"1","HP":"1","GJ":"1","9H":"1","CF":"1","FH":"1","HR":"1","JM":"1","FM":"1","GH":"1","HJ":"1","FG":"1","CM":"1","JH":"1","FJ":"1","GG":"1","HQ":"1","GR":"1","CJ":"1","GQ":"1","FF":"1","GM":"1","FQ":"1","FP":"1","HM":"1","JP":"1","JJ":"1","GP":"1","CH":"1"},"MQ":{"HF":"1","FG":"1","26":"1","HG":"1","HH":"1","GG":"1","FJ":"1","HJ":"1","GJ":"1","27":"1","GF":"1","FH":"1","GH":"1"},"MP":{"6R":"1","7V":"1","6V":"1","7W":"1","7R":"1","6W":"1"},"HR":{"46":"1","44":"1","F7":"1","J6":"1","88":"1","7C":"1","59":"1","54":"1","57":"1","94":"1","8C":"1","77":"1","7G":"1","R3":"1","76":"1","7F":"1","75":"1","67":"1","M7":"1","87":"1","89":"1","86":"1","8G":"1","73":"1","55":"1","65":"1","84":"1","GJ":"1","J2":"1","64":"1","R2":"1","56":"1","63":"1","8F":"1","66":"1","74":"1","P3":"1","H2":"1","45":"1","J7":"1","79":"1","M6":"1","78":"1","58":"1","69":"1","85":"1","68":"1"},"CF":{"32":"1","23":"1","22":"1","33":"1"},"GQ":{"64":"1","73":"1","76":"1","66":"1","62":"1","75":"1","65":"1","74":"1","85":"1","84":"1","63":"1","72":"1"},"JP":{"PG":"1","HW":"1","6J":"1","HX":"1","8X":"1","6M":"1","PF":"1","QC":"1","5M":"1","QG":"1","QF":"1","5J":"1","PC":"1"},"CC":{"2X":"1","3X":"1"},"JV":{"56":"1","96":"1","86":"1"},"8H":{"XC":"1"},"JR":{"FG":"1","F7":"1","C6":"1","F6":"1","GG":"1","C7":"1"},"HP":{"8F":"1"},"PP":{"63":"1"}},"RV":{"9H":{"3X":"1"},"45":{"95":"1"},"R4":{"XV":"1"}},"G9":{"45":{"QJ":"1","QH":"1"},"9M":{"48":"1"},"PQ":{"FG":"1","FF":"1","CG":"1"}},"XC":{"9R":{"R3":"1","V3":"1","R4":"1","V4":"1"},"CR":{"84":"1"},"9Q":{"XW":"1","VR":"1","WW":"1"}},"XP":{"F2":{"7P":"1","6M":"1","7M":"1","6P":"1"}},"QJ":{"28":{"9G":"1"},"2F":{"4P":"1","5P":"1"}},"RW":{"73":{"52":"1"},"62":{"XJ":"1","XM":"1"},"WR":{"VX":"1","XV":"1","VV":"1","XX":"1","WV":"1","WX":"1","RX":"1","VW":"1","RW":"1","XW":"1","WW":"1"},"WV":{"R2":"1","V2":"1"},"72":{"9M":"1","8M":"1","3P":"1"}},"FH":{"5W":{"47":"1"}},"XW":{"F2":{"8Q":"1"},"4J":{"PJ":"1"}},"GJ":{"XC":{"GQ":"1","HQ":"1","FC":"1","7F":"1","HR":"1","FF":"1","GP":"1","GR":"1","FV":"1"},"WW":{"37":"1","23":"1","38":"1","3G":"1","3F":"1","48":"1","34":"1","47":"1"}},"XV":{"7X":{"9V":"1"}},"RC":{"X9":{"6C":"1","G4":"1","4J":"1","F6":"1","4P":"1","4M":"1","5F":"1","3M":"1","C6":"1","4Q":"1","3J":"1","C7":"1","6F":"1","5G":"1","4V":"1","3H":"1","3V":"1","G5":"1","G6":"1","J5":"1","F5":"1","69":"1","3P":"1","G8":"1","H5":"1"},"VC":{"2H":"1","3H":"1","3G":"1","2J":"1","3J":"1","4J":"1","4H":"1"},"XC":{"83":"1","GQ":"1","73":"1","C9":"1","74":"1","85":"1","84":"1","CX":"1","FR":"1","GP":"1","82":"1","FX":"1","FP":"1","F9":"1","96":"1","GM":"1","86":"1","72":"1"},"XG":{"57":"1","76":"1","66":"1","5F":"1","75":"1","5H":"1","6F":"1","6C":"1","5C":"1","67":"1","4H":"1","58":"1","77":"1"},"XJ":{"4J":"1"},"XP":{"VQ":"1"},"WC":{"HW":"1","HX":"1"},"WF":{"H2":"1"},"R7":{"4W":"1","4X":"1"},"F9":{"X8":"1"},"8Q":{"FQ":"1","4P":"1","GQ":"1","HQ":"1","3M":"1","HP":"1","GP":"1","GM":"1"},"XF":{"M7":"1","98":"1","M4":"1","H9":"1","J9":"1","Q6":"1","R2":"1","JC":"1","F5":"1","7M":"1","7H":"1","M6":"1","GC":"1","HC":"1","Q5":"1","P5":"1","J7":"1","M5":"1","H8":"1","6G":"1","6H":"1","G2":"1","M8":"1","Q3":"1","F2":"1","G3":"1","C8":"1","J8":"1","88":"1","M2":"1","JF":"1","M9":"1","9C":"1","78":"1","97":"1","HF":"1","P6":"1","F6":"1","J5":"1","H2":"1"}},"XM":{"X4":{"49":"1"},"JM":{"JP":"1"}},"9P":{"6X":{"7V":"1","6V":"1","7W":"1","6W":"1"},"6W":{"JW":"1","JV":"1"}},"VH":{"45":{"2Q":"1","43":"1","73":"1","C5":"1","53":"1","4M":"1","79":"1","5F":"1","39":"1","5C":"1","35":"1","2R":"1","26":"1","58":"1","3G":"1","27":"1","54":"1","25":"1","77":"1","45":"1","67":"1","HW":"1","C8":"1","75":"1","57":"1","94":"1","47":"1"},"24":{"9H":"1"},"26":{"J6":"1","H5":"1","F2":"1","H6":"1","G2":"1"},"28":{"5C":"1","48":"1","49":"1","4C":"1","59":"1","58":"1"},"44":{"3F":"1","9G":"1","CG":"1","9J":"1","2F":"1","3X":"1","38":"1","C9":"1","87":"1","7M":"1","GF":"1","CF":"1","9C":"1","3W":"1","C7":"1","2H":"1","7J":"1","F9":"1","48":"1","8J":"1","7W":"1","FC":"1","F8":"1","3G":"1","97":"1","2G":"1","2W":"1","9R":"1","4F":"1","CC":"1","8G":"1","5Q":"1","99":"1","4G":"1","8F":"1","FF":"1","37":"1","89":"1","C8":"1","9F":"1","96":"1","8C":"1","2X":"1","47":"1","8M":"1","98":"1"},"35":{"M4":"1","X9":"1","Q3":"1","XQ":"1","4W":"1","XR":"1","P3":"1","R3":"1","R4":"1","C2":"1","XM":"1","M5":"1","V5":"1","F5":"1"},"34":{"XG":"1","XQ":"1","XH":"1","7M":"1"},"2C":{"C6":"1","C7":"1"}},"PC":{"H8":{"HJ":"1","FG":"1","FM":"1","JJ":"1","JC":"1","26":"1","GG":"1","65":"1","25":"1","HC":"1","GH":"1","GM":"1","JH":"1","GJ":"1","HM":"1","FH":"1","HH":"1","35":"1","CG":"1","HF":"1","36":"1"},"H9":{"X9":"1","W8":"1","VC":"1","XC":"1","W7":"1","W6":"1","W9":"1","V6":"1","X7":"1","5J":"1","R9":"1","7M":"1","7H":"1","8J":"1","7G":"1","WC":"1","VF":"1","R7":"1","V9":"1","6G":"1","7J":"1","7F":"1","6F":"1","96":"1","V5":"1","V7":"1","R8":"1","X8":"1","R6":"1","Q7":"1","W5":"1","8H":"1","6M":"1","97":"1","V8":"1","6J":"1","8M":"1","Q8":"1"},"XQ":{"X9":"1","W9":"1","XC":"1","WC":"1"},"XR":{"C3":"1","C4":"1","C5":"1","F5":"1","F4":"1","F3":"1"},"5C":{"3C":"1","62":"1","2C":"1","3F":"1","22":"1","2F":"1"},"4C":{"X4":"1","X5":"1"},"59":{"2X":"1","3X":"1"}},"CC":{"VP":{"GW":"1","GX":"1","HX":"1","FX":"1"},"VQ":{"H2":"1","G2":"1"},"VM":{"3M":"1","7P":"1","5P":"1","6M":"1","4M":"1","5M":"1"},"VH":{"MM":"1","FR":"1","HV":"1","HP":"1","HR":"1","JM":"1","FM":"1","GV":"1","CM":"1","GR":"1","HQ":"1","GQ":"1","PP":"1","GM":"1","MP":"1","FQ":"1","FP":"1","HM":"1","CP":"1","JP":"1","GP":"1","PM":"1"},"2F":{"F8":"1","F9":"1"}},"WV":{"XW":{"QH":"1"},"47":{"MR":"1"},"HV":{"HQ":"1","GW":"1","HR":"1","HP":"1","JR":"1","JQ":"1"}},"VF":{"67":{"XV":"1","XR":"1","WR":"1","WV":"1"},"77":{"29":"1","39":"1","5X":"1","5W":"1"}},"FV":{"62":{"4F":"1","4C":"1"},"52":{"9H":"1","Q5":"1","CH":"1","CF":"1","CG":"1","9G":"1","9F":"1"}},"RG":{"CX":{"9M":"1","CQ":"1"}},"PQ":{"RP":{"MM":"1"}},"6J":{"5F":{"F5":"1","F4":"1"},"4G":{"M8":"1"},"5G":{"8C":"1"}},"5J":{"C9":{"QR":"1"},"HF":{"8J":"1","9H":"1","45":"1","8H":"1","49":"1","5J":"1"}},"WM":{"MC":{"97":"1"}},"WC":{"3G":{"R5":"1","R6":"1","V5":"1","V6":"1"}},"M8":{"7V":{"7W":"1"},"4V":{"X9":"1","W9":"1","W7":"1","W6":"1"},"5X":{"FV":"1","F4":"1","C7":"1","F7":"1","88":"1","G5":"1","F3":"1","F8":"1","Q5":"1","HP":"1","HQ":"1","C9":"1","8C":"1","96":"1","H7":"1","FR":"1","F6":"1","87":"1","89":"1","92":"1","GP":"1","86":"1","C6":"1","98":"1","HR":"1","HM":"1","P4":"1","P5":"1","C8":"1","C2":"1","GQ":"1","97":"1","FQ":"1","P3":"1","GR":"1","G4":"1","99":"1","79":"1","78":"1","F2":"1","GM":"1","Q4":"1"},"5W":{"WP":"1","9V":"1","FX":"1","CW":"1","9W":"1","WM":"1","FQ":"1","9X":"1","CV":"1","8V":"1","CX":"1","GR":"1"},"6W":{"8G":"1","8F":"1","3Q":"1","3V":"1","77":"1","4P":"1","3W":"1","4Q":"1","2V":"1","9F":"1","CF":"1","3P":"1","2Q":"1","8R":"1","88":"1","87":"1","3R":"1","2W":"1","9G":"1","8V":"1","2R":"1","78":"1"}},"WP":{"3R":{"35":"1"}},"QR":{"F3":{"J6":"1"}},"QQ":{"5C":{"58":"1"}},"VX":{"43":{"2R":"1"},"57":{"3X":"1"},"W9":{"J7":"1"},"29":{"36":"1","HH":"1","P9":"1","P6":"1","RC":"1","G7":"1","HG":"1","JF":"1","Q9":"1","35":"1","P3":"1","MG":"1","55":"1","PH":"1","JH":"1","W7":"1","P7":"1","V2":"1","F7":"1","Q3":"1","29":"1","45":"1","W4":"1","Q8":"1","23":"1","G8":"1","MH":"1","V4":"1","JG":"1","P8":"1"},"77":{"39":"1","F8":"1","27":"1"},"38":{"7R":"1","5W":"1","4H":"1","5P":"1","7J":"1","C9":"1","49":"1","76":"1","CC":"1","5M":"1","6P":"1","2W":"1","6M":"1","4X":"1","4G":"1"},"WH":{"V3":"1"},"28":{"XW":"1","QP":"1","MX":"1","JW":"1","XH":"1","VW":"1"},"27":{"VC":"1","VF":"1"},"35":{"JP":"1","9M":"1","9P":"1","HH":"1"},"WG":{"FM":"1","HM":"1","HP":"1","GP":"1","HH":"1","FP":"1","HJ":"1","GJ":"1","GM":"1","GH":"1"},"39":{"64":"1","37":"1","74":"1","44":"1","38":"1","43":"1","35":"1","46":"1","34":"1","67":"1","55":"1","42":"1"},"37":{"G6":"1","G5":"1"},"36":{"RX":"1","MH":"1","PH":"1","PJ":"1","MJ":"1"},"67":{"X8":"1"}},"VV":{"8V":{"8V":"1","5R":"1","7X":"1","9V":"1","2X":"1","7W":"1","3W":"1","4X":"1"},"7V":{"QR":"1","RR":"1","QW":"1","RV":"1","QV":"1","QX":"1","PX":"1"},"7W":{"Q2":"1","P2":"1","Q4":"1","Q3":"1","P4":"1","P3":"1"},"8W":{"22":"1","42":"1"}},"GC":{"P2":{"G9":"1","GC":"1"}},"PJ":{"XF":{"XR":"1"}},"MC":{"92":{"64":"1","73":"1","62":"1","65":"1","74":"1","63":"1","72":"1"}},"RP":{"9H":{"43":"1","63":"1","73":"1","54":"1","62":"1","64":"1","42":"1","33":"1","74":"1","53":"1","32":"1","52":"1"},"8G":{"8G":"1","7H":"1","8H":"1","QW":"1","QX":"1","PW":"1","6J":"1"}},"XQ":{"4F":{"VC":"1"},"42":{"V7":"1"}},"8P":{"PM":{"RR":"1","XR":"1","WV":"1"},"QM":{"2R":"1"}},"XH":{"V7":{"4V":"1"}},"QC":{"HW":{"6C":"1","77":"1"},"8J":{"XV":"1"},"2Q":{"CQ":"1","86":"1","54":"1","65":"1","56":"1","75":"1","66":"1","7C":"1","CR":"1","C6":"1","76":"1","85":"1"},"9J":{"2W":"1","2V":"1"}},"PR":{"XX":{"8H":"1"},"PJ":{"7M":"1"},"86":{"JF":"1","HF":"1","MH":"1","JC":"1","HC":"1","JH":"1","RM":"1","JJ":"1","MJ":"1"}},"RF":{"H4":{"XQ":"1"},"J6":{"53":"1","52":"1"},"HF":{"WR":"1","4C":"1","VR":"1","XV":"1","VV":"1","WV":"1","49":"1","XR":"1","VW":"1","37":"1","5C":"1","XW":"1","WW":"1"},"H9":{"9V":"1","JM":"1","46":"1","JJ":"1","4H":"1","3G":"1","CQ":"1","88":"1","8V":"1","35":"1","3H":"1","7C":"1","CH":"1","37":"1","59":"1","GW":"1","7M":"1","57":"1","8P":"1","77":"1","32":"1","8M":"1","CP":"1","7F":"1","5R":"1","87":"1","89":"1","9F":"1","GP":"1","8G":"1","73":"1","55":"1","HJ":"1","J2":"1","64":"1","72":"1","9R":"1","5V":"1","56":"1","GX":"1","47":"1","63":"1","FQ":"1","9J":"1","H2":"1","45":"1","JR":"1","FH":"1","4G":"1","6C":"1","6R":"1","8R":"1","FW":"1","78":"1","58":"1","23":"1","7P":"1","FJ":"1","6V":"1","7R":"1","JX":"1","68":"1"},"F6":{"RX":"1","PW":"1","QW":"1","RP":"1","QX":"1","WV":"1","PX":"1"},"G7":{"3Q":"1","3V":"1","4P":"1","3P":"1","2P":"1","2Q":"1","2M":"1","4J":"1","3R":"1","2R":"1","3J":"1","4M":"1","3M":"1"},"R8":{"XP":"1","WP":"1","WH":"1","WM":"1","XJ":"1","WJ":"1","XH":"1","XM":"1"},"JF":{"GW":"1","5W":"1","FW":"1","FV":"1","CW":"1","59":"1","5X":"1","2V":"1","48":"1","GV":"1","4W":"1","58":"1","HM":"1","V7":"1","2R":"1","4X":"1"},"G9":{"2M":"1","2V":"1","2P":"1","2Q":"1","JW":"1","5J":"1","6M":"1","92":"1","V6":"1","3M":"1","MX":"1","6H":"1","2R":"1","6J":"1","2J":"1","3V":"1","8H":"1","8G":"1","5H":"1","7H":"1","82":"1","W9":"1","3Q":"1","3P":"1","83":"1","JX":"1","3R":"1","5M":"1","MW":"1","R6":"1"},"GC":{"M4":"1","X5":"1","MV":"1","J3":"1","R2":"1","H3":"1","J4":"1","W4":"1","X4":"1","Q2":"1","P3":"1","R3":"1","Q3":"1","P4":"1","M2":"1","W5":"1","JV":"1","M3":"1","H4":"1","P2":"1"},"C9":{"HF":"1","G9":"1","GC":"1","HC":"1","GF":"1","J9":"1"},"GF":{"9G":"1","9J":"1","F6":"1","4P":"1","5J":"1","9H":"1","6M":"1","7M":"1","6R":"1","6P":"1","C6":"1","6H":"1","4Q":"1","4R":"1","QG":"1","C7":"1","7J":"1","6J":"1","8J":"1","6Q":"1","5P":"1","F7":"1","8H":"1","5Q":"1","8G":"1","7H":"1","6V":"1","5R":"1","8M":"1","5M":"1"},"MF":{"2H":"1"},"C7":{"2W":"1","2V":"1"},"F9":{"XP":"1","XQ":"1","V7":"1","4F":"1","XV":"1","XR":"1","R7":"1","V8":"1","4C":"1","XM":"1","R8":"1"},"FC":{"H8":"1","M2":"1","G8":"1"},"F8":{"36":"1","45":"1","26":"1","VV":"1","25":"1","35":"1","46":"1","34":"1","24":"1","VW":"1"},"97":{"Q8":"1","Q7":"1"},"HC":{"34":"1","P9":"1","RC":"1","R8":"1","C3":"1","Q9":"1","VW":"1","35":"1","RF":"1","RW":"1","R7":"1","VG":"1","Q7":"1","33":"1","P7":"1","RR":"1","VX":"1","QC":"1","44":"1","RV":"1","R9":"1","Q8":"1","VC":"1","H5":"1","RX":"1","P8":"1","V9":"1"},"CC":{"29":"1","89":"1","FC":"1","2C":"1","88":"1","XM":"1","79":"1","78":"1"},"F7":{"XP":"1","Q2":"1","XQ":"1","R2":"1","PJ":"1","MJ":"1"},"G6":{"9R":"1","9V":"1","CV":"1"},"H8":{"4V":"1","48":"1","7Q":"1","V8":"1","3R":"1","2M":"1","2R":"1","38":"1","4Q":"1","GW":"1","HV":"1","4X":"1","8P":"1","26":"1","R3":"1","25":"1","V9":"1","27":"1","2C":"1","2V":"1","HX":"1","29":"1","HW":"1","3P":"1","2H":"1","3Q":"1","5V":"1","3V":"1","6Q":"1","GX":"1","39":"1","8Q":"1","4P":"1","2Q":"1","2P":"1","58":"1","JV":"1","7P":"1","28":"1","JW":"1","W8":"1","JX":"1","2J":"1"},"C8":{"VC":"1","X5":"1","P9":"1","P8":"1","X4":"1","Q7":"1","Q9":"1","QC":"1","P7":"1","Q8":"1"},"8C":{"J7":"1"},"J8":{"J9":"1","PC":"1"},"V8":{"2H":"1","2M":"1","2J":"1","2P":"1"},"G8":{"X9":"1","XC":"1","X5":"1","W7":"1","XQ":"1","MV":"1","5X":"1","X7":"1","X6":"1","XJ":"1","WQ":"1","WM":"1","WH":"1","XP":"1","WJ":"1","RG":"1","RP":"1","XV":"1","RH":"1","XM":"1","XX":"1","MR":"1","7W":"1","9X":"1","WX":"1","VJ":"1","RQ":"1","X8":"1","XR":"1","VP":"1","JV":"1","JR":"1","4X":"1","VG":"1","8W":"1","XW":"1","WW":"1","VQ":"1","VM":"1"},"H5":{"64":"1","76":"1","66":"1","75":"1","65":"1","74":"1","85":"1","56":"1","67":"1","55":"1","86":"1","77":"1"},"J9":{"FM":"1","CM":"1","4P":"1","5P":"1","4Q":"1","CP":"1","FP":"1","FQ":"1","5Q":"1"},"JG":{"52":"1"},"JC":{"FC":"1","97":"1","FF":"1","3J":"1","CF":"1","CC":"1"}},"RM":{"PM":{"2H":"1","2J":"1","56":"1","55":"1"},"VM":{"3V":"1","2W":"1","2R":"1","2V":"1","3W":"1","3R":"1","2Q":"1","2P":"1"},"RM":{"XQ":"1","WR":"1","WQ":"1","XP":"1","XV":"1","WV":"1","XR":"1","XW":"1"},"MM":{"XJ":"1","XH":"1"}},"9C":{"3M":{"WG":"1","VG":"1","VH":"1"},"3J":{"9M":"1","CM":"1","8P":"1","9P":"1","9Q":"1","CP":"1"}},"VW":{"XQ":{"6R":"1","CF":"1"},"4R":{"RX":"1","RW":"1"}},"J9":{"GJ":{"HW":"1","HR":"1","JW":"1","HV":"1"},"GM":{"M4":"1","H2":"1","H4":"1","G3":"1","H3":"1"}},"P9":{"2M":{"MP":"1","JP":"1","9M":"1","HP":"1","9P":"1"}},"HF":{"4W":{"4J":"1","4M":"1"},"3W":{"XG":"1","WG":"1","XH":"1"}},"QX":{"PP":{"3W":"1"},"3X":{"R9":"1","R8":"1"},"9G":{"5M":"1"},"C2":{"GW":"1"},"Q7":{"W8":"1"}},"VQ":{"28":{"JV":"1","HV":"1","JW":"1","HX":"1","MX":"1","HR":"1","RW":"1","QX":"1","QR":"1","GV":"1","PR":"1","QV":"1","JQ":"1","GX":"1","JR":"1","GW":"1","MR":"1","VR":"1","PW":"1","RR":"1","GR":"1","HQ":"1","MV":"1","HW":"1","RV":"1","JX":"1","QW":"1","RX":"1","MQ":"1","MW":"1","PX":"1","PV":"1"},"29":{"P2":"1","Q2":"1","J2":"1","Q3":"1","H2":"1","G2":"1","P3":"1","M2":"1","J3":"1","R3":"1","R2":"1","M3":"1"},"6M":{"Q8":"1"},"RV":{"MR":"1","CJ":"1"}},"98":{"G6":{"8F":"1","CM":"1","9F":"1"}},"H9":{"8G":{"XW":"1","XV":"1","VX":"1","XX":"1","WX":"1","WW":"1","VW":"1","WV":"1"},"8F":{"32":"1","23":"1","22":"1","33":"1"},"57":{"4X":"1","8X":"1","2V":"1","3X":"1","8R":"1","7V":"1","6R":"1","8V":"1","5V":"1","3W":"1","9V":"1","6X":"1","5W":"1","7W":"1","6Q":"1","7X":"1","2W":"1","5X":"1","3V":"1","4W":"1","9W":"1","6V":"1","6W":"1","7Q":"1","7R":"1","5R":"1","8W":"1","9X":"1","2X":"1"},"29":{"78":"1","77":"1"},"47":{"XW":"1","RX":"1","XV":"1","VX":"1","XX":"1","WX":"1","WW":"1","VW":"1"},"48":{"W2":"1","R2":"1","W3":"1","V3":"1","X2":"1","X3":"1","V2":"1"},"7C":{"57":"1","76":"1","62":"1","74":"1","XX":"1","WX":"1","63":"1","72":"1"},"69":{"XJ":"1","XM":"1"},"58":{"34":"1","43":"1","73":"1","53":"1","92":"1","84":"1","52":"1","24":"1","63":"1","64":"1","33":"1","54":"1","42":"1","44":"1","82":"1","23":"1","83":"1","72":"1","22":"1","93":"1","32":"1","74":"1","62":"1"},"7F":{"X2":"1","W3":"1","X3":"1","W2":"1","X4":"1","W4":"1"},"FH":{"88":"1"},"QM":{"94":"1","85":"1","84":"1","95":"1"},"79":{"2M":"1","8X":"1","2P":"1","9J":"1","3M":"1","7V":"1","8V":"1","3J":"1","2H":"1","6X":"1","F9":"1","7W":"1","8J":"1","FC":"1","2J":"1","F8":"1","3H":"1","7X":"1","8H":"1","6W":"1","7R":"1","3P":"1","G8":"1","8W":"1"},"9G":{"2W":"1","2X":"1"},"8H":{"X2":"1","W2":"1","V2":"1"}},"QV":{"P7":{"HR":"1","PQ":"1","MV":"1","MJ":"1"}},"2J":{"M7":{"V6":"1"}},"HH":{"5W":{"4H":"1","5J":"1","3H":"1","2J":"1","2M":"1","5H":"1","4J":"1","3J":"1","3G":"1","3M":"1"},"3Q":{"29":"1"},"3V":{"4G":"1","2V":"1","4F":"1"},"3W":{"Q9":"1","6R":"1","5R":"1","2V":"1","23":"1","6X":"1","6V":"1","5V":"1","5X":"1","Q8":"1","5W":"1","6W":"1"},"2V":{"XV":"1","PH":"1"},"2Q":{"VQ":"1"},"2X":{"W2":"1","P4":"1","V2":"1"},"3X":{"GP":"1","5W":"1","72":"1","63":"1","24":"1","62":"1","5X":"1","25":"1","GM":"1","53":"1","6W":"1","23":"1","52":"1"},"2W":{"WH":"1","RW":"1","VJ":"1","PW":"1","XJ":"1","WJ":"1","JR":"1","X5":"1"},"2R":{"R5":"1","Q4":"1","Q5":"1","R4":"1","V4":"1","V5":"1"},"5V":{"CH":"1","J3":"1","CG":"1","95":"1"}},"QF":{"92":{"Q6":"1","Q5":"1"},"V7":{"76":"1","75":"1","85":"1","86":"1"},"R7":{"P5":"1","P4":"1","JG":"1","J7":"1","M5":"1","H7":"1"},"H4":{"H8":"1","H9":"1","G9":"1","J8":"1","F9":"1","J9":"1","G8":"1"},"W7":{"JG":"1","JH":"1"},"QF":{"RC":"1"},"C2":{"97":"1","87":"1","88":"1","96":"1","98":"1","78":"1"},"R8":{"53":"1","52":"1","42":"1"}},"XJ":{"2M":{"WX":"1"},"9G":{"6R":"1","7R":"1","CP":"1"}},"WG":{"9G":{"HP":"1"}},"VP":{"MX":{"4P":"1"}},"FQ":{"73":{"C7":"1"}},"C9":{"G4":{"53":"1","52":"1","54":"1","43":"1","63":"1","72":"1"},"G2":{"36":"1","46":"1","47":"1"},"G3":{"H4":"1","JV":"1","HF":"1","P6":"1","G7":"1","HV":"1","JW":"1","HG":"1","JF":"1","GC":"1","Q9":"1","HR":"1","JR":"1","M6":"1","7X":"1","HC":"1","P7":"1","H7":"1","H8":"1","HW":"1","QC":"1","J7":"1","J8":"1","P5":"1","H5":"1","M5":"1"}},"WR":{"43":{"JR":"1"},"CF":{"W5":"1","X5":"1"},"M9":{"8J":"1"}},"MX":{"3M":{"MW":"1","JX":"1","MX":"1","PW":"1","QW":"1","JW":"1","QX":"1","MV":"1","PV":"1","PX":"1"},"4M":{"5F":"1","6H":"1","68":"1","3H":"1","3J":"1"},"3P":{"M4":"1","Q2":"1","P2":"1","J2":"1","P3":"1","M2":"1","J3":"1","M3":"1"}},"HV":{"8P":{"4F":"1","5W":"1","5X":"1","3W":"1","4W":"1","2X":"1","3X":"1","2J":"1","2M":"1","4X":"1","4V":"1","4G":"1"},"8Q":{"M7":"1","43":"1","22":"1","45":"1","J9":"1","54":"1","P9":"1","JC":"1","64":"1","P8":"1","42":"1","J7":"1","55":"1","46":"1","M8":"1","33":"1","MC":"1","44":"1","35":"1","J8":"1","53":"1","32":"1","P7":"1","M9":"1","34":"1","52":"1","36":"1"},"7P":{"9R":"1","QP":"1","WH":"1","8V":"1","WM":"1","XJ":"1","9V":"1","GP":"1","WJ":"1","JH":"1","XH":"1","XM":"1","8R":"1"},"58":{"C4":"1"}},"PV":{"9R":{"73":"1","63":"1"},"27":{"7F":"1"},"8M":{"95":"1"}},"MR":{"48":{"X6":"1"}},"RX":{"X9":{"W5":"1","W6":"1"},"JQ":{"Q2":"1","R2":"1","V2":"1"},"X6":{"X6":"1"},"4C":{"6H":"1","5H":"1"},"MQ":{"9R":"1","7J":"1","8V":"1","4Q":"1","6F":"1","9V":"1","CJ":"1","CP":"1","6G":"1"},"X4":{"F7":"1","F6":"1","95":"1","96":"1"},"3C":{"6Q":"1","6R":"1","P6":"1","7R":"1"},"JP":{"RX":"1","RW":"1","QW":"1","VX":"1","QX":"1"},"PJ":{"V8":"1"},"JR":{"CC":"1"}},"FR":{"5X":{"RQ":"1","VQ":"1","VR":"1","WR":"1","WV":"1"}},"JF":{"JP":{"6V":"1","6W":"1"}},"WW":{"PG":{"J2":"1","M2":"1","J3":"1","M3":"1"},"PF":{"GQ":"1","HQ":"1","HP":"1","MX":"1","GP":"1","XX":"1"},"7W":{"74":"1","72":"1"}},"C8":{"45":{"PH":"1"},"9C":{"G4":"1"},"PX":{"PW":"1","PX":"1"}},"VR":{"HQ":{"RM":"1","M4":"1","Q6":"1","M6":"1","RJ":"1","M5":"1","J6":"1","H5":"1","QM":"1","V4":"1","R6":"1","J5":"1","P2":"1"},"JP":{"CQ":"1","FW":"1","9V":"1","FV":"1","CW":"1","9W":"1","7P":"1","CM":"1","8P":"1","9P":"1","CP":"1","FQ":"1","FP":"1","9M":"1","GV":"1","9Q":"1","8Q":"1","CR":"1","FR":"1","7Q":"1","8R":"1","CV":"1","8V":"1","CX":"1","GR":"1","9R":"1","8M":"1"},"8H":{"47":"1"},"7M":{"45":"1","46":"1","56":"1"},"JQ":{"32":"1","44":"1","23":"1","43":"1","22":"1","34":"1","33":"1"},"H7":{"C9":"1","H6":"1","C8":"1","F8":"1","F9":"1","G8":"1"}},"RH":{"PG":{"JR":"1"},"WG":{"5F":"1","4F":"1"},"X4":{"RJ":"1","VJ":"1","VG":"1","RG":"1","VH":"1","RH":"1"},"R9":{"9M":"1"},"QG":{"XG":"1"},"RG":{"8G":"1"}},"G8":{"5Q":{"W3":"1","M8":"1","95":"1","73":"1","C5":"1","C3":"1","J2":"1","R2":"1","92":"1","V3":"1","W2":"1","84":"1","R3":"1","M9":"1","WM":"1","M3":"1","C4":"1","WP":"1","V2":"1","P2":"1","X2":"1","82":"1","J8":"1","83":"1","72":"1","94":"1","93":"1","VP":"1","VM":"1","74":"1","H2":"1"},"5R":{"92":"1"},"5P":{"8X":"1","VX":"1","XV":"1","RV":"1","VV":"1","XX":"1","9X":"1","WV":"1","WX":"1","RX":"1","QX":"1","VW":"1","RW":"1","XW":"1","WW":"1","HX":"1"},"6P":{"2W":"1","2V":"1"}},"QH":{"9M":{"WF":"1","XF":"1","XC":"1","WC":"1","PF":"1","J9":"1"}},"HJ":{"32":{"62":"1","5H":"1","52":"1","23":"1","54":"1","43":"1","4J":"1","24":"1","5J":"1","4H":"1"},"25":{"9M":"1","C7":"1","9J":"1"},"22":{"X3":"1","X4":"1"}},"69":{"CX":{"HQ":"1","HP":"1"},"CW":{"8F":"1","HF":"1","HG":"1"}},"JV":{"9H":{"QR":"1","WP":"1","VR":"1"},"F6":{"3M":"1"}},"J8":{"QP":{"23":"1","34":"1","24":"1","33":"1"},"6J":{"45":"1","56":"1","55":"1"},"5H":{"XX":"1"},"WR":{"6Q":"1"},"98":{"RW":"1"}},"MV":{"5Q":{"V4":"1"},"PF":{"F7":"1","C6":"1","F6":"1","F8":"1","C7":"1"}},"QW":{"GF":{"47":"1"}},"GH":{"XH":{"JF":"1","HF":"1","JG":"1","HG":"1"}},"FC":{"RJ":{"RR":"1","VR":"1"}}}}