{"index":{"university,1|retail,2|tourism,3|wreck,4|historical,5|artsCulture,6|namedBuilding,7|water,8|wetland,9|park,10|beach,11|natureReserve,12|cemetery,13|trail,14":{}},"48":{"V8":{"CJ":{"RR":"1","W5":"1","RV":"1","W4":"1","V4":"1","V5":"1"}},"W9":{"H8":{"XC":"1"},"6H":{"2H":"1","2M":"1","2J":"1","2P":"1"},"6J":{"RQ":"1","QQ":"1","MW":"1","JX":"1","MX":"1"},"5H":{"WP":"1","RM":"1","XQ":"1","WR":"1","XJ":"1","WQ":"1","VR":"1","WM":"1","WH":"1","XP":"1","WJ":"1","RP":"1","RJ":"1","XV":"1","RH":"1","XH":"1","XM":"1","VV":"1","VH":"1","WV":"1","VJ":"1","RQ":"1","XR":"1","VP":"1","VW":"1","RR":"1","WW":"1","VQ":"1","VM":"1"},"2R":{"7W":"1"},"2V":{"4X":"1"},"6M":{"G5":"1","H6":"1","F4":"1","V6":"1","G4":"1","F5":"1","9F":"1","J6":"1","H5":"1","9H":"1","Q3":"1","G7":"1","R5":"1","9G":"1","F6":"1"},"4M":{"WC":"1"},"3R":{"MW":"1"},"7M":{"65":"1","64":"1","CM":"1","84":"1","93":"1","9M":"1","75":"1","MR":"1","CJ":"1","69":"1","68":"1","79":"1","74":"1","85":"1","94":"1"},"3P":{"PJ":"1"},"2P":{"3X":"1"}},"Q5":{"4P":{"HX":"1"},"5Q":{"7J":"1","7F":"1","6H":"1","6J":"1","7H":"1","8H":"1","7G":"1","8G":"1","5J":"1","6G":"1"},"7Q":{"P2":"1"},"4W":{"6R":"1"},"4R":{"6R":"1","3V":"1","QJ":"1","68":"1","5R":"1","2C":"1","FR":"1","2G":"1","5X":"1","46":"1","7R":"1","67":"1","4X":"1","2Q":"1","2F":"1","FV":"1","6W":"1","H7":"1"},"4Q":{"Q9":"1","H5":"1","G6":"1","G5":"1"},"7V":{"2X":"1","3X":"1"},"4V":{"47":"1","8J":"1","42":"1","9M":"1","9H":"1","35":"1","74":"1","52":"1","37":"1","9J":"1","8M":"1"},"5V":{"4R":"1","7M":"1","5P":"1","6Q":"1","6P":"1","5Q":"1","5V":"1","6M":"1","5R":"1","6R":"1","6J":"1","6V":"1"},"5X":{"R5":"1","R6":"1","R3":"1","V3":"1","R4":"1","V4":"1","V5":"1","V6":"1"},"7W":{"43":"1","22":"1","45":"1","54":"1","42":"1","33":"1","44":"1","53":"1","32":"1","34":"1"},"3R":{"X9":"1","MM":"1","XC":"1","MV":"1","QP":"1","XG":"1","RP":"1","WF":"1","MR":"1","QG":"1","R3":"1","XF":"1","PG":"1","R6":"1","Q7":"1","W5":"1","VP":"1","VG":"1","V8":"1","PV":"1","JM":"1"},"M6":{"8R":"1"},"6W":{"4P":"1","5P":"1","6M":"1","4J":"1","4M":"1","5M":"1","5J":"1","6P":"1"}},"Q2":{"CW":{"4H":"1","7Q":"1","3G":"1","7J":"1","C7":"1","F7":"1","G5":"1","88":"1","7C":"1","8H":"1","59":"1","5H":"1","9C":"1","C9":"1","7M":"1","4C":"1","9G":"1","8C":"1","8P":"1","8J":"1","7G":"1","8M":"1","7F":"1","5M":"1","F6":"1","6H":"1","6F":"1","CC":"1","9M":"1","87":"1","89":"1","9F":"1","8G":"1","C6":"1","98":"1","7H":"1","5C":"1","9H":"1","6M":"1","6Q":"1","C8":"1","6P":"1","8F":"1","97":"1","9J":"1","5P":"1","5G":"1","4G":"1","3F":"1","99":"1","6C":"1","79":"1","6G":"1","4J":"1","F5":"1","5F":"1","78":"1","5J":"1","4F":"1","7P":"1","6J":"1","69":"1","CF":"1"},"VX":{"VC":"1","48":"1"},"QG":{"2M":"1"},"9H":{"39":"1"},"WX":{"2G":"1","5G":"1"},"HH":{"32":"1","53":"1"},"PG":{"VM":"1"},"CV":{"MP":"1","HP":"1","JM":"1","CR":"1","CV":"1","PJ":"1"},"32":{"J4":"1","J3":"1"},"8H":{"XF":"1"},"HV":{"CC":"1"}},"M2":{"64":{"J9":"1","FM":"1","JC":"1","CM":"1","9P":"1","CP":"1","MF":"1","M8":"1","MC":"1","J8":"1","JF":"1","M9":"1","9R":"1"},"75":{"43":"1","45":"1","72":"1","63":"1","73":"1","54":"1","24":"1","62":"1","26":"1","65":"1","64":"1","56":"1","25":"1","47":"1","42":"1","55":"1","46":"1","27":"1","33":"1","44":"1","35":"1","53":"1","32":"1","34":"1","23":"1","52":"1","37":"1","36":"1"},"65":{"M4":"1","X6":"1","X4":"1","M5":"1","X5":"1"},"54":{"C7":"1"}},"R7":{"QJ":{"97":"1","98":"1"}},"R3":{"XF":{"Q2":"1","RP":"1","QG":"1","R2":"1","RH":"1"},"VM":{"JC":"1"},"78":{"MR":"1"}},"X2":{"36":{"23":"1"},"XF":{"M9":"1"}},"J3":{"6M":{"MW":"1"}},"XC":{"45":{"MX":"1","PX":"1"},"XQ":{"4V":"1","CG":"1","FF":"1","5W":"1","7V":"1","2R":"1","CH":"1","8H":"1","4X":"1","9G":"1","8J":"1","7F":"1","5R":"1","6F":"1","CC":"1","9F":"1","FG":"1","8G":"1","7H":"1","9H":"1","4R":"1","8X":"1","7X":"1","2H":"1","5X":"1","5V":"1","8F":"1","XX":"1","GV":"1","GR":"1","4W":"1","FH":"1","79":"1","6R":"1","4J":"1","XW":"1","78":"1","69":"1","4M":"1","6V":"1","7R":"1"},"W7":{"57":"1","5F":"1","58":"1"},"WR":{"X9":"1","G6":"1","H7":"1","RF":"1","H6":"1","WH":"1","WJ":"1","RG":"1","RJ":"1","WF":"1","RH":"1","J7":"1","VF":"1","J6":"1","VH":"1","QJ":"1","QG":"1","VJ":"1","WG":"1","RC":"1","G7":"1","X8":"1","VG":"1","QF":"1","QH":"1"},"WQ":{"9H":"1","XF":"1","VV":"1","CH":"1","VR":"1","22":"1","CJ":"1","WV":"1","9J":"1"},"XV":{"9H":"1","8F":"1","9G":"1","8H":"1","7G":"1","8G":"1","9F":"1"},"XM":{"WH":"1","VJ":"1","WJ":"1","VH":"1"},"VV":{"5C":"1","59":"1","58":"1"},"WV":{"G8":"1","HG":"1","GH":"1","JJ":"1","G7":"1","CQ":"1","H5":"1","FF":"1","J6":"1","CH":"1","F8":"1","CJ":"1","G6":"1","HH":"1","MG":"1","MH":"1","Q2":"1","MJ":"1","G9":"1","FC":"1","H7":"1","FP":"1","R3":"1","JG":"1","CM":"1","CP":"1","FR":"1","CR":"1","GP":"1","FG":"1","HF":"1","9P":"1","F9":"1","Q3":"1","HJ":"1","HM":"1","GJ":"1","GG":"1","H8":"1","R2":"1","J5":"1","9Q":"1","GQ":"1","GC":"1","FQ":"1","H6":"1","FH":"1","GF":"1","JF":"1","JH":"1","FM":"1","FJ":"1","GM":"1","J4":"1"},"46":{"M2":"1"},"WX":{"76":"1","75":"1","85":"1","86":"1"},"XR":{"C3":"1","83":"1","28":"1","X6":"1","32":"1","29":"1","FC":"1","FG":"1","X7":"1","C4":"1","2C":"1","FF":"1","82":"1","CF":"1","W7":"1","CG":"1","QH":"1","RH":"1"},"8H":{"HR":"1"},"V8":{"VF":"1"},"XW":{"XW":"1","P2":"1","Q3":"1","P3":"1","XX":"1","9F":"1"},"V2":{"JP":"1"},"WW":{"9R":"1","6R":"1","8V":"1","7Q":"1","8Q":"1","7V":"1","9Q":"1","7R":"1","8R":"1"},"VQ":{"JG":"1","W7":"1"},"VM":{"PG":"1","RP":"1"}},"V9":{"WP":{"FW":"1","XC":"1","JM":"1"},"QP":{"VW":"1"},"WR":{"HH":"1","CG":"1","MJ":"1","9J":"1","JV":"1","HF":"1","MM":"1","C5":"1","9M":"1","HV":"1","HP":"1","HX":"1","GJ":"1","9H":"1","HG":"1","JF":"1","PQ":"1","MX":"1","GF":"1","FH":"1","MG":"1","HR":"1","JM":"1","RJ":"1","FM":"1","QR":"1","WW":"1","PR":"1","JQ":"1","GH":"1","FC":"1","JR":"1","HJ":"1","FG":"1","MR":"1","CM":"1","JH":"1","FJ":"1","HC":"1","27":"1","PJ":"1","5P":"1","GG":"1","HQ":"1","GR":"1","CJ":"1","HW":"1","GQ":"1","89":"1","PP":"1","GM":"1","MP":"1","FQ":"1","QQ":"1","94":"1","FP":"1","MH":"1","HM":"1","CP":"1","RX":"1","JP":"1","JJ":"1","88":"1","GP":"1","JG":"1","CH":"1","MQ":"1","4C":"1","PM":"1"},"VR":{"JG":"1","RH":"1"},"WM":{"P7":"1"},"GC":{"59":"1"},"XV":{"3M":"1","7X":"1","5P":"1","8X":"1","35":"1","5V":"1","22":"1","QC":"1","4H":"1","VM":"1","6W":"1","8R":"1","6P":"1"},"RV":{"F2":"1"},"VV":{"4V":"1"},"MF":{"34":"1"},"QG":{"34":"1"},"WV":{"XG":"1","V6":"1","XJ":"1","W4":"1","Q5":"1","P3":"1","XM":"1","V8":"1"},"VJ":{"PX":"1"},"CG":{"R4":"1"},"RR":{"FM":"1","59":"1","CM":"1","W4":"1","2H":"1","CJ":"1","FJ":"1","CR":"1","M8":"1","FR":"1","8M":"1"},"XW":{"64":"1","57":"1","29":"1","66":"1","62":"1","54":"1","56":"1","67":"1","55":"1","33":"1"},"WW":{"P7":"1"}},"Q6":{"66":{"RP":"1"},"5Q":{"8P":"1"},"4V":{"Q8":"1"}},"W3":{"JX":{"8G":"1","7P":"1","5J":"1","65":"1","4P":"1","4Q":"1","9H":"1","2M":"1","5M":"1","9G":"1","8H":"1","6M":"1","3M":"1"}},"V2":{"7J":{"H4":"1"},"J6":{"27":"1"},"FJ":{"3V":"1"}},"Q3":{"G8":{"MP":"1","H6":"1"},"CG":{"34":"1","3F":"1","49":"1","73":"1","VQ":"1","53":"1","3C":"1","G7":"1","XW":"1","5J":"1","38":"1","5F":"1","39":"1","5C":"1","MX":"1","6H":"1","35":"1","28":"1","FX":"1","QX":"1","58":"1","Q7":"1","PR":"1","QV":"1","6J":"1","48":"1","59":"1","VR":"1","4F":"1","PW":"1","GG":"1","F7":"1","8G":"1","5H":"1","29":"1","MV":"1","RM":"1","2C":"1","37":"1","46":"1","56":"1","MC":"1","8W":"1","57":"1","QW":"1","68":"1","47":"1","8M":"1","VP":"1","PX":"1","4C":"1","PV":"1","JC":"1"},"7J":{"84":"1","J4":"1","42":"1","75":"1","95":"1","74":"1","R5":"1","85":"1","H4":"1","Q8":"1","94":"1"},"C7":{"VC":"1","66":"1","RC":"1","R9":"1","V8":"1","V9":"1","R8":"1"},"FF":{"VC":"1","9H":"1","CF":"1","9J":"1"},"F7":{"P9":"1","J3":"1","PC":"1","H3":"1","MF":"1","3P":"1","MC":"1","PF":"1","Q9":"1","QC":"1","GX":"1","3M":"1","H4":"1","HX":"1"},"88":{"M2":"1","F4":"1"},"F8":{"H2":"1","G2":"1"},"CH":{"4V":"1","G8":"1","G7":"1","2G":"1","7Q":"1","H5":"1","3X":"1","3J":"1","G5":"1","8V":"1","C3":"1","2R":"1","8W":"1","CW":"1","8H":"1","4Q":"1","59":"1","5H":"1","9C":"1","9G":"1","8C":"1","H7":"1","95":"1","26":"1","FP":"1","8M":"1","25":"1","36":"1","M7":"1","6F":"1","CC":"1","J3":"1","9M":"1","89":"1","3M":"1","49":"1","9P":"1","6W":"1","2V":"1","7H":"1","QF":"1","9H":"1","2H":"1","P4":"1","3Q":"1","P5":"1","R2":"1","H8":"1","W2":"1","J5":"1","C8":"1","3C":"1","8Q":"1","4P":"1","5P":"1","3W":"1","4G":"1","X5":"1","C4":"1","99":"1","J7":"1","79":"1","8R":"1","6X":"1","2P":"1","M4":"1","R5":"1","2X":"1","P8":"1","6J":"1","7R":"1","J4":"1","85":"1","2J":"1"},"CJ":{"43":"1","22":"1","63":"1","54":"1","24":"1","29":"1","26":"1","5J":"1","64":"1","56":"1","84":"1","4C":"1","3F":"1","38":"1","25":"1","47":"1","42":"1","2H":"1","93":"1","48":"1","6G":"1","82":"1","58":"1","27":"1","95":"1","33":"1","44":"1","35":"1","4J":"1","32":"1","23":"1","85":"1","2C":"1","2F":"1","36":"1","4M":"1","94":"1","5G":"1"},"8H":{"Q2":"1","R2":"1"},"5H":{"VX":"1"},"9C":{"WP":"1","5P":"1","W4":"1","RP":"1","46":"1","RQ":"1","VP":"1","5Q":"1"},"C9":{"GP":"1"},"7M":{"WQ":"1","WR":"1"},"94":{"XF":"1"},"G9":{"WG":"1","WH":"1","26":"1","VG":"1","VF":"1","RG":"1","VH":"1"},"9G":{"78":"1","9J":"1","QH":"1","8P":"1","MM":"1","V6":"1","7M":"1","35":"1","8Q":"1","CQ":"1","9V":"1","QX":"1","PR":"1","GV":"1","XJ":"1","CV":"1","JH":"1","FV":"1","9R":"1","PC":"1","P2":"1","7G":"1","9P":"1","99":"1","9Q":"1","FQ":"1","9X":"1","RX":"1","JG":"1","MQ":"1"},"FC":{"WG":"1"},"8C":{"MM":"1","JQ":"1","MJ":"1","PH":"1","JJ":"1","PM":"1","3F":"1","MP":"1","3C":"1","CR":"1","HM":"1","JP":"1","HQ":"1","PJ":"1","HP":"1","JM":"1","XW":"1","MH":"1"},"96":{"57":"1","24":"1","29":"1","26":"1","27":"1","2Q":"1","32":"1","2C":"1","2F":"1"},"8J":{"QP":"1","PH":"1","P9":"1","P8":"1","CP":"1","FP":"1","FQ":"1","J2":"1","GQ":"1","G7":"1"},"95":{"7X":"1","3Q":"1","4P":"1","4Q":"1","3P":"1","2P":"1","2Q":"1","2M":"1","3R":"1","2W":"1","3M":"1"},"32":{"GW":"1","8X":"1"},"HC":{"FM":"1","2J":"1","FJ":"1","4X":"1"},"R3":{"G3":"1"},"8M":{"5F":"1","4G":"1","4F":"1","4C":"1","5G":"1"},"7F":{"6C":"1","9G":"1","7F":"1","79":"1","5F":"1","PQ":"1","5C":"1","6G":"1","6H":"1","6F":"1","5G":"1","7C":"1","PR":"1","7J":"1","8J":"1","MR":"1","8H":"1","8G":"1","7G":"1","5H":"1","7H":"1","69":"1","MQ":"1"},"6H":{"9X":"1","GV":"1","RX":"1","52":"1","HV":"1"},"6F":{"5G":"1","6G":"1"},"CC":{"8F":"1","3Q":"1","9W":"1","5J":"1","7G":"1","9F":"1","3P":"1","7F":"1","2X":"1","2W":"1","8W":"1"},"9M":{"C2":"1"},"87":{"MH":"1","FJ":"1","GF":"1","FH":"1"},"9F":{"HF":"1","JX":"1","6F":"1","XC":"1","CH":"1","6C":"1","5G":"1","3R":"1","WV":"1","FH":"1"},"92":{"MV":"1"},"86":{"X9":"1","W8":"1","XC":"1","XG":"1","W6":"1","RP":"1","WF":"1","J2":"1","XF":"1","WG":"1","R6":"1","W5":"1","R5":"1","X3":"1","V8":"1","H2":"1"},"HF":{"63":"1","54":"1","65":"1","64":"1","38":"1","42":"1","48":"1","75":"1","3C":"1","49":"1","53":"1","74":"1","39":"1","2C":"1","52":"1"},"FG":{"W8":"1","89":"1","W7":"1","5F":"1","3Q":"1","3V":"1","7P":"1","5X":"1","4R":"1","8P":"1","7M":"1","3H":"1","4V":"1","3M":"1","8M":"1","6X":"1"},"8G":{"RM":"1","QP":"1","FM":"1","R2":"1","7P":"1","F5":"1","RP":"1","RJ":"1","9M":"1","F9":"1","QJ":"1","QM":"1","RQ":"1","F7":"1"},"33":{"82":"1"},"98":{"QP":"1","RJ":"1","QJ":"1","2R":"1","RM":"1","QM":"1"},"7H":{"6M":"1","6P":"1"},"H3":{"9G":"1","7F":"1","C9":"1","CF":"1","9C":"1","7C":"1","F9":"1","CC":"1","8G":"1","7G":"1","99":"1","8F":"1","89":"1","C8":"1","9F":"1","8C":"1","98":"1"},"5C":{"FP":"1","CG":"1","PG":"1","4F":"1","VC":"1","6G":"1","HG":"1","6H":"1","V9":"1","V7":"1","8H":"1","M9":"1","W6":"1","CR":"1","88":"1","7H":"1","G9":"1","FG":"1","XC":"1","8M":"1","H8":"1","FH":"1","3F":"1","9F":"1","GJ":"1","78":"1","RC":"1","CQ":"1","9J":"1","X8":"1","M7":"1","9P":"1","PC":"1","Q9":"1","CC":"1","VF":"1","HM":"1","RG":"1","6J":"1","5J":"1","GQ":"1","WC":"1","M8":"1","FM":"1","8Q":"1","9H":"1","P7":"1","CJ":"1","W9":"1","F9":"1","4G":"1","8G":"1","R6":"1","MH":"1","J7":"1","GC":"1","7C":"1","JC":"1","JJ":"1","7G":"1","PJ":"1","MC":"1","JM":"1","FJ":"1","X9":"1","M6":"1","FF":"1","5C":"1","MG":"1","9G":"1","9Q":"1","8P":"1","CH":"1","HP":"1","R8":"1","QC":"1","JG":"1","7F":"1","X7":"1","5H":"1","RF":"1","8J":"1","GG":"1","P6":"1","JH":"1","X6":"1","9C":"1","J9":"1","Q6":"1","P9":"1","Q8":"1","HF":"1","GP":"1","P8":"1","8F":"1","5F":"1","H9":"1","79":"1","PH":"1","W7":"1","HH":"1","QF":"1","4H":"1","W8":"1","PF":"1","6M":"1","5G":"1","9R":"1","6F":"1","R9":"1","6C":"1","HC":"1","R7":"1","FQ":"1","C9":"1","7P":"1","Q7":"1","89":"1","MJ":"1","4C":"1","V6":"1","9M":"1","7J":"1","CP":"1","JF":"1","99":"1","7M":"1","GM":"1","CM":"1","G8":"1","MF":"1","QH":"1","HJ":"1","69":"1","J8":"1","GF":"1","GH":"1","FC":"1","V8":"1","CF":"1","8C":"1","QG":"1"},"9H":{"H4":"1","CG":"1","8X":"1","RH":"1","J6":"1","MJ":"1","XV":"1","QH":"1","P9":"1","4J":"1","H9":"1","73":"1","C5":"1","XW":"1","C3":"1","XR":"1","PG":"1","JF":"1","R2":"1","PQ":"1","MX":"1","VW":"1","RF":"1","WV":"1","HR":"1","RJ":"1","MF":"1","V5":"1","PH":"1","Q5":"1","VG":"1","PR":"1","Q2":"1","JQ":"1","M9":"1","FC":"1","M6":"1","JR":"1","G3":"1","3G":"1","C2":"1","5X":"1","W7":"1","RM":"1","67":"1","GQ":"1","QC":"1","M2":"1","J7":"1","QP":"1","75":"1","PP":"1","MC":"1","WJ":"1","QW":"1","QQ":"1","QJ":"1","FP":"1","Q6":"1","98":"1","QM":"1","VP":"1","P8":"1","CR":"1","V9":"1"},"4R":{"M7":"1","P7":"1"},"65":{"88":"1"},"G3":{"WQ":"1","PP":"1"},"GG":{"62":"1","52":"1"},"R2":{"RJ":"1","PQ":"1","PR":"1","RH":"1","QM":"1"},"6Q":{"RW":"1","WC":"1"},"C8":{"R9":"1","PQ":"1"},"6P":{"FM":"1","CM":"1","FJ":"1","CJ":"1","GJ":"1","CP":"1","FH":"1","GM":"1"},"8F":{"XR":"1","CR":"1","QX":"1"},"GC":{"WR":"1"},"9J":{"JM":"1","PM":"1","JJ":"1","V5":"1","WH":"1","G7":"1","M8":"1","7J":"1","PH":"1","FF":"1","XG":"1","J9":"1","W5":"1","CX":"1","HH":"1","59":"1","Q2":"1","JP":"1","54":"1","PJ":"1","MJ":"1","H7":"1","R7":"1","95":"1","V6":"1","HC":"1","7F":"1","X2":"1","6H":"1","XC":"1","W3":"1","Q6":"1","RF":"1","MF":"1","PF":"1","RC":"1","QF":"1","WM":"1","5C":"1","V2":"1","Q3":"1","R4":"1","X8":"1","84":"1","PC":"1","WJ":"1","X4":"1","G3":"1","P6":"1","QH":"1","P5":"1","H8":"1","R2":"1","QM":"1","J5":"1","P2":"1","8F":"1","VF":"1","WC":"1","WG":"1","PG":"1","X3":"1","GC":"1","J8":"1","5G":"1","H6":"1","X5":"1","J7":"1","X6":"1","JF":"1","W6":"1","M9":"1","Q8":"1","JH":"1","MM":"1","W4":"1","VH":"1","XF":"1","VC":"1","V3":"1","R5":"1","P8":"1","QG":"1","CF":"1","Q4":"1"},"5P":{"H8":"1","H9":"1","G9":"1","GC":"1","G8":"1"},"H4":{"78":"1","6C":"1","79":"1","65":"1","86":"1","87":"1","7V":"1","6R":"1","5V":"1","55":"1","6X":"1","7C":"1","58":"1","64":"1","5W":"1","7W":"1","6Q":"1","97":"1","59":"1","66":"1","54":"1","77":"1","76":"1","67":"1","89":"1","6V":"1","69":"1","75":"1","6W":"1","7R":"1","5R":"1","68":"1","98":"1","88":"1","74":"1"},"G4":{"WP":"1","PR":"1","QP":"1","WR":"1","WQ":"1","VR":"1","RP":"1","RV":"1","QV":"1","QR":"1","RQ":"1","QQ":"1","VP":"1","QW":"1","RR":"1","PQ":"1","PV":"1","VQ":"1"},"FH":{"36":"1","34":"1","43":"1","53":"1","35":"1","52":"1","55":"1","63":"1","64":"1","33":"1","54":"1","45":"1","44":"1","46":"1","56":"1","23":"1","22":"1","32":"1","62":"1"},"C4":{"CM":"1","2G":"1","CJ":"1","2F":"1"},"99":{"2H":"1","J6":"1","M8":"1","3H":"1","J7":"1","2G":"1","3J":"1","5X":"1","G5":"1"},"GF":{"MM":"1","F4":"1","2G":"1","3F":"1","F3":"1","MP":"1","HR":"1","MR":"1","C3":"1","JP":"1","32":"1","HQ":"1","HP":"1","3G":"1","JM":"1","2F":"1","C4":"1"},"6C":{"28":"1","29":"1","26":"1","27":"1"},"79":{"QV":"1"},"6G":{"GW":"1","FW":"1","FV":"1","FX":"1","HW":"1","FQ":"1","GV":"1","CR":"1","FR":"1","CV":"1","HV":"1","GR":"1","GX":"1","HX":"1","6X":"1"},"4J":{"X9":"1"},"F5":{"9P":"1"},"M6":{"34":"1"},"5J":{"V2":"1"},"7P":{"VC":"1","RC":"1","R9":"1","VF":"1","V9":"1","JR":"1"},"28":{"9C":"1"},"6J":{"G4":"1","G3":"1","F4":"1","F3":"1"},"69":{"5C":"1","4C":"1"},"CF":{"2M":"1","3F":"1","9G":"1","CG":"1","9J":"1","C5":"1","G7":"1","9M":"1","2F":"1","8R":"1","9H":"1","CF":"1","C7":"1","8J":"1","G5":"1","CC":"1","F7":"1","8H":"1","2C":"1","4W":"1","F5":"1","6V":"1","9F":"1","3R":"1","2X":"1"},"85":{"XP":"1","WP":"1","XQ":"1","WQ":"1","RC":"1","XM":"1","RF":"1"}},"X8":{"GG":{"28":"1","29":"1","39":"1","38":"1"}},"X7":{"28":{"9G":"1"},"29":{"F2":"1","G2":"1","G3":"1"},"P3":{"VM":"1"},"JM":{"XC":"1"},"MM":{"29":"1","FM":"1","2C":"1","GP":"1","6M":"1","FP":"1","7G":"1","5G":"1","GM":"1"},"MJ":{"7R":"1","7X":"1","7P":"1","8P":"1","7M":"1","9P":"1","9Q":"1","8Q":"1","7W":"1","7Q":"1","8R":"1","6W":"1","9R":"1","8M":"1","6X":"1"}},"J2":{"MW":{"HF":"1","H9":"1","G7":"1","JF":"1","G9":"1","GC":"1","GF":"1","F9":"1","M9":"1","F8":"1","HC":"1","H7":"1","H8":"1","MC":"1","J8":"1","G8":"1","J9":"1","JC":"1"},"HF":{"WV":"1"},"MV":{"C6":"1","C8":"1"}},"X4":{"P9":{"X8":"1"},"72":{"7F":"1","2F":"1"}},"R2":{"88":{"FP":"1"}},"J5":{"V4":{"M8":"1","P8":"1","M7":"1","P9":"1","P7":"1"}},"W2":{"4X":{"H9":"1","J9":"1"}},"P2":{"XP":{"VC":"1"},"QW":{"X2":"1"},"P6":{"JF":"1"}},"R8":{"6J":{"W4":"1"},"FJ":{"89":"1","88":"1","79":"1","78":"1"}},"X3":{"26":{"V9":"1"}},"H2":{"M9":{"3V":"1"}},"H4":{"Q4":{"7X":"1","6X":"1","5X":"1","5W":"1","6W":"1"},"Q5":{"62":"1","52":"1","72":"1"},"XF":{"Q6":"1","Q5":"1","25":"1","99":"1","24":"1","98":"1"},"XC":{"Q9":"1","FQ":"1","WH":"1","P9":"1","WR":"1","WJ":"1","WV":"1","VH":"1","GM":"1"}},"M5":{"78":{"FC":"1"}},"W7":{"MW":{"9H":"1","VP":"1","RP":"1","8H":"1","9G":"1","8G":"1","9J":"1"},"MV":{"CQ":"1","9V":"1","PR":"1","9Q":"1"}},"X5":{"HG":{"VQ":"1","WJ":"1"}},"X6":{"MX":{"5F":"1","6F":"1","5G":"1","6G":"1"},"4F":{"6C":"1"},"3F":{"X8":"1"}},"Q7":{"32":{"QR":"1","XQ":"1","RR":"1","VV":"1","PR":"1"},"GM":{"6H":"1","5H":"1"},"33":{"F4":"1","R2":"1","G4":"1","F3":"1","68":"1","R3":"1","G3":"1","M3":"1","67":"1"}},"W6":{"72":{"7F":"1","QF":"1"}},"V7":{"32":{"JQ":"1"},"JR":{"GJ":"1"},"JV":{"66":"1","65":"1","56":"1","55":"1"}},"X9":{"X3":{"Q6":"1","M6":"1","Q5":"1","P5":"1","M5":"1","J6":"1","6F":"1","Q7":"1","R5":"1","P7":"1","P6":"1","J5":"1"},"X4":{"34":"1","42":"1"}},"W4":{"J2":{"6R":"1","5R":"1"},"J7":{"7M":"1"}},"XF":{"W2":{"4F":"1","5F":"1","57":"1","59":"1","29":"1","4C":"1","3F":"1","38":"1","47":"1","28":"1","48":"1","3C":"1","58":"1","46":"1","49":"1","39":"1","2C":"1","37":"1","5C":"1","36":"1"},"XR":{"QR":"1","MR":"1","PR":"1","MV":"1"}},"V3":{"GQ":{"3C":"1","89":"1","7F":"1","39":"1","8F":"1","7C":"1","8C":"1"},"MW":{"M8":"1"},"J4":{"G6":"1","F6":"1","CG":"1","G5":"1"},"GP":{"9Q":"1"},"RH":{"HX":"1"}},"R5":{"JF":{"FC":"1","7P":"1","7M":"1","6G":"1","FF":"1","6P":"1","6M":"1"},"MF":{"98":"1","86":"1","72":"1","63":"1","73":"1","64":"1","84":"1","F5":"1","93":"1","75":"1","83":"1","82":"1","C6":"1","95":"1","96":"1","76":"1","74":"1","87":"1","97":"1","C7":"1","85":"1","F6":"1","C5":"1","C4":"1","94":"1"}},"Q4":{"32":{"HQ":"1","9H":"1","MW":"1","HR":"1","GX":"1","RW":"1","PW":"1","JW":"1","FX":"1","PR":"1","RV":"1","JR":"1","PV":"1","9J":"1","PX":"1"},"54":{"43":"1"},"H4":{"7P":"1","6P":"1"},"43":{"29":"1","2C":"1"},"42":{"29":"1","2C":"1","3G":"1","3F":"1"},"33":{"R5":"1","W6":"1","M4":"1","RC":"1","X9":"1","PF":"1","R2":"1","V6":"1","V3":"1","Q9":"1","QF":"1","RF":"1","V5":"1","Q2":"1","G3":"1","WC":"1","G5":"1","V2":"1","PC":"1","VF":"1","G6":"1","J5":"1","X8":"1","QC":"1","WG":"1","F5":"1","WF":"1","XC":"1","J3":"1","VC":"1","H5":"1","W5":"1","V4":"1","R4":"1"}},"J4":{"2C":{"8X":"1"},"2F":{"32":"1","82":"1","72":"1"}}}}