{"index":{"university,1|retail,2|tourism,3|wreck,4|historical,5|artsCulture,6|namedBuilding,7|water,8|wetland,9|park,10|beach,11|natureReserve,12|cemetery,13|trail,14":{}},"4F":{"RX":{"92":{"86":"1","63":"1","65":"1","64":"1","75":"1","66":"1","95":"1","96":"1","76":"1","87":"1","97":"1","85":"1"},"8C":{"WP":"1","VP":"1","WM":"1","VQ":"1","WQ":"1","RP":"1","RM":"1","VM":"1"}},"RW":{"GP":{"MH":"1","PJ":"1","MM":"1","MJ":"1"},"4H":{"GF":"1","FG":"1","FC":"1","HG":"1","GG":"1","GC":"1","GH":"1","FF":"1"},"2G":{"G6":"1","H7":"1","H6":"1","XG":"1","Q6":"1","XH":"1","MX":"1","G2":"1","G8":"1","FF":"1","G7":"1","R6":"1","R5":"1","H2":"1","JX":"1"},"3V":{"78":"1","7F":"1","79":"1","86":"1","87":"1","C6":"1","R3":"1","9C":"1","C7":"1","7C":"1","F8":"1","97":"1","F7":"1","77":"1","Q3":"1","99":"1","67":"1","8F":"1","89":"1","C8":"1","9F":"1","96":"1","8C":"1","88":"1","98":"1"},"4C":{"26":"1"},"3F":{"98":"1","45":"1","99":"1","86":"1","57":"1","2G":"1","65":"1","56":"1","84":"1","3F":"1","38":"1","47":"1","93":"1","48":"1","75":"1","83":"1","66":"1","3C":"1","58":"1","55":"1","46":"1","C3":"1","76":"1","79":"1","39":"1","3G":"1","2C":"1","C5":"1","C4":"1","94":"1"},"2H":{"J2":"1","H2":"1","M2":"1","J3":"1","H3":"1","M3":"1"},"3C":{"8F":"1","FW":"1","PC":"1","8J":"1","JH":"1","9M":"1","R7":"1","9F":"1","CJ":"1","FJ":"1","9H":"1","FH":"1","V7":"1","R8":"1","FF":"1","CG":"1","CV":"1","9G":"1","97":"1","C7":"1","V8":"1","9J":"1","9R":"1","8M":"1","CH":"1"},"CF":{"8P":"1","8Q":"1","7P":"1"},"3H":{"M4":"1","R2":"1","RV":"1","P3":"1","VV":"1","P4":"1","VW":"1","M3":"1","RW":"1","V2":"1"},"4J":{"8G":"1","JQ":"1","7H":"1","7G":"1","HR":"1","HQ":"1","8H":"1","JR":"1"},"3J":{"78":"1","6C":"1","9G":"1","R5":"1","CG":"1","9J":"1","7F":"1","8P":"1","CW":"1","9M":"1","R8":"1","79":"1","8R":"1","9H":"1","V6":"1","7M":"1","7V":"1","8V":"1","FH":"1","8Q":"1","9C":"1","6F":"1","V5":"1","CQ":"1","R7":"1","9V":"1","Q5":"1","7C":"1","QR":"1","QV":"1","7J":"1","8J":"1","V7":"1","7P":"1","CM":"1","FJ":"1","CV":"1","9R":"1","XP":"1","RR":"1","8H":"1","77":"1","8G":"1","9P":"1","7G":"1","CJ":"1","7H":"1","67":"1","8F":"1","9W":"1","9Q":"1","R9":"1","89":"1","9F":"1","69":"1","7Q":"1","8C":"1","7R":"1","V8":"1","8W":"1","68":"1","CP":"1","8M":"1","CH":"1","CR":"1","R6":"1","V9":"1"},"3G":{"RQ":"1","H8":"1","H9":"1","FM":"1","G9":"1","G4":"1","G3":"1","FJ":"1","GJ":"1","FH":"1","GM":"1","GH":"1","G8":"1"},"2F":{"R5":"1","W6":"1","RC":"1","R8":"1","X9":"1","V6":"1","W8":"1","V5":"1","R7":"1","Q5":"1","Q7":"1","V7":"1","WC":"1","W7":"1","X8":"1","QC":"1","R9":"1","W9":"1","P5":"1","V8":"1","VC":"1","W5":"1","V4":"1","R4":"1","Q6":"1","R6":"1","V9":"1"},"5G":{"J6":"1","P5":"1","P6":"1","M5":"1","M6":"1","J5":"1"},"4G":{"95":"1"}},"VV":{"3X":{"MW":"1","PW":"1","PV":"1","MV":"1"}},"QW":{"VC":{"9X":"1","7F":"1","9W":"1","CX":"1","6F":"1","CW":"1","7G":"1","6G":"1"},"XR":{"2W":"1","2R":"1","2V":"1","2Q":"1"},"XC":{"2H":"1","2M":"1","3M":"1","3G":"1","2J":"1","2G":"1","3J":"1","2F":"1"},"WR":{"XW":"1","3Q":"1","XV":"1","XR":"1","2Q":"1","3P":"1","2P":"1"},"WC":{"FQ":"1","XG":"1","CQ":"1","FR":"1","CR":"1","XH":"1","CV":"1","FV":"1"},"RV":{"P6":"1"}},"VX":{"C2":{"76":"1","66":"1","67":"1","77":"1"}},"VW":{"RV":{"FQ":"1","CQ":"1","FP":"1","CP":"1"}}}}