{"index":{"university,1|retail,2|tourism,3|wreck,4|historical,5|artsCulture,6|namedBuilding,7|water,8|wetland,9|park,10|beach,11|natureReserve,12|cemetery,13|trail,14":{}},"4G":{"X9":{"VF":{"28":"1"},"RF":{"Q9":"1","P8":"1","R9":"1","Q8":"1","P7":"1","R8":"1","Q7":"1"}},"VC":{"V8":{"R7":"1","R8":"1"},"P6":{"57":"1","36":"1","45":"1","44":"1","26":"1","23":"1","25":"1","35":"1","22":"1","46":"1","34":"1","56":"1","24":"1","55":"1","47":"1","33":"1"},"M6":{"X5":"1","W2":"1","X6":"1","W4":"1","X4":"1","W3":"1","V4":"1","X2":"1","W5":"1","X3":"1"}},"W7":{"G2":{"HJ":"1","GF":"1","FG":"1","FM":"1","HG":"1","JC":"1","GG":"1","HC":"1","GH":"1","GM":"1","GJ":"1","CF":"1","FJ":"1","HM":"1","FH":"1","HH":"1","FF":"1","CG":"1","JG":"1","JF":"1","HF":"1"}},"XG":{"XV":{"G4":"1","G5":"1","F5":"1","F4":"1"},"48":{"HR":"1","GV":"1","GR":"1","HV":"1"},"R3":{"VX":"1"},"58":{"MC":"1","M8":"1","P8":"1","P9":"1","M9":"1","PC":"1"},"79":{"GP":"1","GM":"1"}},"Q6":{"WW":{"P5":"1","P4":"1"}},"R9":{"XW":{"H5":"1","H4":"1"}},"WC":{"CQ":{"32":"1","23":"1","22":"1"},"9P":{"XW":"1","VX":"1","XX":"1","WX":"1","WW":"1","WV":"1"},"9Q":{"X5":"1","W2":"1","W4":"1","X4":"1","W3":"1","V3":"1","R4":"1","V5":"1","V4":"1","X2":"1","W5":"1","R5":"1","X3":"1","V2":"1"},"CP":{"2W":"1","2X":"1","3X":"1"}},"R7":{"4H":{"2H":"1","J2":"1","F2":"1","H2":"1","3H":"1","3G":"1","G4":"1","G2":"1","2G":"1","G3":"1","H3":"1"},"7C":{"23":"1","43":"1","34":"1","24":"1","33":"1"},"69":{"MR":"1","QX":"1","PX":"1"},"3H":{"7F":"1"},"2J":{"P9":"1","Q6":"1","P8":"1","Q5":"1","M8":"1","M9":"1","M3":"1","V8":"1","QF":"1"},"2M":{"64":"1","76":"1","29":"1","66":"1","75":"1","65":"1","74":"1","2C":"1","4C":"1","2F":"1"},"6C":{"P2":"1","Q2":"1","R3":"1","R2":"1","V2":"1"},"4G":{"5F":"1","7G":"1","7C":"1","6G":"1","69":"1","7F":"1","6F":"1","79":"1","6C":"1","HX":"1"}},"V9":{"3M":{"X9":"1","X6":"1","X8":"1","W9":"1","X7":"1","W8":"1","W7":"1"},"2V":{"6Q":"1","3X":"1"},"4M":{"28":"1","29":"1","26":"1","27":"1"},"4C":{"PG":"1","PH":"1","QH":"1","QG":"1"}},"R4":{"2G":{"QP":"1","RJ":"1","PM":"1","QJ":"1","VJ":"1","RP":"1","PP":"1","QH":"1","VM":"1","RM":"1","VH":"1","RH":"1","QM":"1"}},"XF":{"FC":{"36":"1"},"PW":{"PM":"1","QJ":"1","PH":"1","QH":"1","PJ":"1","QM":"1"}},"R8":{"MG":{"M7":"1","P9":"1","Q6":"1","PC":"1","P8":"1","R9":"1","M6":"1","Q5":"1","P5":"1","J7":"1","M5":"1","J6":"1","MF":"1","M8":"1","MC":"1","PF":"1","Q7":"1","Q9":"1","QC":"1","P7":"1","M9":"1","P6":"1","J5":"1","Q8":"1"}},"Q7":{"XM":{"RH":"1","XF":"1","QH":"1","RC":"1","R8":"1","X9":"1","XG":"1","RG":"1","Q9":"1","QF":"1","RF":"1","QG":"1","RJ":"1","W8":"1","R7":"1","VG":"1","Q7":"1","V7":"1","WM":"1","WC":"1","WP":"1","W7":"1","VF":"1","RM":"1","WH":"1","X8":"1","VJ":"1","QC":"1","WG":"1","R9":"1","W9":"1","Q8":"1","WF":"1","VH":"1","V8":"1","XC":"1","WJ":"1","VC":"1","QJ":"1","Q6":"1","VP":"1","VM":"1","R6":"1","V9":"1"}},"V8":{"6R":{"7R":"1","9V":"1","7X":"1","8X":"1","9W":"1","8Q":"1","7W":"1","9X":"1","8R":"1","7V":"1","6W":"1","8V":"1","8W":"1","9R":"1","6R":"1","6V":"1","6X":"1"},"6V":{"95":"1","73":"1","53":"1","65":"1","92":"1","84":"1","52":"1","55":"1","63":"1","64":"1","C4":"1","66":"1","54":"1","85":"1","76":"1","67":"1","46":"1","82":"1","75":"1","56":"1","83":"1","57":"1","72":"1","94":"1","93":"1","47":"1","74":"1","62":"1"}}}}