{"4P":{"WR":{"9M":{"36":"1","37":"1","48":"1","46":"1","47":"1"},"42":{"C9":"1","FC":"1","C8":"1","F8":"1","F9":"1","34":"1","CC":"1"}},"WQ":{"3Q":{"2M":"1","2W":"1","2R":"1","2V":"1","2X":"1","2Q":"1","2P":"1"},"3V":{"H9":"1","J9":"1","24":"1","JC":"1","HC":"1","6G":"1","H8":"1","M8":"1","6F":"1","MC":"1","J8":"1","JF":"1","M9":"1","23":"1","5G":"1"},"8P":{"FG":"1","CG":"1"},"4Q":{"H8":"1","G8":"1"},"2V":{"XC":"1","X5":"1","W7":"1","3Q":"1","3V":"1","4R":"1","4P":"1","3W":"1","R9":"1","4Q":"1","2V":"1","W3":"1","3P":"1","2P":"1","2Q":"1","XF":"1","3R":"1","5Q":"1","2W":"1","2R":"1"},"6Q":{"X9":"1","VC":"1","XC":"1","XG":"1","W9":"1","WC":"1","WF":"1","VF":"1","V9":"1","XF":"1","WG":"1"},"2Q":{"XV":"1","WR":"1","VQ":"1","XW":"1","XR":"1","WX":"1","XM":"1","6P":"1","WV":"1","WW":"1","6Q":"1","WM":"1","XJ":"1","7P":"1","VR":"1","XQ":"1","WP":"1","XP":"1","WH":"1","VJ":"1","7Q":"1","7R":"1","VH":"1","WJ":"1","VC":"1","WQ":"1","VM":"1","VP":"1","XX":"1","V9":"1"},"7Q":{"3C":"1","29":"1","39":"1","68":"1","2C":"1","2G":"1","3F":"1","67":"1","2F":"1","78":"1","77":"1"},"3R":{"8V":"1","23":"1","22":"1","8R":"1"},"2W":{"68":"1","67":"1","78":"1","77":"1"},"2R":{"F6":"1","G7":"1","79":"1","GC":"1","G9":"1","C9":"1","W2":"1","GF":"1","C6":"1","9C":"1","C7":"1","7C":"1","F9":"1","FC":"1","F8":"1","X3":"1","CC":"1","F7":"1","99":"1","X2":"1","89":"1","C8":"1","8C":"1","G8":"1","98":"1"},"4X":{"3C":"1","4F":"1","3F":"1","4C":"1"},"4V":{"Q2":"1","P2":"1","Q3":"1","P3":"1"}},"VR":{"X2":{"24":"1","WR":"1","WQ":"1","VR":"1","25":"1","RP":"1","35":"1","RQ":"1","VP":"1","34":"1","VQ":"1"},"W2":{"X4":"1","X5":"1"}},"VV":{"35":{"7F":"1","8F":"1","7G":"1","8G":"1"}},"WV":{"96":{"FG":"1","FM":"1","GG":"1","CM":"1","GH":"1","GJ":"1","CJ":"1","FJ":"1","FH":"1","FF":"1","CG":"1","CH":"1"}},"QV":{"2V":{"45":"1","44":"1","54":"1","55":"1"}},"RQ":{"MP":{"JF":"1","MC":"1","MF":"1","JC":"1"},"JM":{"M4":"1","P2":"1","J2":"1","P5":"1","P4":"1","J4":"1","P3":"1","M2":"1","J3":"1","M5":"1","M3":"1","J5":"1"}},"PV":{"XV":{"FP":"1","CP":"1"}},"VQ":{"WP":{"VQ":"1","VV":"1","VX":"1","VR":"1","WR":"1"},"WR":{"HH":"1","MJ":"1","HF":"1","MM":"1","FR":"1","HV":"1","HP":"1","GJ":"1","HG":"1","JF":"1","PQ":"1","GF":"1","FH":"1","FX":"1","MG":"1","HR":"1","JM":"1","CQ":"1","FM":"1","PR":"1","GV":"1","JQ":"1","GX":"1","FW":"1","GH":"1","JR":"1","HJ":"1","GW":"1","MR":"1","CM":"1","JH":"1","FJ":"1","FV":"1","PJ":"1","GG":"1","HQ":"1","GR":"1","CJ":"1","GQ":"1","PP":"1","GM":"1","MP":"1","FQ":"1","FP":"1","MH":"1","HM":"1","CP":"1","JP":"1","JJ":"1","GP":"1","JG":"1","MQ":"1","CR":"1","PM":"1"},"WQ":{"W3":"1"},"FQ":{"M4":"1","J3":"1","J4":"1","M5":"1","P4":"1","M3":"1","J5":"1"},"XV":{"XV":"1","WR":"1","VQ":"1","XW":"1","XR":"1","PQ":"1","VW":"1","RQ":"1","WV":"1","RW":"1","QX":"1","WW":"1","QR":"1","PR":"1","QV":"1","VR":"1","XQ":"1","WP":"1","XP":"1","RR":"1","VX":"1","RP":"1","VV":"1","RV":"1","QP":"1","QW":"1","QQ":"1","WQ":"1","RX":"1","VP":"1","PV":"1"},"WX":{"QG":"1","QF":"1","RG":"1","RF":"1"},"QR":{"67":"1"},"RQ":{"4P":"1","5Q":"1","5P":"1"},"PQ":{"F4":"1","F5":"1","F3":"1","F2":"1","95":"1","C6":"1","C2":"1","C3":"1","F6":"1","C5":"1","C4":"1","94":"1"},"XW":{"VQ":"1","WQ":"1","VR":"1","WR":"1"},"VQ":{"4P":"1","4Q":"1"}}},"index":{"university,1|retail,2|tourism,3|wreck,4|historical,5|artsCulture,6|namedBuilding,7|water,8|wetland,9|park,10|beach,11|natureReserve,12|cemetery,13|trail,14":{}}}