{"index":{"university,1|retail,2|tourism,3|wreck,4|historical,5|artsCulture,6|namedBuilding,7|water,8|wetland,9|park,10|beach,11|natureReserve,12|cemetery,13|trail,14":{}},"4Q":{"QQ":{"7V":{"G8":"1"}},"RW":{"R2":{"83":"1","84":"1"}},"PW":{"VF":{"6X":"1","5X":"1","5W":"1","6W":"1"},"XH":{"9G":"1","CG":"1","9J":"1","HF":"1","H9":"1","9M":"1","9H":"1","HG":"1","JF":"1","GC":"1","G9":"1","C9":"1","GF":"1","CF":"1","MG":"1","9C":"1","MF":"1","F9":"1","8J":"1","M9":"1","FC":"1","FG":"1","CM":"1","HC":"1","CC":"1","GG":"1","8H":"1","8G":"1","9P":"1","CJ":"1","99":"1","8F":"1","FF":"1","C8":"1","9F":"1","8C":"1","MC":"1","CP":"1","J9":"1","8M":"1","98":"1","JG":"1","CH":"1","JC":"1"},"WV":{"J3":"1"}},"VV":{"GQ":{"4F":"1"}},"QW":{"FG":{"28":"1","3C":"1","29":"1","39":"1","2C":"1","38":"1","4F":"1","3F":"1","48":"1","49":"1","4C":"1","2F":"1"},"FM":{"FQ":"1","GQ":"1","9R":"1","FM":"1","9M":"1","QJ":"1","CQ":"1","CM":"1","FG":"1","8P":"1","FR":"1","9P":"1","8Q":"1","CH":"1","GP":"1","PH":"1","FP":"1","CR":"1","GG":"1","FJ":"1","CJ":"1","GJ":"1","CG":"1","QH":"1","GF":"1","9Q":"1","CP":"1","PJ":"1","FH":"1","GM":"1","GH":"1","GR":"1","9J":"1","8R":"1"},"5F":{"QR":"1","RR":"1","RW":"1","QW":"1","RV":"1","QV":"1","4X":"1"},"4H":{"H9":"1","GC":"1","HC":"1","G9":"1","F9":"1","H8":"1","F8":"1","G8":"1"},"5J":{"VC":"1","Q9":"1","P9":"1","RC":"1","R9":"1","QC":"1","Q8":"1","VF":"1","V9":"1","QF":"1","RF":"1","PC":"1"},"7M":{"Q9":"1","P9":"1","R7":"1","Q8":"1","PC":"1","Q7":"1"},"6G":{"64":"1"},"3H":{"M7":"1","CQ":"1","GW":"1","H9":"1","M6":"1","GC":"1","HC":"1","G9":"1","J7":"1","HR":"1","GV":"1","J6":"1","GQ":"1","QV":"1","HQ":"1","VW":"1","HV":"1","GR":"1","PV":"1","5R":"1"},"2J":{"98":"1","89":"1","JQ":"1","FG":"1","99":"1","H6":"1","VX":"1","R9":"1","GH":"1","RV":"1","VV":"1","J6":"1","H5":"1","FH":"1","JP":"1","RC":"1","R8":"1","88":"1","Q9":"1","87":"1","QC":"1","97":"1","VW":"1","J5":"1","Q8":"1","CH":"1"},"2M":{"V2":"1"},"CG":{"X9":"1","X8":"1","XF":"1","XC":"1"},"3J":{"M4":"1","J3":"1","H3":"1","J4":"1","J2":"1","G2":"1","C2":"1","M2":"1","H4":"1"},"4M":{"X2":"1","W3":"1","X3":"1","W2":"1"},"3M":{"RC":"1","QC":"1","QG":"1","QF":"1","RG":"1","RF":"1"},"6J":{"PW":"1","PX":"1"},"5G":{"42":"1"}},"RV":{"XG":{"9X":"1","9W":"1","CX":"1","CW":"1","CV":"1"},"2P":{"Q5":"1"}}}}