{"index":{"university,1|retail,2|tourism,3|wreck,4|historical,5|artsCulture,6|namedBuilding,7|water,8|wetland,9|park,10|beach,11|natureReserve,12|cemetery,13|trail,14":{}},"4R":{"H4":{"JF":{"FW":"1","FX":"1","Q6":"1","CW":"1","7M":"1","7H":"1","8J":"1","Q5":"1","Q4":"1","R4":"1","7J":"1","V5":"1","V4":"1","R6":"1","R5":"1","8H":"1","CX":"1"},"RX":{"P2":"1"},"JG":{"7R":"1","3Q":"1","7P":"1","5J":"1","4R":"1","4P":"1","7M":"1","5P":"1","4Q":"1","6Q":"1","F2":"1","7Q":"1","C3":"1","C2":"1","5M":"1","6P":"1","5Q":"1","3R":"1","6M":"1","5R":"1","6R":"1","4M":"1","6J":"1","6V":"1"}},"XH":{"FM":{"98":"1","G6":"1","89":"1","H7":"1","FG":"1","99":"1","H6":"1","FM":"1","Q6":"1","CM":"1","CP":"1","Q5":"1","FP":"1","P5":"1","C9":"1","C8":"1","FH":"1","G7":"1","CC":"1","9C":"1","P6":"1"},"FJ":{"XQ":"1","XV":"1","XR":"1"},"GJ":{"2M":"1","8X":"1","2V":"1","2P":"1","9J":"1","2Q":"1","8P":"1","9M":"1","4P":"1","4M":"1","8R":"1","6M":"1","7M":"1","7V":"1","6R":"1","3M":"1","8V":"1","5V":"1","6P":"1","4Q":"1","2R":"1","4R":"1","8Q":"1","9V":"1","6X":"1","7J":"1","6J":"1","5W":"1","8J":"1","7W":"1","6Q":"1","4V":"1","7P":"1","CM":"1","7X":"1","2W":"1","9R":"1","3V":"1","5P":"1","5Q":"1","9P":"1","9W":"1","9Q":"1","6V":"1","7Q":"1","6W":"1","7R":"1","3Q":"1","3P":"1","5R":"1","8W":"1","9X":"1","CP":"1","3R":"1","8M":"1","5M":"1"}},"RH":{"36":{"MJ":"1","MM":"1","PG":"1","JF":"1","PF":"1","MG":"1","JM":"1","MF":"1","HJ":"1","JH":"1","W4":"1","VJ":"1","MP":"1","MH":"1","JP":"1","JJ":"1","VM":"1","JG":"1","VP":"1"},"43":{"X9":"1","GW":"1","XC":"1","FG":"1","72":"1","GG":"1","GH":"1","GM":"1","82":"1","92":"1","FH":"1","FF":"1","GX":"1"},"73":{"XW":"1","7X":"1","8X":"1"},"C5":{"64":"1","44":"1","54":"1"},"53":{"RX":"1","MR":"1","PR":"1","PV":"1","MV":"1"},"XM":{"66":"1","65":"1","56":"1","55":"1"},"35":{"WF":"1","XF":"1","XC":"1","WC":"1","WW":"1"},"52":{"H4":"1","G4":"1","RH":"1","QH":"1","M4":"1","73":"1","RC":"1","PG":"1","PF":"1","RG":"1","QF":"1","RF":"1","QG":"1","63":"1","64":"1","VF":"1","J5":"1","83":"1","VC":"1","P4":"1","R4":"1","74":"1"},"55":{"HQ":"1","JP":"1","HP":"1","JQ":"1"},"24":{"MP":"1","PM":"1","PQ":"1","PP":"1","MQ":"1"},"63":{"94":"1","93":"1","58":"1"},"64":{"G4":"1","J6":"1","H9":"1","C5":"1","F6":"1","G7":"1","GC":"1","G9":"1","C9":"1","C6":"1","C7":"1","F9":"1","FC":"1","F4":"1","F8":"1","H6":"1","97":"1","G5":"1","F7":"1","H7":"1","G6":"1","H8":"1","F3":"1","J7":"1","F5":"1","C8":"1","96":"1","J8":"1","G8":"1","H5":"1","98":"1"},"33":{"MC":"1","MF":"1","PF":"1","PC":"1"},"54":{"R3":"1","V3":"1","R2":"1","V2":"1"},"PC":{"C9":"1","FC":"1","99":"1","F9":"1","CC":"1"},"42":{"9X":"1","9W":"1","CX":"1","FW":"1","7X":"1","8X":"1","FX":"1","CW":"1","CV":"1","8W":"1","FV":"1"},"77":{"M7":"1","H7":"1","H9":"1","J9":"1","JC":"1","M6":"1","GC":"1","HC":"1","G9":"1","J7":"1","J6":"1","H8":"1","J8":"1","JF":"1","M9":"1"},"H8":{"CW":"1","CV":"1"},"45":{"8X":"1","43":"1","8P":"1","P6":"1","4M":"1","5J":"1","8R":"1","65":"1","6M":"1","3M":"1","6R":"1","7M":"1","5V":"1","GF":"1","6P":"1","4Q":"1","4R":"1","8Q":"1","55":"1","MF":"1","7J":"1","6J":"1","7W":"1","6Q":"1","M6":"1","7P":"1","7X":"1","P7":"1","5P":"1","5Q":"1","6V":"1","6W":"1","7Q":"1","7R":"1","5R":"1","8W":"1","9X":"1","8M":"1","5M":"1","M7":"1"},"67":{"J6":"1","94":"1","H6":"1","C4":"1","J7":"1","95":"1","C5":"1","H7":"1"},"44":{"9M":"1","CM":"1","9P":"1","54":"1","H3":"1","9J":"1"},"46":{"89":"1","99":"1","72":"1","73":"1","F3":"1","93":"1","83":"1","82":"1","C9":"1","92":"1","C2":"1","74":"1","P7":"1","8C":"1"},"56":{"73":"1","62":"1","63":"1","72":"1"},"WF":{"76":"1","66":"1","75":"1","85":"1","87":"1","67":"1","86":"1","77":"1"},"83":{"2W":"1"},"57":{"RQ":"1","QR":"1","RR":"1","WV":"1"},"72":{"83":"1","73":"1","8P":"1","7P":"1","7M":"1","8M":"1"},"47":{"55":"1"},"J9":{"RM":"1","RF":"1","RG":"1","RJ":"1","RH":"1","VH":"1","QJ":"1","VJ":"1","VG":"1","VM":"1","QH":"1"},"32":{"RM":"1","QP":"1","2G":"1","3F":"1","RP":"1","QM":"1","3G":"1","2F":"1"},"62":{"7J":"1","57":"1","68":"1","69":"1","48":"1","59":"1","47":"1","58":"1"}},"J6":{"4X":{"XV":"1","XR":"1","WR":"1","WV":"1"},"W6":{"P9":"1"},"4P":{"62":"1","52":"1","72":"1","42":"1"},"4M":{"5W":"1","7X":"1","5X":"1","4P":"1","5P":"1","6W":"1","5V":"1","4X":"1","5R":"1","6R":"1","6V":"1","6X":"1"},"86":{"78":"1","6C":"1","9G":"1","CG":"1","7F":"1","F6":"1","79":"1","86":"1","C9":"1","87":"1","6G":"1","CF":"1","C6":"1","9C":"1","C7":"1","6F":"1","7C":"1","F9":"1","F8":"1","97":"1","CC":"1","F7":"1","77":"1","8G":"1","7G":"1","99":"1","76":"1","8F":"1","89":"1","C8":"1","9F":"1","96":"1","8C":"1","98":"1","88":"1"},"6R":{"FQ":"1","X2":"1","FM":"1","CQ":"1","CM":"1","W2":"1","FP":"1","CP":"1"},"7V":{"HV":"1"},"5V":{"3M":"1","VX":"1","WX":"1","XM":"1","VW":"1","WW":"1"},"6X":{"36":"1","H4":"1","G4":"1","2P":"1","J2":"1","38":"1","65":"1","MX":"1","35":"1","28":"1","55":"1","26":"1","24":"1","64":"1","33":"1","2G":"1","27":"1","25":"1","G5":"1","85":"1","45":"1","X8":"1","37":"1","46":"1","56":"1","23":"1","57":"1","H5":"1","47":"1","H2":"1"},"7C":{"9H":"1","CH":"1"},"5W":{"W2":"1","G9":"1","HX":"1","PR":"1","F8":"1","WW":"1","G8":"1"},"7W":{"4F":"1","4C":"1"},"6Q":{"XW":"1","HF":"1","XV":"1","VX":"1","XX":"1","WX":"1","WW":"1","VW":"1"},"7X":{"4W":"1","6X":"1","4V":"1","5V":"1","5X":"1","5W":"1","4X":"1","6W":"1"},"5X":{"RH":"1","M8":"1","X4":"1","95":"1","RC":"1","FR":"1","R8":"1","X9":"1","PF":"1","G9":"1","GC":"1","RG":"1","Q9":"1","RF":"1","P3":"1","RJ":"1","W8":"1","R7":"1","Q5":"1","VG":"1","F9":"1","M9":"1","V7":"1","FC":"1","F8":"1","M3":"1","X7":"1","W7":"1","XP":"1","PC":"1","CC":"1","P2":"1","85":"1","G6":"1","X6":"1","QC":"1","J7":"1","R9":"1","W9":"1","8C":"1","VH":"1","V8":"1","G8":"1","CR":"1","R6":"1"},"QC":{"6Q":"1","7Q":"1"},"9W":{"MW":"1","JX":"1","MX":"1"},"6V":{"4W":"1","2V":"1","5X":"1","4X":"1"},"6W":{"2H":"1","52":"1","VF":"1","RF":"1","42":"1"},"7Q":{"2W":"1","2V":"1","2X":"1","4X":"1"},"8C":{"FV":"1"},"7R":{"22":"1"},"8W":{"C9":"1","F7":"1","C6":"1","C8":"1","97":"1","F8":"1","F9":"1","C7":"1","98":"1"},"9X":{"J2":"1","M2":"1"}},"QH":{"X3":{"43":"1","42":"1","9M":"1","J6":"1","CJ":"1","53":"1","52":"1","9J":"1","J5":"1"}},"P9":{"X9":{"23":"1","22":"1","24":"1"},"X8":{"2X":"1"},"W9":{"V5":"1","M8":"1","P7":"1","W5":"1","Q5":"1","MG":"1","Q2":"1","M2":"1","R7":"1","V4":"1","V6":"1","R3":"1","JG":"1","X2":"1","M7":"1","J3":"1","QC":"1","Q6":"1","W3":"1","MF":"1","PF":"1","M3":"1","QF":"1","V2":"1","Q3":"1","R4":"1","PC":"1","X4":"1","J2":"1","P4":"1","P6":"1","P5":"1","R2":"1","J5":"1","W2":"1","P2":"1","PG":"1","R8":"1","X3":"1","MC":"1","P3":"1","M5":"1","X5":"1","R6":"1","Q9":"1","Q7":"1","JF":"1","M9":"1","Q8":"1","M6":"1","W4":"1","P9":"1","M4":"1","V3":"1","R5":"1","P8":"1","Q4":"1","J4":"1"},"W8":{"VX":"1","PX":"1","XX":"1","MX":"1","MW":"1","WX":"1","RX":"1","QW":"1","QX":"1","VW":"1","RW":"1","PW":"1","JX":"1"},"V9":{"FC":"1","G9":"1","GC":"1","F8":"1","F9":"1","G8":"1"}},"M4":{"75":{"QP":"1","PM":"1","PP":"1","QM":"1"},"87":{"JX":"1","MX":"1","PX":"1"},"88":{"M4":"1","J3":"1","J4":"1","P5":"1","P3":"1","M5":"1","J2":"1","P4":"1","M2":"1","M3":"1","J5":"1","P2":"1"}},"W3":{"WP":{"64":"1","73":"1","74":"1","63":"1"},"2F":{"62":"1","63":"1"}},"Q4":{"Q5":{"X9":"1","X8":"1","W9":"1","V7":"1","W8":"1","V8":"1","W7":"1","V9":"1"}},"M8":{"WP":{"H8":"1","H9":"1","JF":"1","MC":"1","M8":"1","P8":"1","P9":"1","MF":"1","J8":"1","JC":"1","M9":"1","J9":"1","PC":"1"},"VV":{"JQ":"1","R2":"1","MQ":"1","6Q":"1","Q2":"1","Q4":"1","P3":"1","R4":"1","R3":"1","Q3":"1","GQ":"1","P4":"1","6P":"1","P2":"1"},"J7":{"FQ":"1","FM":"1","9M":"1","CM":"1","8P":"1","9P":"1","FP":"1","CP":"1","8M":"1"},"J8":{"VC":"1","W9":"1","V9":"1"},"VR":{"RX":"1","RW":"1","PW":"1","QW":"1","QX":"1","PX":"1"},"XX":{"8P":"1","8R":"1","6M":"1","6R":"1","7V":"1","8V":"1","5V":"1","6P":"1","4Q":"1","4R":"1","8Q":"1","9V":"1","5W":"1","7W":"1","6Q":"1","4V":"1","7P":"1","9R":"1","5Q":"1","9P":"1","9Q":"1","6V":"1","7Q":"1","6W":"1","7R":"1","5R":"1","8W":"1"},"WW":{"J6":"1","J7":"1","J5":"1"}},"RC":{"45":{"45":"1","55":"1"}},"F6":{"8M":{"8Q":"1","8R":"1"}},"J2":{"5Q":{"W9":"1","V7":"1","W8":"1","V8":"1","W7":"1","V9":"1"}},"PG":{"F9":{"4H":"1"},"33":{"GQ":"1","HQ":"1","HP":"1","GP":"1"}},"PF":{"M4":{"RQ":"1","QQ":"1","QP":"1","32":"1","WP":"1","VP":"1","VQ":"1","WQ":"1","RP":"1"},"Q6":{"43":"1","22":"1","63":"1","54":"1","24":"1","62":"1","25":"1","42":"1","33":"1","44":"1","53":"1","32":"1","34":"1","23":"1","52":"1"},"H3":{"VR":"1","WW":"1"},"M6":{"2W":"1","2V":"1"},"Q5":{"43":"1","5W":"1","3V":"1","5X":"1","3W":"1","2V":"1","4W":"1","2X":"1","3X":"1","33":"1","44":"1","3R":"1","2W":"1","2R":"1","5V":"1","34":"1","4X":"1","4V":"1","6X":"1"},"P5":{"36":"1","78":"1","49":"1","XV":"1","WR":"1","XW":"1","XR":"1","38":"1","WX":"1","5C":"1","WV":"1","58":"1","WW":"1","48":"1","59":"1","XQ":"1","37":"1","46":"1","69":"1","57":"1","WQ":"1","68":"1","47":"1","XX":"1","4C":"1"},"Q4":{"43":"1","45":"1","22":"1","54":"1","24":"1","25":"1","42":"1","33":"1","44":"1","35":"1","53":"1","JV":"1","32":"1","34":"1","23":"1","52":"1"},"P3":{"XW":"1","XV":"1","WQ":"1","XX":"1"},"M5":{"C4":"1","C5":"1","F5":"1","F4":"1"},"J6":{"XW":"1","XV":"1"},"R4":{"7J":"1"},"Q3":{"4X":"1","2V":"1","8P":"1","9M":"1","5J":"1","3X":"1","8R":"1","5F":"1","6M":"1","7M":"1","6R":"1","6G":"1","6P":"1","6H":"1","2R":"1","8Q":"1","3W":"1","5G":"1","7J":"1","6J":"1","8J":"1","6Q":"1","7P":"1","2W":"1","3V":"1","5P":"1","8H":"1","5Q":"1","5H":"1","7H":"1","7Q":"1","7R":"1","3R":"1","2X":"1","8M":"1","5M":"1"},"P4":{"G8":"1","CG":"1","7Q":"1","C7":"1","FF":"1","F7":"1","88":"1","7C":"1","F8":"1","59":"1","9C":"1","C9":"1","G9":"1","FC":"1","8C":"1","96":"1","8P":"1","95":"1","77":"1","X2":"1","CC":"1","87":"1","89":"1","9F":"1","86":"1","FG":"1","F9":"1","C6":"1","98":"1","X4":"1","6Q":"1","C8":"1","X3":"1","GC":"1","97":"1","8Q":"1","X5":"1","99":"1","GF":"1","79":"1","78":"1","7P":"1","69":"1","CF":"1","85":"1","68":"1"},"M3":{"5H":"1","5G":"1"},"P6":{"X5":"1","W2":"1","W4":"1","X4":"1","W3":"1","X2":"1","X3":"1"}},"C9":{"J4":{"4F":"1","5F":"1","2G":"1","29":"1","3F":"1","28":"1","2H":"1","3C":"1","6G":"1","69":"1","6F":"1","39":"1","2C":"1","5C":"1","2F":"1","6C":"1","5G":"1","4G":"1"},"H4":{"X9":"1","XC":"1","XG":"1","W9":"1","WC":"1","WF":"1","XH":"1","XF":"1","WG":"1","X8":"1"}},"XM":{"M4":{"F4":"1","G4":"1","F3":"1","G2":"1","XF":"1","F2":"1","C2":"1","G3":"1","C3":"1"},"M3":{"GX":"1","CX":"1","FX":"1"}},"XG":{"26":{"8X":"1","8W":"1"},"27":{"F2":"1"},"JJ":{"94":"1"}},"RG":{"7R":{"7G":"1","6G":"1"},"5W":{"28":"1","27":"1"},"G5":{"76":"1","87":"1","95":"1","88":"1","96":"1","86":"1","78":"1","77":"1"},"7X":{"GF":"1","FG":"1","99":"1","3V":"1","GG":"1","2V":"1","FF":"1","2R":"1"},"8X":{"36":"1","37":"1","27":"1"},"3Q":{"6F":"1"},"3V":{"FC":"1","FG":"1","GC":"1","FF":"1","CF":"1","GF":"1"},"5X":{"VP":"1","VQ":"1","MX":"1","RP":"1"},"G4":{"2G":"1"},"3W":{"GC":"1","MF":"1","FF":"1","HG":"1","HH":"1","GG":"1","HJ":"1","GH":"1"},"2V":{"8V":"1","69":"1","8R":"1"},"9P":{"MW":"1","GX":"1","PX":"1","PG":"1","VC":"1","HX":"1","WH":"1","RQ":"1","MQ":"1","GV":"1","RV":"1","QJ":"1","RW":"1","VJ":"1","FX":"1","MP":"1","RC":"1","PM":"1","GR":"1","XM":"1","VH":"1","PC":"1","Q9":"1","WJ":"1","VF":"1","FV":"1","PP":"1","HM":"1","RG":"1","PQ":"1","WM":"1","GQ":"1","WP":"1","QR":"1","VX":"1","QQ":"1","MH":"1","JC":"1","JJ":"1","PJ":"1","MC":"1","RP":"1","JM":"1","GW":"1","HR":"1","JQ":"1","MG":"1","QP":"1","HP":"1","QC":"1","JG":"1","PR":"1","RF":"1","JH":"1","RM":"1","JR":"1","VG":"1","HQ":"1","JX":"1","P9":"1","QX":"1","VQ":"1","GP":"1","PW":"1","MM":"1","PH":"1","QV":"1","WF":"1","HH":"1","QF":"1","FW":"1","XJ":"1","VM":"1","HW":"1","PF":"1","WG":"1","R9":"1","VP":"1","JP":"1","MX":"1","HV":"1","MJ":"1","PV":"1","RJ":"1","MR":"1","RX":"1","JF":"1","RH":"1","MF":"1","RR":"1","QH":"1","HJ":"1","JW":"1","JV":"1","MV":"1","QM":"1","QW":"1","QG":"1"},"9Q":{"G8":"1","C5":"1","V5":"1","G7":"1","M8":"1","F4":"1","H5":"1","C7":"1","F7":"1","J6":"1","88":"1","G5":"1","J9":"1","F3":"1","C3":"1","F8":"1","P7":"1","G6":"1","W5":"1","Q5":"1","Q2":"1","9C":"1","C9":"1","M2":"1","G9":"1","FC":"1","8C":"1","96":"1","H7":"1","95":"1","V4":"1","G2":"1","R3":"1","F6":"1","M7":"1","CC":"1","J3":"1","89":"1","W3":"1","Q6":"1","F9":"1","C6":"1","98":"1","H3":"1","M3":"1","V2":"1","Q3":"1","R4":"1","J2":"1","G3":"1","P6":"1","P4":"1","P5":"1","R2":"1","H8":"1","W2":"1","J5":"1","C8":"1","C2":"1","P2":"1","GC":"1","97":"1","P3":"1","H2":"1","J8":"1","H6":"1","H4":"1","G4":"1","M5":"1","R6":"1","99":"1","C4":"1","J7":"1","F5":"1","Q7":"1","M6":"1","W4":"1","H9":"1","M4":"1","V3":"1","R5":"1","F2":"1","Q4":"1","J4":"1"},"4W":{"X8":"1","X7":"1"},"3X":{"6Q":"1","6R":"1","5Q":"1","4R":"1","5R":"1","4Q":"1","4V":"1","6V":"1","5V":"1"},"79":{"Q9":"1","R9":"1","V8":"1","Q8":"1","V9":"1","R8":"1"},"7V":{"GF":"1","FG":"1","H9":"1","J9":"1","HG":"1","JC":"1","GG":"1","GC":"1","HC":"1","GH":"1","GM":"1","G9":"1","GJ":"1","FJ":"1","FH":"1","HH":"1","FF":"1","CG":"1","JF":"1","HF":"1","CH":"1"},"6W":{"H6":"1","G6":"1"},"6P":{"MM":"1","HJ":"1","PR":"1","JQ":"1","MJ":"1","MV":"1","QP":"1","PH":"1","JJ":"1","HG":"1","PM":"1","MG":"1","PX":"1","MQ":"1","MP":"1","GM":"1","JH":"1","RV":"1","HR":"1","MR":"1","GJ":"1","MX":"1","MW":"1","HM":"1","QV":"1","QR":"1","PG":"1","JP":"1","HH":"1","RQ":"1","QQ":"1","JG":"1","JV":"1","HQ":"1","RX":"1","PJ":"1","QW":"1","QX":"1","JR":"1","HP":"1","RR":"1","PQ":"1","JW":"1","HV":"1","RW":"1","PV":"1","JM":"1","PW":"1","PP":"1","MH":"1"},"6M":{"XW":"1","XX":"1"},"78":{"Q6":"1","Q5":"1","HR":"1","P5":"1","P6":"1","JR":"1","JV":"1","HV":"1"},"4X":{"G3":"1"},"6R":{"JF":"1","HF":"1","JG":"1","HG":"1","HH":"1","JH":"1"},"6X":{"XV":"1"}},"Q9":{"HG":{"5R":"1","5V":"1"}},"QF":{"2M":{"V9":"1"},"7P":{"34":"1","9G":"1","9J":"1","7F":"1","8P":"1","9M":"1","9H":"1","7M":"1","6G":"1","6H":"1","24":"1","7J":"1","6J":"1","8J":"1","33":"1","8H":"1","8G":"1","7G":"1","7H":"1","8F":"1","23":"1","22":"1","8M":"1","32":"1"},"6P":{"X2":"1","X3":"1","X4":"1"}},"RF":{"Q4":{"4F":"1","29":"1","4C":"1","3F":"1","38":"1","47":"1","28":"1","48":"1","3C":"1","46":"1","27":"1","49":"1","39":"1","2C":"1","37":"1","2F":"1","36":"1"},"P3":{"2W":"1","CX":"1","FX":"1","CW":"1"},"HH":{"78":"1","95":"1","73":"1","C5":"1","F6":"1","79":"1","86":"1","C9":"1","87":"1","84":"1","C6":"1","C7":"1","F9":"1","F8":"1","97":"1","C4":"1","85":"1","F7":"1","77":"1","76":"1","67":"1","89":"1","C8":"1","75":"1","96":"1","83":"1","94":"1","93":"1","98":"1","88":"1","74":"1"},"M3":{"RV":"1"}},"QG":{"HW":{"X2":"1","W2":"1"},"C9":{"XG":"1","WG":"1","WH":"1","WF":"1"},"FC":{"C2":"1"},"7F":{"C3":"1","92":"1","94":"1","F2":"1","93":"1","C2":"1","F3":"1"},"JW":{"32":"1","22":"1"},"WQ":{"JV":"1","MM":"1","HV":"1","HP":"1","JW":"1","HX":"1","PQ":"1","MX":"1","HR":"1","JM":"1","PR":"1","GV":"1","JQ":"1","JR":"1","MR":"1","GR":"1","HQ":"1","MV":"1","GQ":"1","HW":"1","PP":"1","GM":"1","MP":"1","JX":"1","FP":"1","HM":"1","JP":"1","GP":"1","MQ":"1","MW":"1","PM":"1"},"CR":{"RQ":"1","QQ":"1","QP":"1","QR":"1","RR":"1","RP":"1"},"WR":{"J2":"1","H2":"1","M2":"1"},"F9":{"9X":"1","FW":"1","CX":"1","FX":"1","CW":"1","CV":"1"},"JV":{"2W":"1","2X":"1","3X":"1"},"GR":{"PW":"1","PX":"1"},"HV":{"XH":"1","RH":"1","XW":"1","WX":"1","XG":"1","RG":"1","VW":"1","RF":"1","RJ":"1","WW":"1","VG":"1","WM":"1","XJ":"1","CM":"1","WC":"1","WP":"1","VX":"1","VF":"1","RP":"1","9P":"1","RM":"1","WH":"1","VJ":"1","WG":"1","QP":"1","VH":"1","WF":"1","WJ":"1","VC":"1","CP":"1","QM":"1","VM":"1","VP":"1","XX":"1"}},"MF":{"8R":{"9R":"1","8V":"1","9V":"1","CR":"1","9Q":"1","8R":"1"}},"C7":{"XW":{"32":"1"},"XV":{"3H":"1","3X":"1"},"WW":{"Q6":"1","Q5":"1","P6":"1"},"WV":{"QP":"1","PM":"1","QJ":"1","FG":"1","FF":"1","RP":"1","PP":"1","GG":"1","GF":"1","RM":"1","PJ":"1","QM":"1"}},"VG":{"XR":{"9J":"1"},"PV":{"GV":"1","FR":"1","GR":"1","FV":"1"}},"Q2":{"RP":{"HR":"1","HV":"1"},"PJ":{"F7":"1","C6":"1","F6":"1"}},"M6":{"68":{"F3":"1","93":"1","83":"1","82":"1","92":"1","F2":"1","C2":"1","C3":"1"},"67":{"RM":"1","FX":"1","8X":"1","9W":"1","XJ":"1","XV":"1","9X":"1","WV":"1","WX":"1","VJ":"1","QM":"1","VP":"1","CX":"1","8W":"1","XW":"1","WW":"1","VM":"1"},"77":{"2M":"1"}},"H6":{"W9":{"94":"1","C4":"1"},"M8":{"WG":"1","WF":"1","VG":"1","WC":"1","VF":"1"},"R7":{"4X":"1","8X":"1","2V":"1","2P":"1","2Q":"1","4J":"1","4P":"1","4M":"1","5J":"1","3X":"1","8R":"1","6M":"1","7M":"1","7V":"1","6R":"1","8V":"1","5V":"1","6P":"1","6H":"1","4Q":"1","2R":"1","4R":"1","8Q":"1","3W":"1","4H":"1","5G":"1","6X":"1","7J":"1","6J":"1","5W":"1","7W":"1","6Q":"1","4V":"1","7P":"1","7X":"1","2W":"1","5X":"1","3V":"1","5P":"1","5Q":"1","5H":"1","4G":"1","7H":"1","4W":"1","6V":"1","7Q":"1","6W":"1","7R":"1","3Q":"1","3P":"1","5R":"1","8W":"1","3R":"1","2X":"1","5M":"1"},"R9":{"FM":"1","GJ":"1","FH":"1","GM":"1","GH":"1","X5":"1"},"Q8":{"X2":"1","W3":"1","X3":"1","W2":"1","X4":"1"},"V9":{"45":"1","26":"1","46":"1","34":"1","33":"1"},"JV":{"7Q":"1","8P":"1","8Q":"1","7P":"1"},"R8":{"43":"1","22":"1","72":"1","63":"1","73":"1","54":"1","24":"1","62":"1","42":"1","33":"1","44":"1","74":"1","53":"1","32":"1","23":"1","52":"1"},"Q7":{"XW":"1","XQ":"1","VV":"1","XV":"1","XR":"1","XX":"1","WX":"1","WW":"1","WV":"1"}},"XJ":{"7W":{"R8":"1"}},"WC":{"7M":{"J4":"1"}},"PC":{"M6":{"VC":"1","VF":"1"}},"VF":{"CH":{"3H":"1"},"CJ":{"J6":"1","H5":"1","J4":"1","H6":"1","J5":"1"}},"H7":{"W9":{"87":"1"},"R4":{"XP":"1","WP":"1","WM":"1","XQ":"1","WQ":"1","XM":"1"},"V4":{"4G":"1","5H":"1","3G":"1","5G":"1","4H":"1"},"V7":{"QR":"1","PR":"1","QV":"1"},"X8":{"6Q":"1","6R":"1","5Q":"1","4W":"1","4R":"1","5R":"1","4V":"1","5P":"1","5V":"1","5W":"1","6P":"1"},"W5":{"HG":"1","HH":"1","GG":"1","HJ":"1","GJ":"1","GH":"1"},"RW":{"PM":"1"},"GX":{"C7":"1"},"CH":{"6J":"1","6M":"1","5M":"1","5J":"1"}},"H8":{"MC":{"PH":"1","PM":"1","MG":"1","RG":"1","RJ":"1","RH":"1","MF":"1","QJ":"1","QG":"1","QM":"1","PG":"1","PF":"1","PJ":"1","QF":"1","MH":"1","QH":"1"},"R7":{"9H":"1"},"R8":{"C4":"1","G4":"1","H4":"1","F6":"1","G5":"1","F5":"1","F4":"1"}},"99":{"38":{"XH":"1","XF":"1","P9":"1","P6":"1","RC":"1","R8":"1","XG":"1","RG":"1","Q9":"1","QF":"1","RF":"1","R7":"1","Q5":"1","VG":"1","Q7":"1","XJ":"1","WC":"1","P7":"1","PC":"1","VF":"1","WH":"1","QC":"1","WG":"1","R9":"1","W9":"1","Q8":"1","WF":"1","V8":"1","VC":"1","Q6":"1","P8":"1","R6":"1","V9":"1"},"48":{"2H":"1","9H":"1","9P":"1","CH":"1","2J":"1","7P":"1","CJ":"1","FH":"1"},"49":{"J7":"1","J8":"1"}},"J5":{"HW":{"H2":"1","G2":"1","G3":"1","H3":"1"},"FR":{"VX":"1","PX":"1","RX":"1","QW":"1","QX":"1","VW":"1","RW":"1","PW":"1"},"9V":{"CQ":"1","GP":"1","GW":"1","FW":"1","FV":"1","CW":"1","CP":"1","FP":"1","FQ":"1","HR":"1","GV":"1","CR":"1","FR":"1","GQ":"1","CV":"1","HV":"1","GR":"1"},"CR":{"VV":"1","VR":"1","RV":"1","MV":"1"},"CV":{"M4":"1","Q5":"1","P5":"1","P4":"1","J4":"1","M5":"1","J5":"1"},"HV":{"HW":"1","GW":"1","GX":"1","HX":"1"},"FV":{"Q2":"1","P2":"1","R2":"1","V2":"1"}},"VJ":{"RF":{"QV":"1"}},"QC":{"92":{"87":"1","88":"1","78":"1","77":"1"}},"J7":{"34":{"RH":"1","MJ":"1","QH":"1","VQ":"1","MM":"1","G9":"1","PQ":"1","RQ":"1","RJ":"1","RW":"1","PH":"1","QR":"1","PR":"1","QV":"1","MR":"1","VR":"1","PJ":"1","RR":"1","RP":"1","VV":"1","RM":"1","MV":"1","VJ":"1","RV":"1","QP":"1","PP":"1","VH":"1","MP":"1","QW":"1","QQ":"1","QJ":"1","WQ":"1","QM":"1","VP":"1","VM":"1","MQ":"1","PM":"1"},"43":{"7R":"1","FM":"1","57":"1","CM":"1","FP":"1","FQ":"1","69":"1","58":"1","FJ":"1","FR":"1","GQ":"1","8R":"1","2R":"1","GR":"1"},"X4":{"HM":"1","HR":"1","JR":"1","JV":"1","GM":"1","HV":"1"},"73":{"C3":"1","J2":"1","F2":"1","J4":"1","H2":"1","C4":"1","G4":"1","G2":"1","H4":"1","M2":"1","G3":"1","J3":"1","H3":"1","C2":"1","G5":"1","F4":"1","F3":"1"},"84":{"76":"1","66":"1","67":"1","77":"1"},"35":{"32":"1","FW":"1","43":"1","CW":"1","CV":"1","FV":"1","42":"1","33":"1"},"52":{"7R":"1","GP":"1","JQ":"1","FC":"1","GM":"1","HR":"1","9F":"1","CF":"1","GQ":"1","JP":"1","CC":"1","CG":"1","VP":"1","HQ":"1","9G":"1","9C":"1","HP":"1","6R":"1"},"55":{"H8":"1","H7":"1"},"26":{"GF":"1","FC":"1","86":"1","57":"1","J3":"1","GC":"1","G9":"1","F9":"1","82":"1","92":"1","F8":"1","G8":"1","FF":"1","74":"1","67":"1"},"64":{"3C":"1","29":"1","39":"1","2C":"1"},"33":{"62":"1","52":"1","72":"1"},"66":{"FW":"1","CV":"1","FV":"1"},"54":{"M7":"1","45":"1","FM":"1","CM":"1","P8":"1","38":"1","47":"1","28":"1","FP":"1","48":"1","FJ":"1","46":"1","27":"1","M8":"1","35":"1","P7":"1","M9":"1","37":"1","36":"1"},"25":{"X3":"1","MF":"1","P6":"1","MG":"1","V2":"1"},"42":{"FW":"1","CW":"1","CV":"1","FV":"1"},"45":{"4F":"1","72":"1","63":"1","73":"1","5F":"1","64":"1","84":"1","4C":"1","3F":"1","83":"1","82":"1","74":"1","3G":"1","5C":"1","5G":"1","4G":"1"},"44":{"FX":"1"},"82":{"WG":"1","WH":"1","VJ":"1","WJ":"1","VH":"1","M6":"1"},"46":{"GP":"1","Q6":"1","Q5":"1","GM":"1","HM":"1","R6":"1","R5":"1","HP":"1"},"69":{"J2":"1","M2":"1"},"56":{"CF":"1","9F":"1"},"23":{"J4":"1"},"83":{"CG":"1","95":"1","C5":"1","C9":"1","CF":"1","C6":"1","C7":"1","FC":"1","FG":"1","97":"1","CC":"1","99":"1","FF":"1","89":"1","C8":"1","96":"1","98":"1"},"57":{"XP":"1","WP":"1","WM":"1","XQ":"1","XM":"1"},"72":{"2V":"1","JV":"1","73":"1","FR":"1","CW":"1","HV":"1","JW":"1","HX":"1","MX":"1","FX":"1","HR":"1","GV":"1","GX":"1","FW":"1","JR":"1","33":"1","GW":"1","CV":"1","FV":"1","2W":"1","PW":"1","GR":"1","HQ":"1","MV":"1","GQ":"1","HW":"1","CX":"1","FQ":"1","JX":"1","CR":"1","PX":"1","MW":"1"},"22":{"CM":"1"},"68":{"MW":"1","JX":"1","MX":"1","PW":"1","QW":"1","JW":"1","QX":"1","PV":"1","MV":"1","PX":"1"},"32":{"7X":"1","6X":"1"},"62":{"XW":"1","76":"1","66":"1","75":"1","65":"1","XV":"1","67":"1","77":"1"}},"WG":{"WW":{"FQ":"1","CM":"1","CQ":"1","FR":"1","FP":"1","CP":"1","5J":"1"}},"R9":{"36":{"M2":"1"},"35":{"JX":"1","MX":"1"},"W4":{"6Q":"1","5Q":"1","5P":"1","6P":"1"}},"89":{"R3":{"PG":"1","QG":"1"}},"C8":{"RR":{"R9":"1","V8":"1","V9":"1","R8":"1"},"R8":{"8V":"1","7V":"1","7W":"1","7R":"1","8W":"1"}},"J4":{"73":{"45":"1","44":"1"},"PX":{"C5":"1"},"72":{"FG":"1","FF":"1","GG":"1","F4":"1","F3":"1"}},"W9":{"C5":{"QQ":"1"},"8R":{"2Q":"1"}},"Q8":{"P2":{"7P":"1","6M":"1","7M":"1","6P":"1"},"FC":{"44":"1","34":"1"},"P3":{"85":"1"},"9C":{"HH":"1","9G":"1","CG":"1","MJ":"1","9J":"1","7F":"1","HF":"1","8P":"1","4J":"1","MM":"1","FR":"1","9M":"1","HP":"1","4P":"1","GJ":"1","4M":"1","5J":"1","PG":"1","8R":"1","9H":"1","HG":"1","JF":"1","6M":"1","PF":"1","GC":"1","7M":"1","6G":"1","GF":"1","CF":"1","6P":"1","6H":"1","4Q":"1","FH":"1","8Q":"1","MG":"1","9C":"1","HR":"1","JM":"1","MF":"1","4H":"1","CQ":"1","PH":"1","FM":"1","GV":"1","7J":"1","JQ":"1","6J":"1","8J":"1","GH":"1","6Q":"1","FC":"1","JR":"1","HJ":"1","FG":"1","7P":"1","CM":"1","JH":"1","FJ":"1","FV":"1","HC":"1","9R":"1","PJ":"1","CC":"1","5P":"1","GG":"1","HQ":"1","GR":"1","8H":"1","8G":"1","5Q":"1","9P":"1","7G":"1","CJ":"1","5H":"1","7H":"1","GQ":"1","8F":"1","FF":"1","9Q":"1","9F":"1","7Q":"1","8C":"1","MC":"1","7R":"1","GM":"1","MP":"1","FQ":"1","FP":"1","MH":"1","HM":"1","CP":"1","JP":"1","JJ":"1","8M":"1","GP":"1","JG":"1","CH":"1","MQ":"1","CR":"1","5M":"1","JC":"1"},"7G":{"5X":"1","5W":"1"}},"WF":{"P7":{"FG":"1","FF":"1","GG":"1","GF":"1"}},"VH":{"5F":{"XW":"1","XV":"1","XR":"1","XX":"1","WV":"1"},"3Q":{"FC":"1","F8":"1","CC":"1","F4":"1"},"59":{"73":"1","62":"1","63":"1","72":"1"},"4P":{"64":"1","57":"1","36":"1","32":"1","62":"1","37":"1","75":"1","45":"1","65":"1","74":"1","85":"1","53":"1","84":"1","44":"1","52":"1","3H":"1","54":"1","43":"1","35":"1","46":"1","34":"1","56":"1","55":"1","47":"1","4H":"1","63":"1","42":"1","33":"1"},"6G":{"32":"1","22":"1"},"3P":{"QR":"1","RR":"1","RX":"1","RW":"1","VV":"1","VX":"1","RV":"1","QV":"1","VW":"1"},"9H":{"9R":"1"},"6F":{"3V":"1","2W":"1","2R":"1","2V":"1","2X":"1","3X":"1","3W":"1"},"3J":{"FQ":"1","GQ":"1","FR":"1","FP":"1","GR":"1"},"4M":{"4W":"1","6X":"1","3X":"1","5X":"1","7W":"1","3W":"1","5W":"1","4X":"1","6W":"1"},"6J":{"G7":"1","F7":"1","F8":"1","G8":"1"},"C5":{"JH":"1"}},"P5":{"7W":{"88":"1"},"MG":{"4J":"1","4M":"1","5M":"1","5J":"1"}},"WJ":{"HW":{"87":"1"},"3C":{"MW":"1","JX":"1","MX":"1","JW":"1","JV":"1","MV":"1"},"GV":{"VG":"1","RG":"1","RF":"1"},"WR":{"HF":"1","JG":"1","3H":"1","3G":"1","HG":"1"},"HV":{"6R":"1","5Q":"1","4R":"1","5R":"1","4Q":"1","9Q":"1"}},"VC":{"QJ":{"6C":"1","9G":"1","CG":"1","49":"1","9J":"1","7F":"1","9H":"1","5F":"1","5C":"1","9C":"1","7C":"1","59":"1","4F":"1","8H":"1","8G":"1","7G":"1","CJ":"1","7H":"1","8F":"1","9F":"1","8C":"1","CH":"1","4C":"1"},"CX":{"QF":"1"},"QH":{"9G":"1","7F":"1","79":"1","6G":"1","6H":"1","9C":"1","7C":"1","7J":"1","8H":"1","8G":"1","7G":"1","7H":"1","8F":"1","89":"1","9F":"1","8C":"1","88":"1"},"CW":{"VW":"1"},"PJ":{"X6":"1","X7":"1","W7":"1","W6":"1"}},"W5":{"C9":{"VH":"1"}},"P4":{"WV":{"WP":"1","VP":"1","WM":"1","RP":"1","VM":"1","RM":"1"}},"Q6":{"FR":{"VV":"1"}},"J9":{"5H":{"CX":"1"},"5W":{"6H":"1","6G":"1"},"5J":{"F2":"1","GP":"1","FP":"1","C2":"1"},"4X":{"7C":"1","8C":"1"}},"P8":{"29":{"3V":"1","4V":"1"}},"M7":{"JP":{"36":"1","34":"1","43":"1","95":"1","73":"1","C5":"1","53":"1","C3":"1","65":"1","86":"1","92":"1","87":"1","84":"1","C6":"1","35":"1","52":"1","55":"1","C7":"1","26":"1","24":"1","63":"1","64":"1","97":"1","C2":"1","C4":"1","66":"1","54":"1","25":"1","85":"1","42":"1","77":"1","76":"1","45":"1","67":"1","44":"1","46":"1","82":"1","C8":"1","75":"1","96":"1","56":"1","83":"1","57":"1","72":"1","94":"1","93":"1","47":"1","98":"1","74":"1","62":"1"},"CX":{"WW":"1"},"JM":{"6X":"1","5X":"1","4X":"1"},"JC":{"M4":"1","C3":"1","Q4":"1","94":"1","C4":"1","93":"1","M3":"1"},"J9":{"FX":"1"}}}}