{"index":{"university,1|retail,2|tourism,3|wreck,4|historical,5|artsCulture,6|namedBuilding,7|water,8|wetland,9|park,10|beach,11|natureReserve,12|cemetery,13|trail,14":{}},"4V":{"6C":{"XM":{"87":"1","95":"1"}},"9J":{"6H":{"G3":"1"}},"9H":{"VV":{"P6":"1","P7":"1"}},"5F":{"PP":{"5J":"1","7M":"1","7H":"1","7G":"1","6G":"1","6H":"1","7J":"1","5H":"1","6J":"1","5G":"1"}},"5C":{"H9":{"P5":"1","P4":"1","P3":"1"},"VW":{"VC":"1","VF":"1"}},"6G":{"4G":{"X9":"1","M7":"1","VC":"1","H7":"1","H9":"1","J9":"1","H6":"1","P9":"1","JC":"1","P8":"1","R9":"1","J4":"1","M6":"1","P5":"1","WF":"1","WC":"1","J7":"1","VF":"1","R7":"1","M5":"1","J6":"1","H8":"1","H5":"1","M8":"1","MC":"1","R8":"1","J8":"1","X8":"1","Q7":"1","JF":"1","P7":"1","M9":"1","VG":"1","P6":"1","J5":"1","H4":"1","Q8":"1"},"WX":{"4G":"1","4F":"1","3G":"1","3F":"1"},"5J":{"CR":"1"}},"HR":{"83":{"6G":"1"},"R6":{"MW":"1","PW":"1","MR":"1","JR":"1","JV":"1","PV":"1","MV":"1"},"R7":{"7F":"1","7C":"1","79":"1"},"V6":{"7V":"1","7R":"1"}},"6F":{"X6":{"36":"1","35":"1"},"XM":{"7J":"1","6J":"1","6M":"1","7M":"1","6P":"1"}},"CQ":{"XJ":{"VQ":"1","XQ":"1","VV":"1","XR":"1","WQ":"1","VR":"1","WR":"1","WV":"1"},"V2":{"4P":"1","4G":"1","9X":"1","9W":"1","5H":"1","8X":"1","4J":"1","4M":"1","5M":"1","5G":"1","5J":"1","4H":"1","8W":"1"}},"GV":{"XC":{"89":"1"}},"JQ":{"57":{"FQ":"1","GQ":"1","FR":"1","GR":"1"},"66":{"RJ":"1","QJ":"1","VJ":"1","QH":"1","RM":"1","QM":"1","RH":"1"},"68":{"98":"1","89":"1","99":"1","5F":"1","59":"1","77":"1","66":"1","7C":"1","69":"1","58":"1","68":"1","92":"1","7F":"1","C2":"1","6F":"1","76":"1","79":"1","88":"1","87":"1","78":"1","5C":"1","8C":"1","6C":"1","67":"1"},"C4":{"HW":"1","HX":"1"},"67":{"7X":"1","5J":"1","6G":"1","6H":"1","7J":"1","9X":"1","5H":"1","CX":"1","6M":"1","6J":"1"}},"8J":{"FG":{"7R":"1"},"FM":{"36":"1","26":"1","27":"1"},"GG":{"8J":"1","8H":"1"},"CM":{"X7":"1"},"GH":{"6P":"1"},"9F":{"59":"1","29":"1","26":"1","4C":"1","38":"1","47":"1","48":"1","58":"1","46":"1","49":"1","35":"1","39":"1","37":"1","5C":"1","36":"1"},"FJ":{"8J":"1","7V":"1","6V":"1","7W":"1","7R":"1","8G":"1","6W":"1"},"FH":{"HH":"1","HF":"1","H9":"1","HP":"1","GJ":"1","HG":"1","G9":"1","GC":"1","GF":"1","FH":"1","FM":"1","GH":"1","HJ":"1","FG":"1","CM":"1","FJ":"1","JH":"1","HC":"1","GG":"1","HQ":"1","H8":"1","GQ":"1","FF":"1","J8":"1","GM":"1","FQ":"1","G8":"1","FP":"1","HM":"1","CP":"1","GP":"1"}},"JR":{"76":{"MR":"1","MQ":"1","JR":"1","JQ":"1"},"75":{"83":"1","92":"1","82":"1","93":"1"},"74":{"9X":"1","9W":"1","V7":"1","8X":"1","8W":"1"},"85":{"88":"1","78":"1"},"84":{"8P":"1"},"2X":{"GF":"1","VR":"1","GC":"1","HC":"1","QR":"1","RQ":"1","QQ":"1","RR":"1","HF":"1","VQ":"1"}},"CM":{"PW":{"Q9":"1","P9":"1","QC":"1","PC":"1"},"FX":{"X9":"1","W9":"1","XC":"1","W8":"1","WC":"1"},"P7":{"FQ":"1","GQ":"1","FR":"1","GP":"1","FP":"1","GR":"1"}},"GR":{"FW":{"P3":"1","M3":"1"},"FR":{"3Q":"1","4R":"1","4Q":"1","3R":"1","2Q":"1","3P":"1","2P":"1"}},"HQ":{"R6":{"66":"1"},"X8":{"X8":"1","X7":"1","W8":"1","W7":"1"},"QV":{"JF":"1","MF":"1","CF":"1"},"PV":{"FV":"1"}},"8H":{"4P":{"4Q":"1"}},"GQ":{"5F":{"2W":"1"},"4F":{"XW":"1"},"33":{"94":"1","84":"1"}},"PP":{"78":{"X9":"1","98":"1","W8":"1","43":"1","45":"1","63":"1","54":"1","W9":"1","64":"1","55":"1","44":"1","53":"1","97":"1","C7":"1","52":"1"}},"MP":{"7P":{"72":"1","73":"1","84":"1","93":"1","83":"1","82":"1","MX":"1","92":"1","C2":"1","85":"1","94":"1"},"4R":{"GQ":"1","36":"1","HR":"1","26":"1","GR":"1"},"4P":{"H4":"1","G4":"1","95":"1","C5":"1","F6":"1","C3":"1","GC":"1","G9":"1","GF":"1","84":"1","C6":"1","RJ":"1","F4":"1","HC":"1","C4":"1","G5":"1","85":"1","G6":"1","F3":"1","F5":"1","96":"1","83":"1","H5":"1","94":"1","93":"1"},"7M":{"3V":"1","8V":"1","9X":"1","FW":"1","2V":"1","7V":"1","9V":"1","6V":"1","8X":"1","7W":"1","7R":"1","8W":"1","FV":"1","8R":"1"},"4Q":{"4X":"1","XF":"1","W6":"1","WR":"1","P9":"1","VQ":"1","R8":"1","X9":"1","79":"1","3X":"1","5F":"1","R2":"1","V6":"1","Q9":"1","MG":"1","F2":"1","MF":"1","W8":"1","5G":"1","R7":"1","V7":"1","X7":"1","WC":"1","VR":"1","W7":"1","4F":"1","PC":"1","G6":"1","4G":"1","99":"1","F3":"1","X8":"1","QC":"1","R9":"1","89":"1","W9":"1","Q8":"1","MC":"1","WF":"1","V8":"1","XC":"1","WQ":"1","88":"1","98":"1","P8":"1","V9":"1"},"2V":{"3F":"1","9J":"1","P9":"1","RC":"1","9M":"1","7M":"1","RG":"1","Q9":"1","VG":"1","7J":"1","8J":"1","3G":"1","WC":"1","PC":"1","VF":"1","8H":"1","4G":"1","5H":"1","7H":"1","QC":"1","WG":"1","W9":"1","WF":"1","VC":"1","8M":"1","V9":"1"},"6Q":{"32":"1","26":"1","25":"1","35":"1","34":"1","24":"1","33":"1"},"3P":{"WR":"1"},"2Q":{"HG":"1","CR":"1","QX":"1","CV":"1","2Q":"1"},"4J":{"RJ":"1","CM":"1","RP":"1","RM":"1","QM":"1"},"6P":{"4X":"1"},"3R":{"W5":"1","V5":"1"},"5Q":{"28":"1","3C":"1","29":"1","39":"1","44":"1","2C":"1","49":"1","2F":"1"},"2R":{"Q2":"1","Q3":"1","RP":"1","J3":"1","H3":"1"},"PQ":{"JX":"1","JW":"1"},"3M":{"VR":"1","WR":"1"}},"FQ":{"64":{"XP":"1","XQ":"1","XM":"1"},"2M":{"W3":"1","W4":"1"},"74":{"2M":"1","2P":"1"},"JJ":{"GH":"1","JJ":"1","4H":"1","7V":"1","88":"1","7C":"1","HH":"1","59":"1","5H":"1","8C":"1","77":"1","7G":"1","7F":"1","5R":"1","67":"1","6H":"1","6F":"1","87":"1","89":"1","F9":"1","98":"1","5C":"1","HJ":"1","X7":"1","GJ":"1","5V":"1","6Q":"1","6P":"1","5G":"1","4G":"1","W7":"1","99":"1","6C":"1","79":"1","6G":"1","6R":"1","4J":"1","X6":"1","W6":"1","JH":"1","5F":"1","78":"1","58":"1","5Q":"1","4F":"1","69":"1","6V":"1","7R":"1","68":"1"}},"CP":{"VR":{"FQ":"1","CQ":"1","GP":"1","FP":"1"},"MQ":{"28":"1","XG":"1","WG":"1","RJ":"1","WH":"1","WF":"1","XF":"1","27":"1","XH":"1"},"VV":{"J6":"1","H5":"1","H6":"1","J7":"1","G4":"1","H4":"1","G5":"1","J5":"1","H7":"1"},"MR":{"RC":"1"},"QV":{"FM":"1","G7":"1","GP":"1","FJ":"1","GJ":"1","GM":"1","G8":"1"},"QW":{"JM":"1","JH":"1","JJ":"1","MJ":"1"},"PQ":{"89":"1","2G":"1","59":"1","2H":"1","48":"1","7C":"1","69":"1","58":"1","68":"1","9H":"1","7F":"1","49":"1","79":"1","CG":"1","78":"1","3G":"1","5C":"1","8C":"1","6C":"1","CH":"1"},"HV":{"VC":"1","RC":"1","VF":"1","RF":"1"}},"JP":{"XW":{"2J":"1"},"RR":{"M4":"1","P5":"1","P4":"1","M5":"1"},"XV":{"VG":"1","VF":"1","5M":"1","5J":"1","RG":"1","RF":"1"},"XX":{"8P":"1","9P":"1","8Q":"1","7P":"1","9G":"1","7M":"1","8M":"1"},"WW":{"XJ":"1"}},"GP":{"W3":{"RQ":"1","QQ":"1","QR":"1","RR":"1","PQ":"1","PR":"1"},"W2":{"HM":"1","HP":"1","GP":"1","GM":"1"}},"PM":{"V7":{"M8":"1","J8":"1","M9":"1","J9":"1"},"QX":{"J4":"1","H4":"1","J3":"1","H3":"1"}}}}