{"index":{"university,1|retail,2|tourism,3|wreck,4|historical,5|artsCulture,6|namedBuilding,7|water,8|wetland,9|park,10|beach,11|natureReserve,12|cemetery,13|trail,14":{}},"52":{"R5":{"MR":{"P4":"1"}},"C6":{"RQ":{"7J":"1","8J":"1","7H":"1","8H":"1"},"VR":{"73":"1","63":"1","72":"1"}},"RC":{"57":{"23":"1","22":"1"},"46":{"Q6":"1","Q5":"1","P5":"1","Q4":"1","XX":"1","R4":"1","R3":"1","Q3":"1","WX":"1","P4":"1","R6":"1","R5":"1"},"56":{"2X":"1","3X":"1"},"55":{"XH":"1"},"47":{"X2":"1","X3":"1","W2":"1"}},"QF":{"M7":{"H5":"1","G4":"1","H4":"1","G5":"1"}}}}