{"index":{"university,1|retail,2|tourism,3|wreck,4|historical,5|artsCulture,6|namedBuilding,7|water,8|wetland,9|park,10|beach,11|natureReserve,12|cemetery,13|trail,14":{}},"53":{"JG":{"99":{"8V":"1","7W":"1","8W":"1"},"FC":{"7Q":"1","CX":"1","8Q":"1","3X":"1","CW":"1"},"7P":{"72":"1"},"F5":{"97":"1","98":"1"},"7C":{"8C":"1"},"C9":{"CQ":"1","FW":"1","FV":"1","CW":"1","FQ":"1","HR":"1","GV":"1","CR":"1","FR":"1","CV":"1","GR":"1"},"FH":{"QG":"1"},"CC":{"JP":"1","JQ":"1"},"FF":{"75":"1","85":"1"}},"9C":{"GM":{"W7":"1"}},"C2":{"Q6":{"RG":"1","VH":"1","RH":"1"},"Q7":{"7C":"1","6C":"1"}},"8G":{"MG":{"4R":"1","3R":"1"}}}}