{"57":{"V5":{"X5":{"MC":"1","MF":"1","RC":"1","QC":"1","W4":"1","V4":"1"},"W2":{"8X":"1","CW":"1","HP":"1","HX":"1","3X":"1","86":"1","PQ":"1","7V":"1","8V":"1","JM":"1","9V":"1","PR":"1","7J":"1","63":"1","GX":"1","7W":"1","8J":"1","HJ":"1","GW":"1","97":"1","7X":"1","C2":"1","8H":"1","8G":"1","7H":"1","HW":"1","CX":"1","9W":"1","96":"1","GM":"1","8W":"1","HM":"1","9X":"1","2X":"1","JJ":"1","MW":"1"},"R2":{"G4":"1","XH":"1","XF":"1","W6":"1","JV":"1","C5":"1","F6":"1","JW":"1","C3":"1","J2":"1","PG":"1","3X":"1","PF":"1","Q9":"1","C6":"1","MG":"1","F2":"1","MF":"1","4H":"1","QR":"1","F4":"1","3G":"1","3H":"1","C4":"1","G5":"1","PC":"1","G6":"1","X6":"1","VV":"1","X2":"1","F3":"1","67":"1","F5":"1","R9":"1","82":"1","57":"1","72":"1","MH":"1","93":"1","74":"1","V9":"1","62":"1"},"X4":{"M5":"1"},"Q2":{"HF":"1","GC":"1","JC":"1","HC":"1","GF":"1"},"W3":{"C5":"1","82":"1","93":"1","44":"1","F4":"1","H5":"1","F7":"1","G5":"1","35":"1","C3":"1","F8":"1","W5":"1","Q5":"1","34":"1","24":"1","54":"1","94":"1","96":"1","95":"1","32":"1","G2":"1","25":"1","76":"1","75":"1","87":"1","92":"1","86":"1","33":"1","C6":"1","73":"1","R4":"1","65":"1","84":"1","43":"1","64":"1","72":"1","C2":"1","63":"1","74":"1","97":"1","H4":"1","G4":"1","53":"1","C4":"1","8R":"1","22":"1","F5":"1","62":"1","R5":"1","83":"1","52":"1","7R":"1","85":"1"},"Q4":{"7J":"1","6Q":"1","7Q":"1","7P":"1","5P":"1","6M":"1","FP":"1","7M":"1","8M":"1","6P":"1"},"V3":{"32":"1","X2":"1","W3":"1","39":"1","W2":"1","X4":"1","42":"1"},"J6":{"7F":"1","8F":"1","7C":"1","8C":"1"},"4W":{"MX":"1"},"R3":{"83":"1","73":"1","57":"1","G7":"1","85":"1","3H":"1","M2":"1","67":"1","47":"1","58":"1"},"Q3":{"FV":"1","P9":"1","PC":"1","P8":"1","RV":"1","GV":"1","HR":"1","MC":"1","HM":"1","J8":"1","X8":"1","Q7":"1","Q9":"1","M9":"1","HV":"1","P6":"1","94":"1"},"2J":{"97":"1"},"V5":{"VC":"1","RC":"1"},"V4":{"RJ":"1","RH":"1"},"X2":{"RM":"1","5W":"1","45":"1","5X":"1","56":"1","P8":"1","3W":"1","RP":"1","4W":"1","55":"1","46":"1","3X":"1","44":"1","QM":"1","J8":"1","4J":"1","32":"1","4X":"1","3J":"1","4M":"1","3M":"1"},"P4":{"GJ":"1"},"X3":{"GQ":"1","GP":"1","PH":"1","CF":"1","J3":"1","QH":"1","QG":"1","GR":"1"},"VQ":{"5F":"1","5C":"1"},"V2":{"36":"1","XH":"1","WR":"1","HF":"1","VQ":"1","GC":"1","XG":"1","GF":"1","VW":"1","9C":"1","WV":"1","4H":"1","2H":"1","Q5":"1","WW":"1","WM":"1","2J":"1","M3":"1","VR":"1","3H":"1","HC":"1","C2":"1","27":"1","WP":"1","42":"1","5Q":"1","VV":"1","4G":"1","99":"1","M2":"1","37":"1","46":"1","89":"1","8C":"1","Q8":"1","WQ":"1","VP":"1","JG":"1"},"6C":{"CV":"1"}},"PG":{"Q6":{"XJ":"1","XH":"1"},"R6":{"2H":"1","2J":"1"},"87":{"HW":"1"},"42":{"J2":"1","H2":"1","F3":"1"}},"4F":{"JM":{"M7":"1","7P":"1","6Q":"1","Q2":"1","P3":"1","R7":"1","Q3":"1","R8":"1","Q7":"1","6P":"1","P2":"1","Q8":"1"},"V4":{"52":"1"},"JJ":{"VX":"1","PX":"1","RX":"1","QW":"1","QX":"1","VW":"1","RW":"1"},"MJ":{"4P":"1","4M":"1"}},"8W":{"44":{"2X":"1"}},"V9":{"93":{"7G":"1"},"47":{"XW":"1"}},"V7":{"62":{"FQ":"1","GQ":"1","CQ":"1","C4":"1","FR":"1","FP":"1","CR":"1","CP":"1","C5":"1","F5":"1","F4":"1"},"J4":{"2H":"1"}},"M9":{"MQ":{"9R":"1","FM":"1","8V":"1","8Q":"1","9V":"1","FJ":"1","GJ":"1","GM":"1","8R":"1"},"JR":{"R6":"1","V5":"1"}},"W6":{"H8":{"M9":"1","F5":"1"},"Q5":{"23":"1"},"P5":{"X3":"1"},"J8":{"85":"1"},"5J":{"83":"1","73":"1","74":"1","85":"1","84":"1"},"R2":{"J3":"1","H3":"1"},"6G":{"94":"1","85":"1","84":"1","95":"1","79":"1","78":"1"},"H7":{"MR":"1"}},"CR":{"PG":{"PF":"1","QC":"1","QF":"1","PC":"1"},"49":{"FM":"1","GM":"1"}},"5P":{"7P":{"8Q":"1"},"5P":{"X2":"1","MW":"1","P5":"1","MF":"1","MV":"1","6G":"1"},"6Q":{"FR":"1"},"5M":{"XX":"1"},"6P":{"32":"1","22":"1","3R":"1"},"5Q":{"6C":"1","9G":"1","R5":"1","49":"1","8P":"1","C5":"1","9H":"1","5F":"1","5C":"1","6R":"1","MX":"1","Q5":"1","58":"1","48":"1","6Q":"1","7P":"1","59":"1","5X":"1","4F":"1","5Q":"1","F5":"1","69":"1","7Q":"1","5R":"1","57":"1","68":"1","47":"1","MW":"1","4C":"1"},"6M":{"3M":"1","FG":"1","2X":"1","3X":"1"},"5R":{"98":"1","72":"1","63":"1","J2":"1","88":"1","M2":"1","87":"1","78":"1","52":"1","36":"1"}},"X5":{"8P":{"JX":"1","MX":"1","PW":"1","JW":"1","PX":"1"}},"WH":{"X6":{"9R":"1","8V":"1","7Q":"1","8Q":"1","7R":"1","8R":"1"}},"6R":{"9P":{"PQ":"1"}},"3R":{"Q2":{"4X":"1"},"GW":{"CM":"1"},"86":{"W6":"1"}},"3Q":{"MR":{"X5":"1"},"PR":{"28":"1"}},"4W":{"MP":{"G9":"1"},"QR":{"P4":"1","MH":"1"},"WW":{"3H":"1","56":"1"}},"QJ":{"HF":{"76":"1","85":"1","86":"1"}},"3F":{"C6":{"FM":"1","FJ":"1","GJ":"1"}},"XW":{"42":{"8J":"1","9H":"1","9M":"1","8M":"1","9J":"1"}},"MP":{"7V":{"P2":"1"}},"XV":{"7P":{"PH":"1","QH":"1"}},"RC":{"89":{"6W":"1"},"MC":{"J3":"1"},"65":{"M4":"1","P5":"1","P4":"1"},"F2":{"GP":"1","JQ":"1","JC":"1","HR":"1","GV":"1","CF":"1","FJ":"1","GQ":"1","HM":"1","CG":"1","HQ":"1","9G":"1","JR":"1","HP":"1","HV":"1","GR":"1","JM":"1"},"C4":{"XP":"1","XG":"1","WG":"1","WM":"1","WF":"1","XF":"1","XM":"1"},"M2":{"9X":"1","JX":"1"},"G3":{"CG":"1"},"C5":{"Q4":"1","Q3":"1","Q5":"1","P5":"1"},"F3":{"83":"1","7F":"1","8F":"1","MR":"1","93":"1","7W":"1","7G":"1","8G":"1","6W":"1","F3":"1"}},"CQ":{"F7":{"98":"1","8F":"1","89":"1","4H":"1","2G":"1","5J":"1","7G":"1","2H":"1","48":"1","68":"1","3H":"1","2J":"1","4J":"1","5H":"1","78":"1","97":"1","3J":"1","3G":"1","4G":"1"},"FR":{"9H":"1","9G":"1"},"C7":{"XJ":"1","XH":"1"}},"GR":{"HF":{"HF":"1"},"46":{"4R":"1","4V":"1","3R":"1"},"47":{"34":"1"}},"PC":{"99":{"5W":"1","6W":"1"}},"Q9":{"MV":{"CJ":"1"}},"HM":{"GC":{"MH":"1"},"HC":{"HG":"1","GG":"1","F5":"1","HH":"1","PQ":"1","PP":"1","C5":"1"}},"WM":{"XW":{"XV":"1","XR":"1","WQ":"1","WR":"1","WV":"1"}},"GQ":{"VM":{"JF":"1","MC":"1","M8":"1","P9":"1","M9":"1","PC":"1"},"RG":{"7Q":"1","8Q":"1","8R":"1"}},"FM":{"G5":{"V7":"1","MH":"1","R7":"1","V8":"1","PJ":"1","MM":"1","MJ":"1","R8":"1"}},"8Q":{"QP":{"4G":"1"},"MQ":{"HF":"1","GF":"1"}},"9H":{"H3":{"2H":"1","3C":"1","2C":"1"}},"P7":{"4Q":{"R3":"1","R4":"1"}},"CJ":{"RR":{"VP":"1","VM":"1"},"5M":{"85":"1"}},"X4":{"WV":{"H5":"1"}},"QQ":{"64":{"26":"1","23":"1","25":"1","22":"1","27":"1","24":"1"},"53":{"FX":"1","VX":"1","7M":"1","PX":"1","8J":"1","XX":"1","9X":"1","WX":"1","7V":"1","RX":"1","CX":"1","QX":"1"},"54":{"R5":"1","W6":"1","W3":"1","Q4":"1","X4":"1","F6":"1","R2":"1","V6":"1","V3":"1","W2":"1","C6":"1","R3":"1","P3":"1","F2":"1","V5":"1","Q5":"1","Q2":"1","M3":"1","X3":"1","X7":"1","C2":"1","W7":"1","V2":"1","P2":"1","Q3":"1","X6":"1","X2":"1","W4":"1","P5":"1","W5":"1","P4":"1","V4":"1","R4":"1","Q6":"1","X5":"1","R6":"1"}},"VX":{"7V":{"9H":"1","CH":"1","FX":"1","CJ":"1","CG":"1","9G":"1","FH":"1"},"6V":{"X6":"1","X4":"1","W5":"1","W4":"1","W6":"1","X5":"1"},"7W":{"F2":"1","G4":"1","G3":"1","F4":"1","F3":"1"},"7R":{"JX":"1"},"6W":{"J2":"1","J3":"1","H3":"1"}},"MH":{"FR":{"CW":"1","HV":"1","HX":"1","5J":"1","VW":"1","FX":"1","CQ":"1","63":"1","64":"1","GX":"1","FW":"1","WP":"1","PW":"1","GR":"1","RM":"1","CX":"1","QP":"1","VM":"1","VP":"1","CR":"1"},"HG":{"XF":"1"},"6R":{"HH":"1"},"8V":{"64":"1","75":"1","65":"1","74":"1","85":"1","84":"1"},"W8":{"X7":"1"},"FM":{"GQ":"1","HR":"1","GV":"1","FR":"1","GR":"1","FV":"1"},"GV":{"29":"1","4G":"1","92":"1","75":"1","3M":"1","F2":"1","7H":"1","54":"1","3G":"1","2J":"1","FJ":"1","GJ":"1","27":"1","55":"1","5G":"1","C2":"1","2P":"1","3P":"1"},"FW":{"G4":"1","8P":"1","53":"1","79":"1","6M":"1","86":"1","C9":"1","87":"1","6R":"1","7M":"1","6P":"1","6H":"1","7J":"1","63":"1","F9":"1","6J":"1","6Q":"1","F4":"1","F8":"1","7P":"1","G5":"1","77":"1","5Q":"1","99":"1","7H":"1","F5":"1","89":"1","C8":"1","7Q":"1","7R":"1","8M":"1"},"CV":{"FC":"1","GC":"1","FF":"1","GF":"1"},"FV":{"RH":"1","MJ":"1","W6":"1","RC":"1","HP":"1","R8":"1","RG":"1","Q9":"1","RF":"1","QG":"1","JM":"1","RJ":"1","X7":"1","WC":"1","PC":"1","VF":"1","HQ":"1","G6":"1","WH":"1","X8":"1","VJ":"1","GQ":"1","QC":"1","WG":"1","R9":"1","W9":"1","VH":"1","V8":"1","WJ":"1","VC":"1","JP":"1","GP":"1","V9":"1"},"9R":{"X2":"1"},"GR":{"GW":"1","FW":"1","FX":"1","54":"1","65":"1","64":"1","75":"1","9X":"1","44":"1","74":"1","6P":"1","5V":"1","CX":"1","GX":"1","5R":"1","HX":"1"},"9P":{"25":"1","35":"1","34":"1"},"X8":{"37":"1","45":"1","26":"1","46":"1","27":"1"},"GQ":{"9R":"1","CQ":"1","CR":"1","9Q":"1"},"QC":{"H8":"1","H9":"1","J8":"1","JC":"1","J9":"1"},"C8":{"P9":"1","PC":"1","JC":"1","HC":"1","MC":"1","PF":"1","JG":"1","JF":"1","M9":"1","HF":"1"},"FQ":{"M8":"1","HR":"1","GV":"1","J8":"1","HV":"1"},"GP":{"FJ":"1","JV":"1"},"JG":{"2H":"1","2G":"1"},"CR":{"C3":"1","F2":"1","C2":"1","F3":"1"}},"JC":{"9M":{"56":"1","X5":"1"},"8M":{"R9":"1","V8":"1","V9":"1","R8":"1"}},"JJ":{"FQ":{"57":"1"},"2V":{"VW":"1","46":"1","WV":"1","VM":"1","7J":"1","35":"1","37":"1","XV":"1","JP":"1","57":"1","FP":"1","77":"1","36":"1","76":"1","75":"1","MV":"1","67":"1","GP":"1","MR":"1","RH":"1","55":"1","65":"1","XM":"1","HM":"1","MQ":"1","PR":"1","56":"1","47":"1","WW":"1","JQ":"1","66":"1","GQ":"1","RM":"1","FQ":"1","45":"1","RJ":"1","WR":"1","VJ":"1","78":"1","PV":"1","VH":"1","85":"1","68":"1"},"J8":{"G7":"1","F7":"1","C8":"1","G6":"1","F6":"1","F8":"1","G8":"1"},"P3":{"Q2":"1","Q3":"1","R3":"1","R2":"1"}},"PJ":{"5C":{"7R":"1"}},"MC":{"H9":{"2X":"1"},"JF":{"FW":"1","72":"1","73":"1","57":"1","62":"1","29":"1","26":"1","3F":"1","38":"1","28":"1","75":"1","68":"1","39":"1","85":"1","37":"1","2F":"1","67":"1"},"MC":{"2Q":"1"},"HF":{"HH":"1","XH":"1","G2":"1","R5":"1","RH":"1","XF":"1","9J":"1","RC":"1","HP":"1","PG":"1","HG":"1","PF":"1","V3":"1","XG":"1","H3":"1","RF":"1","QG":"1","RJ":"1","V5":"1","VG":"1","Q7":"1","GH":"1","G3":"1","WC":"1","P7":"1","V2":"1","PC":"1","GG":"1","VF":"1","X6":"1","CJ":"1","WH":"1","VJ":"1","QC":"1","WG":"1","W9":"1","Q8":"1","WF":"1","VH":"1","WJ":"1","VC":"1","W5":"1","X5":"1","P8":"1","R6":"1","V9":"1","M7":"1","H2":"1"},"H5":{"GH":"1"},"HG":{"Q3":"1","H4":"1","V3":"1"},"JC":{"XP":"1","XQ":"1","FJ":"1"},"GG":{"M4":"1","P5":"1","P4":"1","M5":"1"},"HC":{"62":"1","GV":"1","VV":"1","VX":"1","22":"1","GR":"1"}},"JM":{"JQ":{"Q6":"1","2M":"1","4W":"1","2J":"1","P6":"1","4X":"1","6G":"1","P7":"1","Q7":"1"},"FW":{"7R":"1","9V":"1","6Q":"1","9Q":"1","8Q":"1","7Q":"1","8R":"1","7V":"1","8V":"1","9R":"1","6R":"1","6V":"1"},"MQ":{"8F":"1","CF":"1","CG":"1","9G":"1","8G":"1","9F":"1"},"MP":{"H9":"1","2V":"1"},"GV":{"X9":"1","W8":"1","XC":"1","X5":"1","W7":"1","W9":"1","X7":"1","X6":"1","X4":"1","WC":"1","X8":"1"},"HR":{"WQ":"1","RC":"1","PV":"1"},"MR":{"2W":"1","2V":"1","43":"1"},"9X":{"PG":"1","HG":"1","HH":"1"},"JP":{"8G":"1","86":"1","3Q":"1","4R":"1","XV":"1","9H":"1","2Q":"1","C6":"1","95":"1","96":"1","3R":"1","9G":"1","2R":"1","8H":"1","85":"1","4V":"1"},"JV":{"34":"1","H4":"1","G4":"1","43":"1","H9":"1","73":"1","53":"1","G7":"1","9M":"1","C3":"1","65":"1","GC":"1","G9":"1","52":"1","64":"1","33":"1","F8":"1","HC":"1","C2":"1","54":"1","G5":"1","F7":"1","H7":"1","42":"1","45":"1","44":"1","G8":"1","H5":"1","72":"1","22":"1","32":"1","62":"1"},"JR":{"8X":"1","XV":"1","4J":"1","FR":"1","XW":"1","4M":"1","8R":"1","7V":"1","5V":"1","8V":"1","4Q":"1","VW":"1","4R":"1","CQ":"1","9V":"1","JQ":"1","5W":"1","7W":"1","GH":"1","JR":"1","4V":"1","F8":"1","GW":"1","FV":"1","7X":"1","3V":"1","HQ":"1","GR":"1","VV":"1","9W":"1","8W":"1","3R":"1","CP":"1"},"JW":{"5J":"1"},"HV":{"24":"1","29":"1","26":"1","38":"1","28":"1","75":"1","27":"1","2M":"1","34":"1","85":"1","37":"1"},"JM":{"9M":"1","8P":"1","9P":"1","7P":"1","6M":"1","7M":"1","8M":"1","6P":"1"},"QF":{"98":"1"},"JX":{"75":"1","65":"1"}},"FF":{"QR":{"HW":"1","HX":"1"},"QV":{"64":"1","36":"1","45":"1","85":"1","35":"1","46":"1","55":"1","63":"1"}},"X3":{"XR":{"2V":"1"},"VR":{"XM":"1"},"WR":{"MW":"1","PW":"1","JV":"1"}},"JQ":{"QF":{"XJ":"1","XM":"1"},"RF":{"2M":"1","2J":"1"},"V6":{"MP":"1"}},"4R":{"PF":{"FP":"1"},"34":{"C3":"1"}},"MG":{"W9":{"64":"1","73":"1","74":"1","54":"1","63":"1"},"9M":{"FC":"1","GC":"1"},"RW":{"P7":"1"},"QG":{"HH":"1","HJ":"1"}},"9Q":{"Q2":{"2P":"1"},"P2":{"XP":"1"}},"8P":{"CJ":{"C4":"1","F4":"1"}},"XH":{"8G":{"Q4":"1","Q3":"1"}},"4J":{"8X":{"XG":"1"}},"HP":{"QR":{"WC":"1","P6":"1"}},"R8":{"8J":{"Q3":"1","R3":"1","V3":"1","R4":"1"},"9H":{"3P":"1"},"52":{"2X":"1"},"8H":{"RV":"1","X5":"1"}},"QC":{"X2":{"V3":"1"},"6H":{"9R":"1","6R":"1","8Q":"1","7V":"1","6V":"1","7R":"1","8R":"1"},"PQ":{"VC":"1","VF":"1"},"VH":{"5V":"1"}},"2C":{"2M":{"P2":"1","Q6":"1","JF":"1","Q5":"1","MF":"1","P3":"1","M2":"1","Q7":"1"},"3Q":{"M4":"1","M6":"1","Q5":"1","P5":"1","Q4":"1","P3":"1","M5":"1","J6":"1","R4":"1","R3":"1","Q3":"1","P4":"1","R5":"1"},"2J":{"MW":"1","MX":"1","PW":"1","MV":"1","PX":"1"},"3P":{"XQ":"1","VX":"1","RV":"1","XX":"1","VJ":"1","CG":"1","XR":"1","VP":"1","9G":"1","5V":"1","RR":"1","4V":"1","XW":"1","VM":"1","CH":"1"}},"4X":{"C7":{"MP":"1"}},"2X":{"4P":{"69":"1"},"CJ":{"8F":"1","8G":"1"}},"9X":{"JX":{"7F":"1","6F":"1","7C":"1","6C":"1"},"25":{"6W":"1"},"CW":{"G4":"1"}},"JH":{"XQ":{"GX":"1"}},"X6":{"65":{"HM":"1","HP":"1","FJ":"1","CJ":"1"},"CH":{"FX":"1"},"CJ":{"37":"1","48":"1","47":"1"}},"V4":{"XW":{"XP":"1","Q4":"1","J6":"1","H5":"1","XQ":"1","JX":"1","J4":"1","GX":"1","GV":"1","MX":"1","2C":"1","HX":"1","XR":"1","H4":"1","VR":"1","QX":"1","QH":"1","GR":"1","F4":"1","PX":"1","J5":"1"},"RX":{"2V":"1","VW":"1","2R":"1","WV":"1","WW":"1","GV":"1","VR":"1","3V":"1","RR":"1","VV":"1","RV":"1","FF":"1","3Q":"1","3R":"1","CR":"1","JC":"1"},"XV":{"PW":"1","QW":"1","G6":"1","2G":"1"},"VX":{"H9":"1","RC":"1","FR":"1","GJ":"1","X9":"1","PF":"1","6R":"1","7V":"1","MX":"1","Q9":"1","MF":"1","4H":"1","5G":"1","FM":"1","FC":"1","WM":"1","FG":"1","FJ":"1","FV":"1","HC":"1","P7":"1","PC":"1","CC":"1","8H":"1","5Q":"1","7G":"1","4G":"1","7H":"1","VJ":"1","8F":"1","QC":"1","FF":"1","J4":"1","6V":"1","W9":"1","9F":"1","MC":"1","GM":"1","G8":"1","WJ":"1","FP":"1","J9":"1","GP":"1","VM":"1","CR":"1","PX":"1","M7":"1","JC":"1"},"WR":{"HM":"1","HH":"1","GJ":"1","HJ":"1","MV":"1","GM":"1","GH":"1"},"XX":{"G7":"1","3G":"1","CQ":"1","3X":"1","35":"1","F3":"1","G6":"1","FX":"1","24":"1","Q2":"1","HV":"1","M2":"1","94":"1","26":"1","32":"1","G2":"1","25":"1","36":"1","J3":"1","MX":"1","RV":"1","2F":"1","33":"1","HX":"1","VQ":"1","H3":"1","HR":"1","29":"1","J2":"1","G3":"1","P2":"1","3C":"1","JQ":"1","RW":"1","H2":"1","GV":"1","GR":"1","JR":"1","H6":"1","G4":"1","23":"1","F2":"1","VR":"1","JX":"1"},"WX":{"78":"1","H4":"1","G4":"1","R5":"1","RH":"1","49":"1","W6":"1","W3":"1","X4":"1","P6":"1","F6":"1","G7":"1","XW":"1","C3":"1","J2":"1","5J":"1","92":"1","87":"1","W2":"1","7V":"1","8V":"1","RG":"1","QF":"1","RJ":"1","C7":"1","V5":"1","58":"1","VG":"1","Q7":"1","F9":"1","5W":"1","48":"1","F4":"1","H6":"1","X3":"1","97":"1","X7":"1","P7":"1","P2":"1","VF":"1","F7":"1","Q3":"1","29":"1","W4":"1","67":"1","J7":"1","F5":"1","46":"1","82":"1","C8":"1","9F":"1","56":"1","J8":"1","VH":"1","83":"1","H5":"1","72":"1","V4":"1","P4":"1","68":"1","Q6":"1","93":"1","X5":"1","88":"1","98":"1","P8":"1","5M":"1","XX":"1","R6":"1","M7":"1","62":"1"},"WW":{"6C":"1","8X":"1","W6":"1","P9":"1","H9":"1","RC":"1","R8":"1","HX":"1","HG":"1","V6":"1","GC":"1","G9":"1","5C":"1","6R":"1","RG":"1","CF":"1","Q9":"1","4Q":"1","VW":"1","RF":"1","FH":"1","HR":"1","W8":"1","R7":"1","9V":"1","6X":"1","Q7":"1","GV":"1","GX":"1","FW":"1","8J":"1","M9":"1","V7":"1","FC":"1","JR":"1","F4":"1","4V":"1","2J":"1","GW":"1","MR":"1","X7":"1","CV":"1","FV":"1","7X":"1","HC":"1","5X":"1","9R":"1","3V":"1","W7":"1","PC":"1","RR":"1","5P":"1","HQ":"1","GR":"1","H8":"1","X6":"1","5H":"1","GQ":"1","HW":"1","QC":"1","M2":"1","4W":"1","9W":"1","R9":"1","6V":"1","Q8":"1","MC":"1","7R":"1","V8":"1","G8":"1","VC":"1","JX":"1","Q6":"1","CP":"1","J9":"1","8M":"1","JG":"1","R6":"1","V9":"1","JC":"1"},"WV":{"RM":"1","JQ":"1","RF":"1","XG":"1","W9":"1","HG":"1","R9":"1","RJ":"1","VV":"1","QJ":"1","QM":"1","R8":"1","RC":"1","Q9":"1","JG":"1","QC":"1","RX":"1","PJ":"1","VW":"1","RR":"1","Q8":"1"},"VW":{"XR":"1"}},"JR":{"7R":{"8J":"1","9H":"1","3G":"1","CH":"1","8H":"1","9J":"1"},"6Q":{"HW":"1","JX":"1","MX":"1","JW":"1"},"MP":{"6J":"1"},"8R":{"XP":"1","XQ":"1","XR":"1","3X":"1","4X":"1","XM":"1"},"7V":{"X2":"1","X3":"1","X4":"1"},"5Q":{"8V":"1","7V":"1","7W":"1","8W":"1"},"8V":{"43":"1","22":"1","54":"1","24":"1","25":"1","42":"1","33":"1","44":"1","35":"1","53":"1","32":"1","34":"1","23":"1"},"3J":{"2W":"1","3X":"1","3W":"1"},"5R":{"57":"1","QC":"1","PC":"1"},"4M":{"5C":"1"},"6R":{"8F":"1","G5":"1","45":"1","RF":"1","F4":"1","G4":"1","CM":"1","MG":"1","F5":"1","RG":"1","F3":"1","GM":"1","H5":"1","C9":"1","G2":"1","F8":"1","F2":"1","C6":"1","G3":"1","C2":"1","C3":"1","J8":"1","79":"1","88":"1","JF":"1","JV":"1","9C":"1","JR":"1","HF":"1","HV":"1","8C":"1","J5":"1","C5":"1","C4":"1"},"9R":{"2M":"1","2R":"1","2Q":"1","2P":"1"},"6V":{"Q2":"1","P2":"1","Q3":"1","JX":"1","MX":"1","HX":"1","P3":"1","R3":"1","PX":"1"}},"VG":{"CQ":{"6Q":"1","6R":"1","7Q":"1","7V":"1","6V":"1","7R":"1"},"CR":{"43":"1","63":"1","54":"1","62":"1","64":"1","44":"1","53":"1","52":"1"}},"HQ":{"GW":{"62":"1","72":"1"},"GV":{"7X":"1","6X":"1"}},"JX":{"57":{"34":"1"},"H7":{"69":"1"}},"5X":{"6H":{"32":"1"},"5H":{"X3":"1"},"4Q":{"CJ":"1","9J":"1"},"3X":{"92":"1"},"GR":{"WM":"1"}},"W5":{"32":{"V5":"1","M8":"1","V8":"1","W9":"1","J9":"1","P7":"1","Q5":"1","R7":"1","V6":"1","M7":"1","QC":"1","V9":"1","Q6":"1","RF":"1","MF":"1","PF":"1","RC":"1","QF":"1","PC":"1","P6":"1","P5":"1","QM":"1","VF":"1","PG":"1","R8":"1","MC":"1","QP":"1","W7":"1","M5":"1","R6":"1","Q9":"1","J7":"1","Q7":"1","JC":"1","M9":"1","Q8":"1","M6":"1","V7":"1","P9":"1","VC":"1","R5":"1","P8":"1","R9":"1","W8":"1"},"37":{"2W":"1","4W":"1","2X":"1","3X":"1","3W":"1","4X":"1"},"RX":{"VX":"1"},"38":{"32":"1","43":"1","22":"1","42":"1","33":"1"},"25":{"34":"1","65":"1","35":"1","3J":"1","55":"1","64":"1","3H":"1","66":"1","54":"1","77":"1","76":"1","45":"1","44":"1","46":"1","75":"1","56":"1","74":"1"},"22":{"92":"1","V7":"1","R7":"1","W7":"1","W6":"1","X5":"1","V6":"1"},"27":{"XX":"1"},"6P":{"R2":"1"}},"Q6":{"X6":{"2X":"1","3X":"1","4X":"1","JQ":"1"},"X8":{"33":"1"},"X7":{"22":"1"},"R7":{"9M":"1","9P":"1","9Q":"1"},"W7":{"48":"1","2G":"1","C7":"1","F7":"1","88":"1","G5":"1","3H":"1","F8":"1","G6":"1","59":"1","9C":"1","C9":"1","57":"1","G9":"1","H7":"1","77":"1","7F":"1","X2":"1","67":"1","CC":"1","87":"1","89":"1","FG":"1","49":"1","W3":"1","Q6":"1","MF":"1","98":"1","PC":"1","2H":"1","H8":"1","66":"1","97":"1","MC":"1","R6":"1","99":"1","Q9":"1","79":"1","JC":"1","M9":"1","78":"1","58":"1","W4":"1","69":"1","68":"1"},"W6":{"XW":"1","WR":"1","XX":"1"}},"Q8":{"X5":{"C6":"1","C5":"1"}},"HF":{"XP":{"FW":"1","9V":"1","FX":"1","CW":"1","9W":"1","CR":"1","9X":"1","WV":"1","CV":"1","CX":"1","2C":"1","GX":"1","9R":"1"},"XQ":{"M7":"1","VC":"1","W7":"1","H3":"1","V6":"1","F3":"1","WF":"1","VF":"1","R4":"1","R3":"1","G2":"1","M8":"1","F2":"1","G3":"1","WG":"1","V7":"1","M2":"1","R5":"1","P7":"1","VG":"1"},"FR":{"HC":"1"},"GP":{"43":"1","63":"1","64":"1","Q4":"1","R4":"1","R3":"1","Q3":"1","53":"1","52":"1","85":"1"},"QF":{"RP":"1"},"GM":{"HQ":"1","JX":"1","HP":"1","8Q":"1","JW":"1","GP":"1","8R":"1"}},"2M":{"H5":{"Q9":"1","R9":"1","V8":"1","Q8":"1","V9":"1","R8":"1"},"H4":{"9H":"1","9M":"1","CM":"1","CH":"1","CJ":"1","CG":"1","9G":"1","9J":"1"}},"GP":{"XP":{"CQ":"1","FV":"1","8X":"1","3Q":"1","2V":"1","FQ":"1","6Q":"1","GV":"1","CR":"1","FR":"1","2Q":"1","2R":"1","5V":"1","5R":"1","3M":"1","6V":"1"},"WP":{"XQ":"1","WQ":"1","WR":"1"},"XQ":{"53":"1","52":"1","43":"1","42":"1","33":"1"},"C6":{"7X":"1","HW":"1","5X":"1","RP":"1","GV":"1","JP":"1","7V":"1","VP":"1","HQ":"1","8V":"1","HV":"1","HX":"1","6X":"1"},"C7":{"62":"1"}},"8F":{"8J":{"X4":"1","R3":"1"},"9H":{"2X":"1"},"7H":{"XG":"1","WG":"1","WH":"1","XJ":"1","VG":"1","WJ":"1","XH":"1","VH":"1"},"CH":{"RX":"1","VX":"1","QX":"1"},"CJ":{"Q2":"1","R2":"1","V2":"1"},"8H":{"CQ":"1","9V":"1","8P":"1","PX":"1","2H":"1","9Q":"1","8Q":"1","CR":"1","8R":"1","2J":"1","WX":"1","CV":"1","JV":"1","QW":"1","QX":"1","HV":"1","9R":"1"},"9J":{"74":"1","84":"1","22":"1","34":"1"}},"PH":{"28":{"FQ":"1","GQ":"1","HQ":"1","PM":"1","FR":"1","GP":"1","PJ":"1","GR":"1","JQ":"1"}},"2J":{"M9":{"FW":"1"},"RG":{"M4":"1","P4":"1","VJ":"1","VH":"1"}},"3V":{"92":{"VX":"1"}},"7V":{"FQ":{"5F":"1"}},"QF":{"3Q":{"RX":"1","QX":"1","PX":"1"},"46":{"WX":"1"},"67":{"5F":"1"},"3R":{"Q2":"1","R2":"1"}},"XJ":{"WW":{"GW":"1"}},"2V":{"V8":{"4W":"1"}},"PF":{"GV":{"FC":"1","63":"1","73":"1","64":"1","47":"1","CF":"1","CC":"1","FF":"1","74":"1"},"FR":{"PC":"1"},"5X":{"GP":"1","HJ":"1","FM":"1","5F":"1","CM":"1","FP":"1","FQ":"1","GM":"1","GJ":"1","FJ":"1","GQ":"1","HM":"1","3G":"1","6C":"1","5G":"1"},"7W":{"CQ":"1"},"GR":{"6X":"1","5X":"1"},"FV":{"8G":"1","7H":"1","8J":"1","9M":"1","7J":"1","9H":"1","9G":"1","8H":"1","9J":"1","8M":"1"}},"6M":{"VR":{"HJ":"1"}},"9R":{"X8":{"H9":"1","J9":"1"},"F6":{"J2":"1","J3":"1","H3":"1"},"Q7":{"67":"1"}},"R9":{"94":{"MM":"1","MJ":"1","86":"1","JJ":"1","59":"1","7G":"1","69":"1","96":"1","79":"1","87":"1","97":"1","JM":"1"},"HR":{"6Q":"1"},"XC":{"WX":"1"},"VX":{"W3":"1"},"VM":{"C8":"1"}},"3P":{"G6":{"FM":"1","R9":"1","48":"1","V9":"1","R8":"1","Q9":"1","V8":"1","Q8":"1"}},"R7":{"RQ":{"QP":"1","PH":"1","XJ":"1","WH":"1","WJ":"1","WF":"1","RH":"1","XH":"1","VH":"1","QG":"1","VJ":"1","WG":"1","CV":"1","VG":"1","QF":"1"},"3M":{"M8":"1","J8":"1","J9":"1"},"VQ":{"4F":"1","5F":"1","4H":"1","2G":"1","2H":"1","6G":"1","3H":"1","2P":"1","2J":"1","2M":"1","5H":"1","4J":"1","3J":"1","3G":"1","2C":"1","3M":"1","5G":"1","4G":"1"},"9V":{"94":"1","95":"1"}},"JP":{"CC":{"R5":"1","Q4":"1","R4":"1"},"F5":{"37":"1","44":"1"},"F4":{"XR":"1","WQ":"1","WR":"1"}},"7P":{"RM":{"7R":"1","7X":"1","8X":"1","JJ":"1","JH":"1","CF":"1","7W":"1","C9":"1","8R":"1","CC":"1","CG":"1","6W":"1","8W":"1"},"QP":{"W5":"1","X5":"1"},"7H":{"CQ":"1","FW":"1","9V":"1","FV":"1","7H":"1","FQ":"1","6H":"1","CR":"1","FR":"1","CV":"1","GR":"1","9R":"1"},"RP":{"64":"1","62":"1","74":"1","G6":"1","F6":"1","72":"1"},"6G":{"8R":"1"},"6H":{"2M":"1"},"7J":{"45":"1","63":"1","54":"1","65":"1","64":"1","56":"1","75":"1","66":"1","55":"1","46":"1","53":"1","74":"1"},"VH":{"JX":"1"},"49":{"3V":"1"},"5H":{"RW":"1","XX":"1"},"JV":{"GH":"1"},"PQ":{"J8":"1"},"6J":{"6H":"1","7H":"1"},"5G":{"6M":"1"}},"Q7":{"53":{"FC":"1","F9":"1"},"9Q":{"J9":"1"}},"R5":{"WH":{"RF":"1","P9":"1","PC":"1","P8":"1","RG":"1","RC":"1","Q9":"1","QC":"1","QF":"1","Q8":"1"},"WM":{"P2":"1"},"WJ":{"HJ":"1","PX":"1","GH":"1","GM":"1","GJ":"1","MX":"1","MW":"1","HH":"1","PW":"1","F7":"1"},"HV":{"Q5":"1"}},"MX":{"J2":{"HR":"1","GV":"1","5R":"1","GR":"1","HV":"1","FV":"1"}},"4V":{"9H":{"4P":"1"}},"MJ":{"HF":{"Q9":"1","QC":"1"},"R7":{"5F":"1"},"2Q":{"9H":"1"}},"V6":{"XQ":{"76":"1","75":"1","85":"1","97":"1","87":"1","88":"1","96":"1","86":"1","98":"1"},"XR":{"64":"1","32":"1","65":"1","54":"1","22":"1","55":"1"},"WQ":{"JQ":"1","MV":"1","PM":"1","WM":"1","MQ":"1","MP":"1","VH":"1","MW":"1","QV":"1","QM":"1","HQ":"1","RR":"1","PP":"1","PW":"1"}},"W4":{"3V":{"4P":"1","69":"1","59":"1"},"3W":{"29":"1","7R":"1","8R":"1"},"2V":{"CQ":"1","FG":"1","GG":"1","4R":"1","GH":"1","FP":"1","FH":"1","2R":"1","6C":"1"},"CP":{"7J":"1","7H":"1"},"WC":{"72":"1"},"V9":{"FV":"1","FQ":"1","GV":"1","HR":"1","FR":"1","GQ":"1","HV":"1","GR":"1"},"2X":{"9V":"1","8X":"1","4R":"1","CM":"1","4P":"1","4Q":"1","8Q":"1","7W":"1","9X":"1","8R":"1","7V":"1","5Q":"1","8V":"1","2R":"1","8W":"1"},"GQ":{"6V":"1","2P":"1"},"2W":{"GP":"1","RM":"1","89":"1","MV":"1","QP":"1","3Q":"1","3V":"1","4P":"1","WM":"1","WH":"1","4Q":"1","WJ":"1","6Q":"1","RJ":"1","GM":"1","QJ":"1","58":"1","3P":"1","2P":"1","2Q":"1","VJ":"1","QM":"1","35":"1","RQ":"1","5Q":"1","3R":"1","2R":"1","RR":"1","5R":"1","6R":"1","4M":"1","8M":"1"},"5V":{"F8":"1","F9":"1"},"4V":{"HQ":"1","4F":"1","JM":"1","MM":"1","JJ":"1","MJ":"1"},"5R":{"8G":"1","8F":"1","7G":"1","9F":"1","7C":"1","9H":"1","7F":"1","6F":"1","CG":"1","9G":"1","8H":"1","8C":"1","6C":"1","CH":"1"}},"MR":{"36":{"39":"1"}},"RX":{"VG":{"P8":"1","M7":"1","P6":"1","P7":"1","M6":"1"},"VF":{"MC":"1","JC":"1","M9":"1","J9":"1"}},"3J":{"3F":{"GJ":"1"}},"5W":{"HH":{"WM":"1"}},"FR":{"XF":{"8F":"1","9C":"1","8C":"1"}},"CP":{"H7":{"2H":"1","2J":"1","4H":"1"}},"JF":{"Q2":{"RQ":"1","VQ":"1","RR":"1","WQ":"1","VR":"1","WR":"1"},"GX":{"F8":"1"},"PP":{"HX":"1"},"R3":{"57":"1","68":"1","67":"1","CC":"1","58":"1"},"96":{"MH":"1","JH":"1","JJ":"1","MJ":"1"},"2Q":{"66":"1","67":"1"}},"WW":{"76":{"F3":"1"},"32":{"C4":"1"},"HG":{"GW":"1","MW":"1","FW":"1","PW":"1","9P":"1","PV":"1","MV":"1"},"HH":{"37":"1","2C":"1","47":"1","2F":"1"},"GJ":{"J2":"1","M2":"1","J3":"1","M3":"1"},"R4":{"G6":"1","G5":"1","F5":"1","C6":"1","G7":"1","C7":"1","F6":"1","F7":"1","C5":"1"}},"2R":{"JG":{"9C":"1"}},"6X":{"83":{"XF":"1"},"39":{"4P":"1","4Q":"1"},"WW":{"X4":"1"}},"4Q":{"6Q":{"22":"1","45":"1","63":"1","54":"1","65":"1","64":"1","56":"1","75":"1","66":"1","55":"1","44":"1","53":"1"},"5Q":{"X2":"1"},"4Q":{"H5":"1","G6":"1","G4":"1","H4":"1","F6":"1","G5":"1","F5":"1"},"5P":{"XX":"1"},"CV":{"G8":"1"},"8R":{"X6":"1"},"6P":{"3V":"1","8P":"1","5P":"1","4Q":"1","7J":"1","3P":"1","2P":"1","6W":"1","97":"1","9J":"1","5R":"1"}},"4P":{"H9":{"7F":"1","8F":"1","8G":"1"},"MC":{"23":"1","34":"1","24":"1","33":"1"},"6C":{"G7":"1"},"PF":{"X2":"1"},"XM":{"8V":"1"}},"V8":{"F5":{"F6":"1","G5":"1","F5":"1"}},"QG":{"RM":{"74":"1"}}},"index":{"university,1|retail,2|tourism,3|wreck,4|historical,5|artsCulture,6|namedBuilding,7|water,8|wetland,9|park,10|beach,11|natureReserve,12|cemetery,13|trail,14":{}}}