{"index":{"university,1|retail,2|tourism,3|wreck,4|historical,5|artsCulture,6|namedBuilding,7|water,8|wetland,9|park,10|beach,11|natureReserve,12|cemetery,13|trail,14":{}},"59":{"X5":{"Q4":{"5W":"1"},"PF":{"74":"1"},"PC":{"3C":"1","68":"1"}},"W2":{"J2":{"83":"1","82":"1"},"8X":{"HW":"1"},"FP":{"G6":"1","H7":"1","H9":"1","J9":"1","H6":"1","GC":"1","HC":"1","G9":"1","J7":"1","J6":"1","H8":"1","G8":"1","J8":"1","G7":"1"},"CP":{"HH":"1"},"JJ":{"79":"1"}},"R2":{"4P":{"X9":"1","X8":"1"},"JW":{"GQ":"1","HQ":"1","HR":"1","GR":"1","G8":"1"},"9V":{"RX":"1","RW":"1","QW":"1","QX":"1"},"5P":{"28":"1","29":"1"},"7G":{"28":"1","29":"1","39":"1","38":"1","48":"1"},"JJ":{"GH":"1"}},"W4":{"62":{"4X":"1"},"PH":{"W8":"1","F4":"1"},"P6":{"F7":"1","G6":"1"},"R2":{"Q9":"1","P8":"1","P9":"1","Q8":"1","P7":"1","Q7":"1"},"63":{"24":"1","42":"1"}},"X4":{"3V":{"GW":"1","FW":"1","9V":"1","FX":"1","8X":"1","CW":"1","HW":"1","9W":"1","GV":"1","9X":"1","CV":"1","CX":"1","HV":"1","GX":"1","8W":"1","HX":"1"},"84":{"7V":"1","6V":"1","5V":"1","6W":"1"},"3W":{"G2":"1","CG":"1","XV":"1","H9":"1","MM":"1","XW":"1","HV":"1","92":"1","G9":"1","MX":"1","FH":"1","F2":"1","RW":"1","2H":"1","9V":"1","F9":"1","F8":"1","H6":"1","FG":"1","C2":"1","9R":"1","G6":"1","MV":"1","RV":"1","9Q":"1","QP":"1","MP":"1","G8":"1","H5":"1","JX":"1","J9":"1","QM":"1","CR":"1","H2":"1","PM":"1"},"38":{"MJ":"1","FG":"1","8J":"1","GH":"1","9M":"1","CJ":"1","FJ":"1","9H":"1","FH":"1","X8":"1","CG":"1","9G":"1","8H":"1","5V":"1","9J":"1","6R":"1","6V":"1","CH":"1"},"RH":{"44":"1","54":"1"},"66":{"W5":"1","W4":"1","X5":"1"},"4W":{"57":"1","WG":"1","2W":"1","WH":"1","2V":"1","XJ":"1","WJ":"1","47":"1","3R":"1"},"2X":{"M2":"1"},"3X":{"J2":"1","J3":"1"},"6W":{"8X":"1"},"39":{"36":"1","45":"1","44":"1","35":"1","46":"1","34":"1"},"2W":{"JQ":"1","MV":"1","MQ":"1","XH":"1","XM":"1","MR":"1","JP":"1","JV":"1","JR":"1","PQ":"1"},"8H":{"97":"1","6V":"1","5V":"1","49":"1","5W":"1","5G":"1","6G":"1","C7":"1","6W":"1","98":"1"},"5V":{"Q3":"1","P3":"1"},"2C":{"7X":"1"},"5R":{"WM":"1"},"6C":{"4P":"1"}},"Q2":{"6R":{"2H":"1","4G":"1","3H":"1","4F":"1","3G":"1","2G":"1","3F":"1","2F":"1"},"V7":{"98":"1"},"5P":{"P2":"1","X6":"1","M2":"1","W5":"1","W4":"1"},"5X":{"CC":"1"},"5M":{"MX":"1"},"6P":{"7F":"1","26":"1","6F":"1","7G":"1","6G":"1"}},"W3":{"RX":{"MR":"1","MV":"1"},"MQ":{"QH":"1"}},"V3":{"98":{"MP":"1"},"8G":{"64":"1","63":"1"},"JJ":{"VF":"1"},"2G":{"2M":"1","4X":"1","8X":"1","2P":"1","XV":"1","9J":"1","WR":"1","4P":"1","XR":"1","3X":"1","9H":"1","65":"1","6G":"1","6H":"1","4Q":"1","WV":"1","3W":"1","RW":"1","5G":"1","Q2":"1","7X":"1","XQ":"1","9R":"1","66":"1","P2":"1","5H":"1","CJ":"1","M2":"1","RV":"1","56":"1","QW":"1","WQ":"1","9X":"1","RX":"1","CH":"1","CR":"1"},"R2":{"2H":"1","4G":"1","2M":"1","3M":"1","3H":"1","4F":"1","3G":"1","2J":"1","2G":"1","3J":"1","3F":"1","2F":"1"},"7P":{"X3":"1","X4":"1"},"5J":{"W8":"1","R9":"1","V8":"1","V9":"1","R8":"1"},"8P":{"23":"1","24":"1"},"3F":{"8V":"1","9V":"1","5W":"1"},"7M":{"XH":"1"},"8J":{"9R":"1","9V":"1","CR":"1","CV":"1"},"2H":{"H6":"1","M6":"1","93":"1","JH":"1","P5":"1","66":"1","M5":"1","J6":"1","Q9":"1","RX":"1","VW":"1"},"FP":{"92":"1"},"Q2":{"XG":"1","XJ":"1","WM":"1","WH":"1","2V":"1","WJ":"1","WF":"1","XH":"1","XM":"1","VF":"1","9H":"1","XF":"1","WG":"1","2W":"1","VG":"1","9J":"1"},"9M":{"MP":"1"},"RH":{"FQ":"1","GQ":"1","9R":"1","FM":"1","9M":"1","CQ":"1","CM":"1","8P":"1","FR":"1","8Q":"1","9P":"1","FP":"1","CR":"1","9Q":"1","CP":"1","GR":"1","8M":"1","8R":"1"},"P3":{"WF":"1","V7":"1","F7":"1","5P":"1","F8":"1","R2":"1","G8":"1","R8":"1"},"6H":{"7W":"1"},"VH":{"6H":"1"},"3H":{"6Q":"1","6R":"1","7Q":"1","XV":"1","3P":"1"},"92":{"WP":"1","XM":"1"},"Q3":{"4G":"1","4F":"1","3G":"1","3F":"1"},"C2":{"HJ":"1"},"HM":{"FG":"1","9C":"1"},"C7":{"WW":"1"},"3J":{"76":"1","66":"1","75":"1","74":"1","85":"1","67":"1"},"3G":{"7F":"1","8F":"1"},"2F":{"2V":"1","8X":"1","2Q":"1","4J":"1","9M":"1","7M":"1","MX":"1","2R":"1","3J":"1","4H":"1","CQ":"1","QX":"1","7J":"1","3G":"1","3H":"1","3V":"1","9P":"1","4G":"1","5H":"1","9Q":"1","FP":"1","3R":"1","CP":"1","8M":"1","5M":"1","CR":"1","PX":"1"},"4M":{"5P":"1","6M":"1","5M":"1","6P":"1"},"F7":{"3R":"1"},"P2":{"XW":"1","RR":"1","RX":"1","XV":"1"}},"J2":{"7P":{"7Q":"1"},"C7":{"G8":"1"}},"R3":{"XG":{"R5":"1","Q9":"1","Q6":"1","VP":"1","Q3":"1","VQ":"1","Q5":"1","W2":"1","RP":"1","R9":"1","WR":"1","RM":"1","QM":"1"},"XF":{"RQ":"1","QR":"1","WP":"1","VP":"1","VQ":"1","XQ":"1","XV":"1","XR":"1","W8":"1","VX":"1","WQ":"1","VR":"1","RP":"1","R9":"1","WR":"1","WX":"1","WV":"1","RM":"1","VM":"1"}},"X2":{"84":{"4X":"1"}},"M2":{"HW":{"3Q":"1"},"JG":{"3M":"1","3J":"1","4J":"1","4M":"1"},"HV":{"G7":"1"},"PX":{"CG":"1"}},"X3":{"7R":{"RF":"1"}},"V2":{"8V":{"RX":"1"},"9W":{"RF":"1"},"HP":{"8X":"1"},"8W":{"R5":"1","W3":"1","M8":"1","Q4":"1","P6":"1","R8":"1","R2":"1","V3":"1","V6":"1","R3":"1","P3":"1","V5":"1","R7":"1","Q5":"1","Q7":"1","Q2":"1","V7":"1","M6":"1","P7":"1","V2":"1","P2":"1","Q3":"1","W4":"1","R9":"1","Q8":"1","P5":"1","V8":"1","P4":"1","V4":"1","R4":"1","Q6":"1","P8":"1","R6":"1","M7":"1"},"2P":{"JG":"1","CX":"1"}},"H2":{"75":{"F6":"1"},"74":{"JC":"1","MV":"1"},"84":{"FQ":"1","GQ":"1","CQ":"1","FR":"1","9P":"1","GP":"1","FP":"1","CR":"1","CP":"1","GR":"1"}}}}