{"index":{"university,1|retail,2|tourism,3|wreck,4|historical,5|artsCulture,6|namedBuilding,7|water,8|wetland,9|park,10|beach,11|natureReserve,12|cemetery,13|trail,14":{}},"5F":{"CQ":{"HX":{"H8":"1","J7":"1","J8":"1","H7":"1"}},"5W":{"C5":{"G4":"1","G2":"1","G3":"1"}},"JQ":{"6Q":{"78":"1","6C":"1","9G":"1","P9":"1","7F":"1","M8":"1","79":"1","5F":"1","GC":"1","G9":"1","5C":"1","87":"1","6G":"1","CF":"1","Q9":"1","9C":"1","6F":"1","7C":"1","Q7":"1","M9":"1","P7":"1","CC":"1","8G":"1","7G":"1","99":"1","8F":"1","89":"1","9F":"1","69":"1","8C":"1","Q8":"1","98":"1","88":"1","P8":"1","M7":"1"},"WP":{"HM":"1","GM":"1"},"87":{"9X":"1","9W":"1","FW":"1","CX":"1","FX":"1","CW":"1"},"6M":{"7V":"1","6V":"1"}},"9V":{"C3":{"45":"1","PH":"1","JJ":"1","MG":"1","Q5":"1","Q4":"1","MF":"1","R4":"1","46":"1","MC":"1","PG":"1","35":"1","P4":"1","PF":"1","M2":"1","R5":"1","JM":"1","MH":"1","36":"1","P2":"1"},"G9":{"28":"1","29":"1","2C":"1"},"C4":{"C5":"1","F5":"1","F4":"1"},"93":{"PR":"1","MV":"1","Q6":"1","Q5":"1","P5":"1","Q4":"1","MR":"1","M5":"1","R4":"1","P4":"1","R6":"1","R5":"1","P6":"1","PV":"1"},"F9":{"X9":"1","X8":"1","W9":"1","V7":"1","X7":"1","XC":"1","W8":"1","WC":"1","V8":"1","W7":"1","V9":"1"},"C2":{"MX":"1","PX":"1"},"F3":{"28":"1","37":"1","23":"1","38":"1","43":"1","48":"1","27":"1","34":"1","24":"1","47":"1","33":"1"}},"PH":{"5R":{"WP":"1","VP":"1"}},"WM":{"QR":{"VQ":"1","VR":"1","WR":"1"},"RV":{"64":"1","54":"1"},"VW":{"HJ":"1","FM":"1","CM":"1","GH":"1","GM":"1","9M":"1","GJ":"1","CJ":"1","FJ":"1","HM":"1","FH":"1","HH":"1","9J":"1"}},"9P":{"HX":{"FM":"1","CM":"1","FJ":"1","CJ":"1"},"2G":{"V2":"1"},"W7":{"36":"1","45":"1","35":"1","46":"1","56":"1"}},"FQ":{"H5":{"FM":"1","FG":"1","HG":"1","GP":"1","HH":"1","FP":"1","GG":"1","FJ":"1","GJ":"1","FH":"1","GM":"1","GH":"1"}},"XM":{"7Q":{"83":"1","93":"1","95":"1"}},"GV":{"QP":{"57":"1","47":"1"}},"CR":{"2W":{"M4":"1","P4":"1","J4":"1","M5":"1","M3":"1","J5":"1"}},"QM":{"4G":{"89":"1","8C":"1"},"5H":{"4G":"1","4F":"1","3G":"1"},"2C":{"RW":"1","VV":"1","RV":"1","VW":"1"},"4F":{"36":"1","37":"1","46":"1","24":"1","47":"1"},"3G":{"M4":"1","P2":"1","F2":"1","G2":"1","M2":"1","G3":"1","F3":"1"},"3J":{"32":"1","45":"1","44":"1","23":"1","43":"1","35":"1","34":"1","33":"1"},"3F":{"MM":"1","7R":"1","PR":"1","JQ":"1","FV":"1","HW":"1","MP":"1","GM":"1","MX":"1","C9":"1","G8":"1","JP":"1","CC":"1","HQ":"1","HP":"1","PV":"1","JM":"1"},"2F":{"VP":"1","RP":"1","VM":"1","RM":"1","M6":"1"}},"PJ":{"Q4":{"MW":"1","MX":"1","PW":"1","PX":"1"},"Q3":{"FQ":"1","GQ":"1","FR":"1","GR":"1"},"Q5":{"C3":"1","C4":"1","F4":"1","F3":"1"},"R4":{"4F":"1","5F":"1","4H":"1","3W":"1","4C":"1","3F":"1","2H":"1","3C":"1","6G":"1","3H":"1","2J":"1","49":"1","5H":"1","39":"1","2W":"1","3J":"1","3G":"1","5C":"1","5G":"1","4G":"1"}},"VQ":{"7R":{"4J":"1"},"6P":{"FM":"1","GX":"1","8Q":"1","FP":"1","CJ":"1","JV":"1","CP":"1","9J":"1"}},"VM":{"C9":{"GX":"1"},"FC":{"3Q":"1","2R":"1","3R":"1","2Q":"1","2P":"1"},"JG":{"QP":"1","PX":"1","RP":"1","RQ":"1","QQ":"1","VP":"1","PW":"1","XW":"1","VQ":"1","VM":"1"},"9C":{"W5":"1","W6":"1","V5":"1","V6":"1"},"MG":{"2W":"1"},"CC":{"C3":"1","XP":"1","WP":"1","WM":"1","XQ":"1","85":"1","XR":"1","G2":"1","XM":"1","F4":"1"}}}}