{"index":{"university,1|retail,2|tourism,3|wreck,4|historical,5|artsCulture,6|namedBuilding,7|water,8|wetland,9|park,10|beach,11|natureReserve,12|cemetery,13|trail,14":{}},"5G":{"PX":{"V7":{"R4":"1","V4":"1","M5":"1","J5":"1"},"W6":{"37":"1","38":"1","48":"1","47":"1","58":"1"},"V5":{"HW":"1","GW":"1","JX":"1","GX":"1","MX":"1","HX":"1","JW":"1","FX":"1"},"V6":{"J3":"1","H3":"1","J2":"1","G2":"1","F2":"1","G3":"1","M2":"1","M3":"1","H2":"1"}},"38":{"38":{"9G":"1","CG":"1","9J":"1","7F":"1","9M":"1","9H":"1","5F":"1","6M":"1","7M":"1","6G":"1","CF":"1","6H":"1","FH":"1","9C":"1","6F":"1","5G":"1","7J":"1","6J":"1","8J":"1","FG":"1","CM":"1","GG":"1","8H":"1","8G":"1","7G":"1","CJ":"1","4G":"1","5H":"1","7H":"1","8F":"1","FF":"1","9F":"1","8C":"1","8M":"1","CH":"1"}},"4F":{"7X":{"F4":"1","F5":"1","93":"1","83":"1","92":"1","C6":"1","C3":"1","C5":"1","C4":"1","94":"1"}},"VC":{"2H":{"8J":"1","9H":"1","9M":"1","8H":"1","9J":"1"},"57":{"W2":"1","R2":"1","V2":"1"},"66":{"2R":"1"},"4G":{"FW":"1","9V":"1","CW":"1","CV":"1"},"53":{"6M":"1","6P":"1"},"C6":{"PM":"1","QJ":"1","MH":"1","PH":"1","MM":"1","PJ":"1","QM":"1","MJ":"1"},"2J":{"VJ":"1"},"56":{"WR":"1","VQ":"1","XR":"1","WX":"1","VW":"1","RQ":"1","WV":"1","RW":"1","WW":"1","QR":"1","VR":"1","XQ":"1","WP":"1","XP":"1","RR":"1","VX":"1","VV":"1","RV":"1","QQ":"1","WQ":"1","RX":"1","VP":"1"}},"6G":{"GX":{"FM":"1","H5":"1","23":"1","24":"1","G5":"1"},"HX":{"8G":"1","7P":"1","8P":"1","7M":"1","7H":"1","8J":"1","7G":"1","7J":"1","8H":"1","8M":"1"},"FX":{"W3":"1","X3":"1","X4":"1","W4":"1"},"CJ":{"7V":"1","7R":"1"},"98":{"6H":"1","7H":"1"}},"HG":{"W6":{"GH":"1"}},"59":{"XV":{"9Q":"1"},"JV":{"RX":"1","RW":"1","QW":"1","QX":"1"},"73":{"38":"1","CG":"1","4F":"1","84":"1","74":"1","6G":"1","86":"1","59":"1","6H":"1","63":"1","8H":"1","88":"1","7H":"1","46":"1","FG":"1","C7":"1","FH":"1","3F":"1","9F":"1","47":"1","3C":"1","78":"1","39":"1","9J":"1","48":"1","55":"1","49":"1","CC":"1","6J":"1","5J":"1","58":"1","FM":"1","9H":"1","76":"1","CJ":"1","F9":"1","4G":"1","8G":"1","7C":"1","7G":"1","FJ":"1","FF":"1","75":"1","66":"1","65":"1","5C":"1","9G":"1","67":"1","CH":"1","2C":"1","7F":"1","2F":"1","5H":"1","8J":"1","9C":"1","68":"1","96":"1","8F":"1","98":"1","5F":"1","79":"1","56":"1","77":"1","87":"1","4H":"1","5G":"1","6F":"1","97":"1","6C":"1","73":"1","C9":"1","89":"1","4C":"1","RX":"1","85":"1","9M":"1","7J":"1","57":"1","3G":"1","C8":"1","99":"1","CM":"1","69":"1","64":"1","FC":"1","CF":"1","8C":"1"},"8R":{"4J":"1","4M":"1","5M":"1","5J":"1"},"7V":{"JM":"1","GH":"1","M8":"1","CQ":"1","J9":"1","CH":"1","CJ":"1","P7":"1","HP":"1","JP":"1","HQ":"1","R7":"1","FP":"1","CM":"1","CP":"1","FR":"1","M7":"1","9M":"1","GP":"1","FG":"1","Q6":"1","9P":"1","HJ":"1","HM":"1","GJ":"1","P6":"1","GQ":"1","FQ":"1","MC":"1","9J":"1","J8":"1","GR":"1","FH":"1","R6":"1","J7":"1","Q7":"1","JC":"1","M9":"1","Q8":"1","FM":"1","P8":"1","FJ":"1","GM":"1"},"MX":{"CX":"1","FX":"1"},"WV":{"9H":"1","7H":"1","9G":"1","8H":"1","7G":"1","8G":"1"},"RW":{"R2":"1","5X":"1","V3":"1","R4":"1","R3":"1","V2":"1","6X":"1"},"QX":{"QJ":"1"},"WW":{"5W":"1","5X":"1","7P":"1","8P":"1","3W":"1","G9":"1","83":"1","F9":"1","8Q":"1","82":"1","4W":"1","F8":"1","7Q":"1","G8":"1","3X":"1","G7":"1","4X":"1","F7":"1"},"QV":{"64":"1","PG":"1","53":"1","2V":"1","54":"1","PF":"1","63":"1","PC":"1"},"9R":{"MP":"1","PM":"1","PQ":"1","PP":"1","MQ":"1","MM":"1"},"PW":{"Q9":"1","PG":"1","P8":"1","RC":"1","R9":"1","PF":"1","QC":"1","Q8":"1","QH":"1","QG":"1","QF":"1","RG":"1","RF":"1","RH":"1","R8":"1","PC":"1"},"RP":{"C3":"1","HW":"1","HX":"1"},"RM":{"7G":"1"},"5R":{"MP":"1","JP":"1","MQ":"1","JQ":"1"},"83":{"8X":"1","2P":"1","2Q":"1","CW":"1","8R":"1","6R":"1","7V":"1","8V":"1","5V":"1","6P":"1","4Q":"1","4R":"1","9V":"1","FW":"1","7W":"1","6Q":"1","4V":"1","CV":"1","FV":"1","3V":"1","5P":"1","5Q":"1","CX":"1","9W":"1","6V":"1","7Q":"1","6W":"1","7R":"1","3Q":"1","3P":"1","5R":"1","8W":"1","9X":"1","3R":"1"},"QW":{"8C":"1"},"RX":{"9V":"1","7X":"1","8X":"1","62":"1","9W":"1","7W":"1","9X":"1","8R":"1","7V":"1","53":"1","6W":"1","8V":"1","52":"1","8W":"1","9R":"1","6V":"1"},"PV":{"J6":"1","P6":"1","M6":"1"}},"J2":{"46":{"36":"1","37":"1","26":"1","27":"1"}},"6H":{"Q3":{"8J":"1","9M":"1","FG":"1","CH":"1","FF":"1","CF":"1","GG":"1","CG":"1","FH":"1","GH":"1","8M":"1","9J":"1"},"G5":{"86":"1"}},"8H":{"32":{"6H":"1","6J":"1","5H":"1","7H":"1","7G":"1","5G":"1","6G":"1"},"34":{"4R":"1"}},"M9":{"JG":{"9F":"1"},"26":{"JQ":"1"},"CF":{"3V":"1","4R":"1","4V":"1","5V":"1","3R":"1"}},"WH":{"5F":{"32":"1"},"7F":{"R4":"1"},"5C":{"53":"1","5X":"1"}},"7H":{"C3":{"29":"1","2C":"1","2F":"1"},"93":{"VC":"1","X9":"1","W9":"1","XF":"1","XC":"1","WC":"1"}},"MQ":{"Q2":{"W9":"1"},"VQ":{"XC":"1"},"PW":{"R3":"1"},"PV":{"PV":"1","PX":"1"}},"46":{"JP":{"28":"1","26":"1","27":"1"},"HP":{"X9":"1","X6":"1","X8":"1","X7":"1"}},"FG":{"VV":{"W8":"1","X5":"1","W7":"1","W6":"1","V6":"1","X7":"1","X6":"1","V5":"1","V7":"1","X8":"1","W5":"1","V8":"1"},"XV":{"22":"1"},"XR":{"2W":"1","2X":"1"},"WR":{"XW":"1","7J":"1","8J":"1","6J":"1","68":"1","XV":"1","6M":"1","XX":"1","WX":"1","WW":"1","WV":"1","7M":"1","8M":"1","78":"1","77":"1"},"WV":{"X2":"1"}},"XP":{"94":{"R6":"1","P5":"1","P4":"1"},"2X":{"VV":"1","VR":"1","RV":"1"}},"XR":{"6R":{"G4":"1","G3":"1","F4":"1","F3":"1"}},"3F":{"CW":{"5F":"1","4G":"1","5H":"1","3H":"1","4F":"1","3G":"1","3F":"1","5G":"1","4H":"1"}},"XW":{"JQ":{"H9":"1","JF":"1","HF":"1","JG":"1","HG":"1","JC":"1","HC":"1"}},"GJ":{"XJ":{"WH":"1","WM":"1","XJ":"1","WJ":"1","XH":"1","XM":"1"}},"3C":{"53":{"23":"1","24":"1"},"43":{"X5":"1","F4":"1","R2":"1","W4":"1","F3":"1","93":"1","X4":"1","W3":"1","V3":"1","R4":"1","R3":"1","92":"1","Q3":"1","C2":"1","C3":"1","V5":"1","V4":"1","W5":"1","X3":"1","V2":"1","C4":"1","94":"1"},"35":{"76":"1","86":"1"},"GR":{"8G":"1","8F":"1","99":"1","7H":"1","7G":"1","9F":"1","7C":"1","6G":"1","6H":"1","7F":"1","6F":"1","9G":"1","9C":"1","8H":"1","8C":"1"}},"MP":{"XQ":{"CQ":"1"}},"78":{"C3":{"92":"1"},"C2":{"9X":"1","9W":"1","CX":"1","9V":"1","8X":"1","CW":"1","8W":"1"}},"RC":{"VC":{"FG":"1","GG":"1","FJ":"1","GJ":"1","FH":"1","GH":"1"}},"48":{"3Q":{"2M":"1","3M":"1","2J":"1","3J":"1","3P":"1","2P":"1"},"2Q":{"PH":"1","XP":"1","RH":"1","XM":"1","QG":"1","PG":"1","PF":"1","QF":"1","QH":"1"}},"VH":{"X9":{"J2":"1"},"X8":{"CQ":"1"}},"PC":{"4F":{"X8":"1"},"H7":{"9W":"1","WH":"1","MQ":"1","MP":"1","MR":"1","JP":"1","JR":"1"},"H9":{"3C":"1","29":"1","39":"1","2C":"1","2F":"1"},"J9":{"4F":"1","54":"1","5F":"1","59":"1","4C":"1","7C":"1","69":"1","7F":"1","6F":"1","49":"1","79":"1","5C":"1","8C":"1","6C":"1","5G":"1","4G":"1"},"H6":{"83":"1","92":"1","84":"1","93":"1","6G":"1"},"G9":{"X9":"1","XC":"1","XG":"1","WH":"1","WJ":"1","WC":"1","WF":"1","XF":"1"},"J6":{"PM":"1"},"H8":{"XQ":"1","57":"1","PC":"1","XJ":"1","F5":"1","XP":"1","93":"1","XH":"1","XM":"1","C6":"1","X2":"1","78":"1","F6":"1","C5":"1","67":"1","C4":"1","94":"1"},"G8":{"CH":"1","FJ":"1","FH":"1"},"JP":{"83":"1","82":"1"},"J8":{"2M":"1","3F":"1","2P":"1","2Q":"1","7F":"1","4J":"1","4P":"1","2F":"1","4M":"1","5J":"1","5F":"1","6M":"1","7M":"1","3M":"1","6G":"1","6P":"1","6H":"1","4Q":"1","4R":"1","2R":"1","3J":"1","4H":"1","CQ":"1","5G":"1","2H":"1","7J":"1","6J":"1","6Q":"1","2J":"1","H6":"1","3G":"1","2G":"1","3H":"1","4F":"1","5P":"1","H7":"1","5Q":"1","7G":"1","5H":"1","4G":"1","7H":"1","3Q":"1","3P":"1","5R":"1","3R":"1","CR":"1","5M":"1"},"Q7":{"X4":"1"},"P7":{"49":"1"}},"Q9":{"3X":{"RR":"1","VV":"1","VR":"1","RV":"1"}},"PP":{"XW":{"WX":"1"},"XX":{"W2":"1"}},"RG":{"Q6":{"MP":"1","JP":"1","MQ":"1","JQ":"1"}},"PQ":{"P9":{"CQ":"1","9V":"1","FV":"1","CW":"1","CP":"1","FQ":"1","FP":"1","GV":"1","9Q":"1","CR":"1","FR":"1","CV":"1","GR":"1","9R":"1"},"V6":{"9R":"1","8V":"1","7V":"1","9V":"1","7R":"1","8R":"1"},"H8":{"W9":"1"},"55":{"GF":"1","FG":"1","FC":"1","FM":"1","GG":"1","CM":"1","8P":"1","9P":"1","8J":"1","GC":"1","CP":"1","GH":"1","FP":"1","G9":"1","9M":"1","GJ":"1","CJ":"1","CF":"1","FJ":"1","9H":"1","FH":"1","FF":"1","CG":"1","9G":"1","9J":"1","8M":"1","CH":"1"},"46":{"VC":"1","28":"1","29":"1","27":"1"},"J8":{"3F":"1","9G":"1","49":"1","8P":"1","4J":"1","3C":"1","4M":"1","5J":"1","5F":"1","6M":"1","39":"1","5C":"1","6R":"1","7M":"1","6G":"1","6P":"1","6H":"1","4Q":"1","8Q":"1","6F":"1","4H":"1","5G":"1","7J":"1","6J":"1","8J":"1","6Q":"1","3G":"1","7P":"1","59":"1","4F":"1","5P":"1","5Q":"1","4G":"1","5H":"1","7H":"1","7Q":"1","7R":"1","5R":"1","8M":"1","4C":"1"},"53":{"X2":"1"},"97":{"W6":"1"},"52":{"XG":"1","W9":"1","WQ":"1","WH":"1","WC":"1","WF":"1","XH":"1","XF":"1","WG":"1","X8":"1","VP":"1","JV":"1","VQ":"1"},"36":{"X9":"1","X8":"1","W9":"1","X7":"1","W8":"1","W7":"1"}},"6J":{"2H":{"CQ":"1","GP":"1","JQ":"1","MV":"1","HG":"1","PM":"1","VX":"1","GH":"1","FQ":"1","GM":"1","XV":"1","XX":"1","GQ":"1","WX":"1","JP":"1","XR":"1","HQ":"1","HP":"1","PP":"1","XW":"1"},"3H":{"8F":"1","3V":"1","3W":"1","3F":"1","2V":"1","93":"1","7C":"1","82":"1","7F":"1","92":"1","2X":"1","3X":"1","C2":"1","2W":"1","2R":"1"},"3G":{"7J":"1","9X":"1","9W":"1","6J":"1","4R":"1","CX":"1","4V":"1","8X":"1","5V":"1","CW":"1","8W":"1"},"2J":{"X2":"1","W3":"1","X3":"1","W2":"1","X4":"1","W4":"1"},"3J":{"32":"1","23":"1","22":"1"},"4J":{"J2":"1","W8":"1","M2":"1","W7":"1","R8":"1"},"4H":{"MX":"1"},"7M":{"9F":"1"}},"5J":{"X8":{"2M":"1","3M":"1","2J":"1","3J":"1","4J":"1","3P":"1","2P":"1"}},"WM":{"HX":{"GW":"1","FW":"1","FV":"1","HW":"1","FQ":"1","HR":"1","GV":"1","FR":"1","GQ":"1","JV":"1","HQ":"1","JR":"1","JW":"1","HV":"1","GR":"1","GX":"1","HX":"1"},"XR":{"M8":"1","P8":"1","P9":"1","M9":"1"}},"29":{"HP":{"4F":"1","2G":"1","59":"1","29":"1","4C":"1","3F":"1","38":"1","28":"1","48":"1","3C":"1","49":"1","39":"1","3G":"1","2C":"1","5C":"1","2F":"1","4G":"1"},"MF":{"WP":"1","PH":"1","XJ":"1","MG":"1","WM":"1","WJ":"1","RP":"1","XM":"1","PG":"1","RQ":"1","VP":"1","MH":"1","VQ":"1","VM":"1"},"GP":{"XG":"1","X9":"1","WF":"1","XF":"1","XC":"1","WC":"1"},"MG":{"H3":"1","G4":"1","7G":"1","F3":"1","Q2":"1","P3":"1","6G":"1","G2":"1","F2":"1","Q3":"1","G3":"1","H4":"1","P2":"1","5G":"1"}},"WC":{"QW":{"WM":"1","XJ":"1","WJ":"1","XM":"1"}},"58":{"4M":{"X7":"1","W7":"1"},"5M":{"C3":"1"}},"M8":{"5X":{"P9":"1","PC":"1","P8":"1","J7":"1","M8":"1","MC":"1","Q9":"1","QC":"1","P7":"1","M9":"1"}},"WP":{"G2":{"V7":"1"}},"8Q":{"49":{"MP":"1","PQ":"1","PP":"1","MQ":"1"}},"36":{"6Q":{"X8":"1","X7":"1"},"7Q":{"28":"1","37":"1","38":"1","48":"1","27":"1"},"7P":{"M7":"1","M6":"1","J7":"1","J6":"1","M8":"1","J8":"1","P7":"1"}},"76":{"CP":{"4P":"1","5Q":"1","3Q":"1","4Q":"1","5P":"1","3P":"1"}},"W9":{"8F":{"WM":"1","G7":"1","XJ":"1","CJ":"1","WJ":"1","XM":"1"},"8G":{"99":"1"},"9F":{"RH":"1","MJ":"1","QH":"1","MM":"1","9M":"1","HP":"1","PG":"1","PF":"1","7M":"1","RG":"1","QF":"1","RF":"1","QG":"1","MG":"1","JM":"1","RJ":"1","PH":"1","VG":"1","CM":"1","JH":"1","PJ":"1","VF":"1","9P":"1","WH":"1","VJ":"1","QP":"1","PP":"1","VH":"1","MP":"1","QJ":"1","MH":"1","HM":"1","JP":"1","8M":"1","JJ":"1","QM":"1","PM":"1"}},"F9":{"G2":{"4W":"1","5X":"1","5W":"1","4X":"1"}},"8G":{"55":{"97":"1","87":"1","96":"1"},"47":{"5F":"1","4F":"1","5C":"1","49":"1","4C":"1","59":"1"}},"QR":{"5G":{"VQ":"1","WQ":"1","VR":"1","WR":"1"}},"7Q":{"X8":{"62":"1","53":"1","52":"1","63":"1"},"X7":{"5X":"1"},"G2":{"WR":"1"}},"J7":{"66":{"37":"1","38":"1","48":"1","47":"1"},"4R":{"WP":"1","VP":"1","WM":"1","VQ":"1","VM":"1"}},"7C":{"RX":{"XQ":"1","XV":"1","XR":"1"},"VX":{"3Q":"1","3V":"1","2V":"1","2P":"1","2Q":"1","3R":"1","2W":"1","2R":"1"}},"7G":{"54":{"Q9":"1","P9":"1","QC":"1"}},"PJ":{"9Q":{"MC":"1","JC":"1"}},"MC":{"Q4":{"CV":"1"},"Q5":{"82":"1"}},"FF":{"32":{"7J":"1","8J":"1","7H":"1","26":"1","25":"1","35":"1","8H":"1","7G":"1"},"22":{"W8":"1","X5":"1","W7":"1","W6":"1","V6":"1","X7":"1","X6":"1","V5":"1","V7":"1","W5":"1"},"H7":{"78":"1","6C":"1","49":"1","7F":"1","79":"1","5F":"1","5C":"1","6G":"1","6H":"1","6F":"1","5G":"1","7C":"1","59":"1","4F":"1","7G":"1","4G":"1","5H":"1","69":"1","68":"1","4C":"1"}},"XQ":{"57":{"MC":"1","M8":"1","P8":"1","M7":"1","P9":"1","J8":"1","M9":"1","J9":"1"}},"5C":{"M4":{"32":"1","42":"1"},"W2":{"45":"1","44":"1","22":"1"},"R2":{"FV":"1","9V":"1","46":"1","82":"1","4H":"1","CQ":"1","7J":"1","3R":"1","7C":"1","CW":"1","4Q":"1","59":"1","5H":"1","7M":"1","54":"1","57":"1","4C":"1","9W":"1","8C":"1","8P":"1","FP":"1","77":"1","7G":"1","CM":"1","CP":"1","76":"1","7F":"1","5M":"1","67":"1","CR":"1","6H":"1","6F":"1","92":"1","8G":"1","9P":"1","7H":"1","5C":"1","55":"1","65":"1","6M":"1","72":"1","3Q":"1","9R":"1","56":"1","9Q":"1","CV":"1","8F":"1","66":"1","FQ":"1","45":"1","5G":"1","4G":"1","6C":"1","6G":"1","4J":"1","FW":"1","5F":"1","78":"1","58":"1","FM":"1","5J":"1","5Q":"1","4F":"1","6J":"1","83":"1","69":"1","4M":"1","68":"1"},"PC":{"PG":"1","JP":"1","QJ":"1","PH":"1","JM":"1","QH":"1","QG":"1","PJ":"1","JJ":"1"},"X4":{"JP":"1","HM":"1","JM":"1","HJ":"1"},"Q2":{"WW":"1","WV":"1"},"V3":{"Q4":"1"},"V9":{"5W":"1","5X":"1","5J":"1","3W":"1","5P":"1","4W":"1","7V":"1","5M":"1","6W":"1","5V":"1","4X":"1","4V":"1","6R":"1","4M":"1","6V":"1"},"M5":{"47":"1"},"R3":{"44":"1","43":"1"},"V4":{"P2":"1","P3":"1","M2":"1"},"R8":{"Q9":"1","P9":"1","PF":"1","QC":"1","R4":"1","QF":"1","PC":"1"},"R6":{"6R":"1","7V":"1","7R":"1"},"M2":{"C3":"1","F2":"1","C2":"1","F3":"1"},"M3":{"4W":"1","3X":"1","3W":"1","4X":"1"},"V2":{"X8":"1","W8":"1","R9":"1","W7":"1","3P":"1"},"P2":{"95":"1"}},"9G":{"2C":{"CQ":"1","GP":"1","GW":"1","FW":"1","9V":"1","FV":"1","FX":"1","FM":"1","CW":"1","HW":"1","9W":"1","CM":"1","9P":"1","CP":"1","FQ":"1","FP":"1","9M":"1","GV":"1","9Q":"1","9X":"1","CR":"1","FR":"1","GQ":"1","CV":"1","8V":"1","CX":"1","GR":"1","GX":"1","9R":"1","HX":"1"},"2F":{"92":"1","F2":"1","H2":"1","G2":"1","C2":"1"}},"67":{"X9":{"RF":"1"},"XQ":{"J2":"1","F2":"1","H2":"1","G2":"1","H3":"1"},"5J":{"H4":"1","G4":"1","G2":"1","J6":"1","C5":"1","F6":"1","G7":"1","C3":"1","G9":"1","H3":"1","C6":"1","F2":"1","C7":"1","F9":"1","F4":"1","G3":"1","F8":"1","H6":"1","C2":"1","C4":"1","G5":"1","F7":"1","H7":"1","G6":"1","H8":"1","J5":"1","F3":"1","J7":"1","F5":"1","C8":"1","J4":"1","J8":"1","G8":"1","H5":"1","M7":"1"},"XP":{"HW":"1","GW":"1","JX":"1","GX":"1","CX":"1","FW":"1","HX":"1","XV":"1","FX":"1","CW":"1"},"QM":{"RG":"1"},"5H":{"9R":"1","8V":"1","9V":"1","8R":"1"},"GX":{"8J":"1","9H":"1","9M":"1","CM":"1","9P":"1","CH":"1","CJ":"1","9J":"1","8M":"1"}},"9Q":{"X8":{"2C":"1"},"W8":{"XC":"1"}},"XH":{"V5":{"C6":"1","C7":"1"}},"QP":{"M8":{"55":"1"},"M7":{"JC":"1"},"X4":{"64":"1","74":"1","24":"1"},"5J":{"X8":"1"}},"HP":{"3Q":{"WH":"1","VJ":"1","WJ":"1","VH":"1"}},"QC":{"83":{"5R":"1"},"HF":{"49":"1"},"52":{"5X":"1"},"PH":{"33":"1"},"HC":{"2W":"1","2V":"1"}},"2C":{"FJ":{"M7":"1","R2":"1","P8":"1","Q2":"1","J7":"1","M8":"1","J8":"1","P7":"1"},"FH":{"RX":"1","RW":"1","QW":"1","QV":"1","PV":"1"}},"JG":{"J6":{"X6":"1","W3":"1","X3":"1","X4":"1","W5":"1","W4":"1","V4":"1","W6":"1","X5":"1","V5":"1"},"CX":{"XP":"1","WP":"1","VP":"1","VQ":"1","XQ":"1","XR":"1","WQ":"1","WR":"1"},"6X":{"32":"1","23":"1","22":"1","34":"1","24":"1","33":"1"},"2X":{"9X":"1"},"5W":{"MW":"1","PW":"1","PV":"1","MV":"1"},"4X":{"VG":"1","VH":"1"},"M6":{"45":"1","24":"1","26":"1","25":"1","47":"1","46":"1","27":"1","44":"1","35":"1","34":"1","37":"1","36":"1"},"J5":{"RX":"1"}},"7F":{"R2":{"25":"1"}},"2F":{"P3":{"7H":"1","8H":"1","7G":"1","8G":"1"}},"5H":{"M4":{"VC":"1","RC":"1","QC":"1","VF":"1","QF":"1","RF":"1"},"C8":{"X9":"1","W8":"1","VC":"1","XC":"1","P9":"1","PC":"1","W9":"1","R9":"1","WC":"1","V9":"1","MC":"1","RC":"1","X8":"1","PF":"1","Q9":"1","QC":"1","M9":"1"},"F8":{"28":"1","3C":"1","29":"1","39":"1","2C":"1","38":"1"},"C5":{"HH":"1","CG":"1","HF":"1","HP":"1","GJ":"1","HG":"1","CF":"1","GF":"1","FH":"1","JM":"1","FM":"1","JQ":"1","GH":"1","FC":"1","HJ":"1","FG":"1","FJ":"1","CC":"1","GG":"1","HQ":"1","GQ":"1","FF":"1","GM":"1","FP":"1","HM":"1","JP":"1","JJ":"1","GP":"1","CH":"1"},"G8":{"F4":"1","84":"1","F5":"1","F3":"1","93":"1","92":"1","95":"1","C6":"1","C2":"1","C3":"1","F6":"1","C5":"1","C4":"1","94":"1"}},"J6":{"G7":{"28":"1","37":"1","38":"1","27":"1"},"F7":{"X8":"1","X7":"1"}},"G5":{"4G":{"2H":"1","2M":"1","2J":"1"},"3G":{"XG":"1","XJ":"1","WM":"1","WH":"1","XP":"1","WJ":"1","RG":"1","RH":"1","XH":"1","XM":"1","VH":"1","VJ":"1","WG":"1","VG":"1","QH":"1"},"2F":{"68":"1","7C":"1","69":"1","79":"1","78":"1"}},"JH":{"76":{"29":"1","2C":"1"},"66":{"X9":"1","XC":"1","XG":"1","W9":"1","WH":"1","WC":"1","WF":"1","VF":"1","VH":"1","XF":"1","WG":"1","VG":"1"},"62":{"5W":"1","9V":"1","7X":"1","8X":"1","CW":"1","9W":"1","5X":"1","Q2":"1","P3":"1","7W":"1","9X":"1","Q3":"1","7V":"1","6W":"1","CV":"1","8V":"1","CX":"1","5V":"1","8W":"1","6V":"1","6X":"1"},"45":{"72":"1"},"M8":{"HJ":"1","FM":"1","GM":"1","GJ":"1","MF":"1","FJ":"1","HM":"1","MC":"1"},"53":{"H2":"1","G2":"1","H4":"1","G3":"1","H3":"1"},"P8":{"4W":"1","6X":"1","4V":"1","5V":"1","5X":"1","5W":"1","6W":"1"},"52":{"78":"1","FR":"1","65":"1","86":"1","87":"1","52":"1","55":"1","CQ":"1","FM":"1","QR":"1","64":"1","CM":"1","FV":"1","66":"1","54":"1","CC":"1","85":"1","77":"1","76":"1","GQ":"1","67":"1","9W":"1","75":"1","FQ":"1","FP":"1","68":"1","CP":"1","GP":"1","74":"1","CR":"1"},"23":{"36":"1","35":"1"},"54":{"69":"1","59":"1"},"34":{"JR":"1","JV":"1"},"55":{"V9":"1"},"63":{"86":"1","72":"1","63":"1","73":"1","54":"1","62":"1","77":"1","65":"1","64":"1","56":"1","84":"1","93":"1","75":"1","83":"1","66":"1","82":"1","55":"1","92":"1","95":"1","C3":"1","C2":"1","96":"1","76":"1","74":"1","97":"1","85":"1","52":"1","94":"1"},"72":{"98":"1","8F":"1","89":"1","99":"1","5F":"1","9F":"1","7C":"1","6G":"1","C9":"1","7F":"1","C8":"1","6F":"1","CC":"1","9C":"1","5C":"1","8C":"1","6C":"1","5G":"1"}},"RM":{"6Q":{"8Q":"1"},"29":{"83":"1","73":"1","74":"1","84":"1"},"8V":{"Q9":"1","X8":"1","P9":"1","Q8":"1"},"3Q":{"5R":"1","MQ":"1","JQ":"1"},"XF":{"J9":"1"},"4R":{"H2":"1","G2":"1","G3":"1","H3":"1"},"4Q":{"4G":"1","6H":"1","5H":"1","5G":"1","4H":"1","6G":"1"},"5V":{"G5":"1"},"2Q":{"97":"1","VR":"1"},"2P":{"QR":"1"}},"JR":{"4V":{"GQ":"1","CQ":"1","GP":"1","9Q":"1"}},"HF":{"GC":{"HM":"1","JG":"1","MH":"1","HG":"1","JM":"1","HH":"1","HJ":"1","JH":"1","MM":"1","JJ":"1","MJ":"1"},"3R":{"7P":"1","5J":"1","7M":"1","5P":"1","6Q":"1","7Q":"1","5M":"1","6P":"1","6M":"1","6J":"1"}},"VQ":{"4C":{"98":"1","8G":"1","8F":"1","89":"1","99":"1","9F":"1","C8":"1","79":"1","88":"1","87":"1","9G":"1","9C":"1","78":"1","97":"1","C7":"1","8C":"1"}},"GP":{"7Q":{"X9":"1","W9":"1","V7":"1","W8":"1","R7":"1","V8":"1","V9":"1","R8":"1"},"5R":{"4W":"1","4R":"1","5R":"1","4V":"1","5V":"1","5W":"1"},"6V":{"7J":"1","6J":"1","M9":"1","7M":"1"},"5V":{"98":"1","89":"1","99":"1","F4":"1","38":"1","F5":"1","28":"1","88":"1","87":"1","97":"1","37":"1","C5":"1","C4":"1"},"7R":{"6Q":"1","6R":"1","7Q":"1","G6":"1","7R":"1"},"5W":{"V3":"1","V4":"1"}},"P8":{"X2":{"V3":"1"}},"8F":{"4P":{"4V":"1","9V":"1","7Q":"1","3X":"1","5W":"1","7V":"1","8V":"1","3R":"1","2M":"1","2R":"1","8W":"1","CW":"1","4Q":"1","7M":"1","4X":"1","9W":"1","7W":"1","8P":"1","8M":"1","5M":"1","5R":"1","9M":"1","3M":"1","9P":"1","6W":"1","2V":"1","4R":"1","8X":"1","3P":"1","7X":"1","6M":"1","5X":"1","3Q":"1","9R":"1","5V":"1","3V":"1","6Q":"1","9Q":"1","CV":"1","6P":"1","8Q":"1","4P":"1","5P":"1","3W":"1","4W":"1","2W":"1","6R":"1","8R":"1","2Q":"1","6X":"1","2P":"1","5Q":"1","7P":"1","2X":"1","4M":"1","6V":"1","7R":"1"},"3C":{"RX":"1","QX":"1","XX":"1"},"4Q":{"62":"1","52":"1","82":"1","G5":"1","72":"1"},"4F":{"54":"1","56":"1","55":"1"},"3F":{"Q2":"1","P3":"1","R2":"1","M3":"1"},"4C":{"2X":"1"},"3P":{"XW":"1","XV":"1","XR":"1","XX":"1"}},"98":{"HM":{"XW":"1","XV":"1","XR":"1","WR":"1","WV":"1"},"JM":{"2W":"1","2R":"1","2V":"1"}},"5F":{"G4":{"J6":"1","M5":"1","M6":"1","J5":"1"}},"H9":{"3Q":{"43":"1","45":"1","22":"1","63":"1","54":"1","57":"1","24":"1","26":"1","65":"1","64":"1","56":"1","25":"1","47":"1","28":"1","42":"1","66":"1","55":"1","46":"1","27":"1","33":"1","44":"1","35":"1","53":"1","32":"1","34":"1","23":"1","37":"1","36":"1","67":"1"},"2Q":{"R5":"1","W6":"1","P9":"1","W3":"1","Q4":"1","X4":"1","P6":"1","R8":"1","R2":"1","V3":"1","V6":"1","W2":"1","Q9":"1","R3":"1","P3":"1","V5":"1","W8":"1","R7":"1","Q5":"1","Q7":"1","V7":"1","X3":"1","X7":"1","W7":"1","P7":"1","PC":"1","V2":"1","Q3":"1","X6":"1","X2":"1","W4":"1","X8":"1","QC":"1","R9":"1","Q8":"1","P5":"1","V8":"1","W5":"1","V4":"1","P4":"1","Q6":"1","R4":"1","X5":"1","P8":"1","R6":"1","V9":"1"},"3P":{"2X":"1"},"2P":{"RX":"1","VX":"1","XX":"1","WX":"1","WW":"1","VW":"1"}},"G4":{"J5":{"85":"1","95":"1","96":"1","86":"1"}},"79":{"PJ":{"GC":"1"}},"28":{"R6":{"98":"1","86":"1","77":"1","C8":"1","96":"1","76":"1","88":"1","87":"1","78":"1","97":"1","C7":"1"},"RR":{"86":"1","77":"1","75":"1","95":"1","76":"1","85":"1","67":"1"},"W5":{"2H":"1","3C":"1","29":"1","2C":"1","3H":"1","4F":"1","3G":"1","2J":"1","2G":"1","3F":"1","2F":"1"},"V5":{"RR":"1","RQ":"1","PM":"1","VM":"1","XJ":"1","WH":"1","PP":"1","QR":"1","PH":"1","XG":"1","W9":"1","PQ":"1","VG":"1","PJ":"1","MJ":"1","QC":"1","XC":"1","V9":"1","RV":"1","VV":"1","MR":"1","RF":"1","RC":"1","VQ":"1","RH":"1","WM":"1","QF":"1","QW":"1","XH":"1","XM":"1","RG":"1","WJ":"1","MQ":"1","RP":"1","QH":"1","PR":"1","QM":"1","VP":"1","VF":"1","WC":"1","WG":"1","RM":"1","MP":"1","QP":"1","QJ":"1","RJ":"1","QQ":"1","Q9":"1","VJ":"1","WF":"1","MM":"1","X9":"1","VH":"1","XF":"1","VC":"1","VR":"1","R9":"1","QG":"1"}},"2H":{"52":{"83":"1","73":"1","74":"1","84":"1","26":"1","25":"1","82":"1","24":"1"},"42":{"X6":"1","W3":"1","X4":"1","W5":"1","W4":"1","V4":"1","W6":"1","X5":"1"}},"77":{"9V":{"HW":"1","FM":"1","8V":"1","9X":"1","9W":"1","HR":"1","GV":"1","CX":"1","7V":"1","7R":"1","CW":"1","GR":"1","HV":"1","8R":"1"},"8X":{"XG":"1","WG":"1","WH":"1","6H":"1","WF":"1","XF":"1","7H":"1","XH":"1"},"CW":{"6Q":"1","6R":"1","5Q":"1","5R":"1","5P":"1","6P":"1"},"9W":{"VC":"1","2W":"1","W9":"1","WF":"1","2V":"1","XC":"1","WC":"1","VF":"1"},"9X":{"2G":"1"},"2P":{"4V":"1","7Q":"1","7J":"1","5W":"1","3J":"1","7V":"1","3R":"1","3H":"1","2M":"1","2R":"1","4Q":"1","7M":"1","7W":"1","8P":"1","8M":"1","5M":"1","5R":"1","3M":"1","6W":"1","2V":"1","4R":"1","3P":"1","7X":"1","6M":"1","3Q":"1","5V":"1","3V":"1","6Q":"1","6P":"1","8Q":"1","4P":"1","5P":"1","3W":"1","4W":"1","2W":"1","6R":"1","8R":"1","4J":"1","2Q":"1","6X":"1","2P":"1","5J":"1","5Q":"1","7P":"1","6J":"1","4M":"1","6V":"1","7R":"1","2J":"1"},"8V":{"FC":"1","FG":"1","7H":"1","FF":"1","CF":"1","CG":"1","8H":"1","GF":"1","8G":"1","CC":"1"},"HF":{"RQ":"1","VP":"1","VQ":"1","RR":"1","VV":"1","VR":"1"},"8W":{"RR":"1","RQ":"1","PM":"1","WV":"1","CG":"1","PP":"1","QR":"1","FF":"1","PH":"1","MH":"1","XV":"1","PJ":"1","MJ":"1","G9":"1","9G":"1","FC":"1","XR":"1","HC":"1","FG":"1","HF":"1","VV":"1","VQ":"1","RH":"1","9H":"1","RP":"1","QH":"1","GG":"1","QM":"1","VP":"1","WW":"1","WQ":"1","GC":"1","RM":"1","QP":"1","QJ":"1","RJ":"1","QQ":"1","WR":"1","GF":"1","XW":"1","MM":"1","VR":"1"}},"HH":{"X4":{"H5":"1","G7":"1","H6":"1","F7":"1","C6":"1","G6":"1","G4":"1","F6":"1","G5":"1","F5":"1"}},"3H":{"4W":{"G9":"1","F9":"1","F8":"1","G8":"1","C8":"1","97":"1","C7":"1","F7":"1"},"4R":{"VR":"1","VX":"1","XV":"1","RV":"1","VV":"1","XX":"1","WV":"1","WX":"1","RQ":"1","RX":"1","VW":"1","RR":"1","RW":"1","XW":"1","WW":"1"},"4V":{"W2":"1","R2":"1","W4":"1","X4":"1","W3":"1","V3":"1","X2":"1","X3":"1","V2":"1"},"4F":{"4H":"1","5J":"1","4J":"1","5H":"1","3J":"1","4M":"1","3M":"1"},"5V":{"23":"1","22":"1","24":"1"}},"6M":{"WM":{"Q2":"1","Q3":"1","R3":"1"}},"6F":{"46":{"H7":"1"},"V3":{"C9":"1","FC":"1","FF":"1","CF":"1","9C":"1","CC":"1","9F":"1"}},"6C":{"45":{"WM":"1","VM":"1"},"63":{"JQ":"1","PX":"1","MQ":"1","MR":"1","MX":"1","MW":"1","QW":"1","QX":"1","JR":"1","JW":"1","PW":"1","GX":"1","HX":"1","JX":"1"},"73":{"VC":"1","RF":"1","PH":"1","MG":"1","RG":"1","RJ":"1","RH":"1","VF":"1","MF":"1","VH":"1","QG":"1","VJ":"1","PG":"1","PF":"1","VG":"1","QF":"1","QH":"1"},"24":{"3C":"1","2C":"1"},"59":{"X9":"1"},"77":{"2J":"1"},"65":{"36":"1","34":"1","XV":"1","JW":"1","HX":"1","XR":"1","65":"1","WX":"1","MX":"1","VW":"1","35":"1","55":"1","RW":"1","QX":"1","WW":"1","GX":"1","66":"1","54":"1","XP":"1","PW":"1","VX":"1","45":"1","67":"1","44":"1","37":"1","46":"1","56":"1","57":"1","JX":"1","QW":"1","RX":"1","47":"1","MW":"1"},"64":{"H4":"1","M4":"1","J2":"1","PQ":"1","6R":"1","7V":"1","5V":"1","H3":"1","P3":"1","QR":"1","PR":"1","Q2":"1","5W":"1","7W":"1","M3":"1","P2":"1","Q3":"1","J5":"1","M2":"1","QP":"1","6V":"1","J4":"1","PP":"1","6W":"1","7R":"1","5R":"1","J3":"1","H5":"1","QQ":"1","M5":"1","P4":"1","QM":"1","H2":"1","PM":"1"},"G4":{"7P":"1"},"56":{"PG":"1","MH":"1","PH":"1","MG":"1"},"4C":{"F6":"1"},"7G":{"RQ":"1","WP":"1","VP":"1","VQ":"1","RR":"1","WQ":"1","VR":"1","RP":"1","WR":"1"},"F3":{"5W":"1","7X":"1","3V":"1","5X":"1","4R":"1","3W":"1","7W":"1","4W":"1","7V":"1","6W":"1","8V":"1","5V":"1","4V":"1","8W":"1","5R":"1","6R":"1","6V":"1","6X":"1"},"75":{"93":"1","3X":"1","5W":"1","88":"1","2R":"1","CX":"1","8W":"1","94":"1","4X":"1","9W":"1","96":"1","95":"1","77":"1","76":"1","75":"1","87":"1","86":"1","6W":"1","98":"1","8X":"1","65":"1","84":"1","5X":"1","3Q":"1","5V":"1","66":"1","97":"1","9X":"1","3W":"1","99":"1","4J":"1","6X":"1","83":"1","85":"1"},"Q4":{"64":"1","62":"1","53":"1","52":"1","54":"1","43":"1","63":"1","42":"1"},"66":{"VM":"1","XJ":"1","WH":"1","H5":"1","CH":"1","CJ":"1","5H":"1","VG":"1","M2":"1","7G":"1","XP":"1","G2":"1","6H":"1","6F":"1","J3":"1","7H":"1","H3":"1","M3":"1","WM":"1","V2":"1","XH":"1","XM":"1","WP":"1","WJ":"1","J2":"1","G3":"1","RP":"1","R2":"1","VP":"1","J5":"1","WG":"1","H2":"1","5G":"1","H6":"1","H4":"1","M5":"1","6G":"1","VJ":"1","5F":"1","5J":"1","VH":"1","M4":"1","6J":"1","J4":"1","JX":"1"},"7C":{"J2":"1","H2":"1","G2":"1"},"69":{"CQ":"1","9P":"1","9Q":"1","CP":"1"},"46":{"45":"1","56":"1","55":"1"},"92":{"HG":"1","PM":"1","M8":"1","PH":"1","J9":"1","P7":"1","HH":"1","MG":"1","MH":"1","PJ":"1","MJ":"1","M2":"1","HC":"1","JG":"1","J3":"1","QC":"1","HF":"1","RF":"1","MF":"1","PF":"1","RC":"1","RH":"1","QF":"1","M3":"1","PC":"1","RG":"1","J2":"1","QH":"1","H8":"1","QM":"1","PG":"1","RM":"1","MC":"1","J8":"1","QP":"1","QJ":"1","RJ":"1","Q9":"1","Q7":"1","JF":"1","JC":"1","M9":"1","Q8":"1","JH":"1","H9":"1","P9":"1","M4":"1","P8":"1","R9":"1","QG":"1"},"F2":{"FM":"1","CM":"1","GP":"1","FP":"1","FJ":"1","GJ":"1","CP":"1","GM":"1"},"95":{"6C":"1","9G":"1","7F":"1","79":"1","5F":"1","5C":"1","6G":"1","3J":"1","6F":"1","5G":"1","2H":"1","7C":"1","2J":"1","2G":"1","3H":"1","8G":"1","7G":"1","8F":"1","89":"1","9F":"1","69":"1","8C":"1"},"76":{"C3":"1","83":"1","73":"1","32":"1","62":"1","92":"1","3M":"1","52":"1","82":"1","WR":"1","93":"1","C2":"1","63":"1","72":"1","42":"1"},"79":{"HW":"1","GW":"1","JX":"1","GX":"1","HX":"1","JW":"1","JC":"1"},"34":{"6Q":"1","6R":"1","5Q":"1","5R":"1"},"85":{"XG":"1","XJ":"1","WH":"1","WJ":"1","WF":"1","XH":"1","VF":"1","VH":"1","VJ":"1","WG":"1","VG":"1"},"67":{"FM":"1","GM":"1"}},"W2":{"R6":{"HQ":"1"}},"C9":{"GF":{"Q6":"1","V6":"1","Q5":"1","Q4":"1","R7":"1","V5":"1","Q7":"1","R6":"1","R5":"1","P6":"1"},"RG":{"H9":"1"},"RF":{"57":"1","68":"1","69":"1","67":"1","59":"1","58":"1","79":"1","78":"1"}},"2G":{"3V":{"W3":"1","W4":"1","V3":"1","V4":"1"},"2W":{"G6":"1","H7":"1","H6":"1","J7":"1","J6":"1","H8":"1","J8":"1","G7":"1"},"5R":{"FQ":"1","GQ":"1","CQ":"1","GV":"1","FR":"1","GP":"1","CR":"1","FP":"1","CP":"1","GR":"1","FV":"1"},"8X":{"36":"1","26":"1","25":"1","35":"1"},"5X":{"GW":"1","FW":"1","FX":"1","4Q":"1","2X":"1","2W":"1","6X":"1"},"99":{"43":"1","GW":"1","22":"1","FW":"1","7X":"1","FV":"1","FX":"1","8X":"1","CW":"1","HW":"1","9W":"1","42":"1","GV":"1","9X":"1","MW":"1","33":"1","JV":"1","32":"1","CX":"1","JW":"1","HV":"1","JX":"1","HX":"1"},"7W":{"GW":"1","GV":"1","GR":"1"},"9C":{"72":"1","73":"1","F4":"1","G4":"1","84":"1","Q5":"1","F3":"1","93":"1","Q4":"1","83":"1","82":"1","R4":"1","R3":"1","92":"1","Q3":"1","F2":"1","G3":"1","C2":"1","C3":"1","V5":"1","V4":"1","P4":"1","74":"1","W5":"1","R5":"1"},"4X":{"MM":"1","HJ":"1","PR":"1","MJ":"1","JJ":"1","PC":"1","HG":"1","PM":"1","CM":"1","MG":"1","9P":"1","GM":"1","JH":"1","9M":"1","GJ":"1","MR":"1","MF":"1","CJ":"1","HM":"1","MC":"1","QV":"1","QR":"1","HH":"1","JP":"1","PF":"1","JF":"1","JG":"1","PJ":"1","HP":"1","HF":"1","PV":"1","JM":"1","MH":"1"},"98":{"2W":"1","2X":"1","3X":"1","3W":"1","4X":"1"}},"89":{"8M":{"9Q":"1"}},"3J":{"62":{"RX":"1","VX":"1"},"63":{"R2":"1","V2":"1"}},"7J":{"FX":{"GW":"1","GX":"1"}},"P5":{"P5":{"82":"1"}},"99":{"C3":{"4X":"1","8X":"1","FR":"1","CW":"1","HV":"1","HX":"1","3X":"1","7V":"1","8V":"1","FX":"1","HR":"1","9V":"1","6X":"1","GV":"1","5W":"1","GX":"1","7W":"1","FW":"1","GW":"1","CV":"1","FV":"1","7X":"1","5X":"1","9R":"1","GR":"1","HW":"1","4W":"1","CX":"1","9W":"1","6V":"1","6W":"1","FQ":"1","8W":"1","9X":"1","2X":"1","CR":"1"},"94":{"QQ":"1","VX":"1","Q9":"1","WR":"1","QX":"1","MJ":"1","PV":"1","XJ":"1","WJ":"1","WG":"1","JC":"1","PQ":"1","CF":"1","F8":"1","VR":"1","QW":"1","W6":"1","V6":"1","X3":"1","HF":"1","J8":"1","VC":"1","HM":"1","JQ":"1","V7":"1","W8":"1","H7":"1","QR":"1","VV":"1","RF":"1","H9":"1","PF":"1","GJ":"1","C7":"1","WH":"1","WV":"1","JJ":"1","P8":"1","MV":"1","PC":"1","98":"1","FH":"1","M9":"1","GM":"1","JF":"1","P7":"1","W2":"1","VM":"1","MR":"1","J9":"1","J6":"1","RJ":"1","HH":"1","RX":"1","W3":"1","HJ":"1","G7":"1","C8":"1","HQ":"1","XV":"1","M6":"1","G4":"1","97":"1","87":"1","X4":"1","W7":"1","W5":"1","99":"1","GG":"1","FG":"1","Q7":"1","H8":"1","MP":"1","XX":"1","G8":"1","Q5":"1","W9":"1","WQ":"1","F6":"1","QM":"1","XG":"1","WM":"1","MQ":"1","Q8":"1","VJ":"1","GF":"1","V9":"1","PW":"1","F9":"1","MF":"1","XP":"1","G9":"1","Q6":"1","G6":"1","QF":"1","HG":"1","M5":"1","GC":"1","PR":"1","H5":"1","JM":"1","VG":"1","MC":"1","X6":"1","WC":"1","RQ":"1","M4":"1","F5":"1","V4":"1","JH":"1","R5":"1","CC":"1","R3":"1","V8":"1","QP":"1","VP":"1","R7":"1","WF":"1","W4":"1","RR":"1","JR":"1","86":"1","P6":"1","R8":"1","RV":"1","WX":"1","96":"1","Q4":"1","P9":"1","RG":"1","VQ":"1","X9":"1","XR":"1","MH":"1","C9":"1","FF":"1","M7":"1","XH":"1","R9":"1","GH":"1","X2":"1","HP":"1","WP":"1","9C":"1","F7":"1","MG":"1","G5":"1","QG":"1","R6":"1","J4":"1","HC":"1","RP":"1","WW":"1","XW":"1","XF":"1","88":"1","H4":"1","RM":"1","RC":"1","PH":"1","XM":"1","VW":"1","RH":"1","V3":"1","M8":"1","QC":"1","PP":"1","PM":"1","PG":"1","PJ":"1","X7":"1","X5":"1","RW":"1","J7":"1","V5":"1","JP":"1","CG":"1","X8":"1","XC":"1","MM":"1","R4":"1","VH":"1","C6":"1","XQ":"1","QH":"1","VF":"1","P4":"1","FJ":"1","JG":"1","FC":"1","C5":"1","J5":"1","P5":"1","QJ":"1","QV":"1","H6":"1"},"C4":{"F8":"1","44":"1","2Q":"1","C5":"1","38":"1","CG":"1","H3":"1","92":"1","4F":"1","84":"1","74":"1","37":"1","6G":"1","86":"1","HG":"1","59":"1","6H":"1","63":"1","93":"1","8H":"1","G3":"1","62":"1","F7":"1","5P":"1","45":"1","88":"1","7H":"1","3R":"1","46":"1","F4":"1","3Q":"1","95":"1","52":"1","G9":"1","22":"1","FG":"1","C7":"1","H8":"1","83":"1","5M":"1","FH":"1","3F":"1","9F":"1","47":"1","3C":"1","78":"1","39":"1","9J":"1","48":"1","55":"1","49":"1","CC":"1","25":"1","24":"1","F2":"1","6J":"1","5J":"1","29":"1","58":"1","9H":"1","36":"1","F3":"1","76":"1","CJ":"1","F9":"1","4M":"1","4G":"1","8G":"1","GC":"1","7C":"1","42":"1","7G":"1","23":"1","FF":"1","75":"1","66":"1","65":"1","4R":"1","H7":"1","5C":"1","9G":"1","67":"1","CH":"1","82":"1","4J":"1","2C":"1","2X":"1","7F":"1","2F":"1","H4":"1","5H":"1","8J":"1","GG":"1","G5":"1","3M":"1","9C":"1","68":"1","26":"1","C6":"1","HF":"1","2M":"1","96":"1","8F":"1","98":"1","5F":"1","5Q":"1","H9":"1","G4":"1","H5":"1","79":"1","56":"1","28":"1","72":"1","G2":"1","C3":"1","94":"1","2J":"1","2H":"1","77":"1","3V":"1","2W":"1","87":"1","2V":"1","4H":"1","3H":"1","C4":"1","6M":"1","35":"1","5G":"1","6F":"1","97":"1","HC":"1","6C":"1","3P":"1","73":"1","C9":"1","32":"1","2G":"1","89":"1","C2":"1","4C":"1","85":"1","3J":"1","53":"1","7J":"1","57":"1","G7":"1","3G":"1","34":"1","F5":"1","2R":"1","C8":"1","4Q":"1","99":"1","33":"1","G8":"1","6P":"1","69":"1","F6":"1","54":"1","2P":"1","H6":"1","27":"1","GF":"1","43":"1","64":"1","FC":"1","4P":"1","CF":"1","8C":"1","G6":"1","H2":"1"},"95":{"X2":"1","W3":"1","W2":"1","V3":"1","R2":"1","V2":"1"}},"33":{"G6":{"WR":"1","VR":"1","RV":"1","VV":"1","WV":"1","VW":"1","RR":"1","VQ":"1"},"H7":{"64":"1","65":"1","74":"1","53":"1","54":"1","63":"1"}},"GM":{"VF":{"RF":"1"}},"HJ":{"2M":{"FG":"1","CH":"1","CF":"1","CG":"1","9G":"1","FH":"1"},"2J":{"2H":"1","2M":"1","2J":"1"},"R7":{"75":"1","74":"1"},"3J":{"8G":"1","GW":"1","FW":"1","MV":"1","FV":"1","HW":"1","7H":"1","8J":"1","7G":"1","HR":"1","GV":"1","6H":"1","7J":"1","9H":"1","JV":"1","8H":"1","JR":"1","JW":"1","HV":"1","GR":"1","9J":"1"},"4J":{"32":"1","44":"1","23":"1","43":"1","22":"1","34":"1","33":"1"},"4H":{"2X":"1","3X":"1"}},"69":{"94":{"XG":"1","WG":"1","WH":"1","XF":"1","XJ":"1","XH":"1"},"9X":{"JX":"1","MX":"1"},"P5":{"3V":"1","2W":"1","4W":"1","2V":"1","2X":"1","3X":"1","5X":"1","3W":"1","5W":"1","4X":"1"},"C4":{"2H":"1","2C":"1","3H":"1","3G":"1","2J":"1","2G":"1","3F":"1","2F":"1"},"2G":{"5H":"1","5M":"1","5J":"1"},"87":{"F2":"1","G2":"1"},"6V":{"G5":"1"},"P6":{"52":"1","42":"1"},"96":{"36":"1","37":"1","46":"1","47":"1"},"86":{"HF":"1","FR":"1","CW":"1","8R":"1","GC":"1","GF":"1","FX":"1","CQ":"1","9V":"1","QR":"1","GX":"1","FC":"1","CV":"1","FV":"1","HC":"1","9R":"1","RR":"1","RV":"1","FF":"1","9Q":"1","FQ":"1","CR":"1"}},"GF":{"GQ":{"Q9":"1","V7":"1","P8":"1","P9":"1","R7":"1","R9":"1","V8":"1","Q8":"1","R8":"1","Q7":"1"},"FR":{"MM":"1","HJ":"1","PR":"1","JQ":"1","PM":"1","MQ":"1","MP":"1","RV":"1","HR":"1","GJ":"1","MR":"1","HM":"1","QV":"1","QR":"1","JP":"1","QQ":"1","HQ":"1","JR":"1","HP":"1","RR":"1","PQ":"1","PV":"1","JM":"1","PP":"1"},"VW":{"4F":"1","5F":"1","57":"1","59":"1","29":"1","4C":"1","3F":"1","3C":"1","69":"1","58":"1","68":"1","49":"1","39":"1","78":"1","2C":"1","5C":"1","6C":"1","67":"1"},"GR":{"3V":"1","2R":"1","2V":"1","3R":"1","2Q":"1"}},"QM":{"RQ":{"9G":"1"},"XQ":{"VM":"1"},"XR":{"MC":"1","M8":"1","P9":"1","M9":"1","J9":"1","PC":"1"},"XM":{"HF":"1"}},"FC":{"R5":{"43":"1","45":"1","22":"1","63":"1","54":"1","57":"1","24":"1","26":"1","65":"1","64":"1","56":"1","25":"1","47":"1","42":"1","48":"1","66":"1","58":"1","55":"1","46":"1","27":"1","33":"1","44":"1","35":"1","53":"1","32":"1","34":"1","23":"1","52":"1","37":"1","36":"1","67":"1"},"Q4":{"XX":"1"},"RJ":{"MM":"1","98":"1","WP":"1","RM":"1","PR":"1","86":"1","XQ":"1","MV":"1","QP":"1","WR":"1","77":"1","PM":"1","WQ":"1","VR":"1","WM":"1","XP":"1","PX":"1","MQ":"1","RP":"1","RJ":"1","MP":"1","XV":"1","RV":"1","XM":"1","VV":"1","MR":"1","J2":"1","QJ":"1","WV":"1","MX":"1","MW":"1","VJ":"1","QV":"1","QR":"1","96":"1","QM":"1","76":"1","RQ":"1","QQ":"1","88":"1","XR":"1","M2":"1","VP":"1","87":"1","RX":"1","PJ":"1","QW":"1","QX":"1","97":"1","RR":"1","PQ":"1","PV":"1","PW":"1","PP":"1","XW":"1","VQ":"1","VM":"1"},"Q5":{"X6":"1","X2":"1","W3":"1","X3":"1","W2":"1","X7":"1","X4":"1","W5":"1","W4":"1","X5":"1"},"VJ":{"2M":"1","2W":"1","2R":"1","2V":"1","2Q":"1","2P":"1"},"R4":{"2X":"1","3X":"1","5X":"1","4X":"1"},"VH":{"JF":"1"},"RH":{"RM":"1","PR":"1","QP":"1","RP":"1","RV":"1","MX":"1","QV":"1","QR":"1","QM":"1","QW":"1","RR":"1","RW":"1","PV":"1","PW":"1","JX":"1"}},"V8":{"RC":{"9F":"1"},"R9":{"FV":"1","FQ":"1","GV":"1","HR":"1","FR":"1","GQ":"1","HQ":"1","HV":"1","GR":"1"}}}}