{"index":{"university,1|retail,2|tourism,3|wreck,4|historical,5|artsCulture,6|namedBuilding,7|water,8|wetland,9|park,10|beach,11|natureReserve,12|cemetery,13|trail,14":{}},"5H":{"P9":{"CJ":{"JF":"1"}},"HF":{"RC":{"V3":"1"},"V9":{"7G":"1"}},"H9":{"28":{"FF":"1"},"4G":{"MM":"1","4P":"1","2F":"1","GJ":"1","PQ":"1","6R":"1","RQ":"1","4R":"1","FX":"1","3W":"1","4V":"1","3G":"1","5P":"1","RP":"1","29":"1","RM":"1","F3":"1","QP":"1","PP":"1","MP":"1","QQ":"1","QM":"1","VP":"1","5M":"1","PM":"1"},"5H":{"74":"1"},"2C":{"FG":"1","HG":"1","JC":"1","GG":"1","HC":"1","GH":"1","MF":"1","CF":"1","MC":"1","HH":"1","FF":"1","CG":"1","JG":"1","JF":"1","HF":"1"},"3H":{"M4":"1","J3":"1","J4":"1","M6":"1","Q5":"1","Q2":"1","P5":"1","Q4":"1","P3":"1","M5":"1","J2":"1","R4":"1","R3":"1","M8":"1","Q3":"1","35":"1","P4":"1","M2":"1","M9":"1","34":"1","M3":"1","P6":"1","J5":"1","P2":"1"},"3G":{"JJ":"1","XJ":"1","M8":"1","XG":"1","P7":"1","HV":"1","8P":"1","7G":"1","VX":"1","M7":"1","HF":"1","MX":"1","H3":"1","HR":"1","RH":"1","XH":"1","HJ":"1","GJ":"1","GG":"1","P5":"1","VP":"1","WG":"1","R8":"1","RM":"1","PX":"1","J8":"1","GV":"1","GR":"1","QP":"1","R6":"1","J7":"1","6G":"1","VJ":"1","JF":"1","W4":"1","VH":"1"},"2G":{"4P":"1","4M":"1","7M":"1"},"3F":{"FJ":"1","GJ":"1","J9":"1","FH":"1"},"4H":{"J2":"1","H2":"1","C6":"1"}},"F6":{"P7":{"4H":"1"}},"PF":{"HP":{"6V":"1"},"MH":{"2J":"1"}},"G9":{"WH":{"J2":"1"},"53":{"G6":"1","G5":"1"},"52":{"4P":"1","2M":"1","5P":"1","4M":"1","5M":"1"},"42":{"HM":"1","HP":"1"},"33":{"64":"1","45":"1","65":"1","54":"1","55":"1"}},"GC":{"4R":{"55":"1"}},"C9":{"G4":{"P5":"1","P6":"1"},"H4":{"C2":"1"},"G3":{"RQ":"1","VP":"1","WM":"1","VV":"1","XM":"1","WV":"1"},"H3":{"3V":"1"}},"Q9":{"4X":{"7W":"1"}},"QG":{"52":{"FC":"1"}},"9C":{"V2":{"P6":"1"}},"CQ":{"XP":{"97":"1","98":"1"},"PG":{"J4":"1","7H":"1","8H":"1","7G":"1","8G":"1","J5":"1"},"X7":{"H8":"1","XJ":"1","J7":"1","J8":"1","48":"1","H7":"1"},"MF":{"6R":"1","5Q":"1","4W":"1","5R":"1","4V":"1","5V":"1","5W":"1"}},"Q2":{"FM":{"5G":"1"},"CM":{"WF":"1","2P":"1"}},"F9":{"P9":{"WJ":"1"}},"V7":{"55":{"4P":"1","3Q":"1","4Q":"1","3P":"1"}},"H6":{"W2":{"QF":"1"}},"FV":{"GF":{"5F":"1","5C":"1"},"RF":{"C9":"1","FC":"1","G9":"1","GC":"1","C8":"1","F8":"1","F9":"1"},"P9":{"9W":"1","9V":"1","CW":"1","CV":"1"},"PC":{"6V":"1"},"MG":{"JF":"1","MF":"1","JC":"1","HH":"1","HJ":"1","GJ":"1","R4":"1","GH":"1"},"WH":{"P2":"1","25":"1","35":"1"},"WJ":{"3M":"1"},"RG":{"P7":"1"},"RP":{"7F":"1"},"JH":{"2W":"1","2V":"1"},"VH":{"XF":"1","FF":"1"},"QM":{"9H":"1"},"PF":{"RJ":"1","3V":"1","2W":"1","GV":"1","2V":"1","5P":"1","6M":"1","3W":"1","RH":"1","6P":"1"},"PJ":{"CX":"1"},"PQ":{"R5":"1","R6":"1"},"QF":{"4F":"1","43":"1","8X":"1","4C":"1","3F":"1","2H":"1","6G":"1","3H":"1","33":"1","2J":"1","3R":"1","8W":"1"}},"V2":{"2F":{"QW":"1"}},"VF":{"P8":{"75":"1","85":"1","84":"1"},"P7":{"CQ":"1","CX":"1","7X":"1","6X":"1","7W":"1","CP":"1","8W":"1"}},"85":{"JM":{"VC":"1","RJ":"1","JF":"1","X8":"1","W9":"1","W8":"1","VG":"1","R9":"1","V9":"1","XH":"1","RG":"1"},"MM":{"2C":"1"}},"H8":{"2W":{"R3":"1","R2":"1"},"3W":{"35":"1"}},"76":{"8P":{"6Q":"1"},"33":{"8X":"1"}},"X2":{"P5":{"PH":"1","MG":"1","JH":"1","MF":"1","PG":"1","R8":"1","PF":"1","Q7":"1","JG":"1","JF":"1","MH":"1","Q8":"1"},"P4":{"G5":"1"}},"C8":{"5W":{"9R":"1","8Q":"1","9Q":"1","8R":"1"}},"J8":{"CW":{"2G":"1"}},"FQ":{"4F":{"F2":"1","7C":"1","6C":"1","69":"1","5X":"1","59":"1","58":"1","79":"1"},"4C":{"FX":"1"},"3F":{"WP":"1","XJ":"1","VX":"1","WM":"1","XP":"1","WJ":"1","XM":"1","WX":"1","VW":"1"},"27":{"2J":"1"},"2J":{"QX":"1"},"3G":{"W2":"1","V2":"1"},"37":{"6X":"1","5X":"1"}},"G8":{"RQ":{"76":"1","66":"1","67":"1","77":"1"},"RP":{"FR":"1"}},"W5":{"76":{"RX":"1","RW":"1","QW":"1","QX":"1"},"87":{"32":"1","66":"1","75":"1","45":"1","65":"1","53":"1","44":"1","43":"1","35":"1","22":"1","42":"1"},"48":{"XX":"1","WX":"1"},"77":{"J6":"1","X2":"1","9H":"1","H6":"1","9G":"1","8H":"1","8G":"1","86":"1"}},"P8":{"89":{"23":"1","24":"1"},"88":{"2H":"1","2G":"1"},"79":{"X2":"1","W3":"1","X3":"1","W2":"1","X4":"1"},"78":{"M4":"1","C3":"1","C4":"1","G4":"1","G5":"1","F4":"1","F3":"1"}},"JC":{"8F":{"28":"1"},"C6":{"7G":"1"}}}}