{"index":{"university,1|retail,2|tourism,3|wreck,4|historical,5|artsCulture,6|namedBuilding,7|water,8|wetland,9|park,10|beach,11|natureReserve,12|cemetery,13|trail,14":{}},"5Q":{"GP":{"85":{"XW":"1","XV":"1","WW":"1","WV":"1"}},"H7":{"RH":{"38":"1","77":"1"}},"X5":{"RJ":{"W6":"1","P9":"1","PF":"1","92":"1","7V":"1","8V":"1","H3":"1","RG":"1","Q9":"1","QF":"1","RQ":"1","RF":"1","R7":"1","G3":"1","X7":"1","W7":"1","PC":"1","RR":"1","QC":"1","82":"1","R9":"1","7R":"1","83":"1"},"VM":{"24":"1","29":"1","25":"1","3C":"1","35":"1","23":"1","2C":"1"},"RM":{"XH":"1","XF":"1","W6":"1","X4":"1","RC":"1","X9":"1","PG":"1","V6":"1","XG":"1","RG":"1","RF":"1","V5":"1","W8":"1","VG":"1","V7":"1","X7":"1","WC":"1","W7":"1","VF":"1","X6":"1","WH":"1","X8":"1","WG":"1","W9":"1","WF":"1","V8":"1","XC":"1","VC":"1","W5":"1","X5":"1","V9":"1"},"RH":{"PR":"1","9V":"1","QP":"1","CW":"1","9W":"1","RP":"1","CV":"1","PQ":"1","PP":"1"}},"H9":{"QM":{"FC":"1","F9":"1"}},"X6":{"W6":{"G9":"1","F9":"1"}},"J4":{"36":{"28":"1","29":"1","2C":"1","2F":"1"},"26":{"X9":"1","X8":"1","XF":"1","XC":"1","PF":"1","QF":"1","RF":"1"}},"RH":{"X2":{"2M":"1","3M":"1","2J":"1","3J":"1","3P":"1","2P":"1"},"W2":{"XJ":"1","XM":"1"}},"VH":{"F2":{"X5":"1"},"G2":{"4F":"1","24":"1","26":"1","4C":"1","3F":"1","25":"1","3C":"1","35":"1","3G":"1","4G":"1"}},"58":{"VH":{"7H":"1","8H":"1","7G":"1","8G":"1"}},"QJ":{"J5":{"G5":"1","F4":"1","H3":"1","G4":"1","F5":"1","F3":"1","G2":"1","F2":"1","G3":"1","H4":"1","H2":"1"}},"2P":{"XQ":{"Q3":"1"}},"VG":{"HR":{"6Q":"1","5Q":"1","6J":"1","3Q":"1","4R":"1","5R":"1","4Q":"1","5P":"1","6M":"1","5M":"1","3R":"1","5J":"1","6P":"1"},"GX":{"3C":"1","4G":"1","FG":"1","4F":"1","CH":"1","3F":"1","GG":"1","CG":"1","4C":"1","5G":"1","FH":"1","GH":"1"},"JW":{"45":"1","46":"1","56":"1"},"JV":{"8G":"1","GF":"1","H7":"1","FG":"1","H9":"1","J9":"1","JC":"1","GG":"1","7H":"1","8J":"1","GC":"1","HC":"1","7G":"1","G9":"1","J7":"1","H8":"1","9H":"1","G8":"1","J8":"1","JF":"1","8H":"1","HF":"1","9J":"1"}},"J5":{"MJ":{"WJ":"1"}},"8M":{"8V":{"2W":"1","2V":"1","2X":"1","3W":"1"},"7V":{"XW":"1","XX":"1"},"6V":{"Q9":"1","P8":"1","P9":"1","QC":"1","PC":"1"}}}}