{"index":{"university,1|retail,2|tourism,3|wreck,4|historical,5|artsCulture,6|namedBuilding,7|water,8|wetland,9|park,10|beach,11|natureReserve,12|cemetery,13|trail,14":{}},"5R":{"2M":{"G6":{"M3":"1"}},"4J":{"JQ":{"5F":"1"},"FX":{"RX":"1","RW":"1","W8":"1","QW":"1","V8":"1","RV":"1","W7":"1","QX":"1"},"PX":{"MP":"1","JP":"1","HM":"1","JM":"1","HJ":"1","MM":"1","JJ":"1"},"9Q":{"C3":"1","94":"1","92":"1","F2":"1","C4":"1","93":"1","95":"1","F5":"1","F4":"1","F3":"1"},"9X":{"XG":"1","WG":"1"},"C9":{"R2":"1"},"F8":{"3Q":"1","3V":"1","3W":"1","2V":"1","2H":"1","3P":"1","2P":"1","2Q":"1","2J":"1","2M":"1","3R":"1","2W":"1","2R":"1","3M":"1"},"C8":{"XH":"1","RH":"1","XV":"1","XF":"1","WR":"1","VQ":"1","XW":"1","XR":"1","WX":"1","XM":"1","XG":"1","RG":"1","VW":"1","RQ":"1","RF":"1","WV":"1","RJ":"1","RW":"1","QX":"1","WW":"1","VG":"1","QR":"1","QV":"1","WM":"1","XJ":"1","VR":"1","XQ":"1","WP":"1","XP":"1","RR":"1","VX":"1","VF":"1","RP":"1","VV":"1","RM":"1","WH":"1","VJ":"1","RV":"1","WG":"1","QP":"1","WF":"1","VH":"1","WJ":"1","QW":"1","QQ":"1","WQ":"1","RX":"1","QM":"1","VM":"1","VP":"1"},"WX":{"G6":"1","G5":"1"},"8W":{"73":"1","84":"1","93":"1","WF":"1","83":"1","VF":"1","95":"1","74":"1","85":"1","C4":"1","94":"1"},"GX":{"XW":"1","XV":"1","CV":"1","FV":"1"},"HX":{"W8":"1","W7":"1","W6":"1","3V":"1","X7":"1","X6":"1","3W":"1","2V":"1","QJ":"1","X8":"1","2W":"1"}},"X4":{"C6":{"76":"1"},"49":{"3Q":"1"}},"4M":{"J3":{"FQ":"1","GQ":"1","9R":"1","CQ":"1","FR":"1","CR":"1","FP":"1","9Q":"1","CV":"1","CP":"1","GR":"1","FV":"1","8R":"1"},"H3":{"8J":"1","9H":"1","H2":"1","8H":"1","9J":"1"},"29":{"HH":"1","RH":"1","MJ":"1","QH":"1","MM":"1","GJ":"1","PG":"1","HG":"1","4Q":"1","4R":"1","QG":"1","MG":"1","JM":"1","PH":"1","GH":"1","4V":"1","HJ":"1","JH":"1","3V":"1","PJ":"1","3Q":"1","MP":"1","QJ":"1","MH":"1","3R":"1","JJ":"1","QM":"1","JG":"1","PM":"1"},"84":{"MV":"1","HW":"1","PX":"1","MX":"1","MW":"1","JV":"1","QW":"1","QX":"1","JW":"1","HV":"1","PV":"1","PW":"1"},"F3":{"49":"1","FR":"1","38":"1","39":"1","26":"1","58":"1","24":"1","GV":"1","48":"1","59":"1","CV":"1","FV":"1","66":"1","25":"1","GR":"1","GQ":"1","67":"1","37":"1","46":"1","56":"1","23":"1","FQ":"1","57":"1","22":"1","68":"1","47":"1","CR":"1"},"48":{"XC":"1","WC":"1"},"G2":{"46":"1","48":"1","CG":"1","44":"1","F4":"1","PH":"1","W9":"1","35":"1","CH":"1","CJ":"1","38":"1","34":"1","37":"1","24":"1","MH":"1","9C":"1","C9":"1","57":"1","M2":"1","9G":"1","26":"1","V6":"1","25":"1","36":"1","CC":"1","J3":"1","9F":"1","92":"1","27":"1","FG":"1","49":"1","8G":"1","2C":"1","29":"1","M3":"1","55":"1","X8":"1","X7":"1","GG":"1","56":"1","47":"1","39":"1","FQ":"1","45":"1","FH":"1","W7":"1","W6":"1","58":"1","V7":"1","X9":"1","28":"1","FJ":"1","W8":"1"},"92":{"GW":"1","9V":"1","FW":"1","FV":"1","CW":"1","9W":"1","FQ":"1","GV":"1","FR":"1","CV":"1","GR":"1"},"F2":{"X9":"1","W8":"1","XC":"1","X5":"1","W7":"1","PC":"1","W6":"1","3V":"1","JC":"1","X7":"1","X6":"1","3W":"1","2V":"1","W4":"1","MF":"1","2X":"1","3X":"1","MC":"1","X8":"1","W5":"1","2W":"1","2R":"1"},"C6":{"GX":"1","HX":"1"},"C2":{"WR":"1","VX":"1","7M":"1","7H":"1","8J":"1","XV":"1","XX":"1","7J":"1","WV":"1","WX":"1","XR":"1","6P":"1","RX":"1","6M":"1","VW":"1","RW":"1","XW":"1","WW":"1","6J":"1"},"C3":{"X5":"1","W2":"1","W6":"1","R2":"1","X6":"1","W4":"1","X4":"1","W3":"1","V3":"1","R4":"1","R3":"1","V5":"1","V4":"1","X2":"1","W5":"1","R5":"1","X3":"1","V2":"1"},"M2":{"JF":"1","HF":"1","JG":"1","HG":"1"},"C7":{"H2":"1","G2":"1","G3":"1","H3":"1"},"2C":{"J6":"1","M7":"1"},"85":{"M4":"1","Q2":"1","P2":"1","Q3":"1","P4":"1","P3":"1","M2":"1","M3":"1"},"F6":{"G7":"1","F7":"1","G6":"1","F6":"1","F8":"1","F5":"1","C7":"1"},"H4":{"M4":"1","P4":"1","J4":"1","P3":"1","J3":"1","M3":"1"},"P2":{"R4":"1"},"H2":{"28":"1","29":"1","2G":"1","VG":"1","RG":"1","VH":"1","2F":"1"}},"5J":{"9W":{"9R":"1","8V":"1","9V":"1","CR":"1","CV":"1","FV":"1","8R":"1"}},"GC":{"26":{"2W":"1","2X":"1","3X":"1","3W":"1"},"27":{"32":"1","22":"1"}},"G9":{"8C":{"R3":"1","V3":"1","R4":"1","V4":"1","V5":"1"}},"3M":{"57":{"MW":"1","JX":"1","MX":"1","HX":"1","JW":"1","PH":"1","QH":"1","QG":"1"},"9H":{"6Q":"1","6R":"1","7Q":"1","7V":"1","7R":"1"},"68":{"82":"1"},"XC":{"HH":"1"},"WC":{"H8":"1","H9":"1","G9":"1","G7":"1","F7":"1","GC":"1","J7":"1","J8":"1","F8":"1","F9":"1","J9":"1","G8":"1","H7":"1"},"5C":{"M7":"1","M4":"1","H6":"1","Q6":"1","J4":"1","M6":"1","Q5":"1","P5":"1","Q4":"1","P3":"1","M5":"1","J6":"1","P4":"1","Q7":"1","P7":"1","M3":"1","P6":"1","J5":"1"},"VF":{"6F":"1"},"RG":{"H9":"1","J8":"1","J9":"1"},"58":{"M4":"1","J3":"1","H3":"1","J4":"1","P3":"1","M5":"1","J2":"1","M2":"1","M3":"1","J5":"1","H4":"1","H2":"1"}},"CF":{"R4":{"FV":"1","FQ":"1","GV":"1","CR":"1","FR":"1","GQ":"1","CV":"1","GR":"1"},"V5":{"PM":"1","PJ":"1","3P":"1"}},"28":{"2V":{"Q4":"1","Q5":"1"}},"3J":{"Q2":{"9H":"1","8F":"1","8H":"1","9G":"1","8G":"1"}},"4H":{"9W":{"XH":"1","RH":"1","XF":"1","QH":"1","XM":"1","XG":"1","RG":"1","RJ":"1","VG":"1","WM":"1","XJ":"1","WP":"1","RM":"1","WH":"1","VJ":"1","WG":"1","VH":"1","WF":"1","WJ":"1","QJ":"1","QM":"1","VM":"1","VP":"1"},"V7":{"2W":"1","2R":"1","2V":"1","2X":"1","2Q":"1"},"CX":{"V7":"1","W8":"1","W7":"1","W6":"1","V6":"1"},"R7":{"WP":"1","XQ":"1","WR":"1","WQ":"1","VR":"1","XP":"1","XV":"1","VV":"1","XX":"1","WV":"1","XR":"1","VP":"1","XW":"1","WW":"1","VQ":"1"},"6V":{"23":"1","34":"1","24":"1"},"CW":{"2H":"1","2J":"1","2G":"1","JR":"1","JV":"1"}},"2H":{"64":{"H9":"1","HF":"1","GC":"1","HC":"1"},"7P":{"3M":"1","3P":"1"}},"58":{"H5":{"3R":"1"}},"7J":{"38":{"X6":"1","X7":"1"},"48":{"9W":"1","3Q":"1","26":"1","9V":"1","27":"1","CW":"1","CV":"1"}},"6J":{"PR":{"7Q":"1","8P":"1","8Q":"1","7P":"1","7M":"1","8M":"1"}},"FC":{"X6":{"XX":"1"},"PM":{"CX":"1","FW":"1","FX":"1","CW":"1"}},"2J":{"9W":{"HW":"1"},"W2":{"WG":"1","WH":"1","VG":"1","VH":"1"},"8W":{"4P":"1","5Q":"1","4Q":"1"}},"8H":{"57":{"62":"1","72":"1"},"56":{"8V":"1","7X":"1","6X":"1","8X":"1","7W":"1","8W":"1"},"47":{"X3":"1","P8":"1","R7":"1","Q8":"1","P7":"1","Q7":"1"}},"H8":{"9F":{"PQ":"1","PR":"1"}},"8G":{"JF":{"7X":"1","8X":"1","7W":"1","8W":"1"},"JG":{"72":"1"},"MG":{"HH":"1","P9":"1","HF":"1","M8":"1","H9":"1","HG":"1","JF":"1","PF":"1","G9":"1","GC":"1","C9":"1","GF":"1","QF":"1","MG":"1","MF":"1","F9":"1","M9":"1","GH":"1","FC":"1","F8":"1","HC":"1","PC":"1","GG":"1","H8":"1","QC":"1","FF":"1","C8":"1","MC":"1","J8":"1","G8":"1","J9":"1","P8":"1","JG":"1","JC":"1"}},"5H":{"CR":{"HF":"1","JG":"1","HG":"1"}},"J7":{"XC":{"H9":"1","JC":"1","HC":"1","M9":"1","J9":"1"}},"8C":{"F5":{"6Q":"1","7Q":"1","7P":"1","6M":"1","7M":"1","6P":"1"},"F4":{"FV":"1","GV":"1","HR":"1","FR":"1","GQ":"1","HV":"1","GR":"1"}},"G8":{"MP":{"9V":"1","FW":"1","7X":"1","FX":"1","8X":"1","CW":"1","9W":"1","7W":"1","9X":"1","7V":"1","6W":"1","8V":"1","CX":"1","8W":"1","GX":"1","HX":"1","6V":"1","6X":"1"},"45":{"8H":"1"},"PQ":{"7J":"1","8J":"1","6H":"1","6J":"1","7H":"1","8H":"1"},"MQ":{"G8":"1","C5":"1","82":"1","93":"1","G7":"1","F4":"1","H5":"1","C7":"1","F7":"1","G5":"1","88":"1","F3":"1","C3":"1","F8":"1","G6":"1","94":"1","G9":"1","H7":"1","96":"1","95":"1","77":"1","G2":"1","76":"1","75":"1","67":"1","F6":"1","87":"1","92":"1","86":"1","F9":"1","C6":"1","98":"1","H3":"1","73":"1","65":"1","84":"1","64":"1","G3":"1","72":"1","C8":"1","C2":"1","63":"1","66":"1","74":"1","97":"1","H2":"1","H6":"1","H4":"1","G4":"1","C4":"1","F5":"1","78":"1","62":"1","F2":"1","83":"1","85":"1","68":"1"}},"5M":{"73":{"J6":"1","M8":"1","H9":"1","P6":"1","PF":"1","MF":"1","M9":"1","M6":"1","H6":"1","P7":"1","PC":"1","H7":"1","H8":"1","J5":"1","J7":"1","MC":"1","J8":"1","G8":"1","M5":"1","J9":"1","M7":"1","JC":"1"},"84":{"44":"1","54":"1"}},"M7":{"3Q":{"29":"1","H5":"1","2C":"1","G4":"1","HG":"1","H4":"1","G3":"1","H3":"1"},"2C":{"28":"1","29":"1","39":"1","38":"1","48":"1","49":"1"},"5M":{"MM":"1","JQ":"1","MJ":"1","JJ":"1","PM":"1","MQ":"1","MP":"1","HR":"1","MR":"1","JP":"1","JV":"1","HQ":"1","PJ":"1","JR":"1","JM":"1","PP":"1"}}}}