{"index":{"university,1|retail,2|tourism,3|wreck,4|historical,5|artsCulture,6|namedBuilding,7|water,8|wetland,9|park,10|beach,11|natureReserve,12|cemetery,13|trail,14":{}},"5V":{"HW":{"VC":{"2V":"1","P9":"1","8P":"1","FR":"1","7M":"1","Q9":"1","2R":"1","FX":"1","3W":"1","7J":"1","GX":"1","8J":"1","7P":"1","2W":"1","3V":"1","GR":"1","8H":"1","GQ":"1","Q8":"1","FQ":"1","3R":"1","2X":"1","8M":"1","P8":"1"},"RF":{"X2":"1","X3":"1"},"XG":{"2J":"1"},"WF":{"2H":"1","2J":"1"},"Q4":{"76":"1"},"VF":{"43":"1","22":"1","45":"1","XG":"1","XJ":"1","WH":"1","WC":"1","WF":"1","XH":"1","J7":"1","XF":"1","33":"1","44":"1","WG":"1","34":"1","23":"1"},"RC":{"XQ":"1","QP":"1","WR":"1","PM":"1","XV":"1","VV":"1","QJ":"1","WV":"1","QM":"1","XR":"1","VW":"1","RR":"1","PP":"1","XW":"1","WW":"1","QH":"1"},"P2":{"R7":"1"}},"MW":{"6J":{"28":"1","29":"1","39":"1","38":"1"},"CW":{"32":"1"}},"MX":{"H9":{"CF":"1","9C":"1","CC":"1","9F":"1"},"F4":{"HP":"1"},"H7":{"35":"1"}},"P9":{"C2":{"94":"1","97":"1","87":"1","88":"1","98":"1"},"G5":{"6R":"1","5R":"1","6V":"1","5V":"1"},"F5":{"G4":"1","J8":"1","QG":"1"},"PX":{"9P":"1","CP":"1"}},"F7":{"66":{"GQ":"1","H7":"1"},"67":{"44":"1"}},"JC":{"CF":{"W4":"1"},"78":{"7F":"1","8F":"1","C8":"1","7C":"1","F8":"1","8G":"1","C7":"1","8C":"1"},"77":{"XR":"1"}},"F6":{"C7":{"VP":"1","RP":"1"}},"JV":{"7F":{"MW":"1","JX":"1","MX":"1","HX":"1","JW":"1","PX":"1"},"9C":{"4P":"1","3M":"1","5P":"1","4M":"1","5M":"1","3P":"1"},"7G":{"M4":"1","P2":"1","J2":"1","P4":"1","J4":"1","H2":"1","P3":"1","M2":"1","J3":"1","H3":"1","M3":"1"},"59":{"GW":"1"},"8C":{"M5":"1","J5":"1"}},"C7":{"7R":{"WF":"1","VF":"1"},"PJ":{"57":"1"}},"98":{"P9":{"PX":"1"},"PF":{"C3":"1","F2":"1"},"V9":{"7J":"1","73":"1","6H":"1","6J":"1","7H":"1"},"QG":{"9R":"1","8J":"1","9H":"1","9P":"1","8Q":"1","8H":"1","9Q":"1","9J":"1"},"PC":{"M7":"1","FX":"1","3W":"1","Q5":"1","Q2":"1","P5":"1","Q4":"1","P3":"1","J7":"1","M8":"1","Q3":"1","J8":"1","P4":"1","2W":"1","HQ":"1","P2":"1"}}}}