{"index":{"university,1|retail,2|tourism,3|wreck,4|historical,5|artsCulture,6|namedBuilding,7|water,8|wetland,9|park,10|beach,11|natureReserve,12|cemetery,13|trail,14":{}},"66":{"8X":{"CH":{"X9":"1","W8":"1","XC":"1","W9":"1","84":"1","93":"1","WF":"1","WC":"1","83":"1","J2":"1","R4":"1","95":"1","WG":"1","V4":"1","X8":"1","M2":"1","74":"1","QC":"1","85":"1","94":"1"},"FP":{"R9":"1"},"CG":{"7X":"1","8X":"1","PR":"1","PV":"1","MV":"1"},"9G":{"WC":"1"},"88":{"53":"1","52":"1","43":"1","42":"1"},"CW":{"WP":"1","VF":"1"},"7G":{"7W":"1","8W":"1"},"FH":{"2C":"1"},"6W":{"7M":"1"}},"XV":{"H9":{"RV":"1","QV":"1"},"H3":{"Q2":"1"},"J4":{"GV":"1","FR":"1","CR":"1","CV":"1","FV":"1"},"G9":{"4J":"1","4M":"1"},"P5":{"Q4":"1","Q5":"1"},"CF":{"8F":"1","CG":"1","PJ":"1","MJ":"1"},"FF":{"8J":"1","96":"1","8M":"1","86":"1"},"H2":{"QX":"1"},"P2":{"QQ":"1","MR":"1","PQ":"1","PR":"1","MQ":"1"}},"WR":{"QP":{"JV":"1","MV":"1"},"XG":{"8V":"1","9W":"1","7V":"1","9V":"1","6V":"1","7W":"1","8W":"1"},"XP":{"MH":"1","JJ":"1","MJ":"1"},"MF":{"XP":"1"},"XF":{"7J":"1","7H":"1"},"MW":{"FQ":"1","GQ":"1","CQ":"1","CH":"1","GP":"1","FP":"1","FJ":"1","CJ":"1","GJ":"1","CP":"1","FH":"1","GH":"1"},"JG":{"WQ":"1"},"JR":{"WG":"1","WH":"1","VG":"1","VH":"1"},"VG":{"6H":"1"}},"XR":{"98":{"M4":"1","H6":"1","J3":"1","26":"1","G4":"1","38":"1","J4":"1","47":"1","28":"1","48":"1","J6":"1","H5":"1","27":"1","37":"1","J5":"1","H4":"1"},"W8":{"2G":"1","3Q":"1","3V":"1","29":"1","56":"1","2V":"1","47":"1","2H":"1","3P":"1","46":"1","3H":"1","2P":"1","2Q":"1","2X":"1","2J":"1","2M":"1","88":"1","2W":"1","2R":"1","78":"1","3J":"1","3G":"1","2C":"1","4M":"1","3M":"1"},"86":{"2G":"1","2F":"1"},"W2":{"9G":"1","CG":"1","9J":"1","9M":"1","4P":"1","4M":"1","9H":"1","7V":"1","7W":"1","8J":"1","CM":"1","7X":"1","5P":"1","8H":"1","8G":"1","CJ":"1","6V":"1","6W":"1","8M":"1","CH":"1","5M":"1"},"R2":{"W4":"1","V4":"1"},"4Q":{"84":"1"},"2H":{"R5":"1"},"RG":{"9R":"1"},"Q5":{"H5":"1","J5":"1"},"XV":{"VC":"1"},"R7":{"XP":"1","7X":"1","8X":"1","XM":"1"},"XX":{"Q9":"1","X2":"1","X8":"1","X7":"1","R8":"1"},"V3":{"HF":"1","4J":"1","HG":"1","65":"1","5F":"1","6M":"1","JF":"1","5C":"1","6P":"1","84":"1","6H":"1","MG":"1","55":"1","6F":"1","64":"1","7P":"1","JH":"1","HC":"1","54":"1","7H":"1","MH":"1","32":"1","JG":"1","JC":"1"},"V9":{"Q2":"1","2M":"1","Q3":"1","3M":"1","3J":"1","R3":"1","V3":"1","R2":"1","V2":"1"},"82":{"MR":"1","JR":"1","JQ":"1"},"R4":{"MM":"1","HJ":"1","MJ":"1","JJ":"1","P9":"1","PC":"1","R9":"1","JH":"1","GJ":"1","HH":"1","R8":"1","M9":"1","MH":"1"},"R3":{"XQ":"1","WQ":"1"},"V4":{"C3":"1","J2":"1","C4":"1","P3":"1","J3":"1","93":"1","RH":"1","M3":"1"},"76":{"XG":"1","WG":"1","WH":"1","WF":"1","XF":"1","XJ":"1","WJ":"1","VF":"1","XH":"1","VH":"1"},"V7":{"2M":"1","2P":"1"},"X2":{"MH":"1","MG":"1"},"X8":{"HX":"1"},"88":{"X6":"1","X8":"1","X7":"1","RG":"1"},"5M":{"7F":"1","97":"1","7C":"1","C7":"1"},"M2":{"4G":"1","5H":"1","4J":"1","5G":"1","5J":"1","4H":"1"},"R5":{"FW":"1","FX":"1"},"97":{"XW":"1","MW":"1","7Q":"1","XV":"1","JW":"1","7P":"1","JV":"1","MV":"1","FV":"1"},"V8":{"XH":"1","XV":"1","WR":"1","XW":"1","XR":"1","X9":"1","WX":"1","XM":"1","MX":"1","VW":"1","WV":"1","RW":"1","QX":"1","WW":"1","QR":"1","PR":"1","QV":"1","XJ":"1","VR":"1","XQ":"1","XP":"1","PW":"1","RR":"1","VX":"1","VF":"1","VV":"1","MV":"1","RV":"1","XC":"1","QW":"1","WQ":"1","RX":"1","XX":"1","MW":"1","PX":"1","PV":"1"},"XW":{"MM":"1","JQ":"1","MJ":"1","JJ":"1","MQ":"1","MP":"1","JH":"1","MR":"1","MF":"1","JP":"1","HH":"1","PF":"1","JR":"1","JM":"1","MH":"1"},"V2":{"W3":"1","W4":"1"}},"WX":{"32":{"XC":"1","WC":"1","HC":"1","XH":"1"},"FM":{"RF":"1","P9":"1","PC":"1","RC":"1","PF":"1","QC":"1","QF":"1"},"6F":{"W9":"1","W8":"1"},"6C":{"M5":"1","J5":"1"},"42":{"3F":"1","7M":"1","8J":"1","9M":"1","6H":"1","7J":"1","3G":"1","2C":"1","6J":"1","8M":"1"},"33":{"F7":"1","C8":"1","97":"1","F8":"1","G8":"1","C7":"1","98":"1"}},"VW":{"WW":{"WW":"1"}},"FX":{"6Q":{"H5":"1","97":"1"},"CJ":{"75":"1","65":"1"},"7W":{"X2":"1","XC":"1"},"9X":{"97":"1","87":"1","96":"1","86":"1"},"9H":{"GF":"1"},"3H":{"F2":"1"},"27":{"W2":"1","X7":"1","W4":"1","X4":"1","RJ":"1","W3":"1","V3":"1","MR":"1","CJ":"1","V4":"1","RQ":"1","X3":"1","9J":"1"},"39":{"2H":"1"},"8V":{"2W":"1","2X":"1","3X":"1","3W":"1"},"3G":{"FX":"1"},"37":{"45":"1","44":"1","23":"1","24":"1"},"8W":{"36":"1","32":"1","22":"1","33":"1"},"5R":{"4J":"1","F9":"1"},"WW":{"99":"1"},"8M":{"85":"1"}},"WV":{"G5":{"36":"1","37":"1","46":"1","47":"1"},"J3":{"X4":"1"},"R2":{"FM":"1","CM":"1","JH":"1","9H":"1","HQ":"1","HP":"1","MH":"1","CH":"1"},"9M":{"Q9":"1","VC":"1","X9":"1","X8":"1","W9":"1","XC":"1","W8":"1","RC":"1","R9":"1","WC":"1","QC":"1","Q8":"1","V9":"1"},"C2":{"MW":"1","JX":"1","MX":"1","JW":"1"},"44":{"3M":"1","3J":"1","4J":"1"},"FH":{"57":"1","68":"1","59":"1","58":"1"},"FF":{"6F":"1"},"CG":{"JX":"1","MX":"1","HX":"1","QG":"1","RG":"1","RF":"1"},"M3":{"34":"1","24":"1"},"H4":{"FG":"1","Q6":"1","8J":"1","7J":"1","FH":"1","Q7":"1","CG":"1","P7":"1","P6":"1","6J":"1","CH":"1"},"CH":{"J9":"1","F4":"1","W9":"1","HG":"1","JC":"1","F5":"1","G9":"1","J2":"1","C9":"1","C8":"1","M2":"1","M9":"1","C5":"1","H2":"1","C4":"1"}},"6X":{"P8":{"PQ":"1","PP":"1"},"VR":{"WG":"1","WH":"1","XV":"1","XH":"1"},"R9":{"GH":"1","G7":"1","H5":"1","C7":"1","F7":"1","J6":"1","G5":"1","J9":"1","CH":"1","F8":"1","CJ":"1","G6":"1","7M":"1","9G":"1","96":"1","H7":"1","8J":"1","8P":"1","95":"1","FP":"1","8M":"1","CM":"1","CP":"1","F6":"1","M7":"1","J3":"1","9M":"1","GP":"1","9P":"1","F9":"1","2F":"1","C6":"1","98":"1","M3":"1","9H":"1","HJ":"1","HM":"1","GJ":"1","P4":"1","J5":"1","C8":"1","97":"1","9J":"1","P3":"1","45":"1","H6":"1","H4":"1","G4":"1","FH":"1","M5":"1","3F":"1","99":"1","J7":"1","F5":"1","JF":"1","JC":"1","M9":"1","M6":"1","FM":"1","M4":"1","FJ":"1","GM":"1","J4":"1","85":"1"},"WR":{"5Q":"1","2Q":"1","3P":"1"},"R8":{"FQ":"1","GQ":"1","FM":"1","9X":"1","8P":"1","8Q":"1","9P":"1","GP":"1","FP":"1","9Q":"1","GM":"1"}},"WW":{"2M":{"8J":"1","9H":"1","8H":"1","9J":"1"},"65":{"WF":"1"},"74":{"WM":"1"}},"7W":{"CR":{"89":"1","87":"1","88":"1","78":"1"},"RV":{"FF":"1"},"CP":{"8P":"1","8Q":"1","GM":"1"},"4X":{"8J":"1","9M":"1","8M":"1","9J":"1"},"VW":{"VW":"1"},"8M":{"XW":"1"}},"FG":{"49":{"3R":"1"}},"7X":{"JQ":{"73":"1","74":"1","96":"1"},"4R":{"82":"1"},"38":{"W3":"1","X3":"1"},"48":{"68":"1","47":"1"},"58":{"4R":"1"},"QV":{"WF":"1"},"39":{"J4":"1","J3":"1","M3":"1"},"32":{"PR":"1"},"VW":{"JR":"1"},"37":{"RF":"1","P9":"1","PC":"1","R9":"1","VH":"1","RC":"1","PF":"1","Q9":"1","QC":"1","QF":"1"}},"XQ":{"XV":{"78":"1","6C":"1","R5":"1","XV":"1","JV":"1","7F":"1","HF":"1","Q4":"1","XW":"1","2F":"1","XR":"1","79":"1","WX":"1","PF":"1","GC":"1","G9":"1","87":"1","6R":"1","RG":"1","GF":"1","CF":"1","QF":"1","VW":"1","RQ":"1","RF":"1","2R":"1","9C":"1","C7":"1","6F":"1","2H":"1","7C":"1","WW":"1","VG":"1","PR":"1","F9":"1","6Q":"1","FC":"1","XJ":"1","MR":"1","2G":"1","XQ":"1","HC":"1","XP":"1","PC":"1","CC":"1","VX":"1","77":"1","RP":"1","MV":"1","QC":"1","FF":"1","CX":"1","89":"1","69":"1","7Q":"1","7R":"1","FP":"1","68":"1","R4":"1","CP":"1","88":"1","PV":"1"},"XF":{"PG":"1"},"XW":{"MV":"1","62":"1","3Q":"1","65":"1","64":"1","5J":"1","4R":"1","4Q":"1","W4":"1","X4":"1","2P":"1","C2":"1","R6":"1","4J":"1","5H":"1","R5":"1","JV":"1","6P":"1","5Q":"1","3R":"1","6M":"1","X3":"1","52":"1","5R":"1","Q8":"1"},"JW":{"J4":"1"},"XR":{"QP":"1","2M":"1","G7":"1","RX":"1","F7":"1","7X":"1","7W":"1","47":"1","3P":"1","2P":"1"},"X9":{"W2":"1","W4":"1","V3":"1","V4":"1","V2":"1"},"HG":{"W9":"1"},"WX":{"V5":"1","4H":"1","WH":"1","2G":"1","M8":"1","3G":"1","3J":"1","J9":"1","3H":"1","7C":"1","P7":"1","W5":"1","Q5":"1","59":"1","Q2":"1","5H":"1","HQ":"1","9G":"1","8C":"1","V4":"1","R3":"1","7F":"1","6H":"1","M7":"1","J3":"1","QC":"1","9F":"1","W3":"1","Q6":"1","8G":"1","2F":"1","RC":"1","HR":"1","M3":"1","Q3":"1","R4":"1","WJ":"1","X4":"1","P4":"1","P5":"1","R2":"1","W2":"1","J5":"1","P2":"1","8F":"1","JQ":"1","X3":"1","P3":"1","J8":"1","JR":"1","4G":"1","M5":"1","J7":"1","4J":"1","VJ":"1","M9":"1","58":"1","W4":"1","5J":"1","VH":"1","M4":"1","V3":"1","P8":"1","R9":"1","Q4":"1","J4":"1"},"XM":{"Q4":"1","Q3":"1","R3":"1"},"MX":{"6H":"1","FJ":"1","GJ":"1","GM":"1"},"Q9":{"9C":"1"},"VW":{"GF":"1","FC":"1","FX":"1","XG":"1","WR":"1","Q6":"1","CW":"1","WQ":"1","VR":"1","WM":"1","XP":"1","GC":"1","CP":"1","FQ":"1","FP":"1","WF":"1","R7":"1","XF":"1","WG":"1","X2":"1","RQ":"1","Q7":"1","R6":"1","74":"1","CX":"1","VQ":"1"},"RQ":{"X8":"1"},"R3":{"C6":"1","F6":"1"},"WV":{"36":"1","XH":"1","9J":"1","MM":"1","CW":"1","HV":"1","XR":"1","86":"1","XG":"1","35":"1","V5":"1","26":"1","8J":"1","FW":"1","FV":"1","25":"1","X6":"1","HW":"1","96":"1","MP":"1","P4":"1","V4":"1","X5":"1"},"WW":{"RR":"1","JM":"1","PM":"1","WV":"1","JJ":"1","V5":"1","PP":"1","CQ":"1","F7":"1","2M":"1","7C":"1","CJ":"1","CX":"1","FX":"1","HH":"1","MG":"1","MH":"1","JP":"1","GW":"1","PJ":"1","4X":"1","9G":"1","XR":"1","R3":"1","MV":"1","FR":"1","F6":"1","CR":"1","6F":"1","92":"1","GP":"1","3M":"1","MX":"1","8G":"1","RV":"1","VV":"1","RF":"1","MF":"1","RC":"1","VQ":"1","H3":"1","QF":"1","PW":"1","M3":"1","QW":"1","9H":"1","65":"1","WP":"1","MW":"1","MQ":"1","P4":"1","P5":"1","QM":"1","VP":"1","J5":"1","GX":"1","CV":"1","WW":"1","66":"1","PG":"1","WQ":"1","GQ":"1","MC":"1","9X":"1","FQ":"1","9J":"1","PX":"1","MP":"1","QJ":"1","M5":"1","WR":"1","4J":"1","FW":"1","JH":"1","5F":"1","58":"1","MM":"1","PV":"1","M4":"1","4F":"1","R5":"1","VR":"1","JW":"1","GM":"1","QG":"1","Q4":"1","QX":"1","2J":"1"},"QR":{"XP":"1","WP":"1","WM":"1","WQ":"1","XM":"1"},"QV":{"4R":"1","PW":"1"},"WM":{"W3":"1","W2":"1"},"XJ":{"FC":"1","H6":"1","GC":"1","G6":"1","FF":"1","CF":"1","GF":"1","CC":"1"},"X7":{"H9":"1","JF":"1","MC":"1","MF":"1","JC":"1","HH":"1","HC":"1","MG":"1","J9":"1"},"WC":{"22":"1"},"XQ":{"X6":"1","6H":"1","W5":"1","X5":"1"},"WP":{"C9":"1","9H":"1","FC":"1","FG":"1","CH":"1","FF":"1","CF":"1","CG":"1","9G":"1","F9":"1","9C":"1","CC":"1","9F":"1"},"XP":{"XJ":"1","XH":"1"},"PW":{"3V":"1","4W":"1","4V":"1","3X":"1","3W":"1","4X":"1"},"VX":{"XG":"1","W3":"1","XF":"1","XJ":"1","X4":"1","W4":"1","V3":"1","XM":"1"},"X6":{"GW":"1","J8":"1","PF":"1"},"VV":{"WR":"1","WV":"1"},"RM":{"XP":"1","WP":"1","WM":"1","XQ":"1","WQ":"1","XM":"1"},"WH":{"83":"1","73":"1","82":"1","72":"1"},"X8":{"XG":"1","VX":"1","WF":"1","XF":"1","RX":"1","QW":"1","QX":"1","VW":"1","RW":"1"},"VJ":{"5X":"1"},"RV":{"29":"1","39":"1"},"WG":{"8X":"1"},"PP":{"RJ":"1","VJ":"1"},"WF":{"57":"1","6H":"1","5H":"1","48":"1","5G":"1","47":"1","6G":"1","58":"1","79":"1"},"WJ":{"HG":"1","PM":"1","VM":"1","JJ":"1","M8":"1","PP":"1","PH":"1","PQ":"1","HH":"1","MG":"1","MH":"1","PJ":"1","MJ":"1","JG":"1","QC":"1","RF":"1","MF":"1","PF":"1","RC":"1","RH":"1","QF":"1","PC":"1","RG":"1","MQ":"1","RP":"1","QH":"1","GG":"1","QM":"1","VF":"1","PG":"1","R8":"1","RM":"1","MC":"1","MP":"1","QP":"1","QJ":"1","RJ":"1","QQ":"1","Q9":"1","JF":"1","M9":"1","Q8":"1","JH":"1","MM":"1","P9":"1","VC":"1","P8":"1","R9":"1","QG":"1"},"QJ":{"Q6":"1"},"WQ":{"75":"1","65":"1","C4":"1","97":"1","87":"1","96":"1","86":"1"},"X5":{"HJ":"1","JQ":"1","GC":"1","HC":"1","F3":"1","G8":"1","G3":"1","JP":"1","G7":"1","JR":"1"},"VM":{"2Q":"1"},"CR":{"JP":"1","FM":"1","FJ":"1"},"XX":{"HH":"1","73":"1","53":"1","9M":"1","GJ":"1","65":"1","86":"1","6R":"1","5V":"1","RG":"1","35":"1","28":"1","MG":"1","9C":"1","CQ":"1","VG":"1","63":"1","GH":"1","GW":"1","CV":"1","JH":"1","9R":"1","66":"1","4F":"1","77":"1","76":"1","99":"1","45":"1","GQ":"1","HW":"1","89":"1","6V":"1","75":"1","8C":"1","FQ":"1","5R":"1","FP":"1","MH":"1","GP":"1","JG":"1","74":"1","CR":"1","4C":"1"}},"XP":{"X9":{"H8":"1","J8":"1"},"MW":{"Q2":"1","P2":"1"},"X7":{"XW":"1"},"XV":{"6H":"1","6J":"1","5H":"1","5J":"1"},"MV":{"QX":"1","PX":"1"}},"VX":{"X6":{"38":"1","48":"1","49":"1"},"QP":{"VG":"1","RC":"1","VF":"1","RG":"1","RF":"1"},"WH":{"JP":"1","HM":"1","HP":"1","GP":"1","JM":"1","GJ":"1","HJ":"1","GM":"1"},"XH":{"8G":"1","8F":"1","89":"1","5J":"1","7G":"1","6G":"1","6H":"1","4J":"1","5M":"1","4M":"1"}},"CX":{"XG":{"2M":"1","2V":"1","43":"1","3C":"1","3X":"1","8R":"1","6M":"1","6R":"1","5V":"1","4Q":"1","2R":"1","4R":"1","3J":"1","3W":"1","7J":"1","5W":"1","4V":"1","WP":"1","3V":"1","5Q":"1","9P":"1","2C":"1","4W":"1","6V":"1","5R":"1","VP":"1","VM":"1"},"WG":{"PH":"1","WQ":"1","QJ":"1","WX":"1","VJ":"1","PG":"1","XR":"1","PJ":"1","MH":"1","VM":"1","QH":"1"},"X8":{"4P":"1"},"WH":{"H4":"1","88":"1","V5":"1","V2":"1","F3":"1"},"MC":{"3C":"1","2M":"1","2C":"1","2J":"1","3J":"1","2P":"1"},"QJ":{"RC":"1","R9":"1"},"4W":{"G5":"1"},"JC":{"WP":"1","R2":"1","XJ":"1","WM":"1","XP":"1","Q2":"1","XM":"1","R3":"1","Q3":"1","VP":"1","VM":"1"},"2X":{"XV":"1"},"XH":{"25":"1","34":"1","24":"1"},"WX":{"RQ":"1"}},"FF":{"7M":{"6P":"1"}},"6W":{"WW":{"44":"1","54":"1","55":"1"}},"9X":{"R2":{"57":"1","76":"1","66":"1","45":"1","65":"1","46":"1","56":"1","67":"1","55":"1"},"7P":{"MV":"1"},"VX":{"MW":"1"},"Q4":{"8G":"1","8F":"1","89":"1","99":"1","9F":"1","7C":"1","79":"1","9G":"1","9C":"1","8C":"1"},"XM":{"6R":"1"},"Q3":{"7X":"1","JJ":"1","G5":"1"},"RX":{"7V":"1","6V":"1"}}}}