{"index":{"university,1|retail,2|tourism,3|wreck,4|historical,5|artsCulture,6|namedBuilding,7|water,8|wetland,9|park,10|beach,11|natureReserve,12|cemetery,13|trail,14":{}},"67":{"MW":{"JH":{"MR":"1","MQ":"1","JR":"1","JQ":"1"}},"GX":{"WH":{"XG":"1","WG":"1"}},"V5":{"W7":{"JM":"1"},"V9":{"Q9":"1","G9":"1","C6":"1","97":"1","87":"1","R9":"1","V9":"1","88":"1","96":"1","C7":"1"},"R8":{"3W":"1"}},"C5":{"W3":{"48":"1"},"V3":{"F5":"1"}},"H3":{"R6":{"9X":"1"},"MR":{"J3":"1"}},"92":{"VC":{"HH":"1","9G":"1","CG":"1","GJ":"1","HG":"1","GC":"1","C9":"1","GF":"1","CF":"1","FH":"1","9C":"1","4H":"1","F9":"1","GH":"1","FC":"1","3G":"1","FG":"1","FJ":"1","3H":"1","CC":"1","GG":"1","4G":"1","99":"1","FF":"1","89":"1","C8":"1","9F":"1","88":"1","98":"1","74":"1"},"W2":{"73":"1","62":"1","74":"1","63":"1","72":"1"},"R2":{"XW":"1","XX":"1","WX":"1","WW":"1"},"3W":{"GX":"1","FX":"1"},"R9":{"XW":"1","XV":"1","XX":"1"},"W4":{"FM":"1","52":"1","GM":"1","42":"1"},"RG":{"CQ":"1"},"X4":{"6R":"1","5R":"1","7V":"1","6V":"1","5V":"1","7R":"1"},"W3":{"32":"1","86":"1","33":"1"},"Q4":{"64":"1","Q6":"1","Q4":"1","J6":"1","Q3":"1","74":"1","53":"1","H6":"1","54":"1","J7":"1","W4":"1","63":"1","H7":"1"},"V3":{"8G":"1","8F":"1","3Q":"1","4R":"1","7H":"1","4Q":"1","7G":"1","7C":"1","69":"1","3P":"1","2P":"1","2Q":"1","2J":"1","2M":"1","79":"1","4J":"1","53":"1","3R":"1","2W":"1","32":"1","8H":"1","5V":"1","3J":"1","6C":"1","4M":"1","3M":"1"},"V9":{"2W":"1","2X":"1","3X":"1","3W":"1"},"4W":{"GG":"1","GH":"1"},"R4":{"8F":"1","G5":"1","72":"1","73":"1","F4":"1","59":"1","G4":"1","38":"1","F5":"1","28":"1","93":"1","83":"1","V3":"1","7C":"1","82":"1","58":"1","R3":"1","H5":"1","92":"1","7F":"1","C2":"1","49":"1","RC":"1","88":"1","74":"1","53":"1","78":"1","F6":"1","8C":"1","6C":"1","H4":"1","F7":"1"},"R3":{"8X":"1","RH":"1","MJ":"1","P9":"1","QH":"1","JV":"1","95":"1","VQ":"1","MM":"1","C5":"1","FR":"1","XW":"1","CW":"1","HV":"1","PG":"1","8R":"1","PF":"1","92":"1","XM":"1","8V":"1","84":"1","MG":"1","JM":"1","RJ":"1","MF":"1","9V":"1","VG":"1","GX":"1","FW":"1","F4":"1","CV":"1","C4":"1","WP":"1","9R":"1","XP":"1","P7":"1","85":"1","RP":"1","MV":"1","X2":"1","WG":"1","F5":"1","CX":"1","9W":"1","82":"1","QP":"1","GM":"1","8W":"1","83":"1","QQ":"1","94":"1","9X":"1","93":"1","JJ":"1","VP":"1","CR":"1","XX":"1"},"Q3":{"J6":"1","8F":"1"},"3X":{"XQ":"1","HG":"1","HW":"1","WQ":"1","XP":"1","PX":"1","XX":"1","WV":"1","XR":"1","R5":"1","JG":"1","JF":"1","JW":"1","HF":"1","PP":"1","HX":"1","JX":"1"},"HM":{"H7":"1","F4":"1","H3":"1","F5":"1","H8":"1","H5":"1","G8":"1","96":"1","G7":"1","88":"1","78":"1","H4":"1","C5":"1","C4":"1"},"QV":{"W9":"1","R7":"1"},"V4":{"24":"1","26":"1","8P":"1","9P":"1","8J":"1","9M":"1","9J":"1","8M":"1","67":"1"},"P4":{"C8":"1"},"R5":{"V7":"1","W8":"1","R7":"1","V8":"1","W7":"1","5J":"1","R8":"1"},"4X":{"7R":"1","57":"1","3V":"1","5X":"1","5J":"1","65":"1","56":"1","47":"1","58":"1","2Q":"1","2X":"1","8R":"1","3X":"1","7V":"1","2W":"1","8V":"1","2R":"1","5V":"1","4X":"1","4V":"1","5R":"1"},"MH":{"9Q":"1"},"V2":{"4P":"1","2M":"1","3M":"1","4Q":"1","2J":"1","3J":"1","4J":"1","4M":"1","3P":"1","2P":"1"}},"VC":{"RR":{"FC":"1","GC":"1","G9":"1","9F":"1","F9":"1","CF":"1","C9":"1","F8":"1","G8":"1","96":"1","G7":"1","FF":"1","CC":"1","9C":"1","F7":"1"},"26":{"57":"1"},"G2":{"FQ":"1","GQ":"1"}},"37":{"JF":{"99":"1","56":"1","69":"1","C6":"1","C8":"1","79":"1","97":"1"},"MC":{"45":"1","24":"1","26":"1","25":"1","28":"1","46":"1","27":"1","35":"1","34":"1","37":"1","36":"1"},"JC":{"3F":"1","8X":"1","3C":"1","9M":"1","2F":"1","5F":"1","6M":"1","5C":"1","7M":"1","6P":"1","JM":"1","5G":"1","7J":"1","6J":"1","8J":"1","HJ":"1","3G":"1","7P":"1","X7":"1","7X":"1","4F":"1","X6":"1","4G":"1","X8":"1","2C":"1","HM":"1","X5":"1","4C":"1"},"HC":{"XG":"1","XF":"1"}},"63":{"76":{"76":"1","75":"1","85":"1","86":"1"},"7H":{"32":"1","22":"1","33":"1"},"87":{"XW":"1"},"6G":{"VX":"1","WX":"1","VW":"1"},"9F":{"8F":"1","4Q":"1","9C":"1","9F":"1","8C":"1"}},"93":{"36":{"X9":"1","FC":"1","HF":"1","GC":"1","XC":"1","GF":"1"},"R5":{"22":"1"},"53":{"PV":"1"},"C3":{"Q6":"1","Q5":"1","W4":"1","X5":"1","RH":"1","V2":"1","Q7":"1"},"65":{"X2":"1","W3":"1","X3":"1","W2":"1","R3":"1","M3":"1"},"P3":{"CG":"1"},"2H":{"G6":"1"},"63":{"HH":"1"},"64":{"RW":"1","VW":"1","R8":"1"},"F4":{"3F":"1"},"C2":{"VX":"1"},"54":{"WG":"1","WH":"1","VJ":"1","VG":"1","WJ":"1","RG":"1","VH":"1","RH":"1"},"GR":{"WJ":"1"},"42":{"MJ":"1","43":"1","53":"1","8R":"1","65":"1","86":"1","4Q":"1","52":"1","PH":"1","WM":"1","WP":"1","9R":"1","PJ":"1","85":"1","42":"1","RP":"1","76":"1","RM":"1","75":"1","23":"1","22":"1","MH":"1","32":"1","VP":"1","VM":"1","PM":"1"},"99":{"M8":"1"},"MV":{"QH":"1","QG":"1","RH":"1"},"46":{"29":"1"},"75":{"43":"1","54":"1","62":"1","F5":"1","83":"1","82":"1","33":"1","74":"1","32":"1","52":"1"},"32":{"R5":"1","P2":"1","R6":"1","J2":"1","Q5":"1","H2":"1"},"74":{"7X":"1","8X":"1","9W":"1","3W":"1","PX":"1","7G":"1","Q4":"1","J6":"1","R4":"1","Q3":"1","3X":"1","4V":"1"},"PV":{"3M":"1","5P":"1","5M":"1"}},"V9":{"98":{"MX":"1","CX":"1","QX":"1","CW":"1","PX":"1"},"RM":{"FQ":"1","GQ":"1","GP":"1","FP":"1"},"99":{"P2":"1","Q2":"1","H2":"1","M2":"1","M3":"1"},"XQ":{"36":"1"},"RG":{"QP":"1","PM":"1","QJ":"1","MH":"1","PP":"1","PJ":"1","QM":"1"},"WF":{"2W":"1","6X":"1","VR":"1","5X":"1"},"VF":{"PR":"1","VX":"1","MX":"1","MW":"1","RX":"1","CX":"1","QX":"1","VW":"1","JW":"1","RW":"1","XW":"1","JX":"1"},"MR":{"74":"1"},"J6":{"R3":"1"},"XF":{"2H":"1"},"QR":{"W2":"1","R2":"1","W4":"1","W3":"1","V3":"1","R4":"1","R3":"1","V4":"1","V2":"1"},"WG":{"72":"1","63":"1","73":"1","54":"1","4H":"1","62":"1","26":"1","64":"1","25":"1","27":"1","35":"1","53":"1","6M":"1","52":"1","36":"1"},"RQ":{"H9":"1","9H":"1","M8":"1","J8":"1","8H":"1","M9":"1","J9":"1"},"QQ":{"9G":"1","MJ":"1","49":"1","P9":"1","HF":"1","VQ":"1","MM":"1","RC":"1","F6":"1","3C":"1","WX":"1","39":"1","CF":"1","Q9":"1","QF":"1","C6":"1","VW":"1","RQ":"1","RF":"1","9C":"1","RW":"1","WP":"1","P7":"1","PC":"1","PJ":"1","CC":"1","VX":"1","VF":"1","8G":"1","RP":"1","RM":"1","QC":"1","R9":"1","QP":"1","69":"1","9F":"1","FQ":"1","VC":"1","FP":"1","WQ":"1","HM":"1","68":"1","CP":"1","RX":"1","88":"1","98":"1","GP":"1","VP":"1","VM":"1","P8":"1","XX":"1","4C":"1","M7":"1","PM":"1"},"VG":{"M4":"1","W7":"1","J3":"1","W6":"1","R2":"1","X6":"1","X7":"1","J4":"1","WJ":"1","Q2":"1","Q4":"1","V3":"1","J2":"1","R3":"1","G2":"1","F2":"1","G3":"1","V4":"1","M2":"1","M3":"1","V2":"1","H2":"1","P2":"1"},"PQ":{"R8":"1"}},"V7":{"28":{"H2":"1"},"F3":{"WG":"1"}},"62":{"HX":{"X8":"1"},"CF":{"HG":"1","HH":"1"},"R2":{"4G":"1","5H":"1","8H":"1","5G":"1","4H":"1"}},"G3":{"9V":{"JQ":"1","5F":"1","3V":"1","4P":"1","3F":"1","5P":"1","4Q":"1","2V":"1","HR":"1","3C":"1","CF":"1","6G":"1","3H":"1","2P":"1","6F":"1","CG":"1","39":"1","HQ":"1","5Q":"1","3R":"1","2R":"1","JR":"1","3J":"1","3G":"1","5G":"1"},"FX":{"Q3":"1","R3":"1"},"WR":{"P6":"1"},"3V":{"25":"1"},"HW":{"Q7":"1"},"7P":{"WM":"1","QJ":"1"},"8P":{"2Q":"1"},"2V":{"P2":"1","M2":"1"},"8Q":{"J6":"1","H9":"1","G7":"1","PG":"1","MG":"1","M6":"1","H6":"1","HC":"1","V2":"1","H7":"1","H8":"1","J7":"1","J8":"1","GM":"1","MP":"1","FP":"1","MH":"1","HM":"1","JP":"1","J9":"1","M7":"1","JC":"1"},"CR":{"4F":"1","4H":"1","5F":"1","2G":"1","4C":"1","3F":"1","2H":"1","3C":"1","3H":"1","49":"1","5H":"1","4J":"1","39":"1","3J":"1","3G":"1","2F":"1","5G":"1","4G":"1"},"2Q":{"WH":"1","WJ":"1"},"8R":{"PH":"1"},"JV":{"3C":"1","3F":"1"},"6P":{"PW":"1","QW":"1","PR":"1","QV":"1","GJ":"1","PV":"1","MJ":"1","JQ":"1"},"8V":{"XV":"1","H9":"1","XR":"1","G9":"1","6H":"1","FH":"1","QG":"1","WV":"1","RJ":"1","WW":"1","7J":"1","GH":"1","WM":"1","XJ":"1","VR":"1","WP":"1","XP":"1","RR":"1","7H":"1","RM":"1","PP":"1","WJ":"1","QJ":"1","QM":"1","PM":"1"},"5R":{"W5":"1","V4":"1"},"HX":{"26":"1"}},"W6":{"R5":{"32":"1","42":"1"},"Q4":{"49":"1","VQ":"1","PQ":"1","87":"1","RQ":"1","QR":"1","PR":"1","QV":"1","48":"1","8J":"1","97":"1","VR":"1","WP":"1","RR":"1","RP":"1","RM":"1","QP":"1","96":"1","QQ":"1","WQ":"1","88":"1","98":"1","QM":"1","VP":"1","XX":"1"},"VP":{"5F":"1"},"P4":{"X9":"1","JC":"1","PF":"1"},"R4":{"2X":"1","3X":"1","4X":"1"}},"M5":{"CG":{"J7":"1","97":"1","96":"1","C7":"1"},"7F":{"F8":"1"},"4J":{"M3":"1"},"HP":{"32":"1","22":"1"},"HG":{"M4":"1","P2":"1","Q2":"1","Q3":"1","97":"1","P3":"1"},"6M":{"9P":"1"},"R2":{"X2":"1"},"7M":{"J4":"1"},"CF":{"G2":"1","Q4":"1","RC":"1","F6":"1","G7":"1","R8":"1","J2":"1","WX":"1","Q9":"1","C6":"1","33":"1","M3":"1","CV":"1","FV":"1","RR":"1","H7":"1","H8":"1","QC":"1","M2":"1","J7":"1","RV":"1","R9":"1","23":"1","J8":"1","J3":"1","22":"1","32":"1","H2":"1"},"6H":{"HJ":"1","GP":"1","FG":"1","JJ":"1","PM":"1","FH":"1","HH":"1","HP":"1","C4":"1"},"9C":{"RX":"1"},"2H":{"QR":"1","JR":"1"},"6J":{"8P":"1"},"2J":{"XG":"1"},"FG":{"92":"1","38":"1","J7":"1","82":"1"},"2G":{"3C":"1","5F":"1","39":"1","68":"1","38":"1","4F":"1","48":"1","49":"1","95":"1","58":"1"},"WP":{"83":"1","74":"1","84":"1"},"CC":{"9W":"1","GX":"1","HX":"1","5W":"1","8W":"1"},"5H":{"FC":"1"},"29":{"85":"1","84":"1","86":"1"},"8F":{"R5":"1","RH":"1","W6":"1","W3":"1","X4":"1","RC":"1","X9":"1","JF":"1","V3":"1","RG":"1","Q9":"1","RF":"1","MG":"1","MF":"1","RJ":"1","W8":"1","V5":"1","X3":"1","VF":"1","7G":"1","X8":"1","W4":"1","VJ":"1","QC":"1","R9":"1","W9":"1","VH":"1","V8":"1","VC":"1","W5":"1","V4":"1","R4":"1","JG":"1","V9":"1"},"FF":{"8F":"1","PR":"1","FG":"1","8X":"1","29":"1","8J":"1","9M":"1","9F":"1","CF":"1","58":"1","9X":"1","QV":"1","QR":"1","FH":"1","CC":"1","QW":"1","9C":"1","PV":"1","PW":"1","PP":"1","9J":"1","8M":"1","67":"1"},"9F":{"78":"1","G4":"1","6C":"1","J6":"1","7F":"1","H9":"1","G7":"1","R2":"1","G9":"1","GC":"1","C9":"1","3J":"1","9C":"1","C7":"1","6F":"1","RW":"1","7C":"1","F9":"1","FC":"1","F4":"1","F8":"1","G3":"1","H6":"1","3G":"1","3H":"1","HC":"1","CC":"1","F7":"1","H7":"1","H8":"1","99":"1","F3":"1","J7":"1","C8":"1","G8":"1","98":"1"},"PP":{"FM":"1"},"7Q":{"2C":"1","5C":"1","69":"1","49":"1","4C":"1","59":"1"},"GM":{"7R":"1","FX":"1","PX":"1","RJ":"1","QJ":"1","7V":"1","6W":"1","5V":"1","QX":"1","5R":"1","6R":"1","6V":"1"},"MH":{"X4":"1"},"HM":{"2X":"1","3X":"1"},"JP":{"7J":"1","7M":"1"},"GP":{"Q5":"1","Q2":"1","P5":"1","Q4":"1","P3":"1","P4":"1","M2":"1","M3":"1","P2":"1"},"VP":{"H2":"1"},"VM":{"RP":"1","XX":"1"}},"HX":{"7G":{"28":"1","29":"1","26":"1","27":"1"},"6G":{"X9":"1","X6":"1","X8":"1","X7":"1","W8":"1","W7":"1"}},"88":{"7Q":{"43":"1","34":"1","33":"1"},"7P":{"3W":"1"},"5J":{"2M":"1","3M":"1","2J":"1","3J":"1"},"6P":{"H8":"1","H9":"1","QJ":"1","G9":"1","J8":"1","PH":"1","J9":"1","PJ":"1","QM":"1","G8":"1"}},"3R":{"64":{"6Q":"1","7Q":"1","7R":"1","7M":"1","6P":"1"},"65":{"28":"1","3C":"1","29":"1","39":"1","2C":"1","C6":"1","97":"1","96":"1","86":"1"},"74":{"4G":"1","3H":"1","3G":"1","4H":"1"},"55":{"X9":"1","X8":"1","XC":"1"},"63":{"XQ":"1","XR":"1","QW":"1"}},"WQ":{"RQ":{"XX":"1","WX":"1"},"VP":{"6Q":"1","WP":"1","PP":"1","PV":"1","JQ":"1"},"VQ":{"2X":"1","V4":"1"},"V7":{"3M":"1","3P":"1"},"RR":{"X2":"1","X3":"1","W2":"1"},"R7":{"RJ":"1"},"VR":{"23":"1","22":"1"},"WV":{"G7":"1","H6":"1","G6":"1","H7":"1"}},"F4":{"HX":{"5X":"1"},"25":{"3Q":"1","7P":"1","5J":"1","8P":"1","MP":"1","7C":"1","69":"1","7F":"1","6F":"1","5M":"1","6C":"1"},"35":{"RV":"1"},"56":{"43":"1"},"24":{"XP":"1","CW":"1"},"8M":{"4P":"1","5Q":"1","4Q":"1","5P":"1"}},"52":{"64":{"6C":"1","79":"1","38":"1","5F":"1","GC":"1","G9":"1","PQ":"1","5C":"1","C9":"1","RQ":"1","FH":"1","FX":"1","6F":"1","7C":"1","F9":"1","GX":"1","48":"1","FW":"1","GH":"1","FC":"1","HJ":"1","GW":"1","FG":"1","FJ":"1","CC":"1","GG":"1","RP":"1","37":"1","QP":"1","69":"1","PP":"1","QQ":"1","47":"1"},"73":{"RQ":"1","VQ":"1","RR":"1","RW":"1","VV":"1","VR":"1","RV":"1","VW":"1"},"29":{"P6":"1"},"65":{"M4":"1","G5":"1","G4":"1","F3":"1","P5":"1","M5":"1","G3":"1","J8":"1","G7":"1","P4":"1","Q7":"1","H4":"1","Q8":"1"},"96":{"94":"1","85":"1","84":"1","95":"1"}},"XP":{"9M":{"25":"1"}},"QJ":{"MC":{"96":"1"},"M9":{"5M":"1"}},"VJ":{"VG":{"RQ":"1","WH":"1"},"VH":{"98":"1","89":"1","99":"1","86":"1","77":"1","68":"1","76":"1","79":"1","88":"1","87":"1","78":"1","67":"1"}},"83":{"GC":{"VX":"1"},"38":{"7F":"1"},"HC":{"WF":"1","XC":"1","WC":"1"},"56":{"CQ":"1","FV":"1","VX":"1","6Q":"1","FQ":"1","CR":"1","FR":"1","CV":"1","RX":"1","VW":"1","RW":"1"}},"XR":{"PQ":{"8V":"1","7V":"1"},"PR":{"VC":"1","HW":"1","WF":"1","JX":"1","C4":"1","HX":"1","JW":"1","G6":"1","R7":"1","H4":"1","F6":"1","WC":"1","PR":"1","R3":"1","VF":"1","PV":"1","VM":"1","G5":"1","C5":"1","HV":"1","F5":"1","F4":"1"},"QV":{"62":"1","72":"1"},"PV":{"Q4":"1","Q3":"1","V7":"1","R3":"1","R4":"1","V4":"1"},"M9":{"JQ":"1"}},"3F":{"V6":{"4H":"1"}},"XV":{"3X":{"62":"1","93":"1","55":"1"},"3W":{"8Q":"1","5X":"1"}},"78":{"FC":{"X9":"1","W9":"1","X8":"1","WF":"1","W8":"1","WC":"1"}},"RC":{"F7":{"35":"1","46":"1","33":"1"},"X4":{"37":"1","7F":"1","38":"1","7C":"1","4C":"1","8C":"1"},"W4":{"VC":"1","W7":"1","X7":"1","X6":"1","WC":"1","WF":"1","VF":"1","WG":"1","VG":"1"}},"X8":{"5F":{"X2":"1"}},"55":{"X2":{"28":"1","3H":"1","3G":"1","2G":"1","3J":"1","27":"1","9F":"1"},"HF":{"MQ":"1"},"W2":{"XG":"1","VG":"1","VH":"1","RH":"1"},"8Q":{"5J":"1"},"GJ":{"6C":"1","2V":"1","7F":"1","79":"1","6M":"1","7M":"1","H3":"1","2R":"1","6F":"1","7C":"1","7J":"1","6J":"1","G3":"1","3V":"1","8F":"1","89":"1","6V":"1","69":"1","8C":"1","J3":"1","3R":"1","CR":"1"},"GH":{"PF":"1","PC":"1"}},"M7":{"4P":{"6V":"1"},"6J":{"RW":"1","QW":"1","QX":"1"},"4Q":{"96":"1"}},"XM":{"6X":{"7V":"1"},"4H":{"2W":"1","3X":"1","3W":"1"}},"49":{"97":{"XG":"1","XJ":"1","XH":"1","XM":"1"},"C7":{"2H":"1","4G":"1","3H":"1","3G":"1","2J":"1","2G":"1","3J":"1","QM":"1"}},"Q9":{"X6":{"MX":"1"},"CM":{"4P":"1"},"25":{"RV":"1"},"8J":{"XG":"1","WG":"1","F7":"1","XC":"1","P6":"1","W4":"1"},"P3":{"36":"1","45":"1","44":"1","HH":"1","35":"1","34":"1","GH":"1"},"8Q":{"XM":"1"},"9H":{"2X":"1"},"27":{"92":"1","93":"1","C2":"1"},"X8":{"X6":"1"},"8H":{"RX":"1","QX":"1","XX":"1"}},"25":{"3Q":{"G5":"1","22":"1","86":"1","73":"1","54":"1","77":"1","84":"1","G9":"1","F9":"1","H8":"1","G8":"1","95":"1","G7":"1","PF":"1","53":"1","74":"1","87":"1","32":"1","23":"1","85":"1","C5":"1"},"MX":{"RX":"1","RW":"1","QW":"1","QX":"1","VW":"1","PX":"1"},"4Q":{"6H":"1","6J":"1","5H":"1","7H":"1","5M":"1","5J":"1","6G":"1"},"43":{"48":"1"},"2Q":{"X2":"1"},"3P":{"2X":"1","3X":"1"},"2P":{"VX":"1","XX":"1","VW":"1"}},"WV":{"76":{"MX":"1","FR":"1","HH":"1","FV":"1"},"2J":{"23":"1"},"87":{"7P":"1","5J":"1","3F":"1","8J":"1","8Q":"1","7Q":"1","8H":"1","3G":"1","8C":"1"},"99":{"36":"1","37":"1","F2":"1"},"88":{"WP":"1","VC":"1","W7":"1","RF":"1","PH":"1","XG":"1","XJ":"1","R9":"1","XP":"1","WF":"1","WC":"1","XM":"1","VF":"1","QG":"1","QJ":"1","XF":"1","WG":"1","PG":"1","V7":"1","PJ":"1","QH":"1"},"98":{"2H":"1","2M":"1","3M":"1","3H":"1","2J":"1","3J":"1"},"77":{"WP":"1","H9":"1","XQ":"1","J9":"1","WR":"1","W9":"1","JC":"1","WQ":"1","MG":"1","XP":"1","GC":"1","HC":"1","G9":"1","WF":"1","F8":"1","C6":"1","C8":"1","WG":"1","XR":"1","JG":"1","JF":"1","C7":"1","HF":"1","MH":"1","F7":"1","CH":"1"}},"WJ":{"WH":{"MP":"1","JP":"1","HP":"1","87":"1","PF":"1","9C":"1","MG":"1","86":"1","77":"1"}},"VF":{"36":{"FM":"1","GV":"1","HH":"1","FJ":"1","GJ":"1"},"68":{"RQ":"1","VQ":"1","RR":"1","VV":"1","VR":"1","RP":"1","WR":"1","WV":"1"}},"24":{"GF":{"27":"1"},"P8":{"JM":"1"},"7G":{"GV":"1","CW":"1"},"RJ":{"PM":"1","PJ":"1"},"MR":{"2G":"1"},"V7":{"73":"1","35":"1"},"FF":{"MG":"1","7G":"1","HC":"1","MF":"1","6F":"1","PG":"1","CC":"1","PF":"1","JG":"1","JF":"1","M9":"1","HF":"1","8C":"1"},"JR":{"XG":"1"},"GR":{"XF":"1"},"Q8":{"G7":"1"}},"F2":{"XH":{"JV":"1"},"2Q":{"X3":"1","X4":"1"},"HP":{"W2":"1"},"PG":{"9P":"1","HJ":"1"},"PQ":{"4P":"1"},"XG":{"VW":"1"},"2R":{"95":"1","C5":"1"},"3J":{"2Q":"1","2P":"1"},"2H":{"84":"1"},"PH":{"MR":"1","MV":"1"},"QR":{"29":"1","39":"1","2J":"1","4J":"1"},"PR":{"WP":"1","XQ":"1","WQ":"1","WM":"1","XP":"1","WJ":"1","Q5":"1","Q4":"1","XH":"1","XM":"1","R4":"1","V5":"1","R5":"1"},"QV":{"PM":"1","23":"1","QM":"1"},"JQ":{"X2":"1","X3":"1"},"2J":{"XP":"1","WP":"1","XQ":"1","WQ":"1"},"XJ":{"FC":"1","CF":"1","CC":"1"},"2G":{"8J":"1","8M":"1"},"VV":{"86":"1"},"3Q":{"36":"1","37":"1","23":"1","24":"1","59":"1"},"MP":{"2X":"1"},"QQ":{"9R":"1","8V":"1","7V":"1","9V":"1","8R":"1"},"HM":{"QQ":"1","QP":"1","FM":"1","HM":"1","CM":"1","GP":"1","MR":"1","FP":"1","PR":"1","FJ":"1","CJ":"1","HJ":"1","GJ":"1","PV":"1","MV":"1","WX":"1","FH":"1","GM":"1"},"JP":{"PH":"1","XX":"1"},"J9":{"5J":"1"},"JJ":{"7J":"1","7H":"1"},"MQ":{"32":"1","23":"1","22":"1","33":"1"},"PV":{"R5":"1","R6":"1","X3":"1"},"JC":{"XJ":"1"}},"WC":{"42":{"HF":"1"},"HR":{"H9":"1","QP":"1","MQ":"1","FJ":"1","MC":"1","QV":"1","QR":"1","QM":"1","RX":"1","QX":"1","HV":"1","PV":"1"},"J8":{"95":"1","96":"1"},"JV":{"78":"1","34":"1","G2":"1","43":"1","95":"1","C5":"1","F6":"1","53":"1","86":"1","87":"1","C6":"1","55":"1","C7":"1","24":"1","F4":"1","33":"1","66":"1","54":"1","G5":"1","F7":"1","G6":"1","77":"1","F3":"1","45":"1","44":"1","F5":"1","96":"1","56":"1","H2":"1"},"HQ":{"28":"1"},"JR":{"GX":"1","HX":"1"},"X3":{"WH":"1"},"HV":{"Q2":"1","X3":"1","W4":"1","R4":"1","R2":"1"},"4G":{"GQ":"1"}},"M4":{"7H":{"3M":"1"},"VX":{"HJ":"1","JQ":"1","JH":"1","H5":"1","JR":"1","GR":"1","J5":"1"},"VW":{"PG":"1","JP":"1"}},"M8":{"H8":{"34":"1"},"7J":{"9G":"1","9F":"1"},"X6":{"PM":"1","RP":"1","R9":"1","RH":"1","QM":"1"},"G7":{"XQ":"1","VX":"1","7M":"1","XP":"1","RV":"1","VV":"1","WV":"1","VJ":"1","VW":"1","JW":"1","RW":"1"},"F7":{"JH":"1"},"G8":{"H4":"1"},"H7":{"5Q":"1","2R":"1","4R":"1","5R":"1","2X":"1","3R":"1","2P":"1"}},"8Q":{"M7":{"2H":"1","2J":"1"},"J7":{"WH":"1","XH":"1"}},"XG":{"HQ":{"9H":"1","9X":"1","9G":"1"},"W9":{"CJ":"1"},"HR":{"H2":"1","H4":"1","J3":"1","H3":"1"},"HP":{"FC":"1","HF":"1","G9":"1","GC":"1","HC":"1","F9":"1","GF":"1"},"26":{"WX":"1","WW":"1"},"27":{"C9":"1","C8":"1","99":"1","88":"1","98":"1"},"GR":{"X5":"1","W2":"1","W6":"1","V6":"1","W4":"1","X4":"1","W3":"1","X2":"1","W5":"1","X3":"1"},"JQ":{"2J":"1","3J":"1"}},"7R":{"VV":{"W8":"1","V8":"1","V9":"1"},"WR":{"3X":"1","4X":"1"},"WV":{"64":"1","65":"1","84":"1","23":"1","24":"1","33":"1"}},"36":{"5Q":{"FQ":"1","CQ":"1","FR":"1"},"5X":{"F2":"1","C2":"1"},"5W":{"CX":"1","FX":"1"}},"F3":{"HH":{"XP":"1","XQ":"1","XM":"1"},"RH":{"37":"1","38":"1","J3":"1","27":"1","96":"1","M3":"1"},"WR":{"85":"1"},"QH":{"R6":"1"},"PG":{"2V":"1","2G":"1"},"38":{"M4":"1","M5":"1"},"JF":{"FW":"1"},"PF":{"X9":"1","M7":"1","W7":"1","RF":"1","W9":"1","X7":"1","P8":"1","RJ":"1","RH":"1","82":"1","QJ":"1","92":"1","M8":"1","PF":"1","P7":"1","VG":"1","5C":"1","QH":"1","C4":"1"},"39":{"J9":"1","7P":"1","8P":"1","9P":"1","6Q":"1","9M":"1","8Q":"1","M8":"1","7Q":"1","J8":"1","8W":"1","8M":"1"},"RG":{"HH":"1","36":"1","34":"1","49":"1","XV":"1","HF":"1","43":"1","X4":"1","73":"1","G7":"1","2F":"1","79":"1","HG":"1","38":"1","65":"1","PF":"1","R2":"1","V6":"1","V3":"1","PQ":"1","5C":"1","84":"1","RQ":"1","35":"1","MG":"1","9C":"1","RJ":"1","7C":"1","24":"1","QR":"1","Q7":"1","PR":"1","48":"1","M6":"1","33":"1","H6":"1","FG":"1","59":"1","2G":"1","JH":"1","C4":"1","25":"1","V2":"1","RR":"1","GG":"1","85":"1","H8":"1","RP":"1","99":"1","X2":"1","45":"1","W4":"1","FF":"1","37":"1","89":"1","82":"1","46":"1","75":"1","8C":"1","56":"1","WF":"1","J8":"1","VC":"1","83":"1","QQ":"1","22":"1","W5":"1","MH":"1","Q6":"1","J9":"1","32":"1","VP":"1","JG":"1","74":"1","4C":"1","V9":"1"},"QF":{"6C":"1","MJ":"1","49":"1","XV":"1","7F":"1","8P":"1","XW":"1","XR":"1","5F":"1","6R":"1","5V":"1","MX":"1","WV":"1","6F":"1","RW":"1","2H":"1","7C":"1","WW":"1","6Q":"1","XQ":"1","PW":"1","HQ":"1","5Q":"1","8G":"1","7G":"1","VV":"1","8F":"1","6V":"1","3Q":"1","5R":"1","RX":"1","XX":"1","PX":"1","PV":"1"},"RF":{"2V":"1","2P":"1","2Q":"1","CW":"1","3X":"1","5V":"1","2R":"1","FX":"1","3W":"1","9V":"1","5W":"1","FW":"1","CV":"1","FV":"1","2W":"1","9R":"1","3V":"1","VX":"1","9W":"1","6V":"1","6W":"1","3P":"1","2X":"1","RX":"1","CR":"1"},"28":{"X6":"1","X5":"1"},"QG":{"4H":"1","2G":"1","3G":"1","3J":"1","XG":"1","3H":"1","Q5":"1","M2":"1","R7":"1","V6":"1","X2":"1","M7":"1","J3":"1","3M":"1","Q6":"1","2F":"1","M3":"1","V2":"1","R4":"1","X8":"1","X7":"1","3P":"1","2H":"1","J2":"1","P6":"1","P5":"1","C2":"1","R8":"1","4G":"1","M5":"1","W7":"1","3F":"1","R6":"1","4J":"1","Q7":"1","W6":"1","V7":"1","X9":"1","XF":"1","V3":"1","F2":"1","R5":"1","4M":"1","W8":"1","Q4":"1"},"MG":{"XP":"1","XG":"1","6X":"1","VG":"1","VH":"1"},"MF":{"62":"1","G2":"1"},"PH":{"57":"1"},"24":{"P2":"1","Q2":"1","Q3":"1","P3":"1","V6":"1"},"VG":{"78":"1","49":"1","F6":"1","J2":"1","79":"1","V6":"1","5C":"1","FH":"1","P3":"1","V5":"1","24":"1","8J":"1","9P":"1","5H":"1","89":"1","V8":"1","V4":"1","P4":"1","88":"1","98":"1","4C":"1","H2":"1"},"JH":{"2M":"1","2P":"1","9J":"1","2Q":"1","8P":"1","9M":"1","4P":"1","4M":"1","6M":"1","7M":"1","6P":"1","4Q":"1","8Q":"1","7J":"1","6J":"1","8J":"1","6Q":"1","7P":"1","CM":"1","5P":"1","5Q":"1","9P":"1","9Q":"1","7Q":"1","3Q":"1","3P":"1","CP":"1","8M":"1","5M":"1"},"PC":{"9X":"1","3Q":"1","MX":"1","CX":"1","4Q":"1","JW":"1","9V":"1","7P":"1","8X":"1"},"VF":{"5W":"1","WR":"1","4R":"1","WQ":"1","VR":"1","XR":"1","5V":"1","QW":"1","QX":"1","JW":"1","HX":"1"},"X6":{"2C":"1"},"WH":{"32":"1","4R":"1","4Q":"1","6C":"1","4H":"1","42":"1"},"2C":{"28":"1","29":"1","39":"1","38":"1","27":"1","63":"1"},"WG":{"MV":"1","57":"1","8P":"1","7H":"1","69":"1","58":"1","68":"1","2J":"1","6F":"1","JW":"1","JX":"1"},"MC":{"XP":"1","GQ":"1","WP":"1","6X":"1"},"WF":{"8X":"1"},"VH":{"XJ":"1","25":"1","PF":"1","XH":"1"},"QJ":{"CJ":"1"},"MH":{"M4":"1","J3":"1","65":"1","J4":"1","Q5":"1","Q2":"1","P5":"1","Q4":"1","P3":"1","M5":"1","J2":"1","Q3":"1","P4":"1","M2":"1","M3":"1","J5":"1","P2":"1"},"VP":{"Q3":"1"}},"P7":{"FV":{"JF":"1","MC":"1","HF":"1","JG":"1","MH":"1","MF":"1","HG":"1","JC":"1","HC":"1","JH":"1","MG":"1"},"VW":{"HW":"1","GW":"1","GV":"1","HV":"1"},"44":{"V7":"1","VH":"1","RH":"1","V6":"1"},"PQ":{"8M":"1"},"HH":{"M5":"1"},"HQ":{"HG":"1","HW":"1","GG":"1","MP":"1","HH":"1","JW":"1","HF":"1","JM":"1"},"GW":{"X4":"1"},"54":{"32":"1","53":"1","52":"1","43":"1","42":"1","33":"1"},"HV":{"WR":"1","P9":"1","VQ":"1","MM":"1","RC":"1","R8":"1","HX":"1","XR":"1","HG":"1","MX":"1","Q9":"1","JM":"1","QX":"1","Q7":"1","WP":"1","PC":"1","QC":"1","FF":"1","R9":"1","Q8":"1","V8":"1","VC":"1","JX":"1","WQ":"1","VP":"1","P8":"1","MW":"1","PX":"1","V9":"1"},"MJ":{"35":"1"},"8J":{"QP":"1","WF":"1","XF":"1","XC":"1","WC":"1"},"FP":{"XX":"1"},"VX":{"59":"1","77":"1","MQ":"1","MP":"1","7C":"1","69":"1","58":"1","68":"1","V7":"1","79":"1","78":"1","V8":"1","F6":"1","PP":"1","67":"1"},"JG":{"JP":"1","CJ":"1","JV":"1"},"MV":{"43":"1","H6":"1","7X":"1","8X":"1","24":"1","9W":"1","42":"1","F3":"1","RV":"1","7W":"1","9X":"1","33":"1","32":"1","34":"1","23":"1","8W":"1","JX":"1"},"Q6":{"QR":"1","QQ":"1","PQ":"1"},"MX":{"M4":"1","V8":"1","V9":"1","M5":"1","V2":"1","J5":"1"},"HR":{"R5":"1","9R":"1","R6":"1","HR":"1","XC":"1","WQ":"1","QC":"1","JR":"1","9Q":"1","GM":"1","V5":"1","HV":"1","V6":"1"},"PW":{"8F":"1","9G":"1","V4":"1","8G":"1","63":"1","R8":"1","9F":"1"},"QW":{"4X":"1","43":"1","3X":"1","65":"1","7V":"1","5V":"1","FX":"1","3W":"1","RW":"1","6X":"1","QV":"1","JQ":"1","64":"1","5W":"1","7W":"1","M6":"1","JR":"1","MR":"1","7X":"1","5X":"1","PJ":"1","RM":"1","RV":"1","4W":"1","6V":"1","6W":"1","FQ":"1","8W":"1","QW":"1","QJ":"1","QM":"1","74":"1","MQ":"1","XX":"1","PM":"1"},"XH":{"97":"1","87":"1","88":"1","96":"1","86":"1"},"HW":{"H4":"1","XH":"1","J6":"1","W3":"1","XM":"1","XG":"1","P3":"1","V5":"1","24":"1","VG":"1","Q2":"1","WM":"1","G3":"1","H6":"1","M3":"1","XQ":"1","C2":"1","WP":"1","XP":"1","P2":"1","VF":"1","Q3":"1","WH":"1","J5":"1","F3":"1","W4":"1","VJ":"1","M2":"1","Q8":"1","WF":"1","VH":"1","23":"1","WJ":"1","H5":"1","94":"1","WQ":"1","V4":"1","R4":"1","H2":"1"},"MW":{"2V":"1","2P":"1","G7":"1","4P":"1","J2":"1","PG":"1","6R":"1","7V":"1","5V":"1","GF":"1","4Q":"1","2R":"1","4R":"1","5G":"1","R7":"1","7C":"1","Q7":"1","Q2":"1","7W":"1","6Q":"1","4V":"1","F8":"1","7P":"1","9R":"1","V2":"1","5P":"1","VX":"1","X6":"1","5Q":"1","5H":"1","MV":"1","29":"1","M2":"1","4W":"1","82":"1","C8":"1","7Q":"1","8C":"1","7R":"1","3Q":"1","3P":"1","5R":"1","72":"1","W5":"1","Q6":"1","8M":"1","MW":"1"},"HM":{"W4":"1","V4":"1"},"WX":{"WR":"1","VQ":"1","PG":"1","PF":"1","RQ":"1","QG":"1","MG":"1","MF":"1","PH":"1","QR":"1","WM":"1","VR":"1","WP":"1","RR":"1","RP":"1","RM":"1","QP":"1","QQ":"1","WQ":"1","MH":"1","QM":"1","VP":"1","VM":"1","JG":"1"},"MQ":{"RH":"1","QH":"1","PG":"1","PF":"1","RG":"1","QF":"1","RF":"1","QG":"1","MG":"1","RJ":"1","PH":"1","WM":"1","WP":"1","PJ":"1","RP":"1","RM":"1","VJ":"1","VH":"1","WJ":"1","QJ":"1","MH":"1","QM":"1","VP":"1","VM":"1"},"VP":{"3Q":"1"},"W2":{"X5":"1"},"47":{"WG":"1"},"WW":{"64":"1","92":"1","C2":"1"},"JQ":{"6W":"1"},"RW":{"2X":"1","3X":"1"},"9J":{"W5":"1"},"PX":{"J6":"1","PM":"1","39":"1","MF":"1","69":"1","R3":"1","59":"1","M6":"1"},"GV":{"4P":"1","V3":"1","V2":"1"},"JR":{"9R":"1","P8":"1","GX":"1","P7":"1","Q7":"1"},"RJ":{"HW":"1","8V":"1","M7":"1","HV":"1"},"WR":{"JF":"1"},"FW":{"X7":"1"},"JV":{"2W":"1"},"PV":{"29":"1","5F":"1","4G":"1","CQ":"1","3R":"1","CP":"1","PX":"1"},"V3":{"3M":"1","7P":"1","3J":"1","6M":"1","4M":"1","5M":"1","6P":"1"},"JW":{"VW":"1","JM":"1","PM":"1","GH":"1","JJ":"1","V5":"1","M8":"1","2G":"1","PP":"1","3G":"1","V8":"1","7J":"1","J9":"1","XQ":"1","2M":"1","PQ":"1","P7":"1","G6":"1","Q5":"1","HP":"1","HH":"1","XV":"1","HQ":"1","JP":"1","7M":"1","MJ":"1","PJ":"1","G9":"1","9G":"1","FC":"1","R7":"1","8J":"1","8P":"1","XP":"1","7G":"1","V4":"1","8M":"1","CM":"1","MV":"1","6H":"1","M7":"1","9M":"1","QC":"1","V9":"1","GP":"1","3M":"1","HF":"1","49":"1","W3":"1","Q6":"1","8G":"1","MR":"1","PW":"1","QW":"1","84":"1","PC":"1","HJ":"1","XM":"1","3P":"1","WP":"1","HM":"1","RG":"1","2H":"1","GJ":"1","X4":"1","MQ":"1","P6":"1","GG":"1","P5":"1","PR":"1","QM":"1","VP":"1","9Q":"1","3C":"1","JQ":"1","R8":"1","74":"1","GQ":"1","X3":"1","RW":"1","8Q":"1","MC":"1","J8":"1","QP":"1","QJ":"1","RJ":"1","FH":"1","M5":"1","R6":"1","Q9":"1","QV":"1","J7":"1","6G":"1","4J":"1","Q7":"1","2Q":"1","JC":"1","M9":"1","Q8":"1","JH":"1","M6":"1","2P":"1","MM":"1","V7":"1","X9":"1","W4":"1","PV":"1","P9":"1","5J":"1","XF":"1","7P":"1","R5":"1","P8":"1","FJ":"1","4M":"1","GM":"1","R9":"1","85":"1"},"RX":{"W8":"1","22":"1","H9":"1","J9":"1","24":"1","57":"1","W9":"1","V9":"1","H8":"1","58":"1","68":"1","32":"1","34":"1","V8":"1","67":"1"},"85":{"9X":"1","4R":"1","4W":"1","5R":"1","4V":"1","5V":"1","3W":"1","5W":"1","4X":"1","2Q":"1","6W":"1"},"QX":{"78":"1","H4":"1","3F":"1","49":"1","9J":"1","M4":"1","F6":"1","3C":"1","G7":"1","J2":"1","79":"1","39":"1","H3":"1","F8":"1","H6":"1","3G":"1","M3":"1","4F":"1","F7":"1","H7":"1","G6":"1","H8":"1","4G":"1","29":"1","X2":"1","J5":"1","M2":"1","2C":"1","J4":"1","69":"1","G8":"1","J3":"1","72":"1","M5":"1","4C":"1","H2":"1"},"68":{"2M":"1","3M":"1","3P":"1"}},"W9":{"J7":{"P9":"1"},"67":{"65":"1","55":"1"}},"R6":{"6C":{"36":"1","6C":"1","3F":"1","R5":"1","7F":"1","3C":"1","2F":"1","XR":"1","5F":"1","WX":"1","V6":"1","5C":"1","VW":"1","35":"1","R3":"1","6F":"1","V5":"1","26":"1","R7":"1","QX":"1","7C":"1","Q5":"1","V7":"1","WM":"1","VR":"1","XQ":"1","XP":"1","25":"1","RR":"1","VX":"1","2C":"1","RV":"1","46":"1","56":"1","57":"1","WQ":"1","Q6":"1","93":"1","R6":"1"},"49":{"WJ":"1"},"7F":{"P2":"1","92":"1","22":"1"},"HF":{"8J":"1"},"4J":{"36":"1","37":"1","45":"1","26":"1","XJ":"1","38":"1","25":"1","35":"1","46":"1","27":"1","47":"1","XM":"1"},"79":{"3Q":"1","5X":"1","4P":"1","4Q":"1","J7":"1","J6":"1","3P":"1","2P":"1","2J":"1","2M":"1","5Q":"1","4X":"1","HV":"1","3M":"1","HX":"1"},"5J":{"2M":"1","2J":"1","2P":"1"},"5F":{"4J":"1","4M":"1","5M":"1","5J":"1"},"39":{"3C":"1"},"5C":{"X9":"1","W8":"1","XC":"1","H9":"1","W7":"1","J9":"1","W9":"1","59":"1","JC":"1","X7":"1","HC":"1","WC":"1","69":"1","C9":"1","G8":"1","79":"1","G7":"1","X8":"1","97":"1","C7":"1"},"3M":{"Q7":"1"},"6F":{"63":"1","W2":"1","R2":"1","Q2":"1","J2":"1","33":"1","X2":"1","32":"1","23":"1","V2":"1"},"7C":{"FP":"1","2Q":"1","PX":"1","C5":"1","H3":"1","4F":"1","93":"1","8H":"1","F7":"1","M5":"1","7H":"1","MQ":"1","3R":"1","F4":"1","3Q":"1","G9":"1","XP":"1","8M":"1","C7":"1","H8":"1","VJ":"1","3F":"1","MP":"1","9J":"1","VH":"1","PC":"1","PP":"1","6J":"1","58":"1","WP":"1","9H":"1","CJ":"1","4G":"1","VX":"1","J7":"1","7C":"1","7G":"1","HR":"1","J5":"1","66":"1","5C":"1","67":"1","CH":"1","7F":"1","J6":"1","8J":"1","G5":"1","J9":"1","68":"1","C6":"1","8F":"1","5F":"1","H9":"1","G4":"1","H5":"1","2H":"1","C4":"1","6M":"1","35":"1","6F":"1","R9":"1","6C":"1","2G":"1","RX":"1","53":"1","9M":"1","7J":"1","57":"1","3G":"1","G7":"1","F5":"1","2R":"1","RH":"1","7M":"1","G8":"1","F6":"1","54":"1","J8":"1","8C":"1","G6":"1"},"WW":{"4G":"1","79":"1"},"59":{"JV":"1","53":"1","G7":"1","HP":"1","5V":"1","52":"1","63":"1","5W":"1","4V":"1","H6":"1","H7":"1","G6":"1","RM":"1","4W":"1","JX":"1","QM":"1","62":"1"},"4G":{"3V":"1","4W":"1","4R":"1","2V":"1","4V":"1","3W":"1"},"GQ":{"WW":"1"},"69":{"W8":"1","JQ":"1","MV":"1","MQ":"1","MP":"1","HR":"1","MR":"1","QR":"1","JP":"1","RQ":"1","6W":"1","HQ":"1","JR":"1","HP":"1","RR":"1","PQ":"1","PV":"1","JM":"1"},"8C":{"5F":"1","2M":"1","3M":"1","6J":"1","5H":"1","MH":"1","9P":"1","2J":"1","6V":"1","3J":"1","MR":"1","HH":"1","5V":"1","HJ":"1","JH":"1","5W":"1","5J":"1","JJ":"1","MJ":"1","6W":"1"},"M5":{"HQ":"1"},"MH":{"53":"1","52":"1","43":"1"},"JG":{"VP":"1","VQ":"1"}},"VV":{"XJ":{"WH":"1","XJ":"1","WJ":"1"},"XH":{"WW":"1"}},"J7":{"XQ":{"QM":"1"},"46":{"7J":"1"},"99":{"RV":"1"}},"JC":{"V7":{"W2":"1"}},"42":{"PG":{"XF":"1","XC":"1"},"QG":{"6Q":"1","6R":"1","7Q":"1","2C":"1","7V":"1","4J":"1","7R":"1","2F":"1"}},"7G":{"Q3":{"9M":"1","X3":"1","G7":"1","9P":"1"},"R3":{"45":"1","23":"1","22":"1","46":"1","56":"1","55":"1"}},"FJ":{"VW":{"CQ":"1","GP":"1","CM":"1","9P":"1","CP":"1","FP":"1","FQ":"1","9M":"1","9Q":"1","CR":"1","FR":"1","GQ":"1","GR":"1","9R":"1"}},"M6":{"PG":{"8G":"1","8F":"1","93":"1","9F":"1","92":"1","95":"1","9G":"1","F7":"1","C4":"1"},"6Q":{"G4":"1","F5":"1","F4":"1"},"C8":{"CR":"1"},"98":{"PP":"1"}},"23":{"GP":{"G5":"1"},"WC":{"XG":"1","X6":"1","8F":"1","3Q":"1","2R":"1","G4":"1","R7":"1","W5":"1","3R":"1","8G":"1","W6":"1","2Q":"1","X5":"1","F4":"1","Q7":"1"},"VF":{"FQ":"1","GQ":"1","H8":"1","HQ":"1","H9":"1","JP":"1","FC":"1","8V":"1","HM":"1","9W":"1","HR":"1","HP":"1","G9":"1","FG":"1","FR":"1","C8":"1","7V":"1","FF":"1","9V":"1","GP":"1","JM":"1","8X":"1","CG":"1","7W":"1","MM":"1","GR":"1","8W":"1","G8":"1","8R":"1"},"GM":{"GR":"1"}},"J5":{"JF":{"VC":"1","7P":"1","V9":"1"},"C9":{"X9":"1","XQ":"1","WQ":"1","VR":"1","RV":"1","VV":"1","WX":"1","XR":"1"},"XG":{"G5":"1"},"84":{"GX":"1"},"C6":{"QG":"1"},"QG":{"X8":"1","X7":"1"},"JM":{"F2":"1","C2":"1"},"26":{"39":"1","49":"1"},"F9":{"29":"1","39":"1","2C":"1"},"M9":{"97":"1"},"FC":{"9X":"1","CX":"1","CF":"1","22":"1","MQ":"1","CW":"1"},"XJ":{"RG":"1"},"C2":{"JR":"1"},"CC":{"X2":"1","W3":"1","W2":"1","V2":"1"},"42":{"76":"1","FC":"1","88":"1","78":"1","77":"1"},"F3":{"QG":"1"},"45":{"HV":"1"},"FF":{"92":"1","C2":"1"},"F5":{"2V":"1","3P":"1","2P":"1"},"46":{"CF":"1"},"23":{"MF":"1","QF":"1"},"JJ":{"CX":"1","FX":"1"},"98":{"28":"1","QR":"1","29":"1","QV":"1","PV":"1","58":"1"}},"XQ":{"8J":{"57":"1","68":"1","67":"1","58":"1"},"3M":{"8P":"1"},"FG":{"H9":"1","JF":"1","HF":"1","GC":"1","JC":"1","HC":"1","J9":"1"},"CH":{"V7":"1","W7":"1"},"CG":{"9M":"1"},"8H":{"86":"1"}},"X2":{"73":{"QR":"1","PR":"1","QV":"1","PV":"1"},"84":{"Q4":"1","R3":"1","V3":"1","R4":"1","V4":"1"},"2C":{"28":"1","29":"1","4J":"1","46":"1"},"3H":{"4P":"1","9X":"1","9W":"1","8X":"1"},"4F":{"23":"1"},"3J":{"92":"1","82":"1"},"5V":{"9W":"1","CW":"1","CV":"1"},"2F":{"98":"1","HJ":"1","FC":"1","H9":"1","7X":"1","JJ":"1","3Q":"1","GC":"1","GM":"1","G9":"1","JH":"1","GV":"1","GJ":"1","F9":"1","H8":"1","C9":"1","F8":"1","G8":"1","C8":"1","HM":"1","HH":"1","G7":"1","97":"1","C7":"1","JM":"1","F6":"1","F7":"1"},"3P":{"M4":"1","Q4":"1","Q5":"1","P4":"1","P3":"1","M3":"1"}},"4R":{"FX":{"MC":"1","PF":"1","VF":"1","RF":"1","PC":"1"},"CW":{"XG":"1","WH":"1","XH":"1"}},"H7":{"85":{"M3":"1"},"XR":{"JH":"1"},"JC":{"MQ":"1"},"XX":{"MX":"1"}},"82":{"89":{"9G":"1","9F":"1"},"W7":{"P3":"1"},"7P":{"8P":"1","9P":"1"},"26":{"JR":"1"},"4R":{"QH":"1"},"47":{"5M":"1"},"28":{"CP":"1"},"P3":{"G2":"1","R5":"1","M4":"1","8P":"1","95":"1","8R":"1","6R":"1","7V":"1","8V":"1","R3":"1","8Q":"1","V5":"1","6Q":"1","7P":"1","9R":"1","P2":"1","85":"1","9Q":"1","R9":"1","7Q":"1","7R":"1","R4":"1","H2":"1"},"9Q":{"M7":"1","P9":"1","P8":"1","M8":"1","G7":"1","Q7":"1","Q9":"1","P7":"1","F7":"1","Q8":"1"},"M5":{"CP":"1","HV":"1"},"G2":{"VV":"1"},"27":{"PX":"1"},"2Q":{"4X":"1","VQ":"1","3X":"1","5V":"1","4R":"1","FX":"1","6X":"1","5W":"1","GX":"1","4V":"1","GW":"1","7X":"1","2W":"1","5X":"1","GR":"1","6W":"1","5R":"1","2X":"1","X5":"1"},"2J":{"7Q":"1","8P":"1"},"C8":{"6M":"1"},"44":{"2H":"1","3H":"1"},"88":{"99":"1"},"39":{"83":"1"},"6P":{"58":"1"},"32":{"9H":"1","9G":"1"},"2R":{"22":"1","72":"1","63":"1","73":"1","24":"1","62":"1","65":"1","82":"1","55":"1","33":"1","32":"1","23":"1"},"RR":{"QX":"1","PX":"1"},"GR":{"MW":"1"},"WW":{"9F":"1"},"4M":{"CF":"1","9F":"1"},"6J":{"HG":"1"},"P2":{"RM":"1","PR":"1","QP":"1","W9":"1","PX":"1","RP":"1","WC":"1","MX":"1","XF":"1","QR":"1","QM":"1","JP":"1","RQ":"1","PW":"1","GX":"1","HX":"1"},"H2":{"7H":"1"}},"XH":{"MC":{"C9":"1","HC":"1"},"WM":{"7Q":"1","8Q":"1","GG":"1","FJ":"1","GH":"1"},"M9":{"4P":"1","4Q":"1"}},"R8":{"XW":{"VP":"1","RP":"1","VM":"1","RM":"1"},"28":{"6J":"1","5M":"1","7G":"1","8G":"1","5J":"1"},"GV":{"QF":"1"},"MR":{"9F":"1"},"82":{"8X":"1"},"FP":{"9V":"1"},"W6":{"VP":"1"},"HV":{"55":"1","58":"1"}},"QC":{"P2":{"H3":"1"}},"X7":{"76":{"3V":"1","2R":"1","2V":"1","3R":"1","79":"1"},"67":{"R2":"1"}},"9X":{"2X":{"JM":"1"},"XX":{"2W":"1"},"WX":{"XW":"1"}},"Q4":{"PP":{"5M":"1","5J":"1"}},"H4":{"QR":{"GP":"1"},"39":{"HM":"1","JM":"1","MM":"1","GM":"1"},"MW":{"JH":"1"},"6P":{"M4":"1","99":"1","H6":"1","PH":"1","5F":"1","J3":"1","59":"1","J4":"1","75":"1","M5":"1","F9":"1","H8":"1","69":"1","58":"1","68":"1","C9":"1","F8":"1","C8":"1","G7":"1","9C":"1","78":"1","M3":"1","5C":"1","J5":"1"}},"J6":{"WP":{"R5":"1","J6":"1","W6":"1","P9":"1","7F":"1","M4":"1","M8":"1","XW":"1","JW":"1","6M":"1","R2":"1","6P":"1","Q9":"1","RQ":"1","JM":"1","V5":"1","7C":"1","Q5":"1","QR":"1","QV":"1","JQ":"1","H6":"1","V2":"1","RR":"1","5P":"1","HQ":"1","RP":"1","7G":"1","RV":"1","Q8":"1","P5":"1","QW":"1","QJ":"1","M5":"1","W5":"1","P4":"1","Q6":"1","JP":"1","J9":"1","X5":"1","QM":"1","P8":"1","5M":"1","XX":"1","MW":"1"},"59":{"PG":"1","XF":"1","VJ":"1","PF":"1","VF":"1"},"WQ":{"Q5":"1","P5":"1","P4":"1"},"WM":{"RX":"1","VX":"1","VW":"1"},"XP":{"43":"1","22":"1","24":"1","77":"1","4C":"1","H8":"1","G8":"1","33":"1","49":"1","2W":"1","32":"1","78":"1","34":"1","23":"1","F7":"1","67":"1"},"93":{"MW":"1","PW":"1","PV":"1"},"RP":{"P5":"1","P6":"1","M6":"1"},"J2":{"MG":"1"},"69":{"2F":"1"},"G2":{"FR":"1"},"76":{"4M":"1"},"M2":{"C4":"1"},"VP":{"37":"1","38":"1","48":"1","47":"1"},"9G":{"79":"1"},"94":{"Q4":"1","R3":"1","R4":"1"}},"P6":{"J6":{"GP":"1","HH":"1","FP":"1"},"9J":{"CP":"1"},"M8":{"FQ":"1","FR":"1","CR":"1"},"H9":{"73":"1","H3":"1","G4":"1","84":"1","F5":"1","F3":"1","83":"1","F2":"1","C6":"1","95":"1","C2":"1","G3":"1","C3":"1","X8":"1","F6":"1","F7":"1","C5":"1","C4":"1","94":"1"},"C5":{"V8":"1"},"F6":{"36":"1","26":"1","2C":"1","25":"1","46":"1","27":"1","24":"1"},"G7":{"MP":"1","HM":"1","FW":"1","HX":"1","8Q":"1","GP":"1","MQ":"1","JV":"1","GM":"1","HV":"1","6W":"1"},"FR":{"22":"1"},"R8":{"HJ":"1","72":"1","J9":"1","JJ":"1","P9":"1","26":"1","JH":"1","27":"1","HH":"1","J8":"1","Q9":"1"},"86":{"R6":"1"},"G9":{"M4":"1","H7":"1","G5":"1","73":"1","F4":"1","Q6":"1","F5":"1","P5":"1","J7":"1","M5":"1","C3":"1","P4":"1","Q7":"1","P7":"1","P6":"1","H4":"1","C4":"1"},"87":{"MV":"1"},"C6":{"XC":"1","X4":"1","X5":"1"},"P3":{"VQ":"1","MQ":"1","XH":"1"},"C7":{"FM":"1","GM":"1"},"CQ":{"GP":"1","JQ":"1","W6":"1","MQ":"1","GM":"1","MP":"1","RH":"1","XX":"1","VH":"1","QJ":"1","GQ":"1","HM":"1","VJ":"1","V5":"1","V4":"1","X8":"1","W5":"1","HQ":"1","HP":"1"},"R7":{"4F":"1","7X":"1","5F":"1","4C":"1","3F":"1","8Q":"1","3G":"1","4G":"1"},"WW":{"9X":"1","CH":"1","FP":"1","CG":"1"},"Q2":{"X4":"1","W5":"1","W4":"1","X5":"1"},"F9":{"R5":"1","Q5":"1"},"H6":{"8V":"1","6V":"1","5V":"1","7W":"1","5W":"1","6W":"1"},"VR":{"GH":"1"},"CV":{"32":"1","23":"1","22":"1","33":"1"},"P7":{"36":"1","CM":"1","4R":"1","4V":"1","CP":"1"},"F7":{"M4":"1","J3":"1","9W":"1","J4":"1","P5":"1","Q4":"1","P3":"1","M5":"1","G2":"1","G3":"1","P4":"1","M3":"1","8W":"1","H2":"1"},"H7":{"83":"1","92":"1","84":"1","93":"1"},"Q3":{"54":"1","2Q":"1"},"H8":{"6Q":"1","2M":"1","6R":"1","3Q":"1","2R":"1","4R":"1","4Q":"1","4V":"1","2J":"1","3R":"1","2Q":"1","3P":"1","2P":"1"},"Q8":{"W7":"1","Q6":"1","W6":"1","V6":"1","X7":"1","X6":"1","Q5":"1","R7":"1","R4":"1","V5":"1","V4":"1","V7":"1","Q7":"1","R6":"1","W5":"1","R5":"1"},"FQ":{"4W":"1","2X":"1","5X":"1","33":"1"},"G8":{"4V":"1","RQ":"1","VM":"1","XJ":"1","V8":"1","F4":"1","H5":"1","J6":"1","XG":"1","G5":"1","F3":"1","G6":"1","MG":"1","8W":"1","MH":"1","PJ":"1","MJ":"1","94":"1","95":"1","77":"1","32":"1","R3":"1","JG":"1","76":"1","5R":"1","67":"1","QC":"1","HF":"1","33":"1","RF":"1","MF":"1","PF":"1","73":"1","QF":"1","4R":"1","PC":"1","XM":"1","2H":"1","72":"1","RP":"1","5V":"1","QM":"1","VP":"1","J5":"1","63":"1","WC":"1","66":"1","WQ":"1","RM":"1","J8":"1","H6":"1","RJ":"1","QQ":"1","WR":"1","R6":"1","C4":"1","Q9":"1","J7":"1","VJ":"1","JF":"1","WF":"1","V7":"1","H9":"1","VH":"1","23":"1","XF":"1","R9":"1","2J":"1"},"CP":{"FW":"1"},"J9":{"98":"1","73":"1","95":"1","C8":"1","74":"1","C5":"1","C4":"1","94":"1"},"98":{"V7":"1","R7":"1","V6":"1"},"P8":{"H8":"1"},"CR":{"89":"1","99":"1","XJ":"1","WH":"1","WJ":"1","XH":"1","2X":"1","M8":"1","3X":"1","MC":"1","X2":"1","M9":"1","5V":"1","5R":"1","P2":"1"},"MW":{"5G":"1"},"R6":{"4P":"1","5Q":"1","3Q":"1","4R":"1","4Q":"1","5P":"1","3R":"1"}},"G5":{"65":{"J2":"1"},"FG":{"V2":"1"},"GG":{"32":"1","42":"1"},"34":{"FG":"1","GG":"1","R4":"1","FH":"1","GH":"1","C7":"1"},"CP":{"Q9":"1"},"33":{"J5":"1"}},"X6":{"65":{"HH":"1","RH":"1","WR":"1","VQ":"1","RG":"1","GF":"1","WV":"1","JM":"1","RJ":"1","VG":"1","GH":"1","VR":"1","JH":"1","RM":"1","VJ":"1","GQ":"1","VH":"1","HM":"1","WQ":"1","VM":"1"},"7H":{"MW":"1","CQ":"1","JW":"1","CR":"1","JV":"1","MV":"1","WW":"1"},"9P":{"HR":"1","4F":"1","HJ":"1","GJ":"1","GM":"1","HV":"1"},"8J":{"34":"1","43":"1","4J":"1","3C":"1","2F":"1","4M":"1","5J":"1","86":"1","6M":"1","39":"1","87":"1","7M":"1","3M":"1","35":"1","55":"1","7J":"1","6J":"1","33":"1","97":"1","59":"1","85":"1","42":"1","77":"1","76":"1","44":"1","37":"1","96":"1","98":"1","88":"1","5M":"1"},"FQ":{"7P":"1","6P":"1"},"FP":{"C4":"1"},"GM":{"VP":"1","VQ":"1"},"75":{"2M":"1","3M":"1","3Q":"1","4Q":"1","3P":"1","2P":"1"},"9Q":{"6R":"1","7R":"1"},"82":{"XW":"1","XX":"1"},"6H":{"QP":"1"},"7J":{"M4":"1","X5":"1","XG":"1","Q6":"1","W4":"1","X4":"1","W3":"1","WF":"1","P3":"1","R4":"1","R3":"1","M8":"1","XF":"1","V4":"1","P4":"1","W5":"1","X3":"1","M3":"1"},"CR":{"4G":"1"},"92":{"4R":"1","5R":"1","4V":"1","5V":"1"},"35":{"WP":"1","VP":"1"},"8H":{"7X":"1","3V":"1","6Q":"1","9X":"1","2P":"1","3X":"1","3R":"1","5Q":"1","2W":"1","5V":"1","5R":"1","6R":"1","6V":"1","6X":"1"},"PV":{"CM":"1"},"8M":{"FP":"1","CP":"1"},"67":{"RJ":"1","QJ":"1","QH":"1","RH":"1"}},"J9":{"H9":{"86":"1","77":"1","65":"1","64":"1","83":"1","66":"1","55":"1","95":"1","96":"1","76":"1","87":"1","97":"1"},"M3":{"2M":"1"}},"JX":{"V7":{"HH":"1","78":"1","6C":"1","9G":"1","CG":"1","MJ":"1","9J":"1","7F":"1","HF":"1","8P":"1","MM":"1","FR":"1","9M":"1","HP":"1","GJ":"1","79":"1","8R":"1","9H":"1","HG":"1","JF":"1","6M":"1","C9":"1","87":"1","7V":"1","6R":"1","7M":"1","8V":"1","6G":"1","GF":"1","CF":"1","6P":"1","6H":"1","FH":"1","8Q":"1","MG":"1","9C":"1","HR":"1","JM":"1","6F":"1","CQ":"1","9V":"1","FM":"1","7C":"1","7J":"1","JQ":"1","6J":"1","8J":"1","GH":"1","6Q":"1","FC":"1","JR":"1","HJ":"1","FG":"1","7P":"1","97":"1","CM":"1","JH":"1","FJ":"1","9R":"1","CC":"1","GG":"1","HQ":"1","GR":"1","8H":"1","8G":"1","5Q":"1","9P":"1","7G":"1","CJ":"1","99":"1","7H":"1","GQ":"1","8F":"1","FF":"1","9Q":"1","89":"1","9F":"1","69":"1","7Q":"1","8C":"1","7R":"1","GM":"1","MP":"1","FQ":"1","FP":"1","MH":"1","HM":"1","68":"1","CP":"1","JP":"1","JJ":"1","8M":"1","98":"1","88":"1","GP":"1","JG":"1","CH":"1","MQ":"1","CR":"1"},"R7":{"MM":"1","GW":"1","HW":"1","R9":"1","6Q":"1","MP":"1","GV":"1","V9":"1","FJ":"1","6F":"1","JP":"1","RC":"1","R8":"1","Q9":"1","VP":"1","6P":"1","HV":"1","V8":"1","JM":"1","Q8":"1"},"R9":{"X3":"1"},"V9":{"23":"1","24":"1"},"R8":{"H4":"1","M4":"1","P6":"1","73":"1","J2":"1","H3":"1","RG":"1","84":"1","P3":"1","HR":"1","Q5":"1","JQ":"1","M6":"1","JR":"1","M3":"1","MR":"1","P2":"1","GR":"1","J5":"1","M2":"1","J4":"1","P5":"1","J3":"1","83":"1","M5":"1","P4":"1","74":"1","MQ":"1","H2":"1"},"Q7":{"X4":"1"}},"26":{"W9":{"R7":"1"},"M2":{"M4":"1","P2":"1","Q2":"1","Q3":"1","P4":"1","J4":"1","P3":"1","R3":"1","R2":"1","M3":"1","V2":"1"}},"W5":{"7J":{"M8":"1","M7":"1"},"37":{"W8":"1"},"5W":{"9W":"1","9V":"1","8X":"1","8W":"1"},"47":{"2M":"1","3M":"1"}},"Q6":{"54":{"8P":"1","9P":"1"},"2G":{"HJ":"1","HG":"1","JC":"1","JH":"1","MX":"1","MW":"1","HH":"1","JG":"1","JW":"1","JX":"1","HX":"1"},"3F":{"HJ":"1","7X":"1","9W":"1","5X":"1","GH":"1","GJ":"1","9X":"1","9G":"1","8V":"1","8W":"1"},"38":{"HF":"1","FG":"1","CH":"1","HG":"1","GG":"1","FJ":"1","CJ":"1","GJ":"1","CG":"1","GH":"1"},"2H":{"J2":"1","H2":"1","M2":"1","J3":"1","M3":"1"},"G9":{"X4":"1","X5":"1"},"C3":{"8V":"1"},"V5":{"7F":"1"},"X2":{"6G":"1"},"CG":{"56":"1","47":"1"},"3G":{"43":"1","45":"1","72":"1","57":"1","65":"1","64":"1","56":"1","38":"1","47":"1","66":"1","55":"1","33":"1","44":"1","35":"1","34":"1","37":"1","67":"1"},"2F":{"VC":"1","WC":"1"}},"Q8":{"G4":{"Q4":"1"},"9G":{"P4":"1"},"HF":{"P4":"1"},"H9":{"J3":"1"},"HP":{"58":"1"},"J2":{"33":"1"},"GJ":{"MP":"1","XW":"1","8J":"1","FM":"1","RR":"1","XV":"1","XR":"1","WQ":"1","MR":"1","FP":"1","8H":"1","MV":"1","GM":"1"},"X9":{"2V":"1"},"JF":{"MH":"1"},"GF":{"9V":"1"},"C6":{"4P":"1","4M":"1"},"QX":{"Q2":"1"},"HJ":{"4P":"1","2W":"1","3V":"1","3Q":"1","2R":"1","4W":"1","4R":"1","2V":"1","4Q":"1","4V":"1","3W":"1","3R":"1","2Q":"1","3P":"1"},"FG":{"V7":"1"},"2G":{"M2":"1"},"X7":{"4X":"1"},"GR":{"44":"1"},"J5":{"9M":"1","GV":"1","FR":"1","9Q":"1","GR":"1","FV":"1","9J":"1"},"GQ":{"52":"1","FX":"1","JJ":"1"},"C8":{"WF":"1"},"W9":{"MP":"1","XW":"1","XV":"1","WW":"1","MM":"1"},"V8":{"JF":"1","HC":"1"},"83":{"WX":"1"},"QW":{"QW":"1","QX":"1","PX":"1"},"QQ":{"73":"1"},"HM":{"89":"1","97":"1","99":"1","88":"1","24":"1","96":"1","86":"1","98":"1"},"RX":{"GF":"1","HG":"1","GG":"1","7C":"1","6H":"1","H5":"1","79":"1","HF":"1","F7":"1"},"98":{"J6":"1","M8":"1","M7":"1","J7":"1","M6":"1"},"CH":{"JQ":"1"},"H2":{"M2":"1"}},"P8":{"59":{"25":"1"},"26":{"4H":"1"},"4C":{"98":"1"},"RJ":{"53":"1"},"48":{"2R":"1"},"W3":{"56":"1"},"GJ":{"7X":"1","7W":"1"},"7C":{"8J":"1"},"3C":{"FC":"1","H9":"1","GC":"1","G9":"1","F9":"1","C9":"1","F8":"1","G8":"1","C8":"1","CC":"1","G7":"1","C7":"1","F7":"1"},"69":{"76":"1"},"58":{"5R":"1"},"V4":{"8C":"1"},"49":{"G6":"1","G5":"1","W7":"1","H6":"1","FM":"1","X7":"1","CM":"1","WH":"1","W4":"1","CP":"1","FP":"1","XH":"1","68":"1","H5":"1","8R":"1","W5":"1","78":"1","P6":"1","67":"1","C4":"1","94":"1"},"M2":{"H4":"1"},"RR":{"9M":"1"}},"G4":{"M7":{"5H":"1","4H":"1"},"H3":{"R3":"1"},"G4":{"5P":"1"},"R9":{"H2":"1","FF":"1","CF":"1"},"F3":{"X6":"1"},"R7":{"CW":"1","29":"1","38":"1","7M":"1","47":"1","48":"1","2C":"1","37":"1","8M":"1"},"J2":{"36":"1","37":"1"},"G3":{"3Q":"1","26":"1","25":"1","2Q":"1"},"C3":{"6P":"1"},"Q7":{"X9":"1","W9":"1","XC":"1","W8":"1","W4":"1","GF":"1"},"M3":{"43":"1"},"J5":{"2M":"1"}},"H5":{"RX":{"M4":"1","J4":"1","M5":"1","J5":"1"},"4M":{"8F":"1"},"W4":{"7V":"1"},"V4":{"H5":"1"},"PV":{"F4":"1"},"58":{"4W":"1","4X":"1"}},"PH":{"P3":{"G3":"1"}},"72":{"XQ":{"XW":"1","9X":"1","RX":"1","CX":"1","7X":"1","7V":"1","6X":"1","XV":"1","6V":"1","8X":"1","5X":"1","QX":"1","7W":"1","WV":"1","8W":"1","6W":"1"},"FV":{"29":"1"},"PH":{"4X":"1"},"X6":{"PP":"1","4C":"1"},"M6":{"C6":"1","F6":"1","F5":"1"},"MQ":{"M7":"1","J7":"1","J8":"1"},"33":{"C3":"1","F2":"1","C2":"1","F3":"1"},"95":{"9G":"1"},"MC":{"HW":"1","GV":"1","7Q":"1","8P":"1","8Q":"1","7P":"1","HV":"1","FV":"1"},"X2":{"FF":"1","GF":"1"},"X8":{"W2":"1"},"XR":{"72":"1","63":"1","62":"1","R2":"1","W4":"1","Q2":"1","82":"1","92":"1","Q3":"1","C2":"1","53":"1","52":"1"},"JR":{"PF":"1","PC":"1"},"97":{"6M":"1"},"V2":{"VX":"1","WW":"1","VW":"1","WV":"1"},"QH":{"97":"1","87":"1","88":"1","C7":"1","98":"1"}},"G2":{"8G":{"JG":"1","HH":"1","GG":"1","HJ":"1","GH":"1"},"W8":{"HQ":"1","JP":"1","JF":"1","HR":"1","JQ":"1"},"64":{"JC":"1"},"HR":{"HR":"1","JR":"1","JV":"1"},"8Q":{"GQ":"1"},"2J":{"34":"1","33":"1"},"X8":{"32":"1","FM":"1","FW":"1","9V":"1","CR":"1","CV":"1","FV":"1"},"4J":{"P2":"1"}},"WF":{"HQ":{"9R":"1","CQ":"1","CR":"1"},"QV":{"9R":"1"},"MQ":{"25":"1"},"JQ":{"34":"1","G2":"1","R5":"1","43":"1","95":"1","CW":"1","C3":"1","92":"1","84":"1","35":"1","F2":"1","Q5":"1","24":"1","F4":"1","33":"1","G3":"1","CV":"1","C2":"1","C4":"1","25":"1","VF":"1","85":"1","F3":"1","44":"1","C8":"1","75":"1","WF":"1","23":"1","VC":"1","94":"1","93":"1"}},"C3":{"78":{"XX":"1"},"P9":{"W8":"1","G6":"1","JQ":"1","W7":"1","H6":"1","HG":"1","X7":"1","X6":"1","3W":"1","MG":"1","RP":"1","WF":"1","J6":"1","MF":"1","VH":"1","HH":"1","PG":"1","X8":"1","PF":"1","Q9":"1","JG":"1","JF":"1","QC":"1","2W":"1","HF":"1"},"C5":{"FX":"1"},"X9":{"XG":"1"},"79":{"X2":"1","2F":"1"},"92":{"JC":"1","HC":"1"},"Q9":{"89":"1","45":"1","99":"1","5F":"1","4H":"1","57":"1","56":"1","4C":"1","8J":"1","55":"1","46":"1","49":"1","9C":"1","5C":"1","8C":"1","6C":"1","36":"1","8M":"1","4G":"1"},"GX":{"8V":"1","MW":"1","MX":"1","5R":"1","PW":"1","PX":"1"},"GW":{"8X":"1"},"JH":{"3V":"1","3R":"1"},"C2":{"53":"1"},"F7":{"9G":"1"},"77":{"82":"1","MV":"1"},"H8":{"HW":"1"},"76":{"5P":"1","8X":"1"},"QC":{"C4":"1","C5":"1","F5":"1","F4":"1"},"46":{"MR":"1"},"89":{"G6":"1","H7":"1","X5":"1","H6":"1","FM":"1","R2":"1","W4":"1","X4":"1","Q2":"1","V3":"1","J2":"1","R3":"1","H5":"1","G2":"1","F2":"1","95":"1","C2":"1","G3":"1","G7":"1","W5":"1","V2":"1","P2":"1","C5":"1"},"C8":{"2W":"1","44":"1","43":"1"},"69":{"XF":"1"},"XC":{"64":"1","X8":"1","X7":"1"},"57":{"5W":"1"},"72":{"JC":"1"},"68":{"84":"1"},"47":{"6H":"1"},"J9":{"JV":"1"},"88":{"RQ":"1","CQ":"1","W9":"1","CX":"1","FX":"1","VG":"1","7W":"1","8M":"1","FR":"1","CR":"1","QC":"1","XC":"1","V9":"1","RF":"1","RC":"1","QF":"1","X8":"1","X7":"1","RG":"1","RP":"1","QM":"1","VP":"1","GX":"1","VF":"1","WC":"1","WG":"1","RM":"1","9X":"1","PX":"1","QP":"1","W7":"1","QQ":"1","Q9":"1","QV":"1","X6":"1","WF":"1","X9":"1","VH":"1","XF":"1","VC":"1","JW":"1","R9":"1","QG":"1","W8":"1","QX":"1","JX":"1"},"98":{"28":"1","29":"1","37":"1","26":"1","38":"1","2J":"1","27":"1"}},"2J":{"25":{"J2":"1","M2":"1","HV":"1"},"34":{"2M":"1","3H":"1","2J":"1","3J":"1","4H":"1"},"24":{"RH":"1","QH":"1","VQ":"1","XM":"1","MX":"1","RG":"1","RQ":"1","QG":"1","RJ":"1","QX":"1","QR":"1","WM":"1","XJ":"1","VR":"1","WP":"1","XP":"1","PJ":"1","RR":"1","RP":"1","RM":"1","VJ":"1","QP":"1","VH":"1","WJ":"1","JX":"1","QQ":"1","QJ":"1","WQ":"1","RX":"1","QM":"1","VP":"1","VM":"1","PM":"1"}},"2H":{"W8":{"MR":"1"}},"8X":{"P9":{"3C":"1","4C":"1"},"VX":{"FG":"1","9V":"1","FM":"1","XG":"1","8P":"1","8J":"1","8Q":"1","FH":"1","JV":"1","9J":"1"},"WX":{"4F":"1","8G":"1","FG":"1","RF":"1","FM":"1","5F":"1","5J":"1","56":"1","3F":"1","9P":"1","93":"1","FJ":"1","9H":"1","92":"1","C3":"1","C2":"1","CG":"1","5M":"1","5C":"1","H2":"1","CH":"1","4G":"1"},"M9":{"WJ":"1"}},"XJ":{"WH":{"2X":"1"},"VJ":{"W8":"1","W7":"1","V6":"1","X4":"1","P3":"1","R7":"1","Q3":"1","V7":"1","X2":"1","R6":"1","X3":"1","V8":"1"},"WJ":{"22":"1","99":"1","24":"1","9H":"1","MW":"1","32":"1","9C":"1","8H":"1","23":"1"}},"2V":{"32":{"2R":"1","2Q":"1","2P":"1"},"23":{"X2":"1","W3":"1","W2":"1","W4":"1"},"22":{"XW":"1","XP":"1","WP":"1","VP":"1","VQ":"1","XQ":"1","XR":"1","WQ":"1","VX":"1","WR":"1","XX":"1","WX":"1","WW":"1","WV":"1"}},"VM":{"JR":{"MP":"1","JP":"1","MQ":"1","JQ":"1"}},"W8":{"7J":{"4R":"1","5R":"1","3R":"1"},"89":{"76":"1","66":"1","4R":"1","5R":"1","4V":"1","5V":"1","5M":"1","67":"1","77":"1"},"H5":{"R5":"1","Q6":"1"},"6J":{"MW":"1","JW":"1"},"8C":{"73":"1"}},"C4":{"G2":{"43":"1","72":"1","73":"1","J3":"1","J2":"1","H8":"1","M2":"1","53":"1","M3":"1","P2":"1"},"F6":{"7J":"1"},"X5":{"HW":"1"}},"WG":{"PQ":{"26":"1","25":"1"},"MQ":{"X6":"1","X5":"1"}},"5G":{"84":{"RH":"1"}},"R9":{"R5":{"83":"1","73":"1","82":"1","72":"1"},"88":{"M8":"1","P8":"1","P9":"1"},"P7":{"29":"1","4F":"1","4C":"1"}},"Q5":{"M8":{"QQ":"1","VQ":"1","VR":"1","PQ":"1","PX":"1"},"M9":{"J2":"1","M2":"1","J3":"1","M3":"1"},"58":{"3C":"1","39":"1","47":"1"}},"73":{"W3":{"P2":"1"},"W2":{"JV":"1"}},"W2":{"W8":{"M4":"1","P4":"1"},"XC":{"FQ":"1","GQ":"1","CQ":"1","GP":"1","FP":"1","CP":"1"},"W7":{"4W":"1","JV":"1","4X":"1"},"W6":{"2M":"1","2J":"1","2P":"1"},"V6":{"XP":"1","WM":"1","XJ":"1","VX":"1","WJ":"1","QH":"1","XM":"1"},"WC":{"XP":"1","WQ":"1"},"XF":{"H4":"1","P9":"1","M8":"1","G7":"1","J2":"1","87":"1","H3":"1","Q9":"1","F9":"1","M9":"1","F8":"1","HC":"1","F7":"1","J7":"1","J4":"1","Q8":"1","J8":"1","G8":"1","J3":"1","J9":"1","P8":"1","M7":"1","H2":"1","JC":"1"},"V5":{"GV":"1","7X":"1","6X":"1","7V":"1","6V":"1","7W":"1","FV":"1","6W":"1"}},"R7":{"FH":{"VQ":"1","RR":"1"}},"32":{"RX":{"RQ":"1","QR":"1","QQ":"1","RR":"1","MR":"1","MV":"1","X5":"1"},"VX":{"VC":"1","M4":"1","Q6":"1","J6":"1","C9":"1","36":"1","94":"1","V7":"1","P5":"1","P8":"1","P4":"1","J4":"1","M7":"1","26":"1","C4":"1","XJ":"1","C8":"1","25":"1","X4":"1","R7":"1","J8":"1","35":"1","V8":"1","P6":"1","PF":"1","F8":"1","Q8":"1","F9":"1","J9":"1","WV":"1","M5":"1","G5":"1","X5":"1","P7":"1","M6":"1","Q7":"1","J5":"1"},"WX":{"98":"1","26":"1","25":"1","2J":"1","C8":"1","32":"1","5V":"1","97":"1","C7":"1","5R":"1","6R":"1"},"WW":{"VV":"1","JW":"1","3X":"1","RV":"1","VW":"1","WV":"1"}},"Q7":{"4P":{"J2":"1"},"62":{"GR":"1"},"GW":{"9W":"1"},"GX":{"MP":"1","PR":"1","CG":"1"},"23":{"4R":"1"},"XC":{"CH":"1","FJ":"1","CJ":"1","FH":"1"},"8X":{"MG":"1"},"2X":{"CW":"1"},"5V":{"5F":"1","7C":"1","6C":"1","69":"1","5C":"1","5G":"1","59":"1","6G":"1","79":"1"}},"R5":{"H4":{"49":"1","R4":"1","V4":"1"}},"WR":{"4F":{"M8":"1","86":"1"},"4C":{"8W":"1"}},"MX":{"35":{"CP":"1"}},"C2":{"XH":{"W5":"1","W4":"1","V4":"1","96":"1","V5":"1","86":"1"},"8X":{"FC":"1","F9":"1","9F":"1"},"2Q":{"V5":"1"},"QH":{"QG":"1","RG":"1"},"HP":{"7F":"1","6F":"1"},"HG":{"6Q":"1","5Q":"1","5P":"1","6M":"1","7M":"1","6P":"1"},"5F":{"XP":"1","Q3":"1","XQ":"1","R3":"1"},"92":{"JF":"1","JG":"1","MF":"1","MG":"1"},"XG":{"2M":"1","6C":"1","8X":"1","49":"1","QH":"1","7F":"1","FR":"1","JW":"1","6R":"1","3J":"1","6F":"1","2H":"1","PH":"1","VG":"1","GV":"1","48":"1","7W":"1","6Q":"1","2J":"1","3H":"1","FV":"1","7X":"1","PJ":"1","HQ":"1","GR":"1","5Q":"1","7G":"1","4G":"1","8F":"1","VH":"1","5R":"1","8W":"1","QJ":"1","QM":"1","JG":"1","PM":"1"},"6G":{"28":"1","3C":"1","29":"1","37":"1","39":"1","2C":"1","38":"1","3F":"1","2F":"1"},"6P":{"MV":"1"},"VW":{"8F":"1","9C":"1","8C":"1"},"RF":{"6R":"1","7V":"1","6V":"1","7R":"1"},"6F":{"28":"1","27":"1","2Q":"1"},"5G":{"X9":"1","X8":"1","W9":"1","XC":"1","W8":"1"},"5W":{"HJ":"1"},"7P":{"V9":"1"},"7X":{"R5":"1","X8":"1","Q5":"1","W2":"1","V2":"1"},"27":{"Q9":"1","VG":"1","QC":"1","VF":"1"},"42":{"MC":"1","M8":"1"},"9P":{"FV":"1"},"WG":{"83":"1","62":"1","92":"1","XJ":"1","82":"1","XM":"1","72":"1"},"CX":{"HR":"1","GV":"1","3X":"1","QV":"1","JR":"1","JV":"1","3W":"1","4X":"1","HV":"1"},"FF":{"28":"1"},"WF":{"9X":"1","9W":"1","4W":"1","CX":"1","7X":"1","6X":"1","8X":"1","5X":"1","7W":"1","3W":"1","CW":"1","5W":"1","4X":"1","8W":"1","6W":"1"},"8W":{"PJ":"1"},"22":{"85":"1"},"9X":{"XW":"1","XX":"1","WX":"1"},"68":{"89":"1"},"CR":{"FM":"1"},"PM":{"5J":"1"}},"W4":{"GP":{"6F":"1","79":"1"}},"53":{"HG":{"F8":"1"},"J5":{"9P":"1"}},"P5":{"3Q":{"8V":"1","7X":"1","6X":"1","7V":"1","9V":"1","8X":"1","7W":"1","CW":"1","8W":"1","6W":"1"},"9W":{"WM":"1","WJ":"1"},"5P":{"37":"1","38":"1","46":"1","47":"1"},"GV":{"JW":"1"},"CR":{"6X":"1","5X":"1"},"CV":{"83":"1","84":"1"},"3R":{"62":"1","C6":"1","96":"1","C5":"1","G5":"1","72":"1"},"6M":{"CH":"1","CJ":"1"}},"XF":{"89":{"5R":"1","9Q":"1"},"9F":{"WJ":"1"},"R3":{"88":"1","98":"1"},"9H":{"98":"1","89":"1","J9":"1","63":"1","62":"1","47":"1","42":"1","F9":"1","58":"1","27":"1","C8":"1","53":"1","QC":"1","97":"1","52":"1","8C":"1"},"7F":{"HM":"1"},"C6":{"Q9":"1"},"79":{"WM":"1","RP":"1","WJ":"1"},"CG":{"8G":"1","8F":"1","9F":"1","CF":"1","9H":"1","CG":"1","9G":"1","9C":"1","8C":"1","CH":"1"},"6P":{"RJ":"1","RH":"1"},"8H":{"X8":"1"},"8C":{"25":"1","82":"1","24":"1"}},"34":{"Q2":{"24":"1"},"C9":{"VC":"1","WC":"1"},"94":{"MP":"1"},"CQ":{"P7":"1"},"5G":{"GR":"1"},"96":{"XW":"1"}},"F5":{"M4":{"MX":"1","MR":"1"},"H9":{"WH":"1"},"J9":{"6J":"1"},"P8":{"3Q":"1"},"84":{"JF":"1"},"R9":{"94":"1"},"93":{"9M":"1"},"MF":{"W5":"1"},"G2":{"R5":"1","J6":"1","G6":"1","8C":"1"},"33":{"QP":"1"},"H2":{"23":"1"}},"4Q":{"Q6":{"28":"1","29":"1","38":"1"},"P6":{"X9":"1","X8":"1","X7":"1","M3":"1"}},"J4":{"FQ":{"85":"1"},"6P":{"M9":"1"}},"VR":{"QX":{"P4":"1"}},"99":{"G8":{"XJ":"1"}},"33":{"V2":{"R5":"1","R6":"1","R3":"1","R4":"1","V4":"1","V5":"1","V6":"1"}},"W3":{"GX":{"XP":"1","WP":"1","XQ":"1","XM":"1"},"HX":{"2P":"1"},"WJ":{"J6":"1","M5":"1","M6":"1","J5":"1"}},"69":{"V4":{"3G":"1"}},"54":{"Q4":{"9X":"1","8V":"1","9W":"1","7X":"1","7V":"1","9V":"1","8X":"1","7W":"1","8W":"1","9J":"1"},"75":{"VX":"1","WX":"1"}},"H6":{"84":{"HC":"1"},"F7":{"QF":"1"},"JC":{"39":"1"},"82":{"JF":"1","HF":"1","JG":"1","HG":"1"},"J9":{"5W":"1","CW":"1","9W":"1","4R":"1","FQ":"1","FR":"1","GQ":"1","CV":"1","5V":"1","GR":"1","4V":"1"},"G8":{"V2":"1"}},"J8":{"CQ":{"5M":"1"},"RX":{"CX":"1"},"9C":{"39":"1"},"58":{"5C":"1"}},"43":{"8F":{"C9":"1"},"VF":{"2H":"1","2G":"1"},"RG":{"M4":"1","G6":"1","G5":"1","J3":"1","H3":"1","J4":"1","M6":"1","M5":"1","J2":"1","M2":"1","PJ":"1","M3":"1","J5":"1","H4":"1","H2":"1"},"RF":{"XG":"1","MP":"1","XV":"1","WF":"1","VF":"1","XF":"1","WG":"1","PQ":"1","RW":"1","XW":"1"}},"64":{"8M":{"4F":"1"}},"V8":{"37":{"72":"1","73":"1","84":"1","93":"1","83":"1","82":"1","92":"1","C3":"1","C2":"1","C4":"1","94":"1"},"3V":{"5W":"1","MJ":"1","PH":"1","CP":"1","6W":"1","PJ":"1","5V":"1","MH":"1","6V":"1"},"2W":{"QJ":"1","FR":"1","PH":"1","QH":"1","QG":"1","RG":"1","RH":"1"},"4V":{"RM":"1","MJ":"1","FM":"1","PC":"1","GH":"1","RG":"1","RJ":"1","GM":"1","JH":"1","9M":"1","RH":"1","GJ":"1","VH":"1","QJ":"1","FJ":"1","QG":"1","PG":"1","QM":"1","JP":"1","7V":"1","HQ":"1","8V":"1","9G":"1","HP":"1","3G":"1","8W":"1","9J":"1","5R":"1","MH":"1","8C":"1","8M":"1","6V":"1","QH":"1","4G":"1"},"5V":{"37":"1"},"34":{"9X":"1","CX":"1","7X":"1","8X":"1","CW":"1","8W":"1"},"3W":{"83":"1","73":"1"},"3R":{"HM":"1","JM":"1","JJ":"1"}},"8C":{"M4":{"JR":"1","MV":"1"}},"G6":{"V5":{"JM":"1","MM":"1","JJ":"1","MJ":"1"}}}}