{"index":{"university,1|retail,2|tourism,3|wreck,4|historical,5|artsCulture,6|namedBuilding,7|water,8|wetland,9|park,10|beach,11|natureReserve,12|cemetery,13|trail,14":{}},"68":{"2Q":{"WM":{"89":"1","7F":"1","8F":"1","7C":"1","CF":"1","9G":"1","9C":"1","CC":"1","8C":"1","9F":"1"}},"84":{"J7":{"3R":"1"},"J8":{"23":"1","34":"1","33":"1"}},"6G":{"MW":{"76":"1","24":"1","86":"1","77":"1"},"JX":{"PG":"1","MF":"1","PF":"1","MG":"1"},"JW":{"Q6":"1","R6":"1","JP":"1","HM":"1","HP":"1","X4":"1","R7":"1","JM":"1","Q7":"1"}},"8W":{"GC":{"Q9":"1","P8":"1","P9":"1","Q8":"1"}},"6H":{"9W":{"2H":"1","4G":"1","6H":"1","6J":"1","5H":"1","3H":"1","3G":"1","2J":"1","2G":"1","3J":"1","3F":"1","6M":"1","4J":"1","4M":"1","5M":"1","5G":"1","5J":"1","4H":"1","6G":"1","2F":"1"},"8W":{"XG":"1","WG":"1","WF":"1","XF":"1","XC":"1","XH":"1"}},"6R":{"FR":{"42":"1"}},"95":{"97":{"C8":"1","97":"1","88":"1","98":"1"},"86":{"WH":"1","VJ":"1","WJ":"1"}},"4W":{"WG":{"FM":"1","7F":"1","6F":"1"},"R6":{"FP":"1"},"WH":{"98":"1","HW":"1","C8":"1","88":"1","87":"1","97":"1","JW":"1","C7":"1","HV":"1","JX":"1","HX":"1"},"WF":{"VC":"1","WF":"1","XF":"1","WC":"1","VF":"1"},"XF":{"36":"1","25":"1","35":"1"},"HG":{"48":"1"}},"C7":{"2W":{"2H":"1","2G":"1"}},"83":{"WG":{"FM":"1","HM":"1","GM":"1"},"VH":{"F9":"1","47":"1"}},"FH":{"7F":{"GQ":"1","FM":"1","HR":"1","CM":"1","XQ":"1","JG":"1","8Q":"1","XR":"1","GP":"1","JM":"1","CJ":"1","GH":"1","RH":"1","HV":"1"},"8F":{"2R":"1","2Q":"1"},"4V":{"JJ":"1","MJ":"1"}},"3F":{"XX":{"7J":"1","6J":"1"}},"9J":{"2H":{"6R":"1","5R":"1","6V":"1","5V":"1","5W":"1","6W":"1"},"XC":{"5X":"1","4X":"1"},"2J":{"7R":"1","FC":"1","5J":"1","4P":"1","5P":"1","C9":"1","8R":"1","CC":"1","4J":"1","5M":"1","4M":"1"}},"9W":{"36":{"3V":"1","2W":"1","RW":"1","2V":"1","VV":"1","VR":"1","WR":"1","RV":"1","3W":"1","VW":"1"},"37":{"XG":"1","3C":"1","29":"1","39":"1","49":"1","4C":"1"},"43":{"5P":"1","6M":"1","5M":"1","6P":"1"},"48":{"8P":"1","8Q":"1"},"47":{"2G":"1"}},"9P":{"FV":{"68":"1","58":"1"}},"Q9":{"59":{"44":"1","43":"1"},"58":{"CX":"1","FW":"1","FX":"1","CW":"1","CV":"1","FV":"1","6W":"1"}},"25":{"4W":{"M7":"1","J9":"1","PM":"1","M6":"1","RJ":"1","QJ":"1","M8":"1","QM":"1","J8":"1","PJ":"1","M9":"1","34":"1","QH":"1"},"3W":{"QP":"1","RP":"1","VM":"1","RM":"1","QM":"1"}},"7W":{"P6":{"JQ":"1","FG":"1","FC":"1","54":"1","64":"1","HC":"1","FH":"1","CG":"1","53":"1","JR":"1","CH":"1"}},"R3":{"QR":{"4G":"1","5G":"1"},"RR":{"9R":"1","9V":"1","59":"1"},"RW":{"C3":"1","93":"1"},"QW":{"PR":"1","JQ":"1","MV":"1","MQ":"1","RV":"1","MR":"1","QV":"1","QR":"1","JR":"1","RR":"1","PQ":"1","PV":"1"},"RV":{"7P":"1","5J":"1","8P":"1","7M":"1","7H":"1","8J":"1","6H":"1","7J":"1","5M":"1","6P":"1","6M":"1","6J":"1","8M":"1"}},"6J":{"FG":{"78":"1","H4":"1","3F":"1","W6":"1","F6":"1","G7":"1","R8":"1","79":"1","H3":"1","C6":"1","C7":"1","R7":"1","QX":"1","G5":"1","F7":"1","H8":"1","J7":"1","F5":"1","89":"1","G8":"1","W5":"1","88":"1"},"GG":{"62":"1","45":"1","53":"1","52":"1","56":"1","55":"1","63":"1"},"CG":{"PW":"1","QW":"1","QV":"1","QX":"1"},"FH":{"VC":"1","RF":"1","RG":"1","Q2":"1","P3":"1","VF":"1","VH":"1","Q3":"1","RC":"1","VG":"1","P2":"1"}},"5J":{"MH":{"GC":"1","6X":"1","5X":"1","5W":"1","6W":"1"},"MJ":{"64":"1","73":"1","74":"1","63":"1"}},"R4":{"7F":{"5Q":"1","3Q":"1","4R":"1","4Q":"1","3R":"1"},"6M":{"Q6":"1","R6":"1","MC":"1","MF":"1","PF":"1","PC":"1"},"6P":{"6C":"1"}},"5R":{"6X":{"54":"1","65":"1","64":"1","75":"1","66":"1","95":"1","96":"1","76":"1","74":"1","85":"1"},"G8":{"64":"1","73":"1","74":"1","63":"1"}},"8Q":{"Q2":{"Q2":"1"},"HJ":{"WP":"1","VP":"1","VQ":"1","WQ":"1"}},"7R":{"G4":{"M7":"1"},"H4":{"45":"1","46":"1","56":"1","55":"1"},"G3":{"7F":"1","8F":"1","7C":"1","9F":"1","8C":"1"},"4J":{"RQ":"1","MW":"1","MX":"1","MR":"1","PR":"1","PV":"1","MV":"1"},"4M":{"G3":"1"},"5M":{"H5":"1","J4":"1","G4":"1","H4":"1","G5":"1","J5":"1"},"PX":{"JF":"1","HF":"1","JG":"1","HG":"1"}},"9H":{"HR":{"WP":"1","WM":"1"}},"5V":{"2V":{"G2":"1","2X":"1"},"RV":{"26":"1"},"W7":{"89":"1","88":"1","79":"1","78":"1"}},"76":{"P2":{"M9":"1"}},"CJ":{"M4":{"X2":"1"},"P3":{"22":"1","3Q":"1","84":"1","9Q":"1","2X":"1","33":"1","3X":"1","2M":"1","32":"1","23":"1","5C":"1","9R":"1"},"V9":{"CQ":"1","FV":"1","FQ":"1","HR":"1","GV":"1","CR":"1","FR":"1","GQ":"1","JV":"1","CV":"1","HQ":"1","JR":"1","HV":"1","GR":"1"},"7W":{"8V":"1","7V":"1","7W":"1","7R":"1","8W":"1","8R":"1"},"QR":{"RQ":"1","QQ":"1","QR":"1","VQ":"1","RR":"1","VR":"1","PQ":"1","PR":"1"},"P4":{"32":"1","22":"1"},"M2":{"MP":"1","XW":"1","GQ":"1","HQ":"1","JP":"1","HM":"1","HR":"1","HP":"1","VX":"1","GP":"1","MR":"1","JM":"1","MQ":"1","GJ":"1","HJ":"1","JR":"1","XX":"1","MV":"1","WX":"1","MM":"1","GR":"1","GM":"1","JJ":"1","HV":"1","JQ":"1"},"9G":{"M8":"1"},"RR":{"29":"1","7P":"1","4C":"1","38":"1","7M":"1","28":"1","6Q":"1","5Q":"1","5R":"1","6R":"1","5G":"1"},"M3":{"W2":"1","R2":"1","W4":"1","X4":"1","Q2":"1","W3":"1","Q4":"1","P3":"1","XX":"1","V3":"1","R4":"1","R3":"1","Q3":"1","V4":"1","X2":"1","P4":"1","X3":"1","V2":"1","P2":"1"},"P2":{"3Q":"1","3V":"1","2V":"1","2Q":"1","2X":"1","3X":"1","3R":"1","2W":"1","2R":"1"}},"4M":{"FW":{"HF":"1"},"FX":{"95":"1","C5":"1","86":"1"}},"8G":{"68":{"FF":"1","CF":"1","CG":"1"},"58":{"MP":"1","JP":"1","9M":"1","8F":"1","9P":"1","JM":"1","CP":"1","MM":"1"}},"7Q":{"Q6":{"H8":"1","66":"1","65":"1","G7":"1","44":"1","43":"1","G8":"1","H7":"1"},"C9":{"7Q":"1","7V":"1","7R":"1","8R":"1"},"Q5":{"8G":"1","8F":"1","5J":"1","5P":"1","9F":"1","5M":"1","6M":"1","4M":"1"},"VR":{"GV":"1"},"CC":{"C4":"1"}},"GC":{"2W":{"XQ":"1","QP":"1","29":"1","26":"1","WQ":"1","28":"1","MQ":"1","MR":"1","27":"1","QV":"1","P4":"1","2F":"1","4M":"1"},"2V":{"MR":"1","JR":"1","JV":"1","MV":"1"},"3W":{"2W":"1","P5":"1"}},"MC":{"V5":{"QX":"1"}},"6V":{"X5":{"2H":"1"},"W7":{"J2":"1","H2":"1","J3":"1","H3":"1"},"W6":{"HH":"1","9G":"1","R5":"1","CG":"1","MJ":"1","W6":"1","Q4":"1","F6":"1","XW":"1","9H":"1","6M":"1","R2":"1","V6":"1","V3":"1","W2":"1","7M":"1","6P":"1","R3":"1","P3":"1","2R":"1","V5":"1","Q5":"1","PR":"1","Q2":"1","HJ":"1","7P":"1","JH":"1","V2":"1","P2":"1","8H":"1","G6":"1","Q3":"1","8G":"1","W4":"1","F5":"1","82":"1","22":"1","W5":"1","V4":"1","MH":"1","R4":"1","J9":"1","JJ":"1","R6":"1","JC":"1"},"3V":{"6P":"1"},"V6":{"Q2":"1","WM":"1","P8":"1","J4":"1","35":"1","J3":"1","R3":"1","VM":"1","R2":"1","J5":"1"},"X7":{"45":"1","35":"1","46":"1"},"X6":{"28":"1","29":"1","39":"1","38":"1"},"V5":{"XP":"1","WP":"1","XF":"1","VV":"1","XC":"1","MR":"1","PR":"1","PV":"1","MV":"1"},"V4":{"QW":"1"},"49":{"48":"1"},"V7":{"XF":"1"},"QQ":{"2R":"1"},"W5":{"FV":"1","VW":"1","WV":"1","4H":"1","CG":"1","FF":"1","5W":"1","88":"1","3R":"1","8H":"1","4Q":"1","9G":"1","FC":"1","7W":"1","8J":"1","8P":"1","VX":"1","CC":"1","87":"1","FG":"1","RV":"1","VV":"1","6W":"1","RF":"1","QF":"1","QW":"1","9H":"1","3P":"1","7X":"1","WX":"1","3Q":"1","6Q":"1","9Q":"1","WW":"1","RW":"1","GV":"1","6R":"1","4J":"1","2Q":"1","6X":"1","JC":"1","5Q":"1","7P":"1","CF":"1","6V":"1","RX":"1","QX":"1"},"37":{"FG":"1","FH":"1"}},"6Q":{"PF":{"5F":"1","4G":"1","4F":"1","5G":"1"},"XH":{"68":"1","67":"1"},"QG":{"37":"1","38":"1"}},"9G":{"QG":{"83":"1","53":"1","84":"1","52":"1","43":"1","42":"1"}},"9Q":{"FQ":{"47":"1","9F":"1","CF":"1","46":"1","F2":"1","FF":"1","CG":"1","9G":"1","5V":"1","37":"1","36":"1"},"GQ":{"FX":"1"},"2M":{"FJ":"1","9J":"1"},"FM":{"9W":"1","9V":"1"},"CQ":{"CQ":"1","9V":"1","FV":"1","W2":"1","FQ":"1","GV":"1","9Q":"1","8Q":"1","CR":"1","FR":"1","GQ":"1","8R":"1","X2":"1","CV":"1","8V":"1","GR":"1","9R":"1"},"CM":{"MJ":"1","XV":"1","WR":"1","VQ":"1","XW":"1","XR":"1","PQ":"1","VW":"1","RQ":"1","WV":"1","WW":"1","QR":"1","PR":"1","QV":"1","VR":"1","RR":"1","RP":"1","VV":"1","RV":"1","QP":"1","PP":"1","MP":"1","QQ":"1","WQ":"1","JJ":"1","MQ":"1","PV":"1"},"3Q":{"72":"1"},"9P":{"RH":"1","QH":"1","PG":"1","PF":"1","RG":"1","QF":"1","RF":"1","QG":"1","MG":"1","RJ":"1","PH":"1","VG":"1","PJ":"1","PC":"1","VF":"1","RM":"1","VJ":"1","QC":"1","VH":"1","QJ":"1","MH":"1","QM":"1","VM":"1","PM":"1"},"GP":{"27":"1"},"HH":{"RQ":"1","VP":"1","VQ":"1","RP":"1"},"FP":{"W8":"1","86":"1","W7":"1","7P":"1","X7":"1","5P":"1","F3":"1","83":"1","7C":"1","82":"1","7F":"1","95":"1","G3":"1","96":"1","V7":"1","X8":"1","6P":"1","6M":"1","85":"1","8C":"1","6C":"1"},"CR":{"82":"1"},"CP":{"XX":"1","WX":"1"},"GR":{"F2":"1"}},"8P":{"8J":{"VC":"1","Q2":"1","Q3":"1","CX":"1","R3":"1","R2":"1","G8":"1"},"P8":{"8V":"1","7V":"1","8X":"1","7W":"1","8W":"1"},"QX":{"QX":"1"},"8H":{"PW":"1","QW":"1","QX":"1"},"9J":{"GV":"1","GR":"1"}},"CH":{"JJ":{"VX":"1"},"HG":{"6C":"1","8X":"1","7F":"1","CW":"1","86":"1","87":"1","6R":"1","7V":"1","6P":"1","55":"1","6F":"1","7C":"1","FW":"1","7W":"1","6Q":"1","7P":"1","97":"1","CV":"1","FV":"1","7X":"1","54":"1","5Q":"1","67":"1","44":"1","6V":"1","96":"1","7Q":"1","5R":"1","57":"1"},"GG":{"GW":"1","FW":"1","FV":"1","FX":"1","XG":"1","W6":"1","RJ":"1","WC":"1","RH":"1","GV":"1","HR":"1","CR":"1","FR":"1","XF":"1","WG":"1","CV":"1","HV":"1","GR":"1","GX":"1","HX":"1"},"MG":{"WP":"1","WQ":"1"},"MQ":{"C3":"1","83":"1","92":"1","82":"1","93":"1","C2":"1"},"GH":{"V5":"1","M8":"1","V8":"1","H5":"1","J6":"1","W9":"1","P7":"1","W5":"1","Q5":"1","M2":"1","R7":"1","V4":"1","V6":"1","G2":"1","M7":"1","J3":"1","QC":"1","XC":"1","V9":"1","W3":"1","Q6":"1","RC":"1","H3":"1","M3":"1","Q3":"1","R4":"1","X8":"1","PC":"1","X7":"1","X4":"1","J2":"1","G3":"1","P4":"1","P6":"1","P5":"1","J5":"1","R8":"1","X3":"1","H2":"1","P3":"1","H4":"1","W7":"1","M5":"1","X5":"1","R6":"1","Q9":"1","X6":"1","Q7":"1","W6":"1","Q8":"1","M6":"1","V7":"1","X9":"1","W4":"1","P9":"1","M4":"1","V3":"1","R5":"1","P8":"1","R9":"1","W8":"1","Q4":"1","J4":"1"},"MP":{"9X":"1","CX":"1","8X":"1"},"JH":{"H3":"1","7P":"1","5P":"1","5M":"1","6P":"1","6M":"1","H4":"1"},"F8":{"J2":"1"},"HH":{"28":"1","3C":"1","29":"1","W9":"1","2C":"1"},"74":{"GP":"1","FM":"1","FP":"1","FQ":"1","GM":"1","GQ":"1","HP":"1"},"JG":{"H8":"1","H9":"1","J8":"1","JC":"1","HC":"1","J9":"1"},"MH":{"3V":"1"}},"82":{"W3":{"Q2":"1","C9":"1","FC":"1","C8":"1","CF":"1","99":"1","F9":"1","9C":"1","CC":"1","C7":"1","9F":"1","98":"1"},"W2":{"2F":"1"},"V2":{"8G":"1","8F":"1","VC":"1","RF":"1","7G":"1","RG":"1","VF":"1","QG":"1","7F":"1","RC":"1","79":"1","78":"1","VG":"1","QF":"1","F6":"1"}},"4J":{"MG":{"9F":"1"}},"4X":{"4W":{"82":"1"},"4V":{"8X":"1"},"CF":{"GP":"1","FP":"1","GM":"1"},"WJ":{"CM":"1","HJ":"1","JJ":"1"},"CG":{"R5":"1","Q4":"1","Q5":"1","R4":"1"},"9G":{"W3":"1","W2":"1","V3":"1","V2":"1"}},"2X":{"JF":{"Q6":"1","Q4":"1","Q5":"1","5H":"1","5X":"1","8W":"1"},"M8":{"86":"1","77":"1","65":"1","64":"1","84":"1","75":"1","66":"1","76":"1","74":"1","85":"1","67":"1"},"HF":{"QQ":"1","QP":"1","PM":"1","RP":"1","PQ":"1","PP":"1","QM":"1"},"JG":{"64":"1","62":"1","53":"1","52":"1","54":"1","97":"1","87":"1","96":"1","63":"1","86":"1"},"HG":{"H8":"1","J6":"1","G7":"1","F7":"1","F8":"1","M5":"1","G8":"1","H7":"1"},"HH":{"3H":"1"}},"9X":{"44":{"3Q":"1","2Q":"1"},"35":{"P2":"1"},"34":{"MX":"1","PX":"1"}},"9V":{"64":{"6X":"1"},"65":{"62":"1"}},"5X":{"59":{"9M":"1"}},"Q6":{"RQ":{"7P":"1","5J":"1","8P":"1","7M":"1","8J":"1","6H":"1","7J":"1","5H":"1","6P":"1","6M":"1","6J":"1","8M":"1"},"RR":{"P8":"1","HX":"1"}},"P9":{"WP":{"J2":"1","H2":"1","M2":"1"},"WM":{"VC":"1","JC":"1","HC":"1","RG":"1","RH":"1","QG":"1","MX":"1","QM":"1","R8":"1","JF":"1","JW":"1","HF":"1","HV":"1","HX":"1","JX":"1","QH":"1"},"VM":{"V8":"1","V9":"1"}},"C6":{"74":{"2X":"1"},"4F":{"8J":"1","9H":"1","3J":"1","9G":"1","8H":"1","8G":"1","9J":"1"}},"3W":{"VV":{"76":"1"},"WR":{"4P":"1","3M":"1","4M":"1","3P":"1"}},"77":{"W3":{"4R":"1"}},"3V":{"JP":{"PW":"1","QW":"1","QV":"1","QX":"1","PV":"1"},"JQ":{"P2":"1"}},"8X":{"FG":{"6W":"1"},"FM":{"83":"1","73":"1","74":"1","84":"1"},"WR":{"RG":"1"},"2G":{"V8":"1"},"7M":{"X2":"1"},"8J":{"5W":"1","MG":"1","GH":"1","FQ":"1","GJ":"1","MF":"1","4W":"1","FJ":"1","CR":"1","FR":"1","5V":"1","4V":"1"},"27":{"FV":"1"},"6P":{"3H":"1","3G":"1"},"8M":{"22":"1","86":"1","62":"1","84":"1","F5":"1","75":"1","95":"1","C6":"1","44":"1","96":"1","34":"1","97":"1","C7":"1","52":"1","85":"1","F6":"1","C5":"1"}},"7V":{"5R":{"68":"1","67":"1","78":"1","77":"1"},"4V":{"P2":"1","Q4":"1","Q3":"1","P4":"1","P3":"1","M3":"1"},"25":{"3C":"1"},"GM":{"FQ":"1"}},"2V":{"X8":{"Q5":"1","P5":"1","23":"1","34":"1","24":"1","M3":"1","33":"1"},"X7":{"9X":"1","9W":"1","CX":"1","CW":"1"}},"4H":{"QQ":{"Q6":"1","84":"1","83":"1","R7":"1","Q7":"1","R6":"1","94":"1"},"VQ":{"XW":"1","VX":"1","XX":"1","WX":"1","WW":"1"},"RR":{"83":"1","94":"1","92":"1","82":"1","93":"1"},"WQ":{"3V":"1","2W":"1","4W":"1","2V":"1","4V":"1","2X":"1","5V":"1","3X":"1","3W":"1","5W":"1","4X":"1","6W":"1"},"VR":{"X2":"1","W2":"1"}},"3H":{"WG":{"5F":"1","6F":"1","4F":"1","6C":"1","5C":"1","4C":"1","5G":"1","59":"1","6G":"1"},"2R":{"6Q":"1","6R":"1","7Q":"1","7P":"1"}},"6M":{"5R":{"8J":"1","9J":"1"},"6V":{"3V":"1","2R":"1","2V":"1","4V":"1","3R":"1"},"5V":{"P9":"1"}},"5G":{"W3":{"PR":"1","9V":"1","FV":"1","CW":"1","9W":"1","CR":"1","FR":"1","CV":"1","PV":"1"},"W5":{"HJ":"1","FM":"1","JJ":"1","GH":"1","GM":"1","GJ":"1","FJ":"1","HM":"1","FH":"1","HH":"1","JM":"1"},"W4":{"2H":"1","4F":"1","2J":"1","3F":"1","96":"1"}},"97":{"G7":{"WP":"1","VP":"1"},"G6":{"VJ":"1","WJ":"1"},"H7":{"M4":"1","FG":"1","H6":"1","J4":"1","M5":"1","J6":"1","8Q":"1","H5":"1","9H":"1","C9":"1","7Q":"1","9G":"1","5R":"1","J5":"1","6R":"1"}},"7P":{"CV":{"VF":"1"}},"4V":{"XV":{"XW":"1","XV":"1","XX":"1","PC":"1"}},"89":{"QQ":{"QQ":"1","QP":"1","PQ":"1","PP":"1"},"QP":{"XW":"1","WW":"1"},"RR":{"68":"1","6C":"1","69":"1","59":"1","58":"1"}},"5W":{"H6":{"GX":"1","HX":"1"},"H7":{"Q9":"1","F2":"1","G2":"1","G3":"1","F3":"1"}},"7J":{"3G":{"75":"1","74":"1","85":"1","84":"1","4C":"1"},"2G":{"X9":"1","P5":"1","XC":"1","WC":"1","P6":"1"}},"6X":{"R9":{"64":"1","75":"1","65":"1","74":"1","85":"1","84":"1"},"JM":{"6F":"1","6G":"1"},"R8":{"HR":"1","JR":"1","GR":"1","HV":"1"}},"4Q":{"PF":{"CQ":"1","FW":"1","9V":"1","FV":"1","CW":"1","CP":"1","9Q":"1","CR":"1","FR":"1","CV":"1","9R":"1"}},"7M":{"MH":{"H2":"1","G2":"1"},"MG":{"HX":"1"}},"CM":{"X6":{"2R":"1","2Q":"1"},"X7":{"3V":"1","4W":"1","4V":"1","3W":"1"},"W6":{"G6":"1","H7":"1","H9":"1","XQ":"1","J9":"1","H6":"1","P9":"1","J7":"1","H8":"1","M8":"1","G8":"1","V7":"1","J8":"1","G7":"1","F7":"1"}},"6P":{"GP":{"7G":"1","8G":"1"}},"27":{"23":{"RR":"1"},"33":{"2P":"1"}},"7X":{"VC":{"5C":"1","59":"1"},"MR":{"JW":"1","FX":"1"},"MV":{"F2":"1"},"6W":{"7M":"1"}},"FC":{"XW":{"X9":"1","W8":"1","89":"1","W7":"1","Q6":"1","W6":"1","W9":"1","V6":"1","X7":"1","X6":"1","R7":"1","V9":"1","V7":"1","R8":"1","X8":"1","Q7":"1","R6":"1","V8":"1","Q8":"1"},"WR":{"XV":"1","WV":"1"}},"8V":{"84":{"C6":"1","F6":"1","C5":"1"},"JH":{"FG":"1","GG":"1","GJ":"1","FH":"1","GH":"1"}},"4P":{"XF":{"7J":"1","6J":"1","6M":"1","7M":"1"}}}}