{"index":{"university,1|retail,2|tourism,3|wreck,4|historical,5|artsCulture,6|namedBuilding,7|water,8|wetland,9|park,10|beach,11|natureReserve,12|cemetery,13|trail,14":{}},"69":{"43":{"G2":{"69":"1","99":"1","49":"1","9C":"1","59":"1","78":"1"},"2P":{"8F":"1","54":"1","W2":"1","56":"1","W4":"1","W3":"1","9F":"1","V3":"1","55":"1","V4":"1","88":"1","V2":"1"},"2Q":{"FC":"1"},"2M":{"5F":"1","4F":"1","5G":"1"},"R6":{"89":"1","88":"1"},"M2":{"QW":"1"},"6X":{"RJ":"1","VJ":"1","VM":"1","RM":"1"}},"45":{"Q5":{"MC":"1","JC":"1","QF":"1"},"84":{"M4":"1","R2":"1","Q5":"1","P5":"1","Q4":"1","V3":"1","M5":"1","R4":"1","R3":"1","Q3":"1","V4":"1","P4":"1","R5":"1"},"J3":{"C5":"1"},"2Q":{"XF":"1"}},"72":{"2W":{"FR":"1","9V":"1","CR":"1","CV":"1","FV":"1"},"JM":{"4P":"1","6Q":"1","5Q":"1","4Q":"1","5P":"1","6P":"1"},"2X":{"GP":"1","GF":"1","FM":"1","FP":"1","GM":"1","JG":"1","JF":"1"},"3X":{"3V":"1","2W":"1","2V":"1","3W":"1"},"98":{"7G":"1","6G":"1"}},"63":{"RW":{"X2":"1","W2":"1"},"VV":{"2X":"1","3X":"1"},"RV":{"X4":"1","W5":"1","W4":"1","WV":"1","X5":"1"},"QV":{"63":"1","73":"1","65":"1","64":"1","75":"1","74":"1","39":"1","2C":"1"},"49":{"CQ":"1","CR":"1","4H":"1"},"5M":{"RV":"1"},"VW":{"32":"1","44":"1","22":"1","34":"1"},"M3":{"QJ":"1"}},"73":{"M4":{"4P":"1","5P":"1","4M":"1","5M":"1","5J":"1"},"X9":{"4G":"1","4F":"1","3F":"1"},"WF":{"2X":"1"},"VG":{"V3":"1","V4":"1"},"VF":{"XX":"1"},"Q7":{"JP":"1","HF":"1","HG":"1","GG":"1","GF":"1"}},"54":{"HW":{"3M":"1","3H":"1","3J":"1","4J":"1","4H":"1"},"GW":{"M7":"1","H7":"1","P5":"1","J7":"1","M5":"1","M8":"1","J8":"1","M2":"1","P2":"1"},"W9":{"27":"1"},"65":{"9X":"1","9W":"1","7X":"1","8X":"1","7W":"1","8W":"1","6W":"1"},"GV":{"MW":"1","MX":"1","PW":"1","PX":"1"},"J7":{"XG":"1","WG":"1","WH":"1","WF":"1","XF":"1","XH":"1"},"HG":{"2X":"1"},"HH":{"22":"1"},"GG":{"XX":"1"},"V9":{"X7":"1"},"GH":{"52":"1"}},"57":{"25":{"H8":"1","G8":"1"}},"24":{"J2":{"X6":"1","X7":"1"},"7H":{"37":"1"},"M2":{"26":"1","27":"1"},"96":{"HM":"1"}},"62":{"RP":{"66":"1","44":"1","43":"1"},"JM":{"JJ":"1"},"79":{"4J":"1","4H":"1"}},"26":{"G5":{"M7":"1","J9":"1","P9":"1","PC":"1","JC":"1","P8":"1","MG":"1","J7":"1","MF":"1","M8":"1","MC":"1","J8":"1","PF":"1","JF":"1","JG":"1","P7":"1","M9":"1"},"86":{"GR":"1"},"65":{"R3":"1","R4":"1"},"C6":{"W8":"1","WP":"1","VC":"1","XC":"1","RF":"1","XG":"1","W9":"1","7P":"1","XJ":"1","WM":"1","R9":"1","WH":"1","XP":"1","WJ":"1","RG":"1","WF":"1","WC":"1","XH":"1","XM":"1","VF":"1","V9":"1","VH":"1","XF":"1","VJ":"1","WG":"1","RC":"1","VG":"1","V8":"1"},"74":{"Q4":"1","Q5":"1","P5":"1","P4":"1"},"87":{"W6":"1","P9":"1","R8":"1","WX":"1","V6":"1","Q9":"1","M9":"1","V7":"1","W7":"1","PC":"1","R9":"1","Q8":"1","MC":"1","RX":"1","P8":"1","XX":"1"},"97":{"MJ":"1","PH":"1","8X":"1","57":"1","Q6":"1","26":"1","65":"1","56":"1","3W":"1","38":"1","47":"1","66":"1","55":"1","58":"1","G8":"1","PG":"1","2W":"1","PJ":"1","8V":"1","37":"1","8W":"1","67":"1"},"M3":{"V7":"1","R7":"1"},"HF":{"WQ":"1"},"C7":{"Q4":"1","XC":"1","WC":"1","W6":"1"},"F6":{"2H":"1","2M":"1","2J":"1","2G":"1","3J":"1"},"F7":{"2F":"1"},"C5":{"FG":"1","FF":"1","GG":"1","FJ":"1","GJ":"1","FH":"1","GH":"1"}},"65":{"C3":{"GR":"1"},"89":{"WP":"1","VP":"1","WM":"1","VQ":"1","WQ":"1","VM":"1"},"7Q":{"V7":"1","W8":"1","V8":"1","W7":"1","V9":"1"},"V9":{"Q9":"1","P9":"1","QC":"1"},"WX":{"W6":"1"},"VM":{"VJ":"1"},"F4":{"78":"1","7F":"1","95":"1","C5":"1","C3":"1","79":"1","86":"1","87":"1","6G":"1","84":"1","C6":"1","6H":"1","9C":"1","6F":"1","7C":"1","7J":"1","8J":"1","97":"1","C4":"1","85":"1","8H":"1","77":"1","8G":"1","7G":"1","99":"1","7H":"1","8F":"1","89":"1","96":"1","8C":"1","94":"1","93":"1","98":"1","88":"1"}},"64":{"RJ":{"GF":"1","FG":"1","7X":"1","8X":"1","HG":"1","9W":"1","GG":"1","5P":"1","GH":"1","FJ":"1","9X":"1","FH":"1","5M":"1","CH":"1"},"6C":{"HJ":"1","FM":"1","JJ":"1","GH":"1","GM":"1","JH":"1","GJ":"1","FJ":"1","HM":"1","HH":"1","JM":"1"},"95":{"FR":"1","CR":"1","FV":"1"},"RM":{"G5":"1","72":"1","F4":"1","65":"1","G4":"1","F5":"1","82":"1","55":"1","92":"1","53":"1"},"QM":{"XH":"1","RH":"1","MJ":"1","XF":"1","QH":"1","VQ":"1","MM":"1","PQ":"1","XG":"1","RG":"1","RQ":"1","RJ":"1","PH":"1","VG":"1","QR":"1","PR":"1","M9":"1","WM":"1","XJ":"1","MR":"1","WC":"1","WP":"1","PJ":"1","VF":"1","X6":"1","RP":"1","RM":"1","WH":"1","VJ":"1","WG":"1","QP":"1","PP":"1","WF":"1","VH":"1","MP":"1","XC":"1","WJ":"1","VC":"1","QQ":"1","QJ":"1","QM":"1","VP":"1","VM":"1","MQ":"1","PM":"1"}},"56":{"4G":{"J2":"1","M2":"1"},"68":{"XW":"1","RX":"1","VV":"1","VX":"1","XX":"1","WX":"1","VW":"1","WW":"1","WV":"1"},"F7":{"89":"1","88":"1","79":"1","78":"1"},"26":{"M4":"1"},"4F":{"JX":"1","MX":"1"},"5V":{"9M":"1","CM":"1","CH":"1","CJ":"1","9J":"1"},"69":{"W6":"1","W3":"1","X4":"1","R2":"1","V3":"1","W2":"1","R3":"1","V5":"1","X3":"1","X7":"1","V2":"1","X6":"1","X2":"1","X8":"1","W4":"1","W5":"1","V4":"1","R4":"1","X5":"1"},"27":{"JM":"1","HG":"1","PM":"1","GH":"1","JJ":"1","CG":"1","PP":"1","FF":"1","PQ":"1","CH":"1","HP":"1","HH":"1","MG":"1","MH":"1","JP":"1","HQ":"1","MJ":"1","FC":"1","FP":"1","HC":"1","JG":"1","GP":"1","FG":"1","HF":"1","MR":"1","HR":"1","HJ":"1","HM":"1","GJ":"1","MQ":"1","GG":"1","PR":"1","JQ":"1","GQ":"1","GC":"1","MP":"1","JR":"1","FH":"1","GF":"1","JF":"1","JC":"1","JH":"1","MM":"1","FM":"1","FJ":"1","GM":"1","CF":"1"},"JR":{"RQ":"1","QP":"1","VP":"1","VQ":"1","RP":"1"},"MG":{"P9":"1","R7":"1","Q8":"1","R8":"1","Q7":"1"},"5W":{"VG":"1","VF":"1"},"GH":{"H5":"1","J4":"1","G4":"1","H4":"1","J3":"1","H3":"1","G5":"1"},"79":{"36":"1","34":"1","43":"1","38":"1","35":"1","28":"1","55":"1","26":"1","24":"1","33":"1","27":"1","54":"1","25":"1","45":"1","44":"1","37":"1","46":"1","23":"1","22":"1","47":"1"},"78":{"2X":"1"}},"25":{"H9":{"G5":"1","G4":"1","84":"1","75":"1","H5":"1","74":"1","85":"1","H4":"1"},"CM":{"7Q":"1","8Q":"1"},"68":{"XW":"1"},"6V":{"5X":"1","4X":"1"},"88":{"36":"1","37":"1","26":"1","35":"1","27":"1"},"6W":{"93":"1"},"78":{"X6":"1","2W":"1","9W":"1","X7":"1","9V":"1"}},"47":{"34":{"J3":"1","4R":"1","G4":"1","F3":"1","Q2":"1","P3":"1","69":"1","Q3":"1","G3":"1","3R":"1","M3":"1","4V":"1","5C":"1","6C":"1","P2":"1"},"R5":{"22":"1","PM":"1","Q5":"1","QJ":"1","QM":"1","PF":"1","PJ":"1","23":"1","QF":"1"},"43":{"XV":"1","XR":"1","VR":"1","WR":"1","WV":"1"},"Q4":{"RR":"1","VV":"1","VR":"1","RV":"1","WV":"1"},"73":{"94":"1","85":"1","84":"1","95":"1"},"R2":{"X2":"1"},"R3":{"9W":"1","9V":"1","CW":"1","CV":"1"},"P3":{"QR":"1","QV":"1"},"V5":{"W3":"1","95":"1","73":"1","53":"1","G7":"1","65":"1","JF":"1","86":"1","V3":"1","84":"1","9C":"1","52":"1","63":"1","64":"1","X7":"1","66":"1","54":"1","85":"1","H7":"1","42":"1","H8":"1","76":"1","82":"1","75":"1","83":"1","72":"1","94":"1","93":"1","74":"1","62":"1","JC":"1"},"Q5":{"X2":"1","X3":"1","W2":"1"},"24":{"3Q":"1","7X":"1","6X":"1","7V":"1","6V":"1"},"33":{"VX":"1","WX":"1"},"C2":{"Q2":"1"},"25":{"62":"1","Q3":"1","97":"1","R3":"1","R4":"1","72":"1"},"V2":{"32":"1","F7":"1","22":"1","F8":"1"},"W4":{"3X":"1","5X":"1","4X":"1"},"22":{"M4":"1","2H":"1","P4":"1","2J":"1","P3":"1","M3":"1"},"W5":{"32":"1","42":"1"},"V4":{"XP":"1","H8":"1","MC":"1","M7":"1","7X":"1","6X":"1","VR":"1","5X":"1","JR":"1","4X":"1"},"R4":{"VR":"1","VX":"1","RG":"1","RH":"1","RV":"1","VV":"1","QV":"1","RX":"1","QW":"1","QX":"1","VW":"1","RR":"1","RW":"1"},"X5":{"32":"1","W8":"1","V8":"1","42":"1"}},"42":{"PM":{"WP":"1","WQ":"1","VX":"1","WM":"1","RV":"1","VV":"1","WV":"1","VP":"1","RX":"1","VW":"1","RW":"1","WW":"1","VQ":"1","VM":"1"},"QJ":{"C3":"1","F3":"1"},"QH":{"CX":"1","7P":"1","5P":"1","6M":"1","5M":"1","6P":"1"},"CP":{"6H":"1","7H":"1"},"MM":{"PW":"1","QW":"1","QV":"1","PV":"1"},"QM":{"9G":"1","CG":"1","2V":"1","7F":"1","9H":"1","CF":"1","3W":"1","FC":"1","4V":"1","FG":"1","VR":"1","2W":"1","3V":"1","CC":"1","8H":"1","8G":"1","7G":"1","7H":"1","8F":"1","FF":"1","CH":"1"}},"83":{"5F":{"9W":"1","CX":"1","8W":"1"},"59":{"CF":"1","CG":"1","RM":"1"},"84":{"RR":"1","VR":"1"},"4C":{"H8":"1","J7":"1","J8":"1","H7":"1"},"7G":{"57":"1","29":"1","39":"1","74":"1","84":"1","63":"1","F5":"1","77":"1"},"48":{"89":"1","7C":"1","79":"1","8C":"1"},"7C":{"4H":"1","48":"1","2G":"1","3G":"1","V8":"1","3X":"1","3J":"1","8V":"1","3H":"1","38":"1","59":"1","5H":"1","4C":"1","R7":"1","7G":"1","6H":"1","6F":"1","3M":"1","49":"1","2C":"1","2F":"1","7H":"1","73":"1","29":"1","5C":"1","2H":"1","72":"1","63":"1","3C":"1","R8":"1","39":"1","3W":"1","5G":"1","4G":"1","3F":"1","2W":"1","6C":"1","6G":"1","4J":"1","5F":"1","V7":"1","5J":"1","62":"1","4F":"1","2X":"1","6J":"1","4M":"1","2J":"1"},"6G":{"HF":"1","H9":"1","P6":"1","HG":"1","JF":"1","G9":"1","GC":"1","MG":"1","MF":"1","M9":"1","59":"1","HC":"1","P7":"1","H8":"1","99":"1","89":"1","MC":"1","J9":"1","88":"1","98":"1","JG":"1","M7":"1","JC":"1"},"69":{"J7":"1"},"92":{"QP":"1"},"7F":{"78":"1","G4":"1","4X":"1","F6":"1","79":"1","86":"1","87":"1","7M":"1","6G":"1","9C":"1","55":"1","26":"1","7J":"1","F4":"1","HJ":"1","7P":"1","5X":"1","66":"1","G5":"1","G6":"1","8G":"1","5Q":"1","45":"1","8F":"1","67":"1","F5":"1","37":"1","89":"1","46":"1","82":"1","7Q":"1","56":"1","23":"1","57":"1","22":"1","47":"1","88":"1"},"6F":{"X9":"1","X6":"1","WF":"1","XV":"1","WV":"1"},"49":{"GQ":"1","HQ":"1","HP":"1","GP":"1","CF":"1","CG":"1"},"79":{"73":"1","2M":"1","2P":"1","72":"1"},"39":{"5R":"1"},"78":{"9H":"1","7X":"1","CG":"1","9G":"1"},"3J":{"Q6":"1","R6":"1","R7":"1","Q7":"1"},"5C":{"89":"1"},"6C":{"M7":"1","CQ":"1","GP":"1","XC":"1","XG":"1","MG":"1","WH":"1","FQ":"1","WF":"1","XH":"1","RV":"1","J7":"1","XX":"1","MR":"1","MF":"1","H8":"1","VH":"1","M8":"1","XF":"1","QV":"1","WG":"1","J8":"1","JG":"1","JR":"1","VG":"1","3J":"1"},"C5":{"R9":"1","W7":"1"}},"66":{"7P":{"2R":"1","2Q":"1"},"4R":{"Q4":"1","Q5":"1","P6":"1","R2":"1","V2":"1"},"5P":{"FW":"1","CW":"1","CV":"1","FV":"1"},"4Q":{"QV":"1","GJ":"1","PV":"1"},"6Q":{"6R":"1","GX":"1","7X":"1","6V":"1","8X":"1","FX":"1","W5":"1","W6":"1","V5":"1"},"3P":{"6J":"1","6M":"1","WR":"1"},"46":{"3V":"1","2W":"1","4W":"1","2V":"1","4V":"1","3W":"1"},"4J":{"4V":"1","9V":"1","46":"1","4H":"1","48":"1","CG":"1","44":"1","2G":"1","7Q":"1","3G":"1","CQ":"1","7J":"1","3X":"1","5W":"1","3J":"1","7V":"1","88":"1","8V":"1","35":"1","3R":"1","3H":"1","2M":"1","2R":"1","7C":"1","CH":"1","CJ":"1","38":"1","34":"1","37":"1","24":"1","8W":"1","8H":"1","4Q":"1","59":"1","5H":"1","9C":"1","7M":"1","54":"1","57":"1","4C":"1","4X":"1","9W":"1","9G":"1","7W":"1","8C":"1","8P":"1","8J":"1","26":"1","FP":"1","77":"1","7G":"1","8M":"1","25":"1","36":"1","CM":"1","CP":"1","7F":"1","76":"1","5M":"1","75":"1","5R":"1","FR":"1","67":"1","CR":"1","6H":"1","6F":"1","9M":"1","87":"1","89":"1","9F":"1","GP":"1","27":"1","3M":"1","49":"1","8G":"1","9P":"1","2C":"1","2F":"1","6W":"1","33":"1","2V":"1","7H":"1","5C":"1","29":"1","9H":"1","55":"1","4R":"1","8X":"1","65":"1","43":"1","3P":"1","7X":"1","6M":"1","2H":"1","64":"1","5X":"1","3Q":"1","9R":"1","5V":"1","3V":"1","6Q":"1","56":"1","9Q":"1","47":"1","CV":"1","3C":"1","6P":"1","8F":"1","66":"1","GQ":"1","39":"1","8Q":"1","FQ":"1","9J":"1","4P":"1","5P":"1","3W":"1","45":"1","4W":"1","5G":"1","FH":"1","4G":"1","3F":"1","99":"1","2W":"1","6C":"1","79":"1","6G":"1","6R":"1","8R":"1","4J":"1","2Q":"1","6X":"1","5F":"1","78":"1","2P":"1","58":"1","FM":"1","5J":"1","5Q":"1","23":"1","7P":"1","4F":"1","28":"1","2X":"1","6J":"1","FJ":"1","69":"1","4M":"1","GM":"1","CF":"1","6V":"1","7R":"1","68":"1","2J":"1"},"6P":{"Q9":"1","XQ":"1","P8":"1","P9":"1"},"5Q":{"7R":"1","5W":"1","9V":"1","XQ":"1","MV":"1","7X":"1","8X":"1","JJ":"1","9W":"1","5X":"1","26":"1","PM":"1","XP":"1","PX":"1","6Q":"1","GM":"1","MR":"1","8Q":"1","7W":"1","4W":"1","7Q":"1","8R":"1","WX":"1","7V":"1","6W":"1","6P":"1","8V":"1","QW":"1","QX":"1","4X":"1","PV":"1","PW":"1","8W":"1","XW":"1","WW":"1","6R":"1","6V":"1","6X":"1"},"8H":{"W9":"1","VJ":"1","XJ":"1","XC":"1","WC":"1","VH":"1"},"6M":{"57":"1","66":"1","65":"1","56":"1","67":"1","55":"1"},"3J":{"X9":"1","WP":"1","XC":"1","XQ":"1","XG":"1","WR":"1","X7":"1","WQ":"1","XJ":"1","VX":"1","WM":"1","XP":"1","WJ":"1","XV":"1","XH":"1","XM":"1","VV":"1","XX":"1","WV":"1","XF":"1","WX":"1","X8":"1","XR":"1","VW":"1","XW":"1","WW":"1"},"F6":{"32":"1","43":"1","42":"1","33":"1"},"5R":{"Q2":"1","73":"1","32":"1","62":"1","Q3":"1","53":"1","52":"1","43":"1","63":"1","72":"1","42":"1"},"6R":{"F2":"1","44":"1","G2":"1"},"4M":{"43":"1","22":"1","72":"1","63":"1","24":"1","62":"1","26":"1","25":"1","42":"1","33":"1","44":"1","35":"1","53":"1","32":"1","34":"1","23":"1","52":"1"},"3M":{"W6":"1","W3":"1","X4":"1","V3":"1","V6":"1","W2":"1","R3":"1","V5":"1","X3":"1","X7":"1","W7":"1","V2":"1","X6":"1","X2":"1","W4":"1","W5":"1","V4":"1","X5":"1"}},"82":{"MP":{"VH":"1"},"G9":{"8J":"1","9M":"1","8M":"1","9J":"1"},"GC":{"6H":"1","6J":"1","6M":"1","5J":"1"},"HV":{"92":"1","93":"1"},"8C":{"F9":"1"},"6P":{"6P":"1"}},"55":{"FJ":{"RQ":"1","QQ":"1","QP":"1","RP":"1"},"PF":{"X9":"1","W8":"1","XC":"1","W7":"1","PH":"1","W9":"1","X7":"1","X6":"1","WC":"1","X8":"1","VG":"1"},"QX":{"FC":"1","CH":"1","FF":"1","CF":"1","FH":"1","CC":"1"},"9Q":{"43":"1"},"88":{"2H":"1","2M":"1","2J":"1"},"QF":{"29":"1","2C":"1","27":"1"},"GR":{"FG":"1","3Q":"1","4R":"1","4Q":"1","9X":"1","CG":"1","3R":"1","4V":"1"},"78":{"XJ":"1"}},"46":{"4H":{"G3":"1","R3":"1","V3":"1","R2":"1","V2":"1"},"VX":{"2X":"1","3X":"1"},"5P":{"4V":"1","5W":"1","6W":"1"},"GM":{"3X":"1","3W":"1"},"Q4":{"2H":"1","HF":"1","F7":"1","97":"1","2J":"1","7C":"1","6C":"1","F8":"1","5C":"1","R3":"1","R4":"1","C7":"1"},"R4":{"WH":"1","VJ":"1","VG":"1","WJ":"1","RG":"1","VH":"1","RH":"1"},"2X":{"45":"1","25":"1","46":"1","47":"1"},"Q3":{"QH":"1","6M":"1","PQ":"1","7M":"1","6P":"1","RJ":"1","QR":"1","PR":"1","QV":"1","7J":"1","8J":"1","MR":"1","5P":"1","RP":"1","RM":"1","MV":"1","VJ":"1","QP":"1","PP":"1","MP":"1","QQ":"1","QJ":"1","8M":"1","QM":"1","VM":"1","5M":"1","MQ":"1","PV":"1"},"7Q":{"2H":"1","3H":"1","3G":"1","2G":"1","5C":"1"},"P4":{"J6":"1","H6":"1","XJ":"1","J7":"1","XH":"1","H7":"1"},"3R":{"HR":"1","GV":"1","GR":"1","HV":"1"},"5Q":{"28":"1","53":"1","43":"1","27":"1"},"2W":{"FC":"1","GC":"1","FF":"1","GF":"1"},"CX":{"JF":"1","HF":"1","JC":"1","HC":"1"},"8M":{"VG":"1","VH":"1"}},"33":{"62":{"MW":"1","JW":"1","JV":"1","MV":"1"},"9C":{"X9":"1","W9":"1","XJ":"1","WC":"1","XH":"1"},"2Q":{"CJ":"1"}},"44":{"XP":{"H8":"1","H9":"1","HM":"1","HP":"1","3F":"1","JC":"1","HC":"1","GF":"1"},"X2":{"HX":"1"},"66":{"22":"1"},"J2":{"77":"1"},"3V":{"XP":"1"},"WP":{"H7":"1","RF":"1","J9":"1","JC":"1","RG":"1","RH":"1","VF":"1","H8":"1","QG":"1","F8":"1","G8":"1","C8":"1","G7":"1","M9":"1","QF":"1","F7":"1","QH":"1"},"4V":{"5F":"1","4F":"1"},"69":{"W8":"1","W7":"1","P9":"1","W6":"1","W9":"1","X7":"1","P8":"1","M9":"1"}},"35":{"4G":{"83":"1","73":"1","67":"1"},"MH":{"MM":"1","HJ":"1","MJ":"1","PH":"1","JJ":"1","PM":"1","MG":"1","GM":"1","MP":"1","JH":"1","GJ":"1","HM":"1","HH":"1","JP":"1","PJ":"1","HP":"1","JM":"1","MH":"1"},"3G":{"W4":"1","W3":"1","Q4":"1","V3":"1","R4":"1","R3":"1","Q3":"1","V4":"1"},"J8":{"MC":"1","P9":"1","JC":"1","J9":"1","M9":"1"},"MJ":{"J4":"1","J3":"1","H3":"1"},"8M":{"WR":"1","WV":"1"}},"74":{"32":{"3G":"1","2G":"1","3F":"1","2F":"1"},"C6":{"JF":"1","H4":"1","M5":"1"},"72":{"3Q":"1","2Q":"1"}},"53":{"4F":{"64":"1","32":"1","53":"1","23":"1","54":"1","22":"1","63":"1","33":"1"},"XG":{"3M":"1"},"4C":{"HW":"1","GW":"1","HR":"1","GV":"1","7Q":"1","8P":"1","8Q":"1","FR":"1","JW":"1","2X":"1","JR":"1","JV":"1","7R":"1","GR":"1","HV":"1"},"VR":{"W9":"1","V7":"1","W8":"1","V8":"1","V9":"1"},"J4":{"2R":"1","2V":"1"},"6Q":{"99":"1","PH":"1","P9":"1","PC":"1","RG":"1","RJ":"1","RH":"1","VF":"1","H8":"1","QJ":"1","C9":"1","G8":"1","R8":"1","CC":"1","QC":"1","9C":"1","VG":"1","QH":"1","Q8":"1"},"49":{"F2":"1","H2":"1"},"5M":{"6Q":"1","MV":"1"},"6P":{"7R":"1","9V":"1","7P":"1","8P":"1","9P":"1","6Q":"1","9Q":"1","8Q":"1","7Q":"1","8R":"1","7V":"1","6P":"1","8V":"1","9R":"1","6R":"1","6V":"1"},"32":{"6F":"1","6G":"1"},"VQ":{"3V":"1","8V":"1","9W":"1","4W":"1","9V":"1","3W":"1"},"H4":{"XV":"1","XR":"1"}},"32":{"WW":{"R3":"1","V3":"1","R4":"1","V4":"1"},"WV":{"RV":"1"}},"34":{"HW":{"QJ":"1","5V":"1","PJ":"1"},"WP":{"P8":"1","Q8":"1"}},"23":{"HQ":{"WP":"1","XQ":"1","5J":"1","WM":"1","XP":"1","RH":"1","XM":"1","6H":"1","5H":"1","QH":"1"},"JQ":{"8G":"1","8F":"1","59":"1","4P":"1","5P":"1","4Q":"1","6Q":"1","9F":"1","69":"1","9H":"1","2P":"1","2Q":"1","CG":"1","5M":"1","6P":"1","5Q":"1","9G":"1","6M":"1","5C":"1","6C":"1","CH":"1"}},"52":{"JP":{"4F":"1","H9":"1","5F":"1","4H":"1","J3":"1","5J":"1","4P":"1","4C":"1","3F":"1","X4":"1","Q4":"1","J2":"1","H8":"1","6G":"1","6H":"1","3P":"1","3H":"1","2P":"1","2J":"1","2M":"1","6F":"1","5H":"1","4J":"1","M2":"1","5M":"1","M3":"1","3J":"1","3G":"1","5C":"1","4M":"1","3M":"1","5G":"1","4G":"1"},"JM":{"XV":"1","WW":"1","VW":"1"},"6P":{"85":"1","86":"1"}},"37":{"W2":{"M7":"1","VX":"1","M6":"1","XV":"1","VV":"1","XX":"1","WV":"1","WX":"1","RX":"1","QX":"1","VW":"1","RW":"1","XW":"1","WW":"1"},"W4":{"X9":"1","V7":"1","XC":"1","R9":"1","W5":"1","W7":"1","QC":"1","W4":"1","QG":"1","W6":"1","X5":"1","V5":"1","V6":"1","R8":"1"},"X4":{"26":"1","65":"1","64":"1","3F":"1","47":"1","WF":"1","VF":"1","55":"1","H5":"1","27":"1","WG":"1","VG":"1","37":"1","2F":"1","36":"1","H4":"1"},"W3":{"W3":"1","X4":"1","XW":"1","9H":"1","R2":"1","V3":"1","W2":"1","XM":"1","VW":"1","RW":"1","58":"1","WW":"1","Q2":"1","X3":"1","97":"1","9R":"1","V2":"1","X2":"1","W4":"1","5R":"1","QW":"1","68":"1","QM":"1","CR":"1","PM":"1"},"V3":{"RM":"1","63":"1","MV":"1","53":"1","VP":"1","GR":"1","VM":"1"},"R3":{"PM":"1","6H":"1","QJ":"1","MH":"1","XJ":"1","HH":"1","HJ":"1","JH":"1","XH":"1","JJ":"1","QM":"1"},"Q3":{"WJ":"1"},"V4":{"Q4":"1"},"X2":{"XH":"1","HV":"1","HP":"1","JW":"1","HX":"1","PG":"1","3X":"1","PF":"1","G9":"1","XG":"1","MX":"1","3W":"1","PH":"1","QX":"1","GV":"1","GW":"1","XJ":"1","2W":"1","PC":"1","HQ":"1","WH":"1","GQ":"1","HW":"1","JX":"1","2X":"1","GP":"1","JG":"1","PX":"1"},"X3":{"H4":"1","G4":"1","J6":"1","M4":"1","P9":"1","73":"1","J2":"1","9H":"1","H3":"1","P3":"1","55":"1","63":"1","64":"1","M6":"1","33":"1","M3":"1","P2":"1","J5":"1","M2":"1","J4":"1","56":"1","23":"1","J3":"1","57":"1","M5":"1","22":"1","47":"1","32":"1","74":"1","H2":"1"}},"36":{"JQ":{"MP":"1","PM":"1","PP":"1","MQ":"1","MM":"1"},"VX":{"RM":"1","QP":"1","P9":"1","PC":"1","RP":"1","MC":"1","QM":"1","QQ":"1","M9":"1","PQ":"1","PP":"1"},"PX":{"99":"1","86":"1","5J":"1","64":"1","GH":"1","76":"1","5H":"1","9C":"1"},"Q2":{"G9":"1","G7":"1","F7":"1","F8":"1","69":"1","F9":"1","G8":"1"},"MX":{"XG":"1","WG":"1"},"MW":{"MM":"1","MJ":"1","JJ":"1","PM":"1","MP":"1","HM":"1","PJ":"1","JM":"1","PP":"1"},"M2":{"X6":"1","W8":"1","W5":"1","W6":"1","X5":"1"},"VP":{"R6":"1","V7":"1","X4":"1","R7":"1","P3":"1","M2":"1","W5":"1","W4":"1","X5":"1","V6":"1","J5":"1"},"3R":{"4G":"1","4F":"1"},"JW":{"2R":"1","2Q":"1"},"8C":{"75":"1","9C":"1"},"JX":{"75":"1","74":"1","85":"1"},"P2":{"MP":"1","JP":"1","PM":"1","HP":"1","84":"1","4W":"1","25":"1","2G":"1","GP":"1","JM":"1","6M":"1","PP":"1","CJ":"1","4X":"1","9J":"1","6P":"1"}}}}