{"index":{"university,1|retail,2|tourism,3|wreck,4|historical,5|artsCulture,6|namedBuilding,7|water,8|wetland,9|park,10|beach,11|natureReserve,12|cemetery,13|trail,14":{}},"6C":{"VW":{"2H":{"XW":"1","XV":"1","XX":"1","WX":"1","WW":"1","WV":"1","VW":"1"},"J2":{"26":"1","25":"1","35":"1","24":"1"},"H2":{"X6":"1","X5":"1","HV":"1"},"3J":{"36":"1","66":"1","45":"1","44":"1","54":"1","35":"1","46":"1","34":"1","56":"1","55":"1"},"PX":{"JX":"1","MX":"1"},"H7":{"7P":"1","6M":"1","6P":"1"}},"RR":{"M2":{"HM":"1","HP":"1","G9":"1","JM":"1","F9":"1"}},"PM":{"Q9":{"83":"1","74":"1","52":"1","2C":"1","V3":"1"},"P9":{"Q6":"1","R6":"1","X8":"1","MF":"1","W8":"1","RC":"1","V8":"1","V9":"1","R4":"1","W6":"1","Q7":"1","R8":"1"},"Q8":{"R2":"1","9W":"1","7H":"1","Q2":"1","P3":"1","69":"1","R3":"1","Q3":"1","M2":"1","9G":"1","M3":"1","P2":"1"},"Q7":{"RX":"1","QX":"1","PX":"1"}},"XJ":{"FF":{"W3":"1","W2":"1","V3":"1","V2":"1"}},"QR":{"72":{"PR":"1","PH":"1","R2":"1","X7":"1","4C":"1","PX":"1","RJ":"1","WC":"1","RH":"1","RV":"1","49":"1","V7":"1","X2":"1","PF":"1","2R":"1","X3":"1","JX":"1"},"63":{"XH":"1"},"73":{"X2":"1"},"93":{"5X":"1","R9":"1","2X":"1","95":"1","C2":"1","2W":"1","J5":"1"},"83":{"Q4":"1","G4":"1","H4":"1","22":"1"},"7C":{"G3":"1","Q8":"1"},"82":{"4V":"1","V5":"1","V8":"1","2R":"1","P7":"1","W5":"1","Q5":"1","59":"1","R7":"1","V6":"1","R3":"1","X2":"1","MV":"1","67":"1","J3":"1","49":"1","Q6":"1","W3":"1","5C":"1","V2":"1","Q3":"1","X8":"1","X7":"1","X4":"1","P6":"1","QH":"1","P5":"1","R2":"1","R8":"1","X3":"1","53":"1","W7":"1","M5":"1","X5":"1","R6":"1","6C":"1","X6":"1","Q7":"1","W6":"1","Q8":"1","M6":"1","58":"1","V7":"1","W4":"1","V3":"1","R5":"1","69":"1","W8":"1","J4":"1","68":"1"},"92":{"FV":"1","V5":"1","44":"1","7J":"1","3J":"1","7V":"1","J6":"1","35":"1","7C":"1","P7":"1","CJ":"1","8W":"1","54":"1","4C":"1","94":"1","4X":"1","G9":"1","9W":"1","8C":"1","H7":"1","8J":"1","95":"1","26":"1","25":"1","36":"1","JG":"1","5M":"1","MV":"1","GP":"1","27":"1","3M":"1","Q6":"1","HJ":"1","6M":"1","X4":"1","64":"1","72":"1","5X":"1","P4":"1","9R":"1","C8":"1","63":"1","6P":"1","VF":"1","66":"1","PG":"1","GQ":"1","9J":"1","5P":"1","45":"1","53":"1","M5":"1","X5":"1","C4":"1","2Q":"1","M6":"1","2P":"1","X9":"1","VH":"1","62":"1","R5":"1","4M":"1","52":"1","85":"1"},"C2":{"89":"1","25":"1","6F":"1","35":"1","85":"1","5C":"1","8C":"1","6C":"1","67":"1"},"74":{"22":"1"},"67":{"83":"1","73":"1","82":"1","72":"1"},"94":{"66":"1","56":"1","47":"1"}},"W9":{"VX":{"C2":"1","F4":"1"},"FQ":{"94":"1","CJ":"1","48":"1","95":"1"},"4W":{"7H":"1"},"WX":{"37":"1"},"VW":{"PR":"1","WR":"1","MX":"1","QV":"1","QR":"1","PF":"1","QW":"1","CX":"1","PV":"1","PW":"1","QF":"1"},"RW":{"HW":"1"},"WW":{"MX":"1","QV":"1"}},"XV":{"XG":{"HH":"1","R5":"1","RH":"1","MJ":"1","XF":"1","W6":"1","QH":"1","P9":"1","HF":"1","M8":"1","H9":"1","P6":"1","MM":"1","RC":"1","R8":"1","X9":"1","PG":"1","HG":"1","JF":"1","PF":"1","V6":"1","G9":"1","GC":"1","RG":"1","GF":"1","Q9":"1","QF":"1","RF":"1","QG":"1","MG":"1","JM":"1","MF":"1","W8":"1","V5":"1","R7":"1","PH":"1","Q5":"1","VG":"1","Q7":"1","M9":"1","V7":"1","M6":"1","X7":"1","WC":"1","JH":"1","HC":"1","W7":"1","P7":"1","PC":"1","PJ":"1","GG":"1","VF":"1","H8":"1","X6":"1","X8":"1","QC":"1","J7":"1","R9":"1","W9":"1","Q8":"1","MC":"1","WF":"1","J8":"1","V8":"1","XC":"1","VC":"1","QJ":"1","W5":"1","MH":"1","Q6":"1","J9":"1","JJ":"1","P8":"1","JG":"1","R6":"1","V9":"1","M7":"1","JC":"1"}},"VG":{"2C":{"HW":"1","VX":"1","PX":"1","XV":"1","RV":"1","VV":"1","XX":"1","WV":"1","WX":"1","QV":"1","RX":"1","QW":"1","QX":"1","VW":"1","JW":"1","RW":"1","PW":"1","XW":"1","WW":"1","HX":"1","JX":"1"},"2G":{"76":"1","5M":"1","5J":"1"},"WJ":{"2Q":"1","2P":"1"},"2F":{"Q2":"1","P2":"1","Q3":"1","W2":"1","R3":"1","V3":"1","R2":"1","V2":"1"}},"PJ":{"C8":{"36":"1","45":"1","44":"1","26":"1","23":"1","25":"1","35":"1","22":"1","46":"1","34":"1","24":"1","33":"1"},"98":{"X6":"1","X2":"1","W3":"1","X3":"1","X4":"1","X5":"1"}},"XP":{"C9":{"M7":"1","H7":"1","FC":"1","H9":"1","H6":"1","GC":"1","M6":"1","HC":"1","G9":"1","J7":"1","J6":"1","F9":"1","H8":"1","C9":"1","F8":"1","G8":"1","J8":"1","FF":"1","CC":"1","G7":"1"}},"VX":{"P2":{"M4":"1","J3":"1","H3":"1","Q4":"1","P3":"1","J2":"1","Q3":"1","P4":"1","M2":"1","M3":"1","H2":"1","P2":"1"}},"RV":{"JG":{"CF":"1"},"8P":{"HV":"1"},"5G":{"X6":"1","X3":"1","X4":"1","W5":"1","W4":"1","W6":"1","X5":"1","V5":"1"},"6G":{"23":"1","25":"1","24":"1"}},"VV":{"8J":{"X9":"1","X8":"1","X7":"1"},"9M":{"26":"1","25":"1","24":"1"},"87":{"57":"1","36":"1","66":"1","37":"1","48":"1","46":"1","56":"1","55":"1","47":"1"},"3X":{"JF":"1","HF":"1","JG":"1","HG":"1","HH":"1","JH":"1","MG":"1"},"CC":{"RF":"1","XG":"1","RG":"1","RH":"1","WF":"1","VF":"1","VH":"1","QG":"1","XF":"1","WG":"1","VG":"1"},"9J":{"28":"1","36":"1","29":"1","37":"1","26":"1","38":"1","27":"1"},"8M":{"9J":"1","W6":"1","X4":"1","9M":"1","9H":"1","7M":"1","6G":"1","6H":"1","V5":"1","FM":"1","7J":"1","6J":"1","8J":"1","CM":"1","FJ":"1","8H":"1","X6":"1","8G":"1","7G":"1","9P":"1","CJ":"1","7H":"1","W4":"1","W5":"1","CP":"1","X5":"1","8M":"1","CH":"1"}},"RF":{"99":{"HM":"1","JM":"1","HH":"1","FJ":"1","HJ":"1","GJ":"1","MM":"1","JJ":"1","GH":"1","MJ":"1"},"86":{"M8":"1","23":"1","H3":"1","24":"1"},"5J":{"X9":"1"},"GJ":{"JQ":"1","QP":"1","MQ":"1","MP":"1","JP":"1","QQ":"1","PQ":"1","PP":"1"},"C6":{"J5":"1"},"76":{"X3":"1","FR":"1","X4":"1"},"85":{"6R":"1","9W":"1","5R":"1"},"6J":{"29":"1"}},"VQ":{"M2":{"WG":"1","RJ":"1","W3":"1","WH":"1","VJ":"1","VG":"1","VH":"1","RH":"1"},"98":{"39":"1"}},"RH":{"3V":{"7J":"1","66":"1"},"3R":{"RV":"1"}},"PW":{"W5":{"87":"1","86":"1"},"W7":{"Q2":"1","P2":"1","Q3":"1","P3":"1","M2":"1","M3":"1"},"W6":{"9H":"1","G9":"1","5R":"1","6V":"1","5V":"1","5W":"1","G8":"1"}},"QW":{"72":{"X2":"1"},"2G":{"X2":"1","W3":"1","W2":"1"},"4P":{"F8":"1","C5":"1","38":"1","92":"1","4F":"1","84":"1","74":"1","37":"1","86":"1","59":"1","93":"1","G3":"1","F7":"1","M5":"1","88":"1","F4":"1","95":"1","G9":"1","C7":"1","H8":"1","83":"1","3F":"1","47":"1","GJ":"1","3C":"1","78":"1","39":"1","48":"1","M7":"1","49":"1","CC":"1","HM":"1","29":"1","M8":"1","58":"1","F3":"1","P7":"1","76":"1","F9":"1","4G":"1","J7":"1","7C":"1","M6":"1","J5":"1","75":"1","66":"1","65":"1","H7":"1","5C":"1","67":"1","82":"1","HP":"1","2F":"1","H4":"1","J6":"1","5H":"1","P6":"1","G5":"1","9C":"1","68":"1","C6":"1","GP":"1","P8":"1","96":"1","98":"1","5F":"1","H9":"1","G4":"1","H5":"1","79":"1","56":"1","28":"1","C3":"1","94":"1","2H":"1","77":"1","87":"1","4H":"1","3H":"1","C4":"1","5G":"1","97":"1","6C":"1","73":"1","C9":"1","2G":"1","89":"1","C2":"1","4C":"1","85":"1","57":"1","G7":"1","3G":"1","F5":"1","C8":"1","99":"1","GM":"1","G8":"1","HJ":"1","69":"1","F6":"1","H6":"1","27":"1","J8":"1","FC":"1","8C":"1","G6":"1"},"MP":{"MM":"1","MJ":"1","PM":"1","MQ":"1","MP":"1","HM":"1","JP":"1","PJ":"1","HP":"1","JM":"1","PP":"1"},"82":{"97":"1","22":"1"},"3G":{"PR":"1","JQ":"1","MV":"1","QP":"1","MQ":"1","MR":"1","QR":"1","QQ":"1","JV":"1","JR":"1","RR":"1","PQ":"1","PV":"1"},"2F":{"WR":"1","WQ":"1","VR":"1","XV":"1","VV":"1","XX":"1","WV":"1","WX":"1","XR":"1","VW":"1","XW":"1","WW":"1","VQ":"1"}},"X8":{"H9":{"M4":"1","54":"1","HH":"1","HJ":"1","88":"1"},"J9":{"98":"1","8G":"1","86":"1","63":"1","QP":"1","PH":"1","WR":"1","RP":"1","MP":"1","VV":"1","3X":"1","MW":"1","35":"1","RQ":"1","QQ":"1","88":"1","XR":"1","87":"1","VW":"1","PQ":"1","WW":"1","QH":"1"},"PH":{"F2":"1"},"CW":{"FG":"1","RC":"1"},"JC":{"45":"1","54":"1","GG":"1","65":"1","55":"1","WV":"1","C9":"1","C8":"1","44":"1","53":"1","J5":"1"},"HC":{"J2":"1"},"MF":{"39":"1","23":"1","25":"1","J7":"1","RP":"1","RM":"1"},"H8":{"XW":"1","7Q":"1","VV":"1","XV":"1","VX":"1","JR":"1"},"G8":{"G6":"1","VC":"1","RF":"1","R9":"1","WF":"1","WC":"1","VF":"1","F8":"1","XF":"1","G8":"1","WG":"1","RC":"1","G7":"1","QC":"1","VG":"1","QF":"1","F7":"1"},"MC":{"H8":"1","H9":"1","GW":"1","CQ":"1","G9":"1","J8":"1","JC":"1","J9":"1","G8":"1"},"G7":{"6W":"1"},"PF":{"8X":"1"},"PJ":{"35":"1"},"M9":{"4X":"1"},"QF":{"QQ":"1","MH":"1","VM":"1"}},"RG":{"XG":{"QP":"1","WF":"1","XF":"1","XC":"1","RP":"1","WC":"1","RM":"1","QM":"1"}},"RP":{"9H":{"9J":"1"},"VQ":{"HF":"1","H9":"1","95":"1","C5":"1","F6":"1","G7":"1","PG":"1","JF":"1","86":"1","PF":"1","GC":"1","G9":"1","87":"1","RG":"1","GF":"1","QF":"1","84":"1","C6":"1","RF":"1","QG":"1","MF":"1","C7":"1","F9":"1","M9":"1","FC":"1","F8":"1","97":"1","HC":"1","66":"1","PC":"1","85":"1","F7":"1","H7":"1","77":"1","H8":"1","76":"1","67":"1","QC":"1","FF":"1","C8":"1","75":"1","96":"1","MC":"1","J8":"1","G8":"1","J9":"1","88":"1","98":"1","74":"1","JC":"1"},"HX":{"6J":"1"},"RP":{"HR":"1","GV":"1","MH":"1","GG":"1","HJ":"1","JH":"1","JJ":"1","GR":"1","MJ":"1","HV":"1"},"43":{"89":"1","79":"1"}},"QM":{"Q9":{"9M":"1","JW":"1","FX":"1","QX":"1"},"QC":{"F7":"1","J7":"1"},"WV":{"6P":"1"}},"VP":{"MW":{"MJ":"1","HF":"1","H9":"1","MM":"1","HG":"1","JF":"1","G9":"1","GC":"1","CF":"1","GF":"1","RQ":"1","FH":"1","FC":"1","FG":"1","HC":"1","PJ":"1","CC":"1","GG":"1","RP":"1","RM":"1","FF":"1","QP":"1","PP":"1","QQ":"1","QJ":"1","QM":"1","JG":"1","PM":"1","JC":"1"},"JX":{"XH":"1"},"MX":{"2F":"1","JF":"1","CF":"1","Q9":"1","6H":"1","P3":"1","MF":"1","PH":"1","7C":"1","QR":"1","M9":"1","H6":"1","J5":"1","QC":"1","M2":"1","J7":"1","J3":"1","93":"1","JJ":"1","JC":"1"},"PW":{"WP":"1","8X":"1","8W":"1"},"PX":{"4C":"1","28":"1","GJ":"1","9F":"1","CF":"1","CG":"1","9G":"1","2R":"1","37":"1"}},"47":{"3J":{"6P":"1"}},"XX":{"94":{"98":"1","G6":"1","H7":"1","G5":"1","99":"1","H6":"1","F5":"1","F9":"1","H8":"1","C9":"1","F8":"1","G8":"1","C6":"1","C8":"1","G7":"1","CC":"1","88":"1","9C":"1","97":"1","C7":"1","F6":"1","F7":"1"},"C4":{"HH":"1","FR":"1","HP":"1","GJ":"1","8R":"1","FH":"1","CQ":"1","9V":"1","FM":"1","GH":"1","HJ":"1","CM":"1","CV":"1","FJ":"1","FV":"1","9R":"1","CJ":"1","9Q":"1","GM":"1","FQ":"1","FP":"1","HM":"1","CP":"1","GP":"1","CH":"1","CR":"1"},"C2":{"98":"1","89":"1","99":"1","86":"1","57":"1","59":"1","77":"1","56":"1","66":"1","7C":"1","69":"1","68":"1","58":"1","C9":"1","C6":"1","C8":"1","96":"1","76":"1","79":"1","88":"1","87":"1","9C":"1","97":"1","78":"1","C7":"1","5C":"1","8C":"1","6C":"1","67":"1"}},"WG":{"M8":{"94":"1"},"C6":{"9R":"1"},"HG":{"37":"1"},"HH":{"34":"1","33":"1"}},"RW":{"M7":{"XH":"1"},"W8":{"X9":"1","X8":"1","W9":"1","X7":"1","XC":"1","W8":"1","V8":"1","W7":"1"},"89":{"22":"1","24":"1","42":"1","33":"1","32":"1","34":"1","23":"1"},"P9":{"4F":"1","8G":"1","5F":"1","7H":"1","8J":"1","7G":"1","6G":"1","6H":"1","7J":"1","9H":"1","7F":"1","6F":"1","8H":"1","9J":"1","5G":"1","4G":"1"},"P8":{"28":"1","3C":"1","29":"1","39":"1","2C":"1","3F":"1","27":"1","2F":"1"},"MF":{"V5":"1","M8":"1","V8":"1","J6":"1","P7":"1","Q5":"1","Q2":"1","M2":"1","R7":"1","V6":"1","R3":"1","M7":"1","J3":"1","Q6":"1","H3":"1","M3":"1","Q3":"1","R4":"1","J2":"1","P4":"1","P6":"1","P5":"1","R2":"1","J5":"1","P2":"1","R8":"1","H2":"1","P3":"1","W7":"1","M5":"1","R6":"1","J7":"1","Q7":"1","W6":"1","Q8":"1","M6":"1","V7":"1","P9":"1","M4":"1","R5":"1","P8":"1","Q4":"1","J4":"1"},"M8":{"X9":"1","X8":"1","W9":"1","WF":"1","XF":"1","X7":"1","XC":"1","W8":"1","WC":"1"},"MC":{"JM":"1","G8":"1","HG":"1","PM":"1","GH":"1","JJ":"1","G7":"1","CG":"1","PP":"1","QR":"1","7J":"1","C7":"1","PH":"1","FF":"1","F7":"1","88":"1","J9":"1","PQ":"1","7C":"1","CH":"1","F8":"1","CJ":"1","G6":"1","HP":"1","HH":"1","MG":"1","MH":"1","8H":"1","JP":"1","HQ":"1","9C":"1","C9":"1","7M":"1","HV":"1","PJ":"1","MJ":"1","G9":"1","9G":"1","FC":"1","8C":"1","H7":"1","8J":"1","8P":"1","FP":"1","7G":"1","HC":"1","8M":"1","JG":"1","CM":"1","CP":"1","7F":"1","MV":"1","F6":"1","6H":"1","CC":"1","9M":"1","89":"1","9F":"1","GP":"1","HF":"1","FG":"1","MX":"1","8G":"1","RV":"1","9P":"1","F9":"1","MR":"1","MF":"1","C6":"1","HX":"1","98":"1","7H":"1","PF":"1","HR":"1","PW":"1","QW":"1","9H":"1","HW":"1","HJ":"1","MW":"1","HM":"1","6M":"1","GJ":"1","MQ":"1","GG":"1","PR":"1","H8":"1","QM":"1","C8":"1","6P":"1","8F":"1","JQ":"1","PG":"1","RW":"1","GC":"1","97":"1","MC":"1","9J":"1","PX":"1","MP":"1","J8":"1","JR":"1","QP":"1","H6":"1","FH":"1","QQ":"1","99":"1","QV":"1","GF":"1","J7":"1","JF":"1","JC":"1","JH":"1","JV":"1","MM":"1","FM":"1","H9":"1","PV":"1","7P":"1","FJ":"1","JW":"1","GM":"1","CF":"1","RX":"1","QX":"1","JX":"1"},"WG":{"P7":"1"},"79":{"X2":"1","X3":"1"},"X8":{"28":"1","29":"1","39":"1","2C":"1","38":"1"},"88":{"2X":"1","3X":"1"},"QW":{"R5":"1","R6":"1","V7":"1","R7":"1","W7":"1","W6":"1","V6":"1"},"M9":{"C3":"1","RQ":"1","RR":"1","RV":"1"},"78":{"XX":"1"}},"RM":{"WH":{"64":"1","57":"1","76":"1","66":"1","75":"1","45":"1","65":"1","74":"1","85":"1","68":"1","87":"1","48":"1","46":"1","56":"1","67":"1","55":"1","47":"1","58":"1","86":"1","77":"1"},"VG":{"MR":"1"},"VH":{"W5":"1","V5":"1"}},"QP":{"V7":{"3X":"1"},"V8":{"89":"1"}},"RJ":{"QJ":{"2R":"1"},"HG":{"23":"1","22":"1"},"PJ":{"PW":"1"}},"QQ":{"8J":{"GM":"1"},"9X":{"4X":"1","RH":"1","MJ":"1","2Q":"1","WR":"1","QH":"1","8P":"1","MM":"1","4M":"1","5F":"1","PQ":"1","2R":"1","JM":"1","RJ":"1","PH":"1","QX":"1","PR":"1","JQ":"1","4V":"1","2J":"1","MR":"1","VR":"1","3H":"1","PJ":"1","RP":"1","RM":"1","WH":"1","VJ":"1","QP":"1","PP":"1","VH":"1","MP":"1","WJ":"1","QQ":"1","QJ":"1","JP":"1","JJ":"1","QM":"1","VM":"1","MQ":"1","PX":"1","PM":"1"},"8V":{"7P":"1","8P":"1","7M":"1","7H":"1","9P":"1","8J":"1","9M":"1","7J":"1","9H":"1","MX":"1","RX":"1","8H":"1","QX":"1","9J":"1","XW":"1","8M":"1"},"9W":{"57":"1","92":"1","MW":"1","4J":"1","95":"1","58":"1","2F":"1","42":"1"},"CX":{"98":"1","GP":"1","PH":"1","Q6":"1","7H":"1","GQ":"1","JP":"1","HQ":"1","HP":"1"},"9V":{"9W":"1","3X":"1"},"WQ":{"PG":"1"},"8X":{"CQ":"1","GF":"1","XQ":"1","XG":"1","HG":"1","CP":"1","GH":"1","9M":"1","VV":"1","CJ":"1","QV":"1","WG":"1","VW":"1","PV":"1","RW":"1","9J":"1","WW":"1"},"FX":{"J3":"1"},"CW":{"XR":"1"},"8W":{"JQ":"1","JJ":"1","WR":"1","WQ":"1","VR":"1","WJ":"1","F3":"1","MP":"1","XV":"1","XH":"1","WV":"1","F2":"1","G8":"1","C2":"1","C3":"1","R8":"1","RQ":"1","XR":"1","Q9":"1","CX":"1","VW":"1","C4":"1"},"8R":{"9R":"1","8V":"1","9V":"1","CR":"1","CW":"1","CV":"1"}},"QV":{"R5":{"JF":"1","HF":"1","JG":"1","HG":"1","JC":"1","HC":"1"},"7X":{"XW":"1","VX":"1","XX":"1","WX":"1","WW":"1","VW":"1","PX":"1"},"8X":{"2W":"1","2X":"1"}},"XW":{"35":{"XG":"1","WG":"1","WH":"1","XH":"1"}},"VJ":{"89":{"XC":"1","RF":"1","XG":"1","XJ":"1","WH":"1","WJ":"1","RG":"1","RH":"1","WC":"1","WF":"1","XH":"1","VF":"1","VH":"1","XF":"1","VJ":"1","WG":"1","VG":"1"},"99":{"2H":"1","3C":"1","2C":"1","3H":"1","3G":"1","2J":"1","2G":"1","3J":"1","3F":"1","2F":"1"},"9C":{"VV":"1","VR":"1","WR":"1","WX":"1","WV":"1"}},"WF":{"WG":{"XP":"1"},"JP":{"7Q":"1","6P":"1"},"JH":{"RQ":"1","VQ":"1"},"FH":{"MR":"1"},"GM":{"7C":"1","8C":"1"},"HV":{"V9":"1"}},"PV":{"WJ":{"XP":"1","WM":"1","XM":"1"}},"VH":{"MM":{"MM":"1"},"62":{"C3":"1","H8":"1","PF":"1","QC":"1","QG":"1","QF":"1","C2":"1"},"Q5":{"VM":"1"},"P5":{"M8":"1"},"83":{"Q2":"1","X2":"1"},"J6":{"W4":"1"},"HF":{"H9":"1","JF":"1","HF":"1","JC":"1","HC":"1"}},"XF":{"6F":{"83":"1"},"5W":{"VV":"1","VR":"1"}},"VC":{"X6":{"2X":"1"},"X7":{"J6":"1","M7":"1","23":"1","3H":"1","J7":"1","22":"1","M6":"1"},"VR":{"H8":"1","G9":"1","G8":"1"},"W7":{"X2":"1","W3":"1","X3":"1","W2":"1","VG":"1","V2":"1"},"W6":{"PP":"1"}},"VR":{"FQ":{"H2":"1"},"32":{"2R":"1"},"8Q":{"PR":"1"}},"W8":{"FQ":{"Q6":"1","J6":"1","P8":"1","M7":"1","26":"1","J7":"1","HG":"1","HH":"1","GG":"1","GJ":"1","HJ":"1","JH":"1","GH":"1","H7":"1"},"FR":{"G4":"1"},"9V":{"Q4":"1","Q3":"1","P4":"1","P3":"1"},"8X":{"PW":"1"},"CP":{"G8":"1"},"8W":{"48":"1"}},"RX":{"M7":{"76":"1","75":"1","85":"1","95":"1","96":"1","86":"1"},"4P":{"8G":"1","8F":"1","99":"1","9F":"1","7C":"1","CF":"1","C9":"1","7F":"1","CC":"1","9G":"1","9C":"1","8C":"1"},"7G":{"JQ":"1"},"3P":{"VV":"1","WV":"1"},"4X":{"8P":"1","7P":"1","7M":"1","8M":"1"},"5C":{"4P":"1","3Q":"1","4R":"1","4Q":"1","3R":"1","2Q":"1","3P":"1","2P":"1"},"4M":{"5X":"1","5W":"1"}},"QX":{"MM":{"XX":"1"},"89":{"X9":"1","H7":"1","XC":"1","H9":"1","RF":"1","J9":"1","P9":"1","PC":"1","WF":"1","J7":"1","VF":"1","H8":"1","QG":"1","RC":"1","J8":"1","PF":"1","Q9":"1","QC":"1","QF":"1"},"JQ":{"XV":"1","XW":"1","JW":"1","HX":"1","WX":"1","87":"1","MX":"1","VW":"1","WV":"1","55":"1","RW":"1","QX":"1","WW":"1","QR":"1","QV":"1","27":"1","PW":"1","VX":"1","67":"1","RV":"1","57":"1","JX":"1","QW":"1","68":"1","RX":"1","XX":"1","MW":"1","PX":"1","PV":"1"},"99":{"C5":"1","HG":"1","F4":"1","C7":"1","FF":"1","F7":"1","88":"1","7C":"1","F8":"1","HH":"1","9C":"1","C9":"1","57":"1","FC":"1","8C":"1","77":"1","JG":"1","7F":"1","67":"1","6F":"1","CC":"1","87":"1","89":"1","86":"1","FG":"1","HF":"1","F9":"1","98":"1","29":"1","HJ":"1","GG":"1","56":"1","J5":"1","C8":"1","8F":"1","66":"1","GC":"1","97":"1","99":"1","C4":"1","GF":"1","6C":"1","79":"1","F5":"1","JF":"1","JH":"1","78":"1","69":"1","CF":"1","68":"1"},"MV":{"4J":"1","67":"1","79":"1"},"PM":{"2X":"1"},"VR":{"2G":"1","2F":"1"},"GH":{"MX":"1"},"MQ":{"78":"1","4X":"1","2V":"1","79":"1","3X":"1","5V":"1","9C":"1","3W":"1","6X":"1","7C":"1","5W":"1","4V":"1","7X":"1","2W":"1","5X":"1","3V":"1","99":"1","4W":"1","89":"1","69":"1","6W":"1","8C":"1","68":"1","2X":"1","88":"1"},"GM":{"PF":"1"},"MP":{"X2":"1"},"HR":{"MP":"1","JM":"1","49":"1","55":"1","QF":"1","MM":"1","63":"1"},"GJ":{"M2":"1"},"MR":{"46":"1","4H":"1","48":"1","44":"1","2G":"1","3G":"1","7J":"1","3J":"1","88":"1","35":"1","3R":"1","3H":"1","7C":"1","38":"1","34":"1","37":"1","24":"1","42":"1","4Q":"1","59":"1","5H":"1","9C":"1","7M":"1","54":"1","57":"1","4C":"1","8C":"1","96":"1","95":"1","26":"1","77":"1","32":"1","25":"1","36":"1","76":"1","5M":"1","75":"1","5R":"1","67":"1","87":"1","89":"1","86":"1","27":"1","49":"1","2C":"1","2F":"1","33":"1","C6":"1","73":"1","29":"1","5C":"1","55":"1","4R":"1","65":"1","84":"1","43":"1","6M":"1","2H":"1","64":"1","72":"1","3Q":"1","56":"1","47":"1","63":"1","3C":"1","66":"1","74":"1","39":"1","4P":"1","5P":"1","45":"1","5G":"1","53":"1","4G":"1","3F":"1","6C":"1","79":"1","22":"1","4J":"1","5F":"1","78":"1","58":"1","5J":"1","62":"1","5Q":"1","23":"1","4F":"1","28":"1","6J":"1","83":"1","69":"1","52":"1","J4":"1","85":"1","68":"1","2J":"1"},"GQ":{"Q9":"1","R9":"1","QC":"1"},"HM":{"5W":"1"},"QV":{"H5":"1","G7":"1","H6":"1","G6":"1","F6":"1","G5":"1","F5":"1","H7":"1"},"JP":{"FC":"1","HF":"1","FG":"1","GC":"1","FF":"1","GG":"1","GF":"1"},"88":{"97":"1"},"QQ":{"6H":"1","6J":"1","5H":"1","4J":"1","4M":"1","5M":"1","5J":"1","4H":"1"},"HQ":{"PR":"1","X7":"1","4R":"1","WH":"1","CR":"1","WG":"1","5V":"1","JR":"1","4X":"1","VG":"1","85":"1","PV":"1","4V":"1","RW":"1","5R":"1"},"JR":{"V5":"1","38":"1","VC":"1","37":"1","M3":"1","J2":"1","V9":"1","V7":"1","M9":"1","W6":"1","M5":"1","X5":"1","WH":"1","XC":"1","H8":"1","RC":"1","X8":"1","M7":"1","VH":"1","PC":"1","Q9":"1","WJ":"1","VF":"1","R3":"1","R4":"1","WC":"1","M4":"1","M8":"1","XG":"1","P7":"1","P2":"1","W9":"1","X4":"1","R6":"1","J7":"1","JC":"1","MC":"1","X9":"1","M6":"1","Q3":"1","J3":"1","J5":"1","X3":"1","X2":"1","H7":"1","Q2":"1","82":"1","XH":"1","R8":"1","QC":"1","R2":"1","X7":"1","P3":"1","P4":"1","Q4":"1","H4":"1","J6":"1","P6":"1","G5":"1","X6":"1","V4":"1","VG":"1","J9":"1","W5":"1","Q6":"1","P9":"1","Q8":"1","P8":"1","H9":"1","G4":"1","H5":"1","W7":"1","WF":"1","XJ":"1","W8":"1","PF":"1","WG":"1","R9":"1","Q5":"1","W2":"1","R7":"1","Q7":"1","R5":"1","M2":"1","V6":"1","W4":"1","RX":"1","V3":"1","P5":"1","XF":"1","G7":"1","J4":"1","RH":"1","W3":"1","G8":"1","MF":"1","QH":"1","H6":"1","J8":"1","V2":"1","V8":"1","G6":"1"},"HP":{"62":"1","53":"1","8Q":"1","3G":"1","63":"1","HV":"1"},"RR":{"XG":"1","XF":"1"},"JW":{"4P":"1","57":"1","5Q":"1","4R":"1","5R":"1","4Q":"1"},"HV":{"FP":"1"},"PP":{"22":"1"},"XW":{"J6":"1","H5":"1","X7":"1","F7":"1","V8":"1","J5":"1"}}}}