{"index":{"university,1|retail,2|tourism,3|wreck,4|historical,5|artsCulture,6|namedBuilding,7|water,8|wetland,9|park,10|beach,11|natureReserve,12|cemetery,13|trail,14":{}},"6F":{"G8":{"8P":{"GJ":"1","GH":"1"}},"RQ":{"XJ":{"MM":"1"}},"HG":{"JV":{"43":"1","45":"1","22":"1","63":"1","54":"1","24":"1","62":"1","26":"1","25":"1","47":"1","42":"1","55":"1","46":"1","33":"1","44":"1","35":"1","53":"1","32":"1","34":"1","23":"1","52":"1","37":"1","36":"1"}},"PM":{"HM":{"JP":"1","HP":"1"},"W7":{"GW":"1","GV":"1","FW":"1","FR":"1","FV":"1"}},"VM":{"9H":{"4M":"1"},"7H":{"XP":"1","VR":"1","PF":"1"},"CH":{"C3":"1","92":"1","F2":"1","82":"1","C2":"1","F3":"1"},"CG":{"CQ":"1","7R":"1","9V":"1","7X":"1","8X":"1","CW":"1","9W":"1","7P":"1","8P":"1","9P":"1","CP":"1","FQ":"1","6Q":"1","9Q":"1","8Q":"1","7W":"1","9X":"1","CR":"1","FR":"1","7Q":"1","GQ":"1","8R":"1","7V":"1","CV":"1","6P":"1","8V":"1","CX":"1","GR":"1","8W":"1","9R":"1","6R":"1","8M":"1","6V":"1","6X":"1"},"8H":{"9H":"1","8F":"1","HR":"1","HF":"1","MH":"1","9P":"1","HG":"1","JM":"1","FJ":"1","CJ":"1","5X":"1","CG":"1","MG":"1","8W":"1","M3":"1","9J":"1"},"8G":{"5X":"1"}},"XJ":{"5F":{"RX":"1","RW":"1","MX":"1","VX":"1","QX":"1","XX":"1","WX":"1","VW":"1","WW":"1","PX":"1"},"8F":{"WP":"1","XQ":"1","WR":"1","WQ":"1","VR":"1","VX":"1","XP":"1","PX":"1","XV":"1","VV":"1","XM":"1","XX":"1","WV":"1","WX":"1","XR":"1","RX":"1","QW":"1","QX":"1","VW":"1","RW":"1","XW":"1","WW":"1"},"9G":{"22":"1","24":"1","42":"1","33":"1","32":"1","34":"1","23":"1","52":"1"},"5G":{"M4":"1","W2":"1","R2":"1","Q2":"1","W3":"1","P3":"1","V3":"1","R3":"1","Q3":"1","X2":"1","P4":"1","M2":"1","M3":"1","V2":"1","P2":"1"},"8G":{"X5":"1","W2":"1","R2":"1","W4":"1","X4":"1","Q2":"1","W3":"1","V3":"1","R4":"1","R3":"1","Q3":"1","V5":"1","V4":"1","X2":"1","W5":"1","R5":"1","X3":"1","V2":"1"},"9F":{"3Q":"1","3V":"1","3W":"1","2V":"1","4W":"1","3P":"1","2P":"1","2Q":"1","2X":"1","3X":"1","2M":"1","3R":"1","2W":"1","2R":"1","4X":"1","4V":"1"}},"V5":{"9V":{"X8":"1"},"FV":{"4P":"1","8R":"1","6M":"1","6R":"1","7V":"1","7M":"1","8V":"1","5V":"1","6P":"1","4Q":"1","4R":"1","8Q":"1","9V":"1","5W":"1","7W":"1","6Q":"1","7P":"1","5P":"1","5Q":"1","6V":"1","7Q":"1","6W":"1","7R":"1","5R":"1","8W":"1"},"9W":{"VR":"1"},"VX":{"22":"1"},"CR":{"4X":"1"},"6F":{"Q2":"1","P2":"1","J2":"1","H2":"1","G2":"1","M2":"1","J3":"1"},"CV":{"HH":"1","6C":"1","MJ":"1","XV":"1","JV":"1","MM":"1","XW":"1","HV":"1","HP":"1","JW":"1","WX":"1","PQ":"1","28":"1","HR":"1","JM":"1","RJ":"1","WW":"1","GV":"1","JQ":"1","JR":"1","WM":"1","HJ":"1","GW":"1","MR":"1","JH":"1","WP":"1","PJ":"1","VX":"1","HQ":"1","RP":"1","RM":"1","HW":"1","VJ":"1","QP":"1","PP":"1","MP":"1","WJ":"1","QJ":"1","MH":"1","HM":"1","68":"1","JP":"1","JJ":"1","QM":"1","VP":"1","VM":"1","MQ":"1","XX":"1","PM":"1"},"RX":{"X2":"1","W2":"1"},"VW":{"2W":"1","2V":"1","2X":"1"},"RW":{"XW":"1","XX":"1","WX":"1","WW":"1"},"6C":{"MW":"1","GX":"1","FP":"1","PX":"1","CG":"1","HG":"1","CR":"1","5P":"1","HX":"1","MQ":"1","6R":"1","GV":"1","CV":"1","FG":"1","8M":"1","FX":"1","5M":"1","FH":"1","GJ":"1","MP":"1","PM":"1","CQ":"1","GR":"1","9J":"1","9W":"1","9P":"1","FV":"1","PP":"1","HM":"1","PQ":"1","6J":"1","5J":"1","GQ":"1","5R":"1","FM":"1","8Q":"1","7R":"1","CJ":"1","QR":"1","QQ":"1","7Q":"1","GC":"1","JJ":"1","PJ":"1","JM":"1","FJ":"1","6Q":"1","GW":"1","HR":"1","FF":"1","JQ":"1","4R":"1","9Q":"1","8P":"1","8R":"1","CH":"1","HP":"1","PR":"1","GG":"1","9V":"1","JR":"1","HQ":"1","JX":"1","CX":"1","HF":"1","QX":"1","GP":"1","PW":"1","5Q":"1","MM":"1","QV":"1","HH":"1","FW":"1","CW":"1","HW":"1","6M":"1","9R":"1","FQ":"1","JP":"1","7P":"1","MX":"1","HV":"1","MJ":"1","PV":"1","MR":"1","9M":"1","FR":"1","CP":"1","4Q":"1","7M":"1","GM":"1","CM":"1","6P":"1","HJ":"1","JW":"1","JV":"1","MV":"1","GF":"1","QW":"1","GH":"1","FC":"1","8V":"1"}},"7Q":{"M7":{"8X":"1","JV":"1","FR":"1","HV":"1","92":"1","PQ":"1","MX":"1","HR":"1","6X":"1","PR":"1","GV":"1","FW":"1","7W":"1","JR":"1","MR":"1","FV":"1","7X":"1","C2":"1","5X":"1","GR":"1","GQ":"1","9W":"1","GM":"1","FQ":"1","8W":"1","HM":"1","9X":"1","RX":"1","93":"1","MQ":"1"},"H7":{"GP":"1","X5":"1","57":"1","W6":"1","V6":"1","65":"1","64":"1","56":"1","47":"1","W4":"1","X4":"1","GM":"1","75":"1","66":"1","55":"1","V5":"1","V4":"1","W5":"1"},"H9":{"Q5":"1","XF":"1","PH":"1","V9":"1"},"J9":{"9H":"1","5F":"1","4G":"1","FC":"1","6J":"1","4F":"1","5G":"1"},"J7":{"X8":"1","X7":"1","XV":"1"},"R7":{"VC":"1","VF":"1"},"V9":{"43":"1","95":"1","73":"1","C5":"1","F6":"1","53":"1","65":"1","86":"1","87":"1","84":"1","C6":"1","52":"1","55":"1","C7":"1","63":"1","64":"1","97":"1","66":"1","54":"1","85":"1","42":"1","77":"1","76":"1","45":"1","44":"1","F5":"1","75":"1","96":"1","83":"1","72":"1","94":"1","98":"1","88":"1","74":"1","62":"1"},"H8":{"C5":"1","G7":"1","H5":"1","F7":"1","J6":"1","G5":"1","G6":"1","G9":"1","H7":"1","7F":"1","75":"1","F6":"1","M7":"1","XC":"1","C6":"1","V2":"1","Q3":"1","R4":"1","P4":"1","RP":"1","J5":"1","8F":"1","P3":"1","JR":"1","H6":"1","H4":"1","M5":"1","WR":"1","Q9":"1","J7":"1","F5":"1","M6":"1","JV":"1","M4":"1","Q4":"1","J4":"1"},"M8":{"HJ":"1","VC":"1","72":"1","62":"1","93":"1","GM":"1","WC":"1","J7":"1","GJ":"1","F2":"1","3X":"1","HM":"1","R8":"1","5H":"1","5C":"1","5G":"1"},"V7":{"4Q":"1"},"J8":{"XQ":"1","QP":"1","57":"1","WR":"1","2V":"1","XP":"1","47":"1","RP":"1","G9":"1","MX":"1","2X":"1","MW":"1","JX":"1"},"Q7":{"V7":"1","R7":"1","Q8":"1","PV":"1","R8":"1","Q7":"1"},"P7":{"73":"1","FM":"1","GG":"1","M6":"1","WF":"1","J7":"1","J6":"1","MF":"1","82":"1","F2":"1","C2":"1","74":"1"},"M9":{"32":"1"},"V8":{"6X":"1","5X":"1"},"P6":{"FW":"1","FV":"1","FX":"1","8X":"1","CW":"1","CV":"1","CX":"1","GX":"1"}},"V8":{"QP":{"RJ":"1"},"37":{"89":"1","7F":"1","6H":"1","8F":"1","7H":"1","6F":"1","7C":"1","7G":"1","8G":"1","6G":"1","79":"1","8C":"1"},"MC":{"JC":"1"},"J7":{"67":"1"},"48":{"M4":"1","J3":"1","R2":"1","H3":"1","J4":"1","Q2":"1","P5":"1","Q4":"1","P3":"1","V3":"1","M5":"1","J2":"1","R4":"1","R3":"1","G2":"1","Q3":"1","P4":"1","M2":"1","M3":"1","J5":"1","H2":"1","P2":"1"},"47":{"GW":"1","HW":"1","PX":"1","MX":"1","MW":"1","QX":"1","JW":"1","PW":"1","GX":"1","HX":"1","JX":"1"},"M9":{"46":"1"}},"PH":{"Q6":{"3H":"1","9P":"1","4H":"1","3P":"1","2P":"1"},"3C":{"7J":"1"},"29":{"M9":"1"},"38":{"7F":"1"},"J7":{"Q6":"1","P6":"1","P7":"1","Q7":"1"},"P6":{"XV":"1"},"9C":{"9R":"1","CR":"1","CV":"1"},"5G":{"7P":"1"}},"W9":{"HP":{"8G":"1"},"XC":{"XG":"1","WG":"1","XF":"1"}},"8V":{"MC":{"H4":"1"},"P9":{"5H":"1","5J":"1"},"M9":{"56":"1"},"J9":{"XM":"1"}},"XQ":{"6R":{"W3":"1","X3":"1","X4":"1","W4":"1"},"7R":{"23":"1","24":"1"}},"2M":{"WH":{"FG":"1","FF":"1","GG":"1","GF":"1","FH":"1","GH":"1"},"XC":{"73":"1","G4":"1","63":"1","F4":"1"}},"2R":{"C8":{"XW":"1","XX":"1"},"F8":{"G2":"1"}},"PQ":{"7Q":{"4R":"1","4Q":"1"}},"HH":{"JH":{"8V":"1","9W":"1","9V":"1","8W":"1"}},"MG":{"MF":{"J2":"1"}},"MH":{"VC":{"FQ":"1","GQ":"1","9X":"1","9W":"1","CX":"1","CW":"1"},"RF":{"XW":"1","RJ":"1","QJ":"1","PH":"1","XX":"1","PV":"1","WW":"1","WV":"1"},"XG":{"25":"1","35":"1"},"WH":{"26":"1","48":"1","58":"1"},"RG":{"VC":"1","W9":"1","WC":"1","7C":"1","V9":"1","7F":"1","6F":"1","6C":"1"},"RH":{"X8":"1","75":"1","74":"1","85":"1","X7":"1","23":"1","W7":"1","24":"1","R2":"1","V2":"1","33":"1"},"XH":{"7R":"1","7P":"1","8P":"1","7M":"1","8Q":"1","7Q":"1","8R":"1","7V":"1","8V":"1","6M":"1","9R":"1"},"VF":{"5W":"1","86":"1","7X":"1","JJ":"1","77":"1","5X":"1","3W":"1","R9":"1","W4":"1","GM":"1","F9":"1","7W":"1","4W":"1","2X":"1","F2":"1","3X":"1","76":"1","CC":"1","6W":"1","5Q":"1","4X":"1","F6":"1","6V":"1","6X":"1"},"V9":{"MR":"1","PQ":"1","MQ":"1","MV":"1"},"VH":{"X9":"1","W2":"1","R2":"1","R9":"1","33":"1","R8":"1","X2":"1","M2":"1","23":"1","H2":"1"},"QG":{"G7":"1","G8":"1"},"WG":{"5W":"1","3W":"1","R9":"1","GC":"1","7W":"1","2X":"1","JV":"1","2W":"1","4V":"1"},"FF":{"9M":"1","8P":"1","8M":"1"},"X8":{"C9":"1"},"Q9":{"QX":"1"},"QC":{"QJ":"1","85":"1","QM":"1","86":"1"},"VG":{"J6":"1","XV":"1","9J":"1","43":"1","P6":"1","53":"1","FR":"1","JW":"1","HX":"1","9H":"1","65":"1","92":"1","V6":"1","GC":"1","5C":"1","6G":"1","CF":"1","P3":"1","HR":"1","52":"1","55":"1","6F":"1","V5":"1","RW":"1","R7":"1","FM":"1","QR":"1","GV":"1","QV":"1","7J":"1","JQ":"1","64":"1","GX":"1","FW":"1","8J":"1","M9":"1","H6":"1","GW":"1","MR":"1","HC":"1","66":"1","54":"1","RR":"1","VX":"1","GR":"1","8H":"1","42":"1","7G":"1","CJ":"1","MV":"1","J5":"1","J7":"1","44":"1","QP":"1","PP":"1","56":"1","MP":"1","H5":"1","JX":"1","72":"1","QQ":"1","22":"1","CP":"1","JP":"1","93":"1","X5":"1","32":"1","74":"1","PX":"1","62":"1","PM":"1"}},"CW":{"GW":{"3H":"1"}},"Q2":{"Q3":{"CQ":"1","FM":"1","8P":"1","CM":"1","7M":"1","9P":"1","8J":"1","CP":"1","FP":"1","GM":"1","9M":"1","GJ":"1","9Q":"1","8Q":"1","CJ":"1","7J":"1","FJ":"1","9H":"1","8R":"1","FH":"1","8H":"1","9J":"1","9R":"1","8M":"1","CH":"1"},"QJ":{"H9":"1","JC":"1","HC":"1","J9":"1"}},"GW":{"37":{"36":"1","35":"1"},"26":{"PX":"1"},"27":{"P2":"1","W3":"1","W2":"1","M2":"1","R3":"1","V3":"1","V2":"1"}},"PJ":{"M9":{"H5":"1","H6":"1","G6":"1","F6":"1","G5":"1","F5":"1"}},"R7":{"7J":{"W2":"1"},"8J":{"4F":"1","89":"1","W9":"1","X6":"1","R9":"1","GC":"1","WC":"1","M5":"1","V9":"1","J2":"1","MW":"1","M2":"1","JG":"1","M3":"1","QF":"1","P2":"1","CH":"1"},"8H":{"FQ":"1","JX":"1","MX":"1","PW":"1","PX":"1"},"9J":{"MH":"1","PH":"1","JH":"1","PJ":"1","MJ":"1"}},"V6":{"PG":{"VX":"1","RV":"1","VV":"1","WV":"1","VW":"1","RW":"1","WW":"1"},"MF":{"H6":"1"},"GG":{"8J":"1","9F":"1","CF":"1","CC":"1","CG":"1","9C":"1","8H":"1"},"QH":{"28":"1","29":"1"},"GF":{"RC":"1"}},"V4":{"8J":{"W8":"1"},"32":{"83":"1","73":"1","74":"1","84":"1"},"66":{"F4":"1"},"45":{"22":"1"},"Q5":{"MM":"1"},"H5":{"XG":"1","XF":"1"},"74":{"VH":"1","RH":"1"},"X7":{"QQ":"1","PQ":"1"},"44":{"4P":"1","4M":"1","3P":"1"},"52":{"HR":"1"},"38":{"FJ":"1"},"54":{"VM":"1"},"GP":{"J3":"1"},"43":{"QM":"1"},"35":{"X2":"1","X3":"1"},"FP":{"J7":"1"},"CJ":{"2H":"1"},"34":{"PG":"1"},"24":{"J3":"1"},"J5":{"2F":"1"},"F3":{"VC":"1","RC":"1","R9":"1","V9":"1"}},"R3":{"FR":{"22":"1"},"XR":{"JQ":"1"},"8R":{"XP":"1","FM":"1","FJ":"1"},"65":{"9V":"1","FV":"1","4P":"1","FQ":"1","GV":"1","9X":"1","CV":"1","5Q":"1","6X":"1"},"7M":{"3Q":"1","2Q":"1","3P":"1","2P":"1"},"84":{"M2":"1"},"C6":{"96":"1"},"55":{"JF":"1","CQ":"1","R9":"1","P6":"1","CV":"1","R8":"1"},"CQ":{"XX":"1"},"58":{"CW":"1"},"63":{"RR":"1"},"6J":{"M4":"1"},"64":{"J2":"1","J3":"1","QH":"1"},"FW":{"9C":"1"},"7P":{"Q7":"1"},"9R":{"X7":"1","2P":"1"},"66":{"P2":"1","G6":"1","98":"1","6P":"1"},"54":{"HM":"1","J4":"1","HV":"1"},"8G":{"VC":"1"},"J5":{"QG":"1"},"9W":{"PQ":"1"},"46":{"M8":"1","PW":"1","G6":"1","X4":"1","MR":"1","QH":"1","F5":"1"},"82":{"MF":"1","FV":"1"},"9F":{"P3":"1"},"56":{"FV":"1","G8":"1","C5":"1","82":"1","G7":"1","H5":"1","C7":"1","F7":"1","3J":"1","J6":"1","88":"1","G5":"1","7C":"1","F8":"1","G6":"1","P7":"1","Q5":"1","4Q":"1","59":"1","9C":"1","C9":"1","VG":"1","G9":"1","8C":"1","96":"1","H7":"1","77":"1","FR":"1","F6":"1","M7":"1","CC":"1","87":"1","89":"1","9F":"1","86":"1","3M":"1","Q6":"1","F9":"1","C6":"1","98":"1","RH":"1","5C":"1","RG":"1","P4":"1","P6":"1","P5":"1","H8":"1","J5":"1","C8":"1","CV":"1","8F":"1","97":"1","J8":"1","H6":"1","M5":"1","99":"1","J7":"1","F5":"1","M6":"1","VH":"1","M4":"1","4F":"1","R5":"1"},"MP":{"HQ":"1","6G":"1"},"FQ":{"2X":"1"},"57":{"54":"1","FF":"1","GF":"1","R2":"1"},"QQ":{"MG":"1"},"9X":{"M4":"1","M5":"1","J5":"1"},"JP":{"Q7":"1"},"47":{"X9":"1","X8":"1","W9":"1","W2":"1","W8":"1"},"CR":{"X2":"1","27":"1"}},"CM":{"9H":{"MM":"1","MJ":"1","PH":"1","JJ":"1","PM":"1","F3":"1","93":"1","MP":"1","QJ":"1","92":"1","F2":"1","C2":"1","C3":"1","QM":"1","PJ":"1","JM":"1","MH":"1"},"9G":{"9X":"1","CX":"1","FX":"1"},"96":{"QR":"1","RR":"1","RX":"1","RW":"1","VV":"1","QW":"1","VX":"1","RV":"1","QV":"1","QX":"1","VW":"1"},"9J":{"Q6":"1","P6":"1","P7":"1","Q7":"1"}},"X2":{"MJ":{"P9":"1"}},"CR":{"4H":{"55":"1"}},"XC":{"XV":{"9V":"1","HG":"1","GH":"1","CG":"1","7Q":"1","CQ":"1","7J":"1","FF":"1","8V":"1","3R":"1","2R":"1","7C":"1","CH":"1","CJ":"1","8H":"1","5H":"1","7M":"1","9G":"1","8C":"1","8J":"1","8P":"1","FP":"1","7G":"1","8M":"1","CM":"1","CP":"1","7F":"1","5M":"1","FR":"1","CR":"1","6H":"1","6F":"1","9M":"1","9F":"1","GP":"1","FG":"1","8G":"1","9P":"1","7H":"1","9H":"1","HJ":"1","HM":"1","6M":"1","GJ":"1","GG":"1","9R":"1","9Q":"1","CV":"1","6P":"1","8F":"1","GQ":"1","8Q":"1","FQ":"1","9J":"1","5G":"1","FH":"1","GF":"1","6C":"1","79":"1","6G":"1","8R":"1","2Q":"1","5F":"1","2P":"1","FM":"1","5J":"1","7P":"1","6J":"1","FJ":"1","69":"1","GM":"1","CF":"1","7R":"1"},"WV":{"XP":"1","XQ":"1","XR":"1","WQ":"1","WR":"1"}},"FG":{"86":{"FG":"1","FJ":"1","GG":"1","FH":"1","GH":"1"}},"3M":{"36":{"RM":"1","VC":"1","PH":"1","XG":"1","H3":"1","X7":"1","RP":"1","QM":"1","R8":"1","RR":"1","H4":"1","Q8":"1","94":"1"},"6C":{"F2":"1"},"49":{"2W":"1","2X":"1"},"3C":{"Q2":"1","Q3":"1","R3":"1","V3":"1","R4":"1","V4":"1","R2":"1","V2":"1"},"39":{"84":"1","RX":"1","RC":"1","QC":"1","RF":"1"},"35":{"XV":"1","HV":"1","GJ":"1","4H":"1","R7":"1","FM":"1","Q7":"1","GV":"1","HJ":"1","3G":"1","3H":"1","4G":"1","MV":"1","GM":"1","HM":"1","MW":"1","R6":"1","PV":"1"},"28":{"99":"1"},"6F":{"76":"1","87":"1","88":"1","67":"1","78":"1","77":"1"},"58":{"75":"1"},"24":{"HP":"1","RX":"1","9J":"1"},"48":{"J6":"1","H9":"1","M6":"1"},"CM":{"QR":"1","RR":"1","QV":"1"},"27":{"XP":"1","WP":"1","VP":"1","WM":"1","XQ":"1","XJ":"1","WJ":"1","XH":"1","XM":"1","VM":"1"},"25":{"GF":"1","M4":"1","FC":"1","FW":"1","CW":"1","GC":"1","P5":"1","FF":"1","P4":"1","9G":"1"},"CJ":{"44":"1","52":"1","43":"1","42":"1","33":"1"},"45":{"9W":"1","9M":"1","5V":"1","6M":"1","5R":"1","6R":"1","8M":"1","6V":"1"},"37":{"4V":"1","4H":"1","G7":"1","2G":"1","3G":"1","7J":"1","F7":"1","3J":"1","3R":"1","3H":"1","2M":"1","2R":"1","G6":"1","4Q":"1","5H":"1","7G":"1","7F":"1","5M":"1","5R":"1","F6":"1","6H":"1","M7":"1","6F":"1","3M":"1","7H":"1","5C":"1","4R":"1","3P":"1","6M":"1","2H":"1","P6":"1","3Q":"1","5V":"1","6P":"1","4P":"1","5P":"1","5G":"1","4G":"1","3F":"1","6C":"1","6G":"1","4J":"1","2Q":"1","JC":"1","5F":"1","M6":"1","2P":"1","5J":"1","5Q":"1","4F":"1","6J":"1","4M":"1","2J":"1"},"46":{"32":"1","2G":"1","82":"1","22":"1","27":"1","42":"1"},"69":{"FX":"1"},"56":{"GP":"1","9V":"1","MV":"1","8X":"1","CW":"1","9W":"1","7P":"1","7M":"1","GH":"1","GM":"1","69":"1","9X":"1","MW":"1","8R":"1","HM":"1","RQ":"1","5H":"1","CV":"1","6P":"1","8V":"1","6M":"1","HP":"1","PQ":"1","3J":"1","3G":"1","PP":"1","8W":"1","MH":"1","9R":"1","6C":"1","6J":"1","5G":"1","4G":"1"},"57":{"98":"1","H7":"1","G5":"1","H9":"1","J9":"1","7X":"1","8X":"1","JC":"1","F5":"1","J7":"1","H8":"1","7W":"1","G2":"1","C6":"1","J8":"1","4J":"1","8W":"1","4M":"1","3M":"1"},"68":{"FJ":"1"},"47":{"GQ":"1","HQ":"1","RJ":"1","X8":"1","HM":"1","VJ":"1","W8":"1","GP":"1","FP":"1","F8":"1","VM":"1","RM":"1","GM":"1"},"4C":{"38":"1","48":"1"}},"HF":{"VQ":{"8F":"1"},"RR":{"H7":"1"}},"W3":{"XP":{"57":"1","HM":"1","HP":"1","68":"1","GP":"1","67":"1","GM":"1","58":"1"},"X4":{"GQ":"1","MW":"1","JX":"1","RP":"1","CJ":"1","MQ":"1","CV":"1","JQ":"1"},"XX":{"VC":"1","WC":"1"},"X5":{"82":"1","H3":"1","M3":"1"}},"VV":{"V4":{"56":"1"}},"6W":{"XR":{"C9":"1","89":"1","7F":"1","6F":"1","M2":"1","7C":"1","6C":"1","99":"1","9C":"1","CC":"1","M3":"1","79":"1"}},"RF":{"M5":{"GF":"1","H9":"1","J9":"1","HG":"1","JC":"1","GG":"1","GC":"1","HC":"1","JF":"1","JG":"1","HF":"1"}},"MF":{"XR":{"R3":"1","72":"1"}},"7H":{"6V":{"23":"1","35":"1"},"5V":{"X3":"1","X4":"1"}},"PF":{"36":{"6R":"1","5R":"1","6V":"1","5V":"1"},"2M":{"RR":"1"},"2P":{"WP":"1","WM":"1"},"2Q":{"R3":"1"},"38":{"RJ":"1","QJ":"1","VJ":"1","QH":"1","VM":"1","RM":"1","RH":"1","QM":"1"},"3M":{"FG":"1"},"FX":{"7G":"1"},"WV":{"GV":"1","FR":"1","GR":"1","FV":"1"},"4H":{"QW":"1"},"26":{"G6":"1","F6":"1","69":"1","G5":"1","F5":"1"},"58":{"C4":"1","93":"1"},"24":{"89":"1","9M":"1","9P":"1","8M":"1","8C":"1"},"48":{"Q4":"1"},"3H":{"WG":"1","WH":"1"},"25":{"89":"1","9W":"1","87":"1","88":"1","CW":"1","HV":"1","9F":"1","78":"1","77":"1"},"46":{"VP":"1","XV":"1","XR":"1"},"56":{"2W":"1","2R":"1","2V":"1","6M":"1"},"3Q":{"JH":"1"},"23":{"MV":"1"},"3P":{"5W":"1","3V":"1","4R":"1","4P":"1","3W":"1","4W":"1","3P":"1","4J":"1","5M":"1","53":"1","3R":"1","5V":"1","4V":"1","5R":"1","4M":"1","3M":"1"},"57":{"34":"1","2M":"1","2P":"1","2Q":"1","4P":"1","5J":"1","5F":"1","6R":"1","3M":"1","4Q":"1","2R":"1","4R":"1","3W":"1","5G":"1","26":"1","4V":"1","2J":"1","59":"1","3V":"1","4F":"1","5H":"1","4W":"1","46":"1","3Q":"1","3P":"1","5R":"1","3R":"1","2X":"1","4C":"1"},"3R":{"Q2":"1","Q3":"1","R3":"1","V3":"1","R4":"1","V4":"1","R2":"1","V2":"1"},"47":{"WP":"1","XQ":"1","WR":"1","WQ":"1","XJ":"1","VR":"1","WM":"1","XP":"1","WJ":"1","XV":"1","VV":"1","XM":"1","WV":"1","XR":"1","VP":"1","VW":"1","VQ":"1","WW":"1","VM":"1"},"JC":{"XG":"1"}},"RC":{"44":{"MW":"1","JV":"1"}},"QF":{"CX":{"HW":"1","9C":"1"}},"PW":{"9H":{"H8":"1","G7":"1","H6":"1","F7":"1","J7":"1","G6":"1","95":"1","F5":"1","C7":"1","H7":"1"}},"V2":{"5F":{"5Q":"1","6J":"1","4R":"1","5R":"1","4Q":"1","4V":"1","6M":"1","5V":"1","4J":"1","4M":"1","5M":"1","5J":"1"},"CR":{"VH":"1"},"CF":{"86":"1","57":"1","77":"1","65":"1","56":"1","75":"1","66":"1","69":"1","68":"1","58":"1","55":"1","76":"1","79":"1","88":"1","87":"1","78":"1","67":"1"}},"8X":{"HC":{"HF":"1"}},"R4":{"9G":{"89":"1","RX":"1","QX":"1","99":"1","9C":"1","79":"1","8C":"1"},"CG":{"VW":"1"},"MJ":{"4G":"1","RR":"1","RW":"1","VV":"1","VR":"1","RV":"1","5G":"1","VW":"1"},"9J":{"M4":"1","J4":"1","M5":"1","J5":"1"},"M4":{"GP":"1","9V":"1","FM":"1","CM":"1","GM":"1","CJ":"1","FJ":"1","CR":"1","9R":"1"},"9M":{"PG":"1","MH":"1","PH":"1","MG":"1"},"GJ":{"64":"1","65":"1"},"9H":{"Q2":"1","Q3":"1","HG":"1","R3":"1","R2":"1"},"92":{"P6":"1","M5":"1","M6":"1"},"C9":{"R3":"1","V3":"1","R2":"1","V2":"1"},"QG":{"HW":"1","JX":"1","HX":"1","JW":"1"},"9C":{"64":"1","57":"1","36":"1","75":"1","45":"1","65":"1","G9":"1","68":"1","53":"1","FG":"1","44":"1","54":"1","JW":"1","43":"1","35":"1","69":"1","GF":"1","MV":"1","67":"1","59":"1","63":"1","8W":"1","58":"1","PC":"1","98":"1"},"C7":{"25":"1"},"F8":{"GR":"1"},"97":{"JF":"1","HF":"1","QM":"1"},"CM":{"JG":"1","MG":"1"},"FJ":{"M7":"1","HJ":"1","GW":"1","FW":"1","RF":"1","JJ":"1","F3":"1","JH":"1","J7":"1","G2":"1","F2":"1","G3":"1","HH":"1","C7":"1"},"C2":{"R6":"1","V6":"1"},"W7":{"87":"1","88":"1","77":"1"},"G5":{"66":"1","67":"1"},"VX":{"RM":"1","WP":"1","XJ":"1","WM":"1","WJ":"1","RP":"1","RJ":"1","XM":"1","VJ":"1","VP":"1","VM":"1"},"H8":{"57":"1","2C":"1","46":"1","47":"1"},"X6":{"JG":"1","MG":"1"},"CJ":{"FJ":"1","GJ":"1","FH":"1","GH":"1"},"99":{"RW":"1","M7":"1","4V":"1","J7":"1","J8":"1","RV":"1","MQ":"1","V4":"1","MG":"1","R2":"1","V5":"1","MJ":"1","JQ":"1"},"82":{"MM":"1","MJ":"1"},"C8":{"CW":"1","8R":"1","PQ":"1","6R":"1","7V":"1","5V":"1","8V":"1","4Q":"1","4R":"1","8Q":"1","CQ":"1","9V":"1","7W":"1","6Q":"1","M3":"1","CV":"1","9R":"1","GR":"1","5Q":"1","9Q":"1","9W":"1","6V":"1","7Q":"1","7R":"1","FQ":"1","5R":"1","8W":"1","CR":"1"},"9F":{"M4":"1","86":"1","77":"1","J4":"1","66":"1","6G":"1","82":"1","C6":"1","C2":"1","96":"1","76":"1","CC":"1","87":"1","97":"1","C7":"1","67":"1"},"96":{"PG":"1","P5":"1","MG":"1","M5":"1"},"GM":{"7F":"1","6H":"1","8F":"1","7H":"1","6F":"1","F8":"1","5C":"1","8H":"1","7G":"1","8G":"1","6G":"1"},"MP":{"68":"1","7C":"1","6C":"1","69":"1","79":"1","78":"1"},"G8":{"X9":"1","WF":"1","XF":"1","XC":"1","WC":"1"},"93":{"HC":"1"},"98":{"Q9":"1","MR":"1","PF":"1","QX":"1","JR":"1","4X":"1","PC":"1"},"JG":{"3V":"1","2W":"1","2V":"1","3W":"1"},"R6":{"WM":"1","XJ":"1","WJ":"1","XM":"1"}},"X8":{"GC":{"PR":"1","GW":"1","JQ":"1","FW":"1","MV":"1","FV":"1","FX":"1","HW":"1","PX":"1","MQ":"1","GV":"1","HR":"1","MR":"1","MX":"1","MW":"1","QR":"1","QV":"1","JV":"1","HQ":"1","QW":"1","JR":"1","JW":"1","HV":"1","GR":"1","PV":"1","PW":"1","GX":"1","HX":"1","JX":"1"},"JH":{"52":"1","42":"1"},"GF":{"M4":"1","P2":"1","Q2":"1","J2":"1","H2":"1","G2":"1","P3":"1","M2":"1","J3":"1","M3":"1"}},"PC":{"X9":{"43":"1","22":"1","24":"1","25":"1","42":"1","33":"1","32":"1","23":"1"},"X8":{"5W":"1","3Q":"1","3V":"1","5X":"1","4R":"1","3W":"1","2V":"1","4W":"1","2Q":"1","2X":"1","3X":"1","3R":"1","2W":"1","2R":"1","4X":"1"},"W9":{"X5":"1","W2":"1","R2":"1","W4":"1","X4":"1","Q2":"1","W3":"1","V3":"1","R3":"1","Q3":"1","V4":"1","X2":"1","X3":"1","V2":"1"},"6X":{"6Q":"1","5Q":"1"},"W8":{"XW":"1","QR":"1","RR":"1","RX":"1","RW":"1","VV":"1","XV":"1","QW":"1","VX":"1","VR":"1","PQ":"1","MR":"1","PR":"1","RV":"1","QV":"1","MQ":"1","QX":"1","XX":"1","PV":"1","WX":"1","WW":"1","VW":"1","WV":"1"},"R7":{"43":"1","45":"1","22":"1","24":"1","26":"1","25":"1","42":"1","33":"1","35":"1","32":"1","34":"1","23":"1","36":"1"},"Q7":{"X2":"1","X3":"1","X4":"1"}},"XM":{"89":{"7J":"1","JP":"1","3V":"1","9X":"1","4W":"1","4R":"1","7H":"1","4V":"1","63":"1","72":"1"},"99":{"HP":"1","5P":"1","6M":"1","4M":"1","5M":"1","6P":"1"},"2G":{"J4":"1","F3":"1"},"9F":{"JX":"1"},"79":{"XQ":"1","XV":"1","W4":"1"},"9G":{"X7":"1"},"9C":{"45":"1"},"8C":{"G2":"1","G3":"1","C2":"1","F4":"1"},"3M":{"76":"1","55":"1"}},"6M":{"53":{"2H":"1","2G":"1"},"5C":{"9W":"1","5P":"1","5X":"1","8W":"1"}},"RG":{"29":{"24":"1"},"26":{"FM":"1","59":"1","CM":"1","48":"1","9M":"1","CJ":"1","58":"1","FJ":"1","49":"1","9J":"1"},"2C":{"2V":"1","8X":"1","2X":"1"},"27":{"63":"1","73":"1","54":"1","62":"1","65":"1","64":"1","84":"1","75":"1","66":"1","55":"1","76":"1","53":"1","74":"1","85":"1"},"58":{"MW":"1","PW":"1","QV":"1","PV":"1","MV":"1"},"2F":{"83":"1","92":"1","82":"1"}},"X4":{"2H":{"6M":"1","6P":"1"},"XP":{"FC":"1","GC":"1","FF":"1","GG":"1","GF":"1"},"57":{"XJ":"1"},"HW":{"6Q":"1","5Q":"1","5P":"1","6P":"1"},"8J":{"QR":"1","QQ":"1","QP":"1","PW":"1","QW":"1","PQ":"1","PP":"1","PR":"1","QV":"1","QX":"1","PV":"1","PX":"1"},"PM":{"RX":"1","RW":"1"},"75":{"PM":"1","MM":"1","PJ":"1","MJ":"1"},"QJ":{"RQ":"1","QP":"1","RP":"1"},"7Q":{"PG":"1","PF":"1","QG":"1","QF":"1"},"FW":{"6V":"1","5V":"1"},"2C":{"C3":"1"},"54":{"6X":"1","6W":"1"},"3G":{"P5":"1","M5":"1","M6":"1"},"QC":{"2H":"1","2J":"1"},"PV":{"G5":"1","F5":"1"},"CP":{"QP":"1"},"GR":{"7F":"1","7G":"1"}},"5X":{"X8":{"3V":"1"}},"R2":{"HF":{"P9":"1","P8":"1","R9":"1","R7":"1","V7":"1","RC":"1","R8":"1","Q7":"1","Q9":"1","QC":"1","P7":"1","V8":"1","Q8":"1"},"VJ":{"PR":"1","MV":"1","HW":"1","MR":"1","MW":"1","JV":"1","JR":"1","VG":"1","JW":"1","HV":"1","PV":"1","PW":"1","HX":"1","JX":"1"},"4R":{"F2":"1","H2":"1","G2":"1","G3":"1","F3":"1"},"4Q":{"GW":"1","GX":"1","CX":"1","HX":"1","FX":"1"},"3G":{"48":"1"},"G6":{"98":"1","89":"1","86":"1","77":"1","68":"1","96":"1","79":"1","88":"1","87":"1","78":"1","97":"1"},"RC":{"RQ":"1","VP":"1","VQ":"1","RP":"1"},"43":{"W5":"1","W4":"1","V5":"1"},"WJ":{"5P":"1","7M":"1"},"42":{"7X":"1"}},"6Q":{"V3":{"7J":"1"}},"W2":{"35":{"5F":"1","7F":"1","6H":"1","8F":"1","7H":"1","6F":"1","7C":"1","6C":"1","69":"1","5C":"1","8H":"1","7G":"1","5G":"1","8G":"1","6G":"1","79":"1","8C":"1"},"V3":{"C3":"1","92":"1","F2":"1","C2":"1"},"V2":{"GW":"1","FW":"1","FV":"1","FX":"1","CW":"1","9W":"1","GV":"1","9X":"1","FR":"1","CV":"1","CX":"1","GR":"1"}},"6P":{"PR":{"QQ":"1","QP":"1","PQ":"1","PP":"1"},"QV":{"25":"1"},"PV":{"X2":"1","P5":"1","P4":"1","H4":"1","X5":"1"}},"WC":{"GG":{"WP":"1"}},"R8":{"3Q":{"XW":"1","XV":"1","VX":"1","XX":"1","WX":"1","WW":"1"},"5H":{"8G":"1","8F":"1","7G":"1","9F":"1","9H":"1","7F":"1","9G":"1","9C":"1","8H":"1","8C":"1"},"4R":{"G8":"1","V5":"1","G7":"1","M8":"1","H5":"1","F7":"1","J6":"1","G5":"1","J9":"1","P7":"1","G6":"1","Q5":"1","M2":"1","H7":"1","R7":"1","V6":"1","M7":"1","J3":"1","QC":"1","Q6":"1","PF":"1","M3":"1","R4":"1","PC":"1","P6":"1","P4":"1","P5":"1","H8":"1","J5":"1","P2":"1","R8":"1","MC":"1","P3":"1","J8":"1","H6":"1","H4":"1","M5":"1","R6":"1","Q9":"1","J7":"1","22":"1","Q7":"1","JC":"1","M9":"1","Q8":"1","M6":"1","V7":"1","H9":"1","P9":"1","23":"1","M4":"1","R5":"1","P8":"1","Q4":"1","J4":"1"},"4Q":{"2W":"1","2V":"1","2X":"1","3X":"1","3W":"1"},"5P":{"M4":"1","J3":"1","R2":"1","H3":"1","J4":"1","Q2":"1","P3":"1","J2":"1","R3":"1","Q3":"1","P4":"1","M2":"1","M3":"1","H4":"1","H2":"1","P2":"1"},"5M":{"HW":"1","PX":"1","MX":"1","MW":"1","RX":"1","QW":"1","QX":"1","JW":"1","RW":"1","PW":"1","HX":"1","JX":"1"},"3R":{"W2":"1","W4":"1","X4":"1","W3":"1","V3":"1","V4":"1","X2":"1","X3":"1","V2":"1"}},"X3":{"M4":{"5R":"1"},"2M":{"3C":"1","29":"1","39":"1","2C":"1"},"PM":{"2F":"1"},"H5":{"Q9":"1","JF":"1","HF":"1","2R":"1","P9":"1","JC":"1","HC":"1","3R":"1"},"H6":{"76":"1","66":"1"},"G6":{"M4":"1","H6":"1","W2":"1","J4":"1","M6":"1","P5":"1","M5":"1","J6":"1","H5":"1","J5":"1","H4":"1"},"R9":{"6R":"1","5R":"1","6V":"1","5V":"1","7R":"1"},"24":{"3J":"1"},"M9":{"CQ":"1","8Q":"1","9Q":"1"},"G5":{"XR":"1"},"M6":{"66":"1"}},"FQ":{"GW":{"83":"1","73":"1","84":"1"}},"MC":{"PQ":{"XG":"1","WG":"1","WF":"1","XF":"1","RF":"1"}},"JR":{"J3":{"98":"1"}},"W7":{"43":{"HH":"1","9G":"1","CG":"1","9J":"1","7F":"1","HF":"1","H9":"1","FR":"1","9M":"1","HP":"1","GJ":"1","79":"1","9H":"1","HG":"1","GC":"1","G9":"1","C9":"1","GF":"1","CF":"1","FH":"1","9C":"1","HR":"1","6F":"1","CQ":"1","FM":"1","7C":"1","GV":"1","F9":"1","FW":"1","8J":"1","GH":"1","FC":"1","HJ":"1","F8":"1","GW":"1","FG":"1","CM":"1","FJ":"1","FV":"1","HC":"1","CC":"1","GG":"1","HQ":"1","GR":"1","9P":"1","CJ":"1","99":"1","GQ":"1","8F":"1","FF":"1","89":"1","C8":"1","9F":"1","8C":"1","GM":"1","FQ":"1","FP":"1","HM":"1","CP":"1","98":"1","8M":"1","88":"1","GP":"1","CH":"1","CR":"1"}},"X5":{"W3":{"C3":"1","92":"1","93":"1","C2":"1"},"W2":{"9X":"1","CX":"1"},"52":{"XQ":"1","XR":"1","WQ":"1","WR":"1"},"V3":{"2M":"1","2P":"1"}},"WR":{"J2":{"MP":"1","PG":"1","JP":"1","PM":"1","JF":"1","HM":"1","QJ":"1","HF":"1","JG":"1","MH":"1","MF":"1","HG":"1","PH":"1","JM":"1","HH":"1","JC":"1","GG":"1","FJ":"1","PF":"1","HJ":"1","GJ":"1","QH":"1","JH":"1","QG":"1","MG":"1","PJ":"1","MM":"1","JJ":"1","GM":"1","GH":"1","MJ":"1"},"MH":{"HJ":"1"},"G3":{"W9":"1","W8":"1","V8":"1","V9":"1"},"H3":{"FC":"1","GC":"1","FF":"1","F9":"1","GF":"1","5J":"1"}},"R6":{"R6":{"X7":"1"}},"Q9":{"VC":{"2H":"1","2J":"1","2G":"1"},"R9":{"JV":"1","FR":"1","CW":"1","HV":"1","8V":"1","FX":"1","HR":"1","CQ":"1","9V":"1","GV":"1","GX":"1","FW":"1","JR":"1","GW":"1","CV":"1","FV":"1","9R":"1","GR":"1","HW":"1","GQ":"1","CX":"1","9Q":"1","9W":"1","FQ":"1","CR":"1"},"G2":{"HH":"1","2V":"1","2F":"1","GJ":"1","5V":"1","FH":"1","4R":"1","3W":"1","FM":"1","5W":"1","GH":"1","4V":"1","HJ":"1","2G":"1","CM":"1","FJ":"1","2W":"1","3V":"1","CJ":"1","29":"1","2C":"1","4W":"1","GM":"1","5R":"1","3R":"1","JJ":"1"},"2X":{"HH":"1","XH":"1","RH":"1","MJ":"1","QH":"1","MM":"1","RC":"1","PG":"1","PF":"1","XG":"1","RG":"1","QF":"1","RF":"1","QG":"1","MG":"1","RJ":"1","MF":"1","PH":"1","VG":"1","WM":"1","HJ":"1","JH":"1","PJ":"1","VF":"1","RM":"1","WH":"1","VJ":"1","WG":"1","WF":"1","VH":"1","WJ":"1","VC":"1","QJ":"1","MH":"1","JJ":"1","QM":"1","VM":"1","PM":"1"},"F2":{"VC":"1","Q9":"1","XG":"1","WG":"1","WF":"1","XF":"1","XC":"1","RC":"1","R9":"1","WC":"1","QC":"1","V9":"1"},"C2":{"MM":"1","HJ":"1","JQ":"1","MJ":"1","QP":"1","PH":"1","JJ":"1","PM":"1","MG":"1","MQ":"1","GH":"1","MP":"1","JH":"1","MR":"1","GJ":"1","HM":"1","QM":"1","PG":"1","HH":"1","JP":"1","QQ":"1","JG":"1","HQ":"1","PJ":"1","HP":"1","JR":"1","PQ":"1","JM":"1","PP":"1","MH":"1"},"G3":{"G6":"1","G5":"1","86":"1","95":"1","C6":"1","96":"1","97":"1","C7":"1","85":"1","F6":"1","C5":"1"},"V4":{"W8":"1"},"RC":{"XG":"1","F2":"1","XJ":"1","XH":"1","C2":"1"},"2W":{"VC":"1","RF":"1","R9":"1","RG":"1","RH":"1","WF":"1","VF":"1","V9":"1","QG":"1","WG":"1","PG":"1","R8":"1","RC":"1","PF":"1","Q9":"1","QC":"1","VG":"1","V8":"1","QF":"1","Q8":"1"}},"GF":{"FC":{"6H":"1","7H":"1","7G":"1","6G":"1"},"GC":{"M9":"1","J9":"1"},"G9":{"HX":"1"},"9F":{"CJ":"1"},"CJ":{"34":"1"},"9H":{"PR":"1"},"CC":{"W8":"1","9V":"1","CW":"1","9W":"1","R9":"1","9M":"1","GV":"1","9X":"1","CR":"1","8R":"1","V7":"1","R8":"1","CV":"1","9G":"1","8V":"1","CX":"1","V8":"1","9J":"1","8W":"1","9R":"1"},"CH":{"9F":"1"}},"FW":{"W5":{"P9":"1","J9":"1","M9":"1"}},"XW":{"3C":{"JF":"1","JG":"1","MH":"1","MF":"1","HJ":"1","JH":"1","JJ":"1","MJ":"1"},"4C":{"57":"1","48":"1","49":"1","47":"1","58":"1"}},"Q7":{"RQ":{"Q5":"1","Q4":"1","V3":"1","R4":"1","R3":"1","Q3":"1","V4":"1","R5":"1"},"GQ":{"Q4":"1","WH":"1","XJ":"1","C6":"1","WJ":"1"},"HQ":{"C9":"1","FC":"1","9W":"1","74":"1","FG":"1","CH":"1","FF":"1","FX":"1","CF":"1","GG":"1","CG":"1","F9":"1","GF":"1","FH":"1","CC":"1"},"WP":{"5W":"1","7X":"1","5X":"1","4W":"1","6W":"1","5V":"1","4X":"1","4V":"1","6V":"1","6X":"1"},"HP":{"7W":"1"},"WQ":{"43":"1","72":"1","63":"1","73":"1","62":"1","42":"1","53":"1","52":"1"},"GP":{"HG":"1","9W":"1","JC":"1","MF":"1","9X":"1","MC":"1","JG":"1","JF":"1","JV":"1","8V":"1","HF":"1","8W":"1"}},"6X":{"77":{"MP":"1","PP":"1","MM":"1"}},"JF":{"XW":{"26":"1","MF":"1","3G":"1"},"WW":{"V7":"1","25":"1","W7":"1","99":"1"},"VW":{"X4":"1"}},"W6":{"57":{"98":"1","89":"1","22":"1","99":"1","55":"1","C9":"1","F8":"1","33":"1","C8":"1","88":"1","32":"1","97":"1","23":"1","C7":"1","F7":"1"},"FG":{"M4":"1","J2":"1","J4":"1","H4":"1","J3":"1","H3":"1","M3":"1"},"PF":{"9V":"1","HG":"1","GH":"1","CG":"1","CQ":"1","FF":"1","7V":"1","8V":"1","CH":"1","CJ":"1","HH":"1","8H":"1","9C":"1","9G":"1","8C":"1","8J":"1","8P":"1","FP":"1","8M":"1","CM":"1","CP":"1","9M":"1","9F":"1","GP":"1","FG":"1","8G":"1","9P":"1","9H":"1","GJ":"1","GG":"1","9R":"1","9Q":"1","8F":"1","GQ":"1","8Q":"1","FQ":"1","9J":"1","FH":"1","8R":"1","FM":"1","FJ":"1","GM":"1","CF":"1","7R":"1"},"46":{"WR":"1","RV":"1","VV":"1","WV":"1","VW":"1","P6":"1","RW":"1","WW":"1"},"56":{"4H":"1","3Q":"1","5J":"1","4R":"1","4P":"1","5P":"1","4Q":"1","2H":"1","6Q":"1","3P":"1","3H":"1","2J":"1","2M":"1","5H":"1","4J":"1","5M":"1","6P":"1","5Q":"1","6M":"1","3J":"1","5R":"1","4M":"1","3M":"1"},"FH":{"4Q":"1"}},"Q8":{"43":{"28":"1"},"G6":{"Q6":"1","PC":"1","MG":"1","R7":"1","MF":"1","MC":"1","PG":"1","R8":"1","Q7":"1","PF":"1","P7":"1","P6":"1","Q8":"1"},"G5":{"94":"1","C4":"1","F4":"1"},"45":{"JC":"1"},"W6":{"WP":"1","VP":"1","WM":"1","HF":"1","JG":"1","HG":"1","HH":"1","JH":"1","VM":"1"},"V6":{"Q6":"1","R6":"1","P8":"1","R7":"1","Q8":"1","P7":"1","R8":"1","Q7":"1"},"8J":{"JX":"1","MX":"1","HX":"1"},"M6":{"H2":"1","G2":"1","G3":"1"},"93":{"X9":"1","W8":"1","W7":"1","Q6":"1","W9":"1","V6":"1","R9":"1","Q5":"1","P5":"1","R7":"1","V9":"1","V7":"1","R8":"1","Q7":"1","R6":"1","R5":"1","V8":"1","P6":"1","Q8":"1"},"Q4":{"XH":"1","RH":"1","XF":"1","P9":"1","RC":"1","R8":"1","X9":"1","PG":"1","JF":"1","PF":"1","XG":"1","RG":"1","Q9":"1","QF":"1","RF":"1","QG":"1","MF":"1","W8":"1","R7":"1","VG":"1","Q7":"1","M9":"1","V7":"1","XJ":"1","WC":"1","PC":"1","VF":"1","WH":"1","QC":"1","WG":"1","R9":"1","W9":"1","Q8":"1","MC":"1","WF":"1","VH":"1","V8":"1","XC":"1","VC":"1","WJ":"1","P8":"1","R6":"1","V9":"1"},"3C":{"8Q":"1"},"M5":{"HW":"1","GW":"1","GX":"1","FW":"1","HX":"1"},"R4":{"2H":"1","2C":"1","2G":"1","3F":"1","2F":"1"},"55":{"2V":"1"},"H5":{"GQ":"1","HQ":"1","FM":"1","HM":"1","HP":"1","GP":"1","GM":"1"},"F2":{"8G":"1","8F":"1","7H":"1","7G":"1","9F":"1","7C":"1","6G":"1","6H":"1","9H":"1","7F":"1","6F":"1","9G":"1","8H":"1","8C":"1","6C":"1"},"G8":{"VQ":"1","VV":"1","XR":"1","WQ":"1","VR":"1","WR":"1","WV":"1"},"G3":{"MM":"1","RM":"1","MJ":"1","Q6":"1","PM":"1","P8":"1","Q5":"1","RJ":"1","P5":"1","RH":"1","R7":"1","VH":"1","QJ":"1","VJ":"1","QM":"1","Q7":"1","P7":"1","PJ":"1","P6":"1","Q8":"1"},"V5":{"7H":"1","8J":"1","9M":"1","7J":"1","9H":"1","8H":"1","9J":"1","8M":"1"},"VP":{"W7":"1","W6":"1","V6":"1","R7":"1","R4":"1","V5":"1","V4":"1","V7":"1","R8":"1","R6":"1","W5":"1","R5":"1","V8":"1"},"H2":{"FQ":"1","GQ":"1","HQ":"1","HP":"1","GP":"1","FP":"1"},"8M":{"J2":"1","H2":"1","M2":"1"}},"JH":{"WX":{"9M":"1","7H":"1","8H":"1","7G":"1","8G":"1","9J":"1"}},"2P":{"2V":{"2V":"1"}},"V7":{"74":{"X9":"1","WP":"1","XC":"1","XQ":"1","XG":"1","WR":"1","XJ":"1","WQ":"1","VR":"1","WM":"1","VX":"1","WH":"1","XP":"1","WJ":"1","XV":"1","XH":"1","XM":"1","VV":"1","XX":"1","WV":"1","XF":"1","WX":"1","VJ":"1","WG":"1","XR":"1","VP":"1","VW":"1","XW":"1","VQ":"1","WW":"1","VM":"1"},"84":{"4V":"1","4H":"1","48":"1","2G":"1","3G":"1","3X":"1","3J":"1","88":"1","3R":"1","3H":"1","2M":"1","2R":"1","7C":"1","38":"1","37":"1","4Q":"1","59":"1","5H":"1","57":"1","4C":"1","77":"1","7G":"1","7F":"1","5M":"1","67":"1","6H":"1","6F":"1","89":"1","27":"1","3M":"1","49":"1","2C":"1","2F":"1","2V":"1","5C":"1","29":"1","4R":"1","3P":"1","2H":"1","3Q":"1","3V":"1","47":"1","3C":"1","39":"1","4P":"1","5P":"1","3W":"1","5G":"1","4G":"1","3F":"1","2W":"1","6C":"1","79":"1","6G":"1","4J":"1","2Q":"1","5F":"1","78":"1","2P":"1","58":"1","5J":"1","5Q":"1","4F":"1","28":"1","2X":"1","6J":"1","69":"1","4M":"1","68":"1","2J":"1"}},"X9":{"75":{"27":"1"},"2C":{"43":"1","54":"1","F5":"1","42":"1","C6":"1","95":"1","33":"1","44":"1","53":"1","34":"1","52":"1","F6":"1","C5":"1","C4":"1","94":"1"},"7C":{"P9":"1","M8":"1","P6":"1","R8":"1","Q9":"1","Q5":"1","Q7":"1","M9":"1","M6":"1","P7":"1","R9":"1","Q8":"1","P5":"1","V8":"1","M5":"1","Q6":"1","P8":"1","V9":"1","M7":"1"},"67":{"RG":"1"},"2F":{"XP":"1","WP":"1","XQ":"1","WQ":"1"},"86":{"6R":"1"}},"W4":{"FC":{"XG":"1","XF":"1"},"WH":{"XP":"1","WP":"1","VP":"1","VQ":"1","XQ":"1","WQ":"1"},"GC":{"64":"1","65":"1","54":"1","2G":"1","55":"1","2F":"1"},"RJ":{"76":"1","86":"1"},"JH":{"45":"1","44":"1","54":"1","55":"1"},"R7":{"RQ":"1","QQ":"1"},"GJ":{"W3":"1","X3":"1"},"F9":{"V7":"1","W7":"1"},"CJ":{"66":"1","45":"1","46":"1","56":"1","55":"1"},"7J":{"XW":"1","XX":"1"},"VH":{"JX":"1","MX":"1"},"2M":{"XW":"1","XX":"1","WX":"1","WW":"1"},"VJ":{"83":"1","94":"1","84":"1"},"6M":{"WM":"1","VJ":"1","WJ":"1","VM":"1"},"2F":{"MP":"1","MM":"1"},"MH":{"9R":"1","9V":"1","CR":"1","CV":"1"},"QH":{"4W":"1","5X":"1","5W":"1","4X":"1"},"CH":{"7W":"1","6W":"1"}},"P9":{"Q2":{"MW":"1","JX":"1","MX":"1","PW":"1","QW":"1","QX":"1","PV":"1","MV":"1","PX":"1"},"Q4":{"9X":"1"},"Q3":{"M4":"1","Q2":"1","P2":"1","J2":"1","Q3":"1","P4":"1","P3":"1","M2":"1","J3":"1","M3":"1"},"Q5":{"72":"1","73":"1","93":"1","83":"1","82":"1","92":"1","C2":"1","C3":"1"},"P6":{"PG":"1","MH":"1","PH":"1","PF":"1","QH":"1","QG":"1","MG":"1"},"R2":{"HW":"1","HQ":"1","7H":"1","VV":"1","8H":"1","7G":"1","8G":"1","WV":"1"},"P7":{"94":"1","85":"1","84":"1","C6":"1","97":"1","95":"1","96":"1","C5":"1","86":"1"}},"V3":{"G4":{"MF":"1","PF":"1"},"2X":{"RC":"1","QC":"1"},"3X":{"H9":"1","HC":"1"},"5X":{"VJ":"1"},"XX":{"4J":"1","4M":"1"},"55":{"77":"1"}},"R5":{"MJ":{"CQ":"1","FM":"1","CM":"1","8P":"1","9P":"1","CP":"1","FQ":"1","FP":"1","9M":"1","9Q":"1","8Q":"1","CR":"1","8R":"1","9R":"1","8M":"1"},"H9":{"23":"1","22":"1"},"FV":{"M4":"1","Q6":"1","J3":"1","R2":"1","J4":"1","M6":"1","Q5":"1","Q2":"1","P5":"1","Q4":"1","P3":"1","M5":"1","J2":"1","R4":"1","R3":"1","Q3":"1","P4":"1","R6":"1","M2":"1","R5":"1","M3":"1","P6":"1","H2":"1","P2":"1"},"F5":{"GW":"1","9V":"1","FW":"1","7X":"1","FX":"1","8X":"1","CW":"1","9W":"1","HW":"1","PX":"1","9X":"1","MX":"1","MW":"1","JV":"1","CX":"1","JW":"1","HV":"1","8W":"1","PW":"1","GX":"1","HX":"1","JX":"1"},"GC":{"83":"1","73":"1","62":"1","92":"1","82":"1","C2":"1","72":"1"},"G9":{"9V":"1","CG":"1","7Q":"1","CQ":"1","5W":"1","7V":"1","8V":"1","CX":"1","8W":"1","CW":"1","9C":"1","7M":"1","4X":"1","9W":"1","9G":"1","7W":"1","8C":"1","8P":"1","FP":"1","8M":"1","CM":"1","CP":"1","X2":"1","CR":"1","9M":"1","9F":"1","W3":"1","8G":"1","9P":"1","6W":"1","8X":"1","7X":"1","5X":"1","9R":"1","5V":"1","6Q":"1","W2":"1","9Q":"1","CV":"1","6P":"1","8F":"1","X3":"1","8Q":"1","9X":"1","3W":"1","4W":"1","2W":"1","6R":"1","8R":"1","6X":"1","FM":"1","7P":"1","2X":"1","FJ":"1","CF":"1","6V":"1","7R":"1"},"M5":{"78":"1","95":"1","C5":"1","F6":"1","G7":"1","C3":"1","86":"1","92":"1","87":"1","84":"1","C6":"1","F2":"1","C7":"1","F4":"1","H6":"1","97":"1","C2":"1","C4":"1","G5":"1","85":"1","F7":"1","H7":"1","G6":"1","77":"1","76":"1","F3":"1","F5":"1","75":"1","96":"1","94":"1","93":"1","88":"1","74":"1"},"J6":{"3V":"1","2R":"1","2V":"1","3R":"1"},"F9":{"VG":"1"},"FJ":{"C3":"1","F3":"1"},"WV":{"8G":"1","8F":"1","GF":"1","89":"1","FG":"1","FC":"1","99":"1","H9":"1","GG":"1","GC":"1","HC":"1","G9":"1","9F":"1","F9":"1","H8":"1","CF":"1","C9":"1","7F":"1","F8":"1","G8":"1","C8":"1","FF":"1","CC":"1","CG":"1","88":"1","9G":"1","9C":"1","HF":"1","8C":"1"},"F8":{"P3":"1"},"G8":{"HM":"1","JM":"1"},"CC":{"M7":"1","W7":"1","PH":"1","W6":"1","X7":"1","X6":"1","MG":"1","M6":"1","M5":"1","QG":"1","PG":"1","PF":"1","QH":"1"},"VP":{"RH":"1","QH":"1","RC":"1","R8":"1","PG":"1","PF":"1","RG":"1","Q9":"1","QF":"1","RF":"1","QG":"1","MG":"1","MF":"1","PH":"1","VG":"1","WC":"1","PC":"1","VF":"1","WH":"1","QC":"1","WG":"1","R9":"1","WF":"1","VH":"1","V8":"1","VC":"1","V9":"1"},"JG":{"RH":"1","MJ":"1","XF":"1","QH":"1","P9":"1","MM":"1","RC":"1","X9":"1","PG":"1","JF":"1","PF":"1","PQ":"1","RG":"1","Q9":"1","QF":"1","RF":"1","QG":"1","MG":"1","MF":"1","W8":"1","PH":"1","VG":"1","WC":"1","JH":"1","PJ":"1","PC":"1","VF":"1","QC":"1","WG":"1","R9":"1","W9":"1","PP":"1","MC":"1","WF":"1","V8":"1","MP":"1","XC":"1","VC":"1","QJ":"1","MH":"1","JJ":"1","QM":"1","JG":"1","V9":"1","PM":"1"},"F6":{"72":"1","63":"1","73":"1","62":"1","84":"1","F3":"1","93":"1","83":"1","82":"1","G2":"1","92":"1","F2":"1","C3":"1","C2":"1","74":"1","H2":"1"}},"VR":{"XH":{"3F":"1"}},"P8":{"X9":{"PG":"1","JG":"1","MH":"1","23":"1","MF":"1","PH":"1","JH":"1","MG":"1"},"X8":{"2X":"1"},"RX":{"2H":"1","2M":"1","MW":"1","3M":"1","2J":"1","2G":"1","3P":"1","2P":"1"},"W8":{"XP":"1","WP":"1"},"X4":{"F4":"1","J3":"1","H3":"1","G4":"1","J4":"1","F3":"1","J2":"1","G2":"1","G3":"1","H4":"1","H2":"1"},"W7":{"PG":"1","MH":"1","PH":"1","MG":"1","PJ":"1","JJ":"1","MJ":"1"},"QX":{"RM":"1","XG":"1","XJ":"1","WM":"1","WH":"1","XP":"1","WJ":"1","RP":"1","RJ":"1","XH":"1","XM":"1","VH":"1","VJ":"1","WG":"1","VG":"1","VM":"1"},"PV":{"R5":"1","Q4":"1","Q5":"1","R4":"1"},"WW":{"4F":"1","57":"1","5F":"1","2G":"1","59":"1","29":"1","4C":"1","3F":"1","38":"1","47":"1","28":"1","48":"1","3C":"1","68":"1","58":"1","3H":"1","49":"1","39":"1","3G":"1","2C":"1","37":"1","5C":"1","2F":"1","67":"1","4G":"1"},"VW":{"X9":"1","W8":"1","XC":"1","XG":"1","V9":"1","XF":"1","R8":"1","V7":"1","X8":"1","V8":"1"}},"6J":{"C6":{"Q4":"1","R4":"1"}},"R9":{"VC":{"78":"1","95":"1","73":"1","53":"1","C3":"1","65":"1","86":"1","92":"1","87":"1","84":"1","55":"1","63":"1","64":"1","97":"1","C2":"1","66":"1","54":"1","85":"1","77":"1","76":"1","67":"1","75":"1","96":"1","56":"1","83":"1","57":"1","94":"1","68":"1","93":"1","98":"1","88":"1","74":"1","62":"1"},"FG":{"83":"1","52":"1"},"64":{"R5":"1","W6":"1","P9":"1","X4":"1","RC":"1","R8":"1","X9":"1","V6":"1","RG":"1","Q9":"1","RF":"1","W8":"1","V5":"1","R7":"1","VG":"1","Q7":"1","V7":"1","X7":"1","WC":"1","W7":"1","P7":"1","VF":"1","X6":"1","W4":"1","X8":"1","QC":"1","R9":"1","W9":"1","Q8":"1","WF":"1","V8":"1","XC":"1","VC":"1","W5":"1","Q6":"1","X5":"1","P8":"1","R6":"1","V9":"1"},"V9":{"9X":"1","CX":"1"},"CF":{"9P":"1","PH":"1","JH":"1"},"FF":{"7V":"1","6X":"1","6V":"1","5X":"1","7W":"1","6W":"1"},"CG":{"V6":"1"},"74":{"57":"1","24":"1","29":"1","26":"1","38":"1","25":"1","47":"1","28":"1","48":"1","46":"1","27":"1","49":"1","35":"1","39":"1","37":"1","2C":"1","36":"1"}},"QG":{"G4":{"XX":"1"},"XF":{"X3":"1"},"C3":{"P9":"1","RC":"1","Q9":"1","QF":"1","RF":"1","W8":"1","M9":"1","X7":"1","WC":"1","W7":"1","PC":"1","VF":"1","X8":"1","QC":"1","R9":"1","W9":"1","WF":"1","V8":"1","VC":"1","V9":"1"},"79":{"3Q":"1","4R":"1","4P":"1","4Q":"1","4W":"1","3P":"1","3R":"1"},"X9":{"JP":"1"},"GC":{"23":"1","24":"1"},"9C":{"4G":"1","3H":"1","4F":"1","3G":"1","2G":"1","3F":"1","4H":"1","2F":"1"},"4H":{"PR":"1","JQ":"1","MV":"1","MQ":"1","MP":"1","MR":"1","QR":"1","JP":"1","QQ":"1","JR":"1","PQ":"1","PV":"1","PP":"1"},"VG":{"QC":"1","JR":"1"},"F9":{"QX":"1"},"FC":{"Q2":"1","2M":"1","6H":"1","75":"1","QJ":"1","85":"1","2J":"1","FX":"1","CJ":"1","6G":"1","HV":"1"},"C2":{"4V":"1"},"CC":{"Q8":"1","Q7":"1"},"X6":{"J2":"1","M2":"1"},"4G":{"QJ":"1","V7":"1","W7":"1","QH":"1","W6":"1","V6":"1"},"F3":{"5F":"1","4C":"1"},"XC":{"RQ":"1","PG":"1","QP":"1","QW":"1","PR":"1","QC":"1","WW":"1","RM":"1"},"H5":{"53":"1"},"X5":{"JX":"1","MX":"1","MH":"1","JH":"1","JJ":"1"}}}}