{"index":{"university,1|retail,2|tourism,3|wreck,4|historical,5|artsCulture,6|namedBuilding,7|water,8|wetland,9|park,10|beach,11|natureReserve,12|cemetery,13|trail,14":{}},"6G":{"FP":{"C9":{"8P":"1","8Q":"1"},"WP":{"8V":"1","9W":"1","9V":"1","8W":"1"},"VP":{"RX":"1","RW":"1","VX":"1","WX":"1","VW":"1"},"VQ":{"VC":"1","XC":"1","RF":"1","WC":"1","WF":"1","W3":"1","VF":"1","XF":"1","RC":"1"},"8P":{"MG":"1"},"XJ":{"X5":"1","W7":"1","W2":"1","W6":"1","R2":"1","V6":"1","X7":"1","X6":"1","W4":"1","Q5":"1","X4":"1","W3":"1","Q4":"1","V3":"1","R4":"1","R3":"1","Q3":"1","V5":"1","V4":"1","W5":"1","R5":"1","X3":"1","V2":"1"},"8Q":{"GC":"1","CF":"1","CG":"1"},"54":{"9R":"1","9V":"1"},"FF":{"97":"1","87":"1","95":"1","96":"1","C7":"1"},"WQ":{"23":"1","6F":"1","5J":"1","6G":"1"},"W7":{"36":"1","45":"1","53":"1","44":"1","54":"1","43":"1","35":"1","46":"1","55":"1"},"XH":{"RX":"1","RW":"1","VV":"1","VX":"1","RV":"1","WW":"1","VW":"1"},"8G":{"6G":"1"},"HV":{"3Q":"1"},"JQ":{"3C":"1","29":"1","39":"1","2C":"1","4C":"1"},"9F":{"VR":"1"}},"CG":{"24":{"XC":"1","F4":"1","84":"1","F5":"1","F3":"1","93":"1","W3":"1","83":"1","V3":"1","XF":"1","95":"1","C6":"1","C3":"1","96":"1","39":"1","85":"1","C5":"1","C4":"1","94":"1"},"6G":{"44":"1","43":"1","34":"1","33":"1"},"33":{"G5":"1","22":"1","H6":"1","H3":"1","G4":"1","J4":"1","H5":"1","G3":"1","J5":"1","H4":"1"},"35":{"C3":"1","83":"1","92":"1","75":"1","82":"1","93":"1","C2":"1"},"M2":{"34":"1"},"34":{"5W":"1","3V":"1","29":"1","4R":"1","3W":"1","2V":"1","4W":"1","3R":"1","2R":"1","5V":"1","2C":"1","4V":"1","5R":"1","2F":"1"},"23":{"P6":"1","PG":"1","PF":"1","MX":"1","RG":"1","QF":"1","RF":"1","QG":"1","WV":"1","R7":"1","6X":"1","VG":"1","Q7":"1","V7":"1","W7":"1","PW":"1","P7":"1","X2":"1","Q8":"1","Q6":"1","P8":"1","MW":"1","R6":"1"},"5G":{"5F":"1","4G":"1","5H":"1","4F":"1","5G":"1"}},"PG":{"3M":{"VQ":"1","P8":"1","R7":"1"}},"37":{"72":{"83":"1","93":"1","88":"1","95":"1"}},"8W":{"H8":{"9R":"1","9V":"1"},"HG":{"J2":"1","J4":"1","H2":"1","H4":"1","J3":"1","H3":"1"},"JH":{"7J":"1","8J":"1","9H":"1","8H":"1","9J":"1","8M":"1"}},"HG":{"G7":{"P2":"1","X2":"1","W2":"1","JC":"1"},"H6":{"3V":"1","4R":"1","3W":"1","2V":"1","66":"1","4W":"1","3X":"1","3R":"1","4V":"1"},"G6":{"XX":"1"},"H7":{"45":"1","56":"1","7M":"1"}},"WX":{"G7":{"Q7":"1"},"C6":{"P7":"1"},"G6":{"R9":"1","QX":"1"},"H7":{"8P":"1","8R":"1","6M":"1","7V":"1","6R":"1","7M":"1","8V":"1","5V":"1","6P":"1","4Q":"1","4R":"1","8Q":"1","9V":"1","5W":"1","7W":"1","6Q":"1","7P":"1","9R":"1","5P":"1","5Q":"1","9W":"1","9Q":"1","6V":"1","7Q":"1","6W":"1","7R":"1","5R":"1","8W":"1","5M":"1"}},"V9":{"MX":{"XW":"1","RW":"1","VV":"1","QW":"1","RV":"1","QV":"1","VW":"1"},"PX":{"2W":"1","7Q":"1","2X":"1"}},"6W":{"VF":{"22":"1"}},"CR":{"MM":{"6R":"1","5R":"1","7V":"1","6V":"1","5V":"1","JR":"1","6W":"1"},"CW":{"PR":"1","QP":"1","RP":"1","QR":"1","RQ":"1","QQ":"1","PQ":"1","PP":"1"},"HP":{"VC":"1","XC":"1","RF":"1","XG":"1","WH":"1","WJ":"1","RG":"1","RJ":"1","RH":"1","WF":"1","XH":"1","VF":"1","VH":"1","XF":"1","VJ":"1","WG":"1","RC":"1","VG":"1"},"PQ":{"CQ":"1","5W":"1","X5":"1","J3":"1","26":"1","4R":"1","CM":"1","W4":"1","9P":"1","28":"1","CP":"1","FQ":"1","FP":"1","X4":"1","9M":"1","9Q":"1","M5":"1","27":"1","VJ":"1","M2":"1","W5":"1","M9":"1","2C":"1"},"6R":{"GF":"1","FC":"1","GC":"1","9F":"1","F9":"1","CF":"1","C9":"1","CC":"1","FF":"1","9C":"1"},"8V":{"XG":"1","XF":"1","XC":"1"},"4Q":{"XQ":"1","WJ":"1"},"WV":{"99":"1"},"JM":{"R5":"1","P4":"1","P6":"1"},"RW":{"9G":"1","CG":"1","7F":"1","8P":"1","GJ":"1","7M":"1","FH":"1","9C":"1","CQ":"1","7J":"1","6J":"1","FG":"1","FJ":"1","GG":"1","7G":"1","9P":"1","4G":"1","99":"1","7H":"1","GQ":"1","8F":"1","9Q":"1","9F":"1","8C":"1","GM":"1","FQ":"1","8M":"1","GP":"1","CH":"1"},"9V":{"2C":"1","2G":"1","2F":"1"},"PR":{"98":"1","4F":"1","8G":"1","43":"1","M4":"1","89":"1","G5":"1","22":"1","99":"1","J9":"1","5F":"1","G4":"1","GM":"1","7C":"1","6H":"1","H5":"1","C9":"1","C6":"1","33":"1","C8":"1","44":"1","HH":"1","79":"1","74":"1","32":"1","9C":"1","23":"1","C7":"1","F6":"1","8C":"1","H4":"1","F7":"1","P2":"1","5G":"1"},"QV":{"MM":"1","8F":"1","RM":"1","5W":"1","JQ":"1","MJ":"1","QP":"1","PH":"1","JJ":"1","2G":"1","29":"1","PM":"1","MG":"1","PX":"1","M6":"1","28":"1","RJ":"1","MP":"1","JH":"1","RH":"1","QJ":"1","MX":"1","27":"1","MW":"1","G8":"1","VJ":"1","QM":"1","JP":"1","JG":"1","PJ":"1","5V":"1","JW":"1","PW":"1","PP":"1","MH":"1","3M":"1","QH":"1"},"JQ":{"G8":"1","V5":"1","88":"1","2R":"1","7C":"1","F8":"1","W5":"1","Q5":"1","Q2":"1","9C":"1","C9":"1","G9":"1","8C":"1","V4":"1","X2":"1","89":"1","Q6":"1","F9":"1","98":"1","X4":"1","P4":"1","P5":"1","R2":"1","C8":"1","X3":"1","X5":"1","99":"1","6C":"1","79":"1","2Q":"1","W6":"1","78":"1","58":"1","W4":"1","69":"1","Q4":"1","68":"1"},"MR":{"RH":"1","QH":"1","M4":"1","W3":"1","RJ":"1","MF":"1","R7":"1","FM":"1","Q7":"1","X3":"1","CM":"1","V2":"1","CJ":"1","Q8":"1","P5":"1","GM":"1","QJ":"1","P4":"1","CP":"1","Q6":"1","CH":"1","R6":"1"},"XQ":{"X7":"1"},"RR":{"QR":"1","9M":"1","CM":"1","8P":"1","9P":"1","8Q":"1","9Q":"1","CP":"1"},"VX":{"38":"1","48":"1","49":"1","59":"1","8C":"1"},"HQ":{"XP":"1","XQ":"1","XV":"1","XR":"1","WQ":"1","WR":"1"},"MV":{"GQ":"1","HQ":"1","MF":"1","PP":"1","QX":"1","QF":"1","PJ":"1","GR":"1"},"QP":{"2V":"1","6R":"1","7V":"1","6P":"1","2R":"1","2H":"1","5W":"1","7W":"1","6Q":"1","2J":"1","3G":"1","7P":"1","2G":"1","3H":"1","6V":"1","7Q":"1","6W":"1","7R":"1"},"PP":{"7R":"1","7X":"1","PH":"1","XG":"1","MG":"1","XH":"1","VF":"1","MF":"1","QG":"1","MX":"1","7Q":"1","8R":"1","PG":"1","PF":"1","8W":"1","QF":"1","MH":"1"},"MP":{"W2":"1","4H":"1","8P":"1","2X":"1","Q7":"1","5H":"1","5G":"1","4G":"1"},"QQ":{"C6":"1"},"JP":{"MJ":"1","JJ":"1","WR":"1","2G":"1","X7":"1","WQ":"1","VR":"1","MG":"1","JH":"1","VV":"1","XX":"1","WV":"1","JG":"1","RX":"1","QW":"1","QX":"1","RW":"1","2F":"1","MH":"1","VQ":"1"},"QM":{"47":"1"},"VP":{"28":"1"},"MQ":{"W8":"1","22":"1","W7":"1","PH":"1","24":"1","W6":"1","W9":"1","X7":"1","X6":"1","25":"1","35":"1","X8":"1","34":"1","23":"1","QF":"1"},"MW":{"M4":"1","R2":"1","Q2":"1","Q4":"1","P3":"1","R3":"1","Q3":"1","P4":"1","M2":"1","M3":"1","P2":"1"},"PV":{"X9":"1","W8":"1","W6":"1","X7":"1","X6":"1","W4":"1","Q5":"1","Q4":"1","VH":"1","XF":"1","X8":"1","Q7":"1","M2":"1","W5":"1","P2":"1"}},"XX":{"MG":{"4F":"1","5F":"1","59":"1","4C":"1","3F":"1","48":"1","3C":"1","6F":"1","49":"1","39":"1","9C":"1","2C":"1","5C":"1","6C":"1","5G":"1","4G":"1"}},"HX":{"2F":{"9X":"1","9W":"1","9V":"1","CW":"1"}},"RQ":{"WG":{"XW":"1","XX":"1"},"XH":{"C9":"1","9C":"1","CC":"1"}},"MQ":{"MR":{"68":"1"}},"GV":{"2M":{"X2":"1"},"3M":{"Q2":"1","P2":"1","23":"1","M2":"1"},"2J":{"XX":"1"},"3J":{"HW":"1","7H":"1","PX":"1","8J":"1","6H":"1","7J":"1","MX":"1","MW":"1","8H":"1","6M":"1","QX":"1","JW":"1","6J":"1","JX":"1"},"JM":{"VF":"1"}},"WQ":{"8H":{"95":"1"}},"3Q":{"M7":{"XV":"1","XR":"1","WR":"1","WV":"1"},"H6":{"Q6":"1","R6":"1","R7":"1","Q7":"1"}},"CV":{"W2":{"78":"1","36":"1","49":"1","95":"1","73":"1","53":"1","65":"1","38":"1","86":"1","39":"1","87":"1","84":"1","35":"1","28":"1","55":"1","26":"1","58":"1","63":"1","64":"1","48":"1","59":"1","27":"1","66":"1","54":"1","85":"1","77":"1","76":"1","45":"1","67":"1","44":"1","37":"1","46":"1","75":"1","69":"1","96":"1","56":"1","57":"1","68":"1","47":"1","74":"1","4C":"1"},"H3":{"43":"1","22":"1","72":"1","63":"1","62":"1","42":"1","33":"1","53":"1","32":"1","23":"1","52":"1"},"5J":{"WF":"1"},"W4":{"RM":"1","WP":"1","WR":"1","WQ":"1","WM":"1","XP":"1","RP":"1","RQ":"1","VP":"1","VQ":"1","VM":"1"},"W3":{"XW":"1","XV":"1","WV":"1"},"9F":{"48":"1"},"G2":{"XW":"1","XX":"1"},"G3":{"X2":"1","X3":"1"},"X3":{"36":"1","3P":"1"},"F6":{"HQ":"1","HR":"1","JV":"1","HV":"1"},"8C":{"PX":"1"},"V2":{"X8":"1","X7":"1"},"F7":{"H9":"1","86":"1","65":"1","G9":"1","F9":"1","H8":"1","M8":"1","G8":"1","C6":"1","96":"1","87":"1","97":"1","C7":"1"},"6J":{"FG":"1","8H":"1","6G":"1"},"H2":{"2W":"1","4W":"1","7X":"1","6X":"1","2X":"1","3X":"1","5X":"1","7W":"1","3W":"1","5W":"1","4X":"1","6W":"1"}},"RV":{"2H":{"J2":"1","53":"1","J3":"1","63":"1"},"RQ":{"J3":"1","H3":"1","J2":"1","G2":"1","F2":"1","G3":"1","M2":"1","M3":"1","H2":"1"},"VQ":{"76":"1"},"3H":{"95":"1","73":"1","C5":"1","F6":"1","53":"1","65":"1","86":"1","87":"1","84":"1","C6":"1","55":"1","C7":"1","63":"1","64":"1","97":"1","C4":"1","66":"1","54":"1","85":"1","F7":"1","77":"1","76":"1","45":"1","67":"1","F5":"1","C8":"1","75":"1","96":"1","56":"1","94":"1","88":"1","98":"1","74":"1"},"2G":{"PX":"1"},"RP":{"JX":"1","GX":"1","HX":"1","FX":"1"}},"FG":{"C9":{"GJ":"1"},"94":{"WX":"1"},"9M":{"M4":"1","J4":"1","XV":"1","P5":"1","VV":"1","M5":"1","WV":"1","P4":"1","VW":"1","XW":"1","J5":"1","WW":"1"},"CM":{"2W":"1","2X":"1"},"84":{"42":"1"},"F6":{"5C":"1","49":"1"},"9G":{"43":"1"},"F5":{"3X":"1"}},"8M":{"F4":{"2X":"1"},"8C":{"HF":"1","PF":"1","9C":"1","67":"1","77":"1"}},"RW":{"Q9":{"2M":"1","2J":"1"},"P9":{"VP":"1","VQ":"1","XQ":"1","XJ":"1","XR":"1","WQ":"1","VR":"1","WR":"1","XM":"1"},"C7":{"GQ":"1","9H":"1","FG":"1","FW":"1","CH":"1","GP":"1","FJ":"1","CJ":"1","CG":"1","9G":"1","FH":"1","9J":"1"},"PC":{"X8":"1","X7":"1"}},"FX":{"HM":{"36":"1","37":"1","26":"1","27":"1"},"HJ":{"6P":"1"},"GJ":{"WQ":"1"},"GM":{"X6":"1","X7":"1"}},"XR":{"3H":{"HH":"1","9J":"1","FR":"1","9M":"1","HP":"1","GJ":"1","FH":"1","JM":"1","CQ":"1","FM":"1","GH":"1","HJ":"1","CM":"1","FJ":"1","HQ":"1","9P":"1","CJ":"1","GQ":"1","9Q":"1","GM":"1","FQ":"1","FP":"1","HM":"1","R4":"1","CP":"1","JJ":"1","GP":"1","CR":"1"},"3G":{"QR":"1","RR":"1"}},"FH":{"MP":{"4G":"1","HR":"1","JR":"1","JV":"1","GR":"1","HV":"1"}},"XW":{"3Q":{"28":"1","5F":"1","26":"1","4H":"1"},"2R":{"GF":"1","QP":"1","24":"1","HG":"1","CM":"1","MG":"1","25":"1","82":"1","33":"1","C2":"1","QQ":"1","JG":"1","VP":"1","JF":"1","3R":"1","PQ":"1","HF":"1"},"2V":{"HG":"1"},"2Q":{"R5":"1","49":"1","J6":"1","W6":"1","M8":"1","X4":"1","V6":"1","FX":"1","V5":"1","FM":"1","Q2":"1","V7":"1","33":"1","M3":"1","W7":"1","P7":"1","P2":"1","X6":"1","W4":"1","9Q":"1","9W":"1","GM":"1","V8":"1","72":"1","FP":"1","V4":"1","W5":"1","Q6":"1","X5":"1","GP":"1","P8":"1","62":"1","M7":"1"},"3P":{"28":"1","36":"1","37":"1","26":"1","27":"1","59":"1"},"2P":{"5W":"1","7X":"1","FM":"1","W9":"1","X7":"1","X6":"1","4R":"1","7H":"1","XH":"1","V9":"1","7W":"1","6H":"1","7J":"1","X8":"1","6P":"1","5R":"1","6J":"1","6V":"1","6X":"1"}},"9F":{"W3":{"WX":"1"},"CQ":{"32":"1","62":"1","52":"1","63":"1","42":"1"},"3Q":{"VX":"1","WX":"1"},"9P":{"MW":"1","PW":"1","JW":"1","MR":"1","PQ":"1","PR":"1","JR":"1","JV":"1","PV":"1","MV":"1"},"WQ":{"34":"1"},"3R":{"X2":"1","W2":"1","VJ":"1","WJ":"1","V2":"1"},"CP":{"2W":"1","4W":"1","6X":"1","5V":"1","3X":"1","5X":"1","3W":"1","5W":"1","4X":"1"},"QM":{"4P":"1","3P":"1"},"8M":{"VV":"1"}},"GJ":{"3F":{"27":"1"},"9J":{"2G":"1","2H":"1","3P":"1","3H":"1","2P":"1","2J":"1","2M":"1","3J":"1","3G":"1","2F":"1","3M":"1"},"9H":{"64":"1","C4":"1","4M":"1"},"HG":{"M4":"1","Q4":"1","Q3":"1","Q5":"1","P5":"1","P4":"1","J4":"1","P3":"1","P6":"1","J3":"1","M5":"1","M6":"1","M3":"1"},"JF":{"8G":"1","8F":"1","5J":"1","7H":"1","7G":"1","6G":"1","7F":"1","4J":"1","5M":"1","8H":"1","4M":"1"},"7M":{"W5":"1"},"6G":{"5Q":"1","4Q":"1"},"RG":{"C3":"1"},"6H":{"R7":"1","Q8":"1","R8":"1","Q7":"1"},"RF":{"QW":"1"},"QG":{"4M":"1","5M":"1"},"2H":{"R4":"1"},"7J":{"M4":"1","P5":"1","P4":"1","5P":"1","V3":"1","V4":"1","8G":"1","CC":"1","H7":"1","6P":"1"},"8J":{"XH":"1","R5":"1","43":"1","H9":"1","G7":"1","G9":"1","XM":"1","XG":"1","F2":"1","24":"1","M9":"1","WM":"1","GW":"1","M3":"1","XJ":"1","C2":"1","WP":"1","XP":"1","H8":"1","F3":"1","WH":"1","M2":"1","WG":"1","J8":"1","G8":"1","WJ":"1","J9":"1"},"HJ":{"9R":"1","9V":"1","CR":"1","CV":"1","8R":"1"},"3G":{"W5":"1","W4":"1","V4":"1","V5":"1"},"9R":{"HH":"1","HJ":"1","GJ":"1","GH":"1"},"PC":{"G4":"1","H4":"1","G3":"1","H3":"1","F4":"1","F3":"1"},"VF":{"PQ":"1"},"8H":{"4X":"1","2V":"1","P9":"1","HF":"1","43":"1","M8":"1","H9":"1","RC":"1","53":"1","CW":"1","R8":"1","JF":"1","PF":"1","V6":"1","GC":"1","C9":"1","5V":"1","MX":"1","GF":"1","Q9":"1","2R":"1","FX":"1","QG":"1","MF":"1","V5":"1","26":"1","R7":"1","7C":"1","Q7":"1","64":"1","M9":"1","33":"1","HC":"1","27":"1","54":"1","P7":"1","PJ":"1","PC":"1","H7":"1","H8":"1","RP":"1","QC":"1","J7":"1","44":"1","37":"1","CX":"1","R9":"1","46":"1","QP":"1","6V":"1","7Q":"1","MC":"1","Q8":"1","J8":"1","23":"1","G8":"1","QJ":"1","2X":"1","J9":"1","47":"1","QM":"1","P8":"1","MQ":"1","M7":"1","V9":"1","JC":"1"},"8G":{"PW":"1"},"7G":{"Q6":"1","R6":"1","V7":"1","R7":"1","V8":"1","Q7":"1","R8":"1"},"9P":{"3Q":"1","2R":"1","4R":"1","5R":"1","4Q":"1","4V":"1","5V":"1","3R":"1","2Q":"1"},"4G":{"8J":"1","9H":"1","9M":"1","CM":"1","7H":"1","CH":"1","CJ":"1","8H":"1","9J":"1"},"7H":{"XQ":"1","X6":"1","XP":"1","QM":"1","HH":"1","CX":"1","X3":"1","JM":"1"},"9W":{"8P":"1"},"R9":{"Q6":"1","W5":"1"},"FQ":{"H2":"1"},"22":{"28":"1","37":"1","26":"1","38":"1","48":"1","27":"1","47":"1"},"V9":{"22":"1"}},"MP":{"24":{"RJ":"1","PM":"1","QJ":"1","PH":"1","QH":"1","RM":"1","PJ":"1","QM":"1","RH":"1"}},"CQ":{"VX":{"GR":"1"},"WV":{"6C":"1"}},"GR":{"29":{"Q7":"1"}},"9J":{"GW":{"39":"1","F6":"1","P6":"1","F5":"1","F4":"1","42":"1"},"FW":{"G6":"1","H6":"1","W2":"1","9W":"1","FQ":"1","P3":"1","J2":"1","H5":"1","74":"1","M3":"1","X3":"1","H4":"1"},"FV":{"GW":"1","VX":"1","XX":"1","FV":"1"},"FX":{"2V":"1"},"CW":{"23":"1","22":"1"},"9W":{"RM":"1"},"47":{"F5":"1"},"9M":{"64":"1","73":"1","63":"1"},"GV":{"2W":"1","GX":"1","HX":"1"},"46":{"FG":"1"}},"55":{"VJ":{"QQ":"1","QP":"1","PQ":"1","PP":"1"}},"WV":{"6Q":{"7X":"1","6X":"1","5X":"1","7W":"1","5W":"1","6W":"1"},"XV":{"9R":"1"},"XR":{"MW":"1","MV":"1"},"5Q":{"WR":"1"},"GX":{"XG":"1","XH":"1"},"6R":{"43":"1","72":"1","63":"1","73":"1","62":"1","64":"1","84":"1","42":"1","93":"1","75":"1","83":"1","82":"1","95":"1","74":"1","53":"1","85":"1","52":"1","94":"1"},"HX":{"2H":"1","3H":"1","2J":"1","2G":"1"}},"FV":{"RM":{"C6":"1","97":"1","96":"1","C7":"1","98":"1"},"G4":{"9H":"1"},"38":{"3M":"1"},"WM":{"M6":"1"},"J4":{"6R":"1","5R":"1","6V":"1","5V":"1"},"75":{"P2":"1","M2":"1","P3":"1","M3":"1"},"QM":{"7F":"1","6F":"1","7G":"1","6G":"1"},"FF":{"M4":"1","V6":"1","Q5":"1","P5":"1","Q4":"1","P3":"1","V3":"1","M5":"1","R4":"1","R3":"1","Q3":"1","C3":"1","V5":"1","V4":"1","P4":"1","R5":"1","M3":"1"},"5H":{"WP":"1","J5":"1"},"74":{"MW":"1","MX":"1","PW":"1","PX":"1"},"36":{"X6":"1"},"H4":{"W9":"1","W8":"1","V8":"1","V9":"1"},"P2":{"G6":"1"}},"HM":{"FQ":{"HV":"1"},"3C":{"R8":"1"},"4G":{"6Q":"1"},"QJ":{"WG":"1","WH":"1","VG":"1","VH":"1"},"5P":{"FG":"1"},"2X":{"43":"1"},"PJ":{"C9":"1"},"FV":{"G7":"1","F7":"1","C6":"1","F6":"1","C7":"1"}},"7W":{"58":{"J4":"1"}},"6J":{"9P":{"QW":"1"},"XR":{"JQ":"1"}},"GQ":{"FQ":{"X2":"1"},"H8":{"M4":"1","G5":"1","J3":"1","H3":"1","J4":"1","F5":"1","F3":"1","93":"1","M5":"1","H5":"1","92":"1","F2":"1","C6":"1","C2":"1","G3":"1","C3":"1","F6":"1","J5":"1","C5":"1","C4":"1"},"73":{"2M":"1","2P":"1","8P":"1","4J":"1","4P":"1","4M":"1","5J":"1","8R":"1","6M":"1","7M":"1","3M":"1","6R":"1","6P":"1","4Q":"1","4R":"1","8Q":"1","3J":"1","4H":"1","6J":"1","6Q":"1","7P":"1","5P":"1","5Q":"1","7Q":"1","7R":"1","3Q":"1","3P":"1","5R":"1","5M":"1"},"FM":{"W6":"1"},"G7":{"FG":"1","W2":"1","7H":"1","6H":"1","7J":"1","C9":"1","CG":"1","PJ":"1","6M":"1","JM":"1","V2":"1","6J":"1","CH":"1"},"85":{"CC":"1"},"F7":{"MC":"1","M8":"1","JX":"1","M9":"1","J9":"1"},"G6":{"VX":"1","WX":"1"},"HG":{"WG":"1","WF":"1","VG":"1","VF":"1","RG":"1","RF":"1"},"FP":{"QQ":"1","WW":"1","WV":"1"},"GJ":{"MQ":"1"},"63":{"XP":"1","XM":"1"},"M5":{"2F":"1"},"G8":{"44":"1","43":"1","34":"1","33":"1"},"2P":{"XG":"1","VQ":"1","QH":"1","QF":"1"},"78":{"Q2":"1","J2":"1"},"77":{"MM":"1","PR":"1","JQ":"1","MV":"1","HW":"1","PX":"1","MQ":"1","MP":"1","RV":"1","MR":"1","MX":"1","MW":"1","QR":"1","QV":"1","JP":"1","JV":"1","RX":"1","QW":"1","QX":"1","JR":"1","PQ":"1","JW":"1","HV":"1","RW":"1","PV":"1","JM":"1","PW":"1","PP":"1","JX":"1","HX":"1"}},"WP":{"6J":{"Q6":"1","P8":"1","Q5":"1","Q4":"1","R7":"1","R4":"1","R3":"1","Q3":"1","R8":"1","P4":"1","Q7":"1","P7":"1","P6":"1","Q8":"1"}},"9H":{"89":{"F5":"1"},"88":{"4J":"1","QG":"1"},"98":{"7F":"1","45":"1","68":"1","C4":"1","55":"1"}},"5V":{"5J":{"JP":"1","WP":"1"},"7M":{"H6":"1","93":"1"},"5P":{"W3":"1","W2":"1","V3":"1","R2":"1","V2":"1"},"R4":{"9W":"1","9V":"1","CW":"1"},"5M":{"M4":"1","X6":"1","8F":"1","HF":"1","6J":"1","P5":"1","P4":"1","25":"1","X4":"1","W5":"1","W4":"1","9C":"1","5M":"1","5J":"1","M5":"1","X5":"1","9F":"1","8C":"1"},"6P":{"3C":"1","2C":"1","3G":"1","2G":"1","3F":"1","2F":"1"},"6M":{"QJ":"1","26":"1","25":"1","24":"1"},"4M":{"X6":"1","W3":"1","X3":"1","X4":"1","W5":"1","W4":"1","V4":"1","W6":"1","X5":"1","V5":"1"}},"36":{"6X":{"VH":"1"}},"W9":{"XG":{"38":"1"}},"8G":{"Q3":{"J8":"1"},"X5":{"95":"1"}},"VX":{"G6":{"FV":"1"},"X4":{"PR":"1","FG":"1","GG":"1","8J":"1","GH":"1","MQ":"1","9M":"1","MR":"1","QR":"1","FH":"1","QQ":"1","6P":"1","6M":"1","PQ":"1","PV":"1","9J":"1","8M":"1"},"W4":{"RJ":"1","M8":"1","QJ":"1","P8":"1","P9":"1","PH":"1","QH":"1","M9":"1","PJ":"1","RH":"1"},"4X":{"VX":"1","XX":"1","WV":"1","WX":"1","RX":"1","QW":"1","QX":"1","VW":"1","RW":"1","XW":"1","WW":"1"}},"MH":{"45":{"H6":"1","F6":"1"},"86":{"RR":"1"},"38":{"VW":"1"},"MP":{"2H":"1","3H":"1"},"83":{"99":"1"},"J6":{"5M":"1"},"F9":{"RX":"1","54":"1"},"G8":{"PG":"1","MF":"1","PF":"1"},"C6":{"MW":"1"},"96":{"Q9":"1"},"78":{"XV":"1"},"C7":{"X7":"1"},"C5":{"F7":"1"},"CH":{"CM":"1"},"67":{"MM":"1"},"C4":{"98":"1"},"94":{"MF":"1"}},"7Q":{"RQ":{"2F":"1"}},"VV":{"HR":{"HR":"1"},"GV":{"XP":"1","XJ":"1","XM":"1"},"GR":{"XW":"1"},"HV":{"F4":"1","4H":"1","4P":"1","J4":"1","5P":"1","4Q":"1","3P":"1","3H":"1","2P":"1","2J":"1","2M":"1","4J":"1","5Q":"1","3J":"1","4M":"1","3M":"1"}},"JJ":{"R8":{"CQ":"1"},"Q7":{"JX":"1"},"7V":{"88":"1"},"6W":{"R5":"1","W2":"1"},"R5":{"6P":"1"},"PW":{"3V":"1"},"6V":{"JW":"1","WX":"1","M9":"1"},"Q8":{"M7":"1","P8":"1","J4":"1","R8":"1","Q9":"1","P7":"1","QW":"1","H4":"1","F7":"1","Q8":"1"}},"7G":{"C4":{"H5":"1","J4":"1","G4":"1","H4":"1","G3":"1","H3":"1","G5":"1","P7":"1","F4":"1"},"F5":{"FM":"1","CM":"1","FP":"1","FJ":"1","CJ":"1","GJ":"1","GM":"1"}},"JM":{"42":{"43":"1"}},"FF":{"R6":{"PC":"1"},"V7":{"96":"1"},"P5":{"6V":"1"},"W8":{"Q2":"1"},"2J":{"M8":"1","M7":"1"}},"MG":{"2W":{"H9":"1","J9":"1","PC":"1","H3":"1","Q4":"1","35":"1","CC":"1","P7":"1","9C":"1","78":"1","P6":"1","MH":"1","J5":"1","8M":"1"},"2X":{"CQ":"1"},"3W":{"8P":"1","8Q":"1","9P":"1","9Q":"1"}},"9G":{"FM":{"Q4":"1","Q3":"1"},"GJ":{"4W":"1","4V":"1","5W":"1"},"P7":{"G6":"1","H7":"1","G5":"1","H6":"1","G4":"1","J7":"1","J6":"1","H8":"1","H5":"1","J8":"1","J5":"1","H4":"1"}},"8R":{"HP":{"M6":"1","J8":"1","P4":"1","CG":"1","97":"1","P6":"1","94":"1"},"GP":{"W6":"1"},"JM":{"PG":"1","MH":"1","PH":"1","HH":"1","JH":"1","MG":"1","PJ":"1"},"MV":{"CQ":"1","FM":"1","CM":"1","9P":"1","CP":"1","FP":"1","GM":"1","GJ":"1","CJ":"1","FJ":"1","FH":"1","CH":"1"}},"CH":{"QR":{"94":"1","85":"1","84":"1","95":"1"},"QP":{"8W":"1"},"H5":{"4H":"1"},"MQ":{"3P":"1"},"GF":{"R5":"1"},"5M":{"53":"1","23":"1"},"F5":{"C3":"1","C4":"1","52":"1"},"8M":{"PW":"1","QW":"1"},"JQ":{"PG":"1","PF":"1","MG":"1"}},"HP":{"64":{"6C":"1"},"73":{"M8":"1"},"2W":{"4G":"1","5H":"1","5G":"1","4H":"1"},"45":{"2C":"1","2F":"1"},"44":{"QC":"1","RF":"1","PX":"1"},"25":{"PG":"1","5Q":"1","MF":"1","PF":"1","MG":"1","6P":"1"},"35":{"8F":"1","GF":"1","XC":"1","MJ":"1","FG":"1","XG":"1","JC":"1","GG":"1","8J":"1","GM":"1","9M":"1","RH":"1","9F":"1","CF":"1","CJ":"1","XF":"1","HH":"1","CG":"1","JG":"1","PJ":"1","9G":"1","HF":"1","9J":"1","MH":"1","8M":"1"},"2X":{"7R":"1","7X":"1","6Q":"1","8Q":"1","7Q":"1","8R":"1","6R":"1"},"99":{"JX":"1","MX":"1"},"9C":{"J2":"1","H2":"1","M2":"1","H3":"1","RF":"1"},"56":{"39":"1","4C":"1"}},"JG":{"XW":{"7J":"1","WG":"1","WH":"1"},"RX":{"FV":"1"},"VX":{"QG":"1"},"WX":{"W9":"1"},"WW":{"WM":"1","VQ":"1","RR":"1","VR":"1","C2":"1"},"WV":{"4M":"1","5M":"1"},"VW":{"F5":"1"}},"2X":{"2P":{"28":"1","C4":"1","G3":"1"}},"7F":{"4J":{"9J":"1"},"V3":{"9P":"1","VR":"1","9Q":"1","CP":"1"}},"P4":{"QR":{"3J":"1"}},"5H":{"J3":{"GH":"1"},"M3":{"4F":"1"}},"RF":{"RM":{"2M":"1","3Q":"1","7H":"1","8H":"1","2Q":"1","3P":"1","2P":"1"},"QM":{"XP":"1","WP":"1","XQ":"1","XM":"1"}},"GG":{"5F":{"Q6":"1","P4":"1","P6":"1"},"53":{"JQ":"1","MJ":"1","FM":"1","PM":"1","MG":"1","GM":"1","9H":"1","JG":"1","8H":"1","9J":"1"},"M7":{"68":"1","3H":"1","4F":"1","3J":"1","59":"1","58":"1"},"J7":{"Q9":"1","P9":"1","R9":"1","QC":"1","QF":"1"},"M6":{"RX":"1","RW":"1","PW":"1","QW":"1","QX":"1","PX":"1"}},"JH":{"M4":{"7R":"1"},"X9":{"3H":"1"},"J2":{"GM":"1"},"7H":{"XM":"1","RG":"1"},"8H":{"2M":"1","3M":"1","3J":"1","4M":"1","2P":"1"},"V5":{"RH":"1"},"F3":{"VP":"1"}},"3M":{"3C":{"57":"1","59":"1","47":"1","48":"1","69":"1","68":"1","58":"1","49":"1","RX":"1","QW":"1","QX":"1","RW":"1","67":"1"},"39":{"36":"1","75":"1","45":"1","35":"1","6C":"1","46":"1"},"3G":{"JG":"1","HG":"1","HH":"1","JH":"1"},"3F":{"P2":"1","Q2":"1","Q4":"1","Q3":"1","P4":"1","P3":"1","R3":"1"},"4J":{"XP":"1"},"4C":{"6Q":"1"}},"9C":{"HW":{"CH":"1"},"WH":{"6M":"1"},"GV":{"2J":"1","22":"1"},"FR":{"XW":"1","HP":"1","XV":"1","XX":"1"},"5M":{"6C":"1"},"GR":{"PM":"1","2W":"1","2V":"1","HH":"1","2X":"1"},"FV":{"57":"1","X2":"1","66":"1","45":"1","65":"1","P8":"1","48":"1","46":"1","56":"1","55":"1"}},"VW":{"6J":{"45":"1"},"5H":{"RP":"1","RM":"1","QM":"1"},"3G":{"32":"1","62":"1","52":"1","23":"1","43":"1","22":"1","24":"1","42":"1","33":"1"},"2G":{"X5":"1","W2":"1","W4":"1","X4":"1","W3":"1","V3":"1","X2":"1","W5":"1","X3":"1","V2":"1"},"3J":{"XG":"1","74":"1","XJ":"1","XH":"1"},"3F":{"5W":"1","3V":"1","5X":"1","3W":"1","4C":"1","9P":"1","3C":"1","7W":"1","4W":"1","2X":"1","3X":"1","JP":"1","6W":"1","2W":"1","5V":"1","4X":"1","4V":"1","6V":"1","6X":"1"},"JC":{"GJ":"1"},"4J":{"98":"1","2G":"1","G9":"1","F9":"1","C9":"1","F8":"1","G8":"1","C6":"1","C8":"1","G7":"1","97":"1","C7":"1","F6":"1","F7":"1"},"2F":{"XW":"1","PG":"1","VX":"1","XX":"1","MG":"1","WX":"1","WW":"1"}},"J9":{"FJ":{"4M":"1"}},"HQ":{"64":{"Q5":"1"},"22":{"75":"1","85":"1","44":"1"}},"5X":{"45":{"FH":"1"},"63":{"4P":"1","5Q":"1","4Q":"1","5P":"1"},"57":{"89":"1","VC":"1","G5":"1","MJ":"1","72":"1","RF":"1","MV":"1","PH":"1","57":"1","2G":"1","JC":"1","PM":"1","3F":"1","WM":"1","HC":"1","RG":"1","RJ":"1","WF":"1","VF":"1","V3":"1","7C":"1","3C":"1","H8":"1","QJ":"1","92":"1","XF":"1","F2":"1","C3":"1","C2":"1","C8":"1","V4":"1","PG":"1","QM":"1","HH":"1","RC":"1","R6":"1","Q7":"1","R5":"1","HQ":"1","PJ":"1","HP":"1","2C":"1","PV":"1","PP":"1","MH":"1","8C":"1","2F":"1","V2":"1","QH":"1","C4":"1"},"Q6":{"M4":"1","Q4":"1","Q5":"1","P5":"1","P4":"1","J4":"1","M5":"1","J5":"1"},"77":{"3M":"1"},"V6":{"M6":"1"},"65":{"89":"1","7X":"1","FX":"1","HW":"1","8J":"1","75":"1","4J":"1","9G":"1","CX":"1","HV":"1"},"56":{"XF":"1","W3":"1","RC":"1","X9":"1","C9":"1","7M":"1","5V":"1","MX":"1","FX":"1","V5":"1","WW":"1","WC":"1","XP":"1","GG":"1","VF":"1","5H":"1","99":"1","W4":"1","CX":"1","FF":"1","6V":"1","W9":"1","WF":"1","XC":"1","83":"1","VC":"1"},"47":{"M4":"1","XC":"1","XG":"1","Q6":"1","X6":"1","Q5":"1","P5":"1","XF":"1","Q7":"1","P7":"1","P6":"1"},"66":{"C5":"1","92":"1","84":"1","74":"1","M3":"1","93":"1","M9":"1","M5":"1","HX":"1","88":"1","RQ":"1","F4":"1","95":"1","8M":"1","83":"1","3F":"1","GJ":"1","78":"1","GR":"1","48":"1","M7":"1","F2":"1","GQ":"1","M4":"1","M8":"1","XG":"1","F3":"1","P7":"1","QR":"1","QQ":"1","J7":"1","JJ":"1","RP":"1","FJ":"1","HR":"1","M6":"1","J5":"1","82":"1","HP":"1","4X":"1","P3":"1","P4":"1","Q4":"1","J6":"1","P6":"1","68":"1","HQ":"1","Q6":"1","P9":"1","C6":"1","VQ":"1","GP":"1","P8":"1","96":"1","79":"1","72":"1","C3":"1","94":"1","77":"1","CW":"1","C4":"1","Q5":"1","4V":"1","89":"1","C2":"1","4C":"1","85":"1","3X":"1","P5":"1","J4":"1","VR":"1","7M":"1","RR":"1","J8":"1","64":"1"},"55":{"95":"1"},"46":{"QQ":"1","QP":"1","9W":"1","PQ":"1","PP":"1"},"44":{"2M":"1"},"76":{"4G":"1","4F":"1","J7":"1","V8":"1","5G":"1"},"R8":{"23":"1","25":"1","34":"1","24":"1"},"R6":{"C9":"1","FC":"1","H6":"1","PF":"1","QF":"1","98":"1"},"53":{"M4":"1","P5":"1","P4":"1","PH":"1","M5":"1","M6":"1"},"R5":{"QR":"1","HW":"1","MW":"1","RR":"1","MR":"1"},"85":{"WJ":"1"},"Q8":{"X4":"1","X5":"1"},"67":{"H4":"1","G4":"1","P9":"1","M4":"1","RC":"1","C3":"1","PF":"1","H3":"1","QF":"1","2H":"1","M9":"1","G3":"1","2J":"1","PC":"1","CC":"1","76":"1","QC":"1","46":"1","56":"1","MC":"1","J9":"1","88":"1","98":"1","H2":"1"}},"2M":{"CQ":{"QQ":"1"},"9V":{"W7":"1"},"CR":{"MC":"1"},"CV":{"46":"1"}},"VQ":{"6C":{"36":"1","45":"1","44":"1","23":"1","25":"1","35":"1","34":"1","24":"1","33":"1"},"5C":{"W3":"1","X3":"1","X4":"1","W4":"1","X5":"1"}},"GP":{"G2":{"X9":"1","W8":"1","VC":"1","XC":"1","W9":"1","WF":"1","WC":"1","VF":"1","V9":"1","XF":"1","VG":"1"},"M4":{"7X":"1"},"4J":{"3G":"1","2G":"1","3F":"1","2F":"1"},"4M":{"G5":"1"},"HG":{"RV":"1"},"3M":{"R5":"1","Q4":"1","Q5":"1","R4":"1"},"58":{"P2":"1"},"Q2":{"H8":"1","4V":"1"},"6J":{"CF":"1"},"JH":{"X6":"1","W5":"1","W6":"1","X5":"1"},"W7":{"6F":"1"},"X6":{"PG":"1","M6":"1"},"5Q":{"V7":"1","W5":"1","W7":"1","W6":"1","V6":"1"},"8F":{"MP":"1","PP":"1"},"W9":{"35":"1"},"7Q":{"Q6":"1","V6":"1","P8":"1","R7":"1","V7":"1","R8":"1","Q7":"1","R6":"1","P7":"1","V8":"1","P6":"1","H2":"1","Q8":"1"},"P5":{"VQ":"1"},"M5":{"7J":"1","XG":"1","8J":"1","8V":"1","FR":"1","7V":"1","7P":"1","7W":"1","8W":"1","7M":"1","8M":"1"},"68":{"CH":"1","FJ":"1","CJ":"1","FH":"1"},"X5":{"C7":"1"},"V9":{"7C":"1","6C":"1","69":"1","79":"1","98":"1"},"M7":{"V7":"1"}},"8F":{"H8":{"QX":"1"},"HW":{"4Q":"1"},"H9":{"W2":"1","P5":"1","M5":"1"},"JF":{"M5":"1"},"MF":{"5M":"1"},"6M":{"MP":"1","MM":"1"},"M9":{"3C":"1","26":"1","52":"1","2C":"1"},"J9":{"3F":"1","9J":"1","3C":"1","9M":"1","PQ":"1","9C":"1","RJ":"1","FM":"1","PR":"1","8J":"1","FW":"1","GW":"1","MR":"1","CM":"1","XQ":"1","RP":"1","9P":"1","CJ":"1","RM":"1","VJ":"1","37":"1","R9":"1","QP":"1","PP":"1","GM":"1","MP":"1","FP":"1","CP":"1","47":"1","8M":"1","QM":"1","GP":"1","MQ":"1","4C":"1","PM":"1"},"WW":{"97":"1","87":"1","88":"1","98":"1"},"2P":{"W5":"1","W6":"1","V5":"1","V6":"1"}},"98":{"CJ":{"M8":"1","MH":"1","J8":"1","M9":"1","J9":"1"}},"5Q":{"QR":{"M4":"1","J3":"1","J4":"1","CP":"1","HC":"1","P3":"1","J2":"1","J6":"1","C6":"1","M2":"1","M3":"1","H2":"1","P2":"1"},"QQ":{"JM":"1","PM":"1","JJ":"1","PP":"1","PQ":"1","MH":"1","JP":"1","PJ":"1","MJ":"1","MV":"1","MX":"1","RV":"1","MR":"1","HX":"1","PW":"1","QW":"1","HJ":"1","MW":"1","HM":"1","MQ":"1","RP":"1","PR":"1","QM":"1","RW":"1","RM":"1","PX":"1","P3":"1","MP":"1","QP":"1","QJ":"1","QQ":"1","QV":"1","JH":"1","MM":"1","PV":"1","JW":"1","RX":"1","QX":"1","JX":"1"},"QP":{"XJ":"1","XH":"1","XM":"1"},"VP":{"PR":"1","GW":"1","MV":"1","CW":"1","HW":"1","MQ":"1","GV":"1","MR":"1","QV":"1","QR":"1","QQ":"1","PQ":"1","HV":"1","GR":"1","PV":"1"},"VQ":{"R4":"1"},"XV":{"86":"1"},"WQ":{"42":"1"},"VR":{"P9":"1"},"RP":{"FW":"1","9W":"1","8J":"1","2H":"1","7W":"1","3H":"1","2J":"1","2M":"1","4J":"1","7V":"1","3J":"1","PV":"1","PW":"1","4M":"1","3M":"1","JX":"1"},"PQ":{"JH":"1"},"VM":{"M3":"1"}},"PH":{"RJ":{"P5":"1","R7":"1","P6":"1","W4":"1","M5":"1","M6":"1"},"VH":{"57":"1","66":"1","45":"1","65":"1","8P":"1","38":"1","9P":"1","8Q":"1","48":"1","46":"1","9Q":"1","56":"1","67":"1","55":"1","47":"1","58":"1"},"RH":{"RQ":"1","QR":"1","VQ":"1","RR":"1","VV":"1","VR":"1","RV":"1","QV":"1","WJ":"1"}},"QV":{"XG":{"XV":"1"}},"2J":{"XW":{"8J":"1","9H":"1","CH":"1","CJ":"1","9J":"1"},"JP":{"R3":"1"},"MQ":{"X7":"1","W7":"1"}},"8X":{"9R":{"HW":"1","JX":"1","HX":"1","JW":"1","JV":"1","HV":"1"},"9V":{"84":"1"},"2P":{"JQ":"1","MV":"1","HW":"1","MQ":"1","HR":"1","MR":"1","MW":"1","JV":"1","HQ":"1","JR":"1","JW":"1","HV":"1","JX":"1","HX":"1"}},"HH":{"MP":{"V9":"1"},"PP":{"CM":"1"}},"7V":{"WQ":{"F6":"1","G5":"1","F5":"1"}},"FW":{"33":{"93":"1"}},"CW":{"V6":{"H6":"1"}},"4H":{"F2":{"WQ":"1"},"2J":{"VJ":"1"}},"6F":{"36":{"W8":"1"},"35":{"HR":"1","FR":"1","PX":"1"}},"97":{"3V":{"4P":"1","5P":"1","4M":"1","5M":"1"},"2W":{"H9":"1","HC":"1"}},"FQ":{"RJ":{"X4":"1"},"68":{"9R":"1","5P":"1","6M":"1","4M":"1","5M":"1"},"RX":{"J6":"1","M8":"1","H9":"1","P6":"1","G7":"1","R7":"1","Q5":"1","Q7":"1","M9":"1","M6":"1","H6":"1","HC":"1","P7":"1","G5":"1","H7":"1","G6":"1","H8":"1","J5":"1","J7":"1","Q8":"1","P5":"1","J8":"1","G8":"1","H5":"1","Q6":"1","J9":"1","P8":"1","R6":"1","M7":"1","JC":"1"},"JW":{"HH":"1","MJ":"1","QH":"1","MM":"1","FR":"1","HV":"1","HP":"1","GJ":"1","PG":"1","PF":"1","QF":"1","QG":"1","MG":"1","HR":"1","JM":"1","MF":"1","PH":"1","FM":"1","JQ":"1","GH":"1","JR":"1","HJ":"1","JH":"1","PJ":"1","GG":"1","HQ":"1","GR":"1","GQ":"1","GM":"1","MP":"1","FQ":"1","FP":"1","MH":"1","HM":"1","JP":"1","JJ":"1","GP":"1","JG":"1","PM":"1"},"J7":{"JH":"1","JJ":"1"},"PP":{"WJ":"1"},"C2":{"5H":"1"}},"Q7":{"24":{"MV":"1"}},"7P":{"5P":{"JG":"1"},"6P":{"CX":"1"}},"MX":{"9C":{"4F":"1"}},"MJ":{"8V":{"4R":"1","8Q":"1","4J":"1"},"7V":{"FR":"1","HG":"1"}},"5W":{"HW":{"83":"1","36":"1","37":"1","82":"1","27":"1","72":"1"},"GW":{"VH":"1"},"HV":{"CM":"1","8X":"1","3X":"1"},"6W":{"9G":"1","CG":"1","9J":"1","9H":"1","6G":"1","GF":"1","CF":"1","6H":"1","FH":"1","7J":"1","8J":"1","FC":"1","FG":"1","CC":"1","GG":"1","8H":"1","8G":"1","7G":"1","CJ":"1","7H":"1","FF":"1","9F":"1","CH":"1"}},"3X":{"3G":{"75":"1"}},"9M":{"C3":{"M7":"1"},"7X":{"HV":"1"},"6X":{"8V":"1"},"25":{"C9":"1"},"G2":{"H8":"1"},"5X":{"VP":"1"},"C2":{"XP":"1","RC":"1","V9":"1"},"72":{"PH":"1"}},"FR":{"X9":{"36":"1","45":"1","35":"1","46":"1"},"P5":{"46":"1"},"JX":{"45":"1","44":"1","54":"1","46":"1","56":"1","55":"1"},"GX":{"JX":"1"},"HX":{"M6":"1"},"2J":{"QH":"1"},"P3":{"FF":"1","88":"1","67":"1","C5":"1","78":"1","77":"1"},"7G":{"F7":"1"},"2Q":{"25":"1","35":"1","34":"1","24":"1"},"HV":{"6P":"1"},"2P":{"Q6":"1","M8":"1","P8":"1","M7":"1","P6":"1","P7":"1","M6":"1","Q7":"1"},"8C":{"83":"1","73":"1","82":"1","72":"1"}},"CP":{"29":{"G5":"1"},"WF":{"G9":"1"},"5M":{"3C":"1","4G":"1","5M":"1"},"QF":{"6H":"1","6J":"1"},"M9":{"5J":"1"}},"WW":{"XP":{"HF":"1","JW":"1","M2":"1","WR":"1","GF":"1","9C":"1","8G":"1","WV":"1"},"WM":{"P3":"1"},"VQ":{"8P":"1"},"XQ":{"H6":"1","P9":"1","PC":"1","38":"1","F5":"1","RV":"1","VV":"1","95":"1","C6":"1","V4":"1","X8":"1","Q9":"1","QC":"1","F6":"1","C5":"1","Q8":"1","C4":"1"},"WQ":{"H9":"1","J9":"1","58":"1"},"VR":{"R5":"1","J6":"1","M4":"1","43":"1","P6":"1","53":"1","55":"1","Q5":"1","64":"1","M6":"1","54":"1","P7":"1","J5":"1","45":"1","J7":"1","44":"1","P5":"1","M5":"1","P4":"1","Q6":"1","R6":"1","M7":"1"},"QX":{"5X":"1","9J":"1"},"49":{"GR":"1"},"XM":{"MW":"1","MX":"1","PW":"1","3W":"1","PX":"1"}},"G7":{"G7":{"92":"1"},"G6":{"64":"1","73":"1","9X":"1","75":"1","65":"1","74":"1","V4":"1"},"G5":{"8V":"1","GV":"1","7V":"1","7G":"1"}},"6X":{"W3":{"9M":"1","GV":"1","CX":"1","CW":"1"},"W4":{"M7":"1","H3":"1","M6":"1","C9":"1","G8":"1","C2":"1","P7":"1","H4":"1","H2":"1"}},"4Q":{"7P":{"5F":"1","4G":"1","5H":"1","XF":"1","4F":"1","5G":"1","4H":"1","6G":"1"},"6M":{"WR":"1","VQ":"1","MM":"1","CW":"1","PQ":"1","VW":"1","RQ":"1","FX":"1","WV":"1","RJ":"1","RW":"1","WW":"1","QR":"1","PR":"1","QV":"1","JQ":"1","GX":"1","FW":"1","WM":"1","GW":"1","MR":"1","VR":"1","XQ":"1","WP":"1","XP":"1","RR":"1","VX":"1","RP":"1","VV":"1","RM":"1","WH":"1","VJ":"1","RV":"1","CX":"1","QP":"1","PP":"1","VH":"1","MP":"1","WJ":"1","QW":"1","QQ":"1","QJ":"1","WQ":"1","QM":"1","VP":"1","VM":"1","MQ":"1","PV":"1","PM":"1"},"6P":{"V3":"1","M3":"1"}},"VR":{"MR":{"HW":"1","GW":"1","GV":"1","MX":"1","MH":"1","PH":"1","PJ":"1","MJ":"1","HV":"1"},"MV":{"M4":"1","J3":"1","H3":"1","G4":"1","J4":"1","M6":"1","F3":"1","P5":"1","P3":"1","M5":"1","J2":"1","J6":"1","G2":"1","G3":"1","P4":"1","M2":"1","M3":"1","P6":"1","J5":"1","H4":"1","H2":"1"}},"RH":{"5H":{"XP":"1","RQ":"1","WP":"1","VP":"1","WM":"1","VQ":"1","XQ":"1","WQ":"1","RP":"1","XM":"1","RM":"1","VM":"1"}},"GM":{"QH":{"6X":"1"},"HF":{"R5":"1","R6":"1","X5":"1","V6":"1"},"F6":{"29":"1","5F":"1","4F":"1"},"G7":{"4J":"1"},"HP":{"8R":"1"},"JF":{"2Q":"1"},"PF":{"7R":"1"},"C6":{"P5":"1","C6":"1","W7":"1","F3":"1"},"RW":{"WH":"1"},"VG":{"W3":"1","X4":"1","P3":"1","M3":"1"},"JH":{"JV":"1"},"VF":{"HP":"1","MQ":"1"},"HQ":{"53":"1"},"F7":{"F7":"1","QC":"1","Q8":"1","JH":"1"},"RM":{"7R":"1"},"W4":{"8G":"1"},"VJ":{"93":"1"},"WG":{"36":"1"},"F5":{"8F":"1"},"QP":{"2G":"1"},"Q8":{"W6":"1"},"8W":{"9X":"1"},"M5":{"48":"1"}},"6P":{"47":{"3C":"1"}},"HJ":{"3F":{"69":"1"}},"7X":{"XP":{"G6":"1","H7":"1","G5":"1","F4":"1","G4":"1","F5":"1","G8":"1","G7":"1","F6":"1","F7":"1","C5":"1","C4":"1"},"WM":{"JF":"1","P4":"1","R7":"1","Q8":"1","Q7":"1"},"MH":{"JF":"1","W4":"1"},"VG":{"CR":"1"},"PH":{"C8":"1"},"V8":{"97":"1","98":"1"},"XM":{"39":"1","68":"1","2C":"1","38":"1","7C":"1","6C":"1","69":"1","49":"1","79":"1","78":"1"},"RH":{"JC":"1"},"M6":{"9P":"1"}},"GF":{"GF":{"6R":"1","HR":"1","JR":"1","JV":"1","HV":"1"},"FC":{"6V":"1"},"57":{"7R":"1"},"38":{"X3":"1"},"47":{"HJ":"1","GP":"1","WP":"1","H7":"1","XQ":"1","MV":"1","FM":"1","JJ":"1","4H":"1","HW":"1","WM":"1","2V":"1","M6":"1","CP":"1","RP":"1","GM":"1","RV":"1","GV":"1","GJ":"1","3P":"1","G8":"1","HM":"1","G7":"1","4J":"1","QW":"1","HP":"1","JM":"1","8W":"1"},"48":{"P2":"1","68":"1","53":"1","R2":"1","R8":"1"},"58":{"3Q":"1","2Q":"1"},"G3":{"GF":"1"},"FF":{"R5":"1","PG":"1","V8":"1","QC":"1","V9":"1","QG":"1","RG":"1","JJ":"1","CC":"1"},"88":{"WH":"1"},"2C":{"23":"1"},"37":{"G7":"1","PW":"1","QX":"1","MG":"1","G8":"1"},"H4":{"53":"1"}},"QW":{"J6":{"J6":"1","P9":"1","HF":"1","M8":"1","H9":"1","P6":"1","RC":"1","G7":"1","R8":"1","PG":"1","8R":"1","JF":"1","PF":"1","V6":"1","G9":"1","7V":"1","8V":"1","Q9":"1","QF":"1","RF":"1","8Q":"1","QG":"1","MG":"1","MF":"1","R7":"1","9V":"1","Q7":"1","M9":"1","V7":"1","M6":"1","H6":"1","HC":"1","9R":"1","P7":"1","PC":"1","H7":"1","G6":"1","H8":"1","J5":"1","QC":"1","J7":"1","9Q":"1","R9":"1","Q8":"1","MC":"1","7R":"1","P5":"1","J8":"1","V8":"1","G8":"1","VC":"1","H5":"1","M5":"1","MH":"1","Q6":"1","J9":"1","P8":"1","JG":"1","R6":"1","V9":"1","M7":"1","JC":"1"}},"64":{"3C":{"V5":"1"}},"GH":{"5V":{"QX":"1"}},"8V":{"Q6":{"VG":"1","RG":"1"},"M8":{"JF":"1","9M":"1","HF":"1","7Q":"1","JG":"1","MH":"1","HG":"1","HH":"1","HJ":"1","JH":"1","MG":"1","JJ":"1","MJ":"1"},"6J":{"V3":"1"},"P8":{"3F":"1"},"Q8":{"5G":"1"},"FH":{"3W":"1"}},"CF":{"94":{"JW":"1"},"85":{"MM":"1","RM":"1","XC":"1","QP":"1","PM":"1","RJ":"1","MP":"1","QJ":"1","VJ":"1","QM":"1","JV":"1","PP":"1","VM":"1"},"87":{"62":"1","53":"1","63":"1"},"PP":{"93":"1"},"FJ":{"X6":"1","WP":"1","VP":"1","VQ":"1","W6":"1","X5":"1"},"CJ":{"QQ":"1","QP":"1","PQ":"1","PP":"1"},"QX":{"5P":"1","6M":"1","5M":"1","6P":"1"},"86":{"C9":"1","HR":"1","GV":"1","FH":"1","GR":"1","HV":"1"},"PX":{"GQ":"1","HQ":"1","JP":"1","HM":"1","HP":"1","GP":"1","JM":"1","CR":"1","CV":"1","GM":"1"}},"8C":{"W5":{"QH":"1","QG":"1"}}}}