{"index":{"university,1|retail,2|tourism,3|wreck,4|historical,5|artsCulture,6|namedBuilding,7|water,8|wetland,9|park,10|beach,11|natureReserve,12|cemetery,13|trail,14":{}},"6H":{"X5":{"W6":{"VC":"1","WF":"1","WC":"1","VF":"1"}},"F4":{"MH":{"Q9":"1","MC":"1","P9":"1","M9":"1","PC":"1"}},"W9":{"F9":{"G4":"1","G3":"1","H3":"1"}},"X6":{"H2":{"6Q":"1"},"G2":{"WX":"1","WW":"1"},"H3":{"76":"1","68":"1"}},"X4":{"83":{"CR":"1"},"9R":{"4J":"1","4M":"1","5J":"1","5F":"1","6M":"1","7M":"1","6G":"1","6P":"1","6H":"1","6F":"1","4H":"1","5G":"1","7J":"1","6J":"1","8J":"1","4F":"1","5P":"1","8H":"1","8G":"1","7G":"1","4G":"1","5H":"1","7H":"1","5M":"1"},"84":{"5F":"1"},"9Q":{"4R":"1"},"C2":{"2M":"1","2P":"1","9J":"1","8P":"1","4J":"1","FR":"1","9M":"1","4P":"1","GJ":"1","4M":"1","5J":"1","8R":"1","9H":"1","6M":"1","7M":"1","7V":"1","6R":"1","3M":"1","5V":"1","6P":"1","6H":"1","4Q":"1","FH":"1","4R":"1","8Q":"1","3J":"1","4H":"1","CQ":"1","FM":"1","7J":"1","6J":"1","8J":"1","GH":"1","6Q":"1","4V":"1","2J":"1","7P":"1","CM":"1","FJ":"1","9R":"1","5P":"1","GR":"1","8H":"1","5Q":"1","9P":"1","CJ":"1","5H":"1","7H":"1","GQ":"1","9Q":"1","6V":"1","7Q":"1","7R":"1","3Q":"1","GM":"1","FQ":"1","3P":"1","5R":"1","FP":"1","CP":"1","3R":"1","8M":"1","GP":"1","CH":"1","CR":"1","5M":"1"}},"WC":{"CF":{"4G":"1"}},"J7":{"28":{"V8":"1","M6":"1"},"37":{"F7":"1","C8":"1","97":"1","C7":"1"},"27":{"PR":"1","QP":"1","PM":"1","RP":"1","QR":"1","QM":"1","RQ":"1","QQ":"1","VP":"1","RR":"1","PQ":"1","PP":"1"}},"R7":{"X8":{"7G":"1"}},"XF":{"F3":{"WF":"1","WC":"1"}},"7Q":{"7G":{"57":"1","68":"1","67":"1","58":"1"}},"W5":{"6H":{"J5":"1"}},"X3":{"JR":{"CQ":"1","GW":"1","FW":"1","9V":"1","FV":"1","CW":"1","9W":"1","8P":"1","9P":"1","CP":"1","FQ":"1","GV":"1","9Q":"1","8Q":"1","CR":"1","FR":"1","GQ":"1","8R":"1","CV":"1","8V":"1","GR":"1","9R":"1"},"JV":{"26":"1","22":"1"}},"V2":{"52":{"22":"1"},"42":{"Q2":"1","X2":"1","W3":"1","W2":"1","R3":"1","V3":"1","R2":"1","V2":"1"}},"H2":{"P2":{"QX":"1"},"Q3":{"28":"1","2G":"1"},"P3":{"F2":"1"}}}}