{"index":{"university,1|retail,2|tourism,3|wreck,4|historical,5|artsCulture,6|namedBuilding,7|water,8|wetland,9|park,10|beach,11|natureReserve,12|cemetery,13|trail,14":{}},"6J":{"FM":{"94":{"62":"1","92":"1","82":"1","63":"1","72":"1"},"MC":{"RJ":"1"},"93":{"9X":"1","RR":"1","WQ":"1","8X":"1","QV":"1","RV":"1"},"PC":{"2F":"1"}},"WR":{"WR":{"2H":"1","2J":"1","58":"1"},"JV":{"2M":"1","FW":"1"},"HV":{"8P":"1","73":"1","FR":"1","4P":"1","4M":"1","8R":"1","6M":"1","6R":"1","7M":"1","6P":"1","4Q":"1","4R":"1","8Q":"1","52":"1","55":"1","CQ":"1","7J":"1","63":"1","6Q":"1","7P":"1","VR":"1","9R":"1","54":"1","5P":"1","GR":"1","5Q":"1","9P":"1","5H":"1","45":"1","GQ":"1","9Q":"1","46":"1","82":"1","7Q":"1","56":"1","7R":"1","3Q":"1","FQ":"1","3P":"1","5R":"1","72":"1","FP":"1","CP":"1","8M":"1","GP":"1","CR":"1","5M":"1","62":"1"},"JW":{"HP":"1","G3":"1"},"HX":{"G9":"1","GC":"1","XR":"1"},"XR":{"J6":"1","PP":"1"},"XM":{"VV":"1","WW":"1","VW":"1","WV":"1"},"XG":{"9M":"1","CM":"1","RX":"1","CJ":"1","VM":"1","9J":"1"},"MX":{"2M":"1","2P":"1"},"FX":{"HF":"1","85":"1","53":"1","JG":"1","CH":"1","X4":"1","HG":"1","RC":"1","QC":"1","V3":"1","V4":"1","RF":"1","J5":"1"},"HR":{"5W":"1","7X":"1","5X":"1","QR":"1","QQ":"1","6W":"1","RR":"1","6X":"1"},"RW":{"FQ":"1","GQ":"1","HQ":"1","H9":"1","GP":"1","FP":"1","V8":"1","HC":"1"},"WW":{"H8":"1","H9":"1","G9":"1","J8":"1"},"GV":{"GX":"1","HX":"1"},"PR":{"PM":"1","PP":"1"},"JQ":{"WP":"1","VP":"1","VQ":"1","WQ":"1"},"GX":{"PR":"1","JQ":"1","22":"1","F4":"1","X7":"1","MQ":"1","MR":"1","CJ":"1","27":"1","PQ":"1"},"FW":{"X5":"1","XQ":"1","W6":"1","V6":"1","7M":"1","W4":"1","X4":"1","7J":"1","W5":"1","8M":"1"},"JR":{"PW":"1","3X":"1","PX":"1"},"WM":{"7P":"1"},"GW":{"4V":"1","GH":"1","WV":"1","V5":"1","CG":"1","FF":"1","3X":"1","3R":"1","XQ":"1","CH":"1","W5":"1","24":"1","4Q":"1","9C":"1","HV":"1","9G":"1","XR":"1","XP":"1","V4":"1","R3":"1","5R":"1","MV":"1","CC":"1","9F":"1","FG":"1","W3":"1","VV":"1","MR":"1","RF":"1","RC":"1","HR":"1","9H":"1","V2":"1","4R":"1","R4":"1","WP":"1","X4":"1","3Q":"1","GG":"1","5V":"1","R2":"1","WQ":"1","3W":"1","JR":"1","FH":"1","WR":"1","2W":"1","4J":"1","FW":"1","JV":"1","W4":"1","23":"1","V3":"1","2X":"1","CF":"1"},"XJ":{"89":"1","7C":"1","5V":"1","79":"1","8C":"1"},"MR":{"V7":"1","R9":"1","WC":"1","V8":"1"},"VR":{"Q8":"1"},"XQ":{"M8":"1","M7":"1","P9":"1","P7":"1"},"XP":{"RJ":"1","QJ":"1","QH":"1","RH":"1"},"RP":{"VC":"1","3Q":"1","WF":"1","2R":"1","WC":"1","VF":"1","3R":"1","2Q":"1"},"VV":{"Q9":"1","R8":"1"},"RM":{"8J":"1"},"WH":{"9R":"1"},"VJ":{"J3":"1","Q2":"1","MP":"1","JH":"1","P3":"1","J2":"1","V4":"1","HH":"1","P4":"1","M2":"1","M3":"1","P2":"1"},"RV":{"74":"1","GM":"1"},"CX":{"GP":"1","JQ":"1","Q6":"1","P8":"1","MQ":"1","FQ":"1","GM":"1","MP":"1","HR":"1","FR":"1","GQ":"1","HM":"1","JP":"1","HQ":"1","JR":"1","HP":"1","GR":"1","Q8":"1"},"QP":{"XQ":"1"},"PP":{"6R":"1","PF":"1"},"VH":{"RJ":"1","MX":"1","JV":"1","QM":"1","PX":"1"},"WJ":{"4F":"1","8P":"1","3F":"1","7M":"1","8J":"1","7J":"1","HQ":"1","6M":"1","6J":"1","8M":"1"},"JX":{"XP":"1","2R":"1","2V":"1","XM":"1"},"QW":{"QR":"1","3R":"1"},"QQ":{"W3":"1","V3":"1","V2":"1"},"VP":{"94":"1","85":"1","95":"1","96":"1"},"VM":{"98":"1","99":"1","QP":"1","5F":"1","RP":"1","C9":"1","C8":"1","F7":"1","5G":"1","4G":"1"},"MW":{"R8":"1"}},"PM":{"5G":{"95":"1","C5":"1","C7":"1"}},"VX":{"8X":{"FQ":"1","CQ":"1","FR":"1","CR":"1"},"HW":{"XQ":"1","XX":"1"},"3X":{"VQ":"1","RR":"1","RX":"1","VR":"1"},"2W":{"HG":"1","HH":"1","HJ":"1","GJ":"1","JH":"1","JJ":"1","GH":"1"},"HQ":{"HR":"1","GX":"1","FX":"1"},"5V":{"4F":"1"},"6R":{"5P":"1","6P":"1"},"6V":{"HH":"1","8C":"1"}},"XV":{"FG":{"M7":"1","GP":"1","7M":"1","8J":"1","M6":"1","9M":"1","J7":"1","J6":"1","7J":"1","9H":"1","M8":"1","GQ":"1","J8":"1","8H":"1","9J":"1","8M":"1"},"X5":{"FR":"1","97":"1","H4":"1","CR":"1","7C":"1","6C":"1"},"W2":{"68":"1","PQ":"1","MQ":"1","67":"1"},"Q6":{"R5":"1","Q5":"1"},"HW":{"MJ":"1","PH":"1","MG":"1","JH":"1","JG":"1","PJ":"1","MH":"1"},"4R":{"XM":"1"},"X4":{"4G":"1","4H":"1"},"Q4":{"64":"1","2R":"1","25":"1","35":"1","3R":"1"},"P3":{"Q6":"1","XC":"1","P6":"1","P7":"1","Q7":"1"},"XX":{"28":"1","27":"1"},"M5":{"76":"1","75":"1"},"R4":{"5Q":"1"},"MX":{"F7":"1"},"FR":{"83":"1","73":"1","74":"1","82":"1","72":"1"},"WX":{"X8":"1","RX":"1","X7":"1"},"R5":{"P5":"1","P4":"1","V2":"1"},"X3":{"GM":"1"},"HV":{"C9":"1"},"8W":{"G9":"1"},"WW":{"PM":"1"},"V2":{"PH":"1","PJ":"1"},"H4":{"MC":"1","JC":"1","M9":"1"},"HX":{"GF":"1","FG":"1","FC":"1","H9":"1","J9":"1","HG":"1","JC":"1","GG":"1","GC":"1","HC":"1","CF":"1","FF":"1","CG":"1","JF":"1","JG":"1","HF":"1"},"JX":{"43":"1","63":"1","54":"1","62":"1","44":"1","53":"1","52":"1"},"CH":{"H7":"1","H9":"1","H6":"1","G9":"1","J7":"1","J6":"1","H8":"1","G8":"1","J8":"1","J5":"1"}},"XX":{"77":{"MC":"1"}},"GJ":{"GX":{"GX":"1"}},"WV":{"9V":{"86":"1","F4":"1","G4":"1","84":"1","F5":"1","F3":"1","93":"1","95":"1","C6":"1","C3":"1","96":"1","85":"1","F6":"1","C5":"1","C4":"1","94":"1"},"C5":{"RJ":"1","W3":"1"},"93":{"62":"1","WF":"1"},"48":{"MW":"1","JW":"1","MR":"1","JR":"1","JV":"1","MV":"1"},"PP":{"9R":"1","8P":"1","7X":"1","9P":"1","8Q":"1","6X":"1","CR":"1","9Q":"1","CV":"1","6W":"1","8R":"1"},"W9":{"2X":"1","3X":"1"},"F3":{"Q6":"1","Q2":"1","R6":"1","R7":"1","J9":"1","Q7":"1"},"C3":{"68":"1"},"PQ":{"95":"1","73":"1","8R":"1","65":"1","86":"1","87":"1","8V":"1","84":"1","8Q":"1","CQ":"1","9V":"1","63":"1","64":"1","CV":"1","7X":"1","9R":"1","85":"1","77":"1","76":"1","9Q":"1","75":"1","96":"1","7Q":"1","7R":"1","83":"1","72":"1","94":"1","93":"1","74":"1","CR":"1","62":"1"},"59":{"FV":"1"},"5H":{"F2":"1","H2":"1","G2":"1","G3":"1","H3":"1","F3":"1"},"JP":{"Q2":"1"},"PJ":{"CW":"1"},"94":{"JG":"1"},"95":{"WF":"1","RF":"1"},"7G":{"7X":"1","6X":"1","8X":"1"},"76":{"XM":"1"},"87":{"H5":"1","G6":"1","H4":"1","G5":"1"},"V9":{"XX":"1"},"86":{"5F":"1","5C":"1"},"49":{"RW":"1","VV":"1","QW":"1","RV":"1","QV":"1","VW":"1"},"MX":{"XG":"1","XF":"1","XC":"1"},"7H":{"72":"1","73":"1","62":"1","83":"1","82":"1","92":"1","F8":"1","G8":"1","C8":"1","G7":"1","C7":"1","F6":"1","F7":"1"},"H3":{"CQ":"1","38":"1","5X":"1","48":"1","49":"1","9Q":"1","4X":"1"},"5C":{"PH":"1","RH":"1","CJ":"1","9H":"1","PG":"1","87":"1","9J":"1","MH":"1","QH":"1","CH":"1"},"84":{"FC":"1","GC":"1","G2":"1"},"GJ":{"37":"1","44":"1","26":"1","27":"1"},"J2":{"Q4":"1","FM":"1","HM":"1","Q5":"1","HP":"1","P4":"1","GP":"1","FJ":"1","HJ":"1","GJ":"1","GM":"1"},"G3":{"5P":"1","GF":"1","5M":"1"},"R2":{"VM":"1"},"QM":{"72":"1","63":"1","73":"1","62":"1","65":"1","64":"1","84":"1","93":"1","75":"1","83":"1","82":"1","92":"1","C2":"1","53":"1","74":"1","52":"1","94":"1"},"C2":{"89":"1"},"WC":{"32":"1","23":"1","22":"1"},"66":{"HW":"1","GW":"1","VQ":"1","GX":"1","GV":"1","FW":"1","WQ":"1","VR":"1","FX":"1","WR":"1","HV":"1"},"PX":{"2C":"1","2F":"1"},"H2":{"X5":"1"},"P3":{"85":"1","86":"1"},"MP":{"PG":"1","XQ":"1","26":"1","XV":"1","XR":"1","WR":"1","QG":"1","WV":"1"},"5G":{"GW":"1","JX":"1","GX":"1","HX":"1","FX":"1"},"QJ":{"4X":"1","8X":"1","J6":"1","P6":"1","7V":"1","6X":"1","5W":"1","7W":"1","M6":"1","H6":"1","7X":"1","5X":"1","J7":"1","CX":"1","9W":"1","6V":"1","6W":"1","8W":"1","M5":"1","9X":"1","M7":"1"},"H4":{"52":"1","42":"1"},"G4":{"HW":"1","GW":"1","GX":"1","HX":"1"},"4G":{"2M":"1","3M":"1"},"C4":{"83":"1","84":"1","7G":"1","8G":"1"},"Q9":{"JQ":"1","MV":"1","MQ":"1","HR":"1","MR":"1","PF":"1","JV":"1","HQ":"1","JR":"1","PQ":"1"},"6C":{"62":"1","52":"1","42":"1"},"6G":{"XW":"1","MR":"1","PR":"1","MQ":"1","XX":"1","WX":"1","WW":"1"},"F5":{"XC":"1","MG":"1"},"PV":{"MJ":"1"},"M4":{"MJ":"1","QH":"1","MM":"1","HP":"1","PG":"1","QG":"1","MG":"1","JM":"1","PH":"1","JQ":"1","PJ":"1","HQ":"1","GQ":"1","PP":"1","MP":"1","QJ":"1","MH":"1","HM":"1","JP":"1","JJ":"1","GP":"1","MQ":"1","PM":"1"},"VC":{"X2":"1","X3":"1"},"F2":{"2H":"1","3J":"1","4J":"1","4H":"1"},"6J":{"R5":"1","Q3":"1","R3":"1","V3":"1","R4":"1","V4":"1","R2":"1","V5":"1"},"69":{"2W":"1","4W":"1","6X":"1","2X":"1","3X":"1","5X":"1","3W":"1","5W":"1","4X":"1","6W":"1"},"Q4":{"57":"1","66":"1","56":"1","67":"1","47":"1","58":"1"},"85":{"V8":"1"},"68":{"53":"1","52":"1","43":"1","42":"1"}},"HM":{"WG":{"FX":"1","PV":"1","MV":"1"},"WH":{"F2":"1"}},"XR":{"F8":{"CQ":"1","9V":"1","5J":"1","VR":"1","VF":"1","9Q":"1","VH":"1","CR":"1","5M":"1","6M":"1","HP":"1","9R":"1","6J":"1"},"FP":{"89":"1","88":"1"},"2Q":{"2Q":"1","3P":"1","2P":"1"},"CG":{"XQ":"1","RW":"1","XJ":"1","QW":"1","RV":"1","QV":"1","XH":"1"},"4F":{"2M":"1","2R":"1","2Q":"1","2P":"1"},"VC":{"RQ":"1"},"6G":{"WP":"1","WM":"1","VQ":"1"},"8W":{"CQ":"1"},"HG":{"X9":"1","45":"1","XC":"1","PH":"1","57":"1","W9":"1","56":"1","R9":"1","47":"1","RJ":"1","WF":"1","WC":"1","QJ":"1","55":"1","QG":"1","46":"1","XF":"1","PJ":"1","QH":"1"},"WX":{"W5":"1"},"6H":{"R4":"1","M5":"1"},"V9":{"3M":"1","2J":"1"},"8H":{"5X":"1"},"M9":{"H5":"1"},"CR":{"QQ":"1"},"5P":{"68":"1","X7":"1","4J":"1","69":"1","78":"1"},"HX":{"PM":"1","MC":"1","QJ":"1","MF":"1","PF":"1","MM":"1","PJ":"1","QM":"1","MJ":"1","PC":"1"},"WH":{"J3":"1","6P":"1"},"MQ":{"VC":"1","RF":"1","3Q":"1","MG":"1","4Q":"1","VF":"1","MF":"1","RC":"1","QC":"1"},"6R":{"WF":"1","XF":"1"},"GV":{"4W":"1"},"3R":{"R9":"1","R8":"1"},"3Q":{"Q2":"1","P2":"1"},"CV":{"J2":"1"},"RV":{"26":"1","27":"1"},"FG":{"3Q":"1","2R":"1","7X":"1","6X":"1","3R":"1","2Q":"1","3P":"1","2P":"1"},"XC":{"83":"1","73":"1","76":"1","75":"1","74":"1","9F":"1"},"XP":{"3W":"1"},"8M":{"FM":"1","CM":"1"},"H8":{"M4":"1","M5":"1"},"RW":{"WR":"1"},"QJ":{"Q5":"1","P5":"1","P4":"1","4W":"1","3X":"1","4X":"1"},"VJ":{"9W":"1","23":"1","9V":"1","22":"1"},"5M":{"W5":"1","V5":"1"},"FH":{"54":"1","HG":"1"},"3F":{"XP":"1","RQ":"1","WP":"1","VP":"1","VQ":"1","XQ":"1","RR":"1","VV":"1","XV":"1","XR":"1","WQ":"1","VR":"1","WR":"1","RV":"1","XM":"1","WV":"1"},"XW":{"7M":"1"},"9F":{"6G":"1"},"GJ":{"6H":"1","5H":"1","RW":"1"},"PM":{"28":"1","29":"1","39":"1","HR":"1","38":"1","27":"1","GR":"1"},"GR":{"GF":"1","FC":"1","H9":"1","J9":"1","JC":"1","GC":"1","HC":"1","G9":"1","MC":"1","JF":"1","M9":"1","HF":"1"},"9J":{"4H":"1"},"X8":{"XW":"1","XV":"1","WW":"1"},"9P":{"Q4":"1","Q3":"1","3M":"1","3J":"1"},"VH":{"Q8":"1"},"PC":{"R5":"1","23":"1","24":"1"},"Q9":{"25":"1"},"WJ":{"RQ":"1","VP":"1","VQ":"1","XJ":"1","RP":"1","XH":"1","XM":"1"},"VF":{"FW":"1","H3":"1","CW":"1"},"FV":{"C9":"1","39":"1","38":"1","48":"1","99":"1","49":"1"},"PP":{"39":"1","HF":"1","HG":"1","HH":"1","GG":"1","GF":"1","GH":"1"},"HM":{"XV":"1","XR":"1"},"RG":{"4H":"1"},"6J":{"6R":"1","5R":"1","7V":"1","6V":"1","7R":"1"},"5J":{"C5":"1","F5":"1"},"WM":{"FX":"1"},"GQ":{"RW":"1","QW":"1","RV":"1"},"WC":{"C5":"1","7M":"1"},"M8":{"9R":"1","XJ":"1","2P":"1"},"WP":{"4P":"1","89":"1","GX":"1","4Q":"1","97":"1","99":"1","88":"1","96":"1","2F":"1","98":"1"},"8Q":{"9H":"1","H5":"1","H6":"1","G6":"1","G5":"1"},"7R":{"W5":"1","M9":"1"},"9H":{"H8":"1","FM":"1","XJ":"1","G4":"1","JC":"1","FP":"1","MG":"1","XM":"1","VH":"1"},"CJ":{"MP":"1","6R":"1","7V":"1","54":"1","6V":"1","PQ":"1","PP":"1","MQ":"1","7R":"1"},"W9":{"P2":"1","W2":"1","PQ":"1","F6":"1","PR":"1","G5":"1","F5":"1"},"4G":{"3V":"1","P5":"1"},"8G":{"FQ":"1","FM":"1","GP":"1","FP":"1","RG":"1","FV":"1"},"QQ":{"P4":"1"},"MH":{"HF":"1","JG":"1","HG":"1","GG":"1","49":"1","GF":"1","96":"1","F4":"1"},"7Q":{"5H":"1","4J":"1","5J":"1","4H":"1","8M":"1"},"JC":{"CH":"1","FH":"1"},"JJ":{"RR":"1","VR":"1","WR":"1"},"PJ":{"MC":"1","Q8":"1","QF":"1","M9":"1"},"MC":{"X3":"1","X4":"1"},"RP":{"RQ":"1","VP":"1","VQ":"1","VV":"1","WQ":"1","VR":"1","RP":"1","WR":"1"},"JM":{"FQ":"1","2R":"1","2V":"1","FR":"1","GR":"1"},"FJ":{"J4":"1","84":"1"},"X9":{"R5":"1","3C":"1","R6":"1","53":"1","54":"1","W5":"1","W4":"1","R4":"1","V4":"1","63":"1","V5":"1","V6":"1"},"HR":{"89":"1","99":"1","88":"1","98":"1"},"MG":{"GW":"1","5J":"1","5P":"1","GV":"1","6H":"1","4J":"1","5H":"1","5M":"1","6M":"1","HV":"1","4M":"1","6J":"1"},"9G":{"5V":"1"},"9Q":{"GW":"1","GV":"1","HV":"1"},"8P":{"Q9":"1","Q5":"1","Q8":"1","R8":"1"},"CH":{"64":"1","2M":"1","7F":"1","8F":"1","74":"1","W2":"1","FG":"1","2J":"1","7C":"1","2P":"1","8C":"1"},"XH":{"GW":"1","M4":"1","HW":"1","VV":"1","GV":"1","WV":"1","M3":"1","HV":"1","WW":"1"},"HP":{"28":"1","29":"1"},"JG":{"W9":"1","V9":"1","RH":"1","78":"1"},"2X":{"24":"1"},"7F":{"62":"1","87":"1","88":"1","47":"1","78":"1","77":"1"},"X7":{"7R":"1","PH":"1","FM":"1","CM":"1","MG":"1","7M":"1","CP":"1","GH":"1","FP":"1","GM":"1","GJ":"1","CJ":"1","FJ":"1","3H":"1","FH":"1","6M":"1","HP":"1","3J":"1","9J":"1","4G":"1"},"5H":{"F7":"1","9J":"1"},"RF":{"2H":"1","3H":"1","25":"1"},"8J":{"4G":"1","89":"1","5H":"1","CF":"1","99":"1","27":"1","88":"1","4H":"1","98":"1"},"GG":{"2M":"1","3M":"1","5X":"1"},"9V":{"CF":"1","9G":"1","9F":"1"},"JH":{"4R":"1","5R":"1","4V":"1"},"3M":{"4W":"1"},"X6":{"7Q":"1"},"VW":{"3Q":"1","2R":"1","3R":"1","2Q":"1"},"VG":{"88":"1"},"J9":{"33":"1"},"HQ":{"76":"1","5X":"1","6W":"1","78":"1","77":"1"},"P9":{"X5":"1","W7":"1","F4":"1","G4":"1","W4":"1","X4":"1","R7":"1","V7":"1","W5":"1","P6":"1"},"3W":{"24":"1"},"5F":{"HW":"1","HR":"1","GV":"1","FW":"1","JR":"1","JV":"1","HV":"1","FV":"1"},"5Q":{"M4":"1","6X":"1","5X":"1","7W":"1","5W":"1","6W":"1"},"MM":{"X9":"1","X8":"1","X7":"1"},"PH":{"RX":"1"},"W7":{"JQ":"1","6Q":"1","RP":"1","QG":"1","QV":"1","PG":"1","JP":"1","X2":"1","Q9":"1","VP":"1","HQ":"1","QW":"1","HP":"1","X3":"1","RW":"1"},"QV":{"X7":"1"},"WF":{"96":"1"},"2J":{"RM":"1","QP":"1","RP":"1","RV":"1","VV":"1","92":"1","QM":"1","VW":"1","RW":"1"},"HH":{"R5":"1","9X":"1","FW":"1","CX":"1","XM":"1","GH":"1"},"7V":{"69":"1"},"QF":{"5R":"1","CF":"1","5V":"1","9C":"1","CC":"1"},"2W":{"C3":"1","FC":"1","G9":"1","MF":"1","X5":"1"},"XJ":{"2H":"1","2M":"1","H2":"1","2J":"1","J3":"1","M3":"1"},"VM":{"8F":"1"},"W8":{"59":"1","XV":"1","RV":"1","VV":"1","69":"1","58":"1","68":"1","XR":"1","VW":"1","RW":"1","XW":"1","WW":"1"},"3H":{"83":"1","73":"1","75":"1","74":"1","W2":"1","84":"1","42":"1"},"WG":{"PG":"1","MH":"1","PH":"1","MG":"1"},"6M":{"CM":"1","CH":"1","FJ":"1","CJ":"1","FH":"1","C5":"1"},"5G":{"JF":"1","7X":"1","6X":"1","46":"1","7W":"1","C2":"1","6W":"1"},"9R":{"34":"1"},"VP":{"XG":"1","XF":"1","V4":"1"},"JP":{"64":"1","65":"1","53":"1","54":"1","55":"1"},"7P":{"97":"1","88":"1","98":"1"},"4V":{"H3":"1"},"MJ":{"89":"1","CF":"1","99":"1","9C":"1","9F":"1","8C":"1"},"PV":{"PG":"1","MF":"1","PF":"1","MG":"1"},"MR":{"37":"1","FG":"1","FF":"1","GG":"1","CG":"1"},"9M":{"92":"1","C2":"1","F3":"1"},"FR":{"V7":"1","JX":"1","W8":"1","FP":"1","V8":"1","W7":"1"},"7J":{"X8":"1","X7":"1","HG":"1","GG":"1"},"WW":{"PP":"1"},"XF":{"HF":"1","GC":"1","HC":"1","GF":"1"},"3G":{"3M":"1","2R":"1","5P":"1","5M":"1","4X":"1","2Q":"1"},"C8":{"QR":"1","RR":"1","7X":"1","8X":"1","PR":"1","RV":"1","QV":"1","PV":"1","MV":"1","8W":"1"},"4Q":{"JV":"1","9C":"1","MV":"1","9F":"1"},"RH":{"FP":"1"},"7M":{"GV":"1","FV":"1"},"GM":{"37":"1"},"CM":{"37":"1","C6":"1","X4":"1","W4":"1"},"G8":{"2V":"1"},"6P":{"28":"1","36":"1","37":"1","26":"1","27":"1"},"RR":{"7C":"1","8C":"1"},"QH":{"67":"1","47":"1"},"HJ":{"H9":"1","J9":"1","4R":"1","GC":"1","HC":"1","H8":"1","92":"1","C2":"1","J8":"1","JF":"1","3M":"1"},"J8":{"HM":"1","FJ":"1","CJ":"1"},"QM":{"32":"1","X7":"1","42":"1"},"GH":{"62":"1","52":"1"},"FC":{"6Q":"1","5Q":"1","5P":"1","6P":"1"},"4P":{"H9":"1","M8":"1","J8":"1","M9":"1","J9":"1"},"8C":{"7J":"1","2M":"1","39":"1","7H":"1","3H":"1","48":"1","55":"1"},"QG":{"C9":"1","WM":"1","XJ":"1","F9":"1","CC":"1"}},"RX":{"XV":{"GF":"1","FC":"1","7X":"1","8X":"1","GC":"1","G9":"1","F9":"1","7W":"1","FH":"1","FF":"1","67":"1"},"RV":{"CQ":"1","GF":"1","WR":"1","7H":"1","7G":"1","9Q":"1","CR":"1","J8":"1","9R":"1"},"VV":{"QH":"1","8P":"1","MM":"1","XG":"1","X7":"1","PJ":"1","8H":"1","77":"1","X6":"1","9P":"1","X8":"1","W4":"1","WG":"1","MP":"1","QJ":"1","V4":"1","WQ":"1","X5":"1","QM":"1","CH":"1","PM":"1"},"WV":{"36":"1","G9":"1","GC":"1","35":"1","28":"1","26":"1","F9":"1","FC":"1","FG":"1","27":"1","25":"1","GG":"1","42":"1","G6":"1","99":"1","J5":"1","8F":"1","37":"1","FF":"1","46":"1","96":"1","8C":"1","5R":"1"},"WX":{"8G":"1","8F":"1","86":"1","W2":"1","7G":"1","75":"1","W3":"1","V3":"1","7C":"1","7F":"1","96":"1","76":"1","X2":"1","97":"1","85":"1","8C":"1","V2":"1"},"QV":{"XP":"1","PM":"1","WP":"1","XQ":"1","MH":"1","WQ":"1","JH":"1","XX":"1","WX":"1","MM":"1","JJ":"1","MJ":"1"},"RX":{"5R":"1","6V":"1","5V":"1"},"QW":{"X2":"1","W3":"1","X3":"1","W2":"1","XC":"1","V2":"1"},"VW":{"M2":"1","34":"1"},"RW":{"XG":"1","WG":"1","WF":"1","XF":"1","RC":"1"},"GX":{"XF":"1"},"XW":{"3F":"1","G9":"1","F9":"1","F8":"1","G8":"1","C8":"1","G7":"1","C7":"1","F7":"1"},"WW":{"VX":"1","43":"1","XX":"1","WX":"1"},"HX":{"J6":"1","2G":"1","2F":"1"}},"XW":{"G4":{"94":"1","44":"1","C4":"1","43":"1","95":"1","C5":"1","42":"1","33":"1"},"W3":{"XW":"1","XX":"1","WX":"1"},"X4":{"MQ":"1"},"PF":{"G6":"1"},"V3":{"HH":"1","XH":"1","MJ":"1","MM":"1","GJ":"1","PG":"1","XG":"1","JM":"1","PH":"1","VG":"1","HJ":"1","JH":"1","PJ":"1","WH":"1","WG":"1","GM":"1","MH":"1","HM":"1","JJ":"1"},"W2":{"R5":"1","2Q":"1","W6":"1","W3":"1","Q4":"1","X4":"1","RC":"1","R8":"1","R2":"1","V3":"1","V6":"1","PQ":"1","W2":"1","Q9":"1","R3":"1","2R":"1","W8":"1","V5":"1","R7":"1","Q5":"1","QR":"1","Q7":"1","PR":"1","QV":"1","Q2":"1","V7":"1","X3":"1","W7":"1","PW":"1","V2":"1","Q3":"1","X6":"1","W4":"1","QC":"1","R9":"1","Q8":"1","3Q":"1","V8":"1","VC":"1","QW":"1","W5":"1","V4":"1","R4":"1","3R":"1","Q6":"1","X5":"1","MW":"1","R6":"1","V9":"1","PV":"1"},"6P":{"58":"1"},"RF":{"RJ":"1","VJ":"1","RM":"1","VM":"1","RH":"1"},"R3":{"3V":"1","2W":"1","2R":"1","2V":"1","3R":"1"},"P3":{"3V":"1","4W":"1","4R":"1","5R":"1","4V":"1","5V":"1","3W":"1","5W":"1"},"V5":{"Q2":"1","P2":"1","WG":"1","WH":"1","VG":"1","VF":"1","RG":"1","R2":"1","VH":"1","RH":"1","V2":"1"},"X3":{"2W":"1","2V":"1"},"V2":{"G7":"1","F7":"1"},"Q3":{"XV":"1","XR":"1","WR":"1","WV":"1"},"X6":{"G4":"1","95":"1","73":"1","C5":"1","F6":"1","C3":"1","92":"1","84":"1","C6":"1","F2":"1","C7":"1","63":"1","F4":"1","C2":"1","C4":"1","85":"1","F3":"1","F5":"1","82":"1","96":"1","83":"1","72":"1","94":"1","93":"1","74":"1","62":"1"},"X2":{"24":"1"},"F3":{"7X":"1"},"W4":{"HH":"1","JV":"1","HF":"1","HV":"1","HP":"1","GJ":"1","65":"1","HG":"1","JF":"1","HR":"1","JM":"1","55":"1","GV":"1","64":"1","JR":"1","HJ":"1","MR":"1","66":"1","54":"1","HQ":"1","GR":"1","MV":"1","45":"1","GQ":"1","44":"1","QP":"1","75":"1","PP":"1","56":"1","GM":"1","HM":"1","JP":"1","JJ":"1","GP":"1","JG":"1","74":"1","MQ":"1"},"W5":{"W6":"1"},"V4":{"RX":"1","RW":"1","QW":"1","VX":"1","QX":"1","VW":"1","PX":"1"},"X5":{"9X":"1","CX":"1","7X":"1","8X":"1"},"32":{"W6":"1"}},"WW":{"P2":{"P7":"1"},"Q4":{"RF":"1","PH":"1","XJ":"1","WH":"1","WJ":"1","RG":"1","RH":"1","VF":"1","VH":"1","QG":"1","VJ":"1","WG":"1","PG":"1","VG":"1","QH":"1"},"W3":{"9V":"1"},"F2":{"4P":"1","5Q":"1","4Q":"1","5P":"1","4M":"1","5M":"1","3P":"1","6P":"1"},"G4":{"73":"1","62":"1","53":"1","82":"1","63":"1","72":"1"},"G3":{"CQ":"1","GP":"1","9V":"1","7X":"1","8X":"1","FP":"1","FQ":"1","9Q":"1","7W":"1","CR":"1","FR":"1","GQ":"1","7V":"1","HP":"1","8W":"1","9R":"1","6X":"1"},"R4":{"GH":"1"}}}}