{"index":{"university,1|retail,2|tourism,3|wreck,4|historical,5|artsCulture,6|namedBuilding,7|water,8|wetland,9|park,10|beach,11|natureReserve,12|cemetery,13|trail,14":{}},"6M":{"W3":{"H6":{"FM":"1","GG":"1","8P":"1","CM":"1","FP":"1","8Q":"1","CJ":"1","V2":"1","CH":"1"},"M6":{"78":"1","36":"1","34":"1","65":"1","38":"1","87":"1","35":"1","55":"1","26":"1","58":"1","48":"1","59":"1","27":"1","66":"1","54":"1","25":"1","77":"1","76":"1","45":"1","67":"1","44":"1","37":"1","46":"1","69":"1","56":"1","57":"1","68":"1","47":"1"}},"XW":{"XJ":{"4P":"1"}},"HV":{"5H":{"PJ":"1","MJ":"1"}},"JW":{"J2":{"QG":"1"}},"HX":{"97":{"R5":"1","RC":"1","9H":"1","V6":"1","6R":"1","7V":"1","5V":"1","RF":"1","V5":"1","7C":"1","5W":"1","W4":"1","6V":"1","6W":"1","7R":"1","W5":"1","V4":"1","R4":"1"},"87":{"XW":"1","XV":"1","XX":"1","WW":"1"}},"WX":{"9X":{"8G":"1"},"4M":{"HF":"1","GC":"1","HG":"1","GG":"1","HC":"1","GF":"1"}},"R2":{"36":{"C9":"1","29":"1","FM":"1","CM":"1","CH":"1","FP":"1","CG":"1","9G":"1","CP":"1","8G":"1","GM":"1"},"2P":{"VQ":"1"},"P9":{"7P":"1","5P":"1","4J":"1","7M":"1"},"2F":{"9R":"1","78":"1"},"R2":{"FR":"1","8V":"1","HR":"1","CQ":"1","9V":"1","VG":"1","JQ":"1","CV":"1","FV":"1","9R":"1","GR":"1","HQ":"1","VF":"1","GQ":"1","9Q":"1","9W":"1","WF":"1","FQ":"1","8W":"1","JP":"1","GP":"1","CR":"1"},"V3":{"4Q":"1"},"PQ":{"3Q":"1","4Q":"1","8Q":"1","7Q":"1","8R":"1","5Q":"1","5R":"1","6R":"1"},"7V":{"9M":"1","8P":"1","9P":"1","7P":"1","7M":"1","8M":"1"},"8V":{"H6":"1","G6":"1"},"35":{"HR":"1"},"P3":{"5C":"1","4C":"1","59":"1"},"RW":{"4V":"1"},"26":{"X9":"1","X6":"1","CX":"1","XC":"1","MQ":"1","JR":"1","G8":"1"},"7C":{"87":"1"},"3G":{"RH":"1"},"3H":{"57":"1","68":"1","69":"1","67":"1","59":"1","58":"1","79":"1","78":"1"},"XQ":{"G9":"1"},"V2":{"2H":"1"},"X2":{"RR":"1"},"RV":{"GW":"1","FW":"1","FX":"1","CW":"1","GV":"1","CX":"1","GX":"1"},"37":{"FM":"1","CM":"1","FJ":"1","GJ":"1","FH":"1","GH":"1"},"82":{"7M":"1"},"75":{"Q7":"1"},"Q8":{"7C":"1"}},"V3":{"34":{"GW":"1","GX":"1"},"RH":{"2M":"1","2J":"1","2P":"1"},"QH":{"XP":"1","WG":"1","RJ":"1","WP":"1","WH":"1","WM":"1","VJ":"1","XJ":"1","VG":"1","WJ":"1","XH":"1","XM":"1","VH":"1","RH":"1"},"W3":{"53":"1","52":"1"},"X9":{"97":"1","87":"1","88":"1","96":"1","86":"1","98":"1"},"7V":{"X6":"1","X2":"1","W3":"1","X8":"1","X3":"1","W2":"1","X7":"1","W8":"1","X4":"1","V8":"1","W7":"1","W6":"1","X5":"1","R8":"1","F3":"1"},"7M":{"J2":"1","H2":"1","H4":"1","G3":"1","J3":"1","H3":"1"},"W2":{"C3":"1","83":"1","92":"1","94":"1","C4":"1","82":"1","F8":"1","93":"1","C2":"1"},"8V":{"24":"1","26":"1","25":"1","R4":"1","27":"1","33":"1","35":"1","32":"1","34":"1","23":"1"},"M6":{"J8":"1"},"33":{"83":"1","64":"1","73":"1","74":"1","84":"1","63":"1"},"WG":{"7C":"1","79":"1"},"9Q":{"4H":"1","5P":"1","2H":"1","3H":"1","2J":"1","5M":"1","6M":"1","3J":"1","3G":"1"},"6V":{"J2":"1","M2":"1","R3":"1","R4":"1"},"PP":{"C3":"1","F2":"1","C2":"1"},"7R":{"XX":"1","WX":"1"},"MP":{"RC":"1","RF":"1"},"QJ":{"4R":"1","3R":"1"},"M5":{"QM":"1"},"JP":{"66":"1"},"CR":{"76":"1"},"PM":{"FW":"1","4Q":"1","5W":"1"}},"87":{"V7":{"4X":"1","8X":"1","CW":"1","3X":"1","8R":"1","7V":"1","6R":"1","8V":"1","5V":"1","FX":"1","3W":"1","9V":"1","6X":"1","5W":"1","GX":"1","FW":"1","7W":"1","4V":"1","GW":"1","CV":"1","FV":"1","7X":"1","2W":"1","5X":"1","9R":"1","3V":"1","4W":"1","CX":"1","9W":"1","6V":"1","6W":"1","7R":"1","8W":"1","9X":"1","2X":"1","CR":"1"},"V8":{"C5":"1","46":"1","82":"1","93":"1","48":"1","44":"1","F4":"1","H5":"1","C7":"1","F7":"1","G5":"1","88":"1","35":"1","F3":"1","C3":"1","G6":"1","34":"1","37":"1","24":"1","42":"1","59":"1","54":"1","57":"1","94":"1","96":"1","95":"1","77":"1","32":"1","G2":"1","25":"1","36":"1","76":"1","75":"1","F6":"1","67":"1","87":"1","92":"1","86":"1","33":"1","C6":"1","98":"1","H3":"1","73":"1","55":"1","65":"1","84":"1","43":"1","64":"1","G3":"1","72":"1","56":"1","C8":"1","C2":"1","47":"1","63":"1","66":"1","74":"1","97":"1","45":"1","H4":"1","G4":"1","53":"1","C4":"1","79":"1","22":"1","F5":"1","78":"1","58":"1","62":"1","23":"1","F2":"1","83":"1","69":"1","52":"1","85":"1","68":"1"}},"W2":{"89":{"G9":"1","F8":"1","F9":"1","G8":"1"},"63":{"2W":"1","2X":"1","3W":"1"},"7C":{"PG":"1","MG":"1"},"3C":{"XW":"1","XV":"1","XR":"1","WR":"1","XX":"1","WX":"1","WW":"1","VW":"1","WV":"1"},"QG":{"57":"1","68":"1","69":"1","67":"1","58":"1","79":"1","78":"1"},"PG":{"P6":"1"},"PF":{"VR":"1","RV":"1","MQ":"1"},"53":{"XW":"1","XX":"1"},"9G":{"53":"1"},"9C":{"C9":"1","3V":"1","FC":"1","F9":"1","CC":"1"},"QF":{"7R":"1","5W":"1","63":"1","62":"1","4R":"1","3W":"1","4W":"1","53":"1","6W":"1","5V":"1","52":"1","6R":"1"},"8C":{"X2":"1","W2":"1","V7":"1","G4":"1","5C":"1"}},"MX":{"85":{"F5":"1"}},"VW":{"W9":{"7R":"1","7P":"1","8P":"1","4P":"1","7M":"1","5P":"1","6Q":"1","8Q":"1","7Q":"1","5M":"1","6P":"1","5Q":"1","6M":"1","6J":"1","8M":"1"},"V8":{"RX":"1"},"V9":{"W3":"1","VP":"1","W2":"1","XR":"1","R3":"1","V3":"1","R4":"1","V4":"1","R2":"1","V2":"1"}},"R3":{"92":{"44":"1","43":"1","33":"1"},"X3":{"PH":"1","MG":"1","JH":"1","9F":"1","CF":"1","MF":"1","PG":"1","CC":"1","JG":"1","JF":"1","9C":"1","MH":"1"},"V8":{"9V":"1"},"W5":{"W5":"1"},"R2":{"W3":"1","J2":"1","X3":"1","X4":"1","W4":"1","X5":"1"},"V2":{"8P":"1","25":"1","24":"1"}},"WW":{"4W":{"48":"1","59":"1","58":"1"},"VR":{"FF":"1"},"CG":{"HH":"1"}},"QR":{"5Q":{"VP":"1","WP":"1","VQ":"1","XC":"1","WQ":"1"},"6X":{"MM":"1","HJ":"1","PR":"1","JQ":"1","MJ":"1","JJ":"1","PM":"1","MQ":"1","MP":"1","MR":"1","HM":"1","JP":"1","PJ":"1","HP":"1","PQ":"1","JM":"1","PP":"1","MH":"1"}},"GV":{"QV":{"3H":"1","3G":"1"},"PV":{"XP":"1","PQ":"1","XM":"1"}},"PR":{"46":{"Q3":"1"},"JR":{"FW":"1","CW":"1","FV":"1"}},"QV":{"45":{"C3":"1","94":"1","85":"1","84":"1","H2":"1","C4":"1","G4":"1","G2":"1","G3":"1","93":"1","95":"1","C5":"1","F4":"1","F3":"1"},"54":{"JX":"1","GJ":"1","GH":"1"}},"Q2":{"XG":{"2J":"1"},"WH":{"QF":"1"},"XF":{"J3":"1"},"XC":{"FF":"1"}},"MR":{"PQ":{"VX":"1","WX":"1","WW":"1","VW":"1"},"PR":{"QP":"1","MW":"1","RP":"1"}},"V2":{"54":{"X9":"1","W9":"1"},"3V":{"6H":"1","6J":"1","5H":"1","5J":"1"},"9W":{"5X":"1"},"64":{"PG":"1","QG":"1"},"7M":{"7C":"1","6C":"1","69":"1","79":"1"},"7H":{"4X":"1","8X":"1","2V":"1","3X":"1","7V":"1","5V":"1","4Q":"1","2R":"1","4R":"1","3W":"1","6X":"1","5W":"1","7W":"1","4V":"1","7X":"1","2W":"1","5X":"1","3V":"1","4W":"1","9W":"1","6V":"1","6W":"1","5R":"1","8W":"1","9X":"1","3R":"1","2X":"1"},"2V":{"M8":"1"},"8J":{"6V":"1","5V":"1","5W":"1","6W":"1"},"Q4":{"3C":"1","39":"1","49":"1","4C":"1"},"J6":{"8M":"1"},"F9":{"R5":"1","H5":"1","J4":"1","H4":"1","R4":"1","J5":"1"},"CF":{"J4":"1","J3":"1"},"6H":{"XW":"1","VX":"1","XX":"1","WX":"1","WW":"1","VW":"1"},"R4":{"87":"1"},"7J":{"WP":"1","22":"1","72":"1","QP":"1","62":"1","JC":"1","PM":"1","42":"1","RV":"1","XM":"1","82":"1","VH":"1","PG":"1","QM":"1","PF":"1","32":"1","52":"1","PP":"1","PW":"1","94":"1"},"FJ":{"8F":"1","8C":"1"},"C9":{"Q8":"1"},"F2":{"78":"1","6C":"1","7F":"1","79":"1","6F":"1","58":"1","7C":"1","59":"1","8G":"1","7G":"1","8F":"1","89":"1","69":"1","8C":"1","57":"1","68":"1","88":"1"},"WX":{"9W":"1"},"VJ":{"7X":"1","8X":"1"},"79":{"62":"1","53":"1","52":"1","63":"1"},"32":{"R5":"1","V2":"1"},"6M":{"6J":"1","6M":"1","5M":"1","5J":"1"},"XW":{"VV":"1"},"8M":{"F2":"1","G2":"1","G3":"1","C2":"1"},"VM":{"82":"1","72":"1"},"6X":{"44":"1"}},"VX":{"RX":{"32":"1","62":"1","52":"1","43":"1","42":"1"},"RW":{"4V":"1","4H":"1","7Q":"1","7J":"1","3X":"1","5W":"1","3J":"1","7V":"1","3R":"1","3H":"1","2M":"1","2R":"1","8H":"1","4Q":"1","5H":"1","7M":"1","4X":"1","7W":"1","8P":"1","8J":"1","7G":"1","8M":"1","7F":"1","5M":"1","5R":"1","6H":"1","3M":"1","8G":"1","6W":"1","2V":"1","7H":"1","4R":"1","3P":"1","7X":"1","6M":"1","2H":"1","5X":"1","3Q":"1","5V":"1","3V":"1","6Q":"1","6P":"1","8Q":"1","4P":"1","5P":"1","3W":"1","4W":"1","5G":"1","4G":"1","6G":"1","6R":"1","8R":"1","4J":"1","2Q":"1","6X":"1","2P":"1","5J":"1","5Q":"1","7P":"1","6J":"1","4M":"1","6V":"1","7R":"1","2J":"1"},"X4":{"4V":"1"},"HJ":{"36":"1","F9":"1"},"GH":{"9H":"1"},"G8":{"FQ":"1","CQ":"1","FR":"1","CR":"1"}},"X2":{"P2":{"JG":"1"},"6Q":{"GG":"1"},"89":{"6X":"1"},"P3":{"45":"1","44":"1","54":"1","55":"1"},"M2":{"89":"1","FG":"1","FC":"1","99":"1","RF":"1","5F":"1","57":"1","P9":"1","PC":"1","29":"1","P8":"1","4C":"1","VX":"1","7H":"1","CP":"1","RG":"1","J7":"1","MF":"1","7J":"1","FJ":"1","C9":"1","F8":"1","G8":"1","C6":"1","C8":"1","MC":"1","FF":"1","G7":"1","PF":"1","88":"1","Q9":"1","QC":"1","C7":"1","5C":"1","2F":"1","F7":"1","6V":"1","4G":"1"},"9C":{"35":"1"},"7R":{"56":"1"},"5M":{"66":"1"},"M3":{"9V":"1","V2":"1"},"8C":{"62":"1","82":"1","72":"1"}},"JX":{"83":{"F2":"1"},"X2":{"7W":"1"},"3V":{"J4":"1","J3":"1","M3":"1"},"XJ":{"Q9":"1","8F":"1","QC":"1","9C":"1","9F":"1","8C":"1"},"82":{"FX":"1"},"3R":{"HR":"1","JR":"1","JV":"1","HV":"1"},"72":{"43":"1"}},"QQ":{"H8":{"23":"1","3G":"1","5C":"1","4C":"1","24":"1","58":"1","2F":"1"},"H9":{"9G":"1","CG":"1","43":"1","H9":"1","G7":"1","79":"1","9H":"1","GC":"1","G9":"1","C9":"1","CF":"1","9C":"1","7C":"1","Q2":"1","F9":"1","FC":"1","33":"1","F8":"1","97":"1","CC":"1","P2":"1","H7":"1","H8":"1","8G":"1","99":"1","8F":"1","J7":"1","89":"1","C8":"1","9F":"1","8C":"1","J8":"1","J3":"1","G8":"1","J9":"1","88":"1","98":"1"},"G8":{"MM":"1","MJ":"1","WR":"1","R2":"1","PM":"1","4R":"1","WM":"1","WH":"1","XP":"1","XM":"1","QJ":"1","CC":"1","PF":"1","PJ":"1","5V":"1","4V":"1","PW":"1","5R":"1","QH":"1"}},"RX":{"8P":{"8F":"1","9G":"1","8G":"1","9F":"1"},"VR":{"65":"1"}},"XX":{"5H":{"26":"1"},"48":{"VH":"1"}},"MW":{"JP":{"4F":"1","86":"1","57":"1","59":"1","29":"1","56":"1","4C":"1","3F":"1","38":"1","7H":"1","47":"1","28":"1","48":"1","75":"1","66":"1","3C":"1","69":"1","7J":"1","68":"1","58":"1","46":"1","27":"1","95":"1","33":"1","C3":"1","96":"1","76":"1","49":"1","39":"1","78":"1","85":"1","2C":"1","37":"1","5C":"1","67":"1"},"HM":{"XH":"1","P9":"1","43":"1","73":"1","RC":"1","53":"1","GJ":"1","XR":"1","8R":"1","65":"1","86":"1","PF":"1","PQ":"1","7V":"1","XM":"1","8V":"1","84":"1","C6":"1","RF":"1","52":"1","JM":"1","55":"1","W8":"1","9V":"1","QR":"1","PR":"1","63":"1","64":"1","GH":"1","4V":"1","XJ":"1","HC":"1","9R":"1","66":"1","3V":"1","54":"1","85":"1","H7":"1","42":"1","H8":"1","76":"1","WH":"1","45":"1","J7":"1","44":"1","9W":"1","46":"1","6V":"1","75":"1","PP":"1","56":"1","J8":"1","WJ":"1","83":"1","8W":"1","9X":"1","JP":"1","74":"1","62":"1"},"HP":{"5F":"1","59":"1","JC":"1","84":"1","93":"1","83":"1","P3":"1","69":"1","C3":"1","6F":"1","5C":"1","6C":"1","94":"1"},"HX":{"86":"1"},"GP":{"W2":"1"},"JM":{"8G":"1","8F":"1","H9":"1","5F":"1","7P":"1","P8":"1","7G":"1","7C":"1","H8":"1","7F":"1","C6":"1","2J":"1","2M":"1","79":"1","Q9":"1","32":"1","Q8":"1"},"HH":{"XR":"1"},"HJ":{"PM":"1","VQ":"1","GX":"1","GV":"1","3H":"1","HX":"1","XV":"1","QW":"1","3J":"1","PP":"1"},"GJ":{"VC":"1","RJ":"1","RC":"1","MR":"1","WC":"1","VF":"1","JR":"1"},"FH":{"RQ":"1","WP":"1","VP":"1","VQ":"1","WQ":"1","RP":"1"},"GM":{"W3":"1","RR":"1","WX":"1","X5":"1"},"HV":{"29":"1","38":"1","28":"1","68":"1","58":"1","3H":"1","27":"1","39":"1","37":"1"}},"PV":{"FX":{"4F":"1","5F":"1","59":"1","4C":"1","3F":"1","48":"1","3C":"1","68":"1","58":"1","49":"1","5C":"1"}}}}