{"index":{"university,1|retail,2|tourism,3|wreck,4|historical,5|artsCulture,6|namedBuilding,7|water,8|wetland,9|park,10|beach,11|natureReserve,12|cemetery,13|trail,14":{}},"6P":{"FV":{"C4":{"W7":"1","M5":"1"},"G4":{"9M":"1","HV":"1","3X":"1","5C":"1","MX":"1","6X":"1","QX":"1","JQ":"1","HJ":"1","CM":"1","7X":"1","4F":"1","PW":"1","8H":"1","9P":"1","GQ":"1","6W":"1","FQ":"1","JX":"1","QW":"1","2X":"1","CP":"1","PX":"1","4C":"1"},"G5":{"H4":"1","G2":"1","J6":"1","M4":"1","H9":"1","F6":"1","J2":"1","PF":"1","H3":"1","Q2":"1","M6":"1","G3":"1","M3":"1","P2":"1","77":"1","J5":"1","M2":"1","46":"1","J4":"1","J3":"1","M5":"1","22":"1","47":"1","H2":"1"},"F5":{"R5":"1","W3":"1","X3":"1"},"F4":{"8G":"1","8F":"1","5J":"1","7G":"1","6G":"1","7F":"1","6F":"1"}},"RR":{"45":{"26":"1","25":"1","27":"1"},"35":{"H4":"1","G4":"1","W6":"1","X4":"1","J2":"1","X9":"1","H3":"1","P3":"1","W8":"1","G3":"1","M3":"1","X7":"1","W7":"1","P2":"1","X6":"1","J5":"1","X8":"1","M2":"1","J4":"1","W9":"1","XC":"1","J3":"1","H5":"1","W5":"1","X5":"1"},"34":{"9J":"1","8P":"1","9M":"1","8R":"1","9H":"1","6M":"1","6R":"1","7V":"1","7M":"1","8V":"1","MX":"1","6P":"1","8Q":"1","CQ":"1","7J":"1","7W":"1","8J":"1","6Q":"1","7P":"1","CM":"1","9R":"1","8H":"1","9P":"1","CJ":"1","7H":"1","9Q":"1","6V":"1","7Q":"1","7R":"1","CP":"1","8M":"1","CH":"1"},"24":{"WH":"1","2G":"1","M8":"1","V8":"1","C7":"1","PH":"1","J6":"1","XG":"1","J9":"1","P7":"1","MG":"1","VG":"1","G9":"1","R7":"1","H7":"1","V6":"1","HC":"1","M7":"1","QC":"1","Q6":"1","RF":"1","MF":"1","PF":"1","RC":"1","RH":"1","QF":"1","29":"1","XH":"1","PC":"1","RG":"1","WJ":"1","P6":"1","QH":"1","H8":"1","J5":"1","VF":"1","WC":"1","WG":"1","PG":"1","R8":"1","MC":"1","J8":"1","QJ":"1","H6":"1","RJ":"1","W7":"1","M5":"1","R6":"1","Q9":"1","J7":"1","Q7":"1","VJ":"1","JF":"1","JC":"1","W6":"1","M9":"1","Q8":"1","M6":"1","WF":"1","V7":"1","H9":"1","P9":"1","VH":"1","XF":"1","VC":"1","P8":"1","QG":"1","R9":"1"}},"C5":{"9H":{"MR":"1","JH":"1","MV":"1"},"87":{"5F":"1","5C":"1","4C":"1","6G":"1"},"CJ":{"29":"1","49":"1"},"9G":{"R5":"1","P9":"1","M8":"1","RC":"1","R8":"1","V6":"1","Q9":"1","V5":"1","R7":"1","Q5":"1","Q7":"1","M9":"1","PC":"1","W4":"1","QC":"1","R9":"1","Q8":"1","MC":"1","W5":"1","V4":"1","R4":"1","Q6":"1","P8":"1","R6":"1","V9":"1"},"8H":{"HF":"1"},"9J":{"JH":"1"},"77":{"M7":"1","M6":"1"}},"HG":{"FC":{"2M":"1","3F":"1","2V":"1","3X":"1","5F":"1","5C":"1","3M":"1","2R":"1","3J":"1","3W":"1","5G":"1","2H":"1","2J":"1","3G":"1","3H":"1","2W":"1","3V":"1","4F":"1","4G":"1","3R":"1","2X":"1","4C":"1"},"H9":{"22":"1","42":"1"},"J9":{"92":"1","82":"1"},"JC":{"2H":"1"},"HC":{"XG":"1","WG":"1","WH":"1","XH":"1"},"G9":{"M4":"1","H6":"1","J4":"1","8J":"1","9M":"1","GV":"1","HR":"1","M5":"1","J2":"1","92":"1","C2":"1","X2":"1","M2":"1","GR":"1","9J":"1","J5":"1","H2":"1","8M":"1","C4":"1"},"CF":{"W2":"1","R2":"1","Q2":"1","W3":"1","Q4":"1","V3":"1","R4":"1","R3":"1","Q3":"1","V4":"1","X2":"1","X3":"1","V2":"1"},"H8":{"C3":"1","94":"1","C4":"1","4Q":"1","2X":"1","93":"1"},"G8":{"QQ":"1","HW":"1","JX":"1","MX":"1","HX":"1","JW":"1","XX":"1","XM":"1"},"J8":{"7R":"1","9V":"1","8X":"1","3Q":"1","9W":"1","4R":"1","4Q":"1","9X":"1","8R":"1","7V":"1","3R":"1","8V":"1","CX":"1","8W":"1","9R":"1","6R":"1","6V":"1"},"CC":{"XJ":"1","VX":"1","WH":"1","WJ":"1","XV":"1","XH":"1","XM":"1","XX":"1","WX":"1","RX":"1","VW":"1","XW":"1","WW":"1"},"FF":{"22":"1"},"J5":{"JQ":"1","MV":"1","HW":"1","MQ":"1","HR":"1","MR":"1","MW":"1","JV":"1","HQ":"1","JR":"1","JW":"1","HV":"1"}},"PM":{"9X":{"57":"1","3V":"1","56":"1","2V":"1","47":"1","48":"1","66":"1","68":"1","58":"1","3R":"1","67":"1"},"8X":{"C9":"1","FC":"1","G9":"1","GC":"1","F8":"1","F9":"1","CC":"1","G8":"1"}},"GH":{"3G":{"77":"1"}},"WV":{"C7":{"54":"1"}},"JJ":{"45":{"9X":"1","9W":"1","9V":"1","8X":"1","8W":"1"},"G8":{"FG":"1"},"V2":{"GF":"1","FG":"1","FC":"1","GG":"1","5J":"1","7H":"1","GC":"1","7G":"1","G9":"1","9F":"1","F9":"1","CF":"1","6G":"1","6H":"1","7J":"1","C9":"1","6F":"1","FF":"1","CC":"1","CG":"1","5H":"1","9G":"1","9C":"1","6M":"1","6J":"1"}},"93":{"X9":{"9H":"1","P9":"1","8H":"1","M9":"1","8G":"1"},"W9":{"MV":"1"}},"4H":{"CM":{"V5":"1","V6":"1"},"52":{"JR":"1"},"VV":{"4R":"1","4Q":"1"},"3F":{"XP":"1","XQ":"1","XV":"1","XR":"1","WQ":"1","WR":"1","WV":"1"},"9G":{"3G":"1","2G":"1"},"88":{"WM":"1","XM":"1"}},"48":{"PJ":{"GF":"1"}},"PP":{"WR":{"JR":"1"},"XV":{"FR":"1","CW":"1","HV":"1","JW":"1","HX":"1","FX":"1","HR":"1","CQ":"1","GV":"1","GX":"1","FW":"1","GW":"1","CV":"1","FV":"1","GR":"1","GQ":"1","HW":"1","CX":"1","FQ":"1","JX":"1","FP":"1","CP":"1","GP":"1","CR":"1"},"MF":{"3C":"1","39":"1","49":"1","4C":"1"},"H8":{"X9":"1","WH":"1","XF":"1","XC":"1","WJ":"1","VH":"1"},"G2":{"57":"1","68":"1","7C":"1","6C":"1","69":"1","5C":"1","67":"1","59":"1","58":"1","79":"1","78":"1","77":"1"},"F2":{"3V":"1","4R":"1","VR":"1","3W":"1","2V":"1","RV":"1","VV":"1","4W":"1","QV":"1","3R":"1","2W":"1","2R":"1","QW":"1","VW":"1","4V":"1","RW":"1"},"C2":{"W9":"1","XV":"1","XR":"1"},"QR":{"86":"1","63":"1","73":"1","65":"1","64":"1","84":"1","75":"1","83":"1","C6":"1","95":"1","96":"1","76":"1","74":"1","85":"1","94":"1"},"J8":{"2C":"1","2F":"1"},"VW":{"QJ":"1","MH":"1","PH":"1","QH":"1","PJ":"1","MJ":"1"},"XW":{"J2":"1","H2":"1","G2":"1","J3":"1","H3":"1"},"WW":{"2G":"1","59":"1","26":"1","38":"1","47":"1","46":"1","27":"1","RQ":"1","37":"1","36":"1"}},"QR":{"W3":{"MC":"1","JC":"1"},"94":{"4W":"1","4V":"1","3W":"1"},"X3":{"4F":"1","77":"1","4C":"1","3F":"1","48":"1","3C":"1","58":"1","CG":"1","MH":"1"},"85":{"64":"1","Q2":"1","9H":"1","45":"1","9M":"1","65":"1","CM":"1","53":"1","44":"1","54":"1","CH":"1","43":"1","CJ":"1","46":"1","56":"1","55":"1","9J":"1"},"X4":{"X9":"1","R6":"1"},"V2":{"VW":"1"}},"H5":{"FV":{"8W":"1"},"9V":{"G5":"1","29":"1","7P":"1","G4":"1","8P":"1","38":"1","J4":"1","28":"1","J2":"1","8Q":"1","H5":"1","G2":"1","7Q":"1","G3":"1","M2":"1","H4":"1","H2":"1"},"PM":{"HW":"1","JX":"1","GX":"1","HX":"1","JW":"1"},"JJ":{"G7":"1","G6":"1","F6":"1"},"PP":{"J2":"1","H2":"1","G2":"1"},"7Q":{"XH":"1","RH":"1","XF":"1","QH":"1","RC":"1","X9":"1","XM":"1","XG":"1","RG":"1","RF":"1","RJ":"1","VG":"1","V7":"1","WM":"1","XJ":"1","WC":"1","XP":"1","VF":"1","RM":"1","WH":"1","VJ":"1","WG":"1","W9":"1","VH":"1","WF":"1","XC":"1","WJ":"1","VC":"1","QJ":"1","VM":"1","VP":"1","V9":"1"},"CQ":{"WP":"1","JQ":"1","WQ":"1","WM":"1","RP":"1","XM":"1","JP":"1","VP":"1","HQ":"1","HP":"1","VQ":"1","VM":"1"},"7V":{"X2":"1","W2":"1","V2":"1"},"8V":{"M7":"1","X9":"1","8G":"1","22":"1","7G":"1","J7":"1","J2":"1","V5":"1","X8":"1","W5":"1","32":"1","36":"1"},"CJ":{"M7":"1","H7":"1","H6":"1","P8":"1","VX":"1","RV":"1","J7":"1","VV":"1","J6":"1","H8":"1","M8":"1","WX":"1","R8":"1","J8":"1","G7":"1","Q7":"1","RX":"1","P7":"1","QW":"1","QX":"1","VW":"1","RW":"1","WW":"1"},"HP":{"4P":"1","4M":"1"},"8W":{"XH":"1","49":"1","8P":"1","3C":"1","9M":"1","39":"1","5C":"1","WM":"1","XJ":"1","59":"1","WP":"1","9P":"1","RM":"1","WH":"1","VJ":"1","WJ":"1","8M":"1","VP":"1","VM":"1","4C":"1"},"HQ":{"6H":"1","6J":"1","5H":"1","5J":"1"},"GW":{"59":"1","29":"1","4C":"1","38":"1","28":"1","48":"1","3C":"1","69":"1","68":"1","58":"1","49":"1","39":"1","5C":"1"},"MJ":{"45":"1","44":"1","54":"1","55":"1"},"9W":{"GP":"1","5J":"1","FQ":"1","GQ":"1","4J":"1","5M":"1","HP":"1","4M":"1","6J":"1"},"8P":{"XQ":"1","X7":"1","XR":"1"},"FP":{"XH":"1","RH":"1","VQ":"1","XM":"1","XG":"1","RQ":"1","VG":"1","WM":"1","XJ":"1","VR":"1","WP":"1","XP":"1","RR":"1","RP":"1","WH":"1","VJ":"1","WG":"1","VH":"1","WF":"1","WJ":"1","QQ":"1","WQ":"1","VM":"1","VP":"1"},"R3":{"XH":"1"},"8M":{"RM":"1","WP":"1","XQ":"1","XG":"1","XJ":"1","WQ":"1","WM":"1","WH":"1","XP":"1","WJ":"1","RP":"1","RJ":"1","RH":"1","XH":"1","XM":"1","VH":"1","QJ":"1","VJ":"1","WG":"1","VP":"1","VQ":"1","VM":"1","QH":"1"},"CM":{"W2":"1","R2":"1","V2":"1"},"CR":{"FJ":"1","GJ":"1","FH":"1","GH":"1"},"CC":{"R6":"1","V7":"1","R7":"1","V6":"1","R8":"1"},"9M":{"2G":"1","3Q":"1","4R":"1","4P":"1","4Q":"1","2H":"1","3P":"1","2P":"1","2Q":"1","2J":"1","2M":"1","3R":"1","3J":"1","4M":"1","3M":"1"},"GP":{"G6":"1","G5":"1","F4":"1","3Q":"1","7P":"1","G4":"1","4P":"1","F5":"1","7M":"1","2H":"1","3P":"1","2P":"1","2J":"1","2M":"1","6P":"1","6M":"1","F6":"1","3M":"1"},"9P":{"28":"1","37":"1","2R":"1","2V":"1","26":"1","27":"1","2Q":"1"},"V2":{"3F":"1","48":"1"},"8X":{"M4":"1","Q6":"1","P3":"1","R7":"1","R8":"1","V7":"1","P4":"1","Q7":"1","R6":"1","M3":"1","V8":"1","Q8":"1"},"HJ":{"4V":"1","9V":"1","G8":"1","GH":"1","4H":"1","CG":"1","2G":"1","7Q":"1","3G":"1","7J":"1","CQ":"1","FF":"1","3X":"1","5W":"1","3J":"1","7V":"1","8V":"1","3R":"1","3H":"1","2M":"1","2R":"1","7C":"1","F8":"1","CH":"1","CJ":"1","8W":"1","CW":"1","8H":"1","4Q":"1","5H":"1","C9":"1","7M":"1","4X":"1","G9":"1","9W":"1","9G":"1","FC":"1","7W":"1","8J":"1","8P":"1","FP":"1","7G":"1","8M":"1","CM":"1","CP":"1","7F":"1","5M":"1","5R":"1","CR":"1","6H":"1","6F":"1","CC":"1","9M":"1","9F":"1","FG":"1","3M":"1","8G":"1","F9":"1","9P":"1","6W":"1","2V":"1","7H":"1","5C":"1","9H":"1","4R":"1","8X":"1","3P":"1","7X":"1","6M":"1","GJ":"1","2H":"1","5X":"1","3Q":"1","GG":"1","9R":"1","5V":"1","3V":"1","6Q":"1","C8":"1","9Q":"1","CV":"1","6P":"1","8F":"1","GC":"1","8Q":"1","9X":"1","4P":"1","9J":"1","5P":"1","3W":"1","4W":"1","5G":"1","4G":"1","FH":"1","3F":"1","2W":"1","GF":"1","6C":"1","6G":"1","6R":"1","8R":"1","4J":"1","2Q":"1","6X":"1","5F":"1","2P":"1","FM":"1","5J":"1","5Q":"1","4F":"1","7P":"1","2X":"1","6J":"1","FJ":"1","4M":"1","GM":"1","CF":"1","6V":"1","7R":"1","2J":"1"},"HM":{"34":"1","43":"1","73":"1","53":"1","65":"1","86":"1","84":"1","35":"1","52":"1","55":"1","24":"1","63":"1","64":"1","33":"1","54":"1","25":"1","85":"1","42":"1","76":"1","45":"1","44":"1","82":"1","75":"1","23":"1","83":"1","72":"1","22":"1","32":"1","74":"1","62":"1"},"GJ":{"WP":"1","XQ":"1","WR":"1","XJ":"1","WQ":"1","VR":"1","WM":"1","WH":"1","XP":"1","WJ":"1","RP":"1","XV":"1","XH":"1","VV":"1","XM":"1","QJ":"1","WV":"1","VJ":"1","RQ":"1","XR":"1","VP":"1","RR":"1","XW":"1","VQ":"1","VM":"1"},"9R":{"7R":"1","GW":"1","HW":"1","7P":"1","PX":"1","6Q":"1","MX":"1","7Q":"1","JV":"1","6P":"1","JW":"1","HV":"1","GX":"1","6R":"1","HX":"1","JX":"1"},"H8":{"CX":"1","FX":"1"},"9Q":{"M4":"1","P4":"1","P3":"1","69":"1","M3":"1"},"8Q":{"2M":"1","6C":"1","3F":"1","2P":"1","HF":"1","8P":"1","4J":"1","3C":"1","2F":"1","5J":"1","PG":"1","HG":"1","5F":"1","JF":"1","5C":"1","7M":"1","3M":"1","6G":"1","6H":"1","RF":"1","MG":"1","3J":"1","MF":"1","6F":"1","4H":"1","5G":"1","2H":"1","PH":"1","6J":"1","GX":"1","2J":"1","3G":"1","7P":"1","2G":"1","JH":"1","3H":"1","4F":"1","5H":"1","2C":"1","7Q":"1","MC":"1","3Q":"1","3P":"1","MH":"1","8M":"1","JG":"1","5M":"1","4C":"1","JC":"1"},"9X":{"45":"1"},"FQ":{"47":"1","F9":"1","58":"1","C9":"1","7F":"1","F8":"1","C8":"1","F6":"1"},"J8":{"F5":"1","F4":"1"},"GV":{"GW":"1","GF":"1","FC":"1","FW":"1","FV":"1","FX":"1","CW":"1","HG":"1","GG":"1","GC":"1","HC":"1","GH":"1","GV":"1","CR":"1","FR":"1","HH":"1","CV":"1","CX":"1","HF":"1","GX":"1"},"2W":{"XW":"1","RQ":"1","XV":"1","WR":"1","WV":"1"},"GF":{"6R":"1","6V":"1"},"8R":{"98":"1","GP":"1","99":"1","FM":"1","WR":"1","HW":"1","VR":"1","FP":"1","GM":"1","XV":"1","WV":"1","C9":"1","CC":"1","CX":"1","9C":"1","5R":"1","XW":"1","WW":"1","6R":"1"},"FW":{"37":"1","V7":"1","38":"1","48":"1","W7":"1","47":"1","W6":"1","V6":"1"},"W6":{"R3":"1","V3":"1","R2":"1"},"H9":{"F2":"1","C2":"1"},"V3":{"7R":"1","5W":"1","4H":"1","2G":"1","3Q":"1","7P":"1","5X":"1","5J":"1","4R":"1","8P":"1","4P":"1","7M":"1","5P":"1","4Q":"1","2H":"1","6Q":"1","8Q":"1","4W":"1","7J":"1","3P":"1","3H":"1","2P":"1","7Q":"1","8R":"1","2J":"1","2M":"1","5H":"1","4J":"1","5M":"1","6P":"1","5Q":"1","3R":"1","6M":"1","4X":"1","3J":"1","3G":"1","5R":"1","6R":"1","4M":"1","3M":"1","6J":"1","8M":"1"},"2X":{"X9":"1","X8":"1","W9":"1","VX":"1"},"GM":{"X2":"1","PM":"1","X3":"1","MH":"1","X4":"1","PJ":"1","MM":"1","JJ":"1","MJ":"1"},"7R":{"W2":"1","WR":"1","PC":"1","JC":"1","VX":"1","XX":"1","QG":"1","WX":"1","MC":"1","PG":"1","X2":"1","JF":"1"}},"FF":{"X9":{"23":"1","22":"1","24":"1"},"X8":{"6Q":"1","FM":"1","6R":"1","5R":"1","6V":"1","9F":"1"},"W9":{"W2":"1","R2":"1","Q2":"1","W3":"1","R4":"1","R3":"1","X2":"1","X3":"1","V2":"1"},"W8":{"PR":"1","MV":"1","VX":"1","PX":"1","RV":"1","VV":"1","XX":"1","MW":"1","WX":"1","QV":"1","QR":"1","QQ":"1","RX":"1","QW":"1","QX":"1","VW":"1","RR":"1","PV":"1","RW":"1","PW":"1","WW":"1"}},"3J":{"RJ":{"XV":"1"},"XJ":{"VC":"1","8X":"1","PR":"1","V9":"1"},"W5":{"3C":"1","2M":"1","4C":"1"},"VH":{"3C":"1","39":"1"},"V5":{"RJ":"1","VJ":"1","X7":"1","VH":"1","RH":"1"}},"3R":{"8G":{"XG":"1"},"PC":{"WJ":"1"},"77":{"X3":"1"},"J4":{"45":"1","44":"1"},"93":{"WP":"1","WQ":"1","HH":"1","QX":"1","XH":"1"},"M5":{"GV":"1"},"95":{"JX":"1"},"C3":{"7R":"1","9V":"1","7X":"1","8X":"1","9W":"1","5J":"1","8Q":"1","7W":"1","7Q":"1","8R":"1","7V":"1","5M":"1","6W":"1","8V":"1","6M":"1","5R":"1","9R":"1","6R":"1","6J":"1","6V":"1","6X":"1"},"CG":{"32":"1","23":"1","22":"1","33":"1"},"87":{"32":"1","23":"1","2J":"1","22":"1","34":"1","24":"1","33":"1"},"9G":{"X3":"1","2G":"1"},"85":{"MC":"1"},"J5":{"W9":"1"},"C5":{"23":"1"},"C4":{"73":"1","57":"1","H5":"1","FW":"1","4V":"1","82":"1","GJ":"1","67":"1","58":"1","72":"1"},"94":{"M4":"1","W7":"1","W2":"1","J3":"1","R2":"1","X7":"1","X6":"1","R9":"1","W4":"1","Q2":"1","W3":"1","VV":"1","QC":"1","M3":"1"}},"3H":{"XP":{"76":"1","75":"1","86":"1"},"WP":{"H4":"1","R3":"1"},"Q3":{"XP":"1"}},"F3":{"FH":{"M2":"1"}},"C3":{"WJ":{"RR":"1","VV":"1","VR":"1","RV":"1"}},"PQ":{"V6":{"R3":"1"}},"G6":{"XG":{"X8":"1"},"WG":{"6J":"1","F2":"1"},"WF":{"5F":"1","67":"1"},"XC":{"4R":"1"},"VF":{"WJ":"1","9F":"1","CF":"1","9H":"1","X8":"1","CG":"1","9G":"1","CH":"1"}},"CX":{"VW":{"M4":"1","P5":"1","P4":"1","M5":"1"}},"Q5":{"43":{"RM":"1","XG":"1","XJ":"1","WM":"1","WH":"1","WJ":"1","RJ":"1","XH":"1","XM":"1","VH":"1","VJ":"1","VP":"1","VM":"1"},"45":{"X3":"1","X4":"1","X5":"1"},"63":{"HW":"1","GW":"1","GX":"1","HX":"1"},"73":{"4W":"1","3X":"1","3W":"1","4X":"1"},"62":{"CJ":"1"},"65":{"97":"1","87":"1","96":"1","86":"1"},"84":{"Q4":"1","FX":"1"},"93":{"WM":"1"},"75":{"68":"1","97":"1","67":"1","58":"1","78":"1","77":"1"},"55":{"23":"1","25":"1","35":"1","34":"1","24":"1"},"F2":{"G6":"1","H7":"1","FC":"1","H9":"1","H6":"1","GC":"1","G9":"1","J7":"1","J6":"1","F9":"1","H8":"1","C9":"1","F8":"1","G8":"1","C8":"1","J8":"1","G7":"1","F7":"1"},"C3":{"8P":"1","4P":"1","6M":"1","6R":"1","7M":"1","5V":"1","6P":"1","4Q":"1","4R":"1","6Q":"1","4V":"1","7P":"1","3V":"1","5P":"1","5Q":"1","7Q":"1","3Q":"1","5R":"1","3R":"1"},"53":{"2H":"1","4G":"1","3H":"1","3G":"1","2J":"1","2G":"1","3J":"1","4H":"1"},"74":{"32":"1","42":"1"},"85":{"F2":"1","C2":"1"}},"FX":{"3V":{"9M":"1","VV":"1","VF":"1"},"2W":{"8P":"1","7P":"1","6M":"1","7M":"1","8M":"1","6P":"1"},"4R":{"8V":"1","7V":"1","7W":"1","8W":"1"},"4V":{"62":"1","7G":"1","42":"1","RP":"1","66":"1","69":"1","68":"1","FH":"1","HH":"1","76":"1","52":"1"},"5V":{"CQ":"1","7R":"1","5W":"1","9V":"1","7X":"1","8X":"1","CW":"1","9W":"1","5X":"1","4R":"1","6Q":"1","9Q":"1","8Q":"1","7W":"1","4W":"1","CR":"1","9X":"1","7Q":"1","8R":"1","7V":"1","6W":"1","CV":"1","8V":"1","CX":"1","5V":"1","4X":"1","4V":"1","8W":"1","5R":"1","9R":"1","6R":"1","6V":"1","6X":"1"},"3W":{"X7":"1"},"5W":{"62":"1","52":"1","72":"1","42":"1"}},"Q2":{"C5":{"5X":"1","5W":"1","6W":"1"},"CG":{"V7":"1","W7":"1","W6":"1","V6":"1"},"C7":{"2W":"1","2X":"1"},"FF":{"PR":"1"},"F7":{"2M":"1","3M":"1","6X":"1","5X":"1","3P":"1","2P":"1"},"F8":{"62":"1","52":"1"},"9C":{"CG":"1","J6":"1","M8":"1","H9":"1","GC":"1","CF":"1","GF":"1","FH":"1","M9":"1","GH":"1","FC":"1","M6":"1","FG":"1","P7":"1","CC":"1","GG":"1","J7":"1","FF":"1","J8":"1","J9":"1","P8":"1","CH":"1","M7":"1"},"C9":{"MP":"1","MR":"1"},"9G":{"3Q":"1","2R":"1","3R":"1","2Q":"1","2P":"1"},"FC":{"RQ":"1","QQ":"1","QP":"1","RJ":"1","VP":"1","VQ":"1","VJ":"1","RP":"1","VM":"1","RM":"1"},"8C":{"JQ":"1","3V":"1","3W":"1","VV":"1","GV":"1","HR":"1","4W":"1","JR":"1","VW":"1","HV":"1","GR":"1","4V":"1"},"JG":{"H9":"1","JF":"1","HF":"1","JC":"1","HC":"1","GF":"1","J9":"1"},"7F":{"6C":"1","MJ":"1"},"6F":{"QR":"1","4W":"1","PQ":"1","PR":"1"},"CC":{"6Q":"1","WM":"1","XJ":"1","WJ":"1","XM":"1"},"87":{"RJ":"1","QJ":"1","MH":"1","GJ":"1","JH":"1","RM":"1","QM":"1"},"9F":{"73":"1","74":"1","68":"1","VV":"1","J7":"1","VR":"1","WR":"1","46":"1","56":"1","55":"1","WV":"1"},"86":{"X9":"1","W8":"1","W7":"1","P9":"1","W9":"1","X7":"1","P8":"1","R9":"1","M8":"1","R8":"1","V7":"1","X8":"1","Q9":"1","V8":"1","Q8":"1"},"FG":{"X9":"1","W9":"1","XC":"1","WC":"1"},"8G":{"MM":"1","PR":"1","JQ":"1","XQ":"1","XG":"1","XP":"1","MQ":"1","MP":"1","MR":"1","R4":"1","JP":"1","XR":"1","JR":"1","PQ":"1","JM":"1"},"F9":{"FM":"1","CM":"1"},"98":{"64":"1","76":"1","32":"1","66":"1","62":"1","75":"1","45":"1","65":"1","X3":"1","H5":"1","G7":"1","53":"1","H6":"1","F7":"1","44":"1","52":"1","54":"1","G6":"1","X4":"1","43":"1","35":"1","F6":"1","R3":"1","34":"1","R4":"1","56":"1","55":"1","63":"1","G5":"1","F5":"1","H7":"1","42":"1","33":"1"},"PF":{"9G":"1","CG":"1","9J":"1","43":"1","73":"1","53":"1","9M":"1","GJ":"1","9H":"1","FH":"1","52":"1","FM":"1","63":"1","8J":"1","GH":"1","FG":"1","CM":"1","FJ":"1","8H":"1","42":"1","9P":"1","CJ":"1","GM":"1","72":"1","FP":"1","CP":"1","8M":"1","CH":"1","62":"1"},"9H":{"HJ":"1","MJ":"1","PH":"1","JJ":"1","HG":"1","MG":"1","JH":"1","MF":"1","QG":"1","PG":"1","HH":"1","PF":"1","JG":"1","QF":"1","MH":"1"},"PC":{"4X":"1","8X":"1","2V":"1","3X":"1","5V":"1","4Q":"1","2R":"1","4R":"1","3W":"1","6X":"1","5W":"1","7W":"1","4V":"1","7X":"1","2W":"1","5X":"1","3V":"1","4W":"1","6V":"1","6W":"1","3Q":"1","5R":"1","3R":"1"},"HJ":{"PR":"1","JQ":"1","MV":"1","HW":"1","PX":"1","MQ":"1","RV":"1","HR":"1","MR":"1","MX":"1","MW":"1","QR":"1","QV":"1","JP":"1","RQ":"1","QQ":"1","JV":"1","HQ":"1","QW":"1","QX":"1","JR":"1","HP":"1","RR":"1","PQ":"1","JW":"1","HV":"1","RW":"1","PV":"1","PW":"1","JX":"1"},"C8":{"H7":"1","22":"1","F4":"1","J3":"1","7P":"1","J4":"1","F5":"1","FQ":"1","J7":"1","9F":"1","8R":"1","95":"1","44":"1","CC":"1","9C":"1","9R":"1"},"8F":{"8H":"1"},"97":{"5W":"1","3Q":"1","3V":"1","5X":"1","4R":"1","3W":"1","4Q":"1","2V":"1","XX":"1","4W":"1","3X":"1","3R":"1","5Q":"1","2W":"1","2R":"1","5V":"1","4X":"1","4V":"1","5R":"1"},"MC":{"XV":"1"},"5G":{"22":"1","W2":"1","R2":"1","7P":"1","8P":"1","7M":"1","W4":"1","6Q":"1","W3":"1","V3":"1","8Q":"1","R4":"1","7J":"1","R3":"1","7Q":"1","V4":"1","6P":"1","6M":"1","V2":"1","8M":"1"},"4G":{"X2":"1","W2":"1"},"99":{"FQ":"1","CQ":"1","FR":"1","W8":"1","FP":"1","CR":"1","CP":"1"},"Q9":{"RW":"1","VW":"1"},"GF":{"HH":"1","CG":"1","HF":"1","GJ":"1","HG":"1","JF":"1","GC":"1","87":"1","GF":"1","FH":"1","MG":"1","MF":"1","FM":"1","GH":"1","FC":"1","FG":"1","97":"1","CM":"1","FJ":"1","JH":"1","HC":"1","GG":"1","CJ":"1","FF":"1","GM":"1","88":"1","CH":"1","JG":"1","JC":"1"},"6C":{"FG":"1","RP":"1","CG":"1","RM":"1","QM":"1"},"5F":{"3V":"1","2W":"1","2R":"1","4W":"1","2V":"1","7X":"1","6X":"1","4V":"1","VX":"1","8X":"1","2X":"1","3X":"1","7W":"1","3W":"1","3R":"1","WX":"1","2Q":"1"},"WF":{"VJ":"1","VH":"1"},"VC":{"3W":"1"},"4F":{"XQ":"1","WR":"1","WQ":"1","VR":"1","XV":"1","RV":"1","VV":"1","XX":"1","WV":"1","WX":"1","XR":"1","VW":"1","RR":"1","XW":"1","WW":"1","VQ":"1"},"2X":{"28":"1","36":"1","37":"1","39":"1","26":"1","38":"1","35":"1","48":"1","27":"1","47":"1"},"CF":{"3Q":"1","4P":"1","3P":"1","2P":"1","2Q":"1","2J":"1","2M":"1","3J":"1","4M":"1","3M":"1"}},"59":{"4J":{"78":"1","G4":"1","3F":"1","2V":"1","49":"1","2P":"1","2Q":"1","H9":"1","53":"1","2F":"1","4M":"1","65":"1","G9":"1","C9":"1","3M":"1","2R":"1","55":"1","26":"1","58":"1","F9":"1","5W":"1","48":"1","FC":"1","F4":"1","G3":"1","59":"1","HC":"1","66":"1","3V":"1","25":"1","CC":"1","77":"1","76":"1","F3":"1","45":"1","67":"1","46":"1","69":"1","8C":"1","56":"1","3P":"1","68":"1","J9":"1","47":"1","JC":"1"},"M8":{"G4":"1","G2":"1","H4":"1","G5":"1"},"R2":{"5C":"1"},"3M":{"P2":"1","Q2":"1","X2":"1"},"P3":{"3C":"1","29":"1","39":"1","49":"1","59":"1"},"3J":{"98":"1","8F":"1","PR":"1","22":"1","FG":"1","4H":"1","Q6":"1","3V":"1","V6":"1","3W":"1","W4":"1","MQ":"1","2H":"1","XV":"1","W3":"1","WC":"1","V3":"1","V9":"1","4W":"1","H5":"1","Q3":"1","V5":"1","R6":"1","W5":"1","R5":"1","97":"1","PQ":"1","4V":"1","8W":"1","2F":"1","V2":"1"},"4H":{"PR":"1","GF":"1","G6":"1","MV":"1","QP":"1","HG":"1","JC":"1","GG":"1","7H":"1","8J":"1","GC":"1","HC":"1","RP":"1","RV":"1","MR":"1","7J":"1","2Q":"1","QV":"1","QR":"1","RQ":"1","QQ":"1","88":"1","JF":"1","JV":"1","QW":"1","8H":"1","RR":"1","PQ":"1","JW":"1","HF":"1","HV":"1","PV":"1","PW":"1","VQ":"1","6J":"1"},"CQ":{"FM":"1","M8":"1","CM":"1","P8":"1"},"Q2":{"G6":"1","G5":"1","H6":"1","J2":"1","H5":"1","V8":"1","H2":"1"},"GH":{"JF":"1","MC":"1","MF":"1","JC":"1"},"FC":{"6V":"1","3R":"1"},"2J":{"FM":"1","HM":"1","JG":"1","CH":"1","HG":"1","HH":"1","FJ":"1","CJ":"1","GJ":"1","HJ":"1","JH":"1","FH":"1","JJ":"1","GM":"1","GH":"1"},"M3":{"X8":"1","X7":"1"},"3H":{"3V":"1","WJ":"1","XV":"1","XX":"1","VH":"1","VJ":"1","VW":"1","WW":"1","QH":"1"},"54":{"VR":"1","QV":"1","PJ":"1"},"P2":{"R5":"1","H8":"1","GC":"1","R3":"1","R4":"1","V4":"1","V5":"1"},"4G":{"7J":"1","7F":"1","6H":"1","6J":"1","7H":"1","6F":"1","7G":"1","6G":"1","7M":"1"},"5H":{"XG":"1","WH":"1","XJ":"1","WJ":"1","XH":"1"},"3Q":{"G8":"1","C5":"1","HG":"1","GH":"1","CG":"1","C7":"1","FF":"1","F7":"1","88":"1","J9":"1","CH":"1","F8":"1","G6":"1","9C":"1","C9":"1","G9":"1","9G":"1","FC":"1","8C":"1","96":"1","95":"1","77":"1","HC":"1","76":"1","F6":"1","CC":"1","QC":"1","87":"1","89":"1","9F":"1","86":"1","HF":"1","FG":"1","F9":"1","MF":"1","C6":"1","98":"1","9H":"1","PC":"1","GG":"1","C8":"1","8F":"1","GC":"1","97":"1","MC":"1","FH":"1","W7":"1","99":"1","Q9":"1","GF":"1","F5":"1","JF":"1","JC":"1","M9":"1","Q8":"1","78":"1","H9":"1","P9":"1","R9":"1","CF":"1","85":"1"},"P5":{"7C":"1","8C":"1"},"3P":{"98":"1","89":"1","99":"1","75":"1","C9":"1","76":"1","88":"1"},"M5":{"G9":"1"}},"5H":{"83":{"4M":"1"},"93":{"V4":"1"}},"M2":{"RR":{"78":"1","M8":"1","H9":"1","79":"1","JF":"1","9C":"1","58":"1","M9":"1","59":"1","HC":"1","66":"1","CC":"1","77":"1","H8":"1","99":"1","67":"1","8F":"1","69":"1","9F":"1","8C":"1","56":"1","J8":"1","57":"1","68":"1","J9":"1","JC":"1"},"QX":{"8P":"1","8Q":"1","9P":"1","9Q":"1","8R":"1"},"VW":{"PM":"1","FM":"1","HM":"1","JM":"1","PP":"1"}},"4C":{"M4":{"2G":"1"},"C9":{"R3":"1"},"J4":{"XG":"1"},"JG":{"8P":"1"},"XC":{"WW":"1"},"M6":{"2F":"1"},"V6":{"G7":"1"}},"94":{"PH":{"MH":"1","PH":"1"}},"96":{"3Q":{"6F":"1","6C":"1","88":"1"},"2Q":{"M7":"1","4H":"1","38":"1","F5":"1","2H":"1","75":"1","3H":"1","M8":"1","2J":"1","2M":"1","FH":"1","76":"1","G7":"1","P7":"1","3G":"1","2C":"1","J5":"1","P2":"1"},"3P":{"4J":"1","5J":"1"},"2P":{"9J":"1","4J":"1","9M":"1","GJ":"1","5J":"1","6M":"1","PQ":"1","7M":"1","RQ":"1","4H":"1","QX":"1","PR":"1","7J":"1","6J":"1","8J":"1","XP":"1","PW":"1","4G":"1","HW":"1","8M":"1","PX":"1"}},"8P":{"GP":{"JX":"1","GX":"1","HX":"1"},"MJ":{"37":"1","89":"1","5H":"1","H2":"1","G4":"1","X4":"1","99":"1","JH":"1","H3":"1","88":"1","JJ":"1","98":"1","8C":"1"},"PH":{"2M":"1","2P":"1","2Q":"1","4J":"1","4P":"1","4M":"1","3M":"1","6R":"1","5V":"1","4R":"1","3J":"1","5W":"1","2J":"1","5P":"1","6V":"1","6W":"1","3Q":"1","3P":"1","5M":"1"},"6Q":{"W9":"1","X8":"1","W8":"1"},"HR":{"36":"1","3V":"1","2W":"1","3M":"1","3Q":"1","4W":"1","4R":"1","2V":"1","4Q":"1","4V":"1","4F":"1","2X":"1","3X":"1","3W":"1","3R":"1"},"QJ":{"2H":"1","3H":"1","2J":"1","2G":"1"},"GQ":{"M4":"1","J3":"1","H3":"1","J4":"1","P3":"1","M5":"1","J2":"1","G2":"1","G3":"1","M2":"1","M3":"1","J5":"1","H4":"1","H2":"1"},"HM":{"GM":"1"},"PJ":{"23":"1","XH":"1","24":"1"},"HV":{"32":"1","22":"1"},"JM":{"45":"1","46":"1","56":"1"},"MH":{"PH":"1","VR":"1","XM":"1","MR":"1","HM":"1","RQ":"1","PJ":"1","RR":"1","GR":"1","VQ":"1"}},"FP":{"2V":{"GW":"1","GX":"1","FW":"1","FX":"1"},"3W":{"33":"1"}},"G2":{"W8":{"JG":"1","HG":"1","HH":"1","JH":"1"},"8X":{"HV":"1"}},"R3":{"FQ":{"4P":"1","6Q":"1","5Q":"1","3Q":"1","2R":"1","4R":"1","4Q":"1","5P":"1","4M":"1","5M":"1","3R":"1","2Q":"1","3P":"1","6P":"1"},"3V":{"HG":"1"},"CQ":{"QP":"1","PM":"1","RP":"1","MP":"1","QM":"1","RQ":"1","QQ":"1","PQ":"1","PP":"1"},"CR":{"W5":"1","W4":"1"},"V6":{"RR":"1","JM":"1","RQ":"1","HG":"1","PM":"1","GH":"1","JJ":"1","7Q":"1","PP":"1","QR":"1","8V":"1","PQ":"1","HP":"1","HH":"1","JP":"1","HQ":"1","MJ":"1","FP":"1","JG":"1","MV":"1","GP":"1","MR":"1","HR":"1","HJ":"1","HM":"1","GJ":"1","MQ":"1","PR":"1","JQ":"1","GQ":"1","FQ":"1","MP":"1","GR":"1","JR":"1","QP":"1","FH":"1","QQ":"1","QV":"1","JH":"1","JV":"1","MM":"1","PV":"1","GM":"1"}},"75":{"X6":{"RW":"1"},"X7":{"46":"1"},"W7":{"WX":"1"}},"MV":{"7J":{"XW":"1","XV":"1"},"8J":{"3V":"1","2W":"1","4W":"1","2V":"1","4V":"1","2X":"1","3X":"1","3W":"1","4X":"1"}},"FR":{"HX":{"GJ":"1","HJ":"1","PJ":"1","GM":"1"}},"67":{"J6":{"PR":"1","MV":"1","FX":"1","MR":"1","MW":"1","QV":"1","QR":"1","QQ":"1","JV":"1","CX":"1","PQ":"1","JW":"1","PV":"1","PW":"1","JX":"1"},"J7":{"C3":"1","92":"1","F2":"1","C4":"1","7X":"1","8X":"1","C2":"1","F3":"1"},"J8":{"72":"1","73":"1","F4":"1","84":"1","F3":"1","93":"1","83":"1","82":"1","92":"1","C2":"1","C3":"1","74":"1","C4":"1","94":"1"}},"CR":{"QR":{"4M":"1","7W":"1","HV":"1"},"VV":{"26":"1","27":"1"},"35":{"WQ":"1","FX":"1","WR":"1"},"PR":{"HM":"1","JM":"1"},"RV":{"X6":"1","4R":"1","X7":"1","4V":"1"},"QV":{"XP":"1","WP":"1","XQ":"1","XM":"1"},"PV":{"M8":"1","P8":"1","M9":"1"}},"J3":{"XH":{"6H":"1","5H":"1","5G":"1","6G":"1"},"WR":{"P2":"1","J2":"1","M2":"1"},"VQ":{"RM":"1","QP":"1","29":"1","38":"1","28":"1","RP":"1","RJ":"1","QR":"1","QM":"1","RQ":"1","QQ":"1","VP":"1","39":"1","RR":"1","37":"1","VQ":"1","VM":"1"},"RC":{"H9":"1","FR":"1","CW":"1","G9":"1","GC":"1","FX":"1","CQ":"1","9V":"1","GX":"1","FW":"1","GW":"1","CV":"1","FV":"1","HC":"1","9R":"1","H7":"1","H8":"1","J7":"1","9Q":"1","9W":"1","J8":"1","J9":"1","CR":"1"},"FR":{"9X":"1","MX":"1","7X":"1","8X":"1"},"PQ":{"MJ":"1","JV":"1","RC":"1","CW":"1","HV":"1","JW":"1","HX":"1","X9":"1","MX":"1","HR":"1","W8":"1","9V":"1","GV":"1","GX":"1","FW":"1","JR":"1","GW":"1","X7":"1","WC":"1","CV":"1","JH":"1","FV":"1","9R":"1","GR":"1","X6":"1","X8":"1","HW":"1","CX":"1","9W":"1","W9":"1","V8":"1","VC":"1","JX":"1","MH":"1","9X":"1","JJ":"1","CR":"1","MW":"1","V9":"1"},"RG":{"9H":"1","FM":"1","CH":"1","CG":"1","9G":"1"},"RQ":{"PM":"1","VM":"1","XJ":"1","WH":"1","CG":"1","PH":"1","XG":"1","88":"1","W9":"1","7C":"1","CH":"1","CJ":"1","VG":"1","PJ":"1","9G":"1","8C":"1","75":"1","XC":"1","89":"1","FG":"1","RH":"1","WM":"1","9H":"1","55":"1","XH":"1","65":"1","84":"1","XM":"1","WP":"1","RG":"1","WJ":"1","64":"1","RP":"1","QH":"1","QM":"1","VP":"1","VF":"1","WC":"1","WG":"1","74":"1","RM":"1","9J":"1","QP":"1","QJ":"1","RJ":"1","FH":"1","79":"1","VJ":"1","78":"1","WF":"1","X9":"1","VH":"1","XF":"1","QG":"1","CF":"1","85":"1"},"RF":{"98":"1","FC":"1","99":"1","G9":"1","F9":"1","C9":"1","F8":"1","G8":"1","CC":"1","G7":"1","9C":"1","97":"1","C7":"1","F7":"1"},"WV":{"G5":"1","VC":"1","XC":"1","RF":"1","XG":"1","38":"1","WH":"1","47":"1","RG":"1","RJ":"1","48":"1","RH":"1","WF":"1","WC":"1","XH":"1","VF":"1","VH":"1","XF":"1","VJ":"1","WG":"1","VG":"1","37":"1","QH":"1"},"RJ":{"8F":"1","FG":"1","H4":"1","CF":"1","CG":"1","9G":"1","9C":"1","8G":"1","CC":"1","9F":"1"},"QX":{"6X":"1"},"GV":{"28":"1","37":"1","38":"1","46":"1","27":"1","47":"1"},"PR":{"J3":"1","H3":"1","J2":"1","G2":"1","F2":"1","M2":"1","M3":"1","H2":"1"},"WM":{"63":"1","54":"1","J3":"1","Q6":"1","H3":"1","64":"1","R7":"1","P4":"1","Q7":"1","R6":"1","2C":"1"},"XJ":{"JX":"1"},"CV":{"H4":"1","G4":"1","W6":"1","95":"1","C5":"1","F6":"1","X9":"1","V6":"1","C6":"1","W8":"1","V5":"1","R7":"1","9V":"1","V7":"1","F4":"1","CV":"1","C4":"1","9R":"1","W7":"1","G5":"1","G6":"1","X8":"1","F5":"1","9W":"1","W9":"1","V8":"1","8W":"1","H5":"1","94":"1","CR":"1","R6":"1","V9":"1"},"FV":{"92":"1","Q5":"1","G4":"1","82":"1","G5":"1","F5":"1","72":"1"},"XQ":{"QR":"1","32":"1","C6":"1","22":"1","WR":"1","PR":"1","QV":"1","PV":"1","GR":"1","C5":"1"},"WP":{"2H":"1","Q5":"1","WF":"1","3G":"1","2G":"1","VX":"1","XX":"1","WX":"1","WW":"1","VW":"1","2F":"1"},"XP":{"F8":"1","V5":"1","FP":"1","C5":"1","CG":"1","PG":"1","VC":"1","6G":"1","HG":"1","6H":"1","V9":"1","V7":"1","8H":"1","M9":"1","W6":"1","6W":"1","CR":"1","F7":"1","M5":"1","X5":"1","RQ":"1","WH":"1","7H":"1","MQ":"1","CV":"1","G9":"1","FG":"1","XC":"1","8M":"1","C7":"1","H8":"1","QJ":"1","VJ":"1","FH":"1","9F":"1","GJ":"1","MP":"1","RC":"1","PM":"1","CQ":"1","GR":"1","9J":"1","X8":"1","M7":"1","XM":"1","9P":"1","VH":"1","PC":"1","Q9":"1","CC":"1","WJ":"1","VF":"1","PP":"1","HM":"1","PQ":"1","RG":"1","R3":"1","WM":"1","GQ":"1","R4":"1","WC":"1","M4":"1","M8":"1","WP":"1","FM":"1","8Q":"1","XG":"1","7R":"1","9H":"1","P7":"1","CJ":"1","W9":"1","F9":"1","8G":"1","QQ":"1","X4":"1","R6":"1","MH":"1","7Q":"1","J7":"1","JC":"1","JJ":"1","PJ":"1","7G":"1","MC":"1","RP":"1","6V":"1","JM":"1","FJ":"1","X9":"1","HR":"1","M6":"1","J5":"1","FF":"1","X3":"1","JQ":"1","H7":"1","MG":"1","9G":"1","9Q":"1","8P":"1","8R":"1","CH":"1","XH":"1","QP":"1","HP":"1","R8":"1","QC":"1","JG":"1","4X":"1","2X":"1","7F":"1","X7":"1","P4":"1","PR":"1","Q4":"1","J6":"1","RF":"1","8J":"1","GG":"1","P6":"1","G5":"1","JH":"1","X6":"1","V4":"1","RM":"1","JR":"1","VG":"1","J9":"1","HQ":"1","W5":"1","Q6":"1","Q8":"1","P9":"1","C6":"1","HF":"1","GP":"1","P8":"1","MM":"1","H9":"1","H5":"1","PH":"1","W7":"1","WF":"1","HH":"1","7V":"1","QF":"1","XJ":"1","VM":"1","W8":"1","PF":"1","WG":"1","6M":"1","9R":"1","6F":"1","R9":"1","Q5":"1","VP":"1","HC":"1","R7":"1","FQ":"1","C9":"1","JP":"1","Q7":"1","7P":"1","R5":"1","MJ":"1","RJ":"1","V6":"1","W4":"1","MR":"1","V3":"1","3X":"1","9M":"1","FR":"1","7J":"1","P5":"1","CP":"1","JF":"1","XF":"1","G7":"1","F5":"1","C8":"1","RH":"1","7M":"1","W3":"1","GM":"1","CM":"1","G8":"1","6P":"1","MF":"1","QH":"1","HJ":"1","F6":"1","H6":"1","J8":"1","GF":"1","QM":"1","GH":"1","FC":"1","V8":"1","CF":"1","G6":"1","QG":"1"},"PW":{"GQ":"1","89":"1","CQ":"1","CR":"1","GJ":"1"},"RP":{"H4":"1","49":"1","M4":"1","J2":"1","5C":"1","PQ":"1","XM":"1","H3":"1","P3":"1","58":"1","48":"1","M3":"1","59":"1","XP":"1","4F":"1","P2":"1","J5":"1","M2":"1","J4":"1","69":"1","PP":"1","P5":"1","J3":"1","H5":"1","M5":"1","P4":"1","4C":"1","H2":"1"},"RM":{"JX":"1","MX":"1","HX":"1","PX":"1"},"RV":{"FC":"1","GC":"1","FF":"1","CF":"1","GF":"1","CC":"1"},"CX":{"57":"1","39":"1","38":"1","48":"1","49":"1","47":"1","58":"1"},"QP":{"82":"1"},"XC":{"VC":"1","WF":"1","J7":"1","WC":"1","VF":"1"},"WJ":{"GW":"1","JQ":"1","FW":"1","FV":"1","CW":"1","HW":"1","MQ":"1","HR":"1","GV":"1","MR":"1","CR":"1","FR":"1","GQ":"1","JP":"1","JV":"1","CV":"1","HQ":"1","JR":"1","JW":"1","HV":"1","GR":"1"},"QQ":{"28":"1","26":"1","27":"1"},"WQ":{"MW":"1","F8":"1","FP":"1","PX":"1","CG":"1","6G":"1","8W":"1","HG":"1","6H":"1","8H":"1","CR":"1","5P":"1","88":"1","7H":"1","MQ":"1","6R":"1","GV":"1","CV":"1","FG":"1","8M":"1","5M":"1","FH":"1","9F":"1","GJ":"1","MP":"1","PM":"1","CQ":"1","GR":"1","9J":"1","9W":"1","9P":"1","CC":"1","FV":"1","PP":"1","HM":"1","PQ":"1","7W":"1","6J":"1","GQ":"1","FM":"1","8Q":"1","7R":"1","9H":"1","CJ":"1","F9":"1","8G":"1","QR":"1","QQ":"1","MH":"1","7Q":"1","GC":"1","7C":"1","JC":"1","JJ":"1","7G":"1","PJ":"1","MC":"1","RP":"1","6V":"1","JM":"1","FJ":"1","6Q":"1","HR":"1","J5":"1","FF":"1","JQ":"1","X2":"1","H7":"1","9G":"1","9Q":"1","8P":"1","8R":"1","CH":"1","QP":"1","HP":"1","JG":"1","7F":"1","R2":"1","PR":"1","J6":"1","8J":"1","GG":"1","9V":"1","G5":"1","JH":"1","JR":"1","9C":"1","HQ":"1","JX":"1","HF":"1","GP":"1","PW":"1","8F":"1","98":"1","5Q":"1","MM":"1","H5":"1","HH":"1","7V":"1","FW":"1","CW":"1","6M":"1","9R":"1","HC":"1","W2":"1","FQ":"1","C9":"1","JP":"1","7P":"1","MX":"1","HV":"1","89":"1","MJ":"1","PV":"1","MR":"1","9M":"1","FR":"1","7J":"1","CP":"1","JF":"1","C8":"1","4Q":"1","99":"1","7M":"1","GM":"1","CM":"1","6P":"1","MF":"1","HJ":"1","JW":"1","JV":"1","H6":"1","MV":"1","GF":"1","QM":"1","GH":"1","FC":"1","V2":"1","8V":"1","CF":"1","8C":"1","G6":"1"},"9X":{"9X":"1","8V":"1","9W":"1","CX":"1","9V":"1","CW":"1","8W":"1"},"QM":{"9X":"1","8X":"1"},"VP":{"Q9":"1","PG":"1","XG":"1","2M":"1","3M":"1","3Q":"1","P9":"1","QC":"1","XH":"1","2Q":"1","3P":"1","2P":"1","PC":"1"},"VM":{"C9":"1","89":"1","XF":"1","C8":"1","XC":"1","F8":"1","99":"1","88":"1","98":"1"},"MW":{"FQ":"1","FM":"1","9M":"1","CQ":"1","CM":"1","9P":"1","FP":"1","CP":"1"},"PX":{"M4":"1","92":"1","P5":"1","P4":"1","82":"1","M5":"1","J5":"1"}},"9M":{"PW":{"8G":"1","8F":"1","7G":"1","9F":"1","7F":"1","R8":"1","9G":"1","Q8":"1"},"QV":{"CQ":"1","7R":"1","CW":"1","FQ":"1","9Q":"1","CR":"1","MX":"1","FR":"1","MW":"1","8R":"1","7V":"1","8V":"1"}},"86":{"QJ":{"FV":"1","9V":"1","7Q":"1","CQ":"1","5W":"1","7V":"1","8V":"1","CJ":"1","CX":"1","HP":"1","FX":"1","8W":"1","CW":"1","HQ":"1","JP":"1","GW":"1","HV":"1","9W":"1","7W":"1","8J":"1","8P":"1","FP":"1","8M":"1","CM":"1","CP":"1","MV":"1","5R":"1","FR":"1","CR":"1","9M":"1","GP":"1","MX":"1","9P":"1","6W":"1","HX":"1","HR":"1","PW":"1","QW":"1","8X":"1","HW":"1","7X":"1","MW":"1","HM":"1","5X":"1","9R":"1","5V":"1","9Q":"1","GX":"1","CV":"1","JQ":"1","GQ":"1","RW":"1","8Q":"1","9X":"1","FQ":"1","9J":"1","PX":"1","GV":"1","JR":"1","GR":"1","QV":"1","6R":"1","8R":"1","FW":"1","6X":"1","JV":"1","FM":"1","PV":"1","7P":"1","FJ":"1","JW":"1","GM":"1","6V":"1","RX":"1","7R":"1","QX":"1","JX":"1"},"QM":{"G8":"1","C5":"1","82":"1","93":"1","G7":"1","F4":"1","H5":"1","C7":"1","J6":"1","G5":"1","F3":"1","C3":"1","G6":"1","Q2":"1","M2":"1","94":"1","H7":"1","95":"1","G2":"1","F6":"1","J3":"1","92":"1","C6":"1","H3":"1","73":"1","M3":"1","84":"1","J2":"1","G3":"1","72":"1","P4":"1","H8":"1","J5":"1","C2":"1","P2":"1","63":"1","H2":"1","P3":"1","H6":"1","H4":"1","G4":"1","M5":"1","C4":"1","J7":"1","F5":"1","M6":"1","62":"1","M4":"1","F2":"1","83":"1","J4":"1","85":"1"}},"3M":{"RP":{"M7":"1","J9":"1","H6":"1","P9":"1","PC":"1","P8":"1","R9":"1","MG":"1","M6":"1","G9":"1","J7":"1","J6":"1","M8":"1","F8":"1","G8":"1","R8":"1","J8":"1","PF":"1","Q7":"1","Q9":"1","QC":"1","P7":"1","M9":"1","P6":"1","QF":"1","Q8":"1"},"RM":{"45":"1","44":"1","23":"1","35":"1","34":"1","24":"1"},"V6":{"HM":"1","PH":"1","M9":"1"}},"49":{"RW":{"53":"1","63":"1"},"XJ":{"XC":"1"},"RV":{"4J":"1","5J":"1","2P":"1"}},"MR":{"JJ":{"7F":"1","6F":"1"}},"98":{"R5":{"P5":"1","P6":"1","M5":"1","M6":"1"},"W3":{"HH":"1","HF":"1","GJ":"1","HG":"1","JF":"1","GC":"1","GF":"1","MG":"1","MF":"1","GH":"1","HJ":"1","JH":"1","HC":"1","GG":"1","MH":"1","JJ":"1","JG":"1","JC":"1"},"V3":{"HW":"1","3V":"1","4W":"1","5W":"1","3R":"1"},"V4":{"F3":"1"}},"H3":{"75":{"FG":"1"},"P9":{"6Q":"1","7Q":"1","7P":"1","6M":"1","7M":"1","6P":"1"}},"PW":{"93":{"CQ":"1","FW":"1","9V":"1","FV":"1","CW":"1","9W":"1","9Q":"1","9X":"1","CR":"1","FR":"1","CV":"1","CX":"1","9R":"1"}},"M3":{"6C":{"5W":"1","7X":"1","3V":"1","5X":"1","3W":"1","2V":"1","4W":"1","2X":"1","3X":"1","3R":"1","2W":"1","2R":"1","4X":"1","4V":"1","6X":"1"},"3F":{"7R":"1","GW":"1","9V":"1","FW":"1","7X":"1","FX":"1","8X":"1","CW":"1","HW":"1","9W":"1","GV":"1","7W":"1","9X":"1","8R":"1","7V":"1","CV":"1","8V":"1","CX":"1","HV":"1","8W":"1","9R":"1"},"2P":{"48":"1","44":"1","2G":"1","V8":"1","XG":"1","W9":"1","35":"1","38":"1","34":"1","37":"1","24":"1","59":"1","54":"1","4C":"1","26":"1","25":"1","36":"1","XC":"1","V9":"1","27":"1","49":"1","F9":"1","2C":"1","2F":"1","33":"1","5C":"1","29":"1","55":"1","XH":"1","X8":"1","65":"1","43":"1","2H":"1","63":"1","3C":"1","VF":"1","WC":"1","WG":"1","R8":"1","39":"1","45":"1","53":"1","3F":"1","6C":"1","5F":"1","WF":"1","58":"1","X9":"1","62":"1","XF":"1","23":"1","VC":"1","4F":"1","R5":"1","28":"1","69":"1","R9":"1","52":"1","W8":"1"},"2Q":{"RW":"1","RV":"1","QV":"1"},"4J":{"HF":"1","Q4":"1","CW":"1","HX":"1","GC":"1","GF":"1","4Q":"1","2R":"1","4R":"1","FX":"1","MF":"1","CQ":"1","9V":"1","Q5":"1","6J":"1","GX":"1","CV":"1","HC":"1","9R":"1","3V":"1","9P":"1","CX":"1","9Q":"1","P5":"1","JX":"1","22":"1","P4":"1","9X":"1","CR":"1"},"RC":{"F2":"1"},"3C":{"55":"1"},"4P":{"MJ":"1","HP":"1","5F":"1","5C":"1","RJ":"1","5G":"1","PH":"1","27":"1","W7":"1","4F":"1","HQ":"1","H7":"1","4G":"1","RM":"1","VJ":"1","GQ":"1","MH":"1","GP":"1","CH":"1","VM":"1","4C":"1"},"2F":{"XX":"1","WX":"1","R2":"1"},"4M":{"C5":"1","82":"1","93":"1","G7":"1","F4":"1","H5":"1","C7":"1","F7":"1","J6":"1","G5":"1","F3":"1","C3":"1","G6":"1","37":"1","JP":"1","M2":"1","94":"1","96":"1","95":"1","G2":"1","75":"1","F6":"1","J3":"1","87":"1","92":"1","86":"1","C6":"1","H3":"1","73":"1","M3":"1","84":"1","J2":"1","G3":"1","72":"1","P6":"1","P4":"1","P5":"1","J5":"1","C2":"1","63":"1","JQ":"1","XX":"1","74":"1","97":"1","H2":"1","JR":"1","H6":"1","H4":"1","G4":"1","M5":"1","C4":"1","F5":"1","M6":"1","M4":"1","F2":"1","83":"1","RX":"1","J4":"1","85":"1"},"PG":{"JM":"1","GH":"1","JJ":"1","CG":"1","FF":"1","CH":"1","F8":"1","CJ":"1","HP":"1","HH":"1","HQ":"1","9C":"1","C9":"1","G9":"1","9G":"1","FC":"1","8C":"1","FP":"1","CM":"1","CP":"1","CC":"1","9M":"1","9F":"1","GP":"1","FG":"1","8G":"1","9P":"1","F9":"1","98":"1","9H":"1","HJ":"1","HM":"1","GJ":"1","GG":"1","C8":"1","8F":"1","GQ":"1","FQ":"1","FH":"1","99":"1","FM":"1","FJ":"1","GM":"1","CF":"1"},"HG":{"6Q":"1","6R":"1","5Q":"1","7Q":"1","5R":"1","7P":"1","7R":"1","6P":"1"},"5F":{"R5":"1","W6":"1","W3":"1","X4":"1","V3":"1","V6":"1","W2":"1","V5":"1","V7":"1","X3":"1","X7":"1","W7":"1","V2":"1","X6":"1","X2":"1","W4":"1","W5":"1","V4":"1","R4":"1","X5":"1","R6":"1"},"6M":{"3G":"1","3F":"1"},"5C":{"XW":"1","VV":"1","XV":"1","XR":"1","VX":"1","VR":"1","WR":"1","XX":"1","WX":"1","VW":"1","WW":"1","WV":"1"},"7M":{"73":"1"},"3M":{"M4":"1","5P":"1","RP":"1","Q2":"1","M8":"1","3X":"1","RQ":"1","VP":"1","6P":"1","5Q":"1","M3":"1","4X":"1","VQ":"1","P2":"1"},"6G":{"4R":"1","4V":"1"},"6P":{"VM":"1","XJ":"1","WH":"1","2G":"1","3G":"1","7J":"1","XG":"1","XQ":"1","3H":"1","XV":"1","8H":"1","VG":"1","9G":"1","XR":"1","8J":"1","8P":"1","XP":"1","7G":"1","8M":"1","9M":"1","8G":"1","9P":"1","7H":"1","VQ":"1","WM":"1","9H":"1","XH":"1","XM":"1","WP":"1","2H":"1","WJ":"1","VP":"1","8F":"1","WG":"1","WQ":"1","9J":"1","WR":"1","VJ":"1","VH":"1","F2":"1"},"QF":{"92":"1","82":"1","C2":"1"},"6H":{"CQ":"1","9V":"1","FV":"1","CW":"1","9W":"1","9P":"1","CP":"1","GV":"1","9Q":"1","CR":"1","FR":"1","G8":"1","CV":"1","GR":"1"},"4Q":{"G7":"1"},"4R":{"MM":"1","JQ":"1","PM":"1","MQ":"1","MP":"1","MR":"1","JP":"1","JR":"1","PQ":"1","JM":"1","PP":"1"},"8Q":{"F3":"1"},"QG":{"89":"1","68":"1","87":"1","69":"1","88":"1","79":"1","78":"1","77":"1"},"MG":{"PG":"1","JF":"1","MC":"1","JG":"1","MF":"1","PH":"1","PF":"1","QG":"1","MG":"1","QF":"1","PC":"1"},"3J":{"78":"1","WR":"1","F6":"1","XW":"1","79":"1","5J":"1","GC":"1","XM":"1","GF":"1","6H":"1","VW":"1","WV":"1","RW":"1","6J":"1","WM":"1","X2":"1","J7":"1","82":"1","89":"1","6V":"1","69":"1","83":"1","72":"1","QQ":"1","94":"1","68":"1","93":"1","88":"1"},"6F":{"43":"1","45":"1","22":"1","72":"1","63":"1","54":"1","24":"1","62":"1","26":"1","64":"1","25":"1","42":"1","55":"1","46":"1","27":"1","33":"1","44":"1","35":"1","53":"1","32":"1","34":"1","23":"1","52":"1","37":"1","36":"1"},"4H":{"XG":"1","2X":"1","XH":"1","4X":"1"},"W8":{"JX":"1","HX":"1"},"5G":{"JX":"1","GX":"1","HX":"1"},"2H":{"CR":"1"},"QV":{"76":"1","66":"1","75":"1","65":"1","74":"1","85":"1","84":"1","86":"1"},"7J":{"QQ":"1","QP":"1","VP":"1","RP":"1","VM":"1","RM":"1","QM":"1"},"6J":{"27":"1"},"FW":{"Q6":"1","M8":"1","P8":"1","M7":"1","P6":"1","P7":"1","Q7":"1"},"HJ":{"9X":"1","9W":"1","7X":"1","6X":"1","8X":"1","7W":"1","8W":"1"},"2J":{"V9":"1"},"3G":{"3F":"1","M4":"1","95":"1","73":"1","C3":"1","JF":"1","92":"1","84":"1","F2":"1","3G":"1","VR":"1","C2":"1","C4":"1","4F":"1","RR":"1","85":"1","VV":"1","4G":"1","RV":"1","82":"1","75":"1","Q8":"1","P5":"1","83":"1","72":"1","94":"1","M5":"1","P4":"1","93":"1","74":"1"},"7P":{"4H":"1","2G":"1","3Q":"1","3V":"1","5J":"1","4R":"1","4P":"1","5P":"1","4Q":"1","2V":"1","2H":"1","6Q":"1","3P":"1","3H":"1","2P":"1","2Q":"1","2J":"1","2M":"1","5H":"1","4J":"1","5M":"1","5Q":"1","3R":"1","2W":"1","2R":"1","6M":"1","3J":"1","5R":"1","4M":"1","3M":"1","6J":"1"},"2G":{"X2":"1","JP":"1","W9":"1","W2":"1","W8":"1","W7":"1"},"JH":{"QC":"1"},"3H":{"G2":"1","R5":"1","8X":"1","M4":"1","Q4":"1","FR":"1","J2":"1","H3":"1","VW":"1","P3":"1","WV":"1","V5":"1","Q5":"1","G3":"1","M3":"1","VR":"1","7X":"1","Q3":"1","VV":"1","J5":"1","6V":"1","J4":"1","P5":"1","M5":"1","P4":"1","XX":"1","H2":"1"},"4F":{"MV":"1"},"PC":{"C9":"1","F9":"1"},"CC":{"CQ":"1","7R":"1","9V":"1","9W":"1","7P":"1","8P":"1","7M":"1","9P":"1","CP":"1","6Q":"1","9M":"1","9Q":"1","8Q":"1","CR":"1","7Q":"1","8R":"1","5M":"1","7V":"1","CV":"1","6P":"1","8V":"1","6M":"1","8W":"1","9R":"1","6R":"1","8M":"1"},"5P":{"G2":"1","WR":"1","95":"1","HV":"1","92":"1","GC":"1","C9":"1","GF":"1","9C":"1","52":"1","HR":"1","F9":"1","FC":"1","G3":"1","C2":"1","CC":"1","9P":"1","WG":"1","FF":"1","82":"1","89":"1","8C":"1"},"5Q":{"53":"1"},"5H":{"2H":"1","2G":"1","3W":"1"},"4G":{"2Q":"1"},"QC":{"9V":"1","FW":"1","FX":"1","8X":"1","CW":"1","9W":"1","9X":"1","CV":"1","CX":"1","8W":"1"},"9Q":{"VC":"1","WF":"1","XF":"1","XC":"1","RC":"1","WC":"1","VF":"1","QG":"1","QF":"1","RG":"1","RF":"1"},"R9":{"GX":"1","FW":"1","CX":"1","FX":"1","CW":"1"},"PP":{"G7":"1","G8":"1"},"3Q":{"HH":"1","GG":"1","GH":"1"},"GM":{"VC":"1","RF":"1","XG":"1","XJ":"1","R9":"1","WH":"1","XH":"1","VF":"1","R7":"1","V9":"1","WG":"1","RC":"1","R8":"1","V7":"1","Q9":"1","QC":"1","V8":"1","QF":"1","Q8":"1"},"3P":{"3F":"1","49":"1","43":"1","3C":"1","GJ":"1","2F":"1","39":"1","XG":"1","28":"1","52":"1","JM":"1","2H":"1","HJ":"1","3G":"1","2G":"1","42":"1","29":"1","X8":"1","2C":"1","GM":"1","HM":"1","JJ":"1","32":"1","4C":"1","62":"1"},"HM":{"2H":"1","62":"1","92":"1","94":"1","C6":"1","2J":"1","2G":"1","82":"1","95":"1","96":"1","C5":"1","72":"1"},"5M":{"8G":"1","8F":"1","9V":"1","8X":"1","3V":"1","4R":"1","6Q":"1","XH":"1","9F":"1","9X":"1","7F":"1","27":"1","6W":"1","3R":"1","CX":"1","5V":"1","2C":"1","4V":"1","5R":"1","6R":"1"}},"5C":{"2G":{"F2":"1","G2":"1"},"H3":{"MJ":"1"},"5J":{"R6":"1","V7":"1","R7":"1","V6":"1"},"56":{"98":"1"},"7H":{"83":"1","64":"1","62":"1"},"28":{"87":"1"},"7G":{"QP":"1","CW":"1","7P":"1","7M":"1","7G":"1","RP":"1","RJ":"1","9Q":"1","8Q":"1","RQ":"1","5M":"1","CV":"1","HQ":"1","8M":"1"},"6G":{"QJ":"1"},"M8":{"98":"1"},"2F":{"GX":"1","FX":"1"},"6C":{"C3":"1","F3":"1"}},"QW":{"W2":{"H4":"1","G4":"1","J6":"1","M4":"1","C3":"1","J2":"1","92":"1","H3":"1","P3":"1","M6":"1","H6":"1","M3":"1","C2":"1","C4":"1","P2":"1","J5":"1","M2":"1","J4":"1","P5":"1","J3":"1","H5":"1","94":"1","M5":"1","P4":"1","93":"1","H2":"1"},"R3":{"W3":"1","W2":"1","V3":"1","R2":"1","V2":"1"},"V3":{"7M":"1"},"V4":{"44":"1","43":"1"},"R2":{"RX":"1","VX":"1","WX":"1","WW":"1","VW":"1"}},"9H":{"7J":{"RX":"1","QX":"1"},"7M":{"Q2":"1","R2":"1"}},"V2":{"6H":{"2X":"1","3X":"1"},"6J":{"32":"1","23":"1","22":"1","33":"1"},"5H":{"28":"1","29":"1","26":"1","38":"1","27":"1","XX":"1"},"2G":{"32":"1","52":"1","P3":"1","42":"1"},"5J":{"64":"1","76":"1","X2":"1","66":"1","W3":"1","75":"1","65":"1","X3":"1","74":"1","W2":"1","54":"1","67":"1","55":"1","96":"1","77":"1"},"4H":{"X9":"1","W8":"1","VC":"1","XC":"1","W7":"1","W9":"1","X7":"1","WF":"1","WC":"1","V9":"1","X8":"1","V8":"1"},"2F":{"4W":"1","6X":"1","5X":"1","5W":"1","4X":"1","6W":"1"}},"Q3":{"8X":{"WJ":"1"},"PR":{"6X":"1","5X":"1"},"QV":{"J8":"1"},"93":{"M4":"1","J2":"1","P5":"1","P4":"1","J4":"1","P3":"1","M2":"1","J3":"1","M5":"1","M6":"1","M3":"1"},"PV":{"X9":"1","W8":"1","43":"1","VC":"1","W7":"1","63":"1","54":"1","62":"1","W6":"1","W9":"1","V6":"1","42":"1","V9":"1","33":"1","44":"1","V7":"1","X8":"1","53":"1","32":"1","34":"1","52":"1","V8":"1"}},"8X":{"H8":{"W4":"1"},"2M":{"82":"1"},"4R":{"X7":"1","W7":"1"},"VV":{"V2":"1"}},"R4":{"57":{"7J":"1","6Q":"1","6R":"1","5R":"1","7P":"1","5V":"1","7M":"1","6P":"1"},"29":{"2W":"1","4W":"1","2X":"1","3X":"1","3W":"1","4X":"1"},"26":{"HR":"1","GV":"1","GR":"1","HV":"1"},"2C":{"32":"1","23":"1","22":"1","42":"1","33":"1"},"23":{"3V":"1","2W":"1","4W":"1","2V":"1","2X":"1","3X":"1","3W":"1","4X":"1"},"48":{"Q2":"1"},"46":{"7J":"1","8J":"1","CQ":"1","6J":"1","GV":"1","7X":"1","C8":"1","6M":"1","7M":"1","98":"1"},"47":{"53":"1","44":"1","54":"1","43":"1","QX":"1"}},"X8":{"X9":{"F2":"1","G3":"1","F4":"1","F3":"1"},"W9":{"92":"1","C2":"1"},"W8":{"9X":"1","9W":"1","8F":"1","VQ":"1","FW":"1","CX":"1","WQ":"1","VR":"1","FX":"1","WR":"1","9C":"1","CW":"1","8C":"1"}},"84":{"57":{"MP":"1","JP":"1","PM":"1","JM":"1","MM":"1","PJ":"1","MJ":"1"},"GG":{"XC":"1","7M":"1"},"67":{"RH":"1","P9":"1","RC":"1","R8":"1","87":"1","RG":"1","Q9":"1","QF":"1","RF":"1","28":"1","55":"1","4H":"1","VG":"1","54":"1","PC":"1","VF":"1","77":"1","4G":"1","WH":"1","QC":"1","WG":"1","R9":"1","Q8":"1","VH":"1","V8":"1","VC":"1","V9":"1"},"58":{"8G":"1","7H":"1","8J":"1","7G":"1","6H":"1","7J":"1","9H":"1","9G":"1","8H":"1","9J":"1"}},"X7":{"XQ":{"X6":"1","X5":"1"},"QP":{"HP":"1","HJ":"1"},"7P":{"R6":"1","WH":"1","WM":"1","VJ":"1","R7":"1","WJ":"1"},"65":{"23":"1","24":"1"},"8P":{"2G":"1","2F":"1"},"XP":{"4P":"1","5Q":"1","4R":"1","5R":"1","4Q":"1","5P":"1","6P":"1"},"W4":{"W8":"1","7R":"1","9V":"1","7X":"1","8X":"1","W9":"1","9W":"1","6Q":"1","V9":"1","8Q":"1","7W":"1","7Q":"1","8R":"1","7V":"1","8V":"1","V8":"1","8W":"1","6R":"1","6V":"1"},"RG":{"5F":"1","7F":"1","6F":"1","7C":"1","6C":"1","7G":"1","6G":"1"},"X4":{"C3":"1","C4":"1","F5":"1","F4":"1","F3":"1"},"55":{"M8":"1","X3":"1","M7":"1","J7":"1","X4":"1","J8":"1"},"QR":{"RQ":"1","RP":"1"},"QC":{"VX":"1","XX":"1","WX":"1","VW":"1","WW":"1"},"X3":{"WP":"1","WQ":"1","WR":"1"},"QF":{"X2":"1","W2":"1","V2":"1"},"HX":{"8J":"1","9H":"1","8H":"1","MG":"1","9J":"1","8M":"1"},"JX":{"73":"1","62":"1","6M":"1","63":"1","72":"1"}},"3P":{"Q9":{"Q2":"1","97":"1","C7":"1"},"J4":{"JW":"1"},"Q8":{"QX":"1"},"H3":{"2X":"1"},"J5":{"V7":"1","V6":"1"}},"7X":{"2H":{"3F":"1","2F":"1"},"HJ":{"V7":"1","R7":"1","V8":"1","R8":"1"},"XM":{"M2":"1"}},"G3":{"GF":{"64":"1","66":"1","65":"1","G3":"1","56":"1","55":"1","F4":"1","F3":"1"},"FC":{"X8":"1","X7":"1","52":"1","69":"1","42":"1"},"GC":{"28":"1","6Q":"1","5Q":"1","FW":"1","4Q":"1","7P":"1","5P":"1","99":"1","M9":"1","GR":"1","FV":"1","98":"1","6P":"1"},"HC":{"GF":"1","FG":"1","HG":"1","GG":"1","CM":"1","GH":"1","9M":"1","9F":"1","CJ":"1","CF":"1","FH":"1","HH":"1","FF":"1","CG":"1","9G":"1","HF":"1","9J":"1"},"F9":{"JM":"1","C5":"1","HG":"1","PM":"1","GH":"1","82":"1","JJ":"1","93":"1","PP":"1","QR":"1","7J":"1","PH":"1","C3":"1","PQ":"1","CH":"1","CJ":"1","HP":"1","HH":"1","MG":"1","MH":"1","8H":"1","JP":"1","HQ":"1","HV":"1","54":"1","PJ":"1","MJ":"1","94":"1","96":"1","8J":"1","95":"1","FP":"1","JG":"1","CM":"1","75":"1","MV":"1","92":"1","GP":"1","86":"1","FG":"1","MR":"1","C6":"1","7H":"1","HR":"1","73":"1","9H":"1","55":"1","65":"1","84":"1","HJ":"1","HM":"1","GJ":"1","64":"1","MQ":"1","QH":"1","GG":"1","PR":"1","QM":"1","63":"1","JQ":"1","66":"1","PG":"1","GQ":"1","74":"1","FQ":"1","9J":"1","MP":"1","JR":"1","GR":"1","QP":"1","QJ":"1","FH":"1","53":"1","QQ":"1","QV":"1","JH":"1","JV":"1","MM":"1","FM":"1","PV":"1","2X":"1","83":"1","FJ":"1","GM":"1","85":"1"},"CF":{"V3":"1"},"C9":{"XW":"1","XR":"1","XX":"1"},"F8":{"9X":"1"},"FF":{"Q4":"1"}},"P4":{"53":{"9X":"1","CX":"1"},"52":{"F4":"1","F5":"1","F3":"1","93":"1","92":"1","95":"1","C6":"1","C2":"1","C3":"1","96":"1","QX":"1","C5":"1","C4":"1","94":"1"},"54":{"C3":"1","92":"1","93":"1","C2":"1"}},"3Q":{"86":{"CG":"1","9J":"1","HF":"1","H9":"1","G7":"1","G9":"1","XM":"1","6G":"1","CF":"1","Q9":"1","C6":"1","C7":"1","5G":"1","F9":"1","8J":"1","6Q":"1","WM":"1","3G":"1","VR":"1","HC":"1","RR":"1","GG":"1","VF":"1","F7":"1","VJ":"1","QC":"1","RV":"1","C8":"1","WJ":"1","VM":"1"},"F4":{"83":"1","73":"1","74":"1","84":"1","82":"1"},"65":{"4F":"1","4H":"1","5F":"1","2G":"1","29":"1","4C":"1","3F":"1","28":"1","3C":"1","6H":"1","6G":"1","3H":"1","6F":"1","49":"1","5H":"1","39":"1","3G":"1","2C":"1","5C":"1","2F":"1","5G":"1","4G":"1"},"V3":{"QP":"1","HQ":"1","MF":"1","PP":"1","MQ":"1","JQ":"1"},"55":{"X9":"1","PR":"1","XC":"1","XG":"1","MQ":"1","MR":"1","XF":"1","QV":"1","QR":"1","PQ":"1","PV":"1"},"F8":{"6F":"1"},"95":{"CQ":"1","9P":"1","CG":"1","9Q":"1","CP":"1"},"96":{"JP":"1","8V":"1","HM":"1","HP":"1","5H":"1","9V":"1","JM":"1","8H":"1","5G":"1","8G":"1","5J":"1"},"76":{"X9":"1","W9":"1","W8":"1","V8":"1","V9":"1","VH":"1"},"87":{"X9":"1","W9":"1","XC":"1","WC":"1"},"97":{"32":"1","29":"1"},"C7":{"6H":"1","7H":"1"},"85":{"WP":"1","9V":"1","PQ":"1","MR":"1","PR":"1"}},"P5":{"MC":{"WP":"1","XQ":"1","WR":"1","WQ":"1","XP":"1","XV":"1","XR":"1","XW":"1"},"7F":{"X9":"1","XC":"1","XG":"1","W9":"1","WC":"1","WF":"1","XH":"1","66":"1","XF":"1","WG":"1"},"8F":{"2H":"1","29":"1","2C":"1","2G":"1","PH":"1","2F":"1"},"P9":{"5X":"1"},"6C":{"R5":"1","8F":"1","7G":"1","8G":"1","CC":"1"},"69":{"PF":"1","QC":"1","QF":"1","PC":"1"},"5C":{"WR":"1","WQ":"1","VR":"1","Q5":"1","P5":"1","Q4":"1","RV":"1","R4":"1","V5":"1","V4":"1","P4":"1","RQ":"1","R5":"1","RR":"1","VQ":"1"},"99":{"FQ":"1","GQ":"1","HQ":"1","HR":"1","GV":"1","FR":"1","GR":"1","HV":"1"},"9C":{"XW":"1","XV":"1","VX":"1","XX":"1","WX":"1","VW":"1","WW":"1","WV":"1"},"PC":{"2V":"1","2P":"1","2Q":"1","4P":"1","65":"1","4Q":"1","2R":"1","4R":"1","52":"1","55":"1","64":"1","4V":"1","2W":"1","3V":"1","54":"1","3Q":"1","3P":"1","5R":"1","3R":"1"}},"R2":{"6C":{"RM":"1","VC":"1","XJ":"1","WM":"1","WJ":"1","RJ":"1","RH":"1","XM":"1","VJ":"1","VM":"1"},"CG":{"W8":"1","X5":"1","W7":"1","W6":"1","V6":"1","X6":"1","X7":"1","X4":"1","XH":"1","V7":"1","X8":"1","W5":"1","V8":"1"},"49":{"MM":"1","PR":"1","89":"1","RF":"1","X7":"1","X6":"1","MQ":"1","RG":"1","MP":"1","G3":"1","HM":"1","JP":"1","HP":"1","PQ":"1","JM":"1"},"4M":{"H9":"1","J9":"1","JC":"1","GC":"1","HC":"1","G9":"1","G8":"1","MC":"1","HF":"1"},"GF":{"2M":"1","3F":"1","2V":"1","2P":"1","2Q":"1","4J":"1","4P":"1","2F":"1","4M":"1","5J":"1","6R":"1","3M":"1","6P":"1","4Q":"1","4R":"1","2R":"1","3J":"1","4H":"1","2H":"1","6Q":"1","4V":"1","2J":"1","3G":"1","2G":"1","3H":"1","2W":"1","3V":"1","5P":"1","5Q":"1","4G":"1","3Q":"1","3P":"1","5R":"1","3R":"1","5M":"1"},"Q9":{"MW":"1"},"C6":{"XW":"1","XV":"1","XR":"1","WW":"1","WV":"1"},"6H":{"XW":"1","RX":"1","RW":"1","XV":"1","QW":"1","VX":"1","QX":"1"},"C7":{"WP":"1","RM":"1","XC":"1","XQ":"1","XG":"1","XJ":"1","WM":"1","WH":"1","XP":"1","WJ":"1","RG":"1","RJ":"1","RH":"1","WF":"1","XH":"1","XM":"1","VF":"1","VH":"1","XF":"1","VJ":"1","WG":"1","VG":"1","VM":"1"},"5G":{"QR":"1","PR":"1","RV":"1","QV":"1","PV":"1"},"7C":{"X9":"1","2M":"1","X8":"1","3M":"1","XC":"1","2J":"1","3J":"1","JC":"1","4J":"1","4M":"1","HC":"1"},"F9":{"43":"1","45":"1","72":"1","63":"1","73":"1","54":"1","57":"1","62":"1","65":"1","64":"1","56":"1","47":"1","42":"1","F3":"1","93":"1","75":"1","66":"1","82":"1","55":"1","46":"1","92":"1","F2":"1","C3":"1","C2":"1","44":"1","76":"1","74":"1","53":"1","52":"1","37":"1","36":"1","67":"1"},"6J":{"Q2":"1","R2":"1"},"F8":{"5W":"1","FW":"1","9V":"1","7X":"1","FX":"1","8X":"1","CW":"1","3V":"1","9W":"1","5X":"1","2V":"1","7W":"1","4W":"1","9X":"1","2P":"1","2Q":"1","6W":"1","CV":"1","3R":"1","2R":"1","CX":"1","4X":"1","6X":"1"},"H6":{"4P":"1","3M":"1","3H":"1","3J":"1","4J":"1","4M":"1","4H":"1"},"FG":{"C5":"1","46":"1","82":"1","93":"1","44":"1","F4":"1","H5":"1","J6":"1","G5":"1","88":"1","35":"1","C3":"1","F3":"1","G6":"1","34":"1","24":"1","42":"1","54":"1","M2":"1","94":"1","96":"1","26":"1","95":"1","G2":"1","25":"1","36":"1","76":"1","75":"1","F6":"1","J3":"1","87":"1","92":"1","27":"1","86":"1","33":"1","C6":"1","98":"1","H3":"1","73":"1","M3":"1","55":"1","65":"1","84":"1","43":"1","J2":"1","64":"1","G3":"1","72":"1","56":"1","J5":"1","C2":"1","63":"1","66":"1","74":"1","97":"1","H2":"1","45":"1","H6":"1","H4":"1","G4":"1","53":"1","M5":"1","C4":"1","F5":"1","M6":"1","62":"1","M4":"1","F2":"1","83":"1","52":"1","J4":"1","85":"1"},"CC":{"H8":"1","H9":"1","FC":"1","G9":"1","GC":"1","C8":"1","FF":"1","F8":"1","F9":"1","G8":"1"},"F7":{"2G":"1","3F":"1","2H":"1","3P":"1","3H":"1","2P":"1","2Q":"1","2J":"1","2M":"1","3J":"1","3G":"1","2C":"1","2F":"1","3M":"1","4G":"1"},"J7":{"X4":"1"},"FF":{"VW":"1","WV":"1","XJ":"1","WH":"1","XG":"1","XQ":"1","CX":"1","FX":"1","8W":"1","XV":"1","CW":"1","9W":"1","7W":"1","XR":"1","XP":"1","VX":"1","VV":"1","6W":"1","HX":"1","WM":"1","8X":"1","XH":"1","XM":"1","WP":"1","7X":"1","WJ":"1","WX":"1","5X":"1","GX":"1","WW":"1","WG":"1","WQ":"1","9X":"1","WR":"1","XW":"1","6X":"1"},"F5":{"67":"1"},"C8":{"XP":"1","WP":"1","VP":"1","VQ":"1","XQ":"1","XV":"1","XR":"1","WQ":"1","VR":"1","WR":"1"},"8C":{"28":"1","29":"1","39":"1","38":"1","49":"1"},"47":{"4R":"1"},"4C":{"W5":"1","X5":"1"}},"3V":{"FC":{"9X":"1","8X":"1","W5":"1"},"GC":{"C4":"1"}},"J5":{"RC":{"9R":"1","8V":"1","9V":"1","CR":"1","8R":"1"},"CR":{"8G":"1","8F":"1","7H":"1","9P":"1","8J":"1","CP":"1","7G":"1","7J":"1","9H":"1","9G":"1","8H":"1"},"27":{"7R":"1","7W":"1","8R":"1","7V":"1","6W":"1","8V":"1","8W":"1","6R":"1","6V":"1"},"8R":{"9X":"1","9W":"1","CX":"1","FW":"1","FX":"1","CW":"1","CV":"1","FV":"1"}},"C8":{"44":{"XJ":"1","WJ":"1"},"43":{"83":"1","82":"1"}},"9Q":{"C9":{"FM":"1","7F":"1","GP":"1","FP":"1","GM":"1"},"67":{"94":"1"},"H7":{"Q4":"1"}},"P2":{"QP":{"7C":"1","6C":"1","69":"1","79":"1"},"9W":{"GW":"1","FW":"1","9V":"1","FV":"1","FX":"1","CW":"1","9W":"1","CR":"1","FR":"1","8R":"1","CV":"1","8V":"1","CX":"1","8W":"1","9R":"1"},"4P":{"WF":"1","VF":"1"},"7M":{"FC":"1","H9":"1","GC":"1","HC":"1","G9":"1","F9":"1","H8":"1","C9":"1","F8":"1","G8":"1","C8":"1","CC":"1"},"WJ":{"XJ":"1"},"XM":{"M8":"1","P8":"1"},"4W":{"Q6":"1","X2":"1","W3":"1","Q5":"1","W2":"1","P5":"1","P6":"1","V3":"1","V2":"1"},"9X":{"HG":"1","46":"1","JJ":"1","M8":"1","44":"1","H5":"1","PH":"1","J6":"1","J9":"1","35":"1","P7":"1","HH":"1","34":"1","MG":"1","24":"1","MH":"1","54":"1","MJ":"1","PJ":"1","G9":"1","R7":"1","H7":"1","26":"1","25":"1","36":"1","JG":"1","M7":"1","QC":"1","HF":"1","F9":"1","33":"1","MF":"1","PF":"1","RC":"1","QF":"1","55":"1","65":"1","PC":"1","43":"1","64":"1","P6":"1","QH":"1","H8":"1","56":"1","J5":"1","63":"1","PG":"1","R8":"1","GC":"1","MC":"1","J8":"1","45":"1","QJ":"1","H6":"1","53":"1","M5":"1","Q9":"1","J7":"1","Q7":"1","JF":"1","JC":"1","M9":"1","Q8":"1","JH":"1","M6":"1","H9":"1","P9":"1","62":"1","23":"1","P8":"1","QG":"1","R9":"1","52":"1"},"QV":{"RX":"1","QX":"1"},"5M":{"M7":"1","V6":"1","W4":"1","M6":"1","J7":"1","J6":"1","R4":"1","R3":"1","M8":"1","V5":"1","V4":"1","J8":"1","W5":"1","R5":"1","P7":"1","M9":"1"},"VP":{"92":"1","82":"1","72":"1"},"QW":{"2W":"1","4W":"1","2X":"1","3X":"1","3W":"1","4X":"1","FV":"1"},"6M":{"W3":"1","4F":"1","X4":"1","9V":"1","W4":"1","8W":"1"},"CX":{"JX":"1","MX":"1","VV":"1","VX":"1","VR":"1","VW":"1"},"VQ":{"83":"1"},"6J":{"JG":"1","HG":"1","HH":"1","JH":"1"},"VM":{"9X":"1","9W":"1","7X":"1","8X":"1","7W":"1","8W":"1"}},"WW":{"X2":{"C2":"1"}},"66":{"M8":{"V6":"1"}},"97":{"WX":{"RX":"1"}},"9J":{"FW":{"5W":"1"},"FX":{"94":"1"}},"4P":{"92":{"FW":"1","FV":"1"},"72":{"Q9":"1","F2":"1","P9":"1","Q8":"1"}},"P3":{"M4":{"32":"1","MW":"1","JX":"1","RX":"1","MX":"1","PW":"1","QW":"1","JW":"1","43":"1","QX":"1","JV":"1","PV":"1","MV":"1","PX":"1","33":"1"},"22":{"4P":"1","3Q":"1","4Q":"1","3P":"1"},"72":{"2M":"1","2Q":"1","2P":"1"},"73":{"G3":"1"},"57":{"V7":"1"},"J3":{"3V":"1","2R":"1","2V":"1","4F":"1","4C":"1","3R":"1"},"62":{"XP":"1","WP":"1","WM":"1","XQ":"1","WQ":"1","WJ":"1","XM":"1"},"H3":{"MV":"1","JJ":"1","RP":"1","XX":"1","MR":"1","MW":"1","JV":"1","JW":"1"},"65":{"VV":"1","VW":"1"},"56":{"M7":"1","GF":"1","FC":"1","H9":"1","J9":"1","JC":"1","GC":"1","HC":"1","G9":"1","J7":"1","F9":"1","H8":"1","M8":"1","F8":"1","G8":"1","MC":"1","J8":"1","FF":"1","JF":"1","M9":"1","HF":"1"},"84":{"JV":"1","VQ":"1","MM":"1","HV":"1","PQ":"1","RQ":"1","HR":"1","QR":"1","PR":"1","QV":"1","JR":"1","MR":"1","VR":"1","PW":"1","PJ":"1","RR":"1","RP":"1","VV":"1","MV":"1","RM":"1","RV":"1","QP":"1","W9":"1","PP":"1","MP":"1","QW":"1","QQ":"1","QJ":"1","QM":"1","MQ":"1","PV":"1","PM":"1"},"J4":{"28":"1","29":"1","CX":"1","26":"1","49":"1"},"F5":{"C8":"1","C7":"1"},"V3":{"32":"1","23":"1","22":"1","33":"1"},"M5":{"M4":"1","J3":"1","29":"1","26":"1","38":"1","J4":"1","28":"1","Q2":"1","P3":"1","J2":"1","27":"1","M2":"1","39":"1","M3":"1","37":"1","36":"1","P2":"1"},"C2":{"J2":"1","M2":"1","J3":"1","M3":"1"},"M3":{"8V":"1","7R":"1","8R":"1"},"85":{"J4":"1","P3":"1"},"V2":{"2X":"1"},"J5":{"X7":"1","V4":"1","V5":"1"},"H4":{"M4":"1","PG":"1","X6":"1","X2":"1","J4":"1","RC":"1","PF":"1","QC":"1","QG":"1","QF":"1","RF":"1","M5":"1","PC":"1","J5":"1"},"C4":{"RM":"1","WM":"1","WH":"1","WJ":"1","RJ":"1","RH":"1","VH":"1","VJ":"1","VG":"1","VM":"1"}},"3W":{"GQ":{"G7":"1","G6":"1"},"FM":{"2W":"1","H2":"1"},"FC":{"6X":"1","2J":"1"},"CM":{"CH":"1"},"HP":{"2R":"1"},"G7":{"CX":"1"},"FF":{"C7":"1"},"GP":{"GW":"1","HW":"1","XJ":"1","FQ":"1","GV":"1","RX":"1","HV":"1","PV":"1","PW":"1","VQ":"1"},"F8":{"W8":"1"},"CC":{"XJ":"1"},"G8":{"J2":"1","H4":"1","J3":"1","78":"1","77":"1"}},"GV":{"5F":{"CH":"1"},"4F":{"R5":"1","R6":"1","FR":"1","GR":"1","Q7":"1","JQ":"1"},"GH":{"M7":"1","M6":"1","J7":"1","M5":"1","J6":"1","PW":"1","J5":"1"}},"5G":{"28":{"9H":"1","H5":"1","4W":"1","5X":"1","9G":"1","8H":"1","5W":"1","8G":"1","4X":"1","G5":"1"},"29":{"78":"1","WR":"1","53":"1","79":"1","65":"1","8Q":"1","WV":"1","52":"1","HR":"1","63":"1","64":"1","5W":"1","VR":"1","5X":"1","66":"1","42":"1","76":"1","VV":"1","4W":"1","69":"1","75":"1","88":"1","62":"1"},"2C":{"3F":"1","4X":"1","8X":"1","MJ":"1","HF":"1","95":"1","2F":"1","3X":"1","6M":"1","G9":"1","6G":"1","6P":"1","C6":"1","9C":"1","52":"1","5G":"1","2H":"1","PH":"1","JQ":"1","F9":"1","JR":"1","3G":"1","2G":"1","3H":"1","HC":"1","4F":"1","PJ":"1","85":"1","7G":"1","4G":"1","7H":"1","46":"1","8C":"1","G8":"1","MH":"1","68":"1","JC":"1"},"6V":{"87":"1","88":"1","78":"1","77":"1"},"2F":{"X5":"1","62":"1","W6":"1","V6":"1","X6":"1","W4":"1","93":"1","83":"1","82":"1","92":"1","GQ":"1","V5":"1","V4":"1","W5":"1","GR":"1","36":"1"}},"H6":{"H6":{"78":"1","G4":"1","F6":"1","79":"1","4H":"1","7C":"1","3G":"1","H6":"1","3H":"1","G5":"1","G6":"1","4G":"1","F5":"1","89":"1","69":"1","8C":"1","H5":"1","68":"1","88":"1"},"43":{"92":"1","4M":"1","C2":"1"},"22":{"R3":"1","V3":"1","R2":"1","V2":"1"},"34":{"7C":"1"},"42":{"W8":"1","8X":"1","9W":"1","93":"1","9X":"1","92":"1","XF":"1","C2":"1","C3":"1","R8":"1","FF":"1","X8":"1","CX":"1","8W":"1"}},"H4":{"RW":{"WM":"1","RX":"1"},"VX":{"CQ":"1","7P":"1","CM":"1","8P":"1","7M":"1","9P":"1","CP":"1","9M":"1","9Q":"1","8Q":"1","8R":"1","9R":"1","8M":"1"},"QX":{"Q9":"1","P9":"1","RC":"1","R9":"1","QC":"1","QF":"1","PC":"1"},"VW":{"4V":"1","5P":"1"},"F5":{"53":"1","52":"1"},"F4":{"5X":"1","PM":"1","J4":"1","F5":"1","QM":"1","F7":"1","C5":"1"}},"G4":{"XP":{"XH":"1"},"Q2":{"XH":"1"}},"4G":{"C5":{"X6":"1"},"HG":{"9H":"1"},"48":{"4Q":"1"},"G7":{"M3":"1"},"M8":{"4G":"1"},"CQ":{"MJ":"1","XF":"1","RC":"1","R8":"1","XG":"1","RG":"1","RF":"1","MG":"1","MF":"1","QR":"1","WC":"1","PW":"1","VF":"1","WG":"1","R9":"1","WF":"1","VC":"1","QQ":"1","V9":"1","PV":"1"},"W9":{"XW":"1","XQ":"1","XV":"1","XR":"1","WR":"1","Q8":"1","XX":"1","WX":"1","WV":"1","Q7":"1"},"7C":{"XG":"1","XH":"1"},"G6":{"Q9":"1","R9":"1","Q8":"1","R8":"1"},"MG":{"J2":"1","H2":"1","M2":"1"},"59":{"HH":"1","R5":"1","XV":"1","JV":"1","WR":"1","M4":"1","W3":"1","VQ":"1","HP":"1","XR":"1","PG":"1","HG":"1","86":"1","87":"1","RQ":"1","FH":"1","RJ":"1","V5":"1","24":"1","8J":"1","GH":"1","JR":"1","M6":"1","M3":"1","FJ":"1","VR":"1","XQ":"1","25":"1","VX":"1","HQ":"1","W4":"1","VJ":"1","J4":"1","69":"1","J3":"1","WJ":"1","HM":"1","8M":"1","JG":"1","P8":"1"},"9C":{"WG":"1","WF":"1","PQ":"1","MQ":"1"},"57":{"VC":"1","RC":"1","R9":"1"},"8C":{"2H":"1","2G":"1"},"FP":{"2J":"1","2X":"1"},"8M":{"HP":"1"},"CP":{"VP":"1","RP":"1","RM":"1","VM":"1"},"FR":{"4P":"1","2H":"1","5F":"1","5C":"1","88":"1","3P":"1"},"F6":{"HG":"1","GG":"1"},"CR":{"24":"1","X6":"1","VX":"1","J4":"1","W4":"1","XM":"1","46":"1","RQ":"1","23":"1"},"6F":{"F2":"1","G2":"1"},"XC":{"HG":"1","M8":"1","F4":"1","H5":"1","C7":"1","J6":"1","XG":"1","W9":"1","G5":"1","J9":"1","3R":"1","2M":"1","F3":"1","2R":"1","G6":"1","P7":"1","M2":"1","G2":"1","X2":"1","M7":"1","J3":"1","3M":"1","W3":"1","2V":"1","H3":"1","M3":"1","XH":"1","3P":"1","J2":"1","G3":"1","P6":"1","3Q":"1","P5":"1","H8":"1","3V":"1","J5":"1","W2":"1","P2":"1","WG":"1","X3":"1","H2":"1","J8":"1","H6":"1","H4":"1","G4":"1","M5":"1","2W":"1","J7":"1","22":"1","Q7":"1","2Q":"1","M9":"1","Q8":"1","JH":"1","M6":"1","2P":"1","H9":"1","XF":"1","M4":"1","P8":"1","R9":"1","W8":"1","J4":"1"},"GP":{"3M":"1"},"49":{"W3":"1","X3":"1","X4":"1","W5":"1","W4":"1","X5":"1","42":"1"},"MF":{"CQ":"1","7R":"1","RG":"1","RJ":"1","RH":"1","9Q":"1","QJ":"1","QV":"1","CX":"1","GX":"1","HX":"1","JX":"1","QH":"1"},"PF":{"2R":"1","3R":"1"},"X8":{"4M":"1","5M":"1"},"GJ":{"39":"1"},"72":{"P7":"1"},"P4":{"73":"1"},"9R":{"X4":"1"},"CV":{"M7":"1","V6":"1","P8":"1","W4":"1","Q5":"1","Q4":"1","P3":"1","V3":"1","R4":"1","R3":"1","M8":"1","Q3":"1","V5":"1","V4":"1","P4":"1","R6":"1","W5":"1","R5":"1","V2":"1"},"WC":{"XV":"1","WR":"1","W3":"1","VQ":"1","XR":"1","W2":"1","XM":"1","VW":"1","WV":"1","WW":"1","VG":"1","WM":"1","FG":"1","X3":"1","VR":"1","XQ":"1","WP":"1","XP":"1","VV":"1","RM":"1","X2":"1","WH":"1","WG":"1","FF":"1","QP":"1","96":"1","VH":"1","WQ":"1","QM":"1","VP":"1"},"97":{"QJ":"1"},"9X":{"XV":"1","WV":"1"},"FQ":{"57":"1","66":"1","8F":"1","38":"1","56":"1","67":"1","58":"1","2P":"1"},"45":{"X8":"1","V7":"1","X7":"1","W8":"1","VG":"1","W7":"1","VF":"1"},"H6":{"3F":"1","4J":"1"},"FH":{"MR":"1","MQ":"1"},"6C":{"R5":"1","J6":"1","Q4":"1","95":"1","P6":"1","C3":"1","38":"1","G9":"1","39":"1","87":"1","RG":"1","QF":"1","C6":"1","RF":"1","28":"1","FX":"1","QG":"1","55":"1","C7":"1","Q5":"1","Q7":"1","F9":"1","GX":"1","F8":"1","H6":"1","97":"1","WC":"1","54":"1","P7":"1","F7":"1","H8":"1","29":"1","J5":"1","45":"1","44":"1","C8":"1","WF":"1","P5":"1","G8":"1","VC":"1","H5":"1","94":"1","P4":"1","Q6":"1","R4":"1","88":"1","98":"1","R6":"1"},"79":{"24":"1","4R":"1","7G":"1","7C":"1","6G":"1","7F":"1","33":"1","34":"1","23":"1","5R":"1"},"8R":{"MP":"1","PQ":"1","PP":"1","MQ":"1"},"JF":{"J4":"1"},"58":{"VC":"1","RF":"1","WR":"1","PC":"1","VR":"1","R9":"1","WF":"1","VF":"1","V9":"1","MF":"1","MC":"1","RC":"1","PF":"1","JG":"1","QC":"1","QF":"1"},"X9":{"2V":"1","2Q":"1","JV":"1","HF":"1","JW":"1","HX":"1","MX":"1","VW":"1","RQ":"1","2R":"1","3W":"1","RW":"1","QR":"1","XQ":"1","2W":"1","3V":"1","XP":"1","RR":"1","MV":"1","HW":"1","JX":"1","QQ":"1","2X":"1","RX":"1","MW":"1","PX":"1","PV":"1"},"XF":{"MJ":"1","Q4":"1","95":"1","F6":"1","G7":"1","X9":"1","V6":"1","F8":"1","H6":"1","WC":"1","HC":"1","H7":"1","G6":"1","Q3":"1","FQ":"1","XC":"1","H5":"1","94":"1","FP":"1","GP":"1"},"VC":{"58":"1"},"FJ":{"9H":"1"},"69":{"FV":"1","RR":"1","JM":"1","HG":"1","GH":"1","JJ":"1","93":"1","7Q":"1","QR":"1","CQ":"1","PH":"1","FF":"1","7V":"1","8V":"1","3R":"1","2M":"1","C3":"1","HP":"1","HH":"1","MG":"1","8W":"1","MH":"1","HQ":"1","JP":"1","HV":"1","MJ":"1","57":"1","9W":"1","9G":"1","FC":"1","7W":"1","8P":"1","FP":"1","HC":"1","8M":"1","JG":"1","CM":"1","CP":"1","FR":"1","M7":"1","9F":"1","92":"1","GP":"1","FG":"1","HF":"1","8G":"1","6W":"1","MF":"1","7H":"1","PF":"1","55":"1","HW":"1","84":"1","PC":"1","HJ":"1","HM":"1","GJ":"1","MQ":"1","QH":"1","GG":"1","5V":"1","C2":"1","JQ":"1","PG":"1","GQ":"1","GC":"1","FQ":"1","MC":"1","3W":"1","MP":"1","GV":"1","GR":"1","4W":"1","FH":"1","3F":"1","GF":"1","6C":"1","J7":"1","8R":"1","JF":"1","M9":"1","JH":"1","JV":"1","MM":"1","FM":"1","PV":"1","4F":"1","7P":"1","FJ":"1","69":"1","GM":"1","JW":"1","QG":"1","7R":"1","85":"1","2J":"1"},"W8":{"V5":"1"},"68":{"9R":"1","8V":"1","9V":"1","JM":"1","8W":"1","8R":"1"}},"M5":{"R9":{"X6":"1","W5":"1","W6":"1","X5":"1"},"Q5":{"9R":"1","FW":"1","9V":"1","CR":"1","CW":"1","CV":"1","FV":"1"},"G9":{"GQ":"1","HQ":"1","HP":"1","GP":"1","CR":"1","CV":"1"},"P3":{"9G":"1","CG":"1","95":"1","C5":"1","F6":"1","G7":"1","9H":"1","GC":"1","G9":"1","GF":"1","CF":"1","C6":"1","FC":"1","F4":"1","H6":"1","FG":"1","C4":"1","G5":"1","F7":"1","H7":"1","G6":"1","H8":"1","FF":"1","F5":"1","9F":"1","G8":"1","94":"1","CH":"1"},"R7":{"P9":"1","P8":"1","VX":"1","R9":"1","FJ":"1","WX":"1","FH":"1","RQ":"1","QQ":"1","Q9":"1","QC":"1","RX":"1","RR":"1","XW":"1","WW":"1","Q8":"1"},"33":{"WP":"1","RM":"1","PM":"1","WM":"1","XP":"1","RP":"1","RJ":"1","XM":"1","QJ":"1","VJ":"1","QM":"1","4J":"1","VP":"1","PJ":"1","4M":"1","VM":"1"},"R8":{"5W":"1","FC":"1","X5":"1","W2":"1","W6":"1","R2":"1","7P":"1","X6":"1","3F":"1","W4":"1","X4":"1","Q2":"1","W3":"1","Q4":"1","P3":"1","V3":"1","3C":"1","CF":"1","R4":"1","R3":"1","Q3":"1","V5":"1","V4":"1","FF":"1","CC":"1","P4":"1","W5":"1","R5":"1","X3":"1","M3":"1","2C":"1","2F":"1","V2":"1"},"P4":{"9G":"1","CG":"1","95":"1","C5":"1","C3":"1","86":"1","C9":"1","87":"1","GF":"1","CF":"1","84":"1","C6":"1","9C":"1","C7":"1","F9":"1","FC":"1","F4":"1","FG":"1","97":"1","C4":"1","CC":"1","GG":"1","85":"1","FF":"1","F5":"1","9F":"1","96":"1","94":"1","88":"1","98":"1"},"Q7":{"H4":"1","J6":"1","F6":"1","86":"1","C9":"1","87":"1","C6":"1","C7":"1","F9":"1","F8":"1","H6":"1","97":"1","G5":"1","F7":"1","H7":"1","G6":"1","J5":"1","C8":"1","J4":"1","96":"1","H5":"1","98":"1"},"V8":{"78":"1","36":"1","79":"1","38":"1","65":"1","87":"1","35":"1","28":"1","26":"1","7C":"1","58":"1","24":"1","48":"1","59":"1","27":"1","66":"1","25":"1","77":"1","76":"1","67":"1","37":"1","89":"1","46":"1","69":"1","8C":"1","56":"1","57":"1","68":"1","47":"1","88":"1"},"Q8":{"JF":"1","HF":"1","JG":"1","HG":"1"}},"QQ":{"76":{"CH":"1"},"75":{"HF":"1"},"9P":{"57":"1","58":"1"},"96":{"5F":"1","6G":"1","6H":"1","6F":"1","5H":"1","5C":"1","6C":"1","5G":"1"}},"C4":{"F4":{"VC":"1","W9":"1","WC":"1","V9":"1"}},"99":{"6J":{"FX":"1"}},"QV":{"VW":{"GX":"1"}},"8R":{"Q6":{"49":"1"},"H2":{"P3":"1"}},"4J":{"MM":{"X9":"1","W8":"1","XC":"1","XG":"1","W9":"1","X7":"1","WC":"1","WF":"1","2Q":"1","XF":"1","WG":"1","X8":"1"},"GP":{"M8":"1"},"RM":{"F2":"1"},"PR":{"H7":"1","72":"1","H6":"1","J7":"1","J6":"1","82":"1","92":"1","F2":"1","C2":"1"},"GF":{"57":"1","3Q":"1","47":"1","46":"1","2Q":"1","3R":"1","2R":"1","37":"1","36":"1"},"VC":{"HF":"1","GC":"1","HC":"1","GF":"1"},"JQ":{"2Q":"1"},"QP":{"M7":"1","G6":"1","H7":"1","G5":"1","H6":"1","JJ":"1","CW":"1","9W":"1","M6":"1","J7":"1","J6":"1","6H":"1","H5":"1","M8":"1","GQ":"1","J8":"1","G7":"1","5H":"1","GR":"1","F6":"1","F7":"1"},"PM":{"28":"1","29":"1","GX":"1","2C":"1","2G":"1","FX":"1","27":"1","2F":"1"},"5P":{"F7":"1","F8":"1"},"MQ":{"4X":"1","H9":"1","8P":"1","RC":"1","4P":"1","X9":"1","4M":"1","8R":"1","G9":"1","3M":"1","Q9":"1","RF":"1","8Q":"1","3W":"1","RW":"1","4V":"1","7P":"1","X7":"1","3V":"1","H8":"1","X6":"1","9P":"1","RM":"1","X8":"1","RV":"1","4W":"1","9Q":"1","R9":"1","7Q":"1","7R":"1","J8":"1","G8":"1","QJ":"1","P4":"1","J9":"1","8M":"1","QM":"1"},"2H":{"MV":"1","VR":"1","VX":"1","HR":"1","RQ":"1","JV":"1","JR":"1","VW":"1","RR":"1","HV":"1","VQ":"1"},"X4":{"J2":"1"},"RJ":{"GX":"1","FX":"1","Q8":"1","Q7":"1"},"MP":{"HH":"1","2M":"1","3F":"1","49":"1","2P":"1","QH":"1","H9":"1","8P":"1","3C":"1","HP":"1","HX":"1","PG":"1","5F":"1","6M":"1","PF":"1","6R":"1","6P":"1","VW":"1","8Q":"1","QG":"1","MG":"1","MF":"1","4H":"1","PH":"1","QR":"1","8J":"1","6Q":"1","WM":"1","HJ":"1","4F":"1","P2":"1","HQ":"1","5Q":"1","RP":"1","9P":"1","HW":"1","GQ":"1","9Q":"1","QP":"1","GM":"1","FQ":"1","3P":"1","5R":"1","QQ":"1","QJ":"1","MH":"1","HM":"1","RX":"1","J9":"1","8M":"1","GP":"1","JG":"1","4C":"1"},"V9":{"VQ":"1","VR":"1"},"3H":{"GW":"1","W6":"1","HW":"1","X6":"1","VH":"1","JV":"1","JW":"1","HV":"1","GX":"1","HX":"1","JX":"1"},"C6":{"WJ":"1","VF":"1","XH":"1"},"2J":{"W6":"1","P9":"1","M8":"1","X4":"1","RC":"1","R8":"1","PF":"1","V6":"1","5C":"1","Q9":"1","MF":"1","W8":"1","R7":"1","Q7":"1","M9":"1","V7":"1","X7":"1","VR":"1","W7":"1","P7":"1","G5":"1","PC":"1","X6":"1","X8":"1","W4":"1","QC":"1","R9":"1","W9":"1","Q8":"1","MC":"1","J8":"1","V8":"1","H5":"1","W5":"1","J9":"1","X5":"1","P8":"1","R6":"1","V9":"1"},"2M":{"H9":"1","C9":"1","C8":"1","99":"1","R4":"1"},"QQ":{"92":"1","82":"1","42":"1"},"VP":{"9H":"1","FC":"1","FG":"1","FF":"1","CF":"1","CG":"1","9G":"1","9C":"1","CC":"1","9F":"1"},"PJ":{"7J":"1","8J":"1","7M":"1"},"8V":{"QW":"1","QV":"1","XX":"1","WX":"1"},"HP":{"7H":"1","8H":"1"},"PQ":{"GX":"1","38":"1","37":"1","6G":"1","86":"1","8W":"1","6H":"1","6W":"1","CR":"1","M5":"1","MQ":"1","6R":"1","3R":"1","46":"1","CV":"1","4W":"1","FX":"1","5M":"1","MP":"1","RC":"1","PM":"1","9W":"1","55":"1","FV":"1","PP":"1","HM":"1","PQ":"1","7W":"1","6J":"1","5J":"1","29":"1","M4":"1","5R":"1","8Q":"1","7R":"1","5V":"1","76":"1","4M":"1","4G":"1","QQ":"1","7Q":"1","JJ":"1","7G":"1","6V":"1","JM":"1","6Q":"1","GW":"1","M6":"1","J5":"1","JQ":"1","4R":"1","8R":"1","QP":"1","HP":"1","QC":"1","9X":"1","P4":"1","H4":"1","5H":"1","J6":"1","RF":"1","9V":"1","P6":"1","G5":"1","V4":"1","68":"1","HQ":"1","CX":"1","26":"1","96":"1","5Q":"1","MM":"1","G4":"1","H5":"1","QV":"1","28":"1","77":"1","3V":"1","8X":"1","7V":"1","QF":"1","FW":"1","CW":"1","4H":"1","3H":"1","6M":"1","9R":"1","JP":"1","4V":"1","5W":"1","FR":"1","P5":"1","6X":"1","HJ":"1","H6":"1","27":"1","7X":"1","8V":"1","G6":"1"},"3J":{"63":"1","57":"1","24":"1","62":"1","26":"1","38":"1","5P":"1","47":"1","28":"1","93":"1","48":"1","6G":"1","G2":"1","27":"1","74":"1","53":"1","87":"1","39":"1","6P":"1","52":"1","37":"1","36":"1","H2":"1"},"52":{"PM":"1","CM":"1","CJ":"1"},"PP":{"4X":"1","43":"1","8P":"1","53":"1","4M":"1","PG":"1","65":"1","86":"1","5C":"1","87":"1","CQ":"1","9V":"1","F4":"1","7P":"1","97":"1","MR":"1","X7":"1","54":"1","GR":"1","5Q":"1","F3":"1","67":"1","44":"1","9W":"1","75":"1","96":"1","5R":"1","68":"1","JP":"1"},"F6":{"4W":"1","6X":"1","5X":"1","5W":"1","6W":"1"},"4M":{"WG":"1"},"3M":{"76":"1","J2":"1","75":"1","85":"1","86":"1"},"F7":{"4G":"1","3H":"1","3G":"1","4H":"1"}},"F5":{"M5":{"M7":"1","H6":"1","P7":"1","H7":"1"}},"XW":{"QP":{"HJ":"1","GP":"1","FM":"1","MG":"1","PX":"1","GM":"1","GJ":"1","7W":"1","2X":"1","HM":"1","VP":"1","HP":"1","MH":"1"},"62":{"J2":"1","H2":"1"},"CH":{"W7":"1","W6":"1","V6":"1","W4":"1","Q5":"1","Q4":"1","R7":"1","V3":"1","R4":"1","R3":"1","Q3":"1","V5":"1","V4":"1","V7":"1","R6":"1","W5":"1","R5":"1"},"PQ":{"P2":"1"},"PP":{"QP":"1","QR":"1","RJ":"1","PP":"1","WR":"1","RM":"1"},"7C":{"H7":"1","F8":"1","G8":"1","C6":"1","G7":"1","C7":"1","F6":"1","F7":"1"}},"6X":{"VC":{"HH":"1","CG":"1","H9":"1","3C":"1","65":"1","39":"1","G9":"1","6P":"1","CF":"1","6H":"1","4Q":"1","35":"1","FH":"1","6X":"1","58":"1","7C":"1","7W":"1","6Q":"1","GH":"1","HJ":"1","FG":"1","59":"1","7X":"1","66":"1","H8":"1","45":"1","67":"1","2C":"1","6V":"1","69":"1","9F":"1","6W":"1","7Q":"1","3Q":"1","3P":"1","G8":"1","57":"1","68":"1","2X":"1","JJ":"1","98":"1","CH":"1"},"RF":{"QH":"1","PG":"1","R2":"1","87":"1","6G":"1","6H":"1","R3":"1","QG":"1","2H":"1","PH":"1","Q5":"1","QR":"1","PR":"1","QV":"1","V2":"1","RR":"1","F7":"1","7G":"1","7H":"1","RV":"1","P5":"1","Q6":"1","PV":"1"},"R9":{"5R":"1","7V":"1","6V":"1","5V":"1","7W":"1","6W":"1"},"WH":{"X9":"1","X8":"1"},"HC":{"RW":"1"},"RG":{"Q6":"1","Q5":"1","P5":"1"},"WF":{"MJ":"1","PH":"1","PM":"1","MG":"1","MF":"1","QJ":"1","QG":"1","QM":"1","PG":"1","PF":"1","PJ":"1","MH":"1","QH":"1"},"XH":{"28":"1","29":"1","FC":"1"},"VF":{"8X":"1","9J":"1","8P":"1","9M":"1","4P":"1","GJ":"1","5J":"1","8R":"1","5F":"1","6M":"1","39":"1","7V":"1","7M":"1","6R":"1","8V":"1","5V":"1","6P":"1","6H":"1","FH":"1","8Q":"1","6F":"1","CQ":"1","5G":"1","9V":"1","FM":"1","6J":"1","7W":"1","8J":"1","6Q":"1","4V":"1","7P":"1","CM":"1","FJ":"1","CV":"1","7X":"1","9R":"1","5P":"1","5Q":"1","9P":"1","CJ":"1","5H":"1","9Q":"1","7Q":"1","7R":"1","FQ":"1","8W":"1","72":"1","FP":"1","22":"1","CP":"1","8M":"1","CH":"1","CR":"1","5M":"1"},"V9":{"2W":"1","2V":"1"},"QG":{"H4":"1","J6":"1","M8":"1","P6":"1","C3":"1","R2":"1","92":"1","W2":"1","84":"1","M6":"1","H6":"1","C2":"1","P7":"1","G5":"1","V2":"1","J5":"1","J7":"1","82":"1","J4":"1","P5":"1","83":"1","H5":"1","94":"1","M5":"1","93":"1","M7":"1"},"WG":{"8J":"1","9H":"1","8H":"1"},"RC":{"G4":"1","9G":"1","RH":"1","MJ":"1","9J":"1","QH":"1","P9":"1","H9":"1","MM":"1","HP":"1","GJ":"1","8R":"1","9H":"1","GC":"1","87":"1","H3":"1","8V":"1","RG":"1","6P":"1","QF":"1","RF":"1","QG":"1","JM":"1","RJ":"1","9V":"1","FM":"1","VG":"1","Q7":"1","GV":"1","QV":"1","7J":"1","JQ":"1","FW":"1","8J":"1","H6":"1","GW":"1","CM":"1","FJ":"1","CV":"1","FV":"1","HC":"1","9R":"1","W7":"1","PC":"1","HQ":"1","H7":"1","8H":"1","77":"1","H8":"1","8G":"1","RP":"1","7G":"1","VV":"1","76":"1","CJ":"1","RM":"1","7H":"1","VJ":"1","J7":"1","9W":"1","J4":"1","96":"1","Q8":"1","7R":"1","VH":"1","P5":"1","J8":"1","V8":"1","J3":"1","8W":"1","QJ":"1","M5":"1","FP":"1","68":"1","R4":"1","JP":"1","JJ":"1","VM":"1","XX":"1","H2":"1"},"PF":{"PX":"1","MW":"1","QV":"1","QW":"1","QX":"1","PV":"1","PW":"1"},"Q9":{"WP":"1","VP":"1","WM":"1","WQ":"1","WJ":"1"},"VG":{"H4":"1","3F":"1","G4":"1","G2":"1","P9":"1","3C":"1","H3":"1","Q9":"1","F2":"1","G3":"1","3G":"1","4F":"1","G5":"1","G6":"1","4G":"1","F3":"1","J4":"1","J3":"1","H5":"1","P8":"1","4C":"1","M7":"1"},"QF":{"R2":"1","VX":"1","W4":"1","X4":"1","W3":"1","VV":"1","9X":"1","WV":"1","WX":"1","RX":"1","CX":"1","X3":"1","VW":"1","RW":"1","XW":"1","WW":"1"}},"JH":{"8V":{"75":"1","74":"1","85":"1","84":"1"},"7R":{"VP":"1"},"8R":{"RR":"1","RX":"1","RW":"1","VV":"1","QW":"1","RV":"1","QV":"1"}},"5F":{"44":{"H9":"1","MR":"1","HC":"1","99":"1"}},"58":{"FV":{"JM":"1","HG":"1","GH":"1","JJ":"1","7J":"1","CQ":"1","FF":"1","J9":"1","CH":"1","CJ":"1","HP":"1","HH":"1","MG":"1","8H":"1","JP":"1","HQ":"1","7M":"1","FC":"1","8J":"1","8P":"1","FP":"1","HC":"1","8M":"1","JG":"1","CM":"1","CP":"1","FR":"1","CR":"1","9M":"1","GP":"1","FG":"1","HF":"1","9P":"1","MR":"1","MF":"1","7H":"1","HR":"1","9H":"1","HJ":"1","HM":"1","GJ":"1","MQ":"1","GG":"1","9R":"1","9Q":"1","JQ":"1","GQ":"1","GC":"1","MC":"1","FQ":"1","9J":"1","JR":"1","GR":"1","FH":"1","GF":"1","JF":"1","JC":"1","M9":"1","JH":"1","JV":"1","FM":"1","H9":"1","FJ":"1","GM":"1","CF":"1"},"VW":{"92":"1","68":"1","82":"1"},"RR":{"34":"1","G4":"1","4X":"1","8X":"1","2V":"1","H9":"1","3X":"1","8R":"1","6R":"1","7V":"1","8V":"1","4Q":"1","2R":"1","3W":"1","9V":"1","58":"1","24":"1","QR":"1","F9":"1","5W":"1","7W":"1","7P":"1","CV":"1","5X":"1","9R":"1","3V":"1","25":"1","4W":"1","7R":"1","5R":"1","8W":"1","H5":"1","CR":"1","M7":"1","JC":"1"},"RQ":{"2M":"1","J6":"1","2P":"1","JV":"1","JW":"1","4P":"1","PG":"1","PQ":"1","4Q":"1","7J":"1","JQ":"1","GX":"1","8J":"1","JR":"1","GW":"1","XJ":"1","MR":"1","7X":"1","2W":"1","V2":"1","HQ":"1","76":"1","MV":"1","7H":"1","GQ":"1","75":"1","VH":"1","JP":"1","98":"1","MQ":"1","CR":"1","MW":"1"},"VM":{"CW":"1"},"V5":{"HF":"1","HC":"1","GF":"1"},"PP":{"MM":"1","8G":"1","G6":"1","MJ":"1","JJ":"1","5F":"1","PM":"1","P8":"1","PX":"1","JH":"1","MX":"1","PJ":"1","JM":"1","MH":"1"},"QR":{"34":"1","XV":"1","X4":"1","XW":"1","38":"1","39":"1","7V":"1","4Q":"1","35":"1","4R":"1","QG":"1","52":"1","6X":"1","Q5":"1","58":"1","7W":"1","3G":"1","59":"1","JH":"1","7X":"1","54":"1","PW":"1","F7":"1","MV":"1","7H":"1","45":"1","67":"1","J7":"1","44":"1","R9":"1","69":"1","6W":"1","P5":"1","J8":"1","V8":"1","57":"1","72":"1","MH":"1","HM":"1","68":"1","47":"1","X5":"1","VM":"1","5M":"1","MW":"1","PV":"1"},"CQ":{"9R":"1","XG":"1","WG":"1","QR":"1","9H":"1","RR":"1","PW":"1","7X":"1","4Q":"1","8Q":"1","QW":"1","CR":"1","RV":"1","QV":"1","98":"1","8R":"1"},"PQ":{"6C":"1","2V":"1","F6":"1","R8":"1","HX":"1","79":"1","38":"1","WX":"1","5C":"1","Q9":"1","C6":"1","28":"1","QG":"1","MG":"1","3W":"1","4H":"1","RW":"1","R7":"1","7C":"1","Q7":"1","7W":"1","2W":"1","CC":"1","RR":"1","5Q":"1","29":"1","RV":"1","69":"1","WF":"1","XX":"1","4C":"1"},"JP":{"QR":"1","PW":"1","QW":"1","QV":"1","PV":"1"},"PJ":{"Q9":"1","2R":"1","P9":"1","R9":"1","V8":"1","RV":"1","V9":"1","2Q":"1","PC":"1","R8":"1"},"MJ":{"VP":"1","XQ":"1","JX":"1","GX":"1","HX":"1","XR":"1","WQ":"1"},"FP":{"28":"1","29":"1","37":"1","39":"1","2C":"1","38":"1","48":"1","27":"1","47":"1","2F":"1"},"V6":{"G4":"1"},"VX":{"X5":"1","W6":"1","X6":"1","W4":"1","X4":"1","W3":"1","V5":"1","V4":"1","W5":"1","J5":"1"},"CP":{"X9":"1","W8":"1","RM":"1","VC":"1","XC":"1","W7":"1","RF":"1","PH":"1","XG":"1","W9":"1","X7":"1","WM":"1","MG":"1","R9":"1","WH":"1","WJ":"1","RG":"1","RJ":"1","WF":"1","WC":"1","RH":"1","XH":"1","VF":"1","V9":"1","MF":"1","VH":"1","QG":"1","QJ":"1","XF":"1","VJ":"1","WG":"1","PG":"1","RC":"1","X8":"1","PF":"1","QC":"1","VG":"1","V8":"1","QF":"1","VM":"1","QH":"1"},"X2":{"MR":"1","QV":"1","MQ":"1","QX":"1"},"MV":{"RH":"1","P9":"1","P6":"1","C3":"1","4P":"1","4M":"1","PF":"1","3M":"1","W2":"1","PH":"1","QR":"1","QV":"1","M6":"1","7P":"1","WC":"1","P7":"1","RR":"1","VF":"1","CJ":"1","W9":"1","WF":"1","V8":"1","XC":"1","57":"1","JX":"1","M7":"1"},"CR":{"72":"1","F4":"1","54":"1","24":"1","62":"1","26":"1","65":"1","64":"1","25":"1","6Q":"1","75":"1","7W":"1","55":"1","27":"1","M2":"1","74":"1"},"RV":{"4H":"1","CG":"1","3G":"1","J9":"1","3H":"1","2R":"1","CH":"1","CJ":"1","42":"1","4Q":"1","5H":"1","JP":"1","8P":"1","XP":"1","7G":"1","32":"1","HC":"1","5M":"1","HF":"1","3M":"1","RV":"1","29":"1","43":"1","GJ":"1","G3":"1","GG":"1","56":"1","3C":"1","GQ":"1","39":"1","GC":"1","8Q":"1","4P":"1","5P":"1","G4":"1","4G":"1","GF":"1","79":"1","22":"1","4J":"1","F5":"1","JF":"1","JC":"1","H9":"1","5J":"1","5Q":"1","23":"1","4M":"1","GM":"1"},"VV":{"MM":"1","MJ":"1","86":"1","FM":"1","HR":"1","QJ":"1","96":"1","87":"1","39":"1","97":"1","MH":"1"},"MR":{"2G":"1","3G":"1","7J":"1","3J":"1","3H":"1","2M":"1","PQ":"1","7M":"1","9G":"1","XR":"1","26":"1","8M":"1","25":"1","5M":"1","XC":"1","GP":"1","3M":"1","HM":"1","6M":"1","2H":"1","63":"1","XX":"1","WC":"1","8Q":"1","5P":"1","W7":"1","QQ":"1","WR":"1","V7":"1","X9":"1","5J":"1","6J":"1","4M":"1","GM":"1","2J":"1"},"PF":{"Q9":"1","R9":"1"},"VQ":{"GV":"1","FR":"1","JW":"1","2J":"1","FV":"1"},"HR":{"JG":"1","JH":"1"},"WM":{"F8":"1"},"PW":{"XC":"1","Q6":"1","Q5":"1","P5":"1","XH":"1","V5":"1","P4":"1","52":"1","P6":"1"},"QW":{"HH":"1","CF":"1","9C":"1","HR":"1","F2":"1","2H":"1","24":"1","7J":"1","8J":"1","FW":"1","G3":"1","JH":"1","25":"1","HQ":"1","8H":"1","7H":"1","GQ":"1","2C":"1","9F":"1","75":"1","8C":"1","MC":"1","P5":"1"},"XH":{"98":"1","89":"1","99":"1","C8":"1","88":"1","87":"1","97":"1","C7":"1"},"R4":{"5F":"1","6F":"1","6C":"1","5C":"1","5G":"1","6G":"1"},"MW":{"J2":"1","F2":"1","M2":"1"},"MQ":{"XQ":"1","Q5":"1","34":"1","Q2":"1","VG":"1","XR":"1","32":"1","V4":"1","75":"1","MV":"1","Q6":"1","QW":"1","V2":"1","Q3":"1","55":"1","R4":"1","65":"1","MW":"1","WX":"1","P4":"1","P6":"1","P5":"1","XX":"1","66":"1","PX":"1","P3":"1","45":"1","QQ":"1","R6":"1","QV":"1","VH":"1","V3":"1","R5":"1","Q4":"1"},"RP":{"GF":"1","FC":"1","QP":"1","8J":"1","WJ":"1","GC":"1","W3":"1","HM":"1","WG":"1","FF":"1","QQ":"1","JG":"1","4X":"1","JM":"1","8M":"1"},"QH":{"H6":"1"},"3Q":{"8G":"1","8F":"1","9F":"1","CF":"1","CC":"1","CG":"1","9G":"1","9C":"1"},"9R":{"X6":"1","X7":"1","X4":"1","W4":"1","X5":"1","V2":"1"},"PR":{"48":"1","FF":"1","7V":"1","88":"1","CH":"1","VG":"1","9G":"1","8P":"1","7G":"1","67":"1","89":"1","FG":"1","3M":"1","49":"1","8G":"1","2C":"1","RH":"1","5C":"1","9H":"1","3P":"1","GJ":"1","WX":"1","QH":"1","9Q":"1","XX":"1","66":"1","R8":"1","4P":"1","QJ":"1","Q9":"1","Q8":"1","P9":"1","7P":"1","P8":"1","4M":"1","R9":"1","6V":"1"},"QM":{"54":"1","G2":"1","55":"1"},"VP":{"2H":"1","8Q":"1","2G":"1","6M":"1","4J":"1","4H":"1","8M":"1"},"9Q":{"VP":"1","VQ":"1","RW":"1","VX":"1"},"JQ":{"WG":"1","V3":"1","HV":"1"},"X3":{"Q2":"1"},"FQ":{"H5":"1","H6":"1"},"PX":{"QV":"1","RV":"1"},"3W":{"HW":"1","HP":"1","GP":"1","JM":"1","QF":"1","M6":"1","M3":"1"},"MP":{"4P":"1","3Q":"1","4Q":"1","FV":"1","3P":"1"},"GV":{"75":"1"},"GR":{"3Q":"1"},"JR":{"JM":"1","HG":"1","GH":"1","WV":"1","VM":"1","JJ":"1","XJ":"1","WH":"1","PH":"1","XG":"1","J9":"1","XQ":"1","HH":"1","MG":"1","MH":"1","VG":"1","PJ":"1","MJ":"1","XP":"1","V6":"1","HC":"1","JG":"1","QC":"1","HF":"1","RF":"1","MF":"1","PF":"1","RH":"1","WM":"1","QF":"1","XH":"1","X8":"1","PC":"1","HJ":"1","X7":"1","WP":"1","RG":"1","GJ":"1","WJ":"1","QH":"1","GG":"1","VF":"1","WG":"1","PG":"1","WQ":"1","RM":"1","MC":"1","QJ":"1","RJ":"1","W7":"1","X5":"1","WR":"1","GF":"1","X6":"1","VJ":"1","JF":"1","JC":"1","W6":"1","JH":"1","WF":"1","MM":"1","V7":"1","H9":"1","VH":"1","QG":"1","W8":"1"},"QP":{"RQ":"1","QQ":"1","QR":"1","RR":"1","7X":"1","8X":"1","7W":"1","8W":"1"},"QJ":{"98":"1","4F":"1","J9":"1","VX":"1","V9":"1","F9":"1","C6":"1","C8":"1","96":"1","Q9":"1","97":"1","C7":"1","GX":"1","F6":"1","HX":"1","C5":"1"},"RJ":{"5J":"1","3F":"1","7G":"1","HR":"1","GV":"1","HM":"1","76":"1","5M":"1","JG":"1","6P":"1","HP":"1","HV":"1","GR":"1"},"QQ":{"HH":"1","XH":"1","8X":"1","73":"1","CW":"1","4M":"1","XM":"1","C6":"1","2R":"1","52":"1","6F":"1","CQ":"1","5W":"1","XJ":"1","X7":"1","FJ":"1","7X":"1","9R":"1","66":"1","XP":"1","RR":"1","5Q":"1","67":"1","9Q":"1","6V":"1","96":"1","FQ":"1","CP":"1","3R":"1","CR":"1","5M":"1"},"QV":{"9G":"1","4X":"1","R5":"1","XF":"1","X4":"1","2F":"1","3X":"1","9H":"1","G9":"1","W2":"1","5V":"1","6G":"1","28":"1","FX":"1","5G":"1","R7":"1","F9":"1","FG":"1","X3":"1","VR":"1","WP":"1","25":"1","G5":"1","VF":"1","G6":"1","X6":"1","7G":"1","2C":"1","4W":"1","89":"1","6W":"1","MC":"1","XC":"1","G8":"1","Q6":"1","X5":"1","98":"1","VP":"1","JG":"1","CH":"1"},"6R":{"XP":"1","XQ":"1","XV":"1","XR":"1"},"JV":{"RM":"1","MV":"1","W6":"1","MR":"1","QM":"1","JV":"1","JR":"1"},"MM":{"3F":"1","G2":"1","W3":"1","J2":"1","MG":"1","5G":"1","3G":"1","WP":"1","3V":"1","4F":"1","4G":"1","X2":"1","MH":"1","WQ":"1","3R":"1","VP":"1","H2":"1"},"PV":{"XC":"1","W7":"1","F4":"1","W6":"1","X7":"1","FP":"1","R7":"1","V3":"1","R4":"1","R3":"1","46":"1","7F":"1","XF":"1","6F":"1","V4":"1","V7":"1","QQ":"1","Q7":"1","PQ":"1","8C":"1","36":"1"},"R5":{"73":"1","84":"1","F3":"1","93":"1","83":"1","C2":"1","C3":"1","74":"1","85":"1","C4":"1","94":"1"},"VR":{"C9":"1","76":"1","3H":"1","99":"1","24":"1"},"JW":{"6Q":"1","6R":"1"},"QG":{"4C":"1"},"RX":{"62":"1","53":"1","44":"1","52":"1","43":"1","63":"1","33":"1"},"7R":{"3Q":"1","2V":"1","3P":"1","2P":"1","2Q":"1","2M":"1","2R":"1","3M":"1"},"QX":{"JX":"1","2C":"1","HX":"1"}},"MM":{"64":{"62":"1","92":"1","F2":"1","52":"1","G2":"1","82":"1","C2":"1","72":"1","42":"1"},"63":{"GX":"1","FP":"1","38":"1","CG":"1","4F":"1","37":"1","6G":"1","8W":"1","59":"1","6H":"1","8H":"1","CR":"1","6W":"1","5P":"1","88":"1","7H":"1","6R":"1","3R":"1","46":"1","3Q":"1","CV":"1","FG":"1","4W":"1","8M":"1","FX":"1","5M":"1","FH":"1","3F":"1","9F":"1","47":"1","GJ":"1","3C":"1","78":"1","39":"1","CQ":"1","9J":"1","9W":"1","48":"1","9P":"1","49":"1","CC":"1","FV":"1","7W":"1","6J":"1","5J":"1","29":"1","58":"1","5R":"1","FM":"1","8Q":"1","9H":"1","7R":"1","5V":"1","76":"1","CJ":"1","4M":"1","4G":"1","8G":"1","7Q":"1","7C":"1","7G":"1","6V":"1","FJ":"1","6Q":"1","FF":"1","66":"1","65":"1","4R":"1","5C":"1","9G":"1","67":"1","9Q":"1","8P":"1","8R":"1","CH":"1","4J":"1","2C":"1","4X":"1","7F":"1","9X":"1","2F":"1","5H":"1","8J":"1","9V":"1","3M":"1","9C":"1","68":"1","CX":"1","5X":"1","3W":"1","98":"1","8F":"1","5F":"1","5Q":"1","79":"1","56":"1","77":"1","8X":"1","3V":"1","7V":"1","87":"1","FW":"1","CW":"1","4H":"1","3H":"1","6M":"1","5G":"1","9R":"1","6F":"1","6C":"1","3P":"1","7P":"1","4V":"1","89":"1","4C":"1","3J":"1","5W":"1","3X":"1","9M":"1","7J":"1","CP":"1","57":"1","3G":"1","6X":"1","4Q":"1","99":"1","7M":"1","CM":"1","6P":"1","69":"1","7X":"1","GH":"1","8V":"1","4P":"1","CF":"1","8C":"1"}},"5J":{"32":{"XX":"1"},"43":{"62":"1"},"42":{"5Q":"1","4R":"1","5R":"1","4Q":"1","2X":"1"}},"M4":{"C3":{"W9":"1","V8":"1","V9":"1"},"FC":{"28":"1"},"FG":{"M9":"1"},"G6":{"2H":"1","2J":"1","2G":"1"},"PH":{"X5":"1","W7":"1","W6":"1","X7":"1","X6":"1","R7":"1","R8":"1","V7":"1","X8":"1","V8":"1"},"F6":{"XG":"1","XJ":"1","XH":"1"},"V9":{"FQ":"1","GQ":"1","HQ":"1","JP":"1","HR":"1","FR":"1","JM":"1","GR":"1"},"QH":{"57":"1","59":"1","29":"1","26":"1","65":"1","56":"1","38":"1","25":"1","47":"1","28":"1","48":"1","66":"1","3C":"1","58":"1","55":"1","46":"1","27":"1","49":"1","39":"1","37":"1","2C":"1","36":"1"},"C2":{"CG":"1","9G":"1"},"33":{"37":"1","75":"1","74":"1","85":"1","84":"1"}},"4F":{"H7":{"89":"1","W2":"1","R2":"1","HC":"1","93":"1","Q2":"1","W3":"1","Q4":"1","V3":"1","R4":"1","R3":"1","Q3":"1","V4":"1","88":"1","78":"1","HF":"1","V2":"1","C4":"1","94":"1"},"H6":{"X9":"1","WP":"1","XJ":"1","VX":"1","WM":"1","XP":"1","WJ":"1","XM":"1","XX":"1","QJ":"1","WX":"1","VJ":"1","QM":"1","X8":"1","PJ":"1","RX":"1","QX":"1","VW":"1","XW":"1","WW":"1","VM":"1"},"8J":{"FW":"1","FX":"1"},"J6":{"29":"1","28":"1","27":"1","2J":"1","2M":"1","2W":"1","3J":"1"},"H8":{"9M":"1","CQ":"1","9P":"1","9Q":"1","CP":"1","7M":"1"},"MW":{"92":"1","C2":"1"},"JP":{"C3":"1","94":"1","C4":"1","93":"1"},"9G":{"Q2":"1","Q3":"1","R3":"1","R2":"1"},"8M":{"FC":"1","F7":"1","GC":"1","F8":"1","99":"1","M5":"1","M6":"1","98":"1"},"94":{"HQ":"1","HR":"1"}},"F2":{"3C":{"GX":"1","HX":"1","2X":"1"},"29":{"W3":"1","RX":"1","RW":"1","VW":"1"},"94":{"9H":"1"},"39":{"54":"1","P9":"1","R2":"1","77":"1","P8":"1","R9":"1","P5":"1","R7":"1","V3":"1","M5":"1","R4":"1","58":"1","68":"1","R3":"1","C8":"1","V4":"1","R8":"1","X2":"1","Q9":"1","78":"1","3G":"1","2C":"1","Q8":"1","67":"1","4G":"1"},"38":{"VV":"1","VR":"1","RV":"1","XX":"1"},"87":{"GR":"1"},"3F":{"H4":"1","G4":"1","R5":"1","J6":"1","P9":"1","M4":"1","M8":"1","Q4":"1","P6":"1","R8":"1","J2":"1","V6":"1","H3":"1","Q9":"1","V5":"1","R7":"1","Q5":"1","Q7":"1","M9":"1","V7":"1","M6":"1","H6":"1","M3":"1","P7":"1","PC":"1","J5":"1","QC":"1","M2":"1","J7":"1","J4":"1","Q8":"1","P5":"1","J3":"1","H5":"1","M5":"1","P4":"1","Q6":"1","P8":"1","R6":"1","M7":"1","H2":"1"},"48":{"2W":"1","4W":"1","2X":"1","3X":"1","3W":"1","4X":"1"},"49":{"32":"1","37":"1","43":"1","22":"1","47":"1","42":"1"},"GH":{"PG":"1","QF":"1"}},"2X":{"7V":{"WH":"1","VP":"1","XJ":"1","WJ":"1","XH":"1"}},"4M":{"R6":{"FG":"1","J8":"1"},"7X":{"RV":"1"},"XR":{"4W":"1","4V":"1"},"RF":{"WG":"1","3C":"1","4G":"1","2C":"1","3F":"1","5G":"1","2F":"1","V5":"1"},"58":{"P8":"1"},"Q7":{"MC":"1","MF":"1","PF":"1","PC":"1"},"72":{"P8":"1","P7":"1"}},"W8":{"MJ":{"M4":"1","P4":"1"}},"Q4":{"X9":{"XX":"1"},"XC":{"W2":"1","Q6":"1","W4":"1","Q5":"1","X4":"1","P5":"1","W3":"1","Q4":"1","V3":"1","R4":"1","R3":"1","V5":"1","V4":"1","P4":"1","X2":"1","R5":"1","6M":"1","X3":"1","P6":"1","V2":"1"},"9V":{"5P":"1"},"W7":{"FQ":"1","GQ":"1","HQ":"1","JP":"1","FM":"1","HM":"1","HP":"1","GP":"1","FP":"1","GM":"1"},"W6":{"GP":"1","FM":"1","CM":"1","9P":"1","CP":"1","FP":"1","GM":"1","9M":"1","CJ":"1","FJ":"1","9J":"1"},"X7":{"62":"1"},"PM":{"X2":"1","W2":"1","V3":"1","R2":"1","V2":"1"},"FQ":{"XQ":"1","QV":"1"},"RH":{"28":"1","2W":"1","2V":"1"},"Q4":{"HW":"1","MW":"1","JX":"1","MX":"1","HX":"1","JW":"1","JV":"1","MV":"1","HV":"1"},"R4":{"5P":"1","6M":"1","5M":"1","6P":"1"},"QJ":{"4F":"1","8G":"1","4H":"1","2G":"1","3Q":"1","3V":"1","5J":"1","4R":"1","4P":"1","3W":"1","3F":"1","7H":"1","4Q":"1","2V":"1","7G":"1","2H":"1","3C":"1","6G":"1","6H":"1","7J":"1","3P":"1","3H":"1","7F":"1","2X":"1","2P":"1","2Q":"1","2J":"1","2M":"1","5H":"1","4J":"1","5M":"1","3R":"1","2W":"1","2R":"1","8H":"1","6M":"1","3J":"1","3G":"1","2C":"1","4V":"1","5R":"1","2F":"1","4M":"1","3M":"1","6J":"1","5G":"1","4G":"1"},"Q7":{"5F":"1","4G":"1","7F":"1","6H":"1","8F":"1","5H":"1","7H":"1","6F":"1","4F":"1","8H":"1","7G":"1","5G":"1","8G":"1","6G":"1"},"PF":{"QV":"1"},"2W":{"WG":"1","RJ":"1","WH":"1","VJ":"1","VG":"1","WJ":"1","XH":"1","RG":"1","VH":"1","RH":"1"},"PJ":{"XH":"1","XV":"1","XF":"1","WR":"1","VQ":"1","XW":"1","XR":"1","WX":"1","PQ":"1","XG":"1","XM":"1","VW":"1","RQ":"1","WV":"1","RW":"1","WW":"1","QR":"1","PR":"1","QV":"1","WM":"1","XJ":"1","VR":"1","XQ":"1","WP":"1","XP":"1","RR":"1","VX":"1","RP":"1","VV":"1","RV":"1","WG":"1","WF":"1","QW":"1","QQ":"1","WQ":"1","RX":"1","VP":"1","XX":"1","PV":"1"},"V8":{"WM":"1"},"QH":{"XW":"1","VV":"1","XV":"1","XR":"1","VR":"1","WR":"1","WW":"1","WV":"1"}},"QX":{"2P":{"RW":"1","QW":"1","RV":"1","QV":"1","PV":"1"}},"J4":{"78":{"X9":"1","W8":"1","XC":"1","73":"1","XG":"1","W9":"1","64":"1","WF":"1","XH":"1","XF":"1","WG":"1","X8":"1","74":"1"},"95":{"9G":"1","9J":"1","8P":"1","9M":"1","9H":"1","6M":"1","7M":"1","6P":"1","6H":"1","8Q":"1","W8":"1","7J":"1","6J":"1","8J":"1","6Q":"1","V7":"1","7P":"1","X7":"1","CM":"1","W7":"1","8H":"1","8G":"1","9P":"1","CJ":"1","7H":"1","X8":"1","W9":"1","7Q":"1","V8":"1","8M":"1","CH":"1","V9":"1"},"P6":{"7R":"1","9V":"1","MV":"1","6Q":"1","MR":"1","7Q":"1","8R":"1","7V":"1","RX":"1","8V":"1","8W":"1","9R":"1","6R":"1","6V":"1"},"C5":{"RQ":"1","RR":"1"},"RC":{"W4":"1"},"HP":{"76":"1","66":"1","68":"1","67":"1","78":"1","77":"1"},"C3":{"FC":"1","H9":"1","GC":"1","HC":"1","G9":"1","F9":"1","C9":"1","F8":"1","C8":"1","CC":"1"},"4P":{"XP":"1","XG":"1","WG":"1","WH":"1","WM":"1","XJ":"1","WJ":"1","XH":"1","XM":"1"},"92":{"GF":"1","FG":"1","HG":"1","GG":"1","GC":"1","HC":"1","GH":"1","FJ":"1","92":"1","C2":"1","FH":"1","HH":"1","HF":"1","CH":"1"},"G9":{"JQ":"1","MQ":"1","MP":"1","MR":"1","JP":"1","HQ":"1","JR":"1"},"C9":{"2M":"1"},"5C":{"8J":"1","9H":"1","8F":"1","CH":"1","CF":"1","CG":"1","9G":"1","8H":"1","8G":"1","9J":"1","9F":"1"},"F2":{"R3":"1","V3":"1","R4":"1","V4":"1"},"6F":{"C3":"1","H5":"1","F2":"1","G4":"1","H4":"1","G3":"1","H3":"1","C2":"1","G5":"1","F5":"1","F4":"1","F3":"1"},"Q7":{"RX":"1","QX":"1"},"Q2":{"62":"1","52":"1"},"7J":{"X2":"1","W3":"1","X3":"1","W2":"1"},"FW":{"73":"1","62":"1","63":"1","72":"1"},"8J":{"23":"1","22":"1","24":"1"},"HJ":{"J7":"1"},"G3":{"57":"1","77":"1","56":"1","47":"1","66":"1","68":"1","58":"1","46":"1","76":"1","78":"1","67":"1"},"3G":{"CX":"1","FX":"1"},"X3":{"M7":"1","H7":"1","H6":"1","63":"1","73":"1","54":"1","65":"1","64":"1","J4":"1","M6":"1","J7":"1","J6":"1","55":"1","H5":"1","74":"1","J5":"1","H4":"1"},"WC":{"32":"1","44":"1","43":"1","34":"1","42":"1","33":"1"},"FV":{"V7":"1","7X":"1","6X":"1","8X":"1"},"3H":{"F2":"1","7V":"1","G2":"1","6V":"1","5V":"1","7W":"1","6W":"1"},"66":{"48":"1","47":"1","CP":"1"},"G5":{"58":"1"},"5P":{"2M":"1","2P":"1","2Q":"1","4J":"1","4P":"1","4M":"1","5J":"1","6M":"1","3M":"1","4Q":"1","3J":"1","4H":"1","2H":"1","6J":"1","2J":"1","3G":"1","2G":"1","3H":"1","4F":"1","5H":"1","4G":"1","3Q":"1","3P":"1","5M":"1"},"77":{"2H":"1","9R":"1","2J":"1","2G":"1","CW":"1"},"5Q":{"GW":"1","GX":"1","FW":"1","FX":"1"},"99":{"XG":"1","WG":"1","WH":"1","WM":"1","XJ":"1","WJ":"1","XH":"1","XM":"1"},"5H":{"CQ":"1","9V":"1","FV":"1","FQ":"1","GV":"1","9Q":"1","CR":"1","FR":"1","CV":"1","GR":"1","9R":"1"},"7H":{"M7":"1","P8":"1","M6":"1","P5":"1","M5":"1","M8":"1","P7":"1","P6":"1"},"67":{"HH":"1","XH":"1","GJ":"1","HG":"1","XG":"1","MX":"1","RW":"1","QX":"1","GH":"1","HJ":"1","XJ":"1","JH":"1","PW":"1","GG":"1","H8":"1","WH":"1","WG":"1","G8":"1","JX":"1","QW":"1","RX":"1","MW":"1","PX":"1"},"F5":{"4F":"1","5F":"1","59":"1","4C":"1","3F":"1","7C":"1","3C":"1","69":"1","68":"1","58":"1","49":"1","79":"1","78":"1","5C":"1","6C":"1"},"69":{"98":"1","89":"1","99":"1","7H":"1","7G":"1","7C":"1","6G":"1","6H":"1","7F":"1","6F":"1","79":"1","8C":"1"},"96":{"H8":"1","H9":"1","G9":"1","HC":"1","G8":"1"},"56":{"XV":"1"},"Q8":{"Q2":"1","Q3":"1","R3":"1","R2":"1","V2":"1"},"5R":{"F2":"1","G2":"1"},"83":{"JQ":"1","MQ":"1","MP":"1","HR":"1","MR":"1","JP":"1","JV":"1","HQ":"1","JR":"1","HP":"1","HV":"1"},"FP":{"RH":"1","QH":"1","PG":"1","PF":"1","RG":"1","QF":"1","QG":"1","MG":"1","RJ":"1","PH":"1","PJ":"1","PC":"1","QC":"1","VH":"1","QJ":"1","MH":"1","QM":"1","PM":"1"},"68":{"Q2":"1","P2":"1","M2":"1"},"Q6":{"W8":"1","VC":"1","XC":"1","RF":"1","3Q":"1","W9":"1","4R":"1","R9":"1","4Q":"1","WF":"1","WC":"1","VF":"1","V9":"1","R8":"1","RC":"1","Q9":"1","3R":"1","5Q":"1","V8":"1","Q8":"1"},"93":{"PR":"1","9V":"1","MV":"1","QP":"1","PM":"1","MQ":"1","MP":"1","HR":"1","MR":"1","8R":"1","QM":"1","QQ":"1","HQ":"1","8V":"1","JR":"1","PQ":"1","PP":"1","9R":"1"},"88":{"78":"1","6C":"1","9G":"1","CG":"1","49":"1","7F":"1","2F":"1","79":"1","38":"1","5F":"1","5C":"1","87":"1","6G":"1","CF":"1","6H":"1","9C":"1","6F":"1","5G":"1","7C":"1","58":"1","48":"1","59":"1","2G":"1","4F":"1","CC":"1","77":"1","8G":"1","7G":"1","99":"1","4G":"1","29":"1","8F":"1","67":"1","2C":"1","89":"1","9F":"1","69":"1","8C":"1","57":"1","68":"1","98":"1","88":"1","4C":"1"}},"68":{"22":{"3M":"1","2J":"1","3J":"1"}}}}