{"index":{"university,1|retail,2|tourism,3|wreck,4|historical,5|artsCulture,6|namedBuilding,7|water,8|wetland,9|park,10|beach,11|natureReserve,12|cemetery,13|trail,14":{}},"6Q":{"34":{"62":{"HX":"1"},"85":{"MP":"1"},"96":{"FC":"1","FF":"1"}},"G4":{"JX":{"GM":"1"}},"9J":{"37":{"MM":"1","HW":"1","PM":"1","MQ":"1","FQ":"1","MP":"1","JP":"1","PQ":"1","HV":"1","PP":"1"},"38":{"C3":"1","94":"1","F2":"1","C4":"1","95":"1","F3":"1"}},"W6":{"JV":{"4P":"1","6Q":"1","6H":"1","5Q":"1","6J":"1","5H":"1","7Q":"1","7P":"1","5P":"1","6M":"1","4J":"1","4M":"1","5M":"1","5J":"1","4H":"1","6P":"1"},"GJ":{"34":"1","2P":"1"},"PQ":{"VG":"1","VF":"1","RF":"1"},"C7":{"HP":"1","JW":"1","JV":"1"},"FM":{"M4":"1","Q2":"1","P2":"1","Q3":"1","P5":"1","P4":"1","P3":"1"},"GH":{"3X":"1","3W":"1","CC":"1"},"F8":{"W8":"1"},"FJ":{"3F":"1","G2":"1","7F":"1","2F":"1","5F":"1","PQ":"1","6G":"1","6H":"1","HR":"1","4H":"1","5G":"1","9V":"1","PR":"1","GV":"1","GX":"1","GW":"1","CV":"1","9R":"1","XP":"1","4F":"1","GR":"1","8H":"1","8G":"1","7G":"1","4G":"1","5H":"1","MV":"1","7H":"1","HW":"1","MP":"1","JP":"1","MQ":"1","CR":"1","MW":"1","PV":"1"},"27":{"24":"1","26":"1","4R":"1","25":"1","28":"1","27":"1","2M":"1","2C":"1","4G":"1"},"66":{"8P":"1","VR":"1","9P":"1","RV":"1","VV":"1","8Q":"1","58":"1","CR":"1","FR":"1","QV":"1","JP":"1","HQ":"1","QX":"1","RR":"1","RW":"1","5C":"1","JX":"1"},"77":{"7F":"1"},"67":{"Q2":"1","R2":"1"},"GQ":{"23":"1"},"46":{"C9":"1","99":"1"},"FP":{"VW":"1"},"MQ":{"43":"1","33":"1"}},"7F":{"FV":{"FW":"1"}},"H9":{"QX":{"2R":"1"}},"X4":{"9R":{"3Q":"1","4P":"1","4Q":"1","3P":"1","2P":"1","2Q":"1","95":"1","3R":"1","4M":"1","3M":"1","C4":"1","94":"1"},"8V":{"Q4":"1","Q5":"1"},"XJ":{"9C":"1","9F":"1"},"VV":{"3Q":"1","3V":"1","4R":"1","4P":"1","3W":"1","4Q":"1","2V":"1","4W":"1","3P":"1","2P":"1","2Q":"1","2J":"1","2M":"1","3R":"1","2R":"1","3J":"1","4V":"1","3M":"1"},"XR":{"W8":"1","RF":"1","W7":"1","P9":"1","X7":"1","VF":"1","V9":"1","MC":"1","X8":"1","V8":"1"},"QW":{"6C":"1","5C":"1","59":"1"},"RC":{"6V":"1","5V":"1","5W":"1","6W":"1"},"RV":{"XP":"1","WP":"1","VP":"1","WM":"1","VQ":"1","XQ":"1","XJ":"1","XV":"1","XR":"1","WQ":"1","VR":"1","WR":"1","XM":"1","WV":"1"}},"XW":{"H4":{"3V":"1","4V":"1"}},"R8":{"X2":{"36":"1"},"W7":{"M4":"1","J4":"1","H4":"1","J3":"1","H3":"1","P7":"1","M3":"1"},"V4":{"52":"1"},"W6":{"VV":"1"},"M3":{"5F":"1","4G":"1","4F":"1","5G":"1"}},"38":{"GC":{"PX":"1"},"GF":{"P2":"1"}},"R2":{"2X":{"XX":"1"}},"92":{"25":{"JP":"1","HM":"1","HP":"1","JM":"1"}},"V6":{"X7":{"W8":"1","X5":"1","W7":"1","W6":"1","V6":"1","X7":"1","X6":"1","W4":"1","X4":"1","R4":"1","WX":"1","V5":"1","V4":"1","V7":"1","X8":"1","R6":"1","W5":"1","R5":"1","WW":"1"},"4R":{"4V":"1","9V":"1","GH":"1","CG":"1","7Q":"1","7J":"1","FF":"1","5W":"1","7V":"1","8V":"1","CH":"1","CJ":"1","8W":"1","8H":"1","7M":"1","57":"1","4X":"1","9W":"1","9G":"1","7W":"1","8P":"1","8J":"1","FP":"1","7G":"1","8M":"1","CM":"1","CP":"1","5R":"1","67":"1","CR":"1","6H":"1","9M":"1","9F":"1","FG":"1","8G":"1","9P":"1","6W":"1","7H":"1","9H":"1","4R":"1","8X":"1","7X":"1","6M":"1","GJ":"1","5X":"1","GG":"1","9R":"1","5V":"1","6Q":"1","9Q":"1","CV":"1","6P":"1","8F":"1","8Q":"1","9X":"1","9J":"1","5P":"1","4W":"1","FH":"1","GF":"1","6R":"1","8R":"1","6X":"1","58":"1","FM":"1","5Q":"1","7P":"1","6J":"1","FJ":"1","GM":"1","CF":"1","6V":"1","7R":"1","68":"1"},"56":{"XQ":"1","G9":"1","VV":"1","MF":"1","F9":"1","WV":"1"},"3W":{"Q3":"1"},"28":{"7C":"1"},"66":{"GW":"1","5W":"1","FW":"1","7X":"1","FM":"1","8X":"1","9W":"1","5X":"1","CM":"1","4Q":"1","CP":"1","FQ":"1","8Q":"1","9X":"1","2Q":"1","6W":"1","CX":"1","4V":"1","8W":"1"},"6G":{"5Q":"1"},"X8":{"X2":"1"},"RR":{"HG":"1"},"4V":{"72":"1","63":"1","73":"1","54":"1","62":"1","65":"1","64":"1","84":"1","42":"1","93":"1","75":"1","83":"1","82":"1","74":"1","53":"1","85":"1","52":"1","94":"1"},"2F":{"GW":"1","GV":"1","FW":"1"},"3M":{"FC":"1","CF":"1","9C":"1","CC":"1","9F":"1"},"67":{"83":"1","92":"1","82":"1","72":"1"},"5G":{"XP":"1","WP":"1","VP":"1","WM":"1","XQ":"1","VJ":"1","WJ":"1","RM":"1","VM":"1"}},"G9":{"R9":{"HJ":"1"},"Q8":{"5Q":"1"}},"84":{"2H":{"M6":"1"},"2G":{"45":"1","29":"1","PM":"1","MG":"1","J4":"1","25":"1","HC":"1","MF":"1","H8":"1","55":"1","96":"1","PJ":"1","H4":"1"},"2F":{"MM":"1"}},"FH":{"38":{"9M":"1","9J":"1"},"48":{"72":"1","F4":"1","38":"1","25":"1","F3":"1","48":"1","49":"1","39":"1"}},"R3":{"32":{"43":"1","45":"1","26":"1","28":"1","27":"1","33":"1","44":"1","35":"1","34":"1"},"GV":{"QP":"1"},"MX":{"R5":"1","R6":"1","V5":"1","V6":"1"},"22":{"X6":"1","X8":"1","W9":"1","X7":"1","W8":"1","W7":"1"}},"F2":{"55":{"PG":"1"}},"W8":{"52":{"C3":"1","92":"1","94":"1","C4":"1","93":"1","C2":"1"},"23":{"V7":"1"},"C6":{"C3":"1","92":"1","93":"1"},"G4":{"Q9":"1","R7":"1"},"J3":{"MR":"1","MV":"1"},"67":{"XG":"1","WG":"1","WF":"1","XF":"1"},"59":{"M4":"1","J4":"1","H4":"1","J3":"1","H3":"1","M5":"1","J5":"1"},"C5":{"X8":"1","X7":"1"},"F5":{"28":"1","37":"1","27":"1"}},"V5":{"J2":{"JP":"1","HM":"1","JM":"1"},"WH":{"WP":"1","VQ":"1","XQ":"1","WQ":"1"},"WQ":{"GF":"1"},"J8":{"5P":"1","6M":"1","5M":"1","6P":"1"},"VG":{"52":"1"},"RC":{"FG":"1","FM":"1","CP":"1","MR":"1","GJ":"1","CF":"1","FJ":"1","GQ":"1","FF":"1","CG":"1"},"P3":{"F5":"1"},"VF":{"6X":"1","5X":"1","5W":"1"}},"26":{"XR":{"2M":"1","2J":"1"},"WR":{"XJ":"1","WJ":"1","XH":"1","XM":"1"},"WW":{"M5":"1"}},"R7":{"45":{"6C":"1","79":"1","7M":"1","9C":"1","6F":"1","GV":"1","FW":"1","GW":"1","66":"1","4F":"1","77":"1","7G":"1","76":"1","67":"1","8F":"1","9F":"1","8C":"1","8M":"1"},"63":{"C6":"1","F6":"1","C5":"1","F5":"1","78":"1"},"J9":{"X9":"1","X8":"1"},"54":{"76":"1","66":"1","75":"1","87":"1","67":"1","86":"1","78":"1","77":"1"},"P9":{"Q4":"1","X2":"1","X5":"1"},"Q6":{"Q5":"1","J7":"1"},"P8":{"RP":"1","XX":"1"},"CJ":{"94":"1","85":"1","84":"1","95":"1","67":"1"},"H8":{"VV":"1","VW":"1","WW":"1"},"55":{"29":"1","39":"1","38":"1"},"44":{"8V":"1","9W":"1","9V":"1","8W":"1"},"V5":{"V7":"1","R7":"1"},"J8":{"VW":"1"},"Q7":{"36":"1","37":"1","26":"1","27":"1"},"Q9":{"75":"1","23":"1","22":"1","33":"1"},"M9":{"28":"1","29":"1"},"34":{"6C":"1","9G":"1","CG":"1","9J":"1","7F":"1","9H":"1","6G":"1","CF":"1","6H":"1","FH":"1","9C":"1","6F":"1","7C":"1","7J":"1","6J":"1","8J":"1","FC":"1","FG":"1","FJ":"1","CC":"1","8H":"1","8G":"1","7G":"1","CJ":"1","7H":"1","8F":"1","FF":"1","9F":"1","8C":"1","CH":"1"},"X3":{"4V":"1"},"Q8":{"45":"1","65":"1","2X":"1","55":"1"}},"F9":{"9G":{"CV":"1"}},"6J":{"9Q":{"C7":"1"}},"64":{"GJ":{"P2":"1","V4":"1"},"GH":{"CQ":"1","6F":"1","PX":"1"}},"7W":{"XW":{"2W":"1","2V":"1","2X":"1","3X":"1","3W":"1"},"VX":{"W2":"1"},"WW":{"5Q":"1","5P":"1"},"VW":{"VJ":"1","WJ":"1","VH":"1"}},"V7":{"3F":{"MM":"1","MJ":"1","P9":"1","PC":"1","PM":"1","MG":"1","MQ":"1","MP":"1","MF":"1","WX":"1","MC":"1","PF":"1","PJ":"1","M9":"1","PQ":"1","PP":"1","GX":"1","MH":"1","WW":"1"},"W3":{"FW":"1","4R":"1","4Q":"1","PX":"1","3P":"1","8R":"1","QX":"1","4V":"1"},"4J":{"73":"1","3C":"1","JW":"1","2F":"1","3M":"1","84":"1","VW":"1","3J":"1","RW":"1","6J":"1","2J":"1","VX":"1","29":"1","MV":"1","2C":"1","82":"1","83":"1","QW":"1","22":"1","RX":"1","74":"1","MW":"1"},"FR":{"37":"1","39":"1","38":"1","35":"1","34":"1","24":"1"},"HP":{"P4":"1"},"HX":{"X6":"1","X7":"1"},"GJ":{"PF":"1","GF":"1"},"2F":{"MW":"1","CX":"1","7X":"1","JW":"1","8X":"1"},"4M":{"MR":"1","82":"1","PR":"1","MQ":"1"},"5J":{"RX":"1","PX":"1"},"5F":{"Q4":"1","Q5":"1","P5":"1","P4":"1","F7":"1","R3":"1"},"R2":{"XW":"1","XX":"1","WX":"1","WW":"1"},"V3":{"34":"1","43":"1","73":"1","53":"1","65":"1","92":"1","84":"1","52":"1","55":"1","24":"1","63":"1","64":"1","33":"1","66":"1","54":"1","42":"1","44":"1","82":"1","75":"1","23":"1","83":"1","72":"1","22":"1","32":"1","74":"1","62":"1"},"7V":{"F3":"1"},"7M":{"C9":"1","68":"1","C8":"1","67":"1","77":"1"},"R3":{"W2":"1","W4":"1","X4":"1","W3":"1","V3":"1","V4":"1","X2":"1","X3":"1","V2":"1"},"3J":{"G2":"1","QH":"1","P9":"1","M4":"1","43":"1","M8":"1","95":"1","F6":"1","53":"1","C3":"1","86":"1","PF":"1","92":"1","87":"1","QF":"1","C6":"1","F2":"1","C7":"1","PH":"1","33":"1","G3":"1","C2":"1","P7":"1","PJ":"1","85":"1","F7":"1","42":"1","H8":"1","75":"1","96":"1","P5":"1","XC":"1","G8":"1","H5":"1","72":"1","P4":"1","93":"1","P8":"1","62":"1","M7":"1"},"4H":{"2M":"1","2J":"1","2X":"1"},"CQ":{"GV":"1","PX":"1"},"Q2":{"Q9":"1","Q8":"1"},"4V":{"9X":"1"},"3G":{"8X":"1","J6":"1","M4":"1","CW":"1","9H":"1","5F":"1","8V":"1","6G":"1","4Q":"1","P3":"1","4R":"1","6F":"1","5G":"1","9V":"1","5W":"1","M3":"1","2W":"1","8H":"1","5Q":"1","MV":"1","4W":"1","CX":"1","9W":"1","7R":"1","5R":"1","8W":"1","P4":"1","9X":"1"},"2G":{"73":"1","M8":"1","C2":"1","M6":"1"},"3H":{"8X":"1","2Q":"1","CW":"1","3X":"1","8R":"1","7V":"1","XM":"1","5V":"1","8V":"1","4R":"1","9V":"1","7C":"1","GX":"1","7W":"1","4V":"1","GW":"1","59":"1","CV":"1","7X":"1","9R":"1","CX":"1","9W":"1","6W":"1","3Q":"1","5R":"1","8W":"1","9X":"1"},"4F":{"9X":"1","9W":"1","3Q":"1","4Q":"1"},"V2":{"4X":"1","8X":"1","3X":"1","7V":"1","6R":"1","5V":"1","8V":"1","4R":"1","3W":"1","6X":"1","5W":"1","7W":"1","4V":"1","7X":"1","5X":"1","5Q":"1","4W":"1","9W":"1","6V":"1","6W":"1","7R":"1","5R":"1","8W":"1","9X":"1","2X":"1"},"GR":{"R2":"1"},"5H":{"3X":"1","CW":"1","CV":"1"},"X2":{"M4":"1","M5":"1"},"4W":{"92":"1","C2":"1"},"23":{"6R":"1","HF":"1","5R":"1","7V":"1","6V":"1","FP":"1","5V":"1","7W":"1","GF":"1","6W":"1","2P":"1"},"FQ":{"4R":"1","5R":"1","5V":"1"},"3P":{"G4":"1","JM":"1"},"JX":{"27":"1"},"8M":{"3H":"1","3G":"1","7C":"1","4H":"1","6G":"1","79":"1","8C":"1"},"CR":{"W2":"1","JC":"1","CM":"1","8J":"1","9M":"1","W3":"1","V3":"1","CJ":"1","9H":"1","Q3":"1","JF":"1","8H":"1","9J":"1","P2":"1","CH":"1"},"5M":{"P2":"1"}},"33":{"4J":{"3Q":"1"}},"H6":{"CQ":{"X6":"1","X7":"1"},"7R":{"3Q":"1","2R":"1","4R":"1","3R":"1","2Q":"1","3P":"1","2P":"1"},"FV":{"F4":"1","Q6":"1","8P":"1","9P":"1","9M":"1","9H":"1","53":"1","8M":"1","CH":"1"},"5F":{"JQ":"1","MQ":"1","MP":"1","MR":"1","JP":"1","HQ":"1","JR":"1","HP":"1"},"4R":{"XM":"1"},"FQ":{"5P":"1"},"GV":{"3C":"1","C4":"1","9P":"1","4F":"1","X4":"1","3F":"1","GJ":"1","4C":"1","X5":"1"},"CR":{"RV":"1"},"FR":{"43":"1","4J":"1","HV":"1","2F":"1","5J":"1","5F":"1","39":"1","6G":"1","6H":"1","4H":"1","5G":"1","3G":"1","FV":"1","3H":"1","54":"1","4F":"1","4G":"1","5H":"1","GM":"1","QQ":"1","4C":"1"},"8R":{"7X":"1","QP":"1","XG":"1","WH":"1","XH":"1","7W":"1","CJ":"1","GQ":"1","WG":"1","QQ":"1","6W":"1","PQ":"1","PP":"1","5R":"1"},"7V":{"8P":"1","8J":"1","FP":"1","7J":"1","9H":"1","8H":"1","CH":"1"},"5Q":{"VV":"1"},"CX":{"9M":"1","8M":"1"},"GR":{"8X":"1"},"6R":{"XP":"1","XQ":"1","XR":"1"}},"X7":{"4G":{"9M":"1","CM":"1","8P":"1","9P":"1","7P":"1","CP":"1","7M":"1","8M":"1"},"HP":{"FM":"1"},"8X":{"Q9":"1","PG":"1","P9":"1","PF":"1","QC":"1","PC":"1"},"QG":{"M2":"1"},"QF":{"8P":"1","QW":"1","RV":"1","QV":"1","PV":"1","8M":"1"},"FH":{"5G":"1"},"GH":{"P6":"1"}},"7X":{"4F":{"PP":"1"}},"C2":{"6J":{"QQ":"1"},"JQ":{"44":"1","54":"1"}},"27":{"M7":{"32":"1","22":"1","M3":"1"},"M6":{"2X":"1","3X":"1"}},"W7":{"GW":{"XP":"1"},"54":{"5F":"1","4G":"1","4F":"1","2G":"1","3F":"1","2Q":"1","2F":"1","2P":"1"},"XG":{"2R":"1"},"HW":{"2Q":"1","2P":"1"},"XJ":{"64":"1","63":"1"},"XH":{"2W":"1","4W":"1","2X":"1","5V":"1","3X":"1","5X":"1","3W":"1","5W":"1","4X":"1"},"R4":{"F2":"1","F3":"1"},"R3":{"FX":"1"},"44":{"H8":"1","J8":"1"},"WG":{"XV":"1","XR":"1","WR":"1","VF":"1","WW":"1","WV":"1"},"X8":{"QQ":"1","QR":"1"},"JW":{"66":"1","45":"1","46":"1","56":"1","55":"1"},"PP":{"8V":"1","8W":"1"},"GX":{"5F":"1","4G":"1","4F":"1","3G":"1","3F":"1","5C":"1"}},"G5":{"G4":{"C6":"1","F6":"1","C5":"1","F5":"1"}},"H7":{"H5":{"7F":"1","7C":"1"},"F6":{"57":"1"},"C2":{"36":"1"},"C5":{"VP":"1","VM":"1"}},"G6":{"FC":{"Q4":"1"}},"X6":{"RG":{"MH":"1","PH":"1","PJ":"1","MJ":"1"},"P4":{"85":"1","95":"1","96":"1","86":"1"},"X2":{"7F":"1","7H":"1","8H":"1","7G":"1","8G":"1"},"R6":{"MC":"1","PC":"1"},"6P":{"RJ":"1","WH":"1","VJ":"1","X7":"1","WJ":"1","VH":"1","RH":"1"},"M9":{"39":"1"},"4M":{"8P":"1","9P":"1","8Q":"1","9Q":"1"}},"X8":{"26":{"R7":"1","Q8":"1","P7":"1","R8":"1","Q7":"1"},"35":{"HW":"1","HX":"1"}},"37":{"7H":{"HC":"1"},"CH":{"WG":"1","WP":"1","WM":"1","QC":"1","QF":"1","VM":"1","PJ":"1","VH":"1"},"35":{"FM":"1","HM":"1","FJ":"1","HJ":"1","GJ":"1","GM":"1"},"CJ":{"P5":"1","P4":"1"},"CG":{"VG":"1","PP":"1","VF":"1","MV":"1","RG":"1","PX":"1"}},"8C":{"75":{"WF":"1","XF":"1","XC":"1","WC":"1","XH":"1"},"85":{"WQ":"1"}},"V8":{"HH":{"F6":"1"},"QF":{"P2":"1"}},"72":{"R2":{"XQ":"1"},"V2":{"WH":"1"}},"FP":{"32":{"XP":"1","WP":"1","WM":"1","XM":"1"},"53":{"98":"1","89":"1","99":"1","59":"1","7C":"1","69":"1","58":"1","68":"1","C9":"1","C8":"1","CC":"1","79":"1","88":"1","9C":"1","78":"1","5C":"1","8C":"1","6C":"1","67":"1"},"43":{"P2":"1","JJ":"1"},"42":{"RQ":"1","QQ":"1","QR":"1"}},"22":{"87":{"VC":"1","VF":"1"},"86":{"HQ":"1","HR":"1","JR":"1"}},"W5":{"HJ":{"7V":"1","6W":"1"},"H9":{"J2":"1","M2":"1"},"62":{"P2":"1"},"59":{"32":"1","43":"1","33":"1"},"5X":{"76":"1","66":"1","75":"1","65":"1"},"4R":{"XW":"1","XR":"1","XV":"1","XX":"1"},"GH":{"G2":"1","R9":"1"},"FQ":{"XP":"1","XQ":"1"},"H8":{"HQ":"1","HR":"1","JX":"1","MX":"1","PW":"1","MR":"1","MQ":"1","JR":"1","JV":"1","CW":"1","HV":"1","JQ":"1"},"FR":{"M4":"1","P4":"1","H4":"1","M5":"1","M3":"1"},"GQ":{"VC":"1","WF":"1","WC":"1","VF":"1"},"MC":{"5F":"1","4F":"1","5C":"1","49":"1","4C":"1"},"J8":{"4X":"1"},"G7":{"5P":"1","6M":"1","5M":"1","6P":"1"},"5V":{"85":"1","95":"1","96":"1","86":"1"}},"V4":{"WM":{"X2":"1","W3":"1","X3":"1","W2":"1","X4":"1","W4":"1"},"MW":{"2W":"1"},"JW":{"XW":"1","XX":"1"},"XM":{"23":"1","24":"1"}},"R4":{"M4":{"5Q":"1","4Q":"1"},"W3":{"57":"1","59":"1","77":"1","65":"1","7H":"1","9P":"1","CP":"1","2H":"1","75":"1","66":"1","9Q":"1","8Q":"1","6G":"1","7J":"1","68":"1","58":"1","3H":"1","2J":"1","2M":"1","6F":"1","76":"1","5H":"1","8H":"1","3J":"1","85":"1","3G":"1","67":"1","5G":"1","4G":"1"},"W2":{"FC":"1","FG":"1","FF":"1","CF":"1","GG":"1","CG":"1","CC":"1"},"V3":{"XP":"1","XJ":"1","XM":"1"},"M3":{"J6":"1"}},"Q6":{"XJ":{"PM":"1","QJ":"1","PJ":"1","QM":"1"}},"X5":{"G5":{"64":"1","76":"1","66":"1","65":"1","67":"1","77":"1"},"MV":{"28":"1","29":"1","94":"1","C4":"1","C2":"1"},"F4":{"76":"1","66":"1","75":"1","65":"1","74":"1"},"W9":{"RW":"1","VV":"1","RV":"1","VW":"1"},"77":{"XV":"1","JC":"1","HH":"1","HJ":"1","JH":"1","JJ":"1"},"7H":{"2R":"1","2Q":"1"},"PX":{"V6":"1"},"VV":{"WM":"1","VJ":"1","VM":"1"},"XX":{"2G":"1"},"MR":{"CX":"1"},"H8":{"97":"1"},"6H":{"XQ":"1","XR":"1"},"VH":{"JX":"1","MX":"1"},"QG":{"8P":"1","7P":"1"},"WV":{"5X":"1"},"WX":{"XG":"1"},"VJ":{"J2":"1","M2":"1"},"V4":{"3Q":"1","4R":"1","4Q":"1","3R":"1"},"88":{"H4":"1","J6":"1","M4":"1","43":"1","73":"1","65":"1","84":"1","52":"1","55":"1","63":"1","64":"1","54":"1","42":"1","J5":"1","J4":"1","83":"1","H5":"1","M5":"1","32":"1","74":"1","62":"1","H2":"1"},"4J":{"HM":"1"},"JV":{"X9":"1","X2":"1","W3":"1","X8":"1","X3":"1","W2":"1","X4":"1","W4":"1","V4":"1"},"87":{"GW":"1","HF":"1","GX":"1","PW":"1","HX":"1","3X":"1","HC":"1","5X":"1","QX":"1","4X":"1","PX":"1"},"32":{"5P":"1","6M":"1","5M":"1","6P":"1"},"JR":{"32":"1","6J":"1"},"PV":{"2C":"1"},"H4":{"VC":"1","RJ":"1","QJ":"1","RC":"1","R9":"1","QC":"1","V9":"1","QF":"1","RM":"1","RF":"1","QM":"1"}},"74":{"XG":{"H4":"1","G4":"1","XH":"1","JV":"1","P9":"1","RC":"1","R8":"1","PG":"1","PF":"1","XM":"1","RG":"1","Q9":"1","QF":"1","RF":"1","9C":"1","QG":"1","VG":"1","XJ":"1","MR":"1","WC":"1","PC":"1","VF":"1","99":"1","MV":"1","QC":"1","WG":"1","R9":"1","89":"1","W9":"1","8C":"1","Q8":"1","WF":"1","VC":"1","P8":"1","V9":"1"},"XF":{"4G":"1","5H":"1","5G":"1"}},"R6":{"MM":{"PF":"1","QC":"1","QF":"1","PC":"1"},"MJ":{"8J":"1","9H":"1","CH":"1","CJ":"1","8H":"1","9J":"1"},"JJ":{"M5":"1","J5":"1"},"65":{"CR":"1","CV":"1"},"9P":{"9X":"1","CX":"1","HX":"1"},"XV":{"2R":"1","2V":"1","2Q":"1"},"JH":{"GX":"1"},"9Q":{"92":"1","C2":"1"},"WV":{"XQ":"1","WR":"1","WQ":"1","XJ":"1","XV":"1","WV":"1","XR":"1"},"FR":{"VQ":"1","VV":"1","XR":"1","WQ":"1","VR":"1","WR":"1","WV":"1"},"QQ":{"97":"1","96":"1","C7":"1"},"CV":{"WM":"1","XJ":"1","WJ":"1","XM":"1"},"PQ":{"7P":"1"},"HV":{"FG":"1","CG":"1"},"GR":{"4P":"1","3P":"1"},"8W":{"XP":"1","WP":"1"},"H2":{"5X":"1","5W":"1","4X":"1"}},"M7":{"JF":{"6Q":"1","5P":"1","6P":"1"}},"62":{"C2":{"R5":"1","Q5":"1"}}}}