{"index":{"university,1|retail,2|tourism,3|wreck,4|historical,5|artsCulture,6|namedBuilding,7|water,8|wetland,9|park,10|beach,11|natureReserve,12|cemetery,13|trail,14":{}},"6R":{"5F":{"RG":{"3V":"1","4V":"1"}},"57":{"VC":{"32":"1","W9":"1","W8":"1","V8":"1","W7":"1","V9":"1","42":"1"},"X9":{"2M":"1","2J":"1"},"W9":{"PR":"1","QP":"1","VR":"1","RP":"1","RV":"1","VV":"1","QV":"1","QR":"1","RQ":"1","QQ":"1","VP":"1","VW":"1","RR":"1","RW":"1","VQ":"1"},"MW":{"76":"1","66":"1"},"PF":{"CM":"1","CJ":"1"},"V9":{"3X":"1","4X":"1"},"PV":{"64":"1","74":"1","44":"1","54":"1"},"QF":{"VJ":"1","VH":"1"},"RF":{"X6":"1","X7":"1","W7":"1","W6":"1","X5":"1"},"FH":{"MC":"1","PC":"1"}},"59":{"9R":{"PM":"1","JM":"1","HH":"1","HJ":"1","JH":"1","PJ":"1","MM":"1","JJ":"1","MJ":"1"},"9V":{"W3":"1","X3":"1"},"82":{"M4":"1","Q6":"1","R2":"1","Q5":"1","Q2":"1","P5":"1","Q4":"1","P3":"1","J2":"1","R3":"1","G2":"1","Q3":"1","P4":"1","M2":"1","M3":"1","P6":"1","H2":"1","P2":"1"},"CR":{"29":"1","39":"1","38":"1"},"72":{"H9":"1","J9":"1","PH":"1","MG":"1","W4":"1","G9":"1","W3":"1","V3":"1","MF":"1","H8":"1","QG":"1","G8":"1","V4":"1","PG":"1","J8":"1","PF":"1","QF":"1","MH":"1","QH":"1"}},"29":{"H5":{"VC":"1","RF":"1","PH":"1","W9":"1","PC":"1","R9":"1","MG":"1","RG":"1","JH":"1","WF":"1","WC":"1","RH":"1","VF":"1","V9":"1","MF":"1","QG":"1","WG":"1","PG":"1","RC":"1","R8":"1","PF":"1","Q9":"1","JG":"1","QC":"1","V8":"1","QF":"1","MH":"1","QH":"1"},"J7":{"43":"1","45":"1","24":"1","26":"1","25":"1","46":"1","33":"1","44":"1","35":"1","34":"1","23":"1","36":"1"},"G6":{"C3":"1","C4":"1","W5":"1","C5":"1","F5":"1","F4":"1","F3":"1"},"H4":{"3V":"1","4W":"1","4V":"1","3W":"1","5W":"1"},"G5":{"FW":"1","FV":"1","CW":"1","7H":"1","6H":"1","7J":"1","CR":"1","FR":"1","CV":"1","6J":"1"},"J5":{"47":"1"},"H7":{"VC":"1","XC":"1","X5":"1","RF":"1","XG":"1","R9":"1","WH":"1","RG":"1","X4":"1","WF":"1","WC":"1","RH":"1","XH":"1","VF":"1","V9":"1","VH":"1","XF":"1","WG":"1","RC":"1","X3":"1","VG":"1"}},"77":{"3Q":{"6H":"1","7F":"1","7H":"1","7G":"1","6G":"1"}},"64":{"3X":{"R3":"1","V3":"1","R4":"1","V4":"1","R2":"1","V2":"1"},"5X":{"C9":"1"},"4X":{"F7":"1","C8":"1","F8":"1","C7":"1"}},"25":{"CQ":{"36":"1","46":"1"}},"7H":{"JX":{"XX":"1","WX":"1"}},"8J":{"RJ":{"32":"1","22":"1"}},"93":{"87":{"F9":"1"}},"48":{"RJ":{"4R":"1"},"QJ":{"WG":"1","WH":"1","WF":"1","VG":"1","VF":"1","RG":"1","RF":"1","VH":"1","RH":"1"}},"66":{"5F":{"X4":"1"},"5H":{"3M":"1"},"46":{"GQ":"1","HQ":"1","HM":"1","HP":"1","GP":"1","JC":"1","GJ":"1","HJ":"1","GM":"1"},"56":{"4J":"1"},"3R":{"4P":"1","3M":"1","3Q":"1","4Q":"1","5P":"1","4M":"1","5M":"1","3P":"1"}},"6H":{"XX":{"92":"1","93":"1"}},"6G":{"GC":{"W5":"1","W6":"1","V5":"1","V6":"1"},"HG":{"64":"1","53":"1","44":"1","52":"1","54":"1","43":"1","63":"1"}},"7J":{"M7":{"3H":"1","3J":"1"},"RF":{"29":"1","2C":"1"},"H6":{"FQ":"1","9R":"1","CQ":"1","FR":"1","FP":"1","CR":"1","CV":"1","GR":"1","FV":"1"},"H3":{"5Q":"1","4R":"1","5R":"1","4Q":"1"},"M6":{"X9":"1","X8":"1","W8":"1"},"Q2":{"76":"1","66":"1","75":"1","65":"1"},"J7":{"PR":"1","X5":"1","W4":"1","X4":"1","RV":"1","QV":"1","QR":"1","W5":"1","RR":"1","PV":"1"},"J2":{"X5":"1","W7":"1","W2":"1","W6":"1","X7":"1","X6":"1","W4":"1","X4":"1","W3":"1","V3":"1","X2":"1","X8":"1","W5":"1","X3":"1","V2":"1"},"M8":{"45":"1","44":"1","54":"1","55":"1"},"Q3":{"FG":"1","CF":"1","CG":"1","9G":"1"},"M2":{"22":"1","24":"1","26":"1","25":"1","27":"1","33":"1","35":"1","34":"1","23":"1","36":"1"},"QF":{"X9":"1","XC":"1"},"P2":{"PM":"1","QJ":"1","PJ":"1","QM":"1"}},"58":{"Q6":{"92":"1"},"Q5":{"9X":"1","9W":"1","CX":"1","8X":"1","CW":"1","8W":"1"},"7X":{"RX":"1","RW":"1","PW":"1","QW":"1","VX":"1","QX":"1","PX":"1"},"9V":{"9V":"1","CW":"1","CV":"1"},"8X":{"2Q":"1","JV":"1","HF":"1","FR":"1","HV":"1","JW":"1","4P":"1","HX":"1","GC":"1","MX":"1","GF":"1","4Q":"1","2R":"1","FX":"1","HR":"1","RW":"1","CQ":"1","QX":"1","GV":"1","GX":"1","FW":"1","JR":"1","GW":"1","MR":"1","CV":"1","FV":"1","HC":"1","9R":"1","3V":"1","PW":"1","GR":"1","MV":"1","HW":"1","GQ":"1","9Q":"1","3Q":"1","3P":"1","FQ":"1","QW":"1","JX":"1","3R":"1","RX":"1","CR":"1","PX":"1","MW":"1","PV":"1"},"7W":{"XW":"1","XV":"1","XX":"1"},"8W":{"2V":"1","2X":"1","2M":"1","4J":"1","2W":"1","3J":"1","4M":"1","3M":"1"}},"55":{"VM":{"C3":"1","92":"1","93":"1","C2":"1"}},"9H":{"3C":{"FM":"1","CM":"1","9P":"1","FP":"1","CP":"1"},"55":{"HJ":"1","JH":"1","JJ":"1"}},"92":{"9M":{"R5":"1","Q6":"1","R6":"1","Q5":"1","V5":"1"},"CM":{"86":"1","72":"1","63":"1","73":"1","65":"1","64":"1","84":"1","93":"1","75":"1","83":"1","66":"1","82":"1","92":"1","F2":"1","C6":"1","95":"1","C3":"1","C2":"1","96":"1","76":"1","74":"1","85":"1","C5":"1","C4":"1","94":"1"},"CF":{"MW":"1","MX":"1","PW":"1","PX":"1"},"CJ":{"9G":"1","CG":"1","8X":"1","9J":"1","HF":"1","H9":"1","CW":"1","9H":"1","HG":"1","GC":"1","G9":"1","GF":"1","CF":"1","FH":"1","F9":"1","FC":"1","F8":"1","FG":"1","7X":"1","HC":"1","CC":"1","GG":"1","CJ":"1","CX":"1","FF":"1","9W":"1","G8":"1","8W":"1","9X":"1","CH":"1"},"CG":{"V5":"1"}},"2X":{"PJ":{"8G":"1","5F":"1","7G":"1","7C":"1","6G":"1","6H":"1","7F":"1","6F":"1","5H":"1","6C":"1","5G":"1"}},"5H":{"X2":{"M4":"1","P4":"1","P3":"1","M3":"1"}},"9G":{"CF":{"9M":"1","8P":"1","9P":"1","8M":"1"}},"85":{"CJ":{"H8":"1","H9":"1","FC":"1","8F":"1","G9":"1","G7":"1","F7":"1","GC":"1","J8":"1","F8":"1","9G":"1","F9":"1","8G":"1","G8":"1","H7":"1","9F":"1"}},"RW":{"W5":{"64":"1","65":"1","53":"1","54":"1","56":"1","55":"1","63":"1"}},"4V":{"44":{"7J":"1"}},"67":{"QQ":{"VC":"1","FQ":"1","GQ":"1","HW":"1","W9":"1","9W":"1","HR":"1","WF":"1","GV":"1","FR":"1","9V":"1","RC":"1","WC":"1","VF":"1","V9":"1","RF":"1","GR":"1","8W":"1","HV":"1","FV":"1"},"QJ":{"2G":"1","3F":"1","2F":"1"},"WQ":{"CQ":"1","4F":"1","FM":"1","5F":"1","CM":"1","4C":"1","3F":"1","9P":"1","CP":"1","FP":"1","9Q":"1","3C":"1","3G":"1","4G":"1"},"PJ":{"XF":"1"}}}}