{"73":{"H2":{"XJ":{"93":"1","83":"1","82":"1","92":"1","95":"1","C3":"1","C2":"1","C5":"1","C4":"1","94":"1"}},"H4":{"J3":{"VC":"1","PG":"1","WF":"1","VG":"1","RC":"1","WC":"1","QC":"1","VF":"1","QH":"1","QG":"1","QF":"1","RG":"1","RF":"1","VH":"1","RH":"1"},"77":{"VR":"1","WR":"1"},"84":{"9M":"1","CH":"1","FJ":"1","CJ":"1","CG":"1","FH":"1","9J":"1","6P":"1"},"75":{"XH":"1","VQ":"1","CW":"1","W2":"1","XM":"1","XG":"1","RQ":"1","FX":"1","RJ":"1","RW":"1","QR":"1","QV":"1","WM":"1","XJ":"1","VR":"1","WP":"1","XP":"1","RR":"1","RP":"1","RM":"1","WH":"1","VJ":"1","RV":"1","WG":"1","CX":"1","9W":"1","VH":"1","WJ":"1","QW":"1","QQ":"1","WQ":"1","9X":"1","VP":"1","VM":"1"},"92":{"V7":"1","W8":"1","R7":"1","R9":"1","V8":"1","W7":"1","V9":"1","R8":"1"},"96":{"H8":"1","H9":"1","M8":"1","G9":"1","M7":"1","J7":"1","J8":"1","J9":"1","G8":"1"},"76":{"C3":"1","92":"1","F2":"1","82":"1","C2":"1"},"85":{"3Q":"1","4P":"1","4Q":"1","2H":"1","3P":"1","2P":"1","2Q":"1","2J":"1","2M":"1","5Q":"1","3M":"1"},"C5":{"4P":"1","5P":"1","4Q":"1","6Q":"1","5M":"1","6P":"1","5Q":"1","6M":"1"}},"F6":{"MW":{"X9":"1","W8":"1","XC":"1","X5":"1","W7":"1","W6":"1","W9":"1","V6":"1","X7":"1","X6":"1","WC":"1","V5":"1","X8":"1","W5":"1"},"PW":{"4H":"1","29":"1","26":"1","38":"1","25":"1","28":"1","3C":"1","46":"1","3H":"1","27":"1","2J":"1","49":"1","35":"1","4J":"1","39":"1","3J":"1","2C":"1","37":"1","2F":"1","36":"1"}},"H3":{"9W":{"5W":"1","3V":"1","5X":"1","4R":"1","3W":"1","4W":"1","3R":"1","5V":"1","4X":"1","4V":"1","5R":"1"}},"G5":{"VG":{"VC":"1","Q9":"1","RC":"1","R9":"1","QC":"1","Q8":"1","V9":"1","QG":"1","QF":"1","RF":"1","R8":"1"}}},"index":{"university,1|retail,2|tourism,3|wreck,4|historical,5|artsCulture,6|namedBuilding,7|water,8|wetland,9|park,10|beach,11|natureReserve,12|cemetery,13|trail,14":{}}}