{"index":{"university,1|retail,2|tourism,3|wreck,4|historical,5|artsCulture,6|namedBuilding,7|water,8|wetland,9|park,10|beach,11|natureReserve,12|cemetery,13|trail,14":{}},"75":{"FV":{"GW":{"HF":"1","GC":"1","HC":"1","GF":"1"},"JQ":{"Q2":"1","Q3":"1","P3":"1"},"FW":{"FG":"1","HG":"1","GG":"1","GH":"1","FH":"1","FF":"1","CG":"1","HF":"1"},"W2":{"VX":"1"},"FX":{"4X":"1"},"H3":{"PQ":"1"},"HG":{"XG":"1","XF":"1"},"77":{"9V":"1"},"9W":{"VV":"1","VR":"1","WR":"1","WV":"1"},"X7":{"MW":"1","JX":"1","MX":"1","JW":"1","MR":"1","JR":"1","JV":"1","MV":"1"},"WQ":{"8V":"1","7V":"1","8R":"1"},"WM":{"X9":"1"},"W4":{"FC":"1"},"W3":{"M4":"1"},"XM":{"28":"1","29":"1","4X":"1"},"3H":{"WR":"1","WQ":"1","VR":"1","RV":"1","VV":"1","WV":"1","VW":"1","RW":"1","WW":"1","VQ":"1"},"V5":{"Q8":"1"},"4J":{"7F":"1","8F":"1","7G":"1","8G":"1"},"JG":{"7F":"1","8F":"1","7C":"1","8C":"1"},"CX":{"H2":"1","G2":"1","G3":"1","H3":"1","M9":"1","J9":"1"},"JW":{"MR":"1","PR":"1","PV":"1","MV":"1"},"3J":{"QR":"1","8V":"1","7V":"1"}},"VW":{"VV":{"FC":"1","FF":"1"},"2J":{"4R":"1"},"WQ":{"MM":"1","PR":"1","WQ":"1","RV":"1","QV":"1","QR":"1","QC":"1","QW":"1","RR":"1","PV":"1","PW":"1"},"3F":{"F4":"1","H3":"1","G4":"1","F3":"1","G2":"1","92":"1","F2":"1","G3":"1","C2":"1","C3":"1","H4":"1","H2":"1"},"WR":{"2M":"1","2J":"1","3J":"1"}},"9V":{"XQ":{"RH":"1","C9":"1","6R":"1","C7":"1","F9":"1","6Q":"1","FC":"1","F8":"1","MR":"1","PW":"1","CC":"1","F7":"1","99":"1","MV":"1","C8":"1","6W":"1","5R":"1","98":"1","MW":"1","PX":"1","PV":"1"}},"QR":{"HJ":{"4F":"1","5F":"1","4H":"1","GG":"1","5J":"1","4P":"1","3F":"1","5P":"1","3H":"1","5H":"1","4J":"1","5M":"1","3J":"1","3G":"1","4M":"1","5G":"1","4G":"1"},"GF":{"XP":"1","X6":"1","X8":"1","X7":"1"},"VC":{"X2":"1","W2":"1","V2":"1"},"QP":{"FG":"1","FF":"1"},"JJ":{"5F":"1","7H":"1","6F":"1","7G":"1","5G":"1","6G":"1"},"HG":{"XQ":"1","42":"1","2J":"1","2M":"1","M2":"1","XR":"1","P2":"1"},"GG":{"XG":"1","XF":"1","XJ":"1","RV":"1","XH":"1","XM":"1"},"GH":{"M7":"1","M4":"1","H7":"1","7X":"1","H6":"1","Q6":"1","P8":"1","P5":"1","P3":"1","J7":"1","M5":"1","J6":"1","M8":"1","J8":"1","P4":"1","Q7":"1","P7":"1","M3":"1"},"GM":{"HH":"1","R5":"1","MJ":"1","M8":"1","Q4":"1","H9":"1","JW":"1","HG":"1","G9":"1","GC":"1","PQ":"1","MX":"1","R3":"1","MG":"1","Q5":"1","PR":"1","M9":"1","HJ":"1","MR":"1","JH":"1","HC":"1","Q3":"1","H8":"1","MC":"1","J8":"1","G8":"1","JX":"1","MH":"1","R4":"1","J9":"1","JJ":"1","JG":"1","MQ":"1","JC":"1"},"GJ":{"M4":"1","72":"1","73":"1","J3":"1","H3":"1","J4":"1","93":"1","83":"1","82":"1","92":"1","G8":"1","M3":"1","H4":"1"},"V9":{"XW":"1","RW":"1","VX":"1","XX":"1","WX":"1","WW":"1","WV":"1","VW":"1"},"G8":{"4W":"1","4V":"1","5X":"1","5W":"1","4X":"1"},"GQ":{"M4":"1","PG":"1","C9":"1","P4":"1","C6":"1","MF":"1","C8":"1","F6":"1","PF":"1","F8":"1","F9":"1","C5":"1","F5":"1"},"HH":{"H9":"1","H3":"1","4R":"1","GC":"1","HC":"1","2H":"1","G9":"1","H8":"1","G2":"1","G8":"1","2J":"1","G3":"1","G7":"1","5V":"1","3J":"1","5R":"1","H2":"1"},"JG":{"2R":"1","2Q":"1"},"JF":{"Q9":"1","6R":"1","R9":"1","QC":"1"},"QX":{"6Q":"1","6R":"1","7Q":"1","7P":"1","6M":"1","7R":"1","7M":"1","6P":"1"},"HF":{"7R":"1","CW":"1","26":"1","4P":"1","38":"1","5P":"1","PX":"1","28":"1","6Q":"1","3P":"1","MX":"1","27":"1","2P":"1","2Q":"1","7Q":"1","2M":"1","6P":"1","5Q":"1","QW":"1","QX":"1","37":"1","PW":"1","6R":"1","4M":"1","3M":"1","36":"1"}},"CQ":{"WW":{"9H":"1","CH":"1"}},"XG":{"R8":{"FC":"1","GC":"1","G9":"1","F9":"1","CF":"1","C9":"1","CC":"1","FF":"1"}},"W9":{"VX":{"5G":"1"}},"PQ":{"28":{"H7":"1","G5":"1","FC":"1","H9":"1","F5":"1","GC":"1","HC":"1","G9":"1","J7":"1","F9":"1","H8":"1","G8":"1","CC":"1","7V":"1","JV":"1","8V":"1","JR":"1"},"29":{"X9":"1","W8":"1","M4":"1","XC":"1","J3":"1","W9":"1","P8":"1","J4":"1","P3":"1","J2":"1","P4":"1","X8":"1","M2":"1","P7":"1","M3":"1","P2":"1"},"39":{"29":"1","5J":"1","5P":"1","28":"1","3C":"1","2Q":"1","5M":"1","6P":"1","6M":"1","2C":"1","4M":"1"},"C8":{"R2":"1","V2":"1"},"27":{"4W":"1","4R":"1","5R":"1","4V":"1","5V":"1","5X":"1","5W":"1","4X":"1"},"F9":{"F9":"1"},"C7":{"RX":"1","VX":"1"}},"CX":{"FC":{"C9":"1","76":"1","77":"1"},"98":{"4H":"1"}},"FX":{"5W":{"R5":"1","Q6":"1","R6":"1"},"FG":{"43":"1","33":"1"},"FM":{"36":"1","45":"1","35":"1","46":"1"},"CM":{"RQ":"1","QQ":"1","QP":"1","RP":"1","PP":"1","QM":"1"},"MF":{"FQ":"1","CQ":"1","FR":"1","9P":"1","CR":"1","V3":"1","CP":"1"},"CJ":{"HJ":"1","JQ":"1","RJ":"1","GM":"1","RH":"1","HR":"1","GJ":"1","QJ":"1","HM":"1","QW":"1","JR":"1","QH":"1"},"MC":{"JP":"1","HG":"1","PQ":"1","HH":"1","MQ":"1","JQ":"1"},"FH":{"MX":"1","PX":"1"},"PF":{"6J":"1","5P":"1","6M":"1","5M":"1","5J":"1","6P":"1"},"R5":{"VJ":"1","VM":"1"},"2W":{"WX":"1"},"CX":{"7J":"1","8P":"1","8Q":"1","7P":"1","7M":"1"},"QX":{"R3":"1"},"6V":{"Q9":"1","Q8":"1"}},"HP":{"8X":{"8P":"1"},"MJ":{"V5":"1"},"XV":{"23":"1","42":"1"},"2Q":{"Q2":"1","W5":"1","R3":"1"},"WR":{"VR":"1","VW":"1"},"MM":{"QV":"1","RV":"1","9C":"1"},"FR":{"X2":"1","W2":"1","RC":"1","M3":"1"},"XW":{"QR":"1"},"PG":{"W6":"1"},"8R":{"J9":"1"},"PQ":{"P9":"1","MG":"1","MF":"1","PG":"1","R8":"1","PF":"1","M9":"1","Q8":"1","94":"1"},"5V":{"G7":"1","F7":"1","F6":"1","M5":"1","H7":"1"},"RQ":{"4W":"1","5R":"1","5P":"1","7W":"1","5W":"1","6P":"1"},"FX":{"5C":"1"},"WV":{"W2":"1"},"HR":{"RG":"1"},"RJ":{"H5":"1"},"RW":{"PM":"1"},"WW":{"RC":"1"},"FW":{"J2":"1"},"XJ":{"V7":"1"},"MR":{"6V":"1"},"WC":{"9H":"1","8H":"1","9G":"1","8G":"1"},"XQ":{"48":"1"},"WP":{"Q6":"1","P2":"1","R6":"1","X3":"1","P4":"1","V3":"1","R2":"1","V2":"1"},"PW":{"GR":"1"},"PJ":{"5W":"1"},"RR":{"F7":"1","C6":"1","F6":"1","95":"1","96":"1","C5":"1","F5":"1","C7":"1"},"GR":{"22":"1"},"GQ":{"2X":"1"},"QP":{"X5":"1"},"FQ":{"XX":"1","WX":"1"},"WQ":{"RC":"1"},"3R":{"X2":"1"},"GP":{"M8":"1","P8":"1","M7":"1","W8":"1","J8":"1","V8":"1","P7":"1"},"VP":{"CF":"1"},"PX":{"PV":"1"},"PV":{"C5":"1"}},"MG":{"37":{"HM":"1","JM":"1","HJ":"1","JJ":"1","2Q":"1","2P":"1"},"38":{"44":"1"},"27":{"XP":"1"}},"JP":{"9G":{"WR":"1"},"CG":{"2R":"1"},"FR":{"GH":"1"},"9M":{"VW":"1"},"HP":{"3J":"1"},"4M":{"JW":"1"},"9H":{"HJ":"1","MM":"1"},"JM":{"Q9":"1","P9":"1"},"RW":{"P9":"1"},"PR":{"29":"1"},"2J":{"3V":"1"},"F8":{"28":"1"},"FJ":{"RQ":"1","QP":"1","QJ":"1","WQ":"1","WR":"1","WV":"1"},"3V":{"3M":"1"},"GG":{"3Q":"1"},"RM":{"9V":"1"},"4W":{"V3":"1"},"FF":{"4C":"1"},"69":{"F2":"1"},"9F":{"96":"1"},"3Q":{"WM":"1"},"GM":{"F4":"1"},"HM":{"R4":"1"},"98":{"JQ":"1"},"CH":{"39":"1"},"5M":{"QH":"1"},"PM":{"J8":"1"}},"HQ":{"36":{"Q2":"1"},"34":{"QQ":"1"},"G4":{"73":"1","57":"1","28":"1","36":"1","29":"1","66":"1","62":"1","75":"1","45":"1","65":"1","53":"1","F7":"1","44":"1","GC":"1","C6":"1","54":"1","43":"1","35":"1","46":"1","34":"1","95":"1","67":"1","63":"1","MJ":"1","98":"1","42":"1","33":"1"},"6C":{"8J":"1"},"3F":{"2M":"1"},"8X":{"9R":"1","9Q":"1"},"2V":{"93":"1"},"P9":{"63":"1"},"43":{"X2":"1"},"C5":{"XQ":"1","XR":"1"},"F6":{"92":"1"},"3C":{"GH":"1"},"G7":{"4Q":"1"},"C3":{"VV":"1","VX":"1"},"4P":{"8Q":"1"},"X9":{"X2":"1"},"4M":{"25":"1"},"92":{"7C":"1"},"W2":{"GR":"1"},"3W":{"4V":"1"},"MF":{"J3":"1","H3":"1"},"4H":{"3C":"1","37":"1","27":"1"},"9V":{"Q7":"1"},"Q7":{"94":"1"},"QV":{"VG":"1"},"63":{"RX":"1","VX":"1","MR":"1"},"64":{"P2":"1","H8":"1","M8":"1","M7":"1","J7":"1","J8":"1","J9":"1","C2":"1","H7":"1"},"V7":{"5R":"1"},"F4":{"H4":"1","R5":"1","J6":"1","W6":"1","W3":"1","Q4":"1","MM":"1","HP":"1","GJ":"1","X9":"1","V6":"1","V3":"1","R3":"1","FX":"1","JM":"1","V5":"1","CQ":"1","Q5":"1","24":"1","HJ":"1","P7":"1","W4":"1","HW":"1","CX":"1","Q8":"1","GM":"1","H5":"1","W5":"1","V4":"1","P4":"1","HM":"1","Q6":"1","R4":"1","JP":"1","GP":"1","P8":"1","R6":"1"},"G3":{"8V":"1","JX":"1","4Q":"1","6X":"1","4V":"1","5X":"1","CW":"1","6W":"1"},"F8":{"8W":"1"},"2J":{"MC":"1","P8":"1","MH":"1","MG":"1","M9":"1","MJ":"1"},"3G":{"28":"1","29":"1"},"59":{"4F":"1","6G":"1"},"2G":{"X6":"1"},"3H":{"M5":"1"},"C4":{"F4":"1","HW":"1","G4":"1","F3":"1","X4":"1","H5":"1","G2":"1","F2":"1","G3":"1","JW":"1","GR":"1","GX":"1","HX":"1","JX":"1"},"66":{"9W":"1","4Q":"1"},"G5":{"2H":"1"},"5P":{"8V":"1"},"VX":{"GQ":"1"},"H7":{"MX":"1"},"X6":{"WP":"1"},"F3":{"XR":"1","XM":"1"},"8F":{"JG":"1"},"F5":{"9W":"1","R7":"1","2Q":"1","F2":"1","C2":"1","R8":"1","Q7":"1","R6":"1","2R":"1"},"8C":{"P6":"1"},"WF":{"CQ":"1"},"H5":{"M8":"1","P8":"1","P7":"1"},"M5":{"75":"1"},"MW":{"XC":"1"},"H2":{"F8":"1"}},"GW":{"MM":{"X4":"1","33":"1"},"4F":{"2G":"1","2F":"1"},"WP":{"W5":"1","W4":"1","V5":"1"},"MJ":{"WP":"1","M4":"1","R2":"1","WQ":"1","Q4":"1","P3":"1","R4":"1","R3":"1","Q3":"1","P4":"1","VP":"1","M3":"1","VQ":"1"},"PM":{"V8":"1"},"4R":{"H8":"1","HW":"1","RX":"1","RW":"1","C6":"1","QW":"1","JW":"1","97":"1","J8":"1","RC":"1","QX":"1","JV":"1","96":"1","HV":"1","F4":"1","C7":"1","PX":"1"},"3F":{"XG":"1","XF":"1"},"WH":{"WC":"1","H3":"1"},"XP":{"H9":"1","76":"1","M8":"1","G9":"1","HC":"1","77":"1"},"P3":{"C4":"1","F4":"1"},"VF":{"FF":"1","CF":"1"},"9Q":{"XG":"1","WH":"1","XV":"1","XH":"1","XX":"1","WX":"1","WG":"1","XW":"1","WW":"1"},"CF":{"Q4":"1","Q3":"1","R3":"1","V3":"1","R4":"1"},"CR":{"22":"1"},"C8":{"RX":"1","RW":"1","VX":"1","VW":"1"},"QM":{"29":"1","38":"1","28":"1","3C":"1","27":"1","49":"1","39":"1","2C":"1","37":"1"},"X2":{"R7":"1"},"HQ":{"G8":"1"},"GR":{"45":"1","44":"1","54":"1","55":"1"},"4V":{"Q2":"1","R2":"1"},"9R":{"X2":"1","QH":"1","QG":"1","RG":"1","RH":"1"},"P2":{"GP":"1","JQ":"1","VR":"1","MQ":"1","VV":"1","MR":"1","JV":"1","HQ":"1","JR":"1","HP":"1","VW":"1","HV":"1","RW":"1"},"6V":{"9X":"1"}},"VG":{"4G":{"2W":"1","2V":"1"},"F2":{"9R":"1","8V":"1","9V":"1","8R":"1"},"3H":{"FC":"1","FF":"1","82":"1","M3":"1","72":"1"},"3G":{"5W":"1","8X":"1","3Q":"1","5X":"1","4R":"1","4P":"1","4Q":"1","4W":"1","3R":"1","4X":"1"},"G2":{"MR":"1","PQ":"1","PR":"1","MQ":"1"},"2G":{"VX":"1","XX":"1","WX":"1","RX":"1","QW":"1","VW":"1","RW":"1","XW":"1","WW":"1"},"G3":{"M4":"1","H7":"1","J3":"1","HG":"1","J4":"1","M5":"1","H8":"1","F8":"1","G8":"1","C8":"1","G7":"1","M3":"1","HF":"1","C7":"1","J5":"1","F7":"1"},"F3":{"X6":"1","M8":"1","X7":"1","W7":"1","W6":"1"}},"HV":{"4X":{"FQ":"1"},"VQ":{"C3":"1","C4":"1","72":"1"},"J2":{"92":"1"},"6M":{"XC":"1","R9":"1","WC":"1","VF":"1"},"7M":{"CQ":"1","FM":"1","7H":"1","7G":"1","FQ":"1","6G":"1","CJ":"1","FJ":"1","CR":"1","FR":"1","9R":"1"},"XM":{"FM":"1","74":"1","7X":"1","43":"1","35":"1"},"2R":{"5J":"1"},"QG":{"JM":"1","JJ":"1"},"WV":{"6C":"1"},"RJ":{"VX":"1","PX":"1","RX":"1","QW":"1","QX":"1","VW":"1","RW":"1","PW":"1"},"RW":{"6C":"1"},"5G":{"9R":"1","CM":"1","8P":"1","79":"1"},"2H":{"GR":"1"},"R7":{"RJ":"1","WH":"1","WF":"1","WJ":"1"},"QX":{"4G":"1"},"58":{"26":"1"},"VG":{"JM":"1"},"PR":{"JQ":"1"},"GH":{"G7":"1","G6":"1"},"V7":{"FW":"1","FX":"1"},"WM":{"J6":"1","9J":"1","8P":"1","9M":"1","HV":"1","JW":"1","5J":"1","6M":"1","7M":"1","6P":"1","6H":"1","4R":"1","5G":"1","QX":"1","7J":"1","F9":"1","6J":"1","8J":"1","6Q":"1","M6":"1","GW":"1","7P":"1","FV":"1","5P":"1","8H":"1","5Q":"1","9P":"1","5H":"1","7H":"1","J5":"1","7Q":"1","JX":"1","M5":"1","RX":"1","8M":"1","5M":"1"},"2J":{"G2":"1"},"XJ":{"8V":"1","8X":"1"},"WP":{"Q2":"1","P3":"1","82":"1","46":"1","R3":"1","24":"1","8G":"1","R2":"1"},"54":{"M8":"1","HC":"1"},"XP":{"JX":"1","G7":"1","H6":"1","G6":"1","X5":"1","H7":"1"},"W7":{"9X":"1","8X":"1"},"CC":{"MP":"1","JF":"1"},"RR":{"QR":"1","R6":"1","QM":"1"},"RP":{"43":"1","W2":"1","54":"1","P8":"1","42":"1","F9":"1","R4":"1","C9":"1","F8":"1","G8":"1","C8":"1","44":"1","G7":"1","Q7":"1","53":"1","C7":"1","F7":"1"},"76":{"79":"1"},"RM":{"XQ":"1","XM":"1"},"MV":{"GM":"1"},"29":{"4G":"1"},"X8":{"63":"1"},"VJ":{"XW":"1","XV":"1","VX":"1","WX":"1","WW":"1"},"GQ":{"J6":"1","J2":"1","J4":"1","H2":"1","J3":"1","H3":"1","J5":"1","H7":"1"},"QP":{"V6":"1","G4":"1","R4":"1","V5":"1","V4":"1","V7":"1","R6":"1","R5":"1"},"PP":{"FF":"1","CF":"1"},"MC":{"H8":"1","C6":"1","G5":"1"},"3P":{"C8":"1","F8":"1"},"G8":{"RR":"1"},"WJ":{"WX":"1"},"QJ":{"4C":"1"},"WQ":{"65":"1"},"VP":{"MM":"1","GP":"1","M4":"1","GW":"1","H9":"1","72":"1","H6":"1","63":"1","F4":"1","XG":"1","JJ":"1","J3":"1","Q6":"1","HW":"1","G4":"1","P8":"1","VR":"1","84":"1","J4":"1","M6":"1","Q5":"1","FQ":"1","MP":"1","GM":"1","P5":"1","WF":"1","XH":"1","J2":"1","F9":"1","H8":"1","9H":"1","3H":"1","FR":"1","Q3":"1","GQ":"1","WX":"1","HM":"1","J8":"1","P4":"1","QQ":"1","Q9":"1","6W":"1","HQ":"1","HP":"1","X3":"1","M3":"1","GR":"1","P6":"1","JM":"1","PP":"1","XW":"1","J5":"1","WW":"1","VQ":"1","Q8":"1","94":"1"},"VM":{"45":"1","F4":"1","54":"1","HW":"1","XJ":"1","WH":"1","F5":"1","XP":"1","69":"1","VH":"1","FJ":"1","55":"1","3P":"1","2J":"1","2M":"1","44":"1","JP":"1","R5":"1","6W":"1","JV":"1","PJ":"1","CX":"1","9C":"1","VG":"1","4X":"1","3J":"1","PP":"1","GX":"1","3M":"1","JX":"1"},"R6":{"7J":"1","8J":"1","7H":"1","8H":"1"}},"PJ":{"RJ":{"FC":"1","H9":"1","65":"1","GC":"1","HC":"1","G9":"1","F9":"1","H8":"1","55":"1","C9":"1","F8":"1","G8":"1","C8":"1","52":"1"},"QJ":{"X9":"1","W8":"1","9V":"1","W9":"1","CW":"1","9W":"1","Q2":"1","P3":"1","9X":"1","Q3":"1","P4":"1","X8":"1","M2":"1","CV":"1","M3":"1","P2":"1"},"CQ":{"8F":"1","9C":"1","9F":"1","8C":"1"},"P8":{"X5":"1","W6":"1","X6":"1","P8":"1","V5":"1","Q7":"1","W5":"1","P7":"1","Q8":"1"},"VJ":{"7X":"1","6X":"1","7W":"1","6W":"1"},"Q8":{"83":"1","26":"1","25":"1"},"QH":{"QX":"1","PX":"1"},"QG":{"HW":"1","JX":"1","HX":"1","JW":"1","H4":"1","H3":"1"},"VM":{"43":"1","72":"1","63":"1","73":"1","54":"1","62":"1","64":"1","55":"1","44":"1","74":"1","53":"1","52":"1"},"RH":{"9V":"1","2G":"1","59":"1","29":"1","9W":"1","5X":"1","38":"1","47":"1","28":"1","2H":"1","48":"1","69":"1","68":"1","3H":"1","27":"1","2J":"1","2M":"1","79":"1","39":"1","78":"1","3J":"1","3G":"1","5C":"1","3M":"1"}},"FP":{"QQ":{"C2":"1"},"WP":{"MV":"1"},"GX":{"F7":"1"},"WQ":{"P5":"1"},"HV":{"QF":"1"}},"JG":{"W4":{"6Q":"1","5F":"1","4G":"1","5Q":"1","4F":"1","5G":"1"},"V3":{"WP":"1"}},"MV":{"65":{"32":"1","23":"1","22":"1","24":"1","33":"1"},"54":{"H8":"1","H9":"1","WX":"1"},"55":{"X2":"1","W3":"1","X3":"1","W2":"1","X4":"1","W4":"1","V3":"1"}},"FR":{"46":{"FG":"1"},"7J":{"24":"1","59":"1"},"H5":{"3W":"1"},"34":{"MM":"1"},"MG":{"98":"1","86":"1","75":"1","WC":"1","96":"1","VJ":"1","76":"1","87":"1","97":"1","85":"1"},"MH":{"9W":"1"},"Q2":{"JF":"1"},"9C":{"PC":"1"},"M2":{"X8":"1","V9":"1"},"96":{"C2":"1"},"95":{"7G":"1"},"77":{"3F":"1","2Q":"1","7F":"1","G7":"1","5J":"1","V3":"1","6G":"1","84":"1","6H":"1","4R":"1","5G":"1","F8":"1","3G":"1","2W":"1","85":"1","F7":"1","8H":"1","77":"1","8G":"1","7G":"1","4G":"1","7H":"1","8F":"1","75":"1","23":"1","G8":"1","2X":"1","74":"1"},"XP":{"HW":"1"},"67":{"VC":"1","M4":"1","WG":"1","X2":"1","WM":"1","X3":"1","JG":"1","P9":"1","XR":"1","W7":"1","WJ":"1","XX":"1","XH":"1","PV":"1","WW":"1","RG":"1","PJ":"1"},"J3":{"2P":"1"},"V9":{"FV":"1"},"89":{"HX":"1","JV":"1"},"86":{"9R":"1","4W":"1","GM":"1"},"33":{"47":"1"},"H3":{"XP":"1","WQ":"1"},"65":{"7X":"1","7V":"1","6X":"1","6V":"1","7W":"1","5W":"1","6W":"1"},"HJ":{"5H":"1"},"GJ":{"X4":"1"},"WX":{"FJ":"1"},"P6":{"WR":"1"},"VF":{"F3":"1"},"66":{"FJ":"1"},"PG":{"3F":"1","FR":"1","HV":"1","HX":"1","2F":"1","4M":"1","6P":"1","28":"1","GV":"1","FW":"1","3G":"1","2G":"1","CV":"1","FV":"1","5P":"1","GR":"1","HW":"1","GQ":"1","FQ":"1","FP":"1","GP":"1"},"39":{"VG":"1","VH":"1"},"9X":{"9J":"1"},"53":{"8C":"1"},"W7":{"G5":"1"},"W6":{"RW":"1"},"JH":{"HR":"1"},"78":{"76":"1","66":"1","23":"1","22":"1","67":"1"},"MM":{"R5":"1"},"FM":{"7Q":"1","8Q":"1","JM":"1","9Q":"1","7R":"1","JJ":"1"},"VC":{"M4":"1"},"69":{"W2":"1"},"QG":{"MF":"1"},"CF":{"54":"1"},"85":{"59":"1"},"68":{"W2":"1","W3":"1","XX":"1","M8":"1","WX":"1","X2":"1","X3":"1"}},"CR":{"X2":{"8W":"1"},"W3":{"7W":"1","6W":"1"},"W2":{"JG":"1"},"X7":{"X7":"1"},"X4":{"23":"1","22":"1","WC":"1"},"W4":{"7H":"1","GC":"1","7G":"1","X4":"1","G9":"1","W3":"1","6F":"1","35":"1","X2":"1","5H":"1","9C":"1","X3":"1","36":"1"},"V4":{"WP":"1","VP":"1","WM":"1","WQ":"1"},"Q7":{"5H":"1"}},"XC":{"3X":{"XX":"1","WX":"1"},"4X":{"9V":"1","2X":"1"}},"GP":{"6C":{"HW":"1"},"WX":{"C9":"1","99":"1","9C":"1","CC":"1"},"PQ":{"3G":"1","3J":"1","46":"1","4H":"1"},"XM":{"32":"1"},"CF":{"V3":"1"},"QF":{"FM":"1"},"RQ":{"52":"1","43":"1","42":"1"},"4R":{"C4":"1"},"WV":{"2F":"1"},"PR":{"92":"1"},"JQ":{"PC":"1","MG":"1","9F":"1","C9":"1","7F":"1","QM":"1","49":"1","R8":"1","RQ":"1","Q9":"1","PJ":"1"},"JR":{"R2":"1"},"MR":{"42":"1"},"2G":{"5V":"1"},"PJ":{"X9":"1"},"RR":{"F6":"1"},"RV":{"GV":"1"},"PP":{"3G":"1","J8":"1","PH":"1"},"VH":{"95":"1"},"GM":{"6P":"1"},"3P":{"82":"1"},"QQ":{"35":"1","7C":"1"},"QJ":{"28":"1"},"8M":{"7H":"1"},"QM":{"48":"1","58":"1"},"MQ":{"HJ":"1","63":"1","54":"1","77":"1","64":"1","38":"1","7M":"1","GH":"1","W3":"1","66":"1","GJ":"1","2X":"1","G3":"1","HH":"1","76":"1","53":"1","67":"1"}},"MX":{"M8":{"9X":"1","8X":"1"},"P8":{"9X":"1","7X":"1","8X":"1"},"P9":{"83":"1","73":"1","92":"1","82":"1","93":"1","C2":"1","72":"1"},"MR":{"H6":"1"},"M9":{"8F":"1","89":"1","99":"1","26":"1","9F":"1","CF":"1","C6":"1","96":"1","9C":"1","8C":"1","36":"1"},"J9":{"W5":"1","V5":"1"}},"RV":{"XW":{"MP":"1","JP":"1","MR":"1","MQ":"1"}},"HX":{"7F":{"QQ":"1"},"V7":{"9W":"1","9V":"1"},"R7":{"28":"1","27":"1"}},"PF":{"3M":{"XP":"1","XJ":"1","XM":"1"},"4J":{"RX":"1","VX":"1","QX":"1"},"4M":{"2M":"1","2P":"1","2Q":"1","4J":"1","R8":"1","JW":"1","4P":"1","XR":"1","4M":"1","R2":"1","V3":"1","3M":"1","R3":"1","3J":"1","2H":"1","CQ":"1","9V":"1","Q2":"1","2J":"1","2G":"1","CV":"1","3H":"1","XQ":"1","WP":"1","9R":"1","XP":"1","V2":"1","9Q":"1","R9":"1","3Q":"1","V8":"1","3P":"1","JX":"1","WQ":"1","CR":"1","MW":"1"},"4H":{"PG":"1","MC":"1","MF":"1","PH":"1","PF":"1","MG":"1","QF":"1","PC":"1"}},"RC":{"2J":{"4W":"1","5W":"1"}},"HR":{"2H":{"VC":"1"},"R6":{"J9":"1"},"WH":{"Q3":"1"},"2V":{"FP":"1","CP":"1"},"XC":{"J5":"1"},"27":{"7P":"1"},"M5":{"MP":"1"},"PC":{"42":"1"}},"WM":{"MW":{"8G":"1","8F":"1","GF":"1","89":"1","45":"1","FG":"1","FC":"1","57":"1","59":"1","GG":"1","56":"1","38":"1","47":"1","GC":"1","G9":"1","48":"1","7C":"1","F9":"1","69":"1","68":"1","58":"1","46":"1","27":"1","F8":"1","G8":"1","FF":"1","79":"1","9G":"1","78":"1","37":"1","5C":"1","8C":"1","6C":"1","36":"1"},"HR":{"MW":"1","PW":"1","PR":"1","PV":"1","MV":"1"},"MX":{"67":"1"},"JW":{"JG":"1","C6":"1","C8":"1","W8":"1","C5":"1","C7":"1"},"MR":{"6Q":"1","6R":"1","5Q":"1","5R":"1"},"JR":{"RX":"1"},"JV":{"4F":"1","5F":"1","R2":"1","59":"1","4C":"1","V3":"1","7C":"1","6G":"1","69":"1","R4":"1","R3":"1","6F":"1","V4":"1","5H":"1","5C":"1","V2":"1","6C":"1","5G":"1"},"PV":{"4V":"1","46":"1","48":"1","44":"1","5W":"1","88":"1","35":"1","F3":"1","C3":"1","34":"1","37":"1","4Q":"1","54":"1","57":"1","4X":"1","26":"1","25":"1","36":"1","76":"1","75":"1","5R":"1","89":"1","27":"1","55":"1","4R":"1","65":"1","G3":"1","5V":"1","6Q":"1","56":"1","C2":"1","47":"1","66":"1","45":"1","4W":"1","79":"1","6R":"1","78":"1","58":"1","5Q":"1","F2":"1"},"HV":{"QR":"1","PW":"1","PR":"1","QV":"1","PV":"1","MV":"1"}},"QW":{"9X":{"29":"1","4C":"1","38":"1","28":"1","FQ":"1","48":"1","3C":"1","GQ":"1","JP":"1","49":"1","39":"1","GR":"1","2C":"1","37":"1","2F":"1"},"CX":{"GP":"1","XG":"1","VX":"1","GV":"1","HR":"1","XF":"1","HP":"1","HV":"1","GR":"1"},"8X":{"X9":"1","XC":"1"},"FX":{"2G":"1","3F":"1","2F":"1"}},"HW":{"34":{"6H":"1"},"R5":{"MM":"1"},"49":{"5F":"1","JF":"1","HF":"1","JG":"1","GC":"1","6F":"1","4F":"1","HG":"1","6C":"1","HC":"1","5C":"1","4C":"1","GF":"1","5G":"1","59":"1","6G":"1"},"2P":{"2G":"1","9W":"1","2H":"1","RV":"1","GJ":"1","9X":"1","3H":"1","RQ":"1","RR":"1","HV":"1","3G":"1","8W":"1","VQ":"1"},"P9":{"2J":"1"},"3C":{"77":"1","5J":"1","3F":"1","7C":"1","6G":"1","69":"1","6H":"1","7F":"1","79":"1","88":"1","5H":"1","87":"1","78":"1","6C":"1","6J":"1"},"C3":{"JV":"1"},"2F":{"7X":"1","7V":"1","6V":"1","8X":"1","7W":"1","8W":"1","6W":"1"},"R2":{"WP":"1"},"92":{"4W":"1","4X":"1"},"W2":{"9P":"1","8M":"1"},"28":{"WG":"1","RJ":"1","WH":"1","WM":"1","VJ":"1","VG":"1","WJ":"1","VM":"1","VH":"1","RH":"1"},"24":{"8X":"1","9X":"1","QV":"1","7V":"1","QW":"1","PV":"1","PW":"1","6R":"1","6V":"1"},"48":{"XW":"1","3C":"1","2C":"1","3F":"1","XX":"1","WW":"1","2F":"1"},"2G":{"82":"1","72":"1"},"25":{"92":"1","82":"1"},"G6":{"4W":"1"},"X2":{"98":"1"},"82":{"VW":"1"},"56":{"FQ":"1","CQ":"1"},"VC":{"83":"1"},"83":{"VC":"1","Q2":"1","W7":"1","RF":"1","9F":"1"},"57":{"2P":"1","2Q":"1","8P":"1","9M":"1","7M":"1","2R":"1","8Q":"1","58":"1","7J":"1","8J":"1","7P":"1","9P":"1","7Q":"1","3Q":"1","3P":"1","68":"1","3R":"1","8M":"1"},"93":{"9W":"1","49":"1","27":"1","4C":"1","8R":"1"},"47":{"RJ":"1","VJ":"1","VH":"1","RH":"1"},"V9":{"R2":"1"}},"WP":{"5F":{"JX":"1"},"6H":{"89":"1","88":"1","79":"1","78":"1"},"7G":{"J6":"1","H5":"1","J4":"1","H6":"1","G6":"1","G4":"1","H4":"1","G5":"1","J5":"1"},"5G":{"P5":"1","PF":"1","M5":"1","M6":"1"}},"RG":{"X8":{"5F":"1","4G":"1","5H":"1","4F":"1","PQ":"1","PR":"1","5G":"1"},"R9":{"GW":"1","FW":"1","FV":"1","FX":"1","CW":"1","GV":"1","CG":"1","CV":"1","9G":"1","CX":"1"}},"WX":{"PG":{"6Q":"1","6R":"1","6F":"1"},"JF":{"XF":"1"}},"MQ":{"XC":{"4H":"1","5J":"1","4J":"1","5H":"1","5M":"1","3J":"1","4M":"1","3M":"1","6J":"1"},"FJ":{"M6":"1"}},"RP":{"W9":{"M4":"1","J3":"1","J4":"1","P5":"1","P3":"1","M5":"1","P4":"1","M3":"1"},"W8":{"P2":"1","Q2":"1","9V":"1","R2":"1"},"W7":{"WM":"1","RX":"1","QX":"1"}},"QH":{"FW":{"4P":"1","2H":"1","3M":"1","2G":"1","5P":"1","4M":"1","3P":"1"},"R2":{"89":"1","99":"1","86":"1","2G":"1","7P":"1","8P":"1","7M":"1","9P":"1","2H":"1","6Q":"1","7C":"1","8Q":"1","69":"1","68":"1","7Q":"1","2J":"1","2M":"1","79":"1","88":"1","87":"1","6P":"1","78":"1","3G":"1","52":"1","8C":"1","2F":"1","8M":"1"},"CW":{"XG":"1","XH":"1"},"HG":{"97":"1","87":"1","88":"1","96":"1","86":"1","98":"1"},"3W":{"RQ":"1","QQ":"1","QP":"1","MW":"1","MX":"1","RP":"1","MR":"1","MQ":"1"},"Q2":{"XG":"1","XJ":"1","WH":"1","WC":"1","WF":"1","XH":"1","XF":"1","WG":"1"},"QC":{"WM":"1","VJ":"1","WJ":"1","VM":"1"},"X3":{"39":"1"},"4X":{"9R":"1","CQ":"1","9P":"1","9Q":"1","CP":"1"},"9R":{"9X":"1","9W":"1","8X":"1","8W":"1"}},"PR":{"V8":{"75":"1","74":"1","67":"1","77":"1"}},"GX":{"HH":{"WR":"1","C5":"1","VQ":"1","V3":"1","PQ":"1","VW":"1","RQ":"1","R3":"1","WV":"1","WW":"1","QR":"1","QV":"1","JQ":"1","F4":"1","VR":"1","C4":"1","RR":"1","VX":"1","HQ":"1","RP":"1","VV":"1","RV":"1","F5":"1","QP":"1","PP":"1","23":"1","QQ":"1","22":"1","V4":"1","WQ":"1","R4":"1","VP":"1","MQ":"1"},"G4":{"X8":"1","VJ":"1","X7":"1","W8":"1","W7":"1"},"G2":{"F2":"1"},"RH":{"V8":"1"},"MJ":{"45":"1","46":"1","56":"1","55":"1"},"MM":{"MP":"1","HQ":"1","JP":"1","HP":"1","JM":"1","MM":"1","JJ":"1","JQ":"1"},"J2":{"RQ":"1"},"GJ":{"R6":"1","M2":"1"},"PG":{"HH":"1","HJ":"1","GJ":"1","JH":"1","JJ":"1","GH":"1"},"PQ":{"GX":"1","HX":"1"},"F2":{"9M":"1","CM":"1","9P":"1","CP":"1"},"PH":{"24":"1"},"PR":{"H2":"1","G2":"1"},"GH":{"X2":"1","MW":"1","X3":"1","MX":"1","JW":"1","JV":"1","MV":"1"},"M6":{"9W":"1","CX":"1","FX":"1","8W":"1"},"HJ":{"57":"1","QQ":"1","XH":"1","47":"1","W6":"1"},"H6":{"2F":"1"},"JH":{"M4":"1","5J":"1","6M":"1","6R":"1","7V":"1","8V":"1","XM":"1","VW":"1","HR":"1","GV":"1","6J":"1","7W":"1","WM":"1","M3":"1","XJ":"1","7X":"1","GR":"1","HQ":"1","VV":"1","GQ":"1","6V":"1","J4":"1","6W":"1","7R":"1","J3":"1","8W":"1","WJ":"1","9X":"1","GP":"1","5M":"1"},"W7":{"4R":"1","5R":"1","4V":"1","5V":"1","5W":"1","6W":"1"},"G5":{"8G":"1","RF":"1","QP":"1","PM":"1","VR":"1","WM":"1","PX":"1","RP":"1","RJ":"1","MP":"1","QJ":"1","QG":"1","MX":"1","MW":"1","QM":"1","RC":"1","RQ":"1","QC":"1","PJ":"1","9G":"1","RR":"1","QF":"1","PP":"1","PW":"1","VQ":"1","H4":"1","VM":"1"},"G6":{"98":"1","89":"1","99":"1","Q6":"1","59":"1","84":"1","M6":"1","Q5":"1","P5":"1","Q4":"1","7C":"1","M5":"1","69":"1","58":"1","C9":"1","XF":"1","C8":"1","CC":"1","79":"1","P4":"1","R6":"1","88":"1","74":"1","87":"1","9C":"1","97":"1","C7":"1","P6":"1","5C":"1","8C":"1","6C":"1"},"H8":{"89":"1","38":"1","48":"1","47":"1"},"M2":{"62":"1","53":"1","52":"1","63":"1"},"F5":{"R5":"1","Q6":"1","R6":"1","Q5":"1","V7":"1","R7":"1","V5":"1","V6":"1","Q7":"1"},"G8":{"Q9":"1","R9":"1","Q8":"1"},"H5":{"H9":"1","JF":"1","HF":"1","JC":"1","HC":"1","J9":"1"},"MH":{"3V":"1","4W":"1","4V":"1","5V":"1","3W":"1","5W":"1"},"9X":{"9R":"1","8V":"1","RW":"1","VV":"1","8Q":"1","9V":"1","RV":"1","9Q":"1","VW":"1","8R":"1"},"JP":{"3C":"1","4F":"1","3F":"1"},"JJ":{"4P":"1","28":"1","3C":"1","FM":"1","44":"1","38":"1","CH":"1","GP":"1","FP":"1","FJ":"1","GJ":"1","27":"1","FH":"1","GM":"1","GH":"1","3P":"1","F3":"1"},"GP":{"XG":"1","WG":"1","WF":"1","XF":"1","VF":"1","XH":"1"},"JG":{"X9":"1","QP":"1","X8":"1","W8":"1","PP":"1"}},"CV":{"2M":{"MC":"1","MF":"1"}},"JQ":{"5Q":{"Q5":"1"},"3M":{"CH":"1"},"68":{"8X":"1"},"23":{"QC":"1"},"2G":{"PV":"1"},"F6":{"WP":"1","WM":"1"},"4C":{"48":"1"},"3W":{"JP":"1"},"7G":{"Q2":"1","P2":"1"},"2F":{"34":"1"}},"XX":{"83":{"89":"1","88":"1"},"93":{"PG":"1","MH":"1","PH":"1","MG":"1"}},"VF":{"9X":{"36":"1","26":"1"},"X3":{"8J":"1","9H":"1","CJ":"1","8H":"1","9J":"1"}},"GQ":{"2P":{"J2":"1"},"HF":{"PG":"1","PF":"1"},"4J":{"JW":"1"},"8P":{"29":"1"},"95":{"JF":"1"},"3X":{"PG":"1","MG":"1"},"6R":{"5M":"1"},"CF":{"CX":"1"},"6H":{"3X":"1"},"3W":{"Q4":"1"},"55":{"JJ":"1"},"C7":{"F6":"1"},"QX":{"RW":"1"},"Q5":{"62":"1"},"WW":{"F5":"1"},"QR":{"Q2":"1"},"PR":{"RP":"1"},"GX":{"Q6":"1","X6":"1","MH":"1","X5":"1"},"HJ":{"JC":"1"},"5X":{"X3":"1"},"W7":{"2H":"1"},"G6":{"H3":"1","P3":"1","G2":"1","G3":"1","M2":"1","M3":"1","H2":"1"},"X8":{"4H":"1"},"HW":{"2R":"1"},"9W":{"38":"1","48":"1"},"7Q":{"C9":"1","G8":"1"},"VH":{"28":"1"},"MP":{"H8":"1"},"QW":{"FC":"1","99":"1","88":"1","98":"1"},"XX":{"92":"1"}},"RW":{"WH":{"XH":"1","RH":"1","QH":"1","XM":"1","XG":"1","RG":"1","MF":"1","RJ":"1","4H":"1","VG":"1","WM":"1","XJ":"1","WP":"1","4G":"1","RM":"1","WH":"1","VJ":"1","WG":"1","VH":"1","GM":"1","WJ":"1","QJ":"1","HM":"1","VP":"1","VM":"1"},"VJ":{"Q2":"1","R2":"1"},"XH":{"2H":"1","2J":"1","2G":"1"},"VH":{"QH":"1","QG":"1","XM":"1","RG":"1","RH":"1"}},"FQ":{"M7":{"HF":"1"},"FV":{"GF":"1"},"4H":{"R6":"1","GX":"1","R7":"1"},"WR":{"4Q":"1"},"P9":{"6V":"1"},"3Q":{"42":"1"},"HG":{"36":"1"},"8P":{"G8":"1"},"2V":{"6R":"1"},"XP":{"6P":"1"},"6Q":{"98":"1"},"JH":{"52":"1","27":"1"},"9F":{"PJ":"1"},"F9":{"P2":"1","P6":"1"},"QJ":{"FC":"1","8F":"1","CM":"1","FR":"1","6V":"1","F9":"1","GR":"1"},"FJ":{"2M":"1","2R":"1"},"68":{"H7":"1"},"9X":{"M2":"1"},"3P":{"Q3":"1"},"92":{"MR":"1","JR":"1"},"FR":{"98":"1"},"2X":{"9R":"1"},"Q3":{"5J":"1"},"7Q":{"M6":"1"},"8R":{"2W":"1"},"2M":{"HR":"1","GV":"1","GP":"1","FP":"1","GR":"1","GM":"1","HV":"1"},"RQ":{"X8":"1","2G":"1","4H":"1"},"QQ":{"XP":"1","XQ":"1","XF":"1"},"4J":{"F2":"1","GP":"1"},"2W":{"H2":"1"},"CX":{"R4":"1"},"6M":{"26":"1"},"RR":{"HX":"1"},"PQ":{"9W":"1"},"5C":{"XR":"1"},"6C":{"PM":"1","VQ":"1"},"4M":{"J3":"1","48":"1","3C":"1","J2":"1","68":"1","78":"1","M3":"1","3J":"1","H2":"1"},"3M":{"PR":"1","FX":"1","3V":"1","3W":"1","XV":"1","4W":"1","WV":"1","3X":"1","2M":"1","JV":"1","4X":"1","PV":"1","4V":"1","XW":"1","WW":"1","3M":"1"},"67":{"FW":"1"}},"PX":{"RM":{"MJ":"1","RF":"1","PH":"1","RG":"1","RH":"1","QJ":"1","QG":"1","PG":"1","PJ":"1","QF":"1","MH":"1","QH":"1"}},"MP":{"QJ":{"PM":"1"}},"GV":{"8X":{"X2":"1","X3":"1"},"MJ":{"QQ":"1","XX":"1"},"7F":{"P4":"1"},"HF":{"4V":"1","3X":"1"},"M8":{"93":"1"},"MM":{"V4":"1"},"RC":{"P5":"1"},"J2":{"XM":"1"},"79":{"GW":"1","GX":"1","FW":"1","FX":"1"},"9H":{"2C":"1"},"86":{"PG":"1","WH":"1","HP":"1","MH":"1","PH":"1","XM":"1"},"PF":{"X6":"1"},"92":{"R5":"1"},"V6":{"28":"1"},"CF":{"9H":"1"},"GF":{"VJ":"1","XM":"1","VH":"1"},"RF":{"39":"1"},"26":{"7X":"1","6X":"1","8X":"1","7W":"1","6W":"1"},"W8":{"WM":"1"},"JQ":{"3C":"1"},"HJ":{"J8":"1"},"CV":{"X2":"1"},"27":{"83":"1","73":"1","62":"1","74":"1","85":"1","84":"1","82":"1","72":"1"},"HC":{"WP":"1"},"PW":{"97":"1"},"PJ":{"2X":"1"},"F7":{"M8":"1","M9":"1"},"77":{"XQ":"1"},"G6":{"W5":"1"},"Q3":{"VQ":"1"},"F3":{"8G":"1"},"VJ":{"GC":"1"},"8F":{"54":"1","22":"1"},"37":{"54":"1","55":"1"},"9W":{"6R":"1","5R":"1","6V":"1","5V":"1"},"82":{"9V":"1"},"96":{"GF":"1","FG":"1","FM":"1","4H":"1","CM":"1","7G":"1","CJ":"1","FJ":"1","9H":"1","FH":"1","FF":"1","CG":"1","8H":"1","9J":"1","CH":"1"},"MC":{"HP":"1"},"GM":{"HC":"1","GF":"1"},"3P":{"HF":"1","FG":"1","HG":"1","HH":"1","GG":"1","GF":"1","FH":"1","GH":"1"},"M5":{"74":"1"},"P4":{"G2":"1"},"9X":{"86":"1","54":"1","84":"1","47":"1","75":"1","46":"1","95":"1","76":"1","53":"1","74":"1","85":"1","37":"1","36":"1"},"93":{"H5":"1","J7":"1"},"R6":{"X9":"1","W8":"1","W7":"1","W9":"1","7P":"1","9M":"1","GJ":"1","27":"1","96":"1","V7":"1","X8":"1","5Q":"1","V8":"1","5C":"1","9R":"1","4M":"1"},"PM":{"62":"1","37":"1","45":"1","25":"1","33":"1"}},"GR":{"V5":{"R5":"1","R7":"1","GF":"1"},"PG":{"PR":"1","MV":"1","2G":"1","PX":"1","2H":"1","MR":"1","MX":"1","2J":"1","MW":"1","QV":"1","QR":"1","JV":"1","QW":"1","JR":"1","JW":"1","PV":"1","PW":"1","QH":"1"},"HG":{"98":"1","GW":"1","HW":"1","GV":"1","88":"1","97":"1","C7":"1","HV":"1","GX":"1"},"WX":{"JF":"1","MG":"1"},"5P":{"V4":"1"},"M5":{"J2":"1"},"7H":{"H5":"1","J8":"1","JJ":"1"},"MQ":{"32":"1","23":"1","22":"1","33":"1"},"95":{"GQ":"1","89":"1"},"CV":{"29":"1","2C":"1"},"RV":{"83":"1"},"G9":{"9M":"1"},"QJ":{"RX":"1"},"FH":{"94":"1","8P":"1","7P":"1","87":"1","88":"1","7M":"1","78":"1","77":"1"},"3F":{"G2":"1"},"47":{"JH":"1","QG":"1"},"GJ":{"2M":"1","99":"1"},"MP":{"GF":"1","JQ":"1","MJ":"1","FC":"1","62":"1","JC":"1","MF":"1","92":"1","MC":"1","JF":"1"},"78":{"4V":"1"},"PM":{"MM":"1","H7":"1","22":"1","QP":"1","RP":"1","75":"1","33":"1","79":"1","RQ":"1","QQ":"1","2C":"1","6C":"1","67":"1"},"GR":{"96":"1"},"M7":{"2W":"1","4Q":"1","3W":"1"},"Q9":{"2R":"1"},"F2":{"WW":"1"},"RG":{"2J":"1","87":"1"},"GQ":{"66":"1","G9":"1","G8":"1"},"M4":{"RW":"1"},"8Q":{"2G":"1","3F":"1"},"7R":{"X8":"1"},"CJ":{"97":"1"},"MH":{"H4":"1","RH":"1","M4":"1","M8":"1","Q4":"1","4J":"1","5J":"1","3X":"1","6M":"1","7V":"1","7M":"1","XM":"1","5V":"1","8V":"1","RG":"1","6H":"1","FX":"1","8Q":"1","RJ":"1","4H":"1","26":"1","FM":"1","VG":"1","7J":"1","6J":"1","FW":"1","WM":"1","XJ":"1","2W":"1","9R":"1","HQ":"1","Q3":"1","5H":"1","CJ":"1","RM":"1","MV":"1","WH":"1","J5":"1","VJ":"1","J7":"1","WG":"1","9Q":"1","46":"1","J4":"1","VH":"1","WJ":"1","H5":"1","M5":"1","GP":"1","VM":"1","M7":"1","JC":"1"},"7Q":{"X5":"1"},"JJ":{"7R":"1","M4":"1","22":"1","9V":"1","9W":"1","64":"1","RH":"1","WF":"1","Q4":"1","R7":"1","9X":"1","8R":"1","7V":"1","8V":"1","8W":"1","H2":"1"},"PJ":{"C5":"1","48":"1","PP":"1","CQ":"1","PH":"1","F7":"1","3J":"1","J6":"1","W9":"1","35":"1","F3":"1","MG":"1","MH":"1","9G":"1","96":"1","26":"1","95":"1","25":"1","36":"1","F6":"1","QC":"1","V9":"1","XC":"1","MR":"1","RF":"1","C6":"1","98":"1","PF":"1","RC":"1","RH":"1","QF":"1","RG":"1","MQ":"1","RP":"1","JQ":"1","VF":"1","WC":"1","PG":"1","R8":"1","97":"1","P3":"1","JR":"1","H6":"1","R6":"1","Q9":"1","Q8":"1","WF":"1","X9":"1","VC":"1","P8":"1","4M":"1","R9":"1"},"JM":{"RM":"1","RF":"1","QP":"1","26":"1","PM":"1","PX":"1","42":"1","GH":"1","RP":"1","QJ":"1","MX":"1","QV":"1","QM":"1","78":"1","37":"1","GX":"1","36":"1","HX":"1"},"HR":{"9W":"1"},"FF":{"P2":"1","HW":"1","JV":"1"},"JQ":{"92":"1","H5":"1","53":"1","J4":"1","F7":"1","54":"1","J3":"1","F8":"1","34":"1","F3":"1"},"MG":{"RM":"1","WP":"1","XQ":"1","WM":"1","XP":"1","RJ":"1","XM":"1","GV":"1","HR":"1","HV":"1","GR":"1"},"9Q":{"5V":"1"},"8P":{"2H":"1","2G":"1"},"CH":{"RJ":"1","VJ":"1","VH":"1","RH":"1"},"HP":{"XC":"1","WC":"1"},"2C":{"63":"1"},"JG":{"HF":"1","XV":"1","VR":"1","HC":"1","GF":"1","3W":"1"},"R2":{"43":"1"},"2F":{"4P":"1"},"RF":{"QV":"1"},"GG":{"X9":"1","FM":"1","V7":"1","GM":"1"},"9V":{"X9":"1","Q4":"1","W9":"1","Q5":"1","XC":"1","RG":"1"},"JH":{"PR":"1","G6":"1","G5":"1","MJ":"1","MV":"1","H6":"1","3Q":"1","HG":"1","7P":"1","5J":"1","4R":"1","4P":"1","5P":"1","7M":"1","4Q":"1","FP":"1","G9":"1","MR":"1","CF":"1","H5":"1","3P":"1","WV":"1","HM":"1","QR":"1","QV":"1","PG":"1","4J":"1","5M":"1","JG":"1","JV":"1","6P":"1","5Q":"1","RX":"1","6M":"1","JR":"1","RR":"1","PQ":"1","HF":"1","PV":"1","QF":"1","PP":"1","5R":"1","4M":"1","QH":"1"},"HQ":{"8G":"1","8F":"1","89":"1","99":"1","7G":"1","9F":"1","7C":"1","6G":"1","7F":"1","6F":"1","9G":"1","9C":"1","8C":"1"},"5X":{"85":"1","35":"1"},"P9":{"XQ":"1","XR":"1"},"Q8":{"5F":"1","75":"1"},"VQ":{"65":"1","77":"1"},"GP":{"WH":"1","VJ":"1","WJ":"1"},"MM":{"34":"1","H4":"1","G4":"1","3F":"1","9G":"1","G2":"1","J6":"1","P9":"1","W3":"1","M8":"1","95":"1","HP":"1","C3":"1","79":"1","5F":"1","R2":"1","92":"1","G9":"1","5C":"1","H3":"1","6G":"1","Q9":"1","52":"1","JM":"1","F2":"1","MF":"1","6F":"1","5G":"1","Q2":"1","M9":"1","M6":"1","33":"1","H6":"1","3G":"1","C2":"1","4F":"1","G5":"1","PC":"1","H7":"1","VV":"1","CJ":"1","4G":"1","MV":"1","X2":"1","QC":"1","Q8":"1","WF":"1","J8":"1","MP":"1","J3":"1","P8":"1","4C":"1","M7":"1","JC":"1"},"G4":{"2R":"1"},"PH":{"FG":"1","QP":"1","54":"1","4H":"1","65":"1","64":"1","RP":"1","4W":"1","55":"1","MX":"1","3H":"1","RQ":"1","QQ":"1","CG":"1","3J":"1","3G":"1","4G":"1"},"G2":{"MM":"1","RM":"1","MJ":"1","PM":"1","RJ":"1","QJ":"1","QM":"1","PJ":"1"},"C3":{"JG":"1"},"HH":{"Q6":"1","R6":"1","37":"1","P5":"1","F2":"1","P9":"1","27":"1","M5":"1"},"QF":{"8F":"1","JG":"1","MH":"1","JH":"1","MG":"1"},"PF":{"RM":"1","WP":"1","XQ":"1","WR":"1","WQ":"1","VR":"1","WM":"1","XP":"1","RP":"1","XM":"1","RQ":"1","VP":"1","RR":"1","VQ":"1","VM":"1"},"97":{"7F":"1"},"6C":{"JC":"1"},"W2":{"7J":"1","6H":"1"},"R7":{"J7":"1"},"C9":{"FX":"1","CR":"1"},"JP":{"VC":"1","24":"1","W9":"1","JC":"1","WC":"1","V9":"1","FJ":"1","P7":"1","C5":"1","HX":"1","H2":"1","JX":"1"},"M2":{"XG":"1","WG":"1"},"MX":{"45":"1"},"HV":{"HH":"1","JH":"1"},"MJ":{"F8":"1","GX":"1","FP":"1","C5":"1","PG":"1","84":"1","37":"1","86":"1","HG":"1","62":"1","CR":"1","HX":"1","6R":"1","WQ":"1","CV":"1","22":"1","FG":"1","VJ":"1","FX":"1","83":"1","FH":"1","9F":"1","GJ":"1","78":"1","RC":"1","PM":"1","CQ":"1","GR":"1","9J":"1","M7":"1","FV":"1","7W":"1","R3":"1","GQ":"1","R4":"1","F3":"1","CJ":"1","VX":"1","GC":"1","MC":"1","JM":"1","6Q":"1","GW":"1","HR":"1","FF":"1","MG":"1","9G":"1","CH":"1","JG":"1","R2":"1","GG":"1","X6":"1","V4":"1","JR":"1","JX":"1","W5":"1","HF":"1","GP":"1","H9":"1","W7":"1","94":"1","HH":"1","QF":"1","FW":"1","CW":"1","PF":"1","R9":"1","FQ":"1","C9":"1","2G":"1","RJ":"1","V3":"1","9M":"1","FR":"1","CP":"1","99":"1","RH":"1","7M":"1","GM":"1","G8":"1","MF":"1","J8":"1","43":"1","GH":"1","CF":"1","QG":"1"},"3J":{"RG":"1"},"FR":{"WJ":"1"},"34":{"MR":"1"},"2R":{"5X":"1"},"C8":{"7R":"1"},"7M":{"R2":"1"},"CM":{"JR":"1"},"QH":{"32":"1","F6":"1"},"HJ":{"4P":"1","8V":"1","7V":"1","5P":"1","CF":"1","4M":"1","CG":"1","5M":"1","WW":"1"},"JW":{"CM":"1","GG":"1","7G":"1","MJ":"1"},"QM":{"83":"1"},"GH":{"HG":"1","HH":"1","V8":"1","GG":"1","QF":"1","GH":"1"},"4P":{"3Q":"1"},"CF":{"45":"1"},"H2":{"7W":"1","6W":"1"},"QG":{"3V":"1","3Q":"1","4R":"1","4Q":"1","4V":"1","3R":"1"}},"JR":{"J3":{"HX":"1"},"4P":{"4G":"1","8P":"1","8X":"1"},"93":{"CF":"1"},"9Q":{"7P":"1"},"5Q":{"CG":"1"},"97":{"RG":"1"},"JX":{"WQ":"1"}},"QP":{"2H":{"VC":"1","RG":"1","RH":"1","WC":"1","WF":"1","XH":"1","VF":"1","VH":"1","VG":"1"},"2J":{"P2":"1","Q4":"1","Q3":"1","P3":"1","R3":"1"}},"QV":{"CR":{"P8":"1","Q7":"1"}},"FW":{"PR":{"98":"1","GP":"1","XQ":"1","J9":"1","FX":"1","CW":"1","29":"1","9W":"1","JC":"1","XP":"1","FP":"1","FQ":"1","9X":"1","F8":"1","GQ":"1","C6":"1","C8":"1","G7":"1","HQ":"1","CX":"1","97":"1","C7":"1","2C":"1","8W":"1","F6":"1","F7":"1"},"JQ":{"X9":"1","XC":"1","XG":"1","W9":"1","WH":"1","WC":"1","WF":"1","XH":"1","VF":"1","XF":"1","WG":"1","VG":"1"},"Q6":{"R3":"1","V3":"1","R4":"1","V4":"1"},"GC":{"Q9":"1","R9":"1","Q8":"1","R8":"1"},"GH":{"X4":"1","W4":"1"},"MQ":{"RR":"1","RQ":"1","2G":"1","M8":"1","3G":"1","QR":"1","V8":"1","W9":"1","PQ":"1","MG":"1","MH":"1","Q2":"1","R7":"1","V9":"1","RV":"1","2F":"1","PW":"1","QW":"1","X8":"1","X7":"1","2H":"1","P6":"1","RP":"1","P5":"1","PR":"1","R2":"1","RW":"1","PX":"1","QP":"1","M5":"1","W7":"1","QQ":"1","QV":"1","M9":"1","M6":"1","V7":"1","PV":"1","P9":"1","2X":"1","P8":"1","W8":"1","RX":"1","QX":"1"},"G9":{"GV":"1","GR":"1","FV":"1"},"MP":{"RX":"1","QX":"1"},"GJ":{"WW":"1","WV":"1"},"MR":{"VC":"1","22":"1","XC":"1","W9":"1","4P":"1","WM":"1","J4":"1","6Q":"1","G9":"1","Q2":"1","75":"1","WF":"1","WC":"1","XM":"1","V9":"1","F9":"1","F8":"1","XF":"1","G8":"1","H4":"1","C4":"1"},"C9":{"53":"1","52":"1"},"F2":{"32":"1","42":"1"},"QR":{"7C":"1","6C":"1","69":"1","5C":"1","59":"1","79":"1","2P":"1"},"JP":{"PM":"1","WF":"1"},"RC":{"76":"1","86":"1","77":"1"},"R6":{"FC":"1","FG":"1","FF":"1","CF":"1","CC":"1"},"M2":{"WP":"1","WM":"1","G7":"1","VJ":"1","F7":"1","F6":"1","WJ":"1","VM":"1"},"PQ":{"38":"1"},"PV":{"HW":"1","GW":"1","GV":"1","C2":"1","HV":"1"},"J5":{"53":"1","44":"1","54":"1","43":"1","34":"1"}},"W6":{"3R":{"V7":"1","R7":"1"}},"JV":{"7X":{"99":"1"},"7P":{"PX":"1"},"5X":{"RH":"1"},"CM":{"JR":"1","JV":"1"},"8P":{"XR":"1","F5":"1"},"4P":{"VC":"1","WH":"1","WC":"1"},"3W":{"VJ":"1"},"5P":{"5J":"1","7H":"1","28":"1","7G":"1","6G":"1","6H":"1","7J":"1","5H":"1","6J":"1","5G":"1"},"4Q":{"MV":"1"},"2V":{"83":"1"},"9P":{"93":"1","PV":"1"},"6Q":{"G3":"1"},"9M":{"PG":"1"},"8Q":{"X8":"1"},"7J":{"6J":"1"},"QG":{"4F":"1"},"3P":{"9H":"1","VM":"1","RM":"1"},"2Q":{"2W":"1"},"7Q":{"P6":"1"},"2M":{"CM":"1"},"PG":{"97":"1","87":"1","88":"1","96":"1","86":"1","98":"1"},"5H":{"2M":"1","3M":"1"},"Q9":{"MJ":"1","95":"1","MM":"1","C5":"1","FR":"1","C3":"1","92":"1","C6":"1","CQ":"1","F4":"1","G3":"1","CV":"1","FV":"1","C4":"1","9P":"1","F3":"1","F5":"1","96":"1","MP":"1","FQ":"1","94":"1","FP":"1","MH":"1","CP":"1","JP":"1","93":"1","MQ":"1","CR":"1"},"5M":{"F6":"1"},"6W":{"X7":"1"},"QC":{"MH":"1","MJ":"1","8R":"1"},"6P":{"C9":"1","FC":"1","G9":"1","GC":"1","C8":"1","F8":"1","F9":"1","CC":"1","G8":"1"},"6M":{"W8":"1","HJ":"1","HG":"1","G9":"1","MF":"1","FH":"1","PF":"1","JG":"1","JR":"1"},"HP":{"MM":"1","HJ":"1","RM":"1","MJ":"1","QP":"1","PH":"1","JJ":"1","HG":"1","PM":"1","MG":"1","GH":"1","RG":"1","RJ":"1","MP":"1","GM":"1","JH":"1","RH":"1","GJ":"1","MF":"1","QJ":"1","QG":"1","HM":"1","QM":"1","PG":"1","HH":"1","JG":"1","JF":"1","PJ":"1","JM":"1","PP":"1","MH":"1","QH":"1"},"4X":{"6Q":"1"},"QF":{"3G":"1","3F":"1","67":"1","2F":"1"},"6R":{"CM":"1"},"4M":{"4X":"1"}},"MM":{"7H":{"36":"1","4G":"1","37":"1","G2":"1","46":"1","4H":"1"},"W4":{"G8":"1"},"7G":{"GX":"1","MX":"1"},"W3":{"WH":"1","XJ":"1","WJ":"1","XH":"1"},"6H":{"M7":"1","7R":"1","X5":"1","W7":"1","QP":"1","5F":"1","W6":"1","V6":"1","JC":"1","X6":"1","MG":"1","7M":"1","M6":"1","6Q":"1","RJ":"1","RH":"1","MF":"1","QJ":"1","QM":"1","V7":"1","VP":"1","JF":"1","JG":"1","PJ":"1","VQ":"1","6R":"1"},"7J":{"8G":"1","8F":"1","CM":"1","7H":"1","7G":"1","CJ":"1","FJ":"1","7F":"1","FH":"1","9G":"1","8H":"1","CH":"1"},"5H":{"JF":"1","WH":"1","JG":"1","XJ":"1","MF":"1","WJ":"1","MG":"1","XM":"1"},"6J":{"J6":"1","M7":"1","J7":"1","5P":"1","6M":"1","5M":"1","M6":"1"}},"XF":{"32":{"MJ":"1","W3":"1","X4":"1","MM":"1","WX":"1","PQ":"1","W2":"1","JM":"1","RW":"1","JQ":"1","JR":"1","X3":"1","MR":"1","JH":"1","PW":"1","PJ":"1","VX":"1","X2":"1","W4":"1","PP":"1","MP":"1","MH":"1","JP":"1","JJ":"1","MQ":"1","MW":"1","PX":"1","PM":"1"},"53":{"9R":"1","CQ":"1","CM":"1","8Q":"1","9P":"1","CR":"1","9Q":"1","CP":"1","8R":"1"},"23":{"4W":"1","6X":"1","5X":"1","5W":"1","4X":"1","6W":"1"},"43":{"XW":"1","XV":"1","XR":"1","GP":"1","FP":"1","WR":"1","XX":"1","WX":"1","WW":"1","WV":"1"},"CJ":{"F9":"1"},"42":{"CQ":"1","22":"1","63":"1","54":"1","24":"1","WR":"1","5J":"1","64":"1","VR":"1","CP":"1","FQ":"1","VV":"1","9Q":"1","CR":"1","WV":"1","4J":"1","53":"1","CV":"1","23":"1","9R":"1"},"33":{"H5":"1","W2":"1","G7":"1","H6":"1","G6":"1","G4":"1","H4":"1","G5":"1","V2":"1","H7":"1"}},"JW":{"J7":{"RX":"1","RW":"1","VX":"1","VW":"1"},"J8":{"R2":"1","V2":"1"},"7C":{"RC":"1","RF":"1"},"22":{"PR":"1"},"5X":{"4X":"1","3C":"1","FR":"1","2F":"1","3X":"1","38":"1","39":"1","7M":"1","28":"1","26":"1","2G":"1","CV":"1","FV":"1","27":"1","54":"1","29":"1","2C":"1","CR":"1"},"24":{"R5":"1"},"4X":{"XF":"1","9J":"1","P9":"1","F6":"1","G7":"1","9M":"1","9H":"1","XG":"1","XM":"1","JM":"1","8J":"1","M9":"1","WM":"1","HJ":"1","H6":"1","X7":"1","WP":"1","G5":"1","H7":"1","G6":"1","RP":"1","CJ":"1","RM":"1","X8":"1","F5":"1","MC":"1","H5":"1","HM":"1","VP":"1","VM":"1","CH":"1"}},"RX":{"GQ":{"7Q":"1","8P":"1","8Q":"1","7R":"1","8R":"1"}},"QX":{"MJ":{"GW":"1","9V":"1","HW":"1","VX":"1","CR":"1","CC":"1","CV":"1","2W":"1","RX":"1","9C":"1","QX":"1","9R":"1"},"C5":{"W4":"1","V4":"1"},"MM":{"H4":"1","9G":"1","CG":"1","VQ":"1","HP":"1","9H":"1","R2":"1","V3":"1","7V":"1","8V":"1","H3":"1","Q9":"1","RQ":"1","FH":"1","R3":"1","FM":"1","Q2":"1","VR":"1","V2":"1","RR":"1","GG":"1","GR":"1","85":"1","Q3":"1","GQ":"1","J4":"1","9F":"1","FQ":"1","J3":"1","CP":"1","CH":"1"},"RC":{"64":"1"},"JW":{"W7":"1","W6":"1","V6":"1"},"2F":{"86":"1","77":"1","75":"1","66":"1","68":"1","76":"1","87":"1","78":"1","67":"1"},"XR":{"97":"1","96":"1"},"PQ":{"5F":"1","92":"1","82":"1","FV":"1"},"XG":{"RW":"1","QW":"1","RV":"1","QV":"1"},"Q9":{"QR":"1","PR":"1","QV":"1","PV":"1"},"VW":{"8P":"1","FR":"1","CW":"1","9M":"1","8R":"1","8Q":"1","FX":"1","CQ":"1","9V":"1","FM":"1","FW":"1","CM":"1","CV":"1","FV":"1","9R":"1","9P":"1","CX":"1","9Q":"1","9W":"1","7Q":"1","7R":"1","FQ":"1","FP":"1","CP":"1","CR":"1"},"MG":{"FQ":"1","FC":"1","9M":"1","FV":"1","8M":"1"},"WV":{"98":"1","86":"1","73":"1","84":"1","75":"1","83":"1","82":"1","95":"1","96":"1","74":"1","87":"1","97":"1","85":"1","94":"1"},"JM":{"W7":"1","7X":"1","8X":"1","W6":"1","HW":"1","V6":"1","X7":"1","X6":"1","VF":"1","QV":"1","V7":"1","QW":"1","VG":"1","PV":"1","PW":"1"},"F2":{"GP":"1","57":"1","5J":"1","GQ":"1","4J":"1","5H":"1","HQ":"1","HP":"1","3J":"1","4M":"1"},"MF":{"RQ":"1","QQ":"1","QP":"1","RR":"1","RP":"1","PQ":"1","PP":"1"},"PH":{"RX":"1","RW":"1"},"QR":{"J6":"1","M8":"1","X3":"1","J7":"1","M9":"1"},"PR":{"V8":"1"},"QV":{"X6":"1","X8":"1","X7":"1"},"JR":{"WH":"1"},"G3":{"94":"1","95":"1","96":"1","86":"1"},"MR":{"98":"1","72":"1","63":"1","73":"1","62":"1","C8":"1","97":"1","23":"1"},"7X":{"QR":"1","MH":"1"},"C2":{"R5":"1","W3":"1","HF":"1","Q4":"1","H9":"1","HG":"1","JF":"1","V3":"1","G9":"1","GC":"1","GF":"1","R3":"1","V5":"1","Q5":"1","HC":"1","H8":"1","W4":"1","FP":"1","V4":"1","R4":"1","Q6":"1","J9":"1","GP":"1","R6":"1","JC":"1"},"C4":{"RQ":"1","QQ":"1","QP":"1","QR":"1","VP":"1","VQ":"1","RR":"1","VV":"1","XV":"1","XR":"1","VR":"1","RP":"1","PQ":"1","WR":"1","RV":"1","QV":"1","WV":"1","VM":"1"},"XP":{"74":"1"},"PJ":{"Q9":"1","FC":"1","G9":"1","GC":"1","MF":"1","HC":"1","QC":"1","F9":"1","GF":"1","PC":"1"},"RR":{"53":"1","44":"1","54":"1","55":"1"},"VX":{"FG":"1","F4":"1","GG":"1","G4":"1","F3":"1","G2":"1","F2":"1","C2":"1","G3":"1","C3":"1","C4":"1"},"HQ":{"F2":"1","G3":"1","F3":"1"},"RP":{"J9":"1","HG":"1","JC":"1","MG":"1","HC":"1","MF":"1","JG":"1","JF":"1","HF":"1"},"MV":{"3Q":"1"},"RM":{"43":"1","4H":"1","33":"1"},"QC":{"X2":"1","W3":"1","W2":"1"},"RV":{"28":"1","2W":"1","2X":"1","27":"1"},"QP":{"64":"1","2R":"1","63":"1","F4":"1","F3":"1"},"PP":{"9X":"1","8F":"1","VV":"1","8X":"1","V8":"1","V9":"1"},"MP":{"36":"1","34":"1","XW":"1","WX":"1","35":"1","26":"1","24":"1","WW":"1","M3":"1","27":"1","25":"1","VV":"1","45":"1","VJ":"1","VH":"1","J3":"1","WJ":"1","XX":"1"},"WJ":{"W5":"1","V5":"1"},"JX":{"Q2":"1","Q3":"1"},"QW":{"XW":"1","XV":"1","VW":"1","WW":"1","WV":"1"},"QQ":{"34":"1","M6":"1","33":"1"},"MH":{"5J":"1","65":"1","64":"1","7M":"1","7H":"1","8J":"1","7G":"1","Q2":"1","75":"1","6G":"1","6H":"1","7J":"1","C9":"1","C8":"1","5H":"1","8H":"1","6M":"1","6J":"1","8M":"1","5G":"1"},"JP":{"46":"1","82":"1","48":"1","44":"1","7C":"1","8H":"1","59":"1","54":"1","57":"1","9G":"1","77":"1","7G":"1","7F":"1","76":"1","75":"1","67":"1","6F":"1","9F":"1","8G":"1","RF":"1","73":"1","5C":"1","9H":"1","55":"1","65":"1","84":"1","X7":"1","64":"1","72":"1","56":"1","47":"1","63":"1","8F":"1","66":"1","74":"1","45":"1","53":"1","X5":"1","6C":"1","79":"1","6G":"1","X6":"1","5F":"1","78":"1","58":"1","62":"1","83":"1","69":"1","85":"1","68":"1"},"QM":{"M7":"1","Q6":"1","P8":"1","7W":"1","M8":"1","Q7":"1","Q9":"1","QC":"1","P7":"1"},"MQ":{"CQ":"1","JQ":"1","73":"1","7P":"1","4R":"1","8P":"1","84":"1","FQ":"1","83":"1","HR":"1","95":"1","74":"1","HQ":"1","6P":"1","JR":"1","85":"1","4V":"1"},"H2":{"7R":"1"},"PM":{"CQ":"1","GP":"1","43":"1","JQ":"1","MV":"1","FM":"1","CM":"1","CP":"1","42":"1","FP":"1","FQ":"1","GM":"1","HR":"1","GV":"1","MR":"1","R4":"1","CR":"1","FR":"1","MW":"1","GQ":"1","HM":"1","V4":"1","JP":"1","53":"1","JV":"1","HQ":"1","JR":"1","HP":"1","HV":"1","GR":"1","52":"1"}},"JX":{"43":{"X6":"1","W2":"1","X7":"1","V2":"1"},"63":{"C9":"1","CF":"1","99":"1","9C":"1","CC":"1","9F":"1"},"CP":{"Q3":"1","M8":"1","P3":"1"},"42":{"XG":"1","4G":"1","FM":"1","Q5":"1","X7":"1","F7":"1","C8":"1","97":"1","VX":"1","F8":"1","F9":"1","C7":"1","98":"1"},"44":{"76":"1","66":"1","75":"1","65":"1","56":"1","67":"1","55":"1"},"53":{"36":"1","37":"1","26":"1","27":"1"},"34":{"9H":"1","9M":"1","CM":"1","CH":"1","CJ":"1","9J":"1"},"52":{"M7":"1","P9":"1","PC":"1","38":"1","P8":"1","WH":"1","47":"1","42":"1","48":"1","3C":"1","M8":"1","Q9":"1","QC":"1","32":"1","P7":"1","M9":"1","2C":"1","37":"1","Q8":"1"}}}}