{"index":{"university,1|retail,2|tourism,3|wreck,4|historical,5|artsCulture,6|namedBuilding,7|water,8|wetland,9|park,10|beach,11|natureReserve,12|cemetery,13|trail,14":{}},"77":{"9V":{"76":{"WP":"1","VQ":"1","VV":"1","WQ":"1","VX":"1","VR":"1","WR":"1","WX":"1","WV":"1"},"97":{"57":"1","56":"1","67":"1"},"5C":{"RQ":"1","VQ":"1","RR":"1","VR":"1"},"77":{"W9":"1","V8":"1","V9":"1"}},"C5":{"94":{"74":"1"},"26":{"59":"1","5X":"1","3X":"1","44":"1","49":"1","39":"1","4X":"1"},"23":{"28":"1","3C":"1","29":"1","37":"1","39":"1","26":"1","2C":"1","38":"1","3F":"1","27":"1","4C":"1","2F":"1"},"22":{"FC":"1","G9":"1","GC":"1","F9":"1"},"27":{"43":"1","45":"1","22":"1","63":"1","73":"1","54":"1","24":"1","62":"1","26":"1","65":"1","64":"1","84":"1","25":"1","42":"1","93":"1","75":"1","83":"1","55":"1","46":"1","95":"1","33":"1","C3":"1","44":"1","35":"1","74":"1","53":"1","32":"1","34":"1","23":"1","52":"1","36":"1","C5":"1","C4":"1","94":"1"},"5G":{"X7":"1"}},"4H":{"52":{"4P":"1","5Q":"1","4R":"1","5R":"1","4Q":"1","5P":"1"},"43":{"92":"1","9W":"1","WF":"1","VJ":"1","93":"1","WJ":"1","VF":"1","47":"1","C2":"1","VM":"1"}},"G7":{"M2":{"8V":"1","7X":"1","7V":"1","6X":"1","6V":"1","7W":"1","8W":"1","6W":"1"},"8G":{"F9":"1"},"M3":{"35":"1","72":"1"}},"CG":{"C3":{"X9":"1","XC":"1","W7":"1","W6":"1","W9":"1","X7":"1","X6":"1","V3":"1","V4":"1"},"QP":{"7V":"1"},"FM":{"PG":"1","PH":"1","QH":"1"},"F2":{"G5":"1","QP":"1","3F":"1","WM":"1","J4":"1","2V":"1","PX":"1","3C":"1","H8":"1","2X":"1","QR":"1","J8":"1","CC":"1","QQ":"1","2W":"1","QX":"1","PP":"1","2F":"1","F7":"1","C4":"1","94":"1"},"CX":{"MX":"1","PW":"1"},"C8":{"XP":"1","XQ":"1","7H":"1","8H":"1","8G":"1"},"G4":{"WP":"1","WM":"1","5V":"1"},"G3":{"8P":"1","9P":"1","HV":"1","PC":"1"},"FP":{"43":"1","45":"1","63":"1","54":"1","64":"1","55":"1","44":"1","53":"1","52":"1"},"F8":{"3Q":"1","2Q":"1","3P":"1","2P":"1"},"C2":{"XW":"1","RJ":"1","WM":"1","VJ":"1","MX":"1","XV":"1","HC":"1","WJ":"1","XX":"1","VM":"1"},"G5":{"72":"1","86":"1","73":"1","PX":"1","83":"1","82":"1","MX":"1","2J":"1","MW":"1","2M":"1","PW":"1"},"F5":{"RQ":"1","PH":"1"},"F4":{"8G":"1","8F":"1","F4":"1","G4":"1","93":"1","RV":"1","VV":"1","9F":"1","F8":"1","95":"1","C3":"1","PF":"1","QC":"1","9G":"1","QF":"1","C5":"1"},"F3":{"4H":"1","7J":"1","7C":"1","Q2":"1","5H":"1","HQ":"1","7M":"1","M2":"1","8P":"1","FP":"1","7G":"1","8M":"1","5M":"1","FR":"1","6H":"1","9P":"1","2C":"1","7H":"1","HR":"1","M3":"1","Q3":"1","6M":"1","J2":"1","6Q":"1","9Q":"1","P2":"1","6P":"1","GQ":"1","8Q":"1","FQ":"1","P3":"1","5P":"1","GR":"1","4G":"1","6C":"1","79":"1","6G":"1","6R":"1","JF":"1","5J":"1","7P":"1","6J":"1","69":"1"}},"2G":{"3M":{"92":"1","9X":"1","75":"1","9W":"1","HR":"1","GV":"1","8X":"1","82":"1","6M":"1","GR":"1","HV":"1","8M":"1","72":"1"},"2J":{"XP":"1","WP":"1","XQ":"1","XV":"1","XR":"1","WQ":"1"},"3J":{"5W":"1","8X":"1","3Q":"1","3V":"1","7P":"1","4R":"1","CM":"1","8P":"1","4P":"1","4Q":"1","5P":"1","2V":"1","9P":"1","CP":"1","FP":"1","9M":"1","9Q":"1","8Q":"1","9X":"1","3P":"1","2P":"1","2Q":"1","7Q":"1","8R":"1","5M":"1","5Q":"1","3R":"1","2W":"1","2R":"1","5V":"1","4V":"1","5R":"1","9R":"1","4M":"1","8M":"1"},"2Q":{"64":"1","94":"1","65":"1","74":"1","84":"1"},"3P":{"92":"1","MC":"1","JC":"1","82":"1","C2":"1"},"2P":{"JP":"1","FH":"1","GH":"1","JQ":"1"}},"3G":{"C8":{"9R":"1","CQ":"1","8P":"1","8Q":"1","9P":"1","CR":"1","9Q":"1"},"CC":{"VC":"1","W9":"1","WC":"1","V9":"1"}},"F4":{"WM":{"4G":"1"}},"CQ":{"82":{"RM":"1","RF":"1","WH":"1","WJ":"1","RG":"1","RJ":"1","WF":"1","RH":"1","VF":"1","VH":"1","QG":"1","QJ":"1","VJ":"1","WG":"1","QM":"1","VG":"1","QF":"1","QH":"1"},"CC":{"FC":"1","FF":"1","CF":"1","F9":"1","9C":"1","CC":"1","9F":"1"}},"H5":{"4V":{"99":"1"},"5C":{"GQ":"1","HQ":"1","HP":"1","GP":"1"},"59":{"XX":"1"}},"C7":{"MR":{"7F":"1"},"JV":{"57":"1"}},"FF":{"7P":{"VV":"1"},"8P":{"RM":"1","QP":"1","PM":"1","RP":"1","RJ":"1","QJ":"1","VJ":"1","QM":"1","VP":"1","PJ":"1","PP":"1","VM":"1"},"R7":{"4G":"1","3G":"1"},"9F":{"XG":"1"},"CF":{"2G":"1"},"C9":{"QH":"1"},"F8":{"43":"1","45":"1","86":"1","54":"1","77":"1","55":"1","95":"1","33":"1","44":"1","96":"1","76":"1","87":"1","34":"1"},"7Q":{"Q4":"1","P5":"1","P4":"1"},"C6":{"9G":"1","CG":"1","8X":"1","9J":"1","JV":"1","8P":"1","FR":"1","CW":"1","9M":"1","HV":"1","HP":"1","JW":"1","GJ":"1","8R":"1","9H":"1","6M":"1","PQ":"1","7V":"1","7M":"1","6R":"1","8V":"1","MX":"1","6P":"1","6H":"1","FH":"1","8Q":"1","HR":"1","JM":"1","CQ":"1","9V":"1","6X":"1","QX":"1","FM":"1","PR":"1","GV":"1","7J":"1","JQ":"1","6J":"1","FW":"1","7W":"1","8J":"1","GH":"1","6Q":"1","JR":"1","HJ":"1","GW":"1","7P":"1","MR":"1","CM":"1","FJ":"1","CV":"1","FV":"1","7X":"1","9R":"1","PW":"1","5P":"1","VX":"1","GR":"1","HQ":"1","8H":"1","5Q":"1","8G":"1","9P":"1","7G":"1","CJ":"1","MV":"1","7H":"1","HW":"1","GQ":"1","9W":"1","9Q":"1","6V":"1","PP":"1","7Q":"1","6W":"1","7R":"1","GM":"1","MP":"1","FQ":"1","5R":"1","8W":"1","JX":"1","QW":"1","FP":"1","HM":"1","CP":"1","RX":"1","JP":"1","8M":"1","GP":"1","CH":"1","MQ":"1","CR":"1","5M":"1","PX":"1","MW":"1","PV":"1"},"6F":{"FC":"1","CF":"1","99":"1","CC":"1"},"C8":{"G8":"1","GH":"1","G7":"1","V8":"1","F7":"1","W9":"1","P7":"1","Q5":"1","9G":"1","H7":"1","R7":"1","M7":"1","QC":"1","V9":"1","RC":"1","V2":"1","X8":"1","X7":"1","P4":"1","GG":"1","P5":"1","H8":"1","WC":"1","R8":"1","X3":"1","M5":"1","W7":"1","Q9":"1","Q7":"1","Q8":"1","V7":"1","X9":"1","M4":"1","VC":"1","R9":"1","W8":"1","J4":"1"},"JP":{"H9":"1","JC":"1","HC":"1","J9":"1"},"49":{"G6":"1"},"Q7":{"RV":"1","QV":"1"},"3R":{"4R":"1","4P":"1","5P":"1","4Q":"1","6Q":"1","2X":"1","6P":"1","5Q":"1","5R":"1"},"C7":{"72":"1","W2":"1","62":"1","R2":"1","W4":"1","GC":"1","X4":"1","Q2":"1","W3":"1","P3":"1","XX":"1","V3":"1","J2":"1","R4":"1","R3":"1","Q3":"1","V4":"1","X2":"1","M2":"1","X3":"1","XW":"1","V2":"1","P2":"1"},"F7":{"HW":"1","23":"1","JW":"1","JV":"1","24":"1","MV":"1"}},"3X":{"57":{"R5":"1","R6":"1"},"7F":{"V8":"1","R8":"1"},"56":{"GQ":"1"}},"5W":{"5Q":{"8C":"1"}},"G5":{"99":{"H9":"1","5F":"1","3Q":"1","4P":"1","4Q":"1","G9":"1","H8":"1","3P":"1","G8":"1","6F":"1"},"77":{"PG":"1","JF":"1","HF":"1","JG":"1","MF":"1","HG":"1","JC":"1","PF":"1","MG":"1"},"7H":{"5C":"1"},"WC":{"G6":"1","F6":"1","G5":"1","F5":"1"},"X2":{"J9":"1","5J":"1","4C":"1","F5":"1","3C":"1","M8":"1","C6":"1","49":"1","J8":"1","5M":"1","39":"1","M9":"1","F6":"1","C5":"1"},"VP":{"PM":"1","QJ":"1","RR":"1","MF":"1","RP":"1","PQ":"1","PJ":"1"},"X3":{"6C":"1","7F":"1","53":"1","79":"1","65":"1","55":"1","6F":"1","58":"1","7C":"1","48":"1","66":"1","85":"1","76":"1","37":"1","46":"1","69":"1","75":"1","56":"1","57":"1","47":"1"},"HV":{"X8":"1"},"VQ":{"MJ":"1","W6":"1","Q4":"1","C5":"1","PG":"1","V6":"1","87":"1","R3":"1","MG":"1","V5":"1","PH":"1","97":"1","X7":"1","JH":"1","W7":"1","Q3":"1","X6":"1","MH":"1","W5":"1","R4":"1","88":"1","98":"1","JG":"1"}},"8V":{"QQ":{"3J":"1","4J":"1","4M":"1"}},"3R":{"32":{"MP":"1","JP":"1"},"24":{"GV":"1"}},"2M":{"G4":{"73":"1","32":"1","62":"1","2W":"1","45":"1","84":"1","52":"1","22":"1"},"C5":{"Q4":"1","Q5":"1","P5":"1","P4":"1"},"F6":{"X9":"1","W8":"1","VC":"1","W7":"1","P9":"1","W9":"1","W6":"1","PC":"1","H3":"1","X7":"1","X6":"1","R9":"1","WC":"1","V9":"1","RC":"1","R8":"1","X8":"1","Q9":"1","QC":"1","V8":"1","Q8":"1"},"C3":{"MC":"1","MF":"1"},"65":{"25":"1"},"92":{"GW":"1","FW":"1","FX":"1","CW":"1","77":"1","9W":"1","GV":"1","9X":"1","78":"1","97":"1","67":"1"},"F2":{"8G":"1","8F":"1","RM":"1","QP":"1","7G":"1","RP":"1","RJ":"1","7C":"1","69":"1","QJ":"1","68":"1","7F":"1","6F":"1","PG":"1","QM":"1","79":"1","QQ":"1","PQ":"1","PP":"1","8C":"1","6C":"1","VM":"1"},"F9":{"CM":"1"},"64":{"HR":"1","GV":"1","GR":"1","HV":"1"},"F4":{"R5":"1","XV":"1","JV":"1","Q4":"1","P6":"1","JW":"1","R8":"1","R2":"1","V6":"1","MX":"1","R3":"1","P3":"1","V5":"1","R7":"1","Q5":"1","WW":"1","Q7":"1","QV":"1","Q2":"1","V7":"1","JR":"1","X7":"1","W7":"1","P7":"1","G5":"1","V2":"1","Q3":"1","RM":"1","X2":"1","VJ":"1","Q8":"1","MC":"1","P5":"1","WJ":"1","V4":"1","P4":"1","R4":"1","Q6":"1","J9":"1","P8":"1","MW":"1","R6":"1","JC":"1"},"G3":{"2M":"1","4X":"1","2V":"1","9J":"1","43":"1","9M":"1","4P":"1","3X":"1","8R":"1","65":"1","6G":"1","2R":"1","8Q":"1","5G":"1","CM":"1","2W":"1","5X":"1","66":"1","3V":"1","54":"1","5P":"1","76":"1","44":"1","9W":"1","75":"1","3P":"1","3R":"1","2X":"1"},"FV":{"HW":"1","GW":"1","GX":"1","HX":"1"},"C2":{"P9":"1","JV":"1","8P":"1","CW":"1","8R":"1","6M":"1","PQ":"1","7M":"1","8V":"1","6P":"1","8Q":"1","9V":"1","PR":"1","JR":"1","7P":"1","MR":"1","CV":"1","9R":"1","PJ":"1","MV":"1","9Q":"1","9W":"1","7Q":"1","7R":"1","8M":"1","P8":"1","MQ":"1","PM":"1"},"C4":{"C5":"1","93":"1","48":"1","88":"1","7C":"1","38":"1","59":"1","9C":"1","54":"1","57":"1","4C":"1","94":"1","8C":"1","96":"1","95":"1","77":"1","76":"1","75":"1","67":"1","6F":"1","87":"1","89":"1","86":"1","49":"1","RV":"1","C6":"1","98":"1","73":"1","5C":"1","55":"1","65":"1","84":"1","64":"1","56":"1","3C":"1","66":"1","74":"1","39":"1","97":"1","5G":"1","C4":"1","99":"1","6C":"1","79":"1","5F":"1","78":"1","58":"1","4F":"1","83":"1","69":"1","85":"1","68":"1"},"54":{"F5":"1"},"G5":{"54":"1","57":"1","29":"1","3C":"1","2J":"1","2M":"1","39":"1","3J":"1","2C":"1","37":"1","3M":"1","36":"1"},"G6":{"28":"1","29":"1","26":"1","27":"1"},"F3":{"MV":"1","P9":"1","W9":"1","PC":"1","5J":"1","P8":"1","M6":"1","QG":"1","H5":"1","4J":"1","Q9":"1","QC":"1","RX":"1","XW":"1","J5":"1"},"J7":{"CM":"1","7M":"1","7H":"1","9P":"1","8J":"1","CP":"1","9M":"1","CJ":"1","7J":"1","9H":"1","8H":"1","9J":"1","8M":"1"},"FF":{"FC":"1","GC":"1"},"F5":{"X9":"1","M4":"1","VC":"1","FM":"1","CM":"1","VR":"1","W4":"1","CP":"1","FP":"1","XV":"1","WC":"1","WF":"1","W3":"1","VF":"1","CJ":"1","QR":"1","RC":"1","RQ":"1","X8":"1","JF":"1","QC":"1","HP":"1","VW":"1","RR":"1","QF":"1","VQ":"1"},"J4":{"32":"1"},"J3":{"28":"1","29":"1","2C":"1","3X":"1","3W":"1"}},"C3":{"6V":{"G9":"1"},"8X":{"9P":"1"}},"2R":{"X2":{"C9":"1","C8":"1"},"JP":{"GW":"1","FW":"1","FV":"1","FX":"1","PX":"1","HR":"1","GV":"1","GQ":"1","HQ":"1","QX":"1","GR":"1","GX":"1"},"FC":{"JX":"1","JW":"1"},"GC":{"57":"1","59":"1","47":"1","48":"1","69":"1","68":"1","58":"1","49":"1","67":"1"},"4V":{"6Q":"1","6R":"1","7Q":"1","6V":"1","7R":"1"},"X4":{"H9":"1","HC":"1","WJ":"1","7W":"1"},"MQ":{"92":"1","93":"1"},"GH":{"7G":"1"},"X5":{"QP":"1","F6":"1","95":"1","QM":"1"},"JQ":{"Q2":"1","F2":"1","G2":"1"}},"F8":{"VR":{"45":"1","44":"1","54":"1"},"MQ":{"8Q":"1","CJ":"1","9Q":"1"}},"CH":{"J7":{"7J":"1","8J":"1","7H":"1","8H":"1"},"C2":{"FR":"1","CR":"1","FJ":"1","CV":"1","F5":"1"},"GH":{"6V":"1","5V":"1","5W":"1","6W":"1"},"H7":{"VM":"1","RM":"1"}},"G6":{"62":{"63":"1"},"26":{"X4":"1","C3":"1","PQ":"1","QR":"1","PR":"1","Q2":"1","JQ":"1","F4":"1","X3":"1","MR":"1","C4":"1","P2":"1","5H":"1","M2":"1","PP":"1","MP":"1","JP":"1","X5":"1","MQ":"1","PV":"1"},"X7":{"7Q":"1"},"4R":{"X6":"1","Q3":"1","W5":"1","X5":"1"},"25":{"HP":"1","C9":"1","XM":"1","MX":"1","FH":"1","9C":"1","HR":"1","QX":"1","24":"1","PR":"1","JQ":"1","GH":"1","JR":"1","WM":"1","FG":"1","XJ":"1","MR":"1","25":"1","CC":"1","HQ":"1","77":"1","MV":"1","VJ":"1","MP":"1","WJ":"1","JP":"1","8M":"1","VM":"1","MQ":"1","PX":"1","MW":"1","PV":"1"},"4Q":{"VV":"1","VR":"1"},"MF":{"76":"1"},"V5":{"RJ":"1"},"35":{"2M":"1","2J":"1"},"5Q":{"3M":"1","3J":"1","4J":"1","4M":"1"},"5R":{"26":"1","25":"1","35":"1","34":"1","24":"1"},"36":{"25":"1","24":"1"}},"CJ":{"5R":{"MX":"1","PX":"1"},"6V":{"95":"1","73":"1","C3":"1","4P":"1","65":"1","86":"1","92":"1","84":"1","55":"1","24":"1","63":"1","64":"1","C4":"1","66":"1","54":"1","85":"1","77":"1","76":"1","45":"1","67":"1","82":"1","75":"1","56":"1","83":"1","94":"1","93":"1","74":"1"},"CR":{"8V":"1","2X":"1","HV":"1","8R":"1"},"5V":{"X6":"1","M2":"1"},"3X":{"R2":"1","J4":"1","Q2":"1","Q4":"1","P3":"1","J2":"1","Q3":"1","P4":"1","M2":"1","M3":"1","J5":"1","P2":"1"},"3W":{"MV":"1","PX":"1","MX":"1","MW":"1","RX":"1","QW":"1","QX":"1","PW":"1"},"CV":{"23":"1","34":"1","X5":"1","33":"1"},"FV":{"W8":"1","8G":"1","X5":"1","W7":"1","W6":"1","V6":"1","X7":"1","X6":"1","7H":"1","8J":"1","7J":"1","9H":"1","V5":"1","X8":"1","W5":"1","9G":"1","8H":"1","9J":"1"}},"38":{"7P":{"RP":"1"}},"37":{"6Q":{"VV":"1","RV":"1"},"6R":{"98":"1","G6":"1","H7":"1","H6":"1","GH":"1","GJ":"1","H8":"1","C9":"1","F8":"1","G8":"1","C6":"1","C8":"1","FH":"1","G7":"1","CG":"1","97":"1","C7":"1","F6":"1","F7":"1"},"5R":{"J2":"1","M2":"1","J3":"1","H3":"1","M3":"1"},"23":{"68":"1","58":"1"},"25":{"4G":"1","92":"1","3G":"1","C2":"1"},"24":{"9G":"1","CG":"1","8X":"1","9J":"1","9M":"1","CW":"1","9H":"1","7M":"1","6H":"1","FM":"1","7J":"1","6J":"1","8J":"1","CM":"1","8G":"1","7G":"1","7H":"1","8F":"1","CX":"1","9F":"1","9X":"1","CP":"1","8M":"1","CH":"1"}},"8W":{"8G":{"78":"1"},"8J":{"JX":"1","MX":"1"},"28":{"G4":"1","G3":"1","F3":"1"},"7C":{"76":"1","4G":"1","89":"1","3H":"1","3G":"1","88":"1","4H":"1","79":"1","78":"1"},"6G":{"64":"1","75":"1","5Q":"1","74":"1","5R":"1"},"46":{"RM":"1","FH":"1"},"27":{"94":"1","2Q":"1","3P":"1","2P":"1"},"7F":{"GW":"1","2G":"1","HW":"1","5J":"1","28":"1","6G":"1","6H":"1","5H":"1","GX":"1","6J":"1","HX":"1","5G":"1"},"6F":{"GF":"1","FC":"1","XG":"1","P9":"1","WH":"1","GC":"1","G9":"1","XH":"1","F9":"1","XF":"1","G8":"1","WG":"1","CC":"1","FF":"1","P7":"1","Q8":"1"},"79":{"G9":"1","G7":"1","F8":"1","F9":"1","G8":"1"},"88":{"G4":"1","H4":"1"},"87":{"JR":"1","JV":"1","MV":"1"},"8W":{"4M":"1"},"6J":{"HF":"1","GC":"1","HC":"1"}},"C9":{"MM":{"JJ":"1"},"GP":{"8F":"1","PH":"1","R2":"1","4C":"1","75":"1","P3":"1","9F":"1","F9":"1","6G":"1","VH":"1","68":"1","6F":"1","76":"1","79":"1","9C":"1"},"8G":{"G2":"1"},"GW":{"JQ":"1"},"JQ":{"X5":"1"},"W7":{"XV":"1"},"PH":{"QH":"1","PJ":"1","MJ":"1"},"X7":{"J8":"1","3J":"1","5J":"1"},"PM":{"25":"1","35":"1"},"XJ":{"R3":"1"},"7M":{"3V":"1"},"MQ":{"32":"1","87":"1","82":"1","4C":"1","47":"1"},"MP":{"2M":"1","39":"1","5Q":"1","7Q":"1","4W":"1","5R":"1","7X":"1","7V":"1","4V":"1","4J":"1","7W":"1","3W":"1","3R":"1","2Q":"1"},"GM":{"HH":"1","R5":"1","RH":"1","Q4":"1","M8":"1","H9":"1","C5":"1","RC":"1","R8":"1","PG":"1","JF":"1","PF":"1","R2":"1","MG":"1","RJ":"1","MF":"1","RW":"1","V5":"1","PH":"1","Q5":"1","Q7":"1","M9":"1","GH":"1","H6":"1","C4":"1","PC":"1","P2":"1","H8":"1","VV":"1","J5":"1","W4":"1","QC":"1","J7":"1","RV":"1","F5":"1","R9":"1","J8":"1","H5":"1","Q6":"1","J9":"1","JG":"1","R6":"1","M7":"1"},"RV":{"MX":"1"},"GJ":{"MW":"1","JW":"1","JM":"1","JV":"1","PX":"1"},"6G":{"C9":"1","F9":"1"},"WV":{"G3":"1"},"7F":{"4M":"1"},"C6":{"FG":"1"},"6F":{"M7":"1","GF":"1","Q6":"1","JC":"1","P8":"1","R9":"1","M6":"1","XH":"1","M5":"1","PG":"1","JR":"1","JW":"1"},"C3":{"C9":"1"},"HM":{"FC":"1","3V":"1","4Q":"1","H8":"1","3H":"1","3R":"1","6M":"1","3J":"1"},"JP":{"GQ":"1","XR":"1","2G":"1","6C":"1","WJ":"1","49":"1"},"RC":{"Q9":"1"},"HQ":{"J8":"1","R8":"1"},"9C":{"6C":"1"},"HP":{"6C":"1","MJ":"1","W6":"1","43":"1","8P":"1","5F":"1","39":"1","5C":"1","JM":"1","6F":"1","V5":"1","R7":"1","Q7":"1","6Q":"1","V7":"1","JH":"1","9P":"1","67":"1","6V":"1","GM":"1","V8":"1","MP":"1","VC":"1","MH":"1","Q6":"1","JJ":"1","GP":"1","P8":"1","V9":"1"},"78":{"CM":"1","9J":"1"},"JM":{"8P":"1"},"QF":{"JM":"1","CP":"1"},"6J":{"J4":"1","J3":"1","M5":"1"},"C4":{"PQ":"1"}},"4C":{"5P":{"F8":"1"}},"94":{"X8":{"C3":"1"},"XF":{"5R":"1"}},"9W":{"56":{"43":"1","22":"1","24":"1","25":"1","42":"1","33":"1","35":"1","32":"1","34":"1","23":"1"}},"FC":{"J6":{"68":"1"},"MJ":{"C3":"1","F2":"1","C2":"1","F3":"1"},"G7":{"XR":"1","VX":"1","WR":"1","XH":"1","WV":"1"},"HV":{"7V":"1","8X":"1","7W":"1","8W":"1"},"R8":{"WX":"1"},"HR":{"MP":"1","JP":"1","MQ":"1","JQ":"1"},"MF":{"7V":"1","6V":"1"},"PH":{"Q4":"1","P4":"1"},"MR":{"66":"1","56":"1"},"H7":{"28":"1","3G":"1"},"42":{"X5":"1"},"HW":{"45":"1","8F":"1","65":"1","54":"1","55":"1","8G":"1"},"M2":{"J2":"1"},"R9":{"X6":"1","W2":"1","X7":"1"},"MP":{"PH":"1","QH":"1"},"G8":{"W2":"1","V2":"1"},"M5":{"76":"1","29":"1","39":"1","87":"1","49":"1","67":"1"},"V9":{"26":"1","27":"1"}},"7W":{"VC":{"CF":"1"},"HG":{"6V":"1","6W":"1"},"X7":{"RM":"1","WH":"1","RP":"1","RJ":"1","VH":"1","VJ":"1","WG":"1","VG":"1","VM":"1"},"8J":{"29":"1","5F":"1","26":"1","6F":"1","6C":"1","69":"1","5C":"1","59":"1"},"XM":{"3M":"1","4M":"1"},"V9":{"25":"1"},"7J":{"X6":"1","X7":"1"},"6M":{"WP":"1","WM":"1"},"VM":{"PP":"1"}},"26":{"FG":{"H4":"1","RF":"1"},"HG":{"3Q":"1","2R":"1","2V":"1","3R":"1","2Q":"1","2P":"1"},"GG":{"XP":"1","RQ":"1","WP":"1","VP":"1","VQ":"1","XQ":"1","XR":"1","WQ":"1","VR":"1"},"9F":{"XW":"1","WM":"1","RX":"1","QX":"1","XX":"1","VW":"1"},"CF":{"4X":"1","G2":"1","2V":"1","C9":"1","H3":"1","4Q":"1","3W":"1","C7":"1","VG":"1","5W":"1","2W":"1","C2":"1","3V":"1","F7":"1","76":"1","99":"1","4W":"1","69":"1","MC":"1","HM":"1","68":"1","2X":"1"},"CC":{"GW":"1","GX":"1","HX":"1"},"9G":{"8P":"1","FR":"1","9M":"1","R2":"1","PQ":"1","RQ":"1","8Q":"1","CQ":"1","Q2":"1","CM":"1","GR":"1","RP":"1","9P":"1","9Q":"1","QP":"1","PP":"1","FQ":"1","QQ":"1","CP":"1","QM":"1","PM":"1"},"RX":{"P3":"1"}},"95":{"X6":{"Q6":"1","X9":"1","86":"1"},"X3":{"X9":"1","X8":"1","X7":"1","XC":"1","W8":"1","W7":"1"},"X7":{"X6":"1","X3":"1","X4":"1","W5":"1","W4":"1","W6":"1","X5":"1"},"X4":{"HM":"1","HP":"1","GP":"1","GM":"1"},"W5":{"P5":"1","P4":"1"},"W6":{"WH":"1"}},"HC":{"FF":{"V8":"1","R8":"1"}},"R3":{"HC":{"VW":"1"}},"CM":{"9V":{"F4":"1","84":"1","F3":"1","93":"1","83":"1","QJ":"1","95":"1","C3":"1","PJ":"1","C5":"1","QH":"1","C4":"1","94":"1"},"FV":{"8J":"1","8P":"1"},"24":{"GR":"1"},"CW":{"HJ":"1","FW":"1","FV":"1","CW":"1","HG":"1","5X":"1","GG":"1","VR":"1","3W":"1","GH":"1","XH":"1","RV":"1","VV":"1","4W":"1","2X":"1","3X":"1","HM":"1","QR":"1","HH":"1","RQ":"1","CV":"1","2W":"1","8V":"1","RR":"1","4X":"1"},"29":{"8X":"1","7R":"1","6P":"1"},"9W":{"PR":"1","QP":"1","XG":"1","4P":"1","9F":"1","CF":"1","58":"1","QR":"1","CC":"1","QQ":"1","9C":"1","PQ":"1","PP":"1","8C":"1"},"77":{"4G":"1","3H":"1","3G":"1","3J":"1","4J":"1","4H":"1"},"4R":{"CQ":"1","9V":"1","7P":"1","CM":"1","8P":"1","7M":"1","9P":"1","CP":"1","9M":"1","9Q":"1","8Q":"1","CR":"1","8R":"1","CV":"1","9R":"1","8M":"1"},"CR":{"57":"1","29":"1","37":"1","2R":"1","46":"1","56":"1","47":"1"},"9X":{"FQ":"1","X2":"1","V7":"1","GV":"1"},"8R":{"X9":"1","X8":"1"},"2J":{"57":"1","66":"1","56":"1","67":"1"},"C8":{"VC":"1","W9":"1","WC":"1"},"CG":{"PC":"1","JC":"1","MG":"1","JH":"1","RV":"1","VV":"1","MC":"1","JG":"1","VW":"1","RW":"1","MH":"1"},"5M":{"MW":"1","JX":"1","MX":"1","JW":"1"},"CX":{"34":"1","43":"1","53":"1","6M":"1","35":"1","52":"1","55":"1","24":"1","63":"1","64":"1","33":"1","54":"1","25":"1","42":"1","45":"1","44":"1","46":"1","56":"1","23":"1","22":"1","32":"1","62":"1"},"3J":{"HQ":"1"},"2C":{"4F":"1","RF":"1","5F":"1","59":"1","4C":"1","VF":"1","82":"1","69":"1","6F":"1","49":"1","VG":"1","5C":"1","6C":"1"},"4V":{"MC":"1"},"F6":{"FQ":"1","GQ":"1","JG":"1","MH":"1","FR":"1","JH":"1","MG":"1","GR":"1"},"9R":{"8X":"1","49":"1","MJ":"1","MM":"1","3C":"1","XR":"1","X9":"1","38":"1","39":"1","28":"1","WV":"1","48":"1","7W":"1","WC":"1","7X":"1","PJ":"1","29":"1","2C":"1","CX":"1","9W":"1","W9":"1","XC":"1","8W":"1","MH":"1","9X":"1","JJ":"1"},"F7":{"94":"1","85":"1","84":"1","C4":"1","C6":"1","95":"1","96":"1","C5":"1","86":"1"},"CH":{"VX":"1","WX":"1","WW":"1","VW":"1"},"6X":{"PR":"1","FG":"1","XJ":"1","VR":"1","P8":"1","RV":"1","VV":"1","M8":"1","FH":"1","QV":"1","QR":"1","CG":"1","RX":"1","QW":"1","VW":"1","RR":"1","PV":"1","RW":"1","F6":"1","PW":"1","CH":"1"}},"CP":{"89":{"H2":"1","G2":"1","H3":"1"},"45":{"W8":"1","X5":"1","W7":"1","W6":"1","X7":"1","X6":"1","W5":"1","V8":"1"},"24":{"RM":"1"},"93":{"HF":"1"},"55":{"3M":"1","3J":"1","4J":"1","4M":"1"},"92":{"PH":"1","W6":"1","V6":"1","MG":"1","V5":"1","PG":"1","R6":"1","W5":"1","R5":"1","HP":"1","GR":"1","JM":"1","MH":"1"},"C2":{"68":"1","87":"1","69":"1","88":"1","79":"1","78":"1","77":"1"},"88":{"PM":"1","GX":"1","HX":"1","PP":"1","QM":"1"},"94":{"HW":"1","JX":"1","HX":"1","JW":"1"}},"F6":{"X5":{"X4":"1","X5":"1"}},"CR":{"3V":{"3C":"1","2C":"1","2F":"1"},"2X":{"G4":"1"}},"CC":{"RQ":{"2H":"1","3H":"1","2J":"1","3J":"1"},"P8":{"73":"1","74":"1"},"6V":{"9X":"1","9W":"1","9V":"1","8X":"1","8W":"1"},"27":{"J8":"1","P7":"1","M6":"1","Q7":"1"},"6W":{"94":"1","85":"1","53":"1","84":"1","95":"1"}},"J3":{"49":{"6H":"1","6J":"1","7H":"1","7G":"1"}},"9M":{"X9":{"VR":"1","RV":"1","VV":"1","WV":"1","VJ":"1","VW":"1","RR":"1"},"XQ":{"CF":"1","CC":"1"},"XV":{"9R":"1","8V":"1","9W":"1","7Q":"1","8Q":"1","9V":"1","MQ":"1","7R":"1","8W":"1","8R":"1"}},"27":{"G5":{"4J":"1","4H":"1"},"X5":{"MM":"1","WP":"1","PM":"1","XP":"1","RP":"1","6H":"1","QQ":"1","VP":"1","PJ":"1","QW":"1","PP":"1","6J":"1"},"J3":{"MP":"1","GQ":"1","HH":"1","MQ":"1"},"W6":{"J9":"1","JC":"1","PM":"1","R9":"1","V9":"1","MF":"1","C8":"1","MC":"1","R8":"1","JF":"1","V8":"1","PP":"1"},"V6":{"7F":"1","7C":"1"},"X6":{"J6":"1","W6":"1","W3":"1","M8":"1","P6":"1","65":"1","W2":"1","Q9":"1","V5":"1","Q5":"1","F9":"1","V7":"1","FC":"1","M6":"1","P7":"1","X2":"1","J5":"1","W4":"1","QC":"1","69":"1","J8":"1","M5":"1","W5":"1","V4":"1","Q6":"1"},"84":{"MC":"1","QC":"1"},"W4":{"CH":"1"},"X4":{"6R":"1","3X":"1"},"J6":{"VV":"1","RV":"1"},"W5":{"FR":"1","XM":"1"}},"FG":{"94":{"3V":"1","RW":"1","4W":"1","CX":"1","RV":"1","3W":"1"},"3J":{"26":"1"},"95":{"3C":"1"}},"F9":{"4X":{"RR":"1","VV":"1","PP":"1","3W":"1"},"7F":{"6G":"1"},"M8":{"98":"1"},"MM":{"HJ":"1"},"9M":{"6J":"1","98":"1"},"38":{"X5":"1","V2":"1"},"R2":{"28":"1"},"39":{"M3":"1"},"PQ":{"RM":"1","QP":"1","WR":"1","PM":"1","MG":"1","RJ":"1","XM":"1","QJ":"1","PG":"1"},"8V":{"QP":"1"},"9V":{"8F":"1"},"QR":{"83":"1","62":"1","63":"1"},"PR":{"G6":"1","G5":"1","HC":"1","G9":"1","R3":"1","H5":"1","M8":"1","G8":"1","F6":"1","Q8":"1","C4":"1"},"48":{"64":"1","44":"1","52":"1","72":"1"},"7W":{"XG":"1","XH":"1"},"F8":{"28":"1","7F":"1","8F":"1","46":"1","27":"1","56":"1","8C":"1"},"FV":{"8P":"1","9P":"1"},"W7":{"MH":"1"},"HW":{"P7":"1"},"37":{"VQ":"1","XX":"1"},"89":{"8V":"1"},"C8":{"X7":"1","VF":"1"},"PP":{"CX":"1","5C":"1","C7":"1"},"MP":{"7C":"1"},"JX":{"9G":"1","8G":"1"},"QQ":{"7X":"1","6X":"1","4V":"1"},"W5":{"VF":"1"},"47":{"2W":"1","2V":"1","6X":"1","3X":"1","5X":"1","4X":"1"},"CR":{"P2":"1"},"MW":{"3H":"1","3J":"1","4J":"1","4M":"1","4H":"1"},"V9":{"RJ":"1"}},"2C":{"M7":{"X2":"1","W3":"1","W2":"1","R3":"1","V3":"1","R2":"1","V2":"1"},"H9":{"54":"1","24":"1","64":"1","38":"1","25":"1","47":"1","75":"1","66":"1","35":"1","34":"1","V8":"1"},"J9":{"QR":"1"},"P9":{"2H":"1","5H":"1","3H":"1","2J":"1","3J":"1"},"JC":{"X2":"1","X3":"1","X4":"1"},"5P":{"R2":"1"},"M6":{"RX":"1","VX":"1","XX":"1","WX":"1","WW":"1"},"H8":{"6R":"1","6X":"1","6W":"1"},"M8":{"2H":"1","JF":"1","GW":"1","HF":"1","GV":"1","FW":"1","3H":"1","2J":"1","3J":"1","FV":"1"},"MC":{"23":"1","22":"1"},"J8":{"QR":"1","PR":"1","QV":"1","PV":"1"},"CG":{"2V":"1","CP":"1"},"6P":{"76":"1"},"9G":{"RJ":"1","VJ":"1","XV":"1","WJ":"1","VM":"1","RM":"1","VH":"1"},"M9":{"G8":"1","G7":"1","M8":"1","V8":"1","F4":"1","H5":"1","C7":"1","FF":"1","F7":"1","J6":"1","G5":"1","J9":"1","F8":"1","P7":"1","G6":"1","Q5":"1","C9":"1","G9":"1","FC":"1","H7":"1","HC":"1","R3":"1","F6":"1","M7":"1","CC":"1","J3":"1","FG":"1","Q6":"1","F9":"1","C6":"1","98":"1","H3":"1","M3":"1","Q3":"1","R4":"1","2H":"1","G3":"1","P6":"1","P4":"1","GG":"1","9R":"1","P5":"1","5V":"1","H8":"1","3V":"1","J5":"1","C8":"1","GC":"1","P3":"1","H2":"1","3W":"1","J8":"1","H6":"1","H4":"1","G4":"1","M5":"1","R6":"1","99":"1","GF":"1","J7":"1","F5":"1","Q7":"1","JC":"1","M9":"1","M6":"1","V7":"1","H9":"1","M4":"1","R5":"1","P8":"1","CF":"1","W8":"1","Q4":"1","J4":"1","2J":"1"},"J5":{"G9":"1","7C":"1","8C":"1"}},"2F":{"5W":{"8F":"1","7G":"1","JH":"1","7C":"1","H5":"1","7F":"1","95":"1","8C":"1","C5":"1","94":"1"}},"6W":{"JX":{"35":"1","CP":"1"},"JW":{"FG":"1","F4":"1","F3":"1","93":"1","95":"1","C3":"1","C5":"1","C4":"1","94":"1"},"JV":{"QX":"1"}},"H3":{"X8":{"2H":"1","2M":"1","3M":"1","2J":"1","3J":"1"},"V7":{"26":"1","27":"1"},"R7":{"X6":"1","X7":"1"},"V8":{"M7":"1","M4":"1","M6":"1","P5":"1","P3":"1","M5":"1","P4":"1","Q7":"1","P7":"1","M3":"1","P6":"1"},"V6":{"3Q":"1","4P":"1","5P":"1","4Q":"1","7W":"1","3P":"1","7V":"1","6W":"1","5Q":"1","8W":"1","6V":"1"}},"29":{"3C":{"5P":"1"},"CV":{"RQ":"1","VP":"1","VQ":"1","RR":"1","VR":"1","RP":"1"}},"2H":{"5F":{"2J":"1"},"4W":{"26":"1"},"FW":{"4W":"1","5X":"1","5W":"1"},"7X":{"GP":"1","HJ":"1","PR":"1","GW":"1","JQ":"1","FW":"1","9V":"1","MV":"1","FV":"1","FX":"1","FM":"1","CW":"1","HW":"1","9W":"1","MQ":"1","FQ":"1","MP":"1","GM":"1","HR":"1","GV":"1","GJ":"1","9X":"1","FR":"1","2Q":"1","GQ":"1","HM":"1","QV":"1","QR":"1","JP":"1","JV":"1","CV":"1","HQ":"1","CX":"1","JR":"1","HP":"1","PQ":"1","JW":"1","HV":"1","GR":"1","PV":"1","GX":"1","HX":"1","JX":"1"},"FR":{"X2":"1","R8":"1"},"6X":{"4H":"1","3V":"1","2V":"1","MX":"1","MW":"1","5H":"1","6P":"1","3R":"1","2W":"1","2R":"1","6V":"1","5G":"1","4G":"1"},"54":{"73":"1","36":"1","87":"1","46":"1","95":"1","77":"1"},"4F":{"XM":"1"},"97":{"44":"1"},"87":{"F7":"1","W5":"1","V4":"1"},"5X":{"VC":"1","W9":"1","RR":"1","4W":"1","8Q":"1","WC":"1","V9":"1","JR":"1","XH":"1","8R":"1"},"86":{"HR":"1","MR":"1","MQ":"1","JR":"1","JQ":"1"}},"J2":{"C3":{"73":"1","32":"1","MW":"1","74":"1","MX":"1","44":"1","PW":"1","54":"1","25":"1","QW":"1","QX":"1","24":"1","PV":"1","MV":"1","PX":"1","42":"1"},"92":{"XP":"1","PX":"1","MX":"1","MW":"1","RX":"1","QW":"1","QX":"1","RW":"1","PW":"1"},"MW":{"3V":"1"},"C4":{"M4":"1","W2":"1","Q6":"1","J3":"1","R2":"1","J4":"1","W4":"1","Q5":"1","Q2":"1","P5":"1","W3":"1","Q4":"1","P3":"1","V3":"1","M5":"1","J2":"1","R4":"1","R3":"1","Q3":"1","V5":"1","V4":"1","P4":"1","M2":"1","W5":"1","R5":"1","M3":"1","V2":"1","J5":"1","P2":"1"},"8Q":{"RH":"1"},"3G":{"J2":"1"},"93":{"Q2":"1","P2":"1","X4":"1","W5":"1","W4":"1","X5":"1"},"C2":{"36":"1","4X":"1","2P":"1","FR":"1","CW":"1","4P":"1","4M":"1","3X":"1","7V":"1","6G":"1","6H":"1","4Q":"1","35":"1","4R":"1","3W":"1","FW":"1","7W":"1","CV":"1","FV":"1","5P":"1","GR":"1","5Q":"1","7G":"1","7H":"1","45":"1","4W":"1","46":"1","5R":"1","8W":"1","CR":"1"}},"5X":{"P2":{"JX":"1","XH":"1"},"X2":{"W3":"1","X3":"1"},"W3":{"MC":"1"}},"9R":{"JQ":{"G3":"1"}},"C8":{"57":{"X2":"1","R3":"1"},"56":{"RX":"1","RW":"1","VV":"1","XR":"1","WX":"1","WV":"1"},"84":{"2R":"1","JQ":"1"},"7M":{"F9":"1"},"9P":{"F5":"1"},"66":{"7W":"1","2Q":"1"},"9Q":{"6R":"1"},"7J":{"J4":"1"},"88":{"3W":"1"},"94":{"6X":"1"}},"9Q":{"P5":{"9X":"1","CX":"1","7X":"1","8X":"1"},"P6":{"72":"1","73":"1","62":"1","84":"1","93":"1","83":"1","82":"1","92":"1","C2":"1","C3":"1","74":"1"}},"39":{"9P":{"JV":"1"},"G4":{"7J":"1","Q4":"1","8J":"1","Q3":"1","6H":"1","6J":"1","5H":"1","P4":"1","7H":"1","5J":"1","6G":"1","9F":"1"},"G3":{"XR":"1","RP":"1"},"H3":{"2R":"1"}},"H2":{"Q2":{"W6":"1"},"WH":{"M7":"1","H7":"1","H9":"1","W7":"1","V6":"1","HC":"1","J7":"1","R7":"1","M5":"1","J6":"1","M8":"1","V7":"1","R8":"1","J8":"1","V8":"1"}},"3W":{"X6":{"XG":"1","WG":"1","XF":"1","XH":"1"}},"4W":{"26":{"CQ":"1","2G":"1","CP":"1","2H":"1","FP":"1","FQ":"1","3H":"1","3G":"1","2F":"1"}},"H6":{"28":{"V2":"1"},"27":{"RX":"1","VX":"1"}},"H4":{"C3":{"FQ":"1","9R":"1","CQ":"1","8P":"1","FR":"1","9P":"1","8Q":"1","FP":"1","CR":"1","9Q":"1","CP":"1","8R":"1"},"37":{"F4":"1"},"94":{"9G":"1","CG":"1","P9":"1","M8":"1","53":"1","R8":"1","9H":"1","V6":"1","GC":"1","C9":"1","GF":"1","CF":"1","Q9":"1","9C":"1","55":"1","R7":"1","Q7":"1","V7":"1","FC":"1","FG":"1","54":"1","P7":"1","CC":"1","99":"1","44":"1","FF":"1","9F":"1","Q8":"1","V8":"1","Q6":"1","P8":"1","CH":"1","R6":"1","M7":"1"},"HP":{"3P":"1"},"84":{"RM":"1"},"C4":{"46":"1"},"GP":{"PG":"1","WP":"1","WM":"1","VQ":"1","VR":"1","VM":"1"},"93":{"M7":"1","CQ":"1","9V":"1","J9":"1","P9":"1","Q6":"1","P8":"1","9P":"1","Q5":"1","M8":"1","8R":"1","HM":"1","QM":"1","J8":"1","R5":"1","P7":"1","8V":"1","M9":"1","9R":"1"}},"G4":{"8V":{"J6":"1","HF":"1","M8":"1","H9":"1","HG":"1","JF":"1","G9":"1","M6":"1","HC":"1","H7":"1","H8":"1","J5":"1","J7":"1","J8":"1","M5":"1","J9":"1","JG":"1","M7":"1","JC":"1"},"WF":{"56":"1"},"7V":{"HH":"1","HJ":"1","JH":"1","JJ":"1"},"RC":{"VH":"1","RH":"1"},"8W":{"R5":"1","R3":"1","V3":"1","R4":"1","V4":"1","V5":"1"}},"4G":{"C3":{"RJ":"1","RM":"1"}},"3F":{"QR":{"9H":"1","CH":"1","CG":"1","9G":"1","8H":"1","4C":"1","8G":"1"},"MR":{"P9":"1","P8":"1","WH":"1","WJ":"1","82":"1","VH":"1","92":"1","VJ":"1","WG":"1","W5":"1","VG":"1","VM":"1"},"PR":{"84":"1"},"MQ":{"2H":"1","9X":"1","2J":"1","8X":"1"},"JQ":{"XV":"1","WR":"1","WW":"1","WV":"1"}},"C4":{"FM":{"5J":"1"},"C4":{"X2":"1","X3":"1","W2":"1"},"7V":{"HM":"1","HP":"1","GP":"1","FP":"1","GM":"1"},"3G":{"CR":"1"},"2G":{"92":"1","82":"1","72":"1"},"CJ":{"2M":"1","2P":"1"},"2F":{"9X":"1","7X":"1","MR":"1","8X":"1","PR":"1","PV":"1","MV":"1"},"F4":{"23":"1","22":"1"},"9J":{"XP":"1","XM":"1"},"F3":{"5F":"1","4G":"1","4F":"1","FJ":"1","GJ":"1","5C":"1"},"8R":{"FQ":"1"}},"2W":{"HH":{"9M":"1","9P":"1"},"34":{"RQ":"1","QQ":"1","QR":"1","RR":"1"},"CG":{"4P":"1","5Q":"1","3Q":"1","4Q":"1","5P":"1","3P":"1"},"MJ":{"3C":"1","3F":"1","22":"1"},"HV":{"P9":"1"},"5F":{"H5":"1","F2":"1","H6":"1","G2":"1","G5":"1","J5":"1"},"6G":{"Q9":"1","9X":"1","CX":"1","QC":"1"},"6H":{"C3":"1","92":"1","F2":"1","C4":"1","G3":"1","93":"1","C2":"1","F4":"1","F3":"1"},"MF":{"89":"1","99":"1","4H":"1","4Q":"1","8J":"1","5H":"1","7V":"1","5Q":"1","5R":"1","8C":"1","6J":"1","5G":"1","4G":"1"},"58":{"7H":"1","8H":"1","7G":"1"},"JH":{"HQ":"1","HR":"1","RX":"1","VX":"1","QX":"1","JR":"1","XX":"1","JV":"1","WX":"1","VW":"1","WW":"1","HV":"1","JQ":"1"},"PC":{"MV":"1","CP":"1"},"7G":{"FQ":"1","GQ":"1","JM":"1","FJ":"1"},"7H":{"R5":"1","Q6":"1","R6":"1","Q5":"1","H2":"1","87":"1","H3":"1","77":"1"},"69":{"89":"1","99":"1","9C":"1","8C":"1"},"MC":{"MR":"1","PQ":"1","PR":"1","MQ":"1"},"MH":{"QR":"1","RR":"1","VV":"1","25":"1","VR":"1","PR":"1","RV":"1","QV":"1"},"JJ":{"Q2":"1","Q4":"1","X2":"1","Q3":"1","W2":"1","P4":"1","RW":"1","P3":"1","PQ":"1","R3":"1","V3":"1","R4":"1","R2":"1","V2":"1"},"CH":{"G3":"1","H3":"1"},"JG":{"QX":"1"},"MW":{"FR":"1"}},"2Q":{"CQ":{"MX":"1","PX":"1"},"7H":{"GH":"1"},"FR":{"HH":"1","7G":"1"},"XR":{"CF":"1","CG":"1","9G":"1","9F":"1"},"CR":{"H4":"1","G4":"1","G2":"1","M4":"1","Q4":"1","H3":"1","P3":"1","Q2":"1","G3":"1","M3":"1","X7":"1","W7":"1","G5":"1","P2":"1","Q3":"1","J5":"1","X8":"1","M2":"1","J4":"1","P5":"1","J3":"1","H5":"1","M5":"1","P4":"1","H2":"1"},"69":{"28":"1","C9":"1","53":"1","52":"1","38":"1","C8":"1","6F":"1","3J":"1","4J":"1","4M":"1","5C":"1","99":"1","4C":"1","88":"1","96":"1","63":"1"},"48":{"Q9":"1","J6":"1","W9":"1","R9":"1","P6":"1"},"CV":{"R5":"1","Q6":"1","Q4":"1","Q5":"1","P5":"1","P6":"1"},"59":{"92":"1","47":"1","C2":"1","Q7":"1"},"WV":{"2V":"1"},"58":{"49":"1","CW":"1","HP":"1","HX":"1","38":"1","FX":"1","JM":"1","GV":"1","GX":"1","48":"1","FW":"1","GW":"1","JH":"1","FV":"1","J5":"1","HW":"1","CX":"1","89":"1","HM":"1","9X":"1","JP":"1","88":"1","98":"1"}},"6X":{"H2":{"CH":"1","CG":"1"},"G2":{"C9":"1","F9":"1"},"22":{"HG":"1"},"33":{"H5":"1","H4":"1","G5":"1"}},"2P":{"3X":{"83":"1","84":"1","99":"1","9C":"1","8C":"1"}},"4F":{"GX":{"99":"1","FG":"1","J7":"1","R7":"1","F9":"1","J6":"1","CF":"1","C9":"1","F8":"1","C8":"1","R8":"1","FF":"1","Q7":"1","CG":"1","Q8":"1"}},"F2":{"M4":{"R9":"1"}},"28":{"GP":{"2H":"1","2J":"1"},"CP":{"XP":"1","XQ":"1","XX":"1"},"FP":{"FX":"1","MG":"1","FQ":"1","CR":"1","2P":"1","2Q":"1","FR":"1","GQ":"1","GR":"1","MH":"1","6C":"1"},"FQ":{"H3":"1"},"9Q":{"QX":"1"},"2Q":{"PF":"1","QC":"1","QF":"1","P7":"1","PC":"1"},"9R":{"Q2":"1"}},"2X":{"R3":{"P8":"1","Q8":"1"}},"CF":{"9V":{"XJ":"1"},"FX":{"PX":"1"},"CW":{"C2":"1"},"9W":{"6C":"1"},"WJ":{"R3":"1","V3":"1","R4":"1","V4":"1"},"VJ":{"9V":"1","8X":"1","9W":"1","7W":"1","CR":"1","8R":"1","CV":"1","8V":"1","8W":"1","9R":"1"},"CV":{"6Q":"1","5Q":"1","6J":"1","7Q":"1","4R":"1","5R":"1","4Q":"1","7P":"1","5P":"1","7R":"1","6P":"1"},"GX":{"CG":"1"},"F7":{"49":"1","4C":"1"}},"Q4":{"2M":{"XP":"1","XM":"1"},"3M":{"5M":"1"},"3J":{"5W":"1","7X":"1","7W":"1","7V":"1","6W":"1","5V":"1","4V":"1","5R":"1","6V":"1","6X":"1"}},"2J":{"FW":{"57":"1","66":"1","65":"1","56":"1","67":"1","55":"1"},"72":{"F4":"1","H3":"1","G4":"1","F3":"1","93":"1","G2":"1","92":"1","F2":"1","G3":"1","C2":"1","C3":"1","H4":"1","H2":"1","C4":"1"},"73":{"F7":"1","C6":"1","F6":"1","C7":"1"},"8X":{"VC":"1","XG":"1","P5":"1","XH":"1","R4":"1"},"62":{"HJ":"1","86":"1","5P":"1","MQ":"1","MP":"1","HH":"1","QQ":"1","PQ":"1","PP":"1"},"HW":{"RX":"1"},"77":{"QV":"1"},"64":{"5F":"1","4G":"1","94":"1","HM":"1","4F":"1","3G":"1","3F":"1","HJ":"1","4C":"1","95":"1"},"75":{"2Q":"1"},"7C":{"C9":"1","VP":"1","FC":"1","GC":"1","FF":"1","RP":"1","GG":"1","99":"1","F9":"1","GF":"1","RM":"1","VM":"1","CC":"1"},"9X":{"39":"1","4W":"1","26":"1","46":"1","27":"1","47":"1"},"6F":{"H9":"1"},"79":{"FV":"1","9V":"1","46":"1","4H":"1","48":"1","44":"1","7Q":"1","3G":"1","CQ":"1","7V":"1","8V":"1","35":"1","3H":"1","38":"1","34":"1","37":"1","HQ":"1","54":"1","57":"1","8P":"1","FP":"1","36":"1","CM":"1","CP":"1","FR":"1","CR":"1","GP":"1","FG":"1","49":"1","9P":"1","2V":"1","HR":"1","55":"1","GJ":"1","9R":"1","3V":"1","56":"1","9Q":"1","47":"1","CV":"1","GQ":"1","39":"1","8Q":"1","FQ":"1","GV":"1","45":"1","GR":"1","FH":"1","4G":"1","2W":"1","8R":"1","FM":"1","4F":"1","FJ":"1","GM":"1","6V":"1","7R":"1"},"6P":{"PG":"1","G2":"1"},"6M":{"H8":"1","H9":"1","FM":"1","H5":"1","CM":"1","J8":"1","FJ":"1","CJ":"1","GJ":"1","8H":"1","J9":"1","GM":"1","JQ":"1"},"78":{"4V":"1"},"52":{"9P":"1","Q2":"1","9M":"1","P3":"1","9Q":"1","Q3":"1","H4":"1","P2":"1"},"8C":{"9R":"1","CR":"1","9Q":"1"},"6C":{"7R":"1","9V":"1","8Q":"1","7Q":"1","8R":"1","7V":"1","8V":"1","9R":"1","6R":"1","6V":"1"},"JX":{"28":"1","29":"1"},"HX":{"X9":"1","X8":"1","W9":"1"},"5G":{"RQ":"1","PM":"1","HR":"1","RR":"1","PP":"1","GR":"1"}}}}