{"index":{"university,1|retail,2|tourism,3|wreck,4|historical,5|artsCulture,6|namedBuilding,7|water,8|wetland,9|park,10|beach,11|natureReserve,12|cemetery,13|trail,14":{}},"78":{"52":{"59":{"R6":"1"},"4C":{"36":"1","37":"1","45":"1","35":"1","46":"1","47":"1"},"3C":{"X2":"1","W2":"1","WF":"1","RC":"1","WC":"1","QC":"1"},"49":{"P9":"1","PC":"1","P8":"1","MF":"1","M8":"1","MC":"1","WG":"1","Q9":"1","QC":"1","P7":"1","M9":"1","Q8":"1"},"39":{"VP":"1","XX":"1","WX":"1"},"3G":{"XJ":"1","WJ":"1","XH":"1"},"5G":{"FG":"1","FF":"1","GG":"1","GF":"1"},"4G":{"2H":"1"}}}}