{"index":{"university,1|retail,2|tourism,3|wreck,4|historical,5|artsCulture,6|namedBuilding,7|water,8|wetland,9|park,10|beach,11|natureReserve,12|cemetery,13|trail,14":{}},"79":{"6R":{"WF":{"8F":"1","9V":"1","F3":"1","9F":"1","7F":"1","92":"1","F2":"1","C6":"1","C2":"1","6F":"1","C3":"1","96":"1","9G":"1","97":"1","C7":"1"},"WC":{"9X":"1","CX":"1","FX":"1"}},"8Q":{"V4":{"7J":"1","7M":"1"},"V2":{"Q6":"1","X6":"1","R6":"1","J7":"1","R7":"1","J8":"1","W6":"1","P7":"1","V6":"1","77":"1"}},"7R":{"3C":{"99":"1"},"38":{"WP":"1","VP":"1","WQ":"1"},"48":{"HF":"1","HG":"1","GG":"1"},"2F":{"7F":"1","8F":"1"}}}}