{"index":{"university,1|retail,2|tourism,3|wreck,4|historical,5|artsCulture,6|namedBuilding,7|water,8|wetland,9|park,10|beach,11|natureReserve,12|cemetery,13|trail,14":{}},"7C":{"78":{"X8":{"X6":"1"}},"36":{"HG":{"HF":"1","HG":"1","GF":"1"},"V9":{"5Q":"1","3Q":"1","4R":"1","5R":"1","4Q":"1","3R":"1"}},"G4":{"WX":{"62":"1","52":"1"}},"6C":{"FG":{"2Q":"1"},"CH":{"JF":"1"}},"4X":{"5J":{"QP":"1"}},"2V":{"3G":{"98":"1","89":"1","99":"1","7C":"1","79":"1","88":"1","9C":"1","78":"1","8C":"1"},"2G":{"28":"1","29":"1","2C":"1","27":"1"},"3F":{"28":"1","38":"1"}},"XF":{"2W":{"28":"1","29":"1","39":"1","38":"1"}},"W6":{"4G":{"23":"1"},"5H":{"4J":"1","4M":"1","6P":"1"},"2C":{"9X":"1"},"3H":{"J2":"1","FM":"1","HM":"1","F2":"1","H2":"1","XJ":"1","G2":"1","JM":"1","HJ":"1","XH":"1","C2":"1","GM":"1"},"4F":{"9H":"1","9G":"1","8H":"1"},"3G":{"GW":"1","9V":"1","FW":"1","FV":"1","FX":"1","CW":"1","9W":"1","CR":"1","CV":"1","CX":"1","GX":"1","9R":"1","HX":"1"},"4H":{"H9":"1","J9":"1","P9":"1","J4":"1","7G":"1","6H":"1","6G":"1","9H":"1","7F":"1","M8":"1","2P":"1","6F":"1","J8":"1","Q7":"1","CG":"1","4J":"1","5H":"1","M9":"1","8H":"1","85":"1","3M":"1"}},"4J":{"H8":{"RG":"1"},"J2":{"57":"1","76":"1","66":"1","5F":"1","75":"1","65":"1","3Q":"1","2R":"1","97":"1","87":"1","9Q":"1","95":"1","88":"1","56":"1","67":"1","55":"1","3R":"1","C2":"1","2Q":"1","C7":"1","86":"1","77":"1"},"WF":{"GF":"1","89":"1","FC":"1","77":"1","GC":"1","G9":"1","79":"1","FF":"1","88":"1","87":"1","78":"1","97":"1"},"H2":{"R5":"1","Q4":"1","C8":"1","VX":"1","FP":"1","QV":"1","R4":"1","59":"1"},"M2":{"4F":"1","22":"1","2G":"1","4C":"1","38":"1","93":"1","6Q":"1","C3":"1","53":"1","23":"1","52":"1","9J":"1","C4":"1","94":"1"},"J3":{"3M":"1","53":"1","J7":"1","JM":"1"},"H3":{"9R":"1","Q5":"1","F8":"1"},"M3":{"F5":"1"}},"C5":{"3X":{"RP":"1","3X":"1","4X":"1"},"5X":{"9X":"1","CX":"1"}},"RC":{"P8":{"HM":"1","HJ":"1","GJ":"1","GM":"1"}},"2F":{"37":{"25":"1","34":"1"},"27":{"M8":"1","M7":"1"}},"3X":{"3V":{"8J":"1","9M":"1","CM":"1","8P":"1","9P":"1","8Q":"1","7P":"1","CP":"1","7M":"1","9J":"1","8M":"1"},"4X":{"6V":"1"}},"8R":{"6H":{"XX":"1"},"6J":{"X2":"1"},"QX":{"3W":"1"}},"65":{"MP":{"2X":"1"},"Q2":{"XH":"1","VQ":"1","XM":"1","RQ":"1","RJ":"1","WM":"1","XJ":"1","XQ":"1","WP":"1","XP":"1","RR":"1","RP":"1","RM":"1","VJ":"1","HW":"1","QP":"1","PP":"1","WJ":"1","QQ":"1","QJ":"1","WQ":"1","QM":"1","VM":"1","VP":"1","PM":"1"},"PG":{"F8":"1","2Q":"1","C5":"1","38":"1","4F":"1","84":"1","37":"1","6G":"1","86":"1","59":"1","6H":"1","F7":"1","5P":"1","88":"1","7H":"1","6R":"1","3Q":"1","95":"1","G9":"1","C7":"1","H8":"1","5M":"1","3F":"1","47":"1","3C":"1","78":"1","39":"1","48":"1","49":"1","6J":"1","5J":"1","29":"1","58":"1","5R":"1","F9":"1","4M":"1","4G":"1","J7":"1","7C":"1","7G":"1","6Q":"1","66":"1","4R":"1","H7":"1","5C":"1","67":"1","4J":"1","2C":"1","7F":"1","2F":"1","J6":"1","5H":"1","G5":"1","3M":"1","68":"1","C6":"1","2M":"1","96":"1","98":"1","5F":"1","5Q":"1","H9":"1","H5":"1","79":"1","28":"1","94":"1","2J":"1","2H":"1","77":"1","87":"1","2V":"1","4H":"1","3H":"1","6M":"1","5G":"1","6F":"1","97":"1","6C":"1","3P":"1","C9":"1","2G":"1","89":"1","4C":"1","85":"1","3J":"1","7J":"1","57":"1","G7":"1","3G":"1","F5":"1","2R":"1","C8":"1","4Q":"1","G8":"1","6P":"1","69":"1","F6":"1","2P":"1","H6":"1","27":"1","4P":"1","G6":"1"},"Q4":{"86":"1","57":"1","77":"1","65":"1","64":"1","56":"1","84":"1","75":"1","66":"1","68":"1","55":"1","46":"1","95":"1","96":"1","76":"1","74":"1","87":"1","78":"1","85":"1","67":"1"},"JP":{"XX":"1"},"9H":{"2J":"1"},"92":{"RR":"1","VR":"1","RV":"1"},"Q3":{"V6":"1","R9":"1","WF":"1","VF":"1","R7":"1","R4":"1","H5":"1","XF":"1","V4":"1","V5":"1","V7":"1","R8":"1","RC":"1","R6":"1","R5":"1","QC":"1","V8":"1","QF":"1","J5":"1","H4":"1","8M":"1","Q8":"1"},"MH":{"R5":"1","Q5":"1"},"5V":{"7F":"1","6F":"1","7G":"1","6G":"1"},"W5":{"XF":"1","MG":"1"},"MQ":{"55":"1"},"R3":{"MX":"1","23":"1","38":"1","2G":"1"},"8H":{"XJ":"1"},"MG":{"X9":"1","W8":"1","WP":"1","VC":"1","XC":"1","XQ":"1","XG":"1","WR":"1","W9":"1","XJ":"1","WQ":"1","WM":"1","WH":"1","XP":"1","WJ":"1","RG":"1","RJ":"1","WF":"1","WC":"1","RH":"1","XH":"1","XM":"1","VF":"1","VH":"1","QG":"1","QJ":"1","MX":"1","XF":"1","VJ":"1","WG":"1","XR":"1","RX":"1","QH":"1"},"C2":{"GW":"1","W9":"1","HW":"1","GV":"1","MC":"1","HV":"1","CH":"1"},"R2":{"2P":"1"},"P7":{"F8":"1"},"JQ":{"V9":"1"}},"86":{"G6":{"GF":"1","FG":"1","FC":"1","HG":"1","JC":"1","GG":"1","GC":"1","HC":"1","FF":"1","JF":"1","JG":"1","HF":"1"}},"V6":{"VG":{"2W":"1","2X":"1"},"RG":{"XW":"1","XX":"1"}},"39":{"6J":{"H5":"1","G7":"1","H6":"1","F7":"1","C6":"1","G6":"1","F6":"1","G5":"1","C7":"1","F5":"1","H7":"1"}},"6R":{"FM":{"HW":"1","GW":"1","GV":"1","HV":"1"}},"5V":{"HH":{"29":"1","5P":"1","28":"1","79":"1","87":"1","37":"1","36":"1"},"HJ":{"83":"1","F2":"1"},"GH":{"X9":"1","X8":"1"}},"C6":{"32":{"G8":"1","PM":"1","JJ":"1","PP":"1","PH":"1","W9":"1","XQ":"1","F8":"1","MG":"1","8W":"1","MH":"1","42":"1","PJ":"1","MJ":"1","G9":"1","XR":"1","7W":"1","7G":"1","32":"1","87":"1","8G":"1","F9":"1","7H":"1","M3":"1","X8":"1","HJ":"1","QM":"1","J5":"1","WQ":"1","97":"1","RM":"1","QP":"1","QJ":"1","RJ":"1","M5":"1","WR":"1","3F":"1","JH":"1","X9":"1","M4":"1","VC":"1","W8":"1","J4":"1"},"52":{"64":"1","73":"1","76":"1","66":"1","92":"1","75":"1","65":"1","74":"1","53":"1","54":"1","55":"1","C2":"1","63":"1"},"43":{"H8":"1"},"42":{"X6":"1","2R":"1","38":"1","2Q":"1","X5":"1"}},"RF":{"5C":{"5R":"1","5V":"1"}},"4R":{"P4":{"QR":"1"},"FG":{"5F":"1","8P":"1","4F":"1","XR":"1","5C":"1","4C":"1","G8":"1"},"CH":{"M5":"1"},"3F":{"8Q":"1"},"P6":{"93":"1"},"GH":{"FP":"1"}},"28":{"VX":{"VC":"1","RC":"1"},"9C":{"85":"1","95":"1","96":"1","86":"1"}},"55":{"C8":{"RF":"1"},"F8":{"5F":"1","2G":"1","7H":"1","7G":"1","6G":"1","6F":"1","76":"1","5C":"1","6C":"1","5G":"1","67":"1"},"CC":{"WF":"1"},"C7":{"PG":"1","JG":"1","MF":"1","3F":"1","PF":"1","MG":"1"}},"4H":{"GW":{"P8":"1"},"JX":{"H7":"1","FC":"1","H9":"1","W7":"1","P8":"1","4Q":"1","GC":"1","42":"1","F9":"1","H8":"1","96":"1","RC":"1","J8":"1","X8":"1","Q9":"1","6W":"1","RW":"1","QF":"1","F7":"1","JX":"1","Q8":"1"},"GX":{"FV":"1"},"MX":{"2C":"1","5P":"1","3F":"1","5M":"1","4X":"1","2P":"1"},"FW":{"MW":"1","MX":"1","PW":"1","QW":"1","QV":"1","QX":"1","PV":"1","MV":"1","PX":"1"},"HX":{"XP":"1","PG":"1","9W":"1","MH":"1","6X":"1","3G":"1","JM":"1","FP":"1","FX":"1","JH":"1","MG":"1","5W":"1","RG":"1","HV":"1","C7":"1"},"FX":{"M4":"1","Q6":"1","Q5":"1","Q2":"1","P5":"1","Q4":"1","P3":"1","M5":"1","Q3":"1","P4":"1","M2":"1","M3":"1","P2":"1"}},"W8":{"XF":{"XQ":"1"},"XC":{"8V":"1","8W":"1"}},"5G":{"2G":{"Q9":"1","9R":"1","CQ":"1","FR":"1","R9":"1","CR":"1","W5":"1","Q8":"1","V5":"1","R8":"1"},"2F":{"HW":"1"}},"6X":{"3W":{"HW":"1","GW":"1"}},"58":{"Q8":{"XJ":"1","XH":"1"},"R8":{"4F":"1","4H":"1","2G":"1","3F":"1","2H":"1","3P":"1","3H":"1","2J":"1","2M":"1","4J":"1","3J":"1","3G":"1","4M":"1","3M":"1","4G":"1"}},"64":{"RM":{"27":"1"},"PH":{"C3":"1","37":"1","92":"1","G6":"1","G4":"1","W5":"1","H3":"1","34":"1","C2":"1","M5":"1","F3":"1"},"PM":{"QG":"1"},"MG":{"MJ":"1","XV":"1","JV":"1","WR":"1","VQ":"1","MM":"1","XW":"1","XR":"1","PQ":"1","XM":"1","RQ":"1","VW":"1","JM":"1","RJ":"1","WW":"1","QR":"1","JQ":"1","MR":"1","VR":"1","XQ":"1","XP":"1","PW":"1","PJ":"1","RR":"1","RP":"1","VV":"1","RM":"1","MV":"1","RV":"1","QP":"1","PP":"1","MP":"1","WJ":"1","QQ":"1","QJ":"1","HM":"1","JP":"1","JJ":"1","QM":"1","VP":"1","MQ":"1","XX":"1","PX":"1","PM":"1"},"QJ":{"J6":"1","92":"1","JC":"1","93":"1","96":"1","86":"1"},"QG":{"5P":"1","3J":"1","2P":"1"},"QM":{"FM":"1","GM":"1"},"PG":{"HH":"1","2M":"1","6C":"1","8X":"1","2V":"1","RH":"1","49":"1","2P":"1","2Q":"1","QH":"1","JV":"1","3C":"1","HP":"1","9H":"1","39":"1","7M":"1","8V":"1","6G":"1","RG":"1","RQ":"1","FH":"1","8Q":"1","MG":"1","3J":"1","HR":"1","JM":"1","RJ":"1","RW":"1","CQ":"1","QV":"1","GX":"1","FW":"1","GH":"1","JR":"1","FJ":"1","JH":"1","2W":"1","XP":"1","RR":"1","8H":"1","9P":"1","7G":"1","4G":"1","7H":"1","VJ":"1","9Q":"1","QP":"1","7Q":"1","3Q":"1","VH":"1","QJ":"1","MH":"1","3R":"1","2X":"1","RX":"1","JJ":"1","8M":"1","QM":"1","GP":"1","4C":"1"},"PF":{"QQ":"1","PR":"1"},"PJ":{"X3":"1"},"PV":{"P2":"1","PM":"1"},"PP":{"7F":"1","G9":"1","F9":"1","9C":"1"},"MH":{"X9":"1","J3":"1","56":"1","M6":"1","V3":"1","M5":"1","J2":"1","J6":"1","F8":"1","Q3":"1","G3":"1","C8":"1","CC":"1","X2":"1","9C":"1","X3":"1","J5":"1","F7":"1","H2":"1"},"QH":{"45":"1","38":"1","63":"1"}},"5W":{"2W":{"R7":"1","Q8":"1","R8":"1","Q7":"1"}},"4V":{"6H":{"MW":"1","JX":"1","RX":"1","MX":"1","PW":"1","QW":"1","JW":"1","VX":"1","QX":"1","PX":"1"},"6J":{"Q2":"1","P2":"1","Q4":"1","Q3":"1","P4":"1","P3":"1","R3":"1","W4":"1","V3":"1","R4":"1","9C":"1","R2":"1","V2":"1"},"5M":{"83":"1","73":"1","92":"1","82":"1","93":"1","72":"1"},"59":{"XM":"1"}},"3G":{"GR":{"7X":"1"}},"XJ":{"P2":{"WH":"1","XJ":"1","WJ":"1","XH":"1"}},"7P":{"R6":{"Q4":"1","Q5":"1","P5":"1"}},"2G":{"9M":{"GW":"1","GX":"1","FW":"1","CX":"1","FX":"1"}},"WC":{"CW":{"P4":"1","V2":"1"},"CV":{"FM":"1"}},"3H":{"WH":{"PH":"1"}},"2W":{"VW":{"C9":"1","FC":"1","8F":"1","FG":"1","FF":"1","CF":"1","GG":"1","CG":"1","F9":"1","GF":"1","CC":"1"},"V2":{"W8":"1","W7":"1","W9":"1","W6":"1","V6":"1","R9":"1","R7":"1","V9":"1","R8":"1","V7":"1","Q7":"1","V8":"1","Q8":"1"}},"27":{"XP":{"HJ":"1","FG":"1","JJ":"1","HG":"1","GG":"1","GH":"1","GM":"1","GJ":"1","FJ":"1","HM":"1","FH":"1","HH":"1","CH":"1"}},"66":{"47":{"G4":"1","H4":"1"}},"VX":{"6R":{"G6":"1","F6":"1"},"VP":{"9G":"1","CG":"1","M8":"1","RC":"1","R8":"1","V6":"1","CF":"1","Q9":"1","QF":"1","9C":"1","R7":"1","Q7":"1","M9":"1","V7":"1","P7":"1","QC":"1","R9":"1","9F":"1","Q8":"1","J8":"1","V8":"1","J9":"1","P8":"1","R6":"1","V9":"1"},"VM":{"VV":"1","VW":"1"}},"85":{"2H":{"Q2":"1","Q3":"1","P4":"1","R4":"1"},"3H":{"6C":"1","9G":"1","9J":"1","7F":"1","9M":"1","9H":"1","5F":"1","5C":"1","6G":"1","6H":"1","6F":"1","5G":"1","7C":"1","7J":"1","6J":"1","8J":"1","CM":"1","4F":"1","8H":"1","8G":"1","7G":"1","CJ":"1","4G":"1","5H":"1","7H":"1","8F":"1","9F":"1","8C":"1","CH":"1","4C":"1"},"2G":{"86":"1","F4":"1","H3":"1","77":"1","G4":"1","J4":"1","F5":"1","66":"1","C6":"1","96":"1","76":"1","87":"1","85":"1","H4":"1","67":"1"},"2F":{"GW":"1","9V":"1","MV":"1","FV":"1","9W":"1","HW":"1","GV":"1","QR":"1","CV":"1","HV":"1","PW":"1"}},"H7":{"J4":{"M7":"1","M6":"1"}},"77":{"G2":{"MX":"1"}},"8G":{"M9":{"8P":"1"}},"5Q":{"73":{"QP":"1"}},"29":{"MP":{"PV":"1","MV":"1"},"9W":{"22":"1"},"24":{"XQ":"1","WR":"1","PC":"1","XP":"1","QG":"1","PG":"1","XR":"1","QF":"1","JX":"1"}},"45":{"RQ":{"38":"1","48":"1"},"HM":{"5Q":"1","6V":"1"},"HP":{"MM":"1","29":"1","26":"1","3F":"1","8J":"1","28":"1","3C":"1","27":"1","PJ":"1","2C":"1","37":"1","2F":"1","36":"1"},"FF":{"Q6":"1","P6":"1","Q7":"1"},"GP":{"X9":"1","W8":"1","XC":"1","W7":"1","W6":"1","W9":"1","X7":"1","X6":"1","XF":"1","X8":"1","W5":"1"},"F9":{"38":"1"}},"X8":{"2F":{"2Q":"1"}},"W4":{"Q4":{"47":"1"},"3V":{"RQ":"1"},"M6":{"HG":"1","HH":"1","JH":"1"},"M3":{"4W":"1"}},"4W":{"8G":{"X6":"1","GF":"1","CP":"1"},"8F":{"JF":"1","HF":"1","GX":"1","JG":"1","HG":"1","RC":"1","QC":"1","5W":"1","M6":"1"},"89":{"HM":"1"},"FC":{"6R":"1","5R":"1","7X":"1","6X":"1","6V":"1","8X":"1","5V":"1","5X":"1","7W":"1","5W":"1","6W":"1"},"FM":{"G5":"1","72":"1","73":"1","F4":"1","G4":"1","84":"1","F5":"1","F3":"1","93":"1","83":"1","82":"1","H5":"1","92":"1","F2":"1","95":"1","C3":"1","C2":"1","C5":"1","C4":"1","94":"1"},"9F":{"78":"1","XV":"1","HV":"1","JW":"1","HX":"1","XR":"1","MX":"1","VW":"1","2H":"1","64":"1","GX":"1","FW":"1","3G":"1","GW":"1","54":"1","VX":"1","9P":"1","67":"1","HW":"1","G8":"1","57":"1","JX":"1","68":"1","93":"1"},"7C":{"4P":"1","5Q":"1","4Q":"1","5P":"1","4M":"1","3P":"1"},"CJ":{"C3":"1"},"CF":{"62":"1","52":"1","42":"1"},"FJ":{"9X":"1","9W":"1","CX":"1","7X":"1","8X":"1","8W":"1"},"9H":{"RQ":"1","PM":"1","VQ":"1","RR":"1","MH":"1","VR":"1","JH":"1","PJ":"1","MM":"1","JJ":"1","MJ":"1"},"3H":{"6X":"1"},"FF":{"62":"1","52":"1","82":"1","72":"1"},"CC":{"6X":"1","G4":"1","JM":"1","5X":"1","4X":"1"},"CG":{"HJ":"1","43":"1","JJ":"1","7P":"1","42":"1","GH":"1","6Q":"1","GM":"1","JH":"1","GJ":"1","7Q":"1","HM":"1","HH":"1","53":"1","6P":"1","52":"1"},"9G":{"G4":"1","G2":"1","RC":"1","G7":"1","R8":"1","J2":"1","79":"1","9H":"1","JF":"1","92":"1","H3":"1","CF":"1","52":"1","JM":"1","MF":"1","F4":"1","G3":"1","H6":"1","WC":"1","PJ":"1","VF":"1","H7":"1","F3":"1","45":"1","M2":"1","44":"1","R9":"1","MC":"1","WF":"1","VC":"1","94":"1","JJ":"1","V9":"1","62":"1","H2":"1"},"9C":{"8V":"1","WM":"1","VJ":"1","RV":"1","QV":"1","WJ":"1","4X":"1","VM":"1"},"8C":{"RW":"1","WX":"1"},"3M":{"37":"1"}},"WG":{"2P":{"J4":"1","95":"1","C5":"1","J5":"1"}},"75":{"XG":{"R6":"1"},"49":{"37":"1","38":"1","48":"1","47":"1"},"27":{"45":"1","44":"1","54":"1","55":"1"},"JQ":{"FG":"1","J7":"1","CH":"1","GG":"1"}},"56":{"FF":{"64":"1","75":"1","65":"1","74":"1"},"HC":{"C6":"1","C8":"1","97":"1","C7":"1"}},"3Q":{"6H":{"5J":"1","5P":"1","G9":"1","F9":"1","6H":"1","C9":"1","F8":"1","G8":"1","C8":"1","4J":"1","5H":"1","5M":"1","6P":"1","6M":"1","4M":"1","6J":"1"},"5P":{"9H":"1","G3":"1","9G":"1","9F":"1"},"6M":{"3J":"1","4J":"1"},"5M":{"8P":"1","C6":"1","7P":"1","F6":"1","QG":"1","RG":"1","C5":"1","7M":"1","F5":"1","F4":"1","8M":"1"},"5J":{"MP":"1","FQ":"1","JP":"1","CQ":"1","MQ":"1","JQ":"1"},"6P":{"W4":"1"}},"VH":{"MV":{"H8":"1","H9":"1","G9":"1","G8":"1"}},"V8":{"4R":{"PQ":"1","PP":"1","MQ":"1"},"3H":{"QR":"1","QV":"1"}},"G8":{"GW":{"7V":"1"}},"W5":{"FQ":{"P2":"1","J6":"1","H4":"1","P3":"1","J5":"1"},"FM":{"HH":"1","8X":"1","MM":"1","FR":"1","CW":"1","HV":"1","HP":"1","HG":"1","FH":"1","MG":"1","JM":"1","9V":"1","GV":"1","HJ":"1","FG":"1","MR":"1","CV":"1","JH":"1","FV":"1","7X":"1","GG":"1","GR":"1","CX":"1","9W":"1","PP":"1","MP":"1","8W":"1","MH":"1","HM":"1","9X":"1","JP":"1","JJ":"1","GP":"1","JG":"1","MQ":"1"},"CM":{"PM":"1","QJ":"1","RR":"1","VV":"1","VR":"1","RV":"1","PJ":"1","QM":"1"},"FR":{"X3":"1"},"FP":{"6C":"1","7F":"1","43":"1","95":"1","3C":"1","FR":"1","5C":"1","6G":"1","35":"1","28":"1","6F":"1","7C":"1","CV":"1","FV":"1","27":"1","7G":"1","45":"1","2C":"1","37":"1","46":"1","82":"1","9F":"1","56":"1","83":"1","72":"1","CR":"1"},"8H":{"9V":"1"},"5G":{"C7":"1"},"47":{"G7":"1","C8":"1","G8":"1","C7":"1","98":"1"},"CP":{"P2":"1","X8":"1","P3":"1","V3":"1","V2":"1"},"GM":{"C9":"1","99":"1"},"CC":{"6W":"1"},"9J":{"2H":"1","2G":"1"},"9F":{"VC":"1","RG":"1"}},"3R":{"QM":{"2M":"1","3M":"1","3J":"1"}},"2X":{"X5":{"83":"1","84":"1"},"Q6":{"Q2":"1","P2":"1"},"GH":{"H8":"1","H9":"1","M8":"1","J8":"1","M9":"1","J9":"1"},"Q5":{"QX":"1","PX":"1"},"Q4":{"QV":"1"},"GJ":{"MC":"1"},"R4":{"6Q":"1","6R":"1"},"R3":{"H5":"1","G7":"1","H6":"1","G6":"1","G5":"1","H7":"1"},"QX":{"XQ":"1","Q8":"1"},"J5":{"32":"1"}},"47":{"W2":{"6X":"1"},"V3":{"PH":"1"}},"88":{"28":{"26":"1"}},"5M":{"CQ":{"M4":"1","9M":"1","P5":"1"},"CM":{"GW":"1","HR":"1","GX":"1","FW":"1"},"CP":{"89":"1","HH":"1"}},"4C":{"HJ":{"52":"1"}}}}