{"index":{"university,1|retail,2|tourism,3|wreck,4|historical,5|artsCulture,6|namedBuilding,7|water,8|wetland,9|park,10|beach,11|natureReserve,12|cemetery,13|trail,14":{}},"7F":{"46":{"8F":{"4Q":"1","3J":"1"}},"WV":{"GH":{"V3":"1"}},"VM":{"FX":{"XG":"1","WG":"1"},"HJ":{"2M":"1","2P":"1"},"GJ":{"XJ":"1","W8":"1"},"F8":{"PM":"1","QM":"1"}},"3G":{"M6":{"J6":"1","P9":"1","M8":"1","H9":"1","P6":"1","F6":"1","G7":"1","G9":"1","GC":"1","Q5":"1","Q7":"1","F9":"1","M9":"1","FC":"1","M6":"1","F8":"1","H6":"1","HC":"1","P7":"1","G5":"1","PC":"1","F7":"1","H7":"1","G6":"1","H8":"1","J5":"1","J7":"1","F5":"1","MC":"1","Q8":"1","P5":"1","J8":"1","G8":"1","H5":"1","M5":"1","Q6":"1","J9":"1","P8":"1","M7":"1","JC":"1"}},"5W":{"69":{"H5":"1","J5":"1"}},"35":{"82":{"P5":"1","M5":"1"},"49":{"4J":"1","5M":"1","5J":"1"}},"XQ":{"3Q":{"9V":"1","CW":"1","9W":"1","8J":"1","7J":"1","CV":"1","8W":"1"},"4W":{"HW":"1","GW":"1","JX":"1","GX":"1","MX":"1","FW":"1","HX":"1","JW":"1","FX":"1"},"4X":{"H2":"1","G2":"1","G3":"1","H3":"1"}},"3H":{"PX":{"H5":"1"}},"C3":{"FC":{"57":"1"},"CC":{"X6":"1"}},"34":{"89":{"PH":"1","PJ":"1"},"3V":{"9X":"1"},"FG":{"RJ":"1","QJ":"1","HJ":"1","RM":"1","QM":"1"},"4W":{"FR":"1"},"5X":{"M4":"1","H5":"1","J4":"1","H4":"1","M5":"1","J5":"1"},"8G":{"C3":"1","F2":"1","C2":"1","F3":"1"}},"24":{"9P":{"XF":"1","XC":"1"},"4V":{"9R":"1","8R":"1"},"GP":{"JM":"1","MM":"1","MJ":"1"},"R4":{"WH":"1","VJ":"1","WJ":"1","VH":"1"},"CP":{"2C":"1","2F":"1"}},"4Q":{"32":{"4P":"1","3Q":"1","7X":"1","4Q":"1","7P":"1","7M":"1","3P":"1"},"44":{"92":"1"},"43":{"36":"1","R5":"1","35":"1","HR":"1","JM":"1","C7":"1","V5":"1","26":"1","97":"1","27":"1","25":"1","HQ":"1","Q3":"1","44":"1","C8":"1","V4":"1","R4":"1","98":"1","62":"1"},"34":{"RJ":"1"},"24":{"78":"1","95":"1","C5":"1","F6":"1","79":"1","86":"1","C9":"1","87":"1","CF":"1","84":"1","C6":"1","9C":"1","C7":"1","58":"1","7C":"1","F9":"1","F8":"1","97":"1","66":"1","CC":"1","85":"1","F7":"1","77":"1","99":"1","76":"1","8F":"1","67":"1","89":"1","C8":"1","9F":"1","69":"1","75":"1","96":"1","8C":"1","57":"1","94":"1","68":"1","98":"1","88":"1"},"42":{"4F":"1","MV":"1","FV":"1","HR":"1","GV":"1","G2":"1","FR":"1","JV":"1","5V":"1","HV":"1","GR":"1","H2":"1","6X":"1"},"33":{"VC":"1","X6":"1","V7":"1","VJ":"1","X7":"1","W5":"1","W7":"1","VF":"1","W6":"1","X5":"1","V5":"1","V6":"1","72":"1"}},"59":{"F4":{"RM":"1","RF":"1","P9":"1","W9":"1","RJ":"1","RH":"1","VH":"1","QG":"1","VJ":"1","RC":"1"}},"54":{"H2":{"9W":"1","9V":"1"},"G4":{"78":"1","G4":"1","XH":"1","M4":"1","79":"1","PG":"1","JF":"1","PF":"1","GC":"1","C9":"1","87":"1","6G":"1","CF":"1","Q9":"1","6H":"1","9C":"1","F2":"1","63":"1","6J":"1","F4":"1","4V":"1","HJ":"1","2G":"1","HC":"1","C4":"1","8H":"1","7G":"1","7H":"1","29":"1","VJ":"1","8F":"1","82":"1","75":"1","8C":"1","M5":"1","22":"1","VM":"1","P8":"1","R6":"1","M7":"1"},"H4":{"83":"1","92":"1","2G":"1","95":"1","56":"1"},"G3":{"FV":"1","4V":"1","9V":"1","JJ":"1","3X":"1","3J":"1","3R":"1","2M":"1","2R":"1","PQ":"1","CJ":"1","FX":"1","4Q":"1","4X":"1","3M":"1","2V":"1","4R":"1","3P":"1","2H":"1","3Q":"1","3V":"1","WW":"1","JQ":"1","RM":"1","4P":"1","3W":"1","4W":"1","X5":"1","2W":"1","4J":"1","2Q":"1","2P":"1","2X":"1","4M":"1","GM":"1","QG":"1","2J":"1"},"48":{"PR":"1","MV":"1","MR":"1","QV":"1","QR":"1","QQ":"1","QW":"1","PQ":"1","PV":"1","PP":"1","PW":"1"},"H3":{"4H":"1","24":"1","3H":"1","QV":"1","QR":"1","RQ":"1","QQ":"1","8H":"1","RR":"1","3G":"1","4G":"1"},"88":{"HC":"1"},"F5":{"GF":"1"},"F4":{"PR":"1","VC":"1","RF":"1","WH":"1","WJ":"1","WC":"1","XH":"1","VF":"1","MR":"1","QV":"1","QR":"1","RC":"1","X2":"1","QQ":"1","PQ":"1"},"F3":{"XQ":"1","WR":"1","WQ":"1","XJ":"1","VX":"1","XP":"1","RP":"1","XV":"1","XM":"1","XX":"1","WV":"1","WX":"1","XR":"1","QW":"1","VW":"1","XW":"1","WW":"1"}},"57":{"26":{"72":"1","63":"1","73":"1","F4":"1","62":"1","84":"1","F3":"1","93":"1","83":"1","82":"1","92":"1","F2":"1","95":"1","C3":"1","C2":"1","74":"1","85":"1","C4":"1","94":"1"},"25":{"7R":"1","5W":"1","7X":"1","8X":"1","9W":"1","5X":"1","7W":"1","9X":"1","7V":"1","6W":"1","8V":"1","CX":"1","5V":"1","8W":"1","6R":"1","6V":"1","6X":"1"}},"4C":{"2G":{"74":"1","84":"1"}},"XR":{"54":{"7X":"1","CW":"1","3V":"1","4P":"1","5P":"1","2V":"1","5M":"1","CV":"1"},"55":{"72":"1"}},"8C":{"X2":{"C3":"1","F2":"1","C2":"1","F3":"1"}},"32":{"26":{"6J":"1","RG":"1"},"25":{"8J":"1"},"27":{"WF":"1"}},"V4":{"5F":{"MR":"1"}},"R3":{"X3":{"HJ":"1","9P":"1","CP":"1","GH":"1","9M":"1","GJ":"1","FH":"1","HH":"1","JM":"1"}},"25":{"57":{"36":"1","37":"1"},"94":{"2W":"1"},"84":{"XW":"1","XX":"1"},"87":{"VC":"1","V9":"1"},"QH":{"GQ":"1","GR":"1"},"9F":{"J6":"1","P6":"1","M6":"1"}},"5M":{"3R":{"VC":"1","V9":"1"}},"X2":{"PP":{"5F":"1"}},"5R":{"JF":{"XM":"1"}},"67":{"V7":{"MV":"1","W9":"1","PM":"1","8J":"1","CP":"1","RH":"1","9H":"1","RC":"1","QC":"1","8H":"1","9J":"1"}},"89":{"XX":{"8Q":"1","MM":"1"}},"3M":{"R5":{"7R":"1","5W":"1","9V":"1","7X":"1","8X":"1","3Q":"1","3V":"1","9W":"1","5X":"1","4R":"1","4P":"1","3W":"1","5P":"1","4Q":"1","2V":"1","6Q":"1","7W":"1","4W":"1","9X":"1","3P":"1","2Q":"1","2X":"1","8R":"1","3X":"1","7V":"1","6W":"1","5Q":"1","3R":"1","2W":"1","8V":"1","2R":"1","5V":"1","4X":"1","4V":"1","8W":"1","5R":"1","6R":"1","6V":"1","6X":"1"},"Q6":{"X4":"1","X5":"1"},"R6":{"36":"1","34":"1","43":"1","73":"1","53":"1","65":"1","92":"1","35":"1","52":"1","55":"1","26":"1","24":"1","63":"1","64":"1","33":"1","66":"1","54":"1","25":"1","42":"1","45":"1","44":"1","37":"1","82":"1","46":"1","75":"1","56":"1","23":"1","83":"1","72":"1","22":"1","47":"1","32":"1","74":"1","62":"1"},"Q5":{"XW":"1","XV":"1","XX":"1","WW":"1"},"R4":{"J6":"1","MJ":"1","QH":"1","MM":"1","PG":"1","QG":"1","MG":"1","RJ":"1","PH":"1","PR":"1","JR":"1","M6":"1","MR":"1","PJ":"1","MV":"1","RM":"1","J7":"1","QP":"1","PP":"1","QJ":"1","MH":"1","QM":"1","M7":"1","PM":"1"}},"49":{"WH":{"2M":"1","2V":"1","2P":"1","2Q":"1","FR":"1","CW":"1","2F":"1","3M":"1","2R":"1","3J":"1","3W":"1","2H":"1","CQ":"1","9V":"1","GV":"1","FW":"1","2J":"1","GW":"1","3G":"1","2G":"1","CV":"1","FV":"1","3H":"1","2W":"1","9R":"1","3V":"1","GR":"1","GQ":"1","9Q":"1","9W":"1","3Q":"1","3P":"1","FQ":"1","3R":"1","CR":"1"},"FF":{"FQ":"1","FM":"1","CQ":"1","CM":"1","FP":"1","CP":"1"},"VG":{"JX":"1","HX":"1"},"VH":{"PG":"1","H3":"1","VC":"1","HG":"1","M3":"1","J2":"1","V9":"1","V7":"1","M9":"1","M5":"1","WH":"1","RQ":"1","MQ":"1","WQ":"1","RV":"1","G9":"1","XC":"1","XP":"1","H8":"1","QJ":"1","VJ":"1","XR":"1","XW":"1","GJ":"1","MP":"1","XV":"1","RC":"1","PM":"1","M7":"1","XM":"1","VH":"1","PC":"1","Q9":"1","WV":"1","WJ":"1","VF":"1","PP":"1","HM":"1","RG":"1","PQ":"1","WM":"1","WC":"1","M4":"1","M8":"1","WP":"1","XG":"1","P7":"1","W9":"1","QR":"1","QQ":"1","R6":"1","MH":"1","VV":"1","J7":"1","GC":"1","JC":"1","JJ":"1","PJ":"1","MC":"1","RP":"1","JM":"1","M6":"1","J3":"1","J5":"1","XQ":"1","JQ":"1","H7":"1","MG":"1","XH":"1","QP":"1","HP":"1","R8":"1","QC":"1","JG":"1","P3":"1","P4":"1","PR":"1","H4":"1","J6":"1","RF":"1","GG":"1","P6":"1","JH":"1","RM":"1","VG":"1","VW":"1","J9":"1","HQ":"1","Q6":"1","P9":"1","Q8":"1","HF":"1","VQ":"1","GP":"1","P8":"1","H9":"1","MM":"1","H5":"1","PH":"1","QV":"1","WF":"1","HH":"1","QF":"1","XJ":"1","VM":"1","W8":"1","PF":"1","WG":"1","R9":"1","Q5":"1","VP":"1","HC":"1","R7":"1","JP":"1","Q7":"1","M2":"1","WR":"1","MJ":"1","RJ":"1","MR":"1","P5":"1","JF":"1","WW":"1","XF":"1","J4":"1","VR":"1","RH":"1","GM":"1","MF":"1","RR":"1","QH":"1","HJ":"1","H6":"1","J8":"1","GF":"1","QM":"1","GH":"1","V8":"1","H2":"1","QG":"1"}},"PF":{"HF":{"C8":"1","C7":"1","98":"1"}},"RC":{"GF":{"FM":"1","CM":"1","CP":"1","FP":"1","9M":"1","CJ":"1","FJ":"1","4J":"1","3J":"1"}},"29":{"JF":{"C9":"1","79":"1"},"HF":{"3C":"1","29":"1","39":"1","38":"1","48":"1","49":"1","4C":"1"},"GC":{"4X":"1","8X":"1","4J":"1","F6":"1","G7":"1","FR":"1","CW":"1","4P":"1","4M":"1","5J":"1","C9":"1","6R":"1","7V":"1","5V":"1","C6":"1","4Q":"1","4R":"1","C7":"1","CQ":"1","6X":"1","F9":"1","5W":"1","7W":"1","4V":"1","F8":"1","CV":"1","7X":"1","5X":"1","5P":"1","F7":"1","G6":"1","5Q":"1","4W":"1","CX":"1","C8":"1","6V":"1","6W":"1","3Q":"1","FQ":"1","3P":"1","G8":"1","5R":"1","WQ":"1","9X":"1","CR":"1","5M":"1"},"HC":{"2W":"1","3X":"1","3W":"1"},"GF":{"83":"1","73":"1","92":"1","82":"1","93":"1","C2":"1","72":"1"}},"5C":{"RX":{"VP":"1","3M":"1","3H":"1","RP":"1","4M":"1","VM":"1","FV":"1","3P":"1"},"QX":{"VP":"1","RW":"1","VR":"1","RP":"1"}},"55":{"26":{"J6":"1"},"25":{"WH":"1","VJ":"1","WR":"1","WJ":"1","VH":"1"}},"2H":{"75":{"XG":"1","XF":"1","XC":"1"},"85":{"4F":"1","45":"1","57":"1","5F":"1","4H":"1","2G":"1","59":"1","29":"1","4C":"1","3F":"1","38":"1","47":"1","2H":"1","48":"1","3C":"1","58":"1","46":"1","3H":"1","2J":"1","49":"1","35":"1","34":"1","3J":"1","3G":"1","2C":"1","37":"1","5C":"1","2F":"1","36":"1","5G":"1","4G":"1"}},"64":{"83":{"CP":"1"}},"RP":{"4P":{"MP":"1","PM":"1","PP":"1","MM":"1"},"4Q":{"Q2":"1","Q3":"1"},"XC":{"FQ":"1","CQ":"1","FR":"1","CR":"1"}},"QM":{"WW":{"7J":"1","8J":"1","7H":"1","6C":"1","69":"1","8H":"1","7G":"1","8G":"1"}},"VP":{"29":{"RX":"1","RW":"1","VX":"1","WX":"1","WW":"1","VW":"1"},"G7":{"JV":"1","HV":"1","JW":"1","HR":"1","QX":"1","GV":"1","JQ":"1","JR":"1","MR":"1","PW":"1","GR":"1","HQ":"1","MV":"1","HW":"1","W9":"1","QW":"1","MQ":"1"},"F2":{"P6":"1"},"2C":{"MM":"1","PR":"1","VC":"1","MV":"1","W2":"1","8X":"1","R2":"1","PM":"1","R9":"1","MQ":"1","MP":"1","RV":"1","MR":"1","V9":"1","9X":"1","QR":"1","QV":"1","R8":"1","RR":"1","PQ":"1","V8":"1","PP":"1","V2":"1"},"7V":{"FJ":"1","GH":"1"},"G2":{"28":"1","29":"1","39":"1","38":"1"},"2G":{"Q9":"1","P9":"1","QC":"1","PC":"1"},"2F":{"92":"1","F7":"1","C6":"1","C8":"1","F6":"1","F8":"1","C7":"1"}},"56":{"Q2":{"F4":"1"},"J2":{"7H":"1"}},"47":{"W5":{"RX":"1","RW":"1","QW":"1","VX":"1","QX":"1","VW":"1"}},"63":{"6F":{"53":"1","35":"1","48":"1"},"6C":{"6X":"1"}},"3C":{"XG":{"RJ":"1"},"RR":{"4W":"1","2X":"1","3X":"1","4X":"1"},"XF":{"HJ":"1","MJ":"1","PH":"1","JJ":"1","HW":"1","HG":"1","JC":"1","GG":"1","MG":"1","GH":"1","JH":"1","GJ":"1","MF":"1","HM":"1","HH":"1","JF":"1","JG":"1","PJ":"1","HF":"1","HV":"1","JM":"1","MH":"1"},"XC":{"F8":"1","FP":"1","CG":"1","6G":"1","86":"1","HG":"1","59":"1","8H":"1","88":"1","7H":"1","G9":"1","FG":"1","8M":"1","C7":"1","FH":"1","9F":"1","GJ":"1","78":"1","CQ":"1","9J":"1","9P":"1","CC":"1","HM":"1","GQ":"1","58":"1","FM":"1","9H":"1","76":"1","CJ":"1","F9":"1","8G":"1","GC":"1","7C":"1","JC":"1","7G":"1","FJ":"1","FF":"1","66":"1","9G":"1","67":"1","9Q":"1","8P":"1","CH":"1","HP":"1","JG":"1","7F":"1","8J":"1","GG":"1","JH":"1","9C":"1","68":"1","HF":"1","GP":"1","8F":"1","98":"1","79":"1","77":"1","HH":"1","87":"1","6F":"1","97":"1","6C":"1","HC":"1","FQ":"1","C9":"1","89":"1","9M":"1","7J":"1","CP":"1","JF":"1","C8":"1","99":"1","GM":"1","CM":"1","G8":"1","HJ":"1","69":"1","GF":"1","GH":"1","FC":"1","CF":"1","8C":"1"},"RV":{"43":"1","45":"1","22":"1","54":"1","56":"1","42":"1","55":"1","46":"1","33":"1","44":"1","35":"1","53":"1","32":"1","34":"1","23":"1","52":"1","36":"1"}},"PG":{"X5":{"9M":"1","7P":"1","6M":"1","7M":"1","8M":"1"},"V5":{"VH":"1","RH":"1"}},"39":{"5M":{"23":"1","34":"1","24":"1"}},"RM":{"G2":{"C4":"1","C5":"1","F5":"1","F4":"1"},"JM":{"W5":"1","W4":"1","V4":"1","W6":"1","V5":"1","V6":"1"},"G3":{"F7":"1","F6":"1"}},"9X":{"W3":{"9X":"1"},"W4":{"W8":"1"}},"4P":{"4X":{"GX":"1","HX":"1"}},"H2":{"8X":{"P4":"1"}},"5P":{"FM":{"VV":"1","VR":"1"}},"4W":{"5P":{"M6":"1"}},"QP":{"WF":{"J2":"1"},"WC":{"VC":"1","JX":"1","HX":"1","RC":"1","HJ":"1"}},"4G":{"VF":{"H8":"1"}},"RJ":{"HQ":{"Q9":"1","W9":"1","W8":"1","RC":"1","R9":"1","V8":"1","QC":"1","Q8":"1","V9":"1","R8":"1"}},"J7":{"RG":{"64":"1","73":"1","32":"1","62":"1","75":"1","74":"1","85":"1","53":"1","84":"1","44":"1","52":"1","23":"1","43":"1","22":"1","34":"1","63":"1","42":"1","33":"1"}},"22":{"9J":{"5Q":"1"},"QH":{"FJ":"1"},"M4":{"WJ":"1"},"W3":{"4X":"1"},"8P":{"HV":"1"},"X4":{"3Q":"1"},"9M":{"3W":"1"},"HP":{"4M":"1"},"PF":{"RF":"1"},"R3":{"4R":"1"},"V5":{"7F":"1"},"R7":{"V3":"1"},"7J":{"WQ":"1"},"Q2":{"VF":"1","34":"1","33":"1"},"F9":{"X2":"1"},"M6":{"6R":"1","R7":"1"},"X3":{"GX":"1"},"X7":{"R6":"1"},"H8":{"54":"1"},"X6":{"G3":"1"},"X2":{"7W":"1"},"8F":{"X8":"1"},"J7":{"CJ":"1"},"F5":{"3J":"1"},"R9":{"RR":"1"},"C8":{"F2":"1"},"9F":{"28":"1","76":"1","29":"1","9G":"1","8H":"1"},"J8":{"CG":"1"},"P5":{"FW":"1"},"V4":{"G2":"1"},"P4":{"45":"1"},"R4":{"VV":"1"},"X5":{"CQ":"1"},"M7":{"3Q":"1"}},"2Q":{"87":{"J2":"1","H5":"1","H6":"1","M2":"1"},"96":{"3M":"1","2P":"1"},"86":{"XP":"1"}},"2P":{"H8":{"M4":"1","P2":"1","P9":"1","MF":"1","R7":"1","M2":"1","P3":"1","PF":"1","R4":"1","V4":"1","V5":"1","M3":"1","PC":"1","R8":"1"},"J8":{"5Q":"1","5P":"1"},"JC":{"Q6":"1","V6":"1","R9":"1","R7":"1","V9":"1","V5":"1","V7":"1","R8":"1","Q7":"1","R6":"1","Q9":"1","P7":"1","V8":"1","P6":"1","Q8":"1"},"4C":{"3V":"1","4W":"1","4V":"1","3X":"1","3W":"1","5W":"1","4X":"1"},"H7":{"QP":"1","RP":"1","PP":"1","QM":"1"}},"58":{"MM":{"5R":"1"}},"62":{"2P":{"3X":"1"}},"23":{"F2":{"Q4":"1"},"WX":{"62":"1","63":"1"},"79":{"9H":"1","WM":"1","CH":"1","CF":"1","CG":"1","9G":"1","9F":"1"}},"V3":{"3W":{"X3":"1"}},"QG":{"QH":{"J7":"1"}}}}