{"index":{"university,1|retail,2|tourism,3|wreck,4|historical,5|artsCulture,6|namedBuilding,7|water,8|wetland,9|park,10|beach,11|natureReserve,12|cemetery,13|trail,14":{}},"7G":{"FV":{"J6":{"73":"1","6C":"1","69":"1","5C":"1","59":"1","72":"1"}},"4V":{"JF":{"92":"1","82":"1"},"HF":{"J2":"1","H2":"1"},"GC":{"XG":"1","WH":"1","WJ":"1","XH":"1"},"JC":{"9X":"1","8X":"1"},"HC":{"JV":"1","MM":"1","FR":"1","HV":"1","JW":"1","HX":"1","PQ":"1","MX":"1","HR":"1","RW":"1","QX":"1","QR":"1","PR":"1","GV":"1","QV":"1","JQ":"1","GX":"1","FW":"1","JR":"1","GW":"1","MR":"1","2G":"1","FV":"1","PW":"1","RR":"1","GR":"1","HQ":"1","MV":"1","HW":"1","GQ":"1","RV":"1","PP":"1","MP":"1","FQ":"1","QW":"1","JX":"1","QQ":"1","RX":"1","JP":"1","MQ":"1","PX":"1","MW":"1","PM":"1","PV":"1"}},"RR":{"7F":{"83":"1","73":"1","82":"1","72":"1"},"5G":{"M4":"1","Q5":"1","P5":"1","Q4":"1","P3":"1","Q3":"1","P4":"1","M3":"1"},"8C":{"MC":"1","JC":"1","M9":"1"}},"PM":{"G2":{"9M":"1","CM":"1","9P":"1","CP":"1"}},"VM":{"9M":{"X9":"1"},"7Q":{"JF":"1","HF":"1","JG":"1","HG":"1"}},"XJ":{"HQ":{"RF":"1","P9":"1","PC":"1","R9":"1","QG":"1","RC":"1","PF":"1","Q9":"1","QC":"1","QF":"1"}},"7J":{"HJ":{"P5":"1"},"FM":{"H8":"1","G7":"1","G8":"1","H7":"1"},"HG":{"7R":"1","GF":"1","45":"1","MJ":"1","J9":"1","JC":"1","X6":"1","X7":"1","WH":"1","5P":"1","6Q":"1","XH":"1","46":"1","7Q":"1","44":"1","WG":"1","7V":"1","6P":"1","5Q":"1","5V":"1","5R":"1","6R":"1","6V":"1"},"GG":{"HJ":"1","GF":"1","GG":"1","RG":"1","GM":"1","RH":"1","VV":"1","XX":"1","GJ":"1","HM":"1","FH":"1","8H":"1","HP":"1","XW":"1","WW":"1"},"MG":{"FX":"1","6C":"1","5C":"1","4C":"1","59":"1"},"HC":{"FV":"1","9V":"1","7Q":"1","CQ":"1","7V":"1","8V":"1","CX":"1","FX":"1","8W":"1","CW":"1","GW":"1","7M":"1","9W":"1","7W":"1","8P":"1","8M":"1","5R":"1","FR":"1","CR":"1","9P":"1","HX":"1","8X":"1","HW":"1","6M":"1","9R":"1","5V":"1","6Q":"1","9Q":"1","GX":"1","CV":"1","6P":"1","8Q":"1","9X":"1","GV":"1","6R":"1","8R":"1","FW":"1","5Q":"1","7P":"1","6V":"1","7R":"1","JX":"1"},"GH":{"M7":"1","7R":"1","H7":"1","H9":"1","J9":"1","JC":"1","7H":"1","W4":"1","WJ":"1","HC":"1","MQ":"1","X4":"1","W3":"1","J7":"1","H8":"1","M8":"1","GQ":"1","MC":"1","J8":"1","7V":"1","JF":"1","M9":"1","X3":"1","HF":"1","GR":"1","V8":"1","PW":"1","6R":"1","6V":"1"},"RG":{"VC":"1","RF":"1","J9":"1","PH":"1","P9":"1","PC":"1","HG":"1","JC":"1","R9":"1","MG":"1","RG":"1","RH":"1","VF":"1","V9":"1","MF":"1","QG":"1","M8":"1","MC":"1","PG":"1","RC":"1","J8":"1","PF":"1","Q9":"1","JG":"1","JF":"1","QC":"1","M9":"1","VG":"1","HF":"1","QF":"1","MH":"1","QH":"1"},"JH":{"VC":"1","9V":"1","J3":"1","77":"1","65":"1","56":"1","75":"1","WC":"1","66":"1","J2":"1","55":"1","CR":"1","76":"1","M2":"1","CV":"1","M3":"1","MH":"1","9R":"1","67":"1"},"GJ":{"3H":"1","3J":"1"},"MF":{"CQ":"1","9V":"1","HW":"1","8P":"1","CM":"1","9P":"1","CP":"1","FQ":"1","FP":"1","9M":"1","CJ":"1","HV":"1","8M":"1","CH":"1"},"QG":{"8J":"1","9H":"1","CH":"1","CJ":"1","8H":"1","8G":"1","9J":"1"},"FH":{"XF":"1"},"HH":{"G4":"1","7F":"1","HF":"1","RC":"1","PG":"1","7M":"1","QG":"1","6F":"1","2J":"1","27":"1","G5":"1","CC":"1","GG":"1","F7":"1","8H":"1","77":"1","76":"1","CJ":"1","67":"1","J9":"1"},"JG":{"QH":"1","4J":"1","3C":"1","PG":"1","38":"1","39":"1","6R":"1","7V":"1","5V":"1","4Q":"1","35":"1","28":"1","4R":"1","QG":"1","26":"1","PH":"1","6Q":"1","4V":"1","27":"1","5Q":"1","37":"1","6V":"1","6W":"1","5R":"1","WJ":"1","QM":"1"},"JF":{"9G":"1","H9":"1","VQ":"1","G7":"1","9H":"1","G9":"1","VW":"1","W8":"1","CQ":"1","QV":"1","JR":"1","MR":"1","WC":"1","VF":"1","H7":"1","8H":"1","H8":"1","8G":"1","MV":"1","J7":"1","W9":"1","J8":"1","FQ":"1","G8":"1","VC":"1","J9":"1","V9":"1"},"HF":{"H4":"1","G4":"1","G2":"1","C5":"1","F6":"1","C3":"1","J2":"1","92":"1","H3":"1","84":"1","F2":"1","F4":"1","G3":"1","C2":"1","C4":"1","G5":"1","G6":"1","F3":"1","M2":"1","F5":"1","82":"1","J4":"1","J3":"1","83":"1","H5":"1","94":"1","93":"1","H2":"1"},"MH":{"83":"1","74":"1","F2":"1","82":"1"}},"3X":{"5J":{"H9":"1","J9":"1","P9":"1","PC":"1","JC":"1","P8":"1","GC":"1","HC":"1","G9":"1","H8":"1","M8":"1","F8":"1","G8":"1","MC":"1","J8":"1","M9":"1","Q8":"1"},"2Q":{"X2":"1","W2":"1"},"3P":{"PG":"1","2W":"1","2X":"1"},"2P":{"XW":"1","XX":"1","WX":"1"}},"5W":{"JX":{"PG":"1","PM":"1","QJ":"1","MH":"1","PH":"1","QH":"1","QG":"1","PJ":"1","QM":"1","MJ":"1"}},"XG":{"XW":{"CQ":"1","GW":"1","FW":"1","63":"1","FV":"1","FX":"1","54":"1","HW":"1","64":"1","47":"1","FQ":"1","48":"1","CR":"1","46":"1","FR":"1","5M":"1","53":"1","6M":"1","37":"1","GX":"1","HX":"1"},"RR":{"7M":"1"},"XX":{"W8":"1","43":"1","45":"1","W7":"1","54":"1","57":"1","W9":"1","56":"1","F3":"1","V9":"1","55":"1","68":"1","46":"1","G2":"1","C3":"1","44":"1","V7":"1","X8":"1","34":"1","V8":"1","H2":"1","67":"1"},"WV":{"RQ":"1","QR":"1","QQ":"1","QP":"1","RR":"1","PQ":"1","PP":"1"},"8R":{"CQ":"1","CM":"1","9P":"1","CP":"1","FQ":"1","FP":"1","9M":"1","9Q":"1","CJ":"1","9J":"1"}},"3R":{"MW":{"RQ":"1","QQ":"1","QP":"1","PM":"1","RP":"1","PQ":"1","PP":"1","QM":"1"},"7C":{"XP":"1","XQ":"1","XJ":"1","XM":"1"},"8C":{"3Q":"1","4P":"1","4Q":"1","3P":"1","2P":"1","2Q":"1","2J":"1","2M":"1","3R":"1","3J":"1","4M":"1","3M":"1"}},"XQ":{"H2":{"H9":"1","J9":"1","PC":"1","HG":"1","JC":"1","MG":"1","HC":"1","JH":"1","MF":"1","MC":"1","PG":"1","PF":"1","JG":"1","JF":"1","HF":"1","MH":"1"},"G2":{"G5":"1"},"C2":{"M7":"1","Q6":"1","M6":"1","P5":"1","J7":"1","M5":"1","J6":"1","Q7":"1","P7":"1","P6":"1","J5":"1"}},"2R":{"XW":{"37":"1"}},"38":{"F4":{"3M":"1","3J":"1"}},"7M":{"23":{"6X":"1","5X":"1","5W":"1"}},"54":{"FF":{"H5":"1","G4":"1","H4":"1","G5":"1","F5":"1","F4":"1"}},"PJ":{"3V":{"MX":"1","PX":"1"},"4W":{"H2":"1"},"2V":{"28":"1","26":"1","23":"1","38":"1","25":"1","27":"1","24":"1"},"4V":{"HX":"1"},"3W":{"R5":"1","R4":"1","V4":"1","V5":"1"}},"MJ":{"XV":{"W8":"1","X5":"1","W7":"1","W6":"1","V6":"1","X7":"1","X6":"1","W4":"1","Q5":"1","X4":"1","W3":"1","Q4":"1","R7":"1","V3":"1","R4":"1","V5":"1","V4":"1","V7":"1","X8":"1","R6":"1","W5":"1","R5":"1","X3":"1","V8":"1"}},"4X":{"QG":{"MM":"1","MJ":"1","QP":"1","PM":"1","MP":"1","QM":"1","PJ":"1","PP":"1"}},"7W":{"6Q":{"RH":"1","QH":"1","RC":"1","PG":"1","PF":"1","RG":"1","QF":"1","RF":"1","QG":"1","MG":"1","MF":"1","PH":"1","VG":"1","WC":"1","VF":"1","WG":"1","R9":"1","W9":"1","WF":"1","VH":"1","VC":"1","V9":"1"},"9W":{"28":"1","29":"1"},"8W":{"X9":"1","X8":"1","VG":"1","RG":"1","VH":"1","RH":"1"}},"XP":{"HW":{"9X":"1"},"GW":{"28":"1","29":"1","39":"1","38":"1"},"HX":{"92":"1","82":"1"},"7W":{"GV":"1","FR":"1","GR":"1","FV":"1"},"6W":{"6H":"1","7H":"1","6G":"1"},"PX":{"6P":"1"}},"32":{"37":{"76":"1"},"27":{"RQ":"1","QR":"1","RR":"1"}},"5M":{"GJ":{"X4":"1"}},"FG":{"5F":{"H8":"1"}},"RV":{"MW":{"C6":"1","95":"1","96":"1","C5":"1"},"JW":{"4G":"1","4F":"1","4H":"1"},"FX":{"P9":"1","PC":"1","JC":"1","MG":"1","MF":"1","MC":"1","PF":"1","JF":"1","M9":"1"}},"6W":{"4P":{"43":"1","45":"1","22":"1","63":"1","54":"1","57":"1","24":"1","26":"1","65":"1","64":"1","56":"1","25":"1","47":"1","42":"1","66":"1","55":"1","46":"1","33":"1","44":"1","35":"1","53":"1","32":"1","34":"1","23":"1","36":"1","67":"1"},"48":{"36":"1","45":"1","25":"1","35":"1","34":"1","24":"1","33":"1"},"3P":{"X5":"1"}},"2V":{"8P":{"GW":"1","JQ":"1","MV":"1","FX":"1","HW":"1","MQ":"1","GV":"1","HR":"1","MR":"1","MX":"1","MW":"1","JV":"1","HQ":"1","JR":"1","JW":"1","HV":"1","GX":"1","JX":"1","HX":"1"},"9P":{"29":"1"},"8Q":{"J2":"1","F2":"1","H2":"1","G2":"1","M2":"1"}},"HX":{"H4":{"RW":"1","VV":"1","RV":"1","VW":"1"},"CG":{"62":"1","53":"1","52":"1","63":"1"},"8X":{"H4":"1","G4":"1","G2":"1","95":"1","73":"1","C5":"1","F6":"1","G7":"1","C3":"1","J2":"1","92":"1","H3":"1","84":"1","C6":"1","F2":"1","F4":"1","F8":"1","G3":"1","H6":"1","M3":"1","C2":"1","C4":"1","G5":"1","F7":"1","H7":"1","G6":"1","J5":"1","F3":"1","M2":"1","F5":"1","82":"1","J4":"1","G8":"1","J3":"1","83":"1","H5":"1","72":"1","94":"1","93":"1","H2":"1"},"Q4":{"CJ":"1","9J":"1"},"F6":{"XH":"1","RH":"1","J6":"1","XV":"1","WR":"1","QH":"1","VQ":"1","MM":"1","G7":"1","XW":"1","XR":"1","WX":"1","PQ":"1","XM":"1","XG":"1","RQ":"1","VW":"1","WV":"1","RJ":"1","RW":"1","QX":"1","WW":"1","QR":"1","PR":"1","QV":"1","WM":"1","H6":"1","XJ":"1","MR":"1","VR":"1","XQ":"1","WP":"1","XP":"1","PW":"1","PJ":"1","RR":"1","VX":"1","H7":"1","G6":"1","RP":"1","VV":"1","RM":"1","MV":"1","WH":"1","VJ":"1","J7":"1","RV":"1","QP":"1","PP":"1","VH":"1","MP":"1","WJ":"1","QW":"1","QQ":"1","QJ":"1","WQ":"1","RX":"1","QM":"1","VP":"1","VM":"1","MQ":"1","XX":"1","PX":"1","MW":"1","PV":"1","PM":"1"},"G7":{"26":"1","23":"1","25":"1","35":"1","22":"1","34":"1","24":"1"},"FR":{"GR":"1"},"P3":{"6X":"1","5X":"1","5W":"1","4X":"1","6W":"1"},"CQ":{"MC":"1","G9":"1","MF":"1","GP":"1"},"V7":{"R4":"1"},"CV":{"57":"1","59":"1","38":"1","47":"1","48":"1","58":"1","49":"1","R6":"1"},"F7":{"V5":"1","V8":"1","W5":"1","Q5":"1","Q2":"1","R7":"1","V4":"1","V6":"1","R3":"1","X2":"1","Q6":"1","W3":"1","V2":"1","Q3":"1","R4":"1","X7":"1","X4":"1","P4":"1","P6":"1","P5":"1","R2":"1","W2":"1","P2":"1","R8":"1","X3":"1","P3":"1","W7":"1","X5":"1","R6":"1","X6":"1","Q7":"1","W6":"1","Q8":"1","V7":"1","W4":"1","V3":"1","R5":"1","W8":"1","Q4":"1"},"G6":{"2H":"1","2M":"1","2W":"1","2R":"1","2V":"1","2J":"1","2X":"1","2Q":"1"},"J4":{"HW":"1","GW":"1","GX":"1","HX":"1"},"7R":{"Q9":"1","Q6":"1","M8":"1","P8":"1","M7":"1","P9":"1","J7":"1","J8":"1","R9":"1","Q8":"1","M9":"1","P7":"1","Q7":"1"},"8W":{"MW":"1","GX":"1","FP":"1","PX":"1","CG":"1","8W":"1","HG":"1","8H":"1","6W":"1","CR":"1","HX":"1","WH":"1","MQ":"1","6R":"1","GV":"1","CV":"1","FG":"1","8M":"1","VJ":"1","FX":"1","FH":"1","9F":"1","GJ":"1","MP":"1","CQ":"1","GR":"1","9J":"1","9W":"1","9P":"1","VH":"1","CC":"1","WJ":"1","FV":"1","HM":"1","PQ":"1","7W":"1","GQ":"1","FM":"1","8Q":"1","XG":"1","7R":"1","9H":"1","CJ":"1","8G":"1","7Q":"1","JJ":"1","6V":"1","JM":"1","FJ":"1","GW":"1","HR":"1","FF":"1","JQ":"1","9G":"1","9Q":"1","8P":"1","8R":"1","CH":"1","XH":"1","HP":"1","9X":"1","PR":"1","8J":"1","GG":"1","9V":"1","JH":"1","JR":"1","VG":"1","HQ":"1","JX":"1","CX":"1","GP":"1","PW":"1","MM":"1","QV":"1","8X":"1","HH":"1","7V":"1","FW":"1","CW":"1","XJ":"1","VM":"1","HW":"1","WG":"1","9R":"1","FQ":"1","JP":"1","7P":"1","MX":"1","HV":"1","PV":"1","RJ":"1","MR":"1","9M":"1","FR":"1","CP":"1","RH":"1","GM":"1","CM":"1","HJ":"1","JW":"1","JV":"1","7X":"1","MV":"1","GF":"1","GH":"1","FC":"1","8V":"1","CF":"1"},"H5":{"MM":"1","8G":"1","HJ":"1","GP":"1","8F":"1","JQ":"1","MJ":"1","PH":"1","FM":"1","JJ":"1","PM":"1","GH":"1","FP":"1","MP":"1","GM":"1","JH":"1","9F":"1","GJ":"1","FJ":"1","GQ":"1","HM":"1","JP":"1","HH":"1","HQ":"1","PJ":"1","9G":"1","9C":"1","HP":"1","JM":"1","PP":"1","MH":"1"},"P4":{"52":"1","42":"1"},"CR":{"R5":"1","Q6":"1","R6":"1","Q5":"1","CF":"1","W4":"1"}},"RH":{"HP":{"75":"1","74":"1","85":"1","84":"1"}},"PW":{"32":{"JM":"1","MM":"1","JJ":"1","MJ":"1"}},"QW":{"34":{"HR":"1","JR":"1","JV":"1","HV":"1"}},"XH":{"X6":{"X2":"1","6X":"1","5X":"1","JJ":"1"},"X2":{"87":"1","88":"1","78":"1","77":"1"},"X8":{"MH":"1","JH":"1","JJ":"1","V6":"1"},"X3":{"53":"1","52":"1"},"X7":{"52":"1","46":"1","MM":"1"},"XC":{"PR":"1","MV":"1","MQ":"1","RV":"1","MR":"1","MW":"1","QV":"1","QR":"1","RQ":"1","QQ":"1","QW":"1","RR":"1","PQ":"1","RW":"1","PV":"1","PW":"1"},"V8":{"98":"1","89":"1","99":"1","86":"1","3V":"1","77":"1","2V":"1","7C":"1","69":"1","58":"1","68":"1","C9":"1","F8":"1","C6":"1","95":"1","C8":"1","96":"1","76":"1","79":"1","88":"1","87":"1","3R":"1","2R":"1","9C":"1","78":"1","97":"1","C7":"1","85":"1","8C":"1","F7":"1","C5":"1","67":"1"},"W5":{"MW":"1"},"W7":{"J6":"1","J5":"1"},"34":{"3C":"1","29":"1","J2":"1","2C":"1","M2":"1","J3":"1","M3":"1"},"24":{"RH":"1","MJ":"1","QH":"1","P9":"1","HF":"1","X9":"1","PG":"1","JF":"1","PF":"1","RG":"1","QF":"1","RF":"1","QG":"1","MG":"1","RJ":"1","MF":"1","W8":"1","PH":"1","M9":"1","JH":"1","HC":"1","W7":"1","PJ":"1","PC":"1","X8":"1","VJ":"1","MC":"1","VH":"1","QJ":"1","MH":"1","QM":"1","JG":"1","PM":"1","JC":"1"},"X5":{"XX":"1","6G":"1"},"33":{"JX":"1"}},"MW":{"X6":{"P2":"1"},"QP":{"4W":"1","4V":"1","5V":"1","5W":"1"}},"6M":{"Q9":{"G3":"1","F3":"1"},"62":{"W2":"1"},"P8":{"F2":"1","G2":"1"},"CF":{"JV":"1"},"P7":{"GX":"1","FX":"1"}},"5X":{"QJ":{"J3":"1"},"FF":{"JM":"1","PM":"1","JJ":"1","PP":"1","QR":"1","PQ":"1","Q5":"1","HP":"1","4Q":"1","JP":"1","HQ":"1","HV":"1","MJ":"1","5R":"1","MV":"1","J3":"1","GP":"1","MX":"1","RV":"1","MR":"1","HR":"1","PW":"1","M3":"1","QW":"1","Q3":"1","4R":"1","HW":"1","PC":"1","HJ":"1","MW":"1","HM":"1","GJ":"1","MQ":"1","P4":"1","P5":"1","PR":"1","QM":"1","JQ":"1","GQ":"1","P3":"1","MP":"1","GV":"1","GR":"1","JR":"1","QP":"1","M5":"1","QV":"1","JV":"1","MM":"1","PV":"1","5Q":"1","M4":"1","GM":"1","JW":"1","Q4":"1","J4":"1","JX":"1"},"GF":{"6M":"1","6P":"1"},"7G":{"48":"1","46":"1","47":"1"},"FH":{"78":"1","95":"1","C5":"1","C3":"1","65":"1","86":"1","87":"1","84":"1","C6":"1","C7":"1","F4":"1","97":"1","C4":"1","66":"1","85":"1","77":"1","76":"1","67":"1","F5":"1","75":"1","96":"1","94":"1","93":"1","88":"1","74":"1"}},"P5":{"57":{"GQ":"1","GP":"1","RV":"1","GR":"1"}},"3V":{"H8":{"9H":"1","CM":"1","FG":"1","CH":"1","CF":"1","CJ":"1","FJ":"1","CG":"1","9G":"1","FH":"1","9J":"1"},"H9":{"XW":"1","CW":"1","X9":"1","WX":"1","XG":"1","VW":"1","FX":"1","WV":"1","9V":"1","WW":"1","VG":"1","GV":"1","GX":"1","FW":"1","GW":"1","CV":"1","FV":"1","VV":"1","WG":"1","CX":"1","9W":"1","9X":"1","XX":"1"},"JF":{"C6":"1"},"HC":{"92":"1","F2":"1","G2":"1","C2":"1"},"J9":{"29":"1","2W":"1","2X":"1"}},"VP":{"V7":{"RQ":"1"}},"WG":{"4P":{"4V":"1","GH":"1","CQ":"1","5W":"1","CH":"1","CJ":"1","HP":"1","HH":"1","8H":"1","HQ":"1","JP":"1","8J":"1","FP":"1","8M":"1","CM":"1","CP":"1","FR":"1","CR":"1","9M":"1","GP":"1","9P":"1","9H":"1","HJ":"1","HM":"1","GJ":"1","9R":"1","5V":"1","9Q":"1","JQ":"1","GQ":"1","8Q":"1","FQ":"1","9J":"1","4W":"1","GR":"1","FH":"1","FM":"1","FJ":"1","GM":"1"}},"X3":{"7J":{"QR":"1","QQ":"1"},"3G":{"23":"1","22":"1","24":"1"},"2G":{"X2":"1","WH":"1","WJ":"1"},"3F":{"2W":"1","3W":"1"},"47":{"QR":"1","RR":"1","VV":"1","VR":"1","RV":"1","QV":"1"},"2F":{"XW":"1"}},"PX":{"FG":{"RR":"1","RQ":"1","PM":"1","PP":"1","QR":"1","PH":"1","PQ":"1","HV":"1","PJ":"1","MV":"1","MX":"1","RV":"1","MR":"1","RF":"1","HX":"1","VQ":"1","RH":"1","PW":"1","QF":"1","QW":"1","HW":"1","MW":"1","RG":"1","MQ":"1","RP":"1","QH":"1","PR":"1","QM":"1","JQ":"1","PG":"1","RW":"1","RM":"1","PX":"1","MP":"1","JR":"1","QP":"1","QJ":"1","RJ":"1","QQ":"1","QV":"1","JV":"1","PV":"1","VR":"1","JW":"1","QG":"1","RX":"1","QX":"1","JX":"1"},"GP":{"29":"1","26":"1","25":"1","28":"1","27":"1","2C":"1","2F":"1"},"FP":{"R5":"1","J6":"1","XF":"1","W6":"1","P9":"1","M8":"1","P6":"1","RC":"1","R8":"1","X9":"1","V6":"1","RF":"1","W8":"1","V5":"1","R7":"1","M9":"1","V7":"1","M6":"1","X7":"1","WC":"1","W7":"1","P7":"1","VF":"1","X6":"1","X8":"1","J7":"1","R9":"1","W9":"1","WF":"1","J8":"1","V8":"1","XC":"1","VC":"1","W5":"1","J9":"1","X5":"1","P8":"1","R6":"1","V9":"1","M7":"1"},"CJ":{"W9":"1"},"CG":{"6H":"1","7G":"1","6G":"1"},"FH":{"G8":"1","G7":"1","M8":"1","H5":"1","C7":"1","J6":"1","G5":"1","F8":"1","G6":"1","Q5":"1","Q2":"1","9C":"1","C9":"1","M2":"1","G9":"1","FC":"1","H7":"1","R3":"1","M7":"1","CC":"1","J3":"1","Q6":"1","F9":"1","98":"1","H3":"1","M3":"1","Q3":"1","R4":"1","J2":"1","P6":"1","P4":"1","P5":"1","R2":"1","H8":"1","J5":"1","C8":"1","P2":"1","97":"1","MC":"1","H2":"1","P3":"1","J8":"1","H6":"1","H4":"1","M5":"1","99":"1","J7":"1","M6":"1","H9":"1","M4":"1","R5":"1","Q4":"1","J4":"1"}},"3W":{"V2":{"4X":"1","2V":"1","2Q":"1","3X":"1","4Q":"1","2R":"1","4R":"1","3W":"1","4V":"1","2J":"1","2W":"1","3V":"1","5Q":"1","29":"1","4W":"1","3Q":"1","5R":"1","3R":"1"}},"4W":{"C3":{"4P":"1","5Q":"1","4Q":"1"}},"5G":{"66":{"3Q":"1","3V":"1","4R":"1","4P":"1","4Q":"1","3P":"1","3R":"1","5R":"1","4M":"1","3M":"1"},"68":{"32":"1","23":"1","25":"1","35":"1","22":"1","34":"1","24":"1","33":"1"},"56":{"PF":"1"},"58":{"X6":"1","X2":"1","X3":"1","X4":"1","X5":"1"}},"RJ":{"6Q":{"32":"1","22":"1"},"5Q":{"Q2":"1","X2":"1","W3":"1","Q3":"1","W2":"1","R3":"1","V3":"1","R2":"1","V2":"1"},"5P":{"XV":"1","WR":"1","JV":"1","VQ":"1","XW":"1","JW":"1","XR":"1","WX":"1","PQ":"1","MX":"1","RQ":"1","VW":"1","WV":"1","RW":"1","QX":"1","WW":"1","QR":"1","PR":"1","QV":"1","JQ":"1","JR":"1","WM":"1","MR":"1","VR":"1","XQ":"1","WP":"1","XP":"1","PW":"1","RR":"1","VX":"1","RP":"1","VV":"1","MV":"1","RV":"1","QP":"1","JX":"1","QW":"1","QQ":"1","WQ":"1","RX":"1","VP":"1","VM":"1","MQ":"1","XX":"1","MW":"1","PX":"1","PV":"1"},"6P":{"5W":"1","3V":"1","5X":"1","4R":"1","3W":"1","2V":"1","4W":"1","2P":"1","2X":"1","3X":"1","6W":"1","3R":"1","2W":"1","5V":"1","4X":"1","4V":"1","6V":"1","6X":"1"}},"WR":{"FG":{"73":"1","3C":"1","29":"1","62":"1","2C":"1","3G":"1","2G":"1","3F":"1","63":"1","2F":"1","72":"1"},"FF":{"6X":"1"},"CF":{"2M":"1","3F":"1","2P":"1","2Q":"1","4J":"1","3C":"1","2F":"1","4M":"1","5J":"1","5F":"1","3M":"1","6H":"1","3J":"1","4H":"1","5G":"1","2H":"1","6J":"1","2J":"1","3G":"1","2G":"1","3H":"1","4F":"1","5H":"1","4G":"1","3P":"1","5M":"1","4C":"1"},"CG":{"X9":"1","XC":"1","XG":"1","W9":"1","WC":"1","WF":"1","XF":"1"},"9G":{"M4":"1","P2":"1","J2":"1","M2":"1","P3":"1","J3":"1","M3":"1"},"9F":{"MW":"1","F8":"1","PX":"1","CG":"1","PG":"1","VC":"1","HG":"1","M3":"1","V9":"1","V7":"1","M9":"1","F7":"1","M5":"1","WH":"1","RQ":"1","MQ":"1","WQ":"1","RV":"1","G9":"1","FG":"1","XC":"1","XP":"1","C7":"1","H8":"1","RW":"1","QJ":"1","VJ":"1","FH":"1","9F":"1","GJ":"1","MP":"1","RC":"1","PM":"1","M7":"1","XM":"1","VH":"1","PC":"1","Q9":"1","CC":"1","WJ":"1","VF":"1","PP":"1","HM":"1","PQ":"1","RG":"1","WM":"1","GQ":"1","WC":"1","M4":"1","M8":"1","WP":"1","XG":"1","P7":"1","P2":"1","W9":"1","F9":"1","QR":"1","R6":"1","QQ":"1","MH":"1","VV":"1","J7":"1","GC":"1","JC":"1","JJ":"1","PJ":"1","MC":"1","RP":"1","JM":"1","FJ":"1","HR":"1","M6":"1","J3":"1","J5":"1","FF":"1","XQ":"1","JQ":"1","H7":"1","MG":"1","XH":"1","QP":"1","HP":"1","R8":"1","QC":"1","JG":"1","P3":"1","P4":"1","PR":"1","Q4":"1","H4":"1","J6":"1","RF":"1","GG":"1","P6":"1","G5":"1","JH":"1","RM":"1","JR":"1","9C":"1","VG":"1","J9":"1","HQ":"1","JX":"1","Q6":"1","Q8":"1","P9":"1","C6":"1","HF":"1","QX":"1","VQ":"1","GP":"1","P8":"1","PW":"1","96":"1","98":"1","H9":"1","MM":"1","G4":"1","H5":"1","PH":"1","QV":"1","WF":"1","HH":"1","QF":"1","XJ":"1","VM":"1","HW":"1","W8":"1","PF":"1","WG":"1","R9":"1","97":"1","Q5":"1","VP":"1","HC":"1","R7":"1","C9":"1","JP":"1","Q7":"1","R5":"1","WR":"1","MX":"1","HV":"1","MJ":"1","PV":"1","RJ":"1","MR":"1","P5":"1","JF":"1","XF":"1","G7":"1","F5":"1","C8":"1","J4":"1","VR":"1","99":"1","RH":"1","GM":"1","G8":"1","MF":"1","RR":"1","QH":"1","HJ":"1","F6":"1","JW":"1","JV":"1","H6":"1","J8":"1","MV":"1","GF":"1","QM":"1","QW":"1","GH":"1","FC":"1","V8":"1","CF":"1","G6":"1","QG":"1"}},"2W":{"F5":{"3V":"1","4W":"1","4V":"1","3X":"1","3W":"1","4X":"1"}},"6X":{"7F":{"X9":"1","W8":"1","XC":"1","W7":"1","W9":"1","X7":"1","X6":"1","WC":"1","M5":"1","M8":"1","XF":"1","X8":"1"},"8F":{"29":"1","26":"1","3F":"1","38":"1","47":"1","28":"1","48":"1","3C":"1","27":"1","39":"1","2C":"1","37":"1","2F":"1","36":"1"}},"JH":{"9J":{"47":"1"}},"2P":{"3H":{"Q5":"1"}},"PV":{"5X":{"M7":"1","G6":"1","H7":"1","G5":"1","H6":"1","J4":"1","M6":"1","J7":"1","J6":"1","H8":"1","H5":"1","G7":"1","J5":"1","H4":"1"}},"5J":{"4M":{"WC":"1"},"5M":{"2C":"1","5C":"1"}},"VH":{"65":{"36":"1","34":"1","49":"1","3C":"1","2F":"1","38":"1","39":"1","5C":"1","35":"1","28":"1","26":"1","58":"1","24":"1","48":"1","59":"1","27":"1","25":"1","29":"1","45":"1","2C":"1","37":"1","46":"1","56":"1","57":"1","47":"1","4C":"1"},"55":{"M8":"1","PH":"1","P7":"1","M7":"1","QC":"1","XC":"1","Q6":"1","RF":"1","PF":"1","RC":"1","QF":"1","X8":"1","PC":"1","X7":"1","RG":"1","P6":"1","QH":"1","PG":"1","R8":"1","MC":"1","W7":"1","X5":"1","Q9":"1","X6":"1","Q7":"1","M9":"1","W6":"1","Q8":"1","X9":"1","P9":"1","XF":"1","P8":"1","R9":"1","QG":"1","W8":"1"}},"2X":{"H2":{"Q4":"1"},"M5":{"64":"1","65":"1","54":"1","55":"1"}},"6J":{"7X":{"2W":"1","3W":"1"},"6X":{"WX":"1"}},"52":{"QR":{"WQ":"1"},"RR":{"F4":"1"}},"7R":{"C9":{"WM":"1","XJ":"1","WJ":"1","XM":"1"},"FC":{"F2":"1","G2":"1"},"F9":{"GW":"1","GX":"1","FW":"1","CX":"1","FX":"1","CW":"1","FV":"1"}},"JX":{"83":{"4X":"1","8X":"1","2V":"1","WR":"1","VQ":"1","FR":"1","CW":"1","HV":"1","3X":"1","8R":"1","6R":"1","7V":"1","8V":"1","5V":"1","VW":"1","RQ":"1","4R":"1","FX":"1","WV":"1","3W":"1","RW":"1","9V":"1","6X":"1","WW":"1","QR":"1","GV":"1","QV":"1","5W":"1","FW":"1","7W":"1","4V":"1","GW":"1","VR":"1","CV":"1","FV":"1","7X":"1","XQ":"1","5X":"1","9R":"1","3V":"1","PW":"1","RR":"1","VX":"1","GR":"1","VV":"1","MV":"1","RV":"1","4W":"1","9W":"1","CX":"1","6V":"1","6W":"1","7R":"1","5R":"1","8W":"1","QW":"1","QQ":"1","WQ":"1","9X":"1","2X":"1","RX":"1","CR":"1","MW":"1","PV":"1"},"73":{"XV":"1","WR":"1","JV":"1","VQ":"1","XW":"1","JW":"1","WX":"1","MX":"1","VW":"1","RQ":"1","WV":"1","RW":"1","QX":"1","WW":"1","QR":"1","QV":"1","VR":"1","PW":"1","RR":"1","VX":"1","VV":"1","HW":"1","RV":"1","JX":"1","QW":"1","WQ":"1","RX":"1","XX":"1","MW":"1","PX":"1"},"74":{"M4":"1","W3":"1","Q4":"1","X4":"1","J2":"1","X9":"1","R2":"1","V3":"1","W2":"1","R3":"1","P3":"1","W8":"1","Q5":"1","Q2":"1","M3":"1","X3":"1","X7":"1","V2":"1","P2":"1","Q3":"1","X6":"1","X2":"1","X8":"1","W4":"1","M2":"1","W9":"1","XC":"1","J3":"1","P4":"1","V4":"1","R4":"1","X5":"1"},"84":{"F8":"1","44":"1","FP":"1","C5":"1","38":"1","CG":"1","H3":"1","92":"1","4F":"1","84":"1","74":"1","37":"1","6G":"1","86":"1","8W":"1","59":"1","J2":"1","6H":"1","63":"1","93":"1","8H":"1","G3":"1","62":"1","F7":"1","CR":"1","M5":"1","45":"1","88":"1","7H":"1","46":"1","F4":"1","95":"1","CV":"1","52":"1","G9":"1","22":"1","FG":"1","C7":"1","H8":"1","FX":"1","83":"1","FH":"1","3F":"1","9F":"1","47":"1","3C":"1","78":"1","39":"1","CQ":"1","GR":"1","9J":"1","9W":"1","48":"1","M7":"1","55":"1","49":"1","CC":"1","25":"1","24":"1","FV":"1","F2":"1","R3":"1","29":"1","GQ":"1","R4":"1","M4":"1","58":"1","FM":"1","9H":"1","36":"1","F3":"1","76":"1","CJ":"1","F9":"1","8G":"1","GC":"1","J7":"1","7C":"1","42":"1","7G":"1","FJ":"1","M6":"1","J3":"1","23":"1","J5":"1","FF":"1","75":"1","66":"1","65":"1","H7":"1","5C":"1","9G":"1","67":"1","CH":"1","82":"1","2C":"1","7F":"1","R2":"1","9X":"1","P4":"1","Q4":"1","H4":"1","J6":"1","8J":"1","GG":"1","9V":"1","P6":"1","G5":"1","9C":"1","68":"1","CX":"1","26":"1","HF":"1","C6":"1","96":"1","98":"1","8F":"1","5F":"1","H9":"1","H5":"1","G4":"1","79":"1","56":"1","28":"1","72":"1","G2":"1","C3":"1","94":"1","77":"1","87":"1","FW":"1","CW":"1","C4":"1","35":"1","5G":"1","9R":"1","6F":"1","97":"1","Q5":"1","HC":"1","6C":"1","73":"1","C9":"1","FQ":"1","32":"1","89":"1","C2":"1","4C":"1","85":"1","V3":"1","53":"1","FR":"1","9M":"1","P5":"1","CP":"1","57":"1","G7":"1","34":"1","F5":"1","C8":"1","J4":"1","99":"1","33":"1","G8":"1","CM":"1","69":"1","F6":"1","54":"1","H6":"1","27":"1","J8":"1","GF":"1","43":"1","GH":"1","64":"1","FC":"1","V2":"1","CF":"1","8C":"1","G6":"1","H2":"1"},"8R":{"68":"1","69":"1","59":"1","58":"1"}}}}