{"index":{"university,1|retail,2|tourism,3|wreck,4|historical,5|artsCulture,6|namedBuilding,7|water,8|wetland,9|park,10|beach,11|natureReserve,12|cemetery,13|trail,14":{}},"7H":{"MW":{"H7":{"CM":"1","GX":"1","CP":"1"},"H9":{"2X":"1","3X":"1"},"J3":{"Q2":"1","P2":"1","QR":"1","Q3":"1","RR":"1","P3":"1","M2":"1","RV":"1","QV":"1","M3":"1"},"HC":{"32":"1","WF":"1","WC":"1","W5":"1","HJ":"1","V5":"1"},"G9":{"XW":"1","XX":"1"},"J7":{"76":"1"},"J6":{"GJ":"1"},"J2":{"MW":"1","MX":"1","PW":"1","QW":"1","QV":"1","QX":"1","PV":"1","MV":"1","PX":"1"},"H8":{"F2":"1","H2":"1","G2":"1","G3":"1","H3":"1","F3":"1"},"H5":{"78":"1","R5":"1","J6":"1","W6":"1","P9":"1","M8":"1","P6":"1","RC":"1","R8":"1","X9":"1","PG":"1","JF":"1","PF":"1","V6":"1","RG":"1","Q9":"1","QF":"1","RF":"1","QG":"1","MG":"1","MF":"1","W8":"1","V5":"1","R7":"1","Q5":"1","VG":"1","Q7":"1","M9":"1","V7":"1","M6":"1","X7":"1","WC":"1","W7":"1","P7":"1","PC":"1","VF":"1","X6":"1","99":"1","X8":"1","W4":"1","QC":"1","J7":"1","R9":"1","W9":"1","Q8":"1","MC":"1","WF":"1","J8":"1","V8":"1","XC":"1","VC":"1","W5":"1","V4":"1","Q6":"1","J9":"1","X5":"1","88":"1","P8":"1","JG":"1","R6":"1","V9":"1","M7":"1","JC":"1"},"JG":{"8X":"1","77":"1","66":"1","7W":"1","76":"1","8W":"1","67":"1"},"JF":{"55":"1"},"HF":{"R4":"1"},"J5":{"29":"1","26":"1","25":"1","28":"1","8Q":"1","27":"1","37":"1","2C":"1","36":"1"}},"84":{"XG":{"CQ":"1","7R":"1","PR":"1","GW":"1","FW":"1","9V":"1","MV":"1","7X":"1","FV":"1","FX":"1","8X":"1","CW":"1","HW":"1","9W":"1","PX":"1","6Q":"1","HR":"1","GV":"1","MR":"1","9Q":"1","8Q":"1","7W":"1","CR":"1","9X":"1","MX":"1","FR":"1","7Q":"1","MW":"1","8R":"1","7V":"1","6W":"1","JV":"1","CV":"1","5Q":"1","8V":"1","CX":"1","5V":"1","JR":"1","JW":"1","HV":"1","GR":"1","PV":"1","PW":"1","GX":"1","8W":"1","5R":"1","9R":"1","6R":"1","HX":"1","JX":"1","6V":"1","6X":"1"},"RJ":{"R3":"1","W4":"1","V3":"1","R4":"1","V4":"1","V5":"1"},"XJ":{"XG":"1","XF":"1"},"XR":{"23":"1","22":"1","34":"1","24":"1","33":"1"},"VG":{"JW":"1","JV":"1"},"WR":{"X3":"1","X4":"1"},"XH":{"72":"1","63":"1","J3":"1","62":"1","P3":"1","J2":"1","82":"1","G2":"1","92":"1","F2":"1","C2":"1","M2":"1","M3":"1","P2":"1","H2":"1"}},"G3":{"5J":{"JM":"1","PM":"1","GH":"1","JJ":"1","PP":"1","7J":"1","PQ":"1","CH":"1","CJ":"1","HP":"1","HH":"1","MH":"1","8H":"1","HQ":"1","JP":"1","7M":"1","MJ":"1","PJ":"1","8J":"1","8P":"1","FP":"1","8M":"1","CM":"1","CP":"1","6H":"1","9M":"1","GP":"1","9P":"1","7H":"1","9H":"1","HJ":"1","HM":"1","6M":"1","GJ":"1","MQ":"1","JQ":"1","GQ":"1","9J":"1","MP":"1","QP":"1","FH":"1","QQ":"1","JH":"1","MM":"1","FM":"1","7P":"1","6J":"1","FJ":"1","GM":"1"}},"X5":{"HJ":{"7J":"1","8V":"1"},"JH":{"R2":"1","W4":"1","V3":"1","R4":"1","R3":"1","V4":"1","V2":"1"}},"WH":{"W3":{"XH":"1","RH":"1","XF":"1","QH":"1","PG":"1","PF":"1","XG":"1","RG":"1","QF":"1","RF":"1","QG":"1","RJ":"1","PH":"1","VG":"1","WM":"1","PC":"1","VF":"1","RM":"1","WH":"1","VJ":"1","QC":"1","WG":"1","WF":"1","VH":"1","WJ":"1","QJ":"1","QM":"1","VM":"1"},"V7":{"VP":"1","XQ":"1","XV":"1","XR":"1","WR":"1","WV":"1","VM":"1"},"M9":{"4W":"1","5X":"1"}},"RQ":{"XJ":{"64":"1","74":"1","85":"1","84":"1"}},"46":{"RX":{"P7":"1"},"RW":{"XC":"1","PH":"1","XG":"1","WC":"1","WF":"1","XF":"1","WG":"1","X8":"1","PJ":"1","QF":"1"},"VX":{"7Q":"1","MR":"1","PR":"1","MQ":"1"},"XX":{"RC":"1"}},"WQ":{"8V":{"CQ":"1","FR":"1","CR":"1","CP":"1"}},"F4":{"34":{"XM":"1"},"63":{"3M":"1","3J":"1","4M":"1"}},"95":{"32":{"CX":"1","CW":"1"},"84":{"6M":"1","7M":"1"}},"RV":{"FW":{"44":"1","43":"1"},"RC":{"J9":"1"}},"XC":{"83":{"VJ":"1","VM":"1"},"73":{"C3":"1","F2":"1","G2":"1","G3":"1","C2":"1","F3":"1"},"XG":{"5M":"1"},"53":{"7X":"1","8X":"1","9W":"1","7W":"1","9X":"1","QV":"1","6W":"1","QW":"1","8W":"1","PW":"1","6X":"1"},"44":{"M9":"1"},"54":{"62":"1","92":"1","7F":"1","82":"1","7G":"1","72":"1"},"33":{"JF":"1","HF":"1","JC":"1","HC":"1"}},"XP":{"57":{"HJ":"1","GF":"1","JJ":"1","HG":"1","JC":"1","GG":"1","MG":"1","HC":"1","JH":"1","HH":"1","JG":"1","JF":"1","HF":"1","MH":"1"},"68":{"29":"1","3H":"1","5G":"1"},"43":{"FC":"1","G9":"1","GC":"1","FF":"1","F9":"1","GF":"1"},"58":{"VC":"1"},"42":{"CQ":"1","FV":"1","CP":"1","RV":"1","FR":"1","RX":"1","RR":"1"}},"8M":{"XX":{"7X":"1","8X":"1","7W":"1","8W":"1"}},"VJ":{"Q9":{"RG":"1","RF":"1"},"V8":{"4H":"1"},"FJ":{"V4":"1","V5":"1"},"R3":{"9R":"1","FR":"1","9V":"1","CR":"1","CV":"1","FV":"1"},"FH":{"PW":"1"},"R8":{"FJ":"1"}},"XR":{"WH":{"WG":"1","WH":"1","VG":"1","VH":"1"},"6H":{"HJ":"1","XG":"1","JJ":"1","HG":"1","GG":"1","GH":"1","GM":"1","JH":"1","WF":"1","VF":"1","GJ":"1","XF":"1","HM":"1","WG":"1","HH":"1","VG":"1"},"6J":{"JM":"1"},"7W":{"HC":"1"}},"3F":{"66":{"R3":"1"},"75":{"MH":"1"}},"XW":{"39":{"C3":"1","83":"1","62":"1","92":"1","82":"1","93":"1","C2":"1"},"38":{"8X":"1","W6":"1","WR":"1","P9":"1","M8":"1","RC":"1","R8":"1","PG":"1","JF":"1","PF":"1","Q9":"1","QF":"1","QG":"1","MG":"1","WV":"1","MF":"1","6X":"1","M9":"1","X7":"1","7X":"1","W7":"1","PC":"1","VV":"1","X8":"1","QC":"1","CX":"1","R9":"1","MC":"1","WQ":"1","9X":"1","J9":"1","JC":"1"},"49":{"82":"1","72":"1"}},"47":{"Q2":{"Q4":"1"},"R2":{"4P":"1","6Q":"1","6R":"1","7Q":"1","4M":"1","7R":"1","5J":"1","6P":"1"}},"55":{"HX":{"GF":"1","FG":"1","FM":"1","HG":"1","PM":"1","GG":"1","CM":"1","GH":"1","9M":"1","GJ":"1","CJ":"1","FJ":"1","FH":"1","HH":"1","9J":"1"}},"XM":{"76":{"MC":"1","MF":"1","PF":"1","QC":"1","QF":"1","PC":"1"},"W8":{"H9":"1","HF":"1","G9":"1","GC":"1","HC":"1","GF":"1"},"2J":{"XG":"1","WH":"1","XJ":"1","WJ":"1","XH":"1"},"3J":{"9J":"1","4J":"1","9H":"1","5F":"1","6G":"1","6H":"1","3J":"1","4H":"1","5G":"1","2H":"1","7J":"1","6J":"1","8J":"1","2J":"1","3G":"1","2G":"1","3H":"1","8H":"1","8G":"1","7G":"1","4G":"1","5H":"1","7H":"1"},"F8":{"R6":"1","V7":"1","R7":"1","V6":"1"}},"9P":{"23":{"CQ":"1","62":"1","5J":"1","56":"1","CJ":"1","6H":"1","9H":"1","C9":"1","C6":"1","95":"1","96":"1","52":"1","5R":"1","9R":"1","C5":"1"},"25":{"C9":"1","R6":"1","H5":"1","C8":"1"},"35":{"62":"1","C5":"1"},"22":{"6J":"1","3Q":"1","2R":"1","3R":"1"},"34":{"PR":"1","RV":"1","QV":"1","QR":"1","RQ":"1","QQ":"1","QW":"1","RR":"1","PQ":"1","RW":"1","PV":"1","PW":"1"},"24":{"22":"1","WR":"1","55":"1","96":"1","CC":"1","9C":"1","C5":"1","CH":"1"}},"VH":{"VX":{"36":"1","35":"1"}},"Q9":{"G5":{"8V":"1","7V":"1","7W":"1","8W":"1"}},"WV":{"MP":{"MP":"1","HW":"1","PQ":"1","PP":"1","PR":"1","MQ":"1","HV":"1"},"HR":{"XP":"1","WP":"1","WM":"1","XJ":"1","WJ":"1","XH":"1","XM":"1"},"FR":{"HQ":"1","JQ":"1"},"MQ":{"G5":"1","R2":"1","65":"1","64":"1","75":"1","V3":"1","R3":"1","H5":"1","C6":"1","96":"1","74":"1","97":"1","C7":"1","V2":"1"},"JR":{"2H":"1","2M":"1","3M":"1","3H":"1","3G":"1","2J":"1","2G":"1","3J":"1","4J":"1","4M":"1","4H":"1","2P":"1"}},"WJ":{"VP":{"GV":"1","HV":"1"},"VG":{"64":"1","75":"1","65":"1","74":"1","53":"1","52":"1","54":"1","63":"1"},"FX":{"MW":"1","JX":"1","MX":"1","JW":"1","JV":"1","MV":"1"},"RG":{"9X":"1","CX":"1","8X":"1"},"VH":{"Q2":"1","P2":"1","3C":"1","Q3":"1","P3":"1"},"RH":{"C3":"1","92":"1","82":"1","93":"1","C2":"1"}},"VF":{"4G":{"2M":"1","3F":"1","2P":"1","4J":"1","4P":"1","4M":"1","5J":"1","5F":"1","5C":"1","3M":"1","6G":"1","6H":"1","3J":"1","4H":"1","5G":"1","2H":"1","6J":"1","2J":"1","3G":"1","2G":"1","3H":"1","4F":"1","5H":"1","4G":"1","3P":"1","5M":"1","4C":"1"},"3G":{"XJ":"1","XM":"1"},"4H":{"3C":"1"}},"PP":{"MM":{"X9":"1","W8":"1","X5":"1","W7":"1","W6":"1","W9":"1","X7":"1","X6":"1","W4":"1","X4":"1","X8":"1","W5":"1","X3":"1"},"FC":{"Q6":"1","32":"1","R6":"1","R7":"1","P6":"1","P7":"1","Q7":"1","42":"1"},"PM":{"24":"1","29":"1","26":"1","25":"1","28":"1","46":"1","27":"1","33":"1","35":"1","34":"1","23":"1","36":"1"},"GC":{"FM":"1","M8":"1","CM":"1","FP":"1","FJ":"1","GJ":"1","M9":"1","CP":"1","GM":"1"},"GM":{"97":"1","87":"1","88":"1","98":"1"},"F9":{"3V":"1","2W":"1","P4":"1","4W":"1","P3":"1","3X":"1","V9":"1","3W":"1","5G":"1","4X":"1","6G":"1","M3":"1"},"CJ":{"J9":"1"},"9H":{"RH":"1","WR":"1","VQ":"1","87":"1","RG":"1","RQ":"1","RJ":"1","VG":"1","WM":"1","VR":"1","XQ":"1","WP":"1","XP":"1","77":"1","RP":"1","RM":"1","WH":"1","VJ":"1","WG":"1","VH":"1","WJ":"1","WQ":"1","88":"1","VP":"1","VM":"1"},"C9":{"XW":"1","XV":"1","XX":"1","WW":"1","WV":"1"},"CC":{"RR":"1"},"CG":{"C3":"1","92":"1","93":"1","C2":"1"},"CH":{"CH":"1","CW":"1"}},"RG":{"43":{"WR":"1","WQ":"1","VR":"1","XV":"1","VV":"1","WV":"1","RQ":"1","XR":"1","RR":"1","XW":"1","VQ":"1"},"63":{"H4":"1","G4":"1","J6":"1","M8":"1","P6":"1","H3":"1","Q7":"1","M6":"1","F4":"1","G3":"1","H6":"1","P7":"1","G5":"1","H7":"1","G6":"1","J5":"1","J7":"1","F5":"1","J4":"1","Q8":"1","J8":"1","H5":"1","M5":"1","P8":"1","M7":"1"},"4H":{"PM":"1","P8":"1","M7":"1","J7":"1","P7":"1"},"5F":{"VJ":"1","VH":"1"},"2G":{"V5":"1","V8":"1","W9":"1","W5":"1","Q5":"1","Q2":"1","R7":"1","V4":"1","V6":"1","R3":"1","X2":"1","V9":"1","Q6":"1","W3":"1","V2":"1","Q3":"1","R4":"1","X8":"1","X7":"1","X4":"1","R2":"1","W2":"1","R8":"1","X3":"1","W7":"1","X5":"1","R6":"1","Q9":"1","X6":"1","Q7":"1","W6":"1","Q8":"1","V7":"1","X9":"1","W4":"1","V3":"1","R5":"1","R9":"1","W8":"1","Q4":"1"},"84":{"7X":"1"},"7H":{"7X":"1","6X":"1","7W":"1","6W":"1"},"6H":{"89":"1","8F":"1","7V":"1","G4":"1","7C":"1","PR":"1","PV":"1","F4":"1","8C":"1"},"7J":{"4R":"1"},"G2":{"X7":"1"},"C6":{"43":"1","22":"1","24":"1","26":"1","25":"1","33":"1","44":"1","35":"1","32":"1","34":"1","23":"1"},"95":{"RH":"1","XV":"1","WR":"1","VQ":"1","XW":"1","XR":"1","WX":"1","PQ":"1","XM":"1","VW":"1","RQ":"1","WV":"1","RJ":"1","RW":"1","WW":"1","VG":"1","QR":"1","PR":"1","WM":"1","XJ":"1","MR":"1","VR":"1","XQ":"1","WP":"1","RR":"1","VX":"1","RP":"1","VV":"1","RM":"1","WH":"1","VJ":"1","RV":"1","WG":"1","QP":"1","PP":"1","VH":"1","GM":"1","MP":"1","WJ":"1","QQ":"1","QJ":"1","WQ":"1","QM":"1","GP":"1","VP":"1","VM":"1","MQ":"1","XX":"1","PM":"1"},"96":{"X6":"1","X2":"1","W3":"1","X3":"1","W2":"1","X4":"1","W4":"1","X5":"1","V2":"1"},"5H":{"2G":"1","2F":"1"},"4J":{"V7":"1","V8":"1"},"53":{"2W":"1","2V":"1"},"85":{"42":"1"},"3G":{"36":"1","34":"1","49":"1","43":"1","38":"1","39":"1","35":"1","28":"1","26":"1","58":"1","24":"1","48":"1","33":"1","27":"1","25":"1","42":"1","29":"1","45":"1","2C":"1","44":"1","37":"1","46":"1","56":"1","23":"1","57":"1","22":"1","47":"1","32":"1"},"H2":{"26":"1","27":"1"},"C5":{"2W":"1","2V":"1","2X":"1","3X":"1"},"5G":{"M8":"1","P8":"1","P9":"1","M9":"1","4H":"1"},"4G":{"2X":"1"}},"PQ":{"7Q":{"FV":"1","3Q":"1","6Q":"1","3P":"1","CR":"1","FR":"1","3M":"1","6R":"1"},"7P":{"7J":"1","8J":"1"},"6V":{"MW":"1","JX":"1","MX":"1","PW":"1","JW":"1","PX":"1"},"5P":{"MM":"1","PM":"1","MQ":"1","MP":"1","JP":"1","JM":"1","PP":"1"},"6M":{"2G":"1","3Q":"1","2H":"1","3H":"1","2P":"1","2Q":"1","2J":"1","2M":"1","2R":"1","3G":"1","2C":"1","2F":"1"},"5M":{"WP":"1","XQ":"1","W2":"1","XG":"1","WR":"1","XJ":"1","WQ":"1","WM":"1","WH":"1","XP":"1","WJ":"1","RG":"1","RH":"1","WF":"1","XH":"1","XM":"1","VH":"1","XF":"1","VJ":"1","WG":"1","XR":"1","VG":"1","VM":"1"},"6P":{"RQ":"1","QQ":"1","QR":"1","RR":"1","PQ":"1","PR":"1","FJ":"1","RV":"1","QV":"1"}},"WM":{"HJ":{"W2":"1","R2":"1","Q2":"1","W3":"1","Q4":"1","P3":"1","V3":"1","J2":"1","R4":"1","R3":"1","Q3":"1","M2":"1","M3":"1","V2":"1","H2":"1","P2":"1"},"X6":{"C5":"1"},"XJ":{"RP":"1","RM":"1"},"WJ":{"JM":"1","HG":"1","GH":"1","JJ":"1","V8":"1","HH":"1","MH":"1","JP":"1","VG":"1","MJ":"1","JG":"1","QC":"1","V9":"1","GP":"1","HF":"1","RF":"1","RC":"1","QF":"1","HJ":"1","HM":"1","RG":"1","GJ":"1","GG":"1","VF":"1","WC":"1","Q9":"1","JF":"1","JH":"1","WF":"1","MM":"1","FM":"1","VC":"1","FJ":"1","GM":"1","R9":"1"},"GH":{"6H":"1","53":"1","5G":"1","6G":"1"},"GJ":{"78":"1","MJ":"1","QH":"1","43":"1","MM":"1","53":"1","PG":"1","JF":"1","86":"1","PF":"1","87":"1","QF":"1","QG":"1","MG":"1","JM":"1","MF":"1","PH":"1","JH":"1","66":"1","PJ":"1","85":"1","77":"1","76":"1","67":"1","44":"1","75":"1","QJ":"1","MH":"1","68":"1","88":"1","JJ":"1","QM":"1","JG":"1","PM":"1"},"F2":{"J2":"1","PM":"1"},"FH":{"M4":"1","J4":"1","W5":"1","M5":"1","V5":"1"},"HH":{"MV":"1","HW":"1","VX":"1","PX":"1","RV":"1","VV":"1","MX":"1","MW":"1","WX":"1","QV":"1","JV":"1","RX":"1","QW":"1","QX":"1","VW":"1","JW":"1","RW":"1","PV":"1","PW":"1","HX":"1","JX":"1"},"QQ":{"6X":"1","5X":"1","5W":"1","6W":"1"}},"R4":{"G4":{"4G":"1"}},"WC":{"FC":{"9R":"1","FR":"1","9V":"1","CR":"1","CV":"1","FV":"1"},"9C":{"CX":"1","FW":"1","FX":"1","CW":"1"},"9F":{"F2":"1","C2":"1"}},"WP":{"PF":{"X2":"1"},"QC":{"3V":"1","2W":"1","2V":"1","2X":"1","3X":"1","3W":"1"},"QH":{"64":"1","76":"1","66":"1","75":"1","65":"1","74":"1","85":"1","86":"1","77":"1"},"QF":{"32":"1","22":"1"},"PC":{"XW":"1","XV":"1","XX":"1"}},"XG":{"HG":{"H3":"1","G4":"1","W4":"1","H5":"1","G3":"1","V4":"1","H4":"1"},"FX":{"3Q":"1","3R":"1","3P":"1"}},"F3":{"GW":{"VC":"1","RC":"1","QC":"1","VF":"1","RF":"1"},"JX":{"28":"1","37":"1","38":"1","27":"1"},"XF":{"VM":"1"},"HX":{"83":"1","64":"1","94":"1","74":"1","84":"1","93":"1"}},"76":{"86":{"R5":"1","4R":"1","R4":"1","3R":"1","V5":"1","3P":"1"},"75":{"VV":"1"},"95":{"PX":"1","CG":"1","4F":"1","VC":"1","59":"1","6H":"1","V9":"1","V7":"1","8H":"1","M9":"1","5P":"1","WH":"1","7H":"1","FG":"1","8M":"1","QJ":"1","VJ":"1","FH":"1","9F":"1","RC":"1","CQ":"1","9J":"1","9P":"1","VH":"1","PC":"1","Q9":"1","VF":"1","RG":"1","6J":"1","M8":"1","8Q":"1","9H":"1","P7":"1","CJ":"1","8G":"1","R6":"1","7Q":"1","JC":"1","7G":"1","MC":"1","FJ":"1","6Q":"1","MG":"1","9G":"1","9Q":"1","8P":"1","8R":"1","CH":"1","R8":"1","QC":"1","JG":"1","RF":"1","8J":"1","9C":"1","VG":"1","J9":"1","P9":"1","Q8":"1","P8":"1","8F":"1","5F":"1","WF":"1","QF":"1","PF":"1","WG":"1","6M":"1","5G":"1","R9":"1","R7":"1","7P":"1","Q7":"1","RJ":"1","V6":"1","9M":"1","7J":"1","CP":"1","JF":"1","RH":"1","7M":"1","CM":"1","6P":"1","MF":"1","QH":"1","V8":"1","CF":"1","QG":"1"},"C6":{"83":"1"},"96":{"H4":"1","J9":"1"},"76":{"Q2":"1","Q3":"1"},"C7":{"42":"1"},"85":{"GP":"1","XQ":"1","QP":"1","WR":"1","PM":"1","WQ":"1","GM":"1","V9":"1","3P":"1","VJ":"1","XR":"1","6P":"1","2C":"1","QF":"1","PP":"1","6V":"1"},"C5":{"2W":"1"}},"QR":{"29":{"C3":"1","F2":"1","C4":"1","G4":"1","G2":"1","G3":"1","C2":"1","C5":"1","F4":"1","F3":"1"},"47":{"HW":"1","MW":"1","JX":"1","HX":"1","JW":"1","JR":"1","JV":"1","MV":"1","HV":"1"},"28":{"GX":"1","CX":"1","FX":"1"},"48":{"J2":"1","CM":"1","XV":"1","CP":"1"},"Q2":{"F2":"1","G2":"1"},"58":{"3V":"1","2W":"1","2V":"1"},"88":{"7X":"1","7V":"1","6X":"1","5X":"1","7W":"1","8W":"1","6W":"1"}},"R6":{"8V":{"86":"1","72":"1","63":"1","73":"1","F4":"1","62":"1","64":"1","84":"1","F5":"1","93":"1","75":"1","83":"1","82":"1","92":"1","95":"1","C3":"1","C2":"1","96":"1","76":"1","74":"1","85":"1","C5":"1","C4":"1","94":"1"},"82":{"W3":"1","X3":"1","X4":"1","W4":"1"},"43":{"G8":"1","4H":"1","G7":"1","CG":"1","M8":"1","7J":"1","C7":"1","F7":"1","3J":"1","88":"1","J9":"1","3H":"1","7C":"1","F8":"1","CH":"1","8H":"1","5H":"1","9C":"1","C9":"1","G9":"1","9G":"1","FC":"1","8C":"1","H7":"1","8J":"1","7G":"1","7F":"1","6H":"1","M7":"1","6F":"1","CC":"1","89":"1","9F":"1","FG":"1","8G":"1","F9":"1","98":"1","7H":"1","9H":"1","H8":"1","C8":"1","8F":"1","97":"1","9J":"1","J8":"1","5G":"1","FH":"1","4G":"1","99":"1","6C":"1","J7":"1","79":"1","6G":"1","4J":"1","5F":"1","H9":"1","5J":"1","6J":"1","CF":"1"},"P6":{"JM":"1","MM":"1","JJ":"1","MJ":"1"},"8R":{"5W":"1","7X":"1","8X":"1","5X":"1","7W":"1","9X":"1","6W":"1","6X":"1"},"72":{"4F":"1","5F":"1","4C":"1","6F":"1","5C":"1","6C":"1","5G":"1"}},"QQ":{"36":{"MX":"1","PX":"1"},"78":{"25":"1"},"34":{"9R":"1"},"6C":{"X9":"1","X8":"1"},"9G":{"VX":"1"},"CG":{"64":"1","73":"1","66":"1","92":"1","75":"1","65":"1","74":"1","82":"1","55":"1","63":"1"},"49":{"2M":"1","4X":"1","CG":"1","2V":"1","2P":"1","2Q":"1","4P":"1","4M":"1","6R":"1","3M":"1","5V":"1","4Q":"1","FH":"1","4R":"1","2R":"1","5W":"1","6Q":"1","4V":"1","2W":"1","3V":"1","5Q":"1","4W":"1","6V":"1","6W":"1","3Q":"1","3P":"1","5R":"1","3R":"1","2X":"1","CH":"1"},"7F":{"RH":"1","MJ":"1","W6":"1","QH":"1","HF":"1","M8":"1","H9":"1","VQ":"1","R8":"1","X9":"1","PG":"1","HG":"1","JF":"1","PF":"1","V6":"1","XM":"1","RG":"1","Q9":"1","QG":"1","MG":"1","RJ":"1","MF":"1","W8":"1","R7":"1","PH":"1","Q7":"1","M9":"1","V7":"1","WM":"1","X7":"1","JH":"1","HC":"1","WP":"1","W7":"1","PJ":"1","H8":"1","X6":"1","RP":"1","RM":"1","X8":"1","VJ":"1","J7":"1","R9":"1","W9":"1","Q8":"1","MC":"1","VH":"1","J8":"1","V8":"1","WJ":"1","QJ":"1","WQ":"1","MH":"1","J9":"1","QM":"1","VP":"1","VM":"1","JG":"1","V9":"1","M7":"1","JC":"1"},"3C":{"V2":"1"},"79":{"GW":"1","FW":"1","RF":"1","PH":"1","FV":"1","PC":"1","CW":"1","MG":"1","RG":"1","JH":"1","VF":"1","GV":"1","MF":"1","QG":"1","FR":"1","PG":"1","PF":"1","CV":"1","PJ":"1","VG":"1","HV":"1","GR":"1","QF":"1","MH":"1"},"9H":{"JJ":"1"},"HG":{"7X":"1","8X":"1"},"39":{"WP":"1","XQ":"1","WR":"1","WQ":"1","VR":"1","VX":"1","XP":"1","XV":"1","RV":"1","VV":"1","XX":"1","WV":"1","WX":"1","XR":"1","RX":"1","VW":"1","RR":"1","RW":"1","XW":"1","WW":"1","VQ":"1"},"35":{"R5":"1","Q4":"1","R3":"1","V3":"1","R4":"1","V4":"1"},"9C":{"2H":"1","32":"1","VJ":"1","3H":"1","3G":"1","QW":"1","2G":"1","QV":"1"},"QX":{"8G":"1","PR":"1","JQ":"1","MV":"1","FX":"1","MQ":"1","MP":"1","RV":"1","MR":"1","QR":"1","QV":"1","QQ":"1","JV":"1","9G":"1","QW":"1","JR":"1","RR":"1","PQ":"1","PV":"1","PW":"1","GX":"1"},"7C":{"29":"1","65":"1","56":"1","28":"1","66":"1","55":"1","67":"1"},"7W":{"76":"1","87":"1","86":"1","77":"1"},"4V":{"XP":"1","WP":"1","XQ":"1","WQ":"1","WR":"1"},"PW":{"R3":"1","R2":"1"},"99":{"3X":"1"},"MV":{"WH":"1","XH":"1"},"45":{"36":"1","37":"1","39":"1","26":"1","38":"1","27":"1"},"67":{"VJ":"1"},"8F":{"6R":"1","5Q":"1","5R":"1","6V":"1"},"37":{"P2":"1","J2":"1","P3":"1","M2":"1","M3":"1"},"89":{"5C":"1"},"69":{"P2":"1","VV":"1","VR":"1","WV":"1"},"QW":{"HH":"1","GH":"1"},"68":{"X5":"1","PX":"1"},"47":{"W3":"1","X3":"1","X4":"1","W5":"1","W4":"1","V4":"1","X5":"1","V5":"1"},"4C":{"78":"1","49":"1","H9":"1","38":"1","65":"1","86":"1","C9":"1","87":"1","MG":"1","55":"1","MF":"1","58":"1","F9":"1","64":"1","48":"1","M9":"1","FC":"1","F8":"1","66":"1","54":"1","CC":"1","F7":"1","42":"1","77":"1","H8":"1","76":"1","67":"1","F5":"1","37":"1","46":"1","75":"1","56":"1","MC":"1","J8":"1","57":"1","68":"1","J9":"1","47":"1","88":"1","32":"1","JG":"1","JC":"1"}},"VV":{"XP":{"VC":"1","W9":"1","W8":"1","RC":"1","R9":"1","WC":"1","V8":"1","V9":"1"},"53":{"R9":"1"},"FG":{"J2":"1"},"43":{"3C":"1","QJ":"1","2C":"1","2G":"1","3F":"1","2F":"1"},"CF":{"3H":"1"},"34":{"86":"1","77":"1","75":"1","Q4":"1","66":"1","R4":"1","R3":"1","Q3":"1","76":"1","88":"1","87":"1","78":"1","85":"1","67":"1"},"F5":{"28":"1","27":"1"},"33":{"XG":"1","VR":"1","XH":"1","RV":"1","VV":"1","WV":"1","QV":"1","QR":"1","QW":"1","VW":"1","RR":"1","RW":"1","VQ":"1"}},"7C":{"XR":{"6H":"1"},"WQ":{"XG":"1"},"XX":{"JG":"1"},"RF":{"QH":"1"}},"RP":{"HW":{"M8":"1","P8":"1","M7":"1","P6":"1","Q8":"1","P7":"1","M6":"1","Q7":"1","R8":"1"},"GV":{"V8":"1","V9":"1"},"H2":{"25":"1","49":"1","4C":"1","59":"1"},"G2":{"V7":"1","JC":"1","W7":"1","W6":"1","V6":"1"},"P7":{"MC":"1"}},"X9":{"8Q":{"FQ":"1","GQ":"1","CQ":"1","FR":"1","GP":"1","FP":"1","CR":"1","CP":"1"},"8X":{"GF":"1","99":"1","FC":"1","GC":"1","GH":"1","9F":"1","CF":"1","C9":"1","HH":"1","CC":"1","FF":"1","9C":"1"},"7W":{"G5":"1"},"8M":{"9R":"1","8V":"1","8Q":"1","9V":"1","9Q":"1","8R":"1"}},"XQ":{"CM":{"CQ":"1","JQ":"1","7X":"1","QP":"1","8X":"1","5X":"1","MQ":"1","MR":"1","9Q":"1","7W":"1","9X":"1","6W":"1","JR":"1","8W":"1","6X":"1"},"CP":{"98":"1","G6":"1","G5":"1","86":"1","72":"1","H6":"1","63":"1","73":"1","F4":"1","62":"1","77":"1","G4":"1","F5":"1","83":"1","82":"1","H5":"1","92":"1","C6":"1","95":"1","C8":"1","96":"1","76":"1","G7":"1","88":"1","87":"1","97":"1","C7":"1","52":"1","F6":"1","F7":"1","C5":"1"}},"75":{"XX":{"X4":"1"},"HV":{"MQ":"1"}},"66":{"H9":{"HH":"1","CG":"1","MJ":"1","HF":"1","H9":"1","GJ":"1","PG":"1","HG":"1","JF":"1","PF":"1","GC":"1","CF":"1","GF":"1","FH":"1","MG":"1","JM":"1","MF":"1","PH":"1","QR":"1","M9":"1","GH":"1","HJ":"1","FG":"1","JH":"1","HC":"1","GG":"1","FF":"1","MC":"1","J8":"1","MH":"1","HM":"1","J9":"1","JJ":"1","JG":"1","JC":"1"},"GC":{"J2":"1","R2":"1","R8":"1"}},"X2":{"Q2":{"MW":"1"}},"65":{"9P":{"PH":"1"}},"67":{"XF":{"F5":"1"}},"XH":{"76":{"7X":"1","8X":"1","4H":"1","7H":"1","7W":"1","6H":"1","7V":"1","8W":"1","6V":"1"},"66":{"CQ":"1","GW":"1","FW":"1","9V":"1","FV":"1","FX":"1","FM":"1","HW":"1","9W":"1","CM":"1","9P":"1","CP":"1","FQ":"1","FP":"1","GV":"1","9Q":"1","CR":"1","FR":"1","8R":"1","CV":"1","8V":"1","GR":"1","GX":"1","9R":"1","HX":"1"},"MH":{"5X":"1","4X":"1"},"JM":{"G7":"1","H6":"1","7P":"1","C5":"1","H7":"1"},"MJ":{"43":"1","24":"1","62":"1","47":"1","42":"1","46":"1","33":"1","32":"1","52":"1","37":"1","36":"1"}},"2C":{"P8":{"4G":"1","3H":"1","3G":"1","3F":"1","4M":"1","4H":"1"}},"PR":{"7Q":{"XP":"1","VP":"1","WH":"1","WM":"1","VJ":"1","XJ":"1","WJ":"1","XH":"1","XM":"1","VM":"1"},"8Q":{"2H":"1","2J":"1"},"4V":{"QJ":"1"},"8M":{"FC":"1"}},"H4":{"6R":{"7X":"1"}},"RF":{"9X":{"FG":"1","FF":"1","CG":"1"}},"P6":{"HF":{"2M":"1","3F":"1","2P":"1","2Q":"1","4J":"1","4P":"1","2F":"1","4M":"1","5J":"1","3M":"1","4Q":"1","2R":"1","3J":"1","4H":"1","2H":"1","2J":"1","3G":"1","2G":"1","3H":"1","5P":"1","4G":"1","29":"1","2C":"1","3Q":"1","3P":"1","3R":"1","5M":"1"},"GF":{"XH":"1","RH":"1","MJ":"1","XV":"1","XF":"1","WR":"1","QH":"1","VQ":"1","MM":"1","XR":"1","X9":"1","PG":"1","PQ":"1","XM":"1","XG":"1","RG":"1","QF":"1","VW":"1","RQ":"1","RF":"1","QG":"1","WV":"1","RJ":"1","RW":"1","PH":"1","WW":"1","VG":"1","QR":"1","QV":"1","WM":"1","XJ":"1","WC":"1","VR":"1","XQ":"1","WP":"1","XP":"1","PJ":"1","RR":"1","VF":"1","RP":"1","VV":"1","RM":"1","WH":"1","VJ":"1","RV":"1","WG":"1","QP":"1","W9":"1","PP":"1","WF":"1","VH":"1","XC":"1","WJ":"1","VC":"1","QJ":"1","QQ":"1","WQ":"1","MH":"1","QM":"1","VM":"1","VP":"1","PM":"1"}},"RM":{"GW":{"5X":"1","4X":"1"},"GX":{"44":"1","52":"1","43":"1","34":"1","42":"1","33":"1"}},"JX":{"HF":{"7F":"1"}},"P9":{"57":{"28":"1","3C":"1","29":"1","7F":"1","39":"1","2C":"1","38":"1","6F":"1","3G":"1","2G":"1","3F":"1","6C":"1","2F":"1"},"46":{"7F":"1","6F":"1","7C":"1","6C":"1"},"47":{"X9":"1","VC":"1","XC":"1","RF":"1","XG":"1","W9":"1","R9":"1","RG":"1","WC":"1","WF":"1","VF":"1","V9":"1","XF":"1","WG":"1","RC":"1","VG":"1"}},"Q8":{"44":{"M4":"1","94":"1","H5":"1","85":"1","J4":"1","84":"1","G4":"1","H4":"1","95":"1","G5":"1","F4":"1","F5":"1","J5":"1"}},"P8":{"QH":{"9R":"1","8Q":"1","9Q":"1","C7":"1","8R":"1"},"MM":{"7F":"1","8F":"1","7H":"1","8H":"1","7G":"1","8G":"1"},"XW":{"PM":"1","QJ":"1","MH":"1","PH":"1","PP":"1","PJ":"1","MM":"1","QM":"1","MJ":"1"},"PQ":{"43":"1","54":"1","7H":"1","8J":"1","42":"1","9M":"1","7J":"1","2X":"1","33":"1","44":"1","53":"1","32":"1","8H":"1","34":"1","52":"1","9J":"1","8M":"1"},"VW":{"HH":"1","XH":"1","MJ":"1","MM":"1","GJ":"1","HG":"1","GC":"1","XM":"1","CF":"1","GF":"1","RQ":"1","FH":"1","JM":"1","RJ":"1","GH":"1","FC":"1","WM":"1","HJ":"1","FG":"1","XJ":"1","JH":"1","XP":"1","CC":"1","GG":"1","RP":"1","RM":"1","FF":"1","QP":"1","PP":"1","WJ":"1","QQ":"1","QJ":"1","HM":"1","JP":"1","JJ":"1","QM":"1","VP":"1","PM":"1"},"WW":{"2M":"1","2J":"1"},"VG":{"HW":"1","GW":"1","GX":"1","GV":"1","HX":"1","HV":"1"},"QR":{"4X":"1","JV":"1","HV":"1","JW":"1","HX":"1","3X":"1","MX":"1","FX":"1","HR":"1","RW":"1","QX":"1","GV":"1","PR":"1","QV":"1","GX":"1","FW":"1","JR":"1","GW":"1","MR":"1","PW":"1","VX":"1","MV":"1","HW":"1","JX":"1","QW":"1","RX":"1","MQ":"1","MW":"1","PX":"1","PV":"1"},"PR":{"32":"1","22":"1"},"QV":{"46":"1","44":"1","J6":"1","35":"1","P7":"1","Q5":"1","34":"1","24":"1","42":"1","Q2":"1","54":"1","57":"1","M2":"1","R7":"1","77":"1","32":"1","G2":"1","R3":"1","36":"1","76":"1","75":"1","67":"1","M7":"1","J3":"1","Q6":"1","33":"1","M3":"1","V2":"1","Q3":"1","55":"1","65":"1","43":"1","J2":"1","64":"1","P4":"1","P6":"1","P5":"1","R2":"1","56":"1","J5":"1","47":"1","P2":"1","66":"1","H2":"1","P3":"1","45":"1","53":"1","M5":"1","R6":"1","22":"1","Q7":"1","Q8":"1","M6":"1","58":"1","23":"1","M4":"1","52":"1","Q4":"1","68":"1"},"FJ":{"HJ":"1","JJ":"1","HG":"1","GH":"1","JH":"1","HH":"1","JG":"1","HF":"1"},"PJ":{"Q9":"1","77":"1","95":"1","MJ":"1","9Q":"1","8C":"1","C4":"1","8J":"1","JC":"1","F4":"1","CF":"1","F8":"1","8P":"1","HF":"1","J8":"1","VC":"1","HM":"1","JQ":"1","H7":"1","RF":"1","H9":"1","GQ":"1","6J":"1","PF":"1","GJ":"1","C7":"1","89":"1","JJ":"1","4C":"1","FR":"1","P8":"1","PC":"1","98":"1","FP":"1","FH":"1","68":"1","M9":"1","GM":"1","7M":"1","JF":"1","P7":"1","9F":"1","J9":"1","J6":"1","HH":"1","94":"1","9P":"1","HJ":"1","G7":"1","C8":"1","HQ":"1","M6":"1","G4":"1","97":"1","GV":"1","87":"1","99":"1","GG":"1","FG":"1","7G":"1","H8":"1","MP":"1","8G":"1","G8":"1","5G":"1","FV":"1","4G":"1","9H":"1","CM":"1","HR":"1","8H":"1","7F":"1","F6":"1","FQ":"1","Q8":"1","GF":"1","F9":"1","7H":"1","MF":"1","G9":"1","G3":"1","G6":"1","6C":"1","QF":"1","HG":"1","GC":"1","H5":"1","JM":"1","CH":"1","MC":"1","F5":"1","FM":"1","9M":"1","JH":"1","CC":"1","5H":"1","86":"1","96":"1","CR":"1","P9":"1","RG":"1","MH":"1","C9":"1","FF":"1","M7":"1","CQ":"1","R9":"1","GH":"1","GP":"1","HP":"1","59":"1","GR":"1","9C":"1","5F":"1","F7":"1","MG":"1","G5":"1","QG":"1","6F":"1","C3":"1","8F":"1","9G":"1","HC":"1","88":"1","H4":"1","9J":"1","RC":"1","PH":"1","7C":"1","F3":"1","M8":"1","QC":"1","6G":"1","CP":"1","79":"1","PM":"1","7J":"1","PG":"1","PJ":"1","4F":"1","3F":"1","J7":"1","JP":"1","69":"1","CG":"1","8M":"1","MM":"1","CJ":"1","5C":"1","C6":"1","QH":"1","VF":"1","FJ":"1","JG":"1","FC":"1","C5":"1","J5":"1","6H":"1","78":"1","H6":"1"},"F7":{"G4":"1","J6":"1","95":"1","C5":"1","F6":"1","G7":"1","C3":"1","C6":"1","C7":"1","F4":"1","G3":"1","H6":"1","97":"1","C4":"1","G5":"1","F7":"1","H7":"1","G6":"1","J5":"1","F3":"1","J7":"1","F5":"1","96":"1","H5":"1","94":"1","93":"1"},"RP":{"F8":"1","44":"1","C5":"1","38":"1","PG":"1","92":"1","84":"1","74":"1","VC":"1","86":"1","63":"1","93":"1","V9":"1","V7":"1","62":"1","M9":"1","W6":"1","F7":"1","45":"1","WH":"1","46":"1","95":"1","52":"1","XC":"1","C7":"1","83":"1","39":"1","RC":"1","X8":"1","55":"1","VH":"1","PC":"1","Q9":"1","WJ":"1","VF":"1","RG":"1","WC":"1","XG":"1","76":"1","W9":"1","JC":"1","42":"1","MC":"1","X9":"1","75":"1","66":"1","65":"1","67":"1","82":"1","XH":"1","R8":"1","QC":"1","X7":"1","RF":"1","X6":"1","VG":"1","P9":"1","Q8":"1","C6":"1","96":"1","98":"1","W7":"1","56":"1","72":"1","WF":"1","94":"1","77":"1","QF":"1","87":"1","XJ":"1","W8":"1","PF":"1","C4":"1","WG":"1","R9":"1","97":"1","73":"1","32":"1","85":"1","53":"1","JF":"1","57":"1","XF":"1","34":"1","C8":"1","RH":"1","33":"1","MF":"1","QH":"1","F6":"1","54":"1","43":"1","64":"1","V8":"1","QG":"1"},"RM":{"4X":"1","8X":"1","3X":"1","8R":"1","7V":"1","6R":"1","8V":"1","5V":"1","8Q":"1","3W":"1","9V":"1","6X":"1","5W":"1","7W":"1","4V":"1","7X":"1","2W":"1","5X":"1","9R":"1","3V":"1","4W":"1","9W":"1","9Q":"1","6V":"1","7Q":"1","6W":"1","7R":"1","5R":"1","8W":"1","9X":"1","2X":"1"},"F3":{"4W":"1","4V":"1","5V":"1","3X":"1","5X":"1","3W":"1","5W":"1","4X":"1"},"QC":{"RW":"1","PW":"1","QW":"1","QV":"1","PV":"1"},"QP":{"8G":"1","8F":"1","FG":"1","CM":"1","8J":"1","GH":"1","RH":"1","GJ":"1","9F":"1","CJ":"1","CF":"1","FJ":"1","9H":"1","FH":"1","FF":"1","CC":"1","CG":"1","9G":"1","9J":"1","8M":"1","CH":"1"},"PP":{"M4":"1","J3":"1","H3":"1","J4":"1","Q2":"1","Q4":"1","P3":"1","J2":"1","Q3":"1","P4":"1","M2":"1","M3":"1","H4":"1","H2":"1","P2":"1"},"VH":{"7J":"1","6Q":"1","6R":"1","6J":"1","7Q":"1","8P":"1","7V":"1","7P":"1","6V":"1","6M":"1","7W":"1","7R":"1","7M":"1","8M":"1"},"MP":{"4P":"1","7J":"1","8F":"1","9G":"1","8G":"1","9F":"1"},"MH":{"2J":"1"},"QM":{"R2":"1","4R":"1","4Q":"1","3R":"1","5Q":"1","5V":"1","VG":"1","4V":"1","5R":"1"},"VP":{"46":"1","4H":"1","48":"1","CG":"1","44":"1","2G":"1","3G":"1","7J":"1","3J":"1","88":"1","35":"1","3H":"1","7C":"1","CH":"1","38":"1","34":"1","37":"1","8H":"1","59":"1","5H":"1","9C":"1","54":"1","57":"1","4C":"1","9G":"1","8C":"1","26":"1","77":"1","7G":"1","25":"1","36":"1","7F":"1","76":"1","75":"1","67":"1","6H":"1","6F":"1","87":"1","89":"1","9F":"1","27":"1","49":"1","8G":"1","2C":"1","2F":"1","C6":"1","7H":"1","5C":"1","29":"1","9H":"1","55":"1","65":"1","2H":"1","64":"1","56":"1","47":"1","63":"1","3C":"1","8F":"1","66":"1","74":"1","39":"1","45":"1","5G":"1","4G":"1","53":"1","3F":"1","99":"1","6C":"1","79":"1","6G":"1","4J":"1","5F":"1","78":"1","58":"1","5J":"1","4F":"1","28":"1","6J":"1","69":"1","CF":"1","68":"1","2J":"1"},"PV":{"W6":"1","WR":"1","X4":"1","WX":"1","VW":"1","WV":"1","RW":"1","V5":"1","QX":"1","WW":"1","QR":"1","QV":"1","X7":"1","VR":"1","RR":"1","VX":"1","X6":"1","VV":"1","W4":"1","RV":"1","QW":"1","W5":"1","V4":"1","RX":"1","X5":"1"},"PM":{"MW":"1","JX":"1","MX":"1","PW":"1","PX":"1"}},"96":{"J6":{"2R":"1","2V":"1"},"JG":{"QQ":"1","JX":"1","VX":"1","Q9":"1","WR":"1","QX":"1","MJ":"1","PV":"1","9Q":"1","XJ":"1","WJ":"1","8C":"1","WG":"1","8J":"1","JC":"1","PQ":"1","CF":"1","8P":"1","VR":"1","QW":"1","HF":"1","VC":"1","HM":"1","JQ":"1","QR":"1","VV":"1","RF":"1","H9":"1","GQ":"1","PF":"1","GJ":"1","WH":"1","89":"1","WV":"1","JJ":"1","FR":"1","MX":"1","MV":"1","PC":"1","FP":"1","FH":"1","GW":"1","8V":"1","M9":"1","GM":"1","7M":"1","JF":"1","9F":"1","VM":"1","MR":"1","J9":"1","RJ":"1","HH":"1","9P":"1","RX":"1","HJ":"1","HQ":"1","XV":"1","JW":"1","GV":"1","CX":"1","7R":"1","99":"1","GG":"1","FG":"1","7G":"1","MP":"1","HX":"1","8G":"1","XX":"1","8W":"1","FV":"1","W9":"1","9H":"1","WQ":"1","CM":"1","HR":"1","8H":"1","7F":"1","QM":"1","XG":"1","WM":"1","MQ":"1","FQ":"1","VJ":"1","GF":"1","V9":"1","GX":"1","PW":"1","7V":"1","F9":"1","7H":"1","9W":"1","MF":"1","XP":"1","G9":"1","QF":"1","HG":"1","GC":"1","HV":"1","PX":"1","PR":"1","8X":"1","JM":"1","CH":"1","VG":"1","MC":"1","WC":"1","RQ":"1","JV":"1","FM":"1","9M":"1","JH":"1","CC":"1","9R":"1","QP":"1","VP":"1","WF":"1","CV":"1","RR":"1","JR":"1","RV":"1","WX":"1","CR":"1","P9":"1","RG":"1","VQ":"1","X9":"1","HW":"1","XR":"1","MH":"1","C9":"1","FF":"1","CW":"1","CQ":"1","XH":"1","R9":"1","GH":"1","GP":"1","HP":"1","WP":"1","GR":"1","9C":"1","MG":"1","QG":"1","8R":"1","8F":"1","MW":"1","9G":"1","RP":"1","HC":"1","WW":"1","XW":"1","XF":"1","RM":"1","9J":"1","RC":"1","7X":"1","PH":"1","XM":"1","7C":"1","VW":"1","RH":"1","9V":"1","QC":"1","FX":"1","7P":"1","PP":"1","CP":"1","79":"1","PM":"1","7J":"1","PG":"1","PJ":"1","9X":"1","RW":"1","7W":"1","7Q":"1","JP":"1","CG":"1","8M":"1","XC":"1","MM":"1","CJ":"1","VH":"1","XQ":"1","QH":"1","8Q":"1","VF":"1","FJ":"1","FW":"1","JG":"1","FC":"1","QJ":"1","QV":"1"},"H6":{"XQ":"1","XV":"1","XR":"1","WR":"1","WV":"1"},"JH":{"72":"1","73":"1","R2":"1","93":"1","Q2":"1","83":"1","J2":"1","82":"1","G2":"1","92":"1","F2":"1","C2":"1","M2":"1","P2":"1","H2":"1"},"MG":{"2Q":"1","38":"1","4F":"1","6G":"1","8W":"1","59":"1","6H":"1","6W":"1","5P":"1","7H":"1","6R":"1","3R":"1","3Q":"1","4W":"1","5M":"1","3F":"1","3C":"1","39":"1","48":"1","49":"1","7W":"1","6J":"1","5J":"1","29":"1","58":"1","5R":"1","8Q":"1","7R":"1","5V":"1","4M":"1","4G":"1","7Q":"1","6V":"1","6Q":"1","4R":"1","5C":"1","8P":"1","8R":"1","4J":"1","2C":"1","4X":"1","2X":"1","2F":"1","5H":"1","9V":"1","3M":"1","5X":"1","2M":"1","3W":"1","5F":"1","5Q":"1","2J":"1","2H":"1","7V":"1","3V":"1","2W":"1","2V":"1","4H":"1","3H":"1","6M":"1","5G":"1","9R":"1","6F":"1","6C":"1","3P":"1","7P":"1","2G":"1","4V":"1","4C":"1","3J":"1","5W":"1","3X":"1","7J":"1","3G":"1","2R":"1","4Q":"1","7M":"1","6P":"1","2P":"1","8V":"1","4P":"1"}},"8F":{"32":{"24":"1"}},"MM":{"JJ":{"VC":"1","V9":"1"}},"G4":{"2J":{"J6":"1","H5":"1","G7":"1","H6":"1","25":"1","J7":"1","G6":"1","G5":"1","H7":"1"}},"W7":{"CX":{"2C":"1"},"6X":{"Q2":"1","P2":"1","Q3":"1","M2":"1","R3":"1","V3":"1","R2":"1","V2":"1"},"8X":{"M4":"1","J3":"1","J4":"1","M6":"1","P5":"1","Q4":"1","M5":"1","H5":"1","P4":"1","M3":"1","J5":"1","H4":"1"},"6W":{"MW":"1","FP":"1","PX":"1","CG":"1","PG":"1","HG":"1","WX":"1","M9":"1","CR":"1","HX":"1","RQ":"1","MQ":"1","GV":"1","WQ":"1","CV":"1","RV":"1","G9":"1","FG":"1","XP":"1","8M":"1","H8":"1","QJ":"1","RW":"1","VJ":"1","XR":"1","FH":"1","GJ":"1","MP":"1","PM":"1","CQ":"1","GR":"1","9J":"1","XM":"1","9P":"1","WV":"1","FV":"1","PP":"1","HM":"1","PQ":"1","WM":"1","GQ":"1","WP":"1","FM":"1","8Q":"1","9H":"1","CJ":"1","F9":"1","QR":"1","VX":"1","QQ":"1","MH":"1","7Q":"1","VV":"1","GC":"1","JC":"1","JJ":"1","PJ":"1","MC":"1","RP":"1","JM":"1","FJ":"1","GW":"1","HR":"1","FF":"1","XQ":"1","JQ":"1","H7":"1","MG":"1","9G":"1","9Q":"1","8P":"1","8R":"1","CH":"1","QP":"1","HP":"1","JG":"1","PR":"1","8J":"1","GG":"1","9V":"1","JH":"1","RM":"1","JR":"1","VW":"1","J9":"1","HQ":"1","JX":"1","HF":"1","QX":"1","VQ":"1","GP":"1","PW":"1","H9":"1","MM":"1","PH":"1","QV":"1","HH":"1","FW":"1","VM":"1","HW":"1","PF":"1","9R":"1","VP":"1","HC":"1","FQ":"1","JP":"1","7P":"1","WR":"1","MX":"1","HV":"1","MJ":"1","PV":"1","RJ":"1","MR":"1","RX":"1","9M":"1","FR":"1","CP":"1","JF":"1","WW":"1","G7":"1","VR":"1","RH":"1","GM":"1","CM":"1","G8":"1","MF":"1","RR":"1","QH":"1","HJ":"1","JW":"1","JV":"1","J8":"1","MV":"1","GF":"1","QM":"1","QW":"1","GH":"1","FC":"1","CF":"1","QG":"1"}},"56":{"H2":{"PQ":"1","M2":"1","HJ":"1","Q8":"1","G5":"1"},"PP":{"5M":"1"},"H3":{"XF":"1","W7":"1"},"X5":{"4F":"1","89":"1","5F":"1","GH":"1","7C":"1","6G":"1","69":"1","7F":"1","6F":"1","79":"1","78":"1","5C":"1","6C":"1","5G":"1","4G":"1"}},"G2":{"57":{"28":"1","37":"1","38":"1","27":"1"},"47":{"WH":"1","W9":"1"}},"94":{"2J":{"2H":"1","3H":"1","3G":"1","2G":"1"},"5M":{"32":"1","22":"1"},"5J":{"3X":"1"}},"77":{"F8":{"68":"1"}},"QF":{"8J":{"C5":"1","93":"1","F4":"1","C7":"1","F7":"1","G5":"1","F3":"1","C3":"1","Q2":"1","M2":"1","94":"1","96":"1","95":"1","G2":"1","R3":"1","X2":"1","F6":"1","J3":"1","92":"1","86":"1","W3":"1","C6":"1","H3":"1","M3":"1","V2":"1","Q3":"1","84":"1","J2":"1","G3":"1","R2":"1","W2":"1","C2":"1","P2":"1","97":"1","H2":"1","P3":"1","H4":"1","G4":"1","C4":"1","F5":"1","W4":"1","M4":"1","V3":"1","F2":"1","83":"1","Q4":"1","85":"1"},"9H":{"43":"1","22":"1","63":"1","54":"1","62":"1","3V":"1","64":"1","2V":"1","42":"1","33":"1","53":"1","3R":"1","32":"1","2R":"1","23":"1","52":"1"},"FG":{"9G":"1","CG":"1","9J":"1","JV":"1","4J":"1","8P":"1","9M":"1","HV":"1","JW":"1","4P":"1","HX":"1","4M":"1","5J":"1","9H":"1","6M":"1","7M":"1","6G":"1","6P":"1","6H":"1","HR":"1","4H":"1","5G":"1","GV":"1","7J":"1","JQ":"1","6J":"1","8J":"1","JR":"1","GW":"1","7P":"1","CM":"1","5P":"1","GR":"1","8H":"1","8G":"1","7G":"1","CJ":"1","4G":"1","5H":"1","7H":"1","HW":"1","JX":"1","8M":"1","CH":"1","5M":"1"},"9G":{"2W":"1","4W":"1","2X":"1","3X":"1","5X":"1","3W":"1","5W":"1","4X":"1"},"8H":{"XV":"1","WR":"1","XW":"1","JW":"1","HX":"1","XR":"1","WX":"1","MX":"1","VW":"1","FX":"1","WV":"1","RW":"1","QX":"1","WW":"1","QV":"1","GX":"1","VR":"1","PW":"1","RR":"1","VX":"1","VV":"1","MV":"1","HW":"1","RV":"1","JX":"1","QW":"1","RX":"1","XX":"1","MW":"1","PX":"1","PV":"1"},"FH":{"H2":"1"}},"XJ":{"X9":{"X2":"1","X3":"1"},"QP":{"M7":"1"},"PH":{"MW":"1","GX":"1","FP":"1","PX":"1","PG":"1","VC":"1","HG":"1","CR":"1","WH":"1","RQ":"1","MQ":"1","GV":"1","WQ":"1","CV":"1","RV":"1","XP":"1","QJ":"1","VJ":"1","FX":"1","GJ":"1","MP":"1","RC":"1","PM":"1","CQ":"1","GR":"1","9W":"1","XM":"1","VH":"1","PC":"1","Q9":"1","WJ":"1","VF":"1","FV":"1","PP":"1","HM":"1","RG":"1","PQ":"1","WM":"1","GQ":"1","WP":"1","FM":"1","XG":"1","QR":"1","QQ":"1","MH":"1","JJ":"1","PJ":"1","MC":"1","RP":"1","JM":"1","FJ":"1","GW":"1","HR":"1","JQ":"1","MG":"1","XH":"1","QP":"1","HP":"1","QC":"1","JG":"1","9X":"1","PR":"1","RF":"1","JH":"1","RM":"1","JR":"1","VG":"1","HQ":"1","CX":"1","P9":"1","Q8":"1","HF":"1","QX":"1","VQ":"1","GP":"1","PW":"1","MM":"1","PH":"1","QV":"1","WF":"1","HH":"1","QF":"1","FW":"1","CW":"1","XJ":"1","VM":"1","HW":"1","PF":"1","WG":"1","R9":"1","VP":"1","FQ":"1","JP":"1","MX":"1","HV":"1","MJ":"1","PV":"1","RJ":"1","MR":"1","FR":"1","JF":"1","VR":"1","RH":"1","GM":"1","CM":"1","MF":"1","RR":"1","QH":"1","HJ":"1","JW":"1","JV":"1","MV":"1","QM":"1","QW":"1","GH":"1","QG":"1"},"WR":{"7R":"1","7P":"1","8P":"1","9P":"1","8Q":"1","7Q":"1","8R":"1"},"HG":{"PX":"1","MX":"1","WX":"1","QV":"1","QW":"1","QX":"1","PV":"1","PW":"1"},"HW":{"3V":"1","2W":"1","2V":"1","3W":"1"},"PM":{"WG":"1","WF":"1","VG":"1","VF":"1","VH":"1"},"WQ":{"2W":"1","2X":"1","3X":"1","3W":"1"},"VR":{"JF":"1","HF":"1","JG":"1","HG":"1"},"MG":{"36":"1","34":"1","43":"1","53":"1","2F":"1","35":"1","28":"1","52":"1","26":"1","24":"1","63":"1","33":"1","27":"1","54":"1","25":"1","42":"1","29":"1","45":"1","2C":"1","44":"1","23":"1","22":"1","32":"1","62":"1"},"JH":{"F2":"1","C6":"1","F6":"1","G5":"1","C5":"1","F5":"1","F4":"1"},"XM":{"Q9":"1"},"MF":{"4X":"1","53":"1","3X":"1","8R":"1","6R":"1","5V":"1","8Q":"1","3W":"1","Q5":"1","5W":"1","6Q":"1","4V":"1","2W":"1","5X":"1","9R":"1","J5":"1","4W":"1","9Q":"1","6V":"1","J4":"1","6W":"1","5R":"1","M5":"1","2X":"1"},"QG":{"R5":"1","X2":"1","R6":"1","X3":"1","W2":"1","V4":"1","V5":"1","V6":"1"},"HH":{"MM":"1","GP":"1","MJ":"1","PH":"1","JJ":"1","V6":"1","PM":"1","MG":"1","FP":"1","FQ":"1","GM":"1","JH":"1","7W":"1","GQ":"1","HM":"1","V5":"1","R6":"1","W5":"1","PJ":"1","8V":"1","HP":"1","8W":"1","MH":"1"},"RC":{"9R":"1","9X":"1","8V":"1","9W":"1","FW":"1","CX":"1","FR":"1","9V":"1","CR":"1","CW":"1","CV":"1","8W":"1","FV":"1"},"PF":{"XP":"1","XQ":"1","XR":"1"},"Q9":{"CX":"1","FW":"1","FX":"1","CW":"1"},"JG":{"G8":"1","GH":"1","V8":"1","88":"1","W9":"1","W5":"1","7M":"1","VG":"1","G9":"1","R7":"1","V6":"1","R3":"1","X2":"1","QC":"1","V9":"1","XC":"1","HF":"1","W3":"1","RF":"1","PF":"1","RC":"1","QF":"1","9H":"1","R4":"1","X8":"1","X7":"1","6M":"1","RG":"1","GJ":"1","X4":"1","H8":"1","R2":"1","VF":"1","WC":"1","R8":"1","X3":"1","W7":"1","X5":"1","R6":"1","Q9":"1","X6":"1","JF":"1","JC":"1","W6":"1","JH":"1","WF":"1","V7":"1","W4":"1","X9":"1","H9":"1","XF":"1","VC":"1","R9":"1","QG":"1","W8":"1","Q4":"1"},"JF":{"M4":"1","VC":"1","54":"1","65":"1","VV":"1","GV":"1","XX":"1","55":"1","WV":"1","44":"1","R8":"1","VW":"1","PV":"1","PW":"1","WW":"1"},"QC":{"F2":"1","48":"1","C2":"1"},"PJ":{"C3":"1","Q2":"1","P2":"1","92":"1","94":"1","F2":"1","84":"1","C4":"1","G2":"1","93":"1","95":"1","C2":"1","C5":"1","F3":"1"},"6M":{"6Q":"1"},"QF":{"2M":"1","3F":"1","2P":"1","9J":"1","2Q":"1","4J":"1","3C":"1","4P":"1","4M":"1","5J":"1","5F":"1","6M":"1","7M":"1","3M":"1","6G":"1","6P":"1","6H":"1","2R":"1","3J":"1","4H":"1","5G":"1","2H":"1","7J":"1","6J":"1","8J":"1","6Q":"1","2J":"1","3G":"1","7P":"1","3H":"1","4F":"1","5P":"1","8H":"1","7G":"1","5H":"1","4G":"1","7H":"1","7Q":"1","3Q":"1","3P":"1","3R":"1","8M":"1","5M":"1","4C":"1"},"MH":{"M4":"1","P5":"1","P4":"1","P6":"1","M5":"1"},"QH":{"2M":"1","2J":"1"}},"VM":{"85":{"FX":"1","P8":"1","HM":"1","Q7":"1","P7":"1","CX":"1","Q8":"1"},"RC":{"VX":"1","VV":"1","WV":"1","WX":"1","RX":"1","VW":"1","RW":"1","WW":"1"},"QX":{"CC":"1"},"RF":{"W2":"1"},"86":{"F2":"1","C4":"1","C2":"1","C5":"1","CC":"1","F5":"1","F4":"1"}},"C4":{"4P":{"2H":"1","28":"1","3C":"1","29":"1","39":"1","2C":"1","3G":"1","2J":"1","2G":"1","3F":"1","2F":"1"},"5P":{"Q2":"1","P2":"1","Q4":"1","Q3":"1","P3":"1","R3":"1","V3":"1","R4":"1","V4":"1","R2":"1"},"7H":{"36":"1","26":"1","25":"1","35":"1","24":"1"},"8J":{"62":"1","52":"1"},"6H":{"X6":"1","VV":"1","X4":"1","VX":"1","W5":"1","WX":"1","W6":"1","WW":"1","VW":"1","WV":"1","X5":"1"},"3P":{"FP":"1","PG":"1","VC":"1","M3":"1","V9":"1","V7":"1","M9":"1","M5":"1","WH":"1","RQ":"1","MQ":"1","GV":"1","XC":"1","QJ":"1","VJ":"1","GJ":"1","MP":"1","RC":"1","PM":"1","GR":"1","X8":"1","XM":"1","VH":"1","PC":"1","Q9":"1","WJ":"1","VF":"1","FV":"1","PP":"1","HM":"1","RG":"1","PQ":"1","WM":"1","GQ":"1","R4":"1","WC":"1","M4":"1","WP":"1","FM":"1","XG":"1","P7":"1","W9":"1","QR":"1","R6":"1","QQ":"1","MH":"1","JJ":"1","PJ":"1","RP":"1","JM":"1","FJ":"1","GW":"1","X9":"1","HR":"1","M6":"1","Q3":"1","J5":"1","JQ":"1","MG":"1","XH":"1","QP":"1","HP":"1","R8":"1","QC":"1","JG":"1","P3":"1","P4":"1","PR":"1","Q4":"1","H4":"1","RF":"1","P6":"1","G5":"1","JH":"1","RM":"1","JR":"1","VG":"1","HQ":"1","Q6":"1","P9":"1","Q8":"1","GP":"1","P8":"1","MM":"1","H5":"1","PH":"1","W7":"1","WF":"1","HH":"1","QF":"1","XJ":"1","VM":"1","HW":"1","W8":"1","PF":"1","WG":"1","R9":"1","Q5":"1","VP":"1","R7":"1","FQ":"1","JP":"1","Q7":"1","R5":"1","HV":"1","MJ":"1","RJ":"1","V6":"1","MR":"1","FR":"1","P5":"1","XF":"1","J4":"1","RH":"1","GM":"1","QH":"1","HJ":"1","JW":"1","JV":"1","MV":"1","QM":"1","GH":"1","V8":"1","QG":"1"},"5M":{"MM":"1","PR":"1","MV":"1","QP":"1","PM":"1","PX":"1","MQ":"1","RP":"1","MP":"1","RV":"1","MR":"1","QV":"1","QR":"1","QM":"1","RQ":"1","QQ":"1","RX":"1","QW":"1","QX":"1","RR":"1","PQ":"1","RW":"1","PV":"1","PP":"1"},"5Q":{"JV":"1","HV":"1","JW":"1","HX":"1","PQ":"1","MX":"1","RW":"1","QX":"1","QR":"1","GV":"1","PR":"1","QV":"1","JR":"1","GW":"1","MR":"1","PW":"1","RR":"1","VV":"1","MV":"1","HW":"1","RV":"1","JX":"1","QW":"1","RX":"1","MQ":"1","MW":"1","PX":"1","PV":"1"},"8H":{"7X":"1","6X":"1","5X":"1","7W":"1","5W":"1","6W":"1"},"5R":{"R5":"1","W6":"1","M4":"1","R8":"1","J2":"1","X9":"1","R2":"1","V6":"1","R3":"1","P3":"1","W8":"1","V5":"1","R7":"1","Q5":"1","Q7":"1","Q2":"1","V7":"1","M3":"1","WC":"1","W7":"1","P7":"1","P2":"1","Q3":"1","X8":"1","M2":"1","R9":"1","J4":"1","W9":"1","Q8":"1","V8":"1","J3":"1","P4":"1","Q6":"1","R6":"1","V9":"1","H2":"1"},"6J":{"W2":"1","V2":"1"}},"WG":{"XR":{"JP":"1","9H":"1","HM":"1","HP":"1","JM":"1","HH":"1","HJ":"1","9G":"1","QH":"1","JJ":"1"},"WR":{"4F":"1","5F":"1","3Q":"1","59":"1","4P":"1","4C":"1","5P":"1","4Q":"1","48":"1","7C":"1","69":"1","58":"1","3P":"1","7F":"1","6F":"1","49":"1","79":"1","5Q":"1","78":"1","5C":"1","6C":"1"},"WV":{"W8":"1"}},"35":{"H5":{"Q2":"1","W2":"1","R2":"1","V2":"1"},"G4":{"Q9":"1","X6":"1","P8":"1","P9":"1","R7":"1","Q8":"1","R8":"1","Q7":"1"},"H4":{"VX":"1","WX":"1"}},"6F":{"J6":{"4V":"1","4H":"1","7Q":"1","7J":"1","5W":"1","8H":"1","4Q":"1","5H":"1","7M":"1","9G":"1","8J":"1","7G":"1","8M":"1","7F":"1","5M":"1","5R":"1","6H":"1","6F":"1","3M":"1","8G":"1","7H":"1","5C":"1","9H":"1","4R":"1","3P":"1","6M":"1","5V":"1","6Q":"1","6P":"1","8F":"1","9J":"1","4P":"1","5P":"1","4W":"1","5G":"1","4G":"1","6C":"1","6G":"1","6R":"1","4J":"1","5F":"1","5J":"1","5Q":"1","7P":"1","4F":"1","6J":"1","4M":"1"},"F2":{"MW":"1","9M":"1","CM":"1","PW":"1","PV":"1","MG":"1","CP":"1"},"G4":{"HR":"1"},"H4":{"28":"1"},"F3":{"V5":"1"}},"Q5":{"WG":{"32":"1"},"WF":{"3X":"1","4X":"1"},"V3":{"5F":"1","6F":"1"},"VH":{"PG":"1","RC":"1","PH":"1","PF":"1","QC":"1","QH":"1","QG":"1","MG":"1","QF":"1","RG":"1","RF":"1"}},"VP":{"M4":{"PR":"1","GW":"1","MV":"1","HW":"1","PX":"1","RV":"1","MX":"1","MW":"1","QV":"1","QR":"1","RQ":"1","QQ":"1","QW":"1","QX":"1","JW":"1","RR":"1","PV":"1","PW":"1","JX":"1","HX":"1"},"Q3":{"43":"1","42":"1"},"M7":{"3Q":"1","4R":"1","4P":"1","5P":"1","4Q":"1","3P":"1","27":"1","2P":"1","2Q":"1","2M":"1","5M":"1","3R":"1","5Q":"1","2R":"1","4M":"1","3M":"1"},"J8":{"W9":"1"},"59":{"V2":"1"},"M5":{"P2":"1","J2":"1","H2":"1","P3":"1","M2":"1","M3":"1"}},"R7":{"F9":{"X8":"1"}},"32":{"RX":{"2V":"1","2P":"1","2Q":"1","4J":"1","4P":"1","4M":"1","5J":"1","6M":"1","6R":"1","3M":"1","6P":"1","4Q":"1","2R":"1","4R":"1","3W":"1","6Q":"1","4V":"1","2W":"1","3V":"1","5P":"1","5Q":"1","3Q":"1","3P":"1","5R":"1","3R":"1","5M":"1"},"QX":{"XW":"1","XQ":"1","VV":"1","XV":"1","XR":"1","VR":"1","WR":"1","XX":"1","WX":"1","WW":"1","WV":"1"}},"Q7":{"VC":{"F8":"1","FP":"1","C5":"1","CG":"1","4F":"1","84":"1","6G":"1","86":"1","HG":"1","59":"1","6H":"1","93":"1","8H":"1","F7":"1","CR":"1","88":"1","7H":"1","F4":"1","95":"1","G9":"1","FG":"1","8M":"1","C7":"1","H8":"1","5M":"1","FH":"1","9F":"1","GJ":"1","78":"1","CQ":"1","9J":"1","M7":"1","9P":"1","CC":"1","6J":"1","5J":"1","M8":"1","58":"1","FM":"1","8Q":"1","9H":"1","76":"1","CJ":"1","F9":"1","4G":"1","8G":"1","J7":"1","GC":"1","7C":"1","JC":"1","7G":"1","FJ":"1","M6":"1","FF":"1","66":"1","H7":"1","5C":"1","9G":"1","67":"1","9Q":"1","8P":"1","CH":"1","4J":"1","7F":"1","J6":"1","5H":"1","8J":"1","GG":"1","G5":"1","9C":"1","J9":"1","68":"1","HF":"1","C6":"1","96":"1","8F":"1","98":"1","5F":"1","H9":"1","H5":"1","79":"1","C3":"1","94":"1","77":"1","87":"1","4H":"1","3H":"1","C4":"1","6M":"1","5G":"1","6F":"1","97":"1","HC":"1","6C":"1","FQ":"1","C9":"1","7P":"1","89":"1","4C":"1","85":"1","3J":"1","9M":"1","7J":"1","CP":"1","JF":"1","G7":"1","3G":"1","F5":"1","C8":"1","99":"1","7M":"1","G8":"1","GM":"1","CM":"1","6P":"1","69":"1","F6":"1","H6":"1","J8":"1","GF":"1","GH":"1","FC":"1","CF":"1","8C":"1","G6":"1"},"7V":{"68":"1","J8":"1"},"54":{"FV":"1","JM":"1","HG":"1","GH":"1","JJ":"1","CG":"1","M8":"1","7J":"1","CQ":"1","PH":"1","FF":"1","J9":"1","CH":"1","CJ":"1","FX":"1","HP":"1","HH":"1","MG":"1","MH":"1","CW":"1","8H":"1","HQ":"1","GW":"1","HV":"1","PJ":"1","MJ":"1","9G":"1","FC":"1","8J":"1","8P":"1","FP":"1","HC":"1","8M":"1","JG":"1","CM":"1","CP":"1","FR":"1","CR":"1","9M":"1","QC":"1","GP":"1","FG":"1","HF":"1","MX":"1","8G":"1","9P":"1","RF":"1","MF":"1","HX":"1","7H":"1","PF":"1","RC":"1","RH":"1","HR":"1","QF":"1","9H":"1","HW":"1","PC":"1","HJ":"1","MW":"1","HM":"1","RG":"1","GJ":"1","QH":"1","GG":"1","9R":"1","9Q":"1","GX":"1","CV":"1","PG":"1","GQ":"1","GC":"1","MC":"1","FQ":"1","9J":"1","GV":"1","JR":"1","GR":"1","FH":"1","Q9":"1","GF":"1","FW":"1","JF":"1","JC":"1","M9":"1","Q8":"1","JH":"1","JV":"1","FM":"1","H9":"1","P9":"1","P8":"1","FJ":"1","JW":"1","GM":"1","QG":"1","CF":"1","JX":"1"},"HJ":{"PR":"1"},"V9":{"Q6":"1","P8":"1","V9":"1","Q7":"1","P7":"1","P6":"1","V8":"1","Q8":"1"},"55":{"J3":"1","H3":"1","G4":"1","J2":"1","G2":"1","F2":"1","G3":"1","M2":"1","H4":"1","H2":"1"}},"R5":{"8X":{"W2":"1","R2":"1","W4":"1","W3":"1","V3":"1","V5":"1","V4":"1","W5":"1","V2":"1"},"9W":{"VW":"1","4V":"1","RR":"1","RQ":"1","PM":"1","WV":"1","QR":"1","3X":"1","5W":"1","CJ":"1","Q5":"1","XV":"1","4X":"1","XR":"1","CM":"1","5R":"1","RV":"1","VV":"1","VQ":"1","4R":"1","R4":"1","5X":"1","RP":"1","5V":"1","PR":"1","3V":"1","QM":"1","VP":"1","WW":"1","WQ":"1","8Q":"1","3W":"1","4W":"1","QQ":"1","WR":"1","2W":"1","QV":"1","6R":"1","8R":"1","FM":"1","VR":"1","2X":"1","FJ":"1","6V":"1","Q4":"1"},"8P":{"XW":"1","VV":"1","XV":"1","XR":"1","VX":"1","XX":"1","WX":"1","WW":"1","WV":"1","VW":"1"},"4P":{"XH":"1","RH":"1","QH":"1","XG":"1","RG":"1","QG":"1","RJ":"1","PH":"1","VG":"1","WM":"1","XJ":"1","PJ":"1","VF":"1","RP":"1","RM":"1","WH":"1","VJ":"1","WG":"1","QP":"1","VH":"1","WF":"1","WJ":"1","QJ":"1","QM":"1","VP":"1","VM":"1"},"5P":{"2H":"1","2J":"1"},"9P":{"4X":"1","8X":"1","2V":"1","3X":"1","8R":"1","7V":"1","6R":"1","8V":"1","5V":"1","2R":"1","4R":"1","3W":"1","9V":"1","6X":"1","5W":"1","7W":"1","4V":"1","7X":"1","2W":"1","5X":"1","9R":"1","3V":"1","4W":"1","9W":"1","6V":"1","6W":"1","7R":"1","5R":"1","8W":"1","9X":"1","3R":"1","2X":"1"},"9Q":{"46":"1","82":"1","93":"1","48":"1","44":"1","2G":"1","3G":"1","88":"1","35":"1","3H":"1","7C":"1","38":"1","34":"1","37":"1","24":"1","42":"1","59":"1","54":"1","57":"1","4C":"1","94":"1","8C":"1","26":"1","77":"1","32":"1","25":"1","36":"1","7F":"1","76":"1","75":"1","67":"1","6F":"1","87":"1","89":"1","92":"1","86":"1","27":"1","49":"1","2C":"1","2F":"1","33":"1","73":"1","5C":"1","29":"1","55":"1","65":"1","84":"1","43":"1","2H":"1","64":"1","72":"1","56":"1","47":"1","63":"1","3C":"1","8F":"1","66":"1","74":"1","39":"1","45":"1","5G":"1","4G":"1","53":"1","3F":"1","6C":"1","79":"1","6G":"1","22":"1","5F":"1","78":"1","58":"1","62":"1","23":"1","4F":"1","28":"1","83":"1","69":"1","52":"1","85":"1","68":"1"},"8Q":{"XH":"1","R5":"1","XF":"1","W6":"1","W3":"1","Q4":"1","X4":"1","R8":"1","X9":"1","V3":"1","V6":"1","W2":"1","XG":"1","R3":"1","W8":"1","V5":"1","Q5":"1","V7":"1","X3":"1","X7":"1","WC":"1","W7":"1","V2":"1","X6":"1","X2":"1","X8":"1","W4":"1","R9":"1","W9":"1","WF":"1","V8":"1","XC":"1","VC":"1","W5":"1","V4":"1","R4":"1","X5":"1","R6":"1","V9":"1"},"9X":{"45":"1","46":"1","56":"1","55":"1"},"2X":{"H5":"1","G4":"1","H4":"1","G3":"1","G5":"1","F5":"1","F4":"1"},"8V":{"RM":"1","PR":"1","QP":"1","MQ":"1","RP":"1","MP":"1","MR":"1","QR":"1","QM":"1","RQ":"1","QQ":"1","PQ":"1","PP":"1"},"4X":{"2W":"1","2V":"1"},"8W":{"VX":"1"},"9R":{"G6":"1","F6":"1","G5":"1","F5":"1"},"4M":{"X6":"1","W5":"1","W6":"1","X5":"1"}},"MR":{"7F":{"3Q":"1","2R":"1","3R":"1","2Q":"1","3P":"1","2P":"1"},"6F":{"C3":"1","94":"1","XQ":"1","C4":"1","93":"1","F4":"1"},"6C":{"VC":"1","RC":"1","R9":"1","WC":"1","VF":"1","V9":"1"}},"85":{"XQ":{"26":"1","25":"1"},"WQ":{"X6":"1","Q3":"1","X5":"1"}},"V3":{"MP":{"F8":"1","V5":"1","C5":"1","38":"1","CG":"1","H3":"1","92":"1","4F":"1","84":"1","74":"1","37":"1","6G":"1","86":"1","M3":"1","59":"1","J2":"1","63":"1","93":"1","V7":"1","G3":"1","62":"1","W6":"1","F7":"1","M5":"1","45":"1","88":"1","X5":"1","46":"1","F4":"1","95":"1","52":"1","FG":"1","C7":"1","H8":"1","83":"1","3F":"1","9F":"1","47":"1","3C":"1","78":"1","39":"1","48":"1","M7":"1","55":"1","49":"1","CC":"1","F2":"1","R3":"1","29":"1","R4":"1","M4":"1","M8":"1","58":"1","36":"1","F3":"1","P7":"1","76":"1","P2":"1","F9":"1","4G":"1","8G":"1","X4":"1","R6":"1","J7":"1","7C":"1","7G":"1","M6":"1","Q3":"1","J3":"1","J5":"1","FF":"1","75":"1","X3":"1","66":"1","X2":"1","65":"1","H7":"1","5C":"1","9G":"1","67":"1","Q2":"1","82":"1","R8":"1","2C":"1","7F":"1","R2":"1","P3":"1","P4":"1","2F":"1","Q4":"1","H4":"1","J6":"1","P6":"1","G5":"1","X6":"1","V4":"1","9C":"1","68":"1","W5":"1","Q6":"1","Q8":"1","C6":"1","P8":"1","96":"1","8F":"1","98":"1","5F":"1","H5":"1","G4":"1","79":"1","W7":"1","56":"1","28":"1","72":"1","G2":"1","C3":"1","94":"1","77":"1","87":"1","W8":"1","C4":"1","5G":"1","6F":"1","97":"1","Q5":"1","6C":"1","73":"1","W2":"1","R7":"1","C9":"1","Q7":"1","R5":"1","M2":"1","2G":"1","89":"1","C2":"1","4C":"1","V6":"1","W4":"1","85":"1","V3":"1","53":"1","P5":"1","57":"1","G7":"1","3G":"1","F5":"1","C8":"1","J4":"1","99":"1","W3":"1","G8":"1","69":"1","F6":"1","54":"1","H6":"1","27":"1","J8":"1","64":"1","FC":"1","V2":"1","V8":"1","CF":"1","8C":"1","G6":"1","H2":"1"},"JP":{"RV":"1"},"HM":{"7X":"1","7V":"1","6X":"1","6V":"1","8X":"1","7W":"1","8W":"1","6W":"1"},"HP":{"73":"1","62":"1","63":"1","72":"1"},"PP":{"23":"1","25":"1","24":"1"},"MM":{"GW":"1","5W":"1","FW":"1","7X":"1","FX":"1","8X":"1","CW":"1","HW":"1","9W":"1","5X":"1","VX":"1","PX":"1","XX":"1","7W":"1","9X":"1","MX":"1","MW":"1","WX":"1","6W":"1","RX":"1","QW":"1","CX":"1","QX":"1","VW":"1","JW":"1","RW":"1","PW":"1","GX":"1","8W":"1","WW":"1","JX":"1","HX":"1","6X":"1"}},"57":{"V6":{"6Q":"1"}},"G7":{"C2":{"M4":"1","P2":"1","Q2":"1","P5":"1","P4":"1","P3":"1","M5":"1","M3":"1"}},"VR":{"57":{"PR":"1","H7":"1","HG":"1","JC":"1","GG":"1","HC":"1","GH":"1","G8":"1","C2":"1","QV":"1","QR":"1","HH":"1","G7":"1","QW":"1","JX":"1"},"56":{"CX":"1","FX":"1"},"3F":{"M4":"1","J3":"1","J4":"1","P5":"1","P3":"1","M5":"1","P4":"1","M2":"1","R5":"1","M3":"1"},"7C":{"8X":"1","9J":"1","8P":"1","FR":"1","CW":"1","9M":"1","4P":"1","8R":"1","6M":"1","7M":"1","6R":"1","7V":"1","8V":"1","6P":"1","8Q":"1","CQ":"1","9V":"1","7J":"1","6J":"1","FW":"1","8J":"1","7W":"1","6Q":"1","GW":"1","7P":"1","CV":"1","FV":"1","7X":"1","9R":"1","5P":"1","8H":"1","5Q":"1","9P":"1","CX":"1","9W":"1","9Q":"1","6V":"1","6W":"1","7Q":"1","7R":"1","5R":"1","8W":"1","9X":"1","CP":"1","8M":"1","CR":"1","5M":"1"},"69":{"72":"1","73":"1","Q5":"1","Q4":"1","83":"1","R4":"1","V5":"1","V4":"1","R5":"1"},"58":{"RM":"1","QP":"1","V6":"1","PM":"1","VR":"1","RP":"1","XV":"1","J2":"1","QJ":"1","WV":"1","QM":"1","V5":"1","R6":"1","PJ":"1","RR":"1","QF":"1","XW":"1","WW":"1"},"68":{"5F":"1","5J":"1","4P":"1","5P":"1","6F":"1","5H":"1","5M":"1","6P":"1","5Q":"1","5C":"1","4M":"1"},"7F":{"92":"1","82":"1"},"87":{"FM":"1","GP":"1","FP":"1","FJ":"1","GJ":"1","GM":"1"}},"99":{"G3":{"G8":"1","4H":"1","G7":"1","CG":"1","H5":"1","C7":"1","FF":"1","F7":"1","J6":"1","G5":"1","88":"1","7C":"1","F8":"1","CH":"1","G6":"1","CJ":"1","8H":"1","59":"1","5H":"1","9C":"1","C9":"1","4C":"1","G9":"1","9G":"1","FC":"1","8C":"1","H7":"1","96":"1","77":"1","7G":"1","HC":"1","7F":"1","F6":"1","6F":"1","CC":"1","87":"1","89":"1","9F":"1","FG":"1","49":"1","8G":"1","F9":"1","C6":"1","98":"1","5C":"1","9H":"1","H8":"1","C8":"1","3C":"1","8F":"1","GC":"1","39":"1","97":"1","9J":"1","J8":"1","5G":"1","H6":"1","FH":"1","4G":"1","3F":"1","99":"1","GF":"1","6C":"1","J7":"1","79":"1","6G":"1","F5":"1","5F":"1","78":"1","58":"1","H9":"1","4F":"1","69":"1","CF":"1","68":"1"},"F3":{"FQ":"1","GQ":"1","HM":"1","GP":"1","FP":"1","HJ":"1","GJ":"1","GM":"1"}},"33":{"HC":{"GM":"1"}},"RR":{"X6":{"GJ":"1"},"X3":{"GW":"1","9X":"1","GX":"1","FW":"1","CX":"1","HX":"1","FX":"1","CW":"1"},"X7":{"7G":"1"},"X4":{"C3":"1","92":"1","F2":"1","H2":"1","G2":"1","G3":"1","C2":"1","F3":"1"},"W7":{"WF":"1","VG":"1"}},"QH":{"7C":{"GW":"1","HM":"1","GJ":"1","HJ":"1","GM":"1"},"CG":{"36":"1","37":"1","26":"1","27":"1"},"9G":{"X6":"1"},"9F":{"HH":"1","MJ":"1","9J":"1","JV":"1","8P":"1","MM":"1","FR":"1","CW":"1","9M":"1","HV":"1","HP":"1","JW":"1","HX":"1","GJ":"1","5J":"1","8R":"1","9H":"1","6M":"1","PQ":"1","6R":"1","7V":"1","7M":"1","8V":"1","5V":"1","MX":"1","6P":"1","6H":"1","FH":"1","FX":"1","8Q":"1","HR":"1","JM":"1","RW":"1","CQ":"1","9V":"1","QX":"1","FM":"1","QR":"1","PR":"1","GV":"1","QV":"1","7J":"1","JQ":"1","6J":"1","GX":"1","FW":"1","8J":"1","GH":"1","6Q":"1","JR":"1","HJ":"1","GW":"1","7P":"1","MR":"1","CM":"1","JH":"1","CV":"1","FJ":"1","FV":"1","9R":"1","PW":"1","5P":"1","HQ":"1","GR":"1","8H":"1","5Q":"1","9P":"1","CJ":"1","5H":"1","MV":"1","7H":"1","HW":"1","GQ":"1","RV":"1","9W":"1","9Q":"1","6V":"1","PP":"1","7Q":"1","7R":"1","GM":"1","MP":"1","FQ":"1","5R":"1","8W":"1","QW":"1","JX":"1","QQ":"1","FP":"1","MH":"1","HM":"1","CP":"1","JP":"1","JJ":"1","8M":"1","GP":"1","CH":"1","MQ":"1","CR":"1","5M":"1","PX":"1","MW":"1","PV":"1","PM":"1"},"8C":{"34":"1","8X":"1","8P":"1","8R":"1","7M":"1","8V":"1","8Q":"1","9V":"1","24":"1","7J":"1","8J":"1","33":"1","7P":"1","9R":"1","9W":"1","9Q":"1","7Q":"1","7R":"1","23":"1","8W":"1","FP":"1","22":"1","9X":"1","8M":"1","32":"1"}},"JW":{"RC":{"VG":"1","RG":"1","RH":"1"}},"JV":{"WH":{"2M":"1","3M":"1","2J":"1","3J":"1","3P":"1","2P":"1"},"WM":{"5F":"1","59":"1","7C":"1","6G":"1","69":"1","7F":"1","6F":"1","79":"1","5C":"1","6C":"1","5G":"1"},"VJ":{"G5":"1","F4":"1","J3":"1","H3":"1","G4":"1","J4":"1","F5":"1","F3":"1","93":"1","J2":"1","H5":"1","G2":"1","92":"1","F2":"1","C6":"1","G3":"1","C2":"1","C3":"1","F6":"1","J5":"1","H4":"1","H2":"1","C5":"1","C4":"1","94":"1"},"VH":{"GW":"1","FW":"1","FX":"1","HW":"1","XP":"1","Q4":"1","XM":"1","V3":"1","R4":"1","R3":"1","9X":"1","Q3":"1","V4":"1","R5":"1","CX":"1","GX":"1","HX":"1"}},"J8":{"7P":{"WC":"1"}},"MV":{"MX":{"96":"1"},"PH":{"RJ":"1","WH":"1","VJ":"1","VG":"1","WJ":"1","RG":"1","VH":"1","RH":"1"}},"64":{"RX":{"3W":"1"},"RW":{"6Q":"1"},"QX":{"XC":"1","72":"1","73":"1","V6":"1","84":"1","93":"1","83":"1","82":"1","92":"1","C3":"1","Q8":"1","C4":"1","94":"1"}},"4P":{"J2":{"X6":"1","X7":"1"}},"G6":{"CX":{"P9":"1","PC":"1","PX":"1","RV":"1","MC":"1","PF":"1","QC":"1","M9":"1","QX":"1","RR":"1","RW":"1","QF":"1"},"CV":{"GW":"1","FV":"1","HW":"1","FQ":"1","HR":"1","GV":"1","FR":"1","GQ":"1","JV":"1","CV":"1","JR":"1","JW":"1","HV":"1","GR":"1"}},"H2":{"8F":{"MW":"1","GX":"1","FP":"1","PX":"1","CG":"1","8W":"1","WX":"1","6W":"1","CR":"1","XX":"1","HX":"1","MQ":"1","6R":"1","GV":"1","CV":"1","RV":"1","FG":"1","8M":"1","RW":"1","FX":"1","FH":"1","GJ":"1","MP":"1","CQ":"1","GR":"1","9J":"1","9W":"1","9P":"1","FV":"1","HM":"1","PQ":"1","7W":"1","GQ":"1","FM":"1","8Q":"1","7R":"1","9H":"1","CJ":"1","QR":"1","VX":"1","7Q":"1","VV":"1","JJ":"1","6V":"1","JM":"1","FJ":"1","6Q":"1","GW":"1","HR":"1","JQ":"1","9Q":"1","8P":"1","8R":"1","CH":"1","HP":"1","9X":"1","PR":"1","8J":"1","9V":"1","JR":"1","VW":"1","HQ":"1","JX":"1","CX":"1","QX":"1","GP":"1","PW":"1","MM":"1","QV":"1","8X":"1","7V":"1","FW":"1","CW":"1","HW":"1","9R":"1","FQ":"1","JP":"1","7P":"1","MX":"1","HV":"1","PV":"1","MR":"1","RX":"1","9M":"1","FR":"1","CP":"1","WW":"1","6X":"1","GM":"1","CM":"1","HJ":"1","JW":"1","JV":"1","7X":"1","MV":"1","QW":"1","GH":"1","8V":"1"},"CF":{"PR":"1","MV":"1","HG":"1","GG":"1","MG":"1","MQ":"1","JH":"1","MR":"1","MF":"1","MX":"1","MW":"1","HH":"1","JG":"1","JF":"1","JV":"1","JR":"1","JW":"1","HF":"1","HV":"1","PV":"1","MH":"1","JX":"1"},"9G":{"45":"1","57":"1","29":"1","26":"1","65":"1","56":"1","38":"1","25":"1","47":"1","28":"1","66":"1","55":"1","46":"1","27":"1","35":"1","37":"1","36":"1","67":"1"},"8G":{"F8":"1","V5":"1","C5":"1","PG":"1","92":"1","H3":"1","84":"1","74":"1","VC":"1","86":"1","M3":"1","J2":"1","63":"1","93":"1","V9":"1","V7":"1","62":"1","G3":"1","M9":"1","W6":"1","F7":"1","M5":"1","X5":"1","F4":"1","95":"1","G9":"1","XC":"1","C7":"1","H8":"1","QJ":"1","83":"1","RC":"1","X8":"1","M7":"1","PC":"1","Q9":"1","VF":"1","F2":"1","RG":"1","R3":"1","R4":"1","WC":"1","M4":"1","M8":"1","F3":"1","P7":"1","76":"1","P2":"1","W9":"1","F9":"1","X4":"1","R6":"1","MH":"1","J7":"1","GC":"1","JC":"1","PJ":"1","MC":"1","X9":"1","M6":"1","Q3":"1","J3":"1","J5":"1","75":"1","X3":"1","X2":"1","65":"1","H7":"1","MG":"1","Q2":"1","82":"1","R8":"1","QC":"1","JG":"1","R2":"1","X7":"1","P3":"1","P4":"1","Q4":"1","H4":"1","J6":"1","RF":"1","P6":"1","G5":"1","X6":"1","V4":"1","VG":"1","J9":"1","W5":"1","Q6":"1","Q8":"1","P9":"1","C6":"1","HF":"1","P8":"1","96":"1","H9":"1","G4":"1","H5":"1","PH":"1","W7":"1","72":"1","G2":"1","WF":"1","C3":"1","94":"1","QF":"1","W8":"1","PF":"1","C4":"1","R9":"1","97":"1","Q5":"1","HC":"1","73":"1","W2":"1","R7":"1","Q7":"1","R5":"1","M2":"1","C2":"1","V6":"1","W4":"1","85":"1","V3":"1","P5":"1","JF":"1","G7":"1","F5":"1","C8":"1","J4":"1","RH":"1","W3":"1","G8":"1","MF":"1","QH":"1","F6":"1","H6":"1","J8":"1","64":"1","V2":"1","V8":"1","G6":"1","H2":"1","QG":"1"}}}}