{"index":{"university,1|retail,2|tourism,3|wreck,4|historical,5|artsCulture,6|namedBuilding,7|water,8|wetland,9|park,10|beach,11|natureReserve,12|cemetery,13|trail,14":{}},"7Q":{"43":{"9X":{"XP":"1","WP":"1","VP":"1","WM":"1","VQ":"1","WQ":"1","WJ":"1","XM":"1","VM":"1"},"HF":{"VX":"1","WX":"1"},"CX":{"7R":"1"},"PF":{"XP":"1","XM":"1"},"93":{"3C":"1","29":"1","39":"1","8F":"1","65":"1","2C":"1","38":"1","55":"1"},"QF":{"4F":"1","FG":"1","4C":"1","3C":"1","CF":"1","2P":"1","2M":"1","49":"1","FF":"1","CG":"1"},"F4":{"6C":"1","69":"1","5C":"1","59":"1"}},"45":{"WM":{"MC":"1","FF":"1"},"XQ":{"4W":"1","4V":"1","5V":"1","5W":"1","6W":"1"},"RR":{"FR":"1","CR":"1","CV":"1","FV":"1"},"MV":{"8J":"1","8M":"1","9J":"1"},"9J":{"C9":"1","FC":"1","99":"1","F9":"1","CC":"1","9F":"1"}},"72":{"GH":{"2H":"1","3H":"1","3J":"1"},"JJ":{"42":"1"},"XJ":{"MM":"1"},"4H":{"PR":"1","JQ":"1","RF":"1","MQ":"1","RG":"1","XH":"1","VV":"1","MR":"1","WV":"1","QR":"1","QQ":"1","JR":"1","VW":"1","WW":"1"},"WH":{"VJ":"1","GJ":"1","WJ":"1"},"2G":{"5M":"1","RF":"1","VH":"1"},"3X":{"C3":"1","C4":"1","C5":"1","F5":"1","F4":"1","F3":"1"},"3J":{"MM":"1","MJ":"1","PM":"1","WH":"1","MP":"1","RH":"1","VH":"1","VJ":"1","VG":"1"},"7V":{"VC":"1","WC":"1"},"W9":{"G2":"1","C2":"1"},"J9":{"FM":"1","CM":"1","FP":"1","CP":"1","9J":"1"},"2M":{"HR":"1","PW":"1","QW":"1","HH":"1","QX":"1","JR":"1","MV":"1","PX":"1","JQ":"1"},"FX":{"43":"1","RF":"1","XG":"1","62":"1","MG":"1","42":"1","WF":"1","WC":"1","VF":"1","MF":"1","H5":"1","M8":"1","XF":"1","33":"1","WG":"1","PG":"1","PF":"1","Q7":"1","QC":"1","32":"1","VG":"1","52":"1","H4":"1","Q8":"1"},"8W":{"64":"1","65":"1","9P":"1","54":"1","9Q":"1","55":"1"},"MH":{"9H":"1","CH":"1","3P":"1"},"CW":{"FQ":"1","XP":"1","VQ":"1","CQ":"1","XQ":"1","XR":"1","WQ":"1","VR":"1","WR":"1"},"8H":{"MR":"1","RV":"1","MQ":"1","JR":"1","JQ":"1"},"5H":{"5W":"1","3W":"1","9P":"1","4W":"1","8R":"1","QM":"1","JP":"1","JV":"1","5V":"1","4X":"1","4V":"1","PP":"1","5R":"1"},"4X":{"J6":"1","H6":"1","J7":"1","H7":"1"},"7W":{"VX":"1","VW":"1"},"8J":{"CX":"1"},"8M":{"C2":"1"},"5R":{"C3":"1","C4":"1","C2":"1"},"6H":{"R9":"1","CG":"1","R8":"1"},"3M":{"64":"1","73":"1","74":"1","63":"1"},"RF":{"73":"1","62":"1","94":"1","63":"1","72":"1"},"RC":{"7X":"1"},"PW":{"MW":"1","GX":"1","PX":"1","PG":"1","VC":"1","HG":"1","HX":"1","RQ":"1","MQ":"1","GV":"1","RV":"1","RW":"1","QJ":"1","VJ":"1","GJ":"1","MP":"1","RC":"1","PM":"1","GR":"1","VH":"1","VF":"1","PP":"1","HM":"1","RG":"1","PQ":"1","GQ":"1","QR":"1","VX":"1","QQ":"1","MH":"1","VV":"1","JJ":"1","PJ":"1","RP":"1","JM":"1","GW":"1","HR":"1","JQ":"1","MG":"1","QP":"1","HP":"1","QC":"1","JG":"1","PR":"1","RF":"1","GG":"1","JH":"1","RM":"1","JR":"1","VW":"1","VG":"1","HQ":"1","JX":"1","HF":"1","QX":"1","GP":"1","PW":"1","MM":"1","PH":"1","QV":"1","HH":"1","QF":"1","VM":"1","HW":"1","PF":"1","VP":"1","JP":"1","MX":"1","HV":"1","MJ":"1","PV":"1","RJ":"1","MR":"1","RX":"1","JF":"1","RH":"1","GM":"1","MF":"1","RR":"1","QH":"1","HJ":"1","JW":"1","JV":"1","MV":"1","QM":"1","QW":"1","GH":"1","QG":"1"},"XH":{"J6":"1","MC":"1","HF":"1","G7":"1","H6":"1","G6":"1","HG":"1","JC":"1","GG":"1","PF":"1","QC":"1","GF":"1","QF":"1","PC":"1","J5":"1"},"HW":{"M8":"1","P8":"1","M7":"1","P9":"1","J7":"1","M9":"1"},"XM":{"6H":"1","5H":"1"},"MQ":{"3C":"1","69":"1","49":"1","4C":"1","59":"1"},"72":{"PG":"1","QH":"1","QG":"1"},"5X":{"5F":"1"},"3Q":{"VC":"1","G6":"1","VX":"1","F6":"1","V9":"1","G5":"1","F5":"1"},"GX":{"48":"1","49":"1","59":"1","58":"1"},"WC":{"C3":"1","94":"1","C4":"1","97":"1","93":"1","C7":"1"},"MC":{"R5":"1","R6":"1","Q5":"1","P8":"1"},"4P":{"H2":"1"},"PX":{"Q2":"1","P2":"1","H2":"1","G2":"1","M2":"1","G3":"1","H3":"1","R2":"1","V2":"1"},"3W":{"MV":"1","QP":"1","MW":"1","QQ":"1","JV":"1","PQ":"1","JW":"1","PP":"1"},"5G":{"WH":"1","WM":"1","VJ":"1","WJ":"1","VH":"1"},"FH":{"MP":"1","QQ":"1","WH":"1","VJ":"1","XJ":"1","PQ":"1","MR":"1","PP":"1","MQ":"1","XH":"1","WW":"1","VH":"1"},"4J":{"49":"1","95":"1"},"FW":{"5X":"1","5W":"1","2Q":"1"},"VJ":{"RQ":"1","VQ":"1","VR":"1"},"JC":{"M7":"1","RF":"1","P9":"1","PC":"1","P8":"1","R9":"1","Q5":"1","P5":"1","R7":"1","M8":"1","PG":"1","RC":"1","R8":"1","Q7":"1","PF":"1","Q9":"1","QC":"1","P7":"1","M9":"1","QF":"1","Q8":"1"},"2P":{"73":"1","72":"1"},"5J":{"HF":"1","XV":"1","HC":"1"},"62":{"VC":"1","X9":"1","W9":"1","WF":"1","XC":"1","WC":"1","VF":"1"},"5Q":{"GX":"1","FW":"1","CX":"1","FX":"1","CW":"1"},"23":{"28":"1","8J":"1","29":"1","39":"1","2C":"1","38":"1","8H":"1","2F":"1"},"6J":{"G9":"1","F9":"1","G8":"1"},"FJ":{"99":"1","FC":"1","F4":"1","W2":"1","G4":"1","F3":"1","F9":"1","C9":"1","G3":"1","CC":"1","X2":"1","9C":"1"},"4M":{"HX":"1"},"W8":{"9R":"1","GX":"1","MX":"1","FW":"1","8Q":"1","9V":"1","MR":"1","CR":"1","PR":"1","MQ":"1","9Q":"1","PV":"1","8R":"1"},"QX":{"XP":"1","RQ":"1","QQ":"1","WP":"1","XQ":"1","RR":"1","WQ":"1"}},"63":{"36":{"6X":"1"},"34":{"MQ":"1","MP":"1","RV":"1","MW":"1","QV":"1","QR":"1","RX":"1","QW":"1","QX":"1","PQ":"1","RW":"1","PP":"1"},"H4":{"HJ":"1","H7":"1","H9":"1","7X":"1","3Q":"1","JC":"1","4P":"1","P8":"1","5P":"1","GM":"1","GJ":"1","H8":"1","F2":"1","G8":"1","HM":"1","G7":"1","3R":"1","6X":"1"},"G4":{"WF":"1","XF":"1","XJ":"1","VV":"1"},"G2":{"GF":"1","XC":"1","JC":"1","X7":"1","X6":"1","5P":"1","WF":"1","WC":"1","C2":"1","X8":"1","5M":"1","6P":"1","6M":"1","HF":"1","P2":"1"},"J6":{"HF":"1","23":"1","HG":"1","34":"1","24":"1","33":"1"},"M4":{"W9":"1","P8":"1","P9":"1","8P":"1","54":"1","7P":"1","2G":"1","WC":"1","Q8":"1","7M":"1","2F":"1"},"Q4":{"2R":"1"},"H9":{"4F":"1","H6":"1","59":"1","4C":"1","3C":"1","69":"1","49":"1","39":"1","5C":"1","6C":"1"},"73":{"JX":"1","MX":"1"},"F6":{"GJ":"1"},"G7":{"5P":"1"},"C3":{"82":"1","72":"1"},"J2":{"FV":"1","9V":"1","82":"1","CG":"1","M8":"1","H5":"1","FF":"1","G5":"1","C3":"1","G6":"1","MG":"1","59":"1","7M":"1","4C":"1","FC":"1","H7":"1","8P":"1","XP":"1","G2":"1","MV":"1","CC":"1","J3":"1","FG":"1","49":"1","MF":"1","98":"1","H3":"1","WM":"1","5C":"1","Q3":"1","XM":"1","X4":"1","G3":"1","9R":"1","3C":"1","PG":"1","X3":"1","39":"1","H2":"1","P3":"1","MP":"1","H6":"1","FH":"1","M9":"1","PV":"1","23":"1","7P":"1","28":"1","FJ":"1","CF":"1","Q4":"1"},"79":{"7X":"1","6X":"1","7W":"1","6W":"1"},"38":{"M7":"1","8G":"1","7R":"1","GF":"1","FG":"1","FM":"1","M6":"1","GC":"1","HC":"1","CP":"1","FP":"1","J7":"1","J6":"1","9H":"1","F8":"1","7Q":"1","C8":"1","G7":"1","CG":"1","9G":"1","8H":"1","HF":"1","F6":"1","F7":"1","C4":"1"},"65":{"22":"1","72":"1","63":"1","Q6":"1","64":"1","56":"1","25":"1","66":"1","69":"1","68":"1","55":"1","44":"1","35":"1","53":"1","34":"1","37":"1","67":"1"},"R2":{"XX":"1"},"92":{"G6":"1","FW":"1","FX":"1","CW":"1","XV":"1","RV":"1","CX":"1","JW":"1","XW":"1","WW":"1"},"W2":{"R8":"1"},"H3":{"36":"1","34":"1","R5":"1","J6":"1","M4":"1","7F":"1","M8":"1","RC":"1","39":"1","6G":"1","6H":"1","35":"1","FH":"1","FX":"1","6F":"1","5G":"1","Q5":"1","24":"1","64":"1","M9":"1","H6":"1","FJ":"1","25":"1","H8":"1","5H":"1","CJ":"1","QC":"1","CX":"1","75":"1","J8":"1","H5":"1","P4":"1","J9":"1","CH":"1","74":"1","PX":"1"},"CF":{"M4":"1","J4":"1","2C":"1","J3":"1","M3":"1"},"84":{"92":"1","75":"1","74":"1","33":"1"},"35":{"M4":"1","P4":"1","P3":"1","M2":"1","M3":"1"},"R3":{"66":"1","WH":"1","75":"1","74":"1","VG":"1","7C":"1","WJ":"1"},"P3":{"86":"1","RF":"1","4H":"1","PC":"1","42":"1","2J":"1","C6":"1","2M":"1","MC":"1","49":"1","RC":"1","M2":"1","W5":"1","P7":"1","QF":"1","4G":"1"},"52":{"XG":"1","WG":"1","WH":"1","WF":"1","XF":"1","XJ":"1","XC":"1","WC":"1","VF":"1","XH":"1"},"F2":{"WM":"1","HF":"1","F2":"1","G4":"1","G2":"1","GF":"1","F4":"1","3P":"1","F3":"1"},"55":{"Q9":"1","X6":"1","P8":"1","X7":"1","R7":"1","Q8":"1","R8":"1","Q7":"1"},"4H":{"76":"1","66":"1","75":"1","65":"1","67":"1"},"Q5":{"36":"1","45":"1","35":"1","46":"1"},"7C":{"H8":"1","36":"1","45":"1","M8":"1","M7":"1","44":"1","J8":"1","35":"1","46":"1","34":"1"},"Q2":{"3V":"1","8V":"1","2V":"1","7X":"1","6X":"1","4V":"1","3J":"1","JM":"1"},"63":{"92":"1","82":"1"},"64":{"W6":"1","8P":"1","9M":"1","2F":"1","79":"1","8R":"1","V6":"1","6H":"1","58":"1","V7":"1","7P":"1","59":"1","9R":"1","W7":"1","9P":"1","5H":"1","67":"1","89":"1","69":"1","57":"1","68":"1","8M":"1"},"48":{"X6":"1"},"G3":{"8F":"1","53":"1","X7":"1","J3":"1","HC":"1","GF":"1","63":"1","M3":"1"},"F8":{"H8":"1","H9":"1","G9":"1","G8":"1"},"H6":{"57":"1","68":"1","49":"1","67":"1","59":"1","58":"1"},"M3":{"46":"1","XJ":"1","48":"1","44":"1","2G":"1","3G":"1","J6":"1","35":"1","F3":"1","7C":"1","P7":"1","38":"1","34":"1","37":"1","42":"1","59":"1","54":"1","57":"1","4C":"1","26":"1","77":"1","25":"1","36":"1","7F":"1","75":"1","67":"1","M7":"1","6F":"1","27":"1","49":"1","2C":"1","2F":"1","73":"1","29":"1","5C":"1","55":"1","65":"1","84":"1","XM":"1","43":"1","WP":"1","GJ":"1","64":"1","G3":"1","56":"1","47":"1","63":"1","3C":"1","66":"1","74":"1","39":"1","45":"1","H4":"1","53":"1","3F":"1","QV":"1","6C":"1","79":"1","5F":"1","M6":"1","78":"1","58":"1","4F":"1","28":"1","FJ":"1","83":"1","69":"1","GM":"1","68":"1"},"C2":{"GW":"1","FW":"1","8X":"1","3V":"1","HG":"1","MG":"1","M6":"1","Q5":"1","6Q":"1","Q2":"1","P3":"1","MF":"1","Q3":"1","G7":"1","JG":"1","JF":"1","5Q":"1","V2":"1","F7":"1"},"2W":{"2C":"1"},"54":{"GP":"1","PH":"1","4P":"1","MG":"1","5P":"1","6Q":"1","F8":"1","G8":"1","6P":"1","5Q":"1","HP":"1","MH":"1"},"25":{"W4":"1","V4":"1"},"G5":{"6Q":"1","G2":"1","G3":"1","G5":"1"},"PJ":{"QW":"1","QV":"1"},"CC":{"JX":"1","7X":"1","7V":"1","6X":"1","6V":"1","5X":"1","7W":"1","5W":"1","6W":"1"},"5P":{"WM":"1"},"P2":{"GP":"1","WP":"1","WM":"1","RG":"1","RH":"1","HR":"1","VH":"1","3P":"1","8R":"1","2J":"1","2M":"1","5H":"1","VP":"1","VG":"1","GR":"1","JX":"1","VM":"1"},"F7":{"XM":"1"},"G6":{"4P":"1","FM":"1","9M":"1","CM":"1","8P":"1","9P":"1","GP":"1","FP":"1","8M":"1"},"Q3":{"MM":"1","M7":"1","45":"1","MJ":"1","72":"1","PH":"1","62":"1","PM":"1","WC":"1","WF":"1","J7":"1","H8":"1","QJ":"1","M8":"1","XF":"1","95":"1","96":"1","QM":"1","J8":"1","6P":"1","PJ":"1","HF":"1","MH":"1"},"4G":{"8V":"1","7V":"1","7R":"1"},"J5":{"C3":"1","92":"1","2V":"1","93":"1"},"F3":{"P2":"1","Q2":"1","J6":"1","52":"1","R3":"1","R4":"1","J5":"1","42":"1"},"M2":{"4M":"1","86":"1","87":"1","XM":"1","4H":"1","5G":"1","24":"1","Q2":"1","XJ":"1","59":"1","C2":"1","HC":"1","P2":"1","HQ":"1","77":"1","4G":"1","76":"1","VJ":"1","23":"1","QM":"1","PM":"1","JC":"1"},"44":{"5V":"1"},"F5":{"MP":"1","HQ":"1","JP":"1","8V":"1","7V":"1","MQ":"1","JV":"1","7R":"1","JQ":"1"},"37":{"62":"1"},"82":{"VQ":"1","MH":"1","26":"1","25":"1","VR":"1","PJ":"1"},"J4":{"F4":"1","W6":"1","CW":"1","9W":"1","X6":"1","R9":"1","M6":"1","93":"1","M5":"1","J6":"1","9X":"1","92":"1","F8":"1","44":"1","R8":"1","CX":"1","J5":"1","C4":"1"},"9F":{"7P":"1","VG":"1","VF":"1","RG":"1","7M":"1"},"69":{"G7":"1","F7":"1","G6":"1","F6":"1"},"56":{"2M":"1","8X":"1","2P":"1","8P":"1","4J":"1","4P":"1","4M":"1","8R":"1","7V":"1","3M":"1","6R":"1","8V":"1","5V":"1","6P":"1","4Q":"1","4R":"1","8Q":"1","3J":"1","3W":"1","PH":"1","9V":"1","6X":"1","5W":"1","FW":"1","7W":"1","6Q":"1","4V":"1","2J":"1","7P":"1","FV":"1","7X":"1","5X":"1","9R":"1","PJ":"1","5P":"1","GR":"1","HQ":"1","5Q":"1","GQ":"1","4W":"1","6V":"1","7Q":"1","6W":"1","7R":"1","3Q":"1","3P":"1","5R":"1","QJ":"1","QM":"1","GP":"1","5M":"1","PM":"1"},"J3":{"VM":"1","82":"1","WH":"1","G7":"1","PH":"1","F7":"1","XG":"1","W9":"1","F3":"1","G6":"1","MG":"1","MH":"1","59":"1","VG":"1","PJ":"1","MJ":"1","94":"1","G9":"1","H7":"1","HC":"1","CP":"1","F6":"1","XC":"1","HF":"1","MX":"1","RF":"1","MF":"1","HX":"1","PF":"1","RH":"1","WM":"1","QF":"1","X8":"1","84":"1","X7":"1","RG":"1","WJ":"1","WX":"1","G3":"1","P4":"1","QH":"1","63":"1","XX":"1","VF":"1","WC":"1","WG":"1","PG":"1","5G":"1","QJ":"1","RJ":"1","FW":"1","VJ":"1","JF":"1","JC":"1","WF":"1","X9":"1","H9":"1","VH":"1","XF":"1","83":"1","QG":"1","QX":"1","JX":"1"},"83":{"8X":"1","F6":"1","HP":"1","J2":"1","87":"1","H3":"1","RQ":"1","FH":"1","JM":"1","GV":"1","GH":"1","FG":"1","97":"1","FV":"1","V2":"1","GG":"1","GR":"1","F7":"1","RP":"1","7H":"1","QP":"1","J3":"1","QQ":"1","HM":"1","9X":"1","JP":"1","88":"1","V9":"1"},"57":{"83":"1","73":"1","92":"1","74":"1","G7":"1","84":"1","F7":"1","G6":"1","82":"1","F6":"1","93":"1","72":"1"},"H5":{"72":"1","JJ":"1","WR":"1","62":"1","JC":"1","GG":"1","MG":"1","HC":"1","GH":"1","XV":"1","C8":"1","CC":"1","XR":"1","M2":"1","P2":"1"},"72":{"7R":"1","5W":"1","X5":"1","X6":"1","4R":"1","4Q":"1","6Q":"1","Q4":"1","P3":"1","J2":"1","8Q":"1","4W":"1","Q3":"1","7Q":"1","8R":"1","M2":"1","7V":"1","6W":"1","5Q":"1","8V":"1","5V":"1","M3":"1","4V":"1","5R":"1","6R":"1","P2":"1","6V":"1"},"P4":{"XG":"1","HQ":"1","HR":"1","XR":"1"},"93":{"83":"1","36":"1","32":"1","94":"1","84":"1","25":"1","82":"1","43":"1","93":"1","42":"1","33":"1"},"74":{"GF":"1","Q5":"1","W3":"1","V3":"1","J2":"1","92":"1","C2":"1","5M":"1","M2":"1","6M":"1"},"62":{"FV":"1","9V":"1","RR":"1","RQ":"1","2G":"1","7Q":"1","3G":"1","QR":"1","7J":"1","CQ":"1","7V":"1","8V":"1","CX":"1","FX":"1","8W":"1","CW":"1","7M":"1","9W":"1","8P":"1","8M":"1","CP":"1","5M":"1","FR":"1","CR":"1","9M":"1","9P":"1","2F":"1","8X":"1","6M":"1","2H":"1","9R":"1","6Q":"1","9Q":"1","CV":"1","6P":"1","8Q":"1","9X":"1","FQ":"1","5P":"1","QQ":"1","6R":"1","8R":"1","FW":"1","7P":"1","6J":"1","7R":"1"},"H2":{"6C":"1","XH":"1","RH":"1","W6":"1","X4":"1","VQ":"1","MM":"1","FR":"1","HV":"1","J2":"1","5J":"1","PF":"1","39":"1","87":"1","7M":"1","7V":"1","6R":"1","H3":"1","8V":"1","RG":"1","QF":"1","RF":"1","28":"1","QG":"1","RJ":"1","9V":"1","7C":"1","58":"1","VG":"1","48":"1","8J":"1","6Q":"1","XJ":"1","7P":"1","X3":"1","X7":"1","VR":"1","FV":"1","27":"1","66":"1","3V":"1","PW":"1","GR":"1","X6":"1","5H":"1","29":"1","X2":"1","67":"1","7Q":"1","56":"1","7R":"1","VH":"1","MP":"1","J3":"1","8W":"1","22":"1","W5":"1","68":"1","X5":"1","H2":"1"}},"73":{"RF":{"2R":"1","2Q":"1"},"PH":{"VG":"1"},"H3":{"7V":"1","6V":"1","7W":"1","6W":"1"},"RG":{"4R":"1","5R":"1"},"F8":{"3Q":"1","3V":"1","4R":"1","3W":"1","4Q":"1","2V":"1","4W":"1","3X":"1","3R":"1","2R":"1","4X":"1","4V":"1"},"RC":{"47":"1"},"P4":{"43":"1","55":"1"},"QF":{"WM":"1","XQ":"1","XR":"1","WJ":"1"},"H4":{"83":"1","73":"1","82":"1","72":"1"},"QH":{"83":"1","53":"1","82":"1","93":"1","56":"1"}},"W2":{"2M":{"3V":"1","6H":"1","6J":"1","68":"1","5H":"1","4W":"1","4V":"1","6M":"1","7C":"1","5V":"1","6C":"1","69":"1","5M":"1","3W":"1","5W":"1","5J":"1","79":"1","78":"1"}},"54":{"83":{"JX":"1","MX":"1"},"RQ":{"9X":"1","9W":"1"},"H8":{"VC":"1","WF":"1","VF":"1","V9":"1"},"XG":{"4V":"1","5V":"1"},"W3":{"CX":"1","FX":"1"},"WH":{"CR":"1","CV":"1"},"V7":{"M8":"1","H5":"1","M7":"1","J7":"1","J8":"1","J5":"1"},"84":{"J2":"1","M2":"1"},"GC":{"C4":"1"},"QX":{"MH":"1","PH":"1","8G":"1","PJ":"1","MJ":"1"},"W4":{"F2":"1"}},"24":{"J6":{"XH":"1","RH":"1","XF":"1","QH":"1","WR":"1","RC":"1","XR":"1","X9":"1","XG":"1","RG":"1","Q9":"1","QF":"1","RF":"1","QG":"1","WV":"1","RJ":"1","W8":"1","VG":"1","XJ":"1","WC":"1","VR":"1","XQ":"1","VF":"1","VV":"1","RM":"1","WH":"1","X8":"1","VJ":"1","QC":"1","WG":"1","R9":"1","W9":"1","VH":"1","WF":"1","V8":"1","XC":"1","WJ":"1","VC":"1","QJ":"1","QM":"1","VM":"1","V9":"1"},"MJ":{"XX":"1"},"QH":{"XW":"1","XV":"1"},"MM":{"X2":"1"},"CW":{"F7":"1","C8":"1","F8":"1","C7":"1"},"JW":{"PR":"1","FM":"1","CM":"1","VR":"1","28":"1","CP":"1","FP":"1","CJ":"1","FJ":"1","27":"1","QR":"1","RQ":"1","QQ":"1","RR":"1","VQ":"1"},"PG":{"HW":"1","MW":"1","VQ":"1","JX":"1","MX":"1","HX":"1","JW":"1"},"5V":{"C4":"1","W8":"1","W7":"1","F4":"1","F3":"1"},"MX":{"CQ":"1","8G":"1","43":"1","G6":"1","H7":"1","G5":"1","H6":"1","J4":"1","7H":"1","9P":"1","CP":"1","7G":"1","42":"1","J7":"1","J6":"1","M5":"1","6G":"1","F2":"1","95":"1","33":"1","44":"1","G7":"1","53":"1","QC":"1","32":"1","34":"1","52":"1","J5":"1","C5":"1","C4":"1","94":"1"},"Q9":{"JP":"1","HM":"1","HP":"1","JM":"1"},"2R":{"7C":"1"},"MG":{"J4":"1","H4":"1","J3":"1","H3":"1","XX":"1"},"PH":{"78":"1","C5":"1","J2":"1","79":"1","38":"1","65":"1","86":"1","39":"1","87":"1","C6":"1","28":"1","W8":"1","26":"1","27":"1","66":"1","77":"1","76":"1","29":"1","67":"1","89":"1","75":"1","J8":"1","57":"1","68":"1","J9":"1","88":"1","H2":"1"},"6X":{"3Q":"1"},"QX":{"WF":"1","WC":"1","VF":"1"},"Q2":{"R5":"1","R6":"1","W5":"1","W4":"1","V4":"1","V5":"1","V6":"1"},"M9":{"CM":"1","CJ":"1","9J":"1"},"M6":{"4F":"1","5F":"1","4H":"1","2G":"1","59":"1","29":"1","4C":"1","3F":"1","38":"1","28":"1","2H":"1","48":"1","3C":"1","58":"1","3H":"1","6F":"1","49":"1","39":"1","3G":"1","2C":"1","5C":"1","2F":"1","6C":"1","5G":"1","4G":"1"},"JH":{"9X":"1","9W":"1","9V":"1"},"WP":{"PM":"1","JM":"1","MM":"1","MJ":"1"},"3V":{"H9":"1","G9":"1","G8":"1"},"PJ":{"2X":"1"},"GR":{"HR":"1","JR":"1","JV":"1","HV":"1"},"HW":{"X8":"1","X7":"1"},"CX":{"87":"1","86":"1"},"VH":{"GW":"1","GX":"1"},"WJ":{"VV":"1","VR":"1","WR":"1","RV":"1"},"JX":{"V8":"1"},"MH":{"X7":"1","X6":"1","R9":"1","W4":"1","X4":"1","W3":"1","RC":"1","X2":"1","X8":"1","X3":"1"},"HM":{"MC":"1","JC":"1","M9":"1"},"VP":{"X2":"1","68":"1","XX":"1","59":"1","WX":"1","58":"1"},"VM":{"XX":"1","WX":"1"},"PX":{"VC":"1","Q9":"1","RC":"1","R9":"1","QC":"1","Q8":"1","V9":"1","P7":"1","Q7":"1"},"MW":{"4W":"1","CX":"1","8P":"1","9P":"1","7V":"1","5V":"1","3X":"1","5X":"1","7R":"1","3W":"1","5W":"1","4X":"1"},"PM":{"22":"1"}},"J3":{"Q4":{"3C":"1","5F":"1","4G":"1","2W":"1","4F":"1","3F":"1","2X":"1","5C":"1","49":"1","4C":"1","59":"1","5G":"1"},"P4":{"XW":"1","XX":"1"},"P3":{"Q9":"1","R6":"1","MC":"1","M8":"1","V7":"1","P8":"1","M7":"1","P9":"1","R7":"1","J8":"1","R9":"1","V8":"1","Q8":"1","M9":"1","J9":"1","P7":"1","V6":"1","R8":"1","Q7":"1","PC":"1"}},"62":{"FV":{"CQ":"1","5J":"1"},"4V":{"5F":"1","6F":"1","5C":"1","J5":"1"},"VW":{"8P":"1","7P":"1","8X":"1"},"RR":{"W7":"1","XH":"1","W6":"1"},"WV":{"4W":"1","4V":"1","24":"1"},"XJ":{"X9":"1","H7":"1","JC":"1","8P":"1","9P":"1","9M":"1","J7":"1","MF":"1","H8":"1","MC":"1","J8":"1","8M":"1"},"WH":{"GQ":"1","HQ":"1","67":"1","GR":"1","79":"1"},"CG":{"RX":"1","VX":"1","WX":"1"},"FF":{"4W":"1","4X":"1"},"3J":{"9H":"1","5Q":"1","5P":"1","8H":"1","9G":"1","8G":"1"},"7V":{"CF":"1"},"XG":{"HM":"1","HP":"1","J3":"1","H3":"1"},"J9":{"2W":"1","2V":"1"},"XQ":{"25":"1","35":"1","J3":"1","34":"1","24":"1","55":"1"},"CH":{"W2":"1","R3":"1","V3":"1","R2":"1","V2":"1"},"CX":{"XP":"1","7J":"1","WP":"1","FC":"1","6J":"1","W2":"1","G9":"1","GC":"1","XJ":"1","F9":"1","Q7":"1"},"FX":{"2M":"1","6C":"1","2P":"1","JW":"1","HX":"1","5C":"1","6G":"1","CF":"1","6H":"1","FX":"1","9C":"1","3W":"1","55":"1","GX":"1","4V":"1","2J":"1","3G":"1","3V":"1","RP":"1","MV":"1","HW":"1","44":"1","4W":"1","69":"1","9F":"1","56":"1","VP":"1"},"HH":{"7W":"1","8W":"1"},"MG":{"HQ":"1","8F":"1","HP":"1","HH":"1","GG":"1","HJ":"1","GJ":"1","9G":"1","JR":"1","JV":"1","GH":"1","9F":"1"},"8W":{"GW":"1","FW":"1","8X":"1","HW":"1","PX":"1","GV":"1","HR":"1","9X":"1","MX":"1","MW":"1","JP":"1","JV":"1","JR":"1","VW":"1","JW":"1","HV":"1","GR":"1","GX":"1","HX":"1"},"XV":{"2X":"1","3X":"1","3W":"1","4X":"1"},"CW":{"HW":"1","5R":"1","HX":"1","XR":"1","7R":"1","WV":"1","G8":"1"},"4X":{"X3":"1","H6":"1","97":"1","X4":"1","87":"1","96":"1","86":"1","H7":"1"},"9W":{"QR":"1","WQ":"1","VR":"1","2Q":"1","2P":"1"},"7W":{"Q9":"1","F7":"1","R7":"1","Q8":"1","Q7":"1","R8":"1"},"R7":{"QP":"1","PH":"1","GG":"1","HJ":"1","GJ":"1","FH":"1","JJ":"1","GH":"1","MJ":"1"},"V6":{"HJ":"1","GJ":"1"},"VX":{"83":"1","9X":"1","CX":"1"},"MX":{"HJ":"1","43":"1","RF":"1","FX":"1","JJ":"1","W9":"1","CW":"1","3V":"1","4R":"1","4P":"1","3W":"1","WH":"1","5P":"1","4Q":"1","PX":"1","RJ":"1","JH":"1","WC":"1","XH":"1","V9":"1","6H":"1","6G":"1","QJ":"1","R3":"1","Q3":"1","C2":"1","HM":"1","QV":"1","QM":"1","35":"1","Q7":"1","5H":"1","XR":"1","6P":"1","PJ":"1","QW":"1","CX":"1","QX":"1","PV":"1","PW":"1","2F":"1","3M":"1","36":"1","Q8":"1","5G":"1"},"RV":{"7J":"1","PM":"1","6J":"1"},"VV":{"V7":"1","R7":"1","J8":"1","V8":"1","55":"1","R8":"1"},"HX":{"9V":"1","JM":"1","PM":"1","WV":"1","XJ":"1","PP":"1","PH":"1","5W":"1","7V":"1","8V":"1","XQ":"1","HP":"1","HH":"1","8W":"1","XV":"1","JP":"1","VG":"1","PJ":"1","XR":"1","7W":"1","FP":"1","XP":"1","FR":"1","GP":"1","6W":"1","RF":"1","VQ":"1","RH":"1","XH":"1","8X":"1","XM":"1","WP":"1","7X":"1","HM":"1","RG":"1","WJ":"1","QH":"1","9R":"1","5V":"1","QM":"1","WW":"1","XX":"1","VF":"1","PG":"1","WQ":"1","GQ":"1","FQ":"1","MP":"1","4W":"1","QP":"1","QJ":"1","RJ":"1","WR":"1","6R":"1","8R":"1","XW":"1","VJ":"1","MM":"1","2X":"1","GM":"1","QG":"1","6V":"1","7R":"1"},"PF":{"H9":"1","JF":"1","HF":"1","G9":"1","GC":"1","JC":"1","HC":"1"},"VQ":{"88":"1","98":"1","78":"1"},"QW":{"MM":"1","CQ":"1","XQ":"1","XP":"1","9Q":"1","CR":"1","WG":"1","HQ":"1","PJ":"1","HP":"1","9R":"1","6X":"1"},"8X":{"H4":"1","G4":"1","R5":"1","Q4":"1","C5":"1","F6":"1","J2":"1","92":"1","C6":"1","C7":"1","W8":"1","V5":"1","R7":"1","Q5":"1","24":"1","F4":"1","M3":"1","W7":"1","G5":"1","P2":"1","F7":"1","M2":"1","F5":"1","82":"1","V8":"1","H5":"1","V4":"1","R4":"1","H2":"1"},"PC":{"QW":"1"},"XM":{"W3":"1","X3":"1","X4":"1","W4":"1"},"WP":{"57":"1","37":"1","38":"1","48":"1","47":"1","58":"1"},"7X":{"W8":"1","8G":"1","8F":"1","VC":"1","W7":"1","Q6":"1","V6":"1","R9":"1","7H":"1","W4":"1","7G":"1","Q5":"1","P5":"1","R7":"1","9F":"1","7C":"1","V9":"1","6G":"1","69":"1","6H":"1","7F":"1","6F":"1","V5":"1","V4":"1","V7":"1","RC":"1","R8":"1","R6":"1","Q7":"1","W5":"1","R5":"1","9G":"1","8H":"1","V8":"1","P6":"1","8C":"1","6C":"1","Q8":"1"},"MW":{"GV":"1","CX":"1"},"5X":{"23":"1","24":"1"},"9R":{"HM":"1"},"5V":{"XP":"1","WP":"1","WM":"1","XJ":"1","WJ":"1","XH":"1","XM":"1"},"GX":{"QP":"1","WR":"1","2V":"1","RP":"1","XV":"1","WV":"1","QV":"1","RQ":"1","2W":"1","2R":"1","QW":"1","VW":"1"},"CV":{"83":"1","28":"1","29":"1","37":"1","38":"1","27":"1","55":"1"},"XX":{"83":"1","57":"1","94":"1","84":"1"},"VF":{"85":"1","86":"1"},"PG":{"3Q":"1"},"X3":{"X9":"1","X8":"1","W9":"1","WF":"1","XF":"1","XC":"1","W8":"1","WC":"1"},"RW":{"F2":"1","85":"1","2C":"1","67":"1","2Q":"1","86":"1","2P":"1"},"8Q":{"F7":"1","C6":"1","F6":"1","F3":"1","98":"1"},"9X":{"Q9":"1","XG":"1","WG":"1","WH":"1","WF":"1","XF":"1"},"PX":{"M7":"1","X5":"1","H6":"1","Q6":"1","R9":"1","M6":"1","Q5":"1","X4":"1","R7":"1","RC":"1","R6":"1","R5":"1","85":"1"},"3W":{"2M":"1","XQ":"1","XR":"1","WQ":"1","WR":"1"},"4W":{"2Q":"1"},"X5":{"9X":"1","8V":"1","9W":"1","CX":"1","9V":"1","8X":"1","FX":"1","CW":"1","CV":"1","8W":"1"},"WR":{"2V":"1"},"QV":{"WG":"1"},"8R":{"MX":"1"},"FW":{"J4":"1","J5":"1"},"X6":{"92":"1","F2":"1","82":"1","C2":"1"},"XW":{"36":"1","35":"1","42":"1"},"6X":{"Q6":"1","29":"1","4C":"1","38":"1","28":"1","Q5":"1","48":"1","P5":"1","R7":"1","3C":"1","CF":"1","WG":"1","49":"1","V7":"1","39":"1","2C":"1","P6":"1","QF":"1"},"2P":{"CH":"1","CG":"1"},"5Q":{"P2":"1"},"7P":{"JG":"1","HG":"1","GP":"1","FP":"1","GM":"1"},"VR":{"57":"1","29":"1","26":"1","56":"1","38":"1","84":"1","47":"1","28":"1","93":"1","48":"1","58":"1","46":"1","27":"1","92":"1","F2":"1","C3":"1","C2":"1","37":"1","36":"1"},"6V":{"2H":"1","2M":"1","3M":"1","3H":"1","2J":"1","3J":"1","4J":"1","4M":"1","5J":"1","4H":"1","2P":"1"},"RX":{"C6":"1","97":"1","F6":"1","GJ":"1","C5":"1"},"QX":{"25":"1","7W":"1","24":"1","33":"1"},"JX":{"2M":"1","2V":"1","2P":"1","2Q":"1","8P":"1","4J":"1","6R":"1","5V":"1","6P":"1","4Q":"1","4R":"1","2R":"1","8Q":"1","QG":"1","3W":"1","5G":"1","58":"1","6Q":"1","2W":"1","3V":"1","5P":"1","5Q":"1","4G":"1","W4":"1","GQ":"1","7Q":"1","3Q":"1","3P":"1","5R":"1","57":"1","V4":"1","3R":"1","2X":"1","5M":"1"}},"26":{"45":{"X3":"1","X4":"1"},"7X":{"2M":"1","2P":"1"},"JC":{"H9":"1"},"4R":{"JP":"1","PQ":"1","MQ":"1","JR":"1","JQ":"1"},"3W":{"GR":"1"},"38":{"JV":"1"},"9P":{"GV":"1"},"48":{"P9":"1","XC":"1"},"WC":{"MP":"1","PM":"1","JM":"1","PP":"1","PJ":"1","MM":"1","JJ":"1","MJ":"1"},"MR":{"G4":"1","H4":"1","G3":"1","H3":"1"},"8Q":{"PM":"1","PP":"1"},"55":{"23":"1","24":"1"},"9X":{"RJ":"1","QJ":"1","VJ":"1","48":"1","QH":"1","PJ":"1","VH":"1","RH":"1"},"G2":{"9H":"1","FG":"1","3H":"1","CH":"1","2G":"1","3J":"1","9C":"1"},"92":{"X2":"1"},"F2":{"45":"1"},"C2":{"22":"1"},"QQ":{"2W":"1","2V":"1","2X":"1"},"JF":{"PC":"1"},"34":{"57":"1","48":"1","47":"1","58":"1"},"PQ":{"XW":"1","RQ":"1","QQ":"1","QR":"1","VP":"1","WP":"1","VQ":"1","RR":"1","RX":"1","RW":"1","VV":"1","XV":"1","XR":"1","VX":"1","WQ":"1","VR":"1","WR":"1","RV":"1","XX":"1","WX":"1","WW":"1","WV":"1","VW":"1"},"H2":{"MC":"1","JC":"1","M9":"1","J9":"1"},"6X":{"XJ":"1","XM":"1"}},"64":{"32":{"X7":"1"},"5Q":{"MP":"1","JP":"1","PQ":"1","PP":"1","MQ":"1","JQ":"1"},"4W":{"HM":"1","FR":"1"},"4X":{"64":"1","45":"1","65":"1","85":"1","44":"1","54":"1","43":"1","55":"1","86":"1"},"7M":{"QW":"1"}},"56":{"H6":{"Q6":"1","J6":"1","P5":"1","M7":"1","J7":"1","JM":"1","P6":"1","MM":"1","M5":"1","M6":"1","P7":"1","Q7":"1"},"W8":{"45":"1","53":"1","44":"1","54":"1","43":"1","35":"1","46":"1","34":"1","55":"1"}},"R9":{"6Q":{"X9":"1","W8":"1","W7":"1","57":"1","W9":"1","V6":"1","X7":"1","Q4":"1","R4":"1","V5":"1","V4":"1","X8":"1","R6":"1","R5":"1"},"GV":{"6C":"1","69":"1","5C":"1","59":"1"},"FR":{"7J":"1","8J":"1","5F":"1","4G":"1","6H":"1","6J":"1","5H":"1","7H":"1","4F":"1","6M":"1","4J":"1","8H":"1","5M":"1","7G":"1","5G":"1","5J":"1","4H":"1","6G":"1","7M":"1"},"7Q":{"63":"1","73":"1","62":"1","29":"1","64":"1","38":"1","28":"1","27":"1","74":"1","39":"1","37":"1"},"5M":{"79":"1"},"JV":{"P8":"1"},"6P":{"22":"1","5C":"1","99":"1","4C":"1","9C":"1","88":"1"},"6M":{"9W":"1","4W":"1","4V":"1","2X":"1","7M":"1"},"JX":{"FF":"1"}},"25":{"3F":{"J4":"1"},"8X":{"G4":"1","H4":"1","G3":"1","7C":"1","H3":"1","F3":"1"},"9J":{"GP":"1","FP":"1"},"4J":{"4R":"1","5R":"1"},"8P":{"66":"1","65":"1","56":"1","55":"1"},"73":{"H8":"1","G9":"1","G7":"1","F8":"1","F9":"1","G8":"1"},"J2":{"3Q":"1","4Q":"1","7V":"1","3P":"1"},"4M":{"VJ":"1"},"V3":{"G7":"1","F7":"1","F8":"1","G8":"1"},"6R":{"VX":"1","VW":"1"},"7V":{"XV":"1","QH":"1","7F":"1","W6":"1","XW":"1","XR":"1","PG":"1","WX":"1","VW":"1","QG":"1","PH":"1","7C":"1","WW":"1","Q7":"1","V7":"1","WM":"1","XJ":"1","X7":"1","XQ":"1","XP":"1","W7":"1","VX":"1","X6":"1","WH":"1","VJ":"1","8F":"1","9F":"1","8C":"1","MC":"1","VH":"1","WJ":"1","Q6":"1","XX":"1","R6":"1"},"8V":{"5W":"1","JQ":"1","FW":"1","FX":"1","3Q":"1","CW":"1","4Q":"1","7W":"1","2P":"1","2Q":"1","2X":"1","6W":"1","6P":"1","3R":"1","2W":"1","2R":"1","CX":"1","HX":"1"},"FM":{"3Q":"1","2R":"1","2Q":"1"},"PR":{"C9":"1","89":"1","99":"1","9C":"1","8C":"1","98":"1"},"Q2":{"F7":"1","C7":"1"},"7W":{"X2":"1","W3":"1","W2":"1","W5":"1","W4":"1","V2":"1"},"6Q":{"VV":"1","WX":"1"},"FC":{"J9":"1","JC":"1","Q5":"1","WF":"1","VF":"1","J6":"1","M8":"1","WG":"1","J8":"1","VG":"1"},"2J":{"C8":"1","97":"1","C7":"1","98":"1"},"X7":{"5X":"1"},"WC":{"QC":"1","QF":"1","RF":"1"},"7X":{"66":"1","VG":"1","RG":"1"},"W7":{"V7":"1","R7":"1"},"P2":{"53":"1","63":"1"},"4G":{"83":"1"},"X8":{"52":"1","42":"1"},"9W":{"43":"1","45":"1","54":"1","26":"1","65":"1","64":"1","56":"1","25":"1","47":"1","7W":"1","55":"1","46":"1","27":"1","33":"1","44":"1","35":"1","34":"1","37":"1","36":"1"},"96":{"J6":"1","M7":"1","J7":"1","M6":"1"},"7R":{"CX":"1","5G":"1"},"J3":{"VC":"1","RF":"1","R9":"1","WC":"1","WF":"1","VF":"1","V9":"1","WG":"1","RC":"1"},"VC":{"Q6":"1","R6":"1","R7":"1","VG":"1","VF":"1","QG":"1","QF":"1","RG":"1","RF":"1","RH":"1","Q7":"1"},"8W":{"W8":"1","GW":"1","72":"1","W7":"1","63":"1","73":"1","F4":"1","Q6":"1","62":"1","PM":"1","CM":"1","F5":"1","MQ":"1","9M":"1","RV":"1","68":"1","G2":"1","FR":"1","F2":"1","C2":"1","PJ":"1","RR":"1","52":"1","V8":"1","H2":"1","C5":"1"},"V4":{"M4":"1","J4":"1","M5":"1","J5":"1"},"9X":{"9C":"1","CC":"1"},"47":{"HF":"1","MH":"1","GC":"1","HC":"1","JH":"1","GF":"1","JJ":"1"},"GP":{"JH":"1","JJ":"1"}},"47":{"C3":{"32":"1","22":"1"},"C2":{"2X":"1"},"2F":{"PQ":"1"}},"42":{"RQ":{"XJ":"1","QC":"1","QF":"1","RF":"1"},"25":{"8P":"1","8Q":"1","9P":"1","9Q":"1"}},"93":{"CQ":{"H8":"1","J7":"1","J8":"1","H7":"1"},"JQ":{"R6":"1","V6":"1"},"8J":{"62":"1"},"28":{"78":"1","77":"1"},"MQ":{"64":"1","62":"1","53":"1","52":"1","54":"1","43":"1","63":"1","42":"1"},"MP":{"5X":"1"},"R7":{"8J":"1","9M":"1","8M":"1","9J":"1"},"QG":{"W8":"1","VC":"1","W7":"1","RF":"1","Q6":"1","W9":"1","V6":"1","R9":"1","R7":"1","V9":"1","V5":"1","V7":"1","R8":"1","RC":"1","Q7":"1","R6":"1","Q9":"1","QC":"1","V8":"1","Q8":"1"},"CR":{"64":"1"},"JP":{"8G":"1","8F":"1","FC":"1","5F":"1","7H":"1","GC":"1","9F":"1","CF":"1","FJ":"1","6F":"1","RQ":"1","CG":"1","9G":"1","9C":"1","8H":"1","JR":"1","5C":"1","8C":"1","6C":"1"},"CC":{"7R":"1","3Q":"1","3P":"1","2P":"1","2Q":"1","2M":"1","6W":"1","3R":"1","2R":"1","3M":"1","6R":"1"},"4J":{"89":"1","8C":"1"},"9C":{"XM":"1"},"8H":{"6X":"1"},"4V":{"H9":"1","XQ":"1","WQ":"1","JC":"1","5C":"1","59":"1","J9":"1","58":"1"},"6J":{"45":"1","44":"1","35":"1","34":"1"}},"X4":{"X5":{"RH":"1","W6":"1","QH":"1","X4":"1","RG":"1","RJ":"1","7P":"1","X3":"1","X7":"1","PJ":"1","X6":"1","RM":"1","VH":"1","QJ":"1","W5":"1","X5":"1","QM":"1","PM":"1"}},"P5":{"9R":{"W3":"1","W2":"1"},"CR":{"23":"1","33":"1"},"8M":{"JQ":"1"}},"W3":{"MC":{"85":"1","86":"1"},"M7":{"C3":"1","83":"1","94":"1","85":"1","84":"1","C4":"1","C6":"1","93":"1","95":"1","96":"1","C5":"1"},"R4":{"HH":"1","HJ":"1","JH":"1","JJ":"1"},"V4":{"36":"1","37":"1","26":"1","27":"1"},"M9":{"4X":"1","2V":"1","4J":"1","4P":"1","4M":"1","5J":"1","3X":"1","3M":"1","5V":"1","4Q":"1","4R":"1","3J":"1","3W":"1","4H":"1","5W":"1","4V":"1","3H":"1","2W":"1","5X":"1","3V":"1","5P":"1","5Q":"1","4W":"1","3Q":"1","3P":"1","5R":"1","3R":"1","2X":"1","5M":"1"},"V5":{"M7":"1","G6":"1","H7":"1","G5":"1","H6":"1","M6":"1","J7":"1","J6":"1","H8":"1","H5":"1","J8":"1","J5":"1"}},"83":{"HG":{"W3":"1","X3":"1","X4":"1","W5":"1","W4":"1","X5":"1"},"XM":{"58":"1"},"84":{"53":"1","52":"1","43":"1","42":"1"},"QG":{"MH":"1","JH":"1","JJ":"1","MJ":"1"},"MG":{"RQ":"1","GW":"1","VQ":"1","RR":"1","MX":"1","VR":"1"},"F4":{"HR":"1","JX":"1","HV":"1"},"XJ":{"RJ":"1","QJ":"1","RM":"1","QM":"1"},"XQ":{"89":"1","8C":"1"},"G5":{"7J":"1","7M":"1","9J":"1"},"RP":{"6G":"1"},"F5":{"M4":"1","W9":"1","J4":"1","P3":"1","J3":"1","M3":"1"},"PP":{"F2":"1","H2":"1","G2":"1","G3":"1","H3":"1","F3":"1"},"VH":{"PM":"1","JR":"1","MM":"1","JQ":"1"},"P5":{"8G":"1","8F":"1","9F":"1","7C":"1","7F":"1","2M":"1","6F":"1","9G":"1","9C":"1","8C":"1"},"72":{"WP":"1","VP":"1","XJ":"1","WJ":"1","VM":"1"},"94":{"P2":"1","Q2":"1","R2":"1","F4":"1","F3":"1"},"M5":{"XJ":"1","XM":"1"},"WQ":{"H6":"1","56":"1","P8":"1","M6":"1","75":"1","R7":"1","J6":"1","55":"1","H5":"1","76":"1","R8":"1","Q7":"1","P7":"1","J5":"1","Q8":"1"},"MH":{"Q2":"1","P2":"1","J2":"1","Q3":"1","P3":"1","M2":"1","R3":"1","R2":"1","M3":"1","V2":"1"},"93":{"RX":"1","QX":"1","PX":"1"},"QM":{"QQ":"1","QP":"1","PQ":"1","PP":"1"},"JG":{"23":"1","25":"1","35":"1","34":"1","24":"1"},"PM":{"8P":"1","FR":"1","CW":"1","9M":"1","HV":"1","JW":"1","HX":"1","8R":"1","6R":"1","7V":"1","8V":"1","6P":"1","FX":"1","8Q":"1","HR":"1","CQ":"1","9V":"1","GV":"1","GX":"1","FW":"1","6Q":"1","GW":"1","7P":"1","CM":"1","CV":"1","FV":"1","9R":"1","4F":"1","HQ":"1","GR":"1","9P":"1","HW":"1","GQ":"1","CX":"1","9W":"1","9Q":"1","7Q":"1","7R":"1","FQ":"1","8W":"1","FP":"1","CP":"1","8M":"1","CR":"1"}},"P3":{"XH":{"HJ":"1","X5":"1","H9":"1","J9":"1","PH":"1","JJ":"1","P9":"1","W6":"1","HG":"1","JC":"1","X7":"1","X6":"1","PM":"1","P8":"1","MG":"1","W4":"1","HC":"1","X4":"1","JH":"1","W3":"1","MF":"1","QJ":"1","QG":"1","MC":"1","QM":"1","PG":"1","HH":"1","PF":"1","W5":"1","JF":"1","JG":"1","PJ":"1","X3":"1","HF":"1","QF":"1","MH":"1","QH":"1"},"XF":{"C3":"1","W3":"1","94":"1","W2":"1","RR":"1","C4":"1","C5":"1","F5":"1","F4":"1"},"W6":{"XJ":"1","WM":"1","WH":"1","PX":"1","WJ":"1","2H":"1","XH":"1","3H":"1","MX":"1","2J":"1","VJ":"1","3J":"1","VM":"1"},"W3":{"83":"1","94":"1","75":"1","85":"1","84":"1","C4":"1","93":"1","95":"1","RG":"1","RF":"1"},"MM":{"XP":"1","WP":"1","WM":"1","XJ":"1","WJ":"1","XM":"1"},"R2":{"GF":"1","FC":"1","F4":"1","G4":"1","F5":"1","GC":"1","HC":"1","F3":"1","G9":"1","F9":"1","CF":"1","7F":"1","6F":"1","C3":"1","CC":"1","FF":"1","C4":"1"},"PQ":{"J2":"1","H2":"1","J3":"1","H3":"1"},"XM":{"HR":"1","MR":"1","MQ":"1","JR":"1","JV":"1","MV":"1","HV":"1","JQ":"1"},"XG":{"GP":"1","26":"1","25":"1","J4":"1","PX":"1","RV":"1","H5":"1","QV":"1","35":"1","QW":"1","QX":"1","HP":"1","RW":"1","J5":"1","36":"1"},"2H":{"29":"1","2C":"1","2F":"1"},"W8":{"M4":"1","J2":"1","P5":"1","P4":"1","J4":"1","M2":"1","P3":"1","J3":"1","M5":"1","M6":"1","M3":"1","J5":"1"},"Q2":{"Q2":"1","P2":"1","Q3":"1","P3":"1","M2":"1","R3":"1","R2":"1","V2":"1"},"V7":{"HF":"1","H9":"1","G7":"1","JF":"1","G9":"1","GC":"1","GF":"1","MF":"1","C7":"1","F9":"1","F8":"1","HC":"1","F7":"1","H7":"1","H8":"1","J7":"1","C8":"1","J8":"1","G8":"1","J9":"1","JC":"1"},"2J":{"R5":"1","Q6":"1","Q4":"1","Q5":"1","P5":"1","68":"1","P4":"1","69":"1","5C":"1","48":"1","R4":"1","59":"1","58":"1"},"MR":{"9M":"1","CM":"1","9J":"1","8M":"1"},"X7":{"C9":"1","89":"1","C8":"1","97":"1","99":"1","88":"1","C7":"1","98":"1"},"VR":{"89":"1","87":"1","88":"1","79":"1","78":"1"},"W7":{"R5":"1","Q6":"1","P2":"1","Q2":"1","R6":"1","X8":"1","Q5":"1","V7":"1","P5":"1","X7":"1","W8":"1","R7":"1","P3":"1","M2":"1","V8":"1","P6":"1","W7":"1","W6":"1","V5":"1","P7":"1","V6":"1","Q7":"1"},"Q3":{"GQ":"1","HQ":"1","HR":"1","JR":"1","GR":"1","JQ":"1"},"X6":{"RH":"1","6R":"1","7V":"1","5V":"1","4R":"1","RJ":"1","VG":"1","5W":"1","4V":"1","3V":"1","PC":"1","5Q":"1","RM":"1","VJ":"1","4W":"1","6V":"1","6W":"1","MC":"1","VH":"1","5R":"1","QJ":"1","QM":"1"},"RP":{"9G":"1","CG":"1","9J":"1","7F":"1","9M":"1","GJ":"1","9H":"1","6G":"1","6H":"1","FH":"1","9C":"1","FM":"1","7J":"1","8J":"1","CM":"1","FJ":"1","8H":"1","8G":"1","7G":"1","CJ":"1","7H":"1","8F":"1","9F":"1","8C":"1","CH":"1"},"RM":{"4H":"1","2G":"1","29":"1","3F":"1","2H":"1","3P":"1","3H":"1","2P":"1","2J":"1","2M":"1","4J":"1","3J":"1","3G":"1","2C":"1","2F":"1","3M":"1"},"X8":{"PR":"1","MV":"1","38":"1","MR":"1","QV":"1","QR":"1","39":"1","JR":"1","PV":"1"},"WG":{"X6":"1","X5":"1"},"QP":{"4R":"1","4V":"1"},"W9":{"VC":"1","Q9":"1","Q6":"1","R6":"1","W9":"1","WF":"1","V7":"1","XC":"1","W8":"1","R7":"1","RC":"1","R9":"1","WC":"1","V8":"1","Q8":"1","VF":"1","V9":"1","R8":"1","Q7":"1"},"PP":{"GW":"1","HW":"1","VX":"1","XV":"1","GV":"1","WV":"1","WX":"1","VW":"1","HV":"1","GX":"1","XW":"1","WW":"1","HX":"1","JX":"1"},"W5":{"6Q":"1"},"P4":{"67":"1","77":"1"},"X5":{"9R":"1","8V":"1","9W":"1","9M":"1","CQ":"1","8P":"1","9P":"1","8Q":"1","9V":"1","CR":"1","9Q":"1","CW":"1","CV":"1","CP":"1","8W":"1","8R":"1"},"QM":{"XH":"1","RH":"1","XF":"1","QH":"1","RC":"1","X9":"1","PG":"1","PF":"1","XG":"1","XM":"1","RG":"1","QF":"1","RF":"1","QG":"1","RJ":"1","MF":"1","PH":"1","VG":"1","WM":"1","XJ":"1","WC":"1","WP":"1","XP":"1","PJ":"1","PC":"1","VF":"1","RP":"1","RM":"1","WH":"1","VJ":"1","QC":"1","WG":"1","R9":"1","QP":"1","W9":"1","PP":"1","MC":"1","WF":"1","VH":"1","XC":"1","WJ":"1","VC":"1","QJ":"1","QM":"1","VP":"1","VM":"1","V9":"1","PM":"1"},"MQ":{"CF":"1","CC":"1"},"R6":{"M4":"1","J6":"1","J4":"1","H6":"1","J7":"1","M5":"1","M6":"1","J5":"1","H7":"1"}},"V3":{"R4":{"XG":"1","XJ":"1","XH":"1","XM":"1"},"V4":{"2H":"1","2M":"1","2J":"1","2G":"1","3J":"1"}},"J2":{"MJ":{"28":"1","29":"1","26":"1","23":"1","25":"1","27":"1","24":"1"},"W6":{"9H":"1","FG":"1","CH":"1","FF":"1","CF":"1","CJ":"1","FJ":"1","GJ":"1","CG":"1","9G":"1","FH":"1","GH":"1"},"M8":{"2H":"1","C9":"1","CX":"1","2G":"1","2X":"1","FX":"1","99":"1","9C":"1","CC":"1","98":"1"},"H9":{"7F":"1","8F":"1","XQ":"1","6F":"1","XR":"1","7C":"1","6C":"1","8C":"1"},"PG":{"HW":"1","GW":"1","GV":"1","GR":"1","HV":"1"},"V6":{"HW":"1","JW":"1","JR":"1","JV":"1","MV":"1","HV":"1"},"Q9":{"7F":"1","CW":"1","65":"1","5F":"1","6G":"1","FX":"1","6F":"1","5G":"1","7C":"1","GX":"1","FW":"1","66":"1","77":"1","8G":"1","7G":"1","5H":"1","76":"1","8F":"1","CX":"1","75":"1","8C":"1"},"MG":{"4F":"1","45":"1","73":"1","57":"1","56":"1","84":"1","4C":"1","3F":"1","47":"1","93":"1","83":"1","3C":"1","82":"1","46":"1","92":"1","95":"1","C2":"1","74":"1","37":"1","94":"1","4G":"1"},"R7":{"Q9":"1","4P":"1","2H":"1","2J":"1","2G":"1","R7":"1","5P":"1","R9":"1","V8":"1","Q8":"1","5M":"1","R8":"1"},"Q7":{"MJ":"1","J9":"1","PH":"1","XG":"1","P9":"1","PC":"1","JC":"1","XJ":"1","P8":"1","MG":"1","WH":"1","WF":"1","XH":"1","XM":"1","MF":"1","QJ":"1","QG":"1","M8":"1","MC":"1","WG":"1","PG":"1","PF":"1","PJ":"1","M9":"1","MH":"1","QH":"1"},"M9":{"F2":"1","22":"1","C2":"1"},"V7":{"J6":"1","M7":"1","J7":"1","M6":"1"},"X7":{"X2":"1","W3":"1","X3":"1","W2":"1","V3":"1","V2":"1"},"JH":{"36":"1","RX":"1","RW":"1","26":"1","35":"1"},"W7":{"4F":"1","GW":"1","FW":"1","FV":"1","2G":"1","PC":"1","4C":"1","3F":"1","RG":"1","GV":"1","3C":"1","QG":"1","PG":"1","PF":"1","QC":"1","3G":"1","2C":"1","QF":"1","GX":"1","2F":"1","HX":"1","4G":"1"},"P7":{"MM":"1","PR":"1","JQ":"1","MJ":"1","QP":"1","PH":"1","JJ":"1","3Q":"1","PM":"1","4R":"1","MG":"1","4Q":"1","2V":"1","MQ":"1","MP":"1","JH":"1","MR":"1","PG":"1","JP":"1","HH":"1","JG":"1","3R":"1","5Q":"1","2W":"1","PJ":"1","5V":"1","PQ":"1","JM":"1","4V":"1","PP":"1","5R":"1","MH":"1","QH":"1"},"PC":{"H5":"1","G4":"1","H4":"1","G3":"1","G5":"1","F5":"1","F4":"1","F3":"1"},"VF":{"XG":"1"},"H8":{"8W":"1"},"X6":{"XF":"1","M4":"1","RC":"1","R8":"1","J2":"1","X9":"1","G9":"1","5V":"1","H3":"1","RF":"1","W8":"1","R7":"1","Q7":"1","5W":"1","X7":"1","WC":"1","W7":"1","P2":"1","VF":"1","X8":"1","W4":"1","R9":"1","6V":"1","J4":"1","W9":"1","6W":"1","WF":"1","P5":"1","XC":"1","G8":"1","J3":"1","VC":"1","M5":"1","W5":"1","P4":"1","V9":"1","H2":"1"},"VJ":{"Q8":"1"},"QC":{"G2":"1","R5":"1","M4":"1","Q4":"1","P6":"1","H3":"1","R3":"1","P3":"1","F2":"1","Q5":"1","G3":"1","M3":"1","C2":"1","Q3":"1","F3":"1","J4":"1","P5":"1","J3":"1","P4":"1","Q6":"1","R4":"1","H2":"1"},"J7":{"6C":"1","J6":"1","H9":"1","P6":"1","C5":"1","F6":"1","G7":"1","5F":"1","G9":"1","GC":"1","5C":"1","C6":"1","C7":"1","7C":"1","M6":"1","F8":"1","H6":"1","3G":"1","HC":"1","C4":"1","F7":"1","H7":"1","H8":"1","J5":"1","J7":"1","C8":"1","69":"1","J8":"1","G8":"1","M5":"1","98":"1","M7":"1"},"Q8":{"4F":"1","4R":"1","4P":"1","3F":"1","4Q":"1","5P":"1","2H":"1","3P":"1","3H":"1","2J":"1","2M":"1","4J":"1","5M":"1","5Q":"1","3J":"1","3G":"1","5R":"1","4M":"1","3M":"1","4G":"1"},"WF":{"2G":"1","59":"1","29":"1","4C":"1","38":"1","28":"1","48":"1","3C":"1","58":"1","49":"1","39":"1","5C":"1"},"VH":{"Q2":"1","P2":"1","Q3":"1","R2":"1"},"J8":{"GF":"1","FC":"1","X5":"1","XG":"1","W6":"1","X6":"1","WH":"1","GC":"1","HC":"1","G9":"1","WC":"1","XH":"1","XX":"1","FF":"1","W5":"1"},"J9":{"88":"1","3R":"1","2R":"1","7C":"1","4Q":"1","59":"1","9C":"1","C9":"1","4C":"1","9G":"1","8C":"1","7G":"1","7F":"1","X2":"1","6H":"1","6F":"1","CC":"1","89":"1","9F":"1","8G":"1","MR":"1","98":"1","7H":"1","5C":"1","3Q":"1","W2":"1","C8":"1","8F":"1","5G":"1","4G":"1","99":"1","6C":"1","79":"1","6G":"1","2Q":"1","5F":"1","78":"1","4F":"1","69":"1","CF":"1","68":"1"},"X5":{"PX":"1"},"JJ":{"R5":"1","W6":"1","M4":"1","W3":"1","Q4":"1","X4":"1","P6":"1","R8":"1","X9":"1","R2":"1","V6":"1","V3":"1","W2":"1","Q9":"1","R3":"1","P3":"1","W8":"1","V5":"1","R7":"1","Q5":"1","Q7":"1","Q2":"1","V7":"1","M3":"1","X3":"1","X7":"1","WC":"1","W7":"1","P7":"1","V2":"1","Q3":"1","X6":"1","X2":"1","X8":"1","W4":"1","R9":"1","W9":"1","Q8":"1","P5":"1","V8":"1","XC":"1","VC":"1","W5":"1","V4":"1","P4":"1","R4":"1","Q6":"1","X5":"1","P8":"1","R6":"1","V9":"1"},"P8":{"G6":"1","H7":"1","H6":"1","G9":"1","F9":"1","H8":"1","F8":"1","G8":"1","G7":"1","F7":"1"},"M7":{"XW":"1","XV":"1","WW":"1","WV":"1"},"JC":{"4G":"1","5H":"1","5G":"1","4H":"1"}},"82":{"6C":{"GW":"1","R7":"1","Q8":"1","Q7":"1"},"CG":{"HW":"1","JW":"1"},"2P":{"HR":"1","JV":"1"},"9J":{"Q2":"1","69":"1"},"P9":{"FR":"1","CW":"1","HV":"1","HP":"1","FX":"1","HR":"1","GV":"1","GX":"1","FW":"1","GW":"1","CV":"1","FV":"1","GR":"1","HQ":"1","HW":"1","GQ":"1","CX":"1","9W":"1","GM":"1","FQ":"1","FP":"1","9X":"1","GP":"1","CR":"1"},"M8":{"6H":"1","6G":"1"},"2F":{"MW":"1","PW":"1","JV":"1","PV":"1","MV":"1"},"XR":{"X6":"1","X7":"1","W7":"1","W6":"1","X5":"1"},"79":{"8P":"1","8M":"1"},"9H":{"MR":"1","PR":"1","QX":"1","PV":"1","MV":"1"},"38":{"GV":"1","2R":"1","FV":"1"},"FH":{"4X":"1","2V":"1","2P":"1","2Q":"1","4J":"1","4P":"1","4M":"1","5J":"1","6R":"1","3M":"1","5V":"1","6P":"1","4Q":"1","2R":"1","4R":"1","3J":"1","4H":"1","5G":"1","5W":"1","6Q":"1","4V":"1","3H":"1","5X":"1","3V":"1","5P":"1","5Q":"1","4G":"1","4W":"1","7Q":"1","3Q":"1","3P":"1","5R":"1","3R":"1","5M":"1"},"28":{"QP":"1","RR":"1","MH":"1","XR":"1","RP":"1","VR":"1","PH":"1","WR":"1","WV":"1","PJ":"1","MJ":"1"},"2H":{"XP":"1","XQ":"1","CJ":"1"},"26":{"MH":"1","CH":"1","CJ":"1","JH":"1","JJ":"1","MJ":"1"},"QR":{"RJ":"1","QJ":"1","QM":"1"},"3H":{"7Q":"1","2Q":"1","2P":"1"},"27":{"RC":"1","R9":"1","QC":"1"},"GR":{"9M":"1","CM":"1","9J":"1"},"CJ":{"85":"1","95":"1"},"99":{"G4":"1","H4":"1","G3":"1","H3":"1"},"29":{"C3":"1","73":"1","74":"1","W2":"1"},"QC":{"G6":"1"},"89":{"FC":"1","G9":"1","GC":"1","FF":"1","GF":"1","79":"1"},"J8":{"M7":"1","89":"1","J9":"1","57":"1","W6":"1","59":"1","77":"1","38":"1","47":"1","48":"1","69":"1","58":"1","68":"1","M8":"1","V5":"1","J8":"1","Q7":"1","88":"1","W5":"1","P7":"1","M9":"1","P6":"1"},"G8":{"GG":"1"},"VC":{"RC":"1"},"P8":{"2Q":"1"},"CH":{"4X":"1","2V":"1","8X":"1","XV":"1","FR":"1","CW":"1","XR":"1","3X":"1","6R":"1","8Q":"1","3W":"1","9V":"1","FM":"1","GV":"1","5W":"1","7W":"1","GW":"1","CM":"1","FV":"1","7X":"1","5X":"1","VJ":"1","4W":"1","9W":"1","7Q":"1","5R":"1","8W":"1","JX":"1","FP":"1","9X":"1","GP":"1"}},"55":{"CG":{"G9":"1","G8":"1"},"J6":{"C6":"1","95":"1","96":"1","C5":"1","C7":"1"},"7F":{"WP":"1","VP":"1","WM":"1"},"8P":{"2X":"1"},"P6":{"8J":"1","9H":"1","9M":"1","9J":"1","8M":"1"},"4P":{"XH":"1","RC":"1","X9":"1","XG":"1","RF":"1","VG":"1","Q7":"1","XJ":"1","X7":"1","WC":"1","VF":"1","WH":"1","X8":"1","R9":"1","QP":"1","WF":"1","WJ":"1","VC":"1","V9":"1"},"5J":{"Q4":"1","Q3":"1"},"PG":{"PG":"1","29":"1","2C":"1","PH":"1"},"C9":{"4G":"1","4F":"1","3G":"1","2G":"1","9Q":"1","4H":"1"},"6G":{"X8":"1","X7":"1"},"4Q":{"X3":"1","V3":"1"},"8Q":{"22":"1"},"MG":{"X9":"1"},"MF":{"WM":"1","XJ":"1","WJ":"1","XM":"1"},"FM":{"4H":"1"},"7C":{"XP":"1"},"QV":{"J4":"1","J5":"1"},"F9":{"38":"1"},"CC":{"F4":"1","G4":"1","F5":"1","F3":"1","92":"1","C6":"1","97":"1","C7":"1","F6":"1","C5":"1","C4":"1"},"5P":{"7X":"1","6X":"1","8X":"1","7W":"1","8W":"1"},"H7":{"M7":"1","H7":"1","H6":"1","59":"1","4C":"1","M6":"1","P5":"1","J7":"1","M5":"1","J6":"1","H5":"1","49":"1","P7":"1","P6":"1","5C":"1","J5":"1"},"5Q":{"C3":"1","62":"1","92":"1","82":"1","93":"1","C2":"1","72":"1"},"7G":{"Q2":"1","28":"1","Q3":"1"},"9P":{"7J":"1","4G":"1","6H":"1","3G":"1","5J":"1","4H":"1","7M":"1"},"5H":{"VR":"1","RV":"1","VV":"1","WV":"1","RX":"1","QW":"1","VW":"1","RR":"1","RW":"1"},"99":{"R2":"1"},"J5":{"MM":"1","JQ":"1","FM":"1","FP":"1","FQ":"1","GM":"1","MP":"1","GJ":"1","MR":"1","FJ":"1","HM":"1","JP":"1","JV":"1","CV":"1","HQ":"1","JR":"1","HP":"1","JM":"1","9R":"1","HX":"1"},"2C":{"HW":"1","QX":"1"},"C8":{"28":"1","2R":"1","27":"1"},"8C":{"2P":"1"},"M5":{"2M":"1","3M":"1","2J":"1","3J":"1"},"98":{"73":"1"},"VP":{"P3":"1"},"JG":{"4J":"1","4M":"1"},"5M":{"HH":"1","GG":"1","GH":"1"}},"46":{"P2":{"2M":"1","3M":"1","3J":"1"},"X2":{"G5":"1"},"FM":{"XH":"1","XF":"1","W6":"1","X9":"1","XG":"1","XM":"1","W8":"1","VG":"1","WM":"1","XJ":"1","X7":"1","WC":"1","WP":"1","W7":"1","XP":"1","X6":"1","WH":"1","X8":"1","VJ":"1","WG":"1","W9":"1","VH":"1","WF":"1","XC":"1","WJ":"1","VC":"1"},"G7":{"3P":"1","2P":"1"},"3H":{"9R":"1","9X":"1","9W":"1","FW":"1","CX":"1","CW":"1","CV":"1"},"FJ":{"XP":"1","XQ":"1"},"GJ":{"3R":"1"},"W4":{"9G":"1"},"GM":{"36":"1","2M":"1","3F":"1","49":"1","2P":"1","4J":"1","3C":"1","2F":"1","65":"1","5F":"1","38":"1","86":"1","39":"1","5C":"1","87":"1","3M":"1","35":"1","28":"1","3J":"1","55":"1","4H":"1","5G":"1","2H":"1","26":"1","58":"1","48":"1","2J":"1","3G":"1","59":"1","2G":"1","3H":"1","27":"1","66":"1","54":"1","4F":"1","77":"1","76":"1","5H":"1","4G":"1","29":"1","45":"1","67":"1","2C":"1","44":"1","37":"1","46":"1","75":"1","69":"1","56":"1","57":"1","68":"1","47":"1","4C":"1"},"GH":{"C8":"1"}},"92":{"H9":{"7M":"1","FQ":"1","6H":"1","7J":"1","FR":"1","GQ":"1","HM":"1","HH":"1","5M":"1","6P":"1","6M":"1","GR":"1","JM":"1","6J":"1"},"2R":{"27":"1"},"XF":{"RW":"1"},"7C":{"XV":"1","XR":"1"},"3X":{"RG":"1","RH":"1"},"HJ":{"W8":"1","V8":"1","W7":"1"},"QF":{"X4":"1"},"JJ":{"27":"1"},"9F":{"8G":"1","8F":"1","8J":"1","7G":"1","9F":"1","CF":"1","7F":"1","CG":"1","9G":"1","9C":"1","8C":"1"}},"27":{"Q2":{"53":"1","54":"1"},"75":{"7H":"1","8H":"1","7G":"1","8G":"1"}},"Q3":{"6C":{"GW":"1","GX":"1","HX":"1"},"3F":{"Q9":"1","P8":"1","P9":"1","Q8":"1","PC":"1"},"7F":{"3V":"1","2W":"1","4W":"1","4R":"1","2V":"1","4V":"1","2X":"1","3X":"1","3W":"1","3R":"1"},"3C":{"89":"1","93":"1","83":"1","82":"1","92":"1","C3":"1","C2":"1","9C":"1","8C":"1","C4":"1","94":"1"},"4P":{"XG":"1","WH":"1","XJ":"1","WJ":"1","XH":"1"},"2F":{"F7":"1","52":"1","C8":"1","97":"1","C7":"1","42":"1"},"5F":{"Q5":"1","F3":"1","Q2":"1","P5":"1","Q4":"1","P3":"1","G2":"1","F2":"1","Q3":"1","G3":"1","P4":"1","P2":"1"},"39":{"MV":"1","8X":"1","9W":"1","9X":"1","MW":"1","JV":"1","JW":"1","JX":"1"},"5C":{"GW":"1","FM":"1","HM":"1","HP":"1","GX":"1","FW":"1","GP":"1","VG":"1","FX":"1","FP":"1","RG":"1","GM":"1","RH":"1","FV":"1"},"4Q":{"XG":"1","J4":"1","XF":"1","XJ":"1","XC":"1","J3":"1","XH":"1","XM":"1","M3":"1"},"28":{"WX":"1"},"4R":{"53":"1"},"3J":{"G6":"1","G5":"1","F5":"1"},"6F":{"XW":"1","H2":"1","G2":"1","XX":"1"},"5G":{"2X":"1","3X":"1"},"2H":{"G6":"1","26":"1","25":"1","27":"1","G3":"1","G7":"1","F6":"1","F7":"1"},"6J":{"W8":"1","R8":"1"},"2J":{"J6":"1","J4":"1","M5":"1","M6":"1","J5":"1"},"3G":{"89":"1","99":"1","MV":"1","PH":"1","WR":"1","4R":"1","4P":"1","VX":"1","4Q":"1","XV":"1","VV":"1","9F":"1","WV":"1","46":"1","MW":"1","PG":"1","XR":"1","PJ":"1","9C":"1","8H":"1","5V":"1","VW":"1","RW":"1","PV":"1","PW":"1","QF":"1","5R":"1","8C":"1","WW":"1"},"2G":{"FV":"1","9V":"1","RQ":"1","GH":"1","VM":"1","7Q":"1","V8":"1","7J":"1","CQ":"1","FF":"1","7V":"1","8V":"1","P7":"1","Q5":"1","HH":"1","8W":"1","CW":"1","8H":"1","7M":"1","VG":"1","9W":"1","7W":"1","8J":"1","8P":"1","7G":"1","R3":"1","8M":"1","CM":"1","CP":"1","5M":"1","CR":"1","6H":"1","9M":"1","QC":"1","FG":"1","Q6":"1","9P":"1","6W":"1","RF":"1","7H":"1","PF":"1","RC":"1","VQ":"1","QF":"1","8X":"1","PC":"1","HJ":"1","7X":"1","RG":"1","GJ":"1","RP":"1","GG":"1","9R":"1","R2":"1","VP":"1","6Q":"1","9Q":"1","CV":"1","6P":"1","VF":"1","GQ":"1","8Q":"1","RM":"1","9X":"1","4P":"1","5P":"1","FH":"1","GF":"1","6R":"1","8R":"1","FW":"1","6X":"1","W6":"1","JH":"1","7P":"1","4M":"1","6V":"1","7R":"1"},"3H":{"9V":"1","FW":"1","FV":"1","FX":"1","24":"1","P9":"1","CW":"1","9W":"1","P8":"1","MP":"1","9X":"1","JP":"1","Q7":"1","CV":"1","P7":"1","CX":"1","Q8":"1"},"27":{"68":"1","7C":"1","6C":"1","69":"1","5C":"1","59":"1","79":"1","78":"1"},"4F":{"J6":"1","P9":"1","M8":"1","PG":"1","5F":"1","PF":"1","5C":"1","QF":"1","VW":"1","RQ":"1","QG":"1","C7":"1","MF":"1","RW":"1","QX":"1","QR":"1","QV":"1","M9":"1","H6":"1","59":"1","VR":"1","PW":"1","PC":"1","RR":"1","F7":"1","H8":"1","VV":"1","J5":"1","QC":"1","RV":"1","MC":"1","J8":"1","QW":"1","QQ":"1","RX":"1","J9":"1","JC":"1"},"5P":{"2H":"1","2G":"1"},"5Q":{"2H":"1","2M":"1","2C":"1","2J":"1","2G":"1","2F":"1"},"4G":{"2V":"1","8P":"1","C5":"1","F6":"1","G7":"1","PQ":"1","7M":"1","C6":"1","2R":"1","8Q":"1","9C":"1","C7":"1","QR":"1","PR":"1","7J":"1","F8":"1","7P":"1","MR":"1","97":"1","F7":"1","99":"1","F5":"1","89":"1","C8":"1","PP":"1","96":"1","7Q":"1","8C":"1","G8":"1","QQ":"1","8M":"1","98":"1","MQ":"1"},"5H":{"22":"1"},"29":{"MJ":"1","JV":"1","W3":"1","MM":"1","HP":"1","PQ":"1","W2":"1","HR":"1","JM":"1","PR":"1","JQ":"1","JR":"1","X3":"1","MR":"1","JH":"1","V2":"1","PJ":"1","HQ":"1","MV":"1","X2":"1","GQ":"1","PP":"1","GM":"1","MP":"1","MH":"1","HM":"1","JP":"1","JJ":"1","GP":"1","MQ":"1","PM":"1"},"2C":{"4X":"1","MJ":"1","QH":"1","MM":"1","RC":"1","3X":"1","92":"1","Q9":"1","QF":"1","RF":"1","3W":"1","RJ":"1","PH":"1","WC":"1","C2":"1","5X":"1","PJ":"1","VF":"1","F7":"1","RM":"1","QC":"1","4W":"1","R9":"1","PP":"1","Q8":"1","MP":"1","VC":"1","QJ":"1","MH":"1","93":"1","QM":"1","V9":"1","PM":"1"}},"G3":{"FX":{"29":"1"}},"C3":{"H6":{"CF":"1","CG":"1","9G":"1","9C":"1","CC":"1","9F":"1"},"G6":{"X4":"1","W5":"1","X5":"1"},"4M":{"MW":"1","MX":"1","PW":"1","QW":"1","QV":"1","MV":"1","PV":"1","PX":"1"},"CG":{"67":"1","58":"1","78":"1"},"9J":{"2X":"1"}},"C2":{"6H":{"4V":"1","5V":"1","3X":"1","3R":"1"},"6J":{"32":"1"},"5H":{"Q9":"1","P8":"1","P9":"1","VR":"1","QC":"1","Q8":"1","PC":"1"},"3H":{"43":"1","72":"1","54":"1","62":"1","65":"1","64":"1","38":"1","47":"1","42":"1","48":"1","82":"1","55":"1","44":"1","53":"1","52":"1","37":"1"},"3G":{"6R":"1","8V":"1","4W":"1","5R":"1","7X":"1","7V":"1","6X":"1","6V":"1","8X":"1","7C":"1","5V":"1","6C":"1","5X":"1","7W":"1","7R":"1","5W":"1","4X":"1","8W":"1","6W":"1"},"GP":{"8Q":"1"}},"44":{"8J":{"32":"1","42":"1"},"9M":{"FM":"1","CM":"1"},"G7":{"X6":"1","X7":"1"},"J4":{"3J":"1"},"H2":{"P2":"1"}},"35":{"64":{"76":"1","87":"1","67":"1","77":"1"},"F2":{"M4":"1","P4":"1","P3":"1","M3":"1"},"5R":{"34":"1"},"7P":{"RJ":"1","7F":"1","7C":"1","RH":"1"},"5P":{"C8":"1","MG":"1"},"4X":{"Q5":"1","P5":"1"},"VW":{"97":"1","96":"1"},"F5":{"44":"1","54":"1"},"F3":{"9W":"1","8X":"1","8W":"1"},"72":{"48":"1","49":"1","59":"1","58":"1"}},"RC":{"Q6":{"78":"1"},"G2":{"FW":"1","GJ":"1","FV":"1"},"R7":{"PC":"1"}},"X2":{"86":{"3V":"1","3Q":"1","2R":"1","2V":"1","3R":"1","2Q":"1","3P":"1","2P":"1"},"73":{"XW":"1","XQ":"1","XV":"1","XR":"1","WR":"1","XX":"1","WW":"1","WV":"1"},"Q6":{"2W":"1","2X":"1","3X":"1"},"XJ":{"C3":"1","F2":"1","C2":"1","F3":"1"},"48":{"XG":"1","WG":"1","WH":"1","WF":"1","XF":"1","XJ":"1","WJ":"1","XH":"1"},"WF":{"GX":"1","HX":"1"},"83":{"3Q":"1","3V":"1","3W":"1","2V":"1","2Q":"1","2X":"1","3R":"1","2W":"1","2R":"1"},"XH":{"J6":"1","M4":"1","Q4":"1","M8":"1","H9":"1","P6":"1","RC":"1","CW":"1","R8":"1","Q9":"1","P3":"1","FX":"1","R7":"1","9V":"1","Q5":"1","Q7":"1","FW":"1","M9":"1","M6":"1","M3":"1","CV":"1","FV":"1","P7":"1","P2":"1","H7":"1","H8":"1","QC":"1","M2":"1","J7":"1","CX":"1","9W":"1","R9":"1","J4":"1","Q8":"1","J8":"1","P5":"1","V8":"1","J3":"1","VC":"1","M5":"1","P4":"1","9X":"1","Q6":"1","J9":"1","P8":"1","R6":"1","V9":"1","M7":"1"},"58":{"2H":"1","2G":"1","2F":"1"},"WG":{"H2":"1","G2":"1"},"76":{"XP":"1","XQ":"1","XR":"1","XV":"1"},"Q7":{"32":"1","23":"1","22":"1","33":"1"},"P7":{"X2":"1","X3":"1"},"P6":{"XW":"1","VX":"1","XX":"1","WX":"1","VW":"1","WW":"1"}},"M2":{"34":{"2W":"1","2V":"1","2X":"1","3W":"1"},"XH":{"XW":"1","XV":"1","XX":"1","WX":"1"},"HF":{"6C":"1","9G":"1","7F":"1","FR":"1","CW":"1","79":"1","5J":"1","9H":"1","5F":"1","6M":"1","5C":"1","8V":"1","6G":"1","6H":"1","9C":"1","6F":"1","CQ":"1","5G":"1","9V":"1","7C":"1","7J":"1","6J":"1","FW":"1","8J":"1","59":"1","CV":"1","FV":"1","9R":"1","4F":"1","8H":"1","8G":"1","9P":"1","7G":"1","99":"1","4G":"1","7H":"1","8F":"1","9W":"1","9Q":"1","89":"1","9F":"1","69":"1","8C":"1","FQ":"1","8W":"1","FP":"1","9X":"1","CP":"1","88":"1","CR":"1"},"XW":{"4F":"1","4H":"1","2G":"1","3F":"1","2H":"1","3P":"1","3H":"1","2P":"1","2J":"1","2M":"1","5H":"1","4J":"1","3J":"1","3G":"1","2F":"1","4M":"1","3M":"1","5G":"1","4G":"1"},"38":{"92":"1","82":"1"},"65":{"QJ":"1","PH":"1","QH":"1","PJ":"1"},"JF":{"94":"1","39":"1","85":"1","C4":"1","C6":"1","95":"1","96":"1","C5":"1"},"GC":{"RH":"1","MJ":"1","MM":"1","RC":"1","RG":"1","RF":"1","VG":"1","WC":"1","PJ":"1","VF":"1","W9":"1","PP":"1","WF":"1","VH":"1","MP":"1","VC":"1","QJ":"1","QM":"1","PM":"1"},"XM":{"HW":"1","MW":"1","JX":"1","MX":"1","HX":"1","JW":"1","JV":"1"},"RF":{"XV":"1"},"35":{"98":"1","22":"1","86":"1","63":"1","54":"1","77":"1","65":"1","64":"1","75":"1","66":"1","55":"1","76":"1","88":"1","53":"1","87":"1","97":"1","78":"1","67":"1"},"MG":{"RH":"1","VQ":"1","RQ":"1","RJ":"1","WM":"1","WP":"1","RP":"1","RM":"1","WH":"1","VJ":"1","QP":"1","VH":"1","WJ":"1","QQ":"1","WQ":"1","QM":"1","VM":"1","VP":"1"},"RJ":{"X5":"1"},"C7":{"XP":"1","WP":"1","XQ":"1","XR":"1","WQ":"1","WR":"1"},"26":{"CG":"1","3C":"1","2F":"1","38":"1","39":"1","GC":"1","PQ":"1","CF":"1","GF":"1","28":"1","QR":"1","PR":"1","FC":"1","FG":"1","27":"1","GG":"1","29":"1","2C":"1","37":"1","FF":"1","QP":"1","PP":"1","MP":"1","QQ":"1","MQ":"1"},"24":{"XW":"1","XX":"1","WX":"1"},"WW":{"WP":"1","VC":"1","XG":"1","XJ":"1","4P":"1","WM":"1","WH":"1","5P":"1","4Q":"1","XP":"1","WJ":"1","6Q":"1","WF":"1","WC":"1","XH":"1","XM":"1","VF":"1","VH":"1","3P":"1","XF":"1","WG":"1","4J":"1","5M":"1","6P":"1","5Q":"1","VG":"1","3J":"1","4M":"1","3M":"1"},"FC":{"6R":"1","8V":"1","7V":"1","6V":"1","7W":"1","7R":"1","8W":"1","8R":"1"},"WM":{"57":"1","45":"1","46":"1","JR":"1","JV":"1","56":"1","MV":"1","55":"1"},"XJ":{"X2":"1","X3":"1","W2":"1","53":"1","44":"1","54":"1","X4":"1","43":"1","55":"1"},"59":{"VC":"1","RF":"1","PH":"1","W9":"1","MG":"1","RG":"1","WC":"1","VF":"1","V9":"1","MF":"1","QG":"1","PG":"1","RC":"1","PF":"1","QF":"1","MH":"1"},"JH":{"62":"1","53":"1","44":"1","52":"1","54":"1","43":"1"},"HC":{"4P":"1","5P":"1","4M":"1","5M":"1"},"66":{"9H":"1","8F":"1","8H":"1","9G":"1","9C":"1","8G":"1","CC":"1","9F":"1"},"25":{"X5":"1","W2":"1","W4":"1","X4":"1","W3":"1","V3":"1","R4":"1","V5":"1","V4":"1","X2":"1","W5":"1","X3":"1"},"PC":{"HH":"1","2M":"1","3F":"1","CG":"1","HF":"1","2F":"1","PG":"1","HG":"1","JF":"1","PF":"1","3M":"1","GF":"1","FH":"1","3J":"1","MG":"1","MF":"1","2H":"1","PH":"1","GH":"1","2J":"1","FG":"1","2G":"1","JH":"1","3H":"1","HC":"1","PC":"1","GG":"1","FF":"1","MC":"1","MH":"1","CH":"1","JG":"1","JC":"1"},"VF":{"9V":"1","8X":"1","CW":"1","9W":"1","7W":"1","9X":"1","CR":"1","8R":"1","CV":"1","8V":"1","8W":"1","9R":"1"},"F7":{"7R":"1","3Q":"1","3V":"1","2V":"1","6Q":"1","2P":"1","2Q":"1","7Q":"1","8R":"1","7V":"1","3R":"1","2R":"1","6R":"1","6V":"1"},"H8":{"R5":"1","R4":"1","V5":"1"},"VJ":{"36":"1","26":"1","25":"1","35":"1"},"37":{"9X":"1","8V":"1","9W":"1","7V":"1","8X":"1","7W":"1","8W":"1"},"FF":{"9J":"1","Q4":"1","8P":"1","9M":"1","7M":"1","C7":"1","CQ":"1","Q5":"1","FM":"1","7J":"1","8J":"1","7P":"1","97":"1","CM":"1","9P":"1","7H":"1","P5":"1","FQ":"1","FP":"1","Q6":"1","CP":"1","8M":"1","98":"1"},"MC":{"XJ":"1","XM":"1"},"57":{"VC":"1","Q6":"1","R6":"1","W8":"1","R7":"1","RC":"1","R9":"1","V8":"1","P6":"1","V9":"1","P7":"1","R8":"1","Q7":"1"},"MH":{"J6":"1","H5":"1","J4":"1","H6":"1","H4":"1","J3":"1","H3":"1","J5":"1","H7":"1"},"QM":{"4J":"1","5J":"1"},"CH":{"JM":"1","PM":"1","JJ":"1","PP":"1","QR":"1","PQ":"1","HP":"1","MH":"1","JP":"1","HQ":"1","GW":"1","HV":"1","PJ":"1","MJ":"1","MV":"1","GP":"1","MR":"1","HR":"1","HW":"1","HM":"1","MQ":"1","RP":"1","PR":"1","QM":"1","JQ":"1","GQ":"1","RM":"1","MP":"1","GV":"1","GR":"1","JR":"1","QP":"1","QJ":"1","RJ":"1","QQ":"1","QV":"1","JH":"1","JV":"1","MM":"1","PV":"1","JW":"1"},"JG":{"7R":"1","9V":"1","7X":"1","5X":"1","7W":"1","8R":"1","7V":"1","6W":"1","8V":"1","8W":"1","6X":"1"}},"53":{"XH":{"4R":"1"},"R5":{"WW":"1"},"95":{"Q6":"1","X9":"1","J6":"1","89":"1","HM":"1","XC":"1","P6":"1","99":"1","88":"1","P7":"1","Q7":"1","98":"1"},"C5":{"5F":"1","29":"1","8P":"1","6G":"1","6H":"1","6F":"1","2C":"1","5G":"1"},"3C":{"3C":"1","45":"1"},"FR":{"3V":"1","4W":"1","4V":"1","3W":"1"},"XW":{"XF":"1"},"2F":{"QH":"1","RG":"1","RF":"1","VH":"1","RH":"1"},"XG":{"7J":"1","8J":"1","7H":"1","8H":"1","7G":"1","8G":"1"},"P3":{"W3":"1","V3":"1","V2":"1"},"55":{"4P":"1","6Q":"1","2M":"1","5Q":"1","3M":"1","3Q":"1","4Q":"1","5P":"1","4M":"1","5M":"1","2Q":"1","3P":"1","2P":"1","6P":"1"},"Q2":{"Q4":"1","Q5":"1","FW":"1","3X":"1"},"XJ":{"76":"1","29":"1","66":"1","2C":"1","2G":"1","3F":"1","67":"1","2F":"1","77":"1"},"WC":{"HJ":"1","JJ":"1"},"C2":{"FF":"1"},"V2":{"HM":"1","9C":"1","GM":"1"},"Q3":{"43":"1","22":"1","77":"1","56":"1","MG":"1","25":"1","42":"1","75":"1","MF":"1","68":"1","46":"1","33":"1","C8":"1","35":"1","76":"1","PF":"1","32":"1","78":"1","C7":"1","67":"1"},"WH":{"VQ":"1","WQ":"1"},"J5":{"RR":"1","RV":"1"},"45":{"XP":"1","WP":"1","WM":"1","XQ":"1","XM":"1"},"X8":{"5F":"1","5G":"1"},"W4":{"VC":"1","W9":"1","RX":"1","RW":"1","VV":"1","VX":"1","VR":"1","WC":"1","RV":"1","V9":"1","WW":"1","VW":"1"},"R9":{"HW":"1"},"W9":{"X9":"1","W9":"1","XC":"1"},"WJ":{"X9":"1","H7":"1","XC":"1","H6":"1","W9":"1","R9":"1","WC":"1","XH":"1","J7":"1","R7":"1","XF":"1","R8":"1","Q7":"1","P7":"1","M3":"1","P6":"1","Q8":"1"},"W5":{"Q6":"1","R6":"1","R7":"1","R3":"1","W4":"1","R2":"1"},"V4":{"H3":"1"},"RX":{"W9":"1","WC":"1"},"X5":{"FC":"1","7F":"1","85":"1","26":"1","38":"1","6F":"1","FF":"1","CF":"1","95":"1","7G":"1","47":"1","96":"1","6G":"1","86":"1"},"CR":{"XP":"1"},"R6":{"W2":"1","QV":"1","R3":"1","V2":"1"},"4C":{"VR":"1"}},"32":{"V2":{"VF":"1","RF":"1"}},"P7":{"V7":{"4W":"1","3W":"1"}},"34":{"GF":{"PH":"1"},"H9":{"4H":"1"},"72":{"RQ":"1","QQ":"1","QP":"1","RP":"1"},"P9":{"2H":"1","57":"1","28":"1","5F":"1","3H":"1","38":"1","3G":"1","2G":"1","5C":"1","4C":"1","67":"1","47":"1","8G":"1"},"JC":{"RQ":"1","XP":"1","WP":"1","WM":"1","RR":"1","WQ":"1","VR":"1"},"CM":{"C6":"1","F6":"1","C5":"1","F5":"1"},"P8":{"4H":"1"},"4C":{"28":"1","29":"1","37":"1","38":"1","48":"1","27":"1","47":"1"},"3F":{"6J":"1","6M":"1","5M":"1","5J":"1"},"7M":{"2G":"1","5G":"1"},"2V":{"QP":"1","VP":"1","RP":"1","RM":"1","QM":"1"},"3C":{"X9":"1","X8":"1","X7":"1"},"F8":{"J2":"1"},"2M":{"27":"1"},"J8":{"MM":"1","HJ":"1","MJ":"1","PH":"1","JJ":"1","MG":"1","JH":"1","HH":"1","JG":"1","PJ":"1","JM":"1","MH":"1"},"CG":{"4G":"1","4H":"1"},"4J":{"MW":"1","JX":"1","MX":"1","JW":"1"},"6W":{"CH":"1","FJ":"1","CJ":"1"},"HQ":{"X2":"1","94":"1","W2":"1","F2":"1","85":"1","84":"1","G4":"1","G2":"1","J8":"1","H4":"1","G3":"1","J3":"1","93":"1","95":"1","M3":"1"},"M9":{"94":"1","X8":"1","W8":"1","V8":"1"},"HP":{"RJ":"1","QJ":"1","GX":"1","C8":"1","QH":"1","WX":"1","RH":"1"},"HF":{"PW":"1"},"3M":{"H5":"1","G6":"1","G4":"1","G5":"1"},"CH":{"JW":"1","JV":"1"},"4G":{"9R":"1","8Q":"1","9Q":"1","8R":"1"}},"23":{"MX":{"7Q":"1"},"PW":{"RR":"1","RX":"1","VR":"1","WR":"1","QX":"1"},"V2":{"45":"1","44":"1","35":"1","34":"1"},"PX":{"Q2":"1","R2":"1"}},"X3":{"FV":{"CX":"1","FW":"1","FX":"1","CW":"1"},"WR":{"26":"1"},"VR":{"W8":"1","VC":"1","X5":"1","W7":"1","W6":"1","W9":"1","V6":"1","X6":"1","R9":"1","WC":"1","V9":"1","RC":"1","V7":"1","W5":"1","V8":"1"},"WH":{"VX":"1","WX":"1"},"WJ":{"4V":"1","82":"1","4H":"1","7Q":"1","7J":"1","88":"1","3R":"1","7C":"1","8H":"1","4Q":"1","5H":"1","9C":"1","7M":"1","9G":"1","8C":"1","77":"1","7G":"1","76":"1","7F":"1","5M":"1","75":"1","5R":"1","6H":"1","6F":"1","87":"1","89":"1","9F":"1","86":"1","3M":"1","W3":"1","8G":"1","98":"1","7H":"1","73":"1","9H":"1","V2":"1","4R":"1","65":"1","84":"1","3P":"1","6M":"1","64":"1","72":"1","3Q":"1","5V":"1","6Q":"1","W2":"1","63":"1","6P":"1","8F":"1","74":"1","97":"1","9J":"1","4P":"1","5P":"1","5G":"1","99":"1","79":"1","6G":"1","6R":"1","4J":"1","5F":"1","78":"1","5J":"1","62":"1","5Q":"1","7P":"1","V3":"1","6J":"1","83":"1","4M":"1","85":"1"},"RJ":{"X2":"1"},"RH":{"C5":"1","46":"1","93":"1","48":"1","44":"1","F4":"1","C7":"1","G5":"1","88":"1","35":"1","F3":"1","C3":"1","7C":"1","34":"1","37":"1","24":"1","59":"1","9C":"1","C9":"1","57":"1","94":"1","9G":"1","8C":"1","96":"1","95":"1","26":"1","77":"1","25":"1","36":"1","7F":"1","76":"1","75":"1","67":"1","CC":"1","89":"1","9F":"1","86":"1","27":"1","C6":"1","98":"1","73":"1","5C":"1","55":"1","65":"1","84":"1","64":"1","G3":"1","72":"1","56":"1","C8":"1","47":"1","63":"1","8F":"1","XX":"1","66":"1","74":"1","97":"1","45":"1","G4":"1","C4":"1","99":"1","6C":"1","79":"1","F5":"1","78":"1","58":"1","62":"1","23":"1","83":"1","69":"1","CF":"1","85":"1","68":"1"},"VF":{"RF":"1","7X":"1","PH":"1","8X":"1","RG":"1","RJ":"1","RH":"1","VH":"1","QG":"1","9X":"1","PG":"1","PF":"1","VG":"1","QF":"1","QH":"1"},"VH":{"97":"1","2X":"1","96":"1"},"VJ":{"22":"1"},"WG":{"F7":"1","C6":"1","C8":"1","F6":"1","F8":"1","C7":"1"},"QW":{"GW":"1","GX":"1","CX":"1","FW":"1","HX":"1","FX":"1"},"QX":{"H3":"1","G4":"1","F3":"1","G2":"1","F2":"1","C2":"1","G3":"1","H2":"1"},"VG":{"83":"1","73":"1","92":"1","82":"1","93":"1","72":"1"},"QH":{"X6":"1","X4":"1","X5":"1"}},"M3":{"WG":{"2M":"1","2V":"1","2P":"1","2Q":"1","4P":"1","3X":"1","3M":"1","4Q":"1","2R":"1","3J":"1","3W":"1","2J":"1","2W":"1","3V":"1","3Q":"1","3P":"1","3R":"1","2X":"1"},"X2":{"62":"1","52":"1"},"WH":{"22":"1"},"VG":{"XV":"1","WR":"1","VQ":"1","XW":"1","XR":"1","WX":"1","XM":"1","VW":"1","RQ":"1","WV":"1","RW":"1","WW":"1","WM":"1","VR":"1","XQ":"1","WP":"1","XP":"1","RR":"1","VX":"1","RP":"1","VV":"1","RM":"1","RV":"1","QP":"1","QQ":"1","WQ":"1","QM":"1","VM":"1","VP":"1","XX":"1"},"VF":{"4P":"1","6Q":"1","5Q":"1","5P":"1","4M":"1","5M":"1","3P":"1"},"XH":{"X9":"1","W8":"1","WP":"1","XC":"1","XQ":"1","W7":"1","W6":"1","W9":"1","V6":"1","X7":"1","X6":"1","WQ":"1","VR":"1","XP":"1","WC":"1","XF":"1","V7":"1","RQ":"1","X8":"1","RR":"1","VQ":"1"},"VH":{"X2":"1","W3":"1","W2":"1","V2":"1"}},"52":{"XP":{"6C":"1","69":"1","5C":"1","59":"1"},"WP":{"X9":"1","XC":"1","QH":"1"},"6H":{"MQ":"1","JQ":"1"},"GX":{"24":"1"},"PW":{"XR":"1"},"QW":{"4P":"1","3V":"1","4Q":"1","4V":"1"},"WW":{"MH":"1","PH":"1"},"VW":{"JF":"1","M7":"1","J7":"1","JC":"1","M9":"1","P7":"1"}},"37":{"Q2":{"M8":"1","M9":"1"},"62":{"8F":"1","X5":"1","72":"1","57":"1","62":"1","R2":"1","HG":"1","X4":"1","Q2":"1","W3":"1","P3":"1","V3":"1","R3":"1","Q3":"1","W5":"1","X3":"1","HF":"1","P2":"1","67":"1"},"MC":{"6R":"1","4R":"1","5R":"1","6V":"1","5V":"1"},"HF":{"C6":"1"},"FG":{"R5":"1","Q4":"1","Q5":"1","R4":"1"},"XC":{"VV":"1","XV":"1","VR":"1","WR":"1","WW":"1","WV":"1"},"JC":{"6Q":"1","7M":"1","6P":"1"},"4J":{"XQ":"1","XV":"1","XR":"1"},"5J":{"3V":"1","3Q":"1","2R":"1","2V":"1","3R":"1","2Q":"1","2P":"1"},"2P":{"HM":"1","HP":"1","HG":"1","GP":"1","JM":"1","HJ":"1","GM":"1"},"72":{"23":"1","24":"1"},"42":{"57":"1","46":"1","56":"1"}},"V2":{"RQ":{"5W":"1","3Q":"1","3V":"1","5X":"1","4R":"1","4P":"1","5P":"1","4Q":"1","4W":"1","3P":"1","2P":"1","2Q":"1","5M":"1","6W":"1","3R":"1","5Q":"1","2R":"1","5V":"1","4V":"1","5R":"1","4M":"1","3M":"1","6V":"1","6X":"1"},"WP":{"J2":"1","H5":"1","J4":"1","H2":"1","G4":"1","G2":"1","H4":"1","M2":"1","G3":"1","J3":"1","H3":"1","M5":"1","G5":"1","F5":"1","F4":"1","J5":"1"},"WM":{"FV":"1","9V":"1","CQ":"1","8V":"1","CJ":"1","8W":"1","CW":"1","GW":"1","HV":"1","9W":"1","8J":"1","FP":"1","G2":"1","8M":"1","CM":"1","CP":"1","FR":"1","CR":"1","9M":"1","92":"1","MX":"1","9P":"1","HX":"1","9H":"1","HW":"1","9R":"1","C2":"1","9Q":"1","GX":"1","CV":"1","GQ":"1","FQ":"1","9J":"1","H2":"1","GV":"1","GR":"1","FW":"1","FM":"1","F2":"1","JW":"1","JX":"1"},"QJ":{"F7":"1","CJ":"1","46":"1"},"XJ":{"RM":"1","QP":"1","PH":"1","MG":"1","RP":"1","JH":"1","QG":"1","QM":"1","PG":"1","MH":"1","VM":"1","QH":"1"},"WQ":{"V7":"1","R7":"1","V8":"1","Q8":"1","R8":"1","Q7":"1"},"WJ":{"9X":"1","9W":"1","GX":"1","FW":"1","CX":"1","HX":"1","FX":"1","CW":"1"},"XH":{"C3":"1","F2":"1","C4":"1","C2":"1","F4":"1","F3":"1"},"WX":{"M4":"1","Q6":"1","J3":"1","J4":"1","Q5":"1","P5":"1","Q4":"1","P3":"1","M5":"1","J2":"1","P4":"1","R6":"1","M2":"1","R5":"1","M3":"1","P6":"1"},"WW":{"MC":"1","M8":"1","P9":"1","MF":"1","JC":"1","M9":"1","J9":"1","PC":"1"},"RM":{"PF":"1","PC":"1"}},"36":{"2H":{"CX":"1"},"H9":{"7X":"1","6X":"1"},"32":{"23":"1","33":"1"},"29":{"XP":"1"},"89":{"2H":"1"},"6R":{"8H":"1"},"39":{"3Q":"1","2Q":"1","3P":"1","2P":"1"},"8P":{"44":"1","34":"1","33":"1"},"3H":{"38":"1"},"6X":{"WP":"1","7X":"1","HW":"1","VX":"1","PX":"1","RX":"1","QW":"1","QX":"1","JW":"1","RW":"1","PW":"1","HX":"1","JX":"1","6X":"1"},"XR":{"M8":"1","J8":"1","M9":"1","J9":"1"},"2J":{"64":"1","36":"1","45":"1","53":"1","84":"1","54":"1","J3":"1","46":"1","56":"1","55":"1","C2":"1","63":"1"},"FF":{"FC":"1","G9":"1","GC":"1","F9":"1"},"6V":{"25":"1"},"2X":{"R5":"1"},"7C":{"6M":"1","7M":"1","6P":"1"},"22":{"P2":"1","X3":"1","X4":"1","P3":"1"},"QV":{"CQ":"1","HJ":"1","CM":"1","CP":"1","GJ":"1","HM":"1","MC":"1","M9":"1"},"HC":{"62":"1","72":"1"},"5X":{"6R":"1","JX":"1","5R":"1","HX":"1","JW":"1","FX":"1"},"7M":{"XP":"1"},"8M":{"2P":"1"},"79":{"XG":"1","XH":"1"},"72":{"85":"1","95":"1"}},"P2":{"4F":{"7Q":"1","7R":"1"},"JQ":{"FM":"1","FJ":"1","CJ":"1","GJ":"1"},"4H":{"RQ":"1","QQ":"1","QP":"1","MX":"1","PX":"1"},"5J":{"H4":"1","G4":"1","G2":"1","J6":"1","M4":"1","F6":"1","G7":"1","JW":"1","J2":"1","HX":"1","H3":"1","RW":"1","QV":"1","M6":"1","F4":"1","G3":"1","H6":"1","M3":"1","PW":"1","G5":"1","F7":"1","H7":"1","G6":"1","J5":"1","HW":"1","J7":"1","RV":"1","F5":"1","J4":"1","J3":"1","H5":"1","QW":"1","JX":"1","M5":"1","M7":"1","H2":"1","PV":"1"},"4P":{"WG":"1","WH":"1","WM":"1","VJ":"1","XJ":"1","VG":"1","WJ":"1","XH":"1","XM":"1","VM":"1","VH":"1"},"VX":{"7R":"1","7P":"1","7M":"1","5P":"1","6Q":"1","7Q":"1","6P":"1","5Q":"1","6M":"1","5R":"1","6R":"1"},"5P":{"FQ":"1","FM":"1","CM":"1","GP":"1","FP":"1","CP":"1"},"2H":{"2W":"1","2V":"1","2X":"1","3W":"1"},"MR":{"3V":"1","2R":"1","2V":"1","3R":"1"},"6H":{"8J":"1","HM":"1","9M":"1","HH":"1","GG":"1","HJ":"1","GJ":"1","FH":"1","GM":"1","GH":"1","8M":"1","9J":"1"},"3P":{"98":"1","X5":"1","W7":"1","H6":"1","W6":"1","V6":"1","X6":"1","C8":"1","V7":"1","88":"1","W5":"1","87":"1","97":"1","C7":"1"},"3H":{"M4":"1","72":"1","86":"1","H6":"1","84":"1","J4":"1","M6":"1","75":"1","83":"1","M5":"1","J6":"1","82":"1","H5":"1","92":"1","95":"1","96":"1","76":"1","85":"1","J5":"1","H4":"1","94":"1"},"GQ":{"PR":"1","MV":"1","QP":"1","PM":"1","VR":"1","MQ":"1","MP":"1","RV":"1","MR":"1","QV":"1","QR":"1","RQ":"1","QQ":"1","RR":"1","PQ":"1","PV":"1","PP":"1","VQ":"1"},"2J":{"23":"1","22":"1","24":"1"},"2M":{"XP":"1","WP":"1","VP":"1","WM":"1","VQ":"1","XQ":"1","WQ":"1","XM":"1"},"5H":{"MV":"1","HW":"1","JV":"1","JW":"1","HV":"1","GX":"1","HX":"1","JX":"1"},"4J":{"FX":"1","Q5":"1","P5":"1","Q4":"1","P3":"1","P4":"1","M2":"1","CX":"1","M3":"1","P6":"1","P2":"1"},"5M":{"H6":"1","4H":"1","3Q":"1","J6":"1","J2":"1","H5":"1","2Q":"1","2J":"1","2M":"1","4J":"1","2R":"1","J5":"1","H2":"1"},"6P":{"5C":"1","49":"1","4C":"1","59":"1"},"RX":{"53":"1","44":"1","54":"1","43":"1"},"QW":{"FV":"1","5X":"1","FQ":"1","GV":"1","HR":"1","CR":"1","FR":"1","GQ":"1","CV":"1","HQ":"1","HV":"1","GR":"1"},"QX":{"VW":"1","RR":"1","RQ":"1","WV":"1","XJ":"1","WH":"1","QR":"1","V8":"1","XQ":"1","PQ":"1","42":"1","54":"1","XR":"1","R7":"1","VX":"1","MV":"1","MX":"1","RV":"1","VV":"1","MR":"1","VQ":"1","73":"1","WM":"1","PW":"1","QW":"1","XH":"1","XM":"1","43":"1","MW":"1","WX":"1","WJ":"1","64":"1","RP":"1","PR":"1","63":"1","WW":"1","WQ":"1","R8":"1","74":"1","RW":"1","PX":"1","QP":"1","53":"1","QQ":"1","WR":"1","QV":"1","XW":"1","V7":"1","PV":"1","62":"1","VR":"1","52":"1","RX":"1","QX":"1"},"JR":{"XW":"1","XV":"1","XR":"1"},"GR":{"V7":"1","W7":"1","W6":"1","V6":"1"},"3G":{"9X":"1","8X":"1"},"4M":{"8G":"1","8F":"1","WP":"1","VC":"1","FG":"1","FC":"1","XQ":"1","RF":"1","4H":"1","XJ":"1","WQ":"1","XP":"1","WC":"1","XM":"1","VF":"1","9F":"1","V9":"1","CJ":"1","CF":"1","FJ":"1","9H":"1","F2":"1","C2":"1","FH":"1","RC":"1","FF":"1","CC":"1","CG":"1","XR":"1","9G":"1","9C":"1","V8":"1","8C":"1","CH":"1"},"3M":{"8Q":"1","9Q":"1","2Q":"1","2P":"1"}},"C4":{"F5":{"Q4":"1"}}}}