{"index":{"university,1|retail,2|tourism,3|wreck,4|historical,5|artsCulture,6|namedBuilding,7|water,8|wetland,9|park,10|beach,11|natureReserve,12|cemetery,13|trail,14":{}},"84":{"VW":{"R5":{"H9":"1","HC":"1"},"62":{"35":"1","34":"1"}},"9V":{"8X":{"F4":"1","84":"1","F5":"1","F3":"1","93":"1","83":"1","92":"1","F2":"1","95":"1","C2":"1","C3":"1","85":"1","C5":"1","C4":"1","94":"1"},"RH":{"2M":"1","5Q":"1","3M":"1","4Q":"1","3J":"1","49":"1"},"XF":{"HJ":"1","JQ":"1","22":"1","JJ":"1","42":"1","HR":"1","HM":"1","JP":"1","32":"1","HQ":"1","JR":"1","23":"1","HP":"1","JM":"1"},"QH":{"G2":"1","8X":"1","MJ":"1","JV":"1","4J":"1","HP":"1","JW":"1","J2":"1","H3":"1","CF":"1","P3":"1","3J":"1","JM":"1","4H":"1","RW":"1","FM":"1","WW":"1","G3":"1","3H":"1","P2":"1","MV":"1","F3":"1","X8":"1","M2":"1","RV":"1","MH":"1","9X":"1","XX":"1","MW":"1","H2":"1","PV":"1"},"JV":{"WR":"1","WQ":"1","VR":"1","RV":"1","VV":"1","WV":"1","QV":"1","QR":"1","RQ":"1","RX":"1","QW":"1","QX":"1","VW":"1","RR":"1","RW":"1","VQ":"1"},"VQ":{"G8":"1","C5":"1","HG":"1","GH":"1","82":"1","93":"1","G7":"1","CG":"1","F4":"1","H5":"1","C7":"1","FF":"1","F7":"1","J6":"1","G5":"1","J9":"1","F3":"1","C3":"1","CH":"1","F8":"1","CJ":"1","G6":"1","HH":"1","8H":"1","9C":"1","C9":"1","94":"1","G9":"1","9G":"1","FC":"1","96":"1","H7":"1","95":"1","G2":"1","HC":"1","JG":"1","F6":"1","M7":"1","CC":"1","J3":"1","9M":"1","9F":"1","92":"1","FG":"1","HF":"1","8G":"1","F9":"1","C6":"1","98":"1","H3":"1","73":"1","M3":"1","9H":"1","84":"1","J2":"1","G3":"1","72":"1","GG":"1","H8":"1","J5":"1","C8":"1","C2":"1","8F":"1","74":"1","GC":"1","97":"1","9J":"1","H2":"1","J8":"1","H6":"1","H4":"1","G4":"1","FH":"1","M5":"1","99":"1","C4":"1","GF":"1","J7":"1","F5":"1","JF":"1","JC":"1","M6":"1","H9":"1","62":"1","M4":"1","F2":"1","83":"1","CF":"1","J4":"1"},"FR":{"43":"1","45":"1","54":"1","5J":"1","55":"1","33":"1","44":"1","35":"1","4J":"1","5H":"1","5M":"1","53":"1","6M":"1","34":"1","4M":"1","6J":"1","5G":"1"},"XW":{"9G":"1","CG":"1","9J":"1","9M":"1","9H":"1","6G":"1","6H":"1","5W":"1","8J":"1","4V":"1","CM":"1","8H":"1","8G":"1","7G":"1","CJ":"1","7H":"1","4W":"1","8M":"1","CH":"1"},"CW":{"6Q":"1","6R":"1","5Q":"1","5R":"1"},"PG":{"GF":"1","GW":"1","99":"1","FC":"1","H9":"1","FW":"1","FV":"1","FX":"1","GC":"1","HC":"1","G9":"1","GV":"1","F9":"1","H8":"1","CF":"1","C9":"1","F8":"1","G8":"1","C8":"1","FF":"1","CC":"1","9C":"1","GX":"1","HX":"1"},"PQ":{"RF":"1"},"XM":{"98":"1","86":"1","84":"1","C6":"1","95":"1","96":"1","88":"1","87":"1","97":"1","C7":"1","85":"1","F6":"1","F7":"1","C5":"1","94":"1"},"MX":{"22":"1"},"QG":{"7R":"1","GW":"1","FW":"1","FX":"1","HW":"1","6Q":"1","GV":"1","7Q":"1","7V":"1","JW":"1","HV":"1","GX":"1","6R":"1","JX":"1","HX":"1","6V":"1"},"PH":{"X8":"1","F2":"1","H2":"1","G2":"1","G3":"1","F3":"1"},"9V":{"5F":"1","59":"1","7H":"1","7G":"1","7C":"1","69":"1","6G":"1","6H":"1","68":"1","7F":"1","6F":"1","79":"1","5H":"1","78":"1","5C":"1","6C":"1","5G":"1","67":"1"},"QR":{"J6":"1","M8":"1","H9":"1","G7":"1","JF":"1","6R":"1","5V":"1","RQ":"1","RJ":"1","MF":"1","M9":"1","M6":"1","H6":"1","HC":"1","PJ":"1","H7":"1","G6":"1","H8":"1","RP":"1","RM":"1","J7":"1","QP":"1","6V":"1","PP":"1","MC":"1","J8":"1","5R":"1","G8":"1","QQ":"1","QJ":"1","J9":"1","QM":"1","M7":"1","PM":"1","JC":"1"},"GX":{"9V":"1","8X":"1","9W":"1","9X":"1","8R":"1","8V":"1","8W":"1","9R":"1"},"WM":{"98":"1","89":"1","99":"1","86":"1","77":"1","5P":"1","68":"1","96":"1","76":"1","79":"1","88":"1","87":"1","5Q":"1","9C":"1","97":"1","78":"1","8C":"1","67":"1"},"CV":{"HR":"1","JR":"1"},"7X":{"7R":"1","9V":"1","7P":"1","8P":"1","5P":"1","6Q":"1","8Q":"1","7Q":"1","8R":"1","7V":"1","6P":"1","5Q":"1","8V":"1","5R":"1","6R":"1","6V":"1"},"2W":{"4V":"1","4H":"1","CG":"1","2G":"1","3G":"1","7J":"1","C7":"1","FF":"1","3X":"1","F7":"1","5W":"1","3J":"1","3R":"1","3H":"1","2M":"1","2R":"1","7C":"1","F8":"1","CH":"1","CJ":"1","8H":"1","4Q":"1","5H":"1","9C":"1","C9":"1","7M":"1","4X":"1","9G":"1","FC":"1","8C":"1","8J":"1","7G":"1","7F":"1","5M":"1","5R":"1","6H":"1","6F":"1","CC":"1","89":"1","9F":"1","FG":"1","3M":"1","8G":"1","F9":"1","2F":"1","2V":"1","98":"1","7H":"1","9H":"1","4R":"1","3P":"1","6M":"1","2H":"1","3Q":"1","5V":"1","3V":"1","6Q":"1","C8":"1","6P":"1","8F":"1","9J":"1","4P":"1","5P":"1","3W":"1","4W":"1","FH":"1","3F":"1","99":"1","2W":"1","6C":"1","79":"1","6G":"1","4J":"1","2Q":"1","2P":"1","5J":"1","5Q":"1","2X":"1","6J":"1","FJ":"1","69":"1","4M":"1","CF":"1","2J":"1"},"9R":{"J6":"1","M7":"1","J7":"1","M6":"1"},"PJ":{"Q4":"1","P4":"1","R7":"1","R8":"1"},"RR":{"28":"1","36":"1","37":"1","26":"1","38":"1","35":"1","27":"1"},"VF":{"PR":"1","MV":"1","PX":"1","MQ":"1","MR":"1","MW":"1","QV":"1","QR":"1","RQ":"1","QQ":"1","QW":"1","RR":"1","PQ":"1","PV":"1","PW":"1"},"RP":{"R6":"1","X3":"1","CM":"1","3J":"1","9J":"1"},"MV":{"CF":"1","9C":"1","CC":"1","9F":"1"},"RV":{"WR":"1","VQ":"1","PQ":"1","VW":"1","RQ":"1","RW":"1","QR":"1","PR":"1","QV":"1","VR":"1","PW":"1","RR":"1","RP":"1","VV":"1","RV":"1","QP":"1","QW":"1","QQ":"1","WQ":"1","VP":"1","PV":"1"},"CX":{"3C":"1"},"QP":{"WR":"1","HF":"1","H9":"1","VQ":"1","JF":"1","RQ":"1","MF":"1","M9":"1","WM":"1","VR":"1","HC":"1","WP":"1","XP":"1","RR":"1","VV":"1","MC":"1","G8":"1","WQ":"1","J9":"1","VM":"1","VP":"1","JC":"1"},"WF":{"X2":"1","X3":"1"},"GM":{"M7":"1","P9":"1","Q6":"1","P8":"1","M6":"1","Q5":"1","J7":"1","M5":"1","J6":"1","M8":"1","J8":"1","Q7":"1","Q9":"1","P7":"1","P6":"1","J5":"1","Q8":"1"},"XC":{"2X":"1","3X":"1","4X":"1"},"8W":{"CX":"1"},"QQ":{"PH":"1","PJ":"1","F4":"1"},"QJ":{"86":"1","62":"1","R2":"1","84":"1","93":"1","Q2":"1","82":"1","92":"1","F2":"1","C6":"1","95":"1","C3":"1","96":"1","X2":"1","85":"1","C5":"1","C4":"1","94":"1"},"FP":{"2M":"1","2Q":"1","2P":"1"},"9X":{"MR":"1"},"CP":{"XP":"1","WP":"1","VP":"1","WM":"1","XQ":"1","VJ":"1","XJ":"1","WQ":"1","WJ":"1","XM":"1","VM":"1"},"JJ":{"P8":"1"},"GP":{"98":"1","89":"1","99":"1","86":"1","77":"1","96":"1","76":"1","88":"1","87":"1","78":"1","97":"1"},"VP":{"8X":"1","9J":"1","XV":"1","JV":"1","WR":"1","8P":"1","FR":"1","9M":"1","CW":"1","HV":"1","JW":"1","HX":"1","GJ":"1","XR":"1","8R":"1","9H":"1","3M":"1","7V":"1","8V":"1","FH":"1","P3":"1","8Q":"1","FX":"1","CQ":"1","9V":"1","6X":"1","FM":"1","GV":"1","7J":"1","GX":"1","8J":"1","FW":"1","F4":"1","GW":"1","CM":"1","CV":"1","FJ":"1","FV":"1","7X":"1","XQ":"1","9R":"1","P2":"1","GR":"1","9P":"1","CJ":"1","GQ":"1","HW":"1","M2":"1","CX":"1","9Q":"1","F5":"1","9W":"1","7Q":"1","GM":"1","FQ":"1","8W":"1","VC":"1","JX":"1","FP":"1","WQ":"1","9X":"1","CP":"1","JP":"1","8M":"1","GP":"1","CH":"1","CR":"1"},"VM":{"QX":"1","PX":"1"},"JG":{"HH":"1","MJ":"1","MM":"1","HP":"1","JM":"1","JQ":"1","JR":"1","HJ":"1","MR":"1","JH":"1","HQ":"1","MP":"1","MH":"1","HM":"1","JP":"1","JJ":"1","MQ":"1"},"CR":{"JM":"1","G8":"1","HG":"1","PM":"1","GH":"1","VM":"1","JJ":"1","CG":"1","M8":"1","PP":"1","CQ":"1","PH":"1","FF":"1","J9":"1","PQ":"1","CH":"1","CJ":"1","HP":"1","HH":"1","MG":"1","MH":"1","HQ":"1","JP":"1","C9":"1","HV":"1","PJ":"1","MJ":"1","G9":"1","9G":"1","FC":"1","H7":"1","FP":"1","HC":"1","JG":"1","CM":"1","CP":"1","MV":"1","CC":"1","QC":"1","9F":"1","GP":"1","FG":"1","HF":"1","F9":"1","MR":"1","MF":"1","HX":"1","PF":"1","RH":"1","HR":"1","QF":"1","9H":"1","HW":"1","PC":"1","HJ":"1","MW":"1","HM":"1","GJ":"1","MQ":"1","RP":"1","QH":"1","GG":"1","PR":"1","H8":"1","QM":"1","JQ":"1","PG":"1","GQ":"1","GC":"1","RM":"1","MC":"1","FQ":"1","9J":"1","MP":"1","J8":"1","GV":"1","JR":"1","GR":"1","QP":"1","QJ":"1","RJ":"1","FH":"1","QQ":"1","GF":"1","J7":"1","VJ":"1","JF":"1","JC":"1","M9":"1","JH":"1","JV":"1","MM":"1","FM":"1","H9":"1","P9":"1","FJ":"1","JW":"1","GM":"1","QG":"1","CF":"1","JX":"1"},"MW":{"5W":"1","3V":"1","5X":"1","4R":"1","4P":"1","3W":"1","5P":"1","4Q":"1","2V":"1","4W":"1","2X":"1","3X":"1","6W":"1","3R":"1","5Q":"1","2W":"1","5V":"1","4X":"1","4V":"1","5R":"1","6R":"1","6V":"1"}},"RR":{"57":{"Q2":"1","R2":"1"},"X6":{"32":"1","52":"1","23":"1","43":"1","22":"1","42":"1","33":"1"},"56":{"RX":"1","RW":"1","QX":"1"},"55":{"JG":"1","MH":"1","MF":"1","JH":"1","MG":"1"},"X5":{"3V":"1","2W":"1","4W":"1","4V":"1","2X":"1","5V":"1","3X":"1","5X":"1","3W":"1","5W":"1","4X":"1"}},"RQ":{"8X":{"57":"1","46":"1","56":"1","47":"1"}},"WV":{"G9":{"5V":"1"},"CJ":{"Q6":"1","R2":"1","Q5":"1","Q2":"1","P5":"1","Q4":"1","P3":"1","R7":"1","V3":"1","R4":"1","R3":"1","Q3":"1","P4":"1","Q7":"1","R6":"1","R5":"1","P7":"1","P6":"1","V2":"1","P2":"1"},"QG":{"W2":"1","W4":"1","X4":"1","W3":"1","V3":"1","V5":"1","V4":"1","X2":"1","W5":"1","X3":"1","V2":"1"},"2Q":{"2M":"1","4W":"1","4V":"1","3X":"1","5X":"1","3W":"1","4X":"1"},"G8":{"58":"1"},"PG":{"M7":"1","G6":"1","H7":"1","G5":"1","H6":"1","Q6":"1","P8":"1","M6":"1","J7":"1","R7":"1","M5":"1","J6":"1","H8":"1","H5":"1","M8":"1","G8":"1","R8":"1","J8":"1","G7":"1","Q7":"1","Q9":"1","P7":"1","P6":"1","J5":"1","Q8":"1"},"79":{"R7":"1","Q8":"1","R8":"1","Q7":"1"},"Q9":{"VP":"1"},"3R":{"JG":"1"},"2R":{"32":"1","44":"1","52":"1","43":"1","34":"1","42":"1","33":"1"},"QF":{"8P":"1","8Q":"1"},"CH":{"RX":"1","QX":"1","PX":"1"}},"QR":{"6Q":{"2W":"1","2X":"1","3X":"1"},"6R":{"32":"1","23":"1","22":"1","24":"1","2P":"1"},"5Q":{"XW":"1","VX":"1","XX":"1","WX":"1","WW":"1","VW":"1"},"GV":{"CQ":"1","9V":"1","FV":"1","FQ":"1","9Q":"1","CR":"1","FR":"1","CV":"1","9R":"1"},"5R":{"X2":"1","W3":"1","X3":"1","W2":"1","X4":"1","V3":"1","V2":"1"},"F5":{"4P":"1"}},"8V":{"XW":{"4V":"1","VW":"1","RR":"1","JM":"1","RQ":"1","PM":"1","WV":"1","VM":"1","JJ":"1","XJ":"1","WH":"1","PP":"1","QR":"1","PH":"1","3X":"1","XG":"1","3R":"1","XQ":"1","2M":"1","PQ":"1","MH":"1","XV":"1","4Q":"1","JP":"1","GW":"1","HV":"1","PJ":"1","MJ":"1","4X":"1","XR":"1","XP":"1","VX":"1","5M":"1","5R":"1","MV":"1","3M":"1","MX":"1","RV":"1","VV":"1","MR":"1","HX":"1","VQ":"1","RH":"1","HR":"1","WM":"1","PW":"1","QW":"1","4R":"1","XH":"1","HW":"1","XM":"1","3P":"1","WP":"1","MW":"1","WJ":"1","WX":"1","MQ":"1","RP":"1","QH":"1","5V":"1","PR":"1","3V":"1","QM":"1","VP":"1","GX":"1","WW":"1","JQ":"1","XX":"1","WG":"1","WQ":"1","RW":"1","RM":"1","4P":"1","PX":"1","5P":"1","3W":"1","MP":"1","GV":"1","JR":"1","QP":"1","QJ":"1","RJ":"1","QQ":"1","WR":"1","QV":"1","XW":"1","VJ":"1","JH":"1","2P":"1","JV":"1","MM":"1","PV":"1","VH":"1","VR":"1","4M":"1","JW":"1","RX":"1","QX":"1","JX":"1"},"XX":{"W2":"1","R2":"1","H3":"1","42":"1","Q2":"1","J2":"1","X2":"1","M2":"1","32":"1","HQ":"1","V2":"1","P2":"1","H2":"1"},"WW":{"XP":"1","XM":"1"}},"XQ":{"P2":{"6H":"1","6J":"1","5H":"1","5G":"1","5J":"1","6G":"1"},"76":{"46":"1"},"M2":{"Q3":"1"},"RF":{"FM":"1","CM":"1"},"8M":{"9V":"1"}},"PQ":{"JX":{"43":"1","22":"1","F4":"1","24":"1","G4":"1","F5":"1","42":"1","F3":"1","93":"1","92":"1","95":"1","33":"1","G3":"1","C3":"1","C2":"1","32":"1","34":"1","23":"1","C5":"1","C4":"1","94":"1"},"CW":{"3M":"1"},"WX":{"QJ":"1"}},"CX":{"P4":{"FM":"1","CM":"1","FJ":"1","CJ":"1","GJ":"1","FH":"1","GM":"1","GH":"1"}},"FX":{"8Q":{"CX":"1","CW":"1","CV":"1"},"22":{"PF":"1"}},"8W":{"J6":{"X6":"1","X2":"1","W3":"1","X3":"1","W2":"1","X7":"1","X4":"1","W5":"1","W7":"1","W4":"1","W6":"1","X5":"1"},"X2":{"72":"1"},"M8":{"FG":"1","FM":"1","CM":"1","FP":"1","GM":"1","GJ":"1","CJ":"1","FJ":"1","FH":"1","CG":"1","CH":"1"},"X3":{"RF":"1","PH":"1","PC":"1","MG":"1","WH":"1","WJ":"1","RG":"1","RH":"1","MF":"1","VH":"1","QG":"1","MC":"1","VJ":"1","WG":"1","PG":"1","RC":"1","PF":"1","QC":"1","VG":"1","QF":"1","QH":"1"},"J4":{"23":"1","22":"1"},"XC":{"FM":"1","CM":"1","9P":"1","CP":"1","GH":"1","9M":"1","GJ":"1","CJ":"1","FJ":"1","FH":"1","CH":"1"},"H4":{"Q6":"1","P8":"1","R9":"1","R7":"1","V7":"1","R8":"1","X2":"1","Q7":"1","R6":"1","Q9":"1","P7":"1","X3":"1","V8":"1","P6":"1","Q8":"1"},"6V":{"7F":"1"},"J3":{"9W":"1","9V":"1","CR":"1","CW":"1","CV":"1"},"M9":{"FW":"1","9V":"1","CW":"1","CV":"1"},"W6":{"6V":"1"},"VH":{"2W":"1"},"M5":{"5W":"1","3V":"1","5X":"1","4R":"1","3W":"1","2V":"1","4W":"1","2X":"1","3X":"1","6W":"1","3R":"1","2W":"1","2R":"1","5V":"1","4X":"1","4V":"1","5R":"1","6R":"1","6V":"1","6X":"1"},"M6":{"43":"1","45":"1","22":"1","54":"1","24":"1","62":"1","26":"1","25":"1","42":"1","27":"1","33":"1","44":"1","35":"1","53":"1","32":"1","34":"1","23":"1","52":"1","37":"1","36":"1"},"J5":{"XW":"1","XR":"1","XV":"1","XX":"1","WX":"1","WW":"1"}},"XV":{"2M":{"R6":"1","X5":"1"},"49":{"43":"1","PR":"1","63":"1","54":"1","62":"1","65":"1","64":"1","VX":"1","PX":"1","RV":"1","55":"1","44":"1","QV":"1","QR":"1","53":"1","RX":"1","QW":"1","QX":"1","VW":"1","52":"1","RW":"1","PV":"1","PW":"1"},"2P":{"G6":"1","H7":"1","X5":"1","H9":"1","H6":"1","PM":"1","G9":"1","J7":"1","J6":"1","H8":"1","G8":"1","J8":"1","G7":"1"},"73":{"FV":"1","G8":"1","JM":"1","HG":"1","GH":"1","JJ":"1","FF":"1","J9":"1","CJ":"1","HP":"1","HH":"1","HQ":"1","JP":"1","GW":"1","HV":"1","G9":"1","FC":"1","FP":"1","HC":"1","JG":"1","CM":"1","CP":"1","FR":"1","GP":"1","FG":"1","HF":"1","HR":"1","HW":"1","HJ":"1","HM":"1","GJ":"1","GG":"1","H8":"1","JQ":"1","GQ":"1","GC":"1","FQ":"1","GV":"1","GR":"1","JR":"1","FH":"1","GF":"1","JF":"1","JC":"1","JH":"1","JV":"1","FM":"1","H9":"1","FJ":"1","JW":"1","GM":"1"},"53":{"3X":"1","3W":"1"},"3M":{"28":"1","36":"1","37":"1","2M":"1","3J":"1","46":"1","27":"1","47":"1","2Q":"1"},"3J":{"9R":"1"},"55":{"P2":"1","PX":"1"},"6F":{"VV":"1","XV":"1","XR":"1","WR":"1","WV":"1"},"63":{"FQ":"1","CQ":"1","3Q":"1","68":"1","FR":"1","CR":"1","3P":"1"},"64":{"39":"1","68":"1","69":"1","59":"1","58":"1"},"48":{"4X":"1"},"2J":{"JF":"1","JG":"1"},"5P":{"57":"1","56":"1"},"76":{"Q4":"1","Q5":"1","P5":"1","P4":"1"},"45":{"CV":"1","FV":"1"},"67":{"9M":"1","8P":"1","9P":"1","8M":"1"},"44":{"JG":"1","MH":"1","JH":"1","MG":"1","JJ":"1","MJ":"1"},"3Q":{"P2":"1","P4":"1","P3":"1","M2":"1","M3":"1"},"72":{"32":"1","22":"1"},"47":{"2H":"1","3H":"1","3G":"1","2G":"1"},"74":{"26":"1","25":"1"},"4C":{"R5":"1","P2":"1","Q2":"1","Q4":"1","Q3":"1","Q5":"1","P4":"1","P3":"1","R3":"1","R4":"1","R2":"1","V2":"1"},"62":{"28":"1","X2":"1","W2":"1","H3":"1","R2":"1","V2":"1"}},"CW":{"HH":{"2M":"1","6C":"1","9G":"1","7F":"1","4J":"1","79":"1","5J":"1","5F":"1","5C":"1","3M":"1","6G":"1","6H":"1","3J":"1","6F":"1","4H":"1","5G":"1","2H":"1","7C":"1","6J":"1","2J":"1","3G":"1","3H":"1","4F":"1","8G":"1","7G":"1","4G":"1","5H":"1","7H":"1","8F":"1","9F":"1","69":"1","8C":"1"},"H4":{"97":"1","87":"1","96":"1","86":"1"},"2M":{"2M":"1","6M":"1","5M":"1"},"MJ":{"2X":"1","3X":"1"},"HF":{"JG":"1","JV":"1"},"MM":{"32":"1","23":"1","25":"1","22":"1","34":"1","24":"1","33":"1"},"G7":{"C5":"1","82":"1","93":"1","F4":"1","C7":"1","F7":"1","F3":"1","C3":"1","Q5":"1","Q2":"1","M2":"1","94":"1","96":"1","95":"1","G2":"1","R3":"1","F6":"1","87":"1","92":"1","86":"1","W3":"1","C6":"1","M3":"1","V2":"1","Q3":"1","R4":"1","84":"1","J2":"1","P4":"1","R2":"1","W2":"1","C2":"1","P2":"1","97":"1","P3":"1","R6":"1","C4":"1","Q9":"1","F5":"1","Q7":"1","Q8":"1","V3":"1","R5":"1","F2":"1","83":"1","Q4":"1","85":"1"},"HG":{"H9":"1","2X":"1","3W":"1"},"JF":{"WC":"1","CJ":"1"},"FH":{"4F":"1","4H":"1","5F":"1","2G":"1","5J":"1","4C":"1","3F":"1","2H":"1","3C":"1","3H":"1","2J":"1","5H":"1","4J":"1","3J":"1","3G":"1","5C":"1","2F":"1","5G":"1","4G":"1"},"JM":{"X2":"1","W3":"1","X3":"1","W2":"1","X4":"1","W4":"1","X5":"1","V2":"1"},"24":{"4P":"1","3V":"1","5Q":"1","3M":"1","3Q":"1","4R":"1","5R":"1","4Q":"1","4V":"1","5P":"1","5V":"1","4M":"1","3R":"1","3P":"1"},"FG":{"JG":"1"},"G5":{"VW":"1","RR":"1","RQ":"1","WV":"1","PP":"1","QR":"1","PQ":"1","HP":"1","JP":"1","HQ":"1","GW":"1","HV":"1","VX":"1","MV":"1","GP":"1","MX":"1","RV":"1","VV":"1","MR":"1","HX":"1","VQ":"1","HR":"1","PW":"1","QW":"1","HW":"1","MW":"1","MQ":"1","RP":"1","PR":"1","VP":"1","GX":"1","WW":"1","JQ":"1","WQ":"1","GQ":"1","RW":"1","PX":"1","MP":"1","GV":"1","GR":"1","JR":"1","QP":"1","QQ":"1","WR":"1","QV":"1","JV":"1","PV":"1","VR":"1","JW":"1","RX":"1","QX":"1","JX":"1"},"GG":{"W7":"1","XG":"1","Q6":"1","V6":"1","WH":"1","Q5":"1","Q4":"1","XH":"1","R7":"1","WG":"1","V5":"1","V7":"1","R8":"1","Q7":"1","R6":"1","R5":"1","Q8":"1"},"G6":{"QQ":"1","JX":"1","VX":"1","Q9":"1","WR":"1","QX":"1","MJ":"1","PV":"1","9Q":"1","WJ":"1","WG":"1","8J":"1","JC":"1","PQ":"1","CF":"1","F8":"1","8P":"1","VR":"1","QW":"1","W6":"1","V6":"1","HF":"1","J8":"1","VC":"1","HM":"1","JQ":"1","V7":"1","W8":"1","H7":"1","QR":"1","VV":"1","RF":"1","H9":"1","GQ":"1","PF":"1","GJ":"1","WH":"1","WV":"1","JJ":"1","FR":"1","MX":"1","P8":"1","MV":"1","PC":"1","FP":"1","FH":"1","GW":"1","8V":"1","M9":"1","GM":"1","JF":"1","P7":"1","9F":"1","VM":"1","MR":"1","J9":"1","J6":"1","RJ":"1","HH":"1","9P":"1","RX":"1","W3":"1","HJ":"1","G7":"1","HQ":"1","M6":"1","G4":"1","JW":"1","GV":"1","CX":"1","W7":"1","W5":"1","GG":"1","FG":"1","Q7":"1","H8":"1","MP":"1","HX":"1","8W":"1","G8":"1","Q5":"1","FV":"1","W9":"1","9H":"1","WQ":"1","CM":"1","HR":"1","F6":"1","P2":"1","QM":"1","WM":"1","MQ":"1","FQ":"1","J2":"1","Q8":"1","G2":"1","VJ":"1","GF":"1","V9":"1","GX":"1","PW":"1","F9":"1","9W":"1","MF":"1","G9":"1","Q6":"1","G3":"1","G6":"1","QF":"1","HG":"1","M5":"1","GC":"1","PX":"1","HV":"1","PR":"1","8X":"1","H5":"1","JM":"1","M3":"1","CH":"1","M2":"1","VG":"1","MC":"1","WC":"1","RQ":"1","M4":"1","JV":"1","F5":"1","V4":"1","FM":"1","9M":"1","JH":"1","R5":"1","CC":"1","R3":"1","V8":"1","9R":"1","QP":"1","VP":"1","R7":"1","WF":"1","W4":"1","CV":"1","RR":"1","JR":"1","P6":"1","R8":"1","RV":"1","WX":"1","R2":"1","Q4":"1","CR":"1","P9":"1","RG":"1","VQ":"1","HW":"1","MH":"1","C9":"1","FF":"1","M7":"1","CW":"1","CQ":"1","R9":"1","H3":"1","GH":"1","GP":"1","HP":"1","WP":"1","GR":"1","F7":"1","MG":"1","G5":"1","QG":"1","8R":"1","R6":"1","J4":"1","MW":"1","9G":"1","HC":"1","RP":"1","WW":"1","Q3":"1","H4":"1","RM":"1","9J":"1","RC":"1","J3":"1","PH":"1","VW":"1","RH":"1","V3":"1","M8":"1","9V":"1","QC":"1","FX":"1","PP":"1","CP":"1","H2":"1","PM":"1","PG":"1","PJ":"1","P3":"1","Q2":"1","9X":"1","RW":"1","J7":"1","V5":"1","JP":"1","CG":"1","8M":"1","MM":"1","CJ":"1","R4":"1","VH":"1","QH":"1","8Q":"1","VF":"1","P4":"1","FJ":"1","FW":"1","JG":"1","FC":"1","J5":"1","P5":"1","V2":"1","QJ":"1","QV":"1","H6":"1"},"RP":{"F4":"1","F5":"1","95":"1","C6":"1","C3":"1","96":"1","C5":"1","C4":"1","94":"1"},"MV":{"78":"1","6C":"1","7F":"1","79":"1","5F":"1","5C":"1","6G":"1","6H":"1","6F":"1","5G":"1","7C":"1","8G":"1","7G":"1","5H":"1","7H":"1","8F":"1","89":"1","69":"1","8C":"1","68":"1"},"QQ":{"WR":"1","VQ":"1","RQ":"1","WV":"1","RJ":"1","QR":"1","QV":"1","VR":"1","XQ":"1","WP":"1","RR":"1","RP":"1","VV":"1","RM":"1","RV":"1","QP":"1","QQ":"1","QJ":"1","WQ":"1","QM":"1","VM":"1","VP":"1"},"JP":{"P6":"1","M6":"1"},"93":{"W5":"1","W4":"1","V4":"1","V5":"1"},"JJ":{"VX":"1","XX":"1","WX":"1"},"CH":{"XG":"1","XF":"1","XJ":"1","XH":"1"},"M7":{"67":"1"}},"HV":{"CJ":{"64":"1","76":"1","66":"1","75":"1","65":"1","74":"1","56":"1","67":"1","55":"1","77":"1"}},"9W":{"G4":{"J2":"1","H2":"1","G2":"1"},"49":{"94":"1","G2":"1"},"P6":{"72":"1","63":"1","73":"1","62":"1","64":"1","84":"1","75":"1","83":"1","82":"1","53":"1","74":"1","85":"1","52":"1"},"C3":{"75":"1","54":"1"},"86":{"2G":"1","3Q":"1","2H":"1","3P":"1","3H":"1","2P":"1","2Q":"1","2J":"1","2M":"1","2R":"1","3J":"1","3G":"1","3M":"1"},"PF":{"X2":"1","W2":"1","V2":"1"},"92":{"VC":"1","R9":"1","P3":"1","R7":"1","V9":"1","RC":"1","R8":"1","V7":"1","Q9":"1","V8":"1","Q8":"1"},"XM":{"XH":"1","RH":"1","XF":"1","JV":"1","MM":"1","HV":"1","HP":"1","GJ":"1","PQ":"1","XG":"1","XM":"1","RG":"1","HR":"1","JM":"1","RJ":"1","FM":"1","VG":"1","JQ":"1","JR":"1","WM":"1","HJ":"1","XJ":"1","MR":"1","WP":"1","HQ":"1","RM":"1","WH":"1","VJ":"1","GQ":"1","WG":"1","PP":"1","VH":"1","WF":"1","GM":"1","MP":"1","WJ":"1","FP":"1","HM":"1","JP":"1","JJ":"1","GP":"1","VP":"1","VM":"1","MQ":"1","PM":"1"},"MX":{"86":"1","3Q":"1","77":"1","65":"1","75":"1","66":"1","69":"1","68":"1","2Q":"1","96":"1","76":"1","79":"1","88":"1","87":"1","3R":"1","2R":"1","97":"1","78":"1","85":"1","67":"1"},"QF":{"22":"1"},"84":{"M7":"1","CQ":"1","J9":"1","FM":"1","P9":"1","PC":"1","CM":"1","P8":"1","CP":"1","FP":"1","9M":"1","VF":"1","MF":"1","CJ":"1","FJ":"1","9H":"1","M8":"1","C6":"1","MC":"1","J8":"1","PF":"1","Q9":"1","QC":"1","P7":"1","M9":"1","C7":"1","F6":"1","9J":"1","F7":"1","Q8":"1","CH":"1"},"W8":{"X2":"1","X3":"1"},"48":{"GX":"1"},"V7":{"WH":"1","WJ":"1"},"G3":{"FV":"1","RR":"1","JM":"1","RQ":"1","PM":"1","JJ":"1","PP":"1","QR":"1","PQ":"1","FX":"1","HP":"1","JP":"1","HQ":"1","GW":"1","HV":"1","MV":"1","GP":"1","MX":"1","RV":"1","MR":"1","HX":"1","HR":"1","PW":"1","QW":"1","HW":"1","HJ":"1","MW":"1","HM":"1","GJ":"1","MQ":"1","PR":"1","QM":"1","GX":"1","JQ":"1","GQ":"1","RW":"1","PX":"1","GV":"1","GR":"1","JR":"1","QP":"1","QQ":"1","QV":"1","FW":"1","JV":"1","FM":"1","PV":"1","FJ":"1","GM":"1","JW":"1","JX":"1"},"66":{"XF":"1","J8":"1"},"PC":{"XW":"1","XV":"1","VX":"1","XX":"1","WX":"1","WW":"1","WV":"1","VW":"1"},"Q3":{"3Q":"1","4R":"1","4Q":"1","3R":"1"},"76":{"XP":"1","XQ":"1","XR":"1","47":"1","XM":"1"},"QC":{"2W":"1","2V":"1","2X":"1"},"56":{"RX":"1","QX":"1"},"P5":{"7X":"1","6X":"1","5X":"1","5W":"1","6W":"1"},"83":{"X9":"1","W8":"1","8G":"1","8F":"1","89":"1","XC":"1","X5":"1","W7":"1","W9":"1","W6":"1","X7":"1","X6":"1","7G":"1","X4":"1","7C":"1","6G":"1","7F":"1","92":"1","79":"1","X8":"1","W5":"1","V8":"1","8C":"1"},"57":{"Q2":"1","R2":"1"},"JX":{"XQ":"1","XR":"1"},"72":{"QX":"1"},"94":{"W4":"1","V5":"1"},"93":{"24":"1","29":"1","7P":"1","26":"1","25":"1","28":"1","Q4":"1","P3":"1","27":"1","7Q":"1","Q3":"1","P4":"1"}},"XR":{"7X":{"64":"1","2W":"1","53":"1","54":"1","2X":"1","3X":"1","3W":"1","63":"1"},"8X":{"CM":"1","7H":"1","8J":"1","9M":"1","CJ":"1","7J":"1","9H":"1","8H":"1","9J":"1","8M":"1","CH":"1"},"7P":{"4X":"1","8X":"1","CW":"1","3X":"1","8R":"1","6R":"1","7V":"1","5V":"1","8V":"1","FX":"1","8Q":"1","CQ":"1","9V":"1","6X":"1","5W":"1","7W":"1","CV":"1","7X":"1","5X":"1","9R":"1","4W":"1","CX":"1","9W":"1","9Q":"1","6V":"1","6W":"1","7Q":"1","7R":"1","8W":"1","9X":"1","2X":"1","CR":"1"},"6Q":{"X9":"1","W8":"1","VC":"1","XC":"1","X5":"1","W7":"1","W6":"1","W9":"1","X7":"1","X6":"1","X4":"1","WC":"1","WF":"1","VF":"1","V9":"1","X8":"1","X3":"1","V8":"1"},"7W":{"C3":"1","94":"1","85":"1","84":"1","H2":"1","82":"1","7C":"1","95":"1","96":"1","86":"1","79":"1"},"7Q":{"46":"1","82":"1","93":"1","44":"1","35":"1","38":"1","34":"1","37":"1","24":"1","42":"1","54":"1","57":"1","26":"1","77":"1","32":"1","25":"1","36":"1","76":"1","75":"1","67":"1","87":"1","92":"1","86":"1","27":"1","2C":"1","33":"1","73":"1","29":"1","55":"1","65":"1","84":"1","43":"1","64":"1","72":"1","56":"1","C2":"1","47":"1","63":"1","3C":"1","66":"1","74":"1","39":"1","45":"1","53":"1","22":"1","78":"1","58":"1","62":"1","23":"1","F2":"1","28":"1","83":"1","52":"1","85":"1","68":"1"},"7V":{"MM":"1","HG":"1","7P":"1","MG":"1","MQ":"1","MP":"1","JH":"1","GJ":"1","QG":"1","HM":"1","96":"1","JP":"1","JF":"1","6M":"1","JR":"1","JM":"1","6X":"1"},"5V":{"M7":"1","M4":"1","GF":"1","FC":"1","M6":"1","GC":"1","P3":"1","G8":"1","C6":"1","FF":"1","P4":"1","M3":"1"},"52":{"4H":"1","5J":"1","4P":"1","5P":"1","4Q":"1","3H":"1","4J":"1","5H":"1","5M":"1","5Q":"1","6M":"1","3J":"1","4M":"1","6J":"1"},"PV":{"RX":"1","RW":"1","QW":"1","RV":"1","QV":"1","QX":"1","PX":"1"},"PW":{"Q2":"1","P2":"1","Q4":"1","Q3":"1","P4":"1","P3":"1","R3":"1","R2":"1"},"F6":{"GV":"1"},"8W":{"67":"1","77":"1"},"6V":{"FQ":"1","GQ":"1","GV":"1","FR":"1","GR":"1","FV":"1"},"6X":{"XW":"1","RX":"1","HX":"1","VX":"1","XX":"1","WX":"1","WW":"1","VW":"1"}},"VX":{"CM":{"M7":"1","H7":"1","H6":"1","J4":"1","M6":"1","Q2":"1","P3":"1","J7":"1","J6":"1","M5":"1","H8":"1","CR":"1","H5":"1","M8":"1","Q3":"1","J8":"1","J5":"1","H4":"1","P2":"1"},"CJ":{"PX":"1","RV":"1","QV":"1","QR":"1","RX":"1","QW":"1","QX":"1","RR":"1","RW":"1","PV":"1","PW":"1"},"CP":{"49":"1"},"2F":{"36":"1","34":"1","6C":"1","49":"1","7F":"1","43":"1","65":"1","38":"1","5F":"1","39":"1","5C":"1","6G":"1","6H":"1","35":"1","28":"1","55":"1","6F":"1","26":"1","7C":"1","58":"1","24":"1","7J":"1","64":"1","48":"1","33":"1","59":"1","27":"1","66":"1","54":"1","25":"1","7G":"1","7H":"1","45":"1","67":"1","44":"1","37":"1","46":"1","69":"1","56":"1","57":"1","68":"1","47":"1","4C":"1"}},"FR":{"5Q":{"PG":"1","PF":"1","QG":"1","QF":"1"},"4R":{"MP":"1","JP":"1","MR":"1","PR":"1","MQ":"1","JR":"1","MV":"1","JQ":"1"},"CJ":{"7X":"1"},"C5":{"FQ":"1","CQ":"1","FP":"1","CP":"1"}},"CR":{"W7":{"HF":"1","GC":"1","HC":"1"},"8W":{"9H":"1","9G":"1","8H":"1"}},"RV":{"P2":{"7R":"1","7P":"1","8P":"1","7M":"1","9P":"1","9M":"1","8Q":"1","7Q":"1","8R":"1","8V":"1","8M":"1"},"43":{"R5":"1","R6":"1","V7":"1","R7":"1","V8":"1","V5":"1","V6":"1"}},"VV":{"JM":{"XV":"1","4J":"1","XW":"1","4P":"1","XR":"1","4M":"1","5J":"1","9H":"1","6M":"1","87":"1","7M":"1","6H":"1","WV":"1","4H":"1","WW":"1","7J":"1","6J":"1","97":"1","XQ":"1","2W":"1","XP":"1","5P":"1","F7":"1","8H":"1","8G":"1","5H":"1","7H":"1","83":"1","57":"1","94":"1","93":"1","X5":"1","98":"1","88":"1","5M":"1","XX":"1"},"PM":{"28":"1","29":"1","39":"1","38":"1"},"JJ":{"XP":"1","WP":"1","WM":"1","XQ":"1","CX":"1","7X":"1","XR":"1","WQ":"1","XM":"1"},"4H":{"R5":"1","W6":"1","W3":"1","Q4":"1","X4":"1","R2":"1","V3":"1","V6":"1","W2":"1","R3":"1","V5":"1","W8":"1","V7":"1","X3":"1","X7":"1","W7":"1","V2":"1","Q3":"1","X6":"1","X2":"1","W4":"1","W5":"1","V4":"1","R4":"1","X5":"1","R6":"1"},"PP":{"HW":"1","JX":"1","MX":"1","HX":"1","JW":"1"},"QR":{"45":"1","54":"1","65":"1","64":"1","56":"1","75":"1","66":"1","55":"1","46":"1","44":"1","74":"1"},"PQ":{"J2":"1","H2":"1","M2":"1","J3":"1","M3":"1"},"24":{"R4":"1"},"JP":{"X2":"1"},"HV":{"M4":"1","J3":"1","J4":"1","Q2":"1","Q4":"1","P3":"1","J2":"1","Q3":"1","P4":"1","M2":"1","M3":"1","P2":"1"},"PJ":{"XP":"1","WP":"1","XQ":"1","XV":"1","XR":"1","WQ":"1","WR":"1","WV":"1"},"MJ":{"2M":"1","2R":"1","2V":"1","2Q":"1","2P":"1"},"7G":{"89":"1","59":"1","77":"1","7C":"1","69":"1","4W":"1","58":"1","68":"1","79":"1","88":"1","78":"1","5C":"1","8C":"1","6C":"1","67":"1"},"32":{"FC":"1","FF":"1"},"8M":{"7R":"1","CW":"1"},"25":{"WP":"1","RM":"1","VC":"1","XQ":"1","QP":"1","WR":"1","W9":"1","PM":"1","XJ":"1","WQ":"1","VR":"1","WM":"1","WH":"1","XP":"1","WJ":"1","RG":"1","RP":"1","RJ":"1","XV":"1","WC":"1","RH":"1","XM":"1","VV":"1","V9":"1","VH":"1","QG":"1","QJ":"1","WV":"1","VJ":"1","QR":"1","WG":"1","QM":"1","RQ":"1","QQ":"1","XR":"1","VP":"1","PJ":"1","RR":"1","VG":"1","PQ":"1","PP":"1","VQ":"1","VM":"1","QH":"1"},"36":{"6J":"1"},"CM":{"M8":"1","M7":"1","J7":"1","J8":"1","M9":"1","J9":"1"},"MV":{"Q2":"1"},"FR":{"WF":"1","RC":"1","QC":"1","VF":"1","QF":"1","RF":"1"},"6H":{"R5":"1","X6":"1","V7":"1","W5":"1","W7":"1","W4":"1","V4":"1","W6":"1","V5":"1","V6":"1"},"6F":{"XG":"1","XJ":"1","WM":"1","WH":"1","WJ":"1","WF":"1","XH":"1","XM":"1","VF":"1","VH":"1","XF":"1","VJ":"1","WG":"1","VG":"1","VM":"1"},"9M":{"PR":"1","PX":"1","RV":"1","QV":"1","QR":"1","RX":"1","QW":"1","QX":"1","RR":"1","RW":"1","PV":"1","PW":"1"},"9P":{"Q2":"1","P2":"1","Q3":"1","P3":"1","R3":"1","R2":"1"},"MR":{"83":"1","64":"1","57":"1","45":"1","65":"1","53":"1","44":"1","54":"1","43":"1","46":"1","QX":"1","56":"1","55":"1","47":"1","63":"1"},"7H":{"26":"1","23":"1","33":"1"},"HR":{"JX":"1","MX":"1","PW":"1","QW":"1","QX":"1","PX":"1"},"5C":{"9H":"1","FG":"1","CH":"1","FJ":"1","CJ":"1","CG":"1","9G":"1","FH":"1","9J":"1"},"HJ":{"2W":"1","2X":"1"},"WP":{"QP":"1","5F":"1","PM":"1","6F":"1","PP":"1","5C":"1","QM":"1"},"HM":{"XW":"1","XX":"1","WX":"1"},"GJ":{"XW":"1","VX":"1","XX":"1","WX":"1","WW":"1","VW":"1"},"PR":{"4H":"1","5J":"1","4P":"1","2H":"1","3P":"1","3H":"1","2P":"1","2J":"1","2M":"1","5H":"1","4J":"1","5M":"1","3J":"1","4M":"1","3M":"1"},"QM":{"64":"1"},"9Q":{"J6":"1","M7":"1"},"WQ":{"5H":"1"},"8Q":{"9G":"1","49":"1","9F":"1"},"RM":{"8F":"1","89":"1","7G":"1","9F":"1","7C":"1","7F":"1","CC":"1","9C":"1","8C":"1"},"FQ":{"C8":"1","93":"1","99":"1","9Q":"1"},"5P":{"4F":"1","4H":"1","5F":"1","5J":"1","3F":"1","6G":"1","3H":"1","6F":"1","5H":"1","4J":"1","3J":"1","3G":"1","4M":"1","3M":"1","5G":"1","4G":"1"},"MP":{"43":"1","45":"1","22":"1","63":"1","54":"1","57":"1","62":"1","65":"1","64":"1","56":"1","47":"1","42":"1","55":"1","46":"1","33":"1","44":"1","35":"1","53":"1","32":"1","34":"1","52":"1"},"JR":{"65":"1"},"5G":{"RM":"1","G5":"1","QP":"1","F4":"1","PM":"1","G4":"1","WM":"1","F5":"1","F3":"1","RJ":"1","RP":"1","QJ":"1","G2":"1","F2":"1","G3":"1","QM":"1","PJ":"1","PP":"1"},"QJ":{"2R":"1","2V":"1","2Q":"1","2P":"1"},"4G":{"RX":"1","VX":"1","WX":"1"},"6G":{"RJ":"1","VJ":"1","RM":"1","VM":"1"},"8R":{"8G":"1","8F":"1","89":"1","7G":"1","9F":"1","7C":"1","69":"1","68":"1","7F":"1","6F":"1","79":"1","9C":"1","8C":"1","6C":"1"},"4J":{"6V":"1","5V":"1","5W":"1","6W":"1"},"Q8":{"7Q":"1","8P":"1","8Q":"1","7P":"1","7R":"1","7M":"1","8M":"1","8R":"1"},"5F":{"GW":"1","FW":"1","FV":"1","FX":"1","GV":"1","FR":"1","CV":"1","GR":"1","GX":"1"},"MM":{"X9":"1","W8":"1","5W":"1","4H":"1","3Q":"1","W9":"1","3V":"1","HG":"1","5X":"1","4R":"1","4P":"1","3W":"1","5P":"1","4Q":"1","2V":"1","6Q":"1","WC":"1","4W":"1","3P":"1","3H":"1","2X":"1","2Q":"1","2P":"1","XF":"1","3X":"1","2J":"1","2M":"1","X8":"1","4J":"1","6W":"1","5Q":"1","2W":"1","3R":"1","2R":"1","5V":"1","4X":"1","3J":"1","4V":"1","5R":"1","6R":"1","4M":"1","3M":"1","6V":"1","6X":"1"},"H9":{"G7":"1","F7":"1","G6":"1","F6":"1","F8":"1","G8":"1"},"P9":{"6W":"1"},"23":{"G9":"1","GC":"1","C9":"1","CF":"1","GF":"1","C7":"1","F9":"1","FC":"1","F8":"1","FG":"1","97":"1","CC":"1","F7":"1","99":"1","FF":"1","C8":"1","G8":"1","98":"1"},"VC":{"2J":"1"},"6J":{"RC":"1"},"GM":{"VC":"1","W2":"1","VG":"1","VF":"1","RG":"1","RF":"1"},"6V":{"WM":"1","VM":"1"},"JX":{"68":"1","58":"1"}},"MR":{"7M":{"Q6":"1","V6":"1","R9":"1","Q5":"1","R7":"1","V7":"1","R8":"1","Q7":"1","R6":"1","Q9":"1","R5":"1","QC":"1","V8":"1","Q8":"1"}},"PW":{"2M":{"W8":"1","W7":"1","W6":"1","W9":"1","V6":"1","R9":"1","W4":"1","R7":"1","V9":"1","R4":"1","V5":"1","V4":"1","V7":"1","R8":"1","X8":"1","R6":"1","W5":"1","R5":"1","VG":"1","V8":"1"},"3M":{"C3":"1","83":"1","92":"1","94":"1","F2":"1","84":"1","C4":"1","C6":"1","G3":"1","82":"1","93":"1","C2":"1","C5":"1","F4":"1","F3":"1"},"3J":{"9X":"1","8V":"1","9W":"1","GX":"1","FW":"1","CX":"1","9V":"1","8X":"1","FX":"1","CW":"1","8W":"1"}},"QW":{"HR":{"Q6":"1","Q5":"1","P5":"1","Q4":"1","R7":"1","Q7":"1","R6":"1","R5":"1","P7":"1","P6":"1"},"MF":{"VC":"1","WG":"1","WF":"1","WC":"1","VF":"1"}},"8X":{"WX":{"GX":"1","FX":"1"}},"HW":{"XG":{"4G":"1","5G":"1","4H":"1"}},"7X":{"89":{"32":"1","62":"1","52":"1","22":"1","72":"1","42":"1"},"M8":{"2H":"1","2M":"1","2J":"1"},"97":{"4V":"1","46":"1","82":"1","4H":"1","48":"1","44":"1","2G":"1","7Q":"1","3G":"1","7J":"1","3J":"1","7V":"1","8V":"1","35":"1","3R":"1","3H":"1","2M":"1","2R":"1","7C":"1","38":"1","34":"1","37":"1","24":"1","8H":"1","42":"1","4Q":"1","59":"1","5H":"1","7M":"1","54":"1","57":"1","4C":"1","8C":"1","8P":"1","8J":"1","26":"1","7G":"1","32":"1","8M":"1","25":"1","36":"1","76":"1","7F":"1","5M":"1","75":"1","5R":"1","67":"1","6H":"1","6F":"1","27":"1","3M":"1","49":"1","8G":"1","2C":"1","2F":"1","33":"1","7H":"1","73":"1","5C":"1","29":"1","55":"1","4R":"1","65":"1","84":"1","43":"1","3P":"1","6M":"1","2H":"1","64":"1","72":"1","3Q":"1","5V":"1","6Q":"1","56":"1","47":"1","63":"1","3C":"1","6P":"1","8F":"1","66":"1","74":"1","39":"1","8Q":"1","4P":"1","5P":"1","45":"1","5G":"1","4G":"1","53":"1","3F":"1","6C":"1","6G":"1","6R":"1","8R":"1","4J":"1","2Q":"1","5F":"1","2P":"1","58":"1","5J":"1","62":"1","5Q":"1","23":"1","7P":"1","4F":"1","28":"1","6J":"1","83":"1","69":"1","4M":"1","52":"1","6V":"1","7R":"1","68":"1","2J":"1"},"J8":{"XJ":"1","XH":"1","XM":"1"},"87":{"H4":"1","XH":"1","G2":"1","J6":"1","XF":"1","M4":"1","G7":"1","J2":"1","X9":"1","XG":"1","H3":"1","W8":"1","H6":"1","M3":"1","XJ":"1","X7":"1","WC":"1","W7":"1","G5":"1","H7":"1","G6":"1","X6":"1","J5":"1","WH":"1","X8":"1","M2":"1","J7":"1","WG":"1","J4":"1","W9":"1","WF":"1","V8":"1","XC":"1","J3":"1","H5":"1","X5":"1","V9":"1","H2":"1"},"88":{"2M":"1","6C":"1","3F":"1","4X":"1","2V":"1","49":"1","2P":"1","2Q":"1","8P":"1","4J":"1","3C":"1","9M":"1","4P":"1","2F":"1","4M":"1","5J":"1","3X":"1","8R":"1","5F":"1","6M":"1","5C":"1","7M":"1","7V":"1","6R":"1","3M":"1","8V":"1","6G":"1","5V":"1","6P":"1","6H":"1","4Q":"1","4R":"1","2R":"1","8Q":"1","9C":"1","3J":"1","3W":"1","6F":"1","4H":"1","CQ":"1","5G":"1","2H":"1","6X":"1","6J":"1","5W":"1","7W":"1","6Q":"1","4V":"1","2J":"1","3G":"1","7P":"1","59":"1","2G":"1","7X":"1","3H":"1","2W":"1","5X":"1","9R":"1","3V":"1","4F":"1","5P":"1","5Q":"1","9P":"1","99":"1","5H":"1","4G":"1","4W":"1","9Q":"1","89":"1","6V":"1","69":"1","7Q":"1","6W":"1","8C":"1","7R":"1","3Q":"1","3P":"1","5R":"1","3R":"1","2X":"1","8M":"1","5M":"1","4C":"1"},"96":{"4W":"1","4R":"1","5R":"1","7X":"1","6X":"1","4V":"1","5V":"1","3X":"1","5X":"1","3W":"1","5W":"1","4X":"1","6W":"1"},"86":{"FV":"1","RQ":"1","PM":"1","VM":"1","PP":"1","QR":"1","PH":"1","PQ":"1","FX":"1","JP":"1","GW":"1","HV":"1","PJ":"1","MJ":"1","MV":"1","MX":"1","MR":"1","HX":"1","HR":"1","RH":"1","HW":"1","MW":"1","RG":"1","MQ":"1","RP":"1","QH":"1","PR":"1","QM":"1","VP":"1","GX":"1","JQ":"1","RM":"1","MP":"1","GV":"1","GR":"1","JR":"1","QP":"1","QJ":"1","RJ":"1","QQ":"1","FW":"1","VJ":"1","JV":"1","MM":"1","PV":"1","JW":"1","QG":"1","JX":"1"},"79":{"X2":"1","W2":"1"},"78":{"WP":"1","XQ":"1","XG":"1","WR":"1","WQ":"1","XJ":"1","WM":"1","WH":"1","XP":"1","WJ":"1","XV":"1","XH":"1","XM":"1","XX":"1","WV":"1","XF":"1","WX":"1","XR":"1","XW":"1","WW":"1"}},"MQ":{"9P":{"VX":"1","RV":"1","VV":"1","XX":"1","WV":"1","WX":"1","RX":"1","VW":"1","RW":"1","XW":"1","WW":"1"},"9Q":{"X2":"1","W2":"1","R2":"1","V2":"1"},"8M":{"VC":"1","WC":"1","VF":"1","V9":"1"}},"PR":{"RQ":{"X6":"1","X7":"1","X4":"1","X5":"1"},"2W":{"VM":"1","XJ":"1","WH":"1","XG":"1","W9":"1","VG":"1","V9":"1","XC":"1","RF":"1","RC":"1","VQ":"1","RH":"1","WM":"1","XH":"1","X8":"1","XM":"1","WP":"1","RG":"1","WJ":"1","X4":"1","QH":"1","VP":"1","VF":"1","WC":"1","WG":"1","WQ":"1","X3":"1","RM":"1","QJ":"1","RJ":"1","VJ":"1","WF":"1","X9":"1","VH":"1","XF":"1","VC":"1","R9":"1","QG":"1","W8":"1"},"VQ":{"43":"1","45":"1","24":"1","26":"1","38":"1","25":"1","47":"1","28":"1","46":"1","27":"1","33":"1","44":"1","35":"1","34":"1","23":"1","37":"1","36":"1"},"HP":{"46":"1","93":"1","48":"1","7J":"1","88":"1","7C":"1","8H":"1","59":"1","9C":"1","57":"1","4C":"1","94":"1","9G":"1","8C":"1","96":"1","8J":"1","95":"1","77":"1","7G":"1","8M":"1","CP":"1","76":"1","7F":"1","75":"1","67":"1","6H":"1","6F":"1","87":"1","89":"1","9F":"1","86":"1","49":"1","8G":"1","98":"1","7H":"1","73":"1","5C":"1","55":"1","65":"1","84":"1","64":"1","56":"1","47":"1","63":"1","8F":"1","66":"1","74":"1","97":"1","45":"1","5G":"1","4G":"1","99":"1","6C":"1","79":"1","6G":"1","5F":"1","78":"1","58":"1","4F":"1","83":"1","69":"1","85":"1","68":"1"},"2R":{"MW":"1","JX":"1","MX":"1","PW":"1","JW":"1"},"2X":{"57":"1","59":"1","77":"1","56":"1","4C":"1","47":"1","48":"1","7C":"1","69":"1","68":"1","58":"1","46":"1","49":"1","79":"1","78":"1","5C":"1","6C":"1","67":"1"},"3W":{"4P":"1","5F":"1","5Q":"1","5H":"1","4Q":"1","5P":"1","6M":"1","4J":"1","4M":"1","5M":"1","5G":"1","5J":"1","4H":"1","6P":"1"},"WX":{"P9":"1","PC":"1","P8":"1","R7":"1","MF":"1","M8":"1","MC":"1","PF":"1","Q9":"1","QC":"1","M9":"1","Q8":"1"},"HV":{"PM":"1"}},"GX":{"C9":{"M7":"1","H7":"1","H9":"1","J9":"1","H6":"1","JC":"1","GC":"1","HC":"1","G9":"1","J7":"1","J6":"1","H8":"1","M8":"1","J8":"1","M9":"1"}},"CV":{"3C":{"GF":"1","H7":"1","FG":"1","FC":"1","GG":"1","GC":"1","G9":"1","F9":"1","H8":"1","C9":"1","G8":"1","CC":"1","FF":"1","G7":"1"},"W9":{"MP":"1","JP":"1","JM":"1","MM":"1","JJ":"1","MJ":"1"},"3Q":{"H8":"1","C9":"1","89":"1","FC":"1","G9":"1","G7":"1","C8":"1","F8":"1","99":"1","F9":"1","9C":"1","CC":"1","G8":"1","H7":"1","8C":"1","98":"1"},"F7":{"4F":"1","4H":"1","5F":"1","2G":"1","5J":"1","3F":"1","2H":"1","3H":"1","5H":"1","4J":"1","5M":"1","3J":"1","3G":"1","2F":"1","4M":"1","4G":"1"},"4Q":{"MW":"1","MX":"1","PW":"1","MR":"1","MQ":"1","JR":"1","MV":"1","PV":"1","PX":"1","JQ":"1"},"97":{"3H":"1","3J":"1"},"7P":{"GF":"1","FG":"1","FC":"1","HG":"1","GG":"1","GC":"1","HC":"1","9F":"1","F9":"1","CF":"1","C9":"1","FF":"1","CC":"1","CG":"1","9G":"1","9C":"1","HF":"1","CH":"1"},"6V":{"MM":"1","MJ":"1","PH":"1","JJ":"1","PM":"1","MG":"1","JH":"1","MF":"1","QJ":"1","QG":"1","QM":"1","PG":"1","PF":"1","JG":"1","JF":"1","PJ":"1","MH":"1","QH":"1"},"HH":{"86":"1","F5":"1","95":"1","C6":"1","96":"1","85":"1","F6":"1","C5":"1","C4":"1","94":"1"},"GG":{"87":"1","88":"1","78":"1","77":"1"},"88":{"RM":"1","VC":"1","RF":"1","PH":"1","PC":"1","PM":"1","WM":"1","WH":"1","WJ":"1","RG":"1","RJ":"1","WF":"1","RH":"1","VF":"1","VH":"1","QJ":"1","QG":"1","VJ":"1","WG":"1","QM":"1","PG":"1","RC":"1","PF":"1","QC":"1","PJ":"1","VG":"1","QF":"1","VM":"1","QH":"1"},"7G":{"VM":"1"},"G5":{"9W":"1","CX":"1","FW":"1","FX":"1","CW":"1"},"79":{"98":"1","99":"1","86":"1","C9":"1","C8":"1","88":"1","87":"1","97":"1"},"3P":{"RM":"1","QP":"1","PM":"1","RP":"1","QM":"1","QQ":"1","PQ":"1","PP":"1"}},"WW":{"PV":{"9M":"1","CM":"1","9P":"1","CP":"1","9J":"1"}},"GQ":{"PQ":{"2W":"1","2X":"1"},"MR":{"X5":"1","W2":"1","W6":"1","V6":"1","X6":"1","W4":"1","X4":"1","W3":"1","V3":"1","V5":"1","V4":"1","X2":"1","W5":"1","X3":"1","V2":"1"},"PR":{"26":"1","23":"1","25":"1","22":"1","24":"1"},"MQ":{"XW":"1","VX":"1","XX":"1","WX":"1"},"VW":{"GF":"1","FG":"1","FC":"1","H9":"1","J9":"1","HG":"1","GG":"1","GC":"1","HC":"1","G9":"1","F9":"1","CF":"1","C9":"1","CC":"1","FF":"1","HF":"1"}},"9X":{"9H":{"6C":"1","9G":"1","9J":"1","7F":"1","9M":"1","79":"1","9H":"1","5F":"1","5C":"1","7M":"1","6G":"1","6H":"1","6F":"1","5G":"1","7C":"1","7J":"1","8J":"1","59":"1","CM":"1","8H":"1","8G":"1","9P":"1","7G":"1","5H":"1","7H":"1","8F":"1","69":"1","8C":"1","CP":"1","8M":"1"},"G4":{"FQ":"1","GQ":"1","HW":"1","GW":"1","HR":"1","CQ":"1","GX":"1","GV":"1","FW":"1","CX":"1","HX":"1","FR":"1","FX":"1","FP":"1","CR":"1","CW":"1","CV":"1","CP":"1","GR":"1","HV":"1","FV":"1"},"34":{"53":"1","44":"1","54":"1","43":"1","55":"1"},"8G":{"MJ":"1","RF":"1","PH":"1","JJ":"1","PC":"1","JC":"1","MG":"1","JH":"1","MF":"1","QJ":"1","QG":"1","MC":"1","PG":"1","RC":"1","PF":"1","JG":"1","JF":"1","QC":"1","PJ":"1","QF":"1","MH":"1","QH":"1"},"G5":{"F2":"1","H2":"1","G2":"1","C2":"1"}},"PX":{"75":{"V5":"1"}},"GV":{"HM":{"8P":"1","7P":"1"},"5Q":{"6H":"1","6J":"1","5H":"1","4J":"1","4M":"1","5J":"1","4H":"1"},"P3":{"6F":"1"},"JM":{"FV":"1","JM":"1","HG":"1","GH":"1","JJ":"1","88":"1","7C":"1","CJ":"1","HP":"1","HH":"1","MG":"1","MH":"1","JP":"1","HQ":"1","9C":"1","HV":"1","MJ":"1","8C":"1","FP":"1","JG":"1","CM":"1","CP":"1","FR":"1","89":"1","GP":"1","MF":"1","HR":"1","HJ":"1","HM":"1","GJ":"1","JQ":"1","GQ":"1","FQ":"1","GV":"1","JR":"1","GR":"1","FH":"1","99":"1","6C":"1","79":"1","JF":"1","JH":"1","78":"1","MM":"1","FM":"1","FJ":"1","69":"1","GM":"1","68":"1"},"HJ":{"P5":"1","M5":"1"}},"JR":{"CJ":{"64":"1","73":"1","76":"1","66":"1","75":"1","65":"1","74":"1","53":"1","54":"1","55":"1","63":"1"}},"WR":{"FM":{"4V":"1","9V":"1","7Q":"1","CQ":"1","7J":"1","5W":"1","7V":"1","8V":"1","8W":"1","8H":"1","4Q":"1","7M":"1","9W":"1","7W":"1","8J":"1","8P":"1","8M":"1","CM":"1","CP":"1","5M":"1","5R":"1","CR":"1","6H":"1","9M":"1","9P":"1","6W":"1","7H":"1","9H":"1","4R":"1","7X":"1","6M":"1","2H":"1","5X":"1","9R":"1","5V":"1","6Q":"1","9Q":"1","6P":"1","8Q":"1","9X":"1","9J":"1","5P":"1","4W":"1","6R":"1","8R":"1","6X":"1","5J":"1","5Q":"1","7P":"1","6J":"1","6V":"1","7R":"1","2J":"1"},"4H":{"2M":"1","3M":"1","2R":"1","2Q":"1","3P":"1","2P":"1"},"CM":{"XG":"1","WG":"1","WH":"1","WF":"1","XF":"1","XJ":"1","XH":"1"},"FP":{"83":"1","92":"1","94":"1","84":"1","93":"1"},"CJ":{"FJ":"1","GH":"1"},"3H":{"XP":"1","XQ":"1","XR":"1","XM":"1"},"FH":{"RM":"1","QP":"1","PM":"1","MQ":"1","RP":"1","RJ":"1","MP":"1","QJ":"1","VJ":"1","QM":"1","QQ":"1","VP":"1","PQ":"1","PP":"1","VM":"1"},"Q7":{"MW":"1","MR":"1","PR":"1","PV":"1","MV":"1"},"CG":{"G8":"1","JM":"1","HG":"1","PM":"1","JJ":"1","G7":"1","M8":"1","PP":"1","C7":"1","PH":"1","F7":"1","J6":"1","J9":"1","F8":"1","P7":"1","G6":"1","HH":"1","MG":"1","MH":"1","JP":"1","C9":"1","PJ":"1","MJ":"1","G9":"1","FC":"1","H7":"1","HC":"1","JG":"1","F6":"1","M7":"1","CC":"1","QC":"1","HF":"1","F9":"1","MF":"1","PF":"1","QF":"1","PC":"1","MQ":"1","QH":"1","GG":"1","H8":"1","C8":"1","JQ":"1","PG":"1","GC":"1","MC":"1","MP":"1","J8":"1","QJ":"1","H6":"1","Q9":"1","GF":"1","J7":"1","JF":"1","JC":"1","M9":"1","Q8":"1","JH":"1","MM":"1","H9":"1","P9":"1","P8":"1","QG":"1"},"9C":{"2H":"1","3C":"1","29":"1","2M":"1","39":"1","2C":"1","3H":"1","3G":"1","2J":"1","2G":"1","3J":"1","3F":"1","2F":"1","2P":"1"},"GX":{"XP":"1","WP":"1","VP":"1","WM":"1","XQ":"1","XV":"1","XR":"1","WQ":"1","WR":"1","WV":"1","VM":"1"},"8C":{"XP":"1","XG":"1","WP":"1","WM":"1","XQ":"1","XF":"1","XJ":"1","XC":"1","WQ":"1","XH":"1","XM":"1"}},"QV":{"GF":{"VG":"1","VF":"1","RG":"1","VH":"1","RH":"1"},"H7":{"9G":"1","CG":"1","F6":"1","G7":"1","G9":"1","GC":"1","C9":"1","GF":"1","CF":"1","FH":"1","9V":"1","F9":"1","FC":"1","F8":"1","FG":"1","9R":"1","CC":"1","F7":"1","G6":"1","FF":"1","C8":"1","9F":"1","G8":"1","CH":"1"},"H9":{"7J":"1","7H":"1","C6":"1","97":"1","96":"1","C7":"1"},"86":{"5Q":"1","CM":"1","4R":"1","5R":"1","4Q":"1"},"J9":{"Q2":"1","P2":"1","M2":"1"},"H6":{"RX":"1"},"P9":{"G8":"1","G7":"1","M8":"1","H5":"1","PH":"1","F7":"1","J6":"1","G5":"1","J9":"1","F8":"1","G6":"1","P7":"1","MG":"1","MH":"1","G9":"1","H7":"1","HC":"1","JG":"1","M7":"1","QC":"1","F9":"1","MF":"1","PF":"1","QF":"1","PC":"1","P6":"1","H8":"1","J5":"1","PG":"1","GC":"1","MC":"1","J8":"1","H6":"1","M5":"1","Q9":"1","J7":"1","JF":"1","JC":"1","M9":"1","M6":"1","H9":"1","P9":"1","P8":"1","QG":"1"},"HG":{"32":"1"},"G4":{"FC":"1","FG":"1","GC":"1","FF":"1","CF":"1","GG":"1","CG":"1","9G":"1","GF":"1","9C":"1","FH":"1","CC":"1","9F":"1"},"F5":{"QW":"1","QV":"1"},"GC":{"7R":"1","43":"1","GF":"1","45":"1","59":"1","HG":"1","GG":"1","4C":"1","48":"1","44":"1","49":"1","7V":"1","HF":"1","5C":"1","6R":"1","6V":"1"},"HC":{"3R":"1"},"GH":{"7X":"1","6X":"1"},"G9":{"QJ":"1","7V":"1","6V":"1","7W":"1","6W":"1"},"Q4":{"8P":"1","8M":"1"},"GJ":{"72":"1","63":"1","73":"1","54":"1","62":"1","65":"1","64":"1","84":"1","93":"1","83":"1","82":"1","55":"1","92":"1","95":"1","96":"1","74":"1","53":"1","85":"1","52":"1","94":"1"},"F9":{"HF":"1","M8":"1","H9":"1","HG":"1","JF":"1","MG":"1","MF":"1","M9":"1","HC":"1","H7":"1","H8":"1","J7":"1","MC":"1","J8":"1","J9":"1","JG":"1","M7":"1","JC":"1"},"H8":{"7F":"1","7H":"1","3F":"1","7G":"1","6G":"1"},"82":{"4H":"1","4P":"1","5P":"1","2H":"1","3P":"1","3H":"1","2P":"1","2J":"1","2M":"1","4J":"1","5M":"1","3J":"1","4M":"1","3M":"1"},"G2":{"CC":"1"},"F8":{"2M":"1","3F":"1","XH":"1","W6":"1","3C":"1","2F":"1","39":"1","V6":"1","3M":"1","28":"1","3J":"1","W8":"1","2H":"1","VG":"1","V7":"1","2J":"1","3G":"1","XJ":"1","2G":"1","X7":"1","3H":"1","W7":"1","X6":"1","29":"1","X8":"1","VJ":"1","2C":"1","VH":"1","V8":"1"},"G8":{"78":"1","6C":"1","3F":"1","9G":"1","49":"1","3C":"1","HX":"1","2F":"1","8R":"1","6M":"1","GC":"1","39":"1","5C":"1","87":"1","8V":"1","6P":"1","RQ":"1","28":"1","HR":"1","4H":"1","2H":"1","26":"1","58":"1","48":"1","F8":"1","3G":"1","59":"1","2G":"1","3H":"1","27":"1","66":"1","5P":"1","HQ":"1","77":"1","H8":"1","8G":"1","76":"1","4G":"1","67":"1","2C":"1","69":"1","6W":"1","G8":"1","57":"1","68":"1","5M":"1","4C":"1"},"C8":{"XG":"1","XJ":"1","WH":"1","WJ":"1","XH":"1","XM":"1","VH":"1","VJ":"1","WG":"1"},"44":{"RW":"1","VV":"1","RV":"1","VW":"1"},"J8":{"MW":"1","JX":"1","MX":"1","PW":"1","QW":"1","JW":"1","PQ":"1","MR":"1","PR":"1","MQ":"1","QX":"1","JV":"1","PV":"1","MV":"1","PX":"1"},"CC":{"PG":"1","J8":"1","QF":"1","J9":"1"},"JG":{"89":"1","88":"1"},"HF":{"C4":"1"},"C7":{"RF":"1","63":"1","P9":"1","PC":"1","H3":"1","P8":"1","R9":"1","R7":"1","M8":"1","MC":"1","RC":"1","R8":"1","Q7":"1","PF":"1","R6":"1","Q9":"1","QC":"1","P7":"1","M9":"1","QF":"1","H2":"1","Q8":"1"},"8C":{"HH":"1","9G":"1","CG":"1","M8":"1","GJ":"1","HG":"1","GC":"1","CF":"1","GF":"1","FH":"1","FM":"1","GH":"1","FC":"1","HJ":"1","FG":"1","FJ":"1","CC":"1","GG":"1","CJ":"1","FF":"1","9F":"1","J8":"1","GM":"1","FP":"1","GP":"1","CH":"1"},"H4":{"CQ":"1","7R":"1","9V":"1","FV":"1","8X":"1","CW":"1","9W":"1","7P":"1","8P":"1","7M":"1","9P":"1","FQ":"1","9M":"1","9Q":"1","8Q":"1","CR":"1","FR":"1","7Q":"1","8R":"1","7V":"1","CV":"1","8V":"1","8W":"1","9R":"1","8M":"1"}},"FW":{"M8":{"2X":"1"},"P5":{"M4":"1","J2":"1","9X":"1","9W":"1","F2":"1","J4":"1","H2":"1","G4":"1","G2":"1","H4":"1","G3":"1","8X":"1","J3":"1","H3":"1","M3":"1"},"P4":{"HW":"1","MX":"1","MW":"1","JV":"1","JW":"1","GX":"1","HX":"1","JX":"1"},"6X":{"Q2":"1","P2":"1","Q4":"1","Q3":"1","P4":"1","P3":"1"},"4F":{"G6":"1","H7":"1","G5":"1","H6":"1","F5":"1","H8":"1","H5":"1","F8":"1","G8":"1","C6":"1","G7":"1","F6":"1","F7":"1","C5":"1"},"J8":{"XX":"1","WX":"1"},"P6":{"92":"1","82":"1"},"M9":{"22":"1","24":"1","26":"1","25":"1","35":"1","34":"1","23":"1","37":"1","36":"1"},"J9":{"X5":"1","W2":"1","R2":"1","X6":"1","W4":"1","X4":"1","W3":"1","V3":"1","R3":"1","V4":"1","X2":"1","W5":"1","X3":"1","V2":"1"},"6W":{"MX":"1","PX":"1"}},"XW":{"32":{"X9":"1","XC":"1","XG":"1","XJ":"1","XP":"1","XH":"1","XM":"1","XF":"1"},"52":{"4P":"1","5Q":"1","4R":"1","CX":"1","4Q":"1","5P":"1","CW":"1"},"42":{"2H":"1","3C":"1","29":"1","2M":"1","3M":"1","2C":"1","3H":"1","3G":"1","2J":"1","2G":"1","3J":"1","3F":"1","2F":"1","2P":"1"}},"6X":{"WH":{"VC":"1","RF":"1","PH":"1","MG":"1","WH":"1","WJ":"1","RG":"1","RJ":"1","RH":"1","VF":"1","VH":"1","QG":"1","VJ":"1","WG":"1","PG":"1","RC":"1","VG":"1","QH":"1"},"MG":{"HH":"1","HP":"1","GJ":"1","HR":"1","JM":"1","JQ":"1","GH":"1","JR":"1","HJ":"1","MR":"1","FJ":"1","HQ":"1","GQ":"1","GM":"1","MP":"1","HM":"1","JP":"1","JJ":"1","GP":"1","MQ":"1"}},"JV":{"84":{"GJ":"1","GH":"1"},"4H":{"5W":"1"},"58":{"M4":"1","Q6":"1","M6":"1","Q5":"1","Q2":"1","P5":"1","Q4":"1","P3":"1","M5":"1","R4":"1","Q3":"1","P4":"1","R6":"1","M2":"1","R5":"1","M3":"1","P6":"1","P2":"1"}},"PV":{"X2":{"GF":"1","FC":"1","H9":"1","J9":"1","HG":"1","JC":"1","GG":"1","GC":"1","HC":"1","G9":"1","F9":"1","H8":"1","C9":"1","F8":"1","G8":"1","FF":"1","JF":"1","HF":"1"},"G3":{"XV":"1","XR":"1","WV":"1"},"V3":{"P2":"1","J2":"1","M2":"1","J3":"1","M3":"1"},"V2":{"MP":"1","JP":"1","MW":"1","JX":"1","MX":"1","PW":"1","QW":"1","JW":"1","MR":"1","JM":"1","PR":"1","QV":"1","MQ":"1","JR":"1","JV":"1","PV":"1","MV":"1","PX":"1","JQ":"1"}},"VR":{"6R":{"XV":"1","WR":"1","VQ":"1","XR":"1","PQ":"1","RQ":"1","WV":"1","QR":"1","PR":"1","QV":"1","MR":"1","VR":"1","XQ":"1","RR":"1","VV":"1","MV":"1","RV":"1","QQ":"1","WQ":"1","MQ":"1","PV":"1"},"6V":{"HQ":"1","HR":"1"},"7R":{"2R":"1","2V":"1","2Q":"1"}},"JW":{"57":{"XW":"1","RX":"1","RW":"1","VX":"1","XX":"1","WX":"1","WW":"1","VW":"1"},"76":{"78":"1","36":"1","34":"1","6C":"1","49":"1","7F":"1","43":"1","3C":"1","79":"1","5F":"1","38":"1","39":"1","5C":"1","35":"1","55":"1","6F":"1","7C":"1","58":"1","48":"1","59":"1","66":"1","77":"1","76":"1","45":"1","67":"1","44":"1","37":"1","46":"1","69":"1","56":"1","57":"1","68":"1","47":"1","4C":"1"},"58":{"W2":"1","R2":"1","V2":"1"}},"RX":{"JF":{"4R":"1","5R":"1"},"9M":{"FH":"1"},"HF":{"P9":"1","PC":"1","MF":"1","C6":"1","C8":"1","MC":"1","PG":"1","PF":"1","Q9":"1","QC":"1","M9":"1","C7":"1","M3":"1","QF":"1","F6":"1","F7":"1"},"XF":{"X6":"1","P4":"1","X4":"1","X5":"1"},"JG":{"3V":"1","2W":"1","3Q":"1","4W":"1","2V":"1","4V":"1","3W":"1","3R":"1"}}}}