{"index":{"university,1|retail,2|tourism,3|wreck,4|historical,5|artsCulture,6|namedBuilding,7|water,8|wetland,9|park,10|beach,11|natureReserve,12|cemetery,13|trail,14":{}},"85":{"GX":{"JF":{"PR":"1","MV":"1","QP":"1","MQ":"1","MP":"1","MR":"1","QV":"1","QR":"1","QQ":"1","QW":"1","PQ":"1","PV":"1","PP":"1"},"69":{"5H":"1","5G":"1","5J":"1"}},"44":{"PR":{"FQ":"1","9X":"1","9W":"1","CQ":"1","8X":"1","9Q":"1","CP":"1","8W":"1","6W":"1"},"GW":{"QP":"1","92":"1","MW":"1","MX":"1","7X":"1","JH":"1","MJ":"1"},"FV":{"4P":"1","5Q":"1","4R":"1","4Q":"1","5P":"1"},"FX":{"J8":"1","J9":"1","QM":"1","FV":"1"},"CW":{"3M":"1"},"9W":{"4R":"1","6X":"1","MQ":"1","8W":"1"},"VR":{"JM":"1"},"RV":{"F7":"1","52":"1","C6":"1","F6":"1","C7":"1"},"VV":{"RR":"1","VV":"1","VR":"1","RV":"1"},"GV":{"9V":"1","9W":"1","7P":"1","5J":"1","7M":"1","7H":"1","FQ":"1","GJ":"1","9X":"1","7Q":"1","GQ":"1","GR":"1"},"WV":{"7J":"1","4G":"1","6H":"1","6J":"1","5H":"1","7H":"1","4J":"1","7G":"1","5G":"1","5J":"1","4H":"1","6G":"1"},"QV":{"MM":"1","GF":"1","MJ":"1","PH":"1","JJ":"1","HG":"1","PM":"1","MG":"1","GC":"1","HC":"1","MP":"1","JH":"1","MF":"1","PG":"1","JP":"1","HH":"1","PF":"1","JG":"1","JF":"1","PJ":"1","HF":"1","JM":"1","PP":"1","MH":"1"},"QR":{"H9":"1","95":"1","C5":"1","F6":"1","G7":"1","HV":"1","C3":"1","92":"1","G9":"1","C9":"1","C6":"1","C7":"1","F9":"1","FC":"1","F4":"1","F8":"1","C4":"1","F7":"1","H8":"1","F3":"1","F5":"1","C8":"1","96":"1","G8":"1","83":"1","94":"1","93":"1"},"VP":{"9X":"1","9W":"1","CX":"1","7X":"1","8X":"1","7W":"1","CW":"1","8W":"1"},"RX":{"9R":"1","8V":"1","9W":"1","7V":"1","9V":"1","6V":"1","8X":"1","CR":"1","7W":"1","7R":"1","CW":"1","CV":"1","8W":"1","6W":"1","8R":"1"},"QW":{"JM":"1","HG":"1","GH":"1","JJ":"1","CG":"1","FF":"1","CH":"1","CJ":"1","HP":"1","HH":"1","HQ":"1","JP":"1","G9":"1","FC":"1","FP":"1","HC":"1","JG":"1","CM":"1","CC":"1","GP":"1","FG":"1","HF":"1","F9":"1","HJ":"1","HM":"1","GJ":"1","GG":"1","JQ":"1","GQ":"1","GC":"1","FH":"1","GF":"1","JF":"1","JC":"1","JH":"1","FM":"1","FJ":"1","GM":"1","CF":"1"},"CX":{"WW":"1"},"RR":{"4P":"1","4G":"1","3M":"1","3Q":"1","4Q":"1","3H":"1","3G":"1","3J":"1","4J":"1","4M":"1","4H":"1","3P":"1"},"PQ":{"92":"1","82":"1","JR":"1","C2":"1","JQ":"1","72":"1"},"JW":{"R9":"1","F4":"1"},"PV":{"92":"1","82":"1","3W":"1","WX":"1"},"PP":{"9X":"1","8V":"1","9W":"1","CX":"1","7X":"1","7V":"1","6X":"1","8X":"1","FX":"1","7W":"1","8W":"1"},"GX":{"89":"1","H5":"1","G9":"1","7V":"1","CH":"1","CF":"1","8H":"1","99":"1","9C":"1","QF":"1","CC":"1","78":"1"},"8W":{"RW":"1","RV":"1","QV":"1"},"VQ":{"F8":"1","V5":"1","C5":"1","CG":"1","92":"1","84":"1","HG":"1","93":"1","M9":"1","F7":"1","M5":"1","F4":"1","G9":"1","FG":"1","C7":"1","H8":"1","83":"1","FH":"1","GJ":"1","M7":"1","PC":"1","Q9":"1","R3":"1","R4":"1","M4":"1","M8":"1","P7":"1","CJ":"1","F9":"1","R6":"1","J7":"1","GC":"1","JC":"1","JJ":"1","MC":"1","FJ":"1","M6":"1","Q3":"1","J5":"1","FF":"1","H7":"1","Q2":"1","CH":"1","82":"1","JG":"1","R2":"1","P4":"1","Q4":"1","H4":"1","J6":"1","GG":"1","P6":"1","G5":"1","JH":"1","V4":"1","J9":"1","Q6":"1","P9":"1","Q8":"1","C6":"1","HF":"1","P8":"1","H9":"1","G4":"1","H5":"1","72":"1","C3":"1","94":"1","HH":"1","C4":"1","Q5":"1","HC":"1","73":"1","R7":"1","C9":"1","Q7":"1","R5":"1","C2":"1","P5":"1","JF":"1","G7":"1","F5":"1","C8":"1","J4":"1","G8":"1","HJ":"1","F6":"1","H6":"1","J8":"1","GF":"1","GH":"1","FC":"1","CF":"1","G6":"1"},"JX":{"RX":"1","RW":"1","QW":"1","VX":"1","QX":"1","PX":"1"}},"V5":{"Q4":{"Q9":"1","P8":"1","P9":"1","QC":"1","Q8":"1","PC":"1"},"M5":{"GX":"1","HX":"1"},"M6":{"M4":"1","F4":"1","J3":"1","H3":"1","G4":"1","J4":"1","F3":"1","J2":"1","G2":"1","G3":"1","M3":"1","J5":"1","H4":"1","H2":"1"}},"FP":{"PR":{"FW":"1","FX":"1","8X":"1","CW":"1","9W":"1","9X":"1","CX":"1","8W":"1"},"XQ":{"G8":"1","HG":"1","G7":"1","M8":"1","C7":"1","FF":"1","F7":"1","J9":"1","F8":"1","P7":"1","9C":"1","C9":"1","G9":"1","FC":"1","H7":"1","V4":"1","HC":"1","X2":"1","M7":"1","CC":"1","HF":"1","W3":"1","F9":"1","V2":"1","GG":"1","H8":"1","W2":"1","C8":"1","X3":"1","GC":"1","MC":"1","J8":"1","99":"1","GF":"1","J7":"1","JC":"1","M9":"1","H9":"1","V3":"1","P8":"1","CF":"1"},"VX":{"X6":"1","X8":"1","X7":"1","X4":"1","X5":"1"},"XP":{"XW":"1","XX":"1","WX":"1","WW":"1"},"PX":{"XV":"1","WR":"1","VQ":"1","XW":"1","WX":"1","VW":"1","RQ":"1","WV":"1","RW":"1","WW":"1","QR":"1","QV":"1","VR":"1","RR":"1","VX":"1","VV":"1","RV":"1","QQ":"1","RX":"1"},"WV":{"7J":"1","8J":"1","7M":"1","8M":"1"},"MW":{"W9":"1","W8":"1"},"WX":{"24":"1","26":"1","38":"1","25":"1","28":"1","27":"1","35":"1","34":"1","37":"1","36":"1"},"QV":{"WP":"1","VP":"1","VQ":"1","WQ":"1"},"QQ":{"2G":"1","29":"1","3F":"1","28":"1","2H":"1","3C":"1","3H":"1","2J":"1","2M":"1","39":"1","3J":"1","3G":"1","2C":"1","2F":"1","3M":"1"},"RX":{"JX":"1","JW":"1"},"QX":{"Q9":"1","RC":"1","R9":"1","QC":"1","Q8":"1","QF":"1","RF":"1","R8":"1"},"PQ":{"XH":"1","RH":"1","MJ":"1","XF":"1","QH":"1","P9":"1","MM":"1","RC":"1","PG":"1","PF":"1","XG":"1","RG":"1","Q9":"1","QF":"1","RF":"1","QG":"1","MG":"1","MF":"1","RJ":"1","PH":"1","VG":"1","M9":"1","XJ":"1","PJ":"1","PC":"1","VF":"1","WH":"1","QC":"1","WG":"1","MC":"1","WF":"1","VH":"1","XC":"1","WJ":"1","VC":"1","QJ":"1","MH":"1","QM":"1","PM":"1"},"PV":{"C3":"1","92":"1","F2":"1","82":"1","93":"1","C2":"1","F3":"1"},"PW":{"RM":"1","63":"1","73":"1","62":"1","65":"1","64":"1","RJ":"1","75":"1","VH":"1","VJ":"1","74":"1","VM":"1"},"JX":{"6J":"1","6M":"1","4J":"1","5J":"1","7M":"1"}},"38":{"8F":{"XW":"1","VQ":"1","RR":"1","VV":"1","XV":"1","VR":"1"},"9F":{"2W":"1","2V":"1"}},"CG":{"HC":{"9X":"1","9W":"1","CW":"1"}},"PG":{"PJ":{"7Q":"1","8Q":"1","7R":"1","8R":"1"}},"4F":{"72":{"JX":"1","MX":"1","HX":"1"},"63":{"H4":"1","G2":"1","M4":"1","Q4":"1","J2":"1","86":"1","R2":"1","V3":"1","87":"1","H3":"1","R3":"1","P3":"1","Q2":"1","G3":"1","M3":"1","V2":"1","P2":"1","77":"1","Q3":"1","76":"1","M2":"1","J4":"1","J3":"1","P4":"1","V4":"1","R4":"1","H2":"1"},"73":{"G6":"1","M4":"1","H7":"1","G5":"1","H6":"1","J3":"1","H3":"1","3F":"1","J4":"1","F5":"1","J7":"1","3C":"1","M5":"1","J2":"1","J6":"1","H5":"1","M2":"1","M3":"1","2C":"1","F6":"1","2F":"1","J5":"1","H4":"1","H2":"1","C4":"1"},"54":{"X2":"1"},"62":{"6C":"1","RH":"1","QH":"1","JV":"1","HF":"1","HV":"1","JW":"1","HX":"1","PG":"1","HG":"1","PF":"1","MX":"1","QF":"1","QG":"1","HR":"1","RJ":"1","PH":"1","QX":"1","GV":"1","QV":"1","JQ":"1","GX":"1","JR":"1","GW":"1","MR":"1","HC":"1","PW":"1","MV":"1","HW":"1","JX":"1","QW":"1","QJ":"1","PX":"1","MW":"1","PV":"1"},"64":{"P4":"1","F7":"1","C6":"1","P3":"1","F6":"1","C7":"1","9F":"1"},"42":{"R5":"1","Q6":"1","X6":"1","R6":"1","V7":"1","X7":"1","R7":"1","W5":"1","W7":"1","W6":"1","X5":"1","V5":"1","V6":"1","Q7":"1"},"75":{"43":"1","MV":"1","HW":"1","42":"1","MX":"1","MW":"1","53":"1","JV":"1","JW":"1","HV":"1","52":"1","PV":"1","PW":"1","JX":"1","HX":"1"},"R7":{"XW":"1"},"55":{"7J":"1","8J":"1","9M":"1","CJ":"1","7M":"1","9J":"1","8M":"1"},"76":{"J2":"1","M2":"1"},"74":{"28":"1","76":"1","66":"1","75":"1","65":"1"},"53":{"XX":"1"},"52":{"6J":"1"}},"74":{"H8":{"8G":"1","8F":"1","8P":"1","9P":"1","8J":"1","9M":"1","9F":"1","9H":"1","9G":"1","9C":"1","8H":"1","9J":"1","8C":"1","8M":"1"}},"VC":{"FP":{"MJ":"1","PH":"1","MG":"1","RG":"1","RJ":"1","RH":"1","VH":"1","QJ":"1","QG":"1","VJ":"1","PG":"1","PJ":"1","VG":"1","MH":"1","QH":"1"}},"37":{"25":{"F2":"1","96":"1"}},"86":{"3V":{"X3":"1","X4":"1"},"5Q":{"28":"1","3C":"1","39":"1","38":"1","48":"1","49":"1","4C":"1","59":"1","58":"1"},"4R":{"WH":"1","7X":"1","6X":"1","5X":"1","W4":"1","4X":"1"},"5R":{"6Q":"1","5Q":"1","5P":"1","6M":"1","5M":"1","6P":"1"},"2V":{"V7":"1","W8":"1","V8":"1","W7":"1"},"7V":{"M4":"1","P5":"1","P4":"1","P6":"1","M5":"1","M6":"1"},"4V":{"43":"1","45":"1","72":"1","63":"1","73":"1","54":"1","24":"1","62":"1","26":"1","65":"1","64":"1","56":"1","25":"1","47":"1","42":"1","66":"1","55":"1","46":"1","33":"1","44":"1","35":"1","74":"1","53":"1","32":"1","34":"1","23":"1","52":"1","37":"1","36":"1"},"6V":{"GW":"1","9W":"1","FW":"1","9V":"1","CW":"1","CV":"1","FV":"1"},"5V":{"99":"1","9C":"1"},"4M":{"CH":"1","CG":"1"},"5M":{"MP":"1","PM":"1","C8":"1","PP":"1","MM":"1"},"3W":{"4W":"1"}},"8W":{"H9":{"FV":"1","VW":"1","4V":"1","9V":"1","RR":"1","RQ":"1","WV":"1","VM":"1","XJ":"1","V5":"1","CG":"1","7Q":"1","QR":"1","CQ":"1","7J":"1","FF":"1","5W":"1","7V":"1","8V":"1","XQ":"1","CH":"1","CJ":"1","W5":"1","CX":"1","Q5":"1","FX":"1","8W":"1","XV":"1","CW":"1","8H":"1","9C":"1","7M":"1","4X":"1","9W":"1","9G":"1","FC":"1","XR":"1","7W":"1","8C":"1","R7":"1","8P":"1","8J":"1","FP":"1","XP":"1","7G":"1","V6":"1","V4":"1","R3":"1","8M":"1","VX":"1","CM":"1","CP":"1","5M":"1","5R":"1","FR":"1","CR":"1","CC":"1","9M":"1","9F":"1","FG":"1","W3":"1","Q6":"1","8G":"1","RV":"1","9P":"1","VV":"1","6W":"1","7H":"1","VQ":"1","WM":"1","QW":"1","9H":"1","4R":"1","8X":"1","R4":"1","XM":"1","WP":"1","7X":"1","6M":"1","WX":"1","WJ":"1","5X":"1","RP":"1","9R":"1","5V":"1","QM":"1","VP":"1","6Q":"1","9Q":"1","CV":"1","WW":"1","6P":"1","8F":"1","XX":"1","WQ":"1","R8":"1","RW":"1","8Q":"1","RM":"1","FQ":"1","9X":"1","9J":"1","5P":"1","4W":"1","QP":"1","QJ":"1","RJ":"1","FH":"1","W7":"1","QQ":"1","WR":"1","R6":"1","Q9":"1","QV":"1","6R":"1","8R":"1","FW":"1","XW":"1","Q7":"1","VJ":"1","6X":"1","W6":"1","Q8":"1","V7":"1","FM":"1","W4":"1","5J":"1","5Q":"1","7P":"1","V3":"1","R5":"1","VR":"1","6J":"1","FJ":"1","CF":"1","6V":"1","RX":"1","7R":"1","QX":"1"},"JC":{"23":"1","25":"1","22":"1","24":"1"},"HC":{"R5":"1","W3":"1","Q4":"1","X4":"1","95":"1","C5":"1","F6":"1","C3":"1","86":"1","R2":"1","92":"1","V3":"1","87":"1","W2":"1","84":"1","C6":"1","R3":"1","F2":"1","C7":"1","V5":"1","Q5":"1","Q2":"1","F4":"1","F8":"1","X3":"1","97":"1","C2":"1","C4":"1","V2":"1","85":"1","F7":"1","Q3":"1","X2":"1","F3":"1","W4":"1","F5":"1","82":"1","C8":"1","96":"1","83":"1","94":"1","W5":"1","V4":"1","R4":"1","93":"1","X5":"1","88":"1","98":"1"},"J9":{"3Q":"1","2V":"1","3P":"1","2P":"1","2Q":"1","2X":"1","2J":"1","2M":"1","3R":"1","2W":"1","2R":"1","3J":"1","3M":"1"}},"HG":{"HQ":{"W7":"1","Q6":"1","V6":"1","P8":"1","R7":"1","V5":"1","V7":"1","R8":"1","Q7":"1","R6":"1","R5":"1","P7":"1","V8":"1","P6":"1","Q8":"1"}},"WX":{"RH":{"M4":"1","J6":"1","P5":"1","P4":"1","J4":"1","P6":"1","M5":"1","M6":"1","J5":"1"}},"59":{"FQ":{"VX":"1"},"HW":{"G5":"1"},"FM":{"M4":"1","P2":"1","J2":"1","H5":"1","J4":"1","H2":"1","H4":"1","P3":"1","M2":"1","J3":"1","H3":"1","M5":"1","M3":"1","J5":"1"},"9X":{"M7":"1","J9":"1","P9":"1","P8":"1","M6":"1","J7":"1","J6":"1","M8":"1","J8":"1","P7":"1","M9":"1"},"HR":{"F4":"1","84":"1","F5":"1","95":"1","C6":"1","96":"1","97":"1","C7":"1","85":"1","F6":"1","F7":"1","C5":"1","C4":"1","94":"1"},"JX":{"XP":"1","XQ":"1","XR":"1"},"GV":{"78":"1","6C":"1","7F":"1","79":"1","5J":"1","5F":"1","6M":"1","5C":"1","7M":"1","6G":"1","6P":"1","6H":"1","6F":"1","5G":"1","7C":"1","7J":"1","6J":"1","8J":"1","7P":"1","59":"1","5P":"1","8H":"1","8G":"1","7G":"1","5H":"1","7H":"1","8F":"1","89":"1","69":"1","8C":"1","68":"1","88":"1","5M":"1"},"MX":{"4P":"1","3Q":"1","2R":"1","4R":"1","4Q":"1","3R":"1","2Q":"1","3P":"1","2P":"1"},"FW":{"2M":"1","3F":"1","2P":"1","J6":"1","4J":"1","P6":"1","2F":"1","5J":"1","3M":"1","3J":"1","MG":"1","2H":"1","Q7":"1","M6":"1","3G":"1","2G":"1","3H":"1","XQ":"1","4F":"1","P7":"1","J5":"1","J7":"1","P5":"1","M5":"1","M7":"1"},"CX":{"6Q":"1","5Q":"1","7Q":"1","7P":"1","5P":"1","7M":"1","6P":"1"},"MR":{"89":"1","77":"1","7C":"1","69":"1","68":"1","79":"1","88":"1","87":"1","78":"1","8C":"1","67":"1"},"2X":{"RX":"1","RW":"1","VX":"1","RV":"1","VW":"1"},"FX":{"44":"1","34":"1"},"PR":{"57":"1","65":"1","56":"1","66":"1","68":"1","58":"1","55":"1","67":"1"},"FJ":{"JX":"1","MX":"1","HX":"1","PX":"1"},"CJ":{"XH":"1"},"JR":{"4X":"1","4J":"1","G7":"1","4P":"1","4M":"1","5J":"1","6M":"1","G9":"1","C9":"1","6R":"1","3M":"1","5V":"1","6P":"1","4Q":"1","4R":"1","3J":"1","C7":"1","6X":"1","F9":"1","6J":"1","5W":"1","6Q":"1","FC":"1","4V":"1","F8":"1","5X":"1","CC":"1","5P":"1","F7":"1","5Q":"1","99":"1","4W":"1","C8":"1","6V":"1","6W":"1","3Q":"1","3P":"1","G8":"1","5R":"1","5M":"1"},"JV":{"HM":"1"},"MV":{"Q9":"1","PG":"1","P9":"1","MH":"1","PH":"1","QC":"1","MG":"1","PC":"1"},"GR":{"GX":"1"},"HV":{"FJ":"1"}},"63":{"4V":{"RH":"1","QH":"1","RC":"1","J2":"1","PG":"1","JF":"1","PF":"1","H3":"1","RG":"1","QF":"1","RF":"1","QG":"1","MG":"1","RJ":"1","MF":"1","PH":"1","WM":"1","PC":"1","RM":"1","WH":"1","VJ":"1","QC":"1","MC":"1","VH":"1","WJ":"1","X5":"1","VM":"1","H2":"1","JC":"1"},"2G":{"8G":"1","J9":"1","7X":"1","JJ":"1","F5":"1","7H":"1","8J":"1","J7":"1","82":"1","9H":"1","C6":"1","9G":"1","8H":"1","JM":"1","F6":"1","9J":"1","C5":"1","8M":"1"},"3G":{"P9":"1","M8":"1","CW":"1","FX":"1","6X":"1","GV":"1","GX":"1","7W":"1","FW":"1","M9":"1","GW":"1","CV":"1","FV":"1","7X":"1","CX":"1","Q8":"1","9X":"1","P8":"1"},"3R":{"9J":"1","8P":"1","73":"1","9M":"1","7M":"1","6G":"1","84":"1","6H":"1","7J":"1","8J":"1","CM":"1","8H":"1","8G":"1","7G":"1","9P":"1","CJ":"1","7H":"1","82":"1","83":"1","JX":"1","72":"1","CP":"1","93":"1","8M":"1","74":"1","62":"1"},"3H":{"G4":"1","95":"1","73":"1","C5":"1","F6":"1","53":"1","C3":"1","86":"1","92":"1","84":"1","C6":"1","52":"1","F2":"1","C7":"1","63":"1","F4":"1","H6":"1","C2":"1","C4":"1","G5":"1","85":"1","F7":"1","G6":"1","F3":"1","F5":"1","82":"1","75":"1","96":"1","83":"1","H5":"1","72":"1","94":"1","93":"1","74":"1","62":"1"},"2R":{"RX":"1","RW":"1","VX":"1","VW":"1"},"CH":{"P9":"1","PC":"1","M8":"1","MC":"1","Q9":"1","QC":"1","M9":"1"},"37":{"2M":"1","3M":"1","2R":"1","2Q":"1","3P":"1","2P":"1"},"8H":{"4P":"1","7J":"1","8J":"1","5Q":"1","7H":"1","5P":"1","8H":"1","7M":"1"},"4Q":{"GP":"1","JQ":"1","HW":"1","FQ":"1","P5":"1","GV":"1","HR":"1","FR":"1","GQ":"1","JV":"1","HQ":"1","JR":"1","HP":"1","HV":"1","GR":"1"},"59":{"HX":"1"},"5H":{"GP":"1","HJ":"1","FM":"1","CM":"1","CP":"1","GH":"1","FP":"1","GM":"1","GJ":"1","CJ":"1","FJ":"1","FH":"1","HH":"1","PW":"1","CH":"1"},"9C":{"RQ":"1","RJ":"1","VP":"1","VJ":"1","XJ":"1","RP":"1","XH":"1","RM":"1","VM":"1","RH":"1"},"77":{"4X":"1","4P":"1","3X":"1","6M":"1","6R":"1","5V":"1","6P":"1","4Q":"1","4R":"1","3W":"1","5W":"1","6Q":"1","4V":"1","5X":"1","3V":"1","5P":"1","5Q":"1","4W":"1","3Q":"1","3P":"1","5R":"1","3R":"1","5M":"1"},"7F":{"4G":"1","4F":"1","3G":"1","2G":"1","3F":"1","2F":"1"},"5M":{"36":"1","26":"1"},"75":{"X9":"1","X6":"1","X8":"1","X7":"1","W5":"1","W7":"1","W6":"1","X5":"1"},"MV":{"M8":"1","M7":"1"},"6H":{"9H":"1","CH":"1","CG":"1","9G":"1"},"6F":{"VC":"1","RF":"1","XG":"1","P9":"1","PC":"1","P8":"1","R9":"1","RG":"1","WF":"1","VF":"1","V9":"1","QG":"1","XF":"1","WG":"1","PG":"1","RC":"1","R8":"1","PF":"1","Q9":"1","QC":"1","VG":"1","V8":"1","QF":"1","Q8":"1"},"CC":{"4H":"1","2G":"1","5J":"1","2H":"1","3H":"1","2J":"1","2M":"1","5H":"1","4J":"1","3J":"1","3G":"1","4M":"1","3M":"1","5G":"1","4G":"1"},"9F":{"PM":"1","JG":"1","MH":"1","JM":"1","HH":"1","JH":"1","MM":"1","JJ":"1","MJ":"1"},"27":{"WP":"1","RM":"1","PR":"1","XQ":"1","MV":"1","WR":"1","XJ":"1","WQ":"1","VR":"1","VX":"1","WM":"1","XP":"1","WJ":"1","RP":"1","RJ":"1","XV":"1","RV":"1","XM":"1","VV":"1","MR":"1","WV":"1","MW":"1","WX":"1","VJ":"1","QV":"1","QR":"1","RQ":"1","QQ":"1","XR":"1","VP":"1","RX":"1","QW":"1","QX":"1","VW":"1","RR":"1","RW":"1","PV":"1","PW":"1","XW":"1","WW":"1","VQ":"1","VM":"1"},"3M":{"XC":"1"},"MR":{"G6":"1","H7":"1","G5":"1","H6":"1","F5":"1","J7":"1","J6":"1","H8":"1","H5":"1","G8":"1","J8":"1","G7":"1","HV":"1","F6":"1","F7":"1"},"2V":{"Q2":"1","Q4":"1","Q3":"1","R3":"1","R4":"1","R2":"1","V2":"1"},"5C":{"MJ":"1","J6":"1","P9":"1","HF":"1","M8":"1","H9":"1","P6":"1","PG":"1","HG":"1","JF":"1","PF":"1","Q9":"1","QF":"1","P3":"1","QG":"1","MG":"1","MF":"1","PH":"1","Q7":"1","M9":"1","M6":"1","H6":"1","JH":"1","HC":"1","P7":"1","PC":"1","PJ":"1","H7":"1","H8":"1","QC":"1","J7":"1","Q8":"1","MC":"1","J8":"1","H5":"1","MH":"1","Q6":"1","J9":"1","JJ":"1","P8":"1","JG":"1","M7":"1","JC":"1"},"HW":{"J7":"1"},"3P":{"M4":"1","Q4":"1","62":"1","Q5":"1","P5":"1","P4":"1","4W":"1","J5":"1"},"MW":{"WR":"1","VR":"1","RV":"1","VV":"1","WV":"1","VW":"1","RR":"1","WW":"1"},"6M":{"64":"1","66":"1","45":"1","65":"1","54":"1","46":"1","56":"1","55":"1"},"2H":{"83":"1","73":"1","74":"1","84":"1"},"64":{"HF":"1","H9":"1","JF":"1","G9":"1","GC":"1","C9":"1","CF":"1","GF":"1","F9":"1","FC":"1","F8":"1","HC":"1","CC":"1","FF":"1","C8":"1","9F":"1","J9":"1","JC":"1"},"3Q":{"8X":"1","6R":"1","7V":"1","5V":"1","6P":"1","4R":"1","6X":"1","5W":"1","7W":"1","6Q":"1","4V":"1","7X":"1","5P":"1","5Q":"1","6V":"1","6W":"1","7Q":"1","7R":"1","5R":"1","8W":"1"},"5V":{"FM":"1","CM":"1","CH":"1","FJ":"1","CJ":"1","FH":"1"},"4P":{"XV":"1"},"3W":{"JG":"1","MG":"1"},"4G":{"HG":"1","HH":"1","GG":"1","FH":"1","GH":"1"},"2Q":{"V8":"1"},"5F":{"9X":"1","H6":"1"},"2P":{"HH":"1","MJ":"1","HF":"1","95":"1","VQ":"1","C5":"1","F6":"1","G7":"1","JF":"1","G9":"1","C9":"1","C6":"1","9C":"1","C7":"1","F9":"1","HJ":"1","F8":"1","97":"1","VR":"1","JH":"1","HC":"1","G5":"1","CC":"1","F7":"1","G6":"1","99":"1","F5":"1","C8":"1","96":"1","G8":"1","MH":"1","J9":"1","JJ":"1","88":"1","98":"1","JG":"1","JC":"1"},"5Q":{"8G":"1","8F":"1","89":"1","9F":"1","7C":"1","7F":"1","79":"1","9C":"1","8C":"1"},"28":{"Q2":"1","W2":"1","R2":"1","V2":"1"},"2X":{"98":"1","89":"1","FC":"1","99":"1","86":"1","9F":"1","F9":"1","CF":"1","C9":"1","F8":"1","C6":"1","95":"1","C8":"1","96":"1","CC":"1","88":"1","87":"1","9C":"1","97":"1","C7":"1","85":"1"},"6J":{"X6":"1","X7":"1","W7":"1","W6":"1"},"4M":{"5Q":"1","4R":"1","5R":"1","26":"1","4Q":"1"},"85":{"28":"1","29":"1","37":"1","26":"1","38":"1","25":"1","27":"1"},"2J":{"57":"1","28":"1","36":"1","37":"1","26":"1","38":"1","25":"1","35":"1","48":"1","46":"1","27":"1","56":"1","47":"1"}},"93":{"J2":{"QR":"1","QW":"1","PR":"1","QV":"1","PV":"1"},"7V":{"M4":"1","G6":"1","G5":"1","H6":"1","J3":"1","H3":"1","G4":"1","J4":"1","M6":"1","M5":"1","J6":"1","J2":"1","H5":"1","G2":"1","G3":"1","M2":"1","M3":"1","J5":"1","H4":"1","H2":"1"},"8G":{"WG":"1","WH":"1","WJ":"1","XH":"1","VH":"1"},"6P":{"J6":"1","P9":"1","M4":"1","M8":"1","H9":"1","P6":"1","Q9":"1","P3":"1","Q5":"1","Q7":"1","M9":"1","M6":"1","M3":"1","HC":"1","P7":"1","H8":"1","J5":"1","J7":"1","J4":"1","Q8":"1","MC":"1","P5":"1","J8":"1","J3":"1","M5":"1","P4":"1","Q6":"1","J9":"1","P8":"1","M7":"1","JC":"1"}},"V7":{"JV":{"2W":"1","2R":"1","2V":"1","2X":"1","2Q":"1"},"HV":{"WP":"1","XQ":"1","WR":"1","WQ":"1","VR":"1","VX":"1","XP":"1","RP":"1","XV":"1","VV":"1","XX":"1","WV":"1","WX":"1","RQ":"1","XR":"1","VP":"1","VW":"1","RR":"1","XW":"1","WW":"1","VQ":"1"}},"8H":{"QR":{"GH":"1","CG":"1","7J":"1","FF":"1","88":"1","7C":"1","CH":"1","CJ":"1","59":"1","5H":"1","9C":"1","9G":"1","FC":"1","8C":"1","8J":"1","7G":"1","8M":"1","CM":"1","7F":"1","5M":"1","6H":"1","6F":"1","CC":"1","9M":"1","89":"1","9F":"1","FG":"1","98":"1","7H":"1","5C":"1","9H":"1","6M":"1","GJ":"1","GG":"1","8F":"1","GC":"1","9J":"1","5G":"1","FH":"1","99":"1","GF":"1","6C":"1","79":"1","6G":"1","5F":"1","78":"1","58":"1","FM":"1","5J":"1","6J":"1","FJ":"1","69":"1","GM":"1","CF":"1","68":"1"},"R8":{"44":"1","43":"1","34":"1","33":"1"},"Q7":{"CX":"1","FW":"1","FX":"1","CW":"1"}},"62":{"5W":{"8X":"1","CW":"1","8R":"1","6R":"1","7V":"1","5V":"1","8V":"1","8Q":"1","9V":"1","6X":"1","5W":"1","7W":"1","7X":"1","9R":"1","CX":"1","9W":"1","6V":"1","6W":"1","7Q":"1","7R":"1","5R":"1","8W":"1","9X":"1"},"CW":{"J6":"1","H9":"1","G7":"1","G9":"1","M6":"1","H6":"1","G5":"1","H7":"1","G6":"1","H8":"1","J5":"1","J7":"1","J8":"1","G8":"1","H5":"1","M5":"1","J9":"1","M7":"1"},"5X":{"C5":"1","82":"1","93":"1","F4":"1","C7":"1","F7":"1","88":"1","G5":"1","7C":"1","F8":"1","G6":"1","C9":"1","54":"1","94":"1","FC":"1","96":"1","95":"1","77":"1","76":"1","75":"1","F6":"1","67":"1","CC":"1","87":"1","89":"1","92":"1","86":"1","F9":"1","C6":"1","98":"1","73":"1","55":"1","65":"1","84":"1","64":"1","72":"1","56":"1","C8":"1","63":"1","66":"1","74":"1","97":"1","G4":"1","53":"1","99":"1","6C":"1","79":"1","F5":"1","78":"1","62":"1","83":"1","69":"1","52":"1","85":"1","68":"1"},"F8":{"3Q":"1","2R":"1","2Q":"1","3P":"1","2P":"1"},"7Q":{"GF":"1","G6":"1","H7":"1","H9":"1","H6":"1","CM":"1","GC":"1","HC":"1","G9":"1","H8":"1","G8":"1","G7":"1","HF":"1","F6":"1","F7":"1"},"C8":{"43":"1","WP":"1","XQ":"1","WR":"1","WQ":"1","WM":"1","XP":"1","42":"1","93":"1","XM":"1","33":"1","44":"1","XR":"1","53":"1","VP":"1","32":"1","34":"1","52":"1","VQ":"1"},"CC":{"C9":"1"},"6P":{"RP":"1"},"C7":{"HH":"1","2X":"1","3X":"1","QV":"1","HJ":"1","3W":"1","4X":"1"},"5R":{"7R":"1","9V":"1","7X":"1","8X":"1","9W":"1","7W":"1","9X":"1","8R":"1","7V":"1","6W":"1","8V":"1","8W":"1","9R":"1","6R":"1","6V":"1","6X":"1"},"6R":{"V9":"1"},"C5":{"34":"1","43":"1","73":"1","53":"1","65":"1","86":"1","92":"1","87":"1","84":"1","52":"1","55":"1","63":"1","64":"1","33":"1","C2":"1","54":"1","85":"1","77":"1","42":"1","76":"1","44":"1","82":"1","75":"1","83":"1","72":"1","94":"1","93":"1","74":"1","62":"1"},"6X":{"RW":"1","VV":"1","QW":"1","VX":"1","RV":"1","QV":"1","VW":"1","WW":"1"},"C4":{"78":"1","6C":"1","9G":"1","4X":"1","CG":"1","8X":"1","9J":"1","7F":"1","8P":"1","FR":"1","CW":"1","9M":"1","79":"1","5J":"1","8R":"1","9H":"1","5F":"1","C9":"1","5C":"1","87":"1","8V":"1","6G":"1","CF":"1","6H":"1","FH":"1","FX":"1","8Q":"1","9C":"1","C7":"1","6F":"1","CQ":"1","5G":"1","9V":"1","6X":"1","FM":"1","7C":"1","7J":"1","F9":"1","6J":"1","5W":"1","7W":"1","FW":"1","8J":"1","FC":"1","F8":"1","FG":"1","97":"1","59":"1","CM":"1","CV":"1","7X":"1","FV":"1","5X":"1","9R":"1","4F":"1","CC":"1","F7":"1","8H":"1","77":"1","8G":"1","9P":"1","7G":"1","CJ":"1","99":"1","5H":"1","7H":"1","8F":"1","9W":"1","CX":"1","9Q":"1","89":"1","C8":"1","6V":"1","9F":"1","69":"1","6W":"1","8C":"1","FQ":"1","8W":"1","FP":"1","9X":"1","68":"1","CP":"1","8M":"1","98":"1","88":"1","CH":"1","CR":"1","4C":"1"}},"M9":{"GW":{"9X":"1","9W":"1","8X":"1","CW":"1","8W":"1"},"FW":{"MX":"1"}},"W6":{"9C":{"VP":"1","WP":"1"}},"F7":{"64":{"MH":"1","MG":"1"}},"6W":{"57":{"P9":"1","PC":"1","P8":"1","R9":"1","QG":"1","PG":"1","R8":"1","PF":"1","Q9":"1","QC":"1","QF":"1","Q8":"1"},"X3":{"MJ":"1","JV":"1","MM":"1","HV":"1","HP":"1","JW":"1","HX":"1","PQ":"1","RQ":"1","JM":"1","QX":"1","QR":"1","PR":"1","JQ":"1","HJ":"1","MR":"1","RR":"1","MV":"1","HW":"1","RV":"1","QP":"1","PP":"1","MP":"1","QW":"1","JX":"1","QQ":"1","HM":"1","RX":"1","JP":"1","JJ":"1","QM":"1","MQ":"1","MW":"1","PV":"1","PM":"1"},"67":{"4G":"1","4F":"1","3F":"1"}},"M5":{"MP":{"45":"1","46":"1","56":"1","55":"1"},"HQ":{"XW":"1","XV":"1","XX":"1","WW":"1"},"JP":{"7Q":"1","8Q":"1","8R":"1"},"JF":{"7R":"1","7P":"1","8P":"1","6Q":"1","8Q":"1","7W":"1","7Q":"1","8R":"1","7V":"1","6W":"1","6P":"1","8V":"1","8W":"1","6R":"1","6V":"1","6X":"1"},"M8":{"3C":"1","29":"1","39":"1","2C":"1","4F":"1","3G":"1","2G":"1","3F":"1","4C":"1","2F":"1"},"HR":{"X2":"1","X3":"1","X4":"1"},"JG":{"62":"1","63":"1"},"HJ":{"WF":"1","VG":"1","VF":"1"},"HC":{"7P":"1","5J":"1","7M":"1","5P":"1","7H":"1","6Q":"1","6H":"1","7J":"1","7Q":"1","5M":"1","6P":"1","6M":"1","6J":"1"},"GJ":{"M4":"1","P5":"1","P4":"1","P6":"1","M5":"1","M6":"1"},"R3":{"25":"1","24":"1"},"JR":{"43":"1","22":"1","54":"1","24":"1","65":"1","64":"1","56":"1","42":"1","66":"1","55":"1","33":"1","32":"1","34":"1","23":"1"},"JQ":{"4X":"1","2V":"1","2Q":"1","4P":"1","4M":"1","3X":"1","5V":"1","6P":"1","4Q":"1","2R":"1","4R":"1","3W":"1","6Q":"1","4V":"1","2W":"1","3V":"1","5P":"1","5Q":"1","4W":"1","3Q":"1","5R":"1","3R":"1","2X":"1","5M":"1"}},"HX":{"36":{"RH":"1"},"46":{"6X":"1","5X":"1"},"47":{"64":"1","62":"1","53":"1","52":"1","54":"1","63":"1"}},"45":{"34":{"VX":"1"},"2M":{"32":"1"},"G4":{"X9":"1","7F":"1","FR":"1","7C":"1","3W":"1","CV":"1","FV":"1","8R":"1"},"G2":{"HH":"1","2M":"1","6C":"1","MJ":"1","J6":"1","2P":"1","JV":"1","M8":"1","4J":"1","MM":"1","F6":"1","3C":"1","HP":"1","5F":"1","R2":"1","PQ":"1","6R":"1","7V":"1","5V":"1","JM":"1","5G":"1","PR":"1","JQ":"1","6J":"1","GX":"1","JR":"1","H6":"1","MR":"1","JH":"1","27":"1","HQ":"1","H7":"1","5H":"1","J7":"1","82":"1","6V":"1","PP":"1","7Q":"1","7R":"1","J8":"1","MP":"1","WJ":"1","HM":"1","MH":"1","JP":"1","47":"1","JJ":"1","MQ":"1","M7":"1"},"RH":{"VC":"1","RC":"1","VF":"1","QF":"1","RF":"1"},"H9":{"9P":"1","GV":"1","9F":"1","CF":"1","C8":"1","9C":"1","97":"1","C7":"1"},"C5":{"X2":"1","W2":"1"},"F6":{"94":"1","G6":"1"},"3C":{"XC":"1"},"C3":{"WC":"1"},"J2":{"Q2":"1","P2":"1","Q4":"1","Q3":"1","P3":"1","R3":"1","V3":"1","R4":"1","R2":"1","V2":"1"},"R2":{"VC":"1","RC":"1","VF":"1"},"G9":{"XG":"1","QF":"1"},"P3":{"X5":"1","W7":"1","W6":"1","V6":"1","W4":"1","X4":"1","V3":"1","R4":"1","V5":"1","V4":"1","V7":"1","R6":"1","W5":"1","R5":"1"},"F2":{"WR":"1","X6":"1","VR":"1","WJ":"1","RV":"1","6M":"1","RW":"1","8W":"1","VQ":"1"},"63":{"HW":"1"},"F4":{"X5":"1","H9":"1","PM":"1","8P":"1","7M":"1","9P":"1","9Q":"1","8Q":"1","H8":"1","7J":"1","7F":"1","M9":"1","6M":"1","XW":"1","WW":"1","6C":"1","6J":"1"},"G3":{"4F":"1","22":"1","5F":"1","4H":"1","PC":"1","26":"1","VX":"1","MG":"1","28":"1","MF":"1","CF":"1","27":"1","33":"1","MC":"1","PG":"1","P4":"1","PF":"1","6P":"1","23":"1","3G":"1","2C":"1","6V":"1","5G":"1","4G":"1"},"HC":{"95":"1"},"C2":{"V8":"1"},"C4":{"XX":"1","WX":"1"},"G6":{"64":"1","54":"1"},"H8":{"5M":"1"},"99":{"9J":"1"},"F3":{"G6":"1","G5":"1","XC":"1","R2":"1","JC":"1","7P":"1","G4":"1","R9":"1","F5":"1","58":"1","C6":"1","FH":"1","PG":"1","X2":"1","F6":"1","J5":"1"},"F5":{"5F":"1","7H":"1","7G":"1","6G":"1","6H":"1","7F":"1","6F":"1","5C":"1","6C":"1","5G":"1"},"GM":{"2Q":"1"},"93":{"7H":"1","C6":"1"},"H2":{"7J":"1"}},"WH":{"F6":{"MR":"1"}},"7H":{"MR":{"QX":"1","PX":"1"},"MV":{"Q2":"1","P3":"1"}},"6R":{"9R":{"XP":"1","XJ":"1","XM":"1"},"CR":{"3Q":"1","3P":"1","2P":"1","2Q":"1","2J":"1","2M":"1","3J":"1","3M":"1"},"5M":{"C3":"1","J2":"1","F2":"1","H2":"1","G4":"1","G2":"1","G3":"1","J3":"1","H3":"1","C2":"1","F4":"1","F3":"1"},"5J":{"GX":"1","HX":"1","FX":"1"}},"46":{"9R":{"W4":"1"},"JF":{"2W":"1","QV":"1","CG":"1","XH":"1","5W":"1"},"HM":{"C2":"1"},"JG":{"JQ":"1","H9":"1","J9":"1","7H":"1","HC":"1","Q2":"1","VF":"1","H8":"1","QG":"1","92":"1","JP":"1","J8":"1","VG":"1","3G":"1","C4":"1"},"MH":{"53":"1","79":"1","3X":"1","5F":"1","5C":"1","5V":"1","4Q":"1","4R":"1","3W":"1","5G":"1","58":"1","5W":"1","4V":"1","3V":"1","25":"1","5Q":"1","4W":"1","3Q":"1","5R":"1","8W":"1","3R":"1","47":"1","62":"1"},"HG":{"9X":"1","CX":"1","8X":"1","F8":"1"},"HH":{"M4":"1","83":"1","92":"1","82":"1","C2":"1"},"8X":{"64":"1"},"CR":{"44":"1"},"HJ":{"6R":"1","V8":"1"},"7W":{"J2":"1","R2":"1"},"JH":{"M4":"1","H8":"1","X9":"1","J6":"1","H5":"1","HP":"1","J4":"1","M7":"1","H6":"1","FW":"1","CX":"1","J7":"1","J8":"1","H4":"1","FX":"1","P6":"1","J3":"1","RG":"1","M5":"1","M6":"1","M3":"1","X5":"1","86":"1","J5":"1","H7":"1","72":"1"},"MG":{"F4":"1","4P":"1","F5":"1","7H":"1","7C":"1","7J":"1","2X":"1","79":"1","6W":"1","39":"1","8V":"1","52":"1","8W":"1","6J":"1","C5":"1","C4":"1","4G":"1"},"RF":{"GW":"1","MV":"1","HW":"1","GV":"1","HR":"1","MR":"1","MX":"1","MW":"1","JV":"1","JR":"1","JW":"1","HV":"1","GR":"1","GX":"1","HX":"1","JX":"1"},"JJ":{"GF":"1","RF":"1","F4":"1","GG":"1","25":"1","GC":"1","HC":"1","F3":"1","93":"1","92":"1","F2":"1","C3":"1","C2":"1","C8":"1","78":"1","HF":"1","C7":"1","C4":"1","94":"1"}},"CV":{"39":{"9M":"1","CM":"1","8P":"1","9P":"1","7P":"1","7M":"1","8M":"1"}},"RV":{"V5":{"PR":"1","JQ":"1","PX":"1","MQ":"1","MX":"1","JV":"1","JR":"1","PQ":"1","JW":"1","PV":"1","PW":"1","JX":"1"},"V6":{"J2":"1","M2":"1","J3":"1","M3":"1"}},"G9":{"MX":{"WF":"1","XF":"1"},"GM":{"JF":"1","HF":"1","JG":"1","HG":"1"}},"4W":{"6H":{"X2":"1"},"7H":{"43":"1","22":"1","24":"1","33":"1","44":"1","35":"1","32":"1","34":"1","23":"1"},"7G":{"2X":"1","3X":"1"},"6G":{"XX":"1"}},"8M":{"2W":{"28":"1","3C":"1","29":"1","37":"1","39":"1","38":"1","3F":"1"},"8R":{"M4":"1","H6":"1","Q6":"1","J4":"1","M6":"1","Q5":"1","P5":"1","Q4":"1","M5":"1","J6":"1","H5":"1","P4":"1","P6":"1","J5":"1"}},"FH":{"3C":{"GW":"1","JQ":"1","MV":"1","R2":"1","HW":"1","PX":"1","GV":"1","HR":"1","MX":"1","MW":"1","JV":"1","JR":"1","JW":"1","HV":"1","PW":"1","HX":"1","JX":"1"},"2F":{"P6":"1"}},"3F":{"73":{"Q6":"1","R6":"1"},"HQ":{"72":"1","63":"1","73":"1","62":"1","64":"1","84":"1","93":"1","75":"1","83":"1","82":"1","74":"1","85":"1","94":"1"},"62":{"H9":"1","MC":"1","P9":"1","JC":"1","HC":"1","M9":"1","J9":"1","PC":"1"},"HM":{"28":"1","29":"1","37":"1","38":"1","27":"1"},"HP":{"2H":"1"},"GP":{"XV":"1","WV":"1"},"XM":{"36":"1","26":"1","25":"1","35":"1"},"63":{"X6":"1","W5":"1","W7":"1","W6":"1","X5":"1"},"72":{"RX":"1","RW":"1","VV":"1","QW":"1","VX":"1","RV":"1","QX":"1","VW":"1"}},"47":{"J4":{"HP":"1","MQ":"1"},"MF":{"RX":"1","MX":"1","QX":"1","PX":"1"},"F6":{"J7":"1"},"MG":{"M4":"1","R2":"1","Q5":"1","Q2":"1","P5":"1","Q4":"1","P3":"1","M5":"1","R4":"1","R3":"1","Q3":"1","P4":"1","M2":"1","R5":"1","M3":"1","P2":"1"}},"3C":{"X7":{"RQ":"1","QQ":"1","QP":"1","RP":"1","RM":"1","QM":"1"}},"PM":{"Q3":{"86":"1","63":"1","54":"1","57":"1","77":"1","65":"1","64":"1","56":"1","84":"1","75":"1","66":"1","55":"1","76":"1","53":"1","74":"1","85":"1","67":"1"}},"CQ":{"R5":{"XC":"1","XG":"1","PC":"1","XJ":"1","WH":"1","WJ":"1","WC":"1","WF":"1","XH":"1","MF":"1","XF":"1","MC":"1","WG":"1","PF":"1","VG":"1"},"Q6":{"86":"1","73":"1","77":"1","65":"1","64":"1","84":"1","X4":"1","75":"1","66":"1","7C":"1","69":"1","68":"1","76":"1","79":"1","88":"1","74":"1","87":"1","78":"1","85":"1","6C":"1","67":"1"},"X6":{"V6":"1","R7":"1","R4":"1","V5":"1","V4":"1","V7":"1","R6":"1","R5":"1"},"R6":{"9X":"1"},"W5":{"2M":"1","2P":"1","2Q":"1","WR":"1","4P":"1","4M":"1","6M":"1","3M":"1","6R":"1","5V":"1","6P":"1","4Q":"1","2R":"1","4R":"1","5W":"1","6Q":"1","4V":"1","2J":"1","5P":"1","5Q":"1","4W":"1","6V":"1","6W":"1","3P":"1","5R":"1","JP":"1","MQ":"1","5M":"1"},"V5":{"XV":"1","WR":"1","XW":"1","R8":"1","2F":"1","XR":"1","XM":"1","VW":"1","WV":"1","RW":"1","2H":"1","WW":"1","2J":"1","XJ":"1","2G":"1","XQ":"1","XP":"1","VX":"1","VV":"1","29":"1","2C":"1","RV":"1","V8":"1","RX":"1","V9":"1"},"79":{"77":"1","65":"1","75":"1","66":"1","76":"1","87":"1","78":"1","67":"1"},"V6":{"R5":"1","Q6":"1","Q4":"1","Q3":"1","Q5":"1","R3":"1","V3":"1","R4":"1","R2":"1","V2":"1","Q7":"1"},"8C":{"6C":"1","3F":"1","49":"1","7F":"1","3C":"1","79":"1","5J":"1","5F":"1","39":"1","5C":"1","6G":"1","6H":"1","6F":"1","4H":"1","5G":"1","7C":"1","58":"1","6J":"1","48":"1","59":"1","4F":"1","7G":"1","4G":"1","5H":"1","7H":"1","69":"1","68":"1","4C":"1"}},"GR":{"76":{"5H":"1","5G":"1","5J":"1"}},"9J":{"74":{"GQ":"1","HQ":"1","JP":"1","FM":"1","HM":"1","HP":"1","HG":"1","GP":"1","JM":"1","HH":"1","FP":"1","GG":"1","FJ":"1","HJ":"1","GJ":"1","JH":"1","FH":"1","GM":"1","JJ":"1","GH":"1"}},"55":{"JQ":{"VX":"1","XX":"1","WX":"1","RX":"1","VW":"1","RW":"1","XW":"1","WW":"1"},"RF":{"CJ":"1"},"R2":{"4H":"1","3Q":"1","5J":"1","4P":"1","5P":"1","4Q":"1","6Q":"1","6H":"1","3P":"1","4J":"1","5H":"1","5M":"1","6P":"1","5Q":"1","6M":"1","3J":"1","4M":"1","3M":"1","6J":"1"},"W3":{"8Q":"1","9Q":"1"},"QJ":{"GW":"1","GV":"1","GX":"1","FW":"1","FX":"1","FV":"1"},"QM":{"F2":"1"},"PJ":{"H8":"1","J6":"1","M8":"1","H5":"1","P5":"1","P8":"1","M7":"1","H6":"1","J7":"1","J8":"1","P6":"1","M5":"1","P7":"1","M6":"1","J5":"1","H7":"1"},"JR":{"X2":"1","W2":"1","R2":"1","V2":"1"},"PQ":{"9H":"1","9J":"1"},"JW":{"45":"1","24":"1","26":"1","38":"1","25":"1","47":"1","28":"1","48":"1","46":"1","27":"1","33":"1","44":"1","35":"1","34":"1","23":"1","37":"1","36":"1"}},"9P":{"F4":{"GF":"1","FG":"1","FC":"1","99":"1","H9":"1","GC":"1","HC":"1","G9":"1","F9":"1","H8":"1","CF":"1","9H":"1","C9":"1","F8":"1","G8":"1","FF":"1","CC":"1","CG":"1","9G":"1","9C":"1"}},"Q9":{"WF":{"QQ":"1","QR":"1","PQ":"1","PR":"1"},"69":{"57":"1","66":"1","45":"1","65":"1","46":"1","56":"1","55":"1","47":"1"}},"25":{"RW":{"RP":"1"}},"PP":{"7F":{"7R":"1","5W":"1","4R":"1","7W":"1","4W":"1","8R":"1","7V":"1","6W":"1","8V":"1","5V":"1","4V":"1","5R":"1","6R":"1","6V":"1"}},"F2":{"H5":{"FW":"1","FX":"1","CW":"1","2H":"1","2P":"1","2Q":"1","2J":"1","2M":"1","CX":"1"},"H6":{"C3":"1","92":"1","94":"1","F2":"1","C4":"1","93":"1","C2":"1","C5":"1","F5":"1","F4":"1","F3":"1"},"56":{"Q6":"1","Q4":"1","Q5":"1","P5":"1","P4":"1","P6":"1","M5":"1","M6":"1"},"96":{"VP":"1","RP":"1","VM":"1","RM":"1"},"63":{"R5":"1","R6":"1","W6":"1","V5":"1","V6":"1"},"G5":{"XH":"1","WR":"1","XR":"1","PQ":"1","XM":"1","RQ":"1","RJ":"1","WM":"1","XJ":"1","XQ":"1","WP":"1","XP":"1","PJ":"1","RP":"1","RM":"1","WH":"1","VJ":"1","QP":"1","PP":"1","WJ":"1","QQ":"1","QJ":"1","WQ":"1","QM":"1","VP":"1","VM":"1","PM":"1"}},"7W":{"68":{"MW":"1","FP":"1","CG":"1","PG":"1","VC":"1","HG":"1","V9":"1","M9":"1","CR":"1","RQ":"1","WH":"1","MQ":"1","GV":"1","CV":"1","RV":"1","G9":"1","FG":"1","H8":"1","RW":"1","QJ":"1","VJ":"1","FH":"1","GJ":"1","MP":"1","RC":"1","PM":"1","CQ":"1","GR":"1","VH":"1","PC":"1","Q9":"1","CC":"1","WJ":"1","VF":"1","FV":"1","PP":"1","HM":"1","RG":"1","PQ":"1","GQ":"1","M8":"1","FM":"1","CJ":"1","F9":"1","QR":"1","QQ":"1","MH":"1","GC":"1","JC":"1","JJ":"1","PJ":"1","MC":"1","RP":"1","JM":"1","FJ":"1","GW":"1","HR":"1","FF":"1","JQ":"1","MG":"1","CH":"1","QP":"1","HP":"1","R8":"1","QC":"1","JG":"1","PR":"1","RF":"1","GG":"1","JH":"1","RM":"1","JR":"1","VG":"1","J9":"1","HQ":"1","P9":"1","Q8":"1","HF":"1","GP":"1","P8":"1","PW":"1","H9":"1","MM":"1","PH":"1","QV":"1","HH":"1","QF":"1","FW":"1","CW":"1","HW":"1","PF":"1","R9":"1","HC":"1","FQ":"1","C9":"1","JP":"1","HV":"1","MJ":"1","PV":"1","RJ":"1","MR":"1","FR":"1","CP":"1","JF":"1","RH":"1","GM":"1","CM":"1","G8":"1","MF":"1","QH":"1","HJ":"1","JW":"1","JV":"1","J8":"1","MV":"1","GF":"1","QM":"1","QW":"1","GH":"1","FC":"1","CF":"1","QG":"1"},"53":{"XG":"1","XF":"1","XH":"1"},"MH":{"3V":"1","2W":"1","2R":"1","4W":"1","4R":"1","2V":"1","4V":"1","5V":"1","3W":"1","3R":"1"},"55":{"Q2":"1","P2":"1","Q4":"1","Q3":"1","P4":"1","P3":"1","R3":"1","R2":"1"},"63":{"2H":"1","5Q":"1","4W":"1","4R":"1","5R":"1","4Q":"1","4V":"1","2G":"1","5V":"1","5W":"1","2F":"1"}},"R3":{"2H":{"VX":"1","WX":"1"},"3M":{"H9":"1","G7":"1","C9":"1","GF":"1","CF":"1","9C":"1","F9":"1","FC":"1","FG":"1","97":"1","HC":"1","CC":"1","GG":"1","H7":"1","G6":"1","H8":"1","99":"1","FF":"1","C8":"1","9F":"1","J9":"1","98":"1","JC":"1"},"2J":{"X5":"1","W7":"1","W2":"1","W6":"1","X7":"1","X6":"1","W4":"1","X4":"1","W3":"1","V3":"1","R4":"1","V5":"1","V4":"1","W5":"1","R5":"1","V2":"1"},"3P":{"GF":"1","H9":"1","J9":"1","HG":"1","JC":"1","GG":"1","GC":"1","HC":"1","G9":"1","H8":"1","G8":"1","HH":"1","J8":"1","JG":"1","JF":"1","HF":"1"}},"29":{"PR":{"FR":"1","FV":"1"}},"R4":{"CX":{"5F":"1","7F":"1","6F":"1","7C":"1","6C":"1","5C":"1","7G":"1","5G":"1","6G":"1"},"PR":{"HH":"1","MJ":"1","WR":"1","JV":"1","VQ":"1","MM":"1","FR":"1","CW":"1","HV":"1","HP":"1","JW":"1","HX":"1","GJ":"1","HG":"1","PQ":"1","MX":"1","RQ":"1","FX":"1","HR":"1","JM":"1","RW":"1","CQ":"1","QX":"1","FM":"1","QR":"1","PR":"1","GV":"1","QV":"1","JQ":"1","GX":"1","FW":"1","JR":"1","HJ":"1","GW":"1","MR":"1","VR":"1","JH":"1","CV":"1","FV":"1","WP":"1","PW":"1","RR":"1","HQ":"1","GR":"1","RP":"1","MV":"1","HW":"1","GQ":"1","RV":"1","CX":"1","PP":"1","GM":"1","MP":"1","FQ":"1","QW":"1","JX":"1","FP":"1","WQ":"1","MH":"1","HM":"1","CP":"1","RX":"1","JP":"1","JJ":"1","GP":"1","VP":"1","JG":"1","MQ":"1","CR":"1","PX":"1","MW":"1","PV":"1"},"PV":{"JM":"1","G8":"1","C5":"1","HG":"1","JJ":"1","G7":"1","M8":"1","V8":"1","F4":"1","H5":"1","C7":"1","F7":"1","J6":"1","W9":"1","G5":"1","J9":"1","F3":"1","C3":"1","F8":"1","P7":"1","G6":"1","Q5":"1","HH":"1","MG":"1","MH":"1","Q2":"1","C9":"1","MJ":"1","M2":"1","G9":"1","R7":"1","H7":"1","V6":"1","G2":"1","HC":"1","R3":"1","JG":"1","F6":"1","M7":"1","J3":"1","QC":"1","V9":"1","HF":"1","Q6":"1","F9":"1","RF":"1","MF":"1","C6":"1","RC":"1","H3":"1","QF":"1","M3":"1","Q3":"1","R4":"1","HJ":"1","RG":"1","J2":"1","G3":"1","P6":"1","P4":"1","P5":"1","R2":"1","H8":"1","J5":"1","C8":"1","C2":"1","P2":"1","WC":"1","R8":"1","GC":"1","MC":"1","P3":"1","H2":"1","J8":"1","H6":"1","H4":"1","G4":"1","W7":"1","M5":"1","R6":"1","C4":"1","Q9":"1","J7":"1","F5":"1","Q7":"1","JF":"1","JC":"1","W6":"1","M9":"1","Q8":"1","JH":"1","M6":"1","MM":"1","V7":"1","H9":"1","P9":"1","M4":"1","VC":"1","R5":"1","F2":"1","P8":"1","R9":"1","W8":"1","Q4":"1","J4":"1"},"CW":{"CM":"1","CJ":"1"},"PX":{"FV":"1","JM":"1","G8":"1","HG":"1","GH":"1","JJ":"1","G7":"1","CG":"1","7J":"1","C7":"1","FF":"1","F7":"1","J6":"1","J9":"1","CH":"1","F8":"1","CJ":"1","G6":"1","HP":"1","FX":"1","HH":"1","8H":"1","JP":"1","HQ":"1","C9":"1","GW":"1","7M":"1","HV":"1","MJ":"1","G9":"1","9G":"1","FC":"1","H7":"1","8J":"1","FP":"1","HC":"1","8M":"1","JG":"1","CM":"1","CP":"1","FR":"1","F6":"1","CC":"1","9M":"1","GP":"1","HF":"1","FG":"1","8G":"1","9P":"1","F9":"1","C6":"1","HR":"1","9H":"1","HW":"1","HJ":"1","HM":"1","GJ":"1","MQ":"1","GG":"1","H8":"1","C8":"1","GX":"1","JQ":"1","GQ":"1","GC":"1","FQ":"1","9J":"1","J8":"1","MP":"1","GV":"1","JR":"1","GR":"1","H6":"1","FH":"1","GF":"1","J7":"1","FW":"1","JF":"1","JC":"1","JH":"1","MM":"1","FM":"1","H9":"1","FJ":"1","GM":"1","CF":"1"}},"GQ":{"C6":{"4J":"1","4P":"1","4M":"1","5J":"1","6M":"1","6R":"1","7M":"1","5V":"1","6P":"1","4Q":"1","4R":"1","6Q":"1","4V":"1","7P":"1","5P":"1","5Q":"1","6V":"1","7Q":"1","7R":"1","5R":"1","5M":"1"},"C8":{"34":"1","43":"1","53":"1","65":"1","55":"1","58":"1","24":"1","63":"1","64":"1","48":"1","33":"1","54":"1","85":"1","42":"1","45":"1","44":"1","75":"1","23":"1","57":"1","22":"1","68":"1","47":"1","32":"1","74":"1"},"97":{"XW":"1","XV":"1","XX":"1"},"C7":{"3V":"1","2W":"1","4W":"1","2V":"1","4V":"1","2X":"1","3X":"1","3W":"1","4X":"1"},"98":{"X2":"1","X3":"1"}},"FM":{"JC":{"X6":"1","V7":"1","W7":"1","W6":"1","V6":"1"},"6M":{"MW":"1","MX":"1","PW":"1","PX":"1"},"55":{"XC":"1","WC":"1"},"6P":{"P2":"1","M2":"1"}},"7R":{"57":{"C6":"1","96":"1","C7":"1"}},"5V":{"HX":{"Q9":"1","P9":"1","QC":"1","PC":"1"},"HJ":{"FR":"1","HP":"1","GJ":"1","FH":"1","HR":"1","CQ":"1","FM":"1","GH":"1","HJ":"1","FG":"1","CM":"1","FJ":"1","GR":"1","HQ":"1","CJ":"1","GQ":"1","GM":"1","FQ":"1","FP":"1","HM":"1","CP":"1","GP":"1","CR":"1"}},"36":{"96":{"RC":"1","QC":"1"}},"4M":{"76":{"JV":"1","HV":"1","HP":"1","JW":"1","HX":"1","MX":"1","FX":"1","HR":"1","JM":"1","GV":"1","JQ":"1","GX":"1","FW":"1","JR":"1","GW":"1","MR":"1","FV":"1","GR":"1","HQ":"1","MV":"1","GQ":"1","HW":"1","CX":"1","JX":"1","HM":"1","JP":"1","MQ":"1","PX":"1","MW":"1"},"2C":{"G7":"1","F7":"1","C8":"1","F8":"1","G8":"1","C7":"1"},"97":{"36":"1","37":"1","38":"1","48":"1","46":"1","47":"1"},"77":{"78":"1","H4":"1","G4":"1","G2":"1","J6":"1","M4":"1","95":"1","P6":"1","C5":"1","F6":"1","G7":"1","C3":"1","J2":"1","79":"1","86":"1","87":"1","H3":"1","C6":"1","P3":"1","F2":"1","C7":"1","M6":"1","F4":"1","F8":"1","G3":"1","H6":"1","M3":"1","97":"1","C2":"1","C4":"1","G5":"1","P2":"1","85":"1","F7":"1","H7":"1","G6":"1","77":"1","J5":"1","F3":"1","M2":"1","J7":"1","F5":"1","89":"1","C8":"1","J4":"1","96":"1","P5":"1","J3":"1","H5":"1","94":"1","M5":"1","P4":"1","68":"1","93":"1","88":"1","98":"1","H2":"1"}},"4G":{"R6":{"XP":"1","RQ":"1","QQ":"1","QP":"1","WP":"1","VP":"1","VQ":"1","XQ":"1","WQ":"1","RP":"1","PQ":"1","PP":"1"},"75":{"55":"1"}},"8G":{"7Q":{"XH":"1","RH":"1","XF":"1","QH":"1","WR":"1","VQ":"1","XG":"1","XM":"1","RG":"1","RQ":"1","RF":"1","RJ":"1","VG":"1","WM":"1","XJ":"1","WC":"1","VR":"1","WP":"1","XP":"1","VF":"1","RP":"1","RM":"1","WH":"1","VJ":"1","WG":"1","QP":"1","VH":"1","WF":"1","WJ":"1","VC":"1","QJ":"1","WQ":"1","QM":"1","VM":"1","VP":"1","PM":"1"},"8Q":{"2H":"1","2J":"1","2G":"1"},"5C":{"6C":"1"}},"X4":{"89":{"43":"1","45":"1","72":"1","54":"1","24":"1","62":"1","26":"1","25":"1","47":"1","42":"1","46":"1","33":"1","44":"1","35":"1","53":"1","32":"1","34":"1","52":"1","37":"1","36":"1"},"GP":{"3M":"1","3J":"1","4J":"1","4M":"1"},"FP":{"R5":"1","G4":"1","H4":"1","G3":"1","H3":"1","F4":"1","F3":"1"},"88":{"7X":"1","6X":"1","6V":"1","5X":"1","7W":"1","5W":"1","4X":"1","6W":"1"}},"MH":{"2H":{"H9":"1","J9":"1","HG":"1","JC":"1","MG":"1","HC":"1","MF":"1","MC":"1","JG":"1","JF":"1","M9":"1","HF":"1"}},"VV":{"XG":{"JG":"1","MH":"1","JH":"1","MG":"1"}},"J7":{"HG":{"MM":"1","HJ":"1","MJ":"1","PH":"1","JJ":"1","HG":"1","JC":"1","MG":"1","HC":"1","JH":"1","MF":"1","QG":"1","HM":"1","MC":"1","PG":"1","HH":"1","JG":"1","JF":"1","PJ":"1","HF":"1","JM":"1","MH":"1"}},"GC":{"M4":{"Q2":"1","P2":"1","Q3":"1","P3":"1","42":"1"},"Q2":{"RX":"1","RW":"1","JW":"1","VX":"1","VW":"1"},"Q4":{"85":"1","68":"1","7X":"1","6X":"1","8X":"1","5X":"1","C2":"1","78":"1"},"Q3":{"CX":"1","R2":"1","V2":"1"},"Q5":{"C5":"1","82":"1","93":"1","4H":"1","48":"1","44":"1","2G":"1","3G":"1","C7":"1","F7":"1","88":"1","3H":"1","C3":"1","7C":"1","F8":"1","38":"1","34":"1","37":"1","8H":"1","42":"1","59":"1","5H":"1","9C":"1","C9":"1","54":"1","57":"1","4C":"1","94":"1","9G":"1","8C":"1","96":"1","95":"1","77":"1","7G":"1","32":"1","36":"1","7F":"1","76":"1","5M":"1","75":"1","F6":"1","67":"1","6H":"1","6F":"1","87":"1","89":"1","92":"1","9F":"1","86":"1","27":"1","49":"1","8G":"1","2C":"1","2F":"1","33":"1","C6":"1","98":"1","7H":"1","73":"1","5C":"1","29":"1","55":"1","65":"1","84":"1","43":"1","2H":"1","64":"1","72":"1","56":"1","C2":"1","C8":"1","47":"1","63":"1","3C":"1","8F":"1","66":"1","74":"1","39":"1","97":"1","5G":"1","4G":"1","53":"1","3F":"1","C4":"1","99":"1","6C":"1","79":"1","6G":"1","4J":"1","F5":"1","5F":"1","78":"1","58":"1","5J":"1","62":"1","4F":"1","28":"1","6J":"1","83":"1","69":"1","4M":"1","52":"1","85":"1","68":"1"},"F2":{"M7":"1","P9":"1","Q6":"1","P8":"1","R9":"1","R7":"1","M8":"1","R8":"1","R6":"1","Q7":"1","Q9":"1","P7":"1","V8":"1","P6":"1","Q8":"1"},"68":{"W8":"1","WR":"1","VX":"1","XV":"1","VV":"1","XX":"1","WV":"1","WX":"1","XR":"1","VW":"1","V8":"1","XW":"1","WW":"1"},"P4":{"M7":"1","MV":"1","HW":"1","P8":"1","M6":"1","F9":"1","M8":"1","MW":"1","JV":"1","P7":"1","JW":"1","HV":"1","P6":"1"},"J4":{"W6":"1"},"H2":{"PH":"1","MG":"1","JH":"1","MF":"1","QG":"1","PG":"1","PF":"1","JG":"1","JF":"1","QF":"1","MH":"1","QH":"1"},"87":{"7G":"1"},"69":{"X6":"1","X2":"1","W3":"1","X3":"1","W2":"1","X4":"1","W4":"1","X5":"1","V2":"1"},"H3":{"HW":"1","GW":"1","GX":"1","FW":"1","JW":"1","FX":"1"},"96":{"FC":"1"},"M3":{"G4":"1","G2":"1","95":"1","C5":"1","F6":"1","C3":"1","92":"1","C6":"1","F2":"1","5W":"1","F4":"1","G3":"1","C2":"1","C4":"1","5X":"1","G6":"1","F3":"1","F5":"1","96":"1","94":"1","93":"1"},"79":{"43":"1","45":"1","22":"1","54":"1","24":"1","65":"1","64":"1","56":"1","42":"1","66":"1","55":"1","46":"1","33":"1","44":"1","35":"1","53":"1","32":"1","34":"1","23":"1"},"78":{"4X":"1","2V":"1","3X":"1","8R":"1","6R":"1","7V":"1","5V":"1","8V":"1","4Q":"1","4R":"1","8Q":"1","3W":"1","5W":"1","6Q":"1","4V":"1","X3":"1","2W":"1","3V":"1","5Q":"1","X2":"1","4W":"1","7Q":"1","7R":"1","5R":"1","2X":"1"},"77":{"FV":"1","JM":"1","GH":"1","JJ":"1","CQ":"1","J9":"1","P7":"1","HP":"1","HH":"1","MG":"1","MH":"1","JP":"1","HQ":"1","GW":"1","HV":"1","MJ":"1","HC":"1","JG":"1","CP":"1","FR":"1","GP":"1","HF":"1","9P":"1","HR":"1","HW":"1","HJ":"1","HM":"1","GJ":"1","9Q":"1","JQ":"1","GQ":"1","GV":"1","GR":"1","JR":"1","JF":"1","JC":"1","JH":"1","JV":"1","MM":"1","H9":"1","P8":"1","GM":"1","JW":"1"}},"7C":{"68":{"QJ":"1","PJ":"1"},"59":{"C3":"1","Q2":"1","H2":"1","C4":"1","G2":"1","M2":"1","R2":"1"},"58":{"JV":"1","FR":"1","CW":"1","HV":"1","JW":"1","HX":"1","MX":"1","VW":"1","RQ":"1","FX":"1","WV":"1","HR":"1","RW":"1","QX":"1","WW":"1","QR":"1","GV":"1","PR":"1","QV":"1","GX":"1","FW":"1","JR":"1","GW":"1","MR":"1","VR":"1","CV":"1","FV":"1","PW":"1","RR":"1","VX":"1","GR":"1","HQ":"1","VV":"1","MV":"1","GQ":"1","HW":"1","RV":"1","QW":"1","JX":"1","QQ":"1","RX":"1","CR":"1","MW":"1","PV":"1"}},"MC":{"R6":{"98":"1","89":"1","99":"1","86":"1","77":"1","66":"1","7C":"1","69":"1","68":"1","C9":"1","C8":"1","76":"1","79":"1","88":"1","87":"1","9C":"1","97":"1","78":"1","C7":"1","8C":"1","6C":"1","67":"1"},"F2":{"M7":"1","Q6":"1","P8":"1","M6":"1","J7":"1","M8":"1","J8":"1","Q7":"1","P7":"1","P6":"1","Q8":"1"}},"RP":{"C5":{"3C":"1","4G":"1","4F":"1","3F":"1","4C":"1"}},"JM":{"RM":{"HF":"1","H9":"1","HG":"1","JF":"1","G9":"1","GC":"1","GF":"1","MG":"1","MF":"1","F9":"1","FC":"1","JH":"1","HC":"1","MC":"1","MH":"1","J9":"1","JG":"1","JC":"1"}},"FJ":{"FQ":{"78":"1","6C":"1","95":"1","C5":"1","F6":"1","G7":"1","79":"1","86":"1","C9":"1","87":"1","84":"1","C6":"1","9C":"1","C7":"1","7C":"1","F9":"1","F8":"1","97":"1","CC":"1","85":"1","F7":"1","G6":"1","77":"1","99":"1","76":"1","67":"1","89":"1","C8":"1","69":"1","75":"1","96":"1","8C":"1","G8":"1","94":"1","68":"1","98":"1","88":"1"},"G7":{"C8":"1"},"GM":{"QH":"1"}},"X9":{"M4":{"FV":"1","9V":"1","JM":"1","HG":"1","GH":"1","JJ":"1","7Q":"1","7J":"1","CQ":"1","8V":"1","CX":"1","HP":"1","FX":"1","HH":"1","MG":"1","MH":"1","CW":"1","HQ":"1","JP":"1","GW":"1","7M":"1","HV":"1","MJ":"1","9W":"1","8J":"1","8P":"1","FP":"1","8M":"1","JG":"1","CM":"1","CP":"1","FR":"1","CR":"1","9M":"1","GP":"1","9P":"1","MR":"1","HR":"1","HJ":"1","HM":"1","GJ":"1","MQ":"1","9R":"1","9Q":"1","CV":"1","JQ":"1","GQ":"1","8Q":"1","9X":"1","FQ":"1","9J":"1","GV":"1","MP":"1","JR":"1","GR":"1","8R":"1","FW":"1","JH":"1","JV":"1","MM":"1","FM":"1","7P":"1","FJ":"1","GM":"1"},"M5":{"8P":"1","8R":"1","92":"1","V6":"1","6R":"1","7V":"1","8V":"1","5V":"1","6P":"1","8Q":"1","V5":"1","6X":"1","7W":"1","6Q":"1","7P":"1","7X":"1","C2":"1","5Q":"1","6V":"1","6W":"1","7Q":"1","7R":"1","5R":"1"}},"HR":{"V8":{"W8":"1","VC":"1","RF":"1","W7":"1","W9":"1","R9":"1","VF":"1","R7":"1","V9":"1","R8":"1","RC":"1","V7":"1","Q7":"1","Q9":"1","QC":"1","V8":"1","QF":"1","Q8":"1"},"V9":{"C3":"1","H5":"1","C4":"1","G4":"1","H4":"1","G3":"1","H3":"1","G5":"1","F5":"1","F4":"1","F3":"1"},"R8":{"HF":"1"}},"Q3":{"XW":{"QJ":"1","MH":"1","PH":"1","QH":"1","PJ":"1","MJ":"1"},"M5":{"HM":"1","HP":"1","GP":"1","FP":"1","HJ":"1","GJ":"1","GM":"1"},"8W":{"86":"1","84":"1","75":"1","C6":"1","95":"1","96":"1","76":"1","74":"1","97":"1","C7":"1","85":"1","C5":"1","C4":"1","94":"1"}},"FF":{"J5":{"4W":"1","5R":"1","6X":"1","4V":"1","5V":"1","5X":"1","5W":"1","4X":"1","6W":"1"}},"75":{"4V":{"RW":"1","VW":"1"}},"JQ":{"3R":{"J6":"1","H5":"1","H6":"1","G6":"1","G5":"1","J5":"1"}},"X2":{"WG":{"27":"1"},"WH":{"WR":"1","VR":"1","VX":"1","PX":"1","RV":"1","VV":"1","WV":"1","WX":"1","QV":"1","QR":"1","RX":"1","QX":"1","VW":"1","RR":"1","RW":"1","WW":"1"},"J8":{"29":"1"},"VG":{"77":"1","F5":"1","7C":"1","M5":"1","69":"1","68":"1","7F":"1","6F":"1","79":"1","78":"1","6C":"1","67":"1"},"WJ":{"X5":"1","W2":"1","Q6":"1","W6":"1","R2":"1","V6":"1","X6":"1","W4":"1","Q5":"1","Q2":"1","P5":"1","W3":"1","Q4":"1","P3":"1","V3":"1","R4":"1","R3":"1","Q3":"1","V5":"1","V4":"1","P4":"1","R6":"1","W5":"1","R5":"1","V2":"1","P2":"1"},"F9":{"PW":"1","QW":"1","QV":"1","QX":"1","PV":"1","PX":"1"}},"65":{"4G":{"8W":"1"},"4Q":{"RM":"1","QP":"1","RG":"1","RP":"1","RJ":"1","RH":"1","QJ":"1","QM":"1","RQ":"1","QQ":"1"}},"4R":{"QR":{"4F":"1","G6":"1","G5":"1","F4":"1","57":"1","59":"1","G4":"1","56":"1","4C":"1","3F":"1","38":"1","F5":"1","47":"1","48":"1","66":"1","3C":"1","69":"1","68":"1","58":"1","55":"1","46":"1","F8":"1","C6":"1","49":"1","G7":"1","39":"1","37":"1","F6":"1","5C":"1","36":"1","F7":"1","C5":"1","67":"1"}},"H7":{"X8":{"JM":"1"}},"5C":{"98":{"96":"1"},"5F":{"7F":"1","6H":"1","8F":"1","7H":"1","6F":"1","8H":"1","7G":"1","8G":"1","6G":"1"},"G4":{"89":"1","57":"1","59":"1","77":"1","7C":"1","69":"1","58":"1","68":"1","79":"1","88":"1","87":"1","78":"1","5C":"1","8C":"1","6C":"1","67":"1"},"F3":{"7F":"1","6H":"1","8F":"1","7H":"1","6F":"1","8H":"1","7G":"1","8G":"1","6G":"1"},"93":{"HM":"1","HP":"1","RF":"1"},"CF":{"43":"1","45":"1","63":"1","54":"1","65":"1","64":"1","55":"1","44":"1","53":"1"},"82":{"XW":"1"},"92":{"6Q":"1","HF":"1"},"F8":{"4F":"1","5F":"1","59":"1","29":"1","4C":"1","3F":"1","48":"1","3C":"1","58":"1","49":"1","39":"1","2C":"1","5C":"1","2F":"1"},"F2":{"23":"1","22":"1"},"C2":{"X2":"1","X3":"1","7G":"1","6G":"1"},"C3":{"JM":"1","G8":"1","HG":"1","GH":"1","G7":"1","CG":"1","C7":"1","FF":"1","J6":"1","88":"1","7C":"1","CH":"1","F8":"1","G6":"1","HP":"1","HH":"1","JP":"1","HQ":"1","9C":"1","C9":"1","G9":"1","9G":"1","FC":"1","8C":"1","96":"1","H7":"1","77":"1","HC":"1","76":"1","7F":"1","F6":"1","6F":"1","CC":"1","87":"1","89":"1","9F":"1","GP":"1","86":"1","FG":"1","HF":"1","F9":"1","MR":"1","C6":"1","98":"1","HR":"1","HJ":"1","HM":"1","GJ":"1","MQ":"1","GG":"1","H8":"1","C8":"1","8F":"1","JQ":"1","GC":"1","97":"1","MP":"1","J8":"1","JR":"1","H6":"1","FH":"1","99":"1","GF":"1","6C":"1","J7":"1","79":"1","6G":"1","78":"1","FM":"1","H9":"1","FJ":"1","69":"1","GM":"1","CF":"1","Q4":"1"},"96":{"45":"1","44":"1"},"76":{"W2":"1","W6":"1","R2":"1","V6":"1","W4":"1","X4":"1","W3":"1","V3":"1","R4":"1","R3":"1","V5":"1","V4":"1","X2":"1","R6":"1","W5":"1","R5":"1","X3":"1","V2":"1"},"79":{"28":"1","27":"1"},"88":{"4F":"1","5F":"1","4H":"1","59":"1","4C":"1","3F":"1","7G":"1","3C":"1","6G":"1","6H":"1","3H":"1","7F":"1","6F":"1","49":"1","5H":"1","39":"1","3G":"1","5C":"1","5G":"1","4G":"1"},"78":{"V7":"1","W8":"1","V8":"1","W7":"1"},"97":{"MW":"1","JW":"1","JV":"1","MV":"1"},"85":{"36":"1"},"C5":{"7F":"1"},"C4":{"64":"1","53":"1","54":"1"},"94":{"RM":"1","QP":"1","PH":"1","XG":"1","PM":"1","RG":"1","RJ":"1","RH":"1","VH":"1","QJ":"1","QG":"1","VJ":"1","WG":"1","QM":"1","PG":"1","PJ":"1","VW":"1","VG":"1","PP":"1","VM":"1","QH":"1"}},"9G":{"JG":{"F7":"1","C6":"1","F6":"1","C5":"1","C7":"1","F5":"1"}},"67":{"R9":{"QW":"1","QV":"1"}},"9Q":{"5F":{"FQ":"1","FM":"1","CM":"1","CQ":"1","FP":"1","CP":"1"}},"8P":{"7C":{"GF":"1","FC":"1","GC":"1","G9":"1","9F":"1","F9":"1","CF":"1","C9":"1","FF":"1","CC":"1","CG":"1","9G":"1","9C":"1"},"88":{"XW":"1","XX":"1","WX":"1","WW":"1"},"CC":{"5G":"1","6G":"1"},"98":{"2W":"1","2X":"1"}},"Q2":{"RP":{"76":"1","66":"1","89":"1","68":"1","88":"1","67":"1","78":"1","77":"1"}},"82":{"W2":{"F2":"1","H2":"1","G2":"1","G3":"1","H3":"1","F3":"1"},"Q6":{"84":"1","93":"1","83":"1","82":"1","92":"1","C3":"1","85":"1","94":"1"},"V6":{"48":"1"},"5P":{"VC":"1","Q9":"1","W9":"1","W8":"1","RC":"1","R9":"1","WC":"1","V8":"1","QC":"1","Q8":"1","V9":"1","R8":"1"},"8J":{"H8":"1"},"75":{"VC":"1","RF":"1","RG":"1","RH":"1","VF":"1","VH":"1","QG":"1","RC":"1","QC":"1","VG":"1","QF":"1","QH":"1"},"R7":{"82":"1","88":"1","7C":"1","9C":"1","54":"1","57":"1","94":"1","8C":"1","96":"1","95":"1","77":"1","76":"1","75":"1","67":"1","87":"1","89":"1","9F":"1","92":"1","86":"1","98":"1","73":"1","55":"1","65":"1","84":"1","64":"1","72":"1","56":"1","63":"1","66":"1","74":"1","97":"1","53":"1","99":"1","6C":"1","79":"1","78":"1","58":"1","62":"1","83":"1","69":"1","52":"1","85":"1","68":"1"},"2X":{"XP":"1","WP":"1","WM":"1","XQ":"1","XR":"1","WQ":"1","WR":"1","XM":"1"},"3X":{"2M":"1","3Q":"1","2R":"1","3R":"1","2Q":"1","2P":"1"},"V7":{"P9":"1","P8":"1","M8":"1","Q7":"1","Q9":"1","P7":"1","M9":"1","Q8":"1"},"88":{"J6":"1","89":"1","M7":"1","99":"1","88":"1","M5":"1","M6":"1","J5":"1"},"R6":{"7R":"1","5W":"1","7X":"1","8X":"1","5X":"1","6Q":"1","8Q":"1","7W":"1","9X":"1","7Q":"1","8R":"1","7V":"1","6W":"1","8V":"1","8W":"1","6R":"1","6V":"1","6X":"1"},"JG":{"4P":"1","6Q":"1","6R":"1","5Q":"1","3Q":"1","4R":"1","5R":"1","4Q":"1","5P":"1","3R":"1","3P":"1"},"JF":{"3Q":"1","3V":"1","3W":"1","2V":"1","2H":"1","2P":"1","2Q":"1","2J":"1","2M":"1","3R":"1","2W":"1","2R":"1"},"P7":{"H8":"1","FC":"1","G9":"1","G7":"1","GC":"1","F9":"1","G8":"1","H7":"1"},"HF":{"WP":"1","XQ":"1","WR":"1","XJ":"1","WQ":"1","VR":"1","WM":"1","WH":"1","XP":"1","WJ":"1","XV":"1","XH":"1","RV":"1","XM":"1","VV":"1","WV":"1","XR":"1","VW":"1","RW":"1","XW":"1","WW":"1","VQ":"1"},"8M":{"FM":"1","CM":"1","GP":"1","FP":"1","FJ":"1","CJ":"1","GJ":"1","CP":"1","GM":"1"}},"HP":{"8F":{"32":"1","23":"1","34":"1","24":"1","33":"1"},"8C":{"7Q":"1","7J":"1","88":"1","7C":"1","8H":"1","5H":"1","7M":"1","9G":"1","8C":"1","8P":"1","8J":"1","77":"1","7G":"1","8M":"1","7F":"1","5M":"1","67":"1","6H":"1","6F":"1","9M":"1","87":"1","89":"1","9F":"1","8G":"1","7H":"1","9H":"1","6M":"1","6P":"1","8F":"1","8Q":"1","9J":"1","5P":"1","5G":"1","6C":"1","79":"1","6G":"1","8R":"1","78":"1","5J":"1","7P":"1","6J":"1","69":"1","7R":"1","68":"1"}},"R8":{"R2":{"XH":"1","R5":"1","XF":"1","XV":"1","W6":"1","W3":"1","X4":"1","XW":"1","XR":"1","X9":"1","V3":"1","V6":"1","XM":"1","XG":"1","R3":"1","V5":"1","W8":"1","R7":"1","V7":"1","XJ":"1","X3":"1","X7":"1","XQ":"1","XP":"1","W7":"1","X6":"1","X8":"1","W4":"1","W5":"1","V4":"1","R4":"1","X5":"1","R6":"1"},"V2":{"2Q":"1","38":"1","4F":"1","37":"1","86":"1","59":"1","5P":"1","88":"1","3R":"1","46":"1","3Q":"1","4W":"1","5M":"1","3F":"1","47":"1","78":"1","39":"1","48":"1","49":"1","5J":"1","29":"1","58":"1","5R":"1","5V":"1","76":"1","4M":"1","4G":"1","8G":"1","7C":"1","7G":"1","66":"1","4R":"1","5C":"1","67":"1","4J":"1","7F":"1","2F":"1","5H":"1","3M":"1","68":"1","2M":"1","3W":"1","8F":"1","5F":"1","5Q":"1","79":"1","56":"1","28":"1","2J":"1","2H":"1","77":"1","3V":"1","2W":"1","87":"1","2V":"1","4H":"1","3H":"1","5G":"1","6F":"1","6C":"1","3P":"1","2G":"1","4V":"1","89":"1","4C":"1","3J":"1","5W":"1","57":"1","3G":"1","2R":"1","4Q":"1","69":"1","2P":"1","27":"1","4P":"1"}},"QC":{"MW":{"9V":"1","C5":"1","4H":"1","7Q":"1","CQ":"1","7J":"1","C7":"1","7V":"1","88":"1","8V":"1","7C":"1","CX":"1","8W":"1","CW":"1","8H":"1","5H":"1","7M":"1","4C":"1","94":"1","4X":"1","9W":"1","7W":"1","8C":"1","96":"1","8P":"1","8J":"1","95":"1","77":"1","7G":"1","8M":"1","CP":"1","76":"1","7F":"1","75":"1","67":"1","CR":"1","6H":"1","6F":"1","9M":"1","87":"1","89":"1","86":"1","8G":"1","9P":"1","C6":"1","98":"1","7H":"1","73":"1","5C":"1","8X":"1","65":"1","84":"1","7X":"1","64":"1","5X":"1","9R":"1","C8":"1","9Q":"1","CV":"1","8F":"1","66":"1","74":"1","8Q":"1","97":"1","9X":"1","5G":"1","4G":"1","C4":"1","6C":"1","79":"1","6G":"1","8R":"1","4J":"1","6X":"1","5F":"1","78":"1","7P":"1","4F":"1","69":"1","7R":"1","85":"1","68":"1"},"MX":{"43":"1","73":"1","53":"1","C3":"1","65":"1","92":"1","84":"1","52":"1","55":"1","63":"1","64":"1","C2":"1","54":"1","42":"1","44":"1","82":"1","75":"1","83":"1","72":"1","93":"1","74":"1","62":"1"}},"2C":{"GV":{"VP":"1","RP":"1"}},"4X":{"FG":{"8G":"1","8F":"1","5F":"1","7G":"1","6G":"1","7F":"1","6F":"1","5G":"1"},"M3":{"MM":"1","GP":"1","HJ":"1","JQ":"1","MJ":"1","JJ":"1","MQ":"1","GH":"1","GM":"1","GJ":"1","GQ":"1","HM":"1","JP":"1","HH":"1","HQ":"1","HP":"1","JM":"1"}},"7F":{"28":{"C8":"1","98":"1"}},"R2":{"73":{"3V":"1","4R":"1","4V":"1","3R":"1"},"7V":{"4H":"1","2G":"1","3F":"1","2H":"1","3C":"1","3H":"1","2J":"1","2M":"1","4J":"1","3J":"1","3G":"1","2F":"1","3M":"1","4G":"1"},"6V":{"XG":"1","XF":"1","XJ":"1","XH":"1","XM":"1"},"82":{"97":"1"},"77":{"36":"1","3F":"1","49":"1","3C":"1","2F":"1","38":"1","39":"1","35":"1","28":"1","55":"1","26":"1","58":"1","48":"1","27":"1","4F":"1","25":"1","29":"1","45":"1","2C":"1","37":"1","46":"1","56":"1","57":"1","47":"1","4C":"1"}},"9X":{"X4":{"9X":"1","CX":"1","FX":"1"},"QX":{"G6":"1","H7":"1","G5":"1","H6":"1","F5":"1","H8":"1","H5":"1","G8":"1","G7":"1","F6":"1","F7":"1"},"X5":{"C3":"1","92":"1","F2":"1","G2":"1","93":"1","C2":"1","F3":"1"}},"P4":{"Q5":{"H3":"1"}},"PR":{"3V":{"X2":"1","W3":"1","X3":"1","W2":"1","X4":"1","W4":"1"},"3Q":{"GW":"1","FW":"1","FV":"1","FX":"1","CW":"1","GV":"1","CR":"1","FR":"1","CV":"1","CX":"1","GR":"1"},"4Q":{"2M":"1","3M":"1","3P":"1","2P":"1"},"G4":{"2H":"1","3H":"1","3G":"1","2J":"1","2G":"1","3J":"1","3F":"1"},"3R":{"H9":"1","JF":"1","FC":"1","HF":"1","G9":"1","GC":"1","FF":"1","JC":"1","HC":"1","GF":"1","J9":"1","C2":"1"},"F4":{"XG":"1","XJ":"1","WH":"1","WJ":"1","WF":"1","XH":"1","VH":"1","XF":"1","VJ":"1","WG":"1","VG":"1"}},"8J":{"R2":{"92":"1","C2":"1"}},"GG":{"82":{"2C":"1"},"72":{"XG":"1","XF":"1","XC":"1"}},"G5":{"J3":{"V9":"1"}},"JH":{"R7":{"M9":"1"}},"3M":{"VC":{"X8":"1","X7":"1"},"PH":{"W8":"1","VC":"1","99":"1","X5":"1","FW":"1","FX":"1","5J":"1","VR":"1","R9":"1","W4":"1","X4":"1","W3":"1","V9":"1","6H":"1","R4":"1","R3":"1","C9":"1","V4":"1","RC":"1","R8":"1","5H":"1","W5":"1","X3":"1","V8":"1","VQ":"1"},"GH":{"4H":"1","2G":"1","3Q":"1","2H":"1","3P":"1","3H":"1","2P":"1","2Q":"1","2J":"1","2M":"1","4J":"1","2R":"1","3J":"1","3G":"1","4M":"1","3M":"1","4G":"1"},"MP":{"GQ":"1","HQ":"1","JP":"1","HM":"1","HR":"1","HP":"1","GP":"1","JM":"1","HJ":"1","GR":"1","GM":"1","JQ":"1"},"JH":{"2R":"1","2V":"1","2Q":"1"},"WC":{"28":"1","27":"1"},"VH":{"Q6":"1","Q5":"1","P5":"1","P8":"1","P6":"1","Q8":"1","P7":"1","Q7":"1"},"QJ":{"2H":"1","4G":"1","2M":"1","3M":"1","3H":"1","3G":"1","2J":"1","2G":"1","3J":"1","3F":"1","4H":"1","2F":"1"},"QG":{"5W":"1","MJ":"1","JJ":"1","5X":"1","3W":"1","MG":"1","JH":"1","82":"1","4W":"1","92":"1","3X":"1","74":"1","JG":"1","4X":"1","MH":"1"},"FH":{"VW":"1","RR":"1","RQ":"1","PM":"1","WV":"1","VM":"1","XJ":"1","WH":"1","PP":"1","QR":"1","PH":"1","XG":"1","XQ":"1","PQ":"1","MG":"1","MH":"1","XV":"1","VG":"1","PJ":"1","MJ":"1","XR":"1","XP":"1","VX":"1","RV":"1","VV":"1","VQ":"1","RH":"1","WM":"1","XH":"1","XM":"1","WP":"1","RG":"1","WJ":"1","MQ":"1","RP":"1","QH":"1","PR":"1","QM":"1","VP":"1","WW":"1","PG":"1","WQ":"1","RW":"1","RM":"1","MP":"1","QP":"1","QJ":"1","RJ":"1","QQ":"1","WR":"1","QV":"1","VJ":"1","MM":"1","VH":"1","VR":"1","QG":"1"},"HH":{"XW":"1","XQ":"1","XV":"1","XR":"1","WR":"1","WV":"1"},"PG":{"V8":"1","R8":"1"},"PJ":{"XJ":"1","84":"1","93":"1","83":"1","XH":"1","XM":"1","95":"1","74":"1","85":"1","94":"1"},"JM":{"G2":"1"},"QF":{"FV":"1","9V":"1","QR":"1","CQ":"1","7V":"1","8V":"1","CX":"1","FX":"1","8W":"1","CW":"1","GW":"1","HV":"1","9W":"1","7W":"1","MV":"1","FR":"1","CR":"1","MR":"1","HR":"1","8X":"1","HW":"1","7X":"1","MQ":"1","9R":"1","PR":"1","CV":"1","JQ":"1","9X":"1","FQ":"1","GV":"1","GR":"1","JR":"1","8R":"1","FW":"1","JV":"1","PV":"1"},"MH":{"XR":"1"},"QH":{"43":"1","99":"1","FC":"1","QP":"1","PM":"1","42":"1","F9":"1","C9":"1","QM":"1","CC":"1","QQ":"1","53":"1","52":"1"}},"X6":{"GW":{"3P":"1","2P":"1"}},"V4":{"FC":{"R5":"1","W6":"1","RC":"1","R8":"1","V6":"1","Q9":"1","RF":"1","W8":"1","V5":"1","R7":"1","Q5":"1","Q7":"1","V7":"1","W7":"1","P7":"1","QC":"1","R9":"1","Q8":"1","V8":"1","W5":"1","V4":"1","R4":"1","Q6":"1","P8":"1","R6":"1","V9":"1"},"MH":{"7R":"1","5W":"1","9V":"1","7X":"1","8X":"1","CW":"1","9W":"1","5X":"1","4Q":"1","7W":"1","9X":"1","8R":"1","7V":"1","6W":"1","5Q":"1","8V":"1","CX":"1","5V":"1","HF":"1","8W":"1","5R":"1","9R":"1","6R":"1","6V":"1","6X":"1"},"PH":{"XM":"1"},"QH":{"2M":"1","3F":"1","2P":"1","2Q":"1","4J":"1","4P":"1","4M":"1","5J":"1","5F":"1","5C":"1","3M":"1","4Q":"1","3J":"1","4H":"1","5G":"1","2H":"1","2J":"1","3G":"1","2G":"1","3H":"1","4F":"1","5P":"1","5Q":"1","5H":"1","4G":"1","3Q":"1","3P":"1","5R":"1","5M":"1","4C":"1"},"MG":{"GQ":"1","HQ":"1","JF":"1","FM":"1","HM":"1","HR":"1","HF":"1","HP":"1","GV":"1","FG":"1","GC":"1","HG":"1","FF":"1","GP":"1","HH":"1","FP":"1","GG":"1","FJ":"1","HJ":"1","GJ":"1","GF":"1","FH":"1","GR":"1","GM":"1","GH":"1","HV":"1"},"MJ":{"73":"1","FR":"1","CW":"1","HP":"1","92":"1","CQ":"1","GV":"1","FW":"1","GW":"1","CV":"1","FV":"1","C2":"1","GR":"1","GQ":"1","82":"1","FQ":"1","WJ":"1","83":"1","72":"1","FP":"1","CP":"1","93":"1","GP":"1","CR":"1","62":"1"}},"JR":{"RX":{"9X":"1","9W":"1","CX":"1","8X":"1","CW":"1","8W":"1"}},"J9":{"HR":{"J9":"1"},"VJ":{"62":"1","52":"1"},"VH":{"FV":"1","9V":"1","4H":"1","48":"1","7Q":"1","3G":"1","CQ":"1","FF":"1","5W":"1","3J":"1","88":"1","8V":"1","3H":"1","2M":"1","2R":"1","7C":"1","8W":"1","CW":"1","4Q":"1","59":"1","5H":"1","9C":"1","C9":"1","GW":"1","7M":"1","57":"1","4C":"1","9W":"1","FC":"1","8C":"1","8P":"1","77":"1","8M":"1","7F":"1","5M":"1","5R":"1","FR":"1","67":"1","CR":"1","6H":"1","6F":"1","CC":"1","89":"1","9F":"1","3M":"1","49":"1","9P":"1","6W":"1","98":"1","5C":"1","4R":"1","3P":"1","6M":"1","2H":"1","5X":"1","9R":"1","5V":"1","6Q":"1","C8":"1","9Q":"1","CV":"1","6P":"1","8F":"1","66":"1","8Q":"1","FQ":"1","4P":"1","5P":"1","GV":"1","GR":"1","5G":"1","4G":"1","3F":"1","99":"1","6C":"1","79":"1","6R":"1","6G":"1","8R":"1","4J":"1","FW":"1","2Q":"1","6X":"1","5F":"1","78":"1","2P":"1","58":"1","5J":"1","5Q":"1","7P":"1","4F":"1","6J":"1","4M":"1","69":"1","CF":"1","6V":"1","7R":"1","68":"1","2J":"1"}},"HQ":{"46":{"4F":"1","57":"1","5F":"1","4H":"1","59":"1","29":"1","26":"1","4C":"1","3F":"1","38":"1","47":"1","28":"1","48":"1","3C":"1","58":"1","3H":"1","27":"1","49":"1","5H":"1","39":"1","3G":"1","2C":"1","37":"1","5C":"1","2F":"1","36":"1","5G":"1","4G":"1"}},"26":{"P2":{"77":"1"},"37":{"6F":"1"},"M2":{"5J":"1"},"G3":{"C8":"1"},"H3":{"75":"1","H3":"1","77":"1"}},"W5":{"7C":{"FW":"1"}},"VQ":{"47":{"6R":"1","8V":"1","7V":"1","6V":"1","7W":"1","8W":"1"}},"GP":{"GW":{"C3":"1","94":"1","C4":"1","93":"1","C5":"1","F5":"1","F4":"1","F3":"1"},"HW":{"G8":"1","C5":"1","46":"1","93":"1","48":"1","G7":"1","CG":"1","F4":"1","H5":"1","C7":"1","FF":"1","F7":"1","G5":"1","88":"1","C3":"1","F3":"1","F8":"1","CH":"1","G6":"1","38":"1","37":"1","59":"1","9C":"1","C9":"1","57":"1","94":"1","G9":"1","9G":"1","FC":"1","8C":"1","H7":"1","96":"1","95":"1","77":"1","HC":"1","36":"1","F6":"1","67":"1","CC":"1","87":"1","89":"1","9F":"1","HF":"1","49":"1","F9":"1","C6":"1","98":"1","H3":"1","9H":"1","G3":"1","H8":"1","56":"1","C8":"1","47":"1","GC":"1","39":"1","97":"1","H6":"1","H4":"1","G4":"1","C4":"1","99":"1","GF":"1","6C":"1","79":"1","F5":"1","78":"1","58":"1","H9":"1","69":"1","CF":"1","68":"1"},"HC":{"84":"1"},"HR":{"GW":"1","FW":"1","FX":"1","HW":"1","PX":"1","RV":"1","MX":"1","MW":"1","QV":"1","QR":"1","QW":"1","QX":"1","RR":"1","JW":"1","RW":"1","PW":"1","GX":"1","HX":"1","JX":"1"},"2P":{"2M":"1","4X":"1","2P":"1","2Q":"1","4J":"1","4P":"1","4M":"1","5J":"1","5F":"1","6M":"1","3M":"1","7M":"1","6G":"1","6P":"1","6H":"1","4Q":"1","2R":"1","4R":"1","3J":"1","6F":"1","4H":"1","5G":"1","6X":"1","7J":"1","6J":"1","5W":"1","7W":"1","7X":"1","3H":"1","5X":"1","5P":"1","5Q":"1","4G":"1","5H":"1","MV":"1","7H":"1","4W":"1","6W":"1","3Q":"1","3P":"1","5R":"1","3R":"1","5M":"1","MW":"1"},"2Q":{"43":"1","72":"1","63":"1","73":"1","54":"1","62":"1","65":"1","64":"1","93":"1","75":"1","83":"1","82":"1","55":"1","92":"1","44":"1","74":"1","53":"1","52":"1"},"JW":{"5G":"1"},"HV":{"H4":"1","G4":"1","G2":"1","J6":"1","F6":"1","G7":"1","HV":"1","HX":"1","J2":"1","H3":"1","P3":"1","FX":"1","F2":"1","GV":"1","Q2":"1","GX":"1","FW":"1","F4":"1","G3":"1","H6":"1","GW":"1","M3":"1","G5":"1","P2":"1","GR":"1","F7":"1","H7":"1","G6":"1","Q3":"1","H8":"1","J5":"1","F3":"1","HW":"1","M2":"1","J7":"1","F5":"1","J4":"1","J8":"1","G8":"1","J3":"1","H5":"1","H2":"1"},"4V":{"Q9":"1","QC":"1","QF":"1"},"HX":{"2M":"1","2P":"1","2Q":"1","4J":"1","4P":"1","4M":"1","5J":"1","7M":"1","3M":"1","6H":"1","4Q":"1","2R":"1","3J":"1","7J":"1","6J":"1","8J":"1","2J":"1","5P":"1","8H":"1","5Q":"1","5H":"1","7H":"1","3Q":"1","3P":"1","3R":"1","8M":"1","5M":"1"},"6V":{"2W":"1"}},"98":{"3C":{"VC":"1","XP":"1","WP":"1","XJ":"1","X4":"1","W5":"1","XH":"1","XX":"1","XM":"1","X5":"1"},"MW":{"HH":"1","CG":"1","GJ":"1","GC":"1","CF":"1","GF":"1","FH":"1","FM":"1","GH":"1","FC":"1","HJ":"1","FG":"1","FJ":"1","CC":"1","GG":"1","CJ":"1","FF":"1","GM":"1","HM":"1","GP":"1","CH":"1"},"3F":{"X2":"1"},"4C":{"3Q":"1","4P":"1","5P":"1","4Q":"1","2H":"1","3P":"1","2P":"1","2Q":"1","2J":"1","2M":"1","4J":"1","5Q":"1","5V":"1","3J":"1","5R":"1","4M":"1","3M":"1"},"5M":{"GX":"1","FX":"1"},"58":{"CF":"1","CG":"1","9G":"1","9F":"1"}},"5Q":{"8F":{"5F":"1","7H":"1","7G":"1","7C":"1","6G":"1","6H":"1","7F":"1","6F":"1","5C":"1","6C":"1","5G":"1"},"CF":{"8G":"1","8F":"1","5F":"1","7G":"1","6G":"1","7F":"1","6F":"1","5G":"1"}},"H9":{"6X":{"MP":"1","JP":"1","MQ":"1","JQ":"1"},"FX":{"RM":"1","QP":"1","PH":"1","RP":"1","QR":"1","QM":"1","RQ":"1","QQ":"1","PJ":"1","RR":"1"},"PR":{"9H":"1","CH":"1"},"5W":{"6M":"1"}},"G4":{"X7":{"9R":"1","9V":"1","CR":"1","CV":"1"}},"W7":{"6M":{"GF":"1","H9":"1","J9":"1","HG":"1","JC":"1","GG":"1","GC":"1","HC":"1","GH":"1","G9":"1","HH":"1","JG":"1","JF":"1","HF":"1"}},"72":{"4G":{"XP":"1","WP":"1","XQ":"1","XV":"1","XR":"1","WQ":"1","WR":"1","XM":"1"},"8V":{"XQ":"1","WR":"1","VR":"1","VX":"1","XV":"1","VV":"1","XX":"1","WV":"1","WX":"1","XR":"1","VW":"1","XW":"1","WW":"1"},"9W":{"32":"1","23":"1","22":"1","33":"1"},"9V":{"3Q":"1","3V":"1","3W":"1","2V":"1","2Q":"1","2X":"1","3X":"1","3R":"1","2W":"1","2R":"1"},"5G":{"2M":"1","2R":"1","2V":"1","2Q":"1","2P":"1"},"8W":{"X2":"1","W3":"1","X3":"1","W2":"1","V3":"1","V2":"1"}},"94":{"92":{"FC":"1","C6":"1","C8":"1","97":"1","F9":"1","96":"1","C7":"1"}},"2J":{"C4":{"37":"1","38":"1"}},"77":{"X2":{"GW":"1","MV":"1","FX":"1","HW":"1","PX":"1","MQ":"1","MP":"1","MR":"1","MX":"1","MW":"1","JW":"1","GX":"1","HX":"1","JX":"1"},"X3":{"H4":"1","G4":"1","G2":"1","J6":"1","P9":"1","M4":"1","M8":"1","H9":"1","P6":"1","F6":"1","G7":"1","J2":"1","JF":"1","H3":"1","P3":"1","MG":"1","F2":"1","MF":"1","M9":"1","M6":"1","F4":"1","G3":"1","H6":"1","M3":"1","HC":"1","G5":"1","PC":"1","P2":"1","F7":"1","H7":"1","G6":"1","H8":"1","J5":"1","F3":"1","M2":"1","J7":"1","F5":"1","J4":"1","MC":"1","P5":"1","J8":"1","G8":"1","J3":"1","H5":"1","M5":"1","Q6":"1","J9":"1","JG":"1","M7":"1","H2":"1","JC":"1"},"7X":{"C9":"1","FC":"1","G9":"1","GC":"1","C8":"1","FF":"1","CF":"1","F8":"1","99":"1","F9":"1","GF":"1","9C":"1","CC":"1","G8":"1","9F":"1","98":"1"}},"3V":{"XQ":{"C3":"1","92":"1","94":"1","F2":"1","C4":"1","82":"1","93":"1","C2":"1","F3":"1"},"XP":{"9X":"1","CX":"1","8X":"1"},"RJ":{"VC":"1","WF":"1","VF":"1","RF":"1"},"XV":{"XM":"1"},"VJ":{"98":"1","89":"1","99":"1","86":"1","77":"1","7C":"1","76":"1","79":"1","88":"1","87":"1","78":"1","8C":"1"},"XW":{"QF":"1"},"VM":{"PM":"1","VM":"1","JJ":"1","WH":"1","PP":"1","V8":"1","PH":"1","J9":"1","MG":"1","MH":"1","VG":"1","PJ":"1","MJ":"1","HC":"1","JG":"1","QC":"1","V9":"1","RF":"1","MF":"1","PF":"1","RC":"1","RH":"1","WM":"1","QF":"1","PC":"1","RG":"1","WJ":"1","QH":"1","QM":"1","VF":"1","WG":"1","PG":"1","R8":"1","RM":"1","MC":"1","MP":"1","QP":"1","QJ":"1","RJ":"1","Q9":"1","VJ":"1","JF":"1","JC":"1","M9":"1","Q8":"1","JH":"1","MM":"1","P9":"1","VH":"1","VC":"1","QG":"1","R9":"1"}},"8X":{"95":{"HM":"1","GM":"1"}},"QF":{"M2":{"C3":"1","F2":"1","C2":"1","F3":"1"}},"87":{"RW":{"4J":"1","4M":"1","5M":"1","5J":"1"},"22":{"JC":"1","5J":"1","4P":"1","5P":"1","HC":"1","4J":"1","5M":"1","JF":"1","4M":"1"}},"FW":{"9X":{"H2":"1","G2":"1"},"9W":{"HW":"1","GW":"1","GX":"1","HX":"1"},"87":{"RX":"1","VX":"1","XX":"1","WX":"1"},"88":{"X2":"1","W3":"1","W2":"1","V3":"1","R2":"1","V2":"1"}},"XJ":{"WG":{"PR":"1","JQ":"1","MV":"1","MQ":"1","MR":"1","QR":"1","QQ":"1","JR":"1","PQ":"1","PV":"1"}},"HW":{"47":{"6P":"1"}},"4H":{"QP":{"H8":"1","H9":"1","H5":"1","G9":"1","G7":"1","H6":"1","GC":"1","G6":"1","G5":"1","G8":"1","H7":"1"}},"W8":{"HX":{"2R":"1","3R":"1"}},"WG":{"G8":{"VC":"1","Q6":"1","V6":"1","R9":"1","Q5":"1","Q4":"1","R7":"1","V9":"1","R4":"1","V5":"1","V4":"1","V7":"1","RC":"1","R8":"1","Q7":"1","R6":"1","Q9":"1","R5":"1","QC":"1","V8":"1","Q8":"1"}},"6M":{"R6":{"89":"1","87":"1","88":"1","79":"1","78":"1","77":"1"},"X8":{"W5":"1","W4":"1","V5":"1"},"P7":{"HW":"1"},"33":{"9J":"1","H9":"1","4J":"1","8P":"1","9M":"1","5J":"1","9H":"1","8R":"1","7M":"1","6R":"1","7V":"1","8V":"1","6P":"1","4Q":"1","FH":"1","8Q":"1","4H":"1","CQ":"1","9V":"1","FM":"1","8J":"1","7W":"1","6Q":"1","7P":"1","CM":"1","CV":"1","FJ":"1","9R":"1","H7":"1","H8":"1","5Q":"1","9P":"1","CJ":"1","5H":"1","GQ":"1","9Q":"1","9W":"1","6V":"1","7Q":"1","6W":"1","7R":"1","FQ":"1","8W":"1","FP":"1","CP":"1","8M":"1","GP":"1","CH":"1","CR":"1"}},"35":{"VC":{"WG":"1","84":"1"},"P9":{"6P":"1"},"3Q":{"8Q":"1"},"W9":{"6W":"1"},"PC":{"PF":"1"},"8P":{"GX":"1"},"R9":{"HR":"1","GR":"1"},"V9":{"8G":"1","MV":"1","8X":"1","4R":"1","8P":"1","8R":"1","CG":"1","JV":"1","6P":"1","8H":"1","5V":"1","VW":"1","85":"1","JM":"1","4M":"1"},"RC":{"45":"1","26":"1","25":"1","F3":"1","55":"1","46":"1","G2":"1","F2":"1","G3":"1","44":"1","V4":"1","35":"1","34":"1","36":"1"},"Q9":{"MP":"1"},"QC":{"R3":"1"},"V8":{"GW":"1","HW":"1","8P":"1","CM":"1","7M":"1","9P":"1","8J":"1","CP":"1","G9":"1","9M":"1","GV":"1","CJ":"1","7J":"1","CR":"1","6M":"1","HV":"1","9J":"1","6J":"1","8M":"1"}},"5G":{"R2":{"FG":"1","GG":"1","GH":"1"}},"9R":{"XF":{"C4":"1"}},"6F":{"WV":{"H5":"1","J4":"1","H6":"1","H4":"1","J5":"1"},"6W":{"VX":"1","RV":"1","VV":"1","WX":"1","RX":"1","VW":"1","RW":"1"}},"R9":{"JX":{"36":"1","37":"1","45":"1","26":"1","25":"1","35":"1","27":"1"},"2C":{"7R":"1","7P":"1","4R":"1","8P":"1","4P":"1","7M":"1","7H":"1","5P":"1","4Q":"1","8J":"1","6Q":"1","7W":"1","7J":"1","7Q":"1","7V":"1","6W":"1","6P":"1","5Q":"1","8H":"1","5V":"1","6M":"1","5R":"1","6R":"1","6J":"1","8M":"1","6V":"1"},"HX":{"X6":"1","WP":"1","WM":"1","X7":"1","X5":"1"}},"HC":{"Q6":{"32":"1","26":"1","43":"1","22":"1","27":"1","42":"1"},"Q4":{"3V":"1","4W":"1","5R":"1","4V":"1","5V":"1","3X":"1","5X":"1","3W":"1","5W":"1","4X":"1"},"32":{"X9":"1","X6":"1","W3":"1","X8":"1","W9":"1","X7":"1","XC":"1","W8":"1","WC":"1","99":"1","W4":"1","V4":"1"},"Q5":{"4V":"1","CG":"1","7Q":"1","7J":"1","3X":"1","5W":"1","3R":"1","2M":"1","2R":"1","CH":"1","42":"1","4Q":"1","5H":"1","7M":"1","9G":"1","8P":"1","7G":"1","32":"1","8M":"1","5M":"1","5R":"1","6H":"1","3M":"1","9P":"1","2V":"1","7H":"1","9H":"1","4R":"1","3P":"1","6M":"1","3Q":"1","5V":"1","3V":"1","6Q":"1","9Q":"1","6P":"1","8Q":"1","4P":"1","5P":"1","3W":"1","4W":"1","2W":"1","6G":"1","6R":"1","8R":"1","2Q":"1","2P":"1","5J":"1","5Q":"1","7P":"1","2X":"1","6J":"1","4M":"1","52":"1","7R":"1"},"P5":{"WR":"1","VQ":"1","XW":"1","WX":"1","VW":"1","RQ":"1","WV":"1","RJ":"1","RW":"1","WW":"1","QR":"1","VR":"1","XQ":"1","WP":"1","XP":"1","RR":"1","VX":"1","RP":"1","VV":"1","RM":"1","RV":"1","QP":"1","QQ":"1","QJ":"1","WQ":"1","QM":"1","VM":"1","VP":"1","XX":"1"},"53":{"W8":"1","M4":"1","VC":"1","W7":"1","W2":"1","Q6":"1","J3":"1","W9":"1","W6":"1","R2":"1","H3":"1","V6":"1","X7":"1","X6":"1","R9":"1","J4":"1","W4":"1","Q5":"1","Q2":"1","WC":"1","W3":"1","Q4":"1","P3":"1","R7":"1","V3":"1","V9":"1","M5":"1","J2":"1","R4":"1","R3":"1","Q3":"1","V4":"1","V5":"1","V7":"1","R8":"1","RC":"1","P4":"1","R6":"1","M2":"1","W5":"1","R5":"1","M3":"1","V8":"1","V2":"1","J5":"1","H4":"1","P2":"1"},"23":{"JF":"1","HF":"1","JG":"1","HG":"1","HH":"1","GG":"1","JH":"1","GF":"1"},"P6":{"R5":"1","W6":"1","Q4":"1","R2":"1","V3":"1","V6":"1","R3":"1","V5":"1","Q5":"1","V7":"1","X7":"1","W7":"1","V2":"1","Q3":"1","X6":"1","X2":"1","W4":"1","W5":"1","V4":"1","R4":"1","Q6":"1","X5":"1","R6":"1"},"72":{"7R":"1","7P":"1","8P":"1","7M":"1","6Q":"1","8Q":"1","7J":"1","7Q":"1","8R":"1","6P":"1","6M":"1","52":"1","6R":"1","8M":"1"},"42":{"29":"1","26":"1","38":"1","28":"1","3C":"1","27":"1","39":"1","2C":"1","37":"1"}},"6C":{"R5":{"X9":"1"},"V5":{"29":"1","2C":"1"}},"73":{"C2":{"7J":"1","5F":"1","4G":"1","6H":"1","6J":"1","5H":"1","6F":"1","4F":"1","3F":"1","4J":"1","5G":"1","5J":"1","4H":"1","6G":"1"}},"W2":{"CF":{"69":"1","79":"1"}},"R7":{"RW":{"WH":"1"},"VX":{"JF":"1","JC":"1"}},"FQ":{"M4":{"PF":"1","6W":"1","PC":"1"},"X5":{"MX":"1"},"24":{"C5":"1","46":"1","93":"1","48":"1","44":"1","C7":"1","88":"1","35":"1","C3":"1","7C":"1","38":"1","34":"1","37":"1","59":"1","54":"1","57":"1","94":"1","96":"1","95":"1","77":"1","36":"1","76":"1","75":"1","67":"1","87":"1","89":"1","86":"1","49":"1","C6":"1","98":"1","73":"1","5C":"1","55":"1","65":"1","84":"1","64":"1","56":"1","47":"1","63":"1","66":"1","74":"1","39":"1","97":"1","45":"1","53":"1","C4":"1","99":"1","6C":"1","79":"1","78":"1","58":"1","83":"1","69":"1","85":"1","68":"1"},"R2":{"X9":"1","X8":"1","W9":"1","XC":"1","W8":"1","WC":"1"},"X6":{"M2":"1"},"Q5":{"28":"1"},"P5":{"R5":"1","CG":"1","8X":"1","W6":"1","X4":"1","CW":"1","R8":"1","V6":"1","V5":"1","W8":"1","R7":"1","V7":"1","X7":"1","9R":"1","W7":"1","X6":"1","X8":"1","W4":"1","9W":"1","R9":"1","W9":"1","V8":"1","8W":"1","W5":"1","V4":"1","9X":"1","R4":"1","X5":"1","CH":"1","R6":"1","V9":"1"},"M5":{"RC":"1","RF":"1"},"H5":{"7P":"1","6M":"1","7M":"1","6P":"1"},"Q3":{"64":"1","73":"1","75":"1","65":"1","74":"1","63":"1"},"P4":{"HF":"1","M8":"1","H9":"1","G7":"1","9M":"1","C3":"1","JF":"1","G9":"1","GC":"1","GF":"1","MF":"1","F9":"1","M9":"1","F8":"1","C2":"1","HC":"1","H7":"1","H8":"1","F3":"1","J7":"1","MC":"1","J8":"1","G8":"1","J9":"1","JC":"1"},"M2":{"JV":"1","MM":"1","FR":"1","HV":"1","HP":"1","HR":"1","JM":"1","CQ":"1","FM":"1","GV":"1","JQ":"1","JR":"1","GW":"1","MR":"1","GR":"1","HQ":"1","GQ":"1","GM":"1","MP":"1","FQ":"1","FP":"1","HM":"1","CP":"1","JP":"1","GP":"1","MQ":"1","PM":"1"},"M3":{"R3":"1","V3":"1","R2":"1","V2":"1"},"P2":{"X3":"1"},"C4":{"5M":"1"}},"7P":{"HQ":{"XG":"1","WG":"1","WH":"1","VJ":"1","XF":"1","WJ":"1","XH":"1","VH":"1"},"JP":{"9X":"1","8V":"1","9W":"1","7X":"1","7V":"1","6X":"1","9V":"1","8X":"1","7W":"1","8W":"1","6W":"1"},"J2":{"43":"1","45":"1","22":"1","54":"1","57":"1","24":"1","26":"1","38":"1","25":"1","47":"1","28":"1","42":"1","48":"1","55":"1","58":"1","46":"1","27":"1","33":"1","44":"1","35":"1","53":"1","32":"1","34":"1","23":"1","37":"1","36":"1"},"H2":{"X6":"1","X2":"1","X8":"1","X3":"1","X7":"1","X4":"1","X5":"1"},"M2":{"3G":"1"},"M3":{"7R":"1","8P":"1","CM":"1","9P":"1","9M":"1","9Q":"1","8Q":"1","7Q":"1","8R":"1","P7":"1","P6":"1","9J":"1","9R":"1"},"JQ":{"92":"1","3G":"1","2G":"1","3F":"1","82":"1","2F":"1","72":"1"}},"4V":{"8F":{"C2":"1"},"P8":{"9X":"1","9W":"1","8X":"1","8W":"1"},"2V":{"PR":"1","GW":"1","JQ":"1","MV":"1","HW":"1","MQ":"1","GV":"1","HR":"1","MR":"1","MX":"1","MW":"1","2M":"1","JV":"1","HQ":"1","JR":"1","PQ":"1","JW":"1","HV":"1","GR":"1","PV":"1","PW":"1","GX":"1","JX":"1","HX":"1"},"8C":{"CX":"1"}},"89":{"X2":{"JG":"1","HG":"1","MG":"1"},"3V":{"28":"1"}},"C2":{"W2":{"HG":"1","HH":"1","GG":"1","FJ":"1","HJ":"1","GJ":"1","FH":"1","GM":"1","GH":"1"}},"4C":{"X9":{"72":"1","63":"1","73":"1","54":"1","62":"1","64":"1","84":"1","42":"1","83":"1","82":"1","74":"1","53":"1","32":"1","52":"1"},"X8":{"5W":"1","7X":"1","8X":"1","3V":"1","5X":"1","3W":"1","7W":"1","4W":"1","3X":"1","6W":"1","3R":"1","4X":"1","4V":"1","8W":"1","6X":"1"},"7X":{"6R":"1","4W":"1","5R":"1","4V":"1","6V":"1","5V":"1","5X":"1","5W":"1","6W":"1"},"6X":{"MM":"1","HJ":"1","GP":"1","PR":"1","JQ":"1","MJ":"1","PH":"1","JJ":"1","PM":"1","GH":"1","MQ":"1","GM":"1","MP":"1","JH":"1","GJ":"1","MR":"1","GQ":"1","HM":"1","HH":"1","JP":"1","HQ":"1","PJ":"1","JR":"1","HP":"1","PQ":"1","JM":"1","PP":"1","MH":"1"},"8X":{"VC":"1","WF":"1","RC":"1","WC":"1","VF":"1","RF":"1"}},"W4":{"G3":{"PX":"1"}},"RX":{"R5":{"CQ":"1","FG":"1","FM":"1","CM":"1","9P":"1","CP":"1","FQ":"1","FP":"1","9M":"1","CJ":"1","FJ":"1","CR":"1","9H":"1","FH":"1","CG":"1","9J":"1","CH":"1"},"38":{"MJ":"1","PH":"1","JJ":"1","PC":"1","JC":"1","MG":"1","JH":"1","MF":"1","QG":"1","MC":"1","PG":"1","PF":"1","JG":"1","JF":"1","QC":"1","PJ":"1","QF":"1","MH":"1","QH":"1"},"P6":{"GW":"1","FW":"1","FV":"1","FX":"1","CW":"1","HW":"1","9W":"1","GV":"1","9X":"1","CV":"1","CX":"1","JW":"1","GX":"1","HX":"1","JX":"1"},"P7":{"J2":"1","92":"1","F2":"1","H2":"1","G2":"1","C2":"1"}},"85":{"5X":{"RV":"1"}},"5W":{"J4":{"43":"1","45":"1","22":"1","54":"1","24":"1","26":"1","25":"1","42":"1","55":"1","46":"1","33":"1","44":"1","35":"1","32":"1","34":"1","23":"1","36":"1"},"H4":{"4V":"1","HG":"1","V5":"1","M8":"1","7Q":"1","H5":"1","PH":"1","5W":"1","J6":"1","J9":"1","P7":"1","W5":"1","Q5":"1","HH":"1","MG":"1","MH":"1","Q2":"1","M2":"1","7W":"1","R7":"1","H7":"1","V4":"1","V6":"1","HC":"1","R3":"1","JG":"1","X2":"1","M7":"1","J3":"1","QC":"1","HF":"1","W3":"1","Q6":"1","RF":"1","MF":"1","PF":"1","RC":"1","H3":"1","RH":"1","QF":"1","M3":"1","V2":"1","Q3":"1","R4":"1","PC":"1","RG":"1","X4":"1","J2":"1","P6":"1","P4":"1","QH":"1","P5":"1","5V":"1","R2":"1","H8":"1","W2":"1","J5":"1","P2":"1","PG":"1","R8":"1","X3":"1","MC":"1","PX":"1","P3":"1","J8":"1","4W":"1","H6":"1","H4":"1","M5":"1","X5":"1","R6":"1","Q9":"1","J7":"1","X6":"1","Q7":"1","JF":"1","JC":"1","W6":"1","M9":"1","Q8":"1","JH":"1","M6":"1","W4":"1","H9":"1","P9":"1","M4":"1","V3":"1","R5":"1","P8":"1","QG":"1","R9":"1","Q4":"1","J4":"1"},"G3":{"XQ":"1","XJ":"1"},"J3":{"3Q":"1","3V":"1","4R":"1","3W":"1","4Q":"1","2V":"1","4W":"1","2Q":"1","2X":"1","3X":"1","3R":"1","2W":"1","2R":"1","5V":"1","4X":"1","4V":"1","5R":"1"},"H3":{"XV":"1","WR":"1","VQ":"1","F6":"1","G7":"1","XW":"1","XR":"1","WX":"1","G9":"1","C9":"1","MX":"1","C6":"1","VW":"1","RQ":"1","WV":"1","C7":"1","RW":"1","QX":"1","WW":"1","QV":"1","F9":"1","F8":"1","97":"1","VR":"1","XQ":"1","PW":"1","RR":"1","VX":"1","F7":"1","H7":"1","G6":"1","H8":"1","VV":"1","RV":"1","C8":"1","96":"1","G8":"1","JX":"1","QW":"1","WQ":"1","RX":"1","XX":"1","PX":"1","PV":"1"},"M5":{"VG":"1","VF":"1","RG":"1","RF":"1"},"P7":{"G8":"1","HG":"1","PM":"1","VM":"1","G7":"1","M8":"1","V8":"1","H5":"1","PH":"1","FF":"1","F7":"1","J6":"1","G5":"1","J9":"1","F8":"1","G6":"1","P7":"1","Q5":"1","MG":"1","VG":"1","PJ":"1","G9":"1","FC":"1","H7":"1","HC":"1","JG":"1","F6":"1","M7":"1","QC":"1","V9":"1","FG":"1","HF":"1","Q6":"1","F9":"1","RF":"1","MF":"1","PF":"1","RC":"1","RH":"1","QF":"1","PC":"1","RG":"1","P6":"1","RP":"1","QH":"1","GG":"1","P5":"1","H8":"1","QM":"1","VP":"1","J5":"1","VF":"1","PG":"1","R8":"1","GC":"1","RM":"1","MC":"1","J8":"1","QP":"1","QJ":"1","H6":"1","RJ":"1","M5":"1","Q9":"1","GF":"1","J7":"1","F5":"1","Q7":"1","VJ":"1","JF":"1","JC":"1","M9":"1","Q8":"1","M6":"1","H9":"1","P9":"1","VH":"1","VC":"1","P8":"1","QG":"1","R9":"1"}},"3X":{"HF":{"2R":"1","2V":"1","2Q":"1"},"CH":{"P2":"1","Q2":"1"},"FJ":{"M8":"1","P8":"1","M7":"1","Q8":"1","P7":"1","Q7":"1"},"CG":{"PQ":"1","MX":"1","RQ":"1","RJ":"1","RW":"1","QX":"1","QR":"1","PR":"1","QV":"1","MR":"1","PW":"1","RR":"1","RP":"1","MV":"1","RM":"1","VJ":"1","RV":"1","QP":"1","PP":"1","MP":"1","QW":"1","QQ":"1","QJ":"1","QM":"1","VP":"1","VM":"1","MQ":"1","MW":"1","PX":"1","PV":"1"},"GF":{"XQ":"1","XV":"1","XR":"1","WQ":"1","WR":"1","WV":"1"}},"53":{"QR":{"VG":"1","QH":"1","QG":"1","QF":"1","RG":"1","RF":"1","VH":"1","RH":"1"},"QQ":{"RJ":"1","QJ":"1","QH":"1","QG":"1","RM":"1","RG":"1","QM":"1","RH":"1"},"QP":{"M7":"1","J9":"1","P9":"1","P8":"1","M6":"1","J7":"1","M8":"1","J8":"1","P7":"1","M9":"1"},"PM":{"M8":"1","P8":"1","M7":"1","P9":"1","M9":"1","P7":"1"},"VP":{"8X":"1","8P":"1","8R":"1","6M":"1","6R":"1","7V":"1","7M":"1","8V":"1","5V":"1","6P":"1","8Q":"1","6X":"1","5W":"1","7W":"1","6Q":"1","7P":"1","7X":"1","5X":"1","5Q":"1","6V":"1","6W":"1","7Q":"1","7R":"1","5R":"1","8W":"1","8M":"1"},"WM":{"HW":"1","GW":"1","HR":"1","GV":"1","HX":"1","JW":"1","JR":"1","JV":"1","GR":"1","HV":"1"},"VQ":{"GP":"1","JQ":"1","72":"1","62":"1","FP":"1","FQ":"1","HR":"1","82":"1","FR":"1","GQ":"1","HQ":"1","JR":"1","HP":"1","GR":"1","52":"1"},"XQ":{"5F":"1","4F":"1","5C":"1","49":"1","4C":"1"},"RX":{"HJ":"1","GF":"1","FG":"1","HG":"1","JC":"1","GG":"1","GC":"1","HC":"1","GH":"1","GJ":"1","FJ":"1","FH":"1","HH":"1","JG":"1","JF":"1","HF":"1"},"WQ":{"H5":"1","G4":"1","H4":"1","G5":"1"},"RV":{"M7":"1","G6":"1","H7":"1","H6":"1","P8":"1","J7":"1","J6":"1","H8":"1","58":"1","M8":"1","F8":"1","G8":"1","J8":"1","G7":"1","P7":"1","J5":"1","F7":"1"},"QV":{"P5":"1"},"XX":{"H8":"1","H9":"1","JF":"1","HF":"1","G9":"1","JG":"1","GC":"1","HG":"1","J8":"1","GG":"1","HC":"1","GF":"1","J9":"1","G8":"1"},"XH":{"8G":"1","8F":"1","MV":"1","FM":"1","CM":"1","8P":"1","7H":"1","9P":"1","8J":"1","CP":"1","7G":"1","FP":"1","9M":"1","CJ":"1","FJ":"1","9H":"1","MW":"1","JV":"1","9G":"1","8H":"1","9J":"1","8M":"1","CH":"1"},"WX":{"4P":"1","6Q":"1","2M":"1","5Q":"1","3M":"1","3Q":"1","4Q":"1","2J":"1","5P":"1","3J":"1","4J":"1","4M":"1","3P":"1","2P":"1","6P":"1"},"WW":{"G4":"1","H4":"1"},"VW":{"M4":"1","J3":"1","J4":"1","M6":"1","P5":"1","P3":"1","M5":"1","J2":"1","P4":"1","M2":"1","M3":"1","P6":"1","P2":"1"},"VM":{"JF":"1","MC":"1","M8":"1","P8":"1","P9":"1","MF":"1","J8":"1","JC":"1","PF":"1","M9":"1","J9":"1","P7":"1","PC":"1"},"QM":{"HW":"1","GW":"1","HV":"1"},"PX":{"MW":"1","JX":"1","MX":"1","PW":"1","JW":"1","JV":"1","PV":"1","MV":"1","PX":"1"}},"7J":{"55":{"94":"1","75":"1","74":"1","85":"1","84":"1","95":"1"}},"CP":{"CP":{"RW":"1","VV":"1","RV":"1","VW":"1"}},"JF":{"P3":{"Q3":"1"}},"WW":{"6M":{"WP":"1","WM":"1","WQ":"1","WX":"1"}},"57":{"M8":{"7X":"1","6X":"1","7W":"1","6W":"1"}},"3G":{"8F":{"57":"1","J2":"1","68":"1","J3":"1","48":"1","67":"1","47":"1","58":"1","78":"1","77":"1"},"98":{"G8":"1","C5":"1","82":"1","93":"1","C7":"1","F7":"1","88":"1","F8":"1","C9":"1","94":"1","G9":"1","96":"1","95":"1","77":"1","76":"1","75":"1","F6":"1","87":"1","89":"1","92":"1","86":"1","F9":"1","C6":"1","98":"1","73":"1","84":"1","72":"1","C8":"1","74":"1","97":"1","99":"1","C4":"1","79":"1","78":"1","83":"1","85":"1"}},"2R":{"99":{"83":"1","73":"1","62":"1","74":"1","82":"1","63":"1","72":"1"},"98":{"7X":"1","6X":"1","8X":"1","7W":"1","8W":"1","6W":"1"}},"6X":{"W3":{"XQ":"1","WR":"1","WQ":"1","VR":"1","VX":"1","XV":"1","VV":"1","WV":"1","WX":"1","XR":"1","VW":"1","WW":"1"}},"4Q":{"CQ":{"95":"1","C5":"1"},"CP":{"VP":"1","RP":"1","VM":"1","RM":"1"}},"7M":{"39":{"78":"1","9G":"1","CG":"1","RH":"1","MJ":"1","XF":"1","QH":"1","7F":"1","MM":"1","RC":"1","79":"1","PG":"1","JF":"1","PF":"1","GC":"1","G9":"1","C9":"1","87":"1","XG":"1","RG":"1","GF":"1","CF":"1","QF":"1","RF":"1","QG":"1","MG":"1","9C":"1","JM":"1","RJ":"1","MF":"1","C7":"1","PH":"1","7C":"1","VG":"1","F9":"1","FC":"1","F8":"1","FG":"1","97":"1","JH":"1","PJ":"1","CC":"1","GG":"1","VF":"1","F7":"1","77":"1","8G":"1","RP":"1","7G":"1","99":"1","RM":"1","WH":"1","VJ":"1","8F":"1","QC":"1","WG":"1","FF":"1","89":"1","C8":"1","QP":"1","9F":"1","PP":"1","8C":"1","MC":"1","WF":"1","VH":"1","MP":"1","QJ":"1","MH":"1","JP":"1","JJ":"1","88":"1","98":"1","QM":"1","JG":"1","PM":"1","JC":"1"},"JX":{"2X":"1","3X":"1","4X":"1"},"HX":{"PR":"1","QP":"1","PM":"1","RP":"1","RV":"1","XX":"1","QJ":"1","QV":"1","QR":"1","QM":"1","RQ":"1","QQ":"1","QW":"1","RR":"1","PQ":"1","PV":"1","PW":"1","PP":"1"},"4F":{"MM":"1","MJ":"1","PH":"1","PM":"1","MG":"1","PG":"1","PJ":"1","MH":"1"},"JW":{"PW":"1","PX":"1"},"5C":{"M4":"1","P8":"1","J4":"1","P9":"1","J3":"1","M3":"1"},"67":{"57":"1","59":"1","4C":"1","47":"1","48":"1","69":"1","68":"1","58":"1","49":"1","5C":"1","6C":"1","67":"1"},"VM":{"PH":"1","PJ":"1"}},"CM":{"G3":{"XG":"1","WG":"1","WH":"1","WM":"1","XJ":"1","WJ":"1","XH":"1","XM":"1"},"H3":{"2H":"1","2M":"1","3H":"1","2J":"1","3J":"1"}},"QH":{"Q9":{"FQ":"1","FM":"1","9M":"1","CQ":"1","CM":"1","FR":"1","9P":"1","FP":"1","CR":"1","9Q":"1","CV":"1","CP":"1","FV":"1"},"QC":{"XW":"1","XV":"1","XR":"1","WR":"1","XX":"1","WX":"1","WW":"1","WV":"1"},"QF":{"XG":"1","WG":"1","WH":"1","WM":"1","WF":"1","XF":"1","XJ":"1","WJ":"1","XH":"1","XM":"1"}},"69":{"JG":{"4X":"1","8X":"1","CW":"1","8R":"1","7V":"1","6R":"1","8V":"1","5V":"1","4Q":"1","4R":"1","8Q":"1","CQ":"1","9V":"1","6X":"1","5W":"1","7W":"1","6Q":"1","4V":"1","CV":"1","7X":"1","5X":"1","9R":"1","5Q":"1","4W":"1","CX":"1","9W":"1","9Q":"1","6V":"1","7Q":"1","6W":"1","7R":"1","5R":"1","8W":"1","9X":"1","CR":"1"},"PW":{"QR":"1","PW":"1","QW":"1","PR":"1","QV":"1","PV":"1"},"GG":{"VC":"1","WF":"1","WC":"1","VF":"1","WW":"1"},"JH":{"72":"1","63":"1","73":"1","62":"1","XJ":"1","84":"1","WH":"1","WJ":"1","93":"1","83":"1","XH":"1","82":"1","92":"1","C3":"1","C2":"1","52":"1","C4":"1","94":"1"}},"54":{"FV":{"PW":"1"},"4V":{"JJ":"1"},"G8":{"XP":"1","WP":"1","WM":"1","XQ":"1","XJ":"1","WQ":"1","WJ":"1","XM":"1"},"VM":{"HW":"1","GW":"1","GX":"1","GV":"1","FW":"1","HX":"1","FX":"1","HV":"1","FV":"1"},"XJ":{"JF":"1","G9":"1","C9":"1","CF":"1","9C":"1","C7":"1","MF":"1","F9":"1","FC":"1","F8":"1","CC":"1","F7":"1","99":"1","J5":"1","8F":"1","FF":"1","C8":"1","9F":"1","8C":"1","MC":"1","G8":"1","98":"1"},"WH":{"HH":"1","HF":"1","H9":"1","HG":"1","JF":"1","G9":"1","GC":"1","GF":"1","MG":"1","MF":"1","F9":"1","GH":"1","FC":"1","FG":"1","JH":"1","HC":"1","GG":"1","FF":"1","MC":"1","MH":"1","JG":"1","JC":"1"},"G7":{"X6":"1","X8":"1","X7":"1"},"Q5":{"X2":"1","W2":"1","R2":"1","V2":"1"},"H7":{"57":"1","59":"1","26":"1","38":"1","47":"1","28":"1","48":"1","68":"1","58":"1","27":"1","49":"1","39":"1","37":"1","36":"1"},"V4":{"M7":"1","H7":"1","H9":"1","J9":"1","H6":"1","P9":"1","Q6":"1","P8":"1","M6":"1","J7":"1","J6":"1","H8":"1","M8":"1","G8":"1","J8":"1","G7":"1","Q7":"1","Q9":"1","P7":"1","M9":"1","P6":"1","Q8":"1"},"R3":{"X2":"1","X3":"1","X4":"1"},"5M":{"RX":"1","RW":"1","PW":"1","VV":"1","QW":"1","VX":"1","RV":"1","QV":"1","QX":"1","VW":"1","PX":"1"},"5R":{"29":"1","4C":"1","3F":"1","38":"1","28":"1","3C":"1","27":"1","49":"1","39":"1","2C":"1","37":"1","2F":"1","36":"1"},"J3":{"J6":"1","8J":"1","H6":"1","J7":"1","H7":"1"},"Q6":{"WP":"1","WQ":"1","XJ":"1","WM":"1","WH":"1","WJ":"1","XM":"1","VH":"1","VJ":"1","VP":"1","VQ":"1","VM":"1"},"MR":{"GP":"1","FM":"1","CM":"1","CP":"1","GH":"1","FP":"1","GM":"1","GJ":"1","CJ":"1","FJ":"1","FH":"1","CH":"1"},"VQ":{"MX":"1","PW":"1","QW":"1","QX":"1","PV":"1","PX":"1"},"M3":{"CQ":"1","GP":"1","5W":"1","7X":"1","FM":"1","5X":"1","CM":"1","8P":"1","9P":"1","WJ":"1","CP":"1","FQ":"1","FP":"1","9M":"1","9Q":"1","8Q":"1","CR":"1","FR":"1","GQ":"1","6W":"1","GR":"1","9R":"1","6X":"1"},"4R":{"XF":"1","JV":"1","FR":"1","HV":"1","HP":"1","JW":"1","X9":"1","MX":"1","HR":"1","W8":"1","GV":"1","JQ":"1","JR":"1","MR":"1","X7":"1","WC":"1","FV":"1","W7":"1","GR":"1","HQ":"1","X6":"1","MV":"1","X8":"1","GQ":"1","W9":"1","GM":"1","MP":"1","XC":"1","JX":"1","QQ":"1","HM":"1","JP":"1","GP":"1","MQ":"1","MW":"1"},"R4":{"5C":"1"},"X8":{"VC":"1","RF":"1","R9":"1","RG":"1","VF":"1","V9":"1","QG":"1","PG":"1","RC":"1","PF":"1","VG":"1","QF":"1"},"XM":{"G8":"1","C5":"1","HG":"1","GH":"1","82":"1","93":"1","G7":"1","CG":"1","M8":"1","F4":"1","7J":"1","C7":"1","FF":"1","F7":"1","88":"1","J9":"1","F3":"1","C3":"1","F8":"1","CH":"1","G6":"1","CJ":"1","HH":"1","8H":"1","9C":"1","C9":"1","94":"1","G9":"1","9G":"1","FC":"1","8C":"1","H7":"1","96":"1","8J":"1","95":"1","77":"1","7G":"1","HC":"1","JG":"1","CM":"1","76":"1","7F":"1","75":"1","F6":"1","67":"1","M7":"1","CC":"1","9M":"1","87":"1","89":"1","92":"1","9F":"1","86":"1","HF":"1","FG":"1","8G":"1","F9":"1","MF":"1","C6":"1","98":"1","7H":"1","73":"1","9H":"1","65":"1","84":"1","HJ":"1","GJ":"1","64":"1","72":"1","GG":"1","H8":"1","C8":"1","C2":"1","63":"1","8F":"1","66":"1","74":"1","GC":"1","97":"1","MC":"1","9J":"1","J8":"1","FH":"1","C4":"1","99":"1","GF":"1","J7":"1","79":"1","F5":"1","JF":"1","JC":"1","M9":"1","JH":"1","78":"1","FM":"1","H9":"1","62":"1","6J":"1","FJ":"1","83":"1","69":"1","CF":"1","85":"1","68":"1"},"WP":{"J2":"1","M2":"1"},"9R":{"3V":"1"},"H8":{"3Q":"1","4P":"1","5P":"1","4Q":"1","3P":"1","3H":"1","2P":"1","2Q":"1","2J":"1","2M":"1","3J":"1","4M":"1","3M":"1"},"R2":{"XJ":"1"},"VP":{"F2":"1","H2":"1","G2":"1","G3":"1","F3":"1"},"W2":{"C9":"1","F7":"1","C8":"1","F8":"1","F9":"1"},"J5":{"V5":"1","PG":"1","VC":"1","M3":"1","V9":"1","V7":"1","M9":"1","W6":"1","M5":"1","X5":"1","WH":"1","XC":"1","RC":"1","X8":"1","M7":"1","VH":"1","PC":"1","Q9":"1","VF":"1","RG":"1","R3":"1","R4":"1","WC":"1","M4":"1","M8":"1","XG":"1","P7":"1","P2":"1","W9":"1","R6":"1","X4":"1","MC":"1","X9":"1","M6":"1","Q3":"1","J3":"1","J5":"1","X3":"1","X2":"1","Q2":"1","R8":"1","QC":"1","R2":"1","X7":"1","P3":"1","P4":"1","Q4":"1","J6":"1","RF":"1","P6":"1","X6":"1","V4":"1","VG":"1","W5":"1","Q6":"1","P9":"1","Q8":"1","P8":"1","W7":"1","WF":"1","QF":"1","W8":"1","PF":"1","WG":"1","R9":"1","Q5":"1","W2":"1","R7":"1","Q7":"1","R5":"1","M2":"1","V6":"1","W4":"1","V3":"1","P5":"1","XF":"1","J4":"1","RH":"1","W3":"1","MF":"1","V2":"1","V8":"1","QG":"1"},"P2":{"P2":"1","M2":"1"},"WC":{"CQ":"1","8G":"1","CM":"1","8P":"1","9P":"1","8J":"1","CP":"1","7G":"1","FQ":"1","FP":"1","9M":"1","9Q":"1","CJ":"1","9H":"1","9G":"1","8H":"1","9J":"1","8M":"1","CH":"1"},"WG":{"72":"1","63":"1","73":"1","54":"1","62":"1","64":"1","9X":"1","53":"1","5Q":"1","52":"1"},"5P":{"Q2":"1","R2":"1","V2":"1"},"4W":{"MX":"1","PW":"1","PX":"1"},"GR":{"9X":"1","9W":"1","HP":"1","8X":"1","8W":"1","7M":"1","8M":"1"},"H6":{"6H":"1","6M":"1","6G":"1","7M":"1","6P":"1"},"M5":{"22":"1","24":"1","3Q":"1","3V":"1","26":"1","4R":"1","4P":"1","25":"1","4Q":"1","3P":"1","27":"1","2P":"1","2Q":"1","33":"1","35":"1","JV":"1","3R":"1","32":"1","2R":"1","34":"1","23":"1","4V":"1"},"2W":{"F7":"1","C6":"1","F6":"1","C5":"1","F5":"1"},"M6":{"GF":"1","FG":"1","FC":"1","GG":"1","GC":"1","HC":"1","G9":"1","F9":"1","CF":"1","C9":"1","FF":"1","CC":"1","CG":"1","HF":"1"},"2P":{"9R":"1","8V":"1","9V":"1","8R":"1"},"WF":{"7X":"1","6X":"1","6V":"1","5V":"1","5X":"1","7W":"1","5W":"1","6W":"1"},"M4":{"72":"1","62":"1","2V":"1","HR":"1","2X":"1","2W":"1","RX":"1","2R":"1","HV":"1","V8":"1","RW":"1"},"VC":{"H6":"1"},"V3":{"GP":"1","HJ":"1","22":"1","FM":"1","24":"1","FP":"1","GM":"1","GJ":"1","CJ":"1","FJ":"1","HM":"1","FH":"1","HP":"1","23":"1"},"VR":{"P2":"1"},"Q4":{"45":"1","54":"1","57":"1","56":"1","VR":"1","VX":"1","47":"1","RV":"1","VV":"1","XX":"1","55":"1","46":"1","2J":"1","WX":"1","QV":"1","RX":"1","QW":"1","VW":"1","RR":"1","RW":"1","WW":"1"},"J4":{"RM":"1","WR":"1","VR":"1","VX":"1","PX":"1","XV":"1","RV":"1","VV":"1","XX":"1","WV":"1","MX":"1","WX":"1","QV":"1","XR":"1","RX":"1","QW":"1","QX":"1","RR":"1","VW":"1","RW":"1","PW":"1","XW":"1","WW":"1"}},"JV":{"R2":{"C3":"1","83":"1","76":"1","92":"1","94":"1","75":"1","85":"1","84":"1","C4":"1","82":"1","93":"1","95":"1","C2":"1","96":"1","C5":"1","86":"1"}},"J8":{"G5":{"MW":"1","JW":"1","JV":"1","MV":"1"}},"7X":{"G2":{"X9":"1","W9":"1","XC":"1","W8":"1","WC":"1","V8":"1","V9":"1"}},"MV":{"9Q":{"86":"1","77":"1","84":"1","93":"1","75":"1","83":"1","95":"1","96":"1","76":"1","74":"1","87":"1","85":"1","94":"1"}},"QM":{"J8":{"GP":"1"}},"GH":{"36":{"G6":"1","H7":"1","G5":"1","H6":"1","J7":"1","J6":"1","H5":"1","G7":"1","J5":"1"}},"64":{"43":{"MX":"1","PX":"1"},"22":{"J6":"1"},"4C":{"XG":"1","XJ":"1","WM":"1","WH":"1","WJ":"1","WF":"1","XH":"1","XM":"1","VF":"1","VH":"1","XF":"1","VJ":"1","WG":"1","VG":"1","VM":"1"},"VX":{"9H":"1","FC":"1","FG":"1","CH":"1","FF":"1","CF":"1","CG":"1","9G":"1","9C":"1","FH":"1","CC":"1","9F":"1"},"25":{"XH":"1","MJ":"1","XF":"1","W6":"1","WR":"1","QH":"1","W3":"1","X4":"1","VQ":"1","MM":"1","X9":"1","V3":"1","PQ":"1","W2":"1","XG":"1","XM":"1","VW":"1","RQ":"1","MG":"1","WV":"1","JM":"1","RJ":"1","RW":"1","PH":"1","WW":"1","QR":"1","PR":"1","QV":"1","JQ":"1","JR":"1","WM":"1","XJ":"1","X3":"1","MR":"1","X7":"1","VR":"1","WC":"1","JH":"1","XQ":"1","WP":"1","XP":"1","V2":"1","PJ":"1","RR":"1","VX":"1","X6":"1","RP":"1","VV":"1","RM":"1","X2":"1","WH":"1","X8":"1","W4":"1","RV":"1","QP":"1","PP":"1","WF":"1","MP":"1","XC":"1","WJ":"1","QW":"1","QQ":"1","QJ":"1","W5":"1","WQ":"1","V4":"1","MH":"1","RX":"1","JP":"1","X5":"1","QM":"1","VP":"1","VM":"1","JG":"1","MQ":"1","PV":"1","PM":"1"},"2V":{"VX":"1","PX":"1","RV":"1","QV":"1","RX":"1","QW":"1","QX":"1","RW":"1","PV":"1","PW":"1"},"47":{"2M":"1","2V":"1","2P":"1","2Q":"1","8P":"1","4P":"1","4M":"1","5F":"1","6M":"1","6R":"1","5V":"1","6P":"1","4Q":"1","4R":"1","2R":"1","8Q":"1","3W":"1","6J":"1","6Q":"1","4V":"1","7P":"1","2W":"1","3V":"1","5P":"1","5Q":"1","4W":"1","6V":"1","7Q":"1","3Q":"1","3P":"1","5R":"1","3R":"1","5M":"1"},"42":{"JH":"1"},"FP":{"JV":"1","FR":"1","HV":"1","HP":"1","GJ":"1","HR":"1","CQ":"1","FM":"1","GV":"1","JR":"1","CM":"1","CV":"1","FJ":"1","FV":"1","GR":"1","HQ":"1","CJ":"1","GQ":"1","GM":"1","FQ":"1","FP":"1","HM":"1","CP":"1","GP":"1","CR":"1"},"3C":{"9H":"1","JF":"1","MC":"1","MF":"1","JC":"1","9G":"1"},"3P":{"3Q":"1","3V":"1","4R":"1","4P":"1","3W":"1","4Q":"1","2V":"1","3P":"1","2P":"1","2Q":"1","2J":"1","2M":"1","88":"1","3R":"1","2R":"1","4V":"1","4M":"1","3M":"1"},"46":{"2H":"1","2J":"1","2G":"1"},"3H":{"R5":"1","R6":"1","R7":"1"},"2P":{"XP":"1","WP":"1","XQ":"1","WQ":"1","XM":"1"},"2M":{"FR":"1","CR":"1"},"44":{"G2":"1","J6":"1","P9":"1","M4":"1","M8":"1","H9":"1","P6":"1","G7":"1","C3":"1","P3":"1","F2":"1","M9":"1","M6":"1","G3":"1","H6":"1","M3":"1","C2":"1","P7":"1","P2":"1","H7":"1","H8":"1","F3":"1","M2":"1","J7":"1","J8":"1","G8":"1","P4":"1","J9":"1","P8":"1","M7":"1"},"35":{"4H":"1","48":"1","2G":"1","7Q":"1","3G":"1","7J":"1","3J":"1","7V":"1","35":"1","3R":"1","3H":"1","2M":"1","2R":"1","38":"1","37":"1","24":"1","8W":"1","4Q":"1","59":"1","5H":"1","7M":"1","4C":"1","7W":"1","26":"1","7G":"1","25":"1","36":"1","7F":"1","5M":"1","5R":"1","6H":"1","6F":"1","27":"1","3M":"1","49":"1","2C":"1","2F":"1","6W":"1","7H":"1","29":"1","5C":"1","3P":"1","6M":"1","2H":"1","3Q":"1","5V":"1","6Q":"1","47":"1","3C":"1","6P":"1","39":"1","4P":"1","5P":"1","5G":"1","4G":"1","3F":"1","6R":"1","6G":"1","4J":"1","2Q":"1","5F":"1","2P":"1","5J":"1","5Q":"1","23":"1","7P":"1","4F":"1","28":"1","6J":"1","4M":"1","6V":"1","7R":"1","2J":"1"},"5M":{"HH":"1","MJ":"1","QH":"1","P9":"1","HF":"1","MM":"1","HP":"1","PG":"1","HG":"1","JF":"1","PF":"1","GF":"1","Q9":"1","QF":"1","QG":"1","MG":"1","JM":"1","MF":"1","PH":"1","M9":"1","GH":"1","HJ":"1","FG":"1","JH":"1","HC":"1","PJ":"1","PC":"1","GG":"1","QC":"1","MC":"1","MP":"1","QJ":"1","MH":"1","HM":"1","JP":"1","JJ":"1","JG":"1","PM":"1","JC":"1"},"3R":{"7P":"1","8P":"1","7M":"1","5P":"1","9P":"1","6Q":"1","9M":"1","9Q":"1","8Q":"1","7Q":"1","5M":"1","6P":"1","5Q":"1","6M":"1","8M":"1"},"2W":{"Q2":"1","P2":"1","W3":"1","Q3":"1","R3":"1","V3":"1","R4":"1","R2":"1","V2":"1"},"34":{"Q9":"1","MM":"1","MJ":"1"},"3G":{"J6":"1","J5":"1"},"2C":{"WR":"1"},"37":{"RH":"1","XV":"1","WR":"1","43":"1","VQ":"1","53":"1","XW":"1","XR":"1","XM":"1","RG":"1","RF":"1","WV":"1","52":"1","55":"1","WW":"1","VG":"1","WM":"1","VR":"1","XQ":"1","WP":"1","54":"1","XP":"1","VF":"1","42":"1","VV":"1","44":"1","VH":"1","WQ":"1","VM":"1","VP":"1"},"5C":{"2H":"1","2M":"1","2J":"1","2G":"1","2F":"1"},"3M":{"PR":"1","QP":"1","MQ":"1","RP":"1","MP":"1","QR":"1","RQ":"1","QQ":"1","RR":"1","PQ":"1","PP":"1"},"36":{"XG":"1","WM":"1","XJ":"1","WJ":"1","XH":"1","XM":"1"}},"FC":{"9C":{"63":"1","54":"1","5F":"1","57":"1","59":"1","64":"1","47":"1","48":"1","7C":"1","69":"1","58":"1","68":"1","6F":"1","79":"1","78":"1","5C":"1","6C":"1"}},"V2":{"5M":{"PH":"1","P9":"1","Q6":"1","PC":"1","P8":"1","MG":"1","MF":"1","M8":"1","MC":"1","PG":"1","PF":"1","Q7":"1","Q9":"1","JG":"1","JF":"1","P7":"1","PJ":"1","M9":"1","Q8":"1"}},"4P":{"W3":{"8F":"1","9F":"1","CF":"1","CC":"1","CG":"1","9G":"1","9C":"1","8C":"1"}},"G6":{"R6":{"RJ":"1","VP":"1","WM":"1","VJ":"1","RP":"1","WJ":"1","VM":"1","RM":"1","VH":"1"}}}}