{"index":{"university,1|retail,2|tourism,3|wreck,4|historical,5|artsCulture,6|namedBuilding,7|water,8|wetland,9|park,10|beach,11|natureReserve,12|cemetery,13|trail,14":{}},"88":{"X6":{"7W":{"3P":"1"}},"W8":{"52":{"6H":"1","5H":"1","5G":"1","6G":"1"}},"V8":{"GC":{"4R":"1","5R":"1","4V":"1","5V":"1"},"PQ":{"P8":"1","P9":"1"}},"W4":{"W3":{"Q9":"1","Q6":"1","R6":"1","R7":"1","R9":"1","P6":"1","Q8":"1","Q7":"1","R8":"1"}},"V9":{"H8":{"G7":"1","F7":"1","C4":"1","C6":"1","G6":"1","F6":"1","G5":"1","C5":"1","F5":"1","F4":"1","F3":"1"},"G6":{"GH":"1"},"J8":{"FQ":"1","GQ":"1","GP":"1","FP":"1"},"H7":{"QH":"1","H9":"1","P6":"1","F6":"1","G7":"1","GC":"1","G9":"1","C9":"1","87":"1","GF":"1","CF":"1","C6":"1","C7":"1","PH":"1","Q7":"1","F9":"1","FC":"1","M6":"1","F8":"1","97":"1","HC":"1","P7":"1","G5":"1","PJ":"1","CC":"1","F7":"1","H7":"1","G6":"1","H8":"1","99":"1","FF":"1","F5":"1","C8":"1","96":"1","Q8":"1","G8":"1","QJ":"1","98":"1","P8":"1","M7":"1"}},"W6":{"W8":{"RQ":"1","QQ":"1","QR":"1","RR":"1","RV":"1","QV":"1"}},"X5":{"WQ":{"CH":"1"}}}}