{"index":{"university,1|retail,2|tourism,3|wreck,4|historical,5|artsCulture,6|namedBuilding,7|water,8|wetland,9|park,10|beach,11|natureReserve,12|cemetery,13|trail,14":{}},"8C":{"MW":{"83":{"77":"1","8P":"1","6Q":"1","66":"1","8Q":"1","7Q":"1","87":"1","6R":"1","8M":"1"},"FC":{"JV":"1"},"84":{"34":"1","24":"1"},"FG":{"H6":"1","X6":"1","RJ":"1","RH":"1","J6":"1","QG":"1","QJ":"1","V5":"1","QH":"1"},"PW":{"9X":"1","6X":"1"},"4F":{"WG":"1"},"FF":{"HR":"1","FR":"1","GR":"1"},"8X":{"HF":"1"},"82":{"5F":"1","4G":"1","FG":"1","6F":"1","CJ":"1","5G":"1","6G":"1","72":"1"},"CG":{"4Q":"1"},"49":{"QQ":"1"},"CC":{"WX":"1","WW":"1"},"86":{"P2":"1","V3":"1","V4":"1"},"72":{"X6":"1","X7":"1","VM":"1","Q7":"1"}},"GX":{"3Q":{"CM":"1","CJ":"1"},"2P":{"9C":"1"}},"44":{"RX":{"24":"1"}},"FP":{"43":{"VG":"1","RG":"1","VH":"1","RH":"1"},"WR":{"7J":"1","6H":"1","7H":"1"},"5X":{"92":"1","C2":"1"},"WC":{"V9":"1"},"VF":{"R5":"1"},"7W":{"P5":"1"},"C6":{"FQ":"1","GQ":"1","FR":"1"},"3G":{"RQ":"1","RR":"1"}},"PX":{"VC":{"GF":"1","57":"1","GG":"1","56":"1","3F":"1","28":"1","66":"1","27":"1","6F":"1","7V":"1","5V":"1","3G":"1","4M":"1","6V":"1","67":"1"},"RF":{"WP":"1","WM":"1","WQ":"1"},"W9":{"98":"1","4F":"1","99":"1","5F":"1","77":"1","66":"1","C9":"1","C8":"1","88":"1","87":"1","9C":"1","78":"1","97":"1","67":"1"},"WQ":{"85":"1"},"R9":{"FV":"1","4V":"1","82":"1","WH":"1","3X":"1","3R":"1","2R":"1","FX":"1","4Q":"1","GW":"1","VG":"1","HV":"1","M2":"1","4X":"1","FR":"1","QC":"1","92":"1","GP":"1","HR":"1","QF":"1","4R":"1","HW":"1","WX":"1","5X":"1","3Q":"1","3V":"1","P2":"1","GX":"1","CV":"1","XX":"1","WG":"1","GQ":"1","FQ":"1","P3":"1","3W":"1","GV":"1","4W":"1","GR":"1","Q9":"1","2W":"1","FW":"1","Q7":"1","2Q":"1","6X":"1","Q8":"1","VH":"1","2X":"1"},"VF":{"HC":"1","R3":"1","2P":"1"},"J6":{"P2":"1"},"QG":{"M4":"1","J5":"1"},"V7":{"8Q":"1","8R":"1"},"R8":{"9X":"1","9W":"1","HG":"1","8X":"1","8W":"1","PX":"1"},"RC":{"MM":"1","W8":"1","43":"1","JQ":"1","22":"1","45":"1","FG":"1","H9":"1","7X":"1","63":"1","PH":"1","54":"1","JJ":"1","WR":"1","P9":"1","62":"1","PC":"1","H3":"1","65":"1","64":"1","G4":"1","VR":"1","42":"1","JH":"1","WF":"1","RV":"1","VF":"1","55":"1","G3":"1","44":"1","JP":"1","53":"1","QC":"1","HQ":"1","JR":"1","HP":"1","52":"1","VQ":"1","H4":"1"},"Q9":{"RH":"1","XV":"1","VQ":"1","XW":"1","WX":"1","R2":"1","XM":"1","VW":"1","RQ":"1","P3":"1","WW":"1","Q2":"1","WM":"1","XJ":"1","VR":"1","WP":"1","XP":"1","PW":"1","RR":"1","VX":"1","P2":"1","Q3":"1","RP":"1","VV":"1","WH":"1","VJ":"1","RV":"1","VH":"1","WJ":"1","RX":"1","VM":"1","VP":"1","XX":"1"},"QC":{"X2":"1","W3":"1","W2":"1","R9":"1","V3":"1","V2":"1","Q7":"1"},"QF":{"R5":"1","R3":"1","V3":"1","R4":"1","V4":"1","V5":"1"},"V2":{"H9":"1"},"Q8":{"RX":"1","QX":"1"}},"CG":{"MJ":{"XW":"1","WF":"1","QV":"1","PV":"1"},"JV":{"VX":"1"},"MM":{"R6":"1","JF":"1","HF":"1","RX":"1","QW":"1","HG":"1","GG":"1","HC":"1","QX":"1","GF":"1"},"JW":{"F2":"1"},"PQ":{"42":"1"},"MX":{"32":"1","22":"1"},"RQ":{"3J":"1","4J":"1"},"RW":{"64":"1","73":"1","75":"1","65":"1","74":"1","53":"1","54":"1","63":"1"},"PH":{"7J":"1","5Q":"1"},"QR":{"78":"1","4X":"1","2V":"1","79":"1","5V":"1","2R":"1","4R":"1","3W":"1","CQ":"1","6X":"1","63":"1","64":"1","5W":"1","4V":"1","2W":"1","5X":"1","9R":"1","3V":"1","54":"1","4W":"1","9Q":"1","6V":"1","69":"1","6W":"1","3Q":"1","68":"1","Q6":"1","3R":"1"},"PR":{"WV":"1","82":"1","XJ":"1","48":"1","5W":"1","W5":"1","24":"1","XV":"1","59":"1","4X":"1","9W":"1","XR":"1","XP":"1","27":"1","49":"1","W3":"1","MR":"1","6W":"1","73":"1","84":"1","XM":"1","X4":"1","64":"1","MQ":"1","72":"1","5V":"1","63":"1","3C":"1","WW":"1","JQ":"1","74":"1","X3":"1","9X":"1","GV":"1","4W":"1","GR":"1","JR":"1","X5":"1","XW":"1","58":"1","W4":"1","PV":"1","V3":"1","83":"1","6V":"1","RX":"1","QX":"1"},"QV":{"4P":"1","4J":"1","4M":"1","JH":"1"},"JR":{"QC":"1"},"WM":{"P6":"1"},"MR":{"8G":"1","8F":"1","X5":"1","X7":"1","X6":"1","X4":"1","MR":"1","82":"1","92":"1","8C":"1"},"PJ":{"56":"1","84":"1","66":"1","95":"1","44":"1","M2":"1","85":"1","67":"1","94":"1"},"RR":{"45":"1","M8":"1","55":"1","M9":"1"},"VV":{"57":"1"},"MV":{"64":"1","73":"1","62":"1","74":"1","63":"1","72":"1"},"RM":{"Q9":"1","MC":"1","M8":"1","P8":"1","M7":"1","P9":"1","Q8":"1","M9":"1","P7":"1","Q7":"1","PC":"1"},"HW":{"6X":"1"},"QP":{"F3":"1"},"PP":{"3V":"1","2W":"1","V7":"1","2V":"1","R7":"1","3X":"1","3W":"1","4X":"1","R8":"1"},"MP":{"Q2":"1","R2":"1"},"JX":{"G2":"1"},"QW":{"W3":"1","H2":"1","G2":"1","G3":"1","R3":"1","V3":"1","R2":"1","V2":"1"},"QQ":{"8J":"1","8H":"1","78":"1","77":"1"},"QJ":{"PG":"1"},"QM":{"2M":"1","3M":"1","3Q":"1","2J":"1","W5":"1","QH":"1","2Q":"1","3P":"1","2P":"1"},"MQ":{"6R":"1","9X":"1","4W":"1","4R":"1","5R":"1","7V":"1","4V":"1","6V":"1","8X":"1","5V":"1","7W":"1","7R":"1","5W":"1","6W":"1"},"PV":{"72":"1","62":"1","Q6":"1","F3":"1","Q5":"1","P5":"1","P3":"1","J2":"1","C6":"1","96":"1","Q7":"1","53":"1","P7":"1","P6":"1","H2":"1"},"PM":{"57":"1","68":"1","PW":"1","QW":"1","RV":"1","QV":"1","QX":"1","58":"1","PX":"1"}},"WX":{"89":{"3Q":"1","4R":"1","4Q":"1","3R":"1"},"26":{"XJ":"1","XH":"1","XM":"1"},"3W":{"FM":"1","GP":"1","FP":"1","GM":"1"},"XX":{"PX":"1","RV":"1","MX":"1","MW":"1","QV":"1","QR":"1","QW":"1","QX":"1","RW":"1","PV":"1","PW":"1"},"R4":{"RF":"1"},"35":{"7Q":"1","7P":"1"},"Q9":{"WC":"1"},"QC":{"3H":"1"},"37":{"23":"1","24":"1"},"VQ":{"RW":"1"},"36":{"PR":"1","H7":"1","MV":"1","VR":"1","MQ":"1","MR":"1","8Q":"1","8R":"1","2J":"1","C3":"1","QV":"1","QR":"1","QQ":"1","PQ":"1","PV":"1","VQ":"1"}},"6W":{"WP":{"92":"1","65":"1","54":"1","56":"1","55":"1","C2":"1"},"M4":{"VC":"1","32":"1","W9":"1","P5":"1","23":"1","22":"1","WC":"1","V9":"1","24":"1","M5":"1","42":"1","33":"1"},"J3":{"XW":"1","XQ":"1","XV":"1","XR":"1","XX":"1"},"WM":{"22":"1","9V":"1","CW":"1","9W":"1","7W":"1","9X":"1","7V":"1","CV":"1","8V":"1","CX":"1","23":"1","8W":"1","6V":"1"},"J4":{"X2":"1","X3":"1","X4":"1"},"WJ":{"2X":"1"},"Q2":{"8X":"1"},"R7":{"P9":"1","QC":"1","PC":"1"},"Q3":{"72":"1","73":"1","84":"1","93":"1","83":"1","82":"1","92":"1","95":"1","C3":"1","85":"1","C4":"1","94":"1"},"VJ":{"JV":"1","XW":"1","HV":"1","HP":"1","WX":"1","VW":"1","WV":"1","HR":"1","RW":"1","WW":"1","JQ":"1","JR":"1","MR":"1","VX":"1","HQ":"1","VV":"1","GQ":"1","RV":"1","QW":"1","FP":"1","RX":"1","GP":"1","MQ":"1","XX":"1"},"M3":{"3V":"1","4R":"1","3W":"1","4Q":"1","2V":"1","RP":"1","2P":"1","2Q":"1","2X":"1","3X":"1","VP":"1","5Q":"1","2W":"1","2R":"1","CX":"1","4X":"1","5R":"1"},"VM":{"93":"1","PP":"1","V8":"1","Q5":"1","HP":"1","JP":"1","HQ":"1","94":"1","R7":"1","95":"1","V4":"1","V6":"1","HC":"1","X2":"1","XC":"1","V9":"1","HF":"1","Q6":"1","W3":"1","RF":"1","RC":"1","QF":"1","V2":"1","84":"1","RG":"1","X4":"1","P5":"1","R2":"1","QM":"1","W2":"1","JQ":"1","VF":"1","WC":"1","R8":"1","X3":"1","GC":"1","H4":"1","G4":"1","M5":"1","W7":"1","R6":"1","GF":"1","W6":"1","WF":"1","V7":"1","W4":"1","XF":"1","M4":"1","V3":"1","83":"1","R9":"1","QG":"1","W8":"1"}},"CR":{"W8":{"4G":"1","4H":"1"},"2G":{"92":"1","C2":"1"},"WQ":{"R7":"1"},"56":{"FF":"1"},"QJ":{"67":"1","77":"1"},"58":{"M7":"1"},"27":{"9C":"1"},"2P":{"Q9":"1","QC":"1","QF":"1"},"2J":{"89":"1","68":"1","5H":"1","6C":"1","69":"1","5C":"1","59":"1","4H":"1","6G":"1","79":"1"},"5M":{"JP":"1"},"6W":{"QW":"1","QX":"1"},"39":{"M4":"1","VC":"1","RF":"1","X4":"1","P3":"1","VF":"1","WG":"1","RC":"1","P4":"1","M3":"1"},"X3":{"PH":"1","HG":"1","XJ":"1","WM":"1","WH":"1","WJ":"1","RJ":"1","RH":"1","XH":"1","XM":"1","VF":"1","VH":"1","QJ":"1","VJ":"1","WG":"1","HH":"1","PJ":"1","VG":"1","QH":"1"},"2F":{"CW":"1"},"36":{"X8":"1","WF":"1"}},"XX":{"6J":{"2V":"1","5J":"1","6M":"1","7M":"1","6R":"1","5V":"1","6P":"1","6H":"1","4Q":"1","2R":"1","4R":"1","24":"1","7J":"1","6J":"1","5W":"1","8J":"1","6Q":"1","33":"1","7P":"1","5X":"1","8H":"1","5Q":"1","5H":"1","7H":"1","37":"1","6V":"1","6W":"1","23":"1","5R":"1","22":"1","8M":"1","32":"1"},"6X":{"H5":"1","H6":"1"},"6M":{"32":"1","23":"1","22":"1","33":"1"},"4J":{"XW":"1","XV":"1","XX":"1"},"5M":{"J3":"1"},"5J":{"HH":"1","X4":"1","VQ":"1","HG":"1","RQ":"1","MG":"1","RJ":"1","QV":"1","WM":"1","X3":"1","FV":"1","WP":"1","RP":"1","RM":"1","VJ":"1","QP":"1","WQ":"1","QM":"1","VM":"1","VP":"1","XX":"1"}},"5P":{"VC":{"49":"1","4J":"1","M8":"1","5J":"1","5C":"1","PQ":"1","4H":"1","5G":"1","Q2":"1","59":"1","4F":"1","P7":"1","Q3":"1","4G":"1","5H":"1","X8":"1","PP":"1","MP":"1","JP":"1","P8":"1","MQ":"1","4C":"1","M7":"1"},"WF":{"43":"1","29":"1","38":"1","47":"1","48":"1","3C":"1","55":"1","33":"1","44":"1","34":"1","2C":"1","2F":"1","3M":"1"},"GV":{"PR":"1","FM":"1","CM":"1","CP":"1","FP":"1","9M":"1","RV":"1","VV":"1","QV":"1","QR":"1","QW":"1","VW":"1","RR":"1","RW":"1","PV":"1","PW":"1"},"VF":{"62":"1","84":"1","F5":"1","93":"1","C6":"1","95":"1","G3":"1","96":"1","F6":"1","C5":"1","C4":"1","94":"1"},"XX":{"RX":"1","RW":"1","QW":"1","QX":"1"},"MJ":{"XG":"1","WG":"1","JF":"1","WH":"1","VJ":"1","VG":"1","JC":"1","HC":"1","XH":"1","VH":"1"}},"HX":{"M4":{"M7":"1","J9":"1","PH":"1","P8":"1","38":"1","M6":"1","J7":"1","J6":"1","68":"1","27":"1","M8":"1","CC":"1","J8":"1","P7":"1","M9":"1","85":"1","P6":"1"},"3V":{"3C":"1","29":"1","39":"1","2C":"1"},"Q5":{"37":"1","38":"1","48":"1","49":"1","59":"1","58":"1"},"J4":{"PR":"1","W7":"1","MV":"1","QP":"1","W2":"1","Q6":"1","W6":"1","R2":"1","X7":"1","X6":"1","MQ":"1","Q2":"1","V3":"1","MR":"1","R3":"1","WG":"1","R8":"1","Q7":"1","PQ":"1","P6":"1","V2":"1"},"J3":{"WP":"1","RM":"1","HW":"1","VX":"1","RV":"1","VV":"1","HR":"1","GQ":"1","WX":"1","QR":"1","WG":"1","RX":"1","VW":"1","VG":"1","JW":"1","GR":"1","RW":"1","HX":"1","JX":"1"},"M3":{"3C":"1","3V":"1","2J":"1","88":"1"},"77":{"R6":"1"}},"45":{"M3":{"5G":"1","3R":"1"}},"MQ":{"9W":{"57":"1","48":"1","47":"1","58":"1"},"9P":{"P2":"1"},"8X":{"Q2":"1","P2":"1"},"7W":{"5P":"1","6M":"1","5M":"1"},"8W":{"QX":"1","PX":"1"}},"6R":{"62":{"M4":"1","J6":"1","J2":"1","H5":"1","J4":"1","H2":"1","H6":"1","G2":"1","H4":"1","G3":"1","J3":"1","H3":"1","M5":"1","J5":"1"},"XJ":{"C3":"1","H8":"1","H5":"1","C4":"1","J7":"1","J8":"1","G5":"1","H7":"1"},"6M":{"J6":"1","M6":"1","J5":"1"}},"GV":{"3V":{"J2":"1","H2":"1","G6":"1","G4":"1","G2":"1","H4":"1","JC":"1","G3":"1","J3":"1","HC":"1","H3":"1","G8":"1"},"3Q":{"GW":"1","GV":"1","FW":"1","FV":"1"}},"WQ":{"JQ":{"8P":"1"},"8X":{"6Q":"1","6R":"1","5Q":"1","7Q":"1","7V":"1","5P":"1","6M":"1","7R":"1","5M":"1","6P":"1"},"7H":{"HH":"1","G4":"1","MJ":"1","HF":"1","H9":"1","MM":"1","HP":"1","GJ":"1","HG":"1","GC":"1","CF":"1","GF":"1","FH":"1","JM":"1","PH":"1","FM":"1","GH":"1","FC":"1","HJ":"1","FG":"1","FJ":"1","JH":"1","G5":"1","PJ":"1","GG":"1","HQ":"1","GQ":"1","FF":"1","GM":"1","FQ":"1","FP":"1","MH":"1","HM":"1","JP":"1","JJ":"1","GP":"1","JG":"1"},"9F":{"X9":"1","XC":"1"},"CF":{"2X":"1","4H":"1"},"CG":{"9R":"1","32":"1","9H":"1","HF":"1","44":"1","GC":"1","CH":"1","43":"1","FX":"1","CJ":"1","HC":"1","9G":"1","JR":"1","24":"1","3R":"1","9J":"1","JQ":"1","33":"1"},"2W":{"3C":"1","39":"1","4F":"1","3F":"1","49":"1","4C":"1"},"9G":{"X6":"1","X4":"1","M5":"1","M6":"1"},"8V":{"32":"1","33":"1"},"9C":{"4P":"1","5F":"1","4G":"1","6H":"1","5Q":"1","6J":"1","5H":"1","4Q":"1","6F":"1","5P":"1","6M":"1","4J":"1","4M":"1","5G":"1","5J":"1","4H":"1","6G":"1","6P":"1"},"9J":{"X9":"1"},"CH":{"C3":"1","F2":"1","G2":"1","WQ":"1","G3":"1","C2":"1","F3":"1"}},"CV":{"97":{"46":"1"},"9V":{"7X":"1"},"3X":{"8X":"1"},"9C":{"Q8":"1"},"95":{"2V":"1"}},"RV":{"QX":{"R9":"1"}},"FG":{"9H":{"7X":"1","8X":"1","7W":"1","8W":"1"},"9V":{"W8":"1","W7":"1","W6":"1","V6":"1","V7":"1","V8":"1","Q8":"1"},"7R":{"9M":"1","CQ":"1","CM":"1","9P":"1","9Q":"1","CP":"1"},"CV":{"65":"1","54":"1"}},"4W":{"GX":{"8W":"1"},"4Q":{"7C":"1"}},"8M":{"GP":{"P2":"1","Q2":"1","C9":"1","4G":"1","FC":"1","G7":"1","F7":"1","3G":"1","G4":"1","F6":"1","5C":"1","F9":"1","G5":"1","CC":"1","M3":"1"},"MV":{"MJ":"1","XV":"1","W3":"1","MM":"1","XW":"1","W2":"1","GF":"1","JM":"1","PH":"1","HJ":"1","H6":"1","JH":"1","G5":"1","PJ":"1","G6":"1","Q8":"1","GM":"1","HM":"1","JJ":"1","GP":"1","P8":"1","PM":"1"},"VR":{"9G":"1"},"FP":{"RJ":"1","VJ":"1"},"FQ":{"5V":"1"},"GM":{"MV":"1","PX":"1","MX":"1","MW":"1","JV":"1","QX":"1","JW":"1","HV":"1","PW":"1","HX":"1"},"MR":{"VX":"1"},"CR":{"7X":"1"},"FR":{"83":"1"},"GQ":{"GP":"1","JQ":"1","PX":"1","MQ":"1","GH":"1","HR":"1","HM":"1","FH":"1","JP":"1","HQ":"1","QW":"1","QX":"1","JR":"1","HP":"1","PW":"1"},"CV":{"52":"1","72":"1","42":"1"},"GR":{"J2":"1","H4":"1","M2":"1"},"PV":{"4F":"1","4H":"1","26":"1","3F":"1","38":"1","25":"1","3C":"1","3H":"1","35":"1","3G":"1","2C":"1","36":"1","4G":"1"}},"RW":{"G6":{"26":"1","7G":"1"},"MJ":{"XC":"1","G2":"1"},"X5":{"VJ":"1"},"4R":{"WR":"1","VR":"1","VX":"1","XV":"1","WV":"1","RX":"1","QW":"1","QX":"1","RW":"1"},"3W":{"J6":"1","J7":"1"},"XM":{"HQ":"1","GP":"1","G8":"1","JQ":"1"},"R4":{"W8":"1","W7":"1"},"5Q":{"GX":"1"},"4V":{"Q4":"1","Q3":"1","R2":"1"},"F6":{"W5":"1","W4":"1","V4":"1"},"5R":{"CF":"1","CG":"1"},"MH":{"49":"1","HV":"1","HX":"1","GC":"1","GF":"1","FH":"1","HR":"1","58":"1","GV":"1","GX":"1","48":"1","GW":"1","FJ":"1","66":"1","5P":"1","CJ":"1","HW":"1","WF":"1","57":"1","47":"1","CH":"1"},"QH":{"3C":"1"}},"FX":{"3F":{"52":"1","42":"1"},"XV":{"6J":"1"},"HF":{"5R":"1","5V":"1"},"3C":{"4X":"1"},"XW":{"XH":"1","RH":"1","RC":"1","RG":"1","RF":"1","RJ":"1","VG":"1","WM":"1","WC":"1","WP":"1","VF":"1","RP":"1","RM":"1","WH":"1","VJ":"1","WG":"1","VH":"1","WF":"1","WJ":"1","VC":"1","QM":"1","VM":"1","VP":"1","V9":"1"},"GJ":{"X9":"1","W8":"1","W7":"1","W2":"1","X7":"1","X6":"1","Q4":"1","R4":"1","X8":"1"},"9H":{"95":"1","96":"1"},"HG":{"2Q":"1","2P":"1"},"WV":{"MW":"1","PW":"1","VV":"1","VW":"1","WW":"1","WV":"1"},"4H":{"W9":"1"},"FM":{"H4":"1","G4":"1","J6":"1","M4":"1","G7":"1","J2":"1","H3":"1","M6":"1","F4":"1","G3":"1","H6":"1","M3":"1","G5":"1","H7":"1","G6":"1","H8":"1","J5":"1","M2":"1","J7":"1","F5":"1","J4":"1","G8":"1","J3":"1","H5":"1","M5":"1","H2":"1"},"F9":{"M4":"1","J3":"1","H3":"1","G4":"1","J4":"1","P5":"1","P3":"1","M5":"1","G3":"1","P4":"1","M2":"1","M3":"1","J5":"1","H4":"1","P2":"1"},"GH":{"2Q":"1","7F":"1","4J":"1","9M":"1","4M":"1","5J":"1","8R":"1","7V":"1","6G":"1","6H":"1","FH":"1","55":"1","4H":"1","5G":"1","6J":"1","4V":"1","CM":"1","FJ":"1","3V":"1","8H":"1","8G":"1","9P":"1","7G":"1","4G":"1","5H":"1","8F":"1","56":"1","7R":"1","3P":"1","5R":"1","57":"1","CH":"1","5M":"1"},"HJ":{"36":"1","37":"1","26":"1","25":"1","27":"1"},"3G":{"PF":"1"},"FG":{"6R":"1","6V":"1","3P":"1","6P":"1"},"97":{"VR":"1"},"CM":{"C5":"1"},"FJ":{"G6":"1","89":"1","JQ":"1","MJ":"1","FG":"1","99":"1","HG":"1","9W":"1","GG":"1","WM":"1","WJ":"1","HC":"1","6Q":"1","GM":"1","WF":"1","HR":"1","QG":"1","F8":"1","GQ":"1","G8":"1","HM":"1","VJ":"1","96":"1","JP":"1","CG":"1","HQ":"1","5Q":"1","9C":"1","JR":"1","HP":"1","HF":"1","HV":"1","GR":"1","8W":"1","5R":"1","6R":"1","HX":"1","JX":"1","VM":"1","CH":"1"},"GG":{"XP":"1","VP":"1","XQ":"1"},"VF":{"HW":"1","HV":"1"},"5H":{"57":"1","WG":"1","WF":"1","VG":"1","56":"1","47":"1","V6":"1"},"CJ":{"92":"1","XJ":"1","WJ":"1","C2":"1"},"PP":{"49":"1"},"P5":{"PF":"1"},"HM":{"F6":"1","F5":"1"},"CH":{"9X":"1","3Q":"1","CX":"1","2Q":"1","3P":"1","2P":"1"},"MQ":{"5F":"1","7H":"1","7G":"1"},"XX":{"M8":"1","M7":"1","J7":"1","J8":"1","MG":"1"}},"5M":{"W3":{"HM":"1","HP":"1","GP":"1","GM":"1"},"RW":{"H5":"1","H4":"1"},"X7":{"PH":"1","Q6":"1","PC":"1","V6":"1","MG":"1","MF":"1","QG":"1","MC":"1","PG":"1","V5":"1","X2":"1","PF":"1","Q7":"1","R5":"1","JG":"1","JF":"1","MH":"1","QH":"1"},"X4":{"HH":"1","9G":"1","CG":"1","MJ":"1","XV":"1","JV":"1","MM":"1","XW":"1","HP":"1","GJ":"1","HG":"1","PQ":"1","CF":"1","RQ":"1","FH":"1","9C":"1","WV":"1","HR":"1","JM":"1","FM":"1","WW":"1","QR":"1","PR":"1","JQ":"1","GH":"1","FC":"1","JR":"1","HJ":"1","MR":"1","CM":"1","FJ":"1","JH":"1","PJ":"1","CC":"1","RR":"1","HQ":"1","RP":"1","CJ":"1","99":"1","MV":"1","GQ":"1","8F":"1","FF":"1","89":"1","QP":"1","9F":"1","PP":"1","GM":"1","MP":"1","QQ":"1","FP":"1","MH":"1","HM":"1","JP":"1","JJ":"1","QM":"1","GP":"1","MQ":"1","XX":"1","MW":"1","PV":"1","PM":"1"},"W4":{"J4":"1","J5":"1"},"X5":{"X5":"1","FM":"1","PC":"1","W4":"1","HC":"1","FP":"1","X4":"1","C3":"1","W5":"1","QC":"1","HF":"1"}},"FH":{"HJ":{"X6":"1","X7":"1","X5":"1"},"FG":{"29":"1","2C":"1"},"JJ":{"26":"1","25":"1"},"Q6":{"Q5":"1"},"77":{"2W":"1","2X":"1","3X":"1","3W":"1"},"FQ":{"7X":"1"},"P5":{"MJ":"1","QP":"1","PH":"1","JJ":"1","MG":"1","JH":"1","PG":"1","RQ":"1","QQ":"1","PJ":"1","PQ":"1","MH":"1"},"83":{"W9":"1","WC":"1","V9":"1"},"P3":{"C9":"1","RC":"1","F9":"1","RF":"1"},"68":{"X2":"1","X3":"1","F6":"1","C7":"1"},"FR":{"62":"1","82":"1","72":"1"},"J8":{"MC":"1","M7":"1","JC":"1"},"FF":{"C3":"1","C2":"1"},"CG":{"X9":"1","X8":"1","X7":"1","XC":"1","W8":"1"},"78":{"32":"1","23":"1","22":"1"},"RR":{"89":"1","88":"1","79":"1","78":"1"},"P6":{"J3":"1","V4":"1","V5":"1"},"67":{"XX":"1"}},"XW":{"M8":{"86":"1"},"JG":{"WF":"1"},"4W":{"64":"1","65":"1","4R":"1","5R":"1","2C":"1","54":"1","5V":"1","55":"1"},"3H":{"6F":"1","6C":"1","5C":"1"},"J8":{"MX":"1"},"J9":{"JV":"1","M4":"1","HV":"1","J2":"1","PQ":"1","P3":"1","HR":"1","JR":"1","M3":"1","X3":"1","HW":"1","M2":"1","PP":"1","P4":"1","V4":"1","V9":"1"},"4H":{"HH":"1","HJ":"1","JH":"1","JJ":"1"}},"GJ":{"GP":{"MM":"1","MJ":"1","JJ":"1","R9":"1","R7":"1","V9":"1","R8":"1","Q7":"1","Q9":"1","QC":"1","V8":"1","JM":"1","Q8":"1"},"J3":{"RQ":"1","WG":"1","RJ":"1","WH":"1","RR":"1","VJ":"1","VG":"1","WJ":"1","XH":"1","VH":"1","RH":"1"},"7G":{"83":"1","94":"1","85":"1","84":"1","C6":"1","93":"1","95":"1","C2":"1","96":"1","C5":"1"},"WC":{"WJ":"1"},"P3":{"Q6":"1","Q5":"1","P5":"1","P6":"1"},"7F":{"FV":"1","GV":"1","HR":"1","FR":"1","GQ":"1","HM":"1","HQ":"1","HP":"1","HV":"1","GR":"1"},"QW":{"FP":"1"},"M3":{"6R":"1","3V":"1","6V":"1","5P":"1","6P":"1"},"C7":{"HW":"1","JX":"1","HX":"1","JW":"1"},"94":{"6Q":"1"},"4G":{"M8":"1","M7":"1","J7":"1","J8":"1","J9":"1","M9":"1","P7":"1"}},"MP":{"76":{"3M":"1"},"66":{"VF":"1","RF":"1"},"94":{"3F":"1","4X":"1","4J":"1","3X":"1","7V":"1","5V":"1","3J":"1","3W":"1","4H":"1","2H":"1","5W":"1","7W":"1","3G":"1","2G":"1","3H":"1","4G":"1","4W":"1"},"G9":{"GF":"1","FG":"1","FC":"1","FV":"1","GG":"1","GC":"1","GH":"1","FP":"1","G9":"1","F9":"1","CF":"1","H8":"1","FJ":"1","C9":"1","F8":"1","G8":"1","FH":"1","CC":"1","FF":"1","CG":"1","F7":"1","P2":"1","CH":"1"},"H3":{"2H":"1","3G":"1","8C":"1"},"95":{"94":"1","65":"1","53":"1","44":"1","54":"1","43":"1","95":"1","96":"1","63":"1"}},"XV":{"FC":{"8V":"1","7V":"1","7R":"1","8R":"1"},"FF":{"93":"1"},"5W":{"R3":"1","V3":"1","R4":"1","V4":"1","V5":"1"}},"CQ":{"Q5":{"C8":"1","G6":"1","C7":"1"},"PR":{"39":"1","49":"1"}},"GR":{"F8":{"M4":"1","99":"1","H6":"1","5F":"1","62":"1","29":"1","38":"1","J4":"1","M6":"1","28":"1","F3":"1","M5":"1","J6":"1","CJ":"1","6G":"1","F2":"1","88":"1","5Q":"1","78":"1","J5":"1","8M":"1","CH":"1","67":"1"},"C5":{"36":"1","49":"1","XV":"1","VQ":"1","R8":"1","38":"1","39":"1","Q9":"1","35":"1","28":"1","WV":"1","JM":"1","R7":"1","58":"1","Q7":"1","GV":"1","48":"1","V7":"1","VR":"1","27":"1","PW":"1","P7":"1","45":"1","37":"1","R9":"1","46":"1","Q8":"1","V8":"1","57":"1","HM":"1","47":"1","P8":"1","PX":"1","4C":"1","V9":"1"},"38":{"X2":"1"},"CG":{"83":"1","94":"1","75":"1","74":"1","85":"1","84":"1","93":"1"},"H3":{"J7":"1","J8":"1","H7":"1"},"84":{"QH":"1","P9":"1","M8":"1","PG":"1","PF":"1","QF":"1","QG":"1","MG":"1","MF":"1","5G":"1","PH":"1","6X":"1","7W":"1","M9":"1","GH":"1","7X":"1","PC":"1","GG":"1","6W":"1","MC":"1","MP":"1","P8":"1"},"37":{"XX":"1"},"86":{"9G":"1","MJ":"1","MM":"1","9H":"1","PQ":"1","QF":"1","JM":"1","CQ":"1","QR":"1","PR":"1","QV":"1","8H":"1","8G":"1","RP":"1","RM":"1","QC":"1","QP":"1","PP":"1","MP":"1","FQ":"1","QW":"1","QQ":"1","FP":"1","JP":"1","JJ":"1","QM":"1"},"59":{"6Q":"1","5Q":"1","6P":"1"},"J2":{"J2":"1","M2":"1","J3":"1"},"6H":{"H5":"1","G4":"1","H4":"1","G5":"1"},"93":{"FG":"1","FM":"1","CM":"1","GH":"1","9M":"1","GJ":"1","CJ":"1","FJ":"1","FH":"1","9J":"1","CH":"1"},"V9":{"9R":"1","8Q":"1","9Q":"1","8R":"1"},"62":{"H8":"1","H9":"1","J7":"1","J8":"1","H7":"1"},"G3":{"7J":"1","6M":"1","7M":"1"},"F7":{"46":"1","WV":"1","4H":"1","48":"1","2G":"1","3G":"1","3J":"1","35":"1","3H":"1","2M":"1","38":"1","FX":"1","37":"1","24":"1","4C":"1","26":"1","HC":"1","25":"1","36":"1","5M":"1","27":"1","3M":"1","49":"1","VV":"1","2C":"1","2F":"1","29":"1","2H":"1","WX":"1","G3":"1","C2":"1","47":"1","3C":"1","WW":"1","39":"1","5P":"1","5G":"1","G4":"1","RJ":"1","4G":"1","3F":"1","4J":"1","XW":"1","5F":"1","4F":"1","VR":"1","28":"1","2J":"1"},"88":{"FR":"1","GR":"1"},"F4":{"H9":"1","QJ":"1","GV":"1","HC":"1","GR":"1"},"95":{"28":"1","X6":"1","29":"1","X8":"1","4R":"1","X7":"1","27":"1"},"G9":{"MM":"1","MJ":"1","FC":"1","PH":"1","X7":"1","PM":"1","G9":"1","F9":"1","X8":"1","PJ":"1","MH":"1"},"FG":{"7R":"1","77":"1","66":"1","8R":"1","76":"1","7V":"1","6W":"1","8V":"1","6R":"1","67":"1","6X":"1"},"C7":{"GX":"1","PX":"1","PG":"1","VC":"1","HG":"1","63":"1","V9":"1","M9":"1","W6":"1","CR":"1","HX":"1","X5":"1","WH":"1","RQ":"1","GV":"1","CV":"1","XC":"1","QJ":"1","VJ":"1","GJ":"1","RC":"1","XV":"1","PM":"1","X8":"1","55":"1","XM":"1","VH":"1","PC":"1","Q9":"1","WV":"1","WJ":"1","VF":"1","FV":"1","HM":"1","RG":"1","7W":"1","WM":"1","WC":"1","M8":"1","XG":"1","P7":"1","W9":"1","QQ":"1","R6":"1","VX":"1","7Q":"1","7C":"1","PJ":"1","X9":"1","HR":"1","66":"1","JQ":"1","65":"1","8R":"1","XH":"1","HP":"1","R8":"1","QC":"1","4X":"1","X7":"1","PR":"1","RF":"1","GG":"1","X6":"1","JR":"1","VG":"1","HQ":"1","W5":"1","Q6":"1","P9":"1","Q8":"1","QX":"1","P8":"1","5Q":"1","PH":"1","W7":"1","56":"1","WF":"1","QF":"1","FW":"1","CW":"1","XJ":"1","VM":"1","W8":"1","PF":"1","WG":"1","6M":"1","R9":"1","R7":"1","FQ":"1","JP":"1","Q7":"1","MJ":"1","PV":"1","RJ":"1","V6":"1","RX":"1","3X":"1","CP":"1","XF":"1","RH":"1","6P":"1","QH":"1","54":"1","7X":"1","QM":"1","QW":"1","64":"1","V8":"1","QG":"1"},"H8":{"28":"1","29":"1","39":"1","2R":"1","26":"1","38":"1","25":"1","27":"1","24":"1"},"9F":{"H8":"1","73":"1","62":"1","2M":"1","89":"1","3M":"1","99":"1","4C":"1","88":"1","63":"1","3P":"1","2P":"1","98":"1","72":"1"},"GJ":{"2R":"1","7X":"1","6X":"1","4J":"1","2Q":"1"},"3C":{"32":"1","22":"1","33":"1"},"39":{"3V":"1","2W":"1","2V":"1","2X":"1","3X":"1","3W":"1"},"55":{"VV":"1","VW":"1"},"CC":{"HQ":"1","JP":"1","HM":"1","HP":"1","CX":"1","JM":"1","FX":"1","JQ":"1"},"F2":{"59":"1","29":"1","26":"1","4C":"1","38":"1","25":"1","47":"1","28":"1","48":"1","3C":"1","58":"1","46":"1","27":"1","44":"1","49":"1","35":"1","39":"1","34":"1","37":"1","36":"1"},"29":{"XW":"1","HM":"1","XV":"1","JR":"1","JV":"1"},"58":{"X9":"1","W9":"1","X8":"1","QJ":"1","XC":"1","WC":"1","QM":"1"},"FM":{"R5":"1","Q4":"1","Q3":"1","P4":"1","P3":"1","M2":"1","R4":"1"},"9H":{"JG":"1","HG":"1","HH":"1"},"F3":{"C6":"1","G6":"1","F6":"1","G5":"1","C5":"1","F5":"1"},"76":{"G6":"1","H7":"1","H6":"1","H3":"1","G3":"1","RX":"1","RW":"1"},"CJ":{"XX":"1"},"F9":{"73":"1","C5":"1"},"J7":{"6R":"1","2W":"1","5R":"1","6V":"1","2X":"1","3X":"1","3W":"1"},"FJ":{"GP":"1","VC":"1","JQ":"1","FG":"1","H9":"1","XQ":"1","PH":"1","WR":"1","WQ":"1","VR":"1","WH":"1","8J":"1","WJ":"1","MQ":"1","GH":"1","RJ":"1","MP":"1","GM":"1","G9":"1","JH":"1","9M":"1","WC":"1","RH":"1","VF":"1","VV":"1","V9":"1","H8":"1","VH":"1","WV":"1","VJ":"1","FH":"1","WG":"1","JP":"1","HH":"1","XR":"1","HQ":"1","PJ":"1","JR":"1","VW":"1","VG":"1","PQ":"1","JM":"1","PP":"1","9J":"1","WW":"1","8M":"1","VM":"1"},"X9":{"R5":"1","Q6":"1","R6":"1","Q5":"1"},"M6":{"9H":"1","3M":"1","CH":"1","CJ":"1","4X":"1","XM":"1","9J":"1","6P":"1"},"J3":{"22":"1"},"FF":{"XP":"1","WP":"1","WM":"1","XM":"1"},"75":{"HH":"1","MJ":"1","4J":"1","MM":"1","HP":"1","4M":"1","5J":"1","PG":"1","HG":"1","MG":"1","JM":"1","PH":"1","HJ":"1","JH":"1","PJ":"1","VC":"1","MH":"1","HM":"1","JJ":"1","JG":"1","V9":"1","PM":"1"},"66":{"WH":"1","FP":"1","FQ":"1","VF":"1","GJ":"1","VH":"1","GQ":"1","WG":"1","VP":"1","PQ":"1","VQ":"1"},"65":{"83":"1","73":"1"},"H7":{"RW":"1","RV":"1"},"2C":{"M4":"1","P4":"1"},"RF":{"H5":"1"},"8J":{"RH":"1"},"GG":{"VP":"1"},"JR":{"PR":"1","VC":"1","9V":"1","PH":"1","PC":"1","HG":"1","R9":"1","PX":"1","JH":"1","MR":"1","V9":"1","MF":"1","QJ":"1","MW":"1","HH":"1","R8":"1","PF":"1","JG":"1","CV":"1","PJ":"1","PW":"1","QH":"1"},"68":{"28":"1","3C":"1","29":"1","39":"1","2C":"1","38":"1","48":"1","49":"1","4C":"1"},"Q6":{"3C":"1","39":"1","49":"1","4C":"1"},"Q8":{"J3":"1"},"C6":{"J6":"1","M4":"1","3X":"1","84":"1","M6":"1","H6":"1","M3":"1","2W":"1","85":"1","76":"1","J5":"1","J7":"1","J4":"1","75":"1","J3":"1","H5":"1","M5":"1","2X":"1","74":"1","M7":"1"},"96":{"M8":"1","68":"1","J8":"1","M9":"1","J9":"1","VM":"1","58":"1"},"8F":{"MP":"1","JP":"1"},"98":{"QQ":"1","QP":"1","R6":"1","8P":"1","9P":"1","8Q":"1","54":"1","MR":"1","GJ":"1","GM":"1"},"H9":{"5F":"1","25":"1","35":"1","6C":"1","69":"1","5C":"1","59":"1"},"G4":{"H8":"1","Q4":"1","F5":"1","F4":"1"},"C3":{"9W":"1","9V":"1","CW":"1"},"94":{"55":"1"},"77":{"X9":"1","W3":"1","X8":"1","W2":"1","X7":"1","W8":"1","W7":"1","V3":"1","V2":"1"},"87":{"8G":"1","8F":"1","F4":"1","H3":"1","7P":"1","F5":"1","7G":"1","Q5":"1","6Q":"1","P5":"1","Q4":"1","9F":"1","R4":"1","9H":"1","27":"1","7F":"1","P4":"1","6P":"1","9G":"1","9C":"1","8H":"1","8C":"1","C5":"1","C4":"1","CH":"1"},"C4":{"64":"1","54":"1"},"97":{"P2":"1","J6":"1","Q3":"1","H5":"1","H6":"1","J7":"1","C2":"1","J5":"1","H7":"1"},"73":{"FP":"1"},"C9":{"GP":"1","H9":"1","FM":"1","XG":"1","3Q":"1","4R":"1","4P":"1","4Q":"1","FP":"1","FQ":"1","GM":"1","P5":"1","Q4":"1","XH":"1","H8":"1","GQ":"1","3R":"1","5Q":"1","52":"1","5R":"1","P2":"1"},"M2":{"FG":"1","FF":"1"},"C2":{"CH":"1","FJ":"1","CJ":"1","GJ":"1","FH":"1"},"85":{"X8":"1","X3":"1","R9":"1","R8":"1"},"G7":{"VX":"1","XX":"1","WX":"1"},"F5":{"86":"1","77":"1","F3":"1","F2":"1","C2":"1","C3":"1","88":"1","87":"1","78":"1"},"C8":{"C5":"1","G7":"1","3G":"1","7J":"1","C7":"1","PH":"1","XG":"1","HH":"1","42":"1","Q2":"1","VG":"1","H7":"1","95":"1","XP":"1","32":"1","V6":"1","G2":"1","JG":"1","CP":"1","5M":"1","M7":"1","6F":"1","GP":"1","27":"1","Q6":"1","C6":"1","V2":"1","6M":"1","GJ":"1","P6":"1","GG":"1","R2":"1","J5":"1","47":"1","63":"1","WG":"1","JR":"1","5G":"1","R6":"1","Q9":"1","6G":"1","22":"1","Q7":"1","Q8":"1","JH":"1","V7":"1","VH":"1","62":"1","R5":"1"},"J4":{"JC":"1"},"99":{"Q9":"1","X8":"1","M8":"1","MW":"1","P8":"1","X7":"1","P9":"1","PW":"1","RC":"1","QC":"1","Q8":"1","PV":"1","QF":"1","RF":"1","PX":"1"},"GM":{"36":"1","34":"1","43":"1","73":"1","53":"1","65":"1","84":"1","35":"1","55":"1","26":"1","24":"1","63":"1","64":"1","48":"1","33":"1","66":"1","54":"1","25":"1","42":"1","45":"1","44":"1","37":"1","82":"1","46":"1","75":"1","56":"1","83":"1","57":"1","72":"1","47":"1","32":"1","74":"1","62":"1"},"CM":{"X2":"1"},"G8":{"R5":"1","XV":"1","W6":"1","W3":"1","Q4":"1","X4":"1","X9":"1","WX":"1","R2":"1","V3":"1","V6":"1","3M":"1","W2":"1","R3":"1","RW":"1","V5":"1","W8":"1","WW":"1","V7":"1","X3":"1","X7":"1","W7":"1","V2":"1","Q3":"1","X6":"1","X2":"1","X8":"1","W4":"1","XC":"1","W5":"1","V4":"1","R4":"1","X5":"1","R6":"1"},"F6":{"89":"1","2R":"1","CX":"1","2V":"1","4J":"1","4M":"1","8C":"1"},"GF":{"3G":"1","3F":"1"},"CF":{"FC":"1","F5":"1","7H":"1","8J":"1","HC":"1","M5":"1","7J":"1","F2":"1","C2":"1","CC":"1","8H":"1","HF":"1","F6":"1","J5":"1","C5":"1"},"8C":{"GW":"1","JQ":"1","HW":"1","GV":"1","HR":"1","JV":"1","HQ":"1","JR":"1","HV":"1","GR":"1"},"G6":{"FC":"1","GC":"1","FF":"1","HC":"1","GF":"1"}},"9J":{"23":{"FG":"1","HG":"1","HH":"1","GG":"1","FH":"1","GH":"1","F4":"1"},"6M":{"3G":"1"},"22":{"VC":"1","WG":"1","WH":"1","WF":"1","VG":"1","VF":"1","RG":"1","VH":"1","RH":"1"},"49":{"CH":"1","CJ":"1"},"5M":{"VF":"1"}},"9W":{"XQ":{"PM":"1","CW":"1","CV":"1"},"WR":{"HQ":"1","JP":"1","HP":"1","JQ":"1"},"93":{"W3":"1","W2":"1"},"XV":{"X9":"1","XC":"1","RF":"1","M6":"1","W3":"1","WF":"1","J7":"1","VF":"1","MF":"1","H8":"1","QG":"1","PG":"1","J8":"1","PF":"1","JF":"1","VG":"1","QF":"1"},"M8":{"36":"1","M8":"1","M7":"1"},"XR":{"R7":"1","V8":"1","Q8":"1","R8":"1","Q7":"1"},"HP":{"9J":"1"},"QF":{"7X":"1","6X":"1","7W":"1"},"PW":{"F5":"1"},"JX":{"HQ":"1","HR":"1","JR":"1","JV":"1","JQ":"1"}},"9P":{"C3":{"JF":"1","5C":"1"},"83":{"45":"1","54":"1","65":"1","MG":"1","66":"1","55":"1","44":"1","35":"1","34":"1"},"73":{"JR":"1","JQ":"1"},"R6":{"WM":"1","WJ":"1"},"4G":{"FM":"1"},"GW":{"VF":"1"},"92":{"JM":"1","HG":"1","48":"1","V8":"1","H5":"1","C7":"1","J6":"1","W9":"1","G5":"1","XQ":"1","Q2":"1","7M":"1","HV":"1","57":"1","G9":"1","96":"1","77":"1","V4":"1","HC":"1","76":"1","MV":"1","67":"1","XC":"1","V9":"1","HF":"1","F9":"1","MF":"1","C6":"1","V2":"1","Q3":"1","R4":"1","HW":"1","HM":"1","VP":"1","56":"1","J5":"1","C8":"1","47":"1","WC":"1","66":"1","WQ":"1","R8":"1","GC":"1","97":"1","MC":"1","H6":"1","H4":"1","99":"1","Q9":"1","GF":"1","JF":"1","JC":"1","X9":"1","V3":"1","R5":"1","R9":"1","J4":"1"},"C4":{"49":"1","4C":"1","59":"1"},"97":{"J6":"1","92":"1","J7":"1","M6":"1"},"82":{"8G":"1","8F":"1","7H":"1","7G":"1","7C":"1","7F":"1","8H":"1"},"43":{"52":"1"},"RV":{"4W":"1","3X":"1","3W":"1","4X":"1"},"93":{"36":"1","34":"1","49":"1","43":"1","65":"1","38":"1","39":"1","35":"1","28":"1","55":"1","26":"1","58":"1","48":"1","33":"1","27":"1","66":"1","45":"1","67":"1","44":"1","37":"1","46":"1","56":"1","57":"1","47":"1"},"56":{"JF":"1","JC":"1"},"C2":{"45":"1","57":"1","24":"1","62":"1","5J":"1","56":"1","47":"1","66":"1","4W":"1","46":"1","3X":"1","44":"1","35":"1","5H":"1","34":"1","4X":"1"},"W6":{"JR":"1"},"6W":{"Q2":"1","P2":"1"}},"WV":{"32":{"PG":"1","MH":"1","MF":"1","PF":"1","MG":"1"},"JX":{"RX":"1","RW":"1","PR":"1"},"G7":{"45":"1","54":"1","65":"1","75":"1","66":"1","55":"1","44":"1","76":"1"},"MX":{"3V":"1","3Q":"1","2R":"1","2V":"1","3R":"1","2Q":"1","2F":"1"},"JW":{"PQ":"1"},"G6":{"HQ":"1","8F":"1","HP":"1","F7":"1","C8":"1","F8":"1","C7":"1","8C":"1"},"F6":{"J5":"1"},"CW":{"XW":"1"},"G5":{"7X":"1"},"2Q":{"3C":"1","3F":"1"},"G8":{"7J":"1","7H":"1"}},"FV":{"7C":{"76":"1","75":"1"},"9C":{"H9":"1","HC":"1"},"C2":{"3V":"1","2V":"1"},"79":{"6X":"1","6W":"1"}},"HM":{"Q6":{"WP":"1","XQ":"1","PH":"1","WQ":"1","XJ":"1","WM":"1","WH":"1","XP":"1","WJ":"1","RJ":"1","RH":"1","XH":"1","XM":"1","VH":"1","QG":"1","QJ":"1","VJ":"1","PG":"1","QH":"1"},"R6":{"9R":"1","3M":"1","5H":"1","9Q":"1","2Q":"1","2P":"1"},"G2":{"PM":"1","PJ":"1"},"XX":{"V8":"1","V9":"1"},"MM":{"W4":"1"}},"7W":{"8J":{"34":"1"},"8V":{"75":"1","85":"1","JW":"1","3F":"1","86":"1"},"45":{"48":"1","47":"1"},"26":{"4W":"1","5X":"1","5W":"1","4X":"1"},"7V":{"MM":"1","MJ":"1","RF":"1","WH":"1","RG":"1","WF":"1","RH":"1","VF":"1","R7":"1","VH":"1","QG":"1","VJ":"1","WG":"1","V7":"1","R8":"1","VG":"1","JM":"1","QH":"1"},"34":{"QR":"1","PR":"1","QV":"1","PV":"1"}},"5J":{"FC":{"R5":"1","R6":"1"},"H9":{"9J":"1","95":"1","C5":"1","FR":"1","HV":"1","HP":"1","R8":"1","GF":"1","FH":"1","HR":"1","R7":"1","QR":"1","PR":"1","GV":"1","QV":"1","GH":"1","WM":"1","FG":"1","FV":"1","WP":"1","PW":"1","P2":"1","GG":"1","VF":"1","GR":"1","HQ":"1","X8":"1","GQ":"1","M2":"1","GM":"1","QW":"1","HM":"1","GP":"1","VM":"1","PV":"1"},"J9":{"33":"1"},"29":{"MM":"1","HJ":"1","GP":"1","MJ":"1","FM":"1","JJ":"1","4H":"1","7P":"1","7M":"1","FP":"1","MP":"1","GM":"1","HM":"1","JP":"1","QQ":"1","5H":"1","6P":"1","HP":"1","PQ":"1","JM":"1"},"GC":{"Q2":"1","QJ":"1","R2":"1","V2":"1"},"HC":{"J4":"1","5R":"1","6V":"1","5V":"1","MV":"1","VW":"1"},"G9":{"G6":"1","H7":"1","H6":"1","W2":"1","P5":"1","JH":"1","W3":"1","F8":"1","C8":"1","G7":"1","X2":"1","RX":"1","X3":"1","M3":"1","C7":"1","P6":"1","MH":"1","F7":"1"},"7C":{"C6":"1","6F":"1","6C":"1","95":"1","96":"1","C5":"1","78":"1","77":"1"},"F9":{"HJ":"1","WP":"1","XQ":"1","JJ":"1","WR":"1","WQ":"1","VR":"1","JH":"1","HH":"1","XR":"1","JM":"1","VQ":"1"},"H8":{"2M":"1","MX":"1","2J":"1","2X":"1","5C":"1","99":"1","59":"1","98":"1"},"G8":{"WR":"1","VQ":"1","XW":"1","WX":"1","PQ":"1","VW":"1","RQ":"1","WV":"1","RW":"1","WW":"1","QR":"1","PR":"1","QV":"1","VR":"1","WP":"1","RR":"1","VX":"1","RP":"1","VV":"1","RV":"1","QP":"1","QQ":"1","QM":"1","XX":"1"},"JG":{"98":"1","72":"1"},"JF":{"9X":"1","9W":"1","4Q":"1","8X":"1","7C":"1","6C":"1","5C":"1","8W":"1"},"JV":{"3V":"1","4Q":"1"},"PJ":{"2G":"1","3Q":"1","3V":"1","4R":"1","3W":"1","3F":"1","4Q":"1","4W":"1","3R":"1","3G":"1","4V":"1","2F":"1","4G":"1"},"HF":{"VC":"1","86":"1","R9":"1","75":"1","V9":"1","FH":"1","76":"1","R8":"1","85":"1","V8":"1"}},"GQ":{"XV":{"2H":"1","3M":"1","3H":"1","3J":"1"},"JV":{"28":"1","29":"1"},"M8":{"36":"1","8X":"1","8R":"1","38":"1","65":"1","7V":"1","8V":"1","28":"1","9V":"1","7W":"1","7X":"1","27":"1","9R":"1","66":"1","76":"1","2C":"1","CX":"1","9W":"1","37":"1","75":"1","7R":"1","8W":"1","9X":"1"},"HV":{"X9":"1","Q4":"1","X8":"1","HG":"1"},"HX":{"HW":"1"},"XR":{"2P":"1"},"9H":{"7V":"1","6V":"1","7W":"1","6W":"1"},"6R":{"P6":"1","M5":"1","M6":"1"},"7M":{"CW":"1","CV":"1"},"MX":{"67":"1"},"WV":{"XJ":"1","RP":"1","XH":"1","QM":"1","VP":"1","VQ":"1","VM":"1"},"HR":{"QX":"1"},"GX":{"RQ":"1","WP":"1","VP":"1","VQ":"1","WQ":"1","RP":"1"},"M9":{"C3":"1","83":"1","92":"1","94":"1","C4":"1","82":"1","93":"1","C2":"1"},"7X":{"PG":"1","VR":"1","PH":"1","QH":"1","QG":"1"},"PW":{"89":"1","7C":"1","79":"1","8C":"1"},"GQ":{"27":"1"},"8F":{"7P":"1"},"CX":{"VV":"1","WV":"1"},"J8":{"XC":"1"},"FQ":{"X7":"1"},"JX":{"FV":"1"},"CH":{"66":"1","65":"1"},"MW":{"G4":"1","H4":"1"},"M7":{"9V":"1","7X":"1","8X":"1","9W":"1","7W":"1","9X":"1","8R":"1","8V":"1","8W":"1","9R":"1"}},"FM":{"62":{"F2":"1"},"FM":{"M4":"1","G6":"1","H7":"1","G5":"1","H6":"1","J3":"1","H3":"1","J4":"1","M6":"1","J7":"1","M5":"1","J6":"1","J2":"1","H5":"1","G7":"1","M2":"1","M3":"1","J5":"1","H4":"1","H2":"1"},"P4":{"68":"1","78":"1"},"XF":{"R5":"1","R6":"1","R4":"1"},"VG":{"WG":"1","WF":"1"},"2X":{"7X":"1","7W":"1"},"FJ":{"MV":"1","HW":"1","5J":"1","MR":"1","JV":"1","6P":"1","6M":"1","JR":"1","JW":"1","JX":"1","HX":"1"},"48":{"45":"1","44":"1","54":"1"},"XX":{"M4":"1","J4":"1","J3":"1","M3":"1"}},"8Q":{"PG":{"78":"1","9G":"1","9J":"1","7F":"1","95":"1","73":"1","FR":"1","79":"1","5J":"1","9H":"1","86":"1","92":"1","7M":"1","84":"1","9V":"1","7C":"1","7J":"1","6J":"1","8J":"1","6Q":"1","9R":"1","GR":"1","85":"1","8H":"1","8G":"1","7G":"1","7H":"1","GQ":"1","8F":"1","9Q":"1","82":"1","89":"1","9F":"1","75":"1","8C":"1","FQ":"1","83":"1","72":"1","94":"1","9X":"1","93":"1","8M":"1","88":"1","74":"1"},"JF":{"3C":"1","38":"1","48":"1"},"MH":{"X2":"1","W5":"1","W4":"1"},"MF":{"7R":"1"},"PH":{"HH":"1","XF":"1","HF":"1","F6":"1","9M":"1","CW":"1","GJ":"1","92":"1","XG":"1","GF":"1","CF":"1","84":"1","JM":"1","GH":"1","F8":"1","HJ":"1","H6":"1","MR":"1","CM":"1","HC":"1","G5":"1","G6":"1","WG":"1","CX":"1","F5":"1","82":"1","C8":"1","9F":"1","GM":"1","MP":"1","22":"1","HM":"1","MQ":"1"},"PR":{"CQ":"1"},"PF":{"7X":"1","8X":"1"},"QH":{"2G":"1","2F":"1"},"PV":{"J9":"1"},"MG":{"PW":"1","XX":"1","9C":"1","CC":"1"},"PJ":{"CQ":"1","R9":"1","CR":"1","GR":"1"},"J5":{"GC":"1"}},"7R":{"44":{"2V":"1"},"5X":{"2X":"1"},"34":{"XV":"1"}},"9H":{"5H":{"W8":"1","W7":"1"},"4F":{"QP":"1","PM":"1","PP":"1","QM":"1"},"X4":{"3M":"1"},"4X":{"QG":"1"}},"CJ":{"GW":{"6H":"1","5H":"1"},"VX":{"JV":"1","JW":"1","PQ":"1","MX":"1","QX":"1","QR":"1","PR":"1","JQ":"1","JR":"1","MR":"1","PW":"1","MV":"1","QP":"1","PP":"1","MP":"1","QW":"1","QQ":"1","MQ":"1","MW":"1","PX":"1","PV":"1"},"VR":{"JM":"1","JJ":"1"},"CF":{"G7":"1"},"H3":{"9R":"1","HW":"1","9X":"1","HR":"1","FW":"1","8Q":"1","FX":"1","9Q":"1","HV":"1","FV":"1","6P":"1"},"24":{"7F":"1","8F":"1","7H":"1","7G":"1","8G":"1","6G":"1"}},"4M":{"VC":{"8F":"1","5F":"1","9F":"1","6F":"1","9C":"1","5C":"1","8C":"1","6C":"1"},"8J":{"MP":"1","JP":"1","PM":"1","VX":"1","PH":"1","JM":"1","PP":"1","MM":"1","PJ":"1"},"9M":{"HM":"1","HH":"1","FJ":"1","HJ":"1","GJ":"1","FH":"1","GM":"1","GH":"1"},"6F":{"46":"1"},"V3":{"9V":"1","CW":"1","9W":"1","CM":"1","CP":"1","FP":"1","9X":"1","CV":"1","CX":"1"},"9J":{"3V":"1"}},"4G":{"7Q":{"RF":"1","V6":"1","XJ":"1","WF":"1","VF":"1","MX":"1","MC":"1","V7":"1","P7":"1","M9":"1","VG":"1","JX":"1"},"8P":{"HM":"1","HP":"1","GP":"1","JM":"1","HJ":"1","GJ":"1","JJ":"1","GM":"1"},"8Q":{"8G":"1","5F":"1","59":"1","5J":"1","4P":"1","4C":"1","5P":"1","7H":"1","3P":"1","2J":"1","49":"1","4J":"1","5M":"1","39":"1","8H":"1","2C":"1","5C":"1","2F":"1","4M":"1","3M":"1","5G":"1"}},"VX":{"7R":{"6X":"1"},"HJ":{"H9":"1","GV":"1"},"FG":{"73":"1","72":"1"},"FC":{"G2":"1","JV":"1","4J":"1","FR":"1","HV":"1","4P":"1","J2":"1","HX":"1","4M":"1","5J":"1","7V":"1","4Q":"1","4R":"1","FX":"1","HR":"1","RW":"1","9V":"1","QX":"1","GX":"1","JR":"1","MR":"1","5P":"1","VX":"1","GR":"1","5Q":"1","MV":"1","J5":"1","GQ":"1","J4":"1","FQ":"1","5R":"1","5M":"1","PX":"1","MW":"1","H2":"1","PV":"1"},"PH":{"VJ":"1","WJ":"1"},"24":{"XP":"1","X6":"1","XQ":"1","X7":"1","V3":"1","XM":"1"},"5P":{"HW":"1"},"CP":{"4P":"1","5Q":"1","5P":"1","5M":"1"},"F9":{"HW":"1","HQ":"1","GW":"1","HR":"1","JX":"1","GX":"1","GV":"1","MX":"1","CX":"1","HX":"1","JW":"1","JR":"1","JV":"1","67":"1","HV":"1"},"7W":{"7H":"1"},"CF":{"X6":"1","V8":"1","V9":"1","R8":"1"},"MC":{"5G":"1"},"FF":{"72":"1","63":"1","73":"1","54":"1","62":"1","64":"1","VX":"1","Q2":"1","82":"1","G2":"1","79":"1","53":"1","RX":"1","RW":"1","V2":"1"},"7V":{"78":"1","6C":"1","7F":"1","73":"1","53":"1","79":"1","65":"1","86":"1","5C":"1","87":"1","84":"1","55":"1","7C":"1","58":"1","63":"1","64":"1","59":"1","66":"1","54":"1","85":"1","77":"1","7G":"1","76":"1","7H":"1","67":"1","46":"1","69":"1","75":"1","56":"1","57":"1","72":"1","68":"1","47":"1","88":"1","74":"1","62":"1"},"34":{"H9":"1","J9":"1","58":"1"},"PW":{"3C":"1","2C":"1","4F":"1","3G":"1","2G":"1","3F":"1","2F":"1"}},"MH":{"64":{"R5":"1","Q4":"1","Q5":"1","R4":"1"},"8P":{"5F":"1","6C":"1","69":"1","5C":"1","4C":"1","59":"1"},"8J":{"W7":"1","W6":"1","7P":"1","X7":"1","X6":"1","7H":"1","PX":"1","RV":"1","QV":"1","RR":"1"},"28":{"FQ":"1","GQ":"1"},"FQ":{"JF":"1","X3":"1","JG":"1","MH":"1","X4":"1","JH":"1","MG":"1"},"FP":{"HQ":"1"},"9H":{"7P":"1","7M":"1","MR":"1","CJ":"1","9H":"1","CG":"1","5M":"1","5Q":"1","9G":"1","6M":"1","JR":"1","CH":"1"},"3H":{"FW":"1"},"7Q":{"MM":"1","MJ":"1"},"GQ":{"23":"1","24":"1"},"8H":{"9G":"1","MJ":"1","MM":"1","HV":"1","PQ":"1","9C":"1","HR":"1","JM":"1","GV":"1","JQ":"1","JR":"1","MR":"1","WP":"1","PJ":"1","GR":"1","HQ":"1","MV":"1","GQ":"1","QP":"1","9F":"1","PP":"1","MP":"1","QQ":"1","JP":"1","MQ":"1","PV":"1","PM":"1"},"9J":{"C6":"1","G4":"1","C5":"1","F4":"1"},"8M":{"M8":"1","M7":"1"}},"VV":{"7P":{"3V":"1","2W":"1","6J":"1","2R":"1","2V":"1","7P":"1","6M":"1","3W":"1","3R":"1","7M":"1","6P":"1"},"M6":{"99":"1","29":"1","5J":"1","28":"1","J2":"1","9C":"1","37":"1","XW":"1","H2":"1"},"RJ":{"67":"1"},"J7":{"W3":"1","W2":"1","W4":"1","V3":"1","V4":"1","V2":"1"},"M5":{"JX":"1","HX":"1"},"J6":{"VC":"1","X9":"1","X8":"1","WF":"1","VF":"1"},"7Q":{"JQ":"1"},"MW":{"7F":"1","7G":"1"},"V5":{"M9":"1","J9":"1"},"J5":{"XW":"1","XV":"1","XR":"1","WV":"1"}},"JJ":{"X9":{"RC":"1","R9":"1"},"94":{"4R":"1","4Q":"1"},"85":{"W2":"1","R2":"1","V2":"1"},"84":{"VR":"1","VX":"1","VV":"1","WV":"1","WX":"1","QQ":"1","RX":"1","8V":"1","VW":"1","WW":"1"},"XF":{"X5":"1","R2":"1","X6":"1","X4":"1","V3":"1","R4":"1","R3":"1","V5":"1","V4":"1","R5":"1","V2":"1"},"XC":{"RX":"1","VX":"1"},"VR":{"76":"1","87":"1","86":"1","77":"1"},"GG":{"32":"1","62":"1","53":"1","52":"1","43":"1","22":"1","63":"1","42":"1","33":"1"},"GF":{"6X":"1","3X":"1","5X":"1","4X":"1"}},"6V":{"C3":{"7H":"1","8H":"1","7G":"1","8G":"1"},"WM":{"9H":"1"},"93":{"WX":"1"},"W7":{"W5":"1","W6":"1","X5":"1"},"XM":{"VG":"1","RC":"1","QC":"1","QG":"1","QF":"1","RG":"1","RF":"1","RH":"1"}},"JM":{"H9":{"4P":"1","5P":"1"},"P8":{"GR":"1"},"GC":{"X9":"1"},"HG":{"Q3":"1"},"JM":{"43":"1","22":"1","45":"1","54":"1","57":"1","65":"1","56":"1","42":"1","66":"1","55":"1","46":"1","33":"1","44":"1","53":"1","32":"1","67":"1"},"HC":{"28":"1","29":"1","39":"1"},"C2":{"87":"1"},"JJ":{"4W":"1","2X":"1","3X":"1","3W":"1","4X":"1"}},"FJ":{"7H":{"94":"1","85":"1","84":"1","XF":"1","C4":"1","87":"1","95":"1","C5":"1"},"8H":{"3C":"1","39":"1","49":"1","2F":"1"},"RG":{"83":"1","94":"1","CQ":"1","84":"1","93":"1","C2":"1"},"RF":{"9P":"1","FP":"1","9Q":"1","CP":"1"}},"6Q":{"32":{"37":"1","68":"1","47":"1","8G":"1"},"G9":{"Q6":"1","R6":"1","P5":"1","P4":"1","M5":"1"},"22":{"M7":"1","J9":"1","P9":"1","PC":"1","3V":"1","JC":"1","26":"1","4R":"1","4P":"1","5P":"1","4Q":"1","HC":"1","F3":"1","J7":"1","MF":"1","27":"1","M8":"1","G3":"1","MC":"1","J8":"1","PF":"1","JF":"1","3R":"1","5Q":"1","M9":"1","HF":"1","4V":"1","4M":"1"},"M9":{"FC":"1","CF":"1","CC":"1"},"WV":{"7C":"1","8C":"1"}},"GW":{"9V":{"3Q":"1","2R":"1","3R":"1","2Q":"1"},"3P":{"67":"1"}},"HR":{"HW":{"QQ":"1","MJ":"1"}},"JQ":{"QP":{"WH":"1"},"2C":{"6X":"1"},"2F":{"2H":"1","H8":"1","62":"1","5H":"1","52":"1","3H":"1","5C":"1","63":"1","2Q":"1"}},"9Q":{"M7":{"8J":"1"},"W7":{"8G":"1","8F":"1","7P":"1","8P":"1","7M":"1","7H":"1","9P":"1","8J":"1","7G":"1","9M":"1","9F":"1","7J":"1","9H":"1","7F":"1","9G":"1","8H":"1","8M":"1"},"V6":{"MJ":"1","H9":"1","95":"1","P6":"1","73":"1","MM":"1","RC":"1","86":"1","84":"1","RF":"1","HR":"1","63":"1","M6":"1","F4":"1","97":"1","W7":"1","PJ":"1","HQ":"1","85":"1","H8":"1","F5":"1","96":"1","MC":"1","J8":"1","MP":"1","VC":"1","83":"1","72":"1","J9":"1","74":"1","MQ":"1","XX":"1","62":"1","PM":"1"},"93":{"F2":"1","G2":"1"},"J7":{"56":"1"},"92":{"36":"1","37":"1","GX":"1","26":"1","FX":"1","27":"1"},"2M":{"H5":"1","G4":"1","H4":"1","G5":"1"},"FH":{"FG":"1"},"VJ":{"W8":"1","V8":"1"},"V5":{"9X":"1","9W":"1","CX":"1","6X":"1"},"CG":{"5G":"1"}},"8P":{"4G":{"PW":"1","PX":"1"},"WP":{"MP":"1","PP":"1"},"X3":{"G4":"1","H4":"1"},"GX":{"C3":"1"},"JM":{"G7":"1","G6":"1"},"WR":{"2M":"1","3M":"1","2J":"1","3J":"1"},"PR":{"XM":"1"},"9Q":{"7F":"1"},"5M":{"62":"1","74":"1","52":"1"},"5G":{"Q6":"1","J6":"1","H6":"1","P7":"1","Q7":"1"},"5J":{"6X":"1","5X":"1"},"4H":{"P2":"1","P3":"1"},"F3":{"89":"1","87":"1","88":"1","79":"1","78":"1"}},"8R":{"PF":{"WJ":"1","VF":"1"}},"CH":{"36":{"28":"1","37":"1","38":"1","27":"1"},"XF":{"48":"1","49":"1"},"G4":{"V9":"1"},"5C":{"GM":"1"},"MG":{"FW":"1","FR":"1","CR":"1","FV":"1"},"G5":{"F4":"1","F5":"1","95":"1","C6":"1","96":"1","97":"1","C7":"1","F6":"1","C5":"1","C4":"1"}},"4J":{"X9":{"RJ":"1","PM":"1","WH":"1","QJ":"1","QH":"1","QM":"1","RH":"1"},"63":{"98":"1","89":"1","FC":"1","F9":"1","C9":"1","C6":"1","96":"1","CC":"1","88":"1","87":"1","78":"1","97":"1","C7":"1"}},"HP":{"G7":{"68":"1","44":"1","67":"1","78":"1","77":"1"}},"9X":{"R5":{"3C":"1","2C":"1","6V":"1","5V":"1"},"R6":{"GC":"1","HC":"1"},"J2":{"3C":"1","29":"1","5F":"1","45":"1","39":"1","2C":"1","6F":"1","87":"1","3F":"1","35":"1","46":"1","49":"1","4C":"1","34":"1","2F":"1"},"X8":{"R5":"1","R6":"1","V5":"1","V6":"1"},"Q5":{"WR":"1"},"H2":{"X9":"1","X6":"1","XF":"1","X7":"1","XC":"1","W6":"1"},"M2":{"QX":"1","PX":"1"},"M3":{"P2":"1"}},"5H":{"6H":{"X8":"1","X7":"1"},"7H":{"28":"1","29":"1","27":"1"},"6F":{"JF":"1"},"6G":{"G7":"1","H6":"1","F7":"1","G6":"1","F6":"1","H7":"1"}},"9V":{"W3":{"99":"1","9C":"1"},"46":{"RC":"1"}},"JH":{"VC":{"CQ":"1","GP":"1","GW":"1","G6":"1","G5":"1","FW":"1","9V":"1","FV":"1","HW":"1","F5":"1","CP":"1","FQ":"1","FP":"1","HR":"1","GV":"1","CR":"1","FR":"1","GQ":"1","CV":"1","HQ":"1","HV":"1","GR":"1","GX":"1","F6":"1","HX":"1"},"C9":{"Q6":"1","R6":"1","J2":"1","V7":"1","R7":"1","VG":"1","VF":"1","RF":"1","Q7":"1"},"65":{"2X":"1"},"68":{"8F":"1","89":"1","99":"1","72":"1","7C":"1","82":"1","7F":"1","CC":"1","79":"1","9C":"1","8C":"1","H2":"1"},"H2":{"C9":"1","99":"1","9C":"1"},"C8":{"6M":"1","6P":"1"},"VG":{"R3":"1","V3":"1"},"V8":{"6W":"1"},"46":{"F7":"1","F6":"1"},"VF":{"M4":"1","P9":"1","J3":"1","9W":"1","P8":"1","Q4":"1","R4":"1","R3":"1","H5":"1","Q3":"1","P4":"1","M3":"1","J5":"1","H4":"1"},"67":{"GP":"1","H7":"1","7X":"1","8X":"1","HG":"1","FP":"1","FQ":"1","H8":"1","QJ":"1","G8":"1","G7":"1","97":"1"},"55":{"MP":"1"},"WX":{"4P":"1","4M":"1"},"58":{"C9":"1","89":"1","FC":"1","85":"1","F7":"1","C6":"1","C8":"1","97":"1","87":"1","F6":"1","CF":"1","F8":"1","99":"1","F9":"1","9C":"1","95":"1","88":"1","96":"1","CC":"1","C5":"1","C7":"1","86":"1","9F":"1","98":"1","8C":"1"},"86":{"G9":"1","C7":"1"},"98":{"R2":"1"}},"3M":{"XC":{"27":"1"},"96":{"Q4":"1"},"F5":{"9F":"1"}},"JR":{"87":{"QH":"1","RC":"1","R8":"1","QF":"1","RQ":"1","RF":"1","QG":"1","RJ":"1","PH":"1","QV":"1","V7":"1","PW":"1","PJ":"1","RR":"1","VF":"1","QC":"1","R9":"1","V8":"1","VC":"1","QJ":"1","QM":"1","PX":"1"},"88":{"Q2":"1","P2":"1"},"98":{"36":"1","37":"1","26":"1"}},"VW":{"H9":{"85":"1","84":"1"},"5F":{"G6":"1","V2":"1"},"59":{"43":"1","45":"1","24":"1","5X":"1","26":"1","47":"1","42":"1","46":"1","33":"1","44":"1","35":"1","32":"1","34":"1","36":"1"},"7G":{"WG":"1"},"7C":{"3V":"1","2W":"1","2R":"1","2V":"1","2X":"1","3W":"1","2Q":"1"},"69":{"GJ":"1","GH":"1","C5":"1"},"58":{"3X":"1","4X":"1"},"7F":{"MJ":"1","QH":"1","MM":"1","RC":"1","FR":"1","XW":"1","WX":"1","RG":"1","QF":"1","RF":"1","FX":"1","QG":"1","MG":"1","JM":"1","PH":"1","WW":"1","GV":"1","JQ":"1","GX":"1","FW":"1","GW":"1","JH":"1","FV":"1","PJ":"1","VF":"1","GR":"1","QC":"1","R9":"1","QP":"1","PP":"1","23":"1","MP":"1","VC":"1","QJ":"1","22":"1","MH":"1","JP":"1","JJ":"1","QM":"1","JG":"1","MQ":"1","XX":"1","PM":"1"},"6F":{"G2":"1","W3":"1","X4":"1","4P":"1","5C":"1","W2":"1","F2":"1","33":"1","F4":"1","X3":"1","C4":"1","54":"1","G5":"1","V2":"1","F7":"1","X2":"1","F3":"1","46":"1","3P":"1","57":"1"},"R8":{"V8":"1"},"5H":{"MM":"1"},"5M":{"XJ":"1","XH":"1"},"PJ":{"F9":"1"},"6M":{"2H":"1","2M":"1","3M":"1","2J":"1","3J":"1"},"5C":{"62":"1","48":"1","QM":"1"},"6C":{"4V":"1","VW":"1","9V":"1","WV":"1","3J":"1","XQ":"1","8W":"1","XV":"1","4Q":"1","XR":"1","8P":"1","G2":"1","8M":"1","VX":"1","7F":"1","5R":"1","MV":"1","3M":"1","VV":"1","6W":"1","PW":"1","QW":"1","4R":"1","3P":"1","MW":"1","6M":"1","WX":"1","G3":"1","3Q":"1","5V":"1","9Q":"1","WW":"1","XX":"1","8Q":"1","PX":"1","5G":"1","4G":"1","QV":"1","XW":"1","5F":"1","PV":"1","4F":"1","6V":"1","7R":"1","QX":"1"}},"HQ":{"J6":{"68":"1","VV":"1"},"FC":{"F6":"1"},"CM":{"3F":"1"},"XF":{"QP":"1","PM":"1","QJ":"1","XJ":"1","PP":"1","PJ":"1","MM":"1","QM":"1"},"M7":{"6C":"1","8X":"1","7F":"1","4J":"1","4P":"1","4M":"1","5F":"1","5C":"1","7V":"1","6R":"1","3M":"1","8V":"1","5V":"1","4Q":"1","4R":"1","3J":"1","6F":"1","2H":"1","7C":"1","5W":"1","7W":"1","2J":"1","7X":"1","3H":"1","25":"1","5P":"1","5Q":"1","7G":"1","6V":"1","6W":"1","56":"1","7R":"1","5R":"1","8W":"1","57":"1","5M":"1"},"J7":{"GP":"1","VC":"1","X5":"1","PH":"1","GM":"1","V5":"1","V4":"1","MH":"1","H2":"1"}},"JX":{"4G":{"9X":"1","9W":"1","CX":"1","7X":"1","9V":"1","8X":"1","CW":"1","8W":"1"},"HF":{"H5":"1","H6":"1","G5":"1"},"4J":{"R2":"1"},"HC":{"9W":"1"},"GJ":{"3Q":"1","4V":"1","2Q":"1","2P":"1"},"4H":{"73":"1","92":"1","84":"1","VW":"1","QR":"1","JH":"1","VR":"1","RR":"1","VV":"1","RV":"1","82":"1","83":"1","72":"1","QQ":"1","MH":"1","RX":"1","93":"1"}},"CX":{"8G":{"R7":"1","X5":"1"},"8F":{"QP":"1","QR":"1","RR":"1","RP":"1","RV":"1","QV":"1","GM":"1","QM":"1"},"43":{"6Q":"1","6R":"1","7Q":"1","7R":"1"},"45":{"4X":"1"},"XC":{"C3":"1","57":"1","C4":"1","58":"1"},"86":{"QP":"1","WM":"1","RP":"1","RM":"1"},"RF":{"QP":"1","PM":"1","MG":"1","QJ":"1","QG":"1","QM":"1","PG":"1","PF":"1","PJ":"1","PQ":"1","PP":"1"},"WR":{"WM":"1","WJ":"1","VM":"1"},"HW":{"XW":"1","XV":"1","XR":"1"},"77":{"8V":"1","HM":"1","3M":"1","3Q":"1","JG":"1","6X":"1","HJ":"1","3R":"1","2Q":"1","3P":"1","2P":"1"},"JC":{"G9":"1","F9":"1"},"R9":{"FQ":"1","9R":"1"},"MG":{"VC":"1","WG":"1","WF":"1","XF":"1","R3":"1","VF":"1"},"J4":{"WG":"1","WH":"1","VG":"1","VH":"1"},"F5":{"HW":"1","JX":"1","JW":"1"},"WF":{"52":"1"},"9F":{"MM":"1","PR":"1","JQ":"1","MJ":"1","QP":"1","PH":"1","JJ":"1","JC":"1","PM":"1","MG":"1","MQ":"1","MP":"1","HR":"1","MR":"1","MF":"1","QJ":"1","MC":"1","QM":"1","JP":"1","QQ":"1","6W":"1","JG":"1","JF":"1","PJ":"1","JR":"1","PQ":"1","JM":"1","PP":"1","MH":"1","QH":"1","6X":"1"},"CF":{"3C":"1","3F":"1"},"9H":{"FC":"1","Q6":"1","P8":"1","R7":"1","F9":"1","C9":"1","F8":"1","C8":"1","R8":"1","Q7":"1","P7":"1"},"46":{"42":"1"},"XF":{"VC":"1","RC":"1","RP":"1","PH":"1","VF":"1","RM":"1"},"33":{"Q2":"1","Q3":"1","Q5":"1","X7":"1","H4":"1","M2":"1","W7":"1"},"44":{"8J":"1","9J":"1"},"96":{"QG":"1"},"PG":{"4F":"1","4C":"1"},"XR":{"WM":"1"},"32":{"89":"1","99":"1","88":"1","8C":"1","98":"1"},"9G":{"34":"1","H9":"1","6H":"1","35":"1","58":"1","24":"1","7J":"1","6J":"1","3G":"1","59":"1","27":"1","H8":"1","4G":"1","7H":"1","69":"1","G8":"1","57":"1","47":"1"},"78":{"G6":"1","H7":"1","G5":"1","H9":"1","H6":"1","F4":"1","H3":"1","G4":"1","F5":"1","F3":"1","G9":"1","F9":"1","H8":"1","H5":"1","9H":"1","F8":"1","G8":"1","G3":"1","J8":"1","G7":"1","9G":"1","97":"1","F6":"1","H4":"1","F7":"1","C5":"1","C4":"1"},"34":{"63":"1"},"JW":{"2W":"1","2R":"1","2V":"1"},"F6":{"66":"1","65":"1","68":"1","78":"1"},"5C":{"XM":"1"},"6C":{"2M":"1"},"JX":{"44":"1","43":"1","33":"1"}},"5X":{"7M":{"FR":"1","GJ":"1","7R":"1","GM":"1","FV":"1"}},"QX":{"P8":{"RP":"1","WX":"1","VM":"1","RM":"1"},"FR":{"HR":"1","HV":"1"},"PJ":{"CQ":"1","9Q":"1"},"MM":{"RH":"1"},"JQ":{"8J":"1"}},"2M":{"W3":{"CQ":"1","GW":"1","FG":"1","H9":"1","FW":"1","FX":"1","V6":"1","GG":"1","R9":"1","GC":"1","HC":"1","GH":"1","2H":"1","FQ":"1","G9":"1","9F":"1","CF":"1","CR":"1","FR":"1","FH":"1","V5":"1","CG":"1","Q9":"1","W5":"1","9G":"1","HF":"1","JM":"1","GX":"1","CH":"1"},"W4":{"H7":"1","H6":"1","F4":"1","G4":"1","F3":"1","J7":"1","J6":"1","G2":"1","F2":"1","G3":"1"}},"VQ":{"XW":{"J2":"1","H2":"1","C4":"1","M2":"1","J3":"1","H3":"1","M3":"1","F4":"1"},"XV":{"QQ":"1","WQ":"1","QG":"1"}},"GP":{"X9":{"89":"1","2C":"1","88":"1","79":"1"},"X8":{"98":"1","8G":"1","8F":"1","JQ":"1","99":"1","5J":"1","7M":"1","5P":"1","8J":"1","MQ":"1","MP":"1","9F":"1","7C":"1","CF":"1","6H":"1","7J":"1","7F":"1","C8":"1","JP":"1","5H":"1","HQ":"1","5Q":"1","9C":"1","8H":"1","6M":"1","HP":"1","5R":"1","8C":"1","6J":"1"},"X7":{"HM":"1","HP":"1"},"HX":{"QM":"1"},"48":{"JR":"1","JQ":"1"},"XH":{"HF":"1","JG":"1","HG":"1"},"96":{"PQ":"1","MQ":"1"}},"PW":{"QW":{"3C":"1","2C":"1","3F":"1","2F":"1"},"MR":{"7P":"1"}},"5Q":{"X2":{"X5":"1","Q6":"1","W6":"1","R2":"1","X7":"1","X6":"1","Q5":"1","Q2":"1","R7":"1","R3":"1","Q3":"1","R6":"1","Q7":"1","W5":"1","R5":"1"}},"MM":{"FV":{"QQ":"1","QP":"1","PP":"1"}},"2H":{"F4":{"WH":"1","VJ":"1","XJ":"1","WJ":"1"}},"3V":{"HQ":{"J9":"1","JC":"1","X7":"1","RG":"1","RH":"1","QG":"1","X8":"1","JF":"1","QH":"1"},"HH":{"5F":"1","5G":"1"},"JQ":{"3F":"1","CG":"1","49":"1","XF":"1","RC":"1","3C":"1","R8":"1","2F":"1","X9":"1","38":"1","39":"1","5C":"1","RG":"1","QF":"1","RF":"1","28":"1","W8":"1","VG":"1","48":"1","V7":"1","WC":"1","27":"1","W7":"1","4F":"1","VF":"1","29":"1","X8":"1","2C":"1","QC":"1","WG":"1","37":"1","R9":"1","W9":"1","WF":"1","V8":"1","XC":"1","VC":"1","FP":"1","47":"1","CH":"1","4C":"1","V9":"1"}},"HH":{"HH":{"43":"1","45":"1","86":"1","7X":"1","24":"1","5X":"1","4P":"1","25":"1","4Q":"1","2H":"1","7W":"1","3H":"1","33":"1","44":"1","35":"1","4J":"1","5M":"1","87":"1","34":"1","23":"1","3J":"1","2F":"1","4M":"1","3M":"1","6X":"1"},"49":{"PM":"1","VM":"1","XJ":"1","WH":"1","CG":"1","XG":"1","XV":"1","HQ":"1","VG":"1","9G":"1","FP":"1","VX":"1","FR":"1","VV":"1","MF":"1","WM":"1","XH":"1","X8":"1","XM":"1","X7":"1","WJ":"1","WX":"1","X4":"1","VP":"1","WG":"1","GQ":"1","RM":"1","FQ":"1","GR":"1","X5":"1","XW":"1","M9":"1","FM":"1","X9":"1","VH":"1","VR":"1"},"3C":{"7F":"1","8F":"1","9G":"1","8G":"1","9F":"1"},"FR":{"2H":"1","7W":"1"},"HP":{"X6":"1","X7":"1"},"79":{"9M":"1","CM":"1","CP":"1","9J":"1"},"6M":{"49":"1","59":"1"},"G9":{"MC":"1","MF":"1","PF":"1","QC":"1","QF":"1","PC":"1"},"39":{"H8":"1","G7":"1","XH":"1","VM":"1","H7":"1"},"5C":{"H9":"1","J3":"1","R2":"1","H3":"1","G4":"1","84":"1","GC":"1","HC":"1","F3":"1","G9":"1","Q2":"1","J2":"1","H8":"1","G2":"1","F8":"1","F2":"1","G8":"1","G3":"1","H4":"1","H2":"1"},"6P":{"26":"1"},"CF":{"4P":"1","6H":"1","5H":"1","4M":"1","5M":"1","5G":"1","5J":"1","6G":"1"},"QF":{"V5":"1"},"9C":{"27":"1"},"58":{"FR":"1","HP":"1","MX":"1","2H":"1","GV":"1","3G":"1","2G":"1","3H":"1","FV":"1","PW":"1","GR":"1","G6":"1","9P":"1","GQ":"1","9Q":"1","MP":"1","FQ":"1","H5":"1","GP":"1","MQ":"1","PX":"1","MW":"1"},"7W":{"9H":"1","CH":"1","CJ":"1","9G":"1","9J":"1"},"GH":{"RH":"1"},"M6":{"99":"1","88":"1","98":"1"},"HJ":{"72":"1","63":"1","73":"1","62":"1","64":"1","84":"1","83":"1","53":"1","74":"1","52":"1"},"FG":{"W3":"1","V3":"1"},"97":{"96":"1","86":"1"},"59":{"FV":"1","4H":"1","2G":"1","35":"1","3H":"1","2M":"1","FX":"1","HP":"1","34":"1","37":"1","24":"1","GW":"1","HV":"1","57":"1","26":"1","25":"1","36":"1","GP":"1","27":"1","3M":"1","HX":"1","HR":"1","29":"1","HW":"1","3P":"1","MW":"1","2H":"1","GX":"1","GQ":"1","FQ":"1","3W":"1","GV":"1","GR":"1","JR":"1","6R":"1","FW":"1","6X":"1","JV":"1","28":"1","JW":"1","RX":"1","QX":"1"},"CM":{"RQ":"1","HM":"1","RP":"1","JM":"1","HJ":"1","JJ":"1"},"9R":{"83":"1","84":"1"},"3V":{"HW":"1","HV":"1"},"W7":{"Q3":"1","W4":"1","V4":"1"},"4F":{"W9":"1","W8":"1","R7":"1","R8":"1"},"GG":{"HR":"1","HV":"1"},"5H":{"J4":"1","J3":"1","M3":"1"},"QC":{"C9":"1","CC":"1"},"69":{"GM":"1"},"P5":{"2H":"1","3H":"1","2G":"1","3J":"1"},"57":{"PW":"1"},"M5":{"XG":"1","W3":"1","X7":"1","W7":"1","V3":"1","XH":"1","R8":"1"},"FP":{"36":"1","37":"1","45":"1","26":"1","25":"1","35":"1","46":"1","27":"1","24":"1"},"CP":{"R5":"1"},"88":{"GG":"1"},"4C":{"45":"1","W2":"1","56":"1","R4":"1","55":"1","R3":"1","46":"1","V2":"1"}},"7V":{"83":{"24":"1"},"73":{"P2":"1","H2":"1","X4":"1","W4":"1","H3":"1","V4":"1"},"3Q":{"Q4":"1","Q5":"1","P5":"1","P4":"1"},"53":{"75":"1","74":"1","85":"1","84":"1","97":"1","87":"1","CF":"1","96":"1","86":"1","9F":"1"},"52":{"22":"1"},"72":{"RX":"1","RW":"1","QW":"1","QX":"1"},"33":{"7Q":"1","8P":"1","8Q":"1","7P":"1","7R":"1","8R":"1"}},"FW":{"HQ":{"FQ":"1","CQ":"1","FR":"1","CR":"1"},"FW":{"R2":"1"},"24":{"2W":"1","2X":"1","5M":"1","3W":"1","5J":"1"}},"CW":{"X5":{"M4":"1","Q4":"1","Q3":"1","J4":"1","J3":"1","R3":"1","R4":"1","M3":"1"},"FM":{"FC":"1","CC":"1"},"3Q":{"2P":"1"},"W4":{"X2":"1","W3":"1","X3":"1","W2":"1","X4":"1"},"X4":{"GW":"1","JQ":"1","22":"1","59":"1","HW":"1","GV":"1","HR":"1","7C":"1","69":"1","WV":"1","MW":"1","6F":"1","WX":"1","79":"1","JV":"1","HQ":"1","JR":"1","23":"1","HV":"1","GR":"1","5C":"1","PW":"1","6C":"1"},"W3":{"FJ":"1"},"H8":{"R6":"1"},"82":{"M7":"1"},"3P":{"4W":"1","3X":"1","3W":"1","4X":"1"},"44":{"3M":"1","3H":"1","3J":"1","4M":"1"},"JV":{"7F":"1","6F":"1","7C":"1"},"2W":{"2H":"1","QF":"1"},"32":{"82":"1"},"2R":{"9G":"1","CG":"1","9J":"1","7F":"1","HF":"1","9M":"1","GJ":"1","9H":"1","GC":"1","7M":"1","GF":"1","6H":"1","FH":"1","FM":"1","7J":"1","6J":"1","8J":"1","GH":"1","FG":"1","CM":"1","FJ":"1","GG":"1","8H":"1","8G":"1","7G":"1","CJ":"1","7H":"1","8F":"1","FF":"1","GM":"1","FP":"1","8M":"1","CH":"1"},"VW":{"85":"1","95":"1"},"36":{"R3":"1","R2":"1"}},"2V":{"4R":{"MM":"1","PJ":"1","MJ":"1"}},"HW":{"V7":{"WH":"1"},"FJ":{"H9":"1","JF":"1","HF":"1","HG":"1","JC":"1","HC":"1","J9":"1"},"99":{"24":"1"},"PX":{"FG":"1","FF":"1"}},"3H":{"JX":{"XP":"1","RQ":"1","WP":"1","WH":"1","VP":"1","WM":"1","VQ":"1","F2":"1","VJ":"1","H2":"1","RP":"1","WJ":"1","XH":"1","PV":"1","C2":"1","XM":"1","VH":"1"},"MX":{"7X":"1","8X":"1","9W":"1","7W":"1","9X":"1","3H":"1","2J":"1","2M":"1","3J":"1","8W":"1"},"JW":{"JX":"1","CX":"1","HX":"1","RP":"1","FX":"1"}},"6M":{"36":{"27":"1"},"26":{"M7":"1","R2":"1","X7":"1","X6":"1","P8":"1","P5":"1","V3":"1","R3":"1","M8":"1","P7":"1","P6":"1","V2":"1"},"25":{"36":"1","CG":"1","7F":"1","C9":"1","35":"1","9C":"1","QX":"1","7C":"1","24":"1","XQ":"1","66":"1","XP":"1","25":"1","VX":"1","7G":"1","7H":"1","45":"1","46":"1","8C":"1","56":"1","23":"1","57":"1","RX":"1","47":"1"},"35":{"3R":"1","2Q":"1","2P":"1"},"7C":{"9R":"1","2M":"1","9V":"1","8R":"1"},"6C":{"R5":"1","RH":"1","W6":"1","QH":"1","X9":"1","PG":"1","PF":"1","V3":"1","V6":"1","RG":"1","QF":"1","RF":"1","R3":"1","QG":"1","W8":"1","V5":"1","PH":"1","VG":"1","V7":"1","X7":"1","W7":"1","VF":"1","X6":"1","X8":"1","W4":"1","WG":"1","W9":"1","V8":"1","W5":"1","V4":"1","R4":"1","V9":"1"},"27":{"98":"1","22":"1","C6":"1","C8":"1","96":"1","97":"1","23":"1","C7":"1"},"24":{"3V":"1","2W":"1","4W":"1","2V":"1","4V":"1","9V":"1","2X":"1","3W":"1"},"47":{"Q9":"1","RC":"1","R9":"1","QC":"1"}},"9R":{"Q6":{"G2":"1","P9":"1","M8":"1","RC":"1","PG":"1","65":"1","PF":"1","Q9":"1","QF":"1","QG":"1","F2":"1","55":"1","63":"1","64":"1","M9":"1","H6":"1","PC":"1","G6":"1","45":"1","QC":"1","44":"1","R9":"1","Q8":"1","J8":"1","P8":"1","H2":"1"},"P2":{"8F":"1","FG":"1","CH":"1","CG":"1","9C":"1","FH":"1","9F":"1","8C":"1"},"XG":{"RJ":"1","VP":"1","VM":"1","RH":"1"},"76":{"2W":"1"},"Q5":{"GX":"1","FX":"1"},"XF":{"P9":"1","M9":"1"},"6C":{"32":"1","43":"1","42":"1","33":"1"},"69":{"3H":"1"},"5C":{"M4":"1","Q2":"1","Q4":"1","W3":"1","J2":"1","Q3":"1","W2":"1","P4":"1","P3":"1","M2":"1","R3":"1","W4":"1","V3":"1","R4":"1","V4":"1","R2":"1","M3":"1","F4":"1","V2":"1"},"49":{"RJ":"1","QJ":"1","RM":"1","QM":"1"},"56":{"VG":"1","RG":"1"},"V4":{"G7":"1"},"59":{"JV":"1","MM":"1","HX":"1","X9":"1","WX":"1","7V":"1","XG":"1","MX":"1","FX":"1","HR":"1","JM":"1","RW":"1","QX":"1","QV":"1","JQ":"1","GX":"1","FW":"1","JR":"1","4V":"1","GW":"1","MR":"1","WC":"1","2W":"1","3V":"1","PW":"1","VX":"1","VF":"1","HQ":"1","RM":"1","MV":"1","RV":"1","WG":"1","W9":"1","WF":"1","MP":"1","XC":"1","VC":"1","QQ":"1","RX":"1","MQ":"1","MW":"1","PX":"1"},"WX":{"6X":"1"},"RM":{"Q2":"1","P2":"1","Q3":"1","P3":"1"}},"3P":{"FF":{"R3":"1","V3":"1"},"FH":{"HP":"1","GP":"1"}},"FQ":{"X4":{"4P":"1","4Q":"1","4M":"1"},"VX":{"76":"1","5F":"1","4G":"1","75":"1","74":"1","85":"1","84":"1","GC":"1","4F":"1","3G":"1","5C":"1","49":"1","59":"1","5J":"1","86":"1"},"X5":{"7H":"1","7V":"1","6V":"1","35":"1","9G":"1","7W":"1","34":"1","24":"1","8G":"1","79":"1","6W":"1"}},"JP":{"JF":{"77":"1","J2":"1","76":"1","M2":"1","87":"1","H2":"1","67":"1"},"JC":{"2M":"1","2V":"1","8P":"1","JW":"1","HX":"1","8R":"1","6R":"1","7V":"1","7M":"1","8V":"1","5V":"1","MX":"1","4R":"1","8Q":"1","6Q":"1","4V":"1","2J":"1","7P":"1","3V":"1","4F":"1","25":"1","HW":"1","6V":"1","7Q":"1","7R":"1","5R":"1","JX":"1","3R":"1"},"HC":{"J6":"1","RH":"1","XV":"1","M4":"1","GJ":"1","XM":"1","FM":"1","VG":"1","M6":"1","HJ":"1","H6":"1","XJ":"1","FJ":"1","VF":"1","J5":"1","J7":"1","J4":"1","VH":"1","GM":"1","M5":"1","FP":"1","HM":"1","GP":"1","M7":"1"},"J9":{"6Q":"1","6R":"1","7Q":"1","7R":"1"}},"7P":{"HJ":{"98":"1","8G":"1","89":"1","FC":"1","F4":"1","7P":"1","F3":"1","6Q":"1","F9":"1","C9":"1","7Q":"1","C8":"1","CC":"1","6P":"1","8C":"1"},"Q6":{"FC":"1","FF":"1","GF":"1"},"5P":{"8J":"1","CH":"1","CJ":"1"},"Q5":{"43":"1","GF":"1","FG":"1","FW":"1","FV":"1","GG":"1","GH":"1","FH":"1","JP":"1","FF":"1"},"RJ":{"VR":"1","WR":"1","WV":"1"},"HM":{"XC":"1","H6":"1","J3":"1","W9":"1","G4":"1","WC":"1","WF":"1","J7":"1","J6":"1","H5":"1","XF":"1","J5":"1"},"JP":{"CF":"1","CG":"1","9G":"1","9F":"1"},"P4":{"M4":"1","Q6":"1","Q5":"1","P5":"1","Q4":"1","P3":"1","M5":"1","Q3":"1","P4":"1","M9":"1","M3":"1","P6":"1"},"VP":{"Q2":"1","R2":"1"},"M3":{"PG":"1","PH":"1"}},"2G":{"9H":{"82":"1"},"8F":{"FJ":"1","GJ":"1","GM":"1"},"CF":{"43":"1","45":"1","54":"1","57":"1","59":"1","65":"1","64":"1","56":"1","4C":"1","3F":"1","38":"1","47":"1","42":"1","48":"1","3C":"1","58":"1","55":"1","46":"1","33":"1","44":"1","49":"1","53":"1","39":"1","32":"1","52":"1"},"F8":{"3Q":"1","4R":"1","4Q":"1","3R":"1","3P":"1"},"9G":{"4F":"1","8X":"1","4H":"1","2G":"1","29":"1","4C":"1","3F":"1","38":"1","2H":"1","3C":"1","3H":"1","2J":"1","49":"1","39":"1","3J":"1","3G":"1","2C":"1","2F":"1","5G":"1","4G":"1"},"F9":{"73":"1","72":"1"},"9Q":{"WH":"1","XJ":"1","WJ":"1","XH":"1"},"9C":{"RR":"1","VV":"1","VR":"1","RV":"1"},"8G":{"XG":"1","WF":"1","XF":"1","XC":"1","WC":"1","XH":"1"},"CC":{"4F":"1","8F":"1","59":"1","3V":"1","3W":"1","4C":"1","3F":"1","2V":"1","8J":"1","F3":"1","48":"1","9M":"1","3C":"1","58":"1","F2":"1","49":"1","2W":"1","9J":"1","5C":"1","8M":"1"},"9F":{"7F":"1","7C":"1","8C":"1"}},"WR":{"HR":{"4P":"1","5P":"1","4Q":"1","6Q":"1","2X":"1","3X":"1","5M":"1","6P":"1","5Q":"1"},"QG":{"5P":"1","5X":"1","5W":"1","4X":"1"},"H5":{"CC":"1"},"PG":{"HQ":"1","JP":"1","CM":"1","HP":"1","JQ":"1"},"HV":{"32":"1","22":"1"},"P2":{"G7":"1","G6":"1"},"QH":{"52":"1","42":"1"}},"MX":{"MJ":{"WC":"1"},"8J":{"2M":"1","9J":"1","8P":"1","9M":"1","9H":"1","6M":"1","7M":"1","6G":"1","6P":"1","6H":"1","8Q":"1","CQ":"1","5G":"1","7J":"1","6J":"1","8J":"1","2J":"1","7P":"1","CM":"1","8H":"1","9P":"1","CJ":"1","5H":"1","9Q":"1","7Q":"1","CP":"1","8M":"1"},"VF":{"MR":"1","PQ":"1","PR":"1","MQ":"1","QX":"1"},"7J":{"XP":"1","QQ":"1","WP":"1","WH":"1","WR":"1"},"WG":{"29":"1","39":"1","5Q":"1"},"8H":{"89":"1","88":"1"},"VG":{"W5":"1"},"F6":{"PH":"1"},"8M":{"9R":"1","CF":"1"}},"HV":{"39":{"94":"1","93":"1"},"QG":{"2H":"1","3H":"1","2J":"1","3J":"1","9G":"1"}},"MJ":{"M4":{"PW":"1","PV":"1"},"GW":{"V7":"1","R7":"1","R9":"1","V8":"1","V9":"1","R8":"1","PX":"1"},"MC":{"74":"1"},"2C":{"3V":"1","4V":"1","9Q":"1","FH":"1"}},"MR":{"C3":{"QW":"1"},"92":{"4W":"1"},"8V":{"FG":"1","CH":"1","FF":"1","CF":"1","CG":"1"},"5R":{"R5":"1","R4":"1","V4":"1","V5":"1"},"8X":{"8F":"1","G6":"1","H7":"1","G5":"1","H6":"1","HW":"1","GG":"1","8P":"1","F5":"1","9P":"1","GH":"1","9M":"1","7C":"1","7F":"1","F8":"1","FH":"1","JW":"1","F6":"1","9J":"1","8C":"1","8M":"1"},"2X":{"XV":"1"},"F6":{"H6":"1","F4":"1","65":"1","F3":"1","75":"1","66":"1","J6":"1","F2":"1","C2":"1","C3":"1","76":"1","78":"1","C5":"1","C4":"1"},"3X":{"2V":"1"},"8W":{"7V":"1"},"F5":{"9V":"1","FX":"1","57":"1","CW":"1","7H":"1","58":"1","68":"1","CR":"1","49":"1","7V":"1","CV":"1","5Q":"1","CX":"1","9R":"1","6J":"1","5G":"1","67":"1"},"F4":{"7J":"1","8J":"1","6H":"1","6J":"1","7H":"1","8H":"1","7G":"1","6G":"1","7M":"1","2F":"1"}},"RX":{"QR":{"MP":"1","JP":"1","JM":"1","MM":"1"},"7Q":{"6R":"1","7P":"1"},"FW":{"X4":"1"},"8H":{"PM":"1","PV":"1"},"8G":{"G5":"1","H6":"1","HG":"1","G4":"1","H5":"1","7Q":"1","JV":"1","8H":"1","JW":"1","HV":"1","H4":"1"},"F5":{"9M":"1","8M":"1"}},"3J":{"M2":{"83":"1","92":"1","82":"1","72":"1"},"93":{"93":"1"}},"9M":{"VC":{"VP":"1","VJ":"1","VM":"1"},"9V":{"JM":"1","JJ":"1"},"72":{"5W":"1"},"63":{"2H":"1","2M":"1","6H":"1","5H":"1","3H":"1","3G":"1","2J":"1","3J":"1","5G":"1","6G":"1","2P":"1"},"7X":{"R2":"1"},"73":{"8G":"1","FG":"1","FC":"1","8J":"1","9F":"1","CJ":"1","CF":"1","9H":"1","FH":"1","FF":"1","CC":"1","CG":"1","9G":"1","8H":"1","9J":"1","CH":"1"},"9W":{"86":"1","84":"1","75":"1","F8":"1","C6":"1","95":"1","C8":"1","96":"1","76":"1","87":"1","97":"1","C7":"1","85":"1","F6":"1","F7":"1","C5":"1","94":"1"},"7W":{"RX":"1"},"9X":{"GW":"1","GX":"1","XR":"1","WQ":"1","PR":"1","PV":"1","WX":"1"},"7Q":{"G9":"1"},"53":{"XJ":"1","XH":"1"},"CX":{"3V":"1","6X":"1","6V":"1","6W":"1"},"GR":{"JV":"1","HV":"1"},"2C":{"8J":"1"}},"FR":{"4W":{"H4":"1"},"6C":{"92":"1","93":"1"},"CV":{"69":"1"},"HV":{"WF":"1","XF":"1","XC":"1"},"8C":{"RQ":"1","QQ":"1"}},"CP":{"7Q":{"9R":"1","8V":"1","9V":"1","8R":"1"},"X4":{"GV":"1","HR":"1","JV":"1","JR":"1","HV":"1","GR":"1","6R":"1"},"X5":{"8F":"1","8G":"1"},"78":{"5F":"1"}},"WW":{"45":{"CH":"1","CG":"1"},"57":{"2P":"1"},"26":{"RX":"1","RW":"1","VX":"1","WX":"1","VW":"1"},"38":{"FM":"1","PX":"1"},"47":{"8X":"1","FR":"1","CW":"1","8R":"1","38":"1","39":"1","6R":"1","7V":"1","8Q":"1","FX":"1","HR":"1","GX":"1","7W":"1","8J":"1","FW":"1","GW":"1","7X":"1","GR":"1","GQ":"1","CX":"1","9W":"1","6V":"1","6W":"1","7Q":"1","7R":"1","8W":"1","9X":"1"},"28":{"Q5":"1"},"48":{"36":"1","H4":"1","G4":"1","G2":"1","4X":"1","9J":"1","7F":"1","9H":"1","92":"1","6G":"1","84":"1","6H":"1","3J":"1","F2":"1","C7":"1","F8":"1","G3":"1","H6":"1","59":"1","3H":"1","C2":"1","G5":"1","85":"1","F7":"1","G6":"1","8H":"1","77":"1","8G":"1","99":"1","CJ":"1","5H":"1","F3":"1","8F":"1","37":"1","82":"1","C8":"1","7Q":"1","8C":"1","GM":"1","83":"1","H5":"1","94":"1","93":"1","98":"1","8M":"1","74":"1","5M":"1"},"J2":{"3C":"1","39":"1"},"58":{"64":"1","65":"1","54":"1","55":"1"},"27":{"R5":"1","W6":"1","W3":"1","X4":"1","V3":"1","V6":"1","W2":"1","R3":"1","V5":"1","X3":"1","X7":"1","W7":"1","V2":"1","X6":"1","X2":"1","X8":"1","W4":"1","W5":"1","V4":"1","R4":"1","X5":"1"},"8R":{"X9":"1","X8":"1"},"49":{"C5":"1","GH":"1","82":"1","93":"1","H5":"1","C7":"1","FF":"1","F7":"1","88":"1","C3":"1","F8":"1","HH":"1","9C":"1","C9":"1","94":"1","FC":"1","96":"1","95":"1","77":"1","76":"1","75":"1","F6":"1","CC":"1","87":"1","89":"1","9F":"1","92":"1","86":"1","FG":"1","F9":"1","C6":"1","98":"1","84":"1","GG":"1","C8":"1","97":"1","FH":"1","99":"1","C4":"1","GF":"1","78":"1","83":"1","52":"1","CF":"1","85":"1"},"RC":{"R5":"1","Q6":"1","R6":"1","RP":"1","GH":"1"},"M2":{"5H":"1","4J":"1","4M":"1","5J":"1","4H":"1"},"39":{"XG":"1","V7":"1","XF":"1","WC":"1"},"37":{"24":"1","26":"1","25":"1","28":"1","27":"1","35":"1","37":"1","36":"1"}},"3G":{"HX":{"GQ":"1"}},"6X":{"QC":{"JM":"1","MM":"1"},"F5":{"RH":"1"}},"4Q":{"7F":{"2X":"1","3X":"1"},"M7":{"H9":"1","H7":"1"},"7G":{"32":"1","22":"1"}},"VR":{"QJ":{"73":"1"},"MX":{"X7":"1"},"QH":{"9V":"1","FW":"1","FV":"1","CW":"1","9W":"1","GV":"1","CV":"1"},"PJ":{"W7":"1","W6":"1","V6":"1","JC":"1","PM":"1","W4":"1","X4":"1","W3":"1","R7":"1","R8":"1","V7":"1","X3":"1","V8":"1"},"V2":{"68":"1","67":"1"}},"7M":{"4V":{"X4":"1"}},"GM":{"57":{"9J":"1"},"JF":{"29":"1"},"2W":{"J6":"1","M8":"1","F2":"1","P8":"1","M7":"1","J7":"1"},"2V":{"FX":"1"},"3J":{"QW":"1"},"6C":{"Q2":"1"}},"CM":{"86":{"CQ":"1","FG":"1","HH":"1","HJ":"1","CP":"1"},"W9":{"4R":"1","5R":"1","4V":"1","5V":"1"},"GG":{"HW":"1"},"WM":{"45":"1","46":"1","56":"1"},"WJ":{"9R":"1","7J":"1","8J":"1","9H":"1","9M":"1","8P":"1","CH":"1","CJ":"1","8H":"1","9Q":"1","7M":"1","9J":"1","8M":"1","8R":"1"},"W3":{"97":"1"},"V9":{"RG":"1","RH":"1"},"VH":{"52":"1","42":"1"},"58":{"8V":"1"},"HM":{"75":"1","72":"1"},"WG":{"9C":"1","CC":"1"},"RQ":{"FM":"1","FP":"1"},"PF":{"C6":"1"},"M2":{"CF":"1","CG":"1","9G":"1","9F":"1"},"9C":{"J7":"1","H7":"1"},"VW":{"62":"1","63":"1"},"VG":{"5X":"1","4X":"1"},"V2":{"GF":"1","89":"1","GW":"1","FC":"1","WH":"1","WJ":"1","GC":"1","Q2":"1","G9":"1","GV":"1","F9":"1","CJ":"1","VH":"1","C9":"1","G8":"1","VJ":"1","CC":"1","FF":"1","P2":"1","CH":"1"},"CH":{"HG":"1","HH":"1"}},"6P":{"2W":{"VP":"1","WP":"1","WM":"1","VQ":"1","VJ":"1","WJ":"1","VM":"1"},"H2":{"HX":"1"},"RC":{"23":"1","22":"1"},"2X":{"9M":"1","C8":"1","4M":"1","5M":"1","MG":"1","WX":"1","9J":"1"},"3X":{"24":"1"},"H3":{"H5":"1","H6":"1"}},"HJ":{"3V":{"H5":"1","J4":"1","H4":"1","J3":"1","J5":"1"},"FR":{"HF":"1","GC":"1","HC":"1"},"G2":{"74":"1"},"35":{"WR":"1"},"CG":{"2V":"1"},"56":{"75":"1","85":"1"},"QG":{"8J":"1","9J":"1"},"77":{"X9":"1","M7":"1","M4":"1","XC":"1","Q6":"1","J3":"1","P8":"1","J4":"1","M6":"1","Q5":"1","P5":"1","Q4":"1","J7":"1","P3":"1","R7":"1","J6":"1","M5":"1","R4":"1","M8":"1","J8":"1","X2":"1","P4":"1","R6":"1","Q7":"1","R5":"1","P7":"1","M3":"1","P6":"1","Q8":"1"}},"JW":{"86":{"P2":"1"},"57":{"J2":"1"},"56":{"JX":"1"},"R9":{"GP":"1","H7":"1","22":"1","26":"1","MG":"1","28":"1","FP":"1","JH":"1","H8":"1","27":"1","GQ":"1","G8":"1","G7":"1","JG":"1","MH":"1","67":"1"},"82":{"4P":"1","4M":"1"},"G8":{"CF":"1","CC":"1"},"R8":{"CQ":"1","4H":"1","3Q":"1","3V":"1","4P":"1","3W":"1","MG":"1","4Q":"1","2V":"1","CR":"1","3P":"1","3H":"1","2X":"1","2P":"1","2Q":"1","2J":"1","2M":"1","3R":"1","2W":"1","2R":"1","CX":"1","3J":"1","4M":"1","36":"1","3M":"1"},"R6":{"2H":"1","3H":"1","3G":"1","2G":"1"},"Q9":{"RC":"1","R8":"1","X9":"1","W2":"1","Q9":"1","QF":"1","RF":"1","W8":"1","X3":"1","X7":"1","WC":"1","W7":"1","VF":"1","X6":"1","X2":"1","X8":"1","QC":"1","WG":"1","R9":"1","C8":"1","W9":"1","Q8":"1","WF":"1","V8":"1","VC":"1","V9":"1"},"39":{"7W":"1","2Q":"1","2P":"1"},"HP":{"H8":"1","H9":"1","G8":"1"},"85":{"JP":"1","JQ":"1"},"4V":{"HC":"1","G5":"1"},"Q8":{"XW":"1","XP":"1","XQ":"1","XJ":"1","XV":"1","XR":"1","WR":"1","XX":"1","WX":"1","WW":"1","XM":"1","WV":"1"}},"JV":{"V7":{"3V":"1"},"FG":{"4W":"1","6X":"1","3X":"1","3W":"1","4X":"1"},"H4":{"FX":"1"},"6V":{"FQ":"1","CQ":"1","CX":"1","FX":"1"},"M2":{"JX":"1","JM":"1","MM":"1","JJ":"1"},"V8":{"HQ":"1","8F":"1","26":"1","5P":"1","35":"1","9C":"1","5M":"1","9F":"1","8C":"1"},"V9":{"76":"1","66":"1","75":"1","65":"1"},"FH":{"98":"1","8G":"1","8F":"1","59":"1","7H":"1","8J":"1","7C":"1","69":"1","58":"1","9H":"1","7F":"1","79":"1","9G":"1","8H":"1","85":"1"},"6W":{"F2":"1","C2":"1"},"R8":{"M7":"1","XC":"1","PM":"1","RG":"1","RJ":"1","RH":"1","J7":"1","QJ":"1","QG":"1","M8":"1","XF":"1","J8":"1","PJ":"1","QF":"1","PP":"1","QH":"1"}},"7X":{"6C":{"25":"1","24":"1"},"QH":{"QH":"1"},"P9":{"2R":"1","38":"1","4J":"1","2Q":"1","6P":"1"},"M8":{"QP":"1","FV":"1","PM":"1","VX":"1","GV":"1","FR":"1","WX":"1","QM":"1","RX":"1","GR":"1","RW":"1","PP":"1"},"P6":{"X9":"1","WP":"1","VP":"1","XF":"1","XC":"1","VM":"1"},"PF":{"M7":"1","P9":"1","Q6":"1","P8":"1","M6":"1","93":"1","P5":"1","J7":"1","R7":"1","M5":"1","J6":"1","92":"1","M8":"1","R8":"1","J8":"1","Q7":"1","R6":"1","P7":"1","M9":"1","P6":"1","J5":"1","Q8":"1"},"92":{"JF":"1"},"5C":{"X4":"1","X5":"1"},"RJ":{"FW":"1","CW":"1"},"58":{"72":"1","63":"1","73":"1","HR":"1","XX":"1","95":"1","HQ":"1","HV":"1","C5":"1","94":"1"},"M9":{"G8":"1","C7":"1","J6":"1","W9":"1","88":"1","XQ":"1","7C":"1","4Q":"1","9C":"1","G9":"1","XR":"1","8C":"1","H7":"1","77":"1","V6":"1","76":"1","7F":"1","67":"1","6H":"1","6F":"1","87":"1","89":"1","9F":"1","8G":"1","RV":"1","C6":"1","98":"1","73":"1","QW":"1","84":"1","3P":"1","3Q":"1","W2":"1","C8":"1","8F":"1","XX":"1","66":"1","74":"1","RW":"1","97":"1","H6":"1","99":"1","QV":"1","6C":"1","J7":"1","79":"1","6G":"1","2Q":"1","2P":"1","78":"1","V7":"1","83":"1","69":"1","W8":"1"},"59":{"VC":"1","Q6":"1","J3":"1","H3":"1","P8":"1","J4":"1","RP":"1","R7":"1","RC":"1","Q7":"1","R6":"1","M2":"1","M3":"1","H4":"1","Q8":"1"},"PC":{"4F":"1","57":"1","5F":"1","4H":"1","59":"1","29":"1","4C":"1","3F":"1","38":"1","7H":"1","47":"1","28":"1","48":"1","7C":"1","3C":"1","6G":"1","69":"1","68":"1","58":"1","7F":"1","27":"1","6F":"1","49":"1","39":"1","2R":"1","8H":"1","3G":"1","37":"1","5C":"1","2F":"1","6C":"1","5G":"1","4G":"1"},"RP":{"C3":"1","4G":"1","F2":"1","4F":"1","C2":"1","4H":"1","F3":"1"},"RM":{"XP":"1","9X":"1","9W":"1","M7":"1","CX":"1","FX":"1","CW":"1"},"69":{"C5":"1","46":"1","82":"1","93":"1","4H":"1","48":"1","G7":"1","44":"1","3G":"1","F4":"1","C7":"1","F7":"1","3J":"1","G5":"1","88":"1","35":"1","3H":"1","F3":"1","C3":"1","G6":"1","38":"1","34":"1","37":"1","24":"1","59":"1","57":"1","94":"1","96":"1","95":"1","26":"1","32":"1","25":"1","36":"1","F6":"1","67":"1","89":"1","92":"1","86":"1","33":"1","C6":"1","84":"1","43":"1","47":"1","39":"1","45":"1","5G":"1","4G":"1","3F":"1","C4":"1","22":"1","4J":"1","F5":"1","58":"1","4F":"1","83":"1","85":"1","68":"1"},"MC":{"XR":"1","WJ":"1"},"68":{"8X":"1","2X":"1","3X":"1"},"Q6":{"29":"1","2C":"1","2F":"1"},"J9":{"RM":"1","QP":"1","PM":"1","VR":"1","RP":"1","RV":"1","VV":"1","QJ":"1","QV":"1","QR":"1","QM":"1","RQ":"1","QQ":"1","VP":"1","PJ":"1","RR":"1","PQ":"1","PP":"1","VQ":"1","VM":"1"},"VM":{"4P":"1","5Q":"1","4Q":"1","5P":"1"}},"MV":{"3F":{"7V":"1","7W":"1"},"8X":{"7R":"1","3Q":"1","7P":"1","4R":"1","4P":"1","5P":"1","4Q":"1","6Q":"1","7Q":"1","5Q":"1","3R":"1","3J":"1","4V":"1","5R":"1","6R":"1"},"2Q":{"XQ":"1"},"73":{"78":"1","C5":"1","8R":"1","5F":"1","6R":"1","C6":"1","8Q":"1","52":"1","C7":"1","26":"1","6X":"1","58":"1","64":"1","7W":"1","59":"1","7X":"1","25":"1","69":"1","6W":"1","7R":"1","72":"1","68":"1","88":"1","CH":"1","62":"1"},"C3":{"22":"1"},"2F":{"QW":"1","QV":"1"},"65":{"M8":"1","P8":"1","M7":"1","P6":"1","P7":"1","M6":"1"},"92":{"36":"1","37":"1"},"3M":{"RM":"1","VH":"1","RH":"1"},"6H":{"8W":"1"},"2R":{"X9":"1","X8":"1","W9":"1","W8":"1"},"C7":{"FC":"1","F9":"1"},"4H":{"8P":"1","9P":"1","8M":"1"},"5G":{"J6":"1","MC":"1","H5":"1","H6":"1","J7":"1","H7":"1"},"2H":{"MP":"1","PJ":"1"},"6X":{"8J":"1","CJ":"1"},"7J":{"RX":"1","RW":"1","RV":"1"},"63":{"X5":"1"},"64":{"MW":"1","PW":"1","MV":"1"},"3G":{"62":"1","CF":"1","63":"1","CC":"1"},"7P":{"RV":"1"},"7G":{"94":"1"},"5H":{"FQ":"1"},"67":{"FG":"1","FF":"1","CF":"1","CG":"1"},"82":{"HH":"1","MJ":"1","7F":"1","MM":"1","HP":"1","GJ":"1","PG":"1","HG":"1","PF":"1","QF":"1","QG":"1","MG":"1","HR":"1","52":"1","JM":"1","5G":"1","7C":"1","JQ":"1","GH":"1","JR":"1","F8":"1","HJ":"1","JH":"1","4F":"1","PC":"1","HQ":"1","4G":"1","GQ":"1","8F":"1","QC":"1","8C":"1","23":"1","GM":"1","MP":"1","MH":"1","HM":"1","JP":"1","JJ":"1","GP":"1","JG":"1"},"9F":{"6R":"1","5R":"1"},"56":{"6C":"1","5C":"1"},"7R":{"JH":"1"},"72":{"MM":"1","CQ":"1","FW":"1","7X":"1","FV":"1","CW":"1","CP":"1","FQ":"1","MP":"1","GV":"1","CR":"1","FR":"1","JP":"1","CV":"1","8V":"1","HP":"1","X3":"1","GR":"1","6X":"1"},"93":{"X2":"1"},"88":{"89":"1","68":"1","99":"1","9C":"1","CC":"1","79":"1","8C":"1","78":"1"},"74":{"64":"1","WM":"1","63":"1"}},"GH":{"GF":{"R5":"1","Q5":"1"},"FG":{"3Q":"1","2Q":"1","2P":"1"},"J9":{"P8":"1","P9":"1","V8":"1","V9":"1"},"RG":{"QC":"1"},"RJ":{"X6":"1"},"J7":{"PF":"1","QC":"1","QF":"1","PC":"1"},"6G":{"5W":"1","7X":"1","5X":"1","8P":"1","3W":"1","8Q":"1","7W":"1","4W":"1","7Q":"1","8R":"1","7V":"1","6W":"1","4X":"1","6V":"1","6X":"1"},"6H":{"4V":"1","4H":"1","48":"1","7Q":"1","3J":"1","7V":"1","3H":"1","CJ":"1","38":"1","37":"1","42":"1","5H":"1","57":"1","4C":"1","CM":"1","6F":"1","9M":"1","3M":"1","49":"1","73":"1","5C":"1","2H":"1","72":"1","9R":"1","47":"1","9J":"1","5P":"1","4W":"1","5G":"1","4G":"1","6G":"1","8R":"1","5F":"1","58":"1","5J":"1","62":"1","5Q":"1","4F":"1","7P":"1","4M":"1","52":"1","7R":"1","2J":"1"},"55":{"44":"1"},"VJ":{"26":"1"},"HH":{"F4":"1","F3":"1"},"PG":{"39":"1","38":"1"},"J8":{"JV":"1","FR":"1","HV":"1","JW":"1","PQ":"1","HR":"1","PR":"1","GV":"1","JQ":"1","GX":"1","JR":"1","GW":"1","MR":"1","CV":"1","FV":"1","GR":"1","HQ":"1","MV":"1","GQ":"1","HW":"1","FQ":"1","JX":"1","CR":"1","MQ":"1","PV":"1"},"5H":{"MM":"1","GP":"1","PM":"1","VR":"1","MQ":"1","RP":"1","RJ":"1","MP":"1","QJ":"1","RQ":"1","VP":"1","PJ":"1","RR":"1","PQ":"1","PP":"1","VQ":"1"},"VG":{"6F":"1","6C":"1"},"F7":{"HW":"1","GW":"1","HR":"1","GX":"1","GV":"1","HX":"1","JW":"1","JV":"1","HV":"1"},"5G":{"XQ":"1","WQ":"1"},"4G":{"RJ":"1","QJ":"1","VJ":"1","QH":"1","RG":"1","RH":"1"}},"8V":{"Q9":{"6R":"1","7F":"1","7R":"1","7M":"1"},"RJ":{"H2":"1"},"Q5":{"CR":"1","CV":"1"},"RC":{"57":"1","89":"1","68":"1","F7":"1","CF":"1","F8":"1","46":"1","88":"1","56":"1","58":"1","9F":"1"},"R9":{"25":"1"},"QC":{"X7":"1","W7":"1"},"RG":{"QW":"1","PP":"1","QX":"1","WX":"1","QM":"1"},"RH":{"GW":"1","JQ":"1","W2":"1","HW":"1","GV":"1","HR":"1","MX":"1","JV":"1","HQ":"1","JR":"1","JW":"1","HV":"1","HX":"1","JX":"1"}},"4P":{"X8":{"28":"1","27":"1"},"W9":{"R2":"1"},"W8":{"HJ":"1","VC":"1","RF":"1","JC":"1","X7":"1","GM":"1","RV":"1","VF":"1","GJ":"1","MF":"1","MC":"1","QV":"1","RC":"1","X8":"1","JF":"1","RR":"1"},"J3":{"XQ":"1","XR":"1"}}}}