{"index":{"university,1|retail,2|tourism,3|wreck,4|historical,5|artsCulture,6|namedBuilding,7|water,8|wetland,9|park,10|beach,11|natureReserve,12|cemetery,13|trail,14":{}},"8J":{"F8":{"XF":{"7F":"1","8F":"1","7X":"1","6X":"1","7G":"1","8G":"1"},"95":{"7Q":"1","8P":"1","8Q":"1"},"MM":{"QX":"1","PX":"1"},"JW":{"JQ":"1","MV":"1","P9":"1","PC":"1","R9":"1","MQ":"1","MR":"1","M8":"1","RC":"1","Q9":"1","QC":"1","M9":"1","JR":"1"},"XR":{"QP":"1","RX":"1","RW":"1","VX":"1","RP":"1","VW":"1","RM":"1","QM":"1"},"65":{"M4":"1","P5":"1","P6":"1","M5":"1","M6":"1"},"XG":{"73":"1","62":"1","54":"1","63":"1","72":"1"},"MX":{"HH":"1","MM":"1","C9":"1","GF":"1","28":"1","9C":"1","JM":"1","C7":"1","26":"1","6X":"1","F9":"1","HJ":"1","F8":"1","27":"1","5X":"1","25":"1","99":"1","37":"1","FF":"1","C8":"1","8C":"1","MP":"1","JP":"1","JJ":"1","98":"1","4C":"1","PM":"1"},"4Q":{"F8":"1","G8":"1"},"2R":{"XP":"1","X8":"1","WM":"1","VJ":"1","X7":"1","WJ":"1","VM":"1"},"WV":{"HF":"1","GC":"1","HC":"1","GF":"1"},"3W":{"GQ":"1","HQ":"1","HR":"1","GR":"1"},"W8":{"C6":"1","F6":"1"},"RW":{"8X":"1","7W":"1","8W":"1"},"2H":{"F7":"1","C6":"1","F6":"1","C7":"1"},"6X":{"2W":"1","2V":"1"},"WM":{"92":"1","C2":"1"},"5X":{"XW":"1","XV":"1"},"3V":{"62":"1","53":"1","52":"1","H4":"1","H3":"1","63":"1"},"W7":{"89":"1","3V":"1","88":"1","3R":"1","79":"1","78":"1"},"CC":{"G6":"1","G5":"1"},"77":{"4W":"1","5X":"1","5W":"1","4X":"1"},"MV":{"4P":"1","45":"1","3Q":"1","53":"1","44":"1","4Q":"1","54":"1","43":"1","35":"1","34":"1","C2":"1","3P":"1"},"WH":{"PJ":"1"},"W9":{"PW":"1","QW":"1","PV":"1"},"MP":{"P2":"1","Q2":"1","Q3":"1"},"WJ":{"9X":"1","6H":"1","CX":"1","5G":"1","6G":"1"},"57":{"2R":"1","2Q":"1"},"JX":{"G6":"1","G5":"1","W7":"1","H6":"1","W6":"1","V6":"1","X7":"1","W4":"1","H5":"1","V5":"1","V4":"1","V7":"1","X8":"1","W5":"1"},"3R":{"7G":"1"},"2X":{"Q4":"1","Q3":"1","Q5":"1","P5":"1","P4":"1","P3":"1"},"47":{"XQ":"1","XR":"1"},"VP":{"FQ":"1","CQ":"1","FR":"1","CR":"1","CV":"1"},"MW":{"4V":"1","G7":"1","M8":"1","44":"1","F4":"1","H5":"1","FF":"1","5W":"1","7V":"1","G5":"1","J9":"1","35":"1","F3":"1","C3":"1","G6":"1","34":"1","8C":"1","H7":"1","36":"1","5M":"1","5R":"1","FR":"1","CC":"1","89":"1","4R":"1","6M":"1","5V":"1","6P":"1","GQ":"1","FQ":"1","P3":"1","5P":"1","J8":"1","45":"1","GR":"1","H6":"1","H4":"1","G4":"1","99":"1","C4":"1","2W":"1","M9":"1","5J":"1","6J":"1","CF":"1"},"PM":{"83":"1","75":"1","74":"1","85":"1","84":"1"}},"2Q":{"VW":{"J6":"1","H9":"1","H6":"1","J7":"1","HC":"1","H7":"1"},"WV":{"57":"1","56":"1","24":"1"},"W5":{"83":"1","92":"1","82":"1","93":"1"},"8H":{"4C":"1"},"MJ":{"62":"1","H5":"1","J5":"1","72":"1"},"M2":{"4P":"1","2J":"1"},"9G":{"FR":"1","MM":"1","PC":"1"},"7W":{"3V":"1","2W":"1","4W":"1","2V":"1","4V":"1","3W":"1","2F":"1"},"R7":{"7H":"1"},"R3":{"MM":"1","GP":"1","Q2":"1","GM":"1","P3":"1","HM":"1","JP":"1","HP":"1","JM":"1","P2":"1"},"76":{"FM":"1"},"MV":{"94":"1","93":"1","95":"1"},"86":{"7P":"1","8P":"1","5P":"1","6Q":"1","8Q":"1","7Q":"1","6P":"1","5Q":"1"},"VV":{"36":"1","XV":"1","95":"1","C5":"1","G7":"1","XW":"1","65":"1","7M":"1","WV":"1","55":"1","WW":"1","F8":"1","C4":"1","66":"1","G5":"1","F7":"1","G6":"1","76":"1","45":"1","67":"1","37":"1","46":"1","75":"1","56":"1","G8":"1","57":"1","94":"1","47":"1"},"6W":{"XF":"1","XC":"1"},"VQ":{"XQ":"1","84":"1","VX":"1","XV":"1","XX":"1","95":"1","WX":"1","XR":"1","RX":"1","85":"1","XW":"1","WW":"1","C5":"1","C4":"1","94":"1"},"RH":{"H2":"1","FF":"1","G3":"1","H3":"1"},"QF":{"FG":"1","HG":"1","HH":"1","GG":"1","HJ":"1","GJ":"1","FH":"1","GH":"1"},"QW":{"F4":"1"},"9H":{"F8":"1"},"R4":{"H9":"1","G9":"1","G8":"1"},"6M":{"7R":"1","FW":"1","9V":"1","7X":"1","FX":"1","8X":"1","CW":"1","9W":"1","6Q":"1","8Q":"1","7W":"1","9X":"1","7Q":"1","8R":"1","7V":"1","6W":"1","CV":"1","8V":"1","CX":"1","8W":"1","9R":"1","6R":"1","6V":"1","6X":"1"},"P5":{"RJ":"1","VJ":"1"},"QM":{"C3":"1","F2":"1","G2":"1","G3":"1","C2":"1","F3":"1"},"VP":{"8V":"1","9W":"1","9V":"1","8W":"1"},"63":{"86":"1","F4":"1","84":"1","F5":"1","95":"1","C6":"1","96":"1","85":"1","C5":"1","C4":"1","94":"1"},"6P":{"72":"1","86":"1","73":"1","62":"1","84":"1","F3":"1","93":"1","83":"1","82":"1","92":"1","F2":"1","95":"1","C3":"1","C2":"1","96":"1","85":"1","C5":"1","C4":"1","94":"1"},"WG":{"J6":"1","J4":"1","J5":"1"},"WQ":{"2M":"1","4X":"1","2V":"1","2P":"1","2Q":"1","4J":"1","4P":"1","4M":"1","5J":"1","3X":"1","6M":"1","7M":"1","6R":"1","3M":"1","6G":"1","5V":"1","6P":"1","6H":"1","4Q":"1","4R":"1","2R":"1","3J":"1","3W":"1","4H":"1","7J":"1","6J":"1","5W":"1","6Q":"1","4V":"1","2J":"1","7P":"1","2W":"1","5X":"1","3V":"1","5P":"1","5Q":"1","7G":"1","5H":"1","7H":"1","4W":"1","6V":"1","7Q":"1","3Q":"1","3P":"1","5R":"1","3R":"1","2X":"1","5M":"1"},"R8":{"9W":"1"},"QQ":{"98":"1","77":"1","5J":"1","5M":"1","87":"1","6M":"1","4M":"1","6J":"1"},"WR":{"36":"1","34":"1","49":"1","43":"1","3C":"1","5J":"1","65":"1","5F":"1","38":"1","39":"1","5C":"1","6G":"1","5V":"1","6H":"1","35":"1","4R":"1","28":"1","55":"1","6F":"1","5G":"1","26":"1","58":"1","24":"1","7J":"1","6J":"1","64":"1","5W":"1","48":"1","4V":"1","33":"1","59":"1","27":"1","66":"1","54":"1","25":"1","42":"1","5H":"1","7H":"1","29":"1","45":"1","67":"1","2C":"1","4W":"1","44":"1","37":"1","46":"1","69":"1","56":"1","23":"1","57":"1","22":"1","9X":"1","68":"1","3R":"1","47":"1","32":"1","5M":"1","4C":"1"},"W6":{"WQ":"1","WR":"1"},"Q8":{"FM":"1","9M":"1","8P":"1","9P":"1","FJ":"1","8M":"1"},"JH":{"9M":"1","CM":"1","CJ":"1","9J":"1"},"R5":{"9X":"1","9W":"1","CX":"1","CW":"1","CC":"1"},"VR":{"X9":"1","W8":"1","X5":"1","W7":"1","W2":"1","W6":"1","R2":"1","W9":"1","V6":"1","X7":"1","X6":"1","W4":"1","X4":"1","W3":"1","V3":"1","MX":"1","V5":"1","V4":"1","X2":"1","X8":"1","W5":"1","X3":"1","V2":"1"},"P8":{"HR":"1","MR":"1","MQ":"1","JR":"1","JQ":"1"},"R9":{"75":"1"}},"CG":{"42":{"3C":"1"}},"H3":{"83":{"H9":"1","G9":"1","GC":"1","HC":"1"},"68":{"94":"1","F2":"1","85":"1","95":"1","C2":"1"},"H2":{"32":"1"},"67":{"CX":"1","FX":"1"},"V6":{"P8":"1"},"F3":{"M4":"1","J2":"1","J4":"1","M2":"1","J3":"1","M3":"1"}},"92":{"9G":{"G6":"1","F6":"1","G5":"1","F5":"1"}},"37":{"JP":{"Q2":"1","P2":"1","M2":"1","R2":"1"},"JM":{"PR":"1","MV":"1","7P":"1","8P":"1","PX":"1","RV":"1","MR":"1","8Q":"1","MX":"1","7Q":"1","MW":"1","QV":"1","RX":"1","QW":"1","QX":"1","VW":"1","JW":"1","RW":"1","PV":"1","PW":"1","JX":"1"}},"6G":{"FC":{"6R":"1","6V":"1"},"CF":{"Q2":"1","P2":"1","F6":"1","M5":"1","J5":"1"},"F9":{"H7":"1","FC":"1","H9":"1","GC":"1","G9":"1","F9":"1","H8":"1","C9":"1","F8":"1","G8":"1","C8":"1","CC":"1","G7":"1","F7":"1"},"9C":{"WM":"1","VJ":"1","WJ":"1","VM":"1"},"CC":{"PR":"1","FM":"1","JJ":"1","PX":"1","VF":"1","QR":"1","QQ":"1","QX":"1","PQ":"1","JM":"1"}},"HG":{"23":{"8G":"1","8F":"1","45":"1","9V":"1","59":"1","9W":"1","4C":"1","WM":"1","7H":"1","WJ":"1","7G":"1","55":"1","7F":"1","8R":"1","44":"1","VJ":"1","49":"1","VP":"1","8V":"1","8H":"1","8W":"1","5C":"1","6V":"1","VM":"1"},"H4":{"P6":"1","M6":"1"}},"J2":{"43":{"4H":"1","7C":"1","69":"1","3H":"1","79":"1","78":"1","3G":"1","6C":"1","4G":"1"},"63":{"6R":"1","8V":"1","7V":"1","6V":"1","7R":"1","8R":"1"},"33":{"WM":"1","XJ":"1","XM":"1"}},"6H":{"2H":{"9H":"1","7F":"1","52":"1","6F":"1","CH":"1","43":"1","7C":"1","6C":"1","9G":"1","42":"1"},"GW":{"55":"1"},"6H":{"97":"1"},"WM":{"8J":"1"},"RR":{"QH":"1","QG":"1","RG":"1","RH":"1"},"JX":{"54":"1"},"FW":{"55":"1"},"3H":{"59":"1","38":"1","47":"1","48":"1","58":"1","49":"1","39":"1","37":"1","5C":"1"},"2J":{"WR":"1"},"2G":{"22":"1","7P":"1","8P":"1","7M":"1","8Q":"1","3H":"1","7Q":"1","33":"1","2J":"1","2M":"1","6M":"1","23":"1","4X":"1","3J":"1","QH":"1"},"3X":{"4Q":"1","6X":"1"},"5C":{"43":"1","45":"1","22":"1","54":"1","24":"1","26":"1","56":"1","25":"1","47":"1","42":"1","55":"1","46":"1","27":"1","33":"1","44":"1","35":"1","53":"1","32":"1","34":"1","23":"1","52":"1","37":"1","36":"1"},"49":{"XW":"1","XV":"1","XR":"1","WR":"1","XX":"1","WV":"1"},"4C":{"X2":"1"},"V4":{"5R":"1"},"59":{"5W":"1","3V":"1","5X":"1","4R":"1","3W":"1","2V":"1","4W":"1","2X":"1","3X":"1","3R":"1","2W":"1","2R":"1","4X":"1","4V":"1"},"2F":{"2M":"1","3F":"1","9G":"1","CG":"1","2P":"1","9J":"1","2Q":"1","8P":"1","4J":"1","9M":"1","4P":"1","2F":"1","4M":"1","5J":"1","8R":"1","9H":"1","5F":"1","6M":"1","7M":"1","6R":"1","3M":"1","6G":"1","6P":"1","6H":"1","4Q":"1","FH":"1","4R":"1","2R":"1","8Q":"1","3J":"1","6F":"1","4H":"1","CQ":"1","5G":"1","2H":"1","FM":"1","7J":"1","6J":"1","8J":"1","6Q":"1","2J":"1","3G":"1","FG":"1","7P":"1","2G":"1","CM":"1","FJ":"1","3H":"1","9R":"1","4F":"1","5P":"1","8H":"1","8G":"1","5Q":"1","9P":"1","CJ":"1","5H":"1","4G":"1","7H":"1","9Q":"1","7Q":"1","7R":"1","3Q":"1","FQ":"1","3P":"1","5R":"1","FP":"1","CP":"1","3R":"1","2X":"1","8M":"1","CH":"1","5M":"1"},"8C":{"F2":"1","G2":"1"}},"93":{"JV":{"2G":"1","2F":"1"},"HV":{"VC":"1","XG":"1","WF":"1","XF":"1","VF":"1"}},"V9":{"RP":{"37":"1","38":"1","46":"1"}},"62":{"QQ":{"5X":"1","5W":"1"},"PQ":{"MW":"1","MX":"1","PW":"1","MV":"1"}},"F7":{"4C":{"HQ":"1","JP":"1","JQ":"1"},"7M":{"XW":"1","XX":"1"},"5P":{"FW":"1","FR":"1","FV":"1"},"XP":{"9R":"1","CR":"1"},"75":{"7F":"1","F2":"1","H2":"1","6F":"1","G2":"1","G3":"1","6G":"1"},"3H":{"6H":"1","6J":"1","5H":"1","6M":"1","5M":"1","5J":"1"},"2P":{"H9":"1","JC":"1","HC":"1"},"XR":{"GW":"1","GV":"1","FW":"1","FV":"1"},"74":{"GX":"1","FX":"1"},"23":{"JP":"1","HM":"1","HP":"1","JM":"1"},"2C":{"XW":"1","XV":"1","XR":"1","WR":"1","WV":"1"},"XW":{"7C":"1","79":"1"},"WW":{"M5":"1","J5":"1"},"8M":{"2W":"1","2X":"1"}},"CR":{"X5":{"64":"1","45":"1","53":"1","44":"1","54":"1","43":"1","55":"1"}},"5P":{"XQ":{"XR":"1","WR":"1"},"PR":{"6Q":"1","6R":"1","7Q":"1","7R":"1"},"99":{"W3":"1","W2":"1","V3":"1","V2":"1"},"98":{"WR":"1","WQ":"1","VR":"1","VX":"1","RV":"1","VV":"1","XX":"1","WV":"1","WX":"1","RQ":"1","RX":"1","VW":"1","RR":"1","RW":"1","XW":"1","WW":"1","VQ":"1"}},"7H":{"RQ":{"PM":"1"},"VQ":{"5R":"1","PX":"1"},"GP":{"3M":"1"},"WR":{"87":"1"}},"3R":{"43":{"X6":"1","X7":"1"},"GW":{"J4":"1","G5":"1"},"Q6":{"MG":"1"},"Q5":{"WM":"1"},"GV":{"4P":"1","7H":"1","5P":"1","4M":"1","8H":"1","5M":"1","PX":"1"},"V5":{"3R":"1"},"PG":{"4F":"1","4H":"1","5F":"1","2G":"1","29":"1","3F":"1","7H":"1","7G":"1","3C":"1","6G":"1","6H":"1","3H":"1","6F":"1","5H":"1","39":"1","3G":"1","2C":"1","5C":"1","2F":"1","5G":"1","4G":"1"},"53":{"26":"1","27":"1"},"QX":{"HW":"1","FM":"1","MW":"1","CM":"1","JX":"1","MX":"1","JW":"1","GP":"1","FP":"1","CJ":"1","JV":"1","CP":"1","GM":"1","HV":"1"},"JR":{"JJ":"1","MJ":"1"},"HV":{"68":"1","78":"1"},"PW":{"4P":"1","4Q":"1","4M":"1","3P":"1"}},"3Q":{"99":{"FQ":"1","FM":"1","CM":"1","FP":"1","CP":"1"},"FX":{"J5":"1"},"WR":{"XX":"1","WX":"1"},"HG":{"RR":"1","VV":"1","VR":"1","RV":"1"},"7P":{"43":"1","45":"1","22":"1","54":"1","24":"1","65":"1","64":"1","56":"1","42":"1","55":"1","46":"1","33":"1","44":"1","53":"1","32":"1","34":"1","23":"1","36":"1"},"65":{"8X":"1"},"7M":{"2X":"1","3X":"1"},"6Q":{"MC":"1","C4":"1","JC":"1","96":"1","C5":"1"},"XV":{"32":"1","33":"1"},"GV":{"PP":"1"},"GJ":{"VR":"1"},"9F":{"43":"1","24":"1","26":"1","25":"1","42":"1","27":"1","33":"1","35":"1","32":"1","34":"1","37":"1","36":"1"},"8Q":{"CQ":"1","XV":"1","WV":"1"},"CJ":{"C9":"1","FC":"1","C8":"1","CF":"1","F8":"1","F9":"1","9C":"1","CC":"1","9F":"1"},"9H":{"25":"1"},"WV":{"X2":"1","W2":"1"},"C9":{"XQ":"1","WQ":"1"},"WG":{"73":"1"},"CG":{"2M":"1","2P":"1"},"6P":{"W2":"1","W4":"1","X4":"1","W3":"1","VV":"1","X2":"1","VW":"1","X3":"1"},"9G":{"RM":"1","WP":"1","XQ":"1","WR":"1","XJ":"1","WQ":"1","VR":"1","WM":"1","XP":"1","WJ":"1","RP":"1","XH":"1","XM":"1","VJ":"1","RQ":"1","VP":"1","VQ":"1","VM":"1"},"9C":{"3X":"1"},"8H":{"X5":"1","W4":"1","X4":"1","W3":"1","V5":"1","V4":"1","W5":"1","Q8":"1"},"6M":{"XX":"1","WX":"1"}},"CV":{"M8":{"G4":"1","H4":"1","G3":"1","H3":"1"},"FF":{"68":"1","69":"1","59":"1","58":"1"}},"52":{"J2":{"38":"1"}},"G9":{"8F":{"HH":"1","HJ":"1","GJ":"1","GH":"1"},"4R":{"XF":"1","WR":"1","P9":"1","JV":"1","M8":"1","H9":"1","P6":"1","VQ":"1","RC":"1","HV":"1","HP":"1","X9":"1","HG":"1","G9":"1","GC":"1","XG":"1","Q9":"1","MG":"1","HR":"1","JM":"1","W8":"1","JQ":"1","M9":"1","GH":"1","M6":"1","JR":"1","X7":"1","VR":"1","JH":"1","HC":"1","P7":"1","PC":"1","GG":"1","HQ":"1","H8":"1","X8":"1","QC":"1","R9":"1","W9":"1","XC":"1","G8":"1","WQ":"1","MH":"1","HM":"1","JP":"1","GP":"1","P8":"1","JG":"1","M7":"1"},"4P":{"XX":"1"},"5P":{"2X":"1"},"4Q":{"X2":"1"},"2H":{"PG":"1","MF":"1","PF":"1","MG":"1"},"FQ":{"GP":"1","GM":"1"},"4W":{"M4":"1","P4":"1","P3":"1","M3":"1"},"68":{"7J":"1","6J":"1","7M":"1"},"2J":{"73":"1","74":"1","84":"1","63":"1"},"5Q":{"22":"1"},"5V":{"XW":"1","XV":"1","XR":"1"},"4V":{"R5":"1","37":"1","85":"1","R4":"1","V4":"1","V5":"1"},"5R":{"28":"1","29":"1","2C":"1","2G":"1","27":"1","2F":"1","8C":"1"},"C5":{"FC":"1","GC":"1","FF":"1","F9":"1"},"6V":{"2V":"1"}},"FG":{"28":{"3G":"1"}},"8M":{"F7":{"PC":"1"}},"C7":{"W7":{"HJ":"1","HG":"1","GG":"1","GH":"1","GJ":"1","FH":"1","HH":"1"},"FM":{"W5":"1","W4":"1"},"XG":{"MP":"1","PM":"1","MM":"1","MJ":"1"},"V6":{"C9":"1","C8":"1","99":"1","98":"1"},"VR":{"R5":"1","Q6":"1","36":"1","R6":"1","6H":"1","45":"1","Q5":"1","H5":"1","6J":"1","J4":"1","H4":"1","35":"1","J3":"1","46":"1"},"R9":{"WP":"1","VP":"1","WM":"1","VJ":"1","WJ":"1","VM":"1"},"RP":{"HJ":"1","HG":"1","GG":"1","GH":"1","G9":"1","V3":"1","GJ":"1","F9":"1","R4":"1","R3":"1","F8":"1","G8":"1","V5":"1","V4":"1","HH":"1","R5":"1"},"P5":{"3M":"1","3J":"1","4J":"1","4M":"1"},"WC":{"HG":"1","HH":"1","JH":"1"},"R7":{"FG":"1","FF":"1","GG":"1","GF":"1"},"FJ":{"RW":"1","VV":"1","RV":"1","VW":"1"},"VJ":{"PQ":"1","MR":"1","PR":"1","MQ":"1"},"JP":{"X2":"1","W2":"1"},"RQ":{"MW":"1","8F":"1","JX":"1","JW":"1","JV":"1","MV":"1","9F":"1"},"QQ":{"7C":"1","79":"1","8C":"1"},"8H":{"43":"1","42":"1"},"VW":{"7V":"1","7W":"1"},"RR":{"M7":"1","Q6":"1","P8":"1","J4":"1","M6":"1","Q5":"1","P5":"1","M5":"1","R6":"1","R5":"1","P7":"1","P6":"1","J5":"1"},"JM":{"XX":"1","WX":"1"},"PP":{"W7":"1","W6":"1"},"VQ":{"4W":"1","6X":"1","4V":"1"}},"5M":{"78":{"64":"1","62":"1","53":"1","52":"1","54":"1","63":"1"},"H4":{"64":"1","74":"1"},"2M":{"38":"1","47":"1","28":"1","48":"1","46":"1","27":"1","37":"1","36":"1"},"G4":{"HM":"1","HJ":"1","JJ":"1"},"XH":{"9H":"1"},"J6":{"W3":"1","V3":"1"},"M4":{"GQ":"1","QR":"1","HQ":"1","HR":"1","HP":"1","FW":"1","CX":"1","FX":"1","CW":"1","GR":"1"},"Q4":{"2M":"1","2W":"1","2R":"1","2V":"1","2X":"1","2Q":"1","2P":"1"},"VQ":{"75":"1","74":"1","84":"1"},"F6":{"V2":"1"},"3C":{"WR":"1","VR":"1","XV":"1","VV":"1","XX":"1","WV":"1","WX":"1","VW":"1","XW":"1","WW":"1"},"4P":{"56":"1","XJ":"1","R9":"1","XV":"1","XH":"1","XX":"1","RC":"1","XW":"1"},"J2":{"W2":"1","R2":"1","65":"1","PX":"1","Q2":"1","W3":"1","66":"1","V3":"1","55":"1","R3":"1","X2":"1","QX":"1","PW":"1","V2":"1"},"4M":{"9R":"1","CQ":"1","8P":"1","9P":"1","8Q":"1","9V":"1","CR":"1","9Q":"1","CV":"1","8R":"1"},"H3":{"6C":"1","M4":"1","X4":"1","95":"1","P6":"1","G7":"1","R8":"1","86":"1","G9":"1","5C":"1","84":"1","C7":"1","6F":"1","R7":"1","Q7":"1","H6":"1","M3":"1","59":"1","P7":"1","G5":"1","85":"1","H7":"1","G6":"1","76":"1","W4":"1","J7":"1","69":"1","75":"1","96":"1","Q8":"1","H5":"1","94":"1","Q6":"1","X5":"1","P8":"1","74":"1"},"P3":{"CQ":"1","86":"1","FM":"1","4H":"1","9W":"1","4P":"1","CP":"1","93":"1","83":"1","HR":"1","9Q":"1","8Q":"1","82":"1","55":"1","3H":"1","92":"1","8R":"1","CV":"1","6M":"1","JR":"1","78":"1","F7":"1"},"Q5":{"28":"1","29":"1","26":"1","23":"1","25":"1","22":"1","27":"1","24":"1"},"H6":{"CP":"1"},"M3":{"2M":"1","G4":"1","J6":"1","M4":"1","X4":"1","95":"1","C3":"1","92":"1","G9":"1","CF":"1","2H":"1","Q2":"1","M6":"1","F4":"1","2J":"1","C4":"1","CC":"1","J5":"1","J7":"1","82":"1","P5":"1","XC":"1","83":"1","94":"1","M5":"1","R4":"1","93":"1","74":"1"},"WC":{"6M":"1","78":"1","77":"1"},"XQ":{"PG":"1","H8":"1","J7":"1","J8":"1","PF":"1","QG":"1","QF":"1"},"G5":{"WP":"1","WM":"1","XP":"1","WJ":"1","XM":"1","9F":"1","CF":"1","9H":"1","CG":"1","VP":"1","9G":"1","VM":"1","CH":"1"},"5P":{"2H":"1","2W":"1","2V":"1","2J":"1","2X":"1"},"P2":{"8X":"1","8P":"1","7M":"1","5V":"1","6P":"1","CF":"1","4R":"1","8Q":"1","7C":"1","6Q":"1","FC":"1","4V":"1","7P":"1","CC":"1","5Q":"1","FF":"1","7Q":"1","7R":"1","3Q":"1","5R":"1","9X":"1","2X":"1"},"77":{"9V":"1","PH":"1","CR":"1","CV":"1"},"J5":{"X3":"1","X4":"1","W5":"1","W4":"1","X5":"1"},"M2":{"78":"1","6C":"1","3F":"1","9G":"1","CG":"1","8X":"1","49":"1","9J":"1","W6":"1","QH":"1","7F":"1","H9":"1","8P":"1","4J":"1","3C":"1","G7":"1","9M":"1","2F":"1","79":"1","4M":"1","5J":"1","9H":"1","38":"1","5F":"1","6M":"1","GC":"1","PQ":"1","5C":"1","W2":"1","7M":"1","6G":"1","GF":"1","CF":"1","6P":"1","6H":"1","FH":"1","QG":"1","9C":"1","6F":"1","4H":"1","5G":"1","7C":"1","58":"1","7J":"1","6J":"1","48":"1","8J":"1","6Q":"1","FC":"1","WM":"1","3G":"1","7P":"1","59":"1","CM":"1","FJ":"1","3H":"1","HC":"1","4F":"1","5P":"1","8H":"1","77":"1","H8":"1","8G":"1","5Q":"1","7G":"1","CJ":"1","4G":"1","5H":"1","7H":"1","8F":"1","FF":"1","F5":"1","89":"1","QP":"1","9F":"1","69":"1","PP":"1","7Q":"1","8C":"1","G8":"1","WJ":"1","QQ":"1","9X":"1","68":"1","J9":"1","47":"1","8M":"1","88":"1","CH":"1","5M":"1","4C":"1"},"F5":{"RX":"1","RW":"1","VX":"1","WX":"1","VW":"1","WW":"1"},"89":{"CX":"1","CW":"1"},"J4":{"J2":"1","H2":"1"},"96":{"VG":"1","QH":"1","RG":"1","VH":"1","RH":"1"},"P5":{"R5":"1","W6":"1","W3":"1","Q4":"1","X4":"1","P6":"1","R8":"1","X9":"1","R2":"1","V3":"1","V6":"1","W2":"1","R3":"1","W8":"1","V5":"1","R7":"1","Q5":"1","Q7":"1","V7":"1","X3":"1","X7":"1","W7":"1","P7":"1","V2":"1","Q3":"1","X6":"1","X2":"1","X8":"1","W4":"1","W9":"1","P5":"1","V8":"1","W5":"1","V4":"1","P4":"1","R4":"1","Q6":"1","X5":"1","R6":"1"},"J3":{"H4":"1","XH":"1","RH":"1","WR":"1","QH":"1","Q4":"1","VQ":"1","3C":"1","R8":"1","4M":"1","5J":"1","38":"1","JF":"1","39":"1","G9":"1","XM":"1","RG":"1","QF":"1","RF":"1","28":"1","QG":"1","R7":"1","PH":"1","M9":"1","V7":"1","WM":"1","3G":"1","XJ":"1","VR":"1","3H":"1","WP":"1","66":"1","XP":"1","5P":"1","VV":"1","29":"1","WH":"1","VJ":"1","67":"1","2C":"1","46":"1","56":"1","VH":"1","V8":"1","WJ":"1","57":"1","H5":"1","WQ":"1","MH":"1","68":"1","47":"1","VM":"1","5M":"1","V9":"1"},"M5":{"23":"1","25":"1","35":"1","34":"1","24":"1"},"P4":{"WP":"1","XQ":"1","WR":"1","WQ":"1","XJ":"1","VX":"1","WM":"1","WH":"1","XP":"1","WJ":"1","XV":"1","XM":"1","XX":"1","WV":"1","WX":"1","XR":"1","VW":"1","XW":"1","WW":"1"},"68":{"R8":"1"},"3R":{"WP":"1","XQ":"1","WR":"1","XJ":"1","WQ":"1","WM":"1","WH":"1","XP":"1","WJ":"1","RG":"1","RH":"1","XH":"1","XM":"1","VH":"1","VJ":"1","VP":"1","VG":"1","VM":"1"},"4C":{"M4":"1","2W":"1","J4":"1","2V":"1","2X":"1","J3":"1","M3":"1"},"V9":{"M7":"1","P9":"1","PC":"1","P8":"1","J7":"1","M8":"1","MC":"1","J8":"1","Q9":"1","QC":"1","P7":"1","M9":"1","Q8":"1"},"M7":{"4F":"1","45":"1","54":"1","29":"1","26":"1","56":"1","4C":"1","3F":"1","38":"1","47":"1","28":"1","48":"1","3C":"1","55":"1","46":"1","27":"1","44":"1","49":"1","39":"1","2C":"1","37":"1","36":"1"},"H2":{"RQ":"1","QP":"1","PM":"1","VP":"1","QJ":"1","RP":"1","XX":"1","RM":"1","PJ":"1","QM":"1"}},"9F":{"WR":{"85":"1"}},"47":{"JV":{"6Q":"1","6R":"1","7Q":"1","7V":"1","6V":"1","7R":"1"}},"GJ":{"VW":{"XG":"1","W2":"1","XF":"1","X5":"1"},"G8":{"9R":"1","9W":"1","9V":"1","CR":"1","CW":"1","CV":"1"},"HG":{"WG":"1","WH":"1","VG":"1","VH":"1"},"PM":{"RX":"1","VX":"1"},"V5":{"6Q":"1","7Q":"1","7P":"1","6P":"1"},"PP":{"9X":"1","JX":"1","HX":"1","JW":"1","R2":"1","V2":"1"},"V8":{"32":"1","52":"1","23":"1","43":"1","22":"1","34":"1","42":"1","33":"1"},"7J":{"73":"1"},"H5":{"R2":"1","V2":"1"},"J6":{"XG":"1","XF":"1","XJ":"1","CH":"1","CJ":"1","CG":"1","XH":"1"},"PQ":{"GF":"1","H9":"1","J9":"1","77":"1","JC":"1","GC":"1","HC":"1","66":"1","J2":"1","92":"1","HF":"1","H2":"1","67":"1"},"F8":{"VJ":"1"},"Q5":{"R9":"1","V8":"1","V9":"1","R8":"1"},"MG":{"JX":"1"},"MH":{"J2":"1","H2":"1","J3":"1","H3":"1"},"Q2":{"9M":"1","CM":"1","9P":"1","CP":"1"},"JP":{"57":"1","66":"1","56":"1","67":"1"},"HQ":{"7X":"1"},"VG":{"F4":"1"},"R7":{"9M":"1","CJ":"1","9J":"1"},"V4":{"2M":"1","2J":"1"},"JG":{"H8":"1","G7":"1","G8":"1","H7":"1"},"FR":{"WG":"1","PM":"1","WH":"1","QJ":"1","XF":"1","VJ":"1","VG":"1","QH":"1","PJ":"1","VH":"1","RH":"1"},"M7":{"36":"1","45":"1","35":"1","46":"1"},"W3":{"7X":"1","8X":"1","7W":"1","8W":"1"},"VV":{"WX":"1"},"RH":{"XX":"1"},"M3":{"H8":"1","6R":"1","5R":"1","J8":"1","6V":"1","5V":"1"},"R4":{"XJ":"1","XM":"1"},"PC":{"MW":"1","MX":"1"},"WX":{"GQ":"1","M8":"1","HR":"1","P9":"1","R7":"1","V8":"1","RV":"1","JR":"1","M9":"1","R8":"1","PC":"1"},"G3":{"Q9":"1","FM":"1","CM":"1","QC":"1","CP":"1"},"P4":{"32":"1","PM":"1","QJ":"1","23":"1","22":"1","PJ":"1","QM":"1","33":"1"},"P6":{"Q2":"1","Q3":"1","R3":"1","R2":"1"},"RP":{"2W":"1","2X":"1","3X":"1","3W":"1"},"P5":{"RX":"1","QX":"1","M5":"1","M6":"1"},"PR":{"QP":"1","RP":"1","RM":"1","QM":"1"},"R2":{"FW":"1","FR":"1","CR":"1","CW":"1","CV":"1","FV":"1"},"H8":{"6R":"1","6V":"1","5V":"1"},"W2":{"J6":"1","M5":"1","J5":"1"},"J5":{"7F":"1","8F":"1","7H":"1","8H":"1","7G":"1","8G":"1"},"P2":{"2X":"1"},"GX":{"57":"1"},"WW":{"28":"1","27":"1"},"WG":{"H7":"1","H9":"1","J9":"1","R2":"1","93":"1","Q2":"1","83":"1","82":"1","H8":"1","R3":"1","CR":"1","92":"1","Q3":"1","J8":"1"},"R8":{"7H":"1","7G":"1","2H":"1","6G":"1","6H":"1","2J":"1","PG":"1","PF":"1","6P":"1","6M":"1","6R":"1","6J":"1","6V":"1"},"74":{"76":"1","2M":"1","75":"1","7P":"1","3F":"1","2P":"1"},"GQ":{"GQ":"1","GW":"1","XX":"1"},"H2":{"P2":"1","P3":"1","M2":"1","M3":"1"},"P3":{"22":"1","J3":"1","H3":"1","J4":"1","J2":"1","G2":"1","G3":"1","H2":"1"},"GR":{"Q4":"1","Q3":"1","P4":"1","G4":"1","P3":"1","M3":"1"},"H6":{"3R":"1"},"H4":{"RX":"1","VX":"1"},"G4":{"C3":"1","92":"1","93":"1","C2":"1","R2":"1"},"RJ":{"X2":"1"},"W7":{"83":"1","73":"1","74":"1","84":"1"},"Q9":{"M7":"1","98":"1","M4":"1","89":"1","99":"1","RF":"1","63":"1","PC":"1","P8":"1","R9":"1","RG":"1","Q5":"1","P5":"1","RH":"1","Q4":"1","R7":"1","R4":"1","QG":"1","R3":"1","M8":"1","Q3":"1","RC":"1","R8":"1","P4":"1","PF":"1","Q7":"1","88":"1","Q9":"1","87":"1","QC":"1","P7":"1","V8":"1","QF":"1","Q8":"1"},"79":{"MC":"1"},"Q7":{"3V":"1","4R":"1","4V":"1","3R":"1"},"VJ":{"22":"1"},"JF":{"64":"1","73":"1","74":"1","63":"1"},"Q8":{"HH":"1","XH":"1","RC":"1","GJ":"1","8R":"1","8V":"1","RF":"1","5W":"1","GH":"1","4V":"1","HJ":"1","XJ":"1","FJ":"1","JH":"1","VF":"1","GQ":"1","4W":"1","GM":"1","MP":"1","FQ":"1","VC":"1","FP":"1","JJ":"1","GP":"1"},"M6":{"2H":"1","2J":"1","2G":"1","4X":"1","2F":"1"},"WF":{"H6":"1","G6":"1","H7":"1"},"V7":{"4W":"1","2X":"1","3X":"1","5X":"1","4X":"1"},"W4":{"48":"1","46":"1","47":"1"},"PV":{"6R":"1","6V":"1"},"P9":{"9R":"1","8V":"1","9V":"1","W5":"1","X5":"1","8R":"1"},"V3":{"H5":"1","J4":"1","H4":"1","J5":"1"},"F2":{"C3":"1","F2":"1","C4":"1","F4":"1","F3":"1"},"P8":{"QF":"1","WW":"1","RG":"1","RF":"1"},"QX":{"VX":"1"}},"MP":{"2P":{"G5":"1"}},"XM":{"Q4":{"8G":"1","8F":"1","9V":"1","PH":"1","CW":"1","9W":"1","7H":"1","9P":"1","8J":"1","7G":"1","9M":"1","9F":"1","CF":"1","9H":"1","CG":"1","CV":"1","PJ":"1","9G":"1","9C":"1","8H":"1","GX":"1","9J":"1","8C":"1","9R":"1","CH":"1"},"W3":{"3V":"1","3W":"1"},"Q3":{"RM":"1","M4":"1","H7":"1","H6":"1","WR":"1","WQ":"1","VR":"1","J4":"1","P5":"1","J7":"1","M5":"1","J6":"1","35":"1","P4":"1","M3":"1","P6":"1","J5":"1","VQ":"1"},"R3":{"8P":"1","8Q":"1","7C":"1","8H":"1","88":"1","7M":"1"},"R4":{"72":"1","63":"1","73":"1","62":"1","84":"1","93":"1","75":"1","82":"1","95":"1","C3":"1","85":"1","C5":"1","C4":"1","94":"1"}},"CC":{"83":{"Q6":"1","Q5":"1","P5":"1","P6":"1"},"GQ":{"G6":"1","G5":"1","H6":"1","G4":"1","J4":"1","75":"1","M5":"1","J2":"1","H5":"1","G2":"1","G3":"1","85":"1","J5":"1","H2":"1"},"HQ":{"9V":"1","RF":"1","7X":"1","PC":"1","H3":"1","PM":"1","WM":"1","F5":"1","RG":"1","RP":"1","HR":"1","GV":"1","QG":"1","7Q":"1","RC":"1","PF":"1","7V":"1","VP":"1","JV":"1","CV":"1","QC":"1","HQ":"1","8V":"1","QF":"1","PP":"1","8W":"1","VM":"1"},"94":{"85":"1","96":"1","86":"1"},"92":{"H8":"1","H9":"1","G9":"1","GC":"1","82":"1","HC":"1","J9":"1"},"HR":{"73":"1","3C":"1","29":"1","2C":"1","G2":"1","93":"1","96":"1","72":"1"},"HP":{"8V":"1","9M":"1","CM":"1","9P":"1","7V":"1","GJ":"1","7W":"1","CP":"1","GH":"1","8W":"1","9J":"1"},"F2":{"95":"1","96":"1","86":"1"},"G6":{"75":"1","CQ":"1","FR":"1","CP":"1","FV":"1"},"GP":{"7Q":"1","8P":"1","8Q":"1","7P":"1","MQ":"1","9Q":"1"},"93":{"9M":"1","CM":"1","CJ":"1","9J":"1"},"27":{"HW":"1","JX":"1","HX":"1","JW":"1"},"GR":{"JF":"1","MC":"1","JG":"1","MF":"1","JC":"1"},"JQ":{"7P":"1","5J":"1","4P":"1","5P":"1","6Q":"1","2P":"1","7Q":"1","6P":"1","5Q":"1"}},"WJ":{"7V":{"26":"1","27":"1"},"6V":{"X6":"1","X7":"1"}},"HM":{"23":{"85":"1","97":"1","87":"1","95":"1","96":"1","86":"1"}},"6J":{"VC":{"PR":"1"},"63":{"X2":"1","W2":"1"},"J3":{"H9":"1","JC":"1","HC":"1","J9":"1"},"62":{"XX":"1","WX":"1"},"64":{"F7":"1"},"66":{"VR":"1","VX":"1","RV":"1","VV":"1","WV":"1","WX":"1","RX":"1","VW":"1","RR":"1","RW":"1","WW":"1"},"J2":{"6C":"1"},"2M":{"Q9":"1","P9":"1","RC":"1","R9":"1","PF":"1","QC":"1","Q8":"1","QF":"1","PC":"1"},"FF":{"GQ":"1","HQ":"1","JP":"1","HM":"1","HP":"1","GP":"1","JM":"1","JJ":"1","JQ":"1"},"Q7":{"RQ":"1"},"Q9":{"45":"1","99":"1","86":"1","54":"1","24":"1","75":"1","M5":"1","55":"1","44":"1","96":"1","35":"1","23":"1","85":"1"},"53":{"23":"1"},"M3":{"98":"1","86":"1","84":"1","C6":"1","95":"1","C8":"1","96":"1","88":"1","87":"1","97":"1","C7":"1","85":"1","C5":"1","C4":"1","94":"1"},"3J":{"FR":"1","CW":"1","HV":"1","HX":"1","8R":"1","8Q":"1","FX":"1","HR":"1","CQ":"1","9V":"1","GV":"1","GX":"1","FW":"1","GW":"1","CV":"1","FV":"1","9R":"1","GR":"1","HQ":"1","HW":"1","GQ":"1","CX":"1","9Q":"1","9W":"1","FQ":"1","JX":"1","9X":"1","CR":"1"},"52":{"RQ":"1","QQ":"1","QP":"1","VP":"1","VQ":"1","RP":"1","RM":"1","QM":"1"},"XW":{"W4":"1"},"3M":{"J3":"1","H3":"1","G4":"1","F3":"1","J2":"1","G2":"1","F2":"1","C2":"1","G3":"1","H2":"1"},"67":{"V3":"1","V2":"1"}},"5J":{"HH":{"7J":"1","6H":"1","7H":"1","7G":"1"},"XV":{"QX":"1","PX":"1"},"XW":{"Q2":"1","P2":"1","Q3":"1","P3":"1"},"PQ":{"WP":"1","WQ":"1","VR":"1","WM":"1","XP":"1","RP":"1","RV":"1","XM":"1","RQ":"1","VP":"1","RR":"1","VQ":"1","VM":"1"},"MX":{"FW":"1","3V":"1","29":"1","3W":"1","2V":"1","2P":"1","2Q":"1","2X":"1","6W":"1","3R":"1","2W":"1","2R":"1","CX":"1"},"Q9":{"C9":"1","J2":"1","FC":"1","H2":"1","C6":"1","97":"1","M2":"1","J3":"1","H3":"1","F9":"1","95":"1","96":"1","C5":"1","CC":"1","M3":"1"},"F2":{"MP":"1","HQ":"1","JP":"1","HM":"1","HP":"1","JM":"1","MM":"1","JQ":"1"},"QR":{"9G":"1","CG":"1","7F":"1","79":"1","5F":"1","6G":"1","CF":"1","Q9":"1","6H":"1","9C":"1","6F":"1","5G":"1","7C":"1","CC":"1","8H":"1","8G":"1","7G":"1","99":"1","7H":"1","8F":"1","QC":"1","89":"1","9F":"1","8C":"1","Q8":"1"},"PR":{"H9":"1","G9":"1","GC":"1","C9":"1","CF":"1","GF":"1","F9":"1","FC":"1","F8":"1","FG":"1","HC":"1","CC":"1","GG":"1","H8":"1","FF":"1","C8":"1","J8":"1","G8":"1","J9":"1"},"GX":{"98":"1","89":"1","86":"1","54":"1","57":"1","77":"1","65":"1","64":"1","56":"1","84":"1","75":"1","66":"1","69":"1","68":"1","55":"1","95":"1","C8":"1","96":"1","76":"1","79":"1","88":"1","74":"1","87":"1","97":"1","78":"1","C7":"1","85":"1","67":"1"},"7P":{"6C":"1","3F":"1","9G":"1","CG":"1","9J":"1","7F":"1","8P":"1","4J":"1","9M":"1","GJ":"1","79":"1","4M":"1","5J":"1","8R":"1","9H":"1","5F":"1","6M":"1","5C":"1","7M":"1","6G":"1","GF":"1","CF":"1","6P":"1","6H":"1","FH":"1","8Q":"1","3J":"1","6F":"1","4H":"1","CQ":"1","5G":"1","9V":"1","FM":"1","7C":"1","7J":"1","6J":"1","8J":"1","GH":"1","6Q":"1","3G":"1","FG":"1","7P":"1","59":"1","CM":"1","FJ":"1","3H":"1","9R":"1","4F":"1","5P":"1","GG":"1","8H":"1","8G":"1","9P":"1","7G":"1","CJ":"1","4G":"1","5H":"1","7H":"1","8F":"1","FF":"1","9Q":"1","89":"1","9F":"1","69":"1","7Q":"1","8C":"1","GM":"1","FP":"1","CP":"1","8M":"1","CH":"1","CR":"1","5M":"1","4C":"1"},"MR":{"VF":"1"},"C2":{"JF":"1","MF":"1","W6":"1","V6":"1"},"RM":{"8G":"1","8F":"1","CM":"1","9F":"1","CJ":"1","CF":"1","9H":"1","CG":"1","9G":"1","9J":"1","8C":"1","CH":"1"},"R9":{"89":"1","97":"1","87":"1","99":"1","9C":"1","88":"1","98":"1","8C":"1"},"QP":{"FG":"1","QG":"1","C9":"1","FH":"1","CC":"1","CG":"1","QC":"1","QH":"1","CH":"1"},"Q8":{"JX":"1","HX":"1"},"JX":{"VW":"1","RR":"1","G8":"1","RQ":"1","C5":"1","WV":"1","VM":"1","XJ":"1","WH":"1","G7":"1","PP":"1","QR":"1","F4":"1","C7":"1","F7":"1","XQ":"1","F3":"1","C3":"1","7C":"1","PQ":"1","F8":"1","XV":"1","9C":"1","94":"1","XR":"1","8C":"1","96":"1","95":"1","XP":"1","VX":"1","F6":"1","89":"1","9F":"1","FG":"1","RV":"1","VV":"1","MR":"1","C6":"1","VQ":"1","WM":"1","PW":"1","QW":"1","84":"1","XM":"1","WP":"1","7X":"1","WX":"1","WJ":"1","MQ":"1","RP":"1","PR":"1","QM":"1","VP":"1","WW":"1","8F":"1","XX":"1","WQ":"1","RW":"1","RM":"1","QP":"1","QQ":"1","WR":"1","C4":"1","QV":"1","F5":"1","XW":"1","VJ":"1","6X":"1","PV":"1","VR":"1","RX":"1","85":"1","QX":"1"},"QQ":{"C6":"1","95":"1","96":"1","C5":"1"},"XX":{"HW":"1","GW":"1","HR":"1","GX":"1","GV":"1","HV":"1"}},"WM":{"QM":{"57":"1"}},"29":{"62":{"28":"1","8H":"1"},"4W":{"3H":"1","3J":"1"},"52":{"R5":"1","XC":"1"}},"WP":{"8X":{"8R":"1"}},"9H":{"WH":{"W5":"1","W6":"1"},"FG":{"RV":"1"},"FH":{"RM":"1","WR":"1","WQ":"1","VR":"1","RP":"1","RV":"1","VV":"1","R3":"1","WV":"1","QV":"1","QR":"1","RQ":"1","VP":"1","RR":"1","VQ":"1","VM":"1"}},"36":{"H9":{"H8":"1","M8":"1","J7":"1","J8":"1","M9":"1","J9":"1"}},"P7":{"VF":{"99":"1","G5":"1"},"RG":{"J7":"1","J8":"1","H7":"1","78":"1"},"RF":{"RX":"1","WV":"1"}},"76":{"WQ":{"GF":"1","FC":"1","4P":"1","5P":"1","4Q":"1","GC":"1","6Q":"1","G9":"1","F9":"1","5Q":"1"}},"F9":{"G5":{"9M":"1","CM":"1","HG":"1","HH":"1","JH":"1","CP":"1","JJ":"1"},"22":{"2R":"1","2Q":"1"},"J3":{"8J":"1","9H":"1","7H":"1","2X":"1","8H":"1","8G":"1"},"H3":{"HG":"1","HH":"1","GG":"1","XX":"1","GH":"1"},"G4":{"89":"1","99":"1","8C":"1"},"J4":{"22":"1"},"F5":{"RX":"1","QX":"1"},"WJ":{"9R":"1","3C":"1","29":"1","8V":"1","39":"1","2C":"1","9V":"1","8R":"1"},"F3":{"3Q":"1","2R":"1","3R":"1","2Q":"1"},"Q4":{"M4":"1","J4":"1","J3":"1","M3":"1"},"XH":{"QJ":"1","QM":"1"},"J2":{"QQ":"1","QP":"1"},"QJ":{"5P":"1","4M":"1","5M":"1"},"55":{"M4":"1","M5":"1","M3":"1"},"H5":{"W5":"1","W6":"1","V5":"1","V6":"1"},"G8":{"JF":"1","JG":"1","MF":"1","MG":"1"},"C6":{"HW":"1","JW":"1","3X":"1","JV":"1","HV":"1"},"FH":{"MQ":"1"},"G7":{"2M":"1","2J":"1"},"Q7":{"3G":"1","2G":"1","2F":"1"},"M2":{"53":"1","54":"1"},"32":{"J6":"1","M5":"1","M6":"1","J5":"1"},"C7":{"32":"1"},"PP":{"QW":"1","QV":"1"},"F6":{"Q2":"1","R2":"1"},"H4":{"X2":"1"}},"4M":{"76":{"HQ":"1"},"J2":{"2M":"1"},"WM":{"WM":"1"},"3M":{"8J":"1"},"VQ":{"X4":"1","W7":"1"},"HF":{"MP":"1","PM":"1","PP":"1","MM":"1","9F":"1"},"85":{"7P":"1"},"H2":{"XP":"1","WM":"1","XJ":"1","XM":"1"},"MH":{"H4":"1","G4":"1","J6":"1","M4":"1","M8":"1","F6":"1","G7":"1","H3":"1","M6":"1","F8":"1","H6":"1","G5":"1","F7":"1","H7":"1","G6":"1","H8":"1","J5":"1","J7":"1","J4":"1","J8":"1","G8":"1","J3":"1","H5":"1","M5":"1","M7":"1"},"RV":{"68":"1","67":"1","78":"1","77":"1"},"9C":{"JV":"1"},"95":{"63":"1"}},"4G":{"X3":{"XG":"1","XF":"1"},"XJ":{"8J":"1","9M":"1","R7":"1","R9":"1","P7":"1","8M":"1","9J":"1"},"93":{"9V":"1"}},"7Q":{"7J":{"FQ":"1","CQ":"1","W2":"1","FR":"1","WQ":"1","FP":"1","CP":"1"},"8J":{"2H":"1","3H":"1","3G":"1","2G":"1","3F":"1","2F":"1"},"9G":{"26":"1","25":"1","27":"1"},"8G":{"X6":"1","X8":"1","X7":"1","W8":"1","W7":"1","W6":"1","X5":"1"}},"GC":{"G2":{"FC":"1","8F":"1","G9":"1","GC":"1","99":"1","F9":"1","9C":"1","9F":"1","8C":"1"},"JW":{"C6":"1","97":"1","95":"1","96":"1","C7":"1"},"PQ":{"GC":"1","HC":"1"},"6R":{"9M":"1","9J":"1"},"VW":{"4J":"1","4H":"1"},"MG":{"9M":"1","CM":"1","CJ":"1","9J":"1"},"PR":{"4G":"1","4F":"1","3G":"1","3F":"1"},"JR":{"G7":"1","F7":"1","G6":"1","F6":"1"},"2G":{"VC":"1","RC":"1","R9":"1","V9":"1"},"CV":{"6Q":"1","7Q":"1","7P":"1","6P":"1"},"FV":{"QP":"1","QM":"1"},"XQ":{"26":"1","27":"1"},"WP":{"GW":"1","GX":"1"},"4F":{"FQ":"1","GQ":"1","GP":"1","FP":"1"},"99":{"QQ":"1","QP":"1","PQ":"1","PP":"1"},"RM":{"H8":"1","H9":"1","J8":"1","J9":"1"},"45":{"37":"1","38":"1"},"GQ":{"7R":"1","7P":"1","4P":"1","7M":"1","5P":"1","8Q":"1","69":"1","3P":"1","7Q":"1","8R":"1","4J":"1","7V":"1","5M":"1","6P":"1","6M":"1","C7":"1","3J":"1","6C":"1","4M":"1","3M":"1"},"7R":{"8G":"1","57":"1","77":"1","5J":"1","65":"1","56":"1","7H":"1","8J":"1","7G":"1","F3":"1","66":"1","G2":"1","F2":"1","G3":"1","76":"1","8H":"1","6J":"1","67":"1"},"FQ":{"RF":"1","RG":"1","VF":"1","V3":"1","R4":"1","R3":"1","V4":"1","VG":"1","V2":"1"},"WQ":{"X6":"1","VP":"1","WM":"1","H2":"1","X7":"1","G2":"1","VM":"1"},"RX":{"Q6":"1","P6":"1","P7":"1","Q7":"1"},"QM":{"X9":"1","X8":"1","W9":"1","W8":"1"},"CR":{"R5":"1","R4":"1","V4":"1","V5":"1"}},"7C":{"WP":{"W7":"1","V5":"1"}},"JC":{"CR":{"H3":"1"}},"JJ":{"WM":{"6G":"1"},"G7":{"F2":"1","82":"1","C2":"1"},"G6":{"FQ":"1","GV":"1","CV":"1"}},"MC":{"76":{"M7":"1","HJ":"1","JJ":"1","Q6":"1","Q5":"1","JH":"1","J7":"1","M8":"1","HH":"1","J8":"1","R6":"1"},"87":{"5W":"1","72":"1","73":"1","5X":"1","26":"1","38":"1","28":"1","48":"1","27":"1","49":"1","6W":"1","3G":"1","6X":"1"},"GG":{"43":"1","72":"1","63":"1","73":"1","5F":"1","62":"1","65":"1","56":"1","84":"1","42":"1","83":"1","66":"1","82":"1","55":"1","95":"1","53":"1","85":"1","52":"1","94":"1","5G":"1"},"GF":{"4V":"1","6V":"1","5V":"1"},"88":{"62":"1","52":"1"},"86":{"5W":"1","3Q":"1","5X":"1","5J":"1","4P":"1","4Q":"1","6Q":"1","3P":"1","5M":"1","6M":"1","4M":"1","6J":"1"},"78":{"PR":"1","MV":"1","W2":"1","R2":"1","W4":"1","MQ":"1","Q2":"1","W3":"1","Q4":"1","P3":"1","V3":"1","MR":"1","R4":"1","R3":"1","Q3":"1","V4":"1","X2":"1","P4":"1","JR":"1","X3":"1","V2":"1"},"77":{"XW":"1","X6":"1","X8":"1","RX":"1","RW":"1","X7":"1","QW":"1","VX":"1","QX":"1","XX":"1","WX":"1","VW":"1","WW":"1"}},"RP":{"RX":{"J9":"1","MV":"1","MQ":"1","RJ":"1","VH":"1","M8":"1","VJ":"1","QM":"1","PQ":"1"}},"6V":{"5F":{"89":"1","88":"1","79":"1","78":"1"},"4J":{"32":"1","42":"1"},"5C":{"M7":"1","Q6":"1","M6":"1","Q5":"1","P5":"1","Q4":"1","M5":"1","R4":"1","P4":"1","Q7":"1","R5":"1","P7":"1","P6":"1","Q8":"1"},"4H":{"3W":"1","WH":"1","2V":"1","4W":"1","VH":"1","2X":"1","3X":"1","2W":"1","4X":"1"}},"JM":{"R6":{"M4":"1","J6":"1","H5":"1","P5":"1","P4":"1","J4":"1","H4":"1","P6":"1","H3":"1","M5":"1","M6":"1","J5":"1"},"RV":{"43":"1"}},"J5":{"5H":{"3C":"1","5F":"1","39":"1","6C":"1","5C":"1","59":"1"}},"FF":{"W2":{"43":"1"}},"JQ":{"R8":{"C3":"1","Q4":"1","G7":"1","G6":"1","F3":"1"}},"4R":{"MM":{"XQ":"1"},"4H":{"32":"1","22":"1"},"PM":{"G9":"1"},"65":{"CF":"1"},"56":{"R4":"1"},"38":{"X2":"1","W3":"1","X3":"1","W2":"1"},"47":{"57":"1","MW":"1","JW":"1","2X":"1","5G":"1","47":"1"},"48":{"23":"1","22":"1"},"69":{"39":"1"},"68":{"FC":"1","5H":"1","GC":"1","2G":"1","2F":"1","8C":"1"},"58":{"XG":"1","XF":"1","XC":"1"},"3P":{"56":"1"},"3H":{"8F":"1"},"2P":{"R7":"1","Q8":"1","R8":"1","Q7":"1"},"2M":{"XJ":"1","XM":"1"},"49":{"6R":"1","7R":"1"},"CG":{"RJ":"1"},"39":{"PW":"1"},"3G":{"WR":"1","WQ":"1","VR":"1","RP":"1","XV":"1","VV":"1","XX":"1","WV":"1","RQ":"1","XR":"1","VP":"1","XW":"1","WW":"1","VQ":"1"},"37":{"XW":"1","XX":"1","WX":"1"},"3M":{"2M":"1","2J":"1","2Q":"1","2P":"1"},"4G":{"2W":"1","7Q":"1","2V":"1","8Q":"1","2X":"1","3X":"1","7R":"1","3W":"1","8R":"1"}},"5C":{"GC":{"J6":"1","M8":"1","H9":"1","P6":"1","G7":"1","M9":"1","M6":"1","H6":"1","P7":"1","H7":"1","G6":"1","H8":"1","J5":"1","J7":"1","J8":"1","G8":"1","H5":"1","M5":"1","J9":"1","M7":"1"}},"9G":{"4G":{"2H":"1","4G":"1","3H":"1","4F":"1","3G":"1","2G":"1","3F":"1"}},"8P":{"6F":{"RJ":"1"},"JV":{"57":"1"},"8M":{"F2":"1","F3":"1"}},"4J":{"77":{"HF":"1"},"WQ":{"G4":"1","G3":"1"},"PX":{"G6":"1","FC":"1","GC":"1","G9":"1","F9":"1","C9":"1","F8":"1","G8":"1","CC":"1","G7":"1","F6":"1","F7":"1"},"WF":{"J6":"1","M5":"1","M6":"1","J5":"1"},"WC":{"R6":"1","V7":"1","R7":"1","V8":"1","Q8":"1","V6":"1","R8":"1","Q7":"1"},"H5":{"G6":"1"},"WV":{"M4":"1","P5":"1","P4":"1","P6":"1","M5":"1","M6":"1"},"76":{"VX":"1"},"87":{"3M":"1"},"78":{"VC":"1","VV":"1","RC":"1","VF":"1","WV":"1","RF":"1"},"4M":{"MM":"1","JQ":"1","MJ":"1","PM":"1","MQ":"1","MP":"1","MR":"1","JP":"1","JR":"1","PQ":"1","JM":"1","PP":"1"},"3M":{"HH":"1","FR":"1","9M":"1","GJ":"1","FH":"1","5G":"1","CQ":"1","FM":"1","GH":"1","HJ":"1","FG":"1","CM":"1","FJ":"1","GG":"1","GR":"1","9P":"1","CJ":"1","GQ":"1","GM":"1","FQ":"1","FP":"1","CP":"1","GP":"1"}},"2C":{"5H":{"6C":"1","69":"1","5C":"1","59":"1"},"R2":{"M4":"1"}},"2X":{"32":{"52":"1"}},"7F":{"37":{"CW":"1"},"25":{"23":"1","24":"1"},"48":{"GF":"1","FG":"1","FC":"1","H9":"1","HG":"1","GG":"1","GC":"1","HC":"1","GH":"1","G9":"1","F9":"1","H8":"1","G8":"1","FH":"1","FF":"1","HF":"1"}},"9X":{"6R":{"XV":"1","XR":"1"},"7R":{"2R":"1","2V":"1"},"4X":{"C9":"1","FC":"1","C8":"1","FF":"1","CF":"1","F8":"1","99":"1","F9":"1","9C":"1","CC":"1","9F":"1"}},"5H":{"98":{"V7":"1","R7":"1","V8":"1","R8":"1","V6":"1"},"GF":{"PH":"1","RG":"1","RJ":"1","RH":"1","QG":"1","QJ":"1","G2":"1","F2":"1","QM":"1","PG":"1","PJ":"1","QF":"1","QH":"1"},"22":{"QC":"1"},"XC":{"FG":"1","QP":"1","57":"1","59":"1","3V":"1","4P":"1","4Q":"1","48":"1","58":"1","QM":"1","49":"1","QQ":"1","4V":"1"},"XG":{"6H":"1","7H":"1","7C":"1","8C":"1","78":"1"},"GG":{"V7":"1"},"GC":{"GW":"1","9V":"1","FW":"1","FV":"1","FX":"1","CW":"1","9W":"1","GV":"1","CR":"1","FR":"1","CV":"1","CX":"1","GX":"1"},"HC":{"VX":"1"},"XH":{"P5":"1","P6":"1","M5":"1","M6":"1"},"J7":{"36":"1","45":"1","35":"1","46":"1"},"XX":{"WW":"1"},"XF":{"XQ":"1","XG":"1","XJ":"1","VR":"1","WH":"1","XP":"1","XH":"1","XM":"1","XF":"1","XR":"1","RR":"1"},"PG":{"Q6":"1"},"74":{"X3":"1"},"23":{"5F":"1","4G":"1","4F":"1","5C":"1","4C":"1","5G":"1"},"HF":{"P2":"1","CF":"1","F9":"1"},"MH":{"43":"1"}},"8J":{"76":{"22":"1"},"FC":{"C9":"1","4F":"1","7C":"1","8C":"1"},"53":{"2W":"1"},"4F":{"53":"1"},"7C":{"G6":"1"},"9J":{"R6":"1"},"79":{"HW":"1"}},"GG":{"CQ":{"FQ":"1","GQ":"1","7X":"1","FR":"1","6X":"1","7W":"1","GR":"1","6W":"1"},"GW":{"X9":"1","W8":"1","GF":"1","VC":"1","XC":"1","WR":"1","W9":"1","WQ":"1","VR":"1","GC":"1","JH":"1","WC":"1","V9":"1","WV":"1","HH":"1","JV":"1","JR":"1","V8":"1","VQ":"1"},"FW":{"H9":"1","J8":"1","J9":"1"},"HW":{"Q6":"1","Q5":"1","P5":"1","P4":"1","P6":"1"},"9P":{"6Q":"1","5Q":"1","6P":"1"},"MQ":{"FP":"1"},"FP":{"GW":"1","GX":"1","FW":"1","FX":"1"},"9M":{"3H":"1","3G":"1","2G":"1","3F":"1","2F":"1"},"FR":{"WH":"1","VJ":"1","WJ":"1","VH":"1"},"4J":{"J9":"1"},"CV":{"RJ":"1","RM":"1","RH":"1"},"3R":{"29":"1","2M":"1","3J":"1","2Q":"1","2P":"1"},"2R":{"XP":"1","XQ":"1"},"X3":{"V7":"1","W7":"1"},"HV":{"39":"1"},"GX":{"X9":"1","VC":"1","RF":"1","RG":"1","RJ":"1","RH":"1","VF":"1","QG":"1","QJ":"1","RC":"1","X8":"1","QH":"1"},"VQ":{"VG":"1","RG":"1"},"9R":{"HG":"1","HH":"1","GG":"1","GH":"1"},"HX":{"28":"1","29":"1"}},"JH":{"W9":{"39":"1","HM":"1","38":"1","GJ":"1","5M":"1","5J":"1","GM":"1"},"V8":{"H8":"1","H9":"1","XR":"1","XV":"1","J8":"1","J9":"1"},"V9":{"CR":"1"},"JH":{"7P":"1"}},"3M":{"F4":{"6X":"1","5X":"1","V4":"1","5W":"1","6W":"1"},"F5":{"5F":"1","45":"1","55":"1"},"PX":{"5X":"1","6W":"1"},"F3":{"7J":"1","2M":"1","MF":"1"},"93":{"X9":"1","W8":"1","VC":"1","XC":"1","W7":"1","Q6":"1","W9":"1","V6":"1","P8":"1","Q5":"1","WC":"1","WF":"1","VF":"1","R7":"1","XX":"1","V9":"1","V5":"1","R8":"1","V7":"1","R6":"1","R5":"1","V8":"1","XW":"1"},"XX":{"59":"1"},"C2":{"9X":"1","CX":"1","6V":"1"},"C3":{"G8":"1","C5":"1","HG":"1","G7":"1","M8":"1","H5":"1","C7":"1","PH":"1","J6":"1","88":"1","J9":"1","F8":"1","P7":"1","Q5":"1","MG":"1","MH":"1","9C":"1","VG":"1","G9":"1","FC":"1","8C":"1","H7":"1","HC":"1","JG":"1","M7":"1","QC":"1","89":"1","HF":"1","Q6":"1","RF":"1","MF":"1","98":"1","PF":"1","RC":"1","RH":"1","QF":"1","PC":"1","RG":"1","P6":"1","P4":"1","QH":"1","P5":"1","H8":"1","J5":"1","VF":"1","PG":"1","R8":"1","GC":"1","MC":"1","J8":"1","QJ":"1","H6":"1","RJ":"1","M5":"1","99":"1","Q9":"1","GF":"1","J7":"1","79":"1","Q7":"1","VJ":"1","JF":"1","JC":"1","M9":"1","Q8":"1","JH":"1","M6":"1","78":"1","JV":"1","H9":"1","P9":"1","VH":"1","VC":"1","P8":"1","QG":"1","R9":"1","Q4":"1"},"HF":{"GQ":"1","HQ":"1","HR":"1","GR":"1","HV":"1"},"85":{"Q3":"1"},"PW":{"CR":"1"},"C4":{"2V":"1","95":"1","84":"1","35":"1","9C":"1","58":"1","33":"1","3G":"1","3H":"1","85":"1","99":"1","89":"1","8C":"1","56":"1","23":"1","57":"1","74":"1"},"94":{"XV":"1","XX":"1"}},"JR":{"F6":{"85":"1","84":"1"},"F5":{"5V":"1"}},"9C":{"RQ":{"QQ":"1","QP":"1","WF":"1","XF":"1","RP":"1","WC":"1","RH":"1"},"VP":{"GG":"1"},"VW":{"76":"1","89":"1","87":"1","F9":"1","88":"1","86":"1","77":"1"}},"VG":{"XQ":{"XR":"1"}},"HQ":{"CX":{"HW":"1","HQ":"1","GW":"1","GV":"1","JW":"1","G3":"1","HV":"1"},"5R":{"96":"1"},"9G":{"6H":"1","6F":"1","6G":"1"},"CW":{"GP":"1","J3":"1","H3":"1","J4":"1","J7":"1","J2":"1","J6":"1","GQ":"1","J8":"1","HQ":"1","HP":"1","J5":"1","H4":"1","H2":"1"},"CV":{"HW":"1","JX":"1","HX":"1","JW":"1","JV":"1","HV":"1"}},"HF":{"4H":{"MM":"1","PR":"1","MV":"1","MQ":"1","MP":"1","MR":"1","QQ":"1","PQ":"1","PV":"1","PW":"1"},"48":{"P8":"1","Q8":"1"},"CG":{"PR":"1","QP":"1","57":"1","PM":"1","MQ":"1","93":"1","MP":"1","MR":"1","QJ":"1","58":"1","68":"1","92":"1","C3":"1","QM":"1","PJ":"1","PQ":"1","PP":"1","67":"1"},"3G":{"4F":"1","3G":"1","3F":"1"},"7J":{"XR":"1"},"88":{"RQ":"1","C5":"1","4H":"1","H5":"1","FF":"1","88":"1","35":"1","F3":"1","C3":"1","5H":"1","C9":"1","54":"1","94":"1","FC":"1","96":"1","95":"1","XP":"1","VX":"1","75":"1","MV":"1","CC":"1","86":"1","F9":"1","MR":"1","98":"1","VQ":"1","8X":"1","84":"1","WX":"1","64":"1","PR":"1","QM":"1","J5":"1","63":"1","74":"1","QP":"1","H4":"1","53":"1","QQ":"1","99":"1","C4":"1","4J":"1","PV":"1","5J":"1","62":"1","83":"1","52":"1","J4":"1","85":"1"},"3H":{"R5":"1","R6":"1","V5":"1","V6":"1"},"HP":{"3X":"1","4X":"1"},"8H":{"5G":"1"},"42":{"4P":"1","3M":"1","2R":"1","4Q":"1","4M":"1","3P":"1"},"HQ":{"32":"1","6M":"1","5M":"1","5J":"1","42":"1"},"94":{"6R":"1","3H":"1","7V":"1","6V":"1","3J":"1","4J":"1","7R":"1","4H":"1"},"8C":{"M7":"1","HJ":"1","HG":"1","GG":"1","M6":"1","GH":"1","JH":"1","J6":"1","HH":"1","J5":"1"},"96":{"36":"1","34":"1","3F":"1","43":"1","C5":"1","F6":"1","3C":"1","2F":"1","38":"1","39":"1","C6":"1","35":"1","28":"1","26":"1","24":"1","33":"1","F8":"1","27":"1","54":"1","25":"1","42":"1","29":"1","45":"1","67":"1","2C":"1","44":"1","F5":"1","37":"1","46":"1","23":"1","G8":"1","22":"1","32":"1"},"8J":{"2R":"1","2Q":"1"},"95":{"57":"1","59":"1","38":"1","47":"1","28":"1","48":"1","4W":"1","58":"1","27":"1","2X":"1","3X":"1","49":"1","6M":"1","4X":"1","37":"1","6J":"1","5G":"1"},"77":{"JM":"1","GH":"1","JJ":"1","V5":"1","XJ":"1","XG":"1","J9":"1","HP":"1","HH":"1","GW":"1","HV":"1","M2":"1","FP":"1","V4":"1","R3":"1","JG":"1","MV":"1","GP":"1","W3":"1","MR":"1","RH":"1","M3":"1","WM":"1","XH":"1","HJ":"1","XM":"1","X7":"1","HM":"1","GJ":"1","P4":"1","PR":"1","WG":"1","GV":"1","FH":"1","W7":"1","2W":"1","FW":"1","X6":"1","JH":"1","FM":"1","PV":"1","XF":"1","M4":"1","V3":"1","2X":"1","FJ":"1","GM":"1"},"32":{"FG":"1","H9":"1","G9":"1","XV":"1","CF":"1","G8":"1","FF":"1","CG":"1","XR":"1"},"76":{"G2":"1","X4":"1","C3":"1","92":"1","5C":"1","7M":"1","H3":"1","MX":"1","QF":"1","HR":"1","R7":"1","7J":"1","FC":"1","F4":"1","G3":"1","97":"1","X7":"1","FV":"1","C2":"1","C4":"1","V2":"1","GR":"1","HQ":"1","MV":"1","F3":"1","GQ":"1","HW":"1","QC":"1","WF":"1","JX":"1","93":"1","98":"1","PX":"1","MW":"1","R6":"1","4C":"1","H2":"1"},"7F":{"X6":"1","X5":"1"},"5M":{"57":"1","48":"1","47":"1","58":"1"},"75":{"JM":"1","82":"1","QR":"1","CQ":"1","35":"1","CX":"1","HP":"1","CW":"1","JP":"1","HQ":"1","7M":"1","9W":"1","26":"1","25":"1","36":"1","VX":"1","X2":"1","MV":"1","MR":"1","HR":"1","QW":"1","65":"1","HJ":"1","HM":"1","6M":"1","GJ":"1","64":"1","PR":"1","W2":"1","9Q":"1","6P":"1","GQ":"1","RW":"1","QV":"1","PV":"1","7P":"1","GM":"1","RX":"1","QX":"1"},"F6":{"75":"1","74":"1"},"67":{"XW":"1","XV":"1","WW":"1","WV":"1"},"CC":{"7X":"1","6X":"1","8X":"1"},"87":{"FP":"1","6G":"1","8W":"1","M3":"1","6H":"1","V7":"1","8H":"1","62":"1","RQ":"1","7H":"1","GV":"1","CV":"1","52":"1","FG":"1","FX":"1","FH":"1","3F":"1","9F":"1","3C":"1","M7":"1","FV":"1","7W":"1","M4":"1","M8":"1","FM":"1","8Q":"1","4M":"1","MH":"1","J7":"1","RP":"1","GW":"1","Q3":"1","J5":"1","8R":"1","4J":"1","QP":"1","R8":"1","2C":"1","P3":"1","2F":"1","P6":"1","9C":"1","5X":"1","26":"1","Q6":"1","C6":"1","96":"1","2J":"1","2H":"1","7V":"1","FW":"1","CW":"1","4H":"1","Q5":"1","R7":"1","2G":"1","HV":"1","MJ":"1","3J":"1","53":"1","FR":"1","7J":"1","P5":"1","3G":"1","F5":"1","6X":"1","J4":"1","7M":"1","GM":"1","CM":"1","J8":"1","GH":"1","8V":"1","V8":"1"},"89":{"G6":"1","H7":"1","H9":"1","H6":"1","W2":"1","24":"1","25":"1","G9":"1","W3":"1","H8":"1","82":"1","F8":"1","G8":"1","G7":"1","X2":"1","X3":"1","V2":"1","F7":"1"},"86":{"GH":"1","V5":"1","48":"1","CG":"1","2G":"1","3G":"1","3X":"1","5W":"1","G5":"1","CH":"1","G6":"1","W5":"1","38":"1","37":"1","CW":"1","4X":"1","V4":"1","V6":"1","X2":"1","XC":"1","27":"1","FG":"1","W3":"1","2C":"1","2F":"1","X8":"1","X7":"1","X4":"1","5X":"1","9R":"1","W2":"1","9Q":"1","47":"1","CV":"1","3C":"1","WC":"1","X3":"1","8Q":"1","3W":"1","4W":"1","FH":"1","W7":"1","X5":"1","QQ":"1","3F":"1","2W":"1","6R":"1","8R":"1","X6":"1","6X":"1","W6":"1","WF":"1","V7":"1","X9":"1","W4":"1","XF":"1","2X":"1","W8":"1"},"49":{"MW":"1","MX":"1","PW":"1","PX":"1"},"8G":{"6H":"1","7H":"1","48":"1","47":"1","58":"1"},"98":{"4X":"1","2V":"1","2Q":"1","43":"1","4J":"1","53":"1","C3":"1","4M":"1","8R":"1","G9":"1","7V":"1","6R":"1","3M":"1","8V":"1","4Q":"1","2R":"1","3J":"1","52":"1","F2":"1","5G":"1","F9":"1","7W":"1","6Q":"1","F8":"1","C2":"1","3V":"1","54":"1","42":"1","5Q":"1","4G":"1","44":"1","4W":"1","6V":"1","7Q":"1","6W":"1","7R":"1","G8":"1","5R":"1"},"73":{"XW":"1","XP":"1","XQ":"1"},"29":{"57":"1","68":"1","67":"1","58":"1"},"84":{"26":"1","25":"1"},"43":{"68":"1","67":"1"},"GJ":{"8G":"1","8F":"1","7H":"1","7G":"1","9F":"1","7C":"1","6G":"1","9H":"1","7F":"1","9G":"1","8H":"1","8C":"1"},"64":{"HF":"1","HG":"1","GG":"1","GF":"1"},"56":{"X9":"1","R6":"1","W9":"1","WF":"1","XC":"1","R7":"1","WC":"1","V6":"1"},"8F":{"26":"1","25":"1"},"JQ":{"28":"1","29":"1"},"66":{"98":"1","29":"1","5J":"1","F9":"1","7J":"1","C9":"1","F8":"1","C6":"1","96":"1","4J":"1","5M":"1","6M":"1","97":"1","C7":"1","2C":"1","4M":"1","6J":"1"},"74":{"XW":"1","X6":"1","8V":"1","9W":"1","9V":"1","XX":"1","WX":"1","WW":"1","WV":"1","8W":"1","X5":"1"},"97":{"GF":"1","22":"1","FG":"1","FC":"1","JC":"1","5J":"1","GC":"1","GJ":"1","FF":"1","5M":"1","JF":"1","6M":"1","6J":"1"},"FH":{"9G":"1","CG":"1","HF":"1","H9":"1","RC":"1","53":"1","9H":"1","HG":"1","JF":"1","GC":"1","G9":"1","GF":"1","CF":"1","Q9":"1","FH":"1","FC":"1","FG":"1","CV":"1","HC":"1","66":"1","54":"1","CC":"1","GG":"1","H8":"1","67":"1","QC":"1","FF":"1","R9":"1","9F":"1","J8":"1","G8":"1","J9":"1","JG":"1","CH":"1","CR":"1","JC":"1"},"C4":{"78":"1"},"99":{"8V":"1","7V":"1","7R":"1","8R":"1"},"Q9":{"GP":"1"},"79":{"X2":"1","W3":"1","3M":"1","X3":"1","W2":"1","3H":"1","X4":"1","R7":"1","3J":"1","Q8":"1","X5":"1","R8":"1","Q7":"1"},"F5":{"66":"1","39":"1","HM":"1","65":"1","HJ":"1"},"78":{"GQ":"1","HQ":"1","9H":"1","J2":"1","HP":"1","H2":"1","GP":"1","J3":"1","9G":"1","8H":"1","49":"1","H3":"1","8G":"1","JQ":"1"},"23":{"83":"1","73":"1","74":"1","84":"1"},"69":{"XG":"1","WG":"1","WF":"1","XF":"1"},"CF":{"83":"1","64":"1","73":"1","62":"1","65":"1","74":"1","53":"1","84":"1","52":"1","54":"1","82":"1","63":"1","72":"1"},"85":{"HW":"1","4P":"1","7M":"1","5P":"1","4Q":"1","2V":"1","HR":"1","XX":"1","WX":"1","R8":"1","JV":"1","6P":"1","5Q":"1","6M":"1","JR":"1","JW":"1","HV":"1","V8":"1","6J":"1"},"68":{"RJ":"1","VJ":"1","VM":"1","RM":"1"}},"QX":{"CW":{"8H":"1"}},"2M":{"73":{"VC":"1","JC":"1","MG":"1","WC":"1","WF":"1","VF":"1","MF":"1","MC":"1","WG":"1","JG":"1","JF":"1","VG":"1"},"X3":{"VH":"1"},"P9":{"Q3":"1","R3":"1","R2":"1"},"PR":{"VC":"1","WF":"1","WC":"1","VF":"1"},"M3":{"8J":"1","9H":"1","9G":"1","8H":"1","9J":"1"}},"PW":{"X9":{"V3":"1","V4":"1"},"X8":{"PM":"1","MM":"1","PJ":"1","MJ":"1"},"VR":{"57":"1","46":"1","56":"1"}},"98":{"FQ":{"PM":"1","MM":"1","PJ":"1","MJ":"1"},"QQ":{"66":"1","65":"1","56":"1","55":"1"},"GV":{"36":"1","45":"1","35":"1","46":"1"},"MX":{"5H":"1","4J":"1","5J":"1","4H":"1"},"FW":{"7J":"1","8J":"1","7M":"1","8M":"1"},"CR":{"VC":"1","W9":"1","WC":"1","V9":"1"},"CP":{"3H":"1","3J":"1"}},"5F":{"J6":{"MM":"1","RM":"1","MJ":"1","JJ":"1","PM":"1","RJ":"1","QJ":"1","VJ":"1","QM":"1","PJ":"1","JM":"1","VM":"1"},"8V":{"X9":"1","X8":"1","W9":"1","XC":"1","W8":"1","WC":"1"},"9V":{"28":"1","29":"1","2C":"1"}},"5Q":{"W2":{"H9":"1","FC":"1","G9":"1","GC":"1","F8":"1","F9":"1","59":"1","G8":"1"},"P5":{"H8":"1","H9":"1","J6":"1","G9":"1","G7":"1","H6":"1","GC":"1","J7":"1","J8":"1","HC":"1","J9":"1","G8":"1","H7":"1","F3":"1"},"W4":{"H8":"1"},"M5":{"9C":"1"}},"28":{"6X":{"9M":"1"},"5X":{"7R":"1","RF":"1","V6":"1","6Q":"1","8Q":"1","MX":"1","7Q":"1","8R":"1","R6":"1","R5":"1","6R":"1"},"7W":{"9R":"1","8V":"1","9W":"1","9V":"1","CR":"1","9Q":"1","CV":"1","8R":"1"}},"72":{"6J":{"G7":"1","P9":"1","F7":"1","RP":"1","PF":"1","F8":"1","QC":"1","QF":"1","RM":"1","G8":"1"},"7H":{"V7":"1","R7":"1","V8":"1","R8":"1","Q7":"1"}},"94":{"J5":{"62":"1","72":"1"}},"2J":{"Q6":{"WM":"1","VM":"1"},"28":{"M7":"1","H7":"1","J9":"1","H6":"1","WQ":"1","VR":"1","RP":"1","RV":"1","J7":"1","J6":"1","M8":"1","MC":"1","J8":"1","RQ":"1","VP":"1","M9":"1","RR":"1","VQ":"1"},"C9":{"W3":"1","X3":"1","X4":"1","X5":"1"},"C8":{"QX":"1"},"F9":{"23":"1"},"5M":{"7H":"1"}},"2H":{"X5":{"7X":"1","8X":"1"},"5F":{"7R":"1","X5":"1","XG":"1","V6":"1","JC":"1","XP":"1","W4":"1","WJ":"1","XM":"1","MF":"1","7W":"1","GQ":"1","8R":"1","MC":"1","WG":"1","V5":"1","V4":"1","CG":"1","W5":"1","JF":"1","6W":"1","8V":"1","PQ":"1","GR":"1","52":"1","PP":"1","6V":"1"},"X6":{"82":"1","98":"1","72":"1"},"3F":{"HQ":"1"},"7G":{"G8":"1","C5":"1","46":"1","82":"1","93":"1","48":"1","G7":"1","44":"1","F4":"1","H5":"1","C7":"1","F7":"1","G5":"1","88":"1","F3":"1","C3":"1","F8":"1","G6":"1","38":"1","34":"1","37":"1","42":"1","Q2":"1","54":"1","57":"1","94":"1","H7":"1","96":"1","26":"1","95":"1","77":"1","32":"1","G2":"1","36":"1","76":"1","75":"1","F6":"1","67":"1","87":"1","92":"1","27":"1","86":"1","33":"1","C6":"1","98":"1","H3":"1","73":"1","55":"1","65":"1","84":"1","43":"1","64":"1","G3":"1","72":"1","H8":"1","56":"1","C8":"1","C2":"1","47":"1","63":"1","66":"1","74":"1","97":"1","H2":"1","45":"1","H6":"1","H4":"1","G4":"1","53":"1","C4":"1","F5":"1","78":"1","58":"1","62":"1","F2":"1","83":"1","52":"1","85":"1","68":"1"},"7W":{"MF":"1"},"6G":{"26":"1","X7":"1","X6":"1","28":"1","RP":"1","66":"1","33":"1","44":"1","34":"1","37":"1","36":"1","67":"1"},"7F":{"VX":"1","RX":"1","QW":"1","QX":"1","VW":"1","RW":"1","6R":"1"},"6F":{"36":"1","34":"1","2M":"1","9G":"1","CG":"1","MJ":"1","2P":"1","9J":"1","7F":"1","43":"1","53":"1","9H":"1","6M":"1","5V":"1","GF":"1","CF":"1","FH":"1","35":"1","4R":"1","9C":"1","52":"1","FM":"1","7C":"1","63":"1","4V":"1","33":"1","H6":"1","FG":"1","CM":"1","FJ":"1","GG":"1","H7":"1","8H":"1","8G":"1","5Q":"1","CJ":"1","45":"1","8F":"1","44":"1","FF":"1","46":"1","82":"1","9F":"1","5R":"1","72":"1","FP":"1","CP":"1","CH":"1","62":"1"},"35":{"HJ":"1"},"2R":{"Q9":"1","J6":"1","G9":"1","P9":"1","F9":"1","M6":"1","G8":"1"},"8W":{"89":"1","99":"1"},"5C":{"MM":"1","MJ":"1","QP":"1","JJ":"1","HG":"1","PM":"1","J4":"1","HC":"1","XV":"1","H5":"1","HM":"1","JP":"1","RQ":"1","QQ":"1","XR":"1","JF":"1","HP":"1","HF":"1","JM":"1","GX":"1","XW":"1","J5":"1","H4":"1"},"6C":{"7X":"1","8X":"1","3Q":"1","3V":"1","9W":"1","4R":"1","3W":"1","2V":"1","7W":"1","4W":"1","9X":"1","2Q":"1","3R":"1","2W":"1","2R":"1","5V":"1","4V":"1","8W":"1"},"36":{"C3":"1","92":"1"},"5G":{"P2":"1","XG":"1","WG":"1","R6":"1","V7":"1","R7":"1","W5":"1","R3":"1","W6":"1","R2":"1","V6":"1"}},"HH":{"2M":{"22":"1","2G":"1","3F":"1","3C":"1","95":"1","3G":"1","2F":"1","C4":"1","94":"1"},"3F":{"7P":"1","6M":"1","7M":"1","6P":"1"},"2V":{"RC":"1","PF":"1","QC":"1","QF":"1","PC":"1"},"2P":{"57":"1","66":"1","56":"1","67":"1"},"2Q":{"9H":"1","8F":"1","9G":"1","8G":"1","9F":"1"},"3X":{"HF":"1","JG":"1","HG":"1"},"38":{"8J":"1","9H":"1","8H":"1","9J":"1"},"3M":{"VC":"1","RC":"1","R9":"1","V9":"1"},"6G":{"RX":"1","WX":"1","WW":"1","VW":"1"},"6P":{"83":"1","92":"1","82":"1","93":"1"},"6H":{"R2":"1"},"4Q":{"2W":"1","FC":"1","2V":"1","FF":"1","CF":"1"},"2R":{"45":"1","HM":"1","JM":"1","35":"1","HJ":"1","34":"1","JJ":"1"},"3W":{"76":"1","75":"1","85":"1","86":"1"},"2H":{"6R":"1","2W":"1","7V":"1","6V":"1","7R":"1","6W":"1"},"24":{"62":"1"},"2J":{"6J":"1","5H":"1","6M":"1","2X":"1","4J":"1","4M":"1","5M":"1","5J":"1","4H":"1","CC":"1"},"CM":{"6J":"1","6M":"1"},"25":{"2W":"1","2X":"1","3X":"1","3W":"1"},"5P":{"PH":"1","PJ":"1"},"7G":{"3X":"1","4X":"1"},"7H":{"32":"1","42":"1"},"44":{"9H":"1","CH":"1","CJ":"1","9J":"1"},"46":{"PW":"1","QW":"1","QV":"1","QX":"1","PX":"1"},"3Q":{"4P":"1","XW":"1","XV":"1","5P":"1","4M":"1","XX":"1","5M":"1","WW":"1","WV":"1"},"23":{"7X":"1","6X":"1"},"3R":{"H9":"1"},"GP":{"32":"1","43":"1","42":"1","33":"1"}},"3V":{"Q2":{"J2":"1","M2":"1"},"45":{"6H":"1"},"H5":{"5R":"1"},"44":{"6Q":"1","6R":"1","7Q":"1","4V":"1","7R":"1","6P":"1"},"52":{"5W":"1"},"23":{"98":"1","8G":"1","8F":"1","89":"1","99":"1","7C":"1","88":"1","8C":"1"},"4F":{"CR":"1"},"X4":{"36":"1","37":"1","47":"1"}},"2W":{"72":{"8V":"1","9W":"1","F2":"1","7V":"1","9V":"1","7W":"1","CW":"1","CV":"1","C2":"1","8W":"1"},"PC":{"FM":"1","9M":"1","HR":"1","CM":"1","CJ":"1","9J":"1"},"93":{"XG":"1","RR":"1","XH":"1"},"6Q":{"FM":"1","CM":"1","CX":"1","FX":"1","CJ":"1"},"9F":{"M9":"1"},"82":{"V5":"1","V8":"1","W5":"1","Q5":"1","Q2":"1","M2":"1","R7":"1","V6":"1","V4":"1","R3":"1","X2":"1","Q6":"1","W3":"1","RV":"1","M3":"1","QW":"1","V2":"1","Q3":"1","R4":"1","X4":"1","P4":"1","P6":"1","P5":"1","R2":"1","W2":"1","P2":"1","R8":"1","X3":"1","RW":"1","P3":"1","M5":"1","W7":"1","R6":"1","QV":"1","4J":"1","Q7":"1","W6":"1","V7":"1","W4":"1","M4":"1","V3":"1","R5":"1","RX":"1","Q4":"1"},"92":{"22":"1"},"6R":{"F4":"1","H3":"1","G4":"1","F3":"1","G2":"1","F2":"1","C2":"1","G3":"1","C3":"1","H4":"1","H2":"1","C4":"1"},"94":{"M4":"1","83":"1"}},"XJ":{"RR":{"2H":"1"},"PH":{"4W":"1"},"JV":{"P4":"1","P3":"1"}},"2V":{"H7":{"9W":"1","9V":"1"},"72":{"3Q":"1","3W":"1","2V":"1","2Q":"1","2X":"1","3X":"1","3R":"1","2W":"1","2R":"1"},"63":{"X2":"1"},"7X":{"FX":"1"},"73":{"32":"1","22":"1"},"8X":{"XV":"1","WR":"1","VQ":"1","XW":"1","XR":"1","WX":"1","MX":"1","VW":"1","R3":"1","WV":"1","RW":"1","QX":"1","WW":"1","QR":"1","QV":"1","VR":"1","WP":"1","3V":"1","PW":"1","RR":"1","VX":"1","VV":"1","MV":"1","RV":"1","QW":"1","V4":"1","WQ":"1","RX":"1","VP":"1","XX":"1","MW":"1","PX":"1","PV":"1"},"62":{"XW":"1","XR":"1","XV":"1","XX":"1","WV":"1"},"25":{"Q6":"1","Q5":"1","P5":"1","P6":"1","P7":"1"},"W4":{"23":"1"},"47":{"Q9":"1","P8":"1","P9":"1","Q8":"1"},"V3":{"FQ":"1","FM":"1","9M":"1","CQ":"1","CM":"1","9P":"1","GP":"1","FP":"1","CP":"1","GM":"1"},"9X":{"2W":"1","2V":"1","2X":"1"},"V4":{"X3":"1"},"35":{"CW":"1"},"Q7":{"4X":"1"},"CX":{"89":"1","99":"1","88":"1","8C":"1","98":"1"}},"4H":{"HH":{"M7":"1","J7":"1","W5":"1","RH":"1"},"MQ":{"JR":"1"},"JJ":{"39":"1"},"CC":{"FW":"1","CW":"1"}},"3H":{"J3":{"VG":"1"},"56":{"95":"1"}},"6M":{"98":{"W8":"1"},"J3":{"X3":"1","X4":"1"},"HW":{"Q6":"1","Q5":"1"},"56":{"8G":"1","HJ":"1","RM":"1","XG":"1","WR":"1","XJ":"1","WH":"1","WJ":"1","RJ":"1","XV":"1","JH":"1","WF":"1","RH":"1","XH":"1","XX":"1","QG":"1","QJ":"1","WV":"1","WX":"1","HM":"1","QR":"1","WG":"1","QM":"1","QQ":"1","8H":"1","PQ":"1","XW":"1","WW":"1","QH":"1"},"66":{"3P":"1","2P":"1"},"9F":{"FC":"1","G9":"1","GC":"1","F9":"1"},"46":{"X9":"1","W9":"1","XC":"1","WC":"1","V8":"1","V9":"1"},"C6":{"9X":"1","9W":"1","FW":"1","CX":"1","8X":"1","FX":"1","CW":"1","CV":"1","FV":"1"},"M2":{"HM":"1","GM":"1"},"C7":{"C3":"1","83":"1","92":"1","94":"1","F2":"1","H2":"1","C4":"1","82":"1","93":"1","C2":"1","F3":"1"},"M3":{"23":"1","34":"1","24":"1"}},"5G":{"2M":{"HW":"1","GW":"1","JX":"1","GX":"1","FW":"1","HX":"1","FX":"1"},"23":{"2H":"1","3H":"1","3G":"1","2G":"1","3F":"1","2F":"1"},"W4":{"22":"1"},"2P":{"F4":"1","J3":"1","H3":"1","G4":"1","F3":"1","J2":"1","G2":"1","F2":"1","G3":"1","H4":"1","H2":"1"}},"6F":{"G5":{"X2":"1","X3":"1"},"X5":{"X3":"1","W8":"1","X4":"1","W7":"1","X5":"1"},"F4":{"GF":"1","FG":"1","JC":"1","GG":"1","HC":"1","JF":"1","HF":"1"},"J3":{"2G":"1"},"G4":{"M8":"1","7Q":"1","7J":"1","3X":"1","7V":"1","J6":"1","J9":"1","P7":"1","8H":"1","Q2":"1","7M":"1","M2":"1","9G":"1","8J":"1","8P":"1","7G":"1","8M":"1","6H":"1","M7":"1","J3":"1","9M":"1","QC":"1","8G":"1","9P":"1","6W":"1","MF":"1","7H":"1","PF":"1","PW":"1","M3":"1","QW":"1","9H":"1","Q3":"1","PC":"1","6M":"1","J2":"1","P4":"1","9R":"1","3V":"1","VP":"1","6Q":"1","9Q":"1","P2":"1","6P":"1","8Q":"1","MC":"1","9J":"1","P3":"1","3W":"1","J8":"1","4W":"1","WR":"1","Q9":"1","2W":"1","QV":"1","J7":"1","6G":"1","6R":"1","8R":"1","JC":"1","M9":"1","Q8":"1","M6":"1","P9":"1","PV":"1","M4":"1","7P":"1","P8":"1","6J":"1","6V":"1","Q4":"1","7R":"1","J4":"1"},"F5":{"H8":"1","H9":"1","G9":"1","GC":"1","F8":"1","G8":"1"},"G3":{"JV":"1","JW":"1","PQ":"1","MX":"1","QX":"1","PR":"1","QV":"1","JQ":"1","JR":"1","MR":"1","PW":"1","MV":"1","QP":"1","PP":"1","MP":"1","JX":"1","QW":"1","QQ":"1","MQ":"1","MW":"1","PX":"1","PV":"1"},"H4":{"4R":"1","9J":"1"}},"Q5":{"J8":{"F8":"1"}},"HC":{"9X":{"3C":"1","39":"1","49":"1","4C":"1"},"9W":{"4W":"1","3W":"1"}},"6C":{"2X":{"2M":"1","6C":"1","2P":"1","7F":"1","4J":"1","4P":"1","4M":"1","79":"1","5J":"1","5F":"1","3M":"1","6R":"1","7V":"1","5V":"1","6G":"1","6P":"1","6H":"1","4Q":"1","4R":"1","3J":"1","6F":"1","4H":"1","5G":"1","2H":"1","7C":"1","7J":"1","6J":"1","5W":"1","6Q":"1","4V":"1","2J":"1","3G":"1","59":"1","2G":"1","3H":"1","4F":"1","5P":"1","8H":"1","8G":"1","5Q":"1","7G":"1","4G":"1","5H":"1","7H":"1","8F":"1","6V":"1","69":"1","6W":"1","3Q":"1","3P":"1","5R":"1","68":"1","3R":"1","5M":"1"}},"3P":{"3F":{"VH":"1"},"J6":{"27":"1"},"JV":{"XP":"1","XM":"1"},"H9":{"H4":"1","G4":"1","G2":"1","J6":"1","QH":"1","M4":"1","2F":"1","J2":"1","3X":"1","39":"1","GC":"1","H3":"1","R7":"1","Q7":"1","F9":"1","FC":"1","G3":"1","H6":"1","M3":"1","G5":"1","H7":"1","G6":"1","29":"1","J5":"1","2C":"1","M2":"1","FF":"1","J4":"1","J3":"1","H5":"1","M5":"1","22":"1","2X":"1","32":"1","H2":"1"},"95":{"X9":"1","XC":"1","CR":"1"},"P6":{"2W":"1","2R":"1","2V":"1","2X":"1"},"C5":{"5J":"1","FH":"1"},"G7":{"5W":"1","3Q":"1","3V":"1","5X":"1","4R":"1","3W":"1","2V":"1","2H":"1","4W":"1","3P":"1","2X":"1","2P":"1","2Q":"1","3X":"1","2J":"1","2M":"1","3R":"1","2W":"1","2R":"1","4X":"1","4V":"1","3M":"1"},"XW":{"36":"1","26":"1","25":"1","35":"1"},"86":{"P2":"1","M2":"1"},"GC":{"X2":"1"},"G9":{"MM":"1","45":"1","XC":"1","W2":"1","F3":"1","MP":"1","JH":"1","XX":"1","55":"1","G2":"1","XF":"1","F2":"1","33":"1","G3":"1","JP":"1","X2":"1","X3":"1","JM":"1","MH":"1"},"MX":{"VC":"1","RC":"1","R9":"1","QC":"1","V9":"1","QF":"1","RF":"1","VH":"1"},"C6":{"45":"1","24":"1","26":"1","25":"1","28":"1","GJ":"1","46":"1","27":"1","33":"1","44":"1","35":"1","34":"1","23":"1","37":"1","36":"1"},"C7":{"X9":"1","W8":"1","W9":"1","PC":"1","PF":"1","X8":"1","QQ":"1","QC":"1","QF":"1","PP":"1"},"F9":{"F4":"1","Q6":"1","Q5":"1","P5":"1","Q4":"1","R4":"1","R6":"1","R5":"1","8V":"1","P6":"1","8W":"1"},"FC":{"98":"1","3W":"1","F5":"1","4W":"1","G2":"1","95":"1","C6":"1","G3":"1","C8":"1","96":"1","87":"1","97":"1","C7":"1","F6":"1","C5":"1","C4":"1","94":"1"},"M6":{"WR":"1","VR":"1","VX":"1","XV":"1","RV":"1","VV":"1","XX":"1","WV":"1","WX":"1","XR":"1","RX":"1","VW":"1","RR":"1","RW":"1","XW":"1","WW":"1"},"JR":{"JM":"1","PM":"1","JJ":"1","M8":"1","PP":"1","V8":"1","PH":"1","PQ":"1","P7":"1","MG":"1","MH":"1","JP":"1","VG":"1","PJ":"1","MJ":"1","JG":"1","M7":"1","QC":"1","V9":"1","RF":"1","MF":"1","PF":"1","RC":"1","RH":"1","QF":"1","PC":"1","RG":"1","MQ":"1","QH":"1","QM":"1","JQ":"1","VF":"1","WG":"1","PG":"1","R8":"1","MC":"1","MP":"1","QP":"1","QJ":"1","QQ":"1","Q9":"1","JF":"1","JC":"1","M9":"1","Q8":"1","JH":"1","WF":"1","MM":"1","P9":"1","VH":"1","VC":"1","P8":"1","R9":"1","QG":"1"},"F8":{"V5":"1","H5":"1","J6":"1","W9":"1","F3":"1","W5":"1","Q5":"1","Q2":"1","5H":"1","XP":"1","V6":"1","V4":"1","R3":"1","JG":"1","X2":"1","J3":"1","W3":"1","H3":"1","M3":"1","V2":"1","Q3":"1","R4":"1","X8":"1","XM":"1","X7":"1","X4":"1","J2":"1","P4":"1","R2":"1","W2":"1","J5":"1","P2":"1","X3":"1","MC":"1","P3":"1","GV":"1","W7":"1","M5":"1","X5":"1","6C":"1","J7":"1","79":"1","X6":"1","W6":"1","M6":"1","X9":"1","W4":"1","V3":"1","R5":"1","Q4":"1"},"HC":{"32":"1","22":"1"},"66":{"Q9":"1"},"P7":{"22":"1"},"P2":{"54":"1"},"85":{"PX":"1","MX":"1","MW":"1","QV":"1","QW":"1","QX":"1","JW":"1","PV":"1","PW":"1"},"F7":{"VW":"1","RR":"1","G8":"1","RQ":"1","WV":"1","VM":"1","XJ":"1","WH":"1","G7":"1","M8":"1","PP":"1","QR":"1","H5":"1","PH":"1","J6":"1","XG":"1","G5":"1","J9":"1","XQ":"1","PQ":"1","G6":"1","MG":"1","XV":"1","PJ":"1","XR":"1","H7":"1","XP":"1","VX":"1","CR":"1","M7":"1","QC":"1","RV":"1","VV":"1","MF":"1","2V":"1","PF":"1","VQ":"1","RH":"1","WM":"1","QF":"1","QW":"1","XH":"1","PC":"1","XM":"1","WP":"1","RG":"1","WX":"1","WJ":"1","MQ":"1","RP":"1","QH":"1","PR":"1","H8":"1","QM":"1","VP":"1","WW":"1","XX":"1","WG":"1","PG":"1","WQ":"1","RW":"1","RM":"1","MC":"1","MP":"1","J8":"1","QP":"1","QJ":"1","H6":"1","RJ":"1","QQ":"1","WR":"1","QV":"1","J7":"1","XW":"1","VJ":"1","JF":"1","JC":"1","M9":"1","H9":"1","PV":"1","P9":"1","VH":"1","5Q":"1","VR":"1","2X":"1","QG":"1","RX":"1","QX":"1"},"H7":{"CQ":"1","JX":"1","GX":"1","CX":"1","HX":"1","FX":"1"},"H8":{"C5":"1","CG":"1","44":"1","7Q":"1","F4":"1","C7":"1","FF":"1","3X":"1","7V":"1","G5":"1","3R":"1","F3":"1","2R":"1","C3":"1","4Q":"1","9C":"1","54":"1","4C":"1","94":"1","9G":"1","H7":"1","96":"1","95":"1","FP":"1","G2":"1","CP":"1","89":"1","9F":"1","FG":"1","49":"1","2C":"1","2F":"1","C6":"1","2V":"1","HX":"1","73":"1","29":"1","55":"1","4R":"1","65":"1","3P":"1","GJ":"1","64":"1","G3":"1","72":"1","P6":"1","3Q":"1","GG":"1","P5":"1","3V":"1","C8":"1","C2":"1","GX":"1","63":"1","3C":"1","74":"1","39":"1","97":"1","3W":"1","G4":"1","99":"1","C4":"1","2W":"1","GF":"1","6R":"1","F5":"1","FM":"1","P9":"1","62":"1","23":"1","F2":"1","28":"1","2X":"1","6J":"1","CF":"1","7R":"1","J4":"1","68":"1"},"MV":{"4P":"1","2M":"1","5Q":"1","3M":"1","3Q":"1","4Q":"1","2J":"1","5P":"1","3J":"1","6M":"1","4J":"1","4M":"1","5M":"1","5J":"1","3P":"1","2P":"1"},"J7":{"CQ":"1","HP":"1","6V":"1","7R":"1","J9":"1"},"FF":{"C6":"1","95":"1","96":"1","C5":"1"},"96":{"X6":"1","89":"1","X8":"1","X7":"1","X4":"1","87":"1","HJ":"1","88":"1","X5":"1","79":"1","78":"1","77":"1"},"MP":{"HJ":"1"},"G8":{"GX":"1","44":"1","FP":"1","CG":"1","PG":"1","VC":"1","37":"1","WX":"1","8H":"1","XX":"1","5P":"1","45":"1","WH":"1","46":"1","52":"1","22":"1","FG":"1","XC":"1","8M":"1","VJ":"1","5M":"1","FH":"1","XW":"1","GJ":"1","XV":"1","CQ":"1","9J":"1","9P":"1","VH":"1","25":"1","VF":"1","24":"1","PQ":"1","5J":"1","WC":"1","M4":"1","FM":"1","9H":"1","36":"1","CJ":"1","QR":"1","VX":"1","QQ":"1","42":"1","FJ":"1","X9":"1","23":"1","J3":"1","FF":"1","9G":"1","9Q":"1","CH":"1","XH":"1","4J":"1","PR":"1","2F":"1","8J":"1","RM":"1","VG":"1","26":"1","HF":"1","H9":"1","79":"1","QV":"1","28":"1","WF":"1","2J":"1","77":"1","VM":"1","3H":"1","WG":"1","6M":"1","35":"1","FQ":"1","32":"1","PV":"1","RJ":"1","3J":"1","53":"1","9M":"1","CP":"1","WW":"1","3G":"1","34":"1","J4":"1","33":"1","GM":"1","CM":"1","54":"1","27":"1","43":"1","CF":"1"},"JX":{"M8":"1","P8":"1","M7":"1","P9":"1","M9":"1","P7":"1"},"8M":{"JM":"1","HJ":"1","JH":"1","JJ":"1"},"M7":{"X2":"1","W2":"1","R2":"1","9J":"1","V2":"1"}},"FQ":{"9W":{"XW":"1","XV":"1","XR":"1","XX":"1"},"CX":{"32":"1"},"FX":{"HW":"1","GW":"1","JX":"1","GX":"1","HX":"1","HV":"1"},"CW":{"3Q":"1","3V":"1","4R":"1","3W":"1","4Q":"1","2V":"1","3P":"1","2P":"1","2Q":"1","2X":"1","3X":"1","3R":"1","2W":"1","2R":"1","4V":"1"}},"C9":{"FW":{"5F":"1","4F":"1","5C":"1","4C":"1","5G":"1"},"7X":{"J2":"1","J3":"1"},"W2":{"FG":"1","FF":"1","GF":"1"},"FX":{"C8":"1","98":"1"},"W6":{"M8":"1","J8":"1","M9":"1","J9":"1"},"CW":{"HQ":"1","HR":"1","JR":"1","JV":"1","96":"1","HV":"1","86":"1","JQ":"1"},"9W":{"C6":"1","96":"1"},"5X":{"G5":"1","F5":"1"},"56":{"J9":"1","JC":"1","J2":"1","J6":"1","MC":"1","M2":"1","M9":"1","J5":"1"},"4P":{"FJ":"1","HJ":"1","GJ":"1","GM":"1","GH":"1"},"5P":{"P2":"1","P3":"1","M2":"1","M3":"1"},"7W":{"25":"1","34":"1","24":"1"},"55":{"MW":"1","JX":"1","MX":"1","JW":"1"},"9X":{"9R":"1","9V":"1","CR":"1","9Q":"1"},"2Q":{"RJ":"1","QJ":"1","QH":"1","PJ":"1","QM":"1"},"7V":{"FC":"1","GC":"1","FF":"1","GF":"1"},"6W":{"X4":"1"},"5Q":{"88":"1","78":"1"},"3R":{"X9":"1","X8":"1","W9":"1","W8":"1"},"2R":{"G7":"1","F7":"1","F8":"1","G8":"1"},"CX":{"WP":"1","65":"1","75":"1","G8":"1","G7":"1","VP":"1","VM":"1"},"52":{"MR":"1","MQ":"1","JR":"1","JQ":"1"},"4V":{"36":"1","37":"1","26":"1"},"8W":{"J6":"1","M6":"1"},"3M":{"PG":"1","MF":"1","PF":"1","MG":"1"},"6V":{"WG":"1","WF":"1","VG":"1","VF":"1"},"6X":{"MH":"1","PH":"1","MG":"1"}},"32":{"H2":{"4P":"1","2M":"1","3M":"1","2J":"1","3J":"1","4J":"1","4M":"1","3P":"1"}},"JP":{"WR":{"3X":"1"},"WJ":{"C9":"1","C8":"1","99":"1","98":"1"},"RJ":{"R5":"1","W6":"1","X9":"1","R2":"1","V6":"1","6G":"1","6H":"1","R3":"1","V5":"1","W8":"1","PH":"1","Q2":"1","V7":"1","W7":"1","Q3":"1","7G":"1","X8":"1","J7":"1","V8":"1","V4":"1","R4":"1"},"RH":{"HH":"1","MJ":"1","QH":"1","P9":"1","VQ":"1","RC":"1","R8":"1","PG":"1","JF":"1","PF":"1","XM":"1","Q9":"1","QF":"1","QG":"1","MG":"1","MF":"1","PH":"1","M9":"1","HJ":"1","VR":"1","JH":"1","WP":"1","XP":"1","PJ":"1","PC":"1","RR":"1","QC":"1","R9":"1","Q8":"1","MC":"1","QJ":"1","WQ":"1","MH":"1","JJ":"1","QM":"1","JG":"1","VP":"1","PM":"1","JC":"1"},"VH":{"HJ":"1","GP":"1","GW":"1","JQ":"1","7X":"1","FV":"1","JJ":"1","HG":"1","GG":"1","3W":"1","CP":"1","MQ":"1","GH":"1","MP":"1","GM":"1","QG":"1","2P":"1","FR":"1","2M":"1","HM":"1","FH":"1","JP":"1","CV":"1","2W":"1","HP":"1","JW":"1","JM":"1","8C":"1","F7":"1","P2":"1","8M":"1","6X":"1"},"VJ":{"34":"1","H4":"1","C5":"1","GC":"1","FH":"1","9C":"1","24":"1","33":"1","F4":"1","3G":"1","FG":"1","2G":"1","CM":"1","CC":"1","F7":"1","F3":"1","GQ":"1","23":"1","FQ":"1","22":"1"},"VG":{"5P":"1","7C":"1","6C":"1","5M":"1","6P":"1"},"V8":{"7P":"1"},"VM":{"GP":"1","MJ":"1","4H":"1","59":"1","HR":"1","H5":"1","3H":"1","GQ":"1","4J":"1","HQ":"1","HP":"1","3J":"1","HV":"1","GR":"1","3G":"1","CH":"1","5G":"1","4G":"1"}},"7P":{"VC":{"X6":"1"},"W9":{"98":"1","G6":"1","89":"1","G5":"1","99":"1","F5":"1","8J":"1","G9":"1","9M":"1","F9":"1","C9":"1","F8":"1","G8":"1","C6":"1","C8":"1","G7":"1","CC":"1","88":"1","87":"1","9C":"1","97":"1","C7":"1","F6":"1","F7":"1"},"W8":{"7X":"1","CJ":"1"},"WC":{"26":"1"}},"M2":{"22":{"86":"1","65":"1","64":"1","75":"1","66":"1","95":"1","96":"1","76":"1","85":"1","94":"1"},"27":{"GF":"1","GG":"1","GC":"1","9F":"1","CF":"1","FF":"1","9G":"1","9C":"1","HF":"1"}},"2G":{"PM":{"57":"1","36":"1","66":"1","25":"1","35":"1","56":"1","47":"1"},"3M":{"5P":"1","6P":"1"},"2J":{"RH":"1","HV":"1","XM":"1","RG":"1","HR":"1","PH":"1","VG":"1","GV":"1","XP":"1","PJ":"1","85":"1","GR":"1","VF":"1","RP":"1","RM":"1","QP":"1","PP":"1","VH":"1","QM":"1","VM":"1","VP":"1","PM":"1"},"3J":{"9H":"1","5F":"1","4G":"1","2M":"1","6F":"1","9G":"1","8H":"1","5G":"1","8G":"1","6G":"1","2P":"1"},"XX":{"F4":"1"}},"4V":{"65":{"MR":"1","JR":"1","JV":"1","MV":"1"},"34":{"XP":"1","WP":"1"}},"89":{"P5":{"MP":"1","HQ":"1","JP":"1","HR":"1","JW":"1","MR":"1","4J":"1","GG":"1","4M":"1","MQ":"1","JR":"1","JV":"1","MV":"1","JQ":"1"},"P4":{"76":"1","6H":"1","5H":"1","5G":"1","6G":"1"},"P3":{"CQ":"1"}},"MR":{"7X":{"32":"1","X8":"1","X7":"1","23":"1","43":"1","42":"1"},"8X":{"PG":"1","PF":"1","QH":"1","QG":"1","QF":"1"},"7W":{"2G":"1","4R":"1","3F":"1","38":"1","2H":"1","3P":"1","3H":"1","2J":"1","2M":"1","35":"1","3J":"1","3G":"1","4V":"1","3M":"1"},"9X":{"QR":"1","RR":"1","RV":"1","QV":"1","MV":"1","PV":"1"},"7V":{"26":"1","27":"1","2X":"1","2J":"1","2M":"1","3J":"1","3M":"1"},"6W":{"MM":"1","8G":"1","8F":"1","PR":"1","GF":"1","VC":"1","MJ":"1","FG":"1","FC":"1","99":"1","PH":"1","Q6":"1","PM":"1","GG":"1","WH":"1","GC":"1","RP":"1","G9":"1","9F":"1","7C":"1","V9":"1","F9":"1","CF":"1","9H":"1","C9":"1","G2":"1","7F":"1","F2":"1","QR":"1","FH":"1","FF":"1","CC":"1","RQ":"1","QQ":"1","CG":"1","RX":"1","PJ":"1","9G":"1","9C":"1","PQ":"1","MH":"1","8C":"1","CH":"1"},"5V":{"WM":"1"},"6M":{"5C":"1","49":"1","4C":"1","59":"1","58":"1"},"6R":{"FW":"1"},"6V":{"MM":"1","8F":"1","JQ":"1","HW":"1","X7":"1","X6":"1","4R":"1","4C":"1","7C":"1","68":"1","JP":"1","HP":"1","4V":"1","8C":"1"},"6X":{"W2":"1","R2":"1","Q2":"1","W3":"1","V3":"1","R4":"1","R3":"1","Q3":"1","V4":"1"}},"3J":{"89":{"XH":"1","XF":"1","P9":"1","RC":"1","X9":"1","PF":"1","XG":"1","RG":"1","Q9":"1","QF":"1","RF":"1","QG":"1","MF":"1","VG":"1","WC":"1","PC":"1","VF":"1","WH":"1","X8":"1","QC":"1","WG":"1","R9":"1","W9":"1","Q8":"1","MC":"1","WF":"1","VH":"1","XC":"1","VC":"1","P8":"1","V9":"1"},"PW":{"VC":"1","W9":"1","W8":"1","RC":"1","R9":"1","WC":"1","V8":"1","V9":"1","R8":"1"},"QW":{"3C":"1","29":"1","39":"1","2C":"1","4M":"1"},"99":{"29":"1","2C":"1","2G":"1","2F":"1"},"79":{"33":"1"},"PX":{"9R":"1","9V":"1","CR":"1","CV":"1"},"78":{"Q9":"1","8C":"1"}},"FR":{"C3":{"VQ":"1","WX":"1","PQ":"1","VW":"1","RQ":"1","RW":"1","QX":"1","QR":"1","PR":"1","QV":"1","VR":"1","PW":"1","RR":"1","VX":"1","RP":"1","VV":"1","RV":"1","QP":"1","QW":"1","QQ":"1","RX":"1","VP":"1","PV":"1"},"F2":{"J2":"1","H2":"1","G2":"1","J3":"1","H3":"1"},"C4":{"W2":"1","R2":"1","W4":"1","Q5":"1","Q2":"1","W3":"1","Q4":"1","V3":"1","R4":"1","R3":"1","Q3":"1","V4":"1","R5":"1","V2":"1"},"93":{"MM":"1","MJ":"1","PH":"1","PM":"1","PX":"1","RV":"1","QJ":"1","QV":"1","QM":"1","RX":"1","PJ":"1","QW":"1","QX":"1","RW":"1","PV":"1","PW":"1","MH":"1","QH":"1"}},"7J":{"72":{"C3":"1","C4":"1","G4":"1","G3":"1","F4":"1","F3":"1"}},"JF":{"8J":{"57":"1","Q3":"1","PH":"1","GF":"1","56":"1"},"9H":{"X8":"1","X7":"1"},"9M":{"2W":"1","2X":"1","3X":"1"},"CH":{"28":"1","27":"1"},"8H":{"CQ":"1","9V":"1","FW":"1","FX":"1","JJ":"1","57":"1","CP":"1","FQ":"1","75":"1","66":"1","CR":"1","CV":"1","9R":"1","67":"1"}},"G7":{"5F":{"23":"1","22":"1"},"39":{"MM":"1","WP":"1","MJ":"1","XQ":"1","PH":"1","PM":"1","WQ":"1","WM":"1","XP":"1","XM":"1","VF":"1","PJ":"1"},"HF":{"QQ":"1","PQ":"1","PP":"1"},"4F":{"X2":"1","X3":"1"},"2X":{"W2":"1","RG":"1","RH":"1","W3":"1","V3":"1","QG":"1","V2":"1","QH":"1"},"49":{"G6":"1","G5":"1","FG":"1","G4":"1","8J":"1","CJ":"1","9H":"1","2P":"1","2J":"1","2M":"1","FH":"1","CG":"1","9G":"1","8H":"1","6M":"1","3J":"1","9J":"1","3M":"1","CH":"1"},"59":{"Q6":"1","WF":"1","P5":"1","XF":"1","WC":"1","P6":"1","P7":"1","Q7":"1"},"3P":{"WP":"1","WM":"1","XM":"1"}},"3G":{"M4":{"XG":"1","XH":"1"},"4G":{"P2":"1","P3":"1"},"RR":{"8F":"1","89":"1","9F":"1","7C":"1","7F":"1","6F":"1","79":"1","9C":"1","8C":"1","6C":"1"},"P4":{"5Q":"1"},"RW":{"Q2":"1","P5":"1","Q4":"1","M5":"1","92":"1","C2":"1","P4":"1","85":"1","P2":"1"},"2X":{"C5":"1"},"PR":{"HH":"1","9G":"1","CG":"1","9J":"1","8P":"1","FR":"1","9M":"1","GJ":"1","8R":"1","9H":"1","6M":"1","6R":"1","7M":"1","6P":"1","FH":"1","8Q":"1","CQ":"1","FM":"1","7J":"1","6J":"1","8J":"1","GH":"1","6Q":"1","FG":"1","7P":"1","CM":"1","FJ":"1","9R":"1","GG":"1","8H":"1","9P":"1","CJ":"1","9Q":"1","7Q":"1","7R":"1","GM":"1","FQ":"1","FP":"1","CP":"1","8M":"1","GP":"1","CH":"1","CR":"1"},"RV":{"9X":"1","9W":"1","RW":"1","CX":"1","7V":"1","9V":"1","6V":"1","7R":"1","CW":"1","CV":"1","8W":"1","8R":"1"}},"F5":{"FQ":{"QP":"1","QM":"1"},"9R":{"X9":"1","X8":"1"},"3H":{"MJ":"1","PM":"1","MG":"1","MF":"1","QJ":"1","WG":"1","QM":"1","PJ":"1","VG":"1"},"GP":{"Q6":"1","R6":"1","R7":"1","Q7":"1"},"3J":{"H2":"1","G2":"1","G3":"1","H3":"1"},"GR":{"CQ":"1","MG":"1","9P":"1","CP":"1","6Q":"1","9Q":"1","MF":"1","PG":"1","PF":"1","6R":"1"}},"2R":{"XF":{"78":"1","6C":"1","CG":"1","9J":"1","95":"1","C5":"1","79":"1","5F":"1","86":"1","C9":"1","87":"1","6G":"1","CF":"1","C6":"1","6F":"1","5G":"1","7C":"1","7J":"1","8J":"1","97":"1","CC":"1","7G":"1","CJ":"1","99":"1","7H":"1","96":"1","88":"1","98":"1","CH":"1"},"HF":{"94":"1","85":"1","C4":"1","C6":"1","95":"1","96":"1","C5":"1"},"P6":{"Q5":"1","P5":"1","P6":"1","M5":"1"},"MM":{"M7":"1","Q6":"1","P8":"1","M8":"1","Q7":"1","P7":"1","P6":"1","Q8":"1"},"HP":{"7G":"1","6G":"1"},"8R":{"XP":"1","WP":"1","WM":"1","XQ":"1","XM":"1"},"PQ":{"3F":"1","J6":"1","M4":"1","3C":"1","2F":"1","39":"1","6H":"1","FH":"1","28":"1","4H":"1","6X":"1","58":"1","7J":"1","6J":"1","48":"1","M6":"1","3G":"1","M3":"1","7X":"1","XQ":"1","4F":"1","CJ":"1","4G":"1","5H":"1","7H":"1","29":"1","2C":"1","P5":"1","57":"1","M5":"1","P4":"1","47":"1","CH":"1","4C":"1"},"XG":{"FQ":"1","GQ":"1","FC":"1","FG":"1","FF":"1","GP":"1","FP":"1","CF":"1","CC":"1"},"8V":{"Q2":"1","Q3":"1","P3":"1"},"FH":{"C8":"1","98":"1"},"9C":{"4X":"1","3X":"1","6R":"1","5V":"1","3W":"1","6X":"1","5W":"1","7W":"1","4V":"1","7X":"1","2W":"1","5X":"1","3V":"1","4W":"1","6V":"1","6W":"1","5R":"1","2X":"1"},"RJ":{"97":"1","99":"1","9C":"1","98":"1"},"PR":{"M4":"1","J6":"1","62":"1","H5":"1","J4":"1","H6":"1","G6":"1","G4":"1","H4":"1","M5":"1","G5":"1","F5":"1","F4":"1","J5":"1","72":"1"},"M9":{"2W":"1"},"V7":{"PX":"1"},"M6":{"VH":"1"},"MR":{"GW":"1"},"CM":{"X5":"1"},"WC":{"M4":"1","P5":"1","P4":"1","M5":"1"},"FV":{"M4":"1","J4":"1","M5":"1","H5":"1","R5":"1","J5":"1","H4":"1"},"XQ":{"2H":"1","2M":"1","3M":"1","2J":"1","2G":"1","3J":"1","3P":"1","2P":"1"},"9R":{"2R":"1","2Q":"1"},"VV":{"FC":"1","HF":"1","G9":"1","GC":"1","HG":"1","HH":"1","GG":"1","HC":"1","F9":"1","GF":"1","GH":"1"},"99":{"36":"1","3F":"1","49":"1","3C":"1","2F":"1","5F":"1","38":"1","39":"1","5C":"1","35":"1","28":"1","26":"1","58":"1","48":"1","59":"1","27":"1","4F":"1","25":"1","29":"1","45":"1","2C":"1","37":"1","46":"1","57":"1","47":"1","4C":"1"},"MV":{"PM":"1","5M":"1","5J":"1","PJ":"1","MM":"1","MJ":"1"},"WH":{"RX":"1","PW":"1","QW":"1","QX":"1","PX":"1"},"9Q":{"Q5":"1","P5":"1","P6":"1","P7":"1"},"89":{"PG":"1","JG":"1","MH":"1","7X":"1","MF":"1","PH":"1","8X":"1","7W":"1","JH":"1","MG":"1","8W":"1"},"9F":{"43":"1","72":"1","63":"1","73":"1","54":"1","62":"1","64":"1","42":"1","82":"1","55":"1","44":"1","79":"1","53":"1","32":"1","52":"1"},"PP":{"GP":"1","Q6":"1","CW":"1","9W":"1","FP":"1","Q5":"1","FQ":"1","F2":"1","GQ":"1","C2":"1","R6":"1","Q7":"1","R5":"1","CV":"1","HQ":"1","HP":"1","GR":"1","P6":"1"},"8C":{"Q2":"1"},"J8":{"XJ":"1"},"GM":{"MM":"1","H9":"1","86":"1","77":"1","84":"1","HC":"1","JH":"1","75":"1","95":"1","96":"1","76":"1","87":"1","85":"1"},"V8":{"P2":"1","M2":"1"},"MP":{"8G":"1","8F":"1","5F":"1","7M":"1","7H":"1","8J":"1","7G":"1","7C":"1","6G":"1","6H":"1","7J":"1","7F":"1","6F":"1","8H":"1","8C":"1","6J":"1","5G":"1"},"WJ":{"P2":"1","Q2":"1","Q3":"1","R3":"1","R2":"1"},"QQ":{"38":"1","4F":"1","37":"1","86":"1","59":"1","6H":"1","8H":"1","CR":"1","88":"1","46":"1","8M":"1","47":"1","78":"1","39":"1","CQ":"1","9J":"1","48":"1","55":"1","9P":"1","49":"1","25":"1","6J":"1","5J":"1","58":"1","8Q":"1","36":"1","76":"1","4M":"1","4G":"1","7C":"1","75":"1","66":"1","65":"1","5C":"1","67":"1","9Q":"1","8P":"1","8R":"1","4J":"1","7F":"1","5H":"1","8J":"1","3M":"1","68":"1","26":"1","2M":"1","5F":"1","79":"1","56":"1","28":"1","2J":"1","77":"1","87":"1","4H":"1","3H":"1","35":"1","5G":"1","9R":"1","6F":"1","6C":"1","3P":"1","7P":"1","89":"1","4C":"1","3J":"1","9M":"1","7J":"1","CP":"1","57":"1","99":"1","7M":"1","CM":"1","69":"1","2P":"1","27":"1","64":"1","4P":"1","8C":"1"},"QJ":{"68":"1","69":"1","79":"1"},"CP":{"F7":"1","C6":"1","G6":"1","97":"1","F6":"1","96":"1","G5":"1","C5":"1","C7":"1","F5":"1"},"J9":{"XW":"1","VX":"1","XX":"1","WX":"1","WW":"1","VW":"1"},"98":{"PG":"1","MC":"1","MF":"1","PF":"1","QC":"1","QG":"1","QF":"1","PC":"1"},"MQ":{"X9":"1","X8":"1"},"R6":{"JF":"1","HF":"1","JC":"1","HC":"1"},"JC":{"X2":"1","W3":"1","W2":"1","V2":"1"}},"C8":{"8G":{"RQ":"1","VQ":"1","RR":"1","VV":"1","VR":"1","RV":"1"},"WP":{"XX":"1","WX":"1"},"XQ":{"Q4":"1","Q5":"1","P5":"1","P4":"1"},"W7":{"J6":"1","H5":"1","H6":"1"},"RF":{"32":"1","43":"1","42":"1","33":"1"},"XG":{"WG":"1","WF":"1","VG":"1","VF":"1"},"V6":{"52":"1"},"WQ":{"X2":"1","W2":"1"},"WH":{"89":"1","88":"1"},"XV":{"22":"1"},"J7":{"GF":"1","FC":"1","H3":"1","GC":"1","CF":"1","G2":"1","G3":"1","FF":"1","H2":"1"},"XM":{"CF":"1","9G":"1","9C":"1","CC":"1","9F":"1"},"M5":{"MP":"1","JP":"1","MQ":"1","JQ":"1"},"R3":{"VP":"1","VM":"1"},"WV":{"X2":"1","X3":"1"},"7Q":{"GV":"1","GR":"1","FV":"1"},"8R":{"VP":"1","RP":"1","RM":"1","VM":"1"},"WX":{"JP":"1","JQ":"1"},"V5":{"5X":"1","4X":"1"},"V7":{"7J":"1","7H":"1","7G":"1"},"R8":{"RR":"1","VV":"1","VR":"1","RV":"1"},"VW":{"PW":"1","QW":"1","PV":"1"},"P6":{"Q9":"1","RC":"1","R9":"1","QC":"1"},"6C":{"83":"1","94":"1","85":"1","84":"1"}},"4Q":{"XP":{"5F":"1","7F":"1","8F":"1","6F":"1","7C":"1","6C":"1","7G":"1","8G":"1","6G":"1"},"3C":{"6R":"1"},"75":{"76":"1"},"9M":{"PX":"1"}},"99":{"C5":{"8P":"1","8J":"1","Q5":"1","9M":"1","Q4":"1","R4":"1","7J":"1","R3":"1","V4":"1","R5":"1","8M":"1"},"HG":{"M4":"1","P5":"1","P4":"1","M5":"1"},"XJ":{"VX":"1"},"V8":{"GW":"1","GX":"1","FW":"1","FX":"1"},"F4":{"XG":"1","WG":"1","WH":"1","XH":"1"},"H5":{"GW":"1","GV":"1","GR":"1"},"XQ":{"WG":"1","WF":"1","XF":"1","WC":"1","VF":"1"},"P7":{"RQ":"1","RR":"1","RP":"1"},"MG":{"6J":"1","5H":"1","6M":"1","5M":"1","5J":"1"},"FC":{"J6":"1","J5":"1"},"XR":{"MH":"1","PH":"1","PJ":"1","MJ":"1"},"77":{"4P":"1","5P":"1","4M":"1","5M":"1"},"XP":{"2M":"1","3M":"1","2J":"1","3J":"1"},"67":{"9J":"1","MM":"1","9M":"1","HP":"1","PG":"1","PQ":"1","JM":"1","PH":"1","Q2":"1","JQ":"1","CM":"1","P2":"1","HQ":"1","Q3":"1","9P":"1","CJ":"1","PP":"1","MP":"1","M5":"1","CP":"1","JP":"1","MQ":"1","PM":"1"},"CC":{"5Q":"1","4R":"1","5R":"1"},"QC":{"82":"1","72":"1"},"V9":{"FR":"1","CR":"1","CV":"1","FV":"1"},"86":{"Q2":"1","P2":"1"},"C6":{"X4":"1","W5":"1","X5":"1"},"RH":{"RQ":"1","QQ":"1","QP":"1","RP":"1","QM":"1"},"XM":{"R3":"1","V3":"1","R2":"1","V2":"1"},"J2":{"VQ":"1","WQ":"1","VR":"1","WR":"1"},"R2":{"QQ":"1","QR":"1","PQ":"1","PP":"1"},"PG":{"C3":"1","94":"1","C4":"1"},"R8":{"7J":"1","8J":"1","7M":"1","8M":"1"},"GC":{"3F":"1","WH":"1","WJ":"1","3C":"1","VH":"1","2C":"1","2F":"1"},"RJ":{"6J":"1","6M":"1","7M":"1"},"Q9":{"7X":"1","8X":"1"},"GF":{"MC":"1","JC":"1","M9":"1","J9":"1"},"79":{"H8":"1","M8":"1","J7":"1","J8":"1","H7":"1"},"VJ":{"QQ":"1","QP":"1","PM":"1","PQ":"1","PP":"1","QM":"1"},"JF":{"V7":"1","H2":"1","R7":"1","V8":"1","H3":"1","R8":"1"},"M6":{"7J":"1","6J":"1","7P":"1","6M":"1","7M":"1"},"R9":{"FG":"1","FF":"1","GF":"1"},"QG":{"6V":"1","5V":"1","5W":"1","6W":"1"},"85":{"2W":"1","PW":"1","QX":"1","3W":"1","PX":"1"},"68":{"Q6":"1","R9":"1","Q5":"1","P3":"1","R7":"1","P4":"1","Q7":"1","R6":"1","Q9":"1","M3":"1","P2":"1","Q8":"1"}},"33":{"2G":{"VM":"1","WH":"1","QR":"1","V8":"1","PH":"1","VG":"1","MV":"1","QC":"1","V9":"1","RF":"1","RC":"1","RH":"1","PW":"1","QF":"1","QW":"1","MW":"1","RG":"1","WJ":"1","RP":"1","QH":"1","PR":"1","QM":"1","VP":"1","VF":"1","WG":"1","PG":"1","R8":"1","RM":"1","QP":"1","QJ":"1","RJ":"1","Q9":"1","QV":"1","VJ":"1","V7":"1","PV":"1","VH":"1","VC":"1","VR":"1","R9":"1","QG":"1"},"3F":{"2M":"1","2J":"1","2P":"1"},"2F":{"MP":"1","GW":"1","JX":"1","XJ":"1","PQ":"1","MR":"1","PR":"1","MQ":"1"}},"GM":{"W2":{"G4":"1","G3":"1"},"Q8":{"9C":"1"}},"G8":{"HR":{"P2":"1","M2":"1","M3":"1"},"F2":{"8X":"1","8W":"1"},"2R":{"GW":"1","4W":"1","FW":"1","5X":"1","5W":"1","4X":"1"},"8P":{"5F":"1","5G":"1"},"38":{"MC":"1","P9":"1","M9":"1","PC":"1"},"2G":{"3Q":"1","2Q":"1","3P":"1","2P":"1"},"6M":{"64":"1","65":"1","53":"1","54":"1","55":"1","63":"1"},"F8":{"R7":"1","R8":"1"},"9Q":{"89":"1","99":"1","88":"1","98":"1"},"7G":{"XP":"1","WP":"1","WM":"1","XM":"1"},"2Q":{"CF":"1","CG":"1","9G":"1","9F":"1"},"PC":{"H5":"1","G4":"1","H4":"1","G5":"1"},"F3":{"82":"1"}},"MF":{"HP":{"48":"1","46":"1","47":"1"}},"6P":{"FC":{"4X":"1"},"3Q":{"MX":"1","PW":"1","QW":"1","HH":"1","P6":"1","QX":"1","PX":"1"},"4R":{"36":"1","MJ":"1","MM":"1","FR":"1","HP":"1","PQ":"1","XM":"1","RQ":"1","JM":"1","CQ":"1","PR":"1","GV":"1","JQ":"1","FW":"1","JR":"1","MR":"1","CV":"1","FV":"1","27":"1","GR":"1","HQ":"1","RP":"1","J5":"1","GQ":"1","QP":"1","PP":"1","MP":"1","FQ":"1","QQ":"1","HM":"1","JP":"1","CR":"1","MQ":"1"},"6Q":{"59":"1"},"69":{"32":"1","37":"1","33":"1"},"68":{"3X":"1"},"2Q":{"QQ":"1","3M":"1","MX":"1"},"7Q":{"MM":"1","HJ":"1","GF":"1","MJ":"1","JJ":"1","HG":"1","JC":"1","GG":"1","MG":"1","HC":"1","GH":"1","MP":"1","JH":"1","HH":"1","JG":"1","JF":"1","HF":"1","MH":"1"},"3R":{"54":"1","57":"1","Q6":"1","65":"1","64":"1","F9":"1","55":"1","F8":"1","G8":"1","M2":"1","P2":"1"},"2R":{"HJ":"1"},"JR":{"M8":"1"},"C7":{"4P":"1","5Q":"1","4Q":"1","5P":"1"},"4V":{"WG":"1","WH":"1","VG":"1","VH":"1"},"5R":{"4R":"1"},"CH":{"FQ":"1","FR":"1"}},"HJ":{"43":{"HR":"1","5H":"1","4H":"1","GR":"1","HV":"1"},"22":{"44":"1","43":"1","34":"1","33":"1"},"28":{"5Q":"1","5R":"1"},"55":{"RJ":"1","XH":"1"},"7F":{"57":"1","24":"1"},"33":{"VX":"1","WX":"1"},"34":{"W2":"1","V2":"1"},"23":{"WG":"1","WH":"1","VG":"1","VH":"1"},"JM":{"H8":"1","J7":"1","H7":"1"},"6C":{"QP":"1","QM":"1"}},"69":{"RR":{"HP":"1","3J":"1"}},"F6":{"X9":{"VJ":"1"},"VC":{"2X":"1","3X":"1"},"RF":{"X2":"1"},"PC":{"RM":"1","X5":"1","X7":"1","X6":"1","XP":"1","X4":"1","RJ":"1","RH":"1","RV":"1","XM":"1","QJ":"1","QM":"1","X8":"1","RR":"1","QH":"1"},"W9":{"MP":"1"},"R9":{"64":"1","65":"1"},"XP":{"Q6":"1","Q5":"1","P5":"1","P6":"1"},"RG":{"2R":"1","2V":"1"},"P5":{"PW":"1","QW":"1","QX":"1","PX":"1"},"VF":{"32":"1","22":"1"},"QG":{"XR":"1","XV":"1"},"FR":{"X3":"1","X4":"1"},"WG":{"8J":"1"},"PG":{"MM":"1","JJ":"1","MJ":"1"},"RC":{"XX":"1"},"P4":{"C3":"1","94":"1","C4":"1","93":"1"},"QC":{"CG":"1","H5":"1","J6":"1","3R":"1","2M":"1","2R":"1","CJ":"1","59":"1","9C":"1","4C":"1","26":"1","25":"1","CM":"1","76":"1","FR":"1","67":"1","6F":"1","CC":"1","9F":"1","27":"1","49":"1","2C":"1","2F":"1","29":"1","5C":"1","3Q":"1","J5":"1","3C":"1","66":"1","39":"1","H6":"1","3F":"1","6C":"1","2Q":"1","5F":"1","2P":"1","FM":"1","4F":"1","28":"1","FJ":"1","69":"1","CF":"1"},"V8":{"R5":"1","Q4":"1","R4":"1"},"QF":{"G4":"1","95":"1","G5":"1","F5":"1","F4":"1"}},"JW":{"F9":{"RX":"1","VV":"1","VX":"1","VW":"1"}},"2P":{"MJ":{"VX":"1","WX":"1"},"P9":{"F2":"1","G2":"1","G3":"1","F3":"1"},"MM":{"W3":"1","W2":"1","V3":"1","V2":"1"},"C3":{"J4":"1","J3":"1"},"WX":{"XV":"1","XR":"1","WQ":"1","WR":"1","WV":"1"},"4Q":{"XV":"1","WR":"1","VQ":"1","WX":"1","PQ":"1","VW":"1","RQ":"1","WV":"1","RJ":"1","RW":"1","QX":"1","WW":"1","QR":"1","PR":"1","QV":"1","JQ":"1","MR":"1","VR":"1","WP":"1","PW":"1","PJ":"1","RR":"1","VX":"1","RP":"1","VV":"1","MV":"1","RM":"1","VJ":"1","RV":"1","QP":"1","PP":"1","MP":"1","QW":"1","QQ":"1","QJ":"1","WQ":"1","RX":"1","QM":"1","VP":"1","VM":"1","MQ":"1","PV":"1"},"4R":{"R3":"1","V3":"1","R2":"1","V2":"1"},"QG":{"7V":"1","7R":"1","8R":"1"},"3J":{"5Q":"1","4R":"1","5R":"1","4Q":"1"},"5W":{"6C":"1","CG":"1","XV":"1","H9":"1","XW":"1","5F":"1","G9":"1","GC":"1","5C":"1","C9":"1","6G":"1","CF":"1","GF":"1","FH":"1","9C":"1","6F":"1","4H":"1","5G":"1","7C":"1","F9":"1","FC":"1","FG":"1","HC":"1","4F":"1","CC":"1","GG":"1","4G":"1","5H":"1","FF":"1","9F":"1"},"4V":{"V7":"1","W7":"1"},"WM":{"83":"1","49":"1","59":"1"},"XJ":{"HQ":"1","JP":"1","HP":"1","G7":"1","F7":"1","C8":"1","F8":"1","27":"1"},"C2":{"2G":"1"},"5X":{"98":"1","99":"1","Q6":"1","Q5":"1","P5":"1","Q4":"1","C9":"1","F8":"1","C8":"1","Q7":"1","97":"1","C7":"1","P6":"1","F7":"1"},"J5":{"2X":"1"},"J7":{"45":"1","53":"1"},"RV":{"33":"1"},"46":{"65":"1","M5":"1"},"6W":{"3V":"1","2W":"1","2V":"1","3W":"1"},"MP":{"MM":"1","JQ":"1","MQ":"1","MP":"1","HR":"1","MR":"1","HM":"1","JP":"1","HQ":"1","JR":"1","HP":"1","JM":"1"},"WJ":{"MC":"1","P9":"1","PF":"1","PC":"1"},"8W":{"W3":"1"},"H5":{"XX":"1"},"47":{"54":"1"},"P8":{"GX":"1"},"MQ":{"98":"1","99":"1","JC":"1","3F":"1","38":"1","HC":"1","3C":"1","C9":"1","C8":"1","JF":"1","9C":"1","97":"1","HF":"1","C7":"1"}},"H6":{"PG":{"9H":"1","9J":"1"},"H6":{"98":"1","89":"1","99":"1","F4":"1","J4":"1","F5":"1","M6":"1","83":"1","J7":"1","M5":"1","J6":"1","82":"1","H5":"1","88":"1","J5":"1","H4":"1"}},"MV":{"92":{"44":"1","43":"1","34":"1","33":"1"}},"GF":{"Q4":{"H2":"1","G2":"1"},"RC":{"J4":"1","H4":"1","H3":"1"},"86":{"RX":"1","VX":"1"},"92":{"HW":"1","JX":"1","JW":"1"},"V3":{"V7":"1","W5":"1","W6":"1","V5":"1","V6":"1"},"87":{"R2":"1","V2":"1"},"W2":{"37":"1","39":"1","38":"1","48":"1","47":"1"},"RJ":{"R5":"1","W3":"1","X3":"1","X4":"1","W4":"1"},"W8":{"4P":"1","5Q":"1","4Q":"1","5P":"1"},"5G":{"69":"1"},"7J":{"CQ":"1","XC":"1","QP":"1","FQ":"1","HR":"1","CR":"1","FR":"1","MC":"1","J8":"1","HQ":"1","GR":"1"},"8J":{"29":"1","26":"1","5J":"1","38":"1","47":"1","48":"1","46":"1","27":"1","35":"1","39":"1","32":"1","37":"1","2C":"1","2F":"1","36":"1"},"97":{"Q4":"1","Q3":"1","Q5":"1","P5":"1","P4":"1","P3":"1"},"66":{"CQ":"1","JX":"1","MX":"1","9Q":"1"},"P7":{"GQ":"1","HQ":"1","HP":"1","GP":"1"},"85":{"PW":"1","QW":"1","QV":"1","PV":"1"},"Q3":{"GX":"1","HX":"1"},"F3":{"M4":"1","P4":"1","P3":"1","M3":"1"},"67":{"H9":"1","Q6":"1","77":"1","5J":"1","GC":"1","HC":"1","J2":"1","C8":"1","76":"1","Q7":"1","5H":"1","M2":"1","87":"1","P7":"1","97":"1","C7":"1","P6":"1"},"VJ":{"82":"1","9G":"1","9C":"1","8G":"1","9F":"1"},"96":{"HW":"1","HX":"1"},"7Q":{"6V":"1"},"VH":{"9V":"1","8X":"1","9W":"1","8P":"1","9P":"1","7G":"1","7C":"1","6G":"1","7F":"1","8R":"1","6F":"1","8V":"1","8W":"1","9R":"1","6C":"1"},"WJ":{"5F":"1","6H":"1","6F":"1","5G":"1","6G":"1"},"72":{"VG":"1","QG":"1","RG":"1","RF":"1","VH":"1","RH":"1"},"8M":{"C4":"1","C5":"1","F5":"1","F4":"1"},"74":{"R3":"1","V3":"1","R4":"1"},"R6":{"84":"1","G9":"1","F9":"1","F8":"1","G8":"1","G7":"1","85":"1","F7":"1"}},"QW":{"28":{"7X":"1","6X":"1","5X":"1"},"29":{"43":"1","72":"1","63":"1","73":"1","62":"1","8P":"1","9M":"1","83":"1","82":"1","9H":"1","27":"1","44":"1","53":"1","52":"1","37":"1","9J":"1","36":"1"}},"GH":{"9V":{"73":"1","62":"1","JC":"1","72":"1"},"XJ":{"3H":"1","2J":"1","3J":"1","4J":"1","XX":"1","M5":"1","M6":"1"},"WH":{"6C":"1","69":"1","5C":"1","59":"1"},"CG":{"73":"1","74":"1"},"PP":{"X3":"1","X4":"1"},"F4":{"R5":"1","Q6":"1","R6":"1"},"CQ":{"W8":"1","GF":"1","VC":"1","FC":"1","X5":"1","PC":"1","X7":"1","X6":"1","5J":"1","P8":"1","GC":"1","9F":"1","V9":"1","CF":"1","6H":"1","C9":"1","VJ":"1","FF":"1","CC":"1","X8":"1","PF":"1","5H":"1","QC":"1","P7":"1","9G":"1","9C":"1","QF":"1","6J":"1"},"C7":{"63":"1"},"G5":{"HM":"1","JM":"1","HJ":"1","JJ":"1"},"F3":{"P2":"1"},"8W":{"F7":"1","C6":"1","F6":"1","C7":"1","F5":"1"},"8H":{"32":"1","23":"1","22":"1","33":"1"},"JP":{"XJ":"1","XM":"1"},"9C":{"HQ":"1","JP":"1","HP":"1","JQ":"1"},"GW":{"7J":"1","FC":"1","7H":"1","FF":"1","CF":"1","7G":"1","CC":"1"},"VG":{"2C":"1","2F":"1"},"HV":{"9H":"1","9G":"1","8H":"1","8G":"1"},"9G":{"F2":"1","G3":"1","F3":"1"},"96":{"X4":"1","X5":"1"},"FP":{"63":"1","73":"1","64":"1","38":"1","MQ":"1","MP":"1","48":"1","J2":"1","CC":"1","M2":"1","74":"1","PQ":"1","PP":"1","CH":"1"},"XP":{"W2":"1","J3":"1","W3":"1","V3":"1","J2":"1","M2":"1","V2":"1"},"V4":{"P2":"1","P3":"1","M2":"1","M3":"1"},"G2":{"VQ":"1","VV":"1","WQ":"1","VR":"1","WR":"1","WV":"1"},"CM":{"R3":"1","V3":"1","R2":"1","V2":"1"},"CP":{"6R":"1","5R":"1","6V":"1","5V":"1"},"FR":{"X2":"1"},"6H":{"JP":"1","JM":"1"},"J3":{"RF":"1","3Q":"1","4R":"1","WM":"1","4Q":"1","RG":"1","RH":"1","XM":"1","VH":"1","3R":"1","VG":"1"},"87":{"WH":"1","XJ":"1","WJ":"1","XH":"1"},"XC":{"6X":"1","5X":"1","5W":"1","6W":"1"},"9F":{"4R":"1","5R":"1","4V":"1","5V":"1"},"92":{"R9":"1","V8":"1","V9":"1","R8":"1"},"GP":{"Q9":"1","RC":"1","R9":"1","QC":"1"},"VV":{"X2":"1","W2":"1"},"98":{"82":"1","72":"1"},"HR":{"2H":"1","G6":"1"},"Q3":{"Q9":"1","P9":"1","QC":"1","PC":"1"},"XH":{"XW":"1","XV":"1","XR":"1","WR":"1","WV":"1"},"XM":{"X2":"1","JX":"1","MX":"1","PW":"1","R7":"1","87":"1","88":"1","PV":"1","8W":"1","R8":"1","77":"1"},"X7":{"Q6":"1","R6":"1","R7":"1","Q7":"1"},"RG":{"J6":"1","P5":"1","XF":"1","XC":"1","P6":"1","M5":"1","M6":"1"},"G3":{"43":"1","W7":"1","QP":"1","W6":"1","V6":"1","42":"1","V7":"1","QQ":"1","PQ":"1","52":"1","PP":"1"},"9R":{"4P":"1","4Q":"1","8J":"1","3P":"1","C8":"1","4J":"1","9C":"1","C7":"1","3J":"1","4M":"1","3M":"1","8M":"1"},"R2":{"WM":"1","XJ":"1","WJ":"1","XM":"1"},"6Q":{"FQ":"1","FP":"1"},"J5":{"92":"1","6R":"1","7V":"1","6V":"1","7R":"1"},"9Q":{"MM":"1","8G":"1","8F":"1","7M":"1","8J":"1","7G":"1","MP":"1","RV":"1","R7":"1","7J":"1","7F":"1","GQ":"1","Q7":"1","RX":"1","QW":"1","6M":"1","QX":"1","2C":"1","RW":"1","PP":"1","J5":"1","6J":"1","8M":"1"},"GX":{"HW":"1","JX":"1","HX":"1","JW":"1"},"WW":{"P8":"1","P9":"1","M9":"1","PC":"1"},"6P":{"3J":"1"},"WC":{"C9":"1","C8":"1","F9":"1","CC":"1"},"WG":{"89":"1","79":"1"},"97":{"J6":"1","WH":"1","7X":"1","8X":"1","WJ":"1","M5":"1","J5":"1"},"RM":{"XG":"1","WG":"1","WF":"1","XF":"1","XC":"1","WC":"1"},"9X":{"H2":"1","G2":"1","G3":"1","H3":"1"},"FQ":{"9M":"1","CM":"1","26":"1","9P":"1","25":"1","XX":"1","CP":"1"},"H2":{"Q9":"1","RC":"1","R9":"1","QC":"1"},"5P":{"QG":"1","RG":"1","RF":"1"},"MP":{"2M":"1","2J":"1"},"JR":{"68":"1","69":"1","59":"1","58":"1"},"GR":{"23":"1","22":"1"},"QQ":{"JF":"1","HF":"1","JC":"1","HC":"1"},"WR":{"GQ":"1","2G":"1","GP":"1","2F":"1"},"F5":{"MP":"1","J2":"1","H2":"1","PQ":"1","PP":"1","J3":"1","MQ":"1","H3":"1"},"X6":{"HQ":"1","JP":"1","WM":"1","HP":"1","XJ":"1","WJ":"1","XH":"1","JQ":"1"},"FM":{"Q4":"1","P3":"1","MX":"1","Q3":"1","6F":"1","P4":"1","6C":"1","JX":"1"},"XF":{"XQ":"1","XV":"1","XR":"1","WQ":"1","WR":"1"},"V3":{"FW":"1"},"R5":{"89":"1","99":"1","88":"1"},"F2":{"PX":"1"},"VR":{"XG":"1","XF":"1","XX":"1","WX":"1"},"FJ":{"8P":"1","9P":"1","8Q":"1","9Q":"1"},"CF":{"5G":"1","6G":"1"},"QX":{"5R":"1"},"J4":{"9X":"1","8X":"1"}},"64":{"96":{"86":"1","26":"1","27":"1","C6":"1","95":"1","96":"1","76":"1","87":"1","97":"1","C7":"1","85":"1","C5":"1"},"86":{"X9":"1","W7":"1","W6":"1","V6":"1","X7":"1","J7":"1","J8":"1","V7":"1"}},"FC":{"X9":{"6X":"1","6W":"1"},"X4":{"HH":"1","HJ":"1","JH":"1","JJ":"1"},"WQ":{"8F":"1","8C":"1"},"R7":{"8V":"1","7V":"1","7W":"1","8W":"1"}},"4P":{"H4":{"P2":"1","P3":"1","V8":"1","R8":"1"},"J6":{"6P":"1"},"XW":{"2X":"1"},"65":{"3V":"1","4R":"1","4V":"1","2G":"1","3R":"1"},"WX":{"R5":"1","M4":"1","W3":"1","Q4":"1","J2":"1","R2":"1","V3":"1","W2":"1","R3":"1","P3":"1","V5":"1","Q5":"1","Q2":"1","M3":"1","X3":"1","V2":"1","P2":"1","Q3":"1","X2":"1","W4":"1","M2":"1","J4":"1","J3":"1","P4":"1","V4":"1","R4":"1"},"6M":{"RX":"1","VX":"1","WX":"1"},"V3":{"2G":"1","2F":"1"},"7M":{"F7":"1","C8":"1","82":"1","F8":"1","C7":"1","72":"1"},"H3":{"XH":"1","CG":"1","8X":"1","G7":"1","R2":"1","V3":"1","GF":"1","R3":"1","MG":"1","Q2":"1","F9":"1","F8":"1","HJ":"1","JH":"1","V2":"1","F7":"1","Q3":"1","HW":"1","FF":"1","89":"1","MP":"1","G8":"1","9X":"1","R4":"1","88":"1","JG":"1","MQ":"1"},"6P":{"X5":"1","W2":"1","R2":"1","W4":"1","X4":"1","W3":"1","V3":"1","R3":"1","X2":"1","W5":"1","X3":"1","V2":"1"},"FH":{"X2":"1"},"R3":{"XJ":"1"},"55":{"MM":"1","8F":"1","RM":"1","GF":"1","FG":"1","FW":"1","QP":"1","2G":"1","CW":"1","9W":"1","PM":"1","GG":"1","WH":"1","RJ":"1","9Q":"1","7C":"1","VH":"1","QJ":"1","7F":"1","6F":"1","HM":"1","QM":"1","FF":"1","4J":"1","PJ":"1","HV":"1","PP":"1","8C":"1","2F":"1"},"WW":{"MX":"1","VX":"1","XX":"1","WX":"1","PX":"1"},"Q7":{"48":"1","47":"1","58":"1"},"PR":{"CX":"1"},"7J":{"7X":"1","8X":"1"},"64":{"3C":"1","39":"1","5C":"1","49":"1","4C":"1","59":"1"},"GH":{"4P":"1","22":"1"},"JR":{"WP":"1","XQ":"1","WR":"1","WQ":"1","VR":"1","WM":"1","XP":"1","Q2":"1","XV":"1","XM":"1","XR":"1","VQ":"1"},"4V":{"5F":"1","4F":"1"},"FG":{"43":"1","W2":"1","XG":"1","HG":"1","VR":"1","WH":"1","XP":"1","WJ":"1","XV":"1","JH":"1","W3":"1","XH":"1","XX":"1","XF":"1","WX":"1","44":"1","HH":"1","X2":"1","Q7":"1","53":"1","Q9":"1","JG":"1","X3":"1","HF":"1"},"7P":{"23":"1","22":"1","24":"1"},"X3":{"FM":"1","89":"1","FF":"1","FJ":"1","GF":"1"},"MR":{"2R":"1","2V":"1","2Q":"1","2P":"1"},"C4":{"VC":"1","W9":"1","G9":"1","WC":"1","V9":"1"},"GG":{"98":"1","8F":"1","89":"1","99":"1","86":"1","2G":"1","59":"1","4C":"1","3F":"1","4Q":"1","2H":"1","3H":"1","7F":"1","2X":"1","2J":"1","44":"1","96":"1","79":"1","88":"1","78":"1","3J":"1","5C":"1","8C":"1","2F":"1"},"MV":{"C2":"1"},"J5":{"J6":"1","M4":"1","P6":"1","R8":"1","Q9":"1","R7":"1","Q5":"1","Q7":"1","M6":"1","P7":"1","J5":"1","R9":"1","Q8":"1","P5":"1","V8":"1","M5":"1","P4":"1","Q6":"1","P8":"1"},"45":{"XG":"1","GV":"1","XF":"1","JV":"1"},"RV":{"3W":"1"},"FF":{"WP":"1","XX":"1","WX":"1"},"89":{"J2":"1","MC":"1","P9":"1","M9":"1","PC":"1"},"96":{"86":"1","63":"1","73":"1","54":"1","65":"1","64":"1","84":"1","75":"1","83":"1","66":"1","76":"1","53":"1","74":"1","85":"1"},"56":{"45":"1","63":"1","54":"1","62":"1","64":"1","55":"1","44":"1","53":"1"},"3Q":{"W6":"1","P9":"1","P6":"1","R8":"1","X9":"1","V6":"1","Q9":"1","W8":"1","R7":"1","Q5":"1","Q7":"1","V7":"1","X7":"1","W7":"1","P7":"1","X8":"1","R9":"1","W9":"1","Q8":"1","V8":"1","Q6":"1","P8":"1","R6":"1","V9":"1"},"J3":{"2H":"1","6H":"1"},"JP":{"7R":"1","7P":"1","5P":"1","6Q":"1","8Q":"1","7Q":"1","8R":"1","5M":"1","7V":"1","6P":"1","5Q":"1","6M":"1","6R":"1","6V":"1"},"88":{"JX":"1"},"VP":{"XP":"1","WP":"1","WM":"1","XM":"1"},"CH":{"PG":"1","QJ":"1","PH":"1","QH":"1","QG":"1","PJ":"1"},"74":{"XW":"1","XV":"1"},"XX":{"23":"1","22":"1"},"H2":{"RX":"1"},"PV":{"98":"1","8F":"1","89":"1","FC":"1","99":"1","54":"1","65":"1","64":"1","G9":"1","75":"1","9F":"1","7C":"1","F9":"1","CF":"1","55":"1","C9":"1","G8":"1","C8":"1","CC":"1","79":"1","88":"1","87":"1","9C":"1","97":"1","8C":"1"}},"CF":{"H2":{"57":"1","4C":"1","58":"1"},"82":{"FW":"1"}},"8C":{"PV":{"66":"1","67":"1","G8":"1"},"72":{"XJ":"1","MG":"1","WH":"1","WJ":"1","JH":"1","XH":"1","XM":"1","GJ":"1","MF":"1","JG":"1","JF":"1"}},"G6":{"4P":{"RJ":"1","VJ":"1","RH":"1"},"4G":{"H5":"1","J4":"1","XX":"1","WX":"1","J5":"1"},"3M":{"VC":"1","RF":"1","WF":"1","WC":"1","Q4":"1","VV":"1","VF":"1","WV":"1","Q3":"1","RC":"1","P4":"1","VW":"1","WW":"1"},"3Q":{"VC":"1","WC":"1","V9":"1"},"3F":{"R5":"1","Q5":"1"},"3R":{"4G":"1","4F":"1","3G":"1","3F":"1","2F":"1"},"4H":{"W2":"1"},"2Q":{"C8":"1","97":"1","C7":"1","98":"1"},"3P":{"GJ":"1"}},"H2":{"VW":{"32":"1","23":"1","22":"1","24":"1","33":"1"},"G8":{"GQ":"1","HQ":"1","HM":"1","HP":"1","GP":"1","GM":"1"},"JM":{"29":"1","2C":"1"},"GH":{"XW":"1","XX":"1"},"PP":{"29":"1","2C":"1","VG":"1","VF":"1","RG":"1","RF":"1"},"H5":{"FM":"1","CM":"1","FP":"1","FJ":"1","CP":"1"},"W9":{"7F":"1","7G":"1"},"HH":{"7X":"1"},"MG":{"PG":"1","PF":"1","MG":"1","QF":"1"},"MH":{"68":"1","67":"1"},"8H":{"X9":"1","X8":"1","W9":"1","XC":"1","W8":"1"},"G9":{"83":"1","JF":"1","94":"1","84":"1","JG":"1","MF":"1","93":"1"},"CR":{"39":"1","38":"1"},"M7":{"89":"1","99":"1","9C":"1","8C":"1"},"QC":{"VP":"1","RP":"1","RM":"1"},"V9":{"4P":"1","4M":"1"},"W3":{"Q2":"1","P2":"1"},"MX":{"X9":"1","WF":"1","XF":"1","XC":"1","WC":"1"},"VV":{"2X":"1","3X":"1"},"HX":{"59":"1","7H":"1","7G":"1","6G":"1","69":"1","7F":"1","2X":"1","6F":"1","2W":"1","5C":"1","6C":"1"},"98":{"XW":"1","9R":"1","8P":"1","8Q":"1","9P":"1","XV":"1","9Q":"1","8R":"1"},"9H":{"29":"1","2C":"1"},"HW":{"H9":"1","G9":"1","GC":"1","HC":"1"},"HJ":{"46":"1","82":"1","4H":"1","48":"1","44":"1","C7":"1","7V":"1","35":"1","CJ":"1","34":"1","37":"1","5H":"1","54":"1","57":"1","8J":"1","8M":"1","36":"1","CM":"1","6H":"1","9M":"1","33":"1","7H":"1","73":"1","5C":"1","55":"1","43":"1","GJ":"1","72":"1","C8":"1","47":"1","74":"1","97":"1","9J":"1","45":"1","4G":"1","3F":"1","6G":"1","6R":"1","5F":"1","FJ":"1","6V":"1","7R":"1"},"HM":{"X9":"1","XC":"1"},"GJ":{"64":"1","XP":"1","75":"1","65":"1","74":"1","XJ":"1","RC":"1","V8":"1","QC":"1","V9":"1","XM":"1"},"MQ":{"H9":"1","FC":"1","HF":"1","G9":"1","GC":"1","HC":"1","F9":"1","GF":"1"},"GG":{"3M":"1","4M":"1","3P":"1"},"9R":{"2H":"1","32":"1","3G":"1","2G":"1","3F":"1","4J":"1","22":"1","4M":"1","5M":"1","5J":"1","2F":"1"},"QM":{"8V":"1","9W":"1","9V":"1","8W":"1"},"W2":{"QX":"1","PX":"1"},"C8":{"2W":"1"},"9Q":{"2X":"1","3X":"1"},"GX":{"XW":"1","XP":"1","XQ":"1","RX":"1","RW":"1","QW":"1","RV":"1","QV":"1","QX":"1","XX":"1"},"PG":{"9R":"1","9Q":"1","8R":"1"},"WQ":{"89":"1","7C":"1","79":"1","8C":"1"},"RW":{"X5":"1","W4":"1","X4":"1","W3":"1","V3":"1","V5":"1","V4":"1","W5":"1","X3":"1"},"FQ":{"G6":"1","H7":"1","G5":"1","9V":"1","J9":"1","H6":"1","GG":"1","MG":"1","GH":"1","GJ":"1","MF":"1","H8":"1","CR":"1","FH":"1","PG":"1","G7":"1","PF":"1","CV":"1","9R":"1"},"9J":{"57":"1","67":"1","58":"1"},"PX":{"8F":"1","9G":"1","8G":"1","9F":"1"},"MP":{"X9":"1","JQ":"1","XC":"1","RP":"1","WC":"1","JP":"1","VP":"1","JR":"1","VM":"1"},"W7":{"HR":"1","GV":"1","GR":"1","HV":"1"},"X5":{"RX":"1"},"99":{"M7":"1","P8":"1","GH":"1","WF":"1","GJ":"1","M8":"1","XF":"1","WG":"1","P7":"1"},"JF":{"QR":"1","RR":"1","RV":"1","QV":"1"},"VH":{"48":"1","49":"1"},"GM":{"85":"1","87":"1","86":"1"},"R9":{"JG":"1","MH":"1","JH":"1","MG":"1"}}}}