{"index":{"university,1|retail,2|tourism,3|wreck,4|historical,5|artsCulture,6|namedBuilding,7|water,8|wetland,9|park,10|beach,11|natureReserve,12|cemetery,13|trail,14":{}},"8M":{"VC":{"Q4":{"7P":"1","CM":"1","8P":"1","7M":"1","9P":"1","8J":"1","9M":"1","CJ":"1","7J":"1","9H":"1","8H":"1","9J":"1","8M":"1","CH":"1"},"V4":{"5C":"1","49":"1","4C":"1","59":"1"}},"P9":{"28":{"98":"1","HJ":"1","89":"1","22":"1","JJ":"1","HG":"1","77":"1","JH":"1","HH":"1","79":"1","88":"1","JG":"1","87":"1","97":"1","78":"1","23":"1","JM":"1","8C":"1"},"26":{"9X":"1","8V":"1","9W":"1","CX":"1","7X":"1","8X":"1","7W":"1","8W":"1"},"27":{"72":"1","73":"1","2G":"1","62":"1","3F":"1","84":"1","93":"1","83":"1","82":"1","92":"1","2X":"1","F2":"1","95":"1","C2":"1","C3":"1","3G":"1","2C":"1","2F":"1","C4":"1","94":"1"},"5G":{"5J":"1","4P":"1","5P":"1","3P":"1","4J":"1","5M":"1","6P":"1","6M":"1","3J":"1","4M":"1","3M":"1","6J":"1"}},"Q6":{"HW":{"6Q":"1","3V":"1","5Q":"1","4W":"1","4R":"1","5R":"1","4Q":"1","4V":"1","2G":"1","5P":"1","6M":"1","5V":"1","5W":"1","3R":"1","2F":"1","6P":"1"},"GW":{"XC":"1","XG":"1","XJ":"1","WH":"1","WJ":"1","WC":"1","WF":"1","XH":"1","VH":"1","XF":"1","VJ":"1","WG":"1","VG":"1"}},"R2":{"5X":{"72":"1"}},"8P":{"CQ":{"MP":"1","JP":"1","MR":"1","MQ":"1","JR":"1","JQ":"1"}},"P8":{"83":{"46":"1","82":"1","48":"1","44":"1","35":"1","34":"1","24":"1","42":"1","59":"1","54":"1","4C":"1","26":"1","32":"1","25":"1","36":"1","76":"1","75":"1","86":"1","49":"1","33":"1","73":"1","5C":"1","55":"1","65":"1","84":"1","43":"1","64":"1","72":"1","56":"1","63":"1","66":"1","74":"1","45":"1","53":"1","22":"1","58":"1","62":"1","23":"1","83":"1","69":"1","52":"1","85":"1","68":"1"},"73":{"G6":"1","G5":"1","H6":"1","W2":"1","J3":"1","H3":"1","G4":"1","J4":"1","W3":"1","J6":"1","H5":"1","G3":"1","X2":"1","X3":"1","J5":"1","H4":"1"},"82":{"WP":"1","XQ":"1","WR":"1","5X":"1","WQ":"1","VR":"1","XV":"1","VV":"1","WV":"1","XR":"1","4X":"1","VQ":"1","6X":"1"},"63":{"P8":"1","Q8":"1","P7":"1","Q7":"1"},"72":{"XQ":"1","XX":"1","WX":"1"}},"WH":{"2J":{"3W":"1","3P":"1"}},"X4":{"XJ":{"H2":"1","87":"1","46":"1","88":"1","56":"1","F5":"1","F4":"1"},"XH":{"4J":"1","4P":"1","4M":"1","5J":"1","3M":"1","6R":"1","5V":"1","4Q":"1","4R":"1","3J":"1","4H":"1","4V":"1","5P":"1","5Q":"1","5H":"1","6V":"1","6W":"1","3Q":"1","5R":"1"}},"WF":{"XX":{"7C":"1"}},"H8":{"M6":{"8P":"1","4J":"1","4P":"1","4M":"1","5J":"1","6M":"1","7M":"1","6G":"1","6P":"1","6H":"1","4Q":"1","8Q":"1","4H":"1","5G":"1","7J":"1","6J":"1","8J":"1","6Q":"1","7P":"1","5P":"1","8H":"1","5Q":"1","8G":"1","7G":"1","4G":"1","5H":"1","7H":"1","7Q":"1","8M":"1","5M":"1"}},"G3":{"G7":{"XV":"1","WR":"1","VQ":"1","XW":"1","XR":"1","WX":"1","VW":"1","RQ":"1","WV":"1","RW":"1","QX":"1","WW":"1","QR":"1","QV":"1","VR":"1","XQ":"1","WP":"1","XP":"1","RR":"1","VX":"1","RP":"1","VV":"1","RV":"1","QP":"1","QW":"1","QQ":"1","WQ":"1","RX":"1","QM":"1","VP":"1","XX":"1"},"G8":{"W2":"1","R2":"1","Q2":"1","W3":"1","V3":"1","R3":"1","Q3":"1","X2":"1","X3":"1","V2":"1"},"H7":{"M7":"1","M4":"1","H6":"1","Q6":"1","J3":"1","P8":"1","J4":"1","M6":"1","Q5":"1","P5":"1","Q4":"1","P3":"1","J7":"1","M5":"1","J6":"1","H5":"1","M8":"1","P4":"1","M2":"1","P7":"1","M3":"1","P6":"1","J5":"1"}},"V4":{"QQ":{"9R":"1","CQ":"1","CR":"1","9Q":"1","CV":"1"}},"P4":{"R3":{"X2":"1","W3":"1","X3":"1","W2":"1","X4":"1","W4":"1"},"R2":{"XW":"1","XX":"1","WX":"1","WW":"1"}},"R5":{"P2":{"Q4":"1","Q5":"1","P5":"1","P4":"1"}},"JF":{"X7":{"36":"1","34":"1","43":"1","65":"1","35":"1","55":"1","64":"1","66":"1","54":"1","76":"1","45":"1","67":"1","44":"1","46":"1","75":"1","56":"1","57":"1","68":"1","47":"1"}},"M9":{"VC":{"49":"1","3C":"1","4P":"1","4M":"1","5F":"1","38":"1","39":"1","5C":"1","3M":"1","4Q":"1","4R":"1","26":"1","58":"1","24":"1","48":"1","59":"1","27":"1","4F":"1","5P":"1","5Q":"1","3Q":"1","23":"1","3P":"1","57":"1","3R":"1","47":"1","5M":"1","4C":"1"},"QP":{"X9":"1","X6":"1","X8":"1","W9":"1","X7":"1","XC":"1","W8":"1","W7":"1","W6":"1"},"GG":{"98":"1","89":"1","86":"1","77":"1","65":"1","75":"1","66":"1","7C":"1","69":"1","68":"1","7F":"1","95":"1","6F":"1","96":"1","76":"1","79":"1","88":"1","87":"1","97":"1","78":"1","85":"1","8C":"1","6C":"1","67":"1"},"R9":{"9R":"1","CQ":"1","FR":"1","9V":"1","CR":"1","9Q":"1","CV":"1"},"WH":{"4P":"1","28":"1","3M":"1","3Q":"1","4Q":"1","4M":"1","27":"1","3R":"1","3P":"1"},"WJ":{"RM":"1","QP":"1","PM":"1","RG":"1","RP":"1","RJ":"1","RH":"1","VH":"1","QG":"1","QJ":"1","VJ":"1","QM":"1","RQ":"1","VP":"1","PJ":"1","VG":"1","PP":"1","VM":"1","QH":"1"},"RP":{"28":"1","29":"1","39":"1","26":"1","38":"1","27":"1"},"RJ":{"28":"1","37":"1","38":"1","27":"1","47":"1"},"RH":{"78":"1","9G":"1","CG":"1","MJ":"1","9J":"1","JV":"1","79":"1","PG":"1","9H":"1","65":"1","86":"1","PF":"1","87":"1","QF":"1","QG":"1","MG":"1","HR":"1","MF":"1","PH":"1","58":"1","JQ":"1","JR":"1","MR":"1","66":"1","PJ":"1","HQ":"1","85":"1","77":"1","CJ":"1","76":"1","MV":"1","67":"1","89":"1","69":"1","75":"1","56":"1","57":"1","MH":"1","68":"1","JP":"1","88":"1","CH":"1","MQ":"1"},"VH":{"W8":"1","W7":"1","H3":"1","29":"1","X7":"1","X6":"1","R9":"1","R7":"1","J2":"1","G2":"1","G3":"1","V7":"1","R8":"1","X8":"1","Q7":"1","Q9":"1","2C":"1","V8":"1","H2":"1","Q8":"1"},"QJ":{"78":"1","6C":"1","4X":"1","49":"1","7F":"1","79":"1","3X":"1","5F":"1","86":"1","5C":"1","87":"1","MX":"1","3W":"1","6F":"1","7C":"1","4V":"1","97":"1","59":"1","66":"1","3V":"1","77":"1","76":"1","67":"1","4W":"1","89":"1","69":"1","75":"1","96":"1","8C":"1","68":"1","98":"1","88":"1","4C":"1"},"WG":{"4P":"1","2M":"1","5Q":"1","3M":"1","4R":"1","5R":"1","4Q":"1","5P":"1","3P":"1","2P":"1"},"QM":{"M2":"1","M3":"1"},"RC":{"V5":"1","M8":"1","P7":"1","W5":"1","Q5":"1","R7":"1","V4":"1","V6":"1","R3":"1","M7":"1","Q6":"1","W3":"1","Q3":"1","R4":"1","X7":"1","X4":"1","P6":"1","P5":"1","R8":"1","X3":"1","W7":"1","X5":"1","R6":"1","Q9":"1","X6":"1","Q7":"1","M9":"1","W6":"1","Q8":"1","V7":"1","W4":"1","P9":"1","V3":"1","R5":"1","P8":"1","R9":"1","Q4":"1"},"PJ":{"RH":"1","QH":"1","P9":"1","RC":"1","PG":"1","PF":"1","RG":"1","Q9":"1","QF":"1","RF":"1","QG":"1","MG":"1","MF":"1","RJ":"1","PH":"1","VG":"1","M9":"1","PC":"1","VF":"1","WH":"1","VJ":"1","QC":"1","WG":"1","R9":"1","Q8":"1","MC":"1","WF":"1","VH":"1","VC":"1","P8":"1","V9":"1"},"VG":{"MV":"1","XP":"1","PX":"1","XM":"1","MR":"1","MX":"1","MW":"1","JV":"1","JR":"1","JW":"1","HV":"1","PW":"1","JX":"1"},"V8":{"68":"1","7C":"1","6C":"1","69":"1","67":"1","79":"1","78":"1","77":"1"}},"RR":{"97":{"C4":"1","G2":"1"},"96":{"6V":"1"}},"M3":{"W8":{"Q6":"1","Q5":"1","Q2":"1","P5":"1","Q4":"1","P3":"1","R7":"1","R4":"1","R3":"1","Q3":"1","P4":"1","R6":"1","Q7":"1","M2":"1","R5":"1","M3":"1","P6":"1","P2":"1"},"W7":{"JX":"1","MX":"1","PX":"1"}},"P6":{"8V":{"MM":"1","HJ":"1","JQ":"1","MJ":"1","JJ":"1","PM":"1","MQ":"1","MP":"1","HR":"1","MR":"1","HM":"1","JP":"1","HQ":"1","PJ":"1","JR":"1","HP":"1","JM":"1","PP":"1"}},"JM":{"RG":{"Q6":"1","Q5":"1","P5":"1","P6":"1"},"RF":{"MM":"1","PR":"1","QP":"1","PM":"1","MQ":"1","MP":"1","MR":"1","QJ":"1","QR":"1","QM":"1","QQ":"1","PJ":"1","PQ":"1","PP":"1"}},"H4":{"PX":{"P8":"1","Q8":"1"}},"H2":{"76":{"2M":"1","2J":"1","2P":"1"},"66":{"G8":"1","XJ":"1","G7":"1","M8":"1","H5":"1","J6":"1","J9":"1","G6":"1","P7":"1","Q2":"1","M2":"1","G9":"1","H7":"1","XP":"1","HC":"1","R3":"1","M7":"1","J3":"1","HF":"1","MF":"1","H3":"1","M3":"1","V2":"1","Q3":"1","XM":"1","J2":"1","P4":"1","P6":"1","P5":"1","H8":"1","R2":"1","J5":"1","P2":"1","GC":"1","MC":"1","H2":"1","P3":"1","J8":"1","H6":"1","H4":"1","M5":"1","GF":"1","J7":"1","JF":"1","JC":"1","M9":"1","M6":"1","H9":"1","M4":"1","V3":"1","P8":"1","J4":"1"},"65":{"HW":"1","VX":"1","PX":"1","MX":"1","MW":"1","JV":"1","RX":"1","QW":"1","QX":"1","VW":"1","JW":"1","RW":"1","PW":"1","HX":"1","JX":"1"}},"P2":{"2V":{"FC":"1","FG":"1","GC":"1","FF":"1","GG":"1","GF":"1"}}}}