{"index":{"university,1|retail,2|tourism,3|wreck,4|historical,5|artsCulture,6|namedBuilding,7|water,8|wetland,9|park,10|beach,11|natureReserve,12|cemetery,13|trail,14":{}},"8R":{"M4":{"Q9":{"F7":"1","G5":"1"},"P2":{"8F":"1","89":"1","9F":"1","7C":"1","79":"1","9C":"1","8C":"1"},"P9":{"GQ":"1","HQ":"1","JP":"1","FM":"1","HM":"1","HP":"1","GP":"1","FP":"1","FJ":"1","HJ":"1","GJ":"1","GM":"1"},"RC":{"8V":"1","9W":"1","8X":"1","8W":"1"},"Q8":{"PX":"1","MW":"1","QV":"1","QW":"1","QX":"1","PV":"1","PW":"1"},"F5":{"VP":"1"}},"X5":{"63":{"8V":"1","7V":"1","7W":"1"}},"72":{"H4":{"GW":"1","GV":"1","FW":"1","FV":"1"},"J6":{"Q2":"1","P2":"1","Q4":"1","Q3":"1","P4":"1","P3":"1","R3":"1"},"43":{"2X":"1"},"Q4":{"RF":"1","W6":"1","V6":"1","7H":"1","W4":"1","7G":"1","RG":"1","RH":"1","6G":"1","6H":"1","7J":"1","QG":"1","F2":"1","C2":"1","V5":"1","V4":"1","R6":"1","W5":"1","R5":"1","QF":"1","6J":"1","QH":"1"},"H9":{"JQ":"1","MV":"1","MR":"1","MW":"1","JV":"1","JR":"1","PV":"1","PW":"1"},"V3":{"8G":"1","8F":"1","F4":"1","H3":"1","7P":"1","G4":"1","7M":"1","F3":"1","G2":"1","7Q":"1","F2":"1","G3":"1"},"P3":{"H2":"1","C4":"1","C6":"1","G6":"1","G4":"1","H4":"1","G3":"1","F6":"1","H3":"1","G5":"1","C5":"1","F5":"1","F4":"1","F3":"1"},"RJ":{"V3":"1"},"58":{"5F":"1","6F":"1","7C":"1","6C":"1","69":"1","5C":"1","59":"1"},"Q7":{"6V":"1","6W":"1"},"PR":{"3V":"1","4R":"1","5R":"1","4V":"1","5V":"1","3R":"1"},"Q2":{"HQ":"1","JP":"1","HM":"1","HR":"1","HP":"1","GP":"1","JM":"1","JR":"1","GM":"1","JQ":"1"},"64":{"2V":"1"},"M6":{"M4":"1","P5":"1"},"33":{"JR":"1"},"M3":{"4F":"1","22":"1","W2":"1","5F":"1","Q6":"1","R2":"1","7G":"1","Q5":"1","V3":"1","6H":"1","6G":"1","7F":"1","33":"1","6F":"1","Q7":"1","5H":"1","32":"1","P7":"1","23":"1","P6":"1","5C":"1","V2":"1","6C":"1","5G":"1","4G":"1"},"HC":{"G7":"1"},"54":{"5W":"1"},"P7":{"X3":"1"},"G5":{"4F":"1","HJ":"1","5F":"1","4C":"1","3F":"1","3C":"1","49":"1","5C":"1"},"V2":{"MC":"1","M8":"1","26":"1","27":"1","M9":"1","J9":"1"},"P2":{"R5":"1","Q6":"1","R6":"1","Q5":"1","HX":"1","R7":"1","V5":"1","V6":"1"},"G6":{"W6":"1"},"Q3":{"CX":"1","FX":"1"},"H8":{"HH":"1","HJ":"1"},"J5":{"PM":"1","PJ":"1","MM":"1","MJ":"1"},"45":{"G3":"1"},"67":{"R7":"1"},"M2":{"57":"1","P9":"1","3V":"1","77":"1","4R":"1","VX":"1","66":"1","69":"1","4W":"1","68":"1","58":"1","2X":"1","3X":"1","WX":"1","76":"1","RC":"1","Q9":"1","QC":"1","RX":"1","5V":"1","78":"1","4X":"1","4V":"1","QF":"1","5R":"1","67":"1"},"44":{"34":"1"},"J4":{"M4":"1","H6":"1","F4":"1","4H":"1","J3":"1","H3":"1","77":"1","G4":"1","4P":"1","F3":"1","75":"1","J2":"1","68":"1","3P":"1","H5":"1","3H":"1","G2":"1","2P":"1","F2":"1","2M":"1","G3":"1","76":"1","4J":"1","M2":"1","M3":"1","3J":"1","85":"1","4M":"1","3M":"1","H4":"1","H2":"1"},"Q8":{"G9":"1","J8":"1"},"P5":{"Q4":"1","Q3":"1","R3":"1","R4":"1"},"J3":{"P9":"1","PC":"1","MF":"1","MC":"1","PF":"1","Q9":"1","QC":"1","HX":"1","JX":"1"},"H5":{"64":"1"},"M5":{"85":"1","86":"1"},"W5":{"8R":"1"},"32":{"W7":"1"}},"W2":{"X7":{"3V":"1","4W":"1","4V":"1","3W":"1"},"W7":{"XG":"1","WG":"1","XF":"1"}},"J3":{"XG":{"HQ":"1","HR":"1","JM":"1","JR":"1","JV":"1","HV":"1"},"X9":{"Q9":"1","W3":"1","X3":"1"},"QP":{"X2":"1","W2":"1"},"JF":{"28":"1","29":"1","2C":"1","27":"1"},"92":{"GQ":"1","HQ":"1","JP":"1","HM":"1","HP":"1","GP":"1","JM":"1","GJ":"1","HJ":"1","GM":"1"},"X8":{"Q9":"1","V7":"1","R7":"1","R9":"1","V8":"1","Q8":"1","V9":"1","47":"1","R8":"1","Q7":"1"},"WH":{"4J":"1","5J":"1"},"QJ":{"GF":"1","PC":"1","JC":"1","MG":"1","GC":"1","HC":"1","MF":"1","MC":"1","PF":"1","JG":"1","JF":"1","HF":"1"},"HF":{"X9":"1","X6":"1","X8":"1","X7":"1"},"MH":{"GX":"1"},"XC":{"XG":"1","XF":"1","XC":"1"},"W8":{"VV":"1","VR":"1","WR":"1","WV":"1"},"QH":{"PX":"1"},"VH":{"RQ":"1","QR":"1","RR":"1","RW":"1","VV":"1","RV":"1","QV":"1","VW":"1"},"QM":{"WR":"1","VR":"1","VX":"1","XV":"1","RV":"1","VV":"1","XX":"1","WV":"1","WX":"1","VW":"1","RW":"1","XW":"1","WW":"1"}},"H3":{"75":{"R9":"1","V9":"1"}},"J4":{"CF":{"MM":"1"}},"M6":{"X6":{"7J":"1","8J":"1","9M":"1","CM":"1","8P":"1","9P":"1","8Q":"1","9Q":"1","7M":"1","9J":"1","8M":"1"},"29":{"4P":"1","9X":"1","8V":"1","9W":"1","CX":"1","9V":"1","8X":"1","CW":"1","CV":"1","8W":"1"}},"F3":{"45":{"R5":"1","R4":"1","V4":"1","V5":"1"},"9W":{"2M":"1","3M":"1"},"P5":{"32":"1","43":"1","42":"1","33":"1"},"Q4":{"XQ":"1","XR":"1"},"R4":{"7R":"1","3Q":"1","7P":"1","8P":"1","4P":"1","7M":"1","6Q":"1","8Q":"1","7W":"1","3P":"1","2P":"1","2Q":"1","7Q":"1","8R":"1","2J":"1","2M":"1","4J":"1","7V":"1","3R":"1","2R":"1","3J":"1","6R":"1","4M":"1","3M":"1","8M":"1"},"P4":{"7R":"1","5W":"1","3Q":"1","7P":"1","CM":"1","8P":"1","7M":"1","2V":"1","9P":"1","8J":"1","CP":"1","6Q":"1","9M":"1","9Q":"1","8Q":"1","CJ":"1","2P":"1","7Q":"1","2M":"1","6W":"1","5V":"1","3J":"1","9J":"1","6R":"1","4M":"1","3M":"1","8M":"1","6V":"1"},"JW":{"9X":"1"},"4V":{"7F":"1","8F":"1","7C":"1","6C":"1","8C":"1"},"J5":{"78":"1","43":"1","86":"1","87":"1","58":"1","33":"1","97":"1","66":"1","42":"1","77":"1","76":"1","67":"1","96":"1","56":"1","57":"1","68":"1","32":"1"},"JX":{"92":"1","C6":"1","F6":"1","C2":"1","C5":"1","F5":"1"},"P2":{"3X":"1"}},"X4":{"54":{"53":"1"}},"M5":{"5H":{"G8":"1","HG":"1","GH":"1","CG":"1","G7":"1","H5":"1","C7":"1","FF":"1","F7":"1","J6":"1","G5":"1","J9":"1","CH":"1","F8":"1","CJ":"1","G6":"1","9C":"1","C9":"1","M2":"1","G9":"1","9G":"1","FC":"1","8C":"1","H7":"1","HC":"1","JG":"1","F6":"1","CC":"1","J3":"1","89":"1","9F":"1","FG":"1","HF":"1","F9":"1","C6":"1","98":"1","H3":"1","M3":"1","9H":"1","Q3":"1","J2":"1","P4":"1","GG":"1","P5":"1","H8":"1","J5":"1","C8":"1","P2":"1","8F":"1","GC":"1","97":"1","9J":"1","P3":"1","J8":"1","H6":"1","H4":"1","FH":"1","M5":"1","99":"1","GF":"1","J7":"1","JF":"1","M6":"1","H9":"1","M4":"1","CF":"1","Q4":"1","J4":"1"},"RW":{"C3":"1","H5":"1","F2":"1","J4":"1","C4":"1","G2":"1","H4":"1","G3":"1","J3":"1","G5":"1","F5":"1","F4":"1","J5":"1","F3":"1"},"RV":{"GX":"1","7H":"1","5P":"1","FX":"1","8H":"1"},"QV":{"GF":"1","WP":"1","FC":"1","P9":"1","PC":"1","HG":"1","GG":"1","XP":"1","GC":"1","GH":"1","XM":"1","R7":"1","MF":"1","MC":"1","HH":"1","FF":"1","V7":"1","M9":"1","HF":"1"},"5G":{"JX":"1","MX":"1"}},"J6":{"X9":{"MW":"1","JX":"1","MX":"1","JW":"1"},"XC":{"J2":"1","P5":"1","P4":"1","M2":"1","J3":"1","M3":"1"}},"J2":{"74":{"4P":"1"},"G9":{"57":"1","66":"1","37":"1","45":"1","65":"1","68":"1","48":"1","46":"1","56":"1","67":"1","55":"1","47":"1","58":"1"},"RM":{"3V":"1","4W":"1","4V":"1","3W":"1"},"JQ":{"JM":"1"}},"82":{"34":{"M4":"1","W3":"1","Q4":"1","X4":"1","P6":"1","R2":"1","V3":"1","W2":"1","R3":"1","P3":"1","Q5":"1","X3":"1","V2":"1","Q3":"1","X6":"1","X2":"1","W4":"1","P5":"1","P4":"1","V4":"1","R4":"1","Q6":"1","X5":"1"},"9G":{"XX":"1"},"CG":{"2X":"1"},"43":{"5W":"1","FW":"1","9V":"1","7X":"1","FV":"1","8X":"1","CW":"1","9W":"1","5X":"1","7W":"1","9X":"1","CR":"1","8R":"1","3X":"1","7V":"1","6W":"1","CV":"1","8V":"1","CX":"1","4X":"1","8W":"1","9R":"1","6V":"1","6X":"1"},"GJ":{"57":"1","59":"1","77":"1","69":"1","58":"1","68":"1","79":"1","78":"1"},"9H":{"X2":"1","X3":"1"},"V3":{"C9":"1","FC":"1","C8":"1","CF":"1","99":"1","F9":"1","9C":"1","CC":"1","9F":"1","98":"1"},"9C":{"XW":"1","HQ":"1","HR":"1","XV":"1","MR":"1","MQ":"1","JR":"1","JV":"1","JQ":"1"},"33":{"RX":"1","VX":"1","WX":"1"},"HJ":{"FQ":"1","FR":"1","CR":"1","XX":"1","CV":"1","FV":"1"},"97":{"C6":"1"},"CC":{"3V":"1","2W":"1","2R":"1","2V":"1","3R":"1"},"8H":{"W5":"1","V4":"1","V5":"1"},"99":{"76":"1","66":"1","67":"1","77":"1"},"45":{"2W":"1","4W":"1","2X":"1","3X":"1","5X":"1","3W":"1","5W":"1","4X":"1"},"44":{"43":"1","45":"1","22":"1","72":"1","63":"1","73":"1","54":"1","24":"1","62":"1","64":"1","25":"1","42":"1","83":"1","82":"1","46":"1","92":"1","33":"1","44":"1","35":"1","53":"1","32":"1","34":"1","23":"1","52":"1","37":"1","36":"1"},"37":{"P5":"1","P4":"1"},"46":{"42":"1"},"89":{"J2":"1","H2":"1","H3":"1"},"9F":{"H8":"1","G9":"1","CG":"1"},"88":{"MV":"1","MR":"1","MW":"1","JV":"1","JR":"1","JW":"1","HV":"1","PV":"1","PW":"1"},"CH":{"23":"1","22":"1"}},"R4":{"XP":{"5J":"1","7M":"1","2V":"1","2Q":"1","5M":"1","2R":"1","8H":"1","6M":"1","37":"1","5R":"1"},"WP":{"XQ":"1","VJ":"1","XJ":"1","WR":"1","WJ":"1","JV":"1","WX":"1","WW":"1","HV":"1"},"XQ":{"25":"1","22":"1","24":"1"},"WQ":{"X2":"1","X4":"1","W5":"1","W4":"1","X5":"1"}},"R3":{"MV":{"94":"1","C4":"1","95":"1","C5":"1"}},"G2":{"RM":{"PG":"1","PH":"1","QH":"1","QG":"1","QF":"1","RG":"1","RH":"1"},"HG":{"Q2":"1"},"7H":{"7F":"1","7C":"1","J3":"1","H3":"1"},"79":{"3H":"1","3J":"1","4J":"1","4H":"1"},"RQ":{"94":"1","6R":"1","8V":"1","7Q":"1","C6":"1","7V":"1","7W":"1","95":"1","7R":"1","96":"1","8W":"1","8R":"1"},"QQ":{"MH":"1","JM":"1","PJ":"1","MM":"1","JJ":"1","M6":"1","MJ":"1"},"JF":{"28":"1","29":"1","27":"1"},"HF":{"X9":"1","HJ":"1","WP":"1","RF":"1","FM":"1","JJ":"1","PC":"1","X7":"1","GM":"1","GJ":"1","FJ":"1","M8":"1","HM":"1","RC":"1","X8":"1","PF":"1","QC":"1","M9":"1","JM":"1","QF":"1"},"52":{"Q4":"1","Q5":"1"}},"92":{"43":{"6R":"1"},"99":{"4H":"1","5J":"1","4P":"1","5P":"1","6Q":"1","6H":"1","4J":"1","5H":"1","5M":"1","6P":"1","5Q":"1","6M":"1","4M":"1","6J":"1","5G":"1"},"3W":{"45":"1","44":"1","54":"1","55":"1"},"2V":{"MP":"1","JP":"1","XC":"1","MR":"1","MQ":"1","JR":"1","JQ":"1"},"W4":{"23":"1","24":"1"},"MF":{"M4":"1","RF":"1","J3":"1","R9":"1","J4":"1","P3":"1","R7":"1","M5":"1","QG":"1","H5":"1","RC":"1","R8":"1","P4":"1","Q7":"1","Q9":"1","QC":"1","M3":"1","QF":"1","J5":"1","H4":"1","Q8":"1"},"C9":{"8G":"1","8F":"1","9F":"1","CF":"1","CG":"1","9G":"1","9C":"1"},"C8":{"5H":"1"},"V4":{"X3":"1","X4":"1","RC":"1","RF":"1"},"2W":{"C9":"1","C8":"1","97":"1","99":"1","9C":"1","CC":"1","C7":"1","9F":"1","98":"1"},"QF":{"37":"1","7F":"1"}},"Q3":{"9P":{"MC":"1","J9":"1","M9":"1"}},"F2":{"R2":{"3V":"1","2W":"1","2V":"1","2X":"1","3W":"1"},"93":{"VC":"1","WF":"1","RC":"1","VG":"1","WC":"1","VF":"1","RG":"1","RF":"1"},"Q2":{"XW":"1","XV":"1","XX":"1","WW":"1","WV":"1"},"P5":{"86":"1","J3":"1","77":"1","84":"1","75":"1","J2":"1","95":"1","96":"1","76":"1","74":"1","85":"1","94":"1"},"J6":{"H2":"1"},"Q3":{"X2":"1","FG":"1","CH":"1","FJ":"1","CJ":"1","CG":"1","FH":"1"},"FF":{"5F":"1","4F":"1","5C":"1","4C":"1"},"P4":{"GP":"1","HJ":"1","8F":"1","FM":"1","FP":"1","GM":"1","GJ":"1","69":"1","FJ":"1","7F":"1","HM":"1","HP":"1","JM":"1","F7":"1"},"M9":{"HR":"1"},"M3":{"MR":"1","PQ":"1","PR":"1","MQ":"1"},"J5":{"HW":"1","GW":"1","GX":"1","GV":"1","HX":"1"}},"G3":{"GF":{"83":"1","73":"1","5P":"1","82":"1","JH":"1","JJ":"1","72":"1"},"FG":{"W3":"1","X3":"1","X4":"1","W4":"1","V6":"1"},"FC":{"RX":"1","RW":"1","QW":"1","VX":"1","VW":"1"},"GG":{"96":"1","86":"1","77":"1"},"P5":{"95":"1","C5":"1","F6":"1","86":"1","C9":"1","87":"1","C6":"1","C7":"1","F9":"1","F8":"1","97":"1","CC":"1","F7":"1","99":"1","F5":"1","C8":"1","96":"1","88":"1","98":"1"},"J6":{"CQ":"1","GP":"1","9V":"1","CP":"1","FQ":"1","FP":"1","9Q":"1","CR":"1","FR":"1","GQ":"1","CV":"1","GR":"1","9R":"1"},"FH":{"PR":"1","G6":"1","H7":"1","G5":"1","H9":"1","MV":"1","H6":"1","G4":"1","M6":"1","MQ":"1","MP":"1","J7":"1","MR":"1","J6":"1","H8":"1","H5":"1","QR":"1","J8":"1","G7":"1","QQ":"1","PQ":"1","PV":"1","PP":"1","J5":"1","H4":"1"},"FF":{"R2":"1","V2":"1"},"97":{"28":"1","37":"1","27":"1"},"HF":{"83":"1","3M":"1","74":"1","84":"1"}},"C2":{"7R":{"4X":"1","2V":"1","JV":"1","4J":"1","MM":"1","HV":"1","JW":"1","4P":"1","HX":"1","4M":"1","5J":"1","6M":"1","PQ":"1","3M":"1","5V":"1","6P":"1","6H":"1","4Q":"1","4R":"1","3J":"1","3W":"1","RJ":"1","4H":"1","6X":"1","6J":"1","6Q":"1","4V":"1","3H":"1","2W":"1","5X":"1","3V":"1","PJ":"1","5P":"1","5Q":"1","RP":"1","5H":"1","RM":"1","VJ":"1","HW":"1","4W":"1","QP":"1","PP":"1","3Q":"1","MP":"1","3P":"1","5R":"1","JX":"1","QJ":"1","3R":"1","2X":"1","QM":"1","VM":"1","5M":"1","PM":"1"},"89":{"J2":"1","H2":"1","J3":"1","H3":"1"},"3Q":{"8R":"1"},"7P":{"GX":"1"},"69":{"X2":"1","W2":"1","V2":"1"},"68":{"XJ":"1","VX":"1","XX":"1","88":"1","WX":"1","VW":"1"},"2Q":{"QQ":"1"},"7Q":{"F2":"1","H2":"1","G4":"1","G2":"1","G3":"1","F4":"1","F3":"1"},"8R":{"XQ":"1","XR":"1","46":"1","47":"1"},"7V":{"MM":"1","4F":"1","43":"1","63":"1","73":"1","F4":"1","54":"1","2G":"1","62":"1","PM":"1","64":"1","4C":"1","3F":"1","F5":"1","42":"1","2H":"1","MP":"1","3C":"1","J2":"1","C6":"1","49":"1","74":"1","53":"1","39":"1","6P":"1","C7":"1","52":"1","3G":"1","PP":"1","F6":"1","2F":"1","C5":"1","C4":"1","4G":"1"},"8V":{"4F":"1","43":"1","54":"1","4C":"1","3F":"1","42":"1","3C":"1","33":"1","44":"1","53":"1","3G":"1","52":"1","4G":"1"},"5V":{"97":"1","87":"1","88":"1","96":"1","86":"1","98":"1"},"6M":{"3V":"1","3W":"1"},"5R":{"XG":"1","XJ":"1","WH":"1","WJ":"1","XH":"1","VH":"1","WG":"1","VG":"1"},"9R":{"2R":"1","2V":"1"},"6R":{"WH":"1","F9":"1","C9":"1","F8":"1","C8":"1","C7":"1","F7":"1"},"HX":{"JF":"1","HF":"1","JC":"1"},"6V":{"H4":"1","G4":"1","G2":"1","XH":"1","P9":"1","W3":"1","PG":"1","PF":"1","W2":"1","XG":"1","H3":"1","QF":"1","MG":"1","MF":"1","F4":"1","G3":"1","HJ":"1","XJ":"1","V2":"1","PC":"1","F3":"1","QC":"1","MC":"1","JJ":"1"}},"C3":{"P2":{"FM":"1","GP":"1","FP":"1"},"F7":{"3V":"1","2W":"1","2R":"1","4W":"1","2V":"1","8P":"1","4V":"1","3X":"1","3W":"1","3R":"1","4X":"1"},"W8":{"8F":"1"},"W5":{"M9":"1"},"W4":{"G5":"1","86":"1","F4":"1","G4":"1","F5":"1","F3":"1","75":"1","76":"1","85":"1","JM":"1","C4":"1"},"C7":{"M7":"1"},"F3":{"6V":"1"},"72":{"X2":"1","W3":"1","X3":"1","W2":"1","V3":"1","V2":"1"}},"V4":{"22":{"VX":"1","WX":"1","WW":"1","VW":"1"},"33":{"43":"1","42":"1"}},"X2":{"37":{"V4":"1"}},"P4":{"9F":{"76":"1","75":"1","74":"1","85":"1","84":"1","86":"1"}},"M2":{"5X":{"RG":"1","RJ":"1","RH":"1","VH":"1","QJ":"1","VJ":"1","JW":"1","QH":"1"}},"M3":{"7X":{"55":"1"},"59":{"5W":"1","9V":"1","FV":"1","8X":"1","CW":"1","9W":"1","5X":"1","CR":"1","9X":"1","FR":"1","CV":"1","8W":"1","9R":"1"},"29":{"78":"1","J6":"1","XF":"1","53":"1","RC":"1","X9":"1","5J":"1","6M":"1","7M":"1","6P":"1","52":"1","W8":"1","7J":"1","63":"1","6J":"1","H6":"1","5P":"1","X8":"1","W9":"1","V8":"1","XC":"1","H5":"1","47":"1","5M":"1","V9":"1","62":"1"},"HW":{"9H":"1","9G":"1","8H":"1","8G":"1"},"4C":{"J6":"1","M7":"1","J7":"1","M6":"1","G8":"1","H7":"1"},"3F":{"7R":"1","9V":"1","FX":"1","6Q":"1","8Q":"1","7Q":"1","8R":"1","7V":"1","5Q":"1","8V":"1","CX":"1","5V":"1","8W":"1","5R":"1","9R":"1","6R":"1","6V":"1"},"38":{"FV":"1","4V":"1","9V":"1","JM":"1","PM":"1","JJ":"1","4H":"1","PP":"1","CQ":"1","PH":"1","5W":"1","3J":"1","3R":"1","3H":"1","PQ":"1","CX":"1","HP":"1","MH":"1","CW":"1","5H":"1","JP":"1","HQ":"1","GW":"1","7M":"1","HV":"1","MJ":"1","PJ":"1","9W":"1","8P":"1","FP":"1","7G":"1","CP":"1","FR":"1","CR":"1","GP":"1","3M":"1","9P":"1","MR":"1","2V":"1","HX":"1","HR":"1","4R":"1","HW":"1","HJ":"1","MW":"1","HM":"1","GJ":"1","MQ":"1","QH":"1","9R":"1","5V":"1","QM":"1","9Q":"1","CV":"1","JQ":"1","GQ":"1","FQ":"1","4P":"1","MP":"1","GV":"1","JR":"1","GR":"1","5G":"1","QP":"1","QJ":"1","4G":"1","6G":"1","4J":"1","FW":"1","JV":"1","MM":"1","FM":"1","4M":"1","GM":"1","6V":"1","JX":"1"},"47":{"VX":"1","M2":"1","WX":"1"},"28":{"GW":"1","FW":"1","FV":"1","VV":"1","GV":"1","2P":"1","PW":"1"},"48":{"W2":"1","3Q":"1","R2":"1","W4":"1","W3":"1","V3":"1","V4":"1","V2":"1"},"6H":{"J2":"1","M2":"1"},"6G":{"MW":"1","JX":"1","MX":"1","JW":"1","JV":"1"},"58":{"66":"1","65":"1","56":"1","55":"1"},"46":{"MW":"1","JX":"1","MX":"1","PW":"1","QW":"1","QX":"1","PV":"1","MV":"1","PX":"1"},"44":{"RQ":"1","QQ":"1","VQ":"1","RR":"1","VV":"1","VR":"1","RV":"1"},"39":{"H4":"1","G4":"1","J6":"1","XF":"1","XV":"1","QH":"1","M8":"1","G7":"1","J2":"1","V3":"1","WC":"1","C2":"1","54":"1","G5":"1","J5":"1","45":"1","W9":"1","WF":"1","J8":"1","XC":"1","57":"1","H5":"1","93":"1","H2":"1"},"5Q":{"PH":"1","W9":"1","MG":"1","QJ":"1","QG":"1","PG":"1","PF":"1","PJ":"1","QF":"1","QH":"1"},"3G":{"GP":"1","G6":"1","H7":"1","G5":"1","H9":"1","J9":"1","H6":"1","F4":"1","JC":"1","G4":"1","84":"1","F5":"1","F3":"1","93":"1","G9":"1","GM":"1","83":"1","J7":"1","HR":"1","H8":"1","82":"1","H5":"1","92":"1","M8":"1","F8":"1","F2":"1","GQ":"1","G8":"1","C6":"1","95":"1","C3":"1","C2":"1","C8":"1","HM":"1","J8":"1","G7":"1","HQ":"1","HP":"1","C7":"1","85":"1","F6":"1","F7":"1","C5":"1","C4":"1","94":"1"},"2C":{"G4":"1","HF":"1","H9":"1","C5":"1","F6":"1","G7":"1","2F":"1","G9":"1","GC":"1","C6":"1","FX":"1","C7":"1","2H":"1","GX":"1","FW":"1","F4":"1","G3":"1","F8":"1","GW":"1","H6":"1","2G":"1","HC":"1","C4":"1","G5":"1","F7":"1","H7":"1","G6":"1","H8":"1","F3":"1","J7":"1","F5":"1","J8":"1","MP":"1","G8":"1","J9":"1"},"5C":{"92":"1"},"2F":{"F2":"1","G2":"1","C2":"1"}},"J5":{"P6":{"P6":"1"},"X5":{"QW":"1","QV":"1"},"V5":{"9G":"1","CG":"1","HF":"1","9H":"1","HG":"1","GC":"1","C9":"1","GF":"1","CF":"1","FH":"1","9C":"1","FC":"1","FG":"1","HC":"1","CC":"1","GG":"1","99":"1","FF":"1","89":"1","9F":"1","8C":"1","88":"1","98":"1","CH":"1"}},"H2":{"RQ":{"VC":"1","W9":"1","R7":"1","R9":"1","V8":"1","Q8":"1","V9":"1","R8":"1","Q7":"1"},"QR":{"Q4":"1","J2":"1","Q3":"1","Q5":"1","P5":"1","P4":"1","M2":"1","J3":"1","R4":"1","M3":"1"},"QQ":{"JX":"1","MX":"1"},"QP":{"RQ":"1","VQ":"1","RR":"1","VV":"1","VR":"1","RV":"1"},"RP":{"68":"1","6C":"1","69":"1","5C":"1","59":"1","58":"1"},"R4":{"3C":"1"}}}}