{"index":{"university,1|retail,2|tourism,3|wreck,4|historical,5|artsCulture,6|namedBuilding,7|water,8|wetland,9|park,10|beach,11|natureReserve,12|cemetery,13|trail,14":{}},"93":{"FC":{"JF":{"X9":"1","W9":"1"}},"HM":{"4J":{"MW":"1","JX":"1","MV":"1"}},"GC":{"FV":{"P9":"1","PC":"1","P8":"1","PF":"1","Q7":"1","Q9":"1","QC":"1","P7":"1","QF":"1","Q8":"1"}},"HG":{"57":{"V7":"1","R7":"1","V8":"1","R8":"1"},"HW":{"Q2":"1","Q3":"1","R3":"1","R2":"1"},"56":{"W2":"1","R2":"1","W4":"1","X4":"1","Q2":"1","W3":"1","Q4":"1","V3":"1","R4":"1","R3":"1","Q3":"1","V4":"1","X2":"1","X3":"1","V2":"1"},"HR":{"G8":"1","C5":"1","JJ":"1","G7":"1","M8":"1","F4":"1","H5":"1","C7":"1","F7":"1","J6":"1","G5":"1","J9":"1","F3":"1","C3":"1","F8":"1","P7":"1","G6":"1","MG":"1","MH":"1","C9":"1","MJ":"1","G9":"1","FC":"1","H7":"1","G2":"1","HC":"1","JG":"1","F6":"1","M7":"1","F9":"1","MF":"1","C6":"1","PF":"1","H3":"1","PC":"1","G3":"1","H8":"1","J5":"1","C8":"1","C2":"1","MC":"1","H2":"1","J8":"1","H6":"1","H4":"1","G4":"1","C4":"1","J7":"1","F5":"1","JF":"1","JC":"1","M9":"1","JH":"1","H9":"1","P9":"1","F2":"1","P8":"1","J4":"1"},"55":{"RH":"1","XV":"1","WR":"1","QH":"1","P6":"1","VQ":"1","MM":"1","RC":"1","XW":"1","R8":"1","XR":"1","PG":"1","WX":"1","PF":"1","PQ":"1","XM":"1","RG":"1","Q9":"1","QF":"1","VW":"1","RF":"1","RQ":"1","QG":"1","WV":"1","RJ":"1","RW":"1","W8":"1","PH":"1","QX":"1","WW":"1","QR":"1","VG":"1","Q7":"1","PR":"1","QV":"1","JQ":"1","JR":"1","WM":"1","MR":"1","VR":"1","XQ":"1","WP":"1","XP":"1","P7":"1","PW":"1","PC":"1","RR":"1","VX":"1","VF":"1","RP":"1","VV":"1","RM":"1","QC":"1","RV":"1","R9":"1","QP":"1","W9":"1","PP":"1","Q8":"1","VH":"1","V8":"1","MP":"1","VC":"1","QW":"1","QJ":"1","QQ":"1","WQ":"1","Q6":"1","RX":"1","QM":"1","VP":"1","VM":"1","MQ":"1","XX":"1","PX":"1","V9":"1","PV":"1","PM":"1"},"HH":{"GQ":"1"},"JV":{"V2":"1"},"HQ":{"F8":"1","GX":"1","FP":"1","C5":"1","CG":"1","H3":"1","92":"1","4F":"1","84":"1","74":"1","6G":"1","86":"1","HG":"1","59":"1","6H":"1","63":"1","93":"1","8H":"1","62":"1","M9":"1","F7":"1","CR":"1","5P":"1","M5":"1","HX":"1","88":"1","7H":"1","6R":"1","GV":"1","46":"1","95":"1","G9":"1","FG":"1","8M":"1","C7":"1","H8":"1","FX":"1","83":"1","5M":"1","FH":"1","9F":"1","47":"1","GJ":"1","78":"1","CQ":"1","GR":"1","9J":"1","48":"1","M7":"1","9P":"1","49":"1","CC":"1","FV":"1","HM":"1","6J":"1","5J":"1","GQ":"1","M8":"1","58":"1","5R":"1","FM":"1","8Q":"1","7R":"1","9H":"1","76":"1","CJ":"1","F9":"1","4M":"1","4G":"1","8G":"1","MH":"1","7Q":"1","J7":"1","GC":"1","7C":"1","JC":"1","JJ":"1","7G":"1","MC":"1","JM":"1","FJ":"1","GW":"1","6Q":"1","HR":"1","M6":"1","J3":"1","J5":"1","FF":"1","75":"1","66":"1","65":"1","4R":"1","H7":"1","5C":"1","MG":"1","9G":"1","67":"1","9Q":"1","8P":"1","8R":"1","CH":"1","82":"1","4J":"1","HP":"1","JG":"1","7F":"1","H4":"1","J6":"1","5H":"1","8J":"1","GG":"1","JH":"1","9C":"1","J9":"1","68":"1","HQ":"1","CX":"1","HF":"1","C6":"1","GP":"1","96":"1","8F":"1","98":"1","5F":"1","5Q":"1","H9":"1","H5":"1","79":"1","56":"1","72":"1","C3":"1","94":"1","77":"1","HH":"1","87":"1","FW":"1","HW":"1","4H":"1","C4":"1","6M":"1","5G":"1","9R":"1","6F":"1","97":"1","HC":"1","6C":"1","73":"1","FQ":"1","C9":"1","7P":"1","HV":"1","89":"1","C2":"1","4C":"1","85":"1","FR":"1","9M":"1","7J":"1","CP":"1","JF":"1","57":"1","C8":"1","4Q":"1","J4":"1","99":"1","7M":"1","GM":"1","CM":"1","MF":"1","6P":"1","HJ":"1","69":"1","H6":"1","J8":"1","GF":"1","GH":"1","64":"1","FC":"1","4P":"1","CF":"1","8C":"1","H2":"1"},"HP":{"9R":"1","9X":"1","8V":"1","9W":"1","CQ":"1","CX":"1","7X":"1","HX":"1","8Q":"1","6X":"1","9V":"1","8X":"1","CR":"1","9Q":"1","CW":"1","CV":"1","8W":"1","8R":"1"},"HV":{"XQ":"1","RX":"1","RW":"1","QW":"1","QX":"1"},"8C":{"9H":"1","9G":"1"}},"RP":{"HP":{"7R":"1"}},"PJ":{"V6":{"FV":"1","9V":"1","G8":"1","C5":"1","HG":"1","GH":"1","93":"1","CG":"1","G7":"1","7J":"1","F4":"1","CQ":"1","H5":"1","C7":"1","FF":"1","F7":"1","G5":"1","88":"1","C3":"1","F3":"1","7C":"1","CH":"1","F8":"1","CJ":"1","G6":"1","CX":"1","FX":"1","HP":"1","HH":"1","CW":"1","8H":"1","HQ":"1","9C":"1","C9":"1","7M":"1","GW":"1","HV":"1","54":"1","94":"1","G9":"1","9W":"1","9G":"1","FC":"1","8C":"1","96":"1","H7":"1","8J":"1","8P":"1","95":"1","FP":"1","77":"1","7G":"1","HC":"1","8M":"1","CM":"1","CP":"1","76":"1","7F":"1","75":"1","FR":"1","F6":"1","67":"1","CR":"1","CC":"1","9M":"1","87":"1","89":"1","92":"1","9F":"1","GP":"1","86":"1","FG":"1","HF":"1","8G":"1","F9":"1","9P":"1","C6":"1","HX":"1","98":"1","7H":"1","H3":"1","HR":"1","73":"1","9H":"1","HW":"1","65":"1","84":"1","HJ":"1","HM":"1","GJ":"1","64":"1","G3":"1","72":"1","GG":"1","9R":"1","H8":"1","C8":"1","C2":"1","9Q":"1","GX":"1","CV":"1","63":"1","8F":"1","66":"1","GQ":"1","74":"1","GC":"1","97":"1","9X":"1","FQ":"1","9J":"1","GV":"1","GR":"1","H6":"1","H4":"1","G4":"1","FH":"1","53":"1","C4":"1","99":"1","GF":"1","F5":"1","FW":"1","FM":"1","H9":"1","62":"1","7P":"1","FJ":"1","83":"1","GM":"1","CF":"1","52":"1","85":"1"},"R7":{"RF":"1"},"R4":{"XQ":"1","WR":"1","WQ":"1","XP":"1","FP":"1","XV":"1","XX":"1","WV":"1","XR":"1","XW":"1","WW":"1"},"V5":{"F8":"1","44":"1","C5":"1","38":"1","CG":"1","92":"1","84":"1","4F":"1","74":"1","37":"1","86":"1","6G":"1","8W":"1","59":"1","6H":"1","63":"1","93":"1","8H":"1","G3":"1","62":"1","F7":"1","6W":"1","5P":"1","45":"1","88":"1","7H":"1","6R":"1","46":"1","F4":"1","95":"1","CV":"1","52":"1","G9":"1","22":"1","FG":"1","8M":"1","C7":"1","5M":"1","83":"1","3F":"1","9F":"1","47":"1","3C":"1","78":"1","39":"1","9J":"1","9W":"1","48":"1","55":"1","9P":"1","49":"1","CC":"1","25":"1","24":"1","F2":"1","7W":"1","6J":"1","5J":"1","29":"1","58":"1","5R":"1","8Q":"1","9H":"1","7R":"1","5V":"1","36":"1","F3":"1","76":"1","CJ":"1","F9":"1","4M":"1","4G":"1","8G":"1","7Q":"1","GC":"1","7C":"1","42":"1","7G":"1","6V":"1","6Q":"1","23":"1","FF":"1","75":"1","66":"1","65":"1","5C":"1","9G":"1","67":"1","9Q":"1","8P":"1","8R":"1","CH":"1","82":"1","4J":"1","2C":"1","7F":"1","9X":"1","5H":"1","8J":"1","GG":"1","9V":"1","G5":"1","3M":"1","9C":"1","68":"1","CX":"1","5X":"1","26":"1","C6":"1","96":"1","98":"1","8F":"1","5F":"1","5Q":"1","G4":"1","79":"1","56":"1","28":"1","72":"1","G2":"1","C3":"1","94":"1","77":"1","7V":"1","87":"1","CW":"1","4H":"1","3H":"1","C4":"1","6M":"1","35":"1","5G":"1","9R":"1","6F":"1","97":"1","6C":"1","3P":"1","73":"1","C9":"1","32":"1","7P":"1","89":"1","C2":"1","4C":"1","85":"1","3J":"1","5W":"1","53":"1","9M":"1","7J":"1","CP":"1","57":"1","G7":"1","3G":"1","34":"1","F5":"1","C8":"1","6X":"1","99":"1","7M":"1","33":"1","CM":"1","G8":"1","6P":"1","69":"1","F6":"1","54":"1","27":"1","7X":"1","GF":"1","43":"1","64":"1","FC":"1","8V":"1","4P":"1","CF":"1","8C":"1","G6":"1"},"V4":{"GX":"1","FP":"1","2Q":"1","CG":"1","PG":"1","4F":"1","6G":"1","8W":"1","HG":"1","6H":"1","8H":"1","M9":"1","6W":"1","CR":"1","5P":"1","7H":"1","6R":"1","GV":"1","3R":"1","3Q":"1","CV":"1","G9":"1","FG":"1","4W":"1","8M":"1","FX":"1","5M":"1","FH":"1","3F":"1","9F":"1","GJ":"1","3C":"1","MP":"1","PM":"1","CQ":"1","GR":"1","9J":"1","9W":"1","9P":"1","PC":"1","CC":"1","FV":"1","PP":"1","HM":"1","7W":"1","6J":"1","5J":"1","GQ":"1","5R":"1","FM":"1","8Q":"1","7R":"1","9H":"1","5V":"1","CJ":"1","F9":"1","4M":"1","4G":"1","8G":"1","MH":"1","7Q":"1","GC":"1","7C":"1","JC":"1","JJ":"1","PJ":"1","7G":"1","MC":"1","6V":"1","JM":"1","FJ":"1","GW":"1","6Q":"1","FF":"1","4R":"1","5C":"1","MG":"1","9G":"1","9Q":"1","8P":"1","8R":"1","CH":"1","4J":"1","HP":"1","JG":"1","4X":"1","2X":"1","7F":"1","9X":"1","5H":"1","8J":"1","GG":"1","9V":"1","JH":"1","3M":"1","9C":"1","J9":"1","CX":"1","5X":"1","P9":"1","HF":"1","2M":"1","3W":"1","GP":"1","8F":"1","5F":"1","5Q":"1","MM":"1","H9":"1","PH":"1","79":"1","2J":"1","HH":"1","3V":"1","8X":"1","7V":"1","2W":"1","FW":"1","CW":"1","2V":"1","4H":"1","PF":"1","3H":"1","6M":"1","5G":"1","9R":"1","6F":"1","HC":"1","6C":"1","3P":"1","FQ":"1","C9":"1","JP":"1","7P":"1","4V":"1","89":"1","MJ":"1","4C":"1","3J":"1","5W":"1","3X":"1","FR":"1","9M":"1","7J":"1","CP":"1","JF":"1","3G":"1","2R":"1","6X":"1","4Q":"1","99":"1","7M":"1","GM":"1","CM":"1","MF":"1","6P":"1","HJ":"1","2P":"1","7X":"1","GF":"1","GH":"1","FC":"1","8V":"1","4P":"1","CF":"1","8C":"1"},"V7":{"H3":"1","F3":"1","93":"1","G2":"1","92":"1","F2":"1","G3":"1","C2":"1","C3":"1","H2":"1"},"R5":{"X9":"1","XC":"1","X5":"1","X7":"1","X6":"1","X4":"1","X2":"1","X8":"1","X3":"1"}}}}