{"index":{"university,1|retail,2|tourism,3|wreck,4|historical,5|artsCulture,6|namedBuilding,7|water,8|wetland,9|park,10|beach,11|natureReserve,12|cemetery,13|trail,14":{}},"94":{"8X":{"75":{"85":"1","84":"1","86":"1"}},"4M":{"97":{"C3":"1","C4":"1"}},"5V":{"W7":{"74":"1"},"W6":{"37":"1","39":"1","38":"1","48":"1","49":"1","59":"1","47":"1","58":"1"},"V5":{"RH":"1","WR":"1","QH":"1","VQ":"1","PQ":"1","RQ":"1","RJ":"1","QR":"1","WM":"1","VR":"1","WP":"1","PJ":"1","RR":"1","RP":"1","RM":"1","VJ":"1","QP":"1","PP":"1","VH":"1","WJ":"1","QQ":"1","QJ":"1","WQ":"1","QM":"1","VM":"1","VP":"1","PM":"1"}},"6P":{"66":{"MP":"1","JP":"1"}},"6H":{"39":{"97":"1","C7":"1","98":"1"},"G9":{"H8":"1","H9":"1","G9":"1","G7":"1","7V":"1","6V":"1","7W":"1","G8":"1","6W":"1","H7":"1"}},"C7":{"99":{"M7":"1","W8":"1","M4":"1","W7":"1","W6":"1","R2":"1","V6":"1","J4":"1","W4":"1","M6":"1","Q5":"1","Q2":"1","P5":"1","W3":"1","Q4":"1","R7":"1","V3":"1","M5":"1","J6":"1","R4":"1","R3":"1","Q3":"1","V5":"1","V4":"1","V7":"1","P4":"1","X8":"1","R6":"1","W5":"1","R5":"1","P7":"1","V8":"1","P6":"1","V2":"1","J5":"1"},"98":{"RX":"1","RW":"1","VV":"1","VX":"1","RV":"1","QX":"1","VW":"1"}},"W8":{"97":{"6H":"1","5H":"1","5M":"1","5J":"1"}},"7C":{"89":{"Q6":"1","Q7":"1"},"98":{"3C":"1","4F":"1","3F":"1","4C":"1"}},"6J":{"QR":{"JG":"1","MG":"1"}},"6Q":{"2X":{"HQ":"1","HR":"1"},"CP":{"RX":"1"}},"4V":{"XG":{"MH":"1","JH":"1","MG":"1","JJ":"1","MJ":"1"},"4R":{"XW":"1","XX":"1"},"5R":{"2W":"1","2V":"1","2X":"1"}},"CV":{"R7":{"4P":"1","5Q":"1","5P":"1"}},"7X":{"PQ":{"X9":"1","W8":"1","XC":"1","XG":"1","W9":"1","WC":"1","WF":"1","VF":"1","XF":"1","WG":"1","X8":"1","VG":"1"}},"P2":{"3H":{"69":"1"}},"G6":{"PW":{"X2":"1","X3":"1","X4":"1"},"QW":{"23":"1","22":"1","24":"1"},"QV":{"2X":"1"},"PV":{"XW":"1","XX":"1"}},"96":{"3M":{"2H":"1","3H":"1","3G":"1","2J":"1","2G":"1","3J":"1"}},"7R":{"8W":{"R3":"1"}},"2X":{"46":{"FM":"1","FJ":"1","GJ":"1","GM":"1"},"MM":{"GG":"1"},"MJ":{"CQ":"1","FM":"1","GG":"1","CM":"1","9P":"1","CP":"1","GH":"1","FQ":"1","FP":"1","9M":"1","GJ":"1","9Q":"1","CJ":"1","FJ":"1","CR":"1","9H":"1","FH":"1","CG":"1","CV":"1","9J":"1","9R":"1","CH":"1"}}}}