{"index":{"university,1|retail,2|tourism,3|wreck,4|historical,5|artsCulture,6|namedBuilding,7|water,8|wetland,9|park,10|beach,11|natureReserve,12|cemetery,13|trail,14":{}},"95":{"36":{"2X":{"H8":"1","H9":"1","G9":"1","G7":"1","H6":"1","G8":"1","H7":"1"}},"6C":{"Q2":{"7J":"1","8J":"1","7H":"1","8H":"1","7M":"1","8M":"1"},"2J":{"2H":"1"}},"2V":{"MW":{"4R":"1"}},"2P":{"CF":{"32":"1"},"CC":{"3X":"1"},"F5":{"4P":"1","5P":"1","6M":"1","4J":"1","4M":"1","5M":"1","5J":"1","6P":"1"}},"2Q":{"C9":{"RQ":"1","QQ":"1","QP":"1","QR":"1","RR":"1","RP":"1","RV":"1","QV":"1"},"CC":{"4F":"1","43":"1","5F":"1","59":"1","4C":"1","47":"1","42":"1","48":"1","58":"1","49":"1","5C":"1","5G":"1","4G":"1"}},"73":{"55":{"HH":"1","FR":"1","GJ":"1","FH":"1","FM":"1","GH":"1","HJ":"1","CM":"1","FJ":"1","CJ":"1","GQ":"1","GM":"1","FQ":"1","FP":"1","CP":"1","GP":"1","CH":"1"},"86":{"X9":"1","W9":"1","WF":"1","XC":"1","WC":"1"}},"2F":{"28":{"98":"1","89":"1","99":"1","86":"1","77":"1","J7":"1","C9":"1","C6":"1","95":"1","C8":"1","96":"1","79":"1","88":"1","87":"1","9C":"1","97":"1","78":"1","C7":"1","85":"1"}},"4M":{"48":{"RM":"1","JQ":"1","RP":"1","RJ":"1","RH":"1","VH":"1","GQ":"1","VJ":"1","VP":"1","VM":"1"},"49":{"F8":"1","FP":"1","CG":"1","PG":"1","H3":"1","VC":"1","HG":"1","M3":"1","V9":"1","M9":"1","CR":"1","M5":"1","WH":"1","RQ":"1","MQ":"1","GV":"1","WQ":"1","CV":"1","G9":"1","FG":"1","H8":"1","QJ":"1","VJ":"1","FH":"1","GJ":"1","MP":"1","RC":"1","PM":"1","CQ":"1","GR":"1","M7":"1","VH":"1","PC":"1","Q9":"1","CC":"1","WJ":"1","VF":"1","FV":"1","PP":"1","HM":"1","RG":"1","PQ":"1","WM":"1","GQ":"1","M4":"1","M8":"1","WP":"1","FM":"1","P7":"1","CJ":"1","F9":"1","QQ":"1","R6":"1","MH":"1","J7":"1","GC":"1","JC":"1","JJ":"1","PJ":"1","MC":"1","RP":"1","JM":"1","FJ":"1","HR":"1","M6":"1","J3":"1","J5":"1","FF":"1","JQ":"1","H7":"1","MG":"1","CH":"1","QP":"1","HP":"1","R8":"1","QC":"1","JG":"1","P4":"1","H4":"1","J6":"1","RF":"1","GG":"1","P6":"1","JH":"1","RM":"1","VG":"1","J9":"1","HQ":"1","Q6":"1","P9":"1","Q8":"1","HF":"1","VQ":"1","GP":"1","P8":"1","H9":"1","MM":"1","H5":"1","PH":"1","HH":"1","QF":"1","FW":"1","CW":"1","VM":"1","PF":"1","R9":"1","Q5":"1","VP":"1","HC":"1","R7":"1","FQ":"1","C9":"1","JP":"1","Q7":"1","HV":"1","MJ":"1","RJ":"1","FR":"1","P5":"1","CP":"1","JF":"1","C8":"1","J4":"1","RH":"1","GM":"1","CM":"1","G8":"1","MF":"1","QH":"1","HJ":"1","H6":"1","J8":"1","GF":"1","QM":"1","GH":"1","FC":"1","CF":"1","H2":"1","QG":"1"}},"38":{"32":{"47":"1"},"PP":{"4P":"1","6J":"1","5P":"1","6M":"1","4J":"1","4M":"1","5M":"1","5J":"1"},"22":{"W2":"1"}},"5F":{"94":{"2H":"1","2C":"1","2J":"1","2G":"1","2F":"1"},"84":{"XG":"1","WG":"1","WH":"1","WF":"1","XF":"1","XJ":"1","XC":"1","WC":"1","WJ":"1","XH":"1"},"7X":{"57":"1","66":"1","68":"1","HG":"1","6C":"1","69":"1","56":"1","67":"1","59":"1","58":"1"}},"GC":{"23":{"2W":"1","2X":"1","3X":"1","3W":"1"},"24":{"22":"1","45":"1","54":"1","24":"1","56":"1","25":"1","33":"1","44":"1","32":"1","34":"1","23":"1"}},"5C":{"X8":{"C6":"1","96":"1","C7":"1"}},"6H":{"4H":{"F2":"1","G2":"1","G3":"1","F3":"1"}},"4Q":{"VC":{"82":"1","72":"1"},"52":{"Q6":"1","Q5":"1","P5":"1","P4":"1","P6":"1","P7":"1","Q7":"1"},"V9":{"7J":"1","8J":"1","7X":"1","8X":"1","7M":"1","8M":"1"}},"28":{"RW":{"XP":"1","WP":"1","XQ":"1","XR":"1","WQ":"1","WR":"1"}},"6F":{"CQ":{"XW":"1"}},"4H":{"QP":{"M6":"1"}},"58":{"GF":{"HG":"1","GH":"1","WV":"1","48":"1","2G":"1","3G":"1","FF":"1","J9":"1","35":"1","XQ":"1","38":"1","HH":"1","37":"1","XV":"1","8H":"1","C9":"1","4C":"1","G9":"1","9G":"1","FC":"1","XR":"1","26":"1","XP":"1","HC":"1","25":"1","36":"1","CC":"1","9F":"1","27":"1","FG":"1","HF":"1","49":"1","8G":"1","F9":"1","VV":"1","2C":"1","2F":"1","29":"1","9H":"1","HJ":"1","WP":"1","GJ":"1","WX":"1","GG":"1","47":"1","3C":"1","WW":"1","8F":"1","XX":"1","WQ":"1","GC":"1","39":"1","5G":"1","4G":"1","FH":"1","WR":"1","3F":"1","99":"1","GF":"1","XW":"1","JF":"1","JC":"1","5F":"1","FM":"1","H9":"1","4F":"1","28":"1","FJ":"1","GM":"1"},"FC":{"WR":"1","VR":"1","VX":"1","XV":"1","RV":"1","VV":"1","XX":"1","WV":"1","WX":"1","RQ":"1","XR":"1","RX":"1","VW":"1","RR":"1","RW":"1","XW":"1","WW":"1"},"HG":{"C3":"1","92":"1","G2":"1","93":"1","C2":"1"},"GG":{"Q5":"1","53":"1","CH":"1","CJ":"1","FV":"1"},"GC":{"R5":"1","Q6":"1","R6":"1","Q5":"1"},"GH":{"FM":"1","FJ":"1","GJ":"1","GM":"1"},"F9":{"6V":"1","5V":"1","5W":"1","6W":"1"},"G3":{"FQ":"1","GQ":"1","GP":"1","FP":"1","RV":"1"},"HH":{"72":"1","63":"1","73":"1","54":"1","62":"1","64":"1","53":"1","52":"1"},"FF":{"XH":"1","R5":"1","XF":"1","W6":"1","W3":"1","X4":"1","RC":"1","R8":"1","X9":"1","R2":"1","V3":"1","V6":"1","W2":"1","XG":"1","Q9":"1","R3":"1","V5":"1","W8":"1","R7":"1","Q5":"1","Q7":"1","V7":"1","X3":"1","X7":"1","WC":"1","W7":"1","V2":"1","X6":"1","X2":"1","X8":"1","W4":"1","QC":"1","R9":"1","W9":"1","Q8":"1","V8":"1","XC":"1","VC":"1","W5":"1","V4":"1","R4":"1","Q6":"1","X5":"1","R6":"1","V9":"1"},"HF":{"9R":"1","62":"1","9X":"1","8V":"1","9W":"1","CX":"1","52":"1","9V":"1","8X":"1","CR":"1","CW":"1","CV":"1","8W":"1"}},"48":{"F7":{"R5":"1","P9":"1","Q4":"1","P6":"1","R8":"1","V6":"1","Q9":"1","V5":"1","R7":"1","Q5":"1","Q7":"1","V7":"1","P7":"1","Q8":"1","P5":"1","V8":"1","P4":"1","Q6":"1","P8":"1","R6":"1","M7":"1"}},"FC":{"X4":{"X3":"1"}},"33":{"2Q":{"4Q":"1"}},"2J":{"76":{"P3":"1","M3":"1"}},"7P":{"4P":{"48":"1","47":"1"}},"59":{"92":{"2H":"1","2M":"1","3M":"1","3H":"1","3G":"1","2J":"1","2G":"1","3J":"1","2F":"1","2P":"1"},"25":{"7H":"1","7G":"1","6G":"1","6H":"1","7F":"1","6F":"1","5H":"1","6J":"1","5G":"1"},"82":{"XP":"1","XG":"1","WG":"1","WP":"1","WH":"1","WM":"1","WF":"1","XF":"1","XJ":"1","WJ":"1","XH":"1","XM":"1"}},"27":{"XW":{"9G":"1"},"WW":{"FM":"1","7P":"1","CM":"1","CP":"1","FP":"1","GJ":"1","CJ":"1","FJ":"1","FH":"1"}},"3V":{"6H":{"C2":"1"}},"XP":{"4W":{"FQ":"1","CQ":"1","FR":"1","CR":"1"}},"CC":{"PV":{"83":"1","82":"1","93":"1"}},"5P":{"57":{"XG":"1","XH":"1","XM":"1"},"67":{"2H":"1","2M":"1","2J":"1","2G":"1"}},"77":{"76":{"FF":"1"}},"5Q":{"8X":{"P9":"1","PC":"1","P8":"1","MF":"1","M8":"1","MC":"1","PF":"1","M9":"1"}},"2C":{"H5":{"72":"1","63":"1","73":"1","54":"1","62":"1","64":"1","53":"1","52":"1"}},"J7":{"FJ":{"2F":"1"}},"37":{"3V":{"G8":"1","C5":"1","HG":"1","GH":"1","93":"1","G7":"1","F4":"1","H5":"1","FF":"1","F7":"1","J6":"1","G5":"1","J9":"1","F3":"1","C3":"1","F8":"1","G6":"1","HH":"1","94":"1","G9":"1","FC":"1","H7":"1","95":"1","G2":"1","HC":"1","JG":"1","F6":"1","J3":"1","92":"1","HF":"1","F9":"1","H3":"1","84":"1","J2":"1","G3":"1","GG":"1","H8":"1","J5":"1","C2":"1","GC":"1","MC":"1","H2":"1","J8":"1","H6":"1","H4":"1","G4":"1","C4":"1","GF":"1","J7":"1","F5":"1","JF":"1","JC":"1","M9":"1","H9":"1","F2":"1","83":"1","J4":"1","85":"1"},"2W":{"W9":"1","XV":"1","XR":"1","W8":"1","WR":"1","WV":"1"},"5Q":{"5F":"1","59":"1","5J":"1","5P":"1","4Q":"1","6Q":"1","6G":"1","69":"1","6H":"1","6F":"1","5H":"1","5M":"1","6P":"1","5Q":"1","6M":"1","5C":"1","6C":"1","6J":"1","5G":"1"},"2R":{"M4":"1","P4":"1","P3":"1","M5":"1","M3":"1"},"2V":{"89":"1","57":"1","59":"1","77":"1","7G":"1","7C":"1","6G":"1","69":"1","58":"1","68":"1","7F":"1","6F":"1","79":"1","88":"1","78":"1","5C":"1","6C":"1","67":"1"},"QW":{"R5":"1","J6":"1","M4":"1","M8":"1","Q4":"1","P6":"1","R8":"1","V3":"1","Q9":"1","R3":"1","P3":"1","V5":"1","R7":"1","Q5":"1","Q7":"1","M6":"1","P7":"1","Q3":"1","J7":"1","R9":"1","Q8":"1","P5":"1","M5":"1","V4":"1","P4":"1","R4":"1","Q6":"1","R6":"1","M7":"1"},"8X":{"3Q":"1"},"2X":{"WX":"1"},"3W":{"78":"1","P6":"1","65":"1","86":"1","87":"1","84":"1","55":"1","64":"1","66":"1","85":"1","77":"1","76":"1","67":"1","75":"1","56":"1","P5":"1","57":"1","88":"1","74":"1"},"3R":{"JX":"1","GX":"1","CX":"1","HX":"1","FX":"1"}},"75":{"P3":{"6X":"1"},"CG":{"MF":"1","MG":"1"}},"6W":{"P3":{"RR":"1","RW":"1","VV":"1","RV":"1","VW":"1"}},"8C":{"PM":{"64":"1","73":"1","62":"1","74":"1","82":"1","63":"1","72":"1"},"PJ":{"7X":"1","6X":"1","5X":"1","7W":"1","6W":"1"}},"56":{"HG":{"5F":"1"}},"83":{"3J":{"57":"1","59":"1","77":"1","65":"1","56":"1","75":"1","66":"1","69":"1","68":"1","58":"1","55":"1","76":"1","79":"1","78":"1","67":"1"}},"57":{"52":{"W9":"1","W8":"1","V9":"1"}},"22":{"PP":{"3V":"1","3W":"1"},"6P":{"P9":"1","PC":"1","P8":"1","M8":"1","MC":"1","Q9":"1","QC":"1","M9":"1"}},"68":{"PM":{"8P":"1","8R":"1","6M":"1","6R":"1","7V":"1","7M":"1","8V":"1","6P":"1","6H":"1","8Q":"1","9V":"1","7J":"1","6J":"1","8J":"1","6Q":"1","7P":"1","9R":"1","8H":"1","7H":"1","6V":"1","7Q":"1","7R":"1","8M":"1"}}}}