{"index":{"university,1|retail,2|tourism,3|wreck,4|historical,5|artsCulture,6|namedBuilding,7|water,8|wetland,9|park,10|beach,11|natureReserve,12|cemetery,13|trail,14":{}},"99":{"RR":{"3V":{"F8":"1","F9":"1","9F":"1"},"3F":{"2P":"1"}},"MX":{"CP":{"VJ":"1"}},"PW":{"57":{"8V":"1","7X":"1","7V":"1","8X":"1","7W":"1","8W":"1"},"H6":{"6H":"1","6J":"1"},"44":{"Q9":"1","64":"1","X8":"1","P8":"1","X7":"1","Q8":"1","JR":"1","H3":"1","JV":"1","63":"1","P7":"1","Q7":"1","JQ":"1"},"54":{"28":"1","27":"1"},"43":{"Q4":"1","R2":"1","G9":"1","GC":"1","RG":"1","GF":"1","RQ":"1","RF":"1","R3":"1","P3":"1","QX":"1","VG":"1","Q2":"1","F9":"1","FC":"1","FG":"1","W7":"1","PW":"1","V2":"1","P2":"1","GG":"1","VF":"1","Q3":"1","RP":"1","M2":"1","FF":"1","XC":"1","QW":"1","P4":"1","PX":"1"},"46":{"J8":"1","JC":"1","J9":"1"},"QC":{"9X":"1","8V":"1","9W":"1","8X":"1","7W":"1","8W":"1"},"QF":{"92":"1","82":"1"},"42":{"PX":"1","RV":"1","QV":"1","VP":"1","RX":"1","QW":"1","QX":"1","RW":"1","PW":"1","VQ":"1"},"33":{"VX":"1","G3":"1","VW":"1"}},"PX":{"67":{"89":"1","77":"1","65":"1","75":"1","66":"1","76":"1","8C":"1","67":"1"}}}}