{"index":{"university,1|retail,2|tourism,3|wreck,4|historical,5|artsCulture,6|namedBuilding,7|water,8|wetland,9|park,10|beach,11|natureReserve,12|cemetery,13|trail,14":{}},"9C":{"4V":{"8X":{"P2":"1","Q2":"1"},"QH":{"HH":"1","HF":"1","M8":"1","H9":"1","HG":"1","JF":"1","G9":"1","GC":"1","GF":"1","FH":"1","MG":"1","MF":"1","M9":"1","GH":"1","FC":"1","H6":"1","FG":"1","JH":"1","HC":"1","GG":"1","H7":"1","H8":"1","J7":"1","FF":"1","MC":"1","J8":"1","J9":"1","JG":"1","JC":"1"},"JV":{"3C":"1","39":"1","2C":"1","3F":"1","2F":"1"},"P6":{"5Q":"1","5R":"1","6V":"1","5V":"1"},"FR":{"JP":"1","9W":"1","8X":"1","8W":"1"},"HV":{"RC":"1","PF":"1","QC":"1","VF":"1","QF":"1","RF":"1","VH":"1","RH":"1","PC":"1"},"4M":{"7H":"1","7G":"1"},"38":{"64":"1","73":"1","62":"1","63":"1","72":"1"},"28":{"8V":"1","9W":"1","9V":"1","8X":"1","8W":"1"},"FX":{"39":"1","42":"1"},"3J":{"PW":"1","QW":"1","QV":"1","QX":"1","PV":"1","PX":"1"},"MG":{"X2":"1","W3":"1","X3":"1","W2":"1","X4":"1","W4":"1"},"3W":{"XP":"1","XQ":"1","XJ":"1","XR":"1","WJ":"1","XH":"1","XM":"1"},"HR":{"QR":"1","RR":"1","QW":"1","RV":"1","QV":"1"},"MF":{"RQ":"1","VP":"1","VQ":"1","XQ":"1","XR":"1","RP":"1","VM":"1","RM":"1"},"RW":{"59":"1","77":"1","7H":"1","7G":"1","42":"1","7C":"1","69":"1","68":"1","33":"1","6F":"1","79":"1","32":"1","78":"1","6C":"1","67":"1"},"Q5":{"G8":"1","G7":"1","M8":"1","H5":"1","F7":"1","J6":"1","G5":"1","J9":"1","F8":"1","P7":"1","G6":"1","Q5":"1","MG":"1","MH":"1","57":"1","M2":"1","G9":"1","FC":"1","H7":"1","HC":"1","JG":"1","67":"1","F6":"1","M7":"1","J3":"1","F9":"1","MF":"1","PF":"1","M3":"1","PC":"1","P6":"1","P4":"1","P5":"1","H8":"1","56":"1","J5":"1","66":"1","PG":"1","GC":"1","MC":"1","P3":"1","J8":"1","H6":"1","H4":"1","M5":"1","J7":"1","F5":"1","JF":"1","JC":"1","M9":"1","M6":"1","H9":"1","P9":"1","M4":"1","P8":"1","Q4":"1","J4":"1"},"GV":{"H9":"1","HF":"1","G9":"1","GC":"1","HC":"1","GF":"1"},"FW":{"4W":"1","5X":"1","5W":"1","4X":"1"},"6Q":{"3C":"1","23":"1","25":"1","3F":"1","24":"1"},"GW":{"68":"1","69":"1","67":"1","79":"1","78":"1","77":"1"},"97":{"7J":"1","8J":"1","9H":"1","7H":"1","8H":"1","8M":"1"},"CV":{"X4":"1","X5":"1"},"FV":{"GQ":"1","25":"1","24":"1","JJ":"1","GR":"1"},"XP":{"XH":"1","XF":"1","XV":"1","WR":"1","VQ":"1","XW":"1","X9":"1","XR":"1","XG":"1","XM":"1","RQ":"1","WV":"1","WW":"1","WM":"1","XJ":"1","VR":"1","XQ":"1","WP":"1","XP":"1","VV":"1","XC":"1","WJ":"1","WQ":"1","VM":"1","VP":"1"},"P7":{"2H":"1","53":"1","2J":"1","2G":"1","43":"1"},"5Q":{"X5":"1","W6":"1","X6":"1","R9":"1","W4":"1","RG":"1","X4":"1","WF":"1","W3":"1","RH":"1","VF":"1","V9":"1","QG":"1","WG":"1","R8":"1","W5":"1","X3":"1","VG":"1","V8":"1","QH":"1"},"MV":{"XP":"1","XJ":"1","XH":"1","XM":"1"},"HW":{"C4":"1","G4":"1","G5":"1","C5":"1","F5":"1","F4":"1"},"RV":{"4F":"1","4H":"1","3F":"1","3X":"1","2M":"1","4J":"1","4X":"1","3J":"1","3M":"1"},"4W":{"3Q":"1","2V":"1","2H":"1","3P":"1","2P":"1","2Q":"1","2J":"1","2M":"1","3R":"1","2R":"1","3M":"1"},"37":{"9R":"1","8V":"1","9W":"1","9V":"1","FH":"1","8R":"1"},"9Q":{"P2":"1","M2":"1"},"5R":{"4P":"1","J6":"1","5Q":"1","H5":"1","4R":"1","H6":"1","4Q":"1","G6":"1","5P":"1","G5":"1","J5":"1"},"8W":{"QX":"1","PX":"1"},"MH":{"JF":"1","MC":"1","JG":"1","MF":"1","PF":"1","MG":"1"},"M7":{"XG":"1","XJ":"1","WH":"1","WJ":"1","XH":"1","XF":"1","WG":"1"},"PV":{"4H":"1","2G":"1","3F":"1","2H":"1","3P":"1","3H":"1","2P":"1","2J":"1","2M":"1","4J":"1","3J":"1","3G":"1","2F":"1","3M":"1","4G":"1"}},"9V":{"5W":{"83":"1","73":"1","32":"1","62":"1","82":"1","22":"1","72":"1"},"9W":{"5V":"1"},"4R":{"9X":"1"},"MG":{"84":"1"},"5P":{"VC":"1","RC":"1","RF":"1"},"4W":{"8F":"1","8G":"1","8C":"1"},"7J":{"MF":"1"},"MX":{"PG":"1","MC":"1","MF":"1","PF":"1","PC":"1"},"5Q":{"MM":"1","PR":"1","QP":"1","PM":"1","MQ":"1","MP":"1","QM":"1","QQ":"1","PQ":"1","PP":"1"},"5V":{"3F":"1","8X":"1","49":"1","3C":"1","3X":"1","7V":"1","8V":"1","9V":"1","6X":"1","58":"1","48":"1","7W":"1","CV":"1","7X":"1","4F":"1","45":"1","44":"1","9W":"1","46":"1","6W":"1","8W":"1","2X":"1","47":"1","4C":"1"},"M3":{"J2":"1"},"4V":{"92":"1","94":"1","97":"1","82":"1","93":"1","99":"1","9C":"1","95":"1","96":"1","C7":"1","98":"1"}},"JM":{"26":{"4G":"1","43":"1","4C":"1","42":"1"},"25":{"4X":"1"}},"4H":{"83":{"PQ":"1"},"4P":{"W9":"1","W8":"1","V8":"1","QC":"1","V9":"1"},"MC":{"HH":"1","9G":"1","CG":"1","HF":"1","FR":"1","HP":"1","GJ":"1","HG":"1","JF":"1","GC":"1","G9":"1","GF":"1","CF":"1","FH":"1","MG":"1","JM":"1","C7":"1","CQ":"1","FM":"1","F9":"1","GH":"1","FC":"1","HJ":"1","F8":"1","FG":"1","CM":"1","JH":"1","CV":"1","FJ":"1","FV":"1","HC":"1","CC":"1","GG":"1","GR":"1","F7":"1","CJ":"1","GQ":"1","FF":"1","9F":"1","GM":"1","FQ":"1","G8":"1","FP":"1","HM":"1","MH":"1","CP":"1","JJ":"1","GP":"1","JG":"1","CH":"1","CR":"1","JC":"1"},"M8":{"GX":"1","FX":"1"},"J4":{"WP":"1","XQ":"1","WR":"1","WQ":"1","VR":"1","VX":"1","XV":"1","RV":"1","VV":"1","WV":"1","WX":"1","XR":"1","VW":"1","RR":"1","XW":"1","WW":"1","VQ":"1"},"J8":{"FR":"1"},"5P":{"7Q":"1","7P":"1"},"48":{"QW":"1","QX":"1"},"49":{"JF":"1","HF":"1"},"88":{"X9":"1"},"M9":{"F4":"1","H3":"1","26":"1","G4":"1","8P":"1","25":"1","8J":"1","F3":"1","48":"1","6G":"1","G2":"1","27":"1","F2":"1","33":"1","G3":"1","44":"1","35":"1","5M":"1","6M":"1","34":"1","37":"1","36":"1","H2":"1"},"R2":{"Q5":"1","W8":"1","W7":"1"}},"7Q":{"RH":{"VC":"1","CM":"1","R9":"1","9P":"1","CP":"1","9M":"1","VF":"1","V9":"1","CJ":"1","RC":"1","R8":"1","9J":"1"},"WR":{"PR":"1","PV":"1"},"W6":{"XW":"1","XJ":"1","XH":"1","XX":"1"},"W3":{"WG":"1","WF":"1","VG":"1","VF":"1"},"VQ":{"5W":"1","22":"1","72":"1","63":"1","73":"1","54":"1","62":"1","PC":"1","JC":"1","5X":"1","65":"1","64":"1","HC":"1","75":"1","66":"1","82":"1","55":"1","92":"1","PG":"1","76":"1","PF":"1","74":"1","32":"1","2C":"1","67":"1"},"JF":{"7X":"1","7W":"1"},"9C":{"X7":"1"},"QR":{"3V":"1","3Q":"1","2R":"1","3R":"1","2Q":"1"},"QV":{"HW":"1","GW":"1","HX":"1","HV":"1"},"F9":{"4P":"1","6H":"1","5Q":"1","6J":"1","5H":"1","4R":"1","5R":"1","4Q":"1","4V":"1","5P":"1","5V":"1","5M":"1","5J":"1"},"WM":{"2H":"1","2M":"1","3V":"1","2R":"1","2V":"1","2J":"1","3R":"1"},"VX":{"7M":"1","8M":"1"},"RP":{"FQ":"1","GQ":"1","HP":"1","GP":"1"},"VV":{"8J":"1","9H":"1","9M":"1","8M":"1","9J":"1"},"RM":{"R6":"1","R7":"1","Q8":"1","R8":"1","Q7":"1"},"VH":{"4H":"1","WV":"1","3H":"1","2J":"1","WX":"1","4J":"1","3J":"1","WW":"1","4M":"1","3M":"1"},"QQ":{"26":"1","38":"1","47":"1","48":"1","46":"1","27":"1","35":"1","39":"1","37":"1","36":"1"},"RX":{"6G":"1"},"VM":{"PM":"1","XJ":"1","PH":"1","XH":"1","XM":"1","PJ":"1"},"JG":{"85":"1","86":"1","72":"1"},"VP":{"8X":"1","8P":"1","C5":"1","F6":"1","C3":"1","8R":"1","C9":"1","5V":"1","8V":"1","C6":"1","8Q":"1","C7":"1","F4":"1","F8":"1","C4":"1","G5":"1","CC":"1","F7":"1","F3":"1","9Q":"1","F5":"1","C8":"1","94":"1","9X":"1","2X":"1","93":"1","8M":"1","M7":"1"},"M7":{"4W":"1","3X":"1","3W":"1","4X":"1"}},"3G":{"VC":{"G9":"1","G8":"1"},"HP":{"3Q":"1","2R":"1","3R":"1"},"MH":{"G6":"1"},"CG":{"Q8":"1","R8":"1"}},"7J":{"2M":{"4F":"1","4H":"1","2G":"1","5J":"1","3F":"1","3H":"1","88":"1","5H":"1","87":"1","78":"1","3G":"1","2F":"1","5G":"1","4G":"1"},"2R":{"M2":"1"},"2Q":{"MX":"1"}},"3X":{"MW":{"HW":"1","HR":"1","JX":"1","JW":"1","JR":"1","JV":"1","HV":"1"},"GX":{"G6":"1","G5":"1","F4":"1","XG":"1","F5":"1","VF":"1","VH":"1","2P":"1","QV":"1","QW":"1","6M":"1","QX":"1","VG":"1","RW":"1","F6":"1","F7":"1","C5":"1","67":"1","C4":"1"},"FP":{"J6":"1","23":"1","3X":"1","34":"1","4X":"1","33":"1"},"PX":{"FG":"1","FF":"1","GG":"1","GF":"1"},"CG":{"RJ":"1","QJ":"1","VJ":"1","QH":"1","RM":"1","VM":"1","RH":"1"},"37":{"V7":"1","W7":"1","W6":"1","V6":"1"},"HG":{"2H":"1","28":"1","2M":"1","2J":"1"},"59":{"HM":"1","GJ":"1","HJ":"1","GM":"1"},"G3":{"PM":"1","PQ":"1","PP":"1","PR":"1","PV":"1","MM":"1"},"CR":{"GG":"1","PF":"1","GJ":"1","HJ":"1","GF":"1","PC":"1"},"HX":{"WP":"1","GW":"1","HG":"1","WQ":"1","WM":"1","RQ":"1","R6":"1","VP":"1","RR":"1","GX":"1","VQ":"1","VM":"1"},"WH":{"C9":"1","4G":"1","3M":"1","5H":"1","3H":"1","C8":"1","3G":"1","3J":"1","4J":"1","4M":"1","5M":"1","5J":"1","4H":"1"},"RQ":{"3V":"1","4W":"1","4V":"1","3W":"1"},"MQ":{"2X":"1","3X":"1"},"6R":{"XP":"1","XQ":"1"},"GV":{"4V":"1","JM":"1","G8":"1","C5":"1","GH":"1","WV":"1","G7":"1","CG":"1","7Q":"1","7J":"1","C7":"1","FF":"1","F7":"1","88":"1","2M":"1","C3":"1","F8":"1","CH":"1","P7":"1","CX":"1","HP":"1","FX":"1","XV":"1","8H":"1","4Q":"1","59":"1","JP":"1","9C":"1","C9":"1","GW":"1","7M":"1","HV":"1","G9":"1","9G":"1","FC":"1","8J":"1","8P":"1","95":"1","77":"1","7G":"1","8M":"1","CM":"1","76":"1","67":"1","F6":"1","CC":"1","9M":"1","87":"1","89":"1","FG":"1","8G":"1","F9":"1","9P":"1","C6":"1","HX":"1","7H":"1","PF":"1","9H":"1","55":"1","HW":"1","84":"1","3P":"1","HM":"1","6M":"1","GJ":"1","X4":"1","MQ":"1","3Q":"1","GG":"1","56":"1","C8":"1","GX":"1","66":"1","PG":"1","X3":"1","GC":"1","8Q":"1","4P":"1","9J":"1","GV":"1","FH":"1","99":"1","GF":"1","79":"1","8R":"1","78":"1","JV":"1","7P":"1","P8":"1","JW":"1","CF":"1"},"WQ":{"9M":"1","3Q":"1","2R":"1","8P":"1","9P":"1","9Q":"1","3R":"1","2Q":"1","8M":"1"},"CV":{"6Q":"1","7P":"1","6M":"1","7M":"1","6P":"1"},"XP":{"3V":"1","2W":"1","3Q":"1","2V":"1","3W":"1","3R":"1"},"C7":{"83":"1","84":"1"},"FX":{"HQ":"1","8F":"1","G7":"1","85":"1","FG":"1","F7":"1","C6":"1","8Q":"1","G6":"1","HH":"1","F6":"1","GG":"1","HJ":"1","F8":"1","9G":"1","7W":"1","JH":"1","XH":"1","95":"1","MV":"1","96":"1","8G":"1","FH":"1","GH":"1","JJ":"1","C7":"1","86":"1","8R":"1","9F":"1","8C":"1"},"FH":{"HR":"1"},"9F":{"MW":"1","MX":"1"},"GJ":{"5C":"1","4C":"1","59":"1","6G":"1"},"MP":{"4P":"1","6Q":"1","2M":"1","3M":"1","3J":"1","4M":"1","3P":"1","2P":"1"},"PM":{"V3":"1","V2":"1"},"CQ":{"W3":"1","X3":"1","7Q":"1","X4":"1","7P":"1","X5":"1"},"GR":{"9G":"1","CG":"1","8P":"1","CW":"1","9H":"1","65":"1","XG":"1","CF":"1","Q9":"1","8Q":"1","FX":"1","2H":"1","CQ":"1","VG":"1","GV":"1","FW":"1","GW":"1","2G":"1","CV":"1","FV":"1","7X":"1","G5":"1","GR":"1","8H":"1","8G":"1","9P":"1","GQ":"1","M2":"1","2C":"1","FQ":"1","WJ":"1","H5":"1","FP":"1","GP":"1","CR":"1"},"9W":{"W9":"1","85":"1","82":"1","95":"1","F5":"1","F4":"1","F3":"1"},"9P":{"XX":"1"},"VH":{"GQ":"1","HQ":"1","HR":"1","MR":"1","JM":"1","GR":"1"},"CC":{"CQ":"1","GP":"1","FW":"1","9V":"1","FV":"1","FM":"1","CW":"1","9W":"1","CP":"1","GH":"1","FP":"1","FQ":"1","GM":"1","HR":"1","GJ":"1","FJ":"1","CR":"1","MX":"1","FR":"1","MW":"1","GQ":"1","HM":"1","FH":"1","CV":"1","HQ":"1","CX":"1","HP":"1","GR":"1","JX":"1"},"WJ":{"5F":"1","7C":"1","6G":"1","6H":"1","6F":"1","79":"1","5H":"1","5C":"1","6C":"1","5G":"1"},"VF":{"RJ":"1","QJ":"1","RM":"1","RH":"1"},"FV":{"XH":"1","RC":"1","XW":"1","XR":"1","WX":"1","QF":"1","VW":"1","RF":"1","R3":"1","WW":"1","V7":"1","XJ":"1","XQ":"1","W7":"1","VX":"1","85":"1","WH":"1","QC":"1","75":"1","V8":"1","WJ":"1","MQ":"1","XX":"1","PV":"1"},"HM":{"HJ":"1","GF":"1","H7":"1","86":"1","57":"1","HG":"1","26":"1","GG":"1","25":"1","GH":"1","MP":"1","GJ":"1","58":"1","HH":"1","HF":"1","85":"1"},"F2":{"FM":"1","3V":"1","3W":"1","2P":"1","2Q":"1","2R":"1","4V":"1"},"PQ":{"7R":"1","5W":"1","X5":"1","9V":"1","7P":"1","X7":"1","X6":"1","8P":"1","9P":"1","6Q":"1","X4":"1","9Q":"1","8Q":"1","7W":"1","7Q":"1","8R":"1","X8":"1","7V":"1","6W":"1","8V":"1","5V":"1","8W":"1","9R":"1","6R":"1","8M":"1","6V":"1"},"7W":{"3C":"1","39":"1","4F":"1","49":"1","4C":"1"},"GQ":{"8G":"1","8F":"1","89":"1","W9":"1","7P":"1","7M":"1","3C":"1","CR":"1","FR":"1","88":"1","39":"1","GR":"1","3G":"1","GX":"1","4G":"1"},"FM":{"G5":"1","7X":"1","QP":"1","F4":"1","24":"1","26":"1","G4":"1","25":"1","F5":"1","RP":"1","7W":"1","H5":"1","35":"1","QQ":"1","34":"1","H4":"1"},"8Q":{"R5":"1","Q4":"1","Q5":"1","R3":"1","V3":"1","R4":"1","V4":"1","V5":"1"},"7R":{"3Q":"1","2Q":"1","3P":"1","2P":"1"},"F3":{"53":"1","54":"1","34":"1"},"76":{"7V":"1","7W":"1","PX":"1"},"CJ":{"W3":"1","X3":"1","X4":"1","W4":"1"},"F9":{"HP":"1"},"QQ":{"36":"1","34":"1","73":"1","53":"1","65":"1","38":"1","35":"1","28":"1","52":"1","26":"1","24":"1","63":"1","64":"1","27":"1","25":"1","37":"1","72":"1","74":"1","62":"1"},"MH":{"6R":"1","5R":"1","6V":"1","5V":"1"},"J7":{"5F":"1","4G":"1","4F":"1","5C":"1","4C":"1","5G":"1"},"7C":{"59":"1","4C":"1","84":"1","48":"1","75":"1","49":"1","74":"1","85":"1","5C":"1"},"PJ":{"RX":"1","VX":"1"},"JM":{"76":"1","66":"1","JM":"1","MM":"1","86":"1","77":"1"},"FJ":{"HW":"1"},"6Q":{"RX":"1","RW":"1","QW":"1","QX":"1"},"GW":{"36":"1","34":"1","M4":"1","7F":"1","43":"1","H9":"1","8P":"1","95":"1","C5":"1","HV":"1","79":"1","8R":"1","9H":"1","92":"1","GC":"1","G9":"1","87":"1","C6":"1","35":"1","P3":"1","9C":"1","F2":"1","RW":"1","26":"1","F9":"1","8J":"1","FC":"1","33":"1","G3":"1","C2":"1","27":"1","P2":"1","85":"1","F7":"1","8H":"1","H8":"1","8F":"1","RV":"1","37":"1","9F":"1","8C":"1","G8":"1","94":"1","22":"1","8M":"1"},"HR":{"44":"1","34":"1"},"XQ":{"G9":"1","G8":"1"},"JQ":{"75":"1","74":"1"},"X2":{"VC":"1","X6":"1","X7":"1","X4":"1","V8":"1","W5":"1","W7":"1","W4":"1","V9":"1","W6":"1","X5":"1","V5":"1","V6":"1"},"65":{"8V":"1","9W":"1","7V":"1","7W":"1","8W":"1","8R":"1"},"4R":{"89":"1","79":"1","78":"1"},"H7":{"5Q":"1","5P":"1"},"9G":{"6Q":"1","7Q":"1","8Q":"1","7P":"1","6M":"1","7M":"1","6P":"1"},"67":{"V6":"1"},"9Q":{"VV":"1","VW":"1"},"8P":{"JP":"1","HM":"1","HP":"1","JM":"1","MG":"1"},"QP":{"57":"1","36":"1","37":"1","7X":"1","6X":"1","5X":"1","46":"1","47":"1"},"HP":{"23":"1","24":"1"},"9X":{"23":"1","25":"1","24":"1"},"PR":{"57":"1","66":"1","65":"1","56":"1","67":"1","55":"1"},"H4":{"68":"1","7C":"1","6C":"1","69":"1","79":"1","78":"1","77":"1"},"5H":{"FG":"1","CH":"1","FJ":"1","CJ":"1","CG":"1","FH":"1"},"J6":{"HW":"1","GW":"1","GX":"1","HX":"1","PJ":"1","HV":"1"},"GG":{"MM":"1","MJ":"1","J9":"1","JJ":"1","JC":"1","XJ":"1","MG":"1","JH":"1","XH":"1","XM":"1","MF":"1","MC":"1","X8":"1","4J":"1","JG":"1","JF":"1","M9":"1","JM":"1","MH":"1"},"9V":{"GX":"1"},"G5":{"HW":"1","GW":"1","MW":"1","JX":"1","GX":"1","MX":"1","HX":"1","JW":"1"},"JH":{"68":"1","7C":"1","6C":"1","69":"1","79":"1","78":"1"},"3M":{"9H":"1","CH":"1","CJ":"1","CG":"1","9G":"1","FH":"1"},"JR":{"RX":"1","QX":"1"},"J9":{"36":"1","37":"1","46":"1","47":"1"},"HQ":{"34":"1","W3":"1","RC":"1","V3":"1","V6":"1","Q9":"1","QF":"1","RF":"1","V5":"1","24":"1","33":"1","25":"1","W4":"1","QC":"1","R9":"1","Q8":"1","23":"1","W5":"1","V4":"1","R6":"1"},"CX":{"VC":"1"},"Q8":{"RQ":"1","VQ":"1","RR":"1","VV":"1","VR":"1","RV":"1"},"C6":{"G6":"1","H7":"1","FC":"1","H6":"1","GC":"1","G9":"1","F9":"1","H8":"1","C9":"1","F8":"1","G8":"1","C8":"1","CC":"1","G7":"1","F7":"1"},"VQ":{"WX":"1"},"GP":{"X2":"1","5F":"1"},"8F":{"53":"1","44":"1","52":"1","54":"1","43":"1","42":"1"},"79":{"9H":"1","FM":"1","CM":"1","FG":"1","CH":"1","FP":"1","GG":"1","FJ":"1","CJ":"1","GJ":"1","CG":"1","8H":"1","9G":"1","CP":"1","FH":"1","GM":"1","GH":"1","9J":"1"},"PH":{"45":"1"},"56":{"H3":"1"},"WF":{"7W":"1"},"C3":{"V5":"1","V8":"1","P7":"1","W5":"1","Q5":"1","Q2":"1","R7":"1","V4":"1","V6":"1","R3":"1","XC":"1","Q6":"1","W3":"1","V2":"1","Q3":"1","R4":"1","P4":"1","P6":"1","P5":"1","R2":"1","W2":"1","R8":"1","P3":"1","M5":"1","R6":"1","Q9":"1","Q7":"1","W6":"1","Q8":"1","M6":"1","V7":"1","W4":"1","V3":"1","R5":"1","P8":"1","R9":"1","Q4":"1"},"77":{"P2":"1","P3":"1"},"8X":{"X4":"1","X5":"1"},"2W":{"R5":"1","P9":"1","W3":"1","Q4":"1","P6":"1","R8":"1","V3":"1","V6":"1","Q9":"1","R3":"1","V5":"1","R7":"1","Q5":"1","Q7":"1","V7":"1","W4":"1","R9":"1","Q8":"1","P5":"1","V8":"1","V4":"1","R4":"1","Q6":"1","P8":"1","R6":"1"},"FW":{"XV":"1","9J":"1","95":"1","C5":"1","GJ":"1","XR":"1","86":"1","92":"1","87":"1","W2":"1","C6":"1","FH":"1","C7":"1","Q5":"1","F9":"1","8J":"1","GH":"1","FC":"1","97":"1","FJ":"1","C4":"1","WP":"1","F7":"1","H7":"1","96":"1","WQ":"1","Q6":"1","93":"1"},"CW":{"8J":"1","9H":"1","46":"1","8H":"1","47":"1","9J":"1"},"2V":{"5Q":"1","5R":"1"},"HW":{"PG":"1","5R":"1","PH":"1","PP":"1","5V":"1","3X":"1","QH":"1","3W":"1","QG":"1"},"W8":{"4W":"1"},"C4":{"98":"1","89":"1","99":"1","86":"1","77":"1","66":"1","7C":"1","69":"1","68":"1","C6":"1","95":"1","C8":"1","96":"1","76":"1","79":"1","88":"1","87":"1","97":"1","78":"1","C7":"1","85":"1","8C":"1","6C":"1","67":"1"},"9R":{"VC":"1","RF":"1","63":"1","64":"1","CM":"1","R9":"1","CP":"1","Q5":"1","V9":"1","RC":"1"},"6C":{"R5":"1","W6":"1","R8":"1","PF":"1","V3":"1","G9":"1","GC":"1","V6":"1","R3":"1","V5":"1","R7":"1","F9":"1","V7":"1","FC":"1","F8":"1","W7":"1","PJ":"1","F7":"1","WH":"1","W4":"1","VJ":"1","MC":"1","VH":"1","V8":"1","G8":"1","WJ":"1","W5":"1","V4":"1","R4":"1","R6":"1"},"3P":{"GP":"1","JQ":"1","P9":"1","PC":"1","HR":"1","GQ":"1","HM":"1","JP":"1","PF":"1","HQ":"1","HP":"1","GR":"1"},"FQ":{"43":"1","RM":"1","63":"1","54":"1","64":"1","42":"1","RP":"1","33":"1","44":"1","53":"1","32":"1","34":"1"},"C9":{"43":"1","45":"1","63":"1","73":"1","54":"1","57":"1","65":"1","64":"1","56":"1","25":"1","47":"1","42":"1","75":"1","66":"1","55":"1","46":"1","44":"1","76":"1","35":"1","74":"1","53":"1","52":"1"},"R5":{"7J":"1","7H":"1","HG":"1","GG":"1","7R":"1","7G":"1"},"MX":{"32":"1","23":"1","25":"1","34":"1","24":"1","33":"1"},"HV":{"3Q":"1","2R":"1","H6":"1","3J":"1","6M":"1","4J":"1","7W":"1","27":"1","3R":"1","2Q":"1","3P":"1","2P":"1","6P":"1"},"C2":{"XR":"1","WX":"1","VW":"1","WV":"1","RW":"1","QX":"1","WW":"1","QR":"1","QV":"1","XQ":"1","XP":"1","RR":"1","VX":"1","GR":"1","VV":"1","GQ":"1","RV":"1","FQ":"1","QW":"1","RX":"1","GP":"1"},"MR":{"22":"1"},"RX":{"2X":"1","3X":"1","5C":"1","49":"1","59":"1"},"9M":{"Q4":"1","Q3":"1","Q5":"1","P5":"1","P4":"1","RX":"1","P3":"1"},"FR":{"W8":"1","HJ":"1","45":"1","XC":"1","FG":"1","PH":"1","XG":"1","V6":"1","X7":"1","X6":"1","RG":"1","WF":"1","WC":"1","RH":"1","XH":"1","J7":"1","46":"1","XF":"1","HH":"1","J8":"1","FF":"1","QH":"1"},"CP":{"HJ":"1","43":"1","JQ":"1","PX":"1","42":"1","33":"1","HM":"1","JP":"1","HQ":"1","32":"1","QX":"1","HP":"1","JM":"1","PW":"1"},"C8":{"4X":"1"},"4Q":{"9R":"1","9P":"1","8Q":"1","9Q":"1","8R":"1"},"VR":{"W2":"1"},"GM":{"5W":"1","X5":"1","X6":"1","3W":"1","P3":"1","XX":"1","V3":"1","4W":"1","RX":"1","5V":"1","4X":"1","5R":"1","V2":"1","6R":"1","P2":"1","6V":"1"},"CM":{"M7":"1","H7":"1","7X":"1","8X":"1","P9":"1","Q6":"1","P8":"1","3W":"1","4W":"1","M8":"1","2X":"1","3X":"1","Q7":"1","2W":"1","P7":"1","4X":"1","4V":"1","Q8":"1"},"HJ":{"GJ":"1"},"69":{"MM":"1","PQ":"1","WV":"1","RW":"1","QX":"1","QR":"1","PR":"1","QV":"1","JQ":"1","JR":"1","MR":"1","VR":"1","PW":"1","VV":"1","MV":"1","QP":"1","PP":"1","MP":"1","QW":"1","QQ":"1","JP":"1","QM":"1","MQ":"1","MW":"1","PV":"1","PM":"1"},"JV":{"H9":"1","J9":"1","QP":"1","R2":"1","JC":"1","HC":"1","Q5":"1","Q2":"1","Q4":"1","P3":"1","V3":"1","R4":"1","R3":"1","Q3":"1","V4":"1","P2":"1"},"GF":{"44":"1","43":"1","34":"1","33":"1"},"QM":{"29":"1","3C":"1","95":"1","39":"1","2C":"1","C5":"1","C4":"1"},"GH":{"8P":"1"},"8V":{"4G":"1","PM":"1","3H":"1","3G":"1","3J":"1","4J":"1","4H":"1","PJ":"1","MM":"1","MJ":"1"},"CF":{"P2":"1","J2":"1","M2":"1"},"G6":{"J2":"1","65":"1","H2":"1","G2":"1","M2":"1"},"QG":{"4G":"1","4F":"1"}},"5W":{"JM":{"29":"1","2C":"1"},"HG":{"57":"1","59":"1","38":"1","48":"1","69":"1","58":"1","68":"1","49":"1","39":"1","8C":"1"},"PM":{"F5":"1","72":"1"},"GH":{"64":"1","74":"1"},"WV":{"JQ":"1","HW":"1","HR":"1","HM":"1","JP":"1","HQ":"1","HP":"1","HV":"1","GR":"1"},"CG":{"36":"1","45":"1","35":"1","46":"1"},"V8":{"86":"1"},"J6":{"H4":"1","XH":"1","W3":"1","X4":"1","RC":"1","RF":"1","R7":"1","XJ":"1","VF":"1","J5":"1","WH":"1","W4":"1","R9":"1","J4":"1","WF":"1","VC":"1","H5":"1","W5":"1","X5":"1","R6":"1","V9":"1"},"8V":{"7J":"1","7H":"1","7G":"1"},"CJ":{"9X":"1","MW":"1","JX":"1","MX":"1","CX":"1","JW":"1","8X":"1"},"FX":{"RH":"1","RC":"1","65":"1","RG":"1","RF":"1","55":"1","VG":"1","64":"1","66":"1","VF":"1","77":"1","76":"1","75":"1","56":"1","VH":"1","VC":"1","74":"1"},"MG":{"76":"1","75":"1","P3":"1","M2":"1"},"MH":{"WP":"1","VP":"1","VQ":"1","WQ":"1","WR":"1"},"Q2":{"R7":"1","R8":"1"},"JP":{"22":"1","24":"1","26":"1","25":"1","35":"1","34":"1","23":"1","36":"1"},"PJ":{"7X":"1","6X":"1","7W":"1"},"MJ":{"WP":"1"},"4C":{"QX":"1"},"9G":{"M7":"1","CQ":"1","GP":"1","HJ":"1","H7":"1","G5":"1","J9":"1","H6":"1","F4":"1","J3":"1","JC":"1","G4":"1","J4":"1","F5":"1","M6":"1","FQ":"1","GM":"1","J7":"1","GJ":"1","J6":"1","MF":"1","H8":"1","H5":"1","CR":"1","FR":"1","C6":"1","HM":"1","MC":"1","JP":"1","J8":"1","JF":"1","M9":"1","HP":"1","M3":"1","JM":"1","J5":"1","C5":"1","C4":"1"},"V4":{"92":"1"},"8M":{"4F":"1","5F":"1","4H":"1","3F":"1","2H":"1","3H":"1","2J":"1","5H":"1","4J":"1","3J":"1","3G":"1","4M":"1","3M":"1","5G":"1","4G":"1"},"CM":{"92":"1","82":"1","C2":"1"},"6H":{"WP":"1","VP":"1","QG":"1","QF":"1","RG":"1","RF":"1"},"M7":{"MP":"1","JP":"1","JQ":"1"},"QC":{"X6":"1","XR":"1"},"Q6":{"RH":"1","JV":"1","VQ":"1","JF":"1","G9":"1","GC":"1","PQ":"1","GF":"1","RQ":"1","RJ":"1","QX":"1","F9":"1","FC":"1","VR":"1","RR":"1","GG":"1","RP":"1","MV":"1","RM":"1","VJ":"1","FF":"1","QP":"1","PP":"1","QQ":"1","QJ":"1","QM":"1","VP":"1","VM":"1","MW":"1","JC":"1"},"RF":{"32":"1","37":"1","23":"1","38":"1","J7":"1","22":"1","69":"1","59":"1","42":"1","33":"1"},"MF":{"MW":"1","MX":"1","PW":"1","PV":"1","MV":"1"},"7H":{"2C":"1","2F":"1"},"RC":{"H4":"1","G4":"1","G2":"1","4X":"1","2V":"1","G7":"1","4P":"1","3X":"1","6R":"1","H3":"1","5V":"1","4Q":"1","2R":"1","4R":"1","3W":"1","F2":"1","6X":"1","FM":"1","5W":"1","4V":"1","G3":"1","H6":"1","5X":"1","3V":"1","G5":"1","5P":"1","G6":"1","5Q":"1","99":"1","F3":"1","4W":"1","6V":"1","6W":"1","3Q":"1","GM":"1","5R":"1","H5":"1","FP":"1","3R":"1","GP":"1","H2":"1"},"73":{"6J":"1","6M":"1","5M":"1"},"QF":{"Q6":"1","R6":"1","X8":"1","H5":"1","W2":"1","X7":"1","W8":"1","R7":"1","H4":"1","Q8":"1","W6":"1","G5":"1","Q7":"1"},"QW":{"GW":"1","GX":"1","FW":"1","HX":"1","FX":"1","JH":"1"},"4R":{"C3":"1","C4":"1","C6":"1","C5":"1"},"8X":{"9X":"1"},"RG":{"CR":"1"},"WX":{"XH":"1","XF":"1","W6":"1","W3":"1","X4":"1","X9":"1","R2":"1","V3":"1","W2":"1","XM":"1","XG":"1","R3":"1","W8":"1","Q2":"1","V7":"1","XJ":"1","X3":"1","X7":"1","WC":"1","W7":"1","XP":"1","V2":"1","VF":"1","X6":"1","X2":"1","WH":"1","W4":"1","X8":"1","WG":"1","W9":"1","WF":"1","V8":"1","XC":"1","VC":"1","WJ":"1","W5":"1","X5":"1","V9":"1"},"P4":{"Q2":"1","P2":"1","CF":"1","CG":"1","9G":"1","9C":"1","CC":"1","9F":"1"},"P6":{"38":"1"},"H8":{"RM":"1","RP":"1","RJ":"1","RH":"1","VH":"1","QJ":"1","VJ":"1","VP":"1","VM":"1","QH":"1"},"WW":{"WR":"1","VR":"1","VX":"1","XV":"1","RV":"1","VV":"1","XX":"1","WV":"1","WX":"1","XR":"1","RX":"1","QW":"1","QX":"1","VW":"1","RR":"1","RW":"1","XW":"1","WW":"1"},"XX":{"22":"1","24":"1","2G":"1","29":"1","28":"1","2H":"1","3H":"1","2P":"1","2M":"1","2J":"1","23":"1","3J":"1","2C":"1","2F":"1","3M":"1"},"R8":{"MW":"1","MX":"1","JW":"1","JV":"1"},"GQ":{"57":"1","68":"1","67":"1","59":"1","58":"1"},"9J":{"PF":"1"},"P3":{"QX":"1","PX":"1"},"GV":{"H8":"1","H9":"1","G9":"1","G8":"1"},"QJ":{"V7":"1","W7":"1","49":"1","W6":"1"},"WR":{"CQ":"1","9V":"1","FV":"1","FM":"1","CW":"1","9W":"1","CM":"1","9P":"1","CP":"1","FQ":"1","FP":"1","9M":"1","9Q":"1","CJ":"1","CR":"1","FR":"1","CV":"1","9J":"1","9R":"1"},"R6":{"4P":"1","Q6":"1","8F":"1","Q5":"1","P5":"1","5P":"1","P6":"1","4M":"1","5M":"1"},"GF":{"GJ":"1","GH":"1"},"J7":{"59":"1","7C":"1","69":"1","7F":"1","6F":"1","5C":"1","6C":"1"},"79":{"7F":"1","6F":"1","7C":"1","6C":"1","5C":"1"},"XW":{"HH":"1","2M":"1","9G":"1","CG":"1","2V":"1","79":"1","HG":"1","2R":"1","7C":"1","2W":"1","66":"1","77":"1","76":"1","67":"1","46":"1","89":"1","9F":"1","8C":"1","2X":"1","88":"1"},"Q7":{"XP":"1","WP":"1","WM":"1","XM":"1"},"M9":{"W8":"1","X5":"1","W7":"1","W6":"1","X7":"1","X6":"1","X4":"1"},"M6":{"7R":"1","HJ":"1","HG":"1","GG":"1","25":"1","GH":"1","GJ":"1","7Q":"1","HH":"1"},"MM":{"VC":"1","VG":"1","VF":"1","VM":"1"},"XF":{"JG":"1","HG":"1"},"V3":{"9X":"1"},"R9":{"X2":"1","W3":"1","X3":"1","W2":"1","GX":"1","HX":"1","X4":"1","FX":"1","W5":"1","W4":"1","X5":"1","8R":"1"},"QX":{"H2":"1","G2":"1"}},"3J":{"W4":{"XW":"1","XX":"1"}},"7V":{"H8":{"FM":"1"},"J6":{"57":"1","48":"1","47":"1","58":"1"},"C6":{"C3":"1","C2":"1"}},"8V":{"PG":{"CM":"1"},"94":{"76":"1","75":"1","65":"1","85":"1","86":"1"},"F2":{"49":"1","7F":"1","PG":"1","5F":"1","PF":"1","5C":"1","6G":"1","MG":"1","6F":"1","MF":"1","58":"1","48":"1","7W":"1","59":"1","66":"1","4F":"1","PC":"1","7G":"1","46":"1","56":"1","MC":"1","57":"1","47":"1","4C":"1"},"85":{"RM":"1","QP":"1","PH":"1","PC":"1","PM":"1","RP":"1","RJ":"1","RH":"1","RV":"1","VV":"1","QJ":"1","QG":"1","VJ":"1","QV":"1","QR":"1","QM":"1","PG":"1","RQ":"1","QQ":"1","PF":"1","RX":"1","PJ":"1","QX":"1","RR":"1","PQ":"1","RW":"1","QF":"1","PP":"1","VM":"1","QH":"1"},"J4":{"V6":"1"},"HC":{"64":"1","53":"1","54":"1","63":"1","F5":"1"},"86":{"R5":"1","Q6":"1","Q2":"1","Q4":"1","R6":"1","P4":"1","P9":"1","R3":"1","V3":"1","R4":"1","V4":"1","M9":"1","R2":"1","V5":"1"},"F3":{"FQ":"1","FM":"1","CQ":"1","CM":"1","FP":"1","CP":"1"}},"3R":{"2V":{"8J":"1","9H":"1","8H":"1","8G":"1","8M":"1"},"JV":{"9H":"1","8H":"1","9G":"1","8G":"1","9F":"1"},"FR":{"HH":"1","MJ":"1","XF":"1","QH":"1","P9":"1","W3":"1","M8":"1","MM":"1","RC":"1","R8":"1","PG":"1","PF":"1","V6":"1","G9":"1","XG":"1","CF":"1","Q9":"1","QF":"1","V5":"1","R7":"1","PH":"1","Q7":"1","V7":"1","HJ":"1","X3":"1","WC":"1","PJ":"1","PC":"1","X2":"1","W4":"1","QC":"1","WG":"1","R9":"1","Q8":"1","WF":"1","V8":"1","VC":"1","W5":"1","MH":"1","JJ":"1","P8":"1"},"HP":{"7F":"1","7G":"1","6G":"1"},"HX":{"JF":"1","MC":"1","MF":"1","JC":"1"},"J2":{"GF":"1","FG":"1","5F":"1","59":"1","GG":"1","4C":"1","G9":"1","F9":"1","69":"1","58":"1","68":"1","F8":"1","G8":"1","6F":"1","C8":"1","FH":"1","49":"1","FF":"1","C7":"1","5C":"1","6C":"1","F7":"1","5G":"1"},"G9":{"4R":"1","4V":"1"},"GC":{"2H":"1","2G":"1"},"6G":{"3C":"1","2C":"1"},"MX":{"W4":"1","W3":"1","V3":"1","V5":"1","V4":"1","W5":"1","3J":"1","3M":"1"},"CF":{"28":"1","3C":"1","29":"1","37":"1","39":"1","2C":"1","38":"1","3G":"1","2G":"1","3F":"1","49":"1","27":"1","4C":"1","47":"1","2F":"1"},"CQ":{"4G":"1","4F":"1"},"PH":{"85":"1","84":"1"},"Q2":{"W2":"1","V2":"1"},"JQ":{"M4":"1","P5":"1","P4":"1","P6":"1","M5":"1","M6":"1"},"5W":{"2M":"1","3M":"1","2J":"1","3J":"1","3P":"1","2P":"1"},"FC":{"XG":"1","XH":"1"},"H6":{"CX":"1"},"M3":{"6P":"1"},"CM":{"27":"1"},"2W":{"45":"1","53":"1","44":"1","54":"1","55":"1"},"PJ":{"W8":"1","V8":"1"},"GG":{"G6":"1","H7":"1","G5":"1","H9":"1","J9":"1","H6":"1","F4":"1","G4":"1","F5":"1","G9":"1","H8":"1","H5":"1","F8":"1","G8":"1","C6":"1","C8":"1","G7":"1","C7":"1","F6":"1","F7":"1","C5":"1","C4":"1"},"GR":{"4P":"1","6Q":"1","6R":"1","5Q":"1","3M":"1","7Q":"1","5R":"1","7P":"1","5P":"1","3J":"1","4J":"1","22":"1","4M":"1","7R":"1","6P":"1"},"H7":{"C2":"1"},"J4":{"98":"1","8F":"1","89":"1","99":"1","9F":"1","CF":"1","C6":"1","95":"1","96":"1","CC":"1","9G":"1","9C":"1","97":"1","8C":"1","94":"1"},"9F":{"X9":"1","X8":"1","X7":"1","XC":"1"},"J8":{"6R":"1"},"FQ":{"WP":"1","WQ":"1","WM":"1","XP":"1","RJ":"1","WF":"1","XX":"1","VJ":"1","WG":"1","RQ":"1","VP":"1","VQ":"1"},"J3":{"C3":"1","F2":"1","G2":"1","F3":"1"},"WJ":{"X6":"1","VP":"1"},"QQ":{"GW":"1"},"M5":{"8P":"1","9P":"1","8Q":"1","9Q":"1","8M":"1","8R":"1"},"HM":{"RF":"1","PC":"1","R9":"1","WH":"1","WJ":"1","VH":"1","PG":"1","R8":"1","RC":"1","PF":"1","Q9":"1","QC":"1","QF":"1","Q8":"1"},"CP":{"57":"1","68":"1","56":"1","67":"1","58":"1"},"JG":{"RW":"1","QW":"1","RV":"1","QV":"1","QX":"1"}},"3H":{"RM":{"MW":"1","JW":"1","RV":"1","JV":"1","MV":"1"},"W2":{"4C":"1"},"J4":{"JX":"1","HX":"1"},"RJ":{"6H":"1","5H":"1"},"WF":{"3W":"1"},"WC":{"PP":"1"},"VF":{"P9":"1","M4":"1","M8":"1","Q4":"1","P6":"1","R8":"1","WX":"1","Q9":"1","VW":"1","Q5":"1","WW":"1","Q7":"1","M9":"1","M6":"1","WM":"1","P7":"1","PC":"1","VX":"1","Q3":"1","QC":"1","J7":"1","Q8":"1","P5":"1","M5":"1","P4":"1","Q6":"1","RX":"1","P8":"1","M7":"1"},"V9":{"QQ":"1","QP":"1"},"VH":{"WX":"1"},"WG":{"28":"1","3Q":"1","27":"1","3R":"1","6P":"1"},"PF":{"5C":"1","59":"1"},"P7":{"W9":"1"},"VG":{"R5":"1","W6":"1","HF":"1","W3":"1","H9":"1","R2":"1","V3":"1","G9":"1","GC":"1","V6":"1","W2":"1","R3":"1","V5":"1","W8":"1","X7":"1","HC":"1","W7":"1","V2":"1","X6":"1","WH":"1","X8":"1","W4":"1","VJ":"1","W9":"1","WF":"1","G8":"1","WJ":"1","W5":"1","V4":"1","R4":"1","X5":"1","VM":"1","R6":"1","V9":"1"},"J5":{"J2":"1","H2":"1","H3":"1"}},"2R":{"PG":{"25":"1","35":"1","JH":"1","34":"1","24":"1","MV":"1","JJ":"1"},"F7":{"2Q":"1"},"HG":{"PM":"1","MM":"1"},"FF":{"99":"1"},"PF":{"G8":"1","G7":"1","M8":"1","H5":"1","F7":"1","J6":"1","F8":"1","CJ":"1","P7":"1","Q5":"1","MG":"1","H7":"1","R3":"1","CM":"1","M7":"1","QC":"1","Q6":"1","MF":"1","PF":"1","RC":"1","QF":"1","Q3":"1","R4":"1","PC":"1","P4":"1","P6":"1","P5":"1","PG":"1","R8":"1","MC":"1","J8":"1","H6":"1","M5":"1","R6":"1","Q9":"1","J7":"1","Q7":"1","M9":"1","Q8":"1","M6":"1","FM":"1","P9":"1","R5":"1","P8":"1","FJ":"1","QG":"1","R9":"1","Q4":"1"},"JH":{"9M":"1"},"MM":{"CQ":"1","FM":"1","CM":"1","8P":"1","9P":"1","CP":"1","FP":"1","9M":"1","9Q":"1","CJ":"1","FJ":"1","9H":"1","FH":"1","CG":"1","9G":"1","9J":"1","CH":"1"},"CC":{"86":"1","77":"1","75":"1","76":"1","79":"1","88":"1","87":"1","97":"1","78":"1","85":"1"}},"4Q":{"WP":{"CQ":"1","CP":"1"},"4W":{"7F":"1","6H":"1","8F":"1","7H":"1","6F":"1","7C":"1","7G":"1","8G":"1","6G":"1","8C":"1"},"CX":{"MM":"1","GW":"1","JQ":"1","MJ":"1","72":"1","FW":"1","PH":"1","FV":"1","JJ":"1","62":"1","MG":"1","MQ":"1","MP":"1","JH":"1","GV":"1","PG":"1","JP":"1","JM":"1","MH":"1"},"VV":{"4P":"1","4Q":"1","3P":"1"},"CW":{"9J":"1","8P":"1","FR":"1","9M":"1","86":"1","7M":"1","5V":"1","6P":"1","8Q":"1","CQ":"1","6X":"1","5W":"1","8J":"1","7P":"1","CM":"1","7X":"1","5X":"1","8H":"1","9P":"1","76":"1","9Q":"1","6V":"1","6W":"1","7Q":"1","FQ":"1","FP":"1","CP":"1","8M":"1","CR":"1"},"VH":{"RJ":"1","VJ":"1","VM":"1","RM":"1"}},"Q2":{"P9":{"R5":"1","R4":"1"}},"5H":{"FG":{"94":"1","C4":"1","C6":"1","93":"1","95":"1","96":"1","C5":"1"},"6C":{"2H":"1"}},"GW":{"8X":{"RM":"1"},"HW":{"WM":"1"},"4P":{"M7":"1","J7":"1"},"FR":{"49":"1"},"5V":{"32":"1"},"9J":{"WX":"1"},"5R":{"FQ":"1","CQ":"1","FP":"1","CP":"1"}},"7M":{"QP":{"7J":"1","6J":"1","35":"1"},"32":{"2W":"1","3X":"1","3W":"1"},"62":{"3C":"1","4F":"1","3F":"1","4C":"1"},"23":{"W6":"1","V5":"1","V6":"1"},"3F":{"FJ":"1","FH":"1"},"48":{"X9":"1","MM":"1","GP":"1","XC":"1","MJ":"1","FM":"1","XG":"1","XJ":"1","WH":"1","WJ":"1","FP":"1","GM":"1","WF":"1","WC":"1","XH":"1","XF":"1","WG":"1"},"58":{"2H":"1","28":"1","3C":"1","29":"1","4G":"1","37":"1","39":"1","2C":"1","3H":"1","38":"1","4F":"1","3G":"1","2J":"1","2G":"1","3F":"1","49":"1","27":"1","4C":"1","4H":"1","2F":"1"}},"4X":{"HH":{"GX":"1","FX":"1"},"Q4":{"85":"1"},"HP":{"RX":"1","8X":"1","QX":"1","8W":"1"},"79":{"28":"1","29":"1","39":"1","38":"1"},"8R":{"QW":"1","QX":"1"},"39":{"8F":"1","GF":"1","89":"1","FG":"1","FC":"1","99":"1","GG":"1","GH":"1","9F":"1","F9":"1","CF":"1","C9":"1","FH":"1","FF":"1","CC":"1","79":"1","88":"1","9C":"1","78":"1","8C":"1"},"3M":{"MF":"1"},"C7":{"4F":"1","4C":"1"},"4H":{"R5":"1","R4":"1","V4":"1","V5":"1"},"26":{"RQ":"1","QQ":"1","HW":"1","GW":"1","QJ":"1","GV":"1","GX":"1","HX":"1"},"QR":{"QX":"1","PX":"1"},"QV":{"J6":"1","M5":"1","M6":"1","J5":"1"},"63":{"PV":"1"},"64":{"M7":"1","M4":"1","H7":"1","H9":"1","J9":"1","H6":"1","P9":"1","PC":"1","M6":"1","X4":"1","J7":"1","J6":"1","H8":"1","H5":"1","J8":"1","P4":"1","R5":"1","J5":"1"},"F8":{"Q6":"1","Q4":"1","Q5":"1","P5":"1","P4":"1","P6":"1"},"HJ":{"F2":"1"},"97":{"QQ":"1","QP":"1","QM":"1"},"27":{"CQ":"1","GP":"1","GW":"1","FW":"1","FV":"1","FX":"1","CW":"1","FQ":"1","FP":"1","GM":"1","HR":"1","GV":"1","CR":"1","FR":"1","GQ":"1","CV":"1","HQ":"1","HP":"1","GR":"1","GX":"1","H2":"1"},"HQ":{"Q9":"1","Q2":"1","X9":"1","G7":"1","P8":"1","P9":"1","XC":"1","G6":"1","PF":"1","QC":"1","QF":"1","R2":"1","PC":"1"},"4G":{"QH":"1","QG":"1","RG":"1","RH":"1"},"W9":{"68":"1","69":"1","67":"1","79":"1","78":"1","77":"1"},"69":{"X9":"1","X8":"1"},"75":{"83":"1","73":"1","82":"1","72":"1"},"8C":{"69":"1","59":"1"},"23":{"9R":"1","9V":"1","CV":"1"},"V8":{"JG":"1","HG":"1","HH":"1","HJ":"1","JH":"1","JJ":"1"},"QJ":{"FM":"1","CM":"1","7G":"1","FP":"1","7C":"1","CJ":"1","6G":"1","6H":"1","FJ":"1","7F":"1","6F":"1","FH":"1","6C":"1","CH":"1"},"88":{"23":"1","34":"1","33":"1"},"74":{"7X":"1","8X":"1","24":"1","26":"1","25":"1","RV":"1","27":"1","QR":"1","QV":"1","35":"1","RQ":"1","RR":"1"},"XX":{"FM":"1","CM":"1","GP":"1","FP":"1","GG":"1","FJ":"1","CJ":"1","CP":"1","GM":"1"}},"9W":{"F6":{"W3":"1"}},"7W":{"2H":{"M8":"1","P8":"1","P9":"1","M9":"1"},"36":{"RR":"1","RQ":"1","PM":"1","VM":"1","WH":"1","PP":"1","QR":"1","PH":"1","PQ":"1","VG":"1","PJ":"1","MJ":"1","RV":"1","RF":"1","RC":"1","RH":"1","WM":"1","QF":"1","WP":"1","RG":"1","WJ":"1","MQ":"1","RP":"1","QH":"1","PR":"1","QM":"1","VP":"1","VF":"1","WG":"1","PG":"1","RM":"1","MP":"1","QP":"1","QJ":"1","RJ":"1","QQ":"1","QV":"1","VJ":"1","MM":"1","VH":"1","VC":"1","QG":"1"},"4G":{"F2":"1","G2":"1"},"2C":{"2H":"1","3H":"1","3G":"1","2G":"1","3J":"1","3F":"1","4J":"1","4M":"1","5M":"1","5J":"1","4H":"1","2F":"1"},"5C":{"FR":"1","CR":"1","CW":"1","CV":"1","FV":"1"},"2F":{"4P":"1","5Q":"1","4Q":"1","5P":"1","4M":"1"}},"8P":{"2H":{"FG":"1","FF":"1","Q7":"1"},"MC":{"XJ":"1"},"RV":{"FR":"1","CR":"1","CV":"1","FV":"1"},"CG":{"2G":"1","2F":"1"},"FH":{"26":"1","25":"1","35":"1","34":"1","24":"1"}},"8J":{"XG":{"42":"1"}},"R3":{"38":{"9W":"1"}},"8M":{"JW":{"FJ":"1"},"MV":{"WX":"1"}},"CM":{"6J":{"73":"1","62":"1","63":"1","72":"1"}},"5M":{"CG":{"GG":"1","GF":"1"},"7F":{"X9":"1","W8":"1","VC":"1","XC":"1","X5":"1","W7":"1","P9":"1","W6":"1","W9":"1","V6":"1","X7":"1","X6":"1","P8":"1","R9":"1","WF":"1","WC":"1","R7":"1","V9":"1","R4":"1","XF":"1","V5":"1","V7":"1","RC":"1","R8":"1","X8":"1","Q7":"1","R6":"1","Q9":"1","W5":"1","R5":"1","QC":"1","V8":"1","Q8":"1"},"M8":{"3C":"1","2C":"1"},"8P":{"H4":"1","G4":"1","RH":"1","WR":"1","HF":"1","X9":"1","XR":"1","JF":"1","H3":"1","VW":"1","FH":"1","WV":"1","RW":"1","FM":"1","WW":"1","QV":"1","F4":"1","G3":"1","X7":"1","VR":"1","FJ":"1","HC":"1","VX":"1","VF":"1","RP":"1","VV":"1","RM":"1","X8":"1","VJ":"1","RV":"1","QP":"1","VC":"1","QQ":"1","QJ":"1","FP":"1","RX":"1","JP":"1","J9":"1","QM":"1","VP":"1","MW":"1","H2":"1","JC":"1"},"9M":{"FW":"1","CX":"1","FX":"1","CW":"1","MM":"1","MJ":"1"},"8R":{"26":"1","2F":"1"},"5F":{"97":"1","87":"1","86":"1"},"7V":{"J2":"1","H2":"1","F6":"1","V4":"1"},"5V":{"XW":"1","XR":"1","XV":"1","VX":"1"},"8Q":{"78":"1","2M":"1","6C":"1","3F":"1","49":"1","2P":"1","2Q":"1","Q4":"1","H9":"1","4J":"1","X4":"1","3C":"1","4P":"1","79":"1","4M":"1","5J":"1","5F":"1","38":"1","R2":"1","V3":"1","39":"1","5C":"1","3M":"1","6G":"1","6H":"1","4Q":"1","R3":"1","3J":"1","6F":"1","4H":"1","5G":"1","2H":"1","7C":"1","58":"1","VG":"1","6J":"1","48":"1","M9":"1","2J":"1","3G":"1","59":"1","2G":"1","3H":"1","4F":"1","V2":"1","5P":"1","Q3":"1","5H":"1","4G":"1","67":"1","2C":"1","69":"1","MC":"1","3Q":"1","3P":"1","J3":"1","57":"1","68":"1","3R":"1","J9":"1","47":"1","X5":"1","5M":"1","R6":"1","4C":"1"},"9C":{"J3":"1","H3":"1","J4":"1","Q2":"1","P3":"1","J2":"1","G2":"1","Q3":"1","G3":"1","M3":"1","H4":"1","P2":"1"},"CQ":{"GG":"1","GH":"1"},"7J":{"RM":"1","QP":"1","VR":"1","RP":"1","RJ":"1","RV":"1","QJ":"1","QM":"1","RQ":"1","PF":"1","QQ":"1","RR":"1","VG":"1","VQ":"1"},"8J":{"RX":"1","RW":"1","VX":"1","QX":"1","XX":"1","WX":"1","C5":"1"},"XJ":{"H4":"1","J6":"1","M4":"1","M8":"1","P6":"1","P3":"1","M6":"1","M3":"1","P7":"1","J5":"1","J7":"1","J4":"1","P5":"1","H5":"1","M5":"1","P4":"1","P8":"1","M7":"1"},"9R":{"PR":"1","VX":"1","P5":"1","M8":"1","J8":"1","RX":"1","VW":"1","PQ":"1","RW":"1"},"PJ":{"HQ":"1","HR":"1","JR":"1","GR":"1"},"CC":{"MP":"1","JP":"1","MM":"1","JQ":"1"},"9P":{"FV":"1","9V":"1","JM":"1","HG":"1","GH":"1","JJ":"1","48":"1","QR":"1","7V":"1","8V":"1","3R":"1","3H":"1","2M":"1","2R":"1","PQ":"1","CJ":"1","38":"1","CX":"1","HH":"1","MG":"1","37":"1","8W":"1","MH":"1","CW":"1","4Q":"1","59":"1","MJ":"1","4C":"1","4X":"1","9W":"1","7W":"1","FP":"1","JG":"1","CP":"1","MV":"1","FR":"1","CR":"1","49":"1","MR":"1","2C":"1","2F":"1","HX":"1","PW":"1","8X":"1","HJ":"1","3P":"1","7X":"1","MW":"1","GJ":"1","MQ":"1","RP":"1","3Q":"1","9R":"1","5V":"1","PR":"1","6Q":"1","GX":"1","47":"1","CV":"1","3C":"1","39":"1","9X":"1","4P":"1","MP":"1","4G":"1","X5":"1","3F":"1","QV":"1","FW":"1","X6":"1","JH":"1","58":"1","FM":"1","PV":"1","4F":"1","FJ":"1","2J":"1"},"CJ":{"4F":"1","57":"1","59":"1","29":"1","4C":"1","3F":"1","38":"1","5P":"1","47":"1","6Q":"1","48":"1","3C":"1","58":"1","49":"1","39":"1","5Q":"1","2C":"1","37":"1"},"99":{"HW":"1","GW":"1","MW":"1","HR":"1","JX":"1","GX":"1","MX":"1","PW":"1","QW":"1","JW":"1","QV":"1","QX":"1","JR":"1","JV":"1","PV":"1","HV":"1","PX":"1"},"8F":{"36":"1","6C":"1","3F":"1","49":"1","3C":"1","2F":"1","5F":"1","38":"1","39":"1","5C":"1","6G":"1","28":"1","55":"1","6F":"1","5G":"1","26":"1","7C":"1","58":"1","48":"1","59":"1","27":"1","4F":"1","25":"1","4G":"1","29":"1","45":"1","2C":"1","37":"1","46":"1","69":"1","56":"1","57":"1","68":"1","47":"1","4C":"1"},"9Q":{"34":"1","G2":"1","43":"1","C3":"1","J2":"1","79":"1","92":"1","G9":"1","GC":"1","C9":"1","H3":"1","CF":"1","9C":"1","F2":"1","C7":"1","F9":"1","FC":"1","33":"1","F8":"1","CV":"1","C2":"1","WP":"1","CC":"1","F7":"1","42":"1","F3":"1","44":"1","82":"1","C8":"1","G8":"1","J3":"1","72":"1","WQ":"1","Q6":"1","CR":"1","H2":"1"},"6V":{"2W":"1","2R":"1","2V":"1"},"7Q":{"R5":"1","Q6":"1","HQ":"1","R6":"1","Q5":"1","HR":"1","RX":"1","XJ":"1","R3":"1","XH":"1","R4":"1"},"56":{"G3":"1"},"7R":{"W8":"1","XC":"1","W7":"1","63":"1","W6":"1","W9":"1","R2":"1","HW":"1","V7":"1","JV":"1","JW":"1","HV":"1","V8":"1","HX":"1","JX":"1"},"5R":{"XF":"1","XC":"1"},"P4":{"F9":"1"},"CP":{"26":"1"},"8M":{"V3":"1","W2":"1","5V":"1","RQ":"1","4R":"1","58":"1","V2":"1","5Q":"1","RP":"1","X2":"1","HW":"1","QP":"1","5R":"1","57":"1","QW":"1","QQ":"1","47":"1"},"CR":{"FG":"1","CH":"1","FF":"1","CF":"1","CG":"1","FH":"1"},"PM":{"82":"1"}},"5R":{"86":{"6Q":"1","6R":"1","5R":"1","7X":"1","7V":"1","6V":"1","7W":"1","7R":"1","6W":"1"},"7X":{"RC":"1","R9":"1","QC":"1","QG":"1","QF":"1","RG":"1","RF":"1"},"9W":{"VV":"1","WW":"1","VW":"1","WV":"1"},"3F":{"68":"1","58":"1"},"VX":{"X9":"1","5F":"1","6F":"1","XC":"1","6C":"1","69":"1","5C":"1","49":"1","4C":"1","59":"1"},"PX":{"XX":"1"},"7G":{"HF":"1","JG":"1","HG":"1","HH":"1","GG":"1","GF":"1","GH":"1"},"7C":{"PG":"1","MF":"1","PF":"1"},"7J":{"3C":"1","39":"1","5C":"1","49":"1","4C":"1","59":"1"},"9X":{"RQ":"1","QQ":"1","QR":"1","WM":"1","RR":"1","XJ":"1","WJ":"1","VH":"1"},"3P":{"7F":"1","6H":"1","8F":"1","7H":"1","7G":"1","6G":"1"},"2X":{"WP":"1","WM":"1","XP":"1","RV":"1","VV":"1","XX":"1","WX":"1","VW":"1","RR":"1","RW":"1"},"3X":{"3V":"1","2W":"1","4W":"1","2V":"1","4V":"1","2X":"1","3X":"1","3W":"1","3R":"1","4X":"1"},"WX":{"28":"1","29":"1","CQ":"1","2C":"1"},"6W":{"FC":"1","G9":"1","GC":"1","FF":"1"},"RX":{"RM":"1","QP":"1","65":"1","64":"1","4C":"1","84":"1","42":"1","RP":"1","RJ":"1","75":"1","QJ":"1","QM":"1","76":"1","74":"1"},"CX":{"2H":"1","2G":"1"},"6V":{"86":"1","72":"1","63":"1","73":"1","57":"1","62":"1","77":"1","65":"1","64":"1","56":"1","84":"1","93":"1","75":"1","83":"1","66":"1","82":"1","68":"1","55":"1","76":"1","88":"1","74":"1","87":"1","78":"1","85":"1","94":"1","67":"1"}},"CR":{"XP":{"62":"1","72":"1"},"HF":{"M8":"1","WF":"1","P8":"1","M7":"1","P9":"1","P7":"1"},"FG":{"57":"1","66":"1","68":"1","56":"1","67":"1"},"XM":{"7X":"1"}},"6H":{"7J":{"57":"1","68":"1","69":"1","67":"1","59":"1","58":"1"},"37":{"5F":"1","4F":"1","4C":"1"},"JH":{"J4":"1","J3":"1"},"7G":{"JV":"1","HV":"1","HP":"1","JW":"1","GJ":"1","HR":"1","JM":"1","JQ":"1","GH":"1","JR":"1","HJ":"1","GR":"1","HQ":"1","GQ":"1","FF":"1","GM":"1","HM":"1","JP":"1","GP":"1"}},"9M":{"CQ":{"7Q":"1","7P":"1"}},"9P":{"P8":{"G6":"1"},"25":{"49":"1"},"VR":{"WQ":"1"},"7C":{"M8":"1","M7":"1"},"34":{"PG":"1","P9":"1","PH":"1","PF":"1","QH":"1","QG":"1","PC":"1"},"63":{"VM":"1"}},"6W":{"XH":{"QP":"1","PM":"1","QJ":"1","PH":"1","PP":"1","PJ":"1","QM":"1"},"R5":{"X6":"1","X7":"1"},"HP":{"72":"1","63":"1","73":"1","62":"1","7P":"1","64":"1","8P":"1","8Q":"1","8M":"1"},"JW":{"7F":"1","8F":"1","7H":"1","8H":"1","7G":"1","8G":"1"},"2F":{"3V":"1","4W":"1","4V":"1","3W":"1","4X":"1"},"X9":{"FV":"1","JM":"1","JJ":"1","7C":"1","HP":"1","MG":"1","JP":"1","9C":"1","GW":"1","HV":"1","8C":"1","JG":"1","7F":"1","89":"1","9F":"1","GP":"1","8G":"1","6W":"1","MF":"1","HR":"1","HW":"1","HJ":"1","HM":"1","MQ":"1","3V":"1","8F":"1","JQ":"1","GQ":"1","3W":"1","MP":"1","GV":"1","GR":"1","JR":"1","H4":"1","99":"1","FW":"1","JF":"1","JH":"1","JV":"1","GM":"1"},"GC":{"GP":"1","GM":"1"},"GF":{"H5":"1","J4":"1","G4":"1","G2":"1","H4":"1","G5":"1","J5":"1"},"QF":{"Q6":"1","Q7":"1"},"V5":{"28":"1","27":"1"},"GX":{"Q2":"1","P2":"1","Q3":"1","P3":"1"},"97":{"HQ":"1","HM":"1","HP":"1"},"HQ":{"98":"1","H9":"1","JC":"1","G4":"1","HC":"1","F8":"1","33":"1","C6":"1","C8":"1","96":"1","JF":"1","JG":"1","34":"1","97":"1","23":"1","HF":"1","C7":"1","F6":"1","F7":"1"},"WH":{"4P":"1","6Q":"1","6R":"1","5Q":"1","3Q":"1","5R":"1","4Q":"1","5V":"1"},"X8":{"G7":"1","H6":"1","G6":"1","G8":"1","H7":"1"},"QC":{"V5":"1","CG":"1","7Q":"1","7J":"1","FF":"1","7V":"1","88":"1","7C":"1","G6":"1","Q5":"1","HP":"1","8H":"1","59":"1","HQ":"1","9C":"1","4C":"1","9G":"1","8C":"1","8J":"1","8P":"1","95":"1","FP":"1","77":"1","7G":"1","V4":"1","CP":"1","76":"1","7F":"1","5M":"1","67":"1","6F":"1","CC":"1","87":"1","89":"1","9F":"1","GP":"1","FG":"1","49":"1","W3":"1","8G":"1","7H":"1","5C":"1","9H":"1","HJ":"1","HM":"1","GJ":"1","P6":"1","GG":"1","P5":"1","8F":"1","66":"1","GQ":"1","8Q":"1","9J":"1","GR":"1","GF":"1","6C":"1","79":"1","5F":"1","78":"1","58":"1","FM":"1","W4":"1","4F":"1","7P":"1","V3":"1","69":"1","GM":"1","CF":"1","7R":"1","68":"1"},"W9":{"GP":"1"},"MC":{"PG":"1","MC":"1","MF":"1","5V":"1","PF":"1","MG":"1","PC":"1"},"VH":{"RQ":"1","VP":"1","VQ":"1","RR":"1","VV":"1","VR":"1","RP":"1","RV":"1"},"WF":{"FG":"1","CH":"1","5V":"1","FJ":"1","CJ":"1","CG":"1","5W":"1","FH":"1"},"XC":{"83":"1","XG":"1","XF":"1","XJ":"1","82":"1","5C":"1","XH":"1"},"WJ":{"36":"1","32":"1","5F":"1","6H":"1","45":"1","39":"1","44":"1","38":"1","6F":"1","35":"1","5C":"1","34":"1","7G":"1","5G":"1","6G":"1","33":"1"},"QJ":{"7X":"1","6X":"1"},"HM":{"7X":"1","C6":"1","95":"1","96":"1","5R":"1","C5":"1","6X":"1","C4":"1","94":"1"},"JP":{"89":"1","88":"1"},"QM":{"64":"1","73":"1","62":"1","74":"1","63":"1","72":"1"},"GP":{"V4":"1","V5":"1"},"MQ":{"PW":"1","MR":"1","PQ":"1","PR":"1","MQ":"1"}},"2V":{"X9":{"26":"1","27":"1"},"W8":{"X8":"1","X7":"1","VX":"1"},"PH":{"CQ":"1","FW":"1","9V":"1","FV":"1","FX":"1","8X":"1","CW":"1","9W":"1","9Q":"1","CR":"1","9X":"1","8R":"1","CV":"1","8V":"1","CX":"1","8W":"1","9R":"1"},"W9":{"X6":"1","W2":"1","X7":"1","W7":"1","W6":"1","V2":"1","R8":"1"},"WM":{"MW":"1"},"JH":{"F2":"1","G2":"1","G3":"1"},"W3":{"PX":"1"},"X8":{"28":"1","27":"1"},"JG":{"CX":"1","FW":"1","FX":"1","CW":"1"},"PJ":{"93":"1","83":"1","82":"1","92":"1","F2":"1","C2":"1","C3":"1"},"Q8":{"RG":"1","RF":"1"}},"Q3":{"MW":{"G4":"1","G2":"1","G3":"1","C2":"1"},"MV":{"MJ":"1","PH":"1","FX":"1","CW":"1","MG":"1","PG":"1","PJ":"1","CX":"1","MH":"1"}},"4R":{"W9":{"8X":"1"},"6J":{"QF":"1"},"VX":{"Q9":"1","PG":"1","36":"1","37":"1","P9":"1","26":"1","25":"1","35":"1","PF":"1","QC":"1","QG":"1","QF":"1","PC":"1"},"RV":{"3V":"1","4W":"1","4V":"1","3W":"1"},"J5":{"F6":"1"}},"6M":{"98":{"2W":"1","2X":"1","3X":"1","3W":"1","4X":"1"},"G6":{"5Q":"1","5P":"1"},"99":{"42":"1"},"72":{"6X":"1"},"73":{"73":"1","63":"1","72":"1"},"FM":{"57":"1","68":"1","67":"1","58":"1"},"8P":{"XP":"1","XQ":"1"},"9P":{"27":"1","2Q":"1","2P":"1"},"MQ":{"WP":"1","XQ":"1","XG":"1","WR":"1","WQ":"1","XJ":"1","WM":"1","WH":"1","XP":"1","WJ":"1","XV":"1","XH":"1","XM":"1","WV":"1","XR":"1","XW":"1","WW":"1"},"75":{"Q4":"1","Q3":"1","Q5":"1","P4":"1","P3":"1","R4":"1"},"J7":{"78":"1","95":"1","73":"1","C5":"1","C3":"1","79":"1","65":"1","86":"1","87":"1","W2":"1","84":"1","C6":"1","64":"1","C4":"1","66":"1","85":"1","77":"1","99":"1","76":"1","X2":"1","67":"1","89":"1","75":"1","96":"1","8C":"1","83":"1","94":"1","93":"1","98":"1","88":"1","74":"1"},"Q9":{"3Q":"1","2R":"1","2Q":"1"},"5M":{"F4":"1","H3":"1","G4":"1","H5":"1","G2":"1","G3":"1","J5":"1","H4":"1"},"VP":{"7H":"1","8J":"1","7G":"1","9M":"1","9H":"1","8H":"1","9J":"1","8M":"1"},"PQ":{"2H":"1","2M":"1","3M":"1","2R":"1","2V":"1","2J":"1","2Q":"1","2P":"1"},"GX":{"64":"1","75":"1","65":"1","74":"1"},"F7":{"W3":"1","W2":"1","V3":"1","V4":"1","V2":"1"}},"5X":{"H9":{"R5":"1","R4":"1"},"RF":{"XW":"1","XP":"1","XQ":"1","XV":"1","XR":"1","WR":"1","XX":"1","WX":"1","WW":"1","WV":"1"},"QP":{"FC":"1","GC":"1","FF":"1","F9":"1"},"HW":{"24":"1","77":"1","33":"1","35":"1","87":"1","32":"1","34":"1","23":"1","36":"1"},"PM":{"X9":"1","W8":"1","W9":"1","X7":"1","X6":"1","V3":"1","V8":"1","V2":"1","P2":"1"},"RG":{"X2":"1","W3":"1","X3":"1","W2":"1","X4":"1"},"RH":{"X9":"1","M7":"1","W8":"1","XC":"1","W9":"1","M6":"1","WC":"1","J7":"1","M5":"1","J6":"1","J5":"1"},"VF":{"3V":"1","3W":"1","2V":"1","2P":"1","2Q":"1","2X":"1","3X":"1","3R":"1","2W":"1","2R":"1"},"GV":{"XX":"1"},"H8":{"HM":"1","JW":"1","HH":"1","HJ":"1","GJ":"1","JH":"1","JV":"1","GM":"1","JJ":"1"},"82":{"92":"1"},"QJ":{"FG":"1","FM":"1","CM":"1","CP":"1","9M":"1","75":"1","CJ":"1","FJ":"1","9H":"1","FH":"1","76":"1","CG":"1","9J":"1","CH":"1"},"92":{"WP":"1","VP":"1","VQ":"1","WQ":"1"},"C6":{"3C":"1","29":"1","39":"1","2C":"1"},"6F":{"VC":"1","H9":"1","J9":"1","H3":"1","V6":"1","G4":"1","M6":"1","J7":"1","V9":"1","J6":"1","H8":"1","V7":"1","J8":"1","M9":"1","V8":"1","J5":"1","H2":"1"},"QM":{"44":"1","43":"1","42":"1"},"32":{"7R":"1","7P":"1","7M":"1","6Q":"1","8Q":"1","7W":"1","7Q":"1","8R":"1","7V":"1","6W":"1","6P":"1","6M":"1","6R":"1","6V":"1"},"PJ":{"WX":"1","WW":"1","PX":"1"},"VG":{"32":"1","23":"1","22":"1","24":"1","33":"1"},"HV":{"3V":"1","4W":"1","4V":"1","2X":"1","3W":"1"},"6C":{"HW":"1","GW":"1","GV":"1","HX":"1","JW":"1","HV":"1"},"6V":{"3R":"1"},"QH":{"M8":"1","MQ":"1","JQ":"1"}},"3Q":{"Q2":{"R9":"1","V8":"1","V9":"1","R8":"1"},"MW":{"7X":"1","8X":"1"},"JX":{"GV":"1","FR":"1","GR":"1","FV":"1"},"MX":{"72":"1"},"VX":{"C4":"1"},"MR":{"Q6":"1","Q5":"1","P5":"1","P8":"1","P6":"1","Q8":"1","P7":"1","Q7":"1"},"QX":{"VX":"1","WX":"1"},"VM":{"5F":"1","6F":"1","4F":"1","6C":"1","69":"1","5C":"1","4C":"1","5G":"1","59":"1"},"RM":{"QR":"1","RR":"1","RV":"1","QV":"1"}},"9R":{"H9":{"GF":"1"},"JP":{"R3":"1","R2":"1"},"JM":{"WP":"1","VP":"1","WM":"1","VJ":"1","WJ":"1","VM":"1"},"JC":{"53":"1"}},"5V":{"9V":{"W3":"1","W2":"1","W5":"1","W4":"1","V5":"1"},"JM":{"P8":"1","Q8":"1","P7":"1","Q7":"1"},"G8":{"VG":"1","VF":"1"},"RQ":{"2H":"1","3M":"1","3H":"1","3G":"1","2J":"1","3J":"1","4M":"1"},"PM":{"X2":"1","W2":"1"},"GH":{"XX":"1"},"93":{"PG":"1","MC":"1","F2":"1","P9":"1","MF":"1","G2":"1","JC":"1","PF":"1","MG":"1","M9":"1","J9":"1","PC":"1"},"4H":{"23":"1","25":"1","24":"1"},"G7":{"GX":"1","FW":"1","CX":"1","FX":"1","CW":"1"},"M8":{"7R":"1","H7":"1","7X":"1","H6":"1","3W":"1","J7":"1","J6":"1","7W":"1","4W":"1","H5":"1","M8":"1","3X":"1","J8":"1","7V":"1","4X":"1","J5":"1","6R":"1","6V":"1"},"3G":{"PR":"1","PX":"1","RV":"1","QV":"1","QR":"1","QQ":"1","QW":"1","QX":"1","RR":"1","PV":"1","PW":"1"},"F4":{"H5":"1","J4":"1","J5":"1"},"CQ":{"WR":"1","HF":"1","VQ":"1","C3":"1","84":"1","RQ":"1","R3":"1","WM":"1","VR":"1","C2":"1","HC":"1","WP":"1","RR":"1","85":"1","RP":"1","VV":"1","RM":"1","VJ":"1","RV":"1","75":"1","WJ":"1","WQ":"1","VM":"1","VP":"1"},"FF":{"Q9":"1"},"F7":{"36":"1","5F":"1","26":"1","4F":"1","25":"1","35":"1","5C":"1"},"7V":{"26":"1","27":"1"},"3H":{"VG":"1","VF":"1","RG":"1","RF":"1","VH":"1","RH":"1"},"2R":{"78":"1","6C":"1","W6":"1","X9":"1","79":"1","5J":"1","5F":"1","86":"1","V6":"1","V3":"1","5C":"1","6G":"1","6H":"1","6F":"1","W8":"1","5G":"1","7C":"1","58":"1","6J":"1","V7":"1","59":"1","X7":"1","W7":"1","4F":"1","V2":"1","4G":"1","5H":"1","X8":"1","89":"1","W9":"1","69":"1","8C":"1","68":"1","88":"1","4C":"1"},"C3":{"GG":"1"},"CJ":{"4W":"1","3X":"1","4X":"1"},"HP":{"R2":"1","Q2":"1","Q4":"1","P3":"1","R3":"1","Q3":"1","P4":"1","M2":"1","P2":"1"},"HH":{"R5":"1","Q4":"1","Q5":"1","G7":"1","P8":"1","F7":"1","C6":"1","G6":"1","VR":"1","F6":"1","CF":"1","F8":"1","R4":"1","C5":"1","P7":"1","C7":"1","F5":"1"},"HQ":{"JM":"1","MM":"1","JJ":"1","MJ":"1"},"9C":{"H8":"1","H9":"1","J7":"1","J8":"1","HC":"1","R3":"1","V3":"1","R4":"1","J9":"1","H7":"1"},"GW":{"5F":"1","6F":"1","4F":"1","6C":"1","5C":"1","5G":"1","6G":"1"},"54":{"H7":"1","H6":"1","P8":"1","X4":"1","P5":"1","J7":"1","J6":"1","H5":"1","G7":"1","X2":"1","P7":"1","X3":"1"},"PJ":{"XW":"1","XV":"1","XX":"1","WX":"1","WW":"1"},"94":{"R5":"1","Q6":"1","Q4":"1","R6":"1","MC":"1","Q3":"1","M8":"1","Q5":"1","J8":"1","JC":"1","R3":"1","R4":"1","V4":"1","M9":"1","J9":"1","V5":"1","V6":"1"},"4X":{"4G":"1","5G":"1"},"G9":{"X6":"1","X8":"1","X7":"1"},"9W":{"RJ":"1","QJ":"1","QH":"1","RG":"1","RH":"1"},"H7":{"3X":"1"},"FP":{"G2":"1","RH":"1","MJ":"1","QH":"1","MM":"1","RC":"1","JW":"1","PG":"1","PF":"1","PQ":"1","RG":"1","QF":"1","QG":"1","MG":"1","F2":"1","55":"1","RJ":"1","PH":"1","6X":"1","58":"1","VG":"1","48":"1","7W":"1","G3":"1","7X":"1","PJ":"1","PC":"1","F3":"1","45":"1","VJ":"1","QC":"1","46":"1","PP":"1","6W":"1","VH":"1","57":"1","QJ":"1","MH":"1","47":"1","PM":"1"},"32":{"23":"1","25":"1","24":"1"},"V6":{"5W":"1","3Q":"1","3V":"1","5X":"1","4R":"1","4P":"1","3W":"1","4Q":"1","2V":"1","4W":"1","3P":"1","2P":"1","2Q":"1","2X":"1","3X":"1","4J":"1","3R":"1","2W":"1","2R":"1","4X":"1","3J":"1","4V":"1","4M":"1","3M":"1"},"CM":{"32":"1","96":"1","42":"1"},"CP":{"6H":"1","6J":"1","5H":"1","4J":"1","5G":"1","5J":"1","6G":"1"},"7F":{"2M":"1","2J":"1","2P":"1"},"FR":{"F7":"1","C4":"1","C6":"1","F6":"1","C5":"1","F5":"1","C7":"1","F4":"1"},"CR":{"3V":"1","3Q":"1","2R":"1","2V":"1","3R":"1"},"6F":{"XP":"1","XJ":"1","XM":"1"},"CC":{"45":"1","44":"1","7X":"1","54":"1","8X":"1","55":"1"},"92":{"XG":"1","GX":"1","XC":"1","FX":"1","XH":"1"},"Q6":{"GJ":"1"},"9P":{"QR":"1","PQ":"1","PR":"1","QV":"1","PV":"1"},"F9":{"W3":"1","W4":"1","V3":"1","V4":"1"},"C6":{"3V":"1","WH":"1","4R":"1","4Q":"1","4V":"1","VG":"1","VF":"1","RG":"1","RF":"1","VH":"1","RH":"1"},"2V":{"J6":"1","J7":"1"},"PF":{"RJ":"1"},"RH":{"GX":"1"},"73":{"GV":"1","HR":"1","GQ":"1","JV":"1","HQ":"1","JR":"1","HV":"1","GR":"1"},"PW":{"82":"1"},"55":{"P5":"1","P4":"1"},"4R":{"8G":"1"},"GJ":{"83":"1","X2":"1","82":"1","93":"1"},"J2":{"X2":"1","X3":"1","W2":"1","P9":"1","PF":"1","PC":"1"},"64":{"5F":"1","4G":"1","23":"1","4F":"1","22":"1"},"H8":{"32":"1","23":"1","33":"1"},"C2":{"4F":"1","57":"1","4H":"1","2G":"1","3Q":"1","W6":"1","V6":"1","5J":"1","56":"1","4P":"1","5P":"1","4Q":"1","W4":"1","2H":"1","X4":"1","66":"1","7C":"1","69":"1","7J":"1","68":"1","3P":"1","3H":"1","2Q":"1","2P":"1","2M":"1","2J":"1","V5":"1","79":"1","5H":"1","4J":"1","5M":"1","W5":"1","5Q":"1","3J":"1","3G":"1","2F":"1","6C":"1","3M":"1","4M":"1","6J":"1","67":"1","4G":"1"},"9Q":{"MV":"1","7P":"1","5P":"1","6Q":"1","MX":"1","7Q":"1","MW":"1","5M":"1","JV":"1","6P":"1","5Q":"1","6M":"1","JW":"1","JX":"1"},"63":{"2W":"1","2X":"1"},"PG":{"X6":"1"},"GQ":{"7Q":"1","7P":"1"},"97":{"Q2":"1","Q4":"1","Q3":"1","P4":"1","P3":"1","78":"1","77":"1"},"FQ":{"G8":"1","C5":"1","82":"1","93":"1","4H":"1","G7":"1","3G":"1","C7":"1","F7":"1","J6":"1","88":"1","3H":"1","7C":"1","F8":"1","59":"1","9C":"1","G9":"1","8C":"1","96":"1","95":"1","77":"1","7F":"1","67":"1","F6":"1","87":"1","89":"1","92":"1","86":"1","F9":"1","C6":"1","98":"1","5C":"1","Q3":"1","C8":"1","8F":"1","97":"1","5P":"1","H6":"1","4G":"1","99":"1","C4":"1","6C":"1","79":"1","78":"1","83":"1","69":"1","Q4":"1","68":"1"},"GV":{"FQ":"1","RJ":"1","QJ":"1","CQ":"1","VJ":"1","FP":"1","RV":"1","QH":"1","CP":"1","VH":"1","QM":"1","RH":"1"},"QP":{"RX":"1","VX":"1"},"QJ":{"2W":"1","2V":"1"},"H6":{"3C":"1","29":"1","39":"1","2C":"1"},"H4":{"4H":"1","5F":"1","3Q":"1","5J":"1","4P":"1","7H":"1","5P":"1","4Q":"1","7G":"1","7C":"1","6H":"1","6G":"1","3P":"1","7F":"1","6F":"1","5H":"1","4J":"1","5M":"1","5Q":"1","6M":"1","3J":"1","6C":"1","4M":"1","3M":"1","6J":"1","5G":"1","4G":"1"},"RJ":{"H2":"1","G2":"1","G3":"1","H3":"1"},"53":{"XX":"1"},"QQ":{"V3":"1","R2":"1","V2":"1"},"3F":{"P9":"1","HF":"1","M8":"1","H9":"1","PG":"1","HG":"1","JF":"1","PF":"1","GF":"1","MG":"1","MF":"1","M9":"1","JH":"1","HC":"1","PC":"1","99":"1","89":"1","MC":"1","MH":"1","J9":"1","P8":"1","JG":"1","JC":"1"},"R6":{"XV":"1","XR":"1"},"C4":{"FQ":"1","HQ":"1","JP":"1","HR":"1","HP":"1","HV":"1","JQ":"1"},"22":{"X2":"1","X3":"1","W2":"1","X4":"1","X5":"1"},"FW":{"FC":"1","RF":"1","P9":"1","PC":"1","59":"1","8J":"1","RG":"1","9M":"1","VF":"1","CF":"1","CJ":"1","69":"1","58":"1","68":"1","9H":"1","FF":"1","CC":"1","Q9":"1","QC":"1","8H":"1","QF":"1","9J":"1","8M":"1","Q8":"1","CH":"1"},"Q7":{"7R":"1","7P":"1","PX":"1","6Q":"1","8Q":"1","7W":"1","MX":"1","7Q":"1","8R":"1","7V":"1","6P":"1","8V":"1","8W":"1","6R":"1","6V":"1"},"2Q":{"76":"1","85":"1","97":"1","87":"1","88":"1","96":"1","86":"1","78":"1","77":"1"},"M9":{"32":"1","42":"1"},"Q8":{"P2":"1","57":"1","45":"1","M2":"1","P3":"1","46":"1","56":"1","47":"1","M3":"1"},"5F":{"RJ":"1","RH":"1"},"2P":{"36":"1","2M":"1","3F":"1","2V":"1","49":"1","2P":"1","2Q":"1","4J":"1","3C":"1","4P":"1","2F":"1","4M":"1","38":"1","39":"1","3M":"1","5V":"1","4Q":"1","4R":"1","2R":"1","28":"1","3J":"1","3W":"1","4H":"1","2H":"1","26":"1","5W":"1","4V":"1","2J":"1","3G":"1","2G":"1","3H":"1","2W":"1","27":"1","3V":"1","4F":"1","5Q":"1","4G":"1","29":"1","2C":"1","4W":"1","37":"1","3Q":"1","3P":"1","5R":"1","3R":"1","4C":"1"},"V7":{"32":"1","23":"1","22":"1","42":"1","33":"1"},"FM":{"W8":"1","W7":"1","W6":"1","V6":"1","VX":"1","VV":"1","WX":"1","V7":"1","W5":"1","VW":"1","WW":"1"},"H9":{"36":"1","37":"1","45":"1","35":"1","46":"1","27":"1","47":"1"},"QG":{"57":"1","68":"1","67":"1","58":"1"},"CF":{"83":"1","73":"1","74":"1","84":"1","82":"1","72":"1"}},"3V":{"CQ":{"9X":"1"},"WP":{"32":"1","62":"1","53":"1","52":"1","43":"1","22":"1","63":"1","42":"1"},"GF":{"32":"1","23":"1","22":"1","34":"1","24":"1","33":"1"},"MJ":{"JW":"1"},"FC":{"H9":"1","24":"1","HC":"1","42":"1","G9":"1","XV":"1","XX":"1","69":"1","G8":"1","G7":"1","23":"1","52":"1","XW":"1"},"86":{"VC":"1","W9":"1","WF":"1","RC":"1","WC":"1","VF":"1","V9":"1"},"W7":{"QP":"1","PM":"1","QJ":"1","PH":"1","PP":"1","PJ":"1","QM":"1"},"FV":{"6Q":"1","6R":"1","7Q":"1","7P":"1","7R":"1","6P":"1"},"64":{"G9":"1","G7":"1","F8":"1","G8":"1"},"WM":{"4V":"1","9V":"1","7Q":"1","3X":"1","5W":"1","7V":"1","8V":"1","3R":"1","2R":"1","8W":"1","4Q":"1","7M":"1","4X":"1","9W":"1","7W":"1","8P":"1","8M":"1","5M":"1","5R":"1","9P":"1","6W":"1","2V":"1","4R":"1","3P":"1","6M":"1","5X":"1","3Q":"1","9R":"1","5V":"1","3V":"1","6Q":"1","9Q":"1","6P":"1","8Q":"1","4P":"1","5P":"1","3W":"1","4W":"1","2W":"1","6R":"1","8R":"1","6X":"1","5Q":"1","7P":"1","2X":"1","4M":"1","6V":"1","7R":"1"},"47":{"H8":"1","H9":"1","J8":"1","J9":"1"},"GC":{"2V":"1","3X":"1","6R":"1","7V":"1","5V":"1","3W":"1","6X":"1","7W":"1","6Q":"1","7X":"1","2W":"1","3V":"1","8H":"1","7G":"1","7H":"1","6V":"1","6W":"1","7R":"1","5R":"1","2X":"1"},"7G":{"RX":"1","RW":"1","QW":"1","RV":"1","QV":"1","QX":"1"},"MQ":{"PG":"1","MC":"1","MF":"1","PF":"1","QG":"1","QF":"1","PC":"1"},"42":{"J6":"1","H5":"1","M7":"1","H6":"1","J7":"1","J5":"1","H7":"1"},"6Q":{"XP":"1"},"G9":{"2H":"1"},"9M":{"HH":"1","HF":"1","H9":"1","GJ":"1","HG":"1","JF":"1","G9":"1","GC":"1","GF":"1","FH":"1","FM":"1","GH":"1","HJ":"1","FG":"1","FJ":"1","JH":"1","HC":"1","GG":"1","H7":"1","H8":"1","CJ":"1","FF":"1","J8":"1","GM":"1","J9":"1","CH":"1","JG":"1","JC":"1"},"F9":{"4X":"1","2V":"1","4P":"1","6M":"1","GC":"1","5V":"1","GF":"1","4Q":"1","4R":"1","6X":"1","5W":"1","8J":"1","4V":"1","2W":"1","5X":"1","3V":"1","P7":"1","GG":"1","5Q":"1","4W":"1","6V":"1","6W":"1","5R":"1"},"8Q":{"4G":"1","6H":"1","6J":"1","5H":"1","6M":"1","5M":"1","5G":"1","5J":"1","6G":"1","7M":"1","6P":"1"},"CF":{"J6":"1"},"9H":{"C3":"1","G7":"1","H6":"1","C4":"1","G6":"1","F6":"1","C5":"1","F5":"1","F4":"1","H7":"1"},"WV":{"2H":"1","2M":"1","2J":"1"},"C9":{"R9":"1","V8":"1","V9":"1"},"92":{"29":"1"},"FF":{"M4":"1","FW":"1","FV":"1","W2":"1","CW":"1","X4":"1","P5":"1","W3":"1","P3":"1","M5":"1","X2":"1","P4":"1","CV":"1","X3":"1","M3":"1"},"CC":{"68":"1","W5":"1","67":"1","W6":"1","X5":"1"},"QQ":{"4R":"1","5R":"1"},"VP":{"6V":"1"},"CV":{"JQ":"1","JH":"1","HR":"1","JP":"1","JV":"1","HQ":"1","JR":"1","HP":"1","HV":"1"},"2R":{"56":"1"},"8H":{"7C":"1","79":"1"},"6M":{"RQ":"1","VP":"1","VQ":"1","RR":"1","VR":"1","MM":"1","MJ":"1"},"VW":{"X9":"1","XC":"1","XG":"1","Q6":"1","W9":"1","29":"1","28":"1","Q5":"1","P5":"1","27":"1","Q7":"1","P7":"1","P6":"1"},"RW":{"X9":"1","X8":"1","X7":"1","W7":"1"},"9J":{"M7":"1","JQ":"1","J3":"1","GG":"1","M6":"1","MQ":"1","RH":"1","J7":"1","J6":"1","VH":"1","VJ":"1","JP":"1","HQ":"1","HP":"1","VG":"1"},"WW":{"57":"1","3C":"1","7Q":"1","7P":"1","49":"1","4C":"1","58":"1"},"VQ":{"FG":"1","CH":"1","FF":"1","CF":"1","GG":"1","CG":"1","GF":"1","FH":"1"},"H2":{"M4":"1","Q2":"1","P5":"1","CX":"1","FW":"1","FX":"1","CW":"1"}},"6Q":{"4G":{"X3":"1"},"5G":{"C9":"1","FC":"1","CF":"1","CC":"1"}},"9Q":{"MP":{"MP":"1","JP":"1","QJ":"1"},"FQ":{"C9":"1"},"GX":{"5Q":"1","4W":"1","4R":"1","5R":"1","4Q":"1","4V":"1","5V":"1","5W":"1"},"FR":{"G9":"1","G7":"1","F7":"1","F8":"1","F9":"1","G8":"1"},"VX":{"JG":"1","HG":"1","HH":"1","JH":"1"},"HH":{"WG":"1"},"FV":{"QV":"1"}},"GX":{"Q4":{"58":"1"}},"CV":{"X3":{"P2":"1","P3":"1"}},"6P":{"M4":{"R5":"1","P9":"1","M8":"1","P6":"1","R8":"1","PF":"1","Q9":"1","QF":"1","R7":"1","Q5":"1","Q7":"1","M9":"1","P7":"1","PC":"1","QC":"1","R9":"1","Q8":"1","MC":"1","Q6":"1","P8":"1","R6":"1","M7":"1"},"J3":{"3C":"1","39":"1","4R":"1","26":"1","4Q":"1","49":"1","27":"1","4C":"1"},"H3":{"J6":"1","P9":"1","M8":"1","P6":"1","C5":"1","F6":"1","G7":"1","C6":"1","P3":"1","C7":"1","M9":"1","M6":"1","F8":"1","H6":"1","X7":"1","P7":"1","F7":"1","H7":"1","G6":"1","X6":"1","J7":"1","F5":"1","C8":"1","P5":"1","G8":"1","M5":"1","P4":"1","P8":"1","M7":"1"},"P5":{"JX":"1"},"J2":{"2M":"1","2J":"1","2P":"1"},"H8":{"W3":"1","X3":"1","X4":"1","W5":"1","W4":"1","X5":"1"},"G2":{"W3":"1","X3":"1","W2":"1"},"WX":{"2G":"1","2F":"1"},"V5":{"3G":"1","2G":"1","3F":"1","2F":"1"},"M3":{"9X":"1","8V":"1","9W":"1","9V":"1","8W":"1"},"P6":{"J2":"1","H2":"1","J3":"1","H3":"1"},"J5":{"J6":"1","H5":"1","H6":"1"},"H4":{"H5":"1","J4":"1","G4":"1","H4":"1","H3":"1"},"H2":{"VP":"1","VQ":"1","XJ":"1","VR":"1","XM":"1"}},"8Q":{"P2":{"7M":"1"},"FP":{"QF":"1"},"49":{"HP":"1"},"27":{"4R":"1"}},"9J":{"HR":{"XR":"1"},"CJ":{"FM":"1","GJ":"1","GM":"1"}},"3W":{"MM":{"CV":"1"},"PR":{"92":"1","C2":"1"},"H9":{"X6":"1","X2":"1","W3":"1","X3":"1","W2":"1","X7":"1","X4":"1","W4":"1","X5":"1"},"J9":{"46":"1","48":"1","44":"1","35":"1","7C":"1","38":"1","34":"1","37":"1","24":"1","59":"1","54":"1","57":"1","4C":"1","26":"1","77":"1","32":"1","25":"1","36":"1","67":"1","6F":"1","27":"1","49":"1","33":"1","5C":"1","55":"1","43":"1","56":"1","47":"1","3C":"1","66":"1","39":"1","45":"1","5G":"1","3F":"1","6C":"1","79":"1","6G":"1","22":"1","5F":"1","78":"1","58":"1","23":"1","4F":"1","28":"1","69":"1","68":"1"},"H6":{"98":"1","86":"1","7P":"1","4R":"1","8P":"1","7M":"1","7J":"1","C6":"1","96":"1","JP":"1","87":"1","5Q":"1","5V":"1","6M":"1","97":"1","4V":"1","5R":"1","8M":"1"},"QP":{"FV":"1","4V":"1","9V":"1","4H":"1","7Q":"1","V8":"1","PH":"1","3X":"1","5W":"1","3J":"1","7V":"1","8V":"1","3R":"1","2M":"1","2R":"1","CX":"1","8W":"1","MH":"1","CW":"1","4Q":"1","VG":"1","MJ":"1","PJ":"1","4X":"1","9W":"1","7W":"1","8P":"1","8M":"1","5M":"1","5R":"1","CR":"1","GP":"1","3M":"1","6W":"1","2V":"1","4R":"1","8X":"1","3P":"1","7X":"1","6M":"1","2H":"1","5X":"1","3Q":"1","5V":"1","3V":"1","6Q":"1","9Q":"1","CV":"1","6P":"1","VF":"1","GQ":"1","8Q":"1","9X":"1","4P":"1","5P":"1","3W":"1","4W":"1","2W":"1","6R":"1","8R":"1","4J":"1","FW":"1","2Q":"1","6X":"1","2P":"1","5Q":"1","7P":"1","2X":"1","4M":"1","6V":"1","7R":"1"},"WR":{"2Q":"1"},"2G":{"83":"1"},"CW":{"C9":"1","89":"1","97":"1","99":"1","9C":"1","88":"1","VW":"1","CC":"1","98":"1"},"CM":{"2G":"1"},"MP":{"J6":"1","J7":"1"},"9M":{"JG":"1","MH":"1","JH":"1","MG":"1"},"H8":{"XX":"1"},"6G":{"68":"1","69":"1"},"7W":{"45":"1","72":"1","73":"1","47":"1","83":"1","82":"1","46":"1","35":"1","74":"1","37":"1","36":"1"},"QJ":{"7V":"1","7W":"1"},"QG":{"M7":"1","P6":"1","P7":"1","M6":"1"},"3H":{"QW":"1","QX":"1"},"2M":{"95":"1","96":"1"},"QV":{"28":"1","29":"1","2C":"1","2F":"1"},"QM":{"JM":"1","MM":"1"},"JP":{"3H":"1","3G":"1"},"HH":{"PC":"1"},"J8":{"2X":"1","3X":"1"},"X8":{"RH":"1","XF":"1","W6":"1","QH":"1","RC":"1","R8":"1","X9":"1","XG":"1","RG":"1","Q9":"1","QF":"1","RF":"1","QG":"1","RJ":"1","W8":"1","R7":"1","VG":"1","Q7":"1","V7":"1","X7":"1","WC":"1","W7":"1","VF":"1","X6":"1","WH":"1","X8":"1","VJ":"1","QC":"1","WG":"1","R9":"1","W9":"1","Q8":"1","VH":"1","WF":"1","V8":"1","XC":"1","VC":"1","QJ":"1","V9":"1"},"QQ":{"46":"1","44":"1","3G":"1","35":"1","3H":"1","2M":"1","34":"1","37":"1","24":"1","42":"1","54":"1","57":"1","4C":"1","8P":"1","26":"1","32":"1","8M":"1","25":"1","36":"1","6F":"1","3M":"1","49":"1","33":"1","5C":"1","43":"1","3P":"1","3Q":"1","56":"1","47":"1","3C":"1","39":"1","4G":"1","53":"1","3F":"1","6C":"1","79":"1","22":"1","2Q":"1","5F":"1","2P":"1","78":"1","23":"1","4F":"1","69":"1","52":"1","68":"1"},"Q9":{"7X":"1","8X":"1","7W":"1","8W":"1"},"QC":{"82":"1","72":"1"},"PQ":{"8G":"1","W8":"1","8F":"1","W7":"1","W6":"1","X7":"1","X6":"1","X4":"1","W3":"1","V9":"1","9X":"1","W5":"1","9G":"1","CX":"1","X3":"1","QF":"1"},"3J":{"M4":"1","Q4":"1","R8":"1","R3":"1","P3":"1","R7":"1","Q5":"1","Q7":"1","M6":"1","M3":"1","P2":"1","Q3":"1","M2":"1","Q8":"1","P5":"1","M5":"1","P4":"1","R4":"1"},"PV":{"XG":"1","X9":"1","X8":"1","XF":"1","X7":"1","F7":"1","XC":"1","F8":"1","G8":"1"},"PP":{"R5":"1","XV":"1","Q4":"1","XW":"1","XR":"1","XM":"1","84":"1","R3":"1","FX":"1","Q5":"1","GX":"1","FW":"1","GW":"1","XP":"1","85":"1","Q3":"1","75":"1","R4":"1","74":"1","R6":"1"},"3M":{"5F":"1","59":"1","8Q":"1","69":"1","68":"1","8R":"1","6F":"1","79":"1","78":"1","5C":"1","6C":"1","F7":"1","5G":"1"},"36":{"83":"1","76":"1","84":"1","87":"1","86":"1","77":"1"},"P2":{"63":"1","54":"1","62":"1","77":"1","65":"1","64":"1","69":"1","68":"1","55":"1","79":"1","53":"1","78":"1","52":"1","67":"1"},"VM":{"83":"1","92":"1","82":"1","93":"1"}},"4W":{"RQ":{"P2":"1","J2":"1","H2":"1","H4":"1","M2":"1","J3":"1","H3":"1"},"C5":{"M2":"1","M3":"1"},"GH":{"J2":"1","H2":"1","J3":"1"},"WV":{"X3":"1","X4":"1","W7":"1","W6":"1"},"CG":{"43":"1","MJ":"1","JJ":"1","62":"1","42":"1","JH":"1","HH":"1","53":"1","JG":"1","32":"1","52":"1"},"QR":{"83":"1","92":"1","82":"1","93":"1"},"F4":{"78":"1","J6":"1","M8":"1","P6":"1","G7":"1","HX":"1","8R":"1","86":"1","R2":"1","3M":"1","3J":"1","RJ":"1","Q5":"1","Q7":"1","M9":"1","M6":"1","M3":"1","X3":"1","9R":"1","P7":"1","G5":"1","H7":"1","77":"1","VV":"1","J5":"1","67":"1","HW":"1","89":"1","8C":"1","Q8":"1","P5":"1","JX":"1","M5":"1","68":"1","Q6":"1","P8":"1","M7":"1"},"H5":{"8J":"1","9H":"1","9G":"1","8H":"1","8G":"1","9J":"1"},"F7":{"W5":"1","W6":"1","V6":"1"},"3J":{"C3":"1","94":"1","C4":"1","95":"1","C5":"1","F3":"1"},"G5":{"2C":"1"},"XQ":{"87":"1","88":"1","86":"1","78":"1","77":"1"},"F3":{"FV":"1","VM":"1","48":"1","2G":"1","QR":"1","3G":"1","3H":"1","PQ":"1","CH":"1","38":"1","37":"1","MG":"1","59":"1","5H":"1","9C":"1","HV":"1","4C":"1","9G":"1","26":"1","7G":"1","36":"1","7F":"1","FR":"1","6H":"1","6F":"1","9F":"1","27":"1","49":"1","2C":"1","MR":"1","2F":"1","MF":"1","7H":"1","HR":"1","29":"1","5C":"1","MW":"1","2H":"1","MQ":"1","VP":"1","3C":"1","8F":"1","39":"1","JR":"1","5G":"1","4G":"1","3F":"1","QV":"1","6G":"1","5F":"1","58":"1","JV":"1","4F":"1","28":"1","6J":"1","JW":"1"},"C3":{"XF":"1","M4":"1","3C":"1","J2":"1","X9":"1","39":"1","XG":"1","P3":"1","W8":"1","M3":"1","X7":"1","WC":"1","W7":"1","XP":"1","P2":"1","29":"1","X8":"1","2C":"1","M2":"1","J7":"1","W9":"1","J8":"1","WF":"1","XC":"1","J3":"1"},"7C":{"QW":"1","QX":"1","PX":"1"},"G6":{"C8":"1","C7":"1"},"XV":{"32":"1","45":"1","44":"1","23":"1","34":"1","24":"1","5G":"1","8M":"1"},"HQ":{"QQ":"1"},"9C":{"RR":"1","JM":"1","RQ":"1","HG":"1","PM":"1","GH":"1","JJ":"1","PP":"1","QR":"1","CQ":"1","PQ":"1","FX":"1","HP":"1","HH":"1","MG":"1","MH":"1","JP":"1","HQ":"1","GW":"1","HV":"1","MJ":"1","FP":"1","JG":"1","CM":"1","CP":"1","MV":"1","XC":"1","GP":"1","HF":"1","MR":"1","HR":"1","HW":"1","HJ":"1","MW":"1","HM":"1","GJ":"1","MQ":"1","RP":"1","QH":"1","GG":"1","PR":"1","QM":"1","GX":"1","JQ":"1","GQ":"1","RM":"1","FQ":"1","MP":"1","GV":"1","GR":"1","JR":"1","QP":"1","QJ":"1","FH":"1","QQ":"1","FW":"1","JF":"1","JH":"1","JV":"1","MM":"1","FM":"1","PV":"1","XF":"1","FJ":"1","GM":"1","JW":"1"},"VG":{"X7":"1"},"HV":{"H9":"1","HM":"1","JG":"1","JM":"1","JC":"1","HH":"1","HJ":"1","GJ":"1","HC":"1","JH":"1","J9":"1","JJ":"1"},"PJ":{"MC":"1","MF":"1","PF":"1","MG":"1","PC":"1"},"57":{"RJ":"1","VJ":"1","VM":"1","RM":"1"},"4X":{"3J":"1"},"XR":{"M4":"1","5W":"1","45":"1","9V":"1","CW":"1","29":"1","9W":"1","5X":"1","26":"1","38":"1","47":"1","28":"1","48":"1","RV":"1","P3":"1","CJ":"1","4W":"1","FJ":"1","46":"1","27":"1","2X":"1","3X":"1","35":"1","P4":"1","M2":"1","6W":"1","CV":"1","2W":"1","5V":"1","M3":"1","4X":"1","37":"1","4V":"1","5R":"1","36":"1"},"32":{"JX":"1","MX":"1"},"G2":{"94":"1","75":"1","74":"1","85":"1","84":"1","95":"1","C2":"1"},"CM":{"C9":"1","FC":"1","G9":"1","F7":"1","GC":"1","C8":"1","F8":"1","F9":"1","G8":"1","C7":"1"},"76":{"M8":"1","P8":"1","M7":"1","P9":"1","J8":"1","J9":"1","M9":"1","P7":"1"},"7F":{"Q2":"1","P2":"1","Q3":"1","97":"1"},"MV":{"6Q":"1","6R":"1","5R":"1","6V":"1","5V":"1","7R":"1","5W":"1"},"CC":{"2C":"1","2F":"1"},"9F":{"F2":"1","G2":"1"},"92":{"W8":"1","W7":"1","W6":"1"},"3M":{"53":"1","52":"1","54":"1","63":"1"},"HF":{"H4":"1"},"9P":{"JW":"1","JV":"1"},"VV":{"M4":"1","J4":"1","M5":"1","J5":"1"},"33":{"J2":"1","M2":"1"},"C6":{"45":"1","54":"1","4H":"1","65":"1","64":"1","55":"1","3H":"1","44":"1","4J":"1","53":"1","3J":"1","3G":"1","4M":"1","4G":"1"},"5C":{"XQ":"1","WR":"1","VR":"1","XV":"1","RV":"1","VV":"1","XX":"1","WV":"1","WX":"1","RQ":"1","XR":"1","VW":"1","RR":"1","RW":"1","XW":"1","WW":"1","VQ":"1"},"9H":{"36":"1","45":"1","44":"1","35":"1","46":"1","34":"1","33":"1"},"XH":{"4F":"1","5F":"1","4H":"1","59":"1","5J":"1","4C":"1","3F":"1","38":"1","48":"1","3C":"1","6G":"1","6H":"1","3H":"1","6F":"1","49":"1","5H":"1","39":"1","3G":"1","5C":"1","6J":"1","5G":"1","4G":"1"},"HW":{"PG":"1","QJ":"1","PH":"1","QH":"1","QG":"1","PJ":"1"},"XM":{"CQ":"1","QV":"1","CP":"1"},"WP":{"JF":"1","JG":"1"},"MW":{"2H":"1","3H":"1","3G":"1","2G":"1"},"GJ":{"VG":"1"},"G3":{"3C":"1","39":"1","97":"1","87":"1","88":"1","98":"1"},"MQ":{"58":"1"},"RP":{"MV":"1","HW":"1","MX":"1","MW":"1","JV":"1","JW":"1","HV":"1","PV":"1","PW":"1","GX":"1","HX":"1","JX":"1"},"GG":{"FQ":"1","HW":"1","CQ":"1","JX":"1","HX":"1","JW":"1"},"C2":{"M4":"1","PX":"1","M5":"1","MX":"1","P4":"1","QW":"1","M3":"1","PW":"1"},"VF":{"XP":"1","WP":"1","VP":"1","WM":"1","VJ":"1","WQ":"1","WJ":"1","VM":"1"},"WG":{"7R":"1","G6":"1","H7":"1","G5":"1","FC":"1","H9":"1","H3":"1","9P":"1","G9":"1","Q2":"1","Q4":"1","P3":"1","9Q":"1","8Q":"1","J2":"1","H8":"1","R4":"1","F8":"1","7Q":"1","Q3":"1","8R":"1","G8":"1","HH":"1","G7":"1","P4":"1","H4":"1","F7":"1","H2":"1","P2":"1"},"WQ":{"H5":"1","J4":"1","FG":"1","FF":"1","H4":"1","CF":"1","CG":"1","J5":"1"},"PX":{"QQ":"1","QP":"1","QR":"1","RR":"1","PW":"1","PQ":"1","PR":"1","QV":"1","PV":"1"},"H2":{"FG":"1","FM":"1","CM":"1","R9":"1","9M":"1","R7":"1","CJ":"1","FJ":"1","9H":"1","FH":"1","R8":"1","R6":"1","CG":"1","Q9":"1","9J":"1","Q8":"1","CH":"1"},"MP":{"HG":"1","HH":"1","GG":"1","GH":"1"},"J8":{"Q4":"1","Q5":"1"},"JR":{"HW":"1","7P":"1","5P":"1","6Q":"1","6P":"1","5Q":"1","6M":"1","HV":"1","5R":"1","6R":"1"},"QP":{"6X":"1","6V":"1","5V":"1","5W":"1","6W":"1"},"G4":{"WR":"1","95":"1","X4":"1","84":"1","VW":"1","WV":"1","RW":"1","WW":"1","Q2":"1","VR":"1","VX":"1","85":"1","Q3":"1","VV":"1","94":"1","RX":"1","X5":"1"},"QQ":{"C5":"1","CG":"1","44":"1","7J":"1","88":"1","7C":"1","CH":"1","CJ":"1","8H":"1","42":"1","9C":"1","54":"1","9G":"1","8C":"1","8J":"1","77":"1","7G":"1","8M":"1","76":"1","7F":"1","75":"1","67":"1","6F":"1","CC":"1","9M":"1","87":"1","89":"1","9F":"1","86":"1","FG":"1","8G":"1","98":"1","7H":"1","9H":"1","55":"1","65":"1","43":"1","64":"1","56":"1","63":"1","8F":"1","66":"1","74":"1","97":"1","9J":"1","45":"1","FH":"1","53":"1","99":"1","79":"1","6G":"1","78":"1","62":"1","CF":"1","52":"1"},"WR":{"78":"1","QH":"1","XW":"1","R8":"1","X9":"1","79":"1","PG":"1","65":"1","WX":"1","QG":"1","WV":"1","W8":"1","R7":"1","PH":"1","58":"1","7C":"1","WW":"1","V7":"1","X7":"1","66":"1","W7":"1","P7":"1","77":"1","X6":"1","76":"1","X8":"1","67":"1","69":"1","56":"1","V8":"1","57":"1","QJ":"1","68":"1","88":"1","P8":"1","XX":"1"},"C4":{"XQ":"1","VV":"1","RP":"1"},"Q9":{"X9":"1","X8":"1","XC":"1"},"6C":{"62":"1","2R":"1","52":"1"},"F5":{"RJ":"1","J2":"1","QJ":"1","VJ":"1","H2":"1","MQ":"1","QH":"1","RM":"1","RG":"1","RH":"1","QM":"1"},"5F":{"X2":"1"},"WF":{"QX":"1","PX":"1"},"JV":{"HH":"1","9G":"1","CG":"1","J6":"1","MJ":"1","M4":"1","HF":"1","G7":"1","R8":"1","4P":"1","4M":"1","9H":"1","HG":"1","6M":"1","86":"1","GC":"1","C9":"1","87":"1","6R":"1","GF":"1","CF":"1","6P":"1","FH":"1","9C":"1","C7":"1","CQ":"1","F9":"1","GH":"1","FC":"1","M6":"1","F8":"1","H6":"1","FG":"1","97":"1","WC":"1","JH":"1","5P":"1","GG":"1","VF":"1","F7":"1","H7":"1","G6":"1","8G":"1","99":"1","J5":"1","8F":"1","J7":"1","FF":"1","9Q":"1","89":"1","C8":"1","J4":"1","6V":"1","9F":"1","96":"1","8C":"1","G8":"1","VC":"1","H5":"1","MH":"1","JJ":"1","P8":"1","CR":"1","5M":"1","V9":"1"},"F2":{"5P":"1","6M":"1","5M":"1","VH":"1","6P":"1"},"28":{"29":"1","2C":"1","2F":"1"},"83":{"57":"1","66":"1","46":"1","56":"1","47":"1"},"69":{"7X":"1","7V":"1","6X":"1","6V":"1","5X":"1","7W":"1","5W":"1","6W":"1"},"JW":{"H4":"1","G4":"1","49":"1","HP":"1","GJ":"1","5F":"1","5C":"1","H3":"1","55":"1","58":"1","FM":"1","48":"1","G3":"1","H6":"1","59":"1","66":"1","4F":"1","G5":"1","HQ":"1","GR":"1","G6":"1","45":"1","GQ":"1","67":"1","46":"1","56":"1","GM":"1","FQ":"1","57":"1","H5":"1","HM":"1","68":"1","GP":"1","4C":"1"},"R9":{"29":"1","2C":"1"},"CF":{"5W":"1","7X":"1","8X":"1","5X":"1","7W":"1","4W":"1","CR":"1","3X":"1","6W":"1","CV":"1","6P":"1","5V":"1","4X":"1","4V":"1","8W":"1","6X":"1"},"7R":{"2H":"1","3H":"1","2J":"1","3J":"1"}},"5G":{"RM":{"XW":"1","XV":"1","WR":"1","XX":"1","WV":"1"},"RF":{"2H":"1","3G":"1","2G":"1"},"7X":{"GQ":"1","HQ":"1","J6":"1","JF":"1","MC":"1","HR":"1","HP":"1","M7":"1","MF":"1","GP":"1","JR":"1","MG":"1","GR":"1","P7":"1","M6":"1","JQ":"1"},"H3":{"32":"1","23":"1","22":"1","33":"1"},"4R":{"3H":"1","3J":"1"},"83":{"GW":"1","GX":"1","GV":"1"},"7C":{"72":"1"},"7W":{"MM":"1","GP":"1","VC":"1","JQ":"1","RF":"1","QP":"1","W9":"1","PM":"1","R9":"1","MQ":"1","RG":"1","RJ":"1","MP":"1","RH":"1","WF":"1","WC":"1","VF":"1","HR":"1","9Q":"1","V9":"1","8Q":"1","VH":"1","QJ":"1","8R":"1","GQ":"1","VJ":"1","WG":"1","QM":"1","JP":"1","RC":"1","JV":"1","HQ":"1","PJ":"1","JR":"1","HP":"1","VG":"1","HV":"1","GR":"1","JM":"1","PP":"1","9R":"1","QH":"1"},"VM":{"2W":"1","2V":"1","5X":"1","5W":"1"}},"4G":{"JG":{"R7":"1"},"88":{"C3":"1","C4":"1","G3":"1","F4":"1","F3":"1"},"3W":{"6P":"1"},"78":{"RH":"1","QH":"1","C5":"1","PG":"1","PF":"1","QF":"1","C6":"1","QG":"1","MG":"1","RJ":"1","C7":"1","PH":"1","PJ":"1","RP":"1","RM":"1","QP":"1","PP":"1","QJ":"1","MH":"1","QM":"1","VM":"1","PM":"1"}},"2W":{"RC":{"FM":"1","CM":"1","CP":"1","FP":"1","CJ":"1","FJ":"1","9H":"1","FH":"1","9J":"1","CH":"1"},"RQ":{"7J":"1","8J":"1","6J":"1","6M":"1","7M":"1","8M":"1"},"HR":{"X2":"1","X3":"1"},"RW":{"QQ":"1","QP":"1","89":"1","PQ":"1","PP":"1"},"QX":{"X6":"1","X4":"1","W5":"1","W4":"1","V4":"1","W6":"1","X5":"1","V5":"1"},"QR":{"QP":"1"},"QV":{"XX":"1","WX":"1"},"Q2":{"X6":"1"},"XJ":{"6Q":"1","6R":"1","8V":"1","7V":"1","7P":"1","6V":"1","6M":"1","7M":"1","6P":"1"},"VX":{"6H":"1","6J":"1","5H":"1","7H":"1","5G":"1","6G":"1"},"P2":{"GP":"1","86":"1","FP":"1","FQ":"1","MF":"1","FR":"1","GQ":"1","96":"1","GR":"1","85":"1"},"RM":{"XW":"1","VX":"1","XX":"1","WX":"1","VW":"1","WW":"1"},"WH":{"M7":"1","HW":"1","5X":"1","PX":"1","GM":"1","J7":"1","GJ":"1","MX":"1","QV":"1","QW":"1","4X":"1","PV":"1","PW":"1","HX":"1","6X":"1"},"VJ":{"X9":"1","X8":"1","R3":"1","V3":"1","R4":"1","V4":"1","V2":"1"},"PP":{"43":"1","45":"1","54":"1","62":"1","42":"1","RH":"1","33":"1","44":"1","35":"1","53":"1","34":"1","23":"1"},"WF":{"CQ":"1","FV":"1","CW":"1","FQ":"1","CR":"1","FR":"1","CV":"1"},"VH":{"2M":"1","2P":"1"},"P5":{"G9":"1","FG":"1","GC":"1","FF":"1","CF":"1","HC":"1","CG":"1"},"WJ":{"M4":"1","Q2":"1","P2":"1","Q4":"1","Q3":"1","P5":"1","P4":"1","4R":"1","5R":"1","52":"1","4V":"1","M2":"1","P3":"1","5V":"1","34":"1","24":"1","M3":"1","42":"1","33":"1"},"QW":{"W2":"1","XJ":"1","W4":"1","X4":"1","W3":"1","XM":"1","V3":"1","V5":"1","X2":"1","W5":"1","X3":"1"},"P4":{"R5":"1","Q2":"1","FM":"1","CM":"1","FP":"1","FJ":"1","GJ":"1","R3":"1","V3":"1","R4":"1","V4":"1","R2":"1","GM":"1","V5":"1","V2":"1"},"RX":{"53":"1","44":"1","54":"1","43":"1"},"P8":{"XP":"1","XQ":"1"}},"6R":{"JF":{"59":"1","4C":"1","38":"1","48":"1","58":"1","49":"1","39":"1","5C":"1"},"4R":{"J2":"1"},"4Q":{"JX":"1","85":"1","84":"1","MX":"1","JW":"1"},"8W":{"WF":"1","WC":"1"}},"6G":{"4V":{"83":"1","73":"1","74":"1","85":"1","84":"1","63":"1","72":"1"}},"8R":{"43":{"RR":"1","RQ":"1","WV":"1","VM":"1","XJ":"1","WH":"1","XG":"1","XQ":"1","XV":"1","VG":"1","XR":"1","XP":"1","XC":"1","VV":"1","RF":"1","VQ":"1","RH":"1","WM":"1","XH":"1","XM":"1","WP":"1","RG":"1","WJ":"1","J2":"1","RP":"1","VP":"1","WW":"1","VF":"1","WC":"1","WG":"1","WQ":"1","RM":"1","H2":"1","RJ":"1","WR":"1","XW":"1","VJ":"1","WF":"1","X9":"1","VH":"1","XF":"1","VC":"1","VR":"1"},"8X":{"99":"1","9C":"1","98":"1"},"5X":{"J7":"1"},"26":{"4P":"1","4Q":"1","5P":"1","4M":"1","3P":"1"},"4R":{"6Q":"1","6J":"1","7Q":"1","7P":"1","G8":"1","6P":"1"},"42":{"JX":"1","HX":"1","MR":"1","MQ":"1","JR":"1","JQ":"1"},"2H":{"J2":"1","J4":"1","H2":"1","H4":"1","J3":"1","H3":"1"},"46":{"87":"1","88":"1","86":"1"},"3H":{"GQ":"1","HQ":"1","HR":"1","JV":"1","GR":"1","HV":"1"},"CG":{"3Q":"1","3V":"1","4R":"1","4P":"1","3W":"1","4Q":"1","2V":"1","3P":"1","3R":"1","2W":"1","2R":"1","3M":"1"},"53":{"2G":"1","2H":"1","2P":"1","2Q":"1","2J":"1","2M":"1","2R":"1","2C":"1","2F":"1"},"37":{"FQ":"1","GQ":"1","HQ":"1","FM":"1","HM":"1","CQ":"1","HP":"1","FR":"1","GP":"1","FP":"1","CR":"1","FJ":"1","HJ":"1","GJ":"1","CP":"1","GM":"1","GH":"1"},"4V":{"J7":"1","H7":"1"},"5R":{"PG":"1","RJ":"1","MC":"1","VJ":"1","P9":"1","MF":"1","PF":"1","M9":"1","PC":"1"}},"4J":{"98":{"43":"1","33":"1"},"7R":{"36":"1","3F":"1","49":"1","3C":"1","2F":"1","38":"1","39":"1","28":"1","26":"1","58":"1","48":"1","59":"1","2G":"1","27":"1","29":"1","2C":"1","37":"1","46":"1","57":"1","47":"1","4C":"1"},"JQ":{"W2":"1","V3":"1","P7":"1","V2":"1"},"Q5":{"R5":"1","R4":"1","V4":"1"},"MP":{"2X":"1"},"9M":{"2M":"1","6C":"1","3F":"1","2V":"1","2P":"1","2Q":"1","4J":"1","3C":"1","4P":"1","4M":"1","5J":"1","5F":"1","6M":"1","5C":"1","7M":"1","6R":"1","3M":"1","5V":"1","6P":"1","4Q":"1","4R":"1","2R":"1","3J":"1","6F":"1","4H":"1","5G":"1","2H":"1","6J":"1","5W":"1","6Q":"1","4V":"1","2J":"1","3G":"1","2G":"1","3H":"1","3V":"1","4F":"1","5P":"1","5Q":"1","5H":"1","4G":"1","4W":"1","3Q":"1","3P":"1","5R":"1","3R":"1","5M":"1","4C":"1"},"GV":{"H5":"1","C6":"1","C5":"1","J5":"1"},"M5":{"PG":"1","HR":"1","GV":"1","PF":"1","QC":"1","MG":"1","QF":"1","GR":"1","HV":"1","PC":"1"},"JP":{"XW":"1","XX":"1"},"7V":{"3M":"1","3Q":"1","4R":"1","5R":"1","7P":"1","3J":"1","4J":"1","4M":"1","7M":"1","3P":"1"},"5V":{"97":"1"},"97":{"45":"1","54":"1","5P":"1","7W":"1","55":"1","8R":"1","44":"1","7V":"1","5Q":"1","8V":"1","8W":"1"},"6R":{"X9":"1","XC":"1","XG":"1","WC":"1","WF":"1","XF":"1","X8":"1"},"8M":{"XP":"1","XG":"1","XQ":"1","XJ":"1","XR":"1","XH":"1","XM":"1"},"6V":{"W8":"1","X5":"1","W7":"1","W6":"1","V6":"1","X6":"1","W4":"1","X4":"1","W3":"1","V5":"1","V4":"1","W5":"1","X3":"1"}},"2Q":{"CQ":{"4F":"1","4C":"1"},"86":{"X8":"1","V7":"1","X7":"1","W8":"1","V8":"1","W7":"1","W6":"1"},"9V":{"M7":"1","G6":"1","G5":"1","H6":"1","H3":"1","F5":"1","M6":"1","M8":"1","F8":"1","G3":"1","G7":"1","P7":"1","C7":"1","P6":"1","F6":"1","H4":"1","F7":"1"},"JJ":{"RJ":"1","VJ":"1","VM":"1"},"GM":{"VC":"1","XG":"1","4R":"1","4P":"1","4Q":"1","WH":"1","WJ":"1","WC":"1","WF":"1","XH":"1","VF":"1","VH":"1","VJ":"1","WG":"1","5Q":"1","VG":"1","5R":"1"},"9R":{"FM":"1","7X":"1","FP":"1","FJ":"1"},"F7":{"GW":"1","GV":"1","GR":"1","FV":"1"}},"6X":{"7J":{"64":"1","73":"1","75":"1","65":"1","74":"1","63":"1"},"7H":{"M7":"1","FC":"1","HW":"1","P8":"1","M6":"1","GC":"1","CP":"1","G9":"1","F9":"1","M8":"1","F8":"1","G8":"1","HV":"1"},"3R":{"R3":"1","V3":"1","R2":"1","V2":"1"}},"2P":{"4F":{"G4":"1","H4":"1","G3":"1","H3":"1","F4":"1","F3":"1"},"5W":{"3G":"1"},"CW":{"6M":"1","5M":"1"},"7W":{"73":"1","62":"1","75":"1","74":"1","85":"1","84":"1","52":"1","72":"1"},"6G":{"68":"1"},"4W":{"XJ":"1","XH":"1"},"3P":{"MR":"1","JR":"1"},"7V":{"7X":"1","7V":"1","6X":"1","6V":"1","5X":"1","7W":"1","6W":"1"},"6W":{"9H":"1","CH":"1","CG":"1","9G":"1"},"6P":{"H9":"1","JF":"1","HF":"1","G9":"1","JG":"1","GC":"1","HG":"1","JC":"1","GG":"1","HC":"1","GF":"1","GH":"1"},"5V":{"8G":"1","8F":"1","FG":"1","FM":"1","CM":"1","9F":"1","CJ":"1","CF":"1","FJ":"1","9H":"1","FH":"1","FF":"1","CC":"1","CG":"1","9G":"1","9C":"1","CH":"1"}},"5J":{"XJ":{"XR":"1","XV":"1"},"XM":{"JF":"1","MC":"1","MF":"1","JC":"1","M9":"1","J9":"1"},"2P":{"C3":"1","PG":"1","92":"1","94":"1","F2":"1","C4":"1","PF":"1","93":"1","C2":"1"},"7Q":{"HW":"1","JX":"1","HX":"1","JW":"1"},"2M":{"9X":"1","CX":"1"},"C2":{"C3":"1"},"C3":{"G5":"1","9V":"1","FX":"1","8X":"1","CW":"1","9W":"1","CR":"1","9X":"1","CV":"1","8V":"1","CX":"1","GX":"1","8W":"1","9R":"1"},"97":{"W9":"1","XC":"1","WC":"1"},"JW":{"64":"1","75":"1","65":"1","74":"1"},"C4":{"F2":"1","G2":"1","F3":"1"}},"5Q":{"6R":{"GQ":"1","89":"1","7F":"1","8F":"1","FW":"1","FX":"1","7C":"1","48":"1","88":"1","CW":"1","CV":"1","8G":"1","FV":"1","79":"1","8C":"1","78":"1"},"7P":{"53":"1","44":"1","54":"1","43":"1"},"6V":{"HH":"1","G4":"1","H9":"1","C5":"1","G7":"1","C3":"1","HG":"1","JF":"1","GC":"1","G9":"1","C9":"1","F9":"1","FC":"1","F4":"1","G3":"1","F8":"1","HC":"1","C4":"1","G5":"1","CC":"1","F7":"1","G6":"1","H8":"1","F3":"1","FF":"1","F5":"1","J8":"1","G8":"1","J9":"1","JG":"1","JC":"1"},"7M":{"3V":"1","4W":"1","4V":"1","4J":"1","4M":"1","3W":"1"}},"7P":{"C9":{"HR":"1"},"GV":{"J8":"1"},"RW":{"GR":"1"},"22":{"RJ":"1","WM":"1","VJ":"1","WJ":"1","VM":"1","RM":"1"},"C7":{"F2":"1"}},"2X":{"XG":{"RC":"1","R9":"1","QC":"1","RF":"1"},"W6":{"4G":"1","4F":"1"},"V6":{"2H":"1"},"RJ":{"M8":"1","P8":"1","FG":"1","P9":"1","FF":"1","GG":"1","GF":"1","M9":"1"},"XV":{"68":"1"},"RV":{"M7":"1","H7":"1","X5":"1","H9":"1","J9":"1","H6":"1","X4":"1","C9":"1","F8":"1","C8":"1","C7":"1","F6":"1","F7":"1"},"VV":{"7R":"1","24":"1","25":"1","7Q":"1","8R":"1","35":"1","7V":"1","34":"1","23":"1","6R":"1","6V":"1"},"RQ":{"VG":"1","RG":"1","VH":"1","RH":"1"},"R6":{"M7":"1","M4":"1","H7":"1","XG":"1","WH":"1","M6":"1","RG":"1","P5":"1","WF":"1","RH":"1","P3":"1","VF":"1","M5":"1","H8":"1","VH":"1","XF":"1","WG":"1","P4":"1","P7":"1","VG":"1","P6":"1","P2":"1"},"VW":{"78":"1","95":"1","C5":"1","F6":"1","79":"1","65":"1","86":"1","87":"1","C6":"1","9C":"1","55":"1","C7":"1","58":"1","48":"1","97":"1","C4":"1","66":"1","85":"1","F7":"1","77":"1","76":"1","99":"1","45":"1","67":"1","8F":"1","F5":"1","46":"1","89":"1","75":"1","96":"1","8C":"1","56":"1","57":"1","94":"1","68":"1","47":"1","88":"1","98":"1"},"RR":{"MW":"1","MX":"1","PW":"1","GF":"1","PX":"1"},"V2":{"57":"1","46":"1","56":"1","47":"1","58":"1"},"WW":{"4F":"1","4H":"1","5F":"1","5J":"1","3H":"1","4J":"1","3J":"1","3G":"1","5G":"1","4G":"1"},"Q8":{"RQ":"1","QQ":"1","QP":"1","QJ":"1","RP":"1","PQ":"1","PP":"1","QM":"1"}},"6J":{"R6":{"2G":"1"},"2M":{"XP":"1","XG":"1","XQ":"1","XH":"1"},"89":{"PH":"1","X7":"1","X6":"1","MG":"1","R9":"1","V9":"1","PG":"1","V7":"1","MH":"1"},"HM":{"VV":"1","VR":"1","WR":"1","XX":"1","VW":"1","WW":"1","WV":"1"},"3M":{"2G":"1","3Q":"1","4P":"1","2H":"1","3P":"1","3H":"1","2P":"1","2Q":"1","2J":"1","2M":"1","4J":"1","3R":"1","2R":"1","3J":"1","4M":"1","3M":"1"},"HP":{"X2":"1","W3":"1","X3":"1","W2":"1"},"X7":{"2H":"1","3V":"1","4W":"1","26":"1","3H":"1","4V":"1","2J":"1","2G":"1","3J":"1","3X":"1","3W":"1","4X":"1"},"2J":{"2W":"1","2R":"1","2V":"1"},"JM":{"2X":"1"},"W7":{"XG":"1","XH":"1"},"99":{"C9":"1","FC":"1","FF":"1","CF":"1","99":"1","CC":"1"},"XM":{"XG":"1","XF":"1"},"RG":{"MR":"1","MQ":"1","JR":"1","JQ":"1"}},"4M":{"X2":{"Q9":"1","P9":"1","W5":"1","QC":"1","W4":"1","PC":"1"},"R3":{"G6":"1","H7":"1","H9":"1","J7":"1","H8":"1","F8":"1","G8":"1","J8":"1","G7":"1","F7":"1"},"8G":{"H8":"1","RJ":"1","G7":"1","G8":"1","H7":"1"}},"6V":{"W3":{"48":"1","49":"1","4C":"1","59":"1"},"26":{"46":"1","93":"1","48":"1","44":"1","35":"1","7C":"1","38":"1","34":"1","37":"1","59":"1","54":"1","57":"1","94":"1","96":"1","R7":"1","26":"1","95":"1","77":"1","7G":"1","V6":"1","25":"1","36":"1","76":"1","7F":"1","75":"1","67":"1","87":"1","86":"1","49":"1","Q6":"1","73":"1","55":"1","65":"1","84":"1","64":"1","56":"1","47":"1","66":"1","R8":"1","74":"1","45":"1","R6":"1","79":"1","Q7":"1","78":"1","58":"1","V7":"1","R5":"1","83":"1","69":"1","85":"1","68":"1"},"87":{"83":"1","92":"1","82":"1","93":"1"},"35":{"9W":"1","7G":"1","7C":"1","6G":"1","9X":"1","7F":"1","6F":"1","6C":"1"},"V3":{"W9":"1","WC":"1","RG":"1","RH":"1"},"C2":{"MP":"1","QP":"1","PM":"1","PP":"1","MM":"1","MJ":"1"},"M6":{"C6":"1","97":"1","F6":"1","96":"1","C5":"1","F5":"1","F4":"1","C7":"1"}},"7R":{"XF":{"2G":"1","29":"1","26":"1","25":"1","28":"1","2H":"1","27":"1","2J":"1","2C":"1","2F":"1"},"WR":{"R5":"1","CG":"1","W6":"1","W3":"1","X4":"1","F6":"1","R8":"1","X9":"1","V6":"1","W2":"1","CF":"1","FH":"1","V5":"1","W8":"1","R7":"1","V7":"1","FC":"1","FG":"1","X3":"1","X7":"1","W7":"1","V2":"1","CC":"1","F7":"1","X6":"1","CJ":"1","X8":"1","FF":"1","W9":"1","V8":"1","XC":"1","W5":"1","CH":"1","R6":"1"},"VQ":{"9X":"1","7X":"1","7V":"1","8X":"1","7W":"1","8W":"1","6W":"1"},"3C":{"43":"1","22":"1","24":"1","26":"1","25":"1","42":"1","33":"1","32":"1","34":"1","23":"1"},"XR":{"32":"1","29":"1","CM":"1","G9":"1","GC":"1","2C":"1","43":"1","FJ":"1","CJ":"1","33":"1"},"5F":{"98":"1","89":"1","99":"1","86":"1","F8":"1","C6":"1","C8":"1","96":"1","88":"1","87":"1","97":"1","C7":"1","F7":"1"},"39":{"3X":"1"},"W2":{"W5":"1","W6":"1","V5":"1","V6":"1"},"VW":{"MC":"1","JM":"1","JC":"1","M9":"1","J9":"1","MM":"1","JJ":"1","MJ":"1"},"WV":{"F7":"1","C6":"1","F6":"1","C5":"1","C7":"1"},"WW":{"HH":"1","HF":"1","HG":"1","JF":"1","R2":"1","V3":"1","R3":"1","MG":"1","MF":"1","JH":"1","V2":"1","MH":"1","V4":"1","JJ":"1","JG":"1","JC":"1"},"Q2":{"MP":"1","PM":"1","MH":"1","JM":"1","PP":"1","MM":"1","JJ":"1","MJ":"1"},"WM":{"78":"1","6C":"1","3F":"1","9J":"1","7F":"1","8P":"1","4J":"1","9M":"1","4P":"1","79":"1","4M":"1","5J":"1","5F":"1","6M":"1","5C":"1","7M":"1","6G":"1","6P":"1","6H":"1","3J":"1","6F":"1","4H":"1","5G":"1","7C":"1","58":"1","7J":"1","6J":"1","8J":"1","3G":"1","7P":"1","59":"1","3H":"1","4F":"1","5P":"1","8H":"1","77":"1","8G":"1","5Q":"1","7G":"1","4G":"1","5H":"1","7H":"1","8F":"1","67":"1","89":"1","69":"1","8C":"1","68":"1","8M":"1","5M":"1","4C":"1"},"X7":{"JF":"1","MF":"1","JC":"1"},"WC":{"XX":"1"},"VR":{"83":"1","73":"1","92":"1","82":"1","72":"1"},"XQ":{"H2":"1","G4":"1","G2":"1","H4":"1","G3":"1","H3":"1"},"WP":{"F7":"1","G6":"1","F6":"1","G5":"1","F5":"1"},"VF":{"PG":"1","MC":"1","MH":"1","MF":"1","PH":"1","PF":"1","MG":"1"},"2C":{"W8":"1","X5":"1","W7":"1","W6":"1","W9":"1","X7":"1","X6":"1","W4":"1","X4":"1","X2":"1","X8":"1","W5":"1","X3":"1"},"WF":{"XH":"1","R5":"1","RH":"1","XF":"1","W6":"1","QH":"1","P9":"1","W3":"1","X4":"1","RC":"1","R8":"1","X9":"1","PG":"1","PF":"1","V3":"1","V6":"1","W2":"1","XM":"1","XG":"1","RG":"1","Q9":"1","QF":"1","RQ":"1","RF":"1","QG":"1","RJ":"1","W8":"1","V5":"1","R7":"1","PH":"1","Q5":"1","VG":"1","Q7":"1","V7":"1","WM":"1","XJ":"1","X3":"1","X7":"1","WC":"1","XQ":"1","WP":"1","XP":"1","W7":"1","V2":"1","PJ":"1","PC":"1","VF":"1","X6":"1","RP":"1","RM":"1","X2":"1","WH":"1","W4":"1","X8":"1","VJ":"1","QC":"1","WG":"1","R9":"1","QP":"1","W9":"1","Q8":"1","WF":"1","VH":"1","V8":"1","XC":"1","WJ":"1","VC":"1","QQ":"1","QJ":"1","W5":"1","WQ":"1","V4":"1","R4":"1","Q6":"1","X5":"1","QM":"1","VM":"1","R6":"1","V9":"1","PM":"1"},"WQ":{"MP":"1","JP":"1","85":"1","97":"1","JM":"1","MQ":"1","95":"1","WX":"1","96":"1","MM":"1","86":"1"}}}}