{"index":{"university,1|retail,2|tourism,3|wreck,4|historical,5|artsCulture,6|namedBuilding,7|water,8|wetland,9|park,10|beach,11|natureReserve,12|cemetery,13|trail,14":{}},"9H":{"2C":{"4H":{"RC":"1"},"F4":{"2W":"1"}},"77":{"28":{"2F":"1"},"HW":{"45":"1","44":"1","35":"1","34":"1"},"VP":{"85":"1","84":"1"},"CJ":{"29":"1","2C":"1"},"GF":{"M8":"1","M7":"1","J8":"1"},"R2":{"HW":"1","GW":"1","HR":"1","GV":"1","GR":"1","HV":"1"},"6W":{"G4":"1","H4":"1"}},"84":{"64":{"RQ":"1","RR":"1","HH":"1","GH":"1"},"6M":{"3V":"1"}},"95":{"83":{"HR":"1","JR":"1","JV":"1","HV":"1"},"VQ":{"CX":"1","CW":"1"}},"24":{"Q2":{"RX":"1","RW":"1","VV":"1","VX":"1","VW":"1","RH":"1"},"GM":{"JF":"1","JC":"1"}},"93":{"4P":{"4P":"1","4M":"1"},"Q2":{"37":"1","X3":"1"},"P2":{"W6":"1","X7":"1","X6":"1","PX":"1","J7":"1","MX":"1","J8":"1","W5":"1"},"74":{"87":"1","88":"1","78":"1","77":"1"},"FF":{"3V":"1","2V":"1"},"P3":{"M4":"1","P3":"1","M5":"1","J2":"1","P4":"1","M2":"1","M3":"1","P2":"1"},"R2":{"23":"1"},"C5":{"Q4":"1","Q3":"1"},"6W":{"4P":"1","FC":"1","GC":"1","4Q":"1","FF":"1","4J":"1","GF":"1"}},"9Q":{"X9":{"23":"1","22":"1","24":"1"},"W9":{"X2":"1","X3":"1","W2":"1","X4":"1"},"7F":{"QF":"1"},"P9":{"FM":"1","CM":"1","FJ":"1","CJ":"1"},"7C":{"GV":"1"},"XX":{"X2":"1"}},"C4":{"99":{"Q4":"1"},"98":{"FV":"1"}},"2W":{"7C":{"6Q":"1","6R":"1"}},"63":{"W9":{"QW":"1","QV":"1"},"9W":{"9M":"1","CM":"1","9P":"1","CP":"1"},"WC":{"J5":"1"},"2P":{"H8":"1","F9":"1","H7":"1"}},"8J":{"X6":{"83":"1","92":"1","G2":"1","G3":"1","82":"1","93":"1","F3":"1"},"C6":{"V3":"1","R2":"1","V2":"1"},"C5":{"RX":"1"},"X5":{"9X":"1","8X":"1"}},"F4":{"XQ":{"C6":"1","96":"1"}},"CF":{"HJ":{"PG":"1","JP":"1","HJ":"1"},"JJ":{"6Q":"1","39":"1","38":"1","48":"1","49":"1","6P":"1"},"FP":{"R5":"1","R4":"1"},"JH":{"2W":"1"},"HM":{"RJ":"1","8P":"1","8Q":"1","9P":"1","R9":"1","V8":"1","W4":"1","V9":"1","9Q":"1","RM":"1","RG":"1","RH":"1","R8":"1"},"JP":{"6X":"1"},"JM":{"64":"1","28":"1","36":"1","29":"1","2M":"1","39":"1","3M":"1","38":"1","27":"1","4C":"1","63":"1","2P":"1"}},"8P":{"Q4":{"HQ":"1","HM":"1","HP":"1","GP":"1","HJ":"1","JH":"1","JJ":"1","GM":"1"},"36":{"XG":"1","WH":"1","RW":"1","XJ":"1","VV":"1","RV":"1","WJ":"1","XH":"1","VW":"1"},"37":{"VC":"1","WF":"1","WC":"1","QV":"1","VF":"1","V9":"1"},"75":{"GQ":"1","GP":"1"},"Q5":{"64":"1","76":"1","75":"1","65":"1","85":"1","86":"1","77":"1"},"P5":{"R5":"1","R6":"1","Q5":"1"},"6P":{"W9":"1"}},"3R":{"Q9":{"FG":"1","GG":"1","GH":"1","CJ":"1","CF":"1","FJ":"1","FH":"1","FF":"1","CG":"1","CH":"1"}},"28":{"XW":{"3V":"1","3W":"1","4W":"1","2X":"1","3X":"1","4X":"1","4V":"1"},"2V":{"PW":"1","QW":"1","QX":"1","PX":"1"},"XX":{"43":"1","45":"1","22":"1","54":"1","24":"1","26":"1","56":"1","25":"1","42":"1","55":"1","46":"1","33":"1","44":"1","35":"1","32":"1","34":"1","23":"1","36":"1"}},"22":{"RH":{"QQ":"1","FW":"1","PQ":"1","JH":"1","GM":"1"},"F3":{"4W":"1","4R":"1","5R":"1","4V":"1","5V":"1","5X":"1","5W":"1"}},"67":{"64":{"MP":"1","JP":"1","JW":"1","MQ":"1","JV":"1","GR":"1","JQ":"1"},"X8":{"XF":"1"},"44":{"GC":"1","JH":"1","GF":"1"},"C8":{"87":"1"},"54":{"8J":"1","9M":"1","6X":"1","5X":"1","5W":"1","9J":"1","8M":"1"},"CR":{"JF":"1","QG":"1"},"55":{"QH":"1","MM":"1","RC":"1","PG":"1","65":"1","PQ":"1","CF":"1","RQ":"1","QG":"1","HR":"1","55":"1","PH":"1","VG":"1","63":"1","JQ":"1","64":"1","48":"1","JR":"1","WP":"1","66":"1","PJ":"1","RP":"1","WH":"1","67":"1","QP":"1","PP":"1","QJ":"1","QM":"1","VP":"1","MQ":"1","62":"1","PM":"1"}},"48":{"7C":{"7J":"1","6J":"1","5H":"1","4H":"1"}},"HM":{"PP":{"F2":"1","C2":"1"}},"6X":{"89":{"7P":"1","8P":"1","7H":"1","6Q":"1","8Q":"1","6H":"1","7Q":"1","6P":"1"},"7C":{"J3":"1"},"9C":{"6R":"1","7V":"1","6V":"1","7W":"1","7R":"1","6W":"1"}},"H7":{"HW":{"5Q":"1"}},"H9":{"85":{"7F":"1","88":"1","7G":"1","8G":"1","78":"1"},"4X":{"C9":"1"}},"6J":{"W8":{"23":"1","38":"1","6C":"1","69":"1"},"W7":{"4F":"1","5F":"1","2G":"1","59":"1","58":"1","2M":"1","2F":"1","3M":"1","4G":"1"},"JC":{"4X":"1"},"HC":{"RM":"1","XQ":"1","XP":"1","RJ":"1","QJ":"1","VJ":"1","VM":"1"},"GQ":{"PQ":"1","PP":"1"},"44":{"6V":"1"},"JF":{"42":"1"},"GR":{"GQ":"1","JF":"1","P5":"1","P4":"1","JG":"1","MF":"1","GP":"1","JC":"1","HH":"1","FP":"1","GJ":"1","HJ":"1","MG":"1","GH":"1","GR":"1"},"V8":{"X8":"1","W8":"1","W7":"1"}},"43":{"MC":{"X9":"1","XC":"1"},"HF":{"QW":"1","VX":"1","WX":"1","WW":"1","WV":"1"},"PF":{"76":"1","3C":"1","29":"1","X2":"1","94":"1","X3":"1","W2":"1","F2":"1","C4":"1","2C":"1","97":"1","J8":"1","87":"1","96":"1","F5":"1","F4":"1","86":"1","F3":"1"},"QC":{"89":"1","5H":"1","3H":"1","3G":"1","3J":"1","4H":"1"},"QF":{"23":"1","22":"1"},"PC":{"H4":"1","6C":"1","J6":"1","G7":"1","5F":"1","G9":"1","5C":"1","C9":"1","87":"1","C7":"1","6F":"1","W8":"1","F9":"1","FC":"1","M6":"1","F8":"1","H6":"1","X7":"1","WC":"1","G5":"1","CC":"1","VX":"1","F7":"1","H7":"1","G6":"1","H8":"1","X6":"1","J5":"1","X8":"1","J7":"1","89":"1","C8":"1","J4":"1","W9":"1","G8":"1","H5":"1","M5":"1","88":"1"}},"82":{"4F":{"X2":"1"},"5F":{"36":"1","75":"1","35":"1","77":"1"},"59":{"8X":"1"},"4C":{"H4":"1","R5":"1","J6":"1","R8":"1","PG":"1","R2":"1","RG":"1","QG":"1","WV":"1","MF":"1","R7":"1","Q7":"1","M6":"1","G6":"1","VJ":"1","R9":"1","J4":"1","Q8":"1","MC":"1","V8":"1","WJ":"1","H5":"1","Q6":"1","R6":"1","V9":"1","M7":"1"},"48":{"6X":"1","7R":"1"},"XX":{"7X":"1","8X":"1","WR":"1","XJ":"1","WQ":"1","WM":"1","XP":"1","WJ":"1","XM":"1","7C":"1","7W":"1","69":"1","G8":"1","7V":"1","8V":"1","C7":"1","8W":"1","6C":"1"},"CF":{"82":"1"},"VH":{"F8":"1","F9":"1"},"WX":{"XP":"1","WP":"1","WQ":"1"},"PG":{"J8":"1","J9":"1"},"49":{"WH":"1","44":"1","H5":"1","P7":"1","34":"1","9C":"1","GW":"1","HV":"1","9G":"1","6F":"1","XC":"1","GP":"1","33":"1","HR":"1","5C":"1","QW":"1","9H":"1","HW":"1","43":"1","WJ":"1","VP":"1","XX":"1","VF":"1","WC":"1","WG":"1","GQ":"1","GV":"1","JR":"1","H4":"1","6C":"1","Q7":"1","Q8":"1","5F":"1","WF":"1","JV":"1","XF":"1","P8":"1","FJ":"1","RX":"1","QX":"1"},"CC":{"GW":"1","8X":"1"},"5C":{"83":"1","3H":"1","82":"1"},"XW":{"XP":"1","XQ":"1","XR":"1","PX":"1"},"36":{"X2":"1","W3":"1","X3":"1","W2":"1"},"67":{"CC":"1"}},"72":{"WG":{"48":"1"},"X2":{"RC":"1","R9":"1"},"JM":{"83":"1","94":"1","84":"1","93":"1","48":"1"},"WW":{"J4":"1"},"JJ":{"HW":"1","7W":"1","6W":"1"}},"3H":{"5F":{"2J":"1"},"57":{"9X":"1","9W":"1"},"59":{"VG":"1","WC":"1","VF":"1","RG":"1"},"69":{"78":"1","3F":"1","CG":"1","49":"1","3C":"1","5F":"1","C9":"1","CF":"1","4R":"1","9C":"1","6F":"1","R7":"1","QR":"1","F4":"1","FG":"1","59":"1","CC":"1","29":"1","F3":"1","67":"1","2C":"1","FF":"1","69":"1","57":"1","Q6":"1","88":"1","R6":"1"},"58":{"G6":"1","H7":"1","G5":"1","RF":"1","H6":"1","H3":"1","G4":"1","J7":"1","J6":"1","H8":"1","H5":"1","G8":"1","G3":"1","G7":"1","J5":"1","H4":"1"},"6F":{"R3":"1","V3":"1","V4":"1","R2":"1","V2":"1"},"6C":{"VC":"1","X8":"1","F2":"1","X7":"1","RC":"1","R9":"1","V9":"1","F3":"1"}},"89":{"4P":{"79":"1","78":"1"},"57":{"23":"1","22":"1"},"4G":{"F2":"1","F7":"1","G4":"1","G2":"1","G3":"1","F4":"1","F3":"1"},"37":{"JQ":"1","P9":"1","MQ":"1","QG":"1","JP":"1","PJ":"1","JR":"1","VG":"1"},"45":{"M7":"1","XJ":"1","M6":"1","J7":"1","XM":"1","XX":"1","J6":"1","H8":"1","WX":"1","RX":"1","QW":"1","QX":"1","XW":"1","WW":"1"},"4F":{"6R":"1","6X":"1","8W":"1"},"46":{"G2":"1","R5":"1","XF":"1","JV":"1","RC":"1","JW":"1","C3":"1","HX":"1","R2":"1","V6":"1","RG":"1","QF":"1","RF":"1","R3":"1","QG":"1","F2":"1","V5":"1","QX":"1","VG":"1","QV":"1","Q2":"1","GX":"1","F4":"1","G3":"1","GW":"1","WC":"1","VF":"1","WH":"1","F3":"1","HW":"1","QC":"1","WG":"1","W9":"1","WF":"1","VH":"1","XC":"1","JX":"1","QW":"1","R6":"1"},"W7":{"M4":"1","P2":"1","M2":"1","M3":"1"},"49":{"F3":"1"},"JR":{"MP":"1","MR":"1","PR":"1","MQ":"1","PV":"1"},"JV":{"RM":"1","JQ":"1","RF":"1","CM":"1","CP":"1","MQ":"1","RG":"1","RP":"1","RJ":"1","MP":"1","RH":"1","XH":"1","RV":"1","VF":"1","HR":"1","XX":"1","MR":"1","QG":"1","VH":"1","QR":"1","VJ":"1","QV":"1","WG":"1","VP":"1","JV":"1","JR":"1","VG":"1","RR":"1","PQ":"1","HV":"1","VM":"1"},"55":{"2M":"1","2J":"1"},"47":{"HJ":"1","G6":"1","G5":"1","QP":"1","R2":"1","26":"1","PM":"1","Q2":"1","GM":"1","W3":"1","P3":"1","GJ":"1","J2":"1","2P":"1","Q3":"1","2M":"1","HM":"1","QM":"1","76":"1","PP":"1","36":"1","H2":"1","CH":"1"},"WW":{"83":"1","92":"1","84":"1","82":"1","93":"1","C2":"1"},"WV":{"9X":"1","9W":"1","CX":"1","8X":"1","CW":"1"},"JQ":{"PV":"1"}},"4C":{"JX":{"6C":"1","69":"1"},"2Q":{"FM":"1","HM":"1","HP":"1","GP":"1","FP":"1","GM":"1"}},"FR":{"CQ":{"2R":"1","6M":"1","6P":"1"},"JQ":{"RH":"1"},"W7":{"WW":"1"},"MQ":{"2G":"1","95":"1","2F":"1"},"MP":{"9X":"1","9W":"1","V5":"1","V6":"1"},"9Q":{"XP":"1","WP":"1"},"CR":{"6Q":"1","82":"1","5M":"1","6P":"1","5Q":"1","6M":"1","6R":"1"},"PP":{"CH":"1","CG":"1","24":"1"}},"MV":{"R7":{"RW":"1"}},"26":{"XQ":{"HQ":"1","JP":"1","HP":"1","GC":"1","GF":"1"},"8Q":{"9X":"1"},"8R":{"92":"1","3H":"1","2J":"1","3J":"1","C2":"1"}},"FP":{"2M":{"C9":"1","C8":"1","87":"1","99":"1","96":"1","86":"1","98":"1"}},"98":{"MH":{"FW":"1","FR":"1","CR":"1","CW":"1","CV":"1","FV":"1"},"9C":{"FQ":"1","CQ":"1","FR":"1","CR":"1","CP":"1"},"5G":{"GW":"1","FR":"1"},"MJ":{"G9":"1"}},"68":{"RJ":{"G4":"1"},"VJ":{"32":"1","22":"1"},"C8":{"H8":"1","H9":"1","G9":"1","G8":"1"},"6X":{"2J":"1"},"FP":{"JC":"1"},"5X":{"XJ":"1","WH":"1","XP":"1","WJ":"1","XH":"1","XM":"1","WG":"1","VM":"1"},"VH":{"2X":"1","3X":"1"},"RH":{"XP":"1","WP":"1","XQ":"1","XR":"1","WQ":"1"}},"8V":{"HQ":{"X9":"1","XC":"1"},"HP":{"JW":"1"},"QV":{"VM":"1"},"JQ":{"C9":"1","FC":"1","F7":"1","F8":"1","F9":"1","C7":"1"}},"5Q":{"HW":{"QP":"1"},"9X":{"22":"1"},"9W":{"8J":"1","2X":"1"},"JX":{"C9":"1","53":"1","52":"1","C8":"1","82":"1","22":"1","RF":"1","72":"1"},"JW":{"XV":"1","P6":"1","GJ":"1","JF":"1","PQ":"1","XM":"1","P3":"1","JM":"1","RW":"1","Q7":"1","PR":"1","QV":"1","F9":"1","F8":"1","M3":"1","VR":"1","XP":"1","P7":"1","RR":"1","M2":"1","PP":"1","MC":"1","GM":"1","QW":"1","QQ":"1","Q6":"1","JP":"1","MQ":"1","JC":"1"},"8X":{"X2":"1"},"JV":{"7X":"1"},"8W":{"RX":"1","RW":"1","VX":"1","XX":"1","VW":"1"}},"7M":{"85":{"4J":"1"},"P4":{"92":"1","82":"1"},"P3":{"9M":"1","CX":"1","9J":"1","8M":"1"},"WW":{"36":"1","26":"1"}},"9F":{"HW":{"3V":"1","96":"1"},"4X":{"8J":"1","3Q":"1"}},"VM":{"J2":{"R2":"1"}},"94":{"C4":{"R5":"1","R6":"1","V5":"1","V6":"1"},"C5":{"V7":"1","V6":"1"},"F5":{"89":"1","99":"1","9C":"1","88":"1","8C":"1","98":"1"}},"4R":{"5H":{"WP":"1","WM":"1"},"PH":{"5W":"1","5X":"1","4W":"1","6W":"1","5V":"1","4V":"1","6X":"1"},"PJ":{"62":"1","53":"1","52":"1","43":"1","42":"1"}},"4X":{"3P":{"Q9":"1","Q8":"1"}},"9P":{"VP":{"MR":"1","MQ":"1","JR":"1","MV":"1","JQ":"1"},"22":{"W5":"1","W4":"1"}},"29":{"MC":{"JV":"1"}},"HJ":{"W8":{"RH":"1"}},"92":{"2W":{"3Q":"1","3V":"1","2V":"1","2P":"1","2Q":"1","MW":"1","3R":"1","2W":"1","2R":"1","JW":"1"},"V7":{"76":"1","66":"1","67":"1","77":"1"},"RW":{"2C":"1"},"PW":{"Q9":"1","MC":"1","M8":"1","P8":"1","M7":"1","P9":"1","PF":"1","QC":"1","M9":"1","PC":"1"},"QW":{"GJ":"1","6M":"1","6R":"1","5V":"1","VW":"1","FH":"1","QR":"1","6J":"1","F9":"1","6Q":"1","GH":"1","HJ":"1","CV":"1","FJ":"1","G5":"1","PC":"1","GG":"1","8H":"1","CJ":"1","99":"1","FF":"1","89":"1","6V":"1","GM":"1","XC":"1","5R":"1","H5":"1","HM":"1","88":"1","98":"1"},"2X":{"2M":"1","49":"1","2P":"1","2Q":"1","HF":"1","4J":"1","95":"1","C5":"1","C9":"1","5V":"1","4H":"1","58":"1","4V":"1","59":"1","HC":"1","4W":"1","94":"1","93":"1","88":"1","4C":"1"},"QX":{"32":"1","43":"1","42":"1","33":"1"},"PX":{"RQ":"1","QQ":"1","QP":"1","QR":"1","PM":"1","RR":"1","RP":"1","PJ":"1"}},"C8":{"WP":{"FM":"1","GP":"1","FP":"1","FJ":"1","GJ":"1","GM":"1"}},"3X":{"2V":{"MR":"1","MQ":"1","JR":"1","JV":"1","JQ":"1"}},"97":{"FQ":{"7Q":"1","7P":"1"},"VQ":{"7Q":"1","78":"1"}},"CX":{"PF":{"3G":"1","3F":"1"},"JV":{"5P":"1","6M":"1","5M":"1"},"5M":{"7X":"1","7V":"1","7R":"1"}},"6W":{"VC":{"9F":"1"},"P5":{"RQ":"1","VQ":"1","RR":"1","VR":"1"},"RC":{"7V":"1","7R":"1"},"WR":{"M2":"1","M3":"1"},"W5":{"HF":"1"},"W4":{"GQ":"1","HQ":"1","HR":"1","GR":"1"},"RF":{"C3":"1","C4":"1"}},"87":{"RC":{"QP":"1"},"22":{"7Q":"1","8P":"1","8Q":"1","7P":"1","7R":"1","8R":"1"}},"7R":{"22":{"J9":"1"}},"65":{"CQ":{"JF":"1","9V":"1","JM":"1","CR":"1","CV":"1","JJ":"1"},"W8":{"G6":"1","G5":"1","Q4":"1","Q3":"1","G7":"1","7V":"1","8V":"1","F6":"1","GX":"1"},"W9":{"G2":"1"},"VR":{"5G":"1","6G":"1"},"2V":{"GX":"1","HX":"1"},"J6":{"P2":"1","P3":"1","M2":"1","M3":"1"},"2W":{"M7":"1","H3":"1","J7":"1","G2":"1","M8":"1","J8":"1","H2":"1"},"36":{"HR":"1"},"9R":{"HH":"1","HJ":"1","JH":"1","JJ":"1"}},"H8":{"7J":{"4R":"1"},"6J":{"VG":"1"},"7V":{"2C":"1"},"6M":{"R2":"1"},"7M":{"76":"1","FW":"1","FV":"1"}},"7G":{"9M":{"29":"1","2C":"1"}},"MP":{"JR":{"RW":"1","RV":"1"}},"4H":{"Q5":{"X9":"1","W9":"1","W8":"1"},"J7":{"FC":"1","FF":"1","CF":"1","CC":"1"}},"8G":{"62":{"G3":"1"},"6H":{"XJ":"1","XH":"1","XM":"1"},"7H":{"2H":"1","2M":"1","3H":"1","2J":"1","2G":"1","3J":"1","2P":"1"},"2C":{"5F":"1","5G":"1"},"GJ":{"RV":"1"}},"8W":{"CG":{"2W":"1"}},"G8":{"Q8":{"98":"1","72":"1","65":"1","64":"1","F5":"1","75":"1","C6":"1","74":"1","97":"1","37":"1","F6":"1","C5":"1"},"Q7":{"7X":"1"}},"5G":{"64":{"2F":"1","5F":"1","5C":"1","7V":"1","8V":"1","6G":"1","28":"1","3J":"1","6F":"1","5G":"1","2H":"1","6X":"1","24":"1","7W":"1","2G":"1","7X":"1","3H":"1","27":"1","25":"1","2C":"1","7R":"1","23":"1","8W":"1"},"57":{"X4":"1","X5":"1"},"76":{"2J":"1"},"66":{"M7":"1","86":"1","63":"1","73":"1","4H":"1","PC":"1","65":"1","64":"1","5J":"1","XJ":"1","7H":"1","8J":"1","M6":"1","75":"1","W3":"1","XH":"1","R7":"1","V3":"1","7C":"1","82":"1","69":"1","6H":"1","7J":"1","MX":"1","3H":"1","92":"1","MW":"1","96":"1","V7":"1","79":"1","5H":"1","74":"1","6W":"1","87":"1","RX":"1","8H":"1","97":"1","JW":"1","85":"1","3G":"1","6C":"1","6J":"1","JX":"1","6X":"1","5G":"1","4G":"1"},"62":{"JX":"1"},"8V":{"GQ":"1","HQ":"1","HR":"1","HP":"1","GR":"1"},"65":{"FV":"1","CG":"1","2G":"1","FF":"1","7C":"1","4Q":"1","5H":"1","JP":"1","GW":"1","FC":"1","8C":"1","FP":"1","7G":"1","7F":"1","75":"1","MV":"1","6H":"1","6F":"1","CC":"1","FG":"1","8G":"1","2C":"1","7H":"1","29":"1","55":"1","8X":"1","65":"1","MW":"1","64":"1","72":"1","8F":"1","JQ":"1","74":"1","GQ":"1","9X":"1","FQ":"1","MP":"1","GV":"1","45":"1","JR":"1","5G":"1","6G":"1","JV":"1","62":"1","28":"1","JW":"1","CF":"1"},"53":{"HJ":"1","VR":"1","MG":"1","PX":"1","RV":"1","WV":"1","WX":"1","RX":"1","QW":"1","VW":"1","PQ":"1","RR":"1","PV":"1","PW":"1","MH":"1","WW":"1"},"7H":{"8G":"1","8F":"1","89":"1","7H":"1","7G":"1","9F":"1","9C":"1","8H":"1","8C":"1"},"54":{"XG":"1","WH":"1","VP":"1","WM":"1","X3":"1","VJ":"1","JG":"1","MH":"1","X4":"1","WJ":"1","W4":"1","JH":"1","XH":"1","V4":"1","MG":"1","QF":"1","WW":"1","WV":"1","VM":"1"},"G4":{"6X":"1","6V":"1","6W":"1"},"87":{"3H":"1","3J":"1"},"43":{"7C":"1","6C":"1","69":"1","79":"1"},"F9":{"VW":"1"},"56":{"XG":"1","X8":"1","X7":"1","W8":"1","WC":"1","W7":"1"},"67":{"8P":"1","F6":"1","9M":"1","8R":"1","R2":"1","V3":"1","3M":"1","C6":"1","R3":"1","8Q":"1","3J":"1","C7":"1","4H":"1","9V":"1","24":"1","FV":"1","9R":"1","25":"1","V2":"1","F7":"1","9P":"1","4G":"1","8F":"1","QP":"1","9F":"1","23":"1","8W":"1","22":"1","8M":"1","QM":"1"},"55":{"X6":"1","V7":"1","W7":"1","W6":"1","V6":"1"},"63":{"J2":"1","H2":"1","J3":"1","H3":"1"},"86":{"VC":"1","WF":"1","RC":"1","R9":"1","WC":"1","V9":"1"}},"42":{"WG":{"G4":"1","G5":"1","F5":"1","F4":"1"},"VG":{"R4":"1","V4":"1","V5":"1"},"VF":{"QJ":"1","RV":"1","W7":"1","WX":"1","W6":"1","WW":"1","VW":"1","PJ":"1","QM":"1"}},"3P":{"5X":{"4F":"1"},"33":{"VQ":"1","VR":"1"}},"5X":{"93":{"Q7":"1"},"GR":{"FG":"1","C6":"1","95":"1","96":"1","FH":"1","C5":"1"}},"34":{"94":{"C8":"1","97":"1","C7":"1"},"84":{"WG":"1","WH":"1"},"93":{"7F":"1","7H":"1","99":"1","9C":"1"}},"FV":{"2M":{"XW":"1","P2":"1","M2":"1","XX":"1"},"5H":{"6F":"1","6G":"1"},"2J":{"MW":"1","MX":"1","PW":"1","PX":"1"}},"49":{"29":{"PH":"1","XH":"1"},"39":{"2M":"1","2P":"1","2Q":"1","4J":"1","M8":"1","4P":"1","4M":"1","5J":"1","3M":"1","4Q":"1","2R":"1","4R":"1","3J":"1","55":"1","5P":"1","5Q":"1","3Q":"1","3P":"1","3R":"1","5M":"1"},"2R":{"49":"1"},"2Q":{"JH":"1","F9":"1","C9":"1","GQ":"1","CC":"1","JF":"1","5Q":"1","9C":"1","JR":"1"}},"37":{"HW":{"XP":"1","RJ":"1","QJ":"1","XJ":"1","QH":"1","XH":"1","XM":"1","RH":"1"},"JF":{"P3":"1"},"GW":{"2H":"1","2G":"1"},"JX":{"2H":"1","28":"1","29":"1","2M":"1","2J":"1","27":"1"},"GX":{"HH":"1","P9":"1","MM":"1","PG":"1","8R":"1","HG":"1","8V":"1","MX":"1","Q9":"1","28":"1","JM":"1","PH":"1","9V":"1","Q7":"1","GH":"1","HJ":"1","JH":"1","9R":"1","PJ":"1","GG":"1","67":"1","Q8":"1","MP":"1","HM":"1","68":"1","JP":"1","JJ":"1","P8":"1","JG":"1","MQ":"1","MW":"1","PM":"1"},"FW":{"Q9":"1","XQ":"1","XR":"1","G4":"1","RC":"1","R9":"1","XH":"1","G5":"1","F5":"1","F4":"1","F3":"1"},"HX":{"X9":"1","M4":"1","HG":"1","GG":"1","XJ":"1","9P":"1","XH":"1","P3":"1","M5":"1","3X":"1","FF":"1","X8":"1","M2":"1","M3":"1","HF":"1","MH":"1","P2":"1"},"JW":{"2H":"1","3P":"1","3H":"1","2P":"1","2J":"1","2M":"1","3J":"1","3M":"1"},"CW":{"X4":"1"}},"4G":{"3V":{"V7":"1","V8":"1"},"9F":{"X4":"1","X5":"1"}},"9H":{"3R":{"JH":"1","JJ":"1"}},"8H":{"W3":{"R6":"1"},"63":{"H9":"1","J8":"1"}},"7F":{"R2":{"GP":"1"},"V6":{"76":"1","66":"1","89":"1","C8":"1","67":"1","C7":"1"},"Q5":{"45":"1","63":"1","2G":"1","2H":"1","Q5":"1","WF":"1","WC":"1","7C":"1","3H":"1","2Q":"1","44":"1","79":"1","3G":"1","5R":"1"},"P5":{"98":"1","J9":"1","PC":"1","RJ":"1","RH":"1","VH":"1","M8":"1","MC":"1","VJ":"1","88":"1","87":"1","M9":"1","97":"1","C5":"1"},"Q4":{"FV":"1","RR":"1","G8":"1","RQ":"1","WV":"1","VM":"1","4H":"1","WH":"1","M8":"1","QR":"1","PH":"1","C3":"1","MG":"1","XV":"1","HQ":"1","C9":"1","9W":"1","FC":"1","XR":"1","V6":"1","HC":"1","MV":"1","FR":"1","F6":"1","CC":"1","QC":"1","V9":"1","F9":"1","VV":"1","RF":"1","C6":"1","RC":"1","VQ":"1","WM":"1","WP":"1","MW":"1","WJ":"1","RP":"1","QM":"1","VP":"1","VF":"1","WG":"1","PG":"1","WQ":"1","R8":"1","74":"1","RM":"1","9X":"1","J8":"1","QP":"1","RJ":"1","W7":"1","WR":"1","J7":"1","VJ":"1","WF":"1","MM":"1","V7":"1","H9":"1","P9":"1","VH":"1","23":"1","VC":"1","R5":"1","VR":"1","P8":"1","R9":"1","W8":"1","Q4":"1"},"V3":{"5J":"1","4P":"1","3W":"1","3X":"1","88":"1","5H":"1","87":"1","2W":"1","78":"1"},"R4":{"MM":"1","CQ":"1","FM":"1","Q6":"1","PM":"1","CM":"1","9P":"1","CP":"1","FP":"1","FQ":"1","MP":"1","9Q":"1","Q7":"1","P7":"1","P6":"1","PP":"1"},"R3":{"5F":"1","8P":"1","GH":"1","3C":"1","8Q":"1","M8":"1","8V":"1","M9":"1","2C":"1","8W":"1","5C":"1"},"Q3":{"CV":"1"},"V4":{"64":"1","73":"1","74":"1","53":"1","54":"1","63":"1"},"P4":{"R5":"1","R4":"1","V4":"1","V5":"1"},"R6":{"25":"1","35":"1","34":"1","24":"1","33":"1"},"R5":{"4P":"1","2H":"1","9H":"1","W3":"1","FM":"1","9X":"1","6H":"1","9W":"1","6J":"1","W2":"1","5H":"1","2V":"1","CH":"1","2J":"1","7P":"1","2G":"1","5P":"1","FJ":"1","4M":"1","V3":"1","5M":"1","5J":"1","V2":"1"},"V2":{"C9":"1","C8":"1","99":"1","9C":"1","98":"1"}},"3Q":{"WP":{"M4":"1","J4":"1","M2":"1","J3":"1","M3":"1"},"WM":{"MX":"1"},"Q5":{"H2":"1","F5":"1","F4":"1"},"Q2":{"RP":"1"},"Q4":{"VW":"1","WV":"1","VM":"1","XJ":"1","93":"1","44":"1","F4":"1","CQ":"1","H5":"1","G5":"1","F3":"1","G6":"1","CX":"1","XV":"1","54":"1","96":"1","95":"1","FP":"1","77":"1","VX":"1","76":"1","75":"1","67":"1","CR":"1","87":"1","92":"1","86":"1","VV":"1","XM":"1","WX":"1","G3":"1","9R":"1","R2":"1","WW":"1","8F":"1","66":"1","74":"1","9X":"1","FQ":"1","H6":"1","H4":"1","G4":"1","53":"1","WR":"1","VJ":"1","78":"1","62":"1","85":"1","68":"1"},"R4":{"XG":"1","65":"1","85":"1","RW":"1","VJ":"1","VG":"1","RV":"1","95":"1","96":"1","VH":"1","86":"1","3P":"1","2P":"1"},"R3":{"7M":"1"},"Q3":{"CG":"1","XV":"1","9M":"1","6P":"1","HR":"1","JM":"1","CQ":"1","6X":"1","6J":"1","WC":"1","9R":"1","9Q":"1","6V":"1","W9":"1","VC":"1","JJ":"1","CR":"1","V9":"1"},"V4":{"2G":"1"},"P4":{"57":"1","67":"1"},"V2":{"24":"1"}},"P2":{"FQ":{"M9":"1"},"HP":{"V6":"1"},"CH":{"MW":"1","JW":"1","JV":"1","MV":"1"},"HG":{"4F":"1","7X":"1","PH":"1","4H":"1","29":"1","28":"1","6Q":"1","6H":"1","7Q":"1","7V":"1","PJ":"1","2C":"1","2F":"1","6C":"1","6X":"1"},"HH":{"RQ":"1","XG":"1","QQ":"1","QP":"1"},"CR":{"57":"1","5F":"1","4G":"1","4F":"1","6C":"1","48":"1","5G":"1","47":"1","58":"1"},"GG":{"PR":"1","MJ":"1","PH":"1","HW":"1","P8":"1","XP":"1","JH":"1","R7":"1","MX":"1","XF":"1","MW":"1","V7":"1","R8":"1","JG":"1","PJ":"1","JW":"1","HV":"1","V8":"1","MH":"1","JX":"1","HX":"1"},"CJ":{"JC":"1"},"GJ":{"F3":"1"},"JH":{"2H":"1","3H":"1","3G":"1","2J":"1","2G":"1","3J":"1","2F":"1"},"GM":{"98":"1","8G":"1","8F":"1","99":"1","7H":"1","7G":"1","7C":"1","6G":"1","6H":"1","7J":"1","C9":"1","7F":"1","2J":"1","C8":"1","CC":"1","9C":"1","8H":"1","8C":"1","6J":"1"},"GH":{"J6":"1","P9":"1","M8":"1","P6":"1","G7":"1","J2":"1","H3":"1","QF":"1","Q7":"1","GV":"1","M9":"1","H6":"1","M3":"1","P7":"1","G5":"1","PC":"1","H7":"1","G6":"1","H8":"1","J7":"1","J8":"1","J3":"1","Q6":"1","J9":"1","P8":"1","H2":"1"}},"46":{"F6":{"63":"1","M5":"1","M6":"1","J5":"1"}},"J2":{"Q8":{"89":"1"},"W4":{"PQ":"1","PR":"1"}},"73":{"8J":{"VG":"1"},"VQ":{"86":"1"}},"VJ":{"JX":{"MQ":"1","VW":"1"}},"45":{"6Q":{"X3":"1","X4":"1"},"7Q":{"23":"1","6X":"1","24":"1","6W":"1"},"XC":{"87":"1","88":"1","78":"1"},"7R":{"79":"1","78":"1"}},"GX":{"5X":{"52":"1","42":"1"},"5W":{"5X":"1","4X":"1"}},"7V":{"PV":{"2X":"1"}},"F2":{"F4":{"5F":"1","5C":"1"}},"7H":{"7X":{"RJ":"1","QJ":"1","VM":"1","RM":"1","QM":"1"},"MR":{"3J":"1"},"JR":{"M4":"1","G6":"1","FC":"1","J3":"1","J4":"1","M5":"1","J2":"1","F9":"1","C6":"1","C2":"1","PF":"1","M2":"1","M3":"1","F6":"1","P2":"1","H2":"1"},"CC":{"J6":"1","M7":"1","M6":"1"},"JQ":{"HW":"1","GW":"1","JX":"1","HX":"1","JW":"1"}},"G9":{"J7":{"FC":"1","GC":"1","FF":"1","GF":"1"}},"6M":{"FC":{"MX":"1","PX":"1"},"FF":{"H8":"1","QQ":"1","QP":"1","H5":"1","H4":"1","PQ":"1","PP":"1","JR":"1","H3":"1","JV":"1","GF":"1","QM":"1"},"JM":{"4P":"1","4Q":"1","3R":"1"},"V3":{"2Q":"1","3P":"1","2P":"1"}},"Q6":{"V4":{"PG":"1"}},"6C":{"8G":{"XQ":"1","RW":"1","QW":"1","RV":"1","QV":"1"},"8F":{"MF":"1","MG":"1"},"89":{"49":"1","7F":"1","FR":"1","HV":"1","GJ":"1","XR":"1","5J":"1","38":"1","86":"1","39":"1","XM":"1","6G":"1","6H":"1","28":"1","8Q":"1","HR":"1","FM":"1","7C":"1","GV":"1","6J":"1","64":"1","48":"1","FW":"1","GH":"1","6Q":"1","HJ":"1","3G":"1","FJ":"1","FV":"1","XQ":"1","27":"1","54":"1","XP":"1","GR":"1","85":"1","8G":"1","29":"1","GQ":"1","8F":"1","37":"1","8C":"1","GM":"1","MP":"1","FQ":"1","FP":"1","HM":"1","9X":"1","GP":"1","M7":"1"},"99":{"4H":"1","3Q":"1","3V":"1","4R":"1","4Q":"1","2V":"1","3P":"1","3H":"1","2P":"1","2Q":"1","2J":"1","2M":"1","3R":"1","2R":"1","3J":"1","4M":"1","3M":"1"},"WR":{"WP":"1","WM":"1","XP":"1","XM":"1","GQ":"1","HQ":"1","HP":"1"},"9H":{"7J":"1","8J":"1","7H":"1","8H":"1"},"79":{"XG":"1","WF":"1","WC":"1"},"88":{"5P":"1","6M":"1","5M":"1","6P":"1"},"78":{"R5":"1","R6":"1","26":"1","5G":"1"},"JW":{"6Q":"1","5F":"1","6R":"1","7Q":"1","5G":"1"},"8C":{"83":"1","73":"1","62":"1","94":"1","74":"1","84":"1","C4":"1","93":"1"},"8M":{"MM":"1","PR":"1","JQ":"1","MV":"1","PM":"1","MQ":"1","MP":"1","HR":"1","MR":"1","JP":"1","JV":"1","JR":"1","PQ":"1","HV":"1","PV":"1","PW":"1","PP":"1"}},"4Q":{"XW":{"6J":"1"},"QR":{"57":"1","66":"1","JG":"1","52":"1","56":"1","67":"1"},"QQ":{"6R":"1","5Q":"1","4W":"1","4R":"1","5V":"1","FJ":"1","5W":"1","4X":"1"},"8G":{"Q8":"1"}},"HG":{"RP":{"4P":"1","3M":"1","3Q":"1","4Q":"1","4M":"1","3P":"1"},"MR":{"6C":"1","CG":"1","73":"1","9M":"1","86":"1","87":"1","CF":"1","84":"1","FM":"1","7C":"1","6Q":"1","CM":"1","85":"1","77":"1","9P":"1","9Q":"1","46":"1","82":"1","69":"1","83":"1","72":"1","FP":"1","22":"1","CP":"1","8M":"1","74":"1"},"MQ":{"7X":"1","8X":"1","9F":"1","7W":"1","2X":"1","8W":"1","6R":"1","6V":"1"},"JR":{"XG":"1","WG":"1","X2":"1","X3":"1","WF":"1","XF":"1"},"JQ":{"F7":"1","C6":"1","C8":"1","F6":"1","F8":"1","XX":"1","C7":"1"}},"5M":{"VW":{"XH":"1"}},"8X":{"VX":{"X9":"1","HW":"1"},"JH":{"W5":"1","V5":"1"},"3H":{"3X":"1"},"QV":{"VX":"1","WX":"1","WW":"1"},"VW":{"VW":"1"},"RW":{"36":"1","45":"1","35":"1","46":"1","47":"1"},"WW":{"4J":"1","4H":"1"}},"H5":{"35":{"P2":"1"},"34":{"PX":"1"}},"CH":{"94":{"X6":"1","X5":"1"},"C4":{"26":"1","25":"1"}},"27":{"3C":{"M4":"1","XF":"1","XC":"1"},"39":{"FQ":"1","CQ":"1","FR":"1","CR":"1","99":"1","CV":"1","FV":"1"},"4C":{"45":"1","39":"1","44":"1","2C":"1","46":"1","49":"1","2F":"1"}},"3W":{"57":{"VX":"1","WX":"1"},"V6":{"89":"1","8F":"1","8C":"1"},"6G":{"J2":"1","JG":"1","H2":"1","J3":"1","JH":"1","H3":"1","JJ":"1"},"6H":{"66":"1","44":"1","54":"1","56":"1"},"58":{"X9":"1","W8":"1","W7":"1","W2":"1","W6":"1","W9":"1","V6":"1","V5":"1","V7":"1","X8":"1","W5":"1","V8":"1","V2":"1"},"68":{"23":"1","43":"1","34":"1","24":"1","33":"1"},"9X":{"PJ":"1"},"6F":{"8G":"1","8F":"1","J9":"1","W7":"1","W6":"1","HW":"1","V6":"1","JC":"1","RJ":"1","R7":"1","9F":"1","9H":"1","VJ":"1","V5":"1","V7":"1","Q7":"1","CG":"1","Q9":"1","JF":"1","JV":"1","9G":"1","HV":"1","HX":"1","JX":"1","VM":"1","Q8":"1"},"6M":{"Q9":"1","P8":"1","P9":"1","Q8":"1","P7":"1","Q7":"1"},"PQ":{"RR":"1","RV":"1"},"6C":{"WQ":"1","VR":"1","WR":"1"},"6J":{"5F":"1","G7":"1","F7":"1","5G":"1"}},"6V":{"X8":{"R2":"1"},"X7":{"VC":"1","RX":"1","RW":"1","V9":"1"}},"3C":{"86":{"XG":"1","WG":"1","WH":"1","XH":"1"}},"55":{"62":{"6Q":"1"},"W5":{"GP":"1","8G":"1","GM":"1","9F":"1","CF":"1","9H":"1","HM":"1","CG":"1","9G":"1","8H":"1","HP":"1","CH":"1"},"5X":{"QX":"1"}},"9M":{"G2":{"WG":"1","WH":"1","WF":"1","VG":"1","WC":"1","VF":"1","VH":"1"},"MR":{"32":"1","3V":"1","2R":"1","2V":"1","3R":"1","42":"1","33":"1"},"2X":{"HQ":"1","W9":"1","HP":"1","W8":"1","V8":"1","V9":"1"},"3X":{"8X":"1","FM":"1","3Q":"1","CM":"1","CJ":"1","FJ":"1","3P":"1","9X":"1","2P":"1","2Q":"1","CX":"1"}},"CC":{"GW":{"P2":"1","Q4":"1","Q3":"1","R3":"1","R4":"1"},"GV":{"MW":"1","MX":"1","PW":"1","MR":"1","MV":"1","PX":"1"},"88":{"36":"1","37":"1","3V":"1","26":"1","38":"1","35":"1","46":"1","27":"1","47":"1"}},"3V":{"CH":{"3M":"1"},"FH":{"4W":"1","4V":"1","5W":"1"}},"62":{"C9":{"8J":"1","9H":"1","9M":"1","CH":"1","CJ":"1","9J":"1","8M":"1"}},"9R":{"X6":{"MW":"1","XQ":"1","MX":"1","PW":"1","FR":"1","VX":"1","M6":"1","G8":"1","FV":"1"},"X7":{"X9":"1","XC":"1","29":"1","38":"1","28":"1","WC":"1","X2":"1","X8":"1","M2":"1","39":"1","V2":"1"},"CX":{"M2":"1","M3":"1"},"CW":{"RH":"1"},"5W":{"R4":"1"},"X5":{"MP":"1","HP":"1"}},"5H":{"2M":{"GW":"1","GV":"1","FW":"1","JW":"1","JV":"1","FV":"1"},"38":{"2R":"1","2Q":"1"},"FF":{"2R":"1","9G":"1"},"CF":{"XQ":"1","XV":"1","XR":"1"},"W5":{"R9":"1","V8":"1","V9":"1","R8":"1"},"99":{"G2":"1","G3":"1"},"98":{"GX":"1"}},"CV":{"GV":{"W4":"1"},"7R":{"G7":"1","G6":"1","F6":"1","F5":"1","F4":"1"},"3R":{"X9":"1","XC":"1"},"RH":{"H6":"1","M5":"1","J5":"1","H7":"1"}},"86":{"45":{"XW":"1","PW":"1","XV":"1","QW":"1","QV":"1","QX":"1","PX":"1"},"72":{"RM":"1","73":"1","WJ":"1","RP":"1","QQ":"1","PQ":"1","PP":"1","VM":"1"},"RF":{"2X":"1"},"73":{"MM":"1","MJ":"1","QP":"1","PH":"1","PM":"1","XJ":"1","WM":"1","WH":"1","9P":"1","WJ":"1","9M":"1","XH":"1","XM":"1","QJ":"1","QM":"1","PJ":"1","PP":"1","QH":"1"},"62":{"P2":"1","M2":"1"},"84":{"Q4":"1","Q5":"1","P4":"1","P7":"1"},"2H":{"X9":"1","W9":"1","XC":"1","W8":"1","WC":"1"},"RG":{"22":"1"},"93":{"57":"1","58":"1"},"75":{"QR":"1","PQ":"1","PR":"1"},"83":{"89":"1","99":"1","88":"1","5M":"1","5J":"1","98":"1"},"82":{"G4":"1","HF":"1","H9":"1","G7":"1","GJ":"1","65":"1","GC":"1","C9":"1","GF":"1","FH":"1","F9":"1","64":"1","GH":"1","FC":"1","H6":"1","FG":"1","FJ":"1","HC":"1","66":"1","G5":"1","GG":"1","H7":"1","G6":"1","H8":"1","FF":"1","F5":"1","75":"1","G8":"1","H5":"1","74":"1","CR":"1"},"55":{"2W":"1","2V":"1"},"QF":{"QR":"1","WP":"1","VP":"1","VQ":"1","QV":"1","VM":"1"}},"58":{"P3":{"6V":"1"},"4J":{"64":"1","65":"1","84":"1"},"4H":{"9R":"1","F2":"1","7X":"1","2G":"1","2F":"1"},"R8":{"XV":"1","XR":"1"}},"66":{"2W":{"RM":"1","RJ":"1","RH":"1","VH":"1","QJ":"1","VJ":"1","VM":"1"},"8F":{"8J":"1","9H":"1","9G":"1","8H":"1","8G":"1"},"MR":{"WR":"1","VR":"1","RP":"1","RQ":"1","VP":"1","RR":"1","VQ":"1","VM":"1"},"3X":{"56":"1","55":"1"}},"96":{"69":{"PW":"1","QW":"1","QX":"1","PX":"1"}},"CR":{"FC":{"G5":"1","F5":"1"},"26":{"4P":"1","3C":"1","36":"1","6R":"1","9X":"1","8V":"1","9W":"1","5Q":"1","5R":"1","4Q":"1","7V":"1","9V":"1","5P":"1","8X":"1","35":"1","5V":"1","4J":"1","4M":"1","7W":"1","4X":"1","8W":"1","8M":"1"},"25":{"4R":"1","4P":"1","5P":"1","4Q":"1","5M":"1","5Q":"1","5R":"1","4M":"1","6R":"1"},"47":{"7J":"1"},"48":{"98":"1","99":"1","F4":"1","F5":"1","F3":"1","93":"1","F9":"1","C9":"1","F8":"1","C6":"1","95":"1","C3":"1","C8":"1","96":"1","97":"1","C7":"1","F6":"1","F7":"1","C5":"1","C4":"1","94":"1"},"27":{"34":"1","43":"1","73":"1","53":"1","HV":"1","6M":"1","92":"1","7M":"1","9C":"1","52":"1","CQ":"1","26":"1","7J":"1","63":"1","6J":"1","64":"1","33":"1","54":"1","CC":"1","5P":"1","85":"1","42":"1","8G":"1","76":"1","8F":"1","9Q":"1","82":"1","9F":"1","72":"1","94":"1","5M":"1","62":"1"},"33":{"3W":"1"},"39":{"WR":"1","82":"1","WV":"1","MW":"1","VW":"1","PW":"1","WW":"1"},"36":{"4P":"1","3C":"1","3M":"1","3G":"1","3J":"1","3F":"1","4J":"1","4M":"1"}},"3G":{"5V":{"M4":"1","P4":"1","M5":"1"}},"4M":{"C5":{"M7":"1","M6":"1"}},"CW":{"98":{"FM":"1","GM":"1"}},"CQ":{"2W":{"2W":"1","2X":"1"},"3Q":{"P9":"1","P6":"1"},"HP":{"H4":"1"},"2X":{"9H":"1","CH":"1","CG":"1","9G":"1"},"3P":{"MW":"1"}},"83":{"X2":{"97":"1","82":"1","72":"1","42":"1"},"W3":{"MH":"1","MG":"1"},"RR":{"5X":"1","5W":"1"},"87":{"QQ":"1","QP":"1"},"RC":{"M2":"1"},"R9":{"MX":"1"},"V8":{"9M":"1","CM":"1","CJ":"1","9J":"1"},"V9":{"2M":"1","4R":"1","55":"1","2P":"1"},"88":{"X9":"1","X8":"1","XC":"1"},"HV":{"G9":"1","GC":"1"},"98":{"83":"1","28":"1","29":"1","84":"1","8P":"1","27":"1","8M":"1"}},"38":{"H2":{"32":"1","9H":"1","26":"1","25":"1","CH":"1","CJ":"1","8H":"1","24":"1","9J":"1","33":"1"},"G4":{"2C":"1"},"G2":{"R5":"1","CG":"1","MJ":"1","Q4":"1","H9":"1","X4":"1","GJ":"1","X9":"1","R2":"1","V3":"1","GC":"1","PQ":"1","GF":"1","CF":"1","C6":"1","RQ":"1","R3":"1","9C":"1","JM":"1","C7":"1","Q5":"1","QR":"1","Q2":"1","JQ":"1","F9":"1","FC":"1","HJ":"1","FG":"1","97":"1","FJ":"1","XP":"1","V2":"1","CC":"1","GG":"1","Q3":"1","99":"1","FF":"1","C8":"1","8C":"1","P5":"1","J8":"1","MP":"1","QQ":"1","P4":"1","HM":"1","R4":"1","Q6":"1","J9":"1","JP":"1","93":"1","X5":"1","JJ":"1","98":"1","R6":"1"},"PQ":{"26":"1","43":"1","42":"1"},"G3":{"H6":"1","J7":"1","J8":"1"},"H3":{"32":"1"},"G5":{"6Q":"1","5Q":"1","23":"1","5P":"1","24":"1","6P":"1"},"F5":{"G2":"1","F6":"1","F5":"1"},"F4":{"XJ":"1","J4":"1","WH":"1","7H":"1","WJ":"1","WF":"1","XH":"1","VF":"1","M5":"1","WG":"1","88":"1","VG":"1","GX":"1","J5":"1"}},"5P":{"P6":{"2W":"1","2X":"1"},"P7":{"22":"1"},"M6":{"XW":"1","XX":"1"}},"76":{"2C":{"QP":"1","PM":"1","MQ":"1","MP":"1","QR":"1","QM":"1","QQ":"1","PQ":"1","PP":"1"},"54":{"Q9":"1","Q8":"1","Q7":"1","R8":"1"},"G6":{"G5":"1"},"HH":{"X5":"1"},"2F":{"PW":"1","PR":"1","PX":"1"},"HV":{"8Q":"1"}},"52":{"8J":{"C2":"1"},"P3":{"46":"1"}},"59":{"4Q":{"V7":"1","W7":"1","W6":"1","V6":"1"},"46":{"FC":"1"},"GM":{"QQ":"1","QP":"1","PQ":"1","PP":"1"}},"36":{"GC":{"3V":"1","3W":"1"}},"53":{"P2":{"Q4":"1","Q5":"1","P5":"1","P4":"1","P3":"1","M3":"1"},"CR":{"VC":"1","P5":"1","RC":"1","R9":"1","WC":"1","P6":"1","V9":"1","M5":"1","M6":"1"}},"9C":{"JX":{"GR":"1"},"HX":{"M8":"1"}},"5F":{"H7":{"3C":"1","2C":"1","3F":"1","2F":"1"},"FC":{"X2":"1"},"FV":{"M4":"1","P4":"1"},"3W":{"VV":"1","WR":"1","WX":"1","WV":"1"},"GC":{"7R":"1","43":"1","H7":"1","22":"1","H6":"1","JJ":"1","56":"1","42":"1","Q5":"1","JH":"1","J7":"1","J6":"1","8Q":"1","82":"1","55":"1","68":"1","92":"1","7Q":"1","33":"1","32":"1"},"93":{"V8":"1","V9":"1"},"G9":{"2W":"1","4W":"1","2X":"1","3W":"1","4X":"1"},"P5":{"J6":"1","H5":"1","H6":"1"},"F9":{"XW":"1","XX":"1"},"CF":{"7F":"1","6F":"1","6C":"1"},"R3":{"7V":"1","6V":"1","7W":"1","6W":"1"},"G8":{"73":"1","MC":"1","JC":"1"},"3X":{"P2":"1","W2":"1","P4":"1","P3":"1"},"FF":{"H9":"1","G9":"1","GG":"1"},"G7":{"8J":"1","VG":"1","VF":"1","RG":"1","RF":"1","VH":"1","RH":"1","JQ":"1"},"CG":{"5F":"1","4G":"1","23":"1","4F":"1","22":"1","5G":"1"},"9G":{"X2":"1","X3":"1"},"H2":{"89":"1","88":"1","79":"1"}},"F7":{"GF":{"C3":"1","F2":"1","C4":"1","C2":"1","F4":"1","F3":"1"}},"8R":{"G3":{"9H":"1","9G":"1"},"4H":{"4V":"1"}},"5W":{"9X":{"QP":"1","WM":"1","WF":"1","PP":"1","WC":"1","98":"1"},"CX":{"CQ":"1","45":"1","MV":"1","FM":"1","54":"1","CM":"1","38":"1","GM":"1","MR":"1","CJ":"1","FJ":"1","55":"1","44":"1","FH":"1","6M":"1","JR":"1","CH":"1"},"XC":{"FC":"1","FF":"1","JM":"1","HJ":"1","JH":"1","JJ":"1"},"8G":{"R5":"1","Q6":"1","Q4":"1","Q5":"1"}},"6F":{"X2":{"8F":"1","9G":"1","8G":"1","9F":"1"},"6H":{"F4":"1","G4":"1","8P":"1","F3":"1","G3":"1","J8":"1","Q9":"1","5Q":"1","5R":"1","WW":"1"},"X3":{"77":"1"},"6G":{"FX":"1"}},"3M":{"52":{"9G":"1","9C":"1","9F":"1"}},"J4":{"4V":{"4W":"1"},"VM":{"3X":"1","3W":"1","4X":"1"}},"C3":{"FG":{"GJ":"1","JJ":"1"},"FH":{"66":"1"}},"8F":{"7F":{"57":"1","45":"1","46":"1","56":"1","55":"1","47":"1"}},"85":{"X5":{"FC":"1","F9":"1"},"9V":{"22":"1"},"J9":{"QP":"1","VP":"1","RP":"1","RV":"1","QV":"1","VM":"1"},"7X":{"XH":"1","XV":"1","XG":"1","XM":"1","VW":"1","RQ":"1","WV":"1","JM":"1","CQ":"1","9V":"1","WM":"1","HJ":"1","XJ":"1","CV":"1","VR":"1","XQ":"1","9R":"1","RR":"1","VV":"1","MV":"1","RM":"1","WH":"1","9Q":"1","WJ":"1","JP":"1","JJ":"1","VM":"1","CR":"1","PV":"1"},"8X":{"2M":"1","2P":"1","2Q":"1","8P":"1","FR":"1","CW":"1","3M":"1","6R":"1","FH":"1","2H":"1","CQ":"1","9V":"1","GV":"1","2J":"1","FG":"1","CV":"1","3H":"1","9P":"1","J7":"1","CX":"1","9Q":"1","9W":"1","7Q":"1","7R":"1","3Q":"1","GM":"1","3P":"1","9X":"1","CP":"1","GP":"1"},"Q6":{"4Q":"1"},"GG":{"6W":"1"},"GH":{"G5":"1"},"GJ":{"32":"1","23":"1","22":"1"},"MF":{"66":"1","47":"1"},"7W":{"49":"1","RH":"1","QH":"1","X4":"1","XW":"1","38":"1","39":"1","V6":"1","XM":"1","RJ":"1","JQ":"1","GX":"1","48":"1","V7":"1","GW":"1","X3":"1","9F":"1","QJ":"1","X5":"1","GP":"1"},"FJ":{"X2":"1","X3":"1"},"9X":{"XP":"1","XM":"1"},"6F":{"W8":"1","RF":"1","W2":"1","R2":"1","Q2":"1","Q4":"1","R4":"1","R3":"1","Q3":"1","RC":"1","V7":"1","QC":"1","V8":"1","QF":"1","VQ":"1"},"7V":{"9H":"1","39":"1","38":"1","9P":"1","9G":"1","9Q":"1","9J":"1"},"8V":{"MM":"1","PR":"1","MJ":"1","24":"1","H3":"1","X7":"1","X6":"1","PM":"1","MQ":"1","MR":"1","G2":"1","33":"1","G3":"1","V7":"1","R8":"1","PJ":"1","34":"1","23":"1","PQ":"1","V8":"1","H2":"1"},"8W":{"GW":"1","9V":"1","86":"1","24":"1","26":"1","25":"1","3P":"1","27":"1","87":"1","3R":"1","5Q":"1","2W":"1","CX":"1","23":"1","GX":"1","9R":"1"},"9R":{"2X":"1","5M":"1","5J":"1"},"6C":{"QP":"1","PH":"1","PM":"1","MG":"1","MF":"1","WX":"1","QM":"1","PG":"1","PF":"1","PP":"1","MH":"1"},"6R":{"QP":"1","HW":"1","RG":"1","RP":"1","RH":"1","QJ":"1","VH":"1","QG":"1","JV":"1","JW":"1","HV":"1","QH":"1"},"6V":{"PH":"1","XG":"1","MG":"1","W4":"1","X4":"1","XF":"1","PG":"1","MH":"1"},"6X":{"V6":"1","XJ":"1","W4":"1","PX":"1","XH":"1","V3":"1","R4":"1","R3":"1","MX":"1","V5":"1","V4":"1","Q7":"1","R6":"1","R5":"1"},"4G":{"45":"1","44":"1","43":"1","46":"1"}},"2H":{"55":{"CF":"1","CG":"1","9G":"1","9C":"1","CC":"1","9F":"1"}},"9G":{"72":{"HQ":"1","JQ":"1"}},"2V":{"76":{"GF":"1","H9":"1","FM":"1","R2":"1","GG":"1","CM":"1","MG":"1","GC":"1","G9":"1","V3":"1","9F":"1","MF":"1","CF":"1","PG":"1","CC":"1","PF":"1","JG":"1","9C":"1","MH":"1","V2":"1"},"75":{"X9":"1","M4":"1","GF":"1","H9":"1","W2":"1","J3":"1","R2":"1","J4":"1","GC":"1","HC":"1","Q2":"1","G9":"1","Q4":"1","P3":"1","J2":"1","J6":"1","R4":"1","R3":"1","Q3":"1","X2":"1","X8":"1","M2":"1","RX":"1","QX":"1","M3":"1","P2":"1"},"74":{"PX":"1","XX":"1","MX":"1","MW":"1","RX":"1","QX":"1","RW":"1","PW":"1"},"85":{"35":"1","22":"1","34":"1"},"84":{"9R":"1","CQ":"1","4W":"1","4V":"1","2X":"1","CR":"1","9Q":"1","3W":"1"},"99":{"7X":"1","6X":"1"},"9C":{"73":"1","62":"1","63":"1","72":"1"},"67":{"6H":"1","5H":"1","5G":"1","5J":"1","4H":"1","6G":"1"}},"6R":{"Q2":{"76":"1","9H":"1","VP":"1","MX":"1","4F":"1","VM":"1","RM":"1","77":"1"},"P2":{"XG":"1","C4":"1","87":"1","V3":"1","XH":"1","88":"1","C5":"1","F4":"1","V2":"1"},"Q3":{"C9":"1","M2":"1","CC":"1"},"M2":{"R2":"1","V2":"1"},"R3":{"CQ":"1","99":"1","86":"1","7G":"1","75":"1","9Q":"1","CR":"1","7F":"1","95":"1","96":"1","76":"1","CV":"1","87":"1","85":"1","C5":"1","94":"1"},"R4":{"28":"1","4G":"1","39":"1","38":"1","4F":"1"}},"44":{"MP":{"73":"1","62":"1","5F":"1","74":"1","5H":"1","5G":"1","63":"1","72":"1"},"MQ":{"28":"1","29":"1","2C":"1"},"JQ":{"X9":"1","W8":"1","VC":"1","XC":"1","W7":"1","W6":"1","W9":"1","X7":"1","X6":"1","WF":"1","WC":"1","VF":"1","V9":"1","X8":"1"}},"88":{"CQ":{"83":"1","85":"1","84":"1"}},"H4":{"34":{"86":"1","84":"1","75":"1","F2":"1","95":"1","96":"1","76":"1","87":"1","97":"1","85":"1"},"33":{"4P":"1","3M":"1","3Q":"1","CX":"1","3J":"1","4J":"1","4M":"1","3R":"1","3P":"1"}},"7X":{"4P":{"7C":"1","79":"1"},"4M":{"Q9":"1","Q8":"1"},"5M":{"J2":"1","FC":"1","68":"1","2G":"1","F9":"1","9C":"1","95":"1","96":"1","CC":"1","58":"1","F5":"1"},"5J":{"VP":"1","JX":"1","VM":"1","RG":"1","RF":"1"},"6P":{"6M":"1","6P":"1"}},"7C":{"QP":{"3V":"1","3Q":"1","4R":"1","2V":"1","4Q":"1","PF":"1","3W":"1","3R":"1"},"X2":{"H5":"1","H6":"1"},"VP":{"FC":"1","GC":"1","FF":"1","GF":"1"},"RR":{"Q6":"1","R6":"1","R7":"1","Q8":"1","Q7":"1","R8":"1"},"RW":{"W2":"1"},"VG":{"29":"1","39":"1","2C":"1"},"V8":{"CQ":"1","9P":"1","9Q":"1","CP":"1"},"RV":{"VX":"1","WX":"1","WW":"1","VW":"1"},"VF":{"2Q":"1","2P":"1"},"V9":{"3M":"1","79":"1"},"5G":{"V7":"1"},"RG":{"X9":"1","XC":"1"},"RF":{"XR":"1"},"C5":{"3V":"1","2W":"1","2V":"1","3W":"1"},"RH":{"X6":"1","X7":"1"}},"5J":{"MC":{"3M":"1","4Q":"1","2C":"1","3P":"1"},"J4":{"V7":"1","W8":"1","V8":"1","W7":"1"}},"9V":{"95":{"48":"1"}},"74":{"85":{"G6":"1","GW":"1","M4":"1","G5":"1","FW":"1","F3":"1","C2":"1","C3":"1"},"H2":{"98":"1","86":"1","FM":"1","CM":"1","3W":"1","CJ":"1","4W":"1","FJ":"1","96":"1","HH":"1","88":"1","87":"1","97":"1"},"82":{"M7":"1"},"CG":{"J4":"1","M5":"1","J5":"1"},"H3":{"32":"1","45":"1","52":"1","25":"1","35":"1","22":"1","34":"1","24":"1","55":"1","C2":"1","42":"1"},"G5":{"QQ":"1","VP":"1","WP":"1","WQ":"1"},"86":{"G5":"1"}},"56":{"53":{"Q6":"1","Q5":"1","P5":"1","P6":"1"},"52":{"HW":"1","JW":"1","JV":"1","HV":"1"},"6X":{"CQ":"1","7R":"1","FX":"1","9Q":"1","8Q":"1","CJ":"1","FJ":"1","2P":"1","2Q":"1","7Q":"1","FH":"1","CG":"1","CH":"1"},"5X":{"HH":"1","HP":"1","GJ":"1","HG":"1","MX":"1","PR":"1","GH":"1","HJ":"1","MR":"1","JH":"1","XQ":"1","XP":"1","PW":"1","HQ":"1","MV":"1","GQ":"1","RV":"1","GM":"1","JX":"1","HM":"1","GP":"1","JG":"1","MW":"1","PV":"1"},"V9":{"F7":"1","C6":"1","F6":"1","F5":"1"},"6W":{"CQ":"1","G5":"1","F4":"1","G4":"1","F5":"1","CP":"1","H5":"1","CR":"1","H4":"1"}},"6Q":{"H9":{"M2":"1"},"MX":{"XW":"1","RX":"1","RW":"1","VV":"1","VX":"1","WX":"1","VW":"1"},"PW":{"CQ":"1","HJ":"1","FW":"1","9V":"1","FV":"1","FX":"1","CW":"1","HG":"1","GG":"1","CM":"1","FQ":"1","JH":"1","9M":"1","GV":"1","CJ":"1","9X":"1","CR":"1","FR":"1","HM":"1","CV":"1","PJ":"1","CX":"1","GR":"1","9J":"1","MH":"1","9R":"1"},"M2":{"QG":"1"},"PR":{"7F":"1","6F":"1","7G":"1","5G":"1","6G":"1"},"RV":{"4R":"1","4V":"1"},"QX":{"3Q":"1","4R":"1","4Q":"1","3R":"1"},"PX":{"G2":"1","8X":"1","H9":"1","C3":"1","PG":"1","JF":"1","PF":"1","G9":"1","GC":"1","5V":"1","MG":"1","F2":"1","MF":"1","CQ":"1","PH":"1","Q2":"1","HC":"1","C4":"1","PC":"1","PJ":"1","VX":"1","P2":"1","RP":"1","QP":"1","PP":"1","MC":"1","FQ":"1","5R":"1","8W":"1","QJ":"1","94":"1","93":"1","J9":"1","QM":"1","JG":"1","PM":"1","JC":"1"}},"6G":{"RQ":{"WX":"1"},"RR":{"W2":"1"},"6F":{"53":"1","44":"1","54":"1","43":"1"},"CR":{"MC":"1","M9":"1","F3":"1"},"49":{"9H":"1","CH":"1","CG":"1","9G":"1"}},"33":{"54":{"CX":"1"},"4J":{"2F":"1"},"RG":{"62":"1"}},"CP":{"7W":{"CG":"1"}},"79":{"FC":{"VX":"1","XX":"1","WX":"1","WW":"1","VW":"1","WV":"1"},"FF":{"XG":"1","XF":"1"},"GG":{"73":"1","5J":"1","84":"1","7H":"1","7G":"1","83":"1","6G":"1","6H":"1","7F":"1","6F":"1","4J":"1","5M":"1","74":"1","4M":"1"},"GF":{"4P":"1","5Q":"1","4R":"1","5R":"1","4Q":"1","5P":"1","4M":"1"}},"H2":{"M5":{"5Q":"1","4R":"1","5R":"1","4Q":"1"}},"7J":{"Q2":{"59":"1","58":"1"},"Q3":{"36":"1","5F":"1","44":"1","3H":"1","3J":"1","43":"1","4J":"1","5C":"1","5M":"1","4H":"1","6G":"1","42":"1"},"M8":{"J2":"1","M2":"1","J3":"1","R2":"1","M3":"1"},"P8":{"3X":"1"},"M7":{"CM":"1","8J":"1","CP":"1","FQ":"1","9M":"1","CJ":"1","9H":"1","9G":"1","RX":"1","QW":"1","RW":"1","9J":"1","CH":"1"},"P9":{"9J":"1","8P":"1","9M":"1","HP":"1","GJ":"1","8Q":"1","HR":"1","26":"1","GH":"1","66":"1","25":"1","PW":"1","HQ":"1","8G":"1","9P":"1","76":"1","MV":"1","8F":"1","9Q":"1","8C":"1","GM":"1","HM":"1","32":"1","GP":"1","PV":"1"},"7H":{"3Q":"1"},"PF":{"QJ":"1"},"QC":{"7Q":"1","9C":"1","8G":"1","GM":"1","2F":"1"},"PC":{"X9":"1","W8":"1","RM":"1","G6":"1","VC":"1","H7":"1","H6":"1","J3":"1","W9":"1","H3":"1","J4":"1","RP":"1","RJ":"1","QJ":"1","H5":"1","7F":"1","XF":"1","J5":"1","H4":"1"}},"P3":{"5J":{"RR":"1","RV":"1","QV":"1"},"6P":{"H8":"1","H9":"1","HM":"1"}},"4F":{"XP":{"F2":"1","F5":"1","F3":"1"},"CX":{"32":"1","33":"1"},"XC":{"RQ":"1","QQ":"1","Q5":"1","P5":"1","G9":"1","GC":"1","P6":"1"},"XM":{"8M":"1"}},"C2":{"V7":{"J3":"1"},"55":{"V6":"1"}},"9X":{"2G":{"PW":"1","QW":"1","QX":"1","PV":"1","PX":"1"},"WX":{"6C":"1","CG":"1","9J":"1","43":"1","JW":"1","9H":"1","5F":"1","5C":"1","6H":"1","FH":"1","4R":"1","52":"1","6F":"1","QX":"1","QV":"1","8J":"1","4V":"1","FG":"1","PW":"1","42":"1","RP":"1","7H":"1","HW":"1","QW":"1","JX":"1","CH":"1","PX":"1","PV":"1"},"WW":{"9R":"1","6V":"1","5V":"1","9Q":"1","5W":"1","6W":"1"},"VW":{"MP":"1","PM":"1","PP":"1","MM":"1"}},"64":{"HF":{"38":"1","97":"1","96":"1"},"Q7":{"CF":"1","CG":"1"}},"7W":{"X7":{"2C":"1","2F":"1"},"G6":{"PQ":"1"},"2X":{"VG":"1","VH":"1"},"W7":{"XF":"1","XC":"1"}},"3F":{"5P":{"WG":"1"}},"75":{"CQ":{"2R":"1","2V":"1","3R":"1","2Q":"1"},"63":{"QW":"1"},"64":{"P8":"1","Q8":"1"},"W3":{"VV":"1","VR":"1","WR":"1","WV":"1"},"CR":{"4P":"1","5Q":"1","4Q":"1","5P":"1","2X":"1","2F":"1","3P":"1","2P":"1"},"R5":{"37":"1","38":"1"},"CV":{"22":"1"},"X3":{"66":"1","87":"1","6C":"1","69":"1","9C":"1","59":"1","CC":"1","77":"1"},"9R":{"VC":"1","XF":"1","XC":"1","RC":"1","Q8":"1","99":"1","VF":"1","RF":"1"}},"7Q":{"2X":{"JC":"1"},"CG":{"7F":"1","6H":"1","9M":"1","7Q":"1","8P":"1","6F":"1","7P":"1","7C":"1","7G":"1","6G":"1"}},"57":{"63":{"66":"1"},"54":{"72":"1","86":"1","73":"1","62":"1","HG":"1","JC":"1","84":"1","75":"1","83":"1","82":"1","95":"1","74":"1","JF":"1","JG":"1","HF":"1","85":"1","94":"1"},"62":{"F2":"1","R7":"1","Q8":"1","R8":"1","Q7":"1"},"7P":{"H2":"1","G2":"1"},"7M":{"GX":"1","HX":"1"},"55":{"R9":"1"},"53":{"7X":"1","6X":"1"},"52":{"M4":"1","WR":"1","P9":"1","J3":"1","PC":"1","X7":"1","X6":"1","VR":"1","J4":"1","F5":"1","P3":"1","M5":"1","F9":"1","J2":"1","J6":"1","P4":"1","Q9":"1","M2":"1","QC":"1","M3":"1","P6":"1","QH":"1"}},"4W":{"8J":{"X4":"1","W5":"1","W4":"1","X5":"1"},"PM":{"HJ":"1","89":"1","FG":"1","FC":"1","JJ":"1","9F":"1","F9":"1","CF":"1","9H":"1","C9":"1","HM":"1","FH":"1","JP":"1","CC":"1","CG":"1","8H":"1","HP":"1","JM":"1","CH":"1"},"H7":{"XX":"1"}},"CG":{"P5":{"RP":"1","RM":"1"},"VR":{"3Q":"1"},"G3":{"V7":"1","V5":"1","V6":"1"},"H3":{"23":"1"},"C7":{"P2":"1"}},"25":{"36":{"FM":"1","CQ":"1","HP":"1","6V":"1","CR":"1","5V":"1","HJ":"1","6W":"1"}},"8M":{"CQ":{"FG":"1","GG":"1","FH":"1","GH":"1"},"V6":{"2P":"1","2Q":"1","HP":"1","2F":"1","65":"1","28":"1","JQ":"1","64":"1","JR":"1","2G":"1","27":"1","29":"1","2C":"1","GM":"1","HM":"1","GP":"1","MQ":"1"},"CP":{"RQ":"1","RJ":"1","VQ":"1","RR":"1","VJ":"1","VR":"1","RM":"1","VM":"1"},"Q5":{"XP":"1","WP":"1","WM":"1","PF":"1","QC":"1","QF":"1","XM":"1","VM":"1","PC":"1"},"FQ":{"FW":"1","FV":"1"},"R7":{"WH":"1"},"XX":{"57":"1","68":"1","6C":"1","69":"1","67":"1","59":"1","58":"1"},"V9":{"53":"1","44":"1","54":"1"},"R4":{"M8":"1","P8":"1","P9":"1","PW":"1","7X":"1","7V":"1","QW":"1","QV":"1","7W":"1","PV":"1"},"G2":{"H8":"1","J7":"1","J8":"1","H7":"1"},"FR":{"Q4":"1","Q3":"1","F7":"1","GC":"1","F6":"1","R4":"1","F5":"1"},"V5":{"GF":"1","FG":"1","FC":"1","7X":"1","GG":"1","GC":"1","GH":"1","G9":"1","F9":"1","CJ":"1","CF":"1","6G":"1","7W":"1","6H":"1","FJ":"1","C9":"1","FH":"1","FF":"1","CC":"1","CG":"1","6W":"1","6J":"1","CH":"1","6X":"1"},"V7":{"JJ":"1","24":"1","J3":"1","3V":"1","3W":"1","25":"1","F5":"1","7M":"1","5P":"1","P3":"1","4W":"1","7J":"1","9X":"1","P4":"1","M2":"1","5M":"1","6P":"1","6M":"1","M3":"1","4X":"1","JM":"1","4V":"1","F6":"1","HX":"1"},"R6":{"X9":"1","JQ":"1","XC":"1","X7":"1","X4":"1","WC":"1","WF":"1","VF":"1","XF":"1","JP":"1","WG":"1","X8":"1","QX":"1","X3":"1","VG":"1"},"R5":{"RX":"1","RW":"1","VX":"1"},"V8":{"92":"1","H2":"1"}},"35":{"H5":{"42":"1"},"H6":{"57":"1","48":"1","47":"1","58":"1"},"G4":{"XV":"1"},"H4":{"4W":"1","3X":"1","3W":"1","4X":"1"},"G5":{"W2":"1"}},"MM":{"HW":{"QJ":"1","QH":"1","PJ":"1"},"HM":{"7R":"1","9V":"1","5F":"1","9W":"1","4R":"1","3W":"1","9F":"1","CJ":"1","9H":"1","3X":"1","6W":"1","8V":"1","9G":"1","9C":"1","4X":"1","9J":"1","5C":"1","9R":"1","CH":"1"},"HP":{"32":"1","53":"1","44":"1","54":"1","43":"1"},"JV":{"37":"1","46":"1","47":"1"}},"4J":{"Q6":{"GW":"1"},"FH":{"XP":"1","XQ":"1","XR":"1","XM":"1"},"GH":{"2R":"1","2Q":"1","2P":"1"},"Q7":{"94":"1","W8":"1","95":"1","96":"1","V5":"1"}},"CJ":{"64":{"Q2":"1","P2":"1","Q3":"1","P3":"1"},"4J":{"PV":"1","MV":"1"},"4M":{"MG":"1","J4":"1","MF":"1","R4":"1","H5":"1","MC":"1","PF":"1","R5":"1","M9":"1","QF":"1","J5":"1","H4":"1"},"63":{"QX":"1","PX":"1"},"M5":{"38":"1","8C":"1"},"J5":{"W8":"1","W7":"1"}},"23":{"92":{"X8":"1"},"RX":{"2W":"1"},"QX":{"MV":"1","XX":"1","MW":"1","JV":"1","RX":"1","JR":"1","JW":"1","RW":"1","XW":"1"},"C2":{"H9":"1"}},"5C":{"3C":{"99":"1","RF":"1"},"5F":{"MM":"1","4F":"1","HJ":"1","MJ":"1","JJ":"1","HG":"1","38":"1","28":"1","MP":"1","JH":"1","HM":"1","JP":"1","HH":"1","QW":"1","JM":"1","GX":"1","MH":"1","4G":"1"},"5Q":{"Q6":"1","P6":"1","P7":"1","Q7":"1"},"4C":{"F7":"1","C4":"1","C5":"1"},"5M":{"97":"1","96":"1","98":"1"},"5G":{"V4":"1"}},"FJ":{"86":{"PM":"1","PJ":"1"}},"JG":{"HR":{"CX":"1","FW":"1","FX":"1","CW":"1","FV":"1"},"JV":{"3V":"1","2R":"1","2V":"1","3R":"1"},"HV":{"F2":"1","C2":"1"}},"P5":{"M9":{"QQ":"1"}},"3J":{"CP":{"CF":"1","9C":"1","CC":"1","9F":"1"}},"6H":{"CF":{"FM":"1","GP":"1","FP":"1","GM":"1"}},"QV":{"XG":{"RJ":"1","VP":"1","VJ":"1","RP":"1","VM":"1","RM":"1","VH":"1","RH":"1"},"XH":{"W5":"1","V5":"1"}},"5R":{"F2":{"FM":"1","HM":"1","GP":"1","FP":"1","3X":"1","GJ":"1","3W":"1","GM":"1"},"J9":{"9R":"1","8V":"1","9V":"1","8R":"1"},"C2":{"WM":"1","XJ":"1","WJ":"1","XM":"1"}},"6P":{"44":{"54":"1","4H":"1","24":"1","5J":"1","25":"1","2V":"1","G2":"1","2Q":"1","4J":"1","5H":"1","53":"1","6P":"1","2R":"1"},"34":{"VC":"1","X3":"1","XR":"1","X4":"1","RC":"1","R9":"1","W4":"1","V4":"1","RF":"1","X5":"1"}},"78":{"G9":{"6Q":"1","6R":"1","7R":"1"}}}}