{"index":{"university,1|retail,2|tourism,3|wreck,4|historical,5|artsCulture,6|namedBuilding,7|water,8|wetland,9|park,10|beach,11|natureReserve,12|cemetery,13|trail,14":{}},"9J":{"44":{"HF":{"2M":"1"}},"V5":{"HQ":{"GV":"1","GR":"1"}},"2Q":{"QM":{"RH":"1"}},"C5":{"3M":{"5P":"1"}},"38":{"X9":{"7H":"1"}},"92":{"63":{"Q6":"1","RP":"1","WF":"1","XM":"1","R7":"1","QJ":"1","QV":"1","QM":"1","RQ":"1","Q7":"1","R6":"1","RR":"1","PV":"1"},"W2":{"2X":"1"},"F5":{"MX":"1"},"W4":{"C3":"1","37":"1","94":"1","H5":"1","J4":"1","C4":"1","38":"1","H4":"1","93":"1","J5":"1"},"W3":{"8V":"1","9W":"1","GV":"1","23":"1","9V":"1","22":"1","8W":"1","FV":"1"},"V3":{"X2":"1"},"C2":{"PX":"1"},"C3":{"P2":"1"},"74":{"23":"1"},"F6":{"M2":"1","PF":"1","PC":"1"},"V2":{"Q6":"1","R2":"1","Q5":"1","Q4":"1","XX":"1","V3":"1","R4":"1","R3":"1","Q3":"1","V4":"1","R5":"1","XW":"1"}},"4F":{"W5":{"42":"1"},"93":{"F7":"1","C8":"1","F8":"1","F9":"1","C7":"1"}},"84":{"RQ":{"XQ":"1","XR":"1"},"Q3":{"F2":"1","F5":"1"},"W2":{"6H":"1","4Q":"1"},"RP":{"V2":"1"},"W4":{"5M":"1"},"RM":{"VX":"1","WX":"1","WW":"1","VW":"1"},"V2":{"XJ":"1","XH":"1"}},"86":{"GJ":{"7J":"1","8J":"1","7H":"1","8H":"1","8G":"1"}},"6H":{"W7":{"76":"1","66":"1"}},"63":{"VC":{"R5":"1","Q8":"1","R3":"1","R4":"1","Q7":"1"},"4H":{"65":"1","56":"1","55":"1"},"W9":{"36":"1","35":"1"},"P8":{"R2":"1"},"V9":{"XW":"1","WW":"1","WV":"1"},"3H":{"VC":"1","J4":"1","J7":"1","VF":"1","J2":"1","J6":"1","J8":"1","P4":"1","VG":"1","J5":"1","P2":"1"},"2J":{"WP":"1","VP":"1","VQ":"1","WQ":"1","VR":"1"},"V5":{"87":"1","86":"1"},"P7":{"RX":"1"},"C7":{"W8":"1","X5":"1","W7":"1","XG":"1","W9":"1","X7":"1","XH":"1","X8":"1"},"3G":{"MM":"1","PR":"1","MJ":"1","MV":"1","PH":"1","JJ":"1","PM":"1","PX":"1","MP":"1","MR":"1","MX":"1","MW":"1","JP":"1","PJ":"1","PV":"1","JM":"1","PP":"1","PW":"1","MH":"1","JX":"1"},"4M":{"CQ":"1","FV":"1","FM":"1","CM":"1","CP":"1","FQ":"1","FP":"1","CJ":"1","FJ":"1","CR":"1","FR":"1","GR":"1","CH":"1"},"F7":{"2H":"1","2G":"1"}},"93":{"VP":{"53":"1","52":"1","23":"1","22":"1","33":"1"},"8V":{"VJ":"1","QX":"1","VH":"1","RH":"1"},"7X":{"MW":"1"},"RP":{"X2":"1"},"99":{"C4":"1","C6":"1","F6":"1","C5":"1","FV":"1","F5":"1","F4":"1"},"88":{"VQ":"1","WQ":"1"},"VM":{"2V":"1","5X":"1"},"RM":{"WM":"1","MM":"1"},"8W":{"Q2":"1"},"2F":{"43":"1","5F":"1","57":"1","65":"1","47":"1","48":"1","75":"1","58":"1","33":"1","76":"1","5C":"1","6C":"1","F7":"1"}},"62":{"X9":{"FG":"1","38":"1","GG":"1","48":"1","49":"1"},"X3":{"WH":"1","VP":"1","VJ":"1","WJ":"1","VM":"1","RM":"1","VH":"1"},"JW":{"X3":"1"},"X4":{"Q2":"1"},"WQ":{"H5":"1","H4":"1"}},"F7":{"HV":{"X2":"1","W3":"1","X3":"1","W2":"1","X4":"1","W4":"1","X5":"1"}},"45":{"X3":{"7V":"1","6V":"1","5V":"1","7R":"1","5W":"1"},"X4":{"7J":"1","68":"1","7H":"1","J3":"1","H3":"1","7G":"1"}},"88":{"M8":{"64":"1","29":"1","39":"1","63":"1"},"GG":{"4P":"1","5P":"1","4M":"1","5M":"1","CP":"1"}},"MQ":{"5F":{"W3":"1","X3":"1","X4":"1","W4":"1"},"6F":{"66":"1","65":"1","56":"1","55":"1"},"6C":{"5V":"1","5W":"1"},"5C":{"RG":"1"},"6G":{"CC":"1"}},"GV":{"PH":{"JM":"1","JJ":"1"},"CV":{"J2":"1","M2":"1","J3":"1","M3":"1"}},"3Q":{"P8":{"RC":"1","VF":"1","JH":"1"},"P7":{"CW":"1"}},"95":{"M3":{"G6":"1","M4":"1","G5":"1","4R":"1","G4":"1","F5":"1","P5":"1","M5":"1","F9":"1","C9":"1","F8":"1","C8":"1","P4":"1","3R":"1","2R":"1","4V":"1","F6":"1"},"2P":{"3Q":"1","2R":"1","2V":"1","3R":"1","2Q":"1","2P":"1"}},"52":{"9X":{"C9":"1","M8":"1","M7":"1","HH":"1","CC":"1"},"3J":{"3Q":"1","7H":"1","3P":"1"}},"22":{"CF":{"MR":"1"},"RV":{"68":"1","69":"1","67":"1","78":"1","77":"1"}},"4W":{"XJ":{"JW":"1"},"XM":{"Q2":"1"}},"C7":{"36":{"4W":"1","4V":"1"},"37":{"3C":"1","32":"1","39":"1","42":"1"}},"QJ":{"GG":{"M4":"1","HX":"1","FX":"1","HJ":"1"},"GH":{"H2":"1","G2":"1"}},"83":{"9X":{"W2":"1","4P":"1","Q4":"1","V3":"1","R4":"1","R3":"1","3P":"1","Q9":"1","R5":"1","MH":"1","V2":"1","4M":"1","3M":"1","Q8":"1"},"9W":{"GW":"1","HW":"1","VX":"1","MG":"1","JH":"1","WX":"1","JG":"1","GX":"1","MH":"1","HX":"1"},"CW":{"7J":"1","8J":"1","J2":"1","87":"1"},"R8":{"6H":"1","5C":"1"}},"5M":{"QV":{"MW":"1"}},"GJ":{"QQ":{"62":"1","53":"1","52":"1","63":"1"}},"3C":{"R9":{"GC":"1","F3":"1"},"R8":{"7G":"1","6G":"1"}},"MP":{"QG":{"MC":"1","X4":"1"},"QF":{"VV":"1","VR":"1"}},"78":{"7G":{"J6":"1","H5":"1","J4":"1","H6":"1","H4":"1","J5":"1"}},"39":{"94":{"VG":"1","RG":"1"}},"GR":{"XG":{"6J":"1","6M":"1","5M":"1","5J":"1"},"WG":{"QQ":"1"},"WH":{"RM":"1","JQ":"1","W2":"1","W4":"1","RP":"1","W3":"1","HR":"1","GQ":"1","RQ":"1","W5":"1","VP":"1","HQ":"1","JR":"1","HP":"1","RR":"1","VM":"1"},"WJ":{"J2":"1","J3":"1"},"XH":{"2R":"1","5C":"1","49":"1","4C":"1","59":"1","2Q":"1"}},"55":{"6H":{"2W":"1","2X":"1","3X":"1","3W":"1"},"6J":{"GP":"1","8G":"1","99":"1","7H":"1","7G":"1","GH":"1","G9":"1","F9":"1","CF":"1","9H":"1","GQ":"1","HM":"1","CG":"1","HQ":"1","9G":"1","CX":"1","9C":"1","HP":"1","CH":"1"},"5H":{"GW":"1","GX":"1","GV":"1","FW":"1","FX":"1","JR":"1","JV":"1","FV":"1"},"6M":{"WH":"1","VH":"1","P7":"1"},"5J":{"M7":"1","P9":"1","Q6":"1","PC":"1","P8":"1","M6":"1","Q5":"1","P5":"1","P3":"1","M5":"1","J6":"1","G2":"1","P4":"1","R6":"1","Q7":"1","P7":"1","P6":"1","J5":"1","Q8":"1"},"6P":{"32":"1","23":"1","22":"1","33":"1"}},"CC":{"57":{"W3":"1","X3":"1","W2":"1"},"48":{"5H":"1","5G":"1","6G":"1"},"67":{"MM":"1","45":"1","MJ":"1","24":"1","7P":"1","PM":"1","56":"1","7M":"1","9F":"1","9Q":"1","7C":"1","8Q":"1","CF":"1","46":"1","7F":"1","7Q":"1","8R":"1","33":"1","6F":"1","CC":"1","79":"1","CG":"1","PJ":"1","6M":"1","34":"1","23":"1","9R":"1","6C":"1","6J":"1"}},"HM":{"84":{"CQ":"1","CR":"1","9Q":"1"},"7C":{"43":"1","45":"1","59":"1","77":"1","3F":"1","28":"1","42":"1","66":"1","58":"1","68":"1","46":"1","27":"1","C6":"1","C8":"1","76":"1","C7":"1","F6":"1","F7":"1","67":"1"},"69":{"RX":"1","VX":"1","WQ":"1","WR":"1","RV":"1","QX":"1"},"6F":{"X6":"1","M5":"1"},"JP":{"5H":"1"},"79":{"57":"1","45":"1","44":"1","6F":"1","54":"1","46":"1","67":"1","55":"1"},"6C":{"W8":"1","PR":"1","W7":"1","Q6":"1","R2":"1","X7":"1","Q2":"1","QJ":"1","Q3":"1","QV":"1","QR":"1","X8":"1","R6":"1","R5":"1","PJ":"1","PV":"1","V2":"1"}},"F2":{"Q6":{"73":"1","72":"1"},"Q5":{"8J":"1","7R":"1","5M":"1"},"W2":{"26":"1","27":"1"},"JM":{"X2":"1","X3":"1"},"HH":{"WV":"1"},"JH":{"28":"1","3C":"1"},"MM":{"23":"1","22":"1"},"V2":{"X7":"1"}},"7W":{"C8":{"Q2":"1","XC":"1","R2":"1","X5":"1"},"F8":{"3J":"1"},"C7":{"RX":"1","MR":"1","QX":"1","JR":"1","JV":"1","MV":"1"}},"6J":{"WM":{"64":"1","65":"1","54":"1","55":"1"}},"M8":{"PM":{"7J":"1","7H":"1","C6":"1","C5":"1"}},"58":{"6R":{"8G":"1"}},"5R":{"33":{"GW":"1"}},"8Q":{"96":{"83":"1","84":"1"}},"F3":{"5V":{"G7":"1","G6":"1"}},"76":{"XC":{"6W":"1"},"WV":{"3Q":"1"}},"4G":{"X7":{"97":"1","59":"1"},"WC":{"XF":"1"},"W7":{"W2":"1","R2":"1","W4":"1","W3":"1","V3":"1","R4":"1","R3":"1","V4":"1","V2":"1"},"W6":{"RX":"1","VX":"1","WX":"1"}},"7Q":{"6X":{"9H":"1","9J":"1"}},"J7":{"HM":{"32":"1","42":"1"},"HJ":{"3X":"1"},"5C":{"2H":"1","3H":"1","3G":"1","2G":"1","3F":"1","2F":"1"}},"6V":{"97":{"9R":"1","CQ":"1","CR":"1","9Q":"1"}},"HR":{"24":{"PG":"1","MF":"1","PF":"1","MG":"1","QF":"1","PC":"1"}},"M6":{"6C":{"3H":"1","3G":"1","3J":"1"}},"75":{"68":{"H3":"1"}},"4R":{"2W":{"V9":"1"},"7X":{"78":"1","W3":"1","8P":"1","F6":"1","79":"1","65":"1","87":"1","7V":"1","F8":"1","66":"1","F7":"1","77":"1","X6":"1","76":"1","99":"1","X2":"1","89":"1","75":"1","VH":"1","88":"1","98":"1"},"7W":{"HP":"1","WR":"1"}},"8P":{"VC":{"F2":"1","G4":"1","G3":"1"},"V9":{"CX":"1","FX":"1"}},"82":{"XH":{"9F":"1"},"RH":{"X9":"1","PR":"1","GW":"1","JQ":"1","XC":"1","QP":"1","XG":"1","2G":"1","W9":"1","MG":"1","7H":"1","PX":"1","8J":"1","7G":"1","WF":"1","WC":"1","XH":"1","7C":"1","MF":"1","H8":"1","6G":"1","6H":"1","7F":"1","XF":"1","6F":"1","QV":"1","WG":"1","PG":"1","J8":"1","32":"1","8H":"1","QX":"1","PQ":"1","MH":"1","2F":"1","6C":"1"},"WR":{"2F":"1"},"QH":{"7R":"1","VC":"1","7P":"1","6Q":"1","WC":"1","WF":"1","VF":"1","7Q":"1","6P":"1"},"F6":{"VC":"1","WP":"1","VP":"1","VQ":"1","WQ":"1","VX":"1","V9":"1","VW":"1"},"FR":{"GQ":"1","GP":"1","GM":"1"},"MX":{"5M":"1","5J":"1"},"RG":{"JF":"1","JG":"1","MF":"1","2X":"1","3X":"1","MG":"1"},"QF":{"WP":"1","WM":"1"},"P3":{"3C":"1"},"RJ":{"3F":"1","G2":"1","J6":"1","4J":"1","H9":"1","P6":"1","R8":"1","C3":"1","WX":"1","JF":"1","V6":"1","G9":"1","87":"1","VW":"1","MG":"1","WV":"1","F2":"1","55":"1","R7":"1","WW":"1","Q2":"1","V7":"1","G3":"1","F8":"1","3G":"1","FG":"1","97":"1","C2":"1","WP":"1","VX":"1","P2":"1","F7":"1","H8":"1","RP":"1","99":"1","RM":"1","J5":"1","F3":"1","QP":"1","W9":"1","WQ":"1","R4":"1","RX":"1","98":"1","VP":"1","VM":"1","XX":"1","R6":"1"},"VG":{"M7":"1","FR":"1","CR":"1","P6":"1","CV":"1","M6":"1","FV":"1"},"QR":{"45":"1","46":"1"},"XJ":{"83":"1","92":"1","94":"1","93":"1"},"MR":{"JX":"1"},"27":{"J6":"1","J5":"1"},"V2":{"H3":"1"},"RM":{"MM":"1","89":"1","MJ":"1","X5":"1","W2":"1","JJ":"1","Q6":"1","R2":"1","X7":"1","X4":"1","V3":"1","R4":"1","R3":"1","Q3":"1","C6":"1","V5":"1","V4":"1","R5":"1","C7":"1","JM":"1","F6":"1","8C":"1","V2":"1","F7":"1","P2":"1"},"MV":{"J2":"1","J3":"1"},"VJ":{"J9":"1","W2":"1","2G":"1","26":"1","P3":"1","R7":"1","69":"1","27":"1","R8":"1","3G":"1","37":"1","36":"1","P2":"1"},"GQ":{"2M":"1","2P":"1"},"QP":{"33":"1"},"3Q":{"J2":"1"},"VH":{"2H":"1","MW":"1","PW":"1","2J":"1","2G":"1","WX":"1","2F":"1","PX":"1"},"3P":{"HW":"1","PR":"1","JV":"1","QM":"1","HV":"1"},"FQ":{"XP":"1","WP":"1","WM":"1","XM":"1"},"WJ":{"4P":"1","7H":"1","4Q":"1","4J":"1","4H":"1","3P":"1"},"QQ":{"HW":"1"},"QJ":{"73":"1","GP":"1","GM":"1","72":"1"},"QM":{"98":"1","89":"1","99":"1","Q5":"1","Q4":"1","F9":"1","R4":"1","R3":"1","C9":"1","F8":"1","Q3":"1","C6":"1","C8":"1","96":"1","88":"1","R5":"1","87":"1","97":"1","C7":"1","F7":"1"},"VM":{"24":"1","84":"1","25":"1","93":"1","83":"1","V3":"1","R4":"1","R3":"1","V5":"1","V4":"1","R5":"1","94":"1"}},"QP":{"RF":{"XH":"1"}},"R8":{"GJ":{"J2":"1","G2":"1","M2":"1","G3":"1","J3":"1","M3":"1"},"M9":{"6C":"1"},"GH":{"JX":"1","MX":"1"}},"4X":{"RV":{"J2":"1","H2":"1","J3":"1","H3":"1"},"QV":{"H2":"1","H6":"1","H3":"1"}},"PR":{"CF":{"FQ":"1","GQ":"1","GP":"1","FP":"1","GR":"1"}},"5H":{"GG":{"QR":"1","RR":"1"}},"3M":{"J4":{"94":"1"}},"HQ":{"75":{"2R":"1","2Q":"1"},"65":{"WP":"1","WM":"1","XQ":"1","XR":"1"},"PJ":{"W3":"1","W2":"1","V3":"1","V2":"1"}},"5X":{"X6":{"JG":"1"}},"HF":{"3F":{"Q6":"1","Q5":"1","P5":"1","P6":"1"},"22":{"MM":"1","JQ":"1","JJ":"1","4H":"1","2G":"1","MQ":"1","2H":"1","MP":"1","2J":"1","JP":"1","4J":"1","2C":"1","JM":"1"}},"96":{"8X":{"7P":"1","8P":"1","7M":"1","7H":"1","9P":"1","8J":"1","9M":"1","9Q":"1","8Q":"1","6H":"1","7J":"1","8R":"1","6P":"1","6M":"1","9R":"1","6J":"1","8M":"1"},"J9":{"HM":"1","JM":"1","HH":"1","HJ":"1","JH":"1","JJ":"1"}},"8F":{"4G":{"G9":"1","GC":"1","6C":"1","69":"1","GF":"1","79":"1"},"4F":{"6H":"1","26":"1","46":"1","27":"1","47":"1","6G":"1"},"3F":{"X6":"1","X7":"1"}},"98":{"M5":{"HW":"1","JX":"1","HX":"1","JW":"1","JV":"1"}},"5F":{"89":{"8M":"1"},"54":{"8M":"1"},"87":{"JC":"1"},"VR":{"83":"1","73":"1","75":"1","74":"1","85":"1","84":"1"},"7C":{"P2":"1","Q4":"1","C4":"1","M2":"1","95":"1","C5":"1","F5":"1","F4":"1","F3":"1","78":"1"},"79":{"H7":"1","P9":"1","PC":"1","JC":"1","MP":"1","MX":"1","MC":"1","QV":"1","QR":"1","CC":"1","G7":"1","PF":"1","M9":"1","JR":"1"}},"5Q":{"8F":{"M3":"1"}},"H5":{"9G":{"5V":"1"},"88":{"7H":"1","8P":"1","8M":"1"}},"79":{"57":{"W2":"1","V3":"1","R2":"1","V2":"1"},"66":{"4W":"1","4X":"1"},"WM":{"XG":"1"},"56":{"VX":"1","WX":"1"},"XM":{"2G":"1","2F":"1"}},"28":{"7W":{"36":"1","27":"1"}},"72":{"PG":{"6R":"1","5V":"1"},"QP":{"32":"1","F7":"1","9C":"1","9F":"1"},"VP":{"XP":"1","WP":"1","WM":"1","XQ":"1","XM":"1"},"45":{"W3":"1","W2":"1","W4":"1","V3":"1","V4":"1","V2":"1"},"MH":{"W4":"1"},"44":{"VX":"1","WX":"1"},"PH":{"CF":"1"},"34":{"MJ":"1","43":"1","53":"1","5F":"1","86":"1","6G":"1","35":"1","52":"1","6F":"1","5G":"1","63":"1","66":"1","25":"1","42":"1","76":"1","RM":"1","44":"1","QM":"1","62":"1"},"24":{"X6":"1","V7":"1","V6":"1"},"QM":{"3X":"1","3W":"1"}},"C3":{"CM":{"WX":"1","WW":"1","VW":"1"}},"2J":{"R5":{"9F":"1"},"3X":{"8P":"1","7M":"1","9P":"1","8J":"1","9Q":"1","8Q":"1","7J":"1","8R":"1","35":"1","34":"1","8M":"1"},"3W":{"Q6":"1","Q5":"1","P5":"1","P6":"1"}},"2H":{"X9":{"G3":"1"}},"77":{"C9":{"W2":"1","X4":"1","V2":"1"},"F7":{"C2":"1","F5":"1","F4":"1"},"C8":{"RQ":"1","P2":"1","PM":"1","VP":"1","M8":"1","MW":"1","VQ":"1","RR":"1","J4":"1","PW":"1","MF":"1","VX":"1","VR":"1","RP":"1","M2":"1","MR":"1","PR":"1","JR":"1","PV":"1","MG":"1","MV":"1","WX":"1"},"F8":{"4Q":"1"},"99":{"HH":"1","CG":"1","HF":"1","HP":"1","GJ":"1","HG":"1","JF":"1","CF":"1","GF":"1","FH":"1","GH":"1","FC":"1","HJ":"1","FG":"1","JH":"1","FJ":"1","GG":"1","FF":"1","GM":"1","HM":"1","JJ":"1","GP":"1","JG":"1","CH":"1"},"F9":{"28":"1","29":"1"},"C7":{"G7":"1","GX":"1","MX":"1","F7":"1","F6":"1","F8":"1","G8":"1"},"78":{"RH":"1","QH":"1","P9":"1","RC":"1","PG":"1","PF":"1","RG":"1","Q9":"1","QF":"1","RF":"1","QG":"1","VG":"1","PC":"1","VF":"1","QC":"1","R9":"1","Q8":"1","VH":"1","VC":"1","P8":"1","V9":"1"}},"4H":{"8V":{"PH":"1","RG":"1","RP":"1","RH":"1","QG":"1","QJ":"1","WG":"1","PJ":"1","QH":"1"}},"3H":{"4F":{"FC":"1","FF":"1","CF":"1","CC":"1"},"5F":{"4F":"1","57":"1","59":"1","5J":"1","56":"1","4C":"1","38":"1","48":"1","69":"1","68":"1","58":"1","55":"1","G3":"1","49":"1","39":"1","67":"1"},"4H":{"W6":"1"},"59":{"J4":"1","WW":"1"},"4C":{"VC":"1"},"3C":{"Q2":"1","P2":"1","X9":"1","W3":"1","W2":"1","R3":"1","V3":"1","R2":"1","V2":"1"},"49":{"W9":"1","V9":"1","XH":"1"},"39":{"HV":"1","WX":"1","VW":"1","WV":"1","HR":"1","RW":"1","QX":"1","WW":"1","QR":"1","GV":"1","PR":"1","QV":"1","GW":"1","PW":"1","RR":"1","VX":"1","GR":"1","HQ":"1","VV":"1","GQ":"1","HW":"1","RV":"1","QW":"1","RX":"1","PX":"1","PV":"1"},"5C":{"99":"1","H9":"1","8X":"1","Q6":"1","V6":"1","P8":"1","MG":"1","4Q":"1","Q5":"1","G9":"1","P5":"1","8Q":"1","H8":"1","G8":"1","Q7":"1","R6":"1","Q9":"1","P7":"1","85":"1","P6":"1","F6":"1","V2":"1","Q8":"1"}},"6M":{"X9":{"HH":"1","R5":"1","QH":"1","P6":"1","9M":"1","GJ":"1","PG":"1","HG":"1","PF":"1","QG":"1","MF":"1","R7":"1","PH":"1","Q5":"1","GX":"1","X7":"1","CM":"1","PC":"1","X6":"1","9P":"1","9Q":"1","MC":"1","R4":"1","CP":"1","Q6":"1","GP":"1","MQ":"1","R6":"1"},"XC":{"G5":"1","8X":"1","77":"1","9W":"1","GM":"1","68":"1","96":"1","Q7":"1","88":"1","78":"1","8W":"1","5R":"1","Q8":"1","67":"1"},"W9":{"MM":"1","MJ":"1","PM":"1","XJ":"1","VV":"1","WV":"1","QR":"1","RQ":"1","QQ":"1","PJ":"1","CX":"1","WW":"1"},"X7":{"RP":"1","RV":"1","QV":"1","QR":"1","RQ":"1","QQ":"1","VP":"1","QW":"1","QX":"1","RR":"1","PV":"1","PW":"1","VQ":"1"},"X6":{"VX":"1","W4":"1","XV":"1","WV":"1","VJ":"1","XR":"1","VP":"1","VW":"1","VQ":"1","VM":"1"},"WC":{"R2":"1"},"WF":{"G7":"1","G6":"1"},"6H":{"29":"1","2C":"1"},"XF":{"F7":"1","C8":"1","JM":"1","C7":"1"},"RC":{"W4":"1"},"V8":{"JR":"1","JV":"1","JQ":"1"}},"6F":{"W5":{"36":"1","35":"1","34":"1"},"W4":{"MC":"1","MF":"1","PF":"1","M9":"1","PC":"1"},"V4":{"GP":"1","HJ":"1","FC":"1","8X":"1","FM":"1","JJ":"1","GM":"1","JH":"1","GJ":"1","F9":"1","HM":"1","HH":"1","XW":"1"},"V5":{"5F":"1","53":"1","4F":"1","5C":"1","4C":"1","63":"1"}},"97":{"5F":{"3V":"1","2W":"1","4W":"1","4V":"1","2X":"1","5V":"1","3X":"1","5X":"1","3W":"1","5W":"1","4X":"1"},"5H":{"64":"1","X2":"1","65":"1"},"3J":{"XQ":"1","XR":"1","WQ":"1","WR":"1","WX":"1","WW":"1"},"4J":{"J2":"1","M2":"1","98":"1"},"5C":{"8G":"1","7P":"1","8P":"1","7M":"1","7H":"1","8J":"1","8Q":"1","7J":"1","7Q":"1","8H":"1","8M":"1"},"5G":{"43":"1","45":"1","22":"1","86":"1","54":"1","5F":"1","24":"1","J3":"1","H3":"1","3V":"1","5J":"1","3W":"1","J4":"1","25":"1","2V":"1","42":"1","6H":"1","6G":"1","2X":"1","33":"1","44":"1","35":"1","88":"1","5H":"1","4J":"1","5M":"1","53":"1","87":"1","2W":"1","32":"1","2R":"1","5V":"1","97":"1","34":"1","23":"1","52":"1","4M":"1","H4":"1","5G":"1"},"5J":{"HW":"1","P8":"1","P7":"1","HV":"1"},"4H":{"WH":"1","WJ":"1","Q5":"1","WF":"1","VF":"1","VH":"1","QG":"1","C6":"1","96":"1","VJ":"1","WG":"1","PG":"1","R5":"1","97":"1","C7":"1","PQ":"1","VG":"1"}},"6C":{"89":{"64":"1"}},"73":{"4F":{"GF":"1","H9":"1","GG":"1","HC":"1","93":"1","Q2":"1","7C":"1","92":"1","2J":"1","79":"1","HF":"1","P2":"1","94":"1"},"5F":{"RM":"1","77":"1","R9":"1","75":"1","J2":"1","76":"1","R8":"1","Q9":"1","M2":"1","74":"1","VP":"1","QC":"1","78":"1","M3":"1","VM":"1"},"59":{"6C":"1","CG":"1","49":"1","2P":"1","4J":"1","4M":"1","PG":"1","PF":"1","3M":"1","5V":"1","CF":"1","3J":"1","RW":"1","W8":"1","5G":"1","2H":"1","58":"1","48":"1","GW":"1","FG":"1","59":"1","2G":"1","X7":"1","W7":"1","5P":"1","5Q":"1","5H":"1","MV":"1","X8":"1","HW":"1","RV":"1","FF":"1","69":"1","3P":"1","5R":"1","57":"1","MW":"1"},"4C":{"W8":"1","W7":"1","CM":"1","PX":"1","9M":"1","RV":"1","VV":"1","CJ":"1","PF":"1","QX":"1","VW":"1","RW":"1","9J":"1","QF":"1"},"3C":{"92":"1","C2":"1"},"69":{"X9":"1","W8":"1","VC":"1","W7":"1","WR":"1","W9":"1","X7":"1","XV":"1","WF":"1","WC":"1","VF":"1","WV":"1","WG":"1","X8":"1","XR":"1","VG":"1"},"68":{"R5":"1","3C":"1","2C":"1","3G":"1","2G":"1","3F":"1","2F":"1"},"58":{"HH":"1","HF":"1","H9":"1","MM":"1","RC":"1","G7":"1","X9":"1","HG":"1","G9":"1","GC":"1","GF":"1","F9":"1","F8":"1","JH":"1","HC":"1","GG":"1","H8":"1","R9":"1","MP":"1","XC":"1","G8":"1","JG":"1"},"PG":{"4R":"1","5R":"1","4V":"1","5V":"1"},"49":{"GP":"1","RF":"1","WR":"1","W9":"1","WQ":"1","VR":"1","5P":"1","47":"1","XV":"1","XM":"1","WV":"1","46":"1","GQ":"1","C8":"1","RC":"1","XR":"1","5M":"1","VP":"1","QC":"1","HQ":"1","HP":"1","97":"1","C7":"1","QF":"1","VQ":"1"},"79":{"MP":"1","29":"1","2C":"1","PQ":"1","PP":"1","5V":"1","PR":"1","MQ":"1"},"4J":{"63":"1","54":"1","5F":"1","57":"1","65":"1","64":"1","56":"1","47":"1","CF":"1","58":"1","55":"1","46":"1","6F":"1","53":"1","5C":"1","6C":"1","67":"1"},"7V":{"MR":"1","MV":"1"},"39":{"9X":"1","CX":"1"},"6P":{"WP":"1","VP":"1","WM":"1","VJ":"1","WJ":"1","VM":"1"},"5C":{"HH":"1","36":"1","MJ":"1","HF":"1","8P":"1","MM":"1","HP":"1","8R":"1","HG":"1","38":"1","JF":"1","86":"1","V6":"1","39":"1","87":"1","MX":"1","P3":"1","8Q":"1","JM":"1","R7":"1","JQ":"1","5W":"1","V7":"1","97":"1","CV":"1","HC":"1","5X":"1","25":"1","GG":"1","Q3":"1","9Q":"1","6W":"1","96":"1","23":"1","JX":"1","JP":"1","JJ":"1","CR":"1","R6":"1"}},"JP":{"7F":{"4P":"1","76":"1","66":"1","75":"1","FG":"1","67":"1","77":"1"},"6G":{"QH":"1","RH":"1"}},"7P":{"99":{"8G":"1"}},"4V":{"97":{"6G":"1"},"WC":{"9C":"1"},"72":{"X8":"1"}},"C2":{"83":{"X3":"1","X4":"1"},"2H":{"X9":"1","X8":"1"},"3H":{"29":"1","38":"1","47":"1","28":"1","48":"1","49":"1","39":"1","37":"1"},"2G":{"XV":"1","XR":"1"},"VR":{"76":"1","85":"1","86":"1"},"93":{"23":"1","24":"1"},"3P":{"GF":"1"}},"PV":{"WQ":{"9H":"1","9G":"1","8G":"1"}},"V6":{"F2":{"RX":"1","VM":"1","RM":"1"},"G3":{"8J":"1","22":"1","34":"1","33":"1"},"F3":{"X6":"1","X7":"1","W7":"1","W6":"1","R2":"1"}},"85":{"XP":{"XP":"1","XQ":"1","XV":"1","XR":"1"},"3J":{"GP":"1","5W":"1","P9":"1","JC":"1","HC":"1","7W":"1","GQ":"1","7V":"1","JF":"1","6W":"1","QW":"1","5V":"1","HF":"1","JM":"1","6V":"1","6X":"1"}},"3J":{"QP":{"5M":"1"}},"5W":{"P2":{"JM":"1","MM":"1"},"P3":{"R3":"1","R4":"1"}},"3X":{"RP":{"CC":"1"},"RM":{"6Q":"1","5Q":"1","7P":"1","5P":"1","6M":"1","6P":"1"}},"7J":{"V5":{"8V":"1","7V":"1","7R":"1","8R":"1"}},"57":{"8G":{"HF":"1"}},"3G":{"XX":{"H8":"1"}},"99":{"C3":{"7F":"1","3G":"1","3F":"1","7G":"1","8G":"1"}},"7M":{"28":{"F2":"1","F7":"1","C6":"1","6M":"1","F6":"1","C2":"1","C7":"1","6P":"1"},"29":{"FM":"1","HM":"1","HP":"1","85":"1","84":"1","JG":"1","26":"1","FJ":"1","27":"1","MG":"1"},"2C":{"76":"1","75":"1","8F":"1","85":"1","86":"1","8C":"1"},"27":{"P9":"1","G7":"1","FR":"1","HV":"1","HP":"1","FX":"1","QR":"1","GV":"1","FW":"1","H6":"1","FV":"1","P7":"1","PC":"1","GR":"1","HQ":"1","H7":"1","G6":"1","H8":"1","MV":"1","GQ":"1","FQ":"1","G8":"1","JP":"1","J9":"1","GP":"1","MW":"1","JC":"1"}},"6P":{"5M":{"FQ":"1","GV":"1","JH":"1"}},"RR":{"3M":{"M8":"1","P8":"1","M7":"1","P7":"1"},"4M":{"8V":"1","8P":"1","8Q":"1","8R":"1"}},"HJ":{"3H":{"X9":"1","W9":"1","XC":"1","VR":"1","WR":"1","WC":"1","WV":"1"},"3J":{"X6":"1","W3":"1","M8":"1","W2":"1","J8":"1","J9":"1","M9":"1"},"J5":{"FJ":"1","CJ":"1"}},"JV":{"4F":{"Q6":"1","M8":"1","P6":"1"}},"43":{"55":{"QQ":"1"}},"64":{"CP":{"76":"1","87":"1","86":"1","77":"1"}},"8C":{"C9":{"2C":"1","2G":"1","2F":"1"},"99":{"XF":"1","VV":"1","WW":"1","VW":"1","WV":"1"}},"G6":{"4Q":{"HM":"1","HJ":"1","GM":"1"}}}}