{"index":{"university,1|retail,2|tourism,3|wreck,4|historical,5|artsCulture,6|namedBuilding,7|water,8|wetland,9|park,10|beach,11|natureReserve,12|cemetery,13|trail,14":{}},"9M":{"46":{"6H":{"CX":"1","FW":"1","FR":"1","CW":"1","CV":"1","FV":"1"},"2X":{"3V":"1"},"XM":{"JJ":"1","GR":"1","MJ":"1"}},"4H":{"VC":{"2C":"1","2F":"1"}},"44":{"GQ":{"2W":"1","2V":"1"},"32":{"C3":"1","F2":"1","G4":"1","G2":"1","G3":"1","H3":"1","C2":"1","F4":"1","F3":"1"}},"3G":{"5H":{"RX":"1","RW":"1"},"26":{"64":"1","75":"1","74":"1"}},"V8":{"FG":{"3J":"1"}},"7J":{"XW":{"X5":"1","P9":"1","PC":"1","X6":"1","P8":"1","R9":"1","XP":"1","RG":"1","Q5":"1","Q4":"1","XM":"1","XX":"1","R4":"1","QG":"1","Q9":"1","R5":"1","QC":"1","Q8":"1"},"X9":{"4Q":"1"},"XQ":{"WR":"1","P9":"1","M4":"1","P6":"1","VQ":"1","XW":"1","R8":"1","WX":"1","Q9":"1","VW":"1","P3":"1","WV":"1","R7":"1","Q5":"1","WW":"1","Q7":"1","M3":"1","VR":"1","WP":"1","P7":"1","PC":"1","VX":"1","RP":"1","VV":"1","RM":"1","Q8":"1","P4":"1","WQ":"1","Q6":"1","VM":"1","VP":"1","P8":"1","XX":"1","R6":"1"},"XJ":{"94":"1","85":"1","84":"1","97":"1","95":"1","96":"1","86":"1","98":"1"},"XV":{"M4":"1","MP":"1","JP":"1","MR":"1","JM":"1","J3":"1","MQ":"1","JR":"1","MV":"1","MM":"1","JJ":"1","M3":"1","MJ":"1","JQ":"1"},"XX":{"X2":"1","W4":"1"}},"C7":{"C2":{"X9":"1","W9":"1","WF":"1","XF":"1","XC":"1","WC":"1"}},"3J":{"GW":{"J8":"1","J9":"1"}},"C3":{"MG":{"R2":"1"}},"CJ":{"F6":{"2G":"1"},"5G":{"HH":"1","HJ":"1","JH":"1","JJ":"1"},"79":{"XP":"1"}},"CX":{"J5":{"4P":"1"}},"34":{"J7":{"2P":"1"},"55":{"3W":"1"}},"37":{"XW":{"83":"1","5C":"1","49":"1","4C":"1","59":"1"},"X8":{"5P":"1","6M":"1","5M":"1","6P":"1"},"XV":{"M8":"1","M9":"1"},"W8":{"VJ":"1","VM":"1"},"XX":{"59":"1","69":"1","27":"1","52":"1","37":"1","5C":"1","6C":"1","36":"1"}},"24":{"76":{"CF":"1"},"4G":{"HW":"1","JX":"1","HX":"1"},"4H":{"H2":"1"}},"42":{"29":{"F4":"1","F5":"1","F3":"1","C3":"1","79":"1","78":"1","C4":"1"}},"59":{"R5":{"GP":"1","RM":"1","RJ":"1","QM":"1","JP":"1","RC":"1","Q9":"1","QC":"1","QF":"1","MH":"1"},"Q6":{"G7":"1","G8":"1"},"H8":{"RJ":"1","VJ":"1","VM":"1","RM":"1"},"Q4":{"4H":"1","5F":"1","38":"1","66":"1","3H":"1","4J":"1","3J":"1","3G":"1","5C":"1","4M":"1","67":"1","4G":"1"},"Q3":{"8Q":"1","3W":"1","8R":"1"},"QJ":{"92":"1"},"P5":{"V2":"1"},"P4":{"WM":"1","VX":"1","WJ":"1"},"P3":{"WC":"1"},"Q8":{"QR":"1","RW":"1","QW":"1","RV":"1","QV":"1"},"QH":{"9X":"1"}},"5H":{"MM":{"XG":"1","X6":"1","XQ":"1","X7":"1","XR":"1"},"PC":{"CQ":"1","FW":"1","8X":"1","CP":"1","F3":"1","CR":"1","FR":"1","F2":"1","GQ":"1","CV":"1","GR":"1"},"PM":{"26":"1","27":"1"},"R9":{"83":"1","82":"1"},"R7":{"9W":"1","9V":"1"},"3C":{"X3":"1","X4":"1"},"R8":{"FC":"1","G9":"1","F9":"1"},"PF":{"83":"1","C9":"1","93":"1","99":"1","F9":"1","98":"1"}},"7M":{"X2":{"M4":"1","P2":"1","Q2":"1","Q3":"1","P5":"1","P4":"1","P3":"1"}},"54":{"38":{"MP":"1","PM":"1","MH":"1","JM":"1","PJ":"1","MM":"1","JJ":"1","MJ":"1"},"8X":{"P2":"1","M2":"1"},"8W":{"MW":"1","JX":"1","MX":"1","JW":"1","PX":"1"}},"94":{"QJ":{"RQ":"1","VQ":"1","VR":"1"}},"96":{"65":{"WP":"1","WM":"1"}},"8J":{"2V":{"86":"1","57":"1","56":"1","75":"1","7C":"1","69":"1","68":"1","7F":"1","76":"1","79":"1","78":"1","85":"1","6C":"1"},"4W":{"C9":"1","C8":"1"},"2P":{"GW":"1","FW":"1","FV":"1","FM":"1","FP":"1","FQ":"1","HR":"1","GV":"1","FR":"1","GQ":"1","HQ":"1","GR":"1"},"2Q":{"98":"1","4F":"1","99":"1","QP":"1","59":"1","4C":"1","3F":"1","38":"1","47":"1","RP":"1","48":"1","RV":"1","3C":"1","58":"1","46":"1","QV":"1","QR":"1","49":"1","RQ":"1","QQ":"1","39":"1","RR":"1","37":"1","5C":"1","36":"1"},"2X":{"CQ":"1","8G":"1","22":"1","8J":"1","CP":"1","7G":"1","6G":"1","7F":"1","6F":"1","9G":"1","8H":"1","6C":"1"},"3X":{"64":"1","57":"1","76":"1","3C":"1","29":"1","66":"1","75":"1","65":"1","68":"1","2C":"1","56":"1","67":"1","58":"1","2F":"1","78":"1","77":"1"},"2W":{"G5":"1","H6":"1","F4":"1","26":"1","G4":"1","J4":"1","25":"1","F5":"1","F3":"1","2P":"1","2J":"1","2M":"1","G3":"1","4J":"1","P7":"1","3J":"1","P6":"1","4M":"1","3M":"1"},"2R":{"CQ":"1","GP":"1","43":"1","5W":"1","42":"1","FP":"1","GM":"1","9Q":"1","CR":"1","53":"1","5V":"1","HP":"1","52":"1","9R":"1"},"CX":{"PM":"1"}},"8P":{"4H":{"3V":"1","5Q":"1","4R":"1","5R":"1","4Q":"1","4V":"1","3R":"1"}},"77":{"9X":{"RX":"1","RW":"1","QW":"1"}},"32":{"QV":{"5W":"1"}},"8M":{"22":{"5Q":"1","MH":"1","5P":"1","JH":"1","5M":"1","JJ":"1"},"5C":{"WP":"1","VP":"1","WQ":"1"},"24":{"H6":"1"},"7G":{"8V":"1","7Q":"1","8Q":"1","8W":"1","8R":"1"},"6G":{"VP":"1","XQ":"1","VV":"1","VR":"1","VM":"1"}},"25":{"8F":{"H8":"1","H9":"1","G3":"1","H3":"1"}},"36":{"XX":{"WQ":"1"}},"CP":{"CJ":{"6H":"1","5H":"1","5G":"1","6G":"1"}},"76":{"MC":{"M4":"1","J4":"1","J3":"1","M3":"1"},"PW":{"FG":"1","FM":"1","GM":"1","CJ":"1","CF":"1","FF":"1","CG":"1","87":"1","CH":"1"},"6C":{"V8":"1","V9":"1"},"PV":{"7F":"1","7C":"1"}},"75":{"22":{"28":"1","3C":"1","29":"1","2C":"1","3F":"1","27":"1","2F":"1"}},"87":{"F2":{"GV":"1","H2":"1"},"G2":{"FQ":"1","7J":"1","6H":"1","45":"1","35":"1","6G":"1","7M":"1"},"3J":{"FQ":"1","FM":"1","CM":"1","CQ":"1","FP":"1","CJ":"1","CP":"1"},"G3":{"89":"1","99":"1","9C":"1","88":"1","CC":"1","98":"1"}},"XC":{"F9":{"RJ":"1","QJ":"1","QH":"1","RH":"1"},"95":{"2F":"1"},"96":{"34":"1"},"86":{"W6":"1","X7":"1","R9":"1","R7":"1","V3":"1","R8":"1","X8":"1","Q7":"1","W5":"1","V2":"1"}},"27":{"7J":{"H9":"1","G9":"1","GC":"1","HC":"1"}},"86":{"GW":{"5P":"1","2X":"1","5M":"1"},"GX":{"3C":"1","5F":"1","FM":"1","2W":"1","6H":"1","6F":"1","4F":"1","3F":"1","2X":"1","GJ":"1","4C":"1","7G":"1","5G":"1","6G":"1","GM":"1"},"FW":{"4X":"1","8X":"1","CW":"1","HV":"1","6M":"1","7M":"1","6P":"1","MX":"1","FX":"1","RW":"1","9V":"1","6X":"1","7W":"1","FW":"1","7P":"1","CV":"1","7X":"1","9R":"1","VX":"1","RV":"1","4W":"1","CX":"1","9W":"1","6V":"1","6W":"1","8W":"1","JX":"1","QW":"1","9X":"1","RX":"1","CR":"1"},"CX":{"X9":"1","XC":"1","XG":"1","WH":"1","WJ":"1","XH":"1","VH":"1","XF":"1","VJ":"1","WG":"1"},"8X":{"X2":"1","X3":"1"},"FX":{"82":"1","CG":"1","3G":"1","3J":"1","35":"1","3H":"1","C3":"1","7C":"1","W5":"1","37":"1","XV":"1","8H":"1","42":"1","Q2":"1","M2":"1","26":"1","7G":"1","25":"1","36":"1","7F":"1","75":"1","J3":"1","9M":"1","87":"1","92":"1","27":"1","FG":"1","8G":"1","2C":"1","2F":"1","C6":"1","73":"1","29":"1","65":"1","X4":"1","64":"1","72":"1","C2":"1","63":"1","8F":"1","WG":"1","74":"1","9J":"1","FH":"1","X5":"1","W6":"1","W4":"1","M4":"1","F2":"1","28":"1","83":"1","FJ":"1","J4":"1"},"H3":{"36":"1","37":"1","26":"1","25":"1","35":"1","27":"1"},"JV":{"3Q":"1","2R":"1","2V":"1","2Q":"1","2P":"1"},"4X":{"PH":"1","PC":"1","QG":"1","QJ":"1","PG":"1","PF":"1","Q9":"1","QC":"1","QF":"1","QH":"1"},"8W":{"XX":"1"}},"49":{"QR":{"7X":"1","6X":"1"},"QW":{"C8":"1"},"QV":{"62":"1","72":"1"}},"8G":{"7F":{"2H":"1","3H":"1"},"7H":{"JG":"1"},"38":{"3C":"1","3F":"1"},"7G":{"J3":"1"}},"33":{"WP":{"HF":"1"},"G6":{"C9":"1","FC":"1","M8":"1","F7":"1","G6":"1","FF":"1","J8":"1","F6":"1","CF":"1","F8":"1","F9":"1","QG":"1","QF":"1","RG":"1","G5":"1","CC":"1","F5":"1","C7":"1"},"F6":{"J7":"1","P3":"1","J3":"1","R4":"1","H7":"1"},"46":{"R2":"1"},"V2":{"RJ":"1","WH":"1","VJ":"1","WJ":"1","VM":"1","RM":"1","VH":"1"}},"HR":{"M9":{"GW":"1","GX":"1","FW":"1","FX":"1"}},"5C":{"M3":{"R9":"1","V9":"1","MG":"1"}},"55":{"9W":{"WM":"1","FG":"1","CH":"1","RP":"1","FJ":"1","FH":"1"},"9M":{"6Q":"1"},"9P":{"FQ":"1","FM":"1","89":"1","CQ":"1","MH":"1","GP":"1","FP":"1","CR":"1","HJ":"1","GJ":"1","GM":"1","MJ":"1","79":"1","77":"1"},"8Q":{"R5":"1","RH":"1","XF":"1","VQ":"1","R8":"1","X9":"1","XM":"1","XG":"1","RQ":"1","RJ":"1","R7":"1","VG":"1","Q7":"1","WM":"1","HJ":"1","VR":"1","WP":"1","XP":"1","RR":"1","RM":"1","WH":"1","X8":"1","VJ":"1","WG":"1","Q8":"1","VH":"1","WF":"1","WJ":"1","VC":"1","QJ":"1","HM":"1","WQ":"1","Q6":"1","VM":"1","VP":"1","R6":"1","V9":"1"},"9Q":{"83":"1","28":"1","29":"1","94":"1","3M":"1","85":"1","84":"1","2G":"1","3J":"1","93":"1","86":"1","3P":"1"},"CW":{"7J":"1","8J":"1","9H":"1","9G":"1","8H":"1","7M":"1","8M":"1"},"PJ":{"QX":"1","PX":"1"},"RH":{"83":"1","73":"1","74":"1","84":"1"}},"X8":{"C5":{"3G":"1","3X":"1"}},"65":{"W4":{"Q6":"1","R7":"1","Q7":"1"},"X4":{"36":"1","26":"1","25":"1","35":"1","27":"1"},"Q4":{"28":"1","37":"1","52":"1","38":"1","4M":"1"},"V3":{"8X":"1","CW":"1","2V":"1","CV":"1","2W":"1","2R":"1","8V":"1","8W":"1"},"F9":{"6Q":"1","6R":"1","7Q":"1","7R":"1"},"69":{"7F":"1","G9":"1","7C":"1"},"R4":{"R7":"1"},"R3":{"W2":"1","WR":"1","VR":"1","RP":"1","XV":"1","W3":"1","VV":"1","XX":"1","WV":"1","WX":"1","RQ":"1","XR":"1","VP":"1","VW":"1","RR":"1","XW":"1","WW":"1","VQ":"1"},"Q3":{"6X":"1","5X":"1","7W":"1","4X":"1","6W":"1"},"X2":{"X9":"1","X6":"1","X8":"1","X7":"1","XC":"1"},"P2":{"QQ":"1","QR":"1","RR":"1","VV":"1","VR":"1","RV":"1","VW":"1"}},"43":{"J6":{"9C":"1","CC":"1","9F":"1"},"3X":{"FX":"1"}},"3P":{"M9":{"MM":"1","MJ":"1","PH":"1","MG":"1","PG":"1","JG":"1","PJ":"1","MH":"1"},"PC":{"CP":"1"}},"64":{"XW":{"R5":"1","M4":"1","Q6":"1","P2":"1","Q2":"1","73":"1","Q4":"1","R6":"1","Q3":"1","Q5":"1","H5":"1","P5":"1","P8":"1","P4":"1","P3":"1","R3":"1","R2":"1","P7":"1","M3":"1","72":"1"},"XV":{"WH":"1","P8":"1","FR":"1","CR":"1","WJ":"1","QX":"1","MM":"1","P7":"1","MJ":"1","FV":"1"},"WW":{"M4":"1","M3":"1"},"WV":{"MX":"1","PX":"1"}},"56":{"XP":{"XX":"1","WX":"1","WW":"1"},"9H":{"68":"1","69":"1"},"MW":{"XF":"1"},"XQ":{"W2":"1"}},"47":{"H8":{"24":"1"},"VQ":{"P8":"1","P6":"1","P7":"1"},"G4":{"9H":"1","CH":"1","9J":"1"},"G5":{"77":"1","84":"1","66":"1","69":"1","76":"1","RX":"1","QW":"1","QX":"1","85":"1","RW":"1","PV":"1","PW":"1","6C":"1","67":"1"},"G8":{"X4":"1"},"F4":{"VR":"1"}},"74":{"3V":{"7V":"1","7W":"1","8W":"1"},"2W":{"G8":"1","JJ":"1","7Q":"1","V8":"1","H5":"1","PH":"1","F7":"1","J9":"1","MH":"1","7M":"1","7W":"1","H7":"1","8P":"1","8M":"1","F6":"1","V9":"1","89":"1","8G":"1","F9":"1","RC":"1","8X":"1","PC":"1","7X":"1","J2":"1","H8":"1","6Q":"1","8F":"1","PG":"1","WQ":"1","8Q":"1","9X":"1","J8":"1","QP":"1","QJ":"1","H6":"1","W7":"1","79":"1","6X":"1","JC":"1","JH":"1","H9":"1","P9":"1","7P":"1","QG":"1","R9":"1","J4":"1"},"2V":{"C6":"1","C7":"1"},"8P":{"7Q":"1","7V":"1","7W":"1","7R":"1"},"8Q":{"32":"1","23":"1","33":"1"},"2X":{"HJ":"1","72":"1","62":"1","GG":"1","GH":"1","GM":"1","GJ":"1","82":"1","C9":"1","92":"1","HM":"1","JP":"1","HH":"1","HP":"1","85":"1","JM":"1"},"3X":{"3C":"1","29":"1","P9":"1","2C":"1","7P":"1","3F":"1","6M":"1","M9":"1","7M":"1","6P":"1"},"3W":{"8G":"1","8F":"1","65":"1","84":"1","MG":"1","7G":"1","93":"1","83":"1","7C":"1","9H":"1","46":"1","92":"1","7F":"1","95":"1","76":"1","JG":"1","9G":"1","8H":"1","3J":"1","MH":"1","8C":"1","3M":"1","94":"1"}},"8Q":{"5P":{"QH":"1","QG":"1","RG":"1","RH":"1"},"6M":{"WM":"1"},"5M":{"MV":"1"},"6P":{"9G":"1","24":"1","9F":"1"}},"53":{"Q8":{"W8":"1","GF":"1","VC":"1","FC":"1","W9":"1","GC":"1","WC":"1","RV":"1","VF":"1","V9":"1","WX":"1","FF":"1","RW":"1","XW":"1","WW":"1"}},"C4":{"8V":{"9R":"1","6X":"1","6W":"1"},"8W":{"82":"1","9C":"1"}},"6G":{"6V":{"73":"1","74":"1"}},"8R":{"63":{"Q6":"1","R6":"1","R7":"1","Q7":"1"},"M3":{"G8":"1"}},"22":{"C6":{"RJ":"1","WM":"1","MW":"1","6J":"1","VJ":"1","4V":"1","25":"1","6M":"1","35":"1","5V":"1","WJ":"1","27":"1","34":"1","PV":"1","MV":"1","5W":"1","VM":"1","VH":"1","33":"1"},"97":{"XW":"1","XX":"1"},"96":{"X6":"1","FM":"1","X8":"1","X7":"1","VG":"1","Q8":"1","VH":"1"},"C7":{"76":"1","2W":"1","G9":"1","2X":"1","22":"1","R2":"1","G8":"1"},"98":{"X2":"1"}},"78":{"83":{"XG":"1","XJ":"1","8P":"1","CM":"1","WH":"1","9P":"1","WJ":"1","9M":"1","XH":"1","CJ":"1","8M":"1"},"94":{"X6":"1","R7":"1","V8":"1","R8":"1"},"92":{"R6":"1","V6":"1"},"85":{"M7":"1","P9":"1","PC":"1","HG":"1","JC":"1","P8":"1","M6":"1","MF":"1","M8":"1","MC":"1","PF":"1","JG":"1","JF":"1","P7":"1","M9":"1","HF":"1","P6":"1"},"84":{"MM":"1","VC":"1","MJ":"1","QP":"1","PH":"1","R9":"1","MG":"1","MP":"1","JH":"1","V9":"1","QR":"1","HH":"1","JP":"1","QQ":"1","PJ":"1","JM":"1","MH":"1"},"J7":{"86":"1"},"G4":{"C5":"1","F5":"1"},"82":{"X3":"1","X4":"1"},"2X":{"23":"1","22":"1"},"93":{"45":"1","3V":"1","26":"1","4R":"1","3F":"1","2V":"1","3C":"1","55":"1","27":"1","35":"1","5H":"1","3R":"1","2W":"1","2R":"1","2C":"1","37":"1","4V":"1","2F":"1","36":"1"},"95":{"64":"1","76":"1","66":"1","75":"1","65":"1","53":"1","54":"1","56":"1","55":"1","63":"1"},"C2":{"4R":"1"}},"58":{"VJ":{"FX":"1","9P":"1","8J":"1","FP":"1","FQ":"1","9M":"1","8M":"1"}},"62":{"8F":{"VC":"1","RC":"1","VF":"1","QF":"1","RG":"1","RF":"1"}},"23":{"XF":{"V5":"1","V6":"1"},"JW":{"HM":"1","GP":"1","V8":"1","GM":"1"}},"68":{"74":{"H7":"1"},"C8":{"83":"1","73":"1","92":"1","H2":"1","G2":"1","82":"1","93":"1"},"J7":{"3Q":"1","3P":"1"},"2J":{"7J":"1","3M":"1","4J":"1","5J":"1"},"M5":{"83":"1","75":"1","85":"1"},"CC":{"MP":"1","PM":"1","PQ":"1","PP":"1","MM":"1"},"2P":{"53":"1"}}}}