{"index":{"university,1|retail,2|tourism,3|wreck,4|historical,5|artsCulture,6|namedBuilding,7|water,8|wetland,9|park,10|beach,11|natureReserve,12|cemetery,13|trail,14":{}},"9P":{"GP":{"PW":{"JP":"1","JQ":"1"}},"45":{"PM":{"W3":"1","W4":"1"},"GV":{"89":"1","H7":"1","FV":"1","54":"1","WR":"1","77":"1","CM":"1","84":"1","PX":"1","RJ":"1","H8":"1","VH":"1","95":"1","FH":"1","79":"1","G7":"1","88":"1","CG":"1","87":"1","78":"1","85":"1","MH":"1","CH":"1","94":"1"},"PJ":{"XP":"1","X9":"1","XM":"1"},"GR":{"4P":"1","3M":"1","5R":"1","6M":"1","5V":"1","3P":"1"},"HV":{"CQ":"1","9P":"1","CR":"1","9Q":"1","CP":"1","6P":"1"}},"86":{"H4":{"M8":"1","J8":"1","M9":"1","J9":"1"}},"54":{"HG":{"FC":"1","GC":"1","FF":"1","GF":"1","CC":"1"}},"62":{"GJ":{"M8":"1","M7":"1","P7":"1","M6":"1"}},"25":{"97":{"9M":"1","9J":"1"}},"9P":{"V6":{"36":"1","37":"1"}},"28":{"9C":{"2X":"1"},"8C":{"XX":"1"}},"48":{"2V":{"28":"1","38":"1","27":"1"}},"83":{"7V":{"QV":"1","M5":"1","M6":"1","J5":"1"},"7P":{"RQ":"1"},"4J":{"XP":"1","RP":"1","XM":"1","VV":"1","VJ":"1","VP":"1","VW":"1","VM":"1"},"5J":{"4R":"1","84":"1","2P":"1","95":"1","96":"1","39":"1","4X":"1","85":"1","5R":"1","94":"1"}},"3C":{"5W":{"39":"1","38":"1","48":"1","49":"1"}},"FJ":{"JQ":{"J4":"1","J3":"1"}},"46":{"RQ":{"52":"1"},"76":{"46":"1","47":"1"},"94":{"2R":"1","2V":"1","2Q":"1"},"HF":{"J4":"1","H2":"1","H4":"1","J3":"1","H3":"1"},"68":{"P4":"1"},"RP":{"6R":"1","5R":"1","6V":"1","5V":"1","5X":"1","4X":"1"},"7C":{"25":"1","8X":"1","24":"1"},"6C":{"X5":"1","W2":"1","R2":"1","W6":"1","W4":"1","X4":"1","W3":"1","V3":"1","R4":"1","R3":"1","V5":"1","V4":"1","W5":"1","V2":"1"},"67":{"X6":"1","X8":"1","X7":"1","X5":"1"},"79":{"36":"1","46":"1","33":"1"},"78":{"G7":"1","F7":"1","96":"1"},"77":{"JM":"1","C5":"1","46":"1","PM":"1","GH":"1","VM":"1","JJ":"1","48":"1","F4":"1","59":"1","57":"1","MJ":"1","96":"1","77":"1","32":"1","76":"1","75":"1","67":"1","27":"1","C6":"1","VQ":"1","55":"1","65":"1","84":"1","RP":"1","QH":"1","GG":"1","QM":"1","VP":"1","56":"1","47":"1","66":"1","RM":"1","MP":"1","QJ":"1","6C":"1","79":"1","22":"1","F5":"1","78":"1","58":"1","MM":"1","FM":"1","23":"1","69":"1","85":"1","68":"1"}},"7F":{"J8":{"HH":"1","HJ":"1","M9":"1","J9":"1"}},"27":{"J8":{"7P":"1","8P":"1","7M":"1","7G":"1","6G":"1","7F":"1","6F":"1","8M":"1"}},"2X":{"93":{"CW":"1","CV":"1"}},"35":{"R3":{"5F":"1","6H":"1","5H":"1","6F":"1","5G":"1","6G":"1","58":"1"}},"87":{"RQ":{"3Q":"1","2R":"1","3R":"1","2Q":"1"},"RR":{"47":"1"}},"39":{"Q6":{"53":"1"},"RJ":{"9V":"1","46":"1","M8":"1","CQ":"1","W9":"1","88":"1","CX":"1","Q5":"1","FX":"1","CW":"1","42":"1","59":"1","57":"1","9W":"1","8C":"1","8P":"1","77":"1","7G":"1","CP":"1","7F":"1","CR":"1","87":"1","V9":"1","89":"1","Q6":"1","9P":"1","H3":"1","R4":"1","X8":"1","43":"1","X7":"1","9R":"1","9Q":"1","CV":"1","WC":"1","H2":"1","H4":"1","53":"1","R6":"1","99":"1","4J":"1","FW":"1","M9":"1","78":"1","58":"1","P9":"1","62":"1","VC":"1","R5":"1","P8":"1","69":"1","4M":"1","52":"1","Q4":"1","68":"1"},"VP":{"8F":"1","5P":"1","9C":"1","6G":"1","9F":"1","8C":"1"},"VJ":{"28":"1","27":"1"},"VG":{"7X":"1"},"RM":{"68":"1","CH":"1","CJ":"1","6C":"1","69":"1","9J":"1"},"VH":{"72":"1"},"RH":{"MJ":"1","XV":"1","WR":"1","VQ":"1","CW":"1","XR":"1","VW":"1","RQ":"1","FH":"1","WV":"1","PH":"1","6X":"1","WW":"1","FW":"1","GH":"1","HJ":"1","FG":"1","CV":"1","VR":"1","FV":"1","XQ":"1","PJ":"1","GG":"1","VV":"1","GQ":"1","RV":"1","FF":"1","QW":"1","MH":"1","WQ":"1"}},"3R":{"XJ":{"C3":"1","93":"1"}},"2W":{"32":{"R7":"1","XX":"1","XH":"1","R8":"1"},"43":{"22":"1"},"42":{"2X":"1"},"33":{"X2":"1"}},"32":{"JW":{"C9":"1","FC":"1","FF":"1","CF":"1","F9":"1","9C":"1","CC":"1","9F":"1"}},"2R":{"9G":{"FW":"1","FX":"1","CW":"1"}},"34":{"Q6":{"5F":"1","57":"1","59":"1","CM":"1","9P":"1","CP":"1","9M":"1","CJ":"1","69":"1","58":"1","49":"1","79":"1","5H":"1","9J":"1","5C":"1","6C":"1","5G":"1"}},"JM":{"GX":{"RM":"1","VC":"1","QP":"1","WM":"1","R9":"1","WJ":"1","RP":"1","V9":"1","VM":"1"}},"4M":{"28":{"5X":"1","5W":"1"},"39":{"JF":"1","HF":"1","JG":"1","HG":"1","96":"1"},"2G":{"H4":"1","MJ":"1","P6":"1","F6":"1","J2":"1","P3":"1","MG":"1","Q5":"1","Q2":"1","JQ":"1","JH":"1","P2":"1","F7":"1","Q3":"1","P5":"1","GM":"1","MP":"1","MH":"1","Q6":"1","JP":"1","JJ":"1","GP":"1","JG":"1","H2":"1"},"3F":{"6J":"1","6M":"1"},"2F":{"HX":"1","MR":"1","QX":"1"}},"3M":{"X7":{"G6":"1","G5":"1","P7":"1"}},"36":{"G4":{"6R":"1","4W":"1","5R":"1"},"RV":{"RQ":"1","VQ":"1","RP":"1","WR":"1","WV":"1"}}}}