{"index":{"university,1|retail,2|tourism,3|wreck,4|historical,5|artsCulture,6|namedBuilding,7|water,8|wetland,9|park,10|beach,11|natureReserve,12|cemetery,13|trail,14":{}},"9Q":{"JQ":{"JH":{"X7":"1"}},"86":{"MP":{"7F":"1","6F":"1"},"RW":{"Q9":"1","R9":"1","Q8":"1","R8":"1"}},"JJ":{"2F":{"6F":"1"}},"59":{"Q5":{"4H":"1","2H":"1","3H":"1","2J":"1","2M":"1","4J":"1","3J":"1","3G":"1","3M":"1"}},"29":{"7F":{"9H":"1","9G":"1","9F":"1"},"7H":{"32":"1","45":"1","22":"1","W5":"1","55":"1","W6":"1","V6":"1"},"7G":{"VC":"1","X6":"1","4R":"1","X7":"1","X4":"1","5V":"1","3X":"1","W5":"1","W7":"1","V9":"1","W6":"1","X5":"1"},"8G":{"26":"1","25":"1","24":"1"},"6G":{"MM":"1","GP":"1","MJ":"1","FM":"1","JJ":"1","4H":"1","CM":"1","FQ":"1","FP":"1","GM":"1","JH":"1","FJ":"1","FR":"1","GQ":"1","5H":"1","HQ":"1","HP":"1","JM":"1","5G":"1","4G":"1"}},"2V":{"H2":{"24":"1","59":"1","56":"1","2H":"1","48":"1","58":"1","55":"1","46":"1","2J":"1","WX":"1","49":"1","3J":"1","37":"1","3M":"1"},"G2":{"W7":"1","RF":"1","W2":"1","W6":"1","V6":"1","XJ":"1","W4":"1","X4":"1","RJ":"1","W3":"1","RH":"1","XH":"1","V3":"1","QJ":"1","V4":"1","V7":"1","RC":"1","VP":"1","X3":"1","QH":"1"},"J3":{"26":"1","25":"1","24":"1"},"H3":{"W2":"1","X4":"1","QC":"1","MG":"1","QF":"1","X5":"1"}},"3C":{"94":{"M8":"1","M7":"1","8H":"1"},"39":{"R9":"1"}},"G2":{"9C":{"9M":"1"}},"76":{"4P":{"RQ":"1","RP":"1"},"5Q":{"32":"1","44":"1","43":"1","34":"1","33":"1"},"5P":{"3X":"1","4X":"1"}},"JF":{"2M":{"6Q":"1","9H":"1","5Q":"1","5P":"1","9J":"1","6P":"1"},"2Q":{"M2":"1","R3":"1","R4":"1","R2":"1","P7":"1"},"3P":{"49":"1","59":"1"},"2P":{"49":"1","95":"1","73":"1","MM":"1","C5":"1","F6":"1","JW":"1","C3":"1","92":"1","C9":"1","MX":"1","84":"1","C6":"1","48":"1","MR":"1","C4":"1","PJ":"1","RP":"1","99":"1","RM":"1","F5":"1","82":"1","QP":"1","96":"1","83":"1","72":"1","94":"1","93":"1","QM":"1","MQ":"1","MW":"1","PM":"1"}},"2R":{"GX":{"XW":"1","V7":"1","VG":"1","VH":"1"},"HX":{"8V":"1","9V":"1"},"3F":{"XV":"1","WV":"1"},"PJ":{"HM":"1","HH":"1","HJ":"1","JJ":"1"},"FV":{"8F":"1","9F":"1"},"6W":{"X8":"1","H2":"1","X7":"1","W8":"1","W7":"1","H3":"1"}},"HF":{"XW":{"57":"1","68":"1","69":"1","67":"1","58":"1"},"XM":{"WP":"1"}},"C7":{"H9":{"VM":"1"},"J9":{"6Q":"1","6R":"1","6V":"1","6W":"1"}},"2C":{"WH":{"53":"1","44":"1","54":"1","43":"1"},"WF":{"C4":"1"},"VG":{"XQ":"1","XR":"1","WQ":"1","WR":"1"}}}}