{"9R":{"5W":{"2M":{"P2":"1","W3":"1","M7":"1","P3":"1","M2":"1","P7":"1"},"38":{"J2":"1","H2":"1"},"2J":{"MX":"1","JR":"1","PV":"1","CW":"1","PX":"1","JQ":"1"},"3J":{"7F":"1","6F":"1","7G":"1","6G":"1"},"59":{"WG":"1","89":"1","68":"1","VG":"1","69":"1","88":"1","VH":"1"}},"JQ":{"GQ":{"6P":"1"}},"FG":{"HQ":{"5Q":"1","7V":"1","5P":"1","7R":"1"},"HR":{"G7":"1","F7":"1","38":"1","G8":"1"},"GR":{"X7":"1"}},"FX":{"3X":{"P4":"1"}},"54":{"HX":{"R6":"1","R7":"1","Q8":"1","V6":"1","Q7":"1","R8":"1"}},"24":{"VM":{"29":"1","2C":"1"},"RM":{"X9":"1","XC":"1"},"V5":{"R7":"1","W5":"1","W4":"1","R8":"1"}},"P5":{"H6":{"8C":"1"}},"4W":{"WC":{"4G":"1","J4":"1","4H":"1"},"XM":{"9W":"1","8W":"1"}},"FH":{"H7":{"MR":"1","PR":"1","MV":"1","PV":"1"}},"32":{"FQ":{"HF":"1","GF":"1"}},"52":{"4P":{"WR":"1","WV":"1","R8":"1"}}},"index":{"university,1|retail,2|tourism,3|wreck,4|historical,5|artsCulture,6|namedBuilding,7|water,8|wetland,9|park,10|beach,11|natureReserve,12|cemetery,13|trail,14":{}}}