{"index":{"university,1|retail,2|tourism,3|wreck,4|historical,5|artsCulture,6|namedBuilding,7|water,8|wetland,9|park,10|beach,11|natureReserve,12|cemetery,13|trail,14":{}},"37":{"WG":{"9Q":{"7H":"13","8G":"13","8H":"13","7J":"13","8J":"13","7G":"13"}},"QJ":{"32":{"X7":"13"},"3C":{"83":"13"}},"QH":{"5M":{"QJ":"13","86":"13","84":"13","85":"13","QH":"13","95":"13","94":"13"}},"RG":{"JP":{"5C":"13","69":"13"}},"VC":{"HH":{"CM":"13"}},"XH":{"XF":{"CG":"13","CF":"13"}},"X9":{"MP":{"9R":"13"}},"W9":{"FM":{"43":"13","33":"13"},"CQ":{"4F":"13","5G":"13","4G":"13","5F":"13"},"7G":{"78":"13","77":"13","68":"13","C3":"13","66":"13","69":"13","79":"13","67":"13","76":"13","F3":"13"}},"RH":{"M8":{"GW":"13"}},"RF":{"R3":{"WX":"13"},"Q3":{"G5":"13","F4":"13","F2":"13","G2":"13","G3":"13","F5":"13","G4":"13","F3":"13"},"PJ":{"5J":"13","5M":"13","6M":"13","6J":"13"},"Q2":{"GX":"13","FX":"13"},"V4":{"Q4":"13","Q8":"13","P3":"13","M2":"13","P6":"13","P5":"13","M3":"13","Q2":"13","P4":"13","Q7":"13","Q6":"13","Q5":"13","Q3":"13","R3":"13","P2":"13"},"R4":{"W2":"13","W3":"13","X4":"13","X2":"13","X3":"13"},"93":{"82":"13"}},"RJ":{"57":{"HW":"13","JW":"13","HV":"13"},"67":{"7H":"13","8H":"13","7J":"13","8J":"13"}}}}