{"index":{"university,1|retail,2|tourism,3|wreck,4|historical,5|artsCulture,6|namedBuilding,7|water,8|wetland,9|park,10|beach,11|natureReserve,12|cemetery,13|trail,14":{}},"47":{"RW":{"62":{"J3":"13","J4":"13","M4":"13","M3":"13"},"MX":{"M2":"13","M3":"13"},"MH":{"57":"13"},"PJ":{"XG":"13","WH":"13","WG":"13","XH":"13"},"95":{"83":"13","73":"13","84":"13","74":"13"},"47":{"4R":"13","3R":"13"},"GG":{"QF":"13","QG":"13","PG":"13","PF":"13"},"H4":{"QF":"13","QC":"13"},"WR":{"P5":"13","Q4":"13","Q5":"13","P4":"13"},"6M":{"42":"13","43":"13","53":"13"},"7P":{"X6":"13","X5":"13"},"M4":{"H5":"13"},"VP":{"9J":"13","9M":"13"},"79":{"QF":"13"},"W5":{"4F":"13","4G":"13"},"8G":{"PH":"13","MH":"13"},"99":{"PM":"13"},"JQ":{"6X":"13","6W":"13","7W":"13","7X":"13"},"V7":{"Q8":"13","P8":"13"},"82":{"5Q":"13","6Q":"13","5R":"13","4Q":"13","5P":"13","4R":"13","6R":"13","5V":"13"},"F3":{"26":"13"},"XX":{"JJ":"13","MJ":"13"},"FV":{"58":"13","57":"13","67":"13","68":"13"},"8P":{"26":"13","25":"13"},"GM":{"P5":"13","M5":"13","P4":"13","M4":"13"},"4V":{"4F":"13","2F":"13","5G":"13","3G":"13","4G":"13","3C":"13","3F":"13","5F":"13"},"CM":{"CJ":"13","CM":"13","9J":"13","9M":"13"},"RF":{"WX":"13","WW":"13"},"RW":{"FJ":"13","GM":"13","FM":"13","GJ":"13"},"7X":{"M6":"13"},"6Q":{"6J":"13"},"76":{"7M":"13","6M":"13","6J":"13","7J":"13"}},"CC":{"RJ":{"GF":"13"},"XR":{"4J":"13"},"43":{"G7":"13","F7":"13"},"3F":{"75":"13","65":"13","76":"13","66":"13"},"WC":{"9Q":"13"},"RM":{"RV":"13","RW":"13","VV":"13","RX":"13"}},"WW":{"M8":{"F6":"13"},"C3":{"MR":"13"},"H2":{"QM":"13"},"CW":{"X6":"13","X7":"13"},"65":{"5R":"13","6V":"13","6R":"13","5V":"13"},"Q7":{"M5":"13"},"8W":{"VG":"13","VF":"13","42":"13","WF":"13","WG":"13","52":"13","43":"13","53":"13"},"6V":{"JV":"13","JW":"13"},"QV":{"PJ":"13"},"85":{"PW":"13","MW":"13"},"H4":{"HV":"13","GV":"13"},"6M":{"CP":"13","CM":"13"},"6X":{"8M":"13"},"4C":{"W2":"13","W3":"13","X2":"13"},"CF":{"X9":"13"},"8C":{"69":"13","79":"13","6C":"13","7C":"13"},"QW":{"25":"13"},"JF":{"GH":"13","GJ":"13"},"QQ":{"CH":"13","CG":"13"},"4P":{"58":"13"},"9V":{"R3":"13"},"VG":{"W8":"13","W9":"13","V8":"13","V9":"13"},"M5":{"83":"13","73":"13"},"JW":{"2J":"13","2H":"13"},"Q9":{"MR":"13"},"3H":{"6Q":"13","6P":"13"},"44":{"CM":"13","FM":"13"},"G7":{"VM":"13","RM":"13"},"R5":{"C4":"13","94":"13"},"CJ":{"2H":"13"},"W4":{"32":"13","33":"13"},"4V":{"64":"13"},"FF":{"29":"13","28":"13"},"8M":{"Q8":"13","Q9":"13"},"HP":{"4G":"13"},"MQ":{"25":"13"},"HW":{"XH":"13","XJ":"13"},"PF":{"QJ":"13","RH":"13","PJ":"13","QM":"13","PM":"13","QH":"13","RJ":"13"}},"WC":{"3V":{"69":"13","79":"13"},"CF":{"C8":"13"},"CM":{"Q6":"13"},"XX":{"36":"13","37":"13","46":"13","47":"13"},"JJ":{"46":"13"},"9R":{"CH":"13","9H":"13"},"VR":{"MV":"13"},"CH":{"83":"13","73":"13","84":"13","2G":"13"},"3G":{"X6":"13","W7":"13","X7":"13","W6":"13"},"JG":{"2X":"13"},"JH":{"22":"13"},"RX":{"HX":"13"},"V9":{"JV":"13","JW":"13"}},"HQ":{"2W":{"99":"13"}},"QV":{"62":{"H3":"13"},"H3":{"X8":"13"},"MJ":{"5H":"13"},"XP":{"MV":"13","JV":"13","JW":"13","MW":"13"},"CW":{"MQ":"13","JQ":"13"},"4G":{"W8":"13","W9":"13"},"6R":{"J6":"13"},"RH":{"R8":"13","R7":"13"},"9G":{"7X":"13"},"9H":{"72":"13"},"JV":{"P7":"13","M7":"13"},"87":{"2X":"13"},"MX":{"HH":"13","JH":"13","JJ":"13"},"VH":{"8M":"13","9M":"13"},"RX":{"J2":"13"},"P7":{"JC":"13","M9":"13","J9":"13"},"RW":{"JX":"13"}},"WM":{"QM":{"WV":"13","WW":"13"},"Q6":{"WV":"13"},"W7":{"77":"13"},"M9":{"5W":"13","5X":"13"},"VM":{"66":"13"},"VC":{"CX":"13"},"CQ":{"J8":"13"}},"XG":{"QR":{"JW":"13"},"HQ":{"X8":"13"},"WR":{"M9":"13"}},"MP":{"QH":{"G8":"13","G7":"13"},"WG":{"MR":"3"},"QW":{"R5":"13","R6":"13"},"PF":{"VJ":"13","HW":"13","JW":"13","VM":"13","WJ":"13","WM":"13","HV":"13"}},"QF":{"X8":{"7H":"13","8H":"13","7J":"13","8J":"13"},"H3":{"F2":"13","G2":"13"},"R4":{"95":"13","C5":"13"},"R9":{"J3":"13","J2":"13"},"P3":{"P5":"13","Q5":"13"},"R5":{"QX":"13"},"92":{"R5":"13","Q6":"13","R6":"13"},"R8":{"C6":"13","F5":"13","F4":"13","95":"13","96":"13","C5":"13","C4":"13"},"H4":{"MW":"13"},"C2":{"F4":"13","C3":"13","C4":"13"},"Q2":{"HQ":"13","HP":"13"},"P4":{"GW":"13","GV":"13"},"R6":{"QJ":"13","Q4":"13","VV":"13","P3":"13","QM":"13","MJ":"13","MM":"13","R2":"13","QV":"13","PJ":"13","Q2":"13","P4":"13","RV":"13","PM":"13","RW":"13","Q3":"13"},"R7":{"M2":"13","M3":"13","P3":"13","P2":"13"},"H5":{"Q4":"13","Q5":"13","P4":"13"},"J4":{"2R":"13","2V":"13","3R":"13"},"Q5":{"XM":"13","WJ":"13","XJ":"13","WM":"13"},"G4":{"H5":"13","H6":"13"}},"FJ":{"C6":{"4Q":"13"},"GQ":{"24":"13"},"3W":{"3V":"13"}},"VQ":{"3X":{"JQ":"13"},"FC":{"JC":"13","J9":"13"},"9P":{"69":"13","58":"13","59":"13"},"VM":{"X6":"13","X5":"13"},"QP":{"MX":"13","JW":"13","JX":"13","MW":"13"},"WF":{"M8":"13","M7":"13"},"XQ":{"MX":"13","PW":"13","MW":"13"},"6J":{"FR":"13","FQ":"13"},"92":{"J7":"13","J6":"13"},"CH":{"PP":"13","PQ":"13"},"87":{"3P":"13","2P":"13"},"MG":{"W5":"13","X5":"13"},"5M":{"46":"13"},"RG":{"HJ":"13","FH":"13","CH":"13"},"F2":{"Q4":"13"},"WM":{"26":"13","25":"13"},"MP":{"42":"13"},"82":{"C2":"13"},"RC":{"FH":"13","CH":"13"},"XG":{"9Q":"13","9P":"13"},"QJ":{"Q6":"13","P7":"13","P6":"13","Q7":"13"},"RW":{"86":"13","97":"13","76":"13","87":"13","77":"13","96":"13"},"HJ":{"63":"13","73":"13","72":"13","62":"13"}},"PM":{"QM":{"PC":"13","MC":"13"}},"JJ":{"M9":{"29":"13","39":"13","2C":"13","3C":"13"},"46":{"MF":"13","JF":"13","JG":"13"},"68":{"8H":"13","9J":"13","9H":"13","8J":"13"}},"GQ":{"XW":{"PG":"13","MG":"13"}},"5H":{"F3":{"88":"13","87":"13","78":"13"}},"RC":{"XF":{"R8":"13","V7":"13","R7":"13","W8":"13","W9":"13","V8":"13","V9":"13"},"9C":{"G3":"13","H2":"13","H3":"13","G2":"13"},"FC":{"8G":"13","8F":"13"},"GG":{"XV":"13","XW":"13"},"XH":{"7H":"13","6H":"13","6G":"13","6J":"13","7J":"13","7G":"13"},"35":{"29":"13","2C":"13"},"4H":{"H2":"13","H3":"13"},"WV":{"VR":"13","VQ":"13"},"8Q":{"GX":"13","2F":"13","3G":"13","2G":"13","FW":"13","FX":"13","3F":"13","GW":"13"},"8R":{"F2":"13"},"7Q":{"MV":"13","XF":"13","MR":"13"},"MJ":{"J3":"13","H2":"13","H3":"13","J2":"13"},"RR":{"65":"13"},"X9":{"F4":"13","C3":"13","F2":"13","G2":"13","3F":"13","C2":"13","G3":"13","4G":"13","3G":"13","C4":"13","G4":"13","F3":"13","4F":"13"},"H9":{"JF":"13","JG":"13"},"W9":{"8H":"13","M7":"13","8G":"13","M8":"13","P8":"13","8F":"13","9G":"13","9H":"13","P7":"13"},"XC":{"FJ":"13","FM":"13"},"J8":{"RX":"13","VX":"13"},"VC":{"9V":"13","8V":"13"},"XP":{"PG":"13","PH":"13","MH":"13","MG":"13"},"HV":{"WH":"13","XH":"13","XJ":"13","WJ":"13"},"WJ":{"HJ":"13","HH":"13","JH":"13","HG":"13","GH":"13","JG":"13","GJ":"13"},"XW":{"GM":"13","FM":"13"},"27":{"G9":"13","H9":"13","HC":"13","GC":"13"},"CC":{"P3":"13"},"FF":{"J4":"13"},"C9":{"FH":"13","FJ":"13","GH":"13","GJ":"13"},"WH":{"HJ":"13","GM":"13","GJ":"13","HM":"13"},"XG":{"R3":"13","V3":"13","V4":"13","R4":"13","V5":"13"},"XR":{"VJ":"13"}},"FM":{"8R":{"MF":"13","PF":"13","MG":"13"}},"MR":{"V4":{"5W":"13"},"5J":{"VV":"13","WV":"13","WR":"13"},"F4":{"HC":"13"},"47":{"PJ":"13","PH":"13"},"W4":{"9C":"13","8C":"13"},"RF":{"MM":"13"},"G8":{"JV":"13"},"JH":{"7W":"13","7X":"13"},"WC":{"GP":"13","HQ":"13","HP":"13"}},"F8":{"5Q":{"WH":"13","XH":"13","XJ":"13","WJ":"13","WM":"13"},"GH":{"6X":"13","6W":"13","7W":"13","7X":"13"},"CW":{"34":"13","36":"13","37":"13","25":"13","24":"13","46":"13","45":"13","35":"13"},"PP":{"MR":"13","JR":"13"},"3R":{"JJ":"13","JM":"13"},"2R":{"VP":"13","WP":"13"},"9G":{"2P":"13","2M":"13"},"MW":{"X6":"13","W4":"13","W5":"13","X5":"13","X4":"13"},"8R":{"C6":"13","F6":"13"},"8G":{"XP":"13","XM":"13"},"PW":{"6F":"13","5G":"13","6G":"13","5F":"13"},"CR":{"7G":"13","MG":"13","8H":"13","8G":"13","9F":"13","MF":"13","8F":"13","JF":"13","9G":"13","JG":"13","JH":"13"},"HX":{"QX":"13","QW":"13"},"C7":{"69":"13"},"QR":{"5W":"13","5X":"13"},"CV":{"9F":"13","HF":"13","HC":"13","CG":"13","9G":"13","CF":"13"},"3F":{"93":"13","94":"13"},"CM":{"MH":"5","MG":"5"},"MR":{"5H":"13"},"6Q":{"2C":"13","2F":"13","3C":"13"}},"HW":{"G3":{"8H":"13","8J":"13"},"7P":{"HJ":"13","HH":"13","JH":"13","HG":"13","JJ":"13"},"Q6":{"XV":"13","XR":"13"},"8W":{"7M":"13","7J":"13"}},"FG":{"75":{"M6":"13","J6":"13"},"H9":{"MM":"13"}},"7F":{"XG":{"3Q":"13"},"WC":{"R2":"13","V2":"13"},"W9":{"VX":"13"}},"4P":{"74":{"3G":"13","4H":"13","3H":"13"}},"QJ":{"45":{"RW":"13","VW":"13","RX":"13","VX":"13"},"28":{"22":"13"},"94":{"WV":"13","WW":"13"},"27":{"2W":"13","2X":"13"}},"88":{"V7":{"QR":"13","QQ":"13"},"RF":{"GF":"13","GC":"13"},"WF":{"J3":"13","J2":"13"},"47":{"26":"13","32":"13"},"VC":{"J3":"13","J4":"13"},"V9":{"PJ":"13"}},"HV":{"58":{"CH":"13","9H":"13","CG":"13","9G":"13"},"M2":{"V7":"13"},"5W":{"44":"13","43":"13"},"8R":{"5G":"13","4G":"13"},"WQ":{"5J":"13","6J":"13"},"X5":{"H9":"13"},"4W":{"J7":"13","J8":"13","M8":"13","M7":"13"},"7R":{"78":"13","77":"13","68":"13","79":"13","87":"13","88":"13","86":"13","67":"13","76":"13"},"8Q":{"RV":"13","QR":"13","RR":"13","VR":"13","RQ":"13","QQ":"13"},"7Q":{"R8":"13","V7":"13","RF":"13","QF":"13","RG":"13","Q8":"13","W7":"13","R9":"13","W8":"13","PC":"13","W9":"13","VC":"13","V8":"13","Q9":"13","V9":"13","RC":"13","QC":"13"}},"GF":{"GP":{"X4":"13","VQ":"13"},"H9":{"7X":"13"},"MP":{"H3":"13"},"7M":{"97":"13"},"GV":{"P5":"13"},"48":{"XX":"13"},"MC":{"9G":"13"},"GR":{"PH":"13"},"F9":{"6R":"13","2V":"13"},"CC":{"X6":"13"},"P9":{"8X":"13"},"JQ":{"44":"13"},"79":{"5M":"13","5P":"13"},"5V":{"GX":"13","GW":"13"},"MV":{"HQ":"13"},"HQ":{"6F":"13"},"JR":{"44":"13","8X":"13"},"JC":{"G9":"13"},"Q3":{"6F":"13","6C":"13","7C":"13"}},"8J":{"7P":{"J8":"13","M8":"13"}},"8F":{"G5":{"5W":"13","5V":"13"}},"QC":{"G2":{"PM":"13"},"MX":{"2P":"13","2M":"13"},"9Q":{"2R":"13","2Q":"13"},"RH":{"CW":"13","FV":"13","FW":"13","CV":"13"},"GC":{"JW":"13","JX":"13"},"C8":{"2X":"13"},"GG":{"84":"13","85":"13","95":"13","94":"13"},"65":{"H4":"13"},"42":{"G2":"13"},"XV":{"7V":"13"},"7P":{"Q5":"13","Q6":"13","P6":"13"},"9J":{"9R":"13","9V":"13","CV":"13"},"8Q":{"XQ":"13","XR":"13"},"8X":{"46":"13","45":"13","56":"13"},"22":{"99":"13","C9":"13"},"9V":{"8M":"13","7M":"13"},"79":{"83":"13","84":"13","93":"13","94":"13"},"PW":{"94":"13"},"Q8":{"QJ":"13","PJ":"13","PH":"13"},"2Q":{"G9":"13","F8":"13","G8":"13","G7":"13","F7":"13","F9":"13"},"PM":{"FW":"13","FX":"13"},"H9":{"VJ":"13","VM":"13","WJ":"13","WM":"13"},"W3":{"9X":"13"},"HX":{"HJ":"13"},"93":{"3X":"13","3W":"13"},"V7":{"JC":"13","HC":"13"},"JW":{"58":"13","57":"13","67":"13"},"5V":{"66":"13","57":"13","56":"13","67":"13"},"26":{"G3":"13","G2":"13"},"2V":{"PC":"13","QC":"13"},"J2":{"9F":"13","CG":"13","9G":"13","CF":"13"},"J7":{"47":"13","48":"13"},"JR":{"8M":"13","9P":"13","9M":"13","8P":"13"},"C9":{"22":"13"},"3M":{"9G":"13"},"JP":{"R5":"13","R6":"13","V6":"13","V5":"13"},"HQ":{"QM":"13","PM":"13","QP":"13","PP":"13"},"4R":{"9X":"13","9W":"13","8X":"13","8W":"13"},"2J":{"39":"13","38":"13"},"HW":{"HQ":"13","JQ":"13","JR":"13","HR":"13","68":"13"},"2P":{"GM":"13","FM":"13"}},"HF":{"6X":{"H4":"13","J4":"13"},"5R":{"88":"13"},"FJ":{"CW":"13","CV":"13"},"W9":{"FQ":"13","GQ":"13"},"3W":{"XV":"13","XR":"13","XW":"13"}},"CP":{"9J":{"W8":"13","W9":"13"}},"89":{"HJ":{"PV":"13"}},"MX":{"XX":{"7H":"13","6J":"13","7J":"13"},"5M":{"34":"13","26":"13","25":"13","24":"13","35":"13"},"4R":{"99":"13","9C":"13"},"JX":{"M8":"13","M7":"13"},"4M":{"X6":"13","X5":"13","46":"13","55":"13","47":"13","45":"13","57":"13","56":"13","X7":"13"},"2V":{"WM":"13","WP":"13"},"3R":{"HQ":"13","HR":"13","GR":"13"},"4V":{"C5":"13","C4":"13"}},"JX":{"3H":{"4G":"13","4H":"13"},"C5":{"P9":"13","P8":"13","Q9":"13"}},"VC":{"GP":{"X4":"13"},"WR":{"HQ":"13"},"FG":{"GG":"13","GF":"13","HG":"13"},"4P":{"FV":"13","RG":"13","VG":"13","FW":"13","GH":"13","GW":"13","GV":"13"},"3M":{"RV":"13","QR":"13","RR":"13","QW":"13","QV":"13"},"CP":{"HH":"13","HG":"13"},"7H":{"9R":"13","9V":"13","8V":"13","8R":"13","CV":"13","CR":"13","8W":"13"},"GQ":{"R8":"13","R9":"13","V8":"13","V9":"13"},"6R":{"9X":"13","CX":"13"},"2F":{"RV":"13","RW":"13","VV":"13","WV":"13","QR":"13","RR":"13","VR":"13","WR":"13","VW":"13","RX":"13","RQ":"13","WW":"13","VQ":"13","VX":"13"},"6V":{"C2":"13","92":"13"},"3G":{"6G":"13"},"VG":{"J3":"13","H4":"13","H3":"13","J4":"13"},"6F":{"2R":"13","2V":"13","3R":"13"},"JW":{"XV":"13","WV":"13","WR":"13","XR":"13"},"7R":{"32":"13"},"HQ":{"9W":"13","9V":"13","8V":"13","8W":"13"},"8Q":{"7H":"13","6H":"13","6G":"13","7G":"13"},"2R":{"65":"13","64":"13"},"HW":{"8M":"13","7M":"13","8P":"13"},"7Q":{"2W":"13","4X":"13","4W":"13","3X":"13","2X":"13","3W":"13"},"5Q":{"JJ":"13","MJ":"13"}},"RM":{"H3":{"H9":"13","H8":"13"},"MJ":{"RX":"13","VX":"13"},"XP":{"M5":"13","M4":"13"},"MM":{"VQ":"13","WR":"13","V2":"13","R2":"13","VR":"13","WQ":"13","Q7":"13","R6":"13","R7":"13","Q6":"13"},"VW":{"JM":"13","HM":"13"},"J9":{"RG":"13"},"PR":{"MJ":"13"},"79":{"3C":"13","3F":"13"}},"XJ":{"WF":{"RV":"13","VV":"13"},"2M":{"RV":"13","VV":"13","VR":"13"},"Q7":{"HR":"13","HV":"13"},"9G":{"5Q":"13","6Q":"13"},"CF":{"P6":"13"}},"9G":{"PQ":{"RF":"13"},"7V":{"54":"13"}},"6G":{"CX":{"7H":"13","7G":"13"}},"PC":{"83":{"V3":"13","V2":"13"},"GC":{"JF":"13","JH":"13","JJ":"13","MJ":"13","MH":"13","JM":"13","JG":"13","MG":"13"},"H4":{"9P":"13"},"Q2":{"26":"13","27":"13"},"6H":{"85":"13"},"PP":{"GX":"13"},"87":{"H8":"13","G8":"13","G7":"13","H7":"13"},"PQ":{"G2":"13"},"4C":{"R3":"13","Q3":"13","Q2":"13","R2":"13"},"VP":{"GG":"13","GF":"13","W8":"13","W9":"13","V8":"13","V9":"13"},"28":{"QC":"13"},"H8":{"VM":"13","RP":"13","VP":"13","VQ":"13","RM":"13"},"8J":{"H2":"13","G2":"13"},"G8":{"M5":"13","J4":"13","M4":"13","M3":"13","J5":"13"},"H9":{"W4":"13","V3":"13","V4":"13","W3":"13","X3":"13"},"W9":{"72":"13","2R":"13","3R":"13"},"C7":{"7F":"13","8G":"13","8F":"13","8C":"13","7C":"13"},"5C":{"5J":"13","5G":"13","6H":"13","6G":"13","6J":"13","5F":"13"},"G7":{"82":"13"},"6C":{"H8":"13"},"J6":{"34":"13","44":"13","43":"13","33":"13"},"GM":{"CH":"13"},"FF":{"CW":"13","FV":"13","FW":"13","CV":"13"},"WP":{"2G":"13","2H":"13"},"PF":{"2R":"13","2Q":"13"},"CQ":{"QW":"13","QV":"13"},"MF":{"XQ":"13","XR":"13"},"JH":{"93":"13","C3":"13","C4":"13","94":"13"}},"PX":{"WH":{"GX":"13","FX":"13"},"XP":{"42":"13","52":"13","43":"13","53":"13"},"46":{"FX":"13"},"47":{"F2":"13"},"G3":{"JV":"13","HW":"13","GW":"13","HV":"13","GV":"13"},"GR":{"XG":"13","XF":"13","WF":"13","XH":"13","WG":"13"},"98":{"26":"13","36":"13","25":"13","35":"13"},"RV":{"R8":"13"},"WJ":{"F2":"13"},"VG":{"C6":"13","HW":"13","JW":"13","HX":"13","JX":"13","95":"13","C5":"13","C4":"13","94":"13"}},"PR":{"63":{"HF":"13","JF":"13","JC":"13","HC":"13"},"CJ":{"5G":"13","4G":"13"},"M5":{"XP":"13"},"X3":{"38":"13"},"XJ":{"WP":"13"},"XC":{"GM":"13"},"PR":{"G4":"13","G5":"13"},"96":{"4F":"13","4C":"13","3C":"13","3F":"13","5F":"13"},"Q9":{"GM":"13","GJ":"13"},"7X":{"MX":"13"}},"HR":{"3V":{"W4":"13","V4":"13"},"WH":{"8M":"13","8P":"13"},"RQ":{"86":"13","76":"13","77":"13"}},"XX":{"8Q":{"WQ":"13","VQ":"13"},"2G":{"XQ":"13"},"MJ":{"62":"13"},"MH":{"6X":"13"},"CG":{"9F":"13"},"6C":{"H6":"13"},"GV":{"X2":"13"}},"68":{"RF":{"QM":"13","PM":"13"}},"MW":{"97":{"Q2":"13","R2":"13"},"HH":{"85":"13","95":"13"},"PV":{"X7":"13","X8":"13"},"M7":{"MF":"13","JF":"13","JC":"13","JG":"13","MG":"13"},"96":{"RX":"13"},"FF":{"F5":"13","C5":"13"},"QV":{"26":"13","28":"13","27":"13"}},"VP":{"H8":{"RH":"13"},"VQ":{"8M":"13"},"QW":{"MQ":"13","MR":"13"},"8X":{"CX":"13"},"C6":{"QC":"13"},"W5":{"P5":"13","P6":"13"},"CQ":{"J8":"13","J9":"13"},"MR":{"54":"13","44":"13","55":"13","45":"13"},"3X":{"75":"13","65":"13","74":"13","64":"13"},"XX":{"J7":"13","H7":"13","J6":"13","H6":"13"},"WM":{"XM":"13"},"7M":{"3V":"13"},"25":{"5H":"13"},"WX":{"J6":"13","J5":"13"},"49":{"99":"13"},"J2":{"MX":"13","PX":"13","PW":"13","MW":"13"},"Q5":{"WW":"13"},"PC":{"XF":"13","XC":"13"},"MX":{"5G":"13","6H":"13","6G":"13","5H":"13"},"6J":{"GQ":"13","GR":"13"}},"GV":{"39":{"HC":"13"},"P9":{"J7":"13","J8":"13"},"F8":{"HJ":"13","GM":"13","GJ":"13","HM":"13"},"XC":{"C6":"13","96":"13"},"J9":{"M8":"13","M7":"13"}},"7C":{"Q5":{"55":"13"},"RJ":{"7M":"13"}},"C9":{"Q6":{"CX":"13"},"F7":{"C6":"13","97":"13","C7":"13","96":"13"},"9P":{"3J":"13","2J":"13"},"Q7":{"MJ":"13"},"35":{"G2":"13"},"42":{"Q3":"13"},"M4":{"VH":"13"},"W8":{"JX":"13"},"P6":{"W6":"13"},"H3":{"XM":"13","CP":"13","CM":"13","9M":"13","CQ":"13"},"P2":{"F5":"13","G5":"13","F6":"13","G6":"13"},"H5":{"3J":"13","3H":"13"},"G4":{"7Q":"13","6Q":"13"},"G8":{"VR":"13"},"J3":{"M2":"13","M3":"13","P2":"13","P3":"13"},"F2":{"VG":"13"},"W9":{"J2":"13"},"2G":{"JH":"13","MH":"13"},"W3":{"H7":"13"},"G3":{"J3":"13","G9":"13","GF":"13","X7":"13","M3":"13","X8":"13","GC":"13"},"Q9":{"CG":"13"},"82":{"J5":"13"},"98":{"GM":"13"},"68":{"PC":"13","MC":"13"},"8P":{"M5":"13"},"X7":{"W4":"13","X4":"13"},"GM":{"4Q":"13","4P":"13"},"M2":{"C6":"13","C5":"13"}},"4J":{"XP":{"9W":"13","9V":"13"},"RV":{"8F":"13","8C":"13"}},"9P":{"6X":{"X6":"13","X5":"13","X4":"13"},"7X":{"25":"13","24":"13"}},"HJ":{"W4":{"HQ":"13","JQ":"13"},"32":{"CC":"13","FC":"13","C9":"13","F9":"13"},"25":{"J7":"13","H5":"13","H7":"13","J6":"13","J5":"13","H6":"13"},"33":{"5R":"13","4R":"13","5V":"13","4V":"13"}},"JH":{"J3":{"3G":"13","4G":"13"}},"F9":{"V4":{"44":"13","45":"13"},"H7":{"V8":"13","V9":"13"},"MG":{"C6":"13","C7":"13"},"M2":{"5Q":"13","7H":"13","5R":"13","8H":"13","7J":"13","8J":"13"},"MF":{"82":"13"},"W4":{"CP":"13","CM":"13"},"MC":{"8X":"13"},"RP":{"3R":"13"},"X4":{"XP":"13","XQ":"13"},"P9":{"XH":"13","XJ":"13"},"89":{"2Q":"13"},"VJ":{"F5":"13","F4":"13","C5":"13","C4":"13"},"79":{"XQ":"13","XR":"13"},"24":{"CC":"13","XX":"13","H8":"13","H7":"13","CF":"13"}},"C7":{"3X":{"8Q":"13","8R":"13"},"5X":{"H8":"13"}},"PQ":{"HG":{"X8":"13"},"8V":{"C6":"13","C5":"13"},"W8":{"84":"13"},"XX":{"Q4":"13","R4":"13"},"XP":{"QP":"13","PP":"13"},"XJ":{"Q3":"13","P3":"13"},"3P":{"C6":"13","F5":"13","F6":"13","C5":"13"},"JP":{"FM":"13"},"5R":{"2M":"13"},"RF":{"RX":"13","VX":"13"},"82":{"GR":"13","GV":"13"},"CC":{"GG":"13","GF":"13"},"JV":{"R8":"13","R9":"13","V8":"13","V9":"13"},"9J":{"2M":"13"},"RW":{"88":"13","87":"13"}},"RF":{"P4":{"66":"13","57":"13","56":"13","67":"13"},"83":{"R8":"13","R9":"13","V9":"13"},"9M":{"72":"13"},"95":{"R3":"13","R8":"13","V7":"13","V3":"13","W2":"13","V4":"13","R5":"13","W3":"13","R2":"13","R7":"13","R6":"13","V2":"13","R4":"13","V6":"13","V8":"13","V5":"13"},"G9":{"HH":"13","Q6":"13","R7":"13","Q7":"13"},"C8":{"65":"13","3G":"13","74":"13","4G":"13","64":"13","4H":"13"},"57":{"WH":"13","WG":"13"},"CF":{"V4":"13","V2":"13","R4":"13","W5":"13","X6":"13","W6":"13","V3":"13","W4":"13","R2":"13","W3":"13","X4":"13","X5":"13","R3":"13"},"8C":{"3Q":"13","2R":"13","2Q":"13","3R":"13"},"28":{"M2":"13","M3":"13","P2":"13"},"H8":{"QW":"13","MW":"13","JX":"13","QX":"13","PW":"13","MX":"13","PX":"13","RX":"13","RW":"13"},"99":{"MX":"13","PX":"13","PW":"13","MW":"13"},"H5":{"5R":"13","4X":"13","4W":"13","5W":"13","5X":"13","4R":"13","5V":"13","4V":"13"},"G6":{"JP":"13","PJ":"13","MM":"13","GP":"13","FQ":"13","HQ":"13","PG":"13","PM":"13","PH":"13","PP":"13","MP":"13","JJ":"13","MJ":"13","GQ":"13","MH":"13","JM":"13","HR":"13","GR":"13","FP":"13"},"F8":{"G6":"13","F7":"13","G9":"13","C6":"13","F6":"13","C9":"13","GC":"13","F8":"13","FC":"13","F9":"13","C8":"13","98":"13","99":"13","CC":"13","G8":"13","C7":"13","G7":"13"},"R9":{"Q8":"13","P8":"13"},"H9":{"Q4":"13","R4":"13","P3":"13","M2":"13","P6":"13","P5":"13","M4":"13","M3":"13","J3":"13","R2":"13","Q2":"13","P4":"13","Q6":"13","J2":"13","Q5":"13","PH":"13","Q3":"13","R3":"13","P2":"13"},"59":{"Q3":"13","P3":"13"},"H6":{"5P":"13","6P":"13"},"J9":{"86":"13","38":"13","4P":"13","5Q":"13","5R":"13","68":"13","3M":"13","2M":"13","3Q":"13","3H":"13","9C":"13","7C":"13","6Q":"13","98":"13","28":"13","9F":"13","97":"13","3J":"13","96":"13","76":"13","79":"13","C9":"13","77":"13","27":"13","4H":"13","4Q":"13","6C":"13","8C":"13","2P":"13","3P":"13","C8":"13","78":"13","87":"13","FF":"13","88":"13","CF":"13","89":"13","CC":"13","69":"13","99":"13"},"W3":{"5M":"13","5P":"13","6M":"13","6P":"13"},"94":{"RX":"13","VX":"13"},"43":{"8V":"13"},"82":{"G7":"13","F7":"13","F6":"13","G6":"13"},"98":{"G9":"13","H9":"13","H8":"13","G8":"13"},"J7":{"84":"13","85":"13","75":"13"},"J6":{"V4":"13","V5":"13"},"CC":{"VV":"13","WV":"13","VR":"13","WR":"13","VW":"13","WQ":"13","WW":"13","VQ":"13","XW":"13","WP":"13"},"F6":{"RH":"13","VJ":"13","RJ":"13","VH":"13"},"97":{"QJ":"13","RH":"13","QF":"13","QG":"13","RG":"13","QM":"13","QH":"13","RJ":"13","RM":"13"},"64":{"X5":"13"},"R8":{"3Q":"13","3P":"13","2Q":"13"},"76":{"5Q":"13","5R":"13","6Q":"13","4F":"13","6R":"13","4C":"13"}},"JC":{"7G":{"P7":"13","M7":"13"},"M8":{"H8":"13","H7":"13"},"58":{"69":"13","68":"13"},"P5":{"CP":"13","CM":"13","FM":"13","FP":"13"},"G2":{"MQ":"13","PQ":"13","PR":"13"},"73":{"VC":"13","V9":"13"},"5C":{"25":"13","24":"13"},"P7":{"2J":"13"},"7Q":{"J2":"13","M2":"13"},"P2":{"XV":"13","3V":"13","XW":"13","4V":"13","3W":"13"}},"Q9":{"6W":{"HJ":"13","HM":"13"},"3R":{"2G":"13"}},"J8":{"WV":{"C2":"13","93":"13","92":"13","C3":"13","94":"13"},"6G":{"Q8":"13"},"QM":{"39":"13","49":"13","4C":"13","3C":"13"},"5J":{"X5":"13","X4":"13"},"C9":{"26":"13","25":"13","24":"13"},"QF":{"RP":"13","RM":"13"},"PQ":{"H4":"13","H3":"13","J4":"13"},"JM":{"7H":"13","7G":"13"},"XF":{"3Q":"13","4F":"13","4C":"13"},"MC":{"HJ":"13","JJ":"13","JM":"13"},"XR":{"MX":"13","JW":"13","HX":"13","JX":"13"},"99":{"X5":"13","X4":"13"},"9G":{"GG":"13","GH":"13"},"XV":{"H2":"13","J2":"13","M2":"13"},"GJ":{"9R":"13","9V":"13","CV":"13","CR":"13"},"HW":{"2C":"13"}},"QQ":{"4J":{"X7":"13","X8":"13"},"5J":{"28":"13","27":"13"},"J3":{"XF":"13"},"HM":{"3F":"13"},"4C":{"XF":"13","XC":"13"},"GR":{"7W":"13","7X":"13"},"5C":{"2C":"13","2F":"13"},"JF":{"FJ":"13","FM":"13"}},"2C":{"9H":{"X2":"13","X3":"13"}},"XP":{"F2":{"69":"13","68":"13"},"6Q":{"MV":"13","V4":"13","R5":"13","V5":"13","MW":"13"},"5R":{"WQ":"13","VQ":"13"},"HW":{"29":"13"},"9J":{"73":"13","74":"13"},"C7":{"C5":"13"},"GW":{"X9":"13"},"68":{"3R":"13"}},"FV":{"52":{"XM":"13","XJ":"13","WJ":"13","WM":"13"},"62":{"G3":"13","J3":"13","H4":"13","H2":"13","H3":"13"},"RC":{"M5":"13","M4":"13"}},"WP":{"GP":{"86":"13","97":"13","87":"13","96":"13"},"GX":{"76":"13"},"8X":{"MF":"13"},"2H":{"F2":"13"},"3R":{"F7":"13"},"CF":{"F6":"13"},"6C":{"X2":"13","X3":"13"},"2V":{"QX":"13"},"6H":{"RJ":"13","RM":"13"},"2M":{"QG":"13","QH":"13"},"3X":{"64":"13"},"XP":{"5C":"13"},"XJ":{"RP":"13","VP":"13"},"X2":{"X9":"13","W8":"13","W9":"13","X8":"13"},"MW":{"69":"13","6C":"13"},"5H":{"26":"13","36":"13","37":"13","27":"13"},"45":{"26":"13","27":"13"},"JM":{"HV":"13"},"5X":{"WR":"13","XR":"13","WQ":"13"},"G3":{"6J":"13"},"FV":{"2P":"13","2Q":"13"},"JX":{"VG":"13","VH":"13"},"6R":{"6H":"13","6J":"13"},"RR":{"C9":"13","F9":"13"},"7X":{"5X":"13","PH":"13"},"7V":{"5R":"13"},"QR":{"4G":"13","4H":"13"},"XV":{"PV":"13","QW":"13","QV":"13"},"3Q":{"58":"13","5W":"13","5X":"13","59":"13","68":"13","5V":"13"},"RW":{"P4":"13","M4":"13","M3":"13"},"9W":{"7H":"13","7J":"13"}},"5J":{"HF":{"CC":"13","FC":"13","C9":"13","2Q":"13","F9":"13"},"62":{"9Q":"13","9R":"13"}},"RR":{"J7":{"WR":"13","WQ":"13"},"R5":{"53":"13"},"XF":{"5M":"13","6M":"13"},"HG":{"QJ":"13","QM":"13"},"X3":{"3M":"13"},"7V":{"3V":"13","3W":"13"},"RP":{"W9":"13"},"WP":{"V9":"13"},"VX":{"CP":"13","CM":"13"},"HM":{"P9":"13","Q9":"13"},"X8":{"FW":"13"}},"XF":{"X8":{"H7":"13","H6":"13"},"62":{"XV":"13","XW":"13"},"74":{"MH":"13"},"X7":{"FR":"13","GR":"13","GV":"13"},"P8":{"HQ":"13","JQ":"13"},"H2":{"RV":"13"},"46":{"VJ":"13"},"X9":{"PF":"13"},"52":{"36":"13","37":"13","47":"13"},"RF":{"QX":"13"},"82":{"9Q":"13","8Q":"13","5W":"13","9P":"13","5V":"13"},"P9":{"89":"13"},"X5":{"WQ":"13","VQ":"13"},"72":{"2W":"13","RP":"13","2V":"13","RM":"13"},"26":{"GW":"13","GV":"13"},"76":{"J8":"13","M8":"13"},"WF":{"6X":"13","5X":"13"}},"5F":{"C3":{"9F":"13","CC":"13","CF":"13"}},"WH":{"FF":{"C6":"13","F5":"13","F4":"13","F6":"13","C5":"13","C4":"13"},"9C":{"RV":"13","RR":"13","VR":"13","XM":"13","RQ":"13"},"H7":{"7M":"13","7P":"13"},"C6":{"GW":"13"},"FG":{"4J":"13","3J":"13","4H":"13","2H":"13","3H":"13"},"FJ":{"QX":"13","QW":"13","PX":"13","PW":"13"},"C9":{"QR":"13","QP":"13","PP":"13","PQ":"13","QQ":"13","PR":"13"},"F8":{"7M":"13","7P":"13","5P":"13","6M":"13","6P":"13"},"CP":{"4F":"13","5G":"13","4G":"13","4H":"13","5F":"13"},"JJ":{"4J":"13","5J":"13","4H":"13","5H":"13"},"CH":{"H5":"13","H4":"13","G5":"13","H6":"13","G6":"13"},"CC":{"Q6":"13","M6":"13","P7":"13","2J":"13","P6":"13","2H":"13","2M":"13","Q7":"13","M7":"13"},"38":{"3X":"13"},"GF":{"5J":"13","6M":"13","6J":"13"},"26":{"5R":"13","5V":"13"},"2G":{"GX":"13","FW":"13","FX":"13","GW":"13"},"7C":{"CC":"13","FC":"13","F9":"13","CF":"13"},"6Q":{"PJ":"13","PH":"13","MJ":"13","MH":"13"},"HF":{"88":"13","89":"13","79":"13","8C":"13","78":"13","7C":"13"}},"RV":{"GM":{"H9":"13","H8":"13"},"V5":{"23":"13"},"QH":{"H8":"13","G8":"13"},"C6":{"4X":"13"},"VV":{"8V":"13"},"R5":{"X3":"13"},"MR":{"M2":"13","P2":"13"},"CV":{"5C":"13","59":"13"},"QC":{"R8":"13","Q8":"13","R9":"13","Q9":"13"},"PQ":{"CV":"13","CR":"13"},"GG":{"RR":"13","RQ":"13"},"45":{"4Q":"13"},"MQ":{"MX":"13","PX":"13"},"QP":{"9M":"13"},"7P":{"CJ":"13","FJ":"13"},"R6":{"QM":"13"},"22":{"W6":"13"},"99":{"Q8":"13","Q9":"13"},"PC":{"RH":"13","RG":"13"},"4W":{"R5":"13","R4":"13"},"C4":{"M5":"13","J4":"13","M4":"13","J5":"13"},"9H":{"3Q":"13","2Q":"13"},"MX":{"XQ":"13","XR":"13"},"G7":{"QF":"13","QG":"13"},"PX":{"2R":"13","2Q":"13"},"VP":{"C6":"13","97":"13","C7":"13","96":"13"},"HW":{"32":"13","33":"13"}},"WQ":{"8V":{"XV":"13"},"VM":{"4X":"13"},"5P":{"XP":"13","XQ":"13","WQ":"13"},"QM":{"VJ":"13","RJ":"13","VM":"13","WJ":"13","WM":"13","RM":"13"},"24":{"HR":"13"},"HF":{"4X":"13"},"R9":{"QX":"13"},"QR":{"MM":"13","JM":"13"},"RM":{"PH":"13"},"QQ":{"32":"13","23":"13","33":"13","22":"13"},"PM":{"6W":"13"},"9V":{"2V":"13"},"RC":{"Q2":"13"},"XG":{"4F":"13","5G":"13","4G":"13","5F":"13"},"QG":{"6F":"13","6G":"13"},"H2":{"XG":"13","WG":"13"},"3Q":{"P2":"13"},"VG":{"8G":"13","H9":"13","H8":"13","7G":"13"},"4J":{"V8":"13"},"2J":{"H9":"13","HC":"13"},"HG":{"42":"13","52":"13"},"WM":{"PV":"13","PR":"13"},"FP":{"98":"13","C6":"13","97":"13","99":"13","C9":"13","C7":"13","C8":"13","96":"13"},"MC":{"34":"13","25":"13","24":"13","35":"13"},"MG":{"PH":"13"},"JQ":{"2P":"13","2Q":"13","2M":"13"},"RW":{"5J":"13","6H":"13","5H":"13"},"W4":{"3V":"13","3R":"13"},"8H":{"RV":"13","QV":"13"},"72":{"52":"13"},"7V":{"MV":"13","MW":"13"},"26":{"M2":"13"},"CJ":{"4P":"13","4Q":"13","6M":"13","5M":"13","5P":"13","5R":"13","6R":"13","6V":"13","4R":"13","5V":"13","6P":"13","6J":"13","6Q":"13","5Q":"13"},"PG":{"3G":"13","4G":"13","4H":"13","3H":"13"},"XX":{"P4":"13","M4":"13","M3":"13"},"HV":{"MG":"13","PG":"13","MF":"13","QF":"13","PF":"13","QC":"13","M9":"13","MC":"13","P9":"13","JF":"13","PC":"13","JG":"13","Q9":"13"},"MP":{"VJ":"13","WH":"13","RJ":"13","VM":"13","WG":"13","RP":"13","WJ":"13","VP":"13","WM":"13","RM":"13","VH":"13"},"CR":{"QF":"13","PF":"13"},"HM":{"5C":"13","4F":"13","5G":"13","3G":"13","4G":"13","6G":"13","4C":"13","3C":"13","3F":"13","5F":"13"},"WG":{"HF":"13","HC":"13"},"MM":{"F4":"13","C4":"13"},"QP":{"3V":"13","2W":"13","3X":"13","2X":"13","2V":"13","3W":"13"},"WF":{"2P":"13","2Q":"13"},"9Q":{"GV":"13"},"HQ":{"XP":"13","XQ":"13","XM":"13"},"MV":{"WH":"13","WG":"13","WJ":"13"},"J3":{"JH":"13","MH":"13"},"5H":{"XQ":"13"}},"WJ":{"HJ":{"3J":"13"},"C8":{"7J":"13","8J":"13"},"WP":{"M9":"13","MC":"13"},"PF":{"9F":"13","8F":"13","9C":"13","8C":"13"}},"9C":{"3P":{"W5":"13","V6":"13","W6":"13"},"WR":{"XF":"13","XC":"13"},"FG":{"MJ":"13","MH":"13"},"WG":{"V3":"13","V2":"13"},"WC":{"M4":"13","M3":"13"}},"VF":{"63":{"H5":"13"},"5C":{"F2":"13","G3":"13","F3":"13","G2":"13"},"97":{"GX":"13","HW":"13","HX":"13"},"58":{"35":"13"},"Q5":{"98":"13","97":"13"},"25":{"QF":"13"},"55":{"VG":"13","VF":"13"},"77":{"5X":"13"},"53":{"84":"13","85":"13","95":"13","94":"13"},"48":{"7F":"13","6F":"13","5C":"13","4F":"13","5G":"13","4G":"13","5F":"13","6C":"13","7C":"13"},"6C":{"58":"13","57":"13"},"P3":{"W2":"13","V2":"13"},"68":{"W4":"13","W3":"13","X4":"13","X3":"13"},"78":{"5Q":"13","4Q":"13","5P":"13","52":"13","4P":"13"}},"5C":{"C9":{"WJ":"13"},"F7":{"4X":"13","4W":"13","3X":"13","3W":"13"},"P3":{"C6":"13","95":"13","96":"13","C5":"13"}},"MF":{"66":{"RP":"13","RM":"13"},"48":{"WC":"13"}},"M9":{"35":{"XX":"13"},"G8":{"54":"13","53":"13"},"86":{"GC":"13"},"H8":{"99":"13","89":"13","9C":"13","8C":"13"},"FQ":{"W8":"13","W9":"13","V8":"13","V9":"13"},"92":{"QM":"13","PM":"13","QP":"13","PP":"13","MP":"13"},"H4":{"XQ":"13"},"3M":{"3V":"13","3W":"13"},"9V":{"WG":"13","P3":"13","R2":"13","XG":"13","XF":"13","Q2":"13","WF":"13","Q3":"13","R3":"13","P2":"13"},"JJ":{"83":"13","73":"13","84":"13","74":"13"},"3C":{"MX":"13","MW":"13"},"4J":{"X3":"13"},"9F":{"GF":"13"},"6X":{"46":"13","55":"13","45":"13","56":"13"},"5J":{"23":"13","22":"13"},"9W":{"7H":"13","8G":"13","8H":"13","6H":"13","6J":"13","7J":"13","7G":"13"},"RQ":{"Q5":"13","R5":"13","Q6":"13","R6":"13"},"CV":{"2F":"13","2G":"13"},"29":{"4G":"13"},"6G":{"XH":"13","XJ":"13"},"72":{"98":"13","97":"13","C7":"13","C8":"13"},"96":{"75":"13","76":"13"},"C3":{"Q3":"13","Q4":"13"},"PF":{"CF":"13"},"6V":{"HJ":"13","HH":"13"},"P5":{"PV":"13"},"3X":{"X9":"13","X8":"13"},"C2":{"3P":"13","2P":"13","2M":"13"},"23":{"M9":"13","M8":"13","P9":"13","P8":"13"},"58":{"HX":"13","JX":"13"},"9J":{"34":"13","24":"13"},"W6":{"Q8":"13","R9":"13","Q9":"13"},"FH":{"97":"13","C7":"13"},"V5":{"GX":"13","GW":"13"},"2W":{"F7":"13","C7":"13"},"6P":{"WH":"13","VH":"13"},"8C":{"X2":"13"},"J4":{"QR":"13","QV":"13"},"C7":{"MX":"13","JX":"13"},"5M":{"MF":"13"},"9R":{"QX":"13","RX":"13","PX":"13","PW":"13"},"7G":{"2J":"13","2H":"13"},"75":{"M8":"13","P8":"13"}},"MH":{"MX":{"2M":"13"}},"8G":{"4W":{"JV":"13","JW":"13"}},"XQ":{"78":{"C6":"13","F5":"13","C5":"13"},"WR":{"8V":"13","7V":"13","7W":"13","8W":"13"},"HJ":{"CJ":"13","CH":"13","9J":"13","9H":"13"},"2P":{"3P":"13","3M":"13"},"6C":{"CW":"13","9X":"13","CX":"13"},"WW":{"JV":"13","HV":"13"},"RG":{"3G":"13","3H":"13"},"2C":{"Q2":"13"},"2W":{"4F":"13","5G":"13","4G":"13","46":"13","55":"13","45":"13","56":"13","5F":"13"},"X9":{"Q8":"13","P8":"13"},"8W":{"2W":"13","2V":"13"},"4Q":{"76":"13"},"3F":{"HX":"13","JX":"13","VC":"13"},"9R":{"X4":"13"},"42":{"P4":"13","M4":"13","M3":"13","P3":"13"},"2F":{"HX":"13","JX":"13"},"HV":{"XG":"13"},"6V":{"QP":"13"},"93":{"89":"13","8C":"13"},"97":{"Q2":"13"},"69":{"66":"13"},"G8":{"VP":"13","VQ":"13"},"CJ":{"CJ":"13"},"76":{"CC":"13","99":"13","59":"13","C9":"13","C8":"13"},"6Q":{"9V":"13","8V":"13"},"4F":{"P9":"13","P8":"13"}},"59":{"VV":{"F3":"13"},"98":{"GH":"13"},"97":{"MV":"13","JV":"13"},"CH":{"HX":"13"},"G7":{"VJ":"13"},"57":{"4X":"13","5X":"13"}},"3F":{"7Q":{"44":"13","43":"13"}},"VW":{"9Q":{"VV":"13","VR":"13"},"P4":{"85":"13","75":"13","76":"13"},"MH":{"XM":"13","XJ":"13"},"GC":{"86":"13","95":"13","96":"13"},"C5":{"MX":"13","PX":"13","PW":"13","MW":"13"},"7F":{"RV":"13","RW":"13","VV":"13","VW":"13"},"H4":{"HM":"13"},"7P":{"36":"13","35":"13"},"5P":{"5C":"13","59":"13"},"5H":{"FR":"13","FQ":"13","CQ":"13","CR":"13"},"QG":{"Q9":"13","QC":"13"},"24":{"3G":"13","3H":"13"},"JM":{"RH":"13","RJ":"13"},"Q8":{"P5":"13","P4":"13"},"X9":{"9P":"13","9M":"13"},"2F":{"VG":"13","WG":"13"},"V2":{"54":"13","55":"13"},"5V":{"54":"13","44":"13","55":"13","45":"13"},"JV":{"3W":"13"},"M9":{"F2":"13"},"4X":{"G3":"13","F5":"13","G4":"13","G5":"13"},"6C":{"3X":"13"},"73":{"89":"13","79":"13"},"6F":{"32":"13"},"XR":{"F2":"13","F3":"13"},"RW":{"F5":"13","G5":"13","F4":"13"},"66":{"QW":"13"},"JJ":{"RR":"13","RQ":"13","QQ":"13"}},"PW":{"CJ":{"2F":"13","4G":"13","2G":"13"},"54":{"98":"13","97":"13","99":"13","C7":"13","C8":"13"},"R2":{"RP":"13","VP":"13","VQ":"13"},"M9":{"CG":"13","9G":"13"},"WF":{"7F":"13","6F":"13","6G":"13","7G":"13"},"9J":{"XG":"13","XF":"13"},"FX":{"HJ":"13","JJ":"13"},"MH":{"QM":"13","RJ":"13","RM":"13"}},"P9":{"MJ":{"42":"13","43":"13"},"2M":{"V4":"13","V5":"13","Q8":"13","W5":"13","R9":"13","R8":"13","W4":"13","Q7":"13","R7":"13","Q9":"13"},"3M":{"52":"13"},"CV":{"XX":"13"},"CP":{"4J":"13","5J":"13","4H":"13","5H":"13"},"CW":{"X2":"13"},"WX":{"2J":"13","2H":"13"},"QP":{"VG":"13","VF":"13","WF":"13","WG":"13"},"7F":{"6F":"13","6C":"13"},"49":{"X9":"13","X8":"13"},"VX":{"XH":"13","XJ":"13"},"7V":{"FG":"13","FF":"13"},"MH":{"CJ":"13","FJ":"13"},"JH":{"RV":"13","QR":"13","RR":"13","QV":"13"},"FW":{"22":"13"},"3J":{"5X":"13"}},"RH":{"QG":{"38":"13","VM":"13","WQ":"13","VP":"13","WM":"13","WP":"13","48":"13"},"WH":{"J7":"13","J8":"13","M8":"13","P7":"13","M7":"13"},"QR":{"9Q":"13"},"X5":{"HQ":"13","GQ":"13","HR":"13","GR":"13","HV":"13","GV":"13"},"VF":{"7M":"13","7J":"13"},"X4":{"HW":"13","GW":"13","HV":"13","GV":"13"},"X9":{"8H":"13","9J":"13","9H":"13","8J":"13"},"WC":{"63":"13"},"XC":{"4X":"13","4W":"13","5W":"13","5X":"13"},"PW":{"2Q":"13"}},"RJ":{"JR":{"2M":"13"},"M3":{"6X":"13","6W":"13","7W":"13","7X":"13"},"GC":{"JH":"13","MH":"13","JG":"13","MG":"13"}},"FP":{"55":{"24":"13"},"45":{"X4":"13"}},"GP":{"R3":{"82":"13"},"M6":{"GR":"13","GV":"13"},"P9":{"52":"13","62":"13"},"P8":{"6X":"13","5X":"13"},"H8":{"C6":"13","C7":"13"},"GC":{"C2":"13","C3":"13"}},"VH":{"35":{"86":"13","87":"13"},"46":{"W7":"13","2P":"13","X7":"13","W8":"13","2Q":"13","X8":"13"},"34":{"58":"13","6C":"13","59":"13","5C":"13","69":"13","79":"13","7C":"13"},"CP":{"JH":"13"},"25":{"54":"13","65":"13","66":"13","64":"13","55":"13","56":"13"},"28":{"6M":"13","6P":"13"},"45":{"V5":"13","R5":"13","V8":"13","R8":"13","V7":"13","R6":"13","R7":"13","V6":"13"},"VR":{"43":"13","33":"13"},"56":{"77":"13","67":"13","68":"13","28":"13","78":"13","27":"13"},"36":{"6V":"13","9W":"13","9V":"13","8V":"13","6W":"13","7W":"13","7V":"13","7R":"13","8R":"13","7X":"13","8W":"13"},"26":{"7F":"13","8F":"13","8C":"13"},"7J":{"25":"13"},"55":{"2X":"13"},"7C":{"P3":"13"}},"G9":{"H8":{"V3":"13","W3":"13"},"GM":{"VQ":"13"},"Q8":{"H7":"13"},"W8":{"39":"13","49":"13","4C":"13","3C":"13"},"57":{"27":"13"},"W5":{"83":"13","93":"13"},"X6":{"7Q":"13","F5":"13","8Q":"13","G5":"13","F6":"13"},"46":{"P5":"13","Q4":"13","Q5":"13","P4":"13"},"X9":{"VJ":"13","WH":"13","WJ":"13","VH":"13"},"47":{"X7":"13"},"R8":{"RQ":"13","QQ":"13"},"W4":{"43":"13"},"X2":{"FQ":"13","4G":"13","CQ":"13"},"F2":{"4J":"13","5J":"13","4H":"13","5H":"13"},"XG":{"97":"13","PX":"13"},"PQ":{"F5":"13","G4":"13","G5":"13","F4":"13","F6":"13","G6":"13"},"PJ":{"22":"13"},"9M":{"75":"13","65":"13","64":"13"},"JM":{"FM":"13"},"H6":{"4J":"13","3J":"13","4H":"13","3H":"13"},"J9":{"F7":"13","F6":"13"},"GR":{"6P":"13"},"VM":{"C6":"13","96":"13"},"MQ":{"J8":"13","H9":"13","JC":"13","J9":"13"},"82":{"VW":"13","WW":"13"},"G8":{"93":"13","C4":"13","94":"13"},"24":{"2P":"13","2Q":"13"},"X3":{"R5":"13","R6":"13"}},"XM":{"GP":{"4Q":"13"},"FF":{"Q6":"13","P7":"13","P6":"13","Q7":"13"},"2H":{"HP":"13"},"57":{"2V":"13"},"65":{"QW":"13","QV":"13"},"6H":{"Q3":"13","Q2":"13"},"4H":{"RG":"13","VG":"13"},"FQ":{"47":"13"},"59":{"VJ":"13","VH":"13"},"47":{"XV":"13"},"W4":{"XG":"13","XF":"13"},"JM":{"RH":"13"},"HM":{"J4":"13","M4":"13"},"JP":{"6V":"13","6R":"13"},"98":{"4P":"13"},"38":{"P9":"13"},"9P":{"8M":"13","7M":"13","7J":"13"},"2Q":{"QR":"13","QV":"13"}},"J9":{"RQ":{"GP":"13","GQ":"13"},"GC":{"68":"13","78":"13"},"WF":{"22":"13"},"VR":{"G8":"13","G7":"13","F7":"13"},"XH":{"9H":"13"},"HM":{"G9":"13","F8":"13","G8":"13","G7":"13","F7":"13"},"M4":{"4M":"13"},"MC":{"CH":"13"},"W2":{"RV":"13","VV":"13"},"5H":{"5W":"13","5V":"13"},"CF":{"2J":"13","2M":"13"},"2H":{"P9":"13","PC":"13","Q9":"13","QC":"13"},"8X":{"R8":"13","R9":"13","RC":"13"},"8C":{"H5":"13","H4":"13","G4":"13","G5":"13"},"QQ":{"5R":"13","5V":"13"},"VF":{"X2":"13"},"7Q":{"J8":"13","H8":"13","H7":"13"},"24":{"HW":"13","GW":"13"},"CP":{"2J":"13"},"R9":{"29":"13","2C":"13"},"G8":{"85":"13","75":"13","49":"13","48":"13"},"J3":{"3V":"13","3R":"13"},"J9":{"63":"13","73":"13"},"VC":{"XX":"13"},"R4":{"83":"13","82":"13","M2":"13","P2":"13"},"P8":{"RJ":"13","RM":"13"},"V7":{"8H":"13","8J":"13"},"9F":{"XM":"13","XJ":"13"},"JC":{"98":"13","C8":"13"},"J7":{"MV":"13"},"68":{"54":"13","44":"13","65":"13","55":"13","45":"13"},"VX":{"CQ":"13"},"GM":{"G9":"13","GG":"13","GF":"13","FC":"13","HG":"13","GH":"13","F9":"13","GC":"13"},"WG":{"CX":"13"},"WH":{"C2":"13"},"WC":{"2X":"13","V6":"13"},"P7":{"V7":"13","W7":"13","MQ":"13","W8":"13","MR":"13","JR":"13","V8":"13"},"HJ":{"24":"13"},"6G":{"86":"13","87":"13","96":"13"},"R3":{"MX":"13","H2":"13","G2":"13","PX":"13"},"69":{"C6":"13","C7":"13","96":"13"},"R2":{"GX":"13","HX":"13"}},"2H":{"23":{"GH":"13","GJ":"13"}},"9F":{"R8":{"JH":"13","JJ":"13"},"86":{"4X":"13"}},"VM":{"5W":{"M4":"13"},"3X":{"3V":"13","3W":"13"},"8H":{"H5":"13","H4":"13","G4":"13","G5":"13"},"9V":{"JH":"13","JJ":"13","MJ":"13","MH":"13"},"3M":{"GG":"13","GH":"13"},"GW":{"9Q":"13","9P":"13"}},"RG":{"JV":{"Q4":"13","Q5":"13","V4":"13","R5":"13","R4":"13"},"9V":{"26":"13"},"6W":{"3V":"13","4V":"13"},"7V":{"CJ":"13","CM":"13"},"CX":{"6C":"13"}},"8C":{"97":{"Q3":"13","Q4":"13"},"R5":{"72":"13","62":"13"},"R4":{"6X":"13","7X":"13"},"VH":{"WC":"13","W9":"13","XC":"13"}},"97":{"9V":{"5W":"13","9X":"13"}},"QP":{"6Q":{"F2":"13"},"6F":{"HQ":"13","HR":"13"},"6P":{"FX":"13"},"68":{"GJ":"13"}},"VX":{"WG":{"JH":"13","MH":"13","JG":"13","MG":"13"},"43":{"36":"13","37":"13","46":"13","47":"13"},"G5":{"XH":"13","XJ":"13"},"57":{"H7":"13","H6":"13"},"XC":{"CP":"13","CM":"13"},"W2":{"PG":"13","PF":"13"},"XP":{"J3":"13","H2":"13","H3":"13","J2":"13"},"46":{"HH":"13","MP":"13","HP":"13","HJ":"13","MJ":"13","MM":"13","JM":"13","HM":"13","JJ":"13","JP":"13","JQ":"13","MH":"13","JH":"13","HQ":"13"},"WP":{"R3":"13","Q3":"13"},"47":{"QH":"13","MG":"13","MJ":"13","PG":"13","MF":"13","QF":"13","PF":"13","QC":"13","JJ":"13","QG":"13","PH":"13","JG":"13","MH":"13","JH":"13"},"W9":{"G3":"13","F3":"13","F4":"13"},"RQ":{"VW":"13","WW":"13"},"28":{"VJ":"13","VM":"13","X7":"13","X9":"13","WJ":"13","VP":"13","WM":"13","WP":"13","X8":"13"},"27":{"QJ":"13","62":"13","QM":"13","QQ":"13|5","RQ":"13","PJ":"13","53":"13","52":"13","QP":"13|5","RR":"13","RP":"13","RV":"13","72":"13","QR":"13","RJ":"13","PM":"13","63":"13","PP":"13","RM":"13"},"C2":{"M8":"13","M7":"13"},"9R":{"MM":"13","JM":"13"},"G3":{"QP":"13","RP":"13","QQ":"13"},"64":{"29":"13","39":"13","38":"13","28":"13"},"RR":{"R8":"13","R7":"13"},"36":{"H5":"13|5","J5":"13|5"},"85":{"R3":"13","Q3":"13","Q2":"13","R2":"13"},"J2":{"QR":"13","QV":"13"},"RJ":{"7Q":"13","7P":"13"},"C4":{"CH":"13","CG":"13","9H":"13","9G":"13"},"26":{"6X":"13","5X":"13"},"76":{"3Q":"13","3P":"13","2P":"13","3M":"13","2Q":"13","2M":"13"},"67":{"F4":"13"},"P2":{"HH":"13","JH":"13"}},"VJ":{"GJ":{"M7":"13"}},"QW":{"FF":{"PJ":"13","QH":"13","PH":"13"},"H3":{"P5":"13","P6":"13"},"VV":{"R5":"13","R6":"13"},"QM":{"F8":"13","F9":"13"},"2W":{"5R":"13","4R":"13","5V":"13","4V":"13"},"X9":{"WH":"13","WJ":"13"},"QV":{"9P":"13"},"H4":{"CH":"13","CG":"13","9H":"13","9G":"13"},"4C":{"FV":"13","9F":"13","CC":"13","9C":"13","GW":"13","GR":"13","9G":"13","GV":"13","CF":"13"},"64":{"9J":"13","9H":"13"},"RF":{"H5":"13","H6":"13"},"X4":{"P4":"13","P3":"13"},"26":{"CJ":"13","CH":"13","9J":"13"},"PP":{"87":"13","77":"13","78":"13"},"FH":{"JQ":"13"}},"VR":{"PJ":{"8M":"13","7M":"13"},"7J":{"6X":"13","7X":"13"},"WF":{"J2":"13","M2":"13"},"VW":{"HX":"13","JX":"13"},"GH":{"5C":"13","4C":"13"},"65":{"MV":"13","MQ":"13","PV":"13","JQ":"13","MR":"13","PR":"13"},"C5":{"GP":"13","GM":"13"},"HR":{"66":"13","57":"13","56":"13","67":"13"},"M4":{"HP":"13"},"9H":{"CJ":"13","CM":"13"},"5P":{"VM":"13"},"P2":{"XM":"13","XJ":"13"},"RG":{"G7":"13","F7":"13","F6":"13","G6":"13"},"Q8":{"6H":"13","6J":"13"},"H7":{"4J":"13","3P":"13","5M":"13","3M":"13","4M":"13","4P":"13"},"X9":{"XV":"13","XW":"13"},"5W":{"HW":"13"},"77":{"M7":"13"},"R4":{"JH":"13","MH":"13","JG":"13","MG":"13"},"FG":{"38":"13","37":"13"},"CX":{"58":"13","57":"13"},"3Q":{"22":"13"},"VX":{"H2":"13","J2":"13"},"8P":{"QP":"13","QQ":"13"},"54":{"J7":"13","J8":"13","M8":"13","M7":"13"},"CC":{"2P":"13","2Q":"13"},"8H":{"2F":"13"},"7M":{"72":"13","62":"13"},"WC":{"MX":"13","JX":"13"},"HQ":{"5C":"13","58":"13","59":"13","49":"13","4C":"13"},"HP":{"XV":"13","WV":"13","WR":"13","XR":"13","WW":"13","XW":"13"},"XR":{"42":"13","52":"13","43":"13","53":"13"},"MF":{"JP":"13","QP":"13","MP":"13"},"3P":{"2X":"13"}},"9H":{"FP":{"C8":"13"}},"MV":{"5Q":{"J3":"13","J2":"13"},"6F":{"GQ":"13","GR":"13"},"QX":{"4F":"13","4C":"13"},"G4":{"FR":"13","CV":"13","CR":"13"},"MQ":{"QJ":"13","QH":"13"},"C9":{"GX":"13"},"62":{"MP":"13","MQ":"13","JQ":"13","MR":"13"},"PF":{"63":"13","62":"13"}},"2J":{"P7":{"38":"13","37":"13","28":"13"}},"MC":{"V4":{"GX":"13","FW":"13","FX":"13","GW":"13"},"V5":{"HH":"13","GG":"13","FH":"13","HG":"13","GH":"13","GJ":"13"},"H3":{"CW":"13","36":"13","38":"13","37":"13","9X":"13","46":"13","45":"13","35":"13","CX":"13"},"WH":{"VX":"13"},"58":{"7W":"13"},"P8":{"5R":"13","5V":"13"},"P5":{"GG":"13","FG":"13"},"H2":{"MM":"13","MP":"13","MJ":"13"},"W6":{"JH":"13","JG":"13","MG":"13"},"83":{"4X":"13","4W":"13"},"45":{"XW":"13"},"CC":{"RQ":"13"},"WJ":{"V2":"13"},"95":{"G3":"13","F3":"13","G4":"13","F4":"13"},"G7":{"RH":"13","VH":"13"}},"FF":{"24":{"6M":"13"},"XW":{"38":"13","37":"13","47":"13","48":"13"}},"49":{"VG":{"M5":"13"},"X5":{"PC":"13"},"PC":{"XM":"13"},"QC":{"2M":"13"}},"GJ":{"WR":{"JW":"13","JX":"13"},"XQ":{"2J":"13","2H":"13"},"XC":{"MM":"13","PM":"13","MP":"13","PP":"13","MQ":"13"},"WW":{"86":"13","75":"13","65":"13","76":"13","66":"13"},"XP":{"94":"13"},"X9":{"QR":"13","QM":"13","PM":"13","PP":"13","QP":"13","MP":"13","MQ":"13","PQ":"13","MR":"13","QQ":"13","PR":"13"},"XH":{"9R":"13","9V":"13","CV":"13"},"WQ":{"XH":"13","XJ":"13"}},"6F":{"X5":{"HW":"13","HX":"13"},"8Q":{"52":"13"},"8P":{"4X":"13","5X":"13"}},"WF":{"R2":{"H2":"13"},"V2":{"QR":"13","RR":"13","RQ":"13","QQ":"13"},"62":{"FR":"13","HQ":"13","GQ":"13","GR":"13"}},"JW":{"G3":{"5J":"13","6J":"13"},"F3":{"VM":"13","VP":"13"},"H2":{"4W":"13","3P":"13","5W":"13","2P":"13","3M":"13","2M":"13","5V":"13","4V":"13"},"W3":{"73":"13","74":"13"},"JC":{"F2":"13"},"PP":{"XG":"13","WH":"13","WG":"13","XH":"13"},"2M":{"G9":"13","GF":"13","FC":"13","FF":"13","F9":"13","GC":"13"},"C4":{"VF":"13","WF":"13"}},"8P":{"J7":{"63":"13","74":"13","64":"13"},"PG":{"88":"13","89":"13","79":"13","78":"13"},"QP":{"Q3":"13","Q4":"13","54":"13","44":"13","Q2":"13","42":"13","52":"13","43":"13","53":"13"},"PP":{"G9":"13","F8":"13","G8":"13","F9":"13"},"M7":{"XP":"13","XQ":"13","WR":"13","XR":"13","WQ":"13","WP":"13"},"PW":{"44":"13","42":"13","43":"13"}},"48":{"6C":{"CQ":"13","CR":"13"}},"VV":{"9C":{"R8":"13","R9":"13"},"C2":{"VC":"13"},"Q2":{"4P":"13"},"M4":{"6R":"13"},"MG":{"66":"13","57":"13","56":"13","67":"13"},"2R":{"XF":"13","WF":"13"},"9G":{"69":"13","79":"13","6C":"13","7C":"13"},"8X":{"23":"13","24":"13"},"JM":{"P7":"13","M7":"13"},"7V":{"WX":"13","VX":"13"},"2W":{"GP":"13"},"94":{"PV":"13","PR":"13"},"Q9":{"WF":"13","WC":"13"},"3H":{"R3":"13","V3":"13","V4":"13","V2":"13"},"HV":{"RM":"13"},"98":{"XP":"13","83":"13","73":"13","XQ":"13","72":"13","82":"13","WQ":"13","WP":"13"},"M9":{"P9":"13","PC":"13"},"8P":{"H5":"13","H4":"13"},"54":{"G9":"13","G8":"13"},"97":{"CH":"13","CG":"13","9H":"13","9G":"13"},"3M":{"66":"13","55":"13","56":"13"},"48":{"54":"13","65":"13","64":"13","55":"13"},"7X":{"X3":"13"},"X2":{"FW":"13","FX":"13"}},"CH":{"P8":{"X5":"13"}},"HX":{"XV":{"6F":"13","5C":"13","5F":"13","6C":"13"},"HP":{"VQ":"13","WR":"13","XQ":"13","XP":"13","WP":"13","VR":"13","WQ":"13"},"6H":{"Q5":"13","Q6":"13"},"M4":{"FH":"13","FJ":"13"},"6C":{"Q6":"13","P7":"13","P6":"13","Q7":"13"}},"JV":{"F7":{"25":"13","24":"13"},"FM":{"VH":"13"},"33":{"HF":"13","GG":"13","HG":"13"},"XJ":{"M5":"13","J5":"13"},"R8":{"88":"13","87":"13","77":"13","78":"13"},"3P":{"66":"13","57":"13","56":"13","67":"13"},"R6":{"J8":"3","J9":"3"},"C7":{"X5":"13","X4":"13"},"79":{"9J":"13"},"JH":{"F3":"13","F4":"13"},"9J":{"X4":"13","X3":"13"},"6J":{"5Q":"13","6Q":"13"},"CJ":{"23":"13","24":"13"}},"WG":{"HH":{"34":"13","24":"13"},"8G":{"RR":"13","VR":"13","RQ":"13","VQ":"13"},"MH":{"69":"13","79":"13"}},"PP":{"VJ":{"5P":"13","6P":"13"},"7M":{"Q6":"13"},"V2":{"5Q":"13"},"VC":{"PQ":"13"},"VP":{"G5":"13"},"8J":{"F2":"13","G2":"13"}},"99":{"Q8":{"F5":"13"},"37":{"HW":"13","HX":"13"},"F5":{"GQ":"13"},"WC":{"X6":"13","X7":"13"},"XC":{"W5":"13","V5":"13"}},"7P":{"MQ":{"66":"13"},"67":{"3V":"13","3R":"13"}},"HC":{"HJ":{"4Q":"13","4P":"13"},"58":{"42":"13","43":"13"},"H4":{"29":"13","39":"13","2C":"13","28":"13"},"5P":{"Q8":"13","P8":"13","Q7":"13"},"33":{"H9":"13","HC":"13"}},"HH":{"3Q":{"75":"13","65":"13","76":"13"},"5W":{"MV":"13","JV":"13","MR":"13","JR":"13"},"8V":{"34":"13","23":"13","24":"13","33":"13"},"6W":{"X6":"13","W7":"13","W6":"13"},"J6":{"X6":"13","X7":"13"},"3R":{"88":"13","86":"13","87":"13","77":"13","78":"13"},"5V":{"5G":"13","6H":"13","6G":"13","5H":"13"},"3W":{"2W":"13","75":"13","76":"13","2X":"13"}},"VG":{"54":{"F3":"13"},"9J":{"5R":"13","5V":"13"}},"XV":{"R3":{"G3":"13","G4":"13"},"3Q":{"XX":"13"},"38":{"8G":"13","7G":"13"},"4W":{"JP":"13","MP":"13"},"2X":{"49":"13"},"25":{"F4":"13","C4":"13"},"2M":{"P5":"13","P6":"13"},"7X":{"M9":"13","P9":"13","P8":"13"}},"XC":{"9Q":{"9F":"13","9G":"13"},"9M":{"24":"13"},"9J":{"MR":"13"},"5P":{"8M":"13","9J":"13","8J":"13"},"GW":{"GW":"13"},"QW":{"99":"13","89":"13"},"QQ":{"VQ":"13"},"9V":{"CJ":"13","CM":"13","9J":"13","9M":"13"},"PG":{"G7":"13"},"8G":{"VJ":"13","WJ":"13"},"2W":{"RM":"13"},"CR":{"63":"13","54":"13","QR":"13","65":"13","64":"13","PQ":"13","QQ":"13","PR":"13"},"3C":{"XX":"13","XW":"13"},"4X":{"8P":"13"},"8P":{"QF":"13","RF":"13","RC":"13"},"HQ":{"3P":"13","2P":"13"},"VQ":{"5Q":"13","6Q":"13","5P":"13","6P":"13"}},"GG":{"FP":{"9J":"13"},"P2":{"CG":"13"},"J9":{"54":"13","65":"13","64":"13"}},"6C":{"38":{"G3":"13","H2":"13","H3":"13","G2":"13"},"3P":{"6M":"13"},"P7":{"JP":"13"},"53":{"M9":"13","M8":"13","P8":"13"},"CX":{"99":"13","9C":"13"},"CF":{"XP":"13"}},"69":{"RV":{"Q8":"13","P7":"13","P8":"13","Q7":"13"},"CW":{"HQ":"13","HR":"13","HV":"13"},"8V":{"XR":"13"},"H7":{"XV":"13","XQ":"13","XR":"13"}},"MG":{"53":{"HH":"13","JH":"13"}},"79":{"MC":{"PV":"13","PR":"13"},"78":{"34":"13","24":"13","33":"13"}},"78":{"QQ":{"2P":"13"}},"CG":{"MF":{"99":"13","C9":"13"}},"RX":{"Q6":{"P2":"13"},"X3":{"7F":"13","8F":"13"},"F5":{"8Q":"13"},"6W":{"J8":"13"},"P4":{"PJ":"13","PM":"13"},"84":{"R6":"13"},"FX":{"X6":"13","W5":"13","W7":"13","W6":"13"},"X8":{"6X":"13","6V":"13","5W":"13","5X":"13","6W":"13","7W":"13","7V":"13","7X":"13","5V":"13"},"88":{"J2":"13","M2":"13"},"9J":{"RG":"13"},"W2":{"2R":"13"},"4C":{"43":"13","33":"13","34":"13","45":"13","53":"13","44":"13","42":"13","55":"13","54":"13"},"7H":{"89":"13"},"7R":{"C6":"13","C7":"13","F7":"13","F6":"13"},"F9":{"7Q":"13","8Q":"13","8R":"13","8P":"13"},"QM":{"25":"13","24":"13"},"RG":{"Q6":"13","P6":"13","Q7":"13"},"G6":{"V7":"13","V6":"13","W6":"13"},"PM":{"W4":"13","W5":"13","X5":"13","X4":"13"},"H9":{"MV":"13"},"V2":{"XR":"13"},"X6":{"F5":"13","F4":"13"},"Q5":{"32":"13","PX":"13","33":"13"},"G3":{"45":"13"},"V6":{"H5":"13","J5":"13"},"HH":{"9Q":"13"},"M9":{"RQ":"13","RP":"13","QQ":"13"},"68":{"GF":"13"},"CC":{"C2":"13","92":"13"},"3F":{"VJ":"13","RJ":"13","VM":"13","RP":"13","VP":"13","RM":"13"},"JP":{"FG":"13","FM":"13","FJ":"13","CH":"13","GH":"13","CJ":"13","GJ":"13","FH":"13"},"WC":{"C5":"13","C6":"13","C3":"13","94":"13","93":"13","95":"13","C4":"13","96":"13"},"GF":{"CW":"13"},"MQ":{"H9":"13","JC":"13","HC":"13","H8":"13","J9":"13"}},"RQ":{"GM":{"69":"13","68":"13"},"9X":{"G5":"13","G6":"13"},"2W":{"9H":"13"},"XX":{"J3":"13","J2":"13"},"J7":{"75":"13","76":"13"},"47":{"HW":"13","JW":"13"},"F8":{"C7":"13","C8":"13"},"R2":{"94":"13"},"QG":{"HW":"13"},"99":{"2W":"13","3X":"13","2X":"13","3W":"13"},"PC":{"FM":"13","FP":"13"},"VJ":{"JH":"13","HG":"13","JG":"13","MG":"13"},"3J":{"C2":"13","C3":"13"},"VH":{"VW":"13","WX":"13","WW":"13","VX":"13"}},"RP":{"Q4":{"XR":"13"},"7H":{"X4":"13","X3":"13"},"QG":{"Q3":"13","Q4":"13"},"4X":{"9G":"13"},"8G":{"M2":"13","P2":"13"},"8H":{"34":"13","23":"13","24":"13"},"8F":{"MX":"13","PX":"13","PW":"13","MW":"13"},"VW":{"97":"13","87":"13"},"4R":{"CH":"13","9H":"13"},"X9":{"2R":"13","2Q":"13"},"W9":{"XQ":"13","XR":"13"},"F6":{"R9":"13","RC":"13"}},"39":{"GC":{"MJ":"13"}},"PH":{"X8":{"HP":"13","HM":"13"}},"CF":{"XP":{"6M":"13","6P":"13"},"V7":{"G8":"13"},"6H":{"X5":"13","X4":"13"},"43":{"PM":"13","PP":"13"},"PX":{"R9":"13","Q9":"13"}},"JF":{"R8":{"FH":"13","FG":"13","CG":"13"},"JP":{"7Q":"13","7P":"13","8Q":"13","8P":"13"},"XM":{"75":"13","65":"13","76":"13","66":"13"},"H8":{"6V":"13","6W":"13"},"9C":{"2C":"13"},"8C":{"XC":"13"}},"FQ":{"VG":{"MX":"13","PX":"13"},"72":{"7Q":"13","7P":"13"}},"JQ":{"XP":{"G4":"13","G5":"13"},"VF":{"PQ":"13","QQ":"13"},"JC":{"F7":"13","F6":"13"},"VX":{"GV":"13"}},"WX":{"H3":{"46":"13"},"8P":{"9W":"13","9V":"13","8V":"13","JG":"13","MG":"13"},"H8":{"H9":"13","H8":"13"},"X3":{"J8":"13"},"5F":{"86":"13","76":"13","87":"13","77":"13"},"V4":{"V6":"13","W6":"13"},"QR":{"XG":"13"},"P6":{"WP":"13"},"R6":{"7W":"13","7V":"13"},"3M":{"XX":"13","WX":"13","WW":"13","XW":"13"},"H6":{"RW":"13","VW":"13","RX":"13","VX":"13"},"3C":{"GW":"13","GV":"13"},"9C":{"RF":"13","QF":"13","RC":"13","QC":"13"},"G3":{"F2":"13","G3":"13","F3":"13","G2":"13"},"4C":{"63":"13","53":"13"},"83":{"M3":"13"},"28":{"R9":"13"},"W7":{"Q6":"13","P6":"13"},"97":{"QJ":"13","PJ":"13","PH":"13","JH":"13","JJ":"13","MJ":"13","MH":"13"},"29":{"RC":"13"},"2C":{"86":"13","76":"13","87":"13","77":"13"},"6G":{"6X":"13","6W":"13","7W":"13","7X":"13"},"V2":{"F5":"13","F4":"13"},"C3":{"M9":"13","P9":"13"},"4H":{"6V":"13","5V":"13"},"9J":{"7P":"13","5M":"13","4M":"13"},"64":{"6Q":"13","6R":"13"},"9X":{"RQ":"13","VQ":"13"},"6H":{"63":"13","73":"13","72":"13","62":"13"},"4Q":{"7C":"13"},"HM":{"J6":"13","H6":"13"},"JW":{"7G":"13"},"6C":{"FV":"13","FR":"13","FW":"13","CV":"13","CR":"13"},"F8":{"26":"13","PJ":"13","MM":"13","PM":"13","25":"13","MJ":"13","35":"13","27":"13"},"G7":{"63":"13","52":"13","53":"13","62":"13"},"2P":{"QW":"13","PW":"13"},"VW":{"R2":"13","V2":"13"},"C8":{"F5":"13","F8":"13","F7":"13","F6":"13"},"2V":{"RR":"13","RQ":"13"},"7F":{"95":"13","C5":"13","C4":"13","94":"13"}},"C8":{"58":{"QC":"13"},"MX":{"VW":"13","WW":"13","VX":"13"},"7W":{"7Q":"13","HQ":"13"},"6W":{"7F":"13"},"P9":{"9J":"13","9H":"13"},"9C":{"H2":"13"},"RX":{"XH":"13"},"RH":{"QR":"13","QQ":"13"},"FX":{"QP":"13"},"47":{"52":"13","53":"13"},"38":{"J4":"13","M4":"13"},"C8":{"M9":"13","MC":"13"},"3V":{"XR":"13"},"6V":{"G9":"13","G8":"13"},"XH":{"8H":"13","8J":"13"},"42":{"RV":"13"},"XV":{"WF":"13","WG":"13"},"HM":{"44":"13"},"HR":{"VG":"13","VF":"13"},"6R":{"84":"13","85":"13","4X":"13","46":"13","GR":"13","GV":"13"},"PQ":{"6X":"13","6W":"13"},"37":{"2J":"13"},"53":{"4Q":"13","4R":"13"},"MM":{"PP":"13"},"MW":{"H9":"13","FH":"13","FG":"13","H8":"13"},"GW":{"P9":"13"},"45":{"FV":"13","FR":"13","GR":"13","GV":"13"},"F9":{"68":"13"},"5M":{"W5":"13"},"28":{"JR":"13"},"VJ":{"PJ":"13","PH":"13"},"99":{"HW":"13","HX":"13","JX":"13"},"7V":{"M2":"13"},"36":{"QC":"13"},"9W":{"H8":"13"},"5W":{"HH":"13","JF":"13","HG":"13"},"2F":{"M4":"13"},"59":{"HQ":"13","HP":"13"},"77":{"2Q":"13"},"HX":{"59":"13"},"43":{"HG":"13"},"CG":{"R2":"13"},"5F":{"CF":"13"},"44":{"W8":"13"},"JG":{"4J":"13","4M":"13"},"CX":{"6Q":"13","6R":"13"},"GX":{"WX":"13","WW":"13"},"QX":{"CQ":"13"},"VX":{"R3":"13","V3":"13","GG":"13","V4":"13","99":"3","FG":"13","R4":"13","GH":"13"},"54":{"W2":"13"},"3F":{"G5":"13"},"PH":{"55":"13","57":"13","56":"13"},"PX":{"QX":"13","PX":"13"},"8M":{"XR":"13"},"48":{"58":"13","57":"13"},"HP":{"M9":"13","P9":"13"},"5X":{"34":"13","R2":"13","35":"13","RP":"13"},"RW":{"5Q":"13"},"6Q":{"G8":"13"}},"XW":{"7G":{"RV":"13"},"XQ":{"MF":"13"},"8G":{"38":"13"},"XC":{"PR":"13"},"3R":{"5H":"13"},"M3":{"4W":"13","5W":"13","5V":"13","4V":"13"},"34":{"8H":"13","8J":"13"},"F2":{"RQ":"13","QP":"13","RP":"13","QQ":"13"},"27":{"6F":"13","5G":"13","6G":"13","5F":"13"},"3F":{"32":"13","42":"13"},"2X":{"4X":"13","4W":"13","5W":"13","5X":"13"},"MQ":{"J3":"13","H2":"13","H3":"13","J2":"13"},"42":{"XR":"13"},"Q7":{"FH":"13","GH":"13"},"2F":{"V7":"13","W5":"13","W7":"13","V6":"13","W6":"13"},"7X":{"R5":"13"},"5C":{"5J":"13","5M":"13","6M":"13","6J":"13"},"4M":{"QJ":"13","PJ":"13","QH":"13","PH":"13"},"72":{"J8":"13","H9":"13","H8":"13","J9":"13"},"V6":{"X2":"13","X3":"13"},"79":{"PR":"13"},"8M":{"PV":"13","PR":"13"},"Q3":{"XX":"13","XW":"13"}},"HP":{"V3":{"57":"13"}},"QR":{"F2":{"GH":"13","GJ":"13"},"7F":{"FC":"13","FF":"13"},"8M":{"X6":"13","X5":"13"},"5R":{"P4":"13"},"FR":{"29":"13","39":"13","2C":"13","3C":"13"},"VJ":{"82":"13"},"RR":{"VJ":"13","RJ":"13","VM":"13","RM":"13"},"GF":{"FC":"13","FF":"13","CF":"13"},"X3":{"J7":"13","J8":"13","H8":"13","H7":"13"},"PP":{"3G":"13"},"56":{"MF":"13","PG":"13","PF":"13","MG":"13"},"53":{"JH":"13"},"VH":{"FR":"13","9X":"13","4R":"13","8X":"13"}},"G8":{"WR":{"39":"13","38":"13"},"XW":{"JC":"13","5F":"13","J9":"13"},"QQ":{"VM":"13"},"4H":{"HF":"13","GF":"13"},"HR":{"4H":"13"},"4Q":{"XV":"13","XX":"13","XW":"13"},"VW":{"HW":"13","HX":"13"},"5H":{"9X":"13","9W":"13"},"5P":{"QW":"13"},"5R":{"32":"13","22":"13"},"3C":{"65":"13"},"RR":{"CW":"13","FW":"13","CV":"13"},"6V":{"3W":"13"},"JQ":{"3X":"13","3W":"13"},"5Q":{"2V":"13","2W":"13","CM":"13","3X":"13","3W":"13","9M":"13","J9":"13","2X":"13","HC":"13","9J":"13","JC":"13","CJ":"13"}},"PJ":{"XF":{"QG":"13","RG":"13"},"X7":{"XX":"13","XW":"13"},"V9":{"C9":"13","F9":"13"},"X8":{"X2":"13"}},"XR":{"G2":{"F5":"13","F6":"13"},"C8":{"JW":"13","JX":"13"},"C2":{"P7":"13","P8":"13"},"6H":{"9X":"13","9W":"13","8X":"13","8W":"13"},"CF":{"GX":"13","GW":"13"},"56":{"82":"13","92":"13"},"W5":{"PJ":"13"},"HG":{"9J":"13","8J":"13"},"J3":{"X6":"13","X5":"13"},"77":{"5W":"13","5X":"13"},"W3":{"6F":"13","6C":"13"},"V4":{"PW":"13","MW":"13"},"M3":{"26":"13","25":"13"},"JC":{"F7":"13","F6":"13"},"4X":{"4G":"13","4H":"13"},"PH":{"HH":"13","JH":"13"},"4V":{"2F":"13"},"RC":{"Q8":"13","Q9":"13"},"4Q":{"93":"13","92":"13"},"R3":{"CJ":"13"},"2P":{"CJ":"13"}},"H9":{"62":{"77":"13"},"84":{"Q4":"13","6W":"13","P4":"13","7W":"13"},"83":{"QG":"13"},"3X":{"86":"13","85":"13","95":"13","96":"13"},"5G":{"93":"13"},"C3":{"G3":"13"},"VM":{"FQ":"13","GQ":"13"},"33":{"4C":"13"},"65":{"63":"13","73":"13","72":"13","62":"13"},"3V":{"54":"13","44":"13","43":"13"},"C5":{"73":"13","74":"13"},"7F":{"GX":"13"},"35":{"52":"13","62":"13"},"88":{"5M":"13","5P":"13","6M":"13","6P":"13","4M":"13","4P":"13"},"42":{"VR":"13"},"87":{"8V":"13","8R":"13"},"3R":{"H7":"13","H6":"13"},"8Q":{"5C":"13","J2":"13","6C":"13"},"6P":{"W5":"13","W6":"13"},"4C":{"GX":"13","H2":"13","GW":"13"},"9G":{"6Q":"13"},"GR":{"QX":"13","RX":"13","QW":"13"},"8X":{"3J":"13","3H":"13"},"7C":{"F2":"13","F3":"13","C2":"13","93":"13","92":"13","C3":"13"},"QM":{"G7":"13","G5":"13","F6":"13","G6":"13","H6":"13"},"79":{"3G":"13","2G":"13","2H":"13","3H":"13"},"24":{"FC":"13","F9":"13"},"F4":{"P5":"13","Q5":"13","Q6":"13","P6":"13"},"Q8":{"58":"13","59":"13","49":"13","68":"13"},"52":{"F2":"13","J9":"13"},"2W":{"62":"13"},"G4":{"98":"13"},"FH":{"42":"13","52":"13","43":"13","53":"13"},"2Q":{"F7":"13","F6":"13","G6":"13"},"59":{"GG":"13","GF":"13"},"H6":{"HF":"13","JF":"13","JC":"13","HC":"13"},"W3":{"9V":"13"},"25":{"RH":"13"},"R4":{"H2":"13","G2":"13"},"93":{"Q5":"13"},"7G":{"FQ":"13","R4":"13","FP":"13"},"43":{"WR":"13","9C":"13"},"G3":{"9Q":"13","9R":"13"},"82":{"WW":"13"},"44":{"58":"13","PQ":"13"},"29":{"VR":"13","RQ":"13","VQ":"13"},"F3":{"CW":"13"},"C7":{"4X":"13"},"WJ":{"MM":"13","PM":"13","MP":"13"},"68":{"R8":"13","Q8":"13","Q6":"13","R7":"13","Q7":"13"},"JR":{"FC":"13","F9":"13"},"4F":{"RJ":"13","RM":"13"},"49":{"HX":"13"},"96":{"2C":"13","3C":"13"},"8V":{"VP":"13"},"6C":{"P5":"13","M5":"13","M6":"13","P6":"13"},"8P":{"JW":"13","JX":"13"},"54":{"5R":"13"},"73":{"XP":"13","69":"13","58":"13","XM":"13","59":"13","57":"13","67":"13","WM":"13","WP":"13","68":"13"},"M2":{"J7":"13"},"WH":{"6F":"13","6C":"13"},"23":{"8Q":"13","8R":"13","QC":"13"},"HJ":{"8C":"13","7C":"13"},"R3":{"GX":"13","HX":"13"},"67":{"QF":"13","QG":"13"},"66":{"RW":"13","QW":"13"},"R2":{"82":"13","92":"13"}},"QX":{"WV":{"X9":"13","X8":"13"},"62":{"R3":"13","R2":"13"},"9X":{"R2":"13","V2":"13"},"8G":{"M9":"13","P9":"13","P8":"13","PC":"13","Q9":"13","QC":"13"},"MP":{"XP":"13","XQ":"13"},"5W":{"2H":"13","3H":"13","3F":"13","3C":"13","2F":"13","3G":"13","2G":"13","4F":"13"},"XG":{"F3":"13","C3":"13"},"PQ":{"M6":"13","P7":"13","P6":"13","M7":"13"},"C2":{"7H":"13","6V":"13","6R":"13","6H":"13","6G":"13","6J":"13","7V":"13","7R":"13"},"37":{"QW":"13","QV":"13"},"Q7":{"RF":"13","VF":"13","VC":"13","RC":"13"},"C8":{"58":"13","X4":"13","X3":"13","57":"13"},"X4":{"36":"13","37":"13","46":"13","47":"13"},"XV":{"29":"13","28":"13"},"PP":{"3Q":"13","2P":"13","2Q":"13"},"9W":{"RX":"13","VX":"13"}},"XH":{"RG":{"PG":"13","PH":"13"},"Q6":{"9R":"13","8R":"13"},"R7":{"VM":"13"},"C9":{"5J":"13"},"8J":{"5F":"13"}},"GH":{"P5":{"R7":"13","R6":"13"},"XH":{"JC":"13","MC":"13"},"3M":{"M6":"13","J6":"13"},"7G":{"G7":"13","G6":"13"}},"GM":{"RV":{"Q4":"13","Q5":"13"},"V3":{"R8":"13","Q8":"13","R7":"13","Q7":"13"}},"GC":{"2W":{"C7":"13","C8":"13"},"Q5":{"97":"13","87":"13"},"JC":{"P7":"13","P6":"13"},"P6":{"MF":"13"},"P4":{"HH":"13","JH":"13"},"P2":{"9F":"13","8F":"13","9G":"13"},"3W":{"4J":"13","4H":"13"}},"JR":{"VQ":{"8F":"13"},"5W":{"XP":"13","XM":"13","WM":"13","WP":"13"},"QQ":{"W4":"13","W5":"13","V4":"13","V5":"13"},"2C":{"W4":"13","W3":"13"},"35":{"8X":"13","7X":"13"},"46":{"5M":"13","5P":"13"},"GC":{"J6":"13","H6":"13"},"29":{"5Q":"13","5P":"13"},"R8":{"RV":"13","RR":"13"},"GV":{"XQ":"13"},"8R":{"47":"13","57":"13","56":"13"},"8F":{"CP":"13","CQ":"13"},"J6":{"4R":"13"},"CH":{"GG":"13","GH":"13"},"RH":{"QP":"13"},"36":{"72":"13","82":"13"},"HV":{"2Q":"13"}},"PV":{"JP":{"QJ":"13","QM":"13","RJ":"13","RM":"13"},"26":{"6V":"13","5W":"13","6R":"13","6W":"13","7V":"13","7R":"13","5V":"13"},"HH":{"Q4":"13","Q5":"13","R5":"13"},"W2":{"J3":"13","H4":"13","H3":"13","J4":"13"},"P7":{"X6":"13","X5":"13"},"G2":{"3Q":"13","4Q":"13","3P":"13","2P":"13","4P":"13"},"4M":{"HW":"13","HX":"13"},"RP":{"PV":"13","QV":"13"},"H7":{"57":"13","56":"13","67":"13"},"5F":{"5Q":"13","4Q":"13","5P":"13"}},"WV":{"H8":{"WP":"13"},"X8":{"GF":"13","FC":"13","FF":"13","GC":"13"},"QJ":{"9X":"13","9W":"13"},"F7":{"J4":"13"},"2M":{"9Q":"13","9R":"13","CQ":"13","CR":"13"},"8W":{"M8":"13","M7":"13"},"59":{"P6":"13"},"47":{"PV":"13","QW":"13","QV":"13"},"8F":{"5M":"13","5P":"13","4M":"13","4P":"13"},"M6":{"J8":"13","H8":"13"},"VW":{"7Q":"13","8Q":"13","8R":"13"},"HM":{"VC":"13","V9":"13"},"64":{"RH":"13","RJ":"13","VH":"13"},"7W":{"9X":"13","8X":"13"},"HV":{"7Q":"13","6Q":"13","7P":"13","6P":"13"},"H5":{"VF":"13","WF":"13"},"3G":{"76":"13"},"8M":{"X9":"13"}},"MQ":{"QW":{"QW":"13"},"FX":{"QG":"13","PG":"13","PF":"13"},"W4":{"MR":"13"},"PQ":{"M7":"13"},"9P":{"X9":"13","W8":"13","W9":"13","X8":"13"},"3J":{"J7":"13","J8":"13","M8":"13","M7":"13"},"7J":{"PM":"13","QP":"13","PP":"13"},"8P":{"M5":"13","P4":"13","J4":"13","M4":"13","M3":"13","J5":"13"}},"QH":{"CJ":{"6X":"13","5X":"13"},"CC":{"6R":"13"},"9X":{"MH":"13"},"CM":{"4J":"13","3J":"13","3M":"13","3H":"13","2M":"13"}},"M8":{"5W":{"HG":"13","HH":"13","MG":"13","MF":"13","PF":"13","JJ":"13","MC":"13","JF":"13","MH":"13","JG":"13","JH":"13","JC":"13","67":"13","HF":"13"},"3X":{"5C":"13","59":"13","5F":"13","6C":"13"},"4V":{"J7":"13","G9":"13","J8":"13","H9":"13","HC":"13","H8":"13","82":"13","G8":"13","G7":"13","92":"13","H7":"13","GC":"13"},"2F":{"G9":"13"},"7V":{"HJ":"13","5J":"13","6H":"13","7M":"13","6M":"13","7H":"13","JM":"13","JJ":"13","HM":"13","6J":"13","7J":"13"},"4R":{"9X":"13","8X":"13"},"6X":{"GM":"13","HG":"13","HH":"13","HJ":"13","GG":"13","JM":"13","HM":"13","JJ":"13","GH":"13","JH":"13","GJ":"13"},"9W":{"85":"13"}},"PG":{"45":{"MX":"13","JW":"13","JX":"13"},"GC":{"58":"13","57":"13","67":"13","68":"13"}},"CM":{"HW":{"63":"13"},"8W":{"R9":"13"}},"6J":{"4F":{"JP":"13","HQ":"13","HP":"13","MP":"13","MQ":"13","JQ":"13","MR":"13","JR":"13","HR":"13"},"5G":{"QM":"13","QP":"13","RP":"13","RM":"13"},"6G":{"4X":"13","5W":"13","5X":"13"}},"98":{"MH":{"XH":"13"},"84":{"G3":"13","F3":"13"},"5G":{"HF":"13","HC":"13"},"9C":{"RH":"13"},"FP":{"QP":"13"},"95":{"X7":"13"},"9P":{"7F":"13","8F":"13","X2":"13"},"GG":{"H9":"13","HC":"13","H8":"13"},"C8":{"3G":"13","2G":"13"},"4G":{"7H":"13","6J":"13","7J":"13"},"HF":{"RC":"13"},"C5":{"27":"13"},"88":{"J9":"13"},"CH":{"H5":"13","H4":"13"},"HM":{"HW":"13","F5":"13","HV":"13"},"MG":{"9R":"13","94":"13"},"MC":{"7X":"13"},"2C":{"H9":"13"},"CF":{"2M":"13"},"8C":{"7V":"13","7R":"13"},"F9":{"H9":"13"},"HG":{"8W":"13"},"RG":{"QC":"13"},"CP":{"22":"13"},"VG":{"5G":"13","4G":"13"},"G6":{"FH":"13","M6":"13","M8":"13","CH":"13","M7":"13"},"MJ":{"8H":"13","9H":"13"},"H7":{"J7":"13","CJ":"13","CM":"13","J6":"13"},"FH":{"6F":"13","6G":"13"},"H9":{"5X":"13"},"H6":{"WF":"13","WG":"13","7J":"13"},"MV":{"FW":"13","XC":"13"},"J9":{"C3":"13","6C":"13","C4":"13"},"V7":{"4J":"13"},"MP":{"CW":"13","MH":"13","MG":"13"},"89":{"XR":"13"},"HC":{"XM":"13","52":"13"},"G7":{"JX":"13"},"9F":{"XM":"13","XJ":"13"},"98":{"5J":"13","5H":"13"},"49":{"RW":"13","VW":"13"},"W6":{"2Q":"13"},"96":{"FQ":"13","FP":"13","W6":"13"},"6C":{"VQ":"13"},"GM":{"R8":"13"},"PH":{"RX":"13"},"F6":{"MX":"13","JW":"13","JX":"13","X7":"13","MW":"13"},"97":{"PJ":"13","MM":"13","PM":"13","MJ":"13"},"39":{"4J":"13"},"C9":{"9Q":"13"},"48":{"RP":"13","RM":"13"},"VH":{"W5":"13","47":"13","57":"13","V5":"13"},"XG":{"G9":"13","H9":"13","GC":"13"},"QJ":{"6Q":"13","6P":"13"},"MQ":{"XM":"13","XJ":"13"},"6F":{"CM":"13","9M":"13"},"P7":{"WV":"13"},"PF":{"JH":"13"},"CQ":{"5G":"13"},"MF":{"72":"13","GQ":"13","8X":"13"},"7X":{"Q9":"13"},"JH":{"73":"13","72":"13"}},"FH":{"5W":{"C6":"13","F7":"13","C7":"13","F6":"13"}},"HG":{"3Q":{"2C":"13","2F":"13"},"3R":{"89":"13","8C":"13"}},"WR":{"V4":{"F2":"13","G2":"13"},"HH":{"XP":"13","XM":"13"},"FM":{"R8":"13","V7":"13","V8":"13"},"CF":{"JP":"13","MM":"13","MP":"13","JM":"13"},"65":{"7W":"13","8W":"13"},"W6":{"93":"13"},"8W":{"MM":"13","PM":"13","PP":"13","MP":"13"},"29":{"2R":"13","2V":"13"},"92":{"3X":"13","2X":"13"},"M6":{"RH":"13","RJ":"13"},"5G":{"FR":"13"},"M9":{"9X":"13"},"C2":{"H5":"13","G5":"13","H6":"13","G6":"13"},"V7":{"F8":"13"},"GQ":{"XV":"13"},"7F":{"FV":"13","FR":"13","GR":"13","GV":"13"},"56":{"3X":"13","3W":"13"},"H5":{"GF":"13","FF":"13","GC":"13"},"93":{"32":"13","22":"13"},"38":{"F2":"13","F3":"13","C2":"13","C3":"13"},"4W":{"63":"13","64":"13"},"VJ":{"25":"13","24":"13"},"PH":{"43":"13"},"9J":{"6M":"13","6P":"13"},"84":{"7Q":"13","7P":"13","8P":"13"},"8Q":{"MG":"13"},"HW":{"QP":"13","QQ":"13"},"V9":{"4W":"13"},"96":{"F7":"13"}},"FC":{"RM":{"W5":"13","X5":"13","X4":"13"},"68":{"QR":"13","PV":"13","PR":"13","QV":"13"},"8J":{"R6":"13"}},"H8":{"6W":{"HJ":"13"},"9M":{"3M":"13","2M":"13"},"XQ":{"QF":"13","PF":"13"},"6V":{"58":"13","W7":"13","57":"13","X7":"13","GH":"13","W8":"13","GJ":"13","X8":"13"},"6J":{"67":"13","68":"13"},"7P":{"95":"13"},"MG":{"C7":"13"},"6P":{"5G":"13","5F":"13"},"RJ":{"FH":"13","FG":"13","CH":"13","CG":"13"},"7R":{"VV":"13","WV":"13"},"J4":{"J7":"13","J8":"13"},"5M":{"43":"13","33":"13"},"4P":{"3X":"13","2X":"13"},"2M":{"JJ":"13","MJ":"13"},"QG":{"3C":"13"},"7Q":{"P7":"13","M8":"13","P8":"13","M7":"13"},"2W":{"29":"13","5P":"13","6P":"13","JM":"13","28":"13"},"5W":{"RH":"13","JV":"13","JW":"13","3H":"13"},"5V":{"Q7":"13"},"JG":{"P4":"13","M4":"13"},"WJ":{"V4":"13"},"XW":{"6H":"13","6J":"13"},"4X":{"QR":"13","QQ":"13"},"8P":{"5Q":"13","5R":"13"},"8M":{"F5":"13","F4":"13"},"3M":{"5C":"13","Q5":"13","R5":"13","4C":"13"},"7M":{"XP":"13","86":"13","XM":"13"},"5X":{"59":"13","MQ":"13","FX":"13"},"4Q":{"32":"13","R4":"13","22":"13"},"6Q":{"5C":"13","59":"13","6C":"13"}},"FR":{"5X":{"MV":"13","JV":"13","JW":"13","JR":"13"},"H8":{"GP":"13","GQ":"13"}},"9M":{"H3":{"66":"13","67":"13"}}}}