{"index":{"university,1|retail,2|tourism,3|wreck,4|historical,5|artsCulture,6|namedBuilding,7|water,8|wetland,9|park,10|beach,11|natureReserve,12|cemetery,13|trail,14":{}},"48":{"J2":{"MV":{"8V":"13","CV":"13","8R":"13","CW":"13","9R":"13","9V":"13","9W":"13"},"HF":{"MX":"13","JX":"13"},"HG":{"J2":"13"},"M2":{"PQ":"13","MR":"13","PR":"13"},"95":{"63":"13","54":"13","64":"13","53":"13"},"MW":{"G6":"13","7G":"13","8H":"13","8G":"13","G5":"13","7H":"13","H6":"13","7F":"13","H5":"13"}},"H3":{"C6":{"XG":"13","WH":"13","XH":"13","WG":"13","XJ":"13","WJ":"13"},"R6":{"65":"13","66":"13","64":"13","55":"13","56":"13"},"C8":{"W7":"13","X7":"13","W8":"13","X8":"13"},"VQ":{"28":"13","27":"13"}},"W9":{"FJ":{"V7":"13","W7":"13"},"PW":{"HH":"13","79":"13","78":"13"},"G8":{"J7":"13","J8":"13","H8":"13"},"86":{"R2":"13"},"H8":{"G9":"13","3J":"13","W8":"13","W9":"13","WM":"13","WP":"13","V8":"13","V9":"13"},"7M":{"RV":"13","RW":"13","QW":"13","QV":"13"},"QM":{"V3":"13","V4":"13"},"C6":{"9R":"13","8R":"13"},"MH":{"R3":"13","V3":"13","R2":"13","V2":"13"},"J9":{"GX":"13","GG":"13","H9":"13","HG":"13"},"F4":{"4J":"13","P8":"13","C5":"13"},"PP":{"4J":"13","4H":"13"},"92":{"VV":"13","WV":"13","VF":"13"},"QV":{"82":"13"},"PH":{"P7":"13","P6":"13","P4":"13","M4":"13"},"H9":{"G4":"13","52":"13"},"RG":{"6X":"13"},"P6":{"57":"13"},"R6":{"PM":"13"},"F3":{"6W":"13"},"PM":{"XQ":"13","78":"13"},"G9":{"QF":"13"},"73":{"MV":"13","PV":"13"},"Q7":{"XH":"13"},"JJ":{"2F":"13","3F":"13"},"HJ":{"X2":"13"},"6J":{"VJ":"13","WH":"13","RJ":"13","VM":"13","WJ":"13","WM":"13","VH":"13"},"GJ":{"W9":"13","V9":"13"},"FC":{"W6":"13"},"WQ":{"8C":"13"},"PQ":{"WQ":"13"},"VP":{"79":"13","78":"13"},"G4":{"CW":"13"},"F5":{"8C":"13"},"VG":{"65":"13","64":"13"},"F7":{"VV":"13","WV":"13"},"FG":{"CM":"13"},"F2":{"32":"13"},"HG":{"4R":"13","4V":"13"},"JH":{"HG":"13"},"HC":{"R5":"13","V6":"13","V5":"13"},"MC":{"MM":"13","FP":"13"},"JC":{"88":"13"},"C4":{"R5":"13","4C":"13"},"RQ":{"Q2":"13","R2":"13","79":"13","78":"13"},"6G":{"J7":"13","J6":"13","J5":"13"},"82":{"H4":"13","FC":"13","R6":"13","Q7":"13"},"PF":{"JH":"13","MG":"13"},"PR":{"4R":"13","3R":"13"},"X5":{"MV":"13","MW":"13"},"HH":{"XX":"13","5H":"13"},"79":{"F5":"13","F6":"13"},"C9":{"69":"13","59":"13","CX":"13","6C":"13"},"HP":{"M9":"13"},"PG":{"GG":"13","GF":"13"},"6H":{"7Q":"13","7P":"13","8Q":"13","7R":"13","8R":"13","8P":"13"},"MJ":{"GX":"13"},"VH":{"9V":"13"},"PJ":{"PV":"13","W6":"13","QV":"13"},"HM":{"5Q":"13"},"V5":{"RM":"13"},"P9":{"8Q":"13","CV":"13"},"M3":{"8M":"13","7M":"13","7J":"13","8J":"13"},"F8":{"RM":"13"},"QP":{"P5":"13","4X":"13","Q5":"13","Q6":"13","5X":"13","2J":"13"},"F9":{"29":"13","28":"13"},"PC":{"F5":"13"},"QX":{"C6":"13","F7":"13","C5":"13"},"C8":{"9R":"13"},"9G":{"6M":"13","7W":"13","7X":"13"},"R5":{"W8":"13","V8":"13"},"MV":{"57":"13"},"PV":{"G3":"13"},"8J":{"3V":"13","X9":"13","3R":"13"},"45":{"J8":"13"},"99":{"JC":"13","MC":"13"},"55":{"2C":"13","2F":"13","3F":"13"}},"X3":{"MP":{"23":"13"},"W5":{"4X":"13","4W":"13","5W":"13","5X":"13"},"35":{"3X":"13","2X":"13"},"3X":{"VX":"13"},"J6":{"8M":"13","7M":"13"},"JP":{"X4":"13","X3":"13"},"RH":{"W5":"13"},"36":{"32":"13","22":"13"},"22":{"M2":"13","M3":"13"},"9G":{"XG":"13"}},"H4":{"V4":{"CV":"13","CR":"13"},"XF":{"C6":"13","95":"13","96":"13","C5":"13"},"P4":{"8V":"13","7W":"13","7V":"13","8W":"13"},"W9":{"VQ":"13","VV":"13","QM":"13","QQ":"13","RQ":"13","QV":"13","VW":"13","PQ":"13","VR":"13","QP":"13","RR":"13","RP":"13","RV":"13","QR":"13","PM":"13","PP":"13","RW":"13"}},"P3":{"G6":{"XM":"13","XH":"13","XJ":"13","WJ":"13","WM":"13"},"X8":{"V3":"13","W2":"13","W3":"13","X2":"13","V2":"13","X3":"13"},"GX":{"88":"13","89":"13","78":"13"},"FM":{"93":"13","92":"13"},"X7":{"XX":"13","WX":"13"},"W6":{"W4":"13","W5":"13","V4":"13","V5":"13"},"XH":{"XM":"13","WH":"13","WM":"13","XJ":"13","VM":"13","WJ":"13","RJ":"13","VJ":"13","VH":"13","RM":"13"},"RQ":{"V3":"13","V4":"13","V2":"13"},"H6":{"2J":"13"},"82":{"7W":"13","8W":"13"},"H5":{"3Q":"13","4Q":"13","3P":"13","4P":"13"},"6F":{"5M":"13","5P":"13","6M":"13","6P":"13"}},"V4":{"MX":{"C6":"13","C7":"13"},"HJ":{"86":"13","85":"13","75":"13","76":"13"},"89":{"63":"13","64":"13"},"JR":{"W4":"13","V4":"13"}},"M4":{"44":{"F5":"13","G5":"13","F6":"13","G6":"13"},"M8":{"H5":"13","H4":"13","G4":"13","G5":"13"},"FM":{"CJ":"13","CH":"13","9J":"13"},"2V":{"88":"13","79":"13","78":"13"},"96":{"83":"13","82":"13"},"W6":{"97":"13","87":"13"}},"R6":{"VV":{"G7":"13","F7":"13"},"G9":{"P9":"13","PC":"13"},"4C":{"JV":"13","JW":"13","MW":"13"},"J9":{"W4":"13","W5":"13","X5":"13","X4":"13"},"GV":{"93":"13","92":"13"}},"W5":{"4Q":{"34":"13","23":"13","24":"13","33":"13"},"8W":{"CJ":"13","CM":"13"}},"J5":{"V4":{"J3":"13","J4":"13","M4":"13","M3":"13"}},"Q7":{"GM":{"5C":"13","59":"13","4C":"13"},"W6":{"XM":"13","XJ":"13"},"X6":{"2J":"13","2M":"13"},"XP":{"3C":"13"},"53":{"VF":"13","WF":"13"},"64":{"H5":"13","G7":"13","G5":"13","H7":"13","H6":"13","G6":"13"},"42":{"4F":"13","3G":"13","4G":"13","3F":"13"},"R7":{"34":"13","35":"13"}},"X6":{"4F":{"9Q":"13","CP":"13","9P":"13"},"5J":{"77":"13"},"R4":{"FH":"13"},"4C":{"9J":"13","8J":"13"},"3F":{"Q6":"13","P7":"13","P6":"13","Q7":"13"}},"M5":{"76":{"XX":"13"},"H3":{"86":"13","85":"13","96":"13"}},"H2":{"86":{"25":"13","24":"13"},"76":{"X4":"13"},"J9":{"FW":"13","GW":"13","GV":"13"}},"V9":{"WR":{"FJ":"13"},"XW":{"82":"13"},"XX":{"W4":"13","W3":"13"},"WP":{"HP":"13"},"FC":{"R8":"13","R9":"13","V8":"13","V9":"13"},"XV":{"3Q":"13","3V":"13","4Q":"13","4R":"13","3R":"13","4V":"13"},"X3":{"VM":"13"},"V9":{"VR":"13"}},"X4":{"HH":{"58":"13","59":"13","49":"13","48":"13"},"WP":{"2C":"13"},"33":{"W9":"13"},"92":{"8M":"13","9M":"13","8P":"13"},"QC":{"XW":"13"},"66":{"7H":"13","8H":"13","7J":"13"},"H5":{"R8":"13","R7":"13"},"P9":{"R8":"13","Q8":"13","R9":"13","Q9":"13"},"X5":{"7J":"13"},"PC":{"M5":"13","J4":"13","M4":"13","J5":"13"},"72":{"4J":"13","3J":"13","3M":"13","4M":"13"},"63":{"36":"13","4Q":"13","4R":"13","46":"13","45":"13","35":"13"},"P7":{"74":"13"}},"Q4":{"44":{"88":"13","99":"13","89":"13","79":"13","8C":"13","7C":"13"},"HH":{"G9":"13","H9":"13","HC":"13","GC":"13"},"23":{"V2":"13"},"MP":{"75":"13","65":"13"},"MJ":{"MQ":"13","MR":"13"},"PQ":{"59":"13","49":"13","C3":"13","C4":"13","94":"13"},"G5":{"H8":"13","H7":"13"},"43":{"MF":"13","QF":"13","PG":"13","PC":"13","MC":"13","PF":"13","MG":"13"},"22":{"QW":"13","VV":"13","WW":"13","QV":"13","VW":"13","WX":"13","RR":"13","VX":"13","RV":"13","QR":"13","RX":"13","RW":"13"},"MW":{"3V":"13"}},"V6":{"49":{"3J":"13"},"RX":{"VG":"13","VF":"13","WF":"13","WG":"13"},"95":{"JF":"13","JC":"13"}},"X9":{"X3":{"9V":"13","6J":"13","CV":"13","CR":"13"},"63":{"9P":"13","9M":"13"},"VW":{"JV":"13","HV":"13"},"X4":{"WF":"13","MH":"13","V5":"13"},"2X":{"23":"13","24":"13"},"6X":{"W7":"13"},"3R":{"FG":"13"},"7H":{"5R":"13","5V":"13"},"MM":{"RF":"13","9J":"13"},"CF":{"W4":"13","W5":"13","X5":"13","X4":"13"},"4P":{"FR":"13","CR":"13"},"MJ":{"MM":"13","9M":"13","CX":"13"},"7V":{"VV":"13","VW":"13"},"J3":{"G8":"13"},"5W":{"86":"13","MH":"13","MG":"13"},"3Q":{"7F":"13","7G":"13"},"GX":{"4C":"13","3C":"13"},"W4":{"W5":"13","W6":"13"},"9R":{"XJ":"13","WJ":"13","WM":"13"},"4R":{"HF":"13"},"QJ":{"QP":"13","PP":"13"},"HW":{"MG":"13"},"23":{"58":"13","V9":"13"},"4Q":{"V7":"13"},"X2":{"PV":"13"}},"X2":{"QJ":{"76":"13","77":"13"},"78":{"3X":"13"},"8H":{"GW":"13"},"QQ":{"JV":"13","JR":"13"},"C3":{"34":"13","25":"13","24":"13","35":"13"},"PF":{"W2":"13"},"XF":{"98":"13","99":"13","C9":"13","C8":"13"},"JX":{"8V":"13","8R":"13"},"36":{"39":"13","38":"13","28":"13"},"GF":{"8R":"13"},"79":{"32":"13"}},"M2":{"65":{"H3":"13","M7":"13","M8":"13","P8":"13","H2":"13","J8":"13","G2":"13","M9":"13","J9":"13","G3":"13","MC":"13","P9":"13"},"HG":{"X6":"13","X5":"13"},"6W":{"FV":"13","FW":"13","GW":"13","GV":"13"},"64":{"GX":"13","HX":"13"},"JG":{"26":"13","25":"13"},"XW":{"88":"13","89":"13","79":"13","8C":"13"}},"V3":{"GP":{"6X":"13","6V":"13","6W":"13","7W":"13","7X":"13","5V":"13"},"XF":{"XX":"13"},"84":{"5Q":"13","5R":"13","4Q":"13","4R":"13"},"RH":{"GP":"13","GQ":"13"},"R6":{"GC":"13"},"2X":{"93":"13"},"2C":{"39":"13","38":"13","49":"13","4C":"13","3C":"13","48":"13"},"W2":{"3X":"13"},"MW":{"GP":"13","HP":"13","GM":"13","GQ":"13","HM":"13"},"J4":{"VC":"13","RC":"13"},"QQ":{"XG":"13","WH":"13","XH":"13","WG":"13"},"H7":{"W7":"13"},"2F":{"46":"13","55":"13","45":"13","56":"13"},"H9":{"75":"13","74":"13"},"M5":{"23":"13"},"F3":{"GG":"13","FG":"13"},"HH":{"6F":"13","5G":"13","6G":"13","5F":"13"},"QR":{"6V":"13","6W":"13","7W":"13","7V":"13"},"J2":{"G8":"13"},"8V":{"G9":"13","H8":"13","G8":"13"},"PH":{"P5":"13","P6":"13"},"8M":{"P5":"13","Q4":"13","Q5":"13","P4":"13"},"R3":{"HF":"13","GF":"13"}},"W3":{"9X":{"3Q":"13","3R":"13"},"9F":{"JH":"13","JJ":"13","MJ":"13"},"FX":{"4Q":"13","4R":"13"},"4H":{"Q2":"13"},"5M":{"WC":"13","XC":"13"},"GG":{"VV":"13"},"4G":{"QX":"13"},"GR":{"6F":"13"},"JX":{"88":"13","69":"13","87":"13","77":"13","6C":"13","78":"13"},"RR":{"F4":"13","C4":"13"},"Q7":{"W9":"13","V9":"13"},"22":{"GM":"13","FM":"13"},"24":{"6V":"13","5V":"13"},"MX":{"9V":"13","CV":"13","CR":"13"},"CJ":{"58":"13","68":"13"},"55":{"99":"13","89":"13"},"FH":{"MG":"13"}},"Q8":{"Q4":{"XX":"13"},"Q5":{"X2":"13"},"R4":{"2X":"13"}},"W7":{"H7":{"9F":"13","CG":"13","9G":"13","CF":"13"},"QH":{"3V":"13","3W":"13"},"PV":{"8H":"13","9J":"13","9H":"13"},"8W":{"MM":"13","PM":"13"},"MW":{"Q8":"13","R7":"13","Q7":"13"},"4R":{"FH":"13","FJ":"13"},"JW":{"Q4":"13"},"MV":{"4W":"13"},"67":{"R7":"13","Q7":"13"}},"R7":{"QJ":{"HJ":"13","HH":"13","GH":"13","GJ":"13"},"8Q":{"GX":"13","FX":"13"},"PH":{"C6":"13","95":"13","96":"13","C5":"13","C4":"13","94":"13"},"77":{"62":"13"},"8R":{"F2":"13","G2":"13"},"GC":{"QJ":"13","PJ":"13","QM":"13","PM":"13"}},"Q2":{"HG":{"GX":"13","HX":"13"},"HH":{"G3":"13","H2":"13","H3":"13","G2":"13"},"8G":{"HJ":"13","GP":"13","HP":"13","GM":"13","HM":"13"},"2P":{"3V":"13","2W":"13","2V":"13"},"R5":{"JH":"13","MH":"13","JG":"13","MG":"13"},"PV":{"4V":"13"},"CV":{"MF":"13","P9":"13","PC":"13","MC":"13","PF":"13"},"PG":{"QR":"13","PV":"13","PR":"13","QV":"13"},"VW":{"7W":"13","7V":"13","WQ":"13","VP":"13","WM":"13","VQ":"13","WP":"13","8X":"13","7X":"13","8W":"13"},"94":{"C3":"13"},"9R":{"XC":"13"},"FV":{"5G":"13","4G":"13","4H":"13","5H":"13","5F":"13"},"WQ":{"JV":"13","JR":"13","HR":"13","HV":"13"},"7W":{"QQ":"13"},"32":{"M6":"13","P7":"13","P6":"13","M7":"13"},"GH":{"MF":"13","PG":"13","MG":"13"},"67":{"RW":"13","VW":"13","RX":"13","VX":"13"},"J5":{"63":"13","73":"13"},"CX":{"HG":"13","HH":"13","FG":"13","HJ":"13","FM":"13","FJ":"13","GG":"13","GH":"13","GJ":"13","FH":"13"}},"W4":{"X4":{"Q3":"13","R3":"13","Q2":"13"},"J2":{"3J":"13","3M":"13"},"33":{"7Q":"13","6Q":"13"}},"W8":{"34":{"57":"13"},"7W":{"QJ":"13","QM":"13","RJ":"13","RM":"13"},"FX":{"3X":"13"},"CW":{"4X":"13","MH":"13"},"PR":{"FP":"13"},"H4":{"6V":"13","QH":"13","PH":"13","5P":"13","6R":"13","6P":"13"},"WR":{"JJ":"13"},"XV":{"HV":"13"},"GV":{"WX":"13"},"W8":{"W9":"13","V9":"13"},"J4":{"3F":"13"},"8X":{"FW":"13"},"7C":{"99":"13","9C":"13"},"9V":{"JQ":"13","V9":"13"},"5W":{"GF":"13","FF":"13"},"H6":{"3W":"13"},"9X":{"XP":"13","5Q":"13","GP":"13","5H":"13","FP":"13"},"JW":{"82":"13"},"CX":{"39":"13"},"CJ":{"F5":"13","C5":"13"},"GX":{"3X":"13","74":"13","64":"13"},"JR":{"JG":"13"},"VX":{"6J":"13"},"P3":{"WV":"13"},"HW":{"58":"13","59":"13"}},"R2":{"5C":{"6Q":"13","6P":"13"},"84":{"RF":"13","VF":"13","VC":"13","RC":"13"},"44":{"HW":"13","JW":"13","HX":"13","JX":"13"},"HW":{"7Q":"13","7R":"13"},"XX":{"7H":"13","6H":"13","6J":"13"},"5G":{"Q4":"13","Q5":"13","R5":"13","Q6":"13","R4":"13"},"89":{"36":"13","38":"13","37":"13","46":"13","47":"13"},"7R":{"5P":"13","6P":"13"},"RM":{"VG":"13","VF":"13","WF":"13","WG":"13"}},"R8":{"97":{"RR":"13","RQ":"13"},"2C":{"GX":"13"},"8G":{"7M":"13","7P":"13","3J":"13","2J":"13"},"8F":{"56":"13"},"P6":{"HF":"13","JF":"13"},"FJ":{"8F":"13","9C":"13","8C":"13"},"8C":{"6X":"13"}},"WC":{"Q2":{"V7":"13","R7":"13"},"WF":{"H9":"13","H8":"13"},"57":{"G3":"13"},"J2":{"M6":"13","P6":"13"},"PV":{"3P":"13","4M":"13","4P":"13"},"9H":{"CJ":"13","FJ":"13"}},"P2":{"HJ":{"VW":"13","WX":"13","VX":"13"},"P6":{"F8":"13","G7":"13","F7":"13"},"QW":{"X6":"13","W5":"13","X5":"13","W6":"13"},"V6":{"XP":"13","XM":"13"},"96":{"5Q":"13","5R":"13","4Q":"13","4R":"13","6R":"13","5V":"13"},"Q9":{"63":"13","62":"13"},"HM":{"V2":"13"},"FF":{"MF":"13","MC":"13"}},"V2":{"RH":{"CJ":"13","CM":"13","9J":"13","9M":"13"},"7H":{"FW":"13","GW":"13"},"JC":{"9R":"13","9V":"13","CV":"13","CR":"13"},"CM":{"V7":"13","V8":"13"},"MR":{"RV":"13","RW":"13","QV":"13"},"H6":{"P5":"13","M5":"13","M6":"13","P4":"13","M4":"13"}},"Q6":{"88":{"75":"13"},"6Q":{"MM":"13","JJ":"13","MJ":"13","JM":"13"},"G9":{"5G":"13","6G":"13","5F":"13"},"H2":{"4X":"13","4W":"13"},"76":{"2W":"13","2X":"13"},"M6":{"2R":"13"},"72":{"QJ":"13","QM":"13","RJ":"13","QP":"13","RM":"13"},"66":{"XX":"13","XW":"13"},"52":{"QJ":"13","PJ":"13","VJ":"13","QM":"13","RJ":"13","VM":"13","RM":"13"},"JQ":{"MV":"13","JV":"13","CC":"13","FC":"13","MR":"13","JR":"13","FF":"13","CF":"13"},"F4":{"5C":"13"},"W9":{"55":"13","56":"13"},"Q7":{"W5":"13","V5":"13"},"CG":{"2G":"13","2H":"13"},"P2":{"5M":"13","6M":"13"}},"R4":{"4J":{"G9":"13","G8":"13"},"29":{"99":"13","9C":"13"},"2W":{"W8":"13","W9":"13"},"8F":{"54":"13","53":"13"}},"X5":{"GG":{"FQ":"13"},"JH":{"M2":"13","M3":"13","P3":"13","P2":"13"},"HG":{"X6":"13","W5":"13","W7":"13","X7":"13","W6":"13"}},"W2":{"G9":{"RV":"13","RW":"13","QW":"13","QV":"13"},"MG":{"3X":"13"},"R4":{"72":"13"},"G5":{"34":"13","23":"13","24":"13","33":"13"},"P6":{"WV":"13","WW":"13"},"XW":{"76":"13","66":"13"},"QQ":{"3F":"13"},"83":{"HR":"13","HV":"13","GV":"13"},"42":{"H8":"13","H7":"13"},"RJ":{"63":"13","73":"13","72":"13","62":"13"},"MH":{"32":"13"},"63":{"4C":"13","3C":"13"},"4X":{"R3":"13","W4":"13","V3":"13","V4":"13","W3":"13","R4":"13"},"P2":{"WQ":"13","VP":"13","VQ":"13","WP":"13"}},"X8":{"GP":{"V8":"13"},"GG":{"66":"13","57":"13","56":"13","67":"13"},"X8":{"P7":"13","P8":"13"},"XH":{"MF":"13"},"4H":{"FR":"13","GR":"13"},"92":{"G9":"13","G8":"13"},"CH":{"34":"13","44":"13","35":"13"},"9J":{"R5":"13"},"M4":{"65":"13","55":"13"},"37":{"7Q":"13"},"6P":{"57":"13"},"W2":{"CH":"13"},"CF":{"7W":"13","7V":"13"},"QF":{"4P":"13"},"M6":{"VC":"13","RC":"13"},"CG":{"XV":"13","XR":"13"},"FG":{"Q3":"13","Q4":"13","P4":"13","P3":"13"},"5C":{"54":"13"},"54":{"P5":"13","P6":"13"},"4V":{"JM":"13","HM":"13"},"RC":{"F8":"13","C9":"13","C8":"13","F9":"13"}},"R3":{"4J":{"J3":"13","J2":"13"},"FQ":{"7Q":"13","4W":"13","7R":"13","4V":"13","3W":"13"},"F5":{"XP":"13","XM":"13"},"2P":{"76":"13","66":"13"},"79":{"V7":"13","V8":"13"},"VP":{"93":"13","C3":"13","C4":"13","94":"13"},"PX":{"W2":"13","W3":"13","X3":"13"},"PW":{"WX":"13"},"HM":{"VG":"13"}},"W6":{"Q6":{"WX":"13","VX":"13"},"72":{"F5":"13","G5":"13","G6":"13"},"4H":{"23":"13"},"3H":{"X3":"13"},"RP":{"4C":"13","3C":"13"},"CG":{"XJ":"13"}},"V5":{"6F":{"3V":"13","2V":"13","3R":"13"},"J3":{"CW":"13","9X":"13","9W":"13","CX":"13"}},"M3":{"XW":{"Q5":"13","Q6":"13"}},"P4":{"34":{"JF":"13"},"X2":{"57":"13","58":"13","75":"13","65":"13","46":"13","47":"13","45":"13","66":"13","48":"13","37":"13","64":"13","56":"13","38":"13","76":"13","67":"13","55":"13","54":"13"},"WF":{"FC":"13"},"C2":{"6F":"13","5C":"13","CP":"13","5F":"13","CQ":"13","6C":"13"},"HM":{"M2":"13","M3":"13","P3":"13","P2":"13"},"W6":{"HW":"13","HX":"13","JX":"13"}},"XC":{"62":{"MF":"13","WC":"13","MG":"13"},"9C":{"P7":"13","P6":"13"},"GC":{"R3":"13"},"G9":{"MQ":"13","PQ":"13","MR":"13","PR":"13"},"VM":{"MF":"13","MC":"13","PF":"13"},"VR":{"M9":"13","J9":"13"},"72":{"Q8":"13","Q7":"13"},"WR":{"86":"13"},"WX":{"CC":"13","F8":"13","F7":"13"},"88":{"J9":"13"},"WV":{"69":"13","77":"13","67":"13","79":"13","68":"13","78":"13"},"MC":{"2C":"13"},"VP":{"JW":"13","JX":"13"},"MM":{"JJ":"13"},"56":{"32":"13","42":"13"},"WW":{"86":"13","85":"13","75":"13","65":"13","76":"13","74":"13"},"F9":{"W4":"13","6H":"13"},"P2":{"3Q":"13","2P":"13","2Q":"13"},"F8":{"JH":"13","JJ":"13"},"WQ":{"VQ":"13","WV":"13","WR":"13","QQ":"13","WP":"13","RQ":"13","QV":"13","VR":"13","WQ":"13","RR":"13","QR":"13","VP":"13"},"H9":{"33":"13"},"V2":{"9R":"13","9V":"13","8V":"13","8R":"13"},"JX":{"VR":"13"},"XP":{"HM":"13"},"55":{"4X":"13","3X":"13","4H":"13","5H":"13"},"75":{"76":"13","77":"13"},"C7":{"32":"13"},"32":{"HF":"13","HC":"13"},"QR":{"WF":"13"},"W7":{"J8":"13","H9":"13","J9":"13"},"J7":{"36":"13","46":"13"},"XW":{"QM":"13","WQ":"13","VP":"13","VQ":"13","WP":"13","RM":"13"},"3F":{"VW":"13","VX":"13"},"PH":{"PJ":"13","PH":"13"},"8H":{"CW":"13","9W":"13","CV":"13"},"PX":{"9X":"13","9W":"13"},"97":{"X5":"13","F9":"13"},"FF":{"V7":"13","V8":"13"},"VQ":{"HJ":"13","GJ":"13"},"64":{"G7":"13","H7":"13"},"XR":{"JC":"13","M9":"13","P9":"13","PC":"13","MC":"13"}},"Q3":{"G8":{"86":"13","85":"13","75":"13","76":"13","87":"13","77":"13","95":"13","96":"13","94":"13"},"7H":{"CJ":"13","HH":"13","GG":"13","GF":"13","FH":"13","FG":"13","CH":"13","HG":"13","FJ":"13","GH":"13","GJ":"13","FF":"13"},"7M":{"W2":"13","W3":"13","X4":"13","X2":"13","X3":"13"},"4P":{"X6":"13","X5":"13","X7":"13","W6":"13"},"3R":{"WH":"13"},"5P":{"26":"13","25":"13"},"F4":{"H8":"13","H9":"13","G9":"13","GC":"13","J8":"13","J9":"13","HC":"13","JC":"13"},"92":{"VM":"13","VP":"13","RM":"13"},"H7":{"FV":"13","FR":"13","Q5":"13","FW":"13","GW":"13","GV":"13"},"H4":{"6X":"13","9X":"13","7X":"13","8X":"13","8W":"13"},"C5":{"R8":"13","MF":"13","Q8":"13","JC":"13","M9":"13","P9":"13","P8":"13","PC":"13","Q7":"13","MC":"13","Q9":"13"},"5R":{"WG":"13","WH":"13","35":"13","46":"13","XH":"13","25":"13","45":"13","37":"13","56":"13","36":"13","WJ":"13","VG":"13","VJ":"13","26":"13","VH":"13"},"68":{"FV":"13","FR":"13","FQ":"13","GQ":"13","GR":"13","FP":"13"},"G9":{"9X":"13","2M":"13","8X":"13"},"6M":{"34":"13","44":"13","23":"13","24":"13","35":"13","33":"13"},"RP":{"9X":"13","8X":"13"},"M5":{"CW":"13","FX":"13","CX":"13"},"M6":{"F2":"13","2F":"13","3G":"13","C2":"13","2G":"13","2H":"13","3F":"13"},"5G":{"26":"13","36":"13","37":"13","25":"13","35":"13","27":"13"},"G4":{"6V":"13","6R":"13","7W":"13","7V":"13","7R":"13","8R":"13"},"F5":{"QX":"13","PV":"13","QW":"13","PX":"13","PW":"13"},"4G":{"X7":"13","W6":"13","X6":"13","VC":"13","VF":"13","W7":"13","RF":"13","VG":"13","WC":"13","WF":"13"},"F7":{"X8":"13","77":"13","75":"13","X7":"13","65":"13","X6":"13","66":"13","67":"13","76":"13"},"G3":{"RH":"13","QF":"13","QG":"13","RG":"13","QH":"13"},"4J":{"58":"13","57":"13"},"7Q":{"4H":"13","5H":"13","5G":"13","3F":"13","4C":"13","4G":"13","3C":"13","5F":"13","3G":"13","4F":"13"},"7C":{"VQ":"13","WR":"13","XP":"13","WP":"13","WM":"13","RQ":"13","VR":"13","WQ":"13","VM":"13","VP":"13"},"CG":{"4P":"13","3R":"13","5W":"13","3M":"13","4Q":"13","6M":"13","5M":"13","4V":"13","5P":"13","3P":"13","6W":"13","5R":"13","6R":"13","6V":"13","7V":"13","4R":"13","5V":"13","7R":"13","6P":"13","3Q":"13","7Q":"13","6Q":"13","5Q":"13"},"4C":{"FV":"13","FR":"13","GR":"13","GV":"13"},"6Q":{"82":"13","92":"13"},"98":{"GX":"13","HX":"13","FX":"13"},"9F":{"G3":"13","69":"13","H2":"13","H3":"13","68":"13"},"RX":{"J5":"13"},"HC":{"99":"13","89":"13","9C":"13","8C":"13"},"5J":{"58":"13","59":"13","48":"13","4C":"13","42":"13","49":"13","22":"13","5C":"13","32":"13"},"33":{"Q3":"13","P4":"13","P3":"13"},"7J":{"9F":"13","CC":"13","8G":"13","XX":"13","99":"13","8F":"13","89":"13","9C":"13","8C":"13","9G":"13","CF":"13"},"6R":{"57":"13","58":"13","68":"13","59":"13","47":"13","48":"13","56":"13","69":"13","67":"13"},"97":{"XP":"13","GP":"13","XQ":"13","XM":"13","FM":"13","WQ":"13","WP":"13","FP":"13"},"6G":{"QF":"13","RF":"13","PC":"13","Q9":"13","RC":"13","QC":"13"},"R2":{"GG":"13","GF":"13","FG":"13","FF":"13"},"95":{"9Q":"13","8Q":"13","CP":"13","9P":"13","9M":"13","8P":"13"},"GC":{"GP":"13","HP":"13","83":"13","59":"13","HR":"13","92":"13","VW":"13","4C":"13","49":"13","VX":"13","82":"13","5C":"13","JQ":"13","69":"13","72":"13","HQ":"13","JR":"13","RX":"13","RW":"13"},"3J":{"29":"13","39":"13","38":"13","37":"13","28":"13","27":"13"},"J6":{"XG":"13","XF":"13","XH":"13"},"C9":{"HG":"13","HH":"13","FM":"13","FJ":"13","GG":"13","CH":"13","GH":"13","GJ":"13","FH":"13"},"77":{"MP":"13","MR":"13","QQ":"13","PV":"13","PQ":"13","PR":"13","MQ":"13","QP":"13","QR":"13","MV":"13","PP":"13"},"GF":{"HF":"13","GG":"13","GF":"13","HG":"13"},"4R":{"4J":"13","5J":"13","6H":"13","4H":"13","6J":"13","5H":"13"},"CJ":{"63":"3","75":"3","65":"3","74":"3","64":"3"},"64":{"6X":"13","5W":"13","5X":"13","6W":"13"},"H5":{"58":"13","62":"13","7W":"13","83":"13","47":"13","72":"13","6M":"13","92":"13","57":"13","7P":"13","37":"13","6P":"13","46":"13","7R":"13","8R":"13","56":"13","45":"13","9V":"13","7Q":"13","7V":"13","36":"13","55":"13","82":"13","8V":"13","9R":"13","73":"13","7M":"13","48":"13","6Q":"13"},"6H":{"76":"13","66":"13","57":"13","56":"13","67":"13"},"6P":{"XQ":"13","9X":"13","9W":"13","XR":"13","CX":"13","8X":"13"},"7P":{"3Q":"13","3V":"13","2P":"13","2R":"13","2Q":"13","2V":"13","3R":"13"},"8C":{"GX":"13","HW":"13","FW":"13","FX":"13","GW":"13","HV":"13","GV":"13"},"G7":{"QM":"13","QQ":"13","PV":"13","MW":"13","28":"13","QV":"13","27":"13","QP":"13","PM":"13","PW":"13","MV":"13","MX":"13","PX":"13","PP":"13"},"C7":{"3J":"13","2P":"13","2J":"13","3M":"13","2M":"13"},"8M":{"34":"13","23":"13","24":"13","33":"13","22":"13"},"5M":{"M5":"13","F3":"13","C2":"13","93":"13","92":"13","C3":"13"},"9H":{"32":"13","22":"13"},"9G":{"3V":"13","2W":"13","3X":"13","2X":"13","2V":"13","3W":"13"},"FF":{"MV":"13","MQ":"13","PV":"13","JQ":"13","MR":"13","JR":"13","MW":"13"},"88":{"67":"13","68":"13"},"CF":{"23":"13","72":"13","82":"13","33":"13"},"89":{"QF":"13","P9":"13","PC":"13","PF":"13","Q9":"13","QC":"13"},"8F":{"4J":"13","6F":"13","4F":"13","5J":"13","5M":"13","5G":"13","3J":"13","3G":"13","4G":"13","6H":"13","4H":"13","6G":"13","6J":"13","5H":"13","3H":"13","3F":"13","5F":"13"},"5H":{"4X":"13","3X":"13","5P":"13"},"CC":{"9W":"13","8V":"13","7W":"13","8X":"13","7X":"13","8W":"13"},"8J":{"2X":"13"},"8G":{"PJ":"13","MM":"13","PM":"13","XX":"13","PP":"13","MP":"13","MQ":"13","PQ":"13","XW":"13"},"69":{"7G":"13","43":"13","8H":"13","8G":"13","65":"13","8F":"13","45":"13","53":"13","44":"13","64":"13","9G":"13","9H":"13","63":"13","55":"13","54":"13"},"99":{"F2":"13","G3":"13","F3":"13","H2":"13","G4":"13","H3":"13","G2":"13","F4":"13","C4":"13"}},"V7":{"32":{"HQ":"13","HR":"13"},"56":{"58":"13","59":"13","49":"13","48":"13"},"JR":{"9Q":"13","8Q":"13","9P":"13","8P":"13"},"96":{"FQ":"13"},"FF":{"RQ":"13","VQ":"13"}},"J4":{"38":{"5Q":"13","6Q":"13","5R":"13","5P":"13","6R":"13","6P":"13"},"QX":{"86":"13","85":"13","75":"13"},"P6":{"9R":"13"},"G7":{"X5":"13","X4":"13"},"H7":{"25":"13","24":"13"}},"WF":{"V3":{"QF":"13"}},"R5":{"F3":{"8V":"13","7V":"13","7R":"13"},"7M":{"Q6":"13","P6":"13"},"QX":{"9R":"13","9V":"13"},"JF":{"G7":"13","G6":"13"},"JC":{"4J":"13","5J":"13","5M":"13","4H":"13","5H":"13"},"WG":{"HJ":"13","HM":"13"}},"J3":{"5Q":{"9X":"13","9W":"13","8X":"13","8W":"13"},"RF":{"RV":"13","RW":"13","VV":"13","RR":"13"},"4Q":{"F2":"13","G3":"13","H2":"13","G4":"13","H3":"13","G2":"13"},"4P":{"GX":"13"}},"XF":{"V4":{"6V":"13","6W":"13","7W":"13","7V":"13"},"X8":{"FW":"13"},"MJ":{"26":"13","36":"13","25":"13","35":"13"},"8F":{"G2":"13"},"QG":{"23":"13"},"W7":{"49":"13"},"XR":{"RV":"13","RW":"13"},"RP":{"XX":"13"},"RF":{"6X":"13","7X":"13"},"CG":{"GF":"13"},"VJ":{"VF":"13","WF":"13"}},"V8":{"QW":{"CH":"13"},"QM":{"GH":"13"},"FJ":{"48":"13"},"XH":{"9X":"13","CX":"13"},"XJ":{"H3":"13"},"23":{"R2":"13","V2":"13"},"9J":{"W5":"13"},"CJ":{"M4":"13","M3":"13"}},"X7":{"Q3":{"29":"13","2C":"13"},"8W":{"6C":"13","7C":"13"},"6V":{"X9":"13"},"9J":{"MQ":"13"},"GV":{"QW":"13"},"8Q":{"HM":"13"},"MM":{"F5":"5","G5":"5"},"MW":{"RG":"13"},"GW":{"5V":"13"},"28":{"CP":"13","9P":"13"},"7Q":{"6R":"13"},"7V":{"29":"13"},"JQ":{"H7":"13"},"29":{"M5":"13"},"QX":{"GM":"13","FM":"13"},"CQ":{"7H":"13","8H":"13"},"6Q":{"C4":"13"},"FW":{"P6":"13"}},"Q5":{"VQ":{"R9":"13","Q9":"13","RC":"13","QC":"13"},"7G":{"6Q":"13","6R":"13"},"HH":{"VJ":"13","H9":"13","HC":"13","VH":"13"},"M7":{"4X":"13","4W":"13","5X":"13"},"4P":{"7P":"13","9P":"13","9M":"13","8P":"13"},"3V":{"XG":"13","XF":"13","WF":"13","WG":"13","XC":"13"},"3R":{"Q6":"13","P7":"13","P6":"13","Q7":"13"},"8W":{"XP":"13","XQ":"13"},"4Q":{"RF":"13","R9":"13","VC":"13","V9":"13","RC":"13"},"FP":{"89":"13","79":"13","8C":"13","7C":"13"},"7H":{"39":"13","2C":"13","29":"13","3F":"13","4C":"13","3C":"13","2F":"13","49":"13"},"4V":{"2C":"13","2F":"13","2G":"13"},"5X":{"WV":"13","WR":"13","MG":"13","XQ":"13","WW":"13","MF":"13","PG":"13","QF":"13","PF":"13","QC":"13","M9":"13","MC":"13","WQ":"13","QG":"13","XR":"13","P9":"13","PC":"13","XV":"13"},"5R":{"58":"13","5G":"13","4G":"13","7F":"13","57":"13","4C":"13","7C":"13","2F":"13","59":"13","7G":"13","5F":"13","5C":"13","3C":"13","4F":"13","49":"13","6C":"13","3F":"13","39":"13","3G":"13","48":"13","6F":"13","6G":"13","69":"13"},"7P":{"6X":"13","6V":"13","5W":"13","5X":"13","6W":"13","7W":"13","7X":"13","5V":"13"},"99":{"CC":"13","9C":"13"},"JF":{"6G":"13","7G":"13"},"GW":{"VF":"13","VC":"13"},"9J":{"VX":"13"},"GJ":{"R8":"13","Q8":"13","R9":"13"},"7Q":{"HF":"13","2C":"13","JF":"13"},"6Q":{"WC":"13","XC":"13"}}}}