{"index":{"university,1|retail,2|tourism,3|wreck,4|historical,5|artsCulture,6|namedBuilding,7|water,8|wetland,9|park,10|beach,11|natureReserve,12|cemetery,13|trail,14":{}},"4F":{"QW":{"VV":{"88":"13","98":"13","86":"13","97":"13","25":"13","24":"13","87":"13","77":"13"},"XG":{"WH":"13","XH":"13"},"XF":{"FF":"13","W8":"13","FG":"13","CF":"13","5W":"13","W9":"13","6W":"13","CH":"13","6R":"13","7W":"13","6V":"13","CG":"13","7V":"13","9G":"13","9H":"13","5V":"13","7R":"13","FH":"13"},"VR":{"GM":"13","GP":"13","HP":"13","FQ":"13","FP":"13","HM":"13","GQ":"13"},"XM":{"XF":"13","XC":"13"},"WR":{"7Q":"13","3J":"13","6R":"13","3M":"13","7V":"13","7R":"13"},"WF":{"5J":"13","5M":"13","6J":"13"},"VW":{"F8":"13","G8":"13","F7":"13"},"XR":{"H5":"13","J4":"13","J5":"13"},"X9":{"G8":"13","G7":"13","F7":"13","G6":"13"},"VC":{"5G":"13"},"XC":{"9Q":"13","8Q":"13","9P":"13","8P":"13"},"RC":{"3V":"13","HH":"13","JH":"13","4R":"13","JJ":"13","3R":"13","4V":"13"}},"VV":{"5W":{"Q2":"13","P2":"13"},"3X":{"39":"13","WV":"13","XW":"13","WW":"13","2C":"13","3F":"13","4C":"13","3C":"13","2F":"13","49":"13","XV":"13"},"5V":{"QM":"13","RM":"13"}},"XW":{"C2":{"Q3":"13","P3":"13"}},"WW":{"C6":{"9Q":"13","9R":"13","8R":"13"},"8G":{"G3":"13","H2":"13","H3":"13"},"9P":{"QM":"13","PM":"13","WG":"13","QP":"13","PP":"13"},"X7":{"29":"13","39":"13","2C":"13","3C":"13"},"CQ":{"34":"13","44":"13","35":"13"},"9G":{"5C":"13","69":"13","59":"13","6C":"13"}},"XX":{"2C":{"WJ":"13","XJ":"13","WM":"13"},"3C":{"3Q":"13","4Q":"13","2G":"13"}},"VW":{"8V":{"4H":"13","3H":"13"},"W8":{"49":"13","48":"13"},"65":{"M7":"13","FG":"13","J7":"13","M6":"13","J6":"13","8C":"13","CG":"13","89":"13"},"4Q":{"57":"13"},"XG":{"V7":"13"},"GG":{"9R":"13","9V":"13"},"7F":{"PP":"13","MQ":"13","PQ":"13"},"3Q":{"W7":"13","W8":"13"}},"WX":{"J4":{"FH":"13","FG":"13"},"GQ":{"J7":"13","J8":"13","M9":"13","M8":"13","H7":"13","M7":"13","J9":"13"}},"VX":{"H5":{"J8":"13"},"C2":{"86":"13","97":"13","85":"13","95":"13","96":"13"},"P6":{"C7":"13"},"RQ":{"7V":"13"},"M2":{"7F":"13"},"QV":{"5H":"13"}},"RV":{"XW":{"QP":"13","RP":"13","RM":"13"}},"QX":{"M2":{"57":"13","67":"13"},"CQ":{"32":"13","42":"13","43":"13","33":"13"},"C9":{"93":"13","C3":"13","C4":"13","94":"13"},"XH":{"58":"13","47":"13","48":"13"},"XJ":{"23":"13"},"VW":{"57":"13","56":"13"},"QC":{"7F":"13","6F":"13","29":"13","2C":"13","3C":"13","3F":"13","6C":"13","7C":"13"},"J6":{"6G":"13"},"H6":{"M6":"13","QP":"13","QQ":"13","J6":"13","PR":"5"},"CH":{"7F":"13"},"C8":{"CW":"13","2W":"13","2X":"13","9W":"13"},"R6":{"PF":"13"},"H5":{"RF":"13","RC":"13"},"Q5":{"HR":"13"},"J4":{"8Q":"13","9P":"13","8P":"13"}},"XV":{"MV":{"QV":"13"},"JV":{"CP":"13","FP":"13"},"QW":{"QF":"13","PG":"13","PF":"13"},"VC":{"H7":"13"},"CX":{"FQ":"13"}},"RX":{"GM":{"97":"13","96":"13"},"9C":{"3X":"13","2X":"13"},"Q8":{"3M":"13"},"9F":{"32":"13","2X":"13","23":"13","33":"13","22":"13"},"M8":{"88":"13","89":"13","8C":"13"},"3R":{"4F":"13"},"M2":{"XM":"13"},"P8":{"8M":"13","7M":"13","7P":"13","6M":"13","6P":"13","8P":"13"},"5W":{"G2":"13"},"34":{"MF":"13","PG":"13","PF":"13","MG":"13"},"92":{"43":"13","53":"13"},"8F":{"XX":"13","X2":"13","WX":"13","WW":"13","XW":"13"},"R2":{"54":"13","75":"13","65":"13","76":"13","64":"13","55":"13","56":"13"},"J8":{"VQ":"13","C6":"13","G5":"13","F6":"13","F4":"13","VR":"13","F5":"13"},"27":{"3X":"13","3W":"13"},"5X":{"QR":"13","PV":"13","PR":"13","QV":"13"},"P4":{"3Q":"13","6Q":"13","4Q":"13","6P":"13"},"8C":{"XP":"13","XX":"13"},"82":{"W2":"13","X2":"13","V2":"13"},"H5":{"QR":"13","PR":"13"},"6V":{"8V":"13","4J":"13","4H":"13","3H":"13","8R":"13","9R":"13","4G":"13","9Q":"13","9V":"13","3G":"13","3J":"13","2G":"13","8Q":"13"},"5V":{"GX":"13","FX":"13"},"88":{"75":"13","76":"13","77":"13","67":"13","68":"13","78":"13"},"P2":{"5W":"13","5V":"13"}},"RW":{"8X":{"RV":"13","RW":"13","VV":"13","XX":"13","VW":"13","WX":"13"},"VM":{"43":"13","29":"13","3F":"13","4G":"13","53":"13","44":"13","3G":"13","4F":"13","54":"13"},"4X":{"34":"13","25":"13","24":"13","35":"13"},"3R":{"5R":"13","6R":"13","7P":"13","6V":"13","5V":"13","6P":"13","6Q":"13","7Q":"13"},"5P":{"32":"13","42":"13","22":"13"},"W9":{"P5":"13","M5":"13","P4":"13","M4":"13"},"J9":{"HF":"13","GG":"13","HG":"13","JG":"13"},"5R":{"MG":"13"},"GM":{"5F":"13"},"RM":{"X9":"13"},"3M":{"Q8":"13","V8":"13","R8":"13","5P":"13","V7":"13","Q7":"13","R6":"13","R7":"13","6P":"13","6Q":"13","5Q":"13"},"CX":{"3V":"13","2W":"13","2X":"13","2V":"13"},"3F":{"58":"13","65":"13","66":"13","55":"13","56":"13","67":"13"},"3C":{"Q6":"5","FX":"13","Q7":"5"},"3H":{"3X":"13","2X":"13"},"2J":{"7H":"13","7J":"13"},"5J":{"6X":"13","7X":"13"},"2R":{"9Q":"13","8Q":"13","9R":"13","9V":"13","8R":"13"},"W8":{"MX":"13"},"8H":{"MM":"13","PM":"13"},"2H":{"8H":"13","8G":"13","9F":"13","7M":"13","9M":"13","8J":"13","CH":"13","CG":"13","9G":"13","9H":"13","9J":"13","8M":"13"},"7X":{"58":"13","74":"13","5G":"13","47":"13","38":"13","4G":"13","6M":"13","4H":"13","WX":"13","6J":"13","6H":"13","37":"13","5H":"13","WW":"13","5J":"13","24":"13","36":"13","59":"13","3H":"13","75":"13","XX":"13","XW":"13","49":"13","3G":"13","4J":"13","48":"13","6G":"13"},"3J":{"32":"13","23":"13","24":"13","33":"13","22":"13"},"3X":{"J3":"13","H4":"13","H3":"13","J4":"13"},"GP":{"H8":"13","H7":"13","W2":"13","M8":"13","J7":"13","W4":"13","J8":"13","M9":"13","J9":"13","W3":"13","X4":"13","X3":"13"},"R3":{"F8":"13","F7":"13"},"XX":{"MQ":"13","JQ":"13","MR":"13","JR":"13"},"9X":{"3V":"13","3W":"13"},"JW":{"93":"13","94":"13"},"XM":{"JP":"13","JM":"13"},"2P":{"7F":"13","7H":"13","6F":"13","6G":"13","6C":"13","7G":"13","7C":"13"},"39":{"CW":"13"},"2F":{"P9":"13","87":"13","Q9":"13"},"3G":{"MH":"13","J5":"13","GH":"13","GG":"13","HF":"13","PR":"13","H4":"13","6H":"13","PP":"13","MG":"13","PQ":"13","MC":"13","MM":"13","5H":"13","J4":"13","JF":"13","H3":"13","H8":"13","HG":"13","JM":"13","H5":"13","MJ":"13","JQ":"13","H7":"13","J3":"13","PM":"13","H9":"13","59":"13","H6":"13","J9":"13","J8":"13","MP":"13","5F":"13","JG":"13","HH":"13","5C":"13","HC":"13","JC":"13","M9":"13","J7":"13","6C":"13","J6":"13","JP":"13","GF":"13","MQ":"13","6F":"13","6G":"13","MF":"13","MR":"13","JH":"13","JJ":"13"},"5M":{"4X":"13","3X":"13","2X":"13","72":"13","62":"13"},"2G":{"JH":"13","9J":"13","MH":"13","JG":"13","9H":"13","MG":"13","8J":"13"},"FF":{"R8":"13","R9":"13","VC":"13","V8":"13","V9":"13","RC":"13"},"MV":{"4F":"13","4G":"13","3F":"13"},"59":{"PG":"13","XF":"13","PH":"13","WF":"13"}}}}