{"index":{"university,1|retail,2|tourism,3|wreck,4|historical,5|artsCulture,6|namedBuilding,7|water,8|wetland,9|park,10|beach,11|natureReserve,12|cemetery,13|trail,14":{}},"4G":{"Q6":{"XP":{"VG":"13"},"XQ":{"G3":"13","G4":"13","5G":"13","4G":"13","CH":"13","5H":"13","CG":"13","9H":"13","9G":"13"},"WW":{"W4":"13","W5":"13","X5":"13","X4":"13"},"XW":{"25":"13","8F":"13","24":"13"}},"X3":{"MR":{"6F":"13","5F":"13"}},"Q3":{"V7":{"W4":"13","W5":"13","X5":"13","X4":"13"},"RH":{"3P":"13","2P":"13","3M":"13","2M":"13"},"XQ":{"J7":"13","J6":"13"},"JC":{"F5":"13","C5":"13"},"W7":{"32":"13","42":"13"},"V6":{"VV":"13","WV":"13","VR":"13","WR":"13"},"MC":{"97":"13","96":"13"},"W6":{"4X":"13","3X":"13","3W":"13"}},"XF":{"58":{"WQ":"13","WP":"13"},"FC":{"28":"13","27":"13"},"47":{"W5":"13","Q5":"13","X5":"13","Q6":"13"},"38":{"22":"13"},"VM":{"85":"13"},"4H":{"3Q":"13","4Q":"13","3P":"13","4P":"13"},"57":{"42":"13","PQ":"13","PR":"13"},"37":{"2X":"13"},"MW":{"XV":"13","VV":"13","WV":"13","VR":"13","WR":"13"},"56":{"8H":"13","57":"13","56":"13","J5":"13","8J":"13"},"28":{"X2":"13"},"PW":{"HW":"13","HV":"13"},"J3":{"72":"13","62":"13"},"59":{"RF":"13","QG":"13","RG":"13","VC":"13"},"55":{"CX":"13"},"3H":{"C9":"13","C8":"13","98":"13","99":"13","CG":"13","JV":"13","JR":"13"},"5C":{"P6":"13"},"CV":{"HQ":"13","JQ":"13","JR":"13","HR":"13"},"J2":{"6X":"13","7X":"13"},"27":{"XX":"13"},"54":{"MV":"13","PV":"13","CX":"13"},"CC":{"X7":"13","X8":"13"},"4J":{"J7":"13"}},"V3":{"6X":{"CC":"13","M9":"13","MC":"13","J9":"13"},"8G":{"99":"13","F4":"13","C4":"13"}},"Q4":{"X6":{"26":"13","36":"13","25":"13"},"W4":{"8V":"13","8R":"13"},"XG":{"M2":"13"},"V4":{"F3":"13","F4":"13","C3":"13","C4":"13"},"R5":{"93":"3"},"W3":{"Q5":"13"},"XX":{"5X":"13"},"XF":{"MX":"13","JW":"13","JX":"13","MW":"13"},"R4":{"7F":"13","6F":"13","69":"13","89":"13","79":"13","8C":"13","6C":"13","68":"13","78":"13","7C":"13"},"X3":{"44":"13","45":"13"},"XR":{"J4":"13","J9":"13","J5":"13"},"X8":{"7H":"13"}},"WF":{"MF":{"9Q":"13","CP":"13","9P":"13","C9":"13","CQ":"13"},"PG":{"6X":"13"},"PH":{"Q4":"13"},"WG":{"29":"13","28":"13"},"MP":{"6X":"13"},"JJ":{"H6":"13"},"MQ":{"63":"13","62":"13"},"RC":{"58":"13","59":"13"}},"R6":{"37":{"2W":"13","2V":"13","3W":"13"},"M8":{"4P":"13","CQ":"13","3X":"13","3W":"13","5P":"13","4W":"13","CR":"13","4X":"13"},"5V":{"G9":"13","FM":"13","CQ":"13","CM":"13","CP":"13","9Q":"13","G8":"13","G7":"13"},"4V":{"X7":"13"},"X8":{"9Q":"13","9R":"13","9P":"13","JJ":"13","JM":"13","CQ":"13","HM":"13","CR":"13"}},"X8":{"8M":{"6X":"13"},"QG":{"JX":"13","MQ":"13","MR":"13","PW":"13","MW":"13"},"7M":{"XP":"13","XM":"13","WM":"13","WP":"13"},"QH":{"J3":"13","H2":"13","H3":"13","J2":"13"},"8P":{"63":"13","62":"13"},"HR":{"PJ":"13","XG":"13","WH":"13","PH":"13","XH":"13","WG":"13","MJ":"13","MH":"13"},"28":{"3M":"13","2M":"13"}},"X4":{"24":{"QF":"13","P9":"13","PC":"13","MC":"13","PF":"13","QC":"13"},"CV":{"JH":"13","JJ":"13"}},"Q7":{"XG":{"XX":"13"},"XH":{"WH":"13","WJ":"13","VH":"13"}},"V8":{"8V":{"GX":"13"},"5V":{"PX":"13"},"4X":{"MF":"13","MC":"13"},"5X":{"75":"13"},"7M":{"P5":"13","M5":"13"},"5P":{"QQ":"13"},"QM":{"VV":"13","WV":"13","WR":"13","GR":"13"},"84":{"42":"13","43":"13","95":"13","94":"13"},"5Q":{"P7":"13","M8":"13","P8":"13","FX":"13","M7":"13"},"5R":{"F2":"13"},"QR":{"V7":"13","W7":"13","W8":"13","WJ":"13","V6":"13","WM":"13","V8":"13","V9":"13","W6":"13"},"RM":{"5F":"13"},"PM":{"HC":"13","GC":"13"},"6M":{"F3":"13","F4":"13","C3":"13","C4":"13"},"X6":{"MV":"13","PV":"13","PR":"13"},"XG":{"WM":"13"},"6J":{"PV":"13","MW":"13","JP":"13","JQ":"13","PW":"13","MV":"13","HQ":"13","JR":"13"},"7W":{"7H":"13","6H":"13","MP":"13","6G":"13","MQ":"13","7G":"13"},"WQ":{"2Q":"13"},"CM":{"FR":"13"},"3Q":{"X8":"13"},"RR":{"FH":"13","FG":"13"},"7Q":{"3W":"13"},"6Q":{"HP":"13","WM":"13","XG":"13","JM":"13","HM":"13","XF":"13","JP":"13","WJ":"13"},"83":{"FV":"13","FR":"13"},"9W":{"9H":"13","9G":"13"},"7J":{"GM":"13","HM":"13"},"VQ":{"GG":"13"},"RQ":{"MM":"13","MP":"13","MQ":"13"},"6R":{"6G":"13","FG":"13","6H":"13","F4":"13","GG":"13","G3":"13","GH":"13","G4":"13","6J":"13","F3":"13","FH":"13"},"VR":{"83":"13","82":"13"},"WC":{"6X":"13","6W":"13","7X":"13"},"7V":{"23":"13","PQ":"13"},"6V":{"R3":"13","R8":"13","Q3":"13","Q2":"13","R2":"13","X3":"13"},"77":{"XX":"13","WX":"13","WW":"13","XW":"13"},"9X":{"82":"13"},"7R":{"XX":"13","XW":"13"},"MJ":{"MX":"13"},"4Q":{"28":"13"},"CQ":{"R8":"13","Q8":"13","R7":"13","Q7":"13"},"MM":{"M2":"13","VC":"13","V9":"13"},"7P":{"J2":"13","M2":"13"},"QP":{"8M":"13","7M":"13","7J":"13","95":"13","94":"13","8J":"13"},"8W":{"FV":"13","6M":"13","6P":"13","FW":"13","6J":"13"},"WF":{"JC":"13"},"78":{"X2":"13"},"87":{"9X":"13","CX":"13"},"5W":{"V7":"13","R7":"13","5G":"13","4G":"13","4H":"13","5H":"13"},"88":{"C2":"13","87":"13","77":"13","92":"13","78":"13"},"XF":{"QM":"13","RJ":"13","RM":"13"},"X7":{"W4":"13","W5":"13","X5":"13","X4":"13"}},"Q2":{"F2":{"GX":"13","HW":"13","FW":"13","FX":"13","GW":"13","GV":"13"},"86":{"QF":"13","QG":"13"},"XF":{"63":"13","H5":"13","H2":"13","G2":"13","52":"13","53":"13","J6":"13","62":"13","J5":"13","H6":"13"},"VW":{"XX":"13","XW":"13"},"XH":{"66":"13","57":"13","56":"13","67":"13"},"WW":{"CQ":"13","CR":"13"},"XC":{"GX":"13","HX":"13"}},"V5":{"45":{"26":"13","57":"13","67":"13","27":"13"}},"W2":{"MW":{"34":"13","5C":"13","4F":"13","5G":"13","24":"13","4G":"13","4C":"13","5F":"13"}},"V9":{"38":{"V3":"13","Q2":"13","QM":"13","P2":"13"},"84":{"X5":"13","8V":"13","8R":"13"},"5F":{"GM":"13","9C":"13","FM":"13","68":"13","5J":"13","C9":"13","5H":"13","99":"13","CC":"13","67":"13"},"M4":{"RQ":"13","RP":"13","QQ":"13","VP":"13"},"68":{"Q8":"13","P8":"13"},"3M":{"8V":"13","9X":"13","8X":"13","CV":"13","8W":"13","8R":"13","CW":"13","9R":"13","9V":"13","7V":"13","7R":"13","9W":"13"},"3F":{"Q3":"13","CJ":"13","Q2":"13","CH":"13","G7":"13","F7":"13","P2":"13","G6":"13"},"2M":{"R9":"13","V8":"13","VC":"13","W9":"13","R8":"13","22":"13","23":"13","WC":"13","V9":"13"},"3C":{"9F":"13","CC":"13","9C":"13","XW":"13","CF":"13"},"47":{"V2":"13","MG":"13","W2":"13","MF":"13","JF":"13","JW":"13","JG":"13","63":"13","HW":"13"},"4G":{"29":"13","2C":"13"},"9C":{"W8":"13","W9":"13","V8":"13","V9":"13"},"X9":{"CH":"13","9H":"13","9G":"13"},"48":{"MF":"13","Q4":"13","4J":"13","5J":"13","JF":"13","JC":"13","CM":"13","JX":"13","4M":"13","MC":"13","C4":"13","94":"13"},"GH":{"JV":"13"},"V3":{"QF":"13"},"4C":{"83":"13","84":"13","2W":"13","74":"13","93":"13","6W":"13","95":"13","WW":"13","94":"13"},"2J":{"9Q":"13","8Q":"13","9R":"13","8R":"13"},"52":{"G4":"13","G5":"13"},"28":{"J3":"13","H3":"13","G5":"13","MW":"13","G6":"13"},"85":{"26":"13","36":"13","37":"13"},"HC":{"5J":"13","6J":"13"},"CV":{"3J":"13","3M":"13","4M":"13"},"29":{"2P":"13"},"6G":{"Q4":"13","V4":"13","R4":"13","J4":"13","W8":"13","W9":"13","V8":"13","V9":"13"},"49":{"9F":"13","CC":"13","6M":"13","6P":"13","9C":"13","J2":"13","35":"13","9G":"13"},"95":{"5V":"13"},"WC":{"RX":"13","VX":"13"},"P2":{"CX":"13"},"GC":{"V8":"13","V9":"13"},"53":{"GP":"13","HP":"13","GM":"13"},"P5":{"76":"13","66":"13","77":"13","67":"13"},"2Q":{"WG":"13","WH":"13","R9":"13","RG":"13","VC":"13","R8":"13","VF":"13","RC":"13","RF":"13","VG":"13","WC":"13","VH":"13","WF":"13","V9":"13"},"57":{"35":"13","FQ":"13","34":"13","CP":"13","FP":"13","G2":"13","5R":"13","6V":"13","5V":"13"},"58":{"FM":"13"},"5C":{"9Q":"13","P5":"13","X4":"13","9R":"13"},"46":{"HM":"13","8J":"13"},"4Q":{"G6":"13"},"6C":{"W4":"13","HH":"13","W3":"13","HG":"13"},"G7":{"R7":"13"},"39":{"R2":"13"},"WF":{"R2":"13"},"3G":{"QR":"13","X9":"13","QQ":"13","XC":"13"},"54":{"HH":"13","WH":"13"},"32":{"83":"13"},"7G":{"H2":"13","6P":"13"},"2V":{"7F":"13","9F":"13","7H":"13","8G":"13","8H":"13","8F":"13","9H":"13","9G":"13","8J":"13","7G":"13"},"FF":{"34":"13","35":"13"},"22":{"W5":"13","V5":"13"},"59":{"8M":"13","PC":"13","PF":"13"},"44":{"M2":"13"},"36":{"WX":"13","VX":"13"},"8F":{"JW":"13","WF":"13","JX":"13","PW":"13"},"7F":{"HX":"13"},"CC":{"GX":"13","GF":"13","FC":"13","RX":"13","WX":"13","GW":"13","VX":"13","FF":"13","GV":"13","GC":"13"},"56":{"43":"13","C6":"13","83":"13","4Q":"13","45":"13","73":"13","53":"13","44":"13","HC":"13","JF":"13","C7":"13","JC":"13","55":"13","54":"13","HF":"13"},"6F":{"6Q":"13","MM":"13","CP":"13","CM":"13","6R":"13","FM":"13","FP":"13"},"99":{"FR":"13","CR":"13"},"69":{"MV":"13","88":"13","77":"13","78":"13"},"37":{"QX":"13","RJ":"13","PX":"13"}},"R7":{"5G":{"26":"13","25":"13"},"FP":{"C6":"13","F5":"13","F6":"13","C5":"13"},"47":{"5Q":"13","5P":"13"},"4G":{"G6":"13","C5":"13","QW":"13","C6":"13","G5":"13","VV":"13","F6":"13","X6":"13","F4":"13","C3":"13","QV":"13","RR":"13","RV":"13","X5":"13","QX":"13","F5":"13","PW":"13","C4":"13","G4":"13","PX":"13","RW":"13"},"4H":{"GX":"13","W4":"13","W3":"13","X4":"13","C2":"13","93":"13","X3":"13","FW":"13","FX":"13","92":"13","C3":"13","GW":"13","P2":"13"},"6J":{"62":"13","74":"13","83":"13","92":"13","C2":"13","73":"13","64":"13","82":"13","93":"13","72":"13","63":"13","84":"13"},"42":{"GM":"13"},"6H":{"8V":"13","9X":"13","8X":"13","CV":"13","8W":"13","8R":"13","CW":"13","6W":"13","9R":"13","7W":"13","9V":"13","7X":"13","7V":"13","6X":"13","9W":"13","CX":"13"},"37":{"VG":"13","WG":"13"},"5H":{"66":"13","67":"13"},"2H":{"X8":"13"},"JF":{"63":"13","4J":"13","73":"13","85":"13","75":"13","74":"13","4H":"13"},"79":{"5W":"13","2C":"13","29":"13","5X":"13","4V":"13","6W":"13","2F":"13","6X":"13","4W":"13","5V":"13","4X":"13"},"59":{"MF":"13","QF":"13","PG":"13","PC":"13","MC":"13","PF":"13","MG":"13","QC":"13"},"HX":{"5C":"13","5F":"13"},"5F":{"Q4":"13","R4":"13","R5":"13","R2":"13","J6":"13","H6":"13","H5":"13","Q3":"13","R3":"13"},"3H":{"HG":"13","H8":"13","HH":"13","H9":"13","M7":"13","HJ":"13","M8":"13","P8":"13","J7":"13","28":"13","J8":"13","M9":"13","JJ":"13","J9":"13","P9":"13","JH":"13","P7":"13"},"3J":{"G6":"13","G5":"13","F6":"13","F4":"13","H4":"13","J6":"13","H6":"13","H5":"13","F5":"13","G4":"13","J5":"13"},"4F":{"M8":"13","MF":"13","J8":"13","M9":"13","J9":"13","MC":"13","JF":"13","JC":"13"},"3G":{"MJ":"13","MH":"13","MG":"13"},"4J":{"F2":"13","63":"13","54":"13","64":"13","G2":"13","52":"13","53":"13","62":"13"},"2J":{"FC":"13","5Q":"13","C8":"13","GG":"13","Q7":"13","6V":"13","P5":"13","7P":"13","6R":"13","MG":"13","8Q":"13","R7":"13","5R":"13","7R":"13","CF":"13","P6":"13","F9":"13","7Q":"13","7V":"13","Q8":"13","5W":"13","M6":"13","M5":"13","5V":"13","CG":"13","FG":"13","FF":"13","C9":"13","GF":"13","6Q":"13"},"6F":{"54":"13"},"69":{"QJ":"13","QH":"13","XC":"13","QM":"13","4H":"13","X9":"13","5G":"13","PJ":"13","4C":"13","XF":"13","4G":"13","VM":"13","RH":"13","5F":"13","RP":"13","3G":"13","RJ":"13","VJ":"13","4F":"13","RM":"13"}},"W8":{"X8":{"MP":"13","QF":"13","MM":"13","RC":"13","QC":"13","JM":"13","JJ":"13","RF":"13","PM":"13","GH":"13|5","PP":"13"},"H9":{"X4":"13","X3":"13"},"2H":{"6V":"13","6W":"13","7W":"13","7V":"13"},"M7":{"V5":"13"},"3V":{"P5":"13","P4":"13","M2":"13","M4":"13","M3":"13","P3":"13","P2":"13"},"4Q":{"XG":"13","XF":"13"},"3W":{"W4":"13","V3":"13","W5":"13","V4":"13","R5":"13","R4":"13","V5":"13"},"J8":{"FX":"13","CX":"13"},"4V":{"58":"13","57":"13","77":"13","67":"13","68":"13","78":"13"},"5P":{"5X":"13"},"J9":{"F2":"13","86":"13","29":"13","F3":"13","2C":"13","24":"13","C2":"13","87":"13","C3":"13","96":"13"},"VR":{"F2":"13","F3":"13","C2":"13","82":"13","C3":"13"},"CH":{"V7":"13","Q6":"13","W7":"13","P7":"13","P6":"13","V6":"13","Q7":"13"},"CG":{"WV":"13","WW":"13"},"2J":{"36":"13","37":"13","46":"13","47":"13"},"2G":{"6F":"13","GP":"13","GQ":"13","5F":"13"},"4X":{"FH":"13","FJ":"13","GH":"13","GJ":"13"},"5Q":{"2F":"13","47":"13","48":"13"}},"X5":{"2Q":{"3V":"13","3R":"13"},"CG":{"62":"13"},"CF":{"6X":"13","FR":"13","FQ":"13","5X":"13","6W":"13","CQ":"13","CR":"13"}},"W5":{"HW":{"MV":"13","JP":"13","MM":"13","MP":"13","JM":"13","MW":"13"},"H4":{"X9":"13","XC":"13","X8":"13"},"HX":{"97":"13","C7":"13"},"J4":{"29":"13","2C":"13","4F":"13","3G":"13","4G":"13","3F":"13"},"2Q":{"P5":"13","M5":"13","P4":"13","M4":"13","M3":"13","P3":"13"}},"R9":{"Q4":{"R5":"13","V6":"13","V5":"13"},"XV":{"V4":"13","G6":"13","V2":"13","R4":"13","G5":"13","V3":"13","W4":"13","R2":"13","H4":"13","H6":"13","5X":"13","H5":"13","6X":"13","R3":"13"},"XM":{"W2":"13","X2":"13","X3":"13"},"XJ":{"WX":"13"},"J4":{"F2":"13","G2":"13"},"H3":{"RV":"13","VV":"13","RR":"13","VR":"13"},"P2":{"2W":"13","2X":"13"},"QF":{"4F":"13","5F":"13"},"RG":{"H3":"13","H2":"13","FJ":"13","J3":"13","GR":"13","GQ":"13","RF":"13","J2":"13","FH":"13"},"Q8":{"2X":"13"},"X9":{"XP":"13","48":"13"},"J3":{"CP":"13","CM":"13","FM":"13","FP":"13","78":"13"},"Q9":{"22":"13"},"QC":{"PW":"13"},"XW":{"R8":"13","M5":"13","R9":"13","62":"13","V8":"13","Q9":"13","RC":"13"},"RC":{"5Q":"13","5R":"13","VV":"13","WV":"13","WW":"13"},"VH":{"6F":"13","6G":"13","7G":"13"},"RF":{"J3":"13","JF":"13","JC":"13","M3":"13"},"XR":{"RX":"13","VX":"13"},"PF":{"66":"13","56":"13","67":"13","MC":"13"}},"X9":{"QW":{"4J":"13","2X":"13"},"MQ":{"F3":"13","44":"13","93":"13","G5":"13","43":"13"},"93":{"XW":"13"},"C6":{"24":"13"},"MH":{"34":"13"},"W9":{"GP":"13","FC":"13","GM":"13","F9":"13"},"PP":{"RH":"13","RJ":"13","FP":"13","G6":"13"},"C5":{"8V":"13","8R":"13"},"HF":{"7H":"13","6H":"13","6J":"13","7J":"13"},"P3":{"7Q":"13","7P":"13","8Q":"13","3X":"13","2X":"13","8P":"13"},"H9":{"J3":"13","H8":"13","G8":"13","J4":"13","J2":"13","M2":"13","M3":"13"},"PM":{"HQ":"13"},"G9":{"8X":"13"},"QF":{"42":"13","43":"13"},"RC":{"RW":"13","QX":"13","H4":"13","3X":"13","RX":"13","J4":"13","W8":"13","QW":"13","GW":"13"},"JJ":{"6W":"13","F7":"13","33":"13","6X":"13","6R":"13","4C":"13","7R":"13","F8":"13","8J":"13","G8":"13","5W":"13","2F":"13","59":"13","2G":"13","32":"13","G7":"13","4F":"13","3F":"13","8M":"13","4R":"13","5X":"13","HW":"13","6G":"13","4Q":"13"},"HJ":{"FV":"13","XG":"13","G9":"13","WH":"13","74":"13","XH":"13","H3":"13","MP":"13","PP":"13"},"XG":{"CV":"13","CR":"13"},"FC":{"H2":"13","H3":"13"},"JR":{"RV":"13","VV":"13","RG":"13","RP":"13"},"JG":{"HC":"13","G7":"13","H7":"13","GC":"13"},"V9":{"69":"13","PV":"13","QW":"13","PW":"13","QV":"13"},"MR":{"V4":"13","V6":"13","V5":"13"},"VG":{"V9":"13"},"F7":{"CP":"13","72":"13","82":"13"},"X9":{"7Q":"13","P9":"13","P8":"13"},"RR":{"5C":"13","5F":"13"},"GH":{"6C":"13","7C":"13"},"2J":{"Q3":"13","Q2":"13","M2":"13","M3":"13","P3":"13","P2":"13"},"6X":{"34":"13","25":"13","24":"13","35":"13"},"JH":{"F2":"13","6F":"13","92":"13"},"MC":{"J6":"13","J5":"13"},"MG":{"6H":"13"},"C4":{"38":"13","37":"13","28":"13","27":"13"},"W8":{"CW":"13","75":"13","FG":"13","74":"13","FF":"13"},"97":{"X5":"13","X4":"13"},"95":{"QR":"13"},"94":{"F8":"13","RQ":"13","QP":"13","RP":"13","F7":"13","C7":"13","QQ":"13","C8":"13"},"2H":{"QX":"13","WW":"13","PX":"13"},"WC":{"QF":"13","3X":"13","2X":"13","P8":"13","PF":"13"},"GC":{"82":"13"},"C3":{"JH":"13","MH":"13","JG":"13","MG":"13"},"PR":{"7Q":"13","6Q":"13","5R":"13","4R":"13"},"HH":{"VV":"13","39":"13","38":"13","GP":"13","VW":"13","CM":"13","9J":"13","9M":"13","FP":"13","9G":"13","CR":"13","CF":"13"},"76":{"R5":"13","H2":"13","H4":"13","G2":"13","R6":"13","H5":"13","J4":"13","J5":"13"},"C9":{"R9":"13","RC":"13"},"HP":{"CW":"13","M8":"13","9X":"13","MH":"13","CV":"13","P2":"13","FF":"13","V5":"13"},"C2":{"XV":"13","XR":"13"},"RF":{"X2":"13","R9":"13","X3":"13","Q9":"13","RC":"13","QC":"13"},"GG":{"4X":"13"},"MP":{"4X":"13","3X":"13"},"F6":{"2H":"13","8X":"13","7X":"13"},"FM":{"C9":"13","F9":"13"},"HM":{"XV":"13","P5":"13","P4":"13","PX":"13"},"P9":{"HQ":"13","HP":"13","GM":"13","GJ":"13"},"M3":{"XX":"13","VP":"13","VQ":"13","XW":"13"},"VC":{"8Q":"13","RQ":"13","GM":"13","9H":"13","3R":"13"},"P4":{"32":"13","62":"13","22":"13"},"F8":{"9Q":"13","8Q":"13","76":"13","77":"13"},"XC":{"R5":"13"},"F9":{"HQ":"13","55":"13","45":"13","JQ":"13","C3":"13","HR":"13","CX":"13","C4":"13"},"C7":{"7F":"13","25":"13","8F":"13","24":"13"},"JM":{"3V":"13","2W":"13","6V":"13","37":"13","47":"13","2R":"13","2V":"13","48":"13"},"QX":{"6G":"13"},"HQ":{"83":"13","73":"13","84":"13","WH":"13","8Q":"13","74":"13","87":"13","6H":"13","9J":"13","6J":"13","WJ":"13","8R":"13"},"MV":{"V7":"13","W7":"13"},"VF":{"C5":"13","43":"13","C6":"13","XC":"13","VV":"13","RG":"13","CV":"13","34":"13","CP":"13","VW":"13","9R":"13","XF":"13","44":"13","22":"13","9V":"13","RF":"13","23":"13","93":"13","9P":"13"},"PV":{"62":"13","C9":"13","73":"13","J9":"13","C8":"13","HC":"13","JF":"13","89":"13","72":"13","JG":"13","63":"13","JC":"13"},"JP":{"WG":"13","8X":"13","C3":"13","45":"13","27":"13","7X":"13","23":"13","55":"13","F3":"13","54":"13"},"XF":{"6C":"13","H6":"13","7C":"13"},"V8":{"7H":"13"},"X7":{"5W":"13","5V":"13"}},"W9":{"84":{"6X":"13","5X":"13"},"5Q":{"J2":"13","M2":"13"},"85":{"62":"13"},"88":{"76":"13"},"86":{"JX":"13","5V":"13"},"5P":{"MX":"13","JX":"13"},"R7":{"MM":"13"},"CF":{"4W":"13","3W":"13"},"2H":{"2P":"13","2Q":"13"},"8X":{"CV":"13"},"22":{"88":"13","98":"13","97":"13","89":"13","87":"13"},"G8":{"FV":"13","FR":"13","CV":"13","CQ":"13","GR":"13","CR":"13","GV":"13"},"77":{"XM":"13","WM":"13"},"MV":{"58":"13","66":"13","57":"13","77":"13","67":"13","68":"13"},"FM":{"8M":"13","C2":"13","9P":"13","93":"13","9M":"13","92":"13","8P":"13","C3":"13"},"5F":{"3C":"13","C7":"13"},"89":{"JC":"13","MC":"13"},"3H":{"QV":"13"},"5C":{"XX":"13"},"CJ":{"RF":"13","VF":"13","VC":"13","RC":"13"},"98":{"4C":"13","3C":"13"},"J2":{"8X":"13","8W":"13","8R":"13","CH":"13","CG":"13","9G":"13","9H":"13","7R":"13","CJ":"13","8Q":"13","9W":"13","7Q":"13","8P":"13"},"FJ":{"QF":"13","QG":"13"},"GM":{"9M":"13"},"23":{"86":"13","85":"13","75":"13","76":"13"},"MR":{"5W":"13","MF":"13","M9":"13","4V":"13","6W":"13","MC":"13","JF":"13","6V":"13","4W":"13","5V":"13","JG":"13","JC":"13"},"66":{"WH":"13","XH":"13","WJ":"13","XJ":"13"},"76":{"FR":"13","F5":"13","G4":"13","G5":"13","F4":"13","CR":"13"}},"XC":{"9C":{"Q9":"13"},"FP":{"83":"13","73":"13","72":"13"},"VM":{"WG":"13","GP":"13","W8":"13","FJ":"13","JM":"13","GQ":"13","MV":"13","CJ":"13"},"WF":{"5V":"13"},"XQ":{"2H":"13","3F":"13"},"R6":{"5R":"13","J4":"13","5V":"13"},"QV":{"42":"13","52":"13","43":"13","53":"13"},"6V":{"F2":"13","C2":"13"},"PR":{"X2":"13"},"8F":{"4X":"13","5X":"13"},"XM":{"7J":"13"},"Q2":{"24":"13"},"MG":{"49":"13","48":"13","27":"13"},"PQ":{"RV":"13","RW":"13","VV":"13","VW":"13"},"8Q":{"5G":"13","5H":"13"},"JF":{"HW":"13","2P":"13","2Q":"13","HV":"13"},"P2":{"HX":"13"},"8G":{"42":"13","G2":"13","52":"13"},"HG":{"H9":"13","HC":"13","G2":"13","F4":"13"},"CP":{"VC":"13"},"X9":{"25":"13","35":"13"},"5W":{"HR":"13","GR":"13","HV":"13","GV":"13"},"V2":{"24":"13"},"R4":{"46":"13","4M":"13"},"JG":{"RH":"13","XG":"13","X8":"13"},"HH":{"MX":"13","QG":"13","PG":"13"},"WJ":{"M2":"13","P2":"13"},"QR":{"37":"13"},"M3":{"PJ":"13","MM":"13","MJ":"13"},"W7":{"6G":"13"},"8V":{"P9":"13","2Q":"13"},"X7":{"52":"13","53":"13"},"9R":{"7V":"13"},"P3":{"C4":"13"},"HJ":{"32":"13","M2":"13"},"CQ":{"C4":"13"},"MF":{"8Q":"13","8P":"13"},"MR":{"86":"13","85":"13","75":"13","76":"13"}},"V2":{"Q4":{"33":"13"},"JM":{"25":"13"},"HM":{"VF":"13","WF":"13","WC":"13"}},"X6":{"HF":{"J7":"13","7H":"13","F5":"13","8G":"13","F4":"13","7J":"13","C5":"13"},"82":{"HJ":"13","HP":"13","GM":"13","GJ":"13","HM":"13"},"P4":{"MC":"13"},"92":{"7F":"13","6F":"13","29":"13","39":"13","38":"13","49":"13","6G":"13","48":"13","28":"13","7G":"13"},"WJ":{"FV":"13","FR":"13"},"WM":{"C5":"13","C6":"13","F6":"13","C9":"13","F8":"13","FC":"13","C8":"13","CC":"13","F5":"13"},"C3":{"75":"13"}},"W3":{"3G":{"M9":"13","J9":"13"},"4G":{"28":"13","27":"13"}},"VC":{"74":{"WH":"13","XH":"13","XJ":"13","WJ":"13"},"W8":{"26":"13","37":"13","27":"13"},"M4":{"7Q":"13","6Q":"13","6R":"13","47":"13","7R":"13","48":"13"},"V8":{"X7":"13"},"W6":{"73":"13","FC":"13","74":"13","FJ":"13","FM":"13","F9":"13"},"M5":{"CW":"13","FV":"13","FW":"13","57":"13","CV":"13"},"M6":{"JF":"13","JG":"13"},"W7":{"M5":"13","M4":"13"},"R6":{"V9":"13"},"V6":{"MF":"13","V3":"13","W3":"13","JF":"13","F5":"13","HC":"13"}},"R4":{"MG":{"CJ":"13"},"C6":{"78":"13","77":"13","4J":"13","5J":"13","6H":"13","4H":"13","7M":"13","6M":"13","5H":"13","5M":"13","5P":"13","4M":"13","6P":"13","6J":"13","7J":"13"},"3R":{"JV":"13","MR":"13","JR":"13"},"68":{"H4":"13"},"2C":{"6V":"13","9W":"13","9V":"13","6R":"13","8V":"13","6W":"13","7W":"13","7V":"13","7R":"13","8R":"13","8W":"13"},"2W":{"XH":"13","XJ":"13"},"3W":{"2J":"13","2H":"13"},"GG":{"5Q":"13","4Q":"13","5P":"13","4P":"13"},"Q2":{"FH":"13","6H":"13","R9":"13","6G":"13","6J":"13","Q9":"13"},"2F":{"Q8":"13","P9":"13","P8":"13","Q9":"13"},"2J":{"R8":"13","V8":"13"},"24":{"WX":"13","WW":"13"},"3J":{"2C":"13","2F":"13","3C":"13","3F":"13"},"4X":{"6W":"13"}},"Q5":{"W3":{"XG":"13","XH":"13","XJ":"13"},"X3":{"65":"13","2J":"13","2G":"13","66":"13","64":"13","2H":"13"},"W8":{"V7":"13","32":"13","33":"13"},"W9":{"W8":"13","W9":"13"}},"V7":{"9Q":{"X5":"13"},"7Q":{"6X":"13","6W":"13","7X":"13"},"7H":{"FV":"13","4X":"13","QR":"13","5X":"13","GR":"13","QV":"13","GV":"13"},"RJ":{"Q7":"13","3V":"13","HM":"13","3R":"13","R7":"13","MM":"13","H8":"13","JM":"13","JQ":"13","G8":"13","V7":"13","MP":"13","3Q":"13","4V":"13","JP":"13","HQ":"13","4R":"13","HP":"13","MQ":"13","4Q":"13"},"7R":{"62":"13"},"7J":{"83":"13","73":"13","72":"13","42":"13","82":"13","52":"13"},"RM":{"93":"13","C3":"13","C4":"13","94":"13"},"CQ":{"25":"13"},"C4":{"8V":"13","6W":"13","7W":"13","CQ":"13","7X":"13","CR":"13","8W":"13"}},"V4":{"JH":{"8H":"13","FR":"13","CQ":"13","MR":"13","FJ":"13","FQ":"13","RQ":"13","8J":"13","FV":"13","CH":"13","MQ":"13","RP":"13","9H":"13","9J":"13","CR":"13","CJ":"13","VP":"13"}},"V6":{"G3":{"72":"13","95":"13","C5":"13","94":"13"},"QG":{"2G":"13","2H":"13","3H":"13"},"PG":{"RW":"13","XG":"13","VW":"13","XH":"13","RX":"13","VX":"13"},"PH":{"H3":"13","H2":"13","J3":"13","H4":"13","G2":"13","G3":"13","J4":"13"},"3M":{"2H":"13"},"2M":{"XP":"13","XQ":"13"}},"R5":{"84":{"QH":"13","P5":"13","M5":"13","H4":"13","QG":"13","RH":"13","H5":"13","J4":"13","VH":"13","J5":"13"},"5P":{"QJ":"13","PJ":"13","PM":"13","RJ":"13"},"45":{"45":"13"},"6G":{"Q2":"13"},"6J":{"58":"13","59":"13"},"PF":{"CJ":"13","8Q":"13","CP":"13","CM":"13","9P":"13","4M":"13","9M":"13","8P":"13"},"78":{"7F":"13","7H":"13","7G":"13"},"5V":{"5Q":"13","6Q":"13","CP":"13","F8":"13","F9":"13"}},"W7":{"F2":{"J7":"13","RR":"13","VR":"13","M6":"13","X9":"13","WQ":"13","VP":"13","M7":"13","J6":"13","XC":"13","VQ":"13"},"9R":{"75":"13","65":"13","33":"13","47":"13","45":"13","66":"13","48":"13","44":"13","23":"13","76":"13","55":"13","54":"13"},"G2":{"29":"13","2C":"13","H8":"13","55":"13","45":"13"},"PR":{"C5":"13","5H":"13","94":"13","85":"13","95":"13","C4":"13","86":"13","96":"13"}},"W6":{"RW":{"6V":"13","6W":"13"},"4G":{"MX":"13","PX":"13"},"RX":{"34":"13","36":"13","44":"13","H2":"13","25":"13","46":"13","H3":"13","45":"13","35":"13","33":"13"},"4H":{"Q6":"13","P7":"13","P6":"13","Q7":"13"},"WC":{"GQ":"13","GR":"13"}},"W4":{"G8":{"FV":"13","FW":"13","GW":"13","GV":"13"}},"X7":{"9C":{"7V":"13"},"GX":{"5C":"13","59":"13","4C":"13","5F":"13"},"74":{"V4":"13","R4":"13","G5":"13","F4":"13","C3":"13","93":"13","C4":"13","F3":"13","R3":"13"},"XQ":{"CJ":"13","GP":"13","JF":"13","FG":"13","CH":"13","GM":"13","9J":"13","JG":"13","9H":"13"},"CF":{"4J":"13","4H":"13"},"FX":{"QJ":"13","QH":"13","M9":"13","MC":"13","RH":"13","P9":"13","PC":"13","RJ":"13"},"73":{"RV":"13","RR":"13"},"QP":{"27":"13"},"6R":{"52":"13","62":"13"},"PM":{"RV":"13","VV":"13"},"PP":{"RF":"13","QF":"13","QG":"13","RG":"13","F8":"13","F7":"13"},"P7":{"JC":"13","PP":"13","PQ":"13","CG":"13","CF":"13"},"6Q":{"GX":"13","HW":"13","GW":"13"}},"WC":{"QJ":{"J3":"13"},"QH":{"GX":"13","FW":"13","FX":"13","GW":"13"},"W8":{"MX":"13","PX":"13","PW":"13","MW":"13"},"5J":{"V7":"13","X6":"13"},"FP":{"MX":"13","VP":"13","V8":"13","MW":"13"},"PQ":{"34":"13","24":"13","33":"13"},"PJ":{"3J":"13"},"9Q":{"RV":"13","RW":"13","VV":"13","QR":"13","RR":"13","VR":"13","RQ":"13","QQ":"13","VQ":"13","PR":"13","QV":"13"},"7P":{"X5":"13"},"R6":{"6X":"13","4X":"13","4W":"13","5W":"13","5X":"13","6W":"13"},"Q6":{"VM":"13","RM":"13"},"72":{"88":"13","98":"13","97":"13","87":"13"},"9P":{"R8":"13","R9":"13","V9":"13"},"CR":{"7Q":"13","8Q":"13","7R":"13","8R":"13"},"8P":{"25":"13"}},"XG":{"R3":{"R5":"13","R4":"13"},"QQ":{"RF":"13","RG":"13","VG":"13","VF":"13","VM":"13","RM":"13","RC":"13","QC":"13"},"6C":{"V5":"13"}},"R8":{"9C":{"47":"13","57":"13"},"MG":{"VM":"13","VP":"13","WM":"13","WP":"13"},"R4":{"3V":"13","2X":"13","2V":"13"},"M3":{"GX":"13","HQ":"13","MP":"13","GW":"13"},"PG":{"FR":"13","CQ":"13","FQ":"13","CP":"13","FP":"13","5X":"13","9Q":"13","6V":"13","7V":"13","9P":"13","CR":"13"},"MF":{"MV":"13","JV":"13","JW":"13","MR":"13","JR":"13","MW":"13"},"CW":{"73":"13"},"8J":{"CJ":"13","FH":"13","FJ":"13"},"GR":{"7Q":"13","6R":"13","7R":"13"},"8C":{"W4":"13","RF":"13","RG":"13","V4":"13"},"9V":{"VJ":"13"},"PH":{"GP":"13","FM":"13","FP":"13","68":"13"},"8M":{"H8":"13","G8":"13"}},"R3":{"7F":{"55":"13","56":"13"},"JP":{"WV":"13"},"G7":{"2C":"13","2F":"13"},"FM":{"GF":"13","FC":"13","9R":"13","FF":"13","CR":"13","GC":"13"},"F7":{"XG":"13","XF":"13","XC":"13"},"JM":{"RF":"13"},"FP":{"83":"13","82":"13"}},"X2":{"GG":{"F2":"13"},"GF":{"GX":"13","FX":"13","MH":"13","MG":"13"}},"R2":{"QH":{"CJ":"13"},"M2":{"8M":"13","4J":"13","3J":"13","4H":"13","3H":"13"},"65":{"J3":"13","H5":"13","H4":"13","H3":"13","J4":"13","J5":"13"},"33":{"9W":"13","9V":"13"},"QF":{"5H":"13"},"3P":{"XC":"13"},"73":{"4P":"13"},"53":{"C2":"13","7V":"13","7R":"13","8R":"13","C3":"13"},"52":{"9V":"13","CV":"13"},"64":{"JP":"13","8G":"13","8H":"13","9J":"13","JQ":"13","9H":"13","9G":"13"},"RR":{"3X":"13"},"RV":{"4F":"13","32":"13","3G":"13","4G":"13","49":"13","3F":"13","48":"13"},"GH":{"QP":"13"}}}}