{"index":{"university,1|retail,2|tourism,3|wreck,4|historical,5|artsCulture,6|namedBuilding,7|water,8|wetland,9|park,10|beach,11|natureReserve,12|cemetery,13|trail,14":{}},"4P":{"VQ":{"XX":{"63":"13","73":"13","5C":"13","4F":"13","74":"13","64":"13","5F":"13"},"5W":{"2G":"13"},"9W":{"XX":"13"},"9V":{"58":"13","FG":"13","59":"13","68":"13"},"JX":{"QV":"13"},"PQ":{"WJ":"13","WM":"13"},"GQ":{"3J":"13","2J":"13","2H":"13","3H":"13","2M":"13"},"WQ":{"XP":"13","84":"13","WH":"13","XQ":"13","XM":"13","XH":"13","WJ":"13","XJ":"13","WQ":"13","WM":"13","WP":"13","94":"13"},"VQ":{"95":"13","C5":"13"},"PR":{"7G":"13","6G":"13","8H":"13","8G":"13","6H":"13","8J":"13","7H":"13","CH":"13","CG":"13","9G":"13","9H":"13","9J":"13","6J":"13","7J":"13","CJ":"13"},"FP":{"76":"13","5P":"13","6P":"13"}},"WV":{"9F":{"55":"13","45":"13"},"Q2":{"MF":"13","JF":"13","JC":"13","MC":"13"},"9P":{"J7":"13","J6":"13"},"96":{"JV":"13","JR":"13","HR":"13"}},"WR":{"4Q":{"7H":"13","8H":"13","49":"13","7J":"13","8J":"13"},"3X":{"4F":"13","4G":"13"},"42":{"FV":"13","CW":"13","FR":"13","9R":"13","9W":"13","9V":"13","FW":"13","CV":"13","CR":"13"},"WF":{"73":"13"},"9M":{"73":"13","84":"13","85":"13","75":"13","74":"13"},"35":{"WH":"13","XH":"13","WJ":"13","XJ":"13"},"PR":{"CM":"13","9J":"13","9M":"13"},"FF":{"55":"13","45":"13"}},"XQ":{"P3":{"69":"13","79":"13","78":"13"}},"VV":{"MV":{"HH":"13","JH":"13"},"CJ":{"6Q":"13"},"F3":{"FH":"13","FJ":"13"},"4W":{"99":"13","9C":"13"},"3J":{"8G":"13","9G":"13"},"35":{"54":"13","65":"13","64":"13","55":"13","53":"13"},"MR":{"7C":"13"}},"XW":{"36":{"JX":"13","P3":"13","P2":"13"},"37":{"J2":"13"}},"WW":{"R3":{"FV":"13","FR":"13","CV":"13","CR":"13"},"G7":{"69":"13","79":"13","6C":"13","7C":"13"},"F7":{"QG":"13","QH":"13"}},"PV":{"XV":{"JP":"13","MP":"13","MQ":"13","JQ":"13","MR":"13","JR":"13"}},"RQ":{"GP":{"8C":"13"},"HP":{"QV":"13"},"WW":{"73":"13","74":"13"},"MM":{"26":"13","48":"13","28":"13","27":"13"},"JM":{"V7":"13","X6":"13","W7":"13","X7":"13","V6":"13","X8":"13","W6":"13"},"98":{"3X":"13","3W":"13"},"22":{"M9":"13","M8":"13","J9":"13"},"89":{"9Q":"13","8Q":"13","9P":"13","8P":"13"},"6X":{"P9":"13","PC":"13","Q9":"13"},"XV":{"VV":"13"},"CR":{"6Q":"13","6P":"13"},"PP":{"PH":"13"},"2Q":{"47":"13","57":"13"},"FH":{"HH":"13","JH":"13","HG":"13","JG":"13"}},"QV":{"29":{"VJ":"13","WH":"13","VG":"13","WG":"13","WJ":"13","VH":"13"},"2W":{"CC":"13","99":"13","89":"13","9C":"13","C9":"13","8C":"13"},"PH":{"77":"13"},"JH":{"PC":"13","MC":"13"},"9M":{"49":"13","4C":"13"}},"VW":{"VC":{"R2":"13","V2":"13"},"F6":{"RF":"13","RG":"13"}},"VR":{"8M":{"6H":"13"},"73":{"MF":"13","MG":"13"},"VW":{"VM":"13","VP":"13"},"4C":{"MX":"13"},"M3":{"63":"13","73":"13","72":"13","62":"13"},"WW":{"2C":"13","2F":"13","3C":"13"},"5F":{"77":"13","78":"13"}},"WX":{"Q8":{"P7":"13","M8":"13","P8":"13","M7":"13"}},"WQ":{"5Q":{"WG":"13","QJ":"13","QH":"13","WH":"13","RG":"13","XH":"13","XJ":"13","XG":"13","XF":"13","RH":"13","WJ":"13","RJ":"13","VJ":"13","VH":"13"},"6Q":{"2F":"13","2J":"13","2G":"13","2H":"13"},"6V":{"75":"13","74":"13"},"3X":{"MF":"13","HF":"13","HH":"13","JF":"13","JH":"13","HG":"13","JJ":"13","MJ":"13","MH":"13","JG":"13","MG":"13"},"2G":{"3Q":"13","4Q":"13","2Q":"13","3R":"13","4P":"13"},"2R":{"H3":"13","P3":"13","M2":"13","M4":"13","H2":"13","M3":"13","J3":"13","F2":"13","H4":"13","G2":"13","G3":"13","P4":"13","J2":"13","J4":"13","G4":"13","F3":"13","P2":"13"},"2Q":{"GX":"13","HX":"13","FX":"13","HR":"13","GV":"13","FV":"13","GR":"13","JX":"13","HV":"13","GW":"13","JW":"13","JV":"13","FW":"13","MX":"13","HW":"13"},"2V":{"VJ":"5","WH":"5","VG":"5","WG":"5","VH":"5"}},"RR":{"XV":{"CX":"13"},"24":{"RC":"13"},"XH":{"C5":"13"},"MP":{"5J":"13","5H":"13"},"J4":{"WH":"13","XM":"13","XH":"13","WJ":"13","XJ":"13"},"43":{"CP":"13","CQ":"13"}},"XR":{"PJ":{"8X":"13"},"PM":{"82":"13"},"3P":{"XJ":"13","WJ":"13"}},"RV":{"54":{"GX":"13"},"MM":{"RF":"13","RG":"13","VG":"13","VF":"13"},"5J":{"2C":"13","2F":"13"},"8G":{"MV":"13","MX":"13","JV":"13","JW":"13","JX":"13","MW":"13"},"M8":{"QG":"13","PG":"13","QH":"13","PH":"13"},"55":{"F2":"13","G3":"13","F3":"13","G2":"13"}},"QX":{"H9":{"QJ":"13","QH":"13"}},"QR":{"P5":{"W2":"13","W3":"13"},"Q5":{"JX":"13"},"Q6":{"J2":"13"},"2P":{"CW":"13"},"P4":{"XV":"13","XQ":"13","WR":"13","XR":"13","WQ":"13"},"G2":{"WQ":"13","VP":"13","VQ":"13","WP":"13"}},"RX":{"W2":{"86":"13","97":"13","96":"13"}},"RW":{"R3":{"FH":"13"},"3V":{"3P":"13","3M":"13"},"32":{"36":"13","37":"13"},"F5":{"22":"13"},"F4":{"2X":"13"},"VC":{"XP":"13","WP":"13"},"C5":{"X2":"13"},"C4":{"XX":"13"}}}}