{"index":{"university,1|retail,2|tourism,3|wreck,4|historical,5|artsCulture,6|namedBuilding,7|water,8|wetland,9|park,10|beach,11|natureReserve,12|cemetery,13|trail,14":{}},"4Q":{"X3":{"7F":{"63":"13","83":"13","73":"13","72":"13","42":"13","74":"13","64":"13","52":"13","53":"13","62":"13"},"6Q":{"MX":"13","PX":"13","PW":"13","MW":"13"},"9H":{"CQ":"13"},"5F":{"VV":"13","WV":"13","VR":"13","WR":"13","WW":"13"},"7C":{"6X":"13","5X":"13"}},"MX":{"5R":{"4X":"13","4W":"13","3X":"13","3W":"13"},"5V":{"42":"13"}},"RQ":{"XF":{"39":"13","38":"13","49":"13","48":"13"},"92":{"H5":"13","G5":"13","G6":"13","H6":"13"},"VH":{"77":"13","67":"13"},"CQ":{"C2":"13","92":"13"}},"PV":{"XH":{"MX":"13","JX":"13","3R":"13","C4":"13"},"9J":{"3Q":"13","4Q":"13","3G":"13","3H":"13"},"7W":{"HC":"13","GC":"13"},"XJ":{"J2":"13","M2":"13"},"XC":{"V2":"13"},"WP":{"CW":"13","FV":"13","FW":"13","CV":"13"}},"RX":{"25":{"7Q":"13","8Q":"13"},"23":{"4F":"13","8G":"13","5G":"13","4G":"13","5F":"13","7G":"13"},"3H":{"HH":"13","JH":"13"},"43":{"H9":"13"},"3F":{"GC":"13"}},"RV":{"GX":{"RF":"13","RG":"13"},"5R":{"MQ":"13","JQ":"13"},"4X":{"HQ":"13","HR":"13"},"XX":{"XP":"13","XM":"13","WM":"13","WP":"13"},"3P":{"26":"13","36":"13","25":"13","35":"13"},"3J":{"5C":"13","69":"13","59":"13","6C":"13"},"9W":{"JH":"13","JJ":"13","MJ":"13","MH":"13"},"XH":{"69":"13","58":"13","59":"13","68":"13","78":"13"},"RX":{"6V":"13","6R":"13","6W":"13","7W":"13","7V":"13","7R":"13"}},"VM":{"VM":{"8G":"13","8F":"13"}},"VW":{"G6":{"G3":"13","F3":"13"},"HH":{"42":"13"},"Q4":{"9M":"13"},"2V":{"82":"13","92":"13"},"J3":{"X6":"13","W6":"13"},"3M":{"H2":"13","G2":"13"},"83":{"FW":"13","GW":"13","GV":"13"},"F8":{"RX":"13"},"5G":{"4Q":"13","4P":"13"},"94":{"63":"13","52":"13","53":"13","62":"13"},"F9":{"R2":"13"},"CH":{"MF":"13","PF":"13"},"V7":{"G7":"13","G6":"13"},"52":{"57":"13","56":"13"},"7F":{"FH":"13","CH":"13"},"56":{"83":"13","73":"13","84":"13","74":"13","82":"13"},"49":{"P2":"13"},"J2":{"WR":"13"},"3J":{"GX":"13","HX":"13"},"7J":{"49":"13","48":"13"},"2G":{"WH":"13","XH":"13"},"2R":{"9X":"13","8X":"13"}},"QV":{"PV":{"C9":"13","F9":"13"},"6V":{"H5":"13","H4":"13","J5":"13"},"XV":{"F8":"13","C9":"13","C7":"13","C8":"13"},"6H":{"84":"13","85":"13","95":"13","94":"13"},"PQ":{"V4":"13","J8":"13","V5":"13"},"2C":{"62":"13"},"QW":{"89":"13"},"HG":{"H4":"13"},"JM":{"MF":"13","JF":"13","MH":"13","JG":"13","MG":"13"},"RR":{"CW":"13","FW":"13"},"3Q":{"JV":"13","JR":"13"},"8P":{"2R":"13","3R":"13"},"PX":{"2H":"13","3H":"13"},"WH":{"GP":"13","GM":"13","FM":"13","GQ":"13","FP":"13"},"GF":{"6V":"13","6W":"13","7W":"13","7V":"13"},"HW":{"G4":"13","G5":"13"},"HJ":{"93":"13","C3":"13"}},"PR":{"6J":{"XJ":"3"}},"WR":{"RR":{"8M":"13"}},"VP":{"7F":{"82":"13","92":"13"},"HG":{"PJ":"13","PM":"13"},"56":{"X4":"13"},"7R":{"RQ":"13","QP":"13","RP":"13","QQ":"13"}},"RP":{"GW":{"7F":"13"}},"QW":{"8V":{"HP":"13","HM":"13"},"VM":{"5Q":"13"},"5V":{"QR":"13"},"4X":{"G9":"13","F8":"13","G8":"13","F9":"13"},"5X":{"G8":"13","G7":"13"},"H8":{"3P":"13","2P":"13"},"5Q":{"C9":"13","C8":"13","F9":"13"},"3V":{"2H":"13"},"5R":{"HJ":"13","GM":"13","WX":"13","WW":"13","GJ":"13"},"XR":{"P7":"13","Q7":"13"},"GR":{"XF":"13"},"3M":{"MF":"13","VG":"13"},"9V":{"XJ":"13"},"JX":{"H4":"13","H3":"13"},"6M":{"Q3":"13","Q2":"13","P3":"13","P2":"13"},"RC":{"QF":"13","RF":"13","R9":"13","RC":"13","QC":"13"},"CP":{"FV":"13","FR":"13","9R":"13","CV":"13","CQ":"13","CR":"13"},"FX":{"F3":"13","H8":"13","82":"13","G8":"13","G7":"13","92":"13","H7":"13","F4":"13"},"6J":{"GP":"13","W2":"5","QW":"13","GQ":"13","PW":"13","FP":"13"},"4W":{"3V":"13"},"WQ":{"GP":"13","GM":"13"},"CM":{"WR":"13"},"3W":{"M4":"13"},"PQ":{"VM":"13","VP":"13"},"4G":{"HF":"13","HH":"13","GG":"13","GF":"13","HG":"13","JG":"13","5V":"13","W6":"13"},"3H":{"Q8":"13","7M":"13","6M":"13","9M":"13","8J":"13","Q7":"13","7P":"13","9J":"13","9P":"13","8M":"13","7J":"13","8Q":"13","7Q":"13","8P":"13"},"GW":{"7H":"5","VG":"13","WG":"13"},"FW":{"8X":"13"},"4J":{"V4":"13","8V":"13","V5":"13","R4":"13","57":"13","R5":"13","65":"13","47":"13","53":"13","V7":"13","64":"13","R6":"13","R7":"13","Q6":"13","Q5":"13","V6":"13","63":"13","55":"13","54":"13"},"RR":{"JH":"13","WF":"13"},"7Q":{"J9":"13"},"CW":{"6H":"13","6G":"13"},"FV":{"GC":"13"},"CG":{"29":"13","39":"13","28":"13"},"2J":{"7F":"13","76":"13","89":"13","QW":"13","8C":"13","7C":"13"},"FP":{"GH":"13"},"JC":{"57":"13"},"XV":{"7H":"13","PC":"13","7J":"13","MC":"13"},"2R":{"68":"13"},"CV":{"2X":"13"},"2H":{"3Q":"13","3V":"13","4Q":"13","3P":"13","3G":"13","2P":"13","4R":"13","2R":"13","3M":"13","2Q":"13","2M":"13","2V":"13","3R":"13"},"HR":{"2F":"13"},"7X":{"X4":"13"},"3J":{"XV":"13","WV":"13","WW":"13","XW":"13","HR":"13"},"R4":{"MX":"13","MW":"13"},"VX":{"33":"13"},"HP":{"85":"13"},"W2":{"VF":"13","VC":"13"},"PG":{"FQ":"13","CP":"13","CQ":"13"},"4H":{"8M":"13","7M":"13","9J":"13","9M":"13","7J":"13","8J":"13"},"RV":{"F8":"13"},"9J":{"5R":"13","5V":"13"},"MP":{"6R":"13","7R":"13"},"VH":{"5C":"13","5F":"13"},"4Q":{"52":"13"},"CQ":{"47":"13","48":"13"},"6P":{"FJ":"13","GM":"13","GJ":"13"},"QP":{"QX":"13"},"2P":{"HQ":"13","RP":"13","VP":"13"},"JM":{"XV":"13","C6":"13","97":"13","XR":"13","C7":"13","96":"13"},"3P":{"CJ":"13","FJ":"13"},"VV":{"GG":"13","FH":"13","FG":"13","57":"13","GH":"13"},"5M":{"4W":"13"},"XP":{"93":"13"},"2V":{"JM":"13"},"MV":{"CW":"13","CX":"13"},"5W":{"JX":"13"},"4V":{"8M":"13","7M":"13","7P":"13","8P":"13"},"8J":{"9P":"13","8P":"13"}},"QQ":{"9F":{"JP":"13","HP":"13"},"9V":{"JC":"13","M9":"13","J9":"13"},"PQ":{"F2":"13","G3":"13","F3":"13","G2":"13"},"7V":{"C3":"13","C4":"13"},"7R":{"RV":"13","RW":"13","VV":"13","VW":"13"},"CV":{"5J":"13","5M":"13","6M":"13","6J":"13","7J":"13"}},"VV":{"FR":{"MF":"13","PG":"13","PF":"13","MG":"13"},"GP":{"FV":"13","FR":"13","FW":"13","GW":"13","GR":"13","HV":"13","GV":"13"},"GQ":{"7M":"13","7P":"13","6M":"13","6P":"13","6J":"13","7J":"13"}},"WW":{"29":{"29":"13","2C":"13"},"59":{"7R":"13"},"FJ":{"R7":"13"},"3C":{"XG":"13","WH":"13","WG":"13","XH":"13"},"WM":{"2J":"13","2H":"13"},"78":{"5Q":"13","5R":"13","4Q":"13","4R":"13"}},"PW":{"FJ":{"63":"13","52":"13","53":"13","62":"13"},"VM":{"84":"13","94":"13"},"PW":{"J2":"13","M2":"13","M3":"13","P3":"13","P2":"13"},"FQ":{"X2":"13"},"C6":{"M6":"13"},"XQ":{"H2":"13","H3":"13","J2":"13","G2":"13"},"XR":{"32":"13","42":"13","43":"13","33":"13"},"PH":{"F3":"13","F5":"13","F4":"13"},"RG":{"F3":"13","C2":"13","C3":"13"},"G9":{"H5":"13"},"JJ":{"X6":"13"},"XH":{"XP":"13","XM":"13"},"XG":{"MF":"13","JF":"13","X9":"13","WC":"13","W9":"13","XC":"13","MG":"13"},"QG":{"JV":"13"},"PQ":{"38":"13","28":"13"},"VG":{"MF":"13","JF":"13","PP":"13","PF":"13"},"RR":{"MW":"13"},"XW":{"86":"13","85":"13"},"WM":{"MV":"13","QG":"13","PG":"13","MW":"13"},"XV":{"82":"13"},"RQ":{"88":"13"},"HX":{"W5":"13","V6":"13","W6":"13","V5":"13"},"PF":{"JM":"13"},"GX":{"93":"13"},"CJ":{"H2":"13"},"GQ":{"W4":"13","V3":"13","V4":"13","W3":"13","22":"13"},"RF":{"9R":"13"},"WH":{"F2":"13","G2":"13","F7":"13"},"CH":{"HX":"13"},"FM":{"VV":"13","GG":"13","VR":"13"},"WV":{"P9":"13","P8":"13","PC":"13","MC":"13","Q9":"13"},"F9":{"VW":"13"},"VV":{"QH":"13"},"QX":{"M9":"13","P9":"13"},"XP":{"GX":"13","HX":"13","JX":"13"},"XJ":{"4G":"13","4H":"13"},"JF":{"57":"13"},"PV":{"MX":"13","JX":"13"}},"RR":{"G5":{"JQ":"13","JR":"13"},"3H":{"RH":"13","RG":"13","VG":"13","VF":"13","VH":"13"},"RC":{"XG":"13","XF":"13"},"8W":{"F6":"13","G6":"13"},"7G":{"P5":"13","Q5":"13","Q6":"13","P6":"13"}},"WM":{"32":{"CJ":"13","FH":"13","CH":"13","FJ":"13"}},"JX":{"RQ":{"J2":"13","M2":"13"}},"XX":{"R7":{"GM":"13"}},"WJ":{"37":{"XV":"13","XR":"13"},"2C":{"G5":"13"}},"QR":{"J3":{"RX":"13"},"P4":{"6W":"13","7W":"13"},"V8":{"9R":"13"}},"R5":{"9V":{"H4":"13","J6":"13"}},"XW":{"5C":{"Q3":"13"},"W7":{"V6":"13","V5":"13"}},"QX":{"G2":{"5C":"13","2W":"13","59":"13","49":"13","4C":"13"},"62":{"CW":"13"},"63":{"J4":"13","M4":"13","J5":"13"},"83":{"7Q":"13","6Q":"13"},"74":{"HH":"13"},"V3":{"FC":"13","F9":"13"},"RX":{"5M":"13","5P":"13","6M":"13","6P":"13"},"XQ":{"46":"13","55":"13","45":"13"},"R6":{"WJ":"13"},"8F":{"26":"13","36":"13","25":"13","35":"13","F4":"13"},"H4":{"RJ":"13","RM":"13"},"XM":{"M5":"13","J4":"13","M4":"13","J5":"13"},"CH":{"HW":"13","JW":"13","HX":"13","JX":"13"},"87":{"XM":"13","XJ":"13"},"37":{"GX":"13","FW":"13","FX":"13","GW":"13"},"V5":{"33":"13"},"V9":{"H5":"13","F4":"13"},"2R":{"7F":"13","8F":"13","8C":"13","7C":"13"},"H3":{"82":"13"},"MJ":{"7F":"13","6F":"13"},"F2":{"XW":"13"},"V2":{"PG":"13","PH":"13"},"W3":{"63":"13","G3":"13","62":"13"},"C7":{"FV":"13","GV":"13"},"W4":{"2W":"13"},"73":{"JJ":"13"},"F6":{"FW":"13"},"8M":{"C2":"13","C3":"13"},"RW":{"JJ":"13","JM":"13"},"6G":{"RR":"13"},"R3":{"GX":"13","HW":"13","FW":"13","GW":"13"},"66":{"W8":"13"},"JJ":{"Q8":"13","Q7":"13"}},"VX":{"CH":{"66":"13"},"PC":{"3F":"13"}},"PX":{"8V":{"54":"13","55":"13"},"VV":{"XP":"13","XQ":"13"},"P3":{"43":"13","33":"13"},"F4":{"RH":"13","QG":"13","RG":"13","QH":"13"},"QF":{"83":"13","84":"13","85":"13"},"V3":{"J2":"13"},"R2":{"WF":"13","WG":"13"},"MC":{"F2":"13","G3":"13","F3":"13","G2":"13"},"V7":{"F5":"13","G5":"13","F6":"13","G6":"13"},"89":{"82":"13","93":"13","92":"13"},"V6":{"GQ":"13","GR":"13"},"MX":{"24":"13"}},"VQ":{"44":{"RW":"13","RX":"13"}},"RW":{"P9":{"32":"13","42":"13","43":"13","33":"13"},"FP":{"QR":"13","PV":"13","PR":"13","QV":"13"},"5Q":{"GP":"13","FP":"13"},"VW":{"5G":"13","5H":"13"},"C6":{"RQ":"13","RP":"13","VP":"13","VQ":"13"},"8W":{"5W":"13","6W":"13"},"QV":{"6V":"13"},"35":{"34":"13","25":"13","24":"13","35":"13"},"6J":{"54":"13"},"C4":{"2W":"13","2V":"13"},"2R":{"57":"13"},"46":{"X2":"13"},"5H":{"4X":"13"},"CF":{"92":"13"},"8C":{"FQ":"13","FP":"13"},"GJ":{"5J":"13","5M":"13","6M":"13","6J":"13"},"7C":{"J7":"13","J8":"13"},"56":{"22":"13"},"2M":{"J3":"13","J4":"13","M4":"13","M3":"13"},"H8":{"69":"13"},"5J":{"42":"13","52":"13","43":"13","53":"13"},"XC":{"3P":"13","28":"13","4P":"13","27":"13"},"J9":{"HW":"13","JV":"13","JW":"13","HV":"13"},"94":{"XV":"13","XW":"13"},"XP":{"9Q":"13","9P":"13"},"R4":{"G5":"13"},"QH":{"RW":"13","RX":"13"},"5F":{"FV":"13"},"3J":{"HQ":"13","GQ":"13","HR":"13","GR":"13"},"HV":{"WV":"13"},"2V":{"6J":"13"},"J6":{"VG":"13","VF":"13","WF":"13","WG":"13","VC":"13","WC":"13"},"X7":{"5C":"13","4F":"13","4C":"13"},"54":{"98":"13","97":"13","C7":"13","C8":"13"},"4V":{"6R":"13"},"F6":{"3G":"13","4G":"13"},"3G":{"H9":"13","JC":"13","HC":"13","J9":"13"},"4J":{"8M":"13","7M":"13","8J":"13"},"WC":{"X7":"13","X8":"13"},"QJ":{"Q4":"13","P5":"13","Q5":"13","P4":"13"},"RF":{"G9":"13","FC":"13","F9":"13","GC":"13"},"R8":{"76":"13","66":"13","77":"13","67":"13"},"67":{"FG":"13","CG":"13","FF":"13","CF":"13"},"3P":{"J8":"13","M8":"13"}},"R3":{"5R":{"X2":"13"},"4V":{"V7":"13","X6":"13","W7":"13","X7":"13","W6":"13"}},"X2":{"QX":{"52":"13","62":"13"}}}}