{"index":{"university,1|retail,2|tourism,3|wreck,4|historical,5|artsCulture,6|namedBuilding,7|water,8|wetland,9|park,10|beach,11|natureReserve,12|cemetery,13|trail,14":{}},"4R":{"J6":{"8X":{"34":"13","44":"13","32":"13","23":"13","42":"13","24":"13","45":"13","35":"13","43":"13","F4":"13","33":"13","22":"13"},"PW":{"4J":"13","3J":"13","2J":"13","3M":"13","4M":"13","2H":"13","3H":"13"},"5V":{"P5":"13","M5":"13","M6":"13","P7":"13","P6":"13","M7":"13","J6":"13","J5":"13"},"G8":{"F5":"13","G4":"13","G5":"13","F4":"13"},"5P":{"FC":"13","F9":"13"},"C6":{"2Q":"13"},"24":{"QJ":"13","PJ":"13"},"PP":{"5R":"13","4Q":"13","4R":"13"},"H7":{"CX":"5"},"5R":{"FF":"13","9C":"13","FG":"13","9F":"13","CF":"13","C9":"13","FC":"13","C8":"13","98":"13","99":"13","CC":"13","CG":"13","9G":"13"},"R9":{"3J":"13","2J":"13","3M":"13","2M":"13"},"W5":{"4X":"13","4W":"13"},"9V":{"29":"13"},"QF":{"C6":"13","F5":"13","F4":"13","F6":"13","C5":"13"},"X6":{"5W":"13"},"M5":{"5C":"13","59":"13","49":"13","4C":"13"},"HJ":{"97":"13","C7":"13"},"CP":{"5J":"13","5M":"13","6H":"13","6J":"13","5H":"13"},"FX":{"93":"13","94":"13"},"7W":{"XX":"13","XW":"13"},"JG":{"XP":"13","WM":"13","WP":"13"},"Q4":{"73":"13","74":"13"},"V6":{"24":"13"},"GH":{"3Q":"13","4Q":"13","3P":"13","4P":"13"},"V3":{"HQ":"13","JQ":"13","JR":"13","HR":"13"},"W3":{"V3":"13","W2":"13","W3":"13","V2":"13"},"83":{"35":"13"},"6X":{"78":"13","77":"13","57":"13","58":"13","68":"13","59":"13","47":"13","66":"13","48":"13","56":"13","49":"13","69":"13","79":"13","67":"13"},"W7":{"8G":"13","8H":"13","8F":"13"},"MC":{"G9":"13","GC":"13"},"C4":{"76":"13","66":"13","77":"13","67":"13"},"W4":{"HW":"13","HV":"13"},"R2":{"JR":"13"},"8H":{"FH":"13","FJ":"13","GH":"13","GJ":"13"},"94":{"62":"13"},"7X":{"V4":"13","V5":"13","Q4":"13","R4":"13","W5":"13","P3":"13","M2":"13","R5":"13","P6":"13","P5":"13","M4":"13","4J":"13","M3":"13","5J":"13","J3":"13","W6":"13","4H":"13","M5":"13","V3":"13","W4":"13","X2":"13","M6":"13","5M":"13","J6":"13","W3":"13","P4":"13","R6":"13","Q6":"13","4M":"13","J2":"13","X4":"13","Q5":"13","J4":"13","V6":"13","X3":"13","Q3":"13","R3":"13","J5":"13","P2":"13"},"HX":{"PQ":"13","QQ":"13"},"P2":{"QR":"13","QQ":"13"},"53":{"7M":"13","6M":"13","6J":"13","7J":"13"},"7V":{"F2":"13","F3":"13","C2":"13","93":"13","92":"13","F4":"13","C3":"13","C4":"13","94":"13"},"HH":{"H9":"13","H8":"13"},"P7":{"C4":"13"},"PG":{"39":"13","38":"13","49":"13","48":"13"},"W6":{"42":"13","MQ":"13","JQ":"13","MR":"13","JR":"13"},"HV":{"WV":"13","WR":"13"},"HM":{"36":"13","37":"13"},"4M":{"4F":"13","5G":"13","4G":"13","5H":"13","5F":"13"},"8C":{"69":"13","58":"13","59":"13","79":"13","68":"13"},"8W":{"3V":"13","3R":"13","2W":"13","3X":"13","3W":"13","4V":"13","2X":"13","7P":"13","4R":"13","4W":"13","8Q":"13","4X":"13","7Q":"13"},"V7":{"54":"13","65":"13","66":"13","55":"13","56":"13"},"VV":{"W4":"13","W5":"13"},"J8":{"39":"13"},"9R":{"7H":"13","6H":"13","6J":"13","7J":"13"},"R5":{"R9":"13","RC":"13"},"J3":{"VJ":"13","RJ":"13"},"4V":{"XG":"5","VJ":"5","WH":"5","WG":"5","XH":"5","WJ":"5","XJ":"5"},"8F":{"8M":"13","8P":"13"},"V8":{"QG":"13","JV":"13","HR":"13","HV":"13"}},"M5":{"34":{"W8":"13","V8":"13"},"7W":{"3Q":"13","4Q":"13","3R":"13"},"5Q":{"QW":"5","PW":"5"},"38":{"CH":"13","CG":"13"},"VW":{"9Q":"13","FQ":"13","CP":"13","9P":"13","CQ":"13","FP":"13"},"6M":{"HF":"13","GG":"13","GF":"13","HG":"13"},"2X":{"8M":"13","8J":"13"},"6H":{"55":"13","56":"13"},"6R":{"VM":"13","VP":"13","WM":"13","WP":"13"},"5P":{"6F":"13","5C":"13","29":"13","59":"13","5F":"13","6C":"13","28":"13"},"28":{"4J":"13","5J":"13","5M":"13","4M":"13"},"4P":{"X9":"13","X8":"13"},"RG":{"GP":"13","GQ":"13"},"9W":{"RW":"13","QX":"13","RX":"13","QW":"13"},"H7":{"65":"13","66":"13","55":"13","56":"13"},"PM":{"3Q":"13","3V":"13","2R":"13","2Q":"13","2V":"13","3R":"13"},"P8":{"QJ":"13","PJ":"13","QH":"13","PH":"13"},"MP":{"29":"13","39":"13","38":"13","28":"13"},"V6":{"WV":"13","WR":"13"},"QR":{"54":"13","44":"13"},"CV":{"FV":"13","FR":"13","GR":"13","GV":"13"},"J2":{"63":"13","52":"13","53":"13","62":"13"},"GX":{"QX":"13","PX":"13"},"8P":{"X4":"13"},"3F":{"34":"13","44":"13","45":"13","35":"13"},"4V":{"9F":"13","8F":"13","9C":"13","8C":"13"},"97":{"CJ":"13","FH":"13","FJ":"13","FM":"13"},"HJ":{"MM":"13","MP":"13"},"67":{"2W":"13","2V":"13"},"2P":{"63":"13","64":"13"}},"M8":{"VM":{"Q8":"13","P9":"13","P8":"13","Q9":"13"},"FQ":{"63":"13","53":"13","62":"13"},"62":{"XX":"13","WX":"13"},"F3":{"PQ":"13","QQ":"13"},"QF":{"G9":"13","F9":"13"},"J7":{"GX":"13","HX":"13","FR":"13","HR":"13","GV":"13","FV":"13","GR":"13","GQ":"13","HV":"13","GW":"13","HQ":"13","HW":"13"},"CP":{"XG":"5","XH":"5"},"X4":{"G3":"13","G4":"13"},"MR":{"WX":"13"},"F7":{"2G":"13"},"X9":{"VJ":"13","VM":"13","WJ":"13","HR":"13"},"X2":{"G7":"13","F7":"13","G6":"13"},"GH":{"JP":"13"},"HC":{"6Q":"13","6P":"13"},"FP":{"2H":"5"},"MG":{"M9":"13","M8":"13"},"XV":{"2W":"13","3X":"13","2X":"13","2V":"13","3W":"13"},"7X":{"88":"13","87":"13","77":"13","78":"13"},"WW":{"RH":"13","QF":"13","QG":"13","RG":"13","PG":"13","QH":"13","PF":"13"},"C2":{"86":"13","87":"13"},"XX":{"2P":"13","2M":"13"},"63":{"W2":"13","X2":"13"},"VH":{"3V":"13","4R":"13","3R":"13","4V":"13"},"WV":{"XX":"13","XW":"13"},"MM":{"3Q":"13","3V":"13","4R":"13|5","3R":"13","4V":"13"},"M3":{"8M":"13","8J":"13"},"XC":{"63":"13","62":"13"},"8C":{"F8":"13","C9":"13","C8":"13","F9":"13"},"C7":{"XG":"13"},"VV":{"P9":"13","PC":"13","Q9":"13","QC":"13"},"JF":{"5M":"13","5P":"13","6M":"13","6P":"13"},"RH":{"M9":"13","P9":"13","PC":"13"},"MV":{"W2":"13","W3":"13","X2":"13"},"JP":{"3X":"13","3W":"13"}},"WH":{"G5":{"GP":"13","GM":"13"},"FM":{"MX":"13","PX":"13"},"2V":{"J7":"13","J8":"13"},"FP":{"M2":"13","P2":"13"},"37":{"5M":"13"},"9Q":{"3V":"13"},"24":{"5G":"13","5H":"13"},"G4":{"9J":"13","9M":"13"},"X3":{"HH":"13","GG":"13","HG":"13","GH":"13"}},"PG":{"MF":{"69":"13","79":"13","6C":"13","7C":"13"},"V3":{"HJ":"13","QP":"13","PP":"13","GJ":"13"},"75":{"HH":"13","HG":"13"},"64":{"5Q":"13","5P":"13"},"45":{"RQ":"13"},"PC":{"GJ":"13"},"35":{"R6":"13"},"RM":{"JP":"13"},"33":{"GG":"13","GF":"13"},"QC":{"8M":"13","8J":"13"}},"XG":{"JP":{"8X":"13","7X":"13"},"26":{"8V":"13","7W":"13","7V":"13","8W":"13"},"2C":{"4X":"13","4W":"13"},"72":{"VM":"13","WM":"13"},"JH":{"8X":"13"},"82":{"VR":"13"},"JJ":{"82":"13"},"3R":{"FR":"13"}},"J2":{"5Q":{"62":"13","4P":"13","4Q":"13","5M":"13","73":"13","5P":"13","82":"13","4M":"13","72":"13","5Q":"13"},"99":{"HJ":"13","GM":"13","GJ":"13","HM":"13"},"CP":{"J3":"13","H4":"13","H3":"13","J4":"13"},"8F":{"9F":"13"},"5P":{"6X":"13","8X":"13","7X":"13"},"G2":{"GX":"13","HW":"13","HX":"13","GW":"13"},"JR":{"MR":"13"}},"P7":{"MM":{"3V":"13","2W":"13","2V":"13","3W":"13"},"2X":{"6X":"13","6W":"13","7W":"13","7X":"13"},"2P":{"P7":"13","P8":"13"},"5H":{"HF":"13","HG":"13","JG":"13"},"9H":{"38":"13","37":"13","28":"13","27":"13"}},"H7":{"V4":{"3P":"13","2P":"13","3M":"13","2M":"13"},"8V":{"J7":"13","H7":"13","H6":"13"},"X8":{"VP":"13","VQ":"13"},"WR":{"4W":"13","5W":"13","5X":"13","5V":"13","4V":"13"},"W5":{"QW":"13","MP":"13","HP":"13","QM":"13","MR":"13","QQ":"13","PV":"13","MM":"13","MW":"13","QV":"13","PQ":"13","JM":"13","HM":"13","JP":"13","PR":"13","MQ":"13","QP":"13","JQ":"13","QR":"13","PM":"13","PW":"13","MV":"13","MX":"13","HQ":"13","PX":"13","PP":"13"},"CF":{"RV":"13","QR":"13","RR":"13","QV":"13"},"X6":{"X7":"13","X8":"13"},"W6":{"QJ":"13","QH":"13","MG":"13","M2":"13","MJ":"13","PG":"13","MF":"13","QF":"13","PF":"13","PJ":"13","QG":"13","JF":"13","PH":"13","JG":"13","MH":"13","JH":"13","P2":"13"},"WP":{"88":"13","89":"13"},"XH":{"98":"13"},"X9":{"G3":"13","F3":"13","G4":"13","F4":"13"},"FQ":{"QG":"13","PG":"13","QH":"13","PH":"13"},"HR":{"CW":"13","9X":"13","9W":"13","CX":"13"},"MM":{"57":"13"},"M6":{"W7":"13","X7":"13","W8":"13"},"J8":{"MV":"13","MR":"13"},"J6":{"G6":"13"},"G2":{"J7":"13","J8":"13","H8":"13"},"VR":{"HJ":"13","HH":"13","GH":"13","GJ":"13","HM":"13"},"F9":{"CJ":"13","FH":"13","CH":"13","FJ":"13"},"V7":{"QF":"13","PC":"13","PF":"13","QC":"13"},"MQ":{"36":"13"},"HV":{"C2":"13","92":"13"},"RV":{"XX":"13","WX":"13","WW":"13","XW":"13"},"GW":{"8Q":"13","8P":"13"},"9H":{"HJ":"13","JJ":"13","JM":"13","HM":"13"},"PH":{"CJ":"13","CM":"13","FM":"13"},"JG":{"3Q":"13","4Q":"13","4R":"13","3R":"13"},"9P":{"F8":"13","F9":"13"},"WC":{"VX":"13"},"G7":{"J7":"13","H7":"13","J6":"13","H6":"13"},"4X":{"VW":"13"},"WF":{"V2":"13"},"RW":{"XP":"13","XM":"13","WJ":"13","XJ":"13","WM":"13"},"J5":{"WR":"13","WQ":"13","WP":"13"},"HF":{"7M":"13","7P":"13"},"P2":{"VJ":"13","VM":"13","RP":"13","VP":"13","RM":"13"}},"JF":{"GM":{"75":"13","65":"13","66":"13"},"QW":{"32":"13"},"WW":{"R5":"13","R6":"13","V6":"13"},"FP":{"2Q":"13"},"C5":{"M6":"13","P7":"13","P6":"13","M7":"13"}},"VJ":{"63":{"7J":"13"},"RF":{"MV":"13","PV":"13","PW":"13","MW":"13"},"73":{"CH":"13"},"Q8":{"RF":"13","RC":"13"},"85":{"P3":"13","P2":"13"},"JC":{"75":"13","76":"13","66":"13"},"HC":{"RX":"13"},"W7":{"HF":"13","HC":"13","GC":"13"},"WC":{"9F":"13","CG":"13","9G":"13","CF":"13"},"J6":{"26":"13","36":"13","25":"13","35":"13"}},"F5":{"VW":{"P7":"13"}},"XJ":{"H8":{"VV":"13","WV":"13","VR":"13","WR":"13"},"P5":{"93":"13","92":"13"},"H2":{"75":"13","74":"13"},"8R":{"RV":"13","RW":"13"},"5G":{"M2":"13"},"JP":{"R8":"13","R9":"13","V9":"13"},"WX":{"JH":"13"},"5F":{"MX":"13","JX":"13","PX":"13","PW":"13","MW":"13"},"7W":{"J7":"13","J8":"13","M8":"13","M7":"13"},"HV":{"6X":"13"},"X4":{"72":"13"},"GW":{"HR":"13","GR":"13"},"5V":{"FG":"13","FF":"13"},"X3":{"G7":"13","H7":"13","7X":"13","G6":"13","H6":"13"},"9P":{"HJ":"13","HH":"13","GM":"13","GH":"13","GJ":"13","HM":"13"},"HW":{"52":"13","62":"13"},"P2":{"Q9":"13","QC":"13"}},"X9":{"3V":{"FQ":"13","CP":"13","FP":"13"}},"R7":{"GG":{"2J":"13","2H":"13"},"5J":{"H5":"13","H4":"13"},"FG":{"XH":"13","XJ":"13"},"2M":{"6X":"13","6W":"13","7W":"13","7X":"13"}},"WF":{"54":{"98":"13","99":"13","C9":"13","C8":"13"},"7P":{"23":"13","22":"13"},"P7":{"XP":"13","HW":"13","JV":"13","XQ":"13","JW":"13","JR":"13","HR":"13","HV":"13"},"5P":{"F5":"13","F4":"13"},"C9":{"8M":"13","9J":"13","9M":"13","8J":"13"},"WP":{"J6":"13"},"Q9":{"92":"13"}},"J8":{"M4":{"XX":"13"},"3X":{"5J":"13","5M":"13","6M":"13","6J":"13"},"M5":{"X2":"13"},"3F":{"22":"13"},"W3":{"MM":"13","PM":"13","PP":"13","MP":"13"},"89":{"45":"13"},"97":{"79":"13"},"QR":{"VH":"13"},"87":{"VV":"13"},"2Q":{"MM":"13","MP":"13"}},"XC":{"29":{"RW":"13","RF":"13","QF":"13","QG":"13","RG":"13","PG":"13","VW":"13"},"JV":{"RQ":"13","RP":"13"},"X4":{"86":"13","76":"13","87":"13","77":"13"},"9X":{"VP":"13"},"WX":{"F2":"13","F3":"13"}},"QG":{"8V":{"R3":"13","Q3":"13","Q2":"13","R2":"13"},"7H":{"42":"13","43":"13"},"4P":{"X8":"13"},"WJ":{"Q3":"13","Q2":"13"},"GR":{"58":"13","84":"13","83":"13","P9":"13","57":"13","M4":"13","MG":"13","MC":"13","J4":"13","78":"13","7C":"13","JF":"13","79":"13","PG":"13","PC":"13","JG":"13","68":"13","6C":"13","PF":"13","RW":"13","MF":"13","67":"13","69":"13"},"QQ":{"XQ":"13","WQ":"13","WP":"13"},"QH":{"Q8":"13","P7":"13","P8":"13","Q7":"13","Q9":"13"},"73":{"J7":"13","H7":"13","J6":"13","H6":"13"},"H6":{"Q9":"13"},"6M":{"GM":"13","GJ":"13","HM":"13"},"3Q":{"R5":"13","R4":"13"},"GV":{"M2":"13","M3":"13","P3":"13","P2":"13"},"V6":{"VG":"13"},"4J":{"63":"13","73":"13","72":"13","62":"13"},"CG":{"38":"13","47":"13","92":"13","48":"13"},"85":{"CW":"13","CX":"13"},"RX":{"GC":"13"},"WM":{"HJ":"13","MM":"13","GM":"13","MJ":"13","5F":"13","GJ":"13","HM":"13"},"HC":{"7H":"13"},"JC":{"QP":"13"},"CV":{"86":"13","85":"13"},"HR":{"72":"13"},"GC":{"36":"13","3G":"13","35":"13","3F":"13"},"3J":{"JP":"13","HQ":"13","HP":"13","JQ":"13","JR":"13","HR":"13"},"WR":{"HF":"13","GF":"13","M9":"13","M8":"13","MC":"13","FF":"13"},"GF":{"QJ":"13","VR":"13","QH":"13","WR":"13","RJ":"13"},"C2":{"Q6":"13","P6":"13"},"RJ":{"85":"13","75":"13","M9":"13","74":"13","J6":"13","J5":"13"},"GQ":{"HW":"13","HV":"13","GV":"13"},"WH":{"HF":"13","HC":"13"},"HV":{"7Q":"13","6Q":"13","8Q":"13","6R":"13","7R":"13"},"7R":{"2J":"13","2M":"13"},"CH":{"RH":"13","R4":"13"},"JV":{"JX":"13"},"CQ":{"G6":"13","GX":"13","FX":"13","GV":"13","H6":"13","GW":"13","GF":"13","FW":"13","G7":"13"},"MW":{"5C":"13"},"F8":{"XV":"13"},"7P":{"C2":"13","C3":"13"},"F9":{"86":"13","84":"13","85":"13","75":"13","76":"13","6R":"13","7R":"13"},"9Q":{"2F":"13","3C":"13"},"QX":{"XG":"13","WH":"13","XH":"13","WG":"13"},"C8":{"G7":"13","MC":"13","G6":"13"},"9H":{"WR":"13","XR":"13"},"XP":{"4J":"13","4M":"13"},"PX":{"93":"13","94":"13"},"9G":{"CH":"13"},"8R":{"6V":"13","6R":"13"}},"F6":{"6X":{"G2":"13"},"3M":{"PJ":"13"}},"H8":{"Q8":{"X6":"13","X7":"13"},"MP":{"V7":"13","V8":"13"},"W5":{"HF":"13","JF":"13","HG":"13","JG":"13"},"R5":{"2W":"13","2X":"13"},"P6":{"CW":"13","9W":"13"},"J7":{"49":"13","48":"13"},"R8":{"26":"13","27":"13"},"GV":{"58":"13","59":"13","49":"13","48":"13"},"CP":{"CC":"13","FC":"13"},"8F":{"8G":"13","9G":"13"},"RQ":{"JX":"13"},"FP":{"54":"13","44":"13","42":"13","52":"13","43":"13","53":"13"},"9M":{"7F":"13","88":"13","8F":"13","89":"13","79":"13","8C":"13","78":"13","7C":"13"},"C2":{"CC":"13"},"RR":{"J2":"13"},"R7":{"89":"13","79":"13","78":"13","7C":"13"},"85":{"RR":"13","RQ":"13","VQ":"13"},"RF":{"FV":"13","CW":"13","9W":"13","FW":"13","FX":"13","CV":"13","CX":"13"},"H5":{"XF":"13","WF":"13","WC":"13"},"P9":{"FG":"13","CH":"13","CG":"13"},"WJ":{"M9":"13","M8":"13","P9":"13","P8":"13"},"Q5":{"XX":"13","XW":"13"},"87":{"HP":"13","HM":"13"},"Q3":{"X4":"13","X3":"13"}},"PC":{"W4":{"X6":"13","W7":"13","X7":"13","W6":"13"},"4X":{"6C":"13"},"W3":{"3Q":"13","3V":"13","2R":"13","2V":"13","3R":"13"},"R2":{"W2":"13","V2":"13"},"M6":{"HJ":"13","JH":"13","JJ":"13","JM":"13","HM":"13"},"G4":{"7F":"13","6F":"13"},"R6":{"VP":"13","VQ":"13"},"4G":{"82":"13"},"P6":{"33":"13"},"M3":{"Q3":"13","Q2":"13","P3":"13","P2":"13"},"62":{"29":"13","39":"13","2C":"13","3C":"13"}},"X7":{"VW":{"XP":"13","XQ":"13","WQ":"13","WP":"13"},"F4":{"8F":"13","8C":"13"},"WW":{"2P":"13","2Q":"13"}},"XF":{"QF":{"72":"13","82":"13"},"RG":{"4W":"13","32":"13"},"MQ":{"MV":"13","JV":"13","PV":"13","MR":"13","JR":"13","PR":"13"},"JQ":{"R8":"13","Q8":"13","V8":"13","Q9":"13"},"33":{"5G":"13","6G":"13","5F":"13"},"QC":{"8X":"13","7X":"13"},"MW":{"5J":"13","5M":"13","6M":"13","6J":"13"}},"WC":{"MF":{"4G":"13","4H":"13"},"7M":{"QP":"13","PP":"13","PQ":"13","QQ":"13"}},"XM":{"F2":{"Q9":"13","QC":"13"},"W5":{"2W":"13","2V":"13"},"Q2":{"MG":"13"},"P4":{"2C":"13","2F":"13","3C":"13","3F":"13"},"92":{"86":"13","96":"13"},"P3":{"W4":"13","V3":"13","W2":"13","V4":"13","W3":"13","V2":"13"},"P2":{"WX":"13"},"33":{"Q5":"13","R5":"13","Q6":"13","R6":"13"},"V5":{"XV":"13","XW":"13"}},"99":{"J2":{"86":"13","85":"13","95":"13","96":"13"},"5V":{"73":"13","74":"13"},"C6":{"F8":"13"},"25":{"FR":"13","GR":"13"},"24":{"GX":"13","FX":"13"},"62":{"MM":"13","MJ":"13"},"5Q":{"HW":"13","JW":"13","HX":"13","JX":"13"},"5F":{"86":"13","85":"13"},"J7":{"CQ":"13","CR":"13"},"3F":{"3X":"13"},"XG":{"92":"13"},"F5":{"CW":"13","9W":"13"},"FW":{"W7":"13","W8":"13"},"48":{"XG":"13","XF":"13","X9":"13","W9":"13","WC":"13","XC":"13","X8":"13"},"GH":{"67":"13","68":"13"},"7C":{"9R":"13","8V":"13","7V":"13","7R":"13","8R":"13"},"4C":{"2W":"13","2X":"13"},"28":{"F7":"13","F4":"13","F6":"13"},"5J":{"H9":"13","HC":"13"},"2C":{"J3":"13","J4":"13"},"96":{"FC":"13","FF":"13"},"76":{"7H":"13"},"77":{"3J":"13"},"4R":{"55":"13","45":"13"},"58":{"H9":"13","2C":"13","29":"13","28":"13","3F":"13","3C":"13","2F":"13","3G":"13","2G":"13"},"27":{"CJ":"13","FH":"13","FG":"13","CH":"13","FJ":"13","9J":"13","9H":"13","CG":"13"},"64":{"69":"13","79":"13","78":"13"},"63":{"98":"13","H5":"13","H4":"13","G5":"13"},"6H":{"63":"13","83":"13","73":"13","72":"13","87":"13","62":"13"},"F6":{"C2":"13"},"P9":{"29":"13","39":"13","3C":"13"},"4M":{"QG":"13","PG":"13"},"VC":{"59":"13","6G":"13"},"8C":{"M9":"13"},"M9":{"Q8":"13","Q9":"13"},"87":{"98":"13","66":"13","57":"13","56":"13","67":"13","79":"13","C8":"13"},"88":{"5W":"13","5V":"13"},"XF":{"9W":"13","8V":"13","8X":"13","8W":"13"},"55":{"5X":"13"}},"V8":{"MM":{"HH":"13","JH":"13","HG":"13","JG":"13"},"W7":{"9X":"13","9W":"13","8X":"13","8W":"13"},"9V":{"Q5":"13","R5":"13","Q6":"13"}},"X5":{"44":{"R3":"13"}},"88":{"RW":{"M7":"13"},"MX":{"CW":"13","CX":"13"},"HX":{"88":"13","87":"13","9G":"13"},"RX":{"34":"13","25":"13","24":"13","35":"13"},"VX":{"7F":"13","RX":"13","7G":"13"}},"H5":{"GP":{"2C":"13"},"Q4":{"J8":"13","M8":"13"},"P3":{"2P":"13"},"MR":{"34":"13","25":"13","24":"13","35":"13"},"FX":{"FH":"13","FG":"13","CH":"13","CG":"13"},"M3":{"XP":"13"},"XX":{"HF":"13","JF":"13"},"XJ":{"8F":"13"},"92":{"Q2":"13","P2":"13"},"6M":{"C6":"13","95":"13","96":"13","C5":"13"},"X2":{"XW":"13"},"RJ":{"JC":"13","M9":"13","MC":"13","J9":"13"},"MH":{"2P":"13","2M":"13"},"JH":{"XP":"13","XM":"13","WM":"13","WP":"13"}},"R4":{"JH":{"J8":"13","H9":"13","H8":"13","G8":"13","G7":"13","C9":"13","F7":"13","H7":"13","C8":"13","F6":"13","G6":"13","H6":"13"}},"RG":{"J2":{"2R":"13","2Q":"13"},"FJ":{"7J":"13"},"H3":{"PM":"13"},"5X":{"MX":"13","JV":"13"},"7M":{"26":"13","25":"13","H8":"5","JM":"5"},"F4":{"QF":"13","PC":"13","MC":"13","3W":"13"},"8Q":{"6M":"13","6P":"13"},"C5":{"VV":"13","3R":"13"},"GR":{"7H":"13"},"3M":{"Q3":"13"},"6M":{"FH":"13","FG":"13"},"X6":{"46":"13","47":"13"},"CP":{"4W":"13","G7":"13","5V":"13","4V":"13","G6":"13"},"4W":{"XP":"13","XG":"13","XQ":"13","XF":"13","WP":"13"},"MX":{"3H":"13","WJ":"13","WM":"13"},"CM":{"XF":"13"},"3W":{"J7":"13","H5":"13","H7":"13","J6":"13","J5":"13","H6":"13"},"G4":{"4J":"13","5J":"13","5M":"13","4M":"13"},"3Q":{"47":"13"},"GV":{"7V":"13"},"G2":{"CP":"13","FP":"13"},"M2":{"M6":"13"},"7C":{"CJ":"13","CM":"13","FJ":"13","FM":"13"},"FV":{"7R":"13"},"6Q":{"GP":"13","HH":"13","HQ":"13","HP":"13","HG":"13","GQ":"13"},"6X":{"V4":"13"},"2R":{"RQ":"13","RH":"13","VM":"13","RM":"13","VP":"13","RJ":"13","RP":"13","QG":"13","VJ":"13","RG":"13","WQ":"13","WM":"13","QH":"13","WJ":"13","WP":"13","VH":"13","VQ":"13","QJ":"13"},"6R":{"6X":"13","5R":"13","6V":"13","4X":"13","4W":"13","5W":"13","3X":"13","5X":"13","4R":"13","6W":"13","5V":"13","4V":"13","3W":"13"},"97":{"FH":"13","FJ":"13","GM":"13","GH":"13","FM":"13","GJ":"13"},"8H":{"7F":"13","6F":"13","6G":"13","7G":"13"},"94":{"J3":"13"},"7X":{"JP":"13","MP":"13","MQ":"13","JQ":"13","JR":"13"},"P2":{"9P":"13"},"GC":{"7X":"13"},"6V":{"52":"13","43":"13","53":"13","62":"13"},"76":{"7M":"13"},"79":{"RG":"13","Q8":"13","P7":"13","P8":"13","Q7":"13","Q9":"13"},"77":{"WQ":"13"},"HP":{"GG":"13"},"GG":{"P2":"13"},"7R":{"FV":"13"},"F6":{"6F":"13","5F":"13"},"CR":{"WV":"13","WR":"13"},"CQ":{"26":"13","36":"13","29":"13","39":"13","2C":"13","2F":"13","3C":"13","3F":"13"},"4M":{"9Q":"13","8R":"13"},"6P":{"V3":"13","V2":"13","VC":"13","V8":"13","V9":"13"},"8W":{"39":"13","58":"13","2C":"13","59":"13","29":"13","48":"13","3F":"13","4C":"13","4G":"13","3C":"13","5F":"13","98":"5","49":"13","99":"5","5C":"13","3G":"13","4F":"13"},"F9":{"WG":"13"},"C7":{"48":"13"},"8M":{"4W":"13","5W":"13","5V":"13"},"5M":{"C4":"13","94":"13"},"9R":{"R6":"13","P7":"13","PP":"13","Q7":"13"},"78":{"XC":"13","VV":"13","WW":"13","VW":"13","XF":"13","VX":"13","WC":"13","RX":"13","WF":"13","RW":"13"},"PX":{"99":"13"},"8R":{"85":"13","75":"13","7W":"13","C8":"13","8X":"13","7X":"13","8W":"13"},"5W":{"2G":"13","W8":"13","W9":"13","V9":"13"},"J3":{"M7":"13"},"8G":{"3P":"13","2P":"13","3M":"13","2M":"13"}},"Q3":{"J8":{"HP":"13","HM":"13"},"VW":{"R3":"13","V3":"13","R2":"13"},"X3":{"HF":"13","GG":"13","GF":"13","HG":"13"}},"J4":{"MV":{"HQ":"13","JQ":"13"},"F2":{"MM":"13","PM":"13","PP":"13","MP":"13"},"RV":{"Q4":"13","R4":"13"},"GX":{"6X":"13","6W":"13"},"98":{"9W":"13","9V":"13","8V":"13","8W":"13"},"73":{"34":"13","44":"13","43":"13","33":"13"},"72":{"C2":"13","93":"13","92":"13","C3":"13","C4":"13","94":"13"},"57":{"7H":"13","6H":"13","6G":"13","7G":"13"},"7V":{"W5":"13","W6":"13"},"WQ":{"V7":"13","W7":"13","W8":"13","V6":"13","V8":"13","W6":"13"},"8P":{"9C":"13"},"9H":{"62":"13"},"PW":{"MV":"13","HW":"13","JV":"13","JW":"13","JX":"13","MW":"13","HV":"13"},"FP":{"9Q":"13","9P":"13","CQ":"13"},"9G":{"6X":"13"}},"J5":{"QW":{"QQ":"13"},"38":{"4W":"13","4V":"13"},"4P":{"66":"13","67":"13"},"V4":{"7F":"13","7C":"13"},"R9":{"7Q":"13"},"H9":{"7Q":"13","6Q":"13","7P":"13"},"RM":{"QF":"13","PG":"13","PF":"13"},"9V":{"63":"13","54":"13","64":"13","52":"13","53":"13","62":"13"},"6M":{"XX":"13"},"JJ":{"RJ":"13","RM":"13"},"WQ":{"Q4":"13","Q5":"13","R5":"13","Q6":"13","R4":"13"},"MX":{"P7":"13"},"5G":{"76":"13"},"PQ":{"44":"13","45":"13"},"X4":{"GP":"13","FQ":"13","GQ":"13","FP":"13"},"FV":{"78":"13","77":"13","C6":"13","75":"13","98":"13","22":"13","99":"13","89":"13","97":"13","32":"13","C7":"13","87":"13","86":"13","88":"13","76":"13","96":"13"},"83":{"HH":"13","HG":"13"},"WP":{"GM":"13"},"6X":{"CP":"13","CM":"13","FJ":"13","FM":"13","FP":"13"},"R7":{"89":"13","79":"13"},"JC":{"HJ":"13","HH":"13","GH":"13"},"VQ":{"9Q":"13","9P":"13"},"8H":{"H9":"13","JC":"13","HC":"13","J9":"13"},"7X":{"VJ":"13","WJ":"13","VH":"13"},"WR":{"J3":"13","J4":"13","M4":"13","M3":"13"},"P5":{"WV":"13","WW":"13"},"VX":{"XM":"13","WJ":"13","WM":"13"},"GQ":{"J8":"13","H9":"13","H8":"13"},"PG":{"MV":"13","MR":"13"},"FR":{"3X":"13","2X":"13"},"HV":{"XP":"13","XQ":"13","XM":"13","WQ":"13","VP":"13","WM":"13","WP":"13"},"6H":{"4X":"13","4W":"13","5W":"13","5X":"13"},"CH":{"G9":"13","H9":"13","HC":"13","GC":"13"},"HM":{"MV":"13","JV":"13","MR":"13","JR":"13"},"MW":{"XF":"13","WF":"13","WC":"13","XC":"13"},"6P":{"X2":"13"},"WF":{"J7":"13","J8":"13","H8":"13","H7":"13"},"8M":{"Q6":"13","R7":"13","R6":"13","Q7":"13"},"22":{"2W":"13"},"36":{"5M":"13","5P":"13"}},"P4":{"9X":{"7M":"13"},"V2":{"8H":"13","8J":"13"},"W8":{"5G":"13","5F":"13"},"MP":{"R5":"13","R6":"13"},"2V":{"9X":"13"},"2W":{"92":"13"},"35":{"QM":"13","QP":"13"},"3F":{"82":"13","92":"13"},"GR":{"HW":"13","HV":"13"},"3C":{"9X":"13","8X":"13"},"5F":{"H2":"13"},"HC":{"X2":"13"},"79":{"29":"13","39":"13","2C":"13","3C":"13"},"XV":{"G9":"13","FC":"13","F9":"13","GC":"13"},"RW":{"8V":"13","8W":"13"}},"MG":{"Q4":{"FR":"13","CQ":"13","CR":"13"},"W3":{"43":"13"},"H3":{"6C":"13","7C":"13"},"M4":{"72":"13"}},"Q5":{"9H":{"F8":"13","5H":"13","F7":"13","C7":"13","C8":"13"}},"WG":{"J7":{"67":"13"},"V7":{"CC":"13","FC":"13"},"QF":{"26":"13"},"H5":{"7F":"13","7C":"13"},"FR":{"3G":"13","3F":"13"},"WV":{"F2":"13","6X":"13","5X":"13","G2":"13"},"MM":{"83":"13","82":"13"},"HC":{"XF":"13","WF":"13","WG":"13"},"WR":{"GX":"13","FW":"13","FX":"13","GW":"13"},"6R":{"JQ":"13","JR":"13","HR":"13"},"PP":{"PX":"13"},"FM":{"JP":"13","MP":"13","MQ":"13","JQ":"13"},"WW":{"63":"13","54":"13","HH":"13","52":"13","53":"13","62":"13"},"PF":{"X6":"13"},"4V":{"48":"13"}},"R8":{"4J":{"84":"13","85":"13","75":"13","74":"13"},"HP":{"HW":"13","JW":"13"},"VF":{"R3":"13"},"9X":{"QG":"13","RG":"13","QH":"13"},"P9":{"54":"13","44":"13","55":"13","45":"13"},"2V":{"2P":"13"},"C8":{"7H":"13","6H":"13","6G":"13","7G":"13"}},"R9":{"W4":{"GX":"13","FX":"13"},"36":{"RV":"13","RR":"13","VR":"13","RQ":"13"},"W5":{"F2":"13","G3":"13","F3":"13","G2":"13"},"VR":{"M8":"13","M9":"13","P8":"13"},"JX":{"JV":"13","HW":"13","JW":"13","GW":"13","GR":"13","HV":"13","GV":"13"},"F4":{"HQ":"13","GQ":"13"},"JM":{"RW":"13","VW":"13","RX":"13","VX":"13"}},"C7":{"WV":{"R3":"13","R2":"13"},"HH":{"2C":"13"},"WR":{"RX":"13"},"WW":{"HJ":"13","HH":"13","GJ":"13"},"XP":{"5Q":"13","4Q":"13"},"5G":{"X8":"13"},"GG":{"RC":"13"},"48":{"88":"13","3X":"13","87":"13","3W":"13"},"RR":{"XF":"13"},"XR":{"4H":"13"},"9W":{"6V":"13"},"WF":{"4R":"13"}},"M4":{"P9":{"MV":"13","PV":"13","MR":"13","PR":"13"},"H2":{"6F":"13","5G":"13","6G":"13","5F":"13"},"85":{"2W":"13","3X":"13","2X":"13"},"86":{"32":"13","22":"13"},"C4":{"34":"13","33":"13"},"M4":{"G9":"13","F9":"13"},"9J":{"6H":"13","6G":"13"},"VV":{"29":"13","28":"13"},"9W":{"W8":"13","V8":"13","V9":"13"},"CR":{"J7":"13","J6":"13","J5":"13"},"4M":{"58":"13","57":"13","67":"13"},"82":{"GV":"13"},"JG":{"PW":"13"},"32":{"XG":"13","XF":"13","WF":"13","WG":"13"},"G7":{"JM":"13"},"9F":{"RQ":"13","QP":"13","RP":"13","QQ":"13"},"JR":{"8G":"13","8F":"13"},"C9":{"6F":"13","5C":"13","5F":"13","6C":"13"},"M2":{"V9":"13"},"WC":{"HJ":"13","HH":"13","JH":"13","JJ":"13"},"RW":{"VW":"13","WX":"13","WW":"13","VX":"13"},"HJ":{"7P":"13","9P":"13","8P":"13"},"6G":{"6P":"13"}},"RF":{"58":{"H5":"13","H6":"13"},"Q3":{"GQ":"13","GR":"13"},"P4":{"39":"13","2C":"13","3F":"13","4C":"13","4G":"13","3C":"13","2F":"13","49":"13","4F":"13"},"9C":{"WQ":"13"},"RV":{"28":"13"},"FP":{"3V":"13","3R":"13"},"VM":{"6V":"13","4R":"13","7V":"13"},"GH":{"95":"13"},"R6":{"VX":"13"},"3V":{"R3":"13","V3":"13","V4":"13","R4":"13"},"C5":{"42":"13","52":"13","43":"13"},"XH":{"W4":"13","W5":"13"},"M7":{"23":"13","24":"13"},"XV":{"6X":"13"},"M4":{"RQ":"13","QQ":"13"},"7R":{"VJ":"13","RJ":"13","VM":"13","WJ":"13","VP":"13","WM":"13","RM":"13"},"GJ":{"H8":"13","H7":"13"},"WW":{"GQ":"13"},"4P":{"XQ":"13","XR":"13"},"79":{"4J":"13","3J":"13"},"HG":{"QX":"13","QW":"13","PX":"13","PW":"13"},"H5":{"5M":"13","5P":"13"},"MJ":{"9Q":"13","CP":"13","9P":"13","CQ":"13"},"2Q":{"5R":"13","6R":"13"},"WM":{"7Q":"13","6Q":"13","9V":"13","6R":"13","7R":"13"},"XC":{"VG":"13","WG":"13"},"JX":{"GF":"13","GC":"13"},"MV":{"QF":"13","QG":"13","PG":"13","PF":"13"},"7G":{"MM":"13","PM":"13","MP":"13","PP":"13"},"FG":{"PF":"13"},"JV":{"VJ":"13","WH":"13","VM":"13","WJ":"13","WM":"13","VH":"13"},"82":{"HJ":"13","HH":"13","JH":"13","JJ":"13"},"HH":{"Q3":"13","Q2":"13","P3":"13","P2":"13"},"HV":{"C2":"13"},"WJ":{"C5":"13"},"J7":{"X4":"13","X3":"13"},"8V":{"PV":"13","QV":"13"},"VX":{"G7":"13","F7":"13","F6":"13","G6":"13"},"F6":{"GP":"13","GM":"13","FM":"13"},"WP":{"72":"13"},"C9":{"7M":"13","7P":"13"},"RC":{"2M":"13"},"3G":{"F4":"13","C5":"13","C4":"13"},"HW":{"F8":"13","C8":"13"},"HJ":{"Q3":"13","Q4":"13"}},"H6":{"MX":{"32":"13","42":"13"},"PJ":{"98":"13","F7":"13","C7":"13","C8":"13"},"RH":{"MF":"13","PG":"13","PF":"13","MG":"13"},"V8":{"7F":"13","7H":"13","8G":"13","2Q":"13","7J":"13","7G":"13"},"M7":{"87":"13","77":"13"},"MM":{"RH":"13"},"MW":{"4X":"13","3X":"13"},"P2":{"W5":"13","W6":"13"},"VJ":{"JV":"13","HR":"13","HV":"13"},"Q8":{"8V":"13","8W":"13","59":"13","8R":"13","6W":"13","9R":"13","7W":"13","9V":"13","6V":"13","7V":"13","7R":"13","9W":"13"},"R9":{"QJ":"13","QH":"13","MP":"13","QM":"13","MJ":"13","MM":"13","PJ":"13","QP":"13","PM":"13","PH":"13","PP":"13"},"X9":{"G3":"13","H2":"13","6R":"13","H3":"13","G2":"13","7R":"13"},"Q5":{"MV":"13","JV":"13","MQ":"13","JQ":"13","MR":"13","JR":"13"},"MP":{"5G":"13","5H":"13"},"JR":{"GF":"13","GC":"13"},"X7":{"F2":"13","F3":"13"},"P7":{"CC":"13","FC":"13"},"RF":{"88":"13","98":"13","97":"13","87":"13"},"R8":{"M6":"13","M7":"13","J6":"13","3R":"13"},"X2":{"PR":"13"}},"J3":{"X8":{"43":"13","53":"13"},"9C":{"X5":"13","X4":"13"},"9F":{"C3":"13","C5":"13","C4":"13"},"2P":{"PJ":"13","PM":"13"},"CM":{"26":"13","36":"13","37":"13","27":"13"},"3X":{"37":"13","27":"13"},"C9":{"39":"13","49":"13","4C":"13","3C":"13"},"J6":{"J9":"13"},"CC":{"25":"13"},"7X":{"MX":"13","JW":"13","MW":"13"},"P9":{"CW":"13","CV":"13"},"RJ":{"VF":"13","VC":"13"},"C4":{"HR":"13"},"MH":{"FH":"13","FJ":"13","GH":"13","GJ":"13"}},"VH":{"34":{"6V":"13","6W":"13","7W":"13","7V":"13"},"58":{"MX":"13"},"PJ":{"FR":"13","CR":"13"},"7J":{"8G":"13","8F":"13"},"38":{"P7":"13","M8":"13","P8":"13","M7":"13"},"VW":{"JR":"13","HR":"13","HV":"13"},"C5":{"VJ":"13","5J":"13","RJ":"13","6J":"13"},"7F":{"X4":"13","X3":"13"},"8F":{"24":"13"},"88":{"RW":"13","VW":"13","RX":"13","VX":"13"},"6J":{"W4":"13","V4":"13","R5":"13","W3":"13","R7":"13","R6":"13","V6":"13","V5":"13"},"XV":{"9R":"13"},"9J":{"V4":"13","R5":"13","R4":"13","X9":"13","V5":"13"},"7H":{"4W":"13","5W":"13","W7":"13","24":"13","W8":"13","V8":"13"},"46":{"5R":"13","5V":"13"},"8X":{"V6":"13","W6":"13"},"78":{"5W":"13","5X":"13"},"5M":{"R3":"13","Q4":"13","V3":"13","Q5":"13","Q2":"13","W2":"13","W3":"13","R2":"13","V2":"13"},"4P":{"H3":"13","M4":"13","M3":"13","J3":"13","M5":"13","H4":"13","G3":"13","H5":"13","J4":"13","J5":"13"},"PG":{"72":"13","82":"13"},"59":{"3P":"13","2P":"13","J2":"13","3M":"13","M2":"13"},"2G":{"5C":"13","4F":"13","59":"13","49":"13","4C":"13","3F":"13","5F":"13","48":"13"},"7G":{"GP":"13","FQ":"13","PC":"13","GQ":"13","FP":"13"},"QH":{"G9":"13","G8":"13"},"MP":{"HF":"13","HG":"13"},"5F":{"J7":"13","J8":"13","M8":"13","H8":"13","M7":"13"},"89":{"FV":"13","CW":"13","FW":"13","FX":"13","V5":"13"},"4M":{"5M":"13","5P":"13","6M":"13","6P":"13","J4":"13","J5":"13"},"3H":{"X9":"13","WC":"13","W9":"13","XC":"13","FP":"13"},"82":{"X9":"13","W9":"13"},"JG":{"QW":"13","QV":"13"},"XX":{"F8":"13","F7":"13","C7":"13","C8":"13"},"GX":{"H6":"13"},"68":{"QQ":"13"},"X7":{"XV":"13","XR":"13"},"8P":{"J8":"13"},"F6":{"29":"13","39":"13","38":"13","28":"13"},"73":{"GP":"13","FQ":"13","GQ":"13","FP":"13"},"7M":{"J3":"13","M2":"13","M3":"13"},"4J":{"89":"13","8C":"13"},"HQ":{"32":"13"},"HP":{"JP":"13","HQ":"13","JQ":"13"},"CQ":{"75":"13","65":"13","76":"13","66":"13"},"4Q":{"FV":"13","CW":"13","FW":"13","FX":"13","CV":"13","CX":"13"},"6Q":{"J3":"13","H2":"13","H3":"13","J2":"13","M2":"13"},"2P":{"F5":"13","G4":"13","G5":"13","F4":"13"}},"M6":{"GP":{"WX":"13","VX":"13"},"78":{"F2":"13","C2":"13"},"77":{"9X":"13","M7":"13","M8":"13","P8":"13","FX":"13","CV":"13","J7":"13","CW":"13","M6":"13","J8":"13","M9":"13","9V":"13","P9":"13","FW":"13","P7":"13","9W":"13","CX":"13"},"XW":{"6X":"13","6W":"13","7W":"13","7X":"13"},"3M":{"HW":"13","JW":"13","HX":"13","JX":"13"},"XX":{"RF":"13"},"29":{"93":"13","C3":"13","94":"13"},"W4":{"PJ":"13","MM":"13","PM":"13","MJ":"13"},"G2":{"Q2":"13","P2":"13"},"5X":{"R4":"13"},"66":{"3Q":"13","3P":"13","2P":"13","2Q":"13"},"JP":{"MF":"13","PF":"13"},"64":{"RF":"13","RG":"13","VG":"13","VH":"13"},"R6":{"FV":"13","FW":"13"},"23":{"G3":"13","H4":"13","G4":"13","H3":"13","G2":"13"},"6F":{"7R":"13","8R":"13"},"F5":{"CW":"13","9X":"13","9W":"13","CX":"13"},"67":{"FM":"13","FJ":"13","CM":"13","8J":"13","9M":"13","9H":"13","9J":"13","8M":"13","CJ":"13"},"55":{"M6":"13"},"GJ":{"72":"13","62":"13"},"VP":{"GM":"13","GP":"13","FM":"13","FJ":"13","FP":"13","VW":"13","VX":"13","GJ":"13","RX":"13"},"6Q":{"4P":"13"}},"9C":{"V3":{"CJ":"13","FH":"13","FJ":"13"},"X3":{"R9":"13"},"C3":{"F8":"13"}},"WX":{"F3":{"J8":"13","H8":"13","89":"13","G5":"13"}},"JG":{"P2":{"VW":"13"}},"W5":{"C9":{"F8":"13","G8":"13"}},"QF":{"7J":{"R8":"13","R9":"13"},"X8":{"H9":"13","H8":"13","J9":"13"},"HF":{"3J":"13","2J":"13","2H":"13","3H":"13"},"7P":{"3Q":"13","HJ":"13","4Q":"13","3P":"13","FJ":"13","GM":"13","FM":"13","GJ":"13","HM":"13","5V":"13","4P":"13"},"22":{"H9":"13","J9":"13"},"7Q":{"34":"13","54":"13","44":"13","43":"13","53":"13","33":"13"},"W5":{"C4":"13","94":"13"},"8G":{"JX":"13"},"JQ":{"HQ":"13","JQ":"13","JR":"13","HR":"13"},"V2":{"F7":"13","C7":"13"},"2G":{"XG":"13"},"9X":{"35":"13"},"HX":{"4R":"13","4V":"13"},"75":{"FQ":"13","GQ":"13"},"C7":{"32":"13","42":"13"},"CX":{"RW":"13","RX":"13"},"M9":{"M5":"13","M6":"13","J6":"13","J5":"13"},"3C":{"PJ":"13","PH":"13","MJ":"13"},"9R":{"J2":"13"},"8H":{"J2":"13"},"7X":{"CP":"13","9J":"13","FP":"13"},"67":{"9F":"13","6F":"13","8F":"13","6C":"13"}},"G5":{"3V":{"83":"13","84":"13"},"3R":{"CW":"13"}},"Q9":{"77":{"6F":"13","6G":"13"},"R9":{"RV":"13","VV":"13","RR":"13","VR":"13","VQ":"13"},"WW":{"P4":"13","P3":"13"},"4J":{"C6":"13","95":"13","96":"13","C5":"13","C4":"13"},"59":{"8H":"13","9J":"13","9H":"13","8J":"13"},"GV":{"6F":"13","5G":"13","6G":"13","5F":"13"},"M6":{"J7":"13","J8":"13","M8":"13"},"5G":{"FF":"13"},"GG":{"WH":"13","RH":"13","WJ":"13","VG":"13","RJ":"13","VJ":"13","VH":"13"},"5P":{"G9":"13","F8":"13","G8":"13","F9":"13"},"52":{"WW":"13","XW":"13"},"6R":{"PP":"13","PQ":"13","QQ":"13"},"23":{"23":"13","22":"13"},"55":{"RR":"13","VR":"13","RQ":"13","VQ":"13"}},"VC":{"QJ":{"8V":"13","WG":"13","WH":"13","6H":"13","XH":"13","8R":"13","XG":"13","5H":"13","5G":"13","9R":"13","9Q":"13","9V":"13","VG":"13","8Q":"13","9W":"13"},"GX":{"WQ":"13","VP":"13","VQ":"13","WP":"13"},"C6":{"MM":"13","JJ":"13","MJ":"13","JM":"13"},"8H":{"65":"13","66":"13","55":"13","56":"13"},"F6":{"2Q":"13"},"MJ":{"XG":"13","XF":"13","WF":"13","WG":"13"},"7M":{"76":"13"},"C3":{"73":"13","55":"13"},"HR":{"QJ":"13","PJ":"13","QM":"13","PM":"13"},"47":{"8F":"13","9C":"13","8C":"13"},"8R":{"7P":"13","8P":"13"},"CW":{"RM":"13"},"66":{"88":"13","97":"13","87":"13","78":"13"},"3P":{"RV":"13","RR":"13"},"MQ":{"X6":"13","W5":"13","X5":"13","W6":"13"},"36":{"GR":"13","GV":"13"},"85":{"5Q":"13","5R":"13","4Q":"13","5P":"13","4R":"13","4P":"13"},"RF":{"HH":"13","GG":"13","HG":"13","GH":"13"},"Q6":{"3V":"13","2R":"13","2V":"13","3R":"13"},"RV":{"3M":"13"},"7R":{"H4":"13","H3":"13"},"24":{"C2":"13","93":"13","92":"13","C3":"13"},"4F":{"9F":"13","9C":"13","9G":"13"},"CX":{"C2":"13","82":"13","93":"13","92":"13","C3":"13"}},"Q4":{"V2":{"2R":"13","2V":"13"},"M5":{"86":"13","97":"13","87":"13","96":"13","94":"13"},"CP":{"7Q":"13","7P":"13","8Q":"13","8P":"13"},"R2":{"XV":"13","XR":"13"},"H6":{"5C":"13","69":"13","59":"13","6C":"13"},"W3":{"5C":"13","59":"13","49":"13","4C":"13"},"9Q":{"RV":"13","VV":"13","VW":"13"},"R6":{"58":"13","39":"13","38":"13","59":"13","49":"13","F8":"13","C7":"13","F7":"13","C8":"13","48":"13"},"7Q":{"RQ":"13","QP":"13","RP":"13","QQ":"13"},"Q3":{"5R":"13","6R":"13","5V":"13"}},"P3":{"Q5":{"39":"13","38":"13","49":"13","48":"13"},"3X":{"XQ":"13","WR":"13","XR":"13","WQ":"13"},"Q9":{"46":"13","47":"13","57":"13","56":"13"}},"97":{"R8":{"QG":"13","PG":"13","QH":"13","PH":"13"},"WG":{"3Q":"13","3P":"13","3M":"13","4M":"13","7X":"13","4P":"13"}},"F7":{"44":{"3V":"13","2W":"13","WH":"13","XH":"13","2V":"13","3W":"13"},"2P":{"7H":"13","88":"13","98":"13","8G":"13","99":"13","8H":"13","89":"13","7G":"13"},"46":{"VW":"13","WW":"13"},"56":{"PV":"13","QW":"13","PW":"13","PR":"13"},"67":{"RX":"13"},"2M":{"JF":"13"}},"RH":{"34":{"RF":"13"},"62":{"JQ":"13","JR":"13"},"F5":{"3X":"13"},"63":{"86":"13","85":"13"},"P9":{"QX":"13","QW":"13"},"47":{"XG":"13","VJ":"13","XF":"13","RJ":"13","Q9":"13"},"H2":{"W4":"13","W5":"13"},"G9":{"HW":"13","JV":"13","JW":"13","6G":"13"},"WF":{"3P":"13","93":"13","3M":"13","C3":"13"},"33":{"93":"13","8R":"13","94":"13"},"72":{"GC":"13"},"65":{"32":"13","R2":"13","42":"13","V2":"13","43":"13","33":"13"},"Q7":{"FQ":"13"},"HF":{"J2":"13","M2":"13"},"XH":{"VF":"13","WF":"13","VC":"13","WC":"13","V9":"13"},"42":{"GX":"13","HX":"13","9X":"13","FX":"13","MW":"13","JX":"13","GW":"13","JW":"13","MX":"13","FW":"13","PX":"13","HW":"13","CX":"13"},"57":{"MV":"13","JV":"13","JW":"13","JR":"13","MW":"13"},"87":{"GP":"13","FQ":"13","GQ":"13","FP":"13"},"37":{"Q8":"13","R9":"13","V8":"13","C3":"13","R8":"13","QC":"13","94":"13","V7":"13","Q7":"13","R7":"13","93":"13","C4":"13","Q9":"13"},"MC":{"83":"13","82":"13"},"45":{"4J":"13","3J":"13","4H":"13","3H":"13"},"H8":{"88":"13","86":"13","76":"13","87":"13","77":"13"},"VJ":{"3J":"13","2J":"13","3M":"13"},"H5":{"C7":"13"},"36":{"QR":"13"},"52":{"W4":"13","X4":"13","R7":"13","R6":"13","V6":"13","W6":"13"},"G8":{"CW":"13"},"WM":{"X6":"13","W5":"13","X5":"13","W6":"13"},"J9":{"FG":"13","FF":"13"},"43":{"G2":"13","F5":"13","F7":"13","84":"13","83":"13","J5":"13","95":"13","H2":"13","C3":"13","C6":"13","C5":"13","85":"13","H4":"13","C2":"13","92":"13","86":"13","C4":"13","M4":"13","5R":"13","J4":"13","H3":"13","P2":"13","H8":"13","F4":"13","H5":"13","G6":"13","H7":"13","G4":"13","G8":"13","J3":"13","M6":"13","F2":"13","M5":"13","H6":"13","94":"13","93":"13","G3":"13","5V":"13","82":"13","F3":"13","C7":"13","G7":"13","M3":"13","J2":"13","J7":"13","96":"13","J6":"13","F6":"13","G5":"13","P3":"13","M2":"13"},"55":{"GP":"13","HQ":"13","HP":"13","GQ":"13","VH":"13"},"26":{"GM":"13","HG":"13","GP":"13","HH":"13","FG":"13","HJ":"13","FM":"13","FJ":"13","FP":"13","GG":"13","5X":"5","GH":"13","6J":"13","GJ":"13","FH":"13"},"82":{"5H":"13"},"44":{"9H":"13","9G":"13"},"75":{"6X":"13","5X":"13"},"HC":{"MX":"13","JX":"13"},"M9":{"9F":"13","CH":"13","9C":"13","CG":"13","9G":"13","CF":"13"},"27":{"52":"5"},"54":{"J7":"13","QF":"13","PJ":"13","QG":"13","PG":"13","QH":"13","8Q":"13","PH":"13","MH":"13","M3":"13","PF":"13","MG":"13"},"PH":{"F5":"13","F4":"13"},"WC":{"CW":"13","HJ":"13","HH":"13","JH":"13","JJ":"13"},"64":{"4P":"13","8R":"13","4Q":"13","4V":"13","5P":"13","5R":"13","6R":"13","7P":"13","6V":"13","4R":"13","5V":"13","7R":"13","6P":"13","8Q":"13","7Q":"13","6Q":"13","5Q":"13"},"RF":{"FV":"13","HF":"13","JF":"13","JC":"13","HC":"13","GV":"13"},"67":{"5C":"13","59":"13","49":"13","4C":"13"},"76":{"62":"13","74":"13","73":"13","53":"13","52":"13","64":"13","42":"13","72":"13","63":"13"}},"Q7":{"CX":{"GX":"13","HW":"13","HX":"13","GW":"13"},"5V":{"PG":"13","PH":"13"}},"R6":{"5W":{"9W":"13","9V":"13","8V":"13","8W":"13"}},"P6":{"CW":{"VQ":"13","WR":"13","WP":"13","RQ":"13","VR":"13","WQ":"13","RP":"13","VP":"13"},"QR":{"V2":"13"},"2F":{"39":"13","38":"13"},"56":{"W5":"13","X5":"13","W6":"13"},"QQ":{"VX":"13"},"94":{"5C":"13","4F":"13","4C":"13","5F":"13"},"5V":{"QF":"13","QG":"13","PG":"13","PF":"13"}},"XH":{"XM":{"M5":"13","M4":"13","J6":"13","J5":"13"},"2H":{"JC":"13","HC":"13"},"9F":{"5R":"13","3P":"13","3M":"13","4M":"13","5V":"13","4P":"13"},"FM":{"C6":"13","F5":"13","F6":"13","96":"13","C5":"13"},"WW":{"CC":"13","CF":"13"},"CV":{"8H":"5"},"MM":{"M6":"13"},"CW":{"W4":"13","V3":"13","V4":"13","W3":"13"},"45":{"G3":"13","H4":"13","G4":"13","H3":"13"},"JP":{"MQ":"5","JQ":"5","MR":"5","JR":"5"},"VM":{"3P":"5","3M":"5"},"VG":{"JF":"13","JC":"13"},"2J":{"74":"13","64":"13"},"PM":{"XG":"13","WH":"13","XH":"13","WG":"13","XJ":"13","WJ":"13"},"GH":{"77":"13"},"R3":{"J6":"13","J5":"13"}},"C9":{"C5":{"C6":"13","HH":"13","GG":"13","HG":"13","GH":"13"},"9X":{"2C":"13","3J":"13","4H":"13","3H":"13"},"8X":{"XF":"13","XC":"13"},"C6":{"JW":"13","HX":"13","JX":"13"},"G5":{"H8":"13","H9":"13","G9":"13","M8":"13","58":"13","68":"13","J7":"13","J8":"13","M9":"13","J9":"13","MC":"13","HC":"13","JF":"13","JC":"13","HF":"13"},"VV":{"99":"13","C9":"13"},"P6":{"V7":"13","V6":"13"},"RG":{"MJ":"13"},"83":{"6H":"13"},"V3":{"XV":"13","XR":"13"},"GV":{"GH":"13","GJ":"13"},"RQ":{"P4":"13","M4":"13"},"PQ":{"MJ":"13"},"94":{"G3":"13","H4":"13","G4":"13","H3":"13"},"3F":{"FV":"13","6V":"13","6R":"13","FW":"13"},"49":{"6V":"13"},"98":{"3J":"13","3M":"13"},"VG":{"43":"13","33":"13"},"C7":{"J3":"13"},"C4":{"39":"13","49":"13","4C":"13","3C":"13"},"6P":{"88":"13","77":"13","78":"13"},"G4":{"RW":"13","GG":"13","FG":"13"},"PX":{"CR":"13"},"RW":{"23":"13","22":"13"}},"C8":{"V3":{"V7":"13"},"PV":{"4X":"13","4W":"13","23":"13"},"Q4":{"R5":"13","V5":"13"},"VR":{"XQ":"13","WR":"13","WQ":"13"},"R6":{"9W":"13","9V":"13","CV":"13","8W":"13"},"CW":{"9J":"13","9M":"13"},"WX":{"2R":"13","2V":"13"},"M7":{"7H":"13","8H":"13","7J":"13","8J":"13"},"9J":{"3C":"13","3F":"13"},"R7":{"93":"13"},"CF":{"WH":"13","PP":"13"},"RR":{"84":"13","85":"13","75":"13","74":"13"},"Q8":{"VV":"13","WV":"13","VR":"13","WR":"13","WQ":"13","VQ":"13"},"7V":{"6V":"13"},"R9":{"F9":"13"},"9W":{"4Q":"13","4R":"13"},"8J":{"W5":"13","W6":"13"},"H7":{"9P":"13","8P":"13"},"9X":{"MP":"13"},"J8":{"G3":"13","H4":"13","G4":"13","H3":"13"},"V4":{"54":"13","65":"13","64":"13","55":"13"},"QC":{"7F":"13","6F":"13","6G":"13","6C":"13","7C":"13"},"R5":{"P7":"13","Q7":"13"},"JR":{"Q3":"13"},"FJ":{"RH":"13","QH":"13","RJ":"13"},"8V":{"GR":"13"},"CC":{"H4":"13","H3":"13","J4":"13"},"FR":{"9F":"13","8G":"13","8Q":"13","8F":"13","8R":"13","9G":"13"},"RF":{"54":"13","57":"13","67":"13"},"R8":{"7F":"13","89":"13","6G":"13","8C":"13","7G":"13"},"FW":{"H6":"13"}},"P8":{"6W":{"V2":"13"},"5Q":{"6W":"13"},"QP":{"HW":"13","JV":"13","JW":"13","JX":"13","HV":"13"},"3V":{"4X":"13"},"6V":{"VX":"13"},"M7":{"Q4":"13","Q5":"13","R5":"13","R4":"13"},"C4":{"RV":"13","RW":"13"},"6H":{"2F":"13","3G":"13","2G":"13","3F":"13"},"GR":{"M2":"13"},"VJ":{"X3":"13"},"29":{"49":"13","48":"13"},"WJ":{"23":"13","22":"13"},"2V":{"QG":"13","PV":"13"},"GQ":{"MX":"13"},"4V":{"MJ":"13"},"2J":{"4X":"13","3X":"13","3W":"13"},"CQ":{"5V":"13"},"3P":{"XG":"13","XF":"13","XC":"13"}},"WJ":{"GM":{"JP":"13","HQ":"13","HP":"13","JQ":"13"},"39":{"6X":"13"},"GP":{"H5":"13","H4":"13","G5":"13","H6":"13"},"WR":{"5Q":"13","6Q":"13","5R":"13","JF":"13","HC":"13","JC":"13","6R":"13"},"C6":{"MW":"13"},"CF":{"FX":"13","CX":"13"},"4J":{"93":"13","94":"13"},"5J":{"HF":"13","JF":"13","HG":"13","JG":"13"},"3H":{"R9":"13","Q9":"13","RC":"13","QC":"13"},"CP":{"5G":"13","4G":"13","5F":"13"},"6M":{"M9":"13","J9":"13"},"28":{"W5":"13","V6":"13","W6":"13","V5":"13"},"9M":{"6W":"13","7W":"13"},"HM":{"55":"13","56":"13"},"4C":{"7V":"13"},"48":{"CW":"13","9W":"13","9V":"13"},"3F":{"9X":"13","CX":"13","28":"13"},"4G":{"63":"13","72":"13","52":"13","53":"13","62":"13"},"MQ":{"5M":"13"},"3C":{"72":"13","MQ":"13","MR":"13","JR":"13","62":"13"},"9Q":{"5Q":"13","6Q":"13","5P":"13","6P":"13"},"49":{"9M":"13"},"HV":{"5Q":"13","6Q":"13"},"4M":{"HR":"13"},"CG":{"F2":"13","C2":"13"},"3G":{"C2":"13","92":"13","28":"13"},"PM":{"8H":"13","9H":"13","9G":"13"},"XV":{"8G":"13","8H":"13"},"2G":{"X8":"13"},"HW":{"85":"13","75":"13","C7":"13"},"4F":{"6X":"13"}},"V4":{"G9":{"V9":"13"},"69":{"RC":"13"},"JC":{"32":"13","42":"13"}},"F9":{"XV":{"JJ":"13","JM":"13"},"29":{"2P":"13"}},"W9":{"C6":{"G4":"13","G5":"13"},"J8":{"VV":"13","WV":"13","VR":"13","WR":"13","WQ":"13","VQ":"13"},"8R":{"29":"13","39":"13","2C":"13","3C":"13"}},"H9":{"R3":{"JH":"13","JJ":"13","MH":"13","JG":"13"},"W2":{"8X":"13","7X":"13"},"W3":{"83":"13","72":"13","82":"13","93":"13","92":"13"}},"VG":{"XV":{"H8":"13","G8":"13","G7":"13","F7":"13","C7":"13","C8":"13"},"RV":{"GP":"13","GQ":"13","FP":"13"},"H4":{"M7":"13"},"JF":{"JX":"13"},"R9":{"V7":"13","V8":"13"},"PV":{"QX":"13","PX":"13"},"52":{"P5":"13","Q4":"13","Q5":"13","P4":"13"},"JM":{"5C":"13","69":"13","59":"13","6C":"13"},"JG":{"H2":"13","J2":"13"},"PW":{"Q2":"13","P2":"13"},"MG":{"GX":"13","FX":"13"}},"H4":{"9X":{"PX":"13"},"WR":{"RQ":"13","RP":"13","VP":"13","VQ":"13"},"MP":{"6J":"13","7J":"13"},"V8":{"X7":"13","X8":"13"},"M3":{"PJ":"13","PH":"13"},"FQ":{"P5":"13","M5":"13","P4":"13","M4":"13","M3":"13","P3":"13"},"RC":{"7F":"13","8G":"13","8F":"13","7G":"13"},"X2":{"6F":"13","5G":"13","6G":"13","5F":"13","6C":"13"},"J6":{"8F":"13","9C":"13","53":"13","8C":"13"},"M9":{"FQ":"13","CP":"13","CQ":"13","FP":"13"},"PW":{"X6":"13","W5":"13","X5":"13","W6":"13"},"JG":{"54":"13","55":"13","56":"13"},"RM":{"8M":"13","7M":"13","RQ":"13","VQ":"13"}},"89":{"R3":{"MF":"13","QF":"13","PG":"13","PF":"13","MG":"13"},"VV":{"29":"13","52":"13","28":"13"},"XQ":{"2J":"5","47":"13","2H":"5","48":"13"},"M6":{"2F":"13","2G":"13"},"G4":{"6X":"13"},"X2":{"G3":"13","MQ":"13","G2":"13","PQ":"13"},"W7":{"J3":"13","M4":"13","M3":"13"},"V2":{"VR":"13","WR":"13"},"X3":{"H2":"13"},"X7":{"J3":"13","C6":"13","C7":"13"},"VP":{"QP":"13","QQ":"13"},"Q7":{"G3":"13","Q5":"13"},"XC":{"M8":"13"},"V9":{"G9":"13","H9":"13"}},"H2":{"WM":{"V7":"13","V6":"13"}},"J9":{"G6":{"QX":"13","RX":"13"},"43":{"VR":"13","VQ":"13"},"M3":{"79":"13"},"5J":{"26":"13","25":"13"},"8R":{"3P":"13","2P":"13","3M":"13","2M":"13"},"3P":{"V3":"13","V4":"13"},"5C":{"GP":"13","HP":"13","GM":"13","HM":"13"},"23":{"49":"13","48":"13"},"WJ":{"22":"13"},"VJ":{"X2":"13","X3":"13"},"J5":{"W7":"13"}},"RC":{"VQ":{"J8":"13","JC":"13","M9":"13","M8":"13","MC":"13","J9":"13"},"GX":{"XP":"13"},"9C":{"J7":"13","M6":"13","M8":"13","M7":"13","RC":"13"},"V5":{"6V":"13","6R":"13","8V":"13","6W":"13","7W":"13","7V":"13","7R":"13","8R":"13"},"WR":{"CW":"13","9X":"13","9W":"13","FW":"13","FX":"13","CX":"13"},"H9":{"H9":"13","JC":"13","J9":"13"},"FM":{"2C":"13","2F":"13","3C":"13","3F":"13"},"2M":{"X8":"13"},"35":{"M5":"13","H5":"13","J4":"13","M4":"13","J5":"13"},"3X":{"H5":"3"},"VC":{"9G":"13"},"HR":{"Q3":"13","Q4":"13","Q2":"13","P4":"13","P3":"13"},"R8":{"52":"13","53":"13"},"6M":{"2R":"13","2Q":"13"},"5M":{"XQ":"13","XR":"13"},"PQ":{"F8":"13","F9":"13"},"JJ":{"XM":"13","XJ":"13","WJ":"13","WM":"13"},"6V":{"R5":"13","V4":"13","R4":"13","V5":"13"},"V6":{"QG":"13"},"FH":{"4F":"13","3F":"13"},"RM":{"34":"13","44":"13","45":"13","35":"13"}},"QC":{"58":{"HW":"13","HQ":"13","JQ":"13"},"9Q":{"8V":"13","8R":"13"},"GP":{"QJ":"13","PJ":"13","QM":"13","PM":"13"},"XH":{"23":"13","24":"13"},"35":{"88":"13","98":"13"},"92":{"9W":"13","9V":"13","8V":"13","8W":"13"},"M7":{"GP":"13","FQ":"13","GQ":"13","FP":"13"},"CH":{"M5":"13","M6":"13","J6":"13","J5":"13"},"6R":{"F5":"13","G5":"13","F6":"13","G6":"13"},"MG":{"PC":"13","PF":"13"},"2H":{"6W":"13"},"5J":{"QJ":"13","PJ":"13","PM":"13","QH":"13","PH":"13","MJ":"13","MH":"13"},"F8":{"5G":"13","4G":"13","4H":"13","5H":"13"},"8J":{"CC":"13","FC":"13","FF":"13","CF":"13"},"5W":{"67":"13"},"H6":{"GF":"13","FC":"13","FF":"13","GC":"13"},"5V":{"6X":"13","9W":"13","9V":"13","8V":"13","6W":"13","7W":"13","7V":"13","7X":"13","8W":"13"},"54":{"JF":"13"},"WH":{"W3":"13","X4":"13","X3":"13"},"FW":{"HH":"13","GG":"13","GH":"13"}},"M2":{"JP":{"W2":"13","W3":"13","X2":"13","X3":"13"},"29":{"HJ":"13","HH":"13","JH":"13","JJ":"13"},"3P":{"4J":"13","3J":"13","3H":"13"},"MQ":{"QM":"13","PM":"13","QP":"13","PP":"13","PQ":"13","QQ":"13"},"W9":{"69":"13","79":"13","6C":"13","68":"13","78":"13","7C":"13"},"7X":{"X6":"13","W5":"13","X5":"13","W7":"13","X7":"13","W6":"13"}},"P2":{"43":{"87":"13"},"R5":{"FQ":"13","FP":"13"},"J7":{"52":"13","53":"13"},"VC":{"32":"13","22":"13"},"X2":{"CW":"13","9X":"13","9W":"13","FX":"13","CX":"13"},"PW":{"W3":"13"},"MH":{"75":"13","65":"13","74":"13","64":"13"},"V9":{"3X":"13","2X":"13"}},"PF":{"Q4":{"MP":"13","QM":"13","MJ":"13","MM":"13","PQ":"13","PJ":"13","JM":"13","JJ":"13","JP":"13","QP":"13","PM":"13","PP":"13"},"H9":{"6M":"13","6J":"13"},"9F":{"P5":"13","Q5":"13"},"M2":{"P5":"13"},"75":{"Q4":"13","Q5":"13","P4":"13"},"X7":{"9F":"13"},"M3":{"3V":"13","3R":"13","4V":"13","5R":"13","4R":"13","4W":"13","5V":"13"},"CP":{"CH":"13","9H":"13"},"M6":{"3P":"13","4M":"13","4P":"13"},"PF":{"R3":"13","Q3":"13"},"J6":{"J3":"13","H2":"13","H3":"13","J2":"13","M2":"13","M3":"13"},"Q2":{"3G":"13"},"G3":{"36":"13","5F":"13"},"P4":{"6R":"13","7R":"13"},"GQ":{"XX":"13","XW":"13"},"9Q":{"QJ":"13","QH":"13","8R":"13"},"49":{"F2":"13","G3":"13","F3":"13","G2":"13"},"24":{"XP":"13","WP":"13"},"XV":{"P7":"13"},"HQ":{"2W":"13"},"7J":{"GQ":"13"},"F3":{"JF":"13"},"Q3":{"P5":"13","P6":"13"},"R3":{"H5":"13","H4":"13","G4":"13","G5":"13"},"J5":{"JX":"13"}},"W7":{"FR":{"X9":"13","W8":"13","W9":"13","XC":"13","X8":"13"}},"JC":{"7F":{"R8":"13","V7":"13","R7":"13","V8":"13"},"XX":{"5Q":"13","6Q":"13","5P":"13","6P":"13"},"42":{"Q3":"13","Q4":"13","P4":"13","M2":"13","M3":"13","P3":"13","P2":"13"},"6H":{"34":"13","25":"13","24":"13","35":"13"}},"MC":{"XP":{"3J":"13","2J":"13","3M":"13","2M":"13"},"Q4":{"MF":"13","PG":"13","PF":"13","MG":"13"},"HJ":{"H5":"13","J6":"13","J5":"13","H6":"13"},"JV":{"G2":"13"},"QP":{"34":"13"},"GH":{"42":"13","52":"13"},"FX":{"QR":"13","RR":"13","RQ":"13","QQ":"13"},"FP":{"7Q":"13","8Q":"13","7R":"13","8R":"13"}},"P5":{"39":{"P5":"13","P6":"13"},"J3":{"QJ":"13","RJ":"13"},"X9":{"F3":"13","G4":"13","F4":"13"},"R8":{"JW":"13","MW":"13"},"5H":{"QQ":"13"},"73":{"HW":"13","JV":"13","JW":"13","HV":"13"},"4G":{"FR":"13"},"7W":{"HF":"13","HG":"13"},"79":{"W7":"13","W8":"13"},"JH":{"W4":"13","V3":"13","V4":"13","W3":"13"},"G7":{"86":"13","97":"13","96":"13"},"GJ":{"FG":"13","CG":"13","FF":"13","CF":"13"}},"V6":{"48":{"58":"13"}},"M7":{"GM":{"F3":"13","F4":"13"},"HH":{"JC":"13","M9":"13","MC":"13","J9":"13"},"VV":{"9W":"13","9V":"13","8V":"13","8W":"13"},"2P":{"95":"13","C5":"13","C4":"13","94":"13"},"M3":{"MV":"13","PV":"13","MR":"13","PW":"13","PR":"13","MW":"13"},"W6":{"P7":"13","P6":"13","Q7":"13"},"46":{"4J":"13","3J":"13","3H":"13"},"WM":{"8M":"13","9P":"13","9M":"13","8P":"13"},"CW":{"RW":"13","VW":"13","RX":"13","WX":"13","VX":"13"},"J8":{"QR":"13","RR":"13","VR":"13","RQ":"13","QQ":"13","VQ":"13"},"JM":{"VG":"13","VF":"13"},"H6":{"93":"13","C3":"13|5","C4":"13|5","94":"13"},"C2":{"88":"13","89":"13","79":"13","78":"13"},"J9":{"R9":"13","VC":"13","Q9":"13","V9":"13","RC":"13","QC":"13"},"2F":{"9X":"13","CX":"13"},"82":{"XG":"3","WG":"3"},"QX":{"29":"13","28":"13"},"JV":{"7M":"13","7P":"13","6M":"13","6P":"13"},"9P":{"26":"13","25":"13"},"WC":{"3X":"13","2X":"13"},"PX":{"X9":"13","X8":"13"},"55":{"W2":"13","X2":"13"},"WF":{"32":"13","23":"13","33":"13","22":"13"},"96":{"FC":"13","FF":"13","CF":"13"},"54":{"XX":"13","WX":"13"},"8P":{"X6":"13","X5":"13"}},"CC":{"Q3":{"2C":"13"},"C6":{"23":"13"},"M6":{"JH":"13","JG":"13"},"77":{"3J":"13","2J":"13","2H":"13","3H":"13"},"48":{"F2":"13"}},"Q2":{"7G":{"52":"13"},"Q8":{"9X":"13","8X":"13"},"MJ":{"C4":"13"},"34":{"7F":"13","8G":"13","8H":"13","8F":"13","7G":"13"},"JJ":{"42":"13"},"FV":{"3C":"13"},"7P":{"FR":"13","GR":"13"},"56":{"P4":"13","M4":"13","M3":"13","P3":"13"},"RP":{"HF":"13","GF":"13","HC":"13","GC":"13"},"P9":{"52":"13","53":"13"},"7V":{"V7":"13"},"GH":{"VF":"13"},"PH":{"FQ":"13","FP":"13"},"67":{"PW":"13"}},"P9":{"78":{"Q8":"13","P7":"13","P8":"13","Q7":"13"},"R9":{"MX":"13","PV":"13","QW":"13","PX":"13","PW":"13","MW":"13","QV":"13"},"2P":{"X7":"13","X8":"13"},"WW":{"W2":"13","W3":"13","X2":"13","X3":"13"},"V8":{"MQ":"13","JQ":"13"},"83":{"V3":"13","V4":"13"},"RC":{"P2":"13"},"G2":{"2F":"13","3G":"13","2G":"13","3F":"13"},"3P":{"28":"13","27":"13"},"6W":{"2X":"13"},"P4":{"CH":"13","9H":"13","CG":"13","9G":"13"},"J2":{"CC":"13","FC":"13","FF":"13","CF":"13"},"C7":{"Q3":"13","Q2":"13","P3":"13","P2":"13"},"X3":{"X2":"13","X3":"13"},"PP":{"JR":"13","HR":"13"},"RX":{"WX":"13","VX":"13"},"V9":{"9Q":"13","7Q":"13","7P":"13","8Q":"13","9P":"13","8P":"13"}},"MF":{"F7":{"XG":"13","XH":"13","WQ":"13","WP":"13"},"Q4":{"PJ":"13","MM":"13","PM":"13","MJ":"13"},"3V":{"CP":"13","CM":"13","9M":"13"},"VV":{"MX":"13","JW":"13","JX":"13","MW":"13"},"VW":{"H5":"13","H6":"13"},"P4":{"QM":"13","RM":"13"},"36":{"HJ":"13","JJ":"13","HM":"13"},"9H":{"7H":"13","6H":"13","6J":"13","7J":"13"},"JV":{"9X":"13","9W":"13","8V":"13","8X":"13","8W":"13"},"7R":{"VV":"13","WV":"13","VR":"13","WR":"13"},"6P":{"Q3":"13"},"G7":{"2G":"13","2H":"13"}},"FC":{"W2":{"2J":"13","2H":"13"},"Q6":{"VR":"13","VQ":"13"},"42":{"W8":"13"},"V2":{"XH":"13"},"22":{"X6":"13","X5":"13"}},"VF":{"XF":{"8V":"13"},"V3":{"QP":"13","PP":"13","PQ":"13","QQ":"13"},"J5":{"69":"13","79":"13","78":"13"},"33":{"3J":"13","3M":"13"},"XQ":{"46":"13","56":"13"},"7P":{"WC":"13"},"6H":{"42":"13"},"6R":{"26":"13"},"PP":{"FV":"13","CV":"13"},"2C":{"29":"13","37":"13","27":"13"},"2R":{"XX":"13","WX":"13","WW":"13","XW":"13"},"53":{"X5":"13","X4":"13"},"5H":{"V7":"13","V8":"13"},"VF":{"VJ":"13","VM":"13"},"X9":{"CG":"13"},"5W":{"64":"13"},"JX":{"P2":"13"},"JW":{"XV":"13","WV":"13","WW":"13","XW":"13"},"3J":{"RM":"13"},"JG":{"FJ":"13","GM":"13","FM":"13","GJ":"13"},"XX":{"QH":"13","WJ":"13"},"CJ":{"MF":"13","JC":"13","M9":"13","M8":"13","PC":"13","MC":"13","PF":"13","J9":"13"},"W7":{"Q6":"13","R6":"13","Q7":"13"},"9R":{"4M":"13"},"4J":{"69":"13"},"XG":{"9Q":"13","9P":"13","8P":"13"},"6G":{"6V":"13","4X":"13","3X":"13","GR":"13"},"3P":{"95":"13","C5":"13","C4":"13"}},"V7":{"4V":{"M9":"13","P9":"13","PC":"13","MC":"13"}},"H3":{"QM":{"4X":"13","5X":"13"},"X2":{"76":"13","77":"13"},"JH":{"HW":"13","JV":"13","HQ":"13","JW":"13","JR":"13","HR":"13","HV":"13"},"QP":{"42":"13","52":"13"},"MC":{"5J":"13","6H":"13","6J":"13"}},"M3":{"HX":{"JG":"13","MG":"13"},"3V":{"H5":"13","H4":"13","J4":"13","J5":"13"},"75":{"G6":"13","H6":"13"},"MJ":{"2W":"13","2V":"13"},"RQ":{"W2":"13","V2":"13"},"M9":{"G3":"13","G2":"13"},"JJ":{"XV":"13","XW":"13"},"VX":{"9W":"13"},"7X":{"P3":"13"},"23":{"RJ":"13","RM":"13"},"JQ":{"HW":"13"},"VJ":{"XM":"13","XJ":"13","WJ":"13"},"MX":{"PP":"13","MP":"13"},"PP":{"7R":"13","8R":"13"},"V9":{"CP":"13","CM":"13"},"J5":{"VJ":"13","VM":"13"},"HF":{"Q7":"13"}},"V9":{"Q8":{"5Q":"13","6Q":"13","5R":"13","5P":"13","6R":"13","6P":"13"},"3M":{"6X":"13","7X":"13"},"XX":{"88":"13","86":"13","97":"13","76":"13","87":"13","77":"13","78":"13"},"PJ":{"FQ":"13","CP":"13","FP":"13"},"3P":{"72":"13","62":"13"},"5C":{"RV":"13","RW":"13","VV":"13","RR":"13","VR":"13","VW":"13"},"JF":{"CJ":"13","9J":"13","9H":"13"},"9H":{"R9":"13","VC":"13","RC":"13","V9":"13"}},"J7":{"QW":{"8G":"13"},"35":{"7J":"13","7F":"13","6M":"13","5P":"13","7H":"13","6P":"13","4C":"13","4P":"13","2M":"13","2F":"13","2G":"13","7G":"13","5F":"13","5C":"13","3Q":"13","3C":"13","4F":"13","6C":"13","3F":"13","3M":"13","7M":"13","2J":"13","6F":"13","4Q":"13","3P":"13"},"86":{"9Q":"13","8Q":"13","9P":"13","8P":"13"},"84":{"FW":"13","5H":"13"},"25":{"XG":"13","XH":"13","XJ":"13"},"F4":{"86":"13","C6":"13","85":"13","95":"13","96":"13","C5":"13"},"62":{"H4":"13","J4":"13"},"92":{"6F":"13","6G":"13"},"RM":{"6X":"13","5X":"13"},"73":{"28":"5"},"QC":{"HJ":"13","HH":"13","GG":"13","FG":"13","GH":"13","GJ":"13"},"RP":{"52":"13","62":"13"},"3F":{"R9":"13","VC":"13","V9":"13","RC":"13"},"6J":{"CP":"13","CQ":"13"},"47":{"9X":"13","9W":"13","8X":"13","8W":"13"},"X4":{"HQ":"13","HR":"13","GR":"13"},"Q4":{"JP":"13","JQ":"13"},"42":{"R3":"13","Q3":"13","29":"13","2C":"13","Q2":"13","R2":"13","2F":"13","P3":"13","P2":"13"},"4J":{"6J":"13"},"V3":{"XX":"13","XW":"13"},"W3":{"2W":"13","2X":"13"},"2X":{"R3":"13","V3":"13","V4":"13","R4":"13"},"52":{"XV":"13","WV":"13","WR":"13","WQ":"13","WX":"13","WW":"13","XW":"13"},"FP":{"HQ":"13","JQ":"13"},"Q2":{"XW":"13"},"XV":{"F5":"13","F6":"13"},"43":{"XX":"13","WX":"13"},"R2":{"2W":"13","2X":"13"},"82":{"H5":"13","H4":"13"},"2H":{"V3":"13","V4":"13"},"72":{"JV":"13","HQ":"13","JQ":"13","JR":"13","HR":"13","HV":"13"},"C3":{"VV":"13","VR":"13"},"X5":{"67":"13","68":"13"},"76":{"36":"13","37":"13","47":"13"},"26":{"28":"13","27":"13"},"23":{"J3":"13","J2":"13","J4":"13","M2":"13","M3":"13"},"64":{"RV":"13","QR":"13","RR":"13","QV":"13"},"63":{"W4":"13","W5":"13","X5":"13","X4":"13"},"VJ":{"V7":"13","XF":"13","V8":"13"},"54":{"HJ":"13","GP":"13","HQ":"13","HP":"13","GM":"13","GQ":"13","GJ":"13","HM":"13"},"74":{"X2":"13","FX":"13","CX":"13"},"32":{"XF":"13","X9":"13","XC":"13"},"XJ":{"G7":"13","F7":"13","F6":"13","G6":"13"},"78":{"7W":"13","9Q":"13","6W":"13","8W":"13","6V":"13","6R":"13","8Q":"13","7R":"13","8R":"13","9V":"13","7Q":"13","7V":"13","9W":"13","2Q":"13","3Q":"13","8V":"13","9R":"13","6Q":"13","3P":"13","2P":"13"},"RH":{"RX":"13","VX":"13"},"22":{"QJ":"13","QM":"13","RJ":"13","QP":"13","RP":"13","RM":"13"},"59":{"F7":"13"},"44":{"W2":"13","X2":"13"},"8G":{"QJ":"13","RH":"13","QH":"13"},"75":{"F2":"13","C2":"13"}},"M9":{"W4":{"GW":"13","GV":"13"},"V3":{"5M":"13","5P":"13"},"CC":{"9G":"13"},"XX":{"V4":"13","R4":"13"},"R7":{"2F":"13","2G":"13"},"2P":{"R7":"13"},"P4":{"C5":"13","C4":"13"},"W8":{"39":"13"},"43":{"G4":"13","G5":"13"},"QQ":{"VV":"13","VW":"13"},"P3":{"88":"13","87":"13"},"F9":{"8M":"13","8P":"13"},"94":{"83":"13","82":"13","92":"13"},"QV":{"XX":"13","WX":"13","WW":"13","XW":"13"}},"W3":{"2C":{"QJ":"13","QH":"13","QM":"13","MJ":"13","PJ":"13","QG":"13","QP":"13","PM":"13","PH":"13","MH":"13","PP":"13","RM":"13"},"46":{"FH":"13","FJ":"13","GM":"13","GH":"13","FM":"13","GJ":"13"}},"Q6":{"FV":{"Q8":"13","P7":"13","P8":"13","Q7":"13"}},"98":{"GP":{"76":"13","87":"13","77":"13","95":"13","94":"13"},"7M":{"FG":"13","FF":"13"},"9P":{"Q4":"13","J8":"13","R4":"13"},"MP":{"6P":"13"},"7V":{"RR":"13","RQ":"13"},"CR":{"QJ":"13","PJ":"13","WQ":"13","WP":"13"},"8W":{"MM":"13","8Q":"13"}},"QH":{"X2":{"9X":"13","9W":"13","8X":"13","7X":"13","8W":"13"},"X3":{"83":"13","73":"13","72":"13","C2":"13","82":"13","93":"13","92":"13","C3":"13"}},"Q8":{"7G":{"5R":"13","6V":"13","4R":"13","6R":"13","5V":"13","4V":"13"},"P3":{"88":"13","69":"13","89":"13","79":"13","68":"13","78":"13"},"M2":{"MW":"13"},"MW":{"28":"13","27":"13"},"FC":{"92":"13"},"F9":{"9X":"13","9W":"13","8X":"13","8W":"13"},"Q6":{"5J":"13","5M":"13","5P":"13","6M":"13","6P":"13"},"JW":{"X6":"13","X7":"13"},"MH":{"MQ":"13","MR":"13","PR":"13"},"XV":{"XP":"13"},"7Q":{"8Q":"13","9R":"13","8R":"13"}}}}