{"index":{"university,1|retail,2|tourism,3|wreck,4|historical,5|artsCulture,6|namedBuilding,7|water,8|wetland,9|park,10|beach,11|natureReserve,12|cemetery,13|trail,14":{}},"4V":{"FJ":{"3R":{"GG":"13","GH":"13"},"CM":{"9J":"13"},"6H":{"X6":"13"},"4Q":{"7W":"13"},"5R":{"7F":"13","7G":"13"},"4R":{"25":"13"},"5V":{"75":"13"},"8M":{"99":"13","7J":"13"}},"7H":{"C5":{"WH":"13"},"H7":{"P5":"13","Q4":"13","Q5":"13","Q6":"13","M6":"13","P6":"13","P4":"13"},"43":{"PP":"13"},"Q8":{"23":"13","22":"13"},"P8":{"X2":"13","X3":"13"},"X6":{"76":"13","77":"13"},"W6":{"2R":"13","2V":"13"},"WP":{"PG":"13"},"XH":{"VF":"13"},"33":{"JV":"13","JW":"13"},"H4":{"6M":"13"},"73":{"65":"13","66":"13","55":"13","57":"13","56":"13","67":"13"},"P4":{"QF":"13","QG":"13","PF":"13"},"72":{"7H":"13"},"V6":{"XR":"13"},"P7":{"VF":"13"}},"FQ":{"XF":{"JX":"13","9G":"13"},"74":{"3V":"13","2P":"13","2Q":"13","3R":"13"},"RQ":{"JV":"13","JW":"13"},"PJ":{"7H":"13","6H":"13","6G":"13","7G":"13"},"RH":{"63":"13","73":"13","64":"13","53":"13","62":"13"},"FC":{"32":"13","H2":"13","22":"13"},"WF":{"7Q":"13","7R":"13"},"C8":{"FR":"13","CP":"13"},"XQ":{"9P":"13"},"65":{"W2":"13","X2":"13"},"X8":{"2R":"13"},"85":{"4P":"13"},"6M":{"MM":"13","MH":"13"},"42":{"MX":"13","HH":"13","JX":"13","GH":"13"},"7P":{"JC":"13"},"86":{"GQ":"13","GR":"13"},"XJ":{"5R":"13"},"W8":{"XR":"13"},"VP":{"VC":"13","V9":"13"},"MM":{"H8":"13","G6":"13","F7":"13","H7":"13","G9":"13","G5":"13","F6":"13","F8":"13","H6":"13","G8":"13","G7":"13"},"X5":{"6F":"13","H7":"13","9H":"13","9G":"13"},"F9":{"2X":"13"},"2M":{"X8":"13","WR":"13","W8":"13","XQ":"13","X7":"13","X9":"13","QF":"13","W9":"13","QC":"13","WQ":"13","XR":"13","PC":"13","WC":"13"},"H8":{"P5":"13","P6":"13","V6":"13","62":"13"},"79":{"95":"5"},"W5":{"PJ":"13"},"PG":{"Q5":"13","H9":"13","HC":"13","JC":"13","J9":"13"},"RG":{"R3":"13","R2":"13"},"MJ":{"5R":"13","4Q":"13","4R":"13","5V":"13","4V":"13"},"Q8":{"JC":"13","99":"13","89":"13","XH":"13","XJ":"13"},"R9":{"FX":"13"},"H7":{"6X":"13"},"G8":{"98":"13","C6":"13","97":"13","C7":"13","96":"13"},"W9":{"F9":"13"},"XC":{"R5":"13"},"X6":{"37":"13","4F":"13","47":"13","3F":"13"},"MV":{"6J":"13"},"2G":{"2W":"13","3X":"13","2X":"13","3W":"13"},"VC":{"XX":"13","F8":"13","F9":"13"},"43":{"F8":"13","J2":"13","M2":"13","C8":"13"},"QH":{"4P":"13"},"3J":{"9P":"13"},"HV":{"F5":"13","G5":"13","F6":"13","G6":"13"},"HC":{"H8":"13"},"C7":{"H5":"13","3V":"13","2W":"13","G5":"13","3W":"13","H6":"13","G6":"13"},"32":{"86":"13","97":"13","87":"13","96":"13"},"QC":{"XV":"13","WV":"13","WW":"13","XW":"13"},"G7":{"HJ":"13"},"W7":{"4M":"13"},"96":{"29":"13","XH":"13","WM":"13"},"8V":{"C9":"13"},"6C":{"6M":"5"},"8P":{"Q5":"13","R5":"13","R6":"13"},"97":{"G9":"13","FC":"13","GC":"13"},"8M":{"WQ":"13","WP":"13"},"RC":{"F2":"13","G2":"13"},"WC":{"QF":"13","QG":"13","PG":"13","PF":"13"},"HQ":{"FQ":"13","CQ":"13","CR":"13"},"MQ":{"X5":"13","X4":"13"},"64":{"XP":"13","XQ":"13","XX":"13","WX":"13","XW":"13"},"R8":{"2J":"13","2H":"13"},"MF":{"W2":"13","W3":"13","X2":"13","X3":"13"},"MR":{"7M":"13","7P":"13","7J":"13"},"76":{"C4":"13"}},"MQ":{"Q3":{"J3":"13"},"62":{"66":"13"},"P9":{"XR":"13"},"33":{"W9":"13"},"65":{"GM":"13"},"7F":{"C7":"5"},"7P":{"9F":"13","CG":"13","9G":"13","CF":"13"},"5P":{"C6":"13","97":"13","C7":"13","96":"13"},"V9":{"R3":"13","C6":"5","92":"13","H6":"13"},"2R":{"QR":"5"},"53":{"X7":"13","X8":"13"},"22":{"5P":"13","7R":"13"},"7C":{"WJ":"13"},"56":{"P2":"13"},"24":{"X3":"13"},"R9":{"H4":"13"},"2F":{"9X":"13"},"2G":{"92":"13"},"VC":{"MF":"5"},"7G":{"54":"13","44":"13","43":"13","53":"13"},"5F":{"94":"13"},"32":{"F2":"13"},"9F":{"69":"13","68":"13"},"4F":{"WC":"13","XC":"13"},"54":{"GP":"5"},"8H":{"V3":"13","74":"13"},"4R":{"7C":"13"},"6F":{"QX":"13"},"23":{"MQ":"13","JQ":"5"},"MF":{"VR":"13","WR":"13"}},"QM":{"63":{"4X":"13","4W":"13","3X":"13","3W":"13"},"26":{"29":"13","28":"13"},"73":{"32":"13"},"36":{"85":"13","74":"13"},"37":{"M8":"13"},"2F":{"42":"13"},"72":{"3X":"13"},"2P":{"34":"13"},"2J":{"W8":"13","V9":"13"},"2G":{"4F":"13","3G":"13","4G":"13","8P":"13"},"55":{"J2":"13"},"4C":{"F2":"13"},"3H":{"4J":"13"}},"PP":{"H3":{"QF":"13","VH":"13"},"7H":{"H2":"13"},"H8":{"VR":"13"},"62":{"MX":"13"},"92":{"R2":"13","H6":"13"},"P3":{"CG":"13","5V":"13"},"F3":{"J2":"13","F9":"13"},"68":{"X6":"13","X5":"13","Q9":"13"},"J5":{"H5":"13"},"Q7":{"F7":"13"},"FC":{"VG":"13","V4":"13"},"M6":{"5G":"13","57":"13","56":"13"},"F7":{"7C":"13"},"G2":{"3P":"13"},"52":{"9W":"13","GR":"13"},"97":{"4Q":"13","4R":"13","3R":"13"},"49":{"72":"13"},"GC":{"VH":"13"},"V2":{"34":"13"},"Q6":{"GM":"13"},"C9":{"M8":"13"},"77":{"34":"13","44":"13","25":"13","24":"13","45":"13","35":"13","33":"13"},"57":{"4P":"13"},"5C":{"6C":"13"},"64":{"PF":"13"},"63":{"HP":"13"},"P4":{"RH":"13","VH":"13","PF":"13"},"M8":{"3X":"13","J2":"13"},"2F":{"3F":"13"},"J8":{"4W":"13","5W":"13","Q7":"13"},"74":{"8R":"13"},"78":{"26":"13","25":"13","H7":"13"},"87":{"5R":"13","4R":"13","4V":"13"},"FF":{"C6":"13"},"J3":{"FH":"13","FJ":"13","GH":"13","GJ":"13"},"89":{"3P":"13"},"36":{"3H":"13"},"56":{"FC":"13","FF":"13"},"69":{"R9":"13"},"G5":{"68":"13"}},"5F":{"GM":{"X9":"13","XC":"13"},"WV":{"42":"13","43":"13"},"H3":{"97":"13"},"MP":{"33":"13"},"R9":{"26":"13","36":"13","37":"13","27":"13"},"FJ":{"V3":"13","W2":"13","W3":"13","V2":"13"},"QQ":{"C6":"13","C2":"13","C3":"13","C5":"13"},"MF":{"2F":"13"},"W4":{"24":"13"},"F2":{"4Q":"13"},"XG":{"JC":"13","MC":"13"},"PJ":{"F2":"13","C2":"13"},"94":{"RH":"13"},"HM":{"29":"13","2C":"13"},"FC":{"5P":"13"},"PR":{"MX":"13","X7":"13","7X":"13","X8":"13","MW":"13"},"C8":{"4W":"13","5W":"13"},"VX":{"8G":"13","8H":"13","MP":"13","Q9":"13"},"X5":{"G4":"13","F4":"13"},"JQ":{"P6":"13"},"QR":{"28":"13","27":"13"},"V6":{"XQ":"13"},"PW":{"6F":"13"}},"GR":{"8V":{"CJ":"13","9J":"13"},"9P":{"C2":"13"},"5X":{"VP":"13"},"FQ":{"J7":"13","J8":"13","M8":"13","QQ":"13"},"4P":{"X8":"13"},"3R":{"XJ":"13"},"8Q":{"MM":"13","4W":"13","2R":"13","MJ":"13","2Q":"13","JM":"13","3W":"13"},"GR":{"86":"13","47":"5"},"9V":{"WG":"13","9C":"13"},"6M":{"HQ":"13","GQ":"13|5"},"CP":{"V2":"13"},"3H":{"5C":"13","59":"13"},"GW":{"52":"13|5","53":"13","62":"13"},"4J":{"9G":"13"},"CW":{"22":"13"},"FV":{"W5":"13","W2":"13","W4":"13","X2":"13","W3":"13","X4":"13","X5":"13","X3":"13"},"2J":{"M5":"13","4Q":"13"},"28":{"XW":"13"},"5J":{"GX":"13"},"9W":{"RF":"13"},"2H":{"RW":"13","RX":"13"},"HP":{"69":"13"},"57":{"8R":"13"},"9M":{"QX":"13","PQ":"13","7W":"13"},"5C":{"JQ":"13"},"FR":{"CJ":"13","XX":"13","CP":"13","CM":"13","9P":"13","9M":"13","WX":"13","WW":"13"},"CR":{"XP":"13","XQ":"13","WQ":"13","WP":"13"},"JV":{"26":"13","5J":"13","4P":"13","27":"13"},"VJ":{"C5":"13"},"CQ":{"86":"13","85":"13","95":"13","96":"13"},"MW":{"F2":"13","C2":"13","C4":"13"},"39":{"PG":"13","PH":"13","MH":"13"},"9Q":{"25":"13","24":"13"},"3P":{"GC":"5"},"9R":{"9F":"13","8G":"13","8F":"13","9C":"13","9G":"13","CF":"13"},"PX":{"FV":"13"},"37":{"2F":"13","P2":"13"}},"GM":{"FX":{"C3":"13"},"QQ":{"WQ":"13"},"GV":{"Q7":"13"},"RQ":{"5X":"13"},"VW":{"27":"13"},"GR":{"XV":"13","XW":"13|5"},"PR":{"6P":"13","C5":"13"},"MQ":{"8X":"13"},"RR":{"8V":"13"},"VX":{"M5":"13","R5":"13"},"RV":{"5J":"13","5M":"13"},"FW":{"RH":"13","VH":"13"},"RW":{"X7":"13"}},"PM":{"J6":{"WX":"13"},"MJ":{"5C":"13"},"PG":{"J4":"13"},"FX":{"GJ":"13"},"WP":{"2F":"13"},"PV":{"MV":"13","PV":"13","PW":"13","MW":"13"},"GC":{"34":"13","44":"13","45":"13","35":"13"},"H7":{"5P":"13"},"JF":{"FQ":"13","8P":"13"},"4Q":{"V6":"13","W6":"13"},"GP":{"QV":"13"},"VP":{"J3":"13","Q9":"13"},"8J":{"5Q":"13"},"WF":{"2Q":"13"},"MX":{"GF":"13"},"GM":{"2W":"13"},"PM":{"75":"13","65":"13","76":"13","66":"13"},"XC":{"M9":"13"},"HG":{"R5":"13","R4":"13"},"GH":{"4Q":"13","4P":"13"},"QX":{"J6":"13"},"QG":{"6H":"13","GV":"13"},"XR":{"XV":"13"},"5W":{"R3":"13"},"HW":{"QX":"13"},"X7":{"34":"13","4P":"13"},"RV":{"82":"13"},"XF":{"Q7":"13"},"GF":{"C6":"13"},"MR":{"7R":"13"},"WC":{"JP":"13"},"V8":{"HJ":"13"},"R4":{"7Q":"13"},"GX":{"P8":"13"},"MP":{"9Q":"13"},"P4":{"PV":"13","JR":"13"},"MG":{"3R":"13"},"WG":{"64":"13"},"2V":{"Q8":"13","R9":"13","P6":"13","P5":"13","M5":"13","R8":"13","M6":"13"},"R8":{"VV":"13","7V":"13"},"8V":{"9X":"13"},"7G":{"HR":"13"},"HQ":{"HQ":"13","JQ":"13","JR":"13","HR":"13","68":"13","GV":"13"},"XV":{"M2":"13","GC":"13"},"X6":{"X9":"13","X8":"13","G6":"13"},"MV":{"MF":"13","73":"13","MG":"13"},"M6":{"FH":"13","J6":"13"},"XP":{"56":"13"},"GJ":{"P5":"13","PV":"13"},"JV":{"F3":"13"},"JG":{"WV":"13"},"FQ":{"F2":"13","X8":"13"},"9V":{"47":"13"},"HR":{"6C":"13"},"JX":{"Q2":"13"},"3V":{"65":"13"},"GG":{"WF":"13","WC":"13"},"FM":{"HX":"13"},"2X":{"39":"13"},"R6":{"RG":"13"},"P6":{"V2":"13"},"XH":{"39":"13","WM":"13"},"8W":{"2R":"13"},"6M":{"JW":"13"},"CV":{"G2":"13"},"XQ":{"4R":"13"},"JR":{"3M":"13"},"H9":{"W9":"13"},"J9":{"FJ":"13"},"CR":{"CJ":"13"},"G9":{"WH":"13"},"RC":{"X5":"13"},"6P":{"G4":"13"},"W7":{"5Q":"13"},"JC":{"85":"13","95":"13"},"R5":{"G3":"13","CM":"13"},"MH":{"67":"13"},"P5":{"5P":"13","RX":"13"},"XW":{"85":"13","75":"13"},"GR":{"9Q":"13","VJ":"13","9P":"13"},"MQ":{"J8":"13","F5":"13","92":"13","F6":"13"},"M7":{"7Q":"13","6Q":"13"},"CC":{"JF":"13"},"VQ":{"WF":"13"},"P9":{"RV":"13"},"V7":{"MF":"13","G3":"13","F3":"13","G4":"13","F4":"13","MC":"13"},"V9":{"QM":"13"},"GQ":{"WQ":"13","HM":"13"},"4V":{"49":"13"},"Q6":{"66":"13"},"WQ":{"78":"13"},"WM":{"HP":"13"},"MM":{"64":"13","47":"13"}},"CP":{"83":{"85":"13"},"54":{"PQ":"13"},"WV":{"XG":"13","VG":"13","VF":"13","WF":"13","WG":"13","M2":"13","WC":"13","M3":"13","P3":"13","P2":"13"},"QR":{"G5":"13"},"PM":{"GX":"13","FX":"13"},"VR":{"HJ":"13","HP":"13","4R":"13","FM":"13","JM":"13","FP":"13","3R":"13","HM":"13"},"VW":{"P9":"13","PC":"13","V8":"13","V9":"13"},"V2":{"MM":"13"},"RX":{"39":"13","35":"13","34":"13","25":"13","45":"13","48":"13","37":"13","44":"13","36":"13","38":"13","95":"13","96":"13"},"RQ":{"2J":"13"},"PP":{"GX":"13","HX":"13","H3":"13","H2":"13","FX":"13","J3":"13","C3":"13","F2":"13","G2":"13","C2":"13","G3":"13","J2":"13","GW":"13","FW":"13","F3":"13","CX":"13"},"P4":{"9X":"13"},"PQ":{"H3":"13","6C":"13","H2":"13","C3":"13","92":"13","F2":"13","G2":"13","C2":"13","G3":"13","69":"13","F3":"13"},"QW":{"73":"13","Q2":"13","74":"13","W9":"13","P2":"13"},"PX":{"F9":"13"},"P2":{"FR":"13","FQ":"13","GQ":"13","GR":"13"},"QV":{"H9":"13","HC":"13","QW":"13","F9":"5"}},"JR":{"58":{"V4":"13"},"75":{"R3":"13","Q3":"13","Q4":"13","Q5":"13","R4":"13","F9":"13"},"68":{"2P":"13","3M":"13","5X":"13","3P":"13","6W":"13","7P":"13","6V":"13","6P":"13"},"3X":{"5W":"13","5V":"13"},"83":{"4W":"13","PQ":"13","F9":"13"},"92":{"XM":"13"},"4Q":{"57":"13"},"3W":{"FV":"13","FR":"13"},"94":{"7F":"13"},"3P":{"9W":"13"},"2X":{"V7":"13","V6":"13","RM":"13"},"52":{"H7":"13"},"64":{"J8":"13","H9":"13","H8":"13","J9":"13"},"85":{"83":"13","73":"13","FC":"13","72":"13","82":"13","3M":"13","GC":"13"},"93":{"R8":"13","JC":"13","R9":"13"},"6F":{"W7":"13","P2":"13"},"69":{"54":"13","64":"13","53":"13"},"87":{"22":"13"},"86":{"F3":"13","74":"13"},"76":{"P8":"13","PP":"13"},"84":{"C6":"13","C5":"13"},"55":{"73":"13"},"54":{"29":"13"}},"CM":{"FQ":{"MX":"13","JW":"13","MW":"13"},"H2":{"RW":"13","QX":"13","RX":"13","QW":"13"},"PR":{"6X":"13"},"M7":{"G3":"13","J3":"13","H2":"13","H3":"13","J2":"13","G2":"13"},"Q2":{"85":"13","75":"13"},"M4":{"2X":"13","64":"13","MP":"13","M7":"13"},"PQ":{"99":"13","89":"13"},"GR":{"J3":"13","H3":"13","J2":"13"},"8X":{"HQ":"13"},"GW":{"H2":"13"},"H3":{"XM":"13","V2":"13","XJ":"13"},"P2":{"H4":"13"},"FH":{"PQ":"13"},"PM":{"7Q":"13","6Q":"13","67":"13"},"M6":{"MX":"13","WH":"13","JW":"13","HX":"13","WG":"13","JX":"13"},"M5":{"3G":"13","2G":"13","2H":"13","3H":"13"},"V2":{"CC":"13","FC":"13","C9":"13","F9":"13"},"HX":{"C6":"13","F6":"13"},"P8":{"R3":"13","W4":"13","V3":"13","W2":"13","V4":"13","W3":"13","V2":"13"},"QH":{"QJ":"13","PJ":"13"},"CG":{"RV":"13","QR":"13","RR":"13","QV":"13"},"Q9":{"V6":"13","QV":"13"},"FV":{"F8":"13","C9":"13","C8":"13","F9":"13"},"GX":{"HH":"13","GG":"13","GH":"13"},"PX":{"6X":"13","5W":"13","5X":"13","6W":"13"},"WP":{"H3":"5"},"RC":{"QR":"13"},"FW":{"7Q":"13","6Q":"13","6V":"13","6R":"13","7R":"13"},"JJ":{"VJ":"13"}},"5G":{"W5":{"8M":"13","7M":"13","7J":"13","8J":"13"},"X4":{"F2":"13","C2":"13"},"X2":{"4J":"13","4H":"13"}},"GV":{"WV":{"WP":"13"},"XM":{"3J":"13"},"QW":{"Q7":"13"},"V5":{"MP":"13","MW":"13"},"WR":{"VR":"13","WR":"13","WQ":"13","VQ":"13"},"XQ":{"J8":"13","MC":"13"},"XC":{"39":"13","H3":"13","2P":"13","J3":"13","2M":"13","29":"13","28":"13","HM":"13","48":"13","37":"13","JX":"13","38":"13","72":"13","95":"13","JG":"13","9P":"13","8Q":"13"},"WH":{"XF":"13"},"WW":{"86":"13","4W":"13","5M":"13","6G":"13","96":"13","3W":"13"},"XP":{"HP":"13","5G":"13"},"XH":{"3V":"13"},"X9":{"JV":"13","9C":"13","FM":"13","GV":"13"},"XJ":{"84":"13","37":"13","55":"13"},"W4":{"JH":"13","JG":"13","GR":"13"},"VW":{"MJ":"13"},"WX":{"2J":"13"},"W7":{"6M":"13"},"XV":{"39":"13"},"X3":{"4M":"13"},"RW":{"QJ":"13","VP":"13"}},"7C":{"5M":{"5P":"13"},"49":{"XV":"13","XW":"13"},"3R":{"5G":"13","6G":"13","5H":"13"}},"FP":{"4X":{"3P":"13"},"2X":{"F7":"13"}},"JQ":{"Q6":{"JF":"13"},"58":{"W4":"13","W5":"13","V4":"13","W6":"13","V5":"13"},"F5":{"95":"13","C5":"13"},"RH":{"M5":"13","M6":"13","P7":"13","P6":"13","M7":"13"},"FC":{"QJ":"13"},"95":{"MX":"13","VJ":"13","RJ":"13","VM":"13","RQ":"13","JX":"13","RP":"13","RM":"13"},"5Q":{"W2":"13","W3":"13","X2":"13","X3":"13"},"38":{"67":"13","V8":"13"},"C8":{"WC":"13"},"GG":{"Q2":"13"},"VR":{"9X":"13"},"CW":{"84":"13","95":"13","94":"13"},"65":{"4F":"13"},"Q7":{"39":"13"},"3V":{"Q7":"13"},"QV":{"F4":"13","C3":"13","C4":"13"},"85":{"98":"13","97":"13","99":"13","C7":"13","C8":"13"},"H4":{"FH":"13","GH":"13","9M":"13"},"88":{"G7":"13"},"42":{"5J":"13","5M":"13","7G":"13"},"7P":{"3V":"13","2V":"13"},"Q2":{"65":"13","7C":"13"},"R7":{"9X":"13"},"MM":{"29":"13"},"W8":{"72":"13"},"9G":{"2R":"13","2Q":"13"},"2H":{"5G":"13","4G":"13","7G":"13"},"GW":{"2F":"13"},"VV":{"92":"13"},"28":{"2W":"13","2R":"13","2V":"13"},"PG":{"3Q":"13"},"8G":{"XR":"13","WQ":"13","WP":"13","MW":"13"},"JM":{"5Q":"13","6Q":"13","6R":"13","2R":"13","2Q":"13","3R":"13"},"CP":{"V7":"13","V6":"13","W6":"13","V5":"13"},"VG":{"V9":"13"},"RR":{"G5":"13"},"Q8":{"8Q":"13"},"H7":{"3R":"13"},"2Q":{"PJ":"13","QH":"13","PH":"13"},"PM":{"H3":"13"},"59":{"C4":"13"},"V2":{"2P":"13","8W":"13"},"HX":{"33":"13"},"V7":{"VM":"13"},"5V":{"RF":"13","VF":"13"},"26":{"76":"13","M9":"13","77":"13"},"HV":{"R8":"13","Q6":"13","R7":"13","R6":"13","Q7":"13"},"2V":{"79":"13","68":"13"},"3C":{"WH":"13","WJ":"13","VH":"13"},"4F":{"P4":"13","P3":"13"},"27":{"QC":"13"},"96":{"J2":"13","M2":"13"},"6C":{"7C":"13"},"J6":{"MQ":"13"},"3F":{"XQ":"13","WQ":"13","WP":"13"},"X7":{"5W":"13","6W":"13","5V":"13"},"4V":{"HF":"13","HG":"13"},"8H":{"34":"13","24":"13"},"3M":{"XX":"13"},"P3":{"F5":"13","F4":"13"},"VH":{"54":"13","44":"13","55":"13","45":"13","56":"13"},"64":{"4W":"13"},"5X":{"GX":"13"},"P7":{"R3":"13","V3":"13"},"XR":{"RX":"13","JR":"13","HR":"13"},"67":{"C9":"13","C8":"13"},"69":{"G3":"13","F3":"13","F5":"13","G4":"13","F4":"13","C3":"13","C5":"13","C4":"13"},"2P":{"GF":"13"}},"6G":{"7H":{"VV":"13"},"5P":{"W6":"13"},"25":{"QX":"13"},"F4":{"VM":"13"},"V4":{"86":"13","96":"13"},"GM":{"4X":"13","4W":"13","5W":"13","5X":"13"},"QQ":{"9Q":"13","8Q":"13","8P":"13"},"3F":{"R3":"13","Q3":"13","P5":"13","Q4":"13","Q5":"13","R4":"13","P4":"13"},"6J":{"XP":"13"},"3C":{"VP":"13","VQ":"13"},"CM":{"7R":"13"},"X4":{"FQ":"13","FP":"13"},"MR":{"HF":"13","GG":"13","GF":"13","HG":"13"},"Q4":{"2Q":"13"},"4G":{"QF":"13","RF":"13","QG":"13","RG":"13","PF":"13"},"48":{"5W":"13","5V":"13"},"RR":{"CX":"13"},"R7":{"P5":"13","P4":"13"},"5J":{"QF":"13","RF":"13","4F":"13","CM":"13","RC":"13","QC":"13"},"JC":{"69":"13"},"8H":{"JF":"13","JG":"13","MG":"13"},"V2":{"23":"13"},"VX":{"R3":"13","Q3":"13","Q4":"13","Q5":"13","V4":"13","R5":"13","Q6":"13","R6":"13","R4":"13","V5":"13"},"26":{"Q2":"13","P2":"13"},"P7":{"2F":"13","2G":"13"},"GP":{"42":"13","52":"13"},"4H":{"JX":"13"},"46":{"W4":"13","W3":"13","X4":"13","X3":"13"},"6H":{"WJ":"13"},"JV":{"H7":"13"},"39":{"FQ":"13","CP":"13","CM":"13","FM":"13","CQ":"13","FP":"13"},"3G":{"VQ":"13","WH":"13","WP":"13","WM":"13","WQ":"13","VM":"13","WJ":"13","VJ":"13","VH":"13","VP":"13"},"4F":{"5R":"13","6V":"13","6R":"13","6W":"13","5V":"13"},"5M":{"63":"13"},"78":{"86":"13"},"8J":{"XX":"13","XW":"13"},"X7":{"MF":"13","JF":"13","JC":"13","MC":"13"},"37":{"M5":"13","M6":"13"}},"8H":{"8V":{"F2":"13"},"9F":{"4W":"13","5V":"13","4V":"13"},"57":{"55":"5"},"5W":{"WJ":"13"},"2M":{"R3":"13","R2":"13","V2":"13"},"59":{"49":"13"},"8R":{"FX":"13"},"4Q":{"5C":"13","58":"13","59":"13","49":"13","4C":"13","5F":"13","6C":"13"},"MW":{"5M":"13","5P":"13","6M":"13"},"9M":{"84":"13","74":"13"},"27":{"CM":"13"},"37":{"Q6":"13","8X":"13"},"56":{"6W":"13"},"GW":{"9X":"13"},"6X":{"VV":"13","WV":"13","WR":"13"},"JG":{"JG":"13"},"FW":{"JW":"13"}},"HR":{"H8":{"8C":"13"},"X8":{"3Q":"13","59":"13","49":"13","HV":"13","MW":"13","8W":"13"},"GP":{"P9":"13"},"HH":{"V6":"13"},"9X":{"Q8":"13","HQ":"13","JR":"13"},"W8":{"9F":"13","9C":"13","3F":"13","CF":"13"},"W5":{"F5":"13"},"CQ":{"FG":"13","6H":"13"},"P5":{"XH":"13"},"XP":{"2F":"13"},"X6":{"4F":"13"},"W6":{"57":"13","58":"13","46":"13","J7":"13","47":"13","28":"13","56":"13"},"WM":{"2F":"13","2G":"13"},"X9":{"MF":"13","PG":"13","P9":"13"},"83":{"C6":"13","FH":"13","8F":"13","FG":"13","CH":"13","95":"13","CG":"13","96":"13"},"F8":{"M4":"13"},"XG":{"7F":"13","8F":"13"},"66":{"JC":"13"},"73":{"XP":"13"},"W3":{"2C":"13","2F":"13"},"WQ":{"QX":"13"},"V7":{"2C":"13","CM":"13","3F":"13","3C":"13","9J":"13","JR":"13","CJ":"13"},"42":{"VF":"13"},"XR":{"63":"13","R6":"13","93":"13"},"R7":{"X6":"13","W7":"13","X7":"13","W6":"13"},"QR":{"FX":"13"},"G8":{"VP":"13","VQ":"13"},"V6":{"FX":"13","CX":"13"},"C7":{"HH":"13"},"63":{"8H":"13","5G":"13"},"WC":{"RJ":"13","X7":"13"},"G7":{"7R":"13"},"WF":{"WJ":"13"},"RX":{"PM":"13","GQ":"13","GR":"13"},"CX":{"56":"13"}},"HP":{"WR":{"WH":"13","WG":"13","C4":"13","G6":"13"},"WW":{"88":"13"},"2C":{"6G":"13"},"29":{"2R":"13","2V":"13"},"5H":{"QP":"13","PP":"13","QQ":"13"},"8J":{"JC":"13","49":"13","48":"13"},"27":{"34":"13","44":"13","42":"13","8V":"13","79":"13","43":"13","33":"13","7C":"13"},"5X":{"5C":"13"},"VR":{"3F":"13","7C":"13"},"WQ":{"29":"13|5"},"VM":{"JW":"13"},"XR":{"4G":"13","GR":"13"},"RV":{"P7":"13"},"XV":{"M3":"13"},"PP":{"3C":"13"},"CX":{"JP":"13","PR":"13"}},"58":{"VJ":{"4H":"13"}},"CJ":{"62":{"4J":"13"},"HX":{"56":"13"},"Q4":{"3J":"13","2J":"13","2H":"13","3H":"13"},"68":{"3Q":"13","4Q":"13","4R":"13","3R":"13"},"PV":{"6X":"13","5W":"13","5X":"13","6W":"13"},"HR":{"PQ":"13"},"WX":{"JP":"13","MM":"13","MP":"13","JM":"13"},"VX":{"9F":"13"},"63":{"33":"13"},"RX":{"HX":"13"},"RW":{"6J":"13"}},"9M":{"36":{"38":"5"},"82":{"VW":"13","WW":"13"},"MQ":{"P2":"13"},"67":{"49":"13","4C":"13"},"HM":{"QJ":"13","RH":"13","QH":"13","RJ":"13"},"G6":{"7J":"5"}},"GQ":{"34":{"3V":"13"},"G2":{"CW":"13"},"F7":{"GX":"13","PX":"13","MW":"13"},"74":{"FW":"13","GW":"13"},"95":{"R5":"13"},"C3":{"WH":"13"},"5Q":{"JM":"13"},"33":{"32":"13"},"3V":{"XV":"13"},"HF":{"39":"13","3C":"13"},"85":{"R5":"13","53":"13"},"C4":{"84":"13"},"XJ":{"9V":"13"},"37":{"HH":"13"},"V9":{"FQ":"13"},"53":{"CJ":"13","FJ":"13","9H":"13"},"8R":{"73":"13","74":"13"},"78":{"8M":"13","8J":"13"},"4P":{"JH":"13"},"H8":{"CC":"13","JW":"13"},"52":{"5C":"13"},"H7":{"8M":"13","7M":"13","7P":"13","CP":"13"},"H9":{"7H":"13","7J":"13"},"43":{"5R":"13","4W":"13","4R":"13","4H":"13","5V":"13","4V":"13"},"55":{"W2":"13"},"4M":{"JW":"13","MW":"13"},"44":{"84":"13"},"HC":{"7W":"13","8X":"13","7X":"13","8W":"13"},"32":{"6X":"13","5W":"13","3X":"13","5X":"13","6W":"13"},"2V":{"4F":"13"},"CV":{"97":"13","C7":"13"},"GM":{"CC":"13","FC":"13","FF":"13","CF":"13"},"54":{"QW":"13","PW":"13"},"WP":{"8G":"13"},"4J":{"34":"13","23":"13","24":"13","33":"13"},"CM":{"W5":"13","V6":"13","W6":"13","V5":"13"}},"GP":{"F5":{"H9":"13","FJ":"13","GJ":"13"},"F7":{"44":"13","CM":"13","45":"13"},"M8":{"7Q":"13","7M":"13","7P":"13","6P":"13"},"C8":{"GC":"13"},"C6":{"82":"13"},"R6":{"V7":"13","W7":"13","W8":"13","V8":"13"},"X4":{"25":"13","7W":"13","8X":"13","7X":"13","8W":"13"},"7F":{"39":"13","49":"13","48":"13","J9":"13"},"C2":{"X4":"13","X3":"13"},"6J":{"JH":"13","JJ":"13","MJ":"13","MH":"13"},"M7":{"7V":"13"},"C4":{"RP":"13","VP":"13","RM":"13"},"W2":{"46":"13","45":"13"},"6P":{"HP":"13","JJ":"13"},"RP":{"XR":"13"},"X5":{"5Q":"13","6J":"13"},"H8":{"HF":"13","JF":"13","HG":"13","JG":"13"},"H5":{"93":"13","94":"13"},"5W":{"59":"13"},"F2":{"GF":"13","23":"13","2P":"13","24":"13","GW":"13"},"W3":{"VV":"13","PV":"13","MW":"13","73":"13","VR":"13","RR":"13","RV":"13","QR":"13","PW":"13","MV":"13","MX":"13"},"5V":{"H6":"13"},"V4":{"7H":"13","8G":"13","8H":"13","7J":"13","7G":"13"},"89":{"RR":"13"},"C7":{"6V":"13","5W":"13","6W":"13","5V":"13"},"W7":{"X2":"13"},"W6":{"R5":"13","R6":"13","V6":"13","V5":"13"},"X7":{"CW":"13","CX":"13","22":"13"},"F6":{"VJ":"13","JC":"13","93":"13","M2":"13","94":"13"},"C9":{"7Q":"13","8Q":"13"},"P7":{"5C":"13","V3":"13","W2":"13","W3":"13","V2":"13","5F":"13"}},"5C":{"Q4":{"WH":"13","WG":"13"},"VW":{"F2":"13","G2":"13"},"C8":{"G2":"13"},"CW":{"HJ":"13","JJ":"13"},"QV":{"WH":"13","XH":"13","XJ":"13","WJ":"13"},"V8":{"9F":"13","CG":"13","9G":"13","CF":"13"},"M7":{"7M":"13","6M":"13","7J":"13"},"V9":{"63":"13","73":"13","74":"13","64":"13"},"VV":{"GX":"13","FW":"13","FX":"13"},"WW":{"5M":"13","5P":"13","6M":"13","6P":"13"},"99":{"X9":"13"},"H9":{"QW":"13","VV":"13","WW":"13","VW":"13","WX":"13","VX":"13","RV":"13","QX":"13","RX":"13","RW":"13"},"V2":{"95":"13","C5":"13","C4":"13","94":"13"},"CR":{"H5":"13","J6":"13","J5":"13"},"MV":{"PJ":"13","MM":"13","PM":"13","MJ":"13"},"J8":{"FV":"13","FR":"13","GR":"13","GV":"13"},"P8":{"8G":"13"},"MP":{"RM":"13"},"Q9":{"WW":"13"},"44":{"6Q":"13","4F":"13","4G":"13","9M":"13"},"JG":{"VW":"13"},"C7":{"GX":"13"},"HC":{"R2":"13","V2":"13"},"98":{"XG":"13","XF":"13","VR":"13","WF":"13"},"8V":{"VG":"13"},"M2":{"CC":"13","99":"13","9C":"13","C9":"13"},"6F":{"RV":"13","RW":"13","RR":"13","JW":"13","FM":"13","CX":"13"},"6G":{"63":"13","HR":"13"}},"FR":{"X8":{"H9":"13"},"WV":{"38":"13"},"V5":{"23":"13"},"43":{"HX":"13"},"Q4":{"5C":"13","V6":"13","W6":"13"},"R4":{"69":"13","79":"13","68":"13","78":"13"},"M2":{"CF":"13"},"X7":{"JF":"13","JC":"13"},"MJ":{"QF":"13","W7":"13","X7":"13","W8":"13","X8":"13","V5":"13"},"W6":{"J7":"13","M7":"13"},"46":{"39":"13"},"M5":{"GH":"13"},"XG":{"VW":"13","VX":"13"},"VR":{"5P":"13"},"Q2":{"6M":"13","6J":"13"},"V7":{"W5":"13","W6":"13"},"F5":{"4X":"13","4W":"13","3X":"13"},"GH":{"G3":"13"},"Q3":{"54":"13","44":"13","55":"13","45":"13"}},"9J":{"FV":{"J7":"13"},"4J":{"7X":"13"},"2P":{"J6":"13","J5":"13"},"6R":{"JP":"13","HP":"13","JM":"13","HM":"13"},"V6":{"6P":"13"},"8X":{"44":"13","45":"13"}},"HV":{"5G":{"C9":"13"},"Q4":{"27":"5"},"38":{"56":"13","4M":"13"},"CW":{"WH":"13","XH":"13","52":"13","C3":"13"},"X4":{"RW":"13","QX":"13","3X":"13","RX":"13","9H":"13"},"8W":{"84":"13","85":"13","G5":"13","95":"13","C5":"13"},"88":{"7P":"13"},"GV":{"VF":"13"},"2C":{"H9":"13","M6":"13","P6":"13","G8":"13","F4":"13"},"W2":{"J9":"13"},"GR":{"R9":"13"},"X5":{"4J":"13","4M":"13"},"9V":{"HW":"13","JV":"13","JW":"13","HV":"13"},"QG":{"3Q":"13","2Q":"13"},"X9":{"WX":"13"},"2Q":{"CV":"13"},"F2":{"XM":"5"},"V2":{"64":"13"},"9X":{"2H":"13","4J":"13","2M":"13","3M":"13","4H":"13","3H":"13","5H":"13","5G":"13","4G":"13","2J":"13","3J":"13"},"R4":{"44":"13","M6":"13","95":"13","94":"13"},"5V":{"5X":"13"},"29":{"JV":"13","P4":"13","PW":"13","MG":"13","MW":"13"},"75":{"37":"13"},"HH":{"7C":"13"},"32":{"4Q":"13"},"R5":{"RH":"13"},"CV":{"7W":"13","8W":"13"},"W7":{"8R":"13"},"JR":{"9F":"13","C7":"13"},"X7":{"MQ":"13","JQ":"13"},"54":{"W7":"13"},"R3":{"V7":"13","HP":"13","R7":"13","V8":"13","HM":"13"},"R2":{"R3":"13","V3":"13","X4":"13","C2":"13","P3":"13","94":"13"}},"CH":{"4W":{"QM":"13"},"7P":{"XX":"13","XW":"13"},"FW":{"CV":"13","CR":"13"},"6J":{"XP":"13","XM":"13","XJ":"13","WJ":"13","WM":"13"},"4C":{"2Q":"13"},"3C":{"RP":"13"}},"MP":{"FJ":{"VW":"13","WX":"13","WW":"13","VX":"13"},"9P":{"GV":"13"},"MQ":{"PC":"13","QC":"13"},"7M":{"CW":"13","CX":"13"},"4P":{"CH":"13"},"3R":{"6V":"13","4X":"13","6W":"13","7W":"13","7V":"13"},"5P":{"WF":"13","WG":"13"},"W9":{"32":"13"},"8Q":{"32":"13"},"PP":{"RG":"13"},"5Q":{"QJ":"13","GX":"13","QM":"13","RJ":"13","FW":"13","FX":"13"},"3V":{"W4":"13","V4":"13","VR":"13","X4":"13","V5":"13"},"GM":{"7H":"13"},"R6":{"4J":"13","5J":"13","VQ":"13"},"3M":{"V3":"13","W2":"13","W3":"13","R2":"13","X4":"13","X2":"13","V2":"13","X3":"13"},"J5":{"QG":"13","WF":"13","WC":"13"},"6M":{"WG":"13","WH":"13","WM":"13","XH":"13","XG":"13","VM":"13","WJ":"13","VJ":"13","24":"13","VH":"13"},"RC":{"56":"13"},"M5":{"6H":"13"},"4W":{"4J":"13","29":"13","2C":"13","3M":"13"},"V9":{"W2":"13","X2":"13"},"3W":{"WQ":"13","WP":"13"},"3Q":{"GM":"13","GP":"13","9X":"13","CW":"13","5M":"13","HM":"13","GQ":"13","4M":"13","HQ":"13","9W":"13","CX":"13"},"VG":{"26":"13","PV":"13"},"4J":{"2W":"13","3X":"13","2X":"13","3W":"13"},"FG":{"X3":"13"},"Q8":{"RR":"13"},"HG":{"RR":"13"},"HC":{"9M":"13"},"MG":{"CR":"13"},"JC":{"MV":"13"},"2R":{"4P":"13","4J":"13","5J":"13","3M":"13","4Q":"13","6M":"13","5M":"13","5P":"13","3P":"13","5R":"13","4M":"13","4R":"13","6P":"13","3Q":"13","76":"13","6Q":"13","5Q":"13"},"6G":{"7X":"13"},"HR":{"9H":"13"},"GC":{"QV":"13"},"3J":{"WV":"13","WR":"13","VV":"13","XW":"13","WW":"13","XX":"13","QC":"13","VW":"13","VR":"13","WX":"13","XR":"13","VX":"13","RX":"13","RW":"13"},"Q6":{"7G":"13"},"PR":{"65":"13","55":"13"},"2Q":{"4P":"13","MP":"13","FR":"13","QM":"13","QQ":"13","GV":"13","FV":"13","GR":"13","QP":"13","RP":"13","89":"13","PM":"13","88":"13","PP":"13","RM":"13"},"4R":{"HJ":"13","JH":"13","JJ":"13","MJ":"13","X9":"13","MH":"13","JG":"13","GJ":"13","MG":"13"},"RJ":{"52":"13"},"9M":{"FF":"13","9C":"13","FG":"13","9F":"13","CF":"13","PG":"13","FC":"13","CC":"13","CG":"13","9G":"13","PH":"13","MH":"13"},"GQ":{"X2":"13"},"RF":{"R5":"13"},"PG":{"86":"13","96":"13"},"GP":{"XX":"13"},"4H":{"HM":"13"},"9J":{"VJ":"13","RJ":"13","VM":"13","RM":"13"},"W6":{"3V":"13","2V":"13"},"6H":{"72":"13"},"MP":{"2F":"13"},"4Q":{"R8":"13","XQ":"13","Q6":"13","R7":"13","R6":"13","XR":"13","Q7":"13","48":"13"},"HM":{"Q8":"13","W7":"13","P9":"13","P8":"13","X7":"13"},"V5":{"CP":"13"},"2W":{"Q5":"13"},"4M":{"2W":"13","6M":"13","6P":"13","22":"13"},"6P":{"29":"13","2C":"13","2F":"13"},"3G":{"RV":"13"},"PC":{"7X":"13","H6":"13"},"5M":{"X4":"13","X3":"13"},"9R":{"MJ":"13","MH":"13"},"9G":{"F2":"13","64":"13"},"2V":{"M5":"13","M6":"13","4M":"13","J6":"13","J5":"13"},"FF":{"C2":"13"},"5W":{"XP":"5"},"MF":{"FW":"13"},"89":{"PF":"5"},"6W":{"2P":"13"},"4V":{"85":"13","95":"13"},"8F":{"83":"13","84":"13","93":"13","94":"13"},"6F":{"Q4":"13"}},"FM":{"3Q":{"4J":"13"},"5W":{"34":"13"}},"JV":{"2C":{"GF":"13"},"5J":{"PG":"13"},"4H":{"JP":"13"},"7M":{"FR":"13","4F":"13","4G":"13"},"29":{"8X":"13","8W":"13"},"6M":{"55":"13"},"3F":{"2V":"13"},"2F":{"WQ":"13"},"7P":{"G5":"13"},"9V":{"2C":"13"},"22":{"J7":"13","J8":"13","P7":"13","M7":"13"},"23":{"H5":"13"},"9W":{"J7":"13"}},"MM":{"XV":{"VM":"13"},"WV":{"MH":"13"},"XX":{"J2":"13"}},"JW":{"58":{"4C":"13","GR":"13"},"88":{"5X":"13","5G":"13","7V":"13"},"37":{"FC":"13","P6":"13","F7":"13"},"4C":{"F3":"13"},"46":{"PF":"13"},"28":{"47":"13"},"79":{"8F":"13"},"8G":{"8Q":"13"},"99":{"8F":"13","C2":"13","8C":"13"},"36":{"RW":"13","GM":"13"},"59":{"MX":"13","99":"13","VM":"13"},"89":{"C4":"13"},"26":{"WP":"13"},"29":{"P9":"13","PC":"13"},"C7":{"5V":"13"},"5C":{"PF":"13"},"9F":{"42":"13"},"98":{"HH":"13","7M":"13"},"49":{"34":"13","79":"13","35":"13"},"27":{"X2":"13"},"6C":{"34":"13","46":"13","45":"13","2R":"13","67":"13","35":"13","53":"13","CQ":"13"},"39":{"HQ":"13","HP":"13"},"48":{"8C":"13","22":"13","7C":"13"},"6F":{"H5":"13","PP":"13","PQ":"13"},"69":{"W4":"13"}},"CQ":{"XM":{"76":"13","F8":"13","66":"13"},"V2":{"9V":"13","CV":"13"},"V8":{"H8":"13","G8":"13","G7":"13","H7":"13"},"PV":{"68":"13"},"WM":{"J6":"13"},"XH":{"39":"13"},"QF":{"J3":"13","J2":"13","M2":"13","M3":"13"},"V3":{"7F":"13","G9":"13","7G":"13"},"W4":{"63":"13","73":"13","84":"13","72":"13","74":"13","64":"13","62":"13"},"M6":{"CC":"13","C9":"13","CQ":"13"},"J6":{"3H":"13"},"W3":{"7X":"13"},"QG":{"74":"13"},"WJ":{"HF":"13","H9":"13","HC":"13"},"WC":{"5Q":"13","5R":"13","4Q":"13","4R":"13"},"WF":{"VV":"13","VW":"13","2R":"13","2Q":"13"},"P7":{"2G":"13"}},"6C":{"XP":{"PJ":"13","MM":"13","MJ":"13"},"7F":{"42":"13","52":"13","43":"13","53":"13"},"39":{"X2":"13"},"85":{"2W":"13","3W":"13"},"QX":{"G2":"13"},"3P":{"JG":"13","MG":"13"},"FH":{"RH":"13","QG":"13","RG":"13","QH":"13","RJ":"13"},"23":{"4X":"13","4W":"13"},"XM":{"93":"13","C3":"13","C4":"13","94":"13"},"49":{"22":"13"},"87":{"RV":"5"},"MP":{"7F":"13"},"5H":{"6X":"13","5X":"13"},"7R":{"MX":"13"},"FP":{"RC":"5"},"22":{"P5":"13","Q5":"13"}},"QJ":{"HX":{"9F":"13","MQ":"13"},"FW":{"H4":"13","J4":"13"},"8X":{"V7":"13","W7":"13","V6":"13","CQ":"13","W6":"13"},"HV":{"F6":"13"}},"8C":{"3V":{"QR":"13"},"2J":{"3W":"13"}},"8M":{"63":{"XQ":"13","XR":"13"},"73":{"2R":"13","2Q":"13"},"72":{"VW":"13","VX":"13"}},"9H":{"H8":{"6X":"13"},"WR":{"7W":"13","8X":"13","7X":"13","8W":"13"},"Q8":{"38":"13"},"G5":{"JP":"13","HQ":"13","HP":"13","MQ":"13","JQ":"13"},"VV":{"Q5":"13"},"GC":{"XW":"13"},"83":{"MQ":"13"},"H6":{"72":"13"},"82":{"HJ":"13"},"JF":{"75":"13"},"F5":{"63":"13","53":"13","62":"13"},"97":{"7G":"13"},"95":{"3C":"13"},"XV":{"6G":"13"},"JH":{"X5":"13","X4":"13"},"9P":{"W2":"13"},"JC":{"F7":"13"}},"9G":{"4R":{"6F":"13","5C":"13","5F":"13","6C":"13"},"3R":{"X6":"13","W6":"13"},"7X":{"RH":"13","RF":"13","QF":"13","QG":"13","RG":"13","QH":"13"}},"7G":{"Q3":{"3V":"13","3R":"13"},"7F":{"Q8":"13","P4":"13","M4":"13","Q7":"13"},"3Q":{"54":"13"},"XF":{"PQ":"13"},"VR":{"RH":"13","VJ":"13","RJ":"13"},"2X":{"C3":"13","C4":"13"},"4M":{"XG":"13","WH":"13","XH":"13","WG":"13"},"2H":{"R9":"13","VC":"13","V9":"13","RC":"13"},"WJ":{"5R":"13","6V":"13","6R":"13","5V":"13"},"3R":{"PV":"13"},"QV":{"7F":"13","6F":"13"},"MW":{"MR":"13"}},"HQ":{"VM":{"5H":"13"},"66":{"VW":"13"},"38":{"XV":"13","XR":"13","QW":"13","QV":"13"},"C6":{"77":"13"},"XQ":{"4J":"13","5M":"13","4M":"13"},"WJ":{"QP":"13","QQ":"13"},"QV":{"9J":"13","9M":"13"},"R9":{"36":"13"},"M4":{"P8":"13"},"R6":{"7F":"13","69":"13","39":"13","59":"13","89":"13","8C":"13","7G":"13"},"Q7":{"65":"13"},"M5":{"68":"13","QM":"13","QQ":"13","59":"13","RQ":"13","QP":"13","X4":"13","69":"13"},"47":{"G3":"13","F3":"13"},"H2":{"9P":"13"},"WQ":{"RV":"13","RW":"13","QW":"13","QV":"13"},"3W":{"RF":"13","VF":"13"},"3Q":{"F2":"13"},"X9":{"54":"13","QG":"13","PG":"13"},"48":{"8J":"13"},"4C":{"67":"13"},"98":{"M6":"13","J6":"13"},"W7":{"5M":"13","5P":"13"},"JQ":{"Q7":"13"},"2R":{"83":"13","82":"13","92":"13"},"W8":{"R8":"13"},"49":{"5M":"13"},"J6":{"VM":"13","WM":"13"},"WR":{"W5":"13"},"X5":{"3H":"13"},"2Q":{"9X":"13","G8":"13","G7":"13","8X":"13"},"58":{"F8":"13","C8":"13"},"X8":{"XV":"13","XW":"13"},"WH":{"G3":"13","G2":"13"},"5C":{"2G":"13"},"46":{"QX":"13","QW":"13","QV":"13"},"64":{"P2":"13"},"J4":{"XG":"13"},"3P":{"3M":"13"},"XJ":{"HX":"13"},"2V":{"W7":"13"},"FF":{"QP":"13","W8":"13"},"RH":{"6J":"13"}},"59":{"JV":{"JH":"13"},"VM":{"RR":"13","RQ":"13"},"MP":{"XF":"13","WF":"13"},"JR":{"94":"13"},"VX":{"3V":"13"}},"HW":{"X8":{"RH":"13","JM":"13"},"Q8":{"2C":"13"},"C6":{"HJ":"13"},"W8":{"Q5":"13","Q6":"13"},"M8":{"MF":"13","PC":"13","MC":"13","PF":"13"},"X7":{"Q5":"13"},"V8":{"98":"13","G9":"13","97":"13","58":"13"},"J7":{"FR":"13","FQ":"13","W7":"13","GQ":"13"},"83":{"39":"13","49":"13","4C":"13","3C":"13"},"J8":{"P4":"13","M3":"13","P3":"13"},"82":{"HJ":"13"},"P7":{"4G":"13"}},"JP":{"RQ":{"GW":"13"},"RX":{"CM":"13","7R":"13"},"RV":{"CW":"13","FV":"13","FW":"13","FX":"13","CV":"13","CX":"13"},"QV":{"RW":"13","QX":"13","RX":"13","QW":"13"},"XH":{"WW":"13"},"WX":{"22":"13"},"XV":{"XQ":"13","WQ":"13"},"6X":{"GG":"13"},"PP":{"QM":"13"},"RJ":{"CX":"13"},"8R":{"WP":"13"},"WW":{"6W":"13","2X":"13","7W":"13","HV":"13","6V":"13","JW":"13","JV":"13","HW":"13"},"QM":{"QM":"13"},"VJ":{"3G":"13"},"PW":{"HX":"13","7W":"13","8X":"13","8W":"13"},"JQ":{"J4":"13","J5":"13"},"JX":{"2Q":"13"},"5V":{"VG":"13","VF":"13","WF":"13","WG":"13"},"MP":{"G3":"13"},"XX":{"7X":"13"},"QR":{"X6":"13"},"3Q":{"GV":"13"},"VX":{"5M":"13","5P":"13","4P":"13"},"4V":{"98":"13"},"JP":{"5G":"13"},"WH":{"3J":"13"},"VQ":{"95":"13","94":"13"},"RW":{"32":"13","42":"13","6W":"13"},"MR":{"RG":"13"}},"8F":{"CJ":{"CJ":"13"},"HR":{"JC":"13"}},"7F":{"GX":{"XH":"5"},"74":{"WF":"13","WG":"13"},"83":{"G7":"5"},"4Q":{"GX":"13"},"3W":{"34":"13"},"42":{"M8":"13"},"5C":{"7R":"13"},"4R":{"H5":"5"},"97":{"PJ":"13","PM":"13"},"2J":{"34":"13","25":"13","24":"13","35":"13"}},"8J":{"J2":{"2R":"13","2V":"13"},"FJ":{"GX":"13","HW":"13","4F":"13","HX":"13","9P":"13","4C":"13","GW":"13"},"8X":{"FX":"13"},"9P":{"XG":"13","WG":"13","GR":"13"},"5X":{"P5":"13","P4":"13","WC":"13"},"66":{"9R":"13","8V":"13","8R":"13"},"MH":{"XX":"13"},"84":{"HQ":"13","HP":"13"},"XQ":{"29":"13","39":"13","3C":"13","28":"13"},"G6":{"49":"13","46":"13","47":"13"},"H4":{"2C":"13"},"PH":{"6X":"13","3V":"13","2X":"13","5X":"13","6W":"13","5V":"13","3W":"13"},"RM":{"JX":"13"},"P6":{"32":"13","22":"13"},"GM":{"2P":"13"},"F3":{"3G":"13","4G":"13","4H":"13","3H":"13"},"RP":{"26":"13","25":"13"},"JJ":{"FQ":"13","CP":"13","5X":"13","R4":"13","CQ":"13","FP":"13"},"HJ":{"VH":"13"},"CP":{"2C":"13","2F":"13"},"QG":{"2Q":"13"},"GJ":{"XV":"13","34":"13","WV":"13","XQ":"13","WR":"13","24":"13","XR":"13","XW":"13"},"H2":{"XV":"13","XR":"13"},"7W":{"W3":"13"},"CM":{"VJ":"13","VM":"13"},"G4":{"55":"13","45":"13"},"67":{"C6":"13","F5":"13","89":"13","79":"13","C7":"13","F6":"13","C5":"13"},"9C":{"6X":"13","5X":"13","4G":"13"},"GH":{"MM":"13","PM":"13","2F":"13","2G":"13","MP":"13","PP":"13","PQ":"13","2H":"13","C5":"13","C4":"13"},"FG":{"RV":"13","RW":"13","QX":"13","VW":"13","RX":"13","VX":"13"},"Q8":{"PJ":"13","MJ":"13"},"CG":{"63":"13","64":"13","C7":"13"},"6Q":{"GX":"13","HW":"13","HX":"13","GW":"13"},"9F":{"9Q":"13","63":"13","CP":"13","9P":"13","52":"13","62":"13","CQ":"13"},"43":{"CP":"13","FP":"13"},"7J":{"X9":"13"},"6R":{"R4":"13"},"49":{"V5":"13"},"P5":{"3X":"13","2X":"13"},"HH":{"M2":"13"},"58":{"77":"13","78":"13"},"CJ":{"RH":"13","RF":"13","RG":"13","VG":"13","VF":"13"},"9M":{"VJ":"13","8Q":"13","VM":"13"},"CH":{"Q8":"13","P8":"13","C9":"13","Q9":"13"},"MJ":{"CW":"13","9W":"13","9V":"13"},"FH":{"XG":"13","99":"13","XH":"13","9C":"13"},"FM":{"9Q":"13","9M":"13","5Q":"13","9P":"13","6M":"13","7P":"13","9J":"13","5P":"13","8Q":"13","6P":"13","5R":"13","7R":"13","8R":"13","5M":"13","9V":"13","7Q":"13","CP":"13","CR":"13","XP":"13","CJ":"13","CV":"13","8V":"13","9R":"13","8M":"13","7M":"13","CM":"13","4R":"13","CQ":"13","4Q":"13","6Q":"13"},"MM":{"J8":"13","P9":"13","PC":"13","J9":"13"},"QP":{"X6":"13","97":"13"},"G7":{"9H":"13"},"F9":{"FC":"13","F9":"13"},"9Q":{"HP":"13"},"JM":{"52":"13","62":"13"},"8M":{"H5":"13"},"M9":{"Q3":"13","JP":"13","JQ":"13","JR":"13"},"87":{"F9":"13"},"JF":{"HW":"13","JW":"13","HX":"13"},"FF":{"QF":"13","QG":"13","2C":"13","PG":"13","2F":"13","PF":"13"},"8R":{"P5":"13","WH":"13","VH":"13"},"5W":{"R3":"13","R4":"13"},"88":{"63":"13","XH":"13","53":"13"},"CF":{"FQ":"13","XF":"13","CP":"13","XC":"13","CQ":"13","FP":"13"},"6W":{"RW":"13","RX":"13","QW":"13"},"CC":{"J2":"13","M2":"13"}},"8G":{"RH":{"X5":"13","X4":"13"},"54":{"96":"5"},"P9":{"W5":"13"},"9W":{"96":"13"},"64":{"25":"5"},"VH":{"25":"13","24":"13"}},"6F":{"R8":{"4Q":"13","4R":"13"},"7F":{"FH":"13"},"58":{"7F":"13","6F":"13","6G":"13","7G":"13"},"W5":{"XF":"13","WF":"13","WC":"13","XC":"13"},"37":{"5M":"13","5P":"13","4M":"13","4P":"13"},"32":{"99":"13"},"H4":{"CJ":"5"},"5G":{"CC":"13","FC":"13","FF":"13","CF":"13"},"P9":{"MV":"13"},"F8":{"F5":"13","F6":"13"},"3M":{"MF":"13","JH":"13","JG":"13","MG":"13"},"2Q":{"34":"13","23":"13","33":"13"},"WJ":{"63":"13","54":"13","64":"13","53":"13"},"8C":{"P7":"13","M8":"13","P8":"13","M7":"13"},"Q9":{"6V":"13","5W":"13","6R":"13","5V":"13"},"5V":{"FM":"13","FP":"13"}},"69":{"GR":{"84":"13","85":"13","75":"13","74":"13"}}}}