{"index":{"university,1|retail,2|tourism,3|wreck,4|historical,5|artsCulture,6|namedBuilding,7|water,8|wetland,9|park,10|beach,11|natureReserve,12|cemetery,13|trail,14":{}},"52":{"Q3":{"MV":{"RM":"13"},"PW":{"34":"13","35":"13"},"PR":{"JH":"13","5P":"13"}},"QF":{"M6":{"6J":"13"},"P8":{"H4":"13","H3":"13"}},"C6":{"VQ":{"9F":"13","M8":"13","2P":"13","CF":"13","8W":"13","8R":"13","4Q":"13","CW":"13","6W":"13","3C":"13","7W":"13","7X":"13","7V":"13","95":"13","C4":"13","9H":"13","7R":"13","6J":"13","8Q":"13","7C":"13","9W":"13","7Q":"13"},"QW":{"82":"13"},"VV":{"GX":"13","HX":"13","CQ":"13","FQ":"13","GV":"13","CP":"13","5H":"13","7H":"13","2F":"13","7J":"13"},"QQ":{"QX":"13","PX":"13"},"PV":{"Q6":"13","PJ":"13","P5":"13","WX":"13","J4":"13","P6":"13","WW":"13","PG":"13","WQ":"13","J3":"13","Q5":"13","XX":"13","R5":"13","XW":"13","PH":"13","HJ":"13"},"XP":{"2W":"13"},"WM":{"C5":"13","H9":"13","MG":"13","C6":"13","75":"13","F6":"13","35":"13","MF":"13","45":"13","66":"13","56":"13","36":"13","85":"13","JF":"13","97":"13","95":"13","C7":"13","JG":"13","G7":"13","54":"13"},"RQ":{"9C":"13","C8":"13","6M":"13","8Q":"13","8R":"13","H8":"13","RG":"13","G6":"13","G4":"13","G8":"13","H7":"13","WM":"13","XP":"13","9F":"13","J7":"13","WP":"13","WG":"13","7M":"13","WC":"13","VH":"13","RF":"13"},"QV":{"Q4":"13","8X":"13","58":"13","68":"13","48":"13","H5":"13","69":"13","JV":"13","MV":"13","RW":"13","7Q":"13","J5":"13","8P":"13"},"VW":{"H2":"13","FH":"13","CP":"13","FG":"13","9X":"13","9V":"13","FJ":"13","CQ":"13"},"VR":{"58":"13","2P":"13","68":"13","2C":"13","5J":"13","2M":"13","3M":"13","46":"13","59":"13","45":"13","66":"13","3P":"13","23":"13","3G":"13","24":"13","76":"13"},"VM":{"9X":"13","8X":"13","74":"13","FG":"13","4P":"13","57":"13","75":"13","P6":"13","CF":"13","6C":"13","FJ":"13","X6":"13","59":"13","CP":"13","M6":"13","28":"13","5M":"13","GG":"13","5P":"13","48":"13","3P":"13","Q6":"13","7X":"13","4M":"13","5C":"13","38":"13","Q5":"13","GF":"13","V6":"13","CJ":"13","67":"13","9W":"13"},"PR":{"MX":"13","MW":"13"},"RR":{"7G":"13","XM":"13","6G":"13","2H":"13","XQ":"13","XC":"13","3H":"13","J8":"13","7H":"13","M9":"13","J9":"13","P4":"13","XR":"13","X4":"13","X5":"13","3G":"13","2J":"13","9J":"13","2G":"13","4F":"13","V9":"13"},"VX":{"65":"13","55":"13","56":"13"},"RP":{"QJ":"13","77":"13","58":"13","68":"13","MJ":"13","6H":"13","PG":"13","HR":"13","5H":"13","99":"13","GW":"13","JQ":"13","RJ":"13","JV":"13","87":"13","FW":"13","JR":"13"},"RV":{"GP":"13","63":"13","XF":"13","9C":"13","7J":"13","FP":"13","47":"13","6J":"13","PQ":"13","53":"13","7H":"13","9G":"13","8C":"13","8G":"13","59":"13","FM":"13","44":"13","CJ":"13","FJ":"13","54":"13","GM":"13","WC":"13","CM":"13","64":"13","69":"13"},"WJ":{"6X":"13","3W":"13"},"QR":{"XV":"13","XJ":"13","HV":"13"},"VP":{"7F":"13","9F":"13","88":"13","5C":"13","49":"13","89":"13","92":"13","4C":"13","95":"13","8C":"13","78":"13","7C":"13"},"RM":{"HW":"13","JV":"13","VR":"13","MP":"13","MQ":"13","RP":"13","JR":"13","RM":"13","HR":"13","X8":"13","HV":"13","GV":"13"}},"GG":{"X3":{"PG":"3"}},"R5":{"QR":{"97":"13"},"MQ":{"4V":"13"},"PR":{"9F":"13"}},"P8":{"26":{"R3":"13","Q4":"13","W2":"13","W3":"13","R4":"13","X3":"13"},"36":{"26":"13","38":"13","25":"13","3M":"13","4M":"13","4P":"13"}},"H8":{"72":{"XP":"13"},"C2":{"28":"13"},"82":{"XC":"13","2P":"13","X7":"13","P5":"13","5W":"13","VC":"13","C9":"13","X9":"13","W4":"13","VF":"13","37":"13","XF":"13","64":"13","36":"13","HV":"13","CC":"13","4R":"13","Q5":"13","2Q":"13"},"93":{"C5":"13","R9":"13","6H":"13","28":"13","5H":"13","H4":"13","9M":"13","94":"13","CH":"13","R7":"13","H5":"13","95":"13","C4":"13","9H":"13","9J":"13","J5":"13"},"92":{"5G":"13","RH":"13","X8":"13","6V":"13","35":"13","6R":"13","87":"13","2C":"13","RJ":"13","36":"13","JQ":"13","X9":"13","2F":"13","59":"13","XC":"13","2G":"13","QH":"13","MP":"13","49":"13","3F":"13","97":"13","3G":"13","JP":"13","WC":"13","48":"13","MQ":"13","5X":"13"},"C3":{"62":"13"}},"P6":{"99":{"HQ":"13","VR":"13","WR":"13","FJ":"13","GJ":"13"},"C9":{"8M":"13","G9":"13","CH":"13","G6":"13"}},"R9":{"4W":{"FH":"13","FJ":"13"},"5V":{"4J":"13"}},"G7":{"9P":{"23":"13"},"35":{"3X":"13"},"6M":{"84":"13","32":"13","H4":"13","XF":"13","74":"13","F4":"13","22":"13","C4":"13","94":"13"},"4H":{"5R":"13","4R":"13","6R":"13","6W":"13","2R":"13","7W":"13","7R":"13","3R":"13"},"6J":{"2X":"13"},"7P":{"H8":"13","H9":"13","73":"13","64":"13","85":"13","69":"13","79":"13","63":"13","84":"13","7C":"13"},"37":{"2R":"13"},"9G":{"68":"13"},"5M":{"V5":"13","W5":"13","R5":"13","P5":"13","M5":"13","X2":"13","R6":"13","Q6":"13","Q5":"13"},"5J":{"FF":"13","HP":"13","MR":"13","XX":"13","CP":"13","FC":"13","MQ":"13","JQ":"13","PW":"13","MV":"13","JR":"13"},"36":{"32":"13","22":"13"},"5F":{"H2":"13","C2":"13","H3":"13"},"3H":{"QM":"13","PM":"13","QP":"13","PP":"13","QQ":"13"},"5C":{"HW":"13","GV":"13"},"27":{"R4":"13","VP":"13"},"8P":{"9C":"13","Q4":"13","6G":"13","P6":"13","P5":"13","J7":"13","3H":"13","V3":"13","M6":"13","C8":"13","7F":"13","3G":"13","6F":"13","Q3":"13","R3":"13"},"7M":{"6Q":"13","3J":"13","6R":"13","2G":"13","3H":"13"}},"H7":{"9X":{"5V":"13"},"7W":{"PJ":"13"},"8X":{"69":"13","HH":"13","P7":"13","P8":"13","59":"13","PC":"13","J6":"13","68":"13","QC":"13"},"7X":{"3Q":"13","5M":"13","GH":"13","Q7":"13"}},"F7":{"P5":{"RX":"13"},"X6":{"HJ":"13","MR":"13","QQ":"13","PQ":"13","JM":"13","HM":"13","JJ":"13","PR":"13","MQ":"13","QP":"13","JQ":"13"},"P9":{"98":"13"},"P6":{"Q4":"13","Q2":"13","P4":"13","P3":"13"},"M7":{"GP":"13"},"X8":{"76":"13","77":"13"}},"C7":{"J2":{"QR":"13","RR":"13","5W":"13","QW":"13","7W":"13","PW":"13","GR":"13","GV":"13","8W":"13"},"M2":{"6X":"13","5R":"13","2P":"13","4R":"13","7X":"13"},"M3":{"72":"13","P9":"13","PC":"13","Q9":"13"}},"RC":{"26":{"23":"13"},"55":{"XC":"13"},"56":{"7P":"13","3X":"13","6W":"13","9H":"13","3W":"13"}},"QC":{"X6":{"W2":"13","X2":"13"}}}}