{"index":{"university,1|retail,2|tourism,3|wreck,4|historical,5|artsCulture,6|namedBuilding,7|water,8|wetland,9|park,10|beach,11|natureReserve,12|cemetery,13|trail,14":{}},"53":{"9C":{"GM":{"5C":"13"}},"H2":{"46":{"M2":"13"}},"QP":{"7P":{"WX":"13","WW":"13"}},"C2":{"Q5":{"9F":"13","HC":"13","9C":"13"},"Q6":{"RH":"13","VG":"13","WR":"13","W7":"13","WQ":"13","VH":"13","W6":"13"},"R6":{"23":"13","24":"13","22":"13"},"P7":{"WC":"13"},"Q7":{"J7":"13","R2":"13","H8":"13","V2":"13","89":"13","J6":"13","C8":"13"}},"PP":{"5V":{"FR":"13","CR":"13"}},"MC":{"7H":{"75":"13","65":"13","76":"13","66":"13"},"7X":{"V8":"13"}},"QW":{"RP":{"JG":"13"},"VH":{"X8":"13"}},"8G":{"JG":{"R8":"13","R9":"13","V8":"13","V9":"13"},"MG":{"2P":"13","4P":"13"}},"F4":{"RM":{"V5":"13"}},"PM":{"84":{"GF":"13","GC":"13"},"CH":{"GP":"13","GQ":"13"},"J9":{"RH":"13"}},"HX":{"V3":{"VV":"13","MW":"13"}},"G3":{"2V":{"3M":"13"}},"QH":{"48":{"3X":"13"}},"MP":{"W9":{"QM":"13"}},"JV":{"F8":{"5Q":"13"}},"JG":{"F5":{"MF":"13","QF":"13","QG":"13","RG":"13","WG":"13"},"9M":{"RV":"13"},"9C":{"P5":"13","M5":"13","P4":"13","M4":"13"},"FC":{"29":"13","39":"13","6V":"13","4Q":"13","5W":"13","5V":"13"},"GG":{"24":"13"},"C6":{"J3":"13","M3":"13"},"6M":{"QW":"13","HR":"13"},"6J":{"VW":"13","WQ":"13"},"C4":{"QJ":"13","QM":"13","RJ":"13","RM":"13"},"6H":{"JV":"13","PC":"13","PF":"13"},"5P":{"P5":"13","M4":"13","2M":"13","3M":"13","M5":"13","P4":"13","2J":"13","3J":"13"},"7R":{"3Q":"13","4Q":"13","3P":"13","4P":"13"},"8C":{"39":"13","38":"13","G8":"13","G7":"13","F7":"13","F6":"13"},"7Q":{"69":"13","76":"13","79":"13","6C":"13","7C":"13"},"99":{"8M":"13","MM":"13","8P":"13"},"G4":{"3G":"13"},"FH":{"Q3":"13","MQ":"13","JQ":"13","PF":"13","P3":"13","RC":"13"},"FM":{"36":"13","52":"13","35":"13"},"FG":{"RH":"13","W5":"13","QR":"13","RQ":"13","QQ":"13","VH":"13","W6":"13"},"F3":{"RP":"13"},"FJ":{"6H":"13"},"6C":{"XX":"13","WX":"13"},"CC":{"H2":"13","J2":"13","X9":"13","W8":"13","W9":"13","V9":"13","X8":"13"},"FF":{"GM":"13","8H":"13","57":"13","58":"13","68":"13","F6":"13","GG":"13","7H":"13","97":"13","87":"13","7J":"13","86":"13","67":"13","GJ":"13","96":"13"},"F6":{"J7":"13","VH":"13"},"8M":{"FV":"13","JV":"13","JR":"13","HR":"13","HV":"13"},"C9":{"QW":"13","HX":"13","QV":"13","VW":"13","JX":"13","RV":"13","HQ":"13","RW":"13"},"G5":{"7C":"13"},"7M":{"9X":"13","9W":"13","67":"13","8X":"13","8W":"13"},"CM":{"GP":"13"},"6F":{"QR":"13","WW":"13","QV":"13"},"6G":{"M5":"13"}},"M9":{"HQ":{"52":"13"}},"PX":{"54":{"F5":"13"}},"JP":{"MF":{"4H":"13","5H":"13"}},"QJ":{"29":{"FH":"13","FG":"13"}},"MQ":{"W2":{"5V":"13"}},"MF":{"82":{"26":"13"},"62":{"CR":"13"}}}}