{"index":{"university,1|retail,2|tourism,3|wreck,4|historical,5|artsCulture,6|namedBuilding,7|water,8|wetland,9|park,10|beach,11|natureReserve,12|cemetery,13|trail,14":{}},"59":{"V4":{"W7":{"JG":"13"}},"V2":{"74":{"FG":"13","CG":"13","FF":"13","CF":"13"},"RQ":{"W3":"13"},"5Q":{"Q2":"13","4F":"13"},"VM":{"76":"13","77":"13"},"R6":{"WX":"13","VX":"13"},"4G":{"86":"13","87":"13"},"CH":{"FP":"13"},"6X":{"78":"13"},"6H":{"RF":"13","QF":"13","QG":"13","RG":"13"},"RM":{"R8":"13"},"5P":{"QX":"13"},"4C":{"42":"13"},"R7":{"W2":"13","V2":"13"},"W8":{"W2":"13","V2":"13"},"MM":{"PV":"13"},"5R":{"9H":"13"},"7R":{"F8":"13"},"8X":{"GH":"13"},"JF":{"3X":"13","2X":"13"},"28":{"W6":"13"},"9V":{"G2":"13"},"QM":{"33":"13"},"PG":{"23":"13"},"RG":{"RV":"13"},"CP":{"X3":"13"},"77":{"VX":"13"},"V4":{"QX":"13","QC":"13"},"PC":{"J2":"13"},"5F":{"4W":"13"},"JV":{"23":"13"},"4M":{"82":"13"},"44":{"QP":"13"},"CX":{"25":"13","35":"13"},"GX":{"2W":"13","3W":"13"},"FV":{"CX":"13"},"8V":{"JV":"13","HW":"13","JW":"13","HV":"13"},"FF":{"2F":"13"},"7M":{"W5":"13","V5":"13"},"P3":{"2W":"13"},"HP":{"FV":"13"},"6F":{"MH":"13"},"R8":{"45":"13"},"2P":{"QJ":"13","PJ":"13","QH":"13","PH":"13"}},"FG":{"FM":{"QQ":"13"}},"W2":{"RX":{"CJ":"13","CH":"13"},"FP":{"34":"13","44":"13","QR":"13","45":"13","35":"13"},"GH":{"2F":"13"},"VR":{"7H":"13","7J":"13"},"X4":{"JW":"13","MW":"13"},"WX":{"Q2":"13"},"86":{"XG":"13"},"M4":{"MV":"13","JV":"13","JW":"13","MW":"13"},"RM":{"PP":"13","MP":"13"},"6P":{"4M":"13"},"53":{"RR":"13"},"7R":{"34":"13"},"CF":{"3H":"13"},"GR":{"X6":"13","X5":"13"},"8X":{"QW":"13","QV":"13"},"8R":{"J3":"13","H3":"13","WW":"13"},"9V":{"9R":"13"},"5J":{"Q6":"13","R6":"13"},"24":{"QR":"13","QQ":"13"},"HG":{"QJ":"13","QM":"13"},"99":{"V7":"13","R7":"13"},"CP":{"M6":"13","M7":"13"},"G6":{"JC":"13","J9":"13"},"59":{"9Q":"13"},"CR":{"59":"13","49":"13"},"FM":{"R9":"13","V9":"13"},"5V":{"VM":"13"},"JC":{"97":"13"},"J2":{"3J":"13"},"8P":{"MJ":"13","MH":"13"},"GF":{"PC":"13"},"QJ":{"29":"13","39":"13","2C":"13","3C":"13"},"FW":{"CC":"13","FC":"13"},"76":{"3X":"13"}},"P3":{"44":{"MF":"13","JC":"13","MC":"13"},"82":{"CW":"13","FW":"13","FX":"13","CX":"13"}},"M2":{"Q8":{"83":"13","93":"13"},"C6":{"C9":"13","C8":"13"},"W9":{"4Q":"13","4P":"13"},"G2":{"R6":"13","V6":"13"},"7H":{"H7":"13"},"MC":{"FJ":"13","GM":"13","FM":"13","GJ":"13"},"22":{"HJ":"13"},"CC":{"CM":"13"},"GW":{"86":"13","97":"13","5G":"13","87":"13","96":"13"},"JQ":{"84":"13","85":"13"},"JH":{"4X":"13"},"JC":{"MH":"13","MG":"13"},"PX":{"CG":"13"},"FH":{"6H":"13"},"VP":{"49":"13","48":"13"},"HW":{"5J":"13","R9":"13","5H":"13"}},"H2":{"H7":{"HR":"13","GR":"13"},"H3":{"C9":"13","C8":"13"},"74":{"MR":"13"},"C6":{"MQ":"13","JQ":"13"},"75":{"M8":"13","P8":"13"},"44":{"23":"13","22":"13"},"36":{"JH":"13","JG":"13"},"22":{"62":"13"},"X4":{"RM":"13"},"32":{"8G":"13"},"C7":{"69":"13","79":"13","68":"13","78":"13"},"WC":{"8X":"13"},"WF":{"82":"13"},"R3":{"HJ":"13","HH":"13","JJ":"13"},"P2":{"5Q":"13","4Q":"13"}},"V3":{"9P":{"H6":"13","G6":"13"},"66":{"CC":"13"},"7M":{"Q4":"13","QF":"13","Q5":"13"},"5P":{"CJ":"13","CM":"13"},"92":{"H4":"13","G4":"13","WF":"13","WG":"13","H3":"13"},"H7":{"XX":"13"},"H4":{"WC":"13"},"P3":{"WQ":"13","VP":"13","VQ":"13","WP":"13"},"H9":{"XJ":"13","WJ":"13"},"G9":{"79":"13"},"Q7":{"42":"13"},"JJ":{"VF":"13","VC":"13"},"X6":{"53":"13"},"6J":{"32":"13","42":"13"},"M6":{"CR":"13"},"H2":{"CW":"13","9W":"13"},"5G":{"CH":"13"},"G4":{"5Q":"13"},"X4":{"GJ":"13"},"4G":{"HJ":"13","58":"13","HH":"13","59":"13","49":"13","48":"13"},"9C":{"WG":"13"},"X9":{"RF":"13","VG":"13","VF":"13"},"48":{"79":"13"},"W3":{"CX":"13"},"FG":{"P3":"13","P2":"13"},"98":{"GG":"13","HG":"13"},"28":{"6F":"13","6C":"13"},"5J":{"3V":"13","3R":"13"},"Q2":{"8H":"13","9J":"13","9H":"13","8J":"13"},"W4":{"C2":"13"},"R2":{"X5":"13","QP":"13","PP":"13","PQ":"13","QQ":"13"},"WC":{"RQ":"13"},"P2":{"QJ":"13","PJ":"13","QH":"13","PH":"13"},"3J":{"CP":"13","3G":"13","CM":"13","FM":"13","3F":"13","FP":"13"},"V2":{"25":"13"},"Q6":{"4X":"13"},"76":{"7H":"13","8H":"13"},"79":{"5J":"13"},"C2":{"3P":"13","2P":"13","WF":"13"},"RJ":{"X6":"13","W5":"13","X5":"13","W6":"13"},"46":{"CP":"13","CM":"13"},"63":{"GP":"13","HP":"13"},"VH":{"89":"13","79":"13"},"FM":{"6X":"13","7X":"13"},"HM":{"88":"13","FC":"13","87":"13","FF":"13"},"V5":{"FQ":"13","CQ":"13"},"4M":{"2F":"13"},"Q3":{"Q6":"13","P7":"13","Q7":"13"},"V7":{"43":"13","33":"13"},"J4":{"VJ":"13"},"2F":{"2P":"13","3M":"13","2M":"13"},"3G":{"XR":"13"},"C7":{"WR":"7"},"2G":{"7F":"13","9F":"13","P5":"13","M5":"13","8G":"13","8F":"13","P6":"13","CH":"13","CG":"13","9H":"13","6C":"13","9G":"13","7C":"13"},"9G":{"8M":"13","7M":"13","7J":"13"},"59":{"P5":"13"},"36":{"CJ":"13"},"8F":{"J2":"13"},"56":{"24":"13","RC":"13"},"45":{"V3":"13"},"V8":{"4X":"13","3X":"13"},"Q5":{"W2":"13"},"69":{"Q4":"13","Q5":"13"}},"W4":{"62":{"4X":"13","4W":"13","9R":"13","9V":"13"},"63":{"44":"13"},"P9":{"MG":"13"},"V3":{"MV":"13"},"J5":{"H4":"13","F5":"13"},"Q4":{"37":"13"},"33":{"43":"13","53":"13"},"C6":{"M9":"13","J9":"13"},"XQ":{"RW":"13"},"X4":{"6Q":"13","6R":"13"},"XM":{"XR":"13"},"WV":{"58":"13","G4":"13","G5":"13"},"V5":{"WH":"13","VH":"13"},"W2":{"MX":"13","JW":"13","JX":"13","MW":"13"},"V9":{"39":"13","38":"13","49":"13","48":"13"},"P6":{"G4":"13"},"F4":{"5Q":"13","5P":"13"},"G6":{"CW":"13","CV":"13"},"J8":{"CQ":"13"},"93":{"3Q":"13"},"G3":{"67":"13","68":"13","78":"13"},"QH":{"8G":"13","9G":"13"},"V4":{"MR":"13"},"JG":{"WX":"13"},"32":{"42":"13"},"JC":{"3G":"13"},"W7":{"PC":"13"},"XW":{"57":"13","67":"13"},"PH":{"H4":"13","J4":"13"},"FF":{"GP":"13","GQ":"13"},"WP":{"W4":"13","V4":"13"},"VH":{"M8":"13"},"XG":{"GP":"13","GM":"13","FM":"13","FF":"13"},"XR":{"H2":"13"},"R8":{"5J":"13","5H":"13"},"JH":{"W2":"13"}},"X2":{"58":{"9R":"13","CR":"13"},"84":{"6V":"13","6W":"13"},"9M":{"J4":"13","M4":"13"},"FX":{"QJ":"13","RJ":"13"},"WF":{"85":"13"},"33":{"P9":"13","P8":"13"},"C6":{"FC":"13"},"8W":{"7V":"13","7R":"13"},"4H":{"CM":"13"},"M7":{"5R":"13"},"CH":{"H5":"13","H4":"13","5P":"13"},"HM":{"79":"13","78":"13"},"9J":{"F2":"13","G2":"13"},"9H":{"GX":"13","FX":"13"},"8Q":{"PF":"13"},"5H":{"G9":"13","87":"13","77":"13","GH":"13","F9":"13"},"8X":{"92":"13"},"7Q":{"3Q":"13"},"8G":{"M2":"13"},"VG":{"V4":"13"},"X9":{"5P":"13"},"FM":{"H9":"13","H8":"13"},"7G":{"JW":"13","MW":"13"},"QH":{"RQ":"13","RP":"13"},"29":{"HH":"13","JH":"13"},"FJ":{"CJ":"13"},"WH":{"5R":"13"},"XG":{"J4":"13"},"MR":{"C4":"13"}},"R2":{"J5":{"VJ":"13"},"RH":{"9F":"13","8F":"13"},"7J":{"MV":"13"},"47":{"R3":"13","R4":"13"},"WF":{"JV":"13","JR":"13","HR":"13","HV":"13"},"GH":{"VJ":"13"},"3V":{"4R":"13","4V":"13"},"6J":{"Q9":"13","QC":"13"},"C4":{"5J":"13"},"MG":{"VX":"13"},"RM":{"GG":"13"},"W2":{"HR":"13","HV":"13"},"7R":{"6X":"13","7X":"13"},"H3":{"25":"13","24":"13"},"9V":{"WW":"13"},"QF":{"FR":"13","CR":"13"},"99":{"VM":"13"},"H5":{"22":"13"},"7V":{"72":"13","62":"13"},"X9":{"JV":"13","JW":"13"},"59":{"RH":"13"},"F2":{"HP":"13"},"JX":{"4C":"13"},"25":{"29":"13"},"7G":{"46":"13","56":"13"},"P8":{"QJ":"13","RH":"13","QH":"13"},"5V":{"H5":"13","H4":"13"},"JW":{"F8":"13","F9":"13"},"CG":{"RJ":"13","24":"13"},"FG":{"4W":"13","4V":"13"},"PC":{"RG":"13","VG":"13"},"75":{"9M":"13"},"FV":{"6X":"13","6W":"13"},"GX":{"63":"13","52":"13","53":"13"},"68":{"F8":"13"},"XW":{"QG":"13","QH":"13"},"W6":{"34":"13","33":"13"},"39":{"7F":"13"},"WG":{"XR":"13"},"JH":{"6X":"13"}},"G2":{"C6":{"95":"13"},"95":{"3C":"13"}},"W3":{"34":{"Q2":"13"},"G2":{"72":"13"},"7W":{"88":"13","87":"13"},"6W":{"36":"13"},"V3":{"4R":"13"},"9C":{"W8":"13","V8":"13"},"RX":{"CW":"13","6V":"13","FW":"13","5V":"13"},"FP":{"R2":"13"},"95":{"FR":"13"},"33":{"QX":"13"},"CW":{"58":"13"},"8W":{"RF":"13","RG":"13"},"XH":{"69":"13","59":"13"},"WX":{"GR":"13"},"6J":{"6V":"13","7V":"13"},"XV":{"M3":"13","M4":"13"},"87":{"33":"13"},"RJ":{"QH":"13"},"7R":{"JW":"13","XC":"13"},"8X":{"RH":"13"},"22":{"VG":"13","VF":"13"},"VF":{"XG":"13","XF":"13"},"QG":{"89":"13"},"W5":{"V5":"13"},"7Q":{"J9":"13"},"8G":{"Q4":"13","Q5":"13"},"JM":{"R9":"13"},"CP":{"V3":"13"},"X6":{"82":"13","92":"13"},"CG":{"M4":"13"},"82":{"84":"13"},"JG":{"M4":"13","6C":"13"},"XX":{"36":"13"},"3Q":{"MJ":"13"},"3W":{"45":"13"},"FV":{"R2":"13"},"FR":{"VW":"13","WW":"13","VX":"13"},"M2":{"8Q":"13","8P":"13"},"GF":{"W5":"13","W6":"13"},"MQ":{"RJ":"5","WG":"13"},"5X":{"7P":"13"},"PF":{"G9":"13","G8":"13"},"6G":{"47":"13"},"R2":{"X8":"13"}},"Q2":{"4W":{"MX":"13","MW":"13"},"3X":{"2Q":"13"},"X4":{"P5":"13","M5":"13","P6":"13"},"4G":{"CC":"13"},"6V":{"CW":"13"},"XH":{"F7":"13","F6":"13"},"P5":{"54":"13","44":"13"},"4H":{"2H":"13"},"57":{"8G":"13","7G":"13"},"6X":{"37":"13","47":"13"},"MG":{"8M":"13","8P":"13"},"6P":{"89":"13","79":"13","8C":"13","7C":"13"},"4C":{"P5":"13"},"MM":{"HH":"13","HG":"13","PP":"13"},"RJ":{"PH":"13","MH":"13"},"2M":{"VW":"13"},"QF":{"PJ":"13"},"79":{"X9":"13"},"CP":{"38":"13","48":"13"},"52":{"85":"13","75":"13"},"8J":{"CG":"13"},"J3":{"QM":"13"},"W3":{"F5":"13","G5":"13"},"43":{"8V":"13","8R":"13"},"V7":{"85":"13"},"V4":{"G5":"13"},"MP":{"R5":"13","R4":"13"},"89":{"29":"13"},"Q9":{"PW":"13"},"3J":{"CG":"13","9G":"13"},"XX":{"2R":"13"},"HC":{"MM":"13","MP":"13"},"9F":{"73":"13"},"JR":{"XF":"13"},"48":{"QM":"13","QP":"13"},"5X":{"H9":"13","HC":"13"},"3P":{"34":"13","23":"13","24":"13","33":"13"}},"J2":{"V4":{"89":"13"},"WG":{"X2":"13"},"62":{"FC":"13"},"F7":{"55":"13","45":"13","56":"13"},"H9":{"PX":"13"},"FR":{"44":"13","45":"13","35":"13"},"M4":{"H3":"13"},"F6":{"9Q":"13","7Q":"13","7P":"13","8Q":"13","8P":"13"},"4J":{"5J":"13","6J":"13"},"J7":{"RX":"13","VX":"13"},"XG":{"22":"13"},"H6":{"94":"13"},"XF":{"2X":"13","46":"13","55":"13","45":"13","56":"13"},"44":{"5Q":"13","6Q":"13","5P":"13","6P":"13"},"MQ":{"4F":"13","4C":"13"},"7F":{"HF":"13","JF":"13","JC":"13"},"7P":{"6X":"13","5X":"13"},"X5":{"78":"13"},"WF":{"XX":"13"}},"X4":{"8V":{"93":"13","92":"13"},"8X":{"29":"13"},"5V":{"R8":"13","V8":"13"},"7M":{"QQ":"13"},"38":{"PG":"13","PH":"13","HR":"13","GR":"13","HV":"13"},"3R":{"VV":"13","WV":"13"},"84":{"8M":"13","7M":"13","7J":"13","8J":"13"},"25":{"J7":"13"},"XQ":{"9X":"13","CX":"13"},"3V":{"M6":"13","J6":"13"},"5R":{"R8":"13","VJ":"13","RG":"13","RJ":"13","R9":"13"},"P3":{"89":"13"},"GR":{"87":"13","77":"13","43":"13","33":"13"},"QR":{"C2":"13"},"QH":{"QG":"13","PG":"13","PH":"13"},"W5":{"Q4":"13","P4":"13"},"PM":{"MM":"13","PM":"13","MJ":"13"},"9V":{"VM":"13","WM":"13"},"6M":{"QJ":"13"},"J7":{"QX":"13","PX":"13"},"JJ":{"58":"13"},"CP":{"72":"13","M4":"13","M3":"13"},"6J":{"Q8":"13","Q7":"13"},"JR":{"CW":"13","R5":"13","V4":"13","R4":"13","CX":"13","V5":"13"},"7W":{"67":"13"},"3W":{"WV":"13","FF":"13","FG":"13","VV":"13","CF":"13","WW":"13","25":"13","VW":"13","3P":"13","RP":"13","CG":"13","24":"13","26":"13","3Q":"13","2Q":"13","VP":"13"},"X4":{"V3":"13","V4":"13","R4":"13"},"GW":{"2R":"13"},"FW":{"XV":"13","PM":"13"},"48":{"34":"13","23":"13","43":"13","33":"13","22":"13"},"7C":{"GQ":"13"},"98":{"M5":"13","M6":"13"},"HG":{"XR":"13"},"RX":{"V7":"13","V6":"13"},"WM":{"HV":"13"},"JQ":{"G9":"13"},"43":{"QG":"13","PG":"13","QH":"13","PH":"13"},"6R":{"PQ":"13"},"2C":{"9R":"13","9V":"13"},"8H":{"6F":"13","55":"13","6G":"13","CR":"13"},"72":{"5J":"13"},"WW":{"FV":"13","FR":"13","CR":"13"},"GC":{"CJ":"13","CM":"13","FJ":"13","FM":"13"},"PF":{"M9":"13"},"6V":{"95":"13"},"X5":{"H5":"13","J5":"13"},"3X":{"V9":"13"},"C9":{"R8":"13"},"VX":{"37":"13"},"CJ":{"QF":"13","PF":"13"},"GP":{"8C":"13"},"5C":{"VV":"13"},"46":{"CP":"13","CQ":"13","H6":"13"},"RV":{"28":"13"},"FR":{"7V":"13"},"63":{"FR":"13"},"7R":{"86":"13","85":"13"},"FH":{"69":"13","68":"13"},"2W":{"X6":"13","X5":"13","X4":"13","8V":"13","7V":"13"},"6C":{"4H":"13","3H":"13"},"XC":{"GP":"13","FP":"13"},"2P":{"5F":"13"},"9Q":{"G6":"13"},"C7":{"HF":"13","HG":"13"},"8M":{"VV":"13","7W":"13","7X":"13"},"VV":{"CW":"13"},"4F":{"9P":"13"},"9R":{"34":"13"},"9H":{"9Q":"13","CP":"13","9P":"13","CQ":"13"},"PX":{"CJ":"13","CM":"13","FJ":"13"},"7G":{"34":"13","33":"13"},"HQ":{"XQ":"13"},"FF":{"37":"13","27":"13"},"8R":{"27":"13"},"5W":{"86":"13","85":"13","7G":"13"},"6W":{"6V":"13","6R":"13","7V":"13","7R":"13"},"4V":{"3J":"13","XC":"13"},"8F":{"G4":"13","J4":"13"},"75":{"6P":"13"}},"X5":{"J2":{"RM":"13"},"G8":{"XX":"13"},"92":{"39":"13","49":"13"},"V4":{"3W":"13"},"R9":{"6J":"13"},"RM":{"7F":"13","8F":"13"},"M4":{"48":"13"},"W5":{"VJ":"13"},"PM":{"5V":"13"},"G9":{"X2":"13"},"M5":{"4X":"13"},"HJ":{"52":"13"},"M6":{"42":"13"},"H2":{"MV":"13","MW":"13","HV":"13","GV":"13"},"JG":{"56":"13"},"Q4":{"V7":"13","M5":"13"},"V6":{"97":"13"},"V3":{"GX":"13","9C":"13","7G":"13"},"W3":{"6C":"13"},"83":{"83":"13","QX":"13","PX":"13"},"HG":{"9M":"13"},"W7":{"98":"13","99":"13","89":"13"},"HC":{"FQ":"13","GQ":"13"},"JC":{"F8":"13"},"Q2":{"P4":"13"},"W8":{"42":"13"},"VR":{"GF":"13"},"82":{"X6":"13","84":"13","X5":"13"},"V2":{"6F":"13"},"C3":{"63":"13","73":"13","74":"13","64":"13"},"HH":{"XG":"13","WG":"13"},"C9":{"VG":"13","VH":"13"},"XX":{"PG":"13","VM":"13","RM":"13"},"GG":{"H6":"13"},"M3":{"5G":"13"},"P4":{"W9":"13","V9":"13"},"V7":{"HF":"13"},"WF":{"Q3":"13"},"PC":{"JV":"13","8G":"13","JW":"13","9G":"13"},"74":{"6Q":"13"},"R5":{"88":"13"},"VF":{"4F":"13","3F":"13"},"J3":{"75":"13"},"V8":{"FW":"13","GW":"13"},"X7":{"M5":"13"},"Q5":{"P6":"13","G6":"13"}},"X3":{"8V":{"X5":"13"},"FJ":{"C9":"13","F9":"13"},"8X":{"54":"13"},"8P":{"F8":"13"},"3R":{"RW":"13"},"F4":{"HP":"13","HM":"13"},"WJ":{"FV":"13","FR":"13","9W":"13","CR":"13","8W":"13"},"5F":{"85":"13","F4":"13"},"H4":{"3P":"13","2P":"13","FJ":"13"},"C5":{"F5":"13","F6":"13"},"PH":{"3H":"13"},"F3":{"VC":"13"},"H6":{"CC":"13"},"RP":{"F9":"13"},"JR":{"4C":"13"},"3W":{"MW":"13"},"9C":{"F2":"13"},"X9":{"QX":"13"},"RR":{"F4":"13"},"FV":{"7H":"13","7J":"13"},"97":{"FV":"13"},"HR":{"83":"13","73":"13","PH":"13"},"72":{"77":"13","67":"13"},"WR":{"8R":"13"},"79":{"6V":"13"},"C9":{"9Q":"13","CQ":"13"},"HP":{"QQ":"13"},"26":{"Q4":"13","R4":"13"},"CJ":{"49":"13","48":"13"},"GG":{"82":"13","92":"13"},"9J":{"5J":"13","6J":"13","5H":"13"},"9X":{"38":"13","28":"13"},"7R":{"RF":"13","QF":"13","QG":"13","RG":"13","M9":"13","P9":"13"},"F6":{"PW":"13"},"FM":{"9Q":"13","9P":"13"},"HM":{"P8":"13"},"CQ":{"3P":"13"},"F8":{"C7":"13"},"6P":{"JH":"13"},"8C":{"VG":"13"},"2F":{"RH":"13","QH":"13"},"F9":{"7W":"13","QQ":"13","8W":"13"},"JM":{"J6":"13"},"8M":{"XX":"13","G8":"13"},"9R":{"WM":"13"},"FF":{"47":"13","57":"13"},"8R":{"GG":"13"},"MV":{"5P":"13"},"88":{"V4":"13"},"PV":{"M8":"13","M7":"13"},"34":{"QG":"13"},"8F":{"48":"13"},"7F":{"7Q":"13"},"G5":{"JM":"13"}},"R3":{"V4":{"M2":"13","P3":"13","P2":"13"},"R2":{"J4":"13"},"XF":{"XM":"13","X9":"13"},"82":{"QC":"13"},"92":{"85":"13","95":"13"}},"P2":{"G9":{"Q2":"13","P2":"13"},"W2":{"G9":"13","GC":"13"},"RG":{"55":"13"},"5J":{"32":"13","42":"13","43":"13"},"WM":{"F8":"13","G8":"13"},"PG":{"M7":"13"},"RC":{"CG":"13"},"4V":{"MH":"13"},"HM":{"CC":"13","99":"13","C9":"13"},"V7":{"5C":"13","59":"13"},"2F":{"WG":"13"},"22":{"4W":"13","3W":"13"},"H5":{"M3":"13","P3":"13"},"G8":{"QX":"13","PX":"13"},"C4":{"2J":"13","2H":"13"},"9H":{"R8":"13","V8":"13"},"7C":{"6X":"13","5X":"13"}}}}