{"index":{"university,1|retail,2|tourism,3|wreck,4|historical,5|artsCulture,6|namedBuilding,7|water,8|wetland,9|park,10|beach,11|natureReserve,12|cemetery,13|trail,14":{}},"5F":{"8V":{"F3":{"G3":"13","H4":"13","G4":"13","H3":"13"},"Q5":{"HJ":"13"},"3G":{"C8":"13"},"2G":{"3W":"13"},"M3":{"MV":"13","PV":"13","MR":"13","PR":"13"},"7C":{"CM":"13"}},"9P":{"V7":{"RQ":"13","RP":"13","VP":"13","VQ":"13"},"8G":{"9Q":"13","8M":"13","8Q":"13","9R":"13","9P":"13","9M":"13","8P":"13","XW":"13"},"8H":{"R3":"13","Q3":"13","Q4":"13","V3":"13","V4":"13","R5":"13","R4":"13"},"3G":{"9F":"13","2J":"13","9C":"13","2H":"13","CG":"13","9G":"13","CF":"13"},"2G":{"Q6":"13","XH":"13","XJ":"13","Q7":"13"},"9G":{"2W":"13"}},"VM":{"GG":{"H8":"13","H9":"13","G9":"13","GC":"13","M9":"13","J9":"13","MC":"13","HC":"13","JF":"13","G8":"13","JC":"13","HF":"13"},"CC":{"46":"13","55":"13","45":"13","56":"13"},"HG":{"GP":"13","FQ":"13","GQ":"13"}},"5V":{"F5":{"V7":"13","X5":"13","R7":"13"},"F4":{"MX":"13","PX":"13","PW":"13"}},"5X":{"5M":{"V5":"13"}},"FQ":{"8G":{"VJ":"13","VH":"13"},"4G":{"7V":"13"},"27":{"M8":"13","M7":"13"}},"3R":{"GX":{"XP":"13","XQ":"13"},"FC":{"39":"13","38":"13"}},"QM":{"4J":{"4J":"13","3J":"13","4M":"13","3H":"13"},"3G":{"7G":"13","8H":"13","8G":"13","MR":"13","7H":"13","JJ":"13","MQ":"13","JQ":"13","MV":"13","HQ":"13","JR":"13"},"4G":{"88":"13","98":"13","97":"13","99":"13","C9":"13","C8":"13"},"4H":{"HF":"13","CJ":"13","GG":"13","GF":"13","FH":"13","FG":"13","CH":"13","HG":"13","FJ":"13","9H":"13","CG":"13"},"3F":{"XV":"13","WV":"13","WR":"13","XR":"13"},"8W":{"Q3":"13","P3":"13"}},"MH":{"CP":{"47":"13"}},"5Q":{"85":{"V7":"13","V6":"13"},"95":{"29":"13","39":"13","38":"13","8G":"13","8H":"13","9H":"13","9G":"13","28":"13"}},"5R":{"87":{"WF":"13","WG":"13"}},"QV":{"8M":{"H8":"13","H7":"13","H9":"13","G9":"13","M8":"13","J7":"13","J8":"13","M9":"13","J9":"13"}},"PH":{"6V":{"2H":"13"},"6W":{"X2":"13"},"5V":{"XG":"13","WH":"13","WG":"13","XH":"13"}},"QQ":{"43":{"8G":"13","7G":"13"}},"PM":{"XF":{"63":"13","53":"13"},"WG":{"7W":"13","WQ":"13"},"XC":{"R5":"13","R6":"13"},"RM":{"FR":"13","FQ":"13","9R":"13","CQ":"13","CR":"13"}},"CX":{"FC":{"93":"13"}},"9V":{"H3":{"HW":"13"},"3M":{"26":"13","27":"13"},"4H":{"96":"13"},"C3":{"C5":"13","9C":"13","C6":"13","9F":"13","FR":"13","6C":"13","C9":"13","8F":"13","7F":"13","8C":"13","CC":"13","99":"13","89":"13","6F":"13","97":"13","C7":"13","CR":"13","7C":"13","96":"13"},"83":{"QG":"5","PG":"5","QH":"5","PH":"5"},"F2":{"5W":"13","CM":"13","7M":"13","CP":"13","8R":"13","9M":"13","5X":"13","9R":"13","6W":"13","9Q":"13","7P":"13","7V":"13","6X":"13","7R":"13","9P":"13","8M":"13","8Q":"13","7Q":"13","8P":"13"},"36":{"34":"13","23":"13","24":"13","33":"13"},"C4":{"P5":"13","M5":"13","P4":"13","M4":"13"},"F3":{"62":"13","P3":"13","P5":"13","M4":"13","M3":"13","J3":"13","M5":"13","P4":"13","52":"13","J4":"13"}},"JX":{"3Q":{"XV":"13","WV":"13","XX":"13","WX":"13","WW":"13","XW":"13"},"4Q":{"2W":"13"},"3P":{"HJ":"13","MM":"13","JJ":"13","MJ":"13","JM":"13","HM":"13"},"4G":{"FQ":"13","FP":"13"},"3R":{"R6":"13"}},"RP":{"X6":{"CP":"13"},"XJ":{"FM":"13"}},"WX":{"4R":{"R3":"13","V3":"13","R5":"13","V4":"13","R2":"13","R4":"13"}},"CP":{"QW":{"6F":"13","5G":"13","5F":"13"}},"4W":{"79":{"4J":"13","5J":"13","CG":"13"},"C3":{"MF":"13","JF":"13","MH":"13","MG":"13"},"C4":{"G3":"13"}},"JR":{"26":{"36":"13"},"6F":{"C2":"13","92":"13"},"37":{"5H":"13"},"25":{"XV":"13","WV":"13","WW":"13","XW":"13"},"24":{"X9":"13"},"FP":{"3X":"13","2X":"13"},"22":{"8F":"13"}},"7W":{"HF":{"7W":"13","7V":"13"},"5R":{"54":"13","65":"13","64":"13","55":"13"},"4Q":{"RV":"13"},"M9":{"2P":"13","2Q":"13"},"4R":{"Q5":"13"},"MC":{"24":"13"}},"3W":{"XP":{"MM":"13","PM":"13","PP":"13","FX":"13","WW":"13"},"HP":{"5J":"13","5M":"13"},"XQ":{"F2":"13"},"9W":{"45":"13","35":"13"}},"GV":{"98":{"7Q":"13","7H":"13","8Q":"13","6G":"13","8P":"13","7G":"13"},"QM":{"4X":"13","4W":"13"},"QP":{"29":"13","39":"13","2C":"13","3C":"13"},"PP":{"QJ":"13","RH":"13","QH":"13","RJ":"13","VH":"13","RM":"13"}},"GW":{"C3":{"8M":"13","9P":"13","9J":"13","9M":"13","8P":"13"},"9H":{"8M":"13","9M":"13","8P":"13"},"C4":{"C6":"13","F7":"13","V6":"5|13","F6":"13","G6":"13"}},"FW":{"34":{"4Q":"13","4P":"13"},"54":{"GQ":"13"}},"2X":{"X5":{"C2":"13","93":"13","92":"13","C3":"13"},"VC":{"F2":"13","C2":"13"},"V9":{"HH":"13","GH":"13","FX":"13","GJ":"13","CX":"13"}},"FV":{"FM":{"HF":"13","HC":"13"},"F6":{"MR":"5"},"CG":{"GG":"13"},"CF":{"54":"13","44":"13"}},"WP":{"J8":{"23":"13"},"H8":{"X3":"13"}},"6X":{"34":{"FQ":"13","FP":"13"}},"WM":{"QR":{"RV":"13"}},"FP":{"JW":{"HW":"13","GW":"13"}},"JQ":{"F2":{"F2":"13","F3":"13","C2":"13","C3":"13"},"7F":{"CX":"13"},"HF":{"JC":"13","HC":"13"},"6Q":{"V4":"13","R4":"13","R5":"13","5J":"13","6H":"13","V3":"13","5H":"13","R3":"13"},"5C":{"MQ":"13","JQ":"13"},"3V":{"99":"13","89":"13"},"39":{"R2":"13"},"38":{"PX":"13","PW":"13"},"7M":{"VM":"13","VP":"13","WM":"13","WP":"13"},"4W":{"C8":"13"},"GG":{"8Q":"13","J2":"13"},"7P":{"46":"13"},"H9":{"8H":"13"},"HC":{"38":"13"},"GF":{"JX":"13"},"3X":{"VJ":"13","W7":"13","VH":"13","W6":"13"},"8F":{"RF":"13","QF":"13","RC":"13","QC":"13"},"24":{"9X":"13","9W":"13","8X":"13","8W":"13"},"H8":{"2M":"13"},"6M":{"GJ":"13"},"H3":{"39":"13","38":"13"},"9P":{"WP":"13"},"G2":{"58":"13","48":"13"},"GH":{"GG":"13","GH":"13"},"FX":{"J7":"13","M6":"13","M7":"13","J6":"13"},"43":{"8G":"13","8F":"13","2V":"13"},"GW":{"5C":"13","4F":"13","J4":"13","4C":"13","5F":"13"},"WP":{"G9":"13","F8":"13","F9":"13"},"HM":{"29":"13","39":"13","38":"13","28":"13"},"33":{"XV":"13","97":"13","87":"13"},"22":{"CV":"13","CR":"13"},"HV":{"3Q":"13","4Q":"13","4P":"13"},"GV":{"R8":"13","R9":"13","V8":"13","V9":"13"},"7G":{"C2":"13","92":"13"}},"9W":{"GX":{"XG":"13","XF":"13","VR":"13","WF":"13","WG":"13"},"2P":{"XC":"13"},"HX":{"7W":"13","8X":"13","7X":"13","8W":"13"},"JX":{"92":"13"}},"VQ":{"6P":{"M9":"13","M8":"13","P9":"13","P8":"13","PC":"13","MC":"13"}},"2R":{"PV":{"HP":"13"},"QV":{"5C":"13","59":"13"}},"6R":{"4R":{"7H":"13","6H":"13","7J":"13"}},"CV":{"W9":{"99":"13","C9":"13"}},"VR":{"HW":{"CJ":"13","FJ":"13","FM":"13"},"JW":{"9Q":"13","FQ":"13","CP":"13","9P":"13","CQ":"13","FP":"13"},"MW":{"7W":"13"}},"HR":{"X5":{"V3":"13","V2":"13"},"JF":{"6J":"13","7J":"13"},"W7":{"P5":"13","M5":"13","P4":"13","M4":"13"},"JH":{"X9":"13","W9":"13","XC":"13"},"R9":{"7F":"13","8G":"13","8F":"13","7G":"13"},"MH":{"29":"13"}},"7X":{"V4":{"73":"13","72":"13","79":"13"}},"7V":{"WH":{"HJ":"13","FR":"13","JJ":"13","JM":"13","HM":"13"},"X4":{"39":"13","49":"13","48":"13"},"9X":{"FF":"13","FG":"13","6C":"13","7M":"13","GG":"13","7F":"13","6F":"13","GF":"13","7C":"13"},"5V":{"5J":"13"}},"WR":{"GM":{"3V":"13","4R":"13","3R":"13","4V":"13"}},"6V":{"VQ":{"H5":"13","G5":"13","J5":"13"},"8C":{"P5":"13","P6":"13"}},"3X":{"VR":{"JV":"13","HV":"13"}},"RJ":{"4G":{"PJ":"13","MM":"13","PM":"13","MJ":"13"}},"GP":{"9R":{"F8":"13","G8":"13"}},"FR":{"34":{"5W":"13"},"45":{"FV":"13","GV":"13"},"GM":{"MF":"13","CC":"13","FC":"13","PC":"13","MC":"13","PF":"13","MG":"13","FF":"13","CF":"13"},"GJ":{"RV":"13","VV":"13","RR":"13"},"V5":{"M5":"13","4F":"13","J4":"13","M4":"13","5F":"13","J5":"13"}},"9X":{"H2":{"72":"13","82":"13"}},"7R":{"5X":{"5Q":"13","5P":"13"}},"PJ":{"R5":{"6G":"13","2H":"13","57":"13","4J":"13","6H":"13","4H":"13","3H":"13","5H":"13","5G":"13","66":"13","4G":"13","5F":"13","56":"13","3G":"13","6F":"13","3J":"13","67":"13","2G":"13","4F":"13"}},"CR":{"2W":{"58":"13","CC":"13","99":"13","59":"13","49":"13","89":"13","9C":"13","C9":"13","48":"13"},"2V":{"CW":"13","MM":"13","7M":"13","7P":"13","9W":"13","JJ":"13","MJ":"13","JM":"13"}},"JV":{"C6":{"9P":"13"}},"JW":{"9J":{"H5":"13","J6":"13","J5":"13","H6":"13"}},"CQ":{"77":{"54":"13"},"HX":{"H2":"13","H3":"13","93":"13","J2":"13","M2":"13","C3":"13","P2":"13"},"2H":{"FV":"13","FW":"13"},"3V":{"89":"13","8C":"13","22":"13"},"3R":{"7Q":"13","2X":"13"},"58":{"88":"13"},"2V":{"X2":"13"},"8W":{"9R":"13"},"XG":{"32":"13","42":"13"},"J9":{"QJ":"13","RH":"13","QH":"13","RJ":"13"},"XF":{"4X":"13","3X":"13"},"HW":{"4R":"13","3R":"13"}},"XM":{"7Q":{"GP":"13","HQ":"13","HP":"13","77":"13","GQ":"13","78":"13"}},"QP":{"W3":{"8G":"13","9G":"13"},"5G":{"CX":"13"},"5H":{"C2":"13"}},"8W":{"FR":{"X2":"13"},"FQ":{"QR":"13","RR":"13","XX":"13"},"VF":{"X3":"13"},"33":{"F5":"13","G5":"13","F6":"13"}},"9Q":{"9Q":{"6Q":"13"},"P4":{"62":"13"}},"JM":{"X5":{"FQ":"13"}},"9R":{"XV":{"3W":"13"},"R2":{"23":"13"},"FW":{"6Q":"13"}},"XP":{"7X":{"CC":"13","9C":"13","C9":"13"}},"PX":{"V4":{"P7":"13"}},"HQ":{"X2":{"QR":"13","QQ":"13"},"XW":{"M8":"13","P8":"13"}},"2V":{"8V":{"MV":"13","J7":"13","J8":"13","H8":"13","X9":"13","W8":"13","MR":"13","W9":"13"},"93":{"2P":"13","2M":"13"},"PP":{"RW":"13","QX":"13","RX":"13","QP":"13","PP":"13","QW":"13"},"FW":{"9W":"13","9V":"13","8V":"13","8W":"13"},"FX":{"36":"13","46":"13"},"CV":{"6H":"13","6J":"13"}},"5W":{"V7":{"5G":"13","4G":"13"},"C5":{"65":"13","94":"13","73":"13","64":"13","93":"13","63":"13","55":"13","54":"13"},"C4":{"9R":"13","9V":"13","CV":"13","CR":"13"}},"JP":{"HG":{"PC":"13","MC":"13"},"FW":{"RR":"13"}},"6W":{"44":{"39":"13","3C":"13"}}}}