{"index":{"university,1|retail,2|tourism,3|wreck,4|historical,5|artsCulture,6|namedBuilding,7|water,8|wetland,9|park,10|beach,11|natureReserve,12|cemetery,13|trail,14":{}},"5H":{"G8":{"XP":{"QX":"13","QW":"13"},"WV":{"J7":"13","J8":"13","H8":"13","H7":"13"},"XF":{"V9":"13"},"WX":{"6C":"13","7C":"13"},"VP":{"6C":"13"},"WP":{"PR":"13"}},"86":{"GG":{"32":"13","42":"13"},"79":{"QJ":"13","QM":"13","RJ":"13","JH":"13","RM":"13"}},"H8":{"62":{"MP":"13","QM":"13","JP":"13","MQ":"13","QP":"13","GW":"13","JQ":"13"}},"FQ":{"2C":{"X6":"13"},"3M":{"4J":"13","3J":"13","2P":"13","3H":"13","2M":"13"},"2M":{"6F":"13","Q2":"13","R2":"13","59":"13"},"4H":{"34":"13","23":"13","24":"13","33":"13"},"29":{"FG":"13","CG":"13"},"28":{"3P":"13","3M":"13","4M":"13","4P":"13"},"27":{"4J":"13","3J":"13","3M":"13","4M":"13"},"3F":{"CW":"13","FW":"13","H7":"13"},"37":{"5M":"13","5P":"13"},"4G":{"62":"13"},"3C":{"V2":"13","FM":"13","P3":"13","P2":"13"},"3G":{"MM":"13","7P":"13","P6":"13","MP":"13","JM":"13"},"38":{"76":"13","6G":"13","77":"13","7G":"13"},"2J":{"QX":"13","RX":"13"},"3J":{"6Q":"13","W2":"13","W3":"13","X2":"13","6P":"13","X3":"13"},"4F":{"6X":"13","88":"13","98":"13","C6":"13","97":"13","7M":"13","87":"13","6M":"13","96":"13","7X":"13"}},"W9":{"C8":{"G2":"13"}},"92":{"M9":{"57":"13"}},"G6":{"2J":{"R2":"13"},"2H":{"RX":"13"}},"C5":{"8G":{"8C":"13","7C":"13"},"79":{"37":"13","49":"13"}},"HF":{"34":{"66":"13","56":"13"},"RC":{"R3":"13","V4":"13","R4":"13"}},"H9":{"5G":{"2P":"13","5W":"13","3X":"13","3W":"13","2X":"13","4W":"13","5V":"13","2Q":"13","4X":"13"},"7J":{"8V":"13","7V":"13"},"CW":{"7Q":"13","R4":"13"},"4G":{"HX":"13","XQ":"13","3R":"13","XP":"13","4Q":"13","F2":"13","HM":"13","4R":"13","3Q":"13","F3":"13","2Q":"13"},"7F":{"HW":"13","5J":"13","JW":"13","99":"13","9C":"13"},"4H":{"F7":"13","Q4":"13","R4":"13","R5":"13","C3":"13","F8":"13","W4":"13","G2":"13","G3":"13","HC":"13","X4":"13","X5":"13","Q5":"13","V6":"13","C4":"13","JC":"13","F3":"13"},"5P":{"H9":"13"},"6P":{"6P":"13"},"4C":{"PR":"13"},"5H":{"32":"13","2F":"13","25":"13","23":"13","24":"13","2G":"13","22":"13"},"7C":{"MQ":"13"},"5M":{"Q8":"13","P9":"13","P8":"13","Q9":"13"},"28":{"FF":"13"},"5J":{"CW":"13","9W":"13","9V":"13"},"2F":{"CW":"13","9W":"13","FX":"13","W9":"13","CV":"13","CX":"13"},"2G":{"F2":"13","C2":"13"},"7G":{"65":"13","25":"13","64":"13"},"5F":{"48":"13"},"3H":{"F7":"13"},"4F":{"3J":"13","MP":"13","3M":"13","GQ":"13","WM":"13","HR":"13","GR":"13"},"3F":{"G9":"13","C9":"13","GC":"13","FC":"13","J9":"13","F9":"13","MC":"13","JC":"13"},"39":{"F2":"13","G2":"13","53":"13"},"JP":{"24":"13"},"3G":{"34":"13","44":"13"},"7M":{"RH":"13","RG":"13","HH":"13"},"4J":{"4W":"13","5W":"13","6W":"13","5V":"13"},"6F":{"HG":"13","HH":"13","WH":"13","JM":"13","HM":"13","JF":"13","MH":"13"},"6G":{"M2":"13","M7":"13"},"FW":{"29":"13","2C":"13"},"6Q":{"C6":"13","Q6":"13","H9":"13","HC":"13","P6":"13","C7":"13"},"2P":{"P4":"13"}},"RG":{"82":{"PG":"13"},"G2":{"JC":"13"}},"W5":{"97":{"99":"13","89":"13","9C":"13","8C":"13"},"87":{"GG":"13","G8":"13","GH":"13"},"77":{"HF":"13","JF":"13","JC":"13","HC":"13"},"6C":{"3M":"13","4P":"13"}},"68":{"Q2":{"RV":"13"},"XX":{"9X":"13","8X":"13","8W":"13"},"R6":{"FH":"13","FJ":"13"},"V8":{"26":"13","27":"13"},"V9":{"38":"13","37":"13"}},"G9":{"X8":{"6Q":"13"},"C5":{"G3":"13","H5":"13","H4":"13","G4":"13","H3":"13"},"X7":{"W5":"13"},"QQ":{"5C":"13","29":"13","8F":"13","59":"13"},"F4":{"H4":"13","G2":"13"},"C3":{"RR":"13","42":"13","CH":"13","35":"13"},"RQ":{"8V":"13","39":"13","GP":"13","C6":"13","FM":"13","F6":"13","8W":"13","29":"13","28":"13","FP":"13","48":"13","53":"13","38":"13","63":"13"},"PQ":{"WG":"13","WH":"13","75":"13","F4":"13","47":"13","87":"13","J5":"13"},"94":{"F2":"13","7Q":"13","83":"13","84":"13","HH":"13","CP":"13","VM":"13","RP":"13","WQ":"13","8R":"13","VP":"13","VQ":"13","WM":"13","WP":"13","RM":"13"},"C2":{"8X":"13"},"P4":{"VM":"13"},"42":{"9P":"13","8P":"13"},"RR":{"H5":"13"},"RP":{"89":"13","CH":"13","56":"13","JM":"13","CG":"13","8C":"13","HM":"13"},"22":{"RW":"13","VW":"13"},"82":{"QP":"13","RP":"13"},"23":{"Q3":"13"},"X5":{"MQ":"13","PQ":"13","PR":"13"},"93":{"QP":"13","WJ":"13","QQ":"13","WM":"13"},"QR":{"WW":"13"},"C4":{"7F":"13","FV":"13","CW":"13","9Q":"13","C6":"13","7M":"13","GG":"13","7P":"13","F5":"13","8Q":"13","8F":"13","4R":"13","47":"13","FW":"13","6J":"13","FX":"13","9M":"13","7J":"13","8R":"13","GW":"13","F6":"13","CG":"13","CV":"13","C5":"13","5V":"13","4V":"13"},"PP":{"5W":"13","PW":"13"},"F3":{"25":"13","24":"13","PR":"13"},"84":{"C8":"13"},"RM":{"8X":"13","MW":"13","QV":"13","6V":"13","7V":"13","QX":"13","MX":"13","PX":"13"}},"QC":{"42":{"32":"13","42":"13"}},"QF":{"HW":{"GX":"13","VG":"13"},"JW":{"CV":"13","CR":"13"},"WC":{"F8":"13"},"W9":{"67":"13","68":"13"},"VQ":{"HC":"13"},"GW":{"FC":"13"},"QV":{"MH":"13"}},"H6":{"W2":{"JG":"13"}},"RC":{"J7":{"P5":"13","39":"13","38":"13"}},"QG":{"P5":{"Q6":"13"},"47":{"G9":"13","F8":"13","G8":"13","G7":"13","H7":"13","F9":"13"},"28":{"X7":"13"},"37":{"RF":"13","QF":"13","HJ":"13","QG":"13","RG":"13","JH":"13","JJ":"13"},"P4":{"P6":"13","PV":"13","PR":"13"},"38":{"27":"13"},"86":{"88":"13"}},"M6":{"7F":{"6H":"13"},"6F":{"XW":"13"}},"GV":{"2J":{"88":"13","87":"13","78":"13"}},"67":{"QW":{"8M":"13","8G":"13","8H":"13","9H":"13","9G":"13"},"HP":{"PC":"13"},"MF":{"MV":"13","JV":"13","HQ":"13","HP":"13","JR":"13","HR":"13"},"JP":{"9G":"13"},"MQ":{"R3":"13","9R":"13","77":"13"},"QX":{"WJ":"13"},"JQ":{"W4":"13","5C":"13","W3":"13","X4":"13"},"PX":{"54":"13","F4":"13"}},"9C":{"R2":{"J6":"13","H6":"13"}},"V6":{"R9":{"MW":"13"},"VC":{"8F":"13"}},"Q9":{"4X":{"3X":"13","7W":"13","7V":"13"}},"FV":{"RF":{"77":"13","QM":"13","QQ":"13","RQ":"13","PJ":"13","QP":"13","RP":"13","PM":"13","PH":"13","87":"13","86":"13","76":"13","PP":"13","RM":"13"},"HJ":{"JH":"13"},"QG":{"MV":"13","HQ":"13","HP":"13","JQ":"13","MR":"13"},"VG":{"JP":"13","69":"13","GP":"13","HQ":"13","HP":"13","32":"13","23":"13","GM":"13","MQ":"13","JQ":"13","MR":"13","GQ":"13","JR":"13","HR":"13","HM":"13","68":"13","33":"13","22":"13"},"VF":{"2X":"13"},"FG":{"H8":"13","H7":"13","H6":"13"},"P9":{"88":"13","98":"13"},"PQ":{"8G":"13"},"PC":{"W9":"13"},"RP":{"2J":"13","2H":"13","3H":"13","WX":"13","WW":"13"},"WM":{"MM":"13","JM":"13"},"JM":{"F3":"13","2X":"13","C3":"13"},"WP":{"75":"13","65":"13","76":"13","66":"13"},"VH":{"RG":"13","VG":"13","VF":"13"},"PF":{"5Q":"13","6Q":"13","5R":"13","6R":"13","VM":"13","RP":"13","VP":"13","RM":"13"},"GJ":{"9C":"13","8C":"13"},"J9":{"R8":"13","V7":"13","R7":"13","R9":"13"},"HM":{"F5":"13","XX":"13","G4":"13","G5":"13"},"FF":{"R5":"13","V4":"13","V5":"13"},"QC":{"9Q":"13","8Q":"13","CP":"13","9P":"13"}},"85":{"JP":{"Q3":"13","P3":"13"},"MM":{"69":"13","58":"13","2F":"13","59":"13","2G":"13","2H":"13"},"PX":{"FR":"13","FQ":"13","GQ":"13","GR":"13"},"JM":{"XG":"13","XF":"13","XH":"13"}},"HC":{"35":{"MM":"13","PM":"13"}},"JC":{"MJ":{"62":"13"},"MH":{"6X":"13","7X":"13"}},"Q2":{"FM":{"HX":"13"}},"R2":{"XG":{"WP":"13"}},"P2":{"XP":{"4J":"13","3G":"13","4H":"13","3H":"13"}},"GC":{"FV":{"72":"13","4H":"13","5H":"13","62":"13"},"MX":{"7H":"13","6H":"13","6G":"13","7G":"13"},"FR":{"6X":"13","6W":"13","7W":"13","7X":"13"},"CQ":{"8V":"13","4P":"13","8R":"13","5M":"13","5P":"13","9V":"13","4M":"13","7V":"13","7R":"13"}},"V2":{"JH":{"XV":"13","XW":"13"},"2G":{"H4":"13","4Q":"13","G4":"13","H3":"13","CX":"13","4P":"13"},"P4":{"J7":"13","J8":"13"},"2H":{"H5":"13","C2":"13"},"MH":{"4M":"13","CX":"13"}},"76":{"34":{"65":"13"},"8Q":{"56":"13"},"23":{"FR":"13"},"24":{"JM":"13"}},"79":{"53":{"WH":"13"}},"C9":{"G3":{"WW":"13"},"H4":{"23":"13","24":"13"},"H3":{"3P":"13","3X":"13","2P":"13","2R":"13","3M":"13","2M":"13","3R":"13"}},"77":{"C5":{"2H":"13"}},"RF":{"WV":{"23":"13","52":"13","62":"13"},"VQ":{"J7":"13","9V":"13","CV":"13","CR":"13"},"GX":{"9C":"13","9F":"13","92":"13","8F":"13","8C":"13","93":"13","X3":"13"},"HX":{"F2":"13"},"WR":{"6X":"13"},"VV":{"83":"13","84":"13"},"XW":{"H2":"13","M2":"13"},"RQ":{"XV":"13","XW":"13"},"QV":{"M9":"13","9G":"13"},"VR":{"J4":"13"},"2X":{"9F":"13"},"QP":{"PV":"13","QV":"13"},"RR":{"P6":"13"},"4W":{"JP":"13","HQ":"13","JQ":"13"},"MV":{"5W":"13","6W":"13"}},"PG":{"46":{"VV":"13"}},"P8":{"88":{"28":"13"},"78":{"Q3":"13","P3":"13","X8":"13","QV":"13"},"7C":{"7Q":"13","6Q":"13","7P":"13","6P":"13"}},"F6":{"P7":{"5J":"13","5H":"13"},"MG":{"5R":"13","93":"13","92":"13","5V":"13"},"QC":{"HJ":"13","HH":"13","JH":"13","JJ":"13"}},"CQ":{"XF":{"FG":"13","CG":"13"},"P9":{"4X":"13","4W":"13","HC":"13","JC":"13","3X":"13","8W":"13"},"MG":{"JV":"13"},"R7":{"5P":"13","6P":"13"},"W8":{"74":"13"},"VF":{"58":"13","68":"13"},"QG":{"HX":"13"},"QF":{"5R":"13","6R":"13"},"VJ":{"FP":"13"},"PG":{"7H":"13","6H":"13","6G":"13","7G":"13"},"JM":{"GF":"13"},"MJ":{"23":"13"},"Q8":{"M5":"13","3J":"13","2J":"13","2H":"13","3H":"13","VP":"13","J5":"13"},"JQ":{"R9":"13"},"W9":{"XR":"13"},"XC":{"CH":"13","93":"13","92":"13"},"X6":{"2C":"13"},"XP":{"C6":"13","95":"13","96":"13","C5":"13"},"V7":{"RV":"13","RW":"13","QW":"13","7V":"13"},"QH":{"H2":"13"},"PC":{"MP":"13"},"JG":{"VC":"13","V9":"13"},"W7":{"R8":"13","88":"13","98":"13","PW":"13","MW":"13"},"X7":{"P5":"13","7Q":"13","6Q":"13","M5":"13","M6":"13","P6":"13"},"WP":{"CW":"13","9W":"13"},"WG":{"Q8":"13","P8":"13"},"WC":{"P5":"13","FF":"13"},"VQ":{"FV":"13"},"XG":{"CQ":"13"},"PF":{"5C":"13","WF":"13","59":"13","WC":"13"},"R8":{"VF":"13","VC":"13"},"MF":{"58":"13","59":"13","49":"13","48":"13"},"JH":{"V7":"13"},"JJ":{"85":"13","X3":"13","95":"13"}},"V7":{"34":{"6W":"13","42":"13","7W":"13","6V":"13","93":"13","7V":"13","6Q":"13","5Q":"13"},"63":{"PJ":"13","PH":"13","MH":"13","PF":"13"},"84":{"2F":"13"},"83":{"8H":"13","9J":"13","9M":"13","9H":"13","8J":"13"},"74":{"QF":"13","XF":"13","WC":"13","QC":"13"},"35":{"RV":"13","H5":"13","F3":"13","V4":"13","F4":"13","C3":"13","C4":"13"},"57":{"XH":"13","XJ":"13"},"53":{"2X":"13"},"46":{"42":"13","43":"13"},"56":{"W5":"13","M2":"13","V6":"13","W6":"13","V5":"13"},"24":{"W4":"13","W5":"13","V4":"13","PG":"13","V5":"13"},"25":{"QG":"13"},"43":{"XW":"13"},"55":{"7F":"13","MX":"13","65":"13","2V":"13"},"44":{"XQ":"13"},"54":{"38":"13","6H":"13","77":"13","GH":"13","2Q":"13","48":"13","8J":"13"},"73":{"F5":"13","F6":"13"},"64":{"7Q":"13","54":"13","6R":"13","66":"13","64":"13","7R":"13"},"23":{"QM":"13"},"67":{"5C":"13","8G":"13","8F":"13","2G":"13","4C":"13"},"66":{"G9":"13","9M":"13","CH":"13","7F":"13","6F":"13","8M":"13","FH":"13"}},"F9":{"34":{"C6":"13","C7":"13"},"24":{"H6":"13"},"F8":{"9Q":"13","9R":"13","55":"13","45":"13"},"F6":{"FR":"13"},"Q9":{"MF":"13","JF":"13","MC":"13","PF":"13"}},"PC":{"PG":{"VJ":"13"}},"M9":{"P7":{"QJ":"13","QH":"13","FM":"13","FJ":"13","CM":"13","MJ":"13","MM":"13","PJ":"13","CH":"13","VM":"13","RH":"13","6X":"13","RJ":"13","PM":"13","VJ":"13","PH":"13","8M":"13","CJ":"13","GJ":"13","FH":"13","RM":"13"},"P8":{"23":"13","33":"13","22":"13"}},"78":{"29":{"WR":"13"},"39":{"3R":"13"},"WM":{"V7":"13","R7":"13","R6":"13","V6":"13"},"JG":{"RH":"13","VJ":"13","VH":"13"}},"M7":{"XR":{"GW":"13"},"W8":{"3M":"13"}},"JF":{"XR":{"QX":"3","QW":"3","PW":"3","VX":"13"}},"VF":{"P7":{"6V":"13","4W":"13","5W":"13","XH":"13","6W":"13","5V":"13"},"2V":{"QG":"13"},"Q7":{"2H":"13"}},"CC":{"Q9":{"M3":"13"}},"99":{"5R":{"FC":"13","GC":"13"}}}}