{"index":{"university,1|retail,2|tourism,3|wreck,4|historical,5|artsCulture,6|namedBuilding,7|water,8|wetland,9|park,10|beach,11|natureReserve,12|cemetery,13|trail,14":{}},"5P":{"GX":{"29":{"44":"13"}},"8X":{"JP":{"FW":"13","FX":"13"}},"4P":{"75":{"PJ":"13"}},"FR":{"7Q":{"3Q":"13","2R":"13","2Q":"13","3R":"13"}},"3V":{"WV":{"Q6":"13","Q7":"13"},"XR":{"P8":"3"}},"3R":{"98":{"28":"13"},"MM":{"46":"13","45":"13"}},"CQ":{"84":{"P4":"13","M3":"13","P3":"13"}},"2P":{"PW":{"XG":"13","XF":"13"}},"X7":{"HM":{"GX":"13"}},"7M":{"3P":{"PC":"13","PF":"13","QC":"13"},"4M":{"46":"13","55":"13","45":"13","56":"13"}},"CW":{"PC":{"62":"13"}},"6M":{"3G":{"FV":"13","FW":"13"}},"3W":{"XF":{"7W":"13"}},"4V":{"HW":{"C4":"13"},"2R":{"GC":"13"},"HV":{"7Q":"13","6R":"13","7R":"13"}},"5P":{"J5":{"28":"13"}},"3P":{"Q8":{"Q5":"13"},"3P":{"7Q":"13","8Q":"13","7R":"13","8R":"13"},"JJ":{"RQ":"13"},"MJ":{"5Q":"13","4Q":"13","4P":"13"},"6J":{"FV":"13","9R":"13","9V":"13","CV":"13","CR":"13"},"2Q":{"Q8":"13","P9":"13","P8":"13","Q9":"13"}},"FV":{"5R":{"7H":"13"},"85":{"GV":"13"},"64":{"MQ":"13","JQ":"13"}},"4R":{"W5":{"57":"13"}},"FW":{"JJ":{"F5":"13","F6":"13","G6":"13"},"MJ":{"R4":"13"}},"3Q":{"8F":{"8X":"13","7X":"13"},"CF":{"FQ":"13","FP":"13"}},"CR":{"HX":{"MP":"13"}},"4X":{"27":{"JV":"13","JR":"13","HR":"13","HV":"13"}},"2Q":{"FQ":{"PP":"13","MP":"13","MQ":"13","PQ":"13"},"RC":{"59":"13","49":"13"}},"2R":{"Q2":{"M9":"13","M8":"13"},"H7":{"9Q":"13","8Q":"13"}}}}