{"5Q":{"H3":{"8Q":{"8M":"13"}},"8P":{"HP":{"4C":"13"}},"H8":{"62":{"HF":"13","JF":"13","JC":"13"}},"FQ":{"8H":{"XG":"13"},"9H":{"2G":"13"}},"7M":{"V3":{"HP":"13"}},"3R":{"5M":{"3C":"13"}},"H7":{"2F":{"6V":"13","6R":"13","7V":"13","7R":"13"},"8P":{"Q8":"13"}},"WJ":{"J4":{"PW":"13"}},"5F":{"V5":{"V8":"13","V9":"13"}},"H9":{"QM":{"7H":"13","8H":"13"}},"RG":{"6M":{"WX":"13"}},"M4":{"2M":{"87":"13"}},"PM":{"W4":{"CC":"3","CF":"3"}},"J5":{"MM":{"J8":"13","M8":"13","P7":"13","M7":"13"}},"CX":{"8G":{"34":"13","33":"13"}},"H6":{"W5":{"W3":"13","X3":"13"},"X2":{"M6":"13","M7":"13"}},"JX":{"7G":{"JV":"13","HR":"13","HV":"13"}},"X6":{"W5":{"4R":"13"},"R2":{"JV":"13","5W":"13"},"W6":{"JF":"13","HC":"13","JC":"13","6C":"13"}},"FX":{"8G":{"25":"13","24":"13"},"7G":{"W4":"13","W5":"13","X5":"13","X4":"13"}},"6J":{"VH":{"86":"13"}},"MX":{"85":{"P7":"13","M8":"13","P6":"13"}},"CM":{"FV":{"9Q":"5"}},"3W":{"CH":{"44":"13"}},"VG":{"JV":{"4F":"13","5G":"13","4G":"13","5F":"13"},"HX":{"Q8":"13","M7":"13","M8":"13","P8":"13","M9":"13","Q7":"13","P9":"13","Q9":"13","P7":"13"},"FM":{"5V":"13","4V":"13"},"HR":{"7Q":"13","6R":"13","3M":"13","2M":"13","7R":"13"}},"GW":{"34":{"PH":"13"}},"4J":{"XP":{"X5":"13","X4":"13"}},"X2":{"QH":{"J5":"13"},"X2":{"JX":"13","PV":"13","MR":"13","JR":"13","PX":"13","PW":"13|7"},"X7":{"JM":"13"}},"RR":{"Q6":{"XF":"13"}},"FV":{"2R":{"6H":"13","6J":"13"}},"HG":{"MM":{"G3":"13","H2":"13","H3":"13","G2":"13"}},"52":{"C6":{"46":"13","47":"13","57":"13","56":"13"}},"6X":{"48":{"3R":"13"}},"HC":{"6J":{"45":"13","35":"13"}},"33":{"2G":{"83":"13"},"48":{"2W":"13","2V":"13"}},"2R":{"RG":{"PW":"13"}},"VR":{"RQ":{"87":"13"},"PV":{"VV":"13","WV":"13","WR":"13"},"QV":{"2W":"13","2P":"13","2Q":"13","2V":"13"}},"29":{"M3":{"9F":"13","9G":"13"}},"8H":{"P7":{"RH":"13","QH":"13"},"QW":{"V3":"13","V2":"13"},"GV":{"WH":"13","VH":"13"}},"94":{"5J":{"J8":"13","H9":"13","H8":"13","J9":"13"}},"7X":{"JF":{"R9":"13"}},"X5":{"QJ":{"V7":"13","5R":"13","W7":"13","W8":"13","V8":"13"},"QH":{"FR":"13","FQ":"13","GQ":"13","CQ":"13","CR":"13"},"VM":{"49":"13"},"RH":{"F7":"13","GP":"13","FQ":"13","FP":"13","C6":"13","WX":"13","RM":"13","RJ":"13","F9":"13","F8":"13","FH":"13","JW":"13","PC":"13","HH":"5","C7":"13","FJ":"13","96":"13","GQ":"13","97":"13","HW":"13","PF":"13","JH":"5"},"RJ":{"XP":"13","GX":"13","54":"13","44":"13","43":"13","53":"13","GW":"13","WP":"13"},"VJ":{"37":"13"},"XV":{"G3":"13"},"RW":{"WQ":"13"}},"23":{"MF":{"CJ":"13"},"JC":{"9P":"13"},"82":{"CC":"13","FC":"13","FF":"13","CF":"13"}},"PG":{"62":{"PQ":"13","QQ":"13"}},"GP":{"C6":{"VG":"13"},"85":{"PP":"13","PQ":"13"}},"9J":{"FQ":{"75":"13","74":"13"}},"9X":{"3V":{"XX":"13"},"3W":{"X2":"13"}},"4Q":{"5P":{"P8":"13"},"4R":{"44":"13"}},"VJ":{"8R":{"PQ":"13"}},"2W":{"93":{"43":"13"}},"6P":{"CH":{"CJ":"13","FJ":"13"}},"M8":{"HC":{"CH":"13","CG":"13"}},"QJ":{"FV":{"CC":"13"},"H7":{"5C":"13","59":"13","49":"13"},"G6":{"VX":"13"}},"7P":{"83":{"HG":"13"},"V9":{"GC":"13"}},"2P":{"XQ":{"P5":"13","H8":"13","G8":"13","P4":"13"}},"J4":{"26":{"RF":"13","RG":"13","VF":"13","RC":"13"}},"F9":{"WH":{"6R":"13"},"RX":{"XM":"13","XJ":"13"}},"JM":{"CG":{"XG":"13","XF":"13","WF":"13","WG":"13"}},"PC":{"G3":{"9X":"13","9W":"13"},"F5":{"R9":"13","Q9":"13","RC":"13","QC":"13"},"G4":{"V7":"13","W7":"13","7J":"13","V6":"13"},"6P":{"GX":"13","HX":"13"}},"8M":{"6V":{"HF":"13","HC":"13","GF":"13","GC":"13"},"24":{"QR":"13"},"8V":{"2G":"5","JM":"13"},"7V":{"W7":"13"}},"5M":{"28":{"PH":"13"}},"9H":{"PQ":{"VR":"13","WR":"13","WQ":"13","VQ":"13"},"QQ":{"6V":"13","6W":"13","7W":"13","7V":"13"}},"9G":{"8H":{"X4":"13"}},"RH":{"Q4":{"97":"13","87":"13","C7":"13"},"5R":{"RW":"13","QX":"13","RX":"13","QW":"13"}},"7F":{"43":{"7F":"13","8F":"13","8C":"13","7C":"13"}},"8J":{"3Q":{"3Q":"13","3H":"13","3R":"13"}}},"index":{"university,1|retail,2|tourism,3|wreck,4|historical,5|artsCulture,6|namedBuilding,7|water,8|wetland,9|park,10|beach,11|natureReserve,12|cemetery,13|trail,14":{}}}