{"5R":{"J2":{"GR":{"PM":"13","QM":"13","QP":"13"}},"G8":{"QQ":{"6G":"13","4P":"13","4J":"13","5J":"13","3M":"13","6H":"13","5H":"13","5M":"13","7H":"13","3P":"13","4M":"13","6J":"13","3Q":"13"},"PR":{"M2":"13","M3":"13","P3":"13","P2":"13"}},"86":{"GG":{"42":"13","52":"13"},"GF":{"4X":"13","5X":"13"},"G7":{"X6":"13"},"H7":{"26":"13"}},"7H":{"XQ":{"H6":"13"},"2W":{"3X":"13","2X":"13"},"X6":{"Q5":"13","Q6":"13"},"PG":{"W2":"13","V2":"13"},"PF":{"WX":"13","VX":"13"},"MH":{"G3":"13"},"24":{"JP":"13","JM":"13"},"54":{"3Q":"13","2R":"13","2Q":"13","3R":"13"}},"H8":{"85":{"J3":"13","HW":"13","JV":"13","JW":"13","J2":"13","M2":"13","HR":"13","HV":"13","GV":"13"},"C7":{"8Q":"13","8P":"13"}},"92":{"6H":{"HW":"13","HV":"13"}},"5F":{"99":{"QR":"13","PV":"13","PR":"13","QV":"13"},"WW":{"CP":"13","CM":"13","FM":"13","FP":"13"}},"H4":{"Q6":{"HW":"13","GW":"13","HV":"13","GV":"13"}},"F3":{"9P":{"3P":"13","2P":"13"}},"68":{"5H":{"VJ":"13","VH":"13"}},"3M":{"58":{"8G":"13","9F":"13","CF":"13","8F":"13","F2":"13","G2":"13","7F":"13","9G":"13"},"38":{"M9":"13","M8":"13","P9":"13","P8":"13"},"X8":{"XX":"13"},"4H":{"QR":"13","PQ":"13","QQ":"13","PR":"13"},"42":{"XV":"13","WV":"13","WW":"13","XW":"13"},"57":{"GX":"13","X6":"13","X7":"13","FX":"13"},"MG":{"R8":"13","V7":"13","R7":"13","R9":"13","V8":"13","V9":"13"},"4C":{"P5":"13","M5":"13","P4":"13","M4":"13"},"CF":{"VV":"13","WV":"13","VR":"13","WR":"13"},"X5":{"HH":"13","GG":"13","P8":"13","HG":"13","GH":"13"},"QG":{"XM":"13"},"8G":{"GG":"13","GF":"13"},"RG":{"3J":"13","2J":"13","3M":"13","2M":"13","FP":"13"},"52":{"7H":"13","8H":"13","7J":"13","8J":"13"},"8J":{"Q4":"13","Q5":"13","R5":"13","R4":"13"},"X9":{"X4":"13","X2":"13","X3":"13"},"2F":{"X4":"13","X3":"13"},"59":{"Q8":"13","P9":"13","Q9":"13"},"W9":{"H6":"13","G6":"13"},"V2":{"FV":"13","CV":"13"},"M9":{"6H":"13","5H":"13","8C":"13","7C":"13"},"68":{"PV":"13","PW":"13","QV":"13"},"4F":{"W4":"13","V3":"13","W3":"13"},"27":{"38":"13","37":"13","47":"13","48":"13"},"J6":{"Q6":"13","Q7":"13"},"R2":{"34":"13","44":"13"}},"G9":{"C9":{"QR":"13","MQ":"13","PQ":"13","MR":"13","PR":"13"},"8C":{"QG":"13","PG":"13","PH":"13","PF":"13"}},"J7":{"9F":{"MF":"13"},"H5":{"8V":"13"},"84":{"7H":"13","8H":"13","7J":"13","8J":"13"},"PH":{"RH":"13","VH":"13"},"R4":{"R8":"13","V7":"13","R7":"13","V8":"13"},"92":{"CM":"13","9M":"13"},"WQ":{"8M":"13","9P":"13","9M":"13","8P":"13"},"XC":{"R9":"13","Q9":"13","RC":"13","QC":"13"},"PF":{"FV":"13","CW":"13","FR":"13","FW":"13","CV":"13"},"J9":{"4J":"13","3J":"13","4H":"13","3H":"13"},"3W":{"29":"13","39":"13"},"MW":{"GG":"13","FH":"13","FG":"13","CH":"13","CG":"13"}},"XH":{"C5":{"8Q":"13","9R":"13"}},"3F":{"22":{"V3":"13","V2":"13"}},"2M":{"G5":{"MX":"13","PX":"13"},"W8":{"CP":"13","9P":"13"},"VC":{"RC":"13","QC":"13"},"G6":{"HG":"13","P3":"13","M2":"13","M3":"13","JF":"13","JG":"13","JC":"13","HF":"13","P2":"13"}},"6J":{"7H":{"JP":"13","MM":"13","MP":"13","MQ":"13","JQ":"13","JM":"13"},"2F":{"QM":"13","QP":"13"},"Q6":{"FQ":"13","GP":"13","GQ":"13","FP":"13"},"R6":{"V7":"13","W7":"13","W8":"13","V8":"13"},"FM":{"MF":"13","PG":"13","JF":"13","JC":"13","PC":"13","JG":"13","MC":"13","PF":"13","MG":"13"},"Q7":{"G8":"13","G7":"13"},"PR":{"X6":"13","W7":"13","X7":"13","W6":"13"}},"FC":{"X6":{"XM":"13","XJ":"13","WJ":"13","WM":"13"},"JH":{"37":"13","47":"13","57":"13"}},"3C":{"C6":{"QR":"13","PR":"13","QV":"13"},"2X":{"9X":"13","CX":"13"},"9V":{"88":"13"},"XJ":{"G3":"13","H2":"13","H3":"13"}},"47":{"QX":{"4H":"13"}},"5G":{"34":{"5P":"13","6P":"13"},"7J":{"6X":"13","5J":"13","6H":"13","6J":"13","8X":"13","7X":"13"},"95":{"3V":"13","2R":"13","3R":"13"},"3W":{"7F":"13","6F":"13","7C":"13"}},"X4":{"R8":{"9Q":"13"},"C6":{"98":"13","G9":"13","99":"13","F8":"13","C9":"13","C8":"13","F9":"13"},"38":{"XF":"13","WF":"13"},"R5":{"P9":"13","P8":"13"},"Q6":{"9F":"13","CF":"13"},"49":{"2J":"13"},"48":{"5W":"13","5X":"13"}},"F5":{"74":{"3V":"13","8Q":"13","2V":"13"}},"4G":{"M5":{"6W":"13"},"PF":{"P5":"13","M5":"13","M6":"13"}},"9C":{"X2":{"VQ":"13"},"C9":{"65":"13"}},"3H":{"XX":{"HF":"13","HG":"13","JG":"13"},"9W":{"4J":"13","3P":"13","3J":"13","3M":"13","4M":"13","4P":"13"},"H3":{"FR":"13","FQ":"13","CR":"13"},"55":{"2J":"13","2H":"13"},"FX":{"5R":"13"},"3W":{"JF":"13","JC":"13"}},"F7":{"F9":{"GR":"13","GV":"13"}},"4J":{"FJ":{"MQ":"13"},"W9":{"RH":"13","VH":"13"},"F4":{"39":"13","2J":"13"},"P3":{"X4":"13","X3":"13"},"QH":{"V3":"13","59":"13","49":"13"},"QC":{"58":"13","68":"13"},"9V":{"MM":"13","PM":"13","PP":"13","MP":"13"},"JX":{"X8":"13","VQ":"13","WV":"13","WR":"13","XQ":"13","VV":"13","XW":"13","WW":"13","WP":"13","X9":"13","VR":"13","WQ":"13","XR":"13","XV":"13"},"6M":{"J7":"13","J8":"13","H8":"13","H7":"13"},"2M":{"6X":"13","JV":"13","JW":"13","5X":"13","6H":"13"},"FX":{"9Q":"13","8Q":"13","9P":"13","8P":"13","7G":"13"},"WQ":{"R3":"13","R4":"13"},"CM":{"C5":"13"},"MX":{"3V":"13","3R":"13","2V":"13","2W":"13","3W":"13","4V":"13","4R":"13","4W":"13","2R":"13"},"5G":{"38":"13"},"G2":{"RQ":"13","VQ":"13"},"GW":{"46":"13","56":"13"},"RR":{"57":"13","56":"13"},"7Q":{"H2":"13","J2":"13"},"GH":{"M9":"13","P9":"13","C3":"13"},"CW":{"MF":"13","PG":"13","JF":"13","JG":"13","MC":"13","PF":"13","MG":"13"},"CG":{"RW":"13","JV":"13","JW":"13"},"HG":{"5W":"13","5X":"13"},"RX":{"9Q":"13","8Q":"13","9R":"13","8R":"13"},"6X":{"HP":"13"},"97":{"33":"13"},"CV":{"RR":"13","RQ":"13","VQ":"13"},"95":{"9Q":"13","9R":"13","CQ":"13","CR":"13"},"2H":{"VJ":"13"},"WC":{"Q5":"13"},"WW":{"7Q":"13","8Q":"13","7R":"13","8R":"13"},"HX":{"R9":"13"},"3J":{"GG":"13","5J":"13","5M":"13","8F":"13","FG":"13","FF":"13"},"GX":{"GM":"13","GP":"13","HH":"13","HP":"13","HJ":"13","FM":"13","FJ":"13","CM":"13","FP":"13","HM":"13","GH":"13","CJ":"13","GJ":"13","FH":"13"},"3X":{"3P":"13","3M":"13"},"CJ":{"M6":"13","M3":"13"},"GG":{"MR":"13","JR":"13"},"CH":{"98":"13"},"JV":{"FH":"13","FJ":"13","GH":"13","GJ":"13"},"6C":{"CH":"13"},"8C":{"W4":"13","V4":"13"},"2P":{"R9":"13","52":"13","62":"13","RC":"13"},"9Q":{"C6":"13","85":"13","97":"13","95":"13","87":"13","86":"13","84":"13","96":"13"},"C7":{"HF":"13","GG":"13","HG":"13"},"3P":{"97":"13","87":"13"},"8M":{"9Q":"13","CP":"13","9R":"13","9P":"13","CQ":"13","CR":"13"},"VV":{"VW":"13"},"4F":{"HQ":"13","HR":"13"},"5M":{"XQ":"13","WR":"13","XR":"13","WQ":"13"},"9H":{"RH":"13","RG":"13","VG":"13","VH":"13"},"PX":{"FH":"13","FG":"13"},"VF":{"4V":"13"},"PV":{"J5":"13"},"HW":{"PF":"13"},"5H":{"X9":"13"}},"7C":{"V3":{"VP":"13","WP":"13"},"GJ":{"QG":"13"}},"F2":{"7F":{"VW":"13","WX":"13","WW":"13","VX":"13"},"8G":{"34":"13","23":"13","24":"13","33":"13"}},"2J":{"8X":{"F2":"13"},"W2":{"R3":"13","V3":"13","R2":"13","V2":"13"},"2P":{"HH":"13","JH":"13","HG":"13","JG":"13"},"8W":{"FW":"13","FX":"13","CX":"13"},"9R":{"9Q":"13","8Q":"13","9R":"13","9P":"13","8R":"13","8P":"13"},"6W":{"MG":"13","MP":"13","HP":"13","MJ":"13","MM":"13","JM":"13","JJ":"13","JP":"13","JQ":"13","JG":"13","MH":"13","JH":"13","HQ":"13"},"7W":{"JP":"13","MM":"13","JM":"13"},"5V":{"9Q":"13","8Q":"13","9P":"13","8P":"13"},"4F":{"JP":"13","JQ":"13"}},"28":{"2R":{"HW":"13","JW":"13","HX":"13","JX":"13"},"QW":{"38":"13","28":"13"}},"9F":{"JG":{"WH":"13","XH":"13"}},"5J":{"9X":{"M9":"13","PC":"13","MC":"13","Q9":"13","QC":"13"},"8X":{"9F":"13"},"CQ":{"WC":"13"},"XP":{"XV":"13"},"47":{"CW":"13","FW":"13"},"9R":{"GX":"13"},"44":{"6G":"13","7G":"13"},"2X":{"W4":"13","W3":"13"},"V7":{"RG":"13","VG":"13"},"3G":{"3V":"13","4R":"13","3R":"13","4V":"13"},"5V":{"JC":"13","HC":"13"},"MV":{"42":"13","43":"13","33":"13"},"7R":{"VG":"13","VH":"13"},"3Q":{"3Q":"13","3P":"13"},"4X":{"XP":"13","XQ":"13","WQ":"13","WP":"13"},"HW":{"R8":"13","Q8":"13","R7":"13","Q7":"13"},"R3":{"R3":"13","R4":"13"},"RM":{"H3":"13","G5":"13","H2":"13","F4":"13","F2":"13","H4":"13","G2":"13","H6":"13","G3":"13","H5":"13","J4":"13","G4":"13","F3":"13","J5":"13"},"CX":{"H5":"13","H4":"13","G4":"13","77":"13","G5":"13","67":"13","68":"13","78":"13"}},"C4":{"85":{"QX":"13","RX":"13"}},"7J":{"34":{"6V":"13","6R":"13","7V":"13","7R":"13"},"48":{"9C":"13","9F":"13","8G":"13","3V":"13","3R":"13","8F":"13","4V":"13","7F":"13","8C":"13","89":"13","4R":"13","9G":"13","7C":"13"}},"97":{"26":{"QJ":"13","PJ":"13","PM":"13"}},"29":{"HX":{"PG":"13","PF":"13","MG":"13"},"WW":{"5R":"13","6V":"13","6R":"13","5V":"13"}},"6G":{"M8":{"X9":"13","XC":"13"}},"95":{"X5":{"J9":"13"},"J2":{"8M":"13","7M":"13","8J":"13"}},"8H":{"46":{"M7":"13","MR":"13","J7":"13","M6":"13","J6":"13","MQ":"13","JQ":"13","JR":"13"},"28":{"HM":"13"}},"2H":{"HH":{"5R":"13","4R":"13","5V":"13","4V":"13"},"57":{"X9":"13","W8":"13","W9":"13","X8":"13"},"X7":{"39":"13","49":"13","4C":"13","3C":"13"},"M3":{"RV":"13","RW":"13"},"CV":{"98":"13","99":"13","C9":"13","C8":"13"},"3P":{"RH":"13","QG":"13","RG":"13","QH":"13"},"64":{"RF":"13","VG":"13","VF":"13","WG":"13"},"69":{"F3":"13"},"HQ":{"C2":"13"},"26":{"Q6":"13","R6":"13"},"2G":{"2Q":"13"},"7Q":{"F2":"13","G3":"13","F3":"13","C2":"13","G2":"13","C3":"13"}},"72":{"5H":{"Q2":"13"}},"GC":{"26":{"2J":"13"}},"3J":{"H8":{"R5":"13","R6":"13"},"39":{"7P":"13","8P":"13"},"XM":{"PG":"13","PF":"13"},"9X":{"2W":"13","2X":"13"},"8X":{"XX":"13","XW":"13"},"8H":{"MV":"13","JV":"13","JW":"13","MW":"13"},"M7":{"2F":"13","3G":"13","2G":"13","3F":"13"},"HJ":{"X6":"13"},"3H":{"V4":"13","R5":"13","R4":"13","V5":"13"},"PG":{"95":"13","94":"13"},"83":{"8M":"13"},"PQ":{"8V":"13"},"GG":{"PV":"13","QW":"13","PW":"13"},"Q2":{"Q4":"13","H3":"13","R4":"13","H2":"13","R2":"13","G2":"13","Q2":"13","G3":"13","Q3":"13","R3":"13"},"7J":{"J4":"13","M4":"13"},"7C":{"JC":"13"}},"J6":{"VG":{"7M":"13","7J":"13"},"W9":{"6Q":"13"}},"96":{"CG":{"3J":"13","2J":"13","3M":"13","2M":"13"}},"C3":{"CW":{"C6":"13","F6":"13"},"P7":{"8V":"13"}},"76":{"PC":{"FJ":"13","GM":"13","FM":"13","GJ":"13"}},"C2":{"PG":{"72":"5"},"PF":{"7X":"5"}},"P7":{"P4":{"34":"13"},"G6":{"FV":"13","FR":"13","FQ":"13","GQ":"13","GR":"13","CR":"13"}},"58":{"H6":{"JP":"13","HP":"13","JM":"13"}},"5C":{"CQ":{"CW":"13","9X":"13","9W":"13","CX":"13"}},"4H":{"CW":{"FF":"13","9C":"13","G9":"13","C9":"13","GC":"13","F8":"13","FC":"13","F9":"13","C8":"13","98":"13","99":"13","CC":"13","GF":"13","G8":"13","C7":"13"},"GX":{"XP":"13","XQ":"13"},"F5":{"HQ":"13","JQ":"13","JR":"13","HR":"13"},"R7":{"8M":"13","QM":"13","PM":"13","9P":"13","QP":"13","PP":"13","8P":"13"},"9W":{"RV":"13","RW":"13","VV":"13","RR":"13","VR":"13","VW":"13","VQ":"13"},"RX":{"W7":"13","X7":"13","X8":"13"},"47":{"89":"13","79":"13","8C":"13","7C":"13"},"5V":{"2W":"13"},"3W":{"69":"13","58":"13","59":"13","68":"13"},"HV":{"GX":"13","HX":"13"}},"46":{"2J":{"MV":"13","MR":"13"}},"64":{"HM":{"M3":"13","P3":"13"}},"H5":{"CH":{"MM":"13","PM":"13","MR":"13"}},"6H":{"9J":{"97":"13","C7":"13","96":"13"},"J4":{"39":"13","49":"13","48":"13"},"RM":{"83":"13","82":"13"}},"F6":{"55":{"5C":"13","4F":"13","4C":"13","5F":"13"},"4H":{"HR":"13","HV":"13"}},"4M":{"Q3":{"9Q":"13","8Q":"13","9P":"13","8P":"13"},"G2":{"2F":"13","M6":"13","2G":"13","6J":"13","2H":"13"},"F7":{"93":"13","C3":"13","C4":"13"},"63":{"8X":"13","7X":"13"},"84":{"P6":"13"},"74":{"XM":"13","P7":"13","P8":"13"},"95":{"G4":"13"},"47":{"3G":"13","4G":"13","4H":"13","3H":"13"},"H2":{"XG":"13","XH":"13","XJ":"13"},"C3":{"X8":"13","V5":"13","W8":"13","W5":"13","X7":"13","V8":"13","W6":"13","X6":"13","R8":"13","V7":"13","W7":"13","R7":"13","V6":"13"},"GC":{"44":"13","43":"13","33":"13"},"85":{"56":"13"},"C2":{"H7":"13"},"35":{"7H":"13","8H":"13"},"88":{"J3":"13","J2":"13"},"57":{"V9":"13"},"86":{"36":"13","46":"13","RM":"13"},"22":{"85":"13","75":"13","76":"13","74":"13"},"H3":{"R8":"13","R9":"13","V9":"13"},"28":{"3X":"13","2X":"13","6J":"13"},"W5":{"GV":"13"},"G8":{"3W":"13"},"G4":{"G6":"13","MP":"13","MM":"13","JM":"13","HM":"13","JP":"13","PM":"13","PP":"13"},"J3":{"JP":"13","JV":"13","HQ":"13","MQ":"13","JQ":"13","MR":"13","JR":"13","HR":"13","GR":"13","HV":"13"},"F2":{"XG":"13","XF":"13"},"77":{"Q8":"13","Q7":"13"},"25":{"F7":"13"},"G3":{"J7":"13","J8":"13","H8":"13","G8":"13","G7":"13","JQ":"6","H7":"13"},"55":{"Q9":"13","QC":"13"},"29":{"HX":"13","VM":"13","JX":"13","22":"13","23":"13","JW":"13","32":"13","RJ":"13","VJ":"13","24":"13","HW":"13","RM":"13"},"F3":{"FH":"13","FG":"13","CH":"13","CG":"13"},"J2":{"2J":"13","2G":"13","2H":"13"},"68":{"GQ":"13"},"J6":{"4J":"13"},"97":{"RQ":"13","QP":"13","RP":"13","QQ":"13"},"73":{"7Q":"13","7P":"13","8Q":"13","8P":"13"},"M2":{"JP":"13","MM":"13","MP":"13","JM":"13"},"48":{"V6":"13","V5":"13"},"64":{"83":"13","73":"13","72":"13","82":"13"},"76":{"RF":"13","QF":"13","W2":"13","W3":"13","X2":"13","X3":"13"}},"F8":{"X6":{"3V":"13","3R":"13","2V":"13","2W":"13","3X":"13","3W":"13","4V":"13","4R":"13","4W":"13","2R":"13"},"VV":{"QP":"13","QQ":"13"},"W7":{"89":"13","79":"13","8C":"13","7C":"13"}},"6C":{"4H":{"X4":"13"}},"8C":{"W2":{"95":"13"},"F5":{"VF":"13","VC":"13"},"9H":{"X2":"13","X3":"13"}},"39":{"XF":{"FG":"13"},"2Q":{"FW":"13","FX":"13"}},"2F":{"X2":{"VC":"13"},"GR":{"MF":"13","PG":"13","PF":"13","MG":"13"}},"F9":{"CR":{"JP":"13","HQ":"13","HP":"13","JQ":"13"}},"3G":{"3Q":{"R5":"13","R6":"13","V6":"13","V5":"13"},"98":{"QX":"13"},"99":{"Q2":"13","R7":"13","P2":"13"},"8F":{"HF":"13"},"F8":{"7M":"13","7P":"13","6M":"13"},"CQ":{"C6":"13","F7":"13","C7":"13","F6":"13"}},"J8":{"F2":{"8G":"13","8H":"13","CG":"13","9H":"13","9G":"13"}},"4F":{"R3":{"VG":"13"},"QM":{"V5":"13"}},"5M":{"83":{"9R":"13","9V":"13","CV":"13","CR":"13"},"64":{"4J":"13","4H":"13"},"J2":{"4F":"13","3G":"13","4G":"13","3F":"13"},"62":{"GP":"13","FQ":"13","GQ":"13","FP":"13"}},"XJ":{"8R":{"58":"13","57":"13"}},"2G":{"6X":{"9J":"13","9H":"13"},"FH":{"C6":"13","F5":"13","3F":"13","95":"13","F6":"13","96":"13","C5":"13"},"G4":{"PJ":"13","MM":"13","PM":"13","MJ":"13"},"4H":{"CC":"13","99":"13","9C":"13","C9":"13"},"7W":{"FQ":"13","CQ":"13"},"8R":{"P5":"13","M5":"13"},"C8":{"J3":"13","H2":"13","H3":"13","J2":"13"},"7X":{"84":"13","85":"13","74":"13"}},"78":{"46":{"GX":"13","HX":"13"},"47":{"H2":"13","H3":"13","G2":"13"}},"87":{"C8":{"W4":"13","X4":"13","X2":"13","X3":"13"}},"M7":{"3Q":{"R3":"13","Q3":"13","Q4":"13","V3":"13","R4":"13","P3":"13"},"G9":{"GF":"13","FF":"13"},"2C":{"54":"13","44":"13","55":"13","45":"13","56":"13"},"32":{"8R":"13","33":"13"},"5J":{"MM":"13","MJ":"13"},"2P":{"7M":"13","7P":"13","6M":"13","6P":"13"},"FF":{"W7":"13","X7":"13"}},"7G":{"23":{"QX":"13","RX":"13"},"24":{"Q2":"13","R2":"13"},"R9":{"PC":"13","MC":"13"},"JG":{"4C":"13","3C":"13"}},"88":{"9J":{"3J":"13","3H":"13"},"94":{"RH":"13","VH":"13"}},"CF":{"V5":{"36":"13","38":"13","37":"13","46":"13","47":"13","48":"13"},"W2":{"5Q":"13"},"J7":{"QV":"13"},"J6":{"PC":"13","QC":"13"},"H6":{"VG":"13","WG":"13","W6":"13"},"X5":{"23":"13"},"V6":{"J7":"13","M5":"13","J8":"13","M6":"13","P4":"13","J4":"13","M4":"13","M3":"13","J6":"13","P3":"13","J5":"13"},"R3":{"QH":"13","PH":"13","9X":"13"}},"59":{"GX":{"FC":"13","F9":"13"},"GG":{"RV":"13","RW":"13","VV":"13","VW":"13"},"H4":{"Q5":"13","Q6":"13"}},"J3":{"83":{"88":"13","86":"13","97":"13","76":"13","87":"13","77":"13"}},"89":{"GP":{"JJ":"13"},"CP":{"XV":"13","WV":"13","WR":"13","XR":"13"},"HM":{"PX":"13"}},"8F":{"98":{"3Q":"13","3P":"13"},"7M":{"HF":"13","GF":"13","PC":"13"},"C2":{"8X":"13","7X":"13"}},"5H":{"MX":{"X4":"13","X3":"13"},"4X":{"H8":"13","G8":"13","G7":"13","H7":"13"},"64":{"FG":"13","CG":"13","FF":"13","CF":"13"},"PV":{"69":"13","58":"13","59":"13","68":"13"},"QW":{"7J":"13","8J":"13"},"JR":{"QJ":"13","PJ":"13"},"PX":{"23":"13","24":"13"},"HR":{"Q3":"13","Q2":"13","P3":"13","P2":"13"},"8X":{"FV":"13","FR":"13","GR":"13","GV":"13"},"CR":{"CH":"13","CG":"13"}},"7F":{"VF":{"86":"13"},"CX":{"GM":"13","FM":"13"}},"CC":{"HG":{"WR":"13"},"M4":{"53":"13"},"WW":{"QM":"13"},"JX":{"C2":"13"},"VX":{"38":"13","37":"13"},"RV":{"Q2":"13","R2":"13"},"XV":{"RF":"13"},"PX":{"JC":"13"},"8P":{"86":"13","85":"13","75":"13","65":"13","76":"13"}},"56":{"C6":{"2W":"13","2X":"13"},"96":{"XX":"13","XW":"13"}},"8G":{"HF":{"44":"13"},"36":{"J7":"13","J8":"13","H8":"13","H7":"13"},"G9":{"98":"13"},"5X":{"VJ":"13","RJ":"13","VM":"13"},"89":{"RR":"13","VR":"13","RQ":"13","VQ":"13"},"HG":{"X2":"13","X3":"13"},"VP":{"6V":"13","6R":"13","7V":"13","7R":"13"},"JG":{"XG":"13","32":"13","XF":"13","23":"13","24":"13","33":"13","22":"13"},"MG":{"5C":"13","2F":"13","3G":"13","59":"13","2G":"13","3F":"13","6C":"13"}},"75":{"53":{"7C":"13"}},"6F":{"9R":{"54":"13","44":"13","43":"13"}},"99":{"5J":{"RW":"13","QX":"13","RX":"13","QW":"13"}},"37":{"R3":{"H3":"13"},"WM":{"CJ":"13","FJ":"13"}},"55":{"87":{"C9":"13","C8":"13"}}},"index":{"university,1|retail,2|tourism,3|wreck,4|historical,5|artsCulture,6|namedBuilding,7|water,8|wetland,9|park,10|beach,11|natureReserve,12|cemetery,13|trail,14":{}}}