{"index":{"university,1|retail,2|tourism,3|wreck,4|historical,5|artsCulture,6|namedBuilding,7|water,8|wetland,9|park,10|beach,11|natureReserve,12|cemetery,13|trail,14":{}},"5V":{"MX":{"H8":{"64":"13"},"H9":{"75":"13","72":"13","82":"13","JM":"13"},"G9":{"C2":"13"},"58":{"P7":"13","M7":"13"},"7M":{"58":"13"},"52":{"JF":"13","JG":"13"},"RH":{"5F":"13"},"HC":{"84":"13","85":"13","75":"13","F5":"13","74":"13","F6":"13","G6":"13"},"H5":{"MV":"13"},"G8":{"78":"13"},"86":{"5P":"13"}},"F7":{"39":{"72":"13"},"37":{"WX":"13","WW":"13"},"66":{"FF":"13"}},"P9":{"X3":{"6F":"13","5C":"13","5F":"13","6C":"13"},"G5":{"9R":"13","9V":"13","8V":"13","8R":"13"}},"C8":{"73":{"8G":"13"},"C6":{"72":"13"},"35":{"H6":"13"},"43":{"Q3":"13","Q4":"13"},"96":{"JP":"13","F3":"13","C3":"13"},"7C":{"V5":"13"}},"C6":{"WV":{"W7":"13"},"VW":{"Q2":"13"}},"HF":{"76":{"34":"13"}},"MC":{"P7":{"Q4":"13"}},"MW":{"8Q":{"XP":"13","XQ":"13","WQ":"13","WP":"13"}},"VV":{"F2":{"RV":"13","RX":"13","RP":"13","VP":"13"},"G3":{"9F":"13","8M":"13","75":"13","65":"13"},"F3":{"HW":"13","R2":"13","J8":"13","P4":"13","P3":"13","J9":"13"},"G4":{"63":"13","62":"13"},"F4":{"JP":"13","HJ":"13","JM":"13"}},"F9":{"63":{"PV":"13"},"85":{"28":"13"},"65":{"F3":"13"},"46":{"2W":"13"},"66":{"CP":"13","CQ":"13"},"64":{"R3":"13"},"56":{"PV":"13","PR":"13"},"67":{"53":"13","P2":"13","X8":"13"}},"99":{"8F":{"JP":"13","JM":"13"},"9C":{"7V":"13"},"CF":{"3J":"13","3H":"13"}},"F8":{"8F":{"4Q":"13"},"9G":{"5R":"13","8X":"13","5V":"13"},"7C":{"H8":"13","G8":"13"}},"JW":{"G7":{"Q7":"13"},"6G":{"MH":"13"}},"JV":{"5C":{"PM":"13","X4":"13","PP":"13"},"59":{"VV":"13"},"9C":{"HQ":"13","GQ":"13","HR":"13","GR":"13"},"V6":{"CF":"13"},"6C":{"7F":"13","4J":"13","39":"13","38":"13","25":"13","4H":"13","35":"13","7C":"13"},"CF":{"5R":"13"},"27":{"QG":"13"}},"29":{"XX":{"HC":"13"},"WX":{"R9":"13","V8":"13","V9":"13"}},"C7":{"CF":{"JV":"13","JR":"13"},"FX":{"7H":"13","G9":"13","7J":"13","F9":"13","GC":"13"},"J3":{"WX":"13"},"M5":{"36":"13","35":"13"},"HR":{"FC":"13"},"PJ":{"M8":"13","P8":"13","47":"13","X3":"13","48":"13"},"M9":{"86":"13"},"GF":{"WR":"13"},"9G":{"HW":"13","JW":"13","HX":"13","JX":"13"},"9H":{"X3":"5"},"7R":{"VJ":"13","VM":"13","WM":"13"},"FW":{"JX":"13"},"8M":{"3M":"13"},"P7":{"FR":"13"},"HF":{"4Q":"13","8P":"13"}},"JC":{"H8":{"FH":"13"},"78":{"F8":"13","C9":"13","C8":"13","F9":"13"},"77":{"2W":"13","2V":"13"},"G9":{"GM":"13"},"CF":{"7M":"13","7J":"13"},"F9":{"58":"13"},"GF":{"7F":"13","8F":"13"},"95":{"65":"13"},"79":{"66":"13"},"87":{"77":"13","67":"13"},"67":{"CQ":"13"}},"98":{"R8":{"W4":"13"},"V7":{"HW":"13","FM":"13","HV":"13"},"QF":{"HX":"13","58":"13","6C":"13","68":"13","59":"13","27":"13","48":"13","49":"13","36":"13","5C":"13","69":"13","26":"13","HW":"13"},"PJ":{"HV":"13","GV":"13"},"QG":{"GV":"13"},"JX":{"Q4":"13"},"WW":{"P2":"13"},"PF":{"X6":"13","X7":"13"},"HR":{"FQ":"13"},"V9":{"84":"13","85":"13","95":"13","94":"13"},"RC":{"XX":"13","WX":"13"},"QC":{"4F":"13","3G":"13","4G":"13","3F":"13","68":"13"}},"M9":{"FR":{"GG":"13","GF":"13"}},"CC":{"G2":{"GM":"13"}},"F6":{"Q6":{"22":"13"},"HC":{"9J":"13"},"JH":{"5G":"13","4G":"13"},"89":{"QX":"13","MR":"13","JR":"13","HM":"13"},"G7":{"65":"13"},"9C":{"3J":"13","3H":"13"},"3M":{"4M":"13"},"F7":{"2F":"13","2G":"13"},"C7":{"PM":"13","P9":"13","PP":"13"},"MC":{"89":"13","8C":"13"},"8C":{"V4":"13"}},"FF":{"VR":{"7H":"13","6H":"13","6J":"13","7J":"13"}},"G5":{"7J":{"QX":"13","RX":"13"}},"HW":{"Q4":{"XW":"13"},"VF":{"54":"13","44":"13","55":"13","45":"13"},"WF":{"3C":"13"},"WG":{"Q4":"13","P5":"13","Q5":"13","R5":"13","Q6":"13","R6":"13","P7":"13","P6":"13","P4":"13","Q7":"13"},"VC":{"GM":"13","MP":"13","MJ":"13","MM":"13","JM":"13","HM":"13","JJ":"13","JP":"13"},"VH":{"R6":"13"}}}}