{"index":{"university,1|retail,2|tourism,3|wreck,4|historical,5|artsCulture,6|namedBuilding,7|water,8|wetland,9|park,10|beach,11|natureReserve,12|cemetery,13|trail,14":{}},"66":{"7W":{"RV":{"HR":"13","HV":"13"},"8M":{"WX":"13","VX":"13"},"4X":{"GP":"13","89":"13","FM":"13","FP":"13","8C":"13"},"4W":{"PJ":"13","PM":"13"},"HP":{"3P":"13"},"CP":{"PH":"13","JH":"13","MH":"13"},"9P":{"42":"13","52":"13"},"CQ":{"MM":"13","QM":"13","PM":"13","QP":"13","PP":"13","MP":"13"},"VX":{"JP":"13","V4":"13","MP":"13","MQ":"13","JQ":"13","V5":"13"},"4V":{"GP":"13","HP":"13"},"3W":{"XX":"13","WX":"13","WW":"13","XW":"13","VX":"13"}},"6W":{"WV":{"7W":"13"},"QR":{"R5":"13","R4":"13"},"XW":{"XV":"13","WV":"13"}},"FX":{"5V":{"V8":"13","V9":"13"},"8P":{"MX":"13","PX":"13"},"4P":{"CP":"13","JR":"13","FP":"13"},"25":{"H9":"13","HC":"13","52":"13","VP":"13","62":"13"},"8Q":{"M2":"13","P2":"13"},"5Q":{"FQ":"13","JM":"13","FP":"13"},"GM":{"QG":"13","PG":"13","QH":"13","PH":"13"},"CX":{"Q6":"13","R6":"13"},"6M":{"R7":"13"},"2M":{"7Q":"13","7P":"13"},"6J":{"VG":"13"},"4W":{"72":"13"},"JR":{"MF":"13","86":"13","G9":"13","96":"13","F9":"13"},"7W":{"R3":"13","W2":"13","W3":"13","X2":"13","R4":"13","X3":"13"},"5G":{"67":"13","68":"13"},"3Q":{"9Q":"13","CQ":"13","CR":"13"},"4G":{"XP":"13","XM":"13","WM":"13","WP":"13"},"3H":{"G3":"13","F3":"13","G4":"13","F4":"13"},"CW":{"7Q":"13","VF":"13"},"6Q":{"QR":"13","75":"13","76":"13","66":"13","77":"13","67":"13","PR":"13"},"28":{"HX":"13","JX":"13","C3":"13","68":"13","C4":"13"},"29":{"H2":"13","J2":"13"},"2H":{"P7":"13","2P":"13","2Q":"13"},"7V":{"PG":"13"},"HP":{"7F":"13","8F":"13"},"26":{"6X":"13","7X":"13"},"4R":{"XM":"13","WJ":"13","XJ":"13","WM":"13"},"27":{"M5":"13","H5":"13","M6":"13","72":"13","7W":"13","7V":"13","J6":"13","62":"13","J5":"13","H6":"13"},"GG":{"QX":"13","QW":"13","PX":"13","PW":"13"},"CH":{"6V":"13","5W":"13","6W":"13","5V":"13"},"CR":{"JC":"13","J9":"13"},"QP":{"WV":"13","VR":"13","WR":"13"},"39":{"37":"13","27":"13"},"VW":{"26":"13"},"8M":{"2M":"13"},"4F":{"GX":"13","G7":"13","F6":"13","G6":"13"},"5M":{"HJ":"13","GJ":"13"},"9H":{"HF":"13","JF":"13","HC":"13","JC":"13"},"PX":{"97":"13"},"JP":{"CM":"13","9J":"13","9M":"13"},"6W":{"7Q":"13"},"4V":{"7X":"13"},"6F":{"9P":"13"},"37":{"47":"13","48":"13"}},"VW":{"XR":{"MV":"13"},"MQ":{"3X":"13"},"QQ":{"VH":"13"},"WW":{"XX":"13"},"XW":{"VR":"13","VQ":"13"},"HR":{"57":"13"}},"XQ":{"QW":{"2C":"13","QH":"13","R7":"13","R6":"13","4R":"13","2V":"13","GR":"13","4V":"13"},"VM":{"F4":"13"},"PW":{"Q8":"13","9W":"13","9V":"13"},"FQ":{"RQ":"13","RP":"13","VQ":"13"},"QM":{"W7":"13","W8":"13"},"W9":{"29":"13","PC":"13","MC":"13"},"J9":{"3P":"13","3M":"13"},"PP":{"QP":"13"},"XQ":{"HP":"13","XM":"13","XJ":"13","WJ":"13"},"WJ":{"F4":"13"},"XR":{"X6":"13","5G":"13","6H":"13","6G":"13","5H":"13"},"QV":{"VG":"13","65":"13","VF":"13","WG":"13","MQ":"13","PQ":"13","FX":"13","CX":"13"},"PH":{"QH":"13","C2":"13","92":"13"},"QR":{"RH":"13","FH":"13","RJ":"13"},"RM":{"HF":"13","WH":"13","VG":"13","GF":"13","WG":"13","5F":"13","VH":"13"},"RG":{"WR":"13","WQ":"13"},"GM":{"7H":"13","6H":"13","6J":"13","C7":"13"},"QH":{"9X":"13"},"QQ":{"R6":"13","8J":"13"},"CX":{"WQ":"13"},"JX":{"XG":"13"},"RP":{"J7":"13","34":"13","J8":"13","24":"13","H8":"13","H7":"13"},"JJ":{"WC":"13"},"X6":{"JF":"13","JC":"13"},"WX":{"XM":"13","C6":"13","75":"13","V8":"13","XJ":"13","R8":"13","97":"13","C7":"13","V9":"13","96":"13"},"XG":{"2F":"13","2G":"13","3F":"13"},"WQ":{"83":"13","73":"13","72":"13","82":"13"},"MX":{"F8":"13","2G":"13","G8":"13","G7":"13"},"JG":{"XV":"13"},"VP":{"34":"13","69":"13","44":"13","F8":"13","43":"13","6C":"13","F9":"13","33":"13"},"MR":{"5C":"13"},"VG":{"8F":"13","CV":"13","8C":"13"},"X9":{"HQ":"13"},"FW":{"7Q":"13","7R":"13"},"Q9":{"2F":"13","3F":"13"},"RR":{"3P":"13","2P":"13","3M":"13","2M":"13"},"V3":{"PG":"13","87":"13","77":"13"},"XW":{"QJ":"13","RH":"13","PJ":"13","86":"13","JV":"13","QH":"13","5W":"13","RJ":"13","96":"13"},"FV":{"JP":"13","MP":"13"},"RX":{"PX":"13"},"JH":{"VJ":"13","GP":"13","HP":"13","75":"13","RJ":"13","74":"13","64":"13"},"WM":{"63":"13","79":"13","53":"13","7C":"13"},"HC":{"FR":"13"},"XV":{"2P":"13","35":"13","46":"13","7M":"13","34":"13","45":"13","44":"13","7P":"13","98":"13","VX":"13","99":"13","X4":"13","X5":"13","RJ":"13","6P":"13","7Q":"13","RM":"13","8P":"13"},"RW":{"49":"13"},"RQ":{"R8":"13","R7":"13","5W":"13","5X":"13","6W":"13","QP":"13","QQ":"13"},"R2":{"2F":"13","3F":"13"},"WW":{"V3":"13","J5":"13","VR":"13","6V":"13","H4":"13","2X":"13","37":"13","J4":"13","H3":"13","H5":"13","G6":"13","RR":"13","36":"13","2W":"13","J3":"13","H6":"13","CR":"13","W3":"13","JW":"13","JV":"13","3H":"13","3J":"13","HV":"13","CV":"13","J6":"13","G5":"13","HW":"13"},"WR":{"M6":"13","P7":"13","P6":"13","M7":"13","JG":"13","MG":"13"},"PF":{"6M":"13"},"HH":{"XP":"13","4J":"13","XM":"13","4H":"13","WM":"13","WP":"13"},"VX":{"R8":"13","M8":"13","R9":"13","W8":"13","W9":"13","V8":"13"},"HP":{"HQ":"13"},"W2":{"M9":"13","M8":"13"},"X8":{"VG":"13","VH":"13"},"WH":{"J7":"13","M7":"13"},"R3":{"C9":"13"},"XX":{"5C":"13","2J":"13","2M":"13","5F":"13","CQ":"13","CR":"13","C5":"13"},"RV":{"9P":"13","8P":"13"},"FR":{"3Q":"13","3P":"13"},"MP":{"GC":"13"},"VH":{"MW":"13"},"WV":{"XP":"13","V7":"13","W7":"13","C2":"13","W8":"13","C3":"13","V8":"13","C4":"13"},"PJ":{"3X":"13"},"CR":{"JR":"13","HR":"13"},"HM":{"XG":"13","XF":"13"},"JV":{"HQ":"13","GQ":"13"},"VJ":{"RF":"13","RR":"13","5W":"13","8R":"13"},"WG":{"6V":"13","7V":"13"},"JW":{"9F":"13"},"P9":{"9G":"13"},"XM":{"QJ":"13","PJ":"13","6F":"13","QH":"13","PH":"13"},"MW":{"FC":"13","V2":"13","F9":"13"},"M8":{"2W":"13"},"XC":{"4F":"13","4C":"13"},"QJ":{"57":"13","Q9":"13","QC":"13"},"WF":{"PC":"13","MC":"13","7C":"13"},"JM":{"R5":"13"},"VW":{"CQ":"13","XW":"13","XX":"13","HR":"13","9R":"13","JP":"13","MQ":"13","9Q":"13","97":"13","JQ":"13","87":"13","HQ":"13","JR":"13","86":"13","CR":"13","96":"13"},"PC":{"MJ":"13"},"VV":{"W7":"13","X7":"13","WX":"13"},"QX":{"8H":"13","J4":"13","V6":"13","WP":"13","J5":"13"},"XP":{"8V":"13"},"XJ":{"H8":"13","G8":"13","G7":"13","H7":"13"},"PX":{"XX":"13","MH":"13","WC":"13","XC":"13"},"HQ":{"4F":"13"},"RH":{"2V":"13","JG":"13"},"MV":{"4X":"13","5X":"13","RP":"13","W9":"13","RM":"13"},"VF":{"HF":"13"},"PV":{"X6":"13","X7":"13","PQ":"13","PR":"13"},"JP":{"R5":"13"},"X7":{"RH":"13","P9":"13","VH":"13","Q9":"13"}},"WR":{"GM":{"MX":"13","PX":"13"},"GX":{"M6":"13"},"WH":{"HW":"13","HV":"13"},"CF":{"XV":"13"},"QQ":{"J3":"13","J4":"13"},"MW":{"JH":"13","JG":"13"},"XG":{"6X":"13","3Q":"13","2Q":"13"},"VW":{"GP":"13","GM":"13"},"XF":{"59":"13","49":"13","48":"13"},"WQ":{"PV":"13","QV":"13"},"PR":{"CM":"13"},"VG":{"4J":"13"},"VJ":{"JJ":"13","JM":"13"},"JG":{"VJ":"13","RJ":"13","VM":"13","RM":"13"},"FW":{"FV":"13","CW":"13","FW":"13","CV":"13"},"JR":{"FX":"13","CX":"13"}},"WX":{"58":{"4X":"13"},"34":{"JG":"13"},"62":{"VJ":"13","VH":"13"},"GP":{"WR":"13","XR":"13"},"F7":{"63":"13"},"63":{"39":"13","49":"13"},"FQ":{"9C":"13"},"FP":{"66":"13"},"GC":{"6H":"13","6J":"13"},"9P":{"PQ":"13","QQ":"13"},"33":{"V4":"13","V5":"13"},"GH":{"PG":"13","PH":"13","MH":"13","8R":"13","MG":"13"},"8F":{"JP":"13","JQ":"13"},"85":{"97":"13","C7":"13"},"7F":{"57":"13","67":"13"},"35":{"XW":"13"},"57":{"69":"13","58":"13","VF":"13","WF":"13","59":"13","68":"13"},"87":{"Q2":"13","P2":"13"},"PQ":{"FH":"13"},"MC":{"2V":"13"},"53":{"63":"13","62":"13"},"46":{"X8":"13"},"MM":{"55":"13"},"8C":{"WC":"13"},"22":{"GF":"13","GC":"13"},"78":{"G3":"13"},"JF":{"QR":"13","C2":"13","89":"13","79":"13"},"GJ":{"P5":"13","37":"13","QM":"13","9P":"13","8P":"13"},"56":{"VQ":"13"},"45":{"2W":"13"},"79":{"5P":"13","4P":"13"},"HG":{"23":"13","RX":"13","VX":"13","33":"13"},"JM":{"P5":"13"},"99":{"Q5":"13"},"MJ":{"76":"13","77":"13"},"36":{"JH":"13","6J":"13"},"FH":{"VV":"13","WV":"13"},"59":{"42":"13","P4":"13"},"77":{"F4":"13"},"CR":{"MC":"13"},"25":{"JQ":"13","JR":"13"},"43":{"RF":"13"},"CG":{"MM":"13","87":"13"},"MP":{"25":"13","P9":"13","P8":"13","35":"13"},"55":{"8V":"13"},"26":{"68":"13"},"HH":{"R2":"13","3J":"13","V2":"13","3M":"13"},"HC":{"XR":"13"},"32":{"R8":"13","M9":"13","P9":"13","R9":"13","V8":"13","V9":"13"},"JC":{"CC":"13","FC":"13","FF":"13","CF":"13"},"3C":{"3V":"13"},"JR":{"XF":"13"},"49":{"CP":"13","FP":"13"},"9R":{"GW":"13"},"C9":{"C2":"13","C3":"13"},"JP":{"3J":"13","3M":"13","4M":"13"},"FR":{"V7":"13","R7":"13"},"HQ":{"39":"13","3C":"13"},"48":{"7R":"13"},"HP":{"97":"13","PW":"13","96":"13"},"CM":{"H9":"13","J9":"13"},"MQ":{"X6":"13","W6":"13"},"6F":{"R8":"13","R9":"13","V8":"13","V9":"13"},"23":{"VH":"13"},"RF":{"84":"13","74":"13"},"HJ":{"97":"13"},"MR":{"G6":"13","V2":"13","W2":"13","F4":"13","V3":"13","66":"13","W3":"13","C4":"13","G7":"13"},"JH":{"HC":"13","GC":"13"},"JJ":{"5M":"13","V2":"13","4M":"13"}},"XV":{"FF":{"9F":"13","9C":"13"},"H9":{"PV":"13","PW":"13"},"G9":{"3G":"13","4G":"13"},"P5":{"J4":"13","M4":"13"},"CF":{"XJ":"13","WJ":"13"},"H2":{"PV":"13","PW":"13"},"M5":{"CW":"13","CX":"13"},"R2":{"XP":"13","XM":"13"},"M6":{"3X":"13","3W":"13"},"J8":{"MV":"13","MW":"13"},"J6":{"2P":"13","2M":"13"},"G2":{"9V":"13"},"7H":{"VM":"13","RM":"13"},"F9":{"VR":"13","VQ":"13"},"J4":{"GH":"13","GR":"13","GJ":"13","GV":"13"},"8Q":{"WV":"13","V2":"13"},"Q3":{"GQ":"13"},"R3":{"4F":"13","4C":"13"},"J5":{"6X":"13"},"P2":{"G3":"13"}},"6X":{"P9":{"XF":"13","XC":"13"},"M8":{"FQ":"13","CP":"13","CQ":"13","FP":"13"},"RV":{"M5":"13","M6":"13","J6":"13","XW":"13","J5":"13"},"XQ":{"XM":"13","XJ":"13"},"VR":{"3G":"13","4H":"13","3H":"13","CG":"13"},"C5":{"QM":"13","VM":"13","QP":"13","RP":"13","RJ":"13","VJ":"13","VP":"13","RM":"13"},"WR":{"5Q":"13","6Q":"13","6P":"13"},"WX":{"38":"13"},"M7":{"3V":"13","4R":"13","3R":"13","4V":"13"},"XV":{"2C":"13"},"XM":{"WX":"13","VX":"13"},"WV":{"XC":"13"},"P6":{"3Q":"13","2R":"13","2Q":"13","3R":"13"},"QW":{"Q8":"13","P8":"13","Q7":"13"},"WW":{"4R":"13","W8":"13","M3":"13","3R":"13","X8":"13"},"H5":{"2P":"13","2Q":"13"},"RR":{"M6":"13","M7":"13"},"Q8":{"7Q":"13","7P":"13","8Q":"13"},"R9":{"VQ":"13","WR":"13","C6":"13","6C":"13","8R":"13","9R":"13","VR":"13","WQ":"13","9Q":"13","6F":"13","97":"13","8Q":"13","96":"13"},"H7":{"86":"13","97":"13","87":"13","96":"13"},"X9":{"98":"13"},"WQ":{"3V":"13","4W":"13","4V":"13","3W":"13"},"M6":{"5C":"13","4C":"13"},"H6":{"XP":"13","6X":"13","5W":"13","5X":"13","JH":"13","JG":"13","WP":"13"},"XP":{"W2":"13","V2":"13"},"P8":{"PH":"13","JH":"13","JJ":"13","MJ":"13","MH":"13"},"Q9":{"2F":"13","XM":"13","2G":"13","WJ":"13","XJ":"13","3F":"13","WM":"13","CR":"13"},"G7":{"R5":"13","R6":"13","V6":"13","V5":"13"},"J7":{"FX":"13","CX":"13"},"XW":{"67":"13","68":"13"},"J6":{"5M":"13","5P":"13","6M":"13","6P":"13"},"WC":{"W4":"13","W3":"13","X4":"13","X3":"13"},"VH":{"3X":"13"},"XR":{"94":"13"},"R8":{"C6":"13","85":"13","F5":"13","95":"13","F6":"13","96":"13","C5":"13"},"RW":{"VC":"13","HR":"13"}},"WV":{"Q3":{"24":"13"},"F5":{"29":"13","39":"13"},"GP":{"H3":"13"},"74":{"MM":"13","PM":"13","PP":"13","MP":"13"},"9M":{"QM":"13","RJ":"13","RM":"13"},"V3":{"W8":"13","W9":"13"},"J5":{"FR":"13"},"9C":{"XV":"13","XW":"13"},"C3":{"WM":"13"},"GC":{"4F":"13","4G":"13"},"G9":{"FG":"13","CG":"13","CF":"13"},"GG":{"RV":"13","RW":"13","WH":"13"},"C6":{"65":"13"},"P5":{"FM":"13"},"H4":{"8R":"13"},"XV":{"3M":"13"},"CH":{"CJ":"13","CM":"13","9J":"13","9M":"13"},"M4":{"VM":"13"},"MG":{"4H":"13"},"9H":{"R3":"13","V3":"13","97":"13","V4":"13","87":"13","R4":"13"},"8R":{"4X":"13","4W":"13","3X":"13","3W":"13"},"F9":{"PG":"13","PH":"13"},"F4":{"QW":"13","PW":"13"},"G6":{"WX":"13"},"H7":{"QH":"13","82":"13"},"G8":{"7H":"13"},"J3":{"R3":"13","V3":"13","R2":"13","V2":"13"},"H6":{"8X":"13"},"VC":{"34":"13"},"Q5":{"V4":"13"},"G3":{"P8":"13"},"QH":{"C7":"13","C8":"13"},"FG":{"7M":"13","7J":"13","QV":"13"},"CG":{"R3":"13","Q3":"13","Q4":"13","G3":"13","R4":"13"},"Q9":{"86":"13","76":"13","87":"13","77":"13"},"HH":{"5Q":"13","4Q":"13"},"C7":{"6M":"13"},"G7":{"5P":"13","8W":"13","4P":"13"},"M3":{"9V":"13"},"9F":{"JC":"13","J9":"13"},"CJ":{"CG":"13","CF":"13"},"98":{"QX":"13","QW":"13","PW":"13"},"FJ":{"F5":"13"},"8V":{"6R":"13"},"CC":{"2W":"13","2V":"13"},"FF":{"QF":"13","QC":"13"},"F6":{"V7":"13","W7":"13","V6":"13","W6":"13"},"G5":{"P9":"13"},"GF":{"7H":"13"},"R3":{"7Q":"13","8Q":"13"},"R2":{"8H":"13"}},"CF":{"PG":{"C9":"13","F9":"13"}},"8X":{"34":{"XG":"13"},"6W":{"8M":"13","9M":"13"},"5G":{"X2":"13"},"9C":{"57":"13"},"FX":{"7H":"13","8G":"13","8H":"13","RQ":"13","QP":"13","RP":"13","QQ":"13","7G":"13"},"FQ":{"58":"13","68":"13"},"FP":{"RF":"13","VF":"13","RC":"13"},"38":{"6X":"13","7X":"13"},"33":{"38":"13","48":"13"},"CW":{"X7":"13","X8":"13"},"88":{"FM":"13","FP":"13"},"CH":{"XP":"13","XM":"13","WP":"13","48":"13"},"9H":{"GG":"13","32":"13","GF":"13","42":"13"},"8Q":{"8X":"13"},"9G":{"V7":"13","4X":"13","3X":"13","W8":"13","V8":"13"},"8R":{"G8":"13","G7":"13"},"5W":{"WC":"13"},"77":{"QH":"13"},"7G":{"VW":"13","WX":"13","WW":"13","VX":"13"},"CG":{"MX":"13","QX":"13","PX":"13","PW":"13"},"89":{"J9":"13"},"2V":{"7H":"13","7G":"13"},"49":{"Q2":"13"},"FJ":{"P7":"13","Q7":"13"},"8V":{"FV":"13","CV":"13"},"GQ":{"JP":"13","MM":"13","F8":"13","MP":"13","JM":"13"},"8H":{"38":"13","WH":"13","VG":"13","WG":"13","VH":"13","48":"13"},"39":{"72":"13","62":"13"},"CQ":{"97":"13","XX":"13","96":"13"},"FW":{"28":"13","27":"13"}},"WW":{"58":{"83":"13","7Q":"13","8Q":"13","93":"13","8P":"13"},"4W":{"R5":"13"},"63":{"JH":"13"},"74":{"QJ":"13"},"FX":{"X4":"13","GF":"13"},"5Q":{"V4":"13","MH":"13","MG":"13","V5":"13"},"CW":{"WQ":"13"},"72":{"7H":"13","8H":"13"},"65":{"FC":"13","FF":"13"},"4G":{"5R":"13","6V":"13","5V":"13"},"3V":{"J7":"13"},"4H":{"M2":"13"},"8Q":{"7M":"13","7P":"13","6M":"13","6P":"13"},"2C":{"WM":"13","WP":"13"},"7R":{"WH":"13"},"GW":{"6F":"13","5G":"13","6G":"13","CR":"13"},"2M":{"4Q":"13","4P":"13"},"7V":{"75":"13","76":"13","94":"13"},"2Q":{"WH":"13","WJ":"13"},"9X":{"56":"13"},"5V":{"GQ":"13"},"68":{"P9":"13","PC":"13","Q9":"13","QC":"13"},"4X":{"9F":"13","5W":"13","5X":"13"},"4V":{"FQ":"13","CQ":"13"},"4R":{"XG":"13"},"2J":{"FV":"13","FW":"13"},"64":{"MQ":"13"},"5X":{"25":"13","24":"13"},"6Q":{"WM":"13"},"67":{"RC":"13"}},"9X":{"Q6":{"CG":"13"},"Q3":{"9Q":"13","CQ":"13"},"P4":{"4X":"13","4W":"13","5W":"13","5X":"13","HR":"13","GR":"13"},"GP":{"X7":"13"},"PJ":{"5C":"13","4C":"13"},"9M":{"7H":"13","7G":"13"},"RH":{"42":"13"},"Q4":{"CW":"13","9X":"13","9W":"13","CX":"13"},"5Q":{"X9":"13"},"GC":{"QP":"13","PP":"13","QQ":"13"},"R6":{"9Q":"13","VG":"13","VF":"13","8Q":"13","WF":"13","WG":"13"},"X8":{"MM":"13","JJ":"13","MJ":"13","JM":"13"},"PR":{"76":"13"},"M7":{"RW":"13"},"Q2":{"JP":"13","MM":"13","MP":"13","JM":"13"},"9J":{"6F":"13","5C":"13","5F":"13","6C":"13"},"M4":{"MQ":"13","PQ":"13","MR":"13","H7":"13","PR":"13","H6":"13"},"PP":{"4J":"13","4M":"13"},"RM":{"RP":"13"},"MC":{"JV":"13","JR":"13"},"RJ":{"6V":"13","6R":"13","7V":"13","7R":"13"},"QW":{"8G":"13","8F":"13","7G":"13"},"QM":{"MM":"13","PM":"13"},"H8":{"VF":"13","WF":"13"},"7Q":{"W3":"13","X3":"13"},"MJ":{"2X":"13"},"H9":{"HW":"13","HX":"13"},"M6":{"PJ":"13","MM":"13","PM":"13","MJ":"13"},"XC":{"V7":"13","R7":"13","R6":"13","V6":"13"},"J8":{"83":"13","73":"13","QV":"13"},"CG":{"F8":"13","C8":"13","F9":"13"},"PC":{"XF":"13"},"JG":{"JP":"13","QG":"13","JM":"13"},"W7":{"RJ":"13"},"J7":{"JM":"13"},"FJ":{"75":"13","74":"13"},"GQ":{"FM":"13"},"X7":{"FF":"13"},"PH":{"MF":"13","PF":"13"},"8M":{"67":"13","68":"13"},"7M":{"PX":"13"},"CM":{"V8":"13"},"HJ":{"QQ":"13"},"MF":{"7H":"13"},"6Q":{"7F":"13","7G":"13"},"JH":{"88":"13"},"JJ":{"7F":"13","6F":"13","XX":"13"}},"XP":{"RQ":{"86":"13"},"RV":{"XQ":"13"},"VM":{"M8":"13"},"WF":{"34":"13","3V":"13","6M":"13","6P":"13"},"VR":{"PJ":"13","MJ":"13"},"QV":{"8V":"13","8W":"13"},"XH":{"HW":"13","JW":"13","HX":"13","JX":"13"},"PR":{"X4":"13","X3":"13"},"WX":{"54":"13","55":"13"},"XV":{"6V":"13","5W":"13","6W":"13","5V":"13"},"XM":{"49":"13"},"XJ":{"WG":"13"},"WV":{"FX":"13","CX":"13"},"VP":{"W9":"13","V9":"13"},"MW":{"34":"13","J3":"13","J2":"13"},"VV":{"XM":"13","XJ":"13","WM":"13"},"VG":{"89":"13","79":"13","8C":"13","7C":"13"},"RR":{"JQ":"13"},"X9":{"M3":"13"},"MV":{"M8":"13"},"VC":{"V9":"13"},"XP":{"38":"13","X2":"13","28":"13","27":"13"},"JV":{"25":"13"},"XX":{"63":"13","54":"13","64":"13"},"WJ":{"7C":"13"},"QR":{"23":"13","24":"13"},"JR":{"RQ":"13","RP":"13","QQ":"13"},"QX":{"8W":"13"},"X7":{"VX":"13"},"PX":{"42":"13","CG":"13"},"WH":{"HC":"13"},"VH":{"V7":"13","2W":"13"},"VQ":{"MM":"13"},"HW":{"W9":"13","V9":"13"},"XR":{"J4":"13","M4":"13"}},"FG":{"3C":{"QH":"13"}},"XX":{"5R":{"VF":"13"},"2W":{"FC":"13"},"6V":{"58":"13","59":"13","49":"13","48":"13"},"5P":{"32":"13","9X":"13"},"6W":{"M8":"13"},"3M":{"5C":"13","6C":"13"},"2M":{"CW":"13"},"7X":{"J3":"13","M3":"13"},"3W":{"HW":"13","P9":"13"}},"CX":{"QW":{"QJ":"13","QM":"13","RJ":"13","RM":"13"},"5V":{"CJ":"13","FH":"13","CH":"13","FJ":"13"},"66":{"MM":"13","MJ":"13"},"FQ":{"99":"13","89":"13","9C":"13","8C":"13"},"38":{"MX":"13","42":"13","67":"13","52":"13","43":"13","53":"13","68":"13"},"5P":{"HW":"13","GW":"13"},"MH":{"5G":"13"},"PP":{"XV":"13","J2":"13"},"G6":{"JP":"13","HP":"13"},"5Q":{"MF":"13","JC":"13","MC":"13"},"C5":{"QR":"13","RR":"13","65":"13","QV":"13"},"QV":{"R2":"13"},"GR":{"XX":"13"},"PH":{"HH":"13","JH":"13"},"R6":{"63":"13","53":"13"},"G9":{"PG":"13","MH":"13","MG":"13"},"QF":{"6H":"13"},"Q7":{"C5":"13"},"RP":{"X9":"13","W8":"13","W9":"13","X8":"13"},"HJ":{"P5":"13","Q5":"13","Q6":"13","P6":"13"},"XG":{"65":"13","64":"13"},"FX":{"3Q":"13","3P":"13","2P":"13","2Q":"13"},"4W":{"H7":"13","H6":"13","G6":"13"},"47":{"88":"13","W4":"13","V3":"13","V4":"13"},"JR":{"GP":"13","HP":"13","GM":"13","HM":"13"},"WQ":{"M2":"13","M3":"13","P3":"13","P2":"13"},"JG":{"2G":"13"},"X4":{"5M":"13","5P":"13","77":"13","78":"13"},"9C":{"GQ":"13"},"V6":{"F5":"13","GH":"13","F6":"13"},"F7":{"C3":"13","C4":"13"},"W3":{"HW":"13","JV":"13","JW":"13","HV":"13"},"Q8":{"7Q":"13","7P":"13","8Q":"13","8P":"13"},"CG":{"63":"13","73":"13","9M":"13"},"HG":{"XG":"13"},"28":{"XX":"13","WX":"13","WW":"13","XW":"13"},"85":{"WH":"13","CQ":"13"},"WP":{"VF":"13","WF":"13","VC":"13","WC":"13"},"6X":{"4W":"13","HQ":"13","HR":"13","GR":"13"},"MC":{"5C":"13","6C":"13"},"JQ":{"3R":"13"},"6R":{"MF":"13","JF":"13","2M":"13"},"W8":{"XV":"13","9F":"13","84":"13","93":"13","94":"13","CF":"13"},"2C":{"HJ":"13","HM":"13"},"X5":{"28":"13"},"3X":{"QP":"13","PP":"13"},"HH":{"HH":"13","HG":"13"},"HP":{"C2":"13"},"GF":{"C7":"13"},"57":{"C2":"13","92":"13"},"X8":{"J7":"13","2W":"13","J8":"13","H7":"13","2V":"13"},"WH":{"6V":"13","W2":"13","W3":"13","X2":"13","X3":"13"},"PG":{"3F":"13","HM":"13"},"GP":{"QQ":"13"},"XX":{"2P":"13","2M":"13"},"7R":{"36":"13","35":"13"},"CH":{"4W":"13","WJ":"13","4V":"13"},"MP":{"26":"13","25":"13"},"VH":{"QM":"13","PM":"13"},"WV":{"57":"13","56":"13"},"WG":{"G9":"13","XW":"13","GC":"13","F2":"13","C2":"13","FC":"13","F9":"13","GF":"13"},"MM":{"FG":"13"},"XM":{"93":"13"},"QJ":{"RH":"13","QG":"13","RG":"13","QH":"13"},"7P":{"VV":"13","WV":"13"},"39":{"2P":"13","M2":"13"},"WF":{"FX":"13","CX":"13"},"9Q":{"84":"13"},"XJ":{"J8":"13","M8":"13","J9":"13"},"M7":{"38":"13"},"9G":{"8F":"13"},"R5":{"J7":"13","7J":"13","J6":"13"},"5W":{"88":"13","89":"13"},"PV":{"GP":"13"},"MF":{"J8":"13","H9":"13","H8":"13","J9":"13"},"4V":{"F5":"13","G5":"13","F4":"13"},"8G":{"MQ":"13","MR":"13","PR":"13"},"X7":{"H9":"13","J9":"13"},"37":{"5J":"13","5H":"13"}},"GX":{"3X":{"F2":"13","C2":"13"},"9X":{"76":"13"},"RX":{"92":"13"},"JX":{"4J":"13","3J":"13","4H":"13","QW":"13","3H":"13","PW":"13"},"QW":{"G7":"13","G6":"13"},"CX":{"X4":"13"},"MW":{"3M":"13","2M":"13"}},"VX":{"QM":{"JJ":"13","MJ":"13"},"W9":{"4R":"13","3R":"13"},"X3":{"74":"13"},"QF":{"CH":"13","CG":"13"},"Q7":{"W2":"13"},"RP":{"44":"13","M9":"13","J9":"13"},"JJ":{"GF":"13"},"XH":{"69":"13","58":"13","59":"13","68":"13","H6":"13","G6":"13"},"XG":{"9M":"13"},"FC":{"QX":"13"},"JR":{"MQ":"13"},"GV":{"99":"13"},"MR":{"HR":"13","HV":"13"},"X9":{"34":"13","44":"13"},"Q9":{"Q4":"13"},"JC":{"P7":"13","P6":"13"},"95":{"97":"13"},"V2":{"JC":"13"},"PF":{"M2":"13","P2":"13"},"GX":{"HH":"13","GH":"13"},"PR":{"23":"13"},"X5":{"PQ":"13"},"C9":{"H9":"13","HC":"13"},"RJ":{"Q6":"13"},"WH":{"4J":"13","QR":"13","PQ":"13","QQ":"13","PR":"13"},"W6":{"QF":"13"},"CH":{"34":"13","35":"13"},"JV":{"GJ":"13"},"WG":{"8C":"13"},"JW":{"39":"13"},"QP":{"8H":"13","9J":"13","9H":"13","8J":"13"},"F9":{"F5":"13","G5":"13"},"M9":{"5R":"13"},"M7":{"PV":"13"},"MV":{"5H":"13"},"HW":{"9V":"13"},"JP":{"3P":"13"},"XF":{"XG":"13","WH":"13","XH":"13","WG":"13"},"8G":{"CW":"13","9W":"13","9V":"13","CV":"13"}},"FF":{"8M":{"49":"13"},"W5":{"QQ":"13"},"7M":{"5R":"13"},"22":{"V7":"13","V8":"13"}},"5X":{"FX":{"8M":"13","8P":"13"}},"XR":{"4Q":{"75":"13","65":"13"},"5C":{"WX":"13","9H":"13","VX":"13"},"VX":{"QJ":"13"},"X9":{"Q4":"13","J3":"13","CQ":"13","CR":"13"},"V5":{"CJ":"13","5C":"13","FJ":"13","F7":"13","6C":"13"},"R7":{"2P":"13","CX":"13"},"XC":{"5J":"13","5H":"13"},"V2":{"W8":"13","XC":"13","X8":"13"},"3J":{"7W":"13"},"W6":{"C6":"13"},"XR":{"FQ":"13"},"XX":{"P5":"13","Q4":"13","Q5":"13","R5":"13","P4":"13","M4":"13"},"X7":{"86":"13","3V":"13","2R":"13","2V":"13","3R":"13"},"4G":{"2M":"13"},"WC":{"J3":"13","PG":"13","M3":"13"},"XM":{"WP":"13"},"V8":{"W8":"13","M4":"13","M3":"13","X8":"13"},"88":{"V3":"13","84":"13","MM":"13","R2":"13","V2":"13","MJ":"13"},"79":{"H5":"13","23":"13","24":"13"},"R4":{"QH":"13","V2":"13","W2":"13","QF":"13","V3":"13","W3":"13","QG":"13"},"W8":{"72":"13","62":"13"},"X2":{"G7":"13","F7":"13","F6":"13","G6":"13"},"3P":{"F9":"13"},"6J":{"47":"13"},"Q5":{"M6":"13","J6":"13"},"5M":{"63":"13","73":"13","74":"13","64":"13"},"2V":{"Q9":"13"},"R8":{"P6":"13"},"2R":{"76":"13","77":"13"},"3Q":{"HQ":"13","JQ":"13"},"XV":{"P9":"13","P8":"13"},"C7":{"66":"13","67":"13"},"J3":{"RH":"13","RG":"13","VG":"13","VH":"13"},"R2":{"Q5":"13","V4":"13","Q6":"13","JW":"13","RP":"13","MW":"13"},"5H":{"XF":"13","JH":"13","JJ":"13","CX":"13"},"WX":{"H2":"13","RQ":"13","G2":"13"},"W5":{"7P":"13","95":"13","8P":"13","94":"13"},"76":{"W8":"13"},"3H":{"P9":"13","PC":"13"},"VC":{"JC":"13"},"Q4":{"WV":"13","WR":"13"},"P3":{"Q3":"13"},"2X":{"28":"13"},"97":{"P5":"13","FR":"13","GP":"13","FQ":"13","GM":"13","FM":"13","GR":"13","FP":"13","28":"13"},"75":{"PP":"13"},"3G":{"XM":"13"},"82":{"HW":"13"},"WW":{"6V":"13"},"Q7":{"XP":"13"},"V3":{"9Q":"13","26":"13","9R":"13","GQ":"13","GR":"13"},"R3":{"WR":"13","VP":"13"},"X3":{"63":"13","53":"13"},"C8":{"6M":"13","8V":"13","6J":"13","8R":"13"},"6M":{"GM":"13"},"8C":{"G9":"13","G8":"13"},"V4":{"QX":"13","WF":"13"},"F9":{"5W":"13"},"93":{"4M":"13"},"89":{"G3":"13","H3":"13","Q9":"13","QC":"13"},"G8":{"3P":"13","2P":"13"},"RC":{"RF":"13","FQ":"13","FP":"13"},"W2":{"29":"13","2C":"13","2F":"13","55":"13","45":"13"},"2G":{"WW":"13","XW":"13"},"M2":{"4J":"13","4H":"13","5H":"13"},"P2":{"7H":"13","8H":"13"},"W4":{"83":"13","98":"13","P7":"13","C7":"13","C8":"13"},"7C":{"J7":"13","QF":"13","M7":"13","G6":"13","H6":"13"},"69":{"83":"13","7Q":"13","84":"13","X4":"13","25":"13","X3":"13","35":"13"},"2H":{"7V":"13","7R":"13"},"R5":{"R3":"13","Q3":"13","Q2":"13","R2":"13","CQ":"13","CR":"13"},"87":{"RX":"13"},"XW":{"X6":"13","X7":"13"},"V6":{"RW":"13","H4":"13","G4":"13","VW":"13"},"7F":{"G3":"13","F3":"13","G4":"13"},"77":{"MC":"13"},"78":{"QF":"13","PF":"13"},"VF":{"J8":"13","J9":"13"},"V7":{"XR":"13","2H":"13","3H":"13"},"M3":{"6V":"13","MQ":"13","PQ":"13"},"V9":{"4J":"13","W9":"13"},"59":{"RW":"13"},"W3":{"QR":"13","RR":"13"},"6G":{"6X":"13","5W":"13","5X":"13","6W":"13"},"83":{"3V":"13"},"86":{"JX":"13"},"98":{"RF":"13","RG":"13","VG":"13","VF":"13","HR":"13","GR":"13","HV":"13","GV":"13"},"68":{"XJ":"13"},"57":{"F8":"13"},"X8":{"7F":"13","6F":"13","9V":"13","6G":"13"}},"7X":{"58":{"67":"13"},"RX":{"RV":"13","VV":"13"},"RH":{"W9":"13"},"FX":{"MX":"13","PX":"13"},"47":{"XG":"13","HW":"13","QM":"13","WG":"13","QP":"13","GW":"13","HV":"13","GV":"13"},"38":{"HQ":"13","JQ":"13","GQ":"13","JR":"13","HR":"13","GR":"13"},"33":{"MQ":"13","PQ":"13","MR":"13","PR":"13"},"VW":{"GV":"13"},"VR":{"MW":"13"},"HF":{"HV":"13","GV":"13"},"QV":{"XG":"13"},"7F":{"F2":"13","RV":"13","VV":"13","69":"13","68":"13"},"35":{"RQ":"13","RP":"13"},"42":{"HH":"13","JH":"13","HG":"13","JG":"13"},"37":{"R3":"13","Q3":"13"},"5P":{"4M":"13","4P":"13"},"8Q":{"W4":"13"},"2C":{"69":"13","79":"13","68":"13","78":"13"},"46":{"XG":"13","WH":"13","XH":"13"},"2H":{"X6":"13","X5":"13"},"7C":{"FX":"13"},"VV":{"MP":"13","MQ":"13"},"WW":{"H5":"13","H6":"13"},"7V":{"JC":"13","HC":"13"},"JQ":{"84":"13"},"2Q":{"2J":"13","2M":"13"},"2F":{"VG":"13","VF":"13","WF":"13","WG":"13"},"59":{"3V":"13","4W":"13","72":"13","4V":"13","3W":"13"},"CR":{"HG":"13"},"7G":{"X4":"13"},"JG":{"6W":"13"},"32":{"JV":"13","HR":"13","HV":"13"},"5C":{"69":"13","79":"13","7C":"13"},"XX":{"HH":"13"},"3Q":{"F2":"13","F3":"13"},"R5":{"VJ":"13","VM":"13"},"6C":{"4J":"13","3J":"13","3M":"13","4M":"13"},"54":{"63":"13","73":"13","74":"13","64":"13"},"3M":{"J4":"13","M4":"13","95":"13","HR":"13","GR":"13","94":"13"},"3G":{"75":"13","74":"13"},"4J":{"G8":"13","G7":"13","H7":"13"},"48":{"MX":"13","69":"13","JW":"13","3G":"13","2G":"13","JX":"13","2H":"13","79":"13","3H":"13","MW":"13"},"4R":{"2Q":"13"},"MF":{"PW":"13"},"FW":{"4H":"13","3H":"13"},"69":{"FW":"13","GW":"13"}}}}