{"index":{"university,1|retail,2|tourism,3|wreck,4|historical,5|artsCulture,6|namedBuilding,7|water,8|wetland,9|park,10|beach,11|natureReserve,12|cemetery,13|trail,14":{}},"67":{"RW":{"P9":{"86":"13","76":"13","87":"13","77":"13"}},"26":{"62":{"FV":"13"},"H2":{"PH":"13","4G":"13"},"33":{"7V":"13","7R":"13"},"G2":{"4X":"13","4W":"13"},"53":{"3X":"13","3W":"13"},"42":{"33":"13"},"P2":{"63":"13","52":"13","53":"13","62":"13"}},"G5":{"FG":{"W2":"13","W3":"13"},"VC":{"4F":"13","4C":"13","5F":"13"},"C3":{"MX":"13"},"XH":{"8V":"13","8W":"13"},"34":{"WF":"13","WC":"13"},"F2":{"F9":"13"},"GG":{"H4":"13","J4":"13"},"73":{"MG":"13"},"93":{"3Q":"13","2R":"13","2Q":"13","3R":"13"}},"R7":{"5C":{"M9":"13","M8":"13","P9":"13"},"F3":{"JC":"13","MC":"13"},"Q5":{"9X":"13"},"75":{"2F":"13"},"65":{"XF":"13"},"FH":{"WX":"13"},"W7":{"W4":"13","W3":"13"},"J4":{"PP":"13","MP":"13","MQ":"13","PQ":"13"},"52":{"P3":"13"},"35":{"6R":"13"},"6C":{"CP":"13"},"22":{"W2":"13","W3":"13"}},"WW":{"23":{"5Q":"13","4Q":"13","4P":"13"},"V2":{"73":"13"}},"W7":{"34":{"6F":"13","6C":"13"},"36":{"WG":"13"},"G9":{"R9":"13","VC":"13","RC":"13"},"WV":{"XR":"13"},"VJ":{"R6":"13"},"QR":{"RP":"13","RM":"13"},"R7":{"7H":"13","8H":"13","8J":"13"},"WG":{"95":"13"},"MQ":{"MM":"13"},"JQ":{"VP":"13","VQ":"13"},"VP":{"5F":"13"},"PF":{"3M":"13"},"78":{"5Q":"13"}},"Q8":{"5V":{"W2":"13","W3":"13","X2":"13"},"93":{"2W":"13","2V":"13"},"C6":{"34":"13","44":"13"},"W9":{"JP":"13","MP":"13"},"25":{"XX":"13","WX":"13"},"J9":{"FG":"13","CG":"13","FF":"13"},"X3":{"PM":"13"},"H4":{"5Q":"13"},"HF":{"Q4":"13","P4":"13"},"P3":{"H8":"13"},"QV":{"HF":"13","JF":"13","JG":"13"},"H9":{"J3":"13"},"P6":{"2P":"13"},"QH":{"46":"13","47":"13","56":"13"},"G9":{"CW":"13","Q7":"13"},"J5":{"CJ":"13","GP":"13","CM":"13","FJ":"13","GQ":"13"},"QC":{"3X":"13","2X":"13"},"X6":{"QJ":"13","QM":"13"},"HJ":{"6X":"13"},"3F":{"2W":"13"},"CP":{"62":"13"},"4W":{"3V":"13","4V":"13","3W":"13"},"GJ":{"RV":"13","QR":"13","RR":"13","QV":"13"},"M6":{"XP":"13"},"CM":{"49":"13"},"F5":{"5M":"13"},"V6":{"FC":"13","GC":"13"},"G3":{"63":"13","64":"13"},"X9":{"8X":"13"},"48":{"W5":"13","V5":"13"},"4J":{"R3":"13","R2":"13","V2":"13"},"W3":{"HJ":"13"},"2X":{"QR":"13"},"98":{"P8":"13"},"RX":{"F5":"13","F6":"13"},"JH":{"R3":"13","R2":"13"},"WM":{"W3":"13"},"5J":{"6M":"13"},"MC":{"H4":"13"},"RW":{"HF":"13","HG":"13"},"VR":{"X4":"13","X3":"13"},"6G":{"9W":"13","9V":"13"},"R2":{"2G":"13","2H":"13","3H":"13"},"R8":{"2R":"13","2Q":"13"},"HR":{"88":"13","99":"13","89":"13","79":"13"},"HX":{"72":"13"},"3J":{"JP":"13"},"V2":{"4J":"13","4M":"13"},"6V":{"GC":"13"},"R4":{"6C":"13"},"76":{"3P":"13","3M":"13"},"HP":{"79":"13"},"GQ":{"82":"13","92":"13"},"GG":{"WV":"13"},"9J":{"RQ":"13","QP":"13","RP":"13","QQ":"13"},"W6":{"96":"13"},"P8":{"VR":"13"},"7R":{"MH":"13"},"CH":{"W7":"13","X7":"13"},"HM":{"J7":"13","J8":"13","M8":"13"},"VJ":{"77":"13"},"P9":{"8X":"13"},"VC":{"HF":"13","GF":"13"},"6C":{"84":"13","94":"13"},"Q3":{"4J":"13","5J":"13","4H":"13","5H":"13"},"G7":{"9F":"13"},"39":{"JQ":"13"},"2F":{"XV":"13","44":"13","55":"13","45":"13","XW":"13"},"WF":{"RQ":"13","QQ":"13"},"9Q":{"5V":"13"},"JM":{"2V":"13","PF":"13"},"QX":{"2W":"13","2V":"13"},"87":{"4P":"13"},"9G":{"4R":"13","4V":"13"},"2V":{"JV":"13"},"JF":{"QF":"13","PF":"13"},"22":{"63":"13","73":"13","74":"13","64":"13"},"34":{"88":"13","89":"13"},"8G":{"H4":"13","G4":"13","G5":"13"},"V8":{"G8":"13"},"X7":{"3V":"13"}},"WC":{"XP":{"54":"13","65":"13","74":"13","64":"13","55":"13"},"86":{"38":"13","48":"13"},"73":{"7H":"13","6H":"13"},"5C":{"2X":"13","XW":"13"},"75":{"29":"13","39":"13"},"J8":{"26":"13","38":"13","28":"13","27":"13"},"F5":{"RC":"13"},"JW":{"MF":"13"},"8Q":{"73":"13"},"42":{"Q8":"13","Q7":"13"},"87":{"J3":"13","J2":"13","M2":"13","M3":"13"},"CH":{"JJ":"13"},"FJ":{"WQ":"13","W6":"13"},"GQ":{"P5":"13","Q5":"13","R5":"13","Q6":"13","R6":"13","P4":"13"},"H7":{"VM":"13","VP":"13","WM":"13","WP":"13"},"XC":{"C6":"13","C5":"13"},"PW":{"57":"13"},"HR":{"C5":"13","C6":"13","F6":"13","65":"13","64":"13","F5":"13","95":"13","96":"13"},"94":{"2W":"13","2X":"13"},"QC":{"5C":"13","6C":"13"},"HV":{"W5":"13","R5":"13","V6":"13","W6":"13","V5":"13"}},"3V":{"X4":{"8F":"13","8C":"13"}},"WM":{"X2":{"G2":"13"},"4P":{"RV":"13","QV":"13"}},"3G":{"5P":{"5M":"13","5P":"13","4M":"13","4P":"13"}},"XG":{"8V":{"JH":"13","JG":"13"},"7G":{"WR":"13","WQ":"13","VQ":"13","WP":"13"},"Q8":{"3V":"13","2R":"13","2V":"13","3R":"13"},"XQ":{"WG":"13","WH":"13","XH":"13","XJ":"13","VF":"13","XG":"13","WJ":"13","VG":"13","VH":"13","WF":"13"},"C3":{"Q3":"13","Q4":"13","P4":"13","P3":"13"},"8W":{"C2":"13","93":"13","92":"13","C3":"13"},"W9":{"CC":"13","FC":"13","F8":"13","C9":"13","C8":"13","F9":"13","GC":"13"},"25":{"4X":"13","4W":"13","5W":"13","5X":"13"},"3W":{"WX":"13","WW":"13"},"9R":{"82":"13"},"37":{"GX":"13","FX":"13"},"GQ":{"FG":"13","MR":"13","FJ":"13","CH":"13","CG":"13","JV":"13","MV":"13","JR":"13","CJ":"13","FH":"13"},"9Q":{"CP":"13","CM":"13","FM":"13","FP":"13"},"38":{"F2":"13","G3":"13","F3":"13","H2":"13","G2":"13"},"MV":{"3V":"13","4W":"13","3W":"13"},"9J":{"R6":"13","V6":"13"},"HQ":{"HH":"13","JH":"13","HG":"13","JG":"13"},"26":{"QW":"13","QV":"13"}},"H4":{"62":{"74":"13","64":"13"},"MX":{"CP":"13","9J":"13"},"9P":{"69":"13","59":"13"},"CW":{"G2":"13"},"7F":{"8Q":"13","8P":"13"},"WR":{"WX":"13","WW":"13"},"XV":{"5G":"13"},"PQ":{"2W":"13","2V":"13"},"5P":{"X6":"13","W5":"13","X5":"13","W7":"13","X7":"13","MR":"13","W6":"13"},"MC":{"2F":"13"},"8Q":{"GX":"13"},"6P":{"GG":"13","GF":"13","FG":"13","FF":"13","27":"13"},"7H":{"WR":"13","WQ":"13"},"5R":{"6R":"13","7R":"13"},"MW":{"8Q":"13","8R":"13"},"RR":{"3J":"13","2J":"13"},"WM":{"PW":"13","MW":"13"},"JX":{"XH":"13"},"2G":{"2W":"13","3W":"13"},"JV":{"5C":"13","6C":"13"},"3J":{"R2":"13","V2":"13"},"44":{"QM":"13","QP":"13","RM":"13"},"29":{"RM":"13"},"HV":{"4J":"13"},"9F":{"R3":"13","V3":"13","3G":"13","4G":"13","V2":"13","4H":"13","3H":"13"},"3C":{"5P":"13","6P":"13"},"68":{"GF":"13","FF":"13"},"9R":{"QW":"13"},"FF":{"RJ":"13"},"39":{"QF":"13","QG":"13","RJ":"13"},"3G":{"32":"13"},"HP":{"9F":"13"},"5X":{"3X":"13"},"PF":{"9P":"13","XR":"13"},"HJ":{"RV":"13","QV":"13"},"6G":{"4Q":"13"}},"QF":{"FH":{"VR":"13"},"53":{"9W":"13"}},"X5":{"6V":{"V9":"13"},"2P":{"FQ":"13"},"4V":{"27":"13"},"8W":{"G6":"13"}},"R8":{"8V":{"QG":"13","RG":"13"},"35":{"5M":"13","5P":"13","4M":"13"},"PW":{"J3":"13","H2":"13","H3":"13","J2":"13"},"MQ":{"H5":"13","G5":"13"},"PP":{"58":"13","48":"13"},"5F":{"6G":"13"},"QV":{"3X":"13"},"GM":{"RR":"13","RQ":"13"},"RP":{"CJ":"13","FJ":"13"},"CP":{"46":"13"},"MX":{"WH":"13","VH":"13"},"CM":{"R7":"13"},"5G":{"4X":"13","5X":"13"},"VP":{"X9":"13","W9":"13"},"65":{"CP":"13","9P":"13"},"MR":{"8F":"13"},"83":{"63":"13"},"28":{"9J":"13","9H":"13"},"R7":{"MP":"13"},"JQ":{"PF":"13"},"CV":{"W5":"13","V5":"13"},"2C":{"9X":"13","GJ":"13"},"7X":{"V4":"13"},"7V":{"M2":"13"},"PF":{"3R":"13"},"79":{"QW":"13"},"GP":{"Q6":"13","P6":"13"},"5C":{"G7":"13","H7":"13","G6":"13","H6":"13"},"HV":{"6F":"13","5G":"13","6G":"13","57":"13","56":"13","67":"13","5F":"13"},"6H":{"WM":"13"},"CR":{"8G":"13"},"7P":{"73":"13"},"39":{"68":"13"},"8W":{"26":"13"},"3G":{"5C":"13","4C":"13"},"8M":{"4G":"13","4H":"13"},"7G":{"QF":"13","PF":"13"},"JP":{"P7":"13"},"36":{"GX":"13","FW":"13","FX":"13","GW":"13"},"6W":{"RC":"13","QC":"13"},"4V":{"QX":"13"},"8J":{"XG":"13","WG":"13"}},"V5":{"9F":{"GP":"13","GM":"13","FM":"13","FP":"13"},"G5":{"VQ":"13"},"M8":{"HF":"13","JF":"13","HC":"13","JC":"13"},"2P":{"3J":"13","3H":"13"},"V8":{"9M":"13"},"6H":{"R3":"13","V3":"13","R5":"13","V4":"13","R4":"13","V5":"13"},"VC":{"PQ":"13"},"X9":{"H9":"13","H8":"13"},"W9":{"5J":"5","6M":"5","6J":"5"},"97":{"HP":"13"},"PH":{"WP":"13"},"V9":{"P9":"13","P8":"13"}},"2M":{"6J":{"6X":"13","7X":"13"}},"FJ":{"VW":{"98":"13","99":"13"}},"VQ":{"P7":{"RQ":"13","RP":"13"},"PF":{"WV":"13"}},"W5":{"8V":{"PM":"13","PP":"13"},"6G":{"JV":"13"},"C6":{"H5":"13","H6":"13"},"QM":{"R5":"13"},"5W":{"HR":"13"},"QQ":{"V5":"13"},"2M":{"M8":"13"},"C9":{"86":"13"},"QF":{"49":"13"},"M9":{"M7":"13"},"4V":{"X5":"13"},"48":{"F8":"13","F7":"13"},"FC":{"3J":"13","2J":"13"},"37":{"VG":"13"},"7W":{"3J":"13"},"P9":{"QR":"13"},"WJ":{"2V":"13"},"6F":{"2G":"13"},"G8":{"VG":"13"},"VJ":{"XV":"13"},"7R":{"6Q":"13","6P":"13"},"87":{"H3":"13"},"MX":{"RH":"13","QH":"13"},"7J":{"M8":"13","M7":"13"},"VH":{"2C":"13"},"PX":{"V3":"13"}},"53":{"J6":{"52":"13","53":"13"},"M8":{"J2":"13"},"WH":{"RW":"13","QW":"13"},"PG":{"WF":"13"},"4Q":{"QM":"13","9J":"13"},"5C":{"RV":"13","7H":"13","6H":"13","QV":"13"},"VX":{"5C":"13","69":"13","59":"13","6C":"13"},"C4":{"54":"13","44":"13"},"25":{"CW":"13","23":"13","FW":"13","22":"13"},"G6":{"3M":"13"},"W6":{"RR":"13","VR":"13"},"G7":{"2P":"13","2M":"13"},"5F":{"99":"13","89":"13"},"H8":{"4W":"13","5W":"13"},"PC":{"RH":"13","RG":"13","VG":"13","WF":"13","WG":"13"},"4R":{"5C":"13","CC":"13","9C":"13"},"CQ":{"2W":"13"},"4G":{"9J":"13","PF":"13"},"QP":{"7H":"13","8H":"13"},"5G":{"RH":"13","QG":"13","RG":"13","QH":"13","C3":"13"},"5Q":{"84":"13","85":"13"},"79":{"6F":"13"},"3P":{"MX":"13","PX":"13"},"73":{"7J":"13"},"8Q":{"X9":"13"},"3W":{"54":"13","44":"13","43":"13","53":"13"},"J5":{"9F":"13","8F":"13","9C":"13","8C":"13"},"5M":{"MM":"13","8J":"13"},"2V":{"2C":"13","F8":"13","XR":"13","3C":"13"},"R8":{"X6":"13","X5":"13","W6":"13"},"2R":{"VV":"13","2W":"13","VR":"13","XH":"13","XJ":"13"},"3Q":{"P2":"13"},"C7":{"3Q":"13","W9":"13","V9":"13"},"9C":{"5R":"13","6V":"13","5V":"13"},"C6":{"9V":"13"},"5J":{"95":"13","96":"13"},"PQ":{"FJ":"13"},"RX":{"XM":"13","4H":"13","XJ":"13"},"3V":{"X5":"13","4H":"13","FF":"13","CF":"13"},"VC":{"RF":"13","RG":"13"},"6F":{"4F":"13","4C":"13","3C":"13","3F":"13"},"Q4":{"5V":"13"},"9X":{"MX":"13"},"GW":{"X4":"13"},"97":{"QM":"13","J5":"13"},"RM":{"6F":"13"},"F7":{"9F":"13"},"Q7":{"4J":"13","4M":"13"},"FG":{"32":"13"},"R3":{"8R":"13"},"C8":{"JW":"13","JX":"13"},"8C":{"CV":"13","CR":"13"},"93":{"G7":"13","F7":"13","H6":"13","G6":"13"},"J9":{"2P":"13"},"8M":{"V7":"13","V8":"13"},"4M":{"XP":"13"},"8F":{"7H":"13","6H":"13"},"6P":{"55":"13"},"G4":{"F6":"13","G6":"13"},"54":{"MM":"13"},"7C":{"HF":"13","W3":"13","GF":"13"},"5X":{"7M":"13","7J":"13"},"JC":{"CC":"13","C9":"13"},"G2":{"WV":"13","WW":"13"},"QM":{"JP":"13","MP":"13"},"MQ":{"7W":"13","7V":"13"},"VW":{"RQ":"13"},"P9":{"5Q":"13","5R":"13"},"M9":{"4W":"13"},"65":{"WF":"13","WG":"13"},"6G":{"P9":"13","PC":"13","QC":"13"},"6C":{"QF":"13","RF":"13"},"5V":{"V7":"13","5C":"13","W7":"13","59":"13","V6":"13","W6":"13"},"86":{"FH":"13"},"4V":{"25":"13","F4":"13"}},"3J":{"6M":{"M9":"13","P9":"13","MC":"13"}},"RC":{"F7":{"58":"13","47":"13","57":"13","48":"13"},"X9":{"4J":"13","4H":"13"},"MM":{"V3":"13"},"W4":{"XJ":"13"},"56":{"4V":"13"},"Q6":{"XG":"13","XH":"13"},"7V":{"GW":"13","GV":"13"}},"F2":{"G8":{"3H":"13"},"MQ":{"XF":"13","WF":"13","WC":"13","XC":"13"},"5R":{"VR":"13","WR":"13","WQ":"13","VQ":"13"},"QV":{"JH":"13","HG":"13"},"QR":{"H5":"13","H4":"13","5J":"13","5M":"13","G4":"13","5P":"13","46":"13","J4":"13","56":"13","G5":"13"},"PH":{"RV":"13","H5":"13","J5":"13"},"W5":{"3M":"13"},"68":{"F2":"13"},"3M":{"3J":"13","4H":"13","3H":"13"},"JJ":{"6H":"13","6G":"13"},"XH":{"34":"13","24":"13","33":"13"},"XG":{"63":"13"},"6J":{"3V":"13","2V":"13"},"3W":{"RV":"13","QR":"13","RR":"13","QV":"13"},"PQ":{"QR":"13","2G":"13"},"MR":{"QX":"13","RX":"13","JQ":"13"},"67":{"FX":"13","C3":"13"},"VG":{"MV":"13","MW":"13"},"4G":{"46":"13","47":"13","57":"13","56":"13"},"X2":{"FM":"13"},"XW":{"M5":"13","J5":"13"},"2J":{"QX":"13","RX":"13"},"WP":{"FG":"13"},"MC":{"2J":"13","2M":"13"},"JC":{"XM":"13","XJ":"13"},"2C":{"9H":"13"},"95":{"R8":"13"},"94":{"7Q":"13"},"2H":{"HF":"13","GF":"13","HC":"13","GC":"13"},"WW":{"WJ":"13","XJ":"13"},"GC":{"MV":"13","JV":"13"},"53":{"2C":"13"},"7V":{"JH":"13","MH":"13","JG":"13","MG":"13"},"WR":{"X8":"13"},"PF":{"J8":"13","M8":"13"},"3X":{"93":"13"},"HP":{"JG":"13"},"RJ":{"X7":"13","X8":"13"},"27":{"9R":"13","9V":"13","CV":"13","CR":"13"},"PG":{"FR":"13","W8":"13","GR":"13","GV":"13"},"MP":{"QW":"13","PX":"13","PW":"13"},"MM":{"7M":"13","6M":"13"},"XC":{"H2":"13","H3":"13"},"3G":{"R3":"13","V3":"13","R2":"13","V2":"13"},"PC":{"HF":"13"},"PX":{"FM":"13"},"88":{"4J":"13","4H":"13"},"PV":{"Q8":"13","P7":"13","Q7":"13"},"59":{"Q4":"13","P4":"13"},"CF":{"4P":"13"},"J3":{"3Q":"13","3R":"13"},"89":{"8P":"13"},"CC":{"X7":"13"},"Q5":{"J3":"13"},"37":{"CF":"13"}},"9J":{"46":{"QG":"13"},"45":{"HX":"13","JX":"13"}},"Q6":{"Q6":{"R9":"13","RC":"13"},"34":{"5J":"13","6J":"13"},"74":{"WC":"13","VC":"13"},"PV":{"J7":"13","J6":"13"},"J5":{"2C":"13"},"C3":{"8V":"13"},"G9":{"W2":"13","W3":"13"},"VM":{"HJ":"13","HM":"13"},"WF":{"VG":"13","VH":"13"},"GG":{"JR":"13"},"C8":{"F2":"13","R6":"13"},"8W":{"3W":"13"},"3V":{"JH":"13","HG":"13","JG":"13"},"85":{"5J":"13","5M":"13","8W":"13"},"M7":{"CP":"13","9P":"13"},"2X":{"HP":"13"},"XV":{"6W":"13","7W":"13"},"86":{"77":"13"},"XJ":{"HP":"13"},"M4":{"7F":"13","6F":"13","6C":"13","7C":"13"},"3R":{"H8":"13"},"V5":{"8H":"13","8J":"13"},"7R":{"2R":"13"},"8C":{"2Q":"13"},"F9":{"32":"13","22":"13"},"P2":{"VH":"13"},"PG":{"H5":"13","J5":"13"},"H5":{"XC":"13"},"F8":{"2Q":"13"},"J3":{"7P":"13"},"2F":{"VJ":"13","WH":"13","WJ":"13","VH":"13"},"PM":{"2R":"13","3R":"13"},"M5":{"M6":"13","M7":"13"},"J9":{"9F":"13","8F":"13","9C":"13","8C":"13"},"2G":{"R8":"13","HF":"13","Q8":"13","JF":"13","R7":"13","P8":"13","HG":"13","Q7":"13","JG":"13"},"25":{"2R":"13"},"VC":{"CP":"13","9P":"13"},"7G":{"95":"13","94":"13"},"Q5":{"V6":"13"},"43":{"34":"13","35":"13"},"QH":{"VC":"13","WC":"13","W9":"13","V9":"13"},"CG":{"55":"13"},"5F":{"CJ":"13","CH":"13"},"29":{"FH":"13","FJ":"13"},"JG":{"3X":"13","3W":"13"},"C7":{"JF":"13"},"32":{"CP":"13"},"2V":{"MP":"13"},"GX":{"H5":"13"},"4F":{"37":"13"},"4X":{"32":"13"},"9R":{"JP":"13","JM":"13"},"54":{"VM":"13","WJ":"13","WM":"13"},"3F":{"6V":"13","6W":"13","7W":"13"},"4V":{"M5":"13","M6":"13"},"C9":{"W2":"13","W3":"13","X2":"13","X3":"13"},"GF":{"MF":"13","MG":"13"},"5X":{"2C":"13","2F":"13"},"R3":{"2Q":"13"},"X2":{"6G":"13"}},"HW":{"RV":{"97":"13","96":"13"}},"95":{"W2":{"RP":"13"}},"C2":{"8V":{"89":"13"},"8X":{"GX":"13","M7":"13","57":"13","P6":"13","6C":"13","2V":"13","2W":"13","M6":"13","5F":"13","5C":"13","6F":"13","P7":"13"},"9P":{"8M":"13","7M":"13","V2":"13"},"QW":{"XP":"13"},"5V":{"WX":"13","VX":"13"},"3R":{"J7":"13"},"QM":{"QH":"13"},"62":{"2X":"13"},"92":{"FG":"13","CG":"13"},"5Q":{"MW":"13"},"5F":{"W5":"13","X5":"13"},"R6":{"9R":"13","9V":"13","8V":"13","8R":"13"},"QQ":{"83":"13","93":"13"},"68":{"7F":"13","6F":"13","7G":"13"},"PM":{"6H":"13"},"CX":{"RV":"13","VV":"13","VR":"13","49":"13","RQ":"13","4C":"13","5V":"13","4V":"13"},"H6":{"9R":"13","9V":"13","8V":"13","8R":"13"},"JJ":{"W2":"13","H8":"13"},"X6":{"2P":"13","PV":"13","2M":"13","PR":"13"},"XH":{"C6":"13","96":"13"},"HJ":{"CC":"13","CF":"13"},"XG":{"QF":"13","FH":"13","FJ":"13","GH":"13","PC":"13","PF":"13","GJ":"13","QC":"13"},"3C":{"VR":"13","WR":"13"},"3W":{"2J":"13","2H":"13"},"42":{"F3":"13","JC":"13","HC":"13","M9":"13","F4":"13","J9":"13"},"G3":{"HH":"13","JH":"13"},"X9":{"25":"13","24":"13","35":"13"},"GH":{"3J":"13","3H":"13"},"CG":{"H5":"13","G5":"13"},"2J":{"6V":"13","6R":"13","7V":"13","7R":"13"},"HG":{"4J":"13","3J":"13","3M":"13"},"6X":{"RX":"13","VX":"13"},"HC":{"FR":"13","CR":"13"},"9W":{"27":"13"},"7J":{"X5":"13","J8":"13"},"6R":{"J6":"13"},"95":{"6X":"13","7X":"13"},"2H":{"RW":"13","QX":"13","RX":"13","QW":"13"},"7X":{"XV":"13","Q8":"13","HH":"13","XW":"13","Q9":"13"},"72":{"Q8":"13","P9":"13","P8":"13","Q9":"13"},"HX":{"WJ":"13"},"96":{"72":"13","62":"13"},"X5":{"4F":"13","5G":"13","4G":"13","2Q":"13","5F":"13"},"2Q":{"R5":"13","V5":"13"},"HP":{"97":"13","C7":"13"},"26":{"FV":"13","CV":"13"},"4R":{"F7":"13"},"CJ":{"76":"13","77":"13"},"9M":{"GF":"13"},"W2":{"GG":"13","GH":"13"},"27":{"QF":"13","PC":"13","PF":"13","QC":"13"},"X8":{"7Q":"13","8Q":"13","7R":"13","8R":"13"},"RF":{"9X":"13","8X":"13","8W":"13"},"63":{"9Q":"13","CQ":"13","CR":"13"},"9X":{"QM":"13"},"VH":{"MF":"13","JF":"13","JC":"13","MC":"13"},"CR":{"JC":"13","FJ":"13"},"WG":{"V5":"13"},"CQ":{"6G":"13","7X":"13"},"6P":{"25":"13","24":"13"},"8W":{"PJ":"13","GP":"13","HP":"13","QM":"13","PM":"13","72":"13"},"C7":{"R3":"13","V3":"13","R2":"13","V2":"13"},"VW":{"8C":"13"},"74":{"VR":"13"},"FF":{"39":"13","38":"13","28":"13"},"5W":{"JP":"13","JM":"13"},"J3":{"JV":"13"},"89":{"83":"13","93":"13"},"8J":{"25":"13"},"8G":{"GP":"13","HP":"13","FP":"13"},"55":{"GP":"13","GM":"13","FM":"13"}},"J6":{"GM":{"HJ":"13","HH":"13","GH":"13","GJ":"13"},"HG":{"PV":"13","PW":"13"},"H3":{"8G":"13"},"M7":{"R2":"13","V2":"13"},"75":{"9X":"13"},"WP":{"P4":"13","M4":"13","M3":"13","P3":"13"},"MF":{"5G":"13","4G":"13","4H":"13","5H":"13"},"59":{"V7":"13","V8":"13"},"F2":{"G7":"13","F7":"13"},"G2":{"3G":"13","2G":"13"},"94":{"W5":"13","V6":"13","W6":"13","V5":"13"},"J9":{"W7":"13","W8":"13"},"52":{"XF":"13"},"23":{"69":"13","XW":"13","6C":"13"},"F5":{"G4":"13"},"PC":{"PJ":"13","MJ":"13"},"WC":{"W8":"13","W9":"13"},"VP":{"XF":"13","WF":"13","WC":"13","XC":"13"}},"4C":{"X8":{"25":"13"}},"P4":{"XJ":{"4M":"13","4P":"13"}},"F4":{"35":{"RR":"13"},"6H":{"X8":"13"},"M5":{"7R":"13"},"25":{"FM":"13"},"7H":{"28":"13"},"H5":{"F4":"13","C4":"13"},"HW":{"M5":"13","J5":"13"}},"7F":{"JX":{"99":"13","C9":"13","7G":"13"},"JR":{"P5":"13"}},"V6":{"VQ":{"4R":"13"},"QW":{"XP":"13","VJ":"13","WJ":"13"},"XQ":{"XV":"13","WV":"13"},"MP":{"98":"13","97":"13"},"3V":{"F2":"13"},"HJ":{"H3":"13"},"V8":{"RG":"13","VG":"13"},"QQ":{"QX":"13"},"5J":{"QR":"13"},"5H":{"97":"13"},"HM":{"J3":"13","H3":"13"},"4C":{"8X":"13"},"RH":{"QM":"13","QP":"13"},"QP":{"4X":"13"},"XR":{"M2":"13","P2":"13"},"56":{"HP":"5","HM":"5"},"JF":{"RJ":"13"},"89":{"8M":"13"},"8M":{"XR":"13"},"3J":{"9R":"13","9V":"13","CV":"13"},"26":{"H5":"13","H4":"13"},"RX":{"VG":"13","WG":"13"},"4F":{"82":"13"}},"25":{"J2":{"Q8":"13"},"35":{"QW":"13","QV":"13"},"66":{"QC":"13"},"38":{"QP":"13","RP":"13"},"3R":{"FJ":"13"},"C6":{"F2":"13","F3":"13","C2":"13","C3":"13"},"G6":{"2G":"13"},"5F":{"FV":"13","24":"13"},"C5":{"VJ":"13","X9":"13","WC":"13","W9":"13","XC":"13","VH":"13"},"5R":{"X9":"13"},"P3":{"P4":"13","M4":"13","M3":"13","P3":"13"},"R6":{"HW":"13","HV":"13"},"68":{"2P":"13","2M":"13"},"J5":{"4J":"13"},"H6":{"WH":"13","CH":"13","WG":"13","CG":"13"},"Q7":{"3H":"13"},"6M":{"6P":"13"},"J7":{"5R":"13","6R":"13","6H":"13","6J":"13"},"3F":{"R7":"13"},"47":{"93":"13","94":"13"},"G4":{"26":"13","36":"13"},"3Q":{"RH":"13","99":"13","9C":"13","62":"13","VH":"13"},"67":{"44":"13","4H":"13","3H":"13"},"F5":{"5X":"13","V2":"13","QC":"13","27":"13"},"4G":{"2G":"13"},"G2":{"8W":"13"},"F7":{"95":"13","96":"13"},"48":{"Q4":"13","72":"13","82":"13"},"4J":{"86":"13","76":"13","77":"13"},"X2":{"8V":"13","7V":"13","7R":"13"},"M2":{"RG":"13","VG":"13","PC":"13"},"V3":{"65":"13","64":"13"},"7C":{"J6":"13"},"W3":{"XF":"13","WF":"13"},"4C":{"6G":"13","QW":"13","PW":"13","4V":"13"},"6Q":{"HF":"13","HC":"13"},"9F":{"VX":"13"},"5J":{"8C":"13"},"Q2":{"4X":"13","Q6":"13","5X":"13","Q7":"13"},"43":{"34":"13","33":"13"},"C4":{"4P":"13"},"W4":{"R5":"13","V5":"13"},"6R":{"29":"13"},"97":{"WF":"13","48":"13"},"R2":{"V7":"13","97":"13","W7":"13","87":"13","52":"13","V6":"13","62":"13","W6":"13"},"49":{"WV":"13","HH":"13","9J":"13","VC":"13","V9":"13","QC":"13"},"2H":{"26":"13"},"P2":{"GJ":"13"},"3J":{"W5":"13","GQ":"13","HV":"13"},"V2":{"GG":"13","M9":"13","G8":"13","G7":"13"},"J6":{"7Q":"13","73":"13","72":"13","82":"13"},"Q6":{"W7":"13","VM":"13"},"R4":{"R2":"13","V2":"13"},"3X":{"PP":"13","MP":"13"},"79":{"4C":"13","22":"13"},"76":{"MX":"13","QF":"13","QG":"13","C9":"13"},"77":{"HF":"13","HC":"13"},"4R":{"R3":"13","V3":"13","V4":"13","R4":"13"},"58":{"26":"13","25":"13","G7":"13","5F":"13","G6":"13"},"R3":{"5C":"13","RX":"13","VX":"13"},"5C":{"XQ":"13","93":"13","C3":"13"},"46":{"W4":"13","W5":"13","RJ":"13"},"H5":{"9P":"13","9M":"13"},"4Q":{"23":"13","6M":"13","6J":"13","7J":"13"},"M3":{"M5":"13"},"4M":{"QG":"13"},"Q3":{"8C":"13"},"2P":{"97":"13"},"39":{"VJ":"13","PQ":"13","3H":"13","FF":"13","CF":"13"},"2F":{"5C":"13","59":"13","49":"13","4C":"13","7R":"13","8R":"13"},"3G":{"XG":"13"},"C7":{"2F":"13","3G":"13","2G":"13","3F":"13"},"3P":{"6X":"13","2P":"13","2M":"13","H6":"13"},"54":{"6H":"13"},"4F":{"9W":"13","8W":"13"},"87":{"7M":"13"},"R5":{"RW":"13","RX":"13"},"5W":{"VJ":"13","WJ":"13"},"59":{"3M":"13","J5":"13"},"36":{"QX":"13","RX":"13"},"45":{"V4":"13","R4":"13"},"G5":{"QG":"13","3J":"13","3M":"13"},"69":{"X2":"13"},"55":{"GX":"13","6V":"13","XQ":"13","6W":"13","XR":"13","7W":"13","7V":"13"}},"QJ":{"M9":{"7H":"13","8H":"13"},"PC":{"F8":"13","C9":"13","C8":"13","F9":"13"},"MC":{"93":"13","94":"13"}},"88":{"7P":{"HV":"13","GV":"13"},"5M":{"26":"13","38":"13","37":"13","28":"13","27":"13"},"3J":{"PP":"13","MP":"13"},"6P":{"RV":"13","RW":"13","VV":"13","VW":"13","F8":"13","G8":"13"}},"8J":{"V3":{"V3":"13","W3":"13"}},"8F":{"6J":{"9Q":"13","CQ":"13"},"3F":{"RP":"13","RM":"13"}},"QC":{"V4":{"M6":"13","J6":"13"},"P2":{"F4":"13"}},"HF":{"7Q":{"58":"13","59":"13","49":"13","48":"13"}},"CP":{"4C":{"R6":"13"}},"4F":{"HX":{"8G":"13"}},"JX":{"R8":{"69":"13","67":"13","79":"13","68":"13","78":"13"},"Q7":{"RW":"13","VW":"13","RX":"13","WX":"13","WW":"13","VX":"13"},"C3":{"HH":"13","GH":"13"}},"VC":{"Q4":{"QW":"13"},"2H":{"MF":"13","MG":"13"},"FM":{"7V":"13","7R":"13","8R":"13"},"WW":{"4M":"13"},"FJ":{"J9":"13"},"G2":{"QR":"13","PQ":"13","PR":"13"},"RR":{"5G":"13","5F":"13"},"JF":{"9Q":"13","8Q":"13","9P":"13","8P":"13"},"GF":{"M9":"13","M8":"13"},"JG":{"C6":"13","C7":"13"}},"33":{"MX":{"VV":"13"},"6W":{"QR":"13","QV":"13"},"XF":{"F7":"13","C7":"13"},"PJ":{"2W":"13","2X":"13"},"RQ":{"5Q":"13","VV":"13","VW":"13","9J":"13"},"RX":{"67":"13"},"FX":{"P6":"13"},"VW":{"CR":"13"},"WR":{"33":"13"},"XM":{"XM":"13","X3":"13","XJ":"13"},"Q2":{"HH":"13","HG":"13","GH":"13"},"RM":{"CG":"13","CF":"13"},"PQ":{"8V":"13","7V":"13","8W":"13"},"V9":{"RQ":"13","VP":"13","VQ":"13"},"4C":{"5Q":"13","4Q":"13"},"W2":{"GX":"13","HX":"13"},"VV":{"W2":"13","V2":"13"},"F8":{"99":"13","C9":"13"},"RR":{"H2":"13","XM":"13","H3":"13","XJ":"13","WM":"13"},"JQ":{"XV":"13","XW":"13"},"R9":{"CJ":"13","FJ":"13"},"H7":{"Q2":"13","M2":"13","M3":"13","P3":"13"},"JX":{"R2":"13","V2":"13","6R":"13","7R":"13"},"W3":{"F2":"13","G3":"13","H2":"13","H3":"13","G2":"13"},"MP":{"R2":"13"},"29":{"8Q":"13","8P":"13"},"CX":{"69":"13"},"GX":{"J8":"13","M8":"13"},"8V":{"MM":"13","MJ":"13"},"39":{"6F":"13","5F":"13"},"WG":{"WJ":"13","WM":"13"},"WC":{"R3":"13","QG":"13","RG":"13","R4":"13"},"WH":{"3V":"13","H8":"13","2V":"13"},"HP":{"Q8":"13","Q9":"13"},"VQ":{"QM":"13"},"XG":{"38":"13","37":"13"},"MQ":{"2W":"13","2V":"13"},"RW":{"R3":"13","R4":"13"},"MR":{"PG":"13","MG":"13"},"FW":{"CH":"13","CG":"13"},"JJ":{"4R":"13"}},"R9":{"V4":{"FW":"13"},"HG":{"CG":"13","CF":"13"},"FF":{"6X":"13","6W":"13"},"F7":{"X5":"13"},"H9":{"G5":"13"},"Q8":{"74":"13"},"M7":{"5C":"13","69":"13","9X":"13","59":"13","X9":"13","XC":"13","CX":"13","6C":"13"},"FG":{"J3":"13","J4":"13"},"M5":{"GR":"13"},"29":{"W7":"13","W6":"13"},"47":{"JV":"13","JW":"13"},"R8":{"R3":"13","V3":"13"},"5G":{"PG":"13","MG":"13"},"4C":{"VJ":"13"},"37":{"VP":"13","WP":"13"},"C8":{"F5":"13","G5":"13"},"8C":{"CP":"13","CM":"13","G7":"13","H7":"13"},"85":{"QM":"13"},"GF":{"WX":"13","VX":"13"},"G8":{"H4":"13"},"24":{"JW":"13","MW":"13"},"X3":{"QV":"13"},"3Q":{"X2":"13"},"88":{"P9":"13","PC":"13","Q9":"13","QC":"13"},"FH":{"7Q":"13"},"4F":{"8J":"13"}},"RM":{"H6":{"XV":"13","WR":"13","XR":"13"}},"XJ":{"X8":{"P5":"13"},"9C":{"CP":"13","FP":"13"},"WR":{"RF":"13","RC":"13","QC":"13"},"MP":{"X7":"13","X8":"13"},"XX":{"XP":"13","XQ":"13","WQ":"13","WP":"13"},"29":{"P7":"13","Q7":"13"},"JP":{"93":"13","C3":"13"},"WJ":{"6X":"13","5W":"13","5X":"13","6W":"13"},"3Q":{"54":"13","55":"13"},"PP":{"27":"13"},"2G":{"PM":"13"},"8Q":{"HP":"13"},"9W":{"JV":"13"}},"F3":{"VM":{"9Q":"13","9P":"13"},"35":{"RF":"13","72":"13","RC":"13"},"66":{"7F":"13","6C":"13","7C":"13"},"38":{"J3":"13"},"MH":{"CJ":"13","8G":"13","8H":"13","CH":"13","9J":"13","RP":"13","9H":"13"},"24":{"R3":"13","V3":"13","2J":"13","2H":"13"},"WJ":{"23":"13","22":"13"},"HF":{"86":"13","W2":"13","V2":"13","87":"13"},"PH":{"6F":"13","3V":"13","2W":"13","V2":"13","67":"13","2V":"13","5F":"13","3W":"13"},"RM":{"QJ":"13","VJ":"13","RJ":"13"},"RG":{"QJ":"13","QM":"13","MW":"13","PJ":"13","RJ":"13","PW":"13","PH":"13","MX":"13","PX":"13","RM":"13"},"QH":{"QX":"13","RX":"13"},"68":{"W7":"13","W6":"13"},"QC":{"38":"13","28":"13"},"QF":{"PJ":"13","GG":"13","FH":"13","FG":"13","47":"13","57":"13","GH":"13","48":"13"},"JJ":{"FH":"13","GH":"13"},"X6":{"29":"13","2C":"13"},"XH":{"M3":"13"},"QG":{"9X":"13","9W":"13","8X":"13","8W":"13"},"3C":{"36":"13","MM":"13","X5":"13","6G":"13","PQ":"13","FM":"13","7X":"13"},"47":{"GM":"13","GJ":"13"},"FC":{"M6":"13","RP":"13","VP":"13","M7":"13"},"VP":{"Q3":"13","Q2":"13","P3":"13","P2":"13"},"VG":{"V4":"13","M8":"13","M9":"13","P9":"13","P8":"13","PC":"13","2M":"13","MC":"13"},"42":{"3Q":"13","2R":"13","2Q":"13"},"48":{"9F":"13"},"4C":{"8X":"13","57":"13","M2":"13","2P":"13","CM":"13","66":"13","53":"13","56":"13","67":"13"},"28":{"R5":"13","V4":"13","R4":"13","V5":"13"},"WM":{"Q5":"13","R5":"13","Q6":"13","R6":"13"},"HC":{"FW":"13"},"MG":{"6W":"13","7W":"13"},"MC":{"4J":"13","5J":"13","4H":"13","5H":"13"},"33":{"JJ":"13","JM":"13"},"43":{"6X":"13","5X":"13","JJ":"13"},"29":{"XV":"13","WV":"13","G8":"13","R9":"13","XW":"13"},"2C":{"79":"13","7C":"13"},"49":{"F3":"13","4Q":"13","4R":"13","F4":"13","C3":"13","C4":"13"},"WC":{"JC":"13"},"GC":{"H9":"13"},"53":{"HR":"13","GR":"13"},"WR":{"QH":"13"},"79":{"G9":"13","GC":"13"},"57":{"58":"13","Q6":"13","JW":"13","JQ":"13","Q7":"13"},"58":{"V7":"13","7P":"13","56":"13","XJ":"13","V8":"13"},"RJ":{"FV":"13","CV":"13"},"WH":{"7Q":"13","6Q":"13","7M":"13","7P":"13","JC":"13","8H":"13","6M":"13","6P":"13","2M":"13","9H":"13","MC":"13"},"PG":{"RH":"13","QG":"13","RG":"13","2C":"13","QH":"13","VX":"13"},"5C":{"J3":"13","M3":"13"},"64":{"QJ":"13","RJ":"13","89":"13"},"63":{"2J":"13","2M":"13"},"VH":{"GP":"13","HP":"13","VF":"13","MP":"13","MQ":"13"},"JV":{"F4":"13"},"VJ":{"Q2":"13","R2":"13"},"WG":{"VV":"13","WV":"13"},"6C":{"FF":"13"},"39":{"CJ":"13","99":"13","CM":"13","FJ":"13","9C":"13","FM":"13","VX":"13"},"PC":{"FV":"13","GR":"13","GV":"13","7C":"13"},"54":{"9F":"13","FH":"13","FG":"13","GM":"13"},"4F":{"64":"13"},"74":{"R3":"13","V3":"13","V4":"13","R4":"13"},"32":{"23":"13"},"XP":{"3G":"13","GQ":"13","3F":"13"},"JF":{"43":"13","8H":"13","GV":"13","45":"13","Q2":"13","53":"13","44":"13","GR":"13","9H":"13","55":"13","Q3":"13","54":"13"},"RH":{"X6":"13","R6":"13"},"59":{"H5":"13","J6":"13","J5":"13","H6":"13"},"44":{"HJ":"13","6C":"13","5J":"13","CV":"13","7H":"13","JJ":"13","QX":"13"},"34":{"WV":"13","QQ":"13","2W":"13","RQ":"13","M9":"13","J9":"13","9R":"13","9Q":"13","8C":"13","RP":"13","89":"13","XV":"13"},"45":{"6F":"13","Q8":"13","Q2":"13","Q6":"13","76":"13","Q7":"13","Q9":"13"},"69":{"97":"13"},"99":{"MF":"13","FR":"13","W5":"13","FQ":"13","JF":"13"},"55":{"7F":"13","58":"13","5J":"13","47":"13","57":"13"}},"X8":{"9F":{"FH":"13","FG":"13","CH":"13","CG":"13"},"75":{"3M":"13"},"33":{"GR":"13"},"CH":{"CP":"13","FP":"13"},"7F":{"QM":"13","PM":"13"},"5F":{"W5":"13","V5":"13"},"RP":{"HM":"13"},"22":{"3G":"13"},"99":{"8R":"13"},"X4":{"77":"13","78":"13"},"9G":{"W5":"13"},"JC":{"C2":"13"},"PP":{"5C":"13","4F":"13","4C":"13","5F":"13"}},"M6":{"QJ":{"FX":"13"},"RW":{"9R":"13","8R":"13"},"6Q":{"H5":"13","CH":"13","CG":"13"},"HJ":{"RF":"13","RC":"13"},"69":{"36":"13","46":"13","45":"13","35":"13"},"3V":{"84":"13","95":"13","94":"13"},"38":{"VG":"13"},"75":{"QM":"13","QP":"13"},"RR":{"34":"13","33":"13"},"QM":{"F2":"13"},"PG":{"GG":"13","FG":"13","FF":"13"},"JW":{"G3":"13","H2":"13","H3":"13","G2":"13"},"5W":{"2R":"13"},"2X":{"VP":"13","WP":"13"},"3G":{"M8":"13","P7":"13","P8":"13","M7":"13"},"WG":{"88":"13","89":"13"},"J4":{"4Q":"13"},"77":{"G3":"13","H4":"13","G4":"13","H3":"13"},"WQ":{"MM":"13","PM":"13","MJ":"13"},"WX":{"JP":"13"},"RM":{"6C":"13"},"PR":{"67":"13","68":"13"},"HV":{"9C":"13"}},"2R":{"7M":{"3J":"13","2J":"13","3M":"13","2M":"13"},"RR":{"88":"13","98":"13","97":"13","87":"13"},"3X":{"F8":"13","C9":"13","C8":"13","F9":"13"}},"PC":{"QM":{"R5":"13","V5":"13"}},"23":{"XV":{"P5":"13"},"MX":{"96":"13"},"JV":{"W2":"13"},"HQ":{"9X":"13","9W":"13","8W":"13"},"PG":{"R5":"13","V4":"13","R6":"13","R4":"13","V5":"13"},"VR":{"79":"13","7C":"13"},"VF":{"W5":"13","W7":"13","R6":"13","V6":"13","W6":"13","V5":"13"},"RJ":{"JP":"13","MP":"13"},"PH":{"HJ":"13","HH":"13"},"GM":{"RV":"13","QR":"13","RR":"13","PQ":"13","QQ":"13","PR":"13","QV":"13"},"X9":{"JV":"13","HQ":"13","JQ":"13","JR":"13","HR":"13"},"JR":{"WX":"13"},"WC":{"R8":"13","R9":"13","V8":"13","V9":"13"},"VP":{"6F":"13","5C":"13","4C":"13","5F":"13","6C":"13"},"XC":{"63":"13","73":"13","72":"13","52":"13","53":"13","62":"13"},"VQ":{"8R":"13"},"GJ":{"M9":"13"}},"68":{"W4":{"HW":"13","JW":"13","HV":"13"}},"9X":{"XX":{"2X":"13"}},"M4":{"WJ":{"JV":"13","HV":"13"},"VX":{"J7":"13","M6":"13","M7":"13","J6":"13"}},"VP":{"F3":{"QV":"13"},"G4":{"CR":"13"},"F8":{"RJ":"13"},"GQ":{"J6":"13"},"V8":{"9M":"13"},"CR":{"57":"13","67":"13"}},"6W":{"5P":{"Q3":"13"}},"V9":{"84":{"6H":"13"},"J9":{"5W":"13","72":"13"},"92":{"87":"13"},"XQ":{"74":"13","64":"13"},"RG":{"PH":"13"},"RM":{"HJ":"13","HH":"13","HW":"13","GH":"13","GW":"13","HV":"13","GV":"13"},"QQ":{"G6":"13","H7":"13","R4":"13","R2":"13","G8":"13","G7":"13","Q3":"13","R3":"13"},"RP":{"CW":"13","9W":"13","9V":"13","CV":"13"},"WX":{"8Q":"13"},"JR":{"V7":"13","W7":"13","V8":"13"},"WQ":{"J2":"13"},"VG":{"V9":"13"},"48":{"MM":"13","PM":"13"},"83":{"X3":"13"},"HG":{"JF":"13","7X":"13"},"WP":{"JX":"13"},"RQ":{"QF":"13","QG":"13","FH":"13","CH":"13","CG":"13"},"WC":{"9X":"13","8X":"13"},"J6":{"R3":"13","V3":"13","R2":"13","V2":"13"},"HH":{"72":"13"},"C9":{"Q6":"13"},"W2":{"8J":"13"},"GG":{"58":"13","57":"13"},"MP":{"2P":"13","2M":"13"},"PJ":{"9Q":"13","84":"13","85":"13","8Q":"13","9P":"13","95":"13","8P":"13","94":"13"},"WG":{"CX":"13"},"QP":{"RX":"13"},"V7":{"8M":"13"},"WF":{"82":"13","92":"13"},"54":{"MF":"13"},"2V":{"2W":"13","3X":"13","2X":"13"},"RH":{"85":"13","95":"13"},"VF":{"HM":"13"},"JP":{"XP":"13","Q4":"13","XM":"13","R4":"13"},"XF":{"7W":"13"},"8G":{"23":"13"},"99":{"H4":"13","H3":"13"}},"4Q":{"P6":{"W7":"13","X7":"13","W8":"13","X8":"13"}},"9P":{"2R":{"8V":"13"}},"HJ":{"WW":{"9V":"13","8V":"13"}},"F9":{"9J":{"G9":"13"}},"RF":{"7R":{"X2":"13"},"WP":{"MG":"13"}},"JC":{"V7":{"W4":"13","W3":"13","X3":"13"}},"Q9":{"X8":{"W3":"13","X3":"13"},"V2":{"G7":"13"},"8H":{"PX":"13"},"P3":{"C6":"13","95":"13","96":"13","C5":"13"},"M2":{"96":"13"},"R5":{"J3":"13","3V":"13","J4":"13","3R":"13"},"H2":{"66":"13","55":"13","JJ":"13","56":"13","JM":"13"},"M3":{"HJ":"13","5G":"13","4G":"13","JJ":"13"},"J3":{"V3":"13","W3":"13","2R":"13"},"W6":{"37":"13","47":"13"},"W4":{"5M":"13","6M":"13"},"4Q":{"RX":"13"},"8J":{"HP":"13","P2":"13"},"P4":{"CW":"13","9X":"13","CX":"13"},"64":{"5H":"13"},"RR":{"GM":"13","HM":"13"},"5F":{"83":"13","84":"13","93":"13","94":"13"},"Q6":{"42":"13"},"HC":{"7F":"13","7G":"13"},"J2":{"7F":"13","8F":"13"},"CG":{"XV":"13"},"Q5":{"C7":"13","C8":"13"},"J4":{"7H":"13","7G":"13"},"C7":{"8H":"13"},"JH":{"GF":"13"},"G4":{"77":"13","78":"13"},"X3":{"RR":"13","VR":"13","52":"13"},"26":{"6W":"13"},"JR":{"R3":"13","Q3":"13"},"Q3":{"F5":"13"}},"J8":{"56":{"C6":"13","C7":"13","F7":"13","F6":"13"},"WQ":{"MV":"13","MW":"13"},"X8":{"HJ":"13","HH":"13","FG":"7","GH":"13","GJ":"13"}},"XP":{"8M":{"VG":"13","W2":"13","W3":"13","VF":"13","X2":"13","WF":"13","WG":"13","X3":"13"},"76":{"99":"13","89":"13","9C":"13"},"WR":{"QJ":"13","PJ":"13","RQ":"13","RP":"13","VP":"13","VQ":"13"},"WF":{"7Q":"13"},"HR":{"V3":"13","V4":"13"},"V5":{"5M":"13","5P":"13"}},"FV":{"23":{"GF":"13","GC":"13"}},"WP":{"9Q":{"7X":"13"},"X6":{"VX":"13"},"RM":{"9F":"13","8F":"13","9C":"13","8C":"13"}},"64":{"73":{"5R":"13","5V":"13"},"84":{"3M":"13"},"32":{"QF":"13","4H":"13","5H":"13","QC":"13"},"2P":{"8G":"13","7G":"13"},"52":{"CG":"13"},"5H":{"WX":"13"},"33":{"C3":"13"},"7G":{"42":"13"}},"RR":{"RM":{"M9":"13","M8":"13","P9":"13","P8":"13"}},"52":{"34":{"FR":"13","WJ":"13","WM":"13","CQ":"13","GR":"13","CR":"13"},"58":{"FV":"13","FR":"13","GR":"13","GV":"13"},"62":{"MX":"13","JX":"13"},"MX":{"4H":"13","5H":"13"},"84":{"C2":"13"},"83":{"CX":"13"},"PJ":{"9F":"13"},"P9":{"HW":"13","HV":"13"},"J5":{"7H":"13","8H":"13","7J":"13","8J":"13"},"5Q":{"QX":"13","QW":"13","PX":"13","PW":"13"},"WF":{"9R":"13"},"4G":{"2W":"13"},"3V":{"GF":"13","FF":"13"},"7F":{"86":"13","85":"13","76":"13","96":"13"},"XV":{"67":"13"},"9J":{"84":"13","85":"13","75":"13","74":"13"},"87":{"6X":"13","6W":"13","7W":"13","7X":"13"},"5P":{"QX":"13","PX":"13","22":"13"},"53":{"CC":"13","C9":"13","F9":"13"},"4C":{"CW":"13","FX":"13","CX":"13"},"QW":{"M9":"13","MC":"13"},"78":{"34":"13","44":"13","45":"13","35":"13"},"45":{"QG":"13","QH":"13"},"5M":{"2X":"13"},"79":{"88":"13","99":"13","89":"13"},"RG":{"JF":"13"},"F4":{"VR":"13","WR":"13","5P":"13","4P":"13"},"H5":{"G7":"13","G6":"13"},"8J":{"QJ":"13","QM":"13"},"G4":{"HV":"13"},"JX":{"P9":"13"},"43":{"CP":"13","CM":"13","FM":"13","FP":"13"},"V7":{"2J":"13","2M":"13"},"4M":{"C6":"13","F5":"13","F6":"13","C5":"13"},"44":{"RH":"13","HJ":"13","VJ":"13","HH":"13","RJ":"13","VH":"13"},"29":{"5M":"13","5P":"13","4M":"13","4P":"13"},"FV":{"MH":"13"},"3C":{"G9":"13","GC":"13"},"4F":{"F2":"13","C2":"13"},"96":{"98":"13","97":"13","C7":"13","C8":"13"},"6C":{"F2":"13","F3":"13","C2":"13","C3":"13"},"54":{"J3":"13","J4":"13","M4":"13","M3":"13","XC":"13"},"4V":{"25":"13","35":"13"},"PX":{"G5":"13"},"HP":{"R8":"13"},"QJ":{"GM":"13","HM":"13"},"64":{"FM":"13","FJ":"13","2C":"13","CM":"13","3F":"13","3C":"13","2F":"13","CJ":"13"},"HJ":{"PR":"13"},"6G":{"W9":"13","V9":"13"},"66":{"VJ":"13","RJ":"13","VM":"13","WJ":"13","WM":"13","RM":"13"},"76":{"PJ":"13","MM":"13","PM":"13","JJ":"13","MJ":"13"}},"XF":{"58":{"XG":"13"},"F7":{"J7":"13","J8":"13","M8":"13","M7":"13"},"84":{"5C":"13","59":"13"},"J5":{"MV":"13","JV":"13","JW":"13","MW":"13"},"9C":{"9F":"13","98":"13","C6":"13","97":"13","C7":"13","C8":"13","96":"13","CF":"13"},"47":{"MR":"13","JR":"13"},"H2":{"PC":"13","PF":"13"},"38":{"GR":"13","GV":"13"},"C6":{"RH":"13","QH":"13","22":"13"},"72":{"CW":"13"},"C5":{"2X":"13"},"7F":{"JP":"13","HP":"13"},"88":{"MX":"13","2J":"13","2H":"13","PX":"13"},"9H":{"C6":"13","C7":"13","C8":"13"},"8C":{"54":"13","64":"13"},"78":{"XH":"13","XJ":"13"},"F4":{"HG":"13","JG":"13"},"F2":{"FV":"13"},"CG":{"V9":"13"},"89":{"5M":"13","5P":"13","6M":"13","6P":"13"},"Q9":{"CP":"13","9P":"13"},"8H":{"X9":"13"},"97":{"JC":"13","M9":"13","9X":"13","J9":"13","8X":"13"},"R3":{"QF":"13","QG":"13","RG":"13","PG":"13","PF":"13"}},"X9":{"3Q":{"46":"13","45":"13"},"WH":{"QF":"13","PF":"13"},"R5":{"WR":"13","XR":"13"},"XX":{"HF":"13","HC":"13","GC":"13"}},"65":{"3V":{"PF":"13"},"4V":{"3Q":"13","3P":"13"}},"C4":{"X6":{"55":"13","56":"13"},"H2":{"C3":"13","C4":"13"},"82":{"4J":"13"},"P4":{"J5":"13"},"G2":{"54":"13","44":"13","55":"13"}},"WH":{"XP":{"32":"13","42":"13"},"XM":{"4X":"13"}},"C3":{"86":{"3P":"13","3M":"13","4M":"13","4P":"13"},"H8":{"HP":"13"},"J9":{"8H":"13","FR":"13","CQ":"13","8J":"13","H6":"13","V7":"13","W7":"13","RH":"13","VJ":"13","9H":"13","9J":"13","VH":"13","4F":"13"},"92":{"65":"13"},"HF":{"5X":"13","9M":"13"},"68":{"76":"13","66":"13"},"QC":{"VG":"13","WG":"13","C7":"13"},"QF":{"26":"13","W4":"13","HJ":"13","V4":"13","25":"13","GJ":"13"},"RC":{"Q4":"13","GP":"13","FQ":"13","GQ":"13","JR":"13","HR":"13","FP":"13"},"47":{"4H":"13","5H":"13"},"VG":{"XC":"13"},"9C":{"C6":"13","96":"13","V5":"13"},"X9":{"4W":"13","5W":"13"},"FW":{"RV":"13"},"Q9":{"9C":"13","8H":"13","MR":"13","R2":"13","8J":"13","7H":"13","6W":"13","C4":"13","MV":"13","7J":"13"},"7C":{"82":"13","92":"13"},"Q8":{"98":"13","97":"13","9R":"13","87":"13","RX":"13","RP":"13","CR":"13"},"W7":{"HW":"13"},"JH":{"2C":"13","2F":"13"},"MC":{"GP":"13","HP":"13","J2":"13","77":"13","GQ":"13"},"97":{"26":"13","25":"13"},"WC":{"9X":"13","9W":"13","77":"13","78":"13"},"P2":{"6Q":"13","6R":"13"},"96":{"99":"13"},"P5":{"8C":"13"},"HH":{"XF":"13","XC":"13"},"76":{"RF":"13","VF":"13"},"P7":{"J8":"13","M8":"13","M2":"13","4C":"13"},"RF":{"M5":"13","M4":"13"},"PG":{"P3":"13","P2":"13"},"P8":{"9M":"13","7V":"13","35":"13","7R":"13"},"WG":{"2C":"13"},"P9":{"CP":"13","8V":"13","9P":"13","8W":"13"},"VC":{"87":"13"},"M8":{"H5":"13","WH":"13","72":"13","M9":"13","WG":"13","2H":"13","J5":"13","RC":"13"},"XC":{"49":"13","48":"13"},"8C":{"RJ":"13"},"39":{"Q3":"13"},"C7":{"5R":"13","6R":"13"},"PC":{"W5":"13","X5":"13","X4":"13","5M":"13","G7":"13","4M":"13"},"J8":{"G9":"13"},"M9":{"Q4":"13","R4":"13","94":"13","FC":"13","CC":"13","84":"13","VP":"13"},"87":{"WV":"13"},"JF":{"89":"13","8C":"13"},"22":{"3P":"13"},"88":{"5C":"13","GF":"13","9R":"13","9V":"13","59":"13","CV":"13","6C":"13","CR":"13","GC":"13"},"VF":{"XV":"13","C6":"13"},"MF":{"FC":"13","PQ":"13","PR":"13","GC":"13"},"CF":{"J8":"13","H9":"13","J9":"13"},"99":{"W4":"13","W3":"13","X4":"13","5M":"13","X3":"13"},"37":{"5M":"13","5P":"13","4M":"13","4P":"13"}},"WQ":{"WV":{"54":"13","55":"13","45":"13"},"G9":{"2P":"13"},"VV":{"C3":"13"},"48":{"86":"13","85":"13"},"VR":{"PQ":"13","PR":"13"},"WQ":{"7J":"13","8J":"13"},"R7":{"98":"13","PG":"13","99":"13","PH":"13","9C":"13","MG":"13"},"4M":{"CV":"13","CR":"13"},"2J":{"5W":"13"},"C4":{"75":"13"},"VP":{"5W":"13","6W":"13","5R":"13","6R":"13","7W":"13","6V":"13","7V":"13","6X":"13","5V":"13"},"8P":{"G3":"13","G2":"13"}},"WJ":{"WH":{"J7":"13","J8":"13","H8":"13","G8":"13","G7":"13","H7":"13"},"49":{"5P":"13"},"WJ":{"R3":"13","QJ":"13","QF":"13","PJ":"13","V3":"13","QG":"13","MM":"13","PM":"13","PG":"13","R2":"13","QH":"13","PH":"13","V2":"13","MJ":"13","MH":"13","PF":"13","MG":"13"}},"R5":{"QX":{"49":"13","4C":"13","3C":"13"},"H4":{"58":"13"},"VR":{"XG":"13","XH":"13"},"8V":{"97":"13","95":"13","96":"13"},"FX":{"3J":"13"},"CQ":{"QW":"13"},"QV":{"H9":"13","HC":"13","C8":"13"}},"VF":{"36":{"FV":"13","FR":"13"},"46":{"4Q":"13","4P":"13"},"67":{"Q5":"13","R5":"13","Q6":"13","R6":"13"}},"3R":{"63":{"JW":"13","MW":"13"},"74":{"QJ":"13","RH":"13","RF":"13","QF":"13","QG":"13","VJ":"13","RG":"13","VG":"13","QM":"13","QH":"13","VF":"13","RJ":"13","WJ":"13","RM":"13","VH":"13"},"67":{"2P":"13"},"53":{"P5":"13","Q4":"13","Q5":"13","Q6":"13","P6":"13","P4":"13","M4":"13"}},"2V":{"JC":{"7F":"13","8F":"13"}},"55":{"HG":{"FQ":"13"},"GM":{"72":"13","82":"13","62":"13"},"FM":{"J3":"13","J4":"13","M4":"13","M3":"13"},"CM":{"7F":"13"},"3M":{"M6":"13","M7":"13"},"X2":{"F7":"13","F6":"13","G6":"13"},"36":{"4J":"13","5J":"13","CC":"13"},"GJ":{"7H":"13","99":"13","89":"13","7J":"13","8C":"13","7X":"13"},"HF":{"JP":"13","MP":"13","JQ":"13"}},"8G":{"WX":{"RV":"13"}},"92":{"X3":{"R3":"13","2W":"13","3X":"13","2X":"13","R4":"13","3W":"13"},"Q3":{"J7":"13","M5":"13","M6":"13","P6":"13","M7":"13","J6":"13"},"4W":{"FV":"13","3X":"13","GH":"13","GV":"13"},"RQ":{"C6":"13","96":"13"},"P9":{"X7":"13","X8":"13"},"V3":{"9F":"13","8G":"13","8H":"13","8F":"13","9H":"13","9G":"13","CF":"13"},"X4":{"32":"13","23":"13","22":"13"},"QV":{"X9":"13","X8":"13"},"35":{"PJ":"13","MM":"13","PM":"13","MJ":"13","WX":"13"},"M7":{"M8":"13","P9":"13","P8":"13"},"2X":{"QG":"13"},"HM":{"J7":"13","J8":"13","H7":"13"},"GV":{"RJ":"13","RM":"13"},"W8":{"34":"13","44":"13"},"VP":{"73":"13"},"CF":{"J6":"13","J5":"13"},"GJ":{"XG":"13","WG":"13"},"28":{"98":"13"},"VF":{"MQ":"13"},"RG":{"PJ":"13","MM":"13","PM":"13","MJ":"13"},"MJ":{"66":"13","56":"13"},"36":{"PV":"13"},"R9":{"GP":"13","FQ":"13","GQ":"13","FP":"13"},"WQ":{"Q7":"13"},"V2":{"2R":"13"},"W3":{"XX":"13","F8":"13","G8":"13","G7":"13","F7":"13"},"VC":{"97":"13","C6":"13","C7":"13","96":"13"},"HX":{"VG":"13"},"XP":{"63":"13"},"R4":{"88":"13","98":"13","86":"13","97":"13","CC":"13","87":"13","C9":"13","C7":"13","C8":"13","96":"13"},"G3":{"G4":"13"},"FG":{"JM":"13","HM":"13"},"26":{"58":"13"},"R5":{"8M":"13","H7":"13","8J":"13","H6":"13"},"FV":{"G9":"13","GC":"13"},"4X":{"32":"13","XM":"13","9R":"13"},"W4":{"X2":"13","X3":"13"},"GM":{"VP":"13","WM":"13","WP":"13"},"73":{"5Q":"13"},"3M":{"V5":"13"},"WH":{"M9":"13","P9":"13","PC":"13","MC":"13"},"VQ":{"Q6":"13","P6":"13"},"XG":{"X9":"13","XC":"13"},"HW":{"75":"13"},"R8":{"CX":"13"},"PF":{"CH":"13"},"JJ":{"H5":"13","J4":"13","J5":"13"},"R2":{"XR":"13","7W":"13","8X":"13","7X":"13","8W":"13"}},"XQ":{"8G":{"67":"13"},"HP":{"M3":"13"},"M2":{"CP":"13","FP":"13"},"8J":{"4J":"13","5J":"13","4H":"13","5H":"13"},"CH":{"RC":"13","QC":"13"},"Q7":{"P5":"13","M5":"13"},"WJ":{"2W":"13"},"CG":{"99":"13","FG":"13","89":"13","9C":"13","CG":"13","8C":"13","FF":"13","CF":"13"},"F5":{"46":"13","47":"13"},"PC":{"QX":"13","PX":"13"},"3J":{"QC":"13"},"7J":{"RV":"13","VV":"13","RR":"13","VR":"13"},"88":{"4Q":"13","4R":"13"},"PX":{"9R":"13","9V":"13","8V":"13","8R":"13"}},"3F":{"R6":{"VJ":"13","RJ":"13","VM":"13","RM":"13"},"RM":{"P4":"13","M4":"13","M3":"13","P3":"13"}},"VW":{"F3":{"9W":"13","9V":"13","8V":"13","8W":"13"},"85":{"W8":"13","W9":"13","V8":"13"},"8F":{"2R":"13"}},"P9":{"V4":{"C4":"13"},"8G":{"7X":"13"},"F6":{"WW":"13"},"H2":{"8Q":"13","8R":"13"},"J3":{"58":"13","48":"13"},"M5":{"CC":"13"},"Q2":{"32":"13","22":"13"},"VG":{"MM":"13"},"32":{"QR":"13","RR":"13"},"79":{"MX":"13"},"7C":{"M2":"13"}},"RJ":{"5G":{"R8":"13","Q8":"13"},"6H":{"83":"13","73":"13","84":"13","74":"13"},"6G":{"4X":"13"}},"FP":{"HX":{"JP":"13","JM":"13"}},"V3":{"GR":{"9R":"13","9V":"13"}},"VH":{"FH":{"FJ":"13"},"QQ":{"HH":"13","JV":"13","JH":"13","HG":"13","JR":"13","JG":"13"}},"XM":{"Q3":{"MM":"13","MP":"13","PP":"13"},"F2":{"FC":"13","F9":"13","GC":"13"},"6X":{"3Q":"13","3P":"13","2P":"13","2Q":"13"},"4J":{"33":"13"},"Q5":{"R8":"13"},"8P":{"PV":"13","PW":"13"}},"J9":{"VV":{"V7":"13","W8":"13","V8":"13"},"H9":{"P5":"13","M5":"13","M6":"13","P6":"13","J6":"13","J5":"13"},"59":{"Q3":"13","P3":"13"},"89":{"H8":"13","G8":"13"}},"H7":{"85":{"J4":"13","J5":"13"}},"H2":{"6X":{"52":"13","62":"13"},"2F":{"7Q":"13"},"3M":{"JX":"13"},"3H":{"FQ":"13"}},"83":{"Q3":{"R7":"13"},"X6":{"23":"13","24":"13"},"W4":{"84":"13","74":"13"},"HC":{"W8":"13"},"24":{"4J":"13","5J":"13"},"93":{"9F":"13","8F":"13"},"X3":{"9C":"13"},"56":{"5Q":"13"}},"2H":{"W8":{"HR":"13","GR":"13","HV":"13","GV":"13"}},"VM":{"JP":{"VW":"13","WW":"13"},"8M":{"J2":"13"},"43":{"H8":"13"},"JR":{"QF":"13","PC":"13","PF":"13","QC":"13"},"8J":{"JX":"13"},"7G":{"5C":"13","4F":"13","4C":"13","5F":"13"}},"V8":{"QJ":{"44":"13","43":"13"},"8X":{"FM":"13"},"9F":{"WX":"13"},"MP":{"R9":"13","RC":"13"},"3V":{"7H":"13","5G":"13","6H":"13","6G":"13","5H":"13","7G":"13"},"35":{"52":"13"},"FQ":{"FX":"13","CX":"13"},"33":{"M3":"13"},"25":{"FR":"13","GP":"13","FQ":"13","FP":"13"},"4Q":{"7H":"13"},"PJ":{"X6":"13","X5":"13"},"4V":{"4X":"13","5X":"13","57":"13"},"J9":{"65":"13","64":"13"},"RV":{"VP":"13","VQ":"13"},"23":{"5M":"13","5P":"13","6M":"13","6P":"13"},"93":{"2X":"13"},"7V":{"72":"13"},"4W":{"62":"13","43":"13","53":"13","52":"13","42":"13","63":"13","54":"13"},"JC":{"69":"13","6C":"13"},"PX":{"R3":"13","R2":"13"},"55":{"72":"13","82":"13"}},"8X":{"RW":{"H2":"13"},"PH":{"22":"13"},"P9":{"3J":"13","2J":"13"},"MH":{"X2":"13"},"WW":{"WG":"13","XC":"13","R9":"13","RG":"13","VC":"13","XH":"13","PG":"13","W9":"13","VF":"13","RC":"13","XG":"13","QC":"13","XF":"13","QG":"13","RH":"13","RF":"13","VG":"13","WC":"13","VH":"13","WF":"13","V9":"13"},"XW":{"2G":"13","2H":"13"},"VX":{"G5":"13","MJ":"13","MM":"13","PJ":"13","5X":"13","H5":"13","PM":"13","PH":"13","MH":"13","4X":"13"}},"32":{"WV":{"3V":"13","4W":"13","5W":"13","CM":"13","FM":"13","5V":"13","3W":"13","4V":"13"},"XX":{"H2":"13","H3":"13","J2":"13"},"VW":{"XQ":"13","XR":"13"},"RX":{"MV":"13","MR":"13"},"WX":{"8R":"13","H4":"13","9M":"13","9R":"13","9Q":"13","H5":"13","J4":"13","9P":"13","8M":"13","2G":"13","8Q":"13","J5":"13","8P":"13"},"WW":{"3V":"13","2R":"13","2Q":"13","3R":"13"},"VX":{"XG":"13","WH":"13","XF":"13","WG":"13","XH":"13"}},"8H":{"G2":{"MX":"13"},"JR":{"Q2":"13","P2":"13"},"WW":{"GM":"13"}},"H5":{"Q4":{"35":"13"},"4P":{"J8":"13"},"58":{"MG":"13"},"XW":{"QX":"13","RX":"13"},"V8":{"WH":"13"},"XX":{"Q2":"13","R2":"13"},"X6":{"MQ":"13","JQ":"13"},"29":{"HM":"13"},"W4":{"6V":"13","7V":"13"},"X2":{"GQ":"13"},"R2":{"HJ":"13","HH":"13","JH":"13","JJ":"13"},"6W":{"F7":"13"},"52":{"WM":"13"},"2F":{"98":"13"},"49":{"R3":"13","V3":"13","V4":"13","R4":"13"},"R6":{"QJ":"13","PJ":"13"},"4M":{"98":"13","99":"13","FJ":"13"},"J2":{"5G":"13","5F":"13"},"Q5":{"P9":"13","Q9":"13","QC":"13"},"QR":{"JM":"13","HM":"13"},"V6":{"9X":"13"},"54":{"G9":"13","G8":"13"}},"44":{"62":{"79":"13","VC":"13","V9":"13","C5":"13","C4":"13","7C":"13"},"43":{"P6":"13"},"2C":{"R7":"13","R6":"13"},"65":{"QC":"13"},"F2":{"FG":"13","FF":"13"},"G2":{"39":"13"},"4C":{"GX":"13","HX":"13"},"Q2":{"4J":"13","5J":"13","5M":"13","4M":"13"},"53":{"9M":"13","43":"13","53":"13"},"64":{"GM":"13"},"R7":{"XQ":"13","WQ":"13"},"32":{"HW":"13"},"24":{"M5":"13","M4":"13"},"55":{"VW":"13","WX":"13","WW":"13","VX":"13"},"P2":{"VM":"13"}},"W4":{"6X":{"73":"13","72":"13"},"GP":{"59":"13"},"W7":{"84":"13","85":"13"},"47":{"6F":"13"},"7V":{"P7":"13","M7":"13"},"MH":{"7J":"13"},"48":{"97":"13"},"W6":{"VM":"13","VP":"13","WM":"13","WP":"13"}},"X2":{"58":{"JV":"13"},"84":{"Q4":"13","P3":"13","P5":"13","M4":"13","M3":"13","M5":"13","P4":"13","Q3":"13","J5":"13"},"95":{"87":"13","77":"13"},"33":{"GP":"13"},"C6":{"MV":"13","MW":"13"},"42":{"XP":"13"},"86":{"63":"13","54":"13","64":"13","53":"13"},"5P":{"GR":"13"},"4C":{"CQ":"13"},"H8":{"3W":"5"},"79":{"56":"13"},"HG":{"JF":"13","JG":"13"},"5W":{"83":"13","94":"13","M9":"13","MC":"13","P9":"13","93":"13","PC":"13","84":"13"},"2F":{"CP":"13","CM":"13"},"59":{"9P":"13","9M":"13","4C":"13"},"77":{"HQ":"13","JQ":"13","JR":"13","HR":"13"},"2G":{"77":"13","43":"13","74":"13","MG":"13","75":"13","65":"13","PG":"13","QF":"13","66":"13","53":"13","QG":"13","64":"13","PH":"13","63":"13","76":"13","54":"13"},"25":{"J8":"13","H8":"13","92":"13"},"89":{"CJ":"13"},"4M":{"VV":"13","WV":"13","VW":"13","WW":"13","VX":"13"},"3H":{"38":"13","37":"13","28":"13","27":"13"},"29":{"JG":"13"},"HH":{"MP":"13"},"75":{"3P":"13","4P":"13"},"JC":{"37":"13","JH":"13"},"68":{"9Q":"13","CQ":"13"},"27":{"4J":"13","J3":"13","3J":"13","4H":"13","J4":"13","3H":"13"},"96":{"84":"13","85":"13"},"3F":{"34":"13","8H":"13","24":"13","9J":"13","9H":"13","9G":"13","33":"13"},"4J":{"CQ":"13","CR":"13"},"23":{"R3":"13","9W":"13","8W":"13"},"HJ":{"FQ":"13"},"4Q":{"MV":"13","MR":"13","JR":"13"},"69":{"RV":"13","VV":"13","RR":"13","VR":"13"},"3P":{"M5":"13","M6":"13","J6":"13","J5":"13"}},"J5":{"F5":{"4Q":"13","4R":"13"},"MH":{"G4":"13"},"F7":{"29":"13","28":"13"},"84":{"CJ":"13","CH":"13"},"83":{"HW":"13"},"PJ":{"JX":"13"},"FX":{"X3":"13"},"FC":{"HF":"13","38":"13","48":"13"},"C3":{"7Q":"13","QG":"13","RG":"13","7R":"13"},"GC":{"QH":"13","2C":"13","29":"13","3F":"13","4C":"13","3C":"13","2F":"13","49":"13","PH":"13"},"38":{"QJ":"13","RJ":"13"},"G9":{"73":"13","72":"13"},"GH":{"5R":"13","6R":"13"},"C8":{"73":"13","74":"13"},"C6":{"7H":"13","QR":"13","RR":"13","R9":"13","RC":"13","7G":"13"},"X8":{"32":"13","Q6":"13","22":"13"},"PR":{"56":"13"},"H4":{"32":"13"},"35":{"JP":"13","7H":"13","MP":"13","MQ":"13","JQ":"13","7J":"13","8J":"13"},"M7":{"6V":"13","7V":"13"},"42":{"58":"13","65":"13","68":"13"},"92":{"CR":"13"},"C4":{"RV":"13"},"6X":{"23":"13"},"6R":{"RG":"13"},"87":{"8F":"13"},"46":{"8F":"13","22":"13"},"CF":{"86":"13","85":"13"},"7R":{"FF":"13"},"22":{"P2":"13"},"GW":{"M8":"13","P8":"13"},"78":{"C8":"13"},"JF":{"X9":"13","X8":"13"},"56":{"HJ":"13","GM":"13","J4":"13","GJ":"13","HM":"13"},"45":{"2X":"13"},"F9":{"2J":"13","2H":"13","C4":"13"},"VF":{"RW":"13","VW":"13"},"QG":{"X8":"13"},"79":{"4J":"13"},"RG":{"28":"13"},"JM":{"F2":"13","G2":"13"},"F4":{"F5":"13","JW":"13","G5":"13"},"VG":{"M5":"13"},"G6":{"83":"13"},"F8":{"GG":"13","GF":"13"},"G4":{"RW":"13","VW":"13"},"FH":{"QR":"13","QV":"13"},"PM":{"8G":"13"},"77":{"RV":"13","56":"13"},"WM":{"Q8":"13"},"H6":{"38":"13","37":"13","P4":"13"},"HX":{"M3":"13","P3":"13"},"G3":{"CX":"13"},"Q9":{"RR":"13","68":"13","78":"13"},"26":{"39":"13","38":"13","49":"13","48":"13"},"JG":{"HJ":"13"},"C7":{"73":"13","74":"13"},"9F":{"W2":"13","W3":"13"},"JC":{"CJ":"13","9J":"13"},"98":{"26":"13","36":"13","37":"13","WR":"13","27":"13"},"GX":{"CX":"13"},"X7":{"3X":"13","2X":"13"},"CC":{"9R":"13","8R":"13"},"54":{"F3":"13","C3":"13"},"FF":{"3V":"13","4V":"13"},"97":{"VW":"13","V5":"13"},"C9":{"9F":"13","QF":"13","WH":"13","XH":"13","XJ":"13"},"WG":{"F5":"13","3G":"13","3F":"13","F6":"13","G6":"13"},"RC":{"3V":"13","2V":"13"},"P3":{"WW":"13"},"HW":{"2P":"13"},"23":{"PC":"13","PF":"13"},"6G":{"32":"13","42":"13"},"MF":{"29":"13","28":"13"},"JJ":{"F5":"13","47":"13","JJ":"13","G5":"13","FX":"13","F6":"13","48":"13","G6":"13"}},"2W":{"H2":{"P6":"13"}},"P8":{"83":{"Q6":"13","Q7":"13"},"F3":{"P9":"13","P8":"13"},"97":{"3P":"13","3M":"13"},"W5":{"M7":"13"},"V4":{"99":"13","9C":"13","C9":"13"},"RR":{"CP":"13","CM":"13","9P":"13","9M":"13"},"W3":{"35":"13"},"R7":{"5V":"13"},"59":{"MV":"13","JV":"13","JW":"13","PV":"13","MR":"13","MW":"13"},"49":{"XF":"13"},"89":{"C5":"13"},"R9":{"C6":"13","C5":"13"},"X3":{"8M":"13"},"PC":{"9R":"13"},"XJ":{"FC":"13"},"F4":{"Q3":"13","Q4":"13"},"VP":{"6P":"13"},"Q7":{"QP":"13"},"VX":{"25":"13"},"PF":{"R8":"13","Q8":"13","Q9":"13"},"GJ":{"5W":"13"},"96":{"JV":"13","HV":"13"},"7G":{"89":"13","8C":"13"},"7C":{"5J":"13"}},"VJ":{"VG":{"R9":"13","Q9":"13","RC":"13","QC":"13"},"XJ":{"X3":"13"},"9H":{"8M":"13","7M":"13","7P":"13","8P":"13"},"J9":{"XQ":"13","WR":"13","XR":"13","WQ":"13"}},"8Q":{"M7":{"3Q":"13","2P":"13","2Q":"13"}},"F5":{"P5":{"54":"13","44":"13","45":"13"},"84":{"GF":"13","FF":"13"},"V4":{"6R":"13","7R":"13"},"VM":{"9F":"13","9C":"13"},"G2":{"J7":"13","J8":"13"},"VH":{"G8":"13"},"Q9":{"63":"13"}},"X7":{"Q6":{"WC":"13","W9":"13"},"83":{"HH":"13","HG":"13"},"3X":{"2C":"13"},"7J":{"68":"13","78":"13"},"95":{"5Q":"13","4Q":"13","4R":"13"},"38":{"3M":"13","2M":"13"},"C8":{"QM":"13","QP":"13"},"85":{"9W":"13"},"7F":{"8C":"13"},"P5":{"XP":"13","XQ":"13"},"6M":{"F3":"13","6H":"13"},"6J":{"G7":"13","X3":"13","92":"13","F7":"13","WX":"13"},"2X":{"XC":"13"},"57":{"V2":"13"},"7P":{"4Q":"13","2X":"13","4P":"13"},"6H":{"QF":"13","PC":"13","VQ":"13","PF":"13","QC":"13"},"5P":{"P3":"13","P2":"13"},"WV":{"5X":"13"},"6P":{"R2":"13"},"8C":{"68":"13"},"X5":{"RX":"13","VX":"13"},"79":{"H2":"13","J2":"13"},"7Q":{"22":"13"},"99":{"M7":"13"},"H5":{"PF":"13"},"77":{"99":"13","C9":"13"},"X6":{"H8":"13","G8":"13"},"7G":{"GP":"13","GM":"13","FP":"13"},"Q5":{"2P":"13"},"82":{"99":"13","C9":"13","C8":"13"},"75":{"FC":"13"},"C7":{"MV":"13","HR":"13","MW":"13"},"98":{"MR":"13","JR":"13"},"54":{"HW":"13","GW":"13"},"3M":{"VM":"13"},"7M":{"7Q":"13","7R":"13"},"VQ":{"5G":"13","5F":"13"},"QJ":{"X2":"13"},"6G":{"W3":"13"},"6Q":{"Q9":"13"},"67":{"Q3":"13"},"66":{"XP":"13","XQ":"13","WP":"13"}},"J3":{"FV":{"HQ":"13"},"GG":{"4W":"13"},"9R":{"X6":"13","X7":"13"},"28":{"PV":"13"}},"2J":{"26":{"W2":"13","X2":"13"},"25":{"HJ":"13","HH":"13","XX":"13","GH":"13","WX":"13","GJ":"13"},"24":{"CP":"13","CM":"13","9M":"13"},"35":{"88":"13","89":"13","87":"13","77":"13","79":"13","78":"13"},"CF":{"57":"13","56":"13"}},"MC":{"QF":{"MR":"13"},"85":{"GH":"13","GJ":"13"},"QH":{"76":"13"}},"W3":{"MV":{"66":"13","56":"13"},"F3":{"46":"13"},"HP":{"MV":"13","JV":"13"},"3J":{"7H":"13","8H":"13","7J":"13"},"9X":{"XP":"13"},"7W":{"V6":"13"},"CV":{"45":"13","35":"13"},"CX":{"2P":"13"},"7X":{"P5":"13","P4":"13"}},"P5":{"3R":{"73":"13","Q2":"13","R2":"13","72":"13","82":"13","66":"13","57":"13","56":"13","67":"13"},"XX":{"97":"13","C7":"13","XW":"13"},"8W":{"7H":"13"},"GV":{"QX":"13","PX":"13"},"8R":{"J8":"13"},"6M":{"5M":"13","5P":"13","4M":"13","4P":"13"},"5P":{"57":"13"},"MQ":{"79":"13","7C":"13"},"5R":{"6G":"13","7G":"13"},"GQ":{"85":"13","75":"13"},"6R":{"8X":"13"},"6V":{"82":"13"},"JW":{"5G":"13","6G":"13"},"3Q":{"QX":"13","RX":"13","8X":"13","7X":"13"},"CR":{"9X":"13","8X":"13"},"9W":{"QJ":"13","PJ":"13","QH":"13","PH":"13"}},"W6":{"GP":{"CW":"13"},"C3":{"R4":"13"},"G9":{"8M":"13"},"C5":{"7F":"13"},"C2":{"X3":"13"},"H4":{"6V":"13","5V":"13"},"WX":{"GG":"13","GF":"13","FG":"13","FF":"13"},"88":{"Q6":"13","R6":"13"},"PQ":{"4J":"13","5J":"13"},"9H":{"J7":"13"},"V9":{"HJ":"13"},"7H":{"CP":"13"},"VP":{"8G":"13","56":"13"},"RP":{"WC":"13"},"X5":{"36":"13"},"H8":{"2J":"13","FJ":"13","GJ":"13"},"VJ":{"RR":"13","RQ":"13"},"PG":{"V5":"13"},"HG":{"33":"13"},"59":{"J9":"13"},"WM":{"V2":"13","8J":"13"},"MV":{"65":"13","55":"13","56":"13","W8":"13","W9":"13"},"G3":{"MX":"13","JX":"13"},"QH":{"26":"13","25":"13"},"3J":{"W5":"13"},"F3":{"R3":"13","V3":"13","V4":"13","R4":"13"},"J7":{"45":"13"},"8V":{"95":"13"},"CC":{"5C":"13"},"PH":{"X6":"13"},"3M":{"59":"13"},"WG":{"3X":"13"},"7M":{"3P":"13"},"GF":{"3V":"13"},"RF":{"4V":"13"},"6G":{"P5":"13","M5":"13","M6":"13","P6":"13"},"R2":{"77":"13"}},"93":{"34":{"7H":"13","MH":"13","MG":"13"},"G2":{"7H":"13"},"62":{"6Q":"13","6P":"13"},"63":{"HH":"13","X4":"13"},"83":{"39":"13","38":"13"},"74":{"F2":"13","G8":"13","G7":"13"},"C3":{"RH":"13","R5":"13","QH":"13"},"33":{"X8":"13"},"C8":{"CW":"13"},"65":{"34":"13"},"42":{"26":"13","36":"13","25":"13","24":"13","PP":"13","G2":"13","35":"13"},"V5":{"2W":"13","2V":"13"},"46":{"39":"13","49":"13"},"GR":{"QF":"13","PF":"13"},"F4":{"2C":"13","3C":"13"},"36":{"HF":"13","HC":"13"},"52":{"HH":"13","GH":"13","RC":"13"},"MV":{"JC":"13","MC":"13"},"P8":{"RF":"13","QF":"13"},"43":{"MC":"13"},"55":{"96":"13"},"44":{"F3":"13","F4":"13"},"F3":{"QC":"13"},"75":{"34":"13","39":"13","24":"13","M2":"13","3C":"13"},"32":{"WG":"13","QH":"13","C6":"13","RG":"13","VF":"13","RH":"13","RF":"13","VG":"13","VH":"13","WF":"13","6Q":"13"},"QR":{"QG":"13","RG":"13"},"M3":{"44":"13","43":"13"},"98":{"J8":"13"},"J2":{"GG":"13","P6":"13"},"W7":{"88":"13","98":"13","99":"13","89":"13"},"X7":{"QW":"13","PW":"13"},"54":{"XH":"13"},"73":{"9Q":"13","9R":"13","FX":"13"},"P3":{"5M":"13"}},"49":{"98":{"5G":"13","6G":"13"},"FC":{"9Q":"13","38":"13","8Q":"13","28":"13"},"93":{"RX":"13"},"79":{"53":"13"},"C7":{"58":"13","59":"13","48":"13"}},"G4":{"XF":{"9F":"13","9G":"13"},"J5":{"36":"13"},"Q4":{"XV":"13","WV":"13"},"C3":{"7Q":"13","H8":"13"},"H2":{"X5":"13","X4":"13"},"72":{"X6":"13","X7":"13"},"3V":{"P4":"13"},"C2":{"MJ":"13"},"C4":{"H5":"13"},"MC":{"C3":"13"},"V9":{"G5":"13","G6":"13"},"R7":{"CJ":"13","CP":"13","CM":"13","9P":"13","9M":"13"},"H3":{"42":"13","52":"13","43":"13"},"2M":{"XF":"13"},"R9":{"97":"13"},"G4":{"4J":"13","3J":"13","3M":"13","4M":"13"},"H7":{"R8":"13","R9":"13","V8":"13","V9":"13"},"J3":{"93":"13","C3":"13"},"X6":{"5G":"13"},"94":{"MM":"13","MJ":"13"},"93":{"V4":"13","R4":"13"},"V7":{"MX":"13","89":"13","PX":"13"},"F3":{"W7":"13","XW":"13"},"M3":{"43":"13","53":"13"},"3Q":{"GW":"13","GV":"13"},"R5":{"RH":"13"},"J7":{"HF":"13","JF":"13","HG":"13","JG":"13"},"W6":{"32":"13","33":"13"},"J6":{"VW":"13","V9":"13"},"X7":{"7F":"13"},"M2":{"4X":"13","3X":"13"},"WC":{"FJ":"13"},"R8":{"FQ":"13","CP":"13","3C":"13","3F":"13","CQ":"13","FP":"13"}},"4R":{"GX":{"2H":"13"},"FX":{"M5":"13","XH":"13","J4":"13","M4":"13","J5":"13"}},"37":{"JC":{"HF":"13","4J":"13","5J":"13","JF":"13","JC":"13","HC":"13","3J":"13","6H":"13","4H":"13","5H":"13","3H":"13"},"J9":{"3V":"13","QW":"13","PW":"13","3R":"13"}},"WF":{"65":{"7H":"13","8G":"13","GF":"13","8H":"13","FF":"13","7G":"13"},"QV":{"6X":"13","2C":"13","5X":"13","9P":"13","JX":"13","3C":"13","8P":"13"},"V8":{"43":"13","53":"13"},"HR":{"W6":"13"},"PP":{"MX":"13","JX":"13"},"PQ":{"M2":"13"},"V9":{"Q6":"13","P7":"13","P6":"13"},"W8":{"GF":"13","9R":"13","9V":"13","8V":"13","8R":"13"},"MM":{"XJ":"13"},"22":{"6G":"13","7G":"13"},"QW":{"52":"13","62":"13"},"P2":{"65":"13","66":"13","55":"13","56":"13"},"JQ":{"FH":"13","FJ":"13","GH":"13","GJ":"13","28":"13","27":"13"},"X9":{"64":"13"},"JW":{"GR":"13","22":"13"},"QH":{"8M":"13","3P":"13"},"X7":{"Q5":"13","R5":"13","Q6":"13","R6":"13"},"JP":{"6F":"13","5C":"13","5F":"13"},"WH":{"63":"13","64":"13"},"HQ":{"W7":"13","X7":"13","W8":"13","X9":"13","W9":"13","X8":"13","W6":"13"},"HW":{"X2":"13","X3":"13"},"RF":{"CW":"13"},"HJ":{"8P":"13"}},"W8":{"M8":{"VJ":"13","RJ":"13"},"X9":{"4F":"13","4C":"13"},"X2":{"QX":"13"},"2F":{"2J":"13","2M":"13"},"8C":{"73":"13","74":"13","64":"13"},"56":{"RV":"13","RR":"13"},"H5":{"Q6":"13","R6":"13","Q7":"13"},"89":{"69":"13"},"38":{"P6":"13"},"J4":{"C6":"13"},"GH":{"73":"13","72":"13"},"6J":{"PV":"13","PR":"13"},"3Q":{"HJ":"13","GJ":"13"},"JC":{"26":"13","36":"13"},"7J":{"HJ":"13","JJ":"13","GJ":"13","HM":"13"},"J5":{"9X":"13"}},"G6":{"QG":{"HH":"13"},"44":{"3R":"13"},"MP":{"VW":"13","VX":"13"},"V9":{"MH":"13"}},"JW":{"XM":{"MV":"13","MR":"13"}},"VV":{"XG":{"C2":"13"},"8F":{"V5":"13"},"XH":{"CC":"13","99":"13","89":"13","C9":"13"},"WP":{"H7":"13","H6":"13"}},"43":{"8X":{"R8":"13","Q8":"13","R7":"13","M6":"13","MP":"13","Q7":"13","M7":"13"},"QW":{"QX":"13","PX":"13"},"VM":{"24":"13","Q9":"13","QC":"13"},"PW":{"98":"13","99":"13","R4":"13"},"5X":{"CC":"13","FC":"13","FF":"13","CF":"13"},"5P":{"XV":"13"},"QM":{"VF":"13","W6":"13"},"25":{"HR":"13"},"PP":{"WV":"13","CF":"13"},"XQ":{"9M":"13"},"WJ":{"88":"13"},"3V":{"XR":"13"},"XR":{"FC":"13","QV":"13"},"RM":{"4H":"13"},"RG":{"GX":"13","VV":"13","WV":"13","VR":"13"},"QQ":{"4Q":"13"},"QC":{"8H":"13"},"JX":{"X3":"13"},"6M":{"QQ":"13"},"RP":{"GH":"13"},"XH":{"9M":"13"},"2M":{"2J":"13","2M":"13"},"6J":{"FC":"13","GC":"13"},"3C":{"VR":"13","WR":"13","WQ":"13","VQ":"13"},"47":{"7V":"13"},"7W":{"7J":"13","8J":"13"},"MX":{"5H":"13"},"VP":{"X5":"13"},"GV":{"WF":"13","WG":"13","R9":"13","VC":"13","RC":"13"},"MR":{"7F":"13","7G":"13"},"VG":{"9Q":"13","3V":"13"},"4G":{"CV":"13"},"X9":{"55":"13","56":"13"},"FW":{"77":"13","78":"13"},"4J":{"P9":"13","XH":"13","PC":"13","XJ":"13","Q9":"13","QC":"13"},"CW":{"J3":"13","JH":"13"},"XW":{"5Q":"13","HH":"13","4Q":"13","5P":"13","GH":"13","4P":"13"},"Q8":{"2R":"13"},"9F":{"63":"13","73":"13","72":"13","62":"13"},"WP":{"R8":"13","5J":"13"},"RX":{"P5":"13","Q5":"13","X4":"13"},"6X":{"72":"13","RP":"13","RM":"13"},"WM":{"WV":"13","WR":"13","4Q":"13","64":"13","XR":"13","63":"13","XV":"13","9W":"13"},"5J":{"VJ":"13"},"9W":{"CW":"13","FW":"13","FX":"13","CX":"13"},"6G":{"JF":"13"},"49":{"6F":"13","2R":"13","2V":"13","3R":"13"},"HR":{"3M":"13"},"7X":{"V7":"13","R7":"13"},"WC":{"5G":"13","M9":"13","4G":"13","J9":"13"},"WW":{"V5":"13"},"J6":{"Q2":"13","P2":"13"},"6V":{"74":"13"},"PR":{"JP":"13"},"X5":{"X2":"13","X3":"13"},"HP":{"2H":"13"},"57":{"CH":"13"},"4R":{"H7":"13"},"RJ":{"93":"13","MG":"13"},"9M":{"RW":"13","RX":"13"},"RF":{"JR":"13","HR":"13","HV":"13"},"PG":{"62":"13","W6":"13"},"GP":{"XH":"13","XJ":"13","95":"13"},"RV":{"R5":"13","X2":"13"},"7R":{"RX":"13"},"6H":{"4H":"13"},"MP":{"JF":"13"},"VH":{"FQ":"13"},"4Q":{"MV":"13","MW":"13"},"WV":{"9R":"13","CR":"13"},"JV":{"XV":"13","4X":"13","H9":"13","H8":"13","G8":"13","95":"13","XW":"13"},"VJ":{"VF":"13"},"WG":{"JM":"13","HM":"13"},"CQ":{"F3":"13"},"JW":{"42":"13"},"V5":{"MF":"13","PC":"13","MC":"13"},"MW":{"HH":"13"},"QJ":{"3F":"13"},"Q3":{"H9":"13","MJ":"13","J9":"13"},"8W":{"4R":"13","MR":"13","3R":"13"},"J4":{"73":"13"},"2F":{"83":"13","84":"13","3V":"13","4W":"13","C4":"13","3W":"13"},"3G":{"JH":"13","9C":"13"},"9Q":{"R3":"13","Q3":"13","Q4":"13","CC":"13","FC":"13","R4":"13"},"VW":{"RH":"13","G3":"13","RJ":"13","H3":"13","5H":"13"},"PC":{"8G":"13","CP":"13","8F":"13","7G":"13"},"VV":{"22":"13"},"QX":{"5C":"13","77":"13"},"2G":{"4W":"13"},"PX":{"RC":"13","QC":"13"},"R5":{"HF":"13","JF":"13"},"7G":{"34":"13","44":"13"},"RH":{"3F":"13"},"MV":{"P5":"13","M5":"13","2W":"13","2V":"13"},"5W":{"9F":"13","RW":"13","88":"13","QX":"13","87":"13","RX":"13","QW":"13"},"VF":{"8F":"13","8C":"13"},"PV":{"R4":"13"},"MF":{"GP":"13","FQ":"13","FP":"13"},"CF":{"M5":"13"},"HW":{"QJ":"13","PJ":"13"},"5H":{"PJ":"13","R6":"13"},"V8":{"PJ":"13","4F":"13","PM":"13","3G":"13","4G":"13","3F":"13"},"Q5":{"G6":"13"},"G5":{"CP":"13"},"37":{"MR":"13"}},"G2":{"3X":{"H2":"13","G2":"13","FX":"13"},"72":{"CV":"13"},"X8":{"9R":"13","9V":"13","8R":"13"},"V8":{"W3":"13"},"7P":{"VF":"13"},"6H":{"GP":"13","FP":"13"},"8Q":{"RQ":"13","QQ":"13"},"V5":{"C3":"13","C4":"13"},"V9":{"Q8":"13","Q9":"13"},"4C":{"XQ":"13"},"W8":{"34":"13","44":"13","32":"13","42":"13","43":"13","33":"13"},"2H":{"2W":"13","3X":"13","2X":"13","RX":"13","VX":"13","3W":"13"},"4P":{"FR":"13","GR":"13"},"8G":{"FH":"13","GH":"13"},"X9":{"7F":"13","6F":"13"},"H9":{"MV":"13","PV":"13","MW":"13"},"V4":{"2G":"13"},"3Q":{"H9":"13","H8":"13"},"3W":{"GX":"13","HX":"13"},"7M":{"PP":"13"},"4J":{"P5":"13","M5":"13","P4":"13","M4":"13"},"PF":{"39":"13"},"CQ":{"93":"13","C3":"13","C4":"13"},"MF":{"84":"13","85":"13"},"3P":{"4V":"13"}},"HX":{"3J":{"36":"13"}},"WG":{"WG":{"VM":"13"},"V8":{"2J":"13"},"2M":{"H5":"13","H4":"13","G4":"13","G5":"13"},"3M":{"VP":"13","VQ":"13"},"V3":{"G9":"13","F9":"13"},"R8":{"XJ":"13"},"R2":{"F4":"13","V8":"13","C4":"13"},"MQ":{"XP":"13","XQ":"13"},"89":{"P7":"13","M8":"13","M7":"13"},"95":{"RC":"13","QC":"13"},"7C":{"JJ":"13"},"Q3":{"34":"13","35":"13"}},"8V":{"5W":{"6Q":"13","5P":"13","6P":"13"}},"P6":{"7W":{"V4":"13"},"4W":{"J3":"13","H4":"13","H3":"13","J4":"13"},"3X":{"GX":"13","HX":"13","FX":"13","JX":"13","GW":"13","FW":"13","HW":"13"},"M8":{"8M":"13","9P":"13","9M":"13","8P":"13"},"RX":{"FW":"13","FX":"13"},"H2":{"9C":"13","8C":"13"},"G9":{"Q2":"13","92":"13","P2":"13"},"VR":{"HH":"13","GH":"13"},"QV":{"79":"13"},"V8":{"3V":"13","4V":"13","3W":"13"},"85":{"Q8":"13","Q7":"13"},"WX":{"92":"13"},"92":{"CW":"13"},"CH":{"M9":"13","M8":"13","P9":"13"},"87":{"MX":"13"},"8Q":{"FV":"13","FW":"13","GW":"13","GV":"13"},"V9":{"FG":"13","CG":"13"},"R7":{"8V":"13","75":"13","8W":"13","25":"13","85":"13","9V":"13","26":"13","86":"13","76":"13","9W":"13"},"8R":{"63":"13"},"X5":{"XV":"13","XR":"13"},"WW":{"9X":"13","8X":"13"},"9V":{"5R":"13","6V":"13","6R":"13","5V":"13"},"PW":{"74":"13"},"G6":{"57":"13"},"Q8":{"4C":"13"},"G8":{"54":"13","44":"13","QX":"13","9X":"13","46":"13","55":"13","45":"13","PX":"13"},"X9":{"PV":"13","PW":"13"},"J3":{"RH":"13"},"W9":{"6F":"13","5G":"13","5F":"13"},"H6":{"7R":"13","8R":"13"},"J9":{"84":"13","38":"13","85":"13","95":"13","94":"13"},"JW":{"Q6":"13","Q7":"13"},"5V":{"XP":"13"},"V4":{"X9":"13","XC":"13"},"C7":{"FJ":"13","GJ":"13"},"JC":{"PG":"13"},"98":{"V6":"13"},"CV":{"X4":"13"},"W7":{"R7":"13","Q7":"13"},"QX":{"FQ":"13","59":"13","FP":"13"},"FJ":{"3X":"13"},"J6":{"CJ":"13","CM":"13","9M":"13"},"9R":{"P9":"13","Q9":"13"},"97":{"65":"13","64":"13"},"73":{"G7":"13","F7":"13"},"F6":{"38":"13","37":"13"},"P3":{"RQ":"13","RP":"13"},"P7":{"8M":"13","46":"13","45":"13","8J":"13"},"R8":{"JP":"13","MP":"13","MQ":"13","JQ":"13"},"CQ":{"HH":"13","HG":"13","93":"13","J4":"13","GH":"13","JG":"13","J5":"13"},"7X":{"HH":"13","JH":"13"},"6Q":{"Q5":"13"},"66":{"57":"13","67":"13"}},"H6":{"7Q":{"JV":"13","HV":"13"},"84":{"HF":"13","HG":"13"},"FH":{"M5":"13","M6":"13","P6":"13"},"WR":{"5M":"13","5P":"13","6M":"13","6P":"13"},"3J":{"X2":"13"},"82":{"HJ":"13","JJ":"13"},"R4":{"58":"13"},"X3":{"H8":"13"},"MP":{"J8":"13","J9":"13"},"3H":{"XX":"13"},"F7":{"QG":"13","RG":"13"},"J9":{"5M":"13","5P":"13","4M":"13","4P":"13"},"HM":{"CH":"13","CG":"13"},"C4":{"7F":"13"}},"J7":{"46":{"8H":"13","9J":"13","9H":"13","8J":"13"}},"72":{"G2":{"VX":"13"},"62":{"99":"13","C9":"13"},"MH":{"XX":"13","FW":"13"},"PJ":{"22":"13"},"J5":{"MM":"13","MP":"13"},"95":{"9F":"13","CC":"13","9C":"13","CF":"13"},"H2":{"8C":"13"},"33":{"84":"13","85":"13"},"C6":{"GP":"13","HP":"13","GM":"13","HM":"13"},"XQ":{"JV":"13"},"X8":{"M3":"13"},"CH":{"CC":"13","CF":"13"},"86":{"HH":"13","GG":"13","HG":"13","GH":"13"},"PQ":{"HF":"13","JF":"13","JC":"13","HC":"13"},"MC":{"HX":"13","JX":"13"},"9G":{"8M":"13","7M":"13","7P":"13","8P":"13"},"QQ":{"7J":"13"},"9V":{"39":"13","38":"13"},"MJ":{"X2":"13"},"J3":{"73":"13","74":"13"},"FH":{"MV":"13","PV":"13"},"W9":{"V3":"13","W2":"13","V2":"13"},"M6":{"H4":"13","G4":"13"},"F2":{"M2":"13","P2":"13"},"WM":{"CF":"13"},"V2":{"XR":"13"},"G3":{"W2":"13","V2":"13"},"QH":{"86":"13","96":"13"},"CG":{"MW":"13"},"HH":{"VC":"13","RC":"13"},"HC":{"RW":"13","6J":"13"},"JC":{"GF":"13","GC":"13"},"CV":{"W8":"13","W9":"13","V8":"13"},"PH":{"2X":"13"},"4V":{"M9":"13"},"97":{"3M":"13","4M":"13"},"F6":{"36":"13","35":"13"},"VH":{"49":"13"},"XR":{"C2":"13"},"RF":{"VM":"13","WM":"13"},"X2":{"FC":"13","F9":"13"}},"H3":{"MV":{"97":"13","96":"13"},"26":{"VJ":"13","VH":"13"},"75":{"Q8":"13","Q9":"13"},"32":{"Q6":"13"},"M6":{"M8":"13"},"72":{"26":"13","27":"13"},"R6":{"6M":"13"},"F8":{"H7":"13"},"G7":{"RM":"13"},"MQ":{"X4":"13","X3":"13"},"M7":{"73":"13","72":"13"},"MC":{"4V":"13"},"33":{"CQ":"13"}},"HC":{"2P":{"74":"13"}},"VG":{"Q5":{"QQ":"13"},"3G":{"83":"13","82":"13"},"46":{"67":"13","68":"13"},"HV":{"RC":"13"}},"XV":{"XP":{"7V":"13","7R":"13"},"4J":{"JJ":"13","MJ":"13"},"29":{"C6":"13","F5":"13","F6":"13","33":"13","C5":"13"},"3X":{"75":"13","65":"13","66":"13","56":"13"},"2J":{"P5":"13","Q5":"13","Q6":"13"},"4G":{"36":"13","46":"13","45":"13","35":"13"},"G7":{"XW":"13"},"3W":{"J7":"13","J8":"13","7W":"13","7X":"13","8W":"13"}},"XC":{"QW":{"VJ":"13","RJ":"13","RM":"13"},"8X":{"G9":"13","F8":"13","G8":"13","F9":"13"},"2H":{"JC":"13"},"4P":{"73":"13","CH":"13","CG":"13"},"FX":{"9Q":"13"},"XW":{"W8":"13","VC":"13","W9":"13","V8":"13","V9":"13"},"3M":{"WV":"13"},"2X":{"QP":"13","PP":"13"},"6R":{"QJ":"13","PJ":"13","PH":"13"},"22":{"5Q":"13","3Q":"13","5R":"13","4Q":"13","4R":"13","3R":"13","4V":"13"},"4W":{"V3":"13","W3":"13"}},"P7":{"QW":{"QW":"13","MR":"13","PV":"13","MW":"13","QV":"13","PR":"13","QX":"13","QR":"13","PW":"13","MV":"13","MX":"13","PX":"13"},"35":{"29":"13","2C":"13"},"PW":{"P9":"13","P8":"13"},"5V":{"C2":"13","W6":"13"},"H3":{"82":"13","92":"13"},"86":{"F2":"13","23":"13","22":"13"},"7H":{"FJ":"13","FM":"13"},"FQ":{"X2":"13","X3":"13"},"38":{"44":"13","45":"13"},"25":{"X9":"13","XC":"13"},"62":{"98":"13","V8":"13","V9":"13"},"X3":{"6W":"13"},"PP":{"GP":"13","GM":"13"},"5F":{"GF":"13","GC":"13"},"C5":{"X7":"13"},"HF":{"37":"13"},"P3":{"FH":"13","CH":"13","CG":"13"},"PH":{"G7":"13"},"RM":{"92":"13"},"PM":{"Q3":"13","P3":"13"},"CX":{"Q4":"13","4G":"13"},"JJ":{"8W":"13"},"WX":{"C7":"13","F7":"13"},"QG":{"7J":"13","8J":"13"},"3C":{"H2":"13","R6":"13"},"47":{"XG":"13"},"JR":{"36":"13","2C":"13","2F":"13","3G":"13","2J":"13","46":"13","2G":"13","2H":"13","3H":"13","3F":"13"},"MX":{"WC":"13"},"JG":{"GM":"13","GJ":"13"},"PQ":{"CP":"13","CM":"13","57":"13"},"VP":{"3P":"13","2P":"13"},"G4":{"WF":"13","WC":"13"},"GV":{"MF":"13","JF":"13"},"F5":{"MV":"13","MW":"13"},"V3":{"7Q":"13"},"FV":{"FF":"13","CF":"13"},"98":{"HH":"13"},"2J":{"6M":"13"},"85":{"GX":"13","FW":"13","FX":"13"},"R7":{"46":"13","45":"13"},"FP":{"VM":"13","RP":"13","VP":"13","RM":"13"},"2C":{"88":"13","78":"13"},"HR":{"XG":"13","WH":"13","XF":"13","XH":"13","WG":"13","XJ":"13","XC":"13"},"WW":{"93":"13"},"96":{"VV":"13"},"WR":{"JH":"13"},"Q6":{"PP":"13","PQ":"13","QQ":"13"},"PF":{"R8":"13"},"HH":{"J2":"13"},"76":{"X2":"13","X3":"13"},"57":{"2G":"13"},"RJ":{"9X":"13"},"CJ":{"34":"13","25":"13","24":"13","35":"13"},"W2":{"Q2":"13","R2":"13"},"GQ":{"W4":"13","W5":"13","V4":"13","V5":"13"},"R3":{"29":"13"},"RV":{"5W":"13","5V":"13"},"9J":{"2M":"13"},"HV":{"QJ":"13","QM":"13","PG":"13","RJ":"13","RM":"13"},"VH":{"H5":"13","J5":"13"},"CR":{"XV":"13","XW":"13"},"JW":{"7G":"13","9C":"13","8G":"13","9F":"13","CF":"13","8F":"13","7F":"13","CC":"13","9G":"13"},"MW":{"7F":"13","7G":"13"},"QJ":{"6C":"13","7C":"13"},"Q3":{"X9":"13"},"VW":{"8Q":"13","8P":"13"},"54":{"3G":"13","3H":"13","3F":"13"},"VV":{"G5":"13"},"QX":{"Q3":"13","P4":"13","M8":"13","J5":"13","Q4":"13","P5":"13","M7":"13","Q2":"13","M4":"13","P2":"13","H8":"13","H5":"13","H7":"13","H9":"13","M6":"13","M5":"13","H6":"13","J9":"13","J8":"13","M3":"13","M9":"13","J7":"13","J6":"13","M2":"13","P3":"13"},"74":{"J2":"13","M2":"13"},"32":{"H3":"13","H2":"13","J3":"13","F2":"13","G2":"13","G3":"13","J2":"13","F3":"13"},"HQ":{"PG":"13","PH":"13","MH":"13","MG":"13"},"MV":{"P5":"13","M5":"13"},"22":{"FJ":"13","GJ":"13"},"PV":{"R8":"13","84":"13","Q8":"13","R7":"13","R9":"13","Q7":"13","V8":"13","V9":"13"},"5H":{"HF":"13","HC":"13","GF":"13","GC":"13"},"8J":{"XP":"13","XM":"13"},"75":{"FH":"13","FG":"13","GH":"13"},"69":{"24":"13"}},"M5":{"MH":{"W7":"13","W8":"13"},"5G":{"HJ":"13","JJ":"13"},"GC":{"29":"13","2C":"13"},"7F":{"86":"13","85":"13"},"8F":{"7G":"13","6G":"13","6C":"13","4H":"13","3H":"13","5H":"13","5G":"13","4G":"13","7F":"13","5F":"13","5C":"13","6F":"13","4F":"13"},"6M":{"8M":"13","9M":"13","8P":"13"},"7P":{"68":"13"},"6H":{"MM":"13","PP":"13","MJ":"13"},"5P":{"2C":"13","8H":"13","3C":"13","8J":"13"},"MM":{"QM":"13"},"2H":{"PW":"13"},"JF":{"G7":"13"},"F9":{"89":"13","8C":"13"},"P2":{"WM":"13"},"QM":{"C9":"13"},"VJ":{"69":"13","79":"13","68":"13"},"HG":{"J7":"13","H7":"13"},"2Q":{"F5":"13","F4":"13","C5":"13","C4":"13"},"V2":{"FC":"13","GC":"13"},"2G":{"46":"13","47":"13","56":"13"},"FM":{"XP":"13","XQ":"13","XM":"13","XJ":"13","MC":"13"},"JW":{"97":"13","87":"13"},"FG":{"M5":"13","M4":"13","J5":"13"},"3J":{"7R":"13","8R":"13"},"29":{"97":"13","96":"13"},"3C":{"6R":"13"},"49":{"7F":"13","6F":"13"},"CC":{"5G":"13","7J":"13","4G":"13","6M":"13","4H":"13","7P":"13","6P":"13","5H":"13","7R":"13","2H":"13","8R":"13","5J":"13","8J":"13","3H":"13","3J":"13","8V":"13","8P":"13","8M":"13","3G":"13","7M":"13","4J":"13"},"GM":{"CW":"13","2P":"13","2J":"13","9W":"13","9V":"13","3M":"13","2M":"13","CV":"13"},"FF":{"W2":"13","5J":"13","V2":"13","6M":"13","6J":"13","GW":"13","GV":"13"},"JP":{"5G":"13"},"7M":{"J2":"13"},"4J":{"Q3":"13","R2":"13"},"CM":{"82":"13"},"CQ":{"C2":"13","C3":"13"},"MF":{"2G":"13"},"X2":{"R9":"13","RC":"13"},"6Q":{"W9":"13"}},"GG":{"76":{"44":"13"}},"F7":{"R6":{"68":"13"}},"J4":{"Q8":{"9Q":"13","CP":"13","9P":"13","CQ":"13"},"2V":{"Q8":"13"},"FQ":{"98":"13"},"4Q":{"5J":"13"},"RQ":{"V2":"13"},"3W":{"CV":"13"},"VW":{"R7":"13","R6":"13"},"H4":{"F7":"13","F6":"13"},"C2":{"X9":"13","X8":"13"},"5R":{"66":"13","57":"13","56":"13"},"RR":{"RF":"13","VF":"13"},"9Q":{"JM":"13"},"HC":{"Q9":"13","QC":"13"},"GW":{"5M":"13"},"JC":{"86":"13","85":"13"},"7Q":{"63":"13","54":"13","53":"13"},"V9":{"FG":"13","CG":"13"}},"MG":{"F5":{"XP":"13"}},"78":{"FC":{"W9":"13","V9":"13"}},"42":{"7W":{"Q2":"13","P2":"13"},"PV":{"X9":"13","W9":"13","XC":"13"},"RH":{"X4":"13"},"HF":{"PW":"13","MW":"13"},"PP":{"32":"13"},"MG":{"3V":"13","4R":"13","R9":"13","2R":"13","95":"13","3R":"13","Q9":"13","RC":"13","94":"13","4V":"13","QC":"13"},"PQ":{"X7":"13"},"3R":{"C5":"13"},"MC":{"9P":"13","8P":"13"},"7H":{"X9":"13"},"4P":{"G3":"13","G4":"13"},"QG":{"6C":"13","7C":"13"},"RG":{"GG":"13","GF":"13","FG":"13","FF":"13"},"7V":{"QX":"13","PX":"13"},"2Q":{"V6":"13","W6":"13"},"PM":{"8H":"13"},"QH":{"M9":"13","J9":"13"},"5V":{"54":"13","44":"13","75":"13","65":"13","76":"13","66":"13","55":"13"},"JG":{"HF":"13","84":"13","GG":"13","GF":"13","HG":"13"},"XX":{"7P":"13","8P":"13"},"JC":{"4J":"13","3J":"13","3M":"13","4M":"13","3H":"13","PF":"13"},"XW":{"2Q":"13"},"8H":{"29":"13","28":"13"},"7M":{"CW":"13","FV":"13","FW":"13","CV":"13"},"VH":{"34":"13","23":"13","24":"13"},"QJ":{"55":"13","45":"13"},"RF":{"7J":"13","8J":"13"},"4Q":{"5C":"13","59":"13"},"7X":{"7W":"13","7V":"13","8W":"13"},"6Q":{"7F":"13","6F":"13","6G":"13","7G":"13"}},"45":{"R7":{"C6":"13","C7":"13","F6":"13"},"W7":{"FV":"13","GV":"13"},"X7":{"CJ":"13","CH":"13"}},"62":{"H8":{"HF":"13","GF":"13","HC":"13","GC":"13"},"V5":{"R8":"13","Q8":"13"},"H7":{"85":"13","75":"13"},"QH":{"64":"13"},"74":{"R7":"13"},"MP":{"J7":"13","J8":"13"},"CF":{"JF":"13","JC":"13","MC":"13"},"M4":{"2V":"13"},"XW":{"V7":"13"},"2W":{"CH":"13","9H":"13","CG":"13","9G":"13"},"X6":{"54":"13","44":"13"},"M5":{"69":"13"},"C3":{"5R":"13","4R":"13","5V":"13","4V":"13"},"V3":{"25":"13"},"R2":{"9H":"13","9G":"13"},"M6":{"G9":"13","H9":"13","H8":"13","G8":"13"},"H6":{"F8":"13","C8":"13"},"27":{"56":"13"},"J9":{"3Q":"13","FQ":"13","4Q":"13","CQ":"13"},"QG":{"4W":"13","3W":"13"},"64":{"RR":"13","RQ":"13","VQ":"13"},"RH":{"V2":"13"},"R6":{"CR":"13"},"R7":{"F3":"13","C3":"13"},"X4":{"CC":"13"},"J4":{"XV":"13"},"MH":{"5C":"13","49":"13","PP":"13","MP":"13","MQ":"13","PQ":"13","4C":"13"},"8M":{"VJ":"13","RJ":"13"},"3Q":{"CC":"13"},"Q9":{"F3":"13","C3":"13"},"R3":{"8M":"13","8P":"13"},"P2":{"GP":"13","HQ":"13","GQ":"13"}},"63":{"3X":{"7R":"13","8R":"13"},"V3":{"VM":"13"},"9C":{"7M":"13","6M":"13","6J":"13","7J":"13"},"38":{"4Q":"13"},"R6":{"2H":"13"},"88":{"RC":"13","QC":"13"},"2X":{"4W":"13","3W":"13"},"7P":{"F2":"13","C2":"13"},"6H":{"W2":"13","X2":"13"},"6P":{"RX":"13","VX":"13"},"7H":{"6G":"13","7G":"13"},"5R":{"95":"13","96":"13"},"RP":{"J6":"13","H6":"13"},"H5":{"29":"13"},"8J":{"5C":"13","5F":"13"},"J3":{"5V":"13"},"M6":{"34":"13","33":"13"},"V2":{"32":"13","23":"13","33":"13"},"HH":{"J3":"13","H4":"13","H3":"13","J4":"13"},"HC":{"7M":"13"},"M3":{"WX":"13"},"9F":{"85":"13","75":"13"},"98":{"23":"13"},"3W":{"27":"13"},"8H":{"FJ":"13","FM":"13"},"7M":{"FX":"13","CX":"13"},"4J":{"RH":"13","VJ":"13","RJ":"13","VH":"13"},"6G":{"XX":"13","WX":"13"},"4Q":{"36":"13"},"76":{"88":"13","86":"13","97":"13","87":"13","77":"13","78":"13"}},"MJ":{"V3":{"7H":"13","8G":"13","8H":"13","7G":"13"}},"PH":{"VJ":{"8H":"13","8J":"13"}},"R6":{"58":{"PV":"13","QV":"13"},"63":{"F2":"13","C2":"13"},"84":{"4X":"13","4W":"13"},"RQ":{"76":"13"},"P9":{"6Q":"13"},"FX":{"PM":"13","PP":"13"},"FC":{"7W":"13"},"9P":{"WR":"13","XR":"13"},"VM":{"J8":"13"},"Q7":{"72":"7"},"3V":{"HW":"13","GW":"13"},"HF":{"9J":"13","9H":"13"},"XH":{"CC":"13","5M":"13","5P":"13","4M":"13","4P":"13"},"V8":{"29":"13","2C":"13"},"8F":{"XG":"13","WH":"13","XH":"13","XJ":"13"},"C2":{"39":"13","49":"13"},"42":{"88":"13","98":"13"},"86":{"FJ":"13"},"HM":{"86":"13","96":"13"},"MG":{"2W":"13","2V":"13"},"9H":{"H2":"13"},"3R":{"39":"13","38":"13"},"V5":{"2M":"13"},"7H":{"F5":"13"},"W8":{"8F":"13"},"9G":{"HX":"13","JX":"13"},"2H":{"M8":"13"},"8C":{"WV":"13","WR":"13"},"GW":{"QC":"13"},"7C":{"HF":"13","7Q":"13","GG":"13","8Q":"13","GF":"13","HG":"13"},"56":{"36":"13","37":"13"},"WW":{"67":"13","68":"13"},"5M":{"C4":"13","94":"13"},"4P":{"MJ":"13"},"9V":{"H5":"13"},"79":{"H9":"13","3P":"13","H8":"13","3M":"13"},"5J":{"39":"13","3C":"13"},"W5":{"HC":"13"},"H5":{"2H":"13","3H":"13"},"H7":{"W5":"13"},"59":{"6G":"13","5J":"13","6H":"13","3H":"13","5H":"13","5G":"13","9M":"13","9P":"13","6J":"13","7J":"13"},"M5":{"GP":"13"},"H6":{"V2":"13"},"JX":{"3V":"13","2V":"13","3R":"13"},"W3":{"7Q":"13"},"J8":{"5M":"13"},"JG":{"XV":"13","XM":"13","PV":"13","WM":"13","PR":"13"},"C7":{"VF":"13"},"5C":{"85":"13"},"QC":{"JR":"13"},"G7":{"34":"13","33":"13"},"9F":{"2G":"13","2H":"13"},"FJ":{"Q3":"13"},"6C":{"36":"13","25":"13","46":"13","55":"13","45":"13","56":"13","35":"13","RM":"13","P2":"13"},"3F":{"3V":"13","3R":"13"},"39":{"P7":"13","P8":"13"},"3M":{"R7":"13"},"7M":{"J7":"13","J8":"13","H7":"13"},"4J":{"HF":"13","HC":"13"},"P3":{"GV":"13"},"CM":{"Q9":"13","RC":"13","QC":"13"},"4R":{"R8":"13","R9":"13"},"MQ":{"PG":"13","PH":"13"},"23":{"RW":"13","VW":"13"},"7X":{"WF":"13","WG":"13"},"JH":{"2C":"13","2F":"13"},"69":{"PX":"13"},"76":{"W7":"13","X7":"13"}},"82":{"G2":{"RR":"13","VR":"13","RQ":"13","VQ":"13"},"9Q":{"VM":"13","J4":"13","RP":"13","VP":"13","RM":"13","J5":"13"},"63":{"8V":"13"},"J5":{"RC":"13"},"RV":{"Q4":"13","R4":"13"},"GH":{"6V":"13","7V":"13"},"GG":{"Q5":"13","Q6":"13"},"C8":{"5P":"13"},"65":{"QH":"13"},"4H":{"V6":"13","W6":"13"},"M7":{"CJ":"13"},"88":{"8G":"13","8H":"13"},"6J":{"JG":"13"},"6P":{"49":"13","4C":"13"},"VP":{"2W":"13"},"RJ":{"H7":"13"},"MW":{"7H":"13","6H":"13","6G":"13","7G":"13"},"GR":{"PV":"13"},"RP":{"32":"13","33":"13"},"WW":{"PJ":"13"},"28":{"9M":"13"},"P2":{"MX":"13","JW":"13","JX":"13","MW":"13"},"79":{"QR":"13","QQ":"13"},"CP":{"35":"13"},"JQ":{"68":"13","78":"13"},"M6":{"G2":"13"},"M5":{"GX":"13","6H":"13","5H":"13"},"Q5":{"45":"13","35":"13"},"JW":{"46":"13"},"89":{"7H":"13","7J":"13"},"3H":{"46":"13","56":"13"},"26":{"MR":"13","PR":"13"},"XX":{"Q8":"13","Q9":"13"},"QR":{"MV":"13","JV":"13","MR":"13","JR":"13"},"3Q":{"9F":"13","8G":"13","8F":"13"},"M9":{"MH":"13"},"W7":{"R3":"13","R4":"13"},"XW":{"5V":"13"},"FJ":{"M2":"13","P2":"13"},"49":{"C4":"13"},"3F":{"Q6":"13"},"P3":{"R7":"13","R6":"13","V6":"13","V5":"13"},"VQ":{"C5":"13"},"4R":{"RH":"13","RG":"13"},"2J":{"JP":"13","HQ":"13","HP":"13","JQ":"13"},"MQ":{"7X":"13"},"6F":{"X9":"13","W9":"13"},"64":{"PX":"13","PW":"13"},"23":{"R4":"13"},"CQ":{"QG":"13","PG":"13","QH":"13","PH":"13"}},"Q4":{"HG":{"VG":"13","VF":"13"},"PP":{"2C":"13"}},"W9":{"58":{"Q4":"13","P4":"13","M4":"13","M3":"13","P3":"13"},"4W":{"RH":"13","VG":"13","VC":"13","VH":"13"},"74":{"X6":"13","X7":"13"},"9M":{"8W":"13"},"G9":{"27":"13"},"X4":{"V3":"13"},"8W":{"83":"13","82":"13","93":"13","92":"13"},"35":{"PX":"13"},"9J":{"67":"13","68":"13"},"9H":{"7R":"13"},"4C":{"RF":"13","VF":"13"},"F9":{"X7":"13"},"4P":{"8V":"13","7W":"13","7V":"13","8W":"13"},"QF":{"2J":"13"},"24":{"RJ":"13"},"JM":{"C6":"13","96":"13"},"36":{"P2":"13"},"2W":{"JV":"13","JR":"13"},"G3":{"WF":"13"},"J7":{"J7":"13","M7":"13"},"GM":{"5X":"13"},"PF":{"XH":"13","XJ":"13"},"2P":{"QP":"13","PP":"13","PQ":"13","QQ":"13"}},"WX":{"H2":{"J3":"13","H2":"13","H3":"13","J2":"13"}},"24":{"VM":{"JX":"13"},"PW":{"J7":"13","RF":"13","RC":"13"},"7H":{"5C":"13"},"38":{"CQ":"13","CR":"13"},"WJ":{"GG":"13","3G":"13","P9":"13","2G":"13","Q9":"13","G6":"13"},"C5":{"4Q":"13","4P":"13"},"XR":{"XP":"13","5C":"13","G8":"13","WP":"13"},"GR":{"WF":"13","WG":"13","5F":"13"},"R9":{"83":"13"},"QR":{"CC":"13","5M":"13","RJ":"13","FG":"13"},"W5":{"XV":"13"},"68":{"2G":"13"},"JX":{"WH":"13","VH":"13"},"X6":{"6X":"13","32":"13","5X":"13","X9":"13","W9":"13","22":"13"},"WX":{"VG":"13","Q9":"13"},"XG":{"MH":"13"},"FX":{"XX":"13","JJ":"13","MJ":"13","GH":"13","GJ":"13"},"47":{"GW":"13","GV":"13"},"FC":{"5M":"13","5P":"13","QW":"13","7J":"13"},"JR":{"QG":"13","W8":"13","8J":"13"},"MX":{"CW":"13","FW":"13"},"VP":{"72":"13","82":"13","J2":"13"},"MR":{"78":"13","MG":"13","WH":"13","3M":"13","PG":"13","45":"13","4G":"13","44":"13","89":"13","79":"13","PH":"13","MH":"13","3J":"13","88":"13","55":"13","54":"13"},"Q9":{"HJ":"13","HH":"13","GJ":"13"},"XW":{"98":"13","P6":"13"},"FG":{"J3":"13","H5":"13","M9":"13","J5":"13"},"Q8":{"F8":"13"},"FV":{"R3":"13","V3":"13","V4":"13","C4":"13"},"CG":{"J4":"13"},"F2":{"P5":"13","Q5":"13"},"9F":{"VV":"13","VR":"13"},"85":{"RC":"13"},"WP":{"JJ":"13"},"RX":{"PP":"13","FX":"13"},"W7":{"HC":"13"},"WM":{"5C":"13","X2":"13","5F":"13"},"R7":{"X8":"13","V5":"13","W8":"13","W5":"13","X7":"13","W6":"13","X6":"13","X9":"13","W7":"13","X4":"13","X5":"13","V6":"13"},"HC":{"RF":"13","VF":"13","QP":"13","QQ":"13","MW":"13"},"MC":{"CW":"13","4R":"13","82":"13","92":"13","CV":"13"},"JC":{"Q4":"13","QF":"13","F3":"13","Q5":"13","HP":"13","5H":"13","C3":"13"},"XV":{"MV":"13","6V":"13","7P":"13","4Q":"13","6W":"13","8P":"13","W6":"13","MW":"13"},"97":{"96":"13"},"29":{"63":"13","62":"13"},"2C":{"37":"13","47":"13"},"R8":{"JH":"13","MH":"13"},"HR":{"8G":"13"},"WW":{"VV":"13","J2":"13","95":"13","94":"13"},"HX":{"8M":"13","VR":"13","WR":"13","WQ":"13","VQ":"13","22":"13"},"WR":{"QF":"13","PC":"13","PF":"13","QC":"13"},"GX":{"29":"13","39":"13","2C":"13","CP":"13","5P":"13","3C":"13"},"PR":{"MV":"13","QG":"13","PG":"13"},"X5":{"3X":"13","2X":"13"},"79":{"8P":"13"},"VX":{"JW":"13","HX":"13","JX":"13","VP":"13","WP":"13"},"GF":{"C6":"13","8Q":"13","F6":"13"},"57":{"JP":"13","HP":"13","JM":"13","HM":"13"},"RJ":{"MF":"13","X5":"13","MQ":"13","MR":"13"},"WH":{"P7":"13"},"RV":{"P7":"13","P8":"13"},"FR":{"FV":"13","FW":"13","GH":"13"},"P8":{"FJ":"13","GH":"13","GJ":"13"},"HV":{"RX":"13"},"6H":{"Q3":"13","Q4":"13","P4":"13","P3":"13"},"WV":{"5Q":"13","6Q":"13","QR":"13","CP":"13","QQ":"13"},"CR":{"GP":"13","MG":"13","9F":"13","M8":"13","XJ":"13","FP":"13","44":"13","VM":"13","JG":"13","MH":"13","JH":"13","HQ":"13","96":"13","54":"13"},"JV":{"MX":"13","6W":"13","J4":"13","M4":"13","P3":"13"},"VJ":{"HJ":"13","HH":"13","25":"13"},"JW":{"RF":"13","FR":"13","RG":"13","CR":"13"},"V5":{"RW":"13","QW":"13"},"P9":{"85":"13","75":"13","74":"13","RM":"13"},"2W":{"P2":"13"},"V7":{"26":"13","36":"13","38":"13","37":"13","4Q":"13","25":"13","28":"13","27":"13"},"9Q":{"6W":"13","2V":"13","5V":"13"},"C7":{"9P":"13"},"VW":{"79":"13","22":"13"},"PC":{"9M":"13"},"VV":{"GX":"13","88":"13","QG":"13","QH":"13"},"QX":{"4J":"13","4M":"13"},"9R":{"M5":"13","85":"13","P9":"13","M4":"13","M7":"13"},"XJ":{"9X":"13","9W":"13"},"PX":{"9F":"13","8F":"13","WM":"13"},"9G":{"32":"13"},"7G":{"RQ":"13","VQ":"13"},"JF":{"V3":"13","99":"13","V2":"13","P6":"13","C9":"13"},"FF":{"VG":"13","R6":"13","6H":"13","6J":"13","QW":"13","V6":"13"},"8R":{"R7":"13","HG":"13"},"HW":{"PG":"13","2X":"13","PH":"13"},"5H":{"RH":"13","QG":"13","RG":"13","QH":"13"},"8G":{"QR":"13","GF":"13","H8":"13","JQ":"13","JR":"13","QV":"13"},"V8":{"92":"13"},"69":{"8M":"13","9P":"13","9M":"13","8P":"13"}},"X3":{"64":{"7J":"13","8J":"13"},"G2":{"XF":"13","XC":"13"},"62":{"CM":"13","9M":"13"}},"Q5":{"6X":{"HC":"13","GC":"13"},"2X":{"2W":"13"},"M8":{"VW":"13","VX":"13"},"RX":{"XM":"13","XJ":"13"},"VX":{"2J":"13","2M":"13"}},"PJ":{"37":{"3V":"13","4W":"13","4V":"13","3W":"13"}},"7G":{"Q3":{"W4":"13","W5":"13","V4":"13","J8":"13","J9":"13","V5":"13"},"P3":{"W4":"13","V3":"13","W3":"13"}},"XR":{"WV":{"76":"13","66":"13","77":"13","67":"13"},"Q8":{"G9":"13","H8":"13","G8":"13"},"JV":{"VJ":"13","RJ":"13"},"XQ":{"HH":"13","FH":"13","CH":"13","HG":"13"},"QM":{"WG":"13"},"PM":{"7Q":"13","6Q":"13"},"M9":{"MQ":"13","JQ":"13","JR":"13"},"RQ":{"4P":"13","4Q":"13","28":"13","5M":"13","27":"13","5P":"13","37":"13","5R":"13","36":"13","4M":"13","38":"13","26":"13","6Q":"13","5Q":"13"},"R9":{"7H":"13","6H":"13","6J":"13","7J":"13"},"PP":{"CM":"13"},"MJ":{"VF":"13","VC":"13"},"QW":{"W4":"13","W5":"13","V5":"13"},"MH":{"MX":"13","JX":"13"},"C7":{"99":"13","C9":"13"},"PR":{"Q8":"13","R7":"13","P7":"13","Q7":"13"},"MG":{"VV":"13"}},"G3":{"8V":{"PM":"13","QM":"13","RP":"13","VP":"13","9H":"13"},"38":{"57":"13","67":"13"},"24":{"F6":"13"},"8Q":{"FV":"13","HH":"13","JH":"13","HG":"13","CV":"13","27":"13"},"5Q":{"RF":"13","HR":"13","GR":"13"},"3V":{"99":"13","C9":"13"},"5R":{"V7":"13"},"GR":{"5P":"13","4P":"13"},"3M":{"37":"13","47":"13"},"CX":{"RQ":"13"},"9V":{"MF":"13","36":"13","37":"13","46":"13","47":"13","JG":"13","MG":"13"},"4W":{"Q8":"13","P9":"13","P8":"13","Q9":"13"},"47":{"62":"13"},"PQ":{"V4":"13","X5":"13"},"VG":{"9X":"13","8X":"13"},"3H":{"6V":"13","6W":"13","7W":"13"},"4J":{"MF":"13","PG":"13","MG":"13"},"7Q":{"G9":"13","H9":"13"},"7C":{"3G":"13"},"FV":{"R8":"13"},"6Q":{"Q8":"13","P9":"13","P8":"13","Q9":"13"},"9F":{"4Q":"13","49":"13","4C":"13","WC":"13"},"5J":{"GM":"13"},"3J":{"XP":"13"},"V2":{"9V":"13"},"7V":{"WH":"13"},"WR":{"P8":"13"},"GX":{"W4":"13","V4":"13"},"58":{"HG":"13"},"GQ":{"5Q":"13","5P":"13"},"R3":{"R3":"13","5C":"13","R2":"13","5F":"13"},"4H":{"CW":"13"},"CR":{"84":"13","74":"13"},"JV":{"39":"13"},"CQ":{"5R":"13","6R":"13"},"V5":{"Q4":"13"},"6P":{"9P":"13","9M":"13"},"7P":{"XP":"13","XQ":"13","P7":"13","P6":"13","M7":"13"},"2P":{"QX":"13","QW":"13"},"2F":{"3M":"13","2M":"13"},"JM":{"CJ":"13"},"2V":{"R5":"13","R6":"13"},"8R":{"W2":"13","W3":"13","X2":"13","X3":"13","P2":"13"},"HW":{"Q7":"13"},"6W":{"32":"13","23":"13","P9":"13","PC":"13","33":"13","22":"13"},"5H":{"9Q":"13","8Q":"13","9R":"13","8R":"13"},"56":{"HF":"13"},"69":{"G7":"13"}},"GX":{"WH":{"PV":"13","QV":"13"}},"H9":{"X8":{"9X":"13"}},"6X":{"VJ":{"MF":"13","JF":"13","JG":"13","MG":"13"}},"XH":{"RH":{"F7":"13","F6":"13"},"RF":{"3P":"13","4P":"13"},"98":{"63":"13"},"JV":{"M7":"13"},"XR":{"XQ":"13","XR":"13"},"MH":{"X6":"13"},"WM":{"5Q":"13","4Q":"13","5M":"13","5P":"13","4M":"13","4P":"13"},"VH":{"J2":"13","M2":"13"},"MC":{"26":"13","36":"13","37":"13","27":"13"}},"WV":{"88":{"MX":"13","HW":"13","JW":"13","HX":"13","JX":"13","GW":"13","HV":"13","GV":"13"},"83":{"9F":"13"},"86":{"2H":"13","4P":"13","4J":"13","2M":"13","3M":"13","3H":"13","3P":"13","4M":"13","2J":"13","3J":"13"},"29":{"M2":"13"},"76":{"XH":"13","XJ":"13"},"XM":{"W2":"13","W3":"13","X2":"13","X3":"13"},"89":{"J3":"13","H2":"13","H3":"13","J2":"13","M2":"13","M3":"13"},"HG":{"5P":"13","4P":"13"},"PQ":{"HJ":"13","HH":"13","4W":"13","JJ":"13"},"2H":{"4X":"13","4W":"13","5W":"13","5X":"13"},"MR":{"W4":"13"},"F9":{"Q2":"13"},"9G":{"VP":"13","VQ":"13"},"28":{"MX":"13"},"HV":{"49":"13","48":"13"}},"35":{"3V":{"2W":"13","2V":"13"},"23":{"F3":"13"},"2V":{"XV":"13","XW":"13"}},"M7":{"Q3":{"29":"13","39":"13"},"V7":{"9W":"13","9V":"13"},"GX":{"9W":"13","9V":"13"},"V3":{"7F":"13","6G":"13","7G":"13"},"G4":{"Q2":"13"},"W7":{"92":"13"},"93":{"R5":"13","R6":"13","V6":"13"},"X9":{"5G":"13","5F":"13"},"F4":{"47":"13","57":"13"},"W9":{"MX":"13","PX":"13","MW":"13"},"VC":{"JM":"13","HM":"13"}},"M8":{"C6":{"WR":"13"},"M8":{"R5":"13","V6":"13","V5":"13"},"P5":{"R8":"13","FP":"13"},"H2":{"FV":"13","FW":"13"},"X6":{"PX":"13","PW":"13"},"46":{"9X":"13","CX":"13"},"47":{"83":"13","84":"13","C2":"13","93":"13","92":"13","C3":"13"},"R8":{"G7":"13","H7":"13"},"PQ":{"58":"13","85":"13","75":"13","57":"13","67":"13","68":"13"},"H6":{"63":"13","54":"13","53":"13"},"94":{"CM":"13","9M":"13"},"F9":{"7F":"13","6F":"13","6G":"13","7G":"13"},"Q5":{"X6":"13"},"G8":{"F3":"13","F4":"13","C3":"13","C4":"13"},"V6":{"JJ":"13"},"7J":{"CH":"13","9H":"13"},"J5":{"CV":"13"}},"PG":{"C6":{"X6":"13","X5":"13"}},"34":{"P4":{"Q3":"13","GX":"13","P3":"13"},"83":{"RV":"13","RW":"13"},"3X":{"FJ":"13","FM":"13","7G":"13"},"5G":{"GW":"13","GV":"13"},"9C":{"JC":"13","HC":"13","3C":"13"},"FC":{"7P":"13","6P":"13"},"WF":{"26":"13"},"GH":{"V7":"13"},"C8":{"2V":"13"},"C6":{"G5":"13"},"P5":{"G2":"13"},"4H":{"2W":"13","W5":"13","X5":"13"},"92":{"W2":"13","W3":"13","MQ":"13"},"C4":{"H4":"13","G4":"13"},"Q2":{"25":"13"},"HM":{"7H":"13","7J":"13"},"6H":{"68":"13"},"9J":{"VG":"13","VH":"13"},"6R":{"M7":"13"},"5P":{"QX":"13","VF":"13","QH":"13","PH":"13","VC":"13"},"7H":{"RW":"13","VW":"13"},"6P":{"M3":"13","6C":"13"},"2R":{"5J":"13","G4":"13","G5":"13","6J":"13"},"5H":{"85":"13","4W":"13","5W":"13","95":"13"},"9G":{"XV":"13","69":"13","F8":"13","F9":"13"},"8C":{"9G":"13"},"F9":{"26":"13","25":"13"},"VF":{"JP":"13","X6":"13","HP":"13","X7":"13","JM":"13","HM":"13"},"9V":{"7P":"13","R2":"13","X2":"13","V2":"13"},"P2":{"X5":"13"},"QG":{"X6":"13","X7":"13"},"VJ":{"G4":"13","G5":"13"},"HG":{"2X":"13"},"RG":{"26":"13"},"JM":{"M6":"13","P6":"13","WJ":"13","WM":"13"},"F4":{"JF":"13","JC":"13","RQ":"13"},"F8":{"9P":"13"},"2Q":{"M7":"13"},"PM":{"GX":"13","FX":"13"},"V2":{"34":"13","35":"13"},"X6":{"89":"13"},"94":{"PP":"13","MP":"13","79":"13","7C":"13"},"25":{"XM":"13","P4":"13","XJ":"13","PX":"13"},"R4":{"32":"13","22":"13"},"P8":{"CM":"13","FM":"13"},"43":{"GX":"13","HX":"13"},"FG":{"97":"13","C7":"13"},"3H":{"MP":"13","MQ":"13","XW":"13"},"26":{"M2":"13","P2":"13"},"3J":{"CJ":"13","M5":"13","CM":"13","J4":"13","J5":"13"},"44":{"H2":"13","G2":"13"},"JG":{"38":"13","37":"13"},"9F":{"H7":"13"},"R5":{"F5":"13","F6":"13"},"98":{"XV":"13"},"96":{"XW":"13"},"CC":{"GP":"13","GQ":"13"},"9R":{"RX":"13","VX":"13"},"54":{"MH":"13"},"3F":{"HX":"13"},"8H":{"8M":"13","38":"13","MJ":"13","8J":"13"},"4V":{"6H":"13"},"73":{"7X":"13"},"C9":{"R3":"13","QG":"13","X5":"13","QH":"13"},"3G":{"QF":"13"},"4J":{"QR":"13","PP":"13","5V":"13","4V":"13"},"M2":{"9C":"13"},"2J":{"MM":"13","PM":"13"},"QJ":{"FM":"13","5V":"13"},"6F":{"8M":"13","7M":"13","7P":"13","8P":"13"},"4Q":{"23":"13"},"R3":{"MJ":"13","MH":"13"},"JJ":{"GR":"13"},"R2":{"5W":"13"},"3P":{"W2":"13","V2":"13"},"2P":{"75":"13","3J":"13","74":"13","56":"13"}},"X6":{"FJ":{"QW":"13","PW":"13"},"8X":{"W9":"13","V9":"13"},"9P":{"38":"13","37":"13","FJ":"13","27":"13"},"VM":{"JC":"13","J9":"13"},"35":{"FQ":"13","42":"13","46":"13","GQ":"13","43":"13","WP":"13","9G":"13"},"5X":{"52":"13"},"8P":{"86":"13","87":"13"},"FQ":{"6M":"13","6J":"13"},"7M":{"FR":"13","FQ":"13"},"4P":{"97":"13"},"5P":{"69":"13"},"25":{"VV":"13","WV":"13","VW":"13","WW":"13"},"92":{"5P":"13","4P":"13"},"WJ":{"H9":"13","J9":"13"},"5F":{"Q2":"13","H6":"13","G6":"13"},"5R":{"J6":"13","H6":"13"},"GM":{"RP":"13","VP":"13"},"68":{"PG":"13"},"2M":{"34":"13","35":"13"},"65":{"JP":"13","MP":"13"},"4G":{"2X":"13"},"3H":{"24":"13"},"42":{"VF":"13"},"4J":{"22":"13"},"7Q":{"95":"13"},"GH":{"QM":"13"},"98":{"Q8":"13"},"2J":{"XG":"13"},"5J":{"FC":"13","GC":"13"},"9W":{"XP":"13"},"CV":{"9J":"13"},"49":{"XF":"13"},"82":{"4C":"13"},"GC":{"G9":"13","GC":"13"},"96":{"FV":"13","CV":"13"},"PF":{"PG":"13","MG":"13"},"4R":{"72":"13"},"GQ":{"GF":"13","GC":"13"},"4H":{"53":"13"},"RV":{"FH":"13","FG":"13"},"CH":{"X5":"13"},"FH":{"26":"13","25":"13"},"4Q":{"7X":"13"},"FM":{"2W":"13","3W":"13"},"CR":{"39":"13","FF":"13"},"P9":{"2P":"13"},"XM":{"JV":"13","JW":"13"},"3G":{"XX":"13"},"9Q":{"5V":"13"},"8M":{"JV":"13","JW":"13","J9":"13"},"4F":{"WV":"13","WR":"13"},"74":{"R6":"13"},"XJ":{"M3":"13"},"JF":{"HQ":"13","GQ":"13"},"RH":{"HC":"13"},"PV":{"6Q":"13"},"XF":{"M5":"13","M6":"13"},"8F":{"P5":"13","M5":"13","M6":"13","P6":"13"},"7F":{"GX":"13","GW":"13"},"8J":{"5Q":"13","36":"13","4Q":"13","5P":"13","46":"13","4P":"13"},"75":{"4M":"13","4P":"13"}},"7R":{"WV":{"43":"13","53":"13"}},"V7":{"H5":{"XV":"13","WV":"13","WW":"13"},"X2":{"XG":"13"},"P6":{"6X":"13","H8":"13","H7":"13"},"F4":{"QJ":"13","QH":"13"},"V5":{"5Q":"13","PQ":"13","QQ":"13"}},"54":{"34":{"8V":"13","7V":"13","7R":"13"},"X3":{"3M":"13"},"Q4":{"7J":"13","8J":"13"},"95":{"XV":"13","3Q":"13","3P":"13","PW":"13","MW":"13","4P":"13"},"H2":{"QM":"13","CR":"13"},"GG":{"VV":"13","32":"13","42":"13","VW":"13","43":"13","33":"13"},"Q7":{"G9":"13","C6":"13","H9":"13","F6":"13"},"HF":{"F6":"13"},"WR":{"JH":"13","JG":"13"},"C4":{"8Q":"13"},"Q2":{"5R":"13","7R":"13"},"M4":{"6F":"13"},"W2":{"XJ":"13","WJ":"13"},"V9":{"R9":"13"},"J4":{"H2":"13"},"GJ":{"J4":"13"},"JF":{"9V":"13","8V":"13"},"VV":{"8V":"13","7V":"13","7R":"13","8R":"13"},"Q8":{"QG":"13","RG":"13"},"J3":{"FV":"13"},"V2":{"XP":"13","2W":"13","3X":"13","2X":"13","6R":"13"},"W3":{"XC":"13"},"R4":{"JP":"13","HP":"13"},"V6":{"W5":"13","X5":"13"},"JG":{"29":"13","2C":"13"},"75":{"RV":"13","QW":"13","QV":"13"},"XX":{"3W":"13"},"M3":{"VX":"13"},"JC":{"6X":"13"},"96":{"W3":"13"},"G5":{"7P":"13","6P":"13"},"M2":{"WF":"13"},"R3":{"J4":"13"}},"W2":{"XF":{"34":"13","23":"13","24":"13","33":"13"},"Q4":{"6F":"13","6G":"13"},"R6":{"Q6":"13","Q7":"13"},"X8":{"2W":"13","6V":"13","5V":"13"},"H4":{"2C":"13","JF":"13"},"V5":{"JF":"13"},"V9":{"P8":"13"},"J4":{"69":"13"},"F2":{"CW":"13"},"XC":{"WG":"13","QH":"13","WH":"13","RG":"13","PG":"13","QF":"13","PF":"13","QG":"13","RH":"13","VG":"13","VH":"13"},"X6":{"3V":"13","2V":"13"},"J9":{"3V":"13"},"V7":{"8P":"13"},"G3":{"XF":"13"},"V6":{"JH":"13","MJ":"13","MH":"13","MG":"13"},"QC":{"RX":"13"},"M3":{"57":"13","56":"13"},"R5":{"R5":"13"},"CV":{"6X":"13"},"W7":{"CJ":"13","FX":"13","F6":"13"},"W4":{"4Q":"13"},"X7":{"WH":"13","VG":"13","WG":"13","VH":"13"},"P3":{"XW":"13"}},"Q7":{"5G":{"R8":"13"},"4G":{"9C":"13"},"H4":{"C4":"13"},"2X":{"MV":"13","JV":"13","JW":"13","MW":"13"},"57":{"X6":"13","X5":"13"},"9J":{"54":"13"},"GV":{"WV":"13","JV":"13"},"6P":{"W6":"13"},"F9":{"72":"13"},"2M":{"36":"13","35":"13"},"24":{"H8":"13","G8":"13","G7":"13","H7":"13"},"F8":{"4J":"13","5J":"13","5M":"13","4M":"13","7X":"13"},"WM":{"23":"13"},"XC":{"C6":"13","C5":"13"},"JX":{"84":"13","75":"13","74":"13"},"HX":{"2W":"13"},"43":{"H2":"13","G2":"13"},"R5":{"XG":"13","XF":"13"},"3C":{"93":"13","92":"13","C3":"13"},"GQ":{"C6":"13","C7":"13","F7":"13","F6":"13"},"HQ":{"RF":"13"},"64":{"34":"13","44":"13","45":"13"},"P7":{"P9":"13"}},"WR":{"5C":{"7G":"13"},"4G":{"29":"13","39":"13"},"FX":{"49":"13"},"4C":{"PV":"13","PW":"13"},"3F":{"88":"13","69":"13","58":"13","89":"13","79":"13","6C":"13","68":"13","78":"13","7C":"13"},"CV":{"R3":"13"}},"73":{"W2":{"MQ":"13","MR":"13"},"X4":{"C3":"13"}},"9M":{"76":{"4J":"13"},"FW":{"Q3":"13","Q4":"13"}}}}