{"index":{"university,1|retail,2|tourism,3|wreck,4|historical,5|artsCulture,6|namedBuilding,7|water,8|wetland,9|park,10|beach,11|natureReserve,12|cemetery,13|trail,14":{}},"68":{"FJ":{"78":{"P2":"13"},"43":{"XG":"13","XH":"13"},"74":{"CW":"13","CX":"13"},"3V":{"5J":"13"},"6C":{"32":"13","42":"13"},"83":{"MQ":"13"},"33":{"M9":"13","MC":"13"},"3H":{"CX":"13"},"8F":{"M4":"13"},"48":{"QM":"13","RM":"13"},"4C":{"77":"13","67":"13"},"6R":{"HG":"13","JG":"13"},"4M":{"5C":"13","6C":"13"},"69":{"4X":"13","3X":"13"},"72":{"G9":"13"},"24":{"88":"13"},"9J":{"MR":"13"},"76":{"QM":"13"}},"8X":{"4X":{"FC":"13","FG":"13","FF":"13"},"72":{"F3":"13","C3":"13","C4":"13"},"3C":{"MV":"13"},"43":{"XG":"13"},"23":{"93":"13","94":"13"},"32":{"HX":"13"},"V5":{"H8":"13"},"8J":{"CM":"13","6W":"13","7W":"13"},"CP":{"3F":"13"},"HX":{"55":"13"},"MX":{"JQ":"13"},"25":{"Q4":"13","R4":"13"},"28":{"F3":"13"},"3J":{"M9":"13","J9":"13"},"HG":{"2F":"13"},"W6":{"J2":"13"},"9G":{"M8":"13"},"GF":{"5Q":"13"},"MR":{"2F":"13","3G":"13","2G":"13","3F":"13"},"99":{"4F":"13","4G":"13"},"X5":{"86":"13","85":"13"},"VR":{"GW":"13"},"RG":{"5R":"13","6R":"13"},"MG":{"3G":"13","4G":"13","3H":"13"},"FJ":{"MV":"13"},"9H":{"Q2":"13","P2":"13"},"49":{"7W":"13"},"CF":{"84":"13"},"58":{"8Q":"13","8P":"13"},"F4":{"6W":"13"},"J3":{"24":"13"},"MV":{"5J":"13","6J":"13"},"HC":{"CM":"13","FM":"13"},"4P":{"6R":"13"},"G5":{"GG":"13"},"GG":{"XF":"13"},"42":{"83":"13","93":"13","7W":"13","7X":"13","94":"13"},"FM":{"P4":"13","M3":"13"},"WR":{"VG":"13","WG":"13"},"5P":{"XP":"13","XQ":"13"},"FP":{"PC":"13","QC":"13"},"3G":{"5J":"13","5H":"13"},"FG":{"4R":"13","4V":"13"},"7M":{"R5":"13","R6":"13","V5":"13"},"34":{"F5":"13","F6":"13"},"93":{"MX":"13","MW":"13"},"VG":{"69":"13","6C":"13"},"J9":{"GH":"13"},"G8":{"MH":"13","MG":"13"},"QV":{"GM":"13","GJ":"13"},"52":{"8G":"13","PW":"13"},"M2":{"55":"13"},"54":{"RP":"13","Q9":"13"},"7C":{"4V":"13"},"HJ":{"F5":"13","F6":"13"},"7X":{"PH":"13"},"69":{"7H":"13"},"MC":{"QR":"13","QQ":"13","PR":"13"},"33":{"H2":"13"},"8G":{"M8":"13"},"37":{"V3":"13","V4":"13"},"Q2":{"RV":"13"},"78":{"36":"13","46":"13","45":"13","35":"13"},"F8":{"2X":"13","2R":"13"},"J7":{"M8":"13","P8":"13"},"65":{"PM":"13"},"6G":{"JP":"13","HQ":"13","JQ":"13"},"6C":{"WQ":"13","WP":"13"},"GQ":{"MV":"13","PR":"13"},"QH":{"HJ":"13","GM":"13","HM":"13"},"WM":{"RW":"13","82":"13","QW":"13","QV":"13"},"X8":{"78":"13"},"Q8":{"J3":"13","J4":"13"}},"8V":{"MX":{"8V":"13"},"MH":{"99":"13"},"GP":{"J7":"13"},"47":{"3P":"13","2P":"13"},"33":{"4J":"13"},"GH":{"35":"13"},"72":{"V3":"13","V4":"13"},"PR":{"XR":"13"},"8F":{"8M":"13","9J":"13","8J":"13"},"XV":{"6W":"13","7W":"13"},"86":{"8X":"13"},"6X":{"32":"13"},"HM":{"8V":"13"},"WV":{"W5":"13","V5":"13"},"MC":{"J8":"13","H9":"13","H8":"13","J9":"13"},"JF":{"8W":"13"},"7C":{"VP":"13","WP":"13"},"GJ":{"QJ":"13","PJ":"13","HX":"13","JX":"13"},"VJ":{"J4":"13"},"HG":{"Q3":"13"},"MJ":{"R3":"13"},"JQ":{"7M":"13","7P":"13","6P":"13"},"8J":{"5Q":"13","5R":"13"},"WQ":{"G9":"13","H9":"13","C2":"13","92":"13"},"FH":{"X8":"13"},"PM":{"88":"13","87":"13","CH":"13"},"29":{"HH":"13"},"3Q":{"V5":"13"},"XW":{"GP":"13","GQ":"13","FP":"13"},"GM":{"H2":"13","J2":"13"},"FR":{"W4":"13","V4":"13"},"VH":{"JV":"13","H4":"13","PQ":"13","JR":"13","QQ":"13"},"23":{"XG":"13","XH":"13"},"4Q":{"84":"13","85":"13","95":"13","48":"13","94":"13"},"JH":{"HF":"13","PG":"13"}},"9P":{"Q4":{"4Q":"13","4R":"13"},"38":{"4Q":"13","4R":"13"},"QM":{"GR":"13","8W":"13"},"CH":{"27":"13"},"QP":{"C6":"13"},"FW":{"F8":"13","F9":"13"},"GW":{"H5":"13"},"F6":{"3G":"13"},"J5":{"GH":"13"}},"5V":{"Q4":{"3Q":"13","4X":"13","3P":"13","6R":"13"},"Q8":{"84":"13","85":"13"},"X7":{"RV":"13","VV":"13"},"FQ":{"32":"13","42":"13"},"W9":{"29":"13","39":"13"},"8F":{"X6":"13","W6":"13"},"28":{"GF":"13","FF":"13"},"JP":{"3M":"13"},"FV":{"JQ":"13","JR":"13"},"MC":{"HR":"13"},"W7":{"68":"13"},"98":{"G3":"13"},"RV":{"25":"13","35":"13"},"7V":{"XX":"13"},"6P":{"5C":"13"}},"86":{"MM":{"9G":"13"},"9M":{"VC":"13"}},"4X":{"J2":{"GM":"13","FM":"13"},"8V":{"V2":"13"},"8P":{"P4":"13"},"H8":{"7Q":"13","7P":"13","5P":"13","4P":"13"},"W9":{"5G":"13","5H":"13"},"8Q":{"22":"13"},"X3":{"V4":"13","X2":"13","R4":"13"},"WJ":{"JC":"13","HC":"13","J9":"13"},"C5":{"4J":"13","5J":"13","5M":"13","4M":"13"},"HF":{"C4":"13"},"QV":{"R7":"13","R6":"13"},"W5":{"65":"13","92":"13"},"73":{"W9":"13","V9":"13"},"WX":{"29":"13","2C":"13","4F":"13","4C":"13"},"6J":{"MM":"13","PM":"13"},"4W":{"6F":"13","5C":"13","5F":"13","6C":"13"},"5G":{"M2":"13"},"Q4":{"9H":"13"},"4G":{"6G":"13","7G":"13"},"9C":{"M9":"13","M8":"13","P9":"13"},"X2":{"XX":"13","WX":"13"},"V3":{"58":"13"},"7C":{"VW":"13","VX":"13"},"CG":{"Q4":"13","P3":"13","P4":"13","MV":"13","4F":"13","Q3":"13","R3":"13"},"RX":{"7H":"13"},"Q2":{"3X":"13"},"CV":{"2R":"13","2Q":"13"},"72":{"95":"13"},"J6":{"FV":"13","FW":"13","GW":"13","GV":"13"},"WR":{"CM":"13"},"GF":{"RQ":"13"},"PG":{"FV":"13"},"GP":{"G6":"13"},"6H":{"CC":"13"},"4Q":{"8V":"13","8R":"13"},"CQ":{"M9":"13","P9":"13"},"4M":{"W8":"13","X8":"13"},"6P":{"PJ":"13","VG":"13","VF":"13","WF":"13","WG":"13"},"2P":{"28":"13"},"F9":{"VW":"13"},"9H":{"2M":"13"},"M9":{"88":"13","78":"13"},"87":{"46":"13"},"7G":{"8M":"13","9M":"13","8P":"13"},"FF":{"JF":"13","JC":"13"},"J3":{"RW":"13"},"8F":{"X4":"13"},"CC":{"V2":"13"}},"7H":{"2J":{"W2":"13","V2":"13"},"6W":{"7Q":"13","7P":"13"},"2H":{"WX":"13"}},"5X":{"HG":{"G6":"13"},"Q8":{"P4":"13","M4":"13"},"XC":{"G5":"13","G6":"13"},"MR":{"HQ":"13","HR":"13"},"2M":{"RF":"13"},"CV":{"GG":"13","PG":"13","MG":"13"},"3H":{"WJ":"13"},"8W":{"C9":"13","C7":"13","C8":"13"},"59":{"8M":"13","9M":"13"},"5P":{"F7":"13","F6":"13"},"3G":{"4J":"13","5J":"13"},"VG":{"JW":"13"},"PC":{"89":"13"},"VJ":{"32":"13","33":"13"},"P7":{"P5":"13"}},"8P":{"MX":{"HR":"13","GR":"13"},"4W":{"6F":"13","6G":"13"},"9M":{"Q4":"13"},"FC":{"42":"13"},"H2":{"9F":"13"},"VR":{"Q8":"13","Q7":"13"},"72":{"VM":"13"},"PR":{"4C":"13"},"85":{"G3":"13","H3":"13"},"WX":{"26":"13"},"6J":{"VV":"13","VR":"13"},"7P":{"6V":"13","7V":"13"},"9J":{"4F":"13","4C":"13","3C":"13","3F":"13"},"M4":{"Q3":"13","Q4":"13"},"GR":{"WW":"13"},"F9":{"4X":"13"},"28":{"XX":"13","WX":"13","WW":"13","XW":"13"},"8J":{"5M":"13","6M":"13","6J":"13"},"Q5":{"Q9":"13","QC":"13"},"P8":{"FV":"13","FR":"13","GR":"13","GV":"13"},"QX":{"PV":"13","QV":"13"},"GQ":{"83":"13","93":"13"},"9R":{"58":"13","85":"13","47":"13","57":"13","48":"13"},"WG":{"3X":"13"},"4R":{"4J":"13","3J":"13"}},"7M":{"4X":{"JR":"13","HR":"13"},"G4":{"FV":"13","GV":"13"},"MH":{"73":"13","74":"13"},"MG":{"JW":"13"}},"4P":{"XG":{"CC":"13","CF":"13"},"WV":{"86":"13","85":"13","95":"13","96":"13"},"4Q":{"MP":"13","MQ":"13"},"VM":{"93":"13","92":"13"},"CQ":{"Q8":"13","Q9":"13"}},"93":{"5Q":{"6Q":"13"},"7X":{"3G":"13","2G":"13"}},"3R":{"RW":{"QP":"13"},"X4":{"XG":"13","XH":"13"},"G4":{"WR":"13","WQ":"13"},"W8":{"6P":"13"},"V8":{"WJ":"13"}},"C6":{"59":{"65":"13","66":"13","55":"13","56":"13"},"64":{"QJ":"13","PJ":"13","PH":"13"},"4C":{"F8":"13"},"3F":{"QJ":"13","QG":"13","QH":"13","PH":"13"},"3R":{"RR":"13","VR":"13","JC":"13"},"4V":{"5H":"13"},"7G":{"FV":"13","CV":"13"}},"84":{"J7":{"4J":"13","3J":"13","3M":"13","4M":"13"}},"25":{"4W":{"2C":"13","2F":"13"},"8G":{"JP":"13","MM":"13","MP":"13","JM":"13"},"3W":{"XF":"13","WF":"13","WC":"13","XC":"13"}},"24":{"45":{"WH":"13","XH":"13"}},"8Q":{"G6":{"WH":"13"},"W2":{"69":"13"},"HM":{"X3":"13","M2":"13","P2":"13"},"JJ":{"3Q":"13","3P":"13","2P":"13"},"C2":{"FV":"13","CV":"13"},"MC":{"5P":"13"},"VM":{"29":"13","39":"13"},"CC":{"J7":"13","H8":"13","H7":"13"},"P9":{"JH":"13","JJ":"13"},"X5":{"J4":"13","J5":"13"},"9J":{"7F":"13","8F":"13"},"G4":{"QG":"13","RJ":"13","49":"13","RM":"13"},"7Q":{"CG":"13","9G":"13"},"54":{"53":"13"}},"92":{"78":{"W2":"13","X2":"13"}},"5Q":{"XQ":{"G3":"13","H3":"13"},"CW":{"8M":"13","8J":"13"},"JM":{"M2":"13"},"JJ":{"GP":"13","GJ":"13","FP":"13"},"GR":{"F5":"13","68":"13","78":"13"},"9V":{"86":"13","85":"13","95":"13","96":"13"},"7X":{"G3":"13","F3":"13","G4":"13","F4":"13"},"CJ":{"9P":"13"},"2R":{"H2":"13","H3":"13","G2":"13"},"9W":{"RF":"13","VF":"13","VC":"13","RC":"13"}},"5F":{"5G":{"X5":"13","X4":"13"}},"3V":{"J3":{"2P":"13"},"WP":{"M4":"13"},"V3":{"Q3":"13","P3":"13"},"5G":{"GF":"13"},"JP":{"JV":"13","JW":"13"},"5C":{"4R":"13"},"JQ":{"Q2":"13"},"GH":{"7M":"13"}},"5R":{"F7":{"VW":"13","WX":"13","WW":"13"},"6C":{"3Q":"13","4Q":"13","3P":"13","4P":"13"},"H2":{"J2":"13","95":"13","96":"13"},"8C":{"VV":"13","VR":"13"},"R6":{"9C":"13"},"7X":{"2F":"13","3G":"13","2G":"13","3F":"13"},"6X":{"VJ":"13","GF":"13","PW":"13","FF":"13","GC":"13"},"C4":{"CW":"13","9W":"13"},"G7":{"6J":"13","53":"13"},"WF":{"WC":"13","VC":"13"},"Q9":{"4H":"13"},"HF":{"X2":"13"}},"HF":{"G3":{"3M":"13"}},"9V":{"7F":{"F8":"13","J2":"13","F7":"13"},"5R":{"6F":"13","7M":"13","7P":"13","6C":"13"},"4W":{"J4":"13"},"75":{"2C":"13","3C":"13"},"65":{"R8":"13","XQ":"13","R7":"13","PH":"13","WQ":"13"},"6M":{"7Q":"13","8Q":"13","7R":"13","8R":"13"},"6P":{"P7":"13","P8":"13"},"3M":{"RV":"13","RW":"13"},"6J":{"3V":"13","3W":"13"},"4M":{"4Q":"13","4R":"13"},"5V":{"8M":"13","7M":"13","3J":"13","7J":"13","8J":"13"}},"Q7":{"GX":{"2C":"13"},"W4":{"83":"13","82":"13"},"JJ":{"7C":"13"},"FW":{"WV":"13"},"FX":{"XF":"13","XC":"13"},"GW":{"2V":"13"}},"6M":{"5R":{"FW":"13","FX":"13"},"C2":{"82":"13"},"47":{"CX":"13"},"C7":{"F5":"13","G5":"13","F6":"13","G6":"13"},"48":{"F2":"13","C2":"13"},"5V":{"P5":"13","PJ":"13","M5":"13","QH":"13","PH":"13"}},"3F":{"XX":{"3Q":"13","4Q":"13","3P":"13","4P":"13"},"WX":{"GG":"13","HG":"13","GH":"13"}},"CP":{"9Q":{"C8":"13"},"9X":{"CV":"13","P2":"13","CR":"13"},"G7":{"X9":"13","W8":"13","W9":"13","X8":"13"},"FW":{"67":"13"},"7V":{"75":"13","76":"13"},"CX":{"Q4":"13"},"8C":{"32":"13"},"8J":{"JG":"13"},"4V":{"XP":"13"},"H6":{"QH":"13"}},"6J":{"HG":{"5M":"13","4M":"13"},"GP":{"W8":"13","W9":"13"},"6G":{"C9":"13","C8":"13","F9":"13"},"FG":{"H3":"13","3V":"13","2W":"13","J3":"13","3X":"13","W4":"13","3W":"13","4V":"13","W3":"13","4W":"13","X3":"13"},"M8":{"WX":"13"},"FJ":{"83":"13","84":"13","74":"13"},"5W":{"FH":"13","FG":"13"},"VC":{"QX":"13"},"VF":{"V4":"13"},"GG":{"7V":"13"},"M9":{"W2":"13"},"R6":{"C9":"13"},"99":{"R8":"13","R7":"13"},"CC":{"XR":"13"},"97":{"W2":"13","V2":"13"},"VJ":{"G9":"13"},"GH":{"XV":"13","WR":"13","3G":"13","2G":"13","XR":"13","2H":"13","3H":"13","27":"13"},"G4":{"GG":"13","FH":"13","FG":"13"},"6J":{"VP":"13","WP":"13"},"3J":{"89":"13"},"FH":{"H6":"13"},"J5":{"4R":"13"}},"4W":{"Q3":{"8Q":"13","9P":"13","8P":"13"},"84":{"HC":"13"},"GH":{"H2":"13"},"GG":{"X7":"13","X8":"13"},"VW":{"C9":"13","C8":"13"},"R6":{"FP":"13"},"2X":{"3J":"13","3M":"13","2M":"13"},"C4":{"R9":"13"},"XJ":{"R8":"13","Q8":"13","VM":"13","95":"13","94":"13"},"GV":{"RG":"13"},"8Q":{"F6":"13","G6":"13"},"W8":{"HR":"13"},"78":{"5G":"13","5F":"13"},"H3":{"GP":"13","FQ":"13","GQ":"13","FP":"13"},"24":{"GP":"13"},"G6":{"H2":"13"},"43":{"VP":"13"},"JV":{"V7":"13"},"89":{"QG":"13"},"75":{"HQ":"13","HP":"13"},"WJ":{"24":"13"},"3Q":{"5V":"13"},"JR":{"JC":"13"},"49":{"9X":"13"},"VX":{"56":"13"},"WG":{"HJ":"13","JJ":"13"},"WC":{"4J":"13","4M":"13"},"WH":{"Q4":"13","76":"13","66":"13","77":"13","67":"13"}},"FC":{"XR":{"5Q":"13","6Q":"13","5R":"13","6R":"13"},"VP":{"M6":"13","P7":"13","P6":"13","M7":"13"}},"7W":{"QW":{"83":"13","73":"13","84":"13"},"G8":{"MX":"13"},"J9":{"5X":"13"},"PP":{"XG":"13"},"HF":{"59":"13"},"QV":{"2W":"13"},"P6":{"7F":"13","XM":"13","8F":"13","XJ":"13"},"H6":{"XP":"13","XQ":"13"},"H2":{"4R":"13","4V":"13"},"CM":{"P5":"13","M5":"13"},"JG":{"85":"13","95":"13"},"65":{"JM":"13"},"Q4":{"Q4":"13","P4":"13"},"V6":{"68":"13"},"G3":{"W6":"13"},"FG":{"M5":"13","M6":"13"},"F2":{"29":"13","39":"13"},"HG":{"9R":"13","CR":"13"},"MC":{"6V":"13"},"8H":{"CM":"13"},"GC":{"CJ":"13","93":"13"},"Q6":{"2J":"13","2M":"13"},"HH":{"42":"13","43":"13","33":"13"},"GF":{"6G":"13"},"C2":{"VJ":"13","VM":"13"},"XX":{"PR":"13"},"CR":{"43":"13"},"JW":{"9M":"13"},"F9":{"XW":"13"},"C7":{"PF":"13"},"M9":{"8M":"13"},"JF":{"WH":"13"},"75":{"97":"13"},"45":{"3C":"13"},"37":{"H5":"13","H6":"13"}},"CM":{"HG":{"G9":"13","F8":"13","G8":"13","F9":"13"},"WG":{"2H":"13"},"8X":{"GQ":"13"},"G9":{"63":"13"},"MG":{"X5":"13"},"QQ":{"HM":"13"},"X6":{"2C":"13","2F":"13","3C":"13"},"W6":{"QJ":"13","QM":"13","RJ":"13","RM":"13"},"7M":{"9Q":"13","9P":"13"},"29":{"V3":"13"},"R8":{"J7":"13"},"6M":{"5W":"13","5X":"13"},"5M":{"WG":"13"},"W3":{"CW":"13","FW":"13"},"2X":{"VJ":"13","VM":"13"},"WJ":{"98":"13"},"QX":{"VH":"13"},"RJ":{"XV":"13"},"VJ":{"5J":"13","5H":"13"},"F3":{"MV":"13","MW":"13"},"RM":{"PM":"13"}},"5G":{"W4":{"95":"13","96":"13"},"38":{"24":"13"},"F5":{"72":"13"},"X4":{"63":"13","73":"13","72":"13","53":"13","62":"13"},"VM":{"M2":"13","M3":"13","P3":"13","P2":"13"},"8V":{"4R":"13"},"F4":{"MH":"13","7X":"13"},"W9":{"7Q":"13","6Q":"13","6R":"13","7R":"13"},"28":{"X4":"13"}},"3W":{"QW":{"P6":"13"},"H7":{"6X":"13","5X":"13"},"Q8":{"88":"13"},"G5":{"2J":"13"},"FX":{"MV":"13","MR":"13"},"CM":{"QH":"13","PH":"13"},"3H":{"CJ":"13"},"8W":{"HH":"13","GH":"13"},"HM":{"36":"13","37":"13"},"VR":{"4X":"13"},"CH":{"FG":"13"},"6R":{"HR":"13"},"9V":{"76":"13"},"VG":{"G3":"13","F3":"13"},"GF":{"79":"13"},"J5":{"F7":"13"},"8P":{"83":"13","84":"13"}},"3Q":{"5Q":{"QH":"13","PH":"13","GJ":"13"},"7Q":{"8M":"13","7M":"13","F6":"13","G6":"13"},"7P":{"R8":"13"},"6H":{"PJ":"13"},"2V":{"W8":"13"},"GC":{"2G":"13","2H":"13"}},"Q4":{"8M":{"84":"13","85":"13"},"VV":{"M5":"13","W5":"13","Q5":"13","M6":"13","P6":"13","J6":"13","C4":"13"},"WV":{"84":"13"},"RR":{"VR":"13"},"XR":{"WV":"13","9W":"13","7X":"13"}},"4G":{"V2":{"MX":"13","QX":"13","QW":"13","PX":"13","PW":"13","MW":"13"},"FJ":{"5J":"13","5H":"13"},"8W":{"VG":"13","WG":"13"}},"9C":{"C2":{"5X":"13"}},"3H":{"76":{"6X":"13","5X":"13"},"FG":{"F2":"13"},"WG":{"HF":"13","HC":"13"},"2R":{"MF":"13","JF":"13","JC":"13","VP":"13","VQ":"13"},"77":{"52":"13","62":"13"},"2Q":{"CJ":"13"},"C8":{"86":"13","95":"13","96":"13"},"C3":{"39":"13","38":"13","49":"13","48":"13"},"5F":{"5Q":"13","4Q":"13","5P":"13","4P":"13"},"FF":{"FX":"13"}},"42":{"Q4":{"W5":"13","V5":"13"}},"Q9":{"59":{"23":"13","24":"13"},"2G":{"8F":"13"},"92":{"MV":"13","HR":"13"},"7C":{"P4":"13","J9":"13"}},"4J":{"7M":{"XG":"13","XF":"13","WF":"13","WG":"13"},"R6":{"3J":"13","3M":"13"},"MG":{"3V":"13","FG":"13","2V":"13","C3":"13","CG":"13","FF":"13","C4":"13"}},"7Q":{"Q6":{"GP":"13","FQ":"13","GF":"13","GQ":"13","FP":"13","FF":"13"},"X3":{"75":"13","65":"13"},"84":{"MX":"13","PX":"13"},"9M":{"48":"13"},"C3":{"49":"13"},"38":{"9C":"13"},"35":{"FH":"13","FG":"13"},"92":{"VF":"13","WF":"13","VC":"13"},"2H":{"2C":"13","3C":"13"},"P6":{"W4":"13","W5":"13","X5":"13","X4":"13"},"VV":{"CC":"13","H9":"13","JC":"13","HC":"13","9C":"13","J9":"13"},"28":{"F2":"13","C2":"13"},"W5":{"5Q":"13"},"F8":{"8W":"13"},"59":{"QJ":"13","PJ":"13","QH":"13","PH":"13","77":"13"},"J8":{"CJ":"13","CH":"13"},"QH":{"V3":"13","F3":"13","W2":"13","W3":"13","V2":"13","F4":"13"},"FG":{"HJ":"13","HH":"13","JH":"13","JJ":"13"},"3J":{"QM":"13","RM":"13"},"44":{"GC":"13"},"96":{"GW":"13"},"CC":{"CV":"13"},"73":{"57":"13","67":"13"},"C9":{"FW":"13","GW":"13"},"7M":{"6F":"13","5F":"13"},"4J":{"PW":"13","MW":"13"},"XG":{"7H":"13","JV":"13","MR":"13","JR":"13","7J":"13"},"HJ":{"3G":"13","3F":"13"}},"M2":{"95":{"7F":"13","6F":"13","3X":"13","2X":"13","PV":"13","PW":"13"},"96":{"32":"13"}},"V3":{"8G":{"X6":"13","X5":"13","9C":"13"},"4G":{"QF":"13"},"2G":{"95":"13","96":"13"},"7G":{"MF":"13","HF":"13","JF":"13","GF":"13"}},"2X":{"XP":{"XF":"13","WF":"13","XC":"13"},"R8":{"3M":"13","2M":"13"},"MF":{"VW":"13","WW":"13"},"P5":{"5M":"13","3G":"13"},"HF":{"JP":"13","HQ":"13","JQ":"13"},"VV":{"G9":"13","GC":"13"},"M5":{"Q6":"13","R6":"13"},"WV":{"FH":"13","CH":"13"},"QM":{"G7":"13","H7":"13","G6":"13"},"PM":{"C9":"13"},"R2":{"HF":"13","GF":"13","M9":"13","MC":"13"},"JF":{"W7":"13","X7":"13","W8":"13","4V":"13","X8":"13"},"XX":{"69":"13"},"GF":{"HW":"13","HV":"13"},"5W":{"QR":"13"},"PH":{"6G":"13"},"JH":{"PQ":"13"},"VW":{"W2":"13"},"59":{"JH":"13"},"89":{"HW":"13"},"VM":{"3F":"13"},"MJ":{"49":"13"},"JG":{"7M":"13","8H":"13","7V":"13","7R":"13","7J":"13","8J":"13"},"J9":{"RF":"13","RG":"13"},"RC":{"8Q":"13","8R":"13"},"G6":{"F5":"13","F4":"13"},"4P":{"C6":"13","C7":"13"}},"FG":{"R2":{"P8":"13"},"23":{"75":"13","76":"13"}},"Q8":{"FQ":{"JR":"13"},"M6":{"98":"13","99":"13"},"CV":{"C8":"13"},"P3":{"QR":"13","QQ":"13"}},"CG":{"7F":{"M9":"13","J9":"13"},"4J":{"39":"13","49":"13"},"FQ":{"9H":"13"},"FG":{"63":"13","53":"13"},"55":{"QX":"13","RX":"13"}},"83":{"VG":{"6X":"13","5X":"13"},"VR":{"GV":"13"},"VH":{"52":"13","62":"13"}},"6Q":{"R4":{"CP":"13","CM":"13"},"HJ":{"P3":"13"},"XP":{"MP":"13","MQ":"13"},"XH":{"C6":"13","C7":"13"},"PG":{"65":"13","64":"13"},"X2":{"W4":"13"},"HM":{"W8":"13","V8":"13"},"FC":{"WP":"13"},"VM":{"3V":"13","3R":"13"},"MQ":{"G4":"13"},"P9":{"F5":"13","F4":"13","C5":"13"},"7R":{"3V":"13","4W":"13","4V":"13","3W":"13"},"JC":{"P7":"13","Q7":"13"},"CJ":{"7F":"13","6F":"13","6C":"13","7C":"13"},"FH":{"VM":"13","RM":"13"},"5Q":{"M9":"13"}},"2J":{"28":{"Q9":"13"},"22":{"X6":"13"}},"6X":{"Q3":{"5H":"13"},"X3":{"29":"13","2C":"13"},"J5":{"92":"13"},"GG":{"P2":"13"},"P5":{"4J":"13","RM":"13"},"57":{"5W":"13"},"4C":{"QM":"13"},"JF":{"F8":"13"},"X5":{"W3":"13","X3":"13"},"HG":{"WH":"13","WG":"13"},"JM":{"5J":"13","6H":"13","6J":"13","5H":"13","4P":"13"},"F4":{"HQ":"13"},"RG":{"FV":"13"},"R9":{"83":"13","73":"13","72":"13","82":"13"},"H9":{"X6":"13","X5":"13"},"M5":{"CC":"13","FC":"13"},"W3":{"X9":"13"},"G3":{"XM":"13"},"W7":{"VR":"13"},"VX":{"Q3":"13"},"F6":{"9C":"13"},"8M":{"33":"13"},"WP":{"Q4":"13"},"R8":{"HH":"13","HG":"13"},"FW":{"3J":"13"},"2P":{"32":"13","33":"13"}},"MC":{"R5":{"V7":"13","V6":"13"},"V5":{"QX":"13","QW":"13","PX":"13","PW":"13"}},"5J":{"77":{"R2":"13"},"9F":{"R5":"13","V5":"13"},"V3":{"MH":"13"},"CH":{"J3":"13","J4":"13"},"52":{"2W":"13"},"42":{"XW":"13"},"GW":{"HR":"13","GR":"13"},"J4":{"5P":"13","4P":"13"},"RJ":{"CJ":"13","CM":"13","9J":"13","9M":"13"},"MH":{"GM":"13","HJ":"13","HM":"13","7W":"13","7X":"13","GJ":"13","4F":"13"},"X3":{"FJ":"13","FM":"13"},"76":{"RX":"13","VX":"13"}},"9W":{"43":{"6V":"13"},"4P":{"4V":"13"},"3M":{"83":"13","93":"13"},"3X":{"65":"13"},"46":{"36":"13"},"45":{"WV":"13","WW":"13","XW":"13"},"48":{"6M":"13","6J":"13"},"3F":{"83":"13"},"37":{"W8":"13","X8":"13","H6":"13"},"64":{"QX":"13"},"36":{"6X":"13","8M":"13","RF":"13","VF":"13","PP":"13","MP":"13","JX":"13","VC":"13","RC":"13","8J":"13"},"3J":{"JP":"13","HQ":"13","W2":"13","V2":"13","JQ":"13"},"2R":{"R4":"13"}},"7J":{"HF":{"F7":"13"},"83":{"83":"13"},"GF":{"QF":"13","QG":"13","PG":"13","WF":"13","WC":"13","PF":"13"},"3G":{"8G":"13","8H":"13","9J":"13","9H":"13","9G":"13"},"2G":{"V3":"13","V4":"13","R4":"13"}},"2R":{"74":{"H2":"13","J2":"13"},"FM":{"JF":"13","JG":"13"},"VV":{"8M":"13","7M":"13","7J":"13","8J":"13"},"FX":{"QW":"13","QV":"13"},"MJ":{"G4":"13"},"MM":{"J6":"13"},"QV":{"M9":"13","P9":"13"},"QC":{"78":"13"},"J8":{"24":"13"},"7F":{"7F":"13","8F":"13"},"JF":{"FM":"13"},"89":{"J2":"13"},"GF":{"95":"13","94":"13"},"PM":{"99":"13"},"GH":{"JV":"13","JR":"13","HR":"13","HV":"13"},"79":{"JW":"13"},"RW":{"59":"13","7X":"13"},"9W":{"6X":"13"}},"6R":{"FR":{"H4":"13","H3":"13"},"2W":{"CP":"13","RQ":"13","QQ":"13"},"8V":{"7W":"13","7V":"13"},"55":{"2C":"13","76":"13","46":"13","47":"13","77":"13"},"V5":{"RW":"13","VW":"13"}},"97":{"H7":{"GP":"13","HP":"13"},"Q4":{"9X":"13"},"R4":{"79":"13"},"XW":{"XF":"13"},"F2":{"VW":"13","WW":"13"},"PF":{"QF":"13","QC":"13"},"85":{"G9":"13"},"GW":{"V2":"13"},"89":{"C4":"13"},"Q5":{"92":"13"}},"6G":{"RW":{"R7":"13","R6":"13"},"JV":{"W6":"13"},"JR":{"GP":"13","GQ":"13"},"MW":{"38":"13","37":"13","28":"13","27":"13"}},"95":{"RW":{"V3":"13","V2":"13"},"97":{"97":"13","C7":"13"},"VG":{"R5":"13","V4":"13","R4":"13","V5":"13"},"R7":{"7P":"13","H3":"13","6P":"13"}},"94":{"4X":{"RW":"13"},"2C":{"J7":"13","H7":"13"},"F6":{"7Q":"13","8Q":"13","7R":"13","8R":"13"}},"82":{"W4":{"94":"13"},"V3":{"G9":"13","F8":"13","G8":"13","F9":"13"},"4W":{"45":"13"},"V2":{"42":"13","52":"13"},"CV":{"97":"13"}},"2H":{"CJ":{"QF":"13","RF":"13","Q6":"13","Q7":"13"},"FC":{"83":"13"},"WF":{"VC":"13"},"57":{"4C":"13"}},"7X":{"H3":{"PQ":"13","HR":"13"},"W9":{"PJ":"13","PH":"13"},"C5":{"GJ":"13"},"XR":{"W4":"13","X4":"13"},"V4":{"RH":"13"},"RM":{"4G":"13","4H":"13"},"RG":{"5C":"13","59":"13"},"P6":{"PC":"13"},"M4":{"3R":"13"},"R6":{"MX":"13","MW":"13"},"W5":{"7F":"13","6F":"13"},"73":{"7C":"13"},"J5":{"FC":"13"},"X6":{"2W":"13","P2":"13"},"XH":{"Q2":"13"},"3F":{"45":"13","35":"13"},"JG":{"QJ":"13","PJ":"13"},"X4":{"9Q":"13","3G":"13","3F":"13"},"MR":{"9Q":"13"},"F5":{"VH":"13"},"F7":{"4F":"13","3F":"13"},"7C":{"VH":"13"},"W3":{"4J":"13","FJ":"13","4H":"13","GJ":"13"},"Q8":{"3W":"13"},"85":{"2R":"13"},"Q2":{"FH":"13"},"9W":{"2H":"13"},"C4":{"G5":"13"},"P2":{"P9":"13","PC":"13"},"53":{"58":"13"},"R4":{"CC":"13","FC":"13"},"P5":{"75":"13"},"X5":{"JV":"13","JW":"13","2X":"13"},"HH":{"RR":"13","VR":"13"},"77":{"W3":"13"},"C2":{"QG":"13","PG":"13"},"W2":{"QJ":"13","QM":"13"},"R3":{"RQ":"13","P4":"13","QQ":"13","M4":"13"},"XX":{"Q3":"13"},"H5":{"4X":"13"},"CH":{"9V":"13"},"VH":{"VC":"13","V9":"13"},"FM":{"CJ":"13","9J":"13"},"V5":{"34":"13","33":"13"},"M3":{"72":"13","62":"13"},"VC":{"37":"13","47":"13"},"P4":{"X9":"13","XC":"13"},"G7":{"M8":"13"},"WF":{"P9":"13","P8":"13"},"9Q":{"4X":"13","3X":"13"},"54":{"88":"13","78":"13"},"5M":{"8G":"13","7G":"13"},"78":{"P9":"13"},"M7":{"9Q":"13","G9":"13","9R":"13","CQ":"13","CR":"13"},"R5":{"RR":"13","RQ":"13"},"89":{"VX":"13"},"36":{"XP":"13"},"6W":{"7M":"7","6M":"7"},"XF":{"VV":"13","VW":"13"},"75":{"39":"13"},"6F":{"MV":"13","JV":"13"}},"72":{"JC":{"63":"13","53":"13"}},"GC":{"3V":{"RV":"13","RW":"13","QR":"13","RR":"13","PV":"13","QW":"13","PW":"13","QV":"13"},"2W":{"HF":"13","JF":"13","HG":"13","PV":"13","JG":"13"},"VR":{"49":"13"},"PH":{"7Q":"13"}},"3J":{"J6":{"6H":"13"}},"V2":{"P4":{"JF":"13"}},"96":{"PG":{"GF":"13","GC":"13"}},"7V":{"QP":{"75":"13","76":"13","M3":"13","P3":"13"},"85":{"JG":"13"},"C4":{"5J":"13","5M":"13"},"GV":{"7H":"13","7J":"13"},"5R":{"98":"13","29":"13","39":"13","38":"13","99":"13","89":"13","FJ":"13","28":"13"},"JF":{"H5":"13","H6":"13"},"F9":{"VJ":"13","VM":"13"},"CP":{"GW":"13"},"36":{"W5":"13","V5":"13"},"9W":{"RW":"13"},"CR":{"89":"13"},"25":{"83":"13","73":"13","72":"13","82":"13","56":"13"},"R4":{"G3":"13","G4":"13","F6":"13"},"JV":{"5R":"13","4R":"13"},"HV":{"R3":"13","RF":"13","M8":"13"},"XW":{"Q6":"13","P7":"13","F8":"13","Q7":"13"},"6C":{"XF":"13","WF":"13"},"9R":{"CH":"13","9H":"13"},"GM":{"PM":"13","PP":"13"},"R3":{"W4":"13"}},"Q6":{"VQ":{"7H":"13","QF":"13","QG":"13","7G":"13"},"QW":{"MX":"13","MW":"13"},"R9":{"VC":"13","V9":"13"},"VV":{"44":"13","45":"13","8X":"13","7X":"13"},"QM":{"CW":"13"},"QQ":{"H8":"13","G7":"13","2Q":"13","H7":"13"},"PV":{"4R":"13","3R":"13"},"HR":{"R3":"13","Q6":"13","P6":"13"},"RQ":{"7P":"13","76":"13","66":"13"},"RC":{"VJ":"13","QM":"13","VM":"13","WJ":"13","WM":"13"},"MW":{"XG":"13","XF":"13","GC":"13","G6":"13"},"QV":{"V7":"13","W7":"13"},"VW":{"M5":"13","HH":"13","PM":"13","GH":"13","M4":"13","JG":"13"},"PQ":{"RQ":"13","QP":"13","RP":"13","QQ":"13","P3":"13"},"P4":{"6F":"13"},"QG":{"VG":"13","VF":"13","WF":"13","WG":"13","PC":"13","VC":"13","QC":"13"},"PR":{"83":"13","XM":"13","93":"13","WM":"13","WP":"13"},"MQ":{"V3":"13","V2":"13","VM":"13","RP":"13","CG":"13","RM":"13"},"GQ":{"4Q":"13","3G":"13","3H":"13","4P":"13"},"RR":{"62":"13","63":"13","84":"13","83":"13","74":"13","PJ":"13","PV":"13","72":"13","QV":"13","85":"13","HM":"13","MG":"13","MC":"13","MM":"13","QW":"13","PG":"13","PW":"13","MJ":"13","JQ":"13","PM":"13","PC":"13","82":"13","JG":"13","75":"13","HH":"13","3C":"13","JR":"13","49":"13","PH":"13","73":"13","39":"13","64":"13","PF":"13","RW":"13","HJ":"13","MF":"13","JH":"13","JJ":"13"},"VX":{"V7":"13","4J":"13","5J":"13","R7":"13","M2":"13","4M":"13","M3":"13"},"RV":{"RH":"13","CW":"13","CX":"13"},"QX":{"M8":"13"},"JQ":{"JW":"13","JX":"13"},"JW":{"83":"13","M9":"13","C3":"13","J9":"13"},"QR":{"5J":"13","GF":"13","5H":"13"},"PH":{"XV":"13"},"RX":{"XG":"13"},"RW":{"P7":"13"}},"6V":{"J5":{"WH":"13"},"95":{"MC":"13"},"R6":{"V2":"13","W2":"13","V8":"13","V3":"13","R8":"13","W3":"13","V7":"13","R6":"13","R7":"13","V6":"13"},"3V":{"9R":"13","FJ":"13","CV":"13","CR":"13"},"4H":{"R3":"13","R4":"13"},"PQ":{"PW":"13"},"37":{"FG":"13","5F":"13"},"V5":{"R8":"13","RV":"13","R7":"13","C5":"13","QV":"13"},"8Q":{"MQ":"13","JQ":"13"},"2C":{"5M":"13","5P":"13","6M":"13","6P":"13"},"QQ":{"6V":"13","6R":"13","2Q":"13"},"GJ":{"QP":"13","QQ":"13","WP":"13"},"X5":{"7Q":"13","6Q":"13","7P":"13","6R":"13","6P":"13","7R":"13","6C":"13"},"H8":{"JX":"13"},"W5":{"CJ":"13","29":"13","2C":"13","CH":"13","9J":"13","9H":"13","96":"13"},"WQ":{"2W":"13","2V":"13"},"59":{"9Q":"13"},"X6":{"HF":"13","8M":"13","JF":"13","HC":"13"},"J8":{"QC":"13"},"V7":{"R8":"13","V7":"13","WH":"13","W7":"13","W8":"13","V8":"13","VH":"13"},"V4":{"XX":"13"},"5F":{"QM":"13","QP":"13","RP":"13","RM":"13"},"5C":{"74":"13","64":"13"},"W7":{"84":"13","85":"13","75":"13","74":"13"},"68":{"4W":"13"},"49":{"29":"13","58":"13","59":"13","49":"13","48":"13","28":"13"},"27":{"2W":"13","2V":"13"},"W6":{"8G":"13","9G":"13"},"W4":{"3X":"13","3W":"13"},"39":{"8P":"13"},"C9":{"QR":"13","RR":"13"},"XG":{"5P":"13","4P":"13"},"R8":{"X6":"13","X7":"13"},"HJ":{"3W":"13"}},"R4":{"7G":{"34":"13","24":"13","35":"13"},"3R":{"M5":"13","M6":"13"},"P3":{"J2":"13","7C":"13"},"M3":{"QJ":"13","VJ":"13","QM":"13","CC":"13","FC":"13","PF":"13","FF":"13","CF":"13"},"J3":{"RH":"13","VJ":"13","RJ":"13","VH":"13"},"7M":{"34":"13","54":"13","44":"13"},"4Q":{"JP":"13","HP":"13","JQ":"13","WJ":"13","WM":"13"},"6M":{"QJ":"13","RJ":"13","PP":"13","PQ":"13","HM":"13"},"H6":{"C2":"13"},"Q2":{"F2":"13","86":"13","69":"13","76":"13","59":"13","77":"13","4C":"13"},"7F":{"J7":"13","F2":"13","W4":"13","V4":"13","F5":"13","2J":"13","G2":"13","G5":"13","H7":"13","V5":"13"},"6F":{"QG":"13","PG":"13","QH":"13","PH":"13","3G":"13","MH":"13"},"G8":{"32":"13","42":"13","43":"13","33":"13"},"7J":{"36":"13","2W":"13","2X":"13","2R":"13","35":"13","2V":"13","3W":"13"},"7C":{"GX":"13","FX":"13"},"2R":{"GG":"13","FG":"13"},"P2":{"JX":"13","XJ":"13"}},"3X":{"9Q":{"75":"13"},"C8":{"95":"13"},"XH":{"MJ":"13"},"WX":{"RX":"13"},"C4":{"MR":"13"},"2R":{"6V":"13"},"8C":{"FP":"13"},"QM":{"79":"13","78":"13"},"5J":{"HH":"13","JH":"13"},"RG":{"FH":"13"},"R9":{"QM":"13"},"WQ":{"HQ":"13","JQ":"13","JR":"13","HR":"13"},"FH":{"QM":"13","QP":"13"},"M6":{"62":"13"},"H6":{"2F":"13","3F":"13"},"CR":{"VG":"13"},"25":{"QG":"13"},"43":{"7P":"13","7J":"13"},"G3":{"C7":"13"},"55":{"9J":"13","Q9":"13"},"82":{"8Q":"13"},"V6":{"52":"13"},"3C":{"5C":"13"},"27":{"PG":"13","MH":"13","MG":"13"},"C9":{"HP":"13"},"WC":{"3W":"13"},"P7":{"Q8":"13","Q9":"13"},"2P":{"2G":"13"}},"2Q":{"C6":{"73":"13"},"XJ":{"J2":"13","M2":"13"},"WJ":{"RH":"13","RG":"13","HQ":"13"},"GC":{"35":"13"}},"76":{"P2":{"G7":"13","F7":"13"}},"C9":{"7Q":{"26":"13","27":"13"},"FC":{"HJ":"13","CC":"13","99":"13","C9":"13","GJ":"13"}},"77":{"W3":{"7P":"13","6M":"13","6P":"13"}},"GF":{"X6":{"93":"13","C3":"13"},"84":{"RH":"13","QH":"13"}},"26":{"35":{"39":"13","3C":"13"}},"23":{"3C":{"JP":"13","JM":"13"}},"4R":{"V4":{"G9":"13","GC":"13"},"9X":{"RC":"13","QC":"13"},"P3":{"RF":"13"},"92":{"4X":"13","4W":"13","3X":"13","3W":"13"},"C8":{"WR":"13"},"6V":{"M4":"13","C4":"13"},"87":{"8M":"13","7M":"13","7P":"13","8P":"13"},"24":{"2G":"13","2H":"13"},"2Q":{"QJ":"13","QM":"13","RJ":"13","RM":"13"},"WF":{"7Q":"13","7R":"13"}},"CJ":{"H3":{"9M":"13"},"86":{"7M":"13","6M":"13"},"3R":{"RV":"13","X2":"13"},"MH":{"Q8":"13"},"X3":{"5Q":"13","6Q":"13"},"PP":{"F3":"13","C3":"13","C4":"13"},"P3":{"36":"13","25":"13","35":"13"},"QR":{"RQ":"13","VP":"13","XC":"13","VQ":"13"},"R6":{"F5":"13","F4":"13","C5":"13","C4":"13"},"J7":{"Q6":"13"},"2M":{"QV":"13"},"JR":{"37":"13"},"7W":{"2R":"13","2V":"13"},"3W":{"GW":"13"},"V9":{"C6":"13","F7":"13","C7":"13"},"F7":{"QW":"13"},"X2":{"HH":"13","HG":"13"},"RR":{"29":"13","2C":"13"},"GH":{"JV":"13","HV":"13"},"M2":{"W4":"13","W3":"13","X4":"13","X3":"13"},"XW":{"FF":"13"},"WP":{"JC":"13","J9":"13"},"WM":{"PC":"13"},"MC":{"2G":"13","2H":"13"},"6R":{"MF":"13","MC":"13"},"CV":{"XM":"13","WJ":"13","XJ":"13","WM":"13"},"2H":{"86":"13"},"6H":{"M5":"13","J4":"13","J5":"13"},"QJ":{"R4":"13"},"V7":{"MV":"13","F2":"13","JV":"13"},"2F":{"CH":"13","9H":"13"},"C7":{"CW":"13"},"JM":{"28":"13","27":"13"},"PC":{"92":"13"},"VW":{"6R":"13"},"XJ":{"7W":"13","7X":"13"},"9G":{"H9":"13","HC":"13","WF":"13","WG":"13"},"6W":{"RF":"13"},"4V":{"3P":"13"},"56":{"HW":"13"},"X7":{"2W":"13","2V":"13"}},"9M":{"P2":{"MP":"13"}},"W2":{"66":{"4F":"13"}},"27":{"33":{"5Q":"13","4Q":"13","5P":"13","4P":"13"}},"R3":{"XF":{"FR":"13"},"RQ":{"Q5":"13","Q6":"13","R6":"13","6W":"13"},"RX":{"34":"13","25":"13","24":"13","35":"13"},"RV":{"6X":"13","7Q":"13","7P":"13","8Q":"13","F8":"13","6W":"13","7W":"13","C7":"13","C8":"13","8P":"13","7X":"13","22":"13"},"VM":{"GP":"13","HP":"13","GG":"13","G4":"13","HG":"13"},"QV":{"W4":"13","W5":"13","W2":"13","V4":"13","X5":"13","W3":"13","X4":"13","X2":"13","X3":"13","V5":"13"},"PR":{"58":"13","2C":"13","59":"13","3F":"13","3C":"13","RR":"13","2F":"13","56":"13","36":"13","RV":"13","F5":"13","26":"13"},"PP":{"MM":"13","JJ":"13","MJ":"13","JM":"13"},"PQ":{"7V":"13"},"VP":{"G3":"13","3X":"13","G2":"13","6C":"13","7C":"13"},"2M":{"GX":"13","HX":"13"},"VJ":{"FR":"13","FQ":"13","GQ":"13","C8":"13","GR":"13"},"RR":{"FR":"13","2V":"13","2W":"13","59":"13","66":"13","2X":"13","5R":"13","67":"13","2Q":"13","2R":"13"},"QR":{"XQ":"13","XW":"13","WW":"13","XX":"13","C3":"13","M5":"13","28":"13","C2":"13","WX":"13","XR":"13","XV":"13"},"QX":{"RH":"13","RG":"13","WF":"13","FX":"13","WC":"13"},"C9":{"4F":"13","3F":"13","5F":"13"},"VQ":{"32":"13"},"RW":{"2P":"13","4Q":"13","4V":"13","94":"13","3P":"13","5R":"13","5V":"13","67":"13"},"MR":{"Q8":"13","R2":"13"},"2P":{"H2":"13","G2":"13"}},"5C":{"6R":{"W8":"13","W9":"13"},"6W":{"RQ":"13","QP":"13","RP":"13","QQ":"13"},"92":{"5Q":"13","6Q":"13","5R":"13","6R":"13"}},"4H":{"R8":{"R5":"13","V6":"13","V5":"13"},"QP":{"7V":"13"},"43":{"FW":"13","FX":"13"},"XJ":{"C4":"13"},"QQ":{"RV":"13","VV":"13","RR":"13","VR":"13"},"9H":{"3M":"13"},"6C":{"QJ":"13","QH":"13"},"V9":{"4R":"13"}},"46":{"XH":{"7H":"13"}},"9J":{"X7":{"62":"13"},"X6":{"6X":"13"},"VC":{"9R":"13","CR":"13"},"QF":{"78":"13"},"X2":{"XX":"13"},"CG":{"P4":"13"},"X3":{"W2":"13","X2":"13"},"WC":{"QR":"13","QV":"13"}},"9X":{"3R":{"MF":"13","JF":"13","JC":"13","MC":"13"},"35":{"X2":"13"},"3H":{"V2":"13"},"34":{"XX":"13","WQ":"13","VP":"13","VQ":"13","WP":"13"},"45":{"22":"13"},"4V":{"6H":"13","6G":"13","5H":"13"},"4C":{"W5":"13"},"4G":{"5R":"13"},"44":{"2X":"13"},"3C":{"55":"13","45":"13"},"22":{"84":"13"},"6F":{"3Q":"13","5J":"13","4Q":"13"},"4W":{"PR":"13"},"4X":{"4R":"13"},"5Q":{"FC":"13","FF":"13"}},"CH":{"74":{"F7":"13","F6":"13"},"J5":{"HV":"13","GV":"13"},"FX":{"Q3":"13","Q4":"13","P3":"13"},"GG":{"QJ":"13","QM":"13","R5":"5","R6":"5","RJ":"13","V6":"5","RM":"13","V5":"5"},"C6":{"JP":"13","MM":"13","MP":"13","JM":"13"},"XV":{"6F":"13","5F":"13"},"MG":{"8M":"13","7M":"13","7P":"13","7J":"13","8P":"13","XC":"13","8J":"13"},"2R":{"W2":"13","V2":"13"},"46":{"5J":"13","5M":"13"},"MM":{"WV":"13"},"22":{"9Q":"13","8Q":"13","9P":"13","8P":"13"},"VV":{"4F":"13","4C":"13"},"F9":{"RQ":"13"},"HG":{"XV":"13","WV":"13","WR":"13","XR":"13","WW":"13","XW":"13"},"RG":{"PM":"13"},"JM":{"MP":"13","HP":"13","MJ":"13","MM":"13","JM":"13","HM":"13","JJ":"13","JP":"13"},"F8":{"GX":"13","GW":"13"},"JQ":{"R2":"13"},"JW":{"79":"13"},"JG":{"GP":"13","FJ":"13","GM":"13","FM":"13","GJ":"13"},"JP":{"RX":"13"},"HJ":{"XM":"13"},"MR":{"XJ":"13"},"JJ":{"P5":"13","M5":"13","PG":"13","M6":"13","PH":"13","2M":"13","MH":"13","MG":"13"}},"7R":{"8X":{"CP":"13","7J":"13","CQ":"13","8J":"13"},"P3":{"V3":"13","V4":"13"},"4J":{"7G":"13","QW":"13","QC":"13","7H":"13","6W":"13","VR":"13","7W":"13","6V":"13","7V":"13","QX":"13","JG":"13","JH":"13"},"H4":{"38":"13"},"4M":{"H5":"13","H4":"13","G4":"13"},"QX":{"2P":"13"},"9G":{"7H":"13","FQ":"13","8G":"13","FP":"13","7G":"13"},"G4":{"W5":"13","MF":"13","H4":"13","JF":"13","X5":"13","87":"13","86":"13"},"PX":{"G9":"13","G8":"13"}},"6H":{"RV":{"5C":"13","4F":"13","4C":"13","5F":"13"},"MX":{"J6":"13"},"7H":{"WX":"13","WW":"13"},"WH":{"4C":"13","3C":"13"},"9V":{"4F":"13","5F":"13"},"6M":{"WH":"13","XH":"13","WJ":"13","XJ":"13"},"X9":{"2R":"13"},"F7":{"F8":"13","C8":"13","F9":"13"},"W9":{"XR":"13"},"J6":{"V5":"13"}},"FH":{"7F":{"GG":"13","GF":"13"},"6F":{"VJ":"13"},"3P":{"97":"13"},"3C":{"X4":"13"},"2Q":{"WM":"13"},"2V":{"V3":"13","V2":"13"},"3R":{"C2":"13","8P":"13"},"7X":{"2F":"13","2G":"13"},"4V":{"R8":"13","Q8":"13","R7":"13"}},"4Q":{"CW":{"MP":"13"},"QF":{"J2":"13"},"X2":{"C7":"13","C8":"13"},"QC":{"7P":"13","6P":"13","JX":"13"}},"CQ":{"54":{"9F":"13","CC":"13","9C":"13"},"4C":{"Q2":"13","P2":"13"}},"P9":{"RH":{"J4":"13"},"VG":{"V4":"13"},"PM":{"FF":"13"},"VM":{"3H":"13"},"8V":{"79":"13"},"HG":{"GP":"13"},"FW":{"XX":"13"},"VP":{"QF":"13","R6":"13","V6":"13","PF":"13"},"WM":{"RG":"13","QF":"13","9M":"13","QG":"13","RF":"13","9P":"13","8M":"13","8Q":"13","8P":"13"},"WP":{"8H":"13"},"RM":{"X9":"13"}},"2W":{"8V":{"53":"13"},"9C":{"HQ":"13","HP":"13"},"74":{"38":"13","28":"13","27":"13"},"XX":{"37":"13"},"X2":{"VG":"13","WG":"13"},"5F":{"C4":"13"},"56":{"GM":"13"},"95":{"MV":"13","MW":"13"},"63":{"R7":"13"},"FH":{"94":"13"}},"4M":{"FX":{"C5":"13","C4":"13"},"J9":{"PG":"13","XH":"13"}},"6P":{"GP":{"4G":"13","4H":"13"},"FQ":{"Q8":"13","X5":"13","X4":"13","P8":"13"},"FP":{"HQ":"13","JQ":"13"},"96":{"FJ":"13"}},"M8":{"JQ":{"FR":"13"}},"7P":{"9X":{"X3":"13"},"VV":{"5Q":"13","6Q":"13","5R":"13","6R":"13"},"XW":{"MM":"13"},"RG":{"JH":"13","JJ":"13","MJ":"13","MH":"13"},"QQ":{"FM":"13"},"CV":{"HF":"13","GG":"13","GF":"13","HG":"13"},"MW":{"6V":"13","5V":"13"},"VW":{"3G":"13","2G":"13","2H":"13","3H":"13"},"PQ":{"95":"13","C5":"13"},"MC":{"C8":"13"},"JX":{"HF":"13","HG":"13"},"GW":{"8G":"13","8F":"13","RM":"13"},"2J":{"76":"13","66":"13"},"MV":{"8H":"13","8J":"13"},"HQ":{"58":"13","59":"13","48":"13"},"CX":{"23":"13"}},"2P":{"V3":{"WF":"13","RC":"13"},"7P":{"23":"13","22":"13"},"5M":{"94":"13"},"3G":{"GG":"13","GF":"13"},"6M":{"QR":"13","QV":"13"},"8V":{"9P":"13","9M":"13"},"6P":{"X2":"13","X3":"13"}},"8W":{"XQ":{"56":"13"},"R4":{"FH":"13","CH":"13"},"MP":{"4J":"13"},"WH":{"C2":"13"},"R9":{"65":"13","64":"13"},"M4":{"G5":"13"},"2W":{"R7":"13"},"CM":{"P3":"13","P2":"13"},"MJ":{"49":"13"},"XH":{"6W":"13"},"GC":{"FQ":"13","GQ":"13","GR":"13"},"8W":{"JM":"13","HM":"13"},"CW":{"Q3":"13","Q2":"13"},"FP":{"R7":"13","M6":"13","X8":"13"},"5X":{"3V":"13"},"37":{"MV":"13","8M":"13","5C":"13","4C":"13","8P":"13"},"XF":{"QX":"13","PX":"13"},"W3":{"JP":"13"},"FV":{"XP":"13","XQ":"13","WQ":"13"},"VG":{"2V":"13"},"PM":{"VR":"13","WR":"13"},"MV":{"JJ":"13"},"XV":{"F8":"13","G8":"13","H6":"13"},"G4":{"GX":"13","GW":"13"},"55":{"Q8":"13","X8":"13"},"FH":{"CP":"13","CM":"13","FM":"13","CG":"13","FP":"13"},"6Q":{"WH":"13"},"RM":{"PF":"13"},"CX":{"29":"13"}},"F9":{"8F":{"RP":"13"},"5F":{"7F":"13","6F":"13"}},"9Q":{"Q3":{"CM":"13","9M":"13"},"9Q":{"WJ":"13","WM":"13"},"6W":{"FQ":"13","CQ":"13"},"XF":{"VM":"13","VP":"13"},"FQ":{"HH":"13","HG":"13"},"FC":{"85":"13","75":"13"},"FP":{"RV":"13","RW":"13","VV":"13","54":"13","44":"13","VW":"13","RX":"13","53":"13"},"C6":{"P3":"13"},"CW":{"RV":"13","VV":"13","RR":"13","VR":"13"},"C4":{"FV":"13"},"V9":{"8V":"13"},"22":{"34":"13","24":"13"},"F8":{"2P":"13","3M":"13","2M":"13"},"G8":{"27":"13"},"5W":{"7R":"13"},"2Q":{"XG":"13","XH":"13"},"77":{"Q6":"13","R6":"13"},"H6":{"27":"13"},"CR":{"V5":"13","FR":"13","W5":"13","R5":"13","W6":"13","R6":"13","89":"13","Q5":"13","V6":"13"},"94":{"43":"13"},"25":{"QX":"13"},"FM":{"2C":"13","89":"13","9C":"13","8C":"13"},"44":{"59":"13","49":"13"},"HH":{"WQ":"13"},"75":{"WC":"13","XC":"13"},"HV":{"6V":"13"},"R5":{"38":"13","48":"13"},"3Q":{"2G":"13","2H":"13"},"3W":{"HW":"13","FH":"13","FG":"13","CH":"13","GW":"13","CG":"13","HV":"13","GV":"13"},"4X":{"J7":"13","H7":"13"},"W6":{"J7":"13"},"54":{"3V":"13","3R":"13"},"3M":{"H5":"13"},"FR":{"QH":"13"},"WC":{"G3":"13"},"48":{"FG":"13"},"CM":{"HW":"13","JW":"13","HX":"13","JX":"13","X9":"13","XC":"13"},"CQ":{"G8":"13","G7":"13","F7":"13"},"FW":{"32":"13","4M":"13"},"3P":{"6X":"13","2X":"13","7X":"13"},"2P":{"XX":"13"}},"3G":{"5C":{"9X":"13","CX":"13"},"PP":{"VM":"13","RP":"13","VP":"13","RM":"13"}},"C7":{"3Q":{"6P":"13"},"2W":{"2F":"13"},"37":{"25":"13","24":"13"},"27":{"W5":"13","X5":"13"}},"3P":{"G7":{"C2":"13","92":"13"},"G6":{"9X":"13"}},"54":{"Q6":{"9Q":"13","CP":"13","9P":"13","CQ":"13"}},"4F":{"MX":{"M6":"13","P9":"13","P6":"13","PC":"13","MC":"13"}},"5M":{"2R":{"W6":"13"},"HR":{"45":"13","35":"13"}},"C8":{"5G":{"X9":"13","WC":"13","W9":"13","VC":"13","V9":"13"},"92":{"MP":"13"}},"9R":{"3R":{"3F":"13"},"FQ":{"W2":"13"},"JP":{"99":"13"},"C8":{"99":"13"},"GF":{"6X":"13"},"9G":{"6Q":"13","RQ":"13","RP":"13"},"CJ":{"WF":"13"},"FH":{"M5":"13"}},"9H":{"HQ":{"H7":"13","H6":"13"},"32":{"3Q":"13","3J":"13","2J":"13","3M":"13","2M":"13","3R":"13"}},"2G":{"6Q":{"3V":"13","2V":"13"},"PW":{"JP":"13","MP":"13"},"P2":{"9X":"13","CX":"13"}},"M7":{"JX":{"QC":"13"}},"9G":{"VQ":{"F9":"13"},"CF":{"8V":"13","8R":"13"},"68":{"6H":"13","6G":"13"},"RG":{"5Q":"13"},"MJ":{"JC":"13"},"QF":{"4X":"13","4W":"13"},"PJ":{"FC":"13"},"X4":{"WR":"13","XR":"13"},"GH":{"X6":"13","W6":"13"},"FH":{"WH":"13","XH":"13"}},"7G":{"Q2":{"3Q":"13","2R":"13","3R":"13"},"HV":{"7H":"13","8H":"13","7J":"13","8J":"13"}},"JF":{"26":{"X6":"13","X5":"13"},"F3":{"V3":"13","V2":"13"}},"2V":{"G6":{"C4":"13","94":"13"},"X8":{"Q4":"13","P5":"13","HC":"13","P9":"13","P4":"13","Q9":"13","GC":"13"},"Q4":{"7F":"13"},"R4":{"MG":"13"},"W2":{"M5":"13","M6":"13","F7":"13"},"2V":{"JG":"13"},"33":{"M6":"13"},"34":{"63":"13","73":"13","74":"13","64":"13"},"47":{"PM":"13"},"6W":{"2Q":"13"},"Q2":{"3J":"13"},"P4":{"M4":"13"},"3C":{"QW":"13"},"42":{"82":"13"},"RF":{"P7":"13","P6":"13"},"4M":{"3X":"13"},"4W":{"86":"13","85":"13","75":"13","76":"13"},"MH":{"73":"13","74":"13"},"X3":{"4Q":"13"},"2G":{"38":"13","37":"13","28":"13"},"9W":{"J7":"13","M6":"13","M7":"13"},"96":{"GW":"13"}},"FF":{"G3":{"XG":"13","XH":"13"},"RJ":{"Q6":"13","P6":"13"},"H3":{"3G":"13","2G":"13","2H":"13","3H":"13"}},"8R":{"MF":{"GH":"13","GJ":"13"},"G3":{"MV":"13","JV":"13"},"F3":{"7H":"13","2J":"13","6H":"13","2M":"13"},"7M":{"7H":"13","6H":"13","6J":"13","92":"13","7J":"13"},"QH":{"QR":"13"},"CM":{"GM":"13"},"8V":{"G9":"13","CP":"13","9P":"13","GW":"13"},"6J":{"VM":"13","RM":"13"},"7J":{"5Q":"13","4W":"13","HP":"13","4Q":"13","6P":"13"}},"5W":{"34":{"PM":"13"},"FC":{"PJ":"13","MJ":"13","Q9":"13"},"4G":{"H5":"13","HH":"13","JH":"13"},"2X":{"4G":"13"},"57":{"F5":"13","C2":"13","93":"13","92":"13","C3":"13"},"87":{"CP":"13","CM":"13"},"2H":{"GH":"13"},"H3":{"2R":"13","4C":"13","3R":"13"},"5M":{"34":"13","V3":"13","44":"13"},"2M":{"XF":"13","WF":"13"},"2Q":{"8F":"13"},"H6":{"XX":"13","XW":"13"},"2G":{"2G":"13"},"QH":{"CJ":"13","FJ":"13","7G":"13"},"29":{"V3":"13","X5":"13"},"V6":{"Q5":"13","Q6":"13","V2":"13"},"2V":{"36":"13"},"4F":{"HJ":"13","HM":"13"},"27":{"VG":"13"},"J6":{"2X":"13"},"54":{"H6":"13"},"3F":{"2R":"13","3R":"13"},"3G":{"36":"13","8J":"13"},"2P":{"G7":"13","G6":"13"}},"CF":{"8G":{"8M":"13","98":"13","7M":"13","99":"13"},"4Q":{"2Q":"13"},"35":{"8M":"13","7M":"13"}},"89":{"QG":{"XF":"13"},"QP":{"GR":"13","GV":"13"},"QQ":{"RQ":"13","QP":"13","RP":"13","QQ":"13"}},"6W":{"MP":{"45":"13"},"FM":{"XV":"13","XF":"13","XW":"13"},"P3":{"67":"13"},"F4":{"V3":"13","W3":"13","F5":"13","F4":"13","C4":"13"},"MF":{"C6":"13","4Q":"13","95":"13","96":"13","C5":"13"},"GV":{"XQ":"13"},"MW":{"Q2":"13","P2":"13"},"MC":{"GX":"13"},"52":{"XV":"13","XR":"13"},"X3":{"X9":"13","X8":"13"},"4X":{"Q2":"13","R2":"13"},"CX":{"PQ":"13"}},"4V":{"PV":{"6V":"13","7V":"13"},"GC":{"6H":"13"},"QF":{"46":"13"},"8R":{"HP":"13"},"45":{"H9":"13","H8":"13","VQ":"13"},"53":{"QH":"13"},"4G":{"P4":"13"},"QP":{"7X":"13"},"QR":{"58":"13"},"6P":{"FR":"13"},"63":{"5H":"13"},"XV":{"MQ":"13","PQ":"13","Q9":"13"},"WC":{"3Q":"13","3P":"13"},"CJ":{"8G":"13","9G":"13"}},"5H":{"HF":{"M6":"13","P6":"13"},"HW":{"W3":"13"},"JW":{"JH":"13","MH":"13"},"JC":{"3P":"13","2P":"13","3M":"13","2M":"13"},"C9":{"55":"13"}},"CC":{"H9":{"Q4":"13","R4":"13"},"V2":{"G3":"13","H2":"13","H3":"13","G2":"13"}},"8J":{"2F":{"M5":"13"},"XJ":{"QR":"13","PV":"13","MR":"13","PR":"13"},"7G":{"F5":"13","F4":"13"}},"8G":{"X6":{"JX":"13"},"5W":{"54":"13","44":"13","43":"13","53":"13"},"X9":{"84":"13","94":"13"},"6C":{"8M":"13"},"68":{"R9":"13","JM":"13","Q9":"13","RC":"13","QC":"13"}},"75":{"QX":{"2J":"13","2H":"13"}},"Q5":{"VJ":{"VG":"13"},"WH":{"2R":"13","2Q":"13"},"W2":{"R2":"13","V2":"13"},"VM":{"M5":"13","HG":"13","J5":"13"},"VP":{"6R":"13"}},"99":{"4X":{"8M":"13","9P":"13","6P":"13","9M":"13","8P":"13"}}}}