{"index":{"university,1|retail,2|tourism,3|wreck,4|historical,5|artsCulture,6|namedBuilding,7|water,8|wetland,9|park,10|beach,11|natureReserve,12|cemetery,13|trail,14":{}},"69":{"35":{"8X":{"QW":"13","PW":"13"},"QW":{"29":"13","X9":"13","X8":"13"},"VM":{"9X":"13"},"5V":{"2R":"13"},"H3":{"XW":"13"},"7H":{"RM":"13"},"5X":{"9Q":"13","9P":"13"},"7M":{"66":"13","56":"13"},"38":{"JR":"13"},"4P":{"55":"13"},"QM":{"9W":"13","8W":"13"},"MH":{"99":"13","89":"13","8C":"13"},"G6":{"JC":"13","M9":"13","MC":"13","J9":"13"},"5Q":{"P7":"13"},"HF":{"99":"13","9C":"13"},"GM":{"C3":"13"},"W5":{"MW":"13"},"J7":{"MR":"13","PR":"13"},"M5":{"69":"13","58":"13","59":"13","68":"13"},"WX":{"95":"13"},"QG":{"VQ":"13"},"7W":{"JJ":"13"},"WQ":{"4G":"13","4H":"13"},"JG":{"7M":"13","7P":"13"},"V9":{"V5":"13"},"4G":{"5G":"13"},"F7":{"7F":"13"},"G3":{"23":"13","24":"13"},"GW":{"5P":"13","6P":"13","GR":"13"},"4J":{"CJ":"13","CH":"13"},"RR":{"F5":"13","M6":"13","PV":"13","PW":"13"},"XW":{"RQ":"13"},"98":{"R5":"13"},"28":{"F5":"13","F4":"13"},"9F":{"C2":"13","C3":"13"},"R7":{"5R":"13","6V":"13","4R":"13","7V":"13","4V":"13"},"JC":{"PJ":"13","PM":"13","JJ":"13","MJ":"13"},"C4":{"FC":"13"},"W4":{"9X":"13"},"29":{"QH":"13"},"6G":{"2C":"13","2F":"13"},"WC":{"HQ":"13"},"WW":{"VM":"13"},"HX":{"F4":"13"},"7V":{"M7":"13"},"79":{"6F":"13"},"26":{"9R":"13","9V":"13","CR":"13"},"P7":{"MR":"13","JR":"13"},"4R":{"C4":"13","94":"13"},"GQ":{"75":"13","76":"13"},"9J":{"X9":"13"},"9X":{"X2":"13","X3":"13"},"HV":{"J3":"13","J2":"13"},"6H":{"W7":"13","W8":"13"},"FH":{"F3":"13","F4":"13"},"MP":{"Q3":"13","P3":"13"},"FM":{"75":"13"},"HM":{"R8":"13","R7":"13"},"CR":{"8C":"13"},"VJ":{"5H":"13"},"P9":{"R8":"13"},"M3":{"J4":"13","J5":"13"},"MW":{"2M":"13"},"XC":{"8H":"13","9H":"13"},"QJ":{"CQ":"13"},"7P":{"5R":"13"},"WF":{"2W":"13"},"3G":{"R3":"13","V3":"13","V2":"13"},"VW":{"9Q":"13"},"PC":{"FG":"13"},"8M":{"RF":"13","QF":"13","RR":"13","VR":"13","RQ":"13","VQ":"13"},"QX":{"P7":"13","P8":"13"},"78":{"3F":"13"},"9G":{"6J":"13"},"7G":{"R6":"13"},"MV":{"F5":"13","6H":"13","F4":"13"},"4V":{"XR":"13","5V":"13"},"8F":{"9Q":"13","9R":"13"},"69":{"GG":"13","GF":"13"},"37":{"6F":"13","5F":"13"}},"66":{"9P":{"M4":"13","3W":"13"},"35":{"R3":"13"},"7H":{"54":"13","44":"13"},"7M":{"RR":"13","VR":"13"},"8Q":{"66":"13"},"92":{"2J":"13"},"5Q":{"P5":"13","Q5":"13","Q6":"13","R7":"13","R6":"13","P6":"13","Q7":"13"},"5R":{"G3":"13","F3":"13"},"V4":{"39":"13"},"RG":{"4H":"13","2R":"13","2Q":"13"},"QH":{"M7":"13"},"6M":{"FV":"13","59":"13","FW":"13"},"3F":{"J3":"13","J4":"13","M4":"13","M3":"13"},"5G":{"C4":"13"},"V9":{"F8":"13","F9":"13"},"F5":{"RV":"13","2J":"13","2H":"13"},"Q9":{"HQ":"13"},"4J":{"VV":"13","WV":"13","VR":"13"},"7Q":{"XQ":"13","XR":"13","2V":"13","8C":"13"},"CG":{"F7":"13"},"6Q":{"XV":"13","5P":"13","4P":"13"},"98":{"FM":"13"},"85":{"4G":"13"},"FP":{"MR":"13"},"MG":{"VF":"13","VC":"13","RC":"13"},"5J":{"VR":"13","VQ":"13"},"43":{"C8":"13"},"2R":{"XP":"13","XQ":"13"},"97":{"RV":"13","RW":"13","QW":"13"},"2C":{"88":"13","98":"13"},"49":{"37":"13","66":"13","47":"13"},"2H":{"JW":"13","QC":"13"},"GC":{"VX":"13"},"GF":{"9W":"13"},"23":{"XF":"13"},"4R":{"9F":"13","9G":"13"},"58":{"63":"13","52":"13","53":"13","62":"13"},"9M":{"XV":"13","XW":"13"},"RF":{"XH":"13"},"GP":{"Q4":"13","R4":"13"},"5C":{"7Q":"13","7R":"13"},"46":{"3P":"13","3M":"13"},"6H":{"F3":"13"},"CH":{"3W":"13"},"MJ":{"CP":"13","CM":"13","9P":"13"},"4Q":{"98":"13","99":"13","F8":"13","C9":"13","C8":"13"},"PJ":{"H8":"13","C7":"13","C8":"13"},"HM":{"VM":"13","RQ":"13","RP":"13","WM":"13"},"CQ":{"P5":"13","69":"13","6C":"13"},"4M":{"XQ":"13","XR":"13"},"VC":{"7F":"13"},"6P":{"GX":"13","87":"13","FW":"13","FX":"13","GW":"13"},"7P":{"29":"13","39":"13","38":"13","48":"13","28":"13"},"2P":{"X9":"13"},"J4":{"M8":"13"},"PC":{"8P":"13"},"3P":{"PJ":"13","29":"13","QM":"13","PM":"13"},"5M":{"9F":"13","8F":"13","2R":"13","2Q":"13","9G":"13"},"9H":{"7F":"13","69":"13","59":"13","V2":"13"},"2G":{"57":"13","56":"13"},"7G":{"6H":"13","6G":"13"},"2V":{"6F":"13","H9":"13","6C":"13"},"5H":{"M2":"13"},"Q5":{"C3":"13"},"99":{"HW":"13","HX":"13"},"55":{"PC":"13"}},"25":{"X4":{"2W":"13","2X":"13"},"J6":{"6V":"13"},"F2":{"96":"13"},"RQ":{"MF":"13","MG":"13"},"WH":{"GF":"13"},"FX":{"XH":"13","QQ":"13"},"PV":{"H4":"13","H3":"13"},"72":{"M7":"13"},"P7":{"QR":"13","PR":"13"},"3C":{"5X":"13"},"VM":{"97":"13"},"4Q":{"2P":"13"},"5C":{"7Q":"13"},"8H":{"QF":"13","QC":"13"},"38":{"RX":"13","VX":"13"},"GP":{"F5":"13","F6":"13"},"XJ":{"63":"13","62":"13"},"J8":{"3W":"13"},"PM":{"VX":"13"},"HF":{"74":"13","64":"13"},"XC":{"8H":"13","GM":"13","GJ":"13"},"3J":{"QW":"13","GQ":"13"},"W6":{"X9":"13"},"QX":{"3P":"13","2P":"13"},"67":{"M8":"13","P8":"13"},"HW":{"PC":"13","PF":"13"},"9G":{"32":"13","42":"13"},"JJ":{"JH":"13","JJ":"13"},"RV":{"5C":"13","59":"13"},"JQ":{"F2":"13","G3":"13","F3":"13","G2":"13"},"FH":{"77":"13","78":"13"},"XM":{"W9":"13","RC":"13"},"99":{"5C":"13","8F":"13","6C":"13"},"96":{"QJ":"13","PJ":"13","QH":"13","PH":"13"},"CG":{"J3":"13","H3":"13"},"GX":{"PC":"13","PF":"13"},"29":{"RV":"13"},"MG":{"GG":"13","GF":"13"},"FJ":{"JG":"13"},"R8":{"M6":"13","M7":"13"},"C2":{"P5":"13"},"9H":{"R3":"13"},"8V":{"Q7":"13"},"6V":{"CW":"13","9X":"13","9W":"13"},"M4":{"QJ":"13","QM":"13"},"58":{"JQ":"13"},"H6":{"79":"13","7C":"13"},"X6":{"RQ":"13","QQ":"13"},"9C":{"97":"13","87":"13"},"5H":{"38":"13"},"CH":{"66":"13","56":"13"},"9Q":{"3J":"13"},"5J":{"57":"13"},"RX":{"Q8":"13","P7":"13","P8":"13","Q7":"13"},"VC":{"24":"13"},"6F":{"QM":"13"},"42":{"36":"13"},"GW":{"36":"13","37":"13","46":"13","47":"13"},"CM":{"9Q":"13","9R":"13"},"5P":{"VJ":"13"},"75":{"HW":"13","GW":"13"},"3G":{"GF":"13","GC":"13"},"F7":{"Q7":"13"},"82":{"G3":"13"},"WW":{"2G":"13","2H":"13"},"Q7":{"6Q":"13"},"XH":{"9H":"13"},"C8":{"CC":"13","CF":"13"},"24":{"58":"13","57":"13"},"6M":{"92":"13"},"JH":{"PM":"13"},"JR":{"2W":"13"},"F9":{"66":"13","67":"13"},"H9":{"R7":"13"},"VG":{"FG":"13","CG":"13"},"89":{"9G":"13"},"H2":{"X2":"13","X3":"13"},"J9":{"XP":"13","WP":"13"},"G8":{"GX":"13","58":"13","FW":"13","GW":"13"},"8M":{"6V":"13","6W":"13","7W":"13"},"G9":{"5M":"13"},"4M":{"38":"13"},"2C":{"5J":"13","6J":"13"},"48":{"2C":"13","2F":"13","W8":"13"},"45":{"98":"13","CG":"13","CF":"13"},"QC":{"J6":"13","J5":"13"},"7C":{"R4":"13"},"HJ":{"35":"13"},"JC":{"J8":"13","H8":"13"},"69":{"VC":"13","RC":"13"},"2H":{"MC":"13"},"63":{"J9":"13"},"FW":{"9P":"13"},"XW":{"RQ":"13","VQ":"13"},"26":{"W3":"13"},"7F":{"4W":"13","4V":"13"},"77":{"PQ":"13","QQ":"13"},"P9":{"GJ":"13"},"4C":{"H5":"13"},"FC":{"PC":"13","PF":"13"},"78":{"7H":"13","6H":"13","6G":"13","7J":"13"},"64":{"RH":"13","RG":"13","H2":"13"},"66":{"59":"13","49":"13"},"F8":{"8G":"13"},"J7":{"JP":"13","2J":"13","2M":"13","JM":"13"},"FR":{"J6":"13"},"GQ":{"2W":"13","2X":"13"},"Q6":{"28":"13","27":"13"},"4V":{"F2":"13","F3":"13"},"68":{"9X":"13","CX":"13","8X":"13"},"57":{"C6":"13"},"MM":{"6M":"13"}},"24":{"J2":{"54":"13","R7":"13","64":"13"},"8V":{"8F":"13","CG":"13","CF":"13"},"9P":{"VW":"13","VX":"13"},"86":{"W8":"13","X8":"13"},"7H":{"32":"13","23":"13","33":"13","22":"13"},"93":{"3G":"13","4G":"13"},"MH":{"R8":"13"},"5F":{"XJ":"13"},"3V":{"4V":"13"},"HF":{"Q7":"13"},"P3":{"J4":"13","M4":"13"},"QR":{"Q4":"13","2X":"13","R4":"13"},"M4":{"75":"13","65":"13"},"QQ":{"9H":"13"},"JX":{"VP":"13","WP":"13"},"6M":{"83":"13","82":"13"},"GJ":{"49":"13"},"V9":{"MP":"13"},"F5":{"X7":"13","X8":"13"},"2X":{"MX":"13"},"XW":{"GW":"13"},"FP":{"63":"13","73":"13"},"MG":{"7C":"13"},"JQ":{"P2":"13"},"CV":{"JC":"13","GJ":"13","J9":"13"},"29":{"MV":"13"},"R8":{"97":"13"},"96":{"GR":"13"},"Q6":{"JX":"13"},"79":{"HV":"13"},"26":{"4R":"13","3R":"13"},"58":{"J8":"13","J9":"13"},"RJ":{"QP":"13","QQ":"13"},"CJ":{"V7":"13","V6":"13","W6":"13"},"X8":{"X7":"13"},"GG":{"RW":"13"},"9J":{"XQ":"13"},"HV":{"6W":"13","7W":"13"},"MJ":{"HJ":"13"},"MP":{"V7":"13","V6":"13"},"HM":{"JH":"13","JJ":"13"},"JV":{"CC":"13"},"JW":{"62":"13"},"V5":{"58":"13"},"2W":{"H8":"13"},"XC":{"V7":"13"},"QJ":{"FX":"13"},"V7":{"G9":"13","H9":"13","H8":"13","G8":"13"},"9Q":{"9V":"13"},"3P":{"JC":"13","J9":"13"},"8M":{"RR":"13","H8":"13"},"VV":{"P9":"13","PC":"13","Q9":"13","QC":"13"},"RH":{"RG":"13"},"FF":{"8P":"13"},"JP":{"PX":"13"},"8J":{"C2":"13"},"6F":{"WC":"13"}},"62":{"95":{"23":"13","24":"13"},"H2":{"53":"13"},"C3":{"Q8":"13"},"5Q":{"X2":"13"},"QP":{"R4":"13"},"VR":{"29":"13"},"WX":{"83":"13","73":"13"},"42":{"9X":"13","8X":"13"},"XJ":{"MX":"13"},"6H":{"3J":"13"},"HR":{"24":"13"},"6R":{"3W":"13"},"RM":{"3V":"13","3W":"13"},"V9":{"RW":"13","QX":"13","RX":"13","QW":"13"},"4C":{"52":"13"},"46":{"9C":"13"},"8R":{"F3":"13"},"F9":{"GX":"13","FX":"13"},"79":{"6F":"13","5C":"13","59":"13","49":"13","4C":"13"},"5J":{"8C":"13"},"7Q":{"93":"13","C4":"13","94":"13"},"24":{"M2":"13"},"HG":{"GX":"13"},"2W":{"W9":"13"},"H9":{"MX":"13"},"CR":{"VM":"13","RP":"13","VP":"13","RM":"13"},"FM":{"XQ":"13"},"V7":{"F8":"13","C8":"13"},"55":{"CJ":"13"},"3H":{"F8":"13"},"QC":{"CJ":"13","9J":"13"},"G7":{"WH":"13","XH":"13"},"CJ":{"7F":"13","8F":"13"},"3F":{"4F":"13"},"8H":{"C7":"13","C8":"13"},"8M":{"8M":"13","8P":"13"},"G5":{"GC":"13"},"MF":{"5F":"13"},"7X":{"9Q":"13"},"3P":{"JJ":"13","MJ":"13"}},"92":{"35":{"67":"13","68":"13"},"33":{"HM":"13"}},"73":{"X3":{"CJ":"13","9J":"13"},"Q3":{"CC":"13","FG":"13","CG":"13","P3":"13","P2":"13"},"XF":{"5V":"13","4V":"13"},"83":{"R4":"13"},"P9":{"GX":"13","65":"13","66":"13"},"V3":{"8R":"13"},"J5":{"JQ":"13","JR":"13"},"Q4":{"QF":"13"},"RV":{"C6":"13","95":"13","96":"13"},"C3":{"JG":"13"},"G9":{"6X":"13","7X":"13"},"WF":{"3P":"13","2P":"13","3M":"13","2M":"13"},"X4":{"CM":"13"},"Q7":{"99":"13","9C":"13","GR":"13","GV":"13"},"XH":{"8P":"13"},"88":{"C7":"13"},"M7":{"J4":"13","J5":"13"},"XM":{"GR":"13","GV":"13"},"HM":{"26":"13"},"M4":{"98":"13","97":"13"},"V5":{"23":"13","22":"13"},"8Q":{"9H":"13","9G":"13"},"H8":{"7M":"13","P7":"13","6M":"13","P6":"13","6J":"13","7J":"13"},"PW":{"PV":"13","7W":"13"},"RG":{"H5":"13","HP":"13","G5":"13","G6":"13"},"X9":{"88":"13","89":"13","79":"13"},"WQ":{"XW":"13"},"V2":{"V6":"13"},"W3":{"5C":"13"},"Q5":{"7C":"13"},"G3":{"GX":"13","FW":"13","FX":"13","GW":"13"},"5F":{"QP":"13"},"55":{"JH":"13"},"JV":{"VJ":"13"},"29":{"F4":"13","F6":"13"},"WJ":{"RP":"13","RM":"13"},"QC":{"GJ":"13"},"CJ":{"8M":"13"},"3W":{"F5":"13"},"W6":{"MR":"13"},"6C":{"VP":"13"},"X7":{"2J":"13"},"8H":{"6X":"13","6W":"13","7W":"13","7X":"13"},"97":{"VJ":"13","VM":"13"},"FF":{"94":"13"},"WG":{"23":"13"},"RC":{"97":"13"},"FR":{"Q8":"13"},"M2":{"R3":"13","R2":"13"},"P3":{"P8":"13"},"VQ":{"C6":"13","95":"13","96":"13","C5":"13"}},"47":{"34":{"C6":"13","F6":"13"},"X3":{"4W":"13"},"F5":{"CH":"13"},"84":{"7Q":"13","6Q":"13","6R":"13","7R":"13"},"V3":{"G9":"13","H9":"13","HC":"13","GC":"13"},"Q4":{"8M":"13"},"95":{"9P":"13"},"33":{"WV":"13","WR":"13"},"R6":{"M2":"13","P2":"13"},"X4":{"JH":"13"},"P5":{"M5":"13","6R":"13"},"C4":{"7X":"13"},"Q2":{"29":"13","28":"13"},"53":{"7Q":"13","7R":"13"},"H3":{"9Q":"13","CP":"13","CQ":"13"},"45":{"X4":"13","C9":"13","3F":"13"},"X5":{"J7":"13","H7":"13"},"P2":{"X9":"13","X8":"13"},"24":{"QJ":"13","QH":"13","P3":"13","MJ":"13","33":"13","34":"13","PJ":"13","23":"13","PH":"13","MH":"13","24":"13"},"G4":{"3X":"13"},"V2":{"C6":"13","9V":"13","F7":"13","C7":"13","CV":"13"},"94":{"X2":"13","35":"13"},"R4":{"GX":"13","RF":"13","QF":"13","HW":"13","HX":"13"},"Q5":{"P5":"13"},"43":{"QR":"13","RR":"13"},"G3":{"GJ":"13"},"V4":{"F5":"13","G4":"13","24":"13","PQ":"13","G5":"13","F4":"13","PR":"13"},"F3":{"HR":"13"},"75":{"3C":"13"},"R5":{"H2":"13","G2":"13"},"54":{"VV":"13"},"G5":{"HV":"13"},"M2":{"8X":"13"},"P3":{"QR":"13","GQ":"13","GR":"13"},"64":{"F4":"13"},"R2":{"RJ":"13","RM":"13"}},"65":{"Q6":{"32":"13"},"PJ":{"WR":"13"},"P9":{"X3":"13"},"C3":{"GP":"13","JH":"13","JJ":"13","GQ":"13"},"VM":{"QF":"13"},"Q7":{"XX":"13"},"8F":{"49":"13"},"P5":{"5V":"13"},"H4":{"23":"13","33":"13"},"4H":{"J7":"13"},"WX":{"P5":"13","M5":"13"},"57":{"RV":"13"},"V9":{"Q6":"13","P7":"13","P6":"13","G5":"13","Q7":"13","G6":"13"},"2H":{"7Q":"13"},"P6":{"5Q":"13"},"JF":{"X6":"13"},"28":{"QR":"13","QV":"13"},"7Q":{"W2":"13"},"F4":{"VQ":"13"},"G6":{"P3":"13"},"2W":{"F9":"13"},"G4":{"XW":"13"},"M6":{"VH":"13"},"M5":{"75":"13","67":"13","68":"13"},"Q5":{"3X":"13"},"G3":{"3R":"13"},"JV":{"XF":"13","WF":"13"},"89":{"RW":"13","RX":"13"},"26":{"M5":"13","J5":"13"},"CV":{"6W":"13"},"FJ":{"P4":"13"},"W6":{"J8":"13"},"54":{"RF":"13","VF":"13"},"WP":{"4G":"13"},"WG":{"83":"13","9J":"13","9M":"13"},"RC":{"Q3":"13","Q4":"13"},"VH":{"FM":"13"},"GF":{"4R":"13"},"P7":{"PP":"13","PQ":"13","WJ":"13","XJ":"13"},"MF":{"26":"13"}},"42":{"Q6":{"2R":"13"},"MH":{"2X":"13"},"F7":{"PG":"13","MH":"13"},"63":{"F7":"13","C7":"13"},"9C":{"FV":"13","GV":"13"},"FC":{"7C":"13"},"QP":{"H5":"13","H4":"13","G4":"13","G5":"13"},"C8":{"FF":"13"},"QV":{"25":"13"},"86":{"F2":"13","F3":"13"},"4C":{"RQ":"13"},"R7":{"86":"13"},"W8":{"69":"13","79":"13"},"MM":{"PV":"13","QV":"13"},"5R":{"JX":"13"},"8X":{"7V":"13","7W":"13"},"QM":{"WH":"13","XH":"13"},"79":{"MM":"13","QM":"13","PM":"13"},"7Q":{"P5":"13","Q5":"13"},"CP":{"89":"13","8C":"13","7C":"13"},"H5":{"84":"13"},"MJ":{"22":"13"},"5W":{"GG":"13","FG":"13"},"M6":{"WH":"13"},"V2":{"5Q":"13","4Q":"13","5P":"13","4P":"13"},"JX":{"Q3":"13","Q2":"13"},"XP":{"68":"13"},"QH":{"7Q":"13","6Q":"13"},"CG":{"R2":"13","V2":"13"},"26":{"GX":"13"},"82":{"GP":"13","62":"13","FP":"13"},"HV":{"V9":"13"},"FV":{"7H":"13","8H":"13"},"27":{"G2":"13"},"VX":{"XQ":"13"},"4V":{"J7":"13","J6":"13"},"G5":{"F4":"13","C5":"13","C4":"13"},"VH":{"HC":"13"},"XG":{"5G":"13","6G":"13"},"QJ":{"4J":"13"},"HW":{"86":"13","87":"13"},"CQ":{"4X":"13"},"JH":{"XX":"13"},"JJ":{"X2":"13","CX":"13"},"3P":{"24":"13","MC":"13"}},"83":{"39":{"64":"13"},"C5":{"V6":"13","W6":"13"},"7G":{"F8":"13"},"78":{"7M":"13","6M":"13","6P":"13"},"77":{"WX":"13","WW":"13","XW":"13"},"74":{"WF":"13"},"58":{"JJ":"13"},"6C":{"CJ":"13","CM":"13","FJ":"13","FM":"13"},"4J":{"26":"13"},"2C":{"Q2":"13","R2":"13","V2":"13"},"3M":{"4W":"13","3W":"13"},"46":{"HR":"13","GR":"13"},"83":{"6Q":"13","6P":"13"},"59":{"X5":"13","X4":"13"},"29":{"5J":"13","5M":"13","6M":"13","RX":"13","6J":"13","VX":"13"},"92":{"RH":"13"},"28":{"R3":"13","V3":"13","R2":"13","V2":"13"},"5G":{"75":"13","76":"13"},"94":{"FQ":"13","GQ":"13"},"4C":{"JC":"13","M9":"13","MC":"13","J9":"13"},"48":{"RW":"13","VW":"13","77":"13","78":"13"},"3F":{"J7":"13","M6":"13","M7":"13","J6":"13"},"4G":{"J8":"13","H9":"13","JC":"13","M9":"13","M8":"13","P9":"13","H8":"13","PC":"13","MC":"13","J9":"13"},"7F":{"J7":"13","H5":"13","H7":"13","J6":"13","J5":"13","H6":"13"},"2F":{"FH":"13"},"5F":{"G6":"13","H7":"13","M7":"13","J7":"13","J8":"13","J6":"13","H6":"13","G7":"13"},"49":{"HC":"13","GC":"13"},"85":{"9P":"13","8P":"13"},"69":{"M8":"13","P8":"13","2C":"13","35":"13","25":"13","3F":"13","4C":"13","3C":"13","2F":"13","36":"13","24":"13","26":"13","4F":"13"},"72":{"2W":"13","3X":"13","2X":"13","3W":"13"},"95":{"HC":"13"},"87":{"W2":"13","4R":"13","V2":"13"},"3J":{"X6":"13"},"76":{"CJ":"13","CM":"13","9J":"13","9M":"13"},"F3":{"83":"13"},"2G":{"RF":"13"},"7C":{"56":"13"}},"52":{"8X":{"MM":"13","MP":"13"},"86":{"9Q":"13","8Q":"13"},"8P":{"QV":"13"},"MH":{"QQ":"13"},"62":{"C6":"13"},"92":{"4V":"13"},"V4":{"86":"13","89":"13","8C":"13"},"R6":{"PF":"13"},"F3":{"4V":"13"},"QF":{"R8":"13"},"2M":{"9J":"13"},"4W":{"G4":"13","G5":"13"},"3C":{"3V":"13","FH":"13","3R":"13"},"47":{"5V":"13"},"JR":{"QX":"13","PX":"13"},"WQ":{"7J":"13"},"PQ":{"RX":"13"},"67":{"CR":"13"},"4J":{"HM":"13"},"CW":{"32":"13","2R":"13","2V":"13","22":"13"},"FG":{"84":"13","94":"13"},"4C":{"4Q":"13"},"HG":{"HX":"13"},"28":{"CH":"13"},"W7":{"34":"13","33":"13"},"9W":{"WQ":"13","VP":"13","VQ":"13","WP":"13"},"2R":{"M6":"13"},"49":{"MP":"13","MQ":"13"},"R8":{"HQ":"13"},"96":{"26":"13","25":"13"},"HH":{"H2":"13"},"9M":{"9C":"13"},"27":{"25":"13","35":"13"},"WH":{"33":"13"},"GG":{"XX":"13"},"4Q":{"6J":"13"},"WG":{"3V":"13","4W":"13","4V":"13","3W":"13"},"CQ":{"7G":"13"},"6P":{"73":"13","5G":"13","5H":"13"},"JM":{"MX":"13","PX":"13","PW":"13","MW":"13"},"PC":{"95":"13","C5":"13"},"3P":{"VR":"13","7C":"13"},"2G":{"32":"13","42":"13","43":"13","33":"13"},"FF":{"HF":"13","GC":"13"},"44":{"HC":"13"}},"33":{"78":{"G7":"13"},"9C":{"XG":"13","XF":"13","WF":"13","WG":"13"},"H7":{"PR":"13"},"M7":{"H4":"13","J4":"13"},"46":{"XH":"13","XJ":"13"},"RQ":{"MG":"13"},"52":{"C8":"13"},"V7":{"HC":"13","G7":"13"},"GQ":{"XM":"13"},"X5":{"HX":"13"},"PC":{"JV":"13"},"72":{"4R":"13","4V":"13"},"XV":{"9F":"13"},"X3":{"PW":"13"},"MX":{"82":"13"},"PX":{"HF":"13"},"2Q":{"GF":"13","FC":"13","FF":"13","GC":"13"}},"43":{"5V":{"9R":"13","FX":"13","P2":"13"},"8P":{"F5":"13"},"3R":{"6W":"13"},"8Q":{"36":"13"},"H7":{"4H":"13","3H":"13"},"5R":{"HW":"13"},"PH":{"MJ":"13","MH":"13"},"RG":{"2J":"13"},"R6":{"JC":"13","M9":"13","MC":"13","J9":"13"},"W5":{"Q3":"13"},"QC":{"P6":"13"},"6M":{"H5":"13"},"J7":{"5C":"13","4C":"13"},"HJ":{"GX":"13"},"2M":{"9R":"13","9V":"13","8V":"13","8R":"13"},"4W":{"58":"13","59":"13"},"GJ":{"JW":"13"},"47":{"F2":"13"},"M6":{"P8":"13"},"7W":{"52":"13"},"MX":{"CW":"13","9X":"13","9W":"13","CX":"13"},"CM":{"X6":"13"},"VP":{"74":"13"},"67":{"XG":"13"},"9C":{"CQ":"13"},"G2":{"54":"13","65":"13","55":"13"},"RR":{"9W":"13"},"GH":{"2W":"13"},"4C":{"XV":"13"},"HG":{"WC":"13","VC":"13"},"6X":{"FH":"13","FG":"13"},"W7":{"4F":"13"},"JH":{"XP":"13","WP":"13"},"9W":{"8P":"13"},"29":{"4F":"13","4G":"13"},"J6":{"6F":"13","5F":"13"},"7V":{"7X":"13"},"WR":{"38":"13","4H":"13"},"6V":{"8V":"13"},"R4":{"M6":"13","M7":"13"},"GX":{"C6":"13","C7":"13"},"HP":{"CP":"13"},"4R":{"62":"13"},"X8":{"CF":"13"},"46":{"MQ":"13","FX":"13"},"FR":{"92":"13"},"9J":{"32":"13"},"W6":{"W8":"13","V8":"13"},"7R":{"RV":"13"},"FH":{"RR":"13"},"4Q":{"6X":"13"},"FM":{"26":"13","J4":"13"},"JW":{"FF":"13"},"P9":{"WC":"13"},"M3":{"Q4":"13","Q5":"13"},"XM":{"73":"13"},"VC":{"J2":"13","M2":"13"},"6P":{"85":"13"},"M8":{"8J":"13"},"QJ":{"PJ":"13"},"QP":{"22":"13"},"9Q":{"C9":"13"},"32":{"CJ":"13","FJ":"13"},"XJ":{"M3":"13"},"PX":{"J7":"13","M7":"13"},"HQ":{"JM":"13","HM":"13"},"MV":{"X4":"13","X3":"13"},"VF":{"HV":"13","GV":"13"},"MF":{"QM":"13","QP":"13"},"CF":{"QW":"13","PX":"13","PW":"13"},"HW":{"HJ":"13"},"8F":{"2M":"13"},"5H":{"QF":"13"}},"82":{"Q6":{"23":"13","22":"13"},"J5":{"V7":"13","W7":"13","P9":"13"},"FQ":{"PP":"13"},"7J":{"8J":"13"},"95":{"JG":"13"},"GC":{"36":"13","35":"13"},"G9":{"6R":"13","7R":"13"},"QP":{"H9":"13","HC":"13"},"GH":{"PG":"13"},"C8":{"7P":"13","6P":"13"},"C6":{"JJ":"13"},"R6":{"5R":"13","WR":"13","5V":"13"},"8F":{"PH":"13"},"C2":{"JH":"13","MH":"13"},"88":{"RG":"13"},"HM":{"WX":"13","VX":"13"},"PP":{"FG":"13"},"9H":{"X6":"13","X7":"13"},"8Q":{"G8":"13","G7":"13"},"2C":{"68":"13"},"6P":{"7F":"13","7C":"13"},"W8":{"65":"13"},"RJ":{"9G":"13"},"8C":{"86":"13","85":"13"},"QQ":{"74":"13"},"F4":{"4X":"13"},"8J":{"9W":"13","8W":"13"},"2Q":{"M2":"13","M3":"13"},"W9":{"7F":"13","82":"13","H7":"13"},"HX":{"MF":"13","JF":"13","P9":"13"},"7G":{"86":"13","87":"13"},"P8":{"8V":"13","8R":"13"},"FG":{"G5":"13","G6":"13"},"JV":{"X8":"13"},"4M":{"R6":"13"},"3H":{"49":"13","48":"13"},"44":{"4J":"13","4H":"13"},"HV":{"5Q":"13","4Q":"13","5P":"13","82":"13","4P":"13"},"2V":{"G7":"13","H7":"13"},"9F":{"3F":"13","HR":"13","GR":"13"},"GX":{"5H":"13"},"8V":{"FF":"13"},"CC":{"V7":"13"},"8H":{"72":"13"},"FR":{"6H":"13","5H":"13"},"MQ":{"3H":"13"},"MR":{"29":"13","2C":"13"},"76":{"46":"13","47":"13"},"JJ":{"QR":"13","QQ":"13"},"R2":{"35":"13"}},"72":{"63":{"8H":"13","9H":"13"},"QP":{"98":"13","C7":"13","C8":"13"},"Q7":{"P5":"13","P6":"13"},"8F":{"J5":"13"},"35":{"MR":"13"},"2X":{"PH":"13","MH":"13"},"6X":{"HH":"13"},"3R":{"JW":"13"},"2R":{"7H":"13"},"H3":{"FV":"13","FR":"13"},"56":{"F6":"13"},"WW":{"3V":"13"},"F9":{"FH":"13","CH":"13"},"8G":{"2W":"13","2V":"13"},"HG":{"XR":"13"},"JM":{"QJ":"13","QM":"13","RJ":"13","RM":"13"},"WQ":{"34":"13","44":"13"},"W3":{"83":"13","82":"13"},"HX":{"H2":"13","H3":"13"},"43":{"GW":"13"},"5V":{"F4":"13","C4":"13"},"CG":{"5J":"13","5H":"13"},"5C":{"29":"13","39":"13","2C":"13","3C":"13"},"QR":{"93":"13","C3":"13"},"CJ":{"FW":"13","GW":"13"},"98":{"2C":"13"},"8M":{"3W":"13"},"48":{"M4":"13"},"XG":{"4X":"13","5X":"13"},"6G":{"R8":"13"},"MR":{"V5":"13"}},"53":{"RQ":{"5G":"13","6G":"13"},"GC":{"WJ":"13","WM":"13"},"XG":{"4Q":"13","5M":"13","5P":"13"},"J2":{"2X":"13"},"P7":{"H4":"13"},"FF":{"J5":"13"},"VM":{"RV":"13"},"38":{"FG":"13","FF":"13","GC":"13"},"XJ":{"9X":"13","8X":"13"},"32":{"4J":"13","4H":"13"},"PR":{"5J":"13"},"HX":{"VP":"13","VQ":"13"},"WV":{"7F":"13"},"25":{"HF":"13","JF":"13"},"GM":{"9Q":"13","8Q":"13"},"PM":{"MP":"13","MQ":"13"},"HF":{"XX":"13"},"3R":{"4P":"13"},"HG":{"X2":"13"},"67":{"6J":"13","68":"13"},"PX":{"H3":"13"},"QG":{"Q2":"13"},"QP":{"Q2":"13"},"84":{"F6":"13"},"FH":{"CP":"13","FP":"13"},"9J":{"X9":"13"},"96":{"46":"13"},"79":{"G3":"13","H3":"13","G2":"13"},"29":{"CF":"13"},"HM":{"RF":"13","VF":"13"},"CJ":{"29":"13","CH":"13"},"4F":{"63":"13","73":"13","72":"13","62":"13"},"MP":{"H7":"13","H6":"13","G6":"13"},"MG":{"H6":"13"},"5M":{"52":"13","53":"13"},"C2":{"8F":"13"},"7G":{"GX":"13"},"CF":{"9P":"13","GR":"13"},"58":{"JR":"13"},"RF":{"28":"13","27":"13"},"6Q":{"F2":"13","WF":"13","C2":"13"},"FQ":{"PV":"13","PR":"13"},"5J":{"6C":"13"},"QF":{"GX":"13","HX":"13"},"3H":{"HR":"13"},"GG":{"7F":"13","6F":"13","99":"13","89":"13"},"P3":{"QM":"13","RM":"13"},"97":{"4W":"13","3X":"13","3W":"13"},"FP":{"28":"13"},"62":{"XP":"13"},"V3":{"74":"13"},"C9":{"9W":"13","8W":"13"},"9W":{"CM":"13","9M":"13"},"WJ":{"4F":"13","3F":"13"},"H4":{"RP":"13","VP":"13"},"7H":{"G2":"13"},"G9":{"CP":"13"},"6W":{"69":"13","6C":"13"},"45":{"62":"13"},"2G":{"GX":"13"},"4H":{"MC":"13"},"PH":{"P4":"13"},"M2":{"57":"13","67":"13"},"27":{"43":"13"},"HJ":{"M5":"13","M6":"13"},"JC":{"4X":"13","4W":"13","X9":"13","X8":"13"},"2H":{"G2":"13"},"FW":{"8W":"13"},"GR":{"R9":"13","PC":"13","RC":"13"},"MQ":{"84":"13"},"VQ":{"RQ":"13","PC":"13","PF":"13","QC":"13"},"77":{"CJ":"13"},"4C":{"5Q":"13"},"JP":{"F2":"13","G2":"13"},"FR":{"JC":"13","J9":"13"},"57":{"34":"13"},"X8":{"MC":"13"},"3M":{"QG":"13","PG":"13","JC":"13","MC":"13"}},"26":{"86":{"GX":"13","HW":"13","GW":"13"},"QM":{"J4":"13"},"C6":{"69":"13","79":"13","6C":"13","7C":"13"},"MH":{"RM":"13"},"92":{"RR":"13"},"XQ":{"RH":"13","RG":"13"},"C5":{"HC":"13","9X":"13","2H":"13","CX":"13"},"HF":{"WQ":"13"},"PH":{"88":"13"},"RM":{"QX":"13"},"J5":{"75":"13","76":"13","43":"13","33":"13"},"XH":{"2X":"13"},"QG":{"87":"13","77":"13"},"VP":{"GG":"13"},"G4":{"FW":"13","GW":"13"},"F5":{"XM":"13"},"V6":{"9R":"13","7W":"13","8R":"13"},"F7":{"7F":"13","9F":"13","8F":"13","9C":"13","8C":"13","7G":"13"},"F2":{"29":"13"},"52":{"89":"13"},"HG":{"V2":"13"},"MC":{"JP":"13"},"97":{"X6":"13","W4":"13","F3":"13","W5":"13","X5":"13","W6":"13","V5":"13"},"95":{"XH":"13"},"96":{"64":"13"},"GF":{"P2":"13"},"C2":{"5Q":"13","5P":"13","6P":"13","X9":"13","4P":"13"},"P7":{"HF":"13"},"WH":{"XX":"13"},"RF":{"V7":"13","R7":"13"},"PJ":{"PJ":"13","MJ":"13"},"M3":{"Q4":"13"},"QJ":{"6R":"13"},"F9":{"CR":"13"},"54":{"52":"13"},"74":{"H2":"13","G2":"13"},"C8":{"FR":"13"},"87":{"HJ":"13","J3":"13","JJ":"13","M3":"13"},"75":{"94":"13"},"G5":{"83":"13","65":"13","72":"13","82":"13","64":"13"}},"57":{"63":{"X2":"13"},"34":{"MP":"13"},"83":{"52":"13","53":"13"},"44":{"49":"13","4C":"13"},"32":{"P5":"13"},"25":{"99":"13","89":"13","8C":"13"},"24":{"WC":"13"},"G2":{"VF":"13"},"52":{"JM":"13"},"53":{"R7":"13"},"22":{"C7":"13","C8":"13"}},"23":{"QJ":{"W7":"13"},"HH":{"6C":"13"},"HX":{"5C":"13","7J":"13"},"43":{"JV":"13"},"MP":{"3V":"13"},"VV":{"X2":"13"},"RG":{"HQ":"13"},"5W":{"99":"13","89":"13"},"MJ":{"54":"13","44":"13"},"GV":{"PM":"13","PP":"13"},"VW":{"V7":"13","W7":"13","W8":"13","V8":"13"},"W3":{"MX":"13"},"PR":{"XR":"13"},"JX":{"6X":"13","7W":"13","7X":"13"},"GQ":{"VG":"13","VF":"13","WF":"13"},"RP":{"7H":"13","6H":"13"},"7V":{"9F":"13","77":"13","78":"13","CF":"13"},"4R":{"JM":"13"},"QX":{"2V":"13"},"JQ":{"7F":"13","8F":"13","79":"13","8C":"13","7C":"13"},"VJ":{"5H":"13"},"9J":{"7P":"13"},"JR":{"G7":"13","H7":"13"},"9W":{"W3":"13"}},"46":{"RW":{"7Q":"13","6Q":"13","7P":"13","8Q":"13","6R":"13","7R":"13"},"G5":{"HW":"13","46":"13"},"R7":{"C7":"13"},"R2":{"77":"13","67":"13"},"Q8":{"2X":"13"},"HQ":{"36":"13","46":"13","35":"13"},"WM":{"RG":"13"},"V2":{"3M":"13","4M":"13"},"XG":{"CM":"13"},"75":{"3J":"13","2H":"13","3H":"13"},"X5":{"3G":"13","4G":"13"},"C6":{"84":"13","75":"13","76":"13"},"R8":{"99":"13","9C":"13"},"FJ":{"JC":"13","HC":"13"},"53":{"RV":"13","VV":"13"},"4G":{"9Q":"13","9P":"13","8P":"13"},"RC":{"H5":"13","J5":"13"},"FM":{"WP":"13"},"F2":{"F2":"13"},"MR":{"J9":"13"},"CR":{"FJ":"13","GJ":"13"},"8R":{"JH":"13","JG":"13"},"J6":{"Q8":"13"},"V4":{"WJ":"13","WM":"13"},"4C":{"P5":"13","M5":"13"},"CX":{"QR":"13","RR":"13","RQ":"13","QQ":"13"},"P4":{"F5":"13","F6":"13"},"V6":{"GH":"13"},"25":{"F4":"13","C4":"13"},"4P":{"XH":"13"},"QJ":{"29":"13","39":"13"},"88":{"2H":"13"},"HV":{"WR":"13","WQ":"13","VQ":"13"},"8F":{"8M":"13","8P":"13"},"HF":{"X5":"13"},"58":{"CV":"13"},"89":{"JH":"13"},"33":{"3G":"13","2J":"13"},"R9":{"X6":"13"},"RM":{"M3":"13"},"M6":{"R9":"13","3C":"13"},"6G":{"V8":"13"},"7Q":{"5C":"13"},"VP":{"3M":"13","2M":"13"},"6W":{"76":"13"},"V9":{"V7":"13","W7":"13"},"56":{"W5":"13"},"C9":{"6C":"13"},"2Q":{"3H":"13"},"5P":{"2R":"13","2V":"13"},"9P":{"Q9":"13"},"JH":{"V2":"13"},"F9":{"JJ":"13"},"C7":{"XM":"13"},"PQ":{"XQ":"13"},"Q9":{"X2":"13","WC":"13"},"94":{"MW":"13","7G":"13"},"2C":{"86":"13","76":"13","87":"13"},"RR":{"GR":"13","GV":"13"},"XF":{"8P":"13"},"X9":{"67":"13","68":"13"},"5F":{"QM":"13"},"C4":{"6M":"13"},"RV":{"X6":"13","X7":"13"},"C3":{"CP":"13","VP":"13","WP":"13"},"WQ":{"86":"13","85":"13","75":"13","76":"13","68":"13"},"9C":{"4X":"13","XX":"13","Q6":"13","5X":"13"},"74":{"3C":"13"},"55":{"HR":"13"},"8G":{"WH":"13"},"2X":{"53":"13"},"8M":{"VF":"13"},"VW":{"67":"13","68":"13"},"R3":{"2X":"13","MR":"13"},"PW":{"7X":"13"},"P9":{"3Q":"13","4Q":"13"},"V3":{"PP":"13","PQ":"13"},"VH":{"GF":"13","HC":"13","GC":"13"},"J9":{"F9":"13"},"83":{"97":"13","87":"13"},"VM":{"VH":"13"},"7M":{"HC":"13"},"8X":{"72":"13"},"32":{"X9":"13"},"44":{"FR":"13"},"8C":{"QJ":"13","RJ":"13"},"2W":{"9Q":"13","FG":"13"},"J3":{"MV":"13","PV":"13"},"2J":{"X5":"13"},"W3":{"X9":"13","XC":"13"},"P5":{"X9":"13","X8":"13"},"W6":{"QP":"13","PP":"13","PQ":"13","QQ":"13"},"93":{"5P":"13"},"4R":{"69":"13","58":"13","59":"13","68":"13"},"JG":{"J5":"13"},"5Q":{"W6":"13"},"VV":{"26":"13","27":"13"},"G2":{"4V":"13"},"CH":{"Q3":"13","Q2":"13","W2":"13","P3":"13","P2":"13"},"8V":{"QX":"13","RX":"13"},"5M":{"5Q":"13"},"PP":{"MP":"13"},"3W":{"R7":"13","Q7":"13"},"3P":{"83":"13","73":"13"},"96":{"7P":"13"},"Q3":{"3V":"13","HH":"13","XX":"13","2V":"13","WW":"13","XW":"13"},"22":{"6R":"13"},"GG":{"22":"13"},"X4":{"FQ":"13","GQ":"13"},"57":{"Q9":"13","QC":"13"},"6C":{"25":"13"},"F7":{"RX":"13","2M":"13"},"J4":{"R4":"13"},"MG":{"XC":"13"},"79":{"5V":"13"},"78":{"R8":"13"},"CG":{"WX":"13","78":"13"},"RQ":{"QG":"13","RG":"13"},"45":{"QR":"13","W8":"13","W9":"13"},"62":{"2R":"13"},"39":{"69":"13","59":"13"},"63":{"9G":"13"},"MJ":{"79":"13","78":"13"},"CF":{"H8":"13"},"77":{"3C":"13"},"Q4":{"4P":"13","P3":"13","FJ":"13","M3":"13","4Q":"13","5P":"13","CJ":"13","5Q":"13","P2":"13"},"JQ":{"J5":"13","C4":"13"},"76":{"GX":"13"},"HP":{"R8":"13","R9":"13"},"46":{"XQ":"13"},"X3":{"2C":"13"},"R4":{"XV":"13","WV":"13"},"GH":{"8C":"13"},"35":{"C3":"13"},"FW":{"99":"13"},"6M":{"3J":"13"},"CQ":{"39":"13","3C":"13"},"PG":{"2C":"13"},"MM":{"HC":"13"},"V7":{"5G":"13"},"54":{"97":"13"},"6J":{"R7":"13"},"W2":{"7P":"13"},"CV":{"8V":"13","8R":"13"},"5G":{"GF":"13","GC":"13"},"FR":{"VJ":"13","WJ":"13"}},"64":{"62":{"5R":"13","4R":"13"},"RX":{"H9":"13","HC":"13","89":"13"},"FX":{"PX":"13"},"95":{"XG":"13","XF":"13"},"9P":{"4P":"13"},"33":{"72":"13"},"6V":{"FV":"13","FW":"13","GW":"13","GV":"13"},"86":{"Q2":"13","P2":"13"},"RM":{"63":"13","62":"13"},"W2":{"F7":"13"},"7H":{"Q9":"13"},"8C":{"3X":"13","2X":"13"},"78":{"V2":"13"},"28":{"Q2":"13","R2":"13"},"52":{"42":"13"},"W9":{"9J":"13","9H":"13"},"H6":{"G6":"13"},"25":{"6M":"13"},"4M":{"PP":"13","PQ":"13"},"32":{"7X":"13"},"98":{"X3":"13"},"27":{"QX":"13"},"96":{"42":"13","52":"13"},"6C":{"4Q":"13","4R":"13"},"4R":{"P2":"13"},"GF":{"QJ":"13","MM":"13","QH":"13","MJ":"13"},"QJ":{"VG":"13","VF":"13","WF":"13","WG":"13","VH":"13"},"23":{"33":"13"}},"63":{"6W":{"4X":"13","4W":"13"},"P4":{"5J":"13"},"PJ":{"9Q":"13","8Q":"13","9R":"13","8R":"13"},"3X":{"F3":"13"},"PV":{"V7":"13","W7":"13","V6":"13","W6":"13"},"RV":{"WW":"13","XW":"13"},"FP":{"JH":"13","7G":"13"},"GH":{"MJ":"13"},"GG":{"VG":"13","VH":"13"},"QV":{"49":"13"},"PP":{"HH":"13"},"8Q":{"CM":"13"},"7R":{"JV":"13","JR":"13","HV":"13"},"WW":{"MV":"13","MR":"13"},"5M":{"MX":"13","PX":"13","PW":"13","MW":"13"},"QG":{"65":"13","66":"13"},"VJ":{"RH":"13","RG":"13"},"JX":{"8J":"13"},"MP":{"23":"13","24":"13"},"XX":{"XW":"13"},"WJ":{"F7":"13","C7":"13"},"M3":{"VG":"13"},"49":{"4F":"13","5G":"13","4G":"13","5F":"13"},"96":{"PG":"13","PH":"13"},"4J":{"J2":"13","M2":"13"},"VH":{"H4":"13","H3":"13"}},"54":{"8X":{"R2":"13"},"H3":{"4J":"13"},"66":{"Q3":"13","Q2":"13"},"H8":{"7R":"13"},"84":{"73":"13"},"92":{"VP":"13"},"5Q":{"MW":"13"},"3V":{"FW":"13"},"C5":{"VV":"13","VW":"13"},"P6":{"H2":"13","H3":"13"},"R6":{"VP":"13"},"QH":{"Q2":"13","P2":"13"},"J5":{"99":"13","89":"13"},"Q7":{"3C":"13"},"JJ":{"GX":"13"},"XH":{"MV":"13","PV":"13","PW":"13","MW":"13"},"HJ":{"37":"13","74":"13"},"3F":{"VG":"13"},"47":{"4F":"13"},"JR":{"96":"13"},"V9":{"P6":"13"},"GV":{"CP":"13","CM":"13","FM":"13","FP":"13"},"65":{"FX":"13"},"Q4":{"G3":"13","H3":"13"},"F7":{"4R":"13","3R":"13"},"GW":{"J3":"13","J2":"13"},"X2":{"H6":"13","G6":"13"},"7Q":{"PV":"13","QV":"13"},"GH":{"FG":"13"},"7C":{"4J":"13","5J":"13","4H":"13","5H":"13"},"W3":{"3P":"13","F8":"13","G8":"13","4P":"13"},"Q8":{"CR":"13"},"F2":{"WP":"13"},"9F":{"CM":"13"},"W7":{"GM":"13"},"MG":{"54":"13","64":"13"},"33":{"P5":"13","Q5":"13"},"GC":{"H5":"13","G5":"13"},"3J":{"23":"13","22":"13"},"V2":{"QR":"13","QQ":"13"},"53":{"J4":"13"},"C3":{"5J":"13","5M":"13"},"C9":{"2M":"13","3F":"13"},"26":{"R2":"13"},"58":{"GH":"13"},"RF":{"77":"13","67":"13"},"GP":{"PJ":"13","PH":"13"},"XX":{"6F":"13","5C":"13","5F":"13"},"GG":{"29":"13","5X":"13"},"RV":{"8G":"13","9G":"13"},"64":{"VV":"13","VW":"13"},"FH":{"W2":"13","V2":"13"},"V5":{"JM":"13"},"QJ":{"QV":"13"},"39":{"RW":"13"},"WF":{"FR":"13","FQ":"13"},"JM":{"C2":"13","G2":"13"},"5M":{"3G":"13","3F":"13"},"87":{"7F":"13","7G":"13"},"M7":{"24":"13"},"R5":{"P6":"13"},"HW":{"44":"13","45":"13"},"34":{"CF":"13"},"8J":{"P4":"3","P3":"3"},"99":{"XM":"13"}},"74":{"F7":{"GV":"13"},"7J":{"MV":"13","MR":"13"},"C8":{"VF":"13"},"C6":{"VJ":"13","VM":"13","WJ":"13","WM":"13"},"72":{"5Q":"13","4Q":"13"},"85":{"9F":"13","CF":"13"},"C2":{"J7":"13","J8":"13","M8":"13","M7":"13"},"86":{"2C":"13"},"5P":{"7Q":"13","7P":"13"},"2R":{"FR":"13","CR":"13"},"J4":{"7Q":"13","7R":"13"},"56":{"58":"13","68":"13"},"P2":{"49":"13"},"8G":{"WH":"13"},"G6":{"X2":"13","X3":"13"},"2W":{"F8":"13","G8":"13","G7":"13","F7":"13"},"8J":{"55":"13","45":"13"},"J3":{"HG":"13"},"H6":{"R7":"13","Q7":"13"},"C7":{"GG":"13","GF":"13"},"32":{"69":"13","68":"13"},"2V":{"R7":"13","Q7":"13"},"4F":{"JX":"13"},"7M":{"5M":"13","5P":"13"},"76":{"CC":"13","FC":"13","FF":"13","CF":"13"}},"32":{"9Q":{"H7":"13","H6":"13"},"V3":{"VW":"13"},"9P":{"7Q":"13"},"65":{"4J":"13"},"87":{"5M":"13","5P":"13"},"RM":{"9W":"13","9V":"13"},"WV":{"GP":"13","GM":"13"},"MM":{"95":"13"},"99":{"JV":"13","JW":"13"},"2W":{"G4":"13","G5":"13"},"FM":{"RG":"13","QM":"13","MW":"13"},"HX":{"59":"13","49":"13"},"CG":{"HW":"13"},"55":{"VF":"13"},"WJ":{"CC":"13"},"FJ":{"2R":"13","2V":"13"},"3M":{"5C":"13"},"G5":{"WH":"13","VG":"13","WG":"13","VH":"13"},"WC":{"5C":"13","5F":"13"},"QJ":{"9F":"13","CF":"13"},"HW":{"M6":"13"},"23":{"8V":"13","7V":"13"},"67":{"FJ":"13","FM":"13"}},"22":{"HG":{"QG":"13","QH":"13"},"3M":{"8C":"13"},"5G":{"39":"13","38":"13"},"H6":{"98":"13","99":"13"},"4C":{"C3":"13"},"RR":{"PG":"13"},"JW":{"R8":"13","V8":"13"},"79":{"89":"13"},"2Q":{"VX":"13"},"2R":{"PM":"13"},"4X":{"4H":"13","3H":"13"},"RW":{"JQ":"13"}},"44":{"J2":{"87":"13"},"FJ":{"6F":"13","7G":"13"},"QW":{"RV":"13","RR":"13"},"PW":{"55":"13"},"86":{"PP":"13"},"H8":{"82":"13"},"C6":{"47":"13"},"J9":{"FF":"13"},"8Q":{"9M":"13"},"X3":{"P4":"13","P3":"13"},"5F":{"9V":"13"},"GR":{"6X":"13","7X":"13"},"PH":{"RC":"13"},"QR":{"MV":"13","JW":"13","MW":"13"},"H9":{"9H":"13"},"RM":{"RW":"13"},"F3":{"8Q":"13"},"QH":{"PX":"13"},"73":{"MJ":"13","MH":"13"},"Q7":{"C2":"13","C3":"13"},"M5":{"27":"13"},"3C":{"98":"13","97":"13"},"GJ":{"WP":"13"},"JR":{"C5":"13","C4":"13","94":"13"},"JG":{"G9":"13","F9":"13"},"V9":{"FR":"13","FQ":"13","CQ":"13","CR":"13"},"PQ":{"47":"13"},"F5":{"5G":"13","4G":"13","5H":"13"},"42":{"RF":"13","RG":"13"},"G2":{"MJ":"13"},"7Q":{"C6":"13"},"GH":{"PR":"13"},"CW":{"JJ":"13","MP":"13"},"CG":{"9F":"13"},"98":{"XW":"13"},"5J":{"9F":"13","CF":"13"},"XV":{"C3":"13"},"VR":{"9R":"13","CR":"13"},"94":{"8C":"13"},"2H":{"2J":"13"},"72":{"86":"13"},"C3":{"FM":"13"},"2Q":{"VR":"13","WR":"13"},"79":{"37":"13","52":"13","53":"13","62":"13"},"GF":{"59":"13"},"9M":{"PJ":"13","PH":"13","WP":"13"},"X8":{"JV":"13"},"WH":{"72":"13","82":"13"},"GP":{"FH":"13","77":"13"},"R3":{"39":"13"},"FR":{"X2":"13"},"CH":{"VF":"13","CX":"13"},"MJ":{"C3":"13"},"PJ":{"MX":"13","JX":"13"},"CR":{"53":"13"},"XM":{"WX":"13","VX":"13"},"QJ":{"P2":"13"},"QP":{"GW":"13"},"8W":{"28":"13","27":"13"},"V7":{"WP":"13"},"F9":{"M5":"13","M6":"13","J6":"13","J5":"13"},"3G":{"J7":"13","J8":"13","H8":"13"},"C7":{"WR":"13","WQ":"13"},"VW":{"6X":"13","5X":"13"},"74":{"FV":"13","GV":"13"},"9R":{"HX":"13"},"XP":{"H8":"13","V2":"13","W2":"13","PG":"13","5G":"13","J8":"13","J9":"13","QG":"13","5F":"13","4F":"13"},"PX":{"Q5":"13"},"JF":{"8Q":"13","7V":"13"},"88":{"M8":"13"},"CF":{"36":"13","37":"13"},"44":{"Q7":"13"},"HW":{"45":"13","35":"13"},"JP":{"R8":"13","R9":"13"},"4V":{"2C":"13","3C":"13","3F":"13"},"56":{"R2":"13"},"8G":{"GP":"13","GM":"13","FM":"13","FP":"13"},"G5":{"WX":"13"},"37":{"X9":"13"},"55":{"RX":"13"}},"89":{"5H":{"4Q":"13","4P":"13"}},"36":{"FJ":{"XG":"13"},"9P":{"7H":"13"},"VM":{"JW":"13"},"35":{"44":"13"},"5V":{"74":"13"},"H8":{"GM":"13","HM":"13"},"38":{"5M":"13","5P":"13","6M":"13","6P":"13"},"93":{"V3":"13","W3":"13","X2":"13"},"F4":{"R3":"13"},"X3":{"MV":"13","MR":"13"},"WJ":{"JQ":"13","W6":"13"},"5R":{"M5":"13","J5":"13"},"C5":{"R9":"13"},"XR":{"V8":"13"},"V4":{"8W":"13"},"RG":{"WP":"13"},"QQ":{"M9":"13"},"QC":{"QF":"13","QG":"13","PG":"13"},"9V":{"MP":"13"},"M5":{"8M":"13","7M":"13","W3":"13","X3":"13"},"HJ":{"3V":"13","4V":"13"},"XG":{"QR":"13","P8":"13","QQ":"13"},"QG":{"7P":"13"},"3C":{"7V":"13"},"47":{"72":"13","62":"13"},"H2":{"3V":"13","3W":"13"},"7W":{"42":"13","52":"13"},"JG":{"GX":"13","FX":"13"},"5G":{"5Q":"13"},"VP":{"G7":"13","H7":"13"},"65":{"9M":"13"},"V6":{"VF":"13"},"G2":{"WX":"13","WW":"13"},"FV":{"QF":"13","QG":"13"},"4C":{"XJ":"13"},"83":{"VV":"13"},"9F":{"G9":"13","FC":"13","F9":"13","GC":"13"},"FP":{"GR":"13"},"JQ":{"R7":"13","R6":"13"},"9W":{"QV":"13"},"XV":{"4X":"13"},"W8":{"5H":"13"},"CV":{"4R":"13"},"49":{"HF":"13","GF":"13"},"95":{"F8":"13","C8":"13"},"P2":{"9F":"13","8F":"13","VW":"13","FJ":"13","GH":"13","WW":"13","XW":"13","GJ":"13"},"HX":{"6P":"13"},"J6":{"MM":"13","PM":"13","PP":"13"},"53":{"V7":"13","V6":"13"},"7V":{"4X":"13","5X":"13"},"WR":{"42":"13"},"Q6":{"6Q":"13","6R":"13","6P":"13","7V":"13","7R":"13"},"GX":{"XM":"13","WM":"13"},"P5":{"J2":"13"},"X5":{"94":"13","C4":"13"},"76":{"F3":"13"},"VX":{"RH":"13","RJ":"13"},"GF":{"H4":"13"},"23":{"F9":"13"},"CJ":{"88":"13","87":"13"},"W2":{"JG":"13"},"R3":{"VF":"13","VC":"13"},"5C":{"2J":"13"},"H5":{"6R":"13","7R":"13"},"MJ":{"FW":"13","FX":"13"},"VH":{"4X":"13"},"F6":{"W3":"13"},"JW":{"3Q":"13","4Q":"13"},"8C":{"M2":"13","P2":"13"},"G7":{"J8":"13","H8":"13"},"V7":{"4F":"13"},"F9":{"26":"13","25":"13"},"54":{"W9":"13"},"VV":{"PX":"13","PW":"13"},"XP":{"W3":"13","X3":"13"},"M9":{"7P":"13"},"87":{"PG":"13","PH":"13"},"PX":{"55":"13"},"M7":{"CQ":"13"},"FF":{"XJ":"13","WJ":"13"},"8R":{"WW":"13","XW":"13"},"59":{"WC":"13","XC":"13"},"89":{"MX":"13","PX":"13"},"4V":{"33":"13"},"7F":{"VG":"13"},"X7":{"WX":"13","WW":"13","VX":"13"},"37":{"MF":"13","PG":"13","PF":"13"}},"34":{"RX":{"WQ":"13"},"FX":{"PM":"13"},"CW":{"M7":"13"},"PR":{"GF":"13"},"85":{"G2":"13"},"7F":{"HM":"13"},"35":{"XF":"13","V8":"13"},"6M":{"P7":"13","Q7":"13"},"WX":{"WM":"13"},"88":{"38":"13","48":"13"},"7P":{"W2":"13","V2":"13"},"HR":{"P9":"13"},"WV":{"9X":"13"},"MC":{"F3":"13"},"9G":{"PJ":"13","PH":"13","MJ":"13","MH":"13"},"78":{"FC":"13","XJ":"13","FF":"13"},"X5":{"34":"13","24":"13"},"WW":{"92":"13"},"CP":{"4X":"13"},"VG":{"9Q":"13","8Q":"13"},"MJ":{"MX":"13","JX":"13"},"F8":{"34":"13","44":"13","55":"13","45":"13","35":"13"},"2F":{"4W":"13"},"59":{"8H":"13"},"W9":{"46":"13","47":"13","57":"13","56":"13"},"J9":{"CG":"13"},"2G":{"86":"13"},"PC":{"GR":"13"},"3H":{"6H":"13","6J":"13","7J":"13"},"29":{"QF":"13"},"68":{"56":"13"},"9R":{"GW":"13","HV":"13","GV":"13"},"WP":{"GG":"13","FH":"13","FG":"13","GH":"13"},"JP":{"PF":"13"},"HW":{"FR":"13","FQ":"13","RP":"13","CR":"13"},"6Q":{"5H":"13"},"R2":{"68":"13","78":"13"}},"56":{"MX":{"Q4":"13","Q5":"13"},"6W":{"7Q":"13"},"GP":{"56":"13"},"F7":{"G4":"13","G5":"13"},"PJ":{"HG":"13","JG":"13"},"V3":{"WR":"13"},"5G":{"46":"13","55":"13","56":"13"},"RV":{"QF":"13","QC":"13"},"FP":{"J7":"13","H7":"13"},"5Q":{"94":"13"},"G9":{"XP":"13","72":"13","62":"13"},"9P":{"R3":"13","V3":"13","V4":"13","59":"13","R4":"13"},"GH":{"95":"13","C5":"13"},"VR":{"PW":"13"},"65":{"8J":"13"},"X4":{"RF":"13"},"4G":{"X6":"13"},"QV":{"77":"13"},"XH":{"39":"13"},"8F":{"55":"13","56":"13"},"M7":{"QM":"13","MP":"13","MQ":"13"},"6J":{"8F":"13"},"7P":{"MJ":"13"},"6X":{"JR":"13"},"XJ":{"7M":"13","7P":"13","47":"13","57":"13"},"HR":{"Q8":"13","Q7":"13"},"9J":{"CW":"13"},"MG":{"P5":"13","P6":"13","R9":"13","RC":"13"},"RM":{"WH":"13","VH":"13"},"PQ":{"PP":"13","MP":"13","MQ":"13","PQ":"13"},"9H":{"Q3":"13","P3":"13"},"3R":{"JJ":"13","X9":"13"},"WV":{"WV":"13","WR":"13"},"2C":{"5Q":"13","6Q":"13"},"W2":{"5V":"13"},"7H":{"36":"13"},"2R":{"MG":"13"},"MM":{"9R":"13","9V":"13"},"RJ":{"6R":"13","7R":"13"},"MW":{"PG":"13"},"CF":{"38":"13"},"9G":{"HH":"13","HG":"13"},"RP":{"7R":"13"},"QW":{"CX":"13"},"8R":{"G7":"13"},"VV":{"63":"13","Q9":"13","QC":"13"},"56":{"FQ":"13","CQ":"13"},"F9":{"5W":"13"},"9V":{"FF":"13"},"2M":{"7X":"13"},"QM":{"55":"13"},"79":{"4F":"13","4C":"13"},"VJ":{"3Q":"13","52":"13","3R":"13"},"PG":{"94":"13"},"7Q":{"5C":"13"},"99":{"QF":"13","R9":"13","Q9":"13","RC":"13","QC":"13"},"VG":{"JC":"13","HC":"13"},"MJ":{"4G":"13","4H":"13"},"F8":{"6Q":"13","6R":"13"},"RR":{"4Q":"13","4P":"13"},"R9":{"XX":"13","WX":"13"},"9W":{"XX":"13"},"8J":{"FG":"13"},"H7":{"PW":"13","MW":"13"},"WQ":{"H5":"13","6R":"13","G5":"13"},"5W":{"P4":"13","M3":"13","P3":"13"},"2Q":{"XC":"13"},"H9":{"65":"13","55":"13"},"59":{"G7":"13","WX":"13"},"W9":{"MQ":"13","JQ":"13"},"F2":{"4F":"13"},"WM":{"M7":"13"},"H6":{"67":"13"},"JX":{"HQ":"13","HR":"13"},"J9":{"5X":"13"},"25":{"HW":"13","JW":"13","HX":"13","JX":"13"},"VC":{"QX":"13","QW":"13"},"93":{"CR":"13"},"G3":{"P3":"13"},"5V":{"CH":"13","9H":"13"},"5F":{"5C":"13","59":"13"},"JV":{"84":"13","F8":"13","F7":"13","94":"13"},"26":{"P4":"13","M4":"13"},"V6":{"2G":"13"},"CX":{"42":"13"},"R5":{"4V":"13"},"3Q":{"M2":"13"},"CJ":{"RP":"13"},"JC":{"52":"13"},"W7":{"3Q":"13","JX":"13"},"68":{"XM":"13"},"3C":{"2X":"13"},"4F":{"2G":"13"},"49":{"MP":"13","MQ":"13"},"27":{"PW":"13"},"96":{"65":"13"},"6C":{"99":"13","C9":"13"},"GQ":{"JV":"13"},"X7":{"6X":"13"},"8P":{"RW":"13"},"8H":{"6H":"13","6J":"13","96":"13"},"RC":{"W2":"13","X2":"13"},"7M":{"23":"13","33":"13"},"4J":{"VC":"13"},"HQ":{"8G":"13"},"VH":{"26":"13","H6":"13","G6":"13"},"4R":{"29":"13"},"GF":{"JC":"13","J9":"13"},"6F":{"CW":"13"},"64":{"XJ":"13"},"5X":{"63":"13","62":"13"},"RW":{"63":"13","64":"13"},"3P":{"V5":"13"},"2P":{"QP":"13","QQ":"13"}},"75":{"32":{"39":"13","38":"13","HQ":"13","49":"13","48":"13"}},"45":{"J2":{"CX":"13"},"8X":{"FW":"13"},"G8":{"9P":"13"},"86":{"H8":"13","H7":"13"},"5X":{"GG":"13"},"84":{"M9":"13","MC":"13"},"WJ":{"WQ":"13","WP":"13"},"5R":{"3C":"13"},"W5":{"F6":"13"},"68":{"6Q":"13","6R":"13"},"J5":{"5R":"13","4Q":"13"},"6M":{"WH":"13"},"HJ":{"7P":"13"},"2M":{"R3":"13"},"QG":{"44":"13","45":"13"},"7W":{"5M":"13"},"PQ":{"R5":"13","R6":"13"},"3Q":{"7H":"13","6H":"13","6J":"13","7J":"13"},"GV":{"77":"13","F9":"13"},"F5":{"JM":"13"},"Q9":{"H8":"13"},"FW":{"HV":"13"},"2X":{"52":"13","62":"13"},"F2":{"MJ":"13"},"28":{"4X":"13"},"W7":{"CC":"13","99":"13","9C":"13"},"5J":{"7H":"13","7J":"13"},"2C":{"88":"13","78":"13"},"95":{"WJ":"13","WM":"13"},"8H":{"R5":"13"},"WC":{"J7":"13","J8":"13","M8":"13","M7":"13"},"WW":{"GP":"13","FP":"13"},"HX":{"HH":"13","HG":"13"},"V2":{"HX":"13"},"WR":{"J3":"13","J2":"13"},"X5":{"55":"13"},"3X":{"X2":"13","6W":"13"},"2Q":{"QJ":"13","RJ":"13","WQ":"13","VQ":"13"},"RJ":{"59":"13"},"9M":{"XX":"13"},"W2":{"FG":"13","FF":"13"},"RF":{"F9":"13"},"GP":{"65":"13","66":"13"},"MJ":{"W7":"13"},"CR":{"7H":"13"},"CQ":{"R7":"13"},"V5":{"W2":"13"},"2W":{"6X":"13","5X":"13"},"M8":{"MW":"13"},"39":{"RV":"13","QV":"13"},"2F":{"8X":"13"},"4F":{"RV":"13"},"9H":{"68":"13"},"2G":{"72":"13"},"87":{"6R":"13"},"7G":{"C3":"13"},"JF":{"69":"13","68":"13"},"2V":{"W8":"13"},"8R":{"5R":"13"},"PV":{"HW":"13"},"J3":{"F3":"13"},"45":{"7F":"13","6F":"13"},"Q5":{"M9":"13","R9":"13","MC":"13"},"99":{"FR":"13","CR":"13"}},"37":{"R3":{"VG":"13","W2":"13","X2":"13","WG":"13"},"W4":{"X7":"13","X8":"13"},"V3":{"34":"13","44":"13","43":"13","33":"13"},"J3":{"X2":"13"},"Q2":{"69":"13","75":"13","79":"13","68":"13"},"W2":{"CQ":"13","2P":"13","CP":"13","8R":"13","9R":"13","9Q":"13","9V":"13","9P":"13","CR":"13","9W":"13"},"W3":{"54":"13","64":"13"},"R2":{"XX":"13","J2":"13","WX":"13"},"X4":{"VV":"13","37":"13","2F":"13","3F":"13","28":"13","27":"13"},"X2":{"JC":"13","3X":"13","J9":"13","3W":"13"},"X3":{"FJ":"13","GJ":"13"}},"55":{"FJ":{"QX":"13","RX":"13"},"8X":{"9X":"13"},"9P":{"4R":"13","3R":"13"},"C6":{"8F":"13"},"62":{"J4":"13","J5":"13"},"X3":{"GQ":"13"},"H4":{"29":"13"},"GR":{"9R":"13","CQ":"13","CR":"13"},"QR":{"68":"13"},"H9":{"86":"13","37":"13"},"QF":{"9J":"13","8J":"13"},"H6":{"M5":"13"},"7W":{"HJ":"13","GJ":"13"},"G4":{"X9":"13"},"65":{"HX":"13"},"67":{"JC":"13","M9":"13","J9":"13"},"3H":{"CV":"13"},"9C":{"WF":"13"},"4J":{"PW":"13","MW":"13"},"Q8":{"J7":"13"},"6Q":{"M5":"13","J5":"13"},"83":{"23":"13","22":"13"},"HG":{"WV":"13"},"JQ":{"CH":"13"},"43":{"MF":"13","JF":"13","JC":"13","MC":"13"},"CV":{"9Q":"13"},"6G":{"WH":"13","VH":"13"},"8H":{"FH":"13"},"PF":{"RV":"13","RW":"13","PJ":"13","PM":"13"},"3X":{"XP":"13","WQ":"13","WP":"13"},"2Q":{"64":"13"},"HP":{"53":"13"},"GQ":{"RV":"13","QV":"13"},"27":{"4J":"13","4M":"13"},"WH":{"CF":"13"},"5C":{"X7":"13"},"4H":{"VP":"13"},"RV":{"VJ":"13"},"W6":{"QG":"13","RG":"13"},"MP":{"W5":"13","X5":"13"},"FM":{"J3":"13","J2":"13"},"WG":{"4H":"13","5H":"13","3F":"13"},"V5":{"FH":"13","FG":"13"},"XM":{"C4":"13"},"4M":{"M2":"13","P2":"13"},"VC":{"M6":"13"},"MW":{"39":"13","38":"13"},"QJ":{"28":"13"},"7P":{"8H":"13"},"39":{"6C":"13","7C":"13"},"V7":{"3G":"13","2G":"13","2H":"13","3H":"13"},"QX":{"HH":"13","FH":"13","JH":"13"},"XJ":{"2X":"13"},"HQ":{"FR":"13","GR":"13"},"88":{"7Q":"13","6Q":"13","5M":"13","5P":"13","4M":"13","4P":"13"},"CC":{"W3":"13"},"37":{"5H":"13"}}}}