{"index":{"university,1|retail,2|tourism,3|wreck,4|historical,5|artsCulture,6|namedBuilding,7|water,8|wetland,9|park,10|beach,11|natureReserve,12|cemetery,13|trail,14":{}},"6C":{"XF":{"5V":{"4W":"13","4V":"13"}},"PJ":{"97":{"FQ":"13","JJ":"13","GQ":"13","HR":"13","GR":"13","HV":"13","GV":"13"},"H8":{"XH":"13","JJ":"13","XJ":"13"}},"RQ":{"RW":{"H8":"13","H7":"13"},"84":{"JV":"13"},"QP":{"F4":"13","C5":"13","C4":"13","94":"13"},"MQ":{"2W":"13"},"JR":{"V7":"13","V6":"13"}},"PV":{"WJ":{"RV":"13","RW":"13","QW":"13","QV":"13"},"WW":{"5Q":"13","5R":"13"}},"RX":{"9F":{"H5":"13","H4":"13"},"2W":{"F7":"13"},"4Q":{"65":"13"},"3P":{"XG":"13"},"55":{"CH":"13","9H":"13"},"H7":{"J4":"13"}},"RH":{"3V":{"VQ":"13","9C":"13","9F":"13","57":"13","94":"13","37":"13","WQ":"13","56":"13","86":"7"},"2W":{"82":"13","45":"13"},"5W":{"54":"13","H8":"13","64":"13"},"2X":{"Q3":"13"},"4R":{"63":"13","73":"13"},"2R":{"GW":"13"},"2V":{"RW":"13","QW":"13","WQ":"13","M4":"13"},"3R":{"RV":"13","RP":"13","QV":"13"},"4V":{"M6":"13","P6":"13","CQ":"13"}},"RV":{"6G":{"4M":"13"},"FM":{"5M":"13","4M":"13"},"XJ":{"R9":"13"},"5H":{"WG":"13"},"5M":{"HC":"13"},"RF":{"4Q":"13","4P":"13"},"PC":{"MH":"13"},"JV":{"3X":"13","3W":"13"},"6Q":{"W7":"13"}},"47":{"3H":{"QX":"13","9J":"13","9M":"13"}},"QP":{"4X":{"PM":"13","PP":"13"},"4W":{"J9":"13"},"4C":{"76":"13","66":"13"}},"WF":{"J3":{"V6":"13"},"HV":{"3M":"13","4M":"13"}},"VW":{"2J":{"6F":"13","5G":"13","6G":"13","5F":"13"},"F8":{"2G":"13"},"H3":{"QV":"13"},"X7":{"23":"13"},"G5":{"MW":"13"},"3F":{"3C":"13"}},"VR":{"5Q":{"7Q":"13"},"4Q":{"9R":"13","8R":"13"}},"X8":{"H8":{"JP":"13","FV":"13","2J":"13","FW":"13","3H":"13"},"F7":{"73":"13"},"H9":{"WG":"13","C5":"13","R9":"13","GC":"13","VG":"13","F5":"13","55":"13","Q9":"13","96":"13"},"MG":{"WF":"13","WC":"13"},"F6":{"GX":"13","FX":"13"},"MF":{"6C":"13"},"PF":{"6X":"13"},"J9":{"HF":"13","32":"13","8V":"13","RQ":"13","QW":"13","RP":"13"},"MC":{"MH":"13","C7":"13","C8":"13","9H":"13"},"QG":{"W5":"13"},"G8":{"H7":"13","MG":"13","J7":"13","J8":"13","H6":"13","XR":"13","XV":"13"},"XV":{"6X":"13","6W":"13"},"G7":{"3P":"13"},"JC":{"57":"13","46":"13","XH":"13","47":"13","56":"13","24":"13","GJ":"13"}},"QV":{"RH":{"F7":"13"},"QF":{"FF":"13"},"R5":{"JJ":"13","MJ":"13","M4":"13","XW":"13"},"Q6":{"98":"13","99":"13","FJ":"13","C8":"13","HM":"13"},"76":{"W7":"13","F7":"13","F6":"13"},"R4":{"8M":"13","8P":"13"},"JQ":{"H5":"13","J5":"13"},"Q7":{"G7":"13"},"VH":{"2M":"13"},"33":{"63":"13","53":"13"},"28":{"56":"13"}},"XV":{"R3":{"26":"13"},"VH":{"86":"13"}},"XM":{"J3":{"34":"13","44":"13","45":"13","35":"13"},"GG":{"G3":"13","F3":"13","H4":"13","G4":"13","H3":"13","F4":"13"}},"XJ":{"GC":{"5R":"13"}},"RM":{"Q3":{"4X":"13"},"Q4":{"69":"13"},"WH":{"2W":"13","3X":"13","2X":"13","2V":"13"},"VG":{"HH":"13","XX":"13","HG":"13","GH":"13","WX":"13"},"JW":{"8R":"13"},"GF":{"3P":"13"},"FC":{"RV":"13"},"FP":{"F4":"13"},"P3":{"V6":"13"}},"W8":{"8X":{"F6":"13"},"FR":{"89":"13","95":"13","C5":"13","C4":"13","94":"13"},"CQ":{"XP":"13","MP":"13"},"FQ":{"H9":"13","MP":"13","P3":"13","M2":"13","2P":"13","MR":"13","M3":"13","J3":"13","MM":"13","R2":"13","PQ":"13","JM":"13","Q2":"13","JP":"13","PR":"13","MQ":"13","HC":"13","J2":"13","PM":"13","PP":"13","Q3":"13","R3":"13","P2":"13"},"8W":{"JP":"13","PJ":"13","HH":"13","MP":"13","MQ":"13","GH":"13","JQ":"13"},"CP":{"J6":"13","H6":"13"},"FP":{"GP":"13","2P":"13","FQ":"13","FP":"13","3P":"13","VM":"13","JX":"13","GQ":"13","R7":"13","JW":"13","RJ":"13","VJ":"13","3Q":"13","2Q":"13","RM":"13"},"9V":{"J7":"13","VG":"13","J8":"13","M8":"13","M7":"13","VH":"13"},"JQ":{"7V":"13"},"9P":{"HR":"13"},"CR":{"WH":"13","QR":"13","XH":"13","PV":"13","WJ":"13","PR":"13","QV":"13"},"9W":{"5C":"13"}},"VP":{"QW":{"MV":"13","WQ":"13"},"MW":{"6X":"13","6W":"13"},"JX":{"XX":"13","C7":"13","WX":"13","WW":"13","C8":"13","XC":"13","XW":"13"},"QX":{"78":"13","77":"13","6C":"13","65":"13","CP":"13","9M":"13","66":"13","56":"13","69":"13","9P":"13","55":"13"},"PW":{"JP":"13","HP":"13"},"MX":{"9C":"13","4P":"13","3R":"13","2P":"13","3M":"13","4Q":"13","5P":"13","3P":"13","Q7":"13","3Q":"13","2Q":"13","2R":"13","5Q":"13"},"PX":{"MQ":"13"},"RX":{"44":"13","45":"13"},"RW":{"RP":"13"}},"RP":{"MV":{"72":"13","82":"13"},"J3":{"FQ":"13"},"J8":{"RW":"13"},"42":{"9Q":"13","8Q":"13","XM":"13","XH":"13","XJ":"13"},"HX":{"2M":"13"},"QP":{"V8":"13"},"RP":{"GM":"13"},"9H":{"MF":"13","HJ":"13","MC":"13"},"GV":{"M4":"13","M3":"13"}},"QW":{"MF":{"MC":"13"},"3J":{"PW":"13"},"MG":{"J5":"13"},"7X":{"5H":"13"}},"QQ":{"8V":{"WV":"13","VQ":"13","QJ":"13","WR":"13","XQ":"13","VV":"13","PJ":"13","VR":"13","WQ":"13","6R":"13","XR":"13","XV":"13"},"9X":{"GM":"13","HH":"13","HJ":"13","FM":"13","FJ":"13","CM":"13","CP":"13","FP":"13","9M":"13","CH":"13","GH":"13","9J":"13","9P":"13","CJ":"13","GJ":"13","FH":"13"},"8X":{"FX":"13","V8":"13","65":"13","CW":"13","64":"13","V7":"13","FW":"13","55":"13","54":"13","CX":"13"},"FR":{"C5":"13","94":"13","98":"13","85":"13","97":"13","95":"13","C4":"13","87":"13","88":"13","84":"13"},"58":{"FV":"13","FW":"13"},"6H":{"6F":"13","5G":"13","6G":"13","5F":"13","28":"13","27":"13"},"MF":{"QJ":"13","PJ":"13","QM":"13","PM":"13"},"8W":{"CJ":"13","FH":"13","CH":"13","FJ":"13"},"59":{"G3":"13","F3":"13"},"CW":{"QX":"13","PX":"13"},"5G":{"XP":"13","WH":"13","WP":"13"},"8J":{"2F":"13","89":"13","2G":"13"},"MC":{"CC":"13","7J":"13","CF":"13"},"9V":{"2R":"13","2Q":"13"},"5C":{"M9":"13","MC":"13"},"GW":{"29":"13","39":"13","38":"13","6W":"13","7W":"13","7V":"13","28":"13"},"JW":{"RR":"13"},"6P":{"89":"13","79":"13"},"6J":{"5Q":"13","34":"13","38":"13","37":"13","4Q":"13","5P":"13","47":"13","35":"13","48":"13","4P":"13"},"JC":{"WH":"13","WJ":"13"},"9W":{"6G":"13"},"6Q":{"98":"13","97":"13","C7":"13","C8":"13"},"CX":{"Q2":"13","M2":"13","M3":"13","P3":"13","P2":"13"}},"VV":{"8M":{"J7":"13","J8":"13","J9":"13"},"3M":{"Q4":"13","6Q":"13","P4":"13"},"8J":{"MR":"13","QQ":"13","PV":"13","MW":"13","QV":"13","PR":"13","RR":"13","RV":"13","QR":"13","PW":"13","MV":"13"}},"QM":{"9F":{"R3":"13","V3":"13","V2":"13"},"HC":{"R4":"13"},"PP":{"FF":"13"},"Q9":{"RQ":"13","GW":"13"},"8W":{"XV":"13","XW":"13"}},"QG":{"W2":{"F3":"13"},"V8":{"42":"13"}},"QF":{"VW":{"QX":"13","RX":"13","FX":"13","CX":"13"},"WX":{"3P":"13","3G":"13","2J":"13","3H":"13"},"WW":{"5Q":"13","3Q":"13","CC":"13","4Q":"13","FC":"13","4R":"13","3R":"13"},"VX":{"F2":"13","RF":"13","F3":"13","RG":"13","J8":"13","H9":"13","H8":"13","C2":"13","PC":"13","C3":"13","PF":"13","J9":"13"}},"VJ":{"CC":{"7H":"13","8H":"13"},"2F":{"9X":"13","CX":"13"},"2G":{"C2":"13"},"7C":{"24":"13"}},"PW":{"X7":{"HF":"13","JF":"13","HC":"13","JC":"13"},"W6":{"4F":"13","3G":"13","4G":"13","3F":"13"}},"RG":{"XC":{"36":"13"},"WH":{"P6":"13"},"XH":{"32":"13"},"XJ":{"WF":"13","WC":"13"},"XG":{"6X":"13","HJ":"13","HP":"13","XF":"13"},"WC":{"VF":"13","VC":"13"},"WF":{"58":"13","25":"13","24":"13","P9":"13","C8":"13"}},"VG":{"2C":{"3J":"13","9R":"13","3M":"13","8R":"13"},"3H":{"Q8":"13"},"5X":{"WH":"13","PF":"13"},"2F":{"6M":"13"},"7W":{"4V":"13"},"2J":{"4F":"13","5X":"13","5H":"13","43":"13"},"6X":{"JP":"13","54":"13","53":"13","JM":"13"},"2G":{"6F":"13","5C":"13","75":"13","G2":"13","5F":"13","6C":"13"}},"RR":{"PG":{"H9":"13","HC":"13","J9":"13"},"XH":{"5W":"13","6W":"13"},"XJ":{"XP":"13"},"MG":{"MV":"13","PV":"13","PW":"13","MW":"13"},"QV":{"G7":"13","F7":"13"}},"X9":{"43":{"6G":"13"}},"PM":{"Q8":{"MQ":"2"},"VQ":{"MP":"13"}},"W9":{"VX":{"V7":"13","W7":"13","V6":"13","W6":"13"}},"XC":{"HF":{"RF":"13","R9":"13","VC":"13","RC":"13","V9":"13","QC":"13"},"37":{"J8":"13","M8":"13"}},"VC":{"VR":{"G5":"13"},"X7":{"26":"13","25":"13","M7":"13"}},"QH":{"XR":{"XP":"13","M9":"13","WP":"13","J9":"13"},"95":{"J3":"13","H3":"13"},"XW":{"R8":"13"}},"XX":{"95":{"XM":"13"},"C5":{"3M":"13","2M":"13"}},"QR":{"F5":{"GQ":"13","GR":"13"},"84":{"WM":"13"},"83":{"G8":"13"},"72":{"WV":"13","6G":"13","VV":"13","WW":"13","6H":"13","VW":"13","5H":"13","5G":"13","4G":"13","5F":"13","RV":"13","RW":"13"},"QV":{"V7":"13","W7":"13","V6":"13","W6":"13"},"C2":{"Q6":"13","Q3":"13","F5":"13","P4":"13","Q4":"13","72":"13","R6":"13","Q7":"13","C5":"13","P5":"13","Q2":"13","V5":"13","R7":"13","P2":"13","R4":"13","Q5":"13","82":"13","R5":"13","73":"13","P3":"13","R3":"13","R2":"13"},"57":{"W2":"13","X2":"13"},"5R":{"P9":"13","P8":"13"},"7C":{"H8":"13","H9":"13","G9":"13","GC":"13","J9":"13","HC":"13","G8":"13","JC":"13"},"56":{"XX":"13","WX":"13","WW":"13","XW":"13"},"4P":{"HF":"13","HC":"13","P4":"13"},"79":{"MP":"13"},"G8":{"36":"13","37":"13"},"77":{"J5":"13"},"93":{"45":"13","35":"13"},"G3":{"99":"13","C9":"13"},"5F":{"93":"13","92":"13"},"82":{"VG":"13","WG":"13","FW":"13","GW":"13"},"F3":{"V3":"13","W2":"13","W3":"13","V2":"13"},"C7":{"75":"13","65":"13"},"G7":{"36":"13","46":"13","45":"13","35":"13"},"3W":{"Q3":"13","Q4":"13"},"96":{"HH":"13","GG":"13","HG":"13","GH":"13"},"F6":{"FV":"13","FR":"13","GR":"13","GV":"13"},"97":{"R3":"13","Q3":"13","R4":"13"},"7M":{"MV":"13","HW":"13","JV":"13","JW":"13","JR":"13","MW":"13","HV":"13"},"67":{"86":"13","GF":"13","FC":"13","FG":"13","FF":"13","GC":"13"},"69":{"RF":"13","RG":"13","WC":"13"},"66":{"RG":"13","VG":"13"}},"XW":{"64":{"CJ":"13"}},"QX":{"GP":{"JW":"13"},"GH":{"PV":"5","JG":"13","MG":"13","QV":"5|13"},"PR":{"WX":"13"},"HR":{"36":"13","46":"13","45":"13","56":"13","35":"13"},"RJ":{"GP":"13","GM":"13","FM":"13","FP":"13"},"QM":{"4F":"13"},"99":{"CW":"13","5Q":"13","6Q":"13","5R":"13","6R":"13","FW":"13","JR":"13","HR":"13"},"RR":{"RF":"13"},"JQ":{"88":"13","98":"13","97":"13","87":"13"},"PM":{"GP":"13"},"CG":{"GJ":"13"},"MP":{"3P":"13","P9":"13","3M":"13","V8":"13","V9":"13","4P":"13"},"JV":{"63":"13","9W":"13","52":"13","53":"13","62":"13","8W":"13"},"89":{"RF":"13","QH":"13"},"HV":{"RX":"13"},"JR":{"HJ":"13","HM":"13"},"HQ":{"G6":"13","9C":"13","8G":"13","9F":"13","CF":"13","8F":"13","H6":"13","7F":"13","8C":"13","CG":"13","9G":"13","9H":"13","7C":"13"},"MQ":{"Q3":"13","Q2":"13","R2":"13"},"HW":{"W9":"13","V9":"13"},"MR":{"JV":"13","JR":"13","HR":"13","HV":"13","GV":"13"}},"WP":{"4W":{"V7":"13","R5":"13","R7":"13","R6":"13","V6":"13","V5":"13"}},"RC":{"QJ":{"2J":"13"}},"VQ":{"Q2":{"5Q":"13","5R":"13","P7":"13"},"3G":{"84":"13","85":"13","75":"13","74":"13","95":"13","96":"13","94":"13"},"J2":{"Q8":"13","VC":"13","RC":"13"},"FM":{"32":"13","33":"13"},"M3":{"F4":"13","C4":"13"},"P2":{"WH":"13"}},"VH":{"V3":{"97":"13","87":"13","GJ":"13"},"V4":{"J7":"13","26":"13","J8":"13","25":"13","M7":"13"},"R4":{"X6":"13","X5":"13"},"52":{"7J":"13"},"62":{"7G":"13","G9":"13","R4":"13","PV":"13","65":"13","MF":"13","F8":"13","PQ":"13","4C":"13","J9":"13","MC":"13","64":"13","G8":"13","HF":"13"}},"XG":{"WR":{"RW":"13"}},"QJ":{"64":{"55":"13","45":"13"}},"RF":{"9C":{"W8":"13","W9":"13","V8":"13","V9":"13"},"7J":{"2P":"13","6P":"13"},"C6":{"P5":"13","Q5":"13","CH":"13","6P":"13","C8":"13"},"85":{"6V":"13","6R":"13","6W":"13","7W":"13","7V":"13"},"88":{"97":"13","HH":"13","8Q":"13","HG":"13","C7":"13","8R":"13"},"6J":{"XP":"13","W9":"13"},"2X":{"PG":"13","FH":"13","MG":"13"},"87":{"RG":"13","VG":"13","3J":"13","GR":"13"},"CF":{"42":"13"},"9G":{"26":"13","36":"13"},"78":{"QJ":"13","58":"13","F6":"13","4H":"13","G2":"13","48":"13","4G":"13","F5":"13","8Q":"13"},"GJ":{"FR":"13","FQ":"13","GQ":"13","GR":"13"},"F9":{"42":"13","33":"13"},"99":{"23":"13"},"77":{"GX":"13","88":"13"},"89":{"X3":"13"},"C7":{"FF":"13","CF":"13"},"98":{"86":"13","87":"13"},"68":{"HJ":"13","JJ":"13"},"96":{"MX":"13","5M":"13","P8":"13","5P":"13","PX":"13"},"6C":{"J2":"13"},"CC":{"4X":"13"},"4V":{"99":"13","FJ":"13","FM":"13"},"97":{"9F":"13","73":"13","G4":"13","8F":"13","72":"13","9R":"13","F8":"13","9J":"13","C9":"13","9M":"13","C8":"13","8C":"13","F9":"13"},"8M":{"29":"13","28":"13"},"C9":{"VM":"13","WM":"13","PW":"13","MW":"13"},"7M":{"X9":"13"},"4J":{"V7":"13","W8":"13","V8":"13"},"69":{"JX":"13","CV":"13"}},"RW":{"RH":{"XV":"13","WV":"13","XX":"13","WW":"13","XW":"13"},"FC":{"2J":"13","2H":"13"},"P9":{"CJ":"13","FH":"13","FG":"13","CH":"13","FJ":"13","CG":"13","9H":"13","9G":"13","CF":"13"},"P8":{"FW":"13"},"JQ":{"CH":"13","9J":"13","9H":"13","CG":"13","9G":"13"},"M7":{"3R":"13"},"MC":{"J8":"13","M9":"13","M8":"13","J9":"13"},"PF":{"66":"13","56":"13"},"Q9":{"3W":"13"}}}}