{"6F":{"7J":{"QM":{"VR":"13","WR":"13","WQ":"13","VQ":"13"},"V3":{"C3":"13"},"J9":{"X8":"13"},"23":{"MF":"13"},"F5":{"34":"13"},"97":{"6R":"13"},"2Q":{"HG":"13","JG":"13"},"RM":{"C9":"13"}},"X4":{"RP":{"X2":"13"},"RM":{"XX":"13"},"8J":{"MF":"13","JF":"13","HG":"13","JG":"13","MG":"13"}},"FX":{"H4":{"QF":"13"}},"7P":{"P9":{"P7":"13","P8":"13"},"JQ":{"R3":"13","Q2":"13","R2":"13"}},"JF":{"WW":{"P5":"13","J6":"13"}},"VM":{"8J":{"HJ":"13","Q2":"13","JJ":"13","MJ":"13","MH":"13","P3":"7"}},"XJ":{"6F":{"64":"13"}},"X9":{"2C":{"HH":"13","GG":"13","FH":"13","FG":"13","CH":"13","HG":"13","FJ":"13","GH":"13","JG":"13","CG":"13","9G":"13"},"65":{"R8":"13","R7":"13"},"2F":{"4P":"13","4Q":"13","5P":"13","6R":"13","7P":"13","6P":"13","7R":"13","6Q":"13","7Q":"13","5Q":"13"}},"QJ":{"G8":{"M9":"13","QC":"13"}},"V5":{"8X":{"P7":"13","P6":"13"},"CV":{"9W":"13","9V":"13","FM":"13","8W":"13"},"8W":{"G9":"13","H9":"13","HC":"13","8C":"13","GC":"13"},"59":{"85":"13","95":"13"},"48":{"XX":"13","WX":"13"},"9Q":{"R3":"13","V3":"13"},"7W":{"MF":"13","MG":"13"},"49":{"W2":"13","X2":"13"},"9V":{"VV":"13","WV":"13","PW":"13","MW":"13"},"RW":{"PJ":"13","MM":"13","PM":"13","MJ":"13"},"9W":{"G9":"13","R9":"13","65":"13","QF":"13","F8":"13","RC":"13","Q2":"13","F9":"13","C8":"13","G8":"13","87":"13","88":"13","55":"13","Q3":"13"}},"8J":{"54":{"W2":"13"}},"R7":{"VW":{"XQ":"13"},"9J":{"3G":"13","4G":"13","4H":"13"},"WW":{"2Q":"13"},"8J":{"R5":"13"}},"PM":{"W7":{"8M":"13"}},"HF":{"RQ":{"W5":"13","X5":"13","JW":"13","X4":"13","MW":"13"},"VQ":{"25":"13","24":"13"}},"V2":{"7H":{"59":"13"},"6Q":{"VV":"13","FR":"13","7P":"13","MR":"13"},"PG":{"GX":"13"},"5J":{"C2":"13"},"5M":{"HX":"13"},"M9":{"V8":"13"},"52":{"93":"13","94":"13"},"2H":{"M6":"13"},"5H":{"X4":"13"},"3H":{"47":"13","48":"13"},"2M":{"38":"13","3F":"13","28":"13"},"5F":{"5Q":"13","47":"13"},"28":{"89":"13","P2":"13"}},"PW":{"CH":{"2W":"13"},"9H":{"XV":"13","XX":"13","WX":"13","WW":"13","XW":"13"}},"QG":{"F2":{"5X":"13"},"X5":{"79":"13","7C":"13"},"FC":{"Q4":"13","R4":"13"},"V2":{"V7":"13","V8":"13"},"PW":{"M2":"13"}},"PC":{"W8":{"X6":"13","W7":"13","X7":"13","X8":"13","W6":"13"},"X8":{"28":"13","27":"13"}},"X7":{"4W":{"5C":"13"}},"CQ":{"RX":{"QJ":"13"}},"7Q":{"M8":{"5W":"13","5X":"13"},"RH":{"QR":"13","RQ":"13","PP":"13","QP":"13","RP":"13","QQ":"13"},"G9":{"WG":"13","XC":"13","WH":"13","RG":"13","XH":"13","XG":"13","XF":"13","RH":"13","VG":"13","VH":"13","WF":"13"},"Q7":{"CJ":"13","FH":"13","CM":"13","CH":"13","FJ":"13","FM":"13","CG":"13"},"P5":{"4P":"13"},"M7":{"RV":"13","3V":"13","2W":"13","4W":"13","QR":"13","RR":"13","3X":"13","2V":"13","4V":"13","3W":"13","QV":"13"},"MG":{"GP":"13","FR":"13","HP":"13","FQ":"13","HR":"13","FP":"13","GR":"13","GQ":"13","HQ":"13"},"R7":{"XF":"13","X9":"13","WC":"13","W9":"13","XC":"13","X8":"13"},"J4":{"XQ":"13"},"P6":{"8H":"13","CF":"13","8J":"13","CH":"13","CG":"13","9G":"13","9H":"13","9J":"13"},"H8":{"HF":"13","JF":"13"},"G6":{"5C":"13","59":"13","49":"13","4C":"13","48":"13"},"H9":{"39":"13","2H":"13","2C":"13","4H":"13","3H":"13","29":"13","5H":"13","5G":"13","3F":"13","4G":"13","3C":"13","2F":"13","5F":"13","3G":"13","2G":"13","4F":"13"},"M6":{"VF":"13","9X":"13","WF":"13"},"V7":{"39":"13","2C":"13","6H":"13","4H":"13","3H":"13","29":"13","28":"13","5H":"13","5G":"13","4C":"13","3F":"13","4G":"13","3C":"13","2F":"13","5F":"13","3G":"13","38":"13","2G":"13","4F":"13"},"QH":{"HX":"13","MP":"13","QM":"13","MW":"13","5R":"13","6R":"13","6V":"13","PM":"13","PW":"13","5V":"13","MX":"13","PX":"13","PP":"13","HW":"13","6Q":"13","5Q":"13"},"G7":{"WQ":"13"},"R5":{"8G":"13","8F":"13","9G":"13"},"J7":{"R8":"13","RF":"13","Q8":"13","R9":"13","VC":"13","Q9":"13","RC":"13","V9":"13","QC":"13"},"J6":{"W4":"13","V3":"13","W5":"13","V4":"13","W3":"13","X4":"13","X3":"13"},"P7":{"HF":"13","F8":"13","G8":"13","G7":"13","F7":"13"}},"GF":{"9F":{"G9":"13","F5":"13","H9":"13","HC":"13","G5":"13","F6":"13","GC":"13","G6":"13"},"CC":{"3P":"13","2P":"13"},"W8":{"34":"13"},"9G":{"J3":"13","H5":"13","H4":"13","G4":"13","J4":"13","G5":"13","J5":"13","H6":"13"}},"XM":{"CJ":{"7W":"13"},"QM":{"MF":"13","PF":"13"},"CM":{"4W":"13"},"89":{"5P":"13","2G":"13","2H":"13","4P":"13"},"3M":{"73":"13"},"79":{"XM":"13","Q4":"13","P3":"13","M2":"13","P5":"13","M4":"13","M3":"13","XP":"13","WP":"13","WM":"13","P4":"13","Q5":"13"},"VQ":{"9R":"13"}},"V8":{"RP":{"5W":"13"}},"X5":{"W6":{"M6":"13"}},"R4":{"GM":{"G9":"13","QR":"13","F8":"13","G8":"13","F9":"13"},"XM":{"J6":"13","J5":"13"},"HH":{"J4":"13","J5":"13"},"F7":{"3Q":"13","3V":"13","2R":"13","2Q":"13","2V":"13","3R":"13"},"9C":{"6V":"13","6R":"13","7V":"13"},"MG":{"53":"13"},"FG":{"9X":"13","FW":"13"},"MP":{"H8":"13","3M":"13"},"FM":{"J4":"13","J5":"13"},"M4":{"6X":"13","5X":"13"},"FJ":{"GP":"13","HP":"13","H9":"13","GM":"13","J9":"13","HM":"13"},"CM":{"H5":"13","JJ":"13","H6":"13"},"MJ":{"5G":"13","4G":"13"},"CV":{"6V":"13","8V":"13","7V":"13"},"83":{"RV":"13","FG":"13","C5":"13","QV":"13"},"F8":{"38":"13"},"92":{"42":"13"},"PF":{"4V":"13"},"GG":{"PP":"13"},"9M":{"MF":"13","PF":"13"},"JM":{"2R":"13","2Q":"13"},"94":{"52":"13"},"HM":{"GG":"13","49":"13","48":"13"},"F9":{"F5":"13"},"CH":{"F5":"13","G4":"13","G5":"13","F4":"13"},"98":{"QJ":"13","PJ":"13","Q2":"13","PG":"13","QH":"13","PH":"13","P2":"13"},"99":{"VM":"13","RP":"13","VP":"13","VQ":"13","RM":"13"},"93":{"CJ":"13","FH":"13","5W":"13","FG":"13","CH":"13","9J":"13","CG":"13","9H":"13","5V":"13"},"97":{"QX":"13","PX":"13"},"G8":{"CJ":"13","CH":"13","9J":"13","9H":"13","9G":"13"},"PM":{"JC":"13","HC":"13"},"9G":{"VR":"13","PV":"13","PR":"13"},"GH":{"56":"13","GR":"13"},"C7":{"XV":"13","XR":"13"},"9H":{"R7":"13","RC":"13"},"CJ":{"FH":"13","FJ":"13","GJ":"13"},"GJ":{"H5":"13","MJ":"13","G5":"13","MH":"13","G6":"13","H6":"13"}},"VR":{"WJ":{"PM":"13"}},"X2":{"J6":{"PX":"13"}},"RG":{"26":{"FM":"13"},"6M":{"4Q":"13","4P":"13"},"47":{"C5":"13"},"3C":{"5W":"13"},"68":{"C5":"13"},"27":{"46":"13"}},"6J":{"M5":{"9P":"13","8P":"13"},"5H":{"F8":"13"},"95":{"XV":"13","WW":"13","XW":"13"},"C5":{"QH":"13"}},"Q3":{"X2":{"PJ":"13","RP":"13"}},"MG":{"6P":{"MJ":"13"}},"2V":{"P3":{"PF":"13"}},"2R":{"F8":{"5J":"13","5M":"13","6M":"13"}},"QQ":{"WH":{"PV":"13","QW":"13","PW":"13","QV":"13"}},"8V":{"M9":{"JP":"13","MP":"13","PC":"13"}},"C7":{"HJ":{"VM":"13","VP":"13"}},"R2":{"34":{"XM":"13"},"RQ":{"G8":"13"},"RH":{"WW":"13"},"VM":{"82":"13"},"GG":{"26":"13","25":"13"},"VR":{"HG":"13"},"CW":{"VG":"13","JG":"13","CQ":"13","68":"13","7C":"13"},"3V":{"76":"13"},"XH":{"MV":"7"},"XM":{"C2":"13","82":"13","92":"13"},"XJ":{"9X":"13"},"RM":{"PH":"13"},"VP":{"J8":"13"},"RP":{"F5":"13","G4":"13","G5":"13","F4":"13","V5":"13"},"JF":{"2X":"13"},"VJ":{"72":"13"},"H7":{"46":"13"},"WM":{"Q6":"13","P6":"13"},"V7":{"H7":"13"},"JG":{"22":"13"},"HH":{"9X":"13","CX":"13"},"WJ":{"4X":"13","Q2":"13","8H":"13","5G":"13","G7":"13","45":"13","6G":"13","FX":"13","2V":"13","CF":"13"},"CX":{"VG":"13","R7":"13"},"CJ":{"VJ":"13"},"CV":{"MP":"13"},"3W":{"5R":"13","6C":"13","7C":"13"},"GX":{"29":"13"},"RC":{"VP":"13","WP":"13"},"WH":{"VP":"13"},"VQ":{"VF":"13","FP":"13"},"HJ":{"C2":"13","92":"13"},"6G":{"98":"13"},"FW":{"34":"13","46":"13","47":"13","45":"13"}},"XP":{"9W":{"42":"13","52":"13"}},"GJ":{"GH":{"H8":"13"}},"JG":{"J2":{"9C":"13"}},"CH":{"42":{"7X":"13"},"43":{"J7":"13","J8":"13","72":"13","M8":"13","82":"13","M7":"13"}},"FQ":{"XH":{"XV":"13","XW":"13"}},"7R":{"R8":{"96":"13"},"J7":{"H7":"13","H6":"13"},"Q6":{"5J":"13"},"M6":{"H8":"13","H7":"13"},"Q7":{"7X":"13"}},"QF":{"3Q":{"P9":"13"},"9R":{"M8":"13"}},"GW":{"27":{"6J":"13","7J":"13","8J":"13"}},"FM":{"MQ":{"7G":"13"}},"CM":{"9V":{"46":"13","56":"13"}},"WR":{"4F":{"XQ":"13"}},"5P":{"P6":{"PW":"13"}},"V3":{"Q5":{"2R":"13"},"G4":{"FH":"13","FG":"13","GC":"13"},"5X":{"JX":"13"},"55":{"J8":"13","F8":"5"},"G5":{"8C":"13","6C":"13"},"C5":{"H6":"13","G6":"13"}},"FG":{"86":{"CJ":"13"}},"XH":{"3P":{"8M":"13"}},"R3":{"8X":{"3J":"13","V6":"13"},"86":{"7W":"13"},"7H":{"3V":"13","2W":"13","4W":"13","2V":"13","C4":"13","3W":"13","4P":"13"},"8P":{"V4":"13","V5":"13","H7":"13","M7":"13","R4":"13","R5":"13","FJ":"13","CJ":"13"},"66":{"34":"13","H5":"13","G5":"13","H6":"13","G6":"13"},"7M":{"6H":"13","2M":"13"},"MH":{"6X":"13"},"C6":{"G6":"13","V5":"13","H7":"13","77":"13","M7":"13","M6":"13","J8":"13","H6":"13","R6":"13","97":"13","G7":"13"},"J9":{"4W":"13","3W":"13"},"C5":{"JF":"13","45":"13","MJ":"13"},"H9":{"VM":"13","WM":"13","RM":"13"},"F3":{"5G":"13"},"W5":{"MF":"13","XG":"13","WH":"13","VF":"13","WF":"13","WG":"13","XH":"13"},"J5":{"CM":"13"},"CX":{"48":"13"},"6M":{"XM":"13","WH":"13","VC":"13","XH":"13","VF":"13","WJ":"13","WC":"13","WF":"13"},"M5":{"J8":"13","M8":"13"},"6J":{"P5":"13","M5":"13","QH":"13","M4":"13","RM":"13","Q9":"13","QC":"13"},"47":{"Q7":"13"},"CM":{"C6":"13","C8":"13"},"X4":{"2J":"13","2H":"13"},"65":{"WH":"13","WG":"13","XH":"13"},"9C":{"C6":"13","95":"13","96":"13","C5":"13"},"7Q":{"QX":"13","C9":"13","QW":"13"},"7C":{"2W":"13"},"F2":{"XF":"13","J4":"13"},"MC":{"68":"13"},"9W":{"XF":"13","79":"13"},"C4":{"J5":"13"},"7J":{"3Q":"13"},"CV":{"3X":"13","5G":"13","4G":"13","4H":"13","5H":"13","3W":"13"},"6G":{"QJ":"13","8M":"13","83":"13","HH":"13","QH":"13","G7":"13","F7":"13","F6":"13","G6":"13"},"94":{"V6":"13"},"HR":{"8X":"13","7X":"13"},"72":{"5Q":"13","5R":"13","4R":"13"},"HX":{"Q8":"13"},"96":{"MX":"13","MQ":"13","J2":"13","M2":"13","MW":"13"},"C3":{"6V":"13","QP":"13","PQ":"13","VP":"13"},"X5":{"HF":"13","G9":"13","38":"13","HC":"13","FC":"13","59":"13","49":"13","F9":"13"},"76":{"J3":"13"},"77":{"JX":"13"},"57":{"86":"13","85":"13","75":"13","76":"13","59":"13","87":"13","7V":"13"},"58":{"GX":"13","CG":"13","9G":"13"},"46":{"WV":"13","HP":"13","HJ":"13","VV":"13","H2":"13","WW":"13","C3":"13","83":"13","VW":"13","JM":"13","HM":"13","VM":"13","RJ":"13","PW":"13","F3":"13"},"9J":{"G3":"13","32":"13","G2":"13","43":"13"},"64":{"J8":"13","Q9":"13"},"63":{"R5":"13"},"9X":{"C6":"13","H3":"13","C7":"13"},"HV":{"83":"13","C8":"13"},"7R":{"HC":"13","J6":"13","J5":"13","H6":"13","GC":"13"},"6H":{"HJ":"13","XW":"13","W9":"13","JM":"13","W3":"13","JP":"13","X5":"13","GJ":"13"},"6C":{"XX":"13"},"7P":{"6V":"13","76":"13","FM":"13"},"8C":{"2H":"13","3H":"13"},"C7":{"R7":"13","R6":"13","MC":"13"},"54":{"Q8":"13","PW":"13"},"74":{"6Q":"13","6R":"13"},"9R":{"5Q":"13","5R":"13"},"9H":{"4M":"13","F4":"13"},"9G":{"G3":"13","H2":"13","CM":"13","H3":"13","G2":"13","FM":"13","H7":"13"},"FF":{"63":"13","73":"13"},"8R":{"JP":"13"},"34":{"XX":"13"},"8J":{"FG":"13","CG":"13"},"56":{"J3":"13","H2":"13","46":"13","R4":"13","47":"13","M3":"13","P3":"13"},"8G":{"QH":"13","RG":"13","MF":"13","QF":"13","9M":"13","FC":"13","MC":"13","QG":"13","RH":"13","PC":"13","PH":"13","MH":"13"},"45":{"44":"13","89":"13","9J":"13","79":"13"},"6F":{"MG":"13","MJ":"13","4H":"13","3H":"13","MM":"13","X2":"13","5M":"13","PJ":"13","PM":"13","MH":"13"},"Q5":{"HJ":"13","HH":"13"},"55":{"QJ":"13","MF":"13","JC":"13","HC":"13","HX":"13","PF":"13","MG":"13","GC":"13"}},"X3":{"Q4":{"F8":"13","C7":"13","F7":"13","96":"13"},"M7":{"72":"13","C7":"13"},"G5":{"9Q":"13","9P":"13"},"M8":{"36":"13","7W":"13","35":"13"},"R5":{"HX":"13"},"J7":{"J2":"13"},"M5":{"2V":"13"},"J6":{"P5":"13","X2":"13"},"H6":{"PM":"13","57":"13","XR":"13","WP":"13"},"R6":{"H2":"13"},"H5":{"6R":"13","7R":"13"},"76":{"44":"13"},"J5":{"2V":"13"}},"2M":{"RR":{"JG":"13","MG":"13"}},"JH":{"XX":{"3H":"13"}},"V4":{"8H":{"MR":"13"},"CH":{"X8":"13"},"9J":{"86":"13","85":"13","74":"13"},"X7":{"MR":"13","JR":"13"},"52":{"J2":"13","H7":"13","G6":"13","H6":"13"},"53":{"98":"13","97":"13"}},"W9":{"XC":{"RF":"13","VF":"13"}},"H9":{"JC":{"M9":"13","M8":"13"}},"MW":{"3G":{"54":"13","44":"13","46":"13","55":"13","45":"13","56":"13"}},"7H":{"8V":{"M4":"13"},"HP":{"C2":"13"},"5W":{"JH":"13","J9":"13","8W":"13"},"MJ":{"48":"13"},"FQ":{"4R":"13","4V":"13"},"MM":{"GC":"13"},"8R":{"W5":"13","P9":"13","V6":"13","W6":"13"},"JM":{"4W":"13","8X":"13"},"6W":{"R3":"13","Q3":"13","P5":"13","Q4":"13","W4":"13","V3":"13","Q5":"13","W2":"13","V4":"13","R5":"13","W3":"13","R2":"13","X2":"13","V2":"13","R4":"13","X3":"13","P4":"13"},"5R":{"VW":"13","VX":"13"},"7W":{"7G":"13","9C":"13","6G":"13","8G":"13","9F":"13","4J":"13","5J":"13","3M":"13","6H":"13","8F":"13","5H":"13","5M":"13","7H":"13","7F":"13","8C":"13","99":"13","4M":"13","6J":"13"},"9V":{"G2":"13"},"7V":{"J7":"13"},"6X":{"4Q":"13"},"5V":{"GG":"13","GF":"13","FG":"13","GH":"13"},"CR":{"W4":"13","W2":"13","7R":"13","W9":"13","RC":"13"},"9W":{"GV":"13"},"CX":{"8M":"13","QH":"13"}},"G8":{"8M":{"3M":"13","2M":"13"},"7P":{"6V":"13","6R":"13"},"9P":{"34":"13","33":"13"},"9J":{"MQ":"13"},"4M":{"M3":"13"},"9M":{"7R":"13"},"8P":{"WC":"13","W9":"13","V9":"13"}},"8M":{"F9":{"MG":"13"}},"CR":{"R2":{"7F":"13","6F":"13"}},"4M":{"54":{"26":"13","25":"13"},"44":{"X6":"13"}},"6W":{"9X":{"65":"13","55":"13"},"7X":{"3Q":"13","3P":"13","C9":"13"}},"W2":{"8X":{"PV":"13","MR":"13","PR":"13"}},"6P":{"82":{"6V":"13","6R":"13","H7":"13"},"PV":{"W4":"13","V4":"13","W3":"13","X4":"13","X3":"13"},"PR":{"MX":"13","PQ":"13","MR":"13","PR":"13"},"QV":{"24":"13"}},"PH":{"Q6":{"6H":"13"},"8F":{"W2":"13"},"9C":{"4R":"13","3R":"13","3W":"13"},"2M":{"52":"13","43":"13"}},"W4":{"HJ":{"G2":"13"},"CJ":{"29":"13","28":"13"},"29":{"8V":"13","56":"13","7V":"13","7R":"13","8R":"13"},"VJ":{"83":"13","93":"13"},"WH":{"65":"13","66":"13","55":"13","56":"13"},"2F":{"QR":"13","PR":"13","GV":"13","HV":"13"},"6M":{"RP":"13","VP":"13"},"2G":{"H2":"13","G2":"13"}},"7X":{"2M":{"2C":"13","2F":"13"}},"PF":{"5Q":{"Q2":"13","R2":"13"},"6M":{"2W":"13","64":"13"},"4H":{"RR":"13"},"57":{"43":"13","53":"13"},"5P":{"82":"13","M3":"13"},"6P":{"29":"13","39":"13","59":"13"},"56":{"7R":"13"},"5M":{"F2":"13","XG":"13","J3":"13","WH":"13","XF":"13","HC":"13","47":"13","QP":"13","G2":"13","F7":"13","F4":"13","QQ":"13","M3":"13","F6":"13"},"2M":{"VV":"13","HW":"13","JW":"13","HX":"13","JX":"13","WX":"13"},"5J":{"69":"13","57":"13","56":"13","8X":"13","7X":"13"},"25":{"5Q":"13","6Q":"13"},"4M":{"83":"13","82":"13","92":"13"},"26":{"58":"13","99":"13","89":"13","57":"13"},"3J":{"QC":"13"},"3Q":{"76":"13","JJ":"13"},"XW":{"6Q":"13"},"3M":{"CC":"13","FC":"13","F9":"13"},"3P":{"G9":"13","JC":"13","HC":"13","77":"13","68":"13","78":"13"},"2P":{"G6":"13","WV":"13","F7":"13","57":"13","W2":"13","F6":"13","46":"13","WP":"13","47":"13","W4":"13","56":"13","RP":"13","X4":"13","X5":"13","G7":"13","55":"13","RM":"13"}},"HH":{"HH":{"5G":"13","6G":"13"},"JH":{"2J":"13","2H":"13"}},"W7":{"7R":{"2W":"13","3W":"13"}},"R5":{"HG":{"R5":"13","V4":"13","R4":"13","V5":"13"},"WG":{"V3":"13","V2":"13"},"HX":{"VP":"13"},"G9":{"7H":"13","8H":"13","6H":"13","6J":"13","7J":"13","8J":"13"},"V2":{"J8":"13","H8":"13","H7":"13"},"P5":{"MX":"13"},"F6":{"H9":"13","JC":"13","HC":"13","J9":"13"},"J7":{"53":"13"},"M5":{"G2":"13"},"F8":{"8V":"13","8W":"13"},"RQ":{"W5":"13","V5":"13"},"M6":{"QH":"13"},"J8":{"G9":"13","VJ":"13","H9":"13","G8":"13","C7":"13","C8":"13","VH":"13"},"FP":{"98":"13","97":"13","C7":"13","C8":"13"},"J6":{"5Q":"13","6Q":"13","5R":"13","6R":"13"},"FC":{"39":"13","33":"13","34":"13","25":"13","28":"13","27":"13","48":"13","37":"13","44":"13","42":"13","49":"13","36":"13","38":"13","32":"13","26":"13"},"F9":{"QM":"13","RM":"13"},"Q7":{"FH":"13","GH":"13"},"C8":{"VF":"13","WF":"13"},"CC":{"X6":"13","X7":"13"},"G8":{"XQ":"13","WR":"13","XR":"13"},"JG":{"G3":"13","H4":"13","G4":"13"}},"MC":{"PQ":{"C2":"13"},"QQ":{"3V":"13","2W":"13","4W":"13","3X":"13","2X":"13","4V":"13","3W":"13"}},"FW":{"V7":{"8R":"13"},"V8":{"J6":"13"}},"MH":{"G8":{"H7":"13","2H":"13","R9":"13","P6":"13","X6":"13","J7":"13","3H":"13","QF":"13","RC":"13","XG":"13","QC":"13","XF":"13","5F":"13","X5":"13","3G":"13","C4":"13","G7":"13","2G":"13","Q9":"13"},"H8":{"63":"13","83":"13","5G":"13","QV":"13","35":"13","53":"13","45":"13","24":"13","8G":"13","2G":"13","25":"13","7G":"13","CG":"13","82":"13","4F":"13","3G":"13","MQ":"13","7X":"13"},"J9":{"F7":"13","FR":"13","W2":"13","CM":"13","GC":"13","59":"13","MW":"13","CH":"13","3C":"13","7F":"13","4M":"13","5C":"13","93":"13","PW":"13","G7":"13","7C":"13","RX":"13","6Q":"13","96":"13"},"H7":{"29":"13","69":"13","38":"13","PQ":"7","79":"13","7J":"13","28":"13","8J":"13","78":"13"},"H9":{"GM":"13","W8":"13","XQ":"13","XC":"13","FM":"13","W5":"13","68":"13","CM":"13","W6":"13","83":"13","W4":"13","R2":"13","69":"13"},"RG":{"JP":"13","7H":"13","W4":"13","W5":"13","V4":"13","CM":"13","JM":"13","V5":"13"},"G9":{"G6":"13","7G":"13","8H":"13","V8":"13","8J":"13","H6":"13","3F":"13","RH":"13","99":"13","87":"13","86":"13"},"QC":{"2F":"13","2G":"13"},"Q7":{"PJ":"13","RX":"13","47":"13","VW":"13","GG":"13","XQ":"13","WR":"13","M7":"13","HM":"13","MG":"13","RM":"13","MC":"13","8Q":"13","78":"13","F9":"13","H8":"13","PG":"13","RR":"13","G8":"13","H7":"13","J8":"13","QR":"13","PH":"13","3M":"13","GF":"13","HW":"13","P7":"13","XR":"13","RW":"13","HJ":"13","6Q":"13","JJ":"13"},"J7":{"JH":"13","JR":"13","68":"13","78":"13"},"FC":{"F5":"13","66":"13","H3":"13","67":"13","95":"13"},"VG":{"RW":"13","5C":"13","QX":"13","FH":"13","59":"13","49":"13","RX":"13","6W":"13","GH":"13","QW":"13","7W":"13","FF":"13"},"F7":{"VW":"13","QV":"13"},"Q9":{"9F":"13","HJ":"13","W6":"13","GV":"13","4C":"13","3P":"13","W7":"13","3C":"13","8C":"13","49":"13","4M":"13","69":"13","6P":"13","GJ":"13"},"Q8":{"XV":"13","R3":"13","V3":"13","VG":"13","R2":"13","WJ":"13","V9":"13"},"R7":{"RV":"13","3V":"13","4W":"13","3P":"13","RJ":"13","2P":"13","HX":"13","RX":"13","3C":"13","2M":"13","GR":"13","4V":"13","4P":"13"},"HC":{"37":"13"},"MC":{"36":"13","24":"13","46":"13","47":"13","57":"13"},"JC":{"J7":"13","P5":"13","G3":"13","W4":"13","86":"13","C6":"13","Q5":"13","R5":"13","W3":"13","X4":"13","H3":"13","J6":"13"},"R8":{"2R":"13"},"PF":{"CJ":"13","WV":"13","HP":"13","JV":"13","6W":"13"},"C9":{"HX":"13","WR":"13","M7":"13","P8":"13","FX":"13","WP":"13","C3":"13","PG":"13","F2":"13","PF":"13","VW":"13","J8":"13","WQ":"13","GW":"13","VJ":"13","VP":"13","HW":"13"},"P7":{"JW":"13","P8":"13","VC":"13","MG":"13"},"WH":{"C6":"13","G5":"13","59":"13","47":"13","48":"13","4C":"13","86":"13","76":"13"},"PG":{"R4":"13"},"GG":{"76":"13","87":"13","77":"13"},"P8":{"C5":"13","V5":"13","X2":"13","7H":"13","G3":"13","7F":"13","6P":"13","87":"13","G4":"13","86":"13","6Q":"13"},"WG":{"8G":"13","8H":"13","9H":"13","9G":"13"},"P9":{"GP":"13","FM":"13","CM":"13","6H":"13","4H":"13","FQ":"13","FP":"13","5H":"13","7H":"13","8J":"13","9M":"13","JM":"13","JP":"13","GQ":"13","3G":"13","9J":"13","JR":"13","CJ":"13"},"VC":{"94":"13"},"F8":{"GX":"13","9X":"13","WH":"13","2M":"13","3M":"13","CW":"13","3F":"13","4C":"13","4M":"13","3G":"13","2J":"13","9W":"13","4F":"13"},"M8":{"XV":"13","XQ":"13","XX":"13","WJ":"13"},"G7":{"HG":"13","8V":"13","78":"13","F7":"13","8G":"13","R5":"13","PG":"13","QF":"13","F8":"13","R8":"13","8R":"13","8F":"13","6M":"13","PF":"13","QC":"13","5G":"13","J9":"13","F9":"13","CH":"13","7P":"13","38":"13","Q5":"13","6J":"13","67":"13","7Q":"13"},"F9":{"G2":"13","H2":"13","VW":"13","3R":"13","WV":"13","2R":"13","JF":"13","H3":"13","FH":"13","2Q":"13","M6":"13","M5":"13","CR":"13","P8":"13","PC":"13","QC":"13","P7":"13","CQ":"13"},"PC":{"R5":"13","X2":"13"},"J8":{"R3":"13","6X":"13","HF":"13","R2":"13","QH":"13","HC":"13","XJ":"13"},"C8":{"HH":"13","6H":"13","WP":"13","CP":"13","RQ":"13","6M":"13","WQ":"13","7P":"13","GH":"13","FW":"13","6J":"13","PP":"13","GJ":"13","8P":"13"},"M9":{"Q4":"13","RG":"13","V4":"13","X2":"13","WG":"13","6P":"13","X3":"13","J2":"13"},"M7":{"VG":"13","VF":"13"},"RH":{"R8":"13"},"CC":{"84":"13","77":"13"},"99":{"MG":"13","WH":"13","MF":"13","XJ":"13","MC":"13","WJ":"13","RJ":"13","VJ":"13","VH":"13"}},"HV":{"9C":{"3X":"13","3W":"13"}},"6X":{"34":{"CJ":"13","FJ":"13"},"F5":{"X5":"13","8V":"13","7V":"13","VC":"13","V8":"13","V9":"13","RC":"13"},"63":{"4F":"13","3F":"13"},"83":{"GG":"13","GF":"13","FG":"13","FF":"13"},"74":{"Q3":"13","Q2":"13","R2":"13"},"5G":{"Q4":"13","Q5":"13","R4":"13","P4":"13"},"Q4":{"GM":"13"},"47":{"HF":"13"},"C6":{"8H":"13","M9":"13","M8":"13"},"85":{"MF":"13","CC":"13","MC":"13"},"P5":{"83":"13"},"C2":{"HF":"13","GG":"13","GF":"13","HG":"13"},"92":{"QJ":"13"},"87":{"8H":"13"},"46":{"H9":"13","JC":"13","J9":"13"},"F9":{"93":"13","92":"13"},"79":{"CJ":"13","P9":"13","PC":"13","9H":"13","MC":"13"},"F8":{"HQ":"13","HP":"13"},"G4":{"5R":"13","GF":"13","4R":"13"},"F2":{"RV":"13","RW":"13","5J":"13","5M":"13","6M":"13","6J":"13","QW":"13","QV":"13"},"25":{"RJ":"13"},"43":{"VW":"13"},"G3":{"6Q":"13","8P":"13","CQ":"13"},"82":{"24":"13","JX":"13"},"44":{"66":"13"},"F3":{"JP":"13","HQ":"13","HP":"13"},"75":{"4F":"13","4C":"13"},"F6":{"QP":"13","RP":"13"},"97":{"Q3":"13","Q2":"13","95":"13","P3":"13","P2":"13","C4":"13","94":"13"},"73":{"RW":"13","M5":"13","QX":"13","VW":"13","RX":"13","M4":"13","M3":"13","VX":"13"},"C9":{"J3":"13","J2":"13"},"8M":{"4R":"13","3R":"13"},"CM":{"M3":"13"},"76":{"9F":"13","CF":"13"}},"8G":{"HM":{"63":"13","54":"13","53":"13"}},"XW":{"2F":{"3Q":"13","4Q":"13","4P":"13"},"49":{"XR":"13"},"FW":{"2C":"13","2F":"13"},"4C":{"84":"13","85":"13","75":"13","76":"13","74":"13"}},"V6":{"QH":{"J5":"13"},"W8":{"59":"13"},"RG":{"PF":"13"},"GG":{"58":"13","57":"13"},"JP":{"MX":"13","JX":"13"},"WQ":{"XQ":"13","WQ":"13","VQ":"13"},"RF":{"JJ":"13","JM":"13"},"GF":{"M5":"13"}},"Q2":{"QJ":{"GG":"13"},"QR":{"HQ":"13","JQ":"13","JR":"13"},"X2":{"J7":"13"},"M2":{"8M":"13","7J":"13","8J":"13"},"QW":{"V3":"13","V2":"13"},"WX":{"7R":"13"},"VX":{"HJ":"13","VJ":"13","RJ":"13","VM":"13","RQ":"13","QQ":"13","VQ":"13","RM":"13","HM":"13"},"QV":{"VV":"13","VR":"13"}},"P9":{"Q2":{"7H":"13","8G":"13","8H":"13","7G":"13"},"P6":{"V2":"13"}},"MF":{"JV":{"7H":"13","6H":"13"}},"FC":{"7Q":{"MF":"13","PJ":"13","29":"13","39":"13","2C":"13","PG":"13","PH":"13","49":"13","MJ":"13","3C":"13","MH":"13","PF":"13","MG":"13"},"6Q":{"8Q":"13"},"5R":{"P4":"13"}},"2P":{"P7":{"RG":"13","CQ":"13","GC":"13"},"M8":{"W7":"13"},"P8":{"64":"13"},"M7":{"VM":"13"},"PW":{"38":"13","48":"13"}},"W3":{"XP":{"FG":"13"},"32":{"97":"13","4F":"13","8C":"13"},"X5":{"3G":"13","3H":"13"},"X4":{"JJ":"13"},"J2":{"WH":"13"},"M2":{"24":"13","9C":"13","JG":"13","94":"13"},"52":{"6X":"13"}},"GQ":{"2H":{"2W":"13","2V":"13"}},"X8":{"7X":{"Q6":"13","P7":"13","Q7":"13"}},"3M":{"39":{"4J":"13","5J":"13","5M":"13","3J":"13","4H":"13","3M":"13","4M":"13","5H":"13"},"37":{"V4":"13","V5":"13","Q4":"13","R4":"13","W5":"13","R5":"13","X6":"13","W6":"13","W4":"13","R6":"13","Q6":"13","X5":"13","Q5":"13","V6":"13"},"25":{"MP":"13","HP":"13","MR":"13","HR":"13","MM":"13","PQ":"13","JM":"13","JP":"13","MQ":"13","JQ":"13","HQ":"13","JR":"13"},"5G":{"4W":"13"},"4G":{"XV":"13","VV":"13","WV":"13","WW":"13"},"57":{"58":"13","59":"13","47":"13","57":"13","67":"13","48":"13"},"56":{"PV":"13","QW":"13","PW":"13","QV":"13"},"68":{"39":"13","57":"13","58":"13","46":"13","59":"13","47":"13","27":"13","48":"13","37":"13","49":"13","36":"13","38":"13"}}},"index":{"university,1|retail,2|tourism,3|wreck,4|historical,5|artsCulture,6|namedBuilding,7|water,8|wetland,9|park,10|beach,11|natureReserve,12|cemetery,13|trail,14":{}}}