{"index":{"university,1|retail,2|tourism,3|wreck,4|historical,5|artsCulture,6|namedBuilding,7|water,8|wetland,9|park,10|beach,11|natureReserve,12|cemetery,13|trail,14":{}},"6G":{"7P":{"5Q":{"F5":"13","G4":"13","G5":"13","F4":"13","C4":"13"}},"9M":{"H4":{"5F":"13"}},"55":{"WM":{"32":"13"}},"FF":{"P5":{"FV":"13","WR":"13"},"P7":{"8V":"13"},"4H":{"36":"13"},"V8":{"C9":"13"}},"4Q":{"7P":{"29":"13","39":"13","25":"13","23":"13","24":"13"},"6M":{"8M":"13","7M":"13","8P":"13","CX":"13"},"6P":{"C2":"13","X3":"13","X9":"13","X8":"13"},"5H":{"3V":"13","4R":"13","3R":"13","4V":"13"}},"8H":{"GV":{"XV":"13"}},"GP":{"4P":{"CP":"13"},"58":{"85":"13"},"2P":{"W9":"13"},"M5":{"WW":"13","JG":"13"},"3P":{"2X":"13"},"4R":{"6J":"13"},"3Q":{"7H":"13","39":"13"},"F3":{"5Q":"13"}},"VX":{"HG":{"V4":"13","X8":"13","V5":"13","W5":"13","X7":"13","X6":"13","W6":"13","W4":"13","V7":"13","W7":"13","X4":"13","X5":"13","V6":"13"},"JG":{"26":"13","28":"13","27":"13"}},"QJ":{"2F":{"R8":"13","PC":"13"}},"CP":{"5M":{"76":"13","66":"13","67":"13"},"JH":{"2W":"13"}},"HX":{"2F":{"CJ":"13","CM":"13","9J":"13","9M":"13"}},"WV":{"4X":{"VJ":"13"},"GF":{"2W":"13","2X":"13"},"FF":{"RV":"13","RW":"13","VV":"13","XX":"13","VW":"13","WX":"13","WW":"13","XW":"13"}},"GM":{"C6":{"J3":"13"},"F7":{"F8":"13","F7":"13"},"F6":{"4C":"13"}},"8X":{"4J":{"5P":"13"}},"3R":{"H4":{"FX":"13"},"VM":{"2P":"13"},"M3":{"4M":"13","4P":"13"},"RM":{"XP":"13"},"3R":{"MG":"13"}},"HG":{"G7":{"HC":"13"},"H6":{"5C":"13","6V":"13","59":"13","49":"13","6W":"13","PC":"13","4C":"13","C7":"13"}},"G7":{"F6":{"W7":"13","W8":"13","V8":"13"}},"XR":{"2F":{"CC":"13"},"3G":{"54":"13"},"3H":{"PC":"13","QC":"13"}},"5W":{"HW":{"83":"13","73":"13","37":"13","75":"13","72":"13","82":"13","47":"13"}},"PC":{"HC":{"82":"13","92":"13"}},"9G":{"V3":{"2V":"13"}},"JJ":{"Q7":{"W9":"13"}},"RV":{"2G":{"3P":"13","4M":"13","8X":"13","7X":"13","4P":"13"},"2H":{"G6":"13"}},"XF":{"6Q":{"XW":"13"}},"FH":{"MF":{"54":"13"},"RQ":{"P9":"13"},"4P":{"3J":"13"}},"GF":{"FF":{"JW":"13","HX":"13","JX":"13","W6":"13"},"78":{"RP":"13"},"57":{"57":"13","2M":"13","28":"13","27":"13","66":"13","5F":"13","56":"13","67":"13","6Q":"13"},"58":{"C6":"13","5F":"13"},"68":{"J2":"13"},"46":{"MV":"13","GP":"13","VF":"13","9R":"13","F8":"13","C8":"13"},"C9":{"2H":"13"},"47":{"XQ":"5","M8":"13","2P":"13","WM":"13","P2":"13"},"48":{"FV":"13","XF":"13","WF":"13","FW":"13","WQ":"13","WP":"13"},"37":{"W5":"13"},"CC":{"G5":"13"},"89":{"X4":"13","M3":"13","P3":"13"},"38":{"X6":"13","4G":"13","4H":"13","P4":"13","3H":"13"},"97":{"89":"13"},"GF":{"MJ":"13"},"87":{"GP":"13"},"88":{"J3":"13","HX":"13"},"7C":{"82":"13"}},"9J":{"FV":{"XV":"13","9V":"13","XW":"13","CV":"13"},"CW":{"H8":"13","7G":"13","H7":"13","6G":"13","V8":"13","J7":"13","R8":"13","J8":"13","J6":"13","7F":"13","6F":"13"},"9W":{"JV":"13","HV":"13"},"FW":{"77":"13","FR":"13","CV":"13","FQ":"13","CW":"13","C2":"13","GR":"13","GQ":"13","9V":"13","76":"13","9W":"13"},"9M":{"34":"13","26":"13","25":"13","24":"13","35":"13"},"GW":{"V7":"13","R7":"13","FC":"13","R9":"13","93":"13","FF":"13","V9":"13","GC":"13"},"8J":{"PP":"13","MP":"13"},"GV":{"2W":"13","2V":"13"},"GC":{"62":"13"}},"XM":{"XQ":{"F3":"13"}},"5Q":{"RQ":{"HJ":"13","HH":"13","JH":"13","JJ":"13"},"RP":{"FQ":"13","8R":"13","FP":"13"},"VP":{"3J":"13","2J":"13","2H":"13","3H":"13"}},"CG":{"6F":{"6C":"13"},"24":{"C6":"13"},"6G":{"34":"5","44":"13"},"33":{"95":"13","96":"13"}},"HM":{"HW":{"MQ":"13","JQ":"13"}},"3P":{"4J":{"XJ":"13"},"5J":{"2J":"13"},"9X":{"R8":"13"},"9W":{"HP":"13"},"4R":{"X7":"13","X8":"13"},"4H":{"3P":"13","6M":"13","3M":"13","4P":"13"}},"6J":{"XQ":{"PH":"13"},"W3":{"GP":"13"}},"MP":{"QR":{"99":"13","9C":"13","C9":"13"},"PR":{"V7":"13","P5":"13","M5":"13","R7":"13","R6":"13","P6":"13","V6":"13"}},"VV":{"3P":{"73":"13"}},"3Q":{"HQ":{"F8":"13","F9":"13"},"P7":{"3P":"13","3M":"13"},"P8":{"8C":"13"}},"8V":{"9C":{"3V":"13","4W":"13","4V":"13","3W":"13"},"M8":{"3J":"13","2J":"13","2H":"13","3H":"13","2M":"13","JG":"13","RC":"13"},"P6":{"WH":"13"},"MF":{"H9":"13","WR":"13","XR":"13","J9":"13"},"R2":{"74":"13","9C":"13"},"9M":{"55":"13"},"8C":{"RV":"13"},"R6":{"6Q":"13","59":"13","49":"13","6R":"13","45":"13"},"R7":{"32":"13"},"Q6":{"QG":"13","RG":"13","56":"13","M4":"13"},"Q5":{"7Q":"13","7P":"13"}},"49":{"MC":{"X8":"13"}},"7G":{"Q9":{"QW":"13"},"C4":{"83":"13","84":"13","93":"13","92":"13","94":"13"}},"QR":{"7W":{"23":"13","24":"13"}},"CF":{"86":{"VV":"13","WV":"13","JV":"13","VW":"13","JR":"13","WW":"13","HR":"13","HV":"13"},"GF":{"GM":"13"},"87":{"R3":"13","W4":"13","V3":"13","V4":"13","W3":"13","R4":"13"},"RX":{"96":"13"},"C7":{"68":"13","78":"13"}},"XV":{"G7":{"2J":"13"}},"7V":{"JR":{"MF":"13","PF":"13"}},"FV":{"H2":{"X6":"13","W6":"13"}},"HC":{"9H":{"XM":"13","XJ":"13"}},"GJ":{"P9":{"HG":"13"},"7J":{"QF":"13","Q9":"13"},"9P":{"3Q":"13","6P":"13","5V":"13"},"GG":{"RF":"13"},"4G":{"CP":"13","CM":"13","9P":"13","9M":"13"},"C5":{"68":"13"},"7F":{"FC":"13"},"8F":{"CC":"13"},"6J":{"RF":"13"},"7H":{"XP":"13","XM":"13","WM":"13","WP":"13"},"8X":{"FF":"13"},"8R":{"CH":"13"},"JF":{"2G":"13"},"4P":{"78":"13"},"8G":{"9R":"13","P6":"13","CV":"13","CR":"13"},"8J":{"2G":"13"},"FH":{"XH":"13","62":"13"},"CR":{"G3":"13","P3":"13"},"94":{"MP":"13"},"3F":{"36":"13"},"8H":{"75":"13","32":"13","H3":"13"}},"9C":{"FV":{"WG":"13","WH":"13","WP":"13","WM":"13","VF":"13","VM":"13","WJ":"13","VG":"13","VJ":"13","VH":"13","WF":"13"},"GR":{"7Q":"13","97":"13","8Q":"13","87":"13","C7":"13"}},"GV":{"X8":{"J8":"13","J9":"13"}},"5H":{"M3":{"26":"13","38":"13","37":"13","47":"13","48":"13","27":"13"}},"WX":{"Q2":{"M2":"13"},"XH":{"95":"13"}},"CH":{"CP":{"X4":"13"},"6J":{"X9":"13"},"MR":{"78":"5"}},"FQ":{"J7":{"QJ":"13","PJ":"13","QH":"13","PH":"13"}},"8R":{"JR":{"85":"13","GJ":"13"},"JM":{"JP":"13","JQ":"13","JR":"13","JM":"13","HM":"13"}},"5R":{"MF":{"5C":"13","5F":"13"},"JF":{"VM":"13","VP":"13","RM":"13"},"79":{"J7":"13","MJ":"13","MH":"13","M7":"13"}},"JX":{"2Q":{"63":"13","73":"13"}},"GG":{"J7":{"XF":"13"},"53":{"C9":"13"},"M7":{"CM":"13"},"J6":{"MW":"13"}},"6F":{"35":{"MH":"13","HR":"13","GR":"13"}},"2X":{"2P":{"32":"13","55":"13","45":"13","33":"13"}},"CM":{"FR":{"W3":"13","X3":"13"},"FQ":{"WV":"13","VR":"13","WR":"13","WF":"13"}},"WR":{"XG":{"95":"13"}},"FP":{"WQ":{"63":"13","73":"13"}},"RH":{"6H":{"8M":"13"}},"WW":{"XP":{"JH":"13","JG":"13","4P":"13"},"XQ":{"98":"13","C6":"13","97":"13","99":"13","42":"13","C9":"13","52":"13","C7":"13","C8":"13","96":"13"},"QX":{"7H":"13","2W":"13","5G":"13","2J":"13","6H":"13","6G":"13","6J":"13","5H":"13","2M":"13","7J":"13"},"VR":{"65":"13","66":"13","55":"13","57":"13","56":"13","67":"13"},"VQ":{"Q6":"13","P6":"13"},"PX":{"Q4":"13","Q5":"13","R5":"13","R4":"13","XW":"13"}},"FG":{"9J":{"33":"13"}},"XH":{"GM":{"R3":"13","Q3":"13","Q4":"13","Q5":"13","R5":"13","R4":"13","P3":"13","V5":"13"}},"2M":{"2W":{"V4":"13"},"8G":{"FH":"13"},"PQ":{"QR":"13","QQ":"13","PR":"13"},"MR":{"WX":"13"}},"8W":{"H4":{"RH":"13"},"JH":{"69":"13","79":"13","68":"13"}},"JH":{"C2":{"H3":"13"}},"CW":{"94":{"V3":"13"}},"CV":{"X3":{"4J":"13","4F":"13","4C":"13","3C":"13","3F":"13"}},"XQ":{"R6":{"CV":"13"}},"W9":{"MM":{"F9":"13"}},"8M":{"FG":{"62":"13"},"W9":{"J5":"13"}},"CR":{"XP":{"WG":"13"},"JP":{"HJ":"13"},"4Q":{"R9":"13"},"MP":{"RW":"5","QX":"5","RX":"5"},"MQ":{"7F":"13","9F":"13","7H":"13","CJ":"13","8G":"13","8F":"13","8H":"13","CH":"13","9J":"13","CG":"13","9H":"13","9G":"13","8J":"13","CF":"13","7G":"13"},"PR":{"9Q":"13","MM":"13","8G":"13","2F":"13","8Q":"13","8H":"13","MJ":"13","9H":"13"}},"HP":{"J2":{"98":"13"},"35":{"9F":"13","GG":"13","MG":"13","9G":"13","CF":"13"},"C5":{"CQ":"13"}},"52":{"HR":{"Q8":"13"}},"6W":{"RQ":{"JP":"13"}},"8F":{"H9":{"J4":"13","M4":"13"},"6M":{"JM":"13"},"J4":{"4P":"13","MR":"13","4Q":"13","5P":"13","JV":"13","JR":"13","5Q":"13"},"FX":{"JM":"13"}},"6P":{"7R":{"4Q":"13"}},"4H":{"2F":{"F2":"13"},"3J":{"63":"13","29":"13","64":"13","28":"13"},"2J":{"R3":"13","V3":"13","R4":"13","X9":"13","X8":"13"},"2G":{"7Q":"13","8Q":"13"},"C7":{"4F":"13","3F":"13"}},"PH":{"RH":{"M9":"13","P9":"13","PC":"13","MC":"13"},"RJ":{"P5":"13","Q5":"13","Q6":"13","R7":"13","P7":"13","P6":"13","Q7":"13"}},"27":{"RV":{"GF":"13"},"QV":{"J3":"13"}},"5X":{"47":{"H3":"13","W8":"13","V8":"13","J3":"13","2M":"13","F4":"13","C3":"13","83":"13","V3":"13","W9":"13","F2":"13","45":"13","27":"13","W3":"13","V7":"13","36":"13","82":"13","2J":"13","C4":"13","26":"13","F3":"13","7C":"13","V9":"13"},"R6":{"CJ":"13","CH":"13","9J":"13","M3":"13","9H":"13"},"65":{"WR":"13","4P":"13","MP":"13","WW":"13","5W":"13","4J":"13","JP":"13","XR":"13","7X":"13","6X":"13","4W":"13","VJ":"13","5V":"13","3J":"13","VH":"13"},"57":{"Q6":"13","X3":"13","PJ":"13","47":"13","38":"13","C8":"13","72":"13","X4":"13","H4":"13","6H":"13","37":"13","46":"13","VP":"13","5H":"13","P6":"13","RP":"13","5M":"13","QM":"13","5J":"13","W5":"13","VG":"13","F8":"13","36":"13","G4":"13","H7":"13","PM":"13","V2":"13","7G":"13","G3":"13","G7":"13","J2":"13","WG":"13","M2":"13","48":"13","QJ":"13"},"86":{"H3":"13","Q8":"5","P8":"5","R8":"5","Q7":"5","R7":"5","P7":"5"},"37":{"MM":"13","X9":"13","XJ":"13","WJ":"13","WC":"13","W9":"13","QQ":"13","XC":"13"},"4C":{"9Q":"13","CP":"13","9P":"13"},"46":{"8G":"13","8H":"13","8V":"13","9H":"13","9G":"13"},"56":{"7W":"13","6W":"13","GP":"13","84":"13","RQ":"13","5G":"13","VM":"13","VW":"13","VR":"13","6V":"13","XH":"13","85":"13","WR":"13","XM":"13","6X":"13","6R":"13","PP":"13","WV":"13","46":"13","VP":"13","5H":"13","7R":"13","45":"13","7Q":"13","RG":"13","VG":"13","WQ":"13","9X":"13","R4":"13","43":"13","5V":"13","MP":"13","WJ":"13","96":"13","VX":"13","9R":"13","WH":"13","VQ":"13","XG":"13","QJ":"13","7X":"13"},"PG":{"MM":"13","PP":"13"},"55":{"34":"13","H5":"13","44":"13","FQ":"13","65":"13","66":"13","2R":"13","2V":"13","FP":"13","33":"13","5V":"13","H6":"13"},"44":{"QR":"13","HP":"13","GG":"13","QQ":"13"},"R5":{"JV":"13","JW":"13"},"54":{"3W":"13"},"67":{"78":"13","68":"13","M5":"13","83":"13","RC":"13","M6":"13","QC":"13","M9":"13","73":"13","44":"13","64":"13","5F":"13","82":"13","5C":"13","93":"13","72":"13","63":"13","Q9":"13","4F":"13","54":"13","J5":"13"},"66":{"62":"13","4W":"13","38":"13","8W":"13","6V":"13","XV":"13","GV":"13","37":"13","5P":"13","WV":"13","V5":"13","5R":"13","CF":"13","GW":"13","5M":"13","28":"13","4P":"13","7V":"13","CR":"13","HX":"13","4M":"13","29":"13","9F":"13","R5":"13","FV":"13","27":"13","3M":"13","4J":"13","4R":"13","5X":"13","3P":"13"}},"7X":{"XM":{"7P":"13","2G":"13"},"WM":{"R8":"13","V7":"13","J8":"13","VF":"13","W7":"13","P7":"13","M8":"13","R9":"13","WC":"13","W9":"13","VC":"13","V6":"13","M7":"13","V8":"13","J9":"13","W6":"13"}},"HH":{"MG":{"GR":"13"}},"2H":{"VJ":{"HP":"13","PH":"13","MJ":"13"}},"RW":{"XF":{"4J":"13","4H":"13"}},"2J":{"MQ":{"XF":"13","VF":"13","WF":"13"}},"MH":{"77":{"8H":"13"},"9R":{"G2":"13"},"F9":{"GM":"13"},"69":{"WQ":"13"},"G8":{"MX":"13"},"87":{"FW":"13"},"67":{"35":"13"},"55":{"CM":"13","J9":"13"}},"6X":{"W4":{"H7":"13","J6":"13","H6":"13"},"W3":{"GP":"13","FP":"13","HV":"13","GV":"13"},"77":{"FV":"13"}},"7W":{"67":{"4R":"13","6H":"13"},"68":{"3V":"13","4V":"13"}},"XW":{"4P":{"76":"13","66":"13","56":"13"},"3R":{"FR":"13"},"2P":{"RQ":"13","V3":"13","GC":"13","33":"13","HF":"13","Q2":"13","GV":"13","V5":"13","W2":"13","VP":"13","22":"13","RP":"13","WQ":"13","V2":"13","W3":"13","V4":"13","32":"13","HC":"13","WP":"13","VQ":"13","GF":"13","23":"13","R3":"13","R2":"13"},"2M":{"QX":"13"},"3M":{"FV":"13","FR":"13","CV":"13","CR":"13"},"3P":{"58":"13","38":"13","37":"13","47":"13","57":"13","48":"13"},"3Q":{"63":"13","54":"13","44":"13","64":"13","43":"13","53":"13"},"2Q":{"J8":"13","6G":"13","43":"13","J9":"13","33":"13"},"2R":{"CJ":"13","CH":"13","9J":"13","9H":"13"}},"GR":{"2X":{"W2":"13"}},"7F":{"4M":{"C2":"13","C3":"13"}},"VW":{"2F":{"QG":"13","VJ":"13","WH":"13","QH":"13","WJ":"13","VH":"13"},"3J":{"42":"13","55":"13","X7":"13"},"3G":{"27":"13"},"2J":{"F3":"13","V4":"13","C3":"13","V5":"13"},"2G":{"83":"13","84":"13"},"3H":{"JQ":"13","JR":"13"},"3F":{"7Q":"13","7P":"13","8Q":"13","7R":"13"}},"2P":{"7F":{"HP":"13"},"6G":{"C9":"13"},"PQ":{"3P":"13"},"JQ":{"XG":"13"},"3H":{"5M":"13","6M":"13"},"M7":{"XR":"13"}},"64":{"4C":{"86":"13","85":"13","95":"13","96":"13"}},"V9":{"MX":{"WH":"13","XH":"13","WG":"13"}},"FR":{"HW":{"JX":"5"},"2P":{"2V":"13","5F":"13"},"2J":{"X6":"13","VG":"13","FH":"13","W6":"13"},"HX":{"J2":"5"},"G8":{"5R":"13","6R":"13"},"2M":{"55":"13"}},"5V":{"8M":{"2G":"13"},"5J":{"XH":"13","QP":"13","PP":"13"},"FC":{"QC":"13"},"5M":{"MV":"13","9F":"13","JV":"13","Q6":"13","JW":"13","P6":"13","GM":"13","PV":"13","FM":"13","MR":"13","PR":"13","MW":"13"},"6M":{"69":"13","6C":"13","J5":"13"},"6J":{"3Q":"13","2H":"13","3R":"13"}},"GQ":{"3P":{"3P":"13","2P":"13","3M":"13","4M":"13","2M":"13"},"G8":{"83":"13","93":"13","C3":"13","C4":"13","94":"13"},"G7":{"HJ":"13","JJ":"13","JM":"13","GJ":"13","HM":"13"},"FX":{"PR":"13"},"FP":{"RQ":"13","VQ":"13"}},"3M":{"39":{"5M":"13","6M":"13"},"4C":{"2V":"13"},"3C":{"XV":"13","CJ":"13","CH":"13","9J":"13"}}}}