{"index":{"university,1|retail,2|tourism,3|wreck,4|historical,5|artsCulture,6|namedBuilding,7|water,8|wetland,9|park,10|beach,11|natureReserve,12|cemetery,13|trail,14":{}},"6H":{"H3":{"QJ":{"CH":"13"},"R6":{"WM":"13"}},"W9":{"4Q":{"H2":"13"},"F9":{"CJ":"13","CH":"13","9J":"13","9H":"13","9G":"13"}},"F4":{"JC":{"QG":"13"},"JH":{"P3":"13","P2":"13"}},"X3":{"HV":{"RF":"13","VF":"13","R9":"13","W8":"13","VC":"13","RC":"13","X8":"13"}},"H4":{"9V":{"X3":"13"}},"V4":{"6M":{"GX":"13"}},"R9":{"QC":{"FR":"13","FQ":"13","3P":"13","2P":"13","3M":"13","2M":"13","CQ":"13","CR":"13"}},"P6":{"C3":{"62":"13"}},"M4":{"MV":{"WG":"13"},"JX":{"87":"13"}},"J5":{"W7":{"VF":"13"}},"QC":{"MQ":{"V5":"13"}},"H6":{"VF":{"9H":"13"},"42":{"8H":"13","9J":"13","9H":"13","8J":"13"},"V5":{"P7":"13"}},"Q7":{"9R":{"M7":"13"}},"J7":{"99":{"8Q":"13","8P":"13"},"H8":{"3J":"13"},"F4":{"98":"13","9J":"13","9H":"13"}},"X6":{"H3":{"GX":"13","HX":"13","GW":"13"},"74":{"C6":"13","96":"13"},"H2":{"X9":"13"},"J3":{"MF":"13","MC":"13","PF":"13"},"5J":{"FV":"13","FW":"13"},"59":{"QM":"13","QP":"13"},"H4":{"G3":"13","H2":"13","H3":"13","G2":"13"},"G2":{"C8":"13"},"G3":{"W4":"13","W5":"13","X4":"13"},"J2":{"7F":"13","9Q":"13","73":"13","6F":"13","8Q":"13","9P":"13","3H":"13","7R":"13","8R":"13"},"H5":{"X5":"13"},"GW":{"F5":"13"},"24":{"R2":"13"},"26":{"J5":"13"},"76":{"PV":"13"},"J5":{"26":"13","25":"13","35":"13"}},"M5":{"R3":{"2F":"13"},"V3":{"MQ":"13"},"W3":{"J9":"13"},"4G":{"G3":"13"},"3M":{"QG":"13","4X":"13"},"7R":{"5X":"13"}},"M6":{"5Q":{"HP":"13"},"2W":{"R7":"13"},"X5":{"4R":"13"},"74":{"JW":"13"},"3R":{"75":"13"}},"H2":{"Q3":{"42":"13","43":"13","22":"13"}},"G4":{"XF":{"FG":"13"},"H3":{"74":"13"},"J2":{"4F":"13"},"RC":{"G3":"13"}},"X4":{"9Q":{"4X":"13","3X":"13"},"VV":{"R8":"13","V7":"13","R7":"13","V8":"13"},"84":{"4X":"13","4W":"13","5W":"13","5X":"13","5V":"13","4V":"13"},"9R":{"32":"13","42":"13"},"XJ":{"MF":"13"},"WM":{"W4":"13"},"68":{"HJ":"13","HH":"13","GH":"13","GJ":"13"}},"X9":{"M2":{"88":"13","98":"13","99":"13","89":"13"},"W6":{"JM":"13","HM":"13"}},"4J":{"XP":{"XC":"13"}},"7Q":{"7G":{"27":"13"},"9C":{"GX":"13"},"6G":{"C4":"13"},"9F":{"86":"13","76":"13","9W":"13","87":"13","66":"13","G2":"13","77":"13","67":"13"},"MP":{"8G":"13","FC":"13"},"MR":{"4J":"13"},"MQ":{"63":"13","73":"13","74":"13","64":"13"},"7F":{"JM":"13"},"CC":{"FM":"13"},"6F":{"XH":"13","XJ":"13"},"9G":{"J5":"13"},"JR":{"QF":"13","QG":"13","PG":"13","PF":"13"},"G7":{"63":"13","64":"13"},"PP":{"35":"13"}},"W7":{"H8":{"7F":"13","6F":"13"},"W8":{"94":"13"},"FG":{"VG":"13"},"MR":{"V7":"13","W7":"13"},"QF":{"H5":"13","M7":"13"},"J8":{"7H":"13","6H":"13"},"GG":{"W8":"13","X8":"13"},"9R":{"WH":"13"},"GQ":{"P5":"13","P6":"13"},"GF":{"88":"13"},"P7":{"5C":"13","59":"13","49":"13"}},"W8":{"XC":{"63":"13","54":"13","64":"13","53":"13"},"W5":{"G5":"13","G6":"13"},"RQ":{"XV":"13"},"H6":{"5M":"13","5P":"13","3C":"13"},"W7":{"F7":"13","C7":"13","FF":"13","CF":"13"},"C8":{"RG":"13"},"X4":{"JH":"13"},"WJ":{"J8":"13","HC":"13","JC":"13","M8":"13"},"QX":{"9C":"13"},"PX":{"X6":"13","X7":"13","X8":"13","W6":"13"}},"J6":{"9R":{"4H":"13"}},"P5":{"6G":{"HR":"13"},"CV":{"HP":"13"},"GR":{"GF":"13"},"27":{"C6":"13"}},"X5":{"Q6":{"FC":"13","GC":"13"},"9Q":{"28":"13"},"9M":{"P5":"13","P6":"13"},"FQ":{"26":"13","25":"13"},"FP":{"MM":"13"},"9P":{"WW":"13","XW":"13"},"VM":{"5F":"13"},"CW":{"W7":"13","X7":"13"},"35":{"RH":"13","VJ":"13","RG":"13","QH":"13","VH":"13"},"HR":{"46":"13","56":"13"},"8Q":{"X8":"13"},"GR":{"F3":"13","8P":"13"},"8X":{"7V":"13"},"9V":{"M4":"13"},"CP":{"PX":"13"},"MJ":{"RF":"13","RG":"13"},"F2":{"CC":"13"},"CR":{"35":"13"},"HX":{"XV":"13"},"F3":{"G9":"13","3G":"13","3F":"13"},"9F":{"JC":"13","MC":"13"},"4V":{"W2":"13","X2":"13"},"FR":{"JC":"13","J9":"13"},"MQ":{"F8":"13","G8":"13"},"CQ":{"MQ":"13","MR":"13","P2":"13"},"6Q":{"4V":"13","5V":"13"}},"P7":{"4W":{"28":"13"},"P6":{"V3":"13","V4":"13"}},"X8":{"HH":{"X7":"13"},"77":{"J3":"13","M2":"13"},"H3":{"PC":"13","QC":"13"},"W2":{"QG":"13","PG":"13","QH":"13","PH":"13"},"CF":{"V7":"13","V8":"13"},"2M":{"26":"13","25":"13"},"W6":{"7V":"13","7R":"13"},"J7":{"2W":"13"},"33":{"XP":"13","WP":"13"},"J8":{"X9":"13"},"5M":{"HC":"13","JC":"13"},"JJ":{"C6":"13","F6":"13"},"FV":{"R8":"13","V7":"13","G9":"5","V8":"13","GC":"5"},"J4":{"QM":"13","RM":"13"},"3Q":{"MG":"13"},"V9":{"32":"13","33":"13"}},"P8":{"6X":{"99":"13"},"4M":{"GF":"13"},"2M":{"V2":"13"}},"H5":{"VV":{"P3":"13"},"R2":{"3G":"13"},"WQ":{"5G":"13"},"WC":{"9Q":"13"},"W9":{"49":"13"},"V6":{"4Q":"13"},"Q7":{"R7":"13"},"V5":{"9P":"13","PP":"13"}},"P9":{"24":{"C7":"13"}},"M3":{"XV":{"2P":"13","2R":"13","2Q":"13"},"WV":{"XQ":"13"}},"P4":{"4F":{"H7":"13"},"53":{"5Q":"13","5R":"13","6R":"13"}},"M8":{"FC":{"68":"13"},"WC":{"QX":"13"},"J6":{"36":"13"},"Q9":{"QC":"13"},"V5":{"XV":"13"},"GC":{"79":"13"}},"XC":{"3J":{"J8":"13","J9":"13"}},"J4":{"QH":{"HQ":"13"},"FJ":{"3C":"13"}},"M7":{"6Q":{"RQ":"13"},"7M":{"GX":"13"},"7P":{"84":"13","G2":"13"},"HC":{"4J":"13","5J":"13","5M":"13"},"5G":{"MH":"13"},"8V":{"7M":"13"},"9J":{"CC":"13","9W":"13","9V":"13","F8":"13","8V":"13","C9":"13","C8":"13","F9":"13","8W":"13"},"FM":{"43":"13","53":"13"},"7R":{"VF":"13","C3":"13"},"8R":{"85":"13"},"8P":{"8J":"13"},"9G":{"75":"13","74":"13"},"GV":{"VR":"13"}},"J3":{"2C":{"HM":"13"},"4G":{"6G":"13"}},"X7":{"QH":{"WG":"13"},"FG":{"QJ":"13","MP":"13","QM":"13","PJ":"13","QP":"13","PM":"13","PP":"13"},"WH":{"5C":"13","58":"13","59":"13"},"3X":{"98":"13","99":"13"},"C3":{"76":"13","66":"13","77":"13","67":"13"},"3H":{"QG":"13","RG":"13"},"29":{"25":"13"},"GG":{"HJ":"13","GM":"13","GJ":"13","HM":"13"},"49":{"CW":"13","FW":"13"},"VX":{"H8":"13","J9":"13"},"RV":{"8M":"13"}}}}