{"index":{"university,1|retail,2|tourism,3|wreck,4|historical,5|artsCulture,6|namedBuilding,7|water,8|wetland,9|park,10|beach,11|natureReserve,12|cemetery,13|trail,14":{}},"6J":{"GM":{"JF":{"C6":"13"},"67":{"H9":"13","GC":"13"},"PC":{"8Q":"13"}},"WV":{"8V":{"RF":"13","RG":"13","VG":"13","VF":"13"},"HX":{"CP":"13","CM":"13","7C":"13"},"74":{"H8":"13","8P":"13"},"G5":{"GG":"13","4R":"13","GH":"13","3R":"13"},"68":{"43":"13","33":"13"},"4H":{"WX":"13"},"C3":{"2F":"13"},"3H":{"Q3":"13","P3":"13"},"92":{"3G":"13","48":"13"},"7H":{"FJ":"13","FM":"13"},"73":{"RX":"13","VX":"13"},"5P":{"Q4":"13"},"5F":{"PX":"13"},"5C":{"J8":"13","3F":"13","WC":"13"},"3G":{"JH":"13"},"7V":{"JV":"13","HV":"13"},"PM":{"G7":"13","H7":"13"},"C4":{"23":"13"},"7J":{"54":"13","64":"13"},"PP":{"HW":"13","JW":"13","HV":"13"},"84":{"MX":"13"}},"QJ":{"FV":{"PW":"13"}},"WR":{"FX":{"JH":"13"},"XQ":{"QJ":"13","9H":"13"},"XH":{"24":"13"},"XM":{"J8":"13","CC":"13","R6":"13","C9":"13","X9":"13"},"XJ":{"JX":"13","56":"13"},"HR":{"X9":"13","FP":"13"},"RM":{"9P":"13"},"PQ":{"CC":"13"},"GV":{"3V":"13"},"WV":{"73":"13","25":"13"},"VP":{"6C":"13"},"GW":{"4J":"13","4H":"13","WP":"13"},"QM":{"9M":"13"},"VJ":{"38":"13","H4":"13","48":"13","FF":"13"},"WQ":{"RF":"13","57":"13"},"PM":{"XW":"13"},"JX":{"36":"13"},"XP":{"6F":"13","H4":"13","G4":"13","PQ":"13"},"WJ":{"7H":"13","6H":"13"},"FV":{"VX":"13"},"JR":{"64":"13","7G":"13"},"WP":{"F3":"13","J4":"13","F4":"13"},"WG":{"GR":"13"},"WH":{"H5":"13","28":"13"},"VH":{"M8":"13","P9":"13","P8":"13","PC":"13","GR":"13"},"VQ":{"J5":"13"},"MQ":{"86":"13","96":"13"},"HW":{"CV":"13"},"XR":{"6V":"13","6W":"13","7W":"13"},"FW":{"P5":"13","4J":"13","XQ":"13","V2":"13","4M":"13","WM":"13","9H":"13","4P":"13"}},"FM":{"C6":{"3G":"13","4G":"13","9H":"13"},"84":{"MC":"13"},"93":{"VM":"13","QQ":"13","WM":"13"},"PC":{"6F":"13","4F":"13","2F":"13","5G":"13","49":"13","6G":"13","67":"13","4C":"13","3F":"13"},"C3":{"2M":"13"},"MC":{"XG":"13","WH":"13"}},"QM":{"C9":{"V8":"13"}},"XW":{"W4":{"Q6":"13","P7":"13","P6":"13","Q7":"13","C3":"13","C4":"13"},"39":{"J8":"13","H7":"13","H6":"13"},"W3":{"3X":"13","3W":"13"}},"WW":{"Q4":{"XG":"13","WH":"13","XH":"13","XJ":"13","WW":"13"},"R5":{"83":"13","73":"13"},"R4":{"2J":"13","2H":"13"},"93":{"F5":"13","G4":"13","H3":"13","F4":"13"}},"MJ":{"GW":{"PH":"13","MH":"13"}},"XX":{"QX":{"RW":"13"},"GM":{"88":"13","89":"13","79":"13","78":"13"},"JR":{"5C":"13","5P":"13","5F":"13"},"PX":{"GF":"13"},"PW":{"HX":"13"}},"MM":{"XG":{"Q5":"13"},"WF":{"RR":"13"},"62":{"7P":"13"}},"PJ":{"6V":{"77":"13"},"5P":{"RV":"13"},"CX":{"P5":"13","P6":"13"}},"JM":{"64":{"3V":"13","4V":"13"},"53":{"PX":"13","QV":"13"}},"HM":{"RG":{"M2":"13"},"WH":{"F2":"13"}},"JJ":{"MX":{"W7":"13"}},"WX":{"2R":{"7P":"13","6P":"13"}},"XR":{"FJ":{"H5":"13","VJ":"13","VH":"13","J5":"13"},"9P":{"J3":"13","2C":"13","4Q":"13","H3":"13","9J":"13","8J":"13"},"G8":{"CJ":"13","H9":"13","R7":"13","HC":"13","2P":"13","Q7":"13","C8":"13"},"7H":{"42":"13","4C":"13"},"H8":{"X2":"13","J4":"13","M4":"13"},"FQ":{"JP":"13","Q2":"13","CG":"13"},"MQ":{"PH":"13","6G":"13","7G":"13"},"7M":{"XP":"13","RW":"13","VW":"13","WJ":"13","WM":"13"},"4P":{"FR":"13","FQ":"13","PH":"13","J5":"13"},"5P":{"3Q":"13"},"MH":{"W5":"13"},"W9":{"5R":"13","39":"13","38":"13","PH":"13","4R":"13","2Q":"13"},"8Q":{"HX":"13","QQ":"13"},"WJ":{"VQ":"13"},"HF":{"JQ":"13"},"GR":{"32":"13","GH":"13"},"R9":{"62":"13"},"PH":{"3R":"13"},"RG":{"6Q":"13","6R":"13","H3":"13"},"QQ":{"M8":"13","W8":"13","3H":"13","M7":"13"},"QH":{"38":"13"},"PM":{"4J":"13","QH":"13","7J":"13"},"QC":{"MX":"13"},"QF":{"G8":"13","7R":"13","8R":"13"},"6M":{"MW":"13"},"RP":{"2F":"13"},"JJ":{"72":"13"},"X6":{"3V":"13","3R":"13","2V":"13","4V":"13","FV":"13","2R":"13","7Q":"13"},"XH":{"HJ":"13","98":"13","39":"13","93":"13"},"HJ":{"P3":"13"},"6J":{"79":"13"},"GJ":{"RW":"13","J3":"13","J4":"13"},"WQ":{"M5":"13","CH":"13"},"CM":{"M4":"13","P3":"13","27":"13"},"JG":{"CW":"13","3X":"13","4H":"13","2R":"13"},"5G":{"F3":"13","QR":"13","PR":"13"},"V9":{"XQ":"13"},"PQ":{"46":"13","57":"13","56":"13"},"VP":{"V7":"13","R2":"13"},"3Q":{"MP":"13"},"VG":{"32":"13"},"X9":{"25":"13","GM":"13","2R":"13","GJ":"13"},"Q9":{"M7":"13"},"RR":{"4F":"13"},"GH":{"G4":"13","PX":"13"},"7Q":{"7H":"13","2F":"13","6H":"13","JX":"13","V9":"13"},"FG":{"J7":"13","6X":"13","3Q":"13","X6":"13","GG":"13","J8":"13","W8":"13","4V":"13"},"CG":{"HW":"13","VP":"13","VQ":"13"},"6Q":{"QJ":"13","MX":"13","Q2":"13","H2":"13","XF":"13","J2":"13","5F":"13","QC":"13","HV":"13"},"HG":{"QG":"13","QM":"13","PM":"13","X4":"13","X9":"13","W9":"13","V6":"13"},"9F":{"8G":"13","72":"13","9M":"13","9G":"13"},"WP":{"6M":"13"},"W7":{"7Q":"13","V3":"13","V4":"13","8Q":"13","F8":"13"},"JH":{"97":"13","MJ":"13","MH":"13"},"WM":{"FG":"13","FX":"13"},"HC":{"RR":"13","VP":"13"},"FP":{"X2":"13","WW":"13"},"MG":{"8M":"13","95":"13","P2":"13"},"5J":{"P2":"13"},"JQ":{"PG":"13","4H":"13"},"VQ":{"FG":"13"},"2R":{"RF":"13","GF":"13","45":"13","C5":"13"},"6R":{"R3":"13","V3":"13","M2":"13"},"VR":{"QV":"13"},"6G":{"W9":"13","V9":"13"},"PR":{"W5":"13"},"HH":{"XP":"13","4F":"13","8Q":"13"},"VX":{"F6":"13"},"HP":{"86":"13","85":"13"},"CJ":{"8F":"13","P7":"13","MJ":"13","4C":"13","M4":"13"},"9M":{"65":"13","66":"13","6W":"13","RC":"13","GC":"13"},"GQ":{"5P":"13","HM":"13"},"X8":{"RV":"13","5C":"13","W5":"13","93":"13","V5":"13"},"WH":{"39":"13","32":"13","R5":"13","93":"13"},"RF":{"H4":"13"},"GP":{"QM":"13"},"GG":{"8G":"13","8F":"13","MP":"13","35":"13","W9":"13","CG":"13","9G":"13"},"9J":{"MV":"13","2J":"13","MR":"13","PW":"13","MW":"13"},"P8":{"8Q":"13"},"HV":{"HP":"13","HM":"13"},"CH":{"4J":"13","5P":"13","R9":"13","4M":"13","WQ":"13"},"7R":{"86":"13","97":"13","96":"13"},"6H":{"P5":"13"},"MJ":{"PV":"13"},"FH":{"38":"13","32":"13","W7":"13","M2":"13"},"MP":{"JP":"13","86":"13","5H":"13","3F":"13"},"VH":{"HH":"13","HG":"13","94":"13"},"FM":{"XX":"13","9C":"13","C9":"13","WX":"13","WW":"13","XW":"13","HR":"13"},"PJ":{"2F":"13","V6":"13","V5":"13"},"MM":{"5M":"13","M6":"13","47":"13"},"CQ":{"JX":"13","FX":"13"},"P9":{"F5":"13","G5":"13"},"2W":{"J8":"13"},"VC":{"QP":"13","PP":"13"},"F8":{"GP":"13","WH":"13","XH":"13","PP":"13","PQ":"13","GQ":"13","FP":"13"},"6P":{"RF":"13","XH":"13","FM":"13","3H":"13","C7":"13","PR":"13","RC":"13"},"M8":{"62":"13"},"XC":{"C8":"13"},"QJ":{"4M":"13"},"7P":{"Q6":"13","56":"13"},"8W":{"J3":"13","X5":"13","M9":"13","J4":"13","MG":"13","W6":"13"},"V7":{"WW":"13"},"9Q":{"RV":"13","VV":"13","9H":"13"},"JM":{"3X":"13","JQ":"13","3W":"13"},"8M":{"J2":"13","9M":"13","MR":"13","PR":"13"},"5M":{"RH":"13","88":"13"},"9H":{"H5":"13","WH":"13","5X":"13","H7":"13"},"M7":{"7X":"13"},"9G":{"5R":"13","7W":"13","7V":"13","48":"13"},"7G":{"3V":"13","4W":"13","RR":"13","XF":"13","VF":"13","RJ":"13","WF":"13","XC":"13","4V":"13","3W":"13"},"JF":{"7M":"13","HP":"13","HM":"13"},"HQ":{"5Q":"13","83":"13","93":"13"},"2V":{"R3":"13"},"FF":{"V9":"13","C4":"13"},"8R":{"R6":"13","VP":"13","WP":"13"},"VF":{"GQ":"13","GR":"13"},"CF":{"GQ":"13"},"JP":{"4H":"13","96":"13","V5":"13","MW":"13"},"XF":{"GX":"13","HG":"13"},"8F":{"54":"13","65":"13","64":"13","55":"13","M7":"13","JG":"13"},"5H":{"F8":"13","G8":"13","G7":"13","F7":"13","C4":"13"},"7F":{"R5":"13","3X":"13","2X":"13"},"CC":{"56":"13","QW":"13"},"8J":{"F3":"13","Q2":"13","GH":"13","79":"13","F4":"13","VC":"13","FP":"13","MG":"13"},"8G":{"RH":"13","HF":"13","RG":"13","X4":"13","VH":"13"},"V8":{"VP":"13"},"6F":{"QF":"13","PC":"13","PF":"13","QC":"13"},"X7":{"MV":"13","VJ":"13","72":"13","RJ":"13","45":"13","PV":"13","GH":"13","GJ":"13"},"99":{"38":"13","HQ":"13"}},"VX":{"7W":{"6Q":"13"},"4W":{"FF":"13","V2":"13","FG":"13","CQ":"13","CF":"13","2V":"13","CP":"13","R2":"13","FP":"13","W3":"13","CC":"13","CG":"13"},"3X":{"GP":"13","G9":"13","XC":"13","M4":"13","GV":"13","7H":"13","73":"13","G3":"13","F9":"13","GR":"13","RR":"13","J2":"13","VJ":"13","79":"13","WC":"13"},"VR":{"Q9":"13"},"3V":{"MV":"13","9Q":"13","6V":"13","R2":"13","8Q":"13","9R":"13","6W":"13","9M":"13","7W":"13","7V":"13","8R":"13"},"2X":{"QR":"13","68":"13","V9":"13"},"6R":{"HW":"13","HV":"13"},"7R":{"7W":"13"},"8X":{"PJ":"13","PM":"13"},"2W":{"R3":"13","V3":"13","V4":"13","3J":"13","R4":"13"},"5W":{"CW":"13","QG":"13","2C":"13","2F":"13","55":"13","45":"13","RP":"13","8C":"13","68":"13","7C":"13"},"5V":{"W5":"13","X5":"13","P7":"13","M8":"13","P8":"13","4R":"13","2Q":"13","3R":"13"},"2V":{"V5":"13"},"3W":{"GM":"13","CQ":"13","J3":"13","83":"13","QC":"13","JX":"13","9Q":"13","82":"13","XV":"13","MX":"13","55":"13","7Q":"13"},"4X":{"3Q":"13","86":"13","4F":"13","72":"13","4C":"13","5F":"13","7C":"13"},"8V":{"4P":"13"},"9R":{"9Q":"13","8Q":"13"},"4V":{"9R":"13","5P":"13","XH":"13","JQ":"13","GJ":"13","CR":"13","4P":"13"},"FR":{"PG":"13","89":"13","G2":"13"},"HQ":{"9X":"13","CX":"13"},"4R":{"VJ":"13","9R":"13"},"5X":{"VP":"13","WP":"13"}},"RJ":{"GX":{"W4":"13","X4":"13","WG":"13","X3":"13"},"HX":{"23":"13"},"PW":{"7W":"13"}},"PM":{"8H":{"5C":"13","69":"13","59":"13","6C":"13"},"5G":{"G3":"13","F5":"13","F8":"13","F7":"13","F4":"13","95":"13","C5":"13","94":"13"},"8J":{"J2":"13"}},"XV":{"Q4":{"WH":"13"},"HX":{"F2":"13","92":"13"},"V2":{"M3":"13"},"P3":{"VG":"13","GM":"13","C5":"13","V5":"13"},"P5":{"2R":"13"},"M5":{"96":"13"},"X2":{"FH":"13"},"R2":{"RM":"13"},"W3":{"G9":"13"},"P4":{"X2":"13"},"X5":{"CM":"13"},"Q5":{"22":"13"},"J4":{"8V":"13"},"Q3":{"HJ":"13"},"HW":{"9X":"13","VW":"13"},"J5":{"P9":"13","P8":"13"}},"GJ":{"FX":{"4X":"13"}},"RX":{"XV":{"6F":"13","5C":"13","M9":"13","P9":"13","XJ":"13","MH":"13","5F":"13","6C":"13","MG":"13"},"RV":{"HP":"13","W8":"13","QW":"13","V8":"13","PW":"13"},"RW":{"5Q":"13","6Q":"13","5R":"13","HP":"13","6R":"13","R9":"13","RC":"13"},"MX":{"FC":"13","FF":"13"},"GX":{"2H":"13"},"VV":{"WR":"13","X9":"13","W8":"13","W9":"13","X8":"13"},"WV":{"HG":"13","4J":"13","5J":"13","6H":"13","4H":"13","5H":"13","5G":"13","GG":"13","JP":"13","4G":"13","6J":"13"},"QX":{"MF":"13"},"XX":{"32":"13","3R":"13"},"JW":{"MR":"13","JR":"13"},"VW":{"9Q":"13","P5":"13","G3":"13","G4":"13","66":"13","9P":"13"},"RX":{"7H":"13","QR":"13","5W":"13","9W":"13","46":"13","6H":"13","PV":"13","9H":"13","PR":"13","QV":"13"},"JX":{"25":"13","24":"13"},"WX":{"FC":"13","RJ":"13","JJ":"13","MJ":"13","GC":"13"},"WW":{"X6":"13","39":"13","4W":"13","5W":"13","49":"13","79":"13","HR":"13","GR":"13","78":"13","W6":"13"},"XW":{"9Q":"13","JF":"13","JG":"13"},"PW":{"6P":"13"},"VX":{"5J":"13","PX":"13","RC":"13","QC":"13"},"CX":{"QX":"13","PX":"13"},"QV":{"HJ":"13","5X":"13","WF":"13","FM":"13"},"MW":{"FM":"13","W6":"13"}},"RM":{"X6":{"57":"13"},"J3":{"CC":"13","FC":"13","FF":"13"},"76":{"QW":"13"}}}}