{"index":{"university,1|retail,2|tourism,3|wreck,4|historical,5|artsCulture,6|namedBuilding,7|water,8|wetland,9|park,10|beach,11|natureReserve,12|cemetery,13|trail,14":{}},"6M":{"MX":{"H2":{"RV":"13","2V":"13","QV":"13"},"H4":{"2C":"13","2F":"13"},"85":{"X9":"13","X8":"13"},"5C":{"CC":"13"},"23":{"8M":"13","7M":"13","9P":"13","9J":"13","9M":"13","7J":"13","8P":"13","8J":"13"},"95":{"28":"13"},"6J":{"63":"13","53":"13","62":"13"}},"V3":{"9Q":{"FV":"13","FR":"13","2W":"13","9W":"13","CV":"13","CR":"13","8W":"13"},"MH":{"88":"13","98":"13","FC":"13","99":"13","89":"13"},"PJ":{"9Q":"13","CP":"13","F8":"13","9P":"13","CQ":"13"},"RH":{"4H":"13","2R":"13","2Q":"13","M3":"13","3R":"13"},"HF":{"XG":"13","XH":"13"},"6V":{"M2":"13","M3":"13"},"7P":{"29":"13","2C":"13"},"6R":{"FH":"13","FJ":"13","GJ":"13"},"PP":{"P5":"13","Q5":"13","P4":"13"},"87":{"R6":"13"},"8Q":{"XX":"13","XW":"13"},"W2":{"R8":"13","C6":"13","64":"13","V8":"13"},"MM":{"7H":"13","7G":"13"},"JF":{"2G":"13","2H":"13"},"RG":{"RH":"13","RG":"13","VG":"13","VH":"13"},"VG":{"XG":"13","6V":"13","9V":"13","WG":"13","5V":"13"},"PM":{"PJ":"13","QG":"13","VF":"13","PH":"13","MJ":"13","MH":"13","GW":"13","HR":"13","HV":"13","GV":"13"},"CR":{"88":"13","89":"13"},"FM":{"FH":"13","FJ":"13","GH":"13","GJ":"13"},"QH":{"2C":"13","HR":"13","GV":"13","3F":"13","GR":"13","3C":"13","2F":"13","HV":"13"},"MP":{"CW":"13","HJ":"13","HH":"13","JH":"13","GH":"13","JQ":"13","JR":"13","VC":"13","GJ":"13","CX":"13"},"82":{"Q5":"13"},"JG":{"GW":"13"},"32":{"WW":"13"},"8V":{"W5":"13"},"9R":{"84":"13","45":"13"},"GM":{"88":"13","98":"13","97":"13","87":"13"},"PH":{"W4":"13","CJ":"13","V4":"13","CM":"13","9M":"13"},"4V":{"W5":"13","R5":"13","R4":"13","V5":"13"},"WG":{"39":"13","FC":"13","3C":"13","6C":"13","FF":"13","CF":"13","7C":"13"},"JP":{"86":"13","C6":"13","85":"13","37":"7|13","8G":"13","8H":"13","49":"7","6P":"13","WJ":"13","95":"13","WM":"13","96":"13","C5":"13"},"WH":{"86":"13","75":"13","76":"13","87":"13","77":"13"},"HQ":{"P2":"13"},"HP":{"9F":"13","QX":"13","RX":"13","PX":"13","9G":"13"},"MF":{"4W":"13","5W":"13","7W":"13","8W":"13"},"JH":{"M2":"13","M3":"13","CQ":"13","8C":"13","7C":"13"}},"PV":{"GX":{"37":"13"},"FW":{"WV":"13","GP":"13","WR":"13","4J":"13","7M":"13","FP":"13","GQ":"13","XR":"13","3J":"13","8M":"13"},"FX":{"X3":"13","F5":"13","95":"13","GC":"13","G9":"13","GH":"13","GG":"13","92":"13","C4":"13","5P":"13","8C":"13","7C":"13","H3":"13","5M":"13","4P":"13","VF":"13","H8":"13","8G":"13","HG":"13","99":"13","G8":"13","H7":"13","X9":"13","77":"13","7G":"13","CG":"13","89":"13","82":"13","HH":"13","HC":"13","G5":"13","X2":"13"},"GW":{"2R":"13"},"CX":{"RV":"13","Q8":"13","RR":"13","Q7":"13"}},"RX":{"7P":{"XP":"13"},"WR":{"MP":"13","MQ":"13","RM":"13"},"8V":{"86":"13","76":"13","87":"13","77":"13"}},"VW":{"Q8":{"VM":"13","WM":"13","WP":"13"},"W7":{"2W":"13","2X":"13"},"RX":{"G9":"13","GC":"13"},"X7":{"VV":"13","VR":"13"},"PQ":{"PG":"13"},"V9":{"7F":"13","RH":"13","7H":"13","6F":"13","RG":"13","VG":"13","8G":"13","QH":"13","8F":"13","8H":"13","RJ":"13","9H":"13","VH":"13","9G":"13","7G":"13"}},"QV":{"63":{"G5":"13","6C":"13","5G":"13","7V":"13","93":"13","6F":"13","F5":"13","7R":"13","G4":"13"},"54":{"MM":"13","JM":"13","9G":"13"}},"PR":{"54":{"45":"13","35":"13"}},"WX":{"7J":{"34":"13","44":"13","43":"13","33":"13"}},"Q2":{"XP":{"75":"13"},"XG":{"3V":"13","4W":"13","4V":"13","3W":"13"},"XH":{"4W":"13"},"WG":{"P8":"13"},"XJ":{"73":"13"},"XC":{"58":"13","57":"13","FP":"13"}},"GV":{"QM":{"38":"13"}},"W2":{"MG":{"JF":"13","JC":"13","R9":"13","Q9":"13"},"PG":{"M6":"13","P6":"13","X3":"13"},"QF":{"6H":"13","45":"13","35":"13","MH":"13","CQ":"13","MG":"13","CR":"13"},"QC":{"4M":"13","MC":"13"},"J8":{"4H":"13"},"27":{"5C":"13","69":"13","59":"13","6C":"13"},"4C":{"QF":"13","PC":"13","PF":"13","QC":"13"},"2X":{"V7":"13","W7":"13","V8":"13"},"QG":{"7F":"13","86":"13","VM":"13","VP":"13","WM":"13","WP":"13","7G":"13"},"8C":{"77":"13","57":"13","65":"13","66":"13","56":"13","67":"13","76":"13","55":"13"},"RF":{"42":"13"},"Q6":{"5C":"13","5F":"13"},"CG":{"M3":"13","P3":"13"},"89":{"G9":"13","G8":"13"}},"MW":{"MH":{"9W":"13"},"GP":{"39":"13","FF":"13","P8":"13","CF":"13","RG":"13","QF":"13","29":"13","28":"13","QG":"13","38":"13","P7":"13"},"5G":{"WG":"13","XC":"13","VF":"13","XG":"13","73":"13","XF":"13","WC":"13","WF":"13"},"FQ":{"QP":"13","PP":"13","PQ":"13","QQ":"13","PR":"13"},"GH":{"HQ":"13","W2":"13","GQ":"13"},"GG":{"6X":"13","5X":"13","WX":"13"},"X8":{"9X":"13","CX":"13"},"HF":{"XG":"13","6V":"13","W2":"13","RR":"13","VR":"13","V2":"13","WG":"13","RQ":"13","7V":"13","WJ":"13","VQ":"13"},"HM":{"GP":"13","77":"13","M7":"13","CQ":"13","P6":"13","M4":"13","FX":"13","WW":"13","4J":"13","3X":"13","F4":"13","VC":"13","PG":"13","FQ":"13","VF":"13","RC":"13","RQ":"13","M6":"13","FP":"13","66":"13","9R":"13","G3":"13","XR":"13","RF":"13","4M":"13","PH":"13","G4":"13","CR":"13","76":"13","F3":"13","P7":"13","V9":"13","CX":"13"},"9H":{"9R":"13","9V":"13","8V":"13"},"MM":{"MP":"13","VV":"13","MM":"13","VW":"13","M9":"13","J9":"13","X5":"13","QX":"13","RJ":"13","XV":"13","PP":"13"},"GR":{"R5":"13","Q6":"13","R7":"13","R6":"13","Q7":"13","V5":"13"},"GJ":{"78":"13","HP":"13","P5":"13","QQ":"13","WM":"13","C9":"13","R8":"13","MW":"13","PQ":"13","FC":"13","JP":"13","F9":"13","VM":"13","2F":"13","49":"13","CC":"13","JQ":"13","Q5":"13","79":"13","24":"13","JR":"13"},"JF":{"6V":"13","5V":"13","GV":"13"},"QM":{"65":"13","FH":"13","4G":"13","CH":"13","66":"13","55":"13","56":"13"},"QG":{"8H":"13"},"QF":{"54":"13","44":"13","43":"13","53":"13"},"PG":{"44":"13","55":"13","45":"13"},"JM":{"C8":"13","GG":"13","Q7":"13","P5":"13","2H":"13","P6":"13","7C":"13","GJ":"13","2W":"13","Q5":"13","P8":"7","3H":"13","3J":"13","C7":"13","2V":"13","FJ":"13","2J":"13","6G":"13"},"JQ":{"6X":"13"},"X9":{"C2":"13","92":"13"},"FH":{"CW":"13","GX":"13","9X":"13","9W":"13","JQ":"13","MR":"13","JR":"13","CX":"13"},"PM":{"MG":"13","7M":"13","25":"13","6R":"13","7P":"13","JG":"13","7R":"13","6P":"13","8M":"13","7Q":"13","6Q":"13","8P":"13"},"W9":{"R9":"13","WC":"13","W9":"13","VC":"13","V9":"13","RC":"13"},"VC":{"RF":"13"},"FM":{"MP":"13","W2":"13","MM":"13","W4":"13","X2":"13","W3":"13","X4":"13","JQ":"13","PM":"13","VJ":"13","X3":"13","PP":"13"},"JV":{"GP":"13","FQ":"13","GQ":"13","FP":"13"},"JG":{"5Q":"13","4Q":"13","5P":"13","6P":"13"},"HH":{"6F":"13","HQ":"13","QH":"13","5F":"13"},"5C":{"X6":"13"},"HC":{"XX":"13","WX":"13","WW":"13","XW":"13","VX":"13"},"HV":{"29":"13","39":"13","2C":"13","5H":"13","3C":"13"},"QC":{"3X":"13","3W":"13"},"JR":{"63":"13","73":"13","62":"13"},"FJ":{"R3":"13","XF":"13"},"6C":{"26":"13"},"GM":{"9Q":"13","P4":"13","9P":"13","VM":"13","PR":"13","7P":"13","9H":"13","8Q":"13","7R":"13","8R":"13","F9":"13","9V":"13","VJ":"13","7Q":"13","CP":"13","7V":"13","8J":"13","J3":"13","WM":"13","CR":"13","V7":"13","V6":"13","WJ":"13","CV":"13","8V":"13","VX":"13","8P":"13","9R":"13","8H":"13","8M":"13","CQ":"13"},"39":{"MF":"13","F2":"13"},"3G":{"5C":"13","59":"13","5F":"13"},"JP":{"FP":"13"},"HP":{"F2":"13","86":"13","C2":"13","87":"13"},"HJ":{"QW":"13","74":"13","MG":"13","65":"13","3H":"13","47":"13","48":"13","64":"13","9Q":"13","9P":"13","3J":"13","RW":"13"},"6G":{"C7":"13","HV":"13"},"JH":{"CJ":"13","2J":"13","5P":"13","9J":"13","2H":"13","43":"13"},"JJ":{"83":"13","8H":"13","9H":"13"}},"QQ":{"H8":{"77":"13","6C":"13","CV":"13","8F":"13","CW":"13","FV":"13","8C":"13","69":"13","79":"13","FW":"13","67":"13","7C":"13"},"H7":{"3P":"13","4P":"13"},"9X":{"P4":"13"},"H9":{"97":"13"},"G9":{"69":"13","68":"13"},"F6":{"GQ":"13"},"V8":{"XF":"13","WF":"13"},"G8":{"WG":"13","W8":"3","XC":"13","WH":"13","X9":"13","W7":"3","XR":"13","R7":"13","XV":"13","WF":"13"},"G7":{"3V":"13","2W":"13","2V":"13","7X":"13","3W":"13"}},"WW":{"7F":{"9Q":"13"},"38":{"Q2":"13"},"R7":{"QR":"13"}},"PW":{"73":{"QJ":"13","RH":"13","VJ":"13","QM":"13","QH":"13","RJ":"13","RM":"13"},"27":{"38":"13","37":"13","49":"13","47":"13","48":"13"}},"JX":{"3X":{"84":"13","85":"13"},"X3":{"29":"13","39":"13","38":"13","65":"13","66":"13","28":"13"},"MJ":{"5G":"13","6G":"13"},"XJ":{"M6":"13","M7":"13"},"WP":{"FV":"13","FR":"13","FQ":"13","GQ":"13","CV":"13","CQ":"13","HR":"13","GR":"13","CR":"13","HV":"13","GV":"13"}},"V2":{"63":{"2M":"13"},"7J":{"VV":"13","2M":"13","J5":"13"},"RV":{"C5":"13"},"33":{"R2":"13","V2":"13"},"65":{"W7":"13","W6":"13"},"X8":{"83":"13","73":"13","84":"13","74":"13"},"85":{"PQ":"13"},"6M":{"MV":"13","PV":"13"},"42":{"3Q":"13","26":"7","5C":"13","5G":"13","2Q":"13","2V":"13","5F":"13"},"CH":{"V8":"13","V9":"13"},"7P":{"MF":"13"},"C4":{"CH":"13"},"6H":{"MW":"13"},"53":{"34":"13","XM":"13","33":"13"},"7H":{"W5":"13","C2":"7","92":"7","V5":"13"},"R7":{"6C":"13"},"5H":{"84":"13"},"22":{"QF":"13"},"JF":{"HW":"13","JW":"13","HX":"13","JX":"13"},"H3":{"F3":"13","F4":"13"},"7C":{"4W":"13","4V":"13"},"F9":{"J3":"13","H2":"13","H3":"13","J2":"13"},"7V":{"R2":"13","V2":"13"},"8J":{"F7":"13","2W":"13","4J":"13","3M":"13","3X":"13","3W":"13","4M":"13","2J":"13","3J":"13"},"H7":{"JF":"13","JC":"13"},"G4":{"R8":"13"},"H6":{"FX":"13"},"2G":{"RP":"13","VP":"13","VQ":"13"},"FM":{"58":"13","48":"13"},"5F":{"W5":"13"},"44":{"4Q":"13"},"75":{"75":"13"},"32":{"Q4":"13","F5":"13","72":"13","WG":"13","R4":"13","G5":"13","X9":"13","J6":"13","F6":"13","62":"13","VH":"13","GJ":"13","94":"7","G6":"13"},"54":{"W9":"13","VC":"13","V9":"13"},"7M":{"GC":"13"}},"W3":{"5C":{"M8":"13"},"2C":{"P4":"13"},"4C":{"JP":"13","HQ":"13","HP":"13","PP":"13","JQ":"13"},"3C":{"VX":"13"},"3F":{"W3":"13"},"J6":{"86":"13","59":"13","49":"13"},"48":{"99":"13","WF":"13","C9":"13"},"6C":{"H2":"13","65":"13","64":"13"},"H6":{"CJ":"13","CP":"13","9J":"13","MH":"13","FP":"13"},"G6":{"F2":"13"}},"HX":{"97":{"CC":"13","8G":"13","C9":"13","7G":"13"}},"JW":{"J2":{"P4":"13"},"VX":{"JC":"13","HC":"13","J9":"13"}},"XX":{"58":{"3V":"13","2W":"13","2V":"13","3W":"13"},"49":{"83":"13","84":"13","93":"13","94":"13"},"PX":{"JV":"13","CP":"13","CM":"13","FM":"13","FP":"13"}},"HV":{"7J":{"Q6":"13","Q7":"13"}},"QR":{"5P":{"X9":"13","X8":"13"},"6P":{"3Q":"13","9R":"13","9V":"13","3R":"13"}},"VX":{"CJ":{"RH":"13","5C":"13","69":"13","59":"13","49":"13","4C":"13","6C":"13"},"H2":{"7P":"13","6P":"13"},"JH":{"4X":"13","3X":"13"},"3M":{"6R":"13"},"8R":{"P7":"13"}},"HW":{"PQ":{"VF":"13"}},"R3":{"R3":{"HJ":"13","GJ":"13"},"54":{"25":"13"},"V3":{"J3":"13","M3":"13"},"VR":{"JH":"13","MH":"13","JG":"13","MG":"13"},"X3":{"HR":"13","GR":"13","F9":"13"},"P4":{"32":"13","22":"13"},"43":{"C4":"13"},"V8":{"6X":"13","HW":"13","5X":"13"},"P3":{"2X":"13"},"V9":{"52":"13","62":"13"}},"MR":{"PV":{"G3":"13","4F":"13","25":"7|13","G4":"13","59":"13","87":"13","G2":"13","4C":"13","3C":"13","3F":"13","M4":"7"},"RQ":{"85":"13","F5":"13","76":"13","77":"13","F6":"13","C5":"13"},"MW":{"H2":"13","46":"13","47":"13"},"QV":{"32":"7","22":"7"},"PR":{"MX":"13","MH":"13","F7":"13","9C":"13","GC":"5","QP":"7|13","XQ":"13","PP":"13","W2":"13","CF":"13","RP":"7","QW":"13","QM":"7","PW":"13","PM":"13","V2":"13","JX":"7","QH":"13","MP":"13","Q9":"5","QC":"5","XW":"13","4X":"13","CC":"13","PX":"13","FF":"13","C9":"13","GF":"13|5","QJ":"7","XR":"13","JJ":"13"},"JX":{"32":"13","76":"13"},"JW":{"4J":"13","26":"13","29":"7","9R":"13","27":"13"},"QR":{"26":"7","2J":"13"},"JV":{"XW":"13"},"MV":{"RV":"13","PG":"7","X5":"7","W7":"13","MJ":"13","X7":"13","MH":"13","PX":"13","PF":"7","PR":"13"},"HW":{"RH":"13","X6":"13","WR":"13","RJ":"13","WF":"7","X7":"13"}},"X2":{"P3":{"42":"13"},"M2":{"P5":"13","5G":"13","4G":"13","P4":"13","79":"13","3C":"13"},"R5":{"6J":"13","7X":"13"},"M3":{"75":"13","65":"13","76":"13","66":"13"},"R6":{"HW":"13","HX":"13","2R":"13","2V":"13"},"99":{"F9":"7"},"J2":{"XR":"13"},"8Q":{"Q2":"13"},"6Q":{"8G":"13"},"P2":{"4X":"13","4W":"13","5W":"13","3X":"13","5X":"13"},"8P":{"F3":"13"}},"R2":{"35":{"CW":"13","3V":"13","2P":"13","FW":"13","G5":"13","4V":"13"},"25":{"XP":"13","XM":"13"},"62":{"QX":"13","RX":"13"},"XQ":{"CC":"13","CF":"13"},"3V":{"38":"13"},"P3":{"9G":"13","68":"13"},"V4":{"C9":"13"},"73":{"32":"13"},"X6":{"23":"13","22":"13"},"WX":{"2M":"13"},"G4":{"C8":"13"},"VP":{"WR":"13"},"Q4":{"J5":"13","V5":"13"},"X2":{"5C":"13","H5":"13","59":"13","49":"13","4C":"13"},"M2":{"9F":"13"},"W3":{"5J":"13","6J":"13"},"MC":{"P5":"13","P4":"13"},"Q2":{"W4":"13","V4":"13"},"W4":{"M9":"13"},"R2":{"XV":"13","XR":"13","PC":"13","MC":"13"},"82":{"5M":"13","CM":"13","2Q":"13"},"72":{"QR":"13","XQ":"13","6P":"13","3R":"13"},"V2":{"7F":"13","VV":"13","6F":"13","VW":"13","87":"13","6G":"13","7G":"13"},"53":{"Q8":"13"},"R4":{"2M":"13"},"26":{"QF":"13","H7":"13","GV":"13"},"C2":{"23":"13","C5":"13","C4":"13"},"W2":{"X6":"13","VR":"13","W6":"13"},"R3":{"G3":"13","F3":"13","G4":"13","8W":"13"},"RV":{"RJ":"13"},"W6":{"X2":"13","X3":"13"},"63":{"47":"13","F4":"13","C4":"13"},"WV":{"JQ":"13"},"VJ":{"85":"13","75":"13"},"Q3":{"43":"13"},"2P":{"RX":"13"},"74":{"FR":"13","FQ":"13"},"36":{"3V":"13","C9":"13","2H":"13","3H":"13","3W":"13"},"75":{"W7":"13"},"37":{"G9":"13"}}}}