{"6Q":{"8V":{"8X":{"26":"13","25":"13"}},"8X":{"42":{"X8":"5"},"52":{"28":"5"}},"35":{"JC":{"9P":"13"},"QP":{"83":"13","86":"13","84":"13","85":"13","93":"13","95":"13","96":"13"}},"38":{"86":{"H5":"13"},"C6":{"86":"13","87":"13"},"C5":{"F6":"13","G6":"13"},"68":{"WR":"13"},"FX":{"CX":"13"},"GJ":{"9C":"13","H3":"13","F2":"13","8C":"13","99":"13","7X":"13","89":"13","8M":"13"},"FC":{"37":"13","27":"13"},"CM":{"86":"13","54":"13","76":"13"},"F5":{"J7":"13","H7":"13"},"9C":{"QJ":"13","CJ":"13","54":"13","X5":"13","QH":"13","X4":"13","CH":"13","8R":"13","H6":"13"},"7C":{"23":"13","6J":"13"},"98":{"M2":"13"},"F2":{"PG":"13","PH":"13"},"49":{"W8":"13","F9":"13"},"GC":{"VR":"13","WR":"13"},"96":{"MV":"13","P6":"13","MR":"13"},"79":{"34":"13","7Q":"13","5C":"13","8Q":"13","W8":"13","35":"13","X8":"13"},"C9":{"HF":"13","3P":"13","HC":"13","JH":"13","3M":"13","MH":"13"},"77":{"6P":"13"},"GF":{"V4":"13","V5":"13","43":"13","77":"13","W5":"13","33":"13","W4":"13","45":"13","44":"13","32":"13","87":"13"},"46":{"6H":"13","6G":"13"},"GG":{"G7":"13","H7":"13"},"F6":{"RH":"13","QH":"13","RJ":"13","Q7":"13"},"6C":{"VW":"13","VX":"13"},"F8":{"7H":"13","RX":"13","VX":"13","7G":"13"},"G7":{"9J":"13","9H":"13"},"F9":{"M2":"13","V5":"13"},"C7":{"5F":"13"},"C8":{"MM":"13"},"59":{"9F":"13"},"89":{"X7":"13"},"CC":{"6G":"13","74":"13","8G":"13","W5":"13","75":"13","25":"13","X5":"13","6F":"13","24":"13"},"8G":{"RM":"13"},"69":{"WH":"13","XM":"13","9G":"13"},"99":{"CP":"13","5G":"13","JJ":"13","MJ":"13","CQ":"13","V9":"13","27":"13"}},"93":{"C2":{"95":"13"},"F8":{"CM":"13","HV":"13"},"93":{"7P":"13"},"C7":{"HF":"13","9P":"13","9M":"13"},"33":{"9R":"13","9V":"13"}},"84":{"43":{"M2":"13"}},"62":{"Q5":{"23":"13","46":"13","47":"13","57":"13","56":"13","33":"13"},"2F":{"3Q":"13","3P":"13"},"M6":{"63":"13","53":"13"},"3C":{"MX":"7","JX":"13"},"M4":{"7W":"13","8W":"13"},"C5":{"PG":"13"},"W6":{"6C":"13","7C":"13"}},"92":{"9F":{"84":"13","W7":"13","W8":"13"},"5C":{"VM":"13","RP":"13","VP":"13","RM":"13"},"C6":{"4X":"13","4W":"13","3X":"13","3W":"13"},"32":{"G3":"13","H2":"13","G4":"13","G2":"13","F4":"13","C5":"13"},"CC":{"GX":"13","7P":"13","6P":"13"},"25":{"FM":"13","FJ":"13","CM":"13","7M":"13","4Q":"13","8J":"13","5R":"13","4R":"13","8M":"13","6J":"13","7J":"13","CJ":"13","5Q":"13"},"9C":{"GP":"13","HP":"13","GM":"13","HM":"13"},"C7":{"VV":"13","WV":"13","VW":"13","WW":"13"},"CG":{"44":"13","4F":"13","49":"13","48":"13"},"9H":{"P5":"13","FJ":"13","P4":"13","PV":"13","GV":"13"},"9G":{"W5":"13","PH":"13","RX":"13","VX":"13"},"CF":{"G2":"13","53":"13"}},"X3":{"H5":{"FV":"13"}},"H7":{"93":{"P4":"13"},"J2":{"V7":"13","R7":"13","M8":"13","P8":"13","V8":"13"},"92":{"W9":"13","V9":"13"},"62":{"M5":"13","M6":"13","J6":"13"}},"G6":{"CC":{"XM":"13"},"P8":{"8G":"13","99":"13"}},"V4":{"QJ":{"W2":"13","V2":"13"},"MF":{"25":"13","35":"13"},"36":{"J3":"13","XR":"13","M3":"13"},"QH":{"WX":"13","VX":"13"},"XM":{"GG":"13","FG":"13","FF":"13"},"46":{"2R":"13","2V":"13"},"87":{"57":"13"},"66":{"3Q":"13","3P":"13","2P":"13","3M":"13"},"RM":{"69":"13","3X":"13","2X":"13","79":"13","78":"13"},"CR":{"C6":"13","5X":"13"}},"H9":{"3C":{"2F":"13","3F":"13"},"5V":{"FX":"13"}},"R6":{"9Q":{"83":"13","84":"13"},"FQ":{"6X":"13"},"RV":{"M9":"13","MC":"13"},"9P":{"2F":"13","2G":"13"},"GH":{"R9":"13","Q9":"13"},"8W":{"RX":"13"},"57":{"3J":"13","3M":"13"},"6R":{"6V":"13","95":"13","C5":"13","C4":"13","94":"13"},"MG":{"9J":"13"},"WV":{"MX":"13","PX":"13"},"6P":{"VG":"13","VF":"13","GC":"13"},"MM":{"HJ":"13","GH":"13","GJ":"13"},"GR":{"F8":"13","F7":"13","C7":"13","C8":"13"},"8X":{"R2":"13"},"PG":{"HH":"13","GG":"13","HG":"13"},"J3":{"C9":"13","C8":"13"},"FH":{"CW":"13","CX":"13"},"FV":{"M8":"13","P9":"13","P8":"13","M7":"13"},"XW":{"P3":"13"},"8P":{"XG":"13"},"3F":{"CJ":"13","CM":"13","FJ":"13","FM":"13"},"FR":{"QG":"13","PG":"13","QH":"13","PH":"13","JH":"13","MH":"13","VP":"13","WM":"13","WP":"13"},"HQ":{"3J":"13","2J":"13"},"HW":{"45":"13"},"RW":{"36":"13","37":"13"},"CQ":{"HH":"13","M9":"13","M8":"13","P9":"13","P8":"13","PC":"13","MC":"13"},"JJ":{"R7":"13","P7":"13","Q7":"13"}},"W5":{"5V":{"W7":"13","X7":"13"},"5X":{"GR":"13"},"H8":{"JV":"13","JW":"13"},"FQ":{"MV":"13","JV":"13","JW":"13","MW":"13"},"5R":{"MP":"13","3V":"13","3R":"13","2V":"13","MM":"13","JM":"13","JP":"13","2R":"13"},"G9":{"H5":"13"},"HJ":{"CW":"13"},"G4":{"83":"13","93":"13"},"GH":{"X9":"13"},"2J":{"XC":"13"},"F2":{"RW":"13","QX":"13","RX":"13","QW":"13"},"JC":{"XG":"13","XF":"13","VF":"13","WF":"13","WG":"13","WC":"13"},"2R":{"W4":"13","W3":"13","X4":"13","X3":"13"},"6R":{"XP":"13","XQ":"13"},"29":{"VJ":"13","VM":"13","WJ":"13","WM":"13"},"GC":{"WP":"13"},"3J":{"2C":"13"},"6V":{"33":"13"},"C2":{"83":"13","XF":"13","82":"13"},"4R":{"V7":"13","G3":"13","Q5":"13","XQ":"13","R5":"13","Q6":"13","72":"13","R6":"13","H3":"13","V6":"13","62":"13"},"GQ":{"FF":"13"},"FR":{"64":"13"},"7R":{"2P":"13","MQ":"13"},"MJ":{"54":"13","55":"13","45":"13"},"4Q":{"6X":"13","4J":"13","6W":"13","7W":"13","7X":"13"},"CR":{"4F":"13","4G":"13","5F":"13"},"CQ":{"HP":"13"},"G7":{"6H":"13","6G":"13"},"2F":{"9Q":"13","8Q":"13","9P":"13","8P":"13"},"JM":{"5W":"13"},"PC":{"3V":"13","4V":"13"},"3P":{"9Q":"13","9R":"13"},"9R":{"7M":"13","7P":"13"},"7G":{"W4":"13","W3":"13"},"HQ":{"25":"13","24":"13","35":"13"},"JF":{"4J":"13","5J":"13","4H":"13","5H":"13"},"8R":{"RP":"13","WQ":"13","VP":"13","VQ":"13"},"JP":{"79":"13"},"G5":{"HQ":"13","HP":"13"}},"G9":{"R8":{"V7":"13","V6":"13"},"MF":{"W3":"13"},"VG":{"Q4":"13","Q2":"13","P3":"13"},"GG":{"QR":"13","RQ":"13"},"VF":{"QX":"13"},"R9":{"GP":"13"},"MC":{"4W":"13","QX":"13","QW":"13","PX":"13","PW":"13"},"Q9":{"FF":"13","QJ":"13","MG":"13","PF":"13","QC":"13","MC":"13","VM":"13","C8":"13","P9":"13","JF":"13","PC":"13","GF":"13","RJ":"13","VJ":"13","C7":"13","JC":"13","Q9":"13"}},"73":{"5R":{"G3":"13","F3":"13"},"6H":{"H5":"13","H4":"13"},"HG":{"H9":"13","RC":"13"}},"H6":{"7W":{"XQ":"13","X3":"13"},"8W":{"34":"13","58":"13","23":"13","24":"13","59":"13","49":"13","33":"13"},"6J":{"J7":"13","M7":"13","V9":"13"},"7P":{"GX":"13","GW":"13"},"HR":{"29":"13","2C":"13"},"GV":{"58":"13","32":"13","6M":"13","W8":"13","48":"13","22":"13"},"5H":{"QJ":"13","RH":"13","QH":"13","RJ":"13"},"GR":{"FW":"13","FX":"13"},"8R":{"XG":"13","WG":"13","GQ":"13","VC":"13"},"7Q":{"VJ":"13"},"9X":{"R8":"3","R7":"3","V8":"13"},"5V":{"9V":"13","CV":"13"},"FV":{"V5":"13","Q8":"13","W5":"13","W6":"13","VC":"13","C9":"13","83":"13","R8":"13","73":"13","W3":"13","P4":"13","Q7":"13","R7":"13","Q6":"13","82":"13","99":"13","CC":"13","72":"13","V6":"13","X3":"13","WC":"13"},"9R":{"4F":"13"},"FR":{"XW":"13","WW":"13","XX":"13","48":"13","WX":"13","49":"13","4F":"13"},"HQ":{"WJ":"13"},"4R":{"G3":"13","H4":"13","G4":"13","H3":"13"},"HW":{"9F":"13","8F":"13","C2":"13","92":"13"},"CQ":{"83":"13","73":"13"},"FW":{"R8":"13","Q3":"13","P5":"13","Q4":"13","M5":"13","Q8":"13","Q5":"13","Q6":"13","R7":"13","R6":"13","P6":"13","R4":"13","R9":"13","P4":"13","M4":"13","Q7":"13","V8":"13","Q9":"13"}},"Q7":{"R6":{"82":"13","92":"13"},"X7":{"9Q":"13","JV":"13","9P":"13"}},"RP":{"X6":{"RF":"5"}},"X6":{"P4":{"23":"13","22":"13"},"P9":{"W3":"13","3X":"13","X3":"13"},"V3":{"H4":"13","H3":"13"},"J5":{"75":"13","65":"13","66":"13"},"Q4":{"9R":"13"},"H2":{"X9":"13","W9":"13","XC":"13"},"5Q":{"5M":"13","4M":"13","HM":"13"},"R6":{"F3":"13","F4":"13","C3":"13","C4":"13"},"Q7":{"GX":"13"},"XH":{"W3":"13"},"6M":{"XF":"13"},"6J":{"4J":"5","5J":"5","5M":"5","5P":"13","4M":"5","4P":"13"},"M7":{"R8":"13","R7":"13"},"7P":{"43":"13"},"M4":{"X2":"13","X3":"13"},"MC":{"X2":"13"},"6P":{"GX":"13"},"R7":{"6Q":"13"},"4P":{"69":"13"},"P2":{"4X":"13","JJ":"13","JM":"13"},"QF":{"8G":"13","8F":"13"},"W5":{"23":"13","33":"13"},"RG":{"HJ":"13","HH":"13"},"Q8":{"RV":"13","QV":"13"},"XC":{"8J":"13"},"VC":{"WQ":"13","XW":"13"},"R4":{"4F":"13"},"P8":{"Q2":"13","C2":"13","93":"13","92":"13","WW":"13","C3":"13"},"V7":{"JC":"13","MC":"13","J9":"13"},"QH":{"39":"13","49":"13","48":"13"},"PC":{"97":"13","H2":"13"},"4M":{"HF":"13","HG":"13"},"QC":{"73":"13"},"2V":{"34":"13","44":"13","2H":"13"},"3Q":{"VM":"13"},"J2":{"VJ":"13","VM":"13","VH":"13"},"M9":{"6F":"13","5C":"13","59":"13","5F":"13","6C":"13"},"J7":{"9Q":"13","7Q":"13","8Q":"13","7R":"13","8R":"13"},"W4":{"93":"13","45":"13","35":"13","C3":"13","C4":"13","94":"13"},"J6":{"86":"13","85":"13","75":"13","65":"13","76":"13"},"WG":{"9R":"13","9W":"13","9V":"13","8R":"13"},"7M":{"2C":"13","2F":"13"},"WC":{"2W":"13"},"RF":{"8V":"13","GQ":"13","8R":"13","GR":"13"},"4Q":{"HQ":"13","9V":"13","GQ":"13","CV":"13","HR":"13","GR":"13"},"X2":{"6H":"13","5H":"13"},"6Q":{"2H":"13"}},"CP":{"F5":{"RF":"13","QF":"13","QG":"13","RG":"13"},"M6":{"QJ":"13"}},"6J":{"M2":{"Q2":"13"},"3M":{"QW":"13"},"C9":{"W3":"13"},"7M":{"4Q":"13","4P":"13"},"F8":{"G7":"13","H7":"13"},"6M":{"3H":"13"},"FP":{"CQ":"13","8X":"13"},"C2":{"F3":"13","G2":"13"},"5R":{"G5":"13","G6":"13"},"9Q":{"X3":"13"},"9P":{"6R":"13"},"8P":{"RW":"13","VW":"13","RX":"13","VX":"13"}},"7W":{"VW":{"QF":"13","PC":"13","RC":"13","QC":"13"},"VX":{"V3":"13","V4":"13","W3":"13"}},"VP":{"26":{"HX":"13"},"CH":{"MQ":"13"}},"X4":{"MX":{"4V":"13"},"4W":{"3J":"13","2J":"13"},"6W":{"M8":"13"},"RV":{"88":"13","98":"13","97":"13","87":"13"},"VM":{"JV":"13","JR":"13"},"QP":{"9Q":"13","CQ":"13"},"XQ":{"5G":"13"},"VR":{"G3":"13","G4":"13"},"HF":{"WC":"13","XC":"13"},"XH":{"FV":"13","FR":"13","GR":"13","GV":"13"},"WR":{"MP":"13","MQ":"13"},"XM":{"HJ":"13"},"XJ":{"8F":"13","C9":"13","8C":"13"},"GV":{"JX":"13"},"VP":{"V5":"13"},"RJ":{"JP":"13","M2":"13"},"GR":{"38":"13","37":"13"},"VV":{"W7":"13"},"PW":{"4F":"13","5G":"13","4G":"13","5F":"13"},"HG":{"45":"13","35":"13"},"R9":{"PX":"13"},"FH":{"F5":"13"},"VC":{"F5":"13","VP":"13","F6":"13","WP":"13"},"XP":{"HG":"13"},"5V":{"JW":"13"},"PC":{"V3":"13","W3":"13","V2":"13"},"QR":{"V3":"13","W2":"13","W3":"13","FH":"13","V2":"13","PF":"13"},"CJ":{"6V":"13","7V":"13"},"FV":{"VR":"13"},"8V":{"Q6":"13","P6":"13"},"9R":{"5C":"13","4F":"13","59":"13","4C":"13","5F":"13"},"XR":{"X8":"13"}},"V6":{"7G":{"29":"13","39":"13","38":"13","28":"13"},"77":{"3C":"13","3F":"13"},"3V":{"XG":"13","WH":"13","WG":"13","XH":"13"},"FX":{"Q2":"13"},"3M":{"CC":"13","99":"13","9C":"13","C9":"13"},"25":{"72":"13"},"PQ":{"R8":"13","Q8":"13","R7":"13","Q7":"13"},"GG":{"6F":"13"},"66":{"6V":"13","5W":"13","2J":"13","8V":"13","6W":"13","2M":"13","5V":"13","8W":"13"},"JP":{"JJ":"13"},"GR":{"CV":"13","CR":"13"},"RR":{"GG":"13","HG":"13"},"56":{"G9":"13","H9":"13","HC":"13","XJ":"13","GC":"13"},"RV":{"6V":"13"},"QX":{"CR":"13"},"9H":{"F5":"13","G5":"13"},"24":{"7X":"13"},"MX":{"RV":"13","VV":"13","RR":"13","VR":"13"},"FW":{"RW":"13","QX":"13","RX":"13","QW":"13"},"55":{"MQ":"13","PQ":"13"},"8Q":{"6J":"13","7J":"13"}},"G2":{"QG":{"7R":"13"},"QH":{"92":"13"}},"XW":{"G3":{"8W":"13"},"G4":{"57":"13","56":"13"},"G5":{"G7":"13"}},"FG":{"CM":{"P7":"13"},"CG":{"P8":"13"}},"83":{"82":{"JH":"13","MH":"13"}},"F2":{"46":{"F6":"13"}},"52":{"XF":{"52":"7"},"VF":{"P9":"13","P8":"13"},"WF":{"28":"13"}},"W7":{"WG":{"W2":"13","XQ":"13","W3":"13","VR":"13","X2":"13","WQ":"13"},"GX":{"77":"13","67":"13","68":"13","78":"13"},"62":{"3V":"13","3W":"13"},"V5":{"29":"13","39":"13"},"QH":{"JW":"13","JX":"13","MW":"13"},"V2":{"4W":"13"},"R4":{"J3":"13","H4":"13","H3":"13","J4":"13","J5":"13"},"MP":{"J7":"13","M7":"13","J6":"13"},"W2":{"8F":"13","89":"13","79":"13","8C":"13","7C":"13"},"58":{"M4":"13"},"R5":{"W5":"13","X5":"13","W6":"13"},"RG":{"HP":"13"},"MJ":{"GX":"13","GW":"13"},"35":{"23":"13","24":"13"},"XX":{"7H":"13","6H":"13","6J":"13","7J":"13"},"34":{"JP":"13","MM":"13","GP":"13","HQ":"13","HP":"13","JJ":"13","JQ":"13","GQ":"13","JM":"13","HM":"13"},"XJ":{"28":"13"},"25":{"X4":"13","X3":"13"},"5X":{"9R":"13","9V":"13","CV":"13","CR":"13"},"37":{"5R":"13"},"XF":{"2F":"13","2G":"13"},"53":{"WC":"13","VC":"13"},"44":{"XJ":"13"},"82":{"63":"13","73":"13","74":"13","64":"13"},"VG":{"QM":"13","PM":"13","QP":"13","PP":"13","MP":"13"},"72":{"5H":"13","CG":"13"},"5V":{"P3":"13"},"7R":{"J8":"13","J9":"13"},"24":{"R8":"13","Q8":"13","R9":"13","9P":"13","8P":"13","Q9":"13"},"PP":{"CW":"13","9X":"13","9W":"13","CX":"13"},"WF":{"PJ":"13","QF":"13","XG":"13","QG":"13","PG":"13","XF":"13","QH":"13","PH":"13","WG":"13","PF":"13"},"Q3":{"PW":"13"},"HW":{"X9":"13","W8":"13","W9":"13","X8":"13"},"54":{"7F":"13","9F":"13","8G":"13","8F":"13","95":"13","94":"13","7G":"13"}},"R7":{"Q6":{"CC":"13","FC":"13","FF":"13","CF":"13"},"34":{"HJ":"13","GJ":"13"},"X3":{"XV":"13","5X":"13","XR":"13"},"63":{"69":"13","4F":"13","59":"13","79":"13","5F":"13","6C":"13","7C":"13"},"P9":{"J3":"13","H2":"13","H3":"13","J2":"13"},"Q4":{"4P":"13"},"72":{"5C":"13"},"M7":{"RP":"13","RM":"13"},"42":{"HX":"13"},"9J":{"P9":"13","PC":"13"},"9H":{"HF":"13","JF":"13","GF":"13"},"37":{"QX":"13","PV":"13","QW":"13","PW":"13","QV":"13"},"53":{"MM":"13","MP":"13"},"F9":{"V2":"13"},"Q8":{"8G":"13","5W":"13","6W":"13","6V":"13","CG":"13","9G":"13","9H":"13","5V":"13"},"R9":{"JW":"13","JX":"13","79":"13"},"H9":{"9X":"13","CX":"13"},"XC":{"G9":"13"},"J8":{"GG":"13","GF":"13","FG":"13","PP":"13","FF":"13"},"43":{"H2":"13"},"55":{"FR":"13","CR":"13"},"82":{"79":"13"},"44":{"GR":"13"},"HC":{"C2":"13","92":"13"},"32":{"CW":"13","9X":"13","9W":"13","CX":"13"},"M9":{"FC":"13","F9":"13"},"J7":{"95":"13","C5":"13"},"54":{"6V":"13","6R":"13","8V":"13","6W":"13","7W":"13","7V":"13","JR":"13","7R":"13","8R":"13","8W":"13"},"WP":{"W2":"13","W3":"13","X2":"13","X3":"13"},"64":{"F9":"13"},"66":{"7P":"13"}},"FP":{"43":{"GX":"13","HW":"13","HX":"13","FW":"13","FX":"13","GW":"13"}},"Q2":{"6H":{"5C":"13","59":"13"}},"33":{"8F":{"PP":"13","PQ":"13"},"9V":{"67":"13"},"62":{"G5":"13"}},"W4":{"4W":{"XG":"13","WF":"13","WG":"13"},"4Q":{"47":"13"},"4M":{"F8":"13","G8":"13"},"8X":{"HQ":"13","JQ":"13"}},"97":{"WX":{"MH":"13","JG":"13","MG":"13"}},"W8":{"98":{"J8":"13","H8":"13"},"G2":{"38":"13","48":"13"},"67":{"PV":"13","QW":"13","PW":"13","QV":"13"},"92":{"R5":"13","R4":"13"},"C5":{"X6":"13"}},"R2":{"5X":{"F2":"13","C2":"13"}},"R8":{"Q3":{"3V":"13","4R":"13","3R":"13","4V":"13"},"G3":{"JV":"13"},"X6":{"4F":"13","5G":"13","4G":"13","3F":"13"},"V3":{"6X":"13","5W":"13","5X":"13","6W":"13"},"J3":{"CP":"13","CM":"13","FM":"13","FP":"13"},"W2":{"25":"13","35":"13"},"G4":{"63":"13","73":"13","72":"13","62":"13"},"X2":{"XQ":"13","CH":"13","WQ":"13","CG":"13","9H":"13","9G":"13"},"H3":{"JW":"13","JX":"13"},"M3":{"4H":"13","5H":"13"},"V8":{"79":"13","8C":"13","7C":"13"}},"7X":{"3F":{"X9":"13","WC":"13","XC":"13"}},"72":{"Q4":{"J7":"13","9Q":"13","J8":"13","9R":"13"},"P5":{"64":"13"},"H2":{"26":"13"},"M5":{"QJ":"13","QM":"13","RJ":"13","RM":"13"},"34":{"28":"13","27":"13"},"F8":{"7H":"13","6F":"13","7J":"13","6C":"13"},"R2":{"XQ":"13"},"Q5":{"3G":"13","4G":"13","4H":"13","3H":"13"},"24":{"X7":"13","X8":"13"},"P7":{"47":"13","57":"13"}},"GC":{"V7":{"HQ":"13","HR":"13"},"HF":{"XH":"13"},"7Q":{"J7":"13","J8":"13","H8":"13","H7":"13","J6":"13","J5":"13"},"JC":{"JM":"13"},"R6":{"HR":"13","GR":"13"}},"Q6":{"XJ":{"VJ":"13","VH":"13"}},"R4":{"W4":{"PP":"13","MP":"13"},"W5":{"W4":"13","W3":"13","X4":"13","X3":"13"},"W2":{"FV":"13","CW":"13","HF":"13","HW":"13","GG":"13","R2":"13","GF":"13","HG":"13","FW":"13","GH":"13","GW":"13","CV":"13"},"X5":{"2J":"13","4G":"13","4H":"13"},"W3":{"QJ":"13","CJ":"13","G9":"13","QM":"13","QH":"13","RJ":"13","G8":"13","CH":"13","9J":"13","67":"13","9H":"13","RM":"13"},"X4":{"3G":"13","4G":"13","4H":"13","3H":"13"},"M3":{"M5":"13","J5":"13"},"J5":{"R3":"13","R4":"13"}},"X5":{"QW":{"J3":"13","H3":"13"},"C6":{"4W":"13","3W":"13"},"F4":{"CC":"13","CF":"13"},"5F":{"4W":"13","5X":"13"},"H4":{"Q8":"13","P7":"13","P8":"13","Q7":"13"},"HF":{"97":"13","87":"13"},"V4":{"7Q":"13","6Q":"13","6R":"13","7R":"13"},"R9":{"47":"13","48":"13"},"M4":{"MX":"13"},"QQ":{"XX":"13","WX":"13","XW":"13"},"W5":{"HF":"13","HC":"13","JC":"13"},"JX":{"4W":"13"},"X6":{"W5":"13","V6":"13","W6":"13","V5":"13"},"M5":{"M2":"13"},"JR":{"GP":"13","HP":"13","GM":"13","HM":"13"},"MX":{"Q9":"13"},"5G":{"W5":"13","X5":"13","X4":"13","52":"13"},"V9":{"5R":"13","6V":"13","6R":"13","5V":"13"},"G4":{"6X":"13","7Q":"13","6Q":"13","6R":"13","7R":"13","7X":"13"},"MR":{"CW":"13","9X":"13","9W":"13","CX":"13"},"Q4":{"5Q":"13","5P":"13"},"F7":{"FW":"13"},"X9":{"3X":"13","2X":"13","3W":"13"},"FW":{"W9":"13"},"4J":{"HJ":"13","PG":"13","FM":"13","PF":"13"},"RR":{"22":"13"},"M2":{"J7":"13","J8":"13","M8":"13","M7":"13"},"Q8":{"QW":"13"},"7J":{"FQ":"13","GP":"13","GM":"13","GQ":"13","8W":"13"},"VQ":{"4X":"13","PG":"13"},"97":{"6H":"13"},"VR":{"WJ":"13","WM":"13"},"6G":{"46":"13","45":"13"},"C3":{"QM":"13","QP":"13"},"PR":{"XV":"13","WV":"13","WR":"13","XR":"13"},"X5":{"HW":"13","GW":"13","HV":"13","GV":"13"},"76":{"FW":"13","GW":"13"},"VX":{"3X":"13"},"HP":{"JV":"13","JQ":"13","JR":"13","HR":"13","HV":"13"},"57":{"Q5":"13","R5":"13","R6":"13","V6":"13","V5":"13"},"4H":{"FH":"13","CH":"13"},"6H":{"WQ":"13","WP":"13"},"VH":{"7F":"13","6F":"13","38":"13","37":"13","28":"13","7C":"13"},"F6":{"59":"13"},"JV":{"R8":"13","98":"13","F5":"13","99":"13","R9":"13","VC":"13","V8":"13","RC":"13","V9":"13"},"VJ":{"G4":"13","G5":"13"},"JW":{"H6":"13","G6":"13"},"M8":{"4F":"13","4G":"13"},"XC":{"R5":"13","V5":"13","H6":"13"},"Q3":{"63":"13","53":"13"},"VV":{"VJ":"13","RJ":"13","VM":"13","VP":"13","RM":"13"},"QX":{"3F":"13"},"5M":{"Q3":"13","Q4":"13"},"32":{"9Q":"13","9R":"13","9P":"13"},"XJ":{"98":"13","97":"13"},"87":{"39":"13","8X":"13","29":"13","28":"13|5","6W":"13","37":"13","7W":"13","7X":"13","6V":"13","7V":"13","38":"13","PW":"13","PX":"13"},"PX":{"XF":"13"},"JF":{"8G":"13"},"88":{"44":"13","72":"13","82":"13"},"PV":{"2C":"13","CP":"13","CM":"13"},"34":{"46":"13","47":"13","57":"13","56":"13"},"45":{"6V":"13","5W":"13","6W":"13","5V":"13"},"G5":{"72":"13"}},"26":{"WV":{"3V":"13","4V":"13"},"77":{"V3":"13","W3":"13","76":"13","F8":"13","C3":"13","F9":"13"},"Q8":{"2W":"13","2X":"13"},"FR":{"CH":"13"},"VV":{"8Q":"13","PQ":"13","8R":"13"},"P8":{"XX":"13"},"46":{"58":"13"},"47":{"GG":"13","CC":"13","GF":"13","99":"13","9C":"13","CF":"13"},"VW":{"74":"13","64":"13"},"MC":{"P3":"13"},"5F":{"PF":"13","FF":"13"},"8C":{"3F":"13"},"49":{"P6":"13"},"36":{"X9":"13","XC":"13"},"22":{"F8":"13"},"P9":{"CF":"13"},"23":{"F3":"13","CG":"13"},"JW":{"JJ":"13"},"C7":{"WX":"13"},"MV":{"H7":"13","C3":"13","94":"13","J9":"13","85":"13","93":"13","95":"13","C4":"13","84":"13"},"86":{"3W":"13"},"67":{"G6":"13"},"7C":{"M6":"13","JH":"7","VC":"13"},"Q9":{"WF":"13"},"9W":{"39":"13","3C":"13","RM":"13","GR":"13"}},"C2":{"JQ":{"35":"13"}},"27":{"W8":{"RW":"13","MX":"13","QW":"13"},"M7":{"4F":"13"},"P8":{"QJ":"13","RH":"13","RJ":"13"},"V8":{"6Q":"13","WP":"13"},"RG":{"74":"13"},"M3":{"3V":"13","4G":"13"},"VC":{"M9":"13","M8":"13","P6":"13","RQ":"13"},"X9":{"J3":"13","H3":"13","GQ":"13"},"QF":{"R7":"13","Q7":"13"},"XJ":{"72":"13","82":"13"},"W9":{"8G":"13","8H":"13","4R":"13","4M":"13","FM":"13","M4":"13"},"R8":{"CV":"13"},"RC":{"MV":"13","VX":"13","MW":"13"},"XG":{"CP":"13","CM":"13","FM":"13"},"Q2":{"H9":"13"},"R7":{"C7":"13"},"Q6":{"5C":"13","6C":"13","V5":"13"},"J2":{"CJ":"13"},"VG":{"8Q":"13","8P":"13"},"VJ":{"QR":"13","PR":"13"},"P7":{"RW":"13","38":"13","37":"13","RX":"13"},"Q3":{"5F":"13"},"RM":{"W5":"13","W6":"13"}},"X8":{"62":{"99":"13"},"R4":{"V4":"13","V5":"13"},"M2":{"P5":"13"},"75":{"FQ":"13","CP":"13","CQ":"13"},"65":{"RH":"13","VJ":"13","VH":"13","6C":"13"},"35":{"HW":"13"},"36":{"34":"13","23":"13","24":"13","33":"13"},"Q5":{"P7":"13","Q7":"13"},"J4":{"3M":"13"},"63":{"H2":"13","J2":"13"},"26":{"9P":"13","9M":"13","8P":"13"},"55":{"9F":"13","8F":"13"},"Q3":{"72":"13","62":"13"}},"R3":{"XW":{"PH":"13"},"XX":{"2W":"13","32":"13","2X":"13","42":"13","43":"13","33":"13"},"WX":{"QW":"13","XW":"13","WW":"13","XX":"13","QV":"13","VW":"13","WX":"13","VX":"13","RV":"13","QX":"13","RX":"13","RW":"13"},"JW":{"CP":"13","FP":"13"},"32":{"36":"13","25":"13","24":"13","46":"13","45":"13","35":"13"},"MX":{"QJ":"13","XG":"13","RJ":"13"},"PX":{"2F":"13","2G":"13","27":"13"}},"9J":{"38":{"F2":"5|13","5G":"13","82":"13","G2":"5","92":"13","79":"13","6C":"13","94":"13","78":"13","H6":"13"},"37":{"JW":"13","FC":"13","9W":"13","9V":"13","8V":"13","JX":"13","F9":"13","CR":"13"}},"W6":{"FP":{"JJ":"13","MJ":"13"},"GH":{"P5":"13","5R":"13","M5":"13","6R":"13","9J":"13","M4":"13","8J":"13"},"HF":{"F8":"13","F7":"13","C7":"13","C8":"13"},"2X":{"FR":"13","CR":"13"},"6H":{"PX":"13"},"87":{"63":"13","73":"13","Q5":"13","74":"13","64":"13"},"PQ":{"CJ":"13","WF":"13","CM":"13","WG":"13"},"53":{"MX":"13","PX":"13","PW":"13","MW":"13"},"8X":{"JJ":"13","JM":"13"},"78":{"8H":"13"},"GJ":{"26":"13","25":"13","28":"13","27":"13"},"9V":{"GX":"13","C9":"13"},"H8":{"4X":"13","5X":"13"},"HG":{"4F":"13","4C":"13","3F":"13"},"F8":{"R3":"13","V3":"13","R2":"13","V2":"13"},"52":{"RW":"13"},"FH":{"7Q":"13","6Q":"13","7P":"13","XX":"13","6P":"13"},"H9":{"42":"13","52":"13"},"77":{"9R":"13","4C":"13"},"CR":{"H8":"13","G8":"13","G7":"13","H7":"13"},"9X":{"H4":"13","H3":"13","CG":"13"},"FM":{"74":"13","FM":"13","75":"13","FJ":"13","CM":"13","65":"13","64":"13","85":"13","CJ":"13","84":"13"},"MP":{"5R":"13","6R":"13","5V":"13"},"55":{"M6":"13"},"C7":{"MV":"13"},"CJ":{"F7":"13","G9":"13","C9":"13","F8":"13","F9":"13","C8":"13","98":"13","97":"13","G8":"13","QR":"13","C7":"13"},"68":{"V4":"13","R7":"13","X9":"13"},"FJ":{"X8":"13","V5":"13","8G":"13","9F":"13","W5":"13","X7":"13","W6":"13","X6":"13","8F":"13","X2":"13","W7":"13","X5":"13","9G":"13","V6":"13"},"GQ":{"7F":"13","P4":"13","M4":"13","M3":"13","P3":"13","7C":"13"},"8P":{"Q2":"13"},"54":{"J7":"13","J8":"13","M8":"13","M7":"13"},"9R":{"86":"13","85":"13","75":"13","76":"13"},"97":{"XQ":"13","WQ":"13"},"8M":{"QX":"13","CH":"13"},"VQ":{"3Q":"13","3P":"13"},"MQ":{"54":"13","44":"13","55":"13"},"67":{"F5":"13","F4":"13","C5":"13","C4":"13"},"66":{"JV":"13","JR":"13","HR":"13","HV":"13"}},"64":{"FF":{"GR":"13"},"MG":{"JJ":"13"},"FG":{"VC":"13"},"8G":{"7Q":"13"},"HJ":{"HH":"13","VF":"13","HG":"13"},"M2":{"VV":"13","HV":"13"},"M3":{"H3":"13"},"CP":{"9P":"13"},"G2":{"4W":"7","5W":"7"},"G3":{"GG":"7"},"JF":{"HC":"13"},"9G":{"CV":"13"},"GH":{"QW":"7"},"GJ":{"P5":"13"},"P7":{"7Q":"13","6Q":"13","6P":"13"},"HF":{"X3":"7"},"P2":{"PC":"13"}},"63":{"JV":{"W5":"13"},"PV":{"CJ":"13","CH":"13"},"PX":{"W8":"13"},"PR":{"5R":"13","6R":"13"}},"7R":{"9V":{"X6":"13","W5":"13","X5":"13","W6":"13"}},"FH":{"38":{"RH":"13","QG":"13","QH":"13","VC":"13"},"47":{"CJ":"13","CH":"13"},"56":{"HG":"13"},"48":{"7Q":"13","8M":"13","7P":"13","8Q":"13","9P":"13","8P":"13"}},"CR":{"P9":{"VG":"13"}},"V5":{"Q4":{"5W":"13"},"FC":{"67":"13","68":"13"},"XQ":{"63":"13","73":"13","74":"13","64":"13"},"M7":{"26":"13","36":"13"},"V5":{"86":"13","76":"13"},"V9":{"RW":"13","RX":"13"},"VF":{"MV":"13","MW":"13"},"RR":{"QR":"13","PR":"13","QV":"13"},"Q8":{"7J":"13"},"R9":{"F8":"13","G8":"13","G7":"13"},"J8":{"5M":"13","4M":"13"},"J2":{"JH":"13","JG":"13"},"WP":{"58":"13","57":"13"},"RC":{"MV":"13","JV":"13","JW":"13","PV":"13","PW":"13","MW":"13"},"P3":{"JC":"13","J9":"13"},"WH":{"VV":"13","RR":"13","VR":"13"},"VQ":{"XP":"13","XM":"13","WM":"13","WP":"13"},"MF":{"75":"13","65":"13","74":"13"},"R2":{"QW":"13","QV":"13"}},"8C":{"75":{"WG":"13","WH":"13","XH":"13","Q7":"13","R6":"13","R7":"13","Q6":"13"},"MW":{"HX":"13","JX":"13"},"C8":{"QF":"13","QC":"13"},"85":{"FV":"13","FR":"13","9X":"13","9W":"13","GR":"13","8X":"13","GV":"13","8W":"13"},"9G":{"R5":"13","R4":"13"},"MX":{"V7":"13","H2":"13","W7":"13","J2":"13","V6":"13"},"PX":{"8M":"13","V9":"13"},"CJ":{"99":"13","C9":"13"},"8Q":{"4P":"13"}},"39":{"J7":{"34":"13","23":"13"},"J3":{"MF":"13","Q4":"13","R5":"13","R4":"13"},"H5":{"XV":"13","XW":"13"},"H2":{"8J":"13"},"M2":{"59":"13"},"92":{"85":"13","VC":"13","95":"13","V9":"13"},"H7":{"W2":"13","X2":"13"},"J6":{"2W":"13"},"J5":{"2R":"13","2V":"13"}},"8W":{"8M":{"8G":"13","8F":"13"}},"V7":{"5V":{"QM":"13"},"FQ":{"GX":"13","F5":"13","FW":"13","FX":"13","GW":"13","C5":"13"},"4P":{"V3":"13","W2":"13","W3":"13","V2":"13"},"25":{"RP":"13","RM":"13"},"G6":{"FH":"13"},"5F":{"7F":"13","7H":"13","8G":"13","8H":"13","6H":"13","6G":"13","6J":"13","7J":"13","7G":"13"},"P3":{"PV":"13","PQ":"13","PR":"13"},"R9":{"PH":"13"},"M4":{"WF":"13","WC":"13"},"W5":{"RC":"13"},"9V":{"J2":"13","M2":"13"},"JX":{"69":"13","59":"13"},"JJ":{"C6":"13","C7":"13","F7":"13","F6":"13"},"3F":{"XX":"13"},"6J":{"QR":"13","QQ":"13"},"3C":{"9P":"13"},"MX":{"2J":"13"},"CM":{"HW":"13"},"PQ":{"H5":"13","G5":"13"},"X4":{"VR":"13","WR":"13"},"Q4":{"VQ":"13"},"3H":{"GX":"13","HX":"13","FX":"13","7M":"13","GV":"13","6M":"13","9M":"13","9Q":"13","7P":"13","HV":"13","GW":"13","JW":"13","6P":"13","9P":"13","8M":"13","8Q":"13","HW":"13","8P":"13"},"4J":{"88":"13","98":"13","97":"13","87":"13"},"X2":{"QJ":"13","RH":"13","QH":"13","RJ":"13"},"V3":{"F5":"13","C5":"13"},"W3":{"7H":"13","6H":"13","3M":"13","2M":"13","7J":"13"},"CG":{"FX":"13","7G":"13"},"4C":{"J2":"13"},"5J":{"PV":"13","QV":"13"},"Q2":{"VC":"13","V9":"13"},"7J":{"5F":"13"},"W8":{"9F":"13","CC":"13","QH":"13","9C":"13","F4":"13","CF":"13"},"2C":{"4G":"13"},"6G":{"4J":"13","5J":"13"},"R2":{"JV":"13","JR":"13","HV":"13"},"49":{"R8":"13","Q8":"13"},"8H":{"P4":"13"},"HR":{"MM":"13","JJ":"13","MJ":"13","JM":"13"},"P2":{"X6":"13","W7":"13","X7":"13","W6":"13"},"3J":{"Q4":"13","P3":"13","M4":"13","M3":"13","F2":"13","G2":"13","P4":"13","Q3":"13"},"HP":{"W4":"13","2W":"13","W5":"13","V4":"13","2V":"13"},"23":{"9W":"13","2R":"13","2V":"13","8W":"13"},"CJ":{"99":"13","C9":"13"},"5C":{"RV":"13","RW":"13","QR":"13","PV":"13","QW":"13","PR":"13","QV":"13"},"4H":{"88":"13"},"FR":{"83":"13","73":"13","84":"13","H2":"13","74":"13","93":"13","G2":"13","94":"13"},"9X":{"PJ":"13","PM":"13"},"HV":{"42":"13"},"FM":{"MF":"13","XG":"13","JF":"13","XH":"13","MC":"13"},"4M":{"W4":"13","W5":"13","XQ":"13","X5":"13","X4":"13","X2":"13","X3":"13"},"6C":{"34":"13"},"2P":{"6V":"13","6W":"13","7W":"13","7V":"13"},"2F":{"RV":"13","RW":"13","VV":"13","QR":"13","RR":"13","VW":"13","QV":"13"},"9Q":{"G3":"13","J3":"13","H2":"13","H3":"13"},"3P":{"G3":"13"},"8M":{"C6":"13","7H":"13","3F":"13","2F":"13","3G":"13","97":"13","C7":"13","87":"13","2G":"13","96":"13"},"4F":{"2W":"13","2X":"13","3J":"13"},"5M":{"23":"13","24":"13","2R":"13","2Q":"13","22":"13"},"9R":{"P5":"13","Q4":"13","Q5":"13","P4":"13","JX":"13"},"78":{"G8":"13"},"87":{"2G":"13"},"22":{"R9":"13","V8":"13","V9":"13"},"J3":{"QR":"13","PV":"13","PR":"13","QV":"13"},"34":{"X7":"13"},"8F":{"8G":"13"},"5H":{"GG":"13","FH":"13","FG":"13","GH":"13"},"8G":{"WM":"13"}},"8M":{"8Q":{"M7":"13"}},"74":{"6X":{"9Q":"7","8P":"13"},"2C":{"R8":"13"},"5P":{"9F":"13","8F":"13","8C":"13"}},"32":{"FF":{"4P":"13"},"9F":{"JC":"13"},"CF":{"QM":"13","JH":"13","RQ":"13","MH":"13","QQ":"13","RM":"13"},"MF":{"RV":"13","VV":"13","RR":"13","PG":"13","VR":"13","2J":"13","PQ":"13","PR":"13"},"C2":{"GP":"13","HP":"13"},"JF":{"MF":"13"},"89":{"M4":"13","H6":"13"},"GF":{"GP":"13","HP":"13","7P":"13"},"6X":{"5G":"13","6G":"13"},"9G":{"P7":"13","QC":"13"},"4X":{"2R":"13"}},"M7":{"GG":{"X2":"7"},"MG":{"VJ":"13","VH":"13"}},"8R":{"39":{"8G":"13","8H":"13"}},"22":{"97":{"37":"13","47":"13"},"37":{"7V":"7"},"75":{"GP":"13"},"87":{"WH":"13","X9":"13","X8":"13"},"C3":{"R2":"13"}},"36":{"PC":{"CV":"13"}},"34":{"F2":{"4W":"13","3W":"13"},"MX":{"5Q":"13","5P":"13","6P":"13"},"F3":{"93":"13","94":"13"},"C2":{"XV":"13"}},"75":{"92":{"3Q":"13","4Q":"13"}},"V8":{"8H":{"M9":"13","J9":"13"},"J3":{"52":"13"},"QF":{"R3":"13","V3":"13"},"X2":{"RF":"13","VF":"13"},"R2":{"CW":"13","FW":"13","FX":"13","CX":"13"},"7H":{"P9":"13","P8":"13"},"CH":{"XQ":"13"},"PH":{"34":"13","35":"13"},"4F":{"9W":"13"},"V9":{"8G":"13","8H":"13"}},"X7":{"X3":{"26":"13"},"7W":{"CP":"13","CM":"13","9P":"13","9M":"13"},"6W":{"GX":"13","HW":"13","HX":"13","GW":"13"},"MH":{"3Q":"13","2Q":"13"},"P9":{"4X":"13","QX":"13","3X":"13","QW":"13"},"RH":{"GM":"13","HM":"13"},"FP":{"F7":"13"},"GC":{"VH":"13"},"GH":{"3J":"13","W7":"13","3M":"13","W8":"13"},"GG":{"QM":"13","QP":"13","Q9":"13"},"4G":{"8M":"13","7Q":"13","8Q":"13","7R":"13","8R":"13","8J":"13"},"HF":{"69":"13"},"HM":{"4W":"13","QX":"13","QW":"13"},"MG":{"95":"13","C5":"13","94":"13","C4":"13"},"CF":{"V3":"13"},"GR":{"VG":"13"},"8X":{"MM":"13","JJ":"13","MJ":"13","JM":"13"},"QG":{"82":"13","92":"13"},"QF":{"MV":"13","JV":"13","9X":"13","9W":"13","MR":"13","JR":"13","8X":"13","8W":"13"},"8G":{"R8":"13","Q8":"13","R7":"13","Q7":"13"},"VG":{"9W":"13"},"FH":{"7F":"13","6F":"13","39":"13","6G":"13","7G":"13"},"WM":{"G8":"13"},"X6":{"W4":"13","X4":"13"},"W3":{"9F":"13","8F":"13"},"25":{"CJ":"13","CM":"13","FJ":"13","FM":"13"},"JW":{"MR":"13","JR":"13"},"26":{"JP":"13","JM":"13"},"3J":{"R5":"13","R4":"13"},"HC":{"98":"13","C8":"13"},"QC":{"HF":"13","73":"13","GG":"13","RR":"13","GF":"13","74":"13","HG":"13"},"JC":{"83":"13","93":"13"},"CV":{"4Q":"13","4R":"13","3R":"13"},"M9":{"HW":"13"},"W7":{"69":"13"},"W6":{"XX":"13"},"VX":{"9F":"13","CF":"13"},"PH":{"R4":"13"},"PX":{"FF":"13"},"WH":{"4W":"13"},"HQ":{"3M":"13"},"HP":{"6X":"13","FR":"13","FQ":"13","CQ":"13","CR":"13"},"RF":{"73":"13"},"PF":{"9G":"13"},"HJ":{"3C":"13"},"7X":{"46":"13","57":"13","56":"13"},"JH":{"29":"13","G7":"13","28":"13"},"JJ":{"3P":"13","4R":"13","3R":"13","4P":"13"}},"37":{"MH":{"X5":"13"},"9M":{"M9":"13","P9":"13","MC":"13","J9":"13"},"FP":{"9J":"13","9M":"13"},"XQ":{"P7":"13"},"4G":{"49":"13","4C":"13"},"4H":{"MX":"13","58":"13","PX":"13","VH":"13","P3":"13"},"CH":{"J3":"13","MQ":"13","QP":"13","JX":"13","JQ":"13","J4":"13","PM":"13","MX":"13","PP":"13","CX":"13"},"9J":{"JW":"13","MW":"13"},"53":{"94":"13"},"7H":{"G7":"13","28":"13","G6":"13"},"5H":{"5W":"13","5X":"13","6W":"13","CV":"13"},"RJ":{"8M":"13"},"GR":{"3G":"13"},"8C":{"JH":"13"},"28":{"8G":"13","8F":"13","6M":"13"},"5J":{"32":"13","23":"13","33":"13","22":"13","78":"13"},"VJ":{"46":"13","47":"13"},"8G":{"3P":"13"},"FH":{"2V":"13"},"2G":{"34":"13","36":"13","44":"13","45":"13","35":"13"},"QH":{"J2":"13"},"FG":{"5J":"13"},"CG":{"FQ":"13","W8":"13","X8":"13"},"89":{"4M":"13","4P":"13"},"4M":{"C8":"13"},"3J":{"W7":"13","W6":"13"},"5C":{"7P":"13","6M":"13","6P":"13"},"CJ":{"F7":"13","XQ":"13","M2":"13","WQ":"13","XR":"13","J2":"13","PC":"13","G8":"13","G7":"13"},"96":{"Q3":"13","Q2":"13"},"PH":{"25":"13"},"FR":{"R8":"13","V7":"13","R7":"13","W7":"13","X7":"13","W8":"13","V8":"13","W6":"13"},"3G":{"M9":"13"},"4J":{"63":"13","73":"13"},"QJ":{"F5":"13"},"6F":{"QJ":"13","QM":"13"},"FW":{"4R":"13"},"76":{"93":"13"}}},"index":{"university,1|retail,2|tourism,3|wreck,4|historical,5|artsCulture,6|namedBuilding,7|water,8|wetland,9|park,10|beach,11|natureReserve,12|cemetery,13|trail,14":{}}}