{"index":{"university,1|retail,2|tourism,3|wreck,4|historical,5|artsCulture,6|namedBuilding,7|water,8|wetland,9|park,10|beach,11|natureReserve,12|cemetery,13|trail,14":{}},"6R":{"58":{"CQ":{"45":"13"},"2W":{"H9":"13"},"4Q":{"HG":"13"},"CH":{"5J":"13","6H":"13","6J":"13","5H":"13"},"2X":{"6H":"13","6G":"13"},"7X":{"GX":"13","HW":"13","25":"13","HX":"13","GW":"13"},"7V":{"WF":"13","WG":"13"},"6X":{"F3":"13","X5":"13","F4":"13","C3":"13","C4":"13"},"4W":{"PX":"13","PW":"13"},"HQ":{"V7":"13"},"8M":{"3G":"13","XH":"13"},"JR":{"J7":"13","H7":"13"},"CR":{"8X":"13"},"FH":{"32":"13","42":"13"},"HW":{"29":"13"}},"7J":{"R5":{"3P":"13","3M":"13"},"J4":{"3W":"13"},"H7":{"RX":"13","VX":"13"},"V5":{"44":"13","45":"13"}},"5Q":{"RG":{"CF":"13"}},"38":{"Q4":{"RW":"13","QW":"13"}},"65":{"5G":{"55":"13"}},"92":{"CJ":{"3C":"13","3F":"13"},"G9":{"2C":"13"},"FC":{"F8":"13","C8":"13"},"CH":{"GH":"13","GJ":"13"},"9J":{"XQ":"13","XR":"13"},"9M":{"HH":"13","JH":"13","HG":"13","JJ":"13","MH":"13","JG":"13","GW":"13","MG":"13"},"8R":{"9Q":"13","9R":"13","CQ":"13","CR":"13"},"CG":{"R3":"13","Q3":"13","Q6":"13","R6":"13","QC":"13"},"9H":{"QM":"13","QP":"13"},"FP":{"QJ":"13","PJ":"13","QH":"13","CP":"13","PH":"13","CQ":"13"},"CF":{"WQ":"13","VQ":"13"}},"42":{"MH":{"C5":"13"}},"2X":{"GX":{"J9":"13"}},"57":{"RC":{"97":"13"}},"28":{"XQ":{"29":"13","2C":"13"}},"24":{"4Q":{"2F":"13"},"25":{"QM":"13","PM":"13","QP":"13"},"JJ":{"84":"13"}},"59":{"FR":{"3P":"13","3M":"13"},"HJ":{"X8":"13"},"8R":{"HH":"13","HG":"13","RP":"13","JG":"13"},"7H":{"4F":"13","52":"13","PF":"13"},"7F":{"6V":"13"},"7P":{"WC":"13"},"93":{"75":"13"},"72":{"M5":"13","M6":"13","F8":"13","G8":"13","JQ":"13","J5":"13","F9":"13"},"79":{"HX":"13","96":"13"},"87":{"75":"13","76":"13"},"8M":{"38":"13"},"JR":{"5P":"13"},"7J":{"RV":"13","RM":"13","QV":"13"},"CR":{"FW":"13"},"84":{"3V":"13"},"7C":{"CR":"13"}},"5F":{"QH":{"M2":"13","M3":"13"}},"55":{"XP":{"H2":"13"},"XM":{"MW":"13"},"VM":{"G3":"13"}},"26":{"33":{"R3":"13","V3":"13"}},"29":{"J7":{"32":"13","33":"13"},"H5":{"23":"13","33":"13","22":"13"},"HC":{"H8":"13"},"J6":{"3X":"13"},"H6":{"QW":"13","QV":"13","VW":"13","RR":"13","RV":"13","QX":"13","QR":"13","PX":"13","RX":"13","RW":"13"}},"32":{"FC":{"F2":"13","C2":"13","C3":"13"},"F9":{"FX":"13","CX":"13"}},"3C":{"W4":{"R9":"13","RC":"13"}},"49":{"G6":{"67":"13","68":"13","78":"13"},"7G":{"FF":"13"},"F7":{"QX":"13"},"9F":{"MH":"13","MG":"13"},"W2":{"JW":"13","XH":"13","MW":"13"},"6H":{"QJ":"13"},"V3":{"M6":"13"},"F8":{"Q2":"13"},"5M":{"R9":"13"},"7H":{"CP":"13","CM":"13"},"3P":{"3J":"13","2J":"13"},"P4":{"4F":"13"},"F9":{"CF":"13"},"H5":{"GG":"13"},"6J":{"95":"13","C5":"13"}},"6C":{"GJ":{"2H":"13","3H":"13"}},"54":{"XR":{"4W":"13"}},"48":{"RJ":{"3Q":"13","4R":"13","2Q":"13","3R":"13"},"MP":{"69":"13","6C":"13"}},"RW":{"X6":{"93":"13","C5":"13"}},"69":{"5X":{"6Q":"13","6R":"13"}},"67":{"QR":{"Q4":"13","P4":"13"},"RR":{"74":"13"},"QQ":{"CW":"13","CX":"13"}},"66":{"46":{"JP":"13","JC":"13","MP":"13","MQ":"13","MC":"13"}}}}