{"index":{"university,1|retail,2|tourism,3|wreck,4|historical,5|artsCulture,6|namedBuilding,7|water,8|wetland,9|park,10|beach,11|natureReserve,12|cemetery,13|trail,14":{}},"6V":{"HJ":{"9W":{"3C":"13","3F":"13"}},"F8":{"FW":{"G7":"13","H7":"13"}},"W9":{"QP":{"GQ":"13"}},"4V":{"Q4":{"2W":"13"}},"HM":{"82":{"J5":"13"},"94":{"8G":"13"}},"9R":{"9Q":{"MV":"13","PV":"13","PW":"13","MW":"13"}},"2X":{"JR":{"J5":"13"}},"22":{"H2":{"5M":"13"}},"VH":{"34":{"X6":"13","X5":"13","VC":"13","RC":"13"},"36":{"63":"13","59":"13"},"39":{"VJ":"13","VH":"13"},"38":{"C6":"13","FC":"13","F8":"13","92":"13","F7":"13","C8":"13","C3":"13","F6":"13","F9":"13","C5":"13","C4":"13","GC":"13"},"42":{"HW":"13","JW":"13","WQ":"13","PR":"13"},"49":{"F2":"13","88":"13","F3":"13","69":"13","C7":"13","C8":"13","F6":"13","78":"13","G6":"13"},"35":{"CG":"13","CF":"13"}}}}