{"73":{"G6":{"Q2":{"26":"13","36":"13","37":"13","27":"13"},"3J":{"24":"13"},"3G":{"HF":"13","JF":"13","JC":"13","HC":"13","GH":"13"},"P2":{"96":"13"},"28":{"GP":"13"}},"F7":{"F2":{"RV":"13"},"G5":{"69":"13"}},"H3":{"9V":{"Q6":"13","P7":"13","P6":"13","Q7":"13"},"FW":{"MR":"13"},"GQ":{"HC":"13"},"HV":{"RW":"13","JH":"13","RX":"13","JG":"13"}},"G5":{"W8":{"66":"13"},"R9":{"CC":"13","FC":"13","FF":"13","CF":"13"},"V8":{"M7":"13","9G":"13"},"MW":{"4X":"13","2V":"13"},"VR":{"98":"13","99":"13"},"WJ":{"HJ":"13","GM":"13","9C":"13","GJ":"13"},"VG":{"R3":"13","Q3":"13","V3":"13","V4":"13","R4":"13"},"QX":{"QW":"5","PX":"5"},"JW":{"XV":"13"},"JV":{"M6":"13","PQ":"13","QQ":"13"},"MH":{"44":"13","45":"13"},"MX":{"JF":"13"},"WF":{"PP":"13"},"R3":{"VJ":"13","WH":"13","WJ":"13","VH":"13"}},"F6":{"Q2":{"Q3":"13","Q2":"13"},"H2":{"2R":"5"},"J2":{"P5":"13","5C":"13","Q5":"13"},"G2":{"XR":"5"},"QW":{"34":"13","25":"13","23":"13","24":"13","35":"13"},"PW":{"86":"13","C6":"13","84":"13","85":"13","95":"13","96":"13","C5":"13","94":"13"},"C4":{"P6":"13"}},"H2":{"WF":{"7X":"13"},"WG":{"6J":"13"},"X7":{"7Q":"13","8Q":"13","7R":"13","8R":"13"},"XJ":{"WH":"13","FG":"13","VM":"13","WJ":"13","XW":"13","FF":"13"},"WC":{"33":"13"},"VC":{"W8":"13","W9":"13","X8":"13"},"X8":{"5J":"13","5G":"13","4G":"13"}},"H4":{"C5":{"H8":"13","H9":"13","G9":"13","MG":"13","MF":"13","PF":"13","M9":"13","J9":"13","MC":"13","9V":"13","HC":"13","JF":"13","PC":"13","G8":"13","JC":"13"},"75":{"QJ":"13","QH":"13"},"M3":{"29":"13","M3":"13","28":"13"},"J3":{"X9":"13","W8":"13","W9":"13","X8":"13"},"3X":{"PQ":"13","MR":"13","PR":"13"},"92":{"VJ":"13","RJ":"13"},"5X":{"6Q":"13"},"C2":{"W8":"13","R5":"13","V8":"13","R8":"13","V7":"13","W7":"13","Q7":"13","R6":"13","R7":"13","Q6":"13","Q5":"13","V6":"13"},"85":{"G2":"13|5","62":"13","63":"13","84":"13","83":"13","74":"13","C3":"13","72":"13","C2":"13","53":"13","8X":"13","45":"13","9W":"13","F2":"13|5","9X":"13","94":"13","93":"13","G3":"5","55":"13","F3":"13|5","CX":"13","73":"13","64":"13"},"93":{"G9":"5","F8":"5","G8":"5","F9":"5"},"97":{"2F":"13","3F":"13"},"4W":{"GX":"13","FX":"13"},"86":{"82":"13"},"76":{"83":"13","84":"13","82":"13","93":"13","92":"13","94":"13"},"84":{"MM":"13","2X":"13","4R":"13","MJ":"13","FX":"13","3R":"13"},"96":{"Q6":"13|5","P4":"13","V3":"13","Q4":"13","R6":"5","Q7":"5","P5":"13","V5":"13","R7":"5","P6":"13|5","Q8":"5","R4":"13","Q5":"13|5","P8":"5","V4":"13","V6":"13","R5":"13|5","P7":"5","R3":"13"}},"J2":{"26":{"P9":"13"},"3M":{"RV":"13","VV":"13","RR":"13","VR":"13","JG":"13","WP":"13"}},"H5":{"52":{"X9":"13","W8":"13","W9":"13","V8":"13","X8":"13"},"53":{"G3":"13","H2":"13","H3":"13","G2":"13"},"62":{"2C":"13","3C":"13"}}},"index":{"university,1|retail,2|tourism,3|wreck,4|historical,5|artsCulture,6|namedBuilding,7|water,8|wetland,9|park,10|beach,11|natureReserve,12|cemetery,13|trail,14":{}}}