{"index":{"university,1|retail,2|tourism,3|wreck,4|historical,5|artsCulture,6|namedBuilding,7|water,8|wetland,9|park,10|beach,11|natureReserve,12|cemetery,13|trail,14":{}},"75":{"8X":{"XX":{"XQ":"13","WR":"13","XR":"13","FM":"13","WQ":"13","FP":"13"}},"QW":{"FM":{"2P":"13","2M":"13"},"5W":{"R8":"13","R7":"13"},"PV":{"R6":"13"},"C3":{"4F":"13","3F":"13"},"H6":{"5Q":"13","5R":"13","4Q":"13","4R":"13"},"JW":{"FX":"13"},"9G":{"GP":"13","HP":"13","GM":"13","GQ":"13","HM":"13"},"JV":{"WJ":"13"},"MV":{"X5":"13","2J":"13"},"MH":{"WM":"13"},"7R":{"42":"13"},"G4":{"PH":"13","MH":"13"},"7Q":{"4X":"13"},"CX":{"JP":"13","HJ":"13","PP":"13","MP":"13","JJ":"13","MQ":"13","PQ":"13","JM":"13","HM":"13"}},"VM":{"F7":{"G8":"13","G7":"13","F7":"13"},"8X":{"PQ":"13"},"W8":{"49":"13","48":"13"},"3R":{"5G":"13","5H":"13"},"R9":{"XF":"13","4Q":"13"},"X6":{"3J":"13"},"XH":{"5R":"13","4R":"13","5V":"13"},"RC":{"F8":"13"},"6M":{"93":"13"},"MW":{"CJ":"13","CH":"13","9J":"13","9H":"13"},"4M":{"H5":"13"},"WJ":{"J6":"13","H6":"13"},"XV":{"4X":"13","4W":"13","3X":"13","3W":"13"},"6J":{"42":"13","43":"13"},"8P":{"C5":"13","C4":"13"}},"PW":{"XX":{"8C":"13"},"JC":{"RW":"13","VW":"13"},"JH":{"8M":"13","9P":"13","9M":"13","8P":"13"},"VW":{"WV":"13","WW":"13"},"P8":{"MF":"13","PF":"13","MG":"13"},"R9":{"H6":"13"},"GM":{"C8":"13"},"MG":{"XM":"13"}},"FQ":{"QJ":{"9Q":"13","8Q":"13"},"9F":{"QH":"13"},"6C":{"JH":"13","MH":"13","JG":"13","MG":"13"},"2V":{"7Q":"13","7P":"13"},"FJ":{"3Q":"13","4Q":"13","4R":"13","3R":"13"},"4J":{"CV":"13","CR":"13"},"92":{"GW":"13"},"3P":{"66":"13","57":"13","56":"13","67":"13","4M":"13"},"F9":{"M9":"13","MC":"13"},"4M":{"83":"13"},"P9":{"8V":"13","8W":"13"},"GF":{"4H":"13"},"G8":{"69":"13","79":"13"},"JG":{"5Q":"13","5R":"13","5P":"13","4P":"13"},"76":{"R5":"13"},"Q3":{"4R":"13"}},"MQ":{"MX":{"FG":"13","C2":"13"},"XF":{"6V":"13","5W":"13","6W":"13","5V":"13"},"RX":{"4J":"13","RR":"13","4H":"13"},"X8":{"25":"13","2J":"13","33":"13","28":"13","27":"13"},"QV":{"3X":"13","3W":"13"},"W8":{"X7":"13","XJ":"13"},"MW":{"CX":"13"},"QW":{"W7":"13","W6":"13"},"RG":{"VJ":"13","VH":"13"},"W9":{"MV":"13","RG":"13","VG":"13","VF":"13","WF":"13","WG":"13","MR":"13","VH":"13"},"XX":{"VM":"13","G7":"13","F7":"13","F6":"13"},"XW":{"HW":"13","HV":"13","GV":"13"},"QX":{"26":"13","25":"13","35":"13"},"FJ":{"G7":"13","H7":"13","G6":"13"},"X7":{"7Q":"13","8Q":"13","7R":"13","8R":"13"},"PX":{"J7":"13","M6":"13","M7":"13","J6":"13"},"WG":{"RV":"13"},"WC":{"32":"13","WF":"13","WG":"13"},"VQ":{"26":"13","36":"13","37":"13","28":"13","27":"13"},"HW":{"QR":"13"}},"QM":{"P5":{"J8":"13","H8":"13","H7":"13"},"JV":{"GH":"13"},"J4":{"R2":"13"},"6C":{"6J":"13"}},"PP":{"VW":{"XH":"13","XJ":"13"},"WW":{"2J":"13"},"RM":{"M6":"13","J6":"13"}},"XQ":{"HG":{"GX":"13","7H":"13","HX":"13"},"GM":{"VF":"13","9G":"13","QV":"13"},"H8":{"5W":"13","6W":"13"},"X8":{"R8":"13","QF":"13","37":"13","R9":"13"},"GP":{"M2":"13"},"HH":{"H2":"13","G2":"13","WQ":"13","VQ":"13","28":"13"},"H9":{"3Q":"13"},"MG":{"72":"13"},"W8":{"29":"13"},"R9":{"8J":"13"},"HJ":{"69":"13","F7":"13","C7":"13","P2":"13","68":"13"},"6H":{"75":"13","76":"13"},"MF":{"VH":"13"},"RC":{"F2":"13"},"PF":{"C9":"13"},"QC":{"QF":"13","H5":"13","6W":"13","F7":"13","H6":"13"},"H4":{"4P":"13"},"GG":{"QW":"13","PW":"13"},"JJ":{"6W":"13"},"VX":{"9J":"13","9M":"13"},"JF":{"PC":"13"},"93":{"56":"13"},"PC":{"5M":"13"},"G8":{"FH":"13","CH":"13"},"C4":{"QJ":"13","RJ":"13"},"GH":{"P5":"13","VV":"13","M5":"13","WV":"13","WR":"13","P4":"13","X7":"13","M4":"13","X8":"13"},"JG":{"6V":"13"},"CR":{"P7":"13","Q7":"13"},"F3":{"5R":"13","5V":"13"},"GJ":{"HQ":"13","HP":"13","H4":"13"},"RM":{"6V":"13","7V":"13"}},"WJ":{"P4":{"72":"13","62":"13"},"95":{"36":"13","37":"13"},"QP":{"VQ":"13","GX":"13","FX":"13","RQ":"13","RP":"13","GW":"13","FW":"13","VP":"13"},"GH":{"HX":"13","JX":"13","GW":"13"},"GG":{"XF":"13","WF":"13","WC":"13","XC":"13"},"2X":{"PC":"13","PF":"13"},"MC":{"PH":"13"},"9G":{"3J":"13","3H":"13"},"GJ":{"J2":"13"},"X5":{"88":"13","98":"13","99":"13","89":"13"},"24":{"88":"13","78":"13"},"Q8":{"83":"13","73":"13","84":"13","74":"13"},"7V":{"7F":"13","8G":"13","8F":"13"},"FH":{"6M":"13","6P":"13"},"FM":{"PJ":"13","QG":"13","PG":"13","PH":"13","MJ":"13","MH":"13"},"7G":{"5X":"13"},"5V":{"RX":"13"},"CG":{"6R":"13"},"FG":{"QH":"13"},"9R":{"69":"13","59":"13"},"WG":{"84":"13","44":"13","85":"13","H4":"13","H3":"13","95":"13","94":"13"},"5X":{"HJ":"13","HH":"13","GH":"13"}},"XR":{"43":{"3R":"13"},"2H":{"RM":"13"},"6C":{"F9":"13"},"8F":{"7F":"13","7G":"13"},"5R":{"FR":"13"},"6V":{"W8":"13","W9":"13"},"89":{"9Q":"13","9P":"13"},"2J":{"GH":"13"},"76":{"7F":"13","6F":"13","6G":"13","7G":"13"},"4F":{"X4":"13","MP":"13"}},"QV":{"FR":{"4J":"13","3J":"13","4H":"13","3H":"13"},"P2":{"X6":"13","W5":"13","X5":"13","W6":"13"}},"GR":{"8V":{"JV":"13","JW":"13","M9":"13","MC":"13"},"8X":{"QG":"13","QH":"13"},"7H":{"Q6":"13","P6":"13"},"8P":{"2C":"13"},"MQ":{"97":"13","3J":"13","2J":"13","87":"13","3M":"13","2M":"13"},"7M":{"Q5":"13","Q6":"13"},"MH":{"Q2":"13"},"C6":{"FF":"13"},"PP":{"32":"13","42":"13","G2":"13"},"5R":{"54":"13","53":"13"},"GR":{"84":"13","85":"13","75":"13","65":"13","5M":"13","74":"13","4M":"13"},"PH":{"P3":"13","M2":"13","M4":"13","M3":"13","J3":"13","P4":"13","J2":"13","J4":"13","P2":"13"},"RG":{"2F":"13","3G":"13","2G":"13"},"GM":{"GF":"13","FC":"13","FF":"13","GC":"13"},"PM":{"GX":"13","3V":"13","3R":"13","5W":"13","2V":"13","2W":"13","3X":"13","3W":"13","5X":"13","4V":"13","2X":"13","4R":"13","4W":"13","5V":"13","4X":"13"},"G9":{"9Q":"13","8Q":"13","9R":"13","8R":"13"},"9V":{"XH":"13","XJ":"13"},"QF":{"8H":"13","9H":"13"},"6M":{"4J":"13","4M":"13"},"J7":{"RW":"13","QX":"13","RX":"13","QW":"13"},"JJ":{"78":"13","77":"13","57":"13","58":"13","68":"13","46":"13","47":"13","66":"13","37":"13","56":"13","36":"13","79":"13","76":"13","67":"13"},"HJ":{"JP":"13","MX":"13","W2":"13","W3":"13","JQ":"13","V8":"13","V9":"13","MW":"13"},"3F":{"G3":"13","F3":"13"},"6J":{"G9":"13","FC":"13","F9":"13","GC":"13"},"GJ":{"C5":"13"},"CM":{"MR":"13","PR":"13"},"JG":{"8V":"13","7W":"13","7V":"13","8W":"13"},"RR":{"86":"13","85":"13"},"GH":{"HF":"13","HG":"13"},"Q8":{"M2":"13"},"R7":{"QF":"13","PF":"13"},"FP":{"2X":"13","X3":"13"},"MG":{"RW":"13","QX":"13","VW":"13","RX":"13","QW":"13","VX":"13"},"JQ":{"J4":"13","J5":"13"},"VQ":{"88":"13","87":"13"},"RQ":{"X5":"13"},"CV":{"2J":"13","2H":"13","22":"13"},"95":{"89":"13","79":"13","8C":"13","7C":"13"},"HR":{"4Q":"13","CM":"13","4P":"13"},"V2":{"XF":"13","WF":"13","WC":"13","XC":"13"},"J6":{"J7":"13","H7":"13","J6":"13","H6":"13"},"C3":{"HF":"13","JF":"13","HG":"13","JG":"13"},"PF":{"P5":"13","M5":"13","F5":"13","M6":"13","P6":"13","F4":"13"},"HH":{"36":"13","46":"13"},"79":{"VJ":"13","VW":"13","WJ":"13"},"HP":{"XC":"13"},"RJ":{"3G":"13","2G":"13","2H":"13","3H":"13"},"CJ":{"88":"13","79":"13","78":"13","5V":"13","4V":"13"},"PG":{"MX":"13","7Q":"13","JX":"13","7R":"13","PX":"13"},"GP":{"23":"13"},"7R":{"X6":"13"},"6H":{"JG":"13"},"MJ":{"VQ":"13","QW":"13","VV":"13","QQ":"13","RQ":"13","QV":"13","VW":"13","VR":"13","RR":"13","RV":"13","QR":"13","RW":"13"},"FH":{"G4":"13"},"MP":{"9F":"13","3Q":"13","7P":"13","2Q":"13","CG":"13","9G":"13","CF":"13"},"PJ":{"FV":"13","X6":"13","FR":"13","X5":"13","G7":"13","CV":"13","CQ":"13","CR":"13","H6":"13","G6":"13"},"HM":{"6H":"13","5H":"13"},"CR":{"2X":"13"},"MM":{"GX":"13","Q4":"13","P3":"13","FX":"13","P4":"13","GW":"13","FW":"13","Q3":"13"},"JW":{"PG":"13","PH":"13"},"CQ":{"PW":"13","MW":"13"},"V5":{"R8":"13","Q8":"13","Q7":"13"},"6C":{"MF":"13","JF":"13","JG":"13","MG":"13"},"QJ":{"26":"13","25":"13"},"7P":{"XC":"13"},"QP":{"59":"13","49":"13"},"8W":{"P8":"13"},"2F":{"7V":"13","7R":"13"},"JM":{"VM":"13","VP":"13","WM":"13","WP":"13"},"C8":{"CP":"13","CM":"13"},"PX":{"34":"13","44":"13"},"M7":{"2J":"13","3M":"13","2M":"13"},"FF":{"QR":"13","PQ":"13","QQ":"13","PR":"13"},"8R":{"FV":"13","26":"13","FR":"13","CV":"13","CR":"13"},"5W":{"7W":"13","7X":"13"},"PV":{"55":"13"},"JP":{"CC":"13","C9":"13","FM":"13","4V":"13"},"8F":{"69":"13","79":"13","6C":"13","7C":"13"},"CC":{"75":"13","65":"13"},"8G":{"F4":"13","C4":"13"}},"R9":{"7G":{"6F":"13","5F":"13"}},"QR":{"QW":{"42":"13","52":"13"},"VM":{"6X":"13","5X":"13"},"25":{"Q3":"13","Q4":"13"},"XQ":{"PG":"13","PH":"13"},"HF":{"GM":"13","GP":"13","FM":"13","FJ":"13","CM":"13","FQ":"13","FP":"13","CJ":"13","GJ":"13"},"QV":{"4X":"13","HQ":"13","5X":"13","GQ":"13","HR":"13","GR":"13"},"GM":{"F8":"13","G8":"13","G7":"13","F7":"13"},"PM":{"FR":"13","HR":"13","GR":"13","HV":"13","GV":"13"},"73":{"54":"13"},"HJ":{"45":"13"},"GJ":{"MV":"13","JV":"13","JW":"13","MW":"13"},"FC":{"R8":"13","R9":"13"},"MX":{"XX":"13","XW":"13"},"VP":{"52":"13"},"F7":{"QX":"13","PX":"13","PW":"13","MW":"13"},"CW":{"84":"13","85":"13","75":"13","74":"13"},"FV":{"P7":"13","P8":"13"},"HG":{"PJ":"13","PH":"13","MH":"13"},"MG":{"Q3":"13","Q2":"13","P3":"13","P2":"13"},"RQ":{"8X":"13","8W":"13"},"72":{"V2":"13"},"77":{"26":"13","25":"13"},"GF":{"R3":"13","Q3":"13","V3":"13","V4":"13","R2":"13","V2":"13","R4":"13"},"GQ":{"C6":"13","95":"13","96":"13","C5":"13","C4":"13","94":"13"},"WH":{"JH":"13","JJ":"13","MJ":"13","MH":"13"},"46":{"F2":"13","C2":"13"},"GG":{"QF":"13","RF":"13","RC":"13","QC":"13"},"CH":{"6H":"13"},"MP":{"G9":"13","H9":"13","HC":"13","GC":"13"},"WV":{"W2":"13","W3":"13","V2":"13"},"QJ":{"5J":"13","5M":"13","6M":"13"},"QP":{"RQ":"13","RP":"13","VP":"13","VQ":"13"},"V7":{"8H":"13","8J":"13"},"JM":{"Q5":"13","Q6":"13"},"9R":{"Q5":"13","R5":"13","Q6":"13","R6":"13"},"R5":{"H2":"13","J2":"13"},"JP":{"VJ":"13","VM":"13"},"36":{"V2":"13","WJ":"13"},"37":{"F2":"13","F3":"13","F4":"13","C3":"13"}},"RM":{"P7":{"XF":"13"},"QP":{"V7":"13","W7":"13","V6":"13","W6":"13"},"PQ":{"3J":"13","3M":"13"},"2M":{"9W":"13"},"XJ":{"2W":"13"},"WJ":{"XV":"13","XW":"13"}},"RG":{"P9":{"QX":"13","QW":"13"},"3X":{"CJ":"13","CM":"13","FJ":"13"},"XQ":{"GF":"13"},"CW":{"83":"13","82":"13","93":"13","92":"13"},"X8":{"GX":"13","HX":"13","JX":"13"},"8W":{"93":"13"},"3V":{"39":"13","38":"13"},"R7":{"3X":"13","2X":"13"},"GR":{"MJ":"13"},"8X":{"XG":"13","WH":"13","VG":"13","WG":"13","XH":"13","VH":"13"},"QQ":{"69":"13","6C":"13","68":"13"},"VJ":{"X2":"13","X3":"13"},"JM":{"4F":"13"},"Q8":{"69":"13","79":"13","6C":"13","7C":"13"},"R9":{"8G":"13","QQ":"13","8F":"13","M6":"13","QV":"13","8C":"13","89":"13","QR":"13","79":"13","7C":"13"},"X9":{"F2":"13","H2":"13","J2":"13","G2":"13"},"W9":{"9F":"13","CC":"13","8F":"13","9C":"13","8C":"13","CF":"13"},"V7":{"8M":"13","8G":"13","8H":"13","9J":"13","9M":"13","9H":"13","9G":"13","8J":"13"},"PC":{"MJ":"13","MH":"13"},"WJ":{"23":"13","22":"13"},"CX":{"7H":"13","6H":"13"},"4X":{"H5":"13","F5":"13","G5":"13","H6":"13","G6":"13"},"R8":{"32":"13","22":"13"}},"QQ":{"HP":{"83":"13","93":"13"},"6C":{"PC":"13"},"CP":{"6F":"13","5C":"13","5F":"13","6C":"13"},"3F":{"9X":"13"},"7X":{"6M":"13","6P":"13","VX":"13"},"5C":{"PP":"13","PQ":"13"},"6V":{"MX":"13","JX":"13"},"MX":{"6X":"13","6W":"13"},"88":{"7Q":"13","6Q":"13","6R":"13","7R":"13"}},"QH":{"FJ":{"9F":"13","9C":"13"},"QW":{"34":"13","44":"13","43":"13","33":"13"},"MH":{"7P":"13","8P":"13"},"X3":{"2G":"13","2H":"13"},"H4":{"HX":"13","JX":"13"},"5R":{"2P":"13","3M":"13","2M":"13"},"GM":{"VV":"13","VW":"13"},"RG":{"5C":"13","69":"13","59":"13"},"P6":{"JF":"13","JG":"13"},"CX":{"36":"13","72":"13","46":"13","45":"13","35":"13"},"9V":{"MF":"13","JF":"13","MC":"13","MG":"13"},"JX":{"XC":"13"},"J7":{"CC":"13","FC":"13","C9":"13","F9":"13"},"M5":{"WH":"13","WG":"13"},"XH":{"2P":"13","2Q":"13"},"7W":{"W5":"13"},"MX":{"FV":"13","FR":"13","GV":"13"},"JG":{"2W":"13","2R":"13","2V":"13"},"VG":{"39":"13","49":"13","4C":"13","3C":"13"},"FW":{"2C":"13","2F":"13"},"Q9":{"3Q":"13","3R":"13"},"X2":{"5M":"13","5P":"13"},"RR":{"GJ":"13"},"CW":{"88":"13","PJ":"13","98":"13","MM":"13","PM":"13","99":"13","89":"13","9C":"13","MJ":"13","79":"13","XC":"13","8C":"13","7C":"13"},"W3":{"XG":"13","XH":"13"},"FG":{"74":"13","2V":"13","2W":"13","83":"13","73":"13","82":"13","72":"13","84":"13"},"HG":{"XV":"13","8M":"13","CJ":"13","CM":"13","9J":"13","XR":"13","9M":"13","XW":"13","8J":"13"},"WP":{"VJ":"13","VM":"13"},"JH":{"7M":"13","6M":"13","6J":"13","7J":"13","QC":"13"},"MG":{"5W":"13","5V":"13"},"JQ":{"G7":"13"},"RQ":{"VV":"13","WV":"13","HH":"13","VR":"13","WR":"13","GH":"13"},"VR":{"8V":"13","7V":"13","7R":"13","8R":"13"},"R2":{"CM":"13","CP":"13","5G":"13","9M":"13","3F":"13","4C":"13","4G":"13","3C":"13","5F":"13","3G":"13","9J":"13","9P":"13","CJ":"13","4F":"13"},"HR":{"PV":"13","PR":"13"},"HX":{"M5":"13","M4":"13"},"GC":{"WH":"13","P7":"13","C2":"13","WJ":"13","M7":"13","C3":"13"},"3X":{"93":"13","C3":"13","C4":"13","94":"13"},"P7":{"9Q":"13","8Q":"13","9P":"13"},"WH":{"XQ":"13"},"GP":{"PR":"13"},"FR":{"RV":"13","VV":"13","RR":"13","VR":"13"},"H5":{"H2":"13","J2":"13"},"7R":{"8F":"13","8C":"13"},"FM":{"HW":"13","JW":"13","HX":"13","JX":"13"},"PJ":{"H4":"13","J4":"13"},"XM":{"X2":"13"},"QP":{"W5":"13","V5":"13"},"V7":{"5H":"13"},"VV":{"5J":"13"},"PV":{"4P":"13"},"6W":{"J8":"13","M8":"13"},"Q5":{"34":"13","54":"13","36":"13","44":"13","46":"13","55":"13","45":"13","35":"13"}},"PM":{"V2":{"F9":"13"},"35":{"WC":"13","VC":"13"},"33":{"9M":"13"},"25":{"5F":"13"},"X2":{"7H":"13","8H":"13","7J":"13","8J":"13"},"52":{"C9":"13"},"C8":{"47":"13","57":"13"},"R7":{"54":"13","55":"13"},"22":{"J5":"13"},"C7":{"5R":"13","5V":"13"},"RM":{"HQ":"13","GQ":"13"}},"CX":{"7J":{"97":"13"},"F2":{"88":"13","JC":"13","87":"13","77":"13","MC":"13","78":"13"},"M8":{"C7":"13","C8":"13"},"3F":{"RF":"13","QF":"13","RC":"13"},"WP":{"F2":"13","G3":"13","F3":"13","5M":"13","G2":"13"},"9M":{"VV":"13","WV":"13","VR":"13","WR":"13"},"P7":{"3C":"13"},"4Q":{"23":"13","G4":"13","24":"13","F4":"13","33":"13"},"5C":{"JC":"13"},"VP":{"WX":"13"},"PR":{"XC":"13"},"8P":{"R8":"13","75":"13","65":"13","76":"13","66":"13"},"8J":{"72":"13","QC":"13"},"WV":{"2F":"13","3F":"13"},"J8":{"M9":"13","J9":"13"},"G6":{"29":"13","G8":"13","G7":"13","F7":"13"},"3R":{"9X":"13","9W":"13"},"67":{"25":"13","M9":"13","MC":"13"},"G7":{"VF":"13","QV":"13"},"5F":{"83":"13","73":"13","7X":"13","5V":"13","4V":"13"},"XR":{"95":"13","96":"13"},"F6":{"X9":"13"},"H8":{"PX":"13"},"9G":{"XF":"13","XC":"13"},"RR":{"4W":"13"},"RV":{"HF":"13","GF":"13"},"4G":{"26":"13","36":"13","37":"13","C2":"13","92":"13","27":"13"},"JQ":{"5R":"13"},"84":{"X6":"13","X5":"13","R9":"13","Q9":"13"},"MR":{"P5":"13","Q5":"13"},"GF":{"C8":"13"},"99":{"29":"13","CP":"13","G7":"13","FP":"13"},"5G":{"9C":"13","95":"13"},"88":{"9F":"13","XQ":"13","WR":"13","8F":"13","XR":"13","WQ":"13"},"79":{"Q4":"13","R4":"13","QP":"13","GQ":"13"},"CG":{"2C":"13","2F":"13"},"4F":{"9X":"13"},"6J":{"83":"13","73":"13"},"J4":{"84":"13","W2":"13","95":"13","94":"13"},"J5":{"MX":"13","PX":"13","PW":"13","MW":"13"},"VV":{"M8":"13"},"4W":{"25":"13","35":"13"},"5M":{"F8":"13","9J":"13","9M":"13","F9":"13"},"7G":{"GM":"13","GJ":"13"},"QR":{"2C":"13"},"CF":{"39":"13","49":"13"},"C7":{"FQ":"13"},"F4":{"RQ":"13","RP":"13"},"H6":{"J8":"13","M9":"13","M8":"13","J9":"13"},"J3":{"V4":"13"},"M6":{"C6":"13","C7":"13"},"9F":{"66":"13","67":"13"},"4P":{"GG":"13","XF":"13"},"9C":{"V4":"13","R4":"13"},"CH":{"76":"13"},"5J":{"63":"13","VM":"13","WM":"13","JM":"13","WP":"13"},"85":{"4W":"13","MH":"13","3W":"13"},"6F":{"HJ":"13","V3":"13","VJ":"13","HH":"13","W2":"13","W3":"13","RJ":"13","9W":"13","9V":"13","V2":"13","VM":"13","8V":"13","93":"13","P4":"13","GH":"13","RM":"13","GJ":"13","P3":"13","8W":"13"},"WR":{"3Q":"13","4Q":"13","4R":"13","3R":"13","CF":"13"},"97":{"XF":"13","WF":"13","7V":"13","7R":"13","8R":"13"},"3G":{"FG":"13","CG":"13"},"F7":{"JX":"13"},"C9":{"97":"13","87":"13"},"C8":{"RF":"13","RG":"13","GJ":"13"},"JH":{"9H":"13"},"8C":{"FW":"13"},"JR":{"V5":"13"},"F9":{"VV":"13","97":"13","87":"13"},"7M":{"RJ":"13","RM":"13"},"93":{"J7":"13"},"VG":{"6W":"13"},"H4":{"M7":"13","J7":"13","4Q":"13","M6":"13","J6":"13","5R":"13","4R":"13","54":"13","5Q":"13"},"89":{"QF":"13","75":"13","65":"13","H8":"13","G8":"13","X9":"13","QC":"13"},"H2":{"CP":"13","2P":"13","2M":"13"},"8M":{"QJ":"13","9F":"13","RJ":"13"},"G9":{"RW":"13","RX":"13","PC":"13","QC":"13"},"4M":{"Q3":"13","Q4":"13","GG":"13","FG":"13","8X":"13","7X":"13"},"2G":{"GF":"13"},"6P":{"QW":"13","QV":"13"},"G4":{"FV":"13","FR":"13","QX":"13","PX":"13","CV":"13","CR":"13"},"7C":{"7Q":"13","M5":"13","8Q":"13","G7":"13","F7":"13","M4":"13","8P":"13"},"7X":{"2M":"13"},"W7":{"29":"13"},"63":{"RX":"13","VX":"13"},"G2":{"XP":"13","XM":"13"},"4J":{"9C":"13"},"87":{"MV":"13","JV":"13","H4":"13","J4":"13"},"MH":{"P4":"13"},"CC":{"6G":"13","56":"13"},"7F":{"GP":"13"},"VQ":{"JH":"13","JJ":"13","MJ":"13","MH":"13"},"77":{"VV":"13","6F":"13","G9":"13","4X":"13","5X":"13","VW":"13","G8":"13","6C":"13"},"FC":{"7Q":"13","6Q":"13","F8":"13","C9":"13","C8":"13","F9":"13"},"78":{"G9":"13","CM":"13","G8":"13","9M":"13","VC":"13","RC":"13"},"VF":{"JM":"13"},"V7":{"X9":"13"},"74":{"VR":"13","WR":"13","WQ":"13","VP":"13","VQ":"13"},"H3":{"F3":"13","C3":"13"},"64":{"R2":"13","GF":"13","V2":"13"},"66":{"WR":"13","XQ":"13","8R":"13","9R":"13","WQ":"13","9Q":"13","XR":"13","8Q":"13","R3":"13"},"F8":{"WV":"13","3J":"13","WW":"13"},"J7":{"65":"13"},"6C":{"XP":"13","XM":"13","WX":"13","5F":"13"},"Q6":{"8W":"13"},"98":{"R3":"13","RF":"13","VC":"13","RC":"13"},"WQ":{"CJ":"13","CH":"13"},"9P":{"F8":"13","J2":"13","M2":"13","C8":"13"},"3M":{"X4":"13"}},"QC":{"F3":{"QF":"13"},"VF":{"65":"13"},"76":{"CJ":"13","CM":"13","FJ":"13","FM":"13"},"28":{"GR":"13"}},"9V":{"XM":{"W4":"13","X4":"13"},"XH":{"XQ":"13","XR":"13"}},"JX":{"9P":{"84":"13"},"G8":{"7P":"13"},"H3":{"HC":"13"},"8P":{"GQ":"13","GR":"13"},"MH":{"JF":"13"},"F4":{"X8":"13"},"5Q":{"94":"13"},"WJ":{"F5":"13","F4":"13","C5":"13","C4":"13"},"H9":{"83":"13","82":"13","93":"13","92":"13"},"QH":{"V4":"13","R4":"13"},"68":{"XV":"13","WV":"13","XW":"13"},"3M":{"Q5":"13","R5":"13","R6":"13"},"JJ":{"63":"13","73":"13","72":"13","62":"13"},"CP":{"G3":"13","H4":"13","G4":"13","H3":"13"},"4W":{"XQ":"13","WQ":"13"},"47":{"9Q":"13","8Q":"13","9C":"13","35":"13"},"JR":{"8V":"13"},"CM":{"24":"13"},"VP":{"37":"13","46":"13","47":"13"},"MR":{"R3":"13"},"VG":{"82":"13","92":"13"},"42":{"GQ":"13","HR":"13","GR":"13"},"G2":{"WH":"13","WJ":"13"},"48":{"VX":"13"},"4J":{"MH":"13"},"RR":{"8Q":"13","8R":"13"},"CW":{"Q4":"13"},"Q8":{"QX":"13","QW":"13"},"98":{"RH":"13","QH":"13"},"2J":{"GX":"13","HW":"13","HX":"13","GW":"13"},"52":{"H3":"13","H2":"13","J3":"13","F2":"13","G2":"13","G3":"13","J2":"13"},"9F":{"WH":"13","3F":"13","VH":"13"},"W8":{"MR":"13"},"49":{"V2":"13"},"82":{"8X":"13","8W":"13"},"94":{"Q6":"13","P7":"13","P6":"13","Q7":"13"},"2H":{"44":"13","WW":"13","XW":"13"},"53":{"JP":"13","MM":"13","WF":"13","MP":"13","JJ":"13","MJ":"13","WC":"13","JM":"13"},"6V":{"R8":"13","Q8":"13"},"2Q":{"GR":"13","HV":"13","GV":"13"},"76":{"PM":"13"},"C9":{"WH":"13"},"57":{"7F":"13","79":"13"},"27":{"P5":"13","M5":"13","M6":"13","P6":"13"},"FH":{"3P":"13"},"WG":{"W8":"13"},"4M":{"76":"13","66":"13"},"6C":{"XV":"13"},"F8":{"7H":"13","6H":"13","7J":"13"},"J4":{"XV":"13","WV":"13","WW":"13","XW":"13"},"F9":{"PQ":"13","QQ":"13"},"J8":{"M5":"13","M4":"13"},"HQ":{"5Q":"13","5P":"13"},"FF":{"RV":"13","RR":"13"},"MV":{"FQ":"13","CQ":"13"},"44":{"2F":"13"},"HW":{"HQ":"13"},"34":{"XF":"13","XC":"13"},"CC":{"2F":"13","3F":"13"},"56":{"P2":"13"},"45":{"97":"13","VJ":"13","VM":"13","96":"13"},"55":{"G8":"13"}},"RP":{"X8":{"9Q":"13","CP":"13","9P":"13","CQ":"13"},"WV":{"4G":"13","4H":"13"},"XM":{"VM":"13","RP":"13","VP":"13","RM":"13"},"V5":{"G3":"13","F3":"13","G4":"13"},"QH":{"XF":"13","XC":"13"},"W8":{"JX":"13"},"VV":{"FM":"13"},"P3":{"P7":"13","Q7":"13"},"CF":{"JH":"13"},"M3":{"Q8":"13","W3":"13","X3":"13"},"59":{"PM":"13","QP":"13","PP":"13"},"W9":{"J3":"13","H2":"13","H3":"13","J2":"13","J4":"13","J6":"13","J5":"13"},"RQ":{"6F":"13","5F":"13"},"QC":{"2F":"13","2G":"13","2H":"13"},"F9":{"QF":"13","QC":"13"},"PR":{"VR":"13","RQ":"13","RP":"13"},"RH":{"2F":"13"},"2F":{"2J":"13","3M":"13","2M":"13"},"R6":{"G3":"13","F3":"13","G4":"13","H3":"13","G2":"13"},"WJ":{"M5":"13","M6":"13","J5":"13"},"CG":{"P4":"13","P3":"13","CR":"13"},"PC":{"XG":"13"},"J4":{"G9":"13","X2":"13"},"PM":{"V3":"13","W3":"13"},"9H":{"QG":"13"},"9J":{"MF":"13","MG":"13"},"HQ":{"J7":"13","J6":"13"},"JR":{"MV":"13","PV":"13","PR":"13"},"CJ":{"2F":"13","3F":"13"},"P7":{"92":"13"},"V9":{"3V":"13","4R":"13","4V":"13"}},"RC":{"2J":{"8X":"13","8W":"13"},"V2":{"V8":"13"},"35":{"58":"13","68":"13"}},"XH":{"JP":{"QJ":"13"},"RW":{"7H":"13"},"6V":{"86":"13","85":"13","75":"13","76":"13"},"R7":{"WP":"13"},"JJ":{"JF":"13"},"M2":{"M8":"13"},"FX":{"HJ":"13","GM":"13","HM":"13"},"MR":{"35":"13"},"4V":{"RG":"13"}},"WX":{"H7":{"WM":"13"},"C6":{"HQ":"13","GQ":"13","VP":"13","WP":"13","HR":"13","GR":"13"},"X6":{"HH":"13","HG":"13"},"VC":{"W5":"13","V6":"13","W6":"13"},"PG":{"C6":"13","97":"13","G8":"13","G7":"13","H7":"13","C7":"13","95":"13","F6":"13","96":"13","C5":"13","G6":"13","H6":"13"},"MF":{"R8":"13","Q8":"13","32":"13","R7":"13","42":"13","43":"13","Q7":"13","33":"13"},"83":{"8G":"13","8F":"13"},"59":{"5R":"13","5V":"13"},"8J":{"5G":"13","6H":"13","6G":"13","5H":"13"},"MC":{"5Q":"13","5R":"13","4Q":"13","4R":"13"},"85":{"X6":"13","W6":"13"},"93":{"C6":"13","96":"13"},"69":{"29":"13","28":"13"},"95":{"32":"13","23":"13","33":"13","22":"13"},"C4":{"69":"13","79":"13","6C":"13"},"87":{"H3":"13"},"MX":{"6V":"13","5M":"13","6W":"13","4M":"13"},"67":{"F8":"13","89":"13","79":"13","F7":"13"},"F3":{"QR":"13","QQ":"13","QV":"13"},"V9":{"M9":"13","J9":"13"}},"XG":{"77":{"P6":"13"},"Q8":{"XG":"13","XH":"13"},"X6":{"VG":"13","WG":"13"},"WM":{"4W":"13","4V":"13"},"R8":{"2G":"13","2H":"13"},"66":{"CP":"13","CQ":"13"},"VM":{"7P":"13","6M":"13","6P":"13"},"W7":{"Q5":"13","R5":"13"},"42":{"7M":"13"},"RV":{"75":"13","74":"13"},"X5":{"WX":"13"},"89":{"5J":"13"},"GF":{"J6":"13","J5":"13","H6":"13"},"JG":{"CC":"13","FC":"13","FF":"13","CF":"13"},"3Q":{"73":"13","74":"13"}},"FX":{"7W":{"WH":"13","WG":"13","MJ":"13","MH":"13"},"6W":{"V4":"13","X8":"13"},"V3":{"H5":"13","G5":"13","H6":"13","G6":"13"},"RX":{"WX":"13","VX":"13"},"QV":{"MV":"13","JV":"13","MR":"13","JR":"13"},"6V":{"38":"13","37":"13","28":"13","27":"13"},"WX":{"8Q":"13","8R":"13"},"HM":{"J3":"13","J4":"13","M4":"13","M3":"13"},"5P":{"GP":"13","FM":"13","FP":"13"},"V5":{"29":"13","39":"13","2C":"13","3C":"13"},"2R":{"38":"13"},"QW":{"VX":"13"},"4P":{"F2":"13"},"9V":{"QX":"13","QW":"13","PX":"13","PW":"13"},"H8":{"M6":"13","P7":"13","P6":"13"},"VG":{"CH":"13","PX":"13","CG":"13"},"G6":{"MV":"13","JV":"13"},"36":{"6H":"13","6G":"13"},"5W":{"P3":"13"},"V2":{"Q8":"13"},"FM":{"RH":"13","VH":"13"},"5V":{"MF":"13","MG":"13"},"FG":{"46":"13","55":"13","45":"13","56":"13"},"HH":{"83":"13","82":"13","93":"13","92":"13"},"QR":{"J3":"13","RQ":"13","J4":"13","M3":"13"},"CJ":{"MX":"13","JX":"13"},"QX":{"G9":"13","FQ":"13","V2":"13","G8":"13","GQ":"13"},"FJ":{"P7":"13","P8":"13"},"8V":{"53":"13"},"VX":{"58":"13","38":"13","37":"13","57":"13","67":"13"},"9R":{"CR":"13"},"CM":{"J2":"13","M2":"13"},"MF":{"Q3":"13","Q2":"13","R2":"13"},"7X":{"7H":"13","QH":"13","PH":"13","7J":"13"},"MR":{"5Q":"13","6Q":"13","5P":"13","6P":"13"},"3P":{"HR":"13","HV":"13"}},"QG":{"WR":{"58":"13","47":"13","57":"13","48":"13"},"XQ":{"G2":"13"},"WW":{"VX":"13"},"XP":{"GX":"13","98":"13","99":"13","C9":"13","FX":"13","C8":"13"},"WX":{"R2":"13","V2":"13"},"JX":{"Q2":"13","P2":"13"},"JW":{"QX":"13","PX":"13"}},"JR":{"4P":{"39":"13","49":"13","4C":"13","3C":"13"},"3X":{"R3":"13","Q3":"13","Q2":"13","R2":"13"},"QC":{"JH":"13","JJ":"13","GJ":"13"},"8C":{"7H":"13","3V":"13","7J":"13"},"CG":{"W5":"13","W6":"13","V5":"13"},"CR":{"7G":"13"},"5Q":{"PH":"13","MH":"13"}},"WQ":{"8F":{"44":"13"}},"MX":{"MH":{"JJ":"13","MJ":"13"},"F7":{"VJ":"13","9W":"13","9V":"13","VM":"13"},"V3":{"W5":"13","V5":"13"},"M8":{"CV":"13","CR":"13"},"FQ":{"HC":"13"},"65":{"XC":"13"},"H4":{"3Q":"13"},"M7":{"FW":"13","FX":"13"},"88":{"CW":"13","FW":"13"},"6X":{"FC":"13","FF":"13"},"M4":{"W6":"13"},"6P":{"HP":"13","MJ":"13"},"4C":{"8V":"13","8W":"13"},"R7":{"HF":"13","GF":"13","HC":"13","GC":"13"},"P6":{"RX":"13","VX":"13"},"9W":{"77":"13","67":"13"},"PM":{"3Q":"13","2R":"13","2Q":"13","3R":"13"},"J9":{"W7":"13","W6":"13"},"2G":{"CC":"13","C9":"13"},"G3":{"M6":"13","M7":"13"},"75":{"P6":"13"},"G7":{"MM":"13","MP":"13"},"M9":{"83":"13","93":"13","C3":"13"},"96":{"JV":"13","JW":"13","HV":"13"},"GQ":{"85":"13","95":"13"},"CC":{"F8":"13","C8":"13"},"WG":{"CC":"13"},"RC":{"88":"13","78":"13"},"M2":{"P2":"13"},"MR":{"JF":"13","JC":"13","MC":"13"},"2P":{"7J":"13"}},"JG":{"W4":{"28":"13","27":"13"},"V4":{"X7":"13"},"X3":{"85":"13","95":"13","96":"13","C5":"13","94":"13","C4":"13"}},"V9":{"3Q":{"7C":"13"},"8Q":{"F4":"13"},"5W":{"PC":"13","PF":"13"},"74":{"M5":"13","J4":"13","M4":"13","J5":"13"},"8P":{"JP":"13","HF":"13","HJ":"13","MM":"13","JF":"13","JC":"13","HC":"13","JJ":"13","MJ":"13","JM":"13","JG":"13","HM":"13"}},"PQ":{"9M":{"QM":"13","RM":"13"},"38":{"HJ":"13","GP":"13","GM":"13","FM":"13","GJ":"13","HM":"13"},"2X":{"W3":"13","X3":"13"},"2H":{"VM":"13"},"GW":{"4F":"13","5G":"13","4G":"13"},"F9":{"F8":"13"},"QG":{"HG":"13"},"PW":{"H8":"13","H7":"13"},"VG":{"JR":"13"},"G6":{"PP":"13","PQ":"13"},"2Q":{"G3":"13","H2":"13","G2":"13"},"X6":{"JH":"13"},"FG":{"XG":"13"},"26":{"36":"13"},"29":{"G6":"13","H8":"13","H7":"13","G5":"13","J7":"13","J8":"13","H4":"13","J6":"13","H6":"13","H5":"13","G8":"13","G4":"13","G7":"13"},"CV":{"XW":"13"},"FV":{"2W":"13"},"3C":{"H8":"13","H7":"13","M7":"13","M8":"13","J7":"13","J8":"13","6R":"13","6V":"13"},"QX":{"X8":"13"},"X7":{"GM":"13","GJ":"13"},"GM":{"Q6":"13","P7":"13","P6":"13","Q7":"13"},"97":{"Q2":"13"},"C9":{"2V":"13"},"3G":{"3C":"13"}},"VP":{"VQ":{"6R":"13","7R":"13","8X":"13"},"XM":{"GP":"13","FQ":"13","GQ":"13","GR":"13"},"HJ":{"JV":"13"},"MR":{"9R":"13","9V":"13","8V":"13","7W":"13","7V":"13","7R":"13","8R":"13","8W":"13"},"VC":{"34":"13","24":"13"},"VR":{"82":"13"},"2X":{"46":"13","55":"13","56":"13"},"RH":{"W5":"13","V5":"13"},"RR":{"8V":"13"},"F5":{"4X":"13","4W":"13"},"7R":{"XW":"13"},"2Q":{"9X":"13"},"2R":{"92":"13"}},"GV":{"Q3":{"QP":"13","PP":"13"},"83":{"92":"13"},"WF":{"W5":"13","X5":"13"},"R6":{"2R":"13","2Q":"13","3R":"13"},"7F":{"52":"13","62":"13"},"CH":{"88":"13"},"86":{"P5":"13","Q5":"13"},"37":{"4Q":"13","4P":"13"},"MC":{"8M":"13","8P":"13"},"4C":{"8V":"13","8W":"13"},"R7":{"26":"13","37":"13","27":"13"},"46":{"MV":"13","JV":"13"},"W8":{"RF":"13","RG":"13","VG":"13","VF":"13"},"MM":{"P4":"13","M4":"13","M3":"13","P3":"13"},"78":{"V2":"13"},"7C":{"MV":"13","6X":"13","5X":"13","PV":"13","PW":"13","MW":"13"},"45":{"75":"13","76":"13"},"24":{"V7":"13","V8":"13"},"R9":{"CW":"13","FV":"13","FW":"13","CV":"13"},"52":{"43":"13","53":"13"},"2F":{"8C":"13"},"PM":{"HF":"13","GG":"13","GF":"13","HG":"13","GC":"13"},"77":{"RX":"13","VX":"13"},"2G":{"6Q":"13"},"9X":{"9F":"13","CF":"13","7M":"13","6M":"13","CH":"13","CG":"13","9G":"13","9H":"13","6J":"13","7J":"13"},"93":{"J7":"13","M6":"13","M7":"13","J6":"13"},"3H":{"3Q":"13","2Q":"13"},"29":{"7W":"13"},"C7":{"5C":"13","59":"13","49":"13","4C":"13"},"CJ":{"R8":"13","Q8":"13","R7":"13","Q7":"13"},"68":{"CW":"13","CX":"13"},"4F":{"72":"13","82":"13"},"49":{"63":"13","65":"13","74":"13","64":"13"},"27":{"3J":"13","3G":"13","2J":"13","2G":"13","2H":"13","3H":"13"},"96":{"7H":"13","8H":"13","7J":"13","8J":"13"},"GM":{"PF":"13"},"8P":{"P5":"13","Q4":"13","Q5":"13","P4":"13"},"G5":{"XX":"13","WX":"13"},"7M":{"R9":"13","VC":"13","V9":"13"},"P3":{"CV":"13"},"GF":{"RV":"13","RW":"13","QQ":"13"},"PF":{"QF":"13","PF":"13","QC":"13"},"2P":{"27":"13"}},"MR":{"WG":{"XV":"13","XW":"13"},"P5":{"V4":"13","R4":"13","QP":"13","QQ":"13"},"J3":{"F8":"13","F9":"13"},"F4":{"J3":"13","H4":"13","H3":"13","J4":"13"},"XG":{"2W":"13","2V":"13"},"J9":{"Q4":"13","Q5":"13","R5":"13"},"R7":{"H4":"13","G4":"13","G5":"13"},"Q6":{"7J":"13"},"7X":{"MX":"13","PX":"13"},"4R":{"XG":"13","XF":"13"},"Q5":{"34":"13","G9":"13","44":"13","G8":"13","43":"13","33":"13"},"VJ":{"J7":"13","H7":"13"},"HQ":{"M3":"13"},"VH":{"J3":"13","J4":"13"},"RX":{"CC":"13","FC":"13","CG":"13","FF":"13","CF":"13"},"RW":{"MV":"13","PJ":"13","MM":"13","PM":"13","MJ":"13","MW":"13"},"Q9":{"HW":"13","GW":"13"},"P2":{"R3":"13","V3":"13","V4":"13","R4":"13"}},"VG":{"39":{"H2":"13","G2":"13"},"GP":{"CQ":"13"},"H2":{"CW":"13","9X":"13","9W":"13","CX":"13"},"5J":{"7M":"13","6M":"13","7J":"13"},"3X":{"8P":"13"},"F4":{"WV":"13","VQ":"13","WR":"13","VV":"13","MR":"13","QQ":"13","PV":"13","RQ":"13","QV":"13","PQ":"13","VR":"13","PR":"13","MQ":"13","RR":"13","RV":"13","QR":"13","MV":"13"},"33":{"HC":"13","GC":"13"},"3H":{"WG":"13","WH":"13","VF":"13","RH":"13","WJ":"13","VG":"13","RJ":"13","VJ":"13","VH":"13","WF":"13"},"29":{"98":"13","C7":"13","C8":"13"},"45":{"HQ":"13","MQ":"13","JQ":"13","JR":"13","HR":"13"},"3F":{"98":"13","99":"13","C9":"13","C8":"13","F9":"13"},"9R":{"X9":"13"},"6W":{"84":"13","74":"13"},"G3":{"3Q":"13","2R":"13","2Q":"13","3R":"13"},"4G":{"JW":"13","GM":"13","JX":"13","FM":"13"},"P4":{"95":"13","C5":"13"},"2X":{"QR":"13"},"QP":{"29":"13","28":"13"},"J2":{"JP":"13","49":"13","MP":"13","4C":"13"},"5C":{"23":"13","24":"13","33":"13"},"3G":{"88":"13","98":"13","97":"13","99":"13","89":"13","87":"13"},"38":{"J7":"13","GX":"13","HX":"13"},"97":{"4F":"13","5G":"13","4G":"13","5F":"13"},"RJ":{"HW":"13","JW":"13","HX":"13","JX":"13"},"6P":{"FR":"13"},"86":{"42":"13","52":"13","43":"13","53":"13"},"PP":{"X9":"13"},"F3":{"PW":"13","MW":"13"},"GJ":{"H4":"13","H3":"13"},"4F":{"5G":"13","5H":"13"}},"GW":{"7W":{"W7":"13","W6":"13"},"9Q":{"HQ":"13","JQ":"13","JR":"13","HR":"13"},"MH":{"63":"13","RR":"13","64":"13"},"9P":{"P9":"13"},"6V":{"66":"13","67":"13"},"57":{"PR":"13"},"XM":{"3G":"13","3H":"13"},"6X":{"FV":"13","GV":"13"},"GV":{"M9":"13","P9":"13","PC":"13","MC":"13"},"3R":{"7W":"13","8X":"13","7X":"13","8W":"13"},"MM":{"5G":"13","6H":"13","6G":"13","5H":"13"},"5R":{"5G":"13","4G":"13","4H":"13"},"2H":{"3J":"13","2J":"13"},"8X":{"PG":"13","PH":"13","MH":"13","MG":"13"},"GW":{"HH":"13","GG":"13","HG":"13","GH":"13"},"78":{"5W":"13","5V":"13"},"VF":{"8Q":"13","8P":"13"},"P2":{"MX":"13","MW":"13"},"79":{"XX":"13","WX":"13"},"VG":{"VC":"13"},"52":{"H4":"13"},"9W":{"FG":"13","FF":"13"},"XP":{"2R":"13","2Q":"13"},"43":{"HH":"13","57":"13","56":"13","GH":"13"},"82":{"J7":"13","H7":"13","J6":"13","H6":"13"},"JG":{"VG":"13","WG":"13"},"C7":{"7H":"13","8H":"13","7J":"13"},"GX":{"6W":"13","7W":"13","7V":"13"},"GQ":{"XX":"13","WX":"13","WW":"13","XW":"13"},"9R":{"P7":"13","P6":"13","M7":"13"},"3F":{"PG":"13","MG":"13"},"73":{"23":"13","22":"13"},"FF":{"66":"13","67":"13"},"4J":{"97":"13","96":"13"},"WH":{"MF":"13","QF":"13","PG":"13","PH":"13","MG":"13"},"HQ":{"GP":"13","GM":"13","HM":"13"},"4R":{"QG":"13","PG":"13","H2":"13","QH":"13","PH":"13","J2":"13"},"4Q":{"7P":"13","HX":"13","JX":"13"}},"X9":{"2R":{"8Q":"13"},"W8":{"5G":"13","4G":"13","4H":"13","5H":"13"}},"FW":{"Q6":{"M4":"13","M3":"13"},"F5":{"W2":"13"},"F7":{"M6":"13"},"PV":{"QR":"13","PQ":"13","QQ":"13","PR":"13"},"J5":{"Q8":"13","Q9":"13"},"RV":{"RW":"13","VV":"13","VW":"13"},"GC":{"V7":"13","93":"13","C3":"13"},"G9":{"9Q":"13","M6":"13","CP":"13","M9":"13","P6":"13","9P":"13"},"VW":{"RJ":"13"},"VR":{"R8":"13","9X":"13","R9":"13"},"R6":{"63":"13","H5":"13","G4":"13","G5":"13","53":"13","62":"13"},"Q7":{"98":"13","97":"13","C7":"13","C8":"13"},"4G":{"R8":"13","V7":"13","R7":"13","V8":"13"},"XV":{"93":"13","F7":"13"},"HM":{"26":"13","27":"13"},"WV":{"77":"13","78":"13"},"2R":{"RV":"13","QR":"13","RR":"13"},"W8":{"F5":"13","G5":"13","F6":"13","G6":"13"},"MM":{"3Q":"13","2Q":"13"},"VV":{"92":"13"},"W5":{"C6":"13","C7":"13"},"PW":{"RF":"13","XX":"13","XW":"13"},"MJ":{"9V":"13","8V":"13"},"JQ":{"J7":"13","J6":"13","H6":"13"},"G8":{"HJ":"13","GG":"13","GF":"13","HG":"13","JJ":"13"},"H7":{"RF":"13","RG":"13"},"FH":{"PW":"13","MW":"13"},"PM":{"4J":"13","4H":"13","5H":"13"},"FM":{"X6":"13","X7":"13"},"XP":{"R8":"13"},"MP":{"5C":"13","4C":"13"},"HH":{"29":"13","5M":"13","5P":"13"},"QR":{"W8":"13","W9":"13","V8":"13","V9":"13"},"M3":{"5J":"13","5M":"13","6M":"13","6J":"13"},"2V":{"7F":"13","6F":"13","6C":"13","7C":"13"},"JC":{"GF":"13","FC":"13","FF":"13","GC":"13"},"M9":{"97":"13","87":"13","MQ":"13","PQ":"13","GQ":"13"},"W7":{"G3":"13","G4":"13"},"XW":{"6F":"13","8Q":"13"},"W6":{"37":"13","7P":"13","8Q":"13","46":"13","47":"13","8P":"13"},"W4":{"FV":"13"},"VX":{"88":"13","89":"13"},"3F":{"9W":"13","9V":"13","8V":"13","8W":"13"},"GM":{"26":"13"},"C9":{"65":"13","66":"13"},"RC":{"C6":"13","F6":"13"},"M2":{"QR":"13","PQ":"13","QQ":"13","PR":"13"},"VQ":{"PP":"13","PQ":"13"},"HP":{"W9":"13"},"MQ":{"RV":"13","FV":"13","CW":"13","VV":"13","WV":"13","RR":"13","VR":"13","WR":"13","RQ":"13","FW":"13","WQ":"13","VQ":"13","CV":"13"},"6F":{"J5":"13"},"XR":{"VJ":"13","9P":"13","9M":"13","8P":"13"},"6G":{"PM":"13","PP":"13"},"MF":{"7J":"13"},"X2":{"WH":"13"},"67":{"3P":"13","4P":"13"}},"RR":{"V3":{"WH":"13","WG":"13"},"4F":{"GX":"13","GW":"13"},"FX":{"M9":"13","M8":"13"}},"CW":{"GM":{"JH":"13","JJ":"13"},"GP":{"MJ":"13","MH":"13"},"74":{"V2":"13"},"XQ":{"FH":"13","GH":"13"},"57":{"2X":"13"},"V8":{"CC":"13","FC":"13"},"47":{"4X":"13","4W":"13"},"27":{"P4":"13","M4":"13"},"73":{"VX":"13"},"VR":{"38":"13","37":"13"},"V7":{"R8":"13","Q8":"13","R9":"13","Q9":"13"},"2F":{"R8":"13","R9":"13","V8":"13","V9":"13"},"56":{"V7":"13","63":"13","V8":"13"},"22":{"8M":"13","8P":"13"},"X5":{"6M":"13","6P":"13"},"32":{"H6":"13"},"24":{"GH":"13"},"76":{"9X":"13","CX":"13"}},"XW":{"6M":{"H5":"13","H4":"13"},"MR":{"PH":"13","MH":"13"},"RC":{"3Q":"13","4Q":"13","3P":"13"}},"FV":{"HG":{"R9":"13","Q9":"13","RC":"13","QC":"13"},"V5":{"Q5":"13","Q6":"13"},"Q8":{"X4":"13"},"W2":{"QX":"13","QW":"13"},"HP":{"C6":"13"},"58":{"H2":"13","H3":"13","G2":"13"},"6C":{"54":"13","44":"13"},"XW":{"FR":"13","FQ":"13","GQ":"13","GR":"13"},"RG":{"RF":"13","RC":"13"},"2W":{"J4":"13","M4":"13"},"XP":{"X7":"13","X8":"13"},"WM":{"QF":"13","RF":"13","RC":"13","QC":"13"},"XH":{"6C":"13"},"X9":{"XG":"13"},"PG":{"P7":"13","Q7":"13"},"R8":{"32":"13"},"GV":{"JP":"13","HQ":"13","HP":"13","JQ":"13"},"W4":{"HG":"13"},"4Q":{"RC":"13"},"CW":{"5J":"13","5M":"13","6M":"13","6J":"13","7J":"13"},"PF":{"74":"13","64":"13"},"HM":{"36":"13","46":"13"},"WX":{"8V":"13","7V":"13","8R":"13"},"5F":{"68":"13"},"R7":{"3X":"13"},"RV":{"WQ":"13","VP":"13","VQ":"13","WP":"13"},"JV":{"FV":"13"},"JG":{"H5":"13","H4":"13"},"MX":{"33":"13"},"3J":{"CJ":"13","FH":"13","FG":"13","CH":"13","FJ":"13","FM":"13","CG":"13"},"WC":{"XP":"13","R3":"13","V3":"13"},"VH":{"8V":"13"},"55":{"M3":"13"}},"WP":{"R3":{"QM":"13","VC":"13","W9":"13","V8":"13","RM":"13","V9":"13"},"7H":{"GX":"13"},"5C":{"RQ":"13","QP":"13","RP":"13","QQ":"13"},"36":{"G7":"13","F7":"13"},"5J":{"4X":"13","4W":"13"},"CC":{"63":"13","73":"13","72":"13","64":"13","62":"13"},"HC":{"V7":"13","W7":"13","WC":"13"},"FC":{"75":"13","74":"13"},"8H":{"J7":"13","M6":"13","M7":"13","J6":"13"},"5G":{"MV":"13","JV":"13","JW":"13","PV":"13","MR":"13","PR":"13","MW":"13"},"FG":{"CQ":"13","CR":"13"},"2P":{"M2":"13","M3":"13","P3":"13","P2":"13"},"89":{"JV":"13","JR":"13"},"CH":{"G9":"13","H9":"13","HC":"13","GC":"13"},"H3":{"GP":"13","FQ":"13","GM":"13","FM":"13","GQ":"13","FP":"13"},"G2":{"37":"13"},"RP":{"XM":"13","XJ":"13"},"2M":{"MX":"13","PX":"13"},"7G":{"FH":"13","FJ":"13","GH":"13","GJ":"13"}},"RX":{"FR":{"JF":"13","X4":"13","X3":"13"},"2M":{"WH":"13","WG":"13"},"R8":{"XV":"13","WV":"13","WR":"13","XR":"13"},"4Q":{"98":"13","C8":"13"},"GR":{"83":"13","82":"13","93":"13","92":"13"},"CH":{"89":"13"},"GF":{"JP":"13","MP":"13","JM":"13"},"GH":{"5C":"13","59":"13","49":"13","4C":"13"},"55":{"8C":"13"}},"WM":{"H8":{"3P":"13","2P":"13"},"C5":{"H5":"13","H4":"13","G4":"13","H3":"13","G5":"13"},"9C":{"JR":"13","HR":"13"},"78":{"R8":"13"},"Q4":{"37":"13","47":"13","48":"13"},"HX":{"7Q":"13","6Q":"13","7P":"13","8Q":"13","8V":"13","7V":"13","7R":"13","8R":"13","8P":"13"},"3R":{"P5":"13","P6":"13"},"F6":{"RV":"13","VV":"13","RR":"13","VR":"13"},"PV":{"XM":"13","XJ":"13"},"65":{"HJ":"13","2G":"13","HM":"13"},"WM":{"4G":"13","4H":"13"},"4Q":{"PX":"13"},"QV":{"2J":"13","2M":"13"},"8J":{"QP":"13","PQ":"13","QQ":"13"},"3P":{"JJ":"13","MJ":"13","JM":"13"},"V7":{"JP":"13","HP":"13","JM":"13","HM":"13"},"QP":{"57":"13"},"JX":{"62":"13","XQ":"13","XP":"13","3H":"13","83":"13","92":"13","73":"13","82":"13","93":"13","72":"13"},"GQ":{"VP":"13","WP":"13"},"RR":{"W3":"13"},"2F":{"PG":"13","PH":"13","MH":"13","MG":"13"},"7F":{"3V":"13","3W":"13"},"R6":{"6X":"13","5X":"13"},"98":{"F2":"13"},"RP":{"G7":"13"},"99":{"FC":"13","F9":"13"},"4R":{"P2":"13"},"6F":{"23":"13","33":"13"},"F5":{"4F":"13","3G":"13","4G":"13","3F":"13"},"97":{"85":"13"},"JW":{"8V":"13","9X":"13","8X":"13","5W":"13","8W":"13","5X":"13","6W":"13","7W":"13","7X":"13","6X":"13","9W":"13"},"GF":{"QX":"13","PX":"13"},"JV":{"VF":"13","WF":"13"},"MV":{"QM":"13","QQ":"13","PG":"13","MF":"13","QF":"13","PF":"13","QC":"13","PQ":"13","M9":"13","MC":"13","QP":"13","RP":"13","P9":"13","PC":"13","JV":"13","MV":"13","PP":"13"},"88":{"HJ":"13","HM":"13"},"2Q":{"QW":"13","PW":"13"},"7Q":{"63":"13"},"96":{"QF":"13","QC":"13"},"5Q":{"XC":"13"}},"FP":{"JV":{"2Q":"13"},"WQ":{"R3":"13","Q3":"13"},"WP":{"JV":"13","JR":"13","HR":"13","HV":"13"}},"MG":{"M7":{"MX":"13","MW":"13"},"57":{"MX":"13","PX":"13","PW":"13","MW":"13"},"47":{"9J":"13","8J":"13"},"28":{"X5":"13","X4":"13"},"48":{"J7":"13","M7":"13","J6":"13"},"37":{"QJ":"13"},"HC":{"V7":"13","V8":"13"},"96":{"CH":"13","CG":"13"}},"JQ":{"GF":{"GX":"13","FX":"13"},"JX":{"59":"13","49":"13"},"QW":{"V4":"13","V5":"13"}},"9W":{"X3":{"HJ":"13","V8":"13","HM":"13","V9":"13"},"GP":{"QJ":"13","PJ":"13"},"PJ":{"M2":"13"},"P9":{"4F":"13","3X":"13","2X":"13","M9":"13","4C":"13"},"FQ":{"3C":"13","3F":"13"},"FX":{"M5":"13"},"X4":{"5F":"13"},"HM":{"54":"13","4F":"13","65":"13","55":"13","4C":"13"},"R7":{"GP":"13","FQ":"13","GQ":"13","FP":"13"},"8X":{"J3":"13"},"GW":{"9R":"13"},"JF":{"WR":"13","X9":"13","WQ":"13"},"X5":{"FV":"13","CV":"13"},"VJ":{"74":"13","64":"13"},"9W":{"3Q":"13","4Q":"13","3P":"13","C9":"13","F9":"13","4P":"13"},"PM":{"HR":"13"},"WM":{"HH":"13","GH":"13"},"HX":{"QX":"13"},"V7":{"VV":"13","97":"13","VW":"13","96":"13"},"PC":{"32":"13","22":"13"},"Q9":{"XF":"13","WF":"13"},"JG":{"PC":"13","PF":"13"},"JC":{"QW":"13"},"W6":{"H7":"13"},"PH":{"MX":"13"},"HP":{"69":"13","58":"13","59":"13","68":"13"},"HJ":{"CW":"13","FW":"13"},"MF":{"29":"13"},"JH":{"P5":"13","Q5":"13","CQ":"13"}},"RW":{"WG":{"8M":"13","CM":"13","9P":"13","9J":"13","9M":"13","8J":"13"},"QH":{"Q8":"13","P7":"13","P8":"13","Q7":"13"},"WH":{"84":"13","85":"13","75":"13","74":"13"},"XH":{"4J":"13","4M":"13"},"XJ":{"P5":"13","M5":"13","M6":"13","P7":"13","P6":"13","M7":"13"},"7V":{"CP":"13","CQ":"13"},"4W":{"G9":"13","H9":"13"},"VH":{"FV":"13","FW":"13"}},"VQ":{"H2":{"5W":"13","5V":"13"},"43":{"RV":"13","RW":"13","VV":"13","RR":"13","VR":"13","VW":"13"},"C3":{"27":"13"}},"RQ":{"63":{"XQ":"13","XR":"13"},"QM":{"83":"13","73":"13"}},"CV":{"2P":{"3V":"13","4R":"13","3R":"13","4V":"13"},"P6":{"P9":"13","PC":"13"},"2V":{"96":"13"},"2W":{"39":"13","38":"13"},"2M":{"66":"13","56":"13"},"9M":{"4X":"13","3X":"13"},"2X":{"67":"13","68":"13"},"V6":{"R4":"13"},"9P":{"32":"13","42":"13"},"2Q":{"38":"13","37":"13","27":"13"},"2R":{"4F":"13","3F":"13"},"6Q":{"J3":"13"}},"VR":{"88":{"23":"13","33":"13"},"6F":{"XP":"13","WP":"13"},"X2":{"2P":"13","2M":"13"}},"HR":{"QP":{"P5":"13","M5":"13","P4":"13","M4":"13"},"GH":{"9Q":"13","CQ":"13"},"R6":{"H7":"13"},"6J":{"4J":"13","3J":"13"},"MM":{"7H":"13","FH":"13","8H":"13","8J":"13"},"2H":{"XF":"13","WF":"13","WC":"13","XC":"13"},"9V":{"99":"13","89":"13"},"RG":{"7M":"13","7P":"13"},"2F":{"X6":"13"},"WM":{"GR":"13"},"XC":{"W2":"13","W3":"13","X2":"13","X3":"13"},"2G":{"97":"13","87":"13"},"FG":{"GR":"13","GV":"13"},"CV":{"7P":"13","6P":"13"},"GX":{"VF":"13","WF":"13"},"4X":{"V8":"13"},"GM":{"MQ":"13"},"4V":{"32":"13","33":"13"},"WH":{"M5":"13","M4":"13"},"GF":{"34":"13","32":"13","35":"13","22":"13"},"FW":{"97":"13","96":"13"}},"WC":{"R3":{"G8":"13","G7":"13","F7":"13"},"VJ":{"34":"13","54":"13","44":"13","25":"13","24":"13","35":"13"},"WG":{"9F":"13","8F":"13","9C":"13","8C":"13"},"Q9":{"45":"13"}},"WW":{"QW":{"5J":"13","6H":"13","6J":"13","5H":"13"},"27":{"8G":"13","7G":"13"}},"HX":{"Q3":{"W7":"13","W8":"13","X8":"13"},"4W":{"VG":"13","VH":"13"},"VW":{"8H":"13","PQ":"13"},"X8":{"H5":"13"},"XH":{"QM":"13","QP":"13"},"8F":{"2G":"13","2H":"13"},"WX":{"WF":"13","WG":"13"},"XV":{"89":"13","9C":"13","8C":"13"},"Q2":{"XV":"13","XW":"13"},"MC":{"8F":"13","8C":"13"},"53":{"42":"13","52":"13"},"R7":{"5C":"13","6C":"13"},"7C":{"7Q":"13","7P":"13","6P":"13"},"VV":{"QV":"13"},"WW":{"MV":"13","JV":"13"},"2M":{"XC":"13"},"F4":{"6G":"13"},"VG":{"25":"13"},"52":{"4X":"13","4W":"13","5W":"13","5X":"13"},"H6":{"XV":"13"},"P8":{"5P":"13","4P":"13"},"V4":{"VF":"13","WF":"13"},"V6":{"7Q":"13","6Q":"13","6R":"13","7R":"13"},"XW":{"X6":"13","9P":"13","8P":"13"},"W6":{"WW":"13"},"X7":{"4Q":"13","4R":"13"},"GF":{"CH":"13"},"2J":{"34":"13","44":"13","33":"13"},"6G":{"73":"13","74":"13"},"R2":{"2W":"13","2V":"13"}},"WR":{"Q4":{"R3":"13","R4":"13"},"X6":{"44":"13","43":"13"},"W5":{"QJ":"13"},"XQ":{"RV":"13"},"J8":{"7X":"13"}},"PF":{"R2":{"RV":"13"},"5P":{"63":"13","73":"13","54":"13","65":"13","74":"13","66":"13","64":"13","55":"13"},"4M":{"3Q":"13","3V":"13","74":"13","64":"13","2R":"13","2Q":"13","3R":"13"},"92":{"GG":"13","GF":"13"}},"GX":{"J2":{"X2":"13"},"9P":{"GF":"13","GC":"13"},"H8":{"39":"13","49":"13","4C":"13","3C":"13"},"C6":{"FQ":"13"},"H7":{"C4":"13"},"RG":{"MF":"13"},"P6":{"CX":"13"},"G9":{"38":"13"},"JJ":{"3P":"13","4P":"13"},"HJ":{"H5":"13","H4":"13","J4":"13","J6":"13","J5":"13","H6":"13"},"6J":{"2J":"13","2H":"13"},"JG":{"9Q":"13","CP":"13","9P":"13","CQ":"13"},"PQ":{"QJ":"13","PJ":"13"},"65":{"72":"13","82":"13"},"F5":{"VV":"13","WV":"13","VR":"13","WR":"13"},"RR":{"42":"13"},"GH":{"9F":"13","8G":"13","8F":"13","9G":"13"},"M2":{"34":"13","44":"13","43":"13","33":"13"},"FV":{"V7":"13","W7":"13","W8":"13","V8":"13"},"F2":{"3Q":"13","3P":"13","2Q":"13","RP":"13","RM":"13"},"52":{"C6":"13"},"HG":{"F5":"13","C5":"13"},"W7":{"32":"13","82":"13"},"JC":{"V8":"13"},"9W":{"R2":"13"},"J6":{"9Q":"13"},"GX":{"WH":"13","VG":"13","WG":"13","VH":"13"},"P5":{"5C":"13"},"76":{"QR":"13"},"GF":{"GX":"13"},"P7":{"C2":"13"},"GQ":{"QJ":"13","PJ":"13"},"27":{"GG":"13","GF":"13","FC":"13","FF":"13"},"PG":{"XV":"13","XW":"13"},"W6":{"3X":"13"},"64":{"7H":"13","6H":"13","6G":"13","8X":"13","7X":"13","7G":"13"},"9X":{"JP":"13","HQ":"13","HP":"13","MQ":"13","PQ":"13","MR":"13","PR":"13"},"FH":{"MC":"13"},"MP":{"WX":"13","WW":"13"},"F6":{"HW":"13","JW":"13","HX":"13","JX":"13"},"JV":{"PV":"13","QV":"13"},"VC":{"MV":"13"},"QJ":{"QG":"13"},"V7":{"VJ":"13","RJ":"13","VM":"13","RM":"13"},"2F":{"3H":"13"},"F9":{"7Q":"13","5F":"13"},"JM":{"38":"13"},"M7":{"95":"13","C5":"13"},"RH":{"2J":"13","2M":"13"},"75":{"MM":"13","PM":"13"},"G5":{"P3":"13","M4":"13","M3":"13","MJ":"13","PJ":"13","JJ":"13","P4":"13","PH":"13","MH":"13","JH":"13"}},"PR":{"8H":{"32":"13","23":"13","33":"13","22":"13"},"V8":{"C5":"13","C4":"13"},"FJ":{"HW":"13","HV":"13"},"J3":{"69":"13","79":"13","6C":"13","7C":"13"},"65":{"XV":"13","WV":"13","WW":"13","XW":"13"},"R8":{"Q5":"13","Q6":"13"},"F2":{"J7":"13","H7":"13","J6":"13","H6":"13"},"G2":{"QR":"13","RR":"13"},"7W":{"Q3":"13","Q2":"13"},"22":{"8M":"13","9J":"13","9M":"13","8J":"13"},"8M":{"75":"13","65":"13"},"7J":{"VG":"13","VF":"13","WF":"13","WG":"13"},"76":{"R3":"13","Q3":"13","Q2":"13","R2":"13"},"PP":{"MC":"13"}},"VX":{"J7":{"29":"13","39":"13","2C":"13","3C":"13"},"2F":{"CP":"13","CM":"13"},"C2":{"J2":"13","M2":"13"},"6R":{"FV":"13","FW":"13","GW":"13","HR":"13","GR":"13","HV":"13","GV":"13"},"5H":{"8Q":"13"}},"HP":{"GP":{"RG":"13","VG":"13"},"MP":{"Q2":"13","R2":"13"},"XC":{"J3":"13","J2":"13"},"VV":{"66":"13"},"PV":{"G2":"13"},"XP":{"58":"13","47":"13","57":"13"},"WP":{"Q3":"13","Q4":"13","P4":"13","P3":"13"},"PG":{"JP":"13","JM":"13"},"XJ":{"WF":"13","WC":"13"},"MM":{"QX":"13","RX":"13"},"RQ":{"7Q":"13","7P":"13","8Q":"13","8P":"13"},"PQ":{"J7":"13","M7":"13"},"PJ":{"8V":"13","7W":"13","7V":"13","8W":"13"},"JP":{"GW":"13"},"6R":{"WH":"13","XH":"13","XJ":"13","WJ":"13"},"RR":{"XG":"13"},"XR":{"J3":"13"},"PM":{"F8":"13","F9":"13"},"5V":{"C6":"13","F7":"13","C7":"13","F6":"13"},"XV":{"62":"13"},"3Q":{"26":"13"},"PP":{"69":"13","68":"13"},"2Q":{"X6":"13"},"RW":{"XM":"13","XJ":"13","WJ":"13","WM":"13"}},"RJ":{"XP":{"29":"13","2C":"13"},"RW":{"9Q":"13","8Q":"13","9R":"13","8R":"13"},"R5":{"W4":"13","W3":"13"},"M8":{"JC":"13","HC":"13"},"PV":{"HH":"13"},"PQ":{"H9":"13","J9":"13"},"WX":{"97":"13","96":"13"},"WP":{"XC":"13"}},"GQ":{"G6":{"C9":"13","F9":"13"},"H8":{"9F":"13","9G":"13"},"QW":{"8H":"13","9J":"13","9H":"13"},"HX":{"42":"13","52":"13","62":"13"},"Q4":{"8Q":"13"},"3X":{"HH":"13","GH":"13"},"VF":{"FQ":"13","FP":"13"},"RC":{"57":"13","56":"13"},"VW":{"V7":"13","W7":"13","W8":"13","V8":"13"},"V7":{"XM":"13","XJ":"13","WJ":"13","WM":"13"},"6R":{"FJ":"13","GJ":"13"},"RH":{"9Q":"13","8Q":"13","9R":"13"},"VG":{"WH":"13"},"6X":{"34":"13","33":"13"},"G8":{"R3":"13"},"95":{"VG":"13","VF":"13"},"G7":{"JV":"13","P2":"13"},"HW":{"6X":"13","5X":"13"}},"WH":{"R3":{"77":"13","67":"13"},"6Q":{"4V":"13"},"5P":{"QG":"13","QH":"13"},"49":{"5Q":"13","5R":"13"},"93":{"F8":"13","F7":"13"},"7W":{"MQ":"13"},"MR":{"PP":"13","QP":"13","PQ":"13"}},"GP":{"8M":{"C9":"13","C8":"13"},"RR":{"C6":"13","F7":"13","C7":"13","F6":"13"},"3P":{"42":"13"},"FC":{"G7":"13","F7":"13"},"RQ":{"54":"13"},"3M":{"4X":"13"},"JQ":{"QW":"13","CG":"13","PW":"13","9G":"13","CF":"13"},"2Q":{"G2":"13"},"WJ":{"VV":"13","WV":"13"},"CG":{"FF":"13"},"VH":{"XR":"13","C3":"13"},"PR":{"93":"13","92":"13"},"CF":{"Q3":"13"}},"XX":{"GX":{"RQ":"13","QP":"13","QQ":"13"},"74":{"X2":"13","X3":"13"},"8H":{"5Q":"13","6Q":"13","8V":"13","7W":"13","7V":"13","8X":"13","7X":"13","8W":"13"},"XX":{"8G":"13","8F":"13"},"CV":{"MX":"13"},"83":{"4G":"13","CH":"13","4H":"13","5H":"13","CG":"13","9H":"13","9G":"13"},"V3":{"7M":"13"},"R8":{"57":"13"},"5H":{"FV":"13","8V":"13"},"PQ":{"R2":"13"},"7H":{"F5":"13","F4":"13","C5":"13","C4":"13"},"94":{"29":"13","2C":"13"},"6W":{"R8":"13","R7":"13"},"FV":{"FQ":"13","CQ":"13"},"56":{"J3":"13","H4":"13","H3":"13","J4":"13"},"93":{"7H":"13","7M":"13","6M":"13","6H":"13","6J":"13","7J":"13","8J":"13"},"38":{"79":"13","7C":"13"},"QR":{"MF":"13"},"95":{"9F":"13","CC":"13","9C":"13","CF":"13"},"24":{"Q3":"13","Q4":"13","P4":"13","P3":"13"},"MX":{"FW":"13","GW":"13"},"PX":{"F5":"13","F4":"13","C5":"13","C4":"13"},"PP":{"RX":"13"},"84":{"23":"13","X9":"13","W8":"13","XC":"13","V8":"13","22":"13","V9":"13"},"RX":{"7M":"13","7P":"13"}},"RV":{"XW":{"CP":"13","CM":"13","9P":"13","9M":"13"}},"FR":{"Q6":{"3Q":"13","2P":"13","2Q":"13"},"P4":{"R3":"13","V3":"13"},"FP":{"H2":"13","J2":"13"},"65":{"2R":"13"},"WX":{"FH":"13","CH":"13","FJ":"13"},"Q2":{"HF":"13","GG":"13","GF":"13","HG":"13"},"8C":{"G3":"13","F3":"13","G4":"13","F4":"13"},"GJ":{"XH":"13","XJ":"13"},"H3":{"HJ":"13","XJ":"13"},"P2":{"38":"13","28":"13"},"PG":{"6F":"13","5C":"13","4F":"13","4C":"13","5F":"13","6C":"13"},"G4":{"W8":"13","X8":"13"},"X9":{"J8":"13","M8":"13","M7":"13"},"J3":{"2J":"13"},"77":{"F2":"13","G2":"13"},"M5":{"QG":"13"},"V2":{"QV":"13"},"FM":{"HX":"13","JX":"13"},"55":{"XR":"13"},"XX":{"RC":"13"},"C7":{"4V":"13"},"J6":{"H4":"13","H3":"13","68":"13","78":"13"},"97":{"GP":"13"},"G5":{"VG":"13","VF":"13","WF":"13","WG":"13"},"HJ":{"2J":"13","2H":"13"},"67":{"VV":"13","WV":"13","VR":"13","WR":"13","VW":"13","WW":"13"},"76":{"GX":"13","FX":"13","GR":"13","GV":"13"}},"W6":{"3Q":{"RX":"13","VX":"13"},"3R":{"R3":"13","V3":"13","R2":"13","V2":"13"}},"9X":{"58":{"QF":"13","PG":"13","PF":"13"},"MX":{"G7":"13"},"74":{"9F":"13","8F":"13","9C":"13","F4":"13","8C":"13","C4":"13"},"5G":{"JP":"13","HP":"13"},"7J":{"MX":"13","5P":"13","82":"13","6P":"13","92":"13","PX":"13"},"4G":{"RF":"13","RG":"13","VG":"13","VF":"13"},"6V":{"GP":"13","FQ":"13","GQ":"13","FP":"13"},"4H":{"F5":"13","F4":"13"},"6H":{"89":"13","82":"13","6J":"13","92":"13","79":"13","7J":"13","8C":"13","7C":"13"},"GV":{"QG":"13","QH":"13"},"5P":{"V7":"13","V6":"13"},"8Q":{"W8":"13","X8":"13"},"2R":{"35":"13"},"5R":{"MR":"13"},"5H":{"5Q":"13","C6":"13","97":"13","5P":"13","2R":"13","C7":"13","96":"13","7G":"13"},"QQ":{"WJ":"13"},"VV":{"4X":"13"},"H8":{"XX":"13"},"5J":{"F6":"13"},"G6":{"VG":"13"},"2W":{"37":"13","F8":"13","47":"13","MH":"13","C8":"13"},"JX":{"F5":"13"},"MV":{"RF":"13"},"FG":{"2Q":"13"},"2V":{"2H":"13"},"XW":{"MC":"13"},"4X":{"44":"13"},"8M":{"MV":"13"},"3M":{"QH":"13","PH":"13"},"4J":{"HW":"13","HV":"13","GV":"13"},"5X":{"RR":"13","P4":"13","M4":"13"},"67":{"6X":"13"},"69":{"69":"13","F5":"13","79":"13","F4":"13","68":"13","C4":"13","78":"13"},"66":{"4Q":"13","4R":"13"}},"HV":{"V3":{"8V":"13","7V":"13","7R":"13","8R":"13"},"5G":{"CM":"13","FM":"13","FP":"13"},"Q4":{"WG":"13"},"95":{"C2":"13","92":"13","C3":"13"},"G9":{"37":"13"},"VM":{"QJ":"13","QH":"13","M7":"13","MR":"13","PV":"13","QV":"13","PR":"13","QR":"13","MV":"13","P7":"13"},"33":{"7M":"13","6M":"13"},"X8":{"86":"13","76":"13","87":"13","77":"13"},"V8":{"JC":"13","M9":"13","J9":"13"},"35":{"F2":"13"},"6M":{"RH":"13","QF":"13","RF":"13","RC":"13"},"42":{"QG":"13"},"XM":{"72":"13","82":"13"},"Q2":{"9J":"13"},"XJ":{"8Q":"13","8R":"13","8X":"13","7X":"13"},"RM":{"RP":"13","VP":"13"},"2R":{"2P":"13","2Q":"13"},"R7":{"MF":"13","RH":"13","RJ":"13","VH":"13","PF":"13"},"VP":{"99":"13"},"W8":{"75":"13"},"VV":{"QJ":"13"},"RR":{"R5":"13"},"94":{"23":"13"},"29":{"CQ":"13","CR":"13"},"R5":{"87":"13","77":"13"},"J2":{"M9":"13","M8":"13","P9":"13","P8":"13"},"GQ":{"J7":"13","M6":"13","M7":"13","J6":"13"},"54":{"C9":"13","C8":"13"},"CC":{"7H":"13","8H":"13","7J":"13","8J":"13"},"WP":{"6F":"13","5G":"13","5F":"13"},"2J":{"R3":"13","V3":"13","R2":"13","V2":"13"},"QJ":{"48":"13"},"76":{"5G":"13","5F":"13"}},"MP":{"QJ":{"PV":"13","QW":"13","PW":"13","QV":"13"},"32":{"M5":"13","J5":"13"},"25":{"QP":"13"},"23":{"H8":"13","H7":"13"},"35":{"98":"13"},"VQ":{"9X":"13","9W":"13","8X":"13","8W":"13"},"27":{"JF":"13"}},"VH":{"9F":{"RF":"13"},"83":{"HH":"13","CM":"13"},"75":{"H7":"13"},"23":{"CG":"13","FF":"13","CF":"13"},"64":{"42":"13"},"52":{"FM":"13","FP":"13"},"9H":{"WR":"13","WQ":"13"},"8W":{"2R":"13","3R":"13"}},"PJ":{"H8":{"7M":"13","7P":"13","6M":"13","6P":"13"},"VQ":{"5Q":"13","4Q":"13","5P":"13","4P":"13"},"QJ":{"3V":"13","FR":"13","X7":"13","2V":"13","2W":"13","GV":"13","4Q":"13","3W":"13","FV":"13","GR":"13","2X":"13","5R":"13","GW":"13","4R":"13","FW":"13","5Q":"13"},"Q8":{"69":"13","89":"13","79":"13","68":"13","78":"13"},"M7":{"MX":"13","MW":"13"},"XC":{"WC":"13"},"R9":{"3J":"13","2J":"13","2H":"13","3H":"13"},"HJ":{"QX":"13","QW":"13","QV":"13"},"M2":{"XQ":"13","XR":"13"},"CQ":{"GP":"13","FM":"13","FP":"13"},"X7":{"G9":"13","G8":"13","F9":"13"},"R5":{"HQ":"13","GQ":"13","GR":"13"},"P8":{"Q6":"13","R7":"13","R6":"13"},"3X":{"8G":"13","8H":"13"},"WP":{"4R":"13","3R":"13"},"QF":{"MV":"13","F2":"13","F3":"13","JV":"13","JW":"13","C3":"13"},"8W":{"32":"13","22":"13"},"W9":{"8M":"13","CP":"13","9P":"13","9M":"13","8P":"13"},"R8":{"MQ":"13","PQ":"13","MR":"13","PR":"13"},"XG":{"5M":"13","4M":"13"},"J8":{"MX":"13","PP":"13","JX":"13"},"PJ":{"RG":"13","VG":"13","XW":"13"},"5X":{"J7":"13","M6":"13","M7":"13","J6":"13"},"QG":{"FQ":"13"},"RH":{"63":"13","73":"13"},"XR":{"FF":"13","CF":"13"},"7W":{"5J":"13","5M":"13"},"RF":{"F9":"13"},"RJ":{"26":"13","36":"13","37":"13","H9":"13","46":"13","56":"13","J9":"13","3W":"13","27":"13"},"VJ":{"86":"13","76":"13","87":"13","77":"13"},"5V":{"Q4":"13","R4":"13"},"JC":{"XX":"13","VW":"13","WX":"13","WW":"13","XW":"13","VX":"13"},"VP":{"H8":"13","H7":"13"},"P7":{"W4":"13","G5":"13","F6":"13","7X":"13","G6":"13"},"9W":{"59":"13"},"RM":{"3Q":"13","4Q":"13","4R":"13","3R":"13"}},"CR":{"W4":{"77":"13","5J":"13","6M":"13","5M":"13","87":"13","6J":"13","76":"13"},"W2":{"QX":"13","PX":"13","PW":"13"},"M8":{"QP":"13","PP":"13"},"GC":{"G2":"13"}},"JV":{"X8":{"63":"13","52":"13","53":"13","62":"13"},"XC":{"3J":"13","2J":"13","3M":"13"},"R9":{"HX":"13"},"HP":{"FJ":"13","GM":"13","FM":"13","FP":"13"},"2V":{"F3":"13","C3":"13"},"CM":{"V3":"13","W2":"13","V2":"13"},"QF":{"83":"13","73":"13","84":"13","85":"13","82":"13","93":"13","92":"13","95":"13","94":"13"},"VF":{"J4":"13","M4":"13"},"CP":{"PV":"13","QV":"13"},"6M":{"RQ":"13","QP":"13","RP":"13","QQ":"13"},"PF":{"RP":"13","RM":"13"},"3W":{"VJ":"13","VH":"13"},"VW":{"6F":"13","5F":"13"},"QC":{"GP":"13"},"5H":{"7P":"13"},"5G":{"49":"13"},"PJ":{"QP":"13","RP":"13"},"9M":{"CW":"13","FV":"13","FW":"13","CV":"13"},"5X":{"RQ":"13","RP":"13"},"5P":{"4J":"13","4H":"13"},"6W":{"R5":"13","V6":"13","W6":"13"},"VR":{"C8":"13"},"RF":{"R3":"13"},"J2":{"V7":"13","Q8":"13","P7":"13","P8":"13","V6":"13","Q7":"13"},"MV":{"CV":"13","CR":"13"},"6P":{"FR":"13","GR":"13"},"RX":{"54":"13","44":"13","43":"13","53":"13"},"V9":{"8M":"13","7M":"13","7P":"13","8P":"13"}},"VJ":{"8F":{"2F":"13","3C":"13","3F":"13"},"P9":{"FQ":"13","P9":"13","P8":"13","GQ":"13","GR":"13","Q9":"13"},"X9":{"FV":"13","FR":"13","CR":"13"},"WW":{"FV":"13","FR":"13","GR":"13","GV":"13"}},"WG":{"PV":{"V9":"13"},"9C":{"FV":"13","CW":"13","FW":"13","CV":"13"},"XQ":{"FV":"13"},"VR":{"8G":"13","8H":"13"},"XH":{"MX":"13","PX":"13","PW":"13","MW":"13"},"8F":{"QJ":"13","PJ":"13"},"WR":{"R8":"13","G4":"13","G5":"13"},"6X":{"X4":"13","X3":"13"},"5H":{"86":"13","85":"13","76":"13"},"8X":{"MV":"13","MR":"13"},"5M":{"WC":"13"},"RR":{"2P":"13"},"H7":{"V7":"13","W7":"13","W8":"13","V8":"13"},"W9":{"M9":"13","M8":"13"},"MV":{"2V":"13"},"J9":{"JQ":"13","MR":"13","JR":"13"},"94":{"W4":"13","W3":"13"},"JV":{"XV":"13"},"89":{"VM":"13"},"4M":{"69":"13","79":"13","78":"13"},"Q9":{"76":"13","66":"13"},"V6":{"RX":"13"},"JC":{"3J":"13","2J":"13","2H":"13","3H":"13"},"J2":{"FX":"13"},"FV":{"CV":"13"},"FF":{"6F":"13","5F":"13"}},"MM":{"GM":{"3Q":"13","4Q":"13"},"CQ":{"2P":"13","2Q":"13"},"P6":{"FH":"13","FG":"13","CH":"13","CG":"13"},"5W":{"89":"13","79":"13","8C":"13"},"6H":{"5Q":"13","MX":"13","5R":"13","JX":"13"},"W4":{"C6":"13","F6":"13","G6":"13"},"4Q":{"R6":"13","V6":"13","V5":"13"},"X2":{"RW":"13","RX":"13"},"7H":{"5Q":"13","6Q":"13","5R":"13","3V":"13","2W":"13","4W":"13","5P":"13","6P":"13","2V":"13","3W":"13"},"5R":{"C3":"13","C4":"13"},"7W":{"4X":"13","3X":"13","QP":"13","RP":"13"},"6J":{"J3":"13","H2":"13","J2":"13","M2":"13"},"7J":{"9G":"13"},"4X":{"2W":"13","2V":"13","68":"13","3W":"13"}},"JW":{"4W":{"5Q":"13","5R":"13","4Q":"13","4R":"13"},"FP":{"QF":"13","QG":"13"},"9P":{"F7":"13"},"33":{"W7":"13","X7":"13"},"72":{"J7":"13","J8":"13","M8":"13","M7":"13"},"3V":{"PH":"13"},"6M":{"RW":"13"},"6X":{"WH":"13","WG":"13"},"6R":{"V6":"13","V5":"13"},"WV":{"XX":"13","WX":"13"},"8Q":{"M6":"13","J6":"13"},"22":{"RQ":"13","RP":"13","VP":"13"},"QW":{"38":"13","37":"13","47":"13","48":"13"},"8R":{"8M":"13","9M":"13"},"WW":{"Q3":"13","Q4":"13","W2":"13","X2":"13","P4":"13","P3":"13"},"9V":{"C6":"13","96":"13"},"7V":{"FR":"13","GR":"13"},"52":{"9Q":"13","9P":"13"},"9W":{"73":"13","HH":"13","GH":"13","GJ":"13"},"5W":{"QR":"13","46":"13","56":"13","QQ":"13"},"2Q":{"77":"13"},"PM":{"M8":"13","P8":"13"},"CR":{"3P":"13","2P":"13"},"25":{"H2":"13","J2":"13"},"JV":{"83":"13","73":"13","72":"13","82":"13"},"3Q":{"PV":"13","QV":"13"},"GX":{"HH":"13","M9":"13","JH":"13","P9":"13","HG":"13","PC":"13","JG":"13"},"J7":{"G9":"13","CC":"13","FC":"13","F9":"13","GC":"13"},"4X":{"PJ":"13","MJ":"13"},"9R":{"4W":"13","4V":"13"},"F6":{"QH":"13"},"97":{"7Q":"13","6Q":"13","7P":"13","6P":"13"},"VQ":{"G2":"13"},"5X":{"GX":"13","HX":"13","FX":"13","HR":"13","GV":"13","MW":"13","GR":"13","JX":"13","HV":"13","GW":"13","JW":"13","JV":"13","MX":"13","JR":"13","HW":"13"},"R3":{"MM":"13","JM":"13"},"7X":{"CW":"13","CX":"13"}},"P9":{"RW":{"55":"13","56":"13"}},"XM":{"MV":{"QX":"13","QW":"13"},"W5":{"J3":"13","M3":"13"},"3P":{"XR":"13"},"X2":{"7Q":"13","6Q":"13"},"2Q":{"HJ":"13","HM":"13"},"62":{"58":"13","59":"13","49":"13","48":"13"}},"MW":{"9F":{"5V":"13"},"MX":{"PX":"13"},"26":{"HQ":"13","JQ":"13"},"HQ":{"X8":"13"},"3X":{"R7":"13"},"87":{"H9":"13","JC":"13","HC":"13","J9":"13"},"82":{"7P":"13","8P":"13"},"JJ":{"J8":"13"},"3C":{"FJ":"13"},"9H":{"96":"13"},"4V":{"QX":"13","QW":"13","PX":"13","PW":"13"}},"XC":{"3X":{"V7":"13","R7":"13","W7":"13","R6":"13","W8":"13","V6":"13","V8":"13","W6":"13"}},"QJ":{"58":{"4Q":"13"},"63":{"J3":"13","VX":"13"},"83":{"4M":"13","4P":"13"},"9C":{"6V":"13","7V":"13"},"95":{"84":"13","94":"13"},"H2":{"7M":"13","QP":"13","PP":"13","PQ":"13","7J":"13","QQ":"13"},"38":{"Q5":"13","Q6":"13"},"33":{"2J":"13","2H":"13"},"C8":{"8X":"13"},"PR":{"2X":"13"},"H4":{"MM":"13","MJ":"13"},"88":{"8V":"13","M8":"13","8R":"13","J8":"13","M9":"13","3F":"13","J9":"13","2F":"13"},"XM":{"84":"13","85":"13","75":"13","74":"13"},"86":{"H7":"13"},"C4":{"76":"13","66":"13"},"4C":{"V4":"13","R4":"13"},"P6":{"8Q":"13","8R":"13"},"78":{"7F":"13"},"H8":{"GF":"13","FC":"13","FF":"13","GC":"13"},"79":{"XC":"13"},"24":{"V7":"13","W7":"13","W6":"13"},"F4":{"F7":"13","F6":"13"},"G6":{"PP":"13","PQ":"13"},"PM":{"RR":"13","VR":"13"},"F2":{"4J":"13","4M":"13"},"77":{"7C":"13"},"43":{"2R":"13","3R":"13"},"82":{"HR":"13","HV":"13"},"F3":{"M8":"13","M7":"13","WM":"13"},"96":{"VG":"13"},"F6":{"42":"13"},"97":{"J8":"13","2F":"13","2G":"13","J9":"13"},"39":{"HC":"13"},"P3":{"8H":"13","9H":"13"},"23":{"XH":"13","XJ":"13"},"XR":{"PG":"13","PH":"13"},"R3":{"5Q":"13","5P":"13"},"66":{"F4":"13"},"76":{"7R":"13"},"JJ":{"QJ":"13"}},"QP":{"62":{"8R":"13"},"GP":{"9Q":"13","9R":"13","CQ":"13","CR":"13"},"95":{"27":"13"},"VM":{"8Q":"13","8P":"13"},"87":{"HJ":"13","GM":"13","GJ":"13"},"WV":{"29":"13"},"RJ":{"MX":"13"},"2H":{"XM":"13"},"VV":{"38":"13","37":"13"},"79":{"J7":"13"},"VJ":{"66":"13"},"WQ":{"4J":"13","5J":"13","5M":"13","4M":"13"},"3H":{"5G":"13","2J":"13","2M":"13","5F":"13"},"HH":{"74":"13"},"WJ":{"RV":"13","QR":"13","RR":"13"},"CX":{"9X":"13","9W":"13"},"6C":{"5G":"13","5H":"13"},"8M":{"H5":"13"},"WG":{"4J":"13","4H":"13","V8":"13"},"WH":{"QG":"13","QH":"13"}},"V7":{"XX":{"MF":"13","PG":"13","9P":"13","PF":"13","MG":"13"},"M4":{"P4":"13","P3":"13"},"4P":{"Q2":"13","P2":"13"}},"WF":{"9F":{"H8":"13","G8":"13","G7":"13","H7":"13"},"5C":{"6C":"13"},"38":{"R8":"13","R9":"13"},"37":{"C2":"13","C3":"13"},"PM":{"74":"13"},"XX":{"P5":"13","P4":"13"},"77":{"RH":"13","QH":"13"},"FM":{"XX":"13"},"VP":{"HW":"13","JV":"13","JW":"13","HV":"13"},"RC":{"5J":"13","5M":"13","5P":"13","6P":"13"}},"C7":{"87":{"R7":"13"}},"VW":{"WR":{"H5":"13","J6":"13","J5":"13","H6":"13"},"XQ":{"23":"13","22":"13"},"HJ":{"JH":"13","MH":"13"},"VV":{"3Q":"13","5C":"13","F3":"13","39":"13","W2":"13","W3":"13","5M":"13","5P":"13","4R":"13","49":"13","6M":"13","6P":"13","X3":"13","4C":"13","3C":"13","F4":"13","C3":"13","3R":"13","C4":"13"},"2C":{"F8":"13","C8":"13"},"6H":{"GR":"13","HV":"13","GV":"13"},"WP":{"C2":"13","92":"13"},"VF":{"RF":"13","R9":"13","VC":"13","RC":"13","QC":"13"},"CP":{"P6":"13"},"5H":{"Q8":"13","Q7":"13"},"PJ":{"VG":"13","WF":"13","WG":"13"},"JM":{"WX":"13","VX":"13"},"27":{"29":"13","39":"13","2C":"13","3C":"13"},"WQ":{"X2":"13","X3":"13"},"2F":{"P7":"13","M8":"13","P8":"13","M7":"13"},"26":{"V3":"13","V4":"13"},"VH":{"QP":"13","PQ":"13","QQ":"13"},"6Q":{"RF":"13","VF":"13"}},"PC":{"RQ":{"GH":"13"},"WP":{"54":"13","55":"13"}},"VV":{"8H":{"FV":"13","FW":"13","GW":"13","GV":"13"}},"QX":{"QW":{"QM":"13","RM":"13"},"PW":{"FC":"13","FF":"13"},"MQ":{"MX":"13","JX":"13","M2":"13","P2":"13"},"QM":{"XF":"13","WC":"13","XC":"13"},"MH":{"5Q":"13","3Q":"13","5R":"13","JF":"13","4Q":"13","3P":"13","JC":"13","5P":"13","4R":"13","4P":"13"},"WJ":{"GP":"13","GQ":"13"},"C5":{"V3":"13"},"XR":{"3G":"13","9C":"13","3H":"13","8C":"13"},"R9":{"7F":"13","6F":"13","8G":"13","6G":"13","7G":"13"},"RM":{"6X":"13","5X":"13","2G":"13","8X":"13","7X":"13"},"F3":{"GG":"13","GF":"13","FC":"13","FH":"13","FG":"13","FJ":"13","GH":"13","GJ":"13","FF":"13"},"QQ":{"FF":"13","9C":"13","FG":"13","8G":"13","9F":"13","CF":"13","GV":"13","8F":"13","FC":"13","8C":"13","HV":"13","CC":"13","99":"13","GW":"13","CG":"13","9G":"13","HW":"13"},"PM":{"M5":"13","M6":"13"},"9V":{"WH":"13","XH":"13","XJ":"13","WJ":"13"},"RP":{"7W":"13","7V":"13"},"XH":{"C2":"13","G7":"13","H7":"13","H6":"13","G6":"13"},"XG":{"FX":"13","CX":"13"},"FX":{"6V":"13","5W":"13","6W":"13"},"JR":{"GP":"13","HP":"13","MR":"13","JM":"13","JP":"13","MQ":"13","GQ":"13","JQ":"13","JV":"13","MV":"13","HQ":"13"},"H2":{"2C":"13","2F":"13","2G":"13"},"MR":{"QJ":"13","RH":"13","CJ":"13","QH":"13","RJ":"13","CM":"13","FJ":"13","J2":"13","M2":"13","FM":"13"},"3H":{"5M":"13","4M":"13"},"9C":{"R8":"13","Q8":"13"},"G2":{"XF":"13"},"G3":{"Q3":"13","Q4":"13","V4":"13","R4":"13"},"RR":{"3V":"13","9R":"13","9W":"13","9V":"13","8V":"13","7V":"13","7W":"13","8R":"13","8W":"13"},"7C":{"86":"13","96":"13"},"RX":{"H2":"13","J2":"13"},"MG":{"PM":"13"},"RW":{"MX":"13","HW":"13","JW":"13","HX":"13","JX":"13","MW":"13"},"RQ":{"G7":"13"},"CV":{"H2":"13"},"7X":{"JV":"13","JR":"13","HR":"13","HV":"13"},"72":{"HJ":"13","GM":"13","GJ":"13","HM":"13"},"HX":{"RF":"13","G9":"13","VF":"13","FC":"13","VC":"13","F9":"13","RC":"13","GC":"13"},"C3":{"V2":"13"},"PF":{"6X":"13","39":"13","5X":"13","59":"13","49":"13","4C":"13"},"PR":{"8G":"13","58":"13","59":"13","47":"13","45":"13","48":"13","37":"13","44":"13","38":"13","55":"13","6Q":"13","54":"13"},"76":{"MF":"13"},"VX":{"H5":"13","H4":"13"},"HP":{"HX":"13","PF":"13","QC":"13","M9":"13","MC":"13","JX":"13","P9":"13","PC":"13","JW":"13","Q9":"13","HW":"13"},"C2":{"MP":"13","HP":"13","HJ":"13","QM":"13","MJ":"13","MM":"13","PJ":"13","JM":"13","HM":"13","JJ":"13","JP":"13","PM":"13","PP":"13"},"WH":{"WX":"13"},"PG":{"62":"13","43":"13","65":"13","73":"13","53":"13","64":"13","52":"13","42":"13","72":"13","32":"13","63":"13","54":"13"},"XX":{"3M":"13","4M":"13"},"RV":{"7Q":"13","7R":"13"},"HV":{"XG":"13","3J":"13","3G":"13","2J":"13","2G":"13","XH":"13","2H":"13","3H":"13"},"MP":{"4F":"13","5G":"13","4G":"13","5F":"13"},"PJ":{"9X":"13","W8":"13","3V":"13","XC":"13","V8":"13","5W":"13","3X":"13","CV":"13","VC":"13","X9":"13","W9":"13","W4":"13","CW":"13","3W":"13","4V":"13","5X":"13","XF":"13","W3":"13","9V":"13","X4":"13","4W":"13","X3":"13","WC":"13","4X":"13","WF":"13","9W":"13","V9":"13"},"JV":{"XV":"13","XX":"13","2J":"13","2G":"13","2H":"13","XW":"13"},"MM":{"H8":"13","H7":"13","M7":"13","J7":"13","M6":"13","J8":"13","J6":"13","H6":"13","G8":"13","G7":"13"},"XM":{"7W":"13","7X":"13"},"2W":{"6C":"13"},"QJ":{"2C":"13","2F":"13","25":"13","24":"13"},"QP":{"42":"13","52":"13"},"F9":{"63":"13"},"VV":{"QJ":"13","RJ":"13","RM":"13"},"XP":{"52":"13"},"M7":{"FJ":"13","FM":"13"},"MV":{"78":"13","6C":"13","68":"13","2W":"13","6F":"13","69":"13","79":"13","7C":"13"}},"XP":{"FV":{"7X":"13"},"3V":{"83":"13","93":"13","92":"13"},"4W":{"MF":"13","JG":"13","MG":"13"},"5J":{"78":"13"},"4V":{"3P":"13","3M":"13"}},"XJ":{"P5":{"6Q":"13","6P":"13"},"68":{"QJ":"13","RJ":"13"},"5J":{"QF":"13","RF":"13","RC":"13","QC":"13"},"J7":{"RH":"13","QG":"13","RG":"13","QH":"13"},"34":{"6X":"13","5W":"13","5X":"13","6W":"13"},"7H":{"4M":"13","4P":"13"},"RH":{"R3":"13","V3":"13","V4":"13","W3":"13","R4":"13"},"7X":{"XQ":"13","WQ":"13","WP":"13"},"F5":{"Q3":"13","Q4":"13","P4":"13","P3":"13"},"87":{"6V":"13","6R":"13","7V":"13","7R":"13"},"CJ":{"R8":"13","R9":"13","V8":"13","RC":"13","V9":"13"},"4X":{"FC":"13","F9":"13"},"RW":{"98":"13","97":"13","9H":"13"},"96":{"VV":"13","WV":"13","VR":"13","WR":"13"},"CX":{"2W":"13","3W":"13"}},"PX":{"HP":{"4X":"13","4W":"13","5X":"13"},"29":{"5G":"13","4G":"13"},"92":{"HR":"13"},"JX":{"4W":"13","5W":"13","5V":"13","4V":"13"},"G4":{"7J":"13"},"MX":{"69":"13","6C":"13"},"RW":{"GG":"13","HG":"13"},"Q3":{"PH":"13","MH":"13"},"RM":{"RH":"13","VH":"13"}},"HQ":{"P4":{"9F":"13"},"63":{"QW":"13","QV":"13"},"3X":{"82":"13"},"Q4":{"CW":"13","9W":"13"},"H2":{"5J":"13"},"G9":{"2M":"13"},"X8":{"MX":"13"},"C5":{"XG":"13","XH":"13"},"8F":{"PG":"13","MG":"13"},"H4":{"9F":"13","J3":"13","H2":"13","8G":"13","H3":"13","J2":"13","9G":"13"},"35":{"PQ":"13","QQ":"13"},"C4":{"R3":"13","Q3":"13","Q2":"13","CP":"13","CM":"13"},"MM":{"PP":"7","PQ":"7","QQ":"7"},"2H":{"PP":"13","PQ":"13"},"J4":{"57":"13"},"P2":{"C7":"13"},"F4":{"X7":"13","X8":"13"},"H5":{"QR":"13","PR":"13","QV":"13"},"H7":{"GX":"13"},"G4":{"MF":"13","29":"13","PG":"13","JF":"13","PF":"13","MG":"13","28":"13","27":"13"},"M5":{"98":"13","C8":"13"},"G3":{"9C":"13","C9":"13","FC":"13","8C":"13","99":"13","CC":"13","89":"13"},"3H":{"X6":"13","XF":"13","WF":"13","XC":"13"},"G7":{"3X":"13"},"M3":{"M5":"13"},"F6":{"G3":"13","F3":"13"},"G5":{"CP":"13","9P":"13"},"2J":{"JF":"13","JG":"13"},"64":{"R7":"13","R6":"13"},"67":{"92":"13"}},"RH":{"GP":{"F4":"13"},"HH":{"QR":"13"},"FF":{"X8":"13"},"9C":{"57":"13"},"MG":{"FJ":"13","FM":"13"},"57":{"P7":"13","M7":"13"},"WH":{"CQ":"13"},"M8":{"G2":"13"},"HJ":{"V7":"13","R7":"13","R6":"13","V6":"13"},"P3":{"RV":"13","VV":"13"},"CF":{"MJ":"13"},"6C":{"39":"13","38":"13"},"MJ":{"W4":"13","W3":"13","X4":"13","X3":"13"},"2M":{"22":"13"},"C9":{"5Q":"13","6Q":"13","5M":"13","5P":"13","6P":"13"},"83":{"58":"13","59":"13","48":"13"},"25":{"GF":"13","FC":"13","GC":"13"},"GG":{"PG":"13","RX":"13","VX":"13"},"66":{"2C":"13","2F":"13"},"37":{"C2":"13","92":"13"},"36":{"9X":"13","CX":"13"},"97":{"C8":"13"},"GF":{"28":"13"},"PM":{"8G":"13","8H":"13","9G":"13"},"9G":{"Q6":"13","Q7":"13"},"GH":{"R2":"13","V2":"13"},"PH":{"RM":"13"},"9J":{"XH":"13"},"VH":{"6P":"13"},"CJ":{"2H":"13"},"GJ":{"GX":"13","HX":"13"},"Q3":{"CQ":"13"},"P7":{"9Q":"13","9R":"13","CQ":"13","CR":"13"}},"MV":{"C6":{"X5":"13","X4":"13"},"3R":{"QW":"13"},"3X":{"26":"13","25":"13"},"F2":{"5M":"13","5P":"13","6M":"13","6P":"13"},"5M":{"FR":"13","FQ":"13","GQ":"13","GR":"13"},"5G":{"QF":"13","QG":"13","PG":"13","PF":"13"},"8J":{"3X":"13","2X":"13","3W":"13"},"27":{"54":"13","55":"13"},"37":{"JV":"13","JR":"13"},"56":{"W5":"13","X5":"13"},"JF":{"8V":"13","8W":"13"},"6V":{"W4":"13","W5":"13"},"72":{"P2":"13"},"55":{"M2":"13","P2":"13"},"2R":{"CC":"13","C9":"13"},"54":{"MX":"13","PX":"13","PW":"13","MW":"13"}},"VF":{"9X":{"5C":"13","69":"13","59":"13","6C":"13"},"8G":{"XX":"13","WX":"13"},"VC":{"QF":"13"},"W3":{"5W":"13","5X":"13","6W":"13"},"JP":{"X6":"13","W5":"13","X5":"13","W7":"13","W6":"13"},"9Q":{"Q5":"13","R5":"13","Q6":"13"},"X4":{"C8":"13"},"X5":{"FV":"13","FR":"13","FW":"13","GW":"13","GR":"13","GV":"13"},"GW":{"Q5":"13","R5":"13","R6":"13","V6":"13","V5":"13"},"JH":{"CJ":"13","CM":"13"},"X3":{"5Q":"13","3Q":"13","5R":"13","4Q":"13","4R":"13","3R":"13"},"HQ":{"HG":"13","JG":"13"}},"PV":{"93":{"23":"13"},"F4":{"JJ":"13","MJ":"13"},"J6":{"QF":"13","QG":"13","PF":"13"},"VX":{"8X":"13","7X":"13"}},"MF":{"RW":{"3V":"13","2V":"13","3W":"13"},"FQ":{"2J":"13"},"3X":{"G7":"13","F7":"13"},"9R":{"GH":"13","GJ":"13"},"PV":{"WQ":"13","WP":"13"},"CQ":{"VM":"13","VP":"13","WM":"13","WP":"13"}},"HW":{"RV":{"VJ":"13","VH":"13"},"RW":{"F2":"13"},"39":{"RH":"13","VJ":"13","RJ":"13","VH":"13"},"FQ":{"8M":"13","9J":"13","9M":"13","8J":"13"},"VG":{"RG":"13"},"JW":{"8G":"13"},"25":{"63":"13","53":"13"},"2P":{"9F":"13","CC":"13","CM":"13","9M":"13","CF":"13"},"24":{"6X":"13","FC":"13","5W":"13","5X":"13","6W":"13"},"93":{"55":"13","56":"13"},"47":{"GM":"13","JR":"13","HR":"13"},"3C":{"CJ":"13","9J":"13","9H":"13"},"WJ":{"86":"13"},"VC":{"F2":"13","C2":"13"},"48":{"6C":"13","WP":"13","WM":"13","VM":"13","7F":"13","RP":"13","6F":"13","7C":"13","VP":"13","RM":"13"},"V9":{"CX":"13"},"G6":{"5Q":"13"}},"JP":{"9M":{"WQ":"13","WP":"13"},"9P":{"VX":"13"},"GG":{"FX":"13"},"R6":{"HF":"13","GF":"13"},"X4":{"XQ":"13","WQ":"13","VQ":"13","WP":"13"},"P5":{"H5":"13","J6":"13","J5":"13","H6":"13"},"9H":{"HJ":"13","HH":"13","JH":"13","JJ":"13"},"3R":{"FC":"13","FF":"13"},"2R":{"C6":"13","F5":"13","F6":"13","C5":"13"},"9G":{"FH":"13","FG":"13","CH":"13","CG":"13"},"2H":{"7W":"13"},"JM":{"MH":"13"},"8J":{"Q7":"13"},"2Q":{"R8":"13","R9":"13","V8":"13","V9":"13"},"CR":{"HH":"13"},"J9":{"FV":"13","FW":"13"},"FM":{"44":"13","43":"13","H7":"13"},"CG":{"3Q":"13","4Q":"13","4R":"13","3R":"13"},"9F":{"69":"13","68":"13"},"CJ":{"V7":"13","V6":"13"},"FJ":{"RF":"13","QF":"13","QG":"13","RG":"13"},"FR":{"8J":"13"},"7M":{"26":"13"},"4R":{"P5":"13"},"2J":{"5C":"13","59":"13","49":"13","2R":"13","4C":"13"},"4Q":{"9R":"13","9V":"13"},"MR":{"6J":"13"},"69":{"C4":"13"},"2P":{"W4":"13","V4":"13"}},"XF":{"F7":{"PG":"13","MG":"13"},"RQ":{"GG":"13","GF":"13"},"95":{"HH":"13","HG":"13"},"6V":{"66":"13","57":"13","56":"13","67":"13"},"PR":{"7Q":"13","8Q":"13","7R":"13","W9":"13","8R":"13"},"CH":{"QJ":"13","QM":"13","RJ":"13","RM":"13"},"9H":{"Q3":"13"},"GV":{"VG":"13","VF":"13"},"46":{"W5":"13","W6":"13"},"22":{"XG":"13","XF":"13"},"QQ":{"WR":"13","WQ":"13"},"45":{"46":"13","45":"13"},"79":{"H5":"13","H6":"13"},"WQ":{"7Q":"13","6Q":"13"},"W9":{"GF":"13"},"MV":{"Q3":"13","Q4":"13","29":"13"},"94":{"H2":"13"},"93":{"MX":"13","HX":"13"},"PC":{"7M":"13","7J":"13"},"44":{"F2":"13","G3":"13","F3":"13","G2":"13"},"75":{"H2":"13"},"32":{"2F":"13","2G":"13"},"QR":{"C2":"13","C3":"13"},"2V":{"48":"13"},"CJ":{"HF":"13","GF":"13","HC":"13"},"54":{"H5":"13","H6":"13"},"M2":{"HQ":"13","MQ":"13","PQ":"13","MR":"13","PR":"13","HR":"13"},"VQ":{"75":"13","65":"13","76":"13","66":"13","MQ":"13","MR":"13"}}}}