{"index":{"university,1|retail,2|tourism,3|wreck,4|historical,5|artsCulture,6|namedBuilding,7|water,8|wetland,9|park,10|beach,11|natureReserve,12|cemetery,13|trail,14":{}},"77":{"J2":{"6W":{"RF":"13","RC":"13","QC":"13"},"F7":{"79":"13","78":"13"},"9C":{"9F":"13","9C":"13"},"FC":{"RV":"13","QV":"13"},"47":{"4C":"13"},"GG":{"6H":"13","6G":"13","5H":"13"},"C2":{"7F":"13","6F":"13","3C":"13","6C":"13","7C":"13"},"6M":{"J7":"13","H7":"13"},"88":{"5Q":"13","7H":"13","5R":"13","4Q":"13","8H":"13"},"42":{"X8":"13"},"8Q":{"M4":"13"},"6P":{"WJ":"13"},"7H":{"7V":"13","7R":"13"},"5R":{"9R":"13","9V":"13","8V":"13","8R":"13","5F":"13"},"9G":{"47":"13"},"J4":{"7Q":"13","FC":"13"},"P2":{"G3":"13","H3":"13"},"24":{"VR":"13"},"52":{"28":"13"},"2W":{"J8":"13","H8":"13"},"J3":{"C6":"13","RX":"13","VX":"13"},"5W":{"28":"13","27":"13"},"77":{"46":"13"},"7G":{"Q7":"13"},"P8":{"23":"13"},"G7":{"6R":"13","7R":"13"},"3F":{"GP":"13","FQ":"13","GQ":"13","FP":"13"},"G5":{"VJ":"13"},"3G":{"7F":"13","6F":"13","6G":"13","7G":"13"},"7M":{"2C":"13"},"4J":{"P9":"13"},"2J":{"5M":"13"},"6F":{"G9":"13"},"4Q":{"43":"13"},"66":{"9R":"13","CR":"13"},"2P":{"2R":"13","2V":"13"}},"8V":{"QR":{"WC":"13","W9":"13"},"PQ":{"XH":"13"},"QQ":{"MV":"13","WR":"13"}},"9P":{"X2":{"CV":"13"}},"H3":{"V4":{"HR":"13"},"GX":{"J3":"13","M3":"13"},"FM":{"CP":"13"},"HP":{"99":"13"},"P5":{"XQ":"13","XR":"13"},"CW":{"V6":"13"},"JM":{"3Q":"13","2Q":"13"},"WQ":{"76":"13"},"MQ":{"MV":"13"},"W7":{"W4":"13","W5":"13","V5":"13"},"GQ":{"32":"13","33":"13"},"R6":{"RF":"13","VF":"13","VC":"13","RC":"13"},"RV":{"XH":"13","XJ":"13"},"P9":{"3C":"13"},"WJ":{"8G":"13"},"7V":{"46":"13","45":"13"},"PC":{"MV":"13","MW":"13"},"FW":{"7F":"13"},"RX":{"78":"13"}},"G8":{"X8":{"3G":"13","3F":"13"}},"5X":{"Q3":{"RG":"13"},"W4":{"54":"13"},"Q2":{"23":"13","22":"13"},"V4":{"42":"13","52":"13"},"W3":{"VP":"13","VQ":"13"},"X2":{"W4":"13","X2":"13","X3":"13","GV":"13"},"R4":{"93":"13","94":"13"},"X3":{"W8":"13"},"P2":{"QR":"13","PR":"13","HV":"13"}},"38":{"CW":{"FJ":"13","FM":"13"},"7M":{"FQ":"13","FP":"13"},"4X":{"8W":"13"},"7P":{"RP":"13","RM":"13"},"75":{"2C":"13"},"6H":{"8X":"13"},"6G":{"4Q":"13"},"6C":{"QQ":"13"},"7X":{"8Q":"13"}},"3R":{"34":{"VP":"13","VQ":"13"},"54":{"47":"13"},"44":{"VG":"13","WG":"13","CX":"13"},"32":{"QJ":"13","9F":"13","QX":"13","8G":"13","QH":"13","8Q":"13","8F":"13","2J":"13","RX":"13","2H":"13","8P":"13"},"25":{"VF":"13"},"23":{"43":"13","53":"13","VQ":"13"},"24":{"QJ":"13","PM":"13","QM":"13"},"45":{"C2":"13"},"43":{"3C":"13","3F":"13"},"33":{"G3":"13","F3":"13","3V":"13","8G":"13","G4":"13","46":"13","3R":"13","7G":"13"}},"F4":{"XP":{"P4":"13"},"WR":{"C6":"13"},"XH":{"FH":"13","CH":"13"},"W8":{"XP":"13","XQ":"13"},"WM":{"49":"13","6H":"13","5H":"13"},"X8":{"2Q":"13"}},"G6":{"J2":{"55":"13","45":"13"},"35":{"PQ":"13","PR":"13"},"5V":{"Q2":"13","P2":"13"},"H3":{"87":"13"},"7H":{"76":"13"},"MQ":{"44":"13","45":"13"},"93":{"8H":"13","9H":"13","8J":"13"},"25":{"P5":"3","M5":"3","M6":"3|13","P7":"13","P6":"3","P4":"3","M7":"13"},"62":{"29":"13","2C":"13","2F":"13"},"3V":{"65":"13","66":"13","55":"13","56":"13"},"W5":{"H9":"13","52":"13","62":"13"},"M6":{"5G":"13","4G":"13"},"7W":{"PW":"13"},"G4":{"C2":"13"},"Q4":{"4G":"13","4H":"13"},"9C":{"HV":"13"},"G2":{"G9":"13","F9":"13"},"7C":{"H5":"13","H4":"13"},"CG":{"8H":"13","8J":"13"},"83":{"HJ":"13"},"F2":{"5M":"13"},"52":{"XC":"13"},"9F":{"X8":"13"},"R7":{"RH":"13"},"FP":{"97":"13","C7":"13","96":"13"},"MG":{"MP":"13","MQ":"13","PQ":"13"},"R2":{"QW":"13","QV":"13"},"82":{"X2":"13","X3":"13"},"HR":{"R9":"13","V9":"13"},"R4":{"WQ":"13","VP":"13","WP":"13"},"X5":{"F8":"13","F9":"13"},"57":{"9Q":"13","CQ":"13"},"23":{"X2":"13"},"58":{"9Q":"13","8Q":"13","9R":"13","8R":"13"},"R3":{"73":"13"},"46":{"7W":"13","7V":"13","8W":"13"},"P8":{"RX":"13","VX":"13"},"4Q":{"VM":"13","RM":"13"},"JW":{"76":"13"},"P9":{"R2":"13","V2":"13"},"4M":{"7G":"13"},"M8":{"36":"13","46":"13","45":"13","35":"13"},"8C":{"84":"13","74":"13"},"2F":{"WQ":"13","VQ":"13"},"F9":{"R3":"13","Q3":"13","Q4":"13","R4":"13"},"54":{"QM":"13","QP":"13"},"HQ":{"J4":"13","J5":"13"},"5W":{"FJ":"13","GJ":"13"},"22":{"XX":"13"},"CF":{"28":"13"},"J3":{"Q3":"13","Q2":"13","P3":"13"},"36":{"6H":"13","5H":"13"},"7F":{"QW":"13","QV":"13"},"CC":{"FQ":"13","76":"13","GQ":"13"},"56":{"R3":"13"},"X7":{"3V":"13","4W":"13","CC":"13","9C":"13","C9":"13","3W":"13"}},"H4":{"Q6":{"QG":"13","PG":"13","QH":"13","PH":"13"},"GP":{"QJ":"13"},"3X":{"Q9":"13"},"M8":{"87":"13"},"5G":{"RV":"13"},"C6":{"VW":"13","VX":"13"},"65":{"R8":"13","V7":"13","R7":"13","V8":"13"},"92":{"RR":"13","RQ":"13"},"CF":{"J9":"13"},"F9":{"MH":"13"},"HG":{"75":"13","76":"13"},"36":{"CW":"13","CX":"13"},"2F":{"2W":"13"},"H9":{"3V":"13","2V":"13"},"M5":{"7Q":"13"},"V2":{"3G":"13","4G":"13"},"93":{"GG":"13","GF":"13","FG":"13","FF":"13"},"5F":{"R2":"13","V2":"13"},"4M":{"8Q":"13"},"3J":{"3V":"13","2R":"13","2V":"13","3R":"13"},"5C":{"RX":"13"},"2V":{"QH":"13"},"9R":{"HJ":"13","HM":"13"},"CM":{"H8":"13"},"6F":{"M9":"13","M8":"13"},"5X":{"5Q":"13"}},"C5":{"34":{"H9":"13","J9":"13"},"74":{"G3":"13","F3":"13","G4":"13","F4":"13","C5":"13"},"65":{"R2":"13","V2":"13"},"4G":{"5W":"13"},"85":{"23":"13"},"35":{"PX":"13","PW":"13"},"37":{"CP":"13","4G":"13","4H":"13"},"46":{"86":"13","87":"13"},"5H":{"J7":"13","H7":"13","J6":"13","H6":"13"},"36":{"QF":"13","H3":"13"},"94":{"F4":"13"},"25":{"6X":"13","5X":"13"},"43":{"CP":"13","FP":"13"},"5F":{"WH":"13","VH":"13"},"3H":{"6F":"13","HC":"13","6G":"13"},"26":{"R3":"13","2H":"13","62":"13"},"29":{"H2":"13","H3":"13"},"68":{"RH":"13","7H":"13","VJ":"13","RJ":"13","VH":"13"},"73":{"2R":"13"},"64":{"RX":"13","VX":"13"},"67":{"F6":"13","G6":"13"},"69":{"HQ":"13","GQ":"13"},"76":{"86":"13","97":"13","96":"13"}},"G9":{"25":{"W5":"13"}},"9V":{"C5":{"34":"13","4X":"13","4W":"13","5W":"13","35":"13","8P":"13","5V":"13","4V":"13"},"77":{"X8":"13","WG":"13","W8":"13","X9":"13","W9":"13","XG":"13","WX":"13"},"C6":{"34":"13","38":"13","37":"13","42":"13"},"W5":{"4G":"13","4H":"13","35":"13"},"59":{"9F":"13","GG":"13","8F":"13","FG":"13","9G":"13"},"F2":{"J7":"13","J8":"13","M6":"13","M9":"13","P6":"13","J9":"13"},"94":{"6X":"13","6W":"13"},"4C":{"JH":"13","MH":"13","JG":"13"},"5F":{"72":"13","82":"13"},"49":{"QF":"13","QG":"13","JH":"13","RQ":"13","JJ":"13","JX":"13","PF":"13"},"85":{"GP":"13","HP":"13","X4":"13","HM":"13"},"5C":{"WF":"13","WG":"13","RQ":"13","QQ":"13"},"97":{"28":"13","27":"13"},"95":{"W2":"13","W3":"13","72":"13","42":"13","52":"13"},"87":{"9G":"13"},"96":{"JV":"13","HW":"13","JW":"13","RJ":"13","9V":"13","JR":"13","CV":"13"}},"H6":{"26":{"XF":"13","XC":"13"},"36":{"2C":"13","2F":"13","HG":"13","JG":"13"},"37":{"6W":"13"},"25":{"7M":"13","7J":"13"},"24":{"4H":"13"},"28":{"6P":"13"},"22":{"F2":"13","FH":"13","C2":"13","FJ":"13"},"27":{"2J":"13"}},"3F":{"6G":{"R8":"13","Q8":"13","R7":"13","Q7":"13"},"MR":{"R5":"13"},"59":{"CH":"13","CG":"13","CF":"13"},"RQ":{"H5":"13","G5":"13","H6":"13","G6":"13"},"MW":{"MF":"13","HF":"13","JF":"13","GF":"13","JC":"13","HC":"13","MC":"13","GC":"13"},"28":{"F8":"13","G8":"13","F9":"13"},"VW":{"V3":"13","W3":"13"},"PR":{"7F":"13","69":"13","79":"13","6C":"13","7C":"13"},"RP":{"4X":"13","5X":"13"},"JQ":{"5Q":"13","5R":"13"}},"2M":{"F5":{"HP":"13","2P":"13","2V":"13","2W":"13","2M":"13","3M":"13","JM":"13","3P":"13","JP":"13","2J":"13","3Q":"13","2Q":"13","2R":"13"},"H2":{"XM":"13","WM":"13"},"72":{"7V":"13","7R":"13","8R":"13"},"C5":{"RQ":"13","RV":"13","GC":"13","G9":"13","VM":"13","QP":"13","VW":"13","VR":"13","XQ":"13","XH":"13","WR":"13","XM":"13","XV":"13","XJ":"13","RM":"13","WV":"13","VP":"13","RP":"13","QQ":"13","VV":"13","WW":"13","RR":"13","WQ":"13","WM":"13","XP":"13","WJ":"13","XW":"13","WP":"13","WH":"13","VQ":"13","XR":"13","RW":"13"},"88":{"5Q":"13"},"92":{"GX":"13","FX":"13"},"57":{"G3":"13","G2":"13"},"C4":{"PH":"13"},"46":{"86":"13","85":"13","76":"13","96":"13"},"F9":{"F4":"13","7M":"13","C3":"13","F2":"13","G2":"13","C2":"13","G3":"13","G4":"13","6J":"13","7J":"13","F3":"13"},"F8":{"FX":"13"},"9W":{"X6":"13","W6":"13"},"J3":{"4J":"13","3J":"13","2J":"13","3M":"13","4M":"13","3H":"13"},"F2":{"88":"13"},"94":{"Q8":"13","R8":"13","Q7":"13","R6":"13","R7":"13","Q6":"13","V6":"13"},"82":{"X3":"13"},"F3":{"MH":"13","GC":"13","GH":"13","GG":"13","HF":"13","CH":"13","MG":"13","GJ":"13","JF":"13","HG":"13","MJ":"13","FH":"13","H9":"13","FM":"13","CG":"13","FG":"13","JG":"13","HH":"13","HC":"13","CJ":"13","JC":"13","FJ":"13","CM":"13","GF":"13","HJ":"13","MF":"13","JH":"13","JJ":"13"},"75":{"83":"13","73":"13","72":"13","74":"13","82":"13"},"J7":{"C7":"13","C8":"13"},"JR":{"5G":"13"},"54":{"75":"13","65":"13","74":"13","64":"13"},"FF":{"J3":"13","4X":"13","4W":"13","H4":"13","5W":"13","5X":"13","H3":"13","J4":"13"},"FR":{"CJ":"13","FH":"13","CH":"13","FJ":"13"},"6Q":{"93":"13"},"JJ":{"98":"13","4X":"13"}},"CP":{"62":{"X9":"13","X8":"13"},"63":{"HF":"13","HC":"13","MQ":"13","JQ":"13"},"84":{"F3":"13"},"83":{"4J":"13","5J":"13","4H":"13","5H":"13"},"74":{"CC":"13"},"95":{"H8":"13"},"72":{"8M":"13","29":"13","7M":"13","47":"13","57":"13","7J":"13","28":"13","8J":"13"},"4G":{"VR":"13","WR":"13"},"4H":{"W4":"13","X4":"13"},"88":{"7G":"13","GP":"13","6G":"13","HP":"13","6H":"13","7H":"13","GQ":"13","HQ":"13"},"92":{"5Q":"13","6Q":"13","5P":"13","6P":"13","MQ":"13","MR":"13","22":"13"},"C4":{"MF":"13","FH":"13","FG":"13","GH":"13","MG":"13","J9":"13"},"78":{"6X":"13","6W":"13","7W":"13","7X":"13"},"56":{"6R":"13"},"45":{"Q6":"13","P7":"13","P9":"13","P8":"13","P6":"13","Q7":"13"},"24":{"R8":"13","R7":"13","V8":"13","V9":"13"},"52":{"RJ":"13","RQ":"13","RP":"13","MR":"13","JR":"13","VP":"13","VQ":"13","RM":"13"},"94":{"HQ":"13","G2":"13","JQ":"13","92":"13","HR":"13","H6":"13"},"93":{"GX":"13","9X":"13","8X":"13"},"55":{"39":"13","49":"13","4C":"13"},"82":{"RH":"13","QG":"13","RG":"13","VG":"13","X2":"13"},"96":{"9F":"13"},"8P":{"57":"13","67":"13"},"54":{"V7":"13","R7":"13","R6":"13","JH":"13","JJ":"13","V6":"13"},"97":{"HJ":"13","HH":"13","2C":"13","2F":"13","JJ":"13","3C":"13","3F":"13"},"64":{"MM":"13","MJ":"13"},"23":{"6V":"13","6W":"13","7W":"13","7V":"13"},"67":{"9F":"13","CC":"13","76":"13","9C":"13","77":"13","CF":"13"},"66":{"85":"13","75":"13"}},"4W":{"39":{"63":"13"},"HH":{"VJ":"13","R7":"13","RJ":"13","R6":"13"},"FG":{"4F":"13","5G":"13","4G":"13","5F":"13"},"57":{"XX":"13","59":"13","79":"13","WX":"13","WW":"13","XW":"13"},"27":{"V7":"13","RH":"13","W7":"13"},"JJ":{"R4":"13"},"37":{"PJ":"13","JH":"13","M2":"13","P2":"13","F9":"13"},"49":{"GC":"13"},"36":{"4X":"13","4W":"13","5W":"13","3X":"13","3W":"13"},"69":{"C6":"13","G7":"13","G5":"13","F7":"13","F6":"13","C5":"13","G6":"13"},"26":{"HV":"13","GV":"13"}},"FC":{"MH":{"CX":"13","8J":"13"},"PJ":{"93":"13"},"M8":{"F8":"13","F9":"13"},"95":{"G9":"13"},"47":{"J7":"13"},"VW":{"P9":"13","Q9":"13"},"GG":{"9W":"13"},"35":{"H5":"13","H4":"13"},"M7":{"R5":"13","R6":"13"},"88":{"82":"13","WM":"13","WP":"13"},"92":{"97":"13"},"CH":{"63":"13","54":"13","64":"13","53":"13"},"M4":{"F2":"13","G2":"13"},"HR":{"MP":"13"},"MG":{"X6":"13","X5":"13"},"37":{"HR":"13","HV":"13"},"J4":{"RW":"13"},"22":{"CP":"13","CQ":"13"},"H3":{"F7":"13","F6":"13","G6":"13"},"56":{"84":"13"},"QF":{"P9":"13","P8":"13"},"PG":{"QX":"13","H4":"13","G4":"13","RX":"13","H3":"13"},"99":{"2G":"13"},"H5":{"R8":"13"},"G6":{"WH":"13"},"RR":{"HF":"13","HC":"13"},"JQ":{"32":"13"},"G4":{"CC":"13","C9":"13"},"M6":{"7P":"13"},"M5":{"85":"13"},"H6":{"C3":"13"},"JX":{"QF":"13","RF":"13","RC":"13","QC":"13"},"MV":{"69":"13","58":"13","59":"13","68":"13"},"J8":{"V8":"13"},"FM":{"G3":"13","H2":"13","H3":"13","G2":"13"},"QH":{"27":"13"},"CG":{"RF":"13","RC":"13"},"MP":{"H9":"13"},"HV":{"7Q":"13","6Q":"13","6R":"13","7V":"13","7R":"13"},"G7":{"XG":"13","VR":"13","WR":"13","WG":"13","WQ":"13","VQ":"13"},"J2":{"PX":"13","PW":"13","MW":"13"},"PH":{"Q2":"13","R2":"13","X7":"13"},"73":{"2X":"13","95":"13","C4":"13","94":"13"},"FF":{"R4":"13"},"C9":{"FJ":"13","4P":"13"},"M2":{"J4":"13","J5":"13"},"HQ":{"XV":"13","WV":"13","WR":"13","XR":"13"},"48":{"CC":"13","23":"13","CF":"13"},"GF":{"FX":"13","CX":"13"},"MQ":{"G2":"13"},"6F":{"W7":"13"},"HW":{"4F":"13","4C":"13"},"R8":{"VW":"13","WW":"13"},"MF":{"5R":"13"},"MR":{"54":"13","44":"13","55":"13","45":"13"},"67":{"VC":"13"}},"3C":{"34":{"PV":"13","QV":"13"},"54":{"6F":"13","6G":"13"},"82":{"VR":"13","VQ":"13"}},"M6":{"JP":{"J3":"13","H3":"13","M2":"13"},"3X":{"JF":"13"},"F9":{"2F":"13"}},"H2":{"V4":{"7P":"13"},"V5":{"C2":"13"},"WR":{"PJ":"13","QM":"13","PM":"13"},"WH":{"W4":"13","V4":"13","W3":"13","X4":"13"},"MR":{"P8":"13"},"RG":{"7M":"13","7J":"13"},"PG":{"WJ":"13"},"RC":{"CH":"13"},"R2":{"45":"13","35":"13"},"Q2":{"W4":"13","V3":"13","C6":"13","W3":"13","C5":"13"},"WX":{"7V":"13","7R":"13"},"QP":{"6J":"13"},"R6":{"V7":"13","W7":"13"},"PC":{"HF":"13","JF":"13"}},"7W":{"HG":{"HV":"13"},"X8":{"V3":"13","32":"13","V4":"13","W3":"13"},"VQ":{"RH":"13","QG":"13","RG":"13","QH":"13"},"GP":{"Q6":"13"},"XM":{"2H":"13"},"W8":{"W2":"13","X2":"13"},"FG":{"6X":"13","5X":"13","PP":"13"},"X7":{"QH":"13"},"VC":{"8C":"13"},"X9":{"H5":"13","G5":"13","H6":"13","G6":"13"},"6M":{"RP":"13"},"CH":{"J7":"13","3F":"13","M7":"13"},"VM":{"PM":"13"},"JG":{"6M":"13"},"JH":{"7W":"13"},"6J":{"MQ":"13"},"7J":{"5C":"13","W8":"13","V8":"13","6C":"13"},"V9":{"24":"13"}},"CM":{"8V":{"XR":"13"},"9P":{"QX":"13"},"8P":{"3V":"13","H4":"13","G4":"13","H3":"13","3W":"13"},"7M":{"95":"13","C5":"13"},"38":{"7J":"13","8J":"13"},"4P":{"QH":"13","MG":"13","PG":"13","MF":"13","MW":"13","QG":"13","JG":"13","MX":"13"},"C6":{"XV":"13","WV":"13","XX":"13","XW":"13","G6":"13"},"25":{"4X":"13","4W":"13"},"24":{"M4":"13","PV":"13","MJ":"13","M5":"13","MM":"13","H4":"13","PJ":"13","PR":"13","J4":"13","PM":"13","MV":"13","J5":"13"},"F4":{"FV":"13","FR":"13","FC":"13","GR":"13","GV":"13"},"5R":{"FQ":"13","CP":"13","CQ":"13","FP":"13"},"F3":{"H5":"13","H4":"13","G4":"13","G5":"13","H6":"13","G6":"13"},"CX":{"Q2":"13","R2":"13","R9":"13","W8":"13","W9":"13","P2":"13","V9":"13"},"9V":{"WG":"13","WH":"13","M2":"13","CM":"13","9M":"13","J2":"13","VG":"13","9P":"13","P2":"13"},"3F":{"3P":"13","2P":"13","2J":"13","3M":"13","4M":"13","2M":"13"},"CP":{"WV":"13","WW":"13"},"6J":{"G9":"13","F8":"13","F9":"13"},"CM":{"CW":"13","66":"13","57":"13","56":"13","67":"13","CX":"13","78":"13"},"5G":{"X5":"13"},"3Q":{"45":"13"},"F5":{"JF":"13","JC":"13","PR":"13"},"4G":{"J3":"13","H2":"13","H3":"13"},"9C":{"7H":"13","8G":"13","7G":"13"},"F7":{"32":"13","C8":"13","22":"13"},"CW":{"QX":"13","PX":"13"},"2X":{"4J":"13","3J":"13","3M":"13","4M":"13"},"FV":{"CJ":"13","42":"13","CH":"13","9J":"13","9H":"13"},"CG":{"J3":"13","P9":"13","J4":"13","PC":"13","M4":"13","M3":"13","Q9":"13","QC":"13"},"6Q":{"6F":"13","5C":"13","5F":"13","GJ":"13","6C":"13"},"F2":{"Q4":"13","V4":"13","R4":"13","P4":"13"},"52":{"M8":"13","P8":"13"},"6X":{"RF":"13","M6":"13","VM":"13","RP":"13","VP":"13","RM":"13"},"FP":{"7F":"13","8G":"13","8F":"13","7G":"13"},"9W":{"MF":"13","QF":"13","QG":"13","PG":"13","PH":"13","P9":"13","VM":"13","PC":"13","RP":"13","MH":"13","VP":"13","RM":"13","MC":"13","PF":"13","MG":"13"},"CV":{"JH":"13","JJ":"13","MJ":"13","MH":"13","V8":"13","V9":"13"},"97":{"H2":"13"},"29":{"78":"13","MG":"13","PG":"13","MF":"13","V3":"13","R2":"13","PF":"13","8J":"13","Q2":"13","98":"13","99":"13","89":"13","79":"13","PH":"13","MH":"13","8M":"13","88":"13","Q3":"13","R3":"13"},"2C":{"XP":"13","VR":"13","XM":"13","WR":"13","WM":"13","WP":"13"},"6G":{"25":"13"},"95":{"88":"13"},"8H":{"FQ":"13","CP":"13","GQ":"13","CQ":"13","GR":"13","FP":"13"},"82":{"F8":"13","G8":"13","G7":"13"},"7X":{"H8":"13","G6":"13","Q4":"13","H9":"13","G9":"13","G5":"13","P3":"13","F6":"13","J8":"13","H6":"13","J9":"13","P4":"13","H5":"13","F5":"13","G8":"13"},"72":{"34":"13","23":"13","24":"13","33":"13"},"3J":{"H8":"13","H7":"13","J7":"13","J8":"13","J6":"13","H6":"13","GR":"13","GQ":"13"},"96":{"C9":"13","F9":"13"},"7V":{"3Q":"13","3R":"13"},"6V":{"XM":"13"},"77":{"7G":"13","6G":"13","6H":"13","7M":"13","8J":"13","7H":"13","8M":"13"},"26":{"83":"13","84":"13","93":"13","94":"13"},"57":{"CC":"13","FC":"13","89":"13","C9":"13","8C":"13","F9":"13","7C":"13"},"4R":{"8H":"13","9J":"13","9H":"13","8J":"13"},"CJ":{"V3":"13","V4":"13","W3":"13","V5":"13"},"FR":{"4X":"13"},"9X":{"F2":"13","G3":"13","F3":"13","2X":"13","G2":"13"},"CH":{"VV":"13","VR":"13"},"F6":{"2W":"13","3X":"13","2X":"13","3W":"13"},"CR":{"7J":"13","GG":"13","7F":"13","6M":"13","6J":"13","7P":"13","6H":"13","6P":"13","7H":"13","5H":"13","5M":"13","5J":"13","8J":"13","7G":"13","8P":"13","8H":"13","8M":"13","7M":"13","GF":"13","6G":"13"},"6C":{"F5":"13","G4":"13","G5":"13","F4":"13"},"8C":{"32":"13","22":"13"},"8W":{"VW":"13","WX":"13","WW":"13","VX":"13"},"2F":{"XM":"13"},"9Q":{"G3":"13","H4":"13","G4":"13","H3":"13","G2":"13"},"8M":{"PG":"13"},"5M":{"QJ":"13","HW":"13","QM":"13","HX":"13","PV":"13","PR":"13"},"74":{"V7":"13","W7":"13","X7":"13","W8":"13","V8":"13"},"C8":{"HJ":"13"},"9R":{"MX":"13","5C":"13","39":"13","VR":"13","59":"13","49":"13","RQ":"13","JX":"13","4C":"13","3C":"13","VQ":"13","PX":"13","48":"13","6C":"13"},"32":{"HJ":"13","JJ":"13","JM":"13","HM":"13"},"2V":{"2P":"13","2M":"13"},"5W":{"83":"13","82":"13","93":"13"},"CF":{"W2":"13","V2":"13"},"6W":{"RV":"13","QR":"13","RR":"13","PV":"13","QV":"13"},"4V":{"P5":"13","P4":"13","M4":"13"},"CC":{"WX":"13","VX":"13"},"56":{"QF":"13","QC":"13"},"8G":{"QJ":"13","QH":"13"},"75":{"PX":"13"},"99":{"PX":"13","PW":"13"},"37":{"4F":"13","4G":"13","4C":"13","3C":"13","3F":"13"}},"G4":{"X3":{"CJ":"13","CH":"13"},"XF":{"HQ":"13"},"3X":{"GX":"13","HW":"13","HX":"13","JX":"13"},"RX":{"9F":"13","CC":"13","9C":"13","CF":"13"},"Q4":{"CF":"13"},"XH":{"H8":"13","G8":"13","H7":"13"},"WR":{"3G":"13","3H":"13"},"4H":{"V3":"13","V4":"13","6P":"13"},"6J":{"7R":"13"},"XV":{"9R":"13","CR":"13"},"XJ":{"7W":"13","7X":"13"},"3R":{"VR":"13"},"2C":{"VJ":"13","VM":"13"},"6P":{"H5":"13","J5":"13"},"VF":{"9M":"13"},"W5":{"2R":"13"},"7Q":{"5W":"13","5X":"13"},"7V":{"M7":"13"},"R4":{"5R":"13","4R":"13"},"3J":{"2M":"13"},"8V":{"HH":"13","JH":"13","HG":"13","JG":"13"},"WP":{"34":"13","44":"13","43":"13","33":"13"},"3M":{"VV":"13","WV":"13"},"3G":{"MQ":"13","MR":"13"},"RC":{"88":"13","87":"13","C9":"13"},"5X":{"34":"13","X5":"13","23":"13","24":"13","33":"13"},"R3":{"W2":"13","X2":"13"},"3P":{"PW":"13"}},"3Q":{"2X":{"4J":"13"},"2P":{"M5":"13","M6":"13","J6":"13","J5":"13"},"2J":{"69":"13","JH":"13","JJ":"13","6C":"13"}},"Q4":{"32":{"7P":"13"},"3P":{"35":"13"},"3J":{"FV":"13","GX":"13","FR":"13","7M":"13","7P":"13","23":"13","6M":"13","FW":"13","FX":"13","CV":"13","33":"13","22":"13"},"2P":{"V3":"13","R5":"13","W3":"13","R4":"13"},"3M":{"FF":"13","FG":"13","CF":"13","2M":"13","F2":"13","G2":"13","9M":"13","2J":"13","GF":"13","8M":"13","F3":"13"},"2H":{"3V":"13","2W":"13","2V":"13","3W":"13"},"2M":{"R8":"13","XM":"13","R9":"13","XJ":"13","VC":"13","WM":"13","V8":"13","V9":"13"},"22":{"WC":"13","XC":"13"}},"F5":{"XV":{"V3":"13","W2":"13","W3":"13"},"XP":{"RF":"13"},"W4":{"F4":"13","C4":"13"},"XG":{"8R":"13"},"W7":{"XW":"13"},"X7":{"2W":"13"},"XC":{"2W":"13"},"W6":{"XQ":"13","XR":"13","P2":"13"}},"4G":{"F2":{"FV":"13"},"9R":{"CX":"13"},"6W":{"8M":"13"},"G2":{"69":"13","58":"13","59":"13","68":"13","C5":"13"},"7W":{"QG":"13","RG":"13","CP":"13"},"7V":{"GQ":"13","GR":"13"},"C3":{"QJ":"13","RG":"13","W4":"13","PJ":"13","W3":"13","RF":"13","PM":"13"}},"9C":{"QJ":{"Q8":"13"},"XR":{"QJ":"13","QM":"13"},"WQ":{"FV":"13","FR":"13"},"VP":{"54":"13","44":"13","45":"13"},"WM":{"PX":"13"},"VQ":{"W7":"13","W6":"13"},"WP":{"83":"13","84":"13","P2":"13"}},"3H":{"5H":{"QR":"13","PV":"13","PR":"13","QV":"13"}},"F7":{"X2":{"X4":"13"}},"G3":{"VW":{"6F":"13","5G":"13","6G":"13"},"RX":{"7F":"13"},"PX":{"8W":"13"},"XW":{"JM":"13"}},"2X":{"82":{"F2":"13","F3":"13"}},"FG":{"84":{"97":"13","96":"13"},"74":{"C6":"13","F6":"13","C5":"13"},"95":{"92":"13"},"8F":{"C6":"13"},"6M":{"46":"13"},"6H":{"2G":"13","2H":"13"},"5P":{"MM":"13"},"53":{"GP":"13","HQ":"13","HP":"13"},"7H":{"QF":"13"},"H3":{"2W":"13"},"56":{"2W":"13","3W":"13"},"J3":{"RV":"13","RR":"13"},"94":{"9X":"13"},"25":{"Q6":"13","R6":"13"},"G3":{"XV":"13","XW":"13"},"3J":{"86":"13","85":"13"},"54":{"QW":"13","PW":"13"},"69":{"MM":"13","JM":"13"},"2P":{"8P":"13"}},"CG":{"G2":{"F5":"13","F7":"13","J5":"13","FX":"13","G9":"13","CW":"13","H4":"13","J4":"13","F9":"13","H8":"13","F4":"13","H5":"13","G6":"13","F8":"13","H7":"13","G4":"13","G8":"13","H6":"13","J8":"13","G3":"13","G7":"13","CX":"13","J7":"13","J6":"13","F6":"13","G5":"13","FW":"13"},"FQ":{"7W":"13","7V":"13"},"FC":{"7F":"13","8G":"13","8F":"13","8C":"13","7G":"13","7C":"13"},"FP":{"G9":"13","J8":"13","H9":"13","H8":"13","G8":"13","G7":"13","H7":"13","J9":"13"},"H2":{"9Q":"13","GG":"13","8Q":"13","9R":"13","9V":"13","HG":"13","8R":"13"},"QP":{"5R":"13","6V":"13","6R":"13","5V":"13"},"GH":{"XX":"13"},"R6":{"86":"13","85":"13"},"XV":{"PG":"13","MG":"13"},"XJ":{"G9":"13","G8":"13"},"PQ":{"Q6":"13","Q7":"13"},"GR":{"R9":"13","V9":"13"},"GJ":{"X2":"13"},"VV":{"9P":"13","8P":"13"},"W5":{"VW":"13","WX":"13","WW":"13","VX":"13"},"F4":{"F8":"13","95":"13","C5":"13","C4":"13","94":"13"},"H5":{"X4":"13"},"G6":{"G6":"13","H8":"13","C5":"13","F7":"13","H7":"13","C6":"13","G5":"13","F6":"13","J7":"13","F8":"13","J6":"13","GG":"13","H6":"13","C8":"13","H5":"13","F5":"13","G8":"13","C7":"13","G7":"13"},"G4":{"7Q":"13","6Q":"13","7P":"13","6P":"13"},"H7":{"CJ":"13","4X":"13","4W":"13","CH":"13"},"H9":{"J2":"13"},"FM":{"5R":"13","5M":"13","4R":"13","6M":"13"},"G3":{"3G":"13","4G":"13","4H":"13","3H":"13","3F":"13"},"Q9":{"2F":"13","3F":"13"},"JG":{"92":"13"},"F3":{"RR":"13","VR":"13","RQ":"13","RP":"13","VP":"13","VQ":"13"},"XW":{"MX":"13"},"QX":{"76":"13","66":"13"},"CM":{"XH":"13"},"HP":{"34":"13","23":"13","24":"13"},"HJ":{"22":"13"},"R3":{"C2":"13","C3":"13"},"R2":{"CX":"13"}},"4C":{"7P":{"57":"13","67":"13"},"6M":{"92":"13"}},"F2":{"P6":{"VJ":"13"},"M4":{"VC":"13"},"Q7":{"43":"13","33":"13"}},"2J":{"7W":{"69":"13","79":"13","6C":"13","68":"13","78":"13"},"4W":{"GP":"13","GM":"13","FM":"13","FP":"13"},"5G":{"MQ":"13","JQ":"13","MR":"13","JR":"13"},"FX":{"8V":"13","FR":"13","CQ":"13","FQ":"13","CP":"13","8R":"13","FP":"13","9R":"13","GQ":"13","9Q":"13","9V":"13","7R":"13","CR":"13","8Q":"13","7Q":"13"},"G9":{"3P":"13","2P":"13"},"72":{"4R":"13","4V":"13"},"6M":{"63":"13","73":"13","54":"13","74":"13","64":"13","53":"13"},"6H":{"3P":"13","2P":"13"},"GV":{"HJ":"13","P6":"13","JJ":"13"},"53":{"P5":"13"},"7R":{"4G":"13"},"8X":{"W2":"13","W3":"13","X3":"13"},"5J":{"72":"13"},"CP":{"56":"13"},"36":{"MF":"13","PC":"13","MC":"13","PF":"13"},"9W":{"87":"13"},"77":{"RQ":"13"},"2G":{"P4":"13","M4":"13","M3":"13","P3":"13"},"5F":{"84":"13","94":"13"},"F6":{"3J":"13","2J":"13","3M":"13","2M":"13"},"6F":{"R3":"13","Q3":"13","Q4":"13","R4":"13","P4":"13","P3":"13"},"64":{"HJ":"13","HH":"13"},"HW":{"8H":"13","9J":"13","8J":"13"},"6G":{"8G":"13","8H":"13","8F":"13","9H":"13","9G":"13"},"69":{"RV":"13","RW":"13","VV":"13","RR":"13","VR":"13","VW":"13"},"76":{"88":"13","98":"13","97":"13","87":"13"}},"28":{"GP":{"5C":"13","4F":"13","4C":"13","5F":"13","6C":"13"},"HX":{"4P":"13"},"9X":{"P8":"13"},"MP":{"X5":"13"},"8R":{"M6":"13","M8":"13","P6":"13"},"QV":{"G5":"13"},"FP":{"9V":"13","CV":"13"},"PJ":{"84":"13","85":"13","95":"13","94":"13"},"CC":{"97":"13","87":"13"},"6V":{"W4":"13","V4":"13"},"GW":{"7F":"13","6F":"13"},"QX":{"8R":"13"},"QR":{"CW":"13","CX":"13"},"PW":{"RF":"13","VF":"13"},"PX":{"GR":"13"},"PP":{"25":"13"},"2Q":{"P6":"13"}},"6X":{"H3":{"55":"13"},"G5":{"W6":"13"},"M2":{"RF":"13"},"H2":{"GF":"13","FC":"13","FF":"13","GC":"13"},"M3":{"C2":"13","C3":"13","G6":"13"},"J3":{"8V":"13","7V":"13","7R":"13","8R":"13"},"F4":{"CH":"13","CG":"13","9H":"13","9G":"13"},"G2":{"J8":"13","H8":"13"},"Q2":{"G3":"13","H4":"13","G4":"13","H3":"13","M4":"13"},"22":{"C6":"13","66":"13","67":"13","F7":"13","C7":"13","F6":"13"},"23":{"4C":"13","33":"13"},"32":{"MX":"13","JX":"13","MW":"13"},"C4":{"JH":"13","P9":"13","Q9":"13"},"G4":{"F8":"13","G8":"13"},"F3":{"CJ":"13","CH":"13","9J":"13","QW":"13","9H":"13","PW":"13"},"P2":{"QM":"13","QP":"13","RP":"13","RM":"13"}},"HC":{"FV":{"86":"13","84":"13","85":"13","76":"13","24":"13","74":"13","77":"13"},"FF":{"QF":"13","QG":"13"}},"Q2":{"PP":{"R6":"13"}},"9W":{"26":{"2W":"13","FC":"13","GC":"13"},"36":{"23":"13"},"44":{"98":"13","97":"13","8X":"13","7X":"13"},"55":{"2P":"13"},"45":{"XP":"13","H7":"13","C5":"13","H6":"13"},"35":{"PX":"13"},"J5":{"MF":"13"}},"C4":{"7W":{"VF":"13"},"F5":{"53":"13"},"5G":{"G5":"13"},"CW":{"22":"13"},"7F":{"43":"13","33":"13"},"8F":{"6H":"13"},"2X":{"4P":"13","5J":"13","3M":"13","7M":"13","6M":"13","5M":"13","5P":"13","44":"13","9Q":"13","4M":"13","6P":"13","9P":"13","6J":"13","8Q":"13","7Q":"13","8P":"13"},"9J":{"VJ":"13","WJ":"13"},"4C":{"77":"13","67":"13"},"9V":{"XX":"13"},"G6":{"52":"13","62":"13"},"F8":{"9Q":"13","9R":"13","CQ":"13","CR":"13"},"2W":{"PJ":"13"},"9W":{"X2":"13"},"5W":{"F8":"13","G8":"13","G7":"13","F7":"13"},"2F":{"QR":"13","JV":"13","JR":"13","PR":"13","HV":"13"},"59":{"MX":"13","QG":"13","QH":"13"},"CR":{"7Q":"13"},"9X":{"PJ":"13","MJ":"13"},"25":{"F2":"13","J3":"13","M3":"13"},"93":{"G9":"13"},"FG":{"FR":"13"},"44":{"5X":"13"},"F3":{"HG":"13","2H":"13","4J":"13","4H":"13","3H":"13","QC":"13","2J":"13","JG":"13","3J":"13"},"5C":{"3P":"13","2P":"13"},"CV":{"2X":"13"},"4X":{"QG":"13","PG":"13","QH":"13","PH":"13"},"CC":{"45":"13"},"73":{"2R":"13","3R":"13"},"FF":{"9C":"13","8C":"13"},"G5":{"6X":"13","5X":"13"},"3G":{"XQ":"13","WR":"13","XR":"13","WQ":"13"},"5X":{"Q6":"13","P7":"13","P6":"13","Q7":"13"},"CQ":{"PV":"13","QV":"13"},"69":{"XQ":"13"},"66":{"GW":"13"},"3P":{"MM":"13"}},"2R":{"FJ":{"2V":"13"},"8P":{"3X":"13","3W":"13"},"MQ":{"84":"13","85":"13","5J":"13","5M":"13","74":"13"},"C6":{"Q4":"13","Q5":"13","R5":"13","R4":"13"},"X3":{"5G":"13","6H":"13","6G":"13","5H":"13"},"5F":{"23":"13"},"P3":{"XH":"13"},"GR":{"VV":"13","WV":"13","VW":"13","WW":"13"},"GM":{"8V":"13","7V":"13","7R":"13","8R":"13"},"73":{"H6":"13","G6":"13"},"M5":{"FJ":"13","FM":"13"},"4W":{"26":"13","25":"13"},"GJ":{"83":"13","2R":"13"},"47":{"CC":"13","99":"13","9C":"13","C9":"13"},"FC":{"XW":"13"},"5G":{"RH":"13","F3":"13","C3":"13"},"3W":{"X6":"13","X5":"13"},"X4":{"26":"13","4Q":"13","M9":"13","M8":"13","P9":"13","4R":"13","27":"13"},"X2":{"24":"13","89":"13","79":"13","8C":"13","7C":"13"},"GH":{"FR":"13","3R":"13","2P":"13","5J":"13","6H":"13","3P":"13","4G":"13","4M":"13","6J":"13","3Q":"13","CR":"13","2Q":"13"},"V3":{"WF":"13"},"W3":{"PH":"13"},"FG":{"MX":"13","JX":"13"},"9F":{"WV":"13","WW":"13"},"FP":{"6M":"13","6P":"13"},"Q2":{"H7":"13","H6":"13"},"C4":{"W2":"13","X2":"13"},"W4":{"X6":"13","X7":"13"},"6R":{"G5":"13"},"82":{"8X":"13"},"HR":{"R2":"13"},"C3":{"XX":"13","WX":"13"},"PR":{"4F":"13","8V":"13","8R":"13","5F":"13"},"X5":{"RW":"13","VW":"13","X9":"13","W9":"13","X8":"13"},"HP":{"26":"13"},"CJ":{"XV":"13","95":"13","94":"13"},"GP":{"R3":"13","R2":"13","3M":"13"},"63":{"WH":"13","CC":"13","CF":"13"},"HV":{"PC":"13"},"CH":{"G7":"13","H7":"13"},"FH":{"J2":"13","M2":"13"},"MP":{"3Q":"13","4Q":"13","3P":"13","77":"13","67":"13","4P":"13"},"FM":{"8M":"13","9M":"13"},"MM":{"97":"13","87":"13"},"F8":{"83":"13"},"8C":{"R9":"13","Q9":"13"},"JM":{"2F":"13","3F":"13"},"4F":{"X3":"13"},"9H":{"JJ":"13","JM":"13"},"JF":{"G8":"13"},"MV":{"RQ":"13","VQ":"13"},"J3":{"CW":"13","CX":"13"},"55":{"HG":"13","JG":"13"}},"29":{"V4":{"RV":"13","V7":"13","R7":"13","QV":"13"},"2H":{"WJ":"13","WM":"13"},"W5":{"MW":"13"},"M3":{"2G":"13"},"5J":{"V4":"13"},"X6":{"36":"13"},"3C":{"3X":"13","3W":"13"},"J2":{"38":"13"},"2J":{"54":"13","44":"13","43":"13","53":"13"},"Q5":{"GX":"13","32":"13","FX":"13","33":"13"},"FW":{"36":"13","35":"13"},"8M":{"36":"13","CP":"13","46":"13","45":"13","35":"13"}},"2C":{"X8":{"4X":"13","5W":"13","5X":"13"},"G9":{"WC":"13","W9":"13"},"Q8":{"G5":"13","V8":"13","R8":"13","H4":"13","V7":"13","R7":"13","H5":"13","G4":"13"},"8H":{"GX":"13","HX":"13","FX":"13","GW":"13","CX":"13"},"R4":{"PQ":"13","PR":"13"},"M8":{"9X":"13","8X":"13","7X":"13"},"X7":{"36":"13","37":"13","46":"13","47":"13"},"J7":{"V4":"13","V5":"13","Q8":"13","W8":"13","W5":"13","R5":"13","V8":"13","W6":"13","R8":"13","V7":"13","W7":"13","Q7":"13","R6":"13","R7":"13","V6":"13"},"C9":{"R3":"13","V3":"13"},"6M":{"CW":"13","9X":"13","9W":"13","CX":"13"},"PF":{"6H":"13","5H":"13"},"8J":{"F2":"13","C2":"13","G2":"13"},"M9":{"62":"13","74":"13","8H":"13","8G":"13","83":"13","92":"13","8J":"13","7H":"13","73":"13","82":"13","93":"13","72":"13","63":"13","84":"13"},"J9":{"VV":"13","WH":"13","XH":"13","XJ":"13","WJ":"13"},"C8":{"G9":"13","FC":"13","GC":"13"},"97":{"R8":"13","Q8":"13","R9":"13","Q9":"13"},"J4":{"P7":"13","M8":"13","M7":"13"},"G8":{"X6":"13","W4":"13","W5":"13","V4":"13","X5":"13","W3":"13","X4":"13","X3":"13","W6":"13","V5":"13"},"6P":{"C2":"13","92":"13"},"MX":{"M5":"13","M6":"13"},"86":{"P5":"13","Q5":"13"}},"49":{"6V":{"Q5":"13"}},"95":{"W5":{"QF":"13","RF":"13","QG":"13","RG":"13","Q9":"13","RC":"13","QC":"13"},"X7":{"3V":"13","2W":"13","4W":"13","R5":"13","R6":"13","P7":"13","4V":"13","3W":"13"},"X6":{"Q4":"13","W8":"13","R4":"13","M4":"13","XH":"13","M5":"13","FV":"13","CC":"13","J4":"13","Q3":"13","R3":"13","J5":"13"},"WP":{"JF":"13","JC":"13"},"W4":{"PF":"13"},"X2":{"VQ":"13"},"XG":{"6H":"13"},"XF":{"2G":"13"},"VM":{"G5":"13"},"X5":{"VQ":"13","MR":"13","HR":"13","GV":"13","JP":"13","GR":"13","WQ":"13","RP":"13","HV":"13","GW":"13","JQ":"13","JV":"13","XV":"13","HQ":"13","JR":"13","VP":"13","HW":"13"},"WC":{"2X":"13"},"VH":{"QJ":"13","PJ":"13"}},"94":{"XP":{"GP":"13","HQ":"13","HP":"13","GM":"13","GQ":"13","HM":"13"},"XG":{"XM":"13","XJ":"13"},"WV":{"6X":"13"},"QP":{"MV":"13","JV":"13","MR":"13","JR":"13"},"RP":{"5M":"13","4M":"13"},"WC":{"Q7":"13"}},"2H":{"4J":{"W2":"13","V2":"13"},"4H":{"WX":"13","VX":"13"},"WP":{"JH":"13","JG":"13"},"C3":{"MX":"13","PX":"13","MW":"13"},"3W":{"V8":"13"},"5X":{"7G":"13","9C":"13","8H":"13","8G":"13","9F":"13","C9":"13","8F":"13","7F":"13","8C":"13","CC":"13","99":"13","89":"13","9G":"13","7C":"13"},"5P":{"CJ":"13","CH":"13"},"53":{"4W":"13","5W":"13","5V":"13"},"6X":{"XQ":"13","WQ":"13"},"4W":{"JP":"13","HQ":"13","JV":"13","HP":"13","MQ":"13","JQ":"13","MR":"13","GQ":"13","JR":"13","HR":"13","GR":"13","HV":"13"},"C4":{"M2":"13","P2":"13"},"87":{"62":"13","83":"13","J6":"13","H6":"13","73":"13","82":"13","H5":"13","72":"13","63":"13","J5":"13"},"FW":{"GM":"13","GP":"13","F7":"13","G9":"13","FM":"13","F8":"13","FP":"13","F9":"13","G8":"13","G7":"13"}},"C3":{"FR":{"2F":"13","3G":"13","2G":"13","3F":"13"},"FX":{"3Q":"13","4Q":"13"},"7M":{"F3":"13"},"8R":{"69":"13","6C":"13"},"CW":{"X8":"13"},"5X":{"8R":"13","M7":"13"},"7P":{"5V":"13"},"6V":{"G7":"13","F7":"13","F6":"13","G6":"13"},"7V":{"G8":"13","G7":"13"},"CR":{"XF":"13"},"9W":{"XG":"13","WG":"13"}},"R4":{"RH":{"76":"13"},"QM":{"4F":"13","5F":"13"},"VF":{"CR":"13"},"M2":{"47":"13","48":"13"},"2H":{"HX":"13"},"7W":{"MX":"13","JX":"13"},"GW":{"VV":"13","M9":"13","M8":"13","VW":"13","P9":"13","P8":"13"}},"P5":{"VR":{"9W":"13","7V":"13","8W":"13"},"QP":{"H8":"13"},"XR":{"FC":"13","GC":"13"},"PQ":{"HF":"13","JF":"13"},"QQ":{"MF":"13"}},"3X":{"8F":{"F3":"13"},"57":{"G9":"13","J8":"13","FC":"13","H8":"13","F9":"13","GC":"13"},"56":{"C2":"13","92":"13"},"78":{"M5":"13","J4":"13","M4":"13"}},"2Q":{"8M":{"V3":"13","W3":"13"},"7H":{"CM":"13","9J":"13","9M":"13"},"VV":{"XV":"13","XW":"13"},"6F":{"VX":"13","G6":"13"},"FR":{"6H":"13","CV":"13","7M":"13","6M":"13","7H":"13","7P":"13","9V":"13","6J":"13","7J":"13"},"69":{"32":"13","42":"13","43":"13","PR":"13","33":"13","22":"13"},"38":{"M5":"13","H5":"13","M6":"13","J4":"13","G5":"13","J6":"13","J5":"13","G6":"13","H6":"13"},"WV":{"2W":"13","QR":"13","2V":"13"},"JV":{"84":"13","74":"13"},"HP":{"MV":"13","PV":"13","PW":"13"},"XM":{"5H":"13"},"2J":{"4F":"13","5G":"13","4G":"13","5F":"13"},"VW":{"XV":"13","XR":"13"},"59":{"J8":"13","H9":"13","H8":"13","J9":"13"},"6H":{"GP":"13","GQ":"13","8J":"13"},"9P":{"29":"13"},"6G":{"86":"13","V2":"13","96":"13"},"XR":{"38":"13","37":"13","8X":"13","28":"13","8W":"13","27":"13"},"4C":{"7F":"13","6F":"13"},"GQ":{"XV":"13"},"WX":{"93":"13","C3":"13"},"WW":{"RW":"13","2R":"13","W8":"13","QW":"13","2V":"13","W9":"13"},"8P":{"X9":"13","X8":"13"},"CV":{"W8":"13","R5":"13","V8":"13","W9":"13","R8":"13","V7":"13","R6":"13","R7":"13","V6":"13","V9":"13"},"48":{"J3":"13","H5":"13","H4":"13","J4":"13","J5":"13"},"CX":{"6W":"13"}},"C9":{"PW":{"MV":"13","JV":"13","JW":"13"},"7H":{"WC":"13","VC":"13","W9":"13","V9":"13"},"7M":{"7W":"13","5V":"13","4V":"13"},"QM":{"MQ":"13","MR":"13"},"C6":{"FH":"13","GH":"13","4V":"13"},"W9":{"WM":"13"},"PP":{"V2":"13","67":"13"},"WJ":{"P5":"13"},"QV":{"76":"13"},"QR":{"2W":"13","6R":"13"},"PH":{"XX":"13","JH":"13","JJ":"13","MJ":"13","MH":"13","WX":"13"},"GM":{"M5":"13","P4":"13","J4":"13","M4":"13","M3":"13","GJ":"13","P3":"13"},"G9":{"39":"13","49":"13","4C":"13","3C":"13"},"QF":{"FQ":"13","HG":"13","GQ":"13","WM":"13"},"6M":{"WV":"13","WR":"13","WW":"13","MC":"13"},"RC":{"5R":"13","VG":"13","VF":"13","JR":"13","5V":"13"},"CP":{"W7":"13","W8":"13","94":"13"},"GJ":{"9Q":"13","HF":"13","HC":"13","GF":"13","GC":"13"},"WQ":{"55":"13"},"MX":{"93":"13"},"CM":{"R5":"13","R6":"13","8V":"13"},"GV":{"G9":"13","FC":"13","M8":"13","M7":"13","F9":"13","V5":"13","GC":"13"},"67":{"VF":"13"},"VG":{"M2":"13","M3":"13"},"GW":{"MP":"13","MQ":"13"},"X9":{"GP":"13","GQ":"13"},"FW":{"27":"13"},"GH":{"QJ":"13","FR":"13","FQ":"13","9P":"13","68":"13","78":"13"},"7Q":{"G8":"13"},"V3":{"63":"13","72":"13","62":"13"},"7C":{"2W":"13","X7":"13"},"WP":{"2C":"13","3C":"13"},"W7":{"XR":"13"},"WM":{"Q3":"13","5Q":"13","6Q":"13"},"FP":{"4J":"13","54":"13","Q6":"13","XM":"13","CH":"13","64":"13","J4":"13"},"JQ":{"6V":"13"},"RW":{"XH":"13"},"C4":{"HJ":"13","GM":"13","C8":"13","HM":"13"},"7J":{"54":"13","42":"13"},"VQ":{"QF":"13","PC":"13","PF":"13","QC":"13"},"RQ":{"5C":"13","CM":"13","9V":"13"},"VR":{"P8":"13"},"6G":{"GM":"13","HM":"13"},"HR":{"RH":"13","4X":"13","JF":"13","2F":"13","JX":"13","JG":"13","V8":"13","VH":"13","6C":"13","33":"13"},"WC":{"VC":"13"},"72":{"8V":"13","7R":"13","8R":"13"},"WW":{"59":"13","4H":"13","3H":"13","68":"13"},"GC":{"JQ":"13","JG":"13"},"96":{"W7":"13"},"7V":{"99":"13"},"WR":{"PG":"13"},"C3":{"FV":"13","9Q":"13","97":"13","QR":"13","9P":"13","QV":"13"},"R4":{"Q7":"13"},"C9":{"XJ":"13"},"77":{"C8":"13"},"HP":{"HJ":"13","3V":"13","GP":"13","9W":"13","79":"13","GQ":"13","GJ":"13","4V":"13"},"GF":{"R9":"13","V9":"13"},"GQ":{"5C":"13","VJ":"13","9W":"13","9V":"13","59":"13","FM":"13","MR":"13","WJ":"13","JR":"13","P3":"13","P2":"13"},"X8":{"W2":"13","W3":"13","65":"13","8F":"13","9P":"13","8C":"13"},"RF":{"F2":"13","G2":"13","22":"13"},"GP":{"R8":"13","6V":"13","WH":"13","FW":"13"},"5C":{"QJ":"13","WH":"13","QH":"13","WG":"13"},"RV":{"MV":"13","JV":"13","PV":"13","V6":"13"},"GG":{"VQ":"13"},"HV":{"7F":"13","H2":"13","J2":"13"},"6H":{"QP":"13","PP":"13","H7":"13","JM":"13"},"FH":{"44":"13","9R":"13"},"MP":{"7F":"13","H8":"13","5F":"13"},"FM":{"JP":"13","X4":"13","MP":"13","PC":"13","MC":"13","CV":"13"},"WV":{"F2":"13","5P":"13","HX":"13"},"HM":{"JP":"13","HQ":"13","HP":"13","W9":"13","F6":"13"},"JV":{"XX":"13","XM":"3"},"MM":{"FV":"13","FR":"13","MM":"13","GR":"13","GV":"13"},"JW":{"QF":"13","RF":"13","X2":"13","6H":"13","6J":"13"},"MW":{"22":"13"},"6C":{"37":"5","67":"5","27":"5"},"XC":{"C4":"13"},"QJ":{"R7":"13"},"F9":{"4P":"13"},"9Q":{"7Q":"13"},"JM":{"7F":"13","8J":"13"},"VW":{"88":"13","2H":"13","78":"13"},"54":{"XP":"13","3F":"13","WP":"13"},"VV":{"Q3":"13","63":"13","RX":"13"},"QX":{"WC":"13","XC":"13"},"9R":{"C6":"13","95":"13","C5":"13"},"XJ":{"R5":"13","62":"13"},"87":{"QR":"13","XX":"13","XW":"13"},"PX":{"VQ":"13"},"HQ":{"JF":"13","HG":"13","JG":"13"},"MV":{"2X":"13","72":"13","2M":"13"},"88":{"V4":"13","R2":"13","V6":"13"},"VF":{"8M":"13","6Q":"13","8P":"13"},"59":{"XP":"13"},"HW":{"HF":"13","V6":"13"},"JP":{"75":"13","FH":"13","49":"13","HR":"13"},"6W":{"QH":"13","PH":"13","VC":"13"},"8F":{"HQ":"13","57":"13","JR":"13","HR":"13"},"7F":{"Q7":"13"},"56":{"JV":"13"},"8G":{"22":"13"},"6F":{"JC":"13","M9":"13","W8":"13","MC":"13","J9":"13"},"X7":{"Q8":"13","P8":"13","5P":"13","JQ":"13","CF":"13"},"69":{"8G":"13","9X":"13","2P":"13"},"55":{"J9":"13"}},"26":{"MX":{"FV":"13","34":"13","35":"13"},"9M":{"M9":"13"},"PV":{"XV":"13"},"RX":{"H9":"13","HC":"13"},"GH":{"R6":"13","HX":"13"},"7F":{"JJ":"13","MJ":"13"},"6M":{"X3":"13"},"HM":{"8F":"13","9C":"13","8C":"13"},"HR":{"9W":"13"},"6R":{"J6":"13"},"PP":{"JJ":"13"},"7H":{"94":"13"},"MM":{"42":"13"},"9G":{"8V":"13","9X":"13","8X":"13","MG":"13","MJ":"13","PG":"13","MF":"13","QF":"13","8W":"13","MM":"13","VF":"13","PF":"13","QG":"13","9V":"13","VG":"13","9W":"13"},"CF":{"86":"13","85":"13","95":"13","96":"13"},"2H":{"RW":"13"},"8X":{"26":"13","25":"13"},"GW":{"GJ":"13"},"8R":{"64":"13"},"GJ":{"H2":"13"},"7C":{"5V":"13"},"5M":{"6X":"13"},"4P":{"VF":"13"},"9V":{"Q8":"13"},"HG":{"32":"13","33":"13"},"CP":{"VF":"13"},"MJ":{"4X":"13"},"JQ":{"8V":"13","7V":"13"},"9W":{"86":"13","85":"13","RP":"13","95":"13","RM":"13","96":"13"},"HX":{"MG":"13"},"FG":{"F3":"13","C3":"13"},"JV":{"HW":"13","46":"13","56":"13"},"9F":{"9W":"13"},"CJ":{"WH":"13","WG":"13"},"CV":{"68":"13"},"GX":{"9W":"13","9V":"13"},"FV":{"RH":"13","VH":"13"},"3C":{"4H":"13"},"6C":{"QW":"13","QV":"13"},"9R":{"VV":"13","WV":"13","VW":"13","WW":"13"},"8H":{"FR":"13"},"7M":{"23":"13"},"HQ":{"26":"13","GP":"13","FP":"13"},"48":{"R8":"13","R9":"13","V8":"13","V9":"13"},"RW":{"36":"13","37":"13"},"4Q":{"RF":"13","4X":"13","RC":"13","QC":"13"},"7X":{"3M":"13","2M":"13"},"MR":{"8X":"13"},"3P":{"4J":"13"}},"CJ":{"GX":{"26":"13"},"3V":{"W2":"13","V2":"13"},"3R":{"WR":"13","GM":"13","WX":"13","VX":"13","GJ":"13","HM":"13"},"FX":{"V7":"13","XF":"13","R7":"13","R6":"13","WF":"13"},"5W":{"6C":"13"},"2W":{"WQ":"13","VP":"13","VQ":"13"},"3X":{"Q6":"13","R7":"13","R6":"13","Q7":"13"},"CV":{"X7":"13"},"3W":{"MX":"13","HW":"13","JW":"13","HX":"13","JX":"13","MW":"13"},"4V":{"R9":"13","Q9":"13"},"9R":{"HF":"13","GG":"13","H9":"13","HC":"13","GF":"13","HG":"13"},"FV":{"26":"13","27":"13"},"2X":{"22":"13"},"9V":{"QJ":"13","PJ":"13","RH":"13","RJ":"13","VJ":"13","PH":"13","VH":"13"},"7V":{"F2":"13","G3":"13","F3":"13","G2":"13"},"5V":{"Q4":"13","H9":"13","R4":"5","P3":"13","R5":"5","M4":"13","C3":"13","C2":"13","J9":"13","P4":"13","HC":"13","93":"13","JC":"13","F3":"13","Q3":"13"},"FW":{"34":"13","44":"13","32":"13","23":"13","43":"13","33":"13","22":"13"},"CR":{"PV":"13","QV":"13"},"8Q":{"Q2":"13","P2":"13"},"2R":{"HJ":"13","HH":"13","JH":"13","JJ":"13"},"8P":{"QX":"13"}},"9M":{"XV":{"HG":"13","HH":"13","M8":"13","J8":"13","GG":"13","M9":"13","J9":"13","5R":"13","6R":"13","6V":"13","GH":"13","5V":"13","6Q":"13","5Q":"13"},"XM":{"HW":"13","JW":"13","GW":"13","HV":"13","GV":"13"},"XH":{"9Q":"13","FQ":"13","CQ":"13"},"X3":{"HJ":"13","HH":"13","JH":"13","JJ":"13","JG":"13"},"X9":{"MC":"13"},"XW":{"8M":"13","9M":"13"},"X8":{"JM":"13","HM":"13"}},"27":{"35":{"F5":"13","CC":"13","C5":"13"},"G8":{"CV":"13"},"H3":{"2J":"13"},"86":{"X2":"13"},"8P":{"W6":"13"},"84":{"H9":"13","H8":"13","FJ":"13"},"J9":{"R8":"13","R9":"13","Q9":"13"},"F4":{"39":"13"},"X3":{"M2":"13"},"H4":{"WX":"13"},"C5":{"2G":"13"},"P3":{"FM":"13"},"GR":{"98":"13","97":"13","FC":"13","FF":"13"},"QV":{"64":"13"},"V4":{"W7":"13","W8":"13"},"H9":{"WH":"13","H8":"13","G8":"13","WJ":"13"},"P6":{"VR":"13","RX":"13","VX":"13"},"W5":{"FH":"13","JH":"13","CH":"13","FJ":"13","JJ":"13","MH":"13"},"Q7":{"FJ":"13","FM":"13"},"X6":{"G3":"13","H5":"13","F3":"13","G4":"13","F4":"13","J6":"13","C3":"13","J5":"13","H6":"13"},"X4":{"34":"13"},"MR":{"2P":"13","2M":"13"},"F5":{"67":"13","68":"13"},"V6":{"6F":"13"},"42":{"XX":"13","WX":"13"},"X2":{"MX":"13"},"RR":{"RF":"13","QF":"13","QG":"13","RG":"13"},"7C":{"JM":"13"},"W3":{"C6":"13"},"WP":{"PX":"13"},"43":{"W2":"13","X2":"13"},"VQ":{"4H":"13","3H":"13"},"CV":{"3R":"13"},"VR":{"GJ":"13"},"29":{"F8":"13","G8":"13"},"R2":{"8G":"13","7G":"13"},"82":{"FV":"13","FR":"13"},"94":{"HC":"13"},"HR":{"W4":"13","W5":"13","X5":"13","X4":"13"},"P2":{"RC":"13"},"J6":{"QX":"13","PX":"13"},"V2":{"F9":"13"},"53":{"X6":"13","QM":"13","PM":"13","QP":"13","PP":"13"},"WR":{"3F":"13"},"Q6":{"6V":"13","PW":"13","5V":"13"},"PR":{"XQ":"13"},"2Q":{"HW":"13","JV":"13","JW":"13","HV":"13"},"GF":{"6X":"13"},"57":{"CP":"13","CM":"13"},"C2":{"WV":"13"},"P7":{"2P":"13"},"R3":{"VG":"13"},"W6":{"7F":"13","8J":"13","7G":"13"},"63":{"RJ":"13","VM":"13","RM":"13"},"CH":{"XQ":"13"},"F6":{"Q4":"13","P4":"13"},"V5":{"56":"13"},"XM":{"H9":"13"},"Q3":{"JP":"13","JQ":"13","WJ":"13"},"F9":{"7M":"13","7P":"13","6M":"13","6P":"13"},"VV":{"37":"13","27":"13"},"QX":{"9F":"13","9C":"13"},"J8":{"5Q":"13"},"4F":{"5M":"13"},"XP":{"Q3":"13","Q4":"13","V9":"13"},"5W":{"PQ":"13","QQ":"13"},"22":{"MG":"13"},"PV":{"XW":"13"},"44":{"FQ":"13"},"J3":{"JF":"13","JG":"13"},"56":{"2R":"13"},"75":{"34":"13","58":"13","25":"13","24":"13","FM":"13","68":"13"},"X7":{"54":"13","53":"13"},"G5":{"5P":"13"}},"R3":{"G6":{"J7":"13","M6":"13","4R":"13","J6":"13","J5":"13"},"G9":{"CJ":"13"},"G5":{"QR":"13"},"M2":{"QJ":"13","QM":"13"},"GC":{"J2":"13"},"F8":{"R7":"13"},"JJ":{"6R":"13"},"JP":{"C6":"13"},"H5":{"72":"13"},"JW":{"X7":"13"},"G8":{"Q6":"13","R7":"13","R6":"13","V6":"13","Q7":"13"},"G7":{"32":"13"}},"4H":{"54":{"38":"13","28":"13","27":"13"},"44":{"63":"13","38":"13","FH":"13","CH":"13","64":"13","53":"13","28":"13"},"42":{"MR":"13","FX":"13","XF":"13","JW":"13","JV":"13","MV":"13","JR":"13","HW":"13"},"5P":{"4F":"13","4G":"13","4H":"13","3F":"13"},"6M":{"P9":"13"},"45":{"32":"13","42":"13"},"43":{"VQ":"13","74":"13","75":"13","65":"13","3M":"13","4H":"13","3H":"13","WQ":"13","64":"13","3G":"13","J4":"13","3J":"13","2G":"13"},"53":{"44":"13","4F":"13","45":"13","4V":"13"}},"H5":{"62":{"C3":"13"},"3R":{"54":"13","53":"13"},"4J":{"CC":"13"},"2C":{"8X":"13"},"2W":{"MQ":"13","JQ":"13"},"5J":{"34":"13"},"3M":{"H2":"13"},"2M":{"3P":"13","3M":"13"},"83":{"2C":"13","2F":"13","3C":"13","3F":"13"},"33":{"Q8":"13"},"29":{"CJ":"13","CM":"13","FJ":"13","FM":"13"},"3W":{"66":"13","56":"13"},"5G":{"5R":"13","4R":"13","95":"13","94":"13","5V":"13","4V":"13"},"4V":{"39":"13","38":"13","49":"13","48":"13"},"48":{"G4":"13"},"3P":{"9J":"13","9M":"13"},"3F":{"8H":"13"},"4G":{"9P":"13"},"2X":{"FX":"13","CX":"13"},"42":{"JH":"13"},"3C":{"R9":"13","V9":"13"},"49":{"MR":"13"},"3G":{"RH":"13","2F":"13","RJ":"13","2G":"13"},"69":{"2W":"13","2V":"13","3W":"13"},"3J":{"C6":"13","F6":"13"},"2Q":{"G7":"13","F7":"13"},"2R":{"X2":"13"}},"CH":{"R8":{"QH":"13"},"Q3":{"4F":"13","3F":"13"},"J7":{"5C":"13","7M":"13","59":"13","49":"13","6M":"13","4C":"13"},"F2":{"5C":"13","69":"13","58":"13","59":"13","49":"13","48":"13"},"H2":{"Q8":"13","Q7":"13"},"X4":{"6G":"13"},"99":{"FQ":"13","FP":"13"},"C2":{"CH":"13","CG":"13"},"95":{"J6":"13","J5":"13"},"C8":{"JF":"13"},"J5":{"W5":"13","X5":"13","X4":"13"},"C5":{"V9":"13"},"C4":{"23":"13"}},"F6":{"XV":{"QW":"13","PW":"13"},"VV":{"W4":"13","X4":"13"},"X4":{"FF":"13"},"X2":{"53":"13"},"X8":{"82":"13","92":"13"}},"CR":{"2W":{"FV":"13","PJ":"13","MM":"13","Q2":"13","PM":"13","MP":"13","PP":"13","FW":"13","GW":"13","GV":"13"},"5W":{"W7":"13"},"3X":{"C6":"13","97":"13","87":"13","96":"13","GC":"13"},"6W":{"7W":"13","8X":"13","7X":"13","8W":"13"},"5V":{"G5":"13"},"3W":{"98":"13","86":"13","76":"13","XM":"13","87":"13"}},"CQ":{"83":{"Q3":"13","Q4":"13","MX":"13","Q5":"13","R5":"13","VF":"13","R6":"13","WF":"13","R4":"13","JX":"13","WC":"13","VC":"13","V6":"13"},"86":{"J3":"13","H2":"13","J2":"13"},"PM":{"CM":"13"},"CC":{"VG":"13","WG":"13"},"87":{"XP":"13"},"CH":{"X9":"13"},"C9":{"FG":"13"}},"2W":{"8V":{"3Q":"13","3R":"13"},"8X":{"63":"13","52":"13","53":"13","62":"13"},"7H":{"H8":"13","G8":"13","G7":"13","H7":"13"},"5X":{"6V":"13","6R":"13"},"8P":{"72":"13"},"FQ":{"PM":"13"},"7M":{"HF":"13","JF":"13","59":"13","HG":"13","JG":"13"},"MH":{"32":"13","3P":"13","42":"13","3J":"13","3M":"13","2M":"13"},"5F":{"JP":"13","JM":"13"},"JJ":{"WW":"13","VW":"13","3F":"13","Q2":"13","V7":"13","R6":"13","R7":"13","WJ":"13","RJ":"13","VJ":"13"},"HJ":{"79":"13","7C":"13"},"JR":{"2R":"13","2V":"13"},"5G":{"FW":"13"},"FW":{"54":"13","55":"13"},"7Q":{"R7":"13"},"7J":{"R5":"13"},"CV":{"HF":"13"},"HR":{"XV":"13","XR":"13"},"7X":{"FV":"13","FW":"13","FX":"13"},"PF":{"4Q":"13","4R":"13","64":"13"},"HH":{"3J":"13"},"HP":{"5G":"13","4G":"13"},"57":{"6W":"13","7W":"13"},"58":{"C6":"13","C7":"13","96":"13"},"46":{"P2":"13","68":"13","78":"13"},"FR":{"X4":"13"},"6H":{"XJ":"13","WJ":"13","J5":"13"},"CH":{"9W":"13"},"MM":{"VG":"13","VH":"13"},"6C":{"F8":"13","F7":"13","C7":"13","C8":"13"},"PC":{"FQ":"13","FP":"13"},"4F":{"RQ":"13","RP":"13","VP":"13","VQ":"13"},"9R":{"CC":"13","9C":"13"},"9G":{"5P":"13"},"7G":{"GP":"13","HP":"13","XW":"13","WW":"13","XX":"13","WX":"13","CH":"13","9H":"13","9J":"13","CJ":"13"},"8R":{"3P":"13","4P":"13"},"MF":{"G9":"13","4J":"13","5J":"13","6M":"13","5M":"13","5P":"13","98":"13","99":"13","4M":"13","89":"13","G8":"13","9P":"13","G7":"13","88":"13"},"JP":{"V7":"13","P5":"13","M5":"13","P4":"13","M4":"13","M7":"13","V8":"13"},"34":{"RQ":"13","QP":"13","QQ":"13"},"6F":{"MF":"13","MG":"13","G6":"13"}},"P4":{"XG":{"X6":"13","W6":"13"}},"F8":{"MP":{"H5":"13"},"MJ":{"P5":"13"},"MM":{"R5":"13"},"QV":{"Q4":"13"},"VR":{"23":"13","24":"13"},"MQ":{"GH":"13","7V":"13","7R":"13"},"RR":{"X4":"13"},"RP":{"3V":"13","QM":"13","3W":"13","G6":"13"},"QX":{"CP":"13"},"JW":{"RV":"13","RW":"13","JW":"13","JX":"13"},"QR":{"JQ":"13"},"RJ":{"39":"13"},"PX":{"VP":"13","WP":"13"}},"Q3":{"4X":{"XV":"13","CW":"13"},"5W":{"2G":"13"}},"G7":{"84":{"8V":"13","7V":"13"},"7J":{"J8":"13","M8":"13"},"G9":{"36":"13"},"65":{"6X":"13","5W":"13","5X":"13","6W":"13"},"4G":{"33":"13"},"6V":{"X4":"13","X3":"13"},"35":{"3M":"13"},"92":{"69":"13","59":"13"},"7P":{"FM":"13","FP":"13"},"6H":{"RP":"13"},"6P":{"58":"13","48":"13"},"46":{"X2":"13"},"22":{"24":"13"},"4P":{"PJ":"13"},"8G":{"R3":"13","Q3":"13"},"7V":{"23":"13","24":"13"},"H6":{"XX":"13","WX":"13","WW":"13","XW":"13"},"4M":{"C5":"13","C4":"13"},"M3":{"93":"13","C3":"13"},"39":{"8M":"13","7M":"13"},"7M":{"V4":"13"}},"2P":{"2F":{"7H":"13","8H":"13","7J":"13"},"2X":{"W8":"13","V8":"13"},"4H":{"QF":"13"},"3W":{"4X":"13","3X":"13"}},"8W":{"8W":{"2F":"13"},"7F":{"FV":"13","FR":"13","GV":"13"},"8F":{"RQ":"13"},"88":{"M2":"13","M3":"13"},"6J":{"G4":"13","F4":"13"},"7P":{"29":"13","3F":"13"},"86":{"54":"13"},"9H":{"PV":"13"},"2C":{"44":"13","VJ":"13","RJ":"13","VM":"13","55":"13","45":"13","RM":"13"},"6P":{"X9":"13"},"4C":{"PG":"13","MG":"13"},"46":{"GG":"13","JJ":"13","GH":"13"},"9G":{"G5":"13","G6":"13"},"CF":{"F8":"13","G8":"13"},"8X":{"JP":"13","HP":"13"},"7C":{"86":"13","85":"13","96":"13"},"28":{"H2":"13","G2":"13"},"79":{"C8":"13"},"8G":{"HQ":"13","GQ":"13","HR":"13"},"36":{"5M":"13","6M":"13"},"7G":{"HQ":"13","75":"13","89":"2","87":"13","HR":"13","QC":"13"},"5C":{"V3":"13","W2":"13","V2":"13"},"68":{"4X":"13"},"27":{"RW":"13","37":"13","RX":"13","F4":"13","C3":"13","C4":"13","27":"13"},"FF":{"FR":"13","CQ":"13","CR":"13"},"8M":{"J3":"13","H2":"13","H3":"13","J2":"13"},"6F":{"V7":"13","W7":"13","V6":"13"},"6G":{"44":"13","43":"13"},"66":{"M6":"13"}},"39":{"9Q":{"G4":"13"},"G3":{"XP":"13","XQ":"13","CH":"13","CG":"13"},"5C":{"63":"13","54":"13","64":"13"},"36":{"CP":"13","8H":"13","CM":"13","9J":"13","9H":"13","8J":"13"},"H4":{"32":"13"},"QH":{"F3":"13","C3":"13"},"2X":{"HW":"13","JV":"13","JW":"13"},"H3":{"3X":"13","2P":"13","2Q":"13"},"PP":{"8H":"13","8J":"13"},"43":{"PF":"13"},"53":{"RQ":"13","RP":"13"},"J6":{"9F":"13","9C":"13"},"PF":{"GM":"13"}},"2F":{"5W":{"F8":"13","F7":"13","C7":"13","C8":"13","F6":"13"},"6W":{"3V":"13","4R":"13","3R":"13","5V":"13","4V":"13"}},"F9":{"4X":{"RW":"13"},"M8":{"98":"13","C8":"13"},"PV":{"HH":"13","JH":"13"},"9M":{"98":"13","99":"13"},"GC":{"R7":"13"},"5C":{"84":"13","39":"13","38":"13","6W":"13"},"8H":{"4H":"13"},"PR":{"M9":"13","P9":"13"},"V5":{"PC":"13"},"8X":{"PH":"13"},"JW":{"H8":"13","H7":"13"},"HG":{"VH":"13"},"HW":{"J6":"13","H6":"13"},"CQ":{"QX":"13"},"4G":{"F8":"13","G8":"13","G7":"13","F7":"13"},"JQ":{"5Q":"13","5R":"13"},"MR":{"WR":"13","XR":"13"},"5G":{"V8":"13","H6":"13"},"29":{"Q8":"13","35":"13","MF":"13","R8":"13","M9":"13","MC":"13","JF":"13","GF":"13","9P":"13","JC":"13"},"4F":{"F2":"13","69":"13","G2":"13","79":"13","7C":"13"},"39":{"7H":"13","HG":"13","P4":"13","7W":"13","M4":"13","8W":"13"},"MP":{"GJ":"13"},"Q5":{"HW":"13","JW":"13","HX":"13","JX":"13"},"QQ":{"93":"13","C3":"13","4V":"13"},"8V":{"QJ":"13","RJ":"13"},"49":{"25":"13","WR":"13","XH":"13","XR":"13","XJ":"13"},"CF":{"26":"13","GG":"13","25":"13"},"7V":{"G8":"13"},"FV":{"FJ":"13","FM":"13"},"MV":{"9F":"13","9G":"13"},"R2":{"45":"13","78":"13","5V":"13"},"PP":{"97":"13","5G":"13","7R":"13"},"GJ":{"9Q":"13","CQ":"13"},"9V":{"CF":"13"},"W5":{"P9":"13","Q9":"13"},"76":{"5Q":"13","4Q":"13"},"HR":{"FH":"13","GH":"13"},"3H":{"CW":"13","9W":"13"},"PQ":{"WP":"13"},"JX":{"FG":"13","CG":"13","FF":"13","CF":"13"},"6F":{"JF":"13","CM":"13"},"9X":{"45":"13"},"P3":{"G5":"13","V6":"13"},"47":{"4X":"13","4W":"13","3X":"13","3W":"13"},"F7":{"GV":"13"},"RH":{"28":"13"},"R6":{"RC":"13"},"FG":{"PC":"13","QC":"13"},"C8":{"V7":"13","V6":"13"},"9W":{"MV":"13","JV":"13"},"P8":{"32":"13"},"2M":{"PM":"13","V2":"13","WQ":"13"},"8W":{"VC":"13"},"8C":{"W8":"13","W9":"13","V8":"13","V9":"13"},"CW":{"7C":"13"},"CV":{"JF":"13","JG":"13","X8":"13"},"F9":{"RF":"13","V6":"13","RC":"13","W6":"13"},"JR":{"F8":"13","F7":"13","C7":"13","C8":"13"},"H9":{"76":"13"},"89":{"6F":"13","9X":"13","6G":"13","CX":"13"},"J9":{"4J":"13","5J":"13"},"G9":{"74":"13","MH":"13","GV":"13"},"RC":{"7H":"13"},"48":{"PH":"13"},"2G":{"XM":"13","WM":"13"},"PH":{"4V":"13"},"QC":{"R8":"13","XG":"13","XF":"13","V8":"13"},"27":{"RV":"13","5Q":"13","RR":"13","8H":"13","P7":"13","7J":"13","C3":"13","28":"13"},"P2":{"XP":"13","GW":"13"},"7C":{"VV":"13","WV":"13","FH":"13","47":"13","4H":"13","3H":"13","Q9":"13"},"W7":{"MC":"13"},"69":{"98":"13","97":"13","3V":"13","3R":"13"},"MC":{"JG":"13"},"2J":{"RR":"13","6J":"13","7J":"13"},"37":{"QG":"13","QH":"13","FJ":"13","68":"13"},"MQ":{"MV":"13","PV":"13"},"Q2":{"FV":"13","PH":"13","C2":"13","GH":"13"},"7F":{"5P":"13","4P":"13"},"78":{"XX":"13","WX":"13","WW":"13","XW":"13"},"66":{"RF":"13","VF":"13"},"JP":{"7R":"13","8R":"13"},"59":{"2H":"13","RG":"13","QF":"13","QG":"13","5R":"13","RF":"13","2J":"13","5Q":"13"},"6C":{"88":"13","J8":"13","87":"13","G2":"13"},"5V":{"C6":"13","F6":"13"},"GQ":{"G5":"13","G6":"13"},"4V":{"XX":"13"},"68":{"MM":"13","MP":"13"},"QH":{"2C":"13"},"MM":{"JJ":"13"},"3M":{"2C":"13"}},"9Q":{"P7":{"RV":"13","VV":"13","QR":"13","RR":"13","VR":"13","QV":"13"},"P6":{"G9":"13","J8":"13","H9":"13","HC":"13","H8":"13","J9":"13","GC":"13"},"P4":{"6C":"13","7C":"13"}},"3G":{"V4":{"WX":"13","WW":"13","VX":"13"},"V2":{"F3":"13"},"W5":{"QR":"13","QQ":"13"},"P5":{"95":"13","94":"13"},"FJ":{"G9":"13","G5":"13","MP":"13","F4":"13","JM":"13","JP":"13","F9":"13","F5":"13","G4":"13"},"M5":{"X6":"13","X5":"13"},"V3":{"F3":"13","C3":"13"},"FC":{"3J":"13","2J":"13","2H":"13","3H":"13"},"W3":{"RH":"13","VJ":"13","RJ":"13","VH":"13"},"Q2":{"MX":"13","JX":"13"},"FV":{"RQ":"13"},"C8":{"54":"13","65":"13","46":"13","66":"13","55":"13","45":"13","56":"13"},"Q3":{"J2":"13","M2":"13"}},"C7":{"FG":{"MX":"13"},"MM":{"2V":"13"},"8J":{"F3":"13"},"CG":{"3X":"13","5V":"13"},"7V":{"2X":"13"},"6X":{"75":"13","65":"13","76":"13","66":"13"},"JV":{"VM":"13","WM":"13"},"7R":{"JH":"13","JJ":"13"},"HQ":{"MP":"13","MQ":"13"},"8Q":{"5G":"13","6H":"13","6G":"13","5H":"13"},"8P":{"5M":"13","6W":"13"}},"4F":{"GX":{"Q8":"13","H8":"13","G8":"13","G7":"13","H7":"13","Q7":"13","PX":"13","PW":"13"},"HX":{"69":"13","W2":"13","X2":"13"},"JX":{"22":"13"}},"C8":{"9Q":{"4V":"13"},"84":{"MX":"13","HW":"13","JV":"13","HQ":"13","HX":"13","JX":"13","GQ":"13"},"9M":{"C6":"13","96":"13"},"FQ":{"G9":"13","H9":"13","H8":"13","G8":"13"},"7J":{"G3":"5"},"RV":{"C6":"13","F6":"13"},"95":{"5X":"13","8P":"13"},"9P":{"4W":"13","3W":"13"},"GH":{"77":"13","67":"13","43":"13"},"CW":{"V7":"13","R7":"13"},"65":{"78":"13","8X":"13","C6":"13","F6":"13","8W":"13","6R":"13","98":"13","6V":"13","7V":"13","97":"13","69":"13","79":"13","87":"13","88":"13"},"85":{"H4":"13","J4":"13","J5":"13"},"7F":{"74":"13"},"35":{"CJ":"13","FQ":"13"},"88":{"8X":"13","VV":"13","VW":"13","4V":"13","7X":"13","6V":"13","7V":"13","5V":"13"},"57":{"V5":"13"},"86":{"V8":"13"},"6X":{"G8":"13"},"9H":{"H9":"13","H8":"13","MP":"13"},"9G":{"F6":"13"},"8R":{"64":"13"},"78":{"VV":"13","WV":"13"},"7C":{"QG":"13|5","RG":"13"},"56":{"XV":"13","WV":"13","WW":"13","XW":"13"},"9V":{"CP":"13"},"79":{"WC":"13"},"24":{"G5":"13"},"99":{"6F":"13","25":"13","24":"13","35":"13"},"F2":{"HQ":"13","HR":"13"},"77":{"7G":"13","5J":"13","2M":"13","3M":"13","7M":"13","FP":"13","7F":"13","79":"13","6J":"13"},"FM":{"X4":"13"},"43":{"26":"13"},"CG":{"4P":"13","GV":"13","4Q":"13","H4":"13","5P":"13","GR":"13","5Q":"13"},"89":{"85":"13","2C":"13","W3":"13","G8":"13","H3":"13"},"55":{"6R":"13","4C":"13"},"CX":{"FG":"13","CG":"13"},"9F":{"XX":"13","CG":"13"},"CV":{"73":"13","P7":"13","MC":"13","Q9":"13","7C":"13"},"96":{"44":"13"},"8P":{"F9":"13"},"54":{"W5":"13"},"C9":{"HP":"13","JQ":"13"},"8M":{"5W":"13","9X":"13","9W":"13","6W":"13"},"FR":{"HQ":"13","Q6":"13"},"7M":{"X5":"13"},"VQ":{"VX":"13"},"GF":{"HV":"13","GV":"13"},"64":{"65":"13","76":"13","87":"13","56":"13"},"7X":{"39":"13"},"66":{"C5":"13","C6":"13","6C":"13","47":"13","92":"13","98":"13","69":"13","96":"13"}},"9R":{"JP":{"GX":"13","HX":"13"},"JQ":{"G3":"13","H9":"13"}},"2G":{"H7":{"GX":"13","FW":"13","FX":"13","GW":"13"},"43":{"XQ":"13","XR":"13"},"3V":{"G9":"13","G7":"13","F7":"13","F6":"13","G6":"13"},"2P":{"GP":"13","GM":"13","FM":"13","FP":"13"},"3M":{"88":"13","98":"13","86":"13","97":"13","87":"13","96":"13"},"6M":{"2J":"13","2M":"13"},"5M":{"XP":"13","XM":"13","XJ":"13"},"45":{"CP":"13","CM":"13","9P":"13","9M":"13"},"5X":{"6Q":"13","6P":"13"},"3P":{"8F":"13"},"53":{"2R":"13","2Q":"13"},"RF":{"73":"13","74":"13","64":"13"},"2J":{"X6":"13","X5":"13","W3":"13","X4":"13","X2":"13","X3":"13"},"7R":{"QJ":"13","PJ":"13","PM":"13","QM":"13"},"3J":{"43":"13","35":"13","34":"13","33":"13","25":"13","45":"13","44":"13","42":"13","36":"13","22":"13","23":"13","32":"13","24":"13","26":"13","55":"13","54":"13"},"2Q":{"F2":"13","F3":"13","C2":"13"},"4X":{"75":"13","74":"13"}},"R5":{"G2":{"QR":"13","RR":"13"}},"2V":{"P5":{"42":"13","52":"13"},"HF":{"W4":"13","V4":"13"},"H5":{"CG":"13"},"HP":{"C2":"13","92":"13"},"HC":{"98":"13","97":"13"},"HM":{"9X":"13","CX":"13"}},"FF":{"M5":{"F9":"13"},"7P":{"WQ":"13"},"4Q":{"HR":"13"},"GP":{"J3":"13","J2":"13"},"F5":{"MP":"13","MQ":"13"},"8P":{"5C":"13","4F":"13","4C":"13","5F":"13"},"C4":{"7M":"13","7J":"13"},"JW":{"MH":"13"},"G6":{"XP":"13","R5":"13","R6":"13"},"3R":{"4V":"13","5V":"13"},"PC":{"R3":"13","V3":"13","V4":"13","R4":"13"},"HW":{"75":"13","76":"13"},"4R":{"4H":"13","2H":"13","5H":"13"},"84":{"C4":"13","94":"13"},"9J":{"8X":"13","8W":"13"},"99":{"PG":"13","PH":"13"},"5Q":{"WJ":"13"},"CG":{"9F":"13","CF":"13"},"6J":{"QR":"13","RR":"13"},"P4":{"R7":"13"},"Q5":{"28":"13"},"4W":{"92":"13"},"5M":{"RV":"13"},"9H":{"9P":"13","JJ":"13","8P":"13"},"49":{"F5":"13","79":"13","F4":"13"},"M4":{"HR":"13"},"F4":{"QV":"13"},"9F":{"R8":"13","Q8":"13","R7":"13"},"4P":{"82":"13"},"7R":{"88":"13","98":"13","89":"13"},"5J":{"JG":"13"},"85":{"GM":"13","GJ":"13"},"QF":{"26":"13","27":"13"},"3H":{"76":"13","66":"13"},"6F":{"R2":"13","Q2":"13","G8":"13","87":"13","88":"13","Q3":"13","R3":"13"},"P3":{"HF":"13","HC":"13"},"2X":{"HM":"13"},"97":{"QW":"13"},"F7":{"R9":"13","V8":"13","5W":"13","R8":"13","4V":"13","V7":"13","R7":"13","4W":"13"},"FG":{"GP":"13","FP":"13"},"C9":{"F8":"13","F9":"13"},"2M":{"3X":"13"},"JH":{"P2":"13"},"F9":{"PM":"13","PP":"13"},"7M":{"2W":"13"},"H4":{"83":"13","73":"13","84":"13","69":"13","74":"13","59":"13"},"89":{"WH":"13","VG":"13","WG":"13","VH":"13"},"7H":{"XC":"13"},"G8":{"54":"13","44":"13"},"4M":{"8X":"13"},"HP":{"5C":"13"},"8F":{"C6":"13","F7":"13","C7":"13","F6":"13"},"7C":{"MX":"13","RF":"13","JX":"13","RC":"13"},"5X":{"JH":"13","MH":"13","JG":"13","MG":"13"},"PF":{"X6":"13","X7":"13","W8":"13","X8":"13"},"JC":{"J8":"13"},"G2":{"Q5":"13"},"4J":{"PF":"13"},"MH":{"45":"13"},"6X":{"4C":"13"},"P5":{"G9":"13","F8":"13","6R":"13","G8":"13","F9":"13"},"8G":{"Q9":"13"},"6H":{"9Q":"13","9R":"13"},"F8":{"MM":"13","QP":"13"},"JP":{"H9":"13","J9":"13"},"6G":{"CG":"13","9G":"13"},"83":{"Q5":"13","Q6":"13"},"5V":{"MM":"13","MJ":"13"},"86":{"JR":"13"},"98":{"P9":"13","P8":"13","46":"13","56":"13"},"Q8":{"W4":"13","V4":"13","Q6":"2","V5":"13"},"3M":{"6X":"13","6W":"13","7W":"13","7X":"13"}},"5W":{"8V":{"QG":"13","RG":"13"},"WW":{"3J":"13","2J":"13"},"VW":{"5Q":"13","4Q":"13"},"WX":{"V7":"13","Q4":"13"},"5R":{"WH":"13","89":"13","79":"13","VH":"13"},"7V":{"JH":"13","JJ":"13","MJ":"13","MH":"13","JM":"13"},"4R":{"WR":"13","XR":"13"},"QX":{"F2":"13","C2":"13"},"5V":{"V6":"13","W6":"13"},"6P":{"PG":"13","PH":"13"},"2Q":{"58":"13"},"RX":{"3P":"13","4P":"13"},"5Q":{"5C":"13","69":"13","59":"13","4C":"13"}},"CF":{"F7":{"26":"13","36":"13"},"FX":{"H5":"13","JW":"13","J5":"13"},"7J":{"5M":"13","JG":"13","MG":"13"},"H2":{"FH":"13","CH":"13"},"GC":{"RX":"13","VX":"13"},"C6":{"3J":"13","2J":"13"},"X8":{"39":"13"},"HF":{"MX":"13","PX":"13"},"XH":{"VC":"13"},"7F":{"G9":"13","FW":"13","FX":"13","F9":"13"},"H4":{"77":"13"},"6H":{"VH":"13"},"6R":{"V3":"13","V2":"13"},"RM":{"XJ":"13"},"7H":{"QR":"13","PR":"13"},"7R":{"4J":"13","4W":"13","5W":"13","3J":"13"},"9G":{"3F":"13"},"F9":{"34":"13","44":"13","2G":"13","2H":"13","43":"13","33":"13"},"9V":{"XV":"13","WV":"13","WR":"13","XR":"13"},"7Q":{"5J":"13","5M":"13"},"HG":{"M2":"13"},"8J":{"GQ":"13"},"H6":{"FC":"13","F9":"13"},"HX":{"87":"13"},"CG":{"MF":"13"},"JG":{"CW":"13"},"HV":{"9W":"13","8W":"13"},"CX":{"GR":"13"},"9F":{"W4":"13","W3":"13"},"CV":{"2V":"13"},"FV":{"8X":"13"},"GX":{"57":"13","58":"13","35":"13","46":"13","47":"13","45":"13","66":"13","48":"13","9R":"13","37":"13","56":"13","36":"13","38":"13","55":"13"},"W7":{"44":"13","72":"13","43":"13"},"QX":{"CC":"13"},"W6":{"7X":"13"},"F6":{"3V":"13","4W":"13","4V":"13","3W":"13"},"WP":{"7J":"13"},"C9":{"XG":"13","XH":"13"},"7M":{"66":"13","57":"13","56":"13","67":"13"},"WH":{"CW":"13","FW":"13","FX":"13","WQ":"13","VQ":"13","CV":"13"},"GF":{"RV":"13","VV":"13","MP":"13","PP":"13","MQ":"13","PQ":"13"},"HW":{"6G":"13"},"6G":{"JP":"13","MM":"13","MP":"13","JM":"13"},"MR":{"3J":"13","2J":"13","3M":"13","2M":"13"}},"J3":{"62":{"26":"13"},"43":{"5R":"13","6R":"13"},"3M":{"W4":"13","W5":"13","V4":"13","V5":"13"},"47":{"W7":"13","W8":"13"},"94":{"38":"13"},"27":{"5Q":"13","5P":"13"},"53":{"QW":"13","QV":"13"},"52":{"X6":"13"},"42":{"VC":"13","V9":"13"},"49":{"67":"13","68":"13"},"23":{"PC":"13","QC":"13"},"32":{"VM":"13","RP":"13","VP":"13","RM":"13"},"95":{"J7":"13"},"55":{"9V":"13"},"96":{"H8":"13"}},"6W":{"GX":{"Q8":"13"},"VV":{"G3":"13","CM":"13","9M":"13"},"MR":{"8Q":"13"},"FX":{"HC":"13"},"QQ":{"WH":"13","VH":"13"},"PV":{"54":"13","Q9":"13"},"QV":{"G8":"13","G7":"13"},"VR":{"F9":"13"},"PR":{"QG":"13","RG":"13","68":"13"},"JX":{"Q6":"13","P7":"13","P6":"13","7W":"13","Q7":"13","8W":"13"},"RV":{"GP":"13"},"JW":{"7G":"13","6G":"13","XC":"13","5W":"13","X9":"13","MW":"13","5H":"13","4V":"13","Q2":"13","7F":"13","6F":"13","72":"13","4W":"13","5V":"13","Q3":"13","R3":"13"},"JV":{"V6":"13","7X":"13"},"FW":{"R9":"13","V9":"13"},"MX":{"97":"13","96":"13"},"PX":{"4W":"13","VM":"13","6W":"13"},"RX":{"C9":"13"},"RW":{"JV":"13"}},"CC":{"PW":{"F2":"13","F3":"13"},"H8":{"WX":"13"},"7M":{"9G":"13"},"C6":{"HH":"13","GG":"13","GH":"13"},"H7":{"C6":"13","96":"13"},"3V":{"7V":"13"},"C5":{"22":"13"},"R9":{"XC":"13"},"GM":{"25":"13","24":"13"},"M4":{"87":"13"},"F3":{"23":"13"},"73":{"6W":"13"},"QF":{"PX":"13","PW":"13"},"RP":{"2W":"13","3X":"13","2X":"13","3W":"13"},"V9":{"49":"13","48":"13"},"3W":{"F4":"13"},"F5":{"Q3":"13","Q2":"13"},"G2":{"39":"13","38":"13"},"X9":{"Q9":"13"},"7Q":{"2F":"13","2G":"13"},"M2":{"62":"13"},"W3":{"3C":"13","3F":"13"},"FG":{"R3":"13","Q3":"13"},"6Q":{"XG":"13","XF":"13"},"9F":{"HF":"13","J8":"13","H9":"13","H8":"13","J9":"13"},"Q2":{"VJ":"13","7W":"13"},"VQ":{"J6":"13"},"RQ":{"38":"13","37":"13","32":"13","47":"13","48":"13","22":"13"},"6R":{"W5":"13","X5":"13"},"95":{"Q2":"13"},"8H":{"3J":"13","2J":"13"},"GC":{"96":"13"},"53":{"QH":"13"},"PF":{"HH":"13","HG":"13"},"6V":{"7H":"13","6H":"13","6J":"13","7J":"13"},"R4":{"H5":"13","J5":"13"},"P5":{"WF":"13"},"PR":{"69":"13","W5":"13","M6":"13","68":"13","V5":"13"},"26":{"QP":"13","RP":"13"},"W2":{"G3":"13"},"27":{"Q2":"13","R2":"13"},"R3":{"J6":"13","H6":"13"},"64":{"V4":"13"},"P8":{"83":"13","82":"13","7W":"13"},"H5":{"34":"13","44":"13","45":"13","35":"13"},"7R":{"W5":"13","6V":"13","P7":"13","6W":"13","M7":"13","W6":"13"},"FH":{"JG":"13","MG":"13"},"MM":{"3J":"13","3H":"13"},"6P":{"QJ":"13","PJ":"13"},"7P":{"R3":"13","V4":"13","R4":"13","3H":"13"},"8C":{"GG":"13","HG":"13"},"V7":{"FV":"13","FW":"13"},"9Q":{"RR":"13","RQ":"13","QQ":"13"},"PC":{"43":"13"},"3P":{"Q9":"13"},"74":{"88":"13"},"9H":{"5J":"13"},"8R":{"8V":"13","7W":"13","7V":"13","8W":"13"},"VF":{"JG":"13"},"6W":{"63":"13","64":"13","53":"13"},"XF":{"8W":"13"}},"Q5":{"5Q":{"R3":"13","V3":"13","V4":"13","R4":"13"},"5R":{"9H":"13"},"G9":{"38":"13","37":"13"},"3V":{"V9":"13"},"4R":{"X8":"13"},"9C":{"RV":"13","WR":"13"},"F7":{"Q4":"13","3V":"13","3R":"13"},"8J":{"HH":"13","HG":"13","GM":"13"},"G6":{"VW":"13","VX":"13"}},"G5":{"QW":{"5W":"13","6W":"13"},"5V":{"M7":"13"},"7H":{"CC":"13","CF":"13"},"66":{"RH":"13","VJ":"13","VH":"13"},"93":{"QM":"13","RM":"13"},"5P":{"36":"13","37":"13","46":"13"},"C6":{"58":"13","59":"13"},"84":{"55":"13","56":"13"},"8Q":{"RH":"13","VH":"13"},"5Q":{"W4":"13","V4":"13"},"WJ":{"QX":"13"},"H4":{"44":"13","43":"13"},"M4":{"3F":"13"},"PM":{"QF":"13","PF":"13"},"9V":{"V4":"13","R4":"13"},"H6":{"QH":"13","PH":"13"},"6M":{"MM":"13","PM":"13"},"XH":{"M4":"13","M3":"13"},"6J":{"32":"13","42":"13"},"4W":{"CH":"13","CG":"13"},"QG":{"HH":"13","HG":"13"},"JR":{"7X":"13"},"H2":{"XV":"13","XR":"13"},"7W":{"QP":"13","PP":"13"},"V9":{"6H":"13"},"VP":{"MP":"13","MQ":"13"},"X4":{"RH":"13","RJ":"13"},"V6":{"3V":"13","2W":"13","2V":"13","3W":"13"},"42":{"RH":"13","VJ":"13","RJ":"13","VH":"13"},"Q9":{"GC":"13"},"X2":{"2R":"13","2Q":"13"},"XW":{"6W":"13"},"83":{"6G":"13"},"98":{"MQ":"13","PQ":"13","MR":"13","PR":"13"},"HG":{"89":"13","79":"13"},"85":{"MV":"13","PW":"13","MW":"13"},"33":{"MF":"13","JF":"13","MC":"13"},"XV":{"CC":"13","CF":"13"},"VQ":{"F8":"13","C9":"13","C8":"13","F9":"13"},"W4":{"7H":"13","8G":"13","8H":"13","7G":"13"},"W8":{"RV":"13","VV":"13"},"VR":{"J7":"13"},"72":{"JW":"13","MW":"13"},"53":{"H4":"13","H3":"13"},"7V":{"34":"13","24":"13"},"WR":{"G3":"13","G4":"13"},"R4":{"M2":"13","M3":"13"},"VX":{"J5":"13"},"57":{"Q3":"13","Q2":"13"},"W2":{"XQ":"13","XR":"13"},"GG":{"42":"13","52":"13","43":"13","53":"13"},"MJ":{"G5":"13"},"FH":{"4V":"13"},"JV":{"72":"13","62":"13"},"VJ":{"FX":"13"},"4M":{"MF":"13","MG":"13"},"XC":{"FJ":"13"},"7P":{"QM":"13","QP":"13","PP":"13"},"8C":{"FH":"13","CH":"13"},"8M":{"65":"13","74":"13","64":"13"},"5M":{"7C":"13"},"9H":{"6F":"13","6G":"13"},"XP":{"V6":"13","5F":"13"},"XJ":{"XH":"13"},"PX":{"F2":"13","C2":"13"},"8R":{"5R":"13","6R":"13"},"VF":{"4H":"13"},"6W":{"HH":"13","JH":"13","JG":"13"},"5H":{"R3":"13","Q3":"13"},"7F":{"5C":"13","59":"13","35":"13"},"56":{"4X":"13","4W":"13"},"8G":{"Q3":"13"},"75":{"WW":"13","XW":"13"},"G5":{"QF":"13","QG":"13"},"55":{"VG":"13","WG":"13"}},"37":{"5Q":{"RG":"13"},"6Q":{"QR":"13","RR":"13"},"6V":{"MG":"13"},"25":{"83":"13","82":"13","93":"13","92":"13","CR":"13"},"23":{"88":"13","98":"13","97":"13","87":"13"},"24":{"7G":"13","6G":"13","8H":"13","6H":"13","MM":"13","5H":"13","5G":"13","8J":"13","7H":"13","JM":"13","9H":"13","9J":"13","7J":"13"},"6R":{"GP":"13","HJ":"13","MJ":"13","XH":"13","MM":"13","PJ":"13","JM":"13","JJ":"13","PM":"13","JH":"13"},"2Q":{"63":"13","34":"13","44":"13","43":"13","33":"13"},"7R":{"85":"13"}}}}