{"index":{"university,1|retail,2|tourism,3|wreck,4|historical,5|artsCulture,6|namedBuilding,7|water,8|wetland,9|park,10|beach,11|natureReserve,12|cemetery,13|trail,14":{}},"78":{"52":{"39":{"XM":"13","XQ":"13","XP":"13","WP":"13","HR":"13","QV":"13","WQ":"13","RR":"13","RV":"13","QR":"13","HQ":"13"},"59":{"J8":"13","M8":"13"},"5H":{"45":"13"},"5G":{"J2":"13","M2":"13"},"3F":{"WG":"13","XC":"13","XX":"13","VF":"13","XF":"13","VG":"13","87":"13","WC":"13","86":"13","WF":"13"},"4C":{"JP":"13","39":"13","HP":"13"},"4G":{"JP":"13","HP":"13","HM":"13"},"49":{"5J":"13","6H":"13","6G":"13","6J":"13","5H":"13"},"5C":{"4Q":"13","MJ":"13"},"3G":{"X2":"13","WM":"13"},"6F":{"26":"13"},"69":{"R4":"13"},"79":{"9Q":"13","9R":"13","CQ":"13","CR":"13"}}}}