{"index":{"university,1|retail,2|tourism,3|wreck,4|historical,5|artsCulture,6|namedBuilding,7|water,8|wetland,9|park,10|beach,11|natureReserve,12|cemetery,13|trail,14":{}},"79":{"9Q":{"32":{"QG":"13","PG":"13"},"42":{"C4":"13"}},"7Q":{"2H":{"87":"13"},"2M":{"P9":"13","Q9":"13","QC":"13"}},"6Q":{"V7":{"5G":"13","5H":"13"},"VG":{"R3":"13","Q3":"13","Q4":"13","R4":"13"},"VF":{"RX":"13"},"VM":{"9Q":"13"},"WG":{"PJ":"13","PH":"13"},"VP":{"H2":"13"},"V8":{"G3":"13"}},"8Q":{"JP":{"57":"13","67":"13"},"V3":{"VF":"13","VC":"13","WC":"13"},"MM":{"3V":"13","3W":"13"},"JV":{"7F":"13","7C":"13"},"HW":{"39":"13"},"V2":{"C6":"13","F5":"13","G5":"13","F6":"13","C5":"13","G6":"13"},"JJ":{"6X":"13","W2":"13","W3":"13","V2":"13"},"HM":{"63":"13","PC":"13","Q9":"13","QC":"13"}},"6R":{"XF":{"9C":"13"},"WF":{"CP":"13","9P":"13","9M":"13"},"W8":{"VR":"13"},"WC":{"CM":"13","FM":"13","VP":"13"},"X8":{"5P":"13"}},"8V":{"Q3":{"6X":"13","5X":"13"},"J3":{"2P":"13","2Q":"13"},"44":{"F5":"13","G5":"13","F6":"13","G6":"13"},"23":{"MJ":"13"},"47":{"QF":"13","QC":"13"},"53":{"RV":"13","VV":"13","QP":"13"}},"9P":{"3Q":{"PV":"13"},"5R":{"7H":"13","7J":"13","22":"13"},"3V":{"XP":"13"},"2W":{"99":"13"},"4X":{"WP":"13"},"4Q":{"RJ":"13","56":"13"},"3P":{"CM":"13","9M":"13"},"5W":{"X4":"13","3J":"13","JQ":"13","3H":"13","62":"13"},"2Q":{"VJ":"13","VM":"13"},"2M":{"9C":"13"}},"7R":{"39":{"M9":"13","M8":"13"},"77":{"RP":"13"},"57":{"J9":"13"},"68":{"RW":"13","VW":"13","RX":"13","VX":"13"},"2C":{"FV":"13","FR":"13","M9":"13","XR":"13","J9":"13"},"46":{"PW":"13"},"59":{"GG":"13","M9":"13","P9":"13","47":"13","GH":"13"},"47":{"M5":"13","M4":"13","4V":"13"},"4Q":{"MV":"13","MR":"13"},"48":{"5F":"13"},"4C":{"MR":"13","JR":"13"},"3C":{"8C":"13","7C":"13"},"36":{"9P":"13"},"5C":{"Q3":"13","Q4":"13"},"38":{"R9":"13"},"69":{"2W":"13"},"87":{"6R":"13"},"76":{"9V":"13","8V":"13","8R":"13"},"67":{"H3":"13"},"2G":{"H9":"13","HC":"13"},"6Q":{"HP":"13"},"4F":{"HF":"13","GF":"13"}},"8P":{"XM":{"3R":"13"},"WQ":{"79":"13"}}}}