{"index":{"university,1|retail,2|tourism,3|wreck,4|historical,5|artsCulture,6|namedBuilding,7|water,8|wetland,9|park,10|beach,11|natureReserve,12|cemetery,13|trail,14":{}},"7C":{"46":{"Q2":{"WM":"13"},"H4":{"FG":"13"},"PC":{"5V":"13","4V":"13"},"WX":{"7W":"13","8W":"13"},"QC":{"R9":"13","Q9":"13"}},"4X":{"5J":{"RW":"13","RX":"13","QW":"13"},"6H":{"RF":"13","RC":"13"},"9C":{"G3":"13","G2":"13"},"79":{"6F":"13","5F":"13"}},"7P":{"R6":{"W5":"13"}},"55":{"FF":{"JC":"13"},"HH":{"X3":"13"},"78":{"8X":"13","7X":"13"},"XP":{"RR":"13","VR":"13","RQ":"13"},"X6":{"HP":"13"},"F8":{"86":"13","85":"13"},"W9":{"HF":"13","GG":"13","GF":"13","HG":"13"},"VW":{"2W":"13","2V":"13"},"FC":{"76":"13","66":"13","77":"13","67":"13","68":"13","78":"13"},"VM":{"C4":"13"},"V7":{"6F":"13","5G":"13","3G":"13","4G":"13","6G":"13","5F":"13"},"C8":{"H3":"13","4P":"13","FJ":"13","4Q":"13","H4":"13","M9":"13","5P":"13","P9":"13","JG":"13","JH":"13","GJ":"13","5Q":"13"},"XR":{"XF":"13","XC":"13"},"36":{"VR":"13","WR":"13","WQ":"13","VQ":"13"},"99":{"F5":"13","G5":"13"},"5C":{"MG":"13"},"97":{"7F":"13","8H":"13","8J":"13"},"79":{"72":"13","82":"13","P3":"13","P2":"13"},"VJ":{"RH":"13","QH":"13"},"JH":{"5G":"13","5H":"13"},"HW":{"HF":"13"},"RW":{"XV":"13","XW":"13"}},"XG":{"M7":{"XF":"13","WF":"13","WC":"13","XC":"13"},"V8":{"M4":"13","M3":"13"},"X9":{"C4":"13"},"92":{"3J":"13","2J":"13","3M":"13","2M":"13"},"GG":{"2W":"13","3X":"13","2X":"13","3W":"13"},"HV":{"MF":"13","MC":"13"},"QX":{"25":"13"},"PC":{"8Q":"13"},"JW":{"R3":"13","Q3":"13","R4":"13"},"PX":{"X5":"13"},"P7":{"2C":"13","27":"13"},"CX":{"WG":"13"}},"4Q":{"73":{"QX":"13","PV":"13","QW":"13","PX":"13","PW":"13"},"74":{"Q2":"13","P2":"13"},"CF":{"83":"13","73":"13"}},"XJ":{"Q8":{"92":"13"}},"VX":{"6R":{"G3":"13","H3":"13"},"VM":{"F5":"13","9X":"13","9W":"13","8X":"13","8W":"13"},"VP":{"F8":"13","94":"13","F9":"13","C8":"13","85":"13","82":"13","95":"13","87":"13","88":"13"},"FP":{"X8":"13"},"CR":{"68":"13"}},"8J":{"JP":{"7W":"13","7X":"13"},"GP":{"C6":"13","95":"13","C5":"13"}},"R7":{"4H":{"XQ":"13"}},"WF":{"25":{"8M":"13","8J":"13"},"XW":{"JV":"13","JW":"13","MW":"13"}},"J8":{"5V":{"J5":"13"}},"8X":{"7X":{"P5":"13","M5":"13","M6":"13","P4":"13","92":"13","M4":"13"}},"28":{"WX":{"2G":"13"}},"3R":{"R3":{"HG":"13","JG":"13"},"4W":{"XM":"13"},"CC":{"45":"13","35":"13"},"5W":{"2Q":"13"}},"3J":{"V2":{"VQ":"5"},"X3":{"QP":"13","RP":"13"},"WC":{"X9":"13","W8":"13","W9":"13","X8":"13"},"CG":{"C6":"13","97":"13","C7":"13","F6":"13","96":"13"}},"W6":{"39":{"4R":"13","4V":"13"},"2H":{"3Q":"13"},"2C":{"3H":"13"},"4H":{"F5":"13","F6":"13"},"3H":{"QH":"5","VP":"13","WP":"13","33":"13"},"59":{"57":"13","56":"13"},"29":{"Q2":"13"},"47":{"3W":"13"},"28":{"CV":"13"},"4C":{"58":"13"},"48":{"GP":"13","GM":"13","FM":"13"},"3F":{"63":"13","F5":"13","53":"13"},"4G":{"2R":"13","2Q":"13","43":"13","3R":"13"},"2F":{"97":"13"},"3G":{"XQ":"13","XR":"13"},"38":{"GX":"13"},"2G":{"J2":"13"},"4F":{"8H":"13","M4":"13"}},"67":{"64":{"WV":"13"}},"5W":{"5C":{"MJ":"13"},"8F":{"9C":"13"},"3W":{"QF":"13","QG":"13","PG":"13","PF":"13"}},"4R":{"Q4":{"2R":"13"},"P5":{"R2":"13","V2":"13"},"J3":{"JH":"13"},"FH":{"F3":"13"},"P4":{"XQ":"13","WR":"13","XR":"13","WQ":"13"},"7W":{"36":"13","37":"13"}},"XF":{"4J":{"M2":"13"},"6W":{"R8":"13"},"4H":{"MX":"13"}},"WC":{"FV":{"76":"13"}},"3X":{"32":{"QQ":"13"},"FF":{"XM":"13","XJ":"13"}},"9J":{"8X":{"2J":"13"}},"5G":{"29":{"G3":"13","H3":"13"},"2G":{"M7":"13","R9":"13","M8":"13","M2":"13","P8":"13","M3":"13","J3":"13","RC":"13","J2":"13","V6":"13","P7":"13","V9":"13"}},"V8":{"4Q":{"HW":"13","HX":"13","JX":"13"},"4R":{"H2":"13","J2":"13"}},"96":{"5R":{"82":"13","93":"13","92":"13"}},"88":{"34":{"9X":"13","CX":"13"},"83":{"8J":"13"},"5G":{"34":"13","23":"13","24":"13","33":"13"},"C6":{"RV":"13","M9":"13","VW":"13","WW":"13","78":"13"},"4G":{"X4":"13"},"6V":{"86":"13","73":"13","85":"13","75":"13","74":"13"},"C5":{"5P":"13","4H":"13"},"35":{"6V":"13","C2":"13","6R":"13","92":"13","7V":"13","7R":"13"},"4H":{"32":"13"},"88":{"XH":"13"},"4C":{"WQ":"13","VP":"13","VQ":"13","WP":"13"},"46":{"X9":"13","W8":"13","W9":"13","X8":"13"},"28":{"29":"13","44":"13","45":"13","28":"13"},"36":{"3V":"13","3M":"13","4M":"13","3R":"13","4V":"13"},"52":{"5P":"13","6P":"13"},"43":{"34":"13","44":"13","52":"13","43":"13","62":"13"},"82":{"HF":"13","GG":"13","HG":"13"},"CV":{"46":"13"},"4F":{"VQ":"13"},"49":{"88":"13","39":"13","87":"13","77":"13","4C":"13","3C":"13","78":"13"},"27":{"XG":"13","WH":"13","WG":"13","XH":"13","WC":"13","VC":"13","W9":"13","V9":"13"},"54":{"Q3":"13","W4":"13","X4":"13","89":"13","79":"13","8C":"13","7C":"13"},"97":{"QM":"13","P8":"13","W8":"13","W9":"13"},"3G":{"F6":"13","G6":"13"},"4J":{"X2":"13"},"2J":{"G9":"13","GC":"13"},"64":{"WW":"13","XW":"13"},"66":{"XQ":"13","XR":"13"},"76":{"2R":"13","2Q":"13"}},"5Q":{"M5":{"MR":"13"},"WC":{"6R":"13"},"7C":{"V5":"13"}},"79":{"83":{"RW":"13","RX":"13","VX":"13"},"84":{"88":"13","HH":"13","Q2":"13","99":"13","JH":"13","89":"13"},"85":{"QJ":"13","PJ":"13","QH":"13","PH":"13"},"G4":{"6V":"13","6W":"13"},"46":{"Q9":"13","QC":"13"},"66":{"36":"13","37":"13","46":"13","47":"13"},"56":{"H4":"13"},"G5":{"34":"13","24":"13"},"7C":{"RW":"13","RX":"13"},"27":{"55":"13"}},"W8":{"G3":{"J6":"13","H6":"13"},"X9":{"RM":"13"},"F4":{"WP":"13"},"X8":{"3J":"13","2J":"13","3M":"13","2M":"13"},"W6":{"XP":"13","7C":"13"}},"29":{"34":{"GX":"13"},"24":{"WW":"13"},"MR":{"QC":"13"}},"3P":{"88":{"PJ":"13","MM":"13","QM":"13","PM":"13","QP":"13","PP":"13","MJ":"13"},"P3":{"R3":"13","V3":"13","W2":"13","X2":"13"},"P2":{"RX":"13"}},"6R":{"W4":{"X6":"13","X5":"13"},"29":{"MM":"13","MJ":"13"},"W2":{"FV":"13","FR":"13"},"X4":{"26":"13","25":"13"},"99":{"4X":"13","4W":"13","3X":"13","3W":"13"},"V2":{"R2":"13","V2":"13"},"MP":{"MG":"13"},"3F":{"QH":"13"},"8W":{"5Q":"13","6Q":"13","5R":"13","6V":"13","6R":"13","7V":"13"}},"6J":{"X8":{"WJ":"13","XJ":"13"}},"39":{"F8":{"52":"13"},"6W":{"6H":"13"},"F7":{"5X":"13"},"C7":{"PV":"13"},"C8":{"JF":"13","JC":"13"},"8P":{"9F":"13","PC":"13","PF":"13","9G":"13"}},"3W":{"MW":{"6F":"13","5G":"13","5F":"13"}},"4W":{"7F":{"J8":"13","H9":"13","M9":"13","M8":"13","MC":"13","J9":"13"},"9F":{"7H":"13","XG":"13","WH":"13","6H":"13","XH":"13","WG":"13","6G":"13","CF":"13","7G":"13"},"7H":{"RQ":"13"},"5C":{"Q8":"13","XH":"13"},"54":{"R7":"13","Q7":"13"},"39":{"3X":"13","2X":"13","3W":"13"},"37":{"M4":"13","M3":"13"},"HP":{"R3":"13","Q3":"13","Q2":"13","R2":"13"},"GG":{"F3":"13"},"CC":{"FV":"13","FR":"13","HW":"13","25":"13","FW":"13","GW":"13","HR":"13","GR":"13","HV":"13","GV":"13"},"65":{"43":"13"},"GF":{"HQ":"13"},"8F":{"F2":"13","F3":"13","QM":"13","PM":"13","C2":"13","QP":"13","C3":"13"},"89":{"6X":"13","8X":"13","7X":"13"},"CH":{"JR":"13","HR":"13","QC":"13"},"6H":{"RG":"13"},"64":{"R8":"13","VG":"13","VF":"13","3J":"13","2J":"13","V6":"13"},"55":{"FX":"13"},"9J":{"62":"13"},"9C":{"XV":"13","WV":"13","X5":"13","X4":"13","XM":"13","WW":"13","XW":"13"},"6G":{"F5":"13","R4":"13"},"GH":{"92":"13"},"52":{"VG":"13"},"5H":{"XP":"13","XQ":"13","WQ":"13","WP":"13"},"JM":{"6X":"13","5X":"13"},"CG":{"2J":"13"},"9H":{"W5":"13","HQ":"13","R5":"13","FH":"13","6R":"13","R9":"13","GH":"13","52":"13","GQ":"13","62":"13"},"8C":{"WV":"13","VQ":"13","62":"13","WR":"13","8H":"13","VV":"13","WW":"13","VW":"13","8J":"13","7H":"13","VR":"13","WQ":"13","RR":"13","82":"13","72":"13","XV":"13","7J":"13"},"9G":{"78":"13","5W":"13","5X":"13","6W":"13","7W":"13","7X":"13","6V":"13","89":"13","7V":"13","6X":"13","79":"13","5V":"13","88":"13","4X":"13"},"GC":{"37":"13"},"CF":{"2H":"13","FR":"13","FQ":"13","HR":"13","GV":"13","FV":"13","GR":"13","GQ":"13","HV":"13","HQ":"13","2G":"13"}},"WG":{"W2":{"RX":"13"},"W3":{"R2":"13","R9":"13"},"JH":{"5C":"13","59":"13"},"2P":{"85":"13","95":"13"},"X3":{"2C":"13"}},"5M":{"CP":{"83":"13","73":"13","72":"13","82":"13","VM":"13","RQ":"13","RP":"13","VP":"13","VQ":"13"},"CM":{"9J":"13","9H":"13"},"35":{"99":"13","9C":"13","C9":"13"},"MW":{"FJ":"13","FM":"13","GJ":"13"}},"2V":{"J4":{"R5":"13"}},"2Q":{"83":{"2Q":"13"},"73":{"XQ":"13"}},"2R":{"XQ":{"54":"13","65":"13","G7":"13","64":"13","55":"13","45":"13","G6":"13"}},"3Q":{"7P":{"5V":"13"},"5M":{"9Q":"13","8Q":"13","9R":"13","9W":"13","8R":"13"},"5P":{"JP":"13","HP":"13","M9":"13","M8":"13","JQ":"13","J9":"13"},"6M":{"CQ":"13","QM":"13","FJ":"13","CM":"13","CP":"13","9M":"13","CH":"13","QP":"13","9Q":"13","CG":"13","PM":"13","9G":"13","9H":"13","9J":"13","9P":"13","8M":"13","CJ":"13","PP":"13","8Q":"13","8P":"13"},"6P":{"66":"13","67":"13"},"PF":{"QM":"13"},"4P":{"RF":"13","QF":"13","R9":"13","VC":"13","V9":"13","RC":"13","QC":"13"}},"49":{"HQ":{"3V":"13","4W":"13","3W":"13"},"3P":{"G3":"13","H3":"13"},"2M":{"JF":"13","JC":"13","HC":"13","JG":"13","MC":"13"}},"7G":{"4J":{"G3":"13","H4":"13","G4":"13","H3":"13"},"HH":{"RW":"13","VV":"13"},"JG":{"6V":"13"}},"7V":{"3Q":{"CF":"13"},"6R":{"F2":"13"}},"6V":{"3F":{"2C":"13"},"3R":{"VW":"13"},"4P":{"85":"13","PG":"13"}},"58":{"Q8":{"8X":"13","8H":"13","FC":"13","J9":"13","F9":"13","98":"13","99":"13","7X":"13","89":"13","9H":"13","JC":"13","88":"13"},"P8":{"X9":"13","WC":"13","W9":"13","XC":"13"},"F4":{"FQ":"13","CQ":"13"},"GC":{"2C":"13"},"94":{"X7":"13"},"M9":{"93":"13","94":"13"},"FC":{"XC":"13"},"C8":{"CC":"13","FC":"13"},"JF":{"8M":"13","9P":"13","9M":"13","8P":"13"},"VG":{"RW":"13","QW":"13"},"97":{"P7":"13","P8":"13"},"95":{"H2":"13"},"C4":{"27":"13"}},"6Q":{"R8":{"4W":"13"},"FV":{"32":"13","23":"13","33":"13","22":"13"},"FR":{"GC":"13"},"8W":{"J3":"13","H3":"13"}},"M6":{"M3":{"P7":"13","Q7":"13"}},"4P":{"CG":{"5M":"13"},"9H":{"95":"13","C5":"13","C4":"13","94":"13"},"9G":{"MF":"13","PG":"13","PC":"13","MC":"13","PF":"13"},"W6":{"VV":"13","WV":"13","VW":"13","WW":"13"}},"C6":{"32":{"37":"13","47":"13"},"42":{"3P":"13","2P":"13","3M":"13","2M":"13"},"22":{"QJ":"13","QH":"13","MG":"13","QM":"13","MJ":"13","MM":"13","PJ":"13","JM":"13","JJ":"13","PM":"13","PH":"13","JG":"13","MH":"13","JH":"13"}},"8R":{"7H":{"6X":"13","5W":"13","5X":"13"},"QX":{"HX":"13","CQ":"13","FX":"13","HR":"13","CP":"13","8R":"13","CW":"13","MW":"13","FP":"13","9R":"13","GR":"13","JW":"13","JV":"13","MV":"13","FW":"13","CX":"13"},"9M":{"99":"13","89":"13"},"7J":{"52":"13","62":"13"}},"5R":{"23":{"32":"13"},"X7":{"5Q":"13","6Q":"13"},"VC":{"54":"13","44":"13","43":"13","53":"13"}},"W5":{"5G":{"54":"13","FJ":"13","64":"13","FM":"13"},"9C":{"HC":"13","M7":"13"},"95":{"CH":"13","CG":"13"},"FP":{"6W":"13","7W":"13"},"47":{"8C":"13","7C":"13"},"38":{"R7":"13"},"HM":{"GH":"13"},"6H":{"M8":"13","P8":"13"},"HR":{"5R":"13"},"9J":{"HF":"13","2G":"13","WQ":"13","VQ":"13"},"GV":{"F2":"13"},"4C":{"9F":"13","8F":"13","9G":"13"},"7H":{"7M":"13"},"GR":{"46":"13"},"GJ":{"C9":"13","JR":"13","F9":"13"},"99":{"Q2":"13","JH":"13"},"CP":{"X9":"13","WC":"13","W9":"13"},"FH":{"34":"13","MM":"13","25":"13","H8":"13","MJ":"13","35":"13","H7":"13"},"94":{"GW":"13"},"FM":{"98":"13","97":"13","99":"13","MJ":"5","MH":"5"},"CG":{"G4":"13","MJ":"13","G5":"13"},"75":{"7H":"13","6V":"13","VQ":"13"},"9F":{"QF":"13","PC":"13","PF":"13","QC":"13"},"98":{"CW":"13","VX":"13"},"49":{"X5":"13"},"FJ":{"4Q":"13"},"96":{"6Q":"13","8G":"13","F9":"13"},"GM":{"85":"13","95":"13"},"CC":{"8V":"13","7V":"13","7R":"13"},"8H":{"PJ":"13","PH":"13","6W":"13","MJ":"13","7W":"13","MH":"13"},"97":{"FP":"13","78":"13"},"39":{"XH":"13"},"HQ":{"6H":"13"},"CM":{"MM":"13","JM":"13"},"66":{"P5":"13","5G":"13","4G":"13","P4":"13","5F":"13"}},"7R":{"W2":{"H2":"13","G2":"13"}},"76":{"8G":{"W4":"13","RF":"13","W5":"13","V4":"13","VR":"13","WR":"13","WQ":"13","VC":"13","VQ":"13","RC":"13","V5":"13"},"HP":{"4Q":"13"},"CQ":{"3M":"13"},"6C":{"9V":"13","CV":"13"},"F4":{"HG":"13"},"4H":{"JF":"13","JG":"13"},"MM":{"34":"13","23":"13","24":"13","33":"13"},"5P":{"Q6":"13","P7":"13","P6":"13","Q7":"13"},"9R":{"XV":"13","WR":"13","XR":"13"},"9Q":{"P7":"13","P8":"13"},"9V":{"WV":"13","VR":"13","WR":"13","XH":"13"},"6F":{"H4":"13"},"9G":{"5C":"13","HC":"13","5F":"13","GC":"13"},"GH":{"H9":"13","J9":"13"},"24":{"WQ":"13","VQ":"13"},"X3":{"3J":"13"},"FW":{"7V":"13","7W":"13"}},"5J":{"7Q":{"7F":"13"},"GG":{"VW":"13","WW":"13"}},"85":{"2F":{"5R":"13","6R":"13","7R":"13","8R":"13"},"2G":{"J7":"13","M6":"13","JH":"13","MH":"13","M7":"13","J6":"13","MG":"13","H6":"13"},"6H":{"5W":"13","5X":"13"},"2H":{"V3":"13","C4":"13"},"5F":{"8Q":"13"}},"Q9":{"4J":{"RG":"13"}},"36":{"HG":{"H8":"13","H7":"13"},"WC":{"34":"13","44":"13","32":"13","23":"13","24":"13","43":"13","33":"13","22":"13"},"VC":{"7F":"13","5C":"13","8F":"13","X2":"13","X3":"13","8C":"13","7C":"13"}},"3H":{"86":{"XG":"13"},"96":{"2G":"13","2H":"13"}},"3V":{"XP":{"3V":"13","3R":"13"},"WR":{"V2":"13"},"H6":{"X4":"13"}},"6F":{"H3":{"MX":"13","JW":"13","MW":"13"},"M7":{"23":"13","22":"13"},"W5":{"GX":"13","FW":"13","FX":"13","GW":"13"},"H2":{"7H":"13","6H":"13","6J":"13","7J":"13"},"J7":{"X2":"13","X3":"13"},"J8":{"V4":"13","R4":"13"},"H4":{"F2":"13","F3":"13","C2":"13","F4":"13","C3":"13","C4":"13"},"J6":{"VW":"13"}},"2X":{"Q4":{"RW":"13","VW":"13"}},"5P":{"Q4":{"HF":"13","GF":"13"},"3F":{"X5":"13"}},"75":{"25":{"27":"13"},"3V":{"75":"13","65":"13"},"PH":{"6G":"13"},"GM":{"42":"13"},"QH":{"M5":"13","M6":"13"},"QQ":{"XH":"13","RM":"13"},"JJ":{"8V":"13"},"XH":{"P5":"13","P6":"13"},"XG":{"R5":"13"},"CP":{"W4":"13","W5":"13","V4":"13","V5":"13"},"CM":{"H9":"13","X3":"13","J9":"13"},"65":{"6G":"13"},"GW":{"9J":"13","9H":"13"},"RR":{"W3":"13"},"CW":{"CJ":"13","58":"13","CM":"13","9J":"13","9M":"13","68":"13"},"2X":{"X6":"13","W4":"13","W5":"13","X5":"13","X4":"13"},"CG":{"8V":"13"},"4C":{"43":"13","53":"13"},"WP":{"8M":"13","54":"13","8P":"13"},"FP":{"7F":"13","7G":"13"},"JQ":{"MM":"13","8F":"13","JJ":"13","9J":"13","MJ":"13","JM":"13","8C":"13"},"VQ":{"3P":"13","3M":"13","2M":"13"},"RQ":{"HJ":"13","HH":"13","JH":"13","JJ":"13","MQ":"13","MR":"13"},"49":{"97":"13","46":"13","77":"13","78":"13"},"3J":{"CJ":"13","CM":"13"},"3X":{"26":"13"},"HP":{"59":"13"},"4R":{"3Q":"13","3P":"13","2P":"13","52":"13","2Q":"13","53":"13"},"27":{"99":"13","89":"13"},"PG":{"HX":"13"},"5C":{"5Q":"13","6Q":"13","QG":"13","HC":"13","PH":"13","HG":"13","JG":"13"},"7R":{"JH":"13","JJ":"13","MJ":"13","MH":"13"},"MJ":{"HJ":"13","PC":"13","HM":"13","HV":"13"},"MP":{"98":"13","97":"13"},"FM":{"F5":"13","23":"13","8H":"13","H8":"13","G8":"13","8J":"13"},"WV":{"WF":"13"},"HM":{"X6":"13"},"2P":{"QX":"13","PV":"13","F4":"13","C4":"13","QV":"13"},"JM":{"XW":"13"},"9R":{"8H":"13","9J":"13","9H":"13","8J":"13"},"9H":{"C2":"13","93":"13","92":"13","C3":"13"},"HQ":{"83":"13","93":"13"},"VF":{"XV":"13"},"44":{"MF":"13","3Q":"13","J8":"13","3P":"13"},"75":{"63":"13","73":"13"}},"3G":{"CR":{"XV":"13"}},"47":{"V3":{"J9":"13"},"58":{"FQ":"13","CQ":"13","FP":"13"}},"F7":{"PJ":{"X5":"13"}},"Q7":{"XG":{"X5":"13"}},"V3":{"QX":{"3X":"13"}},"XH":{"Q3":{"2C":"13","2F":"13","4R":"13","4V":"13"},"Q5":{"73":"13"},"Q2":{"88":"13"},"CP":{"5M":"13"},"R6":{"9J":"13","8J":"13"},"24":{"86":"13","96":"13"},"P4":{"R5":"13","V5":"13"},"P3":{"VJ":"13","RJ":"13","WM":"13","WP":"13"},"P2":{"GC":"13"}},"6M":{"MX":{"PM":"13"}},"8C":{"JH":{"6X":"13","7X":"13"},"JJ":{"H2":"13","62":"13"}},"V4":{"R3":{"3P":"13","3M":"13","92":"13"},"Q2":{"CV":"13"},"R2":{"4C":"13","8R":"13"},"M2":{"X9":"13"},"P3":{"V2":"13"}},"56":{"XM":{"WV":"13"},"W8":{"9J":"13","8J":"13"},"R4":{"6H":"13","6J":"13"},"MP":{"23":"13"},"CF":{"Q8":"13"},"M5":{"RC":"13"},"QC":{"97":"13","96":"13"},"H4":{"PC":"13"},"W3":{"CJ":"13","CH":"13","9J":"13","9H":"13"},"JP":{"W4":"13","W5":"13","X3":"13"},"RH":{"JW":"13"},"Q7":{"F6":"13"},"CC":{"QG":"13"},"9P":{"J4":"13"},"JC":{"CX":"13"},"Q3":{"F8":"13","7W":"13","7X":"13"},"V9":{"PH":"13","MH":"13"}},"2F":{"W7":{"98":"13"}},"G8":{"GW":{"8M":"13","9P":"13","9M":"13","7V":"13","8P":"13","CX":"13"}},"7H":{"67":{"MM":"13","PM":"13"}},"G9":{"H4":{"6X":"13","6W":"13"},"FJ":{"5M":"13","5P":"13","6M":"13","6P":"13"}},"RC":{"P9":{"R3":"13","V4":"13","R4":"13"}},"4M":{"G5":{"FX":"13","CX":"13"},"G6":{"F2":"13","C2":"13"}},"2C":{"Q6":{"74":"13"}},"48":{"X3":{"FP":"13"},"CF":{"3G":"13"}},"8F":{"9M":{"VR":"13"}},"45":{"FF":{"RF":"13","P6":"13","M3":"13","P3":"13","RC":"13"},"FR":{"X6":"13","X7":"13"},"HP":{"QH":"13","8R":"13","JP":"13","CH":"13","JQ":"13","9H":"13","7R":"13","9J":"13","CJ":"13","8Q":"13","7Q":"13"},"3X":{"4J":"13"},"RQ":{"36":"13","37":"13","46":"13","47":"13","57":"13"},"G8":{"3Q":"13"},"MV":{"PX":"13"},"GJ":{"MV":"13","MW":"13"},"VP":{"GM":"13"}},"2G":{"GM":{"8M":"13","7M":"13"}},"6P":{"9W":{"5F":"13"}},"4H":{"QW":{"5C":"13","4C":"13"},"GX":{"MF":"13","JF":"13","JC":"13","M9":"13","MC":"13","J9":"13"},"HX":{"QJ":"13","9C":"13","QH":"13","VF":"13","8C":"13","99":"13","89":"13"},"QQ":{"J4":"13","M4":"13"},"9M":{"G3":"13","F3":"13","G4":"13","F4":"13"},"JX":{"QJ":"13","RV":"13","RH":"13","RW":"13","VV":"13","C6":"13","2W":"13","VJ":"13","QM":"13","F5":"13","8G":"13","H9":"13","JC":"13","RJ":"13","VM":"13","95":"13","F6":"13","RM":"13","J9":"13","C5":"13","3W":"13","7G":"13"},"9Q":{"C2":"13"},"JW":{"GX":"13","HW":"13","HX":"13","GW":"13"},"PW":{"WG":"13","HH":"13","WM":"13","WP":"13","VC":"13","VF":"13","8R":"13","RC":"13","XG":"13","XF":"13","VM":"13","9Q":"13","RF":"13","8Q":"13","WF":"13","VP":"13"},"MX":{"23":"13"},"HW":{"JP":"13","HQ":"13","MQ":"13","JQ":"13","JR":"13","HR":"13"}},"G4":{"XX":{"WF":"13","WG":"13"},"WX":{"P5":"13","Q4":"13","83":"13","Q5":"13","93":"13","P4":"13"},"WW":{"7W":"13"}},"27":{"RH":{"XP":"13","XQ":"13","WR":"13","XR":"13","WQ":"13","VQ":"13","WP":"13"},"QF":{"C6":"13","F7":"13","C7":"13","F6":"13"},"RJ":{"2P":"9","4J":"9","2M":"9","3M":"9","4H":"9","3H":"9","7R":"13","3J":"9","7Q":"13","6Q":"13"},"WP":{"G5":"13"}},"W4":{"Q6":{"RR":"13","VR":"13","WR":"13"},"F5":{"W4":"13"},"R6":{"5C":"13","59":"13"},"3V":{"VV":"13"},"Q2":{"QJ":"13","C5":"13"},"M4":{"39":"13","38":"13","49":"13","48":"13"},"5P":{"JJ":"13"},"5R":{"R3":"13","63":"13","73":"13","V3":"13","V4":"13","R4":"13"},"J4":{"47":"13","57":"13","56":"13"},"5M":{"8H":"13","8V":"13","8R":"13","8J":"13"},"4P":{"58":"13","59":"13","47":"13"},"P2":{"4W":"13"},"H5":{"3V":"13","2V":"13"},"J3":{"JC":"13"},"2Q":{"HR":"13"},"M6":{"G9":"13","C6":"13","HH":"13","JH":"13","G8":"13","96":"13"},"R4":{"G9":"13","FQ":"13"},"4M":{"RF":"13","HP":"13","7P":"13","8P":"13","HM":"13"},"M3":{"6P":"13"},"R5":{"9Q":"13","G4":"13","CP":"13","9P":"13","CQ":"13"},"3Q":{"75":"13"},"J6":{"VG":"13","4F":"13","VF":"13","G5":"13","4C":"13"},"P7":{"P3":"13","P2":"13"},"R2":{"FV":"13"},"3P":{"C6":"13"}},"7C":{"W4":{"6F":"13","6C":"13"},"H8":{"74":"13"},"F7":{"QG":"13","RG":"13"}},"5X":{"J9":{"72":"13"}},"W7":{"6X":{"JH":"13"},"4J":{"66":"13","56":"13"},"3J":{"4J":"13","5J":"13","5M":"13","4M":"13"},"8V":{"VQ":"13"},"CX":{"CJ":"13","9J":"13","9M":"13"}},"69":{"57":{"MQ":"13","JQ":"13","MR":"13","JR":"13"},"FR":{"32":"13","42":"13"},"CQ":{"XP":"13","XM":"13","9W":"13"},"RG":{"QM":"13"},"MJ":{"8G":"13","7G":"13"},"X9":{"28":"13","27":"13"},"FQ":{"3P":"13","2P":"13","2M":"13","95":"13","96":"13","4P":"13"},"HR":{"62":"13"},"W9":{"X7":"13","X8":"13"},"PQ":{"M9":"13","M8":"13","P9":"13","P8":"13"},"GQ":{"RJ":"13","QP":"13","RP":"13","8J":"13"},"RJ":{"R3":"13","Q3":"13","W8":"13","W9":"13","V8":"13","V9":"13"},"PW":{"M9":"13","P9":"13","P8":"13","J6":"13","7X":"13"},"PH":{"9Q":"13","CQ":"13","CR":"13"},"CR":{"83":"13","82":"13","93":"13","92":"13"},"PX":{"72":"13"},"RM":{"F3":"13","F4":"13","C3":"13","C4":"13"}},"2H":{"JF":{"QJ":"13","QH":"13","WH":"13","RG":"13","RH":"13","VG":"13","RJ":"13","VJ":"13","VH":"13"},"J8":{"W5":"13","V6":"13","W6":"13","V5":"13"}},"4J":{"H3":{"XM":"13","XJ":"13"},"G5":{"FJ":"13","GJ":"13"},"M2":{"G9":"13","WX":"13"},"R5":{"55":"13"},"H2":{"G3":"13","F3":"13","VF":"13","VC":"13","HR":"13","GR":"13","HV":"13","GV":"13"},"M3":{"77":"13","57":"13","75":"13","65":"13","66":"13","56":"13","6J":"13","76":"13","67":"13","55":"13"},"J3":{"7Q":"13","7P":"13","82":"13"},"J6":{"8G":"13","7G":"13"},"G2":{"W2":"13","W3":"13","WR":"13","PV":"13"},"94":{"86":"13"},"85":{"Q5":"13","Q6":"13"},"J2":{"V5":"13","8X":"13","57":"13","58":"13","R5":"13","3H":"13","V7":"13","6R":"13","R6":"13","R7":"13","2J":"13","V6":"13","3J":"13","6Q":"13"},"H5":{"26":"13","25":"13"},"95":{"W4":"13"},"76":{"98":"13"},"84":{"8M":"13","FR":"13","GR":"13","GV":"13"}},"87":{"7W":{"42":"13","52":"13","43":"13","53":"13"},"6W":{"7W":"13","8X":"13","8W":"13"},"G9":{"74":"13","64":"13"},"GG":{"82":"13","92":"13"},"CW":{"6V":"13","H9":"13","7V":"13"},"6X":{"3Q":"13","2R":"13","2Q":"13","3R":"13"},"8X":{"WF":"13","WG":"13"},"G6":{"WX":"13"},"7V":{"V7":"13","5W":"13","W7":"13","W8":"13","V8":"13"},"9W":{"JV":"13","JW":"13","JQ":"13","MR":"13","JR":"13","HV":"13"},"G8":{"8X":"13","7X":"13"},"J3":{"JP":"13"},"FH":{"MF":"13","PC":"13","MC":"13","PF":"13"},"FV":{"26":"13","36":"13"},"J6":{"M2":"13","M3":"13"},"FF":{"XV":"13"},"M2":{"5R":"13","6V":"13","6R":"13","5V":"13"},"HP":{"MF":"13","CC":"13","JJ":"13","9C":"13","CF":"13"},"GF":{"3X":"13","2X":"13","9X":"13","8X":"13"}},"2J":{"XH":{"R8":"13","R9":"13","V9":"13"}},"V6":{"X8":{"PQ":"13"},"WG":{"4X":"13","3X":"13"},"WH":{"32":"13","42":"13","89":"13","93":"13","6J":"13","79":"13","7J":"13"},"VC":{"HP":"13"},"XH":{"PH":"13","MH":"13"},"X9":{"VP":"13"},"VF":{"X7":"13","X8":"13"},"RC":{"78":"13","WH":"5","XH":"5","XJ":"5","WJ":"5","VJ":"5","VH":"5"},"QC":{"QF":"13","RC":"13","QC":"13"},"XF":{"MJ":"13","MH":"13"},"RH":{"PF":"13"},"VG":{"3C":"13"},"WC":{"FF":"5"},"WF":{"3V":"13","75":"13","2V":"13"},"Q9":{"2V":"13"}},"CC":{"HH":{"58":"13","68":"13","29":"13","3F":"13","4C":"13","3C":"13","49":"13","6F":"13","3J":"13","4F":"13"},"GH":{"VG":"13","WG":"13"}},"7F":{"2C":{"PC":"13"},"49":{"55":"13","56":"13"},"47":{"GG":"13","FH":"13","HG":"13","GH":"13"},"6G":{"X2":"13"},"7G":{"22":"13"}},"77":{"74":{"JP":"13","HP":"13"}},"6H":{"9Q":{"GV":"13"}},"4C":{"RQ":{"QF":"13","PC":"13","PF":"13","QC":"13"}},"78":{"GM":{"5C":"13","59":"13","49":"13"},"X8":{"QR":"13","RQ":"13","QP":"13","PV":"13","RP":"13","QQ":"13","PR":"13","QV":"13"},"GP":{"4J":"13","QX":"13","3P":"13","RX":"13","6P":"13","4P":"13"},"MP":{"5R":"13","9V":"13","4R":"13","2R":"13","2V":"13","5V":"13","4V":"13"},"FR":{"QF":"13","QG":"13","VG":"13","PG":"13","QH":"13","PH":"13","WG":"13"},"XC":{"54":"13","65":"13","55":"13","64":"13","52":"13","62":"13"},"CQ":{"2W":"13","2X":"13"},"WM":{"M5":"13","P4":"13","M4":"13"},"X9":{"6X":"13","P4":"13","M3":"13","P3":"13"},"FQ":{"RQ":"13","RP":"13","VP":"13","VQ":"13"},"XJ":{"9J":"13","9M":"13"},"PQ":{"2P":"13","2Q":"13"},"JM":{"4J":"13","X6":"13","3J":"13","4H":"13","3H":"13"},"48":{"FX":"13"},"4G":{"WX":"13"},"QG":{"8G":"13","8H":"13"},"MQ":{"H8":"13","H7":"13"},"GQ":{"V3":"13","V2":"13","7W":"13","8W":"13"},"9V":{"89":"13","79":"13","8C":"13","7C":"13"},"VG":{"8M":"13","Q6":"13","R6":"13","9P":"13","9M":"13","8P":"13"},"72":{"WV":"13","WR":"13"},"7R":{"QG":"13"},"FW":{"R3":"13","Q3":"13"},"WF":{"7Q":"13","CJ":"13","7P":"13","FJ":"13","6P":"13","GM":"13","FM":"13","GJ":"13"}},"64":{"MH":{"XG":"13","XF":"13"},"RQ":{"73":"13","HQ":"13","G4":"13","F4":"13"},"PJ":{"R7":"13","QV":"13"},"PV":{"W7":"13","WC":"13","M3":"13","V6":"13","P3":"13","W6":"13"},"RV":{"JM":"13","HM":"13"},"QP":{"4X":"13","4W":"13","FH":"13","3X":"13","JH":"13","JJ":"13","MJ":"13","MH":"13"},"QV":{"HR":"13","HV":"13"},"PR":{"R9":"13","PC":"13","FF":"13"},"PP":{"HH":"13","Q4":"13","9X":"13","3V":"13","HJ":"13","75":"13","4V":"13","85":"13","4R":"13","GH":"13","86":"13","76":"13","GJ":"13","Q3":"13","R3":"13","CX":"13"},"MG":{"FV":"13","FR":"13","FW":"13","GW":"13","RM":"13","GR":"13","GV":"13"},"PQ":{"W4":"13","R2":"13","C2":"13","V2":"13"},"WV":{"CP":"13","CM":"13","9P":"13","9M":"13"},"RP":{"6F":"13","6R":"13","6C":"13"},"QW":{"9Q":"13","9R":"13","CR":"13"},"GW":{"J3":"13","H4":"13","H3":"13","93":"13","J4":"13","94":"13"},"QQ":{"J8":"13","H8":"13"},"QM":{"MV":"13","V7":"13","86":"13","29":"13","HQ":"13","W7":"13","87":"13","JQ":"13","2Q":"13"},"QG":{"6C":"13","5W":"13","4Q":"13","6M":"13","4V":"13","5R":"13","5F":"13","5C":"13","6F":"13","4R":"13","4W":"13","5V":"13","6J":"13","5Q":"13"},"QF":{"2P":"13"},"PG":{"HF":"13","GG":"13","GF":"13","HG":"13","GH":"13","JG":"13","C5":"13","C4":"13"},"RR":{"CW":"13","VF":"13","WF":"13","FW":"13","VC":"13","WC":"13"},"PM":{"HG":"13","HH":"13","JM":"13","M9":"13","JJ":"13","J9":"13","GH":"13"},"MV":{"2Q":"13"},"QH":{"9F":"13","4X":"13","3X":"13","CF":"13"},"JW":{"43":"13","Q8":"13","W8":"13","V8":"13","65":"13","M5":"13","R8":"13","45":"13","W7":"13","3G":"13","G4":"13","2G":"13"},"JV":{"FW":"13","FX":"13","GW":"13","GV":"13"},"HV":{"5Q":"13","4Q":"13","5P":"13","6H":"13","6G":"13"},"QR":{"X8":"13"},"CX":{"VJ":"13","VM":"13"},"GX":{"3V":"13","4X":"13","5X":"13"},"JR":{"RH":"13","RF":"13","FR":"13","QH":"13","WG":"13","CR":"13"},"PH":{"C6":"13","2F":"13","2G":"13","C7":"13","GC":"13"},"QJ":{"FV":"13","9Q":"13","8M":"13","69":"13","32":"13","42":"13","9R":"13","79":"13","2V":"13","CQ":"13","CR":"13","8J":"13"},"MQ":{"9X":"13","RG":"13","W6":"13","QF":"13","R8":"13","XG":"13","JJ":"13","XF":"13","QG":"13","V7":"13","W7":"13","RF":"13","V6":"13","JH":"13","9W":"13"},"PF":{"XP":"13"},"FW":{"6V":"13","JF":"13","7V":"13"}},"66":{"Q3":{"RH":"13","VJ":"13","VG":"13","RJ":"13","WJ":"13","WM":"13","VH":"13","QV":"13"},"PJ":{"3R":"13"},"Q4":{"W2":"13","X2":"13"},"C8":{"MQ":"13","HV":"13"},"72":{"GX":"13","8V":"13","FX":"13","8W":"13"},"V5":{"F2":"13","G3":"13","J3":"13","H2":"13","G4":"13","H3":"13","G2":"13"},"2C":{"PG":"13"},"46":{"5Q":"13"},"RP":{"C6":"13","F7":"13","C7":"13","F6":"13"},"WW":{"QV":"13"},"QF":{"V4":"13","R4":"13"},"24":{"CW":"13","7H":"13","CX":"13"},"99":{"VP":"13","WP":"13"},"V2":{"V7":"13","W7":"13"},"25":{"C7":"13","F6":"13"},"R4":{"54":"13","65":"13","P9":"13","P8":"13","64":"13","55":"13"},"V4":{"MH":"13","FX":"13","7J":"13","6J":"13","6H":"13","7H":"13","GW":"13","MJ":"13","8J":"13","HX":"13","7G":"13","GX":"13","8H":"13","HW":"13","FW":"13","JH":"13","JJ":"13"},"Q9":{"R5":"13","R4":"13"},"3C":{"3G":"13","3H":"13"},"97":{"F2":"13","MX":"13","F3":"13"},"73":{"88":"13","G5":"13","H6":"13","G6":"13"},"RF":{"34":"13","24":"13"},"R3":{"83":"13","84":"13","93":"13","94":"13"},"2P":{"7R":"13"}},"F8":{"WV":{"5G":"13"}},"J7":{"HM":{"8H":"13"}},"65":{"5V":{"3X":"13","3W":"13"},"5X":{"97":"13","58":"13","C7":"13"},"66":{"Q3":"13","Q4":"13","P4":"13"},"MQ":{"9C":"13","7M":"13","6M":"13","5M":"13","99":"13","23":"13","6P":"13","24":"13"},"93":{"99":"13"},"3R":{"QH":"13","PH":"13","FJ":"13","MH":"13"},"C6":{"J3":"13"},"5R":{"RR":"13","RQ":"13","PV":"13","MR":"13","PR":"13"},"V4":{"MC":"13"},"P6":{"3Q":"13"},"W5":{"VQ":"13","8G":"13","9F":"13","WH":"13","WM":"13","8F":"13","PF":"13","QC":"13","VR":"13","WQ":"13","VM":"13","WJ":"13","QX":"13","PC":"13","9G":"13"},"G9":{"WP":"13"},"73":{"PP":"13","MP":"13","MQ":"13","PQ":"13"},"QF":{"62":"13"},"4W":{"WV":"13","VG":"13","WR":"13","WG":"13"},"47":{"R3":"13","R4":"13"},"X4":{"GV":"13"},"65":{"CJ":"13","GP":"13","GM":"13","FM":"13","FP":"13"},"4G":{"FR":"13","CV":"13","CR":"13"},"G2":{"83":"13","82":"13","93":"13","92":"13"},"GW":{"2Q":"13"},"Q9":{"MQ":"13","JQ":"13","MR":"13","JR":"13"},"FW":{"QF":"13","RF":"13","QG":"13","RG":"13","XQ":"13","XR":"13"},"48":{"CC":"13","C9":"13","7V":"13","7W":"13","C8":"13"},"Q8":{"58":"13","57":"13","67":"13","68":"13"},"83":{"QH":"13","WC":"13","V9":"13"},"28":{"V9":"13"},"MG":{"VP":"13","WP":"13"},"JC":{"P7":"13","P6":"13","Q7":"13"},"JQ":{"RF":"13","X4":"13","R7":"13","P9":"13","X3":"13","VC":"13","RC":"13"},"49":{"X7":"13","W8":"13","X8":"13"},"8H":{"FV":"13","CP":"13","PX":"13","PW":"13","CV":"13","FP":"13","MW":"13"},"HR":{"58":"13","3P":"13","2P":"13","3M":"13","2M":"13","68":"13"},"R4":{"4X":"13"},"X5":{"9C":"13","3R":"13","5M":"13","3F":"13","5P":"13","3C":"13","8C":"13","2R":"13"},"76":{"JW":"13","JX":"13"},"79":{"29":"13"},"77":{"93":"13","C3":"13"},"26":{"XH":"13","6P":"13","8P":"13"},"C2":{"7G":"13","8G":"13","7H":"13","3P":"13","Q2":"13","5R":"13","6R":"13","Q3":"13","6Q":"13","5Q":"13"},"P7":{"99":"13","9C":"13"},"58":{"RW":"13","RX":"13"},"X8":{"RV":"13","RW":"13","QW":"13","QV":"13"},"R3":{"35":"13","34":"13","29":"13","25":"13","28":"13","38":"13","24":"13","2G":"13","2Q":"13"},"RV":{"FF":"13","CF":"13"},"W6":{"Q2":"13","M6":"13","P6":"13","P2":"13"},"64":{"RM":"13"},"9X":{"4C":"13","3C":"13"},"HM":{"75":"13"},"P4":{"42":"13"},"Q3":{"F7":"13","XQ":"13","X7":"13","QM":"13","CM":"13","XP":"13","F8":"13","XG":"13","MC":"13","G8":"13","PM":"13","G7":"13"},"J4":{"3Q":"13","4Q":"13"},"C7":{"9V":"13","CV":"13"},"C8":{"F3":"13"},"M9":{"9R":"13"},"PX":{"GP":"13","GQ":"13"},"R5":{"42":"13","C5":"13","C4":"13","94":"13"},"7G":{"P7":"13","P6":"13","Q7":"13","V8":"13"},"5W":{"58":"13","68":"13","MJ":"13","59":"13","PJ":"13","GG":"13","6R":"13","9Q":"13","69":"13","GH":"13","7R":"13","9P":"13","8Q":"13","6Q":"13","7Q":"13","8P":"13"},"JP":{"WX":"13","VX":"13"},"6F":{"JH":"13","JJ":"13"},"Q5":{"CW":"13","9W":"13","9V":"13","CV":"13"},"69":{"X9":"13"},"55":{"58":"13","4F":"13","4G":"13","47":"13","57":"13","56":"13","67":"13","48":"13"}},"59":{"XM":{"G4":"13"}},"6C":{"H8":{"CJ":"13","8Q":"13","FH":"13","9R":"13","8R":"13"},"H7":{"GR":"13","8J":"13"},"H9":{"27":"13"},"G9":{"MV":"13","QM":"13"},"J3":{"HJ":"13","QG":"13","QH":"13","GM":"13"},"CM":{"C6":"13","F6":"13"},"H6":{"JP":"13","R4":"13"},"94":{"VX":"13"},"CH":{"Q4":"13","P3":"13","P5":"13","M4":"13","M3":"13","M5":"13","P4":"13","Q3":"13","P2":"13"},"H5":{"WR":"13"},"J4":{"4Q":"13"},"FH":{"6F":"13","5C":"13","4F":"13","5G":"13","4G":"13","6G":"13","5F":"13"},"J5":{"45":"13"}},"5V":{"PJ":{"V5":"13"},"RH":{"JP":"13","WV":"13","WH":"13","HX":"13","WG":"13","JQ":"13","WW":"13"},"5Q":{"38":"13","48":"13"},"VM":{"7M":"13","6M":"13"},"GH":{"3V":"13","4Q":"13","FC":"13","F9":"13","3W":"13","4P":"13"},"XH":{"6Q":"13","Q8":"13","R7":"13","6P":"13","Q7":"13"},"RM":{"XV":"13"},"8Q":{"34":"13","35":"13"},"RJ":{"HR":"13"},"RP":{"5Q":"13"},"QW":{"6H":"13","6J":"13","7J":"13"},"GJ":{"QJ":"13"},"QM":{"VM":"13","RM":"13"},"QG":{"FH":"13","6H":"13","6J":"13"},"VJ":{"MV":"13","JV":"13"},"PW":{"VQ":"13"},"HH":{"VQ":"13","WR":"13","2P":"13","2M":"13","3M":"13","WP":"13","WM":"13","RQ":"13","VR":"13","WQ":"13","VM":"13","RP":"13","2J":"13","3J":"13","VP":"13"},"WH":{"RR":"13","RQ":"13"},"QJ":{"6Q":"13"},"HJ":{"76":"13","66":"13"},"JH":{"6G":"13","7G":"13"},"JJ":{"QR":"13","RR":"13"}},"86":{"HH":{"46":"13","47":"13"},"76":{"F3":"13","F4":"13"},"GF":{"CW":"13","QM":"13","9V":"13","9W":"13","QP":"13","RP":"13","RM":"13","CV":"13"},"23":{"7X":"13"},"24":{"72":"13"},"F8":{"7F":"13","84":"13","8G":"13","8F":"13","6J":"13","7J":"13","94":"13","7G":"13"},"66":{"R2":"13","V2":"13"},"HG":{"JW":"13","JX":"13"},"JX":{"G5":"13"},"G5":{"3V":"13","7M":"13","6M":"13","6J":"13","2M":"13","2V":"13"},"3C":{"H4":"13","J4":"13"},"GQ":{"RH":"13","HJ":"13","HH":"13","RJ":"13","JH":"13","JJ":"13"},"53":{"GP":"13","HQ":"13","GQ":"13"},"GJ":{"G3":"13","G2":"13"},"68":{"45":"13","35":"13"}},"2W":{"VW":{"MF":"13","JF":"13","JC":"13"}},"4V":{"XP":{"3Q":"13","3R":"13"},"Q4":{"83":"13","84":"13","93":"13","94":"13"},"4W":{"HG":"13"},"F5":{"9Q":"13","8Q":"13"},"8G":{"2C":"13"},"G4":{"GH":"13"},"6H":{"8X":"13","7X":"13"},"6G":{"JQ":"13","JR":"13"},"7R":{"JJ":"13"},"7J":{"63":"13","5M":"13","5P":"13","4M":"13"},"5F":{"75":"13"}},"57":{"V4":{"4P":"13"},"Q4":{"QX":"13","PX":"13"},"77":{"RP":"13"},"MP":{"69":"13","4X":"13","4W":"13","3X":"13","79":"13","68":"13","78":"13"},"R9":{"5M":"13"},"FX":{"WP":"13"},"X6":{"M2":"13","M3":"13","P3":"13","P2":"13"},"VC":{"GX":"13","HX":"13"},"8W":{"V4":"13","R4":"13"},"VF":{"H2":"13","G2":"13"},"RC":{"6Q":"13","6R":"13"},"VW":{"7F":"13","6F":"13","6C":"13","7C":"13"},"H6":{"5M":"13"},"4V":{"RP":"13"},"JP":{"65":"13"},"FV":{"PP":"13"},"6R":{"M5":"13","R5":"13","R6":"13","J5":"13","V5":"13"},"6V":{"M6":"13","P6":"13"},"Q5":{"Q2":"13","H8":"13","G8":"13","P2":"13"},"PH":{"F5":"13","C5":"13"},"5V":{"4M":"13","WQ":"13","4P":"13"},"8Q":{"4Q":"13"}},"X8":{"6F":{"HQ":"13","HP":"13"},"3G":{"G5":"13"},"4G":{"V6":"13","V5":"13"},"3C":{"4R":"13"}}}}