{"7F":{"34":{"4W":{"RQ":"13","QQ":"13"}},"62":{"2P":{"5W":"13","5V":"13"}},"F7":{"HQ":{"98":"13","5G":"13","F8":"13","6G":"13","5H":"13","F7":"13","C7":"13"}},"RQ":{"54":{"8M":"13","7M":"13","7J":"13","8J":"13"}},"V3":{"4W":{"54":"13","65":"13","64":"13","55":"13"},"23":{"9F":"13"},"3W":{"W5":"13","X5":"13"}},"C3":{"CC":{"M5":"13","J4":"13","M4":"13","V6":"13","J5":"13"}},"VM":{"HJ":{"CJ":"13","FC":"13","3J":"13","2J":"13","F8":"13","G8":"13","G7":"13","FJ":"13","3M":"13","2M":"13","F7":"13","FF":"13"},"F4":{"J8":"13","JC":"13","J9":"13"},"C3":{"V3":"13","W2":"13","W3":"13","V2":"13","X3":"13"}},"QP":{"VG":{"6J":"13"},"WC":{"HQ":"13","JQ":"13","JR":"13","HR":"13"}},"72":{"R8":{"9M":"13","7C":"13"}},"VR":{"R9":{"8M":"13","7M":"13","7P":"13","8P":"13"}},"XQ":{"3Q":{"6M":"13","6P":"13"},"4W":{"GP":"13","HW":"13","JW":"13","GQ":"13"}},"35":{"VF":{"R5":"13","V4":"13","R4":"13","V5":"13"}},"6M":{"64":{"V7":"13","R7":"13","R6":"13","V6":"13"}},"M7":{"M4":{"PR":"13"}},"RM":{"3H":{"R2":"13","V2":"13"},"H4":{"8M":"13","69":"13","58":"13","8G":"13","59":"13","68":"13","8J":"13"},"G2":{"P5":"13","Q5":"13","Q6":"13","P6":"13"},"JM":{"W4":"13","W5":"13","W2":"13","W3":"13","X4":"13","X2":"13","X3":"13"},"H6":{"6X":"13","36":"13","37":"13","6W":"13","7W":"13","7X":"13"},"3F":{"RV":"13","RW":"13","VV":"13","WV":"13","VW":"13","WW":"13"},"H5":{"58":"13","57":"13","67":"13","68":"13"},"3G":{"RW":"13","RX":"13","VX":"13"},"G4":{"R3":"13","V3":"13","R2":"13","V2":"13"}},"GV":{"FH":{"8X":"13"},"FJ":{"5C":"13","69":"13","HQ":"13","76":"13","89":"13","77":"13","79":"13","GQ":"13","6C":"13"},"GM":{"25":"13","35":"13"},"9J":{"P7":"13","M7":"13"}},"4C":{"2G":{"89":"13","9C":"13","79":"13","8C":"13","7C":"13"},"XW":{"X9":"13","X8":"13"}},"W2":{"Q2":{"CJ":"13","CH":"13"}},"VP":{"H8":{"FX":"13"},"H9":{"F2":"13"},"G5":{"J7":"13","J8":"13","M6":"13","M7":"13","J6":"13"},"2C":{"HG":"13","HH":"13","HP":"13","HM":"13","X4":"13","JF":"13","X5":"13","JG":"13","JH":"13","HF":"13"},"F2":{"QF":"13","XF":"13","PC":"13","PF":"13","QC":"13"},"G2":{"2C":"13","2F":"13","3C":"13","3F":"13"},"H6":{"CJ":"13","FJ":"13"},"3C":{"34":"13","44":"13","25":"13","23":"13","24":"13","43":"13","33":"13"},"2F":{"Q6":"13","P7":"13","P6":"13","Q7":"13"},"H5":{"9V":"13","CV":"13"},"7V":{"HP":"13","JM":"13","HM":"13"},"G7":{"QJ":"13","RH":"13","QG":"13","RG":"13","QH":"13","M6":"13","RJ":"13","J6":"13"},"2G":{"GG":"13","HG":"13"},"9W":{"86":"13","85":"13","95":"13","96":"13"}},"RJ":{"GX":{"G9":"13","GC":"13"},"HW":{"FW":"13","FX":"13","CX":"13"},"HQ":{"P9":"13","P8":"13","Q9":"13"},"HR":{"P5":"13","Q5":"13","Q6":"13","P6":"13"}},"2H":{"WF":{"97":"13"}},"GR":{"FG":{"5H":"13"}},"P6":{"PM":{"53":"13"}},"22":{"9F":{"36":"13","6M":"13","55":"13","56":"13"},"P5":{"8Q":"13"},"X5":{"FW":"13","GW":"13"},"59":{"FR":"13"},"V6":{"27":"13"}},"8C":{"X2":{"Q8":"13","M7":"13","M8":"13","P8":"13","M9":"13","Q7":"13","P9":"13","P7":"13"}},"GJ":{"5X":{"W8":"13","XC":"13"}},"56":{"Q2":{"G6":"13","H8":"13","H7":"13","H9":"13","M8":"13","65":"5","J7":"13","J8":"13","M9":"13","H6":"13","J9":"13","G8":"13","G7":"13","86":"5"}},"5M":{"M8":{"FM":"13"},"4R":{"29":"13","39":"13","2C":"13","3C":"13"},"J6":{"Q8":"2"},"4V":{"76":"13","66":"13","77":"13","67":"13"}},"4P":{"4X":{"GX":"13","HW":"13","HX":"13","GW":"13"}},"QM":{"WW":{"C6":"13","C7":"13","F7":"13","F6":"13"}},"QG":{"QH":{"J7":"13"}},"QF":{"5G":{"P2":"13"},"G5":{"HV":"13"}},"5J":{"RJ":{"XM":"13"},"62":{"7Q":"13","7P":"13","6P":"13"},"8J":{"7F":"13","2W":"13"}},"2Q":{"79":{"GP":"13","FQ":"13","GQ":"13","FP":"13"}},"59":{"F3":{"QQ":"13","RQ":"13","PQ":"13","VM":"13","QP":"13","RP":"13","PP":"13","VP":"13"},"59":{"8X":"2"},"H3":{"54":"13","44":"13","64":"13","55":"13"}},"XP":{"X7":{"Q3":"13","Q4":"13","P4":"13","P3":"13"}},"V4":{"6F":{"79":"13","7C":"13"},"5C":{"GP":"13","MQ":"13","PQ":"13"},"5F":{"QJ":"13","QH":"13","VH":"13"}},"PC":{"VC":{"QM":"13","RJ":"13","RM":"13"}},"5F":{"Q2":{"X6":"13","X5":"13","X4":"13"},"R2":{"25":"13","24":"13"}},"55":{"35":{"4W":"13","5W":"13","4V":"13","3W":"13"}},"89":{"XX":{"HW":"13","35":"13","HV":"13"}},"Q9":{"8R":{"RG":"13"}},"29":{"GF":{"W4":"13","P4":"13","M4":"13","M3":"13","P3":"13"},"GC":{"6Q":"13","5C":"13","69":"13","4F":"13","59":"13","49":"13","4C":"13","5F":"13","6C":"13"}},"5C":{"2W":{"29":"13","39":"13","38":"13","28":"13"},"CF":{"CM":"13"}},"QC":{"CC":{"46":"13"},"99":{"XX":"13"},"C9":{"2X":"13"}},"CJ":{"MW":{"R8":"13","Q8":"13"}},"3C":{"WF":{"MX":"13"},"XH":{"R8":"13","V7":"13","3Q":"13","R7":"13","V8":"13"}},"J7":{"QG":{"X5":"13","VC":"13","W9":"13","V9":"13"},"QH":{"M5":"13"}},"49":{"XH":{"MX":"13","JX":"13"}},"54":{"39":{"X6":"13","W7":"13","X7":"13","W6":"13"},"F4":{"9X":"13","9W":"13","8X":"13","8W":"13"},"F2":{"VQ":"13","RQ":"13","VR":"13","VM":"13","RP":"13","VP":"13","RM":"13"},"H4":{"X4":"13","X3":"13"},"G3":{"RH":"13","RF":"13","QF":"13","QG":"13","RG":"13","VG":"13","QH":"13","VF":"13","RJ":"13","WF":"13","WG":"13","4H":"13","WC":"13","VC":"13","J6":"13","VH":"13","RC":"13"},"J4":{"23":"13","24":"13","33":"13"},"G4":{"8M":"5","7H":"5","7M":"5","49":"13","7J":"5","48":"13","8J":"5"}},"8H":{"VX":{"83":"3","73":"3"}},"C9":{"M8":{"XP":"13","XQ":"13"},"P8":{"2P":"13","2Q":"13"}},"3M":{"PJ":{"M7":"13","M8":"13","P8":"13","J7":"13","M6":"13","QC":"13","J8":"13","J6":"13","M9":"13","MC":"13","P9":"13","PC":"13","Q9":"13","P7":"13"},"R5":{"JH":"13"}},"3G":{"M5":{"QX":"13","QW":"13","PX":"13"},"M6":{"M3":"13","P3":"13","P2":"13"}},"RC":{"FF":{"WF":"13"}},"6F":{"FR":{"24":"13"}},"23":{"89":{"4J":"13"}},"XR":{"54":{"5Q":"13","5R":"13","2W":"13","4Q":"13","3W":"13"}},"PF":{"X6":{"QV":"13"}},"4Q":{"63":{"F2":"13","H2":"13","72":"13","C2":"13","82":"13","G2":"13","92":"13"},"34":{"C5":"13","94":"13","85":"13","93":"13","97":"13","95":"13","87":"13","86":"13","84":"13","96":"13"},"43":{"JV":"13","JW":"13","MW":"13"},"62":{"8V":"13","FJ":"13","8X":"13","9P":"13","8P":"13","FQ":"13","7M":"13","8Q":"13","GR":"13","GM":"13","CX":"13","9V":"13","6M":"13","CP":"13","FX":"13","7W":"13","CM":"13","GV":"13","GW":"13","FW":"13","7Q":"13","CW":"13","FV":"13","6Q":"13","6X":"13","FP":"13","9W":"13","7J":"13","6R":"13","CV":"13","HR":"13","7X":"13","HX":"13","7V":"13","6V":"13","GX":"13","HP":"13","CJ":"13","9M":"13","GQ":"13","GP":"13","FR":"13","9J":"13","9X":"13","HV":"13","7R":"13","FM":"13","CR":"13","HM":"13","CQ":"13","6P":"13","7P":"13","8W":"13","9Q":"13","8M":"13","9R":"13","HQ":"13","8R":"13","HW":"13","6W":"13","8J":"13"},"33":{"77":"13","43":"13","53":"13"},"22":{"X9":"13"}},"R3":{"P9":{"7F":"13","8F":"13","9C":"13","8C":"13","7C":"13"},"X3":{"FV":"13","HH":"13","7M":"13","6M":"13","HG":"13","FW":"13","7J":"13","GW":"13","9H":"13","9G":"13","GV":"13"}},"67":{"V7":{"PF":"13"},"4W":{"Q3":"13","58":"13","49":"13","48":"13"},"3X":{"F8":"13","G7":"13","C9":"13","77":"13","95":"13","C8":"13","F9":"13"},"W7":{"2C":"13"},"FM":{"34":"13","37":"13","27":"13"},"4V":{"PX":"13"},"3W":{"HW":"13","JW":"13","HX":"13","JX":"13","FX":"13"}},"FW":{"MR":{"2R":"13"},"XC":{"WQ":"13"}},"X2":{"77":{"V5":"13"},"C6":{"8V":"13"},"MP":{"V7":"13","X3":"13"},"98":{"GG":"13"},"95":{"9F":"13","CJ":"13","9G":"13"},"PM":{"Q5":"13","Q6":"13"},"76":{"5G":"13","6G":"13","5H":"13","5F":"13"}},"3P":{"24":{"RG":"13","VG":"13","WG":"13"}},"2P":{"4F":{"63":"13","83":"13","73":"13","84":"13","85":"13","75":"13","65":"13","74":"13","64":"13"},"J8":{"3V":"13","2R":"13","2V":"13","3R":"13"},"H9":{"W4":"13","X4":"13"},"H8":{"PG":"13","QF":"13","RC":"13","PF":"13","QC":"13","QG":"13","RF":"13","PC":"13"},"H7":{"MF":"13","PG":"13","MG":"13"}}},"index":{"university,1|retail,2|tourism,3|wreck,4|historical,5|artsCulture,6|namedBuilding,7|water,8|wetland,9|park,10|beach,11|natureReserve,12|cemetery,13|trail,14":{}}}