{"index":{"university,1|retail,2|tourism,3|wreck,4|historical,5|artsCulture,6|namedBuilding,7|water,8|wetland,9|park,10|beach,11|natureReserve,12|cemetery,13|trail,14":{}},"7G":{"VM":{"6Q":{"VW":"13","RX":"13","WX":"13","VX":"13"},"6R":{"V4":"13","V2":"13","W2":"13","7M":"13","V3":"13","W4":"13","X2":"13","W3":"13","7P":"13","X3":"13","8M":"13","8P":"13"},"3C":{"W9":"13"}},"PW":{"34":{"Q2":"13","R2":"13"},"32":{"CW":"13","GX":"13","FW":"13","FX":"13","CX":"13"},"33":{"F2":"13","V7":"13","RW":"13","QX":"13","W7":"13","RX":"13","G2":"13","V6":"13","W6":"13"}},"4X":{"FG":{"6F":"13","XF":"13","6G":"13","XC":"13"},"CH":{"C2":"13","53":"13"},"22":{"MV":"13","JV":"13","JW":"13","MR":"13","JR":"13"},"CF":{"V5":"13"}},"5X":{"QJ":{"Q3":"13","P3":"13"},"FG":{"FV":"13","GV":"13"},"XC":{"GF":"13","FF":"13"},"QM":{"W2":"13"},"QQ":{"PJ":"13","MJ":"13"},"WP":{"7Q":"13"},"WM":{"5P":"13"},"XH":{"XR":"13"},"M5":{"2G":"13"},"XJ":{"G4":"13","G5":"13"},"PQ":{"W8":"13"},"42":{"2C":"13","2F":"13"},"RP":{"W2":"13"},"GF":{"39":"13","38":"13"},"MV":{"99":"13","89":"13"},"WC":{"8H":"13","3G":"13","4G":"13"},"7C":{"WF":"13"},"J5":{"WC":"13","XC":"13"},"RM":{"WX":"13"},"P2":{"8F":"3"}},"MQ":{"P5":{"F6":"13"},"VQ":{"XQ":"13"}},"7M":{"23":{"HF":"13","FR":"13","FQ":"13","HG":"13","7V":"13","GQ":"13","CQ":"13"},"35":{"JM":"13","HM":"13"}},"QM":{"23":{"M8":"13"}},"W9":{"HR":{"7W":"13"}},"X3":{"58":{"63":"13","73":"13","72":"13","62":"13"},"7M":{"W5":"13","W6":"13"},"2G":{"HX":"13","57":"13","46":"13","47":"13","JX":"13","56":"13","HV":"13","JW":"13","JV":"13","HW":"13"},"47":{"9X":"13","FX":"13","WW":"13","CW":"13","VW":"13","WX":"13","VX":"13","HV":"13","JW":"13","JV":"13","HW":"13","CX":"13"},"57":{"MV":"13","PV":"13","MR":"13"},"2H":{"R5":"13","R7":"13","R6":"13","V6":"13","V5":"13"},"3F":{"7M":"13","5P":"13"},"48":{"F2":"13","C2":"13","92":"13"},"8J":{"CP":"13","CM":"13"}},"PP":{"3Q":{"X8":"13"},"4Q":{"28":"13"},"7J":{"MM":"13"}},"XQ":{"G9":{"6Q":"13","6P":"13"},"H2":{"2P":"13","2Q":"13","2M":"13"},"X3":{"C4":"13"},"G2":{"XP":"13","XQ":"13","XM":"13"}},"RM":{"X9":{"28":"13"}},"PM":{"F2":{"88":"13"}},"JX":{"84":{"37":"13","47":"13"}},"6M":{"8G":{"C2":"13"},"X4":{"W4":"13","W5":"13","V4":"13","R4":"13","V5":"13"},"P7":{"HX":"13","JX":"13"},"P8":{"H2":"13","J2":"13"},"CH":{"86":"13","85":"13","75":"13","76":"13"},"C9":{"32":"13","42":"13","43":"13","53":"13","33":"13"},"95":{"83":"13","73":"13","93":"13"},"9H":{"P3":"13","P2":"13"},"CF":{"9W":"13","9V":"13","8V":"13","6W":"13","7W":"13","7V":"13","7R":"13","8R":"13","8X":"13","7X":"13","8W":"13"}},"X6":{"PG":{"WC":"13","VC":"13"}},"XH":{"86":{"4P":"13","2P":"13","5W":"13","2M":"13","3M":"13","4Q":"13","5X":"13","4V":"13","5P":"13","3P":"13","6W":"13","5R":"13","4R":"13","6X":"13","4W":"13","5V":"13","3Q":"13","2Q":"13","5Q":"13"},"66":{"88":"13","87":"13","77":"13","78":"13"},"H8":{"W4":"13","V3":"13","V4":"13","W3":"13"},"84":{"FF":"13","FG":"13","CF":"13","GC":"13","GG":"13","FC":"13","HC":"13","GF":"13","88":"13"},"24":{"X8":"13","V5":"13","W8":"13","W5":"13","X7":"13","W6":"13","X6":"13","X9":"13","W4":"13","W7":"13","X4":"13","X5":"13"},"62":{"W2":"13","W3":"13","X2":"13","X3":"13"},"H7":{"7Q":"13","6Q":"13","6R":"13","8V":"13","7V":"13","7R":"13","8R":"13"},"G6":{"78":"13","77":"13","57":"13","58":"13","68":"13","66":"13","56":"13","69":"13","87":"13","86":"13","76":"13","67":"13"},"WJ":{"C5":"13","62":"13","43":"13","74":"13","C6":"13","75":"13","C3":"13","83":"13","92":"13","94":"13","C2":"13","73":"13","53":"13","52":"13","64":"13","42":"13","85":"13","82":"13","93":"13","72":"13","95":"13","C4":"13","63":"13","86":"13","76":"13","84":"13","96":"13"},"C5":{"VM":"13","RP":"13","VP":"13","RM":"13"},"R9":{"MX":"13","HR":"13","GV":"13","MW":"13","GR":"13","PW":"13","JQ":"13","JX":"13","MV":"13","JW":"13","JV":"13","HV":"13","QX":"13","JR":"13","PX":"13","MQ":"13","HW":"13","MR":"13"},"P6":{"HG":"13","8H":"13","XG":"13","8J":"13","7H":"13","XF":"13","9H":"13","9J":"13"},"R6":{"P8":"13"},"W5":{"G9":"13","CC":"13","FC":"13","H8":"13","G8":"13","C9":"13","F9":"13"},"H6":{"MG":"13","MF":"13","VF":"13","5G":"13","4C":"13","MC":"13","5F":"13","49":"13","5C":"13","JF":"13","JG":"13","4F":"13"},"RC":{"Q6":"13","Q3":"13","P4":"13","Q4":"13","R6":"13","Q7":"13","V8":"13","P5":"13","Q2":"13","M4":"13","R7":"13","W8":"13","J4":"13","P2":"13","J3":"13","M5":"13","X6":"13","R4":"13","Q5":"13","V7":"13","V6":"13","M3":"13","R5":"13","J2":"13","W7":"13","X7":"13","M2":"13","P3":"13","R8":"13","R3":"13"},"M6":{"HP":"13","6C":"13","MR":"13","JM":"13","HM":"13","JP":"13","MQ":"13","7F":"13","6F":"13","JQ":"13","JR":"13","7C":"13"},"X4":{"FQ":"13","HQ":"3","CP":"13","7R":"13","CQ":"13","FP":"13"},"V6":{"Q8":"13","4F":"13","M8":"3","P9":"13","P8":"13","3F":"13","Q9":"13"},"F7":{"QJ":"13","FF":"13","QM":"13","FJ":"13","2C":"13","FC":"13","F9":"13","CH":"13","RH":"13","2F":"13","RJ":"13","VJ":"13","GH":"13","CJ":"13","FH":"13","RM":"13"},"W7":{"QJ":"13","QM":"13","2W":"13","3X":"13","3W":"13","2X":"13","VM":"13","QP":"13","RP":"13","RJ":"13","PM":"13","PP":"13","RM":"13"},"R7":{"W2":"13","W3":"13","X2":"13","X3":"13"},"Q2":{"62":"13","H3":"13","G5":"13","F4":"13","C3":"13","83":"13","92":"13","F2":"13","G2":"13","94":"13","C2":"13","73":"13","G3":"13","52":"13","82":"13","93":"13","F5":"13","72":"13","C4":"13","G4":"13","F3":"13"},"33":{"XH":"13"},"43":{"8X":"13"},"97":{"X8":"13","7G":"13","78":"13","6G":"13","XC":"13","X7":"13","6C":"13","68":"13","6H":"13","X6":"13","X9":"13","59":"13","X2":"13","5G":"13","W3":"13","4G":"13","7F":"13","5F":"13","5C":"13","X4":"13","6F":"13","69":"13","79":"13","X3":"13","88":"13","67":"13","7C":"13","4F":"13"},"R8":{"75":"13","P6":"13","P5":"13","MR":"13","MQ":"13","Q7":"13","85":"13","Q6":"13","Q5":"13","JQ":"13","JV":"13","MV":"13","JR":"13","86":"13","76":"13"},"72":{"22":"13"},"J6":{"FF":"13","FG":"13","WH":"13","65":"13","XH":"13","GC":"13","XG":"13","CG":"13","GF":"13","9G":"13","55":"13","FH":"13","54":"13"},"96":{"M2":"13"},"Q6":{"WG":"13","WH":"13","2C":"13","3F":"13","3C":"13","2F":"13","VG":"13","VH":"13","2G":"13"},"X5":{"72":"13","82":"13"},"76":{"WG":"13","XC":"13","6H":"13","VC":"13","VF":"13","7H":"13","XF":"13","22":"13","6J":"13","WC":"13","7J":"13","WF":"13"},"C2":{"MM":"13"},"23":{"M8":"13"},"WH":{"8V":"13","9X":"13","8X":"13","CV":"13","8W":"13","8R":"13","CW":"13","5X":"13","9R":"13","7W":"13","9V":"13","7X":"13","7V":"13","6X":"13","CR":"13","4X":"13","9W":"13","CX":"13"},"P8":{"G9":"13","75":"13","65":"13","C9":"13","GC":"13","83":"13","F8":"13","66":"13","FC":"13","73":"13","F9":"13","64":"13","C8":"13","82":"13","G8":"13","76":"13","55":"13","54":"13"},"F6":{"88":"13"},"VC":{"26":"13","36":"13","46":"13","45":"13","35":"13","27":"13"},"M8":{"74":"13","75":"13","2C":"13","65":"13","46":"13","47":"13","66":"13","3F":"13","4C":"13","64":"13","3C":"13","2F":"13","49":"13","4F":"13"},"XC":{"HG":"13","H8":"13","H9":"13","G9":"13","M8":"13","GC":"13","J8":"13","GG":"13","M9":"13","J9":"13","MC":"13","HC":"13","JF":"13","GF":"13","G8":"13","JG":"13","JC":"13","HF":"13"},"V7":{"XX":"13","XW":"13"},"C7":{"26":"13","36":"13","29":"13","39":"13","38":"13","2C":"13","37":"13","XF":"13","23":"13","24":"13","XC":"13","28":"13","27":"13"},"J8":{"F7":"13","C8":"13","GG":"13","C6":"13","7F":"13","88":"13","87":"13","78":"13","7C":"13","F8":"13","X9":"13","W9":"13","77":"13","XC":"13","FG":"13","C7":"13","6C":"13","F6":"13","FF":"13","WC":"13","GF":"13","6F":"13"},"22":{"8M":"13"},"44":{"82":"13"},"34":{"39":"13","2C":"13","29":"13","28":"13","27":"13","48":"13","4C":"13","37":"13","3C":"13","49":"13","38":"13","26":"13"},"56":{"R3":"13","W4":"13","V3":"13","W5":"13","V4":"13","R5":"13","W3":"13","R6":"13","R4":"13","V6":"13","V5":"13"},"X7":{"R6":"13","X8":"13","X4":"13","XH":"13","V8":"13","4H":"13","V5":"13","R7":"13","W8":"13","X5":"13","VF":"13","QF":"13","W5":"13","VG":"13","X6":"13","VC":"13","V7":"13","3H":"13","V6":"13","W7":"13","W6":"13","X7":"13","3G":"13","RC":"13","XG":"13","RF":"13","PF":"13","R8":"13"},"55":{"4F":"13","3G":"13","4G":"13","2G":"13","4H":"13","2H":"13","3H":"13","3F":"13"}},"XG":{"9Q":{"MM":"13"},"4W":{"82":"13"},"6W":{"MM":"13","6V":"13","6R":"13","6W":"13","7W":"13","7V":"13","5V":"13"},"9M":{"2J":"13","2M":"13"},"FX":{"M2":"13","22":"13"},"7J":{"X8":"13"},"5Q":{"37":"13","46":"13","47":"13","57":"13","56":"13","28":"13","27":"13"},"CW":{"8M":"13","82":"13"},"6V":{"M2":"13"},"WX":{"G2":"13","62":"13","F5":"13","F7":"13","63":"13","84":"13","83":"13","74":"13","J5":"13","95":"13","H2":"13","C3":"13","G9":"13","C8":"13","C6":"13","72":"13","C5":"13","85":"13","H4":"13","C2":"13","88":"13","92":"13","86":"13","C4":"13","M4":"13","87":"13","J4":"13","H3":"13","F9":"13","H8":"13","F4":"13","H5":"13","G6":"13","F8":"13","H7":"13","G8":"13","G4":"13","J3":"13","H9":"13","F2":"13","77":"13","M5":"13","H6":"13","94":"13","J8":"13","93":"13","G3":"13","82":"13","F3":"13","75":"13","C7":"13","G7":"13","M3":"13","98":"13","J7":"13","96":"13","J6":"13","F6":"13","97":"13","73":"13","G5":"13"},"6J":{"PX":"13"},"6X":{"PJ":"13","28":"13"},"9J":{"7H":"13","C7":"13","C8":"13","7G":"13"},"6R":{"MX":"13"},"9H":{"J8":"13","M9":"13","M8":"13","J9":"13"},"8Q":{"28":"13"},"2R":{"2X":"13"},"CF":{"XH":"7","XJ":"7"},"7R":{"8X":"13"},"8R":{"8M":"13","7M":"13","7P":"13","M8":"13","6M":"13","6P":"13","8P":"13"},"WW":{"8V":"13","GX":"13","9X":"13","8X":"13","FX":"13","8W":"13","CW":"13","7W":"13","9V":"13","7X":"13","7V":"13","6X":"13","FW":"13","9W":"13","CX":"13"},"4P":{"MM":"13"},"9V":{"8M":"13","88":"13","67":"13"},"7Q":{"M2":"13","28":"13","X8":"13"},"7V":{"82":"13"},"9W":{"M2":"13"},"8J":{"JP":"13","JQ":"13","JR":"13","M7":"13","28":"13"},"5W":{"MM":"13"},"CR":{"88":"13","M8":"13"},"2V":{"22":"13"},"CV":{"7F":"13","98":"13","99":"13","8F":"13","8C":"13","7C":"13"},"3W":{"QM":"13","RQ":"13","QP":"13","PP":"13","RP":"13","QQ":"13"},"QX":{"8V":"13","9X":"13","8X":"13","4P":"13","3V":"13","3R":"13","2P":"13","FX":"13","5W":"13","2V":"13","2W":"13","3X":"13","2M":"13","3M":"13","8W":"13","4Q":"13","CW":"13","3W":"13","5X":"13","4V":"13","5P":"13","3P":"13","6W":"13","5R":"13","6R":"13","7W":"13","7X":"13","6V":"13","7V":"13","4R":"13","6X":"13","4W":"13","5V":"13","7R":"13","3Q":"13","4X":"13","2Q":"13","2R":"13","9W":"13","6Q":"13","5Q":"13","CX":"13"},"PX":{"XV":"13","WV":"13","XQ":"13","WR":"13","XR":"13"},"8M":{"XM":"13","XJ":"13"},"CM":{"28":"13"},"5X":{"HF":"13","HJ":"13","HH":"13","JH":"13","HG":"13","GH":"13","GJ":"13"},"CQ":{"88":"13"},"6Q":{"82":"13"}},"6J":{"6X":{"XV":"13","WV":"13","WX":"13","WW":"13","XW":"13"},"4X":{"W2":"13","W3":"13"},"7X":{"6G":"13","4J":"13","5J":"13","6H":"13","5H":"13","5G":"13","5M":"13","5P":"13","6P":"13","6J":"13","7Q":"13","6Q":"13","5Q":"13"}},"4W":{"9J":{"HH":"13"}},"QG":{"5G":{"8M":"13"},"PC":{"M8":"13"},"62":{"82":"13"}},"7W":{"9X":{"29":"13","39":"13","49":"13","4C":"13","3C":"13","28":"13"},"8X":{"X9":"13","X8":"13"},"3X":{"69":"13","59":"13"},"QF":{"P5":"13","M5":"13","M6":"13","M9":"13","J9":"13"},"8W":{"WW":"13","3M":"13","VW":"13","M9":"13","WX":"13","MC":"13","VX":"13","P9":"13","PC":"13"},"GV":{"XG":"13"},"QC":{"FR":"13","FQ":"13","CP":"13","PV":"13","FM":"13","CQ":"13","FP":"13","CR":"13"},"GR":{"49":"13"},"7P":{"3P":"13","3M":"13"},"6P":{"RQ":"13","VQ":"13"},"P7":{"32":"13","33":"13"},"9W":{"5J":"13","5M":"13","6M":"13","6J":"13","7J":"13"}},"3W":{"V3":{"WG":"13"}},"VG":{"7W":{"28":"13"},"9Q":{"MM":"13"},"6W":{"X8":"13"},"RQ":{"MX":"13"},"PV":{"X2":"13"},"RV":{"8M":"13"},"QP":{"MM":"13"},"VR":{"28":"13"},"QV":{"M8":"13","22":"13"},"PR":{"XX":"13"},"XV":{"88":"13"},"HR":{"28":"13"},"WV":{"88":"13","28":"13"},"VP":{"M2":"13"},"GR":{"X8":"13"},"8X":{"82":"13"},"RP":{"8M":"13","M2":"13"},"QQ":{"MM":"13","8X":"13"},"CP":{"2M":"13"},"7V":{"MX":"13"},"RR":{"M2":"13","X8":"13"},"CR":{"8M":"13","M8":"13"},"QR":{"2X":"13","82":"13"},"GQ":{"MM":"13"},"XR":{"28":"13"},"MR":{"5C":"13","69":"13","59":"13","4C":"13","6C":"13"}},"4J":{"CR":{"4C":"13","3C":"13"}},"52":{"RR":{"HC":"13","GC":"13"}},"WP":{"RF":{"F4":"13"},"GG":{"86":"13","75":"13","76":"13"},"P7":{"9J":"13"},"FX":{"XQ":"13","XR":"13","WQ":"13"},"VC":{"XF":"13"},"Q7":{"45":"13"}},"6X":{"G9":{"8M":"13"},"2H":{"MM":"13","2F":"13","59":"13","JM":"13"},"R9":{"XH":"13"},"2C":{"HP":"13"},"4H":{"7X":"13"},"3H":{"39":"13","49":"13"},"73":{"9H":"13"},"4G":{"H4":"13"},"MC":{"23":"13"},"CH":{"H4":"13","G4":"13"},"7F":{"GM":"13","F7":"13","H9":"13","W5":"13","P5":"13","J9":"13","Q5":"13","C7":"13"},"5C":{"Q5":"13"},"X5":{"WQ":"13"},"JC":{"8P":"13"},"7C":{"CW":"13"},"V9":{"59":"13","49":"13","2H":"13"}},"WM":{"HX":{"87":"13","77":"13"},"QQ":{"88":"13","87":"13"}},"7J":{"PJ":{"83":"13","73":"13","72":"13","82":"13"},"GC":{"QP":"13","PP":"13","RP":"13"},"GH":{"F2":"13","G3":"13","F3":"13","C2":"13","93":"13","G2":"13","92":"13","C3":"13"},"GG":{"GX":"13","9X":"13","FX":"13","CV":"13","GV":"13","CW":"13","FV":"13","9V":"13","GW":"13","FW":"13","9W":"13","CX":"13"},"HF":{"P5":"13","Q5":"13","P6":"13","P4":"13"},"MG":{"JP":"13","MP":"13","P4":"13","MQ":"13","JQ":"13","MR":"13","JR":"13"},"9G":{"V3":"13"},"CF":{"WV":"13","VR":"13","WR":"13","V8":"13"},"JF":{"G6":"13","39":"13","F7":"13","G9":"13","F6":"13","2C":"13","F8":"13","F9":"13","3C":"13","G8":"13","C7":"13","G7":"13"},"HG":{"65":"13","XQ":"13","85":"13","86":"13","HR":"13","87":"13","JQ":"13","WQ":"13","77":"13","XP":"13","MP":"13","75":"13","JR":"13","WP":"13","JP":"13","HQ":"13","HP":"13","MQ":"13","MR":"13","76":"13"},"FH":{"MP":"13"},"J9":{"GP":"13","FQ":"13","GQ":"13","FP":"13"},"FG":{"CC":"13","F8":"13","C9":"13","C8":"13","F9":"13"},"JG":{"WG":"13","FF":"13","P8":"13","CF":"13","GC":"13","XG":"13","FC":"13","XF":"13","MC":"13","F9":"13","HC":"13","CC":"13","GF":"13","WF":"13"},"HH":{"HJ":"13","HH":"13","XM":"13","FX":"13","XJ":"13"},"JC":{"QF":"13","QG":"13","PG":"13","PH":"13","PF":"13"},"8V":{"74":"13","83":"13","94":"13","3F":"13","4C":"13","73":"13","3C":"13","84":"13","4F":"13"},"PH":{"72":"13","7W":"13","8X":"13","7X":"13","8W":"13"},"FF":{"98":"13","97":"13","C7":"13","C8":"13"},"GF":{"WQ":"13","WP":"13"},"HJ":{"F2":"13"},"MF":{"8H":"13","CQ":"13","5J":"13","6H":"13","7M":"13","CP":"13","8R":"13","6M":"13","5H":"13","5M":"13","8J":"13","7H":"13","9R":"13","9Q":"13","6J":"13","9P":"13","7J":"13","CR":"13","8Q":"13","8P":"13"},"JH":{"63":"13","54":"13","2J":"13","64":"13","2H":"13","2M":"13","53":"13"},"JJ":{"Q8":"13","75":"13","P8":"13","65":"13","R8":"13","66":"13","Q7":"13","R7":"13","76":"13","P7":"13"}},"6R":{"3H":{"H8":"13","G8":"13","G7":"13"},"8J":{"GR":"13"}},"7X":{"83":{"H8":"13"},"26":{"C6":"13","F5":"13","C7":"13"},"54":{"MM":"13","MJ":"13"},"32":{"FH":"13","FG":"13","CH":"13","MR":"13","CG":"13"},"JC":{"65":"13","66":"13","8C":"13","7C":"13"},"25":{"2P":"13"},"24":{"PW":"13"},"PC":{"9F":"13","9C":"13"}},"HX":{"F7":{"G3":"13","G2":"13"},"G5":{"7H":"13","8R":"13","7G":"13"},"F6":{"Q4":"13","FQ":"13","X3":"13","Q9":"13"},"CV":{"R3":"13","Q3":"13","Q2":"13","R2":"13"},"CC":{"4J":"13","4M":"13"},"F5":{"VQ":"13","MR":"13","PV":"13","RQ":"13","HM":"13","VR":"13","PR":"13","RR":"13","MV":"13"},"C7":{"MF":"13","PG":"13","MG":"13"},"FW":{"GP":"13","FQ":"13","HQ":"13","HP":"13","CM":"13","FM":"13","GQ":"13","FP":"13"},"JR":{"44":"13","45":"13"},"CR":{"QH":"13","MG":"13","MR":"13","PV":"13","VC":"13","PG":"13","RC":"13","PJ":"13","FC":"13","V7":"13","PR":"13","R7":"13","CC":"13","PH":"13","MH":"13","JG":"13","MV":"13","JH":"13"}},"7V":{"4J":{"65":"13","64":"13"},"74":{"G3":"13","H4":"13","G4":"13","H3":"13"},"HV":{"2G":"13","2H":"13"},"GV":{"XG":"13","QR":"13","RR":"13","XH":"13","RQ":"13","QQ":"13"}},"WR":{"CH":{"7H":"13","6H":"13"}},"6V":{"5P":{"JF":"13","JG":"13"}},"P5":{"57":{"VW":"13","VX":"13"},"67":{"2R":"13","2V":"13"}},"RJ":{"34":{"XX":"13"},"4G":{"82":"13"},"35":{"X2":"13"},"5P":{"82":"13"},"3R":{"88":"13","M8":"13","M2":"13","X8":"13"},"2R":{"82":"13"},"4C":{"8X":"13","22":"13"},"45":{"22":"13"},"5M":{"M8":"13","8X":"13","28":"13"},"36":{"M8":"13"},"2Q":{"82":"13"},"59":{"2M":"13"},"44":{"2X":"13"},"2V":{"22":"13"},"3C":{"MM":"13","X2":"13","M8":"13"},"4F":{"82":"13","8X":"13"},"49":{"2X":"13","82":"13"},"27":{"2G":"13","2H":"13"},"39":{"XX":"13"},"48":{"8X":"13"},"4R":{"82":"13","28":"13"},"4Q":{"8M":"13"},"2P":{"8X":"13"}},"9M":{"MX":{"QR":"13","RR":"13","RQ":"13","QQ":"13","PR":"13"}},"RV":{"JW":{"5Q":"13","4Q":"13","5P":"13","4R":"13","3R":"13","4V":"13"}},"GG":{"P8":{"RH":"13","RF":"13","QF":"13","PJ":"13","QG":"13","RG":"13","WH":"13","VG":"13","QH":"13","PH":"13","JH":"13","JJ":"13","MJ":"13","MH":"13","VH":"13","MG":"13"},"H7":{"6Q":"13","6P":"13"}},"7R":{"HX":{"XV":"13","XR":"13"},"9F":{"25":"13","24":"13"},"4H":{"4J":"13","3J":"13","2H":"13","3H":"13"},"C9":{"XG":"13","XF":"13","WF":"13","WG":"13"},"8F":{"X6":"13","X5":"13","X4":"13"},"F9":{"2F":"13","2G":"13"},"JX":{"5P":"13","2V":"13"},"CC":{"MF":"13","X6":"13","W7":"13","X7":"13","W8":"13","W9":"13","V8":"13","MC":"13","V9":"13","X8":"13","W6":"13"},"4M":{"88":"13","78":"13"},"6V":{"HF":"13","JF":"13","HG":"13","JG":"13"}},"MP":{"CQ":{"CX":"13"}},"VH":{"39":{"MM":"13","82":"13"},"62":{"82":"13"},"2C":{"22":"13"},"29":{"82":"13"},"92":{"82":"13"},"28":{"M8":"13"},"73":{"M8":"13"},"37":{"8M":"13"},"53":{"M7":"13"},"36":{"88":"13","2M":"13"},"38":{"8X":"13"},"67":{"82":"13"},"55":{"M8":"13","28":"13"},"54":{"M8":"13"}},"PJ":{"MX":{"82":"13"},"4W":{"63":"13","73":"13","74":"13","64":"13"},"RV":{"2M":"13"},"VW":{"82":"13"},"CW":{"88":"13","82":"13"},"8W":{"88":"13","X2":"13"},"3V":{"MX":"13","FR":"5","JW":"13","JX":"13","GQ":"5","JR":"5","HR":"5","GR":"5","HV":"5","GV":"5"},"QV":{"XM":"13"},"XV":{"HF":"13","JF":"13","JC":"13","HC":"13","2X":"13","GC":"13"},"GV":{"MX":"13","8M":"13"},"GW":{"M8":"13","M2":"13"},"VV":{"8X":"13"},"9V":{"MX":"13","2X":"13"},"PW":{"MX":"13"},"9W":{"88":"13","M2":"13","22":"13"},"CV":{"JJ":"13","2M":"13","8X":"13"},"3W":{"M2":"13"},"FV":{"MM":"13"},"XW":{"22":"13"},"8V":{"XX":"13"},"4V":{"8M":"13"},"PX":{"M2":"13"},"HW":{"88":"13","M8":"13"},"FW":{"88":"13"}},"WG":{"GM":{"H2":"13","P4":"13","J2":"13","M2":"13","M4":"13","M3":"13","P3":"13","P2":"13"},"VQ":{"2X":"13"},"FR":{"28":"13"},"3R":{"2H":"13","6C":"13","4H":"13","3H":"13","59":"13","5G":"13","3F":"13","4C":"13","4G":"13","5F":"13","8C":"13","5C":"13","3G":"13","6F":"13","2J":"13","69":"13","79":"13","3J":"13","2G":"13","7C":"13","4F":"13"},"2V":{"V4":"13","V2":"13","R4":"13","V3":"13","R2":"13","Q2":"13","Q3":"13","R3":"13","P2":"13"},"QQ":{"82":"13"},"RQ":{"XX":"13","82":"13"},"VW":{"M8":"13"},"FP":{"FF":"13"},"5M":{"M2":"13"},"JM":{"2M":"13"},"HM":{"XM":"13"},"5P":{"M2":"13"},"3P":{"88":"13"},"VR":{"M2":"13","22":"13"},"GR":{"8M":"13"},"QP":{"28":"13"},"RR":{"X2":"13"},"9Q":{"GP":"13","GM":"13","FM":"13","FP":"13"},"XR":{"28":"13"},"7P":{"XV":"13","WV":"13","XX":"13","WX":"13","WW":"13","XW":"13"},"9J":{"MM":"13"},"PP":{"M8":"13","2M":"13","28":"13","22":"13"},"GJ":{"MX":"13","HR":"13","GV":"13","MM":"13","MW":"13","GR":"13","GW":"13","JQ":"13","JX":"13","MV":"13","HX":"13","JW":"13","MP":"13","JV":"13","HV":"13","GX":"13","JR":"13","GQ":"13","PX":"13","JP":"13","FR":"13","HQ":"13","HP":"13","MQ":"13","HW":"13","MR":"13"},"8Q":{"G9":"13","FC":"13","F9":"13","GC":"13"},"2R":{"QW":"13","VV":"13","PV":"13","MW":"13","QV":"13","VW":"13","RR":"13","VX":"13","RV":"13","QX":"13","QR":"13","PW":"13","MX":"13","PX":"13","RX":"13","RW":"13"},"6Q":{"28":"13"}},"XM":{"85":{"HH":"13","HG":"13"}},"MW":{"QQ":{"FQ":"13","CP":"13","CQ":"13","FP":"13"}},"QJ":{"MH":{"2X":"13"},"PJ":{"6X":"13","QG":"13","PG":"13","QH":"13","PH":"13","M8":"13","M9":"13","JJ":"13","MJ":"13","MH":"13","7X":"13"},"GC":{"MX":"13"},"XQ":{"8M":"13","M2":"13"},"HF":{"82":"13"},"WR":{"MX":"13","2X":"13"},"6M":{"88":"13","2M":"13"},"XV":{"82":"13","X3":"13"},"PP":{"M8":"13"},"5P":{"88":"13","M8":"13"},"3R":{"XM":"13","M8":"13"},"WV":{"M2":"13","22":"13"},"7H":{"XM":"13"},"RP":{"22":"13"},"QQ":{"M8":"13"},"5M":{"M8":"13"},"4P":{"8X":"13"},"MJ":{"97":"13","22":"13"},"PM":{"88":"13","72":"13","62":"13"},"WM":{"8X":"13"},"XP":{"MX":"13","88":"13","28":"13"},"HC":{"8M":"13","8X":"13"},"X7":{"XG":"13","WH":"13","WG":"13","XH":"13"},"PH":{"8Q":"13","GR":"5","GV":"5"},"8H":{"2M":"13"},"WP":{"88":"13","MM":"13","M8":"13","82":"13"},"VQ":{"MM":"13"},"4R":{"2M":"13"},"GF":{"M2":"13"},"XR":{"8M":"13","XX":"13","8X":"13"},"4Q":{"MM":"13","M8":"13","82":"13"},"JJ":{"M8":"13"}},"QP":{"F3":{"8M":"13"},"PG":{"8M":"13"},"C3":{"MM":"13"}},"8W":{"5M":{"V7":"13","V6":"13"},"MG":{"C3":"13"}},"WF":{"F2":{"8M":"13"}},"54":{"FC":{"3Q":"13","2R":"13","2Q":"13","3R":"13"}},"74":{"44":{"JM":"13"}},"XP":{"6F":{"CQ":"13"},"HW":{"CW":"13","9X":"13","9W":"13","9V":"13","CV":"13","CX":"13"},"HX":{"M5":"13"},"7W":{"9X":"13","9W":"13","8X":"13","8W":"13"},"7X":{"82":"13","93":"13","92":"13"}},"XJ":{"XG":{"FR":"13","CM":"13","CV":"13","CP":"13","8R":"13","CW":"13","FP":"13","9R":"13","FV":"13","9Q":"13","9V":"13","CR":"13","8Q":"13","9W":"13"},"GP":{"JP":"13","MM":"13","HQ":"13","MP":"13","MQ":"13","JQ":"13","JM":"13"},"76":{"RM":"13"}},"PX":{"FJ":{"88":"13","98":"13","97":"13","99":"13","89":"13","87":"13","79":"13","78":"13"},"GJ":{"36":"13","38":"13","37":"13"}},"RH":{"GP":{"82":"13"},"XF":{"82":"13"},"WF":{"22":"13"},"V8":{"2X":"13","M9":"13"},"6X":{"82":"13"},"MG":{"82":"13"},"V9":{"22":"13"},"W8":{"88":"13","MM":"13","2X":"13"},"GR":{"88":"13"},"GJ":{"XM":"13"},"VF":{"22":"13"},"9V":{"28":"13"},"QG":{"8X":"13","28":"13"},"QF":{"8M":"13"},"PG":{"8X":"13","X8":"13"},"CP":{"2M":"13"},"MJ":{"F3":"13"},"R9":{"X2":"13","M2":"13"},"X9":{"8M":"13","2M":"13"},"PM":{"82":"13"},"W9":{"22":"13"},"XC":{"R8":"13","X2":"13"},"VC":{"82":"13","M2":"13"},"QH":{"88":"13","82":"13"},"PC":{"M8":"13"},"MP":{"88":"13","2M":"13"},"Q9":{"X2":"13","M8":"13","8P":"13"},"8V":{"X8":"13"},"GQ":{"M2":"13","X8":"13"},"X7":{"8M":"13"},"GM":{"88":"13"},"PH":{"82":"13"},"WC":{"88":"13"},"HQ":{"28":"13"},"HP":{"9W":"13","8V":"13","8W":"13"},"RF":{"X2":"13"},"R8":{"MX":"13","XX":"13"},"PF":{"M8":"13"},"HJ":{"2M":"13"},"JJ":{"MM":"13"}},"5W":{"RH":{"4F":"13","4C":"13"},"RJ":{"XM":"13","WM":"13"}},"6W":{"WV":{"67":"13","68":"13"},"GP":{"VJ":"13","VM":"13","WJ":"13","WM":"13"},"43":{"8W":"13"},"WR":{"39":"13","83":"13","92":"13","48":"13","49":"13","J2":"13","93":"13","38":"13"},"Q8":{"74":"13"},"C6":{"W4":"13"},"2P":{"36":"13"},"P8":{"Q7":"13"},"5W":{"63":"13"},"PV":{"75":"13"},"HR":{"9W":"13"},"47":{"7M":"13","7P":"13","6M":"13","6P":"13","6J":"13","7J":"13"},"37":{"XX":"13"},"VR":{"HW":"13","59":"13","HX":"13","JX":"13"},"WQ":{"7Q":"13","6Q":"13","JX":"13"},"PR":{"CX":"13"},"RV":{"M6":"13","43":"13","33":"13"},"JW":{"Q3":"13"},"JQ":{"HW":"13"},"JV":{"GM":"13","77":"13","PG":"13","QF":"13","XJ":"13","QG":"13","XR":"13","V6":"13","7J":"13"},"HQ":{"34":"13","23":"13","24":"13","33":"13"},"JR":{"54":"13","QG":"13","44":"13","PG":"13","Q6":"13","PH":"13","43":"13","7J":"13","53":"13"},"5Q":{"HJ":"13"}},"X7":{"5G":{"WG":"13","WH":"13","VF":"13","VG":"13","WC":"13","VH":"13","WF":"13"}}}}