{"7H":{"46":{"QX":{"QX":"13","RX":"13"},"RX":{"Q3":"13","Q4":"13","P4":"13","P3":"13"},"PV":{"X6":"13","X7":"13"},"QW":{"34":"13","25":"13","24":"13","35":"13"},"VX":{"GX":"13","8M":"13","7M":"13","7P":"13","HX":"13","FX":"13","8P":"13"},"QV":{"26":"13","27":"13"}},"MJ":{"WW":{"FC":"13"}},"PG":{"PM":{"9V":"13"}},"WH":{"8G":{"QM":"13","PM":"13","QP":"13","PP":"13","QQ":"13"},"9F":{"XV":"13","XW":"13"},"W2":{"7Q":"13","8Q":"13","7R":"13","8R":"13"},"P3":{"FC":"13","F9":"13"},"V8":{"W2":"13"},"FJ":{"32":"13","33":"13"},"M3":{"VJ":"13","VM":"13"},"F4":{"5C":"13","5F":"13"},"M9":{"29":"13","39":"13","2C":"13","3C":"13"},"W3":{"W2":"13","W3":"13","X2":"13","X3":"13"},"X3":{"J3":"13","H5":"13","H4":"13","H3":"13"},"Q3":{"5F":"13"}},"3F":{"75":{"HJ":"13","HH":"13","JH":"13","JJ":"13"}},"PV":{"23":{"26":"13","27":"13"},"22":{"6W":"13","7W":"13","7X":"13"}},"WP":{"MF":{"XF":"13"},"W4":{"8V":"13","8R":"13"},"Q8":{"M2":"13","P2":"13"},"9C":{"2C":"13","2F":"13"},"FX":{"WW":"13"},"Q7":{"MX":"13","PX":"13","MW":"13"},"JM":{"RV":"13","VV":"13","VW":"13"},"PF":{"XP":"13","WH":"13","VG":"13","WG":"13","VH":"13"},"8C":{"XF":"13","XC":"13"}},"C3":{"9W":{"39":"13","49":"13"},"8W":{"WC":"13","XC":"13"}},"55":{"86":{"7W":"13","8X":"13","7X":"13","8W":"13"}},"44":{"4F":{"XF":"13"},"5J":{"WM":"13","WP":"13"},"35":{"5R":"13","4R":"13"},"5F":{"2F":"13"}},"XG":{"R7":{"Q6":"13","R7":"13","R6":"13","Q7":"13"},"HG":{"P5":"13","Q4":"13","Q5":"13","P4":"13"},"FJ":{"GP":"13","GM":"13","FM":"13","FP":"13"},"FX":{"FV":"13","9Q":"13","HQ":"13","9X":"13","GQ":"13","CQ":"13","8X":"13"},"GQ":{"WH":"13","WJ":"13"},"JG":{"6M":"13","6J":"13"},"78":{"36":"13","37":"13"}},"J2":{"9M":{"QF":"13"}},"VM":{"85":{"PP":"13","PQ":"13","X9":"13"},"QX":{"6X":"13","7X":"13"},"VC":{"4J":"13","VJ":"13","VM":"13","4H":"13","3H":"13","WM":"13"},"3W":{"34":"13","54":"13","44":"13","43":"13","53":"13","33":"13"}},"VJ":{"R3":{"J8":"13","JC":"13","M9":"13","M8":"13","MC":"13","J9":"13"},"PM":{"C6":"13","C7":"13"},"5X":{"V7":"13","W4":"13","X4":"13","R7":"13"},"V2":{"H8":"13"},"R9":{"P3":"13"},"Q9":{"RQ":"13"},"HV":{"3P":"13","2P":"13","3M":"13","2M":"13"}},"XJ":{"HG":{"GX":"13","HX":"13","XQ":"13","FX":"13","PV":"13","MW":"13","JX":"13","XR":"13","HV":"13","GW":"13","JW":"13","PW":"13","JV":"13","MV":"13","FW":"13","HW":"13"},"WV":{"47":"13","77":"13"},"HH":{"F2":"13"},"GX":{"R8":"13","V7":"13","R7":"13","V6":"13"},"R9":{"GP":"13","HW":"13","GQ":"13","FP":"13"},"VV":{"J3":"13","H3":"13"},"QM":{"GP":"13","FQ":"13","GQ":"13","FP":"13"},"V8":{"Q4":"13"},"XX":{"WF":"13","VC":"13","WC":"13"},"X6":{"8Q":"13"},"MF":{"2F":"13"},"QF":{"6M":"5"},"VW":{"XF":"13","WF":"13","XC":"13"},"VR":{"QW":"13","77":"13","75":"13","PV":"13","QV":"13","66":"13","85":"13","PW":"13","87":"13","86":"13","76":"13"},"JP":{"58":"13","74":"13","65":"13","85":"13","7F":"13","88":"13","57":"13","86":"13","87":"13","4C":"13","8C":"13","78":"13","7C":"13","56":"13","79":"13","99":"13","59":"13","77":"13","5F":"13","89":"13","75":"13","5C":"13","98":"13","68":"13","49":"13","6C":"13","97":"13","48":"13","6F":"13","64":"13","67":"13","69":"13","66":"13","76":"13"},"WQ":{"29":"13","39":"13","QX":"13","QW":"13","3C":"13","PW":"13"},"RH":{"X6":"13","X7":"13"},"QP":{"CM":"13","MF":"13","9M":"13","MC":"13","JF":"13","9J":"13","JC":"13","CJ":"13"},"4M":{"57":"13","56":"13"},"X4":{"XV":"13","XW":"13"},"JF":{"84":"13","85":"13","75":"13","XF":"13","74":"13","RQ":"13"},"X5":{"9Q":"13","CQ":"13"},"PC":{"XG":"13"},"GF":{"V7":"13","V8":"13"},"6X":{"H2":"13","G2":"13"},"RJ":{"3V":"13","2R":"13","3R":"13"},"JG":{"2R":"13","2Q":"13"},"JH":{"9R":"13","9V":"13","8V":"13","8R":"13"},"3J":{"XW":"13"},"WC":{"9R":"13"},"VH":{"26":"13","27":"13"},"HW":{"75":"13","74":"13"},"7Q":{"38":"13","37":"13","47":"13","48":"13"},"5Q":{"MW":"13"}},"VP":{"GX":{"GG":"13","GH":"13"},"7H":{"45":"13"},"Q2":{"72":"13","62":"13"},"J8":{"VW":"13"},"M8":{"RV":"13","HJ":"13","HP":"13","JH":"13","JJ":"13","H7":"13","JM":"13","HM":"13"},"VC":{"38":"13","37":"13","28":"13","27":"13"},"M4":{"9X":"13","9R":"13","8R":"13"},"X8":{"4H":"13"}},"X9":{"9X":{"69":"13","89":"13","79":"13","8C":"13","6C":"13","68":"13","78":"13","7C":"13"},"8V":{"32":"13","23":"13","42":"13","43":"13","33":"13","22":"13"},"7V":{"W2":"13","W3":"13","X2":"13","X3":"13"},"7R":{"XV":"13","XP":"13","XG":"13","WV":"13","WH":"13","XQ":"13","XX":"13","XF":"13","XM":"13","WR":"13","XH":"13","XR":"13","WJ":"13","XJ":"13","WQ":"13","WX":"13","WW":"13","WM":"13","XW":"13","WP":"13"},"8R":{"4W":"13","3X":"13","4G":"13","3V":"13","4H":"13","2X":"13","3R":"13","2R":"13","2H":"13","4P":"13","2M":"13","2W":"13","2Q":"13","2F":"13","2G":"13","4M":"13","3H":"13","3J":"13","2V":"13","3Q":"13","3W":"13","4F":"13","4X":"13","3F":"13","4V":"13","3M":"13","3G":"13","4J":"13","4R":"13","2J":"13","4Q":"13","3P":"13","2P":"13"},"7X":{"74":"13"}},"PR":{"Q4":{"W8":"13","W9":"13","V8":"13","V9":"13"},"CM":{"HF":"13","M5":"13","R9":"13","HG":"13","JG":"13","Q9":"13"},"3X":{"7G":"13","G9":"13","H3":"13","8H":"13","8G":"13","GC":"13","C3":"13","7H":"13","94":"13","F9":"13","93":"13","G8":"13","9G":"13","C4":"13","9H":"13"},"2X":{"VQ":"13"},"5R":{"MF":"13","FV":"13","CW":"13","JF":"13","9X":"13","FW":"13","JG":"13","CX":"13","MG":"13"},"6R":{"8M":"13","F8":"13","G8":"13","9P":"13","9M":"13","8P":"13"},"9Q":{"34":"13","42":"13","52":"13","43":"13","53":"13","62":"13"},"6V":{"34":"13","44":"13","35":"13","33":"13"},"4W":{"Q5":"13","Q6":"13","R6":"13"},"5V":{"8H":"13","4J":"13","4H":"13","3H":"13","8J":"13","7H":"13","5R":"13","6R":"13","4M":"13","69":"13","8M":"13","3J":"13","7J":"13","6Q":"13","5Q":"13"},"9P":{"W2":"13","5G":"13","9V":"13","4G":"13","V2":"13","8V":"13","7W":"13","7V":"13","CV":"13","8W":"13"},"CJ":{"XV":"13","WV":"13","XX":"13","WR":"13","VW":"13","XR":"13","WX":"13","WW":"13","XW":"13"},"8Q":{"7H":"13","FH":"13","8H":"13","FG":"13","8J":"13"},"7Q":{"XV":"13","XG":"13","WV":"13","XF":"13","WR":"13","WF":"13","WG":"13","XR":"13","PV":"13","PR":"13"},"8P":{"V7":"13","CC":"13","9C":"13","WQ":"13","WP":"13"}},"C4":{"8P":{"V7":"13","Q8":"13","R5":"13","Q6":"13","R7":"13","R6":"13","P7":"13","P6":"13","V6":"13","Q7":"13"}},"WV":{"GP":{"CJ":"13"},"FQ":{"6H":"13","6G":"13"},"FP":{"46":"13","45":"13"},"9P":{"XH":"13","57":"13","67":"13"},"CW":{"MV":"13","JV":"13","JW":"13","MW":"13"},"7F":{"8R":"13"},"6M":{"P7":"13"},"GV":{"RV":"13","RR":"13","H3":"13"},"7H":{"5M":"13","4M":"13"},"CP":{"2H":"13"},"JR":{"54":"13","44":"13"},"8P":{"P5":"13"},"JP":{"MX":"13","JW":"13","JX":"13","MW":"13"},"FR":{"9F":"13","CG":"13","9G":"13","CF":"13"},"7M":{"FH":"13","FG":"13"},"4J":{"Q6":"13"},"HQ":{"3V":"13","3W":"13"},"HP":{"4F":"13","99":"13","W7":"13","9C":"13","W8":"13","4C":"13","3F":"13"},"MQ":{"F5":"13","G4":"13","G5":"13","F4":"13","F6":"13","C5":"13","C4":"13"},"6F":{"8M":"13","7M":"13","8P":"13"},"6G":{"M3":"13","P3":"13","P2":"13"},"CQ":{"GM":"13","HM":"13"}},"J8":{"2H":{"G7":"13","45":"13"}},"25":{"5C":{"WM":"13"},"69":{"4W":"13"},"9M":{"2R":"13","2V":"13"},"5F":{"J2":"13"}},"PM":{"29":{"RV":"13","RW":"13","VV":"13","XX":"13","VW":"13","RX":"13","WX":"13","WW":"13","XW":"13","VX":"13"},"2C":{"R3":"13","Q4":"13","W4":"13","V3":"13","W2":"13","V4":"13","W3":"13","R2":"13","X2":"13","V2":"13","R4":"13"}},"JW":{"FR":{"29":"13","28":"13","27":"13"},"MG":{"WG":"13","QJ":"13","QH":"13","RG":"13","VC":"13","PG":"13","QF":"13","VF":"13","RC":"13","PF":"13","QC":"13","QG":"13","RH":"13","RF":"13","VG":"13","PC":"13","RJ":"13","PH":"13","VH":"13","WF":"13"},"CR":{"W7":"13","X7":"13","X9":"13","W8":"13","X8":"13"}},"28":{"99":{"XF":"13"}},"G6":{"FV":{"73":"13","42":"13","52":"13"},"FR":{"4X":"13","2C":"13","2F":"13","5W":"13","5X":"13"},"FQ":{"CR":"13"},"CR":{"XF":"13","XC":"13"}},"XC":{"34":{"HQ":"13","GQ":"13","QQ":"13","HR":"13","GR":"13"},"83":{"7Q":"13","7P":"13"},"XG":{"MF":"13","MG":"13"},"F7":{"9Q":"5","7Q":"5","Q2":"13","8Q":"5","9P":"5","8P":"5"},"53":{"G3":"13"}},"35":{"H5":{"84":"13","85":"13","75":"13","74":"13"},"H4":{"FV":"13","9Q":"13","5Q":"13","7Q":"13","88":"13","6Q":"13","98":"13","FR":"13","97":"13","6V":"13","8Q":"13","99":"13","9R":"13","9V":"13","89":"13","6R":"13","87":"13","8V":"13","9P":"13","6P":"13","FW":"13","7V":"13","7R":"13","8R":"13","8P":"13","CV":"13","CQ":"13","CR":"13"},"X7":{"5M":"13","6M":"13"},"G5":{"R3":"13","V3":"13"}},"67":{"QW":{"X7":"5"}},"QG":{"CR":{"83":"13","73":"13","72":"13","82":"13"}},"XR":{"7M":{"7M":"13"},"WH":{"7F":"13","6F":"13","RG":"13","6C":"13","7C":"13"},"FC":{"76":"13","77":"13"},"C2":{"7W":"13","8X":"13","8W":"13"},"6J":{"86":"13","85":"13","95":"13","96":"13"},"7W":{"W7":"13","X7":"13","W8":"13","VC":"13","X8":"13"},"CG":{"Q5":"13"}},"RR":{"44":{"VX":"13"},"76":{"2C":"13"},"V2":{"43":"13","33":"13"},"66":{"XC":"13"},"45":{"V2":"13"},"X3":{"9P":"13","7W":"13","8X":"13","7X":"13","8W":"13"},"X7":{"4H":"13","79":"13","5H":"13"},"WX":{"V7":"13","W7":"13","W8":"13","V8":"13"}},"RV":{"QG":{"FX":"13"}},"84":{"WH":{"GX":"13","HX":"13","FW":"13","FX":"13","GW":"13"},"HW":{"M7":"13","M8":"13","M4":"13","J7":"13","M5":"13","J8":"13","J6":"13","J4":"13","J5":"13"},"XR":{"GM":"13","8H":"13","FG":"13","8G":"13","FM":"13","6C":"13","FJ":"13","CM":"13","6H":"13","CP":"13","7H":"13","7P":"13","9G":"13","GH":"13","9H":"13","9P":"13","8M":"13","6J":"13","7J":"13","CJ":"13","GJ":"13","FH":"13","7C":"13","8P":"13"},"XJ":{"RF":"13","R9":"13","VC":"13","V9":"13","RC":"13"},"WJ":{"MP":"13","H2":"13","MJ":"13","MM":"13","F2":"13","VW":"13","G2":"13","JM":"13","JJ":"13","JP":"13","VX":"13","RX":"13","RW":"13"}},"MR":{"6F":{"MX":"13","QX":"13","PV":"13","PX":"13","PW":"13","MW":"13"},"5G":{"VH":"13"},"M8":{"3P":"13","3M":"13"},"6G":{"Q8":"13","P3":"13","M2":"13","P8":"13","Q2":"13","Q7":"13","J2":"13","P9":"13","P7":"13","Q3":"13","P2":"13"},"MJ":{"2W":"13","2X":"13","3W":"13"}},"XM":{"5Q":{"X9":"13","X8":"13"},"76":{"5R":"13","4W":"13","4R":"13","5V":"13","4V":"13"},"H8":{"V6":"13","V5":"13"},"V2":{"73":"13"},"F8":{"X9":"13","XC":"13"},"J2":{"QJ":"13","PJ":"13"},"G2":{"GQ":"13"},"W8":{"83":"13","82":"13","93":"13","92":"13","48":"13"},"RP":{"65":"13"},"WX":{"HF":"13","GG":"13","GF":"13"},"PR":{"GX":"13"}},"R4":{"3M":{"83":"7","84":"7","93":"7","92":"7","94":"7"}},"29":{"X3":{"MV":"13","JV":"13"}},"W8":{"C2":{"6X":"13","5X":"13","9X":"13","FX":"13","CX":"13","8X":"13","7X":"13"},"C3":{"C5":"13","62":"13","43":"13","74":"13","75":"13","65":"13","F4":"13","C3":"13","83":"13","92":"13","F2":"13","G2":"13","45":"13","94":"13","C2":"13","73":"13","G3":"13","53":"13","44":"13","64":"13","52":"13","42":"13","85":"13","82":"13","93":"13","72":"13","95":"13","C4":"13","63":"13","G4":"13","F3":"13","84":"13","55":"13","54":"13"}},"X2":{"R5":{"VW":"13","WX":"13","WW":"13","VX":"13"},"R6":{"W2":"13","V2":"13"}},"VR":{"9Q":{"3V":"13","4R":"13","3R":"13","4V":"13"},"4W":{"H5":"13","J6":"13","J5":"13","H6":"13"},"75":{"V3":"13","V2":"13"},"9C":{"3V":"13","3W":"13"},"57":{"V7":"13","W7":"13"},"CG":{"HR":"13","GR":"13","HV":"13","GV":"13"},"7C":{"H9":"13","M7":"13","M8":"13","P8":"13","MF":"13","J8":"13","M9":"13","J9":"13","MC":"13","P9":"13","JF":"13","PC":"13","JC":"13"}},"RG":{"6G":{"H8":"13","G8":"13","G7":"13","9P":"13","H7":"13"},"H3":{"FG":"13","FF":"13"},"75":{"6X":"13","RV":"13","VV":"13","6V":"13","6W":"13","7W":"13","7V":"13","8X":"13","7X":"13","5V":"13","8W":"13"},"H2":{"23":"13"},"5J":{"5C":"13","69":"13","75":"13","4F":"13","65":"13","4C":"13","5F":"13"},"6H":{"GM":"13","G9":"13","3V":"13","HP":"13","FM":"13","FJ":"13","CM":"13","3W":"13","JM":"13","4V":"13","HM":"13","JP":"13","CH":"13","G8":"13","4W":"13","GH":"13","CJ":"13","GJ":"13","FH":"13"},"4H":{"C5":"13","C6":"13","MP":"13","F6":"13","F4":"13","C3":"13","F2":"13","PQ":"13","G2":"13","G3":"13","MQ":"13","F5":"13","C4":"13","G4":"13","PP":"13","F3":"13"},"7M":{"32":"13","23":"13","33":"13","22":"13"},"C3":{"F8":"13","G7":"13","F7":"13","F6":"13"},"92":{"Q3":"13","P4":"13","V3":"13","Q4":"13","P5":"13","Q2":"13","W2":"13","P2":"13","V2":"13","W3":"13","R4":"13","Q5":"13","M3":"13","P3":"13","R3":"13","R2":"13"},"F2":{"QJ":"13","QM":"13","RJ":"13","RM":"13"},"5H":{"CC":"13","FC":"13"},"G2":{"42":"13","52":"13","43":"13","53":"13"},"3F":{"XM":"13","XJ":"13","WJ":"13","WM":"13"},"4G":{"C3":"13","83":"13","92":"13","F2":"13","C2":"13","82":"13","93":"13"},"6F":{"HH":"13","75":"13","76":"13","77":"13"},"C4":{"V3":"13","V2":"13"},"7J":{"77":"13","75":"13","3M":"13","MJ":"13","MM":"13","PJ":"13","JM":"13","JP":"13","85":"13","97":"13","95":"13","87":"13","86":"13","76":"13","96":"13"},"76":{"P5":"13","M5":"13","P4":"13","M4":"13"},"4F":{"CW":"13","GX":"13","9X":"13","9W":"13","HX":"13","FW":"13","FX":"13","GW":"13","CX":"13","8X":"13"}},"VV":{"43":{"Q8":"13","Q7":"13"},"GC":{"WV":"13"},"5H":{"6F":"13"},"5F":{"X4":"13","X3":"13"},"4M":{"3H":"13"},"CG":{"45":"13","35":"13","8P":"13"},"6F":{"23":"13","24":"13"},"32":{"34":"13","23":"13","24":"13","33":"13"},"95":{"3H":"13"},"76":{"HF":"13","HC":"13"}},"WG":{"WR":{"4J":"13","4X":"13","4W":"13","3X":"13","4H":"13","9C":"13","8C":"13","7G":"13"},"XR":{"8V":"13","7W":"13","8X":"13","8W":"13"}},"QQ":{"HH":{"P5":"13","M5":"13","M6":"13","P6":"13","J4":"13","M4":"13","J5":"13"},"QX":{"QJ":"13","2H":"13","QH":"13","QM":"13","XH":"13","3H":"13","XJ":"13","RH":"13","2J":"13","RJ":"13","3J":"13"},"FH":{"XF":"13","XC":"13"},"99":{"2H":"13","5W":"13","3M":"13","3H":"13","5X":"13","6W":"13","2J":"13","6X":"13","5V":"13","3J":"13"},"RX":{"8V":"13","8X":"13","2H":"13","4P":"13","3M":"13","8W":"13","4Q":"13","5M":"13","5P":"13","3P":"13","7W":"13","7X":"13","4M":"13","7V":"13","2J":"13","6P":"13","5Q":"13"},"9C":{"95":"13","96":"13"},"77":{"5Q":"13","3Q":"13","5R":"13","4Q":"13","3P":"13","3R":"13","4P":"13"},"56":{"8V":"13","8G":"13","CV":"13","8W":"13","8R":"13","CW":"13","9R":"13","6R":"13","7V":"13","9G":"13","7R":"13","FW":"13","8Q":"13","9W":"13","7Q":"13","CX":"13"},"PV":{"MQ":"13","MR":"13"},"67":{"FV":"13"},"QW":{"GG":"13"},"MR":{"V2":"13","W2":"13","W4":"13","W3":"13","X4":"13","X5":"13","X3":"13"},"PX":{"9P":"13","9M":"13"},"CG":{"QJ":"13","QH":"13","QM":"13","WP":"13","WM":"13","VM":"13","RH":"13","RP":"13","WJ":"13","RJ":"13","VJ":"13","VP":"13","RM":"13"},"PR":{"34":"13","25":"13","24":"13","35":"13"},"68":{"CH":"13","9H":"13","9G":"13"},"78":{"62":"13","74":"13","73":"13","64":"13","85":"13","97":"13","72":"13","95":"13","87":"13","63":"13","86":"13","96":"13"},"7C":{"FF":"13","9C":"13","8G":"13","9F":"13","CF":"13","C9":"13","8F":"13","FC":"13","7F":"13","8C":"13","98":"13","99":"13","CC":"13","CG":"13","89":"13","9G":"13","9H":"13","7C":"13"}},"PJ":{"F8":{"J5":"13"}},"QR":{"39":{"V3":"13","R2":"13","V2":"13"},"H9":{"32":"13","42":"13"},"M7":{"88":"13","89":"13","79":"13","78":"13"},"J7":{"M8":"13","M9":"13","P9":"13","P8":"13","X9":"13","W8":"13","W9":"13","X8":"13"},"46":{"42":"13"},"29":{"J7":"13","F5":"13","G5":"13","M7":"13","F6":"13","G6":"13"},"V3":{"M6":"13","P6":"13"},"45":{"4X":"13"},"48":{"RQ":"13","QP":"13","RP":"13","QQ":"13"},"49":{"73":"13","72":"13","C2":"13","93":"13","92":"13","C3":"13"},"J2":{"C6":"13","C7":"13","F7":"13","F6":"13"},"38":{"MX":"13","PX":"13","PW":"13","MW":"13"}},"XV":{"M2":{"RR":"13"},"68":{"RH":"13","QG":"13","RG":"13","QH":"13"},"2W":{"XH":"13"},"3W":{"34":"13"},"2X":{"CX":"13"},"HC":{"RR":"13","VR":"13","RQ":"13","VQ":"13"},"72":{"7M":"13","7P":"13"},"63":{"J4":"13","J5":"13"},"84":{"X3":"13"}},"F4":{"55":{"9Q":"13","8Q":"13","8P":"13"}},"RF":{"MX":{"26":"13","25":"13"},"GX":{"QR":"13","6J":"13"},"HW":{"4Q":"13","4P":"13"},"9X":{"RX":"13","WX":"13","VX":"13"},"HX":{"6V":"13","6W":"13","JJ":"13","MJ":"13","7W":"13","7V":"13","MH":"13","8R":"13"},"JX":{"X6":"13","W5":"13","X5":"13","W6":"13"}},"MV":{"QJ":{"FC":"13","2H":"13","8X":"13","GJ":"13","4P":"13","P2":"13","2M":"13","FM":"13","4M":"13","3J":"13","M3":"13","FJ":"13","GM":"13","FF":"13","3M":"13","4J":"13","P3":"13","M2":"13","CM":"13","2J":"13","3P":"13","2P":"13"},"QH":{"3J":"13","3G":"13","2J":"13","2G":"13","55":"13","56":"13","3M":"13","2H":"13","3H":"13","2M":"13"},"8G":{"3J":"13","3G":"13","2J":"13","4G":"13","4H":"13","2H":"13","3H":"13"},"R9":{"QR":"13","RR":"13","RQ":"13","QP":"13","PP":"13","PQ":"13","QQ":"13"},"QM":{"7H":"13","72":"13","82":"13","7G":"13"},"V8":{"9X":"13","46":"13","47":"13","GV":"13","27":"13","48":"13","4C":"13","37":"13","FV":"13","5F":"13","36":"13","5C":"13","GW":"13","FW":"13","26":"13","4F":"13","CX":"13"},"RG":{"4X":"13","3X":"13","22":"13"},"VC":{"54":"13","3G":"13","2G":"13","2H":"13","3H":"13"},"QF":{"XX":"13","WX":"13","XW":"13"},"RC":{"PJ":"13","HQ":"13","PH":"13","JH":"13","MQ":"13","MJ":"13","PQ":"13","JQ":"13","MR":"13","JR":"13","MH":"13","PR":"13"},"F2":{"R7":"13","R6":"13"},"V7":{"HQ":"13","GQ":"13","HR":"13","GR":"13"},"QG":{"H9":"13","M7":"13","M8":"13","X2":"13","J8":"13","M9":"13","J9":"13","MC":"13","P9":"13","PC":"13","JC":"13"},"RH":{"32":"13","42":"13"},"RF":{"2W":"13","2X":"13"},"CC":{"MV":"13","4J":"13","JV":"13","3J":"13","3M":"13","4M":"13"},"PM":{"RV":"13","QR":"13","RR":"13","RQ":"13","QQ":"13","PR":"13"},"C7":{"FW":"13","FX":"13"},"X3":{"FV":"13","CW":"13","X6":"13","QF":"13","QG":"13","PG":"13","QH":"13","PH":"13","FJ":"13","FW":"13","GM":"13","X7":"13","FM":"13","WC":"13","W9":"13","XC":"13","GJ":"13","V9":"13","X8":"13","MW":"13"},"V9":{"F2":"13","C2":"13","93":"13","92":"13","C3":"13"}},"VH":{"RR":{"XP":"13"},"VR":{"2P":"13"},"VX":{"C4":"13"}},"R2":{"49":{"XX":"13"}},"PP":{"9P":{"29":"13","2C":"13","4F":"13","2F":"13","3G":"13","2J":"13","2G":"13","2H":"13","4C":"13","3C":"13","3F":"13"},"8P":{"X8":"13","WG":"13","W8":"13","XC":"13","WH":"13","V8":"13","VC":"13","XH":"13","X9":"13","XJ":"13","W9":"13","VF":"13","RC":"13","XG":"13","XF":"13","RF":"13","VG":"13","WC":"13","WF":"13","V9":"13"},"CG":{"C5":"13"},"F9":{"J7":"13","M6":"13","W8":"13","H7":"13","W9":"13","M7":"13"},"CF":{"7F":"13"}},"9F":{"V6":{"42":"13"}},"XP":{"58":{"X7":"13","W8":"13","X8":"13"},"42":{"HH":"13","JH":"13"},"67":{"5R":"13","4W":"13","5W":"13","4R":"13","5V":"13","4V":"13"},"4M":{"RX":"13"},"68":{"5G":"13","2H":"13","5F":"13"},"4P":{"R3":"13","V3":"13","R2":"13","V2":"13"}},"JV":{"XG":{"4J":"13","3G":"13","4M":"13","3H":"13","4P":"13"},"VG":{"GJ":"13"},"XQ":{"MP":"13","HP":"13","HJ":"13","MM":"13","PQ":"13","JM":"13","HM":"13","JJ":"13","JP":"13","PR":"13","MQ":"13","QR":"13"},"WQ":{"G8":"13","H3":"13","86":"13","C6":"13","F4":"13","H4":"13","HF":"13","P6":"13","F3":"13","G9":"13","J5":"13","M5":"13","FC":"13","M6":"13","JG":"13","G4":"13","F7":"13","G2":"13","G3":"13","98":"13","F2":"13","HG":"13","W7":"13","97":"13","96":"13","P5":"13","HH":"13","C9":"13","W6":"13","F6":"13","F8":"13","V7":"13","J4":"13","F9":"13","C7":"13","C8":"13","87":"13","JF":"13","88":"13","J3":"13","99":"13"},"WM":{"98":"13","C9":"13","C8":"13","CG":"13","FP":"13","9G":"13"}},"WX":{"8H":{"C9":"13","C8":"13"},"J2":{"XG":"13","XF":"13"}},"9Q":{"F6":{"FH":"13","FJ":"13","GH":"13","GJ":"13"}},"76":{"F2":{"F8":"13"},"86":{"V4":"13","X8":"13","9C":"13","V5":"13","W5":"13","VC":"13","M5":"13","W9":"13","W4":"13","3F":"13","8C":"13","99":"13","CC":"13","X4":"13","X5":"13","WC":"13","84":"13","4F":"13","V9":"13","J5":"13"},"C6":{"HJ":"13","25":"13","P7":"13","JH":"13","24":"13","P9":"13","JJ":"13","JM":"13","HM":"13"},"95":{"FR":"13","CQ":"13","6C":"13","FQ":"13","3F":"13","4C":"13","3C":"13","CR":"13","7C":"13","4F":"13"},"F6":{"CJ":"13","2H":"13","5H":"13"},"96":{"FF":"13","58":"13","6C":"13","68":"13","59":"13","FC":"13","C2":"13","C8":"13","98":"13","5C":"13","X4":"13","X5":"13","97":"13","GF":"13","69":"13","C7":"13"},"C5":{"3R":"13"}},"85":{"M2":{"G9":"13","H8":"13","G8":"13"},"WQ":{"R3":"13","W4":"13","V3":"13","W5":"13","R5":"13","V4":"13","R4":"13","V6":"13","W6":"13","V5":"13"}},"QF":{"CP":{"7F":"13","99":"13","89":"13","9C":"13","8C":"13","7G":"13"},"CH":{"GM":"13","GP":"13","MP":"13","HP":"13","MM":"13","JM":"13","HM":"13","JP":"13"},"9P":{"7F":"13","HF":"13","GG":"13","JF":"13","GF":"13","8F":"13","JH":"13","HG":"13","JG":"13","8C":"13","6C":"13","7C":"13"},"9J":{"H2":"13","J2":"13"},"9M":{"MF":"13","CJ":"13","FH":"13","FG":"13","CH":"13","FJ":"13","9J":"13","PC":"13","V6":"13","CG":"13","9H":"13","MC":"13","V5":"13"},"9H":{"GM":"13","39":"13","HH":"13","HX":"13","8H":"13","HJ":"13","6C":"13","59":"13","29":"13","8J":"13","7H":"13","JM":"13","JJ":"13","HM":"13","48":"13","JX":"13","49":"13","5C":"13","38":"13","69":"13","GH":"13","JH":"13","9J":"13","7J":"13","GJ":"13","FH":"13"}},"Q9":{"H5":{"F7":"13","F6":"13"},"H4":{"5G":"13","4G":"13","6H":"13","4H":"13","5H":"13"}},"PQ":{"7Q":{"75":"13","76":"13"},"W3":{"MF":"13","PG":"13","PF":"13","MG":"13"}},"JX":{"GF":{"XJ":"13"},"HG":{"7V":"13"},"28":{"88":"13","98":"13","99":"13","89":"13"}},"6F":{"QJ":{"62":"13","57":"13","58":"13","35":"13","46":"13","34":"13","45":"13","44":"13","64":"13","52":"13","56":"13","36":"13","22":"13","32":"13","63":"13","76":"13"},"RR":{"CV":"13","7M":"13","CP":"13","CW":"13","7H":"13","9Q":"13","69":"13","9J":"13","8M":"13","CJ":"13"},"QH":{"6X":"13","3X":"13","2X":"13","5X":"13"},"G4":{"GP":"13","HQ":"13","HP":"13","P9":"13","P8":"13","GQ":"13","Q9":"13"},"WX":{"3Q":"13","4Q":"13","3P":"13","8V":"13","7W":"13","7V":"13","4P":"13"},"Q9":{"FC":"13","F9":"13","GC":"13"}},"Q4":{"GR":{"2P":"13"},"CR":{"GP":"13"}},"GW":{"JV":{"32":"13","42":"13","22":"13"},"JR":{"4X":"13","3X":"13"}},"WR":{"R8":{"6W":"13","7W":"13"},"VJ":{"5X":"13"},"F9":{"99":"13"}},"75":{"XX":{"Q2":"13","P2":"13"},"MW":{"6X":"13","6W":"13","7W":"13","7X":"13"}},"47":{"Q2":{"FR":"13","R9":"13","CQ":"13","RG":"13","FQ":"13","QF":"13","RC":"13","R2":"13","QC":"13","FP":"13","Q2":"13","QG":"13","RF":"13","Q9":"13"},"V2":{"G2":"13"}},"RM":{"HX":{"73":"13"},"GW":{"QQ":"13"}},"RH":{"45":{"55":"13"}},"WW":{"WR":{"99":"13"},"XP":{"34":"13"},"WP":{"V4":"13","R4":"13"},"VR":{"9Q":"13","Q4":"13","8Q":"13"},"WQ":{"RR":"13"},"RR":{"6X":"13","6W":"13"},"XV":{"4J":"13","3J":"13","4H":"13","3H":"13"}},"Q7":{"MV":{"X7":"13","X8":"13"},"85":{"QQ":"13","RQ":"13","PQ":"13","PR":"13","QP":"13","RR":"13","RP":"13","QR":"13"},"4F":{"FP":"13"},"PV":{"28":"13","27":"13"},"7V":{"P8":"13"}},"V3":{"9R":{"Q6":"13"}},"R6":{"8R":{"34":"13","23":"13","24":"13","33":"13"},"4Q":{"VW":"13","VX":"13"},"9M":{"HH":"13","GH":"13"},"H6":{"73":"13","G9":"13","72":"13","H8":"13","G8":"13","F9":"13"},"Q6":{"QF":"13","QG":"13"},"7R":{"V8":"13","R8":"13","W4":"13","V7":"13","R6":"13","R7":"13","X4":"13","X5":"13","V6":"13","X3":"13"},"8Q":{"VJ":"13","RJ":"13"},"5Q":{"PP":"13","PQ":"13"}},"P6":{"F9":{"RH":"13","RG":"13","RJ":"13"}},"XH":{"HP":{"44":"13","45":"13"},"HJ":{"X5":"13"},"75":{"WR":"13"},"F6":{"GP":"13","HP":"13","JH":"13","GM":"13","HM":"13"},"MJ":{"23":"13","22":"13"},"F2":{"82":"13","C8":"13"},"JM":{"GG":"13","FH":"13","FG":"13","87":"13","FJ":"13","77":"13","GH":"13","67":"13","68":"13","78":"13"},"94":{"XV":"13","WV":"13","XW":"13"},"66":{"G4":"13","G5":"13"},"7P":{"R3":"13","V3":"13","R2":"13","V2":"13"},"HC":{"86":"13","87":"13"},"C7":{"FR":"13","CR":"13"},"86":{"58":"13"},"76":{"CC":"13","FC":"13","FF":"13","CF":"13"}},"P8":{"JP":{"GM":"13","FF":"13","Q8":"13","M7":"13","FG":"13","9F":"13","FM":"13","M8":"13","M2":"13","P8":"13","CF":"13","FJ":"13","CM":"13","J7":"13","GC":"13","C3":"13","M6":"13","F2":"13","J8":"13","M9":"13","FC":"13","J9":"13","CH":"13","Q7":"13","CG":"13","GF":"13","9G":"13","GH":"13","CJ":"13","F3":"13","FH":"13","GJ":"13","P7":"13","P2":"13"},"MM":{"W2":"13","W3":"13","X4":"13","X2":"13","X3":"13"},"HP":{"QG":"13","PG":"13","QH":"13","PH":"13","JH":"13","MH":"13","JG":"13","MG":"13"},"QH":{"2H":"13"},"PH":{"RH":"13","QG":"13","RG":"13","QH":"13","RJ":"13"},"MP":{"29":"13"},"MJ":{"XX":"13","WX":"13"},"PQ":{"RV":"13","RW":"13","QW":"13","QV":"13"},"GQ":{"CW":"13","9X":"13","CX":"13","8X":"13","7X":"13"},"PR":{"5G":"13","9C":"13","4G":"13","8F":"13","7F":"13","4H":"13","88":"13","5H":"13","2H":"13","8C":"13","78":"13","7C":"13","79":"13","99":"13","2G":"13","5F":"13","89":"13","3H":"13","3J":"13","5C":"13","4F":"13","6C":"13","3F":"13","3G":"13","4J":"13","2J":"13","6F":"13","6G":"13","69":"13"},"GR":{"62":"13","74":"13","75":"13","65":"13","83":"13","92":"13","94":"13","66":"13","73":"13","53":"13","64":"13","85":"13","82":"13","93":"13","72":"13","95":"13","63":"13","55":"13","84":"13","54":"13"}},"WJ":{"RH":{"W4":"13","PJ":"13","W5":"13","MM":"13","X4":"13","G7":"13","JJ":"13","MJ":"13","MH":"13","F7":"13"},"QF":{"RJ":"13"},"V3":{"HQ":"13","9V":"13","8V":"13","8R":"13","HR":"13"},"RG":{"WV":"13","WW":"13"},"RJ":{"57":"13","56":"13"},"RX":{"4W":"13","5W":"13"},"WQ":{"55":"13","45":"13"}},"24":{"MF":{"84":"13"},"QH":{"29":"13","39":"13","28":"13"}},"8C":{"VM":{"8X":"13"},"2R":{"28":"13"},"VP":{"82":"13"},"28":{"2M":"13"}},"XQ":{"9Q":{"P8":"13","P6":"13"},"CP":{"Q2":"13","R2":"13"},"CM":{"88":"13","QX":"13","89":"13","RX":"13","77":"13","PV":"13","QW":"13","79":"13","PX":"13","PW":"13","78":"13","QV":"13"},"HG":{"4F":"13"},"9P":{"VG":"13","VH":"13"},"VQ":{"F2":"13","G3":"13","G2":"13"}},"34":{"39":{"X5":"13"},"4P":{"R9":"13","Q9":"13","RC":"13","QC":"13"},"FR":{"VW":"13","VX":"13"},"XP":{"5R":"13"},"GV":{"23":"13","33":"13"},"QV":{"PJ":"13","MM":"13","PM":"13","PH":"13","PP":"13"},"5G":{"72":"13","62":"13"},"5M":{"2X":"13"},"4V":{"CJ":"13","HW":"13","HX":"13","JR":"13"},"5P":{"34":"13","54":"13","75":"13","65":"13","76":"13","23":"13","24":"13","66":"13","64":"13","55":"13","77":"13","56":"13","67":"13","22":"13"},"GR":{"CQ":"13"},"49":{"2F":"13","3G":"13","2G":"13","4H":"13","5H":"13","3F":"13"},"4M":{"XX":"13"},"G4":{"83":"13","73":"13"},"6J":{"CP":"13","FP":"13"},"HW":{"9Q":"13"}},"MW":{"H3":{"RW":"13","QX":"13","VW":"13","RX":"13","VX":"13"},"H9":{"WV":"13","X9":"13","WW":"13","XC":"13"},"M5":{"F3":"13","C3":"13"},"34":{"4J":"13","3J":"13"},"M6":{"63":"13","54":"13","64":"13","53":"13"},"H4":{"R3":"13","J7":"13","Q3":"13","Q4":"13","P5":"13","V3":"13","M5":"13","Q5":"13","Q2":"13","R2":"13","M6":"13","V2":"13","P6":"13","R4":"13","P4":"13","M4":"13","M3":"13","M7":"13","J6":"13","J5":"13","P3":"13","P2":"13"},"J6":{"VG":"13","WG":"13","VH":"13","HR":"13","HV":"13"},"GG":{"Q2":"13"},"J9":{"29":"13","2C":"13"},"HC":{"XR":"13"},"JH":{"99":"13","89":"13"}},"56":{"F2":{"65":"13","66":"13","57":"13","67":"13","C7":"13","C8":"13"},"98":{"M4":"13"},"97":{"HW":"13"},"H2":{"F4":"13","C3":"13","F8":"13","F2":"13","G2":"13","G3":"13","C4":"13","G4":"13","F3":"13"},"76":{"3F":"13"},"57":{"8R":"13"},"77":{"JV":"13","QX":"13","JW":"13","PX":"13","HR":"13"},"78":{"F2":"13","M5":"13","J3":"13","G2":"13"}},"H2":{"QJ":{"HW":"13","JV":"13","JW":"13","HV":"13"},"7F":{"H2":"13","F5":"13","J2":"13"},"79":{"QM":"13","VM":"13","QP":"13","RP":"13","VP":"13","RM":"13"},"GJ":{"46":"13","57":"13","56":"13"},"8C":{"7F":"13","79":"13","7C":"13"},"FF":{"8Q":"13"},"7C":{"HX":"13","JX":"13","95":"13","96":"13"}},"7H":{"CM":{"CH":"13","CG":"13","9H":"13","9G":"13"}},"8M":{"PC":{"WC":"13","W9":"13"}},"F3":{"HG":{"5R":"13","XG":"13","XF":"13"}},"4M":{"JV":{"25":"13"}},"2C":{"MM":{"VC":"13","RC":"13"},"PH":{"FP":"13","78":"13"}},"27":{"54":{"75":"13","74":"13","49":"13","48":"13"},"C2":{"J3":"13","Q8":"13","Q7":"13"},"2G":{"75":"13","74":"13"}},"54":{"2P":{"GP":"13","FP":"13"}},"P2":{"3F":{"RH":"13","QG":"13","RG":"13","QH":"13"}},"7C":{"XV":{"88":"13"},"39":{"MM":"13"},"XR":{"X8":"13"},"W8":{"88":"13"},"XW":{"PP":"13"},"X8":{"XM":"13"}},"W7":{"CX":{"RF":"13","PJ":"13","VF":"13","PH":"13","MJ":"13","MH":"13","VC":"13"}},"69":{"3J":{"M2":"13"},"PQ":{"28":"13"},"3H":{"MX":"13"}},"R5":{"5J":{"RV":"13","RW":"13","QR":"13","QX":"13","RX":"13","PV":"13","QW":"13","PX":"13","PW":"13","QV":"13"},"5M":{"26":"13","Q2":"13","25":"13"},"3X":{"PJ":"13","PH":"13","MJ":"13","MH":"13"},"4M":{"9F":"13","X6":"13","X5":"13","W7":"13","X7":"13","9G":"13","W6":"13"},"7V":{"R8":"13","V7":"13","Q8":"13","R7":"13","P8":"13","V8":"13"},"8X":{"58":"13","GH":"13","GG":"13","57":"13","CH":"13","87":"13","78":"13","56":"13","HG":"13","FH":"13","77":"13","C7":"13","68":"13","96":"13","97":"13","GF":"13","67":"13","66":"13"}},"33":{"HC":{"MV":"13","HW":"13","JV":"13","JW":"13","MR":"13","MW":"13","HV":"13"}},"P5":{"C6":{"54":"13","4C":"13"},"QQ":{"4J":"13"}},"XW":{"54":{"H4":"13"},"39":{"WG":"13","WH":"13","XH":"13","XJ":"13","XG":"13","XF":"13","WJ":"13","WF":"13"},"2C":{"XV":"13","XR":"13"},"47":{"VJ":"13","GH":"13","JG":"13","MG":"13","C4":"13","94":"13"},"3C":{"2R":"13","2V":"13"},"48":{"CF":"13"},"22":{"C2":"13"}},"V6":{"C8":{"3J":"13","3M":"13","2M":"13"}},"M7":{"VJ":{"8Q":"13","8P":"13"}},"77":{"37":{"CW":"13"},"2F":{"3W":"13"}},"94":{"3Q":{"FR":"13","FQ":"13","GR":"13"},"3V":{"2J":"13","2H":"13"},"4Q":{"5G":"13","4G":"13","5F":"13"},"5M":{"5R":"13","5W":"13","4R":"13","5V":"13","4V":"13"},"3J":{"V3":"13","W2":"13","W3":"13","V2":"13"},"2J":{"J2":"13","M2":"13"},"4M":{"63":"13","73":"13","72":"13","62":"13"},"2H":{"MX":"13","JX":"13","PX":"13","PW":"13","MW":"13"},"2V":{"XH":"13","XJ":"13"},"3R":{"4W":"13","5W":"13","5V":"13","4V":"13"}},"P9":{"56":{"9R":"13","9V":"13","8R":"13","CR":"13"}},"64":{"RW":{"4Q":"13"},"QX":{"Q3":"13","Q4":"13","W5":"13","M8":"13","V2":"13","P4":"13","M2":"13","X9":"13","WC":"13","W9":"13","M7":"13","XC":"13","P3":"13","W6":"13"},"RX":{"F3":"13","84":"13","8F":"13","F4":"13","C3":"13","8C":"13","C4":"13"},"QW":{"MX":"13","VW":"13","PX":"13","VX":"13"}},"66":{"G9":{"XV":"13"},"H9":{"3V":"13","2W":"13","3X":"13","2X":"13","2V":"13","3W":"13"},"M8":{"7P":"13","8Q":"13","8P":"13"},"89":{"CJ":"13","2J":"13","CM":"13"},"PF":{"8M":"13","CJ":"13","7M":"13","FJ":"13","8J":"13"}},"65":{"8Q":{"FP":"13"},"CQ":{"2R":"13","2V":"13"}},"95":{"84":{"5W":"13","5X":"13","6W":"13"},"94":{"97":"13","GF":"13","F8":"13","F7":"13","9G":"13"}},"W3":{"JM":{"47":"13","48":"13"}},"86":{"93":{"6M":"13","6J":"13"}},"Q6":{"X9":{"WC":"13","XC":"13"},"V6":{"7F":"13","6F":"13","8G":"13","8F":"13","6G":"13","7G":"13"},"FF":{"G9":"13","H9":"13"}},"RP":{"HV":{"29":"13","39":"13","3C":"13"}},"68":{"4R":{"MM":"13"},"MR":{"MM":"13"},"5V":{"MM":"13"}},"57":{"9R":{"RC":"5"},"9V":{"WM":"13"},"47":{"FQ":"13"}},"WQ":{"5R":{"PH":"13"},"FH":{"GJ":"13"},"V2":{"PC":"13","MC":"13","PF":"13"},"7W":{"XF":"13","WF":"13","XC":"13"}},"QH":{"MF":{"XX":"13","RM":"13"},"6F":{"2P":"13","2R":"13","2Q":"13","2V":"13","3R":"13"},"PG":{"22":"13"},"5J":{"F5":"13","G5":"13","F6":"13","G6":"13"},"5F":{"RQ":"13","RV":"13","VM":"13","QP":"13","VW":"13","XQ":"13","VR":"13","WR":"13","XV":"13","XM":"13","XJ":"13","RM":"13","WV":"13","VP":"13","RJ":"13","RP":"13","VV":"13","WW":"13","QM":"13","VJ":"13","RR":"13","WQ":"13","WM":"13","XP":"13","WJ":"13","WP":"13","WH":"13","VH":"13","VQ":"13","QJ":"13","XR":"13","RW":"13"},"MG":{"X2":"13"}},"WM":{"W8":{"X9":"13","W9":"13"},"FG":{"9X":"13"},"PV":{"C2":"13","92":"13"},"MJ":{"3G":"13","4G":"13","4H":"13","3H":"13"},"WP":{"4C":"13","3C":"13","22":"13"},"WM":{"H4":"13","2X":"13","H3":"13","JJ":"13"},"F2":{"GP":"13","FJ":"13","GM":"13","FM":"13","GJ":"13","FP":"13"},"GG":{"4Q":"13","3P":"13","5M":"13","3J":"13","5P":"13","3M":"13","4M":"13","4P":"13"},"JJ":{"QQ":"13"},"VM":{"VG":"13","VF":"13"},"PR":{"CX":"13"},"RR":{"56":"13"},"WJ":{"98":"13","C6":"13","97":"13","F8":"13","C9":"13","C7":"13","C8":"13","96":"13","F9":"13","C5":"13"},"GH":{"XQ":"13","XP":"13","WP":"13","5P":"13","WQ":"13","6R":"13","6P":"13","6Q":"13","5Q":"13"},"FH":{"VC":"13","V9":"13"}},"Q8":{"XG":{"32":"13","22":"13"},"XF":{"3X":"13","2X":"13"}},"9P":{"73":{"4J":"13"},"23":{"6Q":"13","7Q":"13","6R":"13","8V":"13","6P":"13","7W":"13","7V":"13","8W":"13"},"24":{"4J":"5","F3":"13","93":"13","4M":"5","JR":"13","C3":"13"},"2M":{"3V":"13","2R":"13","3R":"13"}}},"index":{"university,1|retail,2|tourism,3|wreck,4|historical,5|artsCulture,6|namedBuilding,7|water,8|wetland,9|park,10|beach,11|natureReserve,12|cemetery,13|trail,14":{}}}