{"index":{"university,1|retail,2|tourism,3|wreck,4|historical,5|artsCulture,6|namedBuilding,7|water,8|wetland,9|park,10|beach,11|natureReserve,12|cemetery,13|trail,14":{}},"7J":{"RQ":{"5Q":{"5Q":"13","5R":"13","6Q":"13","6V":"13","5W":"13","6R":"13","5V":"13"},"VR":{"X9":"13","W9":"13"},"WR":{"5Q":"13","6Q":"13","5R":"13","Q2":"13","VR":"13","5P":"13","4R":"13","6R":"13","6P":"13","M2":"13","M3":"13","VQ":"13","P3":"13","P2":"13","5V":"13"},"WQ":{"PX":"13"}},"4X":{"F8":{"8Q":"13"},"2Q":{"FR":"13","9V":"13"},"2V":{"W3":"13"}},"MJ":{"6F":{"RQ":"13"},"2J":{"22":"13"},"2H":{"XV":"13","WV":"13","4X":"13","VR":"13","2X":"13","WR":"13","XR":"13"},"5H":{"HF":"13","GF":"13"},"W9":{"8F":"13","79":"13","8C":"13","7C":"13"}},"WP":{"CG":{"V3":"13","V4":"13"},"CF":{"RH":"13","VJ":"13","RJ":"13","RM":"13","VH":"13"}},"7P":{"65":{"G3":"13"},"72":{"QF":"13"},"64":{"GX":"13"}},"9M":{"WM":{"6J":"13"}},"XG":{"9W":{"Q3":"13","Q4":"13"}},"JF":{"RP":{"RH":"13","QG":"13","RG":"13","QH":"13","R9":"13","VC":"13","RC":"13","V9":"13"},"8J":{"63":"13","73":"13","72":"13"}},"4Q":{"2H":{"Q4":"13"},"75":{"RW":"13"},"65":{"J4":"13"},"35":{"HW":"13","HX":"13"},"3M":{"77":"13"},"C9":{"88":"13","69":"13","77":"13","79":"13","68":"13","78":"13"},"C3":{"48":"13"},"83":{"FV":"13"},"29":{"R5":"13","Q6":"13","R7":"13","R6":"13","Q7":"13"},"28":{"JP":"13"},"27":{"H8":"13","H7":"13","G6":"13"},"5F":{"37":"13","P8":"13"},"6F":{"RH":"13","RJ":"13"},"95":{"7P":"13"},"79":{"83":"13","73":"13"},"84":{"C4":"13"},"55":{"R8":"13","Q8":"13","8H":"13","89":"13","R9":"13","79":"13","9H":"13","8C":"13","Q9":"13","7C":"13"}},"GP":{"VQ":{"VF":"13"}},"XJ":{"5R":{"QW":"13","QV":"13"},"Q5":{"RH":"13","VJ":"13","WH":"13","VG":"13","RJ":"13","WG":"13","WJ":"13","VH":"13"},"HW":{"RV":"13","RR":"13"},"RX":{"QW":"13","QV":"13"},"X7":{"58":"13"},"GW":{"6H":"13","6J":"13"}},"CX":{"3Q":{"26":"13","36":"13","37":"13","27":"13"},"QG":{"65":"13"},"H9":{"XG":"13"},"2H":{"84":"13","95":"13","94":"13"},"J9":{"8H":"13"},"C4":{"QJ":"13","PJ":"13"}},"8P":{"P8":{"C4":"13","94":"13"}},"WF":{"23":{"C2":"13","92":"13"},"43":{"Q3":"13","R3":"13","Q2":"13","R2":"13"}},"HX":{"44":{"J2":"13","M2":"13"},"5J":{"FQ":"13","GQ":"13"},"42":{"9R":"13"},"43":{"34":"13","MX":"13","24":"13","JX":"13"},"53":{"6X":"13","5W":"13","6W":"13"}},"WV":{"MH":{"H5":"13","J6":"13","J5":"13"},"M8":{"PG":"13","PH":"13"},"J5":{"WJ":"13"},"H2":{"JQ":"13","JR":"13"},"XM":{"6X":"13","HQ":"13","JV":"13","9X":"13","GQ":"13","HR":"13","GR":"13","8X":"13"},"M4":{"76":"13","66":"13","77":"13","67":"13","68":"13","78":"13"},"J4":{"Q4":"13","Q5":"13","J4":"13","J5":"13","8W":"13"},"G6":{"R8":"13","G9":"13","H9":"13","P9":"13","8V":"13","Q7":"13"},"H7":{"QW":"13","2W":"13","4J":"13","4H":"13","7P":"13","4M":"13","3J":"13","8Q":"13","RW":"13","7Q":"13","8P":"13"},"J3":{"C3":"13"},"M6":{"43":"13","R4":"13","9F":"5","R5":"13","5W":"13","2W":"13","3X":"13","3W":"13","5X":"13","53":"13","44":"13","2X":"13","CG":"5","F5":"13","4W":"13","9G":"5","6P":"5","4X":"13"},"XP":{"H5":"13","82":"13","92":"13","62":"13","H6":"13"},"F3":{"CQ":"13"},"C7":{"XX":"13"},"G7":{"XW":"13"},"J2":{"Q8":"13","Q9":"13"},"J7":{"5R":"13"},"JR":{"F3":"13","C3":"13"},"J6":{"Q6":"13","RV":"13","R6":"13","Q7":"13","QV":"13","HR":"13","W8":"13","MW":"13","QW":"13","RR":"13","2F":"13","MV":"13","2G":"13","JW":"13","JV":"13","HV":"13","W7":"13","JR":"13","3F":"13","3G":"13","RW":"13","MR":"13"},"C9":{"62":"13"},"G5":{"6H":"13","6J":"13","7J":"13"},"R2":{"3V":"13","3R":"13"}},"PM":{"HM":{"MF":"13","JF":"13","JC":"13","RQ":"13","PV":"13","RP":"13","QQ":"13","MC":"13","PR":"13"}},"HF":{"JJ":{"Q3":"13","Q4":"13","P4":"13","P3":"13"}},"3R":{"V5":{"3J":"13"},"H3":{"H7":"13"},"R5":{"PG":"13","PH":"13"},"H2":{"4Q":"13","3R":"13"},"2W":{"F2":"13"},"CM":{"5J":"13","5G":"13","6H":"13","6J":"13","5H":"13","2Q":"13","2V":"13","5F":"13","5V":"13"},"92":{"54":"13"},"CP":{"63":"13","83":"13","73":"13","72":"13","82":"13"},"R2":{"63":"13","34":"13","23":"13"},"J6":{"F6":"13"},"27":{"4P":"13"},"53":{"WJ":"13","WM":"13"},"2X":{"F9":"13"},"64":{"6M":"13","6J":"13","7R":"13","8R":"13"},"42":{"V7":"13","R7":"13","R6":"13","V6":"13"},"2F":{"3F":"13"},"49":{"F2":"13","C2":"13"},"22":{"63":"13","26":"13","25":"13","64":"13"},"6V":{"QX":"13"},"93":{"PC":"13"},"38":{"94":"13"},"Q5":{"V3":"13","V4":"13"},"6X":{"QC":"13"},"4W":{"FP":"13"},"26":{"22":"13"},"8Q":{"XP":"13","VP":"13","WP":"13"},"54":{"59":"13"}},"V2":{"6M":{"JP":"13","MM":"13","HP":"13","JM":"13"},"8P":{"HW":"13","HV":"13"},"5F":{"X7":"13","X8":"13"}},"HG":{"GF":{"F6":"3"},"4G":{"7F":"13","6F":"13","6C":"13","7C":"13"}},"QG":{"Q8":{"C6":"13"},"H9":{"6C":"13"},"FC":{"WV":"13","WW":"13"},"FG":{"V8":"13"},"H8":{"W7":"13","X7":"13"},"F8":{"7Q":"13","WH":"13","7P":"13","XH":"13","6P":"13"},"C9":{"JP":"13","HP":"13","HM":"13"},"MH":{"F8":"13"},"C7":{"32":"13"},"GC":{"8M":"13","C7":"13","7J":"13","C8":"13","8J":"13"}},"XR":{"4M":{"HX":"13"},"PX":{"5Q":"13","4Q":"13","5P":"13","4P":"13"},"4P":{"H2":"13","J2":"13"}},"5W":{"C2":{"4W":"13","4V":"13"}},"XX":{"6G":{"HH":"13"}},"4R":{"W5":{"V7":"13","W7":"13","V6":"13","W6":"13"},"68":{"CM":"13"},"CM":{"CH":"13"},"7M":{"Q6":"13","VP":"13"},"59":{"W2":"13"},"GV":{"CQ":"13"},"8J":{"XF":"13","WF":"13","WG":"13"},"CH":{"5C":"13","39":"13","38":"13"},"87":{"7P":"13"},"8M":{"G3":"13","F3":"13","H4":"13","G4":"13","H3":"13","F4":"13"},"7J":{"JJ":"13","JM":"13","RM":"13"}},"JJ":{"MV":{"Q9":"13"},"XG":{"XG":"13","V4":"13","R5":"13","WG":"13","R4":"13","P4":"13"}},"CQ":{"6M":{"PJ":"13","PH":"13","MJ":"13","MH":"13"}},"7Q":{"84":{"VM":"13","VP":"13","WM":"13","WP":"13"},"C2":{"R8":"13","R9":"13","W8":"13","W9":"13","V8":"13","V9":"13"},"93":{"VM":"13","VP":"13","RM":"13"},"95":{"26":"13","36":"13"}},"QP":{"8J":{"GR":"13"}},"JQ":{"MV":{"W2":"13","V2":"13"},"63":{"PQ":"13"},"PV":{"69":"13","58":"13","59":"13","68":"13"},"QW":{"2G":"13"},"PR":{"9P":"13","8P":"13"}},"WC":{"85":{"5J":"13","8G":"13","7G":"13"},"G8":{"8Q":"13","8P":"13"},"G7":{"72":"13","52":"13","62":"13"},"6G":{"79":"13"},"F7":{"X6":"13","X5":"13"},"G6":{"6X":"13","JP":"13","HP":"13","7X":"13"},"7C":{"6H":"13","5H":"13"}},"3X":{"WG":{"Q3":"13"},"WR":{"X3":"13"},"8H":{"32":"13","42":"13","43":"13","33":"13"},"XQ":{"MH":"13|5"},"2V":{"G3":"13","F3":"13"},"QQ":{"42":"13","52":"13"},"VR":{"W3":"13"},"WQ":{"JX":"13"},"QP":{"4X":"13","5X":"13"},"RP":{"XX":"13"},"WF":{"MV":"13","JV":"13"}},"XM":{"V3":{"HF":"13","JF":"13","JC":"13","HC":"13"},"X7":{"X5":"13","X4":"13"}},"V8":{"RJ":{"34":"13","F3":"13","44":"13","45":"13","35":"13","F4":"13","C3":"13","C4":"13"}},"X5":{"FW":{"3M":"13"}},"5Q":{"WH":{"R5":"13","R6":"13"},"8Q":{"MF":"13","PC":"13","MC":"13","PF":"13","6C":"13","MG":"13"},"M7":{"P3":"13"},"28":{"3Q":"13"}},"GX":{"JV":{"73":"13","72":"13","82":"13"},"JX":{"93":"13","94":"13"},"62":{"M8":"13"},"HM":{"MW":"13"}},"W8":{"F7":{"V4":"13","V6":"13","V5":"13"}},"X2":{"CW":{"X7":"13","X9":"13","WC":"13","W9":"13","XC":"13","X8":"13"},"FR":{"WV":"13","WR":"13","VW":"13","WW":"13"},"5G":{"X5":"13"},"FW":{"39":"13","58":"13","2C":"13","29":"13","47":"13","28":"13","27":"13","48":"13","4C":"13","3F":"13","37":"13","3C":"13","2F":"13","49":"13","5C":"13","3G":"13","38":"13","4F":"13"},"FM":{"CJ":"13","CM":"13","FJ":"13","FM":"13"},"GV":{"58":"13","6H":"13","57":"13","67":"13","6J":"13","68":"13"}},"CJ":{"WR":{"VG":"13","XF":"13","VF":"13","WF":"13","WG":"13","XC":"13"},"XR":{"39":"13","GX":"13","HX":"13","FR":"13","2C":"13","VC":"13","29":"13","GV":"13","RC":"13","6M":"13","QC":"13","5M":"13","5P":"13","FV":"13","GR":"13","3C":"13","RF":"13","4M":"13","GW":"13","HW":"13"},"WQ":{"XV":"13"}},"RG":{"XV":{"4Q":"13"}},"3W":{"M5":{"88":"13","87":"13","78":"13"},"44":{"6X":"13","5X":"13"},"Q6":{"F6":"13"},"64":{"H7":"13"},"45":{"52":"13"},"6J":{"46":"13","47":"13"},"J5":{"R3":"13","V3":"13","V4":"13","R4":"13"},"C4":{"GP":"13"}},"Q3":{"55":{"2M":"13"},"45":{"XP":"13","XM":"13"}},"MG":{"8G":{"43":"13"}},"VV":{"3M":{"W7":"13"}},"4W":{"HH":{"5J":"13"},"2X":{"G4":"13","G5":"13"},"W7":{"W8":"13","W9":"13","V9":"13"},"G6":{"JC":"13","HC":"13","J5":"13"}},"WG":{"99":{"M6":"13","M7":"13"}},"FJ":{"3V":{"QJ":"13","H9":"13","MP":"13","QM":"13","QQ":"13","6H":"13","QR":"13"},"3R":{"6Q":"13","MM":"13","PM":"13","FC":"13","3G":"13","4G":"13","6R":"13","2H":"13","3H":"13","3F":"13"},"2V":{"F7":"13","Q4":"13","R4":"13","F6":"13","33":"13","22":"13","23":"13","Q5":"13","32":"13"},"2W":{"RX":"13"},"3X":{"WX":"13"},"8R":{"2W":"13","3X":"13","3W":"13"},"3W":{"4F":"13","5G":"13","4G":"13","X9":"13","W9":"13","5F":"13","33":"13"},"5X":{"WG":"13","H3":"13","75":"13","65":"13","XH":"13","XG":"13","66":"13","G3":"13","4R":"13","76":"13","WF":"13"},"4V":{"Q4":"13","R4":"13","7G":"13"},"9R":{"G7":"13"},"2X":{"R2":"13"},"5R":{"2R":"13","2Q":"13","WP":"13"},"6V":{"V3":"13","W3":"13"},"4R":{"P5":"13","7Q":"13","6Q":"13","HH":"13","Q5":"13","XQ":"13","Q6":"13","P6":"13","XR":"13","GH":"13"},"6X":{"32":"13","2G":"13","2H":"13","33":"13"},"4W":{"78":"13"},"5V":{"CC":"13","FC":"13"},"CR":{"GH":"13"},"2R":{"RV":"13","8F":"13","WG":"13"}},"2V":{"W2":{"M6":"13"},"7J":{"QJ":"13"},"22":{"FQ":"13","CC":"13"},"7G":{"GR":"13"}},"2Q":{"RX":{"P7":"13","M8":"13","P8":"13","M7":"13"},"WX":{"RF":"13"},"PX":{"HW":"13","HX":"13"}},"2R":{"J2":{"8F":"13","8V":"13","7W":"13","8P":"13","8W":"13"},"H3":{"9Q":"13","76":"13","WR":"13","XR":"13","77":"13","CF":"13"},"86":{"HQ":"13","VX":"13","V9":"13"},"66":{"34":"13","72":"13","2P":"13","2Q":"13"},"MQ":{"X3":"13"},"QM":{"65":"13"},"C6":{"PG":"13","R9":"13"},"F4":{"XR":"13","F4":"13"},"X3":{"CR":"13"},"PP":{"R3":"13"},"G6":{"8G":"13","8F":"13","92":"13"},"5F":{"9Q":"13","FC":"13","X3":"13","F6":"13","PF":"13","F9":"13"},"H4":{"7C":"13"},"F3":{"CW":"13"},"QQ":{"VR":"13","W7":"13"},"68":{"V4":"13","P2":"13","CF":"13"},"J5":{"R8":"13","P5":"13","73":"13"},"H6":{"3G":"13","4G":"13"},"Q7":{"3G":"13"},"RC":{"G9":"13","23":"13","33":"13"},"X6":{"X4":"13"},"M5":{"FP":"13"},"3F":{"WV":"13","9V":"13","GQ":"13"},"2M":{"W5":"13"},"XG":{"R4":"13"},"3C":{"59":"13","FX":"13"},"47":{"65":"13","66":"13"},"M6":{"GG":"13"},"5G":{"F3":"13","F4":"13"},"G4":{"WX":"13"},"3Q":{"4G":"13"},"X4":{"RV":"13"},"65":{"Q4":"13"},"67":{"HQ":"13","R9":"13","VP":"13","PX":"13","HR":"13"},"F5":{"XX":"13"},"4G":{"36":"13","35":"13","6C":"13"},"3H":{"V4":"13"},"F7":{"32":"13","42":"13","RJ":"13"},"48":{"FP":"13"},"4J":{"2Q":"13"},"RR":{"7P":"13","HX":"13","9H":"13","GR":"13"},"2X":{"54":"13","6P":"13"},"Q8":{"HC":"13","GC":"13"},"4C":{"HF":"13","RJ":"13","P4":"13","P3":"13","8W":"13"},"98":{"5R":"13","XR":"13","C3":"13"},"2J":{"32":"13","23":"13","JH":"13","JG":"13","22":"13"},"28":{"C4":"13"},"85":{"QM":"13"},"C4":{"VH":"13"},"97":{"5C":"13","X2":"13","WM":"13"},"29":{"VW":"13","H8":"13"},"2C":{"M4":"13"},"95":{"PH":"13","P4":"13","C5":"13"},"94":{"HX":"13"},"2H":{"2C":"13","2F":"13","5G":"13"},"P2":{"F5":"13","G4":"13"},"3J":{"7H":"13","WR":"13"},"J6":{"88":"13","87":"13"},"96":{"XX":"13","HG":"13"},"X5":{"9R":"13","8R":"13"},"79":{"C7":"13","7J":"13"},"C9":{"4F":"13"},"77":{"6Q":"13","P9":"13","9W":"13","JR":"13"},"26":{"X9":"13","W9":"13","PF":"13"},"57":{"82":"13","FW":"13"},"58":{"H5":"13","QR":"13","Q2":"13"},"RJ":{"HH":"13"},"27":{"4Q":"13","2H":"13","CF":"13"},"X8":{"42":"13"},"5C":{"W4":"13","4W":"13","CH":"13","JJ":"13","FX":"13"},"46":{"85":"13"},"XX":{"XP":"13","5R":"13","6V":"13","XM":"13","6R":"13","5V":"13"},"H5":{"9V":"13","7X":"13"},"F6":{"MM":"13","MP":"13"},"P9":{"MW":"13"},"M3":{"Q2":"13","9M":"13"},"2W":{"9F":"13","9G":"13"},"6C":{"74":"13","CQ":"13","3X":"13","WP":"13","FQ":"13","4C":"13","JP":"13","9Q":"13","6X":"13","9H":"13"},"M8":{"8H":"13"},"QJ":{"4J":"13","3J":"13","MQ":"13","3M":"13","4M":"13"},"8C":{"V3":"13","99":"13","MJ":"13","GW":"13"},"G7":{"7G":"13"},"39":{"JF":"13"},"J4":{"XV":"13","4X":"13","XR":"13"},"2F":{"2Q":"13"},"3G":{"VG":"13"},"C7":{"MJ":"13"},"PC":{"XH":"13"},"C8":{"G9":"13","2R":"13","3C":"13","HM":"13","F9":"13"},"78":{"Q6":"13","MQ":"13","7W":"13","MR":"13","95":"13","Q7":"13"},"2G":{"XJ":"13"},"87":{"WH":"13","2P":"13","4G":"13","XH":"13"},"88":{"HF":"13","64":"13"},"5W":{"57":"13","56":"13"},"59":{"QM":"13","66":"13","RM":"13","PF":"13","CF":"13"},"J3":{"M5":"13","H4":"13","J4":"13"},"89":{"HW":"13","H2":"13","7W":"13","GW":"13","8W":"13"},"36":{"M5":"13","78":"13"},"5H":{"C7":"13"},"56":{"MV":"13","Q8":"13","F5":"13","2F":"13","FC":"13","MP":"13","28":"13"},"45":{"CX":"13"},"X7":{"4X":"13","5X":"13"},"G5":{"26":"13","W2":"13","5W":"13","CG":"13"},"37":{"MF":"13","X6":"13","98":"13","58":"13","2R":"13","9M":"13","4C":"13","2Q":"13","X8":"13"}},"3Q":{"4W":{"7F":"13"},"RX":{"5W":"13"},"FX":{"G9":"13","4M":"13","GC":"13"},"VR":{"V6":"13","V5":"13"},"6X":{"W3":"13","X2":"13","X3":"13"},"6R":{"R3":"13"},"MG":{"RR":"13"},"WV":{"88":"13"},"V9":{"93":"13","C3":"13"},"VP":{"25":"13"},"GR":{"QX":"13","QW":"13","PX":"13","PW":"13"},"VV":{"7Q":"13","8H":"13","8J":"13"},"QG":{"55":"13","56":"13"},"QF":{"2P":"13","2M":"13","4V":"13"},"7Q":{"H8":"13","F8":"13","G8":"13"},"JQ":{"VV":"13"},"X9":{"5Q":"13","5P":"13","G8":"13"},"5W":{"9H":"13"},"VC":{"F3":"13"},"5V":{"CF":"13"},"CX":{"37":"13","27":"13"},"JR":{"R3":"13"},"QX":{"QX":"13","3H":"13"},"4V":{"CW":"13","CV":"13"},"VH":{"49":"13","4C":"13"},"PF":{"XP":"13","XM":"13","WP":"13"},"MR":{"68":"13"},"6Q":{"PG":"13","PH":"13","JH":"13","MH":"13","MG":"13"},"JH":{"8X":"13"}},"QQ":{"Q9":{"8Q":"13","8P":"13"}},"8V":{"Q4":{"7M":"13","7P":"13","9W":"13","6P":"13"},"H2":{"57":"13","5H":"13"},"M3":{"H8":"13","G8":"13"},"J3":{"WJ":"13"},"G2":{"7C":"13"},"P4":{"WH":"13"},"QX":{"7X":"13"},"PX":{"JP":"13","MM":"13","XX":"13","MP":"13","JM":"13","XW":"13"}},"PJ":{"5C":{"8Q":"13","9R":"13","8R":"13"}},"XV":{"4J":{"X4":"13"}},"7V":{"9F":{"QX":"13"},"9G":{"V3":"13","Q2":"13","W2":"13","W3":"13","V2":"13"}},"6V":{"5R":{"97":"13"},"CP":{"CC":"13","FC":"13","FF":"13","CF":"13"}},"X6":{"C2":{"84":"13"}},"6Q":{"FV":{"4X":"13","3X":"13"},"FW":{"5G":"13","5H":"13"},"52":{"5G":"13","5H":"13"}},"MV":{"7C":{"83":"13","84":"13","85":"13","93":"13","95":"13","94":"13"}},"R2":{"54":{"42":"13","52":"13"},"44":{"W5":"13","V5":"13"},"66":{"F5":"13","G4":"13","G5":"13","F4":"13"},"93":{"69":"13","39":"13","2G":"13","3C":"13","6C":"13"},"6P":{"QR":"13","PV":"13","QV":"13"},"53":{"4X":"13","5X":"13"}},"4P":{"RV":{"94":"13"},"VV":{"MM":"13","32":"13","42":"13","P4":"13","MJ":"13","43":"13","33":"13"},"RR":{"XR":"13"},"VR":{"QM":"13","9W":"13","9V":"13","8V":"13","QP":"13","RP":"13","RM":"13","8W":"13"},"XR":{"R7":"13"}},"JV":{"3V":{"47":"13","57":"13"}},"WX":{"R2":{"99":"13","89":"13"},"9C":{"JC":"13","J9":"13"}},"FQ":{"V8":{"MV":"13","RJ":"13","MQ":"13","PQ":"13","RM":"13","MW":"13"}},"8R":{"GX":{"Q3":"13","Q4":"13"},"HX":{"CV":"13"},"MR":{"QX":"13"},"5J":{"VV":"13","VW":"13"},"HR":{"Q7":"13"},"GV":{"WG":"13"},"GW":{"6M":"13","56":"13"},"JV":{"2M":"13"},"RX":{"Q4":"13","Q5":"13"},"HW":{"2J":"13","67":"13","3H":"13"}},"5R":{"7F":{"8R":"13"},"H2":{"65":"13","55":"13"},"23":{"9X":"13","9W":"13","CX":"13","8W":"13"},"24":{"C2":"13","92":"13"},"8W":{"5J":"13","5M":"13"}},"9V":{"Q4":{"CH":"13","9H":"13","CG":"13","9G":"13"},"4J":{"5M":"13"},"HP":{"Q2":"13"},"WF":{"4X":"13"},"WG":{"42":"13"},"43":{"CP":"13","9P":"13","9M":"13"}},"9Q":{"MW":{"H9":"13","JC":"13","M9":"13","MC":"13","J9":"13"}},"7R":{"4W":{"J7":"13","J8":"13","H9":"13","H8":"13","G8":"13","G7":"13","H7":"13","J9":"13"},"5X":{"83":"13","73":"13","72":"13","82":"13"},"5V":{"8X":"13","8W":"13"}},"QF":{"V3":{"R7":"13"},"99":{"2Q":"13"}},"Q9":{"34":{"75":"13","65":"13","74":"13","64":"13"},"23":{"5Q":"13","7J":"13"},"4C":{"9C":"13","FC":"13","GH":"13","C8":"13","GG":"13","CF":"13","F9":"13","HG":"13","99":"13","CG":"13","FG":"13","HH":"13","C7":"13","9F":"13","98":"13","CC":"13","FF":"13","C9":"13","GF":"13"}},"PQ":{"F4":{"JW":"13","MW":"13"}},"3V":{"6F":{"XQ":"13"},"3X":{"F3":"13","C3":"13"},"FW":{"CQ":"13"},"2H":{"36":"13","35":"13"},"QQ":{"RV":"13","QV":"13"},"8R":{"95":"13","C5":"13"},"48":{"FH":"13","FJ":"13"},"HR":{"VM":"13","RP":"13","VP":"13","RM":"13"}},"GG":{"PV":{"2X":"13"},"W9":{"36":"13","46":"13","55":"13","45":"13","35":"13"},"PX":{"6F":"13","6C":"13"},"PW":{"25":"13"},"V9":{"WV":"13"}},"VC":{"G6":{"R5":"13","R6":"13","V6":"13","V5":"13"},"GX":{"7W":"13","7X":"13"},"XQ":{"8X":"13","7X":"13"},"VV":{"Q2":"13","9C":"13","8C":"13","P2":"13"},"H2":{"M2":"13","P3":"13"},"PV":{"43":"13","4P":"13","3M":"13","33":"13","34":"13","3P":"13","53":"13","44":"13","52":"13","42":"13","4M":"13","32":"13","54":"13"},"XJ":{"8M":"13","9R":"13","8V":"13","9P":"13","9M":"13","7V":"13","7W":"13","7R":"13","8R":"13","8P":"13","8W":"13"},"QC":{"2C":"13","3C":"13"},"J6":{"HJ":"13","MM":"13","HH":"13","JH":"13","JJ":"13","MJ":"13","MH":"13","JM":"13","HM":"13"},"H6":{"58":"13"},"M9":{"W7":"13","W8":"13"},"VR":{"7Q":"13","7M":"13","7P":"13","8Q":"13","6P":"13","8P":"13"},"PR":{"6X":"13","6Q":"13","4X":"13","3X":"13","5X":"13","6R":"13"},"XR":{"G4":"13","72":"13","82":"13","F4":"13"},"JQ":{"MV":"13","PV":"13","MR":"13","PR":"13"},"MV":{"R6":"13","V6":"13"}},"9X":{"XM":{"73":"13"},"R9":{"XF":"13"},"VV":{"2R":"13","2V":"13"},"5J":{"G4":"13","F4":"13"},"33":{"HG":"13"},"XH":{"W4":"13","QR":"13","W3":"13","W8":"13","W9":"13"},"XJ":{"85":"13","M8":"13","W8":"13","M4":"13","V8":"13"},"XG":{"PX":"13"},"53":{"RV":"13","PP":"13"},"V9":{"3G":"13"}},"FM":{"83":{"44":"13"},"H9":{"PM":"13","QM":"13","PP":"13"},"23":{"WG":"13"},"52":{"CJ":"13","FH":"13","CH":"13","FJ":"13","9G":"13"},"22":{"87":"13"}},"2X":{"Q4":{"9Q":"13","MX":"13","9R":"13","JX":"13","CQ":"13","CR":"13"},"WR":{"8J":"13"},"89":{"QJ":"13","RH":"13","QH":"13","XM":"13","RJ":"13","XJ":"13","VH":"13"}},"CM":{"X4":{"M6":"13","J4":"13","M7":"13","J5":"13"},"WX":{"43":"13"},"GW":{"34":"13","44":"13","43":"13","33":"13"},"HR":{"98":"13"},"GR":{"5R":"13","6R":"13"},"HV":{"34":"13","24":"13"},"GV":{"MR":"13","JR":"13"}},"WR":{"9W":{"F5":"13"},"HX":{"XM":"13"},"JX":{"7F":"13","7H":"13","8G":"13","6H":"13","2M":"13","7G":"13"}},"5P":{"8Q":{"RQ":"13","VQ":"13"},"2R":{"3J":"13","4H":"13","3H":"13"}},"FP":{"3P":{"QW":"13","PW":"13"},"FJ":{"CC":"13","GF":"13","FF":"13"},"9J":{"RV":"13","RW":"13","JX":"13"}},"Q7":{"CG":{"WV":"13"}},"V3":{"QX":{"G8":"5","H3":"5","H8":"5","93":"5","C6":"5","F4":"5","H7":"5","G6":"5","H4":"5","C5":"5","H9":"5","F3":"5","G9":"5","J5":"5","H6":"5","H2":"5","G4":"5","F5":"5","F7":"5","G2":"5","G3":"5","V3":"13","Q2":"13","C4":"5","R2":"13","94":"5","V2":"13","J6":"5","Q6":"13","C3":"5","R3":"13","H5":"5","F6":"5","F8":"5","G7":"5","J4":"5","J3":"5","G5":"5","Q5":"13"},"QW":{"QX":"13","RX":"13","VX":"13"}},"XH":{"XV":{"HG":"13","9C":"13","9F":"13","MF":"13","27":"13","MC":"13","HC":"13","JF":"13","JG":"13","26":"13","JC":"13","HF":"13"},"WV":{"X6":"13"},"JW":{"C6":"13","CC":"13","H6":"13","CF":"13"},"4Q":{"93":"13"},"CM":{"3G":"13","3H":"13"},"9M":{"9F":"13","CC":"13","99":"13","89":"13","9C":"13","C9":"13","8C":"13","CF":"13"}},"9W":{"9C":{"Q4":"13","W4":"13","C6":"13","W5":"13","V4":"13","R5":"13","C7":"13","V6":"13","V5":"13"},"FC":{"Q7":"13"},"GC":{"5J":"13"},"8F":{"X6":"13","W7":"13","XH":"13","X7":"13","X8":"13"},"CH":{"9Q":"13","8Q":"13","9P":"13","47":"13","57":"13","3C":"13","8P":"13"},"86":{"4V":"13"},"87":{"42":"13"},"9H":{"M5":"13","M6":"13","J6":"13","J5":"13"},"9G":{"WG":"13","62":"13","74":"13","8H":"13","XC":"13","4J":"13","R8":"13","92":"13","XG":"13","8J":"13","73":"13","XF":"13","VR":"13","64":"13","R7":"13","72":"13","7J":"13","WF":"13"},"CF":{"8V":"13","GP":"13","9X":"13","57":"13","CV":"13","46":"13","CP":"13","8R":"13","FP":"13","5X":"13","3P":"13","GQ":"13","56":"13","6X":"13","3Q":"13","9W":"13"},"8C":{"M6":"13","93":"13"},"8G":{"JP":"13","54":"13","43":"13","53":"13"},"8J":{"82":"13"},"J3":{"FJ":"13"},"7G":{"8C":"13","7C":"13"},"CG":{"C5":"13","62":"13","M2":"13","75":"13","P6":"13","C3":"13","83":"13","47":"13","92":"13","M6":"13","94":"13","52":"13","85":"13","93":"13","95":"13","FW":"13","86":"13","67":"13","76":"13","84":"13"},"FG":{"X6":"13","86":"13","MM":"13","85":"13","H2":"13","X7":"13"},"9F":{"MX":"13","FQ":"13","47":"13","8W":"13","6X":"13","37":"13","8Q":"13","VP":"13","MW":"13","7R":"13","2H":"13","GW":"13","8R":"13","7Q":"13","WM":"13","2G":"13","9X":"13","JV":"13","3H":"13","GX":"13","8V":"13","PX":"13","WP":"13","C9":"13","FR":"13","3G":"13","CQ":"13","7X":"13"},"CC":{"FV":"13","GX":"13","3V":"13","RJ":"13","FW":"13","FX":"13","43":"13","GW":"13","RM":"13","CX":"13","3R":"13","GV":"13"},"8H":{"8M":"13","7M":"13","FJ":"13","9J":"13","9M":"13","8J":"13"},"FF":{"GM":"13","GP":"13","HX":"13","HP":"13","6C":"13","HM":"13","6W":"13","7F":"13","7W":"13","6F":"13","55":"13","7C":"13"}},"P8":{"VV":{"XX":"13","WW":"13","XW":"13"},"XW":{"4X":"13","5X":"13"},"WW":{"8V":"13","GX":"13","HX":"13","MR":"13","8R":"13","MQ":"13","JX":"13","HV":"13","7V":"13","JW":"13","JV":"13","7R":"13","MX":"13","JR":"13","PX":"13","HW":"13"},"XX":{"GP":"13","77":"13","3V":"13","WW":"13","4J":"13","4H":"13","3W":"13","5H":"13","9M":"13","22":"13","87":"13","FW":"13","9P":"13","86":"13","76":"13","4X":"13"},"VW":{"M7":"13","J7":"13","FQ":"13","M6":"13","FP":"13","J8":"13","J6":"13"},"WX":{"9C":"13","RH":"13","GG":"13","7F":"13","8F":"13","CH":"13","9H":"13","V9":"13","RJ":"13","CF":"13","8C":"13","7C":"13","9V":"13","P2":"13","VJ":"13","R9":"13","FH":"13","W9":"13","CR":"13","VC":"13","CG":"13","WJ":"13","9F":"13","CJ":"13","J2":"13","JR":"13","CC":"13","9R":"13","RC":"13","M2":"13","WH":"13","VH":"13","GF":"13","MQ":"13","RF":"13","MR":"13"},"VX":{"HG":"13","HH":"13","Q8":"13","R4":"13","HJ":"13","5W":"13","MJ":"13","MM":"13","GG":"13","PJ":"13","JM":"13","5X":"13","JJ":"13","Q7":"13","JF":"13","GF":"13","JG":"13","MH":"13","JH":"13","HF":"13"},"QX":{"X7":"13","X8":"13"},"RX":{"XV":"13","XW":"13","28":"13","27":"13"}},"8W":{"VG":{"4J":"13","3J":"13","2J":"13","4M":"13"},"V4":{"C4":"13"},"F8":{"M8":"13"},"VM":{"RM":"13"},"P2":{"X4":"13","X3":"13"}},"9R":{"4W":{"GP":"13","JV":"13","JQ":"13","JR":"13","HR":"13","HV":"13"}},"CW":{"9R":{"Q4":"13","Q5":"13","R5":"13"},"4R":{"5X":"13"},"4V":{"66":"13","62":"13"}},"V4":{"98":{"6X":"13","6V":"13","J8":"13","5W":"13","M9":"13","6W":"13","6P":"13","7W":"13","J9":"13","7X":"13","5V":"13"},"J8":{"QR":"13","RQ":"13","QQ":"13","GV":"13"},"89":{"R8":"13","V7":"13","CW":"13","Q8":"13","R7":"13","R6":"13","9W":"13","V6":"13","V8":"13","GR":"13","CX":"13"}},"XQ":{"HP":{"HQ":"13"}},"7M":{"6X":{"7H":"13","7G":"13"},"FV":{"P4":"13","M4":"13","M3":"13","P3":"13"},"CW":{"V7":"13"},"FR":{"W5":"13","X5":"13"},"FQ":{"5W":"13","5X":"13"},"5X":{"8G":"13","8F":"13"},"9R":{"X9":"13","X8":"13"},"9W":{"6F":"13","2J":"13"},"7W":{"HF":"13","GP":"13","HC":"13","FP":"13"},"GQ":{"9H":"13","WP":"13"},"7X":{"49":"13","48":"13","H6":"13"},"8W":{"5W":"13","XJ":"13"}},"8M":{"4J":{"97":"13"}},"CR":{"C6":{"35":"13"},"23":{"66":"13","57":"13","56":"13","67":"13"},"52":{"FR":"13","CQ":"13","CR":"13"}},"RC":{"3Q":{"XF":"13"},"39":{"X6":"13","W7":"13","X7":"13","W6":"13"},"4Q":{"CJ":"13","FJ":"13"},"57":{"39":"13","38":"13","49":"13","48":"13"}},"6W":{"FR":{"PG":"13","F8":"13"}},"W2":{"9F":{"36":"13","35":"13"},"GQ":{"W8":"13","W9":"13","V8":"13","V9":"13"}},"6P":{"3G":{"84":"13"},"JR":{"4F":"13","3G":"13","4G":"13","3F":"13"},"8P":{"FX":"13"}},"QC":{"9F":{"J7":"13","M6":"13","J6":"13"},"FR":{"2G":"13","2H":"13"},"CQ":{"QR":"13","PQ":"13","PV":"13","QQ":"13","PR":"13","QV":"13"},"QM":{"69":"13","79":"13","6C":"13","68":"13"},"5J":{"VM":"13","VP":"13","WM":"13","WP":"13"},"6H":{"29":"13","28":"13"},"C9":{"26":"13","36":"13","37":"13","8G":"13","8H":"13","42":"13","4G":"13","52":"13","43":"13","53":"13","9H":"13","9G":"13","27":"13"},"7M":{"65":"13","66":"13"},"GC":{"7H":"13","7J":"13"},"GV":{"Q2":"13","R2":"13"},"5H":{"X9":"13","X8":"13"},"5X":{"GG":"13"},"4G":{"HF":"13","GG":"13","GF":"13","HC":"13","FC":"13","FG":"13","FF":"13","GC":"13"},"C8":{"9W":"13","9V":"13","8V":"13","4V":"13","8W":"13"},"98":{"62":"13","4W":"13","RH":"13","72":"13","86":"13","6X":"13","HR":"13","RP":"13","78":"13","QF":"13","RG":"13","JQ":"13","77":"13","QH":"13","3W":"13","68":"13","JR":"13","4V":"13","HQ":"13","67":"13"},"99":{"G6":"13","QJ":"13","62":"13","74":"13","MP":"13","75":"13","X7":"13","QM":"13","65":"13","PQ":"13","J6":"13","H6":"13","27":"13","JP":"13","MQ":"13","64":"13","H5":"13","JQ":"13","72":"13","RJ":"13","PM":"13","26":"13","PP":"13","RM":"13"},"CG":{"QJ":"13","RH":"13","QH":"13","RJ":"13","PH":"13"},"89":{"X6":"13","W7":"13","X7":"13","W6":"13"},"97":{"6X":"13","5J":"13","6M":"13","6H":"13","6J":"13","5H":"13","7X":"13"},"CR":{"XG":"13","XH":"13"}},"5X":{"54":{"GX":"13"},"4X":{"J7":"13","M7":"13"},"55":{"G2":"13"},"3M":{"PG":"13","PH":"13"}},"HJ":{"Q4":{"FV":"13","FR":"13","GR":"13","GV":"13"},"6Q":{"9X":"13","9W":"13","8X":"13","8W":"13"},"Q5":{"83":"13","73":"13","72":"13","82":"13"},"6R":{"5G":"13","5H":"13","3F":"13"},"JX":{"9V":"13","8V":"13","8W":"13"}},"7X":{"RQ":{"5C":"13"},"JJ":{"36":"13","35":"13"}},"HH":{"CP":{"JV":"13","JR":"13","HR":"13","HV":"13"}},"W7":{"HC":{"G9":"13","FC":"13","F8":"13","F9":"13","GC":"13"}},"FW":{"2J":{"RW":"13","VW":"13","RX":"13","VX":"13"},"MG":{"FH":"13","FG":"13"}},"6X":{"FX":{"9V":"13","9W":"13","5P":"13","8V":"13","8W":"13","4P":"13"}},"7W":{"FF":{"H9":"13"}},"Q2":{"H4":{"Q6":"13","P6":"13"},"7J":{"XM":"13","XJ":"13"},"8J":{"2J":"13","2M":"13"}},"VW":{"5C":{"23":"13","24":"13"},"4H":{"6Q":"13","7M":"13","5P":"13","6M":"13","7W":"13","7V":"13"},"4C":{"X4":"13","X3":"13"}},"QW":{"FH":{"3C":"13"}},"P9":{"V4":{"6X":"13","2P":"13","6W":"13","7W":"13","7X":"13"},"V5":{"G6":"13","62":"13","F7":"13","WH":"13","P3":"13","F6":"13","XH":"13","XJ":"13","WJ":"13","72":"13","G7":"13","CJ":"13","2R":"13","P2":"13"},"Q4":{"XQ":"13","WQ":"13","VP":"13","VQ":"13","WP":"13"},"V2":{"4X":"13","5X":"13","93":"13","C5":"13","P3":"13","P6":"13","M4":"13","J5":"13","QF":"13","J7":"13","M5":"13","M6":"13","WQ":"13","Q4":"13","VG":"13","M2":"13","83":"13","MC":"13","Q2":"13","C4":"13","VQ":"13","VR":"13","R2":"13","95":"13","82":"13","94":"13","P2":"13","J6":"13","WR":"13","PF":"13","P5":"13","3X":"13","P7":"13","RF":"13","R3":"13","P8":"13","P9":"13","M3":"13","XM":"13","P4":"13","M8":"13","XC":"13","Q3":"13","J4":"13","PC":"13","J8":"13","XP":"13","M9":"13","M7":"13","VF":"13","XF":"13","Q5":"13"},"R4":{"8M":"13","7M":"13","7P":"13","6M":"13","6P":"13","7J":"13","8P":"13"},"W2":{"GC":"13","HF":"13","XH":"13","XM":"13","XJ":"13","M4":"13","2C":"13","2M":"13","F4":"13","G4":"13","G3":"13","V4":"13","F3":"13","HC":"13","M3":"13","W4":"13","P3":"13","GF":"13","2P":"13"},"R5":{"G9":"13","H9":"13","HC":"13","H8":"13"},"V8":{"QX":"13","QW":"13"},"X6":{"GV":"13"},"W6":{"F7":"13","C6":"13","F6":"13","5H":"13","5G":"13","22":"13","23":"13","G7":"13"},"V3":{"X8":"13","VQ":"13","35":"13","3H":"13","83":"13","25":"13","94":"13","VR":"13","52":"13","42":"13","93":"13","32":"13","26":"13","2G":"13","84":"13"},"W4":{"8V":"13","V5":"13","W5":"13","35":"13","W6":"13","34":"13","45":"13","3F":"13","4C":"13","44":"13","3C":"13","7V":"13","V6":"13","4F":"13","5Q":"13"},"X2":{"GM":"13","GX":"13","HX":"13","77":"13","43":"13","FM":"13","FX":"13","FJ":"13","2C":"13","2M":"13","33":"13","29":"13","4Q":"13","CW":"13","28":"13","66":"13","WX":"13","42":"13","GW":"13","2J":"13","32":"13","FW":"13","3Q":"13","76":"13","67":"13","GJ":"13","CX":"13"},"W3":{"WV":"13","7G":"13","8H":"13","8G":"13","29":"13","47":"13","8F":"13","28":"13","7H":"13","48":"13","37":"13","7F":"13","38":"13"},"W7":{"H5":"13","H4":"13","G4":"13","G5":"13"},"R6":{"XM":"13","XJ":"13","WJ":"13","WM":"13"},"X4":{"3P":"13"},"V6":{"8X":"13","57":"13","P3":"13","M2":"13","M3":"13","2M":"13","3M":"13","8W":"13","47":"13","X2":"13","7W":"13","7X":"13","X3":"13"},"X3":{"G2":"13","62":"13","63":"13","RQ":"13","C3":"13","H2":"13","5Q":"13","VR":"13","C2":"13","WR":"13","6R":"13","53":"13","W2":"13","5R":"13","H3":"13","RR":"13","52":"13","WQ":"13","F2":"13","V2":"13","43":"13","G3":"13","55":"13","4M":"13","44":"13","F3":"13","54":"13","4R":"13","VQ":"13","64":"13","4Q":"13","6Q":"13"},"V9":{"Q2":"13"},"R3":{"QJ":"13","V7":"13","HJ":"13","XG":"13","84":"13","QH":"13","R7":"13","R6":"13","PH":"13","93":"13","GM":"13","9M":"13","79":"13","95":"13","V6":"13","GJ":"13","96":"13","HM":"13","94":"13"}},"MF":{"7M":{"6G":"13","57":"13","6C":"13","5G":"13","4G":"13","5F":"13","56":"13","5C":"13","6F":"13","4F":"13"},"6M":{"W5":"13"},"3H":{"HR":"13"}},"VF":{"V4":{"93":"13","94":"13"},"H3":{"23":"13"},"V2":{"67":"13","68":"13"},"Q8":{"FH":"13","FG":"13","CH":"13","CG":"13"},"M7":{"JF":"13"},"W5":{"MM":"13","52":"13","JM":"13"},"M2":{"65":"13","66":"13"},"P8":{"WQ":"13","VP":"13","VQ":"13","WP":"13"},"X6":{"5J":"13","QP":"13"},"VC":{"99":"13","89":"13","9C":"13","8C":"13"},"V3":{"MM":"13","JJ":"13","MJ":"13","JM":"13"},"W4":{"5C":"13"},"M6":{"7V":"13","7R":"13","GW":"13","HV":"13","GV":"13"},"G2":{"9X":"13","QQ":"13","CV":"13","CW":"13","RV":"13","QR":"13","9W":"13","CX":"13"},"V7":{"G9":"13","H9":"13","GC":"13"},"X5":{"GP":"13","HP":"13"},"Q5":{"6X":"13"},"P7":{"5Q":"13","5R":"13","4Q":"13","4R":"13"},"V9":{"GG":"13","FH":"13","FG":"13","GH":"13"}},"V7":{"C4":{"6Q":"13","6P":"13"}},"V9":{"GP":{"8X":"13","7X":"13"},"HX":{"MX":"13","QR":"13","QV":"13"},"GQ":{"72":"13","82":"13"}},"W3":{"65":{"5R":"13","4R":"13","5V":"13","4V":"13"},"66":{"JP":"13","HQ":"13","HP":"13","MQ":"13","JQ":"13"},"57":{"M9":"13","P9":"13","P8":"13"},"M3":{"HW":"3","JW":"3","HX":"3","JX":"3"}},"5V":{"3J":{"FR":"13","FQ":"13","GQ":"13","95":"13","GR":"13","C5":"13","C4":"13"},"3G":{"8M":"13","7M":"13","9J":"13","8J":"13"},"2P":{"F2":"13"},"2J":{"74":"13","FM":"13","FJ":"13","35":"13","6H":"13","46":"13","59":"13","F2":"13","G2":"13","36":"13","6J":"13","26":"13"},"2G":{"FQ":"13","CP":"13","CQ":"13","FP":"13"},"2H":{"WG":"13","2H":"13","3V":"13","2V":"13","2W":"13","VF":"13","3W":"13","4V":"13","9R":"13","VG":"13","97":"13","4W":"13","C7":"13","CR":"13","2G":"13","4X":"13","WF":"13"},"3H":{"3V":"13","2W":"13","QM":"13","2V":"13","3W":"13"},"2M":{"49":"13","66":"13","9J":"13","4C":"13","8J":"13"}},"2W":{"5R":{"PF":"13"},"9R":{"9M":"13"},"RP":{"4G":"13"},"XW":{"8P":"13"},"RM":{"5J":"13","6W":"13","7W":"13"}},"4V":{"WG":{"WH":"13","3W":"13"},"XM":{"WH":"13","65":"13","H8":"13","66":"13","92":"13"},"XQ":{"G3":"13","F3":"13","G4":"13","V5":"13"},"WH":{"89":"13","9C":"13","MQ":"13","FX":"13","CX":"13","8C":"13"},"XP":{"CP":"13","CM":"13","FM":"13","FP":"13"},"WM":{"VG":"13","JH":"13","WG":"13","QP":"13","MH":"13","QQ":"13","JG":"13","VH":"13","MG":"13"},"XH":{"62":"13","74":"13","3V":"13","W5":"13","3R":"13","P8":"13","2V":"13","65":"13","3X":"13","W6":"13","73":"13","3P":"13","53":"13","64":"13","52":"13","42":"13","63":"13","3Q":"13","2R":"13","4X":"13","54":"13"},"XJ":{"34":"13","9P":"13","VM":"13","33":"13","88":"13","42":"13","HM":"13","RM":"13","53":"13","VP":"13","5R":"13","RJ":"13","RP":"13","VJ":"13","24":"13","99":"13","JM":"13","9X":"13","43":"13","89":"13","44":"13","HH":"13","32":"13","98":"13","54":"13","VQ":"13","4R":"13","QJ":"13","64":"13","23":"13","HJ":"13","JH":"13","JJ":"13"},"XG":{"4X":"13"},"WJ":{"XG":"13","PG":"13","XF":"13","Q6":"13","4R":"13","P6":"13","G7":"13","MH":"13","3R":"13","MG":"13","4V":"13","G6":"13"},"VJ":{"G2":"13"},"VH":{"WH":"13"},"WF":{"8H":"13","9H":"13","HR":"13"}},"WM":{"38":{"28":"13"}},"X8":{"H2":{"29":"13","28":"13"},"G2":{"Q8":"13","Q9":"13"},"Q9":{"8M":"13","7M":"13"},"QC":{"6F":"13"}},"9P":{"XC":{"XH":"13"}}}}