{"index":{"university,1|retail,2|tourism,3|wreck,4|historical,5|artsCulture,6|namedBuilding,7|water,8|wetland,9|park,10|beach,11|natureReserve,12|cemetery,13|trail,14":{}},"7M":{"J6":{"7V":{"C5":"13"}},"RQ":{"MH":{"M3":"13","J3":"13","F2":"13","G2":"13","G3":"13","J2":"13","9G":"13","F3":"13"},"RQ":{"7X":"13","C4":"13"},"FQ":{"9F":"13","CC":"13","CF":"13"},"QP":{"83":"13","84":"13","82":"13","93":"13"},"GH":{"FR":"13","CQ":"13","CR":"13"},"PR":{"H7":"13"},"MG":{"4M":"13"},"RM":{"5X":"13"},"PQ":{"72":"13","82":"13"},"MM":{"QX":"13","RX":"13","VX":"13"},"CF":{"28":"13"},"2H":{"R5":"13","V7":"13","W7":"13","R6":"13","R7":"13","Q6":"13","Q5":"13","V6":"13"},"RP":{"62":"13"},"QQ":{"4J":"13","5J":"13","5M":"13","6J":"13"},"JF":{"5C":"13","4F":"13","4C":"13","5F":"13"},"2M":{"4M":"13"},"QM":{"PH":"13","9X":"13","8X":"13"},"PG":{"W5":"13"},"8G":{"G9":"13","CC":"13","FC":"13","F8":"13","C9":"13","C8":"13","F9":"13","GC":"13"},"RR":{"72":"13","82":"13"},"PM":{"HH":"13","FH":"13","FG":"13","HG":"13","FJ":"13","FM":"13","JG":"13","CG":"13"},"CG":{"MF":"13","QG":"13","PG":"13","QH":"13","PH":"13","PF":"13","MG":"13"},"MP":{"FV":"13","W2":"13","V2":"13","CV":"13"},"XX":{"6H":"13","6G":"13","5F":"13"},"9F":{"W7":"13","W8":"13","X8":"13"},"FJ":{"F5":"13","H8":"13","G8":"13","G7":"13","G5":"13","H7":"13","F6":"13","G6":"13"},"JP":{"GP":"13","HP":"13"},"CM":{"VQ":"13","WP":"13"},"PF":{"MX":"13","JX":"13"},"HJ":{"W8":"13","X8":"13"},"MF":{"FR":"13","FQ":"13","WQ":"13"},"JJ":{"9F":"13","9H":"13","9G":"13","CF":"13","27":"13"}},"4X":{"34":{"36":"13","37":"13","2J":"13","46":"13","X8":"13"},"J3":{"22":"13"},"84":{"RH":"13","RG":"13","X9":"13"},"HW":{"FV":"13","FR":"13","CV":"13","CR":"13"},"32":{"72":"13"},"H2":{"38":"13"},"25":{"FQ":"13"},"23":{"8M":"13","HX":"13","93":"13","C3":"13","8J":"13"},"72":{"QM":"13","PM":"13"},"24":{"R3":"13","V2":"13","XJ":"13","V6":"13"},"G2":{"CP":"13","CQ":"13"},"C3":{"FV":"13","FR":"13","QR":"13"},"62":{"XW":"13"},"33":{"9V":"13"},"22":{"H5":"13","VG":"13","PM":"13","3G":"13","4G":"13"},"C4":{"63":"13","54":"13","64":"13","53":"13"}},"M8":{"PV":{"9M":"13"}},"MJ":{"PP":{"J6":"13","J5":"13"}},"PG":{"4P":{"4M":"13"},"HJ":{"W6":"13"},"P8":{"63":"13"},"FJ":{"3H":"13"},"2C":{"M6":"13","M7":"13"},"CM":{"F2":"13","84":"13"},"3X":{"6X":"13"},"VX":{"HJ":"13"},"JH":{"GX":"13"},"PX":{"72":"13","92":"13"},"Q9":{"6W":"13"},"P7":{"6X":"13"}},"FX":{"X6":{"5Q":"13","5R":"13"},"85":{"3G":"13"},"HP":{"6R":"13"},"PM":{"VW":"13","VX":"13"},"VR":{"X6":"13","W4":"13","W5":"13","V4":"13","X5":"13","MG":"13","W6":"13","V5":"13"},"WR":{"JP":"13","49":"13"},"46":{"R7":"13","R6":"13"},"47":{"7R":"13"},"45":{"FF":"13","5W":"13","GC":"13","FC":"13","3F":"13","6W":"13","7W":"13","4M":"13","6V":"13","7V":"13","GF":"13"},"JQ":{"64":"13"},"35":{"HF":"13"},"P3":{"HW":"13","GW":"13","HV":"13"},"5V":{"JV":"13","HW":"13","JW":"13","HV":"13"}},"PV":{"5R":{"MF":"13","JF":"13"},"6P":{"78":"13","58":"13","6C":"13","68":"13","59":"13","69":"13","79":"13","7C":"13"},"8X":{"W4":"13","V3":"13","V4":"13","W3":"13","X4":"13"},"68":{"RP":"13","VP":"13"}},"7P":{"X9":{"VQ":"13"}},"72":{"H5":{"HH":"13","GH":"13","GJ":"13"},"Q8":{"P5":"13","Q6":"13","M6":"13","R6":"13","P6":"13"},"VC":{"23":"13"},"V9":{"4W":"13","5W":"13","4V":"13"},"RC":{"X4":"13","X3":"13"}},"C3":{"9M":{"M6":"13","V6":"13"}},"J2":{"C4":{"F2":"13"}},"JF":{"4W":{"VV":"13","3X":"13","2X":"13","CH":"13"},"XF":{"9H":"13"},"RH":{"76":"13","49":"13"},"HF":{"XJ":"13"},"8R":{"34":"13","24":"13"},"78":{"PH":"13","FF":"13"},"JF":{"JX":"13"},"F9":{"6W":"13","7W":"13"},"HG":{"H4":"13"},"VG":{"4P":"13","2P":"13","H4":"13","3P":"13","H5":"13","J4":"13","J5":"13"},"H7":{"H7":"13"},"HX":{"HM":"13"},"JG":{"G8":"13"},"C7":{"5R":"13","6R":"13"},"HC":{"WR":"13","6G":"13","GJ":"13"},"JC":{"24":"13","74":"13","95":"13"},"98":{"QG":"13","M5":"13","RG":"13"},"J2":{"52":"13"},"4X":{"38":"13","37":"13"},"9R":{"86":"13","85":"13"}},"GP":{"VR":{"4J":"13"},"3F":{"HF":"13","C6":"13","JF":"13"}},"VX":{"RP":{"92":"13"}},"CX":{"Q4":{"5M":"13","6M":"13"},"W4":{"3F":"13","CR":"13"},"Q2":{"C5":"13","43":"13","F4":"13","MF":"13","94":"13","53":"13","JF":"13","F5":"13","95":"13","C4":"13"},"V4":{"RV":"13","RW":"13","VV":"13","RR":"13","VR":"13","VW":"13"},"3P":{"4X":"13","4W":"13"},"R6":{"P3":"13"}},"VP":{"63":{"HW":"13","JW":"13","JX":"13"},"73":{"3X":"13"},"HP":{"8R":"13"},"FW":{"P4":"13","M4":"13","M3":"13","P3":"13"}},"PR":{"6Q":{"GG":"13","GF":"13"}},"V5":{"MF":{"QM":"13","PM":"13"}},"8P":{"7Q":{"J8":"13"},"4J":{"X8":"13"},"WV":{"W4":"13","X5":"13"},"HW":{"RH":"13","X6":"13","W7":"13","X7":"13","W6":"13"},"PM":{"FM":"13","7W":"13","8W":"13"},"5J":{"2C":"13"},"XX":{"HJ":"13","CH":"13"},"JW":{"6M":"13","6P":"13","48":"13"},"6M":{"65":"13"},"6H":{"9X":"13"},"QP":{"VV":"13","VR":"13"},"PP":{"74":"13","V2":"13"},"PQ":{"V5":"13"},"3H":{"F6":"13","G6":"13"},"RP":{"5Q":"13","5G":"13"},"VP":{"7M":"13"},"XW":{"CC":"13","MQ":"13","G6":"13"}},"CP":{"2F":{"4M":"13","4P":"13"}},"J8":{"Q5":{"HG":"13"},"R5":{"5Q":"13","2F":"13","5P":"13","2G":"13"},"R6":{"M5":"13","M4":"13"}},"MX":{"HC":{"29":"13","2C":"13","28":"13"},"GC":{"X9":"13","XC":"13","X8":"13"}},"PM":{"RW":{"CW":"13","FW":"13"},"8M":{"JQ":"13","JR":"13"},"RX":{"63":"5","73":"5","72":"5","62":"5"}},"8X":{"V4":{"GP":"13","GM":"13","FM":"13"}},"JW":{"G9":{"7M":"13","6M":"13","5M":"13","9M":"13","8J":"13","5P":"13","7P":"13","6P":"13","9J":"13","9P":"13","8M":"13","7J":"13","6Q":"13","7Q":"13","8P":"13"},"FC":{"C5":"13","F4":"13","VC":"13","G3":"13","C4":"13","G4":"13","WC":"13","F3":"13","V9":"13"},"GC":{"76":"13","66":"13","77":"13","67":"13"}},"XC":{"6V":{"XP":"13","VP":"13","WM":"13","WP":"13"}},"3J":{"MP":{"9W":"13","9V":"13","8V":"13"}},"PW":{"CC":{"MV":"13","PV":"13","MR":"13","JR":"13","PW":"13"},"FC":{"FW":"13","FX":"13","GW":"13"},"CH":{"9Q":"13","8Q":"13","9R":"13","9V":"13","8V":"13","7V":"13","7R":"13","8R":"13"},"FJ":{"39":"13","2C":"13","29":"13","25":"13","28":"13","27":"13","37":"13","3C":"13","2F":"13","36":"13","38":"13","26":"13"},"9G":{"RH":"13"}},"QX":{"38":{"57":"13"},"37":{"W5":"13","V6":"13","W6":"13","V5":"13"},"FG":{"FR":"13"},"66":{"92":"13","8R":"13","C2":"13","9R":"13","9Q":"13","9P":"13","CR":"13","8Q":"13","8P":"13"},"47":{"4F":"13","3G":"13","4G":"13","3F":"13","5F":"13"},"45":{"J3":"13","H4":"13","H2":"13","H3":"13","J2":"13","J4":"13","52":"5","62":"5"}},"G7":{"V3":{"2X":"13"}},"PX":{"R3":{"9F":"13","CC":"13","9C":"13","MG":"13"},"Q5":{"MP":"13","MQ":"13"},"Q6":{"F3":"13","C2":"13","92":"13","F4":"13","C3":"13","C4":"13"}},"QG":{"66":{"2F":"13"},"4M":{"JF":"13","JG":"13","5F":"13","7C":"13"}},"5W":{"5X":{"FF":"13"},"8X":{"63":"13","73":"13","74":"13","64":"13"},"7X":{"7F":"13","8G":"13","8F":"13"},"W6":{"RX":"13"}},"F6":{"XQ":{"8H":"13"},"8Q":{"4J":"13","3V":"13","2V":"13"},"9X":{"5H":"13"}},"PC":{"37":{"P4":"13","M4":"13"},"F8":{"5J":"13","6J":"13"},"R4":{"QR":"5","7V":"13"},"9J":{"7H":"13","86":"13","97":"13","8G":"13","87":"13","96":"13"},"H7":{"QV":"13"},"9H":{"XX":"13"},"CX":{"3Q":"13"}},"JJ":{"M5":{"3G":"13","2G":"13","2H":"13","3H":"13"},"W2":{"MJ":"13"},"GW":{"F2":"13","G2":"13"},"GV":{"GX":"13","QX":"13","PX":"13"}},"7Q":{"RG":{"PH":"13"},"WH":{"6Q":"13"},"R9":{"2J":"13"}},"QP":{"M4":{"83":"5","82":"5","93":"5","92":"5"}},"JQ":{"PF":{"G7":"13","H7":"13","H6":"13","G6":"13"}},"MR":{"3M":{"M5":"13","M6":"13"}},"WC":{"FC":{"G2":"13"},"F9":{"GX":"13"}},"3X":{"V5":{"Q4":"13"},"R4":{"FC":"13","F9":"13"},"V3":{"HR":"13"},"W4":{"F5":"13","V8":"13"},"W3":{"7M":"13","7P":"13"},"RP":{"GW":"13","GV":"13"},"X5":{"46":"13","47":"13","57":"13","56":"13"},"RJ":{"36":"13"},"X3":{"83":"13","73":"13","XC":"13"},"FH":{"RV":"13","QR":"13","RR":"13","RQ":"13","QQ":"13","QV":"13"}},"R4":{"JG":{"F8":"13","C8":"13"}},"GX":{"39":{"76":"13"},"4Q":{"8W":"13"},"4R":{"QW":"13"},"8V":{"F8":"13"},"CV":{"8G":"13","9G":"13"},"5V":{"44":"13"},"4P":{"5Q":"13","5W":"13"}},"W8":{"R8":{"6F":"13"},"4V":{"M2":"13","M3":"13","P3":"13","P2":"13"}},"VR":{"43":{"J7":"13","J8":"13","X4":"13","J6":"13"},"77":{"9Q":"13","9R":"13","9V":"13"},"65":{"MP":"13"},"83":{"83":"13","73":"13","72":"13","82":"13"},"53":{"34":"13","VV":"13","5C":"13","58":"13","44":"13","QR":"13","8H":"13","FG":"13","59":"13","49":"13","45":"13","9J":"13","4C":"13","35":"13","CG":"13","9H":"13","5F":"13","8J":"13","QV":"13"},"38":{"JM":"13","HM":"13"},"55":{"H3":"13","WC":"13"},"54":{"43":"13","57":"13","CM":"13","33":"13","59":"13","CP":"13","44":"13","GR":"13","GQ":"13","9Q":"13","HV":"13","5C":"13","23":"13","JV":"13","9P":"13","67":"13"}},"RG":{"FM":{"VX":"13"},"FP":{"V2":"13"}},"8Q":{"RV":{"63":"13","62":"13"},"G3":{"RH":"13"},"J3":{"FX":"13","CX":"13"},"G4":{"VM":"13"},"J4":{"F2":"13","C2":"13"},"C4":{"WH":"13","VH":"13"}},"Q3":{"FV":{"RF":"13","4G":"13"},"FR":{"8M":"13","7Q":"13","7M":"13","7P":"13","8Q":"13","8P":"13"},"9V":{"X7":"13"},"CV":{"4F":"13","Q6":"13","99":"13","C9":"13","3F":"13"},"CR":{"HJ":"13","GM":"13","GJ":"13","HM":"13"}},"J4":{"34":{"MP":"13"}},"MG":{"F7":{"HW":"13","GW":"13"},"P9":{"8M":"13","X6":"13","W4":"13","QF":"13","HJ":"13","W5":"13","X5":"13","W3":"13","X4":"13","9X":"13","X3":"13","JJ":"13","GM":"13","Q7":"5","JM":"13","CQ":"13","GJ":"13","CX":"13","3R":"13","HM":"13","8X":"13","7X":"13","CR":"13"},"J5":{"83":"13","82":"13","X8":"13"},"G9":{"WJ":"13","WM":"13"},"HF":{"5Q":"13","4H":"13"},"H4":{"MX":"13"},"M4":{"34":"13","8G":"13","3J":"13","9G":"13","33":"13"},"MC":{"WH":"13","X5":"13","XH":"13","XJ":"13"},"V9":{"HW":"13","JH":"13","CH":"13","GW":"13"},"6P":{"MX":"13","JX":"13","PX":"13"},"R7":{"C6":"13"},"MW":{"98":"13","69":"13","4F":"13"},"J4":{"4G":"13","46":"13","4H":"13","X9":"13","W8":"13","W9":"13","X8":"13"},"VF":{"MM":"13","PM":"13"},"PG":{"J2":"13"},"H5":{"J4":"13","J5":"13"},"MJ":{"X2":"13"},"Q8":{"MX":"13","VV":"13","WV":"13","JH":"13","VW":"13","MH":"13","WW":"13","JG":"13","MW":"13"},"R9":{"78":"13","CM":"13","FV":"13","7P":"13","49":"13","5C":"13","CG":"13","6F":"13","69":"13","79":"13","7Q":"13"},"JQ":{"45":"13","35":"13"},"J3":{"QM":"13","M8":"13","P4":"13"},"H9":{"FJ":"13"},"VC":{"63":"13","73":"13","74":"13","P6":"13","64":"13","J4":"13"},"P8":{"HJ":"13","HQ":"13","HP":"13","H8":"13","JJ":"13","M7":"13","F9":"13"},"V7":{"JC":"13"},"JW":{"Q9":"13","QC":"13"},"CG":{"HF":"13"},"PC":{"G2":"13","63":"13","83":"13","74":"13","72":"13","7F":"13","8F":"13","C2":"13","92":"13","3R":"13","R7":"13","8C":"13","7C":"13","79":"13","2F":"13","94":"13","93":"13","89":"13","82":"13","HH":"13","3C":"13","3F":"13","RC":"13","3G":"13","JH":"13","JJ":"13","3P":"13","2P":"13"},"Q9":{"HH":"13","77":"13","MG":"13","3R":"13","RG":"13","PG":"13","33":"13","34":"13","CW":"13","44":"13","23":"13","24":"13","55":"13"},"JG":{"88":"13","98":"13","JF":"13"},"QC":{"GP":"13","35":"13","3H":"13","34":"13","8F":"13","M6":"13","44":"13","GQ":"13","X4":"13","3G":"13","VG":"13","24":"13","X3":"13","3J":"13","2R":"13"},"M9":{"X9":"13","XC":"13"},"8P":{"X4":"13"},"PX":{"GR":"13"},"RC":{"R8":"13","25":"13","23":"13","24":"13","49":"13","R9":"13","Q9":"13"},"GF":{"G3":"13","H4":"13","H3":"13","6G":"13","F7":"13","C7":"13"},"PF":{"FJ":"13","GJ":"13","QC":"13"}},"4W":{"GM":{"JW":"13"},"GP":{"C2":"13"},"FJ":{"G9":"13","H9":"13","JC":"13","HC":"13","J9":"13","22":"3","GC":"13"},"3X":{"7X":"13"},"XX":{"68":"13","78":"13"},"92":{"3H":"13","GW":"13"},"3W":{"RH":"13","9H":"13","9G":"13"},"FP":{"XG":"13"},"4V":{"GM":"13"},"6W":{"86":"13","85":"13","96":"13"},"WX":{"H3":"13"},"5R":{"MF":"13","HH":"13","HG":"13"},"82":{"FH":"13"},"93":{"39":"13","8J":"13"},"4W":{"QJ":"13","PJ":"13","6V":"13","6W":"13","QP":"13","GM":"13","HM":"13","8X":"13"},"5V":{"7F":"13","6M":"13"},"4X":{"HX":"13"},"RW":{"JR":"13"},"54":{"P2":"13"}},"R9":{"WW":{"3G":"2"},"CV":{"HX":"13","JX":"13"},"CH":{"X5":"13"},"Q7":{"XG":"13","XH":"13","WJ":"13","WM":"13"},"R7":{"2G":"13"},"6V":{"HW":"13","JV":"13","JW":"13","HV":"13"},"JW":{"Q8":"13","P8":"13"},"C7":{"RH":"13","QH":"13"},"FH":{"42":"13","43":"13"}},"R8":{"JR":{"V9":"13"},"HV":{"F6":"13"}},"8V":{"MH":{"RH":"13","QF":"13","HQ":"13","RJ":"13","9W":"13","9V":"13","H3":"13","MH":"13"},"9M":{"Q4":"13","79":"13","6C":"13","7C":"13"},"M8":{"CH":"13","MP":"13","MQ":"13"},"G9":{"78":"13"},"GH":{"RW":"13","VW":"13","PW":"13"},"GG":{"2H":"13"},"Q7":{"WH":"13","3M":"13","WJ":"13"},"HF":{"98":"13","7M":"13","VG":"13","4F":"13","99":"13","2J":"13","2H":"13"},"8F":{"CW":"13","84":"13","CX":"13"},"CH":{"C6":"13","VC":"13","96":"13"},"HM":{"P5":"13"},"MG":{"CW":"13","6H":"13","6G":"13","PV":"13","CQ":"13","CX":"13"},"9H":{"9J":"13"},"MC":{"RH":"13","CP":"13"},"7H":{"F3":"13","94":"13","HV":"13"},"9G":{"RW":"13","GG":"13","QW":"13","WP":"13","J9":"13"},"JF":{"37":"13","47":"13","48":"13"},"GJ":{"Q5":"13","J4":"13","M4":"13","J5":"13"},"QG":{"42":"13","MQ":"13"},"QF":{"9R":"13"},"H8":{"HX":"13","RP":"13"},"PG":{"V7":"13","HW":"13","9W":"13","MQ":"13","GW":"13","V8":"13"},"8G":{"9P":"13","VX":"13"},"HG":{"2C":"13","XX":"13","4R":"13"},"MJ":{"23":"13"},"G8":{"QX":"13","RX":"13"},"FH":{"HF":"13","JX":"13"},"H9":{"6X":"13","5X":"13"},"J8":{"PQ":"13","QQ":"13"},"FM":{"XG":"13","F4":"13","C3":"13","C4":"13"},"P8":{"P3":"13"},"CG":{"QG":"13","39":"13","W8":"13"},"FG":{"99":"13","8H":"13","89":"13","9C":"13","JQ":"13","9H":"13","8C":"13","5V":"13"},"PC":{"4F":"13","P7":"13","3G":"13","4G":"13","P6":"13","3F":"13"},"JV":{"GW":"13","GV":"13"},"Q9":{"XP":"13","CW":"13","XM":"13","JQ":"13","JR":"13","WM":"13","WP":"13","HR":"13"},"JG":{"54":"13","44":"13","3P":"13","59":"13","WQ":"13","WP":"13"},"HH":{"8V":"13","GC":"13","8W":"13","4Q":"13","3P":"13","HC":"13","9G":"13","9H":"13","3Q":"13","P7":"13"},"HC":{"87":"13","77":"13"},"QC":{"63":"13","58":"13","JF":"13","5W":"13","6J":"13","62":"13","48":"13","5V":"13"},"CJ":{"8X":"13","8W":"13","M9":"13","MC":"13","MQ":"13","7W":"13","7X":"13","JQ":"13","6X":"13"},"JC":{"H3":"13"},"FJ":{"PG":"13","JJ":"13","MJ":"13","4V":"13"},"GM":{"2G":"13"},"8H":{"Q4":"13","J3":"13","Q5":"13","H4":"13","72":"13","H3":"13","J4":"13"},"FF":{"6P":"13"},"RC":{"56":"13"},"CM":{"MV":"13","VM":"13","52":"13","WJ":"13"},"GF":{"5X":"13","QC":"13"},"P7":{"9W":"13"},"PF":{"X4":"13"},"6G":{"QR":"13"},"JH":{"7F":"13","G9":"13","F8":"13","G8":"13","F9":"13"},"JJ":{"C6":"13","69":"13","Q6":"13","P7":"13","59":"13","P6":"13","6H":"13","6J":"13","Q7":"13"}},"PJ":{"R4":{"J8":"13","H9":"13","H8":"13","J9":"13"}},"QR":{"68":{"39":"13"}},"92":{"MV":{"CR":"13"},"HJ":{"5C":"13","5G":"13","5F":"13"},"65":{"R2":"13"},"WR":{"82":"13"},"64":{"MM":"13","PW":"13","MW":"13"}},"HQ":{"5R":{"4W":"13"},"93":{"69":"13","58":"13","59":"13","67":"13","68":"13"}},"7V":{"XP":{"CC":"3","FC":"3","F8":"3","C9":"3","C8":"3","F9":"3"},"7Q":{"6Q":"13"},"8Q":{"9C":"13"}},"RF":{"28":{"G3":"13"},"27":{"2R":"13","8W":"13"}},"FV":{"G3":{"FV":"13","JW":"13","GV":"13"},"H5":{"8G":"13"},"G4":{"9G":"13"}},"MV":{"XV":{"4Q":"13","5M":"13","5P":"13","4P":"13"},"CW":{"WV":"13","XX":"13","VW":"13","WX":"13","WW":"13","XW":"13","VX":"13"},"WR":{"82":"13","C4":"13"},"FW":{"H8":"13","G8":"13","G7":"13","H7":"13"},"WQ":{"6V":"13","6W":"13","3M":"13","8W":"13"},"VP":{"C5":"13"},"CX":{"W2":"13","X2":"13","V2":"13"}},"R2":{"RW":{"R3":"13","Q4":"13","MX":"13","V3":"13","Q5":"13","V4":"13","R5":"13","JW":"13","R4":"13","JX":"13","V5":"13","MW":"13"},"VW":{"H9":"13","JC":"13","77":"13","67":"13","J9":"13"},"VX":{"84":"13","85":"13","6V":"13","6R":"13","95":"13","94":"13"}},"JV":{"J7":{"CJ":"13","CH":"13","9J":"13","9H":"13"},"99":{"QX":"13","PX":"13"},"79":{"6X":"13","7X":"13"},"6C":{"W7":"13"},"7C":{"M5":"13","H4":"13","G4":"13","72":"13","H3":"13","J4":"13","M4":"13","62":"13","J5":"13"}},"C6":{"Q3":{"GW":"13"}},"JG":{"63":{"8G":"13"},"HJ":{"JP":"13","PH":"13"},"98":{"7M":"13","6M":"13"},"J3":{"H5":"13","C6":"13"},"GP":{"9J":"13"},"HP":{"9R":"13"},"P9":{"34":"13","44":"13","45":"13","35":"13","G6":"13"},"J6":{"W2":"13"},"J5":{"WX":"13","VX":"13"},"22":{"MG":"13"}},"8R":{"P5":{"W8":"13","W9":"13"},"W5":{"P9":"13","M8":"13","Q7":"13","M7":"13","MC":"13","P6":"13","Q8":"13","R9":"13","M6":"13","M5":"13","J9":"13","J8":"13","P8":"13","PC":"13","Q9":"13","QC":"13","JC":"13","M9":"13","J7":"13","J6":"13","P7":"13","R8":"13"},"Q5":{"J8":"13","P7":"13","M8":"13","P8":"13","M7":"13"},"R5":{"5C":"13","69":"13","59":"13","6C":"13"},"R4":{"6M":"13","6J":"13"}},"9V":{"G8":{"7F":"13","PM":"13","CH":"13"},"86":{"6G":"13","FX":"13","GC":"13","HR":"13","5G":"13","2J":"13","GF":"13","9G":"13","PW":"13","9H":"13","FW":"13","PX":"13","2R":"13"},"66":{"V2":"13"},"C6":{"RR":"13","9V":"13"},"84":{"XF":"13","WF":"13"},"H7":{"QJ":"13","PJ":"13","HH":"13","53":"13","9G":"13"},"G6":{"QX":"13","JF":"13","CP":"13","RX":"13","CQ":"13"},"C5":{"6X":"13"},"H9":{"VF":"13"},"68":{"4X":"13","4W":"13","JM":"13"},"73":{"GG":"13","8H":"13","9X":"13","6R":"13","8X":"13"},"H6":{"5V":"13"},"FC":{"F2":"13","F3":"13","4F":"13","WF":"13","3F":"13","WC":"13"},"65":{"84":"13","85":"13","65":"13","5G":"13","P6":"13","66":"13","V6":"13","3R":"13"},"67":{"X6":"13","M5":"13","V4":"13","PG":"13","WC":"13","M4":"13","PF":"13","9G":"13"},"9C":{"5J":"13","6M":"13","6H":"13","6J":"13"},"85":{"JH":"13","4C":"13"},"33":{"GM":"13"},"95":{"99":"13","G2":"13","C9":"13","RC":"13"},"94":{"59":"13","4H":"13"},"72":{"QR":"13","QQ":"13"},"GC":{"CM":"13"},"96":{"3G":"13","3H":"13","96":"13","9G":"13"},"76":{"84":"13","4F":"13","8Q":"13","PP":"13","QP":"13","PX":"13","PW":"13","QC":"13"},"C9":{"JM":"13"},"77":{"F5":"13","M6":"13","74":"13","46":"13","P6":"13","R4":"13","47":"13","G5":"13","96":"13"},"57":{"R3":"13","Q3":"13","87":"13","PW":"13"},"23":{"3V":"13","9C":"13","3R":"13"},"58":{"93":"13","C3":"13"},"46":{"MM":"13","QP":"13","9C":"13","QQ":"13"},"64":{"V4":"13","V5":"13","8G":"13","WH":"13","RC":"13","5R":"13","6R":"13","HV":"13","JV":"13","VH":"13","GJ":"13","6Q":"13","5Q":"13"},"63":{"XP":"13","H9":"13","HC":"13","2X":"13","XM":"13","X9":"13","3H":"13","V6":"13","6C":"13"},"F6":{"RJ":"13","2V":"13"},"F8":{"4X":"13","4W":"13"},"G7":{"28":"13"},"F9":{"QG":"13"},"C7":{"9Q":"13","PV":"13","CQ":"13","QV":"13"},"54":{"X6":"13","W7":"13","JX":"13","W8":"13","RM":"13","W6":"13"},"J8":{"6X":"13","5X":"13"},"74":{"6X":"13","5X":"13","JJ":"13","2V":"13"},"C8":{"5J":"13","6M":"13","6P":"13","47":"13","96":"13"},"87":{"62":"13","8J":"13"},"59":{"GF":"13","CP":"13","FP":"13","GC":"13"},"44":{"HQ":"13"},"34":{"Q6":"13","P6":"13","X3":"13"},"8F":{"HF":"13","JF":"13"},"7F":{"H4":"13","GC":"13"},"CC":{"65":"13","66":"13"},"56":{"9Q":"13","Q4":"13","5R":"13","MM":"13","W2":"13","4R":"13","R4":"13","6P":"13","MP":"13","J9":"13","5V":"13","4V":"13"},"75":{"36":"13","GP":"13","87":"13","W8":"13","V8":"13","HR":"13"},"45":{"VW":"13","WW":"13"},"6F":{"VP":"13"},"99":{"Q3":"13"},"55":{"C6":"13","F4":"13","3H":"13","FV":"13","Q7":"13","7F":"13","3G":"13","6F":"13","3Q":"13","96":"13"}},"9Q":{"84":{"Q6":"13"},"JF":{"V6":"13"},"JC":{"PQ":"13","QW":"13","MR":"13","WQ":"13","PR":"13","HV":"13"},"M8":{"X3":"13"},"R9":{"2R":"13"},"M7":{"XF":"13"}},"W5":{"6V":{"6X":"13","5M":"13"},"6W":{"62":"13"},"7R":{"89":"13"},"8P":{"8J":"13"}},"QF":{"HJ":{"HX":"13"},"86":{"36":"13"},"FQ":{"4R":"13"},"JV":{"HC":"13","5G":"13"},"C2":{"RC":"13"},"P6":{"XV":"13","WV":"13","WW":"13"},"C9":{"CC":"13","9C":"13"},"GQ":{"PC":"13"},"WC":{"8G":"13","6P":"13","7G":"13"},"HR":{"FQ":"7","FG":"7"},"HM":{"H2":"13","M6":"13"},"HV":{"JF":"13","FC":"13","P4":"13","J4":"13","C9":"13","V5":"13"}},"HR":{"F7":{"R8":"13","Q8":"13"},"F6":{"JW":"13"},"V3":{"XR":"13"},"J6":{"W4":"13","W5":"13","V5":"13"},"95":{"66":"13"},"J5":{"6M":"13"}},"RX":{"79":{"HH":"13","GH":"13"}},"VC":{"GX":{"52":"13","62":"13"},"37":{"25":"13","35":"13"},"GW":{"6X":"13","5X":"13"},"27":{"Q5":"13","R5":"13"}},"Q4":{"8X":{"QV":"13"}},"42":{"G5":{"G7":"13"},"W5":{"F7":"13"},"X7":{"G5":"13","X7":"13","P8":"13","W7":"13","95":"13","C7":"13","86":"13","P7":"13"},"X6":{"QF":"13","RC":"13","QC":"13"},"W4":{"34":"13","44":"13","GP":"13","9W":"13","9V":"13","GM":"13","FM":"13","43":"13","J6":"13","FP":"13","33":"13"},"X4":{"2H":"13","8X":"13"},"X5":{"RR":"13","RQ":"13","RP":"13"},"G4":{"8W":"13"},"R3":{"9V":"13"}},"FM":{"HW":{"GM":"13"}},"RM":{"GX":{"59":"13"}},"F7":{"QR":{"V8":"13","V9":"13"}},"82":{"CJ":{"4C":"13","3F":"13"},"V3":{"JV":"13","HV":"13"},"38":{"FJ":"13","GM":"13","FM":"13","GJ":"13"},"H9":{"C4":"13"},"W7":{"69":"13","79":"13","68":"13","78":"13"},"V2":{"FQ":"13","GQ":"13"},"6M":{"Q5":"13","R5":"13","Q6":"13","R6":"13"},"CH":{"H9":"13","H8":"13"},"GH":{"FX":"13","CX":"13"},"GJ":{"F2":"13","C2":"13"}},"RH":{"5Q":{"P7":"13","Q7":"13"},"RG":{"35":"13"},"4R":{"R9":"13","RC":"13"}},"Q7":{"H2":{"MM":"13"},"P6":{"W3":"13"}},"V3":{"XM":{"V4":"13","RR":"13"}},"R6":{"RG":{"44":"13","45":"13","35":"13"},"8C":{"RX":"13"}},"P6":{"MX":{"WV":"13","WR":"13","XR":"13"},"W5":{"5H":"13"},"Q9":{"3G":"13","4G":"13"}},"XH":{"J3":{"X6":"13","X7":"13"},"M3":{"26":"13","36":"13","27":"13"}},"P8":{"67":{"83":"13","93":"13","F4":"13","C3":"13","C4":"13"}},"8W":{"PH":{"F8":"13","G8":"13","G7":"13"}},"9R":{"9Q":{"76":"13","46":"13","66":"13"},"34":{"M6":"13","5G":"13","4G":"13","J6":"13"},"25":{"83":"13"},"24":{"PJ":"13","MM":"13","PM":"13","MJ":"13"}},"JH":{"X8":{"X8":"13"},"V5":{"VM":"13","RP":"13","VP":"13"},"CV":{"CG":"13","CF":"13"},"W4":{"RG":"13","PM":"13"},"8R":{"PG":"13","9W":"13","QQ":"13","PF":"13"},"9R":{"8H":"13","58":"13","2P":"13","4H":"3","59":"13","8F":"13","5H":"3","5G":"3","4C":"13|3","8C":"13","49":"13|3","Q5":"13","69":"13","5V":"13","2R":"13"},"9Q":{"7M":"13","6R":"13"},"9V":{"92":"13"},"CR":{"39":"13","F9":"13"},"84":{"4M":"13"},"8Q":{"QJ":"13","FV":"13","FR":"13","QP":"13","RP":"13","VP":"13","VQ":"13","GV":"13"}},"CW":{"CW":{"F3":"13"},"RW":{"P8":"13"},"QX":{"34":"13","Q8":"13","4R":"13","HX":"13","JX":"13","3R":"13"},"RX":{"7H":"13","2J":"13","2H":"13","7J":"13","8J":"13"},"PX":{"CJ":"13","FQ":"13","CH":"13","GQ":"13"},"JG":{"JC":"13"},"PW":{"G3":"13","H3":"13"},"CX":{"65":"13","66":"13"}},"JR":{"5J":{"GX":"13","PQ":"13","GW":"13","PR":"13"},"2F":{"RC":"13"},"8Q":{"FH":"13","CH":"13","FJ":"13"},"WF":{"4R":"13","4V":"13"},"6M":{"97":"13","87":"13"},"35":{"Q6":"13","Q3":"13","P4":"13","M8":"13","J5":"13","Q4":"13","R6":"13","Q7":"13","P5":"13","M7":"13","Q2":"13","M4":"13","R7":"13","P6":"13","P2":"13","Q8":"13","M6":"13","M5":"13","J8":"13","R4":"13","Q5":"13","P8":"13","Q9":"13","M3":"13","R5":"13","J7":"13","J6":"13","P3":"13","P7":"13","R8":"13","R3":"13","R2":"13"}},"93":{"2P":{"7Q":"13","6R":"13","7R":"13"},"3M":{"HF":"13","97":"13","GG":"13","GF":"13","C7":"13"},"4M":{"4F":"13"},"2Q":{"3G":"13","49":"13","4H":"13","F9":"13"},"2M":{"F7":"13"}},"VG":{"5R":{"JC":"7","J9":"7"}},"J9":{"88":{"R3":"13","Q3":"13","Q2":"13","R2":"13"},"C8":{"58":"13","59":"13","G5":"13","F7":"13","G6":"13","7C":"13"}},"G8":{"FC":{"GX":"13","HX":"13"}},"CR":{"R9":{"J7":"13","H7":"13"}},"RC":{"V7":{"XP":"13","WP":"13"},"Q8":{"V7":"13","F7":"13","V8":"13"},"6V":{"5X":"5","8W":"13"},"R7":{"J3":"13","3G":"13","4G":"13","H3":"13"},"W7":{"2P":"13"},"R6":{"CX":"13"},"P8":{"XJ":"13"},"6W":{"54":"13","52":"5"},"X7":{"R6":"13"},"2M":{"C6":"13","F6":"13"},"Q9":{"F3":"13","C3":"13"}},"HP":{"5V":{"MV":"13","MW":"13"}},"52":{"58":{"Q6":"13"},"35":{"3P":"13"},"46":{"FQ":"13","CP":"13","CQ":"13","FP":"13","68":"13"},"34":{"23":"13","24":"13"},"47":{"5J":"13","46":"13","7M":"13","GV":"13","4Q":"13","6M":"13","5G":"13","5M":"13","45":"13","5P":"13","4G":"13","5F":"13","56":"13","HV":"13","GW":"13","JW":"13","JV":"13","3Q":"13","55":"13","HW":"13","4F":"13"},"25":{"85":"13","7W":"13","7V":"13","95":"13","7X":"13","94":"13"},"45":{"MV":"13","3X":"13"},"27":{"WG":"13","H7":"13","QH":"13","CF":"13","RG":"13","J7":"13","XH":"13","XG":"13","J6":"13","H6":"13","RH":"13","CC":"13"},"37":{"34":"13","Q3":"13","38":"13","QP":"13","GG":"13","HF":"13","7F":"13","Q2":"13","2H":"13","QQ":"13","28":"13","HG":"13","2F":"13","2G":"13","R4":"13","44":"13","29":"13","R5":"13","3F":"13","39":"13","3G":"13","GF":"13","R3":"13","R2":"13"},"C8":{"98":"3","97":"3","F7":"13"},"36":{"MG":"13","MJ":"13","VC":"13","HC":"13","QX":"13","PH":"13","MH":"13","JG":"13","JH":"13","8M":"13","WC":"13","RX":"13","HF":"13"},"24":{"X4":"13","X3":"13","P2":"13","HM":"13"},"26":{"G6":"13","GM":"13","GP":"13","F7":"13","HP":"13","F6":"13","JJ":"13","HM":"13","JH":"13","G7":"13"},"76":{"JH":"13","MH":"13"}},"6W":{"26":{"X9":"13","XC":"13"},"36":{"29":"13","2C":"13"}},"W2":{"PH":{"9R":"13"},"FW":{"MM":"13","MP":"13"},"FX":{"MC":"13"}},"PH":{"Q6":{"4J":"13","4M":"13"},"34":{"C7":"13"},"M8":{"68":"13"},"J5":{"HW":"13","GR":"13"},"FQ":{"H4":"13"},"Q4":{"6V":"13"},"72":{"5R":"13","4R":"13"},"Q7":{"54":"13","38":"13","74":"13","77":"13","43":"13"},"P5":{"RF":"13","Q9":"13"},"M7":{"JH":"13"},"P6":{"F3":"13","WH":"13","PQ":"13","C7":"13","VQ":"13","V9":"13"},"VV":{"P8":"13"},"M6":{"2X":"13"},"H6":{"W6":"13"},"Q5":{"2P":"13","4G":"13","5H":"13","7C":"13"},"32":{"62":"13"},"CJ":{"HH":"13","HG":"13"},"J7":{"MX":"13"},"J6":{"9Q":"13","FW":"13","56":"13"},"8P":{"6P":"13"},"P7":{"W4":"13","X4":"13","V5":"13"}},"QC":{"WV":{"G7":"13"},"JW":{"R8":"13","V8":"13"},"WR":{"MV":"13","MW":"13"},"JJ":{"VR":"13","WR":"13","WQ":"13","VQ":"13"},"2Q":{"W6":"13"}},"W4":{"47":{"7W":"13"}},"5X":{"WV":{"X2":"13","X3":"13"},"VQ":{"PV":"13","QW":"13","PW":"13","QV":"13"},"XM":{"Q2":"13","R2":"13"},"XQ":{"F4":"13","C3":"13","G3":"13","82":"13","F5":"13","72":"13","C4":"13","G4":"13","F3":"13"},"XX":{"4P":"13","3V":"13","3R":"13","2P":"13","2V":"13","2W":"13","3X":"13","4Q":"13","3W":"13","3P":"13","2X":"13","4R":"13","4W":"13","3Q":"13","2Q":"13","2R":"13"},"XP":{"8X":"13","7X":"13"},"7M":{"Q6":"13","M8":"13","R6":"13","X4":"13","Q7":"13","V8":"13","P5":"13","M7":"13","V5":"13","R7":"13","P6":"13","X5":"13","W5":"13","M6":"13","X6":"13","R4":"13","Q5":"13","P8":"13","V7":"13","V6":"13","R5":"13","W7":"13","J7":"13","W6":"13","W4":"13","J6":"13","P7":"13"},"XH":{"G6":"13","H3":"13","G5":"13","H2":"13","J3":"13","H4":"13","H6":"13","G3":"13","CC":"13","H5":"13","J2":"13","J4":"13","G4":"13"},"XJ":{"5Q":"13","6Q":"13","QX":"13","5P":"13","RX":"13","6P":"13"},"CP":{"RQ":"13","QP":"13","RP":"13","QQ":"13","VP":"13","VQ":"13"},"QV":{"XG":"13","XF":"13"},"VR":{"JH":"13","MH":"13","JG":"13"},"WX":{"XX":"13","XW":"13"},"GR":{"43":"13","P3":"13","M2":"13","M3":"13","65":"13","Q2":"13","53":"13","52":"13","64":"13","42":"13","63":"13","Q3":"13","R3":"13","54":"13","P2":"13"},"GQ":{"4X":"13","5X":"13"},"XR":{"2X":"13"},"VX":{"C5":"13","74":"13","75":"13","94":"13","85":"13","95":"13","C4":"13","86":"13","76":"13","84":"13"},"RP":{"QJ":"13","QH":"13","M7":"13","FM":"13","CQ":"13","P6":"13","CM":"13","J7":"13","PG":"13","FQ":"13","QF":"13","CP":"13","M6":"13","PF":"13","J8":"13","FP":"13","PJ":"13","9M":"13","QG":"13","9Q":"13","PH":"13","9J":"13","9P":"13","CJ":"13","P7":"13"},"RV":{"2F":"13","3G":"13","2G":"13","2H":"13","3F":"13"},"6X":{"6M":"13"},"MV":{"XF":"13"},"XV":{"23":"13","22":"13"},"8Q":{"8M":"13","7M":"13","7P":"13","8P":"13"}},"HJ":{"R3":{"W5":"13"},"65":{"36":"13","43":"13"},"C2":{"G4":"13","P4":"13"},"64":{"3V":"13","6V":"13","4Q":"13","5W":"13","6W":"13","5V":"13","3W":"13"},"55":{"R2":"13","V2":"13"},"P3":{"9R":"13"}},"PF":{"F7":{"88":"13","M9":"13","87":"13","G7":"13","77":"13","79":"13","J9":"13","78":"13"},"R9":{"JH":"13","MH":"13","JG":"13","MG":"13"},"F6":{"4W":"13","3W":"13"},"CP":{"X6":"13","X5":"13","X7":"13"},"FP":{"26":"13","25":"13","27":"13"},"27":{"32":"13"},"C2":{"66":"13"},"MC":{"89":"13"},"6X":{"CH":"13"},"G4":{"6V":"13","5W":"13","6W":"13","5V":"13"},"3J":{"HH":"13","MH":"13","HM":"13"},"8M":{"8C":"13","7C":"13"},"G7":{"83":"13"},"V9":{"5Q":"13","4Q":"13","5M":"13","3J":"13","3M":"13","3H":"13","48":"13"},"96":{"CF":"13"}},"HH":{"CX":{"QH":"13"}},"W7":{"25":{"F7":"13","C7":"13"}},"JC":{"H9":{"MV":"13","MX":"13","HQ":"13","HP":"13","FG":"13","6H":"13","PV":"13","6J":"13","MR":"13","PX":"13","PW":"13","PR":"13","FF":"13","CR":"13","MW":"13"},"G9":{"X8":"13","WG":"13","W8":"13","WH":"13","W5":"13","X7":"13","X6":"13","W6":"13","XH":"13","VF":"13","XG":"13","XF":"13","V7":"13","W7":"13","WJ":"13","VG":"13","V6":"13","VJ":"13","VH":"13","WF":"13"},"Q8":{"GX":"13","3V":"13","HX":"13","2V":"13"},"9F":{"XX":"13","WX":"13","WW":"13","XW":"13"},"M2":{"84":"13"},"P8":{"XV":"13"},"F8":{"XX":"13","R7":"13","WX":"13","XW":"13"},"J9":{"R9":"13"},"F9":{"X2":"13"},"JX":{"5X":"13"},"HC":{"F5":"13"},"P9":{"QM":"13","PM":"13","QP":"13","PP":"13"},"WJ":{"WQ":"13"},"G8":{"PP":"13","MP":"13","MQ":"13","PQ":"13","MC":"13"},"Q9":{"G2":"13"},"V9":{"89":"13"}},"R5":{"4V":{"Q7":"13"}},"MC":{"QJ":{"8V":"13","7V":"13","7R":"13","8R":"13"},"HW":{"WV":"13","WR":"13"},"RJ":{"4J":"13","5J":"13","4H":"13","5H":"13"},"2R":{"MP":"13"},"C9":{"FQ":"13"},"QW":{"4W":"13","5W":"13","5V":"13","4V":"13"},"C3":{"PQ":"13","QQ":"13"}},"2J":{"HH":{"52":"13","53":"13"}},"FW":{"2X":{"C6":"13"},"PX":{"MF":"13"},"3W":{"QF":"13","QG":"13","RG":"13","2F":"2","3G":"2","2G":"2","3F":"2"}},"MH":{"29":{"8X":"13","8W":"13"},"M5":{"PG":"13"},"97":{"JF":"13","JG":"13","F6":"13","MG":"13"},"2C":{"53":"13"},"F5":{"HF":"13","2H":"13","3W":"13"},"C2":{"GQ":"13"},"87":{"FQ":"13"},"52":{"FV":"13","HF":"13","HC":"13","VW":"13","HV":"13"},"F4":{"Q6":"13","P7":"13","59":"13","P6":"13"},"53":{"88":"13","78":"13"},"P2":{"V3":"13","R2":"13","V2":"13"},"28":{"J2":"13","M2":"13"}},"6X":{"4X":{"FF":"13","FG":"13","9F":"13","CF":"13","GG":"13","FC":"13","CC":"13","CG":"13","9G":"13"},"37":{"CC":"13","FC":"13","C9":"13","F9":"13","GC":"13"},"9V":{"H8":"13","H9":"13","M8":"13","J8":"13","M9":"13","J9":"13","MC":"13","HC":"13","JC":"13"},"2G":{"HH":"13","37":"13","JF":"13","JH":"13","HG":"13","47":"13","JG":"13","48":"13"},"4M":{"44":"13"},"2H":{"86":"13","85":"13","76":"13","96":"13"},"2Q":{"HR":"13","GV":"13","GR":"13","GQ":"13","HV":"13","JV":"13","HQ":"13","HW":"13"}},"XW":{"2J":{"X6":"13"}},"V6":{"MF":{"MH":"13"},"HJ":{"MC":"13"},"4R":{"23":"13"},"PC":{"3F":"13"},"MC":{"XF":"6"}},"GR":{"JW":{"XP":"13","XM":"13"}},"M7":{"88":{"WH":"13","VG":"13","WG":"13"},"98":{"4J":"13","6V":"13","6W":"13","4M":"13","7W":"13","7V":"13","8W":"13"},"X9":{"JC":"13","MC":"13"}},"VQ":{"R6":{"FF":"13"}},"QW":{"29":{"XV":"13","XW":"13"},"39":{"2W":"13","2V":"13"},"2F":{"HJ":"13","HH":"13","JJ":"13","HM":"13"}},"94":{"HF":{"RW":"13","RX":"13"},"57":{"5Q":"13","4Q":"13"},"35":{"7H":"13","8H":"13"}},"MF":{"W4":{"2G":"13"},"V4":{"XG":"13","XH":"13","RQ":"13","VQ":"13"},"2R":{"7P":"13"},"56":{"G6":"13"},"MH":{"VG":"13","WG":"13"}},"V7":{"QR":{"C3":"13"},"R5":{"VV":"13"},"X4":{"WH":"13"},"P7":{"8R":"13"},"M9":{"VJ":"13","6W":"13"},"M8":{"5R":"13","HJ":"13","84":"13","JH":"13","JJ":"13","FP":"13"},"P9":{"8F":"13"},"P8":{"F7":"13"},"V2":{"2W":"13","2V":"13"},"J4":{"RC":"13"},"M7":{"CC":"13","99":"13","PH":"13","CH":"13","9C":"13","J6":"13","5V":"13"},"MC":{"9P":"13","9J":"13","9M":"13"},"J9":{"W8":"13"}},"H3":{"58":{"X9":"13","X8":"13"},"6J":{"HQ":"13"},"68":{"29":"13","QQ":"13","28":"13"},"8J":{"5M":"13"}},"M9":{"3V":{"6X":"13","8V":"13"},"6V":{"97":"13","C7":"13"},"3W":{"62":"13"}},"W3":{"HG":{"PM":"13"},"GM":{"97":"13"},"2P":{"G5":"13"},"FQ":{"8H":"13"},"MM":{"7H":"13"},"F2":{"48":"13"},"FP":{"VX":"13"},"JM":{"CH":"13"},"3P":{"87":"13"},"2J":{"7R":"13"},"JH":{"CF":"13"},"G4":{"JC":"13"},"3J":{"3J":"13","2J":"13"}},"95":{"VF":{"R4":"13"},"Q6":{"HW":"13"},"P7":{"9Q":"13","8M":"13","8Q":"13","8P":"13"},"P8":{"R8":"13","73":"13","JV":"13","V9":"13","C5":"13","C4":"13"},"P6":{"VF":"13"},"M4":{"QR":"13","QQ":"13","PR":"13"}},"FR":{"49":{"X5":"13","X4":"13"},"3M":{"GG":"13","56":"13"}},"83":{"CJ":{"FW":"13","FX":"13"},"54":{"VR":"13","WR":"13","WQ":"13","VQ":"13"},"XQ":{"QH":"13"},"GF":{"PM":"13"},"V8":{"86":"13","85":"13","75":"13","87":"13"},"RM":{"QV":"13"}},"GQ":{"WV":{"M4":"13"},"W5":{"WV":"13"}},"RP":{"8G":{"63":"13","HJ":"13","54":"13","HH":"13","64":"13","GJ":"13"},"9C":{"HP":"13","MQ":"13","HM":"13"},"9H":{"W5":"13","X5":"13"},"GC":{"34":"13"}},"WQ":{"38":{"PC":"13"}},"QH":{"8H":{"3H":"13"},"46":{"7M":"13"},"7M":{"2F":"13","3F":"13"},"33":{"X6":"13","X5":"13"},"34":{"V5":"13"},"7H":{"VM":"13","WM":"13"},"7P":{"HF":"13","JF":"13","HG":"13","JG":"13"},"HV":{"GX":"13","PJ":"13","QG":"13","RG":"13","PM":"13","MJ":"13","FX":"13"},"HW":{"F2":"13","24":"13","G2":"13","52":"13","53":"13"}},"Q8":{"9F":{"M5":"13"}},"MM":{"HM":{"WV":"13"}},"9P":{"3Q":{"2X":"13"}}}}