{"index":{"university,1|retail,2|tourism,3|wreck,4|historical,5|artsCulture,6|namedBuilding,7|water,8|wetland,9|park,10|beach,11|natureReserve,12|cemetery,13|trail,14":{}},"7P":{"8X":{"8X":{"PG":"13","MH":"13","MG":"13"},"3V":{"29":"13","27":"13"},"2V":{"X6":"13","X7":"13","X9":"13"},"8R":{"W8":"13"},"4Q":{"FV":"13","FW":"13","GW":"13","GV":"13"},"CW":{"5G":"13","6G":"13"},"5X":{"2J":"13","2M":"13"},"7W":{"RV":"13","RW":"13","VV":"13","QR":"13","VW":"13"},"9V":{"QX":"13","PX":"13"},"7X":{"XJ":"13"},"7V":{"7W":"13","2M":"13"},"6X":{"XW":"13"},"5V":{"W4":"13","W5":"13","V4":"13","R5":"13","R6":"13","V6":"13","V5":"13"},"7R":{"M5":"13","J5":"13"},"4X":{"XM":"13","XJ":"13","WM":"13","68":"13","78":"13"},"9W":{"Q3":"13","Q2":"13","QR":"13","P3":"13","P2":"13"},"6Q":{"HW":"13","GW":"13","HV":"13","GV":"13"}},"QW":{"98":{"26":"13","27":"13"},"M5":{"WJ":"13"},"X5":{"J8":"13"},"8V":{"5P":"13","6P":"13"},"5H":{"Q4":"13","Q5":"13"}},"VM":{"WV":{"5F":"13"},"MR":{"C2":"13","92":"13"},"MW":{"C6":"13","84":"13","85":"13","95":"13","96":"13","C5":"13","94":"13"},"R2":{"RG":"13","VG":"13","VF":"13"},"VR":{"V3":"13","R2":"13","V2":"13"},"MQ":{"CW":"13","9X":"13","CX":"13"},"QR":{"5W":"13"}},"PW":{"C6":{"9Q":"13","9F":"13","8G":"13","9R":"13"},"MM":{"WR":"13","WQ":"13","VP":"13","VQ":"13","WP":"13"},"PM":{"GM":"13","GP":"13","FM":"13","CQ":"13","CM":"13","FQ":"13","CP":"13","FP":"13","9R":"13","9Q":"13","9P":"13","CR":"13"},"CC":{"MM":"13","PM":"13","MJ":"13"},"FC":{"MF":"13","54":"13","44":"13","JF":"13","43":"13","53":"13","MG":"13"},"P9":{"9X":"13","FX":"13","CV":"13","CW":"13","FV":"13","FW":"13","9W":"13","CX":"13"},"82":{"VF":"13"},"G8":{"VG":"13","VF":"13","WF":"13","WG":"13","WC":"13","VH":"13"},"XH":{"58":"13","39":"13","38":"13","59":"13","49":"13","48":"13"},"GH":{"7F":"13","PG":"13","8F":"13","MG":"13"},"PC":{"F2":"13","C2":"13"},"C7":{"G3":"13","H2":"13","H3":"13","G2":"13"},"C8":{"QR":"13","HQ":"13","JC":"13","PV":"13","GQ":"13","PR":"13","HR":"13","GR":"13","QV":"13"},"JM":{"69":"13","89":"13","79":"13","8C":"13","7C":"13"},"C3":{"XG":"13","W5":"13","QM":"13","PM":"13","X5":"13","QP":"13","PP":"13"}},"G8":{"Q3":{"V2":"13"},"F5":{"5J":"13","3J":"13","3M":"13","4M":"13","2V":"13"},"84":{"X6":"13","W5":"13","W2":"13","X5":"13","Q6":"13","X4":"13","R7":"13","X2":"13","R6":"13","Q7":"13"},"83":{"XX":"13","VW":"13","WX":"13","WW":"13"},"P9":{"4X":"13","5X":"13"},"J5":{"58":"13","46":"13","45":"13","48":"13"},"9C":{"PX":"13"},"G9":{"46":"13"},"VM":{"54":"13","3V":"13","55":"13","3W":"13"},"C8":{"QW":"13","H7":"13","F8":"13","F2":"13","QV":"13","VW":"13","G2":"13","G3":"13","RV":"13","G8":"13","G7":"13","F3":"13","RX":"13","RW":"13"},"C6":{"X8":"13"},"VR":{"WC":"13"},"72":{"J5":"13"},"C5":{"XM":"13","V2":"13","WM":"13","V3":"13","XJ":"13","R2":"13","WJ":"13","R3":"13"},"V8":{"5C":"13","4G":"13"},"M7":{"2C":"13","3C":"13"},"88":{"FQ":"13","2J":"13","GQ":"13","2M":"13"},"86":{"26":"13","25":"13"},"C4":{"GW":"13"},"Q2":{"VX":"13"},"PP":{"RF":"13","QF":"13","W7":"13","W6":"13"},"RM":{"5Q":"13","CJ":"13","PM":"13","JF":"13","5P":"13","CH":"13","HG":"13","9J":"13","MQ":"13","PQ":"13","MR":"13","JG":"13","MG":"13"},"MC":{"2J":"13"},"W2":{"3G":"13","4G":"13","4H":"13","3H":"13"},"V9":{"29":"13","28":"13"},"W8":{"C6":"13","X6":"13","7M":"13","6M":"13","7P":"13","97":"13","6P":"13","96":"13"},"VP":{"34":"13","5C":"13","25":"13","3G":"13","24":"13","49":"13","59":"13","4C":"13","35":"13","3F":"13"},"9G":{"X4":"13","X3":"13"},"RP":{"43":"13","MP":"13","HJ":"13","M2":"13","P3":"13","P5":"13","M4":"13","M3":"13","WP":"13","33":"13","34":"13","R8":"13","MM":"13","JM":"13","JJ":"13","HM":"13","53":"13","44":"13","VM":"13","QP":"13","42":"13","Q5":"13","PM":"13","VJ":"13","PP":"13","VP":"13","P2":"13"},"78":{"XM":"13","XJ":"13"},"H3":{"MG":"13","P9":"13","PC":"13","JG":"13","MH":"13","JH":"13","Q9":"13"},"QM":{"MG":"13","CQ":"13","7M":"13","9R":"13","9Q":"13","98":"13","JF":"13","JG":"13","XV":"13","8M":"13","CR":"13"},"QG":{"F3":"13","P8":"13"},"79":{"XQ":"13","PM":"13","QP":"13","PP":"13","WQ":"13","WP":"13"},"VJ":{"3Q":"13","97":"13","3P":"13"},"PG":{"HX":"13"},"RG":{"3H":"13","48":"13"},"F8":{"36":"13","FC":"13","56":"13","78":"13"},"RR":{"6X":"13","5W":"13","5X":"13","6W":"13"},"X9":{"37":"13","7J":"13","8J":"13"},"J3":{"R3":"13","Q3":"13","Q4":"13","P4":"13","P3":"13"},"W9":{"MM":"13","PM":"13","M6":"13","MP":"13","J6":"13","CQ":"13"},"77":{"77":"13","67":"13","68":"13","78":"13"},"WM":{"2H":"13","3H":"13","CH":"13","CG":"13","2J":"13","G4":"13","3J":"13"},"H6":{"WF":"13","WG":"13"},"V2":{"RV":"13","RR":"13","8Q":"13","8R":"13"},"J9":{"9M":"13"},"94":{"QW":"13","8H":"13","47":"13","QV":"13","48":"13","37":"13","RV":"13","38":"13","RW":"13"},"VC":{"V2":"13"},"93":{"4X":"13","4W":"13"},"V7":{"6H":"13","6J":"13"},"QH":{"GJ":"13"},"V4":{"26":"13"},"CG":{"23":"13","24":"13"},"PC":{"42":"13","52":"13"},"55":{"R8":"13","V7":"13","V8":"13"},"89":{"2P":"13","2R":"13","2Q":"13","2V":"13","3R":"13"},"V6":{"6X":"13"},"JG":{"QV":"13"},"XX":{"MR":"13","PV":"13","QV":"13","PQ":"13","PR":"13","MQ":"13","QR":"13","MV":"13","PP":"13"},"WJ":{"9R":"13"},"G7":{"PX":"13"},"M3":{"PJ":"13","W5":"13","HH":"13","GG":"13","75":"13","QM":"13","PM":"13","J8":"13","M8":"13","HG":"13","GH":"13","M7":"13","W6":"13"},"9F":{"V3":"13","V2":"13"},"J2":{"XV":"13","WV":"13","XX":"13","WR":"13","XR":"13"},"XW":{"9J":"13"},"QX":{"9V":"13"},"W6":{"JC":"13","M9":"13","P3":"13","J9":"13"},"PH":{"J3":"13","H2":"13","H3":"13"},"97":{"QR":"13","PR":"13"},"F6":{"JP":"13","JM":"13"},"WP":{"5G":"13","5H":"13"},"RC":{"Q9":"13"},"P3":{"62":"13","M7":"13","P6":"13","35":"13","46":"13","V3":"13","C2":"13","73":"13","56":"13","Q6":"13","63":"13","76":"13","P7":"13","R3":"13"},"M2":{"GX":"13","2X":"13","PV":"13","QW":"13","QV":"13"},"VH":{"MX":"13","8H":"13","PX":"13"},"QJ":{"9F":"13"},"RF":{"7W":"13"},"R8":{"QF":"13","QC":"13"},"PF":{"GX":"13"},"R3":{"WJ":"13"},"X2":{"C6":"13","F6":"13"},"67":{"VM":"13","RP":"13","VP":"13","RM":"13"},"76":{"X6":"13","X5":"13"}},"86":{"MX":{"9R":"13","CR":"13"},"HQ":{"6F":"13","5C":"13","4F":"13","4C":"13","5F":"13","6C":"13"},"HP":{"2C":"13","3C":"13"},"X5":{"G9":"13","H9":"13","HC":"13"},"2P":{"P5":"13"}},"4X":{"5W":{"59":"13","G6":"13"},"3W":{"QR":"13"},"4V":{"G6":"13"},"7W":{"HJ":"13","GJ":"13"},"6V":{"4W":"13"},"7V":{"GJ":"13"},"9W":{"62":"13"}},"H8":{"36":{"7H":"13","89":"13","8C":"13","7G":"13"},"29":{"P5":"13","M5":"13","W3":"13"},"42":{"92":"13"},"3J":{"4W":"13"},"3G":{"M5":"13"},"46":{"F7":"13","C7":"13","FF":"13"},"RQ":{"R3":"13","Q3":"13"},"77":{"H5":"13","G5":"13","H6":"13","G6":"13"},"QW":{"F5":"13","G5":"13"},"53":{"RV":"13","QR":"13","RR":"13","RJ":"13","RM":"13","QV":"13"},"2V":{"46":"13"},"VQ":{"G3":"13","G2":"13"}},"66":{"83":{"5J":"3"},"MJ":{"57":"13","67":"13"}},"MQ":{"XV":{"RF":"13","R9":"13","VC":"13","RC":"13","V9":"13","QC":"13"},"F8":{"M5":"13","F2":"13","RQ":"13","M8":"13","PG":"13","FX":"13","C3":"13","J2":"13","P7":"13","H7":"13","FF":"13","JF":"13","GP":"13","CX":"13","QJ":"13","R7":"13","CP":"13","J8":"13","PM":"13","JW":"13","G6":"13","V2":"13","HG":"13","W6":"13","GH":"13","G7":"13","QG":"13","H8":"13","HW":"13","JJ":"13","CQ":"13","QP":"13","JQ":"13","FH":"13","GF":"13","MR":"13","V8":"13","H5":"13","GX":"13","CJ":"13","RG":"13","Q3":"13","J4":"13","MG":"13","P4":"13","Q5":"13","FJ":"13","R8":"13","R9":"13","QQ":"13","8V":"13","PJ":"13","HQ":"13","7V":"13","M4":"13","F4":"13","RF":"13","H6":"13","J3":"13","FV":"13","VH":"13","R2":"13","PP":"13","M6":"13","GJ":"13","JV":"13","GV":"13","JG":"13","CH":"13","FQ":"13","8R":"13","W5":"13","QF":"13","G5":"13","Q9":"13","HR":"13","JX":"13","GG":"13","9X":"13","P3":"13","RM":"13","RH":"13","Q7":"13","R6":"13","P6":"13","FG":"13","R3":"13","9W":"13","P8":"13","8W":"13","JH":"13","CW":"13","F9":"13","JR":"13","H9":"13","MW":"13","H4":"13","H2":"13","J9":"13","G8":"13","CR":"13","G9":"13","F3":"13","RC":"13","HP":"13","PH":"13","G4":"13","QC":"13","P2":"13","HH":"13","JC":"13","W7":"13","R5":"13","G2":"13","MC":"13","G3":"13","FW":"13","MH":"13","HV":"13","P5":"13","7W":"13","QM":"13","V6":"13","GR":"13","MQ":"13","M7":"13","RJ":"13","Q2":"13","P9":"13","V7":"13","H3":"13","M3":"13","V9":"13","F8":"13","J7":"13","JP":"13","FR":"13","GQ":"13","Q6":"13","RP":"13","Q8":"13","MM":"13"},"F7":{"GX":"13","HW":"13","QX":"13","HX":"13","RX":"13","JX":"13","PV":"13","FX":"13","WX":"13","PX":"13","GW":"13","PW":"13","VX":"13","QV":"13"},"WP":{"RF":"13","R9":"13","Q9":"13","RC":"13","QC":"13"},"F9":{"J2":"13","H3":"13","86":"13","93":"13","C6":"13","84":"13","F4":"13","92":"13","H7":"13","G6":"13","H4":"13","C5":"13","P6":"13","M4":"13","R6":"13","F3":"13","J5":"13","H6":"13","Q7":"13","M5":"13","M6":"13","H2":"13","G4":"13","Q4":"13","F5":"13","F7":"13","G2":"13","G3":"13","M2":"13","Q8":"13","98":"13","F2":"13","85":"13","R7":"13","C4":"13","97":"13","95":"13","82":"13","94":"13","J6":"13","96":"13","Q6":"13","C3":"13","R4":"13","P5":"13","76":"13","77":"13","C2":"13","P7":"13","P8":"13","F6":"13","P9":"13","M3":"13","P4":"13","F8":"13","M8":"13","Q3":"13","G7":"13","J4":"13","C7":"13","C8":"13","87":"13","M7":"13","R5":"13","J3":"13","75":"13","G5":"13","Q5":"13"},"CR":{"QF":"13","PG":"13","PC":"13","PF":"13"}},"38":{"G2":{"78":"3","77":"3","8C":"3","89":"3","79":"3","87":"3","88":"3","86":"3","76":"3","7C":"3"},"84":{"7W":"13","6W":"13","8W":"13","6V":"13","6R":"13","5R":"13","7R":"13","8X":"13","8R":"13","9V":"13","7Q":"13","7V":"13","9W":"13","5V":"13","8V":"13","7X":"13","6Q":"13"},"83":{"78":"13","9C":"13","77":"13","8H":"13","9F":"13","CF":"13","68":"13","MJ":"13","C9":"13","PJ":"13","7H":"13","98":"13","99":"13","PM":"13","PH":"13","67":"13"},"74":{"6X":"13","J3":"13","6W":"13","7W":"13","7X":"13"},"3X":{"63":"13","73":"13","72":"13","42":"13","52":"13","53":"13","62":"13"},"RX":{"MV":"13","HH":"13","JF":"13","JH":"13","HG":"13","JG":"13"},"95":{"69":"13","79":"13","68":"13","78":"13"},"47":{"MP":"13","MM":"13","GG":"13","5P":"13","JP":"13","GF":"13","6P":"13","RX":"13","6Q":"13","5Q":"13"},"38":{"XP":"13","XM":"13","2P":"13","2Q":"13"},"65":{"C6":"13","C7":"13","F6":"13"},"C5":{"QF":"13","69":"13","PC":"13","79":"13","PF":"13","6C":"13","QC":"13","7C":"13"},"8F":{"QJ":"13","PJ":"13"},"88":{"46":"13","47":"13","57":"13","56":"13"},"57":{"3Q":"13","58":"13","59":"13"},"86":{"X8":"13"},"PP":{"67":"13","68":"13"},"37":{"5W":"13","6W":"13","PV":"13"},"2R":{"7P":"13","6M":"13","6P":"13"},"MM":{"68":"13"},"5R":{"3X":"13","2X":"13"},"7R":{"V7":"13","V8":"13"},"78":{"6Q":"13","69":"13","59":"13","55":"13"},"45":{"FG":"13","FF":"13"},"5M":{"G2":"13","P4":"13","J5":"13","C3":"13","H2":"13","C2":"13","H4":"13","92":"13","M4":"13","J4":"13","H3":"13","P2":"13","G4":"13","J3":"13","F2":"13","M5":"13","G3":"13","F3":"13","M3":"13","J2":"13","M2":"13","P3":"13"},"28":{"XP":"13","XQ":"13","JF":"13","JC":"13","PW":"13","MW":"13"},"5J":{"FV":"13","CW":"13","MX":"13","GX":"13","HW":"13","JW":"13","9X":"13","HX":"13","FW":"13","JX":"13","FX":"13","GW":"13","CX":"13","GV":"13"},"7Q":{"XV":"13","XR":"13"},"M6":{"J6":"13","H6":"13"},"H6":{"F8":"13","G8":"13","G7":"13","F7":"13"},"5V":{"32":"13","22":"13"},"29":{"H8":"13","H7":"13","R9":"13","VC":"13","R8":"13","RC":"13","QC":"13","M9":"13","MC":"13","RF":"13","P9":"13","PC":"13","V9":"13"},"75":{"34":"13","44":"13"},"2V":{"75":"13","65":"13","74":"13","64":"13"},"CV":{"M5":"13","M6":"13","M7":"13"},"3W":{"6X":"13","4X":"13","5X":"13","6M":"13","6P":"13"},"FV":{"R8":"13","V7":"13","R7":"13","R6":"13","V6":"13","V8":"13"},"96":{"88":"13","98":"13","97":"13","RR":"13","VR":"13","87":"13","RQ":"13"},"39":{"HQ":"13","G2":"13","GQ":"13"},"G5":{"8G":"13","8H":"13"},"3G":{"X6":"13","W5":"13","X5":"13","W6":"13"},"48":{"44":"13","2C":"13","Q2":"13","R2":"13","2F":"13","43":"13","C3":"13","C4":"13","94":"13"},"4R":{"VF":"13","PP":"13","MP":"13","MQ":"13","PQ":"13","VC":"13"},"RW":{"MP":"13","MQ":"13"},"67":{"4J":"13","5J":"13"},"76":{"CC":"13","CF":"13"},"JJ":{"6Q":"13"}},"MH":{"G8":{"75":"13","65":"13","76":"13","66":"13","55":"13","56":"13"},"F6":{"HJ":"13","XG":"13","FC":"13"},"G6":{"2F":"13","2G":"13","3F":"13"}},"W9":{"GC":{"FQ":"13","CP":"13","CQ":"13","FP":"13"}},"84":{"3Q":{"29":"13","39":"13","38":"13","28":"13","27":"13"},"2Q":{"X7":"13","X8":"13"},"CQ":{"75":"13","65":"13","76":"13","74":"13","66":"13","64":"13"},"CX":{"XG":"13","XF":"13","WF":"13","WG":"13","WC":"13"},"J9":{"9Q":"13","7Q":"13","7P":"13","8Q":"13","9P":"13","8P":"13"}},"25":{"6X":{"38":"13","49":"13"},"JG":{"MF":"13","JF":"13","MC":"13"}},"J9":{"43":{"F2":"13"}},"F4":{"V4":{"CQ":"13"},"3C":{"CJ":"13","CH":"13","9H":"13"}},"62":{"CW":{"RQ":"13","3X":"13","RH":"13","Q4":"13","VM":"13","QP":"13","WF":"13","XQ":"13","R6":"13","3V":"13","XH":"13","V8":"13","WR":"13","2X":"13","XM":"13","XJ":"13","RM":"13","3R":"13","V5":"13","V9":"13","2R":"13","R7":"13","W8":"13","VP":"13","RJ":"13","RP":"13","QQ":"13","X5":"13","VF":"13","W5":"13","VJ":"13","RG":"13","VG":"13","X9":"13","W9":"13","WM":"13","X6":"13","VC":"13","R4":"13","Q5":"13","V7":"13","V4":"13","V6":"13","WJ":"13","2V":"13","3Q":"13","R5":"13","W7":"13","W6":"13","X7":"13","WP":"13","WG":"13","WH":"13","WC":"13","VQ":"13","VH":"13","4R":"13","XG":"13","XR":"13","RF":"13","R8":"13","4Q":"13"},"8H":{"F7":"13","G9":"13","H2":"13","C9":"13","F8":"13","J8":"13","G2":"13","Q2":"13","RH":"13","C8":"13","R6":"13","98":"13","Q6":"13","G8":"13","RJ":"13","VJ":"13","G4":"13","VH":"13","P2":"13"},"9X":{"X3":"13","V3":"13","X4":"13","X8":"13","W2":"13","W8":"13","X5":"13","W5":"13","X9":"13","W9":"13","XC":"13","V2":"13","X6":"13","W3":"13","V4":"13","W4":"13","X7":"13","X2":"13"},"9W":{"XV":"13","WV":"13","XX":"13","XR":"13","WX":"13","WW":"13","XW":"13"},"FW":{"3V":"13","4R":"13","2R":"13","2V":"13","3R":"13","4V":"13"},"M4":{"3Q":"13","2R":"13","2Q":"13","3R":"13"},"9H":{"H2":"13","G2":"13","M2":"13"},"CX":{"39":"13","35":"13","29":"13","47":"13","25":"13","28":"13","27":"13","48":"13","37":"13","36":"13","22":"13","23":"13","38":"13","32":"13","24":"13","26":"13"},"9G":{"HX":"13","C6":"13","5W":"13","5R":"13","JX":"13","96":"13","5Q":"13","8P":"13"}},"X3":{"WQ":{"XG":"13"}},"PP":{"FV":{"9X":"13","9W":"13"},"XQ":{"29":"13","2C":"13","3C":"13","28":"13"},"FW":{"92":"13"},"WQ":{"X9":"13","X8":"13"},"VQ":{"VM":"13","VP":"13"}},"XQ":{"JW":{"2R":"13"}},"H7":{"58":{"J3":"13","H4":"13","H3":"13","J4":"13"},"4W":{"6X":"13","3V":"13","2W":"13","6W":"13","WQ":"13","2V":"13","3W":"13"},"3X":{"XP":"13","R8":"13","RJ":"13","QP":"13","RP":"13"},"5Q":{"63":"13","54":"13","64":"13","53":"13"},"3V":{"V3":"13","V4":"13","FW":"13"},"3R":{"GX":"13"},"2R":{"F2":"13","83":"13","W4":"13","V4":"13","76":"13","72":"13","82":"13","22":"13"},"6P":{"62":"13","74":"13","92":"13","C2":"13","73":"13","53":"13","52":"13","64":"13","72":"13","63":"13","54":"13"},"2H":{"63":"13","52":"13","62":"13"},"28":{"J8":"13"},"2M":{"XP":"13","WQ":"13","WP":"13"},"2W":{"V4":"13","GX":"13","R4":"13","P8":"13","MR":"13","RG":"13","MM":"13","JJ":"13","QG":"13","JH":"13","JR":"13","P7":"13"},"5W":{"7H":"13","6F":"13","5G":"13","6G":"13","3H":"13","3C":"13","3F":"13","5F":"13","7G":"13"},"2Q":{"8V":"13","G9":"13","R9":"13","P3":"13","QM":"13","M3":"13","GC":"13","RC":"13","QC":"13","FC":"13","F9":"13","P4":"13","2X":"13","7V":"13","7R":"13","Q9":"13"},"Q5":{"MP":"13"},"2V":{"WV":"13","M8":"13","HR":"13","M9":"13","P9":"13","JF":"13","JH":"13","HW":"13","HF":"13"},"3Q":{"MX":"13","RH":"13","FX":"13","7F":"13","CH":"13","9J":"13","9H":"13","GV":"13","3R":"13","MW":"13","GW":"13","QG":"13","QF":"13","7G":"13","QH":"13","5F":"13","3Q":"13","GX":"13","4F":"13","49":"13","48":"13","4R":"13","QJ":"13","6F":"13","6G":"13","4Q":"13","FW":"13","JH":"13","3P":"13"},"98":{"75":"13","74":"13"},"3W":{"GG":"13","HF":"13","V8":"13","42":"13","V9":"13","W8":"13","HG":"13","M6":"13","W9":"13","M5":"13","43":"13","32":"13","8P":"13","8M":"13","WH":"13","VH":"13","GF":"13"},"JR":{"CW":"13","FW":"13","FX":"13","CX":"13"},"4X":{"MH":"13","9C":"13","47":"13","GG":"13","65":"13","8W":"13","88":"13","37":"13","46":"13","5H":"13","CF":"13","8X":"13","78":"13","56":"13","QM":"13","99":"13","VG":"13","36":"13","2Q":"13","2F":"13","9X":"13","FM":"13","55":"13","89":"13","9F":"13","FJ":"13","3F":"13","PH":"13","FF":"13","VH":"13","GF":"13","QJ":"13","MQ":"13","66":"13","2P":"13"},"3M":{"7W":"13","7X":"13"},"4R":{"CQ":"13"},"GF":{"WX":"13","WW":"13"},"2J":{"8X":"13"},"4Q":{"P9":"13","PC":"13","Q9":"13"},"6Q":{"CJ":"13"},"FW":{"F7":"13"},"69":{"7J":"13","65":"13","6M":"13","88":"13","6J":"13","86":"13","6H":"13","87":"13","5P":"13","6P":"13","5H":"13","78":"13","5M":"13","4P":"13","79":"13","5J":"13","77":"13","4M":"13","75":"13","98":"13","97":"13","3M":"13","4J":"13","67":"13","66":"13","76":"13"},"3P":{"7H":"13","5J":"13","76":"13","23":"13","6H":"13","6J":"13","5H":"13","7G":"13"},"2P":{"X3":"13","3V":"13","V8":"13","3R":"13","MC":"13","V9":"13","W8":"13","5R":"13","X5":"13","W5":"13","G8":"13","FM":"13","5V":"13","FV":"13","W6":"13","4V":"13","4R":"13","CM":"13","MF":"13","FW":"13"}},"WJ":{"RW":{"V3":"13","W2":"13","R2":"13","V2":"13"},"5X":{"34":"13","36":"13","44":"13","65":"13","46":"13","66":"13","55":"13","45":"13","57":"13","56":"13","67":"13","35":"13"},"H8":{"3G":"13","4G":"13","4H":"13","2H":"13","3H":"13"},"VX":{"F5":"13","F6":"13"}},"5F":{"V4":{"5C":"13","69":"13","3V":"13","59":"13","9P":"13","2V":"13","6C":"13"},"V2":{"FF":"13","9C":"13","C9":"13","GC":"13","FC":"13","99":"13","CC":"13","GF":"13","V6":"13"},"R4":{"FH":"13","FG":"13","9X":"13","CH":"13","FJ":"13","MQ":"13","PQ":"13","JQ":"13","JR":"13","PR":"13","CX":"13"},"W2":{"CW":"13","9X":"13","CX":"13"},"R5":{"FF":"13","FG":"13","9F":"13","CF":"13","33":"13","34":"13","GG":"13","CH":"13","CG":"13","GF":"13","9G":"13","GH":"13","9H":"13","FH":"13"},"P6":{"88":"13","98":"13"},"V3":{"W2":"13","X2":"13"},"47":{"HJ":"13","MJ":"13","MM":"13","PJ":"13","JM":"13","JJ":"13","PM":"13","PH":"13","MH":"13","JH":"13"},"28":{"R2":"13","V2":"13"},"J6":{"8J":"13"},"27":{"RX":"13","VX":"13"},"37":{"RV":"13","VV":"13","RR":"13","VR":"13"},"W3":{"HF":"13","HH":"13","JF":"13","JH":"13","HG":"13","JG":"13","PR":"13"},"Q7":{"HQ":"13","JQ":"13","JR":"13","HR":"13"},"Q6":{"43":"13","M4":"13","M5":"13","33":"13","34":"13","M6":"13","J6":"13","45":"13","53":"13","44":"13","52":"13","42":"13","54":"13","J5":"13"},"38":{"4F":"13","5G":"13","4G":"13","5F":"13"},"Q5":{"MF":"13","PG":"13","PF":"13","MG":"13"},"X3":{"CW":"13","9V":"13","FW":"13","CV":"13"}},"HF":{"JX":{"3X":"13","2X":"13"},"J6":{"CC":"13","GF":"13","FC":"13","FF":"13","F9":"13","GC":"13"},"H6":{"58":"13","66":"13","47":"13","57":"13","56":"13","67":"13"}},"XR":{"J4":{"Q5":"13"},"M2":{"VJ":"13","QM":"13","RJ":"13","VM":"13","RQ":"13","QP":"13","RP":"13","QQ":"13","VP":"13","RM":"13"}},"P3":{"MJ":{"RW":"13","RX":"13"}},"QV":{"42":{"P5":"13","HJ":"13","M5":"13","GP":"13","FJ":"13","GM":"13","FM":"13","M4":"13","GJ":"13","FP":"13","HM":"13"}},"GR":{"PP":{"3H":"13"}},"R9":{"PF":{"7Q":"13","8Q":"13","8V":"13","7V":"13","7R":"13","8R":"13"},"7G":{"2M":"13"}},"QR":{"R9":{"QJ":"13"}},"H9":{"GX":{"7F":"13","8F":"13","89":"13","9C":"13","8C":"13","7C":"13"},"FW":{"MV":"13","QX":"13","RX":"13","PV":"13","PW":"13","GR":"13","HR":"13","QV":"13","MW":"13"},"28":{"34":"13","54":"13","44":"13","55":"13","45":"13"},"22":{"F2":"13","G3":"13","G2":"13"}},"P6":{"25":{"RH":"13","RG":"13"}},"R6":{"HW":{"7Q":"13","8Q":"13","7R":"13","8R":"13"}},"QQ":{"V2":{"M5":"13","M6":"13","J4":"13","M4":"13","J6":"13","J5":"13"}},"W5":{"JW":{"7F":"13","6F":"13","6G":"13","7G":"13"}},"68":{"2W":{"G4":"13"}},"PM":{"69":{"9X":"13","8X":"13","8W":"13","7W":"13","7X":"13","6X":"13","9W":"13"},"6C":{"83":"13","73":"13","72":"13","82":"13","93":"13","92":"13","62":"13"}},"G9":{"X5":{"9F":"13","CC":"13","9C":"13","52":"13","FF":"13","CF":"13"},"X4":{"J3":"13","3V":"13","4X":"13","4W":"13","H2":"13","5W":"13","3X":"13","5X":"13","H3":"13","J2":"13","M2":"13","M3":"13","4V":"13","3W":"13"},"X3":{"HX":"13","JX":"13"}},"J5":{"HW":{"4X":"13","5X":"13"},"CC":{"4J":"13","4M":"13"},"Q6":{"MV":"13","QF":"13","JV":"13","JW":"13","PC":"13","PW":"13","PF":"13","MW":"13"},"XM":{"RH":"13","RG":"13","QR":"13","PV":"13","PR":"13","QV":"13"},"HX":{"63":"13","42":"13","52":"13","62":"13"},"FX":{"5R":"13","6V":"13","6R":"13","7V":"13","7R":"13","5V":"13"},"35":{"37":"13","93":"13","47":"13","M4":"13","94":"13"},"8R":{"HW":"13"},"8J":{"F5":"13","G5":"13","F6":"13","G6":"13"},"MW":{"6R":"13"}},"QF":{"5C":{"H4":"13"},"59":{"7W":"13"},"6C":{"F7":"13","R9":"13","M8":"13","6C":"13","59":"13","F8":"13","J8":"13","M9":"13","J9":"13","P9":"13","69":"13","G8":"13","G7":"13","Q9":"13"}},"H6":{"JG":{"P3":"13"}},"RC":{"J2":{"HF":"13","HC":"13","GF":"13","FF":"13","GC":"13"}},"JJ":{"J7":{"PM":"13","PP":"13"},"P5":{"GM":"13","GP":"13","FF":"13","HP":"13","HJ":"13","C9":"13","GC":"13","HM":"13","FC":"13","F9":"13","CC":"13"},"6Q":{"46":"13","45":"13","35":"13"},"CM":{"M2":"13","M3":"13","P3":"13"},"P6":{"8F":"13","8C":"13"},"J6":{"9F":"13","8G":"13","8F":"13","8H":"13","5G":"13","9C":"13","CG":"13","9H":"13","9G":"13","CF":"13"},"H6":{"RF":"13"}},"X6":{"7Q":{"RW":"13","VW":"13","RX":"13","VX":"13"}},"M5":{"89":{"MM":"13","H9":"13","JC":"13","HC":"13","MP":"13","J9":"13","GC":"13"},"C4":{"9W":"13","8V":"13","6W":"13","7W":"13","7V":"13","8X":"13","7X":"13","8W":"13"}},"HJ":{"V2":{"R2":"13"},"PQ":{"XF":"13"}},"3F":{"X5":{"M5":"13","J4":"13","M4":"13","J5":"13"},"X4":{"26":"13","36":"13","25":"13","35":"13"},"M2":{"JH":"13","MH":"13"}},"QG":{"69":{"HF":"13","JF":"13","HG":"13"},"89":{"34":"13","58":"13","33":"13","R6":"13","35":"13","57":"13","R7":"13","46":"13","45":"13","36":"13","25":"13","R4":"13","43":"13","V7":"13","55":"13","44":"13","V6":"13","R5":"13"},"57":{"FW":"13","FX":"13"},"67":{"MM":"13","PM":"13","MJ":"13"},"79":{"Q8":"13","R9":"13","P3":"13","M4":"13","V8":"13","M3":"13","R8":"13","R2":"13","Q2":"13","P4":"13","V7":"13","R6":"13","R7":"13","V6":"13","Q3":"13","R3":"13","P2":"13"},"78":{"HW":"13","QX":"13","JW":"13","RX":"13","PX":"13","PW":"13","HV":"13"}},"3C":{"6G":{"36":"13","W2":"13","R2":"13","46":"13","V2":"13","45":"13","35":"13"},"H3":{"M6":"13","P6":"13","G7":"13","H7":"13","H6":"13","G6":"13"},"H9":{"9J":"13","8J":"13"},"XC":{"GM":"13","HP":"13","58":"13","HJ":"13","JM":"13","HM":"13","48":"13","JJ":"13","JP":"13","V6":"13"},"M8":{"QX":"13"},"J3":{"5Q":"13","5R":"13","85":"13","75":"13","23":"13","33":"13"},"PQ":{"QR":"13","PV":"13","PR":"13","QV":"13"},"M9":{"Q3":"13","Q2":"13","P3":"13","P2":"13"},"XF":{"HH":"13","JH":"13","JJ":"13","MJ":"13","MH":"13"},"P9":{"RH":"13","QG":"13","RG":"13","QH":"13"},"6F":{"RW":"13","VW":"13","RX":"13","WX":"13","VX":"13"},"JV":{"5C":"13","6C":"13"},"WC":{"H7":"13","Q4":"13","M7":"13","P6":"13","J7":"13","M6":"13","J6":"13","H6":"13","H5":"13","Q5":"13","P7":"13","J5":"13"},"Q9":{"CJ":"13","FH":"13","FJ":"13"}},"47":{"2C":{"2R":"13","2Q":"13"}},"M6":{"C6":{"6X":"13","7X":"13"},"97":{"W2":"13","X2":"13"},"2C":{"92":"13"},"5M":{"3Q":"13","4Q":"13","2Q":"13","3R":"13"},"CM":{"RJ":"13","RM":"13"},"C7":{"62":"13","9C":"13","95":"13","C8":"13","72":"13","65":"13","85":"13","8F":"13","88":"13","57":"13","86":"13","87":"13","CF":"13","9G":"13","8C":"13","78":"13","79":"13","8G":"13","99":"13","77":"13","CG":"13","89":"13","75":"13","C7":"13","9F":"13","98":"13","68":"13","96":"13","CC":"13","97":"13","C9":"13","67":"13","66":"13","76":"13"},"96":{"XX":"13","WX":"13"}},"WQ":{"CW":{"HW":"13","JW":"13","HX":"13","JX":"13"},"FX":{"W4":"13","W3":"13","X4":"13","X3":"13"},"QQ":{"G3":"13","F3":"13","F5":"13","G4":"13","G5":"13","F4":"13"},"VP":{"39":"13","57":"13","58":"13","68":"13","59":"13","47":"13","48":"13","37":"13","49":"13","38":"13","67":"13"},"VX":{"58":"13","47":"13","48":"13"},"PR":{"9Q":"13","9M":"13","FQ":"13","7J":"13","FP":"13","9P":"13","GH":"13","8W":"13","7P":"13","CH":"13","9J":"13","9H":"13","8Q":"13","8R":"13","GJ":"13","9V":"13","CP":"13","7V":"13","8J":"13","FH":"13","CR":"13","FM":"13","FG":"13","CJ":"13","FJ":"13","8V":"13","GM":"13","8P":"13","9R":"13","8H":"13","8M":"13","7M":"13","CM":"13","CQ":"13"}},"MX":{"QJ":{"27":"13"},"HH":{"2X":"13"},"FG":{"RF":"13","QF":"13","QG":"13","RG":"13","RC":"13","QC":"13"},"HJ":{"63":"13","74":"13","64":"13","22":"13"},"6C":{"9R":"13","9V":"13","CV":"13","CR":"13"},"7M":{"2C":"13","2F":"13","3F":"13"},"6M":{"XF":"13","WF":"13","WC":"13"},"JM":{"23":"13"},"HM":{"X4":"13","X3":"13"},"9G":{"6G":"13","43":"13","35":"13","46":"13","34":"13","5G":"13","45":"13","44":"13","36":"13","6F":"13","55":"13","54":"13"},"GH":{"9Q":"13","CP":"13","9P":"13","CQ":"13"}},"JG":{"M4":{"8G":"13","8H":"13","9H":"13"}},"V9":{"QC":{"JW":"13","MW":"13"}},"PQ":{"5Q":{"W4":"13","X5":"13","W3":"13","X4":"13","X3":"13"},"6Q":{"25":"13","23":"13","24":"13"},"C6":{"QW":"13"},"HW":{"6F":"13","69":"13","89":"13","79":"13","6C":"13","7C":"13"},"47":{"5G":"13","6H":"13","6G":"13","5H":"13"}},"X4":{"FJ":{"RV":"13","VV":"13"},"JJ":{"8C":"13","7C":"13"}},"MR":{"QW":{"2W":"13","2C":"13","2F":"13","2X":"13","2V":"13","3W":"13"},"FG":{"V5":"13","R9":"13","W5":"13","V8":"13","W6":"13","VC":"13","R8":"13","RC":"13","QC":"13","V7":"13","R7":"13","V6":"13","Q9":"13","V9":"13"},"MP":{"5C":"13","59":"13","49":"13","4C":"13"},"FM":{"77":"13"},"MR":{"48":"13"},"XR":{"JM":"13","HM":"13"},"GF":{"26":"13","25":"13","35":"13"},"PW":{"XV":"13","XX":"13","WX":"13","WW":"13","XW":"13"},"MV":{"8M":"13","7M":"13","7P":"13","8P":"13"},"8M":{"JP":"13","G9":"13","HQ":"13","HP":"13","GG":"13","F5":"13","GF":"13","FC":"13","G4":"13","FG":"13","G5":"13","JQ":"13","F4":"13","95":"13","JM":"13","F9":"13","C5":"13","C4":"13","94":"13","GC":"13"},"6Q":{"P5":"13","Q5":"13","R5":"13","Q6":"13","R6":"13"},"8P":{"9Q":"13","8Q":"13","9R":"13","8R":"13"}},"67":{"VV":{"2C":"13"}},"Q4":{"4P":{"F5":"13","63":"13","84":"13","83":"13","74":"13","J5":"13","95":"13","C6":"13","R6":"13","C5":"13","H4":"13","M7":"13","C4":"13","R7":"13","J4":"13","F4":"13","H5":"13","G6":"13","Q8":"13","G4":"13","M6":"13","H6":"13","94":"13","96":"13","J6":"13","73":"13","F6":"13","G5":"13","XG":"13","R8":"13"},"4J":{"2P":"13","4J":"13","CV":"13","4H":"13","46":"13","34":"13","25":"13","CW":"13","5H":"13","45":"13","56":"13","9V":"13","GH":"13","24":"13","FW":"13","CR":"13","55":"13","2Q":"13","2R":"13","9W":"13"},"3M":{"GM":"13","GP":"13","QJ":"13","QH":"13","FM":"13","HP":"13","FJ":"13","FP":"13","PQ":"13","JP":"13","MQ":"13","JQ":"13","GH":"13","HQ":"13","PP":"13","GJ":"13","FH":"13"},"3H":{"3P":"13","3X":"13","2P":"13","2R":"13","3M":"13","2M":"13","8W":"13"},"4Q":{"X3":"13","GP":"13","FP":"13","X4":"13","CH":"13","HM":"13","9J":"13","9H":"13","MM":"13","GJ":"13","X5":"13","W5":"13","JM":"13","X6":"13","W3":"13","FM":"13","MP":"13","HH":"13","CJ":"13","FJ":"13","W4":"13","X7":"13","GM":"13","JP":"13","CM":"13","HP":"13","HJ":"13","X2":"13"},"5M":{"2H":"13","6C":"13"},"4V":{"X2":"13"},"5P":{"GP":"13","3X":"13","5G":"13","FP":"13","GH":"13","7F":"13","8F":"13","2X":"13","HM":"13","6H":"13","5H":"13","8C":"13","GJ":"13","8G":"13","FH":"13","FM":"13","7G":"13","5F":"13","HH":"13","9F":"13","FJ":"13","GM":"13","HP":"13","6F":"13","6G":"13"},"4M":{"H8":"13","7G":"13","8H":"13","8G":"13","P8":"13","F4":"13","MF":"13","7H":"13","G3":"13","MC":"13","QP":"13","HC":"13","JF":"13","G8":"13","G4":"13","JC":"13","F3":"13","P7":"13"},"3G":{"M2":"13","M3":"13"},"4R":{"HQ":"13","XX":"13"},"2J":{"35":"13","H8":"13","93":"13","W9":"13","J9":"13","24":"13","F4":"13","92":"13","H7":"13","G6":"13","C5":"13","HF":"13","W5":"13","H6":"13","J7":"13","JG":"13","V9":"13","G4":"13","F5":"13","V6":"13","X9":"13","GH":"13","FG":"13","83":"13","HG":"13","W7":"13","33":"13","C4":"13","W8":"13","C3":"13","HH":"13","C2":"13","23":"13","X8":"13","GG":"13","W6":"13","H5":"13","F6":"13","V5":"13","P9":"13","VC":"13","M8":"13","PC":"13","54":"13","J8":"13","M9":"13","M7":"13","JF":"13","VF":"13","44":"13","34":"13","45":"13","V8":"13","X7":"13","G5":"13"},"5V":{"22":"13"},"3J":{"X4":"13","J6":"13","7J":"13","M8":"13","MJ":"13","PG":"13","WP":"13","72":"13","C3":"13","GC":"13","H7":"13","JF":"13","VM":"13","VJ":"13","8H":"13","F5":"13","32":"13","VP":"13","8J":"13","C4":"13","CP":"13","22":"13","J8":"13","HF":"13","28":"13","G6":"13","HG":"13","G7":"13","5F":"13","QG":"13","F6":"13","H8":"13","JJ":"13","4G":"13","QP":"13","84":"13","GF":"13","5G":"13","96":"13","X5":"13","H5":"13","29":"13","CJ":"13","73":"13","RG":"13","4F":"13","C5":"13","MG":"13","FJ":"13","7G":"13","C7":"13","58":"13","RF":"13","H6":"13","VH":"13","HC":"13","GJ":"13","C6":"13","JG":"13","85":"13","QF":"13","G5":"13","6F":"13","FM":"13","CM":"13","97":"13","FP":"13","75":"13","RM":"13","47":"13","F7":"13","RH":"13","X3":"13","C9":"13","JH":"13","XQ":"13","F9":"13","H9":"13","VG":"13","H4":"13","J9":"13","7H":"13","G8":"13","G9":"13","F3":"13","48":"13","4H":"13","PH":"13","G4":"13","54":"13","HJ":"13","PF":"13","HH":"13","JC":"13","63":"13","MC":"13","MH":"13","QM":"13","RJ":"13","6H":"13","MF":"13","FC":"13","74":"13","64":"13","F8":"13","J7":"13","M9":"13","6G":"13","RP":"13","68":"13","WQ":"13","QH":"13","57":"13","MM":"13","9P":"13"},"3Q":{"7F":"13","6F":"13","5C":"13","69":"13","4F":"13","5G":"13","59":"13","4G":"13","6G":"13","5F":"13","6C":"13","7C":"13"},"2G":{"FV":"13","FR":"13","HR":"13","GR":"13","HV":"13","GV":"13"},"2Q":{"4X":"13","4W":"13","5W":"13","3X":"13","5X":"13","5V":"13","4V":"13","3W":"13"},"2R":{"32":"13","23":"13","24":"13","33":"13","22":"13"},"5Q":{"34":"13","63":"13","84":"13","74":"13","47":"13","38":"13","33":"13","65":"13","42":"13","37":"13","53":"13","46":"13","22":"13","45":"13","28":"13","24":"13","36":"13","25":"13","43":"13","55":"13","26":"13","44":"13","75":"13","32":"13","27":"13","54":"13","64":"13","23":"13"}},"F5":{"F6":{"3G":"13","4G":"13","4H":"13","3H":"13","HR":"13"}},"V6":{"5R":{"7V":"13","7R":"13"},"J3":{"H5":"13","G5":"13","F6":"13","G6":"13"},"J2":{"CW":"13","FW":"13","FX":"13","CX":"13"},"CV":{"G2":"13"},"CR":{"GX":"13","PV":"13","QW":"13","PW":"13","QV":"13"}},"G2":{"73":{"GG":"13"}},"F7":{"9Q":{"VJ":"13","VM":"13","RM":"13"},"HQ":{"8H":"13"},"PV":{"PM":"13","MQ":"13"}},"42":{"RW":{"3V":"13","2W":"13","2R":"13","2V":"13","3R":"13"},"WV":{"MX":"13"},"RX":{"J3":"13","H4":"13","J4":"13"},"QW":{"XV":"13","XW":"13"},"WW":{"Q8":"13","P7":"13","M8":"13","P8":"13","M2":"13","Q7":"13","M7":"13"},"XW":{"F6":"13","G6":"13"}},"G3":{"PX":{"G3":"3","H3":"3","G2":"3"}},"X9":{"R2":{"W4":"13","V4":"13","V5":"13"},"8R":{"63":"13","54":"13","52":"13","53":"13"}},"RR":{"RR":{"CW":"13","9W":"13","9V":"13","CX":"13"},"89":{"83":"13","82":"13","93":"13","92":"13"}},"7C":{"W8":{"F2":"13","34":"13","44":"13","32":"13","H2":"13","23":"13","42":"13","24":"13","C2":"13","G2":"13","43":"13","53":"13","33":"13","22":"13"},"R5":{"QC":"13"},"V8":{"QH":"13","Q8":"13","R9":"13","M8":"13","P8":"13","R8":"13","X2":"13","QG":"13","P9":"13","MV":"13","VP":"13","Q9":"13"},"X6":{"PV":"13","PR":"13"},"W6":{"H8":"13","WG":"13","H9":"13","QH":"13","WH":"13","RG":"13","J8":"13","J9":"13","QG":"13","RH":"13","HC":"13","VG":"13","VJ":"13","JC":"13","VH":"13"},"R8":{"W7":"13","X7":"13","W8":"13","MC":"13","X8":"13"},"W4":{"MH":"13","PJ":"13","VM":"13","QP":"13","XM":"13","XJ":"13","PP":"13","MG":"13","RM":"13","VP":"13","MM":"13","RJ":"13","RP":"13","QM":"13","QG":"13","QF":"13","VJ":"13","PG":"13","MJ":"13","PM":"13","WM":"13","QH":"13","JG":"13","WJ":"13","PH":"13","WP":"13","QJ":"13","PF":"13","JH":"13","JJ":"13"},"4Q":{"5J":"13","6J":"13"},"V7":{"2P":"13","2Q":"13"},"W7":{"GX":"13","2W":"13","HW":"13","3X":"13","2X":"13","HX":"13","JX":"13","FX":"13","GW":"13","CX":"13","3W":"13"},"R7":{"XP":"13","XQ":"13","RQ":"13","RP":"13"},"X4":{"GM":"13","WV":"13","F7":"13","M4":"13","2M":"13","3M":"13","6M":"13","2J":"13","J4":"13","XV":"13","6J":"13","3J":"13"},"4R":{"46":"13","47":"13","56":"13"},"GF":{"JF":"13","JG":"13"},"V9":{"H4":"13","J6":"13","J5":"13","H6":"13"}},"2X":{"88":{"8X":"13"},"RG":{"G6":"13"},"HX":{"3X":"13","3W":"13"},"66":{"4V":"13"},"77":{"4F":"13"},"67":{"R8":"13"},"HM":{"2C":"13"},"C5":{"CH":"13"}},"XW":{"VF":{"J3":"13","H4":"13","H3":"13","J4":"13"},"WC":{"GP":"13","GM":"13","FP":"13"}},"FG":{"X7":{"38":"13","37":"13","28":"13","27":"13"}},"CG":{"P5":{"XX":"13","WW":"13","XW":"13"},"Q5":{"2W":"13","2X":"13"},"M9":{"GW":"13"}},"4C":{"2C":{"7H":"13","54":"13","6H":"13","7J":"13","53":"13"},"J2":{"Q3":"13","Q4":"13","P3":"13"},"M2":{"3J":"13","2J":"13","3M":"13"},"M3":{"HG":"13","GC":"13","W4":"13","F2":"13","GG":"13","G2":"13","W3":"13","G3":"13","HC":"13","X4":"13","GF":"13","GH":"13","X3":"13","F3":"13","HF":"13"},"95":{"W5":"13","X5":"13","X4":"13"},"P3":{"99":"13","F8":"13","C9":"13","C8":"13","F9":"13"},"8X":{"PH":"13"}},"98":{"H7":{"WM":"13"},"V2":{"H8":"13","9V":"13","CV":"13"},"XC":{"X7":"13","X9":"13","X8":"13"},"R9":{"XM":"13"},"J7":{"87":"13"},"VC":{"MX":"13","JW":"13","JX":"13"},"XF":{"54":"13","65":"13","66":"13","64":"13","55":"13"},"CH":{"4X":"13","3X":"13"},"9P":{"H8":"13","H7":"13","H9":"13","G9":"13","8H":"13","8G":"13","2V":"13","C9":"13","F8":"13","J8":"13","F9":"13","C8":"13","CC":"13","G8":"13","9G":"13","9H":"13","G7":"13","2R":"13"},"CJ":{"GM":"13","FM":"13","FJ":"13","CM":"13","5J":"13","6M":"13","5M":"13","5P":"13","42":"13","6P":"13","6J":"13","CJ":"13","GJ":"13"},"FH":{"H7":"13","M7":"13","FM":"13","P6":"13","FJ":"13","J7":"13","M6":"13","J6":"13","H6":"13","CH":"13","CJ":"13","FH":"13","P7":"13"},"WF":{"FV":"13"},"6Q":{"W4":"13","W5":"13","X5":"13","X4":"13","X3":"13","W6":"13"},"7Q":{"23":"13","24":"13"},"V9":{"2M":"13"},"8P":{"XV":"13","VV":"13","WV":"13","WR":"13","VW":"13","XR":"13","WW":"13"}},"HG":{"58":{"3V":"13","2W":"13","3X":"13","2X":"13","2R":"13","2V":"13","3W":"13"},"RR":{"CJ":"13","CM":"13","9J":"13","9M":"13","8J":"13"},"WR":{"FR":"13"},"59":{"32":"13","23":"13","42":"13","43":"13","33":"13","22":"13"},"87":{"29":"13","39":"13","2C":"13","49":"13","4C":"13","3C":"13"},"J2":{"43":"13","35":"13","34":"13","47":"13","45":"13","48":"13","37":"13","44":"13","22":"13","38":"13","32":"13"},"77":{"X9":"13","W8":"13","W9":"13","XC":"13","X8":"13"},"48":{"XV":"13","XW":"13"}},"52":{"MG":{"XG":"13","WH":"13","XH":"13","WG":"13"},"R4":{"H5":"13","RR":"13","VR":"13","G5":"13"},"W2":{"X2":"13"},"5W":{"GM":"13","MP":"13","HP":"13","MM":"13","JM":"13","HM":"13","JP":"13","RV":"13","PW":"13","GJ":"13","RW":"13"},"PG":{"7G":"13","43":"13","FG":"13","8G":"13","6C":"13","8F":"13","5H":"13","44":"13","7F":"13","8C":"13","6F":"13","Q5":"13","GH":"13","FH":"13","7C":"13"},"RQ":{"PC":"13"},"X2":{"22":"13"},"PF":{"XW":"3"},"PJ":{"84":"13","8G":"13","74":"13"},"5X":{"Q6":"13","P4":"13","V3":"13","J5":"13","Q4":"13","R6":"13","H4":"13","P5":"13","M7":"13","M4":"13","V5":"13","J4":"13","P6":"13","W5":"13","H5":"13","G6":"13","H7":"13","M6":"13","H6":"13","M5":"13","R4":"13","Q5":"13","V4":"13","M3":"13","R5":"13","J7":"13","W4":"13","J6":"13","G5":"13","P3":"13","P7":"13","R3":"13"},"Q2":{"XV":"13","VV":"13","WV":"13","VW":"13","WW":"13"},"QG":{"G3":"13","G4":"13"},"7X":{"2J":"13","2G":"13","2H":"13","3H":"13"},"6X":{"MH":"13","XF":"13","PJ":"13","RH":"13","VM":"13","WF":"13","XH":"13","XJ":"13","MG":"13","RJ":"13","VF":"13","QG":"13","QF":"13","VJ":"13","PG":"13","RG":"13","VG":"13","WM":"13","QH":"13","WJ":"13","QC":"13","PH":"13","RC":"13","WG":"13","WH":"13","VH":"13","XG":"13","QJ":"13","RF":"13","PF":"13","MF":"13"},"G4":{"58":"13","46":"13","55":"13","47":"13","45":"13","57":"13","56":"13","48":"13"},"WC":{"88":"13","87":"13"},"P7":{"C6":"13","97":"13","F7":"13","C7":"13","F6":"13","96":"13"},"R3":{"HG":"13","FF":"13","H9":"13","FG":"13","GC":"13","HC":"13","JF":"13","CG":"13","GF":"13","JG":"13","JC":"13","FH":"13","HF":"13"}},"28":{"PJ":{"J2":"13","M2":"13"},"VM":{"H2":"13","G2":"13"},"QP":{"C6":"13","F6":"13"},"VW":{"GM":"13","98":"13","85":"13","97":"13","95":"13","87":"13","88":"13","GJ":"13","96":"13"},"VR":{"Q6":"13","F5":"13","P4":"13","F7":"13","Q4":"13","C6":"13","R6":"13","Q7":"13","C5":"13","XH":"13","P5":"13","XJ":"13","MG":"13","R7":"13","2H":"13","P6":"13","PG":"13","G6":"13","R4":"13","Q5":"13","4M":"13","3J":"13","C7":"13","G7":"13","R5":"13","F6":"13","3M":"13","4J":"13","2J":"13"},"65":{"W4":"13","X9":"13","W8":"13","W9":"13"},"V8":{"P5":"13"},"WR":{"F5":"13","G5":"13","F4":"13","XW":"13","C5":"13","C4":"13"},"XV":{"8V":"13","FJ":"13","9P":"13","5V":"13","8P":"13","FQ":"13","25":"13","8Q":"13","5Q":"13","5R":"13","GR":"13","R6":"13","9V":"13","CP":"13","GJ":"13","FC":"13","GV":"13","9C":"13","7Q":"13","4C":"13","6Q":"13","9F":"13","JH":"13","Q2":"13","6R":"13","R2":"13","7V":"13","6V":"13","HH":"13","C9":"13","HP":"13","26":"13","C2":"13","9M":"13","GQ":"13","27":"13","GP":"13","R3":"13","5C":"13","9J":"13","7R":"13","CH":"13","Q3":"13","9Q":"13","9R":"13","9G":"13","FF":"13","8R":"13","36":"13","8F":"13","CC":"13","8G":"13","99":"13","37":"13"},"XM":{"2G":"13","2H":"13"},"PP":{"RH":"13"},"MG":{"4F":"13","3G":"13","4G":"13","2G":"13","4H":"13","2H":"13","3H":"13","3F":"13"},"RM":{"7H":"13","7J":"13"},"WV":{"V7":"13","X6":"13","W7":"13","R9":"13","X7":"13","V9":"13","W6":"13"},"7H":{"FC":"13"},"VP":{"GP":"13","XF":"13","RH":"13","FQ":"13","FP":"13","HR":"13","GR":"13","8X":"13","RG":"13","VG":"13","JQ":"13","X9":"13","XC":"13","9X":"13","JW":"13","JV":"13","HV":"13","JR":"13","GQ":"13","HQ":"13","VH":"13","HP":"13"},"MM":{"86":"13","C6":"13","97":"13","85":"13","87":"13","C7":"13","96":"13"},"GJ":{"F5":"13","C5":"13"},"7C":{"32":"13","42":"13"},"VV":{"R3":"13","W3":"13","R2":"13"},"WW":{"FF":"13","FG":"13","9F":"13","CF":"13","GC":"13","GG":"13","FC":"13","CC":"13","CG":"13","GF":"13","GH":"13","FH":"13"},"79":{"4X":"13","3X":"13"},"VJ":{"GX":"13","HX":"13","FW":"13","FX":"13"},"RR":{"VG":"13","WF":"13","WG":"13"},"9W":{"M2":"13","M3":"13"},"WQ":{"7W":"13","PV":"13","5G":"13","5Q":"13","33":"13","6V":"13","PR":"13","6R":"13","8Q":"13","5R":"13","MW":"13","7R":"13","8R":"13","7Q":"13","7V":"13","2Q":"13","MV":"13","JW":"13","5V":"13","5F":"13","JV":"13","32":"13","JR":"13","8V":"13","4V":"13","PX":"13","4R":"13","MR":"13","6Q":"13"},"WM":{"6X":"13","XG":"13","XH":"13"},"XP":{"23":"13","24":"13"},"QH":{"5Q":"13","6Q":"13","5R":"13","6R":"13"},"WJ":{"4X":"13","4W":"13","5W":"13","5X":"13","6W":"13"},"CX":{"23":"13","56":"13","22":"13"},"98":{"MF":"13","PG":"13","PF":"13","MG":"13"},"XW":{"78":"13","77":"13","74":"13","G5":"13","75":"13","65":"13","F4":"13","66":"13","73":"13","64":"13","7P":"13","F5":"13","6P":"13","63":"13","G4":"13","67":"13","76":"13"},"VX":{"HC":"13","GC":"13"},"FF":{"XV":"13","XR":"13"},"WP":{"39":"13","2C":"13","4H":"13","59":"13","29":"13","5G":"13","3F":"13","4C":"13","4G":"13","3C":"13","2F":"13","5F":"13","49":"13","5C":"13","X4":"13","3G":"13","X3":"13","4F":"13"},"WH":{"2J":"13","2M":"13"},"48":{"8H":"13"},"VQ":{"QJ":"13","34":"13","PJ":"13","C6":"13","69":"13","44":"13","XQ":"13","QM":"13","QH":"13","WR":"13","PH":"13","XR":"13","79":"13","WQ":"13","6C":"13","68":"13","7C":"13"},"VH":{"RG":"13","VG":"13","XM":"13","XJ":"13"},"XG":{"6V":"13","MH":"13","MG":"13"},"QJ":{"V5":"13","Q8":"13","X7":"13","R5":"13","V8":"13","W6":"13","X6":"13","R8":"13","V7":"13","W7":"13","Q7":"13","R6":"13","R7":"13","Q6":"13","V6":"13"},"XR":{"9Q":"13","6Q":"13","5R":"13","2W":"13","6V":"13","6R":"13","9P":"13","3W":"13"},"MF":{"3C":"13"}},"RX":{"34":{"7W":"13","9Q":"13","6W":"13","9M":"13","FQ":"13","FP":"13","9P":"13","CW":"13","8W":"13","6V":"13","6X":"13","9J":"13","6R":"13","8Q":"13","5R":"13","7R":"13","8X":"13","8R":"13","9V":"13","CP":"13","7V":"13","9W":"13","8J":"13","5W":"13","CR":"13","9X":"13","Q5":"13","5V":"13","CV":"13","8V":"13","8P":"13","9R":"13","4V":"13","8M":"13","7M":"13","4R":"13","CQ":"13","7X":"13"},"58":{"43":"13","46":"13","33":"13","34":"13","47":"13","37":"13","44":"13","42":"13","36":"13","32":"13"},"47":{"H8":"13","H9":"13","J7":"13","J8":"13","M9":"13","J9":"13","HC":"13","JC":"13"},"GG":{"2J":"13"},"35":{"63":"13","83":"13","73":"13","84":"13","72":"13","82":"13","93":"13","52":"13","92":"13","53":"13","62":"13","94":"13"},"92":{"WV":"13"},"57":{"6J":"13"},"6X":{"99":"13","9C":"13"},"MG":{"G9":"13","J8":"13","H9":"13","H8":"13","J9":"13"},"37":{"QF":"5","Q9":"5","QC":"5"},"2C":{"7W":"13","6W":"13","8W":"13","6V":"13","6X":"13","MG":"13","MC":"13","V9":"13","JF":"13","QG":"13","QF":"13","RG":"13","7V":"13","5W":"13","W9":"13","VC":"13","PC":"13","JC":"13","XW":"13","8V":"13","WC":"13","PF":"13","RF":"13","7X":"13","MF":"13"},"PG":{"36":"13","25":"13","35":"13"},"7Q":{"QW":"13","QV":"13"},"RG":{"5P":"3"},"36":{"GP":"13","HQ":"13","HP":"13","GM":"13","JQ":"13","GQ":"13","HR":"13","HM":"13"},"2F":{"WV":"13","P6":"13","WM":"13","V9":"13"},"25":{"7W":"13","9Q":"13","MH":"13","GP":"13","PJ":"13","FP":"13","9P":"13","CW":"13","8W":"13","HM":"13","MM":"13","7R":"13","8R":"13","9V":"13","QG":"13","QF":"13","PG":"13","7Q":"13","RG":"13","JM":"13","CP":"13","MJ":"13","7V":"13","9W":"13","PM":"13","CR":"13","QH":"13","MP":"13","CV":"13","8V":"13","9R":"13","GM":"13","PH":"13","JP":"13","HQ":"13","HP":"13","RF":"13","PF":"13","HJ":"13","CQ":"13","JH":"13","JJ":"13"},"XP":{"4G":"13","4H":"13"},"FG":{"XP":"13","XQ":"13","XH":"13","XJ":"13"},"44":{"R3":"13","Q3":"13","Q4":"13","P5":"13","Q2":"13","R2":"13","P4":"13","P3":"13"},"29":{"58":"13","5G":"13","47":"13","38":"13","4G":"13","88":"13","57":"13","2C":"13","4C":"13","2H":"13","78":"13","7C":"13","56":"13","2M":"13","79":"13","X9":"13","5F":"13","89":"13","3H":"13","3J":"13","5C":"13","3C":"13","68":"13","4F":"13","49":"13","6C":"13","39":"13","48":"13","2J":"13","6F":"13","67":"13","69":"13"},"3C":{"4H":"13"},"49":{"HC":"13"},"8V":{"JW":"13","MW":"13"},"VX":{"MF":"13","JF":"13","JH":"13","MH":"13","JG":"13","MG":"13"},"3F":{"4J":"13"},"PH":{"JV":"13","HQ":"13","JQ":"13","MR":"13","JR":"13","HR":"13","HV":"13"},"39":{"FC":"13","GC":"13","GH":"13","GG":"13","3V":"13","HF":"13","7F":"13","CH":"13","6H":"13","7H":"13","CF":"13","JF":"13","8G":"13","HG":"13","FH":"13","7G":"13","CG":"13","FG":"13","HC":"13","CJ":"13","JC":"13","4V":"13","8H":"13","FF":"13","GF":"13","6G":"13"},"3G":{"54":"13","44":"13","42":"13","52":"13","43":"13","53":"13"},"48":{"8V":"13","7G":"13","6G":"13","8H":"13","6H":"13","8W":"13","8J":"13","7H":"13"}},"W7":{"RR":{"6G":"13","7G":"13"},"XC":{"7H":"13","8G":"13","8H":"13","7G":"13"},"QC":{"32":"13","23":"13","33":"13","22":"13"}},"WM":{"35":{"R3":"13","Q3":"13","P5":"13","Q4":"13","V3":"13","M5":"13","Q5":"13","V4":"13","R5":"13","R4":"13","P4":"13"}},"R7":{"5X":{"RP":"13","VP":"13","WP":"13"}},"HC":{"F2":{"MF":"13","JF":"13","JC":"13","93":"13","92":"13","JG":"13"},"Q9":{"J8":"5","C5":"5","C4":"5"}},"MC":{"54":{"QJ":"13","PJ":"13","QM":"13","PM":"13"}},"Q2":{"9Q":{"R9":"13","VC":"13","V9":"13","RC":"13"},"P4":{"7F":"13","8F":"13","V8":"13","8C":"13","7C":"13","X5":"13","79":"13","H8":"13","W5":"13","H7":"13","X6":"13","89":"13","W6":"13","6C":"13","6F":"13","69":"13"},"V3":{"2X":"13"},"J5":{"3V":"13","3R":"13","2V":"13","4J":"13","2W":"13","5J":"13","3X":"13","VC":"13","PG":"13","QF":"13","HR":"13","VF":"13","RC":"13","PF":"13","3W":"13","3P":"13","2X":"13","QG":"13","HV":"13","RF":"13","3Q":"13","2Q":"13","2R":"13"},"Q4":{"W4":"13","86":"13","X4":"13"},"FP":{"FR":"13","FQ":"13","CP":"13","CQ":"13","FP":"13","CR":"13"},"9P":{"XP":"13","XQ":"13"},"GH":{"V7":"13","W7":"13","9C":"13","W8":"13","V8":"13"},"GG":{"GM":"13"},"CH":{"X3":"13","9M":"13","9C":"13","FQ":"13","FX":"13","CW":"13","HF":"13","HM":"13","MC":"13","CF":"13","X5":"13","W5":"13","HG":"13","JQ":"13","V2":"13","X6":"13","W3":"13","CG":"13","FG":"13","HH":"13","HC":"13","CX":"13","CJ":"13","JR":"13","W6":"13","CC":"13","WC":"13","CM":"13","HP":"13","MQ":"13","PF":"13","MF":"13","MR":"13","JH":"13","R2":"13"},"9J":{"FC":"13","F9":"13"},"H5":{"WV":"13","WR":"13","VV":"13","XW":"13","WW":"13","XX":"13","MW":"13","VR":"13","JX":"13","XR":"13","XV":"13","MX":"13"},"H6":{"HJ":"13","J3":"13","MM":"13","GP":"13","93":"13","JJ":"13","GM":"13","MJ":"13","J2":"13","M2":"13","FM":"13","92":"13","JM":"13","C3":"13","GJ":"13","HM":"13"},"M5":{"73":"13","72":"13","PV":"13","62":"13"},"J8":{"M2":"13","P2":"13"},"R4":{"R3":"13","V3":"13","F3":"13","Q2":"13","W2":"13","V4":"13","R2":"13","R4":"13","V9":"5"},"CG":{"RX":"13","VX":"13"},"FG":{"QH":"13","MG":"13","RG":"13","MF":"13","QG":"13","RH":"13","9V":"13","P9":"13","JF":"13","JG":"13","MH":"13","JH":"13","Q9":"13"},"V4":{"32":"13","3X":"13","33":"13"},"V6":{"49":"13","48":"13"},"HH":{"CM":"13"},"J7":{"MX":"13","PX":"13","PW":"13","MW":"13"},"GQ":{"48":"5"},"XR":{"WG":"5"},"R3":{"RX":"13","WX":"13"}},"JQ":{"Q6":{"XP":"13","XQ":"13","XR":"13"},"R6":{"3V":"13","3R":"13","2P":"13","2V":"13","3W":"13","4V":"13","4W":"13","5V":"13","2Q":"13","2R":"13"},"VC":{"9Q":"13","FR":"13","9R":"13","CV":"13","CQ":"13","CR":"13"},"V8":{"MV":"13","QR":"13","32":"13","23":"13","42":"13","PP":"13","MP":"13","MQ":"13","PV":"13","PQ":"13","MR":"13","PR":"13","33":"13","22":"13","QV":"13"},"RC":{"78":"13","77":"13","74":"13","75":"13","68":"13","65":"13","83":"13","94":"13","66":"13","73":"13","85":"13","93":"13","95":"13","87":"13","86":"13","76":"13","67":"13","84":"13","96":"13"}},"JC":{"R8":{"QR":"13","XQ":"13","RR":"13","XR":"13","QQ":"13"},"Q8":{"9X":"13"},"V8":{"2R":"13","2Q":"13"},"Q9":{"C3":"13","83":"13","92":"13","94":"13","C2":"13","73":"13","82":"13","93":"13","C4":"13","84":"13"},"V9":{"2H":"13","4P":"13","3R":"13","4Q":"13","6M":"13","5M":"13","5P":"13","3P":"13","7P":"13","6P":"13","3Q":"13","2Q":"13","7Q":"13","6Q":"13","5Q":"13"}},"XV":{"97":{"25":"13","23":"13","24":"13"},"58":{"5R":"13","6R":"13"},"87":{"X5":"13","X4":"13","X3":"13"}},"RW":{"5W":{"R2":"13","V2":"13"},"5V":{"RX":"13","VX":"13"},"4V":{"JR":"13"}},"43":{"P5":{"65":"13","64":"13","55":"13"},"M7":{"C6":"13","97":"13","F5":"13","F7":"13","C7":"13","95":"13","F6":"13","96":"13","C5":"13"},"P3":{"VJ":"13","RJ":"13","VM":"13","RM":"13"}},"C4":{"3Q":{"9F":"13","CC":"13","99":"13","8F":"13","9C":"13","C9":"13","CG":"13","9G":"13","CF":"13"},"2Q":{"CR":"13"}},"W4":{"XQ":{"HF":"13","HG":"13"}},"97":{"XV":{"X9":"13","WC":"13","W9":"13","XC":"13"}},"VR":{"7W":{"XG":"13","XF":"13"},"V5":{"39":"13","38":"13","3C":"13"},"G6":{"JH":"13","MH":"13","JG":"13","MG":"13"},"8W":{"2F":"13","2G":"13"}},"29":{"G8":{"4J":"13","3M":"13","4M":"13"},"H3":{"MF":"13","7F":"13","6F":"13","F5":"13","GF":"13","F4":"13","PF":"13","28":"13","C5":"13","C4":"13"},"C6":{"RW":"13","86":"13","FH":"13","FG":"13","VW":"13","RX":"13","2R":"13","2Q":"13","WX":"13","WW":"13","VX":"13"},"J9":{"R3":"13","JP":"13","V3":"13","XH":"13"},"F4":{"XV":"13","X6":"13","XW":"13"},"G6":{"R8":"13","Q8":"13","X4":"13","R9":"13","22":"13"},"H4":{"MF":"13","QR":"13","PG":"13","JF":"13","PH":"13","MH":"13","JG":"13","PR":"13","MG":"13"},"C5":{"88":"13","5R":"13","98":"13","97":"13","4Q":"13","99":"13","4R":"13","6W":"13","C8":"13","8X":"13","4V":"13"},"P3":{"F5":"13","F4":"13","C4":"13"},"H9":{"5J":"13","5M":"13","5H":"13"},"P6":{"RH":"13","W4":"13","QG":"13","RG":"13","QH":"13","X4":"13"},"R6":{"QJ":"13","QM":"13","PJ":"13","JP":"13","JQ":"13","PM":"13","JG":"13"},"F3":{"7P":"13"},"W5":{"WW":"13","XW":"13"},"G9":{"8M":"13","7M":"13","4M":"13","8X":"13","7X":"13","8J":"13"},"H6":{"8H":"13","M7":"13","8G":"13","J7":"13","25":"13","7H":"13","24":"13","P7":"13"},"J7":{"V7":"13","W2":"13","QM":"13","W7":"13","X2":"13","RM":"13"},"JJ":{"5J":"13","5M":"13","6M":"13","6J":"13"},"X6":{"26":"13"},"M5":{"42":"13","52":"13"},"WX":{"8Q":"13","8R":"13"},"FC":{"JP":"13","HP":"13","X2":"13","X3":"13","JM":"13","HM":"13"},"M6":{"26":"13","Q9":"13","QC":"13"},"G4":{"5J":"13"},"X4":{"FV":"13","8H":"13","9J":"13","GW":"13","9H":"13","8J":"13","GV":"13"},"V6":{"CJ":"13","FH":"13","CH":"13","FJ":"13"},"F7":{"V7":"13","P5":"13","M5":"13","4W":"13","R7":"13","P6":"13","P4":"13","J2":"13","M2":"13","M4":"13"},"G3":{"3V":"13","3R":"13","QQ":"13","MF":"13","GV":"13","PQ":"13","FV":"13","MC":"13","PR":"13","GW":"13","4R":"13","QR":"13","FW":"13"},"X2":{"59":"13","49":"13"},"V3":{"HQ":"13"},"W7":{"Q4":"13","Q5":"13","V4":"13","R5":"13","R4":"13","V5":"13"},"HC":{"8F":"13","9C":"13","8C":"13"},"MC":{"3V":"13","43":"13","33":"13","3W":"13"},"MG":{"J2":"13","M2":"13"},"JC":{"MV":"13","4J":"13","3J":"13","9X":"13","4H":"13","3H":"13","CX":"13"},"Q2":{"Q6":"13","P7":"13","P6":"13","Q7":"13"},"R2":{"VQ":"13","XM":"13","XQ":"13","XP":"13","WP":"13","WM":"13","RQ":"13","WQ":"13","VM":"13","RR":"13","RP":"13","RV":"13","VP":"13","RM":"13"},"GC":{"QG":"13","23":"13","72":"13","P7":"13","82":"13","P6":"13","22":"13","H6":"13"},"J6":{"7H":"13","QR":"13","PR":"13","7G":"13"},"96":{"XQ":"13","QP":"13","XR":"13","RP":"13"},"Q6":{"HH":"13"},"X5":{"R5":"13","R6":"13","XH":"13","V6":"13","V5":"13"},"P7":{"66":"13","67":"13","52":"13","62":"13"},"W2":{"PQ":"13"},"W6":{"FQ":"13","CP":"13","CQ":"13","FP":"13"},"H5":{"C3":"13","QV":"13","FV":"13","RR":"13","RV":"13","QR":"13","FW":"13","F3":"13"},"MP":{"MR":"13","HR":"13","MW":"13","GR":"13","HV":"13","JW":"13","JQ":"13","JV":"13","MV":"13","HQ":"13","JR":"13","HW":"13"},"F6":{"9Q":"13","5G":"13","J5":"13","RX":"13","GC":"13","9P":"13","VW":"13","C8":"13","HF":"13","88":"13","86":"13","6H":"13","87":"13","8Q":"13","5H":"13","7Q":"13","H5":"13","G6":"13","FH":"13","H6":"13","FG":"13","HC":"13","C7":"13","98":"13","96":"13","VX":"13","8P":"13","97":"13","C9":"13","G5":"13","GF":"13","RW":"13","6G":"13","X2":"13"},"M3":{"X3":"13"},"F8":{"MF":"13","HF":"13","JF":"13","JC":"13","HC":"13","JG":"13","MC":"13"},"M8":{"26":"13","38":"13","37":"13","27":"13"},"QP":{"86":"2","Q6":"13","76":"2","R6":"13","Q7":"13"},"G7":{"M9":"13","P9":"13"},"J4":{"QJ":"13","PJ":"13","QH":"13","PH":"13"},"C7":{"JV":"13","W2":"13","R2":"13","V2":"13","JR":"13","HR":"13","HV":"13"},"J8":{"JP":"13","MP":"13"},"M9":{"MM":"13","JJ":"13","JM":"13"},"M7":{"QJ":"13","VJ":"13","4F":"13","QM":"13","G4":"13","RJ":"13","VM":"13","QP":"13","G5":"13","4C":"13","3C":"13","RP":"13","F4":"13","3F":"13","RM":"13"},"MF":{"MX":"13","JX":"13"},"J3":{"98":"13","99":"13","MJ":"13","68":"13"},"G5":{"C5":"13","F7":"13","74":"13","C6":"13","75":"13","F6":"13","7M":"13","6M":"13","94":"13","7P":"13","85":"13","97":"13","95":"13","C7":"13","6P":"13","87":"13","86":"13","76":"13","84":"13","96":"13"}},"2C":{"W4":{"WV":"13","QW":"13","WR":"13","VV":"13","XW":"13","WW":"13","XX":"13","PG":"13","QV":"13","VW":"13","VR":"13","WX":"13","VX":"13","RV":"13","QX":"13","XV":"13","RX":"13","RW":"13"},"W5":{"R3":"13","Q3":"13","W4":"13","X6":"13","V3":"13","W5":"13","Q2":"13","W2":"13","W3":"13","X5":"13","R2":"13","X4":"13","W7":"13","X2":"13","V2":"13","R4":"13","X3":"13","X7":"13","W6":"13"},"X5":{"34":"13","26":"13","36":"13","25":"13","23":"13","24":"13","35":"13","27":"13"}},"R2":{"GX":{"2Q":"13"},"G4":{"QX":"13","RX":"13","QW":"13"},"W7":{"5P":"13","6M":"13","6P":"13"},"G5":{"Q2":"13"}},"49":{"MV":{"2F":"13","3G":"13","2G":"13","3F":"13"},"GX":{"JC":"13"},"QX":{"84":"13","74":"13"},"JW":{"HJ":"13","HH":"13","JH":"13","JJ":"13"},"HX":{"CG":"13"},"JX":{"F2":"13","HP":"13","C2":"13","HM":"13"},"QW":{"8X":"13"},"2M":{"3G":"13","2G":"13"},"PW":{"MQ":"13","JQ":"13"},"HV":{"QG":"13","PG":"13","QH":"13","PH":"13"}},"R8":{"JP":{"7P":"13","6M":"13","6P":"13","8P":"13"},"GV":{"7H":"13","7M":"13","6M":"13","6H":"13","6J":"13","7J":"13","8J":"13"}},"95":{"M7":{"8J":"13"}},"94":{"XG":{"RX":"13","VX":"13"},"XM":{"GP":"13","FQ":"13","HQ":"13","GQ":"13","GR":"13","FP":"13"},"XH":{"R2":"13","V2":"13"},"3W":{"VJ":"13","VM":"13","WJ":"13","WM":"13"}},"8H":{"FP":{"36":"13"}},"82":{"XX":{"QW":"13"}},"7X":{"QW":{"G3":"13","F3":"13","H4":"13","G4":"13","H3":"13","F4":"13"},"GX":{"M2":"13","G5":"13","G6":"13"},"8X":{"CC":"13","FC":"13","FF":"13","CF":"13"},"CW":{"M6":"13","J6":"13","J5":"13"},"JW":{"JQ":"13","JR":"13","JM":"13","HM":"13"},"XV":{"QP":"13","QQ":"13"},"RW":{"C6":"13","C5":"13","C4":"13","94":"13"},"CX":{"62":"13"}},"72":{"P4":{"9J":"13"},"H7":{"MF":"13","JH":"13","JJ":"13","MJ":"13","MH":"13","JG":"13","MG":"13"}},"J6":{"W7":{"XW":"13"},"X7":{"2W":"13"}},"96":{"44":{"R9":"13","Q9":"13","RC":"13","QC":"13"},"74":{"33":"13"},"55":{"49":"13"},"77":{"7F":"13","6F":"13","7C":"13"},"M2":{"63":"13","54":"13","64":"13","53":"13"}},"53":{"62":{"7G":"13","8H":"13","8G":"13","FR":"13","CQ":"13","6H":"13","7M":"13","FQ":"13","8R":"13","6M":"13","9M":"13","8J":"13","7H":"13","9R":"13","9Q":"13","7P":"13","GH":"13","7R":"13","9J":"13","8M":"13","6J":"13","7J":"13","CR":"13","FH":"13","8Q":"13","7Q":"13","8P":"13"},"63":{"HX":"13","CQ":"13","FQ":"13","VW":"13","JX":"13","9Q":"13","VX":"13","QR":"13","PW":"13","9P":"13","MX":"13","PX":"13","RX":"13","RW":"13","HW":"13"},"84":{"J7":"13","H5":"13","M6":"13","G7":"13","H7":"13","M7":"13","J6":"13","H6":"13","G6":"13"},"83":{"9P":"13","5V":"13","8P":"13","FQ":"13","7M":"13","4P":"13","3R":"13","5P":"13","8Q":"13","5Q":"13","5F":"13","3V":"13","5R":"13","3M":"13","6M":"13","2M":"13","CP":"13","6J":"13","CM":"13","5G":"13","4G":"13","3H":"13","7Q":"13","7C":"13","6Q":"13","FP":"13","7J":"13","2R":"13","6R":"13","6G":"13","2H":"13","6V":"13","4R":"13","9M":"13","GP":"13","4H":"13","9J":"13","H5":"13","7R":"13","6H":"13","4Q":"13","FM":"13","CQ":"13","4M":"13","6P":"13","7P":"13","8C":"13","2P":"13","3G":"13","3P":"13","8M":"13","5M":"13","2G":"13","7G":"13","2V":"13","4V":"13","5H":"13","7F":"13","8J":"13","6F":"13","G5":"13"},"74":{"J2":"13","G8":"13","H3":"13","86":"13","H8":"13","66":"13","MQ":"13","38":"13","C6":"13","84":"13","J9":"13","24":"13","F4":"13","G6":"13","H4":"13","C5":"13","HF":"13","QR":"13","H9":"13","GM":"13","QQ":"13","68":"13","G9":"13","J5":"13","73":"13","H6":"13","47":"13","H2":"13","JG":"13","PQ":"13","G4":"13","65":"13","MR":"13","67":"13","F5":"13","F7":"13","G2":"13","G3":"13","48":"13","83":"13","98":"13","F2":"13","28":"13","85":"13","HC":"13","FP":"13","MG":"13","JC":"13","97":"13","95":"13","GC":"13","J6":"13","96":"13","PR":"13","76":"13","77":"13","HP":"13","57":"13","23":"13","58":"13","27":"13","GP":"13","46":"13","64":"13","H5":"13","F6":"13","FM":"13","HM":"13","M3":"13","G7":"13","C7":"13","54":"13","74":"13","78":"13","JF":"13","HQ":"13","22":"13","MF":"13","J3":"13","36":"13","56":"13","75":"13","45":"13","G5":"13","99":"13","37":"13","55":"13"},"C3":{"XX":"13","WX":"13","WW":"13","XW":"13"},"72":{"36":"13","37":"13","76":"13","46":"13","66":"13","47":"13","45":"13","57":"13","77":"13","56":"13","67":"13","35":"13"},"65":{"P4":"13","RQ":"13","PV":"13","J5":"13","QV":"13","PR":"13","H4":"13","P5":"13","M4":"13","PQ":"13","J4":"13","QQ":"13","H3":"13","H5":"13","G6":"13","RR":"13","G4":"13","H7":"13","J3":"13","H6":"13","M5":"13","QR":"13","G7":"13","M3":"13","J7":"13","J6":"13","G5":"13"},"C5":{"MR":"13","PV":"13","XJ":"13","MW":"13","WJ":"13","PW":"13","JV":"13","MV":"13","MX":"13","JR":"13","PX":"13"},"H4":{"29":"13","39":"13","2C":"13","3C":"13"},"88":{"25":"13","24":"13","27":"13"},"92":{"63":"13","84":"13","83":"13","74":"13","95":"13","C6":"13","CW":"13","65":"13","8W":"13","3V":"13","C5":"13","85":"13","88":"13","57":"13","86":"13","87":"13","2C":"13","8R":"13","78":"13","56":"13","9V":"13","7V":"13","2W":"13","9W":"13","2F":"13","77":"13","2G":"13","55":"13","75":"13","2V":"13","CV":"13","3W":"13","FV":"13","8V":"13","96":"13","9R":"13","54":"13","97":"13","73":"13","64":"13","FW":"13","67":"13","66":"13","76":"13"},"C4":{"W2":"13","CC":"13","GF":"13","FC":"13","X2":"13","FF":"13","CF":"13"},"87":{"Q8":"13","Q6":"13","P7":"13","P9":"13","P8":"13","Q7":"13","Q9":"13"},"53":{"4J":"13"},"78":{"Q6":"13","R6":"13","X8":"13","X4":"13","Q7":"13","V5":"13","R7":"13","W8":"13","P6":"13","X5":"13","W5":"13","X6":"13","R4":"13","Q5":"13","V7":"13","V4":"13","V6":"13","R5":"13","W7":"13","W6":"13","W4":"13","X7":"13"},"52":{"5R":"13","H4":"13","6R":"13"},"77":{"JC":"13","M9":"13","MC":"13","J9":"13"},"J9":{"39":"13","8F":"13","3F":"13","4C":"13","3C":"13","2F":"13","98":"13","8C":"13","49":"13","89":"13","3G":"13","2G":"13","4F":"13"},"J8":{"HG":"13","HH":"13","HJ":"13","GG":"13","JF":"13","GH":"13","JG":"13","JH":"13","JC":"13","GJ":"13","HF":"13"},"93":{"63":"13","54":"13","44":"13","64":"13","43":"13","53":"13"},"43":{"PC":"13","PF":"13"},"82":{"MX":"13","XF":"13","V8":"13","V9":"13","W8":"13","MW":"13","QW":"13","PW":"13","RR":"13","R9":"13","W9":"13","XC":"13","VC":"13","QR":"13","QX":"13","PX":"13","RC":"13","WC":"13","XG":"13","R8":"13"},"F3":{"2X":"13"},"54":{"84":"13","94":"13"},"73":{"FX":"13","PV":"13","7P":"13","9M":"13","GP":"13","CX":"13","PR":"13","8P":"13","8J":"13","CP":"13","HX":"13","WV":"13","GM":"13","PM":"13","PW":"13","XR":"13","JJ":"13","RV":"13","CQ":"13","7Q":"13","QP":"13","JQ":"13","MR":"13","9J":"13","XM":"13","GX":"13","VR":"13","HM":"13","CJ":"13","8Q":"13","MP":"13","VV":"13","FJ":"13","QQ":"13","QR":"13","HQ":"13","XV":"13","FV":"13","MV":"13","PP":"13","XP":"13","GJ":"13","JV":"13","GV":"13","FQ":"13","8R":"13","HR":"13","PQ":"13","GW":"13","FM":"13","CM":"13","WR":"13","5P":"13","FP":"13","6M":"13","CW":"13","CV":"13","JR":"13","XQ":"13","7M":"13","8M":"13","QV":"13","HP":"13","6P":"13","HJ":"13","JM":"13","RW":"13","FW":"13","MQ":"13","VQ":"13","VW":"13","QW":"13","JP":"13","GQ":"13","WQ":"13","MM":"13","9P":"13"},"64":{"58":"13","X3":"13","47":"13","GH":"13","X8":"13","7F":"13","8F":"13","57":"13","CH":"13","GV":"13","9H":"13","7H":"13","W8":"13","9G":"13","GR":"13","GJ":"13","8G":"13","G6":"13","X9":"13","FH":"13","W9":"13","FM":"13","7G":"13","G7":"13","CJ":"13","FJ":"13","8H":"13","M2":"13","48":"13","6F":"13","6G":"13"},"76":{"GP":"13","FC":"13","GC":"13","G9":"13","GH":"13","GG":"13","HF":"13","HM":"13","JF":"13","GJ":"13","HG":"13","JM":"13","H9":"13","J9":"13","JG":"13","HH":"13","HC":"13","JC":"13","GM":"13","FF":"13","HP":"13","GF":"13","HJ":"13","MF":"13","JH":"13","JJ":"13"}},"WR":{"CW":{"2C":"13","2F":"13"}},"Q6":{"QM":{"F5":"13","F4":"13","95":"13","C3":"13","C5":"13","C4":"13","94":"13"},"QH":{"W4":"13","W5":"13","V4":"13","V5":"13"},"99":{"5Q":"13","6Q":"13","5P":"13","6P":"13"}},"PF":{"6F":{"R8":"13","V7":"13","Q8":"13","R7":"13","R6":"13","R9":"13","Q7":"13","Q9":"13"},"99":{"26":"13","27":"13"},"89":{"V4":"13","V5":"13","W5":"13","X7":"13","W6":"13","X6":"13","W4":"13","X4":"13","X5":"13","X3":"13"},"C9":{"CJ":"13","FH":"13","FJ":"13","GH":"13","GJ":"13"}},"R4":{"XW":{"CW":"13","P5":"13","Q5":"13","R5":"13","Q6":"13","R6":"13","9X":"13","9W":"13","9V":"13","P6":"13","CV":"13","CX":"13"}},"PR":{"84":{"RQ":"13","RP":"13","QQ":"13","VP":"13"},"2R":{"5Q":"13"}},"P5":{"V5":{"88":"13","87":"13","77":"13","78":"13"},"Q4":{"PX":"13","PW":"13"},"XH":{"9J":"13","8J":"13"},"W4":{"43":"13","R9":"13","58":"13","68":"13","RC":"13","XF":"13","8C":"13","99":"13","WJ":"13","89":"13","VJ":"13","88":"13","VH":"13","67":"13","HF":"13"},"8F":{"R3":"13","Q3":"13","V3":"13","Q2":"13","V4":"13","R2":"13","R4":"13","P3":"13"},"H4":{"J8":"13","H8":"13"},"W3":{"WH":"13","VF":"13","JX":"13","VG":"13","38":"13","JW":"13","VH":"13","HW":"13"},"64":{"7G":"13","8H":"13","8G":"13","57":"13","58":"13","68":"13","8F":"13","7F":"13","9G":"13","67":"13"},"Q6":{"GP":"13","HP":"13","JJ":"13","GM":"13","FM":"13","JM":"13","FP":"13","HM":"13"},"X4":{"6F":"13","5C":"13","4F":"13","5G":"13","4G":"13","49":"13","6G":"13","5F":"13","6C":"13"},"X5":{"XQ":"13","CQ":"13","CM":"13","XP":"13","CP":"13","8R":"13","J6":"13","9M":"13","9R":"13","WQ":"13","9Q":"13","9P":"13","8M":"13","8Q":"13","J5":"13","8P":"13"},"32":{"5G":"13","4G":"13","4H":"13"}},"X5":{"X2":{"MX":"13"},"X3":{"M2":"13","P2":"13"}},"3X":{"XV":{"V8":"13"},"8F":{"63":"13"},"5G":{"Q6":"13","Q7":"13"},"59":{"PV":"13"}},"HH":{"WX":{"86":"13","85":"13","75":"13","65":"13","76":"13","74":"13","64":"13"},"VX":{"RX":"13"}},"76":{"49":{"9F":"13","CC":"13","CG":"13","FF":"13","9G":"13","CF":"13"},"7R":{"FR":"13","GP":"13","FQ":"13","HQ":"13","GQ":"13","HR":"13","GR":"13"}},"77":{"3Q":{"VP":"13","VQ":"13"}},"26":{"XP":{"WW":"13"},"9F":{"J7":"13","J8":"13","M8":"13","M7":"13"},"RR":{"29":"13"},"5W":{"FX":"13","CX":"13"},"52":{"J3":"13"},"J5":{"98":"13","97":"13","C7":"13","C8":"13"}},"C2":{"34":{"6V":"13","HP":"13","5V":"13"},"44":{"HW":"13"},"QQ":{"57":"13"},"RM":{"Q3":"13"}},"P7":{"23":{"W2":"13","W3":"13"}},"27":{"58":{"WH":"13","35":"13","4H":"13","34":"13","4G":"13","85":"13","X4":"13","X5":"13","JC":"13","86":"13","VH":"13"},"7W":{"88":"13","98":"13","97":"13","87":"13"},"47":{"XV":"13","83":"13","73":"13","84":"13","Q7":"13","XW":"13","5V":"13"},"H2":{"W4":"13","V3":"13","V4":"13","W3":"13"},"38":{"MH":"13","WX":"13"},"HF":{"6Q":"13"},"V8":{"G2":"13"},"35":{"HH":"13","FQ":"13","CP":"13","JH":"13","CQ":"13","FP":"13"},"57":{"HH":"13","HJ":"13","2V":"13","RG":"13","2W":"13","GV":"13","M6":"13","8J":"13","GG":"13","3F":"13","RH":"13","3G":"13","VG":"13","GF":"13","7J":"13","VH":"13","V9":"13"},"37":{"H3":"13","J3":"13","53":"13","64":"13","R6":"13","J2":"13","V6":"13","63":"13","54":"13"},"3R":{"CC":"13","9C":"13"},"53":{"8F":"13"},"7H":{"GR":"13","GV":"13"},"46":{"P5":"13","4W":"13","XQ":"13","X5":"13","X4":"13","P4":"13","M4":"13","VX":"13"},"GR":{"CJ":"13","FH":"13","CH":"13","FJ":"13"},"78":{"58":"13"},"56":{"9F":"13","FR":"13","FQ":"13","PG":"13","25":"13","PH":"13","24":"13","VW":"13","9C":"13","CQ":"13","CR":"13"},"45":{"9R":"13","3M":"13","4M":"13","8R":"13"},"7Q":{"Q2":"13","R2":"13"},"CP":{"R2":"13","V2":"13"},"36":{"P5":"13","8M":"13","RG":"13","7M":"13","C2":"13","P6":"13","C3":"13"},"8J":{"9Q":"13"},"2Q":{"36":"13","46":"13","45":"13","35":"13"},"77":{"5R":"13","4R":"13","6W":"13","5V":"13","4V":"13"},"H6":{"HG":"13","HH":"13","F7":"13","XC":"13","X9":"13","F8":"13","JG":"13"},"7G":{"W4":"13","W5":"13","V4":"13"},"V7":{"GX":"13"},"FG":{"Q4":"13","2V":"13"},"26":{"RQ":"13","VQ":"13"},"V6":{"G5":"13"},"75":{"78":"13"},"M3":{"JF":"13","FM":"13"},"68":{"J7":"13","5Q":"13","83":"13","5R":"13","W4":"13","73":"13","V4":"13","6R":"13","6W":"13","X3":"13","W9":"13","J6":"13","V9":"13"},"FJ":{"6V":"13","6W":"13","7W":"13","7V":"13"},"27":{"F5":"13","8V":"13","8R":"13","JG":"13","F6":"13","G6":"13"},"C9":{"XF":"13","WF":"13","WC":"13","XC":"13"},"8M":{"VH":"13"},"4J":{"7Q":"13"},"48":{"FF":"13","F7":"13","6G":"13","FG":"13","P6":"13","P5":"13","CF":"13","XX":"13","F8":"13","4Q":"13","52":"13","G8":"13","G7":"13"},"GF":{"4X":"13","5X":"13"},"23":{"QJ":"13","QG":"13","QH":"13","99":"13","RJ":"13","PH":"13","9C":"13","C9":"13"},"67":{"78":"13","65":"13","J3":"13","92":"13","4Q":"13","PJ":"13","C2":"13","89":"13","79":"13","PH":"13","MH":"13"},"66":{"4P":"13"},"2P":{"VC":"13","V9":"13"}},"X8":{"X7":{"86":"13","85":"13"},"MH":{"J8":"13","M9":"13","M8":"13","J9":"13"},"JG":{"J8":"13","M8":"13"}},"PG":{"QF":{"RW":"13","QX":"13","RX":"13","QW":"13"},"PG":{"7C":"13"},"QH":{"3V":"13","9R":"13","3R":"13","4V":"13"}},"R3":{"MV":{"G4":"13"},"GP":{"GX":"13"},"3P":{"XF":"13","XC":"13"},"3M":{"HJ":"13","6F":"13","GP":"13","HP":"13","JJ":"13","GM":"13","JM":"13","5F":"13","GJ":"13","HM":"13"},"GQ":{"G3":"13","H2":"13","H3":"13","G2":"13"},"4P":{"2C":"13","2F":"13"}},"5C":{"XR":{"C6":"13","96":"13"},"WX":{"CG":"13"},"WW":{"R8":"13","Q8":"13","R7":"13","P7":"13","P8":"13","Q7":"13"}},"XX":{"4J":{"WH":"13","WJ":"13"},"6F":{"FX":"13","CX":"13"},"VG":{"2H":"13"},"3J":{"34":"13","23":"13","24":"13"},"2J":{"X4":"13"},"FW":{"95":"13","C5":"13"},"6G":{"F2":"13","83":"13","84":"13","C2":"13","93":"13","94":"13"},"4M":{"RH":"13","QF":"13","RF":"13","QG":"13","VJ":"13","RG":"13","QH":"13","RJ":"13","VH":"13"},"3F":{"4J":"13","5J":"13","4H":"13","5H":"13"}},"RV":{"6J":{"C3":"13","C4":"13"}},"GG":{"CF":{"H5":"13","J5":"13"}},"64":{"W4":{"XG":"13","XF":"13"},"X4":{"4F":"13","2F":"13","3J":"13","3G":"13","2J":"13","4G":"13","2G":"13","2H":"13","3H":"13","3F":"13"}},"63":{"39":{"3G":"13"},"77":{"83":"13","73":"13","72":"13","82":"13","92":"13"},"H3":{"26":"13","24":"13","27":"13"},"H2":{"58":"13","F7":"13","C8":"13","C6":"13","65":"13","88":"13","57":"13","78":"13","7C":"13","56":"13","F9":"13","79":"13","F8":"13","59":"13","77":"13","55":"13","89":"13","75":"13","C7":"13","G7":"13","98":"13","68":"13","96":"13","6C":"13","F6":"13","97":"13","C9":"13","67":"13","69":"13","66":"13","76":"13"},"59":{"6V":"13","6W":"13"},"G2":{"GX":"13","HX":"13","9X":"13","FX":"13","CV":"13","CW":"13","JX":"13","VX":"13","GW":"13","QX":"13","FW":"13","MX":"13","PX":"13","RX":"13","HW":"13","CX":"13"},"G3":{"J2":"13","H3":"13","93":"13","F4":"13","92":"13","H7":"13","G6":"13","H4":"13","P3":"13","V4":"13","M4":"13","R6":"13","F3":"13","W5":"13","J5":"13","H6":"13","X6":"13","M5":"13","H2":"13","G4":"13","X4":"13","Q4":"13","F5":"13","V6":"13","G2":"13","G3":"13","M2":"13","V3":"13","F2":"13","W7":"13","Q2":"13","C4":"13","W4":"13","W8":"13","R2":"13","P2":"13","V2":"13","C3":"13","R4":"13","P5":"13","X5":"13","C2":"13","R3":"13","W6":"13","H5":"13","F6":"13","V5":"13","M3":"13","P4":"13","Q3":"13","G7":"13","V7":"13","J4":"13","R5":"13","J3":"13","V8":"13","X7":"13","G5":"13"},"85":{"4W":"13","5W":"13"},"76":{"9X":"13","9W":"13","8X":"13","8W":"13"},"VP":{"W8":"13","W9":"13","V8":"13","V9":"13"}},"H5":{"Q3":{"5R":"13"},"92":{"J8":"13","J9":"13"}},"MJ":{"2C":{"MF":"13","QF":"13","PG":"13","P9":"13","PC":"13","MC":"13","PF":"13","QC":"13"},"7V":{"4J":"13","5J":"13","5M":"13","3J":"13","5P":"13","4H":"13","4M":"13","3H":"13","4P":"13"},"4C":{"36":"13"},"GJ":{"4J":"13","3P":"13","3M":"13","4M":"13","4P":"13"}},"MP":{"CX":{"MV":"13","PV":"13","MR":"13"},"22":{"HQ":"13","HR":"13"}},"VH":{"P9":{"M9":"13","M8":"13"}},"WV":{"CW":{"7Q":"13","6Q":"13","6V":"13","6R":"13","8V":"13","7W":"13","7V":"13","7R":"13","8W":"13"},"GX":{"29":"13"},"73":{"2F":"13","2G":"13"},"FW":{"XG":"13","XF":"13"},"FX":{"JV":"13","X9":"13","HV":"13"},"GW":{"2F":"13","3G":"13","2G":"13"},"CX":{"58":"13","74":"13","PV":"13","5G":"13","7J":"13","95":"13","47":"13","5Q":"13","65":"13","4G":"13","PR":"13","7F":"13","8F":"13","85":"13","4H":"13","88":"13","6J":"13","57":"13","86":"13","6H":"13","6R":"13","87":"13","5P":"13","7H":"13","4C":"13","5H":"13","5R":"13","7R":"13","8C":"13","78":"13","7C":"13","56":"13","45":"13","79":"13","8G":"13","59":"13","77":"13","MV":"13","7G":"13","5F":"13","JV":"13","89":"13","55":"13","75":"13","5C":"13","68":"13","3C":"13","JR":"13","4F":"13","49":"13","96":"13","6C":"13","54":"13","3F":"13","39":"13","3G":"13","48":"13","6F":"13","64":"13","6G":"13","MR":"13","6Q":"13","69":"13","67":"13","66":"13","76":"13"}},"MM":{"58":{"43":"13","8H":"13","6H":"13","7M":"13","8J":"13","9M":"13","7H":"13","53":"13","CH":"13","9H":"13","9J":"13","6J":"13","8M":"13","7J":"13","CJ":"13","54":"13"},"Q3":{"69":"13","58":"13","59":"13","57":"13"},"47":{"MQ":"13","J2":"13","2Q":"13","WW":"13"},"38":{"VP":"13"},"GH":{"FV":"13","CW":"13","9X":"13","FW":"13","FX":"13","CV":"13","CX":"13"},"4G":{"QJ":"13","PJ":"13","QM":"13","PM":"13","QP":"13","PP":"13"},"C5":{"R3":"13","Q2":"13","R2":"13"},"57":{"X5":"13","X4":"13","4C":"13"},"C4":{"QX":"13","RX":"13"},"2C":{"7H":"13","8H":"13"},"53":{"32":"13","42":"13","52":"13"},"GJ":{"F2":"13","C2":"13","92":"13"},"8G":{"26":"13","36":"13","37":"13","25":"13","35":"13","27":"13"},"24":{"F8":"13","F9":"13"},"36":{"7H":"13","8H":"13","7J":"13"},"52":{"5Q":"13","5R":"13","6Q":"13","3V":"13","6V":"13","4X":"13","4W":"13","5W":"13","3X":"13","5X":"13","4R":"13","6R":"13","6W":"13","7R":"13","3R":"13","5V":"13","4V":"13","3W":"13"},"59":{"Q3":"13","Q2":"13"},"H6":{"6M":"13"},"94":{"MR":"13","PV":"13","PR":"13","QR":"13","JV":"13","MV":"13","JR":"13"},"7G":{"X6":"13","W4":"13","W5":"13","X5":"13","X7":"13","W6":"13"},"55":{"9Q":"13","88":"13","CP":"13","9R":"13","87":"13","9P":"13","77":"13","CQ":"13","78":"13"},"32":{"JP":"13","HQ":"13","HP":"13","JQ":"13"},"5C":{"H9":"13","G9":"13","MF":"13","GC":"13","J9":"13","HC":"13","JF":"13","GF":"13","JC":"13","HF":"13"},"68":{"2F":"13","3G":"13","C2":"13","2G":"13","P4":"13","3F":"13","C3":"13","8W":"13"},"4F":{"VV":"13"},"49":{"XP":"13","XQ":"13"},"27":{"3V":"13","2G":"13","2R":"13","2H":"13","2V":"13","3R":"13"},"4V":{"CH":"13","9J":"13","9H":"13"},"39":{"JW":"13","JX":"13"},"48":{"W4":"13","W3":"13","X4":"13","X3":"13"},"4R":{"G5":"13"},"69":{"74":"13"}},"V5":{"P6":{"2W":"13","3X":"13","2X":"13","3W":"13"},"9J":{"5C":"13","4F":"13","4C":"13","5F":"13"},"8R":{"W6":"13"},"8P":{"65":"13","64":"13","55":"13"}},"M3":{"HP":{"PQ":"13","PR":"13"}},"XM":{"83":{"GM":"13","Q8":"13","R9":"13","HJ":"13","P8":"13","RG":"13","MF":"13","QF":"13","RC":"13","PF":"13","QC":"13","HM":"13","MC":"13","QG":"13","RF":"13","P9":"13","PC":"13","PH":"13","GJ":"13","Q9":"13"}},"2W":{"2R":{"62":"13"}},"P4":{"RR":{"X7":"13","X8":"13"},"4Q":{"44":"13"},"WR":{"W4":"13","W5":"13","V4":"13","X5":"13","W3":"13","X4":"13"},"RJ":{"RW":"13","QW":"13"},"XH":{"MP":"13","HJ":"13","WW":"13","VW":"13","JM":"13","HM":"13","JP":"13","WX":"13","MQ":"13","VX":"13","JQ":"13","RX":"13","RW":"13"},"WG":{"WG":"13","RG":"13","VC":"13","VF":"13","RC":"13","XG":"13","XF":"13","RF":"13","VG":"13","WC":"13","WF":"13"},"XR":{"G6":"13","F7":"13","H7":"13","G5":"13","F6":"13","H6":"13","C8":"13","F5":"13","C7":"13","G7":"13"},"XJ":{"H9":"13","G9":"13","M8":"13","P3":"13","M4":"13","M3":"13","5J":"13","6M":"13","J8":"13","5M":"13","8J":"13","M9":"13","5P":"13","J9":"13","P4":"13","X4":"13","X5":"13","X3":"13","8M":"13","6J":"13","5Q":"13"},"WJ":{"7M":"13","X7":"13","7J":"13","7G":"13"},"RM":{"V4":"13","V5":"13","W5":"13","W4":"13","W3":"13","X4":"13","X5":"13"},"3R":{"R8":"13","Q8":"13","R7":"13","R9":"13","VC":"13","Q7":"13","Q9":"13","V9":"13","RC":"13"},"QV":{"6V":"13","5V":"13"},"7G":{"P5":"13","M5":"13","M4":"13"}},"6C":{"92":{"73":"13"},"H7":{"RQ":"13"}},"M8":{"R3":{"MG":"13"},"4C":{"QM":"13","QP":"13","RP":"13","RM":"13"},"RP":{"XF":"13","X9":"13","WC":"13","XC":"13","X8":"13"},"XJ":{"39":"13","38":"13","37":"13","48":"13","28":"13","27":"13"},"VP":{"29":"13","39":"13","2C":"13","2F":"13","3C":"13","28":"13"}},"QP":{"HJ":{"C6":"13","95":"13","96":"13","C5":"13"},"MR":{"P7":"13","M9":"13","M8":"13","P8":"13","M7":"13"},"QQ":{"R2":"5","V2":"5"},"PV":{"F2":"13","85":"13","WH":"13","75":"13","F5":"13","76":"13","XH":"13","C3":"13","C5":"13","C4":"13"},"PQ":{"PJ":"13","PH":"13","MJ":"13","MH":"13"},"PR":{"R8":"13","J7":"13","Q8":"13","J8":"13","FX":"13","V8":"13"},"MQ":{"HP":"13","4H":"13","5H":"13","5G":"13","5M":"13","4G":"13","4F":"13"},"QP":{"RX":"5","VX":"5"},"JQ":{"VV":"13","WV":"13","GP":"13","VW":"13","RX":"13","WW":"13","VP":"13","VX":"13"},"JR":{"R2":"13","X2":"13","X3":"13"},"RX":{"39":"13","57":"13","58":"13","46":"13","59":"13","47":"13","48":"13","37":"13","49":"13","56":"13","38":"13"}},"8C":{"63":{"RH":"13","PM":"13"},"34":{"35":"13","66":"13","84":"13","62":"13","5F":"13","68":"13","73":"13","3F":"13","CP":"13","6J":"13","3C":"13","47":"13","5G":"13","65":"13","67":"13","4G":"13","7C":"13","4C":"13","83":"13","52":"13","5J":"13","43":"13","6G":"13","49":"13","53":"13","79":"13","76":"13","77":"13","57":"13","58":"13","5C":"13","4H":"13","46":"13","64":"13","63":"13","6H":"13","6C":"13","39":"13","3G":"13","54":"13","4F":"13","74":"13","78":"13","59":"13","44":"13","36":"13","5H":"13","7F":"13","56":"13","75":"13","45":"13","6F":"13","69":"13","55":"13"},"26":{"F7":"13"},"73":{"47":"13"},"25":{"24":"13","RM":"13"},"24":{"M6":"13","J6":"13","45":"13","53":"13","52":"13","5R":"13","42":"13","72":"13","55":"13"},"33":{"6X":"13","5X":"13"}},"Q3":{"2H":{"VG":"13","WF":"13","WG":"13"}},"G7":{"7W":{"6W":"13","G2":"13","G6":"13"},"6W":{"9R":"13","FM":"13","CR":"13"},"QP":{"R3":"13","Q3":"13","Q2":"13","R2":"13","J8":"13"},"XQ":{"H8":"13","H7":"13","V8":"13","QQ":"13","J7":"13","83":"13","R8":"13","92":"13","7H":"13","48":"13","7F":"13","82":"13","93":"13","7J":"13","7C":"13"},"8W":{"W8":"13","M8":"13","V8":"13","CV":"13","83":"13","W9":"13","M9":"13","9R":"13","9V":"13","CR":"13","V9":"13"},"WR":{"WG":"13","WH":"13","VF":"13","RH":"13","VG":"13","VJ":"13","VH":"13","WF":"13"},"XV":{"M5":"13","FH":"13","M6":"13","GH":"13","GJ":"13","9G":"13"},"6X":{"XR":"13","G2":"13"},"PP":{"HG":"13","H3":"13","3V":"13","3R":"13","H2":"13","2V":"13","J3":"13","GG":"13","4V":"13","JJ":"13","6R":"13","J2":"13","7V":"13","4R":"13","7R":"13","JH":"13","P2":"13"},"MG":{"6V":"13","6W":"13"},"RM":{"MF":"13","4J":"13","39":"13","5P":"13","6M":"13","6P":"13","4C":"13","3C":"13"},"PQ":{"44":"13","4Q":"13","43":"13"},"WV":{"WC":"13","W9":"13"},"RJ":{"9X":"13","9W":"13"},"2H":{"38":"13"},"GR":{"R8":"13","R9":"13","V9":"13"},"8X":{"GX":"13","FW":"13","GW":"13"},"GW":{"3Q":"13","M5":"13","2Q":"13","J5":"13","RC":"13"},"8R":{"JM":"13"},"VV":{"CC":"13","C9":"13"},"WW":{"X7":"13"},"QM":{"PG":"13","XM":"13","7W":"13","MG":"13","8X":"13","7X":"13","8W":"13"},"JQ":{"7F":"13","8G":"13","8F":"13","7G":"13"},"9W":{"CG":"13"},"5W":{"CJ":"13","FM":"13","3C":"13"},"WM":{"CW":"13","QR":"13","RR":"13","9R":"13","CV":"13","CR":"13","QV":"13"},"XP":{"37":"13","47":"13"},"MP":{"3V":"13","4Q":"13","4P":"13"},"Q9":{"M4":"13","M3":"13","P3":"13"},"3J":{"RF":"13","RG":"13","VG":"13","VF":"13"},"XX":{"FV":"13","73":"13","FW":"13"},"M3":{"FJ":"13"},"XW":{"XP":"13","PJ":"13","VJ":"13","PM":"13","MR":"13","PR":"13","8C":"13"},"8V":{"VJ":"13"},"PX":{"8Q":"13","8R":"13"},"WP":{"W4":"13","Q5":"13","R5":"13","J8":"13","78":"13"},"HW":{"36":"13","35":"13"},"XR":{"F5":"13","R6":"13","HF":"13","P5":"13","9G":"13","P6":"13","JF":"13","F9":"13","HG":"13","F8":"13","8J":"13","M6":"13","M5":"13","J9":"13","PC":"13","JG":"13","QC":"13","JC":"13","M9":"13","8M":"13","6F":"13","6G":"13"},"7X":{"35":"13","46":"13","28":"13","45":"13","27":"13","36":"13","PH":"13","MH":"13","2R":"13"},"MR":{"6R":"13","7V":"13","7R":"13"},"FW":{"RG":"13","XF":"13","WF":"13"}},"2P":{"59":{"H9":"13"}},"39":{"XM":{"MM":"13","MP":"13"},"FF":{"XP":"13","WM":"13","WP":"13"},"V2":{"6J":"13","7V":"13","7J":"13"},"57":{"6H":"13","6G":"13"},"35":{"78":"13","77":"13","MP":"13","WH":"13","6C":"13","PV":"13","MM":"13","MW":"13","JM":"13","69":"13","PW":"13","79":"13","87":"13","MV":"13","88":"13","VH":"13","7C":"13"},"33":{"G5":"13","H6":"13","G6":"13"},"HR":{"CP":"13","CM":"13","9P":"13","9M":"13"},"25":{"99":"13"},"R2":{"39":"13","38":"13","2J":"13","2H":"13"},"GR":{"Q3":"13","Q4":"13","Q5":"13","R5":"13","R4":"13","JJ":"13","JM":"13"},"GQ":{"RF":"13","RG":"13","VG":"13","VF":"13","G8":"13","GC":"13"},"56":{"25":"13","35":"13"},"36":{"J3":"13","H4":"13","H3":"13","J4":"13"},"JV":{"H5":"13","H6":"13"},"WC":{"94":"13"},"JR":{"R6":"13","V6":"13"}},"V7":{"88":{"3V":"13","2W":"13","2V":"13","3W":"13"},"R2":{"XV":"13","XW":"13"},"V2":{"2W":"13","2V":"13"},"77":{"Q8":"13","P9":"13","P8":"13","R9":"13","Q9":"13","RC":"13","QC":"13"},"78":{"XV":"13","XW":"13"}},"JM":{"Q3":{"PC":"13","QC":"13"},"7W":{"34":"13","8Q":"13","24":"13","35":"13","JR":"13","8P":"13","33":"13"},"6W":{"HP":"13","HM":"13"},"5G":{"XV":"13","XQ":"13","XR":"13","WX":"13","XW":"13","VX":"13"},"FX":{"MX":"13","9Q":"13","FX":"13","6M":"13","4H":"13","6J":"13","GV":"13","8Q":"13","MW":"13","2H":"13","GW":"13","8R":"13","9V":"13","CP":"13","JX":"13","HX":"13","JW":"13","JV":"13","4M":"13","3H":"13","HV":"13","CV":"13","FV":"13","8V":"13","9R":"13","PX":"13","3M":"13","FR":"13","7M":"13","4J":"13","HW":"13","FW":"13"},"VM":{"9Q":"13","CJ":"13","CP":"13","8H":"13","CM":"13","CH":"13","9P":"13","9J":"13","9M":"13","9H":"13","CQ":"13","8J":"13"},"R6":{"5Q":"13","8M":"13","7Q":"13","6Q":"13","5R":"13","7M":"13","6V":"13","7P":"13","8Q":"13","5W":"13","5P":"13","4R":"13","6R":"13","6W":"13","6P":"13","7V":"13","7R":"13","8P":"13","5V":"13","4V":"13"},"CW":{"HW":"13","99":"13","9C":"13","C9":"13"},"X8":{"QX":"13","RX":"13"},"6V":{"W7":"13","XC":"13"},"P5":{"W2":"13","W3":"13","X2":"13","X3":"13"},"WR":{"RQ":"13","VQ":"13"},"4H":{"62":"13","74":"13","83":"13","73":"13","98":"13","97":"13","72":"13","MH":"13","63":"13","JH":"13","88":"13","84":"13"},"XV":{"MQ":"13","JQ":"13","MR":"13","JR":"13"},"6H":{"34":"13","32":"13","33":"13"},"R7":{"XV":"13","WV":"13","WR":"13","XR":"13"},"W8":{"29":"13","39":"13","49":"13","4C":"13","3C":"13"},"5H":{"78":"13|7","77":"13|7","68":"13","66":"13","56":"13","69":"13","67":"13","76":"13"},"8C":{"J7":"13","J8":"13","M8":"13","M7":"13"},"F9":{"C2":"13","92":"13"},"F8":{"9F":"13","8F":"13","9X":"13","9C":"13","CX":"13","8C":"13"},"Q8":{"FX":"13"},"7V":{"58":"13","2C":"13","59":"13","48":"13","4C":"13","44":"13","49":"13","55":"13","54":"13"},"9W":{"HG":"13","HH":"13","R9":"13","V8":"13","QF":"13","R8":"13","GG":"13","GH":"13","PP":"13","GJ":"13","V9":"13"},"G8":{"97":"13","C7":"13","C8":"13"},"X9":{"R3":"13","Q3":"13","Q4":"13","V3":"13","Q2":"13","V4":"13","R2":"13","V2":"13","R4":"13"},"WQ":{"X8":"13","6G":"13","Q8":"13","W8":"13","XC":"13","R9":"13","X7":"13","V8":"13","VC":"13","X9":"13","W9":"13","R8":"13","RC":"13","5G":"13","V7":"13","W7":"13","R7":"13","P9":"13","WC":"13","Q9":"13","V9":"13"},"5W":{"67":"13"},"9X":{"W5":"13","P6":"13","R5":"13","P5":"13","M4":"13","QQ":"13","W6":"13","XJ":"13","Q7":"13","R6":"13","Q6":"13","H5":"13","X5":"13","WJ":"13","J4":"13","Q5":"13","J5":"13"},"HX":{"MX":"13","PW":"13"},"7G":{"5J":"13","6H":"13","6J":"13","5H":"13"},"QH":{"88":"13","98":"13","97":"13","99":"13","89":"13"},"JW":{"2J":"13","2H":"13"},"Q9":{"F2":"13","F3":"13","C2":"13","C3":"13","HR":"13","HV":"13"},"XX":{"QR":"13","PV":"13","PR":"13","QV":"13"},"CX":{"VM":"13","5P":"13","QM":"13","WJ":"13","V4":"13","RM":"13","PM":"13","6M":"13","RP":"13","6J":"13","FC":"13","VP":"13","CW":"13","V3":"13","FG":"13","CG":"13","CV":"13","R4":"13","X5":"13","HH":"13","WH":"13","R3":"13","GG":"13","MJ":"13","FH":"13","PJ":"13","VJ":"13","MM":"13","6C":"13","6P":"13","5M":"13","9G":"13","FF":"13","34":"13","CC":"13","6F":"13","X7":"13","37":"13"},"W6":{"QM":"13","RQ":"13","QP":"13","RP":"13","QQ":"13","RM":"13"},"VX":{"R3":"13","Q4":"13","V3":"13","Q5":"13","V4":"13","R5":"13","R2":"13","V2":"13","R4":"13"},"X7":{"XG":"13","3V":"13","2R":"13","3R":"13","4V":"13"},"WP":{"XG":"13","V3":"13","W2":"13","W3":"13","XF":"13","X2":"13","WF":"13","WG":"13","X3":"13","WC":"13","XC":"13"},"HW":{"WG":"13","XM":"13","WH":"13","WM":"13","XH":"13","XJ":"13","XG":"13","WJ":"13","VJ":"13","VH":"13"},"6G":{"2R":"13","MQ":"13","PQ":"13","JQ":"13","2Q":"13","MR":"13","JR":"13","PR":"13"},"7X":{"3X":"13","6R":"13"}},"C7":{"8V":{"XM":"13","FX":"13","XJ":"13"},"FM":{"PJ":"13","QV":"13"},"FQ":{"6M":"13","6P":"13"},"8W":{"H9":"13","MG":"13","XC":"13","P6":"13","X9":"13","PG":"13","GC":"13","W9":"13","F2":"13","RH":"13","Q7":"13","HC":"13","Q6":"13","X5":"13","GF":"13","PH":"13","MH":"13","WC":"13","VH":"13","P7":"13","HF":"13"},"MM":{"7X":"13"},"RP":{"84":"13","85":"13","C2":"13","93":"13","92":"13","95":"13","C3":"13","94":"13"},"9V":{"2J":"13"},"7X":{"VG":"13","WG":"13","VH":"13"},"WF":{"WG":"13"},"9W":{"CJ":"13","25":"13","CH":"13","9J":"13","9H":"13"},"RM":{"GR":"13","GV":"13"}},"VW":{"WG":{"RH":"13","QF":"13","RF":"13","QG":"13","RG":"13","VG":"13"}},"54":{"M3":{"4G":"13","4H":"13"},"MG":{"8M":"13","CJ":"13","7M":"13","7P":"13","9J":"13","9M":"13","8P":"13","8J":"13"}},"VV":{"8F":{"G9":"13","FC":"13","F9":"13","GC":"13"},"G8":{"QR":"13","RR":"13","RQ":"13","QQ":"13"}},"QX":{"XG":{"23":"13","24":"13"},"R5":{"X3":"13"},"M9":{"H5":"13","H4":"13","G4":"13","G5":"13","H6":"13","G6":"13"},"P9":{"8J":"13"},"WG":{"W2":"13","W3":"13","X4":"13","X2":"13","X3":"13"},"X9":{"XG":"13","XF":"13","WF":"13","XH":"13","WG":"13","WC":"13","XC":"13"},"V5":{"23":"13"},"QC":{"65":"13","66":"13"},"HV":{"7G":"13","6G":"13","6C":"13","59":"13","4C":"13","7F":"13","49":"13","5C":"13","6F":"13","69":"13","79":"13","7C":"13","4F":"13"}},"J8":{"3P":{"3M":"13"},"FH":{"9X":"13"},"9R":{"RX":"13","VX":"13"},"9V":{"R2":"13","V2":"13"},"4V":{"8V":"13","8R":"13"},"4P":{"7H":"13","7J":"13"}},"4F":{"74":{"MM":"13","PP":"13","MP":"13","MJ":"13","MQ":"13","PQ":"13","MH":"13"},"75":{"34":"13","Q8":"13","GP":"13","QM":"13","QP":"13","79":"13"},"H2":{"2G":"13"},"65":{"P5":"13","M5":"13","Q5":"13","M6":"13","P6":"13","J6":"13"},"M5":{"FX":"13","CX":"13"},"34":{"98":"13","QP":"13","PP":"13","QQ":"13","C8":"13"},"M6":{"F2":"13"},"G2":{"PM":"13","JH":"13","QP":"13","PP":"13"},"73":{"64":"13"},"64":{"WV":"13","3V":"13","3R":"13","P8":"13","RG":"13","4V":"13","5R":"13","RH":"13","4R":"13","4W":"13","RJ":"13","VJ":"13","5V":"13","XV":"13"},"56":{"QF":"13","RF":"13"},"95":{"X6":"13"},"JC":{"X3":"13"},"84":{"55":"13","56":"13"}},"74":{"JC":{"88":"13","89":"13","79":"13","78":"13"}},"C8":{"29":{"3V":"13","2R":"13","2V":"13","3R":"13"},"39":{"MF":"13","PF":"13"},"38":{"VM":"13","VP":"13","WP":"13"},"2C":{"29":"13","28":"13","27":"13"},"55":{"Q6":"13","Q7":"13","HF":"13","P5":"13","M7":"13","P6":"13","JF":"13","Q8":"13","H9":"13","M6":"13","M5":"13","J9":"13","P8":"13","HC":"13","JC":"13","P7":"13"},"28":{"H5":"13","J6":"13","J5":"13"}},"XP":{"HG":{"W4":"13","V3":"13","W2":"13","V4":"13","W3":"13","X4":"13","V2":"13","X3":"13"}},"XJ":{"C5":{"3V":"13","4W":"13","4V":"13","3W":"13"}},"87":{"95":{"CQ":"13"}},"M7":{"JJ":{"P5":"13","M5":"13","M6":"13","P6":"13","M4":"13","J5":"13"},"79":{"H9":"13","HC":"13"},"CR":{"9Q":"13","CP":"13","CM":"13","9P":"13","9M":"13","CQ":"13"}},"R5":{"44":{"MX":"13","JX":"13"},"45":{"J2":"13","M2":"13"}},"JF":{"5W":{"5X":"13"},"5X":{"F2":"13","F3":"13","C2":"13","C3":"13","C4":"13"}},"FF":{"63":{"X4":"13"},"73":{"34":"13","25":"13","23":"13","24":"13","35":"13","33":"13"},"Q5":{"MV":"13","PV":"13","MR":"13"}},"MV":{"J4":{"3V":"13","2W":"13","2V":"13","3W":"13"},"M2":{"R3":"13","Q3":"13","X6":"13","X5":"13","R4":"13","C8":"13"},"P2":{"25":"13","2J":"13","2M":"13"}},"88":{"JP":{"MM":"13","FQ":"13","MP":"13","CQ":"13","CR":"13","MW":"13"},"H3":{"86":"13","C6":"13","97":"13","87":"13","C7":"13","96":"13"}},"PV":{"HJ":{"HW":"13","JW":"13","HX":"13","JX":"13"},"FJ":{"36":"13","38":"13","37":"13","47":"13","48":"13"},"MH":{"6V":"13","6W":"13","7W":"13","7V":"13"},"FP":{"7J":"13","8J":"13"}},"CF":{"86":{"CW":"13","FW":"13"},"6F":{"4F":"13","3G":"13","4G":"13","4H":"13","3H":"13","3F":"13"},"69":{"J7":"13","J8":"13","M8":"13","M7":"13"},"85":{"G6":"13","QJ":"13","G5":"13","QM":"13","H4":"13","VM":"13","QP":"13","RH":"13","XR":"13","RP":"13","H5":"13","RJ":"13","PM":"13","VJ":"13","XV":"13","PP":"13","VP":"13","RM":"13"},"8G":{"2W":"13","2X":"13","2V":"13"},"6G":{"QR":"13"},"CR":{"HJ":"13","MM":"13","JH":"13","JJ":"13","MJ":"13","MH":"13","JM":"13","HM":"13"},"94":{"QJ":"13","RH":"13","VJ":"13","QM":"13","RJ":"13","VM":"13","WJ":"13","VH":"13","RM":"13"},"7G":{"XV":"13","XX":"13","XW":"13"}},"59":{"Q3":{"4X":"13","5X":"13"},"Q4":{"42":"13","52":"13","43":"13","53":"13"},"QM":{"RV":"13","VV":"13","RR":"13","VR":"13"},"XR":{"5J":"13","5G":"13","6H":"13","5H":"13"},"V8":{"6X":"13","5W":"13","5X":"13","6W":"13"}},"44":{"J4":{"4F":"13","46":"13","4C":"13"}},"JP":{"86":{"V5":"13","HX":"13","8X":"13","2H":"13","Q8":"13","W5":"13","X7":"13","W6":"13","X6":"13","8W":"13","W4":"13","7X":"13","X4":"13","X5":"13","VG":"13","QX":"13","PX":"13"},"H8":{"XV":"13","XQ":"13","XR":"13","WQ":"13","XW":"13","WP":"13"},"66":{"67":"13","78":"13","HV":"13"},"93":{"F7":"13","HX":"13","G9":"13","VV":"13","M4":"13","QQ":"13","4Q":"13","QV":"13","QP":"13","RR":"13","RV":"13","QR":"13","MH":"13"},"C6":{"X8":"13","4P":"13","XC":"13","X7":"13","X6":"13","X9":"13","29":"13","92":"13","28":"13","5P":"13","52":"13","4M":"13"},"84":{"RW":"13","V3":"13","W2":"13","W3":"13","VW":"13","V2":"13","RX":"13","VX":"13"},"F4":{"MX":"13","GP":"13","9M":"13","FX":"13","FQ":"13","RV":"13","FP":"13","9P":"13","VM":"13","QP":"13","CW":"13","Q7":"13","QV":"13","6V":"13","HM":"13","HR":"13","9J":"13","RM":"13","GV":"13","RJ":"13","7R":"13","GR":"13","RP":"13","GW":"13","8R":"13","QQ":"13","VV":"13","PG":"13","VJ":"13","CP":"13","JQ":"13","PM":"13","JX":"13","CR":"13","94":"13","FM":"13","HX":"13","QH":"13","JW":"13","JV":"13","HV":"13","CX":"13","CJ":"13","GX":"13","FV":"13","JR":"13","FJ":"13","GQ":"13","GM":"13","PH":"13","FR":"13","HQ":"13","HP":"13","CM":"13","HW":"13","PF":"13","CQ":"13","MF":"13","FW":"13"},"62":{"2C":"13","8G":"13","2F":"13","CM":"13","7G":"13"},"92":{"83":"13","8G":"13","X7":"13","5F":"13","6C":"13"},"H7":{"3Q":"13","3R":"13"},"G6":{"W8":"13","V8":"13","CV":"13","W9":"13","5P":"13","5R":"13","V7":"13","Q7":"13","R7":"13","6P":"13","6Q":"13","5Q":"13"},"C5":{"V5":"13","9X":"13","R4":"13","W5":"13","FX":"13","V8":"13","RG":"13","W6":"13|5","W4":"13","CW":"13","R2":"13","RH":"13","Q7":"13","HV":"13","V6":"13","FW":"13","HW":"13"},"F3":{"58":"13","P9":"13","M8":"13","Q7":"13","M7":"13","XM":"13","MG":"13","2C":"13","4C":"13","VP":"13","2H":"13","45":"13","28":"13","MJ":"13","Q8":"13","59":"13","M6":"13","2G":"13","J8":"13","XP":"13","P8":"13","55":"13","Q9":"13","3H":"13","29":"13","QC":"13","M9":"13","J7":"13","3C":"13","49":"13","27":"13","J6":"13","54":"13","39":"13","WP":"13","RC":"13","3G":"13","48":"13","VQ":"13","2J":"13"},"QH":{"GX":"13","HW":"13","HX":"13","GW":"13"},"J5":{"Q4":"13","P3":"13","P6":"13","P5":"13","M4":"13","M5":"13","M6":"13","P4":"13","Q5":"13","87":"13","88":"13","Q3":"13","J5":"13"},"H6":{"29":"13","45":"13","35":"13"},"G4":{"G2":"13","74":"13","9M":"13","GC":"13","5Q":"13","G9":"13","HF":"13","H4":"13","6M":"13","7P":"13","9J":"13","6R":"13","MG":"13","9H":"13","5P":"13","6P":"13","JF":"13","H8":"13","HG":"13","JM":"13","G6":"13","7V":"13","G8":"13","H7":"13","G4":"13","H9":"13","F2":"13","J8":"13","G3":"13","JG":"13","F3":"13","75":"13","HC":"13","G7":"13","8P":"13","F6":"13","8M":"13","64":"13","HJ":"13","MF":"13","JH":"13","6Q":"13"},"65":{"X2":"13","X3":"13","RC":"13"},"67":{"G2":"13"},"F5":{"Q4":"13","H3":"13","HP":"13","FM":"13","M2":"13","M4":"13","H2":"13","RG":"13","FJ":"13","J3":"13","M5":"13","V3":"13","PF":"13","94":"13","W3":"13","44":"13","CH":"13","R6":"13","J2":"13","X4":"13","F5":"13","6X":"13","9J":"13","CJ":"13","GJ":"13","FH":"13","Q3":"13"},"F7":{"VG":"13","99":"13"},"G3":{"5Q":"13","GX":"13","8M":"13","5R":"13","4R":"13","7W":"13","GW":"13","8J":"13","5V":"13"},"83":{"WX":"13","V6":"13","VX":"13","V5":"13"},"98":{"G3":"13","GG":"13","8G":"13","GF":"13","FC":"13","G4":"13","8H":"13","FG":"13","P9":"13","CG":"13","FF":"13","GC":"13"},"HG":{"XG":"13","XF":"13","WF":"13","WC":"13","XC":"13"},"F2":{"P4":"13","J5":"13","47":"13","H2":"13","38":"13","8F":"13","7F":"13","P5":"13","H4":"13","M4":"13","37":"13","2C":"13","J4":"13","8C":"13","H3":"13","7C":"13","28":"13","P2":"13","36":"13","J3":"13","2Q":"13","2F":"13","59":"13","25":"13","29":"13","M3":"13","J2":"13","3C":"13","49":"13","27":"13","39":"13","M2":"13","48":"13","69":"13","2P":"13"},"52":{"XF":"13","XC":"13"},"85":{"V2":"13","MP":"13","MQ":"13","PQ":"13"},"Q2":{"CW":"13","9W":"13","9V":"13","CV":"13"},"C4":{"W3":"13","XH":"13","XR":"13","RP":"13"},"97":{"58":"13","P8":"13","46":"13","59":"13","92":"13","M9":"13","3F":"13","93":"13","69":"13"},"95":{"HH":"13","9X":"13","8X":"13","H9":"13","8H":"13","5W":"13","6H":"13","PJ":"13","5X":"13","PH":"13","9P":"13"},"82":{"JW":"13"},"94":{"W8":"13","G5":"13","57":"13","R9":"13","58":"13","68":"13","V8":"13","59":"13","47":"13","W9":"13","R8":"13","48":"13","RR":"13","JQ":"13","69":"13","V9":"13"},"72":{"H4":"13","G4":"13","RQ":"13","QP":"13","RP":"13","MR":"13","JR":"13","QQ":"13","F6":"13"},"96":{"MX":"13","85":"13","H4":"13","WX":"13","92":"13","88":"13","86":"13","87":"13","MG":"13","2C":"13","78":"13","7C":"13","H8":"13","79":"13","36":"13","G8":"13","H7":"13","G4":"13","77":"13","89":"13","82":"13","75":"13","98":"13","4X":"13","6C":"13","MF":"13","76":"13"},"C3":{"58":"13","P4":"13","F7":"13","J5":"13","C8":"13","X8":"13","XH":"13","P5":"13","C2":"13","88":"13","92":"13","57":"13","XJ":"13","Q2":"13","M4":"13","9J":"13","87":"13","9H":"13","9G":"13","J4":"13","78":"13","7C":"13","P2":"13","H8":"13","F8":"13","8J":"13","G8":"13","H7":"13","X9":"13","M6":"13","77":"13","M5":"13","H6":"13","CR":"13","Q5":"13","G3":"13","C7":"13","G7":"13","M3":"13","98":"13","CV":"13","FV":"13","68":"13","J6":"13","8H":"13","97":"13","FR":"13","P3":"13","M2":"13","69":"13","R2":"13"},"76":{"6W":"13","5Q":"13","VW":"13","6V":"13","6M":"13","WX":"13","6R":"13","5P":"13","6P":"13","5R":"13","5M":"13","WW":"13","5J":"13","7V":"13","5W":"13","4M":"13","XX":"13","XW":"13","VX":"13","4J":"13","4R":"13","5X":"13","RW":"13","4Q":"13","6Q":"13"},"C9":{"Q4":"13","PG":"13"},"77":{"VV":"13","W2":"13","PM":"13","H9":"13","X2":"13","H8":"13","G8":"13","FW":"13","GW":"13"},"GF":{"HQ":"13","GQ":"13"},"57":{"73":"13","74":"13"},"C2":{"X4":"13","M8":"13","5C":"13","8H":"13","CX":"13","X9":"13","8P":"13","8J":"13","CP":"13","MX":"13","G6":"13","XC":"13","W6":"13","67":"13","PX":"13","5F":"13","9G":"13","CQ":"13","JQ":"13","9J":"13","5G":"13","X5":"13","H5":"13","79":"13","CG":"13","GX":"13","8Q":"13","4F":"13","R9":"13","9H":"13","7G":"13","HQ":"13","H6":"13","X6":"13","FV":"13","XP":"13","GV":"13","5H":"13","WX":"13","CH":"13","FQ":"13","8R":"13","9V":"13","9Q":"13","G5":"13","HR":"13","6F":"13","9X":"13","GW":"13","3G":"13","WW":"13","C9":"13","9W":"13","P8":"13","9R":"13","CW":"13","CV":"13","F9":"13","JR":"13","XQ":"13","W9":"13","G8":"13","CR":"13","G9":"13","7C":"13","W7":"13","69":"13","FW":"13","V6":"13","GR":"13","7F":"13","77":"13","VW":"13","P9":"13","6H":"13","78":"13","V7":"13","V9":"13","F8":"13","M9":"13","59":"13","FR":"13","6G":"13","6C":"13","GQ":"13","68":"13","9P":"13"},"64":{"7G":"13","CF":"13","2V":"13","2M":"13","XX":"13","C9":"13","M5":"13","H6":"13","5X":"13","2J":"13","3J":"13","2R":"13","4X":"13"},"H5":{"5C":"13","4W":"13","4F":"13","4C":"13","5F":"13","3W":"13"},"F6":{"29":"13","G9":"13","38":"13","37":"13","2C":"13","F5":"13","C2":"13","C9":"13","PV":"13","F4":"13","C8":"13","62":"13","28":"13","C4":"13","G6":"13","27":"13"},"JV":{"5M":"13","5P":"13","4M":"13","4P":"13"},"M8":{"W3":"13"},"QJ":{"G3":"13","H2":"13","G2":"13"},"G7":{"WV":"13","Q4":"13","M7":"13","R4":"13","9F":"13","XW":"13","XV":"13","Q3":"13"},"F9":{"46":"13"},"C7":{"97":"13","8G":"13","H9":"13","GF":"13","VH":"13","96":"13"},"54":{"RP":"13"},"J8":{"C6":"13","3V":"13","3R":"13","2V":"13","2W":"13","3W":"13","4V":"13","3Q":"13","2Q":"13","2R":"13"},"74":{"HH":"13","FG":"13","CF":"13","FJ":"13","CH":"13","CG":"13","GH":"13","CJ":"13","FH":"13"},"C8":{"RP":"13","XC":"13"},"M9":{"C6":"13","F8":"13","F7":"13","C7":"13","C8":"13"},"87":{"63":"13","Q4":"13","7Q":"13","W4":"13","69":"13","W5":"13","Q2":"13","W2":"13","R5":"13","W3":"13","R7":"13","M6":"13","R6":"13","59":"13","P6":"13","R4":"13","9P":"13","X3":"13","5H":"13","7J":"13","J6":"13","P2":"13","8J":"13","V5":"13","H6":"13"},"89":{"Q4":"13"},"75":{"FG":"13","58":"13","CQ":"13","CH":"13","9Q":"13","22":"13","23":"13","CG":"13","9J":"13","9P":"13","CJ":"13","FH":"13","8P":"13"},"Q5":{"C6":"13","F8":"13","G8":"13","G7":"13","C7":"13","F7":"13","C8":"13","F6":"13","G6":"13"},"G5":{"GP":"13","HW":"13","X5":"13","JW":"13","X4":"13","3G":"13","C2":"13","2G":"13","G7":"13","F7":"13","Q7":"13","CF":"13"},"99":{"X4":"13"}},"89":{"HG":{"58":"13","95":"13","47":"13","38":"13","85":"13","37":"13","2C":"13","46":"13","79":"13","36":"13","59":"13","29":"13","75":"13","5C":"13","3C":"13","68":"13","49":"13","6C":"13","39":"13","48":"13","69":"13"},"HH":{"GM":"13","GP":"13","HP":"13","HJ":"13","FM":"13","CQ":"13","FJ":"13","CM":"13","8W":"13","CP":"13","FP":"13","HM":"13","9Q":"13","7W":"13","7X":"13","9P":"13","GJ":"13"},"G9":{"9C":"13","78":"13","68":"13","8F":"13","7F":"13","8C":"13","99":"13","89":"13","88":"13","67":"13","7C":"13"},"M7":{"7F":"13","5J":"13","3M":"13"},"FG":{"4P":"13","3V":"13","3R":"13","4Q":"13","4V":"13","3P":"13","5R":"13","4R":"13","4W":"13","5V":"13","3Q":"13","5Q":"13"},"M8":{"FR":"13","FQ":"13","GQ":"13","GR":"13"},"HJ":{"46":"13","45":"13","5X":"13","6W":"13","44":"13","6X":"13","55":"13","54":"13"},"P6":{"J3":"13"},"P5":{"MX":"13"},"J8":{"G4":"13"},"GG":{"XF":"13","9M":"13","J5":"13","FP":"13","9P":"13","XQ":"13","XH":"13","WR":"13","9J":"13","HR":"13","J4":"13","CP":"13","H5":"13","JQ":"13","WQ":"13","M6":"13","H6":"13","M5":"13","CJ":"13","J2":"13","JR":"13","J6":"13","M2":"13","HQ":"13","CM":"13","XG":"13","XR":"13"},"HM":{"52":"13","62":"13"},"FC":{"XF":"13","WF":"13","WG":"13","X9":"13","WC":"13","W9":"13","VC":"13","V9":"13"},"W3":{"RC":"13"},"CH":{"P4":"13","GP":"13","M8":"13","J5":"13","X4":"13","M7":"7","M4":"13","V5":"13","W8":"13","J4":"13","P2":"13","QG":"13","W5":"13","PG":"13","Q8":"13","G8":"13","J3":"13","M5":"13","X6":"13","W3":"13","P8":"13","V7":"13","V4":"13","Q9":"13","M3":"13","W7":"13","W6":"13","W4":"13","J6":"13","X7":"13","GM":"13","M2":"13","P3":"13","HP":"13","P7":"13","PF":"13"},"Q6":{"58":"13","47":"13","57":"13","67":"13","48":"13","68":"13"},"P9":{"5G":"13","4G":"13","4H":"13","5H":"13"},"GF":{"MX":"13","JW":"13","JX":"13"},"GH":{"34":"13","GP":"13","RX":"13","7J":"13","RV":"13","FP":"13","5Q":"13","33":"13","QV":"13","6R":"13","5P":"13","6P":"13","5R":"13","MW":"13","QW":"13","24":"13","PW":"13","CP":"13","JQ":"13","FM":"13","43":"13","MP":"13","JR":"13","QX":"13","JP":"13","7M":"13","HQ":"13","CM":"13","HP":"13","MQ":"13","23":"13","RW":"13","MR":"13","6Q":"13"},"9H":{"6W":"13","7W":"13"},"X3":{"G7":"13","F7":"13","F6":"13","96":"13","G6":"13"},"9P":{"Q3":"13","P5":"13","M6":"13","P6":"13"},"67":{"86":"13","97":"13","96":"13"},"GJ":{"Q6":"13","X3":"13","F7":"13","P9":"13","V3":"13","C6":"13","Q7":"13","86":"13","Q2":"13","RM":"13","V5":"13","W2":"13","RJ":"13","QG":"13","RG":"13","V2":"13","W3":"13","R4":"13","P8":"13","R5":"13","96":"13","F6":"13","WH":"13","VH":"13","P7":"13","R3":"13","X2":"13","R2":"13"},"FH":{"G3":"13","26":"13","W4":"13","V3":"13","W2":"13","W3":"13","G4":"13","3G":"13","2G":"13","2H":"13","F4":"13"},"8Q":{"2W":"13","3X":"13","2X":"13","F8":"13","G8":"13","G7":"13","F7":"13","3W":"13"},"7Q":{"XX":"13","WX":"13","WW":"13","XW":"13"},"R3":{"54":"5","44":"5","46":"5","55":"5","45":"5","56":"5"},"HF":{"32":"13","42":"13","52":"13","43":"13","33":"13"},"8P":{"XQ":"13"}},"36":{"RQ":{"HH":"13","GH":"13"},"VW":{"R8":"13","Q4":"13"},"VR":{"5R":"13","2P":"13","8W":"13"},"HR":{"2M":"13"},"GR":{"XM":"13"},"GW":{"4W":"13","9R":"13"},"VV":{"HJ":"13","GF":"13","MQ":"13","F7":"13","PW":"13","94":"13"},"9V":{"32":"13","22":"13"},"RR":{"QF":"13","WH":"13","M8":"13","G7":"13"},"MV":{"48":"13"},"HX":{"C6":"13","87":"13"},"JW":{"29":"13","97":"13","58":"13","F5":"13","J2":"13"},"JV":{"VG":"13","QM":"13","QP":"13","MQ":"13","PV":"13","MW":"13"},"GQ":{"VQ":"13","XM":"13","XQ":"13","XP":"13","WP":"13","WM":"13","XJ":"13","RQ":"13","XG":"13","XF":"13","WQ":"13","VM":"13","RP":"13","WJ":"13","VP":"13","RM":"13"},"9R":{"3X":"13","2X":"13"},"HQ":{"3V":"13","2F":"13","2G":"13"},"MQ":{"CW":"13","GX":"13","HX":"13","FW":"13","FX":"13","GW":"13","CX":"13"},"HW":{"MC":"13"},"MR":{"G2":"13","F5":"13","83":"13","C3":"13","H2":"13","C2":"13","H4":"13","92":"13","C4":"13","J4":"13","H3":"13","F4":"13","G4":"13","J3":"13","F2":"13","94":"13","93":"13","G3":"13","F3":"13"},"FW":{"M2":"13","M3":"13","P2":"13"}},"XF":{"XF":{"M9":"13","J9":"13"}},"7F":{"93":{"QX":"13","PX":"13"},"94":{"M7":"13","QQ":"13","J7":"13","F8":"13","M6":"13","PQ":"13","J6":"13","G2":"13","Q2":"13","QP":"13","C8":"13","PP":"13","P7":"13","Q3":"13","P2":"13"}},"CC":{"HP":{"QJ":"13","RH":"13","PJ":"13","HQ":"13","QH":"13","RJ":"13","PH":"13","JQ":"13","GQ":"13","JR":"13","HR":"13","GR":"13"},"FW":{"MF":"13","RF":"13","RG":"13","VG":"13","PG":"13","VF":"13","X4":"13","PF":"13","MG":"13"},"GW":{"5M":"13","23":"13","24":"13","5P":"13","4M":"13","4P":"13"},"CV":{"QJ":"13","QM":"13","RH":"13","RP":"13","VG":"13","RJ":"13","VJ":"13","VH":"13","VP":"13","RM":"13"},"CX":{"RF":"13","VF":"13"}},"V8":{"PW":{"28":"13"}},"Q5":{"HQ":{"GP":"13","FR":"13","HP":"13","FQ":"13","FP":"13","GR":"13","GQ":"13","HQ":"13"},"92":{"36":"13","35":"13"},"H7":{"J7":"13","J8":"13","M8":"13","H8":"13","H7":"13","M7":"13"},"GV":{"JV":"5","HR":"5","HV":"5"}},"37":{"XC":{"XP":"13","XQ":"13","XR":"13"}},"55":{"9Q":{"W3":"13"},"9V":{"46":"13","47":"13","C8":"13"},"7R":{"3C":"13","3F":"13"},"CV":{"77":"13"}}}}