{"index":{"university,1|retail,2|tourism,3|wreck,4|historical,5|artsCulture,6|namedBuilding,7|water,8|wetland,9|park,10|beach,11|natureReserve,12|cemetery,13|trail,14":{}},"7R":{"77":{"6Q":{"G6":"13"},"5P":{"23":"13","24":"13"},"7R":{"J3":"13","M6":"13","P6":"13"},"4P":{"X3":"13"}},"56":{"FM":{"5Q":"13","5R":"13","4Q":"13","4R":"13","5V":"13","4V":"13"},"CM":{"P3":"5"},"7M":{"C7":"13","W6":"13"},"FQ":{"H5":"13","H4":"13","G4":"13","G5":"13"},"GV":{"94":"13"},"FP":{"63":"13","HJ":"5","GM":"5","52":"13","43":"13","53":"13","GJ":"5","HM":"5"},"9M":{"P5":"13","P4":"13","M4":"13","V6":"13"},"9Q":{"5C":"13","PF":"13"},"7P":{"9V":"13","CV":"13"},"9P":{"GP":"13","CP":"13","GM":"13","FM":"13","FP":"13"}},"67":{"XJ":{"GG":"13","GF":"13"}}}}