{"index":{"university,1|retail,2|tourism,3|wreck,4|historical,5|artsCulture,6|namedBuilding,7|water,8|wetland,9|park,10|beach,11|natureReserve,12|cemetery,13|trail,14":{}},"84":{"8V":{"XX":{"J7":"13","QF":"13","J8":"13","PC":"13","H7":"13","PF":"13","RC":"13","QC":"13"},"XW":{"FV":"13"}},"8X":{"WR":{"5W":"13","5V":"13"},"75":{"G6":"13"},"XW":{"7F":"13","7H":"13","8G":"13","8H":"13","8F":"13","7G":"13"},"J3":{"84":"13","85":"13","75":"13","76":"13","74":"13"},"XX":{"39":"13","3C":"13"},"X9":{"J7":"13","M6":"13","M7":"13","J6":"13"},"29":{"VM":"13"},"3F":{"MC":"13"},"C2":{"25":"13","24":"13"},"RH":{"P2":"13"},"42":{"WW":"13"},"J2":{"8Q":"13","7R":"13","8R":"13"},"23":{"GP":"13","HQ":"13","GQ":"13"},"C7":{"R5":"13"},"PX":{"J5":"13"},"67":{"PQ":"13","3C":"13","PR":"13"},"RW":{"8G":"13","8H":"13"}},"QW":{"9Q":{"5W":"13","6W":"13"},"GP":{"5F":"13"},"5Q":{"2R":"13","2Q":"13"},"GC":{"G8":"13"},"8W":{"7P":"13","8P":"13"},"PR":{"QW":"13"},"P5":{"GX":"13","RF":"13","QM":"13","PM":"13","QP":"13","PP":"13"},"XM":{"R8":"13","V7":"13","R7":"13","V8":"13"},"M4":{"C6":"13","XM":"13","X2":"13","XJ":"13","C7":"13"},"6R":{"PP":"13","PQ":"13"},"HR":{"R7":"13","CG":"13","CF":"13"},"5P":{"33":"13"},"GV":{"9J":"13","9H":"13"},"6P":{"58":"13","47":"13","57":"13","48":"13"},"VP":{"Q8":"13"},"MM":{"QF":"13"},"JF":{"CJ":"13"},"4P":{"5V":"13"},"PG":{"XF":"13","W7":"13","X9":"13","W8":"13","XC":"13"},"7Q":{"5Q":"13","6Q":"13"},"RG":{"3G":"13"},"MJ":{"M5":"13","H9":"13","HC":"13","M4":"13"},"JQ":{"3V":"13","2W":"13","2X":"13","2V":"13","3R":"13","3W":"13"},"PM":{"CC":"13","9C":"13","CF":"13"},"77":{"P6":"13","JX":"13"},"CR":{"PC":"13","PF":"13"},"JW":{"58":"13"},"PC":{"5Q":"13","5R":"13","4Q":"13","4R":"13"},"JV":{"7J":"13","WP":"13"},"JG":{"M2":"13"},"J2":{"WR":"13"},"FV":{"GH":"13","GJ":"13"},"GX":{"23":"13","33":"13"},"JR":{"HX":"13","JX":"13"},"8P":{"QC":"13"},"9R":{"86":"13"},"HQ":{"XV":"13","WV":"13","XX":"13","WW":"13","XW":"13"},"XG":{"WF":"13","WG":"13"},"PF":{"QF":"13","4H":"13","RC":"13","QC":"13"},"MF":{"RF":"13","RG":"13","VG":"13","VF":"13","PC":"13","MC":"13","3W":"13"},"2P":{"63":"13","52":"13","62":"13"}},"PW":{"8V":{"X2":"13"},"4P":{"84":"13","85":"13","95":"13","96":"13","94":"13"},"MP":{"93":"13","C3":"13","C4":"13","94":"13"},"FJ":{"VH":"13"},"QQ":{"W2":"13","X2":"13"},"65":{"W4":"13"},"WM":{"XG":"13","WH":"13","XH":"13","WG":"13","XJ":"13","WJ":"13"},"MM":{"GP":"13"},"8R":{"XX":"13"},"8F":{"FM":"13","FP":"13"},"5M":{"8G":"13","8H":"13"},"3P":{"36":"13","37":"13","46":"13","47":"13","45":"13","57":"13","56":"13","35":"13"},"VR":{"2R":"13","2V":"13"},"GR":{"MJ":"13","MH":"13"},"PR":{"56":"13"},"QP":{"39":"13","38":"13","CC":"13","FG":"13","49":"13","CH":"13","4C":"13","3C":"13","WX":"13","CG":"13","9H":"13","48":"13","FF":"13","9G":"13","CF":"13"},"H5":{"H4":"13"},"JQ":{"PQ":"13"},"JV":{"WV":"13","WR":"13"},"HQ":{"7Q":"13","7R":"13"},"FW":{"72":"13","62":"13"},"6Q":{"VV":"13","VW":"13","WW":"13","XW":"13"}},"MQ":{"QW":{"M3":"13"},"4P":{"87":"13"},"3V":{"7M":"13","7J":"13"},"XW":{"HF":"13","GF":"13","HC":"13","24":"13","P9":"13","GC":"13"},"2V":{"FC":"13","RM":"13"},"PV":{"MQ":"5","PQ":"5","MR":"5","PR":"5"},"2W":{"99":"13","H6":"13"},"4J":{"95":"13"},"5J":{"9X":"13","9V":"13","33":"13"},"HR":{"H8":"13"},"CP":{"2J":"13"},"8R":{"Q2":"13","R2":"13","P2":"13","W6":"13"},"4Q":{"47":"13","FX":"13"},"5M":{"G6":"13"},"4V":{"PW":"13"},"6W":{"55":"13","M4":"13"},"5R":{"Q4":"13","H5":"13","R4":"13","6C":"13","J5":"13"},"9Q":{"5J":"13","6H":"13","6J":"13","5H":"13"},"VX":{"84":"13"},"4M":{"R4":"13","48":"13"},"GW":{"V3":"13"},"7V":{"F5":"13"},"4R":{"3V":"13"},"4W":{"6H":"13"},"7R":{"V2":"13"},"MV":{"R8":"13","Q8":"13","R9":"13","Q9":"13"},"9P":{"QQ":"13"},"8M":{"66":"13"},"2Q":{"5P":"13"},"2R":{"3R":"13"},"8Q":{"RW":"13","QX":"13","RX":"13","QW":"13","PX":"13"},"9W":{"G9":"13"},"CX":{"H8":"13"}},"XQ":{"74":{"9X":"13"},"8G":{"RW":"13","RX":"13"},"75":{"98":"13","99":"13","9C":"13","92":"13"},"FQ":{"H4":"13"},"VF":{"F8":"13","G7":"13","F7":"13","C7":"13","C8":"13","F6":"13"},"JX":{"64":"13"},"6X":{"5C":"13","69":"13","59":"13","6C":"13"},"8M":{"29":"13","39":"13","2C":"13","H4":"13","3C":"13","G6":"13"},"76":{"7W":"13","7X":"13"},"P2":{"54":"13","36":"13","65":"13","66":"13","64":"13","55":"13","35":"13"}},"XR":{"8V":{"QJ":"13","PJ":"13","QG":"13","PG":"13","QH":"13","PH":"13"},"F7":{"C3":"13","C4":"13"},"43":{"XF":"13","XC":"13"},"8X":{"CJ":"13","FH":"13","CM":"13","CH":"13","FJ":"13","FM":"13","CG":"13","GJ":"13"},"CF":{"F9":"13"},"F6":{"CP":"13","CM":"13"},"2W":{"8M":"13","9P":"13","9J":"13","9M":"13","8P":"13","8J":"13"},"46":{"JP":"13","JM":"13"},"34":{"RW":"13","QX":"13","RX":"13","QW":"13","PX":"13","PW":"13"},"8W":{"85":"13","95":"13","96":"13"},"25":{"28":"13"},"6W":{"V4":"13","Q4":"13","R4":"13","P3":"13","R5":"13","P5":"13","M4":"13","M3":"13","J3":"13","M5":"13","V3":"13","P4":"13","Q5":"13","Q3":"13","R3":"13"},"53":{"72":"13"},"52":{"CW":"13","9W":"13","9V":"13","JG":"13","CV":"13"},"CC":{"4J":"13","4M":"13","4P":"13"},"7X":{"9Q":"13","9R":"13","9W":"13","9V":"13","9P":"13"},"6X":{"8H":"13","CM":"13","CP":"13","8J":"13","9M":"13","CH":"13","9H":"13","9J":"13","9P":"13","8M":"13","CJ":"13","8P":"13"},"QR":{"HR":"13","GR":"13","HV":"13","GV":"13"},"26":{"75":"13","76":"13"},"6Q":{"HW":"13","HV":"13"}},"GR":{"43":{"5X":"13"},"F6":{"C3":"13"},"M3":{"2G":"13"},"J3":{"XG":"13"},"46":{"34":"13"},"VC":{"W8":"13"},"X9":{"98":"13"},"VF":{"6X":"13","7X":"13"},"QV":{"CG":"13","CF":"13"},"GR":{"WC":"13","W9":"13"},"V9":{"QR":"13","JF":"13","PR":"13"}},"QV":{"M5":{"G3":"13"},"J6":{"7Q":"13","6Q":"13","7P":"13","6P":"13"},"F2":{"6F":"13","5G":"13","VW":"13","6G":"13","WW":"13","5F":"13"},"3F":{"C8":"13"},"72":{"VR":"13","WR":"13","R6":"13","WQ":"13","VQ":"13"},"9M":{"77":"13","FP":"13"},"55":{"MM":"13","3P":"13","23":"13","JJ":"13","MJ":"13","JM":"13","22":"13"},"44":{"GR":"13","27":"13"},"J2":{"46":"13","45":"13","PC":"13","PF":"13"},"GC":{"GH":"13"},"FF":{"58":"5","62":"5|13","63":"5|13","84":"5","83":"5","74":"5","47":"5","72":"5|13","65":"5","8F":"5|13","7F":"5|13","85":"5","88":"5","42":"13","57":"5","86":"5","87":"5","53":"13","4C":"5","46":"5","9G":"13","8C":"5|13","78":"5","7C":"5|13","56":"5","45":"5","79":"5","8G":"13","52":"13","59":"5","77":"5","43":"13","89":"5","55":"5","82":"5","75":"5","5C":"5","9F":"13","68":"5","49":"5","6C":"5","54":"5|13","73":"5","48":"5","64":"5|13","69":"5","67":"5","66":"5","76":"5"},"JF":{"J2":"13"},"43":{"F3":"13"},"GP":{"93":"13","92":"13","GC":"13"},"F5":{"P9":"13","PC":"13"},"XJ":{"XQ":"13","XR":"13"},"23":{"RC":"13"},"8J":{"33":"13"},"R7":{"77":"13","67":"13","68":"13","78":"13"},"CP":{"2F":"13","2G":"13"},"J8":{"RV":"13","QR":"13","RR":"13","RQ":"13","QQ":"13","QV":"13"},"25":{"6G":"13"},"HF":{"46":"13","47":"13"},"28":{"XR":"13"},"G6":{"6X":"13","4X":"13","4W":"13","5W":"13","5X":"13","2R":"13","3R":"13"},"HG":{"JP":"13"},"35":{"G7":"13"},"67":{"J7":"13","7Q":"13","H5":"13","H7":"13","J6":"13","JG":"13","J5":"13","H6":"13"},"G7":{"C5":"13","62":"13","43":"13","C6":"13","58":"13","48":"13","53":"13","52":"13","42":"13","C8":"13","98":"13","85":"13","99":"13","89":"13","97":"13","95":"13","C7":"13","87":"13","63":"13","86":"13","88":"13","84":"13","96":"13"},"QG":{"9F":"13","XM":"13","2H":"13","CG":"13","9G":"13","CF":"13"},"F6":{"GP":"13","2C":"13","2F":"13","2G":"13"},"H8":{"HW":"13","JW":"13","HX":"13","JX":"13","PC":"13","MC":"13"},"PC":{"H2":"13","3X":"13","G2":"13","3W":"13"},"9G":{"GG":"13","GF":"13","GC":"13"},"JJ":{"F2":"13","F3":"13","F4":"13"},"7Q":{"W7":"13"},"84":{"WJ":"13"},"XF":{"XV":"13","XW":"13"},"FH":{"W7":"13","R9":"13","W8":"13","W9":"13","V8":"13","V9":"13"},"WC":{"3X":"13","2X":"13"},"V8":{"9W":"13","9V":"13","8V":"13","8W":"13"},"96":{"QC":"13"},"X5":{"6W":"13"},"H5":{"86":"13","85":"13","F7":"13"},"CG":{"7Q":"13","7P":"13"},"R4":{"CW":"13","FX":"13","CX":"13"},"W8":{"JC":"13"},"X2":{"MR":"13"},"HM":{"Q8":"13","Q7":"13","Q9":"13"},"4F":{"G3":"13","F3":"13","G4":"13","F4":"13"},"6J":{"3Q":"13"},"J5":{"H2":"13","G2":"13","C7":"13"},"P4":{"MF":"13","PC":"13","MC":"13","PF":"13","V9":"13"},"R9":{"F5":"13","C5":"13"},"R8":{"G9":"13","G8":"13"},"C2":{"54":"13","65":"13","55":"13"},"7G":{"83":"13"},"CF":{"JC":"13","WR":"13","V2":"13","WQ":"13"},"58":{"49":"13","8V":"13","7W":"13","7V":"13","8W":"13"},"F4":{"5C":"13","3G":"13","3H":"13"},"RF":{"83":"13","37":"13","82":"13","27":"13"},"H6":{"39":"13","2C":"13","59":"13","29":"13","28":"13","4C":"13","48":"13","3F":"13","3C":"13","2F":"13","49":"13","38":"13"},"J3":{"4F":"13","4C":"13"},"VH":{"6X":"13","5W":"13","5X":"13","6W":"13"},"HC":{"5Q":"13"},"GJ":{"M5":"13","J4":"13","J6":"13","J5":"13","94":"13"},"5H":{"PP":"13","C8":"13"},"C6":{"XC":"13","75":"13","92":"13","XF":"13","85":"13","93":"13","86":"13","76":"13"},"W5":{"7F":"13","7G":"13"},"85":{"9F":"13","8G":"13","8H":"13","8F":"13","9H":"13","9G":"13"},"G5":{"MF":"13","8M":"13","9M":"13","MG":"13"},"36":{"G3":"13","5C":"13","54":"13","F3":"13","G4":"13","P6":"13","F4":"13","C3":"13","CV":"13"},"GG":{"G4":"13","G5":"13"},"Q4":{"QJ":"13","PJ":"13","QH":"13","PH":"13"},"42":{"H7":"13"},"FM":{"76":"13","66":"13","77":"13","67":"13"},"97":{"2G":"13"},"75":{"88":"13"},"62":{"6H":"13","5H":"13"},"Q7":{"3P":"13","3M":"13"},"FG":{"WQ":"13","VQ":"13"},"X3":{"92":"13"},"C8":{"28":"13","27":"13"},"P8":{"RV":"13","3Q":"13","RW":"13","3P":"13","QW":"13","QV":"13"},"WJ":{"JC":"13","MC":"13"},"8C":{"V4":"13","V5":"13","R4":"13","P3":"13","R5":"13","Q2":"13","V7":"13","Q7":"13","R6":"13","R7":"13","Q6":"13","Q5":"13","V6":"13","Q3":"13","P2":"13"},"V4":{"9F":"13","8F":"13","8C":"13"},"F9":{"33":"13"},"7M":{"WC":"13","WW":"13","XC":"13"},"34":{"X7":"13"},"W9":{"Q8":"13","Q6":"13","46":"13","Q7":"13"},"93":{"R3":"13","V3":"13","R2":"13","V2":"13"},"H9":{"2W":"13","2P":"13","2R":"13","2Q":"13","2V":"13"},"56":{"JP":"13"},"H4":{"JP":"13","PG":"13","JM":"13"},"89":{"R8":"13","R9":"13"},"H2":{"F3":"13","F4":"13","C3":"13","C4":"13"},"J9":{"FV":"13","H5":"13","FR":"13","GP":"13","HQ":"13","HP":"13","H4":"13","FW":"13","J4":"13","GQ":"13","GW":"13","HR":"13","GR":"13","J5":"13","HV":"13","GV":"13"},"7H":{"5M":"13"},"G9":{"XQ":"13","XW":"13","XP":"13","83":"5","94":"5","XR":"13","85":"5","93":"5","95":"5","XV":"13","86":"5","84":"5","96":"5"},"F3":{"X8":"13"},"M2":{"VR":"13"},"27":{"42":"13","43":"13","QC":"13"},"HJ":{"V3":"13","V4":"13"},"PF":{"Q8":"13","P7":"13","P8":"13","P6":"13","Q7":"13"},"W7":{"84":"13","85":"13","95":"13","94":"13"},"JC":{"HW":"13","JV":"13","JW":"13","HX":"13","JX":"13","JR":"13","HR":"13","HV":"13"},"JM":{"72":"13","82":"13"},"R5":{"F2":"13","H5":"13","H4":"13","G4":"13","C2":"13","G5":"13"},"G3":{"34":"13","44":"13","32":"13","25":"13","23":"13","24":"13","35":"13","43":"13","33":"13"},"87":{"V4":"13"},"33":{"9P":"13"},"8G":{"3F":"13","5V":"13"},"26":{"34":"13","44":"13","43":"13","33":"13","C4":"13"},"CC":{"QR":"13","QM":"13","QP":"13","QQ":"13","FF":"13"},"Q2":{"P3":"13"},"7F":{"J7":"13","H2":"13","8J":"13","5V":"13"},"77":{"4G":"13","8X":"13"},"94":{"CW":"13","CV":"13","CX":"13"},"P9":{"GX":"13","HW":"13","HX":"13","2R":"13","2Q":"13","GW":"13"},"MF":{"F5":"13","G4":"13","G5":"13","F4":"13"},"4C":{"W4":"13","C6":"13","W3":"13","X4":"13","X3":"13","C5":"13"},"FC":{"74":"13","R9":"13","5W":"13","83":"13","RC":"13","QC":"13","5X":"13","73":"13","6W":"13","6R":"13","7W":"13","7X":"13","6V":"13","7V":"13","6X":"13","7R":"13","84":"13","4X":"13","Q9":"13"},"78":{"RV":"13","RW":"13","8M":"13","VV":"13","5J":"13","5M":"13","VW":"13","82":"13","6M":"13","6J":"13","9M":"13"},"H3":{"FV":"13","FR":"13"},"64":{"QF":"13","WF":"13"},"66":{"GG":"13","FH":"13","FG":"13","PP":"13","GH":"13"},"F8":{"58":"13","5G":"13","7J":"13","7F":"13","8F":"13","6J":"13","6H":"13","9H":"13","7H":"13","4C":"13","5H":"13","9G":"13","78":"13","7C":"13","79":"13","5J":"13","8G":"13","8J":"13","59":"13","7G":"13","5F":"13","5C":"13","68":"13","49":"13","6C":"13","8H":"13","6F":"13","6G":"13","69":"13"},"M9":{"XQ":"13","XR":"13"},"6G":{"2H":"13"},"83":{"RJ":"13"},"98":{"X7":"13","X8":"13"},"68":{"52":"13"},"QH":{"68":"13"},"57":{"F2":"13","F5":"13","P4":"13"},"Q8":{"V4":"13"},"9P":{"XG":"13","XF":"13"}},"QR":{"8X":{"Q8":"13"},"9P":{"FX":"13"},"FQ":{"28":"13","27":"13"},"5P":{"C9":"13"},"C6":{"X6":"13","X9":"13"},"62":{"FV":"13"},"X3":{"8M":"13","7P":"13","8P":"13"},"P3":{"7H":"13","7J":"13"},"3M":{"CC":"13"},"JX":{"M4":"13","M3":"13","35":"13","25":"13","27":"13","36":"13","5V":"13","26":"13"},"RP":{"34":"13","23":"13","33":"13"},"3F":{"38":"13"},"4W":{"W3":"13"},"MX":{"3M":"13","2M":"13"},"5G":{"5V":"13"},"G4":{"6X":"13","5W":"13","5X":"13","6W":"13"},"GV":{"X8":"13","FF":"13","CF":"13","P6":"13","P5":"13","M5":"13","M6":"13","FC":"13","CC":"13"},"65":{"35":"13"},"MR":{"J3":"13","H2":"13","H3":"13"},"F5":{"5R":"13","5C":"13","4R":"13"},"4G":{"V5":"13"},"3H":{"6C":"13"},"GW":{"JR":"13","HR":"13"},"FW":{"GX":"13","JG":"13","GW":"13"},"7Q":{"XG":"13","WG":"13"},"CW":{"PG":"13"},"2X":{"8C":"13","7C":"13"},"FV":{"F5":"13","F6":"13"},"6Q":{"86":"13","85":"13","75":"13","76":"13","87":"13","77":"13","78":"13"},"5J":{"9C":"13"},"JQ":{"VJ":"13","VM":"13"},"9W":{"QR":"13"},"VQ":{"6V":"13","6W":"13","7W":"13","7V":"13"},"2R":{"J7":"13","J8":"13","M8":"13","M7":"13"},"6R":{"MV":"13","MQ":"13","PV":"13","MR":"13","PW":"13","PR":"13","MW":"13"},"CV":{"GV":"13"},"VR":{"95":"13"},"29":{"9P":"13"},"HR":{"R5":"13","R4":"13"},"7X":{"PH":"13","MH":"13","MG":"13"},"3J":{"Q3":"13","Q4":"13","P4":"13","5H":"13","P3":"13"},"53":{"HJ":"13","32":"13"},"7V":{"39":"13","2X":"13"},"GX":{"FR":"13","FX":"13","CV":"13","CW":"13","G2":"13","FV":"13","FW":"13","CR":"13","CX":"13"},"77":{"JR":"13"},"VX":{"P8":"13"},"4R":{"WG":"13"},"4H":{"4X":"13","5X":"13"},"64":{"HH":"13"},"4Q":{"7Q":"13","8Q":"13"},"JV":{"CW":"13","9W":"13"},"JW":{"49":"13","48":"13"},"CQ":{"X7":"13","X8":"13"},"4M":{"4M":"13","FF":"13"},"VC":{"8G":"13"},"6P":{"P2":"13"},"39":{"XQ":"13"},"WF":{"PR":"13"},"3G":{"34":"13","35":"13","F7":"13"},"8M":{"CW":"13"},"HQ":{"HJ":"13","GJ":"13"},"2V":{"7C":"13"},"8R":{"CJ":"13"},"HW":{"86":"13","76":"13","66":"13"},"6W":{"7M":"13","9G":"13"},"4V":{"3W":"13"}},"CX":{"66":{"7H":"13"},"25":{"J2":"13"},"F4":{"MX":"13","JX":"13"},"G6":{"3V":"13","2R":"13","2V":"13","3R":"13"},"H4":{"M9":"13"},"C5":{"9F":"13","G9":"13","CG":"13","9G":"13","CF":"13"},"P6":{"MV":"13","M6":"13","J6":"13"},"M4":{"JX":"13"},"W5":{"44":"13"},"68":{"29":"13","2C":"13"},"Q7":{"3R":"13"},"M5":{"VJ":"13","J2":"13","WM":"13","WP":"13"},"3C":{"GP":"13","HQ":"13","GQ":"13","JR":"13","HR":"13","GR":"13"},"JR":{"JH":"13"},"H2":{"MM":"13","65":"13","66":"13","JJ":"13","MJ":"13","JM":"13"},"X4":{"WX":"13","WW":"13"},"67":{"5V":"13"},"Q4":{"W4":"13","W5":"13","V6":"13","W6":"13"},"F5":{"J2":"13","M2":"13"},"4G":{"MQ":"13","JQ":"13","MR":"13","JR":"13","RM":"13"},"V3":{"XQ":"13","XR":"13"},"W3":{"VM":"13"},"83":{"X9":"13","W8":"13","W9":"13","X8":"13"},"2J":{"Q2":"13","R2":"13"},"HC":{"27":"13"},"C4":{"RV":"13","RR":"13","RX":"13"},"6G":{"6V":"13","5V":"13"},"95":{"WV":"13","WR":"13","WQ":"13"},"2H":{"4X":"13","JW":"13","CM":"13","FM":"13"},"P2":{"JP":"13"},"GC":{"H9":"13"},"96":{"4F":"13","3G":"13","4G":"13","2G":"13","2H":"13","3H":"13","3F":"13"},"P5":{"Q8":"13","P8":"13","HR":"13","GV":"13","MW":"13","MC":"13","MQ":"13","HV":"13","P9":"13","GW":"13","PC":"13","JV":"13","MV":"13","JR":"13","Q9":"13","P7":"13"},"C9":{"VC":"13","WC":"13"},"58":{"R9":"13","X9":"13","VC":"13","XC":"13","V9":"13","RC":"13","X8":"13"},"R3":{"2P":"13","2Q":"13"},"M3":{"7F":"13"},"P4":{"VH":"13"},"XC":{"C8":"13"},"Q3":{"XP":"13","XQ":"13"},"G7":{"32":"13","22":"13"},"3G":{"QF":"13","PF":"13"},"C8":{"6R":"13"},"87":{"3Q":"13","2W":"13","2R":"13","3R":"13","3W":"13"},"M7":{"G2":"13"},"JF":{"M9":"13","P9":"13","PC":"13","MC":"13"},"J3":{"RQ":"13","RP":"13"},"6F":{"H5":"13","H6":"13"},"X7":{"36":"13"},"G5":{"PX":"13","PW":"13"}},"9V":{"MX":{"F2":"13","G3":"13","F3":"13","C2":"13","G2":"13"},"7W":{"PR":"13"},"MH":{"C5":"13","H3":"13","C6":"13","M2":"13","H2":"13","F6":"13","J3":"13","F4":"13","C3":"13","83":"13","92":"13","F2":"13","H4":"13","G2":"13","94":"13","C2":"13","G3":"13","85":"13","J2":"13","93":"13","F5":"13","J4":"13","95":"13","C7":"13","C4":"13","G4":"13","F3":"13","84":"13","96":"13","P2":"13"},"RQ":{"Q6":"13","P4":"13","P9":"13","M8":"13","J5":"13","Q7":"13","P5":"13","M7":"13","M4":"13","MC":"13","R7":"13","J4":"13","P6":"13","Q8":"13","J3":"13","M6":"13","M5":"13","J9":"13","J8":"13","Q5":"13","P8":"13","PC":"13","M3":"13","M9":"13","J7":"13","J6":"13","P7":"13","PF":"13","MF":"13"},"PV":{"9G":"13"},"RX":{"PM":"13","PP":"13"},"7J":{"58":"13","59":"13","48":"13"},"VW":{"W2":"13"},"8W":{"H8":"13","H9":"13","G9":"13","GC":"13","FC":"13","J9":"13","F9":"13","HC":"13","G8":"13"},"XV":{"HG":"13"},"XM":{"GM":"13","GP":"13","78":"13","77":"13","57":"13","FM":"13","58":"13","68":"13","FJ":"13","CM":"13","59":"13","CP":"13","FP":"13","9M":"13","66":"13","56":"13","69":"13","79":"13","9J":"13","CJ":"13","67":"13"},"MG":{"9P":"13","QW":"13","PW":"13","8P":"13","MQ":"13","8Q":"13","GR":"13","QV":"13","GM":"13","CX":"13","9V":"13","JX":"13","JJ":"13","HJ":"13","CP":"13","FX":"13","JR":"13","MX":"13","GV":"13","MR":"13","GW":"13","FW":"13","CW":"13","FV":"13","9F":"13","JH":"13","FP":"13","JQ":"13","9W":"13","CV":"13","8H":"13","HR":"13","HX":"13","GX":"13","PR":"13","HH":"13","HP":"13","GQ":"13","GP":"13","FR":"13","9X":"13","HV":"13","CR":"13","HM":"13","JV":"13","CQ":"13","JW":"13","MW":"13","9Q":"13","JM":"13","9R":"13","9H":"13","PX":"13","9G":"13","HQ":"13","8R":"13","MV":"13","PV":"13","HW":"13","JP":"13","8F":"13","8G":"13"},"WV":{"WV":"13","WR":"13","VV":"13","WW":"13","XW":"13","XX":"13","VW":"13","VR":"13","WX":"13","XR":"13","XV":"13"},"RJ":{"5J":"13"},"MW":{"GX":"13","9F":"13","8G":"13","2P":"13","FX":"13","2M":"13","8F":"13","CW":"13","3P":"13","9G":"13","FW":"13","2Q":"13","CX":"13"},"GJ":{"2F":"13","5G":"13","3G":"13","2J":"13","4G":"13","2G":"13","4H":"13","2H":"13","5H":"13","3H":"13","3F":"13"},"QQ":{"HW":"13","JW":"13","HX":"13","JX":"13"},"VV":{"WX":"13"},"WW":{"W2":"13","X2":"13"},"4P":{"6H":"13"},"VF":{"GG":"13"},"9V":{"XF":"13","WF":"13","X9":"13","WC":"13","W9":"13","XC":"13","V9":"13","X8":"13"},"QG":{"XP":"13","XQ":"13","XM":"13","WM":"13","WP":"13"},"RG":{"3J":"13","2P":"13","2J":"13","3M":"13","2Q":"13","2M":"13"},"FH":{"9F":"13","6F":"13","5G":"13","9C":"13","6G":"13","5F":"13"},"XC":{"QR":"13","PV":"13","QW":"13","PW":"13","PR":"13","QV":"13"},"JX":{"7F":"13","7H":"13","6F":"13","5G":"13","6H":"13","6G":"13","6J":"13","5H":"13","7G":"13"},"CR":{"M2":"13","M3":"13","P3":"13","P2":"13"},"MV":{"RF":"13","QF":"13","RC":"13","QC":"13"},"HX":{"5R":"13","6R":"13"},"JW":{"XP":"13","VV":"13","WV":"13","XQ":"13","VR":"13","WR":"13","XM":"13","XR":"13","WQ":"13","WP":"13"},"JV":{"QR":"13","PQ":"13","QQ":"13"},"XX":{"69":"13","79":"13"},"QR":{"CC":"13|7","FC":"13","G7":"13","C9":"13","C8":"13","F9":"13","CF":"13"},"CV":{"29":"13","2C":"13","2F":"13","2G":"13"},"3W":{"29":"13","2C":"13"},"GX":{"RP":"13","RM":"13"},"XW":{"XG":"13"},"FJ":{"WG":"13","WH":"13","XH":"13","XJ":"13","XG":"13","XF":"13","WJ":"13","VG":"13","VH":"13","WF":"13"},"GM":{"X6":"13","W7":"13","X7":"13"},"4V":{"CG":"13","CF":"13"},"WP":{"36":"13","58":"13","37":"13","46":"13","66":"13","47":"13","45":"13","57":"13","56":"13","67":"13","35":"13","48":"13"},"XR":{"32":"13","23":"13","33":"13","22":"13"},"7X":{"38":"13","37":"13","28":"13","27":"13"},"JH":{"QH":"13","M7":"13","M8":"13","P6":"13","P8":"13","RG":"13","J7":"13","PG":"13","MF":"13","QF":"13","M6":"13","PF":"13","QC":"13","J8":"13","M9":"13","J9":"13","MC":"13","QG":"13","Q7":"13","Q6":"13","P9":"13","PC":"13","PH":"13","P7":"13"},"3P":{"QX":"13","WJ":"13"}},"JX":{"4F":{"CH":"13","CG":"13"},"2P":{"25":"13"},"6M":{"32":"13","22":"13"},"6J":{"4X":"13","4W":"13","3X":"13","2X":"13","3W":"13"},"V5":{"WQ":"13"}},"WX":{"FR":{"FH":"13","FG":"13"},"4X":{"5P":"13","6P":"13"},"8W":{"HR":"13","GR":"13","HV":"13","GV":"13"}},"FX":{"C5":{"W9":"13"},"H9":{"86":"13"},"Q8":{"75":"13","65":"13","74":"13","64":"13"},"HJ":{"M9":"13","MC":"13"},"P3":{"VR":"13","WR":"13","9X":"13","WQ":"13","VQ":"13","8X":"13"},"M2":{"6X":"13","J8":"13","H8":"13","6W":"13"},"CF":{"6R":"13"},"V8":{"34":"13","33":"13"},"RG":{"5Q":"13","4Q":"13","4R":"13"},"M3":{"W8":"13","W9":"13"},"65":{"38":"13","47":"13","48":"13"},"F4":{"QV":"13"},"M5":{"V3":"13","V4":"13","R4":"13"},"33":{"W2":"13","W3":"13","X2":"13","X3":"13"},"83":{"4P":"13"},"25":{"FV":"13","9Q":"13","9P":"13","GV":"13"},"8R":{"MF":"13","MC":"13"},"QV":{"WF":"13"},"H4":{"VV":"13"},"PJ":{"Q6":"13","P7":"13","P6":"13","Q7":"13"},"27":{"V7":"13","R7":"13","R6":"13","V6":"13"},"94":{"3Q":"13","4Q":"13"},"W3":{"X5":"13","X4":"13","P9":"13","MQ":"13","MR":"13"},"44":{"6V":"13","6R":"13"},"P4":{"88":"13","89":"13","87":"13","82":"13","92":"13"},"MQ":{"F3":"13","93":"13","C3":"13"},"RH":{"FH":"13","FJ":"13","GH":"13","GJ":"13"},"RR":{"2R":"13","2Q":"13"},"22":{"M9":"13","M8":"13","P9":"13","P8":"13"},"H5":{"9F":"13","8F":"13"},"38":{"J7":"13","J6":"13"},"F5":{"84":"13","85":"13"},"J4":{"65":"13","66":"13"},"95":{"4X":"13","5X":"13"},"C4":{"HV":"13","GV":"13"},"5V":{"C3":"13"},"MH":{"M7":"13"},"63":{"3V":"13"},"JH":{"CH":"13","CG":"13"},"G4":{"R8":"13"},"X3":{"F9":"13"},"Q9":{"H6":"13"}},"JR":{"P4":{"54":"13"},"CW":{"H9":"13","JC":"13","P7":"13","P9":"13","P8":"13","M7":"13"},"XV":{"3C":"13"},"XJ":{"2C":"13"},"MG":{"6V":"13"},"6P":{"WG":"13","WH":"13","65":"13","VF":"13","VG":"13","VH":"13","WF":"13"},"9G":{"HQ":"13","HP":"13","HR":"13"},"7C":{"7J":"13"},"GJ":{"R8":"13"},"WW":{"V4":"13"},"9V":{"R7":"13"},"79":{"MM":"13"},"7Q":{"XJ":"13"},"JM":{"PM":"13"},"CP":{"P4":"13"},"MJ":{"X2":"13"},"59":{"F8":"13","C7":"13","C8":"13"},"WM":{"XP":"13","XQ":"13"},"CR":{"MQ":"13","PQ":"13","MR":"13","PR":"13"},"FM":{"4J":"13","5J":"13","5M":"13","5P":"13","4M":"13","4P":"13"},"CG":{"9Q":"13","8Q":"13"},"FG":{"69":"13"},"WJ":{"WC":"13","XC":"13"},"3Q":{"GR":"13"},"CJ":{"VR":"13","VP":"13","VQ":"13","WM":"13"},"PH":{"MF":"13","JF":"13","JC":"13","MC":"13"},"WP":{"G9":"13","Q8":"13","P9":"13","P8":"13","Q9":"13"},"M2":{"99":"13"},"7X":{"5F":"13"},"JJ":{"PF":"3"}},"7W":{"HW":{"G4":"13","89":"13","F4":"13"},"XQ":{"MC":"13"},"WW":{"PG":"13"},"XW":{"8F":"13","8C":"13"}},"WQ":{"97":{"R8":"13"},"58":{"5H":"13"},"38":{"FQ":"13"},"PM":{"GX":"13","HX":"13"},"RX":{"H3":"13"},"6P":{"QQ":"13"},"PP":{"H2":"13","G2":"13"},"9C":{"89":"13","8C":"13"}},"PQ":{"CW":{"9P":"13"},"2X":{"94":"13"},"9X":{"V5":"13"},"8V":{"CW":"13","9X":"13","9W":"13","CX":"13"},"FW":{"QX":"13","RX":"13"},"JX":{"Q8":"13","Q6":"13","P7":"13","P8":"13","Q7":"13"},"WX":{"PG":"13","PH":"13"},"7X":{"VR":"13"}},"GV":{"MH":{"JQ":"13","HV":"13"},"9C":{"FR":"13","FQ":"13"},"5Q":{"93":"13","C3":"13","C4":"13","94":"13"},"9P":{"M5":"13","P4":"13","M4":"13"},"GG":{"QF":"13","QG":"13"},"HF":{"P5":"13","P6":"13"},"P5":{"5P":"13"},"92":{"8H":"13"},"HM":{"F3":"13","F4":"13","C3":"13","C5":"13","C4":"13"},"HR":{"39":"13","38":"13","37":"13","3J":"13","49":"13","47":"13","3M":"13","48":"13"},"5P":{"CW":"13","CX":"13"},"V5":{"7W":"13"},"2C":{"4M":"13","4P":"13"},"F9":{"9P":"13"},"VJ":{"Q4":"13","P4":"13"},"CP":{"R3":"13","Q3":"13","V3":"13","R2":"13","V2":"13","R4":"13","V5":"13"},"MJ":{"QJ":"13","75":"13","QM":"13","QP":"13"},"FG":{"9W":"13","9V":"13","8V":"13","8R":"13","8W":"13"},"MP":{"34":"13","24":"13","35":"13"},"HH":{"J9":"13"},"2V":{"F3":"13","XX":"13","F4":"13"},"9F":{"XH":"13","XJ":"13"},"FF":{"H5":"13","H4":"13","G4":"13","G5":"13"},"FR":{"86":"13","76":"13"},"P3":{"J3":"13","J4":"13"},"HJ":{"Q8":"13","G5":"13","P8":"13","R8":"13","Q7":"13","R6":"13","R7":"13","H5":"13","P7":"13"}},"MR":{"FJ":{"3X":"13"},"QW":{"QX":"13","X8":"13"},"PW":{"WM":"13"},"FQ":{"3H":"13"},"38":{"36":"13","24":"13","79":"13"},"5P":{"3W":"13"},"MH":{"5P":"13","6P":"13"},"J9":{"QH":"13"},"24":{"77":"13"},"PP":{"29":"13","2C":"13","3C":"13"},"5Q":{"83":"13","82":"13"},"QV":{"5R":"13"},"QF":{"WH":"13"},"6M":{"69":"13","58":"13","F5":"13","G4":"13","59":"13","G5":"13","F4":"13","5F":"13"},"3F":{"XH":"13"},"6J":{"8H":"13","9F":"13","FR":"13","FM":"13","CQ":"13","CM":"13","CV":"13","CP":"13","8F":"13","FP":"13","8J":"13","9M":"13","7H":"13","FV":"13","P4":"13","9P":"13","7J":"13","CR":"13"},"3C":{"HJ":"13","XM":"13","WM":"13"},"M6":{"97":"13","96":"13"},"CM":{"FR":"13","FQ":"13","QW":"13","9M":"13","PW":"13","GR":"13"},"5G":{"J7":"13","J6":"13","H6":"13"},"VP":{"7X":"13"},"MR":{"28":"13"},"4G":{"85":"13"},"3H":{"7W":"13","7V":"13"},"7Q":{"FW":"13","FX":"13"},"6Q":{"HR":"13"},"28":{"XG":"13","G9":"13"},"WP":{"QJ":"13"},"HC":{"4X":"13","4W":"13"},"JC":{"58":"13","HP":"13"},"RW":{"3Q":"13"},"7J":{"CV":"13"},"RQ":{"C6":"13","JC":"13"},"2R":{"QF":"13"},"6G":{"WH":"13","WJ":"13"},"WW":{"5V":"13"},"GC":{"VW":"13","WX":"13","WW":"13","VX":"13"},"3J":{"9Q":"13"},"7V":{"PV":"13","QW":"13","PW":"13","QV":"13"},"PR":{"M4":"13","M3":"13"},"VX":{"23":"13","G4":"13"},"HP":{"V7":"13","W7":"13","V6":"13","W6":"13","V5":"13"},"9M":{"98":"13","99":"13"},"GQ":{"4R":"13"},"27":{"68":"13"},"4H":{"8M":"13","86":"13","87":"13","9J":"13","8J":"13"},"XX":{"QW":"13"},"RV":{"FF":"13"},"9J":{"J4":"13"},"CH":{"5G":"13","3F":"13"},"MJ":{"VC":"13"},"MP":{"34":"13","33":"13"},"WV":{"JJ":"13"},"MM":{"V3":"13","CP":"13","CQ":"13"},"JW":{"89":"13","79":"13","8C":"13","7C":"13"},"CQ":{"7H":"13","8H":"13","7J":"13","8J":"13"},"XM":{"R9":"13"},"2W":{"R8":"13"},"MW":{"39":"13"},"6P":{"9J":"13"},"Q3":{"P8":"13"},"2P":{"J8":"13","M9":"13","M8":"13","93":"13","J9":"13"},"9Q":{"X3":"13"},"JM":{"HV":"13","GV":"13"},"8M":{"G7":"13","F6":"13","G6":"13"},"QX":{"QP":"13"},"J8":{"XX":"13"},"XP":{"6F":"13","R6":"13"},"9G":{"26":"13","27":"13"},"7G":{"2V":"13","46":"13","47":"13","VF":"13","6M":"13","5M":"13","6V":"13","WF":"13","HW":"13"},"22":{"9G":"13"},"8J":{"QQ":"13"},"8G":{"X6":"13","X7":"13"}},"GW":{"R3":{"CC":"13","FC":"13","99":"13","9C":"13","C9":"13","C8":"13","F9":"13"},"J3":{"JM":"13"},"4W":{"52":"13"},"7P":{"HV":"13"},"W3":{"36":"13"},"6R":{"4W":"13","5W":"13","5V":"13","4V":"13"},"J4":{"FV":"13","W7":"13"},"G2":{"5Q":"13","6Q":"13","5P":"13","6P":"13"},"V8":{"MV":"13","PV":"13","MW":"13"},"C4":{"MP":"13","MQ":"13"},"4V":{"F5":"13"}},"FW":{"FJ":{"Q9":"13"},"5P":{"W4":"13","W3":"13"},"QM":{"7W":"13"},"5R":{"J3":"13","J4":"13","X8":"13"},"9V":{"9V":"13","CX":"13"},"H6":{"4J":"13"},"RC":{"5C":"13","59":"13"},"JJ":{"2P":"13","2Q":"13"},"3F":{"M7":"13","M8":"13","P8":"13","P6":"13","P5":"13","M5":"13","M6":"13","Q7":"13","Q6":"13","Q5":"13","P7":"13"},"FX":{"22":"13"},"FC":{"GX":"13","HX":"13","WH":"13","FX":"13","GW":"13","VH":"13","HW":"13"},"M6":{"GJ":"13"},"Q9":{"5Q":"13","X2":"13","5P":"13","X3":"13","4P":"13"},"X2":{"73":"13"},"FG":{"5G":"13","5H":"13"},"98":{"H5":"13","H4":"13","J6":"13","H6":"13"},"F2":{"4J":"13","5J":"13","5M":"13","4M":"13"},"6X":{"XH":"13","XJ":"13"},"W7":{"78":"13"},"FP":{"9F":"13","CG":"13","9G":"13","CF":"13"},"MG":{"WX":"13"},"9W":{"C2":"13"},"33":{"W5":"13"},"43":{"PJ":"13","PM":"13"},"7J":{"M5":"13","M6":"13","J6":"13","J5":"13"},"RQ":{"63":"13","73":"13"},"6R":{"28":"13","27":"13"},"W8":{"2R":"13","3R":"13"},"49":{"QP":"13","PP":"13","PQ":"13","QQ":"13"},"R8":{"6V":"13"},"2H":{"46":"13","47":"13","57":"13","56":"13"},"7X":{"6V":"13","8G":"13","2J":"13","9W":"13","9V":"13","6W":"13","2H":"13","7W":"13","7V":"13"},"WW":{"JR":"13"},"GC":{"GG":"13","59":"13","49":"13","GH":"13","4C":"13","3H":"13"},"3J":{"HH":"13"},"V2":{"67":"13","68":"13"},"PF":{"7H":"13","6H":"13","C4":"13"},"6V":{"J7":"13","J8":"13"},"P5":{"4P":"13","M7":"13","P6":"13","P5":"13","4Q":"13","M6":"13","5R":"13","Q7":"13","R6":"13","R7":"13","Q6":"13","4R":"13","Q5":"13","P7":"13","5Q":"13"},"HP":{"VJ":"13"},"GF":{"VG":"13","M2":"13","M3":"13"},"57":{"C2":"13","93":"13","92":"13","C3":"13","C4":"13","94":"13"},"C2":{"CJ":"13","CM":"13","9J":"13","9M":"13"},"CJ":{"MV":"13","JV":"13","MR":"13"},"GP":{"GC":"13"},"5C":{"75":"13","65":"13","76":"13","66":"13"},"9X":{"93":"13","92":"13"},"HV":{"6M":"13","6P":"13"},"7R":{"R3":"13"},"6H":{"MV":"13","JV":"13","MR":"13","JR":"13"},"CQ":{"2F":"13"},"VC":{"G9":"13","F9":"13"},"P4":{"MV":"13","JV":"13"},"6P":{"32":"13","22":"13"},"WF":{"57":"13","56":"13"},"9Q":{"XF":"13"},"9H":{"PP":"13","MP":"13","MQ":"13","PQ":"13"},"M9":{"7M":"13","7P":"13"},"78":{"G9":"13","H9":"13","HC":"13","JC":"13","J9":"13","GC":"13"},"JF":{"R9":"13","W9":"13","V9":"13"},"FF":{"F2":"13","H2":"13","G2":"13"},"MF":{"XF":"13","WF":"13"},"6W":{"FF":"13","9X":"13","FG":"13","CV":"13","7M":"13","8W":"13","GG":"13","9V":"13","GF":"13","GH":"13","7J":"13","FH":"13","9W":"13"},"XF":{"G5":"13","G6":"13"},"4V":{"R4":"13"},"56":{"CX":"13"},"8G":{"R9":"13","RC":"13"},"75":{"RV":"13","VV":"13","RR":"13","VR":"13","2R":"13"},"55":{"2C":"13","2F":"13"}},"RR":{"RQ":{"JF":"13","JH":"13","MH":"13","JG":"13","MG":"13"},"RX":{"CJ":"13","CH":"13","CG":"13"},"FX":{"4R":"13"},"95":{"9X":"13","8X":"13"},"5Q":{"JM":"13"},"X4":{"Q4":"13","Q5":"13","R5":"13","Q6":"13","R6":"13","R4":"13","P4":"13","Q7":"13"},"6V":{"25":"13","24":"13"},"M7":{"X8":"13"},"6J":{"29":"13","39":"13","79":"13","78":"13","7C":"13"},"2X":{"5H":"13"},"HM":{"FX":"13","7W":"13","8X":"13","7X":"13","8W":"13"},"53":{"26":"13","36":"13","37":"13","46":"13","47":"13","35":"13","27":"13"},"5R":{"RH":"13","Q5":"13","Q6":"13"},"45":{"QR":"13","PV":"13","QW":"13","PX":"13","PW":"13","PR":"13","QV":"13"},"X5":{"VW":"13","WX":"13","WW":"13","VX":"13"},"52":{"VQ":"13"},"X9":{"HG":"13","HH":"13","HJ":"13","GG":"13","JF":"13","GH":"13","JG":"13","JC":"13","GJ":"13","HF":"13"},"5W":{"54":"13"},"2Q":{"23":"13","22":"13"},"59":{"52":"13"},"M6":{"7W":"13"},"WM":{"HG":"13"},"V2":{"VC":"13","V9":"13"},"JX":{"WG":"13","WH":"13","XG":"13","XF":"13","WJ":"13","VG":"13","VJ":"13","VH":"13","WF":"13"},"X6":{"W4":"13","29":"13","V3":"13","W5":"13","2C":"13","W2":"13","V4":"13","W3":"13","V2":"13","V5":"13"},"J8":{"PP":"13","MP":"13","MQ":"13","PQ":"13","JQ":"13","MR":"13","JR":"13","PR":"13"},"7G":{"RV":"13","QR":"13","QV":"13"},"43":{"X6":"13","CC":"13","X7":"13","X8":"13","CF":"13"},"5V":{"X5":"13","X4":"13"},"55":{"JF":"13","JC":"13"},"44":{"9X":"13","7W":"13"},"XX":{"88":"13"},"5C":{"F8":"13","GW":"13"},"QR":{"44":"13"},"3Q":{"XV":"13","XP":"13","XM":"13","WM":"13","XW":"13","WP":"13"},"96":{"82":"13","92":"13"},"RC":{"J6":"13","J5":"13"},"JP":{"WM":"13"},"4R":{"34":"13","44":"13","45":"13","HR":"13"},"5X":{"7F":"13","4J":"13","6F":"13","5J":"13","5G":"13","6H":"13","6G":"13","4M":"13","5H":"13","7G":"13"}},"CW":{"58":{"63":"13","72":"13","52":"13","62":"13"},"G2":{"G9":"13","FC":"13","GC":"13"},"MX":{"XQ":"13","XR":"13"},"6W":{"26":"13","36":"13","25":"13"},"MH":{"34":"13","26":"13","36":"13","25":"13","24":"13","35":"13"},"F7":{"VW":"13"},"RX":{"HR":"13"},"FX":{"H5":"13","H4":"13","JX":"13","G5":"13"},"95":{"2F":"13","2G":"13"},"VM":{"MX":"13","PX":"13","PW":"13","MW":"13"},"QP":{"7H":"13","5G":"13","6H":"13","6G":"13","6J":"13","5H":"13","7G":"13"},"WF":{"QF":"13","QG":"13"},"GH":{"HG":"13","77":"13","74":"13","75":"13","65":"13","GC":"13","GG":"13","64":"13","85":"13","HC":"13","JF":"13","GF":"13","JG":"13","6J":"13","JC":"13","86":"13","76":"13","84":"13","HF":"13"},"Q7":{"RC":"13","QC":"13"},"HF":{"6X":"13","4X":"13","5W":"13","5X":"13","6W":"13","7W":"13","7X":"13"},"C5":{"QG":"13","PG":"13","PF":"13","MG":"13"},"6M":{"RW":"13","VW":"13","RX":"13","VX":"13"},"92":{"2P":"13","2Q":"13"},"57":{"7X":"13"},"XV":{"G6":"13"},"CH":{"QX":"13","QW":"13"},"C4":{"58":"13","5G":"13","7F":"13","8F":"13","88":"13","6J":"13","6H":"13","87":"13","7H":"13","5H":"13","8C":"13","78":"13","7C":"13","79":"13","5J":"13","8G":"13","59":"13","77":"13","7G":"13","5F":"13","89":"13","5C":"13","68":"13","6C":"13","6F":"13","6G":"13","69":"13"},"XJ":{"FR":"13","FQ":"13"},"M4":{"HQ":"13","HR":"13","HV":"13"},"6R":{"MF":"13"},"PP":{"25":"13","24":"13"},"6P":{"PC":"13","MC":"13"},"MM":{"WG":"13","WH":"13","MF":"13","QF":"13","XJ":"13","PF":"13","M9":"13","J9":"13","MC":"13","RH":"13","P9":"13","JF":"13","WJ":"13","VG":"13","PC":"13","RJ":"13","VJ":"13","JC":"13","VH":"13"},"5R":{"GP":"13","GQ":"13"},"MW":{"3Q":"13"},"9G":{"GW":"13","GV":"13"},"QQ":{"J7":"13","J8":"13","M8":"13","H8":"13","H7":"13","M7":"13"},"VV":{"F3":"13","F5":"13","F4":"13","C3":"13","C5":"13","C4":"13"},"WW":{"39":"13","2C":"13","C9":"13","29":"13","27":"13","37":"13","3C":"13","36":"13","99":"13","38":"13","26":"13"},"5M":{"2X":"13"},"4P":{"5R":"13","3V":"13","X2":"13","4R":"13","2R":"13","2V":"13","3R":"13","4V":"13"},"HG":{"62":"13","57":"13","58":"13","5W":"13","47":"13","5X":"13","48":"13","6W":"13","7W":"13","7X":"13","6X":"13","72":"13"},"CP":{"XP":"13"},"2W":{"C6":"13","F5":"13","F6":"13","C5":"13"},"H7":{"4F":"13","3G":"13","4G":"13","3F":"13"},"M6":{"98":"13","C6":"13","97":"13","C7":"13","C8":"13","96":"13"},"WM":{"VV":"13","VW":"13","WW":"13"},"MV":{"XR":"13"},"VC":{"WM":"13","WP":"13"},"Q5":{"7W":"13","7V":"13"},"MP":{"MV":"13","2C":"13","JV":"13","HW":"13","X5":"13","JW":"13","X4":"13","JR":"13","HR":"13","HV":"13"},"4M":{"XX":"13"},"26":{"4F":"13","3J":"13","3G":"13","2J":"13","4G":"13","2H":"13","3H":"13","3F":"13"},"82":{"XP":"13","XQ":"13","WR":"13","XR":"13","WQ":"13","WP":"13"},"HH":{"72":"13","52":"13","62":"13"},"CJ":{"G3":"13","H4":"13","G4":"13","H3":"13","57":"13","56":"13"},"J2":{"XJ":"13"},"GM":{"GP":"13","7G":"13","6G":"13","FR":"13","CQ":"13","FQ":"13","8F":"13","FP":"13","GR":"13","GQ":"13","7F":"13","6F":"13","CR":"13"},"54":{"95":"13","96":"13"},"PX":{"2R":"13"},"8M":{"GJ":"13"},"JP":{"X9":"13","XC":"13"},"M2":{"2J":"13"},"HP":{"WH":"13","XH":"13","XJ":"13","WJ":"13"},"4R":{"XG":"13","XF":"13","WF":"13","WC":"13","XC":"13"},"RF":{"FH":"13","CH":"13"},"4Q":{"J3":"13","J2":"13","J4":"13","M2":"13","M4":"13","M3":"13"},"MR":{"98":"13","CC":"13","FC":"13","F8":"13","C9":"13","C7":"13","C8":"13","F9":"13"},"X2":{"4J":"13","4H":"13"},"FW":{"P9":"13","PC":"13","MC":"13"}},"XW":{"HH":{"7H":"13","44":"13"},"62":{"V3":"13","V2":"13"},"77":{"HH":"13","HG":"13","JG":"13"},"43":{"75":"13","76":"13","62":"13"},"9F":{"C6":"13","C2":"13","C3":"13","C5":"13"},"75":{"5J":"13","5M":"13","6M":"13","6J":"13"},"65":{"PX":"13","PW":"13"},"XG":{"88":"13","97":"13","89":"13","87":"13"},"53":{"MV":"13","JV":"13","JW":"13","PV":"13","PW":"13","MW":"13"},"52":{"GH":"13","GJ":"13"},"42":{"6X":"13","75":"13","65":"13","76":"13","66":"13","77":"13","67":"13"},"VG":{"CW":"13"},"32":{"PM":"13","PP":"13"},"9H":{"P5":"13","PH":"13","P6":"13","JR":"13","HR":"13"},"MH":{"7H":"13","7J":"13"}},"FV":{"PV":{"26":"13","36":"13","25":"13","35":"13"},"9C":{"8H":"13","8J":"13"},"QP":{"J3":"13","J4":"13","M4":"13","M3":"13"},"WF":{"2R":"13","2Q":"13"},"33":{"7F":"13","6F":"13","69":"13","79":"13","6C":"13","7C":"13"},"VR":{"6W":"13","7W":"13"},"HF":{"R5":"13","V5":"13"},"WR":{"HQ":"13","GQ":"13","HR":"13","GR":"13","HV":"13","GV":"13"},"2X":{"6V":"13","5V":"13"},"6X":{"69":"13","58":"13","59":"13","79":"13","68":"13"},"MC":{"R8":"13"},"53":{"9X":"13","8X":"13"},"GR":{"F8":"13","G8":"13","G7":"13","F7":"13","C7":"13","C8":"13"},"GJ":{"W2":"13"},"VF":{"XQ":"13","XR":"13"},"QG":{"Q7":"13"},"QF":{"27":"13"},"7Q":{"HR":"13","GR":"13"},"2W":{"FV":"13","FR":"13","FQ":"13","GQ":"13","GR":"13","GV":"13"},"G3":{"H4":"13"},"QR":{"93":"13","94":"13"},"CX":{"4J":"13","4M":"13"},"JR":{"PQ":"13","QQ":"13"},"54":{"C2":"13","82":"13","93":"13","92":"13","C3":"13"},"4V":{"R3":"13","R2":"13"},"8H":{"MM":"13"},"8M":{"52":"13","53":"13"},"VH":{"7X":"13"},"4R":{"RX":"13"},"5X":{"XV":"13","WV":"13","WW":"13","XW":"13"},"23":{"5P":"13","4P":"13"},"PF":{"X7":"13"},"HJ":{"M3":"13"},"MF":{"J8":"13"}},"WP":{"XC":{"M7":"13"}},"RX":{"9M":{"88":"13","98":"13","97":"13","5J":"13","87":"13"},"5G":{"XF":"13"},"95":{"XM":"13"},"GC":{"XG":"13","XF":"13","WF":"13","WG":"13"},"9P":{"MF":"13","MC":"13"},"8W":{"C9":"13","C8":"13"},"HF":{"G6":"13","F7":"13","H7":"13","G5":"13","F6":"13","F8":"13","H6":"13","H5":"13","F5":"13","G8":"13","G7":"13"},"C5":{"2M":"13"},"86":{"C6":"13"},"6H":{"PC":"13"},"CF":{"X6":"13","X7":"13"},"8X":{"VQ":"13","WR":"13","WP":"13","WM":"13","VR":"13","WQ":"13","VM":"13","VP":"13"},"2M":{"6V":"13","6W":"13","7W":"13","7V":"13"},"H8":{"JP":"13","JH":"13","JJ":"13","JQ":"13","JM":"13"},"HG":{"4H":"13","5H":"13"},"CP":{"3G":"13","4G":"13","4H":"13","3H":"13"},"G8":{"FQ":"13","FG":"13","FP":"13"},"P8":{"H5":"13","J6":"13","J5":"13","H6":"13"},"5F":{"HV":"13"},"Q9":{"FF":"13"},"3J":{"36":"13","46":"13"},"JG":{"5Q":"13","6Q":"13","5R":"13","6V":"13","4Q":"13","5P":"13","4R":"13","6R":"13","6P":"13","5V":"13","4V":"13"},"G7":{"F4":"13","GV":"13"},"98":{"QP":"13","QQ":"13"},"3W":{"H4":"13"},"4F":{"G9":"13","H9":"13","H8":"13"},"8P":{"6F":"13"},"97":{"G5":"13","G6":"13"},"HJ":{"3Q":"13","G7":"13","2R":"13","2Q":"13","3R":"13","G6":"13"},"3P":{"X6":"13"}},"6X":{"VQ":{"Q8":"13"},"XC":{"5G":"13","5F":"13"},"WH":{"MF":"13","HF":"13","QF":"13","JF":"13","HG":"13","PF":"13"},"RQ":{"W5":"13","X5":"13"},"JV":{"24":"13","MQ":"13","PQ":"13","JQ":"13"},"JG":{"HX":"13","JX":"13"},"MH":{"CG":"13"},"JH":{"J3":"13","H2":"13","H3":"13","J2":"13"},"VH":{"4J":"13","3J":"13"},"PP":{"M9":"13","J9":"13"}},"JQ":{"7J":{"R2":"13"},"VW":{"CW":"13","9W":"13","WC":"13","VC":"13"},"WX":{"JW":"13"},"XV":{"GP":"13"},"CH":{"7H":"13","6H":"13"},"9H":{"RH":"13","VJ":"13","MM":"13","RJ":"13","VH":"13"},"WV":{"FJ":"13","MJ":"13"},"QQ":{"H7":"13"},"PG":{"V8":"13","V9":"13"},"VG":{"XJ":"13"},"RR":{"R6":"13"},"FH":{"RM":"13"},"2Q":{"V3":"13"},"FM":{"Q8":"13","Q2":"13"},"JW":{"PH":"13"},"XX":{"9M":"13"},"WJ":{"XH":"13"},"GX":{"H5":"13"},"XR":{"MJ":"13"},"RF":{"R5":"13","R4":"13"},"PF":{"VV":"13"},"HJ":{"77":"13"},"3P":{"88":"13","98":"13","6F":"13","99":"13","89":"13","87":"13","6C":"13"},"2P":{"XX":"13"}},"9W":{"WV":{"33":"13"},"VQ":{"7G":"13","6G":"13","8H":"13","8G":"13","6H":"13","8F":"13","7H":"13","7F":"13","6F":"13"},"8X":{"J2":"13","M2":"13"},"74":{"WV":"13","VQ":"13","XM":"13","WR":"13","XQ":"13","VV":"13","WW":"13","XP":"13","WP":"13","WM":"13","XJ":"13","VR":"13","WQ":"13","XR":"13","XV":"13","VP":"13"},"W8":{"6X":"13","5X":"13"},"W2":{"XG":"13"},"P3":{"26":"13"},"PV":{"RH":"13","RG":"13","VG":"13","VH":"13"},"2C":{"75":"13","65":"13","76":"13","66":"13"},"M3":{"X6":"13"},"XP":{"G6":"13","F7":"13","H7":"13","C6":"13","F6":"13","J7":"13","F8":"13","M6":"13","J6":"13","H6":"13","C8":"13","98":"13","H5":"13","97":"13","C7":"13","G7":"13","7C":"13","J5":"13"},"83":{"R3":"13","Q3":"13","Q4":"13","Q2":"13","R2":"13","R4":"13"},"8W":{"MV":"13","MX":"13","JV":"13","JW":"13","JX":"13","MW":"13"},"HR":{"5C":"13","69":"13","59":"13","6C":"13"},"W9":{"63":"13","52":"13","53":"13","62":"13"},"RQ":{"67":"13"},"MW":{"QJ":"13","QH":"13"},"M6":{"GX":"13","VG":"13","HW":"13","VF":"13","WF":"13","HX":"13","WG":"13","G6":"13"},"G2":{"JP":"13","MP":"13","JM":"13"},"JJ":{"G6":"13"},"48":{"CW":"13","9X":"13","9W":"13","CX":"13"},"C2":{"2W":"13"},"WX":{"GX":"13","FX":"13"},"G3":{"J7":"13","J8":"13","9J":"13","MJ":"13","8J":"13"},"GR":{"GG":"13","FH":"13","HG":"13","GH":"13"},"82":{"MX":"13","QX":"13","RX":"13","PX":"13","PW":"13","MW":"13"},"X4":{"4H":"13","5H":"13"},"J4":{"X9":"13","WC":"13","W9":"13","XC":"13"},"4W":{"5G":"13","9C":"13","8F":"13","7F":"13","88":"13","CH":"13","6H":"13","87":"13","9H":"13","7H":"13","5H":"13","9G":"13","8C":"13","78":"13","7C":"13","79":"13","8G":"13","99":"13","59":"13","77":"13","7G":"13","CG":"13","5F":"13","89":"13","5C":"13","9F":"13","98":"13","68":"13","6C":"13","8H":"13","6F":"13","6G":"13","69":"13"},"95":{"86":"13","75":"13","76":"13","66":"13","77":"13","67":"13"},"C4":{"MM":"13","MJ":"13"},"PH":{"GP":"13","GM":"13","GH":"13","FM":"13","GJ":"13","FP":"13"},"63":{"W4":"13","W5":"13","V4":"13","V6":"13","W6":"13","V5":"13"},"F3":{"8M":"13","7P":"13","8Q":"13","8P":"13"},"55":{"C7":"13","F6":"13","GJ":"13"},"84":{"3Q":"13","3P":"13","2P":"13","2R":"13","2Q":"13","2M":"13"},"VP":{"HF":"13","J8":"13","HG":"13","J9":"13"},"P7":{"HR":"13","GR":"13","HV":"13","GV":"13"}},"XV":{"39":{"J3":"13","JC":"13","M9":"13","J2":"13","MC":"13","J9":"13"},"62":{"V4":"13","V5":"13","R4":"13","W5":"13","R5":"13","2V":"13","W6":"13","X6":"13","V3":"13","W4":"13","W3":"13","R6":"13","X4":"13","X5":"13","V6":"13","X3":"13","2R":"13"},"74":{"4C":"13","3C":"13"},"4P":{"Q8":"13","Q9":"13"},"WH":{"QR":"13","QQ":"13"},"58":{"G3":"13"},"75":{"6X":"13","5X":"13"},"68":{"8R":"13"},"4J":{"92":"13"},"2M":{"8M":"13","7M":"13"},"35":{"3Q":"13","3V":"13","4Q":"13","4R":"13","2R":"13","2V":"13","3R":"13","4V":"13"},"4H":{"9X":"13"},"46":{"5Q":"13","6Q":"13","5R":"13","5P":"13","6R":"13","6P":"13"},"3H":{"46":"13","47":"13","57":"13","56":"13"},"XG":{"VP":"13"},"3W":{"PG":"13","PH":"13"},"28":{"J3":"13","H5":"13","H4":"13","J4":"13","J5":"13"},"45":{"GM":"13","HG":"13","GP":"13","HH":"13","MP":"13","HP":"13","HJ":"13","MJ":"13","MM":"13","GG":"13","JM":"13","JJ":"13","HM":"13","JP":"13","GH":"13","MH":"13","JH":"13","GJ":"13","VP":"13"},"5X":{"6X":"13","6W":"13","7W":"13","7X":"13"},"5P":{"5Q":"13","5R":"13","6V":"13","6R":"13","3H":"13","5V":"13"},"3P":{"69":"13","79":"13","6C":"13","68":"13","78":"13","7C":"13"},"53":{"6G":"13","7G":"13"},"64":{"F2":"13","F3":"13","C2":"13","82":"13","C3":"13"},"52":{"XV":"13","XR":"13","XW":"13"},"36":{"57":"13","58":"13","46":"13","59":"13","47":"13","45":"13","48":"13","56":"13","49":"13","55":"13"},"82":{"55":"13"},"5C":{"88":"13","98":"13","99":"13","89":"13"},"38":{"JW":"13","JX":"13"},"69":{"9F":"13","99":"13","9C":"13"},"72":{"26":"13","25":"13","23":"13","24":"13"},"63":{"FX":"13","CX":"13"},"26":{"87":"13"},"76":{"PM":"13","PP":"13","52":"13","62":"13"},"2Q":{"R3":"13","V3":"13","V4":"13","R4":"13"},"54":{"XJ":"13"}},"RW":{"J8":{"HF":"13","GF":"13"},"WX":{"C4":"13"}},"VQ":{"PH":{"XW":"13"},"WF":{"R5":"13","V5":"13"},"9P":{"34":"13","35":"13"},"XJ":{"4J":"13","5J":"13","4H":"13","5H":"13"},"W9":{"4F":"13","3G":"13","4G":"13","3F":"13"}},"RQ":{"9X":{"7M":"13","6M":"13","6J":"13","7J":"13"},"FX":{"Q4":"13","Q5":"13","R5":"13","R4":"13"},"PX":{"CP":"13","CM":"13","FM":"13","FP":"13"}},"CV":{"G2":{"55":"13"},"MX":{"V3":"13","V4":"13","V2":"13"},"F5":{"2V":"13"},"F7":{"5R":"13","6V":"13","4X":"13","4W":"13","5W":"13","4R":"13","6R":"13","6W":"13","5V":"13","4V":"13","3W":"13"},"63":{"XP":"13","WV":"13","XM":"13","WR":"13"},"84":{"7R":"13"},"95":{"H8":"13","H7":"13","X7":"13","2M":"13","W6":"13","X6":"13","J7":"13","J8":"13","W7":"13"},"C3":{"54":"13","65":"13","64":"13","55":"13"},"33":{"V9":"13"},"C8":{"H8":"13","H7":"13","M7":"13","J7":"13","J8":"13","J6":"13","8Q":"13"},"C6":{"9J":"13"},"3V":{"25":"13","24":"13","46":"13","55":"13","56":"13"},"6V":{"WH":"13","XH":"13"},"8F":{"VH":"13"},"2X":{"36":"13","46":"13","55":"13","47":"13","45":"13","57":"13","56":"13"},"7P":{"XM":"13","6G":"13","6H":"13","WM":"13","XH":"13","XJ":"13","XG":"13","5G":"13","7H":"13","XF":"13","WJ":"13"},"C4":{"V7":"13","R7":"13","J9":"13"},"M4":{"6R":"13","C9":"13"},"9J":{"RH":"13","RG":"13","VH":"13"},"9H":{"9Q":"13"},"3R":{"6V":"13","4W":"13","5W":"13","5X":"13","5V":"13"},"2C":{"HP":"13","HM":"13"},"4C":{"76":"13"},"7H":{"R3":"13","M2":"13"},"J4":{"7Q":"13","8Q":"13","9R":"13","8V":"13","7V":"13","7R":"13","8R":"13"},"4P":{"9Q":"13","8M":"13","3P":"13","CP":"13","9R":"13","9P":"13","9M":"13","8P":"13","CQ":"13"},"8G":{"2W":"13","2V":"13"},"F4":{"98":"13","99":"13"},"G6":{"9V":"13"},"7V":{"2H":"13"},"2W":{"2G":"13"},"2F":{"34":"13","26":"13","36":"13","25":"13","24":"13","35":"13"},"W9":{"9R":"13","9W":"13","9V":"13","8V":"13","8R":"13","8W":"13"},"M6":{"47":"13"},"77":{"HW":"13","HV":"13"},"M5":{"J8":"13"},"94":{"WP":"13"},"J8":{"P9":"13"},"7G":{"XV":"13","MX":"13","JX":"13","XW":"13"},"G3":{"5C":"13"},"FG":{"RF":"13","RG":"13","VG":"13","VF":"13","WG":"13","VH":"13","RC":"13"},"Q9":{"4W":"13","4R":"13","4V":"13","3W":"13"},"82":{"RF":"13"},"26":{"JC":"13","J9":"13"},"HH":{"5V":"13"},"HC":{"H4":"13"},"C7":{"7M":"13","7P":"13"},"2V":{"83":"13","84":"13","93":"13","94":"13"},"9F":{"37":"13"},"3Q":{"VV":"13","QQ":"13","PV":"13","RQ":"13","QV":"13","VW":"13","PQ":"13","VR":"13","PR":"13","QP":"13","RR":"13","RV":"13","QR":"13","PW":"13","PP":"13","RW":"13"},"CJ":{"5J":"13","5M":"13","6M":"13","6J":"13","5H":"13"},"68":{"XX":"13","WX":"13","WW":"13","XW":"13","VX":"13"},"4F":{"F5":"13","G4":"13","93":"13","G5":"13","F4":"13","C3":"13","C5":"13","C4":"13","94":"13"},"27":{"G9":"13"},"96":{"5G":"13"},"GQ":{"PC":"13","PF":"13","QC":"13"},"CC":{"V9":"13"},"8P":{"2F":"13","2J":"13","2G":"13","2H":"13","2M":"13"},"8H":{"MW":"13"},"F6":{"QC":"13"},"G5":{"GP":"13","GM":"13","FM":"13","GQ":"13","FP":"13"},"P3":{"5G":"13","4G":"13","5F":"13"},"GF":{"XP":"13"},"7X":{"75":"13","65":"13","74":"13","64":"13","55":"13"},"JH":{"XF":"13","WF":"13"},"69":{"W2":"13","W3":"13","X2":"13","V2":"13"},"76":{"4C":"13"},"3P":{"HW":"13","HX":"13"}},"VR":{"6X":{"7C":"13"},"6V":{"9F":"13","8G":"13","8F":"13","9G":"13"},"F5":{"C6":"13","C5":"13"},"3P":{"4F":"13"},"2J":{"69":"13","58":"13","59":"13","68":"13"},"4G":{"HF":"13","JF":"13"},"2G":{"34":"13","44":"13","43":"13","33":"13"},"2H":{"38":"13","37":"13","28":"13","27":"13"},"8R":{"PQ":"13"}},"HR":{"QW":{"MQ":"13"},"QJ":{"W9":"13","V9":"13"},"57":{"MQ":"13"},"5W":{"H8":"13","H7":"13"},"7M":{"5F":"13"},"47":{"88":"13","98":"13"},"4V":{"R9":"13","RC":"13"},"66":{"PG":"13","8V":"13"},"38":{"38":"13","37":"13","2F":"13","2G":"13","3F":"13"},"6P":{"GX":"13"},"PX":{"RV":"13","RW":"13","QV":"13"},"67":{"25":"13","55":"13","56":"13"},"VP":{"8R":"13"},"RX":{"VF":"13","VC":"13"},"6Q":{"G2":"13"}},"7X":{"V4":{"7X":"13"},"78":{"7H":"13","8H":"13","6H":"13","9J":"13","6J":"13","7J":"13","8J":"13"},"9C":{"R6":"13"},"V5":{"72":"13"},"H7":{"CW":"13","FW":"13","FX":"13","CX":"13"},"M4":{"4G":"13"},"MJ":{"9W":"13"},"J7":{"RV":"13","RW":"13","VV":"13","VW":"13","RX":"13","VX":"13"},"F8":{"XV":"13","WV":"13","WR":"13","WW":"13"},"M6":{"Q2":"5"},"J8":{"R2":"13"},"M9":{"J6":"13","J5":"13"},"4C":{"C5":"13","F4":"13","C3":"13","42":"13","F5":"13","C4":"13","F3":"13"},"3P":{"66":"13"},"49":{"4X":"13"},"85":{"4X":"13","4W":"13","3X":"13","3W":"13"},"H5":{"QH":"13"},"P9":{"9H":"13","9G":"13"},"GW":{"V2":"13"},"GF":{"JP":"13","MP":"13","MQ":"13","JQ":"13"},"C4":{"P7":"13","Q7":"13"},"86":{"42":"13"},"VH":{"X7":"13","8P":"13"},"WF":{"FR":"13"},"P7":{"QX":"13","RX":"13"},"96":{"26":"13","25":"13"}},"WW":{"7H":{"MV":"13","MR":"13"},"32":{"R8":"13","Q8":"13","R9":"13","Q9":"13"},"8F":{"7R":"13"},"G2":{"M2":"13","M3":"13"},"79":{"5M":"13"},"G6":{"MH":"13"}},"HX":{"R3":{"GH":"13","GJ":"13"},"6F":{"FV":"13","FW":"13"},"37":{"FV":"13","CV":"13"},"R2":{"9F":"13","9G":"13"},"VM":{"WR":"13"},"8V":{"CJ":"13","CM":"13","FJ":"13","FM":"13"},"6G":{"4C":"13","3C":"13"},"52":{"RV":"13","RR":"13"},"JQ":{"VJ":"13","WJ":"13"},"GQ":{"4X":"13","5X":"13"},"53":{"P8":"13"},"GR":{"5G":"13","42":"13","6G":"13","52":"13","5H":"13"},"FF":{"R9":"13","QF":"13","RC":"13","QC":"13","RF":"13","J2":"13","Q9":"13"}},"WR":{"Q6":{"V3":"13","V4":"13"},"4W":{"F5":"13","F4":"13"},"MH":{"34":"13","44":"13","43":"13","33":"13"},"QP":{"V7":"13","R7":"13"},"GH":{"2W":"13","3W":"13"},"Q7":{"GP":"13","99":"13","9C":"13","X7":"13","FP":"13"},"V8":{"J7":"13","M6":"13","M7":"13","J6":"13","H6":"13"},"CH":{"VF":"13","RQ":"13","RP":"13"},"MC":{"5Q":"13","5R":"13","H5":"13","7V":"13","7R":"13","H6":"13"},"4C":{"QF":"13","QG":"13"},"R7":{"38":"13","37":"13","47":"13","48":"13","27":"13"},"8C":{"W6":"13"},"GJ":{"39":"13","58":"13","6C":"13","68":"13","2C":"13","59":"13","29":"13","28":"13","5G":"13","48":"13","3F":"13","4C":"13","4G":"13","3C":"13","5F":"13","49":"13","5C":"13","3G":"13","6F":"13","38":"13","69":"13","4F":"13"},"JF":{"8H":"13"},"X5":{"X9":"13","X8":"13"},"VF":{"CC":"13","FC":"13","99":"13","FG":"13","9C":"13","CG":"13","FF":"13","CF":"13"},"QG":{"M5":"13","CM":"13","CV":"13","J5":"13","CR":"13"},"HG":{"WV":"13","RQ":"13","RP":"13","WW":"13"},"Q8":{"MM":"13","HX":"13","JJ":"13","JX":"13","JM":"13"},"X6":{"VF":"13","VC":"13"},"J9":{"VG":"13","VF":"13","WF":"13","WG":"13"},"FM":{"76":"13","77":"13"},"P8":{"HJ":"13","HH":"13"},"CG":{"R8":"13","Q4":"13","Q8":"13","Q5":"13","R5":"13","Q6":"13","R7":"13","R6":"13","R9":"13","Q7":"13","Q9":"13","QC":"13"},"Q9":{"H2":"13","95":"13"},"JG":{"HR":"13","HV":"13"},"HH":{"GR":"13","GV":"13"},"XX":{"JC":"13","J9":"13"},"HV":{"M5":"13"},"QR":{"QP":"13"},"9F":{"J9":"13"},"CJ":{"GP":"13"},"98":{"Q4":"13","P5":"13"},"GX":{"86":"13","85":"13","75":"13","76":"13"},"W7":{"6R":"13","7V":"13","7R":"13"},"4F":{"JP":"13","HQ":"13","JQ":"13","JR":"13","HR":"13","HV":"13"},"4V":{"3V":"13","2W":"13","2R":"13","2V":"13","3R":"13","3W":"13"},"PX":{"5G":"13","5F":"13"},"97":{"JH":"13","F8":"13"},"4J":{"38":"13","37":"13","28":"13","27":"13"},"CM":{"R4":"13","65":"13","4H":"5","5G":"5","66":"13","4G":"5","64":"13","67":"13","55":"13","Q3":"13","54":"13","R3":"13"},"R8":{"9X":"13","CX":"13"},"HJ":{"V6":"13","V5":"13"},"MR":{"7H":"13"},"JH":{"WM":"13"}},"GX":{"7G":{"7G":"13"},"9C":{"F5":"13","F7":"13","F6":"13"},"43":{"2R":"13","2Q":"13"},"R9":{"MH":"13","MG":"13"},"2V":{"GR":"13"},"5J":{"CG":"13","CF":"13"},"35":{"F7":"13"},"C9":{"F2":"13"},"33":{"XQ":"13","XR":"13"},"8F":{"39":"13","2C":"13","2F":"13","3C":"13","3F":"13"},"C8":{"GX":"13","8M":"13","FX":"13","8P":"13","HR":"13"},"82":{"8M":"13","9J":"13","9M":"13"},"5C":{"HF":"13"},"6X":{"C6":"13","C7":"13","F7":"13","F6":"13"},"9H":{"6J":"13"},"26":{"XC":"13"}},"PR":{"FJ":{"W5":"13","F4":"13"},"8V":{"6C":"13","2C":"13","59":"13","4C":"13","3C":"13","2F":"13","5C":"13","69":"13"},"8X":{"3J":"13","XR":"13"},"VM":{"W2":"13"},"PW":{"69":"13"},"G8":{"Q7":"13"},"3R":{"4F":"13","3G":"13","4G":"13","4C":"13","3C":"13","3F":"13"},"5P":{"M3":"13"},"MH":{"H5":"13","G5":"13","H6":"13","G6":"13"},"24":{"GR":"13"},"XQ":{"HC":"13","GC":"13"},"5F":{"V7":"13"},"P3":{"FR":"13","FQ":"13","CQ":"13","CR":"13"},"QV":{"G2":"13"},"GR":{"C6":"13","C5":"13"},"PH":{"WH":"13"},"H9":{"JH":"13","9M":"13"},"GM":{"Q8":"13","P8":"13"},"PM":{"W9":"13"},"CX":{"9J":"13","9M":"13"},"9V":{"77":"13"},"JX":{"2R":"13"},"6M":{"7C":"13"},"RP":{"PH":"13"},"M5":{"3P":"13"},"2M":{"Q2":"13","65":"13","JW":"13","2V":"13"},"WX":{"VQ":"13","62":"13","C3":"13","92":"13","RQ":"13","94":"13","C2":"13","VR":"13","RR":"13","93":"13","C4":"13","63":"13"},"4W":{"CW":"13","CX":"13"},"3C":{"HG":"13"},"MX":{"3H":"13"},"3W":{"F5":"13","F4":"13"},"3Q":{"88":"13","89":"13","79":"13","8C":"13","78":"13","7C":"13"},"MR":{"PV":"13"},"3H":{"49":"13"},"FW":{"5J":"13"},"4J":{"W3":"13"},"X2":{"J7":"13","J8":"13"},"RR":{"36":"13","37":"13","46":"13","47":"13"},"GH":{"89":"13"},"7Q":{"FQ":"13"},"2X":{"Q3":"13","Q4":"13","P4":"13","VH":"13","P3":"13"},"6Q":{"8J":"13"},"2J":{"2C":"13"},"28":{"2F":"13"},"WP":{"XG":"13","V3":"13","GW":"13"},"WM":{"58":"13"},"JQ":{"G3":"13","G2":"13"},"JC":{"GH":"13","W8":"13"},"RW":{"XX":"13","9C":"13"},"C4":{"43":"13"},"RQ":{"98":"13","97":"13","F8":"13","F7":"13","C7":"13","C8":"13"},"2R":{"V7":"13","X6":"13","W5":"13","X5":"13","W7":"13","X7":"13","V6":"13","W6":"13","V5":"13"},"CV":{"WC":"13","W9":"13","VC":"13","V9":"13"},"2C":{"MR":"13"},"HR":{"G9":"13","F8":"13","G8":"13","95":"13","F9":"13"},"WW":{"CW":"13","9X":"13","2P":"13","2J":"13","9W":"13","9V":"13","2M":"13","CV":"13","CX":"13"},"GC":{"VH":"13"},"J6":{"MF":"13","JF":"13","JG":"13","V8":"13","MG":"13"},"7V":{"2R":"13"},"WR":{"MX":"13","PX":"13","PW":"13","MW":"13"},"PF":{"FM":"13"},"PR":{"98":"13","2G":"13"},"HH":{"Q5":"13"},"77":{"QR":"13"},"HP":{"H5":"13","M2":"13","P2":"13"},"P7":{"F6":"13"},"RJ":{"WQ":"13"},"9M":{"CC":"13","74":"13"},"PG":{"WW":"13"},"GP":{"XV":"13","WV":"13","WW":"13","XW":"13"},"63":{"GJ":"13"},"VH":{"9J":"13","3H":"13","8J":"13"},"FM":{"Q4":"13","G7":"13"},"WV":{"M2":"13","P2":"13"},"JV":{"HG":"13","HH":"13","MJ":"13","JM":"13","JJ":"13","JG":"13","JH":"13"},"JW":{"VJ":"13","RJ":"13"},"CQ":{"3Q":"13","3P":"13"},"XM":{"P3":"13"},"2W":{"HG":"13","62":"13","43":"13","74":"13","RG":"13","C3":"13","33":"13","34":"13","92":"13","VF":"13","C2":"13","73":"13","53":"13","44":"13","64":"13","52":"13","RF":"13","JF":"13","VG":"13","93":"13","72":"13","JG":"13","63":"13","55":"13","54":"13","HF":"13"},"4M":{"4F":"13","FW":"13","5F":"13"},"MW":{"8H":"13","7M":"13","8J":"13","7H":"13","XF":"13","7P":"13","6J":"13","8M":"13","7J":"13","8Q":"13","7Q":"13","8P":"13"},"P4":{"88":"13","FJ":"13"},"6P":{"74":"13","F7":"13"},"M8":{"64":"13"},"QJ":{"9F":"13"},"7P":{"36":"13"},"J4":{"HJ":"13"},"VW":{"XP":"13","XM":"13","2J":"13","XJ":"13"},"8M":{"5J":"13","5M":"13","6M":"13","FW":"13","6J":"13","FX":"13","GW":"13"},"VV":{"F4":"13"},"QX":{"CP":"13"},"5M":{"9R":"13","8R":"13"},"PX":{"F2":"13","FX":"13"},"2V":{"Q6":"13","P7":"13","P6":"13","Q7":"13"},"J3":{"P8":"13"},"36":{"WW":"13"},"6W":{"9M":"13"},"8J":{"MM":"13"},"45":{"P3":"13"},"G5":{"95":"13"},"99":{"MM":"13","MP":"13"}},"VX":{"H8":{"39":"13","4F":"13","4C":"13","3C":"13","3F":"13"},"62":{"C2":"13","93":"13","92":"13","C3":"13"},"H9":{"MR":"13"},"FM":{"32":"13","23":"13","H3":"13","FX":"13","33":"13","22":"13"},"CQ":{"M2":"13"},"2C":{"5J":"13","5M":"13","6M":"13","6J":"13"},"CM":{"X2":"13","X3":"13"},"MM":{"FV":"13","GV":"13"},"CP":{"MX":"13","CJ":"13","CP":"13","CM":"13","FJ":"13","FM":"13","FP":"13"},"28":{"XG":"13","XH":"13"},"FP":{"F2":"13"},"GG":{"C6":"13","97":"13","87":"13","C7":"13","96":"13"},"J9":{"53":"13"},"VR":{"6J":"5"},"GR":{"44":"13","43":"13"},"PR":{"PJ":"13"},"52":{"XQ":"13","WR":"13","XR":"13","WQ":"13","WP":"13"},"JX":{"52":"13","53":"13"},"2F":{"7H":"13","5J":"13","5G":"13","6H":"13","6G":"13","6J":"13","5H":"13","7J":"13"},"VX":{"2R":"13","2Q":"13"},"38":{"2G":"13","2H":"13"},"JW":{"QM":"13","RJ":"13","RM":"13"},"JQ":{"XP":"13","XM":"13"},"67":{"34":"13","25":"13","24":"13","35":"13"},"RX":{"XQ":"13","XR":"13"},"8P":{"MQ":"13"}},"GQ":{"8X":{"J8":"13","J9":"13"},"HP":{"CW":"13","FR":"13","FQ":"13","9W":"13","CQ":"13","FP":"13","CR":"13"},"7M":{"MH":"13","MG":"13"},"GV":{"VW":"13","VX":"13"},"QV":{"X2":"13"},"VW":{"G7":"13","H7":"13","H6":"13","G6":"13"},"FV":{"H6":"13"},"MQ":{"2R":"13"},"RR":{"2X":"13"},"HV":{"X8":"13","W8":"13","4H":"13","X9":"13","F8":"13","W9":"13","8F":"13","4G":"13"},"RV":{"22":"13"},"JQ":{"XR":"13"},"QR":{"C5":"13","F7":"13","C6":"13","F6":"13","XX":"13","C8":"13","85":"13","F5":"13","95":"13","C7":"13","87":"13","86":"13","96":"13"},"8P":{"F3":"13","C6":"13"}},"XX":{"FG":{"23":"13"},"G8":{"39":"13","38":"13","49":"13","48":"13"},"CG":{"X4":"13","X2":"13","X3":"13"},"8W":{"VJ":"13","QR":"13","WJ":"13","WM":"13"}},"RV":{"X3":{"XG":"13","WH":"13","WF":"13","XH":"13","WG":"13"},"F5":{"8G":"13","8H":"13"},"84":{"FQ":"13"},"74":{"G4":"13","G5":"13"},"G9":{"HJ":"13","GJ":"13"},"VM":{"PC":"13"},"QP":{"R6":"13"},"33":{"H9":"13"},"C5":{"R2":"13","V2":"13"},"V8":{"XF":"13","XC":"13"},"PR":{"7F":"13","8G":"13","8F":"13","7G":"13"},"C2":{"65":"13","66":"13"},"35":{"39":"13","38":"13","W2":"13","W3":"13"},"86":{"CH":"13","9H":"13","CG":"13","9G":"13"},"C4":{"RX":"13","VX":"13"},"VP":{"CH":"13","CG":"13"},"GW":{"WH":"13","XH":"13","XJ":"13","WJ":"13"},"H3":{"JW":"13","MW":"13"},"P2":{"H8":"13","H7":"13","Q8":"13","CQ":"13","P8":"13","CP":"13","H4":"13","H6":"13","Q7":"13","H5":"13","P9":"13","Q9":"13","P7":"13"},"24":{"F5":"13","G5":"13","M4":"13","F6":"13","G6":"13"},"G4":{"88":"13","98":"13","97":"13","87":"13"},"J3":{"P5":"13","X6":"13","M5":"13","X5":"13","P4":"13"},"J9":{"6W":"13"},"25":{"G7":"13","F7":"13","C7":"13"},"J8":{"8M":"13","9M":"13"},"F3":{"Q8":"13","P9":"13","P8":"13","Q9":"13"},"32":{"W3":"13","X4":"13","X3":"13"},"M3":{"26":"13","25":"13","27":"13"},"R5":{"F2":"13","G2":"13"},"54":{"34":"13","32":"13","23":"13","42":"13","43":"13","33":"13","22":"13"},"73":{"FC":"13","FG":"13","96":"13","FF":"13","GC":"13"},"F6":{"4J":"13","3J":"13","4H":"13","3H":"13"},"WC":{"9R":"13","9V":"13","CV":"13","CR":"13"},"HP":{"38":"13","37":"13","6J":"13"},"GF":{"JP":"13","MM":"13","MP":"13","JM":"13"}},"FR":{"G6":{"8P":"13"},"C5":{"JQ":"13","XW":"13"},"MG":{"G3":"13","F3":"13"},"3R":{"QW":"13"},"47":{"W8":"13","V8":"13"},"RQ":{"FV":"13","4X":"13","H9":"13","HC":"13","52":"13","62":"13","CV":"13"},"PQ":{"VW":"13"},"J6":{"W8":"13","X8":"13"},"9M":{"Q8":"13","Q9":"13"},"H6":{"CP":"13"},"QP":{"JM":"13","HM":"13"},"RP":{"6X":"13","JV":"13","5X":"13","JR":"13","8C":"13"},"3G":{"QG":"13","QH":"13"},"7V":{"XV":"13","WV":"13","WR":"13","XR":"13"},"4R":{"PR":"13"},"2J":{"G9":"13","F8":"13","G8":"13"},"F5":{"2W":"13","4W":"13","3X":"13","2X":"13","4V":"13","3W":"13"},"95":{"5Q":"13","5P":"13","6P":"13"},"86":{"44":"13","52":"13","43":"13"},"76":{"97":"13","96":"13"},"CJ":{"4G":"13","4H":"13"},"RX":{"F9":"13"},"5Q":{"7H":"13","7M":"13","6M":"13","6H":"13","6J":"13","7J":"13"}},"9X":{"83":{"HG":"13","JG":"13"},"RQ":{"H4":"13","H3":"13"},"FQ":{"PQ":"13","PR":"13"},"Q4":{"53":"13"},"XQ":{"G3":"13","98":"13","97":"13"},"QV":{"3Q":"13","3R":"13"},"XH":{"2G":"13"},"PR":{"83":"13","93":"13","92":"13"},"6M":{"PC":"13","MC":"13"},"C4":{"88":"13","87":"13","77":"13","78":"13"},"XJ":{"QJ":"13","RH":"13","M5":"13","G9":"13","H9":"13","JC":"13","M6":"13","RJ":"13","H8":"13","M7":"13","J6":"13"},"Q2":{"6Q":"13","6R":"13"},"MG":{"6C":"13"},"6P":{"R8":"13"},"J4":{"C5":"13","C3":"13","92":"13","F2":"13","94":"13","C2":"13","85":"13","93":"13","95":"13","C4":"13","F3":"13","84":"13"},"8X":{"M5":"13","M4":"13"},"RP":{"FR":"13","GW":"13","GV":"13"},"9V":{"X7":"13"},"24":{"XV":"13","WV":"13","WW":"13","XW":"13"},"99":{"HF":"13","JF":"13","HG":"13","JG":"13"},"F4":{"XP":"13","XQ":"13","XM":"13","VM":"13","WQ":"13","VP":"13","WM":"13","VQ":"13","WP":"13"},"G4":{"2M":"13"},"X9":{"H4":"13","G4":"13","G5":"13"},"PM":{"CV":"13"},"WM":{"GP":"13"},"CR":{"Q3":"13","Q2":"13"},"J9":{"R9":"13","RC":"13"},"94":{"J7":"13","J8":"13","H8":"13","H7":"13"},"7G":{"QJ":"13","QH":"13","Q8":"13","P8":"13","QG":"13","RH":"13","Q7":"13","RJ":"13","VJ":"13","VH":"13","P7":"13"},"Q5":{"F2":"13","75":"13","65":"13","76":"13","C2":"13","66":"13","77":"13","67":"13"},"V4":{"VH":"13"},"HV":{"CP":"13","CM":"13","9P":"13","9M":"13"},"CV":{"VW":"13","WW":"13"},"J2":{"W7":"13","X7":"13","X9":"13","W8":"13","WC":"13","W9":"13","XC":"13","X8":"13"},"GQ":{"36":"13","37":"13"},"9R":{"29":"13","2C":"13"},"FF":{"Q9":"13","QC":"13"},"G5":{"HJ":"13","HH":"13"},"M2":{"29":"13","28":"13"},"WH":{"XG":"13","XF":"13","WF":"13","WG":"13","9P":"13"},"VH":{"CC":"13","99":"13","9C":"13","C9":"13","FF":"13","CF":"13"},"R3":{"H8":"13"},"3P":{"Q8":"13","P9":"13","P8":"13","PC":"13","Q9":"13","QC":"13"}},"HV":{"P8":{"CW":"13","9X":"13","9W":"13","FW":"13","FX":"13","CX":"13"},"MF":{"28":"13"},"PF":{"H4":"13"},"PJ":{"5C":"13","6C":"13"},"V7":{"7G":"13"},"H5":{"V8":"13"},"P9":{"QJ":"13","PJ":"13","H9":"13","JC":"13","HC":"13","PH":"13","J9":"13"},"6V":{"J7":"13","93":"13","M7":"13","94":"13"},"GF":{"79":"13","7J":"13"},"6P":{"3G":"13"},"8M":{"88":"13","98":"13","97":"13","87":"13"},"WC":{"4M":"13","4P":"13"},"CJ":{"R8":"13","Q8":"13","R7":"13","R9":"13","Q9":"13"},"RX":{"MV":"13","JV":"13","JW":"13","MW":"13"},"R3":{"P7":"13","P8":"13"}},"WV":{"VM":{"MW":"13"},"5V":{"J3":"13","H5":"13","H4":"13","G4":"13","H3":"13","J4":"13","G5":"13","J5":"13"},"H3":{"F2":"13"},"FQ":{"88":"13","98":"13"},"3R":{"HH":"13","GG":"13","GF":"13","FG":"13","HG":"13","GH":"13","FF":"13"},"5P":{"XJ":"13","WJ":"13"},"GR":{"M4":"13"},"H9":{"3F":"13"},"F3":{"HJ":"13","HH":"13","GH":"13","GJ":"13"},"QQ":{"PP":"13"},"J5":{"GG":"13","GF":"13"},"6M":{"J7":"13","J8":"13","M6":"13","M8":"13","M7":"13"},"RP":{"V7":"13"},"XH":{"5R":"13","5V":"13"},"FC":{"58":"13","59":"13","49":"13","47":"13","57":"13","48":"13"},"H2":{"FX":"13"},"CM":{"QJ":"13","HF":"13","PJ":"13","GG":"13","QM":"13","PM":"13","HC":"13","GF":"13","HG":"13","GC":"13"},"V9":{"XF":"13","WF":"13","WG":"13","WC":"13","W9":"13","XC":"13","V9":"13"},"VP":{"36":"13","37":"13"},"MR":{"Q9":"13","QC":"13"},"67":{"3V":"13","4W":"13","4R":"13","4V":"13"},"VG":{"9X":"13","9W":"13"},"GW":{"GM":"13","GJ":"13"},"Q9":{"HQ":"13","JQ":"13","JR":"13","HR":"13"},"M2":{"HX":"13"},"FG":{"XG":"13","XF":"13"},"28":{"W8":"13"},"9F":{"QW":"13","QV":"13"},"WM":{"FR":"13","FQ":"13","GQ":"13","GR":"13"},"33":{"W5":"13"},"XV":{"H5":"13","H4":"13"},"RQ":{"FV":"13"},"6G":{"VW":"13","PP":"13","MP":"13","MQ":"13","VX":"13"},"2H":{"HR":"13","GR":"13","HV":"13","GV":"13"},"GX":{"PJ":"13","MM":"13","PM":"13","MJ":"13","PV":"13","PW":"13"},"HH":{"4X":"13","4W":"13","3X":"13","3W":"13"},"2Q":{"J8":"13","M9":"13","M8":"13","J9":"13"},"23":{"XJ":"13","WJ":"13"},"GQ":{"6Q":"13","5M":"13","5P":"13","6M":"13","6P":"13","4M":"13","4P":"13"},"X8":{"7Q":"13"},"RF":{"X6":"13","X5":"13","X7":"13","X8":"13"},"46":{"88":"13","98":"13","86":"13","97":"13","JC":"13","HC":"13","87":"13","96":"13","MG":"13"},"P8":{"74":"13"},"FM":{"MV":"13","PV":"13","MR":"13","PR":"13"},"WG":{"R8":"13","5R":"13","Q8":"13","R7":"13","P7":"13","P8":"13","Q7":"13","5V":"13"},"M3":{"H2":"13"},"2P":{"XG":"13","XH":"13"},"F9":{"PV":"13","QW":"13","PW":"13","QV":"13"},"3P":{"2H":"13"},"8M":{"58":"13","47":"13","57":"13","48":"13"},"VV":{"V3":"13","V2":"13"},"9H":{"R3":"13","V3":"13","R2":"13","V2":"13"},"2G":{"2P":"13","2Q":"13"},"22":{"93":"13","C3":"13","94":"13"},"VF":{"43":"13","25":"13","28":"13","45":"13","27":"13","53":"13","44":"13","26":"13","55":"13","54":"13"},"89":{"69":"13","58":"13","59":"13","68":"13"},"X7":{"RV":"13","VV":"13","RR":"13","VR":"13","3G":"13","3F":"13","HR":"13"}},"CR":{"XV":{"9X":"13","8X":"13"},"JP":{"7F":"13"},"QF":{"7H":"13","7G":"13"},"PJ":{"9Q":"13"},"GP":{"R7":"13","JJ":"13"},"PG":{"8X":"13"},"XX":{"M2":"13"},"W7":{"HR":"13","GR":"13"},"RX":{"5Q":"13","6Q":"13","5R":"13","6R":"13"},"MP":{"3P":"13"},"JJ":{"X3":"13"},"FW":{"5V":"13"},"W8":{"X5":"13"},"GQ":{"85":"13","VG":"13","75":"13","76":"13"},"WM":{"8R":"13"},"XW":{"MX":"13","82":"13","92":"13"},"8X":{"9F":"13","8F":"13"},"RC":{"3C":"13","3F":"13"},"X8":{"25":"13"},"QC":{"PW":"13"}},"JV":{"58":{"Q8":"13","WH":"13","M9":"13","M8":"13","P9":"13","P8":"13","XH":"13","XJ":"13","WJ":"13","Q9":"13"},"X3":{"4X":"13","4W":"13","5X":"13"},"62":{"8X":"13"},"F7":{"FQ":"13","89":"13","FP":"13"},"84":{"CW":"13","FW":"13","FX":"13","CX":"13"},"83":{"68":"13"},"P9":{"GR":"13","HR":"13"},"J5":{"6P":"13"},"9C":{"8X":"13"},"C6":{"W9":"13"},"85":{"C3":"13","92":"13","94":"13","C2":"13","3P":"13","93":"13","C4":"13"},"57":{"VV":"13","VW":"13"},"QG":{"4X":"13"},"G6":{"J2":"13"},"J3":{"42":"13"},"H9":{"2W":"13"},"F2":{"X4":"13","MH":"13"},"W3":{"78":"13"},"94":{"P5":"13","JJ":"13","P4":"13"},"G3":{"9V":"13"},"PC":{"CJ":"13"},"82":{"8G":"13","8H":"13","9J":"13","9H":"13","9G":"13","8J":"13"},"75":{"XQ":"13","GH":"13","GJ":"13"},"G7":{"8J":"13"},"2V":{"73":"13"},"49":{"WJ":"13"},"73":{"H7":"13"},"F6":{"78":"13","77":"13","68":"13","66":"13","87":"13","88":"13","86":"13","67":"13","76":"13"},"4J":{"GH":"13"},"5X":{"28":"13"},"X2":{"C4":"13"},"67":{"J7":"13","6F":"13","5C":"13","5F":"13","6C":"13"},"66":{"F2":"13","G3":"13","F3":"13","G2":"13"},"76":{"22":"13"}},"JW":{"58":{"J3":"13","J2":"13","M2":"13","QQ":"13","M3":"13"},"FQ":{"27":"13"},"FP":{"QM":"13","PM":"13","QP":"13","PP":"13"},"47":{"7H":"13"},"4G":{"FJ":"13"},"V8":{"MP":"13"},"H4":{"FQ":"13"},"CH":{"G7":"13","M7":"13"},"87":{"CQ":"13"},"2C":{"C5":"13"},"2H":{"CV":"13","CR":"13"},"78":{"JM":"13"},"H3":{"PF":"13"},"56":{"W6":"13"},"5J":{"W5":"13","V6":"13","W6":"13","V5":"13"},"24":{"W7":"13"},"G4":{"J5":"13"},"43":{"FC":"13"},"29":{"R5":"13"},"F3":{"XV":"13","XR":"13"},"CJ":{"CW":"13","FW":"13","FX":"13","CX":"13"},"M2":{"WF":"13"},"CQ":{"X7":"13"},"4Q":{"QQ":"13"},"66":{"J8":"13","M9":"13","M8":"13","P9":"13","P8":"13","J9":"13"}},"XM":{"QX":{"84":"13"}},"MW":{"4X":{"H7":"13"},"Q5":{"M6":"13"},"JC":{"P7":"13"},"PH":{"G6":"13"},"9W":{"CP":"13"},"VH":{"53":"13"},"MG":{"FV":"13"}},"8W":{"Q6":{"R8":"13","V7":"13","R7":"13","V8":"13"},"X3":{"HQ":"13","JQ":"13","JR":"13"},"M8":{"Q8":"13","P9":"13","P8":"13","Q7":"13","Q9":"13"},"J5":{"CJ":"13","CH":"13","9J":"13","9H":"13"},"X4":{"XX":"13","WX":"13"},"6V":{"46":"13","47":"13","57":"13","56":"13"},"H4":{"V7":"13","W7":"13","W8":"13","V8":"13","W6":"13"},"HR":{"W5":"13"},"8Q":{"84":"13","85":"13","PP":"13","MP":"13","MQ":"13","PQ":"13"},"RJ":{"XF":"13","WF":"13","87":"13","WC":"13","XC":"13"},"QG":{"XH":"13","XJ":"13"},"Q8":{"5Q":"13","6Q":"13","5P":"13","6P":"13"},"J3":{"J8":"13","JC":"13","M9":"13","MC":"13","J9":"13"},"FH":{"WC":"13","W9":"13","VC":"13","V9":"13"},"G3":{"VH":"13"},"M9":{"57":"13","35":"13","W6":"13","46":"13","47":"13","45":"13","V7":"13","W7":"13","56":"13","49":"13","36":"13","V6":"13","55":"13"},"W7":{"R5":"13","R6":"13","R4":"13","V6":"13","V5":"13"},"4X":{"GP":"13","GQ":"13"},"W6":{"GP":"13","HP":"13","GM":"13","FM":"13","FP":"13","HM":"13"},"X7":{"7H":"13","8G":"13","8F":"13","6H":"13","6G":"13","7G":"13"},"VH":{"5Q":"13","5R":"13","4Q":"13","4R":"13"},"CM":{"GP":"13","HQ":"13","HP":"13","GQ":"13"},"RF":{"W4":"13","W3":"13","X4":"13","W7":"13"},"R8":{"P9":"13"},"X2":{"R8":"13","V7":"13","M5":"13","J3":"13","WV":"13","Q6":"13","R7":"13","M6":"13","J4":"13","M4":"13","Q7":"13","J6":"13","V8":"13","J5":"13"}},"VW":{"6X":{"CW":"13","9X":"13","9W":"13","CX":"13"},"G3":{"G9":"13"},"V3":{"75":"13","65":"13","74":"13","64":"13"},"H4":{"54":"13","75":"13","65":"13","64":"13","55":"13"},"72":{"VJ":"13"},"92":{"57":"13"},"M3":{"3Q":"13","2Q":"13"},"V6":{"75":"13","74":"13"},"P2":{"2P":"13","X7":"13","2M":"13","X8":"13"}},"VV":{"8X":{"6M":"13"},"9P":{"Q8":"13","Q7":"13"},"QW":{"GF":"13"},"5X":{"9F":"13","8F":"13","CH":"13","CG":"13","9G":"13"},"8P":{"4P":"13","3V":"13","3R":"13","4Q":"13","4V":"13","3P":"13","5R":"13","4R":"13","5V":"13","3Q":"13","5Q":"13"},"H8":{"C6":"13","97":"13","F5":"13","C7":"13","95":"13","F6":"13","96":"13","C5":"13"},"7M":{"7G":"13","78":"13","77":"13","6C":"13","68":"13","7F":"13","89":"13","6F":"13","79":"13","87":"13","88":"13","7C":"13"},"5P":{"C2":"13","92":"13"},"QM":{"HG":"13","FF":"13","FG":"13","CF":"13","GC":"13","GG":"13","FC":"13","HC":"13","CC":"13","CG":"13","GF":"13","24":"13","HF":"13"},"MH":{"6V":"13","5W":"13","6W":"13","5V":"13"},"25":{"5R":"13","5W":"13","6W":"13","5V":"13"},"24":{"74":"13","75":"13","65":"13","WM":"13","83":"13","73":"13","VM":"13","64":"13","85":"13","82":"13","72":"13","VJ":"13","63":"13","84":"13"},"8Q":{"8G":"13","7G":"13"},"PP":{"Q4":"13","R4":"13","P3":"13","R5":"13","P5":"13","R2":"13","Q2":"13","P4":"13","Q5":"13","Q3":"13","R3":"13","P2":"13"},"XQ":{"5W":"13","4V":"13","5X":"13","6W":"13","7W":"13","7X":"13","6V":"13","6X":"13","4W":"13","5V":"13","4X":"13"},"5F":{"VV":"13","HR":"13","VW":"13","VR":"13","GR":"13","GQ":"13","RR":"13","VX":"13","RV":"13","HQ":"13","RX":"13","RW":"13"},"GR":{"JJ":"13","MJ":"13","JM":"13"},"QR":{"54":"13","3P":"13","53":"13","4P":"13"},"H9":{"F2":"13","F3":"13","C2":"13","C3":"13"},"GM":{"WV":"13","WW":"13"},"68":{"73":"13","74":"13"},"PM":{"62":"13","57":"13","58":"13","75":"13","68":"13","65":"13","83":"13","92":"13","66":"13","73":"13","53":"13","52":"13","64":"13","56":"13","82":"13","93":"13","72":"13","63":"13","76":"13","67":"13","55":"13","54":"13"},"G9":{"QM":"13","QQ":"13","RQ":"13","PF":"13","QC":"13","MC":"13","QP":"13","RR":"13","RP":"13","PC":"13","QR":"13"},"J5":{"M9":"13","J9":"13"},"CX":{"8V":"13","7V":"13"},"9V":{"C5":"13","G5":"13","XX":"13","F4":"13","48":"13","WX":"13","VX":"13","F5":"13","G4":"13","RX":"13"},"JJ":{"VM":"13","VP":"13","WM":"13","WP":"13"},"XG":{"XP":"13","XQ":"13"},"CP":{"99":"13","9C":"13"},"6J":{"Q2":"13","P2":"13"},"4W":{"6V":"13","6W":"13","7V":"13","7R":"13"},"GJ":{"RH":"13","VJ":"13","RJ":"13","VM":"13","VH":"13","RM":"13"},"FC":{"8M":"13","9P":"13","9M":"13","8P":"13"},"3C":{"67":"13","68":"13","78":"13"},"JR":{"2W":"13","2V":"13"},"WQ":{"9Q":"13","7Q":"13","8Q":"13","CP":"13","9R":"13","9P":"13","8R":"13","8P":"13","CQ":"13","CR":"13"},"CM":{"FQ":"13","CP":"13","CQ":"13","FP":"13"},"5G":{"H3":"13","M7":"13","G5":"13","P3":"13","P6":"13","P5":"13","M4":"13","H2":"13","M3":"13","J3":"13","M5":"13","M6":"13","H4":"13","J6":"13","G2":"13","H6":"13","G3":"13","P4":"13","J2":"13","H5":"13","J4":"13","G4":"13","P7":"13","J5":"13"},"3W":{"MQ":"13","JQ":"13","MR":"13","JR":"13"},"3Q":{"JF":"13","H9":"13","JC":"13","H8":"13"},"MR":{"G9":"13","GC":"13"},"3H":{"VJ":"13","WH":"13","VM":"13","WJ":"13","WM":"13","VH":"13"},"9C":{"2H":"13"},"GW":{"HW":"13","HX":"13"},"FG":{"8R":"13"},"CG":{"G9":"13","H9":"13","HC":"13","H8":"13","G8":"13","GC":"13"},"4C":{"XG":"13","XF":"13"},"F2":{"X4":"13"},"28":{"J7":"13","H5":"13","H4":"13","J4":"13","H7":"13","J6":"13","J5":"13","H6":"13"},"6X":{"HF":"13","HH":"13","GG":"13","GF":"13","HG":"13","GH":"13","VX":"13"},"WM":{"VV":"13","VR":"13"},"FP":{"43":"13","34":"13","33":"13","J6":"13","H6":"13","53":"13","44":"13","42":"13","22":"13","H5":"13","23":"13","32":"13","54":"13","J5":"13"},"9W":{"X3":"13","Q3":"13","P4":"13","V3":"13","Q4":"13","P5":"13","V5":"13","W2":"13","V2":"13","W3":"13","R4":"13","Q5":"13","V4":"13","R5":"13","P3":"13","R3":"13","X2":"13","R2":"13"},"XV":{"6F":"13","5G":"13","6G":"13"},"RQ":{"G6":"13","G5":"13","F6":"13","H4":"13","H6":"13","H5":"13","F5":"13","G4":"13"},"29":{"HF":"13","HG":"13"},"6G":{"7F":"13","6F":"13","5C":"13","69":"13","79":"13","5F":"13","6C":"13","78":"13","7C":"13"},"HR":{"XV":"13","WV":"13","XX":"13","WR":"13","WX":"13","WW":"13","XW":"13"},"R4":{"J3":"13","H4":"13","J4":"13"},"GX":{"J3":"13","H4":"13","H2":"13","H3":"13","J4":"13"},"79":{"27":"13"},"GF":{"3C":"13"},"57":{"5X":"13"},"5C":{"XM":"13","XQ":"13","FR":"13","HJ":"13","CV":"13","XP":"13","FV":"13","2F":"13","XR":"13","XV":"13","2G":"13"},"4H":{"JH":"13","MH":"13","JG":"13","MG":"13"},"XX":{"M2":"13","P2":"13"},"FR":{"QJ":"13","QH":"13","MG":"13","M7":"13","MJ":"13","J7":"13","PG":"13","M6":"13","PJ":"13","J6":"13","QG":"13","PH":"13","MH":"13","J5":"13"},"7R":{"W4":"13","W5":"13","W3":"13"},"MJ":{"RH":"13","VJ":"13","RJ":"13","VH":"13"},"MP":{"74":"13","75":"13","83":"13","94":"13","85":"13","93":"13","95":"13","84":"13"},"WV":{"CC":"13","FC":"13","CP":"13","CM":"13","9P":"13","9M":"13","F9":"13"},"PJ":{"XV":"13","XW":"13"},"CQ":{"6J":"13","7J":"13"},"P9":{"M5":"13","VF":"13","VC":"13","M4":"13"},"VC":{"47":"13"},"MW":{"C2":"13","93":"13","92":"13","C3":"13"},"6C":{"4P":"13","3V":"13","3R":"13","2P":"13","2V":"13","2M":"13","3M":"13","4Q":"13","4V":"13","3P":"13","4R":"13","3Q":"13","2Q":"13","2R":"13"},"6P":{"3Q":"13","4J":"13","4Q":"13","3P":"13","3J":"13","2P":"13","2J":"13","4R":"13","3M":"13","4M":"13","2Q":"13","2M":"13","3R":"13","4P":"13"},"M8":{"RF":"13","RG":"13","VG":"13","VF":"13"},"QJ":{"MG":"13","2V":"13","2W":"13","VM":"13","JF":"13","RJ":"13","VJ":"13","JG":"13","MH":"13","JH":"13","RM":"13"},"QP":{"J7":"13","G9":"13","J8":"13","H9":"13","H8":"13","G8":"13","G7":"13","H7":"13","J9":"13"},"8C":{"J2":"13","M2":"13","P2":"13"},"WF":{"54":"13","53":"13"},"9Q":{"CJ":"13","CP":"13","CM":"13","CH":"13","9P":"13","9J":"13","9M":"13","9H":"13"},"JM":{"JP":"13","PJ":"13","MM":"13","PM":"13","PP":"13","MP":"13","JJ":"13","MJ":"13","JM":"13"},"J8":{"9Q":"13"},"5M":{"CW":"13","9X":"13","9W":"13","CX":"13"},"74":{"G5":"13"},"9R":{"FP":"13"},"9H":{"FC":"13","FF":"13"},"2G":{"3Q":"13","2W":"13","2Q":"13","3R":"13"},"JF":{"2J":"13","2H":"13"},"MV":{"5M":"13","9X":"13","5P":"13","6M":"13","6P":"13","CX":"13"},"89":{"MX":"13","H4":"13","JX":"13","J4":"13","PX":"13","PW":"13","MW":"13"},"V8":{"9F":"13"},"69":{"X7":"13"}},"QX":{"58":{"47":"13"},"4W":{"JH":"13"},"F7":{"Q6":"13"},"CW":{"49":"13"},"8W":{"9M":"13"},"85":{"79":"13","7C":"13"},"6R":{"VG":"13","VF":"13","VH":"13"},"PQ":{"6X":"13","5W":"13","5X":"13","6W":"13"},"53":{"H5":"13","G5":"13"},"46":{"37":"13"},"F9":{"32":"13","33":"13"},"G8":{"9J":"13","8J":"13"},"J3":{"X3":"13"},"2Q":{"4V":"13"},"M5":{"RQ":"13","VP":"13","VQ":"13"},"JW":{"24":"13"},"32":{"35":"13"},"M3":{"23":"13"},"R5":{"HJ":"13","HH":"13","JH":"13","HG":"13","JJ":"13","JG":"13"},"3Q":{"XV":"13","WV":"13","WW":"13","XW":"13"},"GX":{"W9":"13"},"J7":{"4F":"13","49":"13","4C":"13"},"49":{"X8":"13"},"96":{"H5":"13","H4":"13","J4":"13","J5":"13"},"VX":{"JG":"13"},"8M":{"28":"13"},"FR":{"VP":"13"},"P3":{"JV":"13","JR":"13"},"CM":{"W5":"13"},"CQ":{"QJ":"13"},"67":{"7V":"13","7R":"13"}},"XP":{"RV":{"Q8":"13","P8":"13"},"JX":{"QR":"13","PV":"13","JQ":"13","JR":"13","PR":"13","QV":"13"},"35":{"W2":"13"}},"PX":{"GM":{"MQ":"13","MR":"13"},"WG":{"R7":"13","FC":"13"},"XQ":{"RQ":"13","RP":"13","VP":"13","VQ":"13"},"W8":{"G3":"13","G4":"13"},"P6":{"PQ":"13","PR":"13"},"J3":{"H2":"13","H3":"13"},"HR":{"CM":"13","9P":"13","9M":"13"},"4G":{"69":"13"},"W7":{"8J":"13"},"HV":{"74":"13"},"85":{"83":"13","73":"13","72":"13","82":"13"},"Q6":{"FV":"13","FW":"13"},"38":{"G7":"13","G6":"13"},"9G":{"CM":"13","FM":"13"},"88":{"CQ":"13"},"PX":{"HQ":"13"},"84":{"6X":"13","6W":"13","7W":"13","7X":"13"},"F3":{"R9":"13"}},"HQ":{"XQ":{"3V":"13","4V":"13"},"WR":{"43":"13","GW":"13","GV":"13"},"QQ":{"6X":"13","7W":"13","2Q":"5","8X":"13","7X":"13","8W":"13"}},"MV":{"QH":{"58":"13","57":"13","67":"13","68":"13"},"W2":{"XX":"13","6C":"13"},"W6":{"97":"13","C7":"13"},"W3":{"WC":"13"},"X5":{"8G":"13"},"X3":{"6J":"13"},"R3":{"67":"13"},"P2":{"V7":"13"}},"PV":{"Q6":{"8G":"13","9G":"13"},"34":{"HP":"13","HM":"13"},"X3":{"QC":"13"},"Q3":{"22":"13"},"G2":{"86":"13","87":"13"},"F5":{"8Q":"13","J4":"13"},"P4":{"HJ":"13","HM":"13"},"F7":{"J4":"13","M4":"13"},"J5":{"GX":"13","FW":"13","FX":"13","GW":"13"},"95":{"26":"13","25":"13"},"C8":{"2H":"13","3H":"13","3F":"13","9R":"13","2F":"13","9Q":"13","3G":"13","2G":"13"},"C6":{"7H":"13","7G":"13"},"R6":{"HG":"13","55":"13","JJ":"13","MJ":"13","56":"13","G5":"13","MH":"13","7G":"13"},"65":{"6F":"13","MR":"13"},"X4":{"3M":"13"},"Q7":{"39":"13","3C":"13"},"85":{"X6":"13","X5":"13"},"6J":{"4P":"13"},"92":{"VR":"13","WR":"13","WQ":"13","VQ":"13"},"Q2":{"MW":"13"},"V5":{"5Q":"13"},"W8":{"GX":"13"},"H3":{"3V":"13","3R":"13","2V":"13","2W":"13","3X":"13","3W":"13","4V":"13","2X":"13","4R":"13","4W":"13","3Q":"13","4X":"13"},"X5":{"C4":"13"},"P2":{"F2":"13","F3":"13"},"W5":{"8M":"13","25":"13"},"24":{"W4":"13","54":"13","V3":"13","V4":"13","W3":"13"},"99":{"R6":"13"},"G6":{"G7":"13","G6":"13"},"H7":{"F5":"13","C5":"13"},"X9":{"XG":"13","XH":"13"},"F2":{"6P":"13"},"M5":{"J3":"13","H2":"13","H3":"13","J2":"13"},"V2":{"CM":"13","FM":"13"},"94":{"4J":"13","5J":"13"},"R4":{"25":"13","XW":"13"},"P8":{"85":"13","8H":"13","PP":"13","PQ":"13"},"43":{"7M":"13","H9":"13"},"V7":{"Q6":"13","Q7":"13"},"G3":{"VV":"13","VW":"13"},"V4":{"FH":"13","FG":"13","QQ":"13"},"FG":{"G5":"13"},"F3":{"V3":"13"},"QC":{"C7":"13","C8":"13"},"R5":{"VW":"13","WW":"13"},"J2":{"PC":"13"},"W7":{"JP":"13","HQ":"13","HP":"13","JQ":"13"},"49":{"74":"13","64":"13"},"W4":{"54":"13","GC":"13"},"J6":{"PH":"13"},"54":{"CF":"13"},"PH":{"VC":"13","WC":"13","W9":"13","V9":"13"},"97":{"V3":"13","W3":"13"},"C9":{"VJ":"13"},"P7":{"6W":"13","HV":"13"},"23":{"M9":"13","P9":"13","GM":"13","PC":"13","MC":"13"},"R3":{"W4":"13","W5":"13","V4":"13","V5":"13"},"X2":{"X4":"13","J4":"13"},"R2":{"4G":"13"}},"HW":{"6Q":{"8M":"13","9V":"13"},"29":{"F3":"13","J9":"13"},"R2":{"GF":"13","FC":"13","FF":"13","GC":"13"},"3J":{"38":"13","48":"13"},"X2":{"CC":"13","FC":"13","C9":"13","F9":"13"},"H3":{"GJ":"13"},"2H":{"69":"13","79":"13","78":"13"},"4C":{"FC":"13"},"3R":{"J4":"13","W8":"13","V8":"13"},"RC":{"FV":"13"},"4V":{"JH":"13","JJ":"13","MJ":"13","MH":"13","C8":"13"}}}}