{"88":{"V4":{"GJ":{"H8":"13","H7":"13","F6":"13"}},"HG":{"P3":{"M3":"4"}},"X8":{"5C":{"6X":"13"},"24":{"64":"13"},"4C":{"Q8":"13","VF":"13"},"3C":{"9F":"13","CJ":"13","FC":"13","CH":"13","FF":"13","9G":"13","CF":"13"}},"V5":{"4J":{"29":"13","2C":"13"},"3J":{"X9":"13"},"FW":{"PR":"13"},"JQ":{"JC":"13"}},"V2":{"HX":{"F2":"13"},"HR":{"QJ":"13","M5":"13","QM":"13"},"JP":{"CM":"13","G7":"13"},"QP":{"FH":"13"},"HV":{"F8":"13","M2":"13","M3":"13","C8":"13"},"JQ":{"Q8":"13","P7":"13","P8":"13","Q7":"13","Q9":"13"},"VJ":{"H5":"13","H6":"13"},"JR":{"46":"13","47":"13","57":"13","56":"13"},"VP":{"2C":"13","2F":"13"},"RM":{"HJ":"13","JJ":"13","JM":"13","HM":"13"}},"W8":{"X3":{"JP":"13","JQ":"13"},"62":{"FQ":"13"},"9M":{"J8":"13","M8":"13","M9":"13","RQ":"13","PV":"13","PW":"13","J9":"13"},"M8":{"RV":"13","RW":"13","VV":"13","VW":"13","PV":"13"},"9P":{"R8":"13","GP":"13","R7":"13","CM":"13","9M":"13"},"33":{"V3":"13","V4":"13"},"GG":{"CC":"13","C9":"13","X9":"13","XC":"13"},"V8":{"6X":"13","9X":"13","6W":"13"},"35":{"W5":"13","V4":"13","V5":"13"},"HM":{"G7":"13","F7":"13"},"HR":{"P5":"13","Q5":"13","Q6":"13","P6":"13"},"9J":{"9R":"13","9V":"13","CM":"13"},"7H":{"P7":"13","P4":"13","PC":"13","PF":"13"},"MW":{"54":"13","44":"13","32":"13","42":"13","55":"13","43":"13"},"22":{"FR":"13"},"GW":{"35":"13","C9":"13","25":"13","8C":"13","36":"13","98":"13","99":"13","5C":"13","89":"13","97":"13","26":"13"},"HG":{"P9":"13","66":"13","PC":"13","95":"13","Q9":"13","C5":"13","QC":"13"},"52":{"5Q":"13","6Q":"13","5G":"13","5P":"13","4G":"13","6P":"13","4H":"13","5H":"13"},"M6":{"X9":"13","XC":"13"},"V2":{"C6":"13","74":"13","64":"13","C7":"13","M3":"13","9H":"13","96":"13"},"JX":{"H3":"13","M2":"13","M4":"13","M3":"13","J3":"13","M5":"13","J2":"13","J5":"13"},"MV":{"3Q":"13","4X":"13","3X":"13"},"25":{"HX":"13"},"JW":{"W2":"13","V2":"13"},"JV":{"XR":"13","WX":"13","VX":"13"},"55":{"62":"13"},"26":{"5M":"13","J2":"13"},"2V":{"PJ":"13","PH":"13","MH":"13"},"M9":{"R5":"13","R6":"13","R4":"13"},"GX":{"X6":"13"},"27":{"34":"13","54":"13","45":"13"},"J6":{"VR":"13"},"54":{"6X":"13"},"8H":{"JQ":"13","JR":"13"},"M2":{"H5":"13","H4":"13","79":"13","7J":"13","H6":"13","7C":"13"},"HQ":{"8H":"13","6H":"13","6G":"13"},"23":{"5C":"13"},"HJ":{"X4":"13"},"FW":{"WC":"13","W9":"13"},"2P":{"7H":"13","7M":"13","6H":"13","9P":"13","6J":"13","5H":"13","7J":"13","8P":"13"}},"W5":{"RF":{"98":"13","97":"13","87":"13"},"XX":{"W4":"13","V4":"13"},"R4":{"CW":"13","CX":"13"}},"W2":{"FV":{"XG":"13"}},"R9":{"W3":{"J7":"13","J8":"13","H9":"13","H8":"13","J6":"13","F9":"13"},"X3":{"G9":"13","CQ":"13","CR":"13"}},"X7":{"M6":{"39":"13","3C":"13"},"MH":{"HW":"13","GF":"13","FH":"13","FG":"13"},"PR":{"H9":"13","HC":"13"}},"R5":{"QR":{"G9":"13","F8":"13","G8":"13","G7":"13"},"QV":{"J2":"13","M2":"13"}},"V8":{"58":{"2P":"13"},"62":{"QR":"13","QQ":"13"},"GP":{"RJ":"13","77":"13","67":"13","W8":"13","W9":"13","RM":"13","68":"13","V9":"13","78":"13"},"F7":{"VW":"13","WX":"13","VX":"13"},"83":{"7M":"13","7J":"13"},"74":{"2W":"13"},"V3":{"5M":"13"},"FQ":{"4Q":"13","4R":"13"},"FX":{"P4":"13","M4":"13"},"RV":{"22":"13"},"FC":{"QX":"13"},"GC":{"5Q":"13","5R":"13","CP":"13","PC":"13","MC":"13"},"QV":{"X2":"13"},"HF":{"H2":"13","H3":"13","J2":"13","M2":"13","M3":"13"},"C5":{"JH":"13"},"XM":{"6F":"13","5F":"13"},"C4":{"GP":"13","FP":"13"},"Q2":{"GG":"13","GF":"13","FG":"13","FF":"13"},"HM":{"PX":"13"},"MG":{"Q9":"13","QC":"13"},"PQ":{"R8":"13","Q8":"13","R7":"13","Q7":"13"},"CF":{"7H":"13","CC":"13","8G":"13","8H":"13","9C":"13","7G":"13"},"QQ":{"86":"13","97":"13","85":"13","75":"13","76":"13","87":"13"},"JF":{"5Q":"13"},"QG":{"JP":"13","9Q":"13","CP":"13","9P":"13","CQ":"13"},"H8":{"9Q":"13","8Q":"13","5M":"13","9R":"13","6M":"13"},"VJ":{"7Q":"13","7P":"13","8Q":"13","FJ":"13","8P":"13"},"PG":{"83":"13","84":"13"},"JM":{"GP":"13","FQ":"13","GQ":"13"},"RR":{"2R":"13","3R":"13"},"JQ":{"XG":"13","WH":"13","XH":"13","7R":"13"},"G4":{"P3":"13"},"G8":{"9F":"13","FG":"13","CF":"13"},"94":{"85":"13"},"JG":{"P2":"13"},"HC":{"CW":"13","GX":"13","FW":"13","PX":"13","7X":"13","HV":"13"},"QR":{"MM":"13","JJ":"13","MJ":"13","JM":"13"},"CV":{"P5":"13","Q4":"13","Q5":"13","P4":"13","4M":"13","4P":"13"},"3C":{"FQ":"13","GQ":"13"},"4F":{"9Q":"13","9R":"13"},"6C":{"FW":"13"},"GM":{"VJ":"13","RJ":"13"},"JP":{"9C":"13","9F":"13","FM":"13","H4":"13","7F":"13","98":"13","99":"13","H5":"13","69":"13","79":"13","7C":"13"},"HP":{"MP":"13","35":"13","XX":"13","46":"13","34":"13","CW":"13","45":"13","JJ":"13","MQ":"13","Q7":"13","56":"13","JH":"13","PP":"13","55":"13","CX":"13"},"64":{"XX":"13","XW":"13"},"FW":{"HW":"13","GW":"13"}},"X6":{"4P":{"2M":"13"},"XC":{"86":"13","85":"13","75":"13","76":"13"},"F6":{"W7":"13"},"C3":{"CM":"13"},"4Q":{"63":"13","73":"13","74":"13"},"3P":{"XH":"13"},"7W":{"3P":"13","2P":"13","5P":"13","3M":"13","4M":"13","2M":"13","4P":"13"},"4R":{"H9":"13","J9":"13"},"7R":{"2G":"13","4V":"13"},"2G":{"63":"13","73":"13","72":"13","FW":"13","FX":"13","62":"13"}},"W6":{"W8":{"GR":"13","GV":"13"},"W9":{"P5":"13","Q5":"13","P4":"13","P3":"13"},"X8":{"5R":"13","6V":"13","6W":"13","5V":"13","4V":"13"}},"V3":{"H4":{"X5":"13"},"J4":{"6Q":"13","29":"13"}},"W9":{"34":{"R3":"13","V3":"13","W3":"13","R2":"13","V2":"13","M4":"13","M3":"13","P3":"13","P2":"13"},"32":{"P4":"13","P3":"13"}},"R8":{"PJ":{"PP":"13","MP":"13"},"XF":{"4J":"13","5J":"13"},"JC":{"QG":"13","PG":"13","QH":"13","PH":"13"},"V2":{"GP":"13","HQ":"13","HP":"13","JW":"13","JX":"13","GQ":"13"},"R9":{"36":"13","35":"13"},"PP":{"7W":"13","7X":"13"},"WC":{"69":"13","59":"13"}},"W4":{"W3":{"XF":"13","X9":"13","XC":"13"},"X4":{"86":"13","84":"13","85":"13","75":"13","65":"13","76":"13","74":"13","66":"13"},"X2":{"GP":"13","46":"13","47":"13","45":"13","57":"13","56":"13"},"X3":{"29":"13","2C":"13"}},"R2":{"34":{"J4":"13","W9":"13"},"54":{"HJ":"13","JG":"13","HM":"13","5V":"13"},"44":{"PG":"13","PH":"13","MG":"13"},"25":{"44":"13","33":"13"},"24":{"4Q":"13"},"52":{"HG":"13","HH":"13","MG":"13","M2":"13","M3":"13","J3":"13","MJ":"13","JJ":"13","MH":"13","JG":"13","JH":"13"},"43":{"4X":"13","4W":"13","4Q":"13","5W":"13","5X":"13","4R":"13","4V":"13"},"53":{"JR":"13","HR":"13"},"62":{"4F":"13","3G":"13","4G":"13","4C":"13","3C":"13","3F":"13"},"22":{"RP":"13"}},"W3":{"9C":{"X6":"13"},"H7":{"4J":"13","5J":"13","4H":"13","5H":"13"},"H3":{"2P":"13","2Q":"13"},"M8":{"7H":"13","7J":"13"},"CF":{"CW":"13","9R":"13","FW":"13","FX":"13","GW":"13","CV":"13","CR":"13"},"M3":{"VF":"13","WF":"13","WC":"13","VC":"13"},"65":{"XP":"13","J7":"13","XR":"13","J6":"13"},"XX":{"6R":"13","6P":"13"},"GC":{"V8":"13"},"G2":{"9X":"13","9W":"13"},"H6":{"75":"13","65":"13"},"53":{"97":"13","C7":"13"},"64":{"8M":"13","8P":"13"},"J2":{"RH":"13","RG":"13"},"CG":{"FC":"13","FF":"13","GC":"13","G6":"13"},"GH":{"63":"13","GH":"13","GJ":"13"},"G4":{"GP":"13","FP":"13"},"HF":{"F8":"13","C9":"13","F7":"13","C8":"13","F9":"13"}},"Q2":{"W2":{"MX":"13","58":"13","JW":"13","59":"13","49":"13","JX":"13","48":"13","MW":"13","HV":"13"},"W3":{"JJ":"13"},"X2":{"P5":"13","M5":"13","P4":"13","M4":"13"},"V2":{"X3":"13"}},"V7":{"QR":{"J3":"13","H2":"13","J2":"13","M2":"13"},"H4":{"3P":"13"},"QQ":{"HX":"13","JX":"13"},"C5":{"J3":"13","J4":"13","JM":"13","H6":"13"}},"W7":{"9X":{"WJ":"13","VH":"13"},"QQ":{"XV":"13","QJ":"13","QM":"13","RJ":"13"},"PQ":{"W5":"13","X5":"13"},"GQ":{"2Q":"13"},"VX":{"3Q":"13","4Q":"13","3H":"13"},"X4":{"XG":"13","M9":"13","XH":"13","MC":"13"},"MX":{"J3":"13","H5":"13","H4":"13","H3":"13","J4":"13","H6":"13","G6":"13"},"WC":{"FH":"13","GH":"13"},"VH":{"RF":"13","RG":"13","VG":"13","VH":"13"},"PX":{"2M":"13"},"PP":{"JW":"13"},"CX":{"MV":"13"}},"R6":{"V3":{"W8":"13","V8":"13"},"WF":{"M6":"13","P7":"13","P6":"13","M7":"13"},"WJ":{"F5":"13","G4":"13","G5":"13","F4":"13"},"V6":{"32":"13","99":"13","C9":"13","22":"13"},"V8":{"FH":"13","GH":"13"},"V5":{"8Q":"13","3X":"13","9W":"13","8R":"13"}},"X4":{"G3":{"3J":"13"},"7H":{"84":"13","85":"13","RR":"13","94":"13"},"F3":{"4X":"13","4W":"13","CH":"13"},"W5":{"CP":"13","CV":"13","CQ":"13","CR":"13"},"G4":{"9C":"13","HR":"13"},"H3":{"P7":"13","P6":"13"},"5H":{"JC":"13","GF":"13","M9":"13","MC":"13","J9":"13","FF":"13"},"V5":{"4J":"13","4H":"13"}},"X5":{"H5":{"23":"13","22":"13"},"H4":{"4W":"13","5W":"13","4V":"13"},"G4":{"RR":"13","VW":"13","RQ":"13","VQ":"13","8C":"13","7C":"13"},"FW":{"WG":"13","WC":"13","XC":"13"}},"V6":{"V5":{"G3":"13","G2":"13","94":"13"},"H3":{"4F":"13","4C":"13"},"F6":{"G3":"13","H3":"13"},"J3":{"3V":"13","6W":"13","3R":"13"},"35":{"7H":"13","7G":"13"},"W6":{"5Q":"13","5R":"13","HW":"13","4Q":"13","VP":"13","WP":"13"},"37":{"V3":"13","W2":"13","V4":"13","W3":"13","V2":"13"},"G3":{"H2":"13"},"F9":{"5Q":"13","WQ":"13","VQ":"13"},"V7":{"CC":"13","FC":"13","G2":"13","C9":"13","F9":"13"},"W7":{"G9":"13","GC":"13"},"36":{"XP":"13","VG":"13","XQ":"13","VF":"13","WF":"13","WG":"13","WP":"13"},"F5":{"67":"13","68":"13"},"JQ":{"QR":"13","QQ":"13"},"V6":{"8V":"13","8R":"13"},"GH":{"FQ":"13","9R":"13","CR":"13"},"MH":{"P6":"13"},"2R":{"QG":"13"},"FH":{"R6":"13"},"4F":{"QQ":"13"}},"X3":{"FV":{"HF":"13","HC":"13","HG":"13"},"4J":{"2J":"13"},"3V":{"GF":"13"},"2W":{"7P":"13"},"4W":{"9F":"13","CC":"13","CF":"13"},"2V":{"4F":"13","4C":"13","P3":"13"}},"V9":{"G6":{"G7":"13","G5":"13","F7":"13","F6":"13","G6":"13"},"H8":{"F2":"13","H2":"13","G2":"13"},"F7":{"4F":"13"},"H7":{"9Q":"13","GX":"13","HW":"13","JW":"13","HX":"13","8V":"13","9J":"13","JX":"13","FX":"13","7R":"13","8R":"13","9H":"13","9G":"13"},"H3":{"GX":"13","FX":"13"},"M7":{"4F":"13","3F":"13"},"G5":{"39":"13","38":"13","49":"13","MJ":"13","4C":"13","3C":"13","MH":"13","48":"13"},"P5":{"7M":"13","7P":"13","6M":"13","6P":"13","C9":"13","F9":"13"},"F6":{"PJ":"13","5G":"13","MJ":"13","5F":"13"},"65":{"83":"13","82":"13","93":"13","92":"13"},"J3":{"H3":"13","J3":"13","H4":"13","MC":"13","JF":"13","J4":"13","JC":"13"},"33":{"X5":"13"},"H4":{"F2":"13","R7":"13","G2":"13"},"G2":{"69":"13","79":"13","6C":"13","78":"13","7C":"13"},"44":{"79":"13"},"G3":{"R7":"13","P7":"13","P6":"13","Q7":"13"},"85":{"GG":"13","FG":"13","GH":"13"},"Q6":{"8H":"13","7M":"13","6M":"13","5G":"13","8J":"13","5F":"13","6P":"13","6J":"13","4F":"13"},"22":{"5W":"13"},"J2":{"26":"13","2C":"13","2F":"13","3G":"13","2G":"13","3C":"13","3F":"13","27":"13"},"23":{"66":"13","57":"13","67":"13"},"J4":{"FM":"13"},"G8":{"FR":"13"},"24":{"W5":"13","V6":"13","V5":"13"},"G4":{"R8":"13","V7":"13","R7":"13","V8":"13"},"G7":{"WG":"13","V5":"13","W6":"13","VF":"13","V7":"13","W7":"13","VG":"13","V6":"13","WF":"13"},"86":{"68":"13","78":"13"},"55":{"R3":"13"},"P7":{"3P":"13","3M":"13","2M":"13"},"J5":{"JH":"13","MH":"13","M4":"13","JG":"13","MG":"13"}}},"index":{"university,1|retail,2|tourism,3|wreck,4|historical,5|artsCulture,6|namedBuilding,7|water,8|wetland,9|park,10|beach,11|natureReserve,12|cemetery,13|trail,14":{}}}