{"index":{"university,1|retail,2|tourism,3|wreck,4|historical,5|artsCulture,6|namedBuilding,7|water,8|wetland,9|park,10|beach,11|natureReserve,12|cemetery,13|trail,14":{}},"89":{"CJ":{"G6":{"VJ":"13","VM":"13"},"QJ":{"2M":"13"},"H3":{"JF":"13","JC":"13"},"MP":{"3F":"13"},"QM":{"Q9":"13"},"MR":{"4W":"13","6C":"13","4V":"13"},"H2":{"X9":"13"},"QQ":{"QF":"13"},"PV":{"RR":"13","VR":"13"},"J3":{"G9":"13","F9":"13"},"MM":{"MJ":"13","V6":"13","W6":"13"},"MW":{"R8":"13","97":"13","V8":"13","96":"13"},"QV":{"H2":"13","8W":"13","7G":"13"},"PJ":{"8Q":"13","XM":"13","8R":"13"},"MQ":{"F2":"13","6Q":"13","F3":"13","7P":"13","4F":"13","3F":"13","8P":"13","F9":"13"},"QP":{"R3":"13","R2":"13","QW":"13"},"J2":{"V3":"13"},"QR":{"CF":"13"},"PW":{"HJ":"13","JJ":"13","JM":"13","HM":"13","RC":"13","4P":"13"},"JV":{"XG":"13"}},"FH":{"3X":{"MV":"13","6G":"13","MR":"13"}},"FC":{"MV":{"CP":"13","CQ":"13"},"FV":{"5C":"13","59":"13","6C":"13"},"9Q":{"R2":"13","V2":"13"},"FR":{"MV":"13","MW":"13"},"CP":{"7X":"13"},"9R":{"XV":"13"},"GQ":{"7V":"13"},"FP":{"3P":"13"},"CR":{"2V":"13"}},"CH":{"MX":{"82":"13"},"9Q":{"VV":"13","WV":"13"},"FQ":{"CW":"13"},"9P":{"XW":"13"},"G9":{"Q9":"13","QC":"13"},"GG":{"RR":"13"},"CW":{"9Q":"13","24":"13"},"PP":{"7W":"13"},"MW":{"8X":"13"},"GJ":{"W2":"13"},"H8":{"3X":"13","2X":"13","3W":"13"},"CP":{"2W":"13"},"G8":{"FG":"13"},"H9":{"FH":"13","WM":"13","4P":"13"},"H6":{"J2":"13"},"JX":{"3G":"13","3F":"13","7G":"13"},"MV":{"25":"13","24":"13"},"J8":{"Q4":"13","8M":"13","8P":"13"},"CG":{"MX":"13"},"JV":{"JX":"13"},"G7":{"GF":"13","FF":"13"},"J6":{"3W":"13"},"GM":{"6X":"13","P5":"13"},"CM":{"87":"13","77":"13"},"GF":{"7F":"13","M9":"13","J9":"13"},"MQ":{"HR":"13"},"MR":{"J3":"13"}},"FJ":{"32":{"J5":"13"},"22":{"XG":"13","C6":"13","XH":"13","96":"13"}},"9P":{"PJ":{"9J":"13","9H":"13"},"RQ":{"WC":"13"},"RH":{"CV":"13","F9":"13"},"RV":{"Q2":"13","65":"13","64":"13"},"VM":{"3J":"13"},"VR":{"32":"13","22":"13"},"Q7":{"4G":"13","4H":"13","7V":"13","5H":"13"},"PR":{"R3":"13"},"RM":{"XX":"13","WX":"13"},"PQ":{"X2":"13"},"V5":{"88":"13","QG":"13","2R":"13","2V":"13","96":"13"},"VP":{"4J":"13","3V":"13","28":"13","3W":"13"},"RJ":{"H3":"13","HV":"13"},"RP":{"X8":"13"},"QQ":{"46":"13","56":"13"},"QM":{"8M":"13","9P":"13","8P":"13"},"PG":{"C6":"13","9W":"13","9V":"13","C5":"13"},"RR":{"WR":"13"},"Q8":{"2W":"13","FW":"13","FX":"13","2V":"13"},"R9":{"F7":"13"},"PM":{"MX":"13"},"P8":{"XG":"13","XF":"13","M6":"13","WG":"13"},"V7":{"6X":"13","Q6":"13"},"PC":{"RQ":"13","VQ":"13"},"Q9":{"4H":"13","3H":"13"},"V6":{"62":"13"},"QC":{"5M":"13","6M":"13"},"R5":{"CJ":"13","FJ":"13","GJ":"13"},"PH":{"95":"13"},"RC":{"85":"13"},"VQ":{"3V":"13"},"RF":{"67":"13","GR":"13"},"PF":{"CV":"13"},"R8":{"FV":"13","J3":"13","J4":"13"}},"8P":{"XV":{"65":"13","7W":"13"},"XX":{"45":"13"},"XW":{"PM":"13"}}}}