{"8M":{"X4":{"Q6":{"XX":"13","XW":"13","28":"13","27":"13"},"XF":{"HH":"13","JH":"13","HG":"13"},"PJ":{"3X":"13","6W":"13","7W":"13"},"FQ":{"WC":"13"},"RV":{"CR":"13"},"GC":{"CJ":"13","58":"13","59":"13","CH":"13","9J":"13","9H":"13"},"WF":{"8V":"13","9X":"13","8X":"13","8W":"13","8R":"13","CW":"13","9R":"13","7W":"13","9V":"13","7X":"13","7V":"13","7R":"13","8Q":"13","9W":"13","7Q":"13","CX":"13"},"R6":{"2W":"13","2X":"13"},"HF":{"46":"13","47":"13"},"XM":{"HG":"13","FF":"13","F7":"13","9C":"13","G9":"13","FG":"13","CF":"13","C9":"13","GC":"13","F8":"13","GG":"13","FC":"13","F9":"13","C8":"13","8C":"13","98":"13","HC":"13","CC":"13","99":"13","89":"13","GF":"13","G8":"13","GH":"13","C7":"13","88":"13","HF":"13"},"XJ":{"X6":"13","X5":"13","X4":"13","X7":"13","X8":"13"},"RM":{"44":"13","Q6":"13","46":"13","2G":"13","47":"13","45":"13","57":"13","56":"13","Q7":"13"},"R7":{"WH":"13","WG":"13"},"VP":{"MR":"13"},"MM":{"R5":"13","R4":"13","3F":"13"},"RJ":{"QR":"13","PQ":"13","PR":"13"},"GR":{"3V":"13","3R":"13"},"P6":{"Q5":"13","Q6":"13","X7":"13","X8":"13"},"QM":{"RH":"13","87":"13"},"JM":{"RH":"13","RG":"13","VG":"13","PM":"13","PP":"13","VH":"13"},"VG":{"9F":"13","99":"13","9C":"13","8C":"13"},"PM":{"32":"13","9X":"13","9W":"13","8X":"13","8W":"13"},"WM":{"5Q":"13","6Q":"13","5R":"13","6V":"13","5P":"13","6R":"13","6P":"13","5V":"13"},"M5":{"M8":"13","M7":"13"},"XC":{"GM":"13","GJ":"13"},"HX":{"3V":"13","2R":"13","JQ":"13","JR":"13","2V":"13","3R":"13"},"QH":{"7W":"13","7V":"13"},"QC":{"JP":"13","HQ":"13","HP":"13","JQ":"13","HR":"13"},"GQ":{"25":"13","24":"13"},"X7":{"V7":"13","R7":"13","R6":"13","V6":"13"},"RC":{"3V":"13","3R":"13","3W":"13"},"WG":{"XM":"13","XP":"13","WP":"13","WM":"13","83":"13","92":"13","73":"13","82":"13","WJ":"13","72":"13"},"WH":{"JP":"13","J8":"13","M9":"13","M8":"13","JM":"13","J9":"13"},"HP":{"99":"13","89":"13","9C":"13","8C":"13"},"QJ":{"42":"13","52":"13","43":"13","53":"13"},"64":{"3J":"13","3M":"13"}},"M5":{"GG":{"32":"13","42":"13"},"GF":{"4X":"13","3X":"13"},"G8":{"MF":"13","JF":"13","J8":"13","JC":"13","M9":"13","P9":"13","PC":"13","MC":"13","J9":"13"},"Q7":{"F2":"13","C2":"13","93":"13","C3":"13","C4":"13","94":"13"}},"MJ":{"5Q":{"9Q":"13","9R":"13","CQ":"13"}},"J2":{"R3":{"J4":"13","M4":"13","J5":"13"},"M9":{"HF":"13","H9":"13","HC":"13","GC":"13"},"P4":{"F3":"13"},"PQ":{"MF":"13","RH":"13","RG":"13","VG":"13","PG":"13","VH":"13","PF":"13","MG":"13"},"MH":{"9Q":"13","9R":"13","CQ":"13","CR":"13"}},"P7":{"7G":{"XV":"13","XX":"13","XW":"13"},"F7":{"5Q":"13","5R":"13","5V":"13"},"9X":{"X9":"13","W8":"13","WC":"13","W9":"13","V8":"13","V9":"13"},"8X":{"7F":"13","6F":"13","5C":"13","6H":"13","6G":"13","5F":"13","6C":"13","7G":"13"},"8H":{"F2":"13","7J":"13","46":"13","3F":"13","7P":"13","72":"13","9M":"13","C3":"13","55":"13","44":"13","GC":"13","3C":"13","FF":"13","43":"13","4Q":"13","5C":"13","8H":"13","38":"13","F5":"13","23":"13","32":"13","8P":"13","8J":"13","C4":"13","22":"13","25":"13","G6":"13","28":"13","3R":"13","3J":"13","35":"13","67":"13","G7":"13","5F":"13","F6":"13","9G":"13","4R":"13","7Q":"13","4G":"13","84":"13","FH":"13","9J":"13","99":"13","5G":"13","96":"13","88":"13","5Q":"13","79":"13","CG":"13","29":"13","CJ":"13","3P":"13","73":"13","6R":"13","8Q":"13","4F":"13","6J":"13","39":"13","C5":"13","5M":"13","FJ":"13","C2":"13","2Q":"13","3Q":"13","9H":"13","49":"13","7G":"13","92":"13","CF":"13","C7":"13","6V":"13","F4":"13","58":"13","6Q":"13","9F":"13","4P":"13","9C":"13","5H":"13","C6":"13","CH":"13","5R":"13","7R":"13","76":"13","5J":"13","85":"13","36":"13","3H":"13","6F":"13","42":"13","CM":"13","97":"13","5P":"13","75":"13","3G":"13","47":"13","F7":"13","82":"13","62":"13","FG":"13","53":"13","C9":"13","C8":"13","2M":"13","24":"13","6M":"13","8C":"13","F9":"13","7M":"13","34":"13","93":"13","56":"13","89":"13","2F":"13","G8":"13","7H":"13","8M":"13","G9":"13","F3":"13","4M":"13","2C":"13","48":"13","52":"13","8F":"13","45":"13","2G":"13","6P":"13","4H":"13","27":"13","54":"13","7C":"13","69":"13","2H":"13","63":"13","4J":"13","87":"13","33":"13","2J":"13","8G":"13","37":"13","26":"13","CC":"13","7F":"13","77":"13","94":"13","6H":"13","FC":"13","4C":"13","78":"13","74":"13","2P":"13","64":"13","66":"13","F8":"13","65":"13","59":"13","95":"13","6G":"13","6C":"13","83":"13","5V":"13","86":"13","4V":"13","98":"13","68":"13","57":"13","9P":"13","3M":"13"},"8G":{"3V":"13","FX":"13","2V":"13","5W":"13","2W":"13","3X":"13","3W":"13","5X":"13","2X":"13","7X":"13","6X":"13","4W":"13","4X":"13","CX":"13"},"CQ":{"GM":"13","HP":"13","FM":"13","FJ":"13","HM":"13","JP":"13","JQ":"13","GH":"13","HQ":"13","GJ":"13","FH":"13"},"W6":{"2W":"13","4X":"13","4W":"13","3X":"13","2X":"13","3W":"13"},"J7":{"QJ":"13","QM":"13","RJ":"13","QP":"13","RP":"13","RM":"13"},"8R":{"H8":"13","H9":"13","WH":"13","WP":"13","WM":"13","XH":"13","XJ":"13","J8":"13","J9":"13","VM":"13","WJ":"13","VJ":"13","VH":"13","VP":"13","RM":"13"},"M6":{"P5":"13","M5":"13","H5":"13","H4":"13","J4":"13","G5":"13","M4":"13","J6":"13","J5":"13","G6":"13","H6":"13"},"7H":{"X8":"13","WG":"13","XM":"13","Q8":"13","W8":"13","XC":"13","R9":"13","WH":"13","W5":"13","X7":"13","P8":"13","V8":"13","W6":"13","X6":"13","XP":"13","VC":"13","X9":"13","XH":"13","W9":"13","XJ":"13","R8":"13","VF":"13","RC":"13","XG":"13","XF":"13","V7":"13","W7":"13","Q7":"13","R6":"13","R7":"13","RF":"13","WJ":"13","X5":"13","VG":"13","V6":"13","WC":"13","Q9":"13","WF":"13","P7":"13","V9":"13"},"5X":{"XX":"13","XW":"13"},"C2":{"Q8":"13","P8":"13"},"V7":{"X2":"13"},"W7":{"32":"13","23":"13","22":"13"},"6X":{"7G":"13","FF":"13","6G":"13","FG":"13","9F":"13","8G":"13","CF":"13","5W":"13","2W":"13","6H":"13","3X":"13","4H":"13","GC":"13","8F":"13","3W":"13","5H":"13","5G":"13","GG":"13","7H":"13","4V":"13","4G":"13","CH":"13","2X":"13","7F":"13","HC":"13","JF":"13","CG":"13","GF":"13","4W":"13","9G":"13","9H":"13","5V":"13","JC":"13","4X":"13","HF":"13"},"V6":{"XX":"13"}},"H7":{"VM":{"39":"13","2C":"13","29":"13","28":"13","27":"13","37":"13","3C":"13","38":"13"},"RM":{"X7":"13","X8":"13"}},"JF":{"QJ":{"93":"13","47":"13","C3":"13","C4":"13","94":"13"},"V5":{"RH":"13","RG":"13","VG":"13","VH":"13"},"W5":{"74":"13","8H":"13","2V":"13","2W":"13","CV":"13","8J":"13","5P":"13","73":"13","9R":"13","64":"13","6R":"13","9V":"13","6V":"13","9H":"13","5V":"13","63":"13","G4":"13","9J":"13","CR":"13","8Q":"13"},"QM":{"Q3":"13","Q4":"13","P5":"13","Q5":"13","P4":"13","P3":"13"},"QQ":{"9Q":"13","8Q":"13","9R":"13","9V":"13","8V":"13","9P":"13","2V":"13","8R":"13","8P":"13"},"W4":{"7W":"13","J5":"13","6V":"13","H4":"13","P5":"13","M7":"13","M4":"13","P6":"13","J4":"13","H5":"13","G6":"13","7V":"13","G4":"13","G8":"13","H7":"13","J3":"13","M6":"13","H6":"13","M5":"13","G7":"13","M3":"13","J7":"13","J6":"13"},"X2":{"62":"13","65":"13","46":"13","45":"13","66":"13","73":"13","53":"13","52":"13","64":"13","56":"13","72":"13","63":"13","67":"13","55":"13","54":"13"},"QV":{"R2":"13","V2":"13"},"PQ":{"V5":"13","G9":"13","W5":"13","W2":"13","HJ":"13","M4":"13","W6":"13","M5":"13","GC":"13","R8":"13","JM":"13","JJ":"13","HM":"13","FC":"13","W3":"13","JP":"13","F9":"13","R7":"13","J4":"13","V6":"13","J5":"13"},"W3":{"QW":"13","QJ":"13","GX":"13","HX":"13","F6":"13","QM":"13","F4":"13","QV":"13","GW":"13","F5":"13","QX":"13","RJ":"13","PW":"13","PX":"13","HW":"13","RM":"13"},"PR":{"XG":"13","XF":"13","XC":"13"},"RR":{"9Q":"13","8Q":"13","9R":"13","9P":"13","8R":"13","8P":"13"},"X5":{"2W":"13","2X":"13"},"VG":{"HG":"3","HH":"3","MG":"3","HJ":"3","75":"13","65":"13","JJ":"3","66":"13","64":"13","JF":"3","JG":"3","MH":"3","JH":"3","76":"13","55":"13","HF":"3"},"QR":{"34":"13","2C":"13","2F":"13","2G":"13","VX":"13","33":"13"},"PM":{"QR":"13","PV":"13","PR":"13","QV":"13"},"V6":{"Q3":"13","X9":"13","W9":"13"},"PP":{"H8":"13","WG":"13","WH":"13","VV":"13","WM":"13","VR":"13","VM":"13","WJ":"13","VG":"13","G8":"13","VJ":"13","VH":"13"},"RM":{"57":"5","58":"5","6C":"5","68":"5","59":"5","48":"5","4C":"5","49":"5","5C":"5","69":"5","67":"5"}},"GP":{"4P":{"RW":"13","26":"13","6Q":"13","3Q":"13","CC":"13","WW":"13","HQ":"13","3V":"13","QV":"13","4W":"13","36":"13","3G":"13","MP":"13","4H":"13","3C":"13","2M":"13","FJ":"13","6R":"13","PM":"13","JJ":"13","3J":"13","GQ":"13","5H":"13","4G":"13","FM":"13","MR":"13","F8":"13","GR":"13","9J":"13","CR":"13","HW":"13","8R":"13","4M":"13","4C":"13","CX":"13","FG":"13","6P":"13","7F":"13","25":"13","4P":"13","QJ":"13","88":"13","HV":"13","GF":"13","8J":"13","8F":"13","HF":"13","58":"13","CP":"13","89":"13","MX":"13","4F":"13","JX":"13","RM":"13","9G":"13","6G":"13","2R":"13","PX":"13","PR":"13","7Q":"13","HR":"13","XX":"13","68":"13","9X":"13","MW":"13","7W":"13","GV":"13","9R":"13","6W":"13","56":"13","4Q":"13","7X":"13","7C":"13","C9":"13","2Q":"13","5P":"13","4J":"13","9P":"13","HJ":"13","JH":"13","F9":"13","PQ":"13","JC":"13","QQ":"13","2C":"13","FV":"13","5J":"13","HM":"13","RR":"13","5F":"13","7H":"13","RV":"13","29":"13","9C":"13","3R":"13","5C":"13","MF":"13","2V":"13","MH":"13","8G":"13","2X":"13","59":"13","3F":"13","8M":"13","VW":"13","PW":"13","FP":"13","GP":"13","G9":"13","J9":"13","8W":"13","9F":"13","7M":"13","8X":"13","GW":"13","2F":"13","8H":"13","8C":"13","97":"13","QP":"13","2W":"13","VX":"13","9Q":"13","QW":"13","8Q":"13","VR":"13","5X":"13","9H":"13","MV":"13","2J":"13","FF":"13","QM":"13","CW":"13","9V":"13","6H":"13","49":"13","GJ":"13","7V":"13","6F":"13","4R":"13","4V":"13","37":"13","6V":"13","JG":"13","5Q":"13","67":"13","JW":"13","8P":"13","48":"13","VV":"13","5V":"13","HX":"13","CH":"13","JV":"13","8V":"13","9W":"13","5W":"13","5M":"13","PP":"13","3W":"13","28":"13","3X":"13","3P":"13","99":"13","7P":"13","2P":"13","HC":"13","HH":"13","GG":"13","57":"13","6C":"13","69":"13","MG":"13","79":"13","78":"13","CG":"13","RX":"13","RQ":"13","39":"13","MJ":"13","PH":"13","27":"13","CF":"13","CJ":"13","5R":"13","JF":"13","3H":"13","FQ":"13","JQ":"13","WX":"13","C8":"13","38":"13","HP":"13","24":"13","46":"13","QR":"13","G8":"13","PJ":"13","7G":"13","GX":"13","4X":"13","H9":"13","6X":"13","QX":"13","GH":"13","GM":"13","GC":"13","JR":"13","PV":"13","MQ":"13","47":"13","QH":"13","35":"13","FW":"13","6M":"13","CQ":"13","PG":"13","MM":"13","7R":"13","CM":"13","6J":"13","98":"13","FH":"13","JM":"13","HG":"13","FX":"13","CV":"13","7J":"13","FC":"13","3M":"13","JP":"13","H8":"13","5G":"13","FR":"13","9M":"13"},"3M":{"RQ":"13","RX":"13","RV":"13","VW":"13","VR":"13","QV":"13","WX":"13","WV":"13","VP":"13","RP":"13","QW":"13","QQ":"13","VV":"13","WW":"13","RR":"13","XX":"13","QR":"13","QX":"13","VX":"13","VQ":"13","RW":"13"},"4H":{"34":"13","G2":"13","62":"13","63":"13","83":"13","J5":"13","H2":"13","C3":"13","33":"13","72":"13","H4":"13","C2":"13","35":"13","42":"13","92":"13","M4":"13","53":"13","J4":"13","22":"13","H3":"13","45":"13","P2":"13","24":"13","H5":"13","G6":"13","52":"13","G4":"13","J3":"13","F2":"13","H6":"13","25":"13","93":"13","43":"13","G3":"13","55":"13","82":"13","44":"13","F3":"13","32":"13","M3":"13","J2":"13","J6":"13","54":"13","73":"13","G5":"13","M2":"13","64":"13","23":"13"},"3H":{"R3":"13","Q3":"13","W4":"13","V3":"13","W5":"13","Q2":"13","W2":"13","V4":"13","X5":"13","W3":"13","R2":"13","X4":"13","X2":"13","V2":"13","R4":"13","X3":"13","P2":"13"},"4Q":{"M5":"13","J6":"13","F2":"13","46":"13","3F":"13","72":"13","C3":"13","55":"13","44":"13","J2":"13","3C":"13","43":"13","5C":"13","38":"13","F5":"13","23":"13","32":"13","C4":"13","22":"13","25":"13","G6":"13","28":"13","V2":"13","3J":"13","35":"13","67":"13","G7":"13","5F":"13","F6":"13","4G":"13","84":"13","99":"13","5G":"13","96":"13","H5":"13","88":"13","79":"13","R4":"13","29":"13","X2":"13","73":"13","4F":"13","39":"13","Q3":"13","J4":"13","C5":"13","J5":"13","P4":"13","C2":"13","49":"13","7G":"13","92":"13","C7":"13","M4":"13","F4":"13","58":"13","H6":"13","J3":"13","R2":"13","5H":"13","C6":"13","76":"13","5J":"13","85":"13","G5":"13","36":"13","3H":"13","6F":"13","Q4":"13","42":"13","P3":"13","97":"13","75":"13","3G":"13","47":"13","F7":"13","82":"13","62":"13","V3":"13","53":"13","R3":"13","C8":"13","24":"13","8C":"13","34":"13","93":"13","56":"13","H4":"13","89":"13","H2":"13","2F":"13","F3":"13","4M":"13","2C":"13","48":"13","52":"13","W2":"13","8F":"13","45":"13","2G":"13","4H":"13","G4":"13","M2":"13","27":"13","P2":"13","54":"13","7C":"13","69":"13","2H":"13","G2":"13","63":"13","4J":"13","G3":"13","87":"13","33":"13","2J":"13","P5":"13","37":"13","26":"13","Q2":"13","7F":"13","77":"13","94":"13","6H":"13","4C":"13","78":"13","74":"13","H3":"13","M3":"13","64":"13","66":"13","65":"13","59":"13","W3":"13","95":"13","6G":"13","6C":"13","83":"13","86":"13","98":"13","68":"13","57":"13","3M":"13"},"5G":{"J6":"13","46":"13","F2":"13","72":"13","9M":"13","C3":"13","55":"13","GC":"13","H7":"13","FF":"13","JF":"13","5C":"13","8H":"13","GP":"13","F5":"13","CP":"13","C4":"13","J8":"13","GM":"13","HF":"13","G6":"13","HG":"13","GH":"13","67":"13","G7":"13","5F":"13","H8":"13","F6":"13","9G":"13","JJ":"13","CQ":"13","JQ":"13","84":"13","FH":"13","GF":"13","9J":"13","99":"13","5G":"13","96":"13","H5":"13","88":"13","79":"13","CG":"13","HM":"13","CJ":"13","73":"13","C5":"13","J5":"13","FJ":"13","C2":"13","9H":"13","49":"13","7G":"13","92":"13","HQ":"13","CF":"13","C7":"13","F4":"13","58":"13","H6":"13","9F":"13","HC":"13","GJ":"13","9C":"13","5H":"13","C6":"13","JG":"13","CH":"13","FQ":"13","76":"13","85":"13","G5":"13","GG":"13","6F":"13","FM":"13","CM":"13","97":"13","FP":"13","75":"13","47":"13","F7":"13","82":"13","62":"13","FG":"13","C9":"13","C8":"13","JH":"13","8C":"13","F9":"13","93":"13","H9":"13","56":"13","H4":"13","89":"13","H2":"13","J9":"13","G8":"13","7H":"13","G9":"13","F3":"13","48":"13","HP":"13","8F":"13","G4":"13","54":"13","7C":"13","HJ":"13","HH":"13","JC":"13","JM":"13","69":"13","63":"13","G2":"13","G3":"13","87":"13","8G":"13","CC":"13","7F":"13","77":"13","94":"13","6H":"13","FC":"13","4C":"13","78":"13","74":"13","H3":"13","64":"13","66":"13","F8":"13","J7":"13","JP":"13","65":"13","59":"13","95":"13","6G":"13","6C":"13","83":"13","86":"13","GQ":"13","98":"13","68":"13","57":"13","9P":"13"},"4V":{"J2":"13","35":"13","86":"13","7H":"13","66":"13","W9":"13","84":"13","62":"13","X3":"13","5F":"13","P3":"13","V4":"13","W5":"13","68":"13","73":"13","X6":"13","5G":"13","X4":"13","65":"13","Q4":"13","V6":"13","42":"13","X2":"13","M2":"13","V3":"13","W3":"13","4C":"13","52":"13","85":"13","W7":"13","Q2":"13","43":"13","7J":"13","W4":"13","6G":"13","R2":"13","72":"13","P2":"13","V2":"13","53":"13","R4":"13","X5":"13","76":"13","58":"13","W2":"13","X8":"13","R3":"13","5C":"13","W6":"13","64":"13","63":"13","6H":"13","V5":"13","6C":"13","Q3":"13","54":"13","4F":"13","74":"13","R5":"13","7G":"13","59":"13","44":"13","34":"13","5H":"13","75":"13","45":"13","6F":"13","X7":"13","69":"13","55":"13"},"3F":{"9M":"13","5G":"13","9C":"13","7J":"13","FC":"13","C8":"13","4G":"13","8F":"13","7F":"13","6M":"13","4H":"13","88":"13","6J":"13","7P":"13","CH":"13","6H":"13","9J":"13","87":"13","9H":"13","5P":"13","7H":"13","6P":"13","4C":"13","5H":"13","CF":"13","9G":"13","8C":"13","78":"13","7C":"13","F9":"13","5M":"13","79":"13","5J":"13","7Q":"13","8G":"13","99":"13","8J":"13","FH":"13","59":"13","7G":"13","FG":"13","CG":"13","5F":"13","89":"13","C7":"13","5C":"13","9F":"13","CJ":"13","98":"13","68":"13","4F":"13","FJ":"13","96":"13","6C":"13","8P":"13","CC":"13","3F":"13","8H":"13","FF":"13","97":"13","8M":"13","C9":"13","3G":"13","7M":"13","4J":"13","6F":"13","6G":"13","6Q":"13","69":"13"},"3P":{"X4":"13","RQ":"13","WH":"13","WP":"13","PV":"13","XG":"13","VM":"13","VJ":"13","XJ":"13","VX":"13","VP":"13","X9":"13","QJ":"13","PR":"13","V5":"13","HX":"13","WV":"13","MX":"13","JW":"13","V2":"13","XC":"13","W6":"13","PW":"13","QX":"13","PX":"13","XR":"13","XX":"13","HW":"13","X7":"13","RR":"13","RV":"13","QP":"13","JQ":"13","XF":"13","MR":"13","XM":"13","V8":"13","X5":"13","R4":"13","W8":"13","VR":"13","X2":"13","Q3":"13","VV":"13","Q5":"13","WG":"13","QQ":"13","QR":"13","XV":"13","X6":"13","MV":"13","VH":"13","R2":"13","XP":"13","JV":"13","WX":"13","W5":"13","HR":"13","PQ":"13","JX":"13","RX":"13","Q4":"13","WR":"13","RM":"13","RH":"13","WW":"13","V3":"13","R6":"13","XH":"13","R3":"13","X3":"13","WJ":"13","V4":"13","XQ":"13","JR":"13","W9":"13","MW":"13","VG":"13","QV":"13","W2":"13","W4":"13","W7":"13","R5":"13","RW":"13","HV":"13","QM":"13","XW":"13","V6":"13","MQ":"13","RJ":"13","Q2":"13","VQ":"13","VW":"13","QW":"13","V7":"13","V9":"13","W3":"13","Q6":"13","RP":"13","WQ":"13","QH":"13","WM":"13","X8":"13"},"4G":{"26":"13","6Q":"13","3Q":"13","CC":"13","HQ":"13","3V":"13","QV":"13","4W":"13","36":"13","WM":"13","3G":"13","MP":"13","QF":"13","75":"13","4H":"13","3C":"13","2M":"13","FJ":"13","6R":"13","PM":"13","JJ":"13","3J":"13","GQ":"13","5H":"13","4G":"13","RC":"13","FM":"13","MR":"13","GR":"13","9J":"13","CR":"13","84":"13","HW":"13","8R":"13","95":"13","4M":"13","4C":"13","CX":"13","FG":"13","6P":"13","7F":"13","25":"13","4P":"13","QJ":"13","88":"13","HV":"13","GF":"13","8J":"13","8F":"13","QC":"13","HF":"13","58":"13","CP":"13","89":"13","MX":"13","4F":"13","JX":"13","RM":"13","9G":"13","6G":"13","2R":"13","PC":"13","PX":"13","PR":"13","7Q":"13","HR":"13","68":"13","9X":"13","MW":"13","7W":"13","VP":"13","9R":"13","GV":"13","6W":"13","56":"13","4Q":"13","7X":"13","7C":"13","2Q":"13","5P":"13","4J":"13","9P":"13","HJ":"13","JH":"13","PQ":"13","RF":"13","JC":"13","94":"13","QQ":"13","66":"13","2C":"13","FV":"13","5J":"13","HM":"13","RR":"13","65":"13","5F":"13","7H":"13","WJ":"13","29":"13","9C":"13","3R":"13","5C":"13","MF":"13","2V":"13","55":"13","MH":"13","8G":"13","2X":"13","59":"13","3F":"13","8M":"13","PW":"13","RH":"13","RJ":"13","FP":"13","GP":"13","VH":"13","8W":"13","2H":"13","9F":"13","VM":"13","7M":"13","RG":"13","8X":"13","GW":"13","2F":"13","8H":"13","8C":"13","97":"13","QP":"13","2W":"13","VJ":"13","9Q":"13","QW":"13","8Q":"13","5X":"13","9H":"13","MV":"13","2J":"13","MC":"13","FF":"13","QM":"13","CW":"13","9V":"13","6H":"13","49":"13","GJ":"13","7V":"13","6F":"13","4R":"13","4V":"13","37":"13","6V":"13","JG":"13","5Q":"13","86":"13","67":"13","JW":"13","8P":"13","48":"13","5V":"13","CH":"13","HX":"13","JV":"13","8V":"13","9W":"13","5W":"13","5M":"13","PP":"13","3W":"13","28":"13","3X":"13","3P":"13","99":"13","96":"13","7P":"13","2P":"13","HC":"13","HH":"13","VG":"13","GG":"13","57":"13","6C":"13","69":"13","PF":"13","MG":"13","79":"13","78":"13","CG":"13","RQ":"13","RP":"13","45":"13","39":"13","85":"13","MJ":"13","PH":"13","27":"13","CF":"13","CJ":"13","5R":"13","77":"13","3H":"13","JF":"13","FQ":"13","87":"13","JQ":"13","76":"13","38":"13","HP":"13","46":"13","QR":"13","PJ":"13","7G":"13","GX":"13","4X":"13","6X":"13","QG":"13","GH":"13","GM":"13","GC":"13","JR":"13","PV":"13","MQ":"13","47":"13","QH":"13","35":"13","FW":"13","6M":"13","CQ":"13","PG":"13","MM":"13","7R":"13","CM":"13","6J":"13","98":"13","2G":"13","FH":"13","JM":"13","HG":"13","FX":"13","CV":"13","7J":"13","FC":"13","3M":"13","JP":"13","5G":"13","FR":"13","9M":"13"},"5R":{"9X":"13","8X":"13","3V":"13","3R":"13","5W":"13","2V":"13","2W":"13","3X":"13","8W":"13","4Q":"13","CW":"13","3W":"13","5X":"13","4V":"13","6W":"13","2X":"13","5R":"13","6R":"13","7W":"13","7X":"13","6V":"13","4R":"13","6X":"13","4W":"13","5V":"13","3Q":"13","4X":"13","2Q":"13","2R":"13","9W":"13","6Q":"13","5Q":"13","CX":"13"},"5F":{"FV":"13","CW":"13","GX":"13","CJ":"13","FR":"13","FQ":"13","CP":"13","9X":"13","CM":"13","FW":"13","FX":"13","GW":"13","CV":"13","CQ":"13","CX":"13","FP":"13","8X":"13","7X":"13","CR":"13","GV":"13"},"3G":{"QW":"13","VM":"13","PW":"13","MQ":"13","QM":"13","MH":"13","W9":"13","PP":"13","XQ":"13","WJ":"13","XR":"13","QV":"13","QR":"13","PH":"13","RM":"13","RG":"13","QQ":"13","QH":"13","W5":"13","PM":"13","QC":"13","QF":"13","RP":"13","JJ":"13","RC":"13","X6":"13","XH":"13","WX":"13","XG":"13","QG":"13","WQ":"13","JG":"13","V9":"13","PQ":"13","VP":"13","MR":"13","VG":"13","X9":"13","RR":"13","XW":"13","WP":"13","RX":"13","W7":"13","JH":"13","WM":"13","MC":"13","MG":"13","JC":"13","JQ":"13","XV":"13","RW":"13","RQ":"13","VQ":"13","W8":"13","VR":"13","WC":"13","WW":"13","WR":"13","PF":"13","PR":"13","X5":"13","VX":"13","RJ":"13","X8":"13","WH":"13","RF":"13","PG":"13","XX":"13","RV":"13","W6":"13","MJ":"13","MP":"13","VH":"13","WV":"13","PJ":"13","VJ":"13","WG":"13","MM":"13","XM":"13","VC":"13","XC":"13","QJ":"13","QP":"13","V7":"13","WF":"13","JM":"13","VW":"13","PC":"13","VV":"13","QX":"13","XP":"13","XJ":"13","PX":"13","JF":"13","RH":"13","MV":"13","VF":"13","PV":"13","MF":"13","JP":"13","XF":"13","V8":"13","X7":"13"},"4R":{"MX":"13","9Q":"13","GP":"13","RQ":"13","PV":"13","RX":"13","FQ":"13","RV":"13","FP":"13","VW":"13","VR":"13","XQ":"13","QV":"13","PR":"13","WR":"13","WX":"13","XV":"13","6X":"13","HR":"13","PQ":"13","GV":"13","WV":"13","MW":"13","GR":"13","QW":"13","GW":"13","QQ":"13","VV":"13","WW":"13","PW":"13","RR":"13","WQ":"13","JX":"13","MV":"13","CR":"13","HX":"13","JW":"13","JV":"13","XX":"13","HV":"13","QR":"13","FV":"13","XW":"13","QX":"13","JR":"13","GQ":"13","VX":"13","PX":"13","FR":"13","HQ":"13","VQ":"13","HP":"13","5X":"13","HW":"13","XR":"13","RW":"13","CQ":"13","MR":"13"},"5V":{"35":"13","86":"13","66":"13","38":"13","93":"13","C6":"13","84":"13","25":"13","24":"13","62":"13","92":"13","C5":"13","68":"13","73":"13","3C":"13","47":"13","65":"13","67":"13","42":"13","48":"13","4C":"13","83":"13","98":"13","52":"13","28":"13","85":"13","33":"13","43":"13","C4":"13","97":"13","29":"13","2C":"13","49":"13","95":"13","94":"13","82":"13","72":"13","96":"13","53":"13","C3":"13","76":"13","77":"13","26":"13","57":"13","C2":"13","23":"13","58":"13","27":"13","5C":"13","46":"13","64":"13","63":"13","39":"13","C7":"13","54":"13","4F":"13","74":"13","C8":"13","32":"13","78":"13","87":"13","88":"13","22":"13","59":"13","44":"13","36":"13","34":"13","56":"13","75":"13","45":"13","69":"13","37":"13","55":"13"},"3Q":{"W9":"13","X3":"13","P3":"13","V4":"13","P6":"13","M4":"13","R6":"13","W5":"13","Q7":"13","X6":"13","XH":"13","XG":"13","H2":"13","X4":"13","Q4":"13","V6":"13","X9":"13","X2":"13","M2":"13","V3":"13","W3":"13","W7":"13","R7":"13","Q2":"13","W4":"13","W8":"13","R2":"13","WC":"13","P2":"13","V2":"13","Q6":"13","R4":"13","P5":"13","X5":"13","P7":"13","W2":"13","X8":"13","R3":"13","W6":"13","V5":"13","M3":"13","P4":"13","XC":"13","Q3":"13","V7":"13","WF":"13","R5":"13","XF":"13","X7":"13","Q5":"13"}},"XJ":{"X4":{"H9":"13","HC":"13","JC":"13"}},"X9":{"MM":{"48":"13"},"8Q":{"4F":"13","4C":"13","3C":"13","3F":"13"},"9J":{"HP":"13"},"PC":{"46":"13","55":"13","56":"13"},"JQ":{"Q8":"13","Q7":"13"},"MC":{"J7":"13","VJ":"13","VM":"13","WJ":"13","VP":"13","J6":"13","WM":"13"}},"V5":{"8X":{"J2":"13","M2":"13"},"HP":{"3V":"13","3R":"13","X7":"13","83":"13","92":"13","4Q":"13","94":"13","93":"13","4R":"13","3Q":"13","84":"13"},"RG":{"RF":"13","VG":"13","VF":"13"},"CV":{"98":"13","97":"13","C7":"13","C8":"13"},"8W":{"MX":"13","JX":"13"},"FP":{"VG":"13","VF":"13","WF":"13","WC":"13","VC":"13","W9":"13","XC":"13"},"9M":{"2C":"13","2F":"13"},"G2":{"P5":"13","Q5":"13","R5":"13","Q6":"13","R6":"13","P6":"13"},"HM":{"CW":"13","JF":"13","JC":"13","GJ":"13","CX":"13"},"VR":{"G9":"13","F8":"13","G8":"13","F9":"13"},"JP":{"26":"13","36":"13","38":"13","37":"13","28":"13","27":"13"},"RH":{"M9":"13","M8":"13"},"GQ":{"FV":"13","P7":"13","M8":"13","P8":"13","FW":"13","FX":"13","GW":"13","GV":"13"},"VH":{"G9":"13","F8":"13","C7":"13","C8":"13","F9":"13","GC":"13"},"GJ":{"XV":"13","XX":"13","WW":"13","XW":"13"},"VP":{"34":"13","35":"13","33":"13"}},"8P":{"9X":{"Q2":"13"},"9W":{"QX":"13"},"CR":{"MV":"13","MX":"13","HW":"13","JV":"13","JW":"13","HX":"13","JX":"13","MW":"13","HV":"13"}},"R7":{"3P":{"X6":"13","W5":"13","X5":"13","X7":"13","W6":"13"},"4P":{"34":"13","26":"13","36":"13","37":"13","25":"13","23":"13","24":"13","35":"13","33":"13","27":"13"}},"WF":{"8G":{"RF":"13","RG":"13","VG":"13","VF":"13"},"WX":{"WV":"13","VQ":"13","QW":"13","WR":"13","VV":"13","MR":"13","WW":"13","QQ":"13","PV":"13","RQ":"13","QV":"13","VW":"13","VR":"13","WQ":"13","PR":"13","RR":"13","RV":"13","QR":"13","PW":"13","MV":"13","RW":"13"},"7G":{"Q5":"13"}},"J8":{"7P":{"VQ":"13","XM":"13","WR":"13","XQ":"13","XP":"13","WP":"13","WM":"13","XJ":"13","VR":"13","WQ":"13","VM":"13","XR":"13","RP":"13","WJ":"13","VP":"13","RM":"13"},"8V":{"83":"13","82":"13","93":"13","92":"13"},"48":{"58":"13","5G":"13","47":"13","65":"13","4G":"13","88":"13","57":"13","6H":"13","87":"13","4C":"13","5H":"13","78":"13","7C":"13","56":"13","79":"13","59":"13","77":"13","5F":"13","89":"13","55":"13","75":"13","5C":"13","68":"13","4F":"13","49":"13","6C":"13","48":"13","6F":"13","64":"13","6G":"13","69":"13","67":"13","66":"13","76":"13"}},"XC":{"XQ":{"WC":"13","W9":"13"},"WW":{"F5":"13","F6":"13"},"XP":{"2G":"13"},"XJ":{"RR":"13","XX":"13","RQ":"13","RP":"13","QQ":"13","VP":"13","VQ":"13"},"XG":{"XP":"13","XM":"13","RQ":"13","RP":"13","XJ":"13","WJ":"13","QQ":"13","WM":"13"},"WX":{"54":"13","65":"13","64":"13","55":"13","53":"13"},"WQ":{"QF":"13","QG":"13","PG":"13","PC":"13","PF":"13","QC":"13"},"X4":{"JW":"13","JX":"13"},"WJ":{"3J":"13","2J":"13","2H":"13","3H":"13"},"X5":{"7F":"13","6C":"13","F9":"13","7C":"13"},"VJ":{"V7":"13","XH":"13"}},"V2":{"6Q":{"FR":"13","CV":"13","FV":"13","9J":"13","FW":"13","CR":"13","CJ":"13"},"XF":{"63":"13","73":"13","74":"13","64":"13","J2":"13","M2":"13","P2":"13"},"5X":{"6X":"13","6W":"13"},"6M":{"WM":"13"},"X9":{"7H":"13","3V":"13","5J":"13","4R":"13","6H":"13","6J":"13","5H":"13","7J":"13","3R":"13","4V":"13"},"XC":{"34":"13","MX":"13","36":"13","44":"13","32":"13","25":"13","23":"13","24":"13","46":"13","45":"13","JX":"13","35":"13","PX":"13","33":"13","22":"13"}},"3J":{"F2":{"QX":"13","PX":"13"},"F3":{"Q2":"13","P2":"13"}},"H8":{"Q4":{"RX":"13"},"Q5":{"Q4":"13","R4":"13","P3":"13","R2":"13","Q2":"13","P4":"13","Q6":"13","Q5":"13","Q3":"13","R3":"13","P2":"13"},"R2":{"H7":"13"},"P6":{"MF":"13","PG":"13","PC":"13","MC":"13","PF":"13"},"J4":{"X8":"13","XC":"13","R9":"13","X7":"13","V8":"13","VC":"13","X9":"13","W9":"13","R8":"13","WC":"13","V9":"13"},"M4":{"28":"13","27":"13"}},"4R":{"XX":{"XF":"13","WF":"13","WC":"13","XC":"13"}},"X7":{"6X":{"7Q":"13","6Q":"13","6P":"13"},"63":{"8X":"13","7X":"13"},"5Q":{"MH":"13","MG":"13"},"5J":{"4J":"13","4M":"13"},"5M":{"4X":"13","4W":"13","5X":"13"},"64":{"72":"13"},"5H":{"9Q":"13","CJ":"13","9R":"13","CM":"13","9P":"13","9J":"13","9M":"13"},"5V":{"PG":"13","PH":"13","MH":"13","JG":"13","MG":"13"}},"RR":{"V3":{"CW":"13","9W":"13","9V":"13","8V":"13","CV":"13"},"97":{"W2":"13","W3":"13","V2":"13"},"V4":{"Q8":"13","Q6":"13","P7":"13","P8":"13","P6":"13","Q7":"13"},"96":{"WX":"13","VX":"13"}},"XF":{"P5":{"FR":"13","FQ":"13","CQ":"13"},"GP":{"26":"13","27":"13"},"W2":{"9X":"13","9W":"13","C4":"13","94":"13"},"FP":{"X6":"13","X7":"13"}},"WC":{"PJ":{"X9":"13","WC":"13","W9":"13","XC":"13"},"XG":{"CH":"13"}},"X5":{"39":{"68":"13"},"2H":{"P5":"13","FM":"13"},"57":{"44":"13","45":"13"},"3V":{"63":"13"},"PV":{"86":"13","97":"13","87":"13"},"29":{"8H":"13","8G":"13","8J":"13","9M":"13","9G":"13","9H":"13","9J":"13","9P":"13","8M":"13","8P":"13"},"4Q":{"P7":"13","P8":"13"},"JJ":{"F4":"13"},"66":{"29":"13","28":"13"},"FV":{"JF":"13","JG":"13"},"MC":{"MH":"13","MC":"13"},"MQ":{"4F":"13","3G":"13","4G":"13","3F":"13"},"3G":{"84":"13","85":"13"},"4R":{"CV":"13"},"PM":{"R4":"13"},"JH":{"M5":"13","J3":"13","M6":"13","J4":"13","M4":"13","J6":"13","J5":"13"},"2G":{"W7":"13","X7":"13","W8":"13","X8":"13"},"7Q":{"5R":"13","CH":"13","CG":"13","9G":"13","5V":"13"}},"R4":{"Q2":{"QJ":"13","RH":"13","QG":"13","RG":"13","QH":"13","RJ":"13"}},"W8":{"V7":{"GH":"13"},"VG":{"2P":"13","2M":"13"},"Q2":{"RH":"13","VG":"13","VH":"13"}},"X2":{"RR":{"52":"13","43":"13","53":"13"},"6P":{"89":"13","8C":"13"}},"3W":{"QH":{"26":"13","25":"13"},"PH":{"X6":"13","X5":"13"},"F6":{"W4":"13"}},"Q3":{"2P":{"G3":"13","J3":"13","F3":"13","H4":"13","G4":"13","H3":"13","G2":"13","G5":"13","F4":"13"},"3M":{"5C":"13","69":"13","59":"13","49":"13","4C":"13","3C":"13","6C":"13"}},"P4":{"V4":{"9Q":"13","9R":"13","9V":"13","CV":"13","CQ":"13","CR":"13"},"H9":{"G3":"13","F3":"13","F4":"13","C3":"13","C4":"13"},"G9":{"R5":"13","P6":"13","P5":"13","M5":"13","M6":"13","J6":"13","Q7":"13","R6":"13","R7":"13","Q6":"13","Q5":"13","P7":"13","J5":"13"},"R4":{"Q3":"13","Q4":"13","Q2":"13","P4":"13","M2":"13","P3":"13","P2":"13"},"FG":{"H3":"13","84":"13","F4":"13","G6":"13","H4":"13","C5":"13","P6":"13","M4":"13","F3":"13","R6":"13","W5":"13","J5":"13","H6":"13","Q7":"13","X6":"13","M5":"13","M6":"13","G4":"13","Q4":"13","F5":"13","V6":"13","G3":"13","X9":"13","Q8":"13","85":"13","W7":"13","R7":"13","C4":"13","W8":"13","R8":"13","95":"13","94":"13","J6":"13","Q6":"13","C3":"13","P5":"13","P7":"13","X8":"13","W6":"13","H5":"13","F6":"13","V5":"13","P4":"13","V7":"13","J4":"13","M7":"13","R5":"13","J3":"13","V8":"13","G5":"13","X7":"13","Q5":"13"},"W5":{"9Q":"13","8Q":"13","9R":"13","9V":"13","8V":"13","7W":"13","7V":"13","8R":"13","8X":"13","8W":"13"},"V3":{"3Q":"13","3P":"13","2P":"13","2R":"13","2Q":"13","2V":"13","3R":"13"},"GG":{"FJ":"13","86":"13","7H":"13","8P":"13","66":"13","7M":"13","38":"13","5P":"13","5F":"13","68":"13","6M":"13","6J":"13","3C":"13","47":"13","CM":"13","5G":"13","67":"13","9C":"13","48":"13","7Q":"13","7C":"13","FG":"13","CG":"13","98":"13","9F":"13","5J":"13","97":"13","29":"13","2C":"13","6G":"13","49":"13","8H":"13","96":"13","76":"13","79":"13","C9":"13","77":"13","57":"13","58":"13","CJ":"13","9M":"13","5C":"13","46":"13","9J":"13","CH":"13","6H":"13","FH":"13","6C":"13","6P":"13","7P":"13","8C":"13","39":"13","8M":"13","4F":"13","5M":"13","9H":"13","78":"13","87":"13","9G":"13","7G":"13","FF":"13","88":"13","CF":"13","59":"13","89":"13","36":"13","8F":"13","7F":"13","CC":"13","56":"13","8G":"13","6F":"13","69":"13","99":"13","37":"13"},"RH":{"4P":"13","3V":"13","3R":"13","3M":"13","4Q":"13","4V":"13","3P":"13","5R":"13","4M":"13","4R":"13","3Q":"13"},"X5":{"G3":"13","H2":"13","G2":"13"},"G8":{"F2":"13","G3":"13","F3":"13","H2":"13","F5":"13","H3":"13","G2":"13","F4":"13","C5":"13","C4":"13"},"G7":{"GM":"13","GP":"13","GX":"13","HX":"13","FR":"13","HP":"13","FX":"13","FQ":"13","HR":"13","GV":"13","FP":"13","JP":"13","FV":"13","GR":"13","GQ":"13","HV":"13","GW":"13","JQ":"13","JV":"13","HQ":"13","FW":"13","JR":"13","HW":"13"},"FH":{"R3":"13","V4":"13","R4":"13"},"R3":{"MX":"13","PV":"13","XQ":"13","PR":"13","WR":"13","XV":"13","WV":"13","MW":"13","PW":"13","WQ":"13","MV":"13","XP":"13","JW":"13","JV":"13","JR":"13","QX":"13","PX":"13","XR":"13","MR":"13"}},"Q5":{"WJ":{"W5":"13","X5":"13","W6":"13"}},"R8":{"88":{"2F":"13","2G":"13"},"78":{"XG":"13","XF":"13"}},"R9":{"MQ":{"M4":"13"}},"92":{"36":{"HG":"13","8H":"13","FG":"13","8G":"13","6C":"13","59":"13","GG":"13","8J":"13","7H":"13","27":"13","4C":"13","37":"13","CH":"13","5F":"13","49":"13","36":"13","5C":"13","6F":"13","38":"13","GF":"13","69":"13","9G":"13","GH":"13","9H":"13","9J":"13","26":"13","7J":"13","FH":"13","4F":"13"},"2W":{"6X":"13","3X":"13","5X":"13"},"2X":{"32":"13","42":"13","52":"13","43":"13","62":"13"},"2Q":{"5J":"13","6H":"13","6J":"13","5H":"13"}},"C7":{"3G":{"H8":"13","F7":"13","9C":"13","H7":"13","G9":"13","9F":"13","CF":"13","C9":"13","GC":"13","F8":"13","8F":"13","FC":"13","F9":"13","C8":"13","8C":"13","99":"13","CC":"13","G8":"13","G7":"13"},"4G":{"WR":"13","WQ":"13"}},"M4":{"HP":{"Q2":"13","P2":"13"},"CF":{"H2":"13","H3":"13"},"H2":{"CJ":"13","FH":"13","CM":"13","CH":"13","FJ":"13","9J":"13","FM":"13","9M":"13","CG":"13","9H":"13"},"M3":{"HJ":"13","GP":"13","HQ":"13","HP":"13","GM":"13","FM":"13","GQ":"13","JM":"13","GJ":"13","FP":"13","HM":"13"},"C9":{"RW":"13","VV":"13","QX":"13","VR":"13","VW":"13","RX":"13","RQ":"13","QP":"13","QQ":"13","PX":"13","VX":"13"},"HM":{"QX":"13","PX":"13"},"CC":{"V2":"13","P3":"13","M2":"13","M4":"13","M3":"13","J3":"13","V3":"13","R2":"13","H4":"13","Q2":"13","H5":"13","J4":"13","J5":"13","P2":"13"},"97":{"MX":"13","QR":"13","RR":"13","RQ":"13","PX":"13"},"C7":{"4F":"13","5G":"13","3G":"13","4G":"13","3F":"13","5F":"13"},"V9":{"9X":"13","CX":"13"}},"J3":{"V3":{"37":"13","27":"13"},"R5":{"JP":"13","W5":"13","HP":"13","X5":"13","8Q":"13","9P":"13","8P":"13","JM":"13","HM":"13","V5":"13"}},"X6":{"6G":{"9F":"13","8M":"13","8F":"13","9P":"13","9J":"13","9C":"13","9M":"13","8P":"13","8C":"13","8J":"13"},"H9":{"R3":"13","R4":"13"},"G9":{"9X":"13","8X":"13"},"68":{"4Q":"13","4P":"13"},"GC":{"82":"13","92":"13"},"J8":{"5R":"13","5V":"13","4V":"13"},"5H":{"MF":"13","PC":"13","MC":"13","PF":"13"},"52":{"69":"13","79":"13","68":"13","78":"13"},"6R":{"3V":"13","3W":"13"},"42":{"HQ":"13","66":"13"},"7P":{"5Q":"13","6Q":"13","5P":"13","6P":"13"},"6V":{"73":"13","72":"13","82":"13"},"7Q":{"34":"13"},"8P":{"2W":"13","3W":"13"}},"R2":{"XQ":{"23":"13","22":"13"},"5X":{"RW":"13","QX":"13","VW":"13","RX":"13","VX":"13"},"PQ":{"58":"13","59":"13"},"RP":{"JV":"13","JR":"13"},"WQ":{"C5":"13","C6":"13","G5":"13","F4":"13","X2":"13","G3":"13","X4":"13","F5":"13","G4":"13","X3":"13","96":"13"}},"GV":{"76":{"MM":"13","JH":"13","JJ":"13","MJ":"13","MH":"13","JM":"13"}},"JG":{"R4":{"7Q":"13","6Q":"13","7P":"13","6P":"13"},"V5":{"F5":"13","F7":"13","9C":"13","7J":"13","FC":"13","FP":"13","GC":"13","G9":"13","C8":"13","C6":"13","7F":"13","8F":"13","88":"13","6J":"13","6H":"13","87":"13","7H":"13","CF":"13","9G":"13","8C":"13","78":"13","7C":"13","F9":"13","79":"13","8G":"13","CP":"13","99":"13","F8":"13","G8":"13","59":"13","FM":"13","7G":"13","89":"13","C7":"13","5C":"13","G7":"13","9F":"13","98":"13","96":"13","6C":"13","CC":"13","8H":"13","F6":"13","97":"13","C9":"13","6F":"13","6G":"13","69":"13"}},"9V":{"99":{"GP":"13","HP":"13","MR":"13","HR":"13","JP":"13","GR":"13","MQ":"13","GQ":"13","HV":"13","JQ":"13","JV":"13","HQ":"13","JR":"13"}},"W5":{"H3":{"JP":"13","MM":"13","MP":"13","MQ":"13"},"MG":{"95":"13","C5":"13","C4":"13","94":"13"},"W8":{"5W":"13","6W":"13"},"W5":{"M8":"13"},"M4":{"GH":"13","GJ":"13"},"V8":{"V7":"13","HF":"13","W7":"13","V6":"13"},"RG":{"V7":"13","V6":"13"},"X6":{"7Q":"13","7R":"13"},"W9":{"R8":"13","R9":"13"},"W3":{"W4":"13","W5":"13","V4":"13","V5":"13"},"V7":{"J7":"13","M7":"13"},"W7":{"XJ":"13","WJ":"13"},"RH":{"J3":"13","J4":"13"},"RR":{"6M":"13","6P":"13"},"R6":{"XF":"13","RJ":"13","WF":"13","WG":"13","RM":"13"},"R7":{"69":"13","79":"13","6C":"13","7C":"13"},"Q6":{"WV":"13","FQ":"13","FP":"13"},"X4":{"4V":"13"},"V6":{"29":"13","39":"13","38":"13","28":"13"},"RX":{"8V":"13","8R":"13"},"R3":{"J3":"13"}},"VC":{"R3":{"GM":"13","GP":"13","HP":"13","HR":"13","GV":"13","HM":"13","GR":"13","GQ":"13","HQ":"13"},"R5":{"W4":"13","W2":"13","W3":"13","X4":"13","X2":"13","X3":"13"}},"Q4":{"WG":{"W7":"13","W6":"13"}},"42":{"G3":{"6X":"13","6W":"13","7W":"13","7X":"13"}},"P3":{"XQ":{"W4":"13","V3":"13","V4":"13","W3":"13","R4":"13"}},"CM":{"P9":{"C2":"13","92":"13"},"P8":{"9X":"13","CX":"13"}},"FP":{"J8":{"XV":"13","WV":"13","XR":"13","XW":"13"},"M8":{"3V":"13","5W":"13","2V":"13","2W":"13","3X":"13","3W":"13","4V":"13","2X":"13","4W":"13","5V":"13","2R":"13"}},"Q7":{"53":{"78":"13","77":"13","74":"13","75":"13","66":"13","85":"13","87":"13","86":"13","67":"13","76":"13","84":"13"}},"V3":{"6G":{"XX":"13","WW":"13","XW":"13"},"R9":{"J7":"13"},"6H":{"X6":"13","X5":"13"},"47":{"8M":"13","CM":"13","9P":"13","9J":"13","9M":"13"},"5M":{"GG":"13","HG":"13"},"7H":{"26":"13","54":"13","44":"13","25":"13"},"52":{"99":"13","9C":"13","62":"13"},"2G":{"QJ":"13","RH":"13","QH":"13","RJ":"13"}},"P6":{"8V":{"7G":"13","6G":"13","2H":"13","2P":"13","6C":"13","4J":"13","5J":"13","6H":"13","3M":"13","2M":"13","4H":"13","3H":"13","5H":"13","5G":"13","4C":"13","3P":"13","3F":"13","4G":"13","7F":"13","2F":"13","5F":"13","5C":"13","3G":"13","6F":"13","2J":"13","6J":"13","3Q":"13","3J":"13","2G":"13","7C":"13","4F":"13"},"WH":{"RR":"13","VM":"13","RQ":"13","RP":"13","VP":"13","VQ":"13","RM":"13"},"FX":{"FF":"13","9C":"13","FG":"13","9F":"13","CF":"13","F4":"13","F2":"13","G2":"13","G3":"13","CC":"13","CG":"13","9G":"13","G4":"13","F3":"13"},"RG":{"2R":"13","2Q":"13"},"CV":{"CC":"13","C9":"13","CF":"13"},"XJ":{"V5":"13","Q8":"13","R5":"13","V8":"13","R8":"13","V7":"13","Q7":"13","R6":"13","R7":"13","Q6":"13","Q5":"13","V6":"13"},"MW":{"35":"13","59":"13","47":"13","25":"13","48":"13","37":"13","5F":"13","49":"13","36":"13","5C":"13","38":"13","24":"13","26":"13"},"QG":{"XP":"13","XQ":"13","XM":"13","RQ":"13","XR":"13","RP":"13","WQ":"13","VP":"13","VQ":"13","WM":"13","WP":"13"},"PR":{"C5":"13","77":"13","C6":"13","75":"13","94":"13","85":"13","95":"13","C4":"13","87":"13","86":"13","76":"13","96":"13"},"RF":{"88":"13","98":"13","99":"13","89":"13","C9":"13","78":"13"},"93":{"58":"13","62":"13","63":"13","84":"13","83":"13","74":"13","95":"13","47":"13","72":"13","65":"13","85":"13","35":"13","88":"13","57":"13","86":"13","87":"13","53":"13","46":"13","78":"13","56":"13","45":"13","79":"13","36":"13","77":"13","89":"13","55":"13","44":"13","75":"13","98":"13","68":"13","96":"13","54":"13","97":"13","73":"13","64":"13","67":"13","66":"13","76":"13"},"QX":{"G6":"13","H3":"13","G5":"13","F4":"13","H4":"13","H6":"13","G3":"13","H5":"13","F5":"13","G4":"13","F3":"13"},"JW":{"X5":"13","X4":"13","X3":"13"},"JV":{"QP":"13","PP":"13","PQ":"13"},"WC":{"JP":"13","FV":"13","FR":"13","GP":"13","FQ":"13","HW":"13","HQ":"13","HP":"13","JW":"13","HX":"13","JQ":"13","GQ":"13","GR":"13","GV":"13"},"CR":{"RH":"13","VM":"13","QP":"13","RM":"13","V9":"13","VP":"13","RJ":"13","RP":"13","VF":"13","QM":"13","QG":"13","QF":"13","VJ":"13","RG":"13","VG":"13","R9":"13","WQ":"13","WM":"13","VC":"13","QH":"13","WP":"13","RC":"13","VH":"13","QJ":"13","RF":"13"},"96":{"8H":"13","VC":"13","QF":"13","VF":"13","RC":"13","QC":"13","8J":"13","RF":"13","PC":"13","9H":"13","8M":"13"}},"R3":{"FR":{"7H":"13","8H":"13","7G":"13"},"52":{"R3":"13","V3":"13","Q2":"13","W2":"13","R2":"13","V2":"13"},"27":{"3Q":"13","2R":"13","2Q":"13","3R":"13"}},"X3":{"FX":{"JW":"13"},"H2":{"HQ":"13","HP":"13","JQ":"13","HR":"13"},"65":{"7W":"13","8X":"13","7X":"13"},"X4":{"99":"13","66":"13","9C":"13","67":"13"},"6V":{"XP":"13"},"8F":{"F3":"13","F4":"13"},"9J":{"69":"13","59":"13","89":"13","79":"13","78":"13","7C":"13"},"9H":{"6Q":"13","6V":"13","6R":"13"},"WV":{"JQ":"13","JR":"13"},"7R":{"R8":"13","R9":"13","V8":"13","V9":"13"},"56":{"R3":"13","Q3":"13","VJ":"13","Q2":"13","R2":"13","VM":"13","WJ":"13","WM":"13","RM":"13"},"PG":{"4J":"13","39":"13","4F":"13","3J":"13","4G":"13","4H":"13","4C":"13","3H":"13","3C":"13","3F":"13"},"CP":{"H2":"13"},"G6":{"9X":"13","9W":"13","8V":"13","8X":"13","8W":"13"},"WQ":{"J7":"13","J8":"13","H8":"13","H7":"13"},"JV":{"XQ":"13","WR":"13","XR":"13","WQ":"13"},"3J":{"P9":"13","P8":"13","PC":"13","7W":"13"},"29":{"88":"13","98":"13","99":"13","89":"13"},"32":{"69":"13","79":"13"},"6C":{"54":"13","65":"13","64":"13","55":"13"},"GQ":{"9X":"13","9W":"13"},"HQ":{"4J":"13"},"5X":{"9F":"13","9G":"13"},"66":{"34":"13","CC":"13","FC":"13","72":"13","82":"13","C9":"13","F9":"13"}},"P8":{"62":{"3V":"13","2W":"13","4X":"13","4W":"13","3X":"13","2X":"13","2V":"13","3R":"13","4V":"13","3W":"13"},"H3":{"GP":"13","HP":"13","GM":"13","GQ":"13","HM":"13"},"4P":{"X8":"13","W5":"13","X7":"13","W6":"13","X6":"13","W7":"13","X4":"13","X5":"13"},"H2":{"XF":"13","XC":"13"},"X6":{"5C":"13","4F":"13","59":"13","49":"13","57":"13","77":"13","67":"13","4C":"13","5F":"13","48":"13"},"5G":{"H8":"13","H7":"13","MG":"13","J7":"13","MF":"13","J8":"13","H6":"13","JF":"13","JG":"13","G7":"13"},"5M":{"8V":"13","8X":"13","5W":"13","8W":"13","8R":"13","5X":"13","5P":"13","9R":"13","6W":"13","5R":"13","6R":"13","9Q":"13","7W":"13","9V":"13","7X":"13","6V":"13","7V":"13","6X":"13","5V":"13","7R":"13","6P":"13","8Q":"13","7Q":"13","6Q":"13","5Q":"13"},"H4":{"9C":"13"},"5P":{"35":"13","66":"13","38":"13","84":"13","25":"13","24":"13","62":"13","47":"13","65":"13","67":"13","48":"13","83":"13","52":"13","28":"13","85":"13","33":"13","43":"13","82":"13","72":"13","53":"13","76":"13","77":"13","26":"13","57":"13","23":"13","58":"13","27":"13","46":"13","64":"13","63":"13","54":"13","74":"13","32":"13","44":"13","36":"13","34":"13","56":"13","75":"13","45":"13","37":"13","55":"13"},"53":{"V4":"13","V2":"13","W2":"13","V3":"13","W4":"13","X2":"13","R2":"13","W3":"13","X4":"13","X5":"13","X3":"13","Q3":"13","R3":"13"},"G3":{"F8":"13","C9":"13","F9":"13"},"52":{"RV":"13","RW":"13","VV":"13","XX":"13","VW":"13","WX":"13","WW":"13","VX":"13","QV":"13"},"5R":{"PP":"13","MP":"13","MQ":"13","PQ":"13","JQ":"13","MR":"13","PR":"13"},"J2":{"2C":"13"},"X4":{"F2":"13","83":"13","72":"13","C2":"13","82":"13","93":"13","G2":"13","92":"13","C3":"13"},"63":{"32":"13","42":"13","33":"13","22":"13"},"X3":{"CW":"13","GX":"13","9X":"13","FX":"13","CX":"13","8X":"13","7X":"13"}},"V4":{"QR":{"F7":"13","5G":"13","9C":"13","G9":"13","4G":"13","C2":"13","4H":"13","88":"13","42":"13","86":"13","87":"13","5H":"13","28":"13","99":"13","F8":"13","G8":"13","5F":"13","32":"13","G7":"13","98":"13","4F":"13","97":"13"},"QQ":{"9X":"13","3R":"13","FX":"13","3X":"13","GV":"13","4Q":"13","FV":"13","7W":"13","4R":"13","FW":"13","3Q":"13","4X":"13","CX":"13"},"PR":{"X7":"13","X8":"13"}},"H4":{"PX":{"MV":"13","JV":"13","32":"13","42":"13","MR":"13","JR":"13","22":"13"},"PW":{"6C":"13","2W":"13","3X":"13","8F":"13","2X":"13","7F":"13","8C":"13","89":"13","6F":"13","79":"13","7C":"13","4X":"13"}},"H2":{"76":{"MX":"13","PV":"13","QV":"13","PR":"13","HR":"13","PP":"13","PQ":"13","MM":"13","MW":"13","QW":"13","GW":"13","QQ":"13","PW":"13","JM":"13","JQ":"13","JX":"13","MV":"13","HX":"13","JW":"13","MP":"13","JV":"13","HV":"13","QR":"13","GX":"13","QX":"13","JR":"13","PX":"13","JP":"13","HQ":"13","MQ":"13","HW":"13","MR":"13"},"9P":{"8V":"13","CQ":"13","FQ":"13","8R":"13","5P":"13","9R":"13","GQ":"13","6R":"13","9Q":"13","7P":"13","7R":"13","6P":"13","CR":"13","8Q":"13","6Q":"13","7Q":"13","5Q":"13"},"57":{"R3":"13","Q3":"13","P5":"13","Q4":"13","V3":"13","Q5":"13","V4":"13","R4":"13","P4":"13"},"77":{"G6":"13","C5":"13","H3":"13","G5":"13","F4":"13","C3":"13","F2":"13","H4":"13","G2":"13","C2":"13","G3":"13","H5":"13","F5":"13","C4":"13","G4":"13","F3":"13","P2":"13"}},"G9":{"JP":{"VQ":"13","XQ":"13","XP":"13","WP":"13","WM":"13","RQ":"13","VR":"13","WQ":"13","VM":"13","RP":"13","VP":"13","RM":"13"},"JR":{"P5":"13","P4":"13","M2":"13","M4":"13","M3":"13","P3":"13"}},"W2":{"9F":{"46":"13","55":"13","56":"13"},"VV":{"57":"13","56":"13"},"WV":{"CJ":"13","FH":"13","CH":"13","FJ":"13"},"WR":{"6V":"13","5W":"13","6W":"13","5V":"13"},"MQ":{"CW":"13","CV":"13"},"JR":{"P5":"13","Q6":"13","P6":"13","Q7":"13"},"PW":{"63":"13","73":"13","74":"13","64":"13"},"QV":{"W8":"13","V8":"13","R8":"13","CW":"13","MW":"13","GG":"13","W7":"13","PW":"13","MX":"13","9W":"13"}},"2G":{"4G":{"2C":"13","4F":"13","2F":"13","4C":"13","3C":"13","3F":"13"}},"M2":{"GX":{"QX":"13","PX":"13"},"XH":{"63":"13","54":"13","44":"13","64":"13","43":"13","53":"13"},"M3":{"RF":"13","RC":"13"}},"P2":{"7H":{"26":"13","36":"13","37":"13","27":"13"},"2W":{"6W":"13","7J":"13","8F":"13","7F":"13","6J":"13","7P":"13","6X":"13","6H":"13","7H":"13","8C":"13","7C":"13","4P":"13","7Q":"13","8G":"13","5W":"13","7G":"13","89":"13","4M":"13","3H":"13","3J":"13","8H":"13","3M":"13","7M":"13","4J":"13","5X":"13","6G":"13","3P":"13"},"4Q":{"R8":"13","Q8":"13","M9":"13","P9":"13","P8":"13","R9":"13","PC":"13","MC":"13","Q9":"13"},"2X":{"62":"13"},"4R":{"36":"13","39":"13","38":"13","37":"13","49":"13","46":"13","47":"13","48":"13"},"6H":{"X6":"13"},"66":{"34":"13","44":"13","45":"13","35":"13"},"6G":{"QM":"13","QP":"13","RP":"13","RM":"13"},"52":{"9F":"13","CJ":"13","FH":"13","CH":"13","FJ":"13","9J":"13","CG":"13","9H":"13","9G":"13","CF":"13"},"5F":{"C6":"13","8G":"13","9F":"13","C3":"13","8F":"13","F2":"13","C2":"13","93":"13","97":"13","9G":"13","C7":"13","F3":"13","96":"13"}},"W4":{"QG":{"5G":"13","5F":"13"},"QR":{"P9":"13","Q9":"13","QC":"13"},"QM":{"7Q":"13","8Q":"13"},"P9":{"C2":"13"},"P8":{"CX":"13"},"J2":{"G3":"13","G4":"13","H3":"13"},"QQ":{"QR":"13","QV":"13"}},"5X":{"PM":{"V5":"13"}},"PF":{"63":{"5G":"13","7J":"13","8F":"13","7F":"13","6M":"13","6J":"13","7P":"13","6H":"13","5P":"13","7H":"13","6P":"13","5H":"13","8C":"13","7C":"13","5M":"13","79":"13","5J":"13","8G":"13","59":"13","7G":"13","5F":"13","89":"13","5C":"13","6C":"13","8H":"13","7M":"13","6F":"13","6G":"13","6Q":"13","69":"13"},"2J":{"34":"13","26":"13","36":"13","25":"13","24":"13","35":"13"},"3M":{"2H":"13"},"2M":{"Q6":"13","XF":"13","P9":"13","M8":"13","RH":"13","VM":"13","QP":"13","WF":"13","Q7":"13","XH":"13","V8":"13","M7":"13","RM":"13","V9":"13","RJ":"13","P6":"13","VF":"13","QM":"13","QG":"13","QF":"13","VJ":"13","PG":"13","RG":"13","VG":"13","Q8":"13","R9":"13","W9":"13","M6":"13","XC":"13","VC":"13","P8":"13","QH":"13","PC":"13","Q9":"13","WJ":"13","QC":"13","M9":"13","PH":"13","WG":"13","RC":"13","WH":"13","WC":"13","VH":"13","XG":"13","QJ":"13","P7":"13","RF":"13","PF":"13","R8":"13"}},"JC":{"XX":{"6X":"13","5X":"13","6W":"13","7W":"13","7X":"13"},"PP":{"57":"13","58":"13","46":"13","59":"13","47":"13","48":"13","4C":"13","5F":"13","49":"13","5C":"13","4F":"13"}},"W7":{"CP":{"G6":"13","F7":"13","F6":"13","9R":"13","9V":"13","MH":"13","G7":"13"},"JQ":{"CP":"13"}},"JM":{"QJ":{"M2":"13","P2":"13"},"XC":{"XM":"13","XH":"13","XJ":"13"}},"R5":{"Q2":{"43":"13","65":"13","33":"13","34":"13","45":"13","53":"13","44":"13","64":"13","22":"13","23":"13","32":"13","55":"13","54":"13"},"GH":{"5J":"13","5M":"13","5G":"13","6M":"13","6H":"13","6G":"13","6J":"13","5H":"13"},"GJ":{"J7":"13","RF":"13","RG":"13","VG":"13","J8":"13","VF":"13","M9":"13","M8":"13","P9":"13","PC":"13","VC":"13","M7":"13","J6":"13","MC":"13","J9":"13","RC":"13"},"P2":{"M6":"13","P7":"13","M8":"13","P6":"13","M7":"13"}},"G2":{"FR":{"RF":"13","QF":"13","QG":"13","RG":"13","PG":"13","JH":"13","MH":"13","JG":"13","MG":"13"},"GP":{"QR":"13","RR":"13","RQ":"13","RP":"13","QQ":"13","PR":"13"},"JV":{"5C":"13","4F":"13","FG":"13","4C":"13","5F":"13","FF":"13"}},"MC":{"3P":{"QM":"13","VM":"13","QP":"13","RP":"13","VP":"13","RM":"13"},"4V":{"VJ":"13","VM":"13","WJ":"13","VP":"13","WM":"13","WP":"13"}},"G3":{"M8":{"4J":"13","7M":"13","5J":"13","5M":"13","5G":"13","4G":"13","6M":"13","6H":"13","4H":"13","6J":"13","5H":"13"},"G7":{"5J":"13","5M":"13","5P":"13","6M":"13","6P":"13","6J":"13"},"G6":{"RV":"13","RW":"13","VV":"13","RR":"13","VR":"13","VW":"13","VQ":"13"}},"FW":{"Q8":{"G9":"13","F8":"13","G8":"13","C9":"13","C8":"13","F9":"13"},"WH":{"QW":"13","GX":"13","MG":"13","PV":"13","PG":"13","MF":"13","HR":"13","GV":"13","MW":"13","PF":"13","QV":"13","PR":"13","HV":"13","QX":"13","JW":"13","QR":"13","PW":"13","JV":"13","PH":"13","MH":"13","MV":"13","JG":"13","MX":"13","JR":"13","PX":"13","RX":"13","RW":"13","HW":"13"},"R5":{"GP":"13","FR":"13","HP":"13","CQ":"13","MR":"13","PV":"13","FQ":"13","HR":"13","CP":"13","FP":"13","JP":"13","GR":"13","PR":"13","MQ":"13","GQ":"13","9Q":"13","JQ":"13","MV":"13","HQ":"13","9P":"13","JR":"13","8Q":"13","8P":"13"},"PG":{"42":"13"},"PF":{"4X":"13"},"WJ":{"H3":"13","P3":"13","H2":"13","F2":"13","28":"13","G2":"13","27":"13","Q2":"13","G3":"13","F3":"13","Q3":"13","P2":"13"},"VG":{"QX":"13","RX":"13"},"VJ":{"X4":"13","J6":"13","F2":"13","M5":"13","M8":"13","C3":"13","GC":"13","J2":"13","P7":"13","H7":"13","FF":"13","F5":"13","PR":"13","V5":"13","R7":"13","C4":"13","J8":"13","PM":"13","HF":"13","G6":"13","V2":"13","HG":"13","W6":"13","GH":"13","G7":"13","F6":"13","H8":"13","PC":"13","JJ":"13","X7":"13","QP":"13","84":"13","FH":"13","GF":"13","V8":"13","X5":"13","H5":"13","R4":"13","W8":"13","HM":"13","MP":"13","Q3":"13","J4":"13","C5":"13","J5":"13","P4":"13","Q5":"13","C2":"13","QQ":"13","92":"13","CF":"13","M4":"13","F4":"13","H6":"13","X6":"13","J3":"13","R2":"13","PP":"13","M6":"13","HC":"13","W5":"13","G5":"13","PQ":"13","GG":"13","Q4":"13","P3":"13","F7":"13","82":"13","Q7":"13","V3":"13","R6":"13","P6":"13","FG":"13","R3":"13","C9":"13","C8":"13","P8":"13","JH":"13","V4":"13","F9":"13","93":"13","H9":"13","H4":"13","H2":"13","J9":"13","F3":"13","W2":"13","G4":"13","M2":"13","P2":"13","W4":"13","HJ":"13","HH":"13","W7":"13","JM":"13","R5":"13","G2":"13","MC":"13","G3":"13","P5":"13","QM":"13","V6":"13","MQ":"13","M7":"13","CC":"13","Q2":"13","94":"13","P9":"13","FC":"13","V7":"13","H3":"13","M3":"13","F8":"13","J7":"13","M9":"13","W3":"13","95":"13","83":"13","Q6":"13","X8":"13","MM":"13"},"JC":{"GP":"13","FQ":"13","FP":"13","GH":"13","GG":"13","CH":"13","HM":"13","9J":"13","9H":"13","9G":"13","CF":"13","GJ":"13","FH":"13","FM":"13","CG":"13","FG":"13","HH":"13","9F":"13","CJ":"13","FJ":"13","GQ":"13","GM":"13","FF":"13","HJ":"13"},"VH":{"8V":"13","8X":"13","QW":"13","VM":"13","PW":"13","FQ":"13","MQ":"13","QM":"13","MH":"13","PP":"13","HF":"13","QV":"13","GR":"13","V4":"13","PH":"13","QR":"13","RM":"13","RG":"13","GM":"13","R6":"13","QQ":"13","QH":"13","W5":"13","PM":"13","CX":"13","QC":"13","9V":"13","QF":"13","Q7":"13","JX":"13","RP":"13","RC":"13","JJ":"13","HJ":"13","FX":"13","QG":"13","JR":"13","MX":"13","JG":"13","PQ":"13","VP":"13","GV":"13","MR":"13","Q4":"13","VG":"13","V6":"13","GW":"13","Q9":"13","FW":"13","RR":"13","CW":"13","V3":"13","W3":"13","Q8":"13","FV":"13","HG":"13","W7":"13","JH":"13","R7":"13","MG":"13","MC":"13","JQ":"13","Q2":"13","JC":"13","9W":"13","RQ":"13","W4":"13","CV":"13","R2":"13","R8":"13","HR":"13","HX":"13","V2":"13","Q6":"13","PF":"13","R4":"13","GX":"13","PR":"13","HH":"13","HP":"13","RJ":"13","GQ":"13","RF":"13","PG":"13","GP":"13","R3":"13","FR":"13","W6":"13","P8":"13","9X":"13","HV":"13","MJ":"13","MP":"13","VH":"13","PJ":"13","CR":"13","HM":"13","JV":"13","VJ":"13","MM":"13","CQ":"13","JW":"13","V5":"13","P9":"13","MW":"13","QJ":"13","QP":"13","Q3":"13","8W":"13","V7":"13","9Q":"13","JM":"13","PC":"13","QX":"13","9R":"13","PX":"13","R5":"13","JF":"13","HQ":"13","RH":"13","8R":"13","MV":"13","PV":"13","MF":"13","HW":"13","JP":"13","V8":"13","Q5":"13"},"Q9":{"8H":"13","CM":"13","8J":"13","9M":"13","9Q":"13","9J":"13","9P":"13","8M":"13","CJ":"13","8Q":"13","8P":"13"}},"P5":{"FW":{"HG":"13","XM":"13","HH":"13","XJ":"13","H4":"13","J6":"13","GG":"13","H5":"13","J4":"13","GH":"13","J5":"13"},"GW":{"2J":"13","2M":"13"},"GV":{"7Q":"13","6Q":"13","7P":"13","8Q":"13","6P":"13","7R":"13","8P":"13"}},"V6":{"64":{"84":"13","85":"13","75":"13","74":"13","94":"13"}},"GR":{"CH":{"J2":"13","G8":"13","H8":"13","H7":"13","G6":"13","H4":"13","P3":"13","P6":"13","M4":"13","J5":"13","H6":"13","Q7":"13","J7":"13","M5":"13","M6":"13","Q4":"13","F5":"13","F7":"13","M2":"13","P2":"13","J6":"13","Q6":"13","P5":"13","P7":"13","P8":"13","H5":"13","F6":"13","M3":"13","P4":"13","F8":"13","M8":"13","G7":"13","J4":"13","J8":"13","M7":"13","J3":"13","G5":"13","Q5":"13"},"77":{"6X":"13","6V":"13","4X":"13","5W":"13","5X":"13","6R":"13","8V":"13","6W":"13","7W":"13","7V":"13","7R":"13","8R":"13","8X":"13","7X":"13","5V":"13","8W":"13"},"CG":{"PX":"13"},"7X":{"9M":"13","7J":"13","9P":"13","6M":"13","6J":"13","7P":"13","6H":"13","5P":"13","8Q":"13","6P":"13","7H":"13","5H":"13","8R":"13","5M":"13","5J":"13","7Q":"13","8J":"13","8P":"13","8M":"13","7M":"13","6G":"13","6Q":"13"},"78":{"34":"13","62":"13","63":"13","74":"13","47":"13","33":"13","72":"13","65":"13","35":"13","42":"13","57":"13","53":"13","46":"13","56":"13","45":"13","24":"13","52":"13","43":"13","55":"13","82":"13","44":"13","32":"13","54":"13","73":"13","64":"13","66":"13"}},"Q2":{"M7":{"RP":"13"},"XP":{"VV":"13","VR":"13","WR":"13","VW":"13","WQ":"13"},"M5":{"83":"13","H5":"13","84":"13","H4":"13","H3":"13"},"M6":{"23":"13","24":"13","22":"13"},"F2":{"32":"13","23":"13"},"94":{"7M":"13","9V":"13","CV":"13"},"M9":{"8Q":"13","8V":"13","8R":"13","8P":"13"},"C2":{"X3":"13"},"MC":{"76":"13","77":"13"},"C8":{"JH":"13","JJ":"13","MJ":"13","MH":"13"},"Q7":{"4X":"13","3X":"13","8V":"13","7W":"13","7V":"13","7X":"13","8W":"13"},"RP":{"M9":"13","P9":"13","PC":"13","MC":"13"},"RJ":{"HF":"13","H9":"13","HC":"13","JC":"13","HG":"13","J9":"13"},"F3":{"HF":"13","JF":"13","JC":"13","HC":"13"}},"VQ":{"2M":{"Q6":"13","MH":"13","P4":"13","P9":"13","M8":"13","J5":"13","GC":"13","G9":"13","GH":"13","GG":"13","Q7":"13","HF":"13","P5":"13","M7":"13","HM":"13","M4":"13","MG":"13","MC":"13","P6":"13","GJ":"13","JF":"13","H8":"13","HG":"13","JM":"13","Q8":"13","H7":"13","FH":"13","H9":"13","M6":"13","M5":"13","J9":"13","J8":"13","Q5":"13","P8":"13","FG":"13","PC":"13","Q9":"13","JG":"13","HH":"13","HC":"13","M3":"13","JC":"13","M9":"13","J7":"13","J6":"13","GF":"13","P7":"13","PF":"13","HJ":"13","MF":"13","JH":"13","JJ":"13"}},"MF":{"VR":{"V4":"13","Q4":"13","H3":"13","V2":"13","R4":"13","W2":"13","P3":"13","M2":"13","M4":"13","M3":"13","J3":"13","M5":"13","V3":"13","W4":"13","X2":"13","H4":"13","W3":"13","G3":"13","P4":"13","J2":"13","H5":"13","J4":"13","G4":"13","X3":"13","Q3":"13","R3":"13","J5":"13"},"WR":{"34":"13","54":"13","44":"13","32":"13","23":"13","42":"13","24":"13","52":"13","43":"13","53":"13","33":"13","22":"13"}},"FC":{"6W":{"HG":"13","MF":"13","GC":"13","GG":"13","MC":"13","HC":"13","JF":"13","GF":"13","JG":"13","JC":"13","HF":"13"}},"VF":{"6V":{"HJ":"13"}},"M3":{"Q8":{"Q4":"13","Q8":"13","R4":"13","R5":"13","P6":"13","P5":"13","M4":"13","J3":"13","M5":"13","R8":"13","M6":"13","J6":"13","H6":"13","P4":"13","Q7":"13","R6":"13","R7":"13","Q6":"13","H5":"13","Q5":"13","J4":"13","J5":"13"},"P8":{"78":"13","77":"13","74":"13","75":"13","83":"13","92":"13","66":"13","85":"13","82":"13","93":"13","87":"13","86":"13","67":"13","76":"13","84":"13"},"RC":{"2H":"13","2P":"13","2M":"13","3H":"13","3G":"13","2J":"13","3J":"13","2G":"13","2Q":"13"},"X2":{"JV":"13","HW":"13","JW":"13","HX":"13","JX":"13","JR":"13","HV":"13"},"QC":{"XP":"13","XQ":"13","XM":"13","XJ":"13"},"G2":{"Q2":"13","R2":"13"},"45":{"FR":"13","FQ":"13","CP":"13","CQ":"13","CR":"13"},"X3":{"HG":"13","HH":"13","FF":"13","9C":"13","FG":"13","8G":"13","9F":"13","HJ":"13","CF":"13","C9":"13","GC":"13","8F":"13","GG":"13","FC":"13","F9":"13","C8":"13","CC":"13","CG":"13","GF":"13","9G":"13","GH":"13","JG":"13","JH":"13","HF":"13"},"P7":{"9X":"13","8X":"13"},"54":{"88":"13","98":"13","CC":"13","99":"13","89":"13","C9":"13","C8":"13","F9":"13"}},"V9":{"HQ":{"43":"13","57":"13","58":"13","46":"13","47":"13","45":"13","48":"13","44":"13","56":"13","55":"13","54":"13"}},"M9":{"V4":{"GX":"13","FX":"13"},"V5":{"F2":"13","G3":"13","F3":"13","G2":"13"},"R9":{"X6":"13","W5":"13","W6":"13"},"QM":{"83":"13","73":"13","84":"13","85":"13","75":"13","74":"13"},"RG":{"7G":"13","9C":"13","78":"13","8H":"13","9F":"13","8G":"13","6C":"13","68":"13","8F":"13","7H":"13","7F":"13","8C":"13","89":"13","6F":"13","69":"13","9G":"13","79":"13","87":"13","88":"13","7C":"13"},"QF":{"34":"13","98":"13","97":"13","44":"13","32":"13","25":"13","23":"13","42":"13","24":"13","35":"13","43":"13","C7":"13","C8":"13","33":"13","22":"13"},"PF":{"W2":"13","W3":"13","X4":"13","X3":"13"},"QC":{"2X":"13","8V":"13","7W":"13","7V":"13","8W":"13"},"PJ":{"MX":"13","HX":"13","JX":"13","J2":"13","M2":"13"},"J9":{"QW":"13","VV":"13","RQ":"13","QV":"13","VW":"13","VR":"13","RR":"13","VX":"13","RV":"13","QX":"13","QR":"13","PW":"13","PX":"13","RX":"13","RW":"13"},"PC":{"XX":"13","WX":"13","WW":"13","XW":"13"},"PM":{"G2":"13","F5":"13","95":"13","C3":"13","H2":"13","C5":"13","C2":"13","H4":"13","92":"13","C4":"13","J4":"13","H3":"13","F4":"13","H5":"13","G6":"13","G4":"13","J3":"13","H6":"13","94":"13","93":"13","G3":"13","F3":"13","M3":"13","J2":"13","F6":"13","G5":"13","M2":"13"},"PH":{"MX":"13","JV":"13","HW":"13","JW":"13","HX":"13","JX":"13","PV":"13","JR":"13","PX":"13","PW":"13","HR":"13","GR":"13","MW":"13","HV":"13"},"MH":{"MR":"13","HR":"13","MW":"13","MQ":"13","JX":"13","HV":"13","JW":"13","JQ":"13","JV":"13","MV":"13","JR":"13","HW":"13"},"JH":{"WQ":"13","VQ":"13","WP":"13"},"WC":{"F5":"13","F4":"13","C5":"13","C4":"13"},"JC":{"R3":"13","Q3":"13","Q4":"13","Q2":"13","R2":"13","M2":"13","P3":"13","P2":"13"},"RM":{"86":"13","66":"13","93":"13","C6":"13","84":"13","5F":"13","C5":"13","68":"13","3F":"13","3C":"13","65":"13","67":"13","9C":"13","7C":"13","4C":"13","98":"13","9F":"13","85":"13","C4":"13","97":"13","49":"13","95":"13","94":"13","96":"13","76":"13","C9":"13","77":"13","57":"13","58":"13","5C":"13","6C":"13","8C":"13","39":"13","2F":"13","3G":"13","C7":"13","4F":"13","C8":"13","2G":"13","78":"13","87":"13","7G":"13","88":"13","59":"13","89":"13","8F":"13","7F":"13","CC":"13","75":"13","6F":"13","99":"13"}},"W3":{"V4":{"HW":"13","JV":"13","JW":"13","HV":"13"},"RG":{"7W":"13","7V":"13"},"V3":{"WF":"13","WG":"13"},"QG":{"RV":"13","VV":"13","VR":"13"},"QP":{"XG":"13","XF":"13","V6":"13","V5":"13"},"RH":{"F2":"13","5G":"13","5H":"13"},"Q6":{"95":"13","C5":"13","C4":"13","94":"13"},"PW":{"RW":"13"},"J5":{"FQ":"13","CP":"13","GQ":"13","CQ":"13","HR":"13","GR":"13","FP":"13","HV":"13","GV":"13"}},"5V":{"94":{"G6":"13"}},"Q6":{"MQ":{"29":"13","2C":"13","2F":"13","2G":"13"},"JQ":{"XF":"13","RQ":"13","PJ":"13","PV":"13","RX":"13","RH":"13","RV":"13","VM":"13","QP":"13","WF":"13","VR":"13","QV":"13","XH":"13","PR":"13","WR":"13","XJ":"13","PP":"13","RM":"13","PQ":"13","V9":"13","VP":"13","MM":"13","RJ":"13","MW":"13","RP":"13","QW":"13","QQ":"13","VV":"13","VF":"13","QM":"13","QG":"13","QF":"13","VJ":"13","PW":"13","RG":"13","VG":"13","RR":"13","R9":"13","X9":"13","WQ":"13","PM":"13","W9":"13","WM":"13","XC":"13","MV":"13","VC":"13","QH":"13","MP":"13","Q9":"13","WJ":"13","QR":"13","QC":"13","QX":"13","PH":"13","PX":"13","WP":"13","WG":"13","RC":"13","WH":"13","WC":"13","VQ":"13","VH":"13","XG":"13","QJ":"13","MQ":"13","RF":"13","RW":"13","MR":"13"},"JR":{"Q2":"13","P2":"13"}},"X8":{"7H":{"JH":"13","MH":"13","MG":"13"},"54":{"P9":"13","PC":"13","Q9":"13","QC":"13"},"9C":{"HJ":"13","GM":"13","GJ":"13","HM":"13"},"67":{"RV":"13","VV":"13","RR":"13"},"68":{"VJ":"13","WH":"13","WJ":"13","VH":"13"}},"MM":{"2C":{"2H":"13","4J":"13","2M":"13","3M":"13","3H":"13","4M":"13","2J":"13","3J":"13"}}},"index":{"university,1|retail,2|tourism,3|wreck,4|historical,5|artsCulture,6|namedBuilding,7|water,8|wetland,9|park,10|beach,11|natureReserve,12|cemetery,13|trail,14":{}}}