{"index":{"university,1|retail,2|tourism,3|wreck,4|historical,5|artsCulture,6|namedBuilding,7|water,8|wetland,9|park,10|beach,11|natureReserve,12|cemetery,13|trail,14":{}},"8P":{"46":{"XM":{"4F":"13","5G":"13","4G":"13","4C":"13","3C":"13","2M":"13","3F":"13","5F":"13"},"WM":{"XP":"13","XM":"13","WM":"13","WP":"13"}},"4X":{"QW":{"H5":"13","G5":"13"},"2H":{"69":"13","79":"13","68":"13","78":"13"},"65":{"M2":"13","M3":"13"},"5J":{"GP":"13","FQ":"13","HQ":"13","HP":"13","GM":"13","GQ":"13","GR":"13","FP":"13"},"C9":{"9R":"13","9V":"13","8V":"13","8R":"13"},"33":{"CW":"13","9W":"13","9V":"13","8V":"13","7V":"13","8W":"13"},"RC":{"FV":"13","CV":"13","CR":"13"},"5H":{"8V":"13","8R":"13"},"45":{"QF":"13","QG":"13","PF":"13"},"JM":{"25":"13","24":"13"},"48":{"QX":"13","RX":"13","QW":"13","PX":"13","PW":"13","VX":"13"},"JP":{"FJ":"13","GM":"13","FM":"13","GJ":"13"},"53":{"5M":"13","5P":"13","6M":"13","6P":"13","4M":"13"},"WQ":{"MV":"13","PV":"13","PW":"13","MW":"13"},"MQ":{"G4":"13","G5":"13","M7":"13","F9":"13"},"42":{"8G":"13","C2":"13","9G":"13"},"8C":{"WV":"13"},"49":{"Q3":"13","Q2":"13","WQ":"13","P3":"13","P2":"13"},"CC":{"X6":"13","W5":"13","X5":"13","X4":"13","W6":"13"},"22":{"F8":"13","C9":"13","F7":"13","C7":"13","C8":"13","F9":"13"},"6F":{"9R":"13","CR":"13"},"6X":{"6X":"13","5X":"13"},"32":{"9Q":"13","9R":"13","CV":"13","CQ":"13","CR":"13"},"9G":{"HC":"13","JC":"13"},"2Q":{"MP":"13","MR":"13","QQ":"13","PQ":"13","JP":"13","MQ":"13","QP":"13","JQ":"13","JR":"13","PP":"13"},"2R":{"QJ":"13","QM":"13","PM":"13","QW":"13","QV":"13"},"54":{"6H":"13","6G":"13","7G":"13"}},"MJ":{"J4":{"86":"13","73":"13","84":"13","85":"13","75":"13","74":"13","95":"13","94":"13"}},"3F":{"CJ":{"32":"13","42":"13"},"CH":{"4X":"13","3X":"13"}},"WP":{"3G":{"J2":"13","M2":"13"},"3H":{"GH":"13"},"3C":{"MH":"13","GC":"13","GH":"13","GG":"13","HF":"13","HM":"13","MG":"13","MC":"13","MM":"13","GJ":"13","JF":"13","HG":"13","JM":"13","MJ":"13","JQ":"13","MP":"13","JG":"13","HH":"13","HC":"13","JC":"13","GM":"13","JP":"13","HP":"13","GF":"13","MQ":"13","HJ":"13","MF":"13","JH":"13","JJ":"13"},"3F":{"MX":"13","JX":"13"}},"PV":{"JM":{"3V":"13","2W":"13","2R":"13","2V":"13","3R":"13"},"HM":{"XV":"13","XR":"13","XW":"13"}},"7P":{"V4":{"MV":"13","JV":"13","PV":"13","MR":"13","JR":"13","PW":"13","MW":"13"},"QX":{"42":"13","52":"13","53":"13"},"QW":{"4X":"13","5X":"13"}},"C3":{"R4":{"6G":"13","4J":"13","5J":"13","6H":"13","4H":"13","7M":"13","59":"13","6M":"13","5M":"13","5H":"13","5G":"13","7H":"13","5P":"13","3F":"13","4C":"13","4G":"13","3C":"13","7P":"13","5F":"13","5C":"13","3G":"13","6F":"13","7R":"13","6P":"13","8M":"13","6J":"13","7J":"13","8Q":"13","7Q":"13","6Q":"13","4F":"13","8P":"13"}},"44":{"RG":{"6H":"13","6J":"13","7J":"13"},"3X":{"9Q":"13"}},"3C":{"XM":{"32":"13","42":"13","33":"13"},"XJ":{"3X":"13"}},"43":{"83":{"7G":"13","9C":"13","6G":"13","6C":"13","4J":"13","5J":"13","6H":"13","C9":"13","5H":"13","5G":"13","5M":"13","F9":"13","C8":"13","7F":"13","98":"13","8C":"13","CC":"13","99":"13","4M":"13","89":"13","6F":"13","79":"13","6J":"13","88":"13","7C":"13"}},"4Q":{"CQ":{"69":"13","77":"13","79":"13","68":"13","78":"13"},"6C":{"Q3":"13"},"4J":{"7H":"13","5M":"13","6M":"13","6H":"13","6J":"13","7J":"13"},"CM":{"77":"13","78":"13"},"5J":{"3W":"13"},"5M":{"29":"13","2C":"13","2F":"13","3G":"13","2G":"13","3F":"13"},"VR":{"58":"13"},"49":{"79":"13","7C":"13"},"VX":{"26":"13","36":"13","25":"13","35":"13"},"4M":{"WG":"13","XC":"13","X9":"13","W9":"13","VF":"13","XG":"13","XF":"13","WC":"13","WF":"13"},"7V":{"9J":"13","9H":"13"},"MH":{"Q3":"13","R3":"13","P5":"13","Q4":"13","Q5":"13","R4":"13","P4":"13"},"7Q":{"Q9":"13"},"8P":{"F7":"13"}},"38":{"4X":{"JH":"13"},"VW":{"MH":"13","MG":"13"},"RQ":{"V3":"13","GG":"13","GF":"13","FF":"13"}},"GP":{"RV":{"XP":"13","26":"13","25":"13","23":"13","XM":"13","24":"13","XJ":"13","WM":"13"},"VV":{"2P":"13","2M":"13"},"QR":{"XP":"13","XQ":"13"},"RR":{"R8":"13","Q8":"13","QR":"13","R7":"13","P7":"13","2P":"13","P8":"13","PV":"13","Q7":"13","PR":"13","QV":"13"},"JC":{"XG":"13","XF":"13","XH":"13"},"VW":{"45":"13","35":"13"},"QW":{"QJ":"13","QM":"13","MJ":"13","MM":"13","PJ":"13","JM":"13","JJ":"13","PM":"13","PH":"13","MH":"13","JH":"13"},"QQ":{"P5":"13","M5":"13","M6":"13","P7":"13","P8":"13","P6":"13","M7":"13"},"MC":{"2F":"13","2G":"13","2H":"13"},"QV":{"X6":"13","W5":"13","X5":"13","X4":"13","W7":"13","X3":"13","X7":"13","W6":"13"}},"XJ":{"HG":{"JH":"13","JJ":"13"},"VQ":{"88":"13","79":"13","78":"13"},"P3":{"34":"13","44":"13","43":"13","33":"13"}},"23":{"8G":{"CC":"13","FC":"13","C9":"13","F9":"13"},"3X":{"24":"13"}},"32":{"97":{"23":"13","22":"13"},"87":{"W4":"13","W5":"13","X5":"13","X4":"13","X2":"13","X3":"13"}},"8P":{"P5":{"4X":"13","5X":"13"},"HF":{"XM":"13","XH":"13","XJ":"13"},"JF":{"2J":"13","2H":"13","2M":"13"},"P6":{"42":"13","52":"13"},"P3":{"5Q":"13","6Q":"13","4Q":"13","5M":"13","5P":"13","6M":"13","6P":"13","4P":"13"},"28":{"GX":"13","GW":"13"},"27":{"HW":"13","JW":"13","HX":"13","JX":"13"}},"C4":{"H8":{"R3":"13","Q3":"13","W4":"13","V3":"13","W5":"13","R5":"13","V4":"13","W3":"13","R2":"13","X2":"13","R4":"13","V5":"13"},"H7":{"XV":"13","XX":"13","XW":"13"},"2C":{"M7":"13","M8":"13","P8":"13","QF":"13","RC":"13","QC":"13","M9":"13","QG":"13","RF":"13","P9":"13","PC":"13","Q9":"13"},"4J":{"WR":"13"},"5J":{"FH":"13","FG":"13","CH":"13","CG":"13"},"3M":{"GP":"13","FR":"13","HP":"13","FM":"13","CQ":"13","CM":"13","7M":"13","FQ":"13","HR":"13","CP":"13","8R":"13","6M":"13","FP":"13","9M":"13","8J":"13","9R":"13","JP":"13","CH":"13","GR":"13","GQ":"13","9Q":"13","7P":"13","JQ":"13","6P":"13","9J":"13","HQ":"13","9P":"13","8M":"13","CJ":"13","CR":"13","8Q":"13","7Q":"13","8P":"13"},"J7":{"2X":"13"},"3H":{"RH":"13","VJ":"13","RG":"13","VG":"13","VM":"13","WJ":"13","WM":"13","WP":"13","VH":"13"},"J8":{"34":"13","36":"13","32":"13","25":"13","23":"13","35":"13","33":"13","22":"13"},"5H":{"97":"13"},"5P":{"F2":"13","F3":"13","F5":"13","C2":"13","82":"13","93":"13","92":"13","F4":"13","C3":"13","C4":"13"},"4M":{"R5":"13","V4":"13","QX":"13","R6":"13","QW":"13","V5":"13","QV":"13"},"3G":{"8V":"13","8X":"13","PW":"13","FQ":"13","MQ":"13","WJ":"13","GR":"13","R9":"13","RG":"13","QC":"13","JJ":"13","RC":"13","XH":"13","HJ":"13","XG":"13","7W":"13","V9":"13","GV":"13","MR":"13","VG":"13","GW":"13","Q9":"13","FV":"13","JH":"13","JQ":"13","R8":"13","7X":"13","WC":"13","7V":"13","PR":"13","HH":"13","HP":"13","GQ":"13","WH":"13","RF":"13","FR":"13","7R":"13","MP":"13","VH":"13","HM":"13","WG":"13","MM":"13","VC":"13","8W":"13","WF":"13","JM":"13","PX":"13","8R":"13","MV":"13","VF":"13","PV":"13","JP":"13","XF":"13","V8":"13"},"C4":{"MV":"13","MX":"13","PV":"13","PW":"13","MW":"13"},"JC":{"C6":"13","G7":"13","F7":"13","C7":"13","F6":"13","C5":"13","G6":"13"}},"22":{"27":{"32":"13","27":"13"}},"HX":{"H8":{"FH":"13","CH":"13"}},"25":{"3Q":{"29":"13","2C":"13"},"FH":{"WV":"13","WX":"13","WW":"13"},"FW":{"8M":"13","7M":"13","8P":"13"},"2Q":{"X9":"13","XC":"13","X8":"13"},"33":{"JP":"13","HQ":"13","HP":"13","JQ":"13","JR":"13","HR":"13","HV":"13"}},"GM":{"29":{"Q3":"13","7W":"13","6W":"13","P4":"13","F7":"13","RX":"13","Q4":"13","VW":"13","8W":"13","6V":"13","WX":"13","XM":"13","6X":"13","M4":"13","8Q":"13","7R":"13","8X":"13","8R":"13","WW":"13","P2":"13","G6":"13","7V":"13","H7":"13","5W":"13","H6":"13","R4":"13","G7":"13","M3":"13","R5":"13","8V":"13","VX":"13","F6":"13","M2":"13","P3":"13","5X":"13","RW":"13","R3":"13","7X":"13"},"39":{"3P":"13","2P":"13","3M":"13","2M":"13"},"2C":{"62":"13","V2":"13","X7":"13","W6":"13","X6":"13","R2":"13","52":"13","V7":"13","W7":"13","V6":"13"},"Q6":{"58":"13","7W":"13","6W":"13","4W":"13","3X":"13","5G":"13","5Q":"13","4G":"13","3V":"13","6V":"13","6M":"13","4H":"13","6J":"13","2X":"13","6H":"13","6R":"13","5P":"13","3R":"13","6P":"13","2R":"13","5H":"13","5R":"13","7R":"13","5M":"13","4P":"13","5J":"13","7V":"13","2W":"13","5W":"13","59":"13","5V":"13","5F":"13","4M":"13","5C":"13","2V":"13","3Q":"13","3W":"13","4X":"13","4V":"13","3M":"13","4J":"13","4R":"13","6G":"13","4Q":"13","6Q":"13","3P":"13"},"3C":{"26":"13","36":"13","38":"13","37":"13","47":"13","48":"13","28":"13","27":"13"},"Q7":{"32":"13","42":"13"},"28":{"8V":"13","G8":"13","86":"13","H8":"13","H7":"13","G6":"13","5F":"13","C5":"13","H6":"13","J7":"13","3F":"13","7W":"13","MX":"13","5G":"13","65":"13","4G":"13","F7":"13","7C":"13","4C":"13","85":"13","6X":"13","6G":"13","95":"13","7X":"13","J6":"13","96":"13","7V":"13","76":"13","79":"13","5C":"13","64":"13","F6":"13","6C":"13","F8":"13","G7":"13","8W":"13","3G":"13","54":"13","4F":"13","87":"13","PX":"13","6W":"13","7F":"13","6F":"13","69":"13","55":"13"}},"8X":{"MH":{"MF":"13","VG":"13","Q5":"13","RJ":"13","X9":"13"},"P4":{"7F":"13","7G":"13"},"RH":{"JF":"13","JG":"13"},"WF":{"M9":"13"},"X8":{"QM":"13","QP":"13","RP":"13","RM":"13"},"HF":{"5P":"13"},"V8":{"29":"13","39":"13","38":"13","28":"13"},"M7":{"2C":"13","2F":"13"},"V9":{"3G":"13","2G":"13"},"R7":{"Q3":"13","J3":"13","Q2":"13","J2":"13","P3":"13","P2":"13"},"JF":{"QR":"13","QQ":"13"},"VF":{"MX":"13"},"P2":{"65":"13","4G":"13","64":"13"},"PG":{"W2":"13","V2":"13"},"HG":{"88":"13","CJ":"13","98":"13","FH":"13","FG":"13","89":"13","CH":"13","9J":"13","CG":"13","9H":"13"},"VG":{"M2":"13","F4":"13"},"X9":{"QP":"13","RP":"13","CV":"13"},"W9":{"HH":"13"},"XC":{"65":"13"},"PC":{"PV":"13"},"QC":{"W2":"13","X2":"13"},"J7":{"XF":"13","X9":"13","W9":"13","XC":"13"},"FJ":{"G3":"13","F3":"13"},"PH":{"29":"13","37":"13","76":"13","66":"13","47":"13","52":"13","53":"13"},"3M":{"RF":"13","QF":"13","RC":"13","QC":"13"},"G5":{"QJ":"13","QH":"13","MJ":"13","MM":"13","PJ":"13","JM":"13","JJ":"13","PM":"13","PH":"13","MH":"13"},"PF":{"34":"13","46":"13","55":"13","45":"13","56":"13","35":"13"},"R8":{"X6":"13","W5":"13","X5":"13","W6":"13"},"R3":{"2M":"13"},"MF":{"43":"13"}},"JW":{"XX":{"CW":"13","9X":"13","9W":"13","FW":"13","FX":"13","CX":"13"},"9X":{"4F":"13"},"WX":{"QF":"13","PG":"13","PC":"13","PF":"13"},"8R":{"5C":"13","4F":"13","4C":"13","5F":"13"}},"28":{"36":{"46":"13","66":"13","55":"13","45":"13","56":"13"}},"3R":{"WV":{"M9":"13","J9":"13"},"9X":{"XF":"13"},"PR":{"G7":"13","F7":"13","F6":"13"},"CX":{"2F":"13"}},"3J":{"X4":{"XR":"13"},"35":{"QJ":"13","4J":"13","QM":"13","3J":"13","RJ":"13","3M":"13","4M":"13"}},"35":{"2J":{"89":"13","8C":"13"}},"67":{"JP":{"3P":"13","2P":"13","5P":"13","2Q":"13","2M":"13","4P":"13"},"HW":{"M5":"13","G2":"13","J5":"13"},"HQ":{"9F":"13","8G":"13","8F":"13","9G":"13"},"HP":{"V7":"13","R7":"13","R6":"13","V6":"13"},"V4":{"6V":"13","7V":"13","7R":"13"},"P8":{"JH":"13","JJ":"13"},"55":{"Q6":"13","P4":"13","P9":"13","M8":"13","Q4":"13","R6":"13","Q7":"13","V8":"13","P5":"13","M7":"13","M4":"13","V9":"13","R7":"13","W8":"13","P6":"13","P2":"13","Q8":"13","R9":"13","W9":"13","M6":"13","M5":"13","VC":"13","Q5":"13","P8":"13","V7":"13","Q9":"13","V6":"13","QC":"13","M3":"13","R5":"13","RC":"13","M2":"13","P3":"13","WC":"13","P7":"13","R8":"13"}},"5F":{"VW":{"V4":"13"}},"XR":{"WR":{"MF":"13","JF":"13","JC":"13","PC":"13","MC":"13","PF":"13"}},"5W":{"R8":{"JP":"13","MP":"13","MQ":"13","JQ":"13"},"V7":{"9Q":"13","CP":"13","9P":"13"},"MX":{"2J":"13","2H":"13"},"RF":{"75":"13","65":"13","74":"13","64":"13","79":"13","78":"13"},"QF":{"F3":"13","F4":"13","C3":"13","C4":"13"},"QG":{"G3":"13","H2":"13","H3":"13"},"H5":{"36":"13","29":"13","39":"13","38":"13","37":"13","CC":"13","99":"13","47":"13","C9":"13","C8":"13","48":"13","28":"13","27":"13"},"38":{"Q2":"13","P2":"13"},"RG":{"57":"13","67":"13"},"V4":{"FQ":"13"},"XF":{"6H":"13","6G":"13"},"X4":{"XP":"13","4F":"13","3G":"13","4G":"13","2G":"13","3F":"13"},"PH":{"FV":"13","FR":"13"},"P7":{"VW":"13","WX":"13","WW":"13","VX":"13"},"HX":{"VC":"13","WC":"13","W9":"13","V9":"13"},"PC":{"GP":"13","FQ":"13","GQ":"13","FP":"13"},"WC":{"M2":"13","P2":"13"},"W9":{"26":"13","36":"13","37":"13","25":"13","35":"13","27":"13"},"V6":{"C5":"13","C3":"13","94":"13","97":"13","95":"13","C4":"13","F3":"13","96":"13"},"V8":{"83":"13","82":"13"},"Q9":{"3J":"13","2J":"13","3M":"13","2M":"13"},"V5":{"CG":"13","9G":"13","CF":"13"}},"XX":{"5Q":{"QX":"13","RX":"13"},"5R":{"R3":"13","Q3":"13","Q2":"13","R2":"13"},"9G":{"H5":"13","H4":"13","G4":"13","G5":"13","G6":"13","H6":"13"}},"9G":{"F6":{"WV":"13","WW":"13"}},"4R":{"V4":{"RV":"13","QR":"13","RR":"13"},"JW":{"4J":"13","3J":"13","3G":"13","4G":"13","4H":"13","3H":"13"},"JX":{"6V":"13","5W":"13","6W":"13","5V":"13"},"JQ":{"6X":"13","5X":"13"},"JR":{"52":"13","62":"13"},"2V":{"R8":"13","V7":"13","R7":"13","V8":"13"},"VC":{"V2":"13"}},"CQ":{"Q4":{"8M":"13","7M":"13","7P":"13","8P":"13"},"HF":{"X6":"13","W2":"13","X5":"13","X2":"13","V2":"13"},"JV":{"V8":"13","V9":"13"},"JF":{"QW":"13","33":"13","34":"13","25":"13","QV":"13","RV":"13","QX":"13","QR":"13","26":"13","RX":"13","RW":"13"},"VF":{"32":"13","23":"13","33":"13","22":"13"},"JC":{"HF":"13","HC":"13","FG":"13","HG":"13","FF":"13"},"HC":{"MG":"13","MP":"13","HP":"13","MR":"13","WW":"13","XW":"13","XX":"13","MF":"13","HR":"13","MM":"13","VW":"13","PQ":"13","JM":"13","HM":"13","JP":"13","WX":"13","MQ":"13","VX":"13","JF":"13","JQ":"13","MH":"13","JG":"13","JH":"13","HQ":"13","JR":"13"},"W7":{"R8":"13","V7":"13","R7":"13","W7":"13","R6":"13","W8":"13","V6":"13","V8":"13"},"MP":{"99":"13","9C":"13"},"XC":{"CJ":"13","CH":"13"},"MC":{"7H":"13","6H":"13","6G":"13","7J":"13","7G":"13"},"PF":{"HJ":"13","HH":"13","GM":"13","GJ":"13","HM":"13"}},"7Q":{"Q4":{"63":"13","42":"13","43":"13","53":"13"}},"4G":{"PJ":{"76":"13","66":"13","77":"13","67":"13"},"MM":{"34":"13","24":"13","35":"13"},"WC":{"R3":"13","Q3":"13","Q4":"13","V3":"13","V4":"13","R4":"13","V5":"13"}},"84":{"F3":{"JV":"13","HW":"13","JW":"13","HV":"13"},"9R":{"5Q":"13","5R":"13","4Q":"13","5P":"13","4P":"13"},"9V":{"9Q":"13","9M":"13","FP":"13","9P":"13","CH":"13","9J":"13","9H":"13","9G":"13","GJ":"13","CP":"13","FH":"13","FM":"13","CJ":"13","FJ":"13","GM":"13","8P":"13","CM":"13","CQ":"13"},"HR":{"VH":"13"},"CF":{"X6":"13","W5":"13","X5":"13","W7":"13","X7":"13","W6":"13"}},"FH":{"V7":{"J3":"13","H5":"13","H4":"13","H3":"13","J4":"13","J5":"13"}},"MR":{"W5":{"58":"13","47":"13","VM":"13","XQ":"13","VR":"13","WR":"13","57":"13","XM":"13","RM":"13","WV":"13","VP":"13","RP":"13","WQ":"13","WM":"13","XP":"13","49":"13","WP":"13","48":"13","VQ":"13","XR":"13"},"X5":{"2P":"13","2Q":"13"}},"GF":{"PW":{"2C":"13","4F":"13","2F":"13","5G":"13","3G":"13","4G":"13","4C":"13","3C":"13","3F":"13","5F":"13"},"7X":{"GM":"13","GP":"13","GX":"13","HX":"13","9X":"13","8X":"13","FR":"13","FM":"13","CQ":"13","FX":"13","CV":"13","FQ":"13","HR":"13","GV":"13","CP":"13","CW":"13","FP":"13","9R":"13","FV":"13","GR":"13","GQ":"13","HV":"13","9V":"13","GW":"13","FW":"13","CR":"13","HW":"13","9W":"13","CX":"13"},"MW":{"XF":"13","XC":"13"}},"3X":{"QW":{"58":"13","48":"13"},"CF":{"M2":"13","P2":"13"},"XW":{"M9":"13","M8":"13","P9":"13","P8":"13"},"MJ":{"GW":"13","GV":"13"},"W6":{"G7":"13","H7":"13","H6":"13","G6":"13"},"RQ":{"4X":"13","3X":"13"},"QV":{"V7":"13","W7":"13","V6":"13","W6":"13"},"RR":{"32":"13","42":"13","43":"13","33":"13"},"VX":{"5C":"13","59":"13","49":"13","4C":"13"},"CC":{"MV":"13","MX":"13","JV":"13","PX":"13","MW":"13"},"P9":{"QR":"13","RQ":"13","PQ":"13","QQ":"13"},"PW":{"65":"13","66":"13","55":"13","56":"13"},"X3":{"99":"13","9C":"13"},"MX":{"JF":"13"},"8Q":{"MG":"13","PG":"13","MF":"13","PF":"13","JF":"13","PH":"13","JG":"13","MH":"13","JH":"13"}},"9J":{"RH":{"VV":"13","WV":"13","VW":"13","WW":"13"},"VJ":{"X6":"13","W5":"13","X5":"13","X4":"13","X7":"13","X8":"13","W6":"13"},"QH":{"5Q":"13","6Q":"13","5R":"13","6V":"13","5P":"13","6R":"13","5V":"13"},"XH":{"4J":"13","3J":"13","3G":"13","2J":"13","2G":"13","4H":"13","2H":"13","3H":"13"},"PC":{"H8":"13","G6":"13","QW":"13","F7":"13","H7":"13","H9":"13","G9":"13","G5":"13","F6":"13","F8":"13","H6":"13","F9":"13","H5":"13","QX":"13","G8":"13","PW":"13","G7":"13","PX":"13","RX":"13","RW":"13"},"WJ":{"26":"13","25":"13","24":"13","27":"13"},"PF":{"Q2":"13"}},"99":{"RC":{"54":"13","58":"13","44":"13","65":"13","46":"13","66":"13","64":"13","55":"13","47":"13","45":"13","57":"13","56":"13"}},"5G":{"29":{"FR":"13","FQ":"13"}},"V8":{"WV":{"VQ":"13","WG":"13","XM":"13","WR":"13","XC":"13","WH":"13","VV":"13","WP":"13","WM":"13","XH":"13","XJ":"13","XG":"13","VW":"13","XF":"13","VR":"13","WQ":"13","VM":"13","VX":"13","WJ":"13","VJ":"13","VP":"13","WF":"13"},"XQ":{"86":"13","66":"13","38":"13","93":"13","C6":"13","84":"13","F4":"13","62":"13","92":"13","5F":"13","C5":"13","F3":"13","68":"13","73":"13","47":"13","5G":"13","65":"13","67":"13","4G":"13","48":"13","7C":"13","4C":"13","83":"13","98":"13","F2":"13","85":"13","C4":"13","97":"13","6G":"13","49":"13","95":"13","82":"13","94":"13","72":"13","96":"13","53":"13","C3":"13","76":"13","79":"13","77":"13","57":"13","C2":"13","58":"13","5C":"13","46":"13","64":"13","63":"13","6C":"13","8C":"13","39":"13","54":"13","4F":"13","74":"13","78":"13","87":"13","7G":"13","88":"13","59":"13","44":"13","89":"13","8F":"13","7F":"13","56":"13","75":"13","45":"13","6F":"13","69":"13","37":"13","55":"13"},"QM":{"X8":"13","W8":"13","X7":"13","V8":"13","W6":"13","V7":"13","W7":"13","V6":"13"},"WW":{"J9":"13"},"XX":{"39":"13","2H":"13","2C":"13","3H":"13","29":"13","3F":"13","4G":"13","3C":"13","2F":"13","3G":"13","2G":"13"},"XP":{"6X":"13","FV":"13","CW":"13","FR":"13","FQ":"13","9X":"13","9V":"13","9W":"13","FW":"13","FX":"13","GQ":"13","GW":"13","CV":"13","HR":"13","GR":"13","CX":"13","8X":"13","7X":"13","CR":"13","GV":"13","8W":"13"},"MW":{"M8":"13","J8":"13","M9":"13","J9":"13","MC":"13","HC":"13","P9":"13","JF":"13","JG":"13","JC":"13","HF":"13"},"WX":{"WG":"13","F7":"13","C6":"13","XC":"13","F6":"13","X9":"13","XH":"13","MF":"13","XG":"13","XF":"13","MC":"13","HC":"13","JF":"13","C7":"13","JC":"13","WF":"13","HF":"13"},"XV":{"2C":"13","2F":"13","2G":"13","2H":"13","3C":"13","3F":"13"}},"96":{"65":{"2C":"13","2F":"13"},"55":{"XF":"13","XC":"13"},"57":{"QR":"13"}},"88":{"VF":{"CJ":"13","9J":"13"},"25":{"MF":"13","PC":"13","PF":"13"},"R9":{"FG":"13","CH":"13","CG":"13"},"VC":{"6Q":"13","7P":"13","FH":"13","6R":"13","FW":"13"},"33":{"9X":"13","8X":"13"}},"5Q":{"VQ":{"HQ":"13","JQ":"13","JR":"13"}},"79":{"PM":{"7M":"13","5J":"13","5M":"13","6M":"13","6H":"13","6J":"13","7J":"13"},"PG":{"CV":"13","46":"13","CW":"13","45":"13","56":"13","36":"13","9V":"13","55":"13","9W":"13"}},"GX":{"2Q":{"XF":"13","XH":"13"}},"W8":{"77":{"3J":"13","3G":"13","2J":"13","2G":"13","3M":"13","2H":"13","3H":"13","2M":"13"}},"CJ":{"9P":{"H8":"5","G8":"5","G7":"5","H7":"5"}},"3P":{"22":{"H8":"13","H7":"13","H9":"13","G9":"13","J8":"13","J9":"13","F9":"13","G8":"13","G7":"13"}},"6R":{"Q3":{"PM":"13","PP":"13"},"Q4":{"HH":"13","HJ":"13","PV":"13","QV":"13","JM":"13","HM":"13","JJ":"13","PR":"13","QR":"13"},"2R":{"83":"13","84":"13","93":"13","C3":"13","C4":"13","94":"13"},"2Q":{"5J":"13","5M":"13","6M":"13","6J":"13"}},"8Q":{"36":{"97":"13"},"RP":{"JM":"13","HM":"13"}},"4F":{"R9":{"R9":"13","VC":"13","RC":"13","V9":"13"}},"6J":{"P8":{"V7":"13","V3":"13","W5":"13","7P":"13","R5":"13","V4":"13","R7":"13","R6":"13","R4":"13","6P":"13","V6":"13","W6":"13","V5":"13"},"PF":{"CJ":"13","FH":"13","CM":"13","CH":"13","FJ":"13","FM":"13"},"QC":{"FG":"13","89":"13","CG":"13","FF":"13","CF":"13"},"PJ":{"C2":"13"},"MC":{"XG":"13","XF":"13","WF":"13","WG":"13","XC":"13"},"PR":{"R3":"13","V3":"13","V4":"13","V2":"13","V5":"13"},"PC":{"2F":"13","2G":"13"},"HF":{"88":"13","86":"13","87":"13","77":"13","78":"13"}},"39":{"5G":{"7Q":"13","6Q":"13","6P":"13"},"9P":{"P5":"13","M5":"13","P4":"13","M4":"13","M3":"13","P3":"13"}},"3W":{"34":{"G3":"13","F3":"13","G4":"13","F4":"13"},"Q3":{"98":"13","97":"13","87":"13"},"G2":{"5J":"13","6J":"13","5H":"13"},"MH":{"HP":"13","JQ":"13","JR":"13","HR":"13"},"XF":{"G3":"13","G2":"13"},"GG":{"XP":"13","XM":"13"},"VW":{"CQ":"13","CR":"13"},"XQ":{"Q8":"13","P8":"13","XW":"13","WW":"13","XX":"13","R8":"13","WX":"13","Q7":"13","R7":"13","Q9":"13","P7":"13"},"V8":{"R9":"13","V8":"13","V9":"13"},"35":{"XG":"13"},"42":{"G8":"13"},"XV":{"GM":"13","GP":"13","FM":"13","FJ":"13","FQ":"13","FP":"13","GQ":"13","GH":"13","GJ":"13"},"M4":{"Q5":"13","R5":"13"},"VP":{"MP":"13","QM":"13","QQ":"13","MM":"13","PQ":"13","QP":"13","PM":"13","PP":"13"},"5H":{"GP":"13","HP":"13","GM":"13","HM":"13"},"8C":{"67":"13","68":"13","78":"13"},"45":{"2G":"13","2H":"13"},"79":{"5Q":"13","6Q":"13","5P":"13","6P":"13"},"QG":{"7Q":"13","6Q":"13"},"PG":{"HG":"13","GP":"13","FF":"13","FG":"13","FM":"13","HP":"13","FP":"13","GG":"13","GQ":"13","GF":"13","HQ":"13","FH":"13"},"HG":{"3P":"13","2P":"13","2M":"13"},"FH":{"HC":"13","GC":"13"},"FG":{"PC":"13","QC":"13"},"V6":{"8X":"13"},"XX":{"8M":"13","7H":"13","8H":"13","9J":"13","9M":"13","7J":"13","9H":"13","8J":"13","7G":"13"},"M3":{"VG":"13","WG":"13","VH":"13"},"FF":{"QJ":"13"},"WP":{"G6":"13","H9":"13","Q8":"13","G5":"13","M8":"13","P8":"13","F6":"13","J8":"13","H6":"13","J9":"13","Q7":"13","HC":"13","H5":"13","JF":"13","F5":"13","JC":"13","P7":"13","HF":"13"},"GF":{"4V":"13"},"69":{"XP":"13","WM":"13","WP":"13"}},"Q3":{"5C":{"J9":"13"}},"C5":{"XJ":{"H5":"13","H4":"13","G4":"13","G5":"13"}},"4W":{"77":{"MV":"13","MX":"13","PV":"13","MR":"13","PW":"13","MW":"13"},"6G":{"VW":"13","VX":"13"},"3R":{"7X":"13"},"X7":{"PG":"13"},"X9":{"X5":"13"},"4Q":{"GX":"13","HX":"13"},"3W":{"H8":"13","G8":"13","G7":"13","H7":"13"},"4C":{"JP":"13","MM":"13","MP":"13","JM":"13"},"66":{"QF":"13","QG":"13","PG":"13","PF":"13"},"9R":{"XP":"13","XM":"13","XJ":"13","WM":"13","WP":"13"},"2X":{"W4":"13","W5":"13","X5":"13","X4":"13"},"4R":{"H2":"13","2R":"13","G2":"13"},"4W":{"RH":"13","RF":"13","QF":"13","QG":"13","RG":"13","VG":"13","QH":"13","RJ":"13","VH":"13"},"MH":{"JP":"13","HJ":"13","HP":"13","JJ":"13","JM":"13","HM":"13"},"CR":{"3Q":"13","4Q":"13","2P":"13","2M":"13"},"4X":{"CW":"13","9X":"13","9W":"13","9V":"13","8V":"13","CX":"13","8W":"13"},"6Q":{"CV":"13"}},"5M":{"Q8":{"89":"13","79":"13","8C":"13","78":"13","7C":"13"},"M8":{"R5":"13","V7":"13","Q7":"13","R6":"13","R7":"13","Q6":"13","Q5":"13","V6":"13"},"6H":{"2R":"13"},"93":{"7W":"13","7X":"13"}},"FJ":{"6Q":{"G8":"13","H8":"13","MH":"13","J9":"13","H7":"13","HF":"13","PH":"13","H9":"13","P6":"13","QH":"13","G9":"13","QC":"13","QF":"13","J7":"13","QG":"13","FC":"13","M6":"13","JG":"13","F7":"13","HG":"13","HC":"13","MC":"13","MG":"13","JC":"13","GC":"13","PF":"13","C9":"13","GF":"13","P7":"13","PG":"13","P8":"13","P9":"13","F8":"13","M8":"13","G7":"13","F9":"13","C7":"13","PC":"13","J8":"13","C8":"13","M9":"13","M7":"13","JF":"13","FF":"13","MF":"13"}},"2V":{"WQ":{"2W":"13","2R":"13","2Q":"13","2V":"13"},"VQ":{"XV":"13","VV":"13","WV":"13","XQ":"13","XR":"13","WW":"13","XW":"13"}},"C2":{"W7":{"FJ":"13","FQ":"13","MQ":"13","HF":"13","GR":"13","H9":"13","GM":"13","JJ":"13","HJ":"13","CP":"13","GJ":"13","FC":"13","JR":"13","CM":"13","JG":"13","GV":"13","MR":"13","GW":"13","GH":"13","FG":"13","FV":"13","CG":"13","HG":"13","9F":"13","JH":"13","HC":"13","FP":"13","JQ":"13","8H":"13","HR":"13","HX":"13","GC":"13","HH":"13","GF":"13","HP":"13","CJ":"13","9M":"13","GQ":"13","GP":"13","GG":"13","FR":"13","9J":"13","HV":"13","CH":"13","FH":"13","MP":"13","FM":"13","HM":"13","JV":"13","MM":"13","CQ":"13","JM":"13","9H":"13","9G":"13","HQ":"13","FF":"13","CF":"13","HW":"13","JP":"13","8J":"13","8G":"13"}},"2R":{"R8":{"MX":"13","JX":"13","PX":"13","MW":"13"},"32":{"V7":"13","W7":"13","X9":"13","W8":"13","WC":"13","W9":"13","XC":"13","V8":"13","X8":"13"},"R9":{"M2":"13"},"52":{"72":"13","62":"13"}},"3Q":{"XV":{"98":"13","97":"13","C7":"13","C8":"13"},"52":{"H5":"13","G5":"13","H6":"13","G6":"13"},"53":{"99":"13","C9":"13"}},"8V":{"M7":{"55":"13"},"3R":{"Q5":"13","Q6":"13"},"P5":{"76":"13","77":"13"},"M4":{"XV":"13","88":"13","98":"13","XX":"13","5M":"13","5P":"13","89":"13","3M":"13","4M":"13","WX":"13","WW":"13","XW":"13","4P":"13"},"H2":{"F2":"13","H2":"13","G2":"13"},"M3":{"CJ":"13","CH":"13","9J":"13","9H":"13"},"F4":{"26":"13","28":"13","27":"13"},"X9":{"MP":"13"},"QF":{"5Q":"13","4Q":"13","5P":"13","4P":"13"},"F2":{"3Q":"13","3P":"13","2P":"13","3M":"13","2Q":"13"},"H4":{"34":"13","23":"13","24":"13","35":"13","43":"13","33":"13"},"J6":{"4J":"13","4F":"13","5J":"13","5G":"13","3G":"13","4G":"13","4H":"13","5H":"13","3F":"13"},"P4":{"2W":"13","2X":"13"},"64":{"29":"13","39":"13","38":"13","49":"13","47":"13","48":"13"},"42":{"HG":"13","HH":"13","FG":"13","GG":"13","HC":"13","JF":"13","GF":"13","GH":"13","JG":"13","JH":"13","HF":"13"},"C4":{"X6":"13","W7":"13","X7":"13","X9":"13","W8":"13","W9":"13","X8":"13"},"VP":{"GP":"13","HQ":"13","HP":"13","GQ":"13"}},"49":{"XM":{"MX":"13","JW":"13","JX":"13","MW":"13"},"4C":{"37":"13","28":"13","27":"13"}},"7G":{"64":{"4J":"13","4M":"13"}},"92":{"XW":{"7H":"13","8H":"13","7J":"13","8J":"13"}},"HQ":{"JP":{"HJ":"13","HP":"13","GM":"13","GJ":"13","HM":"13"}},"CF":{"7Q":{"C6":"13","F5":"13","F6":"13","C5":"13"}},"XV":{"HH":{"26":"13","25":"13","27":"13"},"J8":{"XP":"13","XQ":"13","WP":"13"},"P7":{"M9":"13","J9":"13"},"M9":{"63":"13","83":"13","73":"13","84":"13","85":"13","75":"13","65":"13","72":"13","74":"13","82":"13","64":"13","62":"13"},"PV":{"3Q":"13","3P":"13"},"GH":{"X6":"13","X5":"13","X7":"13"},"HR":{"MV":"13","MW":"13"}},"C7":{"CW":{"FJ":"13","9P":"13","G8":"13","8P":"13","FQ":"13","G6":"13","HF":"13","GR":"13","GM":"13","G9":"13","CX":"13","HJ":"13","FX":"13","CP":"13","GJ":"13","FC":"13","CM":"13","JG":"13","GV":"13","F7":"13","GW":"13","FW":"13","GH":"13","CW":"13","FG":"13","FV":"13","CG":"13","HG":"13","9F":"13","JH":"13","FP":"13","CV":"13","8H":"13","HR":"13","HX":"13","GC":"13","GX":"13","HH":"13","GF":"13","HP":"13","CJ":"13","9M":"13","GQ":"13","GP":"13","GG":"13","FR":"13","9J":"13","9X":"13","CH":"13","FH":"13","F6":"13","FM":"13","CR":"13","HM":"13","CQ":"13","F8":"13","G7":"13","F9":"13","8M":"13","9H":"13","9G":"13","HQ":"13","JF":"13","FF":"13","CF":"13","HW":"13","CC":"13","8J":"13"},"3V":{"58":"13","84":"13","83":"13","74":"13","5G":"13","C3":"13","72":"13","4G":"13","85":"13","7F":"13","C2":"13","88":"13","92":"13","57":"13","C4":"13","86":"13","87":"13","8C":"13","78":"13","7C":"13","79":"13","59":"13","77":"13","94":"13","93":"13","7G":"13","5F":"13","89":"13","82":"13","75":"13","5C":"13","68":"13","4F":"13","6C":"13","6F":"13","67":"13","69":"13","66":"13","76":"13"},"9X":{"V4":"13","Q4":"13","V2":"13","R4":"13","W2":"13","R5":"13","V3":"13","R2":"13","Q2":"13","Q5":"13","Q3":"13","R3":"13"},"9W":{"WV":"13","QW":"13","WR":"13","VV":"13","XW":"13","WW":"13","QV":"13","VW":"13","VR":"13","WX":"13","RR":"13","XR":"13","VX":"13","RV":"13","QX":"13","QR":"13","XV":"13","RX":"13","RW":"13"},"VM":{"G8":"13","H8":"13","J9":"13","H7":"13","H9":"13","P6":"13","G9":"13","Q7":"13","J7":"13","FC":"13","M6":"13","9C":"13","FG":"13","CG":"13","98":"13","9F":"13","HC":"13","GC":"13","Q6":"13","C9":"13","P7":"13","P8":"13","P9":"13","F8":"13","M8":"13","8C":"13","G7":"13","F9":"13","J8":"13","C8":"13","M9":"13","M7":"13","9G":"13","FF":"13","88":"13","CF":"13","89":"13","CC":"13","99":"13"},"FX":{"MX":"13","4W":"13","3X":"13","PV":"13","5Q":"13","3V":"13","PR":"13","2X":"13","HR":"13","GV":"13","5P":"13","3R":"13","2R":"13","5R":"13","MW":"13","2H":"13","GR":"13","GW":"13","5M":"13","4P":"13","2M":"13","5J":"13","PW":"13","2W":"13","2Q":"13","JX":"13","MV":"13","HX":"13","JW":"13","5V":"13","JV":"13","4M":"13","3H":"13","3J":"13","HV":"13","2V":"13","3Q":"13","3W":"13","FV":"13","GX":"13","QX":"13","JR":"13","4X":"13","4V":"13","PX":"13","3M":"13","FR":"13","4J":"13","4R":"13","2J":"13","HW":"13","4Q":"13","MR":"13","FW":"13","3P":"13","2P":"13"},"CX":{"G2":"13","83":"13","RX":"13","C3":"13","H2":"13","VW":"13","XQ":"13","XH":"13","C2":"13","WR":"13","WX":"13","92":"13","XV":"13","XM":"13","XJ":"13","WV":"13","VV":"13","WW":"13","WQ":"13","J3":"13","F2":"13","93":"13","XP":"13","F3":"13","XX":"13","M3":"13","J2":"13","XW":"13","VX":"13","XR":"13"},"3R":{"8V":"13","9X":"13","8X":"13","8W":"13","8R":"13","CW":"13","9R":"13","7W":"13","9V":"13","7X":"13","9W":"13","CX":"13"}},"7V":{"GP":{"QM":"13","QP":"13","RM":"13"},"VR":{"Q5":"13","R5":"13","Q6":"13","R7":"13","R6":"13","Q7":"13"},"R7":{"QM":"13","PM":"13","PP":"13","QP":"13"},"C2":{"P5":"13","M5":"13","P4":"13","M4":"13"},"V8":{"83":"13","82":"13","93":"13","92":"13"},"GR":{"97":"13"}},"6V":{"R8":{"V6":"13"},"M6":{"5C":"13","2C":"13","3C":"13","6C":"13"},"V9":{"93":"13","92":"13"}},"FV":{"75":{"6F":"13","54":"13","4F":"13","32":"13","23":"13","5G":"13","42":"13","24":"13","4G":"13","46":"13","6H":"13","55":"13","4H":"13","47":"13","45":"13","6G":"13","57":"13","56":"13","5H":"13","53":"13","5F":"13","48":"13","33":"13","22":"13"},"65":{"X2":"13","X3":"13"},"74":{"2W":"13","3X":"13","2X":"13","3W":"13"},"64":{"XX":"13"},"JX":{"6H":"13"},"WX":{"5P":"13"},"68":{"Q4":"13","P3":"13","M2":"13","P5":"13","M4":"13","M3":"13","J3":"13","P4":"13","P2":"13"},"28":{"G3":"13","H2":"13","H3":"13","J2":"13","G2":"13"},"27":{"GX":"13","HW":"13","HX":"13","FW":"13","FX":"13","GW":"13"}},"6Q":{"9J":{"F5":"13"},"GV":{"6R":"13"}},"MV":{"7G":{"CC":"13","GF":"13","FC":"13","FF":"13","GC":"13","CF":"13"}},"9F":{"4J":{"PV":"13"},"2R":{"55":"13","45":"13"}},"HC":{"8G":{"9F":"13","88":"13","8G":"13","99":"13","8F":"13","89":"13","87":"13","9C":"13","77":"13","8C":"13"},"8F":{"4P":"13","7M":"13","8R":"13","4Q":"13","6M":"13","5M":"13","4V":"13","5P":"13","5R":"13","6R":"13","7P":"13","4M":"13","6V":"13","4R":"13","5V":"13","7R":"13","6P":"13","8Q":"13","7Q":"13","6Q":"13","5Q":"13","8P":"13"}},"4P":{"42":{"5R":"13","6V":"13","6R":"13","5V":"13"},"XJ":{"5C":"13","5F":"13"},"33":{"XG":"13","WH":"13","WF":"13","XH":"13","WG":"13"},"QV":{"5W":"13","5X":"13"}},"GJ":{"Q3":{"H5":"13","G5":"13","J6":"13","J5":"13","H6":"13","G6":"13"}},"GV":{"5J":{"QW":"13","QJ":"13","QQ":"13","QV":"13","PJ":"13","QP":"13","QR":"13","PP":"13"},"5M":{"CW":"13","Q8":"13","W3":"13","XX":"13","Q6":"13","R7":"13","R6":"13","P9":"13","P8":"13","V2":"13","2M":"13","Q7":"13","CV":"13","PF":"13","Q9":"13"},"72":{"39":"13","58":"13","59":"13","48":"13","4C":"13","3C":"13","49":"13","5C":"13","38":"13"},"5P":{"P5":"13","R4":"13","M7":"13"},"4M":{"5Q":"13","5P":"13","6P":"13"},"4P":{"X5":"13"}},"WX":{"GP":{"MF":"13","JF":"13","M9":"13","P9":"13","PC":"13","MC":"13","PF":"13","MG":"13"}},"FQ":{"MX":{"R8":"13","FQ":"13","HW":"13","R9":"13","W8":"13","VC":"13","W9":"13","V8":"13","V9":"13"},"QX":{"F2":"13","C2":"13"},"99":{"F2":"3","G2":"3"},"QW":{"FX":"13","CX":"13"}},"8R":{"88":{"74":"13","64":"13"},"HW":{"GX":"13","FW":"13","FX":"13","GW":"13"},"JW":{"34":"13","4F":"13","23":"13","24":"13","4C":"13","5F":"13","33":"13"},"87":{"93":"13"},"HX":{"G2":"13","FX":"13","H2":"13","H4":"13","HR":"13","GV":"13","GW":"13","JF":"13","H3":"13","H5":"13","G4":"13","F2":"13","H6":"13","HX":"13","G3":"13","HC":"13","HV":"13","JC":"13","GX":"13","G5":"13","HW":"13"},"GQ":{"39":"13","2C":"13","29":"13","28":"13","48":"13","37":"13","3C":"13","38":"13"},"GR":{"MF":"13","JH":"13","JG":"13","MG":"13"},"8X":{"H5":"13","G7":"13","G5":"13","H7":"13","F7":"13","F6":"13","H6":"13","G6":"13"},"HV":{"69":"13","58":"13","59":"13","68":"13"}},"5R":{"XQ":{"HF":"13","GF":"13","HC":"13","GC":"13"},"6H":{"F2":"13","F3":"13","C2":"13","G2":"13","C3":"13"},"6G":{"FX":"13"}},"9Q":{"PQ":{"R3":"13","V3":"13","V4":"13","R4":"13"}},"7R":{"JX":{"8V":"3","FJ":"3","9P":"3|13","8P":"3","FQ":"3","8Q":"3","GR":"3","GM":"3","9V":"3","HJ":"3","CP":"3","GJ":"3","CM":"3","GV":"3","GW":"3","FW":"3","GH":"3","CW":"3","FG":"3","FV":"3","CG":"3","FP":"3","9W":"3","CV":"3","8H":"3","HH":"3","CJ":"3","9M":"3","GQ":"3","GP":"3","GG":"3","FR":"3","9J":"3","CH":"3","FH":"3","FM":"3","HM":"3","CR":"3","CQ":"3","9Q":"3","8M":"3","9R":"3","9H":"3","9G":"3","8R":"3","8J":"3","8G":"3"},"CX":{"9G":"13"}},"76":{"V4":{"QJ":"13","PJ":"13","QG":"13","QM":"13","PG":"13","QH":"13","PH":"13","PC":"13","MH":"13","PF":"13","MG":"13"},"FF":{"HW":"13","HV":"13"},"HH":{"GX":"13","7M":"13","6M":"13","HX":"13","FW":"13","FX":"13","GW":"13"},"G9":{"4J":"13","5J":"13","5M":"13","6J":"13","4M":"13","5H":"13"},"MG":{"MQ":"13"},"FG":{"V3":"13","V2":"13"},"9F":{"FG":"13","CG":"13"},"W5":{"XM":"13","2J":"13","R9":"13","3M":"13","2M":"13","WM":"13","RC":"13","QC":"13"},"HJ":{"F2":"13","G3":"13","H2":"13","H3":"13","G2":"13"},"2M":{"P4":"13","J5":"13","Q4":"13","H4":"13","P5":"13","M7":"13","M4":"13","J4":"13","P6":"13","H3":"13","P2":"13","H5":"13","J3":"13","M6":"13","H6":"13","M5":"13","Q5":"13","M3":"13","J2":"13","J6":"13","M2":"13","P3":"13"},"W6":{"GX":"13","QH":"13","FR":"13","FX":"13","CV":"13","FQ":"13","HR":"13","GV":"13","CW":"13","FV":"13","GR":"13","RH":"13","GQ":"13","6R":"13","HV":"13","GW":"13","FW":"13","HW":"13","6Q":"13","5Q":"13"},"PG":{"86":"13","C6":"13","97":"13","85":"13","C7":"13","95":"13","96":"13"},"GC":{"8V":"13","FJ":"13","9P":"13","FQ":"13","MQ":"13","MH":"13","PP":"13","HF":"13","GR":"13","GM":"13","PM":"13","9V":"13","JJ":"13","HJ":"13","CP":"13","GJ":"13","JR":"13","CM":"13","JG":"13","PQ":"13","GV":"13","MR":"13","GH":"13","FG":"13","FV":"13","CG":"13","HG":"13","9F":"13","JH":"13","FP":"13","JQ":"13","CV":"13","8H":"13","HR":"13","HH":"13","GF":"13","HP":"13","CJ":"13","9M":"13","GQ":"13","GP":"13","GG":"13","FR":"13","9J":"13","HV":"13","CH":"13","MJ":"13","FH":"13","MP":"13","FM":"13","CR":"13","HM":"13","JV":"13","MM":"13","CQ":"13","9Q":"13","JM":"13","8M":"13","9R":"13","9H":"13","9G":"13","HQ":"13","FF":"13","8R":"13","CF":"13","JP":"13","8J":"13","8G":"13"},"X2":{"X7":"13","X8":"13"},"V7":{"F4":"13","C3":"13","F2":"13","G2":"13","G3":"13","C4":"13","F3":"13"},"X4":{"Q4":"13","R4":"13","FG":"13","8G":"13","9F":"13","8F":"13","R2":"13","VW":"13","Q2":"13","P4":"13","CH":"13","CG":"13","Q5":"13","9G":"13","9H":"13","FH":"13","RW":"13","Q3":"13","R3":"13"},"X5":{"7Q":"13"},"X3":{"XF":"13","X9":"13","XC":"13"}},"85":{"4P":{"J3":"13","Q8":"13","P7":"13","P8":"13","M2":"13","M3":"13"},"2P":{"G8":"13","H8":"13","MQ":"13","C6":"13","PP":"13","H7":"13","G6":"13","C5":"13","H9":"13","QQ":"13","G9":"13","QC":"13","QF":"13","WX":"13","QG":"13","JR":"13","PQ":"13","MR":"13","F7":"13","MC":"13","JQ":"13","HR":"13","PF":"13","VX":"13","P8":"13","MP":"13","F6":"13","P9":"13","F8":"13","M8":"13","G7":"13","C7":"13","PC":"13","M9":"13","JP":"13"},"6C":{"JP":"13","GP":"13","HQ":"13","HP":"13","JQ":"13","GQ":"13"},"FX":{"Q4":"13","P3":"13","M2":"13","P5":"13","M4":"13","M3":"13","P4":"13","Q5":"13","Q3":"13","P2":"13"},"2W":{"9Q":"13","GP":"13","FQ":"13","C3":"13","5Q":"13","9P":"13","GH":"13","C2":"13","WX":"13","7P":"13","HM":"13","5P":"13","8Q":"13","6P":"13","GJ":"13","7Q":"13","JM":"13","CP":"13","JQ":"13","CR":"13","FM":"13","MP":"13","HH":"13","XX":"13","VX":"13","GM":"13","9R":"13","3M":"13","JP":"13","FR":"13","HP":"13","MQ":"13","HJ":"13","CQ":"13","6Q":"13","JJ":"13","3P":"13"},"3X":{"29":"13","2C":"13","2F":"13","2J":"13","2G":"13","2H":"13"},"3M":{"63":"13","74":"13","83":"13","5G":"13","7J":"13","72":"13","65":"13","4G":"13","4H":"13","92":"13","6J":"13","6H":"13","2C":"13","7H":"13","53":"13","2R":"13","4C":"13","5H":"13","2H":"13","5J":"13","8G":"13","8J":"13","2F":"13","7G":"13","3H":"13","82":"13","3J":"13","75":"13","2V":"13","3C":"13","4F":"13","54":"13","3F":"13","8H":"13","73":"13","3G":"13","4J":"13","2J":"13","64":"13","6G":"13","66":"13","76":"13"},"2M":{"WV":"13","VQ":"13","QJ":"13","WR":"13","QH":"13","QQ":"13","PG":"13","RQ":"13","PJ":"13","VR":"13","WQ":"13","QP":"13","RR":"13","XR":"13","PH":"13","XV":"13","PP":"13"},"4H":{"RW":"13","2F":"13","VW":"13","2G":"13","RX":"13","VX":"13"},"3H":{"VQ":"13","WG":"13","WH":"13","QM":"13","QQ":"13","WP":"13","WM":"13","XH":"13","RQ":"13","XG":"13","PQ":"13","XF":"13","VR":"13","VM":"13","QP":"13","RR":"13","RP":"13","WJ":"13","VG":"13","QR":"13","VH":"13","VP":"13","RM":"13"},"59":{"FJ":"13","8V":"13","9P":"13","7H":"13","5X":"13","8P":"13","FQ":"13","7M":"13","5P":"13","8Q":"13","GM":"13","9V":"13","6M":"13","JJ":"13","HJ":"13","CP":"13","6J":"13","GJ":"13","7W":"13","CM":"13","5G":"13","4G":"13","GH":"13","7Q":"13","FG":"13","HG":"13","FP":"13","5J":"13","7J":"13","8H":"13","7X":"13","7V":"13","HH":"13","CJ":"13","9M":"13","GQ":"13","GP":"13","4H":"13","GG":"13","9J":"13","CH":"13","7R":"13","6H":"13","FH":"13","FM":"13","HM":"13","6P":"13","7P":"13","8W":"13","9Q":"13","JM":"13","8M":"13","5M":"13","9R":"13","9H":"13","9G":"13","8R":"13","5W":"13","5H":"13","8J":"13","8G":"13"},"47":{"9X":"13","8X":"13","4P":"13","5J":"13","8W":"13","29":"13","4Q":"13","6M":"13","28":"13","5M":"13","27":"13","4V":"13","5P":"13","5R":"13","6R":"13","7W":"13","7X":"13","4M":"13","6V":"13","4R":"13","5V":"13","6P":"13","9W":"13","6Q":"13","5Q":"13"},"3W":{"XG":"13","WH":"13","XF":"13","XM":"13","WF":"13","XH":"13","WG":"13","XJ":"13","WJ":"13"},"5M":{"CW":"13","9R":"13","9W":"13","9V":"13","8V":"13","8R":"13","CV":"13"},"4V":{"43":"13"},"48":{"62":"13","74":"13","75":"13","65":"13","83":"13","92":"13","66":"13","73":"13","64":"13","85":"13","82":"13","93":"13","72":"13","63":"13","86":"13","76":"13","84":"13"},"37":{"X7":"13","X9":"13","X8":"13"},"4G":{"F4":"13","C3":"13","HR":"13","F2":"13","G2":"13","C2":"13","G3":"13","HV":"13","J2":"13","C4":"13","JV":"13","G4":"13","JR":"13","F3":"13"},"F9":{"49":"13","4C":"13","3C":"13"},"2X":{"4W":"13","XF":"13","3X":"13","XH":"13","2X":"13","6X":"13","XJ":"13","W2":"13","W5":"13","2W":"13","X9":"13","5W":"13","XC":"13","V2":"13","W3":"13","3W":"13","4X":"13","W4":"13","XG":"13","5X":"13","X2":"13"},"5R":{"39":"13","7G":"13","2H":"13","8H":"13","M7":"13","8G":"13","4P":"13","M8":"13","2P":"13","4J":"13","2C":"13","5J":"13","3M":"13","2M":"13","J7":"13","4H":"13","3H":"13","29":"13","8F":"13","4Q":"13","28":"13","J8":"13","5H":"13","5M":"13","5P":"13","4C":"13","3P":"13","4G":"13","7F":"13","2F":"13","49":"13","4M":"13","3G":"13","2J":"13","3Q":"13","3J":"13","2G":"13","5Q":"13"},"6R":{"2F":"13","3G":"13","2G":"13","3F":"13"},"Q7":{"2P":"13","2J":"13","2M":"13"},"7F":{"J7":"13","M5":"13","M6":"13","J6":"13","J5":"13"},"R6":{"88":"13","98":"13","97":"13","99":"13","89":"13","87":"13"},"5C":{"JP":"13","54":"13","HP":"13","42":"13","FJ":"13","52":"13","43":"13","53":"13","GJ":"13"},"4M":{"VJ":"13","RJ":"13","VM":"13","QW":"13","RM":"13","QV":"13"},"4R":{"XF":"13","5G":"13","VM":"13","WF":"13","X8":"13","4G":"13","85":"13","XH":"13","XM":"13","86":"13","XJ":"13","4C":"13","W8":"13","VF":"13","VJ":"13","VG":"13","X9":"13","W9":"13","WM":"13","XC":"13","XP":"13","5F":"13","75":"13","5C":"13","WJ":"13","3C":"13","4F":"13","6C":"13","3F":"13","WG":"13","WC":"13","WH":"13","VH":"13","XG":"13","6F":"13","76":"13"},"4W":{"3P":"13","3J":"13","2P":"13","2J":"13","2G":"13","3M":"13","2H":"13","3H":"13","2M":"13"},"GH":{"Q8":"13","M9":"13","P9":"13","P8":"13","PC":"13","Q9":"13","QC":"13"},"6P":{"25":"13","35":"13"},"3J":{"7W":"13","4W":"13","9Q":"13","J5":"13","9C":"13","CW":"13","8W":"13","88":"13","M4":"13","CF":"13","GR":"13","8X":"13","8C":"13","9V":"13","99":"13","7V":"13","9W":"13","5W":"13","M6":"13","M5":"13","CR":"13","9X":"13","89":"13","CX":"13","9F":"13","98":"13","CV":"13","FV":"13","J7":"13","4X":"13","8V":"13","J6":"13","CC":"13","9R":"13","FF":"13","C9":"13","FR":"13","5X":"13","7X":"13"},"7J":{"MV":"13","JV":"13","4F":"13","JW":"13","4C":"13","3C":"13","MR":"13","JR":"13","3F":"13","MW":"13"},"2Q":{"Q6":"13","M8":"13","PV":"13","RX":"13","RV":"13","FC":"13","GC":"13","VW":"13","C8":"13","R6":"13","Q7":"13","QV":"13","HF":"13","P5":"13","M7":"13","GV":"13","MC":"13","W2":"13","R7":"13","P6":"13","GR":"13","QW":"13","GW":"13","PW":"13","Q8":"13","J3":"13","M6":"13","M5":"13","V2":"13","JX":"13","HX":"13","P8":"13","Q5":"13","QH":"13","JW":"13","HC":"13","HV":"13","M3":"13","98":"13","J2":"13","FV":"13","GX":"13","QX":"13","PX":"13","FF":"13","C9":"13","FR":"13","M2":"13","GF":"13","QJ":"13","P7":"13","HW":"13","R8":"13","RW":"13","MF":"13","FW":"13"},"2R":{"FV":"13","G3":"13","J3":"13","F3":"13","85":"13","Q2":"13","H4":"13","H2":"13","R2":"13","F5":"13","G4":"13","H3":"13","FW":"13","J2":"13","G2":"13","G5":"13","F4":"13","M3":"13","95":"13","GW":"13","HR":"13","GR":"13","P2":"13","C5":"13","C4":"13","94":"13","HV":"13","GV":"13"},"P7":{"XP":"13","XM":"13","XJ":"13","WP":"13"},"9W":{"CJ":"13","FH":"13","CM":"13","FJ":"13","GM":"13","GH":"13","FM":"13","GJ":"13"},"6Q":{"JP":"13","MQ":"13","JQ":"13"},"4F":{"MQ":"13","QM":"13","MH":"13","GR":"13","PH":"13","QH":"13","PM":"13","QC":"13","QF":"13","JX":"13","QG":"13","JR":"13","JG":"13","GV":"13","MR":"13","JH":"13","MC":"13","MG":"13","JC":"13","JQ":"13","HR":"13","HX":"13","PF":"13","GX":"13","HP":"13","GQ":"13","PG":"13","HV":"13","PJ":"13","JV":"13","JW":"13","P9":"13","QJ":"13","PC":"13","M9":"13","HQ":"13","JF":"13","RH":"13","MV":"13","MF":"13","HW":"13","JP":"13"},"5Q":{"F3":"13","F4":"13","C3":"13","C4":"13"},"8P":{"36":"13","37":"13","46":"13","47":"13","57":"13","35":"13"}},"JX":{"72":{"7F":"13","6F":"13","5C":"13","69":"13","6G":"13","5F":"13","6C":"13","7C":"13"}},"36":{"RF":{"J5":"13"},"FQ":{"RV":"13","QR":"13","RR":"13","QV":"13"},"FH":{"QJ":"13","QM":"13","QQ":"13","PQ":"13","J6":"13","H6":"13","QP":"13","RJ":"13","PP":"13","J5":"13","RM":"13"},"CM":{"RQ":"13","QP":"13","79":"13","RP":"13","QQ":"13","78":"13"},"9V":{"F3":"13","F4":"13"},"FM":{"R6":"13","V6":"13","V5":"13"},"RP":{"CW":"13","9X":"13","9W":"13","CX":"13"},"HR":{"7F":"13","6F":"13","6G":"13","6C":"13","7G":"13","7C":"13"},"C5":{"R5":"13","R4":"13"},"HV":{"CW":"13","CV":"13"}},"3V":{"P4":{"32":"13","22":"13"},"V3":{"34":"13","26":"13","36":"13","32":"13","25":"13","23":"13","42":"13","24":"13","35":"13","43":"13","33":"13"},"Q4":{"R8":"13","Q8":"13","Q6":"13","R7":"13","R6":"13","Q7":"13"},"P5":{"XV":"13","WV":"13","XQ":"13","WR":"13","XR":"13","WQ":"13"},"M4":{"X2":"13"},"V9":{"Q4":"13","QF":"13","RF":"13","RG":"13","VG":"13","Q5":"13","VF":"13","RC":"13","QC":"13"},"P6":{"7X":"13"},"78":{"RQ":"13","RP":"13","VP":"13","VQ":"13"},"JF":{"JC":"13","HC":"13"},"24":{"3Q":"13","3R":"13"},"MJ":{"RV":"13","VV":"13","RR":"13","VR":"13"},"R9":{"QX":"13","RX":"13","QW":"13","PX":"13"},"MV":{"G3":"13","H4":"13","H2":"13","G4":"13","H3":"13","J4":"13"},"W3":{"7Q":"13","6Q":"13","6R":"13","7R":"13"},"HX":{"86":"13","87":"13","96":"13"},"7G":{"W4":"13","V3":"13","V4":"13","W3":"13"},"M3":{"XX":"13"},"R5":{"W5":"13","V6":"13","W6":"13","V5":"13"},"FV":{"9Q":"13","8Q":"13","9P":"13","8P":"13"},"W7":{"XM":"13","XJ":"13"},"JR":{"GX":"13","HW":"13","HX":"13","GW":"13"},"X7":{"3J":"13","2J":"13","3M":"13","2M":"13"},"9R":{"CC":"13","CF":"13"},"P3":{"2X":"13"},"P7":{"83":"13","72":"13","82":"13"}},"GG":{"HH":{"36":"13","46":"13","55":"13","45":"13","56":"13","35":"13"},"75":{"2C":"13","2F":"13","2J":"13","2G":"13","2H":"13","2M":"13"},"65":{"WG":"13","XM":"13","XC":"13","WH":"13","XP":"13","WP":"13","WM":"13","XH":"13","XJ":"13","XG":"13","XF":"13","VM":"13","RP":"13","WJ":"13","VJ":"13","VH":"13","VP":"13","WF":"13","RM":"13"},"72":{"G2":"13","F5":"13","84":"13","83":"13","95":"13","H2":"13","C3":"13","C6":"13","C5":"13","85":"13","C2":"13","92":"13","C4":"13","F4":"13","F2":"13","94":"13","93":"13","G3":"13","82":"13","F3":"13","C7":"13","98":"13","96":"13","97":"13"}},"6F":{"62":{"44":"13","32":"13","23":"13","42":"13","43":"13","33":"13","22":"13"},"43":{"HG":"13","Q8":"13","MG":"13","R9":"13","RG":"13","VC":"13","PG":"13","MF":"13","QF":"13","R8":"13","VF":"13","RC":"13","PF":"13","QC":"13","H4":"13","MC":"13","QG":"13","RF":"13","P9":"13","JF":"13","PC":"13","PH":"13","MH":"13","JG":"13","JH":"13","G4":"13","JC":"13","Q9":"13","V9":"13","HF":"13"},"74":{"39":"13","57":"13","58":"13","2C":"13","29":"13","47":"13","28":"13","48":"13","4C":"13","37":"13","3C":"13","49":"13","38":"13"},"WW":{"GM":"13","FM":"13","FJ":"13","CM":"13","CP":"13","FP":"13","CH":"13","FH":"13"},"53":{"WG":"13","WH":"13","RG":"13","XG":"13","XF":"13","RH":"13","VG":"13","WC":"13","VH":"13","WF":"13"},"64":{"VJ":"13","RG":"13","WH":"13","VG":"13","VF":"13","WG":"13","VH":"13"},"42":{"3Q":"13","6J":"13"},"F5":{"QR":"13","RR":"13","RQ":"13","QQ":"13"},"FH":{"M5":"13","M6":"13"},"54":{"F5":"13","G4":"13","G7":"13","G5":"13","F7":"13","F6":"13","G6":"13"}},"9X":{"34":{"2R":"13","2Q":"13"},"24":{"XQ":"13","XR":"13"},"6W":{"6V":"13","5W":"13","6W":"13","7W":"13","5V":"13"},"5V":{"FV":"13","GX":"13","FW":"13","FX":"13","GW":"13","GV":"13"}},"42":{"4C":{"WW":"13"}},"GW":{"35":{"95":"13","96":"13"},"3R":{"25":"13"}},"FM":{"G4":{"VW":"13"},"G5":{"CX":"13"},"X9":{"V5":"13","Q8":"13","M8":"13","P8":"13","R5":"13","M9":"13","R6":"13","P9":"13","V6":"13"},"W8":{"VQ":"13","QJ":"13","QM":"13","QQ":"13","WP":"13","WM":"13","RQ":"13","WQ":"13","VM":"13","QP":"13","RP":"13","WJ":"13","RJ":"13","VJ":"13","VP":"13","RM":"13"},"GC":{"MX":"13","MW":"13"},"G6":{"M5":"13","H5":"13","M6":"13","C2":"13","C3":"13","J5":"13"}},"2X":{"6G":{"8M":"13","8J":"13"},"5J":{"7Q":"13","WV":"13","7P":"13","WW":"13"},"VC":{"32":"13"},"29":{"CC":"13","8H":"13","7J":"13","8J":"13"},"8F":{"Q9":"13"},"6M":{"CJ":"13","46":"13","CH":"13","47":"13","56":"13"},"RP":{"M5":"13","4W":"13","4V":"13"},"JR":{"5M":"13","6M":"13"},"6Q":{"C6":"13","F6":"13","C5":"13"},"V9":{"3X":"13"}},"97":{"CV":{"XV":"13","VV":"13","WV":"13","XX":"13","VR":"13","WR":"13","VW":"13","XR":"13","WX":"13","WW":"13","XW":"13","VX":"13"},"CW":{"V3":"13","W2":"13","W3":"13","X2":"13","V2":"13"},"JP":{"RP":"13"},"FV":{"3V":"13","2W":"13","3X":"13","2X":"13","2R":"13","2V":"13","3R":"13","3W":"13"},"3C":{"JP":"13","G9":"13","H9":"13","H8":"13","G8":"13","G7":"13","H7":"13","JM":"13","G6":"13","H6":"13"},"3G":{"X6":"13","G9":"13","X5":"13","G8":"13"},"F5":{"39":"13","57":"13","58":"13","59":"13","47":"13","48":"13","4C":"13","3C":"13","49":"13","5C":"13","38":"13"},"9G":{"FV":"13","FW":"13"},"9J":{"54":"13","65":"13","64":"13","55":"13"},"FW":{"32":"13","22":"13"},"5Q":{"4F":"13","3G":"13","4G":"13","5F":"13"}},"5P":{"G3":{"W6":"13"},"J3":{"23":"13","22":"13"},"76":{"G9":"13","H9":"13","F9":"13"},"87":{"3V":"13","4V":"13"},"H3":{"X2":"13"},"G2":{"HW":"13","MQ":"13","PQ":"13","MR":"13","PR":"13","HV":"13"},"QV":{"4Q":"13","4R":"13","4M":"13"}},"75":{"PJ":{"GM":"13","GJ":"13"},"H5":{"RH":"13","QF":"13","RF":"13","QG":"13","VJ":"13","RG":"13","RJ":"13","VM":"13","VP":"13","VQ":"13","RM":"13","Q9":"13","QC":"13"},"XQ":{"C6":"13","95":"13","96":"13"},"PM":{"FV":"13","JV":"13","HW":"13","JW":"13","HX":"13","FW":"13","95":"13","GW":"13","C5":"13","94":"13","HV":"13","GV":"13"},"XX":{"MG":"13","MP":"13","HJ":"13","XW":"13","MJ":"13","XX":"13","MM":"13","PJ":"13","JM":"13","HM":"13","JJ":"13","PM":"13","PH":"13","MH":"13","JG":"13","JH":"13","PP":"13"},"Q6":{"H7":"13","M7":"13","M8":"13","J7":"13","J8":"13","J6":"13","M9":"13","H6":"13","J9":"13"},"W7":{"39":"13","38":"13","48":"13"},"9R":{"GP":"13","FQ":"13","FP":"13"},"9V":{"GX":"13","CJ":"13","6F":"13","CM":"13","FJ":"13","FM":"13","6C":"13","7C":"13"},"MQ":{"5G":"13","5Q":"13","4G":"13","7F":"13","6M":"13","4H":"13","6J":"13","6R":"13","5P":"13","6P":"13","5R":"13","5H":"13","2H":"13","7C":"13","5M":"13","4P":"13","2M":"13","5J":"13","2Q":"13","2G":"13","7G":"13","5F":"13","4M":"13","3H":"13","3J":"13","4F":"13","6C":"13","3M":"13","3G":"13","4J":"13","2J":"13","6F":"13","6G":"13","4Q":"13","6Q":"13","3P":"13","2P":"13"},"JQ":{"XP":"13","XQ":"13","XH":"13"},"9M":{"CW":"13","9W":"13"},"XW":{"JP":"13","HP":"13","JM":"13"},"RM":{"5R":"13","4R":"13","6R":"13","5V":"13","4V":"13"},"X8":{"C6":"13","F4":"13","G3":"13","F5":"13","97":"13","C7":"13","G4":"13","F3":"13","96":"13"}},"47":{"8X":{"J3":"13","H3":"13"},"CQ":{"54":"13","G9":"13","44":"13","H9":"13","HC":"13","45":"13","MQ":"13","PQ":"13","MR":"13","43":"13","JR":"13","53":"13","PR":"13","F9":"13"},"CV":{"MV":"13","29":"13","39":"13","JW":"13","MW":"13"},"FV":{"9F":"13","8F":"13","9C":"13","8C":"13"},"2F":{"FC":"13","FF":"13"},"FW":{"28":"13","27":"13"},"8M":{"HJ":"13","JM":"13","HM":"13"},"CR":{"H2":"13","H3":"13"},"CJ":{"3Q":"13","3P":"13"}},"62":{"F6":{"HW":"13","JW":"13","HX":"13","JX":"13"}},"53":{"CF":{"JH":"13","JG":"13"}},"XH":{"GG":{"6V":"13","6W":"13"},"HX":{"JC":"13","M9":"13","MC":"13","J9":"13"},"MP":{"R9":"13"},"HM":{"QX":"13","RX":"13"}},"C8":{"F2":{"G3":"13","32":"13","H2":"13","25":"13","23":"13","24":"13","H3":"13","J2":"13","G2":"13","M2":"13","P2":"13","33":"13","22":"13"},"C2":{"V4":"13","V2":"13","W5":"13","W2":"13","X6":"13","V3":"13","W4":"13","X2":"13","R2":"13","W3":"13","X4":"13","X5":"13","X3":"13","R3":"13"},"P4":{"Q6":"13","P9":"13","J5":"13","RH":"13","Q7":"13","H4":"13","M7":"13","M4":"13","V9":"13","R7":"13","J4":"13","VF":"13","QG":"13","QF":"13","RG":"13","VG":"13","H5":"13","Q8":"13","R9":"13","J3":"13","M6":"13","M5":"13","VC":"13","P8":"13","PC":"13","Q9":"13","QC":"13","M3":"13","J7":"13","J6":"13","RC":"13","P7":"13","PF":"13","R8":"13","RF":"13"},"C5":{"4W":"13","63":"13","84":"13","74":"13","3X":"13","95":"13","C3":"13","5Q":"13","C6":"13","65":"13","3V":"13","C5":"13","6V":"13","85":"13","C4":"13","86":"13","6R":"13","87":"13","5P":"13","3R":"13","6P":"13","53":"13","2R":"13","5R":"13","5M":"13","4P":"13","7Q":"13","F4":"13","2W":"13","5W":"13","2Q":"13","94":"13","93":"13","5V":"13","4M":"13","3J":"13","75":"13","2V":"13","3Q":"13","3W":"13","4X":"13","96":"13","54":"13","4V":"13","97":"13","73":"13","3M":"13","4J":"13","4R":"13","64":"13","4Q":"13","6Q":"13","76":"13","3P":"13"},"W6":{"58":"13","8F":"13","7F":"13","88":"13","57":"13","87":"13","4C":"13","7H":"13","8C":"13","78":"13","7C":"13","79":"13","8G":"13","59":"13","77":"13","7G":"13","5F":"13","89":"13","5C":"13","3C":"13","68":"13","4F":"13","49":"13","6C":"13","8H":"13","39":"13","48":"13","6F":"13","6G":"13","67":"13","69":"13"}},"9W":{"VR":{"XF":"13"},"45":{"5R":"13","6R":"13"}},"2M":{"M5":{"FV":"13","FR":"13","97":"13","C7":"13","GR":"13","CR":"13","GV":"13"},"XX":{"RW":"13","VW":"13","VX":"13"},"WG":{"8G":"13","8H":"13","R9":"13","Q9":"13","RC":"13","QC":"13"},"RX":{"MF":"13","JF":"13"},"J4":{"VC":"13","WC":"13","W9":"13","V9":"13"},"XW":{"QJ":"13","PJ":"13","QH":"13","PH":"13"}},"8W":{"MF":{"7Q":"13","7H":"13","6Q":"13","HG":"13","7G":"13"},"RV":{"P5":"13","M5":"13","M6":"13","P7":"13","P8":"13","P6":"13","M7":"13"},"MX":{"R3":"13","Q3":"13","Q2":"13","R2":"13"},"VW":{"P7":"13","P8":"13"},"VP":{"95":"13","C5":"13","C4":"13","94":"13"},"V8":{"CV":"13","CR":"13"}},"6M":{"W4":{"VV":"13","VW":"13"},"Q2":{"M9":"13","P9":"13","P8":"13","PC":"13"}},"9R":{"59":{"CJ":"13","FH":"13","CH":"13","FJ":"13"}},"CV":{"VF":{"MV":"13","JV":"13","JW":"13","MW":"13"},"WF":{"MW":"13","5R":"13","JX":"13","JW":"13","JV":"13","MV":"13","MX":"13","5Q":"13"},"XH":{"FW":"13","GW":"13"}},"F9":{"4W":{"78":"13","77":"13","3V":"13","3R":"13","6C":"13","68":"13","2V":"13","2W":"13","3X":"13","4Q":"13","3W":"13","4V":"13","2X":"13","6F":"13","4R":"13","97":"13","69":"13","4W":"13","79":"13","87":"13","3Q":"13","88":"13","86":"13","7C":"13","2R":"13","96":"13"},"3W":{"XV":"13","XW":"13"}},"7M":{"FV":{"HF":"13","GG":"13","GF":"13","HC":"13","HG":"13","GC":"13"},"75":{"JX":"13"},"76":{"J2":"13"},"87":{"46":"13","47":"13","45":"13","57":"13","56":"13"}},"34":{"V7":{"CP":"13","CM":"13"}},"W9":{"25":{"G3":"13","F3":"13","H2":"13","H4":"13","G4":"13","H3":"13","G2":"13","F4":"13"}},"H9":{"44":{"Q4":"13","H3":"13","P3":"13","M2":"13","P5":"13","M4":"13","H2":"13","J3":"13","M3":"13","Q2":"13","P4":"13","J2":"13","Q5":"13","J4":"13","Q3":"13","P2":"13"},"43":{"MX":"13","RQ":"13","PV":"13","RX":"13","RV":"13","VM":"13","QP":"13","VW":"13","VR":"13","QV":"13","PR":"13","PP":"13","RM":"13","PQ":"13","VP":"13","MW":"13","RP":"13","QW":"13","QQ":"13","VV":"13","QM":"13","VJ":"13","PW":"13","RR":"13","WQ":"13","WM":"13","JX":"13","MV":"13","HX":"13","JW":"13","JV":"13","QR":"13","QX":"13","PX":"13","WP":"13","VQ":"13","HW":"13","RW":"13","MR":"13"}},"MW":{"J3":{"7H":"13","8G":"13","8H":"13","6H":"13","6G":"13","6J":"13","7J":"13","9H":"13","9G":"13","7G":"13"}},"89":{"H8":{"94":"13"}},"H2":{"26":{"7Q":"13","8Q":"13","7R":"13","8R":"13","8P":"13"}},"7H":{"54":{"X8":"13"}},"8M":{"HJ":{"RH":"13","RG":"13","VG":"13"},"54":{"6X":"13","4X":"13","5W":"13","5X":"13","6W":"13"},"55":{"42":"13","52":"13"}},"G9":{"63":{"X3":"13","V3":"13","R6":"13","X4":"13","V8":"13","V5":"13","W2":"13","R7":"13","X5":"13","W5":"13","R9":"13","V2":"13","W3":"13","V7":"13","V4":"13","V6":"13","W6":"13","W4":"13","R8":"13","X2":"13","R2":"13"},"73":{"43":"13","35":"13","46":"13","34":"13","33":"13","25":"13","45":"13","53":"13","44":"13","52":"13","42":"13","36":"13","22":"13","23":"13","32":"13","24":"13","26":"13","55":"13","54":"13"},"72":{"3V":"13","3R":"13","5W":"13","2V":"13","2W":"13","3X":"13","3W":"13","5X":"13","4V":"13","6W":"13","2X":"13","5R":"13","6V":"13","4R":"13","4W":"13","5V":"13","4X":"13","2R":"13"},"62":{"WV":"13","WR":"13","VV":"13","XW":"13","WW":"13","XX":"13","VW":"13","WX":"13","WQ":"13","XR":"13","VX":"13","XV":"13"}},"4M":{"P8":{"GM":"13","GJ":"13"}},"2C":{"WQ":{"VJ":"13","WH":"13","VM":"13","WJ":"13","WM":"13","VH":"13"}},"6W":{"58":{"VP":"13"},"Q3":{"X4":"13","X3":"13"},"38":{"5Q":"13","6Q":"13","4Q":"13"},"C8":{"6X":"13","4X":"13","4W":"13","5W":"13","5X":"13","6W":"13","7X":"13"},"VR":{"JP":"13","MM":"13","MP":"13","JM":"13"},"4H":{"7M":"13","6M":"13","6J":"13"},"XM":{"3P":"13","3J":"13","2P":"13","2J":"13","3M":"13","2M":"13"},"37":{"9Q":"13","JW":"13","8Q":"13","MW":"13"},"2C":{"63":"13","54":"13","64":"13","53":"13"},"V5":{"X7":"13","X8":"13"},"X5":{"R3":"13","Q3":"13","Q4":"13","W4":"13","V3":"13","W5":"13","V4":"13","X5":"13","W3":"13","X4":"13","R4":"13","X3":"13","V5":"13"},"28":{"M7":"13","M2":"13","M3":"13","J7":"13","M6":"13","J8":"13","J6":"13"},"24":{"2P":"13"},"W5":{"9C":"13","38":"13","GH":"13","GG":"13","8F":"13","7F":"13","CH":"13","37":"13","4C":"13","CF":"13","8C":"13","7C":"13","28":"13","79":"13","FH":"13","59":"13","FG":"13","CG":"13","5F":"13","89":"13","29":"13","5C":"13","9F":"13","3C":"13","4F":"13","49":"13","27":"13","6C":"13","CC":"13","3F":"13","39":"13","6F":"13","69":"13"},"X9":{"WG":"13","WH":"13","RG":"13","VM":"13","RH":"13","WJ":"13","VG":"13","RJ":"13","VJ":"13","VH":"13","RM":"13"},"WM":{"XM":"13"},"2G":{"HQ":"13","JQ":"13","JR":"13","HR":"13"},"29":{"H8":"13"},"V6":{"86":"13","76":"13","87":"13","77":"13","W8":"13","W9":"13","96":"13"},"3Q":{"C6":"13","F5":"13","F4":"13","C5":"13","C4":"13"},"3C":{"F3":"13"},"27":{"5Q":"13","6Q":"13","5R":"13","4Q":"13","5P":"13","4R":"13","6R":"13","6P":"13"},"X7":{"95":"13","96":"13","C5":"13","C4":"13","94":"13"},"C9":{"42":"13","52":"13","62":"13"},"VH":{"5J":"13","5M":"13","6M":"13","6J":"13","4M":"13","4P":"13"},"23":{"GM":"13","GP":"13","FG":"13","FM":"13","HP":"13","FJ":"13","HQ":"13"},"R3":{"34":"13","44":"13","23":"13","24":"13","43":"13","33":"13"}},"8F":{"MF":{"65":"13","46":"13","66":"13","55":"13","45":"13","56":"13","35":"13"},"HW":{"9J":"13","8J":"13"},"JC":{"FV":"13","FR":"13","GP":"13","HQ":"13","HP":"13","JQ":"13","GQ":"13","CV":"13","HR":"13","GR":"13","GV":"13"}},"6P":{"R8":{"9F":"13","CC":"13","9C":"13","CF":"13"},"Q7":{"FV":"13","FR":"13","9V":"13","CV":"13","CR":"13"}},"4H":{"9P":{"V5":"13","R5":"13","R2":"13","Q2":"13","R6":"13","V6":"13","R3":"13"},"G2":{"7X":"13"},"9M":{"XX":"13","WX":"13","WW":"13"},"8J":{"58":"13","68":"13"}},"5X":{"9F":{"FV":"13","GW":"13","GV":"13"},"PG":{"VF":"13","WF":"13"},"Q6":{"3Q":"13","3R":"13"},"67":{"6X":"13","6W":"13","7W":"13","7X":"13"}},"7X":{"63":{"42":"13","52":"13","62":"13"},"CC":{"FV":"13","V4":"13","R5":"13","R4":"13","FW":"13","GW":"13","V5":"13","GV":"13"},"FG":{"J3":"13","H3":"13"},"55":{"3G":"13","3H":"13"},"C8":{"H8":"13","F7":"13","H7":"13","H9":"13","G9":"13","FG":"13","5W":"13","C9":"13","GC":"13","F8":"13","5X":"13","F9":"13","CH":"13","C8":"13","HC":"13","CG":"13","G8":"13","G7":"13","FH":"13"},"62":{"5W":"13","5X":"13","6W":"13","6V":"13","6X":"13","4W":"13","4X":"13"}},"69":{"74":{"XP":"13","XM":"13","WM":"13","WP":"13"},"FR":{"PP":"13","MP":"13"},"7M":{"3V":"13","RG":"13","4W":"13","MQ":"13","3W":"13","4V":"13"},"94":{"VJ":"13","WH":"13","XH":"13","XJ":"13","WJ":"13","VH":"13"},"7P":{"MX":"13","F5":"13","MH":"13","83":"13","5G":"13","7J":"13","95":"13","6M":"13","6J":"13","CH":"13","M4":"13","MG":"13","2R":"13","4C":"13","7H":"13","5H":"13","J4":"13","H8":"13","8G":"13","F4":"13","H7":"13","2Q":"13","H9":"13","J9":"13","7G":"13","JG":"13","HC":"13","M3":"13","CJ":"13","JC":"13","3C":"13","4F":"13","3F":"13","8H":"13","G5":"13","7M":"13","JH":"13"},"98":{"CW":"13","FW":"13","FX":"13","CV":"13","CR":"13"},"C4":{"6V":"13","6R":"13","7V":"13","7R":"13","8R":"13"},"6P":{"QJ":"13","W8":"13","QM":"13","VC":"13","VF":"13","PJ":"13","V7":"13","W7":"13","QP":"13","VJ":"13","WC":"13","WF":"13"},"86":{"JP":"13","44":"13","55":"13","45":"13","MP":"13","JQ":"13"},"84":{"C6":"13","F5":"13","G4":"13","G5":"13","F7":"13","C7":"13","F6":"13","G6":"13"},"7Q":{"G6":"13","F7":"13","H3":"13","M2":"13","F6":"13","J3":"13","C9":"13","98":"13","99":"13","F5":"13","C7":"13"},"96":{"FC":"13"}},"2H":{"Q8":{"W4":"13","W5":"13","V4":"13","W3":"13","X4":"13","V5":"13"},"JC":{"R3":"13","V3":"13","V4":"13","R4":"13"},"RQ":{"63":"13","54":"13","55":"13","64":"13","53":"13"},"5H":{"WF":"13","WG":"13"},"FP":{"7W":"13","8X":"13","8W":"13"},"Q9":{"Q9":"13"},"7C":{"JH":"13","MJ":"13","MH":"13"}},"4J":{"3Q":{"X2":"13","X3":"13"},"44":{"R9":"13","RC":"13"},"WH":{"X2":"13"},"4Q":{"32":"13","23":"13","33":"13","22":"13"},"24":{"3Q":"13","3V":"13","4W":"13","4Q":"13","4R":"13","2R":"13","2V":"13","3R":"13","4V":"13"},"46":{"6X":"13","6V":"13","6W":"13","7W":"13","7V":"13","8X":"13","7X":"13","8W":"13"},"WG":{"XX":"13"}},"87":{"GM":{"JJ":"13"},"HG":{"X2":"13","X3":"13"},"3R":{"HX":"13","JX":"13"},"CQ":{"X7":"13","V5":"13"},"QQ":{"HQ":"13","HP":"13"},"JJ":{"77":"13","78":"13"},"6W":{"QQ":"13"},"QP":{"HQ":"13","HP":"13"},"22":{"26":"13","36":"13","46":"13"},"WJ":{"VP":"13","WP":"13"},"6X":{"P5":"13"},"JG":{"23":"13","22":"13"},"JC":{"CC":"13","CF":"13"},"7J":{"77":"13","67":"13","68":"13","78":"13"},"4X":{"Q3":"13","Q4":"13","Q2":"13"},"HF":{"MH":"13","GP":"13","PJ":"13","GC":"13","GH":"13","GG":"13","HF":"13","PR":"13","HM":"13","PP":"13","MG":"13","PQ":"13","MM":"13","GJ":"13","JF":"13","HG":"13","JM":"13","MJ":"13","JQ":"13","PM":"13","MP":"13","JG":"13","HH":"13","HC":"13","JC":"13","GM":"13","JP":"13","HP":"13","GF":"13","MQ":"13","HJ":"13","MF":"13","MR":"13","JH":"13","JJ":"13"}},"FW":{"GM":{"3C":"13"},"Q4":{"86":"13","85":"13","75":"13","76":"13","87":"13","77":"13"},"M7":{"RV":"13","RW":"13","QW":"13","QV":"13"},"WH":{"26":"13"},"P8":{"V5":"13","W8":"13","R5":"13","V8":"13","W6":"13","V7":"13","W7":"13","Q7":"13","R6":"13","R7":"13","Q6":"13","V6":"13"},"P6":{"QF":"13","RF":"13","QG":"13","RG":"13"},"J3":{"CC":"13","FH":"13","CH":"13","9C":"13","9H":"13"},"W6":{"J6":"13"},"C9":{"GG":"13","FH":"13","FG":"13","57":"13","GH":"13"},"J6":{"2C":"13","2F":"13","2G":"13"},"H6":{"XG":"13","XF":"13","XC":"13"},"G3":{"54":"13","44":"13","42":"13","52":"13","43":"13","53":"13"},"WQ":{"J4":"13"},"RH":{"29":"13","39":"13","38":"13","28":"13"},"C8":{"R8":"13","4J":"13","Q8":"13","5M":"13","R9":"13","3M":"13","4M":"13","Q9":"13"},"99":{"XM":"13","XJ":"13"},"PC":{"R8":"13","R9":"13","W8":"13","W9":"13","V8":"13","V9":"13"},"V6":{"J7":"13","GM":"13","H7":"13","J6":"13"},"FW":{"XX":"13"},"J5":{"97":"13","96":"13"}},"2J":{"JG":{"G9":"13","G8":"13","F9":"13"}},"6X":{"R3":{"7H":"13","6H":"13"},"Q4":{"MV":"13","MW":"13"},"QF":{"4F":"13"},"FG":{"RW":"13","RX":"13"},"CG":{"VG":"13","VH":"13"},"MC":{"46":"13","47":"13"}},"7W":{"78":{"9X":"13","9W":"13","8X":"13","8W":"13"},"77":{"65":"13","8R":"13","9M":"13","66":"13","9Q":"13","56":"13","7V":"13","7R":"13","9P":"13","8M":"13","55":"13","8Q":"13","7Q":"13","8P":"13"},"57":{"MV":"13","PV":"13","MR":"13","PR":"13"},"6C":{"X5":"13","X4":"13","X3":"13"},"68":{"H4":"13","G4":"13"},"W6":{"8M":"13"},"59":{"63":"13","43":"13","53":"13"},"47":{"F5":"13","F4":"13","C5":"13","C4":"13"},"25":{"25":"13","24":"13"},"45":{"3Q":"13","4J":"13","4Q":"13","3P":"13","3J":"13","2P":"13","2J":"13","4R":"13","3M":"13","4M":"13","2M":"13","3R":"13"},"27":{"HJ":"13","XG":"13","HH":"13","WH":"13","H9":"13","JC":"13","HC":"13","XH":"13","WG":"13","JJ":"13","JM":"13","J9":"13"},"3F":{"VJ":"13","RJ":"13","VM":"13","RP":"13","VP":"13","RM":"13"},"37":{"FV":"13","2C":"13","65":"13","2F":"13","74":"13","64":"13","8C":"13","7C":"13"},"F9":{"X4":"13"},"56":{"5G":"13","4G":"13","4H":"13","5H":"13"},"36":{"RW":"13"},"38":{"6X":"13","4X":"13","4W":"13","5W":"13","5X":"13","6W":"13"},"JW":{"MM":"13"},"72":{"8H":"13","9J":"13","9H":"13","8J":"13"},"26":{"QR":"13","PQ":"13","QQ":"13","PR":"13"},"67":{"RQ":"13","P9":"13","GH":"13","C8":"13","C6":"13","7P":"13","8Q":"13","RP":"13","7Q":"13","RR":"13","R9":"13","FH":"13","MV":"13","P8":"13","FG":"13","Q9":"13","HH":"13","C7":"13","QC":"13","98":"13","M9":"13","8P":"13","97":"13","F6":"13","RC":"13","MR":"13"},"7C":{"25":"13","23":"13","24":"13"}},"XW":{"WH":{"XV":"13","WV":"13","XR":"13"}},"GR":{"HH":{"WQ":"13","VP":"13","VQ":"13","WP":"13"},"77":{"Q4":"3","Q5":"3","Q6":"3"},"43":{"8V":"13","8X":"13","CV":"13","8W":"13","8R":"13","CW":"13","9R":"13","7W":"13","9V":"13","7X":"13","7V":"13","7R":"13","8Q":"13","9W":"13","7Q":"13"},"8H":{"38":"13","37":"13","28":"13","27":"13"},"6C":{"WG":"13","WH":"13","RG":"13","XH":"13","RH":"13","WJ":"13","VG":"13","RJ":"13","VJ":"13","VH":"13"},"68":{"36":"13","39":"13","38":"13","37":"13","49":"13","46":"13","47":"13","48":"13"},"3M":{"2P":"13","2M":"13"},"2M":{"XP":"13","XQ":"13","XM":"13"},"35":{"25":"13"},"C9":{"MP":"13","MR":"13","MJ":"13","MM":"13","CW":"13","JM":"13","JJ":"13","MQ":"13"},"33":{"QR":"13","RR":"13","PV":"13","QQ":"13","PR":"13","QV":"13"},"47":{"65":"13"},"92":{"4F":"13","3G":"13","4G":"13","3F":"13"},"CP":{"48":"13"},"25":{"X5":"13"},"CW":{"57":"13","58":"13","46":"13","47":"13","48":"13","37":"13","56":"13","38":"13"},"9R":{"5C":"13"},"53":{"QJ":"13","QG":"13","PG":"13","QH":"13","PH":"13"},"44":{"Q4":"13","P3":"13","P6":"13","P5":"13","M4":"13","M3":"13","M5":"13","M6":"13","P4":"13","82":"13","Q5":"13","72":"13"},"85":{"7H":"13","7M":"13","7J":"13"},"3G":{"HJ":"13","HM":"13"},"69":{"WG":"13","WH":"13","X7":"13","X6":"13","XH":"13","RH":"13","WJ":"13","RJ":"13","VJ":"13","VH":"13"},"79":{"26":"13","36":"13","37":"13","27":"13"},"63":{"C6":"13","F8":"13","G8":"13","G7":"13","C9":"13","F7":"13","C7":"13","C8":"13","F6":"13","F9":"13"},"24":{"VV":"13","25":"13","VW":"13","27":"13","VR":"13","RR":"13","RV":"13","26":"13","RW":"13"},"9J":{"VV":"13","VR":"13","WR":"13"},"26":{"C5":"13","QW":"13","C6":"13","F6":"13","PV":"13","35":"13","F4":"13","33":"13","C3":"13","34":"13","QV":"13","94":"13","23":"13","QX":"13","F5":"13","95":"13","PW":"13","C4":"13","PX":"13","F3":"13","96":"13"},"84":{"VJ":"13","WJ":"13"},"7C":{"43":"13","33":"13","34":"13","4Q":"13","4V":"13","44":"13","5R":"13","4R":"13","5V":"13","24":"13","5Q":"13"}},"37":{"X3":{"C6":"13","C5":"13"},"GW":{"XP":"13","WM":"13","WP":"13"}},"26":{"Q4":{"8M":"13","7M":"13","7P":"13","6M":"13","6P":"13","6J":"13","7J":"13"},"H3":{"GX":"13","HX":"13","FX":"13"},"P3":{"HG":"13","QJ":"13","HH":"13","QH":"13","MG":"13","MJ":"13","MM":"13","PJ":"13","JJ":"13","PM":"13","PH":"13","JG":"13","MH":"13","JH":"13"},"M2":{"GV":"13"},"P5":{"6X":"13","4X":"13","4W":"13","5W":"13","5X":"13"},"F4":{"2C":"13","2F":"13"},"H4":{"39":"13","H3":"13","H2":"13","2C":"13","29":"13","F2":"13","G2":"13","C2":"13","3F":"13","4C":"13","3C":"13","2F":"13","5F":"13","49":"13","5C":"13","4F":"13"},"8J":{"H8":"13","G8":"13","G7":"13","G5":"13","H7":"13","H6":"13","G6":"13"},"P4":{"QH":"13","MG":"13","RG":"13","MJ":"13","VC":"13","QF":"13","VF":"13","RC":"13","QC":"13","QG":"13","RH":"13","RF":"13","VG":"13","JG":"13","MH":"13","JH":"13"},"Q6":{"JH":"13","JJ":"13","MJ":"13","MH":"13","MG":"13"},"4M":{"R8":"13","V7":"13","R7":"13","V8":"13"},"C4":{"XF":"13","XC":"13"},"G4":{"XF":"13","XC":"13"}},"CC":{"HQ":{"26":"13","25":"13"},"GQ":{"X8":"13","V5":"13","W8":"13","W5":"13","X7":"13","V8":"13","X6":"13","W6":"13","VC":"13","W9":"13","R8":"13","W4":"13","V7":"13","W7":"13","R7":"13","X4":"13","X5":"13","V6":"13","WC":"13","WF":"13","V9":"13"}},"7F":{"X9":{"XP":"13","XQ":"13"},"HR":{"XG":"13","XF":"13","WF":"13"}},"77":{"WG":{"XP":"13"},"MP":{"VG":"13","VH":"13"},"M3":{"J7":"13","J8":"13","M8":"13","M7":"13","J9":"13"},"PQ":{"2W":"13","2V":"13"},"66":{"XP":"13","WQ":"13","WP":"13"},"WQ":{"C6":"13"},"PR":{"36":"13","46":"13","45":"13","35":"13"},"MQ":{"R8":"13","R9":"13","V8":"13","V9":"13"},"RP":{"3P":"13","4P":"13"},"VJ":{"5G":"13","4G":"13","4H":"13","5H":"13"},"VP":{"MV":"13","PV":"13","MR":"13","PR":"13"},"P2":{"9F":"13","8F":"13","9C":"13","8C":"13"},"RM":{"WC":"13","MG":"13","QC":"13"}},"94":{"RH":{"34":"13","36":"13","44":"13","25":"13","55":"13","45":"13","56":"13","35":"13","8C":"13","7C":"13"},"RQ":{"H8":"13","H7":"13","M7":"13","M8":"13","J7":"13","J8":"13","J6":"13","H6":"13"},"X9":{"V7":"13","R7":"13","W7":"13","X9":"13","W8":"13","W9":"13","V6":"13","V8":"13","V9":"13"}},"4C":{"QX":{"8V":"13","9X":"13","8X":"13","8W":"13","8R":"13","7W":"13","7X":"13","7V":"13","7R":"13","9W":"13"}},"78":{"HJ":{"72":"13","82":"13"},"HH":{"8V":"13","7W":"13","7V":"13","8X":"13","7X":"13","8W":"13"},"X5":{"P5":"13","M4":"13","M5":"13","M6":"13","J6":"13","P4":"13","J5":"13"},"VC":{"9J":"13","9H":"13","8J":"13"},"GJ":{"GM":"13","FM":"13","HJ":"13","FJ":"13","VW":"13","WX":"13","CH":"13","VX":"13","GH":"13","CJ":"13","GJ":"13","FH":"13"}},"74":{"RF":{"QR":"13","RQ":"13","QP":"13","RP":"13","QQ":"13","RM":"13"},"VC":{"CJ":"13","CM":"13","9J":"13"}},"H3":{"X2":{"J7":"13","H5":"13","H7":"13","J6":"13","J5":"13","H6":"13"}},"2P":{"62":{"P5":"13","M5":"13"},"MH":{"GP":"13","FQ":"13","GQ":"13","9H":"13","FP":"13"},"FC":{"MX":"13","PX":"13"},"GC":{"F2":"13","G3":"13","F3":"13","G2":"13"},"G9":{"GX":"13","2G":"13"},"QP":{"H8":"13","H7":"13","M7":"13","M8":"13","P8":"13","J7":"13","J8":"13","P9":"13","P7":"13"},"GH":{"63":"13","83":"13","73":"13","72":"13","82":"13","93":"13","92":"13","62":"13"},"GG":{"8V":"13","78":"13","62":"13","77":"13","9X":"13","8X":"13","75":"13","8W":"13","8R":"13","5X":"13","73":"13","6W":"13","7W":"13","85":"13","7X":"13","6V":"13","7V":"13","6X":"13","72":"13","7R":"13","87":"13","86":"13","88":"13","76":"13","9W":"13"},"C6":{"9X":"13","CX":"13"},"VR":{"8M":"13"},"Q7":{"QM":"13","PM":"13","QP":"13","PP":"13"},"V8":{"38":"13","37":"13","47":"13","48":"13"},"85":{"X9":"13","W8":"13","W9":"13","X8":"13"},"HM":{"63":"13","64":"13"},"5R":{"R8":"13","Q8":"13","R7":"13","M8":"13","P9":"13","P8":"13","Q7":"13","Q9":"13"},"RJ":{"36":"13","46":"13"},"CF":{"54":"13","44":"13","66":"13","55":"13","2R":"13","56":"13","67":"13","2Q":"13","43":"13","53":"13","2V":"13"},"JF":{"QX":"13","PX":"13"},"7C":{"9Q":"13"},"GJ":{"8M":"13","7M":"13","7P":"13","8P":"13"},"F9":{"86":"13","XG":"13","97":"13","87":"13","96":"13"},"9V":{"C2":"13","92":"13","C3":"13"},"H5":{"8M":"13","7H":"13","7M":"13","7P":"13","8H":"13","6M":"13","6H":"13","6P":"13","6G":"13","6J":"13","7J":"13","8J":"13","7G":"13"},"MJ":{"H8":"13","QJ":"13","QH":"13","H9":"13","MG":"13","RG":"13","PG":"13","MF":"13","PF":"13","J8":"13","J9":"13","MC":"13","QG":"13","RH":"13","JF":"13","RJ":"13","PH":"13","JC":"13"},"H7":{"F8":"13"},"Q9":{"QR":"13"},"JG":{"R3":"13","Q3":"13","Q2":"13","R2":"13","P2":"13"},"C7":{"C2":"13","92":"13"},"9F":{"XV":"13","XR":"13"},"9R":{"CX":"13"},"97":{"G9":"13","H9":"13","H8":"13","G8":"13"},"FF":{"M2":"13","P2":"13"},"GF":{"6X":"13","7F":"13","8M":"13","7H":"13","7M":"13","7P":"13","8G":"13","5W":"13","8H":"13","8F":"13","5X":"13","9P":"13","6W":"13","9J":"13","6J":"13","9M":"13","7J":"13","8P":"13","9H":"13","8C":"13","9G":"13","8J":"13","7G":"13"}},"V9":{"W4":{"C5":"13","C6":"13","F6":"13","C3":"13","92":"13","PQ":"13","94":"13","C2":"13","PR":"13","93":"13","F5":"13","95":"13","C4":"13","96":"13"},"RG":{"36":"13","46":"13","35":"13"},"Q8":{"R3":"13","Q3":"13","Q2":"13","W2":"13","R2":"13","X2":"13"},"P6":{"F7":"13","9C":"13","FC":"13","GC":"13","GG":"13","C8":"13","CF":"13","8C":"13","F9":"13","99":"13","F8":"13","89":"13","C7":"13","HC":"13","98":"13","CC":"13","FF":"13","C9":"13","GF":"13"},"Q7":{"QX":"13","VW":"13","RX":"13","WX":"13","WW":"13","VX":"13"}},"64":{"XV":{"XX":"13","WX":"13"},"4J":{"3G":"13","2G":"13"},"23":{"39":"13","3C":"13"},"XW":{"W2":"13","X2":"13","X3":"13"}},"F8":{"5M":{"XF":"13"},"WR":{"H8":"13","QM":"13","MH":"13","J9":"13","PP":"13","HF":"13","R9":"13","PH":"13","H9":"13","RG":"13","QH":"13","PM":"13","QC":"13","QF":"13","Q7":"13","JJ":"13","RC":"13","HJ":"13","QG":"13","JG":"13","V9":"13","Q9":"13","Q8":"13","HG":"13","JH":"13","HC":"13","R7":"13","MC":"13","MG":"13","JC":"13","R8":"13","PF":"13","HH":"13","RJ":"13","RF":"13","PG":"13","P8":"13","MJ":"13","MP":"13","PJ":"13","HM":"13","MM":"13","P9":"13","VC":"13","M8":"13","QJ":"13","V7":"13","JM":"13","PC":"13","J8":"13","M9":"13","JF":"13","RH":"13","VF":"13","MF":"13","V8":"13"},"6M":{"MX":"13","5G":"13","FQ":"13","38":"13","4G":"13","4H":"13","HR":"13","GV":"13","2C":"13","4C":"13","5H":"13","MW":"13","GR":"13","GW":"13","28":"13","2F":"13","59":"13","JX":"13","MV":"13","CR":"13","2G":"13","HX":"13","JW":"13","5F":"13","JV":"13","3H":"13","29":"13","HV":"13","5C":"13","CV":"13","GX":"13","FV":"13","3C":"13","JR":"13","4F":"13","49":"13","GQ":"13","3F":"13","PX":"13","39":"13","FR":"13","3G":"13","4J":"13","HW":"13","FW":"13"},"6P":{"J3":"13","H2":"13","J2":"13","M2":"13","M3":"13","P2":"13"},"GM":{"7G":"13","FF":"13","9C":"13","78":"13","6G":"13","8H":"13","FG":"13","9F":"13","8G":"13","4P":"13","CF":"13","6C":"13","68":"13","4J":"13","5J":"13","6H":"13","4H":"13","C9":"13","7M":"13","8F":"13","4Q":"13","6M":"13","5H":"13","5G":"13","5M":"13","9M":"13","7H":"13","8J":"13","5P":"13","4G":"13","CH":"13","7F":"13","7P":"13","98":"13","8C":"13","CC":"13","99":"13","4M":"13","CG":"13","89":"13","6F":"13","69":"13","9G":"13","9H":"13","79":"13","6P":"13","9J":"13","8M":"13","6J":"13","88":"13","7J":"13","CJ":"13","7C":"13","6Q":"13","5Q":"13","8P":"13"},"PV":{"8M":"13","CJ":"13","GG":"13","FH":"13","FG":"13","CM":"13","CH":"13","FJ":"13","9J":"13","GH":"13","FM":"13","9M":"13","CG":"13","9H":"13","GJ":"13"},"3C":{"MH":"13","GP":"13","PJ":"13","RH":"13","FP":"13","HM":"13","RM":"13","MM":"13","RJ":"13","GJ":"13","QM":"13","QG":"13","VJ":"13","PG":"13","JM":"13","RG":"13","MJ":"13","PM":"13","FM":"13","QH":"13","HH":"13","GM":"13","PH":"13","QJ":"13","HJ":"13","JH":"13","JJ":"13"},"28":{"MH":"13","PJ":"13","P9":"13","RH":"13","GG":"13","HF":"13","MG":"13","MC":"13","RJ":"13","JF":"13","QG":"13","QF":"13","VJ":"13","PG":"13","HG":"13","RG":"13","VG":"13","MJ":"13","QH":"13","PC":"13","JG":"13","HH":"13","QC":"13","JC":"13","M9":"13","PH":"13","VH":"13","GF":"13","QJ":"13","RF":"13","PF":"13","HJ":"13","MF":"13","JH":"13","JJ":"13"}},"65":{"PC":{"4J":"13","5J":"13","4H":"13"}},"59":{"WM":{"HP":"13"}},"FR":{"Q3":{"C6":"13","97":"13","H2":"13","G2":"13","96":"13"},"X3":{"J8":"13","H8":"13","G8":"13"},"V3":{"MP":"13","3V":"13","QM":"13","2V":"13","QQ":"13","2W":"13","MJ":"13","MM":"13","3W":"13","PQ":"13","PJ":"13","QP":"13","RP":"13","PM":"13","PP":"13","RM":"13"},"M8":{"5Q":"13","3Q":"13","4Q":"13","5P":"13","3R":"13"},"RH":{"P5":"13","GP":"13","HQ":"13","HP":"13","GM":"13","M2":"13","FM":"13","GQ":"13","M3":"13","FP":"13","HM":"13"},"FC":{"3V":"13","4W":"13","5W":"13","5V":"13","4V":"13","3W":"13"},"XQ":{"XF":"13","WF":"13"},"X4":{"X6":"13","W5":"13","X5":"13","X7":"13","W6":"13"},"Q2":{"GX":"13","HX":"13"},"XJ":{"8M":"13","8H":"13","9J":"13","9H":"13","8J":"13"},"V5":{"H3":"13","P3":"13","M2":"13","M4":"13","H2":"13","M3":"13","J3":"13","M5":"13","H4":"13","P4":"13","J2":"13","H5":"13","J4":"13","J5":"13"},"V9":{"FG":"13"},"W8":{"HR":"13"},"X5":{"XX":"13","VR":"13","WW":"13","XW":"13"},"P2":{"RX":"13","VX":"13"},"QG":{"F2":"13"},"QF":{"FX":"13"},"RG":{"X9":"13"},"X6":{"HG":"13","HH":"13","MG":"13","MF":"13","J9":"13","HC":"13","P9":"13","JF":"13","JG":"13","JH":"13","JC":"13","HF":"13"},"V4":{"HW":"13","JV":"13","JW":"13","HX":"13","JX":"13","W8":"13"},"PC":{"G3":"13","H5":"13","H4":"13","G4":"13","H3":"13","J4":"13","J5":"13"},"4M":{"W5":"13","X5":"13"},"W6":{"V4":"13","7G":"13","V5":"13","R4":"13","4P":"13","R5":"13","6H":"13","7M":"13","6M":"13","5M":"13","7H":"13","5P":"13","R6":"13","4M":"13","V6":"13","6P":"13","6J":"13","7J":"13"},"X7":{"XR":"13"},"M2":{"R3":"13","Q3":"13","Q2":"13","R2":"13"},"P3":{"R3":"13","Q3":"13","V3":"13","Q2":"13","R2":"13","V2":"13"},"VQ":{"83":"13","73":"13","72":"13","82":"13","93":"13","92":"13"},"R3":{"XQ":"13","XR":"13"}},"6C":{"6X":{"3X":"13","2X":"13"},"5G":{"MF":"13","JF":"13","JW":"13","JC":"13","HC":"13","MP":"13","MC":"13"},"6W":{"5J":"13","6H":"13","6J":"13","5H":"13"},"FM":{"FV":"13","FR":"13","FQ":"13","CQ":"13","GR":"13","GV":"13"},"H6":{"G3":"13","F3":"13","G4":"13","G5":"13","F4":"13"}},"83":{"MV":{"JF":"13","J8":"13","H9":"13","JC":"13","HC":"13","JG":"13","J9":"13"},"JP":{"9C":"13","H9":"13","C6":"13","F4":"13","GC":"13","G2":"13","G3":"13","C8":"13","98":"13","HC":"13","99":"13","97":"13","GF":"13","C7":"13","G4":"13","F3":"13","HF":"13"},"GP":{"XQ":"13","XR":"13"},"HW":{"5J":"13","5M":"13","6M":"13","6H":"13","6J":"13","5H":"13"},"HQ":{"R8":"13","V7":"13","VJ":"13","WH":"13","VG":"13","R7":"13","RJ":"13","VM":"13","WG":"13","R9":"13","WJ":"13","RM":"13","V8":"13","VH":"13"},"HP":{"3Q":"13","3V":"13","2R":"13","2Q":"13","2V":"13","3R":"13"},"JM":{"GX":"13","FX":"13","GW":"13"},"HV":{"X8":"13","Q8":"13","W8":"13","R9":"13","V8":"13","V3":"13","W9":"13","R8":"13","W4":"13","R2":"13","W3":"13","V7":"13","Q7":"13","R7":"13","P7":"13","V9":"13"}},"5V":{"HG":{"3P":"13","3M":"13","4M":"13","4P":"13"},"3W":{"R9":"13","RC":"13"}},"86":{"GM":{"62":"13","H3":"13","H2":"13","C3":"13","92":"13","F2":"13","G2":"13","C2":"13","G3":"13","52":"13","82":"13","93":"13"},"F4":{"68":"13"},"G3":{"4P":"13","7M":"13","8R":"13","4Q":"13","5P":"13","3P":"13","6R":"13","7P":"13","7R":"13","6P":"13","8M":"13","3Q":"13","8Q":"13","6Q":"13","7Q":"13","5Q":"13","8P":"13"},"52":{"P8":"13"},"7W":{"H2":"13"},"85":{"WX":"13"},"22":{"62":"13","63":"13","84":"13","83":"13","74":"13","5Q":"13","GH":"13","72":"13","X4":"13","42":"13","XV":"13","7P":"13","WV":"13","53":"13","28":"13","7Q":"13","52":"13","43":"13","29":"13","HH":"13","27":"13","8P":"13","73":"13","39":"13","64":"13","4Q":"13","6Q":"13"},"23":{"38":"13","5F":"13","P3":"13","PH":"13","RG":"13","P6":"13","QH":"13","68":"13","Q7":"13","JJ":"13","3F":"13","FX":"13","3C":"13","QG":"13","5G":"13","VP":"13","67":"13","Q4":"13","VG":"13","Q8":"13","4C":"13","WP":"13","29":"13","2C":"13","6G":"13","49":"13","Q6":"13","GX":"13","77":"13","P7":"13","RJ":"13","PG":"13","5C":"13","P8":"13","MJ":"13","VH":"13","MM":"13","QJ":"13","Q3":"13","39":"13","2F":"13","4F":"13","78":"13","RH":"13","6F":"13"},"7V":{"HX":"13"},"32":{"9Q":"13","8M":"13","26":"13","36":"13","29":"13","39":"13","38":"13","37":"13","9P":"13","8P":"13","28":"13","8J":"13","27":"13"},"MV":{"XF":"13","VF":"13","WF":"13","WG":"13","WC":"13"},"24":{"G6":"13","C5":"13","F7":"13","H7":"13","G5":"13","F6":"13","F4":"13","F2":"13","G2":"13","H6":"13","G3":"13","F5":"13","G8":"13","G4":"13","G7":"13","F3":"13"},"JH":{"63":"13","62":"13"},"G4":{"3V":"13","2V":"13","3R":"13"},"86":{"W2":"13"},"GJ":{"58":"13","7W":"13","9Q":"13","6W":"13","FX":"13","FQ":"13","FP":"13","CW":"13","8W":"13","6X":"13","8Q":"13","GW":"13","8R":"13","7C":"13","9V":"13","79":"13","7V":"13","9W":"13","CR":"13","HX":"13","CX":"13","CV":"13","GX":"13","FV":"13","68":"13","8V":"13","6C":"13","9R":"13","FR":"13","5X":"13","CQ":"13","7X":"13","FW":"13","67":"13","69":"13"},"4X":{"39":"13","57":"13","58":"13","68":"13","59":"13","47":"13","48":"13","37":"13","49":"13","38":"13","69":"13"}},"2W":{"PC":{"6V":"13","5V":"13"},"3H":{"QF":"13","PG":"13","PH":"13","PF":"13"}},"GQ":{"VQ":{"9X":"13","FX":"13","CX":"13"},"94":{"CW":"13","9X":"13","9W":"13","9V":"13","CV":"13","CX":"13"},"VR":{"F4":"13","C3":"13","83":"13","92":"13","F2":"13","94":"13","C2":"13","93":"13","C4":"13","F3":"13"},"7P":{"XG":"13","WH":"13","VG":"13","XF":"13","WF":"13","XH":"13","WG":"13","X9":"13","WJ":"13","XJ":"13","WC":"13","XC":"13"},"J2":{"7Q":"13","QF":"13","7R":"13","8R":"13"},"CG":{"MF":"13","JF":"13","JC":"13","MC":"13"},"95":{"92":"13"},"FW":{"F5":"13","G4":"13","G5":"13","F4":"13"},"9W":{"39":"13","47":"13","28":"13","27":"13","48":"13","37":"13","49":"13","36":"13","38":"13","26":"13"},"8P":{"29":"13","2C":"13","2F":"13","3J":"13","3G":"13","2J":"13","2G":"13","2H":"13","3H":"13"}},"4V":{"W7":{"G3":"13","J3":"13","H2":"13","H3":"13","J2":"13"},"WF":{"3G":"13","4G":"13","4H":"13","3H":"13"},"V9":{"6X":"13"}},"98":{"X6":{"9X":"13"},"W2":{"3V":"13","4V":"13"},"W3":{"9F":"13","8G":"13","8F":"13","9G":"13"},"X7":{"92":"13"},"CX":{"R8":"13","V8":"13","V9":"13"},"J5":{"FV":"13","GX":"13","FW":"13","FX":"13","GW":"13","GR":"13","GV":"13"}},"68":{"Q4":{"6H":"13","6J":"13"}},"X8":{"F2":{"QH":"13","MG":"13","Q8":"13","R9":"13","P8":"13","VC":"13","PG":"13","QF":"13","RC":"13","PF":"13","QC":"13","QG":"13","Q7":"13","P9":"13","PC":"13","PH":"13","MH":"13","Q9":"13"}},"3M":{"4X":{"8H":"13","P6":"13","P5":"13","M4":"13","5J":"13","6H":"13","M5":"13","M6":"13","8J":"13","7H":"13","P4":"13","6J":"13","7J":"13","P7":"13"},"2X":{"3V":"13","3R":"13"}}}}