{"index":{"university,1|retail,2|tourism,3|wreck,4|historical,5|artsCulture,6|namedBuilding,7|water,8|wetland,9|park,10|beach,11|natureReserve,12|cemetery,13|trail,14":{}},"8R":{"Q3":{"58":{"8G":"13","8F":"13","W6":"13"},"47":{"7F":"13","7G":"13"},"65":{"XP":"13"},"6V":{"X3":"13"},"6M":{"HX":"13"},"46":{"77":"13","67":"13"},"7V":{"23":"13"},"8J":{"4F":"13","3F":"13"},"55":{"54":"13","62":"13"},"75":{"4V":"13"},"3Q":{"VJ":"13","RJ":"13","VM":"13","RP":"13","RM":"13"},"54":{"MV":"13","PV":"13"},"48":{"M2":"13","P2":"13"},"CM":{"89":"13","79":"13","8C":"13","7C":"13"},"64":{"3V":"13","3W":"13"},"67":{"G9":"13","H9":"13","GC":"13"},"66":{"R7":"13","R6":"13"}},"G2":{"46":{"4H":"13"},"7J":{"Q4":"13","V3":"13","P4":"13"},"PG":{"RG":"13"},"72":{"CW":"13","5R":"13","VR":"13","FH":"13","2P":"13","FW":"13","GH":"13","JQ":"13","2M":"13"},"44":{"W4":"13","X4":"13","2P":"13","P3":"13"},"3C":{"78":"13","57":"13","47":"13","4C":"13","97":"13","87":"13","2G":"13","4F":"13"},"JF":{"HG":"13","FF":"13","FG":"13","XX":"13","25":"13","7H":"13","4M":"13","23":"13","JG":"13","24":"13"},"43":{"V4":"13","M2":"13","3H":"13","V3":"13","W9":"13","6M":"13","CH":"13","PR":"13","2F":"13","X4":"13","97":"13","QR":"13","6P":"13","2G":"13"},"VM":{"PG":"13","PF":"13"},"4Q":{"MG":"13","PG":"13","VR":"13","CH":"13","CG":"13","G8":"13","9H":"13","7R":"13","MH":"13","MV":"13","7Q":"13"},"5C":{"H2":"13","G2":"13"},"8H":{"X3":"13","V3":"13","C3":"13","H2":"13","C8":"13","X4":"13","C2":"13","H4":"13","6M":"13","M7":"13","7P":"13","2R":"13","QQ":"13","VG":"13","36":"13","2W":"13","M6":"13","V2":"13","C7":"13","HC":"13","2V":"13","J2":"13","M9":"13","97":"13","7M":"13","48":"13","X2":"13"},"38":{"86":"13","F3":"13","76":"13","72":"13","5G":"13","G8":"13","G7":"13","Q7":"13","V5":"13"},"23":{"QJ":"13","PJ":"13","HJ":"13","MM":"13","XQ":"13","QM":"13","4H":"13","MJ":"13","3H":"13","RP":"13","VP":"13"},"32":{"XC":"13","QQ":"13","XX":"13","RC":"13","MW":"13","PJ":"13","RP":"13","QR":"13","PM":"13","VJ":"13","PX":"13"},"8P":{"RW":"13","HP":"13","8V":"13","RM":"13","3W":"13"},"WV":{"8C":"13"},"J8":{"9R":"13"},"HF":{"V5":"13","V8":"13","WW":"13","FJ":"13","W6":"13","W9":"13","W3":"13","WX":"13","V7":"13","W7":"13","HV":"13","X4":"13","X5":"13","V6":"13","X3":"13","GJ":"13","RX":"13","6Q":"13","7Q":"13"},"28":{"W4":"13","Q6":"13"},"3R":{"F2":"13","93":"13"},"HG":{"G3":"13","JF":"13","C9":"13","F9":"13","C4":"13"},"35":{"42":"13","C2":"13"},"GH":{"99":"13","9C":"13"},"67":{"38":"13","7M":"13","X4":"13","7V":"13","7J":"13","28":"13"},"4R":{"W4":"13","W5":"13","FM":"13"},"7Q":{"Q6":"13","4W":"13","63":"13","74":"13","FC":"13","GC":"13","G9":"13","C8":"13","R6":"13","Q7":"13","3V":"13","6V":"13","3R":"13","7H":"13","R7":"13","9V":"13","29":"13","75":"13","C7":"13","98":"13","4F":"13","49":"13","97":"13","FF":"13","3M":"13","R3":"13","R2":"13"},"99":{"4V":"13"},"5G":{"WP":"13"},"V8":{"H8":"13","G8":"13","G7":"13","H7":"13"},"5Q":{"VQ":"13","MG":"13","4P":"13","MR":"13","MJ":"13","3H":"13","8J":"13","WQ":"13","PR":"13","Q6":"13","Q5":"13","V6":"13","VJ":"13","MH":"13"},"79":{"5J":"13","6J":"13","3C":"13"},"W8":{"JV":"13","HV":"13"},"VR":{"FQ":"13","CQ":"13"},"CJ":{"34":"13","24":"13","35":"13"},"6R":{"Q4":"13","V2":"13","W2":"13","QM":"13","M3":"13","F4":"13","83":"13","73":"13","XF":"13","36":"13","82":"13","72":"13","J5":"13"},"8Q":{"47":"13","3H":"13","48":"13"},"6J":{"8F":"13","G2":"13","7F":"13","23":"13","7R":"13","24":"13","7Q":"13"},"39":{"3X":"13"},"VV":{"P7":"13"},"FJ":{"GF":"13","FG":"13","FF":"13"},"3Q":{"QJ":"13"},"9H":{"5C":"13","2X":"13","4G":"13","7W":"13","8W":"13"},"49":{"CP":"13","GR":"13","99":"13","7X":"13","6V":"13","89":"13","7V":"13","9P":"13","JR":"13","88":"13","Q3":"13","R3":"13"},"7G":{"VV":"13","FX":"13","4J":"13","J7":"13","59":"13","9M":"13","CC":"13","4M":"13","5C":"13","6V":"13","69":"13","PM":"13","FW":"13","9P":"13","PP":"13"},"QR":{"Q8":"13","M7":"13","M8":"13","P8":"13","P6":"13","P5":"13","M5":"13","M6":"13","Q7":"13","Q6":"13","Q5":"13","P7":"13"},"92":{"H2":"13","H3":"13"},"XV":{"79":"13","78":"13"},"58":{"H3":"13","3R":"13","J3":"13","35":"13","7H":"13","89":"13","79":"13","26":"13","7J":"13"},"6Q":{"8H":"13","8G":"13","57":"13","FJ":"13","MJ":"13","X9":"13","MM":"13","VW":"13","JJ":"13","WX":"13","CH":"13","VX":"13","7V":"13","CJ":"13","FH":"13","6Q":"13","7Q":"13"},"9F":{"39":"13","67":"13","68":"13"},"4P":{"7X":"13"},"5H":{"P5":"13","XG":"13","QX":"13","FH":"13","FG":"13","RX":"13","WG":"13","MP":"13","QQ":"13","GW":"13","C3":"13","RC":"13"},"JG":{"58":"13","55":"13","57":"13"},"5R":{"RF":"13","42":"13"},"7R":{"QJ":"13","Q3":"13","QM":"13","RJ":"13","QP":"13","RP":"13","J6":"13","RM":"13","J9":"13","H6":"13","G6":"13"},"76":{"MW":"13"},"5J":{"R3":"13","GG":"13","J8":"13","3P":"13","3M":"13"},"QF":{"56":"13"},"42":{"74":"13","FR":"13","P8":"13","2C":"13","4J":"13","28":"13","5M":"13","J6":"13","45":"13","2F":"13","P7":"13"},"RM":{"CQ":"13","CV":"13","CP":"13","8R":"13","9M":"13","9R":"13","9Q":"13","9V":"13","9P":"13","8M":"13","CR":"13","8Q":"13","8P":"13"},"62":{"CW":"13","HF":"13","CJ":"13","29":"13","39":"13","38":"13","HP":"13","JF":"13","JC":"13","9W":"13","9V":"13","RX":"13","CV":"13","HM":"13","28":"13"},"53":{"XQ":"13","P5":"13","RG":"13","QQ":"13","CM":"13","6H":"13","83":"13","CP":"13","9M":"13","7H":"13","P4":"13","VM":"13","XR":"13","HV":"13","VG":"13","QR":"13","84":"13"},"24":{"MM":"13","CH":"13","CG":"13"},"6M":{"92":"13","GG":"13","C2":"13","73":"13","89":"13","9G":"13","9H":"13","G4":"13","MX":"13","JR":"13","88":"13","HW":"13"},"JH":{"XV":"13","WV":"13","WR":"13","XR":"13","VX":"13"},"8C":{"54":"13","29":"13"},"7M":{"PQ":"13"},"34":{"Q8":"13","XC":"13","XP":"13","R2":"13","FP":"13","XF":"13","RP":"13","CR":"13","PP":"13","4X":"13","Q9":"13","VP":"13","WF":"13"},"56":{"RH":"13","X6":"13","JC":"13","HC":"13","FH":"13","FJ":"13"},"89":{"XM":"13","9R":"13","WQ":"13","WP":"13"},"J9":{"C5":"13"},"7H":{"63":"13","9M":"13","RX":"13","RV":"13","95":"13","9P":"13","C8":"13","C5":"13","PR":"13","86":"13","C4":"13","9J":"13","V5":"13","V9":"13","7H":"13","F9":"13","28":"13","99":"13","F8":"13","8J":"13","W9":"13","JX":"13","94":"13","R5":"13","98":"13","96":"13","8P":"13","8M":"13","RF":"13","RW":"13"},"8M":{"7Q":"13"},"RC":{"7Q":"13","5R":"13","8Q":"13","7R":"13","8R":"13","5V":"13"},"4M":{"J7":"13","MR":"13","7J":"13","MW":"13"},"2C":{"QJ":"13","VJ":"13","QM":"13","42":"13","RJ":"13","VH":"13"},"48":{"XV":"13","GX":"13","38":"13","75":"13","V4":"13","G4":"13","HX":"13","66":"13","R4":"13","P4":"13","X7":"13","W9":"13","X8":"13"},"52":{"X8":"13","MG":"13","WH":"13","6C":"13","X9":"13","MW":"13","PJ":"13","JP":"13","85":"13","JF":"13","WJ":"13","89":"13","6F":"13","VJ":"13","JG":"13","MV":"13","86":"13","VH":"13","CR":"13","7C":"13","HW":"13","HF":"13"},"8F":{"34":"13","36":"13","M5":"13","72":"13","3J":"13","W9":"13","33":"13"},"6P":{"PJ":"13","WV":"13","MQ":"13"},"QC":{"4P":"13","3M":"13","6H":"13","4Q":"13","FP":"13","5P":"13","FC":"13","VR":"13","RR":"13"},"27":{"H9":"13","JC":"13","HC":"13","XM":"13","WM":"13","J9":"13"},"54":{"77":"13","M2":"13","67":"13","M4":"13","M3":"13","P2":"13","68":"13","C5":"13","78":"13"},"7C":{"78":"13","8X":"13","CQ":"13","RG":"13","35":"13","X9":"13","FQ":"13","GV":"13","CP":"13","8F":"13","FP":"13","RV":"13","32":"13","PH":"13","6P":"13","CR":"13"},"JC":{"7J":"13"},"JM":{"84":"13"},"69":{"V4":"13","G9":"13","8G":"13","W5":"13","3R":"13","QM":"13","MJ":"13","CV":"13","F8":"13","47":"13","W4":"13","RQ":"13","9R":"13","4G":"13","F9":"13","HC":"13","9V":"13","G8":"13","4W":"13","PH":"13","MH":"13","3Q":"13","CR":"13","HF":"13"},"63":{"R2":"13","VM":"13"},"4J":{"QX":"13","VR":"13"},"33":{"X6":"13","W5":"13","WV":"13","X5":"13","XF":"13","99":"13","5M":"13","WR":"13","5G":"13","WG":"13","C9":"13","4M":"13","3H":"13","H7":"13","7R":"13","W6":"13"},"8G":{"CW":"13","5W":"13","PV":"13","VX":"13","5V":"13"},"XW":{"R7":"13"},"37":{"7X":"13","4V":"13"},"7F":{"C5":"13","R4":"13","HP":"13","P3":"13","M2":"13","C9":"13","GC":"13","FQ":"13","F8":"13","4Q":"13","M9":"13","C8":"13","99":"13","V6":"13","HQ":"13","G7":"13","P2":"13"},"6H":{"5Q":"13","38":"13","GH":"13","7F":"13","8F":"13","2X":"13","C4":"13","53":"13","5R":"13","GJ":"13","QG":"13","MJ":"13","2Q":"13","7G":"13","75":"13","HH":"13","9F":"13","GM":"13","WG":"13","WH":"13","48":"13","VH":"13","QJ":"13","HJ":"13","R3":"13","R2":"13"},"MF":{"W3":"13","X3":"13"},"4C":{"34":"13","26":"13","57":"13","35":"13"},"VF":{"J4":"13"},"64":{"FC":"13","9R":"13","GQ":"13","C8":"13"},"66":{"3Q":"13","26":"13","Q8":"13","3P":"13","5G":"13","9R":"13","Q7":"13","5F":"13","CR":"13","4P":"13"},"65":{"W5":"13","X5":"13","99":"13","HG":"13","93":"13","C9":"13"},"59":{"XP":"13","XQ":"13","RR":"13","RQ":"13"},"6G":{"WG":"13","Q4":"13","8X":"13","G9":"13","P3":"13","RG":"13","V3":"13","FP":"13","5M":"13","X4":"13","Q5":"13","9J":"13","J5":"13"},"Q6":{"HF":"13"},"68":{"4X":"13","4G":"13","JM":"13","HM":"13"},"QH":{"8R":"13","8W":"13"},"57":{"3Q":"13","RR":"13"},"WM":{"R4":"13"},"9P":{"8H":"13","MQ":"13"}},"P4":{"9C":{"6F":"13","5G":"13","6G":"13","5F":"13"},"38":{"6Q":"13","6P":"13"},"G9":{"36":"13","46":"13","45":"13"},"QP":{"J6":"13","J5":"13"},"4G":{"H9":"13","H8":"13","82":"13","92":"13"},"8F":{"GG":"13","GF":"13","FH":"13","FG":"13","GH":"13"},"4H":{"G7":"13","H7":"13","H6":"13","G6":"13"},"PQ":{"MC":"13"},"4C":{"QM":"13","PM":"13"},"7C":{"MF":"13","23":"13","24":"13","PC":"13","MC":"13","PF":"13"},"P2":{"RP":"13"},"H8":{"C6":"13","C7":"13"},"8J":{"34":"13","26":"13","36":"13","25":"13","24":"13","35":"13"},"59":{"69":"13","59":"13","79":"13","6C":"13","68":"13","78":"13","7C":"13"},"MV":{"3F":"13"},"25":{"2G":"13","2H":"13"},"HX":{"86":"13","97":"13","85":"13","87":"13","95":"13","96":"13"},"29":{"WR":"13","XR":"13","WQ":"13"},"3C":{"H2":"13","XC":"13"},"4F":{"8X":"13"},"49":{"MX":"13"},"6C":{"6V":"13"},"WH":{"G7":"13","F6":"13","G6":"13"},"48":{"X8":"13","W8":"13","X7":"13","3F":"13","W7":"13","2F":"13","2G":"13"},"RF":{"MF":"13","JF":"13","JG":"13"}},"M8":{"RR":{"5J":"3"},"VR":{"85":"13","9M":"13"}},"J5":{"P5":{"M5":"13","M6":"13"},"W4":{"57":"13","58":"13","46":"13","59":"13","47":"13","48":"13","4C":"13","56":"13","49":"13","5C":"13"},"QF":{"XV":"13","WV":"13","WW":"13","XW":"13"},"M5":{"6Q":"13","5P":"13","6P":"13"},"W5":{"2P":"13","2M":"13"},"Q5":{"WH":"13","VG":"13","WG":"13","VH":"13"},"W2":{"3V":"13","2R":"13","2V":"13","3R":"13"},"R5":{"9J":"13"},"W3":{"7R":"13"},"25":{"C2":"13"},"W7":{"FJ":"13"},"24":{"CX":"13"},"WF":{"V4":"13","R4":"13"},"VW":{"MF":"13","JF":"13"},"G7":{"3G":"13","3H":"13"},"77":{"RV":"13","RW":"13","QW":"13","QV":"13"},"W9":{"7H":"13","8G":"13","8H":"13","7G":"13"},"M4":{"WR":"13","XR":"13","WQ":"13"},"RM":{"44":"13"},"48":{"J3":"13","M3":"13"},"68":{"F5":"13","F6":"13"},"33":{"87":"13"},"W6":{"5R":"13","6V":"13","99":"13","89":"13","6R":"13","9C":"13","8C":"13","5V":"13"},"V5":{"XP":"13","7H":"13","XM":"13","6H":"13","XJ":"13"}},"Q4":{"84":{"M9":"13","MC":"13"},"75":{"WV":"13","WR":"13"},"76":{"HF":"13","HC":"13"},"49":{"MF":"13","PC":"13","MC":"13","PF":"13","MG":"13"},"56":{"XQ":"13"},"28":{"P7":"13","P8":"13","M7":"13"}},"C3":{"X4":{"2J":"13","2H":"13"},"J6":{"G6":"13","H7":"13","P8":"13","PV":"13","QV":"13","J8":"13","H6":"13","5P":"13","P4":"13","P9":"13","6P":"13","G4":"13","G7":"13"},"F2":{"89":"13"},"M5":{"VQ":"13","9C":"13","MR":"13","92":"13","4V":"13","FC":"13","C2":"13","F9":"13","WQ":"13","VM":"13","GQ":"13","4W":"13","VJ":"13","JR":"13","55":"13","VP":"13","54":"13"},"M8":{"32":"13"},"WH":{"QJ":"13","JP":"13","39":"13","38":"13","37":"13","HQ":"13","HP":"13","65":"13","QH":"13","49":"13","66":"13","4C":"13","3C":"13","5F":"13","28":"13"},"PG":{"87":"13","QP":"13","QQ":"13"},"72":{"XV":"13","Q3":"13","HX":"13","XR":"13","JX":"13"},"C3":{"69":"13","2C":"13","F5":"13","4R":"13","GH":"13","JR":"13","3R":"13"},"GC":{"98":"13"},"J2":{"W2":"13","W3":"13","P7":"13"},"P7":{"4J":"13","FC":"13","3J":"13","J4":"13","WC":"13","XC":"13","J5":"13","FF":"13"},"FF":{"9F":"13","3Q":"13","8F":"13"},"VJ":{"Q2":"13"},"F5":{"5R":"13","6V":"13","FJ":"13","JX":"13","GJ":"13","5V":"13"},"XJ":{"W8":"13","V8":"13","V9":"13"},"V5":{"H2":"13","G2":"13"},"C4":{"HH":"13","46":"13","F8":"13","HG":"13","45":"13","35":"13","GV":"13"},"J8":{"34":"13","JW":"13","HX":"13","JX":"13"},"HF":{"32":"13"},"G6":{"HG":"13","HH":"13","F4":"13","RP":"13","F5":"13","JG":"13","JH":"13","VP":"13"},"V2":{"34":"13","CH":"13","35":"13","CG":"13"},"W6":{"PV":"13","QV":"13"},"QG":{"V4":"13","G2":"13","V5":"13"},"F6":{"F7":"13","F6":"13","MR":"13","6W":"13","J2":"13","6V":"13","6X":"13","MV":"13"},"H8":{"X5":"13","X4":"13"},"9G":{"PJ":"13","PH":"13"},"X7":{"26":"13","27":"13"},"GF":{"3J":"13","57":"13","67":"13"},"H5":{"7F":"13","HF":"13","HC":"13","W8":"13","7R":"13","8R":"13"},"R4":{"Q3":"13","5R":"13","39":"13","2P":"13","3C":"13","2Q":"13","33":"13"},"W8":{"CP":"13","CM":"13","FM":"13","FP":"13"},"73":{"XP":"13","P4":"13"},"RG":{"4R":"13","4V":"13"},"Q3":{"M7":"13","W6":"13","47":"13","R8":"13","4Q":"13","GG":"13","V7":"13","PR":"13","W7":"13","4R":"13","QR":"13","V6":"13","3Q":"13"},"J4":{"GX":"13","GW":"13"},"C5":{"M8":"13","WH":"13","P8":"13","WM":"13","7M":"13","6M":"13","M9":"13","C2":"13","VM":"13","7P":"13","WJ":"13","PW":"13","VJ":"13","6P":"13","87":"13","PX":"13"},"J5":{"F4":"13","C9":"13","G2":"13","27":"13","G3":"13","F9":"13","HV":"13","JV":"13","C4":"13"},"P4":{"25":"13","24":"13","6H":"13","6G":"13","P4":"13","M4":"13"},"MG":{"V4":"13","V5":"13"},"Q5":{"4F":"13","5G":"13","FG":"13","5P":"13","4G":"13","CG":"13","FF":"13","CF":"13","4P":"13"},"WG":{"4W":"13","PG":"13","4V":"13"},"C2":{"H8":"13","C5":"13","QJ":"13","FM":"13","FJ":"13","3X":"13","F4":"13","GV":"13","J8":"13","HV":"13","F5":"13","C4":"13","HQ":"13","8P":"13"},"92":{"W5":"13","MP":"13"},"CF":{"X6":"13","WP":"13"},"C7":{"MX":"13","VG":"13","FG":"13","MJ":"13","VH":"13","PW":"13","MW":"13"},"M4":{"H7":"13","58":"13","68":"13","WW":"13","59":"13","VW":"13","7C":"13","6Q":"13","96":"13"},"F4":{"36":"13","J8":"13","JH":"13","M8":"13","JJ":"13","MJ":"13","X9":"13","35":"13","M7":"13","GJ":"13","X8":"13"},"H6":{"FC":"13","FW":"13","FX":"13","GC":"13"},"J3":{"P7":"13","46":"13","55":"13","45":"13","M2":"13","WW":"13","P2":"13"},"VH":{"HH":"13","66":"13","HG":"13","77":"13","67":"13"},"R2":{"VG":"13","Q5":"13","Q6":"13","5G":"13","42":"13","87":"13","77":"13","5H":"13","GJ":"13"},"M6":{"VV":"13","CC":"13","VR":"13","99":"13","C9":"13"},"HC":{"HQ":"13","3X":"13","HR":"13"},"XP":{"VJ":"13","VH":"13"},"C6":{"W9":"13","6M":"13","5M":"13","5P":"13","GQ":"13","QR":"13","6P":"13","V9":"13"},"W5":{"4J":"13","4M":"13"},"85":{"P5":"13","M5":"13","P4":"13","M4":"13"},"QF":{"RV":"13","GX":"13","J3":"13","QR":"13","RR":"13","QV":"13"},"G5":{"XV":"13","XW":"13"},"GG":{"9Q":"13","68":"13"},"Q4":{"M7":"13","8G":"13","2P":"13","J7":"13","9M":"13","94":"13","9Q":"13","9G":"13","95":"13","9H":"13","7R":"13","9P":"13","2Q":"13","7Q":"13"},"P3":{"H8":"13","9C":"13","WR":"13","MR":"13","PV":"13","X2":"13","PR":"13","WQ":"13","24":"13","MV":"13"},"F7":{"WH":"13","RR":"13","HC":"13","VH":"13","GC":"13"},"82":{"78":"13","P8":"13","6C":"13","68":"13","4H":"13","MF":"13","3H":"13","34":"13","92":"13","5H":"13","5G":"13","C2":"13","4G":"13","MC":"13","F9":"13","C8":"13","8C":"13","89":"13","93":"13","69":"13","C7":"13","79":"13","24":"13","88":"13","7C":"13"},"RH":{"J7":"13","H7":"13","J6":"13","H6":"13"},"V3":{"86":"13","76":"13","4R":"13","49":"13","FM":"13","FP":"13"},"P6":{"J7":"13","7H":"13","29":"13","97":"13","H7":"13","7J":"13","J6":"13","28":"13","H6":"13"},"R3":{"9F":"13","6F":"13","PH":"13","4R":"13","9C":"13","6C":"13","3R":"13","78":"13","7C":"13"},"C9":{"7G":"13","6G":"13","P3":"13","6C":"13","M3":"13","7F":"13","98":"13","RF":"13","99":"13","89":"13","6F":"13","QX":"13","69":"13","PM":"13","86":"13","88":"13"},"C8":{"H8":"13","GP":"13","H3":"13","G9":"13","P6":"13","CF":"13","J3":"13","C3":"13","FQ":"13","QV":"13","FP":"13","G3":"13","GQ":"13","RF":"13","RV":"13","CG":"13","G8":"13"},"P8":{"C2":"13","C3":"13","7G":"13"},"V4":{"87":"13","CG":"13"},"F9":{"8M":"13","9J":"13","9M":"13"},"W9":{"G4":"13"},"93":{"C5":"13","M7":"13","XC":"13","M8":"13","P6":"13","P5":"13","F4":"13","J7":"13","Q6":"13","JF":"13","F5":"13","V6":"13","C4":"13","HF":"13"},"VG":{"6F":"13","5G":"13","6G":"13","5F":"13"},"H4":{"JW":"13","JX":"13"},"H2":{"88":"13","87":"13","6M":"13"},"J9":{"F3":"13"},"F3":{"MV":"13","QF":"13","WV":"13","JV":"13","JF":"13","C2":"13","CH":"13","MR":"13","JR":"13","JG":"13","9H":"13","XW":"13","PF":"13"},"G4":{"VQ":"13","QJ":"13","65":"13","C3":"13","92":"13","VF":"13","RQ":"13","PJ":"13","48":"13","C2":"13","VR":"13","RR":"13","VG":"13","93":"13","38":"13"},"QC":{"FR":"13","CR":"13"},"M2":{"HG":"13","HH":"13","75":"13","65":"13","45":"13","66":"13","37":"13","36":"13"},"P2":{"H8":"13","GX":"13","H3":"13","H9":"13","QH":"13","75":"13","P8":"13","FX":"13","XX":"13","MW":"13","J8":"13","4V":"13","J9":"13","RH":"13","P9":"13","4R":"13"},"W4":{"F7":"13","8H":"13","6H":"13","XH":"13","RC":"13","QC":"13","7H":"13","CH":"13","9G":"13","9H":"13","9J":"13","6J":"13","7J":"13","CJ":"13"},"W7":{"J7":"13","H7":"13"},"G2":{"V3":"13","HH":"13","4X":"13","3X":"13","JH":"13","V2":"13","HG":"13"},"MC":{"JP":"13","HP":"13","JM":"13","HM":"13"},"G3":{"GM":"13","GP":"13","Q4":"13","43":"13","HP":"13","CF":"13","J3":"13","HM":"13","MC":"13","3C":"13","42":"13","J4":"13","32":"13","JC":"13","55":"13","Q3":"13"},"P5":{"F3":"13","69":"13","46":"13","45":"13","WW":"13","3W":"13"},"M7":{"8M":"13","6F":"13","6G":"13","2R":"13","G2":"13","VC":"13","8J":"13","MW":"13"},"CC":{"XQ":"13","R5":"13","QQ":"13","PQ":"13","PR":"13","XR":"13","2J":"13","Q5":"13","QR":"13","RM":"13"},"Q2":{"H8":"13","XC":"13","35":"13","XJ":"13","F2":"13","G2":"13","45":"13","37":"13","G8":"13","JV":"13","8M":"13","9W":"13","4F":"13"},"MF":{"VV":"13","G9":"13","HQ":"13","H9":"13","HC":"13","VW":"13","GC":"13"},"H3":{"63":"13","54":"13","42":"13","64":"13"},"M3":{"4Q":"13","F2":"13","5X":"13","C2":"13","4C":"13","53":"13","49":"13","6X":"13","RW":"13"},"F8":{"78":"13","57":"13","58":"13","6C":"13","68":"13","5W":"13","59":"13","M9":"13","7F":"13","5F":"13","5C":"13","89":"13","6F":"13","69":"13","79":"13","67":"13","7C":"13"},"J7":{"7G":"13","CQ":"13","FX":"13","35":"13","34":"13","25":"13","9Q":"13","X4":"13","X5":"13","CX":"13"},"W3":{"FH":"13","FG":"13","CH":"13","WX":"13","CG":"13","VX":"13"},"95":{"RF":"13","G9":"13","G8":"13","XC":"13"},"83":{"63":"13","54":"13","99":"13","2P":"13","89":"13","64":"13","67":"13","5H":"13","2Q":"13","53":"13","62":"13","8C":"13","68":"13"},"X8":{"RJ":"13"},"Q8":{"2H":"13","9G":"13"}},"H2":{"PW":{"MR":"13"},"QM":{"9W":"13","8V":"13","7W":"13","7V":"13","8W":"13"},"PP":{"X9":"13","W8":"13","WC":"13","W9":"13","X8":"13"},"WJ":{"HW":"13","GW":"13","HV":"13"},"5F":{"J7":"13","JH":"13"},"QV":{"W4":"13","5C":"13","W5":"13","V4":"13","4Q":"13","72":"13","9J":"13","9H":"13","V5":"13","4P":"13"},"V4":{"7H":"13","CJ":"13","7M":"13","8G":"13","6M":"13","9J":"13","7J":"13"},"PH":{"JF":"13","VP":"13","JG":"13","WP":"13","V8":"13"},"QR":{"7H":"13","Q8":"13","95":"13","7X":"13","C5":"13","7G":"13"},"RM":{"F2":"13","F8":"13","G8":"13","G7":"13","F7":"13","V6":"13","V5":"13"},"QH":{"9W":"13"},"QQ":{"JW":"13","MW":"13"},"RP":{"PJ":"13","2W":"13","MM":"13","PM":"13","93":"13","MJ":"13","92":"13","4V":"13"},"WX":{"4F":"13","4G":"13","3F":"13"},"FX":{"QR":"13","QV":"13"},"V9":{"P7":"13","P6":"13"},"VP":{"86":"13","3V":"13","FC":"13","F8":"13","3H":"13","3R":"13","F9":"13","GC":"13"},"X4":{"8M":"13","9P":"13","9M":"13","8P":"13"},"GW":{"C6":"13","F5":"13","F6":"13","C5":"13"},"FW":{"R5":"13"},"48":{"H8":"13","H7":"13"},"RR":{"J3":"13","J2":"13","M2":"13","M3":"13"},"XW":{"94":"13"},"2J":{"VR":"13"},"HC":{"R7":"13","R6":"13"},"WM":{"3V":"13","7J":"13","3R":"13","CF":"13"},"MC":{"JP":"13","CJ":"13","MP":"13","96":"13"},"C4":{"M4":"13"},"RQ":{"7G":"13","78":"13","77":"13","6G":"13","Q8":"13","8G":"13","P8":"13","8F":"13","7H":"13","CH":"13","Q7":"13","7F":"13","CG":"13","6F":"13","88":"13","P7":"13"},"W4":{"FV":"13"},"W8":{"PQ":"13","PR":"13"},"WW":{"JW":"13","JX":"13"},"Q6":{"2R":"13","2Q":"13"},"GX":{"36":"13","37":"13"},"P7":{"W5":"13","M8":"13"},"RJ":{"7G":"13","6G":"13","FX":"13","XH":"13","CW":"13","XG":"13","4C":"13"},"RV":{"3G":"13","2G":"13"},"W6":{"G9":"13","WR":"13","C3":"13","9H":"13","9G":"13","GC":"13"},"F6":{"JW":"13","JX":"13"},"VJ":{"XP":"13","RV":"13","4F":"13","3G":"13","2G":"13","57":"13","56":"13","2H":"13","3F":"13","HR":"13","GJ":"13","QV":"13"},"XM":{"7C":"13"},"QP":{"XP":"13","39":"13","49":"13","93":"13","92":"13","XW":"13"},"Q3":{"6C":"13"},"J8":{"28":"13"},"XP":{"F8":"13"},"V8":{"JC":"13","W9":"13","J9":"13","V9":"13"},"Q5":{"M2":"13","M3":"13"}},"72":{"VM":{"JP":"13","9W":"13","JM":"13"},"G8":{"84":"13"},"93":{"X6":"13","98":"13","W5":"13","99":"13","W6":"13"},"QM":{"MF":"13","QQ":"13"},"J9":{"7H":"13"},"PP":{"5W":"13","4R":"13","5V":"13"},"WJ":{"5Q":"13","4Q":"13","6H":"13","5H":"13"},"H4":{"8V":"13","4J":"13","5J":"13","4H":"13","5H":"13","WJ":"13","VJ":"13","PH":"13","MH":"13"},"HF":{"VQ":"13","Q4":"13","74":"13","H9":"13","MG":"13","R4":"13","68":"13","MF":"13","92":"13","X2":"13","M9":"13","JJ":"13","73":"13","J9":"13","QG":"13","82":"13","JF":"13","CG":"13","89":"13","JG":"13","X3":"13"},"P3":{"P5":"13","GX":"13","HJ":"13","54":"13","44":"13","Q8":"13","X4":"13","JJ":"13","FX":"13","43":"13","53":"13","V6":"13","Q7":"13","JM":"13","FP":"13","HM":"13"},"V4":{"Q5":"13","Q6":"13","3M":"13","4M":"13"},"R9":{"55":"13","56":"13"},"H9":{"4J":"13","5J":"13","65":"13","9X":"13","66":"13","64":"13","5H":"13"},"RM":{"P7":"13","HR":"13","HV":"13","GV":"13"},"RG":{"7G":"13","8H":"13","8G":"13","M5":"13","3W":"13","M9":"13","J9":"13","42":"13","Q6":"13","93":"13","72":"13","4W":"13"},"M4":{"84":"13","93":"13","94":"13"},"R6":{"J2":"13","PQ":"13"},"QH":{"HJ":"13","HH":"13","JH":"13","JJ":"13"},"PM":{"F8":"13","F9":"13"},"G9":{"JC":"13","J9":"13"},"J5":{"C5":"13","C6":"13","C3":"13","94":"13","85":"13","93":"13","95":"13","C4":"13","84":"13","96":"13"},"QC":{"CG":"13","G6":"13"},"QF":{"QF":"13","QG":"13","PG":"13"},"H6":{"V4":"13","V2":"13","R4":"13","W2":"13","V3":"13","R2":"13","W3":"13","Q2":"13","22":"13","Q3":"13","R3":"13","P2":"13"},"Q7":{"JV":"13","JR":"13"},"RP":{"83":"13","84":"13","RG":"13","VG":"13","WR":"13","FW":"13","XR":"13","FX":"13","92":"13"},"RC":{"C6":"13","F6":"13"},"X6":{"H8":"13","H7":"13","H9":"13","M8":"13","J8":"13","M9":"13","J9":"13","G7":"13","VP":"13"},"QG":{"VV":"13"},"JG":{"26":"13","74":"13"},"V9":{"H3":"13"},"PQ":{"77":"13"},"VP":{"XC":"13","CF":"13","33":"13","3P":"13","XF":"13","32":"13","JH":"13","WC":"13","7J":"13","GJ":"13","WF":"13"},"X4":{"HP":"13","VC":"13","47":"13","W9":"13","27":"13","37":"13","JP":"13","P9":"13","38":"13","JQ":"13","HQ":"13","8M":"13","WC":"13","8P":"13"},"Q4":{"2C":"13","2F":"13","3C":"13","3F":"13"},"VG":{"R3":"13","Q2":"13","R2":"13","2G":"13","P3":"13","P2":"13"},"42":{"Q3":"13","P9":"13","9M":"13","J5":"13","QP":"13","WF":"13","C8":"13","C5":"13","C4":"13","9J":"13","MM":"13","MW":"13","J4":"13","GR":"13","QQ":"13","F9":"13","P2":"13","QF":"13","JM":"13","F8":"13","MV":"13","P8":"13","PC":"13","Q9":"13","HC":"13","QC":"13","CX":"13","CJ":"13","JC":"13","C9":"13","P3":"13","HQ":"13","CM":"13","QJ":"13","MQ":"13","HW":"13","CQ":"13"},"Q9":{"G3":"13","93":"13","C3":"13"},"X2":{"4C":"13"},"M2":{"RH":"13","JC":"13","RJ":"13","66":"13","57":"13","XR":"13","56":"13","67":"13"},"V3":{"8M":"13","7Q":"13","7R":"13","8R":"13"},"W3":{"75":"13","65":"13","25":"13","66":"13","M7":"13"},"Q8":{"J8":"13","F5":"13","H9":"13","72":"13","H8":"13","J9":"13"},"HG":{"X6":"13"},"W7":{"W2":"13","W3":"13"},"WM":{"52":"13"},"HC":{"6H":"13","X9":"13","92":"13","CP":"13","JM":"13","6W":"13","JP":"13","VM":"13","QP":"13","GQ":"13","89":"13","4R":"13","79":"13","6J":"13","9P":"13","7J":"13","RM":"13"},"MC":{"Q6":"13","R6":"13"},"Q2":{"8X":"13","V2":"13","Q8":"13","M7":"13","57":"13","P6":"13","5W":"13","3M":"13","46":"13","8W":"13","V3":"13","M6":"13","4V":"13","36":"13","4W":"13","79":"13","3J":"13","88":"13","7C":"13","P7":"13"},"JC":{"7G":"13","3R":"13","CV":"13","FQ":"13","9M":"13","FV":"13","36":"13","69":"13","79":"13","3Q":"13"},"33":{"V3":"13","66":"13","WX":"13","W9":"13","WW":"13","V6":"13","V5":"13"},"43":{"HG":"13","G9":"13","H3":"13","FM":"13","3R":"13","F6":"13","CM":"13","6M":"13","3P":"13","P4":"13","6R":"13","5F":"13","4M":"13","93":"13","9G":"13","9H":"13","9J":"13","3Q":"13","88":"13","84":"13","2R":"13","96":"13","J5":"13"},"97":{"WQ":"13","WM":"13","VQ":"13","WP":"13"},"R2":{"72":"13","62":"13","33":"13"},"R8":{"FR":"13","CQ":"13","2P":"13","2M":"13","3M":"13","4H":"13","3H":"13","FQ":"13","GV":"13","5H":"13","5G":"13","3F":"13","Q2":"13","FV":"13","4G":"13","GR":"13","GQ":"13","5F":"13","3G":"13","CR":"13","4F":"13","P2":"13"},"95":{"RX":"13","WX":"13","VX":"13"},"82":{"CW":"13","FW":"13","52":"13"},"72":{"QR":"13","QV":"13"},"P2":{"Q3":"13","P4":"13","Q4":"13","C8":"13","65":"13","8F":"13","P5":"13","86":"13","M4":"13","2R":"13","7H":"13","2H":"13","8C":"13","7C":"13","QM":"13","F4":"13","G6":"13","G4":"13","J3":"13","PM":"13","M5":"13","V2":"13","R4":"13","7G":"13","Q5":"13","G3":"13","4M":"13","3H":"13","F3":"13","C7":"13","5C":"13","M3":"13","2V":"13","R5":"13","VX":"13","97":"13","P3":"13","6F":"13","6G":"13","4Q":"13"},"V2":{"8M":"13","9M":"13","95":"13","C5":"13"},"J6":{"95":"13","C5":"13","94":"13"},"96":{"W2":"13","R2":"13","V2":"13"},"Q6":{"34":"13","RF":"13","RG":"13","45":"13","35":"13"},"PF":{"CC":"13","FC":"13","P7":"13","P6":"13","CF":"13"},"PR":{"JR":"13","HR":"13","C4":"13"},"P5":{"V3":"13","M5":"13","Q2":"13","P2":"13","J5":"13","8W":"13"},"X5":{"2G":"13"},"79":{"2W":"13","2V":"13"},"W2":{"RJ":"13"},"X8":{"R8":"13","R7":"13"},"RF":{"6X":"13","39":"13","4X":"13","QM":"13","3G":"13","P6":"13","VM":"13","QP":"13","4C":"13","3C":"13","VP":"13","WM":"13","8C":"13","H6":"13"},"R3":{"WH":"13","CP":"13","CM":"13","WG":"13","9P":"13","9M":"13"},"P8":{"HH":"13","HG":"13"},"H5":{"XW":"13","WW":"13","XX":"13","47":"13","VW":"13","48":"13","WX":"13","VX":"13","QX":"13","32":"13","PX":"13","2G":"13","RX":"13","RW":"13"},"VH":{"MF":"13","HJ":"13","JF":"13","P7":"13","9R":"13","9V":"13","Q7":"13"},"PJ":{"XP":"13","QR":"13","CP":"13","8V":"13","8W":"13"},"VJ":{"FR":"13","RX":"13","MH":"13","MG":"13"},"WG":{"MM":"13","MJ":"13"},"M3":{"38":"13","72":"13","82":"13","WJ":"13","WM":"13","WP":"13","28":"13","3W":"13"},"VC":{"GP":"13","HQ":"13","GM":"13","JQ":"13"},"P4":{"F2":"13","7M":"13","7P":"13","F5":"13","G2":"13","WX":"13","F6":"13"},"QJ":{"R6":"13"},"Q3":{"HG":"13","H8":"13","HH":"13","8H":"13","FM":"13","F6":"13","RG":"13","FJ":"13","92":"13","J8":"13","HM":"13","FV":"13","RH":"13","C8":"13","98":"13","5C":"13","P9":"13","JF":"13","23":"13","93":"13","97":"13","69":"13","C7":"13","9H":"13","JG":"13","24":"13","JH":"13","Q9":"13"},"J4":{"3G":"13"},"WF":{"9W":"13","9V":"13"},"F9":{"MX":"13","VJ":"13","VM":"13","MW":"13"},"PC":{"5C":"13","4C":"13"},"J8":{"P9":"13","Q9":"13"},"R5":{"HF":"13","JF":"13","JC":"13","HC":"13"},"JF":{"2X":"13","5X":"13","9H":"13"},"RH":{"RX":"13","HR":"13","HV":"13"},"22":{"P9":"13","XH":"13","XJ":"13","VC":"13","V9":"13"},"88":{"WX":"13","WW":"13"},"VF":{"XP":"13","QR":"13","VR":"13","XM":"13","J2":"13","M2":"13","X9":"13","7X":"13","X8":"13"},"PV":{"G6":"13"},"44":{"FG":"13","52":"13","42":"13","22":"13","CG":"13","87":"13","G4":"13","88":"13"},"J3":{"XM":"13","WM":"13","WP":"13"},"34":{"V3":"13","W2":"13","W3":"13","V2":"13"},"V8":{"8V":"13"},"69":{"XW":"13"}},"X4":{"54":{"HF":"13","G9":"13","GG":"13","H9":"13","GF":"13","HC":"13","HG":"13","GC":"13"},"32":{"FV":"13","JV":"13","JR":"13","HR":"13","GR":"13","HV":"13","GV":"13"},"53":{"4H":"13","3H":"13"},"PR":{"MV":"13","PV":"13","PW":"13","MW":"13"},"J5":{"R8":"13","P5":"13","M5":"13","M6":"13","P6":"13"}},"P5":{"G2":{"7X":"13"},"63":{"28":"13"},"C6":{"H9":"13","JC":"13","HC":"13","J9":"13"},"4G":{"5M":"13"},"C5":{"J6":"13","J5":"13"},"C2":{"5G":"13","6G":"13"},"4H":{"RF":"13","RG":"13","VG":"13","VF":"13"},"88":{"XP":"13"},"5P":{"VG":"13"},"3R":{"J4":"13","J5":"13"},"53":{"X7":"13","X8":"13"},"5H":{"CV":"13","CR":"13"},"7C":{"HM":"13"},"28":{"8V":"13","7V":"13","7R":"13"},"5J":{"X7":"13","X8":"13"},"F4":{"J7":"13","H7":"13","J6":"13","H6":"13"},"2Q":{"54":"13","44":"13","32":"13","42":"13","43":"13","53":"13","33":"13"},"77":{"4J":"13"},"2G":{"93":"13","C3":"13","C4":"13","94":"13"},"G3":{"72":"13"},"4M":{"XC":"13"},"3Q":{"95":"13"},"98":{"3Q":"13","88":"13","3P":"13","99":"13","2P":"13","89":"13","2Q":"13"},"3W":{"HJ":"13","G7":"13","JJ":"13","H7":"13"},"3M":{"WV":"13"},"3G":{"G9":"13","GF":"13","FC":"13","FF":"13","F9":"13","GC":"13"},"6G":{"PQ":"13","QQ":"13"},"3P":{"69":"13","6C":"13"}},"C2":{"7J":{"9X":"13","9J":"13","C9":"13","9M":"13","8X":"13"},"PG":{"MV":"13","JV":"13"},"FX":{"9J":"13","9M":"13","2V":"13","8W":"13"},"3F":{"2W":"13","2X":"13","2V":"13"},"PV":{"WV":"13"},"7P":{"Q6":"13","R7":"13","R6":"13","F4":"13","Q7":"13","8X":"13"},"GC":{"34":"13","24":"13"},"4Q":{"4F":"13","5M":"13","6M":"13","6P":"13"},"VX":{"F2":"13","F3":"13"},"32":{"XG":"13","WH":"13","XF":"13","WF":"13","WG":"13","XH":"13"},"CX":{"8G":"13","WH":"13","H2":"13","6M":"13","R2":"13","5M":"13","9R":"13","9V":"13","WJ":"13","QR":"13","XV":"13","9J":"13","R3":"13","96":"13"},"8J":{"8Q":"13","4R":"13","8P":"13"},"22":{"J7":"13","QF":"13","RF":"13","J6":"13","QC":"13"},"HX":{"GP":"13","74":"13","J5":"13","C3":"13","GH":"13","4G":"13","H4":"13","46":"13","J4":"13","H3":"13","56":"13","H8":"13","H5":"13","G8":"13","H7":"13","J3":"13","FH":"13","PC":"13","55":"13","F3":"13","QC":"13","G7":"13","4F":"13","8P":"13","54":"13","3F":"13","8M":"13","WG":"13","3G":"13","XG":"13","XR":"13"},"MX":{"WV":"13","FQ":"13","4W":"13","WW":"13","HM":"13"},"25":{"V2":"13"},"8X":{"MF":"13","3Q":"13","8M":"13","54":"13","29":"13","JF":"13","5W":"13","9P":"13","JJ":"13","3M":"13","4M":"13","JR":"13","8P":"13","HR":"13","MG":"13"},"HF":{"RR":"13"},"JW":{"C9":"13","FQ":"13","FV":"13","GR":"13","CH":"13","GQ":"13","CC":"13","CG":"13","9G":"13"},"3R":{"VQ":"13","HH":"13","WR":"13","W8":"13","C3":"13","W9":"13","GV":"13","92":"13","C2":"13","VR":"13","WQ":"13","22":"13","72":"13","GH":"13","4X":"13"},"3J":{"HX":"13","CR":"13"},"35":{"39":"13","46":"13","29":"13","47":"13","45":"13","36":"13","55":"13"},"PW":{"M2":"13","P8":"13","XH":"13","XG":"13","W7":"13","JW":"13","JV":"13","MV":"13","X3":"13"},"QX":{"65":"13","4V":"13","VR":"13","P4":"13","HV":"13","4W":"13","76":"13"},"PX":{"HJ":"13","X4":"13","3G":"13","2G":"13","X3":"13","GM":"13","PQ":"13","XW":"13","PR":"13","GJ":"13","HM":"13"},"QG":{"52":"13"},"5W":{"Q4":"13","V2":"13","Q8":"13","XW":"13","XX":"13","7M":"13","V3":"13","W3":"13","Q5":"13","9H":"13","9J":"13","G4":"13","6J":"13","8M":"13","7J":"13","JR":"13","G7":"13"},"HW":{"WG":"13","M8":"13","VV":"13","XX":"13","H4":"13","M9":"13","66":"13","GQ":"13","9Q":"13","9P":"13","HQ":"13","67":"13","WF":"13","8P":"13"},"4R":{"PG":"13","VW":"13","37":"13","6R":"13","PW":"13","79":"13","7R":"13","JR":"13","8Q":"13","8P":"13"},"RR":{"2R":"13","2Q":"13"},"7Q":{"7G":"13","8H":"13","8G":"13","G5":"13","P6":"13","P5":"13","8J":"13","7H":"13","P4":"13","VM":"13","82":"13","F5":"13","RJ":"13","VJ":"13","VH":"13","4F":"13","RM":"13"},"4G":{"WP":"13"},"JQ":{"H5":"13","8H":"13","6P":"13","57":"13","67":"13","J5":"13","4V":"13"},"99":{"QF":"13","5C":"13","59":"13","9C":"13","8C":"13"},"5Q":{"75":"13","89":"13","8C":"13"},"GX":{"9X":"13","M7":"13","WH":"13","C8":"13","WJ":"13","97":"13","C7":"13","VJ":"13","VH":"13","9W":"13"},"3P":{"R9":"13","6C":"13","H2":"13","2M":"13","C3":"13","R8":"13","GV":"13","92":"13","C2":"13","HV":"13","GW":"13","79":"13","7C":"13","HW":"13","96":"13"},"6R":{"FR":"13","2W":"13","6V":"13","6W":"13","7V":"13","CR":"13"},"8Q":{"VV":"13","HW":"13","JW":"13","VW":"13","HV":"13"},"3W":{"V7":"13","G9":"13","W7":"13","C2":"13","92":"13","F9":"13"},"4W":{"QM":"13","PM":"13","65":"13","G7":"13","QP":"13","PP":"13","F7":"13"},"5M":{"Q8":"13","4W":"13","5W":"13","G4":"13","P9":"13","F4":"13","Q9":"13"},"R8":{"FJ":"13","PQ":"13"},"2V":{"GX":"13","H2":"13","J3":"13","GV":"13","G2":"13","JJ":"13","GR":"13","VX":"13","HV":"13","J4":"13","55":"13","54":"13"},"2Q":{"XP":"13","XQ":"13","F8":"13"},"2R":{"HW":"13","VW":"13","QW":"13","7W":"13","WX":"13","WW":"13","GW":"13","QV":"13","HV":"13","GV":"13"},"3Q":{"QW":"13","9X":"13","3V":"13","QM":"13","V8":"13","R8":"13","28":"13","QV":"13","27":"13","4V":"13","37":"13","V7":"13","5F":"13","98":"13","R7":"13","5C":"13","38":"13","97":"13","CX":"13"},"8V":{"XC":"13","MR":"13","J7":"13","92":"13","J6":"13","XF":"13","FV":"13","GQ":"13","MV":"13","9P":"13","JR":"13"},"QR":{"XQ":"13"},"HQ":{"HF":"13","CJ":"13","HC":"13","FJ":"13","PP":"13","92":"13","2M":"13"},"7V":{"5V":"13","H3":"13","MQ":"13","38":"13","4P":"13","3R":"13","F4":"13","92":"13","H7":"13","5Q":"13","3V":"13","H4":"13","5R":"13","P3":"13","GM":"13","M4":"13","J5":"13","J7":"13","M5":"13","JR":"13","M6":"13","H2":"13","3Q":"13","G4":"13","MR":"13","G2":"13","G3":"13","28":"13","JQ":"13","2R":"13","6R":"13","J6":"13","P5":"13","2Q":"13","C2":"13","4R":"13","H5":"13","4Q":"13","M3":"13","P4":"13","M8":"13","G7":"13","2P":"13","J4":"13","JM":"13","3P":"13","J8":"13","M9":"13","M7":"13","2V":"13","MV":"13","J3":"13","4V":"13"},"6V":{"XF":"13","83":"13","5G":"13","RH":"13","VM":"13","WF":"13","XQ":"13","VR":"13","72":"13","XH":"13","PR":"13","WX":"13","XM":"13","RM":"13","VP":"13","5H":"13","RJ":"13","WW":"13","28":"13","2M":"13","QG":"13","H8":"13","7Q":"13","VJ":"13","PG":"13","RG":"13","WQ":"13","H9":"13","WM":"13","J9":"13","J8":"13","XP":"13","QH":"13","82":"13","29":"13","XX":"13","WJ":"13","XW":"13","PH":"13","WP":"13","WH":"13","WC":"13","XG":"13","QJ":"13","XR":"13"},"FV":{"2H":"13","3H":"13","28":"13","45":"13","27":"13","M9":"13","5P":"13","37":"13","38":"13","2J":"13","55":"13","4X":"13"},"6Q":{"63":"13","CJ":"13","4X":"13","FJ":"13","FM":"13"},"MV":{"29":"13","24":"13","33":"13"},"4P":{"5J":"13","C9":"13","R8":"13","5H":"13","M9":"13","FC":"13","MC":"13","F9":"13","CH":"13","CC":"13","PW":"13","PX":"13","CJ":"13"},"JV":{"57":"13","MQ":"13","X7":"13","PQ":"13","X9":"13","WC":"13","XC":"13","X8":"13"},"9C":{"97":"13","96":"13"},"GV":{"H8":"13","78":"13","MG":"13","68":"13","X2":"13","VM":"13","Q5":"13","G8":"13","2R":"13"},"FQ":{"7W":"13"},"8R":{"HF":"13","2F":"13","CP":"13","F8":"13","G8":"13","G7":"13"},"5R":{"QW":"13","HX":"13","3V":"13","MR":"13","XW":"13","2V":"13","PV":"13","PR":"13","MV":"13","RW":"13"},"9V":{"98":"13","2C":"13","2F":"13","GF":"13","99":"13","GC":"13"},"9Q":{"8Q":"13","9X":"13","CX":"13","8X":"13"},"7R":{"F7":"13","9M":"13","9C":"13","FC":"13","47":"13","38":"13","GC":"13","G9":"13","C8":"13","GG":"13","C6":"13","65":"13","HF":"13","9J":"13","GV":"13","37":"13","46":"13","CF":"13","GW":"13","45":"13","F9":"13","28":"13","9V":"13","H8":"13","99":"13","F8":"13","36":"13","G8":"13","H9":"13","J9":"13","HX":"13","FG":"13","HV":"13","HC":"13","C7":"13","G7":"13","98":"13","CC":"13","PH":"13","FF":"13","97":"13","F6":"13","C9":"13","GF":"13","HW":"13","FW":"13"},"5J":{"Q4":"13","86":"13","QR":"13","PV":"13","PR":"13","QV":"13"},"HR":{"QJ":"13","QM":"13","X2":"13","HG":"13","PV":"13"},"JX":{"2R":"13"},"RX":{"CH":"13","Q2":"13","HM":"13","9J":"13","PP":"13","9H":"13","MM":"13","24":"13","JM":"13","8J":"13","J3":"13","FH":"13","PM":"13","25":"13","MP":"13","V6":"13","CJ":"13","J2":"13","FJ":"13","JP":"13","HQ":"13","HP":"13"},"3V":{"9F":"13","MF":"13","92":"13","2F":"13","82":"13","99":"13","93":"13","GF":"13","9G":"13","5Q":"13"},"42":{"3V":"13","PV":"13","HR":"13","GR":"13","HV":"13","GV":"13"},"GW":{"GP":"13","HW":"13","FH":"13","CP":"13","HX":"13","FJ":"13","GH":"13","GQ":"13","C7":"13","GJ":"13"},"5P":{"F8":"13","F7":"13","C7":"13"},"3G":{"34":"13","32":"13","25":"13","23":"13","24":"13","35":"13","33":"13","22":"13"},"C9":{"QJ":"13","QM":"13","XW":"13"},"C8":{"88":"13"},"9W":{"RV":"13","WQ":"13"},"2M":{"GP":"13","HP":"13","4F":"13","W3":"13","VW":"13","X3":"13","4C":"13","3C":"13","3F":"13","J6":"13","VX":"13"},"8W":{"5R":"13","86":"13","76":"13","4R":"13","5V":"13","4V":"13"},"6M":{"32":"13","42":"13","43":"13","33":"13"},"9R":{"83":"13","C2":"13","82":"13","93":"13","92":"13","C3":"13"},"8C":{"7Q":"13","7R":"13"},"CW":{"9F":"13","M4":"13","M3":"13","5J":"13","PJ":"13","9M":"13","89":"13","79":"13"},"CV":{"VQ":"13","9X":"13","QM":"13","WP":"13","VR":"13","WQ":"13","QP":"13","RP":"13","CX":"13","RM":"13"},"JR":{"HP":"13"},"F9":{"2W":"13","2V":"13"},"7M":{"7G":"13","VQ":"13","6G":"13","QM":"13","6H":"13","XH":"13","C3":"13","C2":"13","VR":"13","F3":"13","RM":"13"},"34":{"6Q":"13","FC":"13","6R":"13"},"89":{"5P":"13"},"2F":{"XX":"13","XW":"13"},"8M":{"RQ":"13","2H":"13","RP":"13"},"CR":{"VV":"13"},"G9":{"5J":"13","5H":"13"},"QV":{"7Q":"13","HH":"13","7M":"13","7P":"13","89":"13","6M":"13","6P":"13","8R":"13"},"4M":{"CJ":"13","8G":"13","4Q":"13","25":"13","23":"13","8H":"13","24":"13","CH":"13","9H":"13","GR":"13","GV":"13"},"HP":{"4J":"13","WH":"13","R6":"13","PQ":"13","WJ":"13","PX":"13"},"6W":{"W2":"13","HC":"13","8V":"13","6G":"13","8R":"13","8C":"13"},"2G":{"W2":"13","W3":"13","X2":"13","X3":"13"},"6P":{"G9":"13","GG":"13","HG":"13"},"4H":{"CP":"13","9P":"13"},"5X":{"G2":"13"},"7X":{"HG":"13","WV":"13","VV":"13","2P":"13","F6":"13","3P":"13","MC":"13","V7":"13","F5":"13","JG":"13","3Q":"13","JC":"13","2Q":"13"},"2H":{"RM":"13"},"RW":{"V3":"13","2C":"13","GG":"13","F5":"13","GF":"13","FG":"13","3C":"13","FF":"13"},"2J":{"WR":"13","4J":"13","3M":"13","5G":"13","J6":"13","H6":"13","4G":"13","QG":"13","52":"13","5F":"13","98":"13","99":"13","4M":"13","89":"13","VJ":"13","3J":"13","88":"13","4F":"13","J5":"13"},"FW":{"RF":"13","QF":"13","QG":"13","RG":"13","35":"13"},"HV":{"8V":"13","G5":"13","M8":"13","P8":"13","RG":"13","2C":"13","CM":"13","29":"13","8R":"13","WX":"13","F5":"13","4W":"13","MX":"13"},"6X":{"46":"13","CH":"13","52":"13","53":"13","VQ":"13","9H":"13","C5":"13"},"P5":{"QM":"13"},"7W":{"HG":"13","H8":"13","QH":"13","MG":"13","MF":"13","QF":"13","25":"13","MC":"13","RH":"13","22":"13","PC":"13","MH":"13","26":"13","2Q":"13"},"GR":{"GG":"13","GF":"13","FG":"13","P8":"13","WG":"13","FF":"13"},"77":{"G8":"13"},"VW":{"34":"13","44":"13","43":"13","C3":"13","33":"13","C4":"13"},"QW":{"88":"13","5C":"13","23":"13","87":"13","95":"13"},"V7":{"86":"13","M6":"13","87":"13"},"2P":{"PJ":"13","PM":"13","V2":"13","RQ":"13","QP":"13","PP":"13","QQ":"13"},"JP":{"8G":"13","8H":"13","CQ":"13","CR":"13"},"FR":{"5P":"13","4M":"13","4P":"13"},"5V":{"X8":"13","QJ":"13","9F":"13","FR":"13","CF":"13","6C":"13","2C":"13","5J":"13","X9":"13","GV":"13","5M":"13","JJ":"13","J9":"13","FV":"13","GR":"13","3C":"13","XR":"13","VX":"13","XV":"13","JH":"13","6J":"13"},"2W":{"W2":"13","23":"13","X2":"13","24":"13"},"4V":{"GM":"13","8V":"13","39":"13","WG":"13","WH":"13","HJ":"13","75":"13","4J":"13","8R":"13","XG":"13","9M":"13","3C":"13","85":"13","JG":"13","9J":"13","F3":"13"},"68":{"5G":"13"},"9P":{"64":"13"},"3M":{"5Q":"13","6Q":"13","84":"13","58":"13","VJ":"13","X5":"13","9X":"13","P9":"13"}},"M7":{"G6":{"RG":"13","VG":"13","VF":"13"},"F7":{"H2":"13","G2":"13"},"6G":{"CV":"13"},"74":{"6F":"13","93":"13","94":"13"},"8H":{"98":"13","97":"13","MM":"13","C7":"13","C8":"13"},"M2":{"5C":"13"},"M4":{"P7":"13","P8":"13"},"34":{"CJ":"13","CH":"13","9J":"13","9H":"13"},"W4":{"P4":"13"},"5G":{"Q2":"13","P3":"13","P2":"13"},"94":{"72":"13","PV":"13","QW":"13","QV":"13"},"C2":{"QJ":"13"},"FV":{"3Q":"13"},"42":{"PG":"13"},"9Q":{"29":"13","9V":"13","28":"13"},"56":{"3M":"13"},"93":{"7X":"13"},"97":{"MM":"13","PM":"13"},"8M":{"MV":"13","JV":"13"},"F3":{"Q4":"13","Q5":"13"},"55":{"RQ":"13","VQ":"13"},"Q3":{"W2":"13"}},"92":{"X4":{"F5":"13","FC":"13","87":"13","J9":"13","GC":"13"},"46":{"F5":"13","G4":"13","F8":"13","G8":"13","G7":"13","G5":"13"},"F2":{"G4":"13","G5":"13"},"4X":{"4J":"13","QX":"13","3J":"13","6R":"13","3M":"13","PV":"13","4M":"13","QW":"13","PW":"13"},"WH":{"8R":"13"},"FX":{"JX":"13","J6":"13","H6":"13"},"C3":{"8P":"13"},"XG":{"4M":"13"},"GC":{"75":"13","F5":"13","F4":"13"},"FF":{"JQ":"13"},"43":{"CH":"13","9H":"13"},"VJ":{"44":"13","45":"13","35":"13"},"XJ":{"54":"13","4X":"13","65":"13","5X":"13","P7":"13","P6":"13","64":"13","55":"13","XR":"13","W8":"13","F7":"13","C7":"13","V8":"13","V9":"13","X8":"13","7G":"13"},"23":{"FR":"13","RX":"13","VX":"13","P2":"13"},"32":{"Q3":"13","R3":"13","36":"13","F5":"13","F4":"13","P3":"13","P2":"13"},"CX":{"HX":"13","43":"13","8X":"13","8H":"13","47":"13","5G":"13","GG":"13","37":"13","44":"13","GR":"13","5F":"13","9H":"13"},"22":{"HF":"13","HC":"13","FG":"13","XJ":"13"},"HX":{"WV":"13","4R":"13","96":"13"},"WV":{"69":"13","VJ":"13","9X":"13","WJ":"13","6C":"13","HM":"13","8X":"13"},"MX":{"Q2":"13"},"25":{"54":"13","GM":"13","9J":"13","9H":"13","QC":"13"},"3R":{"8W":"13"},"35":{"X7":"13","79":"13","3F":"13"},"QX":{"7Q":"13","6Q":"13","6R":"13","7R":"13"},"PX":{"39":"13","38":"13","93":"13","28":"13"},"XR":{"6H":"13","5H":"13"},"PC":{"P8":"13","2W":"13","W6":"13","XG":"13","XF":"13","WJ":"13","G8":"13","V6":"13","G7":"13","FH":"13"},"HW":{"JV":"13","8Q":"13","CP":"13","JR":"13"},"RV":{"PR":"13"},"3X":{"R3":"13","RG":"13","VG":"13","H2":"13","VF":"13","R4":"13"},"XM":{"HJ":"13","Q5":"13","R5":"13","M8":"13"},"99":{"V2":"13","WH":"13","HC":"13","JF":"13","WJ":"13","VG":"13","VH":"13","HF":"13"},"79":{"MF":"13","QF":"13","73":"13","QH":"13","72":"13","42":"13","M9":"13","43":"13","RC":"13","QC":"13"},"VR":{"XF":"13"},"HM":{"VX":"13"},"3W":{"VM":"13","JQ":"13","VP":"13","WM":"13","WP":"13"},"MP":{"QP":"13"},"VV":{"GX":"13","HX":"13"},"WG":{"VM":"13"},"2V":{"QX":"13","RX":"13","WG":"13"},"C2":{"XG":"13"},"2R":{"PM":"13","23":"13","24":"13","PP":"13"},"HQ":{"54":"13","64":"13"},"XV":{"J7":"13","98":"13","Q5":"13","8G":"13","2F":"13","W7":"13","3F":"13","J6":"13","7G":"13"},"6Q":{"42":"13","52":"13"},"HC":{"46":"13","55":"13","45":"13","56":"13"},"XP":{"XR":"13"},"9C":{"3Q":"13","3P":"13","3J":"13","2P":"13","2J":"13","2R":"13","3M":"13","2H":"13","2Q":"13","2M":"13","2V":"13"},"CH":{"QF":"13","RR":"13","VR":"13","PC":"13","PF":"13"},"QF":{"8V":"13","C6":"13|7","FJ":"13|7","C9":"13","R2":"13","C8":"13","CJ":"13","96":"7"},"JX":{"83":"13","73":"13","M6":"13","72":"13","P6":"13","52":"13","QW":"13","RP":"13","53":"13"},"RX":{"F5":"13","F8":"13","G8":"13","G5":"13","F6":"13","G6":"13"},"3V":{"4J":"13","5J":"13","5M":"13","5G":"13","4G":"13","6W":"13","4H":"13","3M":"13","4M":"13","5H":"13"},"P3":{"F8":"13","G8":"13","F7":"13"},"2X":{"5C":"13","69":"13","59":"13","87":"13","79":"13","6C":"13"},"97":{"2H":"13","3H":"13"},"WW":{"82":"13","92":"13"},"XH":{"55":"13","56":"13","F6":"13"},"C9":{"XQ":"13","CQ":"13","6C":"13","M4":"13","2M":"13","3M":"13","M5":"13","FQ":"13","4G":"13","WQ":"13","5F":"13","5C":"13","X4":"13","3G":"13","6F":"13","J4":"13","CR":"13","J5":"13"},"C8":{"2J":"13","2M":"13"},"WJ":{"J7":"13","J3":"13","Q6":"13","R7":"13","R6":"13","G7":"13","M3":"13","Q7":"13","M7":"13","G6":"13"},"24":{"HR":"13","9G":"13","7C":"13","28":"13","H8":"13","8G":"13","G8":"13","F2":"13","CR":"13","JV":"13","26":"13","HV":"13","G7":"13","M9":"13","J7":"13","JR":"13","8P":"13","9R":"13","97":"13"},"8C":{"WG":"13","XM":"13","WR":"13","XQ":"13","WH":"13","XP":"13","WP":"13","WM":"13","C9":"13","XH":"13","XJ":"13","XG":"13","FC":"13","F9":"13","WQ":"13","XR":"13","CC":"13","WJ":"13","XV":"13"},"XQ":{"FF":"13","FG":"13","P5":"13","CF":"13","C9":"13","MW":"13","GG":"13","FC":"13","P4":"13","F9":"13","CG":"13","JV":"13","MV":"13"},"F9":{"47":"13","48":"13"},"34":{"F2":"13","WF":"13","WG":"13","G2":"13","2H":"13"},"H4":{"F2":"13","6F":"13","C2":"13","92":"13","RP":"13","C3":"13","RM":"13"},"89":{"RJ":"13"},"G9":{"H9":"13","M7":"13","M8":"13","CQ":"13","J8":"13","4V":"13","9Q":"13","6V":"13","4W":"13","5V":"13","CR":"13"},"QV":{"PX":"13"},"RC":{"MX":"13"},"HP":{"P5":"13","6Q":"13","6R":"13"},"G4":{"R6":"13","QW":"13"},"QC":{"3R":"13"},"5X":{"XP":"13","XQ":"13"},"7X":{"QX":"13"},"PF":{"H2":"13","C8":"13","85":"13","P5":"13","MG":"13","RM":"13","RJ":"13","QM":"13","99":"13","M5":"13","JG":"13","75":"13","C7":"13","98":"13","J2":"13","97":"13","C9":"13","QJ":"13","HJ":"13","JJ":"13"},"JM":{"FV":"13","GV":"13"},"G2":{"28":"13"},"MC":{"2X":"13","XW":"13"},"G3":{"QF":"13","PF":"13","QC":"13"},"33":{"3V":"13","R5":"13","JJ":"13","MJ":"13","V5":"13"},"FW":{"FR":"13","QX":"13","QW":"13","GW":"13"},"6X":{"5X":"13"},"XW":{"J3":"13","F5":"13","J2":"13","F4":"13","94":"13"},"VQ":{"VV":"13","VW":"13","WW":"13"},"VW":{"3V":"13","H2":"13","G2":"13"},"P9":{"83":"13","73":"13","46":"13","FJ":"13","GJ":"13","8X":"13"},"MF":{"5C":"13","3G":"13"},"FC":{"CM":"13"},"2P":{"6X":"13","5W":"13","5X":"13"},"M3":{"3C":"13"},"F8":{"5P":"13","59":"13","49":"13","4M":"13","4P":"13"},"2W":{"62":"13","R9":"13","V8":"13","VC":"13","R8":"13","RC":"13","R2":"13","QC":"13","73":"13","Q2":"13","72":"13","Q9":"13","V9":"13"},"98":{"8M":"13","7M":"13","7J":"13","VX":"13","HR":"13","8J":"13"},"68":{"7W":"13","VP":"13"},"WQ":{"34":"13","RF":"13","RG":"13","35":"13"}},"M4":{"G2":{"FV":"13","7H":"13","8G":"13","8H":"13","GV":"13","7G":"13"},"MH":{"X2":"13","X3":"13"},"RQ":{"JC":"13","MC":"13"},"FC":{"8X":"13","7X":"13"},"H2":{"FV":"13","FR":"13","JV":"13","HW":"13","JW":"13","87":"13","FW":"13","JX":"13","CV":"13","HV":"13"},"VM":{"6C":"13","7C":"13"},"V8":{"7F":"13","8G":"13","8F":"13","7G":"13"},"7F":{"2M":"13"},"P5":{"65":"13","64":"13"},"H4":{"2W":"13"},"MC":{"HJ":"13","HH":"13","JH":"13","HG":"13","JJ":"13","MJ":"13","MH":"13","JM":"13","JG":"13","HM":"13"},"2C":{"32":"13","42":"13"},"V9":{"V7":"13","W7":"13","W8":"13","V8":"13"},"R7":{"XV":"13","XX":"13","XR":"13","XW":"13"},"5H":{"34":"13","44":"13"},"22":{"26":"13"},"8C":{"HH":"13","GG":"13","FH":"13","FG":"13","HG":"13","GH":"13"},"JF":{"5J":"13","5M":"13","6M":"13","6H":"13","6J":"13"},"X5":{"XG":"13","XH":"13"},"VF":{"R3":"13","Q3":"13","Q4":"13","Q2":"13","P3":"13","P2":"13"},"P2":{"CJ":"13","FH":"13","FG":"13","CH":"13","FJ":"13"},"QG":{"32":"13","6W":"13","7W":"13","33":"13"},"QF":{"CP":"13","CQ":"13","FP":"13"},"PG":{"VF":"13","VC":"13","V9":"13"},"8G":{"R2":"13","V2":"13"},"RG":{"3V":"13","3R":"13","PG":"13","QF":"13","PF":"13","QG":"13","PC":"13"},"Q8":{"78":"13","XQ":"13","6C":"13","68":"13","XP":"13","XG":"13","89":"13","69":"13","79":"13","7C":"13"},"R9":{"G6":"13","G5":"13","MR":"13","PV":"13","PQ":"13","H4":"13","H6":"13","PR":"13","H5":"13","QR":"13","MV":"13"},"X9":{"VJ":"13","VM":"13","WJ":"13"},"P8":{"WG":"13","QJ":"13","QH":"13","WH":"13","RG":"13","RH":"13","VG":"13","RJ":"13","VJ":"13","VH":"13"},"V7":{"2W":"13","2X":"13","2R":"13","2V":"13"},"G3":{"WH":"13","XH":"13"},"89":{"CH":"13","9H":"13"},"4M":{"G5":"13"},"5C":{"Q5":"13","Q6":"13"},"WJ":{"6X":"13","5W":"13","5X":"13","6W":"13"},"QC":{"XW":"13","WW":"13","XX":"13","83":"13","92":"13","WX":"13","82":"13","93":"13","XV":"13"},"M3":{"Q8":"13","P7":"13","P8":"13"},"4X":{"GX":"13","FW":"13","FX":"13","GW":"13"},"J6":{"F3":"13"},"CC":{"26":"13","36":"13","37":"13","27":"13"},"PH":{"R6":"13","V6":"13"},"F6":{"9H":"13"},"FF":{"83":"13","73":"13","72":"13","82":"13"},"G5":{"3Q":"13","7M":"13","4Q":"13","4R":"13","6M":"13","6J":"13","2Q":"13","7J":"13","3R":"13"},"WG":{"63":"13","73":"13","74":"13","64":"13"},"P3":{"R3":"13","V3":"13","V2":"13"},"WH":{"7H":"13","4J":"13","5C":"13","5J":"13","8H":"13","5H":"13","7J":"13","8J":"13"},"VQ":{"2J":"13","2M":"13"},"GF":{"G4":"13","G5":"13"},"R8":{"3Q":"13","3P":"13","2P":"13","2Q":"13","2M":"13"}},"W2":{"X6":{"Q6":"13","P7":"13","P6":"13","Q7":"13"},"X8":{"9C":"13","9F":"13","C9":"13","8F":"13","C8":"13","8C":"13","98":"13","CC":"13","99":"13","89":"13","97":"13","C7":"13","88":"13"}},"P6":{"34":{"V7":"13","V6":"13"},"23":{"4X":"13","4W":"13","PM":"13","PP":"13"},"43":{"F5":"13","C9":"13","F4":"13","F6":"13"},"27":{"6F":"13","5C":"13","59":"13","5F":"13","6C":"13"}},"J4":{"G2":{"FF":"13","GC":"13","FC":"13","6R":"13","6V":"13","7V":"13","GF":"13","7R":"13"},"4W":{"JC":"13","MC":"13"},"M8":{"GV":"13"},"J5":{"C2":"13","C3":"13"},"Q4":{"5J":"13","6J":"13"},"5Q":{"RH":"13","9Q":"13","RG":"13","RJ":"13","9P":"13","9M":"13"},"C6":{"GG":"13","HG":"13"},"7F":{"JF":"13","JC":"13","FX":"13"},"H4":{"RH":"13","G3":"13","G4":"13","RJ":"13"},"5P":{"Q5":"13","R5":"13","HR":"13"},"6P":{"34":"13","6V":"13","J5":"13","HM":"13"},"7H":{"38":"13","37":"13","23":"13"},"5R":{"GW":"13","GV":"13"},"8C":{"5R":"13","5V":"13"},"5M":{"W8":"13","X8":"13"},"99":{"8X":"13","35":"13","34":"13","25":"13","37":"13","36":"13","7X":"13","26":"13"},"F4":{"W4":"13","W3":"13"},"VG":{"WH":"13","WG":"13"},"M6":{"CP":"13","CM":"13","J4":"13","FX":"13","M4":"13","CX":"13"},"XC":{"6J":"13"},"VC":{"QW":"13","PW":"13"},"5V":{"MH":"13","MG":"13"},"F3":{"JP":"13","HP":"13","JM":"13","HM":"13"},"C7":{"Q3":"13","Q4":"13"},"98":{"5C":"13","5F":"13"},"4X":{"C7":"13"},"F6":{"CC":"13","FC":"13"},"G5":{"3J":"13","3M":"13"},"7M":{"7M":"13","6M":"13","7J":"13"},"4R":{"VG":"13"},"X2":{"8V":"13","8W":"13"}},"H3":{"Q3":{"7H":"13","7J":"13"},"Q4":{"Q6":"13","P6":"13","PW":"13"},"F3":{"8R":"13"},"76":{"R8":"13","V7":"13","R7":"13"},"49":{"QP":"13","QQ":"13"},"V2":{"R5":"13"},"R4":{"HR":"13","HV":"13"},"95":{"X6":"13","X7":"13"},"P3":{"VC":"13","V9":"13"},"P2":{"83":"13","93":"13"},"C4":{"QJ":"13"}},"X5":{"63":{"8M":"13","7H":"13","8H":"13","9J":"13","9M":"13","7J":"13","8J":"13"},"W7":{"X6":"13","X5":"13","X4":"13"},"X7":{"26":"13","25":"13","24":"13"}},"H5":{"X6":{"47":"13","57":"13"},"X5":{"X6":"13","M9":"13","M8":"13","FJ":"13","X7":"13","FM":"13"},"W6":{"PQ":"13","PR":"13"}},"J3":{"H8":{"2W":"13","2X":"13"},"X8":{"MH":"13"},"WG":{"CW":"13","FV":"13","9W":"13","FW":"13","FX":"13","CV":"13","CX":"13"},"C5":{"W4":"13","W5":"13","W2":"13","W6":"13"},"H9":{"8F":"13"},"W8":{"H3":"13","M2":"13","M4":"13","H2":"13","M3":"13","J3":"13","H4":"13","J2":"13","J4":"13"},"X7":{"5Q":"13"},"QQ":{"7H":"13","7J":"13"},"PV":{"7H":"13","7J":"13"},"X9":{"MF":"7","PF":"7"},"C3":{"9V":"13"},"W9":{"FJ":"13","G8":"13","C6":"13","C5":"13","HF":"13","H9":"13","GM":"13","G9":"13","JJ":"13","HJ":"13","GJ":"13","FC":"13","JG":"13","F5":"13","F7":"13","GH":"13","FG":"13","CG":"13","98":"13","HG":"13","JH":"13","HC":"13","97":"13","GC":"13","96":"13","HH":"13","C9":"13","GF":"13","HP":"13","GP":"13","GG":"13","CH":"13","FH":"13","F6":"13","HM":"13","F8":"13","F9":"13","C7":"13","JM":"13","C8":"13","FF":"13","CF":"13","JP":"13","CC":"13"},"92":{"8V":"13"},"XF":{"C5":"13","F7":"13","77":"13","C6":"13","G5":"13","F6":"13","F4":"13","C3":"13","94":"13","C8":"13","98":"13","85":"13","F5":"13","97":"13","95":"13","C7":"13","C4":"13","87":"13","G4":"13","86":"13","76":"13","F3":"13","96":"13"},"VM":{"86":"13","76":"13","66":"13","77":"13","67":"13"},"W7":{"Q4":"13","P3":"13","R2":"13","Q2":"13","P4":"13","JX":"13","Q3":"13","R3":"13"},"93":{"V4":"13","R5":"13","R4":"13","V5":"13"},"G8":{"XX":"13","XW":"13"},"VJ":{"CJ":"13","CH":"13"},"C4":{"WX":"13"},"MH":{"H8":"13","5W":"13","6W":"13","6R":"13","7W":"13","6V":"13","7V":"13","5V":"13","7R":"13"},"G7":{"4F":"13","5F":"13"},"WF":{"P3":"13"},"RM":{"R3":"13","Q3":"13","Q4":"13","R2":"13","R4":"13"}},"M6":{"J2":{"VJ":"13","WJ":"13"},"7H":{"XQ":"13","XR":"13"},"38":{"XG":"13","XH":"13"},"3R":{"Q2":"13","5J":"13","5M":"13","5P":"13","4M":"13","4P":"13"},"P3":{"X9":"13","X8":"13"},"W5":{"5J":"13","5M":"13","5P":"13","6M":"13","6J":"13"},"CX":{"M6":"13","J6":"13"},"X6":{"HX":"13","4H":"13","5H":"13"},"2M":{"5X":"13"},"CP":{"9Q":"13","8Q":"13","9P":"13","8P":"13"},"4W":{"5C":"13"},"QG":{"88":"13","87":"13","78":"13"},"FC":{"QM":"13","PM":"13","QP":"13","PP":"13","PQ":"13"},"X4":{"CX":"13"},"VG":{"QH":"13"},"FW":{"MX":"13"},"48":{"2H":"13","3H":"13","3F":"13","2F":"13","3G":"13","2G":"13","4F":"13"},"CW":{"X6":"13","X7":"13"},"6X":{"FF":"13","CF":"13"},"WM":{"8G":"13","8H":"13","8J":"13"},"9W":{"HJ":"13"},"CV":{"9Q":"13","8Q":"13","8P":"13"},"W8":{"J8":"13","J9":"13"},"8H":{"2R":"13","2Q":"13","2V":"13"},"2H":{"QX":"13","PX":"13"},"HX":{"3V":"13","2R":"13","2V":"13","3R":"13","3W":"13"},"P2":{"3P":"13","3M":"13","2M":"13"},"R4":{"75":"13","65":"13","74":"13","64":"13"},"X5":{"C2":"13"},"2Q":{"R7":"13"},"RJ":{"62":"13"},"X8":{"5W":"13","5V":"13"},"RF":{"VM":"13","RP":"13","VP":"13","VQ":"13","RM":"13"},"PG":{"7F":"13"},"R3":{"CW":"13","9X":"13","9W":"13","CV":"13","CX":"13"},"FR":{"M6":"13","P7":"13","M7":"13"},"9X":{"CW":"13","FW":"13","FX":"13","CX":"13"},"VH":{"2F":"13","3F":"13"},"FM":{"8C":"13"},"WG":{"F5":"13","F4":"13","C5":"13","C4":"13"},"Q3":{"29":"13","28":"13"},"2P":{"52":"13","22":"13"},"V7":{"2P":"13","3M":"13","2M":"13"},"2F":{"J7":"13","H5":"13","F3":"13","R5":"13","M6":"13","F4":"13","M7":"13","J6":"13","C3":"13","J5":"13","C4":"13","H6":"13"},"3G":{"W2":"13"},"9H":{"G7":"13","H7":"13","G6":"13","H6":"13"},"2V":{"H4":"13","G4":"13","H3":"13"},"RH":{"RW":"13","83":"13","84":"13","RX":"13"},"44":{"97":"13","95":"13","96":"13"},"X7":{"R3":"13","V3":"13","Q2":"13","R2":"13","V2":"13"}},"F2":{"FJ":{"G3":"13","G4":"13","RM":"13"},"9P":{"3P":"13"},"H3":{"W7":"13","F7":"13"},"86":{"5P":"13"},"7H":{"X6":"13","X5":"13","R2":"13","XF":"13","WC":"13","XC":"13"},"H8":{"9H":"13","9G":"13"},"FQ":{"HQ":"13","HR":"13","8C":"13"},"7M":{"GX":"13","GW":"13"},"4P":{"G9":"13","X8":"13"},"93":{"Q3":"13","Q4":"13","P4":"13"},"5P":{"G3":"13","HH":"13","JH":"13","56":"13","GH":"13","27":"13"},"QM":{"J6":"13"},"MH":{"85":"13"},"J9":{"82":"13"},"8Q":{"67":"13"},"X3":{"RF":"13","6F":"13","RG":"13","7M":"13","CH":"13","9H":"13","6C":"13"},"PP":{"7M":"13","6M":"13","6J":"13","7J":"13","M3":"13"},"92":{"VV":"13","QM":"13","2C":"13","RQ":"13","QV":"13","VW":"13","VR":"13","WX":"13","PR":"13","2F":"13","RR":"13","QR":"13"},"H7":{"MC":"13"},"G6":{"QJ":"13","9Q":"13","QH":"13","8Q":"13","JH":"13","H8":"13","3R":"13"},"5F":{"7Q":"13","8Q":"13","89":"13","7R":"13","8R":"13"},"P3":{"VQ":"13","QH":"13","XC":"13","PG":"13","W9":"13","MM":"13","CW":"13","WQ":"13","QG":"13","PH":"13","FW":"13"},"GR":{"7G":"13"},"V4":{"3J":"13","PR":"13","X8":"13"},"PH":{"VW":"13","WX":"13","WW":"13","XW":"13"},"P6":{"P5":"13"},"M4":{"H8":"13","WV":"13","77":"13","4P":"13","9F":"13","57":"13","VV":"13","CF":"13","VF":"13","XG":"13","56":"13","CG":"13","G8":"13","9G":"13","XV":"13","76":"13","RW":"13"},"R6":{"27":"13"},"QH":{"MX":"13"},"W5":{"58":"13","66":"13","92":"13"},"J5":{"54":"13","84":"13","85":"13","37":"13","RR":"13","Q6":"13","R6":"13","9V":"13","QW":"13","53":"13","WX":"13"},"H6":{"43":"13","83":"13","34":"13","Q7":"13","XR":"13","R7":"13","F5":"13","24":"13","54":"13"},"JJ":{"6C":"13","6H":"13","8F":"13","M6":"13","J6":"13","FC":"13","CC":"13","69":"13","G8":"13","HQ":"13","86":"13","4F":"13"},"X6":{"39":"13","3C":"13"},"M5":{"HG":"13","WG":"13","HH":"13","M7":"13","W2":"13","6C":"5","35":"13","R2":"13","VW":"13","GG":"13","HC":"13","GH":"13","7C":"5"},"3F":{"QH":"13"},"GJ":{"G3":"13","5G":"13","55":"13","2H":"13","C5":"13","C4":"13"},"FC":{"R7":"13","8X":"13"},"3C":{"26":"13","32":"13","25":"13","2G":"13","C4":"13","27":"13"},"M6":{"4J":"13","3G":"13","4H":"13","79":"13","3F":"13"},"MX":{"FJ":"13"},"5G":{"5C":"13","59":"13","6W":"13","5F":"13","6C":"13"},"X4":{"4J":"13","2C":"13","2F":"13","3J":"13","2P":"13","4M":"13"},"65":{"G5":"13","G6":"13"},"Q4":{"78":"13","4J":"13","PG":"13","29":"13","28":"13","5X":"13","HM":"13","5P":"13","5Q":"13"},"G3":{"W4":"13","X4":"13"},"48":{"X6":"13","W6":"13"},"GH":{"6F":"13","38":"13","2C":"13","HQ":"13","2F":"13","5W":"13","5P":"13","6P":"13","6G":"13","3C":"13","7R":"13","28":"13"},"V3":{"VJ":"13","75":"13"},"7C":{"F6":"13"},"W3":{"QJ":"13","QW":"13","QH":"13","8X":"13","FR":"13","XX":"13","C9":"13","GC":"13","VF":"13","MW":"13","QV":"13","FV":"13","QG":"13","7W":"13","8C":"13","99":"13","RV":"13","VG":"13","RW":"13"},"FG":{"R4":"13","JJ":"13","M2":"13","XC":"13","QV":"13"},"CG":{"FQ":"13","9R":"13","66":"13","FX":"13","CX":"13","CR":"13"},"HG":{"6X":"13","3V":"13","5W":"13","5X":"13","7W":"13","3W":"13"},"JH":{"6X":"13","4X":"13","3P":"13","5W":"13","3X":"13","5X":"13","3G":"13","2P":"13","49":"13","2G":"13","6W":"13","5V":"13"},"JC":{"Q8":"13","P7":"13","P8":"13","6J":"13","Q7":"13"},"7J":{"P6":"13"},"W4":{"XC":"13","2P":"13","46":"13","47":"13","W9":"13","XF":"13","53":"13","95":"13","WC":"13","WF":"13","V9":"13","96":"13"},"29":{"VG":"13","VF":"13"},"6G":{"7H":"13","FH":"13","7G":"13"},"R2":{"GX":"13","FW":"13","FX":"13"},"8H":{"58":"13","C3":"13","G9":"13","4H":"13","88":"13","86":"13","87":"13","2C":"13","R7":"13","78":"13","F9":"13","2F":"13","77":"13","G3":"13","32":"13","68":"13","MF":"13","67":"13","69":"13","76":"13"},"HR":{"7Q":"13","4M":"13"},"WC":{"Q8":"13","4X":"13","4W":"13","3X":"13"},"V2":{"86":"13","3V":"13","4W":"13","87":"13","CH":"13","77":"13","CG":"13","P3":"13","P2":"13","4V":"13","3W":"13"},"J6":{"VJ":"13","2C":"13","VM":"13","2R":"13","3C":"13","V5":"13"},"Q6":{"62":"13"},"R4":{"P5":"13","5M":"13","P6":"13"},"P5":{"62":"13","7W":"13","GP":"13","63":"13","74":"13","M8":"13","47":"13","8W":"13","7F":"13","M7":"13","XV":"13","37":"13","9G":"13","22":"13","G6":"13","36":"13","H6":"13","26":"13","9F":"13","FV":"13","27":"13","G5":"13"},"X5":{"G8":"13","79":"13"},"HH":{"G8":"13","86":"13","H8":"13","93":"13","C6":"13","F4":"13","H7":"13","R6":"13","H6":"13","Q7":"13","FC":"13","G4":"13","67":"13","F5":"13","V6":"13","FG":"13","83":"13","98":"13","52":"13","9F":"13","85":"13","R7":"13","C4":"13","W8":"13","97":"13","95":"13","94":"13","96":"13","53":"13","Q6":"13","76":"13","79":"13","C9":"13","P7":"13","GG":"13","9J":"13","P8":"13","H5":"13","F6":"13","P9":"13","XM":"13","F8":"13","G7":"13","F9":"13","XP":"13","XJ":"13","78":"13","87":"13","FF":"13","88":"13","44":"13","89":"13","56":"13","45":"13","V8":"13","G5":"13","99":"13","55":"13"},"79":{"FR":"13","F8":"13","C9":"13","C8":"13","GR":"13","F9":"13"},"C9":{"26":"13"},"C2":{"6V":"13","5W":"13","5V":"13"},"P7":{"3V":"13","5X":"13"},"58":{"9C":"13","8C":"13"},"CJ":{"QC":"13"},"R3":{"F2":"13","63":"13","5C":"13","G2":"13","52":"13","4C":"13","53":"13","62":"13"},"5C":{"CW":"13","MM":"13","FW":"13","JX":"13","MJ":"13","FX":"13","XJ":"13","WJ":"13","VP":"13","VQ":"13"},"4H":{"W8":"13","V8":"13"},"GG":{"VQ":"13","3R":"13","XW":"13","XX":"13","2X":"13","RP":"13","2R":"13","VP":"13"},"FR":{"W7":"13"},"P8":{"F2":"13","86":"13","F5":"13","87":"13","2G":"13","2H":"13"},"H5":{"JH":"13","MP":"13","X9":"13","XC":"13","HM":"13"},"CH":{"F2":"13","C2":"13"},"FH":{"7F":"13","PR":"13","8F":"13","V8":"13","4H":"13","7P":"13","GV":"13","V9":"13","6P":"13","W8":"13","GR":"13","8C":"13","7C":"13","7Q":"13","W5":"13","7V":"13","V2":"13","3H":"13","W7":"13","XW":"13","X7":"13","WH":"13","R8":"13","6Q":"13","R2":"13"},"WG":{"C7":"13","CQ":"13","CR":"13"},"MM":{"9Q":"13"},"CQ":{"65":"13","64":"13"},"P9":{"4F":"13"},"M3":{"MP":"13","CM":"13","MJ":"13","VC":"13","MM":"13","9M":"13","JM":"13","48":"13","JJ":"13","JP":"13","9J":"13","WC":"13","CJ":"13"},"P4":{"86":"13","66":"13","C6":"13","3V":"13","GR":"13","R9":"13","3M":"13","PM":"13","QC":"13","QF":"13","RC":"13","3F":"13","2M":"13","QG":"13","47":"13","F7":"13","Q9":"13","2X":"13","28":"13","HC":"13","5J":"13","97":"13","WC":"13","96":"13","53":"13","PF":"13","76":"13","HP":"13","4R":"13","RJ":"13","GQ":"13","27":"13","X8":"13","PG":"13","GP":"13","46":"13","63":"13","F6":"13","MM":"13","VC":"13","QJ":"13","WF":"13","3G":"13","C7":"13","PC":"13","4F":"13","5M":"13","87":"13","VF":"13","JP":"13","XF":"13","75":"13","37":"13"},"6C":{"3V":"13","23":"13","52":"13","62":"13"},"6P":{"73":"13","72":"13"},"M8":{"XG":"13","XH":"13","WW":"13"},"XC":{"Q3":"13","Q4":"13","X4":"13","FH":"13","X2":"13","H3":"13","47":"13","X3":"13","M4":"13","48":"13"},"7P":{"G3":"13","F5":"13","87":"13"},"8C":{"X6":"13","GP":"13","GQ":"13"},"Q3":{"39":"13","2C":"13","29":"13","GG":"13","9M":"13","3F":"13","4C":"13","3C":"13","2F":"13","R6":"13","49":"13","Q6":"13","GF":"13","9P":"13","2G":"13"},"G7":{"G9":"13","M4":"13","J6":"13","JM":"13","HM":"13","P4":"13","22":"13","23":"13","J5":"13"},"39":{"3V":"13","28":"13"},"J4":{"8M":"13","VV":"13","R7":"13","PQ":"13","QQ":"13","CX":"13"},"WF":{"44":"13","52":"13","62":"13"},"9Q":{"M8":"13"},"3P":{"XF":"13","WF":"13"},"J8":{"FF":"13","8X":"13","M7":"13","5H":"13","4G":"13","5F":"13","6F":"13","P7":"13"},"9H":{"37":"13"},"M7":{"78":"13","77":"13","R9":"13","47":"13","XJ":"13","RC":"13","48":"13","H5":"13","C4":"13"},"9G":{"QF":"13","23":"13","MJ":"13"},"RH":{"7P":"13","8P":"13"},"FF":{"H7":"13","MG":"13","G5":"13","5J":"13","C9":"13","5G":"13","5M":"13","PJ":"13","J6":"13","F9":"13","RH":"13","7F":"13","82":"13","P9":"13","GW":"13","7V":"13","G8":"13","RJ":"13","PM":"13","7R":"13","MX":"13","9P":"13"},"VF":{"X4":"13"},"CF":{"3X":"13","VM":"13","P4":"13","M4":"13"},"59":{"XW":"13"},"J3":{"WC":"13"},"36":{"QV":"13"},"5H":{"83":"13","73":"13","36":"13","84":"13","74":"13"},"7F":{"7M":"13","5J":"13","6R":"13","8V":"13"},"CC":{"VW":"13","WW":"13","VX":"13"},"8J":{"3M":"13"},"8G":{"8V":"13","FF":"13","W8":"13","RG":"13","W9":"13","XG":"13","FC":"13","V7":"13","3Q":"13","2Q":"13"},"Q5":{"6X":"13","98":"13","99":"13","C9":"13","C8":"13"},"69":{"5W":"13"}},"M5":{"MH":{"C6":"13","C7":"13","96":"13"},"RX":{"RF":"13","RC":"13","QC":"13"},"FQ":{"F2":"13","G2":"13"},"RV":{"C6":"13","C7":"13","95":"13","96":"13","C5":"13","C4":"13","94":"13"},"FP":{"GX":"13","FW":"13","FX":"13"},"QP":{"GX":"13","FX":"13"},"VW":{"CJ":"13","CH":"13"},"VR":{"6F":"13","HG":"13","6C":"13"},"QV":{"J3":"13","H4":"13","H3":"13","J4":"13"},"4H":{"VR":"13","F8":"13","VQ":"13"},"XJ":{"6X":"13"},"PQ":{"P4":"13","P3":"13"},"V5":{"PX":"13","PW":"13"},"QW":{"P5":"13","M5":"13","P4":"13","J4":"13","M4":"13","J5":"13"},"7C":{"HG":"13"},"VV":{"VW":"13","VX":"13"},"56":{"8V":"13","QW":"13","8X":"13","PV":"13","8W":"13","QV":"13","7V":"13","PW":"13"},"WW":{"36":"13","46":"13","45":"13","35":"13"},"PG":{"W2":"13","X2":"13"},"RR":{"73":"13","36":"13","72":"13"},"PM":{"83":"13","73":"13","72":"13","82":"13","GM":"13"},"XP":{"F5":"13","G4":"13","G5":"13","F4":"13"},"5V":{"9V":"13"},"WJ":{"7H":"13","8H":"13"},"QR":{"79":"13","7C":"13"},"GX":{"VP":"13","WP":"13"},"68":{"R3":"13","J3":"13","Q2":"13","R2":"13","H3":"13","J4":"13"},"FJ":{"QR":"13"},"VX":{"RR":"13","RQ":"13"},"WG":{"7F":"13","8F":"13","8C":"13","7C":"13"},"4J":{"Q9":"13","QC":"13"},"XG":{"JH":"13"},"2J":{"GH":"13"},"QJ":{"R9":"13","VC":"13","V9":"13","RC":"13"},"PF":{"WX":"13"},"RW":{"83":"13","73":"13","7W":"13","8X":"13","7X":"13","8W":"13"},"6G":{"WV":"13","WR":"13","JQ":"13","JR":"13"}},"R4":{"VQ":{"23":"13","22":"13"},"MP":{"MX":"13","MW":"13"},"WP":{"MP":"13","HP":"13","MR":"13","HR":"13","MM":"13","JM":"13","JP":"13","MQ":"13","JQ":"13","JV":"13","HQ":"13","JR":"13"},"PG":{"3Q":"13","HF":"13","JF":"13","4Q":"13","3P":"13","HC":"13","3M":"13","4P":"13"},"QF":{"PP":"13","MP":"13","MQ":"13","PQ":"13"},"XJ":{"GM":"13","GP":"13","HP":"13","HJ":"13","JM":"13","HM":"13","JJ":"13","JP":"13","GQ":"13","GH":"13","HQ":"13","GJ":"13"},"RQ":{"W2":"13","X2":"13"},"X2":{"PG":"13","MF":"13","QF":"13","PF":"13","QC":"13","QG":"13","PC":"13"},"QG":{"4J":"13","3J":"13"},"MQ":{"4P":"13","2P":"13","2M":"13","3M":"13","4Q":"13","3P":"13","5R":"13","4R":"13","3Q":"13","2Q":"13","5Q":"13"},"RP":{"XV":"13","XX":"13","XR":"13","WX":"13","WW":"13","XW":"13"},"WJ":{"FJ":"13","GM":"13","FM":"13"},"JQ":{"VJ":"13","VM":"13","VP":"13","RM":"13"},"JV":{"HP":"13"},"JC":{"RV":"13","QV":"13"},"PP":{"9Q":"13","9R":"13","CQ":"13"},"VP":{"2W":"13","2X":"13","2R":"13","2V":"13"}},"93":{"F2":{"JC":"13","23":"13"},"H2":{"F5":"13","FC":"13","C2":"13","93":"13","92":"13","F6":"13","C3":"13","GC":"13"},"72":{"43":"13","22":"13"},"C2":{"F6":"13","F4":"13","XH":"13","XJ":"13","X4":"13","F5":"13","C4":"13","X3":"13"},"82":{"X9":"13","XC":"13"},"G2":{"CH":"13","9H":"13","CG":"13","9G":"13"},"92":{"QJ":"13","RF":"13","29":"13","2C":"13"},"62":{"52":"13"}},"G3":{"FJ":{"FH":"13","55":"13","45":"13","56":"13"},"G8":{"92":"13"},"84":{"RW":"13","RX":"13"},"J9":{"69":"13","QR":"13","PQ":"13","QQ":"13","PR":"13","6C":"13"},"5Q":{"WH":"13","VG":"13","Q6":"13","R6":"13","JH":"13","WG":"13","Q7":"13","JG":"13","VH":"13"},"3V":{"28":"13"},"V4":{"7H":"13","7J":"13"},"P6":{"QF":"13","PF":"13"},"68":{"FG":"13","C2":"13","92":"13","CG":"13","FF":"13","CF":"13"},"QC":{"33":"13"},"CP":{"F2":"13","46":"13","47":"13","G2":"13","56":"13"},"FC":{"WV":"13","HG":"13","JJ":"13","JG":"13","PR":"13"},"CM":{"WJ":"13","WM":"13"},"67":{"CX":"13"},"48":{"X2":"13"},"GH":{"43":"13","P8":"13","33":"13","7P":"13","22":"13","23":"13","32":"13","P7":"13"},"FG":{"F5":"13","XF":"13","9M":"13","J5":"13","GC":"13","9P":"13","QP":"13","C8":"13","C5":"13","H4":"13","J4":"13","VF":"13","QM":"13","CP":"13","H5":"13","H9":"13","M6":"13","M5":"13","VC":"13","XX":"13","XW":"13","54":"13","C9":"13","P3":"13","CM":"13","XG":"13","64":"13"},"HC":{"VG":"13","PX":"13","VH":"13","PW":"13","MW":"13"},"MC":{"X9":"13","XC":"13"},"JC":{"PQ":"13","PR":"13"},"GC":{"3R":"13","FJ":"13","4Q":"13","VX":"13","4R":"13","3Q":"13","FH":"13","RX":"13"},"J6":{"8H":"5","65":"13","8J":"5","7H":"5","66":"13","8M":"5","7J":"5"},"Q6":{"MM":"13"},"P5":{"VC":"13"},"GF":{"GM":"13","GP":"13","V2":"13","FG":"13","3V":"13","3R":"13","5W":"13","3X":"13","R2":"13","3P":"13","6W":"13","37":"13","99":"13","6V":"13","3G":"13","4W":"13","5V":"13","87":"13","3Q":"13","2Q":"13","2R":"13","4X":"13"},"P7":{"G7":"13","H7":"13"},"58":{"73":"13","74":"13","G2":"13"},"GG":{"FF":"13","9C":"13","8H":"13","8G":"13","2W":"13","3X":"13","F4":"13","CW":"13","3W":"13","2X":"13","42":"13","99":"13","GF":"13","4W":"13","9G":"13","9H":"13","FW":"13","4X":"13","CX":"13"},"CH":{"RF":"13"},"FH":{"P5":"13","6H":"13"},"FM":{"23":"13","49":"13","66":"13","4C":"13","22":"13"},"P9":{"7Q":"13","6Q":"13","7P":"13","8V":"13","6P":"13","7V":"13","7R":"13","8R":"13"},"M8":{"CP":"13","CM":"13","9P":"13"},"G7":{"9X":"13"},"V7":{"QJ":"13","RJ":"13"},"9Q":{"73":"13"},"J8":{"3G":"13","2G":"13","2H":"13","3H":"13"},"C8":{"9F":"13","8G":"13","9G":"13"},"M9":{"G3":"13","F3":"13","G2":"13"},"78":{"82":"13"},"2V":{"X8":"13"},"FF":{"RW":"13","CQ":"13","7X":"13","CR":"13"},"CF":{"36":"13","37":"13","46":"13","47":"13"},"89":{"3V":"13","3R":"13"},"8F":{"C9":"13"},"CC":{"3Q":"13","2R":"13","2Q":"13"},"69":{"84":"13"}},"V4":{"Q3":{"63":"13","73":"13","72":"13","52":"13","62":"13"},"3Q":{"54":"13","44":"13","65":"13","64":"13","55":"13","45":"13"},"W4":{"4X":"13"},"W5":{"42":"13","43":"13"},"8Q":{"RW":"13","VW":"13","RX":"13","VX":"13"},"4Q":{"88":"13","87":"13","78":"13"},"8R":{"R3":"13","V3":"13","V4":"13","R5":"13","R2":"13","V2":"13","R4":"13"},"8P":{"F2":"13","C2":"13"},"33":{"W5":"13","W7":"13","W6":"13"},"22":{"CJ":"13","CP":"13","CM":"13","FJ":"13","9P":"13","FM":"13","9M":"13","FP":"13"}},"Q9":{"6V":{"HJ":"13","HP":"13","QP":"13","PP":"13","PQ":"13","QQ":"13","HM":"13"}},"82":{"X3":{"HG":"13","F7":"13","9X":"13","Q8":"13","R9":"13","F6":"13","5J":"13","R8":"13","8R":"13","F2":"13","28":"13","5M":"13","27":"13","9R":"13","Q2":"13","38":"13","JQ":"13","JG":"13","HQ":"13"},"G2":{"83":"13","72":"13","82":"13"},"5G":{"38":"13","48":"13","4P":"13"},"9C":{"VV":"13","XM":"13","VW":"13","WM":"13"},"FC":{"QM":"13","FH":"13","CH":"13","GR":"13"},"H2":{"RJ":"13"},"33":{"XV":"13","FQ":"13","XW":"13","HR":"13","GR":"13"},"72":{"X3":"13"},"X4":{"V2":"13","9F":"13","XH":"13","34":"13","HR":"13","9M":"13","W3":"13","5R":"13","98":"13","99":"13","JF":"13","93":"13","9G":"13","GH":"13","24":"13","9P":"13","8M":"13","88":"13","GJ":"13"},"P5":{"V7":"13","VC":"13","RC":"13","QC":"13"},"C2":{"7H":"13","4J":"13","3J":"13","4H":"13","3H":"13"},"35":{"JW":"13","77":"13","8R":"13","PW":"13","78":"13"},"WR":{"H5":"13","XX":"13","G7":"13","79":"13","H7":"13","XW":"13","H6":"13","G6":"13","7C":"13"},"42":{"JR":"13","HR":"13"},"XV":{"RF":"13","GP":"13","42":"13","GM":"13","3C":"13","43":"13","RM":"13"},"CH":{"MV":"13","XX":"13","PV":"13","WX":"13","XW":"13"},"9H":{"RF":"13","RG":"13","H9":"13","H8":"13","CG":"13","CF":"13"},"W2":{"XV":"13","G9":"13","WV":"13","H9":"13","RP":"13","95":"13"},"53":{"H8":"13","H9":"13","G9":"13","M8":"13","HP":"13","J3":"13","MJ":"13","J7":"13","GC":"13","HR":"13","M6":"13","J6":"13","J9":"13","JP":"13","HC":"13","J2":"13","JQ":"13","G8":"13","MV":"13","HQ":"13","JC":"13"},"7H":{"P3":"13","P2":"13"},"MM":{"V7":"13","W7":"13","W8":"13","V8":"13"},"CF":{"4W":"13","5G":"13","4G":"13","47":"13","4V":"13"},"9G":{"26":"13","44":"13","CC":"13","G2":"13","43":"13","33":"13"},"GJ":{"V7":"13","29":"13","Q8":"13","P7":"13","P8":"13","C7":"13","Q7":"13","C8":"13","V8":"13","28":"13"},"45":{"Q4":"13","6V":"13","R5":"13","6R":"13","VM":"13","R4":"13","VP":"13","WM":"13","WP":"13"},"X5":{"M7":"13","R9":"13","P6":"13","6H":"13","46":"13","R8":"13","M6":"13","45":"13","66":"13","64":"13","W7":"13","R6":"13","R7":"13","69":"13","67":"13","P7":"13","54":"13"},"WW":{"X6":"13"},"F9":{"HF":"13","JF":"13"},"8G":{"JW":"13","W8":"13","JR":"13","MW":"13"},"24":{"88":"13","78":"13"},"JM":{"H3":"13","H2":"13","J3":"13","G2":"13","G3":"13","J2":"13","79":"13","7C":"13"},"52":{"MM":"13","HQ":"13","HP":"13","PM":"13","R6":"13","MJ":"13","GQ":"13","V6":"13"},"WQ":{"HH":"13","FR":"13","3V":"13","W5":"13","HJ":"13","6H":"13","FQ":"13","W4":"13","PJ":"13","4V":"13","6R":"13","X5":"13","6F":"13","PH":"13","24":"13","6J":"13","6Q":"13"},"FH":{"2W":"13"},"77":{"VJ":"13","XJ":"13","WJ":"13"},"X6":{"H3":"13","M4":"13","M3":"13"},"J9":{"JV":"13","JW":"13","JR":"13"},"W3":{"RW":"13","VX":"13"},"43":{"G9":"13","RR":"13","4M":"13"},"5F":{"G9":"13","H9":"13","H8":"13","V2":"13","G8":"13","48":"13"},"3H":{"WP":"13"},"44":{"HW":"13","HV":"13"},"XX":{"R8":"13","Q6":"13","R7":"13","P7":"13","Q7":"13"},"32":{"H2":"13"},"5C":{"XV":"13","XR":"13"},"9F":{"R3":"13","3Q":"13","5R":"13","V3":"13","J3":"13","69":"13","4X":"13","4W":"13","VG":"13","Q5":"13","V4":"13","R5":"13","H4":"13","R2":"13","4Q":"13","WF":"13","5P":"13","4R":"13","R4":"13","H3":"13","MJ":"13","J2":"13","G5":"13","79":"13","MH":"13","6C":"13","4V":"13","X8":"13","G6":"13","4P":"13"},"XW":{"34":"13","88":"13","26":"13","98":"13","84":"13","37":"13","32":"13","23":"13","24":"13","74":"13","64":"13","22":"13"},"4F":{"2W":"13","2X":"13"},"FJ":{"R5":"13","R6":"13","82":"13","V6":"13","V5":"13"},"6C":{"WH":"13","WJ":"13"},"W4":{"VQ":"13","V2":"13","R4":"13","W2":"13","QQ":"13","8F":"13","VR":"13","Q2":"13","GH":"13","X3":"13","FH":"13","RX":"13"},"CC":{"72":"13","62":"13"},"54":{"34":"13","25":"13","24":"13","G7":"13","J4":"13","35":"13","G6":"13"},"8H":{"77":"13","FG":"13","MP":"13","R9":"13","QM":"13","MM":"13","RQ":"13","GG":"13","VR":"13","QP":"13","RP":"13","GH":"13","FH":"13","RM":"13"},"FF":{"3V":"13","PG":"13","J8":"13","5G":"13","H8":"13","7V":"13","7R":"13","J9":"13","3W":"13"},"WP":{"4G":"13","4H":"13"},"C9":{"6X":"13","6V":"13","6W":"13","7W":"13","7V":"13","7X":"13"},"VQ":{"6C":"13","MR":"13","59":"13","5C":"13","69":"13","6P":"13","MV":"13","6Q":"13"},"GF":{"6P":"13"},"23":{"6X":"13","7W":"13","8X":"13","7X":"13","8W":"13"},"XR":{"X4":"13","X3":"13"},"HJ":{"XX":"13","C9":"13","C8":"13","XR":"13","98":"13","99":"13","97":"13","C7":"13","XV":"13","96":"13"},"X2":{"2H":"13","75":"13","FX":"13","2M":"13","6H":"13","QF":"13","MW":"13","PF":"13","FC":"13","W3":"13","7P":"13","7W":"13","CC":"13","7X":"13","WJ":"13","76":"13","2Q":"13"},"JJ":{"GX":"13","HX":"13","2R":"13","2V":"13"}},"F3":{"8V":{"R3":"13","HJ":"13","6V":"13","R2":"13","JJ":"13"},"VM":{"H2":"13"},"35":{"XG":"13","WG":"13"},"5V":{"GR":"13"},"86":{"FF":"13"},"7H":{"9Q":"13"},"3R":{"32":"13"},"P3":{"MF":"13","88":"13","98":"13","JF":"13","WF":"13","89":"13"},"M4":{"QG":"13","QH":"13"},"CX":{"JH":"13","JJ":"13"},"9V":{"5X":"13"},"JX":{"P6":"13"},"M5":{"32":"13","33":"13"},"FX":{"MF":"13","PF":"13"},"47":{"3Q":"13","3P":"13","2P":"13","2R":"13","2Q":"13"},"MX":{"29":"13"},"7Q":{"4X":"13"},"2J":{"CJ":"13","39":"13","38":"13","66":"13","47":"13","9J":"13","57":"13","67":"13"},"9W":{"62":"13","4J":"13","FQ":"13","CP":"13","FP":"13","PJ":"13","53":"13","52":"13","PM":"13","63":"13","67":"13"},"C4":{"63":"13","64":"13"},"94":{"X8":"13","W8":"13","X7":"13","P6":"13","P5":"13","MR":"13","W6":"13","M6":"13","V7":"13","W7":"13","R7":"13","V6":"13"},"2H":{"JV":"13","JR":"13","HR":"13","HV":"13"},"WW":{"RP":"13"},"7V":{"HH":"13","GP":"13","4R":"13","GM":"13","GH":"13","7J":"13","GJ":"13","HM":"13","8J":"13","4V":"13"},"P5":{"75":"13","76":"13"},"7R":{"42":"13"},"P4":{"R3":"13","V3":"13","V4":"13","R4":"13","7V":"13"},"8C":{"8Q":"13"},"2P":{"M6":"13","P6":"13"},"8W":{"CC":"13","C9":"13","GR":"13"},"2F":{"5M":"13","5P":"13"},"3P":{"97":"13","C6":"13","C7":"13","96":"13"},"54":{"38":"13"},"9R":{"4H":"13"},"PX":{"P9":"13","Q9":"13"},"44":{"RV":"13","RW":"13","QR":"13","QV":"13"},"8G":{"HF":"13","JF":"13","JC":"13","HC":"13","HG":"13","JG":"13","MG":"13"},"45":{"97":"13","3F":"13"},"Q5":{"23":"13"},"37":{"XP":"13","XQ":"13","WR":"13","XR":"13","WQ":"13"}},"M3":{"38":{"29":"13","38":"13","28":"13"},"J9":{"X5":"13","FJ":"13","4P":"13"},"62":{"H2":"13","J2":"13"},"XQ":{"W2":"13","W3":"13"},"5Q":{"GM":"13","FF":"13","HH":"13","FG":"13","HJ":"13","FJ":"13","GC":"13","GG":"13","FC":"13","HC":"13","GF":"13","GH":"13","GJ":"13","HF":"13"},"WJ":{"FM":"13","CM":"13","HR":"13","GV":"13","GR":"13","GQ":"13","HV":"13","HQ":"13"},"QV":{"RW":"13","VW":"13"},"RG":{"XF":"13","WF":"13","WC":"13","XC":"13"},"JX":{"93":"13","95":"13","C5":"13","C4":"13","94":"13"},"FX":{"PJ":"13","MM":"13","PM":"13"},"6J":{"QX":"13","PX":"13"},"3C":{"Q4":"13","Q5":"13"},"47":{"HW":"13"},"7W":{"46":"13","45":"13","66":"13","6W":"13","56":"13","6V":"13","6X":"13","55":"13"},"MX":{"WH":"13","XH":"13","XJ":"13","WJ":"13"},"GV":{"P5":"13","P4":"13"},"4G":{"CJ":"13","CM":"13","CH":"13","9J":"13","9M":"13","CG":"13","9H":"13","9G":"13"},"9C":{"XQ":"13","3P":"13","3M":"13","4M":"13","WM":"13","WP":"13","4P":"13"},"GW":{"RH":"13","RF":"13","QF":"13","QG":"13","RG":"13"},"FW":{"QJ":"13","QM":"13","QH":"13","RJ":"13","QP":"13","RP":"13","RM":"13"},"CW":{"H5":"13","G7":"13","G5":"13","H6":"13","G6":"13"},"7C":{"G3":"13","F3":"13","G4":"13","F4":"13","C3":"13","C4":"13"},"4C":{"XW":"13"},"6Q":{"4J":"13","3J":"13","4H":"13","3H":"13"},"52":{"GP":"13","HP":"13","GM":"13","HM":"13"},"28":{"HJ":"13","HP":"13","JJ":"13","X9":"13","JM":"13","HM":"13"},"RW":{"F8":"13","F9":"13"},"2R":{"GX":"13","FW":"13","FX":"13","GW":"13","8W":"13"},"29":{"FF":"13","FG":"13","9F":"13","CF":"13","HR":"13","GR":"13","CH":"13","C8":"13","98":"13","CC":"13","CG":"13","9G":"13","9H":"13","FH":"13"},"2C":{"CW":"7","XG":"13","5J":"13","5M":"13","WF":"13","WG":"13","CV":"7"},"6G":{"4G":"13","4H":"13","5H":"13"},"49":{"VF":"13","9X":"13","9W":"13","WC":"13","VC":"13"},"HR":{"4W":"13"},"3J":{"39":"13","38":"13","9W":"13","8V":"13","8W":"13"},"53":{"F8":"13","G8":"13","G7":"13"},"7V":{"3J":"13","3H":"13"},"6V":{"C6":"13","97":"13","F7":"13","C7":"13","C8":"13","F6":"13","C5":"13"},"2Q":{"4J":"13","5J":"13"},"57":{"F5":"13","G4":"13","G5":"13","F4":"13"},"58":{"PG":"13","QH":"13","PH":"13"},"RF":{"JW":"13"},"46":{"9P":"13","9M":"13"},"FR":{"4Q":"13","4P":"13"},"7R":{"GX":"13","3G":"13","2G":"13","FW":"13","2H":"13","FX":"13","3H":"13","GW":"13"},"VH":{"79":"13"},"4Q":{"F2":"13","F3":"13","F4":"13"},"CR":{"92":"13"},"VJ":{"V6":"13","V5":"13"},"CQ":{"9X":"13","9W":"13","8X":"13"},"XM":{"X6":"13","X5":"13","C2":"13","C3":"13"},"8C":{"8V":"13","9X":"13","8X":"13","CQ":"13","FX":"13","CV":"13","7M":"13","8W":"13","8R":"13","CW":"13","8J":"13","9R":"13","9Q":"13","7W":"13","9V":"13","7X":"13","7V":"13","6X":"13","8M":"13","7J":"13","CR":"13","8Q":"13","9W":"13","CX":"13","8P":"13"},"2P":{"9J":"13","9M":"13","9H":"13","8J":"13"},"39":{"29":"13"},"54":{"2P":"13","2Q":"13","3F":"13"},"XP":{"WF":"13","WG":"13"},"7G":{"GG":"13","FG":"13"},"MV":{"F5":"13","G5":"13"},"PV":{"RC":"13","QC":"13"},"CF":{"QW":"13"},"59":{"VQ":"13","XM":"13","WR":"13","XQ":"13","XP":"13","WP":"13","WM":"13","VC":"13","WQ":"13","VM":"13","XR":"13","VP":"13","V9":"13"},"44":{"XP":"13"},"36":{"3J":"13","3G":"13","2J":"13","2G":"13","3M":"13","2H":"13","3H":"13","2M":"13"},"6W":{"H2":"13"},"8F":{"62":"13","83":"13","95":"13","C3":"13","72":"13","C5":"13","85":"13","C2":"13","H4":"13","92":"13","86":"13","C4":"13","M4":"13","87":"13","J4":"13","H3":"13","J3":"13","F2":"13","94":"13","93":"13","82":"13","F3":"13","M3":"13","96":"13","97":"13","73":"13"},"8J":{"FV":"13","FR":"13","GR":"13","GV":"13"},"45":{"M6":"13","P7":"13","P6":"13","M7":"13"},"37":{"6V":"13","5W":"13","6W":"13","PP":"13","PQ":"13","QQ":"13","5V":"13"}},"R5":{"J4":{"47":"13"}},"J2":{"Q6":{"VF":"13"},"XF":{"9X":"13","CV":"13","CW":"13","FV":"13","FW":"13","9W":"13","CX":"13"},"M8":{"54":"13","64":"13"},"RH":{"4X":"13"},"RV":{"WH":"13","VG":"13","WG":"13","VH":"13"},"G9":{"75":"13"},"33":{"2P":"13","2Q":"13"},"C8":{"M7":"13"},"CW":{"G9":"13","H9":"13","HC":"13","GC":"13"},"Q7":{"2C":"13"},"XH":{"GC":"13"},"42":{"F6":"13","G6":"13"},"RM":{"2V":"13"},"GV":{"4W":"13","4V":"13"},"3R":{"26":"13","25":"13"},"V9":{"H9":"13","J9":"13"},"2R":{"J7":"13","X6":"13","X5":"13","J6":"13"},"VP":{"XP":"13","XM":"13","XJ":"13"},"RJ":{"42":"13"},"QW":{"XV":"13","X6":"13","X5":"13","WJ":"13","WW":"13","WM":"13"},"VV":{"5P":"13","4P":"13"},"QM":{"RV":"13","VV":"13"},"QF":{"83":"13","73":"13","84":"13"},"24":{"65":"13","55":"13"},"RG":{"P5":"13","Q4":"13","Q5":"13"},"9W":{"Q6":"13","Q7":"13"},"WQ":{"44":"13"},"77":{"7H":"13","8H":"13","6H":"13"},"4M":{"9M":"13"},"3H":{"P7":"13","X9":"13","WC":"13","Q7":"13","XC":"13"},"CV":{"RV":"13","RW":"13"},"FV":{"F4":"13","5R":"13","HV":"13","JW":"13","JV":"13","5V":"13","G4":"13","HW":"13"},"68":{"GM":"13"},"QX":{"CJ":"13","CM":"13"},"JR":{"XP":"13","XG":"13","XQ":"13","XF":"13","WF":"13","WG":"13"},"4F":{"VX":"13"},"GQ":{"5R":"13","6V":"13","FH":"13","6R":"13","CH":"13","5V":"13"},"WP":{"2P":"13","2J":"13","2M":"13"},"RC":{"7Q":"13","8Q":"13","7R":"13","8R":"13"},"4J":{"54":"13","44":"13","43":"13","53":"13"},"HQ":{"4C":"13","3C":"13"},"HP":{"PH":"13","MH":"13","MG":"13"},"XG":{"MF":"13","PG":"13","PH":"13","C2":"13","92":"13","MG":"13"},"23":{"XP":"13","XQ":"13"},"67":{"P9":"13"}},"W4":{"XV":{"VG":"13","XF":"13","VF":"13","WF":"13","WG":"13","XC":"13"},"W6":{"VC":"13","WC":"13","W9":"13","V9":"13"}},"J6":{"XF":{"X6":"13","W5":"13","22":"13","W6":"13"},"WF":{"RP":"13","VP":"13"},"X3":{"26":"13","36":"13","37":"13","P9":"13","47":"13","27":"13"},"X9":{"6X":"13","8V":"13","6W":"13","7W":"13","7V":"13","7X":"13","8W":"13"},"XC":{"3X":"13","2X":"13","72":"13","62":"13"}},"P3":{"VQ":{"W2":"13"},"PV":{"54":"13","55":"13"},"6M":{"G7":"13"},"VW":{"QJ":"13"},"5M":{"58":"13","59":"13","46":"13","47":"13","57":"13","56":"13","48":"13"},"PR":{"J3":"13","J2":"13","M2":"13","M3":"13"},"C8":{"HG":"13","JG":"13"},"7P":{"6F":"13","6C":"13"},"CC":{"Q3":"13","Q4":"13","P4":"13","P3":"13"},"9P":{"36":"13","46":"13"},"VP":{"WX":"13"}},"M2":{"9F":{"8M":"13","39":"13","38":"13","8J":"13"},"3R":{"PP":"13","PQ":"13"},"58":{"XX":"13"},"68":{"9H":"13"},"59":{"X2":"13"},"8F":{"Q4":"13","Q5":"13"},"4Q":{"VC":"13","WC":"13","W9":"13","V9":"13"},"7H":{"QX":"13","RX":"13"},"5X":{"8X":"13","MG":"13","PG":"13","MF":"13","8W":"13","PF":"13","7W":"13","PC":"13","PH":"13","MH":"13","9W":"13"},"3F":{"CW":"13","5X":"13"},"3G":{"52":"13","53":"13"},"6X":{"JW":"13","3G":"13","4G":"13","HX":"13","4H":"13","JX":"13","3H":"13","3F":"13","MW":"13"},"7J":{"7M":"13","Q2":"13","7P":"13","R2":"13","6M":"13","6P":"13"},"2G":{"MG":"13"},"6Q":{"29":"13","38":"13","48":"13","28":"13"},"5Q":{"QJ":"13","QH":"13","RJ":"13","X9":"13","W9":"13"}},"P7":{"32":{"F2":"13","F3":"13"},"2R":{"HF":"13","GF":"13","HC":"13","HG":"13","GC":"13"}},"R3":{"MV":{"26":"13","25":"13"},"JV":{"X6":"13","W5":"13","X5":"13","W6":"13"},"PV":{"7Q":"13","8Q":"13"},"JR":{"39":"13","2C":"13","2F":"13","3C":"13"},"HR":{"7G":"13","6G":"13","8G":"13","8F":"13","5G":"13","XF":"13","7F":"13","5F":"13","6F":"13"}},"X2":{"37":{"9F":"13","CG":"13","9G":"13","CF":"13"},"46":{"5W":"13","5X":"13","6W":"13","6R":"13","6V":"13","6X":"13","5V":"13"},"79":{"CC":"13","FC":"13","FH":"13","FG":"13","CH":"13","CG":"13","FF":"13","CF":"13"},"27":{"GM":"13","GP":"13","HP":"13","JP":"13","JQ":"13","HQ":"13","JR":"13"}}}}