{"index":{"university,1|retail,2|tourism,3|wreck,4|historical,5|artsCulture,6|namedBuilding,7|water,8|wetland,9|park,10|beach,11|natureReserve,12|cemetery,13|trail,14":{}},"92":{"8G":{"HF":{"X5":"13","X4":"13"},"JF":{"25":"13","24":"13"}},"9F":{"4P":{"FH":"13","CH":"13","C9":"13","CG":"13"}},"HP":{"RC":{"R9":"13"}},"P8":{"CP":{"9X":"13","9W":"13","8X":"13","8W":"13"},"CQ":{"82":"13","PQ":"13","92":"13","PR":"13"}},"4H":{"W4":{"QQ":"13"}},"WM":{"96":{"29":"13","28":"13","27":"13"}},"FQ":{"WX":{"PG":"13","PF":"13"}},"QF":{"H2":{"P9":"13","Q9":"13"}},"R2":{"MX":{"C5":"13"},"9V":{"2P":"13","2M":"13"},"8V":{"HJ":"13","HH":"13","JH":"13","JJ":"13","MH":"13"}},"5M":{"VF":{"FH":"13","FG":"13","CH":"13","G7":"13","CG":"13"},"R9":{"GR":"13"}},"GQ":{"5P":{"59":"13"}},"JX":{"WW":{"9Q":"13","9R":"13"}},"6R":{"WM":{"5R":"13"}},"RV":{"VC":{"X6":"13","W5":"13","W7":"13","X7":"13","QW":"13","W6":"13","QV":"13"}},"7X":{"6F":{"R6":"13"},"8G":{"R3":"13","V3":"13","R2":"13","V2":"13","P3":"13"},"8F":{"PX":"13"},"5F":{"MV":"13","MR":"13"}},"7V":{"73":{"V7":"13"},"3X":{"R8":"13"},"56":{"M8":"13","M9":"13","P9":"13","P8":"13"},"3M":{"7Q":"13","6Q":"13","6P":"13"},"67":{"5Q":"13","PJ":"13"}},"PM":{"FQ":{"VV":"13"}},"6P":{"69":{"WP":"13"},"46":{"MF":"13","MG":"13"}},"MV":{"GP":{"F5":"13","G5":"13"}},"XV":{"P2":{"XQ":"13","XR":"13"}},"RW":{"RX":{"P6":"13"}},"6Q":{"97":{"V4":"13"}},"RM":{"7W":{"4M":"13","4P":"13"}}}}