{"index":{"university,1|retail,2|tourism,3|wreck,4|historical,5|artsCulture,6|namedBuilding,7|water,8|wetland,9|park,10|beach,11|natureReserve,12|cemetery,13|trail,14":{}},"93":{"F5":{"44":{"4P":"13"}},"GP":{"G7":{"V7":"13","Q2":"13","V6":"13"},"G6":{"QR":"13","QX":"13","QV":"13"}},"PJ":{"V4":{"HF":"13","H9":"13","HC":"13"},"R7":{"RV":"13","RR":"13"},"V8":{"6G":"13","5J":"13","6H":"13","5H":"13","5G":"13","7H":"13","5F":"13","6F":"13","6J":"13","7J":"13"}},"FC":{"MF":{"2P":"13"},"M8":{"JV":"13","JW":"13","HV":"13"},"93":{"4H":"13"},"QW":{"Q4":"13","R4":"13"}},"GC":{"38":{"2P":"13","2M":"13"},"9P":{"R5":"5","2J":"13","R4":"5","3M":"13","2M":"13"},"28":{"XP":"13"}},"GG":{"F5":{"R8":"13","V7":"13","R7":"13","V8":"13"},"4H":{"H8":"13","H7":"13","H6":"13"},"5H":{"4W":"13","3W":"13"}},"H4":{"PR":{"5Q":"13","5M":"13","5P":"13","4M":"13","4P":"13"}},"P5":{"J8":{"M5":"13"}},"HM":{"3Q":{"RV":"13","RW":"13","VV":"13","RR":"13","VR":"13","VQ":"13"}},"PP":{"39":{"C2":"13"},"38":{"CX":"13"}},"QQ":{"RW":{"38":"13","37":"13"}},"JF":{"8V":{"CW":"13","FV":"13","FW":"13","FX":"13","CV":"13","CX":"13"}},"VF":{"7R":{"39":"13"}},"PW":{"QQ":{"RC":"13"}},"HG":{"44":{"7F":"13","7H":"13","6F":"13","8G":"13","8H":"13","8F":"13","6H":"13","6G":"13","6J":"13","7J":"13","8J":"13","7G":"13"},"HH":{"R3":"13","R5":"13","R4":"13"},"JW":{"54":"13","44":"13","55":"13","45":"13"},"FJ":{"6Q":"13","6P":"13"},"64":{"7F":"13","8G":"13","8F":"13","8C":"13","7G":"13","7C":"13"},"78":{"GP":"13","FR":"13","FQ":"13","HR":"13","GV":"13","FP":"13","FV":"13","GR":"13","GQ":"13","HV":"13","HQ":"13","CR":"13"}},"99":{"RJ":{"2C":"13","2F":"13","3G":"13","2G":"13","3F":"13"}},"JM":{"2P":{"4X":"5","5X":"5"},"2Q":{"42":"5","52":"5"}},"MV":{"85":{"GG":"13","GF":"13"}},"JW":{"X3":{"J8":"13","J9":"13"}},"HV":{"C3":{"H9":"13","JH":"13","JG":"13"}},"QC":{"2F":{"Q6":"13","R6":"13"}},"JR":{"W6":{"H2":"13"}},"P3":{"87":{"WM":"13"}},"WC":{"47":{"XM":"13","XJ":"13"},"57":{"2M":"13"}},"HQ":{"GH":{"8C":"13"}},"R2":{"H2":{"W2":"13","V2":"13"}}}}