{"index":{"university,1|retail,2|tourism,3|wreck,4|historical,5|artsCulture,6|namedBuilding,7|water,8|wetland,9|park,10|beach,11|natureReserve,12|cemetery,13|trail,14":{}},"94":{"7W":{"R8":{"QJ":"13","QH":"13"},"4X":{"QM":"13","QP":"13","RP":"13","RM":"13"},"R7":{"MH":"13","MG":"13"},"R6":{"MF":"13","MC":"13"},"M8":{"RW":"13","VW":"13","RX":"13"}},"3X":{"6R":{"XX":"13","WX":"13"},"JX":{"R3":"13","V3":"13","V4":"13","R4":"13"}},"J5":{"3P":{"Q3":"13"},"RC":{"8M":"13","8H":"13","8J":"13"}},"7J":{"79":{"9J":"13","9M":"13"},"35":{"Q8":"13","P7":"13","P8":"13","Q7":"13"},"2M":{"88":"13","87":"13","77":"13","78":"13"},"6C":{"X3":"13"},"78":{"4J":"13","4H":"13"},"7C":{"44":"13","23":"13","45":"13","43":"13"}},"GH":{"2C":{"98":"13","C9":"13","C8":"13"},"33":{"3J":"13","2J":"13"}},"C6":{"4G":{"5X":"13"}},"XQ":{"8W":{"WQ":"13","WP":"13"}},"X8":{"FX":{"26":"13"}},"8W":{"24":{"X6":"13"}},"3V":{"QQ":{"P9":"13","PC":"13"}},"7F":{"WX":{"F8":"13"}},"V8":{"C7":{"V3":"13"}},"6M":{"JP":{"X4":"13","X3":"13"},"99":{"98":"13","97":"13","C7":"13","C8":"13"},"C9":{"44":"13"}},"6J":{"QR":{"GX":"13","HX":"13"},"QV":{"H2":"13","G2":"13"}},"2X":{"4P":{"Q3":"13","W4":"13","Q2":"13","W3":"13","V8":"13"},"58":{"7H":"13","6V":"13","6W":"13","7V":"13","7G":"13"},"MJ":{"8V":"13","HR":"13","8R":"13","9R":"13","9Q":"13","9V":"13","7V":"13","7R":"13","HQ":"13","8Q":"13","7Q":"13"},"46":{"93":"13","C4":"13","94":"13"},"MM":{"9F":"13","R7":"13","8H":"13","9J":"13","9C":"13","9M":"13","F7":"13","Q7":"13","9H":"13","8J":"13"},"MW":{"36":"13"},"PF":{"FG":"13","C9":"13"},"JM":{"Q2":"13","R2":"13"},"JJ":{"RW":"13","VV":"13","WV":"13","QX":"13","VW":"13","RX":"13","WW":"13","VX":"13"},"F5":{"RH":"13","RG":"13"},"PH":{"4F":"13","4C":"13"},"24":{"QR":"13"},"R3":{"Q3":"13","Q2":"13","P3":"13","P2":"13"},"54":{"25":"13"}},"7P":{"F2":{"MH":"13","MG":"13"}},"6H":{"G9":{"J8":"13","M9":"13","M8":"13","J9":"13"},"39":{"5Q":"13","5R":"13"}},"6P":{"37":{"25":"13"},"3X":{"FV":"13","FR":"13","GR":"13","GV":"13"},"66":{"PG":"13","PH":"13","JH":"13","JJ":"13","MH":"13"}},"W8":{"87":{"XV":"13","XX":"13","XW":"13"}},"5R":{"V4":{"8G":"13","8F":"13"}},"7R":{"8W":{"86":"13","85":"13","95":"13"}},"J4":{"QJ":{"F2":"13","F8":"13"}},"GR":{"6G":{"P9":"13"}},"8X":{"G6":{"23":"13"},"C6":{"C6":"13"},"3V":{"HF":"13","JF":"13"},"75":{"9H":"13","9G":"13"},"65":{"W7":"13"},"3X":{"5Q":"13","6Q":"13","5R":"13","6R":"13"},"8F":{"34":"13","33":"13"},"5X":{"HW":"13","HV":"13"},"72":{"MF":"13","PC":"13","MH":"13","MC":"13","PF":"13","MG":"13"},"F3":{"4F":"13","5F":"13"}},"7C":{"J8":{"74":"13"},"89":{"MF":"13","PG":"13","PC":"13","PF":"13","MG":"13"},"4C":{"83":"13","F3":"13","82":"13","93":"13"}},"H3":{"92":{"32":"13","42":"13","43":"13","33":"13"}},"5M":{"RP":{"X9":"13"}},"4P":{"FM":{"CP":"13","9P":"13"},"FP":{"84":"13","85":"13"}},"P2":{"3H":{"9H":"13","5F":"13","9G":"13"}},"2M":{"25":{"54":"13"},"H3":{"W8":"13","V8":"13","W9":"13","W4":"13","X4":"13","JF":"13","JC":"13","V9":"13"}},"79":{"54":{"XW":"13"}},"CP":{"WW":{"CV":"13"}},"G6":{"XV":{"QF":"13","PF":"13"},"PX":{"7Q":"13","6Q":"13","7P":"13","6R":"13","6P":"13","7R":"13"},"PW":{"9Q":"13","HJ":"13","HH":"13","9P":"13"}},"F8":{"H8":{"JH":"5","JJ":"5"}},"2W":{"G6":{"Q4":"13","R4":"13"},"GP":{"FC":"13","F9":"13"},"V5":{"J9":"13"},"FM":{"4V":"13"},"6C":{"4F":"13","J8":"13","3G":"13","H8":"13","C7":"13","C8":"13","FF":"13"},"M3":{"GG":"13","FG":"13","P8":"13","J4":"13","J5":"13","C4":"13"},"CM":{"F5":"13"},"FP":{"G4":"13"},"P4":{"PP":"13"},"2F":{"3V":"13","2R":"13","2V":"13","3R":"13"},"5C":{"FG":"13"},"7R":{"QR":"13","QQ":"13","PR":"13"},"88":{"XG":"13","XH":"13"},"CJ":{"8V":"13","7V":"13"},"PP":{"88":"13","CC":"13","89":"13","9C":"13"},"8Q":{"7P":"13","6M":"13","6P":"13"},"RM":{"7H":"13"}},"G4":{"QF":{"39":"13","38":"13"}},"H7":{"V3":{"MM":"13","JM":"13"}},"5W":{"RP":{"V2":"13"},"3F":{"FQ":"13","GP":"13","GQ":"13","FP":"13"},"RM":{"VX":"13"}},"59":{"MR":{"QJ":"13","PJ":"13"}},"F2":{"G5":{"XP":"13","XM":"13"}},"M6":{"J4":{"26":"13","89":"13","79":"13","8C":"13","7C":"13"}},"V2":{"H5":{"GF":"13","GC":"13"}},"V7":{"C4":{"HJ":"13","Q8":"13","JJ":"13","Q7":"13"}},"5V":{"2F":{"9Q":"13","9P":"13","9M":"13"},"W7":{"49":"13","48":"13"},"V6":{"MP":"13","QM":"13","QQ":"13","MJ":"13","MM":"13","PQ":"13","PJ":"13","JJ":"13","QP":"13","PM":"13","PP":"13"}},"89":{"R2":{"29":"13","2C":"13"}},"4M":{"99":{"GX":"13"},"9C":{"G2":"13"}},"C7":{"8H":{"3G":"13","4G":"13","4H":"13","3H":"13","3F":"13"},"9C":{"R8":"13","Q8":"13","Q6":"13","R7":"13","R6":"13","Q7":"13"},"F6":{"C8":"13"}},"5C":{"83":{"J2":"13","M2":"13"},"72":{"97":"13","96":"13"},"H3":{"J6":"13","J5":"13"}},"G7":{"58":{"75":"13","76":"13"},"H8":{"G8":"13"}},"2V":{"V5":{"37":"13","47":"13"},"PQ":{"HR":"13"},"GG":{"X8":"13"},"42":{"G7":"13","H7":"13"},"2F":{"4V":"13"},"PM":{"2X":"13"},"87":{"6H":"13","5H":"13"}},"3W":{"3C":{"VF":"13","VC":"13","RC":"13"},"HR":{"35":"13"}},"96":{"QR":{"G2":"13"},"3M":{"58":"13","4J":"13","3M":"13","59":"13","25":"13","27":"13","48":"13","37":"13","4G":"13","49":"13","36":"13","3G":"13","3J":"13","26":"13","4F":"13"}},"W6":{"6X":{"CC":"13","C9":"13"}},"4V":{"XG":{"G5":"13"},"4R":{"MX":"13","PX":"13"},"4V":{"M2":"13","P2":"13"}},"97":{"GC":{"42":"13"}},"F6":{"RX":{"QV":"13"},"6G":{"MF":"13","MG":"13"},"QW":{"M8":"13"},"GJ":{"5Q":"13"},"FP":{"F6":"13"}},"G5":{"QG":{"Q8":"13","P8":"13","Q7":"13"}},"4R":{"2R":{"8G":"13","9G":"13"}},"2J":{"CG":{"J7":"13","J6":"13"}},"6F":{"7M":{"R3":"13","V3":"13","R2":"13"},"7J":{"QX":"13","RX":"13"}},"HW":{"VJ":{"7Q":"13","7P":"13"}},"7X":{"VV":{"XF":"13","WF":"13","WC":"13","XC":"13"},"R5":{"R3":"13","Q3":"13","Q4":"13","R4":"13"},"QP":{"8Q":"13","9R":"13","9V":"13","8V":"13","8R":"13","8W":"13"},"XR":{"PJ":"13","PM":"13"},"PV":{"8R":"13"},"QQ":{"2J":"13","2M":"13"}},"6Q":{"34":{"4W":"13","5W":"13"},"4F":{"9X":"13","9W":"13","7W":"13","8X":"13","7X":"13","8W":"13"},"2X":{"JP":"13","HQ":"13","HP":"13","JQ":"13"},"3C":{"Q3":"13","Q2":"13","9J":"13","9M":"13","P3":"13","P2":"13"},"FP":{"5Q":"13","3G":"13","5P":"13"},"33":{"6V":"13","6R":"13"}},"69":{"3Q":{"65":"13","66":"13","55":"13","57":"13","56":"13"},"2R":{"R3":"13","V3":"13","V4":"13"}},"2P":{"3P":{"2J":"13","2H":"13"},"2P":{"XH":"13","XJ":"13"},"2R":{"93":"13"},"2Q":{"Q3":"13"},"2M":{"J3":"13","H3":"13"}}}}