{"index":{"university,1|retail,2|tourism,3|wreck,4|historical,5|artsCulture,6|namedBuilding,7|water,8|wetland,9|park,10|beach,11|natureReserve,12|cemetery,13|trail,14":{}},"95":{"35":{"72":{"QW":"13","PW":"13","QV":"13"},"82":{"4W":"13","3W":"13"},"9G":{"X9":"13","W9":"13"}},"5V":{"XP":{"2J":"13","2M":"13"},"WQ":{"WC":"13","W9":"13"},"WP":{"XM":"13","XJ":"13"}},"4X":{"34":{"XJ":"13"},"54":{"2J":"13"},"29":{"R2":"13"},"2R":{"4X":"13","3X":"13"},"35":{"VG":"13"},"53":{"CC":"13","FC":"13","C9":"13","F9":"13"},"2V":{"32":"13","42":"13"}},"7H":{"W3":{"CH":"13"}},"66":{"49":{"F2":"13"},"48":{"FX":"13"}},"38":{"HG":{"QX":"13","RX":"13"},"HH":{"Q2":"13","R2":"13"},"2H":{"QJ":"13","QH":"13"},"34":{"88":"13","86":"13","76":"13","87":"13","77":"13","78":"13"},"GV":{"34":"13","23":"13","24":"13","33":"13"},"RQ":{"H5":"13","J6":"13","J5":"13","H6":"13"},"JX":{"PV":"13"},"6V":{"M2":"13","M3":"13","P3":"13","P2":"13"},"89":{"7W":"13","8W":"13"},"72":{"H2":"13"},"32":{"FX":"13","CX":"13"},"9G":{"PV":"13","QW":"13","PW":"13","QV":"13"},"24":{"R3":"13","Q3":"13","Q4":"13","W4":"13","V3":"13","W5":"13","Q5":"13","V4":"13","R5":"13","W3":"13","Q6":"13","R6":"13","R4":"13","V6":"13","W6":"13","V5":"13"},"76":{"XV":"13"},"PP":{"49":"13","48":"13"}},"4P":{"F7":{"V7":"13","Q4":"13","Q5":"13","V8":"13"},"FM":{"CP":"13","CM":"13"},"WH":{"VP":"13","H6":"13"},"W5":{"83":"13","73":"13","72":"13","82":"13"},"XP":{"FJ":"13"},"XH":{"PQ":"13","PR":"13"},"83":{"QX":"13","QW":"13"},"W9":{"2R":"13","2V":"13"},"XG":{"4Q":"13"},"WX":{"X2":"13","X3":"13"},"7F":{"9H":"13"},"6V":{"6F":"13","5C":"13","5G":"13","2P":"13","5H":"13","2Q":"13","5F":"13","6C":"13"},"84":{"V7":"13","V6":"13"},"V9":{"XV":"13","XR":"13"}},"3R":{"MF":{"26":"13","25":"13"},"RV":{"54":"13","55":"13"},"VG":{"F4":"13","C3":"13","C4":"13"},"JF":{"X6":"13","X5":"13"},"5G":{"G3":"13","73":"13","74":"13","G2":"13"},"82":{"6F":"13","5G":"13","6G":"13","5F":"13"},"P4":{"PH":"13"},"M7":{"PV":"13","PR":"13"},"GW":{"C7":"13","C8":"13"},"RM":{"CC":"13","FC":"13"},"W6":{"X6":"13","W5":"13","X5":"13","W6":"13"}},"5P":{"G5":{"QX":"13","QW":"13"},"2M":{"WM":"13"},"33":{"F8":"13"},"27":{"CP":"13"},"48":{"56":"13"},"3F":{"RP":"13","RM":"13"},"53":{"3M":"13"},"56":{"FR":"13","5J":"13","HR":"13","GV":"13","6M":"13","5M":"13","HM":"13","5P":"13","FV":"13","GR":"13","HV":"13","6P":"13","6J":"13","6Q":"13","5Q":"13"},"36":{"W7":"13"},"22":{"FR":"13","FQ":"13","CQ":"13","CR":"13"},"4M":{"FJ":"13","GM":"13","FM":"13","GJ":"13"},"23":{"C6":"13","F5":"13","F6":"13","C5":"13"},"6F":{"75":"13","74":"13"},"55":{"XG":"13","XH":"13"}},"84":{"4J":{"JW":"13","HX":"13","JX":"13"},"7P":{"69":"13","77":"13","67":"13","79":"13","68":"13","78":"13"},"3P":{"G5":"13"},"5H":{"34":"13","33":"13"},"V9":{"4G":"13","4H":"13"},"8W":{"X7":"13","X8":"13"}},"25":{"MV":{"X7":"13","X8":"13"},"GX":{"7V":"13","7W":"13"},"VM":{"6Q":"13"}},"24":{"65":{"RQ":"13","RP":"13"},"76":{"3C":"13","3F":"13"}},"G6":{"V7":{"4G":"13","4H":"13"},"R6":{"HF":"13","GG":"13","GF":"13","HG":"13"}},"5Q":{"C5":{"8V":"13","8W":"13"},"9X":{"39":"13","4F":"13","49":"13","4C":"13","3C":"13","3F":"13"},"FM":{"F5":"13","F6":"13"},"FX":{"3J":"13","3H":"13"},"2V":{"W2":"13","V2":"13"},"F4":{"3J":"13","3M":"13"},"7M":{"43":"13","C4":"13"},"C3":{"F5":"13","F6":"13"},"F8":{"2H":"13","3H":"13"},"C2":{"F5":"13"},"F9":{"C7":"13","C8":"13"},"7X":{"HP":"13"},"7R":{"HH":"13","HG":"13"}},"5F":{"P4":{"V3":"13","V4":"13"},"RH":{"J7":"13","J8":"13"},"95":{"2R":"13","2V":"13"},"VM":{"2F":"13","4H":"13"},"GH":{"32":"13","33":"13"},"85":{"Q8":"13","P6":"13","P8":"13","P5":"13","Q7":"13","XR":"13","Q6":"13","Q5":"13","XV":"13","P7":"13"},"HM":{"97":"13","C7":"13"},"5R":{"6X":"13","6W":"13"},"P2":{"55":"13"},"H8":{"HJ":"13","HH":"13","JH":"13","JJ":"13"},"VJ":{"76":"13","X3":"13","77":"13"},"PM":{"8J":"13"},"H6":{"RJ":"13","9V":"13","RM":"13","CV":"13"},"CR":{"9W":"13","8W":"13"},"9X":{"WX":"13","VX":"13"},"V4":{"WH":"13","WJ":"13"},"JG":{"P4":"13","M3":"13","P3":"13"},"R5":{"3G":"13","3H":"13"},"FJ":{"37":"13"},"GM":{"4F":"13","3F":"13"},"WP":{"9M":"13"},"M2":{"58":"13","47":"13","57":"13","48":"13"},"P3":{"V3":"13","V4":"13"},"MQ":{"7F":"13","8F":"13"},"P7":{"88":"13","87":"13"},"2P":{"Q2":"13"}},"3V":{"VM":{"3Q":"13","W2":"13","W3":"13","3P":"13"},"PW":{"M4":"13"},"86":{"RW":"13","VW":"13","RX":"13","VX":"13"},"QM":{"JP":"13","HP":"13","JM":"13","HM":"13"},"X3":{"WC":"13","W9":"13"},"WJ":{"RH":"13","RG":"13","66":"13","56":"13"},"PH":{"G9":"13","F8":"13","G8":"13","F9":"13"},"P6":{"4W":"13"},"R6":{"GP":"13","HQ":"13","HP":"13","P7":"13","P6":"13","GQ":"13"},"PM":{"QM":"13","PM":"13","QP":"13","PP":"13"},"RP":{"FM":"13","FP":"13"},"XH":{"WM":"13"},"QG":{"7C":"13"},"GJ":{"G8":"13","G7":"13"},"MX":{"GC":"13"},"JG":{"5Q":"13"},"VP":{"3J":"13","3M":"13"},"V6":{"J6":"13"},"X2":{"9F":"13","WH":"13","P9":"13","P8":"13","XH":"13","9G":"13"},"W3":{"JV":"13","HV":"13"},"HG":{"7C":"13"},"JH":{"FJ":"13","VC":"13","W9":"13","VF":"13","CH":"13","WC":"13","CJ":"13","FH":"13","V9":"13"},"Q2":{"F2":"13","FF":"13","CF":"13"},"RQ":{"PJ":"13","PH":"13"},"2R":{"QJ":"13","QM":"13","RJ":"13"},"6G":{"3V":"13","2W":"13","3X":"13","2X":"13","2V":"13","3W":"13"},"WC":{"XX":"13","WX":"13"},"WW":{"FF":"13","6C":"13","GC":"13","FC":"13","7F":"13","6F":"13","GF":"13","7C":"13"},"X5":{"XP":"13","XM":"13"},"HP":{"P5":"13","M5":"13","76":"13","P6":"13","77":"13"},"VX":{"3V":"13"},"GQ":{"95":"13","C5":"13"},"X8":{"2J":"13","2M":"13"},"WH":{"FR":"13","GR":"13"},"R3":{"FV":"13","CW":"13","FR":"13","CV":"13","CR":"13"},"RV":{"J3":"13","J2":"13"},"FR":{"R5":"13"},"W6":{"Q6":"13","R6":"13"},"HV":{"VX":"13"},"VH":{"VV":"13","WV":"13","VR":"13","WR":"13"},"HM":{"77":"13","78":"13"},"XM":{"7Q":"13","7P":"13","6P":"13"},"MW":{"RM":"13"},"WF":{"QF":"13"},"VW":{"JC":"13","HC":"13"},"VV":{"34":"13","25":"13","24":"13","35":"13"},"9R":{"58":"13","59":"13"},"XP":{"X5":"13"},"87":{"R2":"13","V2":"13"},"RH":{"WH":"13"},"PV":{"4X":"13"},"HW":{"V2":"13"}},"5R":{"36":{"FV":"13","FR":"13"},"92":{"8G":"13","8H":"13","7W":"13","9H":"13","9G":"13","8W":"13"},"7C":{"F7":"13"}},"C5":{"9X":{"VV":"13","VR":"13"}},"68":{"34":{"37":"13","27":"13"},"58":{"83":"13","93":"13"},"6W":{"JF":"13"},"5Q":{"3X":"13","2X":"13"},"33":{"2P":"13"},"3V":{"C2":"13"},"HM":{"Q8":"13","P9":"13","P8":"13","Q9":"13"},"PP":{"MV":"13","JV":"13","JW":"13","MR":"13","JR":"13","MW":"13"},"3R":{"G3":"13","G2":"13","CX":"13"},"6P":{"Q6":"13","R6":"13"},"MM":{"69":"13","68":"13"},"5R":{"32":"13","22":"13"},"9G":{"5P":"13","4P":"13"},"2H":{"PH":"13","PP":"13","PQ":"13"},"45":{"Q2":"13"},"52":{"23":"13"},"2Q":{"MQ":"13","PQ":"13"},"5V":{"6F":"13","57":"13","6C":"13"},"44":{"WG":"13","WH":"13","XH":"13","XJ":"13","XG":"13","XF":"13","WJ":"13","QX":"13","WF":"13"},"HV":{"QJ":"13","QH":"13"},"2V":{"RC":"13"},"GX":{"HR":"13","HV":"13"},"49":{"X2":"13"},"6C":{"QF":"13"},"PX":{"F8":"13","G8":"13","G7":"13","F7":"13"},"39":{"83":"13","84":"13"},"JP":{"6Q":"13","6V":"13","6R":"13"},"2J":{"73":"13"},"64":{"QX":"13"},"23":{"XP":"13"}},"3M":{"C9":{"8P":"13"},"VW":{"MF":"13","XG":"13","JF":"13","WG":"13","WQ":"13","WP":"13"},"49":{"6W":"13"},"VX":{"JF":"13"},"9V":{"74":"13","64":"13"},"89":{"PP":"13","PQ":"13"},"93":{"5M":"13"},"69":{"MR":"13"},"F3":{"Q5":"13","R5":"13","Q6":"13","R6":"13"}},"73":{"6X":{"8X":"13"},"Q5":{"GF":"13","FC":"13","FF":"13","GC":"13"},"42":{"H2":"13","G2":"13"},"46":{"GM":"13","GJ":"13"},"55":{"39":"13","38":"13","37":"13","49":"13","47":"13","4C":"13","3C":"13","48":"13"},"6G":{"2R":"13","2Q":"13"}},"J7":{"FH":{"6V":"13","6R":"13","7V":"13","7W":"13","7R":"13"},"FJ":{"9P":"5","9M":"5"}},"3F":{"C6":{"99":"13","9C":"13"}},"2M":{"V5":{"R3":"13","R2":"13"},"2W":{"33":"13"},"5J":{"5J":"13","5M":"13","6M":"13","6J":"13"},"QV":{"R5":"13","R4":"13"},"F9":{"93":"13","92":"13"},"RF":{"4P":"13"},"C4":{"R6":"13","V6":"13"},"FW":{"CH":"13","CG":"13","9H":"13","9G":"13"}},"4W":{"7Q":{"3W":"13"},"38":{"P9":"13"},"4X":{"77":"13","67":"13"},"HW":{"M8":"13","P8":"13"},"4G":{"6W":"13","7W":"13"},"2G":{"H5":"13","G5":"13","J6":"13","J5":"13","H6":"13","G6":"13"},"8V":{"XQ":"13","XR":"13"},"4P":{"7H":"13","8G":"13","8F":"13"}},"47":{"7W":{"W2":"13","W3":"13","X2":"13","X3":"13"},"6W":{"XX":"13"},"FX":{"76":"13","66":"13"},"7J":{"6Q":"13","6R":"13"},"5Q":{"4Q":"13"},"XH":{"6V":"13","6W":"13"},"92":{"7J":"13"},"7P":{"XP":"13"},"6X":{"X2":"13"},"XJ":{"JP":"13","HQ":"13","HP":"13","JQ":"13"},"8Q":{"9Q":"13"},"RJ":{"VW":"13","VX":"13"},"8G":{"9F":"13","9C":"13"},"7V":{"RH":"13","RJ":"13"},"RR":{"7W":"13","7X":"13"},"JQ":{"R8":"13","Q8":"13","R7":"13","Q7":"13"},"8J":{"XX":"13","XW":"13"},"FH":{"7R":"13"},"CR":{"V7":"13","V8":"13"},"94":{"H5":"13","F5":"13","G5":"13","F6":"13","H6":"13","G6":"13"},"QH":{"4X":"13","4W":"13"},"4M":{"V7":"13","V8":"13"},"XX":{"82":"13"},"CX":{"MF":"13"},"XW":{"3X":"13","2X":"13","8X":"13"},"4V":{"8M":"13","7M":"13"},"3M":{"4R":"13"},"6G":{"FW":"13"}},"7W":{"4W":{"G3":"13","G4":"13"},"PM":{"VR":"13","WQ":"13","VQ":"13"}},"5G":{"MX":{"5M":"13","5P":"13","4M":"13","4P":"13"},"GC":{"G4":"13","G5":"13"},"72":{"V4":"13","V5":"13","R4":"13","R5":"13","V7":"13","R6":"13","R7":"13","V6":"13"},"CW":{"5C":"13","5F":"13"},"92":{"W2":"13","V2":"13"},"6H":{"CW":"13","9W":"13","9V":"13","CV":"13"},"GV":{"4F":"13","5F":"13"},"8Q":{"2G":"13"},"MM":{"CG":"13"},"J4":{"56":"13"},"56":{"98":"13","99":"13","C9":"13","C8":"13"},"F9":{"MM":"13","MP":"13"},"P2":{"7H":"13","7J":"13"},"7Q":{"XG":"13"},"JQ":{"JV":"13","7X":"13"},"9X":{"FW":"13"},"J8":{"H9":"13","H8":"13"},"44":{"3V":"13","3W":"13"},"G7":{"95":"13","94":"13"},"JR":{"72":"13"},"49":{"QP":"13","QQ":"13"},"FJ":{"3J":"13","2J":"13","2H":"13","3H":"13"},"3G":{"JJ":"13","JM":"13"},"23":{"89":"13"},"JH":{"H6":"13"},"3P":{"F2":"13","G3":"13","F3":"13","G2":"13"}},"3W":{"34":{"26":"13","25":"13"},"X3":{"94":"13"},"6W":{"RR":"13","VR":"13"},"F7":{"HQ":"13"},"83":{"2F":"13","2G":"13"},"74":{"65":"13","66":"13"},"3X":{"VV":"13","WV":"13","VR":"13","WR":"13","8F":"13","8C":"13"},"V3":{"34":"13","24":"13","33":"13"},"95":{"54":"13","55":"13"},"H2":{"G3":"13","H4":"13","G4":"13","H3":"13"},"5Q":{"68":"13","78":"13"},"9P":{"69":"13","58":"13","59":"13","68":"13"},"WF":{"52":"13","62":"13"},"R6":{"42":"13"},"72":{"X4":"13","X3":"13"},"V8":{"J8":"13"},"8F":{"WQ":"13","VP":"13","VQ":"13","WP":"13"},"P5":{"F7":"13","C7":"13"},"6M":{"R3":"13","V3":"13","R2":"13","V2":"13"},"6J":{"RW":"13","VW":"13","RX":"13","VX":"13"},"CH":{"4F":"13","4C":"13"},"9J":{"4X":"13","3X":"13"},"6R":{"PM":"13","PP":"13"},"87":{"87":"13"},"37":{"H2":"13","J2":"13"},"8Q":{"M5":"13","M6":"13"},"6P":{"GV":"13","HV":"13"},"2R":{"5C":"13","4F":"13","4C":"13","5F":"13"},"2H":{"83":"13","73":"13"},"H3":{"HW":"13","JW":"13","HX":"13","JX":"13"},"56":{"3V":"13","3W":"13"},"QF":{"MV":"13"},"24":{"X6":"13","X5":"13"},"F8":{"R3":"13","V3":"13","R2":"13","V2":"13"},"Q8":{"WH":"13","WG":"13"},"R9":{"J3":"13","J2":"13"},"J3":{"XV":"13","XR":"13"},"5W":{"6H":"13","5H":"13"},"FH":{"VF":"13","WF":"13"},"2Q":{"5M":"13","5P":"13"},"59":{"69":"13","68":"13"},"W9":{"9J":"13","9H":"13"},"77":{"73":"13"},"FM":{"89":"13","79":"13","8C":"13","7C":"13"},"93":{"4J":"13","5J":"13","5M":"13","4M":"13"},"V7":{"FM":"13"},"V4":{"3Q":"13","2Q":"13"},"55":{"WR":"13"},"82":{"73":"13"},"29":{"38":"13","37":"13"},"WJ":{"P6":"13"},"R5":{"4X":"13"},"3C":{"72":"13","82":"13"},"4F":{"86":"13","96":"13"},"W6":{"H5":"13","H4":"13","G4":"13","G5":"13"},"X7":{"9Q":"13"},"8P":{"J7":"13","J8":"13","M8":"13","M7":"13"},"54":{"Q4":"13","W5":"13","Q5":"13","W6":"13"},"4V":{"85":"13","66":"13","56":"13","95":"13","94":"13"},"F6":{"M9":"13","P9":"13","PC":"13","MC":"13","PR":"13"},"73":{"XG":"13","XF":"13"},"39":{"8X":"13","7X":"13"},"C9":{"9P":"13","9M":"13"},"4J":{"Q2":"13"},"P3":{"6V":"13","6R":"13"},"WH":{"88":"13","98":"13","97":"13","87":"13"},"WC":{"3X":"13","3W":"13"},"48":{"6Q":"13","6R":"13"},"CM":{"3V":"13","4V":"13"},"64":{"R5":"13","R4":"13"},"X2":{"9M":"13"},"69":{"6V":"13","6R":"13","7V":"13","7R":"13"},"3P":{"JV":"13","JR":"13"}},"3Q":{"GX":{"28":"13","27":"13"},"32":{"7G":"13"},"FX":{"X7":"13","X8":"13"},"QQ":{"8V":"13","8W":"13"},"CF":{"86":"13"}},"67":{"3Q":{"VX":"13"},"4J":{"9X":"13","FX":"13","CV":"13","CW":"13","FV":"13","FW":"13","9W":"13","CX":"13"},"5J":{"WF":"13","WG":"13"},"5G":{"5X":"13"},"5P":{"WX":"13","VX":"13"},"6H":{"6F":"13"},"6P":{"VF":"13","VC":"13"},"3M":{"7F":"13"},"6J":{"6F":"13","6G":"13"},"2H":{"4Q":"13"},"3H":{"VG":"13","VF":"13","WF":"13","WG":"13"},"2Q":{"4Q":"13","4P":"13"},"8J":{"9F":"13","9G":"13"}},"4G":{"X8":{"Q9":"13"},"Q4":{"C2":"13","93":"13","92":"13","C3":"13"},"H3":{"2P":"13","2Q":"13"},"R9":{"J9":"13"},"GC":{"CW":"13"},"83":{"97":"13","96":"13"},"X2":{"FH":"13","CH":"13"},"V7":{"CC":"13","99":"13","9C":"13","C9":"13"},"5F":{"FG":"13","FW":"13","FF":"13"},"PC":{"HR":"13","GR":"13"},"69":{"J3":"13","J2":"13","M2":"13","M3":"13"},"3J":{"F3":"13","C3":"13"}},"3H":{"Q8":{"RX":"13","VX":"13"},"Q5":{"WH":"13","VG":"13","WG":"13","VH":"13"},"5X":{"RF":"13","RC":"13"},"C7":{"WC":"13","W9":"13"},"Q9":{"R2":"13","V2":"13"}},"9C":{"59":{"H7":"13","H6":"13"}},"V6":{"RQ":{"5G":"13","4G":"13"}},"42":{"RP":{"JJ":"13","MJ":"13"}},"48":{"H3":{"J6":"13","H6":"13"},"8P":{"F6":"13"},"92":{"7P":"13","6P":"13"},"5Q":{"QJ":"13","PJ":"13","QH":"13","PH":"13"},"XR":{"WG":"13"},"QR":{"47":"13","MH":"13","MG":"13"},"RG":{"QP":"13","PP":"13","PQ":"13","QQ":"13"},"68":{"83":"13","84":"13"},"XH":{"9X":"13","8X":"13"},"XG":{"65":"13","Q6":"13","66":"13","55":"13","56":"13","Q7":"13"},"7W":{"WW":"13"},"3W":{"7X":"13"},"X4":{"5G":"13","5F":"13"},"4G":{"58":"13","59":"13"},"V6":{"QX":"13","QW":"13"},"F7":{"HG":"13","HH":"13","FG":"13","HJ":"13","GG":"13","GH":"13","GJ":"13","FH":"13"},"X9":{"Q9":"13"},"FW":{"J2":"13"},"Q9":{"MV":"13","PV":"13","MR":"13","PR":"13"},"X2":{"MW":"13"},"WP":{"JV":"13","JR":"13","HR":"13","HV":"13"},"RX":{"CW":"13","CV":"13"},"HR":{"H4":"13","H3":"13"},"96":{"Q3":"13","R3":"13","Q4":"13","R4":"13"},"7V":{"WX":"13"},"Q6":{"42":"13"},"C3":{"CM":"13","9M":"13"},"P5":{"M2":"13"},"76":{"F8":"13","G8":"13","G7":"13","F7":"13","F6":"13","G6":"13"},"77":{"CJ":"13","CM":"13","FJ":"13","FM":"13"},"4R":{"7H":"13","6H":"13","6G":"13","7G":"13"},"X8":{"5J":"13","6J":"13"},"46":{"RH":"13","VJ":"13","RJ":"13","VH":"13"},"XX":{"RF":"13","VF":"13","VC":"13","RC":"13"},"GG":{"PR":"13"},"MJ":{"9R":"13","9V":"13"},"FH":{"R8":"13","R7":"13"},"FM":{"CP":"13","CM":"13","9P":"13"},"CR":{"3G":"13","4G":"13","4H":"13","3H":"13"},"V5":{"CW":"13","FW":"13"},"MW":{"84":"13","4X":"13","4W":"13","5W":"13","5X":"13","74":"13"},"QX":{"4M":"13"},"XJ":{"C6":"13","JH":"13","JJ":"13","JM":"13","JG":"13","F6":"13"},"M9":{"JR":"13","HR":"13","GR":"13","GV":"13"},"MV":{"3G":"13","3F":"13"},"22":{"JP":"13","HQ":"13","JQ":"13","GQ":"13","JR":"13","HR":"13","GR":"13","HV":"13"},"VF":{"W5":"13"},"75":{"QH":"13"},"V8":{"P9":"13"},"6F":{"FW":"13"},"Q5":{"4X":"13"}},"4J":{"FH":{"8M":"13","7M":"13","7J":"13","8J":"13"},"FJ":{"33":"13"},"VX":{"C4":"13"}},"7Q":{"CC":{"9X":"13"},"CF":{"92":"13"}},"CW":{"JG":{"CC":"13","C9":"13"}},"2X":{"9Q":{"6V":"13","6R":"13"},"7J":{"XX":"13"},"38":{"H5":"13"},"G9":{"36":"13","46":"13","45":"13","35":"13"},"GG":{"44":"13","45":"13","XR":"13","H6":"13"},"XQ":{"RW":"13","VW":"13","RX":"13","VX":"13"},"4H":{"QM":"13","HG":"13","JG":"13"},"2X":{"MF":"13"},"Q2":{"MF":"13","PF":"13"},"MG":{"J7":"13","J8":"13"},"MC":{"CW":"13","9W":"13"},"8Q":{"WV":"13","3R":"13"},"2C":{"3P":"13","3M":"13","4M":"13","4P":"13"},"MW":{"QM":"13","PM":"13"},"2H":{"C6":"13","95":"13","96":"13","C5":"13"},"GR":{"7Q":"13","7P":"13","C7":"13","C8":"13","X8":"13"},"8X":{"25":"13"},"56":{"49":"13","48":"13"},"5M":{"52":"13"},"PW":{"5M":"13"},"HG":{"2R":"13"},"8J":{"2X":"13"},"2Q":{"PG":"13","PH":"13","MH":"13","MG":"13"},"Q5":{"H3":"13"},"43":{"PV":"13","QW":"13","PW":"13","QV":"13"},"3J":{"VP":"13","VQ":"13"},"5C":{"C2":"13","92":"13"},"M3":{"8M":"13","8G":"13","9P":"13","9M":"13","8P":"13"},"3Q":{"77":"13","78":"13"},"CJ":{"39":"13","3C":"13"},"JR":{"QH":"13"},"4X":{"FJ":"13","FM":"13"},"27":{"XM":"13"},"FJ":{"JF":"13"},"GM":{"MM":"13"},"PH":{"65":"13","55":"13"},"8M":{"22":"13"},"JP":{"J7":"13","J6":"13"},"7M":{"X2":"13"},"6G":{"R5":"13"},"4Q":{"5Q":"13"},"R3":{"JX":"13"},"7X":{"X5":"13"},"FW":{"W4":"13","93":"13","94":"13"},"JH":{"29":"13"},"JJ":{"6H":"13"},"R2":{"7F":"13","8F":"13"}},"4C":{"RF":{"RF":"13","RC":"13"}},"83":{"2J":{"73":"13","84":"13","85":"13","75":"13","74":"13"}},"2J":{"86":{"4J":"13","3J":"13","3G":"13","4G":"13","4H":"13","3H":"13"},"58":{"9X":"13"},"37":{"X7":"13","X8":"13"},"76":{"W4":"13","W5":"13","W2":"13","W3":"13","WJ":"13","WM":"13","WP":"13","W6":"13"},"24":{"34":"13","35":"13"},"4G":{"PJ":"13","PM":"13"},"47":{"X7":"13"},"4C":{"PJ":"13","PH":"13"},"CQ":{"PJ":"13","F5":"13","G5":"13","F6":"13"},"CX":{"98":"13","99":"13","C9":"13","C8":"13"}},"52":{"VV":{"XG":"13","XF":"13"},"WV":{"2F":"13","2G":"13"}},"28":{"VV":{"3Q":"13","3R":"13"},"2C":{"63":"13","54":"13","65":"13","64":"13","55":"13","53":"13"},"W4":{"Q8":"13","R9":"13","P8":"13","P6":"13","V8":"13","VC":"13","QF":"13","R8":"13","VF":"13","RC":"13","PF":"13","QC":"13","V7":"13","Q7":"13","R6":"13","R7":"13","RF":"13","Q6":"13","P9":"13","PC":"13","V6":"13","Q9":"13","P7":"13","V9":"13"},"CP":{"2C":"13","2F":"13","3C":"13","3F":"13"},"H4":{"MV":"13","PV":"13","MR":"13","PR":"13"},"86":{"MV":"13","JV":"13","MR":"13","JR":"13"},"P2":{"88":"13","86":"13","87":"13"}},"5J":{"JC":{"GX":"13","GW":"13"},"RX":{"HF":"13","HC":"13"},"8W":{"5G":"13","5H":"13"}},"9W":{"V8":{"JH":"13","JG":"13"}},"33":{"2Q":{"7M":"13","7P":"13","6M":"13","6P":"13"}},"43":{"WW":{"3J":"13","2J":"13","3M":"13","2M":"13"}},"7J":{"59":{"2R":"13"},"49":{"XR":"13"},"C4":{"H4":"13","H3":"13"}},"2R":{"R4":{"H6":"13"},"6H":{"75":"13","76":"13"},"83":{"Q3":"13","Q4":"13","P4":"13","P3":"13"},"W4":{"7W":"13","7V":"13"},"CP":{"JM":"13","HM":"13"},"PQ":{"GP":"13","GQ":"13"},"H4":{"49":"13","4C":"13"},"44":{"3Q":"13","3P":"13","2P":"13"},"PR":{"C6":"13"},"Q7":{"4W":"13","4R":"13","4V":"13"},"Q6":{"34":"13","44":"13","43":"13","33":"13"},"RF":{"69":"13","79":"13","6C":"13","68":"13","78":"13","7C":"13"},"G8":{"RF":"13","QG":"13","RG":"13"},"PH":{"RQ":"13","RP":"13","VP":"13","VQ":"13"},"PX":{"5V":"13"},"Q3":{"F3":"13","F4":"13"}},"29":{"QG":{"QX":"13","RX":"13"},"Q5":{"M6":"13","P7":"13","P6":"13","M7":"13"},"QH":{"Q2":"13","R2":"13"},"R4":{"2P":"13","2J":"13","2M":"13"},"QW":{"54":"13","55":"13"},"3W":{"93":"13","94":"13"}},"2C":{"VG":{"6R":"13","7R":"13"},"H4":{"J3":"13","H5":"13","H4":"13","H3":"13","J4":"13","J5":"13"},"66":{"H9":"13","HC":"13"}},"6G":{"88":{"WX":"13","WW":"13"},"7Q":{"XX":"13"},"86":{"R7":"13"},"7R":{"X2":"13"},"CQ":{"46":"13","47":"13"}},"49":{"84":{"J7":"13","J8":"13","M8":"13","M7":"13"},"44":{"RX":"13","VX":"13"},"HH":{"HF":"13","HC":"13"},"W3":{"R5":"13"},"V2":{"HW":"13","HX":"13"},"87":{"6V":"13","6W":"13","7W":"13","7V":"13"},"45":{"R2":"13","V2":"13"},"P2":{"4W":"13"},"68":{"2R":"13","2Q":"13"}},"2H":{"P6":{"QX":"13","QW":"13","PX":"13","PW":"13"},"R4":{"39":"13","49":"13","4C":"13","3C":"13"},"35":{"4X":"13","4W":"13","3X":"13","3W":"13"},"3F":{"XV":"13"},"JG":{"FG":"13","CG":"13"}},"72":{"7F":{"4W":"13","5W":"13","5V":"13","4V":"13"},"8C":{"8V":"13","7W":"13","7V":"13","8X":"13","7X":"13","8W":"13"}},"GC":{"24":{"58":"13","59":"13","4G":"13","4H":"13"}},"3J":{"H2":{"63":"13","52":"13","53":"13","62":"13"},"8G":{"PV":"13"},"G7":{"6M":"13","6J":"13"},"FF":{"FM":"13"},"8W":{"V8":"13","V9":"13"}},"6V":{"MW":{"88":"13","89":"13","79":"13","78":"13"}},"3X":{"8V":{"W7":"13"},"8P":{"3G":"13","3F":"13"},"FQ":{"VX":"13"},"7M":{"54":"13"},"W9":{"73":"13","HC":"13","74":"13"},"25":{"4F":"13","5G":"13","4G":"13","5F":"13"},"62":{"PP":"13","PQ":"13"},"XR":{"XX":"13"},"68":{"25":"13","23":"13","24":"13"},"QC":{"X6":"13","X5":"13"},"9V":{"76":"13","74":"13","66":"13","77":"13","67":"13"},"QF":{"77":"13","67":"13","68":"13","78":"13"},"6M":{"C6":"13","F5":"13","F6":"13","VX":"13","C5":"13"},"RC":{"R8":"13","H9":"13","R7":"13"},"4W":{"MF":"13","PG":"13","JF":"13","JH":"13","PH":"13","MH":"13","JG":"13","MG":"13"},"GJ":{"77":"13","57":"13","58":"13","48":"13","66":"13","56":"13","67":"13"},"FC":{"HR":"13","HV":"13"},"JG":{"RF":"13","QF":"13"},"5G":{"93":"13","92":"13"},"V9":{"PW":"13"},"4G":{"F8":"13","G8":"13"},"9C":{"6P":"13"},"48":{"34":"13","33":"13"},"7Q":{"7W":"13","8X":"13","7X":"13","8W":"13"},"GH":{"CM":"13","FM":"13"},"CW":{"X6":"13","W5":"13","W6":"13"},"CG":{"46":"13","45":"13"},"GX":{"4J":"13","5J":"13","5M":"13","4M":"13","8J":"13"},"2Q":{"M2":"13"},"GF":{"49":"13","P4":"13","48":"13"},"58":{"X5":"13","X4":"13","X3":"13","9J":"13","9H":"13"},"CJ":{"9F":"13","9C":"13"},"9M":{"RW":"13"},"RF":{"FR":"13","FQ":"13","CQ":"13","CR":"13"},"FR":{"H9":"13","H8":"13","V2":"13"},"9X":{"75":"13","65":"13","76":"13","66":"13"},"HV":{"83":"13","73":"13","72":"13","82":"13"},"MJ":{"Q8":"13","Q9":"13"},"CQ":{"XR":"13"},"MW":{"R8":"13","R7":"13"},"6P":{"V3":"13","V2":"13"},"QP":{"M5":"13"},"8C":{"MV":"13","PV":"13"},"2P":{"MX":"13"},"39":{"W4":"13","W3":"13"},"4F":{"VR":"13","WR":"13"},"9R":{"6H":"13","6J":"13"},"9H":{"66":"13","67":"13"},"9G":{"97":"13","96":"13"},"JF":{"9R":"13","8R":"13"},"88":{"JX":"13"},"8J":{"2F":"13","2G":"13","MQ":"13","PQ":"13"},"8G":{"9F":"13","9G":"13"}},"2Q":{"F7":{"9R":"13"},"QH":{"G3":"13","G4":"13"},"CF":{"WG":"13","WH":"13","RG":"13","VF":"13","RH":"13","RF":"13","WJ":"13","VG":"13","VH":"13","WF":"13"},"M4":{"5J":"13","5M":"13"},"F8":{"3J":"13","2J":"13","3M":"13","2H":"13","2M":"13"},"47":{"3P":"13","2P":"13","3M":"13","2M":"13"},"F2":{"M8":"13","M7":"13"},"FP":{"MF":"13","PG":"13","PF":"13","MG":"13"},"5H":{"75":"13"},"C2":{"88":"13"},"Q2":{"J7":"13","J8":"13","M8":"13","M7":"13"},"WX":{"W9":"13"},"53":{"RW":"13","RX":"13","VX":"13"},"F9":{"7Q":"13","7M":"13","7P":"13","8Q":"13","8V":"13","7V":"13","7R":"13","8R":"13","8P":"13"},"XR":{"29":"13","2C":"13"},"CC":{"9Q":"13","GP":"13","9M":"13","FQ":"13","FP":"13","9P":"13","GH":"13","CH":"13","9J":"13","9H":"13","GJ":"13","CP":"13","FH":"13","FM":"13","CJ":"13","FJ":"13","GQ":"13","GM":"13","CM":"13","CQ":"13"},"GW":{"HM":"13"},"FH":{"GQ":"13"}},"76":{"7J":{"58":"13","48":"13"}},"79":{"34":{"R5":"13"}},"77":{"76":{"7H":"13","7J":"13"},"3X":{"9P":"13","9M":"13"}},"26":{"F2":{"84":"13","94":"13"},"84":{"QP":"13","QQ":"13"}},"57":{"62":{"C9":"13"},"63":{"C6":"13","97":"13","C7":"13","C8":"13"},"FP":{"32":"13","23":"13","33":"13","22":"13"},"VM":{"2F":"13","3F":"13"},"GH":{"J4":"13","J5":"13"},"VW":{"VG":"13","VF":"13"},"VR":{"RW":"13","QX":"13","RX":"13","QW":"13"},"PR":{"89":"13","8C":"13","22":"13"},"4H":{"35":"13"},"CH":{"GH":"13","GJ":"13"},"6X":{"H7":"13","H6":"13"},"9J":{"5J":"13","5M":"13"},"PQ":{"29":"13","2C":"13","2R":"13","2V":"13"},"5P":{"X4":"13","X3":"13"},"GV":{"R3":"13","R2":"13"},"MC":{"75":"13","76":"13"},"8Q":{"5R":"13"},"MM":{"44":"13","43":"13"},"7R":{"HH":"13","GH":"13"},"GW":{"7H":"13","6H":"13"},"GJ":{"GX":"13","W4":"13","W5":"13","X5":"13","X4":"13","GW":"13"},"QQ":{"FX":"13"},"VV":{"R2":"13"},"5M":{"HF":"13","HG":"13"},"HG":{"54":"13"},"5W":{"RG":"13"},"9X":{"3G":"13","2G":"13","2H":"13","3H":"13"},"FM":{"62":"13"},"HX":{"CW":"13"},"5V":{"R8":"13","R7":"13"},"QH":{"8Q":"13","8R":"13"},"FG":{"3V":"13"},"JV":{"R3":"13","V3":"13","R2":"13","V2":"13"},"HC":{"PM":"13","PP":"13"},"QR":{"F2":"13"},"FV":{"3X":"13"},"FJ":{"6X":"13"},"GQ":{"JM":"13"},"VX":{"RV":"13","RW":"13"},"4V":{"MH":"13"},"WP":{"6F":"13","FC":"13","6C":"13"},"7M":{"J4":"13","J5":"13"},"HQ":{"4F":"13","3G":"13","4G":"13","3F":"13"},"5X":{"RX":"13"},"RW":{"GF":"13","FF":"13"},"MR":{"X2":"13"},"FW":{"39":"13","3C":"13"}},"23":{"73":{"25":"13","24":"13"},"V3":{"83":"13","84":"13","93":"13","94":"13"}},"4R":{"85":{"2M":"13"},"75":{"XM":"13"},"55":{"QF":"13","QG":"13","PG":"13","PF":"13"},"5F":{"5C":"13","58":"13","59":"13"},"C5":{"PJ":"13","MM":"13","PM":"13","MJ":"13"}},"58":{"FJ":{"84":"13","85":"13","75":"13","74":"13"},"QW":{"3G":"13","3F":"13"},"PW":{"8Q":"13","8P":"13"},"5V":{"XG":"13","XH":"13"},"G8":{"4Q":"13","46":"13","55":"13","45":"13","56":"13"},"86":{"Q9":"13"},"93":{"W7":"13"},"J9":{"R8":"13","R9":"13","Q9":"13","RC":"13"},"62":{"FG":"13","CG":"13","FF":"13","CF":"13"},"X3":{"CJ":"13","CM":"13"},"XQ":{"2W":"13","2X":"13"},"G6":{"3Q":"13","2Q":"13"},"WJ":{"P3":"13"},"HF":{"F7":"13","HX":"13","2C":"13","3F":"13","JX":"13","3C":"13","2F":"13","3G":"13","JW":"13","2G":"13","HW":"13"},"XR":{"7F":"13","7H":"13","7G":"13"},"R9":{"43":"13","53":"13"},"PH":{"HG":"13","5W":"13","5X":"13","6W":"13","JF":"13","6V":"13","6X":"13","5V":"13","JG":"13","HF":"13"},"RM":{"98":"13","97":"13","GG":"13","GF":"13"},"P6":{"W4":"13","W3":"13"},"GM":{"3V":"13","4X":"13","4W":"13","3X":"13","5X":"13","4R":"13","3R":"13","4V":"13","3W":"13"},"3M":{"P5":"13","M5":"13","P4":"13","M4":"13"},"G9":{"RV":"13","RW":"13","VV":"13","WV":"13","RR":"13","VR":"13","WR":"13","VW":"13","WW":"13"},"73":{"VF":"13"},"JJ":{"G6":"13","C5":"13","F7":"13","G9":"13","C6":"13","G5":"13","F6":"13","F4":"13","C9":"13","F8":"13","F9":"13","C8":"13","F5":"13","G8":"13","C4":"13","C7":"13","G4":"13","G7":"13"},"M5":{"6V":"13"},"4W":{"PP":"13","MP":"13","MQ":"13","PQ":"13","M2":"13","P2":"13"},"JR":{"HH":"13","HG":"13"},"H2":{"G8":"13"},"WQ":{"XX":"13","XW":"13"},"MX":{"5R":"13","5V":"13"},"JG":{"3R":"13","2P":"13","2M":"13","3M":"13","3P":"13","3Q":"13","2Q":"13","2R":"13"},"PQ":{"8G":"13","9G":"13"},"G4":{"RV":"13","RW":"13","RR":"13","P7":"13","RQ":"13","Q7":"13"},"X4":{"34":"13","44":"13","43":"13","33":"13"},"65":{"VV":"13"},"V6":{"H5":"13","H6":"13"},"G2":{"6F":"13","6C":"13"},"G3":{"Q8":"13","WR":"13","P9":"13","P8":"13","Q9":"13"},"GH":{"R3":"13","V3":"13","V4":"13","R4":"13"},"7C":{"22":"13"},"CG":{"FC":"13","FF":"13"},"HG":{"XM":"13","H3":"13","XQ":"13","H2":"13","J3":"13","XP":"13","H4":"13","XR":"13","J2":"13","J4":"13","J5":"13"},"52":{"R2":"13","CX":"13"},"9F":{"26":"13","36":"13","M8":"13","M7":"13"},"6X":{"XP":"13"},"JH":{"CJ":"13","CM":"13","FJ":"13","FM":"13"},"MG":{"5M":"13","4M":"13"},"MC":{"2C":"13","2F":"13","3C":"13","3F":"13"},"JC":{"78":"13","77":"13","57":"13","58":"13","75":"13","6C":"13","68":"13","65":"13","59":"13","48":"13","4C":"13","66":"13","56":"13","49":"13","5C":"13","69":"13","79":"13","76":"13","67":"13"},"33":{"FF":"13","CF":"13"},"7J":{"2P":"13","2M":"13"},"6R":{"X4":"13","X3":"13"},"CV":{"3G":"13","4G":"13"},"8H":{"FM":"13","FP":"13"},"7X":{"2P":"13"},"WW":{"W2":"13","XF":"13"},"P2":{"VJ":"13","WJ":"13"},"7V":{"3G":"13","H3":"13","3H":"13"},"C3":{"78":"13"},"PF":{"8C":"13"},"6V":{"2G":"13","2H":"13"},"PR":{"32":"13","23":"13","33":"13","22":"13"},"2Q":{"RH":"13"},"76":{"V8":"13"},"VX":{"RF":"13","VF":"13"},"GF":{"XG":"13","XF":"13","HX":"5","JX":"5","XC":"13"},"GP":{"32":"13","42":"13","52":"13","43":"13","53":"13","33":"13"},"R3":{"2J":"13","2M":"13"},"5C":{"3P":"13","2P":"13","RQ":"13","QQ":"13"},"GG":{"J2":"5"},"64":{"4W":"13","5W":"13","5V":"13","4V":"13"},"HV":{"9X":"13","CX":"13"},"7R":{"23":"13","24":"13"},"6H":{"54":"13","44":"13","55":"13","45":"13"},"CH":{"QJ":"13","QM":"13"},"FM":{"GM":"13","FM":"13"},"WV":{"CP":"13","WX":"13","CQ":"13"},"PJ":{"63":"13","54":"13","64":"13","52":"13","53":"13","62":"13"},"HM":{"CV":"13","CR":"13"},"MM":{"86":"13","84":"13","85":"13","95":"13","96":"13","94":"13"},"XC":{"28":"13","27":"13"},"3G":{"GG":"13","GH":"13","GJ":"13"},"54":{"75":"13"},"74":{"8M":"13","8W":"13"},"9H":{"2P":"13"},"2G":{"96":"13"},"78":{"28":"13"},"87":{"WR":"13","WQ":"13"},"PX":{"8Q":"13","8P":"13"},"RH":{"M4":"13"},"FF":{"RV":"13","RW":"13","VV":"13","QR":"13","RR":"13","VW":"13","QW":"13","QV":"13"},"8R":{"58":"13","VG":"13","47":"13","57":"13","VH":"13","48":"13"},"88":{"FR":"13","GR":"13"},"HW":{"C2":"13","92":"13"},"89":{"QG":"13","PG":"13","QH":"13","PH":"13","P4":"13"},"7F":{"G7":"13","G6":"13"},"CC":{"CQ":"13","CM":"13","CP":"13","FP":"13","9M":"13","9Q":"13","9P":"13"},"Q5":{"F5":"13"},"99":{"QM":"13","47":"13","QP":"13","48":"13"},"37":{"GH":"13","GJ":"13"}},"27":{"VV":{"V7":"13","V6":"13","V8":"13"},"WW":{"4J":"13","5J":"13","CH":"13","4H":"13","4M":"13","5H":"13","FP":"13"},"VX":{"7F":"13","6F":"13","6G":"13","7G":"13"},"33":{"5G":"13"}},"5C":{"8V":{"Q2":"13","R2":"13","V2":"13"},"XM":{"R5":"13","QM":"13","PM":"13","R6":"13"},"46":{"9Q":"13"},"XP":{"V7":"13","R7":"13","R6":"13","V6":"13"},"XJ":{"MM":"13","MP":"13"},"8R":{"QX":"13","RX":"13","VX":"13"},"PQ":{"58":"13"},"45":{"3V":"13","3R":"13"}},"4H":{"QM":{"5C":"13","4F":"13","4C":"13","5F":"13"},"QP":{"3V":"13","4W":"13","5W":"13","4R":"13","3R":"13","5V":"13","4V":"13","3W":"13"},"PQ":{"JV":"13","MQ":"13","JQ":"13","JR":"13","HR":"13","HV":"13"},"W9":{"JX":"13"}},"46":{"6X":{"3F":"13"}},"64":{"QR":{"2X":"13"},"PV":{"X2":"13"},"PR":{"XX":"13"},"QV":{"22":"13"}},"6H":{"4G":{"QX":"13","QW":"13","PX":"13","PW":"13"}},"FH":{"H9":{"58":"13","57":"13","67":"13","68":"13"}},"4Q":{"58":{"8V":"13","7V":"13","7R":"13"},"VM":{"7G":"13"},"VW":{"5Q":"13","5R":"13","4Q":"13","5P":"13","4R":"13","4P":"13"},"XH":{"Q3":"13"},"85":{"CJ":"13","CH":"13"},"XV":{"JR":"13"},"V9":{"54":"13","44":"13","55":"13","45":"13","43":"13","53":"13"},"CF":{"GX":"13","HX":"13"},"J4":{"Q8":"13","P8":"13"},"QM":{"4F":"13","3F":"13"},"VJ":{"7F":"13","7G":"13","7C":"13"},"W5":{"2F":"13"},"RR":{"59":"13","49":"13"},"52":{"V7":"13","M5":"13","M6":"13","W7":"13","V6":"13","W6":"13"},"WM":{"JG":"13"},"Q5":{"M7":"13"},"CG":{"H2":"13","G2":"13"},"3Q":{"J3":"13","J4":"13","M4":"13","M3":"13"},"RC":{"CJ":"13","CM":"13","9J":"13","9M":"13"}},"2W":{"58":{"58":"13","66":"13","57":"13","2R":"13","67":"13","2V":"13","68":"13"},"RQ":{"VV":"13","VR":"13"},"3X":{"7M":"13"},"RX":{"W4":"13","V4":"13"},"QP":{"W8":"13","W9":"13"},"72":{"8Q":"13","8P":"13"},"CW":{"9R":"13"},"42":{"WC":"13","W9":"13"},"XJ":{"P5":"13","P4":"13"},"6R":{"68":"13"},"WV":{"M6":"13","X9":"13","M7":"13","X8":"13"},"7R":{"6V":"13","5W":"13","6W":"13","5V":"13"},"CP":{"W4":"13","X4":"13"},"WQ":{"X2":"13"},"5W":{"2W":"13","2X":"13"},"WM":{"XM":"13"},"XP":{"VJ":"13","RP":"13","RM":"13","VH":"13"},"QH":{"43":"13"},"V4":{"W8":"13","V8":"13","V9":"13"},"CX":{"9F":"13","9C":"13"},"97":{"5R":"13","5V":"13"},"WP":{"MX":"13"},"WG":{"MP":"13","MQ":"13"},"3G":{"G3":"13","H4":"13","G4":"13","H3":"13"},"JP":{"FM":"13","FP":"13"},"4J":{"PP":"13","PQ":"13"},"48":{"MF":"13","M9":"13","MC":"13"}},"4M":{"58":{"3V":"13","2W":"13","3X":"13","2X":"13","2R":"13","2V":"13","3R":"13","3W":"13"},"RQ":{"26":"13","4F":"13","5F":"13","27":"13"},"9C":{"WC":"13"},"GH":{"5G":"13","5H":"13"},"MG":{"95":"13"},"4C":{"4X":"13","3X":"13","2X":"13","5X":"13"},"MM":{"26":"13","36":"13","37":"13"},"CF":{"7V":"13","7R":"13"},"RP":{"G6":"13"},"22":{"4J":"13","3J":"13","3M":"13","4M":"13"},"8C":{"63":"13","73":"13","72":"13","95":"13","62":"13","96":"13"},"H5":{"5J":"13"},"J9":{"M2":"13","P2":"13"},"J8":{"MX":"13","PX":"13"},"FG":{"4Q":"13","4R":"13","4P":"13"},"G7":{"C9":"13"},"9F":{"97":"13","87":"13"},"4F":{"43":"13","34":"13","33":"13","25":"13","52":"13","42":"13","22":"13","23":"13","32":"13","24":"13","26":"13"},"W6":{"J3":"13","H4":"13","H3":"13","J4":"13"},"3F":{"4Q":"13","4R":"13"},"FF":{"7H":"13","7J":"13"},"C9":{"P4":"13","M4":"13","M3":"13","P3":"13"},"48":{"XV":"13","29":"13","WV":"13","XX":"13","WR":"13","XR":"13","WW":"13","XW":"13","28":"13"},"MQ":{"99":"13","89":"13"}},"6C":{"H7":{"G9":"13","H9":"13"},"8J":{"GW":"13","GV":"13"},"5X":{"JV":"13","JW":"13","HR":"13","HV":"13"},"Q2":{"CJ":"13","FJ":"13","FM":"13"},"6R":{"RW":"13","QW":"13"},"3G":{"VP":"13","VQ":"13"},"5V":{"HF":"13","JF":"13","JC":"13","HC":"13"},"6P":{"RV":"13","RW":"13"},"6J":{"5M":"13","9X":"13","9W":"13"}},"8C":{"PJ":{"C6":"13","CC":"13","C7":"13","CG":"13","FF":"13","CF":"13"},"FX":{"42":"13","52":"13","43":"13","53":"13"}},"2P":{"J7":{"FC":"13","FF":"13"},"9F":{"WV":"13","WR":"13","WQ":"13"},"CC":{"26":"13","36":"13","37":"13","25":"13","27":"13"},"QH":{"HW":"13","HX":"13"},"5P":{"4R":"13"},"8V":{"39":"13","38":"13","49":"13","48":"13"},"9C":{"X8":"13","W8":"13","W5":"13","X7":"13","W6":"13","X6":"13","5P":"13","5R":"13","W7":"13","6R":"13","X4":"13","X5":"13","6P":"13","6Q":"13","5Q":"13"},"RC":{"MP":"13","MQ":"13","RP":"13","VP":"13"}},"39":{"F8":{"34":"13","25":"13","24":"13","35":"13"},"C8":{"X5":"13","X4":"13","X3":"13"}},"8W":{"VW":{"HP":"13","HM":"13"}},"2F":{"36":{"83":"13","84":"13"},"28":{"F8":"13","G8":"13","G7":"13","F7":"13"},"27":{"GM":"13","GP":"13","HP":"13","HJ":"13","HR":"13","HM":"13","GR":"13","GQ":"13","HQ":"13","GJ":"13"}},"3G":{"FR":{"3J":"13","2J":"13","2H":"13","3H":"13"},"WR":{"5G":"13","6H":"13","6G":"13","5H":"13"},"M2":{"32":"13","42":"13","43":"13","33":"13"},"6J":{"GF":"13","GC":"13"}},"C7":{"FG":{"97":"13"}},"3P":{"GX":{"5J":"13","6H":"13","6G":"13","6J":"13","5H":"13"},"8X":{"5W":"13","5V":"13"},"MG":{"RW":"13","RX":"13"},"8H":{"RF":"13","VF":"13","VC":"13","RC":"13"},"X9":{"35":"13"},"W9":{"W7":"13","W6":"13"},"VR":{"54":"13"},"JX":{"MV":"13","PV":"13","PW":"13","MW":"13"},"VX":{"5C":"13","69":"13","59":"13","6C":"13"},"X4":{"MQ":"13"},"CG":{"WX":"13","VX":"13"},"PX":{"VM":"13"}},"54":{"84":{"2G":"13"},"85":{"M3":"13"},"9C":{"VF":"13","WF":"13","WC":"13","VC":"13"}},"4F":{"VR":{"F8":"13","F7":"13","C7":"13","C8":"13"},"RX":{"RV":"13","RW":"13"}},"5M":{"6H":{"H5":"13","G5":"13"},"3C":{"XP":"13","XM":"13"},"5F":{"69":"13","68":"13"},"27":{"83":"13","82":"13","93":"13","92":"13"}},"74":{"3Q":{"J2":"13","M2":"13"},"VV":{"X9":"13"},"QX":{"JM":"13"},"QM":{"37":"13","47":"13"},"3P":{"MX":"13","JX":"13"},"VM":{"XQ":"13","WQ":"13"},"PQ":{"JQ":"13","JR":"13"},"62":{"82":"13"},"VH":{"XV":"13","XR":"13"}},"XP":{"4X":{"GP":"13"}},"2G":{"MF":{"58":"13","59":"13"},"VJ":{"72":"13","62":"13"},"W2":{"F8":"13","C9":"13","C8":"13","F9":"13"},"PH":{"W5":"13"},"FG":{"8M":"13","7M":"13","7P":"13","8P":"13"},"RX":{"9V":"13","CV":"13"}},"78":{"X5":{"9C":"13"},"X4":{"M5":"13","M6":"13","J6":"13","J5":"13"}},"JF":{"99":{"38":"13","37":"13","28":"13","27":"13"},"C7":{"9X":"13","8X":"13"},"96":{"J6":"13","J5":"13"}},"2V":{"H8":{"MV":"13","JV":"13","MR":"13","JR":"13"},"39":{"RH":"13","V4":"13","VH":"13"},"9C":{"97":"13","96":"13"},"2M":{"32":"13","42":"13","43":"13","33":"13"},"W6":{"83":"13","84":"13","C2":"13","82":"13","93":"13","92":"13","C3":"13","94":"13"},"MM":{"7Q":"13","6Q":"13","6R":"13","7V":"13","7R":"13"},"MW":{"7H":"13","25":"13"},"JW":{"X5":"13"},"RJ":{"6X":"13","6W":"13"},"8P":{"HF":"13","JF":"13","H9":"13","JC":"13","HC":"13","J9":"13"}},"5W":{"VM":{"39":"13","38":"13","49":"13","48":"13"},"RQ":{"P5":"13","PG":"13","PH":"13","MH":"13","MG":"13"},"RP":{"M9":"13"},"QQ":{"MF":"13","PC":"13","MC":"13","PF":"13","QC":"13"},"RM":{"WV":"13","VR":"13","WR":"13","WQ":"13","VQ":"13"}},"22":{"R8":{"88":"13","87":"13","77":"13","78":"13"},"7Q":{"G3":"13","H2":"13","H3":"13","G2":"13"},"7H":{"PP":"13"},"6Q":{"P8":"13","8V":"13","8R":"13"},"FR":{"FV":"13","83":"13","73":"13"},"MM":{"GP":"13","HQ":"13","GQ":"13","HR":"13","GR":"13"},"VG":{"GG":"13","GH":"13"},"7P":{"GX":"13","HX":"13"},"3J":{"XM":"13","XJ":"13"},"FG":{"33":"13"},"9P":{"W5":"13","X5":"13","7C":"13"},"MP":{"MV":"13","PV":"13","MW":"13"},"2H":{"JV":"13","JW":"13","X9":"13","W9":"13"},"FM":{"JR":"13"},"F7":{"83":"13","82":"13","93":"13","92":"13"},"8P":{"X3":"13"},"VH":{"QX":"13","PX":"13"},"FF":{"R6":"13"},"MW":{"HV":"13"},"HV":{"7M":"13","6M":"13","6J":"13","7J":"13"},"GV":{"H8":"13","G8":"13","G7":"13","H7":"13"}},"59":{"GX":{"2C":"13","2F":"13","2G":"13"},"WR":{"XV":"13","XR":"13"},"FX":{"XF":"13","XC":"13"},"XP":{"RV":"13"},"25":{"5C":"13","59":"13","49":"13","4C":"13"},"M9":{"V7":"13","W7":"13","W8":"13","W9":"13","V6":"13","W6":"13"},"98":{"VV":"13","VR":"13"},"32":{"2W":"13","3W":"13"},"C4":{"MF":"13","JF":"13","JC":"13","MC":"13"},"R3":{"2F":"13","3F":"13"}},"44":{"WP":{"HJ":"13","HH":"13","GH":"13"}},"36":{"6F":{"38":"13","37":"13"},"5C":{"FM":"13","FP":"13"},"3M":{"R5":"13","V4":"13","R4":"13","V5":"13"}},"6W":{"Q4":{"7Q":"13","7P":"13"},"HJ":{"JH":"13","JJ":"13"},"Q5":{"65":"13","64":"13","47":"13","48":"13"}},"4V":{"39":{"4F":"13","4G":"13"},"58":{"3G":"13","3H":"13","VH":"13"},"RG":{"7M":"13","7J":"13"},"2C":{"F2":"13"},"59":{"W4":"13","W5":"13","V4":"13","FW":"13","FX":"13","V5":"13"},"29":{"FX":"13"},"H4":{"CJ":"13","FH":"13","FJ":"13"},"48":{"M2":"13","M3":"13"},"3F":{"PP":"13","PQ":"13"},"37":{"34":"13","44":"13","43":"13"},"VR":{"CH":"13"},"56":{"CJ":"13","CM":"13","FJ":"13","FM":"13"},"38":{"4H":"13"},"VJ":{"P5":"13","Q4":"13","Q5":"13","P4":"13"},"54":{"F7":"13","C7":"13","F6":"13"},"J5":{"2G":"13","2H":"13"}},"5H":{"84":{"PH":"13"},"5X":{"6M":"13","6P":"13"},"C2":{"5W":"13","5V":"13"},"4G":{"V6":"13"},"6M":{"X4":"13"},"66":{"4Q":"13","4R":"13"},"56":{"MH":"13"},"3M":{"QJ":"13","RF":"13","QF":"13"},"2H":{"JF":"13","JC":"13"}},"7F":{"W7":{"PG":"13"}},"CC":{"PV":{"93":"13","92":"13"}},"56":{"HX":{"RV":"13","RR":"13","RQ":"13"},"MC":{"28":"13"}},"8G":{"FH":{"V4":"13","J8":"13","J9":"13"}},"75":{"P4":{"76":"13","66":"13","77":"13","67":"13"},"CG":{"JP":"13","MM":"13","R5":"13","R6":"13","MP":"13","MQ":"13","JQ":"13","JM":"13"},"GR":{"WR":"13","WQ":"13"}},"45":{"9P":{"CP":"13","CQ":"13"},"FW":{"FH":"13"},"3H":{"8Q":"13","8R":"13"}},"6F":{"FR":{"4J":"13","5J":"13","C4":"13"},"76":{"CC":"13","8V":"13","C9":"13"},"9R":{"X2":"13","X3":"13"},"66":{"R8":"13","Q8":"13","R9":"13","Q9":"13"},"CQ":{"7W":"13","7X":"13"},"CR":{"23":"13","22":"13"}},"69":{"R8":{"C2":"13","C3":"13"},"M5":{"3X":"13","3W":"13"},"4G":{"CG":"13","FF":"13","CF":"13"}},"37":{"MV":{"29":"13","39":"13","38":"13","28":"13"},"2W":{"GM":"13","GP":"13","GX":"13","HX":"13","FR":"13","HP":"13","FM":"13","FX":"13","FQ":"13","HR":"13","GV":"13","FP":"13","FV":"13","GR":"13","GQ":"13","HV":"13","GW":"13","HQ":"13","FW":"13","JR":"13","HW":"13"},"R7":{"8X":"13","8W":"13"},"5G":{"XP":"13","XM":"13"},"2P":{"QR":"13","QX":"13","PV":"13","QW":"13","PX":"13","PW":"13","QV":"13"},"6G":{"2P":"13","2J":"13","2M":"13"},"QW":{"G3":"13","J3":"13","H2":"13","H3":"13","J2":"13","G2":"13"},"5H":{"RV":"13","RR":"13"},"2Q":{"Q2":"13","M2":"13","P3":"13","P2":"13"},"WX":{"R3":"13","Q3":"13","Q2":"13","R2":"13"},"CX":{"HW":"13","JW":"13","HX":"13","JX":"13"},"7X":{"HX":"13"},"3W":{"MH":"13","P9":"13","M8":"13","MG":"13","MC":"13","JF":"13","QG":"13","QF":"13","PG":"13","J9":"13","J8":"13","P8":"13","PC":"13","JG":"13","QC":"13","JC":"13","M9":"13","PH":"13","PF":"13","MF":"13","JH":"13"},"QV":{"GX":"13"},"HV":{"6V":"13","6R":"13","7V":"13","7R":"13"}},"55":{"W4":{"8G":"13"},"HG":{"FR":"13","CQ":"13","FQ":"13","CP":"13","FP":"13","GR":"13","GQ":"13","CR":"13"}}}}