{"index":{"university,1|retail,2|tourism,3|wreck,4|historical,5|artsCulture,6|namedBuilding,7|water,8|wetland,9|park,10|beach,11|natureReserve,12|cemetery,13|trail,14":{}},"96":{"35":{"48":{"PP":"13"}},"86":{"3C":{"C4":"13","94":"13"}},"66":{"XP":{"2Q":"13"},"WM":{"MV":"13"},"WP":{"QJ":"13","XQ":"13","QH":"13"}},"38":{"26":{"XW":"13"},"36":{"2W":"13"},"25":{"C6":"13","C7":"13","C5":"13"}},"25":{"G2":{"CF":"13"},"7W":{"4G":"13","4H":"13","3H":"13"},"3X":{"HF":"13","GG":"13","GF":"13"},"5G":{"Q3":"13","83":"13","73":"13","P3":"13"},"7J":{"36":"13","37":"13","3X":"13"},"38":{"XV":"13","XR":"13","XW":"13"},"G9":{"RH":"13","RG":"13"},"72":{"FG":"13","FF":"13"},"C2":{"3X":"13","3W":"13"},"88":{"HF":"13","GG":"13","GF":"13","HG":"13"},"6J":{"5M":"13","5P":"13"},"2X":{"FJ":"13","FM":"13","9M":"13"},"CH":{"H4":"13"},"87":{"FH":"13"},"37":{"FR":"13","4W":"13"},"53":{"5W":"13"},"CF":{"2P":"13"},"9G":{"QJ":"13","PJ":"13","CJ":"13","FJ":"13"},"GR":{"QW":"13"},"78":{"X5":"13","X4":"13","99":"13","9C":"13"},"7C":{"FR":"13","GR":"13"},"7Q":{"JW":"13","WF":"13","JX":"13"},"24":{"9H":"13"},"JM":{"8V":"13","8W":"13"},"F2":{"R8":"13","R7":"13"},"77":{"CJ":"13","CH":"13"},"2G":{"FX":"13"},"7G":{"Q6":"13"},"43":{"GX":"13","26":"13","36":"13","FX":"13","35":"13"},"CG":{"36":"13","35":"13"},"3H":{"R9":"13","RC":"13"},"82":{"3P":"13"},"3J":{"68":"13","78":"13"},"44":{"F2":"13","G3":"13","F3":"13","G4":"13","G2":"13"},"32":{"8G":"13","8F":"13"},"5C":{"MM":"13"},"9F":{"XP":"13"},"J2":{"Q4":"13"},"27":{"98":"13","9W":"13","9V":"13"},"8P":{"6M":"13","6P":"13"},"3F":{"4F":"13","3G":"13","2J":"13","4G":"13","2H":"13","3C":"13","3F":"13"},"8H":{"6X":"13","6W":"13"},"M2":{"34":"13","24":"13"},"HQ":{"98":"13","99":"13","C9":"13","C8":"13"},"48":{"2W":"13","2R":"13","2V":"13"},"HP":{"RG":"13","VG":"13","VF":"13"},"GF":{"JP":"13","MP":"13"},"PF":{"89":"13"},"6G":{"QF":"13","QG":"13","PG":"13","57":"13","PF":"13"},"7X":{"8W":"13"},"X2":{"P3":"13","P2":"13"},"67":{"5M":"13","5P":"13","6M":"13","6P":"13"}},"J9":{"RW":{"49":"13","48":"13"},"5C":{"G7":"13","G6":"13"}},"24":{"58":{"MM":"13","JJ":"13","MJ":"13","JM":"13"},"MX":{"CC":"13","9C":"13"},"3X":{"XG":"13","WH":"13","XH":"13","WG":"13"},"C3":{"57":"13","56":"13"},"GG":{"55":"13"},"65":{"RJ":"13"},"XH":{"VQ":"13"},"PR":{"FV":"13","FR":"13","GR":"13","GV":"13"},"35":{"27":"13"},"2X":{"62":"13","43":"13","33":"13","34":"13","25":"13","73":"13","53":"13","52":"13","42":"13","23":"13","72":"13","32":"13","24":"13","63":"13","54":"13"},"5P":{"WR":"13"},"6P":{"Q6":"13","R6":"13"},"4C":{"PX":"13","PW":"13"},"JM":{"RG":"13"},"JQ":{"VV":"13","QX":"13","VW":"13","RX":"13"},"2W":{"6X":"13","4X":"13","4W":"13","5W":"13","3X":"13","5X":"13","7X":"13"},"WQ":{"3H":"13"},"JW":{"P7":"13","P6":"13"},"4M":{"QP":"13","QQ":"13"},"32":{"6M":"13"},"6C":{"6X":"13","5W":"13","5X":"13","6W":"13"},"PX":{"73":"13","72":"13"},"3G":{"7H":"13"},"HQ":{"JC":"13","HC":"13","JJ":"13","JM":"13"},"GF":{"4W":"13"},"MR":{"CR":"13"}},"62":{"V2":{"GF":"13","FC":"13","FF":"13","GC":"13"}},"73":{"Q4":{"P9":"13","PC":"13"},"Q5":{"X3":"13"}},"3F":{"FR":{"HF":"13","JF":"13","HG":"13","JG":"13"}},"2M":{"58":{"Q2":"13","R2":"13"},"62":{"HV":"13"}},"4W":{"68":{"54":"13","55":"13"},"78":{"MX":"13"}},"5G":{"25":{"HG":"13","JG":"13"}},"67":{"RW":{"QH":"13","PH":"13"},"GG":{"RX":"13"},"GH":{"R2":"13"}},"4G":{"WM":{"HW":"13"}},"4J":{"XJ":{"RV":"13","RR":"13","PR":"13","QV":"13"}},"4C":{"WM":{"W2":"13"}},"52":{"5P":{"MX":"13","FJ":"13","PX":"13","PW":"13","8J":"13","MW":"13"},"35":{"XV":"13","XW":"13"}},"28":{"JQ":{"8X":"13","7X":"13"},"JR":{"72":"13","82":"13"}},"85":{"6W":{"W8":"13"},"3W":{"P2":"13"}},"33":{"39":{"39":"13","38":"13"},"P8":{"9P":"13","9M":"13"},"4J":{"RF":"13"},"5J":{"RX":"13","VX":"13"},"2M":{"QF":"13","QG":"13","PG":"13","PF":"13"},"J7":{"3X":"13","2X":"13"},"M5":{"PX":"13"},"34":{"8Q":"13"},"8F":{"MP":"13","MQ":"13"},"M6":{"P2":"13"},"J8":{"32":"13","22":"13"},"5M":{"R2":"13","M6":"13","P7":"13","V2":"13","P6":"13","P4":"13","M7":"13","P3":"13"},"MC":{"HQ":"13"},"64":{"9R":"13","9V":"13"},"C8":{"4C":"13"},"8C":{"FQ":"13","GQ":"13"},"99":{"6Q":"13","6R":"13"},"22":{"QF":"13","QG":"13","PG":"13","PF":"13"},"PH":{"XM":"13","XJ":"13","WJ":"13","WM":"13"},"Q9":{"9F":"13","CG":"13","9G":"13","CF":"13"}},"29":{"23":{"C6":"13","C7":"13"},"3R":{"P5":"13","M5":"13","M6":"13","P6":"13"}},"2C":{"43":{"39":"13","3C":"13"},"33":{"RW":"13","VV":"13","VW":"13","VX":"13"}},"C3":{"PG":{"F7":"13"}},"PR":{"4R":{"JG":"13","MG":"13"}},"3X":{"79":{"83":"13","3V":"13","93":"13","2R":"13","3W":"13"},"78":{"3M":"13"}},"79":{"VW":{"46":"13","55":"13","45":"13","56":"13"}},"26":{"83":{"XF":"13"},"73":{"2H":"13","3H":"13"},"C7":{"36":"13","35":"13"},"53":{"4W":"13","4V":"13"}},"57":{"R4":{"MX":"13","PX":"13"}},"23":{"VQ":{"VC":"13","RC":"13"},"GX":{"RP":"13"},"H9":{"36":"13","46":"13","45":"13","35":"13"},"WH":{"XV":"13","WV":"13","WW":"13","XW":"13"},"R5":{"88":"13","87":"13"},"FX":{"XM":"13","WM":"13"},"QQ":{"9F":"13","9C":"13"},"2W":{"VV":"13"},"3M":{"75":"13","65":"13"},"J7":{"62":"13"},"X9":{"44":"13","43":"13"},"W9":{"MV":"13","X2":"13","MW":"13"},"W4":{"7M":"13","4G":"13"},"VW":{"65":"13","66":"13","55":"13","56":"13"},"PQ":{"HF":"13","JF":"13","JC":"13","HC":"13"},"27":{"9J":"13","9H":"13"},"6W":{"3V":"13"},"4G":{"Q4":"13","Q5":"13"},"2X":{"VG":"13"},"52":{"RW":"13","QX":"13","RX":"13","QW":"13"},"XR":{"7P":"13"},"98":{"XF":"13"},"49":{"FW":"13","GW":"13","GV":"13"},"36":{"MM":"13"},"7X":{"46":"13","45":"13"},"89":{"VM":"13"},"3G":{"6J":"13","7J":"13"},"2J":{"9W":"13","9V":"13"},"6X":{"68":"13"},"MX":{"X5":"13","J5":"13"},"WC":{"52":"13"},"88":{"68":"13"},"PX":{"25":"13"},"RM":{"83":"13","84":"13"}},"58":{"3M":{"7H":"13"}},"4H":{"PF":{"XJ":"13"}},"64":{"J7":{"XX":"13","WX":"13"},"J8":{"W2":"13","W3":"13","X2":"13","X3":"13"},"J6":{"CC":"13","FC":"13","C9":"13","F9":"13"},"27":{"HJ":"13","HH":"13","HG":"13"}},"WG":{"G7":{"MC":"13"}},"C7":{"QR":{"9X":"13","9W":"13","9V":"13","8W":"13"}},"74":{"88":{"C7":"13"},"Q5":{"9F":"13","8G":"13","8F":"13","9G":"13"}},"32":{"GP":{"8G":"13","8F":"13"},"H2":{"V3":"13","V4":"13","W3":"13"},"C6":{"X4":"13","9R":"13"},"C5":{"99":"13","9J":"13","9H":"13"},"8F":{"3V":"13","2W":"13","2V":"13","3W":"13"},"6X":{"X9":"13","W8":"13","W9":"13","X8":"13"},"H3":{"VG":"13","VF":"13","WF":"13","WG":"13"},"F9":{"HF":"13","GG":"13","GF":"13","HG":"13"},"H8":{"83":"13","84":"13"},"99":{"R4":"13"},"G4":{"P5":"13"},"J3":{"Q8":"13","R9":"13","Q7":"13"},"H6":{"8Q":"13","8P":"13"},"XC":{"93":"13"},"F3":{"HF":"13","HG":"13"},"9F":{"R5":"13","R6":"13"},"M9":{"9R":"13"},"27":{"W7":"13","W6":"13"},"8V":{"36":"13","35":"13"},"3F":{"4G":"13","4H":"13"},"4V":{"72":"13","82":"13"},"97":{"M6":"13","M7":"13"},"F6":{"24":"13"},"FF":{"4F":"13","4C":"13"},"G5":{"QR":"13","PR":"13"},"48":{"3P":"13","3J":"13","3M":"13"}},"2G":{"8X":{"46":"13","47":"13"}},"87":{"98":{"34":"13","44":"13"}},"2V":{"4Q":{"RV":"13","QR":"13","RR":"13","QV":"13"}},"22":{"34":{"VM":"13"},"F5":{"MP":"13"},"95":{"FP":"13"},"GG":{"RC":"13"},"65":{"VG":"13","VF":"13","WF":"13","WG":"13","WC":"13","VC":"13"},"X8":{"HW":"13","HP":"13","HX":"13","WM":"13","HV":"13"},"3V":{"64":"13"},"C5":{"6M":"13"},"7P":{"X9":"13","XC":"13"},"CH":{"M6":"13","J6":"13"},"86":{"HR":"13"},"XJ":{"M9":"13"},"87":{"78":"13"},"PQ":{"XV":"13"},"2C":{"VM":"13","VP":"13"},"5R":{"MV":"13"},"QW":{"2Q":"13"},"H3":{"28":"13","27":"13"},"QG":{"H2":"13"},"99":{"H9":"13"},"F8":{"W2":"13"},"36":{"87":"13"},"9W":{"PC":"13","QC":"13"},"VC":{"QG":"13"},"7G":{"XH":"13"},"3H":{"4W":"13","4R":"13","4V":"13"},"82":{"HF":"13","HC":"13"},"JG":{"FV":"13","FR":"13"},"F3":{"VR":"13","WR":"13","GR":"13"},"HV":{"JG":"13"},"CX":{"R9":"13"},"J2":{"VG":"13","FG":"13","FF":"13"},"96":{"MJ":"13"},"54":{"WM":"13"},"9R":{"FR":"13"},"PX":{"VQ":"13"},"C9":{"W8":"13"},"G5":{"4W":"13","5W":"13","5V":"13","4V":"13"},"48":{"5G":"13","5F":"13"},"QJ":{"5J":"13"},"HW":{"6V":"13"},"RF":{"2J":"13"},"6G":{"RV":"13","RW":"13","QX":"13","RX":"13","QW":"13","QV":"13"},"MR":{"98":"13","37":"13"},"76":{"9V":"13"}},"36":{"27":{"QJ":"13","QH":"13"}},"34":{"2V":{"58":"13","59":"13","49":"13","48":"13"}},"4V":{"WH":{"C9":"13","CF":"13"}},"5H":{"G9":{"MV":"13","MR":"13"}},"99":{"2M":{"4X":"13"}}}}