{"index":{"university,1|retail,2|tourism,3|wreck,4|historical,5|artsCulture,6|namedBuilding,7|water,8|wetland,9|park,10|beach,11|natureReserve,12|cemetery,13|trail,14":{}},"97":{"HG":{"29":{"Q9":"13","QC":"13"}},"43":{"6F":{"WX":"13","VX":"13"}},"74":{"76":{"GM":"13","FM":"13"}},"P5":{"6C":{"HR":"13","HV":"13"}},"2V":{"75":{"RQ":"13"},"6W":{"F7":"13"}},"4J":{"WX":{"5H":"13"}},"2W":{"5P":{"VJ":"13","RJ":"13"},"55":{"PG":"13"},"45":{"QW":"13"}},"2M":{"6Q":{"6V":"13","6W":"13","7W":"13"},"23":{"MX":"13","JW":"13","JX":"13","MW":"13"},"59":{"XP":"13","XM":"13"},"49":{"PM":"13"},"6J":{"4P":"13","4J":"13","5J":"13","6M":"13","5M":"13","5P":"13","4M":"13","72":"13","6P":"13"}},"35":{"MP":{"QX":"13","QW":"13"}},"CV":{"69":{"29":"13"}},"C3":{"FW":{"82":"13"}},"33":{"F7":{"Q2":"13"},"F6":{"QX":"13"}},"8W":{"G8":{"W5":"13","W6":"13"}},"CP":{"M2":{"WX":"13","WW":"13"}},"6M":{"Q5":{"PJ":"13","PH":"13","MJ":"13","MH":"13"}},"28":{"C4":{"8G":"13","9R":"13","9V":"13"}},"J6":{"69":{"36":"13","37":"13"}},"5X":{"7M":{"XV":"13","WH":"13","XM":"13","XH":"13","XJ":"13","WJ":"13","WM":"13","XW":"13"},"8H":{"H5":"13","H4":"13","J4":"13","J5":"13"},"8R":{"3M":"13"},"GV":{"H2":"13","G4":"13","H3":"13","C5":"13","C4":"13"}},"53":{"Q4":{"J3":"13","J2":"13","M2":"13"},"25":{"3P":"13"}},"CH":{"4J":{"CG":"13","9G":"13"}},"2X":{"68":{"8G":"13","8H":"13"}},"RP":{"47":{"XX":"13"},"48":{"X2":"13"}},"HC":{"H2":{"RR":"13"}},"7X":{"FQ":{"6Q":"13","5J":"13"}},"4M":{"V4":{"RV":"13","RW":"13"}},"CG":{"P3":{"5C":"13","49":"13","4C":"13"}},"J4":{"C3":{"7Q":"13","7R":"13"}},"GF":{"2X":{"CW":"13","FW":"13","FX":"13","CX":"13"}},"MH":{"PG":{"Q2":"13"},"PH":{"G3":"13","H4":"13","G4":"13","H3":"13"},"PF":{"QX":"13","RX":"13"}},"JG":{"R4":{"VC":"13"}},"G4":{"2P":{"QG":"13"}},"2Q":{"73":{"9Q":"13","9P":"13"},"7M":{"R8":"13","Q3":"13","R2":"13","R9":"13"},"8G":{"CJ":"13","9J":"13"},"76":{"FF":"13"},"77":{"C5":"13","C4":"13"},"7V":{"GF":"13","95":"13","FF":"13","GC":"13"},"7X":{"RH":"13","QG":"13","RG":"13","QH":"13"}},"2R":{"69":{"RW":"13","XX":"13","XW":"13"},"79":{"2W":"13","2X":"13"}},"5Q":{"GX":{"MQ":"13","MR":"13"}}}}