{"98":{"34":{"CW":{"JQ":"13","JR":"13","HR":"13"},"FQ":{"46":"13"},"C9":{"CJ":"13","9J":"13","9M":"13"},"CR":{"HQ":"13","HP":"13"},"C5":{"FF":"13"}},"GP":{"HJ":{"R5":"13","R4":"13"},"J3":{"CQ":"13","CR":"13"},"4Q":{"W4":"13","W5":"13","X5":"13","X4":"13"},"FC":{"7Q":"13","7M":"13","6R":"13","7J":"13","7R":"13","8J":"13"},"VM":{"2C":"13","3C":"13"},"XH":{"QC":"13"},"4P":{"MJ":"13"}},"63":{"5H":{"J8":"13"}},"XF":{"82":{"Q2":"13"}},"72":{"3R":{"RC":"13","QC":"13"}},"X8":{"F2":{"PV":"13","PR":"13"},"7F":{"2F":"13"}},"35":{"J7":{"9Q":"13","9P":"13"},"F2":{"HV":"13","GV":"13"},"F3":{"R7":"13"},"PH":{"MF":"13","JC":"13","FG":"13","JJ":"13","PC":"13","MC":"13","PF":"13","FF":"13"},"G5":{"GG":"13","65":"13","66":"13","GH":"13"},"H7":{"98":"13"},"F4":{"FJ":"13"},"H6":{"6V":"13"}},"46":{"X6":{"9F":"13"},"98":{"9F":"13"},"85":{"46":"13","47":"13"},"65":{"H6":"13"},"78":{"6W":"13"},"H6":{"6C":"13"},"7C":{"H8":"13","G7":"13","H7":"13"}},"W8":{"8G":{"5R":"13","5V":"13"},"8H":{"64":"13"}},"22":{"MM":{"XR":"13"},"FG":{"X9":"13"},"JG":{"FW":"13"},"F9":{"GR":"13","GV":"13"}},"GJ":{"QR":{"JV":"13"}},"56":{"F6":{"4J":"13","VP":"13"}},"45":{"GP":{"Q2":"13"},"HM":{"3W":"13"}},"24":{"JP":{"X5":"13"},"MM":{"9R":"13"}},"HG":{"X8":{"RQ":"13","RP":"13","VP":"13","VQ":"13"}},"Q8":{"RM":{"H2":"13","J2":"13"}},"36":{"CG":{"H5":"13","H4":"13"}},"R9":{"V4":{"WQ":"13","WP":"13"}},"W9":{"P5":{"75":"13","76":"13","77":"13","79":"13","78":"13","7C":"13"},"PM":{"WH":"13","WJ":"13","WC":"13","VC":"13"},"P4":{"4J":"5","4H":"5","4M":"5"}},"XC":{"6V":{"5J":"13","5M":"13","5P":"13","8W":"13"},"XM":{"XQ":"13","XR":"13"},"6W":{"M9":"13","MC":"13","J9":"13"},"8X":{"QX":"13","RX":"13"}},"PC":{"58":{"W4":"13","V3":"13","W2":"13","V4":"13","W3":"13","V2":"13"},"57":{"H4":"13","F8":"13","J4":"13","F7":"13","C7":"13","95":"13","C5":"13","C4":"13","94":"13"}},"55":{"P2":{"42":"13","52":"13"}},"Q9":{"2J":{"WC":"13"},"C3":{"6J":"13","7J":"13"},"C4":{"C6":"13","C7":"13","95":"13","96":"13"}},"HH":{"5G":{"GX":"13"}},"GQ":{"5P":{"28":"13"},"55":{"VJ":"13"},"28":{"4M":"13"}},"GM":{"GX":{"QF":"13","QG":"13"},"WX":{"73":"13","74":"13"},"PX":{"83":"13","84":"13","85":"13","93":"13","94":"13"}},"WC":{"RR":{"FH":"13","FJ":"13","GJ":"13"},"J5":{"M8":"13","M7":"13"}},"HP":{"5F":{"2H":"13"}},"23":{"Q2":{"X2":"13"},"R2":{"MV":"13","JW":"13","MR":"13"},"V2":{"29":"13","28":"13"}},"R8":{"HG":{"G5":"13","G6":"13"},"W8":{"QH":"13","PG":"13","QV":"13","QG":"13","RR":"13","RV":"13","QR":"13","PH":"13","RW":"13"}},"PF":{"CP":{"JG":"13"}},"MF":{"38":{"QJ":"13"}}},"index":{"university,1|retail,2|tourism,3|wreck,4|historical,5|artsCulture,6|namedBuilding,7|water,8|wetland,9|park,10|beach,11|natureReserve,12|cemetery,13|trail,14":{}}}