{"index":{"university,1|retail,2|tourism,3|wreck,4|historical,5|artsCulture,6|namedBuilding,7|water,8|wetland,9|park,10|beach,11|natureReserve,12|cemetery,13|trail,14":{}},"99":{"MX":{"QJ":{"G7":"13","G6":"13"},"R4":{"M5":"13","M6":"13","J6":"13","J5":"13"},"WH":{"9X":"13","8X":"13"},"W5":{"XG":"13","XH":"13"},"MR":{"3M":"13"},"V8":{"XV":"13","XW":"13"},"QQ":{"5M":"13","6M":"13"},"MJ":{"89":"13"},"XH":{"J6":"13","J5":"13"},"CP":{"PJ":"13","PM":"13","PH":"13"},"JP":{"28":"13"},"VM":{"82":"13"},"P9":{"XP":"13","WQ":"13","WP":"13"},"V6":{"MX":"13","MW":"13"},"RW":{"CH":"13","CG":"13"}},"PV":{"8X":{"84":"13","93":"13","95":"13","94":"13"},"2P":{"83":"13","84":"13"},"2C":{"G6":"13","F7":"13","F6":"13","2M":"13","3M":"13","F8":"13","2J":"13","G8":"13","3J":"13","G7":"13"},"3X":{"PX":"13"},"R8":{"VQ":"13"},"RC":{"9G":"13"},"X2":{"XR":"13"},"JJ":{"QF":"13","QC":"13"},"RP":{"CQ":"13"},"38":{"GP":"13","HP":"13","GM":"13","HM":"13"},"MX":{"8H":"13","8J":"13"}},"RX":{"3X":{"2J":"13","2H":"13"}},"Q4":{"Q3":{"HC":"13"},"V6":{"QG":"13","RG":"13","RC":"13","94":"13"},"VX":{"7X":"13"},"HR":{"FJ":"13","GJ":"13"},"J9":{"63":"13","62":"13"}},"RV":{"84":{"JF":"13"},"23":{"5G":"13"},"2H":{"74":"13"},"22":{"F5":"13","G5":"13"},"27":{"QF":"13","PF":"13"}},"QV":{"HH":{"9J":"13"},"CQ":{"XW":"13"},"FJ":{"MW":"13"},"WM":{"73":"13","74":"13"},"7M":{"JP":"13","JQ":"13"},"29":{"7W":"13","7V":"13"},"27":{"RC":"13"},"37":{"86":"13","85":"13"},"5F":{"CJ":"13","CH":"13","9J":"13","9H":"13"},"93":{"FJ":"13","FM":"13"},"2J":{"P5":"13","Q5":"13","P6":"13"},"G7":{"73":"13","72":"13"}},"PR":{"V7":{"XQ":"13","WQ":"13"},"W4":{"4X":"13"},"Q8":{"2X":"13"},"XQ":{"5Q":"13","6Q":"13"},"RJ":{"C8":"13"},"WC":{"6H":"13"},"Q9":{"22":"13"}},"MW":{"XV":{"C6":"13","C5":"13"},"RW":{"MP":"13","PP":"13","PQ":"13"},"VV":{"54":"13","65":"13","64":"13","55":"13"},"VJ":{"2C":"13"},"R7":{"PV":"13","PW":"13"},"WX":{"QR":"13","RR":"13","QQ":"13"},"WP":{"R3":"13"}},"QW":{"QH":{"6V":"13"},"MG":{"RC":"13"},"M8":{"X4":"13","X3":"13"},"65":{"99":"13","89":"13","9C":"13"},"29":{"H4":"13"},"8R":{"84":"13","74":"13"},"27":{"88":"13","87":"13","77":"13","78":"13"},"JJ":{"52":"13"},"48":{"F2":"13","F3":"13","C2":"13","C3":"13"},"3F":{"52":"13"},"93":{"JV":"13","JR":"13"},"F5":{"3C":"13"},"Q5":{"83":"13","84":"13"},"4W":{"WV":"13"},"JH":{"5X":"13"},"FH":{"57":"13","56":"13"}},"QQ":{"HJ":{"3X":"13","2X":"13"},"QX":{"HW":"13","GW":"13"},"FX":{"HW":"13"}},"PW":{"C5":{"75":"13","74":"13"},"43":{"GP":"13","V3":"13","FQ":"13","FX":"13","FP":"13","CW":"13","GV":"13","W2":"13","GR":"13","CP":"13","V2":"13","CR":"13","W3":"13","FM":"13","CX":"13","CV":"13","FV":"13","GQ":"13","GM":"13","FR":"13","HQ":"13","CM":"13","HP":"13","CQ":"13","FW":"13"},"MP":{"75":"13","74":"13"},"57":{"6Q":"13","6P":"13"},"M8":{"2W":"13"},"75":{"J4":"13","J5":"13"},"46":{"W8":"13","R9":"13","R5":"13","V8":"13","RG":"13","VC":"13","W9":"13","R8":"13","VF":"13","RC":"13","V7":"13","W7":"13","R6":"13","R7":"13","RF":"13","VG":"13","V6":"13","V9":"13"},"C9":{"4F":"13","3F":"13"},"83":{"4F":"13","4C":"13"},"33":{"63":"13","54":"13","75":"13","65":"13","76":"13","74":"13","66":"13","64":"13","55":"13","52":"13","53":"13","62":"13"},"34":{"VM":"13","RP":"13","VP":"13","RM":"13"},"59":{"MF":"13","PG":"13","PF":"13","MG":"13"},"8F":{"QG":"13","PG":"13"},"PF":{"25":"13"},"PJ":{"6H":"13","6J":"13"},"H6":{"7M":"13","7P":"13"},"G3":{"XP":"13","WP":"13"},"64":{"RF":"13","RG":"13"},"42":{"43":"13","VX":"13"},"7V":{"4J":"13","4H":"13","5H":"13"},"32":{"5X":"13","M2":"13","M3":"13","P3":"13","P2":"13"},"PH":{"PX":"13"},"54":{"7W":"13"},"RM":{"R7":"13","R6":"13"}},"RR":{"3V":{"GG":"13","GF":"13"},"2C":{"FR":"13","GR":"13"},"5P":{"3X":"13","3R":"13","3W":"13"},"2R":{"VP":"13","VQ":"13"},"4C":{"8Q":"13","8P":"13"},"3F":{"3Q":"13","2Q":"13"},"4V":{"4R":"13"}},"MV":{"RH":{"P6":"13"},"RF":{"CJ":"13","CM":"13"},"XF":{"HQ":"13","JQ":"13","JR":"13"},"X7":{"R7":"13"},"W8":{"M7":"13"}},"Q5":{"WJ":{"4G":"13","5F":"13"}},"QR":{"QG":{"5X":"13"},"VG":{"H3":"13"},"GG":{"2R":"13"},"H2":{"QJ":"13","QH":"13"},"QH":{"52":"13"},"M9":{"FV":"13","FR":"13"},"FG":{"XV":"13","XR":"13"},"G2":{"P2":"13"},"GQ":{"FX":"13"},"M3":{"5P":"13"},"Q7":{"MR":"13"},"V9":{"HM":"5"}},"QX":{"HH":{"3W":"13"},"MP":{"42":"13"},"WM":{"4H":"13"},"C3":{"3F":"13"},"83":{"6V":"13","6W":"13"},"MM":{"4X":"13","5X":"13"},"PQ":{"R5":"13","R6":"13"},"J6":{"RH":"13","RJ":"13"},"RP":{"GG":"13","FH":"13","FG":"13","GH":"13"},"HV":{"WX":"13"},"99":{"3V":"13"},"G8":{"MP":"13"},"C7":{"XP":"13","XM":"13"},"9P":{"VM":"13","VP":"13"}},"PX":{"39":{"84":"13","95":"13","94":"13"},"5J":{"79":"13","78":"13"},"5G":{"G2":"13"},"49":{"GW":"13"},"8P":{"GC":"13"},"5F":{"GX":"13"},"3R":{"3P":"13"},"P2":{"C8":"13"},"68":{"VV":"13","VR":"13"}}}}