{"index":{"university,1|retail,2|tourism,3|wreck,4|historical,5|artsCulture,6|namedBuilding,7|water,8|wetland,9|park,10|beach,11|natureReserve,12|cemetery,13|trail,14":{}},"9P":{"46":{"34":{"X2":"13"},"62":{"2R":"13","2V":"13"},"F7":{"58":"13","66":"13","57":"13","56":"13","67":"13","68":"13"},"74":{"HF":"13","JF":"13","H9":"13","HC":"13","JC":"13"},"RQ":{"FH":"13","FG":"13"},"PJ":{"3V":"13","4V":"13"},"RH":{"3R":"13"},"33":{"XV":"13","XX":"13","WW":"13","XW":"13"},"C8":{"79":"13","7C":"13"},"65":{"X3":"13","XF":"13","WF":"13","X8":"13","X4":"13","V5":"13","V9":"13","W8":"13","X5":"13","VF":"13","W5":"13","VG":"13","X9":"13","W9":"13","XC":"13","X6":"13","VC":"13","R4":"13","V4":"13","V6":"13","R5":"13","W6":"13","W4":"13","X7":"13","WG":"13","WH":"13","WC":"13","XG":"13"},"HF":{"2R":"13","2Q":"13"},"85":{"FC":"13","GC":"13","G9":"13","GH":"13","GG":"13","HF":"13","MC":"13","CF":"13","JF":"13","F9":"13","H8":"13","HG":"13","H9":"13","J9":"13","J8":"13","FG":"13","JG":"13","HH":"13","HC":"13","JC":"13","CC":"13","FF":"13","C9":"13","GF":"13","HJ":"13","MF":"13","JH":"13","JJ":"13"},"7F":{"FV":"13","FR":"13","FQ":"13","CP":"13","GQ":"13","CQ":"13","CV":"13","GR":"13","FP":"13","CR":"13"},"88":{"GP":"13","9M":"13","7J":"13","FP":"13","CH":"13","9J":"13","9H":"13","7H":"13","GJ":"13","8G":"13","CP":"13","8J":"13","FH":"13","FM":"13","7G":"13","CJ":"13","FJ":"13","GQ":"13","GM":"13","8H":"13","8M":"13","7M":"13","CM":"13"},"86":{"H7":"13"},"C4":{"PG":"13","QH":"13","PH":"13"},"WV":{"86":"13","85":"13"},"78":{"58":"13","4J":"13","5J":"13","59":"13","6M":"13","5H":"13","5M":"13","5P":"13","5R":"13","6R":"13","7P":"13","4M":"13","6V":"13","7R":"13","6P":"13","6J":"13","7Q":"13","6Q":"13","5Q":"13"},"QQ":{"JP":"13","HJ":"13","HH":"13","JH":"13","JJ":"13","MJ":"13","JM":"13","HM":"13"},"JM":{"5Q":"13","6Q":"13","5P":"13","6P":"13"},"52":{"XV":"13","XR":"13"},"77":{"63":"13","54":"13","65":"13","55":"13","64":"13","52":"13","53":"13","GW":"13","62":"13"},"94":{"RH":"13","VJ":"13","RG":"13","VG":"13","VH":"13"},"XP":{"Q3":"13","Q2":"13"},"75":{"26":"13","29":"13","25":"13","24":"13","28":"13","27":"13"},"HC":{"RQ":"13","VP":"13","VQ":"13"},"98":{"C5":"13","77":"13","74":"13","C6":"13","57":"13","58":"13","75":"13","68":"13","65":"13","94":"13","66":"13","64":"13","56":"13","85":"13","97":"13","95":"13","C4":"13","87":"13","86":"13","76":"13","67":"13","84":"13","55":"13","96":"13","54":"13"},"54":{"63":"13","62":"13"},"CC":{"W4":"13","X6":"13","W5":"13","W3":"13","X5":"13","X4":"13","X3":"13"},"RC":{"G5":"13","G6":"13"},"GF":{"XQ":"13","XR":"13"},"PF":{"WR":"13","WQ":"13"},"MR":{"G3":"13","H2":"13","H3":"13","G2":"13"}},"4X":{"QH":{"GM":"13","HM":"13"}},"3F":{"9W":{"R3":"13","Q3":"13","Q2":"13","R2":"13"},"66":{"75":"13","65":"13","76":"13","66":"13","77":"13","67":"13"},"9P":{"8V":"13","7V":"13"},"43":{"P4":"13","M3":"13","P3":"13"},"53":{"PV":"13","PW":"13"},"68":{"6P":"13"}},"72":{"6M":{"CW":"13","CV":"13","CX":"13"}},"55":{"8X":{"QX":"13","QW":"13"},"35":{"W2":"13","W5":"13","W4":"13","X2":"13","W3":"13","X4":"13","X5":"13","X3":"13"},"5V":{"4F":"13","5G":"13","4G":"13","5F":"13"},"7H":{"P9":"13","Q9":"13"},"93":{"2W":"13","2V":"13"},"5P":{"J7":"13","J8":"13","M8":"13","JX":"13","M7":"13"},"C6":{"79":"13"},"5Q":{"3Q":"13","J2":"13"},"5R":{"88":"13","78":"13"},"QC":{"RX":"13","VX":"13"},"QF":{"R2":"13","V2":"13"},"RC":{"RC":"13","QC":"13"},"FX":{"F8":"13","F9":"13"},"6J":{"GH":"13"},"3Q":{"GX":"13","M8":"13","P9":"13","P8":"13","FW":"13","GW":"13"},"67":{"M4":"13","M3":"13"},"G3":{"5X":"13"},"48":{"8H":"13","CM":"13","CP":"13","9M":"13","CH":"13","9H":"13","9J":"13","9P":"13","CJ":"13"},"X2":{"XG":"13","XM":"13","XH":"13","XJ":"13","WJ":"13","WM":"13"},"CW":{"GX":"13"},"V3":{"JV":"13","JW":"13"},"5J":{"7H":"13","7G":"13"},"43":{"V4":"13","V5":"13","Q4":"13","R4":"13","P3":"13","R5":"13","P6":"13","P5":"13","R2":"13","Q2":"13","P4":"13","Q7":"13","R6":"13","R7":"13","Q6":"13","Q5":"13","V6":"13","Q3":"13","R3":"13"},"W8":{"6F":"13","5F":"13","6C":"13"},"97":{"VC":"13","W9":"13","28":"13","27":"13","37":"13","38":"13","WC":"13","V9":"13"},"49":{"XP":"13","XM":"13"},"94":{"8M":"13","7M":"13","7P":"13","8P":"13"},"Q6":{"H5":"13","H4":"13","G4":"13"},"HP":{"CC":"13","2J":"13","2M":"13"},"26":{"X6":"13"},"23":{"J2":"13"},"MP":{"XF":"13","WF":"13"},"P9":{"XX":"13","WX":"13"},"XM":{"7F":"13","6F":"13","6G":"13","7G":"13"},"F8":{"46":"13","57":"13","56":"13"},"8C":{"FH":"13","FJ":"13"},"G7":{"QX":"13","QW":"13"},"5M":{"JM":"13"},"9R":{"RV":"13","RW":"13","VV":"13","VW":"13","RX":"13","VX":"13"},"M7":{"2F":"13","3F":"13"},"5W":{"C9":"13"},"22":{"MX":"13","JW":"13","JX":"13"},"44":{"2X":"13"},"JP":{"W7":"13"},"36":{"26":"13","37":"13","27":"13"},"CC":{"W2":"13","V2":"13"},"45":{"32":"13","23":"13","24":"13","22":"13"},"V8":{"GX":"13","GW":"13"}},"44":{"XG":{"Q2":"13"},"XF":{"QX":"13","RX":"13"},"X7":{"58":"13","59":"13"}},"3C":{"MP":{"JP":"13","F4":"13","JM":"13","C3":"13","C5":"13","C4":"13"},"W2":{"VX":"13"},"P6":{"6V":"13","6W":"13"},"5W":{"5Q":"13","4Q":"13","5P":"13","J6":"13","J5":"13","4P":"13"},"F8":{"HH":"13","JH":"13","HG":"13","JG":"13"},"W3":{"V2":"13"},"2X":{"46":"13","47":"13"},"R7":{"7H":"13","6H":"13","WC":"13","W9":"13"},"HC":{"Q6":"13","P6":"13"},"6F":{"VM":"13","VP":"13","WM":"13","WP":"13"},"5V":{"VF":"13","WF":"13","WC":"13","VC":"13"},"MV":{"RV":"13","RR":"13"},"7R":{"QW":"13","GX":"13","HX":"13","PV":"13","MW":"13","QV":"13","JX":"13","JW":"13","PW":"13","MV":"13","MX":"13","PX":"13","HW":"13"}},"43":{"XR":{"FV":"13"}},"4Q":{"3V":{"VP":"13","WM":"13","WP":"13"},"3R":{"63":"13","62":"13"},"3X":{"FV":"13","GV":"13"},"M6":{"H5":"13","J6":"13","J5":"13","H6":"13"},"7P":{"J7":"13","J8":"13"},"4W":{"PM":"13","PP":"13"},"9G":{"9F":"13","9G":"13"},"9H":{"5Q":"13","4Q":"13","3P":"13","5P":"13","4M":"13","4P":"13"},"G4":{"V7":"13","V8":"13"}},"38":{"R3":{"Q4":"13","Q5":"13"},"7H":{"C5":"13","75":"13","94":"13","85":"13","93":"13","95":"13","C4":"13","86":"13","76":"13","84":"13","96":"13"},"3J":{"MF":"13","MG":"13"},"XH":{"XG":"13","WH":"13","XF":"13","WF":"13","XH":"13","WG":"13"},"6G":{"W4":"13","V3":"13","V4":"13","W3":"13"}},"GP":{"RP":{"W5":"13","W7":"13","W6":"13"},"PW":{"HG":"13","MG":"13","MF":"13","MC":"13","HC":"13","JF":"13","JG":"13","JC":"13","HF":"13"}},"C4":{"2P":{"W2":"13"},"2M":{"WX":"13"}},"MX":{"H5":{"FX":"13"},"J4":{"29":"13","39":"13","2C":"13"},"PW":{"7F":"13","6F":"13","6G":"13"},"H6":{"F2":"13"}},"28":{"QP":{"H5":"13","J5":"13"},"WJ":{"GG":"13","GF":"13"},"94":{"Q6":"13","Q7":"13"}},"3R":{"V3":{"FJ":"13"},"FC":{"R5":"13","V5":"13"},"C3":{"W4":"13","W3":"13"},"38":{"VG":"13","VH":"13"},"VM":{"X8":"13"},"C6":{"JV":"13","JR":"13","HR":"13","HV":"13"},"XJ":{"G3":"13","J3":"13","H5":"13","H4":"13","H2":"13","H3":"13","J4":"13","J5":"13"},"87":{"M6":"13","P6":"13"},"V5":{"V7":"13","R7":"13","R6":"13","V6":"13"},"56":{"8V":"13","7V":"13","7R":"13","8R":"13"},"F9":{"4R":"13"},"PW":{"7F":"13","8F":"13","8C":"13","7C":"13"},"VG":{"97":"13"},"F8":{"CJ":"13","CM":"13","FJ":"13","FM":"13"},"J3":{"R8":"13","V8":"13"},"V2":{"7F":"13","7H":"13","6F":"13","8G":"13","8H":"13","6H":"13","6G":"13","7G":"13"},"MV":{"R8":"13","R7":"13","49":"13","4C":"13"},"2G":{"8M":"13","7M":"13","7P":"13","8P":"13"},"VC":{"3Q":"13","4R":"13","3R":"13"},"3J":{"29":"13","39":"13","38":"13"},"HH":{"4X":"13","4W":"13","3X":"13","3W":"13"},"3C":{"G3":"13","F3":"13","G4":"13","F4":"13"},"JR":{"F2":"13","G2":"13"},"W6":{"39":"13","38":"13","37":"13","49":"13","47":"13","48":"13"},"X7":{"3V":"13","2W":"13","3X":"13","2V":"13","3W":"13"},"MQ":{"3P":"13"},"XR":{"HJ":"13","HH":"13","GH":"13","GJ":"13"},"HJ":{"QJ":"13","RH":"13","QM":"13","RJ":"13","QP":"13","RP":"13","RM":"13"}},"3J":{"9F":{"C6":"13","CP":"13","95":"13","FP":"13","96":"13","C5":"13","C4":"13","94":"13"},"RG":{"7M":"13","7P":"13","6P":"13"},"JW":{"9V":"13"},"CH":{"JC":"13","J9":"13"},"64":{"QR":"13","QV":"13"},"45":{"G7":"13","F7":"13","F6":"13","G6":"13"},"FP":{"54":"13","44":"13","43":"13"},"7C":{"63":"13","54":"13","64":"13","53":"13"}},"35":{"MM":{"MF":"13","HF":"13","8M":"13","7M":"13","7P":"13","JF":"13","JC":"13","7J":"13","MC":"13","8J":"13"},"Q6":{"FV":"13","CV":"13"},"PP":{"G3":"13","H2":"13","H3":"13","G2":"13"}},"67":{"R6":{"34":"13","44":"13","25":"13","23":"13","24":"13","35":"13","33":"13"},"3G":{"X9":"13","XC":"13"},"2G":{"H2":"13","J2":"13"},"H6":{"H8":"13"}},"PX":{"8P":{"QJ":"13","PJ":"13","QM":"13","PM":"13"}},"5F":{"HJ":{"VG":"13","WG":"13","VH":"13"},"HH":{"XG":"13","WH":"13","XF":"13","XH":"13","WG":"13"},"F8":{"M5":"13","M6":"13","J6":"13","J5":"13"},"JJ":{"9W":"13","9V":"13","8V":"13","8W":"13"},"92":{"XM":"13","XJ":"13","WJ":"13","WM":"13"}},"5W":{"8G":{"88":"13","98":"13","97":"13","87":"13"}},"4R":{"63":{"55":"13","56":"13"},"6Q":{"V7":"13","R7":"13","R6":"13","V6":"13"},"58":{"J3":"13","J2":"13"},"39":{"3M":"13","4M":"13"},"HH":{"29":"13","2C":"13"},"9R":{"3J":"13","3M":"13","2M":"13"},"9V":{"3G":"13","3H":"13"},"4G":{"MQ":"13","JQ":"13"},"HX":{"9P":"13","9M":"13"},"93":{"CC":"13","C9":"13"},"GH":{"X9":"13","XC":"13"},"43":{"7W":"13","7X":"13"},"M7":{"FQ":"13","FP":"13"},"JG":{"57":"13","56":"13"},"68":{"WQ":"13","VP":"13","VQ":"13","WP":"13"},"MW":{"88":"13","98":"13","99":"13","89":"13"},"G6":{"J7":"13","J6":"13","J5":"13"}},"4G":{"8F":{"PJ":"13","PH":"13"}},"84":{"HF":{"39":"13","38":"13","37":"13","28":"13","27":"13"}},"MR":{"JM":{"H7":"13","H6":"13"}},"3X":{"7F":{"88":"13","87":"13"},"83":{"CW":"13","GX":"13","9X":"13","9V":"13","9W":"13","FW":"13","FX":"13","GW":"13","CX":"13"},"6Q":{"F5":"13","F6":"13"},"9V":{"2W":"13","2V":"13"},"4C":{"5J":"13","5H":"13"},"2M":{"G9":"13","G8":"13"},"96":{"CC":"13"},"8J":{"8G":"13","CH":"13","CG":"13","9H":"13","9G":"13"}},"99":{"FR":{"QR":"13","QV":"13"}},"88":{"GQ":{"VV":"13","VR":"13"}},"79":{"4H":{"RV":"13","RW":"13"}},"29":{"HH":{"CW":"13","JJ":"13","JM":"13","CV":"13","HM":"13"},"77":{"W8":"13","W9":"13","V8":"13","V9":"13"},"H3":{"5P":"13","4P":"13"},"HJ":{"Q6":"13","R6":"13"},"2W":{"P9":"13","PC":"13","Q9":"13","QC":"13"},"F4":{"54":"13","53":"13"},"QV":{"V2":"13"},"82":{"4X":"13","5X":"13"},"5C":{"JR":"13"},"G8":{"QR":"13"},"QR":{"VW":"13","VX":"13"},"JV":{"FW":"13"},"JH":{"6X":"13","5W":"13","5X":"13","6W":"13"},"7C":{"99":"13","89":"13","9C":"13","8C":"13"}},"CJ":{"7W":{"Q5":"13","R5":"13","R6":"13"}},"3P":{"HG":{"CJ":"13","CH":"13","9J":"13","CG":"13","9H":"13"},"WV":{"Q4":"13","Q5":"13"},"2V":{"P5":"13","Q6":"13","P7":"13","P6":"13"},"J8":{"RV":"13","VV":"13","RR":"13","VR":"13","WR":"13","RQ":"13","WQ":"13","VQ":"13"},"PQ":{"F2":"13","C2":"13"},"4G":{"9Q":"13","CC":"13","99":"13","9R":"13","9C":"13","C9":"13","CQ":"13","CR":"13"},"7W":{"MX":"13","PX":"13","MW":"13"},"X4":{"P5":"13","P6":"13","P4":"13"},"QR":{"CC":"13","FC":"13","C9":"13","F9":"13"},"JH":{"MM":"13","JJ":"13","MJ":"13","JM":"13"},"PP":{"FX":"13","CX":"13"}},"73":{"G3":{"69":"13","79":"13","68":"13","78":"13"},"X8":{"G9":"13","FC":"13","F9":"13","GC":"13"}},"4F":{"45":{"PJ":"13","MM":"13","PM":"13","MJ":"13"}},"39":{"VM":{"M2":"13"},"WF":{"PH":"13"},"VW":{"P7":"13"},"CH":{"MM":"13","MJ":"13"},"RM":{"5Q":"13","6Q":"13","5R":"13","6V":"13","6R":"13","5V":"13"},"37":{"82":"13","92":"13"},"3R":{"5J":"13","5M":"13","6M":"13","6J":"13","5H":"13"},"VP":{"GM":"13","HG":"13","HH":"13","HJ":"13","MJ":"13","MM":"13","PJ":"13","JM":"13","HM":"13","JJ":"13","GH":"13","JG":"13","JH":"13","GJ":"13"},"RJ":{"MV":"13","JV":"13","HQ":"13","MQ":"13","JQ":"13","MR":"13","JR":"13","HR":"13"},"CF":{"86":"13","85":"13","75":"13","76":"13"},"QQ":{"QW":"13","MR":"13","QQ":"13","PV":"13","MW":"13","QV":"13","PQ":"13","PR":"13","MQ":"13","QP":"13","JX":"13","JQ":"13","JW":"13","QR":"13","PW":"13","JV":"13","MV":"13","MX":"13","JR":"13","PX":"13","PP":"13"},"VV":{"HR":"13"},"F9":{"HJ":"13","GM":"13","GJ":"13","HM":"13"},"VF":{"G9":"13","H9":"13","H8":"13"},"2M":{"86":"13","85":"13","95":"13","96":"13"},"7Q":{"PJ":"13"},"VG":{"GM":"13","GP":"13","HH":"13","GX":"13","HX":"13","MP":"13","FR":"13","HP":"13","FM":"13","HJ":"13","FQ":"13","HR":"13","MM":"13","GV":"13","FP":"13","JM":"13","JJ":"13","HM":"13","JP":"13","FV":"13","GR":"13","JX":"13","GQ":"13","HV":"13","GW":"13","JW":"13","JQ":"13","JV":"13","GH":"13","JH":"13","HQ":"13","JR":"13","GJ":"13","HW":"13"},"36":{"9X":"13","8X":"13"},"2Q":{"F2":"13","G3":"13","F3":"13","G2":"13","F4":"13"},"QH":{"QX":"13","RX":"13"},"PC":{"MX":"13","JW":"13","JX":"13","MW":"13"},"CJ":{"G9":"13","F8":"13","G8":"13","G7":"13","F7":"13","F9":"13"},"JC":{"H7":"13","H6":"13"},"VH":{"7G":"13","8H":"13","H2":"13","7M":"13","8J":"13","9M":"13","G2":"13","7H":"13","7P":"13","J2":"13","9H":"13","9J":"13","8M":"13","7J":"13","8P":"13"},"QJ":{"Q4":"13","V2":"13","R4":"13","P3":"13","P5":"13","V3":"13","R2":"13","Q2":"13","P4":"13","Q5":"13","Q3":"13","R3":"13","P2":"13"},"PF":{"6M":"13","6P":"13","J2":"13","M2":"13"}},"3W":{"32":{"43":"13"},"H9":{"42":"13","43":"13","53":"13"},"G7":{"FW":"13"},"95":{"4F":"13","5G":"13","4G":"13"}},"4W":{"84":{"7H":"13","7J":"13"}},"FJ":{"CH":{"V7":"13","W5":"13","W7":"13","V6":"13","W6":"13","V5":"13"}},"2V":{"MW":{"63":"13","53":"13"},"GR":{"H2":"13"},"GQ":{"HX":"13"},"Q7":{"CR":"13"},"9V":{"VJ":"13","RJ":"13","VM":"13","RM":"13"},"Q5":{"86":"13","85":"13"},"9J":{"58":"13","68":"13"},"4X":{"8M":"13","CJ":"13","7M":"13","7P":"13","8H":"13","CM":"13","CH":"13","9J":"13","9M":"13","7J":"13","8P":"13","CG":"13","9H":"13","9G":"13","8J":"13"},"WF":{"HQ":"13","HR":"13"},"V9":{"58":"13","49":"13","48":"13"}},"C2":{"HJ":{"QG":"13","QH":"13"}},"2Q":{"WH":{"QF":"13","QG":"13","PG":"13","QH":"13","PH":"13","PF":"13"},"RR":{"82":"13","92":"13"},"HC":{"99":"13","9C":"13"},"G4":{"83":"13","84":"13","85":"13","74":"13"},"VM":{"8H":"13","9J":"13","9H":"13","9G":"13","8J":"13"},"XH":{"VG":"13","VF":"13","WF":"13","WG":"13"},"RQ":{"9X":"13","8X":"13"},"XJ":{"3C":"13"},"PX":{"W4":"13","W5":"13","X5":"13","X4":"13"},"JM":{"6F":"13","6G":"13"},"XW":{"47":"13","57":"13"},"9G":{"9X":"13","9W":"13"}},"2R":{"7H":{"4X":"13","4W":"13"},"VJ":{"GF":"13","FC":"13","FF":"13","GC":"13"},"Q5":{"34":"13","44":"13","43":"13","33":"13"},"99":{"JP":"13","HQ":"13","HP":"13"},"G8":{"9F":"13","CC":"13","8F":"13","9C":"13","CF":"13"},"V6":{"C8":"13"},"JG":{"7V":"13","7R":"13"},"9H":{"H8":"13","H7":"13","M7":"13","M8":"13","J7":"13","M5":"13","M6":"13","J8":"13","J6":"13","H6":"13","J9":"13","J5":"13"},"P3":{"R8":"13","R9":"13","V8":"13","V9":"13"},"4P":{"83":"13","82":"13","93":"13","92":"13"}},"3Q":{"WV":{"J8":"13","J9":"13"},"GX":{"W8":"13"},"QH":{"9P":"13","9M":"13"},"XQ":{"QR":"13","QQ":"13"},"9F":{"CC":"13","FC":"13","FF":"13"},"MJ":{"2J":"13","2G":"13","2H":"13"},"QF":{"9W":"13","9V":"13"},"HR":{"VG":"13","VH":"13"},"XJ":{"RV":"13"},"JJ":{"XG":"13","XH":"13","XJ":"13"},"6R":{"CP":"13","CQ":"13"},"Q7":{"RF":"13","QG":"13","RG":"13"},"Q5":{"GG":"13","GH":"13"},"JQ":{"CJ":"13","FJ":"13","FM":"13"},"QR":{"9W":"13","9V":"13"},"PH":{"G9":"13","GC":"13"},"5V":{"9Q":"13"},"JG":{"Q3":"13","Q4":"13","P4":"13","P3":"13"},"FW":{"JP":"13","HQ":"13","HP":"13","JQ":"13","HR":"13"},"3J":{"3V":"13","2W":"13","2V":"13","3R":"13","3W":"13"},"3Q":{"M5":"13","P4":"13","M4":"13"},"55":{"WF":"13","WG":"13"},"RW":{"PP":"13"},"Q9":{"54":"13","64":"13","55":"13"},"Q3":{"9W":"13"},"54":{"W5":"13"}},"49":{"32":{"WF":"13","WG":"13"},"QX":{"VJ":"13","VM":"13","WM":"13"},"5G":{"MW":"13"},"43":{"CW":"13","5G":"13","9W":"13","9V":"13","5F":"13"},"3F":{"3P":"13","3M":"13","XC":"13"}},"58":{"QJ":{"3G":"13"},"V2":{"F7":"13","F6":"13"},"3R":{"XG":"13","XF":"13"},"2P":{"55":"13"},"R5":{"W7":"13","W6":"13"},"V8":{"8X":"13","8W":"13"},"2V":{"7P":"13","8P":"13"},"X6":{"H2":"13"},"W9":{"RW":"13","QX":"13","RX":"13"},"C2":{"8M":"13","8J":"13"},"W3":{"C6":"13"},"Q2":{"32":"13","22":"13"},"Q7":{"9Q":"13"},"X5":{"GX":"13","HW":"13","HX":"13","GW":"13"},"93":{"2C":"13","2F":"13"},"F3":{"M5":"13","J4":"13","M4":"13","J5":"13"}},"JV":{"5J":{"FV":"13","FR":"13","GQ":"13","GR":"13","GV":"13"},"5M":{"HF":"13","HC":"13"},"PH":{"5W":"13","5X":"13","6W":"13"},"FG":{"MJ":"13","MH":"13"},"9P":{"44":"13","45":"13"},"PP":{"CG":"13"},"92":{"JH":"13","JJ":"13"}},"85":{"XM":{"M2":"13","P2":"13"},"93":{"7Q":"13","7P":"13","8Q":"13","7R":"13","8R":"13"},"FW":{"MM":"13","PM":"13","MP":"13","PP":"13"},"XJ":{"MX":"13","PX":"13"},"WJ":{"H5":"13","H4":"13","G4":"13","G5":"13"},"94":{"H2":"13","H3":"13"}},"36":{"VV":{"55":"13"},"VR":{"WC":"13"},"XM":{"W8":"3"},"FJ":{"3V":"13","2W":"13","2R":"13","2V":"13","3W":"13"},"F9":{"FX":"13"}},"3H":{"3Q":{"32":"13","23":"13","24":"13","33":"13","22":"13"},"H5":{"2J":"13"},"4X":{"MF":"13"},"G5":{"VJ":"13","XH":"13","XJ":"13","VH":"13"},"PX":{"X6":"13","X5":"13","W6":"13"}},"3V":{"QF":{"W4":"13","V4":"13","W3":"13"},"VJ":{"RW":"13"},"RR":{"M2":"13","M3":"13","P3":"13","P2":"13"},"XM":{"W3":"13","X2":"13","X3":"13"},"JH":{"V7":"13","W7":"13"},"RQ":{"H8":"13"},"2Q":{"GM":"13","GJ":"13"},"2M":{"76":"13","77":"13"},"MH":{"3J":"13","3M":"13"},"VC":{"G9":"13","G8":"13","F9":"13"},"P2":{"QM":"13","RP":"13","RM":"13"},"MG":{"RP":"13"}},"2X":{"58":{"WM":"13","WP":"13"},"J7":{"6H":"13","6G":"13","7G":"13"},"QF":{"52":"13"},"QC":{"5X":"13"},"94":{"W4":"13","V3":"13","V4":"13","W3":"13"},"W7":{"QF":"13","QG":"13","PG":"13","PF":"13"},"WF":{"3P":"13"}},"75":{"69":{"4F":"13","5G":"13","5F":"13"}},"3G":{"CW":{"QM":"13","RQ":"13","QP":"13","RP":"13","QQ":"13"},"XG":{"CC":"13","C9":"13"},"W2":{"CC":"13","9C":"13","C9":"13"},"8F":{"XQ":"13","WQ":"13","WP":"13"},"CM":{"5J":"13","5H":"13"},"9C":{"7F":"13","7H":"13","8G":"13","8H":"13","8F":"13","2J":"13","2M":"13","7J":"13","8J":"13","7G":"13"},"9M":{"V6":"13","V5":"13"}},"47":{"Q3":{"26":"13","27":"13"},"88":{"69":"13","79":"13","6C":"13","7C":"13"},"29":{"HX":"13"},"2C":{"H2":"13"},"Q2":{"X9":"13","XC":"13"},"P3":{"X6":"13","X7":"13"},"W6":{"Q8":"13","Q7":"13","Q9":"13"}},"62":{"FV":{"4X":"13","4W":"13","3X":"13"},"63":{"3V":"13","4W":"13","4V":"13","3W":"13"},"HJ":{"V7":"13","X6":"13","W4":"13","W5":"13","V4":"13","R5":"13","X5":"13","W7":"13","R6":"13","V6":"13","W6":"13","V5":"13"},"CJ":{"2J":"13","2H":"13"},"HH":{"GM":"13","GP":"13","HH":"13","HP":"13","HJ":"13","FM":"13","FP":"13","JM":"13","JJ":"13","HM":"13","GQ":"13","GJ":"13"},"RR":{"G9":"13","H9":"13","HC":"13","GC":"13"},"QM":{"36":"13","46":"13","45":"13","35":"13"},"JF":{"PX":"13"},"HC":{"J8":"13"},"FW":{"32":"13","42":"13"},"9J":{"XJ":"13"},"JG":{"P4":"13","M4":"13","M3":"13","P3":"13","P2":"13"},"8W":{"R6":"13","V6":"13","V5":"13"}},"53":{"VJ":{"G7":"13","H7":"13","H6":"13","G6":"13"},"VR":{"RW":"13","VV":"13","VW":"13","RX":"13","VX":"13"},"7J":{"HX":"13","JX":"13"}},"2M":{"RH":{"XM":"13","WM":"13"},"54":{"2P":"13"},"97":{"VF":"13","VC":"13"},"44":{"XP":"13"},"76":{"V3":"13","W2":"13","W3":"13"},"8F":{"FH":"13"},"9R":{"3C":"13","3F":"13"},"9V":{"32":"13","42":"13","43":"13","33":"13"},"F8":{"82":"13"},"MJ":{"HF":"13","G9":"13","H9":"13","GF":"13","HC":"13","GC":"13"},"77":{"8M":"13","8H":"13","9J":"13","9M":"13","8J":"13"}},"WJ":{"GC":{"5R":"13","6V":"13","6R":"13","5V":"13"}},"8W":{"W7":{"RR":"13","VR":"13","RQ":"13","VQ":"13"},"RC":{"R5":"13","V5":"13"}},"6M":{"CH":{"MV":"13","PV":"13","MR":"13","PR":"13"},"9H":{"W5":"13","W6":"13"}},"JR":{"9J":{"JP":"13","JQ":"13"}},"34":{"VC":{"XV":"13","XW":"13"}},"93":{"3J":{"HW":"13","JW":"13"}},"MW":{"63":{"8R":"13"},"CJ":{"JC":"13","M9":"13","MC":"13","J9":"13"},"HP":{"PQ":"13"},"XM":{"57":"13","56":"13"},"64":{"6X":"13","6W":"13","7X":"13"},"P2":{"QJ":"13","QM":"13","QH":"13"},"78":{"VQ":"13","QQ":"13","RQ":"13","VR":"13","VM":"13","RR":"13","RP":"13","RJ":"13","VP":"13","RM":"13"},"7C":{"WG":"13","W8":"13","V8":"13","VC":"13","W9":"13","VF":"13","VG":"13","WC":"13","WF":"13","V9":"13"}},"56":{"58":{"98":"13","97":"13"},"44":{"XP":"13","XM":"13","XJ":"13"},"37":{"6V":"13","6W":"13"},"56":{"JH":"13","JJ":"13","MJ":"13","MH":"13"},"52":{"3Q":"13"},"7W":{"CX":"13"},"7X":{"9Q":"13","8Q":"13","C2":"13","8R":"13"}},"89":{"7H":{"FH":"13","FJ":"13","GH":"13","GJ":"13"},"5C":{"23":"13","33":"13","22":"13"},"6G":{"34":"13","44":"13","46":"13","45":"13","35":"13"}},"2F":{"G9":{"XQ":"13","XR":"13"},"G7":{"63":"13","54":"13","53":"13"}},"G9":{"RX":{"7W":"13","7X":"13"}},"4M":{"26":{"35":"13","34":"13","25":"13","MW":"13","27":"13","36":"13","23":"13","PW":"13","24":"13","MX":"13","26":"13","PX":"13"},"6F":{"PJ":"13","PH":"13","MJ":"13","MH":"13"},"2C":{"8V":"13","9X":"13","8X":"13","8W":"13","6W":"13","6R":"13","7W":"13","9V":"13","7X":"13","6V":"13","7V":"13","6X":"13","7R":"13","9W":"13"},"2F":{"83":"13","72":"13","82":"13","92":"13","62":"13"},"8H":{"44":"13","45":"13"},"5G":{"36":"13","37":"13","46":"13","47":"13","48":"13"},"3G":{"58":"13","5G":"13","47":"13","38":"13","4G":"13","7F":"13","4H":"13","6J":"13","57":"13","6H":"13","4C":"13","46":"13","5H":"13","78":"13","7C":"13","56":"13","5M":"13","4P":"13","79":"13","5J":"13","59":"13","77":"13","5F":"13","4M":"13","3H":"13","3J":"13","5C":"13","68":"13","3C":"13","4F":"13","49":"13","6C":"13","3F":"13","39":"13","3M":"13","3G":"13","4J":"13","48":"13","6F":"13","6G":"13","69":"13","67":"13","66":"13","76":"13"},"CM":{"FM":"13","FP":"13"},"4G":{"R2":"13"},"47":{"4J":"13","3P":"13","3J":"13","3M":"13","4M":"13","4P":"13"},"6G":{"6V":"13","5W":"13","6W":"13","5V":"13"},"3F":{"MM":"13","MP":"13"},"28":{"75":"13","65":"13","76":"13","74":"13","66":"13","64":"13"}},"2C":{"Q4":{"28":"13","27":"13"},"CV":{"44":"13","43":"13"},"VF":{"HF":"13"},"RC":{"M2":"13","M3":"13","P3":"13","P2":"13"},"9R":{"P7":"13","P6":"13","Q7":"13"},"9Q":{"88":"13"},"XR":{"38":"13","37":"13"},"Q5":{"QC":"13"},"9P":{"CP":"13","CM":"13","9P":"13","9M":"13"},"CR":{"2R":"13","2V":"13"},"CX":{"X6":"13","W5":"13","X5":"13","W6":"13"}},"48":{"2H":{"F5":"13","F6":"13"},"H3":{"4M":"13","4P":"13"},"2P":{"9Q":"13","34":"13","FC":"13","23":"13","9R":"13","24":"13","FF":"13","33":"13"},"2M":{"R3":"13","V3":"13","R2":"13","V2":"13"},"25":{"8G":"13","8H":"13","9H":"13","9G":"13"},"5G":{"63":"13","73":"13","72":"13","62":"13"},"RF":{"34":"13","35":"13"},"2J":{"VW":"13","VX":"13"},"2R":{"3Q":"13","3P":"13","2P":"13","2Q":"13","2M":"13","3R":"13"},"Q9":{"WJ":"13","WM":"13","WP":"13"},"R3":{"HQ":"13","HR":"13"}},"45":{"C5":{"RM":"13"},"V5":{"2C":"13","2F":"13"},"MP":{"VJ":"13","WH":"13","VM":"13","WJ":"13","WM":"13"},"X7":{"8V":"13","7V":"13","7R":"13","8R":"13","8W":"13"},"R5":{"XG":"13","XF":"13","XC":"13"},"FX":{"W7":"13","W8":"13","V8":"13"},"V8":{"99":"13","89":"13"},"RG":{"98":"13","99":"13","C9":"13","C7":"13","C8":"13"},"W6":{"3W":"13"},"VC":{"9X":"13","CX":"13"},"FQ":{"8V":"13","9P":"13","7H":"13","8P":"13","7M":"13","8Q":"13","5F":"13","6M":"13","CP":"13","6J":"13","CM":"13","5G":"13","9C":"13","7Q":"13","7C":"13","CG":"13","6Q":"13","9F":"13","5J":"13","7J":"13","6R":"13","6G":"13","8H":"13","7V":"13","79":"13","CJ":"13","9M":"13","9J":"13","7R":"13","6H":"13","CH":"13","CQ":"13","6C":"13","6P":"13","7P":"13","8C":"13","9Q":"13","8M":"13","5M":"13","9R":"13","9H":"13","9G":"13","7G":"13","8R":"13","89":"13","8F":"13","5H":"13","7F":"13","8J":"13","8G":"13","6F":"13","69":"13"},"V3":{"GG":"13","FH":"13","FG":"13","GH":"13"},"GV":{"C6":"13","95":"13","96":"13","C5":"13","C4":"13","94":"13"},"VF":{"C2":"13","92":"13"},"XG":{"Q8":"13","Q9":"13"},"QV":{"W2":"13","W3":"13"},"8J":{"HW":"13"},"J6":{"M9":"13","J9":"13"},"PJ":{"WG":"13","QW":"13","WH":"13","PV":"13","MW":"13","QV":"13","VG":"13","QX":"13","PW":"13","MV":"13","MX":"13","VH":"13","PX":"13"},"HM":{"C6":"13","RR":"13","RQ":"13","C7":"13","QQ":"13"},"6W":{"4X":"13","5W":"13","5X":"13"},"GQ":{"HW":"13","HV":"13"},"JX":{"JP":"13","MP":"13"},"X4":{"77":"13"},"VG":{"4G":"13","4H":"13"},"6X":{"52":"13"},"JR":{"4J":"13","3J":"13","3M":"13","4M":"13"}},"4H":{"GH":{"Q6":"13","P7":"13","P6":"13","Q7":"13"},"F4":{"J8":"13","M9":"13","M8":"13","J9":"13"}},"27":{"J7":{"5X":"13","6M":"13"},"J8":{"52":"13","53":"13"}},"P2":{"76":{"F2":"13"},"87":{"2W":"13","2V":"13"},"77":{"XV":"13","XW":"13"}},"54":{"93":{"F2":"13"},"3R":{"W7":"13"},"X3":{"38":"13","37":"13","28":"13","27":"13"},"QH":{"CJ":"13","CM":"13","9M":"13"},"PM":{"5G":"13","6G":"13","5H":"13","5F":"13"},"JJ":{"X2":"13"},"2M":{"5R":"13","5V":"13"},"4W":{"MM":"13","PM":"13","PP":"13"},"M6":{"MF":"13","PC":"13","PF":"13"},"CM":{"JC":"13","M9":"13","J9":"13"},"PQ":{"CP":"13","CQ":"13"},"X4":{"GG":"13","FH":"13","FG":"13","GH":"13"},"F5":{"CC":"13","CF":"13"},"F7":{"XR":"13"},"48":{"QM":"13","RJ":"13","RM":"13"},"X2":{"57":"13","58":"13","68":"13","59":"13","48":"13","4C":"13","66":"13","56":"13","49":"13","5C":"13","69":"13","67":"13"},"CW":{"M2":"13","P2":"13"},"JH":{"GG":"13","FG":"13","GH":"13"},"W4":{"3V":"13","4W":"13","4V":"13","3W":"13"},"6R":{"P5":"13","Q4":"13","P4":"13"},"94":{"39":"13","3C":"13"},"WC":{"VM":"13","VP":"13","WM":"13","WP":"13"},"J6":{"GG":"13","FH":"13","FG":"13"},"V2":{"GP":"13","HQ":"13","HP":"13","GM":"13","GQ":"13","HM":"13"},"7V":{"VF":"13"},"W2":{"VV":"13","WV":"13","RR":"13","VR":"13","WR":"13","VW":"13","WQ":"13","VQ":"13"},"PG":{"HH":"13","GG":"13","HG":"13","GH":"13"},"GG":{"J8":"13","JC":"13","M9":"13","M8":"13","P9":"13","P8":"13","MC":"13","J9":"13"},"7R":{"8G":"13","8H":"13","9H":"13","9G":"13"},"MJ":{"5Q":"13","5R":"13"},"F6":{"G7":"13","G6":"13"},"F8":{"W4":"13","V3":"13","V4":"13","W3":"13"},"M8":{"83":"13","82":"13","93":"13","92":"13"},"V7":{"83":"13","84":"13"},"9Q":{"3Q":"13","7Q":"13","3V":"13","4Q":"13","4R":"13","8V":"13","7V":"13","7R":"13","8R":"13","3R":"13","4V":"13","8W":"13"},"PC":{"57":"13"},"8M":{"W4":"13","W3":"13"},"87":{"W4":"13","W3":"13","X4":"13","X3":"13"},"M7":{"9X":"13","8X":"13"},"9G":{"RJ":"13","RM":"13"},"2V":{"VP":"13","VQ":"13"},"5W":{"JF":"13","JC":"13"}},"5X":{"GF":{"Q8":"13","Q6":"13","P7":"13","P6":"13","Q7":"13"},"QQ":{"46":"13","55":"13","47":"13","45":"13","57":"13","56":"13"}},"JM":{"GX":{"6F":"13","5C":"13","4F":"13","5G":"13","59":"13","4G":"13","49":"13","6H":"13","6G":"13","5H":"13","4C":"13","5F":"13","6C":"13"}},"2H":{"XQ":{"M8":"13","P8":"13","M7":"13"},"XH":{"R7":"13","R6":"13"},"XC":{"JH":"13","JG":"13"}},"63":{"77":{"VV":"13","VW":"13"},"5J":{"HF":"13","JF":"13","JC":"13","HC":"13","3X":"13"},"46":{"MM":"13","MJ":"13"},"3H":{"GF":"13","GC":"13"},"59":{"9P":"13","9M":"13"},"F2":{"MQ":"13","JQ":"13","MR":"13","JR":"13"},"94":{"86":"13","85":"13","75":"13","76":"13"},"5P":{"X6":"13"},"4C":{"2C":"13","3C":"13"},"3P":{"RW":"13","VW":"13","RX":"13","VX":"13"},"F9":{"XP":"13","XQ":"13"},"5R":{"P9":"13","P8":"13"},"9Q":{"67":"13"},"6V":{"MJ":"13","MH":"13"},"4R":{"5R":"13","4R":"13","5V":"13"},"QX":{"GX":"13","HX":"13"},"F5":{"5J":"13","5M":"13","6M":"13","6J":"13"},"4W":{"RX":"13"},"9G":{"7G":"13","8H":"13","8G":"13","8F":"13","7H":"13","7F":"13","8C":"13"},"87":{"X2":"13"},"6P":{"XP":"13","26":"13","25":"13","XM":"13","WM":"13","WP":"13"},"9J":{"8G":"13","8H":"13","9H":"13","9G":"13"},"6J":{"VR":"13","WR":"13","WQ":"13","VP":"13","VQ":"13","WP":"13"},"86":{"XX":"13"},"4X":{"R2":"13","R9":"13","Q9":"13","RC":"13","QC":"13"}},"4J":{"4M":{"5C":"13","5J":"13"}},"87":{"RW":{"4J":"13","3J":"13","3M":"13","4M":"13"},"2V":{"V6":"13","W6":"13"}},"37":{"W3":{"27":"13"}},"26":{"HX":{"3V":"13","2W":"13","2V":"13","3W":"13"},"GR":{"84":"13","85":"13","75":"13","74":"13"}},"7F":{"M8":{"88":"13","98":"13","89":"13","87":"13","79":"13","8C":"13","7C":"13"},"96":{"63":"13","64":"13"}},"94":{"WR":{"F2":"13","C2":"13"},"WQ":{"CW":"13","9W":"13","FW":"13","FX":"13","CX":"13"},"95":{"34":"13","44":"13","45":"13","35":"13","43":"13","33":"13"}},"FC":{"66":{"RP":"13","RM":"13"}},"4C":{"2G":{"QF":"13","QC":"13"},"X8":{"Q8":"13","P7":"13","P8":"13","Q7":"13"}},"2P":{"HW":{"34":"13","33":"13"},"GH":{"GP":"13","GQ":"13","FP":"13"},"GQ":{"5W":"13","5X":"13"}},"64":{"77":{"JQ":"13"},"3V":{"GW":"13","GV":"13"},"FX":{"9Q":"13","8Q":"13","9R":"13","8R":"13"},"92":{"4F":"13","4C":"13","3C":"13","3F":"13"},"G2":{"F3":"13","2G":"13","2H":"13","C3":"13"},"42":{"9F":"13","9C":"13"},"56":{"HW":"13","JV":"13","JW":"13","HX":"13","JX":"13","HV":"13"},"4R":{"CW":"13","9W":"13","9V":"13","CV":"13"},"3Q":{"37":"13"},"9W":{"H7":"13","H6":"13"},"J5":{"HR":"13","GR":"13","HV":"13","GV":"13"}},"66":{"CP":{"39":"13","38":"13","49":"13","48":"13"},"HG":{"F8":"13","G8":"13","G7":"13","F7":"13"},"MQ":{"C6":"13","C7":"13","F7":"13","F6":"13"},"PV":{"42":"13","43":"13"},"PR":{"4X":"13"}},"JP":{"C9":{"C2":"13"},"C8":{"CW":"13","FX":"13","CX":"13"}},"65":{"39":{"G2":"13"},"2H":{"RV":"13","RW":"13"},"58":{"RP":"13","RM":"13"},"8J":{"Q5":"13","R5":"13","R6":"13"},"49":{"M2":"13","P2":"13"},"22":{"2J":"13","2G":"13","2H":"13"},"38":{"GX":"13"},"24":{"MM":"13","PM":"13"}},"59":{"59":{"Q6":"13","R7":"13","R6":"13","Q7":"13"},"7G":{"4Q":"13"}},"95":{"J7":{"Q8":"13","Q7":"13","Q9":"13"},"7M":{"V8":"13","V9":"13"},"4X":{"F2":"13","G3":"13","F3":"13","G2":"13"},"4W":{"GX":"13","HW":"13","HX":"13","FX":"13","GW":"13","GV":"13","HV":"13"},"6P":{"JV":"13","HQ":"13","JQ":"13","JR":"13","HR":"13","HV":"13"},"6G":{"63":"13","73":"13","74":"13","64":"13"},"4M":{"25":"13","24":"13"}},"83":{"8M":{"FV":"13","CW":"13","FR":"13","9X":"13","9R":"13","9W":"13","9V":"13","FW":"13","CV":"13","CX":"13","CR":"13"},"37":{"Q3":"13","Q4":"13","P4":"13"},"5G":{"39":"13","2H":"13","2C":"13","3M":"13","2M":"13","3H":"13","29":"13","4C":"13","3F":"13","3C":"13","2F":"13","49":"13","3G":"13","2J":"13","3J":"13","2G":"13"},"4G":{"XG":"13","XF":"13","XM":"13","XH":"13","XJ":"13"},"8V":{"3V":"13","3R":"13","2V":"13","2W":"13","3W":"13","3Q":"13","2Q":"13","2R":"13"},"4H":{"W8":"13","R9":"13","V8":"13","RG":"13","VC":"13","W9":"13","R8":"13","VF":"13","RC":"13","V7":"13","W7":"13","RF":"13","VG":"13","WC":"13","WF":"13","V9":"13"},"6G":{"XV":"13","XX":"13","XW":"13"},"7V":{"XV":"13","XR":"13"}},"86":{"H4":{"6C":"13","7C":"13"},"H2":{"WX":"13"},"H3":{"W4":"13","V3":"13","W5":"13","W2":"13","V4":"13","W3":"13","X4":"13","X2":"13","X3":"13"},"J4":{"6X":"13","4X":"13","4W":"13","5W":"13","3X":"13","5X":"13","3W":"13"},"J5":{"42":"13","52":"13"}},"2W":{"HX":{"Q3":"13","Q2":"13"},"74":{"F5":"13","G4":"13","G5":"13","F4":"13"},"M4":{"25":"13","24":"13"},"2W":{"6H":"13"},"XX":{"VV":"13"},"HR":{"5J":"13","6H":"13","6J":"13"},"C2":{"P5":"13","Q5":"13","P6":"13"},"G3":{"WH":"13","WJ":"13"},"Q6":{"CX":"13"},"7X":{"PJ":"13","PH":"13"},"P9":{"42":"13","43":"13"},"VJ":{"W7":"13","W6":"13"},"PW":{"V5":"13"},"9J":{"PG":"13","PH":"13"},"6J":{"V7":"13","W7":"13","V6":"13","W6":"13"},"8M":{"PG":"13","MG":"13"},"2Q":{"66":"13"}},"GQ":{"PV":{"42":"13","52":"13","53":"13"}},"4V":{"78":{"9X":"13"},"6G":{"6X":"13","8X":"13","7X":"13"},"H3":{"65":"13","66":"13","55":"13","56":"13"},"H2":{"M2":"13","M3":"13","P2":"13","P3":"13"},"6H":{"72":"13","82":"13","62":"13"},"C9":{"46":"13","45":"13"},"33":{"63":"13","73":"13","74":"13","64":"13"},"6M":{"F8":"13"},"G2":{"V4":"13","V5":"13","W5":"13","P6":"13","P5":"13","W6":"13","M5":"13","V7":"13","W7":"13","Q6":"13","Q5":"13","V6":"13"},"C2":{"JR":"13","HR":"13"},"5F":{"95":"13","96":"13"},"R7":{"JF":"13","JG":"13"},"82":{"W4":"13","W3":"13"},"6F":{"42":"13","43":"13","53":"13"},"F5":{"GX":"13","GW":"13"},"32":{"XM":"13","WJ":"13","XJ":"13","WM":"13"},"79":{"92":"13"},"6P":{"Q4":"13","Q5":"13","Q6":"13","R6":"13","P7":"13","P6":"13","P4":"13","Q7":"13"},"96":{"8V":"13","8W":"13"}},"98":{"8X":{"5Q":"13","6Q":"13","5R":"13","5P":"13","6R":"13"}},"68":{"24":{"W5":"13","W6":"13"},"59":{"97":"13","87":"13"}},"QH":{"XG":{"5J":"13","5G":"13","6H":"13","6G":"13","5H":"13"}},"57":{"58":{"6H":"13"},"XW":{"72":"13","62":"13"},"2M":{"F2":"13","C2":"13"},"4H":{"GQ":"13"},"8W":{"JF":"13","JC":"13"},"MW":{"FR":"13","FQ":"13","CQ":"13","CR":"13"},"48":{"77":"13"},"66":{"5C":"13","69":"13","59":"13","6C":"13"},"2F":{"9R":"13","8R":"13"},"4M":{"W4":"13","W5":"13"},"3G":{"WQ":"13","VP":"13","VQ":"13","WP":"13"},"2J":{"FX":"13","CX":"13"},"XV":{"6X":"13","7X":"13"},"3Q":{"J4":"13"},"2G":{"W8":"13","W9":"13","V8":"13","V9":"13"},"RX":{"W5":"13","W6":"13"}},"WM":{"99":{"WH":"13","WF":"13","WG":"13","WJ":"13","WC":"13","WM":"13","WP":"13"}},"9P":{"R5":{"X8":"13","W8":"13","X7":"13","V8":"13","X6":"13","X9":"13","W9":"13","V7":"13","W7":"13","WC":"13","V9":"13"},"V5":{"34":"13","26":"13","36":"13","38":"13","37":"13","25":"13","24":"13","46":"13","47":"13","35":"13","28":"13","27":"13"}},"3M":{"Q3":{"29":"13","39":"13","Q6":"13","P6":"13"},"MX":{"58":"13","46":"13","57":"13","56":"13"},"HF":{"J5":"13"},"GX":{"8V":"13","8W":"13"},"X6":{"X8":"13","3R":"13","X7":"13","W6":"13","X6":"13","W7":"13","X4":"13","X5":"13","4R":"13","X3":"13"},"V3":{"4X":"13","3X":"13"},"Q2":{"C9":"13","F9":"13"},"V4":{"QJ":"13","PJ":"13","QM":"13","PM":"13","QH":"13","PH":"13"},"XH":{"GX":"13","FX":"13"},"RQ":{"65":"13","66":"13","55":"13","56":"13"},"QP":{"5Q":"13","5R":"13","4Q":"13","4R":"13"},"MJ":{"38":"13","48":"13"},"QW":{"7F":"13","8G":"13","8F":"13","7G":"13"},"3H":{"2W":"13","2V":"13"},"XJ":{"F2":"13","G3":"13","F3":"13","G2":"13"},"MH":{"7W":"13","7X":"13"},"QQ":{"G9":"13","F8":"13","C9":"13","C8":"13","F9":"13"},"V6":{"MP":"13","PP":"13","MQ":"13","PQ":"13"},"X8":{"5C":"13","4C":"13"},"GV":{"PJ":"13","PM":"13"}}}}