{"9Q":{"86":{"RW":{"G3":"13","F3":"13","H2":"13","G4":"13","H3":"13","G2":"13","F4":"13"},"JV":{"Q2":"13","R2":"13","P2":"13"},"JR":{"RW":"13","QX":"13","RX":"13","QW":"13","PX":"13","PW":"13"}},"H8":{"49":{"3P":"13","4P":"13"}},"3R":{"5J":{"QG":"13","PG":"13","QH":"13","PH":"13"},"6M":{"43":"13"}},"HF":{"VG":{"X6":"13","X5":"13"},"VR":{"3V":"13","4W":"13","3X":"13","4V":"13","3W":"13"},"RJ":{"HF":"13","HH":"13","GG":"13","HG":"13","GH":"13"},"WJ":{"6H":"13","7M":"13","8J":"13","7H":"13","6J":"13","8M":"13","7J":"13"},"F4":{"VF":"13","WF":"13","VC":"13","WC":"13","V8":"13","V9":"13"}},"H9":{"5G":{"F2":"13","F3":"13"}},"G9":{"8C":{"39":"13","38":"13"}},"JJ":{"2C":{"5G":"13","5H":"13","5F":"13"},"4C":{"VG":"13","VH":"13"},"MW":{"69":"13","58":"13","59":"13","57":"13","67":"13","68":"13"}},"M5":{"RG":{"XG":"13"},"VR":{"4J":"13","4H":"13"}},"HJ":{"R3":{"RW":"13","QW":"13"},"38":{"46":"13","55":"13","45":"13","56":"13"},"XF":{"V4":"13","V6":"13","V5":"13"},"XC":{"RV":"13","RH":"13","VV":"13","QG":"13","RG":"13","Q7":"13"}},"3C":{"F5":{"55":"13","45":"13"},"JW":{"QF":"13","RF":"13","QG":"13","QC":"13"},"55":{"JC":"13","J9":"13"},"3C":{"R8":"13","V7":"13","R7":"13","R9":"13","V8":"13","Q9":"13","RC":"13","V9":"13"}},"GJ":{"W4":{"H5":"13","H4":"13","G4":"13","G5":"13","H6":"13","G6":"13"}},"47":{"QX":{"XX":"13","WX":"13"}},"M6":{"P5":{"69":"13","6C":"13"}},"JG":{"VV":{"M8":"13"},"5M":{"PV":"13","PR":"13"},"5P":{"MM":"13","MP":"13","MJ":"13"},"G2":{"HW":"13","HV":"13"},"QQ":{"X6":"13"}},"3Q":{"MP":{"V7":"13","W7":"13","W8":"13","J5":"13"},"C3":{"9P":"13"}},"VG":{"QC":{"WF":"13","WG":"13","WC":"13"}},"4G":{"CV":{"RP":"13","VP":"13","RM":"13"}},"F7":{"77":{"7W":"13","7V":"13"}},"G2":{"9C":{"GM":"13","GP":"13","FM":"13","HP":"13","HR":"13","FP":"13","HM":"13","GR":"13","GQ":"13","HQ":"13"}},"48":{"Q2":{"W2":"13","X2":"13"}},"GH":{"HC":{"PJ":"13","PG":"13","PH":"13","MH":"13","MG":"13"},"QQ":{"83":"13","73":"13","84":"13"}},"M2":{"G6":{"X5":"13","X4":"13","X3":"13"},"MG":{"J3":"13","J2":"13"},"FG":{"8M":"13","8P":"13","8J":"13"},"F6":{"5Q":"13","5R":"13","5P":"13","4P":"13"},"5W":{"4C":"13"},"FP":{"XV":"13","XR":"13"},"GR":{"9F":"13","5Q":"13","6Q":"13","5P":"13","9G":"13"},"V7":{"C6":"13","97":"13","C2":"13","C7":"13","96":"13"},"C8":{"J3":"13","H4":"13","H3":"13","J4":"13"},"V6":{"F3":"13","F4":"13"},"C7":{"HX":"13","JX":"13"}},"2X":{"44":{"63":"13","73":"13","72":"13","62":"13"},"43":{"6X":"13","6W":"13","7W":"13","7X":"13"}},"HG":{"P7":{"V4":"13","V5":"13","W5":"13","V3":"13","W4":"13","W3":"13","V6":"13"},"RP":{"QF":"13","QG":"13","PG":"13"}},"WP":{"MF":{"V3":"13","JW":"13","V2":"13"}},"JH":{"M5":{"F8":"13","F7":"13","F6":"13"},"M4":{"Q5":"13","R5":"13","Q6":"13","P7":"13","P6":"13","Q7":"13"},"P3":{"4W":"13","4V":"13"}},"HC":{"CW":{"9F":"13","8G":"13","8H":"13","9H":"13","9G":"13"},"8M":{"3G":"13","24":"13","3F":"13"},"7M":{"X4":"13"},"8H":{"PG":"13","PH":"13"},"9R":{"7W":"13","7X":"13"},"7J":{"R8":"13","WV":"13","R9":"13","VC":"13","WW":"13","V8":"13","V9":"13"}},"JQ":{"MH":{"36":"13","58":"13","37":"13","46":"13","47":"13","57":"13","48":"13"}},"2R":{"HX":{"HG":"13","HH":"13","H9":"13","G9":"13","MG":"13","M8":"13","MF":"13","PF":"13","J8":"13","M9":"13","J9":"13","MC":"13","HC":"13","JF":"13","PC":"13","MH":"13","JG":"13","JH":"13","JC":"13","HF":"13"},"7M":{"32":"13","33":"13"},"MW":{"FJ":"13","MH":"13","J9":"13","PP":"13","HF":"13","PH":"13","H9":"13","GM":"13","QH":"13","PM":"13","JJ":"13","HJ":"13","GJ":"13","JG":"13","GH":"13","FG":"13","HG":"13","JH":"13","HC":"13","FP":"13","MC":"13","MG":"13","JC":"13","JQ":"13","HR":"13","GC":"13","PF":"13","HH":"13","GF":"13","HP":"13","CJ":"13","GQ":"13","GP":"13","GG":"13","CH":"13","MJ":"13","FH":"13","MP":"13","FM":"13","PJ":"13","HM":"13","MM":"13","QJ":"13","JM":"13","PC":"13","M9":"13","HQ":"13","JF":"13","FF":"13","MF":"13","JP":"13"},"4G":{"CJ":"13","CH":"13","9J":"13","9H":"13","CG":"13","9G":"13"},"7W":{"72":"13","52":"13","62":"13"},"3G":{"R5":"13","R6":"13","V6":"13","V5":"13"},"7V":{"6X":"13","6V":"13","5W":"13","5X":"13","6W":"13","7W":"13","7X":"13"},"PM":{"QJ":"13","QH":"13","QM":"13","RH":"13","RJ":"13","VJ":"13","VH":"13","RM":"13"},"FW":{"95":"13","C5":"13","C4":"13","94":"13"},"6J":{"XV":"13","XR":"13"},"7J":{"3X":"13","2R":"13"},"2G":{"6F":"13","5C":"13","5F":"13","6C":"13"},"8Q":{"3R":"13","M8":"13","2P":"13","P8":"13","2V":"13","2W":"13","QC":"13","M9":"13","P9":"13","PC":"13","3Q":"13","2Q":"13","2R":"13","Q9":"13"},"7Q":{"XV":"13","XQ":"13","WR":"13","XR":"13","WQ":"13","XW":"13"}},"29":{"7G":{"F7":"13","G9":"13","MJ":"13","F8":"13","JJ":"13","F9":"13","G8":"13","MH":"13","JH":"13","G7":"13"},"8H":{"HJ":"13","HH":"13"},"4P":{"M5":"13"},"FM":{"Q2":"13","P2":"13"},"FJ":{"QX":"13","PX":"13"},"5J":{"RP":"13"},"4H":{"9Q":"13","9R":"13","CQ":"13","CR":"13"},"6W":{"R6":"13"},"CH":{"XF":"13","RH":"13","VM":"13","QP":"13","WF":"13","V8":"13","RM":"13","V9":"13","W8":"13","VP":"13","RJ":"13","RP":"13","VF":"13","QM":"13","QG":"13","QF":"13","VJ":"13","RG":"13","VG":"13","R9":"13","X9":"13","W9":"13","WM":"13","XC":"13","VC":"13","QH":"13","WJ":"13","RC":"13","WG":"13","WC":"13","WH":"13","VH":"13","QJ":"13","RF":"13"},"7X":{"CC":"13","CF":"13"},"9G":{"4X":"13"},"9H":{"77":"13","43":"13","57":"13","58":"13","75":"13","68":"13","65":"13","35":"13","46":"13","33":"13","34":"13","47":"13","25":"13","45":"13","27":"13","66":"13","37":"13","53":"13","44":"13","42":"13","56":"13","36":"13","32":"13","24":"13","26":"13","76":"13","67":"13","55":"13","54":"13"},"6P":{"3Q":"13","3V":"13","4Q":"13","4R":"13","3R":"13","4V":"13"},"9J":{"CC":"13","FC":"13","C9":"13","F9":"13"},"8Q":{"G3":"13","G4":"13","F4":"13"},"2R":{"6V":"13","6R":"13","7V":"13","7R":"13"},"6Q":{"VC":"13","V9":"13"}},"2C":{"35":{"38":"13"},"46":{"QM":"13","QP":"13","GM":"13","RP":"13","RM":"13","GJ":"13"},"J8":{"29":"13","2C":"13"},"JM":{"CW":"13","FW":"13"},"JP":{"M8":"13"},"QP":{"2C":"13","2F":"13","2G":"13"},"RF":{"W8":"13","W9":"13"},"VJ":{"W2":"13","W3":"13","X2":"13","X3":"13"},"VH":{"XX":"13","WX":"13","XW":"13"},"PP":{"XG":"13","XF":"13"}},"49":{"2P":{"83":"13","73":"13","84":"13","82":"13"}},"WW":{"XC":{"5C":"13","4F":"13","59":"13","49":"13","4C":"13","5F":"13"}},"P2":{"9H":{"HJ":"13","HH":"13"},"9G":{"HJ":"13","JJ":"13","JM":"13"}},"3J":{"4X":{"HH":"13","GG":"13","GF":"13","JH":"13","HG":"13","GH":"13","JG":"13"},"9C":{"6X":"13","5X":"13"}},"53":{"XX":{"3V":"13","3R":"13","2V":"13","2W":"13","3W":"13","3Q":"13","2Q":"13","2R":"13"}},"3X":{"87":{"X9":"13","W9":"13","VC":"13","WC":"13","XC":"13"},"CG":{"7H":"13"},"HR":{"FH":"13","GH":"13"}},"HH":{"J9":{"F7":"13"}},"76":{"7Q":{"75":"13","65":"13","76":"13","74":"13","66":"13","64":"13"},"4P":{"J8":"13","H9":"13","HC":"13","JC":"13","H8":"13","J9":"13"}},"57":{"CR":{"H9":"13","M8":"13","P8":"13","J8":"13","M9":"13","J9":"13","MC":"13","HC":"13","P9":"13","PC":"13","JC":"13"}},"58":{"48":{"9F":"13","98":"13","97":"13","CC":"13","99":"13","9C":"13","C9":"13","C7":"13","C8":"13","CF":"13"}},"46":{"9P":{"5C":"13","5F":"13"}},"64":{"3V":{"6F":"13","5C":"13","5G":"13","6G":"13","5F":"13"}},"M3":{"QJ":{"7Q":"13","6Q":"13","6V":"13","6R":"13","7W":"13","7V":"13","7R":"13"},"VJ":{"W4":"13","W5":"13","W3":"13"}},"2W":{"84":{"CG":"13","CF":"13"},"6H":{"3P":"13","2P":"13","3M":"13","2M":"13"}},"P4":{"H7":{"2R":"13","2V":"13"}},"M8":{"HF":{"QR":"13","PV":"13","PX":"13","PW":"13","QV":"13"},"JH":{"99":"13"},"HG":{"54":"13","44":"13","46":"13","55":"13","45":"13"},"GC":{"XH":"13"}},"2F":{"P7":{"RV":"13","QR":"13","RR":"13","QV":"13"},"4C":{"5C":"13","69":"13","4F":"13","59":"13","49":"13","4C":"13","5F":"13","6C":"13"},"94":{"QJ":"13","PJ":"13","QM":"13","PM":"13","QP":"13","RM":"13"}},"JM":{"57":{"M2":"13","M3":"13","P3":"13","P2":"13"},"56":{"MX":"13","PX":"13"},"43":{"G7":"13","F7":"13","F6":"13","G6":"13"}},"C7":{"QF":{"8V":"13","CV":"13","8W":"13","8R":"13","6W":"13","9R":"13","7W":"13","9V":"13","7V":"13","CR":"13","9W":"13"},"G9":{"V7":"13","W7":"13","V6":"13"},"HC":{"Q8":"13","M8":"13","P6":"13","P8":"13","QC":"13","M9":"13","MC":"13","Q7":"13","R6":"13","R7":"13","Q6":"13","P9":"13","PC":"13","Q9":"13","P7":"13"},"WR":{"39":"13","38":"13","37":"13","28":"13","27":"13"},"GM":{"MV":"13","JV":"13","JW":"13","MW":"13"},"FF":{"XV":"13","WV":"13","WR":"13","XR":"13"}},"3P":{"4M":{"G3":"13","H4":"13","G4":"13","H3":"13"}},"J8":{"4M":{"2H":"13","9F":"13","CF":"13","3M":"13","3H":"13","CG":"13","2J":"13","9G":"13","9H":"13","3J":"13"},"HR":{"MM":"13","JJ":"13","JM":"13"}},"C8":{"HP":{"F2":"13","F3":"13","G2":"13"},"W7":{"XV":"13","WV":"13","WR":"13","XR":"13","WW":"13","XW":"13"},"X7":{"76":"13","87":"13","77":"13","67":"13","68":"13","78":"13"}},"32":{"H2":{"H5":"13","H4":"13","J4":"13","J5":"13"}},"M9":{"WF":{"6F":"13","69":"13","79":"13","6C":"13","7C":"13"}},"2G":{"76":{"MX":"13","PX":"13","PW":"13","MW":"13"}},"M7":{"MX":{"G4":"13","G5":"13","G6":"13"},"H7":{"4J":"13","5J":"13","4H":"13","5H":"13"}},"JF":{"5Q":{"9X":"13","9W":"13","CX":"13","8X":"13","8W":"13"},"5R":{"C2":"13","92":"13"},"PJ":{"GP":"13","HP":"13","GM":"13","GQ":"13","HM":"13"},"3P":{"W2":"13","W3":"13","X4":"13","X2":"13","X3":"13"},"3M":{"XV":"13","XX":"13","WW":"13","XW":"13"},"4M":{"2W":"13","3X":"13","2X":"13"},"8X":{"R8":"13","V7":"13","R7":"13","R6":"13","V6":"13","V8":"13"},"4P":{"34":"13","36":"13","44":"13","32":"13","25":"13","23":"13","42":"13","24":"13","46":"13","55":"13","47":"13","45":"13","57":"13","56":"13","67":"13","35":"13","43":"13","33":"13","22":"13"}},"2V":{"9F":{"7H":"13","6H":"13","6J":"13","7J":"13"},"P6":{"22":"13"},"P5":{"2W":"13","3X":"13","2X":"13"},"C3":{"FQ":"13","GQ":"13","FP":"13"},"H4":{"X9":"13","XC":"13","X8":"13"},"G3":{"29":"13","28":"13"},"7W":{"9F":"13","8F":"13","9C":"13","8C":"13","9G":"13"},"99":{"M6":"13","P6":"13"},"J4":{"29":"13","39":"13","38":"13","2C":"13","3C":"13","28":"13"},"F3":{"X9":"13","X8":"13"}},"59":{"49":{"M9":"13","M8":"13"},"P6":{"WG":"13","XC":"13","WH":"13","R9":"13","VC":"13","XH":"13","XJ":"13","VF":"13","RC":"13","XG":"13","XF":"13","RF":"13","WJ":"13","WC":"13","WF":"13","V9":"13"}},"JP":{"MM":{"HM":"13"},"WF":{"G9":"13"},"MH":{"XP":"13","XM":"13","WM":"13","WP":"13"}}},"index":{"university,1|retail,2|tourism,3|wreck,4|historical,5|artsCulture,6|namedBuilding,7|water,8|wetland,9|park,10|beach,11|natureReserve,12|cemetery,13|trail,14":{}}}