{"index":{"university,1|retail,2|tourism,3|wreck,4|historical,5|artsCulture,6|namedBuilding,7|water,8|wetland,9|park,10|beach,11|natureReserve,12|cemetery,13|trail,14":{}},"9R":{"34":{"37":{"3J":"13","2P":"13","2J":"13","3M":"13","2M":"13"},"2J":{"PV":"13","PQ":"13","PR":"13"}},"7W":{"WP":{"M5":"13","M4":"13","M3":"13"}},"4W":{"WG":{"3Q":"13","4Q":"13","2P":"13","2Q":"13","3R":"13"},"XC":{"54":"13","44":"13","42":"13","64":"13","52":"13","43":"13","53":"13"},"X6":{"5Q":"13","5R":"13","4Q":"13","5P":"13","4P":"13"},"WM":{"FR":"13"},"VC":{"RW":"13","QX":"13","RX":"13","QW":"13"},"X9":{"4X":"13","5X":"13"},"VF":{"R3":"13","Q3":"13","Q2":"13","R2":"13"}},"F5":{"83":{"V2":"13"},"97":{"83":"13","92":"13","94":"13","85":"13","93":"13","95":"13","84":"13"},"82":{"VW":"13","WX":"13","VX":"13"},"96":{"9X":"13"}},"6W":{"MJ":{"V3":"13","W2":"13","V4":"13","W3":"13","V2":"13","R4":"13"}},"FX":{"3W":{"MJ":"13","MH":"13","MG":"13"}},"FC":{"QM":{"47":"13","48":"13"}},"VM":{"FP":{"88":"13","86":"13","85":"13","76":"13","87":"13","77":"13"}},"33":{"HW":{"CR":"13"}},"GG":{"3V":{"QG":"13","QH":"13"},"4X":{"88":"13","98":"13","99":"13","89":"13","87":"13","77":"13","79":"13","8C":"13","78":"13"}},"X8":{"W5":{"QW":"13","QV":"13"},"W6":{"Q3":"13","Q4":"13","Q2":"13","P3":"13","P2":"13"}},"HF":{"4J":{"6G":"13","5J":"13","6H":"13","5H":"13","5G":"13","6F":"13","6J":"13"}},"P5":{"X7":{"RP":"13","VP":"13","RM":"13"},"H7":{"F2":"13","G3":"13","F3":"13","F5":"13","G4":"13","G5":"13","F4":"13","G6":"13"}},"35":{"R5":{"5C":"13","4F":"13","59":"13","49":"13","4C":"13","5F":"13"}},"42":{"9C":{"MP":"13","MJ":"13","MM":"13","JM":"13","JJ":"13","JP":"13","PM":"13","PP":"13"}},"3R":{"GG":{"49":"13","47":"13","48":"13"},"FF":{"RV":"13","QV":"13"}},"2R":{"M4":{"P7":"13","P8":"13","P6":"13"}},"W8":{"H5":{"49":"13","4C":"13"},"G5":{"GX":"13","HW":"13","HX":"13","GW":"13","GV":"13"}},"VP":{"VR":{"52":"13"},"VQ":{"5X":"13"}},"45":{"83":{"V3":"13","V4":"13","V2":"13"}},"QG":{"PV":{"VJ":"13","VM":"13","RP":"13","VP":"13","RM":"13"},"PR":{"99":"13","89":"13","9C":"13","8C":"13"}},"24":{"6M":{"2F":"13","2G":"13"},"VM":{"2J":"13","2H":"13"},"RM":{"XH":"13","XJ":"13"},"V5":{"RH":"13","QG":"13","RG":"13","QH":"13"}},"F4":{"7V":{"PJ":"13","PG":"13","PH":"13"}},"JQ":{"GQ":{"MM":"13","PM":"13","MP":"13","MQ":"13","JQ":"13","MR":"13"}},"52":{"5M":{"78":"13","77":"13","75":"13","85":"13","87":"13","86":"13","88":"13","76":"13"},"5P":{"65":"13","46":"13","66":"13","55":"13","45":"13","56":"13"}},"5W":{"69":{"3X":"13"},"4F":{"VJ":"13","RJ":"13","VM":"13","RP":"13","VP":"13","RM":"13","VH":"13"},"2P":{"QH":"13","MG":"13","RG":"13","PG":"13","MF":"13","QF":"13","PF":"13","MC":"13","QG":"13","RF":"13","PC":"13"},"4G":{"MF":"13","JF":"13","JH":"13","MH":"13","JG":"13","MG":"13"},"49":{"78":"13","77":"13","75":"13","65":"13","66":"13","85":"13","99":"13","89":"13","87":"13","88":"13","86":"13","67":"13","76":"13"},"6C":{"32":"13","23":"13","33":"13","22":"13"}},"FH":{"H8":{"C6":"13","F5":"13","F8":"13","F7":"13","C7":"13","F6":"13","C5":"13"}},"M5":{"76":{"C6":"13","95":"13","96":"13","C5":"13","C4":"13","94":"13"}},"FG":{"JV":{"WV":"13","VV":"13","WW":"13","XX":"13","RQ":"13","QV":"13","VW":"13","VR":"13","WX":"13","RR":"13","VX":"13","RV":"13","QX":"13","QR":"13","RX":"13","RW":"13"},"HQ":{"4X":"13","4W":"13","3X":"13","3W":"13"},"JW":{"V4":"13","V5":"13","Q4":"13","V2":"13","R4":"13","W2":"13","R5":"13","V3":"13","W4":"13","R2":"13","W3":"13","Q2":"13","R6":"13","Q5":"13","V6":"13","Q3":"13","R3":"13"},"GQ":{"RW":"13","VW":"13","RX":"13","VX":"13"},"WP":{"H8":"13","H7":"13","H6":"13"},"HR":{"32":"13","42":"13"},"GR":{"R3":"13","V3":"13","V4":"13","R5":"13","R2":"13","V2":"13","R4":"13","V5":"13"}},"Q9":{"53":{"69":"13","67":"13","68":"13"}},"V6":{"RH":{"54":"13","58":"13","65":"13","66":"13","55":"13","57":"13","56":"13"}},"JG":{"3H":{"VJ":"13","VM":"13","WQ":"13","WJ":"13","VP":"13","WM":"13","WP":"13"}},"32":{"WC":{"C3":"13"}},"R5":{"F5":{"8Q":"13","8R":"13"},"C7":{"CG":"13","9G":"13","CF":"13"},"F6":{"3Q":"13","4Q":"13","3P":"13","5M":"13","5P":"13","4M":"13","3R":"13","4P":"13"}},"JC":{"Q4":{"Q3":"13","R3":"13","Q2":"13","R2":"13"}},"M9":{"25":{"WC":"13","VC":"13","W9":"13","V9":"13"}},"W7":{"93":{"XF":"13","WF":"13","WC":"13","XC":"13"}},"54":{"2X":{"23":"13","24":"13"},"9X":{"HF":"13","GG":"13","HG":"13"}},"4V":{"W2":{"5R":"13","6R":"13"}},"FF":{"P8":{"CJ":"13","9J":"13","9H":"13"}},"WP":{"7P":{"J7":"13","H7":"13","J6":"13","H6":"13"}},"WG":{"9Q":{"RF":"13","VG":"13","VF":"13","R9":"13","VC":"13","RC":"13"}},"4R":{"R7":{"G9":"13","H9":"13","HC":"13","GC":"13"}},"P7":{"54":{"RF":"13","QF":"13","R9":"13","RC":"13","QC":"13"}},"JH":{"6Q":{"V7":"13","X6":"13","W7":"13","X7":"13","V6":"13","W6":"13"},"84":{"JP":"13","HQ":"13","HP":"13","JH":"13","JJ":"13","MH":"13","JM":"13"}},"6Q":{"5R":{"6W":"13"}},"JJ":{"WC":{"9Q":"13","CJ":"13","CP":"13","CM":"13","CH":"13","9P":"13","9J":"13","9M":"13","9H":"13","8J":"13"},"PF":{"M6":"13","M7":"13"}}}}