{"index":{"university,1|retail,2|tourism,3|wreck,4|historical,5|artsCulture,6|namedBuilding,7|water,8|wetland,9|park,10|beach,11|natureReserve,12|cemetery,13|trail,14":{}},"9V":{"WG":{"VP":{"XG":"13"},"WP":{"2F":"13","2G":"13"}},"QJ":{"FX":{"3Q":"13","3R":"13"}},"78":{"52":{"X5":"13","X4":"13"}},"XQ":{"VR":{"G2":"13"},"VQ":{"GX":"13"}},"W8":{"2F":{"MX":"13","MW":"13"},"2G":{"J3":"13","J2":"13","M2":"13","M3":"13"}},"F6":{"X6":{"82":"13","92":"13"},"X5":{"9X":"13","8X":"13"}},"PV":{"PG":{"J3":"13","J4":"13"},"QH":{"V8":"13","V9":"13"},"PC":{"Q8":"13","Q6":"13","P7":"13","P8":"13","P6":"13","Q7":"13"}},"W6":{"45":{"88":"13","89":"13","87":"13","77":"13","79":"13","78":"13"}},"X9":{"WX":{"JH":"13","JJ":"13"}},"J8":{"F5":{"9R":"13","9V":"13","CV":"13"}},"W3":{"Q8":{"3Q":"13","4Q":"13","4R":"13","3R":"13"},"XH":{"Q6":"13","Q7":"13"}},"82":{"73":{"49":"13","4C":"13"},"8R":{"CG":"13","FF":"13","CF":"13"}},"F5":{"63":{"F2":"13","86":"13","F3":"13","85":"13","75":"13","G2":"13"},"62":{"GX":"13","FX":"13"}},"GF":{"H4":{"3G":"13","4G":"13","4H":"13","3H":"13"}},"C4":{"H7":{"8V":"13","7W":"13","7V":"13","8W":"13"}},"84":{"7H":{"58":"13","59":"13","57":"13"},"58":{"MF":"13","PG":"13","PF":"13"},"6G":{"XV":"13","XQ":"13","XR":"13"},"7G":{"2R":"13","2Q":"13","2V":"13"}}}}