{"index":{"university,1|retail,2|tourism,3|wreck,4|historical,5|artsCulture,6|namedBuilding,7|water,8|wetland,9|park,10|beach,11|natureReserve,12|cemetery,13|trail,14":{}},"C8":{"2C":{"23":{"66":"13","67":"13"},"R9":{"49":"13"},"GM":{"2R":"13"},"FP":{"W7":"13","W6":"13"}},"46":{"9F":{"H5":"13","J6":"13","J5":"13","H6":"13"},"9C":{"HX":"13"},"VC":{"P4":"13","M2":"13","M4":"13"},"5F":{"4C":"13","3C":"13","3F":"13"}},"29":{"MV":{"JP":"13","G9":"13","PP":"13","GH":"13","JM":"13","GJ":"13"}},"28":{"Q8":{"RR":"13","RP":"13"},"3X":{"MP":"13","MQ":"13"}},"45":{"QV":{"J3":"13","J2":"13","J4":"13"}},"64":{"4W":{"6V":"13","5V":"13"},"HQ":{"JM":"13"}},"3C":{"34":{"26":"13"}},"56":{"45":{"VW":"13"}},"38":{"6F":{"Q2":"13"},"GQ":{"QR":"13"},"6C":{"QX":"13"}},"55":{"6X":{"2P":"13"},"9W":{"9Q":"13","CQ":"13","8C":"13"},"2R":{"XF":"13"},"GH":{"CC":"13"}}}}