{"index":{"university,1|retail,2|tourism,3|wreck,4|historical,5|artsCulture,6|namedBuilding,7|water,8|wetland,9|park,10|beach,11|natureReserve,12|cemetery,13|trail,14":{}},"CF":{"2W":{"2G":{"HR":"13","HV":"13"}},"2X":{"2W":{"44":"13","45":"13"},"32":{"5J":"13","6H":"13","6J":"13"},"5M":{"29":"13","39":"13","2C":"13","3C":"13"},"49":{"75":"13","74":"13"}},"CP":{"35":{"VX":"13"}},"CH":{"WW":{"CR":"13"}},"CQ":{"42":{"6V":"13","6W":"13","7V":"13"},"6J":{"73":"13","74":"13"}},"CR":{"J8":{"W3":"13"}}}}