{"index":{"university,1|retail,2|tourism,3|wreck,4|historical,5|artsCulture,6|namedBuilding,7|water,8|wetland,9|park,10|beach,11|natureReserve,12|cemetery,13|trail,14":{}},"CG":{"39":{"29":{"69":"13"},"2R":{"FM":"13","FP":"13"}},"2H":{"93":{"CW":"13","9X":"13","9W":"13","CX":"13"},"94":{"97":"13","C6":"13","C7":"13"}},"2C":{"Q4":{"W7":"13","X7":"13","W8":"13","X8":"13"},"5R":{"4X":"13","4W":"13","3X":"13","3W":"13"},"C6":{"63":"13","64":"13","62":"13"},"5V":{"32":"13","42":"13","43":"13","33":"13"}},"29":{"H2":{"F3":"13","F4":"13"},"WC":{"C2":"13","92":"13"},"W9":{"V4":"13","9X":"13","V6":"13","CX":"13","V5":"13"}},"25":{"GX":{"2F":"13","2G":"13","2H":"13"},"M5":{"QH":"13","PH":"13"},"MM":{"6F":"13","6H":"13","6G":"13"},"49":{"9X":"13","9W":"13","9V":"13"},"82":{"GR":"13","GV":"13"},"FX":{"XG":"13","XF":"13"},"JM":{"HJ":"13","HP":"13","PH":"13","JJ":"13","MH":"13","JM":"13","HM":"13"},"7C":{"58":"13","59":"13"}},"28":{"X2":{"QM":"13"},"MH":{"5M":"13","5P":"13"}},"27":{"PM":{"Q8":"13"},"8G":{"65":"13","8V":"13","66":"13","64":"13","8R":"13"},"XX":{"HJ":"13","HH":"13","GH":"13","JM":"13","GJ":"13"},"82":{"5J":"13","5M":"13"},"F6":{"7Q":"13","7P":"13","8Q":"13","7R":"13","8R":"13","8P":"13"}},"37":{"39":{"X9":"13","X8":"13"},"4R":{"58":"13","59":"13"}},"3C":{"36":{"7W":"13","8W":"13"}},"2F":{"JP":{"QF":"13","J3":"13","J4":"13","QC":"13"},"3Q":{"F3":"13","F5":"13","G5":"13","F4":"13","F6":"13","G6":"13"},"V3":{"6Q":"13","86":"13","85":"13","6P":"13","95":"13","96":"13"},"P8":{"CG":"13"}},"22":{"2X":{"QF":"13","PC":"13","PF":"13","Q9":"13","QC":"13"},"3J":{"2J":"13","2G":"13","2H":"13"},"2J":{"XG":"13","XH":"13"}},"23":{"7J":{"65":"13","64":"13"},"8C":{"MV":"13","MR":"13"}},"24":{"MX":{"MV":"13"},"69":{"X2":"13"},"39":{"46":"13","47":"13"},"2W":{"RX":"13"},"F5":{"Q4":"13","Q5":"13"},"2X":{"R2":"13"},"74":{"CP":"13","CQ":"13"},"68":{"XX":"13"},"22":{"4F":"13","3G":"13","4G":"13","4H":"13","3F":"13"}},"26":{"QG":{"2P":"13","2M":"13"},"2W":{"WV":"13","WR":"13","WW":"13"},"PG":{"XP":"13","XM":"13"},"2X":{"X5":"13","X4":"13","X3":"13"},"XJ":{"XP":"13","XQ":"13","WR":"13","WQ":"13","WJ":"13","WM":"13","WP":"13"},"JM":{"63":"13","62":"13"}},"2G":{"GH":{"RX":"13"},"GJ":{"R2":"13"},"7X":{"PJ":"13","PM":"13"}}}}