{"2V":{"W6":{"RG":{"28":"5"},"QG":{"X8":"5"}},"J8":{"C5":{"W9":"5"},"5M":{"36":"5"},"9C":{"65":"5"},"4M":{"XM":"5"},"5J":{"4X":"5","3R":"5"},"5Q":{"28":"5"}},"RF":{"MQ":{"FH":"5"}},"Q5":{"3P":{"X8":"5"},"4R":{"MM":"5"},"4P":{"5M":"5","28":"5"}},"J9":{"HF":{"M2":"5","G5":"5"}},"JF":{"G6":{"RJ":"5"}},"M4":{"2G":{"2M":"5"}},"J4":{"XG":{"XM":"5"}},"WG":{"P6":{"4F":"5","28":"5"}}},"index":{"university,1|retail,2|tourism,3|wreck,4|historical,5|artsCulture,6|namedBuilding,7|water,8|wetland,9|park,10|beach,11|natureReserve,12|cemetery,13|trail,14":{}}}