{"37":{"9X":{"2C":{"CQ":"5","FP":"5","CV":"5","CP":"5","CJ":"5","CR":"5"},"G6":{"MJ":"5"}},"XH":{"W3":{"VQ":"5"},"XF":{"G7":"5"}},"7W":{"F2":{"52":"5"}},"RJ":{"68":{"73":"5"},"67":{"7F":"5","7X":"5","FX":"5"},"66":{"7W":"5"}},"6Q":{"PP":{"XW":"5"},"XX":{"2M":"5"},"RV":{"M2":"5","C4":"5"},"RR":{"MX":"5"},"WX":{"XM":"5"}},"X9":{"4P":{"WJ":"5"},"9G":{"VG":"5"},"96":{"9C":"5"},"H6":{"FX":"5"},"9J":{"GF":"5"},"MP":{"6Q":"5"},"F5":{"4W":"5"},"6M":{"JF":"5"},"2P":{"3P":"5","MM":"5"},"8C":{"95":"5"}},"QP":{"89":{"R9":"4","R8":"4"}},"WW":{"7M":{"HX":"4"},"XR":{"47":"5"},"7P":{"Q4":"5","Q3":"5","H2":"4"}},"VC":{"WH":{"RH":"5"},"FQ":{"47":"5"},"HH":{"FP":"5","CM":"5"}},"4J":{"5P":{"X2":"5"},"5M":{"XX":"5"},"6M":{"2X":"5"},"6P":{"22":"5"}},"RH":{"V9":{"QV":"5"},"99":{"RV":"5"},"H9":{"QV":"5"},"R9":{"2V":"5"},"49":{"6V":"5"},"M9":{"2V":"5"},"29":{"XV":"5"},"P9":{"PV":"5"},"69":{"2V":"5"},"WQ":{"J4":"5"},"F9":{"2V":"5"},"X9":{"GV":"5"},"J6":{"Q2":"5"},"79":{"4V":"5"}},"PJ":{"2Q":{"MF":"5","PH":"5"},"XC":{"82":"5"}},"QM":{"33":{"4W":"5"}},"7V":{"54":{"MX":"5"},"XC":{"8M":"5"},"P2":{"28":"5"},"M2":{"X8":"5"},"55":{"M2":"5"}},"VF":{"XC":{"XW":"5"},"XG":{"X4":"5"},"XW":{"X8":"5"},"XM":{"XP":"5"},"XV":{"XH":"5"},"XQ":{"X3":"5"}},"WC":{"2Q":{"2G":"5"},"2G":{"2P":"5"},"2V":{"2H":"5"},"29":{"2X":"5"},"22":{"CQ":"5"},"33":{"P3":"5"},"23":{"2G":"5"},"43":{"F3":"5"},"2M":{"22":"5"},"26":{"2J":"5"},"2P":{"2R":"5","25":"5"},"2W":{"2P":"5"}},"7R":{"5G":{"M8":"5"},"5F":{"MM":"5"}},"VG":{"W5":{"XG":"5"},"QX":{"29":"4","39":"4"},"RM":{"XF":"5"},"RR":{"X5":"5"},"RW":{"7C":"5"},"VF":{"82":"5","5J":"5"},"RG":{"X7":"5"},"X3":{"J9":"5"},"W8":{"48":"5"},"X2":{"X3":"5"},"FH":{"4H":"5","5H":"5","3H":"5","3F":"5","5J":"5","4J":"5","3G":"5"}},"WH":{"92":{"FR":"5"}},"3J":{"VV":{"88":"5"},"RX":{"8X":"5"}},"PH":{"XV":{"23":"5"},"RV":{"GW":"5"}},"QQ":{"8V":{"R9":"5"}},"W9":{"XP":{"8M":"5","HP":"5"},"5X":{"X6":"5"},"PM":{"2Q":"5","R3":"5"},"GM":{"FG":"5"},"C9":{"MJ":"5"},"8F":{"67":"5"},"QP":{"5P":"5","4R":"5","2R":"5","6J":"5"},"8P":{"83":"5"},"9M":{"XG":"5"},"CJ":{"7Q":"5"},"CM":{"74":"5","86":"5","72":"5","7F":"5"},"FM":{"88":"5","69":"5"},"7Q":{"QR":"5"},"8M":{"7X":"5"},"2X":{"P9":"5"},"WJ":{"RF":"5","9F":"5"},"7G":{"74":"5","95":"5","92":"5","73":"5","C6":"5"},"6V":{"WJ":"5"},"MM":{"PF":"5"},"9P":{"95":"5"},"XJ":{"GG":"5"},"FJ":{"F4":"5","GW":"5"},"7F":{"GQ":"5","HR":"5","FP":"5","GP":"5"},"QM":{"RP":"5"}},"5M":{"46":{"M2":"5"},"45":{"MX":"5"}},"VH":{"MH":{"9J":"5"},"Q4":{"23":"5"},"MC":{"V7":"5","FG":"5"},"P5":{"C6":"5"},"MF":{"CP":"5"},"49":{"MV":"5"},"29":{"FV":"5"},"69":{"7V":"5"},"89":{"RV":"5"},"Q2":{"W7":"5"},"JH":{"49":"5","7J":"5"},"P7":{"7R":"5"},"79":{"3V":"5"},"39":{"PV":"5"}},"RF":{"W4":{"3C":"5"},"92":{"FW":"5"},"R3":{"QX":"5","PM":"5","RQ":"5","VX":"5","PR":"5","PX":"5","MW":"5","RC":"5","MX":"5","MQ":"5","MP":"5","W6":"5","RV":"5","QV":"5","FJ":"4","QR":"5","PW":"5"},"PJ":{"2J":"5","3J":"5"},"R4":{"P2":"5","X3":"5","M2":"5","P3":"5"},"V4":{"34":"5","56":"5","23":"5","PC":"5","78":"5","67":"5","7Q":"5","88":"5","4C":"5","GJ":"5"},"93":{"82":"5","P9":"5","R8":"5","PC":"5"},"C3":{"7F":"5","23":"5"}},"QH":{"49":{"4R":"5"},"H9":{"FR":"5"},"C9":{"VV":"5"},"X9":{"XR":"5"},"M9":{"JR":"5"},"J9":{"FR":"5","7R":"5"},"V9":{"8R":"5"},"6Q":{"42":"5"},"5C":{"23":"5","R3":"5"},"F9":{"CV":"5"},"4C":{"G3":"5"},"5M":{"QM":"5","MV":"5","MP":"5","MR":"5","R4":"5","PR":"5","PH":"5","VW":"5","RQ":"5","QJ":"5"}},"QJ":{"2V":{"H9":"4","J9":"4"},"44":{"QV":"4"},"3F":{"RQ":"5"},"39":{"7P":"5"}},"WF":{"24":{"28":"5"},"22":{"2H":"5"},"28":{"2M":"5"},"23":{"2J":"5"},"26":{"2C":"5"},"25":{"28":"5"}},"WX":{"9H":{"M7":"5"},"9W":{"68":"5"},"JW":{"WP":"5"},"3W":{"25":"5"}},"WG":{"9Q":{"GM":"5","PH":"5","9F":"5","JV":"5","JJ":"5","MV":"5","7H":"5","MR":"5"}}},"index":{"university,1|retail,2|tourism,3|wreck,4|historical,5|artsCulture,6|namedBuilding,7|water,8|wetland,9|park,10|beach,11|natureReserve,12|cemetery,13|trail,14":{}}}