{"38":{"W4":{"82":{"89":"5","8W":"5","83":"5","MH":"5","FM":"5","95":"5","FC":"5","J4":"5","F3":"5","GR":"5","C8":"5","H6":"5","7J":"5","72":"5","G7":"5","7W":"5","G2":"5","GG":"5","CV":"5","F6":"5","CP":"5","M7":"5","7M":"5","M8":"5","H4":"5","Q9":"5","HM":"5","HQ":"5","69":"5","73":"5","86":"5","P3":"5","GC":"5","78":"5","C5":"5","J3":"5","FV":"5","7G":"5","GQ":"5","QJ":"5","JX":"5","H8":"5","CQ":"5","9Q":"5","JH":"5","FW":"5","R9":"5","HH":"5","G3":"5","H9":"5","MF":"5","75":"5","C3":"5","7V":"5","H3":"5","6C":"5","62":"5","6F":"5","M5":"5","QH":"5","RC":"5","FF":"5","P4":"5","MG":"5","G9":"5","P7":"5","MM":"5","96":"5","QF":"5","MW":"5","PW":"5","JQ":"5","F7":"5","F4":"5","3J":"5","F2":"5","C9":"5","MX":"5","68":"5","GX":"5","HW":"5","C4":"5","JJ":"5","V5":"5","JC":"5","74":"5","8P":"5","PC":"5","7P":"5","76":"5","Q6":"5","JG":"5","JV":"5","P5":"5","CC":"5","8H":"5","MR":"5","HX":"5","3Q":"5","9M":"5","M3":"5","CR":"5","7R":"5","Q7":"5","FX":"5","9P":"5","9H":"5","GP":"5","CX":"5","8V":"5","8M":"5","9W":"5","9X":"5","QG":"5","H2":"5","R5":"5","HJ":"5","98":"5","93":"5","G5":"5","84":"5","65":"5","79":"5","FG":"5","CJ":"5","CG":"5","JM":"5","8C":"5","J6":"5","PG":"5","GV":"5","9R":"5","8G":"5","P9":"5","63":"5","7C":"5","67":"5","J9":"5","GH":"5","9V":"5","64":"5","9C":"5","HR":"5","FJ":"5","92":"5","G6":"5","F8":"5","H5":"5","8F":"5","Q5":"5","FH":"5","JW":"5","99":"5","MJ":"5","FR":"5","R4":"5","C2":"5","7X":"5","R8":"5","97":"5","Q4":"5","H7":"5","Q8":"5","M9":"5","8R":"5","GJ":"5","8J":"5","6G":"5","8X":"5","9J":"5","F5":"5","P8":"5","HG":"5","J7":"5","82":"5","PH":"5","87":"5","FQ":"5","9F":"5","7Q":"5","J8":"5","QC":"5","HP":"5","C7":"5","R7":"5","8Q":"5","CM":"5","J5":"5","9G":"5","GF":"5","JP":"5","85":"5","M6":"5","HV":"5","PX":"5","JR":"5","FP":"5","MC":"5","M4":"5","PF":"5","MV":"5","CF":"5","G8":"5","7H":"5","GM":"5","GW":"5","P6":"5","HC":"5","F9":"5","CW":"5","PV":"5","66":"5","77":"5","HF":"5","CH":"5","JF":"5","94":"5","PJ":"5","7F":"5","R6":"5","G4":"5","88":"5","C6":"5","V4":"5"},"74":{"HR":"5","JV":"5","W4":"5","X4":"5","HV":"5","X8":"5"},"83":{"89":"5","83":"5","MH":"5","FM":"5","95":"5","FC":"5","J4":"5","F3":"5","C8":"5","H6":"5","72":"5","G7":"5","GG":"5","G2":"5","CV":"5","F6":"5","CP":"5","M7":"5","M8":"5","H4":"5","HM":"5","73":"5","86":"5","P3":"5","GC":"5","78":"5","C5":"5","J3":"5","FV":"5","7G":"5","H8":"5","CQ":"5","9Q":"5","JH":"5","HH":"5","G3":"5","54":"5","43":"5","H9":"5","MF":"5","75":"5","C3":"5","H3":"5","M5":"5","FF":"5","P4":"5","MG":"5","G9":"5","P7":"5","96":"5","F7":"5","F4":"5","F2":"5","C9":"5","C4":"5","JJ":"5","JC":"5","74":"5","8P":"5","76":"5","JG":"5","CC":"5","6H":"5","8H":"5","9M":"5","M3":"5","CR":"5","9P":"5","9H":"5","CX":"5","8M":"5","9W":"5","H2":"5","HJ":"5","98":"5","93":"5","G5":"5","84":"5","79":"5","FG":"5","CJ":"5","CG":"5","8C":"5","44":"5","J6":"5","9R":"5","8G":"5","P9":"5","7C":"5","J9":"5","GH":"5","9V":"5","9C":"5","FJ":"5","92":"5","G6":"5","P2":"5","F8":"5","H5":"5","8F":"5","FH":"5","99":"5","MJ":"5","C2":"5","97":"5","H7":"5","M9":"5","8R":"5","GJ":"5","8J":"5","9J":"5","F5":"5","P8":"5","HG":"5","J7":"5","82":"5","J2":"5","87":"5","6J":"5","9F":"5","J8":"5","C7":"5","M2":"5","8Q":"5","CM":"5","J5":"5","9G":"5","GF":"5","85":"5","M6":"5","FP":"5","MC":"5","M4":"5","CF":"5","G8":"5","7H":"5","P6":"5","HC":"5","F9":"5","CW":"5","77":"5","HF":"5","CH":"5","JF":"5","94":"5","7F":"5","G4":"5","88":"5","C6":"5"},"86":{"68":"5","29":"5"},"72":{"J5":"5","H5":"5","M5":"5","H6":"5"},"75":{"PJ":"5","VH":"5"},"85":{"42":"5","GQ":"5","7M":"4","7X":"4"},"84":{"5F":"5","66":"4","39":"5","5H":"5","3P":"5","5V":"4","29":"5","36":"5","28":"5","5M":"5"}},"V3":{"X8":{"W2":"5"}},"92":{"RX":{"2M":"5"},"G8":{"8M":"5","JV":"5"},"F6":{"8X":"5"},"QX":{"XM":"5"}},"84":{"M3":{"MX":"5"}},"W2":{"P6":{"RR":"5"},"CG":{"35":"5"},"CW":{"P9":"5"},"FQ":{"PQ":"4"},"M9":{"RV":"5"},"FX":{"XR":"5","WX":"5"},"5X":{"4G":"5"}},"86":{"C7":{"M2":"5"},"C6":{"MX":"5"}},"W3":{"52":{"Q6":"5","C9":"5","M9":"5","RR":"5","J7":"5","G9":"5","HF":"5","GC":"5","J9":"5","GG":"5","85":"5","QM":"5"},"63":{"35":"5","76":"5"},"8X":{"56":"5","52":"5","6G":"5","43":"5","4F":"5","76":"5","63":"5","9X":"5","59":"5","3F":"5","48":"5","8F":"5","54":"5","6H":"5","44":"5","49":"5","6F":"5","39":"5","77":"5","5F":"5","FW":"5","53":"5","65":"5","3H":"5","38":"5","55":"5","7G":"5","57":"5","CX":"5","7C":"5","89":"5","CW":"5","75":"5","7X":"5","66":"5","79":"5","37":"5","5G":"5","GX":"5","69":"5","8X":"5","45":"5","4C":"5","3G":"5","3C":"5","78":"5","7F":"5","58":"5","5J":"5","64":"5","4H":"5","62":"5","9W":"5","67":"5","68":"5","8C":"5","5C":"5","46":"5","5H":"5","6C":"5","FX":"5","47":"5","4G":"5","8W":"5"},"62":{"5P":"5"},"53":{"99":"4"},"9H":{"49":"5","48":"5","5F":"5","5C":"5","58":"5","4C":"5","59":"5"},"F2":{"VJ":"5","VR":"5"},"8V":{"RX":"5"},"4P":{"JX":"4"}},"C6":{"QJ":{"8M":"4"}},"FQ":{"68":{"MM":"5"}},"85":{"J2":{"22":"5"},"H2":{"X8":"5"}},"93":{"RG":{"RH":"5","RG":"5","RM":"5","QJ":"5"},"QG":{"MM":"5"},"Q6":{"G8":"5"},"Q8":{"8X":"5"},"Q2":{"CQ":"5","MM":"5","XQ":"5"}},"75":{"J2":{"M8":"5"},"P8":{"MX":"5"}},"C7":{"W5":{"X8":"5"},"W4":{"2Q":"5"}},"V2":{"HV":{"3P":"5"}}},"index":{"university,1|retail,2|tourism,3|wreck,4|historical,5|artsCulture,6|namedBuilding,7|water,8|wetland,9|park,10|beach,11|natureReserve,12|cemetery,13|trail,14":{}}}