{"index":{"university,1|retail,2|tourism,3|wreck,4|historical,5|artsCulture,6|namedBuilding,7|water,8|wetland,9|park,10|beach,11|natureReserve,12|cemetery,13|trail,14":{}},"39":{"Q4":{"WR":{"QW":"5|4","QX":"4","RX":"5","RW":"5","RV":"5","QV":"5","PV":"5","QR":"5","PW":"5|4"}},"Q5":{"PP":{"27":"5","26":"5"},"MP":{"X6":"5","6H":"5","6Q":"4","X7":"5","6J":"5"},"R7":{"FR":"5","RQ":"5","RP":"5","QP":"5","CP":"5","CQ":"5","QQ":"5","8Q":"5","8R":"5","9R":"5","CV":"5","CR":"5|4","9Q":"5"},"V8":{"46":"5","76":"5","47":"5","56":"5","67":"5","57":"5","45":"5","55":"5","66":"5","65":"5"},"F9":{"MM":"5"},"PF":{"9R":"5|4","CV":"5","8R":"4|5","9W":"5","9V":"5|4","CR":"5","8V":"4|5","9Q":"5"},"MG":{"W6":"5","QP":"4","VF":"4"},"PG":{"52":"5","83":"4","43":"5"}},"MJ":{"P9":{"6X":"5"}}}}