{"42":{"75":{"PP":{"H3":"5"},"PR":{"JM":"5","JP":"5","PH":"5"},"XM":{"8G":"4","87":"5"},"PM":{"FR":"5","FX":"5","GW":"5"},"X9":{"25":"5"},"QQ":{"6C":"5"}},"85":{"5F":{"32":"5"},"2J":{"4F":"4"},"7J":{"5X":"5"},"6P":{"JV":"4","QC":"5"},"2C":{"RJ":"5","XQ":"5"},"3F":{"QH":"5"},"7P":{"7M":"5","9J":"5"},"7Q":{"73":"5","6P":"5"},"58":{"J6":"4"},"57":{"PR":"4","QX":"4"},"6J":{"4W":"5","2V":"5","2W":"5","8R":"5","5W":"5","7V":"5","2X":"5","8V":"5","6V":"5","6W":"5"},"5C":{"7X":"5"},"5J":{"VV":"5","XX":"5","XV":"5","WW":"5","XW":"5","WX":"5","VW":"5","WV":"5"},"6M":{"22":"5"},"3G":{"57":"5"},"54":{"FR":"5"},"65":{"JW":"5"},"5M":{"X2":"5"}}},"index":{"university,1|retail,2|tourism,3|wreck,4|historical,5|artsCulture,6|namedBuilding,7|water,8|wetland,9|park,10|beach,11|natureReserve,12|cemetery,13|trail,14":{}}}