{"index":{"university,1|retail,2|tourism,3|wreck,4|historical,5|artsCulture,6|namedBuilding,7|water,8|wetland,9|park,10|beach,11|natureReserve,12|cemetery,13|trail,14":{}},"47":{"89":{"2H":{"HX":"5"}},"VP":{"H7":{"H5":"5"},"W5":{"FG":"5"},"CM":{"M8":"5","HH":"5"},"QX":{"G3":"5"}},"RW":{"4W":{"32":"5"},"XX":{"J4":"5"},"QJ":{"4X":"5","3R":"5","2M":"5"},"J7":{"CQ":"5"},"J5":{"24":"5"},"8G":{"PR":"5","QV":"5"},"3V":{"WV":"5"},"63":{"X3":"5"},"CG":{"XF":"5"},"62":{"XX":"5","RM":"5","XH":"5"},"W8":{"42":"5"},"72":{"4F":"5","4H":"5","4J":"5","5Q":"5","3J":"5","6Q":"5","3H":"5","6R":"5","6M":"5"},"JR":{"HF":"5"},"XR":{"4H":"5","4P":"5"},"GG":{"R2":"5"},"4V":{"2X":"5","5V":"5"},"F2":{"4G":"5"}},"FM":{"8R":{"MH":"5","PJ":"5","PH":"5","MJ":"5"}},"FC":{"V8":{"XG":"5","WG":"5"},"X8":{"RH":"5"},"69":{"P3":"5","92":"5","Q3":"5"},"RM":{"X8":"5","W2":"5"},"9M":{"JQ":"5"},"97":{"WV":"5"},"XW":{"F5":"5"},"RJ":{"PV":"5","F7":"5","QR":"5","QQ":"5","VW":"5"},"VM":{"8F":"5"},"WM":{"HM":"5"},"68":{"9X":"5"}},"PQ":{"W5":{"87":"5"},"3P":{"RG":"5"},"W8":{"J8":"5"}},"VX":{"43":{"2V":"5"},"28":{"VV":"5","FV":"5","WP":"5","WQ":"5","VW":"5","VR":"5","RV":"5","QV":"5","WM":"5","WV":"5","MV":"5"},"33":{"XV":"5","XQ":"5"},"M8":{"RC":"4"},"48":{"9C":"4","9F":"4","GF":"4"},"Q3":{"3J":"5"},"39":{"25":"5","34":"5","38":"5","42":"5","3C":"5","39":"5","83":"5","92":"5","2C":"5","44":"5","84":"5","74":"5","26":"5","52":"5","24":"5","6G":"4","82":"5","29":"5","36":"5","46":"5","75":"5","35":"5","28":"5"},"77":{"49":"5","37":"5","38":"5","4F":"5","H9":"5","4H":"4","3C":"5","QG":"4","39":"5","3F":"5","2F":"5","GJ":"4"},"97":{"6F":"4","29":"4","3F":"4"},"38":{"5X":"5","FV":"4","CP":"5","5H":"5","6H":"5","RG":"4","QC":"5","P8":"5","6G":"5","P7":"5","GR":"4","4X":"5"},"26":{"2J":"5","3M":"5","X5":"5"},"87":{"C9":"5","F8":"5","C6":"5","F7":"5","C8":"5","CC":"5","F6":"5","FC":"5","CF":"5","F9":"5","FF":"5","C7":"5"},"VQ":{"PM":"5"},"H5":{"4V":"5","CM":"5","4R":"5","5V":"5","4Q":"5","9J":"5","5R":"5"},"29":{"X8":"5","J6":"5","X7":"5","W7":"5","VG":"5","W8":"5","C4":"5","2H":"5"},"V9":{"X3":"4"},"36":{"H5":"5"},"37":{"5P":"5","HP":"5","6Q":"5","5Q":"5"},"CR":{"36":"5"},"XC":{"CM":"5"},"35":{"CP":"5","MG":"5","XR":"5","PP":"5","JV":"5","9M":"5","CM":"5","GG":"5","48":"5","MQ":"5","JF":"5","49":"5","PR":"5","JR":"5","MR":"5","FR":"5","VR":"5","HR":"5","MV":"5","GQ":"5","JG":"5","9P":"5","JQ":"5","JP":"5","HW":"5","HQ":"5","WR":"5","PQ":"5","MP":"5","HG":"5","HF":"5","MM":"5","HX":"5"},"H7":{"PJ":"4"},"Q2":{"88":"5"},"4C":{"WQ":"5","VQ":"5"},"W9":{"M5":"5"},"MH":{"VF":"5"},"W8":{"HX":"5"},"67":{"7F":"5","WJ":"4","J9":"5","9G":"5"},"M7":{"6J":"4"},"WG":{"FM":"5","FP":"5"},"C7":{"25":"4"},"46":{"54":"5","W7":"5"},"93":{"W3":"5"},"47":{"RW":"5","XV":"5","RV":"5","WV":"5","7Q":"5"},"86":{"96":"5","P3":"5","M4":"5","J4":"5"}},"5C":{"C8":{"PP":"5","2F":"5","CP":"5","4M":"5","6Q":"5","8Q":"5","9Q":"5"},"F8":{"9M":"5","9G":"5"},"M7":{"72":"5"},"F7":{"6G":"5"},"M6":{"3V":"5"},"J6":{"VX":"5","WW":"5"}},"C8":{"54":{"CV":"5","CW":"5"},"VJ":{"QJ":"5"},"PX":{"JX":"5"},"4V":{"4M":"5","3M":"5"},"WJ":{"4R":"5"},"QX":{"FM":"5"},"45":{"QF":"5","GV":"5","P9":"5","Q9":"5","QC":"5"},"FX":{"M6":"4","J6":"4"}},"RH":{"X3":{"27":"5"},"VF":{"P3":"5"},"X4":{"82":"5","78":"5","7G":"5","6C":"5"},"WG":{"C6":"5"},"X2":{"48":"5"}},"39":{"M8":{"2J":"5","2M":"5"},"48":{"33":"5"},"GC":{"8R":"5","67":"5","45":"5"},"F9":{"QX":"5"},"JW":{"PJ":"5"},"26":{"P4":"5"},"25":{"QM":"5"}},"GG":{"FP":{"7W":"5","6W":"5","7V":"5","6V":"5"}},"CV":{"W5":{"R6":"5","X8":"5"},"X6":{"G4":"5","G7":"5"},"X5":{"4F":"5","4C":"5","HH":"5"}},"XM":{"JM":{"RQ":"5"},"9P":{"9R":"5"},"JP":{"6V":"5"}},"CP":{"R2":{"5F":"5"},"9J":{"W6":"5","Q6":"5","R7":"5","V7":"5","V8":"5","W7":"5","V6":"5","Q7":"5","R6":"5","W8":"5"}},"WH":{"CP":{"Q4":"5"},"C8":{"Q3":"5","Q2":"5"},"J5":{"C8":"5"},"9M":{"M2":"5"},"F9":{"GJ":"5","GX":"5","JF":"5"},"M5":{"28":"5","27":"5"},"FF":{"66":"5","77":"5","87":"5","7J":"5","8F":"5","76":"5","6P":"5","67":"5","X5":"5","7P":"5","86":"5","GG":"5","HM":"5","F6":"5","F5":"5","7G":"5","85":"5","C5":"5","75":"5","7F":"5","94":"5"},"X8":{"X5":"5"},"HM":{"6M":"5","6J":"5"},"CF":{"M8":"5"},"F5":{"PM":"5","MM":"5"},"2G":{"GX":"5","FX":"5","GW":"5"},"HH":{"5W":"5","G3":"5","5V":"5"},"2H":{"C6":"5"},"GF":{"57":"5"},"8M":{"JH":"5"},"W9":{"36":"5"},"8P":{"X9":"5"},"MH":{"Q4":"5","R4":"5","Q5":"5","R5":"5"},"HF":{"5H":"5","6H":"5","6P":"5"},"8C":{"XP":"5"},"FC":{"QG":"5","FM":"5","63":"5","93":"5","83":"5","9W":"5","PF":"5","5X":"5"},"GC":{"VP":"5"},"G7":{"RW":"5","VW":"5"},"C7":{"QX":"5","QV":"5"},"GH":{"RX":"5","WW":"5"},"CG":{"VG":"5"},"F8":{"39":"5"},"HP":{"89":"5"}},"M8":{"5X":{"83":"5","92":"5","GC":"5","F3":"5","QC":"5","9W":"5","93":"5","C7":"5","HP":"5","F2":"5"},"5R":{"WF":"5"},"7W":{"G4":"4"},"5W":{"9M":"5","CX":"5","CR":"5","FX":"5","66":"5"},"7V":{"WP":"5","PQ":"5"},"5V":{"XW":"5","4M":"5"},"9W":{"44":"5","65":"5"},"2R":{"WW":"5","7P":"5"},"3X":{"HG":"5","P9":"5"},"6V":{"8X":"5","8W":"5","9W":"5"},"4X":{"M8":"5","V2":"5"},"6W":{"54":"5","72":"5","53":"5","M6":"5"}},"Q9":{"8X":{"96":"5","95":"5","86":"5","85":"5"},"2X":{"8Q":"5"},"JX":{"9M":"5","7W":"5","7X":"5","8V":"5","5J":"5","7Q":"5"}},"WG":{"GJ":{"J2":"5"}},"RR":{"WP":{"CH":"5"}},"HQ":{"2W":{"53":"5"}},"2J":{"M7":{"XH":"5"},"X9":{"FX":"5"}},"69":{"H7":{"XV":"5","XR":"5","XQ":"5"},"CW":{"HJ":"5","HP":"5","PM":"5","JP":"5","HQ":"5"},"9W":{"87":"5"},"G5":{"QF":"4","MJ":"5"},"J7":{"3P":"5"},"H8":{"V2":"5","V8":"5","W7":"5","V4":"5","X7":"5"}},"GC":{"V9":{"P6":"5"},"P2":{"G9":"5"},"C8":{"44":"5"},"88":{"C7":"5"},"43":{"X3":"5"},"P4":{"35":"5"},"2W":{"XJ":"5","WG":"5","XH":"5"},"98":{"G4":"5"}},"RG":{"XW":{"42":"5"},"9H":{"WR":"5"},"JV":{"GQ":"5","GV":"5","GP":"5","GM":"5"},"6X":{"C5":"5"},"CX":{"RM":"5"},"9J":{"W9":"5"},"JR":{"F7":"5"}},"FV":{"24":{"XV":"5"},"52":{"P8":"5","W7":"5|4","M8":"5","X3":"4","Q7":"5","R5":"5","X9":"5","X8":"5","W5":"5","V8":"5","M9":"5","V9":"5","JG":"5","P7":"5","WH":"5","PH":"5","J8":"5","P3":"5","W9":"5","VH":"5","W8":"5|4","QH":"5","QJ":"5","XF":"5","R3":"5","M7":"5","P6":"5","X7":"5","R4":"5","Q5":"5"},"62":{"25":"4","37":"5","39":"5","23":"4","59":"5","26":"5","29":"5","4C":"5","27":"5","28":"5","68":"5"},"34":{"PH":"5"}},"WV":{"47":{"HJ":"5","HM":"5","GM":"5","JR":"5"},"XW":{"PJ":"5"},"HW":{"4W":"5"},"FQ":{"2F":"5"}},"QJ":{"56":{"4H":"5","5M":"5","7W":"5","4M":"5","7V":"5","5Q":"5"}},"JX":{"F6":{"76":"5"},"5G":{"GC":"5","FC":"5","F9":"5"},"F5":{"4X":"5"}},"VR":{"5X":{"Q9":"5"},"HR":{"88":"5"},"VX":{"W7":"5","H2":"5"},"JP":{"H9":"5"},"H7":{"C8":"5","97":"5"},"3P":{"6W":"5"},"JQ":{"24":"5","22":"5","45":"5","55":"5"},"2W":{"H3":"5"},"7M":{"35":"5"},"RG":{"QM":"5"},"XC":{"6G":"5","6H":"5"},"4Q":{"Q4":"5"},"WX":{"29":"5"},"6Q":{"34":"5"},"P8":{"WX":"5"},"X4":{"7P":"5"},"FG":{"5F":"5"},"HP":{"MV":"5","PV":"5","JW":"5"},"HQ":{"M8":"5","X3":"5","H3":"5","72":"5","G3":"5","F2":"5","G6":"5","75":"5","58":"5","P4":"5","J6":"5","R6":"5","59":"5","H4":"5"}},"H8":{"6H":{"CV":"5"},"XQ":{"MC":"5"}},"9Q":{"62":{"93":"5","92":"5"},"GG":{"P2":"5"},"GF":{"PX":"5"},"C4":{"QJ":"5"}},"JH":{"J3":{"3Q":"5"},"FP":{"2W":"5"}},"MQ":{"9M":{"JC":"5","GR":"5"},"8J":{"GC":"5","FG":"5"},"3P":{"PQ":"5"},"9P":{"37":"5","H5":"5","89":"5","JM":"5","X9":"5"}},"VC":{"2V":{"QF":"5","VG":"5","CP":"5","89":"5","9G":"5"},"8H":{"V4":"5"},"5R":{"83":"5"},"3F":{"CJ":"5"},"VF":{"7C":"5"},"QF":{"5Q":"5"},"2W":{"9X":"5"},"2F":{"83":"5","3R":"5"},"3Q":{"X3":"5"},"4Q":{"C3":"5"},"WR":{"4H":"5"},"6F":{"5P":"5","CC":"5","5Q":"5"},"2R":{"37":"5"},"6G":{"QG":"5","VC":"5","PC":"5","QF":"5","RC":"5","RG":"5","QC":"5","RF":"5"},"7G":{"8X":"5","R4":"5","8W":"5"},"6R":{"5R":"5"},"9H":{"7C":"5","25":"5"},"HW":{"9M":"5"},"9P":{"6G":"5"},"2P":{"7G":"5","8F":"5","9F":"5"},"FG":{"4V":"5"},"9Q":{"J9":"5"}},"HH":{"2Q":{"P9":"5","W9":"5","V8":"5","PC":"5","VF":"5","XF":"5"},"2V":{"W5":"5"},"2X":{"X6":"5","X2":"5"},"5W":{"9G":"5"},"3X":{"8X":"5","23":"5","5X":"5","4P":"5"},"3V":{"3Q":"5","5V":"5"},"5V":{"G4":"5","7F":"5","C9":"5"},"2W":{"RM":"5","RV":"5","QJ":"5","VM":"5","VJ":"5","WW":"5","RP":"5","VQ":"5","PW":"5","WV":"5","XW":"5","XV":"5","WR":"5","RJ":"5","XX":"5","VR":"5","PM":"5","CR":"5","XQ":"5","QX":"5","WP":"5","WX":"5","VW":"5","XR":"5","PV":"5","WM":"5","VX":"5","QW":"5","PQ":"5","RW":"5","PP":"5","QP":"5","XP":"5","XJ":"5","RQ":"5","WQ":"5","WJ":"5","QQ":"5","VV":"5","QV":"5","PR":"5","RR":"5","QM":"5","VP":"5","RX":"5","XM":"5","PX":"5","QR":"5","QG":"5"},"3W":{"2J":"5","2V":"5","2Q":"5","3P":"5","2W":"5","3W":"5","3Q":"5","3J":"5","5W":"5","2X":"5","2R":"5","6R":"5","3M":"5","2M":"5","2P":"5","3R":"5"}},"6P":{"X9":{"WW":"4"}},"H9":{"FH":{"53":"5"},"PR":{"6P":"5"},"69":{"MR":"5"},"7C":{"23":"5","95":"5","96":"5","8F":"5","C3":"5","44":"5","6F":"5","73":"5","72":"5","97":"5","99":"5","C2":"5","65":"5","8G":"5","CF":"5","92":"5","89":"5","75":"5","79":"5","9H":"5","74":"5","9G":"5","69":"5","94":"5","9C":"5","7F":"5","85":"5","CC":"5","F3":"5","93":"5","CG":"5","6C":"5","86":"5"},"MJ":{"7G":"5"},"79":{"8X":"5","CX":"5","7X":"5","7V":"5","3F":"5","7R":"5","9X":"5"},"H6":{"Q9":"5"}},"4P":{"64":{"V5":"5","V4":"5"}},"48":{"6C":{"9G":"5"}},"MF":{"XJ":{"CF":"5"},"24":{"M5":"5"},"RH":{"RF":"5"},"RG":{"G9":"5"},"R2":{"96":"5"},"VH":{"RP":"5"},"27":{"52":"5"}},"RX":{"4F":{"23":"5"},"27":{"49":"5","5C":"5"},"MQ":{"8J":"5","8H":"5","5R":"5","2W":"5","8Q":"5","9R":"5","HH":"5","FJ":"5"},"8F":{"34":"5","39":"5"},"6H":{"W5":"5","V5":"5","V4":"5"},"QP":{"G3":"4"},"JR":{"X3":"5"},"MR":{"32":"5","24":"5","CM":"4","9V":"4","8V":"4"},"GJ":{"C6":"5"},"87":{"QV":"5"},"7C":{"R7":"5","R8":"5","Q7":"5"},"7R":{"8J":"5","8H":"5","7M":"5"},"5G":{"C7":"5","97":"5"},"H6":{"75":"5"},"GX":{"8R":"5"},"3J":{"F7":"5"},"35":{"M3":"5","MC":"5","P7":"5"},"69":{"Q3":"5"},"HV":{"RX":"5"},"HH":{"9P":"5","9Q":"5"},"4C":{"43":"5","33":"5","3F":"5","54":"5","2P":"5","5P":"5","6H":"5","34":"5","2F":"5","44":"5","5F":"5","55":"5","5W":"5","3M":"5","5G":"5","4M":"5","45":"5","78":"5","4R":"5","6J":"5"},"3G":{"PQ":"5"},"3C":{"Q2":"5","WF":"5","M2":"5","X9":"5","VF":"5","7M":"5","P7":"5","MF":"5","P9":"5"},"W9":{"VP":"5"},"RF":{"RV":"5","VW":"5"},"68":{"PX":"5","MX":"5"},"8J":{"J3":"5","G2":"5"},"6C":{"XV":"5"}},"6C":{"PM":{"X6":"5","H2":"5","C9":"5","4J":"5"},"96":{"89":"5"},"RH":{"RJ":"5","HF":"5","6V":"5"},"QJ":{"FM":"5"},"JH":{"36":"5"},"VF":{"WF":"5"},"RG":{"XR":"5"},"VG":{"6F":"5","47":"5","J7":"5","2H":"5","79":"5"},"86":{"RC":"5","M4":"5","9G":"5"},"JG":{"6G":"5"},"GG":{"9G":"5"},"MM":{"VG":"5"},"MJ":{"5H":"5"},"QM":{"84":"5"}},"6F":{"8P":{"HJ":"5"}},"QH":{"9M":{"M8":"5","M9":"5","P9":"5","P7":"5"},"7C":{"MM":"5"},"8Q":{"V6":"5"}},"FF":{"XW":{"2H":"5"}},"RC":{"J9":{"98":"5"},"XR":{"XX":"5"},"FV":{"MG":"5"},"H8":{"48":"5"},"XH":{"3Q":"5","52":"5","34":"5","7F":"5","57":"5","65":"5","25":"5","C4":"5"},"WJ":{"QG":"5"},"P9":{"3H":"5"},"X9":{"78":"5","5W":"5","4G":"5","8C":"5","CC":"5","89":"5","7W":"5","6W":"5","4M":"5","6X":"5","3P":"5","3C":"5","5C":"5","7X":"5","3F":"5","2P":"5","2H":"5","4J":"5","H4":"5","79":"5","6V":"5","4P":"5"},"99":{"C7":"5"},"XG":{"9M":"5","7W":"5","9P":"5","5V":"5","8V":"5","6V":"5"},"XJ":{"4F":"5","8H":"5","3V":"5","3H":"5","5J":"5","3R":"5","4G":"5"},"VP":{"95":"5","F5":"5"},"VC":{"G4":"5","C2":"5"},"G9":{"2H":"5"},"V9":{"HP":"5","HQ":"5"},"WC":{"F8":"5","R4":"5"},"79":{"G7":"5","98":"5"},"WH":{"XJ":"5","9M":"5","W6":"5","96":"5","8M":"5","G6":"5","X5":"5","C9":"5"},"XC":{"MR":"5","FR":"5","4X":"5","GJ":"5","PV":"5","VX":"5","CW":"5","FV":"5","HP":"5","JX":"5","FG":"5","JP":"5","HX":"5","FF":"5"},"XP":{"QJ":"5"},"8X":{"62":"5"},"RM":{"XJ":"5"},"WM":{"PV":"5"},"J8":{"PG":"5","85":"5"},"W9":{"RW":"5","XX":"5","WH":"5","WF":"5"},"XF":{"VJ":"5","VH":"5","M5":"5","M4":"5"},"WX":{"QR":"5"},"WG":{"XG":"5","RC":"5"},"GW":{"QH":"5"}},"49":{"MX":{"MC":"5"},"HP":{"MJ":"5"},"XR":{"HH":"5"},"F4":{"PP":"5"}},"MG":{"85":{"96":"5"}},"G9":{"53":{"RV":"5"},"R8":{"WR":"5"},"PQ":{"G9":"5"},"9M":{"4G":"5"},"5G":{"F8":"5"},"45":{"RW":"5","PP":"5","PQ":"5","HP":"5"},"CX":{"PQ":"5"},"6G":{"MG":"5","J9":"5","PM":"5","MJ":"5","WJ":"5","X3":"5","M8":"5","RJ":"5","JF":"5","R5":"5","X9":"5","X8":"5","XG":"5","Q6":"5","RH":"5","M9":"5","W3":"5","QM":"5","JG":"5","P7":"5","VF":"5","V4":"5","JC":"5","VG":"5","WH":"5","XC":"5","VJ":"5","RM":"5","VH":"5","MH":"5","JJ":"5","QJ":"5","XF":"5","JH":"5","MM":"5","WF":"5","M7":"5","W4":"5","P6":"5","WG":"5","X7":"5","R4":"5","Q5":"5","RG":"5"},"7G":{"25":"5","33":"5","42":"5","43":"5","53":"5","2G":"5","23":"5","2C":"5","44":"5","63":"5","2F":"5","26":"5","62":"5","22":"5","52":"5","24":"5","32":"5","29":"5","54":"5","27":"5"},"CR":{"44":"5"},"46":{"Q4":"5"},"7F":{"5R":"5","2V":"5","3X":"5","3Q":"5","3W":"5","4V":"5","5W":"5","3V":"5","4X":"5","5X":"5","6X":"5","6W":"5","5V":"5","2X":"5","4W":"5","4R":"5","3R":"5","6R":"5","2W":"5","6V":"5","4Q":"5","5Q":"5"},"F2":{"5P":"5","5M":"5"}},"XH":{"25":{"7W":"5"},"Q6":{"4X":"5"},"VF":{"5W":"5"},"Q7":{"42":"5"},"RG":{"X5":"5","PG":"5"},"72":{"9V":"5","7W":"5","9X":"5","7V":"5","9W":"5","8W":"5","8V":"5","6W":"5"},"89":{"M8":"5"}},"XV":{"38":{"RH":"5","VH":"5","QG":"5","WH":"5","VF":"5","QF":"5","RG":"5","VG":"5","QC":"5","WG":"5","RF":"5"},"49":{"56":"5"},"48":{"6X":"5"},"7X":{"QV":"5"}},"QF":{"J5":{"62":"5","X6":"5"},"W6":{"JR":"5"},"G4":{"M3":"5","Q4":"5","Q5":"5","Q3":"5","P4":"5"},"Q6":{"C5":"5","74":"5","G8":"5","C6":"5"},"QF":{"RF":"5","XR":"5","Q8":"5"},"R7":{"P3":"5","M3":"5","H9":"5","G5":"5","Q9":"5","J5":"5","6H":"5","F8":"5","H6":"5","RJ":"5","H5":"5","F7":"5","M6":"5","F5":"5","F4":"5","MC":"5","8C":"5"},"FH":{"P8":"5"},"P5":{"8M":"5"},"R9":{"46":"5"},"G3":{"PR":"5"},"69":{"57":"5"},"F2":{"GR":"5"},"R8":{"9X":"5"},"6W":{"HR":"5","JR":"5"},"WJ":{"78":"5","88":"5","8F":"5","8C":"5","89":"5","9C":"5","7C":"5","87":"5","79":"5"},"GG":{"GH":"5"},"W7":{"JF":"5"},"V3":{"5P":"5"},"M5":{"26":"5"},"H2":{"7X":"5"},"Q9":{"WR":"5"},"R5":{"32":"5"},"H8":{"XF":"5"},"HH":{"QH":"5"},"6P":{"P7":"5"},"H4":{"RQ":"5"},"W8":{"J8":"5"},"C2":{"88":"5","76":"5","86":"5"},"4P":{"85":"5"}},"MW":{"QV":{"9P":"5"},"P7":{"2J":"5"}},"JQ":{"MP":{"Q6":"5"},"JC":{"M2":"5"},"XP":{"97":"5"}},"PW":{"54":{"7H":"5"},"XX":{"R3":"5"},"9J":{"7W":"5"}},"C9":{"FP":{"V8":"5"},"M2":{"8R":"5","P8":"5","PC":"5","J9":"4"},"G3":{"H7":"5","H3":"5","H5":"5","G6":"5","G2":"5","H6":"5"},"F6":{"4Q":"5"},"CC":{"CV":"5"},"F2":{"Q2":"4"},"CM":{"FJ":"5"},"PC":{"6G":"5"},"VF":{"3G":"5"},"G2":{"GQ":"5","5P":"4","5M":"4","7X":"5","FX":"5","7Q":"4"}},"MX":{"XX":{"FH":"5","GW":"5"},"5P":{"6R":"5"},"3R":{"8F":"5","6W":"5","6V":"5"},"JX":{"PM":"5"},"3P":{"H2":"5"},"3V":{"63":"5"},"3M":{"GP":"5"},"87":{"MH":"5"},"5Q":{"44":"5"}},"68":{"RF":{"MH":"5"}},"HW":{"V5":{"GX":"5","FV":"5","7V":"5"},"Q6":{"XG":"5","VG":"5"},"V6":{"82":"5","64":"5","63":"5","74":"5","95":"5","FP":"5","85":"5"},"R6":{"2J":"5","7G":"5"},"R5":{"Q3":"5"},"V3":{"W7":"5"},"R3":{"98":"5","R3":"5"},"W3":{"82":"5"},"M7":{"MG":"5"},"P8":{"62":"5"},"P7":{"4P":"5"}},"JJ":{"76":{"GM":"5"},"56":{"25":"5"},"67":{"HM":"5"},"J9":{"QW":"5"}},"JC":{"JM":{"H3":"5"},"4R":{"QH":"5"},"JF":{"QM":"5"},"JJ":{"7C":"5"}},"8P":{"QM":{"2W":"5"},"MV":{"XV":"5"},"PV":{"2X":"5"},"MW":{"W6":"5"},"PF":{"3X":"5"},"PM":{"WW":"5","XV":"5"},"PG":{"52":"5","74":"5"}},"PC":{"C8":{"H5":"5"},"PP":{"9R":"5"},"28":{"P6":"5"},"H8":{"GM":"5","HR":"5","CM":"5","VP":"5","FM":"5","CX":"5","CV":"5","GX":"5","HP":"5"},"59":{"69":"5","4V":"5","5G":"5","4R":"5","4P":"5"},"CM":{"32":"5","9H":"5","GF":"5"},"C6":{"4X":"5"},"6H":{"HP":"5","HC":"5","QJ":"5"},"V2":{"9R":"5"},"GP":{"MH":"5"},"73":{"CV":"5"},"QP":{"FX":"5"},"97":{"CC":"5","XP":"5"},"V8":{"M4":"5"},"87":{"H8":"5"},"7C":{"48":"5"},"9P":{"P6":"5"},"JC":{"WG":"5"},"H7":{"GW":"5"},"FG":{"88":"5"},"Q2":{"3G":"5","39":"5"},"C9":{"7J":"5"},"8H":{"3V":"5"},"9W":{"RJ":"5"},"MF":{"VJ":"5"},"5C":{"32":"5","22":"5","23":"5","C9":"5"},"H4":{"6P":"5"},"C7":{"47":"5","3C":"5","3F":"5"},"H9":{"MR":"5","7H":"5","94":"5"},"7H":{"35":"5","8C":"5","45":"5"}},"7P":{"57":{"XV":"5"}},"29":{"M3":{"FX":"5"},"V3":{"23":"5"},"M4":{"95":"5"},"R3":{"X6":"5"}},"WJ":{"72":{"88":"5"}},"JG":{"W4":{"WC":"5"}},"JV":{"WF":{"96":"5","76":"5"},"V5":{"7Q":"5","CP":"5","GM":"5","9Q":"5","9M":"5","7W":"5","CM":"5","HJ":"5","FP":"5","GP":"5","7P":"5","HM":"5","FJ":"5","FW":"5","GJ":"5","FR":"5","FM":"5","9V":"5","8Q":"5","CW":"5","7V":"5","CJ":"5","7X":"5","9P":"5","7R":"5","6X":"5","9R":"5","CR":"5","6W":"5","CV":"5","8V":"5","8R":"5","8P":"5","9W":"5","CQ":"5","8W":"5"},"XH":{"RG":"5","QH":"5","PJ":"5"},"V6":{"64":"5","63":"5","62":"5","72":"5","56":"5","73":"5"},"R6":{"J8":"5","J9":"5","9Q":"5"},"JH":{"Q5":"5"},"J5":{"5W":"5"},"R7":{"C2":"5"},"R4":{"CX":"5"},"C6":{"XJ":"5","W6":"5","XG":"5","CP":"5","W4":"5","GH":"5","XH":"5"},"FM":{"MP":"5","PQ":"5","QP":"5","MQ":"5","RM":"5"},"F6":{"2J":"5","37":"5","2F":"5","3F":"5","36":"5"},"6J":{"PX":"5","QW":"5","MX":"5","9H":"5"},"9H":{"WP":"5","WW":"5","WM":"5","WJ":"5","WX":"5"}},"CC":{"X9":{"CW":"5"},"VJ":{"V2":"5","W3":"5","V3":"5","V4":"5"},"5H":{"CJ":"5"},"P4":{"P6":"5","XX":"5"},"2F":{"R8":"5"},"H5":{"97":"5"},"VM":{"8J":"5","8Q":"5"},"P5":{"H8":"5"},"WR":{"FH":"5","VX":"5","JR":"5"},"F5":{"V4":"5","R3":"5"},"79":{"XM":"5","XP":"5"}},"VW":{"4X":{"CC":"5"},"5H":{"WP":"5"},"8F":{"8G":"5","8H":"5","9F":"5"},"GC":{"CG":"5"},"69":{"7W":"5"},"73":{"HJ":"5","CP":"5"},"XR":{"6F":"5"},"RR":{"VX":"5","WX":"5"},"XQ":{"MC":"5","JC":"5"}},"RV":{"VW":{"C4":"5"}},"MR":{"48":{"V7":"5","X6":"5","X8":"5","W8":"5"},"WC":{"CF":"5","WM":"5"}},"HX":{"XW":{"82":"5","95":"5","93":"5","83":"5","49":"5","F2":"5","4C":"5","C2":"5"},"HP":{"W6":"5"},"XV":{"GV":"5","CX":"5"},"5F":{"88":"5"},"JP":{"5F":"5","87":"5","FV":"5","39":"5","J7":"5","QF":"5","F8":"5","F3":"5","CG":"5","JM":"5","FM":"5","3J":"5","8M":"5","CF":"5","FF":"5","FG":"5","FJ":"5","65":"5","5M":"5"},"M4":{"F7":"5","G8":"5"},"79":{"5V":"5"}},"WF":{"8G":{"3C":"5"},"8F":{"GQ":"5"},"W3":{"PQ":"5"},"F5":{"JQ":"5"},"C4":{"P2":"5"}},"5X":{"7V":{"88":"4"}},"9P":{"6X":{"H4":"5","J7":"5","GF":"5","Q7":"5","W7":"4","8Q":"5","V7":"5","J9":"5","M8":"5","9X":"5","7V":"5","M6":"5","J4":"5","P5":"5","M7":"5","P8":"5","FF":"5","FG":"5","M5":"5"}},"5J":{"62":{"78":"5"},"HF":{"38":"5","2G":"5","4H":"5","5H":"5","8F":"5","8H":"5","7H":"5","MF":"5","9C":"5","4M":"5","5F":"5","4R":"5","3V":"5","58":"5","GH":"5","6M":"5","9G":"5","6P":"5","5J":"5","6C":"5","4J":"5","3G":"5","5Q":"5","6J":"5"},"GF":{"XC":"5"}},"RM":{"PP":{"82":"5","32":"5","72":"5"},"MP":{"V3":"5","WR":"5"},"QR":{"69":"5"},"PQ":{"P9":"5","H8":"5"},"MG":{"26":"5"},"PM":{"78":"5","4G":"5","3H":"5","22":"5","4R":"5","87":"5"},"RM":{"RG":"5","QG":"5","QF":"5","RF":"5"},"MM":{"M8":"5","V7":"5","M6":"5","RF":"5","Q9":"5","X7":"5"},"G9":{"22":"5"}},"VH":{"35":{"RM":"5","Q4":"5","H4":"5","R4":"5","F4":"5","3R":"5","65":"5"},"37":{"J5":"5"},"VR":{"33":"5","43":"5"},"PF":{"QQ":"5"},"45":{"63":"5","86":"5","CC":"5","33":"5","87":"5","4C":"5","C9":"5"},"55":{"4J":"5"},"26":{"82":"5","G4":"5","86":"5"},"6J":{"R4":"5"}},"XG":{"XP":{"87":"5"},"XR":{"2F":"5","8F":"5","2C":"5","3C":"5","VM":"5","9G":"5","3F":"5","9F":"5"},"WR":{"QG":"5","XG":"5","VG":"5","PF":"5","XF":"5","PG":"5"},"R5":{"4F":"5"},"QV":{"M2":"5"},"HQ":{"MH":"5","VG":"5","87":"5"}},"XJ":{"Q8":{"VH":"5"},"3M":{"75":"5"}},"VQ":{"WF":{"45":"5"},"M3":{"32":"5"},"M2":{"74":"5"},"V6":{"WV":"5"},"WC":{"RH":"5","MF":"5"},"RC":{"FG":"5","GF":"5"},"V7":{"F9":"5"},"MP":{"JG":"5","H9":"5","H8":"5"},"RV":{"FP":"5","PQ":"5","JW":"5","MG":"5"},"FC":{"C7":"5"},"PF":{"QQ":"5"},"6M":{"R8":"5"},"J2":{"WV":"5"},"HC":{"RX":"5"}},"HJ":{"32":{"52":"5","63":"5","64":"5","96":"5","MF":"5","53":"5","69":"5","73":"5","66":"5"},"22":{"48":"4"},"25":{"9M":"5","CG":"5","9J":"5","G7":"5","89":"5","CC":"5","FC":"5","F9":"5","FF":"5"}},"98":{"96":{"GG":"5","HH":"5"},"M7":{"5V":"5"},"G6":{"GP":"5","9P":"5"},"C6":{"XX":"5"},"C9":{"8Q":"5"},"MJ":{"9G":"5"}},"WR":{"2J":{"P8":"5"},"CF":{"W7":"5"},"HW":{"FV":"5","QP":"5","JX":"5","CM":"5","JR":"5","MX":"5","CW":"5","GX":"5","7X":"5","GR":"5"},"57":{"32":"5","43":"5"},"HX":{"M3":"5","P2":"5","G4":"5","H5":"5","G3":"5","V3":"5","G2":"5","J4":"5","H4":"5"},"HV":{"6V":"5"},"84":{"99":"5","98":"5"},"FF":{"5C":"5"}},"QX":{"9G":{"5H":"5","8H":"5","7H":"5","59":"5"},"HR":{"25":"5","33":"5","34":"5","42":"5","43":"5","26":"5","52":"5","24":"5","WG":"5"},"JP":{"VV":"5","FR":"5","HR":"5","5Q":"5","PR":"5","4R":"5","3V":"5","2W":"5","3W":"5","8Q":"5","4Q":"5","JR":"5","9R":"5","XR":"5","7Q":"5","VR":"5","6Q":"5","WR":"5","RV":"5","2X":"5","QV":"5","GR":"5","CR":"5","PV":"5","3R":"5","MR":"5","9Q":"5"},"PQ":{"35":"5","25":"5"},"Q7":{"XC":"5"},"XF":{"CV":"5"},"GW":{"P8":"5","PP":"5","PC":"5","PV":"5","PM":"5","P9":"5","PR":"5","P4":"5","PG":"5","PJ":"5","P7":"5","P2":"5","PH":"5","PQ":"5","P3":"5","PW":"5","PF":"5","P6":"5","PX":"5","P5":"5"},"MP":{"7Q":"5","CP":"5","PM":"5","9Q":"5","6Q":"5","FP":"5","GP":"5","HM":"5","8Q":"5","2R":"5","QM":"5","JM":"5","9P":"5","XP":"5","RM":"5","WM":"5","XM":"5","4R":"5","3R":"5","MM":"5","VM":"5","4Q":"5","5Q":"5","HP":"5"},"GX":{"P8":"5","PP":"5","PC":"5","PV":"5","PM":"5","P9":"5","PR":"5","P4":"5","PG":"5","PJ":"5","P7":"5","P2":"5","PH":"5","PQ":"5","P3":"5","PW":"5","PF":"5","P6":"5","PX":"5","P5":"5"},"GR":{"W7":"5","QV":"5","QG":"5","RC":"5","QP":"5","QR":"5","VC":"5","V8":"5","QX":"5","QM":"5","V9":"5","QF":"5","QQ":"5","RF":"5","W8":"5","QH":"5","QJ":"5","QW":"5","X7":"5","X6":"5"},"PP":{"5P":"5","29":"5","3P":"5","6Q":"5","2P":"5","7Q":"5","5Q":"5","4P":"5"},"4X":{"9X":"5"},"WV":{"PQ":"5"},"HP":{"XX":"5"},"HQ":{"P8":"5","9Q":"5","9M":"5","X3":"5","P9":"5","CM":"5","JF":"5","Q7":"5","R5":"5","FJ":"5","GJ":"5","Q6":"5","V5":"5","8Q":"5","M9":"5","W3":"5","JG":"5","5X":"5","7V":"5","CJ":"5","9P":"5","7R":"5","V4":"5","6X":"5","JC":"5","R6":"5","6W":"5","HH":"5","MC":"5","8R":"5","HG":"5","X2":"5","6V":"5","Q8":"5","W4":"5","GH":"5"},"C3":{"F3":"5"},"GV":{"PV":"5","QG":"5","Q7":"5","Q3":"5","PR":"5","QP":"5","QC":"5","Q6":"5","QM":"5","QF":"5","Q2":"5","PQ":"5","QQ":"5","QH":"5","QJ":"5","PW":"5","Q9":"5","Q8":"5","PX":"5","Q5":"5","Q4":"5"}},"FG":{"H9":{"GP":"5"}},"3C":{"P9":{"8M":"5"}},"CJ":{"W3":{"62":"5"}},"CG":{"MC":{"CW":"5","9X":"5"}},"8C":{"77":{"8X":"5","6W":"5"},"38":{"GX":"5","PV":"5"},"56":{"MV":"5"},"39":{"32":"5"},"78":{"GJ":"5","C2":"5"},"67":{"QC":"5"},"R4":{"7M":"5"},"C6":{"GP":"5"},"47":{"R9":"5","VR":"5","WM":"5"},"WG":{"FR":"5","8P":"5","CP":"5","9Q":"5"},"89":{"2V":"5","FQ":"5"},"F6":{"6F":"5"},"F4":{"XG":"5","XH":"5"},"C7":{"73":"5"},"8C":{"32":"5","F3":"5","F6":"5"}},"WC":{"RX":{"CX":"5"},"4G":{"94":"5"},"3F":{"RP":"5","9Q":"5","RQ":"5"},"RM":{"23":"5"},"3G":{"R4":"5"}},"RF":{"W8":{"84":"5"},"P6":{"5J":"5"},"F8":{"GQ":"5","J8":"5","4M":"5","7P":"5","J7":"5"},"H7":{"4G":"5","P8":"5"},"X2":{"W4":"5"},"G6":{"4R":"5","7J":"5"},"5X":{"H3":"5"},"F6":{"MC":"5","VR":"5","RF":"5","FC":"5","QP":"5","HV":"5"},"GF":{"Q3":"5","JH":"5"},"G9":{"V8":"5","C2":"5","Q6":"5","R6":"5","PQ":"5","R5":"5","PR":"5","QQ":"5","W7":"5","V7":"5","H6":"5","VM":"5","PV":"5","GJ":"5"},"J9":{"4P":"5","2W":"5","3Q":"5","2X":"5","7X":"5","6M":"5","5M":"5"},"CF":{"Q3":"5"},"C8":{"P9":"5","P8":"5","QV":"5","J7":"5"},"G7":{"83":"5","J9":"5","R3":"5"},"74":{"QV":"5"},"JC":{"2J":"5"},"HF":{"V5":"5","R5":"5"},"V7":{"FV":"5"},"J8":{"2G":"5"},"9P":{"R9":"5"},"4W":{"VV":"5"},"97":{"M3":"5","HW":"5","89":"5"},"9C":{"QG":"5","RF":"5","W4":"5","V4":"5"},"H9":{"MG":"5","JW":"5","PP":"5","JV":"5","52":"5","43":"5","33":"5","76":"5","63":"5","27":"5","J2":"5","54":"5","6Q":"5","HM":"5","39":"5","77":"5","53":"5","GR":"5","P4":"5","55":"5","92":"5","VQ":"5","75":"5","66":"5","82":"5","74":"5","98":"5","83":"5","M2":"5","42":"5","PH":"5","32":"5","78":"5","8P":"5","25":"5","84":"5","58":"5","64":"5","85":"5","MM":"5","68":"5","M4":"5","VX":"5","WX":"5","F8":"5","H9":"5","GW":"5"},"7C":{"VV":"5"},"7P":{"48":"5"},"CC":{"2F":"5"},"57":{"WR":"5"},"53":{"32":"5","42":"5"},"H6":{"W9":"5"},"FF":{"9M":"5","78":"5","XV":"5"},"X8":{"C5":"5"},"F9":{"C7":"5","JP":"5","HX":"5"},"G3":{"RV":"5"},"7M":{"CJ":"5"},"75":{"WG":"5"},"82":{"GJ":"5"},"77":{"H5":"5"},"9J":{"4W":"5"},"CG":{"6G":"5","58":"5"},"GC":{"QW":"5","W5":"5","Q2":"5","4M":"5","V6":"5","W7":"5","V7":"5","W8":"5","V4":"5","RF":"5","3M":"5","HW":"5","X4":"5","V2":"5","QM":"5","W9":"5"},"QQ":{"4M":"5"},"G8":{"FV":"5","W7":"5","7J":"5","X9":"5","7P":"5","FJ":"5","W5":"5","VQ":"5","7X":"5","6P":"5","XX":"5","WR":"5","RP":"5","VM":"5","5C":"5","W6":"5","P6":"5","X7":"5","7H":"5"},"FC":{"H2":"5","84":"5"},"78":{"GF":"5"},"99":{"GP":"5"},"64":{"V2":"5"},"JG":{"Q2":"5"},"MH":{"Q2":"5"},"8C":{"2Q":"5"},"MG":{"HV":"5"},"HC":{"FM":"5","RX":"5","F3":"5","3H":"5","P8":"5","W7":"5","QX":"5","45":"5"},"H8":{"6G":"5","28":"5","9Q":"5","5R":"5","9X":"5","59":"5","7W":"5","FH":"5","3Q":"5","3W":"5","9V":"5","5W":"5","4X":"5","G9":"5","JX":"5","8Q":"5","29":"5","CW":"5","CJ":"5","7X":"5","6X":"5","6W":"5","WH":"5","CV":"5","69":"5","FG":"5","HW":"5","MX":"5","4W":"5","5M":"5","9W":"5","3R":"5","6R":"5","PX":"5","5Q":"5","3P":"5"},"J7":{"J9":"5"},"69":{"8P":"5"},"5Q":{"3X":"5"},"52":{"4X":"5","3X":"5"},"5W":{"CV":"5"}},"GV":{"C8":{"2X":"5"},"F8":{"GQ":"5","FQ":"5","HP":"5","GR":"5"},"G8":{"35":"5"}},"PG":{"F3":{"2X":"5","3X":"5"},"C3":{"XX":"5"},"GC":{"M7":"5","P7":"5","GF":"5"},"F4":{"32":"5","22":"5"},"H8":{"R3":"5"},"GF":{"H7":"5"}},"P9":{"VQ":{"GV":"5"},"59":{"46":"5","56":"5"},"WX":{"2P":"5","4J":"5"},"VR":{"98":"5"},"5C":{"QG":"5"},"2M":{"MM":"5"},"MH":{"9W":"5","FG":"5","9P":"5","FF":"5","9Q":"5"}},"5G":{"QP":{"X6":"5"},"RQ":{"3W":"5"}},"J9":{"34":{"M6":"5"},"XH":{"8W":"5"},"GM":{"J6":"5","J7":"5"},"G8":{"72":"5"},"8X":{"8X":"5","HX":"5","MJ":"5"},"WC":{"7P":"5"},"J7":{"J8":"5"},"R3":{"J5":"5"},"CP":{"2F":"5"},"F8":{"XJ":"5","V9":"5","WH":"5","XM":"5","WJ":"5","VF":"5","XH":"5"},"X3":{"5C":"5","6R":"5"},"V7":{"8C":"5"},"7Q":{"PJ":"5","H6":"5"},"57":{"PV":"5"},"M7":{"5P":"5"},"CC":{"R5":"5"},"F9":{"29":"5","Q2":"5","5R":"5"},"CF":{"87":"5"},"9P":{"XF":"5"},"GJ":{"HX":"5","GW":"5"},"R2":{"PV":"5"},"J8":{"G9":"5"},"HX":{"XP":"5","XQ":"5"},"2H":{"Q6":"5"}},"XF":{"RG":{"VX":"5"},"V7":{"QF":"5"},"VH":{"5W":"5"},"PG":{"R3":"5"},"WG":{"44":"5","33":"5"},"X7":{"8P":"5","5G":"5"},"X8":{"9Q":"5"}},"GH":{"P5":{"HG":"5","GH":"5"},"V8":{"6F":"5"},"X6":{"GF":"5"},"WC":{"HH":"5"},"MG":{"RX":"5"},"36":{"GF":"5"},"XH":{"QF":"5","RF":"5","PF":"5"}},"9C":{"49":{"5V":"5"},"WF":{"35":"5"}},"RJ":{"CQ":{"V4":"5"},"HV":{"PJ":"5"}},"HR":{"WH":{"8C":"5"}},"FJ":{"FP":{"WR":"5"}},"VM":{"5W":{"V7":"5","W7":"5"},"GW":{"9X":"5"}},"F8":{"PQ":{"5M":"5"},"MW":{"R7":"5","WG":"5"},"44":{"5X":"4"},"CV":{"C5":"5","G4":"5","G7":"5","9P":"5","JW":"5","G5":"5","GW":"5","C4":"5"},"CF":{"5J":"5"},"C7":{"38":"5","66":"5"},"PW":{"49":"5","5F":"5","37":"5","38":"5","4F":"5","4H":"5","3C":"5","2G":"5","39":"5","2F":"5","59":"5","47":"5","48":"5","3H":"5","5C":"5","4C":"5","3G":"5"},"W9":{"C3":"5"}},"XP":{"5X":{"M6":"5"}},"8F":{"G5":{"5R":"5"}},"PR":{"86":{"RV":"5","RR":"5"},"Q9":{"8W":"5"}},"QW":{"64":{"46":"5"},"GF":{"24":"5"},"X3":{"QP":"5"},"2X":{"2C":"5"},"MM":{"WV":"5"},"4C":{"CF":"5"},"FF":{"QQ":"5"},"8C":{"X8":"5","W8":"5"}},"XQ":{"49":{"94":"5"},"4F":{"F7":"5","VF":"5","W2":"5"},"2G":{"Q3":"5","96":"5","87":"5","76":"5","63":"5","84":"5","F8":"5","8Q":"5","C6":"5","C8":"5","47":"5","P8":"5","X6":"5","F4":"5","82":"5","F9":"5","94":"5","8C":"5"},"76":{"93":"5","H3":"5","FG":"5","77":"5","45":"5","C2":"5"},"3F":{"GV":"5","R7":"5","MC":"5","V7":"5","JX":"5","FX":"5","FF":"5"},"2W":{"35":"5","C3":"5","25":"5"},"6H":{"GV":"5","GR":"5"},"2F":{"GX":"5"},"3W":{"54":"5"},"8W":{"29":"5"},"JV":{"4G":"5","59":"5"},"75":{"CP":"5","JV":"5","GW":"5"},"3G":{"34":"5","5P":"5","83":"5","64":"5","67":"5","84":"5","74":"5","F7":"5","85":"5","73":"5","C3":"5"}},"QR":{"GF":{"J5":"5","F8":"5"}},"JW":{"2J":{"4X":"5","CV":"5","FQ":"5","GP":"5","7X":"5","5X":"5","4W":"5"},"F3":{"RJ":"5","RM":"5","VP":"5"},"G3":{"W5":"5","V5":"5","R9":"5","RM":"5","Q6":"5","W4":"5","X7":"5","Q5":"5","R8":"5","Q9":"5","RC":"5","W7":"5","W8":"5","W3":"5","P2":"5","RJ":"5","WG":"5","FC":"5","XG":"5"},"2M":{"52":"5","63":"5","72":"5","53":"5","FC":"5","28":"5"},"C4":{"WF":"5"}},"99":{"72":{"3W":"5"},"55":{"79":"5"}},"6M":{"P3":{"R2":"5"}},"FR":{"4X":{"RR":"5"},"5V":{"X9":"5"},"5X":{"VR":"5","MQ":"5"}},"PM":{"WF":{"PQ":"5"}},"M9":{"9G":{"X2":"5"},"G8":{"92":"5","C4":"5","F6":"5","F5":"5","C5":"5","93":"5","C3":"5"},"JH":{"3C":"5"},"R5":{"VW":"5"},"92":{"MR":"5","JQ":"5","MQ":"5","JP":"5","JR":"5"},"23":{"F5":"5"},"CQ":{"GM":"5"},"2W":{"M2":"5","F2":"5"},"9V":{"H9":"5","VX":"5","XV":"5","WQ":"5","XF":"5","H8":"5","VW":"5"},"F3":{"35":"5","27":"5"},"WW":{"QF":"5"},"22":{"7R":"5"},"72":{"63":"5","73":"5","75":"5","QC":"5"},"CV":{"6W":"5","9X":"5"},"7G":{"4F":"5","4J":"5"},"CF":{"35":"5"},"93":{"52":"5"},"4X":{"38":"5"},"F2":{"CF":"5","FH":"5"}},"GJ":{"XC":{"FW":"5","J7":"5","HG":"5","J5":"5","9F":"5","CG":"5","5C":"5","CF":"5","GJ":"5","FF":"5","FG":"5"},"WH":{"RQ":"5"},"WW":{"37":"5","2F":"5","29":"5","28":"5","27":"5"},"WF":{"W3":"5"},"WQ":{"J5":"5","F4":"5","H8":"5","H4":"5"},"V8":{"J5":"5"},"WJ":{"X4":"5"},"VW":{"XF":"5"}},"XC":{"RH":{"3C":"5"},"88":{"XH":"5"},"7G":{"H2":"5","84":"5"},"MC":{"WF":"5"},"WQ":{"H5":"5"},"8W":{"HH":"5"},"CR":{"XM":"5"},"VQ":{"99":"5"},"7J":{"WH":"5","WG":"5"},"9Q":{"2P":"5"}},"6G":{"CW":{"4M":"5","4J":"5"}},"HG":{"3Q":{"8C":"5","CM":"5","CH":"5","9P":"5","87":"5"},"3R":{"HG":"5","JG":"5","6X":"5","9G":"5"},"3V":{"52":"5","62":"5","53":"5","43":"5"}},"59":{"VR":{"5W":"5","4R":"5"},"CC":{"5C":"5","59":"5"},"CP":{"JP":"5"},"CJ":{"P5":"5","P4":"5"},"98":{"GF":"5"}},"WP":{"MW":{"58":"5"},"7X":{"VJ":"5","WF":"5","RF":"5"},"2R":{"WQ":"5"}},"XX":{"69":{"4R":"5"},"VM":{"47":"5"}},"VG":{"46":{"MH":"5","PJ":"5","PH":"5","QJ":"5"},"FM":{"9P":"5"},"GV":{"H2":"5"},"8F":{"8G":"5","9F":"5"},"53":{"FP":"5","FQ":"5","W4":"5"},"GR":{"9P":"5","CR":"5"},"WJ":{"2M":"5"},"JJ":{"86":"5","85":"5"},"9G":{"VJ":"5","WM":"5","WJ":"5","VM":"5"},"6C":{"X8":"5"}},"6J":{"4F":{"P5":"5"},"4G":{"M9":"5","P9":"5","PC":"5","PF":"5","Q7":"5"},"2C":{"HF":"5"},"6G":{"44":"5","34":"5","4M":"5","3P":"5"},"5G":{"2G":"5","QG":"5","HR":"5","XX":"5","RX":"5","QV":"5","GM":"5","6C":"5"},"6H":{"3H":"5"}},"WX":{"87":{"JM":"5","PF":"5","RQ":"5"},"H3":{"49":"5","2J":"5","4F":"5","2C":"5","2F":"5","3M":"5","29":"5","36":"5","4C":"5","46":"5","7F":"5","2H":"5","27":"5"},"83":{"85":"5"},"23":{"GM":"5"},"97":{"4W":"5","HR":"5","CQ":"5","3V":"5","9V":"5","GP":"5","HV":"5","9W":"5","2R":"5","3R":"5"},"86":{"JW":"5"},"G3":{"XC":"5","XG":"5","R8":"5","V8":"5","X9":"5"},"48":{"FX":"4"},"7C":{"RW":"5","VW":"5"},"3H":{"9C":"5"},"75":{"RV":"5"},"QR":{"QW":"5","VQ":"5","RQ":"5","RR":"5","PQ":"5","PR":"5","QP":"5","MW":"5","QQ":"5","JQ":"5","JR":"5","MQ":"5","VR":"5","RV":"5","QV":"5","PP":"5","PV":"5","QR":"5","PW":"5","MV":"5","MR":"5"},"7F":{"8C":"5","5F":"5","JH":"5","J6":"5","C9":"5"},"C7":{"P2":"5","7C":"5","7V":"5"},"98":{"68":"5","GC":"5","4C":"5","RM":"5"},"8C":{"3C":"4"}},"VV":{"9G":{"9C":"5"},"8P":{"P2":"5","R2":"5","W4":"5","R3":"5"},"X3":{"HJ":"5"},"R4":{"2Q":"5"},"7V":{"XV":"5"},"8M":{"PX":"5"},"48":{"8C":"5"},"2X":{"VH":"5"},"8V":{"2V":"5","6M":"5","5X":"5"},"98":{"H7":"5","96":"5","C4":"5"}},"FQ":{"72":{"9G":"5","8Q":"5","9F":"5"},"53":{"WX":"5"},"73":{"C5":"5","C8":"5","96":"5","F8":"5","F7":"4","86":"5","F6":"5","C6":"5"}},"9F":{"9W":{"86":"5"},"7F":{"C5":"5"}},"J8":{"VV":{"74":"5","73":"5"},"PM":{"XC":"5","XG":"5","XF":"5","X9":"5"},"5P":{"QV":"5"},"GM":{"F4":"5"},"XV":{"C3":"5","F2":"5","75":"5","C2":"5","C4":"5"},"6H":{"3X":"5"},"XF":{"4Q":"5"},"XR":{"MR":"5","GX":"5","HW":"5","X6":"5","FX":"5"},"C8":{"2P":"5"},"VR":{"VQ":"5"},"WR":{"FQ":"5"},"6J":{"46":"5"},"WV":{"V5":"5"},"HC":{"79":"5"},"QM":{"3C":"5","2G":"5","2C":"5","3F":"5","2F":"5","29":"5","3G":"5"}},"37":{"7H":{"3C":"4"}},"QC":{"FJ":{"CG":"5","FH":"5","FG":"5"},"3P":{"95":"5","FF":"5"},"GR":{"JM":"5","JP":"5","FX":"5"},"FH":{"2X":"5","MQ":"5","2W":"5"},"HQ":{"RW":"5","QW":"5","Q7":"5"},"2J":{"3V":"5","3J":"5"},"8M":{"WG":"5"},"WF":{"88":"5"},"9W":{"PC":"5"},"3M":{"9M":"5","CM":"5","FJ":"5","9G":"5"},"GW":{"MH":"5","JG":"5","VG":"5","94":"5","C4":"5"},"2M":{"3R":"5"},"Q8":{"VW":"5"},"FR":{"RW":"5","QW":"5","RX":"5","GG":"5","QX":"5","QV":"5"},"GQ":{"6X":"5"},"6Q":{"C9":"5"},"26":{"CF":"5"},"HM":{"RX":"5"},"9P":{"2H":"5"},"GG":{"8H":"5"},"2V":{"QR":"5"},"J2":{"72":"5"},"FV":{"VW":"5"},"8Q":{"XV":"5"},"H3":{"75":"5"},"HW":{"6F":"5","8H":"5","F3":"5","6G":"5","7F":"5","5F":"5","7J":"5","59":"5"},"2P":{"GH":"5"},"QW":{"R9":"5"},"9V":{"6H":"5","8V":"5","7J":"5","4P":"5"},"CJ":{"M9":"5","PF":"5"},"7H":{"W8":"5"},"9M":{"F3":"5"},"HH":{"W6":"5","W7":"5","X7":"5","X8":"5","W8":"5"},"4P":{"6G":"5","JR":"5"},"2Q":{"66":"5","HR":"5","5Q":"5","76":"5","83":"5","GC":"5","78":"5","74":"5","F7":"5","FC":"5","F2":"5"},"7X":{"R5":"5"},"5R":{"M3":"5"},"JP":{"W6":"5","R8":"5","V6":"5"},"9J":{"5M":"5"},"65":{"M6":"5"},"64":{"CX":"5"},"GV":{"C5":"5","G6":"5","G5":"5","7J":"5"},"42":{"84":"5"},"J7":{"68":"5","67":"5","57":"5","58":"5"},"C6":{"P6":"5"}},"CM":{"HW":{"67":"5"},"8W":{"M3":"5","J3":"5","M4":"5"}},"GF":{"MR":{"QV":"5"},"M8":{"4W":"5"},"RH":{"Q2":"5"},"7M":{"F7":"5"},"Q3":{"7H":"5","7P":"5"},"GG":{"P5":"5"},"5V":{"FR":"5"},"JH":{"69":"5"},"FX":{"MG":"5"},"C9":{"XW":"5"},"JR":{"35":"5"}},"JP":{"29":{"47":"5"}},"XW":{"4J":{"37":"5"},"4M":{"J2":"5"},"3C":{"2J":"5"},"2C":{"XR":"5"},"3F":{"53":"5"},"X5":{"X9":"5"},"2H":{"39":"5"}},"HV":{"XG":{"7H":"5"},"8P":{"5F":"5","2J":"5","39":"5","3J":"5","48":"5","6J":"5","6G":"5","6R":"5","5J":"5","2M":"5","2H":"5","68":"5"},"XV":{"43":"5"},"V3":{"RP":"5"},"7P":{"MP":"5","MR":"5","R2":"5","PR":"5","PQ":"5","XV":"5","JM":"5","MQ":"5","VM":"5","JP":"5","X7":"5","XH":"5","X8":"5","MM":"5"},"VQ":{"XG":"5","XH":"5"},"WX":{"HX":"5"},"6P":{"7M":"4|5","6H":"5"},"7R":{"P9":"5","Q8":"5","6M":"5","Q9":"5"},"7Q":{"78":"5","R4":"5","9J":"5","9F":"5"},"4W":{"6F":"5","5C":"5","9G":"5","J7":"5"}},"PX":{"HR":{"CX":"5"},"VG":{"XC":"5"},"XP":{"99":"5","42":"5","8F":"5","9F":"5"},"W7":{"QW":"5"},"87":{"XR":"5"},"W8":{"C3":"5"}},"JR":{"8R":{"5M":"5","7P":"5","5Q":"5"},"JW":{"GW":"5"},"7V":{"W5":"5"}},"2H":{"2C":{"6V":"5"},"23":{"GJ":"5","GV":"5","6G":"5","GH":"5"}},"3F":{"6Q":{"W3":"5"}},"FP":{"5W":{"Q4":"5","P4":"5"},"6W":{"4G":"5"}},"4J":{"VQ":{"7Q":"5"}},"MC":{"4H":{"R3":"5"},"64":{"V4":"5"},"4G":{"FH":"5"},"H3":{"M3":"5"},"49":{"9C":"5"},"48":{"M5":"5"},"V5":{"5M":"5","4Q":"5","3G":"5","7R":"5"},"56":{"WF":"5"},"8W":{"C5":"5"},"57":{"JQ":"5"},"H2":{"FQ":"5","FW":"5","GR":"5","C9":"5","MM":"5"},"75":{"3J":"5"},"C6":{"4V":"5"},"7X":{"W7":"5","X9":"5"},"55":{"VR":"5"},"Q9":{"QV":"5"},"3F":{"X4":"5"},"X8":{"QX":"5"}},"WM":{"MC":{"53":"5"}},"PF":{"2J":{"94":"5"},"FH":{"7R":"5"},"X6":{"X4":"5"},"FJ":{"M6":"5","V6":"5"},"GH":{"R4":"5","FC":"5"},"3J":{"25":"5"},"JH":{"C8":"5"},"2H":{"9X":"5"},"HH":{"P6":"5"}},"MV":{"6F":{"RW":"5","HR":"5","RX":"5","QR":"5","QX":"5"},"62":{"XR":"5"},"XQ":{"FG":"5"}},"CF":{"XP":{"9J":"5"},"43":{"XW":"5"},"6R":{"6F":"5"}},"G8":{"4H":{"6F":"5","HW":"5","JW":"5","Q8":"5","HX":"5"},"9R":{"WX":"5"},"5P":{"PP":"5","PX":"5","WW":"5","MX":"5","MW":"5","PQ":"5","QP":"5"},"7P":{"7H":"5","7J":"5"},"6P":{"VM":"5"},"4J":{"64":"5","74":"5","JV":"4"},"5Q":{"M3":"5","J2":"5","4H":"5","P2":"5","V2":"5","H9":"5","R4":"5","P3":"5","J9":"5","HC":"5","H2":"5","PH":"5","R5":"5"}},"GM":{"RV":{"H6":"5"}},"4C":{"P2":{"43":"5"},"C7":{"3J":"5"}},"QQ":{"HM":{"55":"5"}},"WW":{"P3":{"H2":"5"},"QG":{"22":"5"},"3P":{"V8":"5","WC":"5","VC":"5","WG":"5"},"QF":{"2W":"5"},"PG":{"XG":"5","W5":"5","RP":"5","W7":"5","P4":"5","W8":"5"},"7W":{"J5":"5","44":"5","74":"5","F8":"5","H5":"5","F5":"5","F4":"5","82":"5","75":"5","M5":"5","F2":"5"},"CW":{"XC":"5","WF":"5","WC":"5","XH":"5"},"PF":{"RX":"5","WW":"5","QX":"5"},"HW":{"X9":"5"},"CF":{"X3":"5"},"6V":{"MX":"5","QX":"5","WX":"5"},"4V":{"HC":"5"},"HP":{"CV":"5","6R":"5","5R":"5"},"6W":{"R2":"5"}},"HC":{"PX":{"FR":"5","QR":"5"},"GJ":{"WH":"5"},"89":{"HH":"5"},"H4":{"76":"5","66":"5","39":"5"},"FF":{"JM":"5"}},"RP":{"8G":{"QW":"5","GQ":"5","PM":"5","J7":"5","9M":"5","9J":"5","QV":"5","6M":"5","PV":"5","QR":"5"},"7G":{"WF":"5","XF":"5"},"8H":{"Q3":"5"},"7M":{"7W":"5","6X":"5"},"4V":{"PF":"5"},"5R":{"98":"5"},"VW":{"48":"5"}},"F9":{"MG":{"HG":"5"},"M4":{"J8":"5"}},"WQ":{"RM":{"VR":"5"},"GR":{"Q4":"5"},"25":{"QP":"5"},"PG":{"HP":"5","3P":"5","7R":"5"},"HQ":{"CQ":"5"},"VG":{"Q7":"5"},"VM":{"5H":"5","25":"5"},"MQ":{"JM":"5"},"23":{"5J":"5"},"8M":{"VM":"5"},"GH":{"HJ":"5"},"37":{"QC":"5"},"WF":{"GX":"5"},"9G":{"M6":"5","2R":"5","2M":"5"},"JF":{"99":"5","F8":"5"},"C5":{"66":"5"},"JH":{"JJ":"5"},"RJ":{"4P":"5"},"XX":{"2C":"5"},"GQ":{"XX":"5"},"PM":{"PW":"5"},"JC":{"R5":"5"},"HF":{"HJ":"5"},"HM":{"95":"5","85":"5","94":"5","84":"5"},"8H":{"XC":"5","W5":"5","QF":"5","V7":"5","RF":"5","R8":"5","V8":"5","W7":"5","VF":"5","V6":"5","V4":"5","XF":"5","QC":"5"},"J8":{"4H":"5"},"HR":{"9G":"5","C9":"5","J6":"5","J7":"5","63":"5","84":"5","V4":"5","9J":"5","M8":"5","JG":"5","M7":"5","88":"5","FC":"5","9H":"5","J8":"5","75":"5","98":"5","8C":"5","MV":"5"},"24":{"HH":"5"},"CM":{"M8":"5"},"WM":{"JF":"5"},"JJ":{"52":"5","53":"5"},"WG":{"47":"5","J4":"5","94":"5","W2":"5"},"5P":{"M3":"5","J7":"5"},"9H":{"7W":"5"},"7H":{"HW":"5","JW":"5"},"MM":{"MR":"5","HR":"5","26":"5","WV":"5","25":"5"},"XF":{"RH":"5","8W":"5","XR":"5"},"JP":{"HR":"5","8X":"5","3X":"5","4J":"5"},"GC":{"8F":"5","GP":"5"},"JQ":{"8G":"5","R6":"5"},"GJ":{"RW":"5"},"HJ":{"5G":"5"},"JG":{"F3":"5","3H":"5"},"MP":{"54":"5","44":"5","75":"5","45":"5","55":"5"},"HG":{"F4":"5"},"MH":{"M2":"5","P8":"5"},"MG":{"PP":"5","RP":"5","PQ":"5","3P":"5","5C":"5","RQ":"5"},"VP":{"52":"5","73":"5"},"8G":{"XM":"5"},"JM":{"2C":"5"},"XG":{"23":"5"},"72":{"52":"5"},"3C":{"GG":"5"}},"PV":{"MQ":{"28":"5"},"G2":{"6F":"5","48":"5"}},"RQ":{"9C":{"59":"5","96":"5","C6":"5","3F":"5","J2":"5","F4":"5","2F":"5","49":"5","77":"5","97":"5","87":"5","F5":"5","2G":"5","G4":"5","69":"5","M2":"5","4C":"5","C5":"5","P2":"5","3C":"5","78":"5","H3":"5","68":"5","J3":"5","H4":"5"},"C9":{"J9":"5","P8":"5","X3":"5","M8":"5","3Q":"5","FF":"5","7J":"5","Q7":"5","R5":"5","W5":"5","8G":"5","Q6":"5","CF":"5","V5":"5","P7":"5","R6":"5","9G":"5","X4":"5","2Q":"5","4M":"5","J8":"5","5M":"5","8H":"5","6J":"5","HC":"5","FC":"5","GC":"5","4P":"5","W4":"5","CG":"5","7H":"5","H9":"5","6M":"5","3P":"5"},"4H":{"X8":"5","6C":"5","9C":"5","X9":"5","JC":"5","3C":"5","VC":"5","2G":"5","WC":"5","PC":"5","GC":"5","3F":"5","RC":"5","2F":"5","QC":"5","CC":"5","7C":"5","5C":"5","FC":"5","MC":"5","4C":"5","HC":"5","8C":"5","W9":"5"},"8F":{"54":"5","63":"5","35":"5","62":"5","44":"5","72":"5","53":"5","34":"5","26":"5","25":"5"},"G8":{"66":"5","H2":"5","38":"5","39":"5","76":"5","67":"5","F3":"5","86":"5","C4":"5","47":"5","95":"5","G3":"5","57":"5","48":"5","F4":"5","85":"5","G2":"5","29":"5","J2":"5","94":"5"},"J7":{"49":"5","39":"5","2C":"5","67":"5","58":"5","48":"5","29":"5","68":"5"},"VJ":{"8X":"5","MX":"5","MW":"5"},"H7":{"MJ":"5","QG":"5","HJ":"5","7J":"5","2P":"5","FJ":"5","GJ":"5","9J":"5","VC":"5","PG":"5","3M":"5","CJ":"5","WC":"5","VF":"5","XC":"5","4M":"5","PH":"5","5M":"5","MH":"5","5J":"5","JJ":"5","RF":"5","6J":"5","8J":"5","RG":"5","3P":"5"},"WP":{"47":"5","53":"5","67":"5","45":"5","66":"5"},"5H":{"37":"5","C2":"5","38":"5","56":"5","83":"5","84":"5","55":"5","74":"5","47":"5","93":"5","46":"5","75":"5","C3":"5","65":"5","28":"5","F2":"5"},"5G":{"RQ":"5","RP":"5","PR":"5","FX":"5","QQ":"5","VP":"5","GW":"5","JW":"5","VM":"5","JV":"5","GX":"5","WM":"5","HW":"5","XJ":"5","QR":"5","XM":"5","MV":"5","MR":"5"},"F8":{"WF":"5","5X":"5","X9":"5","QG":"5","PH":"5","WC":"5","QH":"5","CQ":"5","VF":"5","7W":"5","RG":"5","XC":"5","GP":"5","8R":"5","JM":"5","FQ":"5","9R":"5","5W":"5","7V":"5","HM":"5","RF":"5","8V":"5","MH":"5","FP":"5","CR":"5","4X":"5","MJ":"5","JJ":"5","HP":"5","6W":"5"},"VP":{"Q2":"5"},"9X":{"CH":"5"},"3J":{"R2":"5","R3":"5"},"G7":{"XQ":"5","QW":"5","XP":"5","RR":"5","MW":"5","JX":"5","WQ":"5","MX":"5","VR":"5","RV":"5","WR":"5","QV":"5","PW":"5"},"VM":{"H7":"5","M3":"5","J2":"5","35":"5","M2":"5","F4":"5","C2":"5","25":"5"},"6F":{"XX":"5","VX":"5","XW":"5","WX":"5"},"3H":{"VQ":"5","VV":"5","XH":"5","RX":"5","VX":"5","WH":"5","WP":"5","WQ":"5","VW":"5","VR":"5","WJ":"5","WM":"5","XG":"5"},"6G":{"C8":"5","2J":"5","J5":"5","M5":"5","V2":"5","Q3":"5","6F":"5","5F":"5","99":"5","P4":"5","3H":"5","G6":"5","7C":"5","H5":"5","89":"5","5G":"5","98":"5","H6":"5","F7":"5","2H":"5","P3":"5","4H":"5","R3":"5","R2":"5","8C":"5","M4":"5","G7":"5","6C":"5","F8":"5","4G":"5"},"F9":{"32":"5","42":"5","33":"5","23":"5"},"R2":{"F7":"5","C7":"5"},"7F":{"PC":"5","W7":"5","5R":"5","2V":"5","9M":"5","P9":"5","R8":"5","FH":"5","GG":"5","JF":"5","6Q":"5","7P":"5","9J":"5","V8":"5","3V":"5","CJ":"5","6P":"5","V7":"5","MC":"5","8M":"5","8P":"5","HG":"5","4R":"5","HF":"5","MF":"5","3R":"5","2W":"5","Q9":"5","CH":"5","W6":"5","R9":"5","5Q":"5","GH":"5","X6":"5"},"99":{"RW":"5","PX":"5","VV":"5","QW":"5","XR":"5","QX":"5","WR":"5","WV":"5","XQ":"5","VW":"5"},"8C":{"PP":"5","FV":"5","PM":"5","9X":"5","RJ":"5","MQ":"5","XG":"5","GR":"5","HR":"5","QM":"5","CW":"5","7X":"5","JQ":"5","WH":"5","CV":"5","VJ":"5","8X":"5","HQ":"5","MP":"5","VH":"5","QJ":"5","9W":"5","WG":"5","GV":"5"}},"HF":{"74":{"FQ":"5"},"37":{"QG":"5"},"W9":{"JP":"5"},"4W":{"4G":"5"},"3W":{"XM":"5","VQ":"5"}},"CH":{"8R":{"JQ":"5"}},"VF":{"52":{"4X":"5","5W":"5","4R":"5","5V":"5"},"62":{"CP":"5"},"49":{"QP":"5","MM":"5"},"68":{"RW":"5"},"GC":{"49":"5","37":"5","69":"5","66":"5","6C":"5","38":"5","56":"5","67":"5","55":"5","59":"5","45":"5","47":"5","58":"5","57":"5","48":"5","5C":"5","36":"5","4C":"5","46":"5","68":"5"},"77":{"8H":"5"},"28":{"48":"5","58":"5"},"5C":{"99":"5","C8":"5","F9":"5","C9":"5","65":"5","98":"5"},"V6":{"R3":"5"},"27":{"RV":"5"},"87":{"8C":"5"},"R6":{"PF":"5"},"59":{"Q5":"5"},"65":{"92":"5"},"79":{"9G":"5"},"97":{"FM":"5"}},"JF":{"99":{"PG":"5"},"H9":{"49":"5"},"R8":{"6F":"5"},"X6":{"GP":"5"},"JP":{"GC":"5"}},"88":{"V9":{"HJ":"5","HP":"5","JJ":"5","6M":"5","C4":"5"}},"QV":{"P6":{"JV":"5"},"P8":{"7F":"5"},"PC":{"FJ":"5"},"J4":{"78":"5"},"P7":{"RP":"5","QR":"5","QV":"5","QQ":"5","RQ":"5"}}}}