{"index":{"university,1|retail,2|tourism,3|wreck,4|historical,5|artsCulture,6|namedBuilding,7|water,8|wetland,9|park,10|beach,11|natureReserve,12|cemetery,13|trail,14":{}},"48":{"W8":{"JP":{"P2":"5"},"23":{"V3":"5","W2":"5"},"HV":{"4X":"5","2V":"5","2X":"5","3X":"5","3V":"5","2W":"5","4W":"5","3W":"5"},"C8":{"RH":"5","VH":"5"},"JW":{"WH":"5"},"7C":{"78":"5","68":"5"},"6X":{"XG":"5","WF":"5"},"FF":{"VR":"5"},"GV":{"XW":"5","WW":"5","XV":"5","XR":"5","WV":"5"}},"Q4":{"33":{"96":"5","F8":"5","93":"5","M2":"5","92":"5","Q3":"5"},"42":{"52":"5","42":"5","63":"5","62":"5","44":"5","53":"5","28":"5","3G":"5"},"C9":{"RM":"4"},"43":{"5F":"5","QX":"5","69":"5","6C":"5","7C":"5","6F":"5","5C":"5","79":"5"},"G5":{"J2":"5","H2":"5","G2":"5"},"PQ":{"88":"5"},"H4":{"M5":"5","6M":"5","6J":"5"},"G4":{"GX":"5","HW":"5","JX":"5","JW":"5","HX":"5","GW":"5"},"5G":{"37":"4"},"52":{"8W":"5"},"C8":{"5C":"4"},"32":{"GV":"5","QW":"5","HW":"5","XP":"5","PM":"5","HV":"5","6J":"5"},"HC":{"G3":"5","H4":"5"},"4G":{"PW":"4"}},"J3":{"RG":{"W6":"5","WF":"5","WC":"5","Q7":"5"},"5P":{"3V":"5","9G":"5","2W":"5","3W":"5"},"4Q":{"H3":"5"},"VC":{"FX":"5"},"3M":{"4F":"5","4G":"5"},"5Q":{"JH":"5"},"4P":{"VV":"5"}},"R9":{"MC":{"42":"4"},"WC":{"MC":"4"},"VF":{"XW":"4"}},"R8":{"8G":{"5H":"5","5P":"5","6W":"5","55":"5","59":"5"},"24":{"R9":"5"},"2F":{"G3":"5"},"8F":{"68":"5","69":"5","6Q":"5","66":"5","65":"5"},"8H":{"46":"5","43":"5"},"FJ":{"JJ":"5","JH":"5"},"7J":{"3C":"5"},"9F":{"V9":"5"}},"P3":{"6F":{"JW":"5"},"WP":{"F5":"5"},"MW":{"HX":"5"},"6G":{"Q4":"5","M4":"5"},"CX":{"9M":"5","CP":"5","JM":"5","CJ":"5","JF":"5","9J":"5","8V":"5"},"VP":{"4W":"5"},"9X":{"FJ":"5"},"RQ":{"M7":"5","J6":"5","R6":"5"},"H6":{"G3":"5"}},"Q2":{"6V":{"9Q":"5","9X":"5","9M":"5","F9":"5","9J":"5","9V":"5","G6":"5","CF":"5","G8":"5","9P":"5","9R":"5","9H":"5","H6":"5","9G":"5","9W":"5","CC":"5","FC":"5","G7":"5","CG":"5","F8":"5"},"RM":{"FP":"5"},"F8":{"HR":"5","H9":"5","H8":"5","J6":"5","J7":"5","HG":"5","HF":"5","J5":"5","HJ":"5","J3":"5","HV":"5","J4":"5","HH":"5","HM":"5","HW":"5","J2":"5","J8":"5","HC":"5","HP":"5","HX":"5","HQ":"5"},"G6":{"32":"5","24":"5","22":"5","23":"5"},"F6":{"V8":"5","PM":"5","QJ":"5","QG":"5","VC":"5","QH":"5","MW":"5","X5":"5","RC":"5","RG":"5","W7":"5","PJ":"5","W8":"5","MX":"5","V9":"5","MQ":"5","MP":"5","W6":"5","RF":"5","X6":"5","PP":"5","X4":"5","MV":"5","MR":"5"},"CF":{"PM":"5","QG":"5","X8":"5","FW":"5","VC":"5","PJ":"5","HR":"5","VF":"5","WC":"5","JQ":"5","HV":"5","JP":"5","HQ":"5","PH":"5","MP":"5","W9":"5","RF":"5","W8":"5","QH":"5","MM":"5","GV":"5","X7":"5","FX":"5","GW":"5","RG":"5"},"9G":{"VQ":"5","XP":"5","RR":"5","MW":"5","WP":"5","JX":"5","WQ":"5","MX":"5","VR":"5","RV":"5","QV":"5","PV":"5","PW":"5","HX":"5"},"GW":{"6F":"5"},"CV":{"GQ":"5","PM":"5","RP":"5","PH":"5","VJ":"5","PR":"5","VF":"5","JQ":"5","CJ":"5","MP":"5","MQ":"5","HH":"5","CV":"5","PF":"5","CR":"5","MF":"5","HP":"5","HQ":"5"},"FR":{"2M":"5"},"Q9":{"Q6":"5"},"CR":{"2G":"5","FJ":"5","3F":"5"},"8H":{"X9":"5","Q7":"5"},"WX":{"5P":"4","V7":"4","X6":"4","3G":"5","4P":"5"},"9P":{"MQ":"5"},"PH":{"P2":"5"},"XR":{"WX":"4"},"G4":{"M3":"5","GQ":"5","FW":"5","M2":"5","M4":"5","JC":"5","FX":"5","HG":"5","HJ":"5","GP":"5","J9":"5","M8":"5","GW":"5","JG":"5","M6":"5","M7":"5","HH":"5","HM":"5","GR":"5","J8":"5","M5":"5","JF":"5","HP":"5","GV":"5"},"CW":{"H5":"5"},"VX":{"MH":"5","XM":"5","WQ":"5","VQ":"5","VM":"5","VP":"5"},"PQ":{"7C":"5"},"9H":{"H2":"5","76":"5","F3":"5","86":"5","C4":"5","G3":"5","95":"5","85":"5","F4":"5","G2":"5","29":"5","94":"5"},"G2":{"MG":"5","MJ":"5","M8":"5","M5":"5","MQ":"5","M6":"5","MR":"5","P4":"5","M9":"5","MV":"5","MC":"5","P2":"5","MW":"5","MX":"5","MP":"5","P3":"5","MH":"5","MF":"5","MM":"5","M7":"5","P5":"5"},"FF":{"34":"5","43":"5","53":"5","44":"5","26":"5","62":"5","52":"5","36":"5","35":"5","27":"5"},"HH":{"52":"5"},"F9":{"GQ":"5","H2":"5","GM":"5","H3":"5","G5":"5","G8":"5","H4":"5","FX":"5","G9":"5","GH":"5","GC":"5","GF":"5","G4":"5","GP":"5","GW":"5","G7":"5","G6":"5","GG":"5","GX":"5","GR":"5","GJ":"5","GV":"5"},"G3":{"M3":"5","MG":"5","MJ":"5","M8":"5","M5":"5","MQ":"5","M6":"5","MR":"5","M9":"5","MV":"5","M2":"5","MC":"5","MW":"5","MX":"5","MP":"5","MH":"5","MF":"5","MM":"5","M7":"5","M4":"5"},"CG":{"95":"5","96":"5","2P":"5","2M":"5","C3":"5","6F":"5","5F":"5","F2":"5","C2":"5","88":"5","87":"5","4J":"5","3M":"5","79":"5","5G":"5","3J":"5","69":"5","94":"5","78":"5","4H":"5","C4":"5","5H":"5","6C":"5","86":"5"},"GC":{"QH":"5"},"F7":{"M3":"5","MG":"5","JW":"5","JV":"5","M8":"5","M5":"5","M6":"5","JR":"5","JX":"5","M9":"5","JG":"5","JM":"5","JQ":"5","JP":"5","M2":"5","MC":"5","JJ":"5","JH":"5","MF":"5","M7":"5","M4":"5"},"FC":{"CP":"5","9Q":"5","7W":"5","F9":"5","CM":"5","FH":"5","FF":"5","F4":"5","FJ":"5","F2":"5","FM":"5","F5":"5","7V":"5","7X":"5","6X":"5","9R":"5","8V":"5","F7":"5","FG":"5","8R":"5","F6":"5","FC":"5","F3":"5","F8":"5","CQ":"5"},"JX":{"53":"5"},"6X":{"49":"5","56":"5","3C":"5","39":"5","64":"5","3F":"5","63":"5","55":"5","72":"5","47":"5","57":"5","48":"5","73":"5","65":"5"},"G5":{"C8":"5","5R":"5","C6":"5","3X":"5","7J":"5","F4":"5","8F":"5","5P":"5","F2":"5","3W":"5","99":"5","4V":"5","7G":"5","8G":"5","6P":"5","98":"5","C5":"5","4W":"5","9C":"5","4R":"5","6J":"5","8C":"5","F3":"5","C7":"5","C4":"5","5Q":"5","7H":"5","6M":"5"},"JR":{"R4":"5"},"8J":{"W5":"5"},"QG":{"5F":"5"},"6W":{"95":"5","7W":"5","8F":"5","88":"5","8G":"5","87":"5","92":"5","8Q":"5","89":"5","7X":"5","8V":"5","94":"5","8R":"5","8M":"5","8P":"5","8H":"5","85":"5","8J":"5","8C":"5","93":"5","86":"5","8W":"5"}},"X9":{"99":{"R9":"5"},"X3":{"JV":"5","GR":"5","6W":"5"},"W4":{"X5":"5"},"X4":{"25":"5","33":"5","34":"5","42":"5","53":"5","64":"5","63":"5","26":"5","62":"5","52":"5","PF":"5","73":"5"},"39":{"62":"5"}},"X2":{"C3":{"9C":"5"},"XF":{"49":"5","MJ":"5"}},"V4":{"89":{"CR":"5"},"HV":{"QP":"5"},"79":{"Q6":"5"},"RQ":{"9F":"5"}},"W2":{"4X":{"V9":"5","J9":"5"},"XW":{"28":"5"},"F5":{"V8":"5"}},"M4":{"M8":{"MF":"5"},"96":{"56":"5"},"86":{"X6":"5"}},"XC":{"XR":{"QH":"5","GV":"5","F2":"5","RC":"5","R6":"5","59":"5"},"RV":{"W7":"5"},"W7":{"5G":"5"},"5R":{"MX":"4"},"9X":{"99":"4"},"RX":{"57":"5"},"WQ":{"RM":"5","X9":"5","VH":"5","QQ":"5","V9":"5","7V":"5","M7":"5"},"QR":{"P6":"5","Q6":"5","P5":"5","Q5":"5","R6":"5"},"VP":{"PV":"5","WW":"5","H6":"5"},"JX":{"VV":"5","VX":"5","XX":"5","RW":"5","XV":"5","WW":"5","XW":"5","WX":"5","VW":"5","WV":"5"},"XQ":{"7Q":"5","RV":"5","9F":"5","GM":"5","4F":"5","76":"5","96":"5","3F":"5","7J":"5","7M":"5","7P":"5","6F":"5","77":"5","99":"5","97":"5","88":"5","87":"5","CX":"5","29":"5","89":"5","75":"5","66":"5","79":"5","6P":"5","5G":"5","CR":"5","83":"4","6W":"5","9G":"5","69":"5","3G":"5","C9":"5","8M":"5","78":"5","4W":"5","9C":"5","8P":"5","8H":"5","58":"5","85":"5","CC":"5","FC":"5","8C":"5","4P":"5","6C":"5","FX":"5","4G":"5","6M":"5","3P":"5"},"JQ":{"6M":"5"},"WV":{"FG":"5"},"V7":{"WF":"5"},"V3":{"R2":"5"},"WR":{"VX":"5","67":"5"},"3G":{"V4":"5"},"XV":{"CW":"5"},"5V":{"MC":"4"},"RQ":{"8P":"5"},"MX":{"2X":"5","2W":"5"},"RR":{"MV":"5"},"6R":{"6F":"4","5F":"4"},"VM":{"5P":"5","JP":"5","RP":"5","6P":"5","6Q":"5","WJ":"5","PF":"5","6M":"5","HP":"5","QM":"5","7H":"5","5M":"5"},"WX":{"FP":"5"},"WP":{"3R":"5","3V":"5","2R":"5"}},"WF":{"W7":{"Q9":"4","J6":"5"},"V3":{"VJ":"5","RJ":"5"},"P4":{"32":"4"}},"Q8":{"Q4":{"XQ":"5"},"XF":{"48":"5"}},"R5":{"JF":{"FQ":"5","C9":"5"}},"M2":{"QG":{"68":"5"},"64":{"5P":"5","4J":"5","8X":"5","8H":"5","CP":"5","7W":"5","JM":"5","48":"5","8W":"5","GX":"5","7X":"5","FP":"5","FG":"5","7F":"5"},"JG":{"M2":"5"},"XW":{"J3":"5","H2":"5"},"6W":{"F7":"5","F6":"5","G7":"5","G6":"5","F5":"5","C4":"5"},"JF":{"FV":"5"},"55":{"RG":"5","RF":"5"},"65":{"56":"5"}},"X4":{"63":{"3P":"5","4J":"5"},"2F":{"WC":"5"},"83":{"5Q":"5"},"62":{"Q2":"5","M3":"5","WC":"5","Q7":"5","R4":"5","XC":"5","W8":"5"},"72":{"5G":"5","3G":"5"},"P9":{"WH":"5"},"92":{"HM":"5"},"23":{"5P":"5"},"43":{"29":"5"},"Q8":{"8W":"5"},"GH":{"GG":"5"},"Q9":{"32":"5"},"QC":{"8F":"5"}},"X5":{"HG":{"RF":"5","WJ":"5"},"JG":{"7F":"5","2P":"5"}},"X3":{"W6":{"45":"5"},"W5":{"5W":"5"},"6X":{"PR":"5","RM":"5"},"V6":{"J5":"5"},"J6":{"7X":"5"},"26":{"R6":"5"},"36":{"24":"5","34":"5","3F":"5"},"MM":{"4P":"5"},"25":{"PV":"5"}},"R7":{"8R":{"W3":"5"},"QJ":{"76":"5"}},"VC":{"W7":{"XC":"4"},"X2":{"GV":"4"}},"X6":{"49":{"P2":"5","M2":"5","R3":"5"},"37":{"4H":"5","2X":"5","4G":"5","3H":"5","5J":"5"},"38":{"23":"5","FV":"5","33":"5","9Q":"5","3Q":"5","2P":"5","2M":"5","44":"5","7P":"5","FW":"5","26":"5","8Q":"5","XX":"5","22":"5","GX":"5","2Q":"5","8P":"5","4R":"5","4Q":"5","GV":"5","5Q":"5"},"4F":{"37":"5","38":"5","2J":"5","53":"5","2G":"5","2C":"5","2F":"5","72":"5","45":"5","2M":"5","54":"5","2H":"5","28":"5"},"39":{"Q4":"5","G2":"5","W2":"5"},"3F":{"XQ":"5","VQ":"5","X8":"5","XP":"5","RQ":"5","X9":"5","PR":"5","FX":"5","QQ":"5","XC":"5","XF":"5","GW":"5","HV":"5","VR":"5","WR":"5","JV":"5","MV":"5","GV":"5","MR":"5"},"59":{"25":"5","4P":"5","38":"5","2V":"5","39":"5","2Q":"5","5H":"5","3F":"5","2W":"5","3Q":"5","26":"5","24":"5","2R":"5","5J":"5","3X":"5","3G":"5","4G":"5"},"26":{"2V":"5","3X":"5"},"48":{"GQ":"5","FR":"5","PX":"5","JQ":"5","7W":"5","3W":"5","GP":"5","5W":"5","CV":"5","2X":"5","8W":"5","3X":"5","HP":"5","6W":"5"},"5C":{"32":"5","8F":"5","8C":"5","89":"5","7F":"5","67":"5","57":"5","7C":"5","55":"5","6C":"5"},"4C":{"8X":"5","CX":"5","7X":"5","9X":"5"},"3G":{"G4":"5","F3":"5","F6":"5","F2":"5","C7":"5","G5":"5"},"27":{"96":"5","H9":"5","VH":"5","83":"5","WW":"5","C4":"5","WG":"5","CC":"5","WR":"5","C5":"5","HC":"5","JF":"5","C7":"5"},"28":{"WH":"5","VG":"5","WM":"5","VH":"5","X6":"5","WJ":"5","VF":"5","X7":"5"}},"J2":{"M2":{"R2":"5","P8":"5","P7":"5"},"C9":{"WF":"5"},"PQ":{"8J":"5"},"QP":{"CV":"5","FW":"5"},"MW":{"88":"5"},"JQ":{"FV":"5"},"JV":{"XC":"5","P6":"5"},"PW":{"37":"5"},"MV":{"56":"5","4F":"5","76":"5","PM":"5","MJ":"5","59":"5","M5":"5","M6":"5","R5":"5","49":"5","39":"5","77":"5","F2":"5","97":"5","P4":"5","57":"5","89":"5","P7":"5","66":"5","79":"5","9G":"5","4C":"5","MP":"5","8H":"5","67":"5","FC":"5","5C":"5","F3":"5","46":"5","5H":"5","GW":"5"},"MR":{"CW":"5","QR":"5","22":"5"}},"M5":{"38":{"G2":"4"},"78":{"HC":"5","FF":"5"},"C8":{"R5":"5"},"88":{"JF":"4"},"F8":{"46":"5"},"J7":{"VJ":"5","WJ":"5"}},"R6":{"VV":{"W8":"5"},"4F":{"Q5":"5","Q2":"5"}},"P2":{"RW":{"33":"5"},"GV":{"8W":"5"},"HM":{"X9":"5","WG":"5","X8":"5"},"WQ":{"XG":"5"},"XP":{"V9":"5","VJ":"5"},"QQ":{"2G":"5"}},"H3":{"F7":{"4H":"5"},"C7":{"W6":"5","WJ":"5","JM":"4","JP":"4","QC":"5"},"C9":{"J2":"4","PF":"5"}},"Q5":{"VQ":{"XW":"5","XP":"5"},"4W":{"29":"5"},"4P":{"3V":"5"},"HJ":{"22":"5"},"3V":{"H2":"5"},"4R":{"R3":"5","67":"5","3P":"5","F3":"5","PJ":"5","MJ":"5","JJ":"5","F2":"5"},"3Q":{"QW":"5","VX":"5","QX":"5","RR":"5","WV":"5"},"4Q":{"G3":"5","Q8":"5","RR":"5"},"WQ":{"4J":"5"},"7Q":{"8G":"5","FQ":"5","FC":"5","FW":"5","FX":"5","FF":"5"},"5V":{"F3":"5"},"9W":{"2M":"5"},"M7":{"6V":"5"},"2P":{"H2":"4"},"4V":{"3W":"5"},"7R":{"F2":"5"},"3R":{"Q2":"5","Q6":"5","RP":"5","PQ":"5","PG":"5","PJ":"5","V7":"5","VP":"5","V4":"5","P8":"5","PF":"5","FH":"5","PP":"5","XG":"5","V2":"5","QM":"5","W9":"5"}},"WC":{"J2":{"CQ":"5","FG":"5"},"69":{"2M":"4"}},"V8":{"9R":{"27":"5"},"QW":{"67":"5"},"8R":{"VG":"5","WF":"5","V8":"5"},"CH":{"RM":"5","QJ":"5"},"CJ":{"37":"5","R7":"5","23":"5","R6":"5","6C":"5"}},"V5":{"5H":{"CM":"4"}},"J4":{"37":{"6H":"5","P4":"5","M4":"5"},"2F":{"44":"5","53":"5","22":"5","25":"5"},"2C":{"99":"5","FC":"5","4R":"5","55":"5","98":"5"},"5F":{"3R":"5","9P":"5"},"3C":{"87":"5"},"36":{"5G":"5","3C":"5","3G":"5"}},"Q3":{"29":{"C5":"5"},"9F":{"FR":"5","XG":"5","5P":"5","P3":"5","M9":"5","RC":"5","XP":"5","F9":"5","6C":"5","QJ":"5"},"FH":{"54":"5","57":"5"},"93":{"33":"5"},"86":{"V5":"5","RQ":"5","X5":"5","XC":"5","WG":"5","6Q":"5","WJ":"5","X6":"5","J2":"5","XM":"5"},"H7":{"H9":"5","JC":"5","H8":"5","J6":"5","G8":"5","H7":"5","H6":"5","J9":"5","VM":"5","MG":"5","JF":"5"},"VM":{"J8":"4","X4":"4"},"4R":{"2F":"5"},"P5":{"H7":"4","H8":"4"},"8F":{"PX":"5","VV":"5","QW":"5","MW":"5","WJ":"5","QX":"5","QJ":"5","GW":"5"},"2J":{"CH":"5"},"G6":{"HR":"5","R8":"5","XR":"5","65":"5","XQ":"5"},"5G":{"PJ":"5","QQ":"5"},"P7":{"XV":"4","XR":"4","WX":"4","XQ":"4"},"5H":{"VX":"5","MJ":"5","W2":"5"},"F6":{"GX":"5","GP":"5","JW":"5"},"GF":{"MV":"5","J8":"5","RJ":"5","WQ":"5","JV":"5","9C":"5","HC":"5","JH":"5"},"G9":{"64":"5","CG":"5","QF":"5","FP":"5","62":"5","7M":"5","6Q":"5","26":"5","2P":"5","7J":"5"},"PF":{"3V":"4"},"CF":{"4H":"5","H8":"5","3C":"5","XX":"5","2C":"5","3F":"5","JQ":"5","2F":"5","72":"5","RJ":"5","JR":"5","VW":"5","X2":"5","PV":"5","2H":"5","MR":"5"},"8M":{"C3":"5"},"C8":{"V2":"5"},"RP":{"8W":"5","FX":"5","9X":"5","6V":"5"},"G7":{"64":"5","2X":"5","57":"5","94":"5"},"9G":{"9C":"5","2J":"5","HG":"5","CP":"5","9V":"5","HV":"5","5J":"5","6R":"5","6X":"5"},"85":{"78":"5"},"7F":{"HM":"5","M6":"5","CC":"5","JM":"5","QX":"5","JP":"5","9G":"5"},"79":{"RX":"5","V3":"5","V4":"5"},"R5":{"25":"4"},"C9":{"C5":"5","6F":"5","2X":"5","6C":"5"},"96":{"46":"5","47":"5","77":"5","26":"5","25":"5"},"HF":{"52":"5"},"4X":{"74":"5","M6":"5"},"8H":{"XJ":"5","J4":"5"},"GG":{"G5":"5","F5":"5"},"P8":{"PQ":"4"},"4W":{"QH":"5","WC":"5","X7":"5"},"XR":{"FF":"5"},"97":{"MR":"5","PJ":"5","XM":"5","PM":"5"},"J2":{"5M":"5"},"G4":{"W4":"5"},"88":{"QM":"5","G4":"5","RJ":"5","R3":"5"},"9C":{"37":"5","4P":"5","77":"5","5P":"5","7J":"5","5Q":"5","76":"5","6P":"5","X5":"5","7M":"5","W2":"5","WQ":"5","V9":"5","X2":"5","2M":"5","R2":"5","73":"5","V2":"5","79":"5","68":"5","5M":"5"},"P9":{"GF":"4"},"CM":{"MW":"4"},"H9":{"W8":"5"},"4V":{"MV":"5"},"H3":{"MR":"5"},"5J":{"F3":"5"},"7C":{"W4":"5"},"7P":{"HW":"5"},"5P":{"RC":"5","WC":"5","JF":"5","QC":"5"},"QW":{"WH":"4"},"CC":{"34":"5"},"9H":{"V8":"5","Q3":"5","Q4":"5","R8":"5","VJ":"5","83":"5","V3":"5","R3":"5","84":"5","72":"5","H5":"5","7V":"5","J4":"5","RV":"5","GX":"5","X6":"5","85":"5","GJ":"5","J8":"5","V2":"5"},"7J":{"P9":"5","PG":"5"},"33":{"93":"5","F3":"5","86":"5","C3":"5","C4":"5"},"CJ":{"4F":"5","76":"5","63":"5","3F":"5","7J":"5","7M":"5","34":"5","49":"5","73":"5","65":"5","92":"5","75":"5","74":"5","83":"5","22":"5","24":"5","25":"5","84":"5","64":"5","62":"5","93":"5","6C":"5"},"7H":{"VQ":"5"},"PC":{"C8":"4"},"9M":{"Q5":"5"},"4J":{"68":"5","59":"5"},"FF":{"2X":"5","X3":"5","H3":"5","V7":"5","G2":"5","58":"5","36":"5","59":"5"},"H4":{"4G":"5","65":"5"},"F9":{"WP":"5","X6":"5","W7":"5"},"6J":{"24":"5","C8":"5","7H":"5","F3":"5","28":"5","36":"5"},"XP":{"R3":"5"},"G3":{"RP":"5","VR":"5"},"Q7":{"38":"4","2Q":"4","2G":"4","2J":"4","3F":"4","2P":"4","2H":"4","39":"4"},"C7":{"88":"5","3J":"5"},"6P":{"MG":"5","CR":"5","8Q":"5","6C":"5"},"5F":{"WC":"5"},"XJ":{"CQ":"4"},"R2":{"9R":"5","PV":"5","PR":"5","VR":"5","MW":"5","PQ":"5","8W":"5","QC":"5","JR":"5"},"9J":{"W7":"5","WJ":"5","XH":"5","9M":"5","F9":"5","CM":"5","RJ":"5","QG":"5","HJ":"5","R5":"5","X8":"5","WQ":"5","QR":"5","7G":"5","VC":"5","RH":"5","CF":"5","V5":"5","M9":"5","QM":"5","CJ":"5","WC":"5","JC":"5","9H":"5","R6":"5","8V":"5","VJ":"5","Q2":"5","QQ":"5","J8":"5","W9":"5","5M":"5","MH":"5","W8":"5","RF":"5","QH":"5","QJ":"5","RP":"5","6R":"5","CC":"5","P6":"5","R9":"5","X7":"5","5Q":"5","GW":"5","RG":"5","6M":"5"},"65":{"58":"5","87":"5"},"CG":{"VQ":"5","34":"5","RX":"5","XX":"5","6P":"5","MW":"5","RG":"5","XF":"5","CJ":"5","H6":"5","FQ":"5","WX":"5","5W":"5","X2":"5","QV":"5","JV":"5","3H":"5","6M":"5","FP":"5","CR":"5","6X":"5"},"3J":{"MC":"5","JC":"5","M9":"5","P8":"5","R5":"5"},"GC":{"QG":"5","QH":"5","34":"5","3W":"5"},"92":{"VX":"5"},"4Q":{"RP":"5"},"F7":{"P5":"5","4Q":"5","J6":"5","XQ":"5"},"G8":{"32":"5","5W":"5","33":"5","WX":"5"},"MF":{"8R":"4","WQ":"4"},"FC":{"PV":"5","29":"5","GR":"5","3V":"5"},"99":{"2J":"5","XX":"5","RX":"5","8P":"5","GW":"5"},"FG":{"3X":"5","7M":"5","XF":"5","2W":"5","3W":"5"},"M6":{"52":"5","34":"5"},"8C":{"CQ":"5","XX":"5","QQ":"5"},"MG":{"G4":"4"},"67":{"XX":"5"},"89":{"69":"5","XH":"5","WP":"5","78":"5","X5":"5","QF":"5","F3":"5","6G":"5","3X":"5","G2":"5"},"HC":{"FW":"4","H9":"5","HR":"4","JP":"4","R5":"5","5R":"5","G9":"5","X3":"4","W3":"4","M6":"5","X2":"4","PF":"4","MC":"5","MH":"4","FF":"5","HC":"5","M5":"5"},"7G":{"62":"5","Q2":"5","JP":"5"},"8G":{"FX":"5","GC":"5","59":"5","J3":"5","CM":"5","V9":"5","JG":"5","MG":"5","HM":"5","6F":"5","FF":"5"},"CH":{"52":"5","GM":"5","9Q":"5","9X":"5","MJ":"5","F9":"5","HJ":"5","FF":"5","M6":"5","6Q":"5","GP":"5","HM":"5","FJ":"5","FW":"5","GJ":"5","GR":"5","FR":"5","FM":"5","VR":"4|5","G8":"5","H5":"5","8Q":"5","PJ":"5","GQ":"5","V9":"5","75":"5","9H":"5","74":"5","JQ":"5","8V":"5","HH":"5","H7":"5","Q2":"5","2H":"5","HQ":"5","8M":"5","HG":"5","MH":"5","FC":"5","HP":"5","6M":"5"},"94":{"F4":"5"},"R3":{"74":"5","F3":"5"},"95":{"6C":"5"},"3X":{"XQ":"5"},"8J":{"QG":"5","GQ":"5","64":"5","CM":"5","CJ":"5","PM":"5","JP":"5"},"J7":{"HV":"5"},"87":{"P6":"5","MF":"5"},"6R":{"58":"5","QC":"5"},"5Q":{"FF":"5"},"3C":{"33":"5"},"6H":{"3C":"5","2G":"5","39":"5","8G":"5","5W":"5","5V":"5","24":"5","6V":"5","3R":"5"}},"H4":{"WF":{"54":"5","64":"5","44":"5","53":"5","X6":"5","43":"5"},"X7":{"RQ":"5"},"VC":{"R4":"5"},"WC":{"69":"5"},"XC":{"XW":"5","R9":"5","RC":"5","JW":"5"},"XF":{"V5":"5","76":"5","GC":"5","67":"5","26":"5","V4":"5","MG":"5","6J":"5","P8":"5","MF":"5","P9":"5"},"P5":{"G8":"5","HC":"5","MG":"5","C6":"5","J6":"5","H6":"5"}},"X8":{"54":{"Q5":"5"},"53":{"PW":"5"},"3H":{"W9":"5"},"RC":{"MG":"5"},"FG":{"R4":"5","V5":"5","Q3":"5","V4":"5","R5":"5"}},"Q7":{"33":{"M3":"5","P2":"5","FH":"5","62":"5","28":"5"},"87":{"6Q":"5"},"42":{"3W":"5"},"53":{"XH":"5"},"23":{"Q6":"4","V5":"5","X7":"5"},"63":{"4H":"5","5H":"5","4G":"5","57":"5"},"22":{"XG":"5","XF":"5","XH":"5"},"32":{"XP":"5","2G":"5","JH":"5","PR":"5","QP":"5","QQ":"5","HJ":"5","9V":"5","HH":"5","PV":"5","JJ":"5","2H":"5","MR":"5"}},"XF":{"49":{"9R":"4"},"GM":{"VR":"4"},"M2":{"22":"5","23":"5"},"JP":{"8C":"4"},"XV":{"R8":"5"},"QQ":{"WP":"5"},"F8":{"V7":"4"},"CJ":{"PG":"4"},"MP":{"2P":"4"},"GG":{"6F":"5","5F":"5","5C":"5","6C":"5"},"VR":{"25":"5"},"J2":{"X3":"5","W2":"5","X2":"5"}},"W7":{"5P":{"XV":"5"},"7J":{"V8":"5","RC":"5"},"H8":{"2F":"5","72":"5","53":"5","34":"5","29":"5","43":"5","36":"5"},"5Q":{"M7":"5","5W":"5","CJ":"5"},"G8":{"XG":"5","WH":"5","WJ":"5","XF":"5"},"8H":{"CH":"5","5X":"5"},"H4":{"XJ":"5","WP":"5","JQ":"5","JV":"5","WJ":"5","RR":"5","FX":"5","XH":"5","GW":"5"},"6P":{"C7":"5"},"MW":{"F2":"5","Q7":"5","C2":"5"},"H7":{"9G":"5","6P":"5","8G":"5","F3":"5","7P":"5","CG":"5","CC":"5","6Q":"5","F6":"5","F5":"5","6J":"5","6R":"5","F4":"5","7X":"5","6M":"5","6V":"5","C7":"5","6W":"5","7H":"5","F2":"5"},"GC":{"Q6":"5","JC":"5","M9":"5","8H":"5","9F":"5","Q7":"5","V7":"5","M8":"5","5W":"5","9H":"5","P7":"5","4V":"5","4X":"5","FF":"5"},"GF":{"32":"5","33":"5","23":"5"},"8G":{"XR":"5"},"4R":{"QG":"5"},"7M":{"48":"5"},"J3":{"95":"5","M8":"5","96":"5","W2":"5","C6":"5","R7":"5","Q7":"5","97":"5","W5":"5","87":"5","9V":"5","89":"5","W3":"5","P7":"5","CJ":"5","9P":"5","9R":"5","9H":"5","V7":"5","H7":"5","C5":"5","78":"5","J8":"5","F6":"5","8C":"5","CH":"5","W6":"5","W4":"5","CQ":"5","8W":"5"},"H6":{"FW":"5","FR":"5","87":"5","FX":"5","92":"5","CG":"5","86":"5","FQ":"5","GW":"5","FM":"5","CC":"5","GX":"5","FH":"5","85":"5","FP":"5","CF":"5","93":"5","FJ":"5","98":"5","94":"5"},"H5":{"56":"5","9Q":"5","7M":"5","65":"5","7G":"5","57":"5","9V":"5","CX":"5","7C":"5","92":"5","8Q":"5","CW":"5","66":"5","9R":"5","8P":"5","84":"5","58":"5","9W":"5","93":"5"},"JW":{"WW":"5"},"J4":{"C2":"5","87":"5","G5":"5","92":"5","2C":"5","78":"5","F3":"5","97":"5","F7":"5","F5":"5","C7":"5","98":"5","68":"5","F2":"5"},"6M":{"VJ":"5"},"J2":{"XX":"5","WW":"5","WX":"5"},"MV":{"CV":"5","FV":"5","9W":"5","9V":"5","FX":"5"}},"R2":{"5F":{"VX":"5"},"RM":{"XQ":"5"},"4M":{"XX":"4"},"2V":{"22":"4"},"5Q":{"W3":"4"},"8P":{"XX":"4"},"78":{"VR":"5"},"9F":{"56":"4"},"4Q":{"52":"4","36":"4"},"7Q":{"57":"4"},"C4":{"XJ":"5"},"88":{"9M":"5"},"6R":{"7G":"4"},"C5":{"5V":"5","2R":"5"},"7R":{"64":"4","3V":"5"}},"R4":{"P2":{"P4":"5"},"7F":{"WG":"5"},"X5":{"HH":"5"},"4J":{"GG":"5","GH":"5"}},"Q6":{"4P":{"PR":"5"},"66":{"JP":"5"},"83":{"6X":"5"},"64":{"CM":"5"},"JQ":{"FM":"5","C6":"5"},"P2":{"5V":"5","6V":"5"},"72":{"HR":"5","JQ":"5","JV":"5","GR":"5","JW":"5"},"5V":{"2W":"5"},"F4":{"4H":"5","3G":"5"},"4V":{"XC":"5","XW":"5"},"4X":{"77":"5"},"7F":{"WV":"5"},"65":{"86":"5","F6":"5","F5":"5"}},"V3":{"RH":{"PX":"5","QX":"5"},"GQ":{"G4":"5","48":"5","CH":"5","92":"5","89":"5","HC":"5","FF":"5","98":"5"},"RJ":{"P2":"5","R3":"5"},"QR":{"6R":"5"},"FQ":{"R9":"5","R8":"5","Q8":"5","Q9":"5"},"MW":{"M3":"5","MC":"5","M9":"5"},"VH":{"96":"5"},"GP":{"FX":"5"},"RR":{"W5":"5"},"R6":{"F7":"5"},"QV":{"H7":"5"},"J4":{"FH":"5","JC":"5","FJ":"5","GH":"5","C9":"5","FF":"5"},"HH":{"36":"5"},"2W":{"8P":"5"},"84":{"67":"5"}},"W9":{"M3":{"2V":"5"},"C9":{"4F":"5","4G":"5","68":"5","X5":"5","65":"5"},"H8":{"W9":"5"},"PQ":{"3Q":"5"},"J7":{"M4":"5","HH":"5"},"6P":{"XC":"5","W6":"5","QG":"5","W5":"5","W7":"5","X2":"5"},"7P":{"27":"5"},"86":{"W3":"5"},"J9":{"M8":"5"},"9X":{"9M":"5"},"45":{"QH":"5"},"C4":{"X4":"5"},"6Q":{"MF":"5","W7":"5","VC":"5","QC":"5"},"6J":{"VV":"5","FW":"5","HX":"5","GW":"5"},"6R":{"GC":"4"},"MC":{"MM":"5"},"6M":{"M3":"5","C2":"5","Q6":"5","J6":"5","H4":"5","J5":"5","G4":"5","J3":"5","GP":"5","CG":"5","P6":"5","H6":"5","FQ":"5","H5":"5","J4":"5","FP":"5","C3":"5"},"J8":{"4H":"5","6F":"5","2F":"5","37":"5","8C":"5","2C":"5","3C":"5","3M":"5","27":"5","26":"5","36":"5","98":"5"},"C3":{"6W":"5"}},"W3":{"9G":{"J2":"5","85":"5","84":"5","C2":"5","QJ":"5"},"9F":{"PM":"5","FR":"5","CQ":"5","9V":"5","GW":"5","MP":"5","CX":"5","CV":"5","GX":"5","HW":"5","CR":"5","JJ":"5","GV":"5"},"JX":{"5F":"5","8P":"5","2Q":"5","3F":"5","2W":"5","9V":"5","7W":"5","7P":"5","8Q":"5","XR":"5","3J":"5","7Q":"5","9W":"5","CC":"5","CV":"5","6F":"5","3H":"5","3M":"5","2M":"5","C5":"5","7R":"5","XM":"5"},"4Q":{"GR":"5"},"MX":{"XV":"5"},"FH":{"GW":"5"},"HW":{"V6":"5"},"6X":{"J6":"5"},"PV":{"JR":"5"},"HX":{"WP":"5","XW":"5","VR":"5","XP":"5","H2":"5","VM":"5","RQ":"5"}},"62":{"XX":{"XX":"5"}},"X7":{"CP":{"PV":"5"},"28":{"8G":"5"},"7J":{"W2":"5"},"GP":{"38":"5"},"Q3":{"4H":"5","2H":"5","4J":"5"},"FW":{"P6":"5","2C":"5"},"GR":{"66":"5"},"9J":{"CX":"5"},"FR":{"CQ":"5"},"CW":{"46":"5"},"CV":{"3M":"5","2M":"5"},"XP":{"CQ":"5","JV":"5"},"8X":{"88":"5","V4":"5"},"HQ":{"28":"5"},"P3":{"XJ":"5","V7":"5"},"MM":{"6G":"5","9Q":"5","7J":"5","7M":"5","8F":"5","5P":"5","6H":"5","7P":"5","6F":"5","5F":"5","7G":"5","8G":"5","4J":"5","8Q":"5","9P":"5","6P":"5","5G":"5","4M":"5","5V":"5","8M":"5","8P":"5","5M":"5","8H":"5","7F":"5","5J":"5","4H":"5","6J":"5","8C":"5","5H":"5","5Q":"5","6C":"5","7H":"5","4G":"5","6M":"5"},"CH":{"GW":"5"},"GV":{"35":"5"},"WP":{"PH":"5"},"CQ":{"9M":"5"}},"W4":{"J2":{"J2":"5","H3":"5","43":"5","VM":"5","6Q":"5","84":"5"},"P2":{"XG":"5","PM":"5"},"G4":{"C8":"5","C7":"5"},"H3":{"P4":"5"},"92":{"P8":"5"},"H2":{"X2":"5"},"X4":{"W5":"5"},"WX":{"25":"5"}},"W6":{"4G":{"FJ":"5"},"72":{"J3":"5","JC":"5","GG":"5","PG":"5","XH":"5"},"X6":{"M3":"5","M7":"5","RM":"5"},"W4":{"QM":"5","MJ":"5","GF":"5"},"X4":{"3V":"5","4W":"5"},"X5":{"FM":"5","49":"5","48":"5","MW":"5","57":"5","43":"5","4C":"5","59":"5"},"R6":{"C5":"5"}},"V9":{"XX":{"P4":"5","M4":"5"},"RR":{"CX":"5"},"RW":{"2H":"4","7J":"4"},"WW":{"MP":"4"},"XW":{"82":"5","92":"5"},"MP":{"95":"4"},"WR":{"3Q":"5","GM":"5"},"WV":{"WF":"5"}},"J5":{"X4":{"F5":"5"}},"V2":{"RJ":{"G2":"5"},"JF":{"89":"5"},"7J":{"H3":"5"},"H6":{"X2":"5"}},"P4":{"24":{"MW":"5"},"WF":{"P2":"5"},"PQ":{"HF":"5","GG":"5"},"QP":{"3C":"5","6J":"5"},"C2":{"CP":"5"}},"R3":{"XC":{"PX":"5"},"VJ":{"W8":"4"},"MV":{"FQ":"5"},"2J":{"66":"4"},"5H":{"RF":"5"},"QW":{"WQ":"5"},"FQ":{"HG":"5"},"JM":{"5J":"5"},"6H":{"4H":"5"},"XF":{"H7":"5","MC":"5","MW":"5","RR":"5","QV":"5","RQ":"5"}},"XG":{"X3":{"Q2":"4"}},"72":{"2X":{"2X":"5"},"5V":{"JX":"4"}}}}