{"index":{"university,1|retail,2|tourism,3|wreck,4|historical,5|artsCulture,6|namedBuilding,7|water,8|wetland,9|park,10|beach,11|natureReserve,12|cemetery,13|trail,14":{}},"4F":{"RW":{"JV":{"8W":"5"},"4F":{"8P":"5","JP":"4","8Q":"5"},"2J":{"92":"5"},"59":{"XC":"5","VF":"5"},"3X":{"HC":"5"},"3F":{"53":"5","83":"5","2C":"5","5H":"5","84":"5","59":"5","58":"5","82":"5","93":"5","C3":"5"},"FF":{"VC":"5"},"2F":{"P3":"5","RH":"5","H8":"5","R6":"5","X5":"5","RC":"5","W8":"5","P2":"5","X2":"5","XG":"5","79":"5"},"V2":{"VM":"4"},"6F":{"M3":"5","P3":"5","V7":"5","Q3":"5","M4":"5"},"39":{"CV":"5","3P":"5","3M":"5","VW":"5"},"5F":{"GC":"4"},"3V":{"74":"5","67":"5","75":"5","6C":"5"},"4X":{"QM":"5","RP":"5"},"29":{"C8":"5","96":"4","84":"4","9Q":"5","3W":"5"},"7X":{"48":"5","69":"5","36":"5"},"2G":{"FF":"5"},"6W":{"MV":"5","MR":"5"},"3J":{"9R":"5","R6":"5"},"69":{"2C":"5"},"2H":{"H8":"5"},"4C":{"25":"4"},"3C":{"9C":"5","96":"5","H9":"5","M9":"5","X7":"5","VC":"5","JH":"5","64":"5","G9":"5","HF":"5","GH":"5","GC":"5","H7":"5","4R":"5","3P":"5","9F":"5","W7":"5","F8":"5","59":"5","J9":"5","9J":"5","V9":"5","JG":"5","C8":"5","GG":"5","9W":"5","58":"5","FC":"5","FH":"5","F9":"5","29":"5","CR":"5","FF":"5","FG":"5","JF":"5","6W":"5","2H":"5"},"R3":{"XM":"4"},"2W":{"MF":"5","HF":"5","HC":"5"},"8C":{"7V":"5"},"2C":{"FR":"5","6H":"5"}},"QW":{"WF":{"R7":"5","V7":"5","R8":"5","V8":"5"},"V8":{"2F":"5"},"X9":{"28":"5"},"VC":{"5H":"5"},"MW":{"2H":"5"},"VF":{"R7":"5","Q8":"5"},"RC":{"4G":"5","HJ":"4","6G":"5","4V":"5","4M":"5","GF":"5","FF":"5"},"XC":{"C8":"5","68":"5","W8":"5"},"W8":{"VX":"5"},"QC":{"RW":"5","QW":"5","XW":"5"},"VW":{"6Q":"5","6R":"5"},"RV":{"Q9":"5"},"WJ":{"P6":"5","H8":"5"},"PF":{"93":"5","25":"5"},"WV":{"FR":"5","FQ":"5"},"MF":{"V6":"5","3G":"5"},"JF":{"VF":"5","WR":"5"},"XM":{"89":"5"},"W9":{"V7":"5"},"P9":{"GH":"4","8Q":"4"}},"VX":{"RQ":{"6V":"5","5R":"5"},"W4":{"MG":"5"},"M2":{"74":"5"},"C6":{"78":"5"},"H5":{"CM":"5"},"MQ":{"C3":"5"},"F6":{"6G":"5"},"QV":{"6H":"5","6J":"5"},"JV":{"74":"5"},"PV":{"MH":"5","MG":"5"},"C7":{"RH":"5","RG":"5"}},"RX":{"8R":{"M2":"5"},"FC":{"6H":"5"},"92":{"53":"5"},"9C":{"4V":"5"},"73":{"4H":"5"},"P4":{"7Q":"5"},"M4":{"G9":"5"},"HQ":{"HC":"5"},"H8":{"G8":"5"},"H6":{"24":"5","33":"5"}},"XV":{"RW":{"XP":"5"},"M7":{"3H":"4","PC":"4"},"WJ":{"HW":"5","JW":"5"},"CX":{"VG":"5"},"VC":{"J7":"5","H6":"5"},"VP":{"43":"5"}},"QX":{"XJ":{"27":"5"},"CQ":{"55":"5"},"5X":{"F9":"5"}},"WX":{"H4":{"6V":"5"}},"VW":{"24":{"V9":"5","Q6":"5"},"XG":{"V7":"5"},"VX":{"7R":"5"}}}}