{"index":{"university,1|retail,2|tourism,3|wreck,4|historical,5|artsCulture,6|namedBuilding,7|water,8|wetland,9|park,10|beach,11|natureReserve,12|cemetery,13|trail,14":{}},"4G":{"R8":{"GR":{"3V":"5"},"MG":{"PF":"5","J9":"5"},"7J":{"JF":"5"}},"V6":{"QG":{"99":"5","9P":"5","2M":"5","5J":"5","JR":"5","7Q":"5"},"MG":{"WX":"5"},"7C":{"RM":"5","RH":"5","VH":"5","QJ":"5","RP":"5","QH":"5","VJ":"5","VP":"5","RJ":"5","VM":"5","QM":"5"},"PH":{"82":"5"},"PG":{"WH":"5","PR":"5"},"J7":{"QV":"5"},"H4":{"6G":"5"}},"R7":{"5F":{"WM":"5"},"2J":{"FR":"5","QF":"5","MC":"5","M6":"5","Q5":"5","MG":"5","P4":"5"},"3C":{"2V":"5","3V":"5"},"2G":{"56":"5"},"2C":{"VX":"5"},"J5":{"45":"5"},"78":{"V3":"5"},"7C":{"FF":"5"},"6F":{"36":"5"},"3H":{"VX":"5","VM":"5","VP":"5"},"2M":{"C3":"5","79":"5","C4":"5"},"46":{"W8":"5"},"2H":{"VV":"5","HW":"5","CP":"5","WR":"5"},"28":{"72":"5"}},"Q7":{"XG":{"5M":"5"},"XM":{"RC":"5","GP":"5"}},"R5":{"45":{"QF":"5"}},"X9":{"W8":{"66":"5","H9":"5","J7":"5","GF":"5","74":"5","J9":"5","FH":"5","J8":"5","FG":"5","75":"5","FJ":"5"},"RM":{"HR":"5","WH":"5","JQ":"5","GR":"5","HQ":"5"},"MX":{"HG":"5","JG":"5","WW":"5","GR":"5","CJ":"5","WX":"5","MJ":"5","C4":"5"},"GR":{"X3":"5","M7":"5","H3":"5","VG":"5","W4":"5","VF":"5","H2":"5","V4":"5","X4":"5","GM":"5"},"RV":{"9W":"5"},"66":{"24":"5"},"MC":{"PC":"5","WJ":"5","P9":"5","M5":"5","RJ":"5","J2":"5","W5":"5","H2":"5","V5":"5","W3":"5","J4":"5","V4":"5","WH":"5","X5":"5","VJ":"5","M2":"5","RM":"5","MP":"5","XF":"5","R3":"5","MM":"5","Q9":"5","J3":"5","M4":"5","W4":"5","R4":"5"},"HP":{"WF":"5","V5":"5","J6":"5","4J":"5","QJ":"5","X7":"5","VC":"5","2G":"5","39":"5","WC":"5","2Q":"5","X5":"5","VF":"5","W7":"5","W2":"5","XC":"5","W3":"5","22":"5","JR":"5","3J":"5","W6":"5","6Q":"5","5J":"5","7X":"5","3M":"5","6M":"5","X4":"5","2P":"5","R2":"5","2H":"5","5M":"5","MR":"5"},"PG":{"WP":"5","HJ":"5","JP":"5","GM":"5"},"QJ":{"FP":"5","FH":"5","8P":"5","CH":"5","9P":"5","FJ":"5","9Q":"5"},"RC":{"RW":"5","MV":"5","PW":"5","RX":"5","CV":"5","FV":"5","JW":"5","VQ":"5","GW":"5"},"VG":{"M8":"5","P5":"5","M9":"5","6Q":"5","6P":"5"},"HQ":{"56":"5","4M":"5","3C":"5","FV":"5","VJ":"5","5R":"5","WP":"5","3F":"5","9V":"5","86":"5","7Q":"5","45":"5","47":"5","CW":"5","9W":"5","57":"5","CV":"5","WJ":"5","WM":"5","94":"5"},"VM":{"76":"5","86":"5","77":"5","87":"5"},"GP":{"XQ":"5","GM":"5","QG":"5","5G":"5","FM":"5","XR":"5","FH":"5","82":"5","XJ":"5","GJ":"5","FJ":"5"},"MQ":{"GX":"5","GV":"5","GR":"5","5C":"5","43":"5","GW":"5"},"X9":{"Q4":"5","Q7":"5"},"WW":{"HX":"5"},"VJ":{"H7":"5","FH":"5","69":"5","CH":"5","6C":"5"},"RF":{"6G":"5","96":"5","C6":"5","V6":"5","R5":"5","3W":"5","97":"5","7G":"5","87":"5","V9":"5","WC":"5","V4":"5","VG":"5","QF":"5","WH":"5","XP":"5","8X":"5","WM":"5","XM":"5","VH":"5","R3":"5","P6":"5","WG":"5","R4":"5","Q4":"5","WP":"5","8W":"5"},"PF":{"37":"5","M2":"5","M4":"5","26":"5","X3":"5","J4":"5","27":"5"},"RP":{"9H":"5","CX":"5","55":"5","65":"5","FF":"5"},"XC":{"2F":"5","48":"5","2R":"5","2P":"5"},"9R":{"QH":"5","PJ":"5","PF":"5","PH":"5","PG":"5"},"VQ":{"RW":"5","VJ":"5","R7":"5","RX":"5","R9":"5","R8":"5","VM":"5","FX":"5","WG":"5"},"GX":{"XC":"5","FQ":"5","RF":"5","6W":"5","9V":"5","8Q":"5","2W":"5","3W":"5"},"WF":{"P2":"5","P3":"5","22":"5","W7":"5","X5":"5"},"PW":{"V9":"5","8G":"5","8H":"5","QR":"5","F4":"5","4C":"5","QV":"5","XH":"5"},"WV":{"82":"5","VR":"5","MM":"5","39":"5"},"JH":{"CQ":"5","6F":"5","6G":"5","F4":"5","C2":"5","GW":"5"},"9Q":{"PV":"5","PJ":"5"},"XW":{"52":"5","C3":"5"},"XV":{"PX":"5","49":"5","48":"5","CP":"5","6X":"5","GW":"5"},"CV":{"W2":"5"},"WR":{"9R":"5","8R":"5","JV":"5","9V":"5","HV":"5"},"RJ":{"32":"5","CX":"5"},"HV":{"7C":"5","9X":"5"},"RG":{"FV":"5","2J":"5","FQ":"5","7M":"5","3W":"5","65":"5","WW":"5","FR":"5","5W":"5","4X":"5","75":"5","CR":"5","6W":"5","HW":"5","84":"5","7F":"5","85":"5","8C":"5","VX":"5","7H":"5"},"Q9":{"WP":"5","XM":"5","WM":"5","XV":"5","GG":"5","XR":"5","WR":"5","WV":"5"},"XX":{"32":"5","GQ":"5","Q6":"5","G3":"5","R6":"5","Q7":"5"},"GQ":{"MR":"5","QG":"5","MQ":"5"},"JV":{"G4":"5","PR":"5","V5":"5","92":"5","MQ":"5","4P":"5"},"VR":{"CQ":"5","RJ":"5","WW":"5","5V":"5","XF":"5","6R":"5","H4":"5","94":"5","7Q":"5"},"CR":{"QH":"5","J8":"5","P5":"5","P3":"5","Q2":"5","P4":"5","WV":"5"},"FQ":{"78":"5","5H":"5","4C":"5","4J":"5"},"VC":{"M2":"5","MW":"5","JX":"5","3J":"5","R5":"5"},"QX":{"PP":"5","G4":"5","H5":"5","WF":"5","VF":"5","WG":"5","RM":"5","H4":"5","VP":"5"},"MW":{"QW":"5","W4":"5","PH":"5","RW":"5","H7":"5","H6":"5","VW":"5","89":"5","F5":"5","99":"5"},"HM":{"XQ":"5","RX":"5","X9":"5","VH":"5","VX":"5","XX":"5","8H":"5","2Q":"5","23":"5","8G":"5","2W":"5","5G":"5","P2":"5","22":"5","WX":"5","2R":"5","7G":"5","2P":"5"},"WX":{"RM":"5","H2":"5","4J":"5","RP":"5","3J":"5","45":"5","5J":"5","F9":"5","J2":"5","6X":"5","35":"5"},"9P":{"VX":"5","XV":"5"},"PH":{"M2":"5","M4":"5","43":"5","53":"5","J3":"5","J4":"5","57":"5","J2":"5"},"VW":{"CG":"5","CF":"5","F8":"5","8M":"5","QW":"5","8P":"5","G8":"5","FG":"5","QX":"5","QV":"5","C9":"5","HV":"5","7Q":"5","GW":"5"},"MR":{"XX":"5","Q6":"5","F6":"5","F4":"5","Q7":"5","C4":"5"},"HR":{"WH":"5","PC":"5","HJ":"5","W3":"5","CM":"5","22":"5","C4":"5","HH":"5","MC":"5","75":"5","65":"5","P9":"5"},"MJ":{"2F":"5","2C":"5","6X":"5","3G":"5"},"CQ":{"Q2":"5","96":"5","VH":"5","PQ":"5","VJ":"5","QP":"5","HG":"5","92":"5","GC":"5","GF":"5","JQ":"5","VG":"5","86":"5","H6":"5","95":"5","85":"5","82":"5","F9":"5","93":"5","PV":"5","QR":"5","JF":"5","94":"5"},"QF":{"32":"5","54":"5","38":"5","46":"5","52":"5","2X":"5","37":"5","47":"5","48":"5","33":"5","45":"5","55":"5"},"PV":{"GM":"5","RH":"5","VH":"5","83":"5","HG":"5","92":"5","44":"5","84":"5","RJ":"5","FM":"5","45":"5","95":"5","CC":"5","5J":"5","FP":"5","CF":"5","93":"5","FF":"5"},"FV":{"F3":"5"},"CW":{"MW":"5"},"M9":{"HX":"5"},"HW":{"QM":"5","P5":"5","RP":"5","VR":"5","92":"5","H2":"5","P4":"5","C2":"5","QJ":"5"},"GM":{"37":"5","XP":"5","69":"5","W4":"5","RH":"5","QG":"5","QJ":"5","RP":"5","RG":"5","X3":"5","72":"5","GW":"5","W6":"5","HM":"5","X2":"5","8W":"5","8V":"5","HW":"5","MH":"5","PW":"5"},"JJ":{"J9":"5","PV":"5","95":"5","4F":"5","GM":"5","H8":"5","96":"5","48":"5","HJ":"5","PR":"5","FW":"5","QR":"5","MR":"5","GJ":"5","38":"5","G8":"5","P7":"5","4C":"5","32":"5","W9":"5","R2":"5","M7":"5","GV":"5","GW":"5"},"WC":{"QH":"5","PX":"5","PC":"5","4R":"5","PG":"5","XF":"5","MX":"5","XR":"5","PF":"5","MF":"5","3R":"5"},"VX":{"46":"5","MW":"5","JV":"5","2P":"5"},"V8":{"7G":"5","5H":"5","7H":"5","F6":"5","CC":"5","CH":"5","FG":"5","6H":"5","7J":"5","5J":"5","6J":"5"},"QW":{"V9":"5","46":"5","MC":"5","PH":"5","3G":"5"},"QH":{"4H":"5","86":"5","5G":"5","87":"5"},"PQ":{"R4":"5","GC":"5","3H":"5","57":"5","3C":"5","R5":"5","3F":"5","GF":"5"},"PC":{"PP":"5","64":"5","GX":"5","74":"5","2F":"5","37":"5","83":"5","2C":"5","RC":"5","73":"5","3F":"5","JR":"5"},"RW":{"MP":"5","MR":"5","9H":"5","WF":"5","X6":"5","HV":"5"},"HH":{"PQ":"5","WC":"5","RW":"5","PR":"5","XC":"5","MQ":"5","QC":"5","W9":"5","MR":"5"},"MM":{"4G":"5","6G":"5","3H":"5","5G":"5","3J":"5","4J":"5","3G":"5","39":"5"},"PP":{"QJ":"5","G5":"5","CP":"5","9M":"5","R4":"5","CJ":"5","CM":"5","9X":"5","3J":"5","G7":"5","G6":"5","CX":"5","CW":"5"},"X8":{"8J":"5","CG":"5","8H":"5","7H":"5","9H":"5"},"FM":{"R9":"5","JC":"5","GF":"5","CP":"5","JQ":"5","RC":"5","CG":"5","P6":"5","H6":"5","V9":"5","JG":"5","P5":"5","8V":"5","MC":"5","F9":"5","FG":"5","JF":"5"},"QP":{"X2":"5"},"XP":{"96":"5","C6":"5"},"XF":{"PX":"5","JQ":"5","GV":"5","FQ":"5","FV":"5","WQ":"5","GR":"5","C6":"5","25":"5","GW":"5","97":"5"},"FX":{"Q3":"5","W7":"5","V6":"5"},"HX":{"JC":"5","W8":"5","JG":"5","89":"5","X6":"5","9P":"5","JF":"5","MV":"5"},"JP":{"76":"5","73":"5","F2":"5","53":"5","WW":"5","5W":"5","74":"5","WV":"5","VG":"5","G4":"5","WH":"5","XW":"5","XV":"5","4W":"5","8H":"5","85":"5","G5":"5","H4":"5","5H":"5"},"RQ":{"93":"5","C3":"5","C2":"5"},"WQ":{"9W":"5","5F":"5","9V":"5","6R":"5","7R":"5","7Q":"5","5R":"5"},"XH":{"8H":"5","9G":"5"},"JQ":{"QF":"5","22":"5","33":"5","23":"5","JR":"5"},"WJ":{"49":"5","27":"5"},"GJ":{"C9":"5","VH":"5","8X":"5","2G":"5","JH":"5","2Q":"5","3F":"5","5G":"5","7P":"5","3Q":"5","WW":"5","XC":"5","WQ":"5","GW":"5","JW":"5","M7":"5","89":"5","JV":"5","3H":"5","FC":"5","7X":"5","3M":"5","29":"5","2P":"5","FF":"5","3G":"5","4G":"5"},"FP":{"4H":"5","2V":"5","FP":"5","49":"5","57":"5","33":"5","3V":"5","28":"5","23":"5","27":"5"},"MF":{"5R":"5","F9":"5","V6":"5","3Q":"5","2P":"5","5P":"5","QP":"5","4J":"5","V5":"5","QM":"5","RM":"5","5V":"5","9C":"5","5M":"5","RR":"5","RP":"5","PW":"5","3R":"5","CC":"5","PX":"5","5Q":"5","X6":"5","3P":"5"},"VV":{"HG":"5","HF":"5","WM":"5","HC":"5"},"QV":{"77":"5","96":"5","87":"5","2Q":"5","5H":"5","78":"5","6H":"5","C6":"5","88":"5","2R":"5","5J":"5","3R":"5","68":"5"},"PR":{"5H":"5","5W":"5","6G":"5","8W":"5","9W":"5","CX":"5","6H":"5","9V":"5","Q2":"5","6M":"5","7R":"5","9X":"5","5R":"5"},"JX":{"C5":"5","R2":"5","W5":"5","R4":"5","49":"5","57":"5","V3":"5","59":"5"},"HJ":{"JW":"5","43":"5","63":"5","W7":"5","7W":"5","W2":"5","J2":"5","55":"5","75":"5","6W":"5","H6":"5","F7":"5","MW":"5","62":"5","85":"5","8C":"5","FC":"5","WX":"5","93":"5","H9":"5","86":"5","2C":"5"},"JG":{"J5":"5","8X":"5","Q4":"5","FP":"5","P5":"5","H5":"5","V5":"5","Q5":"5","G6":"5","P4":"5","87":"5","FX":"5","98":"5"},"MP":{"2V":"5","VR":"5","HF":"5","8W":"5","73":"5","JF":"5","2R":"5"},"VF":{"R9":"5","34":"5","8H":"5","8P":"5","PC":"5","9M":"5","8Q":"5","CJ":"5","C6":"5","CM":"5","9J":"5","8M":"5","7C":"5","QV":"5","82":"5","9P":"5","7F":"5","C7":"5","65":"5"},"MV":{"V8":"5","87":"5","C9":"5","8P":"5","PG":"5","7P":"5","86":"5","C8":"5","89":"5","88":"5","FF":"5"},"JW":{"X8":"5","PM":"5","X9":"5","5Q":"5","PR":"5","92":"5","CP":"5","XC":"5","XF":"5","9X":"5","FM":"5","9R":"5","CW":"5","CV":"5","93":"5","W9":"5"},"HG":{"RP":"5","RQ":"5"},"MG":{"25":"5","49":"5","M3":"5","Q5":"5","39":"5","V3":"5","3P":"5","W2":"5","J3":"5","V4":"5","3M":"5","2M":"5","2P":"5","35":"5"},"QC":{"4X":"5","2X":"5","3X":"5","4R":"5","2P":"5","3W":"5"},"V9":{"PV":"5","7H":"5","MX":"5","MW":"5","JX":"5"},"VP":{"9M":"5"},"RX":{"VQ":"5","PM":"5","RQ":"5","87":"5","VX":"5","RR":"5","J7":"5","XC":"5","VP":"5","VR":"5","RV":"5","CF":"5","J2":"5","XM":"5"},"PX":{"MR":"5","9R":"5","FH":"5","HP":"5","MQ":"5","X9":"5","2H":"5","H4":"5","25":"5"},"JR":{"RQ":"5","J7":"5","8P":"5","QQ":"5","FQ":"5","CW":"5","CV":"5","F6":"5","QV":"5"},"GV":{"M5":"5","M4":"5"},"JM":{"FV":"5","5R":"5","3Q":"5","GP":"5","WQ":"5","HM":"5","39":"5","FW":"5","3H":"5","9V":"5","2R":"5","7V":"5","9P":"5","7R":"5","GX":"5","XP":"5","JP":"5","5V":"5","2X":"5","XM":"5","R3":"5","3R":"5","6R":"5","HX":"5"},"RH":{"WH":"5","62":"5"},"CP":{"M8":"5","MV":"5","9R":"5","R7":"5","R4":"5","R9":"5","M9":"5","RF":"5","R8":"5","9W":"5","7W":"5","6X":"5","CX":"5","VF":"5","Q8":"5","7X":"5","HX":"5","Q9":"5","6Q":"5","R6":"5","Q7":"5","P7":"5","GF":"5","9Q":"5","3W":"5","5R":"5"},"XG":{"P5":"5","M4":"5","P4":"5"},"QG":{"XJ":"5","C5":"5","93":"5","83":"5","HJ":"5","C3":"5","G3":"5","XM":"5","XR":"5","F4":"5","WR":"5","XQ":"5"}},"V2":{"R4":{"PJ":"5","QJ":"5"},"V5":{"QP":"5"}},"X8":{"28":{"3M":"5","4P":"5"}},"Q3":{"JC":{"38":"5","37":"5","47":"5","48":"5","7F":"5","27":"5","26":"5","36":"5"},"H6":{"P9":"5"}},"VC":{"52":{"56":"5","55":"5"},"89":{"8H":"5"},"RQ":{"VX":"5","VW":"5"}},"V8":{"XV":{"4W":"5"},"8V":{"JV":"5"},"X7":{"R6":"5"},"6V":{"88":"5"}},"W3":{"3G":{"P6":"5"}},"V9":{"54":{"XJ":"5","XH":"5"},"2V":{"2X":"5","GP":"5"},"5P":{"QV":"5"},"83":{"Q2":"5"},"49":{"GP":"5","6Q":"5"},"87":{"GX":"5"},"2W":{"3G":"5"},"FF":{"36":"5"}},"WC":{"CQ":{"6Q":"5"}},"VF":{"X4":{"55":"5"}},"R6":{"M8":{"GX":"5","GW":"5"},"62":{"7Q":"5"},"5V":{"7M":"5"},"2W":{"42":"5"}},"X5":{"2Q":{"4V":"5","4W":"5"},"8W":{"62":"5"}},"V7":{"PF":{"VP":"5"},"5Q":{"8W":"5"}},"XC":{"W8":{"52":"5","8W":"5","9V":"5"},"Q4":{"W7":"5"},"93":{"W4":"5"},"V6":{"7Q":"5","C8":"5","R8":"5","7M":"5","7P":"5","PR":"5","99":"5","QR":"5","7C":"5","89":"5","7X":"5","6X":"5","98":"5","69":"5","8V":"5","F7":"5","C9":"5","PQ":"5","QQ":"5","4P":"5","R9":"5","FX":"5"},"P3":{"8J":"5","4X":"5","8H":"5","9H":"5","9P":"5","XF":"5","55":"5","9J":"5","WG":"5","4W":"5","9Q":"5"},"VM":{"QM":"5","PP":"5","QG":"5","RH":"5","QH":"5","WP":"5","GV":"5","WM":"5","WQ":"5","Q8":"5","PM":"5","PH":"5","XQ":"5"},"Q2":{"25":"5","4P":"5","34":"5","GM":"5","GF":"5","44":"5","GP":"5","WQ":"5","24":"5","HW":"5","FF":"5","HP":"5"},"X9":{"V9":"5","RW":"5","VV":"5","PJ":"5","HW":"5","JX":"5","W7":"5","VC":"5","RV":"5","FX":"5"},"63":{"P4":"5"},"P5":{"8C":"5","M6":"5","65":"5"},"X2":{"5P":"5","5Q":"5"},"V4":{"8J":"5","88":"5","6W":"5","6X":"5","CX":"5","C7":"5","7R":"5","98":"5"},"W2":{"V8":"5","FW":"5","VX":"5","R8":"5","39":"5","M8":"5","CW":"5","48":"5","P8":"5","P9":"5","GV":"5"},"M4":{"QM":"5","MG":"5","C6":"5"},"XC":{"VF":"5"},"WV":{"W2":"5"},"R5":{"GQ":"5","GV":"5","HW":"5","JV":"5","HV":"5","GF":"5"},"M2":{"W6":"5","V2":"5","W5":"5","F7":"5","W7":"5","XR":"5","V3":"5","G5":"5"},"X4":{"H5":"5","X6":"5","X5":"5","X7":"5","X8":"5"},"X5":{"JC":"5","8X":"5","VJ":"5","V3":"5","W3":"5","9X":"5","7V":"5","8V":"5","6V":"5","X4":"5"},"X3":{"Q6":"5","CQ":"5","9V":"5","W2":"5","P6":"5","W3":"5","V9":"5","9R":"5","MC":"5","CR":"5","HX":"5","W9":"5","9Q":"5","MR":"5"},"W5":{"QW":"5","QX":"5","VH":"5","8X":"5","PX":"5","PJ":"5","HC":"5","PW":"5"},"R7":{"MP":"5","8J":"5","MF":"5","28":"5","PF":"5","MQ":"5","27":"5","PG":"5"},"XQ":{"VX":"5"},"M3":{"WC":"5"},"X6":{"82":"5","P2":"5","3X":"5","P3":"5","92":"5","Q2":"5","XH":"5"},"V7":{"M3":"5","G4":"5","63":"5","J3":"5","62":"5","M2":"5","53":"5","G2":"5","J4":"5","H4":"5"},"R6":{"C8":"5","GJ":"5","4V":"5","GP":"5","4R":"5","XR":"5","XQ":"5"},"P2":{"8M":"5","72":"5","QP":"5","57":"5","V3":"5","3C":"5","JW":"5","4Q":"5","PH":"5","X4":"5","X5":"5","H4":"5","5Q":"5","39":"5"},"H3":{"76":"5","85":"5"},"Q5":{"QC":"5"},"H2":{"8R":"5","7R":"5"},"F2":{"VF":"5"},"V5":{"VQ":"5","VV":"5","59":"5","R7":"5","Q8":"5","P6":"5","H6":"5","VP":"5","WQ":"5","VM":"5","VR":"5","WR":"5"},"G2":{"PC":"5","Q2":"5"},"Q3":{"FV":"5","M6":"5","5G":"5","WR":"5","J6":"5","J7":"5"},"X8":{"97":"5"},"G3":{"6F":"5","6J":"5"},"Q7":{"QC":"5"},"W7":{"C5":"5","VQ":"5","RV":"5","WG":"5"},"R2":{"P3":"5","Q6":"5","34":"5","JC":"5","WC":"5","V3":"5","GC":"5","P4":"5","9F":"5","7W":"5","XC":"5","XF":"5","8R":"5","M8":"5","JW":"5","8W":"5","P8":"5","HW":"5","2P":"5","7R":"5","V2":"5","P9":"5"},"R4":{"H8":"5","J7":"5","XV":"5","G9":"5","GC":"5","Q7":"5","M6":"5","FC":"5","P7":"5","F9":"5"},"WQ":{"FG":"5","GH":"5","HH":"5"},"XH":{"8W":"5"},"Q6":{"FX":"5"},"V3":{"QW":"5","69":"5","R6":"5","R5":"5","5G":"5","JX":"5","V7":"5","6G":"5","HX":"5","7H":"5"},"W9":{"HF":"5","HC":"5","X2":"5"},"W3":{"4H":"5","7P":"5","3J":"5","6P":"5","9Q":"5","6J":"5"},"M6":{"5W":"5","6W":"5","6V":"5"},"VF":{"M3":"5","MJ":"5"},"X7":{"38":"5","32":"5","2J":"5","5H":"5","23":"5","43":"5"},"W4":{"54":"5","GJ":"5","4F":"5","49":"5","48":"5","4C":"5","RQ":"5"},"W6":{"78":"5","68":"5","56":"5","R8":"5","67":"5","XR":"5","66":"5","79":"5"},"XM":{"8M":"5","7M":"5"},"V2":{"25":"5","49":"5","VQ":"5","5F":"5","34":"5","4F":"5","4H":"5","WP":"5","59":"5","WQ":"5","24":"5","VR":"5","4C":"5","5M":"5"},"P4":{"GQ":"5","GV":"5","RC":"5","WC":"5","JJ":"5","58":"5","Q9":"5","4C":"5","59":"5"},"R3":{"69":"5","4F":"5","4H":"5","4J":"5","4M":"5","X7":"5","HG":"5","78":"5","FM":"5","57":"5","J8":"5","4G":"5"}},"Q2":{"XC":{"MX":"5","JW":"5"},"52":{"C5":"5"},"XG":{"3M":"5"},"WF":{"C3":"5"},"XQ":{"WV":"5"}},"W8":{"2R":{"PC":"5","PF":"5"},"X8":{"FH":"5","GH":"5"}},"XF":{"6X":{"QF":"5"},"6P":{"V9":"5","R9":"5","R8":"5","V8":"5"}},"R3":{"GF":{"P8":"5","P7":"5"}},"R2":{"2Q":{"6V":"5"},"64":{"7G":"5","FH":"5","7H":"5","8H":"5","79":"5"},"QF":{"5H":"5"},"53":{"WV":"5"}},"W6":{"4H":{"J3":"5"}},"R9":{"XW":{"J5":"5","MC":"5","M5":"5","G6":"5"},"WR":{"GH":"5"}},"X7":{"GX":{"7X":"5"},"HW":{"2W":"5"}},"R4":{"49":{"9X":"5"},"M2":{"QV":"5"},"3C":{"J8":"5"},"HG":{"FX":"5"},"3F":{"37":"5"},"2F":{"V5":"5","Q3":"5"},"GG":{"5P":"5","6H":"5"},"3X":{"M5":"5"},"29":{"RJ":"5"}},"Q5":{"V9":{"XG":"5","XM":"5"},"W9":{"3H":"4"},"XF":{"X9":"5"},"X2":{"7X":"5"}},"Q4":{"XC":{"35":"5"},"Q3":{"RQ":"5"},"R5":{"75":"5"}},"X6":{"78":{"P6":"5","P5":"5","M6":"5","M5":"5"}}}}