{"index":{"university,1|retail,2|tourism,3|wreck,4|historical,5|artsCulture,6|namedBuilding,7|water,8|wetland,9|park,10|beach,11|natureReserve,12|cemetery,13|trail,14":{}},"4P":{"QW":{"48":{"4P":"5"}},"VQ":{"XQ":{"37":"5","M2":"5","HG":"5","84":"5","F3":"5","C4":"5","J4":"5","GG":"5","G2":"5","54":"5","C3":"5"},"VQ":{"XH":"5","96":"5","V6":"4","5G":"5","F8":"5","97":"5","C6":"5","G7":"5","WG":"5","F6":"5","88":"5","85":"5","C5":"5","C7":"5","W9":"5","79":"5"},"QX":{"FP":"5"},"PM":{"MP":"5","JP":"5"},"XH":{"Q2":"5","Q3":"5","H2":"4","W4":"5|4","V3":"5","R3":"5","W2":"5","W3":"5","P5":"4","R2":"5","V2":"5"},"XX":{"WF":"5","59":"5","84":"5"},"PQ":{"GQ":"5","RJ":"5","XV":"5","GG":"5","PH":"5","QJ":"5"},"RW":{"JG":"5","JF":"5"},"PR":{"R3":"5"},"XV":{"3Q":"5","35":"5","45":"5","25":"5"},"WP":{"VQ":"5","VV":"5","VX":"5","RR":"5","VJ":"5","WW":"5","WQ":"5","WX":"5","VW":"5","VM":"5","VR":"5","RV":"5","WR":"5","WM":"5","XG":"4","WV":"5"},"CQ":{"F8":"5"},"JQ":{"J3":"5"},"XC":{"HX":"4"},"XF":{"MC":"5","VR":"5","MX":"5","G3":"5","G2":"5","VC":"4","RQ":"5"},"XW":{"FR":"5","JH":"5","PG":"5","86":"5","FQ":"5","FP":"5","CR":"5","9Q":"5"},"WQ":{"63":"5|4","J5":"4","W2":"5","V2":"5","39":"5","W5":"5","7G":"5","87":"5","W3":"5","X4":"5","35":"4","M2":"5","45":"5","3C":"5","J3":"5","W4":"5","P6":"5","C7":"5","46":"5","P5":"5","86":"5"},"XR":{"X4":"5","VW":"5"},"WX":{"MX":"5","QQ":"5"},"VW":{"MM":"5"},"9W":{"XX":"5"},"FP":{"67":"5","87":"5","97":"5"},"PP":{"FM":"5","PW":"5","PV":"5","QW":"5","HJ":"4","FC":"5","FJ":"5","FF":"5"},"XG":{"RV":"5","R8":"5","V6":"5","RX":"5","R7":"5","PR":"4","VV":"5","XG":"5","V8":"5","JX":"4","WC":"5","V4":"5","R6":"5","XX":"5","V7":"5","XC":"5","VW":"5","JH":"5","VX":"5","QW":"5","Q8":"5","RW":"5"}},"QX":{"JC":{"34":"5"},"PC":{"V6":"5"}},"VV":{"J2":{"M4":"5"},"6F":{"9X":"5"},"F3":{"8M":"5"},"GP":{"3V":"5"},"25":{"QF":"5"},"C4":{"97":"5"}},"RQ":{"33":{"4F":"5","9H":"5","3G":"5"},"9C":{"CJ":"5"},"87":{"C5":"5"},"2Q":{"F7":"5"},"23":{"6Q":"5"},"7W":{"4W":"5"},"WW":{"G6":"5"},"86":{"CX":"5"},"MX":{"CV":"5","4V":"5","79":"5"},"MP":{"XC":"5"},"95":{"95":"4"},"88":{"XV":"5"},"PP":{"C8":"5"},"MM":{"48":"5","C9":"5"},"6X":{"7M":"5"},"WV":{"CV":"5"},"MJ":{"GQ":"5","JQ":"5","FP":"5","FV":"5","5G":"5"},"PW":{"5V":"5","3F":"5"},"C3":{"Q9":"5"}},"RP":{"2X":{"PM":"5"},"3X":{"QR":"5"}},"RR":{"P3":{"52":"5"},"M3":{"4R":"5","Q2":"5","4W":"5"},"H2":{"GM":"5"},"M2":{"PW":"5","V4":"5","65":"5","C4":"5"},"M4":{"72":"5","C9":"5"},"J6":{"8J":"5"},"H3":{"WQ":"5","GR":"5"},"G8":{"QR":"5"},"H4":{"2J":"5","2F":"5"},"P4":{"6F":"5"},"63":{"65":"5"},"59":{"FP":"5"},"J3":{"78":"5","76":"5","RP":"5","68":"5","67":"5","77":"5","23":"5","59":"5","66":"5"},"P2":{"QM":"5","GJ":"5","FG":"5"},"H6":{"J8":"5","H8":"5"},"MP":{"7R":"5"},"24":{"VV":"5","VQ":"5"},"M6":{"RF":"5","FW":"5"},"J4":{"8M":"5","8Q":"5"},"M7":{"FP":"5","8F":"5"},"G2":{"54":"5","PR":"5","8R":"5","HV":"5"},"J2":{"J8":"5"},"J8":{"49":"5","89":"5"}},"RW":{"32":{"5M":"5"},"R3":{"6M":"5"}},"XV":{"4W":{"J9":"5"}},"QQ":{"M5":{"49":"5"},"J4":{"GP":"5"},"GW":{"RV":"5"}},"WW":{"95":{"WM":"5"},"G7":{"9G":"5","HV":"5","9Q":"5"},"G6":{"5V":"5","5R":"5"},"JP":{"4R":"5","5R":"5"}},"WQ":{"7Q":{"4H":"5","HM":"5","9C":"5","4C":"5","GM":"5"},"2V":{"R2":"5","VH":"5","R5":"5","PG":"5"},"3Q":{"JV":"5"},"5P":{"HR":"5"},"6Q":{"9X":"5"},"2F":{"4Q":"4"},"X8":{"RH":"5"},"3W":{"M6":"5","WX":"5","HV":"5"},"4V":{"9C":"5"},"FM":{"8P":"5"},"3V":{"9C":"5","83":"5","84":"5","74":"5","26":"5","52":"5","95":"5","24":"5","73":"5","54":"5","MR":"5"},"4X":{"2C":"5","6P":"5"},"2R":{"PP":"5","MP":"5","QG":"5","XX":"5","VV":"5","QF":"5","XW":"5","QR":"5","XV":"5","XF":"5","WR":"5","RV":"5","QV":"5","WV":"5","H4":"5"},"9P":{"W5":"5","V6":"5","X7":"5","X5":"5","W7":"5","V7":"5","W6":"5","X6":"5"},"2G":{"3Q":"5","5P":"5","3R":"5","2M":"5","2P":"5","2H":"5","66":"5"},"2Q":{"8J":"5","8M":"5","44":"5","7Q":"5"},"2H":{"82":"4","74":"4","76":"4","75":"4","66":"4"},"8P":{"9J":"5"},"4R":{"46":"5","45":"5","G5":"5"},"3R":{"5P":"5","29":"5","4M":"5","XH":"5"},"6R":{"52":"5","92":"5"},"2W":{"QM":"5","X5":"5"},"6V":{"75":"5"},"4Q":{"Q5":"5"}},"XR":{"CQ":{"39":"5"},"92":{"FR":"5"},"26":{"H7":"5","J7":"5"},"4P":{"59":"5"}},"WX":{"HM":{"XH":"5"},"PF":{"W4":"5"}},"VW":{"C8":{"Q8":"5"},"GP":{"46":"5"},"X4":{"F9":"5"}},"VR":{"82":{"4H":"5"},"J5":{"M7":"5"},"W6":{"V5":"5"},"R2":{"2G":"5"},"X3":{"9F":"5"},"5W":{"XR":"5"},"M2":{"2M":"5"},"8W":{"Q3":"5"},"6W":{"3W":"5"},"V4":{"G3":"5","G2":"5"},"VW":{"RG":"5","RF":"5","PH":"5"},"R3":{"23":"5"}},"WR":{"25":{"V8":"5"},"34":{"XP":"5"},"7J":{"FX":"5","GW":"5"},"42":{"2G":"5","43":"5","3W":"5"},"PR":{"GR":"5"},"23":{"F4":"5"},"9M":{"2M":"5"},"62":{"98":"5"},"4Q":{"67":"5","77":"5","7C":"5","58":"5","59":"5"},"24":{"GJ":"5"},"57":{"H4":"5"},"FC":{"GC":"5"},"CF":{"X8":"5"},"73":{"68":"5"},"35":{"PV":"5","4J":"5"},"MR":{"VF":"5"}},"RV":{"8H":{"54":"5"},"CC":{"PJ":"5"},"MJ":{"MM":"5"}},"QV":{"3V":{"C8":"5"},"JH":{"PC":"5","M5":"5"}},"WV":{"R2":{"3J":"5"},"86":{"XV":"5","XR":"5"},"68":{"6G":"5"}},"PV":{"XW":{"78":"5","48":"5","CC":"5","C7":"5","77":"5","79":"5","97":"5"},"XV":{"FM":"5","FW":"5","CH":"5","9W":"5","CJ":"5","GM":"5"},"XR":{"H9":"5"},"XH":{"3P":"5"}},"QR":{"W5":{"W9":"5","GH":"5"},"Q4":{"5W":"5"},"3P":{"X5":"5"},"7P":{"H4":"5"},"47":{"4R":"5"},"VW":{"V8":"5"},"48":{"C6":"5"},"94":{"9F":"5"}}}}