{"index":{"university,1|retail,2|tourism,3|wreck,4|historical,5|artsCulture,6|namedBuilding,7|water,8|wetland,9|park,10|beach,11|natureReserve,12|cemetery,13|trail,14":{}},"4Q":{"MX":{"PP":{"P7":"5"},"2M":{"XF":"5"}},"RV":{"4R":{"C6":"5"},"2P":{"Q6":"5"},"XH":{"8Q":"5"},"5R":{"JC":"5","PH":"5"}},"V6":{"7X":{"2J":"5"}},"WW":{"5F":{"GJ":"5"},"GQ":{"MC":"5"},"JP":{"W3":"5"},"PH":{"FH":"5"},"9M":{"XX":"5"},"9F":{"GC":"5"},"PJ":{"63":"5","6R":"5"},"9J":{"XH":"5"},"FM":{"X6":"5"},"58":{"7Q":"5"},"7C":{"58":"5"},"WM":{"6F":"5","3H":"5"},"FH":{"3Q":"5"},"29":{"XC":"5","22":"5"},"MM":{"93":"5"},"MJ":{"3Q":"5"},"GV":{"HM":"5"}},"V4":{"W6":{"Q7":"5"}},"W2":{"WM":{"4V":"5"},"Q8":{"R6":"5"}},"RP":{"PQ":{"FV":"5"},"9V":{"7J":"5"}},"WH":{"J9":{"9V":"5"}},"VQ":{"WF":{"89":"5","8W":"5","83":"5","FM":"5","W6":"5","95":"5","V2":"5","GR":"5","V8":"5","72":"5","7W":"5","W5":"5","G2":"5","GG":"5","CV":"5","CP":"5","HM":"5","HQ":"5","X3":"5","73":"5","86":"5","P3":"5","78":"5","6X":"5","FV":"5","J3":"5","GQ":"5","JX":"5","6V":"5","CQ":"5","9Q":"5","JH":"5","MQ":"5","FW":"5","V3":"5","HH":"5","6P":"5","Q3":"5","R3":"5","75":"5","C3":"5","7V":"5","V7":"5","62":"5","X2":"5","P4":"5","96":"5","MW":"5","JQ":"5","F2":"5","MX":"5","GX":"5","HW":"5","C4":"5","JJ":"5","V5":"5","74":"5","8P":"5","6W":"5","X4":"5","7P":"5","76":"5","X9":"5","JV":"5","8H":"5","MR":"5","HX":"5","X7":"5","X5":"5","W4":"5","9M":"5","W2":"5","M3":"5","CR":"5","7R":"5","FX":"5","9P":"5","9H":"5","GP":"5","CX":"5","8V":"5","8M":"5","9W":"5","XG":"5","H2":"5","R5":"5","HJ":"5","98":"5","93":"5","84":"5","65":"5","79":"5","FG":"5","CJ":"5","6Q":"5","CG":"5","R2":"5","JM":"5","8C":"5","WC":"5","GV":"5","9R":"5","X8":"5","8G":"5","63":"5","7C":"5","W9":"5","XF":"5","9V":"5","GH":"5","64":"5","9C":"5","HR":"5","FJ":"5","92":"5","P2":"5","Q2":"5","8F":"5","Q5":"5","FH":"5","W3":"5","JW":"5","99":"5","FR":"5","R4":"5","C2":"5","7X":"5","97":"5","Q4":"5","8R":"5","8J":"5","GJ":"5","XC":"5","8X":"5","9J":"5","HG":"5","82":"5","J2":"5","87":"5","FQ":"5","9F":"5","7Q":"5","HP":"5","M2":"5","R7":"5","8Q":"5","CM":"5","9G":"5","GF":"5","JP":"5","85":"5","W7":"5","V6":"5","HV":"5","PX":"5","JR":"5","FP":"5","MV":"5","GM":"5","W8":"5","GW":"5","HC":"5","6R":"5","CW":"5","77":"5","HF":"5","CH":"5","94":"5","7F":"5","R6":"5","X6":"5","88":"5","V4":"5"},"X8":{"2X":"5","3R":"5","8X":"5","FM":"5","WH":"5","V6":"5","PH":"5","9X":"5","VR":"5","QX":"5","R6":"5","R7":"5","HH":"5","R5":"5","FH":"5","RR":"5","X8":"5","9M":"5","9W":"5","4Q":"5","CP":"5","P5":"5","3Q":"5","GG":"5","QM":"5","FV":"5","R9":"5","XH":"5","3X":"5","X7":"5","FR":"5","X5":"5","XW":"5","JJ":"5","M6":"5","VV":"5","PV":"5","CQ":"5","VW":"5","W9":"5","FP":"5","HM":"5","9H":"5","FQ":"5","WF":"5","VQ":"5","WC":"5","WR":"5","VG":"5","6X":"5","RW":"5","RJ":"5","4W":"5","QF":"5","HJ":"5","Q8":"5","WX":"5","RG":"5","QC":"5","RQ":"5","QR":"5","5W":"5","9F":"5","QH":"5","RX":"5","RF":"5","5X":"5","P7":"5","PM":"5","WW":"5","MP":"5","JH":"5","Q7":"5","GH":"5","JP":"5","GX":"5","HR":"5","X6":"5","WV":"5","V5":"5","XC":"5","CM":"5","VC":"5","MX":"5","FJ":"5","4V":"5","R8":"5","X9":"5","Q6":"5","W6":"5","PJ":"5","PP":"5","HX":"5","MJ":"5","Q9":"5","9J":"5","QQ":"5","P9":"5","7X":"5","XJ":"5","CR":"5","P8":"5","MM":"5","2V":"5","GQ":"5","MR":"5","CJ":"5","CG":"5","MH":"5","VH":"5","WG":"5","Q5":"5","4R":"5","8W":"5","QV":"5","XV":"5","M7":"5","GM":"5","JX":"5","PQ":"5","XM":"5","4X":"5","HW":"5","CH":"5","QJ":"5","RV":"5","VF":"5","HP":"5","WJ":"5","HV":"5","CX":"5","HQ":"5","5V":"5","CW":"5","MQ":"5","QP":"5","JV":"5","J7":"5","VX":"5","RC":"5","MV":"5","JQ":"5","FW":"5","6W":"5","V9":"5","RM":"5","V8":"5","9G":"5","GP":"5","FX":"5","M8":"5","J6":"5","GJ":"5","QG":"5","RH":"5","P6":"5","W5":"5","3W":"5","MW":"5","W8":"5","JM":"5","XX":"5","JR":"5","XR":"5","V7":"5","7W":"5","PR":"5","CV":"5","PW":"5","W7":"5","3V":"5","JW":"5","RP":"5","PX":"5","GW":"5"},"X9":{"FF":"5","8X":"5","22":"5","5J":"5","FM":"5","F2":"5","V6":"5","CC":"5","G3":"5","MC":"5","HG":"5","PH":"5","9X":"5","J3":"5","39":"5","VR":"5","R6":"5","42":"5","R7":"5","8P":"5","HH":"5","R5":"5","FH":"5","RR":"5","X8":"5","C9":"5","57":"5","9M":"5","WM":"5","C6":"5","8H":"5","7M":"5","9W":"5","7R":"5","77":"5","VP":"5","24":"5","CP":"5","38":"5","H5":"5","P5":"5","GG":"5","QM":"5","6F":"5","V2":"5","56":"5","FV":"5","CF":"5","R9":"5","44":"5","27":"5","Q3":"5","G7":"5","83":"5","87":"5","R2":"5","X7":"5","FR":"5","47":"5","FC":"5","XW":"5","75":"5","JJ":"5","M6":"5","F7":"5","VV":"5","6P":"5","CQ":"5","5Q":"5","7F":"5","6R":"5","GC":"5","C8":"5","W9":"5","FP":"5","G8":"5","P2":"5","GV":"5","HM":"5","5P":"5","72":"5","9H":"5","65":"5","FQ":"5","GF":"5","WF":"5","7C":"5","54":"5","VQ":"5","43":"5","H2":"5","WC":"5","JC":"5","WR":"5","5F":"5","66":"5","6X":"5","RJ":"5","99":"5","23":"5","8M":"5","28":"5","33":"5","J9":"5","58":"5","9P":"5","QF":"5","HJ":"5","Q8":"5","64":"5","XP":"5","53":"5","73":"5","6V":"5","QC":"5","94":"5","46":"5","RQ":"5","QR":"5","PF":"5","9F":"5","QH":"5","5H":"5","F9":"5","4H":"5","8G":"5","32":"5","52":"5","5G":"5","M2":"5","88":"5","RF":"5","85":"5","P7":"5","PM":"5","WW":"5","86":"5","MP":"5","7P":"5","JH":"5","Q7":"5","J5":"5","97":"5","9R":"5","8C":"5","9Q":"5","GH":"5","95":"5","78":"5","JP":"5","GX":"5","HR":"5","59":"5","R4":"5","X2":"5","VJ":"5","H7":"5","4C":"5","Q2":"5","F8":"5","X6":"5","WV":"5","V5":"5","XC":"5","62":"5","H9":"5","7Q":"5","VC":"5","CM":"5","JF":"5","WQ":"5","W2":"5","MX":"5","FJ":"5","69":"5","M5":"5","34":"5","R8":"5","X9":"5","Q6":"5","W6":"5","PJ":"5","PP":"5","HX":"5","96":"5","MJ":"5","Q9":"5","9J":"5","QQ":"5","P9":"5","J2":"5","7J":"5","HC":"5","63":"5","J8":"5","7X":"5","C3":"5","CR":"5","P8":"5","GR":"5","MM":"5","P3":"5","82":"5","93":"5","GQ":"5","CJ":"5","9V":"5","CG":"5","MH":"5","6Q":"5","Q5":"5","M9":"5","R3":"5","8W":"5","5C":"5","89":"5","MF":"5","79":"5","XV":"5","Q4":"5","6M":"5","8R":"5","M7":"5","GM":"5","JX":"5","48":"5","JG":"5","G2":"5","98":"5","PQ":"5","8F":"5","F3":"5","8V":"5","C2":"5","92":"5","8Q":"5","XM":"5","36":"5","HW":"5","8J":"5","J4":"5","4F":"5","CH":"5","QJ":"5","VF":"5","HP":"5","6H":"5","74":"5","HV":"5","CX":"5","9C":"5","HQ":"5","CW":"5","MQ":"5","QP":"5","H6":"5","H4":"5","6C":"5","F4":"5","J7":"5","7G":"5","RC":"5","JQ":"5","MG":"5","FW":"5","76":"5","25":"5","6W":"5","84":"5","XQ":"5","7V":"5","FG":"5","V9":"5","V8":"5","RM":"5","4J":"5","6J":"5","26":"5","HF":"5","PG":"5","6G":"5","PC":"5","9G":"5","WP":"5","GP":"5","FX":"5","49":"5","M8":"5","J6":"5","XF":"5","GJ":"5","QG":"5","P4":"5","67":"5","P6":"5","37":"5","35":"5","68":"5","MW":"5","W8":"5","JM":"5","C5":"5","G9":"5","C7":"5","M3":"5","4G":"5","XX":"5","55":"5","V7":"5","XR":"5","7W":"5","CV":"5","PW":"5","W7":"5","H3":"5","H8":"5","JW":"5","VM":"5","RP":"5","7H":"5","C4":"5","45":"5","M4":"5","5M":"5","PX":"5","GW":"5"},"VC":{"Q4":"5","P6":"5","MC":"5","R8":"5","V6":"5","M8":"5","Q2":"5","X2":"5","P7":"5","V4":"5","W2":"5","J9":"5","PF":"5","JF":"5","JH":"5","Q8":"5","R5":"5","Q9":"5","X4":"5","X5":"5","X3":"5","W5":"5","R7":"5","JC":"5","HF":"5","X6":"5","V7":"5","P8":"5","R6":"5","P9":"5","M9":"5","H9":"5","Q5":"5","V8":"5","V5":"5","PC":"5","Q3":"5","HH":"5","X8":"5","Q7":"5","W7":"5","R2":"5","R4":"5","Q6":"5","M7":"5","V3":"5","MF":"5","W3":"5","HJ":"5","JG":"5","M6":"5","HG":"5","X7":"5","MG":"5","W4":"5","W6":"5","HC":"5","V2":"5","R3":"5"},"WC":{"FF":"5","8X":"5","22":"5","5J":"5","FM":"5","F2":"5","WH":"5","V6":"5","CC":"5","G3":"5","MC":"5","HG":"5","9X":"5","J3":"5","39":"5","VR":"5","QX":"5","3H":"5","R6":"5","42":"5","R7":"5","2C":"5","8P":"5","HH":"5","R5":"5","FH":"5","RR":"5","C9":"5","9M":"5","57":"5","C6":"5","8H":"5","7M":"5","9W":"5","7R":"5","77":"5","4Q":"5","24":"5","CP":"5","38":"5","H5":"5","P5":"5","GG":"5","QM":"5","6F":"5","56":"5","FV":"5","CF":"5","R9":"5","44":"5","XH":"5","27":"5","Q3":"5","G7":"5","83":"5","87":"5","R2":"5","X7":"5","29":"5","FR":"5","47":"5","X5":"5","FC":"5","75":"5","JJ":"5","X4":"5","X3":"5","M6":"5","F7":"5","VV":"5","PV":"5","6P":"5","CQ":"5","5Q":"5","7F":"5","6R":"5","GC":"5","C8":"5","W9":"5","FP":"5","G8":"5","P2":"5","GV":"5","HM":"5","5P":"5","72":"5","9H":"5","F5":"5","65":"5","FQ":"5","GF":"5","WF":"5","7C":"5","3C":"5","54":"5","VQ":"5","H2":"5","43":"5","WC":"5","JC":"5","WR":"5","VG":"5","5F":"5","66":"5","6X":"5","99":"5","23":"5","8M":"5","28":"5","33":"5","J9":"5","9P":"5","58":"5","QF":"5","HJ":"5","Q8":"5","64":"5","WX":"5","RG":"5","53":"5","73":"5","6V":"5","QC":"5","94":"5","46":"5","RQ":"5","QR":"5","PF":"5","5W":"5","9F":"5","5H":"5","F9":"5","4H":"5","8G":"5","32":"5","52":"5","5G":"5","M2":"5","88":"5","RX":"5","RF":"5","5X":"5","85":"5","P7":"5","PM":"5","86":"5","MP":"5","7P":"5","JH":"5","Q7":"5","J5":"5","XG":"5","97":"5","9R":"5","8C":"5","9Q":"5","GH":"5","95":"5","78":"5","5R":"5","3G":"5","JP":"5","GX":"5","HR":"5","59":"5","R4":"5","H7":"5","4C":"5","Q2":"5","F8":"5","X6":"5","WV":"5","W3":"5","V5":"5","XC":"5","62":"5","H9":"5","7Q":"5","VC":"5","CM":"5","JF":"5","WQ":"5","MX":"5","FJ":"5","69":"5","M5":"5","34":"5","R8":"5","X9":"5","Q6":"5","W6":"5","PJ":"5","PP":"5","HX":"5","96":"5","Q9":"5","9J":"5","QQ":"5","P9":"5","J2":"5","7J":"5","HC":"5","63":"5","J8":"5","XJ":"5","7X":"5","C3":"5","CR":"5","P8":"5","GR":"5","MM":"5","P3":"5","82":"5","93":"5","GQ":"5","MR":"5","CJ":"5","9V":"5","CG":"5","VH":"5","6Q":"5","WG":"5","Q5":"5","M9":"5","R3":"5","8W":"5","5C":"5","89":"5","79":"5","MF":"5","QV":"5","Q4":"5","4M":"5","6M":"5","QW":"5","8R":"5","M7":"5","GM":"5","JX":"5","48":"5","JG":"5","G2":"5","98":"5","PQ":"5","8F":"5","F3":"5","8V":"5","C2":"5","92":"5","8Q":"5","36":"5","F6":"5","HW":"5","3F":"5","8J":"5","J4":"5","4F":"5","CH":"5","QJ":"5","RV":"5","VF":"5","G5":"5","HP":"5","6H":"5","WJ":"5","74":"5","HV":"5","CX":"5","9C":"5","HQ":"5","5V":"5","CW":"5","MQ":"5","QP":"5","H6":"5","H4":"5","G6":"5","JV":"5","6C":"5","F4":"5","J7":"5","7G":"5","RC":"5","MV":"5","JQ":"5","MG":"5","FW":"5","76":"5","25":"5","6W":"5","84":"5","7V":"5","FG":"5","V9":"5","V8":"5","4J":"5","6J":"5","26":"5","HF":"5","PG":"5","6G":"5","PC":"5","9G":"5","GP":"5","4P":"5","FX":"5","V3":"5","49":"5","M8":"5","J6":"5","XF":"5","GJ":"5","QG":"5","P4":"5","RH":"5","67":"5","P6":"5","W5":"5","37":"5","W4":"5","35":"5","68":"5","MW":"5","W8":"5","JM":"5","C5":"5","G9":"5","C7":"5","M3":"5","4G":"5","XX":"5","55":"5","JR":"5","V7":"5","7W":"5","PR":"5","CV":"5","PW":"5","W7":"5","H3":"5","V4":"5","H8":"5","JW":"5","G4":"5","7H":"5","C4":"5","45":"5","M4":"5","5M":"5","PX":"5","GW":"5"},"VG":{"XJ":"5","WH":"5","XM":"5","WM":"5","XP":"5","WJ":"5","XH":"5"},"XC":{"8X":"5","F2":"5","V6":"5","WH":"5","G3":"5","MC":"5","9X":"5","J3":"5","VR":"5","3H":"5","R6":"5","R7":"5","2C":"5","8P":"5","R5":"5","X8":"5","C9":"5","9M":"5","WM":"5","C6":"5","8H":"5","7M":"5","9W":"5","7R":"5","77":"5","VP":"5","24":"5","CP":"5","H5":"5","P5":"5","FV":"5","R9":"5","XH":"5","27":"5","Q3":"5","G7":"5","83":"5","87":"5","X7":"5","FR":"5","47":"5","3M":"5","XW":"5","75":"5","M6":"5","F7":"5","CQ":"5","7F":"5","C8":"5","W9":"5","FP":"5","G8":"5","P2":"5","72":"5","9H":"5","F5":"5","65":"5","FQ":"5","WF":"5","7C":"5","VQ":"5","H2":"5","WC":"5","WR":"5","VG":"5","6X":"5","RJ":"5","99":"5","8M":"5","4W":"5","J9":"5","9P":"5","QF":"5","Q8":"5","64":"5","WX":"5","XP":"5","RG":"5","2G":"5","73":"5","6V":"5","QC":"5","94":"5","46":"5","PF":"5","5W":"5","9F":"5","QH":"5","4H":"5","8G":"5","M2":"5","88":"5","RF":"5","5X":"5","85":"5","P7":"5","WW":"5","86":"5","7P":"5","Q7":"5","J5":"5","97":"5","9R":"5","8C":"5","9Q":"5","95":"5","78":"5","3G":"5","GX":"5","R4":"5","VJ":"5","H7":"5","Q2":"5","F8":"5","WV":"5","XC":"5","2H":"5","62":"5","H9":"5","7Q":"5","CM":"5","VC":"5","WQ":"5","M5":"5","R8":"5","X9":"5","Q6":"5","3J":"5","96":"5","Q9":"5","9J":"5","P9":"5","J2":"5","7J":"5","63":"5","J8":"5","7X":"5","XJ":"5","C3":"5","CR":"5","P8":"5","P3":"5","82":"5","93":"5","CJ":"5","9V":"5","VH":"5","WG":"5","Q5":"5","M9":"5","R3":"5","8W":"5","89":"5","79":"5","XV":"5","Q4":"5","8R":"5","M7":"5","G2":"5","98":"5","8F":"5","F3":"5","8V":"5","C2":"5","92":"5","8Q":"5","XM":"5","4X":"5","36":"5","F6":"5","3F":"5","8J":"5","J4":"5","CH":"5","VF":"5","G5":"5","WJ":"5","74":"5","CX":"5","9C":"5","CW":"5","H6":"5","H4":"5","G6":"5","F4":"5","J7":"5","7G":"5","RC":"5","FW":"5","76":"5","25":"5","6W":"5","84":"5","XQ":"5","7V":"5","V9":"5","RM":"5","V8":"5","4J":"5","26":"5","PG":"5","PC":"5","9G":"5","WP":"5","FX":"5","V3":"5","2J":"5","M8":"5","2F":"5","J6":"5","XF":"5","QG":"5","P4":"5","RH":"5","P6":"5","37":"5","W8":"5","C5":"5","C7":"5","M3":"5","4G":"5","XX":"5","XR":"5","V7":"5","7W":"5","CV":"5","W7":"5","H3":"5","V4":"5","H8":"5","G4":"5","VM":"5","7H":"5","C4":"5","M4":"5","2M":"5","GW":"5"},"XF":{"H9":"5","QF":"5","QJ":"5","99":"5","H5":"5","8G":"5","8P":"5","R6":"5","7Q":"5","7C":"5","63":"5","GR":"5","4J":"5","27":"5","9G":"5","9J":"5","8R":"5","9W":"5","CV":"5","QQ":"5","3P":"5","W7":"5","RJ":"5","J6":"5","MW":"5","FW":"5","W9":"5","HW":"5","52":"5","FM":"5","CX":"5","C4":"5","CC":"5","X4":"5","C3":"5","78":"5","77":"5","V8":"5","G2":"5","VR":"5","87":"5","9V":"5","FH":"5","5C":"5","FP":"5","J3":"5","79":"5","R8":"5","CP":"5","39":"5","3M":"5","V6":"5","MH":"5","CW":"5","3C":"5","FF":"5","2H":"5","M4":"5","HX":"5","94":"5","J4":"5","WV":"5","VV":"5","G8":"5","83":"5","33":"5","WM":"5","WF":"5","XH":"5","PF":"5","C6":"5","9H":"5","4C":"5","42":"5","Q7":"5","8J":"5","JH":"5","6M":"5","PR":"5","4H":"5","RG":"5","Q6":"5","66":"5","HQ":"5","VF":"5","53":"5","X7":"5","36":"5","XP":"5","PP":"5","RH":"5","43":"5","RM":"5","V7":"5","W3":"5","VG":"5","72":"5","P7":"5","VC":"5","F5":"5","9R":"5","86":"5","FX":"5","W5":"5","F7":"5","HG":"5","J5":"5","9M":"5","X6":"5","W2":"5","XC":"5","25":"5","X5":"5","37":"5","V5":"5","8F":"5","H4":"5","CG":"5","24":"5","8M":"5","XR":"5","9Q":"5","65":"5","HH":"5","XJ":"5","85":"5","29":"5","7M":"5","CR":"5","28":"5","HJ":"5","23":"5","8C":"5","G6":"5","GV":"5","MQ":"5","JR":"5","GM":"5","H7":"5","49":"5","XQ":"5","34":"5","HF":"5","84":"5","XG":"5","7F":"5","PC":"5","46":"5","FJ":"5","F4":"5","PM":"5","3F":"5","F9":"5","55":"5","GW":"5","54":"5","62":"5","JG":"5","V9":"5","WP":"5","73":"5","C8":"5","MF":"5","M9":"5","QV":"5","HV":"5","GH":"5","76":"5","M7":"5","JP":"5","F8":"5","5P":"5","M5":"5","VM":"5","C2":"5","P9":"5","JJ":"5","9P":"5","7G":"5","68":"5","GF":"5","7J":"5","75":"5","JQ":"5","FR":"5","W8":"5","92":"5","RP":"5","88":"5","2F":"5","98":"5","6J":"5","MC":"5","44":"5","HM":"5","WW":"5","C9":"5","48":"5","8Q":"5","WG":"5","MJ":"5","58":"5","CH":"5","HP":"5","FQ":"5","HR":"5","74":"5","PG":"5","R9":"5","9F":"5","5F":"5","MX":"5","JC":"5","38":"5","26":"5","93":"5","JV":"5","FC":"5","MG":"5","QR":"5","6C":"5","Q9":"5","47":"5","QG":"5","59":"5","GP":"5","32":"5","GG":"5","G9":"5","WH":"5","8V":"5","PW":"5","CJ":"5","8H":"5","F6":"5","MV":"5","GQ":"5","WC":"5","VH":"5","5J":"5","V2":"5","2J":"5","JM":"5","9C":"5","CF":"5","HC":"5","2C":"5","7R":"5","5G":"5","MM":"5","7P":"5","3G":"5","QM":"5","4G":"5","R7":"5","PH":"5","H6":"5","22":"5","82":"5","5H":"5","G4":"5","QP":"5","QH":"5","F2":"5","95":"5","J9":"5","G3":"5","57":"5","MP":"5","F3":"5","4P":"5","XX":"5","4F":"5","Q8":"5","CM":"5","RQ":"5","PV":"5","C7":"5","X3":"5","5M":"5","69":"5","WQ":"5","FG":"5","7H":"5","CQ":"5","JF":"5","P6":"5","W6":"5","RF":"5","56":"5","P8":"5","PJ":"5","2G":"5","M6":"5","FV":"5","RC":"5","35":"5","RR":"5","3J":"5","X9":"5","VP":"5","67":"5","XW":"5","V4":"5","89":"5","GC":"5","6F":"5","GJ":"5","H8":"5","C5":"5","6Q":"5","X2":"5","WR":"5","VJ":"5","64":"5","XF":"5","97":"5","6G":"5","V3":"5","45":"5","G7":"5","JW":"5","VQ":"5","WJ":"5","6H":"5","P5":"5","JX":"5","G5":"5","GX":"5","3H":"5","J8":"5","PQ":"5","MR":"5","M8":"5","96":"5","J7":"5","XV":"5","H2":"5","QC":"5","XM":"5","W4":"5","X8":"5","6P":"5","4M":"5","H3":"5"},"V9":{"RV":"5","VM":"5","WW":"5","RP":"5","VQ":"5","PW":"5","WV":"5","XW":"5","XV":"5","WR":"5","XX":"5","VR":"5","XQ":"5","QX":"5","WP":"5","WX":"5","VW":"5","XR":"5","PV":"5","WM":"5","VX":"5","QW":"5","PQ":"5","RW":"5","QP":"5","XP":"5","RQ":"5","WQ":"5","QQ":"5","VV":"5","QV":"5","PR":"5","RR":"5","VP":"5","RX":"5","XM":"5","PX":"5","QR":"5"},"WG":{"5J":"5","F2":"5","WH":"5","V6":"5","G3":"5","MC":"5","PH":"5","J3":"5","3H":"5","R6":"5","R7":"5","R5":"5","X8":"5","C9":"5","WM":"5","C6":"5","77":"5","H5":"5","P5":"5","6F":"5","R9":"5","XH":"5","G7":"5","83":"5","87":"5","X7":"5","X5":"5","FC":"5","75":"5","X4":"5","M6":"5","X3":"5","F7":"5","7F":"5","GC":"5","C8":"5","W9":"5","G8":"5","P2":"5","72":"5","WF":"5","7C":"5","H2":"5","WC":"5","JC":"5","VG":"5","5F":"5","66":"5","RJ":"5","99":"5","J9":"5","QF":"5","Q8":"5","RG":"5","2G":"5","73":"5","QC":"5","94":"5","PF":"5","QH":"5","5H":"5","F9":"5","4H":"5","5G":"5","M2":"5","88":"5","RF":"5","85":"5","P7":"5","86":"5","Q7":"5","J5":"5","97":"5","XG":"5","95":"5","78":"5","3G":"5","VJ":"5","H7":"5","F8":"5","X6":"5","XC":"5","2H":"5","62":"5","H9":"5","VC":"5","JF":"5","69":"5","M5":"5","R8":"5","X9":"5","Q6":"5","W6":"5","3J":"5","96":"5","Q9":"5","P9":"5","J2":"5","HC":"5","J8":"5","XJ":"5","P8":"5","P3":"5","82":"5","VH":"5","WG":"5","Q5":"5","M9":"5","89":"5","79":"5","MF":"5","Q4":"5","M7":"5","G2":"5","98":"5","F3":"5","XM":"5","3F":"5","J4":"5","4F":"5","VF":"5","G5":"5","6H":"5","WJ":"5","74":"5","H6":"5","H4":"5","G6":"5","6C":"5","J7":"5","7G":"5","RC":"5","MG":"5","76":"5","84":"5","V9":"5","V8":"5","4J":"5","6J":"5","HF":"5","PG":"5","6G":"5","PC":"5","2J":"5","M8":"5","2F":"5","J6":"5","XF":"5","QG":"5","P4":"5","RH":"5","67":"5","P6":"5","W5":"5","W4":"5","68":"5","W8":"5","C5":"5","G9":"5","C7":"5","M3":"5","4G":"5","V7":"5","W7":"5","H3":"5","H8":"5","G4":"5","7H":"5","M4":"5","2M":"5"},"XG":{"VP":"5","MH":"5","RW":"5","FM":"5","FC":"5","J4":"5","PQ":"5","VX":"5","26":"5","GR":"5","C8":"5","5C":"5","H6":"5","7J":"5","V8":"5","G7":"5","RH":"5","39":"5","G2":"5","GG":"5","XM":"5","F6":"5","CP":"5","WH":"5","M7":"5","7M":"5","M8":"5","H4":"5","Q9":"5","HM":"5","WG":"5","RR":"5","3M":"5","HQ":"5","2J":"5","69":"5","GC":"5","2M":"5","3H":"5","RG":"5","PP":"5","J3":"5","7G":"5","2C":"5","GQ":"5","WV":"5","QJ":"5","VR":"5","H8":"5","CQ":"5","QM":"5","9Q":"5","JH":"5","MQ":"5","VC":"5","R9":"5","3P":"5","HH":"5","6P":"5","G3":"5","38":"5","54":"5","43":"5","H9":"5","4P":"5","48":"5","MF":"5","53":"5","4G":"5","V7":"5","H3":"5","6C":"5","6F":"5","M5":"5","QH":"5","FF":"5","RC":"5","36":"5","49":"5","MG":"5","G9":"5","XH":"5","P7":"5","XV":"5","MM":"5","55":"5","QF":"5","28":"5","PW":"5","JQ":"5","4M":"5","F7":"5","3J":"5","C9":"5","F2":"5","JJ":"5","24":"5","4F":"5","JC":"5","8P":"5","PC":"5","7P":"5","29":"5","X9":"5","Q6":"5","WJ":"5","JG":"5","JV":"5","P5":"5","CC":"5","VW":"5","6H":"5","8H":"5","RV":"5","MR":"5","WF":"5","5F":"5","9M":"5","Q7":"5","2F":"5","9P":"5","9H":"5","GP":"5","8M":"5","5P":"5","5J":"5","RM":"5","VH":"5","45":"5","XG":"5","XJ":"5","QG":"5","VJ":"5","H2":"5","VQ":"5","HJ":"5","G5":"5","WR":"5","65":"5","FG":"5","3C":"5","CJ":"5","33":"5","V9":"5","5M":"5","CG":"5","JM":"5","8C":"5","44":"5","WC":"5","RF":"5","J6":"5","PG":"5","X8":"5","8G":"5","P9":"5","63":"5","5G":"5","7C":"5","W9":"5","J9":"5","XF":"5","GH":"5","64":"5","34":"5","9C":"5","RJ":"5","HR":"5","FJ":"5","G6":"5","VM":"5","F8":"5","XP":"5","H5":"5","8F":"5","PR":"5","FH":"5","QW":"5","3G":"5","XQ":"5","QR":"5","23":"5","46":"5","6M":"5","MJ":"5","FR":"5","PM":"5","R8":"5","35":"5","H7":"5","M9":"5","Q8":"5","8J":"5","GJ":"5","XC":"5","6G":"5","56":"5","9J":"5","P8":"5","HG":"5","59":"5","J7":"5","MP":"5","WP":"5","J2":"5","XX":"5","PH":"5","VG":"5","6J":"5","WX":"5","FQ":"5","VV":"5","9F":"5","7Q":"5","J8":"5","37":"5","QC":"5","HP":"5","R7":"5","8Q":"5","25":"5","CM":"5","J5":"5","9G":"5","GF":"5","JP":"5","W7":"5","M6":"5","47":"5","27":"5","XW":"5","HV":"5","JR":"5","2H":"5","3F":"5","FP":"5","MC":"5","4J":"5","WM":"5","M4":"5","PF":"5","CF":"5","MV":"5","7H":"5","G8":"5","GM":"5","4C":"5","W8":"5","QQ":"5","5H":"5","P6":"5","WW":"5","HC":"5","RP":"5","F9":"5","WQ":"5","PV":"5","RQ":"5","HF":"5","CH":"5","XR":"5","VF":"5","JF":"5","QP":"5","PJ":"5","7F":"5","R6":"5","G4":"5","4H":"5","QV":"5","2G":"5"},"W9":{"FF":"5","2X":"5","3R":"5","8X":"5","5J":"5","FM":"5","V6":"5","CC":"5","HG":"5","PH":"5","9X":"5","R6":"5","R7":"5","8P":"5","HH":"5","R5":"5","FH":"5","RR":"5","X8":"5","C9":"5","9M":"5","8H":"5","7M":"5","9W":"5","7R":"5","VP":"5","4Q":"5","CP":"5","H5":"5","3Q":"5","GG":"5","QM":"5","FV":"5","CF":"5","R9":"5","2R":"5","Q3":"5","G7":"5","3X":"5","X7":"5","FR":"5","X5":"5","3M":"5","FC":"5","JJ":"5","X4":"5","X3":"5","M6":"5","F7":"5","PV":"5","6P":"5","CQ":"5","5Q":"5","6R":"5","GC":"5","FP":"5","G8":"5","5P":"5","9H":"5","FQ":"5","GF":"5","VQ":"5","6X":"5","RJ":"5","8M":"5","4W":"5","J9":"5","9P":"5","HJ":"5","Q8":"5","6V":"5","RQ":"5","QR":"5","5W":"5","QH":"5","F9":"5","8G":"5","5X":"5","P7":"5","PM":"5","MP":"5","3P":"5","7P":"5","JH":"5","Q7":"5","J5":"5","9R":"5","9Q":"5","GH":"5","5R":"5","JP":"5","GX":"5","HR":"5","2W":"5","R4":"5","VJ":"5","H7":"5","F8":"5","X6":"5","V5":"5","2P":"5","H9":"5","7Q":"5","CM":"5","JF":"5","MX":"5","FJ":"5","M5":"5","4V":"5","R8":"5","Q6":"5","W6":"5","PJ":"5","PP":"5","HX":"5","MJ":"5","Q9":"5","9J":"5","QQ":"5","P9":"5","7J":"5","HC":"5","J8":"5","7X":"5","CR":"5","P8":"5","GR":"5","MM":"5","2V":"5","GQ":"5","MR":"5","CJ":"5","9V":"5","CG":"5","MH":"5","6Q":"5","Q5":"5","M9":"5","4R":"5","R3":"5","8W":"5","Q4":"5","4M":"5","6M":"5","8R":"5","M7":"5","GM":"5","JX":"5","JG":"5","PQ":"5","8F":"5","8V":"5","8Q":"5","4X":"5","F6":"5","HW":"5","8J":"5","CH":"5","QJ":"5","G5":"5","HP":"5","6H":"5","HV":"5","CX":"5","HQ":"5","5V":"5","CW":"5","MQ":"5","QP":"5","H6":"5","G6":"5","JV":"5","J7":"5","MV":"5","JQ":"5","MG":"5","FW":"5","6W":"5","7V":"5","FG":"5","RM":"5","V8":"5","4J":"5","6J":"5","PG":"5","9G":"5","GP":"5","4P":"5","FX":"5","M8":"5","J6":"5","GJ":"5","QG":"5","RH":"5","P6":"5","W5":"5","3W":"5","W4":"5","W8":"5","JM":"5","G9":"5","JR":"5","V7":"5","7W":"5","PR":"5","CV":"5","W7":"5","2Q":"5","3V":"5","H8":"5","VM":"5","RP":"5","7H":"5","5M":"5","2M":"5","PX":"5","GW":"5"}},"WF":{"GV":{"V5":"5"}},"PW":{"MG":{"G6":"5"},"95":{"H3":"5","G2":"5"},"PM":{"PV":"5","XP":"5","XQ":"5"},"H8":{"H4":"4"},"XH":{"P3":"5","M5":"5","36":"5"},"WJ":{"XC":"5"},"JF":{"32":"5"},"RX":{"QG":"5","QF":"5"},"WQ":{"WH":"5","8C":"5","77":"5","9F":"5","98":"5"},"XG":{"M7":"5","68":"5","69":"5"},"XJ":{"VJ":"5"},"FR":{"QH":"5"},"FM":{"7M":"5","7J":"5"},"VP":{"WX":"5"},"VF":{"28":"5","WR":"5"},"VG":{"WH":"5"},"WH":{"Q5":"5"},"XP":{"V9":"5","QH":"5","PJ":"5","W9":"5"},"WM":{"7J":"5"},"VH":{"7R":"5"},"RF":{"MM":"5"},"MF":{"62":"5"},"PF":{"R7":"5","Q5":"5"},"F6":{"Q7":"5"},"HX":{"VC":"5"},"G5":{"94":"4"},"VX":{"JQ":"5","CM":"5"},"GC":{"37":"5"},"WG":{"3Q":"5"},"G7":{"9W":"5"}},"XW":{"2G":{"WC":"5","V4":"5"},"RJ":{"2M":"5"},"W7":{"MH":"5","FM":"5","JG":"5","CM":"5","JM":"5","MG":"5","MM":"5"},"7C":{"V4":"5"}},"XV":{"JW":{"33":"5"}},"WR":{"QR":{"X8":"5"},"XF":{"5F":"5","87":"5","97":"5"},"RR":{"2G":"5","2F":"5"}},"R5":{"WH":{"68":"5"},"W9":{"XM":"5"},"9V":{"J6":"5","H6":"5"},"26":{"HF":"5"},"6P":{"RV":"5"}},"XX":{"Q6":{"PM":"5","MM":"5"},"R7":{"FJ":"5"},"M9":{"QP":"5"},"G8":{"X4":"5"},"P9":{"H5":"5","2W":"5"},"W4":{"6W":"5"},"M5":{"GC":"5"},"G6":{"JM":"5"},"Q8":{"FR":"5"},"P7":{"4C":"5"}},"X3":{"6F":{"8R":"5"},"7F":{"38":"5","3C":"5","7V":"5","7R":"5"},"5C":{"H3":"5"},"45":{"Q3":"5"},"J4":{"4F":"5"},"7Q":{"2W":"5"}},"VR":{"26":{"F7":"5"}},"XQ":{"WV":{"C9":"5"}},"QX":{"VX":{"Q7":"5"},"76":{"82":"5","GC":"5","H8":"5"},"H4":{"RF":"5"},"WP":{"XV":"5"},"9F":{"PW":"5"},"G4":{"MM":"5"},"22":{"MF":"5","9Q":"5"},"V9":{"G3":"5"},"45":{"W6":"5"},"6Q":{"58":"5"},"MG":{"3F":"5"},"P5":{"Q4":"5"},"MJ":{"XP":"5"},"75":{"7X":"5"},"C7":{"GV":"5","GW":"5"},"73":{"VQ":"5"},"F2":{"XV":"5"}},"V7":{"GJ":{"JG":"5"}},"VW":{"49":{"92":"5"},"WF":{"PP":"5"},"M2":{"4V":"5","4R":"5"},"56":{"X5":"5"},"53":{"J8":"5"},"92":{"5P":"5"},"GC":{"WQ":"5"},"55":{"MP":"5","GM":"5"},"6H":{"HJ":"5"},"W7":{"CV":"5"},"52":{"48":"5"},"45":{"X2":"5"},"2X":{"54":"5","45":"5"},"FF":{"2J":"5"},"R2":{"77":"5"},"5M":{"CR":"5"}},"MR":{"WP":{"V9":"5","W9":"5","V3":"5"},"XM":{"XP":"5"}},"PV":{"2J":{"77":"5","H6":"5"},"88":{"XM":"5"},"CG":{"22":"5"},"5P":{"WW":"5"},"8C":{"5C":"5"},"9C":{"CW":"5"},"7W":{"HW":"5","MQ":"5"},"7X":{"G9":"5"},"9F":{"GX":"5","HC":"5"},"XH":{"C5":"5"}},"WM":{"CW":{"MH":"5"}},"WC":{"7V":{"PP":"5","HP":"5"},"8V":{"CH":"5","CJ":"5"}},"VX":{"MC":{"WR":"5","XQ":"5"},"3H":{"WV":"5"},"CH":{"C9":"5"},"PC":{"2Q":"5","7W":"5","7X":"5","6R":"5"},"43":{"76":"5","86":"5"},"HX":{"9P":"5"}},"QW":{"CP":{"2X":"5"},"JV":{"RH":"5","QH":"5","RJ":"5","QJ":"5"},"6G":{"F6":"4","H6":"4"},"GM":{"HM":"5"},"4F":{"XG":"5","FP":"5","XW":"4","XH":"5"},"9Q":{"7W":"5"},"2J":{"PX":"5","CF":"5","PW":"5","MW":"5","V8":"5","9C":"5","JM":"5","X4":"5","RR":"5"},"2V":{"JM":"5","JP":"5"},"CM":{"WR":"5"},"3F":{"WQ":"5","WX":"5"},"3Q":{"J5":"5"},"7M":{"96":"5"},"2P":{"C5":"5","RW":"5","95":"5","66":"5","65":"5","XH":"5","84":"5"},"2M":{"H7":"5","95":"5","93":"5","R4":"5","HP":"5","FC":"5","7C":"5","H4":"5"},"5P":{"8R":"5","5F":"5","8Q":"5","7Q":"5","7R":"5"},"R5":{"82":"5"},"V2":{"9R":"5","5W":"5","8R":"5","5X":"5"},"5F":{"4X":"5","6H":"5","6J":"5"},"VV":{"5H":"5"},"3H":{"PX":"5","GX":"5","8M":"5","86":"5","MX":"5","G3":"5","FV":"5","7M":"5","JW":"5","FX":"5","7Q":"5"},"4J":{"72":"5","M9":"5"},"3M":{"QH":"5","R8":"5"},"7X":{"X4":"5"},"6P":{"FX":"5","HH":"5"},"5G":{"46":"5","QH":"4","35":"5","37":"5","47":"5","44":"5","QR":"4","33":"5","75":"5","43":"5","45":"5","27":"5","26":"5","36":"5","QJ":"4"},"9R":{"95":"5","3X":"5","49":"5","9F":"5"},"2G":{"HJ":"5","89":"5"},"3J":{"J2":"5","P2":"5","R4":"5","QW":"5","H3":"5","HJ":"5","HM":"5","HP":"5","H2":"5","75":"5","JJ":"5","2P":"5","H4":"5","H6":"5"},"CV":{"FF":"5"},"4M":{"64":"5"},"2H":{"PC":"5","3V":"5","2R":"5"},"8R":{"XC":"5","VG":"5"},"8M":{"8R":"5"},"4W":{"V3":"5"},"HG":{"65":"5"},"MH":{"4M":"5"},"4R":{"Q7":"5"},"4H":{"HG":"5","JG":"5","HF":"5","JF":"5","JJ":"5","7X":"5"},"RR":{"JH":"5"},"4P":{"Q5":"5","R5":"5"},"WG":{"78":"5","89":"5"},"CG":{"38":"5","48":"5"},"FX":{"7X":"5","G5":"5"},"4G":{"F8":"5","V7":"5","F7":"5","C8":"5","X4":"5","C7":"5","W9":"5"},"6M":{"FM":"5","GM":"5"},"3P":{"96":"5","93":"5","92":"5","98":"5","97":"5"}},"RW":{"FV":{"2V":"5"},"X7":{"88":"5","89":"5"},"8X":{"HC":"5"},"H4":{"MG":"5"},"GC":{"RJ":"5"},"3P":{"HF":"5"},"W7":{"2V":"5"},"X3":{"GX":"5"},"XC":{"2G":"5"},"22":{"JF":"5"},"VW":{"2C":"5"},"X2":{"H2":"5"},"8W":{"CQ":"5","9R":"5","CG":"5","CF":"5","CR":"5","QQ":"5","9Q":"5"},"GJ":{"27":"5"},"V2":{"VH":"4"},"C3":{"3P":"5"},"7H":{"37":"5"}},"X8":{"2H":{"92":"5"}},"XJ":{"GC":{"7J":"5"}},"R2":{"C3":{"93":"5"}},"R4":{"27":{"G9":"5"},"26":{"2X":"5"}},"RQ":{"CQ":{"H4":"5"},"QH":{"4X":"5"},"F8":{"R8":"5"},"FP":{"G4":"5"}},"WQ":{"9C":{"MJ":"5"},"3C":{"89":"5","8W":"5","83":"5","5V":"5","4V":"5","FM":"5","32":"5","FC":"5","95":"5","F3":"5","26":"5","GR":"5","C8":"5","5C":"5","7J":"5","72":"5","7W":"5","39":"5","CV":"5","GG":"5","F6":"5","CP":"5","7M":"5","3M":"5","2J":"5","69":"5","73":"5","86":"5","GC":"5","2M":"5","78":"5","3H":"5","C5":"5","6X":"5","FV":"5","7G":"5","GQ":"5","2C":"5","6V":"5","CQ":"5","9Q":"5","FW":"5","5Q":"5","3P":"5","4W":"5","6P":"5","38":"5","54":"5","43":"5","4P":"5","48":"5","22":"5","75":"5","C3":"5","7V":"5","53":"5","4G":"5","6C":"5","6F":"5","62":"5","57":"5","FF":"5","36":"5","49":"5","G9":"5","3X":"5","96":"5","55":"5","28":"5","4M":"5","F7":"5","F4":"5","3J":"5","F2":"5","C9":"5","2X":"5","68":"5","4Q":"5","5R":"5","GX":"5","52":"5","C4":"5","24":"5","4F":"5","74":"5","8P":"5","6W":"5","7P":"5","29":"5","76":"5","58":"5","CC":"5","6H":"5","8H":"5","5F":"5","3Q":"5","9M":"5","CR":"5","7R":"5","FX":"5","5X":"5","2F":"5","9P":"5","9H":"5","GP":"5","CX":"5","8V":"5","8M":"5","5P":"5","5J":"5","9W":"5","45":"5","9X":"5","3V":"5","4R":"5","98":"5","93":"5","84":"5","65":"5","79":"5","FG":"5","3C":"5","CJ":"5","6Q":"5","5M":"5","CG":"5","8C":"5","44":"5","GV":"5","9R":"5","8G":"5","63":"5","5G":"5","7C":"5","67":"5","GH":"5","9V":"5","64":"5","9C":"5","FJ":"5","92":"5","2W":"5","2Q":"5","F8":"5","3R":"5","8F":"5","FH":"5","3G":"5","23":"5","46":"5","99":"5","6M":"5","FR":"5","7X":"5","C2":"5","97":"5","35":"5","8R":"5","2P":"5","GJ":"5","8J":"5","6G":"5","56":"5","8X":"5","9J":"5","F5":"5","3W":"5","59":"5","82":"5","87":"5","6J":"5","FQ":"5","9F":"5","7Q":"5","37":"5","C7":"5","5W":"5","8Q":"5","25":"5","CM":"5","9G":"5","GF":"5","85":"5","47":"5","27":"5","2H":"5","3F":"5","FP":"5","4J":"5","CF":"5","4X":"5","G8":"5","7H":"5","GM":"5","2R":"5","4C":"5","5H":"5","GW":"5","F9":"5","6R":"5","CW":"5","66":"5","77":"5","CH":"5","94":"5","7F":"5","42":"5","88":"5","C6":"5","4H":"5","2G":"5","2V":"5"},"2G":{"FF":"5","3R":"5","5J":"5","FM":"5","F2":"5","CC":"5","G3":"5","HG":"5","J3":"5","39":"5","3H":"5","42":"5","2C":"5","8P":"5","HH":"5","R5":"5","FH":"5","C9":"5","9M":"5","8H":"5","7M":"5","9W":"5","7R":"5","4Q":"5","CP":"5","38":"5","H5":"5","P5":"5","3Q":"5","GG":"5","6F":"5","V2":"5","CF":"5","2R":"5","Q3":"5","83":"5","R2":"5","29":"5","X5":"5","3M":"5","FC":"5","JJ":"5","X4":"5","X3":"5","6P":"5","CQ":"5","5Q":"5","7F":"5","6R":"5","GC":"5","FP":"5","P2":"5","HM":"5","5P":"5","72":"5","9H":"5","F5":"5","FQ":"5","GF":"5","7C":"5","3C":"5","H2":"5","5F":"5","99":"5","8M":"5","28":"5","4W":"5","9P":"5","HJ":"5","2G":"5","73":"5","6V":"5","94":"5","5W":"5","9F":"5","5H":"5","4H":"5","8G":"5","52":"5","32":"5","5G":"5","M2":"5","3P":"5","7P":"5","JH":"5","J5":"5","9R":"5","8C":"5","9Q":"5","GH":"5","5R":"5","3G":"5","59":"5","2W":"5","R4":"5","X2":"5","4C":"5","Q2":"5","W3":"5","V5":"5","2H":"5","2P":"5","62":"5","7Q":"5","CM":"5","JF":"5","W2":"5","FJ":"5","69":"5","M5":"5","4V":"5","3J":"5","9J":"5","J2":"5","7J":"5","HC":"5","63":"5","C3":"5","CR":"5","P3":"5","2V":"5","82":"5","93":"5","CJ":"5","9V":"5","CG":"5","6Q":"5","Q5":"5","4R":"5","R3":"5","8W":"5","5C":"5","89":"5","79":"5","Q4":"5","4M":"5","6M":"5","8R":"5","GM":"5","JG":"5","G2":"5","8F":"5","F3":"5","8V":"5","C2":"5","92":"5","8Q":"5","3F":"5","8J":"5","J4":"5","4F":"5","CH":"5","G5":"5","6H":"5","9C":"5","5V":"5","CW":"5","H4":"5","6C":"5","F4":"5","7G":"5","6W":"5","84":"5","7V":"5","FG":"5","4J":"5","6J":"5","HF":"5","6G":"5","9G":"5","GP":"5","4P":"5","V3":"5","2J":"5","49":"5","2F":"5","J6":"5","GJ":"5","P4":"5","W5":"5","3W":"5","W4":"5","C5":"5","M3":"5","4G":"5","7W":"5","CV":"5","H3":"5","V4":"5","2Q":"5","3V":"5","G4":"5","7H":"5","C4":"5","M4":"5","5M":"5","2M":"5"},"39":{"6V":"5","29":"5","8P":"5","3P":"5","9F":"5","25":"5","66":"5","4H":"5","39":"5","59":"5","6F":"5","2X":"5","8V":"5","4R":"5","4M":"5","36":"5","8F":"5","2J":"5","8R":"5","5G":"5","5H":"5","5X":"5","23":"5","8M":"5","2G":"5","9R":"5","54":"5","37":"5","9W":"5","3M":"5","9G":"5","46":"5","2M":"5","9Q":"5","CV":"5","7F":"5","79":"5","68":"5","76":"5","6Q":"5","4G":"5","26":"5","CR":"5","32":"5","3Q":"5","4X":"5","8H":"5","4C":"5","9P":"5","3V":"5","2V":"5","4W":"5","7R":"5","24":"5","88":"5","CQ":"5","35":"5","9X":"5","9C":"5","CW":"5","44":"5","47":"5","7W":"5","8Q":"5","4V":"5","5J":"5","45":"5","7C":"5","7P":"5","5P":"5","2P":"5","5V":"5","27":"5","57":"5","53":"5","7J":"5","9V":"5","9H":"5","33":"5","7H":"5","2F":"5","9M":"5","4J":"5","49":"5","48":"5","7Q":"5","3H":"5","6J":"5","3F":"5","4P":"5","2Q":"5","5C":"5","7X":"5","5R":"5","34":"5","6P":"5","7M":"5","2C":"5","4F":"5","8W":"5","CX":"5","5F":"5","77":"5","9J":"5","65":"5","3J":"5","5M":"5","7V":"5","4Q":"5","2H":"5","6M":"5","78":"5","99":"5","6C":"5","3R":"5","43":"5","55":"5","38":"5","8X":"5","8C":"5","67":"5","56":"5","89":"5","2R":"5","7G":"5","22":"5","6X":"5","8G":"5","58":"5","2W":"5","3X":"5","42":"5","8J":"5","69":"5","6R":"5","6G":"5","3W":"5","3G":"5","28":"5","5Q":"5","6W":"5","6H":"5","3C":"5","52":"5","5W":"5"},"2C":{"FF":"5","2X":"5","3R":"5","8X":"5","22":"5","5J":"5","FM":"5","F2":"5","WH":"5","V6":"5","CC":"5","G3":"5","MC":"5","HG":"5","PH":"5","9X":"5","J3":"5","39":"5","VR":"5","QX":"5","3H":"5","R6":"5","42":"5","R7":"5","2C":"5","HH":"5","8P":"5","R5":"5","FH":"5","RR":"5","X8":"5","C9":"5","9M":"5","57":"5","WM":"5","C6":"5","8H":"5","7M":"5","9W":"5","7R":"5","77":"5","VP":"5","4Q":"5","CP":"5","38":"5","H5":"5","P5":"5","3Q":"5","GG":"5","QM":"5","6F":"5","V2":"5","FV":"5","56":"5","CF":"5","R9":"5","44":"5","XH":"5","27":"5","2R":"5","Q3":"5","G7":"5","83":"5","87":"5","R2":"5","3X":"5","X7":"5","29":"5","FR":"5","47":"5","X5":"5","3M":"5","FC":"5","XW":"5","75":"5","JJ":"5","X4":"5","X3":"5","M6":"5","F7":"5","VV":"5","PV":"5","6P":"5","CQ":"5","5Q":"5","7F":"5","VW":"5","6R":"5","GC":"5","C8":"5","W9":"5","FP":"5","G8":"5","P2":"5","HM":"5","GV":"5","5P":"5","72":"5","9H":"5","F5":"5","65":"5","FQ":"5","GF":"5","WF":"5","7C":"5","3C":"5","54":"5","VQ":"5","H2":"5","43":"5","WC":"5","JC":"5","WR":"5","VG":"5","5F":"5","66":"5","6X":"5","RW":"5","RJ":"5","99":"5","23":"5","8M":"5","28":"5","4W":"5","J9":"5","33":"5","9P":"5","58":"5","QF":"5","HJ":"5","Q8":"5","64":"5","WX":"5","XP":"5","RG":"5","53":"5","73":"5","6V":"5","QC":"5","94":"5","46":"5","RQ":"5","QR":"5","PF":"5","5W":"5","9F":"5","QH":"5","5H":"5","F9":"5","4H":"5","8G":"5","52":"5","32":"5","5G":"5","M2":"5","88":"5","RX":"5","RF":"5","5X":"5","85":"5","P7":"5","PM":"5","WW":"5","86":"5","MP":"5","3P":"5","JH":"5","7P":"5","Q7":"5","J5":"5","XG":"5","97":"5","9R":"5","8C":"5","9Q":"5","GH":"5","95":"5","78":"5","5R":"5","3G":"5","JP":"5","GX":"5","HR":"5","59":"5","2W":"5","R4":"5","X2":"5","VJ":"5","H7":"5","4C":"5","Q2":"5","F8":"5","X6":"5","WV":"5","W3":"5","V5":"5","XC":"5","2P":"5","62":"5","H9":"5","7Q":"5","VC":"5","CM":"5","JF":"5","WQ":"5","W2":"5","MX":"5","FJ":"5","69":"5","M5":"5","4V":"5","34":"5","R8":"5","X9":"5","Q6":"5","PJ":"5","W6":"5","3J":"5","PP":"5","HX":"5","96":"5","MJ":"5","Q9":"5","9J":"5","QQ":"5","P9":"5","J2":"5","7J":"5","HC":"5","63":"5","J8":"5","XJ":"5","7X":"5","C3":"5","CR":"5","P8":"5","GR":"5","P3":"5","MM":"5","2V":"5","82":"5","93":"5","GQ":"5","MR":"5","CJ":"5","9V":"5","CG":"5","MH":"5","VH":"5","6Q":"5","WG":"5","Q5":"5","M9":"5","4R":"5","R3":"5","8W":"5","5C":"5","89":"5","MF":"5","79":"5","QV":"5","XV":"5","Q4":"5","4M":"5","6M":"5","QW":"5","M7":"5","8R":"5","GM":"5","JX":"5","48":"5","JG":"5","G2":"5","98":"5","PQ":"5","8F":"5","F3":"5","8V":"5","C2":"5","92":"5","8Q":"5","XM":"5","4X":"5","36":"5","F6":"5","HW":"5","3F":"5","8J":"5","J4":"5","4F":"5","CH":"5","QJ":"5","RV":"5","VF":"5","G5":"5","HP":"5","6H":"5","WJ":"5","74":"5","HV":"5","CX":"5","HQ":"5","9C":"5","5V":"5","MQ":"5","CW":"5","QP":"5","H6":"5","H4":"5","JV":"5","G6":"5","6C":"5","F4":"5","J7":"5","7G":"5","VX":"5","RC":"5","MV":"5","JQ":"5","MG":"5","FW":"5","76":"5","6W":"5","84":"5","XQ":"5","7V":"5","FG":"5","RM":"5","V9":"5","V8":"5","4J":"5","6J":"5","26":"5","HF":"5","PG":"5","6G":"5","PC":"5","9G":"5","WP":"5","GP":"5","4P":"5","V3":"5","FX":"5","2J":"5","49":"5","M8":"5","2F":"5","J6":"5","XF":"5","GJ":"5","QG":"5","P4":"5","RH":"5","67":"5","P6":"5","W5":"5","37":"5","3W":"5","W4":"5","35":"5","68":"5","MW":"5","W8":"5","JM":"5","C5":"5","G9":"5","C7":"5","M3":"5","4G":"5","XX":"5","55":"5","JR":"5","XR":"5","V7":"5","7W":"5","PR":"5","CV":"5","PW":"5","W7":"5","H3":"5","V4":"5","2Q":"5","3V":"5","H8":"5","JW":"5","G4":"5","VM":"5","RP":"5","7H":"5","C4":"5","45":"5","M4":"5","5M":"5","2M":"5","PX":"5","GW":"5"},"3F":{"FF":"5","2X":"5","3R":"5","22":"5","5J":"5","FM":"5","F2":"5","G3":"5","CC":"5","39":"5","3H":"5","42":"5","2C":"5","8P":"5","FH":"5","C9":"5","9M":"5","57":"5","C6":"5","8H":"5","7M":"5","7R":"5","77":"5","4Q":"5","CP":"5","24":"5","38":"5","3Q":"5","GG":"5","6F":"5","56":"5","CF":"5","44":"5","27":"5","2R":"5","G7":"5","83":"5","87":"5","3X":"5","29":"5","47":"5","3M":"5","FC":"5","75":"5","F7":"5","6P":"5","CQ":"5","5Q":"5","7F":"5","6R":"5","GC":"5","C8":"5","G8":"5","5P":"5","72":"5","9H":"5","F5":"5","65":"5","GF":"5","7C":"5","3C":"5","54":"5","43":"5","5F":"5","66":"5","6X":"5","99":"5","23":"5","8M":"5","28":"5","4W":"5","33":"5","9P":"5","58":"5","64":"5","53":"5","2G":"5","73":"5","6V":"5","94":"5","46":"5","5W":"5","9F":"5","5H":"5","F9":"5","4H":"5","8G":"5","52":"5","32":"5","5G":"5","88":"5","5X":"5","85":"5","86":"5","3P":"5","7P":"5","97":"5","9R":"5","8C":"5","9Q":"5","95":"5","78":"5","5R":"5","3G":"5","59":"5","2W":"5","4C":"5","F8":"5","2H":"5","2P":"5","62":"5","7Q":"5","CM":"5","FJ":"5","69":"5","4V":"5","34":"5","3J":"5","96":"5","9J":"5","7J":"5","63":"5","7X":"5","C3":"5","2V":"5","82":"5","93":"5","CJ":"5","9V":"5","CG":"5","6Q":"5","4R":"5","8W":"5","5C":"5","89":"5","79":"5","4M":"5","6M":"5","8R":"5","G2":"5","48":"5","98":"5","8F":"5","F3":"5","8V":"5","C2":"5","92":"5","8Q":"5","4X":"5","36":"5","F6":"5","3F":"5","8J":"5","4F":"5","CH":"5","G5":"5","6H":"5","74":"5","9C":"5","5V":"5","G6":"5","6C":"5","F4":"5","7G":"5","76":"5","25":"5","6W":"5","84":"5","7V":"5","FG":"5","4J":"5","6J":"5","26":"5","6G":"5","9G":"5","4P":"5","2J":"5","49":"5","2F":"5","67":"5","37":"5","3W":"5","35":"5","68":"5","C5":"5","G9":"5","C7":"5","4G":"5","55":"5","7W":"5","2Q":"5","3V":"5","G4":"5","7H":"5","C4":"5","45":"5","5M":"5","2M":"5"},"2F":{"FF":"5","2X":"5","3R":"5","8X":"5","22":"5","5J":"5","FM":"5","F2":"5","WH":"5","V6":"5","CC":"5","G3":"5","MC":"5","HG":"5","PH":"5","9X":"5","J3":"5","39":"5","VR":"5","QX":"5","3H":"5","R6":"5","42":"5","R7":"5","2C":"5","HH":"5","8P":"5","R5":"5","FH":"5","RR":"5","X8":"5","C9":"5","9M":"5","57":"5","WM":"5","C6":"5","8H":"5","7M":"5","9W":"5","7R":"5","77":"5","VP":"5","4Q":"5","CP":"5","24":"5","38":"5","H5":"5","P5":"5","3Q":"5","GG":"5","QM":"5","6F":"5","V2":"5","FV":"5","56":"5","CF":"5","R9":"5","44":"5","XH":"5","27":"5","2R":"5","Q3":"5","G7":"5","83":"5","87":"5","R2":"5","3X":"5","X7":"5","29":"5","FR":"5","47":"5","X5":"5","3M":"5","FC":"5","XW":"5","75":"5","JJ":"5","X4":"5","X3":"5","M6":"5","F7":"5","VV":"5","PV":"5","6P":"5","CQ":"5","5Q":"5","7F":"5","VW":"5","6R":"5","GC":"5","C8":"5","W9":"5","FP":"5","G8":"5","P2":"5","GV":"5","HM":"5","5P":"5","72":"5","9H":"5","F5":"5","65":"5","FQ":"5","GF":"5","WF":"5","7C":"5","3C":"5","54":"5","VQ":"5","H2":"5","43":"5","WC":"5","JC":"5","WR":"5","VG":"5","5F":"5","66":"5","6X":"5","RW":"5","RJ":"5","99":"5","23":"5","8M":"5","28":"5","4W":"5","J9":"5","33":"5","9P":"5","58":"5","QF":"5","HJ":"5","Q8":"5","64":"5","WX":"5","XP":"5","RG":"5","53":"5","2G":"5","73":"5","6V":"5","QC":"5","94":"5","46":"5","RQ":"5","QR":"5","PF":"5","5W":"5","9F":"5","QH":"5","5H":"5","F9":"5","4H":"5","8G":"5","52":"5","32":"5","5G":"5","M2":"5","88":"5","RX":"5","RF":"5","5X":"5","85":"5","P7":"5","PM":"5","WW":"5","86":"5","MP":"5","3P":"5","7P":"5","JH":"5","Q7":"5","J5":"5","XG":"5","97":"5","9R":"5","8C":"5","9Q":"5","GH":"5","95":"5","78":"5","5R":"5","3G":"5","JP":"5","GX":"5","HR":"5","59":"5","2W":"5","R4":"5","X2":"5","VJ":"5","H7":"5","4C":"5","Q2":"5","F8":"5","X6":"5","WV":"5","W3":"5","V5":"5","XC":"5","2H":"5","2P":"5","62":"5","H9":"5","7Q":"5","VC":"5","CM":"5","JF":"5","WQ":"5","W2":"5","MX":"5","FJ":"5","69":"5","M5":"5","4V":"5","34":"5","R8":"5","X9":"5","Q6":"5","W6":"5","PJ":"5","3J":"5","PP":"5","HX":"5","96":"5","MJ":"5","Q9":"5","9J":"5","QQ":"5","P9":"5","J2":"5","7J":"5","HC":"5","63":"5","J8":"5","7X":"5","XJ":"5","C3":"5","CR":"5","P8":"5","GR":"5","P3":"5","MM":"5","2V":"5","82":"5","93":"5","GQ":"5","MR":"5","CJ":"5","CG":"5","9V":"5","MH":"5","VH":"5","6Q":"5","WG":"5","Q5":"5","M9":"5","4R":"5","R3":"5","8W":"5","5C":"5","89":"5","MF":"5","79":"5","QV":"5","XV":"5","Q4":"5","4M":"5","6M":"5","QW":"5","M7":"5","8R":"5","GM":"5","JX":"5","JG":"5","48":"5","G2":"5","98":"5","PQ":"5","8F":"5","F3":"5","8V":"5","C2":"5","92":"5","8Q":"5","XM":"5","4X":"5","36":"5","F6":"5","HW":"5","3F":"5","8J":"5","J4":"5","4F":"5","CH":"5","QJ":"5","RV":"5","VF":"5","G5":"5","HP":"5","6H":"5","WJ":"5","74":"5","HV":"5","CX":"5","9C":"5","HQ":"5","5V":"5","MQ":"5","CW":"5","QP":"5","H6":"5","H4":"5","JV":"5","G6":"5","6C":"5","F4":"5","J7":"5","7G":"5","VX":"5","RC":"5","MV":"5","JQ":"5","MG":"5","FW":"5","76":"5","25":"5","6W":"5","84":"5","XQ":"5","7V":"5","FG":"5","V9":"5","V8":"5","RM":"5","4J":"5","6J":"5","26":"5","HF":"5","PG":"5","6G":"5","PC":"5","9G":"5","WP":"5","GP":"5","4P":"5","V3":"5","FX":"5","2J":"5","49":"5","M8":"5","2F":"5","J6":"5","XF":"5","GJ":"5","QG":"5","P4":"5","RH":"5","67":"5","P6":"5","W5":"5","37":"5","3W":"5","W4":"5","35":"5","68":"5","MW":"5","W8":"5","JM":"5","C5":"5","G9":"5","C7":"5","M3":"5","4G":"5","XX":"5","55":"5","JR":"5","V7":"5","XR":"5","7W":"5","PR":"5","CV":"5","PW":"5","W7":"5","H3":"5","V4":"5","2Q":"5","3V":"5","H8":"5","JW":"5","G4":"5","VM":"5","RP":"5","7H":"5","C4":"5","45":"5","M4":"5","5M":"5","2M":"5","PX":"5","GW":"5"},"29":{"H9":"5","2Q":"5","QF":"5","QJ":"5","99":"5","H5":"5","8G":"5","8P":"5","R6":"5","7Q":"5","7C":"5","63":"5","GR":"5","4J":"5","27":"5","9G":"5","5V":"5","9J":"5","8R":"5","9W":"5","R4":"5","QQ":"5","CV":"5","3P":"5","W7":"5","RJ":"5","2V":"5","J6":"5","MW":"5","FW":"5","W9":"5","HW":"5","52":"5","FM":"5","CX":"5","C4":"5","CC":"5","X4":"5","C3":"5","6V":"5","78":"5","77":"5","V8":"5","G2":"5","VR":"5","87":"5","9V":"5","4W":"5","FH":"5","5C":"5","FP":"5","J3":"5","79":"5","R8":"5","CP":"5","39":"5","V6":"5","MH":"5","6R":"5","CW":"5","3C":"5","FF":"5","M4":"5","HX":"5","94":"5","J4":"5","VV":"5","WV":"5","G8":"5","33":"5","5X":"5","WM":"5","XH":"5","PF":"5","C6":"5","9H":"5","4C":"5","42":"5","Q7":"5","8J":"5","6W":"5","JH":"5","6M":"5","PR":"5","M2":"5","4H":"5","RG":"5","Q6":"5","4Q":"5","66":"5","HQ":"5","VF":"5","53":"5","X7":"5","XP":"5","PP":"5","VW":"5","RH":"5","M3":"5","43":"5","RM":"5","V7":"5","W3":"5","VG":"5","72":"5","P7":"5","VC":"5","F5":"5","VX":"5","9R":"5","86":"5","FX":"5","W5":"5","F7":"5","HG":"5","J5":"5","9M":"5","X6":"5","W2":"5","XC":"5","X5":"5","V5":"5","8F":"5","H4":"5","CG":"5","P4":"5","8M":"5","XR":"5","9Q":"5","65":"5","HH":"5","XJ":"5","85":"5","29":"5","7M":"5","CR":"5","28":"5","8W":"5","HJ":"5","8C":"5","G6":"5","GV":"5","MQ":"5","JR":"5","GM":"5","H7":"5","49":"5","XQ":"5","34":"5","HF":"5","84":"5","XG":"5","WX":"5","7F":"5","PC":"5","RW":"5","FJ":"5","F4":"5","PM":"5","3F":"5","F9":"5","55":"5","9X":"5","GW":"5","54":"5","62":"5","JG":"5","V9":"5","P3":"5","WP":"5","73":"5","C8":"5","Q2":"5","MF":"5","M9":"5","QV":"5","7X":"5","HV":"5","GH":"5","76":"5","M7":"5","JP":"5","F8":"5","5P":"5","M5":"5","VM":"5","PX":"5","7V":"5","P9":"5","C2":"5","JJ":"5","9P":"5","7G":"5","GF":"5","7J":"5","75":"5","JQ":"5","FR":"5","QX":"5","W8":"5","92":"5","RP":"5","88":"5","2F":"5","98":"5","6J":"5","MC":"5","4X":"5","44":"5","HM":"5","WW":"5","C9":"5","48":"5","8Q":"5","WG":"5","MJ":"5","CH":"5","HP":"5","FQ":"5","HR":"5","74":"5","PG":"5","8X":"5","R9":"5","R3":"5","9F":"5","5F":"5","MX":"5","JC":"5","38":"5","93":"5","7W":"5","JV":"5","FC":"5","MG":"5","QR":"5","6C":"5","Q9":"5","QG":"5","GP":"5","32":"5","GG":"5","WH":"5","G9":"5","3X":"5","Q5":"5","4R":"5","3R":"5","8V":"5","PW":"5","CJ":"5","8H":"5","F6":"5","Q3":"5","MV":"5","GQ":"5","WC":"5","VH":"5","R5":"5","5J":"5","V2":"5","QW":"5","JM":"5","9C":"5","CF":"5","3Q":"5","HC":"5","2X":"5","2C":"5","7R":"5","5G":"5","MM":"5","7P":"5","3G":"5","QM":"5","4G":"5","R7":"5","PH":"5","H6":"5","22":"5","3V":"5","5H":"5","G4":"5","2P":"5","2M":"5","QP":"5","QH":"5","F2":"5","95":"5","J9":"5","G3":"5","2W":"5","RX":"5","MP":"5","F3":"5","4P":"5","XX":"5","4F":"5","Q8":"5","CM":"5","RQ":"5","PV":"5","C7":"5","X3":"5","5M":"5","2R":"5","WQ":"5","FG":"5","7H":"5","CQ":"5","JF":"5","5R":"5","P6":"5","R2":"5","W6":"5","RF":"5","P8":"5","PJ":"5","2G":"5","M6":"5","RV":"5","FV":"5","RC":"5","RR":"5","X9":"5","VP":"5","67":"5","3W":"5","XW":"5","5W":"5","V4":"5","89":"5","P2":"5","6X":"5","Q4":"5","GC":"5","6F":"5","GJ":"5","H8":"5","4V":"5","C5":"5","6Q":"5","X2":"5","WR":"5","VJ":"5","64":"5","XF":"5","97":"5","6G":"5","V3":"5","45":"5","G7":"5","JW":"5","VQ":"5","WJ":"5","6H":"5","P5":"5","5Q":"5","JX":"5","G5":"5","GX":"5","J8":"5","PQ":"5","MR":"5","M8":"5","J2":"5","96":"5","J7":"5","XV":"5","H2":"5","QC":"5","XM":"5","W4":"5","X8":"5","6P":"5","4M":"5","H3":"5"},"3G":{"25":"5","33":"5","34":"5","42":"5","43":"5","53":"5","23":"5","44":"5","63":"5","62":"5","22":"5","72":"5","52":"5","24":"5","32":"5","54":"5","35":"5"},"28":{"CP":"5","7Q":"5","JW":"5","FV":"5","JV":"5","9Q":"5","2J":"5","2V":"5","5R":"5","9X":"5","FQ":"5","7W":"5","CM":"5","3X":"5","27":"5","3Q":"5","2M":"5","6Q":"5","FP":"5","7P":"5","FW":"5","3W":"5","JR":"5","GR":"5","3H":"5","FR":"5","26":"5","FM":"5","9V":"5","4X":"5","CX":"5","QX":"5","4J":"5","JX":"5","8Q":"5","HR":"5","MV":"5","GQ":"5","CW":"5","3M":"5","5X":"5","7V":"5","7X":"5","9P":"5","7R":"5","6X":"5","9R":"5","CR":"5","6W":"5","GX":"5","3J":"5","CV":"5","8V":"5","HV":"5","4M":"5","HW":"5","8X":"5","2H":"5","HQ":"5","3G":"5","MW":"5","MX":"5","8R":"5","2X":"5","8P":"5","25":"5","4R":"5","4H":"5","PW":"5","9W":"5","6R":"5","2W":"5","HX":"5","6V":"5","4Q":"5","4P":"5","PX":"5","GV":"5","5Q":"5","FX":"5","GW":"5","CQ":"5","8W":"5","3P":"5"}},"XH":{"RH":{"RH":"5"}},"QQ":{"PP":{"QH":"5"},"MV":{"3H":"5"},"FM":{"CF":"5","FH":"5"},"CV":{"9H":"5"},"FW":{"C9":"5"},"6H":{"Q4":"5","P4":"5"},"7V":{"J5":"5","J3":"5"},"X7":{"Q9":"5"}},"V3":{"PR":{"Q4":"5"}},"VV":{"GQ":{"C8":"5","F8":"5","77":"5"},"9H":{"MF":"5"}},"QV":{"RP":{"VR":"5"},"WH":{"JW":"5"},"MW":{"CF":"5"},"6H":{"JX":"5"},"JR":{"MP":"5"},"GW":{"V6":"5"},"WG":{"FW":"5"},"HW":{"G7":"5","HC":"5"},"PV":{"FC":"5"},"HQ":{"PX":"5"}},"PR":{"2J":{"QM":"5"},"PV":{"HR":"5","GQ":"5","GR":"5","HQ":"5","HV":"5","GW":"5"},"2M":{"2J":"4","5G":"5"}},"W3":{"2R":{"HH":"5"}},"JX":{"GX":{"PW":"5","MX":"5"},"RP":{"RW":"5"},"RQ":{"Q2":"5","7R":"5"}},"RR":{"QH":{"X4":"5"},"JQ":{"9V":"5"},"5M":{"FW":"5"},"8R":{"H3":"5"},"8C":{"5Q":"5"},"WF":{"49":"5"},"87":{"7F":"5"},"26":{"VR":"5"},"8Q":{"HW":"5","JW":"5"},"85":{"J3":"5"}},"VP":{"56":{"JW":"5"},"6M":{"WF":"5"},"66":{"26":"5"}},"RX":{"4H":{"H4":"5"},"2J":{"MG":"5"},"72":{"R9":"5"},"6X":{"XV":"5","WV":"5"},"W2":{"GQ":"5","JX":"5"}},"PX":{"V2":{"78":"5"},"W5":{"42":"5"},"V7":{"JF":"5"},"JX":{"M2":"5"},"W4":{"M3":"5","95":"5"},"V3":{"QG":"5"},"V6":{"RH":"5","QG":"5"}},"R3":{"8R":{"X7":"5"},"4V":{"RV":"5"},"55":{"6G":"5","6H":"5"}},"QR":{"R2":{"7X":"5"},"Q4":{"52":"5"},"P5":{"C9":"5"},"P4":{"6H":"5","R6":"5"}},"XG":{"9C":{"P7":"5"}}}}