{"index":{"university,1|retail,2|tourism,3|wreck,4|historical,5|artsCulture,6|namedBuilding,7|water,8|wetland,9|park,10|beach,11|natureReserve,12|cemetery,13|trail,14":{}},"4R":{"89":{"XC":{"C8":"5","35":"5"},"P6":{"JR":"5"},"J8":{"FC":"5"},"VV":{"34":"5","22":"5","33":"5"},"VR":{"2X":"5","3X":"5","2W":"5"},"W7":{"P6":"5"},"J9":{"V2":"5"},"X7":{"GG":"5","C7":"5"},"W8":{"XV":"5","XR":"5"},"X2":{"FX":"5"}},"J4":{"8X":{"5C":"5","59":"5"},"PQ":{"27":"5"},"8P":{"5F":"5"},"Q8":{"65":"5"},"VP":{"6M":"5"},"88":{"WR":"5"},"X6":{"77":"5"},"2M":{"3P":"5"},"FP":{"3R":"5"},"PV":{"49":"5"},"PW":{"8M":"5"},"98":{"2R":"5"}},"V2":{"MJ":{"86":"5"}},"C8":{"52":{"GM":"5"},"R8":{"PQ":"5"},"2P":{"CG":"5"},"R7":{"R3":"5"},"R5":{"RG":"5","R9":"5","W9":"5","R8":"5","V8":"5"},"WQ":{"VQ":"5"},"97":{"XH":"5"},"FM":{"G5":"5"},"VR":{"VH":"5"},"MV":{"3C":"5"},"5X":{"W3":"5","W2":"5"},"R6":{"6X":"5"},"8V":{"J7":"5"},"V3":{"PF":"5"},"RQ":{"X7":"5"},"PW":{"VR":"5"},"G5":{"82":"5"},"R9":{"H7":"5","H9":"4","F6":"5"}},"H6":{"V8":{"25":"5","5X":"5","2J":"5","RH":"5","2W":"5","24":"5","58":"5","57":"5","2X":"5","54":"5","2H":"5"},"GQ":{"72":"4"},"R9":{"XC":"5","WH":"5","XF":"5","X9":"5"},"Q6":{"6R":"5","7R":"5"},"PM":{"H5":"5","G6":"5","G5":"5","3F":"4","H6":"5"},"RH":{"GC":"5"},"M9":{"WG":"5"},"R8":{"PJ":"5","PM":"5","X4":"5","X5":"5"},"J7":{"C8":"5","C7":"5"},"QH":{"JJ":"5"},"QP":{"XC":"4","52":"4","RJ":"4"},"Q9":{"JV":"5"},"X5":{"4F":"5","4C":"5"},"G4":{"J3":"5"},"Q7":{"RF":"5","VF":"5"},"R7":{"P2":"5","2V":"5","2W":"5"},"PJ":{"57":"5"},"JX":{"W2":"5","R3":"5"},"XC":{"Q6":"5","V6":"5","R6":"5","R5":"5"},"V7":{"C6":"5","6Q":"5"},"XF":{"XV":"5"},"W3":{"25":"5"},"VP":{"67":"4"},"JR":{"J6":"5"},"M8":{"6G":"5"},"V9":{"63":"5","J3":"5","F3":"5","34":"5","G5":"5","J4":"5"},"MQ":{"26":"5"},"MP":{"6R":"5"},"JW":{"W5":"5"},"WR":{"FG":"4"},"PF":{"6X":"5"},"MH":{"RC":"4"},"PP":{"G4":"4"},"G2":{"HV":"5"},"MM":{"V5":"5","R6":"5","R5":"5","VJ":"5","Q7":"5","R7":"5","X3":"5","Q8":"5","W3":"5","RJ":"5","X2":"5","QV":"5"},"W9":{"JX":"5"},"MR":{"V2":"5"},"F2":{"V3":"5"}},"RH":{"83":{"3Q":"5","2Q":"5","2G":"5","CV":"4","FV":"5","HP":"5","CP":"5"},"95":{"25":"5","37":"5","66":"5","77":"5","56":"5","C9":"5","76":"5","78":"5","67":"5","55":"5","2F":"5","26":"5","F7":"5|4","C8":"5","QC":"5","CC":"5","88":"5","36":"5","46":"5","35":"5"},"26":{"87":"5","4J":"5","2Q":"5","4R":"5","CJ":"5","4Q":"5","GW":"5","CX":"5","6J":"5","5J":"5","9H":"5","6M":"5","FF":"5"},"C8":{"9J":"5","85":"5","F5":"5"},"72":{"J7":"5"},"G7":{"WP":"5","FV":"5","2R":"5","HQ":"5"},"G2":{"C6":"5"},"XM":{"76":"5","47":"5","HQ":"5"},"F6":{"5P":"5","8H":"5","7H":"5","9H":"5","6G":"5","27":"5"},"73":{"JC":"5","57":"5","WX":"5"},"86":{"36":"5"},"78":{"V3":"5","JF":"4"},"C5":{"5V":"5","6R":"5","5R":"5","XQ":"5"},"H8":{"9R":"5","CV":"5","CC":"5","2R":"5","97":"5","6J":"5"},"54":{"Q3":"5","VV":"5","QG":"5","PH":"5","8G":"5","P4":"5","3P":"5","PG":"5","QF":"5","F3":"5","WW":"5","RJ":"5","GW":"5","GG":"5","MG":"5","VR":"5","PF":"5","MH":"5","M5":"5","F2":"5"},"43":{"J2":"5","76":"5","6R":"5"},"H9":{"W2":"5"},"MF":{"5X":"5"},"22":{"XJ":"5","9W":"5"},"75":{"WP":"5"},"53":{"7J":"4","8H":"4","8G":"4","8Q":"5","8R":"5","7R":"5","HQ":"5","7H":"4","MR":"5","9Q":"5"},"62":{"8W":"5"},"57":{"MX":"5","3P":"5","F8":"5","MQ":"5","4M":"5","5G":"5","P7":"5","5H":"5","PW":"5","XW":"5","XV":"5","85":"5","JV":"5","MW":"5","QX":"5","VW":"5","MR":"5","PV":"5","VX":"5","2P":"5","QW":"5","PQ":"5","G2":"5","RW":"5","PP":"5","C7":"5","75":"5","HX":"5","JP":"5","RQ":"5","5M":"5","JQ":"5","G8":"5","QV":"5","PR":"5","JX":"5","MP":"5","MV":"5","JW":"5","RX":"5","PX":"5","JR":"5","95":"5","8J":"5","84":"5","72":"5","6H":"5"},"36":{"JR":"5","H4":"5"},"G9":{"47":"5","X4":"5","97":"5"},"XH":{"5X":"5"},"55":{"GQ":"5","5X":"5","M9":"5","3C":"5","39":"5","2C":"5","3F":"5","2F":"5","3W":"5","GP":"5","7V":"5","6Q":"5","F5":"5","C5":"5","29":"5","4V":"5","8C":"5","HQ":"5"},"F7":{"WQ":"5"},"52":{"25":"5","J3":"5","P6":"5","PG":"5","P3":"5","Q2":"5","P5":"5","P7":"5","W2":"5","PF":"5","M4":"5","2M":"5","Q8":"5","R5":"5","Q9":"5","X4":"5","R7":"5","M3":"5","PH":"5","P8":"5","C3":"5","J2":"5","M5":"5","P2":"5","H9":"5","Q5":"5","Q3":"5","5F":"5","R2":"5","R4":"5","M7":"5","V3":"5","M6":"5","H8":"5","V2":"5","P4":"5","R3":"5","95":"5","J7":"5","QG":"5"},"C4":{"67":"5","75":"5"},"24":{"M3":"5","HH":"5"},"74":{"W5":"5","Q6":"5","W4":"5","C9":"5","QG":"5","X7":"5","RR":"5","QH":"5","VG":"5","J9":"5","MG":"5","M7":"5","MC":"5","F9":"5","X4":"5","QR":"5","98":"5"},"PC":{"2G":"5","8F":"5","F4":"5"},"76":{"PJ":"5"},"WJ":{"7R":"5"},"58":{"J2":"5","P2":"5","R2":"5","M2":"5","Q2":"5"},"WF":{"G7":"5"},"W4":{"XM":"5"},"M3":{"JM":"5"},"45":{"MG":"5","JV":"5","6G":"5","9Q":"5","2J":"5","9X":"5","RJ":"5","FH":"5","3H":"5","4X":"5","JX":"5","MV":"5","5X":"5","7V":"5","7X":"5","9P":"5","8V":"5","2H":"5","5V":"5","8R":"5","WM":"5","JJ":"5","CC":"5","C4":"5"},"VJ":{"2H":"5"},"84":{"24":"5","4X":"5"},"65":{"52":"5","2J":"5","R4":"5","22":"5","57":"5","R5":"5","5Q":"5"},"33":{"J4":"5","WX":"5","F5":"5"},"44":{"XJ":"5","9M":"5","G3":"5","9H":"5","7M":"5","VC":"5"},"PG":{"PV":"5"},"P9":{"FX":"5"},"63":{"8F":"5","XM":"5","HX":"5","GH":"5","6J":"5"},"67":{"WW":"5","W7":"5","2P":"5","2W":"4","84":"5"},"J9":{"R9":"5","VG":"5","RC":"5","Q9":"5","X8":"5"},"64":{"2X":"5","93":"5","C3":"5","5V":"5"},"34":{"8R":"5","Q3":"5"},"RJ":{"RH":"5","7H":"5"},"F8":{"35":"5","RV":"5","87":"5","MM":"5"},"XP":{"R6":"5","Q7":"5"},"23":{"MR":"5","HG":"5","96":"5","HJ":"5","72":"5","9H":"5","PQ":"5","MQ":"5","85":"5"},"46":{"Q4":"5","P6":"5","MC":"5","PG":"5","H7":"5","M8":"5","VG":"5","MQ":"5","WW":"5","4M":"5","P5":"5","G6":"5","P7":"5","F6":"5","M4":"5","XW":"5","85":"5","79":"5","F3":"5","W5":"5","M3":"5","X6":"5","J8":"5","P8":"5","C3":"5","24":"5","G4":"5","M5":"5","44":"5","M9":"5","WG":"5","Q5":"5","2P":"5","CC":"5","V5":"5","H6":"5","H4":"5","C2":"5","R4":"5","4Q":"5","M7":"5","J6":"5","J5":"5","P4":"5","G5":"5","R3":"5","J7":"5","QG":"5","84":"5","72":"5"},"97":{"XC":"5","47":"5"},"35":{"P9":"5","J9":"5","3J":"5","Q9":"5","QV":"5","R3":"5"},"H7":{"9H":"5","JH":"5"},"M9":{"48":"5","9F":"5"},"56":{"49":"5","GQ":"5","FR":"5","53":"5","44":"5","G4":"5","86":"5","QC":"5","58":"5","48":"5","7X":"5","85":"5","4V":"5","M5":"5","65":"5","27":"5"},"F5":{"XJ":"5","2Q":"5","8X":"5","68":"5"},"J7":{"49":"5","48":"5","58":"5","59":"5"},"82":{"RR":"5"},"PH":{"M7":"5","M6":"5","J6":"5","9F":"5"},"VG":{"64":"5","63":"5","74":"5","73":"5"},"J8":{"HM":"5"},"37":{"M3":"5","P3":"5","R8":"5","J6":"5"},"QC":{"9G":"5"},"C7":{"J5":"5","H5":"5","CM":"5","XF":"5","4J":"5","9X":"5"},"25":{"XX":"5","Q4":"5"},"J5":{"5F":"5"},"85":{"64":"5","CG":"5","FH":"5","CH":"5","FG":"5","FJ":"5","M4":"5","GF":"5","FF":"5","F5":"5"},"47":{"5M":"5","4M":"5","XP":"5","R5":"5","5J":"5"},"27":{"H7":"4","42":"5","M7":"5","P7":"5"},"MC":{"R6":"5"},"WM":{"P5":"5","67":"5","43":"5"},"G8":{"8G":"5","X3":"5"},"P6":{"5P":"5","5Q":"5"},"HC":{"3V":"5"},"F9":{"W4":"5"},"66":{"P5":"5","5F":"5","H2":"5","PG":"5","MM":"5"},"77":{"QF":"5","GP":"5"},"VF":{"QM":"5"},"JF":{"4M":"5"},"94":{"HG":"5","6F":"5","JG":"5","GC":"5","6G":"5","FC":"5","GF":"5"},"42":{"MV":"5","QW":"5","QV":"5"},"88":{"F3":"5"},"V4":{"99":"5","RP":"5"}},"W5":{"9C":{"2G":"5"},"C9":{"QG":"5"}},"XM":{"V5":{"XX":"5"},"43":{"CF":"5","CC":"5","FC":"5","9C":"5","9G":"5","C9":"5"},"G2":{"2C":"5","3C":"5"},"P4":{"38":"5"},"M4":{"RJ":"5","QR":"5","MG":"5","RQ":"5"},"J4":{"J2":"5"}},"M7":{"J9":{"48":"5","6X":"5","CX":"5","57":"5","58":"5","9X":"5"},"RV":{"PH":"5"},"96":{"CF":"5"},"3Q":{"4X":"5"},"6H":{"V9":"5","XF":"5","WG":"5"},"3W":{"W5":"5","V7":"5","V3":"5","V4":"5","X9":"5","X8":"5"},"65":{"73":"5"},"7G":{"X8":"5"},"CX":{"WJ":"5","VW":"5"},"92":{"29":"5","8P":"5","3P":"5","4H":"5","39":"5","59":"5","6F":"5","4M":"5","2J":"5","8R":"5","5G":"5","5H":"5","8M":"5","2G":"5","3M":"5","2M":"5","6Q":"5","4G":"5","3Q":"5","8H":"5","4C":"5","7R":"5","8Q":"5","5J":"5","7P":"5","5P":"5","2P":"5","9H":"5","7J":"5","7H":"5","2F":"5","4J":"5","49":"5","48":"5","7Q":"5","3H":"5","6J":"5","3F":"5","4P":"5","2Q":"5","5C":"5","6P":"5","7M":"5","2C":"5","4F":"5","5F":"5","9J":"5","3J":"5","5M":"5","7V":"5","4Q":"5","2H":"5","6M":"5","3R":"5","38":"5","2R":"5","7G":"5","8G":"5","CH":"5","58":"5","8J":"5","6G":"5","3G":"5","28":"5","5Q":"5","6H":"5","3C":"5"},"29":{"45":"5"},"5X":{"W4":"5"},"J4":{"HH":"5"},"82":{"XR":"5","XH":"5","WJ":"5","X9":"5","WQ":"5","RC":"5","X8":"5","XG":"5","XJ":"5","VP":"5","VC":"5","V8":"5","VR":"5","VQ":"5","V9":"5","XQ":"5","VF":"5","WC":"5","VG":"5","WH":"5","XC":"5","XP":"5","VJ":"5","WR":"5","WM":"5","W9":"5","XM":"5","VH":"5","RF":"5","W8":"5","XF":"5","VM":"5","WF":"5","WG":"5","WP":"5","RG":"5"},"H6":{"5J":"5"},"35":{"8G":"5","6F":"5"},"CV":{"66":"5","65":"5"},"M2":{"RX":"5"},"C5":{"C2":"5","83":"5","92":"5","84":"5","74":"5","72":"5","C4":"5","95":"5","85":"5","82":"5","C5":"5","73":"5","C3":"5"},"4W":{"62":"5","2C":"5"},"5J":{"CF":"5"},"4R":{"9W":"5"},"MM":{"CP":"5","CM":"5"},"46":{"4H":"5","3J":"5","3F":"5"},"FX":{"4P":"5"},"7H":{"29":"5"},"86":{"F4":"5"}},"M8":{"CP":{"W6":"5","QG":"5","PJ":"5","VH":"5"},"M3":{"6H":"5"},"MG":{"P3":"5"},"GM":{"36":"5"},"5R":{"C8":"5"},"CM":{"VJ":"5"},"RJ":{"X4":"5"},"FH":{"VQ":"5","VP":"5"},"MQ":{"9P":"5"},"RX":{"XF":"5"},"JF":{"62":"5"},"X9":{"XR":"5"},"73":{"8X":"5"},"77":{"QQ":"5","VP":"5"},"PR":{"X9":"5"},"72":{"GG":"5"},"VV":{"GQ":"5","6R":"5"},"MR":{"64":"5","PQ":"5"},"WW":{"95":"5","8F":"5","85":"5","C2":"5","98":"5","C4":"5"},"7C":{"X8":"5"},"F5":{"GC":"5"},"JM":{"JV":"5","PM":"5","MJ":"5","RJ":"5","RC":"5","QP":"5","JR":"5","QC":"5","VP":"5","JX":"5","PJ":"5","MV":"5","QM":"5","QF":"5","HV":"5","HW":"5","RM":"5","XW":"5","MW":"5","RQ":"5","MX":"5","PQ":"5","QQ":"5","VH":"5","RF":"5","PW":"5","RP":"5","MM":"5","HX":"5","VX":"5","WX":"5"},"VF":{"VR":"5"},"36":{"8P":"5"},"7X":{"C6":"5"},"JC":{"93":"5"},"XX":{"2P":"5"},"XC":{"Q2":"5"},"VJ":{"8G":"5","7G":"5","8H":"5","7H":"5"},"JP":{"X3":"5","X6":"5","W2":"5","X2":"5"},"45":{"GX":"5"},"HQ":{"95":"5"},"XW":{"5H":"5"},"C9":{"CH":"5","4M":"5"},"VW":{"4C":"5"},"MP":{"24":"5","35":"5","34":"5","23":"5","36":"5"},"J8":{"WH":"5","R7":"5","VC":"5"},"HG":{"8V":"5"},"JJ":{"HV":"5"},"64":{"7Q":"5"},"62":{"7C":"5"},"VM":{"XJ":"5","XG":"5","VF":"5"},"MM":{"3Q":"5","4R":"5","J9":"5","7J":"5"},"X2":{"W2":"5"},"CC":{"FM":"5"},"VX":{"5V":"5"},"QW":{"4M":"5"},"WX":{"C4":"5"},"GH":{"CQ":"5","W3":"5"},"H9":{"4J":"5"}},"H4":{"QW":{"76":"5","59":"5"},"J6":{"4X":"5","5V":"5"},"JH":{"6X":"5"},"J7":{"52":"5","53":"5"},"PG":{"7F":"5"},"9V":{"VH":"5"},"FQ":{"VX":"5"},"JG":{"32":"5"},"WR":{"95":"5","G7":"5"},"GX":{"4R":"5"},"JF":{"7J":"5","6J":"5"},"P9":{"59":"5"}},"Q9":{"HG":{"4G":"5","3P":"5","3M":"5","2M":"5","2P":"5"},"GV":{"2H":"5"},"M6":{"PJ":"5","2C":"5"},"HV":{"78":"5"}},"WG":{"W6":{"G4":"5"},"FM":{"VJ":"5"},"62":{"XJ":"5","XH":"5"},"WW":{"39":"5","6J":"5"},"72":{"36":"5","97":"5"},"55":{"QH":"5"},"MJ":{"2X":"5","2W":"5"},"VW":{"9F":"5"}},"X3":{"F3":{"5M":"5"},"XH":{"V4":"5"}},"P3":{"4X":{"2V":"5"},"GX":{"JH":"5"},"4M":{"96":"5"},"XF":{"82":"5"},"Q9":{"8H":"5"}},"RG":{"6V":{"3Q":"5","4F":"5","GM":"5"},"59":{"W9":"5","W7":"5","X9":"5","X7":"5"},"2X":{"X9":"5","WX":"5"},"8V":{"C6":"5"},"4M":{"9R":"5","8R":"5","9Q":"5"},"F5":{"V5":"5","W7":"5","4C":"5"},"G6":{"C2":"5","H2":"5","C9":"5","83":"5","GF":"5","84":"5","F3":"5","F7":"5","C8":"5","G3":"5","95":"5","CC":"5","F6":"5","F5":"5","GX":"5","FC":"5","85":"5","C5":"5","G2":"5","93":"5","FF":"5","C7":"5","94":"5","C3":"5","F2":"5"},"5X":{"QM":"5","RW":"5","MH":"5","P6":"5","PX":"5","PW":"5","PV":"5","QW":"5","MX":"5","8C":"5","JW":"5","6Q":"5","QV":"5","VW":"5"},"F6":{"8Q":"5","7Q":"5","9X":"5"},"W2":{"4R":"5","5R":"5"},"8M":{"69":"5","Q6":"5","66":"5","56":"5","Q4":"5","G8":"5","78":"5","67":"5","55":"5","59":"5","H5":"5","G7":"5","58":"5","57":"5","P5":"5","F4":"5","CF":"5","M5":"5","68":"5"},"M4":{"G9":"5"},"G7":{"G2":"5"},"9R":{"R7":"5","WF":"5","Q8":"5","R6":"5"},"GX":{"VV":"5"},"46":{"V7":"5"},"9Q":{"J5":"5"},"7F":{"8G":"5","FR":"5","8F":"5","HW":"5","MX":"5","JW":"5","CR":"5","7J":"5"},"79":{"V9":"5","RG":"5","R2":"5","5M":"5","VF":"5"},"68":{"86":"5"},"74":{"74":"5"},"76":{"7M":"5"},"C9":{"C7":"5"},"6Q":{"J5":"5","GQ":"5","JC":"5","MF":"5","HF":"5","68":"5","J9":"5","J6":"5","J4":"5","H6":"5"},"R7":{"J2":"5","G4":"5","H3":"5","G3":"5","F6":"5","H2":"5","G2":"5","H4":"5"},"CR":{"Q4":"5","VV":"5"},"4X":{"2R":"5"},"8H":{"32":"5","29":"5","23":"5"},"4C":{"R2":"5"},"3V":{"C3":"5","85":"5"},"4W":{"VQ":"5","5Q":"5"},"C3":{"R2":"5"},"97":{"8M":"5","MC":"5","7P":"5","X7":"5","39":"5"},"7R":{"6M":"5"},"G4":{"FM":"5","FP":"5","HJ":"5","CP":"5","GM":"5"},"88":{"X9":"5","X8":"5"},"R6":{"FM":"5","GX":"5"},"FV":{"8P":"5","7R":"5"},"CM":{"XF":"5"},"7W":{"5M":"5","FJ":"5"},"4V":{"V7":"5","6J":"5"},"H3":{"V9":"5","R9":"5","XH":"5"},"7C":{"MV":"5","HG":"5","GC":"5","JX":"5","JJ":"5","JH":"5","HH":"5"},"7P":{"2V":"5","6X":"5","W7":"5","7C":"5","2R":"5","X7":"5","X8":"5","W8":"5"},"5V":{"3F":"5"},"9V":{"RP":"5"},"7J":{"64":"5","37":"5"},"7H":{"X5":"5"},"H4":{"95":"5"},"7Q":{"5H":"5","HJ":"5","FG":"5","CJ":"5","FJ":"5","FF":"5","G9":"5"},"F9":{"W9":"5"},"6J":{"V8":"5","RQ":"5","RR":"5","PQ":"5","PC":"5","QQ":"5","JR":"5","WJ":"5","WM":"5","MC":"5","WV":"5","P9":"5"},"7X":{"52":"5","63":"5","62":"5","53":"5","43":"5","4J":"5"},"C7":{"46":"5","63":"5","VX":"5","WX":"5"},"6P":{"R2":"5","X3":"5","V5":"5","PQ":"5","XV":"5","RC":"5","PC":"5","XR":"5","WC":"5","JH":"5"},"98":{"C6":"5"},"7M":{"9M":"5","8M":"5","8H":"5","86":"5","29":"5","3H":"5","QP":"5","3C":"5","P4":"5","M4":"5","2M":"5","H8":"5","QQ":"5"},"8W":{"G5":"5"},"3J":{"RX":"5"},"6M":{"RX":"5","P5":"5","WW":"5","XP":"5","X7":"5","94":"5","C4":"5"},"78":{"RV":"5","96":"5","FH":"5","M6":"5","Q7":"5","HM":"5","Q3":"5","92":"5","M9":"5","PJ":"5","CR":"5","PH":"5","J6":"5","VW":"5","8P":"5","JJ":"5","QJ":"5","XF":"5","J7":"5","H9":"5","HP":"5"},"3R":{"RQ":"5"},"JX":{"MP":"5","93":"5","8P":"5","5W":"5","6M":"5","GM":"5"},"F4":{"24":"5"},"H5":{"HC":"5","3G":"5"},"7G":{"QG":"5","QF":"5","M6":"5","M5":"5","M4":"5","P7":"5"},"8G":{"3Q":"5","2V":"5","4F":"5","3R":"5","4V":"5","FW":"5","4R":"5","3V":"5","3M":"5","6C":"5","4W":"5","3W":"5"},"G5":{"R9":"5","PM":"5","HR":"5","VC":"5","R8":"5","G9":"5","Q9":"5","RC":"5","F8":"5","Q8":"5","JR":"5","HV":"5","HM":"5","HW":"5","82":"5","GR":"5","7R":"5","HX":"5","HQ":"5"},"94":{"J3":"5"},"GV":{"4X":"5","7V":"5","5X":"5"},"3X":{"XX":"5","WH":"5","JR":"5"},"8J":{"Q6":"5","P3":"5"},"87":{"Q6":"5","JH":"5","2P":"5","HH":"5"},"69":{"8H":"5"},"6R":{"V8":"5","5X":"5","9C":"5","PH":"5","J7":"5","H7":"5","7Q":"5","C8":"5","F5":"5","F4":"5","C7":"5"},"6G":{"25":"5"},"C6":{"QF":"5","W9":"5","9P":"5","J4":"5","8Q":"5"},"3W":{"HG":"5","PV":"5","HH":"5"},"6W":{"64":"5","39":"5"},"5W":{"RW":"5","X3":"5","R4":"5","VH":"5","9P":"5","V3":"5","VF":"5","WC":"5","G6":"5","W8":"5","F5":"5","9Q":"5"}},"J3":{"2X":{"X4":"5"},"CC":{"84":"5"},"7W":{"XG":"5"},"C9":{"6V":"5"}},"H8":{"C8":{"2C":"5"},"WJ":{"QG":"5"},"M8":{"HH":"5"},"R8":{"8R":"5"},"7M":{"4H":"4","QG":"5"},"R7":{"F7":"5","F6":"5"},"Q3":{"W7":"5"},"W5":{"9C":"5","GH":"5"},"QC":{"47":"5","6C":"5"},"88":{"MF":"5"},"9V":{"94":"5"},"H5":{"X4":"5"},"83":{"4M":"5"},"HH":{"H4":"5"},"MC":{"VG":"5","P9":"5"},"P2":{"82":"5"},"W9":{"H3":"5","H2":"5","G2":"5","H4":"5"},"VH":{"FF":"5"},"W8":{"8J":"5","FR":"5","8H":"5","CP":"5","9M":"5","FQ":"5","GW":"5","8M":"5","GX":"5","7G":"5","FP":"5","GR":"5","9P":"5","7H":"5","GV":"5"},"J7":{"CF":"5"},"R2":{"73":"5"},"WX":{"2Q":"5","7X":"5"},"7H":{"M6":"4"},"X6":{"HM":"5","HP":"5"},"RG":{"4Q":"5","2R":"5"}},"VC":{"7G":{"VX":"5","WX":"5"},"2V":{"27":"5"},"PJ":{"63":"5","83":"5","72":"5","73":"5"},"CW":{"GX":"5","CX":"5","WR":"5","FX":"5"},"7M":{"22":"5"},"CX":{"C2":"5","H2":"5","H3":"5","F3":"5","G3":"5","G2":"5","F2":"5"},"75":{"CQ":"5","FR":"5","GQ":"5","GV":"5","GR":"5","HQ":"5"},"7J":{"3X":"5"},"85":{"4R":"5"},"QJ":{"32":"5","24":"5","33":"5"}},"R9":{"35":{"GX":"5"},"QW":{"H3":"5"},"W4":{"5W":"5","5X":"5"}},"V3":{"R4":{"XR":"5","XQ":"5"},"V4":{"3Q":"5","2Q":"5","3R":"5","2R":"5"},"X5":{"82":"5"},"W2":{"C2":"5"}},"Q3":{"5Q":{"Q5":"5"},"PH":{"9F":"5"},"J7":{"C6":"5"},"PC":{"QF":"5"},"R3":{"F9":"5"},"Q9":{"3X":"5","66":"5"},"J5":{"H9":"5"},"W3":{"42":"5"},"M7":{"RR":"5"},"WR":{"9R":"5"},"MH":{"8R":"5"},"HC":{"XF":"5"},"M5":{"PG":"5"},"JF":{"7R":"5"}},"H9":{"P8":{"WX":"5"},"V3":{"V8":"5","V6":"5","Q9":"5"},"C6":{"X4":"4"},"W2":{"GC":"5"}},"MF":{"VV":{"MX":"5"},"Q4":{"JQ":"5","8F":"5","69":"5","JM":"5"},"8R":{"GQ":"5","CW":"5","3V":"5"},"F7":{"RP":"5"},"JV":{"7Q":"5"},"7X":{"CP":"5"},"9H":{"F9":"5"},"6M":{"JV":"5"},"7F":{"H7":"5"}},"H3":{"PP":{"W5":"5"},"MF":{"PF":"5"},"JJ":{"V9":"5"},"WR":{"VQ":"5"},"QQ":{"XF":"5"}},"M5":{"RQ":{"WC":"5"},"JP":{"V4":"5"},"G5":{"MX":"5"},"G8":{"G9":"5"},"5Q":{"8P":"5"},"5R":{"M8":"5","P8":"5"},"HJ":{"6W":"5"},"4R":{"JX":"5"},"6H":{"53":"5"},"9J":{"RC":"5"},"CV":{"G9":"5"},"6Q":{"5P":"5"},"6M":{"Q3":"5","Q2":"5","X7":"5"},"2P":{"6V":"5"},"9P":{"VW":"5"},"R2":{"MR":"5"},"75":{"X7":"5"},"P9":{"M4":"5"}},"QH":{"R2":{"54":"5"},"V2":{"63":"5"},"W5":{"C8":"5","V2":"5","96":"5","F8":"5","37":"5","G3":"5","9C":"5","C9":"5","97":"5"},"X3":{"95":"5","HM":"5","WC":"4","84":"5"},"W3":{"X3":"5","W3":"5","P8":"5"},"X6":{"G4":"5","XX":"4","W9":"5","WC":"5","G5":"5","W8":"5","F5":"5"},"W4":{"C5":"5","G3":"5","C6":"5"},"V4":{"MV":"5","77":"5"},"X4":{"4F":"5","92":"5","39":"5"},"W2":{"M7":"5"},"X2":{"VV":"5","FP":"5","VW":"5"},"R3":{"C3":"5","F4":"5","C4":"5"}},"RC":{"M3":{"93":"5","C3":"5","92":"5","C2":"5"},"V5":{"8M":"5","5F":"5"},"VV":{"HM":"5"},"5P":{"M3":"5","Q4":"5","P5":"5","P3":"5","Q3":"5","M5":"5","P4":"5","M4":"5"},"H9":{"F9":"5"},"V6":{"6M":"5","6J":"5"},"CM":{"J5":"5"},"45":{"34":"5","36":"5"},"J2":{"96":"5","22":"5","75":"5","65":"5"},"QR":{"37":"5"},"35":{"V7":"5"},"5M":{"XR":"5"}},"P4":{"J5":{"8Q":"5"},"8M":{"88":"5"},"R9":{"5J":"5"},"9H":{"RH":"5"},"2W":{"99":"5"},"GF":{"VC":"5"},"9X":{"6W":"5"}},"MG":{"M3":{"PG":"5"},"W4":{"VV":"5","XQ":"5"}},"XH":{"FR":{"2G":"5","2F":"5","2C":"5","29":"5","28":"5"},"GM":{"24":"5"},"G9":{"VG":"5"},"R3":{"HG":"5"},"CM":{"4M":"5"},"FM":{"M8":"5","M7":"5","JC":"5","P9":"5","P8":"5","G7":"5","G6":"5","H2":"5","G2":"5","C6":"5","Q7":"5","W8":"5"},"9R":{"W6":"5"},"WG":{"P9":"5"},"2X":{"26":"5","66":"5"},"FH":{"6Q":"5"},"CR":{"PV":"5","RV":"5","QV":"5"},"GJ":{"2V":"5","3R":"5","2R":"5"},"FJ":{"HX":"5"},"2H":{"6V":"5"},"9Q":{"M4":"5","J4":"5"}},"P7":{"2V":{"75":"5"},"4M":{"M3":"5"},"JP":{"VF":"5"},"3M":{"MC":"5","M9":"5"}},"QF":{"R2":{"5M":"5"},"67":{"88":"5","87":"5","98":"5"},"3C":{"PH":"5","QJ":"5"},"7P":{"HX":"5"},"75":{"HM":"5","HP":"5"},"6P":{"W9":"5","WC":"5","VC":"5"},"7R":{"7J":"5"},"7Q":{"P3":"5","M3":"5","H2":"5","M4":"5","J6":"5","H3":"5","H4":"5","J5":"5","P4":"5","G4":"5","J3":"5","H5":"5","G3":"5","M6":"5","J4":"5","G2":"5","J2":"5","M5":"5"}},"F7":{"54":{"5H":"5","5G":"5"},"67":{"RW":"5","QW":"5"},"77":{"2V":"5","3R":"5","3V":"5","2R":"5"},"2P":{"7H":"5"}},"C9":{"Q2":{"5M":"5"},"VV":{"CC":"5"},"M2":{"5F":"5"},"XX":{"VC":"5"},"RR":{"W4":"5"},"H4":{"RH":"5","6F":"5","9V":"5","6M":"5","8V":"5","7Q":"5","5R":"5"},"J7":{"CG":"5","5X":"5"},"3F":{"78":"5","GV":"5","GR":"5"},"F3":{"P3":"5","M3":"5","Q6":"5","Q3":"5","M4":"5","Q4":"5","Q5":"5","P4":"5","P6":"5","P2":"5","P5":"5","P7":"5","M5":"5"},"P6":{"W8":"5"},"H5":{"6F":"5","4G":"5","6G":"5","5G":"5","5F":"5","5C":"5","6C":"5"},"C4":{"4C":"5"},"P7":{"CQ":"5"},"C7":{"H3":"5","H2":"5"}},"JC":{"5P":{"QH":"5"},"42":{"WR":"5"},"V7":{"Q2":"5"},"6Q":{"5C":"5"},"7C":{"FP":"5"},"6G":{"2F":"5"},"7F":{"W4":"5"},"73":{"9R":"5","CW":"5","9V":"5"}},"PC":{"P6":{"67":"5","3F":"5"},"P3":{"45":"5"},"8F":{"X6":"5"},"5X":{"3H":"5","59":"5"},"9W":{"WH":"5","XH":"5","7Q":"5"},"HV":{"GV":"5"},"96":{"4C":"5"},"MW":{"HV":"5"},"9X":{"76":"5","F3":"5","G3":"5","C3":"5","65":"5","C4":"5"},"5J":{"RR":"5"},"7C":{"WM":"5"},"7P":{"F2":"5","H2":"5","G2":"5"},"33":{"5J":"5"},"2F":{"PJ":"5","PH":"5","MM":"5"},"9M":{"8J":"5","R7":"5","R8":"5","Q8":"5","Q7":"5"},"3H":{"R7":"5","7Q":"5"},"3F":{"CH":"5"},"4P":{"H5":"5","H6":"5"},"2Q":{"3F":"5"},"7M":{"GQ":"5","FR":"5","FX":"5","CQ":"5","9V":"5","FQ":"5","GW":"5","9X":"5","9R":"5","CX":"5","9W":"5","HW":"5","GR":"5","CR":"5","HX":"5","GV":"5"},"75":{"Q3":"5"},"HX":{"VM":"5"},"4F":{"FW":"5","MQ":"5","GW":"5"},"CX":{"8G":"5","8H":"5"},"5F":{"3M":"5"},"M7":{"M7":"5"},"6C":{"43":"5"},"JX":{"57":"5"},"62":{"C6":"5"},"M6":{"XJ":"5","WH":"5","WF":"5","WC":"5","WG":"5"},"MV":{"PC":"5"},"W4":{"M3":"5","J2":"5","G4":"5","M2":"5","H3":"5","M6":"5","M5":"5","P4":"5","H6":"5"},"J7":{"G4":"5"},"28":{"2H":"5"},"5W":{"FW":"5"}},"X9":{"GM":{"RP":"5"}},"Q6":{"RP":{"5C":"5"},"GR":{"2V":"5","2R":"5"}},"WJ":{"6G":{"9J":"5"},"FV":{"X9":"5"},"GM":{"7M":"5"},"9Q":{"3W":"5"},"3F":{"P5":"5","J4":"4"},"49":{"HM":"5","PC":"5"},"W5":{"RR":"5"},"FM":{"6P":"5"},"7C":{"72":"5"},"PG":{"9X":"5"},"9P":{"93":"5","94":"5"},"G4":{"X3":"5","X2":"5"},"HV":{"HQ":"5"},"HW":{"C5":"5","C8":"5","96":"5","9C":"5","2M":"5"},"PH":{"G3":"5"},"XW":{"FW":"5"},"WR":{"9W":"5"},"84":{"MV":"5"},"RP":{"8W":"5","9W":"5","6X":"5"},"5Q":{"43":"5"}},"JG":{"P3":{"Q2":"5"},"Q2":{"M8":"5","M7":"5"}},"P5":{"MH":{"65":"5"},"74":{"J3":"5"},"4G":{"XC":"5"},"G7":{"H9":"5","H8":"5"},"59":{"W7":"5"},"9Q":{"HW":"5"},"39":{"82":"5","F3":"5"}},"CC":{"48":{"H3":"5"}},"WF":{"54":{"GC":"5"},"XC":{"M8":"5","M7":"5"},"P2":{"6R":"5"},"6W":{"W6":"5"},"F9":{"3J":"5"},"7V":{"9W":"5"},"C9":{"XH":"5"},"VW":{"74":"5"}},"X7":{"WW":{"4P":"5"}},"X5":{"43":{"VQ":"5","XQ":"5"}},"M3":{"HR":{"25":"5"},"J6":{"FQ":"5"},"VX":{"5P":"5","5M":"5","6P":"5"},"JH":{"MW":"5"},"23":{"JM":"5"},"7P":{"8F":"5"},"MX":{"PP":"5","MP":"5","PQ":"5","MQ":"5"},"6R":{"W3":"5"},"MJ":{"8X":"5"}},"VH":{"2J":{"MC":"5","G8":"5"},"59":{"V2":"5","73":"5"},"FH":{"5G":"5"},"48":{"Q9":"5"},"3Q":{"66":"5","FR":"5","FV":"5","RP":"5","9M":"5","CQ":"5","R7":"5","59":"5","J3":"5","CG":"5","CJ":"5","CM":"5","FQ":"5","FM":"5","G6":"5","G3":"5","8M":"5","GG":"5","CC":"5","7G":"5","FP":"5","GR":"5","PW":"4","7H":"5"},"2P":{"C5":"5","P6":"5","QH":"5","XW":"5","68":"5","56":"5","C6":"5","WX":"5","VW":"5"},"2M":{"QW":"5","JV":"5"},"5P":{"77":"5"},"34":{"6R":"5","9X":"5"},"49":{"C8":"5"},"5F":{"CG":"5","CF":"5","FG":"5","M5":"5","FJ":"5","9G":"5","9F":"5","FF":"5"},"3H":{"85":"5"},"9J":{"W7":"5"},"88":{"9W":"5"},"87":{"VV":"5"},"H2":{"VG":"5"},"4J":{"C8":"5","88":"5","6F":"5","5F":"5"},"89":{"CQ":"5"},"3M":{"P3":"5","W9":"5","WG":"5","W8":"5"},"7X":{"CX":"5","HV":"5"},"9P":{"P6":"5"},"82":{"34":"5","W9":"5"},"XX":{"F7":"5","Q5":"5"},"JQ":{"25":"5"},"2Q":{"W2":"5"},"4M":{"J4":"5"},"4C":{"62":"5"},"HQ":{"W2":"5"},"C5":{"PG":"5"},"3G":{"W5":"5","V5":"5","Q6":"5","Q3":"5","W4":"5","V6":"5","R6":"5","Q4":"5","Q5":"5","R5":"5","V3":"5","R3":"5","P4":"5","Q7":"5","R7":"5","R4":"5","P6":"5","W3":"5","V4":"5","P5":"5","P7":"5"},"5V":{"W2":"5"},"8P":{"QM":"5","WF":"5","RM":"5"},"5M":{"W2":"5"},"58":{"RX":"5","VX":"5"},"4R":{"RV":"4"},"4H":{"46":"5","CG":"5","F7":"5"},"6R":{"5R":"5"},"8J":{"2X":"5"},"HX":{"V8":"5","W8":"5"},"4Q":{"6W":"5","23":"5","6V":"5"},"4P":{"3P":"5","2P":"5"},"7H":{"53":"5"},"4G":{"WH":"5","WF":"5"},"6M":{"47":"5"},"3P":{"2J":"5","Q5":"5","6P":"5","WH":"5","PG":"5","XF":"5","HV":"5","WJ":"5","FH":"5","FG":"5","GV":"5"},"2C":{"G7":"5"}},"XG":{"95":{"38":"5","94":"5"},"72":{"VV":"5"},"FC":{"RP":"5"},"M5":{"7C":"5"},"27":{"83":"5","F2":"5","C4":"5"}},"XJ":{"MP":{"56":"5"},"RG":{"4W":"5"},"42":{"86":"5","85":"5"},"64":{"GV":"5"},"GV":{"XW":"5","XV":"5"},"53":{"3G":"5"},"22":{"H6":"5"},"G7":{"9J":"5"},"7W":{"VC":"5"},"5G":{"J4":"5"},"33":{"56":"5"}},"QG":{"GR":{"MX":"5"},"4H":{"GX":"5"},"PG":{"WP":"5","WM":"5","XP":"5","VM":"5"},"86":{"5V":"5"},"V6":{"M4":"5","JC":"5","R6":"5","PH":"5","J5":"5","P4":"5","HJ":"5","Q8":"5","M6":"5","J4":"5","PF":"5","JJ":"5","M5":"5","P9":"5"},"VM":{"3M":"5"},"8V":{"J3":"5"},"F6":{"WH":"5"},"VQ":{"XR":"5","X9":"5"},"GW":{"F6":"5","79":"5"},"WV":{"QH":"5"},"9Q":{"G6":"5"},"XV":{"R9":"5"},"WR":{"J8":"5","H5":"5","J6":"5","J7":"5","H6":"5"},"RJ":{"J2":"5","P6":"5","J3":"5","M7":"5","H2":"5"},"HV":{"RH":"5","V6":"5","FV":"5","X7":"5","R5":"5","R3":"5","RG":"5","6G":"5"},"FR":{"M9":"5"},"XX":{"JV":"5"},"GQ":{"4V":"5","4R":"5"},"JV":{"GX":"5","27":"5"},"QX":{"FW":"5","CM":"5","JH":"5"},"MW":{"C5":"5","HG":"5","C8":"5","F3":"5","C3":"5","9H":"5","C7":"5","C6":"5","F4":"5","C4":"5"},"WP":{"X6":"5","QQ":"5"},"PH":{"6H":"5"},"C3":{"R6":"5"},"HR":{"32":"5","HR":"5","VG":"5","8C":"5"},"CQ":{"HF":"5","6M":"5"},"CW":{"42":"5"},"HW":{"M2":"5","H3":"5","H5":"5","F2":"5"},"WM":{"RW":"5","VR":"5"},"VX":{"7Q":"5"},"QH":{"WF":"5","R9":"5","C2":"5","J6":"5","VC":"5","R8":"5","WC":"5","H4":"5","PX":"5","92":"5","J5":"5","G4":"5","Q7":"5","F3":"5","Q8":"5","XF":"5","P6":"5","V9":"5","H5":"5","M6":"5","F4":"5","P7":"5","X4":"5","C3":"5","GV":"5"},"9V":{"26":"5"},"CJ":{"MW":"5"},"9M":{"F4":"5"},"F9":{"9V":"5"},"XP":{"9J":"5"},"5C":{"4F":"5"},"XJ":{"QW":"5"},"RQ":{"XV":"5"},"GC":{"GC":"5","F9":"5","C9":"5"},"WJ":{"HP":"5"},"6M":{"9W":"5"},"G8":{"6M":"5"},"MF":{"9X":"5"},"MV":{"CX":"5"},"HG":{"Q9":"5"},"JW":{"78":"5"},"HC":{"2R":"5"},"H5":{"HX":"5"},"7G":{"CC":"5","7M":"5","FC":"5"},"RX":{"FR":"5","CV":"5","PQ":"5","XV":"5","JV":"5","CR":"5","HV":"5","JR":"5"},"GV":{"HG":"5","JQ":"5","PR":"5","HJ":"5","HP":"5","GH":"5","HQ":"5"},"RH":{"GQ":"5","HR":"5","7J":"5","8P":"5","CP":"5","CQ":"5","3F":"5","5H":"5","5G":"5","7M":"5","6H":"5","2F":"5","7P":"5","FQ":"5","HV":"5","6J":"5","HW":"5","GR":"5","9P":"5","3G":"5","HX":"5","4G":"5"},"87":{"VX":"5"},"6R":{"J7":"5"},"QG":{"VX":"5","8X":"5","2Q":"5","4R":"5","9V":"5","3Q":"5","9X":"5","5W":"5","5V":"5","7X":"5","2P":"5","6X":"5","4V":"5","6W":"5","3R":"5"},"72":{"Q4":"5"}},"VJ":{"76":{"32":"5"},"63":{"8H":"5"},"QF":{"8J":"4"},"W7":{"X6":"5"},"86":{"CM":"4"},"72":{"84":"5","C2":"5"},"85":{"J7":"5"},"75":{"QM":"5","PP":"5","MP":"5","PQ":"5","QP":"5","PM":"5"},"JF":{"C9":"5"},"C7":{"29":"5","39":"5"},"W9":{"2H":"5"}},"H2":{"WP":{"W2":"5"},"WM":{"X5":"5"}},"R5":{"6G":{"PJ":"5"}},"98":{"MP":{"P6":"5"},"RG":{"92":"5"},"VV":{"XV":"5"},"8H":{"XC":"5"},"RF":{"RV":"5"},"8Q":{"W9":"5"},"P7":{"FH":"5","FG":"5"}},"V9":{"R2":{"PJ":"5"},"Q9":{"44":"5","55":"5"}},"R2":{"MV":{"8X":"5"},"QH":{"F8":"5","F7":"5"}},"WC":{"2J":{"X9":"5"},"Q6":{"4C":"5"},"PX":{"3V":"5"},"HW":{"55":"5"},"7M":{"Q9":"5"}},"RF":{"FW":{"G5":"5"},"5P":{"4W":"5"},"C9":{"88":"5"},"R6":{"JQ":"5","JR":"5"},"8H":{"67":"5"},"WC":{"42":"5"},"P4":{"82":"5","RP":"5"},"JX":{"XM":"5"},"8Q":{"C9":"5"},"XC":{"78":"5","88":"5","69":"5","87":"5"},"JM":{"84":"5"},"MX":{"2H":"5"},"58":{"JF":"5"},"HH":{"8H":"5","JH":"5"},"MJ":{"W6":"5"},"M5":{"27":"5"},"94":{"QQ":"5"}},"J6":{"6V":{"Q3":"5","2Q":"5","2W":"5","3W":"5","WQ":"5","5V":"5","2R":"5","46":"5","6W":"5"},"MX":{"XF":"5"},"9F":{"9J":"5"},"RV":{"WG":"5"},"39":{"5F":"5"},"V6":{"HR":"5","GR":"5","JR":"5","XQ":"5"},"P3":{"HG":"5","8V":"5","8Q":"5","6J":"5"},"8V":{"FP":"5","FQ":"5","W3":"5","WG":"5"},"4M":{"42":"5","R4":"5","4G":"5","5G":"5","7X":"5"},"P5":{"43":"5"},"8F":{"8J":"5"},"G6":{"Q8":"5","XQ":"5"},"83":{"5C":"5"},"5X":{"9F":"5","R9":"5","HP":"5","PG":"5","R8":"5","V6":"5","RC":"5","M8":"5","4R":"5","GF":"5","J9":"5","PF":"5","CF":"5","9G":"5","JF":"5","WV":"5","85":"5","R7":"5","VC":"5","HF":"5","HM":"5","X6":"5","V7":"5","GG":"5","P8":"5","MR":"5","M5":"5","QF":"5","H9":"5","GM":"5","JJ":"5","WC":"5","V8":"5","Q3":"5","FF":"5","MM":"5","Q7":"5","JP":"5","W7":"5","CG":"5","GC":"5","Q6":"5","4Q":"5","GJ":"5","FC":"5","FG":"5","HJ":"5","VF":"5","X7":"5","HC":"5","CH":"5","JM":"5","QR":"5"},"G9":{"7M":"5"},"CF":{"VV":"5","VW":"5"},"M4":{"5H":"5","5W":"5","M9":"5","FC":"5","V3":"5","5V":"5","4W":"5","98":"5"},"G7":{"CP":"5"},"9R":{"5Q":"5"},"GX":{"9M":"5","CM":"5","JW":"5"},"9W":{"88":"5"},"3M":{"Q6":"5","X6":"5","X8":"5"},"PW":{"37":"5"},"JH":{"8G":"5","7G":"5","9W":"5"},"7F":{"VC":"5"},"74":{"FW":"5","8V":"5"},"X4":{"JW":"5","PP":"5","JV":"5","76":"5","PM":"5","W7":"5","QG":"5","MQ":"5","MR":"5","VC":"5","V8":"5","PJ":"5","MV":"5","V9":"5","75":"5","VF":"5","X5":"5","V7":"5","HW":"5","MP":"5","RF":"5","QH":"5","QJ":"5","HX":"5","W6":"5","X6":"5","RG":"5"},"X5":{"H2":"5","G2":"5"},"X3":{"V2":"5","R4":"5","WF":"5","V3":"5","VC":"5","P4":"5","X9":"5","X7":"5","X8":"5","R3":"5"},"XQ":{"4X":"5"},"M3":{"P2":"5","M2":"5","C7":"5","HQ":"5"},"4X":{"MH":"5","QH":"5","RJ":"5","MF":"5","FV":"5","VH":"5","FW":"5","PC":"5","PF":"5","MG":"5","8Q":"5","9Q":"5"},"HM":{"PV":"5"},"X6":{"3V":"5"},"V7":{"52":"5","X3":"5","83":"5"},"9P":{"H5":"5","CC":"5","JX":"5","97":"5"},"4W":{"J5":"5","P6":"5","R2":"5","M7":"5","P7":"5"},"C3":{"4X":"5"},"7R":{"XX":"5","4V":"5"},"QF":{"22":"5","23":"5"},"R6":{"38":"5","88":"5","F7":"5","89":"5","87":"5"},"47":{"64":"5"},"7W":{"CQ":"5","F6":"5","X8":"5"},"4V":{"R4":"5","V4":"5"},"H3":{"2Q":"5","2F":"5","2C":"5"},"45":{"WP":"5","FH":"5","WQ":"5","PH":"5","QJ":"5"},"V8":{"WM":"5"},"5V":{"W5":"5","4W":"5","V5":"5","W4":"5","4M":"5","V6":"5","PX":"5","X5":"5","WW":"5","V4":"5","MX":"5","WX":"5","W6":"5","CW":"5","VR":"5","X4":"5","MV":"5"},"V5":{"9G":"5"},"9V":{"35":"5"},"7H":{"WF":"5","WC":"5"},"PC":{"WX":"5"},"HH":{"HJ":"5"},"3H":{"9G":"5"},"X8":{"P6":"5"},"QP":{"W6":"5","X3":"5","X6":"5","W7":"5","X4":"5","X5":"5","X7":"5","X8":"5"},"G3":{"XC":"5","XF":"5","QQ":"5","RQ":"5"},"7X":{"69":"5","53":"5","59":"5","5W":"5","5V":"5","89":"5","7C":"5","54":"5","8C":"5","79":"5"},"5R":{"XQ":"5","VQ":"5","VV":"5","RX":"5","RQ":"5","VX":"5","RR":"5","RW":"5","PR":"5","MW":"5","WW":"5","JR":"5","WQ":"5","XR":"5","VW":"5","JW":"5","VR":"5","WR":"5","RV":"5","JV":"5","WV":"5","PV":"5","PW":"5","MV":"5","MR":"5"},"FX":{"5C":"5"},"2C":{"P5":"5"},"4F":{"G4":"5","F4":"5","G5":"5","F5":"5"},"8W":{"QW":"5","QX":"5","VV":"5","RX":"5","VX":"5","RW":"5","MW":"5","PX":"5","GH":"5","MX":"5","VW":"5","RV":"5","QV":"5","PW":"5"},"W7":{"P6":"5","J3":"5","H5":"5","G3":"5","M6":"5","RF":"5","V8":"5","J6":"5","H8":"5"},"XJ":{"C3":"5"},"3J":{"VR":"5","RR":"5"},"Q6":{"P9":"5","V8":"5","P8":"5","HC":"5","J7":"5","W8":"5"},"WJ":{"P8":"5"},"J6":{"3F":"5"},"G8":{"88":"5","5W":"5","6W":"5","6X":"5","W8":"5"},"HJ":{"96":"5","86":"5","87":"5","97":"5"},"JG":{"VG":"5"},"8C":{"FR":"5","FM":"5","FP":"5","HF":"5","GP":"5"},"8X":{"Q2":"5","P3":"5","M3":"5","Q3":"5","M2":"5","V3":"5","R3":"5","P2":"5","F4":"5","R2":"5","V2":"5"},"W6":{"2Q":"5","FR":"5","GQ":"5","R7":"5","FQ":"5","V8":"5","MG":"5","CR":"5","QX":"5","PH":"5","Q7":"5","P7":"5"},"J5":{"5F":"5","6M":"5"},"6X":{"56":"5","64":"5","8P":"5","2C":"5","78":"5","9M":"5","67":"5","55":"5","7P":"5","26":"5","C6":"5","W6":"5","5V":"5","57":"5","P5":"5","8W":"5","GR":"5","29":"5","HX":"5","79":"5"},"8G":{"78":"5"},"3X":{"FP":"5","4V":"4"},"CP":{"GQ":"5","29":"5","HP":"5","CM":"5","9V":"5","GM":"5"},"6R":{"9G":"5"},"6W":{"42":"5","QG":"5","6H":"5","V9":"5","QC":"5","FC":"5","PF":"5","J2":"5","HC":"5","C7":"5"},"5W":{"4W":"5","4P":"5","M2":"5","VX":"5","JP":"5","X5":"5","5G":"5","W2":"5","W3":"5","4Q":"5","5J":"5","HW":"5","3G":"5","4G":"5","5M":"5"}},"PG":{"QG":{"FM":"5"},"MC":{"HR":"5","MM":"5"},"XM":{"4G":"5"},"WQ":{"6X":"5","9G":"5"},"PC":{"CH":"5"},"XR":{"WH":"4","Q7":"4","QJ":"5"},"V3":{"MP":"5","PQ":"5"},"55":{"9V":"5"},"WR":{"43":"5"},"94":{"2R":"5"},"RQ":{"X6":"5"}},"X8":{"8C":{"R3":"5"},"P4":{"32":"5"},"X9":{"V5":"5"}},"P9":{"56":{"8W":"5"},"R6":{"4W":"5"},"83":{"QC":"5"},"P4":{"J7":"5"},"84":{"85":"5"},"J3":{"75":"5"},"V7":{"4W":"5"},"C6":{"VJ":"5"},"V9":{"R9":"5","VG":"5","CM":"5","RC":"5","X9":"5","Q7":"5"},"45":{"38":"5"},"RF":{"V5":"5"},"6R":{"Q8":"5"},"82":{"JP":"5"},"W9":{"P6":"5","Q6":"5","Q5":"5"},"F2":{"Q7":"5"}},"W9":{"C5":{"QW":"5"}},"J9":{"WF":{"G4":"5"},"4H":{"CF":"5"},"VH":{"XV":"5","XR":"5"},"23":{"JG":"5"},"Q9":{"8J":"5"},"CP":{"43":"5"},"X5":{"VW":"5"},"3Q":{"V4":"5"},"X3":{"RJ":"5"},"H5":{"8F":"5","7M":"5","6M":"5","87":"5"},"6F":{"24":"5"},"QV":{"QM":"5"},"6G":{"34":"5"},"5J":{"96":"5","FH":"5"},"4X":{"6F":"5","7F":"5"},"7R":{"RJ":"5","77":"5","RM":"5"},"94":{"3X":"5"},"6W":{"9H":"5"},"5M":{"C7":"5"}},"XF":{"6H":{"23":"5"},"5F":{"C8":"5","7H":"5"},"MQ":{"53":"5"}},"9C":{"82":{"QG":"5","QC":"5"},"72":{"WM":"5"},"C3":{"C9":"5","9F":"5","F8":"5","C8":"5","85":"5","9H":"5","CF":"5","C7":"5","54":"5"},"R3":{"77":"5"}},"P2":{"J5":{"96":"5"},"99":{"RR":"5"},"37":{"FW":"5"},"J3":{"79":"5"},"R9":{"VW":"5"}},"H5":{"GQ":{"J6":"5"},"QX":{"5M":"5","5J":"5"},"FW":{"5X":"5"},"GM":{"VM":"5"},"JC":{"PC":"5"},"XX":{"PJ":"5"},"QG":{"46":"5","45":"5"},"Q4":{"8X":"5","9W":"5","9X":"5"},"Q5":{"C2":"5"},"76":{"24":"5"},"FX":{"6G":"5"},"PG":{"W6":"5"},"7M":{"4H":"4"},"MQ":{"CJ":"5"},"CH":{"46":"5"},"VM":{"FC":"5","F9":"5"},"9W":{"R9":"5"},"89":{"69":"5","58":"5"},"WR":{"C8":"5"},"WM":{"X3":"5","X2":"5"},"X6":{"5W":"5"},"9H":{"7G":"5","89":"5","P8":"5","7F":"5","7C":"5","79":"5"},"MH":{"6Q":"5"},"FP":{"M7":"5","9C":"5","P7":"5"},"6M":{"RC":"5"},"XJ":{"4W":"5","5X":"5","8X":"5","8H":"5","9M":"5","3V":"5","3W":"5","FM":"5","5W":"5","5V":"5","9W":"5","2X":"5","7X":"5","3X":"5","6X":"5","4V":"5","4X":"5","FJ":"5"},"WV":{"MF":"5"},"FG":{"2Q":"5","HQ":"5"},"XM":{"33":"5","42":"5","53":"5","43":"5","64":"5","23":"5","44":"5","63":"5","74":"5","62":"5","22":"5","72":"5","52":"5","32":"5","82":"5","73":"5","54":"5"}},"Q2":{"JG":{"8R":"5","8W":"5","9V":"5"},"PJ":{"73":"5"},"GV":{"5G":"5","5F":"5","5C":"5"},"RP":{"HX":"5","GW":"5"},"QR":{"JW":"5"},"V8":{"2V":"5"},"RC":{"3G":"5"},"GH":{"WC":"5","R5":"5"},"HH":{"29":"5","JV":"5","28":"5"},"RM":{"FV":"5"},"RQ":{"J2":"5","C7":"5","G2":"5"}},"Q5":{"3R":{"FV":"5"},"7J":{"M5":"5"}},"W3":{"2F":{"V6":"5","R8":"5","WH":"5","R5":"5","R7":"5","Q8":"5","72":"5","M7":"5","P8":"5","P7":"5"},"3M":{"Q7":"5"},"GF":{"RR":"5","MW":"5","JX":"5","VP":"5","JW":"5","QV":"5","PV":"5","QR":"5","PW":"5"}},"99":{"28":{"F5":"5"},"63":{"96":"5","86":"5"},"48":{"69":"5","2J":"5","7J":"5","42":"5","PH":"5","JH":"5","8H":"5","CP":"5","9M":"5","X5":"5","5G":"5","F8":"5","XC":"5","FM":"5","7Q":"5","W6":"5","8M":"5","HM":"5","X6":"5","FP":"5","9P":"5"},"3Q":{"5M":"5"},"2P":{"88":"5","8F":"5","68":"5","7F":"5","79":"5"},"49":{"H7":"5","G8":"5","JM":"5","W2":"5"},"39":{"P6":"5","P5":"5","M5":"5"},"FW":{"R8":"5"},"QC":{"53":"5"},"38":{"2X":"5","WP":"5","GV":"5","XM":"5","WJ":"5"},"55":{"6X":"5"},"VC":{"6G":"5"},"57":{"QX":"4"},"87":{"77":"5"},"VR":{"7P":"5"},"29":{"X3":"5"},"36":{"PC":"5"},"37":{"M3":"5","QP":"5"},"JC":{"X3":"5","X4":"5"},"MC":{"24":"5","23":"5"},"MX":{"VX":"5"},"J8":{"F8":"5"},"58":{"8M":"5","2C":"5","75":"5","26":"5","25":"5"},"4R":{"GR":"5","67":"5"},"XF":{"9R":"5","8X":"5","9V":"5","CR":"5","9Q":"5"},"F6":{"92":"5","C2":"5"},"67":{"43":"5"},"WF":{"RJ":"5","QJ":"5"},"G5":{"HJ":"5","JJ":"5","HH":"5"},"46":{"4G":"5"},"47":{"4X":"5"}},"R4":{"JH":{"7C":"5"}},"97":{"WH":{"FQ":"5","92":"5"},"JC":{"6W":"5"},"R8":{"XM":"5","W9":"5","WG":"5","XH":"5"},"WJ":{"P2":"5","P3":"5"},"JH":{"V4":"5"},"WG":{"8X":"5","5W":"5","4V":"5","6W":"5","6X":"5","7X":"5","4W":"5"},"6C":{"FX":"5"}},"R8":{"WQ":{"HR":"5","HQ":"5"},"R6":{"6V":"5"},"9X":{"4F":"5"}},"H7":{"M3":{"PP":"5"},"X3":{"RQ":"5"},"M8":{"H2":"5"},"M5":{"WP":"5"},"FF":{"47":"5","3C":"5","25":"5"},"J2":{"9G":"5"},"F4":{"J8":"5"},"M6":{"5F":"4"},"X9":{"XV":"5","39":"5"},"X8":{"CW":"5","9V":"5"},"VV":{"74":"5","4V":"5"},"4X":{"RW":"5","RX":"5","VW":"5"},"G6":{"XM":"5"},"CF":{"WJ":"5"},"VQ":{"Q9":"5"},"HR":{"89":"5","9G":"5","2W":"5"},"F5":{"PG":"4"},"CJ":{"3P":"5","4P":"5"},"WC":{"R2":"5","R3":"5"},"J4":{"GG":"5"},"9H":{"VQ":"5","WF":"5","VV":"5","RQ":"5","VX":"5","RR":"5","VF":"5","XF":"5","VR":"5","WR":"5","HX":"5"},"G2":{"GF":"5"},"H6":{"2Q":"5"},"V7":{"QM":"5","MP":"5"},"XC":{"V5":"5"},"X4":{"65":"5"},"JP":{"J5":"5"},"Q2":{"4H":"5","5H":"5","PM":"5"},"P2":{"RW":"5"},"WR":{"54":"5"},"MW":{"83":"5","84":"5"},"C9":{"X4":"5"},"WM":{"5G":"5"},"R3":{"2V":"5","PW":"5","8P":"5"},"WF":{"8H":"5"},"CH":{"4R":"5"},"M7":{"5H":"5"},"J3":{"6Q":"5"},"W4":{"GC":"5","W8":"5"},"RW":{"PJ":"5","MQ":"5","QQ":"5","RM":"5","QJ":"5"},"G7":{"23":"5"},"PX":{"6W":"5"},"X7":{"JX":"5"},"R4":{"62":"5"},"Q5":{"FG":"5","FF":"5"},"CG":{"RX":"5"},"GW":{"FW":"5","GW":"5"}},"Q4":{"CQ":{"99":"5"},"Q3":{"9M":"5"},"M5":{"VQ":"5","RQ":"5"},"R5":{"88":"5","8C":"5","53":"5","65":"5"},"R3":{"MJ":"5"}},"M9":{"43":{"39":"5"},"59":{"Q6":"5"},"48":{"25":"5"},"2P":{"V3":"5"},"34":{"XG":"5","XH":"5"},"44":{"37":"5","36":"5"},"V2":{"8M":"5","WV":"5"},"Q3":{"J8":"5"},"49":{"QX":"5"},"V8":{"P2":"5"},"G6":{"PW":"5","MX":"5"},"36":{"X6":"5"},"35":{"54":"5"},"24":{"FC":"5"},"4C":{"P2":"5"},"P2":{"XH":"5"},"RQ":{"7H":"5"},"78":{"94":"5"},"68":{"VF":"5"},"R2":{"WG":"5"},"Q5":{"MH":"5","PG":"5"},"3P":{"J4":"5"}},"Q8":{"7H":{"42":"5"},"P3":{"62":"5"},"CC":{"M5":"5","V6":"5","X4":"5"},"Q8":{"CG":"5"}},"XC":{"GQ":{"38":"5"},"29":{"VH":"5"},"6G":{"WP":"5"},"X4":{"H8":"5"}},"P8":{"C5":{"R7":"5"},"2V":{"VQ":"5"},"29":{"4R":"5","4Q":"5"},"CH":{"5H":"5"},"6W":{"V2":"5","M2":"5"},"QP":{"G9":"5"},"WX":{"FH":"5"}},"J7":{"RM":{"W4":"5"},"25":{"V3":"5"},"93":{"2H":"5"},"39":{"MG":"5","P8":"5","JV":"5","PC":"5","MJ":"5","P9":"5","R8":"5","V6":"5","MQ":"5","R7":"5","Q7":"5","JR":"5","V5":"5","JX":"5","JM":"5","V4":"5","R6":"5","JQ":"5","HV":"5","JP":"5","HW":"5","MC":"5","MH":"5","JJ":"5","MF":"5","HX":"5","Q8":"5","R4":"5"},"59":{"QW":"5","XQ":"5","QX":"5","VV":"5","RW":"5","XV":"5","62":"5","J9":"5","XR":"5","VW":"5","WV":"5","J8":"5"},"V6":{"H9":"5"},"F8":{"57":"5"},"HQ":{"W2":"5"},"6F":{"RJ":"5","C6":"5"},"Q2":{"VV":"5"},"8V":{"HM":"4"},"63":{"R4":"5","P9":"5","22":"5","9V":"5","V6":"5","R5":"5","WV":"5"},"VJ":{"X8":"5"},"36":{"PM":"5"},"G6":{"7F":"5"},"P7":{"HM":"5"},"83":{"59":"5"},"23":{"2G":"5","JQ":"5","77":"5","58":"5","97":"5"},"2G":{"XX":"5"},"C8":{"GW":"5"},"RP":{"66":"5"},"GH":{"C7":"5"},"54":{"M8":"5","64":"5","M9":"5","G8":"5","PC":"5","JF":"5"},"37":{"6R":"5"},"XV":{"F3":"5"},"85":{"HG":"5","52":"5","G4":"5"},"68":{"VX":"5","WX":"5"},"RG":{"PV":"5"},"74":{"MV":"5","MW":"5"},"76":{"29":"5","7F":"5","28":"5","5C":"5","7C":"5","85":"5"},"X4":{"HR":"5","FP":"5","28":"5","JJ":"5","JH":"5"},"X5":{"2G":"5","3M":"5"},"73":{"VX":"5"},"W5":{"7H":"5","WF":"5","RC":"5","X6":"5","9J":"5"},"VR":{"4R":"5","C9":"5"},"26":{"R9":"5","XP":"5","77":"5"},"32":{"52":"5","HR":"5","V5":"5","22":"5","QP":"5","V4":"5"},"P8":{"5C":"5"},"97":{"HC":"5"},"J2":{"CJ":"5"},"35":{"3J":"5"},"44":{"32":"5","W6":"5","43":"5"},"47":{"V7":"5","8W":"5"},"C4":{"43":"5"},"WM":{"X9":"5"},"45":{"W6":"5","87":"5"},"5V":{"F2":"5"},"27":{"RQ":"5"},"57":{"78":"5","68":"5"},"53":{"37":"5","M3":"5","FW":"5","M2":"5","QG":"5","RR":"5","76":"5","52":"5","GJ":"5","QR":"5"},"33":{"WV":"5"},"Q3":{"X3":"5","W2":"5"},"49":{"P3":"5","V7":"5","75":"5"},"48":{"99":"5","H9":"5","53":"5","FV":"5","FW":"5","89":"5","VF":"5","45":"5","79":"5"},"7Q":{"J3":"5"},"6J":{"96":"5"},"3F":{"95":"5","76":"5","FQ":"5","96":"5","F9":"5","FH":"5","C6":"5","3X":"5","FP":"5","73":"5","FJ":"5","72":"5","FR":"5","FM":"5","5W":"5","4X":"5","CF":"5","92":"5","75":"5","5X":"5","7V":"5","7R":"5","82":"5","CR":"5","9R":"5","83":"5","F7":"5","FG":"5","94":"5","C5":"5","C9":"5","5V":"5","8R":"5","84":"5","85":"5","6R":"5","CC":"5","CH":"5","6V":"5","C7":"5","CG":"5","F8":"5","86":"5"},"5R":{"P2":"5","9R":"5","M2":"5","8R":"5","9P":"5","GG":"5"},"75":{"8G":"5","4C":"5"},"82":{"G8":"5","H4":"5"},"9J":{"P3":"5"},"Q6":{"GH":"5"},"JQ":{"96":"5"},"M7":{"8P":"5"},"F7":{"98":"5"},"6M":{"XW":"5","F6":"5","WQ":"5"},"J6":{"JP":"5"},"VV":{"XC":"5"},"6C":{"6F":"5","5P":"5"},"55":{"H3":"5","QV":"5"},"43":{"2Q":"5","34":"5","PH":"5","WV":"5"},"F4":{"P8":"5","QC":"5"},"RR":{"X6":"5"},"M6":{"42":"5"},"62":{"32":"5","M3":"5","CV":"5","7H":"5","CW":"5","89":"5","CX":"5","33":"5","FJ":"5","JP":"5","55":"5","5J":"5","2W":"5","W2":"5","FF":"5","G9":"5"},"JW":{"XQ":"5"},"38":{"93":"5","RX":"5","43":"5","G9":"5"},"67":{"4J":"5"},"56":{"MH":"5"},"QC":{"PF":"5","H6":"5"},"8G":{"XC":"5"},"94":{"76":"5","P4":"5"},"58":{"8X":"5","QV":"5"},"95":{"6V":"5"},"42":{"J5":"5","HG":"5","H5":"5","MX":"5","J6":"5"},"J7":{"HJ":"5"},"69":{"49":"5","5F":"5","69":"5","4P":"5","77":"5","4H":"5","4M":"5","4J":"5","8H":"5","2Q":"5","78":"5","5H":"5","67":"5","3P":"5","5G":"5","59":"5","W2":"5","58":"5","57":"5","6F":"5","2R":"5","6G":"5","5C":"5","5J":"5","3M":"5","2P":"5","4C":"5","R2":"5","79":"5","68":"5","5M":"5"},"3G":{"33":"5","2J":"5","2V":"5","3F":"5","2P":"5","2M":"5","34":"5","2F":"5","39":"5","38":"5","2R":"5","3M":"5","36":"5","37":"5","2G":"5","35":"5","2Q":"5","24":"5","2H":"5","32":"5","3C":"5","2X":"5","25":"5","2W":"5","46":"5","47":"5","3P":"5"},"28":{"53":"5","77":"5","V3":"5","87":"5"},"72":{"63":"5","JW":"5","6V":"5"},"3C":{"9Q":"5","9X":"5","9M":"5","F9":"5","J2":"5","9J":"5","H2":"5","G6":"5","CF":"5","G9":"5","G8":"5","H5":"5","8Q":"5","CJ":"5","9P":"5","9R":"5","8V":"5","8R":"5","H3":"5","9W":"5","CC":"5","FC":"5","CH":"5","G5":"5","G7":"5","H4":"5","CG":"5","8W":"5"},"52":{"GQ":"5","C2":"5","PM":"5","H9":"5","RH":"5","QJ":"5","PH":"5","8H":"5","QH":"5","VJ":"5","PC":"5","PJ":"5","VP":"5","WR":"5","WV":"5","7R":"5","QM":"5","HQ":"5"}},"J2":{"8J":{"67":"5"},"JP":{"4X":"5"},"5Q":{"8M":"5","4F":"5","4G":"5","7M":"5","HC":"5","FF":"5"},"JQ":{"42":"5"},"JR":{"9Q":"5"},"M7":{"62":"5"},"8C":{"M9":"5","PC":"5","QF":"5","PG":"5","QC":"5","PF":"5","MC":"5","MF":"5","P9":"5"}},"VG":{"V9":{"64":"5"},"PW":{"P2":"5"},"PV":{"MQ":"5"},"56":{"84":"5"},"7X":{"WV":"5"},"QV":{"2W":"5","3W":"5"}},"WX":{"F3":{"J5":"5","99":"5","M6":"5","C9":"5"}},"J8":{"CP":{"MP":"5","MM":"5"},"C8":{"QM":"5","Q8":"5","PM":"5"},"2V":{"PR":"5"},"M8":{"J3":"5"},"59":{"4X":"5"},"R8":{"2G":"5","4X":"5","3X":"5","3R":"5","3J":"5","4J":"5","4W":"5"},"3F":{"52":"5","42":"5"},"48":{"HW":"5"},"54":{"FC":"5"},"8F":{"QR":"5"},"99":{"F7":"5","G2":"5","MM":"5"},"QR":{"RJ":"5"},"7G":{"44":"5","55":"5"},"57":{"PH":"5"},"87":{"WW":"5","VW":"5"},"7C":{"63":"5","83":"5"},"M9":{"X7":"5"},"W3":{"XQ":"5"},"29":{"CC":"5"},"2R":{"VR":"5"},"79":{"6W":"5"},"37":{"H7":"5"},"2Q":{"8M":"5"},"4C":{"VM":"5"},"42":{"34":"5"},"2X":{"HH":"5"},"85":{"R9":"5"},"R3":{"G8":"5"},"C7":{"J3":"5"},"2C":{"7G":"5","WQ":"5"}},"QC":{"8J":{"MC":"5"},"92":{"6H":"5"},"44":{"HF":"5"},"72":{"7W":"5"},"5W":{"66":"5","96":"5","56":"5","64":"5","44":"5","67":"5","55":"5","C6":"5","45":"5","47":"5","95":"5","C5":"5","46":"5","65":"5"},"47":{"QP":"5"},"M7":{"QW":"5"},"F9":{"22":"5"},"HP":{"78":"5","5F":"5"},"54":{"J7":"5"}},"C7":{"HG":{"5G":"5"},"35":{"XP":"5"},"WP":{"XW":"5"},"2F":{"5V":"5"},"WW":{"GJ":"5","X3":"5","Q3":"5","R5":"5"},"48":{"8P":"5"},"WF":{"4R":"5"},"XV":{"3W":"5"},"XR":{"6Q":"5","6P":"5"},"G6":{"6V":"5"},"7J":{"7G":"5","6F":"5","5H":"5","9H":"5","7F":"5","5F":"5","FJ":"5","CJ":"5","3G":"5"},"VP":{"F8":"5"}},"M2":{"V9":{"X4":"5"},"JX":{"FM":"5"},"JM":{"RR":"5"},"Q8":{"X9":"5"},"2P":{"VV":"5"}},"R7":{"GG":{"7J":"5"},"2P":{"94":"5"},"5J":{"MF":"5"}},"J5":{"25":{"WH":"5"},"HP":{"CF":"5","9H":"5"},"PG":{"G7":"5","G9":"5"},"2X":{"2G":"5","2F":"5"},"WW":{"WV":"5"},"4M":{"2F":"5"},"FW":{"52":"5","95":"5","63":"5","F4":"5","C3":"5","73":"5","F2":"5","72":"5","53":"5","C2":"5","92":"5","F5":"5","G3":"5","82":"5","74":"5","83":"5","G4":"5","94":"5","C5":"5","84":"5","62":"5","85":"5","F3":"5","93":"5","C4":"5"},"M4":{"86":"5"},"9R":{"MR":"5"},"WF":{"6F":"5"},"9W":{"43":"5"},"GW":{"PF":"5"},"CV":{"Q2":"5","Q3":"5","Q4":"5","Q5":"5","8P":"5","CP":"5","F8":"5","XF":"5","M8":"5","C8":"5","MP":"5","89":"5","6R":"5","6V":"5","PP":"5","P9":"5"},"HV":{"GV":"5","FW":"5"},"FR":{"2X":"5","4G":"5","3C":"5","7C":"5","3F":"5","4J":"5"},"4G":{"Q6":"5"},"CR":{"VQ":"5","RQ":"5","WC":"5","VF":"5","W7":"5","5W":"5","MC":"5","WV":"5"},"HF":{"8C":"5"},"8H":{"J3":"5","V8":"5"},"3V":{"45":"5"},"R6":{"CW":"5","CX":"5"},"FV":{"GQ":"5","FW":"5","FR":"5","FV":"5","8X":"5","FX":"5","9V":"5","7W":"5","FQ":"5","GW":"5","9X":"5","CX":"5","7V":"5","CW":"5","9W":"5","CV":"5","8W":"5","8V":"5","7X":"5","32":"5","GR":"5","6V":"5","6X":"5","6W":"5","GV":"5"},"P9":{"23":"5"},"HW":{"33":"5","W7":"5","75":"5","J6":"5","25":"5"},"GM":{"H4":"5"},"JJ":{"QR":"5"},"7P":{"24":"5","34":"5","33":"5","23":"5"},"V8":{"8W":"5"},"PQ":{"3P":"5","6P":"5","4P":"5"},"9V":{"4X":"5","3X":"5","5X":"5"},"7J":{"8V":"5","5R":"5"},"9M":{"5Q":"5"},"7Q":{"3Q":"5"},"XP":{"4J":"5"},"6P":{"M2":"5","43":"5","62":"5","P2":"5","72":"5","52":"5","HW":"5","82":"5","J2":"5"},"7M":{"FJ":"5","9F":"5","FH":"5","MC":"5","PG":"5","QJ":"5","F8":"5","6F":"5","GP":"5","8F":"5","GF":"5","J9":"5","G9":"5","CF":"5","C8":"5","GH":"5","9G":"5","JF":"5","JH":"5","7F":"5","79":"5","76":"5","C9":"5","JC":"5","HF":"5","HM":"5","8H":"5","GG":"5","PH":"5","MJ":"5","9C":"5","CM":"5","M9":"5","H9":"5","GM":"5","7C":"5","JJ":"5","CC":"5","QH":"5","9H":"5","7J":"5","CJ":"5","7H":"5","FF":"5","HH":"5","MM":"5","FM":"5","F9":"5","77":"5","9J":"5","CG":"5","GC":"5","GJ":"5","FP":"5","PJ":"5","FC":"5","99":"5","6C":"5","FG":"5","HJ":"5","JG":"5","HG":"5","MH":"5","8C":"5","MG":"5","89":"5","HC":"5","7G":"5","8G":"5","CH":"5","JM":"5","8J":"5","69":"5","QG":"5","6G":"5","6H":"5"},"RQ":{"5W":"5","6W":"5"},"5M":{"C6":"5"},"6M":{"5X":"5","8X":"5","PX":"5","MX":"5","CX":"5","7X":"5","6X":"5"},"MF":{"X5":"5"},"6C":{"44":"5"},"JX":{"G6":"5"},"JW":{"47":"5","55":"5"},"89":{"58":"5"},"J5":{"J9":"5"},"6X":{"FP":"5"},"RH":{"M3":"5"},"J7":{"64":"5"},"28":{"WV":"5"}},"W7":{"M8":{"X6":"5"},"P8":{"26":"5"}},"V6":{"47":{"2X":"5"}},"M6":{"VQ":{"Q6":"5"},"33":{"37":"5"},"Q6":{"QJ":"5"},"77":{"2F":"5"},"96":{"34":"5"},"W4":{"WR":"5"},"R5":{"WP":"5"},"23":{"5F":"5","4W":"5","5P":"5","38":"5","4F":"5","4H":"5","H3":"5","3C":"5","5Q":"5","5R":"5","5H":"5","4R":"5","5J":"5","4X":"5","4V":"5","4G":"5","28":"5","5M":"5"},"78":{"G6":"5"},"67":{"VJ":"5","RH":"5","RJ":"5","V5":"5","QJ":"5"},"3P":{"G5":"5"},"97":{"56":"5"},"22":{"4H":"5"},"VP":{"MV":"5","MR":"5"},"JG":{"H4":"5"},"24":{"32":"5","24":"5","42":"5","34":"5","33":"5","25":"5"},"29":{"65":"5"},"7F":{"5P":"5"},"27":{"36":"5"}},"MC":{"H7":{"FP":"5"},"MH":{"5J":"5"},"RH":{"26":"5"},"XG":{"6W":"5"},"F8":{"W5":"5","W3":"5"},"G8":{"WP":"5"},"P9":{"Q9":"5"},"QP":{"34":"5"},"JM":{"42":"5"},"J9":{"8C":"5","R3":"5"},"Q8":{"QP":"5","QQ":"5"},"P4":{"4V":"5"},"X9":{"MH":"5","PX":"5","4J":"5"},"J7":{"7G":"5"},"H8":{"98":"5"},"P7":{"FH":"5","P4":"5"},"6C":{"54":"5"},"65":{"39":"5"},"JR":{"MH":"5"},"X8":{"RQ":"5"},"W8":{"VW":"5"},"RQ":{"M7":"5","P7":"5"}},"M4":{"P2":{"3G":"5"},"76":{"R2":"5","G2":"5"},"MX":{"CR":"5"},"FW":{"5C":"5","6C":"5"},"JX":{"RX":"5"},"6X":{"9X":"5"},"67":{"WP":"5","7W":"5"},"WC":{"F8":"5","F7":"5"},"PF":{"33":"5"},"H2":{"3H":"5","2H":"5"},"G2":{"XJ":"5"},"9J":{"FH":"5"},"87":{"96":"5"},"9F":{"GJ":"5","R9":"5","HJ":"5","P9":"5","PC":"5","GG":"5","GH":"5","H8":"5","HH":"5"}},"PF":{"M3":{"XG":"5","WH":"5","7M":"5","4V":"5","4R":"5","5R":"5","H6":"5"},"M8":{"R7":"5","R9":"5","V7":"5","Q9":"5"},"M5":{"M3":"5","J3":"5","X3":"5","M4":"5","X4":"5","J4":"5","H4":"5"},"J2":{"4P":"5"},"2P":{"XW":"5"},"M6":{"JH":"5"},"R5":{"P2":"5","R2":"5","GG":"5","V3":"5","43":"5","V4":"5","Q2":"5","R3":"5"},"Q3":{"P6":"5","9R":"5","P5":"5","CV":"5","CR":"5"},"F2":{"FX":"5"},"C2":{"M5":"5"},"P4":{"2J":"5","5R":"5","2V":"5","9X":"5","GG":"5","3F":"5","5P":"5","2F":"5","9J":"5","3V":"5","CX":"5","89":"5","CW":"5","7V":"5","7R":"5","5G":"5","9H":"5","3J":"5","8X":"5","2H":"5","4C":"5","78":"5","5M":"5","58":"5","4R":"5","6J":"5","9W":"5","6R":"5","5C":"5","6V":"5","5H":"5","5Q":"5","4G":"5","8W":"5","2C":"5"},"H2":{"95":"5"},"HR":{"52":"5","62":"5","34":"5","87":"5"},"GQ":{"XW":"5"},"P7":{"6P":"5"},"G3":{"X4":"5"},"H6":{"HP":"5","9P":"5","JH":"5"},"F7":{"G4":"5"},"M2":{"RP":"5","P9":"5","GG":"5","GH":"5"},"Q2":{"3G":"5"},"HQ":{"3X":"5","2W":"5"},"RQ":{"JG":"5"},"P3":{"3R":"5","6W":"5","HC":"5","P7":"5"},"H3":{"P9":"5","Q8":"5"},"R3":{"H9":"5","5P":"5"},"CC":{"5W":"5","6W":"5"},"M4":{"WF":"5","XH":"5","VH":"5","QG":"5","X7":"5","PH":"5","QH":"5","2W":"5","RG":"5","VG":"5","JM":"5","22":"5","XG":"5","XJ":"5","XM":"5"},"J3":{"XW":"5","H6":"5"},"H4":{"GH":"5"},"93":{"X2":"5"},"R4":{"7J":"5","HR":"5","PX":"5","MW":"5","JR":"5","JV":"5","6G":"5","GR":"5","FG":"5","PW":"5","MV":"5"},"Q5":{"QR":"5"},"Q4":{"HG":"5","W7":"5"},"P5":{"37":"5","22":"5","33":"5","3M":"5","C2":"5","25":"5"}},"G8":{"X8":{"99":"5"}},"W8":{"PW":{"X4":"5"},"FP":{"2F":"5"},"QW":{"24":"5","23":"5"},"XP":{"F7":"5"}},"P6":{"M2":{"2P":"5"},"FX":{"95":"5","C7":"5"},"W2":{"5M":"5"},"P6":{"X9":"5"},"H6":{"Q3":"5"},"5W":{"P2":"5"},"2P":{"GG":"5"},"FF":{"F8":"5"},"QR":{"J8":"5"},"94":{"4J":"5"}},"F9":{"XW":{"X6":"5"}},"VF":{"2V":{"P7":"5"},"2C":{"RG":"5","CG":"5"},"CH":{"5P":"5","4Q":"5","5Q":"5"},"C7":{"4W":"5"},"FJ":{"95":"5"},"Q2":{"2P":"5"},"G2":{"V3":"5"},"QQ":{"XJ":"5"}},"JF":{"C5":{"M3":"5"},"FR":{"Q2":"5"},"WW":{"G6":"5"},"FQ":{"FR":"5","FQ":"5"},"FV":{"5M":"5"},"57":{"WG":"5"},"VW":{"Q7":"5"}},"88":{"RW":{"JG":"5","MG":"5"},"WP":{"28":"5"},"CW":{"H9":"5","F2":"5"}},"V4":{"JC":{"86":"5"},"G8":{"GV":"5"},"G9":{"WC":"5"}}}}