{"index":{"university,1|retail,2|tourism,3|wreck,4|historical,5|artsCulture,6|namedBuilding,7|water,8|wetland,9|park,10|beach,11|natureReserve,12|cemetery,13|trail,14":{}},"4V":{"FJ":{"24":{"82":"4"},"8X":{"PH":"4"},"8M":{"FM":"5","CM":"5","FJ":"5","CJ":"5"},"5W":{"H3":"5"},"7M":{"WC":"5"},"4R":{"R4":"5","V4":"5"},"7R":{"58":"4"}},"GR":{"7Q":{"P3":"5","H8":"5","G9":"5"},"CP":{"P6":"5","V2":"5","W8":"5"},"FV":{"82":"5"},"76":{"F7":"5"},"9M":{"HR":"5","PR":"5","GC":"5"},"FQ":{"9V":"5"},"P9":{"9H":"5"},"QV":{"FX":"5"},"7J":{"XC":"5","VV":"5"},"7M":{"HR":"5","MC":"5","H5":"5","QX":"5"},"5P":{"FJ":"5"},"FP":{"QQ":"5"},"7P":{"XX":"5","RP":"5","J3":"5","P2":"5","JR":"5","F7":"5","MP":"5","G3":"5","M6":"5","HH":"5","QR":"5"},"JR":{"6G":"5"},"MR":{"VF":"5"},"3H":{"5Q":"5"},"FR":{"3R":"5","H2":"5"},"26":{"JR":"5"},"FM":{"2P":"5"},"GQ":{"GW":"5"},"CW":{"88":"5","MF":"5"},"5X":{"27":"5"},"7R":{"62":"5"},"6P":{"JM":"5"},"82":{"88":"5"},"6X":{"GX":"5"},"CR":{"XJ":"5","V5":"5","X4":"5"},"9R":{"4V":"5","9W":"5","4R":"5"},"8V":{"HH":"5"},"HV":{"28":"5","79":"5"},"4M":{"Q4":"5","X3":"5","VM":"5","R5":"5"},"2H":{"45":"5"},"3G":{"95":"5"},"3C":{"MG":"5"},"J8":{"3H":"5"},"5M":{"RF":"5","G5":"5","XH":"5","F5":"5"},"VH":{"WW":"5"},"8J":{"XJ":"5","2V":"5","XF":"5"},"QW":{"G7":"5"},"GV":{"XC":"5","CV":"5","CX":"4","9V":"5","XF":"4","8V":"5"},"C7":{"76":"5"},"GW":{"69":"5","9C":"5","57":"5","5C":"5","6C":"5"},"CQ":{"86":"5","V8":"5","MQ":"5"},"6M":{"PR":"5"}},"HP":{"XR":{"RG":"5","MM":"5"},"RV":{"X3":"5"},"PV":{"GH":"5"},"28":{"63":"5","53":"5","2W":"5"},"3F":{"99":"5","JQ":"5","GV":"5","VR":"5","HJ":"5","QX":"5","9G":"5","87":"5"},"27":{"7H":"5","72":"5","65":"5","5R":"5"},"HJ":{"PP":"5"},"7J":{"4G":"5"},"HM":{"P5":"5","M2":"5","G7":"5","F5":"5","C4":"5"},"WQ":{"4F":"5","H4":"4"},"QP":{"MJ":"5","G9":"5"},"VV":{"XV":"5","XF":"5"},"WW":{"9R":"5"},"GJ":{"CQ":"5"},"9J":{"2G":"5","QH":"5","CH":"5","6H":"5"},"VP":{"2J":"5","HC":"5"},"VR":{"RH":"5","H3":"5","7C":"5","WR":"5"},"QX":{"FM":"5"},"VQ":{"QG":"5","3X":"5","FF":"5"},"29":{"37":"5","5W":"5","4R":"5","5V":"5","2R":"5"},"2R":{"CM":"5"},"WV":{"5M":"5","7W":"5","WJ":"5"},"XW":{"73":"5"},"3G":{"W8":"5"},"XV":{"W3":"5"},"MP":{"V9":"5"},"JJ":{"5X":"5"},"4H":{"R4":"5"},"6J":{"M2":"5"},"RP":{"CG":"5","Q4":"5","GP":"5","PM":"5","VP":"5"},"MM":{"9W":"5"},"VM":{"JX":"5"},"8J":{"WG":"5","RQ":"5"},"4G":{"37":"5","47":"5","28":"5","43":"5"},"2C":{"PP":"5","37":"5","VV":"5","6G":"5","43":"5","GF":"5"}},"59":{"3Q":{"FW":"5"},"PP":{"8Q":"5"},"VX":{"5W":"5"},"3X":{"9Q":"5"},"WQ":{"WW":"5"},"JV":{"QG":"5"},"XP":{"C8":"5","C7":"5","98":"5"},"VM":{"8Q":"5","7Q":"5"},"Q8":{"46":"5","47":"5"},"Q7":{"8P":"5","7C":"5","79":"5"}},"QJ":{"FV":{"R8":"5","RC":"5","JX":"5","JW":"5","VM":"5","V6":"5","HX":"5","JR":"5"},"GM":{"VV":"5","PM":"5","PR":"5","89":"5","VR":"5","F5":"5","XJ":"5"},"FQ":{"X5":"5"},"GP":{"QG":"5","GQ":"5","6F":"5","RC":"5","MG":"5"},"HM":{"9M":"5","FP":"5","4V":"5","FW":"5","4P":"5"},"FW":{"WQ":"5"},"GJ":{"JP":"5"},"GR":{"77":"5","5P":"5","6P":"5","3V":"5","3P":"5","Q7":"5","86":"5","C8":"5","7V":"5","3M":"5","MF":"5"},"FM":{"RX":"5"},"GQ":{"QM":"5","MR":"5","VG":"5","7V":"5","XH":"5","X8":"5","GW":"5"},"GX":{"M2":"5","48":"5","56":"5","22":"5","FW":"5","57":"5","9V":"5","Q2":"5","J6":"5","9F":"5","6C":"5","65":"5","9X":"5","3W":"5"},"9G":{"6R":"4"},"HV":{"76":"5","HW":"5","M9":"5","F9":"5","M5":"5","J6":"5","7Q":"5","84":"5","9Q":"5","H6":"5"},"HW":{"H9":"5","8H":"5","92":"5","CQ":"5","H5":"5","CX":"5","7V":"5","9W":"5","CV":"5","48":"5","FJ":"5","73":"5","6W":"5"},"8X":{"XC":"5","J6":"5","R3":"5"},"HX":{"96":"5","VV":"5","8F":"5","VX":"5","QR":"5","PQ":"5","5F":"5","VP":"5","F5":"5"},"GV":{"G4":"5","44":"5","33":"5"},"GH":{"RQ":"4"},"FX":{"J8":"5","X3":"5","VF":"5","J9":"5","H8":"5","MJ":"5","X2":"5"},"GW":{"38":"5","9P":"5","4J":"5"},"HP":{"64":"5","2F":"5","86":"5","6H":"5","67":"5","59":"5","5Q":"5"}},"HQ":{"W7":{"X3":"5","7V":"5"},"J5":{"QV":"5"},"R8":{"VH":"5"},"V6":{"32":"5","PP":"5","27":"5"},"R7":{"58":"5"},"Q7":{"CC":"5","G9":"5"},"R5":{"VX":"5","9G":"5"},"34":{"89":"5"},"X9":{"2Q":"5","JG":"5","2R":"5"},"X8":{"V9":"5","RH":"5","QF":"5","86":"5","6W":"5","5C":"5","WG":"5"},"WQ":{"XH":"5"},"RC":{"38":"5"},"Q3":{"5V":"5"},"XG":{"R3":"5"},"W5":{"F6":"5","C7":"5"},"C2":{"XQ":"5"},"QC":{"Q4":"5","29":"5"},"P4":{"W9":"5"},"XJ":{"8C":"5"},"VC":{"Q6":"5","CR":"5"},"V8":{"PQ":"5","4W":"5"},"Q6":{"24":"5"},"2R":{"37":"5"},"V9":{"8J":"5","7C":"5"},"WC":{"86":"5","J9":"5","5Q":"5"},"VF":{"6H":"5","PM":"5","GH":"5","66":"5"},"R6":{"X7":"5"},"G2":{"QG":"5"},"WH":{"CQ":"5"},"X5":{"3V":"5"},"V7":{"VJ":"5","WF":"5","V8":"5","9W":"5"},"9G":{"VC":"5"},"XC":{"QJ":"5"},"XP":{"HH":"5"},"P3":{"GW":"5"},"W9":{"9G":"5","H4":"5"},"W8":{"58":"5"},"XF":{"QM":"5","WP":"5","37":"5","GV":"5"},"VM":{"24":"5"},"Q9":{"XP":"5"},"WF":{"XC":"5","VX":"5","9H":"5","RC":"5","JJ":"5","3J":"5","X9":"5"},"R9":{"W5":"5","XV":"5","WG":"5"},"X7":{"G9":"5"},"H4":{"PW":"5","G3":"5","G2":"5"},"Q5":{"8Q":"5"},"47":{"88":"5","89":"5"},"X6":{"PW":"5","44":"5","Q7":"5"}},"6F":{"W5":{"65":"5"},"4P":{"35":"5"},"W4":{"8M":"5"},"4M":{"4H":"5","FM":"5","JM":"5","FG":"5","FJ":"5","FF":"5"},"R8":{"68":"5","87":"5"},"J7":{"F7":"5","FG":"5"},"V3":{"8W":"5"},"Q9":{"33":"5","66":"5","34":"5","87":"5","96":"5","76":"5","83":"5","55":"5","97":"5","86":"5","C6":"5","45":"5","95":"5","32":"5","82":"5","93":"5","C7":"5","94":"5","65":"5","35":"5"},"Q8":{"8X":"5","5W":"5","3X":"5","4V":"5","6X":"5","5V":"5","7X":"5","5X":"5","4W":"5","3W":"5"},"JM":{"6Q":"5"},"H6":{"Q6":"5"},"WQ":{"R7":"5"},"WX":{"W4":"5"},"5V":{"CP":"5"},"57":{"39":"5"},"3M":{"PM":"5","PQ":"5","QP":"5","PC":"5","JQ":"5","PP":"5","P9":"5"},"XG":{"9C":"5","87":"5","C9":"5","78":"5","97":"5","86":"5","C8":"5","89":"5","88":"5","99":"5","98":"5","8C":"5"},"7F":{"FJ":"5"},"8C":{"P6":"5"},"P9":{"VV":"5"},"68":{"5R":"5"}},"GP":{"QJ":{"99":"5","4H":"5"},"F8":{"3J":"5"},"M8":{"7P":"5"},"6F":{"RP":"5","QP":"5","WC":"5","QQ":"5","VP":"5","RQ":"5"},"8R":{"4R":"5","2R":"5"},"F6":{"69":"5","RM":"5","GM":"5","59":"5","CW":"5","57":"5","MG":"5","HH":"5","3H":"5","MC":"5","J8":"5","MF":"5"},"W2":{"66":"5","8G":"5","67":"5","74":"5","CV":"5","5C":"5","36":"5","QR":"5","99":"5","54":"5"},"C8":{"GQ":"5","3P":"5","WJ":"5","2P":"5"},"G7":{"5W":"5"},"C5":{"83":"5","7W":"5","84":"5"},"7F":{"XX":"5"},"RJ":{"FJ":"5"},"RG":{"RH":"5"},"X4":{"7V":"5","5Q":"5"},"C9":{"J3":"5","5M":"5","36":"5"},"X5":{"VV":"5","3C":"5","QP":"5","2C":"5","CQ":"5","2F":"5","HV":"5","6X":"5"},"W5":{"PX":"5"},"HF":{"VF":"5","CJ":"5"},"X6":{"XP":"5","FV":"5","3Q":"5","VG":"5","H5":"5","JG":"5","WM":"5","MJ":"5"},"C3":{"Q2":"5"},"7R":{"XP":"5"},"88":{"WW":"5","WX":"5"},"R6":{"V4":"5"},"9C":{"25":"5","69":"5","74":"5","Q8":"5","W3":"5","24":"5","57":"5"},"C4":{"XF":"5"},"7C":{"3R":"5"},"VX":{"PR":"5","QX":"5"},"5P":{"CG":"5"},"5V":{"FQ":"5","HC":"5"},"7H":{"XQ":"5"},"Q3":{"J2":"5"},"X8":{"38":"5"},"5R":{"QW":"5","MQ":"5"},"C7":{"Q5":"5","VP":"5","JR":"5","9X":"5","WQ":"5","W6":"5","6V":"5","M5":"5","MV":"5","68":"5","MR":"5"},"6P":{"2W":"5"},"98":{"WX":"5"},"7M":{"M3":"5"},"W7":{"P6":"5","M7":"5","RM":"5"},"Q6":{"7R":"5"},"F7":{"44":"5","75":"5","7C":"5","45":"5"},"J6":{"QJ":"5"},"V3":{"CF":"5"},"G8":{"G2":"5"},"99":{"2V":"5"},"W3":{"VC":"5","RP":"5","RR":"5","RW":"5","V3":"5","VF":"5","QF":"5","V9":"5","RV":"5","QV":"5","P8":"5","36":"5","QR":"5"},"F4":{"3P":"5"},"X7":{"C3":"5","M4":"5"},"8C":{"W3":"5"},"W4":{"X6":"5","X7":"5"},"89":{"V2":"5","V4":"5"},"RX":{"Q4":"5"},"CH":{"R7":"5"},"G5":{"7M":"5"},"8J":{"75":"5"},"J7":{"6W":"5"},"C6":{"82":"5","XH":"5"}},"MQ":{"3P":{"H7":"5","H3":"5"},"9F":{"P5":"5","C7":"5","V3":"5","J7":"5"},"25":{"X8":"5"},"PG":{"H7":"5"},"RC":{"85":"5"},"6F":{"VX":"5","W9":"5","FW":"5","J7":"5","F5":"5","RQ":"5"},"4R":{"7C":"5"},"4M":{"MH":"5","Q3":"5","R5":"5","X2":"5"},"36":{"49":"5","73":"5"},"8F":{"C6":"5"},"23":{"J3":"4","M2":"4","XM":"5","WM":"5"},"G9":{"FV":"5","H2":"5"},"RF":{"PJ":"5","JM":"5"},"PF":{"MV":"5"},"CF":{"32":"5"},"2G":{"53":"5","92":"5","G6":"5","H2":"5"},"9R":{"63":"5","67":"5"},"54":{"3Q":"5","H3":"5","86":"5"},"9W":{"9H":"5"},"9G":{"XR":"5"},"46":{"32":"5"},"9Q":{"XC":"5","VJ":"5","7G":"5","JQ":"5","8H":"5","5W":"5","X6":"5","WC":"5","9J":"5","7J":"5","6V":"5","VW":"5"},"7F":{"76":"5","WG":"5","97":"5"},"Q9":{"3R":"5"},"C9":{"MH":"5"},"6Q":{"P2":"5","52":"5","R2":"5","W4":"5","WC":"5","R6":"5","W8":"5"},"26":{"RW":"5","96":"5","WJ":"5"},"VC":{"JC":"5"},"32":{"WG":"5"},"8H":{"8X":"5","76":"5","M9":"5","R8":"5","PC":"5","PM":"5","X7":"5","R3":"5"},"4C":{"XW":"5"},"3V":{"92":"5"},"7R":{"49":"5","48":"5","53":"5","J9":"5","58":"5"},"CQ":{"89":"5","43":"5","4C":"5","2M":"5","3F":"5","39":"5"},"35":{"G4":"4","Q6":"4","XV":"5","XR":"5"},"QF":{"WJ":"5"},"9C":{"WH":"5","PX":"5","RP":"5","2W":"5"},"8Q":{"2H":"5"},"5J":{"4R":"5"},"45":{"Q3":"5","4H":"5","QG":"4","QH":"4","2Q":"5","F8":"5","9X":"5","5W":"5","MG":"5","P8":"5","4V":"5","8C":"5"},"7C":{"RW":"5","RJ":"5","FQ":"5","VP":"5"},"7P":{"FM":"5","VV":"5","F7":"5","VR":"5","GP":"5"},"5P":{"74":"5","86":"5","VF":"5","CJ":"5","VC":"5","F4":"4"},"CC":{"C5":"5","CG":"5","C3":"5","68":"5","94":"5","C4":"5"},"27":{"F6":"5","98":"5"},"53":{"5W":"5","FC":"5","R8":"5","7P":"5"},"9H":{"3C":"5","M9":"5","8H":"5","CM":"5","X2":"5","5C":"5","PF":"5","9H":"5"},"7J":{"8X":"5","JC":"5","V5":"5","JF":"5","H4":"5"},"33":{"XX":"5","5W":"5","HJ":"5","CM":"5","3V":"5"},"2F":{"XP":"5","HX":"5"},"Q3":{"P3":"5"},"FF":{"C8":"5","7G":"5","F7":"5","CH":"5","CP":"5"},"7Q":{"5W":"5","R9":"5","V7":"5","4Q":"5","R6":"5","JR":"5"},"F9":{"23":"5"},"6J":{"FQ":"5","V8":"5","RC":"5","7Q":"5"},"3F":{"8H":"5","6R":"5","8Q":"5","79":"5"},"4P":{"P9":"5"},"5C":{"RR":"5"},"5R":{"99":"5","48":"5","59":"5","FF":"5"},"34":{"68":"5","6G":"4","9P":"5","CR":"5","5X":"5"},"6P":{"5W":"5","8W":"5"},"7M":{"9R":"5","FX":"5"},"75":{"47":"5"},"5F":{"QW":"5","R6":"5"},"65":{"FR":"5","QG":"5","55":"5","PG":"5","QF":"5","JX":"5","86":"5","QC":"5","PF":"5","WV":"5","FG":"5"},"CG":{"QF":"5","XM":"5","6G":"5"},"5M":{"RX":"5","4R":"5","QX":"5"},"92":{"X9":"4"},"F7":{"VG":"4"},"6M":{"J9":"5","H4":"5"},"G8":{"8M":"5","HW":"5","9J":"5"},"FC":{"VF":"5"},"W9":{"J2":"4"},"3R":{"PP":"5","WH":"5"},"FG":{"68":"5"},"64":{"J3":"5","PR":"5","P9":"5","P4":"5"},"55":{"F7":"5"},"43":{"92":"5","2M":"4"},"62":{"FP":"5","49":"5","FW":"5","55":"4"},"8C":{"2J":"5","3P":"5","3M":"5","6P":"5","4P":"5"},"MG":{"4H":"5"},"2R":{"PR":"5","2C":"5","6R":"5"},"7G":{"24":"5","74":"5","34":"5","23":"5"},"22":{"3P":"5","79":"5"},"8G":{"MV":"5","FW":"5","CR":"5","FX":"5"},"CH":{"22":"5"},"R3":{"72":"5"},"42":{"99":"5","C9":"5"},"8J":{"76":"5"},"6G":{"35":"5","CF":"5","93":"4","F2":"5","79":"5"},"3G":{"43":"5"},"5Q":{"H7":"5","CQ":"5","9R":"5","74":"5","HW":"5","85":"5"},"6H":{"RR":"5"},"52":{"WP":"4","RP":"4","R9":"5","WQ":"5","JM":"5","MJ":"4","6C":"4"}},"8F":{"4X":{"8F":"5"},"76":{"MG":"5"},"2C":{"FF":"5"},"GW":{"X8":"5"}},"5G":{"V2":{"3J":"5"}},"8M":{"52":{"V3":"5"},"G5":{"PX":"4"}},"9G":{"3Q":{"J6":"5","H6":"5"},"6W":{"XP":"5"},"4R":{"28":"5"},"7X":{"J9":"5","WJ":"5","RJ":"5","JF":"5","M6":"5","RH":"5","VG":"5","WH":"5","VJ":"5","WM":"5","H3":"5","VH":"5","RF":"5","QH":"5","QJ":"5","J7":"5","RG":"5"}},"7F":{"RR":{"JF":"5"},"39":{"68":"5","67":"5","77":"5","7C":"5","59":"5","79":"5"},"76":{"HR":"5","GV":"5","GR":"5","HQ":"5"},"4R":{"H5":"5"},"84":{"3Q":"5"},"97":{"R5":"5"},"H5":{"9J":"5"},"XR":{"G6":"5"},"GX":{"69":"5"},"5C":{"9G":"5"},"X6":{"49":"5"},"85":{"CQ":"5"},"2P":{"4X":"5"},"PV":{"6C":"5","79":"5"},"7F":{"XV":"5"}},"HV":{"6G":{"CC":"5"},"63":{"X9":"5"},"W7":{"8G":"5","5J":"5"},"2V":{"M6":"5"},"9X":{"2J":"5","3J":"5"},"X3":{"P6":"5","WW":"5","P7":"5","XQ":"5","VW":"5"},"P9":{"92":"5"},"M5":{"PC":"5"},"W2":{"M3":"5","99":"5","79":"5"},"54":{"X7":"5","JR":"5"},"R5":{"XH":"5"},"V2":{"MW":"5","QX":"5"},"X8":{"GH":"5"},"73":{"2R":"5","7J":"5"},"W5":{"XR":"5","RV":"5"},"GR":{"M9":"5"},"P4":{"87":"5"},"88":{"8P":"5"},"9V":{"GQ":"5","93":"5","XV":"5"},"V5":{"GC":"5"},"CW":{"J4":"5","3G":"5"},"J4":{"VH":"5"},"6X":{"W7":"5","W2":"5","R8":"5","V6":"5","R7":"5","R5":"5","V2":"5","RC":"5","Q3":"5","W5":"5","P4":"5","VC":"5","8G":"4","V8":"5","Q6":"5","V5":"5","W3":"5","V9":"5","VF":"5","V4":"5","R6":"5","V7":"5","V3":"5","Q2":"5","P2":"5","P3":"5","W8":"5","R3":"5","R2":"5","W6":"5","W4":"5","R9":"5","R4":"5","Q5":"5","Q4":"5"},"9R":{"6X":"5","5X":"5"},"6W":{"VX":"5","RX":"5","WW":"5","QX":"5","WX":"5","VW":"5"},"X5":{"2J":"5"},"X4":{"99":"5","72":"5"},"CV":{"8X":"5","48":"5","4J":"5"},"8V":{"2V":"5","3X":"5"},"V3":{"2J":"5","G4":"5","F3":"5","86":"5"},"8X":{"QM":"5"},"R3":{"RH":"5","QG":"5","Q4":"5","R4":"5","FQ":"5","VH":"5","W2":"5"},"X2":{"35":"5"},"R2":{"WR":"5","84":"5"},"W4":{"HG":"5","HR":"5","HF":"5","HQ":"5"},"GV":{"H9":"5"},"X7":{"WP":"5","WM":"5"},"R4":{"78":"5","28":"5"},"Q4":{"X3":"5","G2":"5"}},"FR":{"46":{"RR":"5"},"W6":{"J8":"5","H8":"5"},"37":{"JP":"4"},"VR":{"2Q":"5"},"HF":{"6R":"5"},"V7":{"4W":"5"},"43":{"CC":"5"},"H8":{"X7":"5"},"36":{"WH":"5","Q8":"5"},"QQ":{"JJ":"4"},"F5":{"4V":"5","4R":"5"}},"79":{"8W":{"MF":"5","JF":"5"}},"68":{"MW":{"WX":"5"},"6G":{"MV":"4"},"2H":{"HR":"4","GR":"4","C9":"4"}},"GQ":{"GM":{"99":"5","9C":"5","JJ":"5"},"33":{"82":"5","93":"5","94":"5"},"XH":{"3R":"5","3P":"5"},"FQ":{"XW":"5"},"X3":{"68":"5","67":"5"},"P9":{"FQ":"5"},"27":{"QF":"5","JC":"5","FC":"5","HC":"5"},"C3":{"8X":"5"},"WQ":{"H2":"5"},"Q3":{"QJ":"5"},"53":{"WP":"5"},"3H":{"79":"5"},"9V":{"4X":"5"},"8Q":{"GV":"5","FX":"5"},"JX":{"Q7":"5"},"PG":{"XM":"5"},"V9":{"GR":"5"},"75":{"WH":"5","H8":"5"},"G3":{"42":"5"},"JC":{"27":"5"},"74":{"GW":"5"},"2G":{"QJ":"5"},"CV":{"97":"5"},"XP":{"G7":"5"},"24":{"GF":"5"},"V3":{"MC":"5","P5":"5","WC":"5"},"8X":{"CF":"5"},"32":{"CW":"5","6W":"5"},"4W":{"22":"5"},"58":{"VM":"5"},"64":{"5W":"5"},"HC":{"R4":"5"},"MM":{"RC":"5"},"W6":{"4X":"5"},"WG":{"WV":"5"},"F3":{"F6":"5"},"5Q":{"RR":"5"},"GH":{"MG":"5"},"H9":{"8M":"5","JX":"5"},"8W":{"QV":"5"}},"JV":{"25":{"68":"5","59":"5"},"4J":{"FQ":"5","9C":"5","H8":"5","MM":"5"},"23":{"H5":"5","CC":"5","6H":"5","H2":"5","25":"5"},"2F":{"JG":"5","VV":"5"},"22":{"HR":"5","W5":"5"},"3J":{"X6":"5"},"6J":{"6X":"5"},"F5":{"FR":"5","CJ":"5"},"32":{"45":"5"},"6M":{"QM":"5"},"3G":{"HW":"5"},"28":{"6W":"5"}},"PM":{"VP":{"XJ":"5"},"FC":{"X5":"5"},"VX":{"JW":"5","84":"5"},"GR":{"5V":"5","6V":"5","3W":"5"},"H6":{"WX":"5"},"V8":{"RW":"5","8J":"5","8P":"5","QR":"5","V5":"5","F6":"5","C7":"5","3V":"5","QC":"5","RQ":"5"},"GG":{"JR":"5"},"XM":{"PQ":"5","4V":"5","QP":"5","5V":"5","2M":"5","FF":"5"},"WH":{"X4":"5"},"M7":{"4H":"5","74":"5","62":"5","6R":"5"},"WG":{"7G":"5","PX":"5"},"HQ":{"QM":"5","69":"5","2M":"5"},"GC":{"CV":"5","56":"5","9W":"5"},"7G":{"CV":"5","FQ":"5"},"GQ":{"79":"5"},"JX":{"CC":"5","M4":"5"},"H8":{"8M":"5","7P":"5","5V":"5","3F":"5","59":"5","6C":"5","7R":"5"},"VR":{"WG":"5"},"JH":{"RH":"5","VX":"5","VR":"5","MX":"5","92":"5","WC":"5","VQ":"4","RQ":"5"},"MQ":{"H9":"5","92":"5"},"R9":{"XJ":"5","R2":"5","R3":"5"},"HH":{"7M":"5","9G":"5"},"H9":{"RJ":"5","WJ":"5","C6":"5"},"R3":{"GV":"5"},"RX":{"5Q":"5"},"V7":{"XP":"5","R9":"5","R8":"5","G9":"5","M8":"5","MP":"5","FC":"5","F9":"5"},"P4":{"RX":"5","PR":"5"},"MG":{"WH":"5"},"G9":{"QG":"5","48":"5","P9":"5","7C":"5"},"XH":{"MR":"5"},"XV":{"PX":"5","JG":"5","PV":"5","P5":"5","GR":"5","JF":"5","RV":"5"},"MM":{"W3":"5"},"MW":{"F4":"5","25":"5"},"4M":{"2V":"5","4R":"5","2W":"5"},"2X":{"39":"5"},"MX":{"X9":"5"},"JC":{"C8":"5","28":"5"},"Q6":{"32":"5","93":"5","76":"5","C3":"5","27":"5"},"JG":{"RW":"5","J5":"5","33":"5","QV":"5"},"JV":{"HJ":"5","C3":"5"},"P5":{"RX":"5","56":"4","8X":"5","2G":"5","PR":"5","MQ":"5","2X":"5","CR":"5","2P":"5","FF":"5","7R":"5"},"CC":{"8J":"5","RP":"5","WM":"5","9J":"5","J7":"5"},"6H":{"JH":"5"},"VW":{"WP":"5","RX":"5","VW":"5"},"MR":{"64":"5","6R":"5","94":"5"},"HX":{"W4":"5"},"WF":{"HX":"5"},"X7":{"9J":"5"},"3V":{"49":"5","59":"5"},"VQ":{"XJ":"5","XH":"5"},"R5":{"7G":"5","74":"5","27":"5","87":"5"},"HJ":{"4G":"5","92":"5","59":"5"},"QX":{"C6":"5","HH":"5"},"V9":{"5M":"5","6R":"5"},"5M":{"J4":"5"},"J6":{"VJ":"5","9R":"5","WW":"5","M9":"5","GC":"5","5V":"5","6R":"5","7R":"5"},"X8":{"Q6":"5","PC":"5"},"8G":{"R5":"5"},"J9":{"2G":"5","2J":"5","2F":"5"},"XF":{"QH":"5","QV":"5"},"GH":{"8Q":"5"},"9C":{"CV":"5","6R":"5"},"HR":{"R2":"5","Q2":"5"},"XP":{"2C":"5","RF":"5","6H":"5","7Q":"5"},"8F":{"QM":"5","MQ":"5"},"Q5":{"HW":"5","F3":"5","WJ":"5"},"XQ":{"XQ":"5","77":"5","QH":"5","V4":"5","RJ":"5","RV":"5","WR":"5","HM":"5","PW":"5","QM":"5"},"JW":{"GJ":"5","HV":"5"},"MJ":{"9C":"5"},"R4":{"GX":"5","8F":"5","HW":"5","F3":"5","CC":"4","FW":"5","8W":"5","JW":"5","G5":"5","9X":"5","98":"5"},"R8":{"5X":"5","WW":"5","GW":"5","CW":"5","9W":"5","WR":"5","8V":"5","HW":"5"},"H7":{"7M":"5","V6":"5","X4":"5"},"Q4":{"Q6":"5","HF":"5","GF":"5"},"GJ":{"JV":"5","XQ":"5"},"XC":{"V5":"5","MJ":"5"},"8X":{"7G":"5"},"HG":{"FM":"5","R4":"5","HF":"5","2C":"5","FC":"5","39":"5"},"J7":{"32":"5","64":"5"},"MP":{"8W":"5"},"WP":{"P3":"5","34":"5","87":"5","H9":"5","56":"5","G8":"5","G4":"5","F8":"5","WJ":"4","4X":"5","46":"5","75":"5"},"XX":{"86":"5"},"9F":{"3R":"5","6W":"5"},"9G":{"46":"5"},"GF":{"9V":"5"},"W7":{"XG":"5","7W":"5"},"M6":{"Q3":"5","R8":"5","76":"5","H4":"5","8P":"5","63":"5","5G":"5","CM":"5","P2":"5","72":"5","W6":"5","F5":"5","X4":"5","75":"5"},"XW":{"MX":"5","G3":"5","MW":"5","QP":"5","F9":"5","QX":"5","F4":"5","WX":"5"},"PX":{"M5":"5","6Q":"5"},"JR":{"WV":"5"},"WM":{"5H":"5","RC":"5","JF":"5","X5":"5","WX":"5"},"MV":{"CF":"5","H5":"5","4R":"5","MG":"5","4Q":"5","JH":"5"},"GM":{"6X":"5","5X":"5"},"P6":{"PJ":"5"},"WW":{"5P":"5","QG":"5","VJ":"5","9M":"5","7P":"5","3Q":"5","RJ":"5","4C":"5"},"HC":{"VF":"5"},"F9":{"WC":"5"},"WQ":{"54":"5"},"PV":{"6F":"5"},"XR":{"M3":"5","CF":"5","HW":"5","J4":"5","H6":"5"},"JF":{"2J":"5","9Q":"5"},"R6":{"R9":"5","VQ":"5","PH":"5"},"X6":{"GH":"5"},"2V":{"6F":"5","H9":"5"}},"FQ":{"52":{"2Q":"4"},"PC":{"4G":"5","5G":"5"},"76":{"P8":"5"},"2J":{"XM":"5","XP":"5"},"MJ":{"5V":"5","25":"5"},"59":{"5X":"5"},"F9":{"RW":"5"},"GG":{"F6":"5"},"7M":{"W5":"5"},"2M":{"XC":"5","X6":"5","X7":"5","GF":"5"},"5P":{"35":"5"},"97":{"CH":"5","GP":"5"},"65":{"V2":"5","W2":"5"},"GR":{"GC":"5"},"9V":{"V3":"5"},"G6":{"HM":"5"},"V5":{"7J":"4"},"PJ":{"CM":"5"},"JG":{"9R":"5"},"3M":{"27":"5","25":"5"},"P7":{"WM":"5"},"VF":{"4V":"5"},"79":{"86":"5"},"9P":{"33":"5"},"74":{"98":"4","25":"5"},"QF":{"5Q":"5"},"X5":{"5G":"5","X7":"5"},"F7":{"Q9":"5"},"MC":{"96":"5"},"42":{"4H":"5"},"C5":{"PQ":"4"},"RQ":{"FR":"5"},"5V":{"3Q":"5"},"J6":{"HJ":"5"},"32":{"P2":"5","Q6":"5","P8":"5","Q8":"5","Q7":"5","P7":"5"},"W9":{"MG":"5","GH":"5"},"5M":{"96":"5"},"5J":{"2M":"5"},"JJ":{"CF":"5","69":"5","V8":"5","FJ":"5","V6":"5","R5":"5","GF":"5"},"QH":{"F7":"5"},"64":{"VX":"5","WX":"5","WV":"5","XQ":"5"},"QJ":{"FW":"5"},"JH":{"9P":"5","9F":"5"},"HF":{"99":"5"},"PF":{"8Q":"5"},"HC":{"GR":"5"},"VM":{"66":"5"},"Q9":{"HC":"5"},"FC":{"36":"5"},"P6":{"8X":"5"},"R9":{"GP":"5"},"G7":{"HJ":"5"},"7H":{"VG":"5"},"X6":{"78":"5"},"6M":{"QH":"5"}},"CR":{"W3":{"7F":"5"}},"8H":{"37":{"V5":"5"},"FW":{"HW":"5"},"FR":{"JM":"5"},"QH":{"9H":"5"},"QP":{"C8":"5"},"MW":{"5M":"5","XM":"5","6J":"5"},"FX":{"46":"5"},"3P":{"XX":"5","XW":"5","WW":"5","WX":"5"},"3Q":{"X2":"5"},"4Q":{"46":"5","45":"5"},"GW":{"9M":"5","CH":"5","9P":"5"},"95":{"P9":"5"},"JW":{"9J":"5"},"89":{"6C":"5"},"88":{"GJ":"5"},"GX":{"HW":"5"},"GR":{"JG":"5"},"FJ":{"PX":"5"},"PW":{"2M":"5"},"98":{"53":"5","H2":"5"},"GV":{"PV":"5","X4":"5"},"79":{"WW":"5"}},"4C":{"V6":{"G5":"4"}},"HR":{"XQ":{"3H":"5"},"W5":{"6V":"5"},"X8":{"PV":"5","8W":"5"},"66":{"MC":"5","P8":"5"},"H2":{"X5":"5"},"RX":{"J6":"5","8H":"5","H4":"5","HF":"5","4R":"5","7V":"5","6M":"5","6V":"5","4V":"5","HC":"5","3R":"5"},"H8":{"99":"5"},"VX":{"RH":"5"},"V6":{"CX":"5","FX":"5"},"R6":{"JR":"5","X2":"5"},"VC":{"RG":"5"},"J5":{"95":"5"},"CQ":{"HG":"5","8M":"5","CP":"5"},"QF":{"25":"5"},"R7":{"QW":"5"},"V7":{"74":"5","85":"5"},"WQ":{"XR":"5","QX":"5","XQ":"5"},"WX":{"JM":"5"},"QC":{"MQ":"5"},"9W":{"W9":"5"},"WR":{"47":"5"},"WM":{"5X":"5"},"XG":{"JF":"5","84":"5"}},"CQ":{"WJ":{"M9":"5"},"P9":{"QJ":"5"},"V6":{"PJ":"5"},"J2":{"FM":"5","67":"5"},"X9":{"M6":"5"},"V2":{"5P":"5","7M":"5","FG":"5","5Q":"5","4P":"5"},"JR":{"Q5":"4"},"XG":{"FH":"5","HF":"5","JV":"5","GH":"5"},"W5":{"VV":"5"},"V8":{"H7":"5","MH":"5","JH":"5","6R":"5"},"V5":{"4X":"5","4W":"5"},"W3":{"5X":"5"},"V9":{"Q3":"5","W7":"5","M4":"5","J4":"5","W8":"5","R3":"5"},"WC":{"6X":"5"},"J4":{"4V":"5"},"V4":{"H6":"5"},"R6":{"M8":"5","V2":"5","J8":"5","M9":"5"},"QF":{"J5":"5"},"FG":{"F2":"4"},"V3":{"8M":"5","F9":"5","G9":"5"},"C9":{"96":"4"},"WM":{"M9":"5"},"CC":{"JJ":"4"},"WF":{"52":"5","74":"5","62":"5","3P":"5","G5":"5"},"W4":{"7X":"5"}},"CM":{"JV":{"WG":"5"},"MJ":{"4V":"5"},"J5":{"R8":"5"},"FQ":{"MW":"5"},"RX":{"7C":"4"},"M6":{"F8":"5","PR":"5"},"V2":{"GG":"5","R5":"5"},"RC":{"Q7":"5"},"FJ":{"8R":"5"},"QX":{"H9":"5"},"7C":{"9Q":"5"},"P7":{"QW":"5","C2":"5","HJ":"5","W8":"5","FM":"5","5V":"5","P8":"5","GX":"5","GR":"5","GV":"5"},"WC":{"FF":"4"},"GX":{"99":"5"},"HH":{"MG":"5"},"MC":{"PQ":"5"},"XW":{"M4":"5"},"PQ":{"C8":"5"},"P3":{"WW":"5"},"JJ":{"43":"5"},"QH":{"FM":"5","PV":"5"},"J7":{"RV":"5"},"R3":{"62":"5"},"HX":{"C5":"5","F6":"5"},"M7":{"G6":"5"},"GC":{"R7":"5"},"FX":{"RH":"5","Q3":"5"}},"HW":{"82":{"JH":"5","HG":"5","GH":"5","CG":"5","JM":"5","PF":"5","MH":"5","FG":"5","MF":"5","JJ":"5"},"J8":{"89":"5","9V":"5"},"95":{"WW":"5","C4":"5"},"M7":{"3R":"5"},"V8":{"C8":"5","98":"5"},"J7":{"PJ":"5","JW":"5"},"94":{"4J":"5"},"W8":{"W5":"5"}},"GM":{"FW":{"RP":"5","J6":"5"},"VV":{"8R":"5","7X":"5","3M":"5","2M":"5","8Q":"5"},"RX":{"P6":"5","H3":"5"},"HR":{"2Q":"5"},"VX":{"R5":"5","CQ":"5","WX":"5","G6":"5","QC":"5","7C":"5","88":"5","FH":"5"},"RR":{"RW":"5","4F":"5","4G":"5","8R":"5"},"PQ":{"MP":"5","3P":"5","QX":"5","C6":"5","QV":"5","3F":"5","VP":"5"},"RW":{"V5":"5","Q3":"5","VF":"5","PG":"5"},"PR":{"V8":"5","33":"5","H2":"5","96":"5","92":"5","5G":"5","RC":"5","R7":"5","X3":"5","XF":"5","V9":"5","52":"5","47":"5","J4":"5","P5":"5","FH":"5","MC":"5","P7":"5","G2":"5","FF":"5","J8":"5","HP":"5","P9":"5"},"QQ":{"8G":"5","4V":"5","7J":"5"},"JQ":{"7R":"5"},"WX":{"3P":"5","4Q":"5"},"MQ":{"2Q":"5","RV":"5","VP":"5"},"VW":{"25":"5","5X":"5","42":"5","39":"5","HF":"5","GF":"5","JR":"5","79":"5"},"RV":{"Q2":"5","5F":"5","8J":"5","9G":"5","3C":"5","PX":"5","H7":"5","CQ":"5","QF":"5","X3":"5","H6":"5","JV":"5","5J":"5","3M":"5","XM":"5","HX":"5"},"QV":{"W6":"5","X9":"5"},"GR":{"XR":"5"},"QR":{"38":"5","7J":"5","FV":"5","WH":"5","GH":"5","VG":"5","97":"5","MG":"5","2P":"5","9P":"5","MF":"5","98":"5"},"GV":{"2X":"5","V4":"5","6M":"5"},"MR":{"75":"5"}},"7C":{"53":{"PR":"5"},"4M":{"PG":"4"},"2Q":{"35":"5","4V":"5"},"9F":{"69":"5"},"74":{"JG":"5"},"59":{"2M":"5"},"2M":{"6F":"5","6C":"5"},"2P":{"VP":"5"},"GJ":{"5Q":"5"},"54":{"R4":"5"},"3R":{"8M":"5","6H":"5","JJ":"5"},"2H":{"HR":"5"},"5M":{"5P":"5","6R":"5"}},"9H":{"MG":{"MR":"5"},"6G":{"WC":"5"},"28":{"RR":"5"},"95":{"8Q":"5"},"H8":{"37":"5","7H":"5","6X":"5","9G":"5","26":"5","9F":"5"},"FF":{"6C":"5","79":"5"},"PR":{"4F":"5"},"VV":{"J8":"5","HC":"5","H8":"5","8V":"5"},"QC":{"RX":"5"},"GJ":{"QM":"5"},"3H":{"86":"5","57":"5","R5":"5"},"VC":{"X4":"5"},"G6":{"V4":"5"},"H5":{"6R":"4","6V":"4","5R":"5"},"M9":{"RW":"5","QW":"5"},"F5":{"7J":"5"},"82":{"HJ":"5"},"QF":{"R8":"5","R7":"5","Q7":"5","RC":"5","Q3":"5","P4":"5","Q6":"5","VF":"5","R6":"5","VG":"5","VJ":"5","Q2":"5","P3":"5","VH":"5","RF":"5","R3":"5","VM":"5","R2":"5","Q8":"5","R9":"5","Q5":"5","Q4":"5","RG":"5"},"H6":{"34":"5","77":"5","QX":"5","27":"5"},"42":{"F6":"5"},"PQ":{"XC":"5"},"VW":{"F3":"5","F6":"5","F4":"5"},"M7":{"24":"5"},"C4":{"JC":"5"},"5H":{"C7":"5"}},"7J":{"W6":{"HM":"4"}},"CJ":{"QW":{"V2":"5"},"M3":{"PQ":"5"},"53":{"RV":"5"},"Q4":{"M6":"5"},"H4":{"53":"5"},"P4":{"HQ":"5"},"63":{"8H":"5","33":"5","9F":"5"},"R4":{"H9":"5"},"62":{"5J":"5"},"WX":{"PX":"5"},"G3":{"94":"5"},"8M":{"X2":"5"},"P5":{"QH":"5","M7":"5"},"GR":{"XP":"5"},"6V":{"7V":"5"},"6X":{"MC":"5"}},"7H":{"CP":{"WJ":"4"},"M3":{"4C":"5"},"23":{"WJ":"5","23":"5"},"43":{"F3":"5"},"W7":{"45":"5"},"XH":{"XC":"5"},"Q7":{"3J":"5"},"34":{"6Q":"5"},"72":{"34":"5","8W":"5","P7":"5"},"P4":{"QJ":"5"},"H5":{"66":"5"},"V4":{"H7":"5"},"H6":{"XX":"5"},"G4":{"W4":"5"},"H7":{"V3":"5","R3":"5"},"C5":{"62":"5"},"J6":{"4X":"5","WP":"5","3X":"5","8W":"5","5X":"5"},"64":{"8G":"5"},"62":{"VP":"5"},"85":{"M7":"5"},"J7":{"32":"5","34":"5","33":"5","43":"5","84":"5"},"HC":{"QQ":"4"},"R3":{"XR":"5"},"G5":{"4M":"5"},"M7":{"J9":"5"},"W6":{"HV":"5","4W":"5"},"H4":{"6M":"5"},"Q5":{"MJ":"5"},"Q4":{"RF":"5"}},"9M":{"82":{"VW":"5"},"RX":{"FW":"4"},"HM":{"WM":"5","Q5":"5","MQ":"5"},"JM":{"3J":"5"},"57":{"PF":"5","GH":"5"},"W7":{"7C":"5"},"G6":{"7J":"5"},"97":{"FP":"5"}},"49":{"7H":{"2M":"4"}},"MM":{"VX":{"X6":"5","J7":"5"},"RX":{"FF":"5"},"XR":{"G9":"5"}},"PP":{"Q4":{"49":"5"},"9F":{"8W":"5","7Q":"5"},"J3":{"9C":"5","RM":"5","VP":"5","98":"5"},"66":{"J5":"5","R4":"5"},"P6":{"VQ":"5","Q3":"5","96":"5","XX":"5","X5":"5","84":"5","G4":"5","V7":"5","G6":"5","X6":"5","85":"5","XJ":"5","QR":"5"},"4H":{"W6":"5","W5":"5"},"39":{"9M":"5"},"R8":{"54":"5","52":"5","8C":"5"},"59":{"J5":"5","FH":"5","3X":"5","R9":"5","JF":"5","PM":"5","GH":"5","2W":"5","7R":"5","9Q":"5","3W":"5"},"M8":{"3Q":"5","3R":"5","FV":"5","R8":"5","GR":"5","73":"5","5F":"5","2R":"5","5X":"5"},"P3":{"8V":"5","MJ":"5","HV":"5"},"6F":{"5C":"5","45":"5"},"Q2":{"MC":"5"},"GP":{"CV":"5","FQ":"5","9V":"5"},"P5":{"XP":"5","VV":"5","G8":"5","J7":"5","HG":"5","PG":"5","9X":"5","FC":"5","CF":"5","MF":"5","C7":"5"},"8F":{"CG":"5","6R":"5","4P":"5"},"G6":{"P4":"5"},"5G":{"X3":"5","92":"5","C7":"5","C9":"5","6P":"5","H6":"5"},"P7":{"VV":"5","J6":"5","RW":"5","QP":"5","Q8":"5","WX":"5","JV":"5","HQ":"5","MR":"5"},"5H":{"2J":"5"},"GF":{"29":"5","56":"5","73":"5","3C":"5","59":"5","C2":"5"},"J9":{"32":"5","42":"5","F8":"5","P5":"5","H5":"5","22":"5","PF":"5","R5":"5","FF":"5"},"G9":{"W9":"5"},"CF":{"VM":"5"},"M4":{"RG":"4","95":"5","WC":"5"},"9G":{"C8":"5","JM":"5"},"Q8":{"24":"5","X3":"5","V3":"5"},"7F":{"GX":"5","CV":"5","GR":"5","CX":"5","33":"5","9J":"5","VP":"5"},"79":{"VJ":"5","M8":"5","6F":"5","FG":"5","C7":"5","J9":"5","6C":"5"},"68":{"86":"5","6X":"5","CJ":"5"},"4G":{"XP":"5","XH":"5","QJ":"5"},"R7":{"5W":"5","4V":"4","6V":"5"},"4C":{"M8":"5","Q4":"5","R9":"5","68":"5","RC":"5","HH":"5"},"J8":{"2X":"5","9W":"5","XH":"5","7R":"5"},"P8":{"W3":"5"},"4W":{"VR":"4"},"G4":{"VV":"5","WR":"5"},"88":{"8P":"5"},"M5":{"M2":"5","VC":"5"},"R6":{"GW":"4"},"44":{"6R":"5"},"H9":{"6C":"5","4F":"5","J6":"5","HF":"5","W2":"5","R4":"5","86":"5","C6":"5","F6":"5","F5":"5","F4":"5","79":"5"},"H3":{"QR":"5"},"Q5":{"MV":"5","MR":"5","7G":"5","2X":"5","6G":"5","9V":"5","JJ":"5","JH":"5","FX":"5","HV":"5","9X":"5","98":"5"},"F2":{"Q7":"5"},"57":{"5M":"5","6H":"5","6M":"5"},"7H":{"46":"5","F4":"5","94":"5"},"FF":{"V5":"5","W7":"5","VF":"5","V6":"5","58":"5","PH":"5","X9":"5","87":"5","J4":"5"},"49":{"XX":"5"},"3F":{"J2":"5"},"5C":{"38":"5","42":"5","63":"5","92":"5","26":"5"},"Q7":{"XQ":"5","H9":"5","H3":"5","H8":"5","2V":"5","J7":"5","2W":"5","J3":"5","86":"5","XR":"5","F7":"5","C4":"5","95":"5","CC":"5"},"6P":{"H9":"4"},"7M":{"8R":"4"},"2C":{"RP":"5","8V":"5"},"R2":{"3Q":"5","VF":"5","VC":"5","6R":"5"},"65":{"GW":"5"},"R4":{"G3":"5","V3":"5","HC":"5","X2":"5"},"CG":{"V2":"5","V3":"5","V6":"5","8V":"4"},"GC":{"WH":"5","PV":"5","VM":"5","RM":"5"},"Q6":{"FR":"5","9G":"5","VH":"5","WC":"5","92":"5","GH":"5","CP":"5","X5":"5","J3":"5","GP":"5","W3":"5","4Q":"5","V9":"5","CX":"5","MG":"5","JV":"5","6R":"5","CF":"5","29":"5","CR":"5","MF":"5","FJ":"5"},"92":{"QH":"5","RM":"5"},"M7":{"FW":"5","HQ":"5"},"V3":{"M3":"5","4X":"5"},"78":{"2J":"5","GC":"5","F9":"5","7R":"5"},"6C":{"5X":"5","G5":"5","WH":"5","CJ":"5","CR":"5","M5":"5","GV":"5"},"64":{"QC":"5"},"M6":{"2C":"5"},"67":{"M8":"5","JQ":"5","FH":"5","FV":"5","Q5":"5","J7":"5"},"56":{"43":"5"},"HC":{"CP":"5","57":"5","9J":"5","3G":"5","FF":"5"},"J5":{"M2":"5","J4":"5"},"7G":{"M3":"5","Q4":"5","PH":"5","P7":"5"},"8G":{"J5":"5","47":"5","XV":"4","W7":"5","H4":"5"},"V2":{"H5":"5","JW":"5","JH":"5"},"P4":{"R9":"5","VC":"5","WC":"5","PC":"5","V9":"5","PF":"5","W9":"5"},"94":{"QV":"5"},"58":{"FH":"5","H6":"5"},"R3":{"GX":"5","8H":"5","JV":"5","JW":"5","JR":"5"},"95":{"HR":"5"},"69":{"PX":"5","Q4":"4","75":"5","RV":"5","WG":"5","VP":"5"},"87":{"8J":"5"},"3C":{"8F":"5","7F":"5"},"6H":{"92":"5"}},"FM":{"2Q":{"2J":"5"},"42":{"QH":"4"},"2X":{"JW":"5"},"3R":{"GV":"5"},"23":{"M2":"5"},"43":{"42":"5"},"26":{"WW":"4"},"2W":{"F2":"4"},"F5":{"97":"4"}},"5C":{"W8":{"RG":"5"},"Q4":{"WH":"5"},"RV":{"38":"5","59":"5"},"HQ":{"FM":"5","FJ":"5"},"P3":{"6W":"5"},"GP":{"G2":"5"},"MQ":{"RP":"5","QJ":"5"},"X9":{"P6":"5","P5":"5"},"8V":{"M6":"4"},"8R":{"QW":"5"},"G9":{"V8":"5"},"C8":{"C5":"4|5","H8":"4","F5":"4"},"JH":{"V2":"5"},"FR":{"M7":"5"},"C9":{"59":"4"},"VR":{"F8":"5"},"CR":{"J5":"5"},"JC":{"4W":"5"},"VC":{"2F":"5"},"32":{"XW":"5","QX":"4"},"WX":{"56":"5"},"J8":{"FW":"5"},"P8":{"GJ":"5","FJ":"5"},"VW":{"WJ":"5","XR":"5"},"J2":{"W5":"5","X7":"5"},"CQ":{"CX":"4"},"35":{"XC":"4","CP":"4"},"PV":{"X4":"5"},"44":{"2H":"5","2W":"5"},"H9":{"86":"5","M6":"5","V4":"5"},"V8":{"4G":"5"},"V5":{"22":"5"},"53":{"39":"5"},"RW":{"X4":"5"},"HH":{"MF":"5"},"34":{"RV":"5","VP":"4"},"98":{"VR":"5","MQ":"5"},"JQ":{"C4":"5"},"M7":{"9Q":"5"},"G8":{"73":"5"},"QV":{"G5":"5"},"99":{"P6":"4","P5":"5","X9":"5","X2":"5"},"PR":{"V4":"5"},"W3":{"27":"5"},"43":{"VP":"5"},"JG":{"X9":"5"},"M6":{"JW":"5"},"MV":{"F2":"5"},"H8":{"PX":"5","PW":"5","VX":"5"},"JR":{"X7":"5"},"42":{"3H":"5"},"6H":{"86":"4"}},"JP":{"6V":{"7H":"5","CC":"5","69":"5","28":"5","7P":"5","QX":"5","7X":"5","GW":"5"},"MX":{"C7":"5"},"HP":{"6G":"5","JX":"5"},"QJ":{"QW":"5","FW":"5"},"VM":{"75":"5"},"GP":{"4X":"5","VG":"5","CM":"5","8W":"5","6W":"5","9V":"5"},"WW":{"V9":"5","MP":"5","MV":"5","VC":"5","HV":"5"},"8R":{"2G":"5","H9":"5","V7":"5","M5":"5","2R":"5","7R":"5","9Q":"5"},"9R":{"G4":"5","35":"5","23":"5","26":"5"},"PW":{"7R":"5"},"WV":{"35":"5","WQ":"5"},"9Q":{"RW":"5","GX":"5","XW":"5","WM":"5","RV":"5"},"XW":{"P3":"5"},"XV":{"J2":"5","HW":"5","9H":"5"},"RJ":{"P3":"5","GC":"5","67":"5","2P":"5"},"GQ":{"M3":"5","56":"5","33":"5","4Q":"5"},"PM":{"QF":"5","4M":"5","9J":"5","X8":"5"},"FQ":{"MC":"5","F7":"5","F3":"5","M9":"5","F6":"5","Q3":"5","PC":"5","CJ":"5","MG":"5","9J":"5","P7":"5"},"WX":{"RW":"5","VV":"5","WW":"5","JJ":"5","JH":"5","WV":"5","VW":"5"},"3V":{"VM":"5"},"2V":{"RH":"5","X2":"5","GW":"5"},"XR":{"QW":"5","QX":"5","M4":"5","RW":"5","PX":"5","JX":"5","JR":"5","MX":"5","JW":"5","JV":"5","PV":"5","M5":"5","PW":"5","HX":"5","MV":"5","MR":"5"},"7R":{"VV":"5","PV":"5","MF":"5"},"CQ":{"3W":"5"},"7W":{"5G":"5"},"WM":{"52":"5","43":"5"},"WG":{"XW":"5"},"VX":{"R2":"5","W3":"5","Q2":"5","R5":"5","W2":"5","5Q":"5"},"QW":{"X3":"5","FG":"5","X4":"5","X5":"5","W2":"5","X2":"5"},"5V":{"MF":"5","QX":"5","JP":"5","HV":"5"},"RW":{"6W":"5"},"MM":{"QM":"5","RW":"5","XV":"5"},"PP":{"VJ":"5"},"2Q":{"RX":"5","9X":"5"},"7X":{"2C":"5","28":"5"},"XF":{"PQ":"5","WJ":"5"},"5R":{"RR":"5"},"JP":{"5J":"5"},"XJ":{"M4":"5"},"RQ":{"GW":"5"},"WQ":{"3X":"5","4C":"5"},"XH":{"VR":"5","X2":"5"},"4Q":{"2F":"5"},"7V":{"W4":"5"},"VV":{"X7":"5"},"3R":{"4G":"5"},"QM":{"P2":"5","98":"5"},"6X":{"P9":"5","QC":"5","H8":"5","X7":"5"},"RX":{"CG":"5","CF":"5","9H":"5","CM":"5","CH":"5","JF":"5","9G":"5","7R":"5"},"XG":{"74":"5","RJ":"5","98":"5"},"6W":{"P2":"5","3F":"5","XH":"5","5Q":"5"},"5W":{"89":"5","WV":"5"}},"5F":{"Q3":{"WV":"5"},"HR":{"28":"5"},"Q5":{"Q2":"5"},"RR":{"FR":"5"},"PQ":{"XJ":"5"},"QP":{"3Q":"5","8W":"5","7W":"5","3P":"5","7V":"5","5R":"5"},"84":{"Q2":"5"},"JQ":{"2J":"5","GM":"5"},"G6":{"PH":"5"},"WR":{"HG":"5","53":"5","JH":"5","HH":"5"},"X2":{"8J":"5"},"F4":{"9J":"5"},"CF":{"G5":"5"},"FF":{"M5":"5"},"HP":{"W3":"5"},"C7":{"5F":"5"},"HQ":{"9V":"5"},"F2":{"4Q":"5"}},"9J":{"FR":{"HG":"5","FR":"5","QH":"5","GG":"5","GH":"5","HH":"5"},"5H":{"9M":"5"},"JC":{"92":"5"},"JX":{"68":"5"},"6R":{"GW":"5"},"2H":{"HX":"5"}},"JQ":{"3P":{"64":"5","5F":"5","5C":"5","7C":"5","6C":"5"},"25":{"4X":"5","RP":"5","XM":"5","8W":"5","58":"5"},"RV":{"2Q":"5","9M":"5","4H":"5","2J":"5","WJ":"5","3V":"5","VM":"5","JJ":"5"},"P6":{"WQ":"5","M4":"5","87":"5"},"HP":{"J8":"5","J9":"5"},"93":{"WC":"5"},"R8":{"75":"5","39":"5"},"86":{"42":"5"},"59":{"WV":"5","VW":"5"},"QJ":{"69":"5"},"H7":{"MQ":"5"},"VG":{"9R":"5","QF":"5","8P":"5","8R":"5","4V":"5","X9":"5","9Q":"5","3W":"5"},"HQ":{"QG":"5","QF":"5","PF":"5"},"P3":{"46":"5","62":"4","GC":"5","H2":"5","F4":"5"},"Q2":{"65":"5"},"36":{"9C":"5"},"8F":{"5C":"5","4C":"5"},"8R":{"HG":"5","3G":"5","X7":"5","W8":"5"},"P7":{"PQ":"5"},"2G":{"M3":"5","P7":"5","79":"5"},"9R":{"38":"5","77":"5","79":"5"},"GX":{"JP":"5","PH":"5","JH":"5"},"3M":{"WP":"5","6W":"5","4R":"5","5V":"5"},"46":{"9G":"5"},"2M":{"XM":"5"},"C5":{"2F":"5","V5":"5","R5":"5"},"WV":{"MP":"5","FM":"5"},"Q8":{"FM":"5"},"9Q":{"RX":"5"},"XV":{"9F":"5"},"85":{"98":"5","97":"5"},"WR":{"H4":"5"},"R5":{"MW":"5"},"68":{"F6":"5","FW":"5"},"Q9":{"8X":"5"},"76":{"WF":"5","P9":"5","Q8":"5","8Q":"5"},"X5":{"FF":"5"},"VR":{"9R":"5"},"PM":{"4J":"5"},"R7":{"9P":"5","36":"5","9X":"5"},"26":{"82":"5","52":"5","M9":"5","GG":"5","JW":"5","VM":"5"},"M3":{"JC":"5","P8":"5","J9":"5"},"4C":{"53":"5"},"3V":{"CW":"5"},"P8":{"WR":"5"},"XR":{"8M":"5","4V":"5","9V":"5"},"88":{"H5":"5"},"CQ":{"54":"5","9W":"5","GH":"5"},"35":{"FH":"5","X6":"5","6M":"5","HQ":"5"},"PV":{"PW":"5","MW":"5","XV":"5","JX":"5","HX":"5","FX":"5"},"FV":{"3C":"5"},"CW":{"JR":"5"},"44":{"2J":"5"},"P2":{"2V":"5","R9":"5","MX":"5","CX":"5"},"HW":{"XQ":"5"},"WG":{"WH":"5","JG":"5","C9":"5"},"Q5":{"JF":"5"},"5P":{"G8":"5","J6":"5"},"2P":{"HG":"5","4G":"5","M5":"5","5R":"5"},"27":{"XM":"5","WM":"5","QP":"5","RR":"5"},"QH":{"PP":"5","MP":"5","PM":"5","MM":"5"},"53":{"3J":"5"},"7H":{"47":"5","58":"5","45":"5"},"2F":{"MC":"5","PF":"5"},"49":{"M3":"5","GV":"5","HP":"5","W2":"5"},"H4":{"9M":"5","VV":"5","FH":"5","CM":"5","FJ":"5"},"48":{"72":"5"},"F9":{"W6":"5","VC":"5"},"6J":{"PJ":"5"},"3F":{"WQ":"5","WJ":"5","XQ":"5"},"Q7":{"VQ":"5"},"5R":{"WW":"5","X5":"5"},"6P":{"38":"5","53":"5","58":"5"},"7M":{"F4":"5"},"4F":{"54":"5","68":"5","2C":"5","3C":"5","3F":"5"},"65":{"4F":"5"},"WQ":{"RH":"5","PX":"5","JC":"5"},"5M":{"W7":"5","XQ":"5"},"Q6":{"RH":"5"},"M7":{"7X":"5"},"6M":{"8V":"5","RM":"5","7R":"5"},"VH":{"67":"5"},"FP":{"HR":"5","47":"5","GC":"5","HQ":"5"},"PJ":{"8J":"5","7H":"5","7J":"5"},"VV":{"VJ":"5","MP":"5","RG":"5","PQ":"5","P8":"5","6M":"5","2H":"5"},"QV":{"Q6":"5","G9":"5"},"FG":{"G7":"5"},"X7":{"X4":"5","RQ":"5"},"8X":{"C8":"5","FV":"5","CP":"5"},"67":{"8J":"5","5P":"5","8H":"5","6P":"5","83":"5","5R":"5","2W":"5","FQ":"5","6Q":"5","X2":"5","6R":"5","6M":"5","73":"5","3R":"5","5M":"5"},"W4":{"Q4":"5"},"56":{"GG":"5"},"J5":{"MR":"5"},"8G":{"WP":"5"},"XM":{"2R":"5"},"JR":{"6V":"5","5R":"5"},"58":{"CG":"5","W7":"5","FF":"5"},"JM":{"9G":"5"},"95":{"R2":"5","PX":"5","VX":"5","RP":"5"},"RH":{"2G":"5","J5":"5","P6":"5","6F":"5","2C":"5","M5":"5","J6":"5","C9":"5","MJ":"5","3G":"5","39":"5"},"6R":{"2W":"5"},"XG":{"FR":"5","2F":"5","4F":"5","8H":"5"},"C6":{"52":"5"},"3G":{"CR":"5"},"84":{"PW":"5","WX":"5"},"3C":{"XJ":"5"},"6H":{"XX":"5"}},"FP":{"2X":{"R9":"5","VC":"5","JH":"5","WC":"5","78":"5","QF":"5","RC":"5","62":"5","JG":"5","QC":"5","MG":"5","PF":"5","JJ":"5","MF":"5"}},"6C":{"49":{"29":"5"},"XP":{"MP":"5"},"GM":{"JM":"5"},"PQ":{"46":"5"},"6P":{"RQ":"5"},"XV":{"RX":"5","QP":"5"},"3Q":{"W2":"5"},"XW":{"R2":"5"},"MP":{"96":"5"},"WG":{"G7":"5","GF":"5"},"7C":{"6R":"5","6V":"5"},"2R":{"56":"5"},"CF":{"CR":"5"},"XJ":{"6X":"5"},"XM":{"87":"5","76":"5","9F":"5","74":"4","97":"5","86":"5","89":"5","FF":"5","65":"5"},"8C":{"RP":"5"}},"MP":{"89":{"8G":"5","W5":"5","MC":"5","7H":"5","P8":"5","JP":"5","GF":"5"},"8W":{"79":"4"},"5V":{"V8":"5","V5":"5","R6":"5","FV":"5","VC":"5","R5":"5","R4":"5","V7":"5","CW":"5","CV":"5"},"4V":{"C8":"5","C7":"5","7R":"5","98":"5","97":"5"},"FM":{"CG":"5","FF":"5","6J":"5"},"J4":{"VW":"5"},"PQ":{"2X":"5"},"5C":{"JQ":"5","7J":"5"},"C8":{"64":"5","86":"5","92":"5","QP":"5","PM":"5"},"G7":{"C8":"5","3C":"5","P7":"5","98":"5","G9":"5"},"7W":{"98":"5"},"F6":{"JQ":"5","8P":"5","HP":"5","9X":"5"},"CP":{"22":"5","23":"5"},"7M":{"FV":"5","9F":"5"},"M8":{"MQ":"5","HC":"5"},"Q9":{"R7":"5","H3":"5"},"HM":{"RJ":"5","W7":"5","X7":"5"},"3M":{"XM":"5","RM":"5"},"HQ":{"4F":"5","7P":"4","5J":"4"},"GC":{"88":"5","97":"5"},"P3":{"4G":"5"},"RG":{"7J":"5"},"6X":{"J5":"4","9P":"5"},"GQ":{"GW":"4"},"6V":{"JW":"5","FV":"5","JV":"5","2V":"5","FW":"5","65":"5","5W":"5","9V":"5","QX":"5","JX":"5","CW":"5","7V":"5","7R":"5","CR":"5","74":"5","JQ":"4","6W":"5","GX":"5","CV":"5","HH":"4","HW":"5","5V":"5","MW":"5","MX":"5","4W":"5","JJ":"4","PW":"5","JH":"4","MF":"4","HX":"5","6V":"5","PX":"5","GW":"4"},"9Q":{"QM":"5","HG":"5","99":"5","88":"5","64":"5","XX":"5","96":"5","F8":"5","JC":"5","F7":"5","HF":"5","C3":"5","GC":"5","89":"5","F9":"5","77":"5","HC":"5","JF":"5","VM":"5","VQ":"5","PM":"5","JJ":"5","MJ":"5","GF":"5","94":"5","98":"5"},"MQ":{"M4":"5","8F":"5","G5":"5","RW":"5","8G":"5","9F":"5","PJ":"5","CG":"5","G3":"5","7G":"5","C3":"5"},"R9":{"G8":"5"},"5Q":{"29":"5","25":"5","39":"5","V6":"4","MQ":"5","VJ":"5","36":"5","FW":"5","5G":"5","23":"5","CF":"5","2G":"5","9R":"5","GX":"5","37":"5","9W":"5","GW":"5","9Q":"5","X4":"5","X5":"5","W5":"5","26":"5","3Q":"5","4C":"5","35":"5","PV":"5","9X":"5","CW":"5","HW":"5","QW":"5","27":"5","57":"5","2F":"5","49":"5","48":"5","5C":"5","FX":"5","2C":"5","2H":"5","VV":"5","PR":"5","MV":"5","PX":"5","GV":"5","QR":"5","6G":"5","28":"5","3C":"5"},"3P":{"8M":"5","WQ":"5","92":"5"},"4W":{"5H":"5","5G":"5","4R":"5"},"6P":{"2Q":"5","FC":"5","5R":"5"},"Q3":{"X6":"5"},"4P":{"RQ":"5","R8":"4|5","9F":"5","Q7":"5","5W":"5","G3":"5","MG":"5","CF":"5","93":"5","6X":"5","HX":"5","6W":"5"},"7V":{"GG":"4"},"4G":{"7C":"5"},"6C":{"PP":"5","FP":"5","FQ":"5","XF":"5","3F":"5","9Q":"5"},"6F":{"HQ":"5"},"M5":{"72":"5"},"FF":{"WJ":"5","X5":"5"},"3X":{"G8":"5"},"JQ":{"CV":"5"},"4M":{"69":"4","3J":"5"},"F7":{"42":"5","9W":"5","G5":"5","5Q":"5"},"3J":{"MV":"5","MR":"5"},"C9":{"X2":"5"},"4Q":{"J9":"5","PP":"5","6G":"5","PM":"5","QG":"5","V6":"5","3Q":"5","F4":"5","2M":"5","R7":"5","X9":"5","X8":"5","88":"5","V8":"5","Q6":"5","G9":"5","RH":"5","QM":"5","V9":"5","QF":"5","V7":"5","XC":"5","HG":"5","QJ":"5","XF":"5","HF":"5","HC":"5","F6":"5","R2":"5","X7":"5"},"5R":{"P3":"5","Q2":"5","4F":"5","M4":"5","3C":"5","39":"5","P4":"5","C6":"5","C4":"5","G3":"5","F6":"5","C5":"5","93":"5","3G":"5","M5":"5","4G":"5","F2":"5"},"4F":{"38":"5","RG":"5","P6":"5","4F":"5","FC":"5","X5":"5"},"V5":{"GX":"5"},"8P":{"RH":"5","CW":"5","9W":"5"},"6W":{"MH":"5","J2":"5","P2":"5","M2":"5","MG":"5","H2":"5","MJ":"5"},"PC":{"WW":"5","HJ":"5","C2":"5"},"7P":{"PX":"5"},"JV":{"VP":"4"},"CC":{"CR":"5","4W":"5"},"6H":{"QQ":"5","VW":"5"},"5F":{"XJ":"5"},"3Q":{"2J":"5","QG":"5","9V":"5","R4":"5","7Q":"5","P7":"5","2M":"5","XM":"5"},"9M":{"RX":"5","HP":"5","QX":"5"},"5X":{"PQ":"5","QV":"5"},"2F":{"Q6":"5","7M":"5","7F":"5","F9":"5","W8":"5"},"9P":{"Q3":"5","7J":"5","4J":"5","Q4":"5","3P":"5","Q7":"5","X3":"5","5W":"5","GG":"5","FH":"5","F2":"4"},"GP":{"5F":"4","37":"5","5Q":"5","8G":"5","4Q":"5","FM":"5","7G":"5","7F":"5"},"5P":{"H8":"5","JC":"5","2V":"5","FX":"5","GF":"4","X5":"5","PG":"5","RC":"5","7V":"5","HM":"5","MC":"5"},"5J":{"GX":"4","3J":"5"},"3V":{"4X":"5","Q3":"5","5X":"5"},"4R":{"7W":"5","6X":"5","W4":"5","7X":"5"},"98":{"WF":"5","PX":"5","RG":"5","GP":"5","V9":"5","6Q":"5","MG":"5","2X":"5","FP":"5","6W":"5"},"FG":{"28":"5"},"6Q":{"V8":"5","R9":"5","6C":"5","6F":"5","QV":"4","CF":"5","36":"5","FG":"5","8C":"5"},"5M":{"54":"5","44":"5"},"CG":{"W3":"5"},"JM":{"35":"5"},"R2":{"R7":"5"},"8C":{"FW":"4"},"WC":{"CG":"5","3H":"5"},"RF":{"W7":"5"},"9R":{"J8":"4","W3":"5","J7":"4","X2":"5"},"P9":{"9M":"5","53":"5","JP":"5","PG":"5"},"7C":{"W3":"5","89":"5"},"GH":{"5X":"5"},"9C":{"RV":"5","QV":"5"},"HR":{"QH":"4","8G":"5","F8":"4","VG":"4","GP":"4","CM":"5","RJ":"4","FM":"4","GX":"4","GR":"4","C7":"4"},"2W":{"FC":"5","8Q":"5"},"2Q":{"XJ":"5","5P":"5","XM":"5","73":"5","C7":"5","3V":"5","23":"5","6P":"5","2W":"4","85":"5"},"G6":{"XV":"5","3J":"5","XQ":"5"},"F8":{"56":"5"},"3R":{"H4":"5","2W":"5","QF":"5","7V":"5","RF":"5","3M":"5","WV":"5"},"8F":{"8C":"5","F6":"5","7C":"5","98":"5","97":"5"},"3G":{"23":"5","66":"5"},"99":{"8H":"5","9W":"5","CJ":"5","C6":"5","F5":"5","C2":"5"},"6M":{"6C":"5","77":"5","38":"5","43":"5","3C":"5","78":"5","67":"5","6H":"4","QV":"5","PV":"5","8C":"5","68":"5"},"R8":{"Q4":"5","3W":"5"},"M9":{"76":"5","R3":"5"},"Q8":{"H9":"5"},"2P":{"PW":"5","MX":"5"},"6G":{"HW":"5"},"8X":{"4Q":"4"},"3W":{"R2":"5","V2":"5","V3":"5","F4":"5","R3":"5"},"P8":{"CH":"5"},"MP":{"4X":"5","3X":"5"},"VG":{"65":"5"},"6J":{"9G":"5"},"9F":{"98":"5"},"J8":{"8F":"5","GH":"5"},"C7":{"GX":"5","PJ":"5","7P":"5","VM":"5"},"HP":{"MH":"5","8Q":"5"},"5W":{"32":"5","WM":"5","CC":"4","XP":"5"},"R7":{"8X":"5","JW":"5","5X":"5"},"CM":{"9H":"5","GP":"5","5F":"5","MQ":"5","7V":"5","8V":"5","HV":"5"},"J5":{"RG":"5","P2":"5","P4":"5"},"9G":{"F6":"5"},"GF":{"36":"5"},"JP":{"29":"5","V7":"5","W9":"5","3V":"5","7J":"5","W8":"5"},"V6":{"QC":"5","84":"5"},"JR":{"C6":"5","66":"4"},"3F":{"49":"5","QW":"5","R6":"5","H7":"5","F3":"5","J3":"5","J8":"5"},"FP":{"35":"5","F7":"5","86":"5","44":"5","34":"5","C7":"5","45":"5","C2":"5"},"4J":{"FJ":"5","3J":"5","9J":"5","GM":"5"},"M4":{"2V":"5","V2":"5","6X":"5"},"PF":{"P8":"5"},"CF":{"32":"5","42":"5"},"2R":{"XV":"5","MG":"5","M4":"5"},"4C":{"GV":"5","MQ":"5","7P":"5","6P":"5","5Q":"5"},"HC":{"5P":"5","7W":"5","9X":"5"},"6R":{"5P":"5","5M":"5","7H":"5","6H":"5","7J":"5","5J":"5"},"HF":{"H7":"5","G7":"5"},"XR":{"JQ":"4"},"R6":{"FW":"5","27":"5"},"2V":{"52":"5","63":"5","92":"5","4M":"5","QQ":"5","C2":"5"}},"JW":{"99":{"8F":"5","58":"5"},"6F":{"JG":"5","GH":"5"},"89":{"X2":"5"},"9C":{"5J":"5"},"26":{"WR":"5","WV":"5"},"59":{"MX":"5"},"6C":{"35":"5"},"98":{"F6":"5","G5":"5","94":"5"},"97":{"XJ":"5"}},"QM":{"2J":{"MP":"5","Q6":"5","HM":"5","PQ":"5","JX":"5","WJ":"5","VM":"5","VP":"5"},"63":{"3X":"5"},"2V":{"42":"5","43":"5"},"54":{"HW":"5","VM":"5","RQ":"5"},"2P":{"24":"5","J3":"5","J4":"5","66":"5"},"2M":{"P2":"5","FM":"5","WH":"5","M2":"5","H3":"5","WM":"5","VH":"5","9V":"5","PF":"5","5V":"5","M4":"5"},"2F":{"38":"5","74":"5","83":"5","6X":"5","3F":"5"},"44":{"QX":"5"},"72":{"JC":"5"},"65":{"2C":"5"},"3H":{"7G":"5","6F":"5","4F":"5","P5":"5","GC":"5"},"26":{"R7":"5"},"55":{"J3":"5","V7":"5","WF":"5","G6":"5","J4":"5","G9":"5"},"H2":{"QW":"5","33":"5","H9":"5","PH":"5","PG":"5","22":"5","M8":"5","MG":"5"},"2R":{"49":"5","4V":"5","23":"5","3W":"5"},"3M":{"2J":"5","2P":"5"},"2G":{"QW":"5","5P":"5","VH":"5","6P":"5","PR":"5","9M":"5","8G":"5","63":"5","MX":"5","FH":"5","FP":"5","8C":"5"},"3J":{"2F":"5"},"2Q":{"JH":"5"},"45":{"F5":"5"},"2H":{"C5":"5","96":"5","C7":"5","X4":"5","2P":"5"},"4C":{"92":"5","QP":"5"},"3G":{"7V":"5"},"2X":{"32":"5"},"2W":{"2J":"5","GP":"4"},"2C":{"8W":"5","9Q":"5"}},"8C":{"2J":{"H7":"5"}},"7G":{"RX":{"3M":"5","QV":"5"},"RH":{"3M":"5"},"JC":{"89":"5"},"4M":{"QP":"5"},"VX":{"5C":"5"},"WH":{"5X":"5"},"MW":{"MX":"5"},"2Q":{"7W":"5"},"QQ":{"VJ":"5"},"JX":{"3W":"5"},"97":{"F7":"5"},"XF":{"XC":"5","WM":"5","VH":"5","WJ":"5"},"C6":{"22":"5"},"MX":{"WH":"5","WG":"5"},"57":{"75":"5"},"89":{"H6":"5"},"WR":{"3H":"5","2H":"5"},"QV":{"CF":"5"},"5J":{"JX":"5"},"C5":{"2X":"5","3X":"5","4V":"5","3V":"5","4W":"5","3W":"5"},"7F":{"78":"5","5G":"5"},"6W":{"49":"5"},"W9":{"P7":"5"},"MR":{"8V":"5"}},"8G":{"VH":{"25":"5"},"2V":{"R8":"5"},"Q5":{"H9":"5","FH":"4","G7":"5"},"83":{"2W":"5"},"XV":{"Q9":"5"},"J5":{"CG":"5","FH":"5","CH":"5","FG":"5"},"55":{"28":"5"},"9V":{"5W":"5"},"2F":{"77":"5"},"9W":{"96":"5"},"2R":{"2W":"5"},"73":{"JW":"5"},"54":{"85":"5"},"P9":{"Q6":"5"}},"JR":{"5F":{"GP":"5"},"C2":{"CR":"5","2M":"5"},"66":{"82":"5","8C":"5","22":"5","F2":"5","X4":"5","W2":"5"},"9C":{"V9":"5","5F":"5","F5":"5"},"77":{"M2":"5","H8":"5","Q5":"5","9M":"5","P4":"5","9V":"5","9R":"5","7V":"5","6Q":"5","CC":"5","6R":"5","J2":"5","9P":"5"},"87":{"4J":"5"},"H3":{"Q3":"4"},"4M":{"JM":"5","PH":"5"},"2V":{"2P":"5","2W":"5","3W":"5"},"76":{"7G":"5","8F":"5","P3":"5","34":"5","69":"5","XV":"5","89":"5","7F":"5","85":"5","WV":"5"},"83":{"QF":"5","R7":"5","PQ":"5","Q2":"5","6P":"5"},"64":{"V9":"5","9V":"5","RV":"5"},"67":{"4G":"5"},"3P":{"96":"5"},"63":{"32":"5","23":"5","43":"5"},"84":{"PQ":"5"},"74":{"WX":"5"},"P6":{"FV":"5","4M":"5","3M":"5"},"86":{"2V":"5","36":"5"},"62":{"H7":"5","VV":"5","4M":"5","VF":"5","QC":"5"},"95":{"99":"5","8M":"5","FV":"4","FC":"5","FF":"5"},"M7":{"W5":"5","W4":"5","W7":"5","V4":"5","X9":"5","X2":"5"},"48":{"FV":"5"},"6F":{"V4":"5"},"2X":{"XW":"5","5Q":"5"},"2R":{"CH":"5"},"FC":{"5H":"4"},"6G":{"4P":"5"},"85":{"37":"5","R9":"5","G9":"5","GC":"5","78":"5","F8":"5","89":"5","FC":"5","F9":"5","98":"5","27":"5"},"P7":{"JG":"5","8C":"5","GG":"5","J6":"5","9F":"5","94":"5"},"82":{"FR":"5","WP":"5","WW":"5","XP":"5","7C":"5","36":"5","XQ":"5"},"93":{"49":"5","69":"5","7M":"5","F2":"5","58":"5","27":"5","X4":"5"},"75":{"X8":"5","2V":"5","X7":"5","RP":"5","QP":"5","2R":"5","3H":"5","9P":"5","4V":"5","3R":"5","QM":"5"},"94":{"C3":"5","69":"5","W4":"5"},"8C":{"XF":"4"},"C3":{"G4":"5","35":"5","C7":"5"},"65":{"M5":"5"},"79":{"63":"5"},"68":{"68":"5"}},"CH":{"FW":{"GM":"4"},"9W":{"W8":"5"},"6H":{"XX":"5"},"9V":{"RQ":"5"},"6Q":{"QX":"5"},"6R":{"V7":"5"},"6J":{"W2":"5"}},"58":{"XM":{"6X":"5"},"WM":{"4F":"4"},"VM":{"W2":"5"},"VP":{"R8":"5","Q8":"5"}},"GV":{"XC":{"8F":"5","89":"5","9C":"5"},"93":{"8G":"5"},"WW":{"86":"5"},"XP":{"5R":"5"},"RR":{"VM":"5"}},"CP":{"PP":{"3Q":"5","6F":"5","2V":"5","GX":"5","J4":"5","8Q":"5","2W":"5","7R":"5","GW":"5"},"RV":{"CR":"5","QX":"5"},"JV":{"R2":"5","V2":"5","F9":"4"},"PV":{"R8":"5","V8":"5","W7":"5","Q8":"5","5X":"5","W8":"5|4"},"W7":{"RX":"4","3F":"5"},"M5":{"FH":"5"},"QV":{"H9":"5","HG":"5","CM":"5","JG":"5","F9":"5","GJ":"5","HC":"5","FJ":"5","GV":"5"},"54":{"GP":"5"},"MQ":{"XQ":"5","XP":"5","FR":"5","RR":"5","VJ":"5","RJ":"5","RV":"5","WJ":"5","WM":"5","XJ":"5","HQ":"5"},"RX":{"35":"5","95":"5","HM":"5","XV":"5"},"77":{"9C":"5"},"PR":{"4M":"5","8G":"5","62":"5","W3":"5","CV":"4","6J":"5","6G":"5","7G":"5","3M":"5","R2":"4"},"F2":{"C2":"5"},"FW":{"MM":"4"},"QP":{"M3":"5"},"JR":{"QX":"4"},"QR":{"38":"5","C9":"5","H4":"5","GC":"5","H7":"5","J5":"5","PG":"5","W7":"5","Q8":"5","V7":"5"},"MR":{"9G":"5","G8":"5","6P":"4","G9":"5","CP":"5","67":"5","HJ":"5","JQ":"4","59":"5","F3":"5","W2":"5","GP":"5","W3":"5","58":"5","HM":"5","4C":"5"},"WW":{"RP":"5","QP":"5","RQ":"5"},"GJ":{"9X":"4"},"P4":{"3M":"4"},"VR":{"XM":"5","6X":"5","8Q":"5","RQ":"5"},"Q6":{"M7":"5"},"VQ":{"CQ":"5"},"PJ":{"HR":"5"},"MV":{"RM":"5"},"QM":{"HW":"5","27":"5","36":"5","9X":"5"},"7X":{"88":"4"},"J4":{"MF":"4"},"6X":{"5V":"4"},"R6":{"RP":"5","M9":"4","RV":"5","QV":"5"},"JQ":{"WJ":"4","5Q":"4"},"83":{"GG":"5"},"WV":{"4X":"5","H3":"5","28":"5"},"GX":{"52":"4","HH":"4"},"HV":{"XJ":"5","QW":"5","VH":"5"},"Q2":{"VM":"5"},"42":{"F4":"5"},"P2":{"54":"5","P2":"5","64":"5"},"XW":{"H5":"5"},"WR":{"2M":"5","5X":"5"},"RQ":{"5M":"5"},"PQ":{"MG":"5","9F":"5","6G":"5","95":"5","PM":"5","2J":"5","MJ":"5","RJ":"5","FH":"5","3X":"5","3F":"5","FF":"5","7J":"5","8F":"5","6F":"5","5F":"5","C2":"5","3H":"5","9J":"5","7G":"5","3V":"5","CF":"5","89":"5","5X":"5","9H":"5","2G":"5","G2":"5","3J":"5","69":"5","F7":"5","4M":"5","FG":"5","2H":"5","42":"5","32":"5","MP":"5","QQ":"5","HG":"5","5M":"5","8H":"5","MH":"5","6J":"5","XF":"5","62":"5","CC":"5","8J":"5","FC":"5","CH":"5","5C":"5","46":"5","5H":"5","5Q":"5","CG":"5","7H":"5"},"8R":{"HC":"4"},"VW":{"V8":"5","M4":"5"},"QQ":{"8H":"5","5Q":"5"},"MP":{"FH":"5","CH":"5"},"P3":{"X7":"5"},"RR":{"PH":"5"},"PW":{"QW":"5"},"MM":{"55":"5","4W":"5"},"X2":{"MR":"4","PR":"4"},"J3":{"VC":"5"},"M4":{"4J":"4"},"VX":{"2Q":"5","2V":"5","2R":"5"},"QW":{"P2":"5","R2":"5","GC":"5","Q2":"5","WG":"5"},"RW":{"M3":"5","V5":"5"},"F3":{"R7":"5","X5":"4|5","X7":"5"},"PX":{"C3":"5","C2":"5"},"93":{"97":"5"},"P5":{"7J":"5"},"X6":{"23":"4"}},"8J":{"CP":{"P2":"5","5P":"5","5M":"5","F6":"5"},"RV":{"5M":"4"},"9F":{"QP":"5","7Q":"5"},"PC":{"47":"5","49":"5"},"43":{"FP":"5"},"9Q":{"J3":"5","H3":"5","C4":"4"},"9M":{"CV":"5","CM":"4","CX":"5","CJ":"4","9Q":"5"},"CM":{"69":"5","4H":"5","9J":"5","RJ":"5","WR":"5","6G":"5","9H":"5"},"QG":{"JF":"5"},"FH":{"GQ":"5","FW":"5","9C":"5","GG":"5","G5":"5"},"GG":{"6G":"5"},"HJ":{"FF":"5"},"J2":{"6C":"5"},"JF":{"R2":"5","QR":"5"},"5P":{"G6":"5"},"6Q":{"MV":"5"},"FP":{"VJ":"5","RJ":"5"},"GP":{"42":"5"},"Q3":{"25":"5"},"FJ":{"CP":"5","FV":"5","5R":"5","9M":"5","FQ":"5","F9":"5","CM":"5","FW":"5","99":"5","65":"5","9J":"5","57":"5","8G":"5","H2":"5","66":"5","9P":"5","7R":"5","CR":"5","98":"5","9G":"5","8V":"5","8R":"5","8M":"5","H3":"5","9C":"5","8J":"5","8C":"5","CQ":"5","86":"5"},"GJ":{"35":"5","WH":"5","X5":"5"},"9J":{"MX":"5","9G":"5"},"FM":{"F3":"5","G3":"5","53":"5","XM":"5","3H":"5","CM":"5","8Q":"5"},"8G":{"73":"5","QX":"5"},"5W":{"MX":"5"},"G6":{"27":"5"},"CF":{"XC":"5"},"JX":{"XX":"4"},"M9":{"QF":"5"},"QM":{"RW":"5"},"5X":{"R7":"5","V8":"5","WC":"5","R6":"5"},"JM":{"5H":"5","95":"5","73":"5","84":"5"},"7V":{"29":"5"},"CJ":{"F7":"5","FC":"5","2W":"5","GF":"5","4W":"5","FF":"5"},"9P":{"WF":"5","Q3":"5","FR":"5","WC":"5","VF":"5","VG":"5","XC":"5","XF":"5","5V":"5","WR":"5","GR":"5","XG":"5","W9":"5"},"6X":{"RC":"5"},"CR":{"82":"5","54":"5","74":"5","43":"5"},"9R":{"RF":"5","J7":"5"},"9H":{"XJ":"5","XG":"5","XF":"5","XH":"5"},"98":{"Q7":"5"},"G4":{"64":"5"},"G2":{"F3":"5","6V":"5"},"6W":{"HG":"5","GG":"5"},"8V":{"7W":"5"},"FG":{"RW":"5","4W":"5"},"PH":{"FW":"5"},"XV":{"H3":"5"},"C9":{"3M":"5"},"8R":{"WJ":"5"},"H3":{"38":"5","39":"5"},"9C":{"4G":"5"},"8H":{"M2":"5"},"MH":{"VV":"5","WW":"5"},"JJ":{"F7":"5"},"4R":{"QF":"5"},"RP":{"WJ":"5","WG":"5"},"MM":{"WQ":"5","GP":"5","VQ":"5"},"67":{"QX":"5"},"CH":{"2J":"5","2F":"5","C9":"5","2H":"5"},"CG":{"XX":"5","F7":"5","86":"5","F6":"5"},"CQ":{"H5":"5","53":"5","3P":"4","M5":"5","5V":"5","M4":"5","5R":"5"},"7H":{"CM":"5"},"P5":{"2R":"5"}},"69":{"G5":{"Q7":"4"},"G9":{"5P":"5"},"F8":{"M2":"5"},"FM":{"R5":"5"},"FH":{"8F":"5"},"FF":{"G3":"5"},"FG":{"GH":"5"},"HP":{"76":"5","M6":"5","G9":"5"}},"6G":{"JV":{"R5":"5"},"4F":{"CQ":"5","GX":"5","8X":"5","GV":"5","HW":"5","JM":"5","33":"5","7X":"5","FX":"5","8Q":"5","MM":"5"},"9M":{"PF":"5","55":"5"},"3F":{"RW":"5","JJ":"5"},"48":{"FX":"5"},"7J":{"88":"5"},"M6":{"RW":"5"},"5P":{"5M":"4","QV":"4","X8":"5"},"GP":{"88":"5","5J":"5"},"5F":{"5W":"5","4W":"5"},"PR":{"V8":"5"},"VV":{"FQ":"5"},"MR":{"HF":"5"},"QC":{"GH":"5"},"4J":{"MV":"5","HR":"5","GQ":"5","PX":"5","96":"5","RX":"5","PR":"5","VR":"5","PQ":"5","HP":"5","QP":"5","C7":"5","VQ":"5","QX":"5","WR":"5","RV":"5","QQ":"5","MM":"5"},"P7":{"24":"5"},"9P":{"R3":"5"},"6P":{"C5":"5","G8":"4","28":"5","G9":"4"},"X4":{"GW":"5"},"3G":{"RP":"5","V5":"5","WM":"5"},"RQ":{"Q6":"5"},"J6":{"WM":"5"},"VW":{"R9":"5","4P":"5"},"QQ":{"39":"5"},"5J":{"XG":"4","MC":"5","MF":"5","CP":"4|5","9P":"5","PC":"5","MG":"5","Q9":"5","XH":"4"},"JJ":{"5M":"5","8H":"5"},"4H":{"78":"5"},"RR":{"VX":"5"},"8J":{"FF":"5"},"VX":{"RC":"5","WC":"5","X9":"5","QJ":"5"},"5C":{"2H":"5"},"WX":{"2C":"5"},"X7":{"H3":"5","H4":"5"},"7H":{"2C":"5"},"4G":{"RW":"5","F3":"5","49":"5","G3":"5","C3":"5","F2":"5","94":"5","C2":"5","C4":"5"}},"6H":{"H5":{"MM":"4"}}}}