{"52":{"R9":{"8R":{"64":"5"},"F9":{"J2":"5"},"G6":{"48":"5","4C":"5"},"5V":{"3P":"5"}},"M2":{"62":{"32":"5"}},"H8":{"82":{"G7":"4","G6":"4","X9":"5","W8":"5","H6":"4"}},"H3":{"Q6":{"R4":"5"}},"QG":{"QF":{"CM":"5","9Q":"5"}},"R5":{"MR":{"V8":"5","X8":"5","X9":"5","X7":"5","VC":"5","WC":"5","X5":"5","W7":"5","XC":"5","V7":"5","W8":"5","V9":"5","W6":"5","X6":"5","W9":"5"},"PR":{"25":"5","37":"5","38":"5","9F":"5","26":"5","29":"5","27":"5","28":"5"},"MQ":{"P4":"5"}},"QH":{"FV":{"33":"5"}},"WP":{"CH":{"VM":"4"}},"QF":{"M9":{"P6":"4"},"P9":{"V9":"5"},"M6":{"57":"5"},"P8":{"99":"5","7F":"5","F9":"5","W7":"5","C6":"5","7R":"5"},"M5":{"M8":"5","9X":"5"}},"RC":{"46":{"PH":"5"},"49":{"FG":"4"},"56":{"MC":"5","M9":"5","HF":"5","GG":"5","77":"5","CJ":"4","JF":"5","PH":"4","9J":"5"}},"P6":{"99":{"FJ":"5"},"C8":{"4G":"5"},"C9":{"M7":"5","J7":"5"},"98":{"HW":"5"}},"C6":{"VQ":{"V5":"4","V6":"4","GH":"5","7W":"5","9X":"5|4","7Q":"5","CW":"5","9W":"5","CV":"5","7X":"5","GR":"4","7R":"5"},"XP":{"CV":"4"},"VX":{"72":"5"},"RR":{"3H":"5"},"VP":{"65":"5"},"XR":{"JP":"4"},"VR":{"FR":"4","H3":"4","83":"5","92":"5","CP":"4","9M":"4","7W":"4","74":"5","6Q":"4","6J":"4","6G":"4","6V":"4","CR":"4","X4":"4","94":"4","68":"5","9Q":"4"},"RV":{"7G":"5","XF":"5","GM":"5"},"WR":{"24":"4","35":"4","2H":"4"},"WM":{"PG":"5"},"QR":{"GQ":"5","FQ":"5"}},"G7":{"37":{"7F":"4"},"5M":{"X2":"5"},"6M":{"H4":"5"},"5J":{"MX":"5"},"6J":{"3X":"4","3W":"4"}},"F7":{"P6":{"P2":"4"},"P5":{"CW":"4"}},"QC":{"XC":{"4Q":"5"},"WH":{"PJ":"5"}},"24":{"P2":{"VX":"4"},"Q4":{"5F":"5"},"P3":{"7H":"4"}},"GG":{"X3":{"6Q":"5"},"V5":{"HJ":"4"},"W3":{"WH":"5","J8":"5","G3":"5","RF":"5","57":"5"},"V4":{"56":"5"}},"P8":{"26":{"X4":"5"},"36":{"22":"5","39":"5"}},"J2":{"HR":{"GV":"5"}},"GJ":{"27":{"25":"4"}}},"index":{"university,1|retail,2|tourism,3|wreck,4|historical,5|artsCulture,6|namedBuilding,7|water,8|wetland,9|park,10|beach,11|natureReserve,12|cemetery,13|trail,14":{}}}