{"index":{"university,1|retail,2|tourism,3|wreck,4|historical,5|artsCulture,6|namedBuilding,7|water,8|wetland,9|park,10|beach,11|natureReserve,12|cemetery,13|trail,14":{}},"53":{"QW":{"RP":{"PH":"5","JH":"5","PG":"5"}},"C2":{"Q6":{"RH":"5","VH":"5","VX":"5","VF":"5","RG":"5","VG":"5","WW":"5","WX":"5","WV":"5"},"Q5":{"9F":"5"},"Q7":{"H7":"5","78":"5","P2":"5","Q4":"5","4F":"5","4G":"5","C7":"5","4C":"5","F5":"5"}},"PM":{"Q8":{"7X":"5"},"84":{"HF":"5"}},"8J":{"48":{"HC":"5"}},"FR":{"HF":{"2C":"5"},"GF":{"V9":"5","R9":"5"}},"M9":{"HP":{"6W":"5","3J":"5","6Q":"5","4J":"5","7Q":"5","7R":"5"},"GP":{"WV":"5"},"HQ":{"32":"5"}},"JP":{"GJ":{"83":"5","84":"5"},"MC":{"4M":"5"},"MF":{"4J":"5"},"HF":{"WF":"5","WC":"5"},"JF":{"XQ":"5"}},"4Q":{"9M":{"78":"5","W9":"5","H4":"5"},"CM":{"72":"5","29":"5","73":"5","77":"5"},"CJ":{"2M":"5","6R":"5","6V":"5","5R":"5"},"9J":{"XM":"5","MW":"5","QP":"5"}},"HV":{"VQ":{"3F":"5","3G":"5"}},"JG":{"C9":{"VV":"5"},"6P":{"25":"5"},"G4":{"5H":"5"},"7M":{"GR":"5"},"6H":{"HC":"5","HQ":"5"},"C6":{"W6":"5","V5":"5","J4":"5"},"GG":{"34":"5"},"CC":{"JC":"5","WW":"5"},"F5":{"89":"5","7F":"5","7C":"5"},"FC":{"4H":"5","5H":"5","5G":"5","6P":"5"},"6G":{"FF":"5"},"9H":{"48":"5"},"C5":{"X3":"5"},"FF":{"HF":"5","4Q":"5"},"7R":{"3P":"5"},"8C":{"J5":"5","3C":"5"}},"MP":{"FG":{"PQ":"5"},"X9":{"25":"5"}},"JV":{"2Q":{"PF":"5"}},"MC":{"9G":{"3X":"5"},"4J":{"C8":"5","H8":"5"},"8G":{"FV":"5"},"G7":{"46":"5","42":"5","5M":"5","M2":"5","6H":"5","4C":"5"},"F7":{"76":"5","P5":"5"},"G6":{"GQ":"5","CW":"5","3R":"5","7V":"5"},"F6":{"VX":"5"},"6G":{"44":"5","45":"5"},"5J":{"7V":"5","7R":"5","7Q":"5"},"7X":{"3G":"5"}},"PP":{"5V":{"CQ":"5","FR":"5","FQ":"5","CR":"5"}},"MF":{"82":{"29":"5","25":"5"},"52":{"H8":"5"},"72":{"X5":"5","X7":"5"}},"HX":{"W3":{"2Q":"5"},"V3":{"XV":"5"},"W2":{"PP":"5","MG":"4"}},"MR":{"C7":{"VC":"5"}}}}