{"index":{"university,1|retail,2|tourism,3|wreck,4|historical,5|artsCulture,6|namedBuilding,7|water,8|wetland,9|park,10|beach,11|natureReserve,12|cemetery,13|trail,14":{}},"55":{"4G":{"VQ":{"W5":"5","P8":"5","X5":"5"},"RM":{"X6":"5"},"RH":{"FV":"5","X7":"5","Q5":"5","64":"5","97":"5","C6":"5","WX":"5","WG":"5","6F":"5","RF":"5","7F":"5","W9":"5"},"VH":{"GM":"5","2J":"5","RJ":"5","8F":"5","2M":"5","2F":"5","6F":"5","49":"5","39":"5","5F":"5","VP":"5","4X":"5","VQ":"5","8Q":"5","29":"5","GQ":"5","XQ":"5","2G":"5","HH":"5","VJ":"5","FG":"5","4C":"5","3G":"5","MW":"5","MX":"5","7F":"5","PW":"5","VM":"5","2W":"5","QW":"5","PX":"5","GH":"5","4G":"5"},"WH":{"8X":"5","FX":"5","2Q":"5","4R":"5","4Q":"5","CW":"5","8W":"5","GX":"5","6V":"5"},"VJ":{"VJ":"5","RP":"5","GC":"5"},"WP":{"4F":"5","59":"5","27":"5","54":"5","34":"5","44":"5","49":"5","53":"5","65":"5","4X":"5","66":"5","37":"5","35":"5","45":"5","4C":"5","2X":"5","25":"5","64":"5","62":"5","2W":"5"},"VP":{"C5":"5","82":"5","J2":"5","HG":"5","GJ":"5","CG":"5","CF":"5","WW":"5","HJ":"5","72":"5","GC":"5","FC":"5","V8":"5","G7":"5","GG":"5","G6":"5","HX":"5","HH":"5","X7":"5","H4":"5","F5":"5"},"RJ":{"M4":"5","MQ":"5","M6":"5","M7":"5","WM":"5","MC":"5","P7":"5","MM":"5","M5":"5"},"WQ":{"42":"5","35":"5","37":"5","47":"5","27":"5","36":"5"},"VM":{"5F":"5","5X":"5","38":"5","JC":"5","M9":"5","8X":"5","MW":"5","HF":"5","PG":"5","7Q":"5","7V":"5","8M":"5","P8":"5","5J":"5","7X":"5","MH":"5","6X":"5","PV":"5","27":"5","28":"5","P9":"5"},"WJ":{"M5":"5","R8":"5","RJ":"5","R7":"5","RC":"5","72":"5","QP":"5","VC":"5","V8":"5","H2":"5","Q6":"5","QX":"5","RH":"5","V9":"5","VF":"5","J4":"5","R6":"5","22":"5","VG":"5","G2":"5","V7":"5","VJ":"5","RM":"5","QQ":"5","2X":"5","RP":"5","J3":"5","M4":"5","R9":"5","Q5":"5","P5":"5"},"WM":{"GM":"5","J7":"5","G9":"5","GH":"5","J5":"5","9M":"5","P4":"5","9V":"5","7M":"5","CM":"5","9J":"5","M6":"5","M7":"5","HH":"5","8V":"5","7X":"5","J2":"5","9P":"5"}}}}