{"index":{"university,1|retail,2|tourism,3|wreck,4|historical,5|artsCulture,6|namedBuilding,7|water,8|wetland,9|park,10|beach,11|natureReserve,12|cemetery,13|trail,14":{}},"58":{"8W":{"RC":{"3G":"4"}},"89":{"GC":{"7Q":"5"},"MP":{"H2":"5"},"VM":{"9H":"5"},"89":{"MR":"5","VV":"5","PR":"5","PQ":"5","QQ":"5","WV":"5"},"GX":{"CQ":"5"},"FC":{"62":"5"},"MM":{"MV":"5","MR":"5","JQ":"5","HW":"5","JV":"5","HX":"5"},"8C":{"R4":"5"},"P9":{"7X":"5"},"5M":{"6W":"5","6R":"5","6V":"5"}},"VP":{"V9":{"G2":"5"}},"5V":{"9J":{"XV":"4"}},"83":{"G6":{"54":"5","35":"5","44":"5","53":"5","43":"5","45":"5"},"H4":{"42":"5","3H":"5","43":"5","3G":"5"}},"RW":{"H8":{"JW":"5"},"9M":{"C8":"5","FF":"5"},"G6":{"9J":"5"},"P5":{"53":"5"},"P8":{"XP":"5"},"F9":{"RW":"5"},"C5":{"9Q":"5"},"XJ":{"RJ":"5"},"3R":{"27":"5"}},"MH":{"M3":{"H3":"5","C3":"5","57":"5","75":"5","F4":"5","85":"5"},"XX":{"2C":"5","MM":"5"},"J3":{"W5":"5"},"P3":{"R7":"5"},"V4":{"4W":"5"}},"FM":{"RG":{"38":"5"},"8M":{"GH":"5"},"9W":{"PX":"5"},"9V":{"6C":"5"},"MJ":{"9M":"5"},"9X":{"V4":"5"}},"W6":{"QJ":{"QV":"5"}},"32":{"JP":{"VR":"5","RV":"5","WR":"5"},"FX":{"R3":"5"},"W2":{"2C":"5"}},"FC":{"68":{"R4":"5","F2":"5","9P":"5","28":"5","23":"5"},"9W":{"P4":"5"},"67":{"5V":"5","5R":"5","5Q":"5"},"9V":{"3Q":"5"},"8V":{"RH":"5","RJ":"5"},"4J":{"2C":"5"}},"95":{"WF":{"7G":"5"},"VF":{"MH":"5","PC":"5"},"9X":{"8G":"5","6H":"5","4J":"5"}},"F3":{"QR":{"FM":"5"}},"PQ":{"24":{"WP":"5"},"34":{"2J":"5"}},"26":{"66":{"6J":"5"}},"GR":{"23":{"G4":"5","J8":"5","RP":"5","H5":"5"},"43":{"RJ":"5","39":"5"},"33":{"M8":"5","M5":"5","C6":"5","97":"5","GJ":"5","G9":"5","G8":"5","89":"5","G4":"5","F7":"5","HH":"5","H7":"5","C9":"5","H3":"5","67":"5","M7":"5","G7":"5","C7":"5","GH":"5","86":"5"},"9Q":{"MH":"5","76":"5","86":"5","77":"5","PH":"5"},"48":{"2H":"5"},"54":{"P8":"5","P7":"5"},"6H":{"83":"5","G3":"5","F4":"5"},"34":{"RH":"5"},"FJ":{"24":"5","79":"5"},"72":{"49":"5","38":"5","QJ":"5","PH":"5","39":"5","JH":"5","VJ":"5","HG":"5","9F":"5","59":"5","PJ":"5","RJ":"5","VM":"5","GG":"5","7C":"5","MH":"5","CF":"5","8C":"5"},"65":{"54":"5","46":"5","35":"5","44":"5","34":"5","56":"5","45":"5","55":"5","36":"5"},"8Q":{"GM":"5"},"CJ":{"X3":"5"},"9H":{"J8":"5","P5":"5","G8":"5","H8":"5"},"22":{"MV":"5","6Q":"5","2H":"5"},"G2":{"RQ":"5"},"24":{"39":"5"},"2H":{"QM":"5"},"42":{"MP":"5","X3":"5","W3":"5","RC":"5","WJ":"5","QC":"5"},"5V":{"G8":"5"},"32":{"MV":"5","HX":"5"},"25":{"JV":"5"},"58":{"GF":"5"},"64":{"JG":"5","4F":"5","JW":"5","JJ":"5","4C":"5","HH":"5"},"62":{"X8":"5","Q6":"5","R6":"5","83":"5","J5":"5","G4":"5","W7":"5","R7":"5","V7":"5","62":"5","P6":"5","H5":"5","52":"5","F4":"5","93":"5","M5":"5"},"MM":{"3F":"5"},"CH":{"MV":"5","QW":"5","4F":"5","FQ":"5"},"CG":{"49":"5","3R":"5","V7":"5","V8":"5","V6":"5","Q8":"5","7C":"5","9F":"5"},"4G":{"CC":"5"}},"5C":{"GV":{"H2":"5","G2":"5"},"QW":{"46":"5"},"GR":{"GX":"5"},"6W":{"5G":"5"},"6X":{"GQ":"5","FM":"5","GJ":"5","GV":"5","8H":"5","GP":"5","FJ":"5","CJ":"5","HQ":"5","GM":"5"},"9V":{"XX":"5"},"2H":{"2F":"5","3P":"5","5R":"5"},"4W":{"5Q":"5"},"RQ":{"VJ":"5"}},"7J":{"G5":{"23":"5","43":"5","33":"5","63":"5","54":"5","34":"5","44":"5","53":"5","65":"5","26":"5","55":"5","57":"5","75":"5","WC":"5","66":"5","22":"5","24":"5","45":"5","32":"5","QQ":"5","25":"5","67":"5","FC":"5","46":"5"},"H4":{"MG":"5"},"G4":{"63":"5","2X":"5","62":"5"},"J3":{"6F":"5","5C":"5"},"22":{"42":"5","53":"5"},"C4":{"88":"5"},"7C":{"RW":"5"},"F6":{"54":"5","44":"5"},"F5":{"R4":"5","9J":"5"},"F4":{"XP":"5","XH":"5","XX":"5","FV":"5","GH":"5","WP":"5","84":"5","9V":"5","JM":"5","XW":"5","CV":"5","WR":"5","WV":"5","PW":"5"},"C5":{"X3":"5","W3":"5","X2":"5"},"46":{"62":"5"},"MF":{"RR":"5"},"7F":{"V2":"5","X4":"5","W2":"5"},"F2":{"QM":"5"}},"G7":{"JC":{"3J":"5"}},"39":{"FR":{"9R":"5"},"P6":{"64":"5","76":"5","75":"5","4C":"5","65":"5"},"HR":{"46":"5","42":"5"},"GQ":{"RX":"5"},"PJ":{"P2":"5","X3":"5","M2":"5","W3":"5","J6":"5","H6":"5"},"P5":{"4X":"5","FV":"5"},"29":{"WG":"5"},"GR":{"V3":"5"},"PH":{"PM":"5","J6":"5","VX":"5","RP":"5","PQ":"5","RW":"5","QP":"5","MW":"5","QQ":"5","VM":"5","QV":"5","WJ":"5","MH":"5","PP":"5","PV":"5","QR":"5","PW":"5","MV":"5"},"G5":{"RG":"5"},"PG":{"5W":"5"},"HQ":{"4X":"5","2X":"5","5W":"5"},"65":{"8F":"5"},"QJ":{"64":"5","7F":"5","6V":"5"}},"GG":{"28":{"99":"5","49":"5","F9":"5","FF":"5"}},"CV":{"VJ":{"9W":"5"},"2X":{"VR":"5"},"48":{"C5":"5","82":"5","72":"5"},"F9":{"86":"5"},"23":{"2F":"5","3M":"5","3J":"5"},"2P":{"9X":"5"},"X7":{"QM":"5"},"W2":{"2X":"5"},"39":{"8R":"5","HM":"5","JM":"5","JP":"5","HQ":"5"}},"F6":{"G6":{"M8":"5","M7":"5","F2":"5","P8":"5"},"G5":{"FX":"5"}},"CP":{"V8":{"R2":"5"},"H3":{"32":"5","C3":"5","F2":"5","33":"5","H2":"5","G2":"5"},"WC":{"8G":"5","3Q":"5","9G":"5","5Q":"5","4P":"5"},"83":{"FR":"5","FH":"5"},"8P":{"GH":"5"},"Q9":{"RQ":"5"},"VF":{"8G":"5"},"QF":{"JJ":"5"},"7P":{"XV":"5","XR":"5","WR":"5","WV":"5"},"WW":{"54":"5","2C":"5","45":"5","55":"5","66":"5"},"8Q":{"HJ":"5"},"H5":{"QG":"5"},"JG":{"94":"5"},"CH":{"V6":"5"},"8M":{"G7":"5"},"X6":{"CG":"5"},"2M":{"66":"5"},"C7":{"PC":"5","QC":"5"}},"M7":{"C7":{"6H":"5"},"F4":{"6V":"5","MX":"5","3P":"5","8P":"5","GR":"5","4R":"5","8V":"5","4M":"5","FW":"5","2J":"5","8R":"5","8M":"5","9R":"5","GX":"5","9W":"5","3M":"5","GW":"5","2M":"5","9Q":"5","CV":"5","HV":"5","FR":"5","GQ":"5","6Q":"5","JV":"5","FQ":"5","CR":"5","MW":"5","3Q":"5","9P":"5","3V":"5","2V":"5","4W":"5","HR":"5","7R":"5","CQ":"5","9X":"5","FV":"5","CW":"5","7W":"5","8Q":"5","4V":"5","HW":"5","7P":"5","5P":"5","2P":"5","5V":"5","9V":"5","7Q":"5","4P":"5","2Q":"5","7X":"5","5R":"5","6P":"5","7M":"5","FX":"5","HX":"5","CX":"5","8W":"5","5M":"5","4Q":"5","7V":"5","6M":"5","3R":"5","JX":"5","MV":"5","JW":"5","8X":"5","2R":"5","6X":"5","JR":"5","GV":"5","CP":"5","6R":"5","3W":"5","5Q":"5","6W":"5","5W":"5"},"X4":{"27":"5"},"H8":{"2M":"5"},"F5":{"Q4":"5","J3":"5","66":"5","P6":"5","93":"5","R8":"5","86":"5","F8":"5","H7":"5","M8":"5","P3":"5","63":"5","P5":"5","F5":"5","G6":"5","P7":"5","83":"5","F6":"5","J9":"5","M4":"5","G7":"5","C5":"5","Q8":"5","85":"5","74":"5","M2":"5","76":"5","F3":"5","73":"5","96":"5","R7":"5","JC":"5","M3":"5","J8":"5","P8":"5","C3":"5","97":"5","J2":"5","G4":"5","M5":"5","R6":"5","P2":"5","M9":"5","C4":"5","H9":"5","H3":"5","Q5":"5","H2":"5","F2":"5","H6":"5","J4":"5","G2":"5","Q3":"5","H4":"5","G3":"5","Q7":"5","C7":"5","75":"5","82":"5","C2":"5","77":"5","65":"5","Q6":"5","92":"5","M7":"5","F7":"5","J6":"5","G8":"5","64":"5","F4":"5","M6":"5","62":"5","H5":"5","J5":"5","H8":"5","P4":"5","G5":"5","94":"5","95":"5","J7":"5","87":"5","C6":"5","84":"5","72":"5"},"G9":{"C8":"5","GQ":"5","GX":"5","JC":"5","53":"5","C7":"5"},"C4":{"XJ":"5","XM":"5","XP":"5","XQ":"5"}},"7M":{"XG":{"94":"5"},"WH":{"GC":"5"},"XW":{"HV":"4"},"W9":{"5M":"5","2C":"5"},"XP":{"MC":"5","89":"5","JF":"5"},"XH":{"QH":"5","WP":"5","MX":"5","VP":"5","XQ":"5"}},"H4":{"QG":{"9W":"5"},"2C":{"24":"4"},"25":{"CM":"5"}},"HM":{"32":{"46":"5"},"46":{"2J":"5","3J":"5","2M":"5","4J":"5"},"56":{"XX":"5"},"22":{"R9":"5","W7":"5","V4":"5","X8":"5"},"6H":{"HR":"5","GX":"5","GV":"5","CV":"5","FQ":"5","HX":"5","HV":"5"},"G2":{"33":"5"}},"HQ":{"P2":{"F8":"5"},"6H":{"R9":"5","M9":"5","WC":"5","PF":"5"},"MJ":{"4H":"5"}},"X3":{"RV":{"J5":"5","M5":"5","M4":"5","J4":"5"}},"69":{"3R":{"4G":"5","49":"5","48":"5","5C":"5"},"5G":{"7X":"5"},"4C":{"PV":"5"},"HH":{"RH":"5","WR":"5","RM":"5","WV":"5","XQ":"5"}},"86":{"4H":{"46":"5"},"PC":{"6W":"5"},"PF":{"J9":"5"},"VQ":{"FJ":"5"},"6R":{"67":"5","77":"5"}},"GC":{"8R":{"M7":"5","F6":"5"},"V7":{"88":"5","JF":"5"},"73":{"9F":"5"}},"78":{"34":{"9Q":"5"},"77":{"4W":"5","9C":"5","96":"5","G5":"5","HJ":"5","V7":"5","86":"5","H6":"5","HM":"5","P8":"5"},"2G":{"7X":"5"},"76":{"JQ":"5"},"XV":{"W2":"5"},"9M":{"5X":"5"},"97":{"JV":"5","JR":"5"},"CJ":{"8G":"5","GC":"5","FC":"5","F9":"5","HC":"5","G9":"5"},"H5":{"MC":"5","GC":"5","J9":"5"},"P5":{"96":"5","69":"5","85":"5"},"CF":{"7P":"5"},"2H":{"72":"5"}},"C5":{"VG":{"C8":"5"}},"3H":{"V8":{"F5":"5"},"H2":{"3R":"5","2R":"5","5Q":"5"},"X9":{"GP":"5","HQ":"5"},"J6":{"99":"5","P2":"5","98":"5"},"F3":{"8W":"5"},"Q8":{"MP":"4","FM":"5","FP":"5","8P":"5","8R":"5","7P":"5","8Q":"5","7R":"5","7Q":"5"},"XC":{"92":"5"},"G6":{"C8":"5","88":"5","RX":"4","89":"5","3G":"5","79":"5","98":"5"},"95":{"VJ":"5","RH":"5","RJ":"5","VH":"5","W9":"5"},"M7":{"7R":"5","9Q":"5"},"F6":{"XH":"4"},"82":{"RH":"5","QH":"5","74":"4","PH":"5"},"C5":{"3H":"5"},"G2":{"RG":"5","F3":"5","F4":"5","J7":"5"},"M5":{"6G":"5","5G":"5"},"94":{"G4":"5","F4":"5","G5":"5","F5":"5"}},"RG":{"HR":{"5W":"5","6W":"5","5V":"5","7V":"5","6R":"5","7R":"5","6V":"5","5R":"5"}},"FV":{"64":{"VF":"5"},"Q4":{"33":"5"},"47":{"3W":"5"},"69":{"Q2":"5"},"MG":{"XC":"5"},"PG":{"2G":"5","2C":"5"}},"7G":{"5P":{"FW":"5"},"F3":{"7F":"5"},"Q3":{"P5":"5"},"VM":{"J6":"5","J7":"5"},"J4":{"6C":"5"}},"GQ":{"9X":{"G8":"5"},"59":{"4V":"5"},"3X":{"W5":"5","9C":"5","C9":"5","H8":"5","G8":"5","FX":"5","2Q":"5","X5":"5","84":"5","95":"5","M7":"5","7C":"5","6F":"5","F9":"5","99":"5","94":"5","8C":"5"},"49":{"QP":"5"},"3W":{"H6":"5"},"4X":{"C8":"5","XH":"5","F9":"5","3F":"5","77":"5","26":"5","57":"5","G9":"5","36":"5","JC":"5","98":"5","QF":"5","C9":"5","25":"5","RF":"5","4H":"5","HC":"5","WG":"5","46":"5","RG":"5"},"GQ":{"M2":"5"},"5X":{"GQ":"5","4J":"5","7M":"5","XW":"5","3J":"5","8M":"5","VW":"5","QV":"5","6J":"5","5J":"5","9P":"5","2H":"5"},"6X":{"2X":"5"},"5G":{"G3":"5","G2":"5"},"83":{"3C":"5"},"6W":{"VH":"5","X9":"5"},"2Q":{"RX":"5"},"4C":{"R2":"5"},"42":{"F8":"5","F6":"5","G7":"5"},"RQ":{"22":"5"},"84":{"P5":"5"},"9W":{"7W":"5"},"3R":{"48":"5","58":"5"},"VM":{"MH":"5","MG":"5"},"CC":{"FP":"5"},"6V":{"G5":"5"},"HP":{"HW":"5"},"6M":{"RR":"5"}},"2C":{"RM":{"QF":"5"},"6V":{"P2":"5","G6":"5"},"29":{"PH":"5"},"3P":{"3F":"4"},"9F":{"XX":"5"},"GR":{"GX":"5"},"RV":{"J7":"5","H4":"5"},"J3":{"32":"5"},"R9":{"R9":"5"},"VM":{"RG":"5"},"GP":{"8G":"5"},"4R":{"XX":"5","7R":"5"},"8V":{"C8":"5","GQ":"5","88":"5","2C":"5","GR":"5"},"8R":{"XG":"5","XH":"5"},"RF":{"QX":"5","4W":"5","HJ":"5","9V":"5","9X":"5","HV":"5","MP":"5","CX":"5","VR":"5","HH":"5","WR":"5","JV":"5","HW":"5","XJ":"5","GJ":"5"},"PF":{"PX":"5","2X":"5","RP":"5","W9":"5","XP":"5"},"8M":{"6H":"5"},"RP":{"G5":"5"},"GH":{"6M":"5"},"9R":{"JM":"5"},"VQ":{"4X":"5","9W":"5","58":"5"},"XW":{"GC":"5","HC":"5"},"RG":{"J5":"5","M6":"5","92":"5","M5":"5","C2":"5"},"JV":{"FQ":"5"},"VR":{"22":"5"},"PM":{"H5":"5"},"CR":{"3Q":"5","8R":"5","5Q":"5"},"QX":{"5J":"5"},"HF":{"8Q":"5"},"WP":{"FV":"5","WQ":"5","QQ":"5","RQ":"5"},"3V":{"2X":"5","V5":"5","F6":"5","C6":"5"},"VW":{"P6":"5","R8":"5"},"MR":{"PM":"5"},"QF":{"PX":"5"},"9X":{"8Q":"5"},"CW":{"76":"5","77":"5"},"H3":{"X4":"5"},"WC":{"9R":"5"},"5P":{"2H":"5"},"2P":{"2J":"4"},"F2":{"XJ":"5","M7":"5"},"27":{"RG":"5","QG":"5","QF":"5"},"QH":{"P7":"5","5Q":"5"},"QP":{"R7":"5","PG":"5"},"3F":{"P2":"5"},"2Q":{"4J":"5"},"5R":{"PQ":"5"},"34":{"52":"5","62":"5"},"8W":{"CR":"5"},"9J":{"63":"5","73":"5"},"R4":{"V8":"5"},"RQ":{"VX":"5","HW":"5","8W":"5","57":"5","RQ":"5"},"WQ":{"8J":"5"},"WJ":{"FW":"5"},"3R":{"HG":"5","H9":"5","8C":"5"},"PR":{"Q3":"5"},"RR":{"H8":"5","X3":"5","8F":"5","JF":"5","JR":"5","MR":"5","87":"5","G6":"5","HR":"5","MV":"5","JG":"5","JC":"5","H7":"5","GF":"5","J6":"5","MH":"5","J7":"5","68":"5","G5":"5","QW":"5","R9":"5","H9":"5"},"VF":{"QG":"5"},"QM":{"77":"5","C4":"5"},"2R":{"37":"5","MF":"5","FG":"5","58":"5"},"VP":{"8C":"5"},"J5":{"PM":"5"},"8G":{"9W":"5","3V":"5","9X":"5","3W":"5"},"RH":{"F6":"5"},"2W":{"3M":"5","3J":"5","X4":"5"},"QR":{"9R":"5","9V":"5"},"6R":{"3V":"5","4W":"5"},"3W":{"CW":"5","27":"5","26":"5"}},"WV":{"MV":{"9F":"5"}},"JX":{"5J":{"5X":"5"}},"H8":{"FV":{"94":"5"}},"CQ":{"XQ":{"JC":"5"},"9C":{"C2":"5"},"VX":{"RH":"5"},"23":{"C7":"5"},"3P":{"QV":"5"},"7M":{"7X":"5"},"F3":{"PW":"5","GM":"5"},"VP":{"CQ":"5","8V":"5","8Q":"5","7R":"5"},"72":{"P9":"5","J6":"5"},"VR":{"Q8":"5"},"F4":{"J2":"5"},"3R":{"35":"5"}},"QM":{"W9":{"69":"5"}},"9Q":{"QW":{"FM":"5","FP":"5","CM":"5"},"P3":{"67":"5","28":"5"},"FW":{"G4":"5","R4":"5","Q3":"5","H8":"5","W8":"5"},"C2":{"MX":"5"},"FR":{"4H":"5","2V":"5","28":"5","5C":"5","2R":"5","6C":"5"},"FV":{"MR":"5"},"Q5":{"74":"5"},"WH":{"C6":"5"},"FX":{"GW":"5"},"GH":{"W8":"5"},"P4":{"PP":"5","8H":"5","9P":"5","JP":"5","9G":"5"},"84":{"9Q":"5"},"F3":{"QW":"5"},"GW":{"27":"5"},"9R":{"3X":"5"},"G7":{"F2":"5"},"7V":{"F8":"5"},"CW":{"6C":"5"},"8M":{"8G":"5","8H":"5","HP":"5","GP":"5"},"HM":{"2X":"5"},"JV":{"8V":"5","8Q":"5"},"2M":{"5V":"5"},"CR":{"QV":"5"},"2P":{"83":"5"},"6X":{"29":"5"},"C3":{"MC":"5"},"79":{"73":"5"}},"JH":{"XM":{"CR":"5"},"79":{"G4":"5","CF":"5","H5":"5","5G":"5"}},"MQ":{"8J":{"4R":"5"}},"VC":{"49":{"C8":"5","CC":"5","9C":"5"}},"FW":{"R9":{"XG":"5"},"RM":{"XV":"5","XR":"5"},"FV":{"XC":"5"},"8X":{"W4":"5"},"83":{"WQ":"5"},"9V":{"99":"5","89":"5"},"F3":{"GV":"5","FW":"5"},"JM":{"P7":"5"},"5W":{"PG":"5"},"5V":{"2J":"5"},"GG":{"WR":"5"},"HM":{"V2":"5"},"F5":{"2V":"5"},"7R":{"P6":"5"},"9Q":{"7W":"5","RV":"5"}},"R9":{"CP":{"QM":"5","VH":"5"}},"HH":{"2Q":{"X7":"5"},"C8":{"42":"5","34":"5"},"9R":{"54":"5","75":"5","43":"5","85":"5"},"8R":{"X9":"5"},"C7":{"3X":"5","6R":"5"},"5V":{"65":"5"},"9Q":{"8V":"5"},"98":{"PC":"5","WC":"5","X5":"5","W2":"5"},"VW":{"78":"5","47":"5","53":"5","66":"5","65":"5"}},"38":{"99":{"5R":"5","3V":"5","3P":"5","2W":"5","3Q":"5","4Q":"5","6V":"5","4V":"5"},"J3":{"6X":"5","6M":"5","6P":"5"},"H3":{"XP":"5"},"W9":{"VM":"5"},"9W":{"94":"5"},"9C":{"63":"5","34":"5"},"PF":{"PX":"5"},"5V":{"JW":"5"},"PG":{"P2":"5"},"79":{"G7":"5"}},"54":{"4X":{"G8":"5","6G":"5","5G":"5"},"X5":{"G4":"5"},"8V":{"M8":"5","J3":"5","H8":"5"}},"H9":{"69":{"5H":"5"},"QX":{"H8":"5"}},"43":{"PM":{"CF":"5"},"H2":{"HR":"5","62":"5","5F":"5","3C":"5","3F":"5","HV":"5"},"H3":{"3P":"5","4P":"5"},"JP":{"M2":"5"},"G5":{"M3":"5","R9":"5","RH":"5","M4":"5","C9":"5","VH":"5","QG":"5","Q4":"5","Q5":"5","QH":"5","HJ":"5","RC":"5","2F":"5","RG":"5","Q7":"5","P6":"5","J9":"5","RJ":"5","H5":"5","M6":"5","P5":"5","P8":"5","3X":"5","MH":"5","G2":"5","29":"5","JJ":"5","79":"5","GV":"5"},"G8":{"QP":"5"},"PC":{"6J":"5"},"G4":{"GX":"5","GV":"5","9W":"5","GW":"5"},"P2":{"R7":"5","RC":"5","QQ":"5"},"H6":{"38":"5"},"G6":{"89":"5","QJ":"5"},"F5":{"RP":"5"},"FC":{"RV":"5"},"G2":{"XC":"5","R7":"5","HF":"5","X4":"5","X7":"5"},"JF":{"GQ":"5"},"V2":{"MJ":"5"}},"48":{"R9":{"9C":"5"},"RQ":{"33":"5"},"J6":{"HV":"5"},"H3":{"C2":"5"},"R7":{"HM":"5","GP":"5"},"G3":{"V8":"5"},"WM":{"MP":"5","JP":"5"},"46":{"VG":"5","XF":"5"},"QM":{"GQ":"5"}},"R3":{"F5":{"4Q":"5"}},"MF":{"2H":{"X3":"5"}},"RX":{"PJ":{"VP":"5"},"HH":{"59":"5"}},"22":{"V9":{"J2":"5","44":"5","F5":"5"},"J2":{"RH":"5"},"35":{"RF":"5","QJ":"5"},"R8":{"QR":"5"},"QC":{"25":"4"},"VP":{"6Q":"5"}},"75":{"8G":{"8J":"5","GX":"5"},"CH":{"7X":"5"},"H4":{"42":"5"}},"53":{"4M":{"VV":"5","VW":"5"},"RV":{"74":"5","G3":"5"},"Q9":{"4C":"5"},"RR":{"8G":"5","82":"5","8H":"5","68":"5","9P":"5"},"4P":{"86":"5"}},"4G":{"M8":{"H5":"5"},"X9":{"5Q":"5"},"V2":{"P3":"5"},"QR":{"WX":"5"},"9V":{"4P":"5"},"8Q":{"9H":"5"},"R6":{"42":"5"},"XC":{"M2":"5"},"XP":{"VV":"5"},"24":{"WG":"5"},"8X":{"CV":"5"},"8R":{"HX":"5"},"J8":{"VG":"5"},"Q9":{"M3":"5","RF":"5"},"WF":{"WP":"5","WM":"5","VM":"5"},"M7":{"62":"5"},"VX":{"92":"5"},"Q8":{"PX":"5"},"P6":{"78":"5"},"R9":{"4V":"5","4R":"5"},"GH":{"4G":"5"},"H9":{"MR":"5","MQ":"5"}},"6C":{"HG":{"WQ":"5"},"JG":{"HG":"5","8J":"5","CG":"5","47":"5","9C":"5","4M":"5","FG":"5","5Q":"5"},"CG":{"Q6":"5"},"WP":{"J4":"5"},"CW":{"FH":"5","G9":"5"},"PF":{"8M":"5"},"MJ":{"45":"5"}},"62":{"7V":{"FW":"5","9V":"5"}},"57":{"96":{"P9":"5"},"C7":{"H8":"5"},"Q9":{"8W":"5"}},"6F":{"F8":{"RQ":"5","PQ":"5","JQ":"5","JM":"5","VP":"5","MQ":"5","WM":"5","HP":"5","MV":"5"},"VR":{"GV":"5","FV":"5","WR":"5","GW":"5"},"G8":{"6G":"5","PV":"5","7W":"5","3X":"5","HJ":"5","MQ":"5","GP":"5","HM":"5","3W":"5","QR":"5","4V":"5","9V":"5","CW":"5","5G":"5","JQ":"5","GX":"5","8X":"5","PH":"5","2X":"5","RR":"5","PW":"5","PX":"5","GV":"5","FX":"5","7H":"5"},"GP":{"23":"5"},"Q2":{"V7":"5","PF":"5"},"X4":{"RX":"5"},"WR":{"4X":"5","2R":"5","3W":"5"},"4J":{"F7":"5","G8":"5"},"WV":{"33":"5"},"G9":{"25":"5","56":"5","M4":"5","Q4":"5","83":"5","92":"5","84":"5","JG":"5","C4":"5","57":"5","MG":"5","F5":"5","82":"5","J2":"5","93":"5","J8":"5","C3":"5"}},"X2":{"W9":{"47":"5","48":"5","57":"5","58":"5"}},"M5":{"P9":{"X9":"5"},"H8":{"VJ":"5"}},"RC":{"R8":{"46":"5","6F":"5","7F":"5","7C":"5","45":"5","36":"5","6C":"5"},"W7":{"V9":"5","W9":"5","WC":"5","VC":"5"},"H6":{"78":"5","88":"5","PJ":"5","RJ":"5","77":"5","PH":"5","87":"5","RM":"5","98":"5","97":"5"}},"FF":{"J8":{"Q4":"5","R3":"5"},"WM":{"G8":"5","G6":"5","F4":"5"},"W3":{"34":"5"},"PQ":{"63":"5"},"Q3":{"JG":"5","MC":"5"},"FG":{"84":"5"},"VF":{"GQ":"5"},"R3":{"5G":"5","5F":"5"},"H6":{"MP":"5","GQ":"5","MQ":"5","VP":"5"}},"P4":{"WR":{"MC":"5","PC":"5"}},"36":{"RP":{"8J":"5"}},"49":{"R9":{"XH":"5"},"PM":{"G5":"5"},"X9":{"5R":"5"},"8P":{"WM":"5","57":"5"},"Q9":{"64":"5"},"V7":{"QR":"5"},"W3":{"J5":"5"},"72":{"74":"5","83":"5"},"V9":{"WP":"5","6X":"5","VP":"5"},"95":{"M5":"5"},"WG":{"GV":"5","GR":"5"},"2X":{"W9":"5","WC":"5"},"P8":{"R8":"5","Q8":"5","X7":"5"},"9P":{"8G":"5","4H":"5","5H":"5","8M":"5","7P":"5"},"W9":{"2M":"5","MJ":"5","6P":"5"}},"MG":{"8G":{"V5":"5"},"54":{"J2":"5"},"9M":{"4V":"5"},"63":{"2J":"5"},"8P":{"HJ":"5","PQ":"5","9V":"5","8Q":"5","9Q":"5"},"XW":{"J8":"5"},"8R":{"8J":"5"},"CP":{"29":"5"},"8V":{"9H":"5"},"7Q":{"QC":"5"}},"XH":{"88":{"QF":"5"},"R4":{"HP":"5"},"RJ":{"5P":"5"},"V5":{"82":"5"},"RM":{"78":"5","88":"5","29":"5","89":"5","77":"5","79":"5","9Q":"5","98":"5"},"MM":{"MQ":"5"}},"P7":{"FM":{"5P":"5"},"23":{"6C":"5"}},"MM":{"P7":{"Q6":"5"}},"96":{"C8":{"P2":"5","C6":"5"},"R4":{"XJ":"5"},"F7":{"88":"5","7G":"5","69":"5","G7":"5","WJ":"5","7C":"5","58":"5","6C":"5","79":"5"},"C7":{"RR":"5","VP":"5"},"G6":{"GW":"5"},"V4":{"2J":"5"}},"55":{"3Q":{"8G":"5"},"W5":{"36":"5"},"RJ":{"5H":"5","3M":"5"},"45":{"72":"5"},"GH":{"WW":"5"},"C4":{"3X":"5"}},"28":{"56":{"5J":"5"},"95":{"95":"5","VW":"5"},"76":{"XG":"5","X5":"5","XH":"5"},"QG":{"3M":"5"},"C6":{"78":"5"},"GG":{"XJ":"5","WR":"5","HH":"5","RM":"5","R3":"5"},"7M":{"F4":"5"},"F4":{"6W":"5"},"8F":{"WF":"5","WC":"5"},"6F":{"W7":"5"},"77":{"QM":"5","VJ":"5","HM":"5","JM":"5","FG":"5","PM":"5"},"W5":{"G6":"5","6M":"5"},"88":{"HM":"5","H8":"5"},"8G":{"HG":"5"},"87":{"26":"5"},"CF":{"2C":"5"},"7C":{"99":"5","GC":"5","9W":"5","JP":"5","QC":"5"},"89":{"4R":"5","4C":"5"},"JG":{"55":"5"},"75":{"WC":"5","V3":"5"},"JM":{"VH":"5","WJ":"5"},"79":{"M8":"5","M9":"5"},"9H":{"M3":"5","Q3":"5"},"9G":{"PX":"5"},"8V":{"66":"5"},"WR":{"86":"5"},"78":{"W5":"5","X4":"5"},"9C":{"47":"5","48":"5"},"8P":{"6J":"5"},"7F":{"H2":"5","G2":"5"},"MH":{"66":"5"},"85":{"JW":"5","9Q":"5","5R":"5","FQ":"5","7W":"5","4V":"5","FR":"5","9V":"5","5W":"5","3V":"5","7C":"5","8Q":"5","CW":"5","3M":"5","5X":"5","7V":"5","7R":"5","6X":"5","CR":"5","9R":"5","6W":"5","CV":"5","8V":"5","HW":"5","5V":"5","8R":"5","4W":"5","7F":"5","4R":"5","6R":"5","6V":"5","CQ":"5","8W":"5","6M":"5"},"8J":{"62":"5"},"FC":{"HQ":"5","P7":"5"},"8C":{"R3":"5"},"C4":{"WQ":"5"},"47":{"79":"5"},"86":{"4W":"5","2J":"5","56":"5","2G":"5","2C":"5","3F":"5","2F":"5","3J":"5","3H":"5","J2":"5","3G":"5","65":"5","2H":"5"}},"MW":{"JM":{"QM":"5","PM":"5"},"HX":{"9W":"5"}},"JQ":{"M3":{"HF":"5"},"GX":{"MR":"5","PR":"5","PQ":"5","MQ":"5"},"Q5":{"WH":"5","VH":"5"},"4C":{"6G":"5"},"6R":{"WF":"5"}},"F7":{"C8":{"M8":"5"},"6F":{"PC":"5"},"H9":{"24":"5","2H":"5"},"GC":{"WG":"5"},"F9":{"WV":"5"},"QC":{"F6":"5"},"H8":{"3H":"5"},"G9":{"XJ":"5","PP":"5","WH":"5","M7":"5","PR":"5","WJ":"5","JJ":"5","QQ":"5","XH":"5"}},"68":{"P2":{"X6":"5","X7":"5"},"HR":{"H9":"5"},"W4":{"RC":"5"},"3G":{"MG":"5"}},"GX":{"4J":{"M8":"5"},"3C":{"72":"5"},"X7":{"Q8":"5"},"39":{"8W":"5","6X":"5","7X":"5"},"JW":{"FV":"5"},"F5":{"8J":"5"},"3H":{"8W":"5"},"5J":{"CJ":"5","9J":"5"},"HW":{"QM":"5","VJ":"5","RP":"5","QP":"5","PM":"5"},"F9":{"8C":"5"},"G2":{"5M":"5"},"3G":{"MR":"5"},"5M":{"H8":"5"}},"52":{"FM":{"75":"5"},"RX":{"64":"5"}},"C4":{"74":{"X7":"5"},"W5":{"44":"4"},"X4":{"7H":"5","7J":"5"},"84":{"26":"5","36":"5","25":"4"}},"24":{"8W":{"XC":"5","W9":"5"},"7W":{"P7":"5"},"6W":{"RC":"5"},"7V":{"QH":"5"}},"4F":{"87":{"J5":"5","H5":"5","J4":"5","H4":"5"},"R6":{"2P":"5"},"76":{"FJ":"5"},"R5":{"Q4":"5"},"2W":{"JG":"5"},"F3":{"MJ":"5"},"5J":{"4G":"5"},"6M":{"5V":"5"},"G2":{"69":"5","6C":"5"},"46":{"2Q":"5"},"5M":{"QG":"5","QW":"5","MF":"5","92":"5","PF":"5","MG":"5","PG":"5"}},"8P":{"P8":{"V5":"5"},"W7":{"2R":"5"},"V6":{"CP":"5","67":"5"},"R5":{"VV":"5"},"X9":{"FC":"5"},"Q3":{"HJ":"5"},"FW":{"5M":"5","6M":"5"},"XG":{"39":"5"},"H5":{"96":"5","GC":"5","FC":"5","92":"5","F9":"5","W2":"5"},"QM":{"HR":"5","GQ":"5","HQ":"5","JR":"5"},"98":{"M2":"5"},"V7":{"QR":"5"},"XC":{"CW":"5","P8":"5","HX":"5","6Q":"5","HQ":"5"},"69":{"8G":"5","6G":"5"},"M2":{"XH":"5"},"HW":{"8J":"5","8H":"5","3M":"5","9J":"5","6J":"5"},"5J":{"QM":"5","F8":"5","HF":"5","XP":"5","GM":"5"},"6J":{"CR":"5"},"XF":{"73":"5","R3":"5"},"68":{"G4":"5"},"G5":{"HF":"5","XV":"5","9V":"5","XH":"5"},"M7":{"PH":"5"},"H4":{"MR":"5","PW":"5","PR":"5"},"R4":{"H7":"5","96":"5","J8":"5","77":"5","H8":"5","J7":"5","4J":"5"},"Q4":{"V9":"5","GQ":"5","QR":"5","W9":"5","HQ":"5"},"5H":{"HR":"5","GP":"5"},"GW":{"HG":"5","WM":"5"},"47":{"QW":"4"}},"74":{"2M":{"QX":"5"}},"29":{"XP":{"43":"5"},"2J":{"MP":"5","8H":"5","9C":"5","7C":"5","4C":"5","6C":"5","79":"5"},"9G":{"P7":"5"},"QG":{"X3":"5"},"8H":{"QX":"5"},"22":{"27":"5"},"9R":{"Q4":"5","V5":"5","Q5":"5"},"CV":{"54":"5"},"85":{"PV":"5","PR":"5"},"HW":{"47":"5"},"7F":{"GW":"5"},"7H":{"FP":"5","PC":"5","QC":"5","XQ":"5"}},"76":{"G8":{"48":"5"}},"WJ":{"77":{"RV":"5"}},"JG":{"7V":{"8H":"5"}},"JV":{"8F":{"2P":"5"},"5W":{"4F":"5","2C":"5","3C":"5","4C":"5"},"44":{"VV":"5"}},"P5":{"4W":{"PF":"5"},"9V":{"RW":"5","MV":"5","MR":"5","9M":"5","3R":"5","HH":"5"},"8R":{"WF":"5"},"9X":{"Q8":"5","Q7":"5"},"CW":{"CQ":"5","35":"5","47":"5","GG":"5","26":"5","85":"5"},"9W":{"2X":"5","WF":"5","X6":"5","PG":"5"},"CV":{"CV":"5"},"7X":{"X5":"5"},"GR":{"WM":"5","WJ":"5"}},"58":{"69":{"J6":"5"},"4F":{"3W":"5"},"HF":{"2R":"5"},"9F":{"XG":"5","WM":"5"},"2F":{"49":"5"},"WW":{"MR":"5"},"FM":{"88":"5"},"GG":{"W4":"5"},"VR":{"8G":"5"},"WR":{"8R":"5"},"29":{"H6":"5"},"7F":{"FM":"5","CJ":"5"},"P9":{"X6":"5"}},"CC":{"XQ":{"CV":"5"},"4H":{"RV":"5"},"4J":{"X5":"5"},"GH":{"49":"5"},"44":{"FX":"5","9X":"5"},"CJ":{"PX":"5","QX":"5"},"52":{"88":"5"},"45":{"45":"5","F4":"5","55":"5"},"47":{"59":"5"},"FH":{"R8":"5","P8":"5","Q8":"5","X8":"5"},"7X":{"CQ":"5","MP":"5","HJ":"5","PQ":"5","JM":"5"},"28":{"7W":"5"}},"VW":{"MR":{"3H":"5"},"5M":{"V9":"5"},"3R":{"CX":"5"},"4M":{"4H":"5","FM":"5","FJ":"5","6J":"5"},"3M":{"M8":"5","XG":"5"},"9J":{"GF":"5"},"9F":{"WJ":"5"}},"6H":{"M3":{"7R":"5"},"Q6":{"9C":"5"},"PM":{"29":"5"},"C9":{"WF":"5"},"H8":{"33":"5"},"G5":{"C8":"5","G8":"5"},"8H":{"P2":"5","P3":"5"},"G9":{"4R":"4","98":"4"},"92":{"8F":"5"},"H7":{"CQ":"5","9M":"5","88":"5","9Q":"5"},"CP":{"PP":"4","QJ":"4"},"G4":{"7W":"5"},"GP":{"55":"4"},"CG":{"3P":"5"},"22":{"9P":"5"},"XW":{"HJ":"5"},"FM":{"QQ":"5"},"7Q":{"M3":"4"},"C4":{"G7":"5"},"7G":{"PC":"5","Q9":"5"},"FP":{"G2":"4"},"4C":{"C5":"5","9J":"5","6Q":"5","7J":"5"},"FF":{"VJ":"5","MV":"5","MX":"4","WM":"5","JV":"5","JW":"5","VM":"5","HV":"5"}},"8H":{"37":{"FW":"5"},"XX":{"QR":"5","HQ":"5"},"8X":{"CM":"5"},"V3":{"WF":"5"},"9V":{"FV":"5"},"W3":{"2F":"5","2H":"5"},"CX":{"63":"5","73":"5","GM":"5","HH":"5","39":"5","RQ":"5"},"CW":{"4X":"5","5W":"5","4M":"5","5X":"5"},"24":{"M6":"5","M5":"5"},"4X":{"9W":"5","CX":"5"},"XM":{"WW":"5"}},"RV":{"XC":{"X5":"5"},"67":{"HR":"5","JP":"5"},"5J":{"52":"5","84":"5"},"X7":{"PR":"5"},"X8":{"Q4":"5","J3":"5"}},"MR":{"64":{"W9":"5"}},"HX":{"7J":{"M3":"5"}},"5F":{"GQ":{"4V":"5","Q9":"5"},"47":{"9G":"5"},"62":{"6R":"5"},"RP":{"HR":"5"},"WQ":{"J2":"5"},"2H":{"RM":"5","QJ":"5"},"66":{"58":"5"},"VP":{"GC":"5"}},"W4":{"PF":{"XR":"5","WR":"5"}},"9M":{"3P":{"CG":"5"},"9F":{"J8":"5"},"J3":{"J4":"5"},"X2":{"4G":"5","5G":"5"},"W2":{"V8":"5","RP":"5","Q5":"5","RC":"5","RG":"5","W7":"5","V7":"5","P6":"5","RJ":"5","H5":"5","MG":"5","RF":"5","QM":"5","W9":"5"},"G9":{"68":"5","HC":"5"},"RF":{"G8":"5","FG":"5","CJ":"5"},"CF":{"F9":"5"},"C8":{"55":"5"},"GX":{"FW":"5"},"68":{"QF":"5","FP":"5"},"VC":{"2R":"5"},"32":{"38":"5","27":"5"},"HM":{"62":"5"},"3V":{"H4":"5"},"97":{"JP":"5"},"88":{"68":"5"},"R6":{"4J":"5"},"P9":{"8V":"5"},"MM":{"M8":"5","MC":"5","M9":"5"},"H4":{"FP":"5"},"77":{"MX":"5"},"R2":{"X9":"5"},"4Q":{"62":"5","CH":"5"},"PJ":{"FG":"5"},"78":{"6F":"5"},"6C":{"4M":"5"},"HJ":{"7X":"5"},"MV":{"9C":"5","6M":"5"},"HC":{"8F":"5","5F":"5"},"H5":{"49":"5","69":"5","9C":"5","6C":"5","7J":"5","4F":"5","C9":"5","JH":"5","39":"5","GF":"5","5H":"5","9F":"5","6H":"5","CG":"5","H6":"5","CH":"5","GG":"5","MG":"5","CC":"5","6F":"5","88":"5","FC":"5","F9":"5","CF":"5","FF":"5","FG":"5","3G":"5","99":"5","7F":"5","C7":"5","8C":"5","98":"5","7H":"5"},"22":{"XC":"5","J2":"5","RG":"5","G3":"5"},"6X":{"8C":"5"},"GV":{"J5":"5"},"42":{"6C":"5"},"72":{"V7":"5","W4":"5"},"52":{"53":"5"}},"CR":{"Q6":{"W6":"5","RH":"5","RG":"5","QG":"5","QH":"5","W5":"5","QJ":"5"},"4P":{"WP":"5","VP":"5"},"7J":{"2Q":"5","8J":"5","3W":"5"},"4M":{"QR":"5"},"GC":{"VX":"5","WW":"5"},"9V":{"MF":"5"},"6J":{"VX":"5","WX":"5"},"6M":{"R4":"5","M7":"5","F7":"5","W3":"5","V4":"5"},"R2":{"8G":"5","6F":"5","FH":"5","6G":"5","7F":"5","FG":"5"}},"FX":{"PP":{"33":"5","V3":"5","V4":"5","45":"5"},"PM":{"77":"5","43":"5","JH":"5","RW":"5","6P":"5","23":"5","9M":"5","78":"5","5H":"5","63":"5","7P":"5","59":"5","CM":"5","9J":"5","HV":"5","JW":"5","GG":"5","6G":"5","5J":"5","3M":"5","FG":"5","C7":"5","2H":"5"},"63":{"JX":"5"},"MJ":{"QW":"5","VQ":"5"},"XH":{"XQ":"5"},"RJ":{"98":"5"},"QG":{"R9":"5","X9":"5"},"48":{"X8":"4"},"RC":{"9H":"5"},"FW":{"MM":"4"},"VC":{"86":"5"},"8G":{"J3":"5","P3":"5","WC":"5","J4":"5"},"VF":{"XC":"5","XG":"5","XF":"5","X9":"5"},"36":{"W9":"5"},"74":{"99":"5"},"QF":{"X4":"5"},"WR":{"R5":"5"},"MP":{"M3":"5","95":"5","96":"5","C6":"5","F4":"4","97":"5","W5":"5","Q6":"5","G9":"4","MV":"4","74":"5","R6":"5","XC":"5","94":"5","C5":"5","P2":"5","84":"5","RR":"4","85":"5","M4":"5","G7":"5","C7":"5","C4":"5","86":"5"},"J8":{"QQ":"5"},"P3":{"XW":"5"},"VH":{"76":"5"},"MH":{"4X":"5"},"MM":{"VV":"5","Q3":"5","PM":"5","H9":"5","M4":"5","H8":"5","JP":"5","PH":"5","G8":"5","PQ":"5","RW":"5","J7":"5","VJ":"5","QH":"5","H7":"5","78":"5","PG":"5","F3":"5","F8":"5","P2":"5","J9":"5","RJ":"5","MP":"5","JW":"5","VR":"5","M7":"5","P5":"5","WR":"5","RV":"5","X2":"5","GX":"5","WM":"5","PF":"5","P7":"5","MM":"5","WV":"5","MJ":"5","R2":"5","MF":"5","JF":"5","V2":"5"},"8J":{"75":"4"},"WF":{"2G":"5","2F":"5","2C":"5","29":"5"},"P6":{"77":"5"},"46":{"6H":"5"}},"9P":{"56":{"64":"5"},"GM":{"JC":"5"},"5R":{"J3":"5","P5":"5","H4":"5"},"C6":{"X9":"5"},"5P":{"5X":"5"},"6Q":{"2V":"5","5M":"5","6H":"5"},"HM":{"34":"5"},"77":{"FC":"5"},"F2":{"VR":"5","9W":"5","6X":"5","QV":"5"},"VV":{"G9":"5"},"7G":{"WH":"5"},"87":{"Q4":"5"},"H5":{"XX":"5"},"P7":{"VX":"5"},"7V":{"2V":"5","8M":"5","9C":"5"},"79":{"RJ":"5"},"9R":{"MH":"5"},"GX":{"PX":"5","HW":"5","MX":"5","MW":"5","JX":"5","JW":"5","QX":"5"},"69":{"VR":"5","WQ":"5","VQ":"5","WR":"5"},"HH":{"P2":"5"},"8X":{"QX":"5"},"Q2":{"H8":"5"},"C5":{"P8":"5","JX":"5","MQ":"5","PH":"5"},"C9":{"76":"5","53":"5"},"J6":{"XC":"5"},"HG":{"FR":"5","GX":"5","FW":"5","F5":"5","GW":"5"},"25":{"R6":"5"},"7F":{"2Q":"5"},"MH":{"JH":"5"},"F6":{"29":"5"},"6R":{"86":"5"},"67":{"X5":"5"},"6V":{"WV":"5"},"4Q":{"R8":"5"},"C7":{"7G":"5","CJ":"5"},"5Q":{"6G":"5"},"7H":{"Q5":"5","MJ":"5","MM":"5"},"2C":{"4M":"5"}},"2F":{"9F":{"3Q":"5"},"2V":{"88":"5","FG":"5","5V":"4"},"J5":{"PP":"5","Q4":"5","QF":"5","R4":"5","6J":"5"},"M8":{"H9":"5","MC":"5"},"96":{"38":"5","28":"5","55":"5","39":"5"},"W2":{"PJ":"5","HF":"5"},"3Q":{"C2":"5"},"C3":{"6V":"5"},"3W":{"X7":"5"},"92":{"6G":"5","P9":"5"},"2R":{"46":"5"},"F5":{"67":"5"},"5X":{"V6":"5","R6":"5"},"J4":{"7G":"5"},"6X":{"JJ":"5"},"C5":{"2P":"5"},"J6":{"P3":"5"},"HC":{"28":"5","5C":"5","6C":"5","39":"5"},"F6":{"PC":"5"},"R2":{"33":"5","36":"5"},"VX":{"49":"5"},"4P":{"7F":"5","2M":"5"},"G7":{"46":"5","55":"5"}},"9H":{"4H":{"J5":"5","G4":"5","C3":"5","X7":"5","H4":"5","X8":"5"},"GF":{"82":"5"},"VF":{"2G":"5"},"M6":{"4F":"5","3F":"5"},"FC":{"XW":"5"},"6R":{"7W":"5"},"6V":{"5H":"5","5M":"5","6G":"5","5G":"5","6H":"5","58":"5","5J":"5","79":"5"},"CR":{"MQ":"5","JW":"5"},"PV":{"JJ":"5"},"4G":{"JQ":"5","53":"5","45":"5"}},"GP":{"Q2":{"MJ":"5"},"FX":{"RX":"5"},"QQ":{"CJ":"5"},"7P":{"CG":"5","8W":"5","7W":"5","6X":"5","7X":"5","4J":"5"},"MQ":{"97":"5"},"58":{"X7":"5"},"7X":{"RF":"5","MG":"5","JH":"5","FF":"5"},"6X":{"4H":"5"}},"CX":{"P2":{"2Q":"5","JR":"4"},"R4":{"Q4":"4"},"X5":{"XX":"4","QQ":"5"}},"8M":{"89":{"8Q":"5","7R":"5"},"5V":{"79":"5"},"4V":{"V8":"5","W7":"5","W8":"5"},"FM":{"J5":"5","J9":"5","F4":"5","9F":"5","5Q":"5"},"J4":{"FV":"5","GM":"5","9Q":"5","2V":"5","HJ":"5","GP":"5","7P":"5","HM":"5","GR":"5","FR":"5","3V":"5","GQ":"5","9P":"5","6P":"5","CR":"5","4M":"5","2X":"5","8P":"5","5M":"5","4R":"5","3R":"5","2W":"5","4Q":"5","4P":"5","GV":"5","CQ":"5","6M":"5"},"V2":{"MP":"5"},"5C":{"2F":"5","4F":"5"},"C8":{"VQ":"5","WH":"5","VJ":"5","XV":"5","7W":"5","8Q":"5","WW":"5","7V":"5","VR":"5","CC":"5","QV":"5","8W":"5","WJ":"5","8V":"5","82":"5","MJ":"5","FG":"5","C7":"5","98":"5","79":"5"},"H6":{"W6":"5","W5":"5","X3":"5","XW":"5","WW":"5","XM":"5","V7":"5","W3":"5","W9":"5","XV":"5","V8":"5","XP":"5","W7":"5","XR":"5","X4":"5","X5":"5","X8":"5","W8":"5","W2":"5","X2":"5","XQ":"5"},"G2":{"XR":"5","X8":"5"},"F6":{"6G":"5","5C":"5","HH":"5","79":"5"},"M7":{"99":"5","9C":"5"},"7M":{"V2":"5","V4":"5"},"M8":{"75":"5"},"H4":{"XX":"5","XW":"5","H5":"5","V7":"5"},"Q9":{"7F":"5"},"HM":{"XG":"5","XH":"5"},"3M":{"8G":"5","8F":"5","8C":"5","89":"5","P7":"4","5R":"4"},"2J":{"HR":"5","JC":"5","M9":"5","MW":"5","H7":"5","HJ":"5","JX":"5","JM":"5","J9":"5","M8":"5","CH":"5","G6":"5","JW":"5","XG":"5","J8":"5"},"GC":{"RJ":"5"},"2M":{"CP":"5","9Q":"5","5R":"5","J5":"5","M8":"5","FP":"5","FJ":"5","4V":"5","XG":"5","GJ":"5","XJ":"5","3V":"5","4X":"4","H2":"5","8Q":"5","9P":"5","J4":"5","7R":"5","6X":"5","XP":"5","XV":"4","J8":"5","HF":"5","J7":"5","J3":"5","R9":"5","GH":"5"},"3H":{"XC":"5","QH":"5","PJ":"5","VG":"5","WF":"5"},"6X":{"6C":"5"},"FV":{"V2":"5"},"CQ":{"84":"5"},"VC":{"MC":"5","M9":"5","P9":"5","PC":"5"},"6P":{"QC":"5"},"48":{"Q4":"5","J3":"5","93":"5","86":"5","F8":"5","H7":"5","P3":"5","Q2":"5","P5":"5","F5":"5","G6":"5","83":"5","F6":"5","M4":"5","C8":"5","G7":"5","C5":"5","85":"5","74":"5","M2":"5","76":"5","F3":"5","73":"5","96":"5","M3":"5","C3":"5","97":"5","J2":"5","G4":"5","M5":"5","P2":"5","C4":"5","H3":"5","H2":"5","F2":"5","H6":"5","J4":"5","G2":"5","Q3":"5","H4":"5","G3":"5","C7":"5","75":"5","82":"5","C2":"5","R2":"5","92":"5","F7":"5","J6":"5","V3":"5","G8":"5","F4":"5","M6":"5","H5":"5","J5":"5","V2":"5","P4":"5","G5":"5","94":"5","R3":"5","95":"5","J7":"5","87":"5","C6":"5","84":"5","72":"5"},"75":{"MJ":"5"},"4G":{"PP":"5","2W":"5"},"H3":{"3Q":"5","4M":"5","3P":"5","CX":"5","C6":"5","4Q":"5","3M":"5","6Q":"5","5Q":"5","4P":"5"},"6F":{"6V":"5"},"X2":{"68":"5","58":"5"},"QH":{"69":"5"},"RC":{"RJ":"5"},"P4":{"VJ":"5","F2":"5","W2":"5"},"G9":{"2X":"5","V7":"5"},"MW":{"PX":"5"},"F7":{"RH":"5"},"F4":{"WR":"5","WX":"5"},"3J":{"CM":"5","4C":"5"},"C9":{"V8":"5","R9":"5","W4":"5","X9":"5","V6":"5","Q4":"5","X7":"5","W7":"5","J3":"5","XC":"5","V7":"5","8R":"5","9R":"5","W6":"5","J4":"5","X6":"5","W9":"5"},"5R":{"9M":"5"},"74":{"3M":"5"},"Q6":{"VG":"5"},"CC":{"38":"5","6F":"5","37":"5","47":"5"},"8H":{"3Q":"5","3R":"5","34":"5"},"X5":{"R8":"5","V6":"5"},"9M":{"HM":"5"},"W2":{"XR":"5"},"CX":{"M7":"5","C6":"5"},"VJ":{"55":"5"},"98":{"JQ":"5","HP":"5","H2":"5","JP":"5","HQ":"5","85":"5"},"84":{"RV":"5"},"65":{"FW":"5"},"79":{"6X":"5"},"JM":{"38":"5","JQ":"5","MQ":"5"},"8C":{"2V":"5","4V":"5","2W":"5","4W":"5","3W":"5"},"J6":{"2G":"5","2J":"5","2F":"5","2C":"5","29":"5","22":"5","28":"5","2M":"5","2H":"5"},"GV":{"95":"5","G8":"5"},"7C":{"GV":"5"},"RJ":{"92":"5"},"9C":{"FR":"5","RG":"5","VG":"5","WF":"5","W9":"5","RF":"5","JV":"5","VF":"5","WC":"5","JW":"5","VC":"5"},"FJ":{"5M":"5","3H":"5","5J":"5","4J":"5"},"2Q":{"2P":"4"},"F8":{"7J":"5","VX":"5","7W":"5","7M":"5","Q7":"5","9J":"5","8W":"5","6J":"5","P7":"5","6M":"5"},"H5":{"X8":"5","XP":"5","V5":"5","XH":"5","W4":"5","X9":"5","V6":"5","XX":"5","X7":"5","WH":"5","V3":"5","W7":"5","W2":"5","XC":"5","V7":"5","XF":"5","V4":"5","WX":"5","WG":"5","X2":"5","XG":"5","XJ":"5","XM":"5","V2":"5"},"8F":{"V9":"5","QF":"5","R9":"5","WF":"5","R8":"5","V8":"5","VF":"5","HQ":"5"},"Q5":{"Q4":"5","P4":"5"},"JW":{"6R":"5"},"46":{"C5":"5","C6":"5"},"99":{"6H":"5"},"6M":{"J5":"5","FR":"5","CW":"5","9W":"5"},"FR":{"M9":"5","XP":"5","J9":"5","G6":"5","Q9":"5"},"R4":{"99":"5","4G":"5","H5":"5","68":"5","98":"5","C4":"5"},"7X":{"R6":"5"},"97":{"3X":"5","4W":"5","C4":"5"},"Q4":{"R5":"5"},"2P":{"72":"5","4V":"5"},"8J":{"54":"5","52":"5","MC":"5","62":"5","MF":"5","PC":"5","PF":"5","F5":"5"},"F5":{"H7":"5"},"VG":{"8Q":"5"},"87":{"MF":"5","PF":"5","MG":"5","PG":"5","4P":"5"},"FQ":{"8G":"5","FW":"5","RV":"5","VP":"5"},"9F":{"68":"5"},"C7":{"QH":"5","V8":"5","CX":"5","C9":"5","9X":"5","QJ":"5"},"5W":{"XG":"5"},"J5":{"2Q":"5","2V":"5","2X":"5","3X":"5","2R":"5","2P":"5","2W":"5","3W":"5"},"47":{"8W":"5","VP":"5","RW":"5","MH":"5","FM":"5","PQ":"5","VX":"5","GR":"5","RH":"5","7W":"5","GG":"5","CV":"5","CP":"5","HM":"5","RR":"5","HQ":"5","PP":"5","FV":"5","GQ":"5","WV":"5","QJ":"5","JX":"5","VR":"5","CQ":"5","QM":"5","9Q":"5","JH":"5","MQ":"5","FW":"5","HH":"5","RX":"5","7V":"5","QH":"5","MG":"5","MM":"5","MW":"5","JQ":"5","PW":"5","MX":"5","GX":"5","HW":"5","JJ":"5","8P":"5","7P":"5","JG":"5","JV":"5","VW":"5","RV":"5","MR":"5","HX":"5","9M":"5","CR":"5","7R":"5","FX":"5","9P":"5","9H":"5","CX":"5","8V":"5","GP":"5","8M":"5","RM":"5","9W":"5","9X":"5","VJ":"5","VQ":"5","HJ":"5","WR":"5","QX":"5","FG":"5","CJ":"5","JM":"5","GV":"5","9R":"5","9V":"5","GH":"5","RJ":"5","HR":"5","FJ":"5","VM":"5","PR":"5","FH":"5","QW":"5","QR":"5","JW":"5","MJ":"5","FR":"5","7X":"5","PM":"5","8R":"5","8J":"5","GJ":"5","8X":"5","9J":"5","HG":"5","MP":"5","WP":"5","PH":"5","WX":"5","VV":"5","FQ":"5","7Q":"5","HP":"5","8Q":"5","CM":"5","JP":"5","HV":"5","PX":"5","JR":"5","FP":"5","MV":"5","GM":"5","QQ":"5","GW":"5","WW":"5","RP":"5","CW":"5","WQ":"5","PV":"5","RQ":"5","CH":"5","QP":"5","PJ":"5","QV":"5"},"2H":{"2M":"5"},"MC":{"H4":"5"},"M4":{"P3":"5"},"4X":{"X8":"4"},"7H":{"PH":"5","RR":"5","PQ":"5","QP":"5","PJ":"5","JW":"5","HW":"5","MH":"5","PP":"5","MJ":"5"},"GW":{"RR":"5"},"F9":{"23":"5","28":"5","33":"5","27":"5","48":"5","2P":"5","44":"5","V2":"5","99":"5","53":"5","88":"5","26":"5","VC":"5","8G":"5","87":"5","57":"5","WC":"5","36":"5","37":"5","35":"5","45":"5","C9":"5","78":"5","9C":"5","25":"5","5M":"5","62":"5","CC":"5","VX":"5","46":"5","86":"5","47":"5"},"77":{"FV":"5","RQ":"5","VW":"5"},"CH":{"8R":"5"},"94":{"2X":"5"},"7F":{"J2":"5","93":"5","X6":"5","Q8":"5"},"G4":{"49":"5","3G":"5"},"C6":{"Q8":"5","4C":"5"},"4H":{"H9":"5","8H":"5","GC":"5","78":"5","8G":"5","HC":"5","FG":"5"},"2G":{"XW":"5"}},"9W":{"C2":{"44":"5","34":"5","33":"5"},"H2":{"QG":"5","PJ":"5"},"W4":{"7M":"5"},"J6":{"JM":"4","6J":"5"},"RP":{"WV":"4"},"H4":{"JQ":"5"},"H7":{"MP":"4"},"J5":{"QX":"5"},"F3":{"CG":"5"},"J3":{"35":"5"},"22":{"37":"5","47":"5"},"72":{"9H":"5","9G":"5"},"XW":{"6W":"5"},"C8":{"8W":"4"},"C4":{"M8":"4"},"57":{"CH":"4"},"MH":{"6H":"4"},"MJ":{"RV":"4"},"P9":{"VX":"5"}},"45":{"C8":{"72":"5","65":"5"},"QR":{"GW":"5"},"JX":{"QJ":"5"},"G7":{"9Q":"5"},"V6":{"5P":"5"},"WX":{"2Q":"5","4H":"5","3M":"5","3J":"5"},"MM":{"M9":"5","J9":"5"}},"9X":{"76":{"5F":"4"},"X3":{"38":"4"},"C3":{"6X":"4"},"W3":{"Q7":"4"},"65":{"CX":"4"},"X2":{"3M":"4","5X":"4"}},"QG":{"FR":{"8R":"5","GW":"5"},"XR":{"MC":"5"},"6C":{"PC":"5"}},"H2":{"MC":{"2X":"5"}},"HJ":{"7G":{"F6":"5"},"M6":{"3H":"5"}},"98":{"QM":{"22":"5"},"PP":{"2J":"5"},"9V":{"HW":"5"},"2R":{"24":"5"}},"84":{"PM":{"JF":"5"},"MW":{"3J":"5"},"GF":{"XM":"5"},"JX":{"X4":"5"},"GP":{"PM":"5"},"JG":{"74":"4"},"JW":{"WW":"5"},"HH":{"RH":"5","X3":"5","RP":"5","V5":"5","QC":"5","J7":"5"},"HP":{"6H":"5"}},"QX":{"8G":{"MF":"5"},"54":{"2G":"5","2H":"5"},"8F":{"9C":"5"},"45":{"W6":"5","V5":"5","X5":"5"},"55":{"7C":"5","26":"5"},"2H":{"CQ":"5"}},"65":{"49":{"WV":"5"},"3V":{"P4":"5"},"6H":{"92":"5"},"7P":{"F3":"5"},"P2":{"4R":"5"},"RJ":{"22":"5"},"F7":{"8C":"5","9C":"5","77":"5","94":"5"},"7Q":{"W5":"5"},"GG":{"MX":"5"},"HH":{"6H":"5"},"6Q":{"9F":"5"},"GX":{"RJ":"5"},"7X":{"G6":"5"},"J2":{"7P":"5"},"7R":{"R7":"5"}},"79":{"XJ":{"2G":"5","5H":"5","47":"5","44":"5","4C":"5","59":"5","6J":"5"},"WJ":{"V9":"5","XP":"5"}},"FG":{"5F":{"PP":"5","JQ":"5","MQ":"5"},"H2":{"HG":"5","WH":"5","JQ":"5","RP":"5","HF":"5","WQ":"5","JF":"5","9G":"5","GM":"5","9F":"5"},"PQ":{"5W":"5"},"JH":{"54":"5"},"9M":{"VX":"5"},"W3":{"9J":"5"},"FM":{"9M":"5","5F":"5"},"6Q":{"3F":"5"},"6J":{"2J":"5"},"5J":{"Q4":"5","VR":"5","P9":"5","RF":"5"}},"3C":{"XP":{"PX":"5"},"4P":{"WF":"5","RF":"5","R8":"5","VF":"5"},"87":{"R4":"5"},"W4":{"VV":"5"},"H9":{"5Q":"5"},"44":{"W5":"5"},"2W":{"HJ":"5","HM":"5","JJ":"5","JH":"5","GM":"5"},"86":{"78":"5"},"95":{"9R":"5"},"73":{"J8":"5","R6":"5","J7":"5"},"4G":{"C3":"5","F4":"5"},"2H":{"5V":"5"},"28":{"63":"5"}},"CJ":{"PP":{"F2":"5","G5":"5"},"43":{"2X":"5"},"PM":{"FW":"5","MQ":"5","HV":"5"},"59":{"HW":"5"},"2M":{"H7":"5","89":"5","67":"5","87":"5","59":"5"},"R5":{"CQ":"5","FR":"5","JQ":"5","FQ":"5","GR":"5","6V":"5"},"44":{"25":"5"},"7P":{"VG":"5","XP":"5"},"39":{"QJ":"5","JP":"5","8X":"5","JH":"5","WH":"5","VJ":"5","RG":"5","JM":"5","WJ":"5","XG":"5","2H":"5"},"FJ":{"FJ":"5"},"GJ":{"5H":"5","HJ":"5","7M":"5","59":"5","8Q":"5","GP":"5","8R":"5","FQ":"5","HH":"5","6J":"5","FH":"5","5J":"5","FP":"5","9P":"5","9Q":"5"},"7G":{"P2":"5","Q2":"5"},"Q6":{"MM":"5"},"V5":{"J6":"5"},"66":{"J5":"5","G4":"5","J4":"5"},"79":{"PM":"5"},"5G":{"2F":"5","69":"5","6C":"5"},"22":{"V6":"5","X4":"5"},"6W":{"F8":"5","F7":"5","FC":"5","R8":"5","G7":"5","F9":"5","Q8":"5"},"3J":{"6M":"5"},"24":{"68":"5","36":"5"},"MC":{"QM":"5","RH":"5"},"2H":{"24":"5","23":"5","3F":"5"},"P3":{"3X":"5"},"R2":{"XJ":"5","VJ":"5"},"WX":{"96":"5","97":"5"},"H4":{"47":"5"},"Q5":{"QR":"5","XR":"5","XQ":"5"},"X6":{"CF":"5"},"6M":{"W4":"5"}},"33":{"78":{"3W":"5"},"2C":{"VH":"5"},"P9":{"VG":"5"}},"V9":{"CQ":{"3R":"5"},"9R":{"X6":"5"}},"CG":{"87":{"96":"5","H2":"5","G2":"5","97":"5"},"96":{"C2":"5","C4":"5"},"2G":{"6Q":"5","6P":"5"},"59":{"XX":"5","WM":"5"},"86":{"FW":"5","JP":"5","8X":"5","PQ":"5","FX":"5","CP":"5","HJ":"5","8Q":"5","CM":"5","FM":"5","GX":"5","FP":"5","9P":"5","6W":"5"},"W8":{"X4":"5"},"XJ":{"CC":"5","4C":"5","6C":"5"}},"JM":{"24":{"62":"5"},"Q4":{"GC":"5"},"23":{"3W":"5"}},"8C":{"QW":{"9X":"5"},"8J":{"PM":"5"},"H2":{"GW":"5"},"C9":{"29":"5","3G":"5"},"H3":{"G8":"5","M6":"5","F6":"5","23":"5","JJ":"5","J6":"5"},"V6":{"3H":"5"},"R6":{"XG":"5","XF":"5"},"G5":{"HH":"5"},"PQ":{"57":"5"},"H4":{"96":"5","8M":"5","4F":"5","JF":"5"},"HG":{"RX":"5"},"WP":{"QP":"5"},"X5":{"5V":"5","6M":"5","6V":"5"},"VF":{"P9":"5","Q8":"5","Q9":"5"},"7P":{"32":"5","33":"5"},"F8":{"G9":"5"},"CG":{"HR":"5","WJ":"5"},"CH":{"6P":"5"},"CC":{"39":"5"},"FH":{"G5":"5"},"G2":{"W6":"5"},"99":{"XG":"5","X3":"5","X4":"5","R3":"5"},"PW":{"54":"5"},"HP":{"5V":"5"},"MV":{"35":"5","56":"5"},"MR":{"9R":"5","F3":"5","G3":"5","PQ":"5","PC":"5","QX":"5"}},"44":{"M9":{"H6":"5"},"2C":{"34":"5","27":"5"},"6P":{"J9":"5"}},"WC":{"8H":{"P5":"5","Q5":"5","P4":"5","M4":"5"},"3J":{"5W":"5","6W":"5","5X":"5"},"2M":{"CQ":"5","FR":"5","GQ":"5","FP":"5","FQ":"5","GP":"5","CR":"5"}},"PG":{"PW":{"6M":"5"},"C3":{"Q3":"5"}},"GV":{"2V":{"CR":"5"},"5M":{"9G":"5"},"QW":{"C3":"5"},"CW":{"CP":"5","WJ":"5"},"FV":{"9X":"5"},"56":{"5F":"5"},"F9":{"63":"5","JJ":"5"},"7V":{"JC":"5"},"GF":{"FJ":"5"},"6V":{"54":"5","64":"5","69":"5","67":"5","55":"5","HV":"5","59":"5","66":"5","65":"5"}},"9R":{"6V":{"PR":"5","VR":"5","VM":"5","RR":"5","QV":"5"},"29":{"97":"5"},"3P":{"XC":"5","MX":"5","MW":"5","GR":"5","CJ":"5","27":"5","4C":"5"},"39":{"RP":"5","G6":"5","QQ":"5"},"2X":{"J3":"5"},"4R":{"37":"5","34":"5","38":"5","8F":"4","39":"5","63":"5","55":"5","2F":"5","45":"5","47":"5","48":"5","7C":"4","82":"4","46":"5","73":"5","28":"5"},"4M":{"P4":"5"},"2J":{"F4":"5"},"P7":{"XR":"5"},"5X":{"5P":"5","G3":"5"},"GF":{"9W":"5"},"VQ":{"MV":"5","MR":"5","WP":"5","HF":"5","GP":"5","F9":"5","MM":"5"},"37":{"CQ":"5","GX":"5","FQ":"5","9Q":"5","GW":"5"},"3M":{"FX":"5"},"GW":{"GF":"5"},"2M":{"VJ":"5"},"PW":{"J9":"5","PC":"5","95":"5","H8":"5","P9":"5","F4":"5","RC":"5","73":"5","72":"5","XG":"5","QC":"5","G6":"5","M9":"5","F5":"5","VF":"5","74":"5","H7":"5","C5":"5","J8":"5","84":"5","RF":"5","85":"5","WF":"5","G5":"5","WG":"5","G7":"5","C4":"5"},"FR":{"R9":"5","Q6":"5","RQ":"5","VC":"5","R8":"5","RG":"5","W7":"5","Q8":"5","W8":"5","H6":"5","M8":"5","V9":"5","RF":"5","9H":"5","P7":"5"},"XX":{"42":"5","43":"5"},"JV":{"MG":"5","XH":"5","QG":"5","JF":"5","XJ":"5","PG":"5","VG":"5","QF":"5","WH":"5","GF":"5","C9":"5","VH":"5","HF":"5","MF":"5","CC":"5","FC":"5","GC":"5","RG":"5"},"VR":{"GF":"5"},"FQ":{"8J":"5","MF":"5","MX":"5","CP":"5"},"CR":{"H7":"5","97":"5"},"32":{"P5":"5"},"3Q":{"5X":"5","M2":"5","JC":"5","G8":"5","WH":"5","H4":"5","G9":"5","PC":"5","Q9":"5","VF":"5","F8":"5","VG":"5","P2":"5","3J":"5","VR":"5","P5":"5","WJ":"5","3M":"5","P7":"5","6X":"5"},"8H":{"PP":"5","JF":"5"},"9P":{"7P":"5"},"3V":{"R8":"4","FH":"5","7J":"5","7M":"5","7G":"5","FM":"4","V9":"5","WC":"5","83":"5","WR":"5","WM":"5","4W":"5","W9":"5","68":"5","Q9":"5","7H":"5","6M":"5"},"2V":{"QF":"4","XP":"5"},"4W":{"H9":"5","95":"5","Q2":"5","85":"5"},"HR":{"HG":"5"},"7R":{"PM":"5","PG":"5","MM":"5"},"PV":{"6G":"5","4F":"5","7W":"5","5P":"5","6Q":"5","6H":"5","5F":"5","9J":"5","4J":"5","7V":"5","7X":"5","5G":"5","4M":"5","4C":"5","3C":"5","5M":"5","5J":"5","6R":"5","6V":"5","4P":"5","5H":"5","5Q":"5","8W":"5","2C":"5"},"47":{"54":"5","64":"5"},"4V":{"8J":"5","H9":"4","8M":"5","4G":"5","MF":"4","H5":"4","29":"5","WM":"4","CM":"4","HC":"4","MG":"4","C9":"5","6C":"5","3G":"5"},"7C":{"MV":"5","9V":"5","CR":"5"},"5P":{"5X":"5"},"2P":{"4X":"5","2J":"5","7G":"5","W5":"5","R4":"5","GP":"5","V4":"5","85":"5","84":"5"},"27":{"HH":"5"},"4J":{"8W":"5"},"FF":{"QG":"5"},"49":{"F8":"5","6V":"5","5R":"5"},"H4":{"WC":"5"},"3H":{"4Q":"5"},"FM":{"5F":"5"},"QP":{"C5":"5"},"3F":{"FV":"5","65":"5","W2":"5"},"XP":{"QJ":"5"},"4P":{"8F":"5","8C":"5"},"2Q":{"QW":"5","8J":"5","RQ":"5","C9":"5","PR":"5","PX":"5","8P":"5","7M":"5","PJ":"5","CG":"5","CJ":"5","JG":"5","8M":"5","8V":"5","MJ":"5"},"Q7":{"2V":"5","3X":"5","3V":"5","5X":"5"},"5R":{"HJ":"4","FJ":"5"},"34":{"93":"4"},"HX":{"Q7":"5"},"77":{"3X":"5"},"65":{"CC":"5"},"5M":{"FP":"5","HJ":"5","JH":"5","6P":"5"},"4Q":{"R9":"5","GH":"5","CQ":"5","PG":"5","Q7":"4","GG":"5","HH":"5","7C":"5","PF":"5","FH":"5","GJ":"5","FG":"5"},"FC":{"5G":"5"},"78":{"22":"5"},"6C":{"8Q":"5"},"3R":{"49":"5","5F":"5","5X":"5","9C":"5","87":"5","RH":"5","V6":"5","VC":"5","R8":"5","PR":"5","V3":"5","HG":"5","5R":"4","QF":"5","PG":"5","86":"5","RJ":"5","52":"5","W6":"5","8M":"4","MG":"5","P5":"5","88":"5","6J":"5","5C":"5","6G":"5","PF":"5","29":"5","FF":"5","FG":"5","MF":"5","99":"5","JF":"5","98":"5","27":"5","28":"5"},"MV":{"2J":"5","H9":"5","C9":"5","M9":"5","VC":"5","WC":"5","G9":"5","Q9":"5","5G":"5","RC":"5","XC":"5","J9":"5","QC":"5","89":"5","7C":"5","3H":"5","6G":"5","7G":"5","F9":"5","3G":"5","7F":"5","99":"5","8C":"5","4G":"5","2H":"5","P9":"5","79":"5"},"38":{"QW":"5","V8":"5","R9":"5","H9":"5","R8":"5","Q9":"5","RC":"5","Q7":"5","R7":"5","Q8":"5","V7":"5","J9":"5","MX":"5","QC":"5","F5":"5","F4":"5","P7":"5"},"8X":{"W5":"5"},"2R":{"JW":"4","PP":"5","76":"5","H8":"5","WJ":"5","RC":"5","77":"5","F2":"5","VC":"5","W3":"5","PJ":"5","QM":"5","JC":"5","VG":"5","G2":"5","QF":"5","XC":"5","WM":"5","78":"5","XM":"5","VH":"5","RF":"5","64":"5","XF":"5","VM":"5","R2":"5","WF":"5","WP":"5"},"VP":{"47":"5"},"H8":{"VQ":"5"},"G5":{"MF":"5","CJ":"5","JF":"5"},"2W":{"WC":"5"},"CP":{"VR":"5","HX":"5"},"69":{"42":"5"},"6R":{"77":"5"},"6G":{"8J":"5","RV":"5","8Q":"5"},"3W":{"H3":"5","C3":"5","C7":"5","3V":"5"},"3G":{"FM":"5","W5":"5"},"28":{"73":"5"},"5Q":{"MH":"5","4H":"5","F7":"5","WW":"5","G8":"5","57":"5"},"6H":{"8C":"5"},"3C":{"8G":"5","X3":"5","8F":"5","P3":"5","W3":"5","Q3":"5","WJ":"5","VQ":"5","VM":"5","WR":"5"},"5W":{"MH":"5","CW":"5"}},"8G":{"R6":{"5Q":"5"},"XV":{"22":"5"},"H7":{"MM":"5"},"XR":{"7M":"5"},"45":{"GX":"5","CW":"5","9W":"5"},"7G":{"V7":"5","R6":"5","W8":"5"},"HW":{"Q2":"5"},"XG":{"JH":"5"},"JF":{"6Q":"5"},"C3":{"MP":"5"}},"P9":{"4P":{"3H":"5"}},"63":{"JP":{"QC":"5"}},"5G":{"7Q":{"GW":"5"},"JV":{"HF":"5","QC":"5","GF":"5"},"FV":{"XC":"5","H9":"5","RP":"5","QP":"5","PF":"5","MG":"5","H8":"5"},"2J":{"VG":"5","QC":"5"},"9X":{"QR":"5","MQ":"5"},"V6":{"W5":"5","M4":"5"},"7P":{"7H":"5"},"FW":{"W5":"5","W4":"5","V3":"5"},"3W":{"HR":"5","FV":"5","Q9":"5","RG":"5","PJ":"5","F8":"5","JM":"5","HV":"5","FM":"5","GR":"5","FF":"5","MJ":"5","FJ":"5","GV":"5","MR":"5"},"W5":{"CQ":"5"},"MR":{"WX":"5"},"GR":{"XJ":"5"},"FR":{"QM":"5","2V":"5"},"5W":{"X6":"5"},"9V":{"C6":"5","65":"5"},"3V":{"XQ":"5"},"4X":{"52":"5","42":"5"},"V5":{"QW":"5"},"PJ":{"G3":"5","G5":"5","H6":"5"},"HR":{"97":"5"},"29":{"PH":"5","PG":"5"},"QM":{"PF":"5","98":"5"},"7V":{"XW":"5"},"7R":{"4G":"5","5F":"5","6C":"5"},"WH":{"2J":"5"},"3J":{"5M":"5","JM":"5","5J":"5"},"CV":{"86":"5"},"8V":{"9J":"5"},"HV":{"56":"5"},"4M":{"RJ":"5"},"MP":{"67":"5"},"4W":{"2F":"5","P5":"5","FV":"5","3C":"5","3F":"5"},"5M":{"FP":"5"},"VH":{"W9":"5"},"QJ":{"37":"5","4F":"5","28":"5","27":"5","5Q":"5"},"HF":{"GF":"5"},"2W":{"QM":"5","WH":"5","8F":"5","WJ":"5"},"HX":{"58":"5"},"4Q":{"49":"5","37":"5","38":"5","83":"5","45":"5","47":"5","4C":"5","27":"5","28":"5"},"GV":{"MQ":"5","2P":"5","JR":"5"},"GW":{"9G":"5","G5":"5","G4":"5","F3":"5","97":"5","CG":"5","C6":"5","CC":"5","48":"5","7C":"5","F5":"5","6G":"5","7G":"5","F4":"5","99":"5","C7":"5","98":"5"},"3P":{"37":"5","7X":"5","27":"5","36":"5","7R":"5"}},"7C":{"5V":{"95":"5"}},"67":{"87":{"4C":"5"},"9G":{"P9":"5","PC":"5"},"3C":{"HC":"5","H8":"5","G9":"5"},"RP":{"MP":"5"},"8X":{"H4":"5"},"2C":{"HP":"5","GP":"5","GR":"5","MQ":"5"},"J9":{"V4":"5"},"CC":{"49":"5","53":"5","3C":"5","45":"5","55":"5","4C":"5"},"F9":{"RM":"5","PM":"5","RQ":"5","RC":"5","QC":"5","HP":"5","MV":"5"},"FF":{"98":"5"},"PW":{"34":"5","MW":"5"}},"J9":{"CC":{"PW":"5"}},"GH":{"M2":{"WW":"5"},"H4":{"CF":"5","8F":"5","8C":"5","CC":"5","9C":"5","9F":"5"}},"9V":{"25":{"XG":"5"},"R9":{"WH":"5","WJ":"5"},"H2":{"49":"5","RM":"5","PM":"5","QJ":"5","RP":"5","VJ":"5","QP":"5","RJ":"5","VW":"5","VM":"5","7C":"5","PP":"5","8C":"5","QM":"5","68":"5"},"4J":{"8J":"5","7H":"5"},"64":{"Q2":"5"},"Q9":{"62":"5"},"84":{"V5":"5"},"QF":{"6F":"5","6G":"5","5G":"5","5F":"5"},"74":{"3R":"5"},"C6":{"5P":"5","5M":"5"},"H5":{"23":"5"},"WX":{"GF":"5"},"5V":{"CQ":"5","8W":"5","8V":"5"},"2X":{"GJ":"4","8M":"5","8P":"5","JV":"4","X4":"5","H8":"4"},"PF":{"99":"5","C8":"5","Q8":"5","Q9":"5"},"3X":{"9G":"4"},"82":{"P3":"5"},"G2":{"32":"5","V8":"5","VQ":"5","Q7":"5"},"4X":{"CH":"5","9F":"5","7R":"5"},"75":{"66":"5"},"35":{"RF":"5"}},"64":{"P8":{"FR":"4","6X":"5"},"PP":{"QX":"5"},"JV":{"75":"5"},"9F":{"MM":"5"},"PV":{"HC":"5"},"PC":{"4F":"5","R9":"5","V8":"5","67":"5","3F":"5","6P":"5","65":"5","XH":"5"},"MJ":{"V9":"5","M7":"5","V7":"5"},"P9":{"H7":"4","99":"5","W6":"5","C8":"5","88":"5","WP":"4","F8":"5","X3":"5","F7":"5","8H":"5","62":"5","V5":"5","9H":"5","F6":"5","F2":"5","89":"5","6W":"5","C7":"5","W7":"5","V6":"5","4Q":"5","87":"5","X7":"5","98":"5","4P":"5","97":"5"},"FH":{"V2":"5"},"GG":{"2R":"5","2M":"5","2P":"5"},"RC":{"3Q":"4"},"FJ":{"RP":"5"},"PR":{"CH":"5"},"JR":{"73":"5"},"QC":{"56":"4"},"CX":{"57":"5"},"CF":{"5M":"5","5J":"5"},"PG":{"J5":"5","M3":"5","P6":"5","J3":"5","P5":"5","P3":"5","M6":"5","M5":"5","M4":"5","P4":"5","J6":"5","J4":"5","MM":"5"},"M9":{"5F":"5","55":"5"},"JG":{"JF":"5"},"P7":{"78":"5","67":"5","7R":"5","97":"5"},"7V":{"JV":"5"},"JC":{"F9":"5","G9":"5"},"QF":{"34":"5","P8":"5","5V":"5","Q9":"5"},"GX":{"P5":"5","M6":"5","P4":"5","J4":"5"},"VJ":{"GV":"5"},"FG":{"XV":"5"},"MC":{"G8":"5","Q8":"5"},"GF":{"VV":"5"},"MP":{"P3":"5"},"RF":{"J6":"4"},"QH":{"7H":"5","HJ":"5"},"PW":{"Q8":"5"},"HF":{"48":"5"},"PF":{"R2":"5","V2":"5","F3":"5","W3":"5","W4":"5","G5":"5","RM":"5"},"MF":{"8P":"5","7H":"5","66":"5"},"HC":{"PF":"5"},"MM":{"RX":"5"},"WF":{"2J":"5","3H":"5","7C":"5","6C":"5"},"FC":{"VJ":"5","WH":"5","WW":"5","WJ":"5"},"4P":{"96":"5"},"GH":{"HX":"5"}},"34":{"FR":{"7H":"5"}},"RJ":{"4F":{"7H":"5"}},"9C":{"VH":{"PQ":"5","FX":"5","9V":"5","4Q":"5","GW":"5","FM":"5","9R":"5","MQ":"5","CW":"5","JW":"5","GG":"5","CC":"5","CV":"5","CR":"5","MV":"5"},"RR":{"VJ":"5"},"VJ":{"C5":"5","54":"5","M2":"5","G8":"5","73":"5","HC":"5","G6":"5","H6":"5"},"QH":{"74":"5"},"PG":{"H7":"5","H5":"5"},"PJ":{"35":"5","37":"5","39":"5"},"VG":{"3V":"5"},"86":{"68":"5"},"95":{"76":"5","86":"5","75":"5","87":"5","85":"5"},"WG":{"8G":"5","FM":"5","8X":"5","49":"5","CC":"5","CH":"5","9W":"5","FJ":"5","9F":"5"},"PF":{"JW":"5","FX":"5"},"MF":{"W4":"5"}},"HR":{"HG":{"78":"5","J3":"5"},"HF":{"VJ":"5","MF":"5"},"9J":{"V7":"5"},"CH":{"GV":"5","6W":"5"},"QC":{"52":"5","66":"5"},"PF":{"7G":"5"},"FH":{"66":"5"},"2P":{"QW":"5"},"FG":{"QJ":"5"},"MF":{"52":"5","G3":"5"},"JF":{"F3":"5","45":"5"}},"FJ":{"H2":{"RF":"5"},"H3":{"H7":"5","H8":"5"},"76":{"9V":"5"},"PG":{"VF":"5","WC":"5","X7":"5"},"74":{"J7":"5"},"CJ":{"PP":"5","PR":"5","PM":"5"},"FH":{"5W":"5","7W":"5","6X":"5","7X":"5"},"X6":{"4M":"5"},"G2":{"M2":"5"},"9P":{"68":"5"},"4C":{"37":"5","48":"5","57":"5"},"M5":{"8X":"5"},"FJ":{"83":"5","M9":"5","F5":"5"}},"92":{"VQ":{"96":"5"},"WF":{"V2":"5","X3":"5","W3":"5","V3":"5"},"P3":{"65":"5"},"M3":{"JR":"5"},"WC":{"XX":"5","VX":"5","WX":"5","VW":"5"},"63":{"G5":"5"},"XC":{"2X":"5"},"XF":{"32":"5","22":"5","33":"5","23":"5"}},"P2":{"W4":{"MH":"5"},"Q2":{"6G":"5","57":"5"},"X4":{"55":"5"},"X5":{"C6":"5","98":"5"},"W8":{"47":"5"},"X2":{"2F":"5","VX":"5","JF":"5","FF":"5"}},"F8":{"G6":{"VQ":"5"}},"Q2":{"24":{"47":"5"},"49":{"J2":"5","P2":"5","R2":"5","M2":"5","Q2":"5"},"48":{"RW":"5","MV":"5","PX":"5","PW":"5","PV":"5","QW":"5","RX":"5","MX":"5","MW":"5","JX":"5","JV":"5","JW":"5","QX":"5","QV":"5"},"22":{"4F":"5","F9":"5"},"23":{"8C":"5"},"FF":{"54":"5"}},"8F":{"Q6":{"X7":"5"},"Q4":{"CQ":"5"},"R9":{"G3":"5"},"W3":{"MP":"5"},"VH":{"9X":"5"},"VF":{"3H":"5","3G":"5"},"2H":{"62":"5"}},"PR":{"M8":{"6F":"5"},"7X":{"69":"5"}},"FH":{"2Q":{"2P":"5"},"7W":{"CV":"5","8W":"5"},"JX":{"GH":"5"},"HV":{"4V":"5","4W":"5"},"CC":{"RP":"5"},"JV":{"HG":"5"},"GX":{"RR":"5"},"HW":{"FC":"5"},"3G":{"55":"5"},"7F":{"CH":"5"},"HX":{"X4":"5","6P":"5"},"65":{"3Q":"5"}},"QW":{"H3":{"VX":"5","WX":"5"},"Q7":{"7P":"5"},"H4":{"Q4":"5","R4":"5","R5":"5"}},"3G":{"JW":{"4F":"5"},"JV":{"PG":"5"},"9F":{"8J":"5","5X":"5"},"FV":{"32":"5","42":"5"},"PC":{"V4":"5"},"7M":{"8C":"5","CC":"5","9C":"5"},"MQ":{"G3":"5"},"JF":{"42":"5","22":"5"},"X9":{"2M":"5"},"JR":{"F5":"5"},"MR":{"Q2":"5","FF":"5"},"9J":{"7H":"5"},"38":{"CC":"5","FC":"5"},"VP":{"R4":"5"},"FM":{"9J":"5"},"8G":{"QV":"5"},"M9":{"6P":"5"},"MV":{"49":"5"},"37":{"XM":"5"},"JC":{"HM":"5"},"CR":{"FM":"5"},"9H":{"9R":"5","8R":"5"},"GX":{"CG":"5","CW":"5","9W":"5","9V":"5"},"9G":{"63":"5","72":"5","53":"5"},"JP":{"Q6":"5","Q4":"5","W3":"5","R5":"5"},"FG":{"WJ":"5"},"P2":{"7R":"5"},"3G":{"6H":"5","87":"5"},"MW":{"72":"5"},"PQ":{"VG":"5"},"MX":{"97":"5"},"8M":{"92":"5","67":"5"},"8H":{"28":"5"},"XF":{"CW":"5"},"JH":{"95":"5"},"CC":{"2V":"5"},"8J":{"46":"5","CJ":"5","58":"5","9J":"5","9X":"5"},"CH":{"2G":"5","2F":"5"},"7H":{"XF":"5"},"CQ":{"4G":"5"}},"QR":{"63":{"V9":"5","R8":"5","V8":"5"}},"23":{"RW":{"8G":"5","79":"5"},"W3":{"H5":"5","H4":"5"},"6W":{"4V":"5","6H":"5","6J":"5"},"X6":{"XC":"5"},"6X":{"52":"5"},"JR":{"F5":"5"}},"JW":{"4F":{"PR":"5"},"4G":{"93":"5","83":"5"},"WF":{"PQ":"5"},"56":{"R7":"5"}},"46":{"FV":{"XQ":"5"},"PC":{"C5":"5"},"9M":{"J8":"5"},"J2":{"J8":"5","5P":"5","9P":"5"},"2F":{"FH":"5","FG":"5","6J":"5"},"97":{"8W":"5"},"4V":{"P6":"5","G8":"5"},"GR":{"5V":"5"},"FR":{"MQ":"5"},"H2":{"GJ":"5"},"G6":{"WW":"5","WV":"5"},"CF":{"JW":"5"},"XQ":{"35":"5"},"VF":{"CQ":"5"},"36":{"RW":"5","HQ":"5"},"J4":{"Q6":"5","RX":"5","W4":"5","M4":"5","Q5":"5","23":"5","H7":"5","J5":"5","Q7":"5","G3":"5","VM":"5","F6":"5","F5":"5","85":"5","P7":"5","G2":"5","J2":"5"},"JC":{"49":"5","5F":"5","69":"5","6C":"5","4F":"5","3C":"5","39":"5","59":"5","J9":"5","58":"5","48":"5","5C":"5","4C":"5","68":"5"},"9H":{"4P":"5"},"74":{"42":"5"},"H6":{"2W":"5"},"V7":{"8X":"5","CW":"5","8W":"5","9W":"5","CX":"5","9X":"5"},"9G":{"82":"5","83":"5"},"XC":{"4C":"5"},"HH":{"GG":"5"},"4M":{"66":"5","77":"5","87":"5","42":"5","43":"5","53":"5","76":"5","83":"5","64":"5","78":"5","67":"5","63":"5","84":"5","55":"5","74":"5","86":"5","62":"5","72":"5","52":"5","88":"5","85":"5","82":"5","75":"5","73":"5","54":"5","65":"5","68":"5"},"MW":{"6W":"5","CX":"5"},"H3":{"WQ":"5","WR":"5","RQ":"5"},"9W":{"WW":"5"},"PF":{"V9":"5","V7":"5","W9":"5","V8":"5","WC":"5","VC":"5","X9":"5","W8":"5"},"MF":{"CP":"5","9Q":"5","9M":"5","CM":"5","FH":"5","7J":"5","7M":"5","7P":"5","FJ":"5","9J":"5","8Q":"5","CJ":"5","9P":"5","9R":"5","9H":"5","9G":"5","8M":"5","8P":"5","8H":"5","8J":"5","CH":"5","CG":"5","CQ":"5"},"G5":{"QH":"5","9C":"5","6H":"5"},"M4":{"9M":"5","5P":"5","3R":"5"},"J3":{"VQ":"5","8F":"5","23":"5","CP":"5","CQ":"5","3V":"5","RC":"5","JX":"5","JM":"5","MX":"5","MP":"5","24":"5","RV":"5","2R":"5","3M":"5","FP":"5","6M":"5","9P":"5","9Q":"5"},"W6":{"RW":"5","RX":"5","VX":"5","WW":"5","WX":"5","WV":"5","VW":"5"},"GV":{"7H":"5","9P":"5","2P":"5","7J":"5","6P":"5","6C":"5"},"G7":{"Q4":"5","PQ":"5","W4":"5"},"H4":{"HG":"5","86":"5","CC":"5","V3":"5","87":"5","FF":"5"},"5H":{"XM":"5"},"GW":{"F3":"5","F4":"5"},"RG":{"5J":"5"}},"99":{"62":{"M8":"5","P9":"5"},"84":{"QM":"5","QH":"5"}},"MJ":{"VJ":{"4W":"5"},"69":{"9C":"5"},"Q3":{"32":"5","22":"5","33":"5","23":"5"}},"FR":{"P9":{"44":"5"},"F9":{"Q3":"5"},"W2":{"R8":"5","VC":"5"},"F4":{"RQ":"5"},"JF":{"5R":"5","FX":"5","9M":"5","7W":"5","5V":"5","F5":"5","2R":"5","9H":"5"},"V2":{"W6":"5","J3":"5"},"Q6":{"22":"5"},"RH":{"V6":"5","R6":"5"},"89":{"FR":"5","GQ":"5","FQ":"5","9V":"5","CR":"5"},"JG":{"75":"5","55":"5"},"JQ":{"RR":"5","RQ":"5"},"VG":{"X6":"5","X7":"5"},"F7":{"7M":"5"},"PH":{"HX":"5"},"MP":{"25":"5"},"JH":{"CJ":"5","55":"5","9J":"5"},"85":{"VX":"5","VW":"5"},"J7":{"RP":"5","MX":"5"},"HC":{"4H":"5","5F":"5"},"F6":{"MQ":"5"},"R3":{"M7":"5","M4":"5","C2":"5"},"X2":{"XJ":"5"},"68":{"65":"5"},"R2":{"RR":"5","MW":"5","PX":"5","CX":"5","QV":"5","PV":"5","PW":"5"},"GC":{"XX":"5","C4":"5"},"WG":{"37":"5","38":"5","J6":"5","39":"5","26":"5","36":"5","27":"5"},"C7":{"VP":"5"},"Q5":{"7W":"5","HX":"5","2H":"5"},"F8":{"P8":"5","MQ":"5"},"H9":{"4X":"5","GQ":"5","JP":"5"},"P5":{"VR":"5","XR":"5","VQ":"5"},"86":{"C6":"5"}},"97":{"Q6":{"HR":"5","7H":"5"},"FP":{"P6":"5"},"Q5":{"G3":"5","9V":"5","G5":"5","QJ":"5"},"JF":{"8J":"5","FM":"5","JJ":"5"},"GM":{"QW":"5","CP":"5"}},"35":{"8X":{"MP":"5","XR":"5","QV":"5","FX":"5"},"CV":{"QQ":"5"},"CW":{"XH":"5"},"CX":{"M3":"5"},"FX":{"35":"5"}},"Q4":{"6P":{"8G":"5"}},"8R":{"XJ":{"QM":"5"},"XG":{"PP":"5","JQ":"5"},"R7":{"XJ":"4"},"XM":{"RW":"5","PQ":"5","VW":"5"},"XP":{"Q4":"5","WC":"5","VC":"5"},"XF":{"G4":"5","H3":"5","G3":"5"},"WV":{"X7":"4"}},"GJ":{"77":{"54":"5"}},"8J":{"RM":{"C5":"5","F5":"5"},"FJ":{"WP":"5","WM":"5","WQ":"5","VQ":"5","VM":"5","VP":"5"},"FH":{"54":"5","44":"5","53":"5","22":"5"},"HP":{"QP":"5"},"PG":{"J4":"5"},"RC":{"JX":"5"},"M8":{"XM":"5"},"Q2":{"RP":"5"},"V4":{"JM":"5","Q2":"5"},"W2":{"JF":"5","GF":"5","FF":"5"},"RF":{"GM":"5"},"GH":{"96":"5","F7":"5","FQ":"5","C6":"5","84":"5","F5":"5"},"VQ":{"XC":"5","WF":"5","M5":"5"},"PW":{"MW":"5"},"XX":{"4R":"5"},"X4":{"66":"5","53":"5","64":"5","XV":"5","55":"5","6R":"5","HW":"5","6W":"5","65":"5","35":"5"},"X5":{"37":"5","77":"5","4F":"5","78":"5","26":"5","F7":"5","47":"5","58":"5","57":"5","48":"5","36":"5","46":"5","C7":"5","27":"5","28":"5","68":"5"},"W5":{"V8":"5","X8":"5","V5":"5","M4":"5","V6":"5","Q4":"5","X7":"5","VC":"5","R5":"5","X5":"5","W7":"5","Q8":"5","XF":"5","W8":"5","J9":"5","W6":"5","X6":"5","XG":"5","J8":"5","M5":"5"},"PM":{"QW":"5","QX":"5","VV":"5","RX":"5","RW":"5","PX":"5","MW":"5","MX":"5","GW":"5","VW":"5","JW":"5","QV":"5","JV":"5","PV":"5","PW":"5","MV":"5"},"R7":{"M2":"5"},"V7":{"WP":"5","XM":"5","XP":"5"},"J8":{"M3":"5","23":"5","43":"5","33":"5","J2":"5","54":"5","C3":"5","F2":"5","53":"5","65":"5","P4":"5","H2":"5","75":"5","74":"5","83":"5","22":"5","G2":"5","42":"5","32":"5","P3":"5","84":"5","64":"5","J3":"5","F3":"5","93":"5"},"GG":{"R9":"5","4W":"5","HJ":"5","3V":"5","3W":"5","97":"5","5W":"5","4V":"5","4X":"5"},"P8":{"FW":"5","CX":"5","FX":"5"},"QF":{"QF":"5","RF":"5"},"M5":{"22":"5"},"9X":{"V9":"5","PQ":"5","J9":"5","WG":"5"},"FV":{"F8":"5","C6":"5"},"47":{"PX":"5"},"P9":{"C2":"5","G8":"5","F8":"5","97":"5","C6":"5","G7":"5","F7":"5","C8":"5","C4":"5","95":"5","F6":"5","88":"5","C5":"5","C7":"5","98":"5","94":"5","C3":"5"},"H9":{"9G":"5"},"8Q":{"XJ":"5"},"QW":{"4Q":"5"},"FF":{"WX":"5"},"RW":{"XQ":"5"},"HH":{"C2":"5","87":"5","86":"5","95":"5","85":"5","93":"5","94":"5","C3":"5"},"PP":{"Q2":"5","P3":"5","M3":"5","Q3":"5","M2":"5","M4":"5","H3":"5","H4":"5","R3":"5","P4":"5","J3":"5","P2":"5","J4":"5","P5":"5","J2":"5","R2":"5"},"QP":{"M6":"5"},"XF":{"WV":"5"},"HX":{"XW":"5"},"W7":{"3J":"5","6R":"5"},"C2":{"H7":"5","H9":"5"},"WQ":{"7G":"5"},"GC":{"V5":"5"},"Q6":{"GW":"5"},"GJ":{"22":"5"},"QQ":{"MF":"5"},"VV":{"QM":"5","QJ":"5"},"FG":{"3C":"5","XX":"5","2G":"5","39":"5","2C":"5","2F":"5","W2":"5","XW":"5","WQ":"5","3J":"5","3H":"5","7X":"5","3M":"5","M5":"5","2H":"5"},"W3":{"HG":"5","GG":"5"},"JX":{"2W":"5"},"W4":{"H7":"5","PX":"5","W7":"5","VM":"5","XQ":"5"},"W6":{"95":"5","9V":"5"},"HC":{"8J":"5","F3":"5","G3":"5","G2":"5","M4":"5"},"J5":{"X3":"5"},"42":{"C5":"5","82":"5","C3":"5","C4":"5"},"QR":{"W5":"5","PC":"5"}},"6G":{"MP":{"H5":"5","H4":"5"},"HR":{"M3":"5"},"FM":{"H2":"5"},"GJ":{"VG":"5","WG":"5"},"JQ":{"78":"5"},"MC":{"QH":"5"},"CV":{"HR":"5","G3":"5","6G":"5","8W":"5"},"4G":{"C5":"5","C4":"5"},"HW":{"5R":"5"},"FQ":{"QW":"5","WF":"5","PX":"5","XC":"5","7V":"5","X6":"5","MM":"5","PW":"5"},"G8":{"MV":"5"},"HM":{"GV":"5","XW":"5","XV":"5","CP":"5","FJ":"5","HV":"5","7R":"5"},"PQ":{"JG":"5","4G":"5"},"HP":{"PM":"5","X3":"5","F9":"5","CM":"5","W2":"5","R8":"5","FH":"5","FF":"5","7M":"5","7P":"5","39":"5","FJ":"5","GJ":"5","55":"5","Q6":"5","G9":"5","M9":"5","W3":"5","CJ":"5","36":"5","J4":"5","7R":"5","37":"5","94":"5","HQ":"5","5V":"5","5M":"5","8H":"5","6R":"5","X2":"5","FC":"5","CH":"5","6V":"5","GC":"5","6M":"5"},"CM":{"87":"5"},"JV":{"CH":"5","66":"5"},"GP":{"6F":"5","PF":"5","GM":"5"},"G7":{"GW":"5"},"JM":{"6W":"5","5V":"5"},"67":{"HM":"5","JM":"5","JP":"5","WG":"5","MJ":"5"},"FJ":{"CW":"5"},"CJ":{"35":"5","H5":"5"},"JP":{"38":"5","37":"5","36":"5"},"GH":{"P5":"5","J9":"5"},"9J":{"X5":"5"},"HQ":{"28":"5","X7":"5","39":"5"},"GM":{"PJ":"5","QW":"5"},"FX":{"V3":"5"},"RM":{"4Q":"5","6P":"5"},"GF":{"HC":"5"},"QJ":{"HW":"5"},"G9":{"G6":"5"}},"56":{"FP":{"8R":"5"},"4V":{"GR":"5"},"6X":{"5G":"5","5F":"5","2H":"5","3G":"5"},"V3":{"P7":"5"},"5X":{"RH":"5","MC":"5","MF":"5","PH":"5","JH":"5","WG":"5","XH":"5"},"3W":{"FR":"5","CR":"5","8Q":"5"}},"9J":{"9Q":{"4X":"5","6W":"5"},"5R":{"4R":"5"},"2V":{"4F":"5","5F":"5","3C":"5","5C":"5","4C":"5","3F":"5","6C":"5","5R":"5"},"9X":{"82":"5"},"MJ":{"28":"5","6P":"5"},"XH":{"VF":"5","9Q":"5"},"X3":{"MQ":"5"},"RJ":{"83":"5","87":"5"},"7M":{"8P":"5"},"5P":{"MP":"5","JQ":"5","HP":"5"},"6H":{"W5":"5","V5":"5","V6":"5","76":"5","W7":"5","V7":"5","86":"5","VP":"5","V9":"5","XR":"5","W6":"5","VM":"5","85":"5","XG":"5","75":"5"},"34":{"F3":"5","F4":"5"},"7P":{"C3":"5","C2":"5"},"3W":{"VV":"5","VR":"5","XR":"5","RM":"5","WV":"5"},"4V":{"QW":"5"},"V8":{"8Q":"5"},"3V":{"4R":"5","87":"5"},"4X":{"RC":"5"},"RH":{"5W":"5","4Q":"5"},"2R":{"5G":"5"},"5X":{"XW":"5"},"CJ":{"J2":"5"},"79":{"R9":"5","C3":"5","R8":"5"},"6X":{"XX":"5"},"CR":{"GG":"5"},"9R":{"43":"5"},"X4":{"J5":"5","8H":"5","H5":"5","G8":"5","G3":"5","GR":"5","PG":"5","7Q":"5"},"H7":{"7P":"5"},"24":{"G7":"5"},"2X":{"R2":"5","Q2":"5","FX":"5","X2":"5"},"78":{"PJ":"5","7W":"5","7V":"5"},"4W":{"9V":"5"},"25":{"HF":"5","GC":"5","9C":"5","67":"5"},"MH":{"4W":"5"},"5J":{"P4":"5"},"JJ":{"J5":"5","V7":"5","R8":"5","V8":"5","P8":"5","W7":"5","Q8":"5"},"4R":{"74":"5","4G":"5","XP":"5"},"QJ":{"W5":"5"},"6J":{"XJ":"5","J7":"5"},"9W":{"5V":"5"},"HC":{"MG":"5"},"3R":{"27":"5"},"CH":{"PP":"5","PX":"5","PW":"5","PM":"5","PH":"5"},"WX":{"RM":"5"},"6V":{"H6":"5"},"5Q":{"VJ":"5"},"7H":{"2Q":"5","2R":"5"},"P5":{"6P":"5"},"X6":{"CC":"5","6W":"5"}},"P8":{"4F":{"PP":"5"}},"HG":{"2G":{"HP":"5","JP":"5"},"RP":{"95":"5"},"HQ":{"JP":"5"}},"59":{"4P":{"WH":"5","9P":"5","WR":"5"},"5P":{"2M":"5"},"2J":{"VV":"5","WV":"5","VW":"5"},"9G":{"W5":"5","W4":"5"},"4H":{"CV":"5","FV":"5","FW":"5"},"5Q":{"32":"5"},"GC":{"WM":"5"},"J5":{"V2":"5","W2":"5"},"3V":{"V5":"5"},"4R":{"F6":"5"},"2F":{"Q8":"5"},"3Q":{"PF":"5"},"Q8":{"97":"5"},"J4":{"XR":"5"},"2R":{"XF":"5"},"6G":{"QM":"5","QP":"5","RM":"5"},"6R":{"F4":"5"},"32":{"H7":"5","H6":"5"},"3R":{"2F":"5","M9":"5"}},"82":{"M3":{"6V":"5"},"R2":{"R4":"5"},"Q6":{"XM":"5"},"P3":{"Q5":"5"},"W4":{"WW":"5"},"GF":{"W3":"5"}},"MP":{"VW":{"GC":"5"}},"PH":{"54":{"Q5":"5"},"4X":{"8J":"5","8M":"5"},"42":{"MW":"5","WQ":"5","WR":"5"},"35":{"GV":"5","GR":"5"},"74":{"Q5":"5"},"5W":{"5W":"5","7M":"5","JV":"5","GW":"5"},"RP":{"M8":"5","VC":"5"},"53":{"38":"5"},"4V":{"WJ":"5"},"7P":{"J7":"5"},"43":{"Q3":"5"},"M4":{"8W":"5"},"5X":{"95":"5","MQ":"5","6J":"5"},"8Q":{"7V":"5"},"4W":{"93":"5","Q8":"5"}},"6J":{"X3":{"MF":"5"},"V4":{"R3":"5"},"Q2":{"Q4":"5"}},"WX":{"H9":{"9X":"5"},"QF":{"V9":"5","R9":"5"},"HP":{"M5":"5"},"JX":{"8W":"5","9W":"5"},"HC":{"H2":"5"},"7V":{"Q2":"5"},"HV":{"QG":"5"}},"FQ":{"WC":{"FC":"5"},"QH":{"QJ":"5"},"XV":{"75":"5","85":"5","84":"5"},"3W":{"PF":"5"},"J3":{"HH":"5"},"MQ":{"H4":"5"},"C4":{"WQ":"5"},"95":{"38":"5"},"85":{"4M":"5","3C":"5","2G":"5","39":"5","2C":"5","2F":"5","4C":"5"},"F9":{"79":"5"},"6X":{"H8":"5"},"75":{"XC":"5","WC":"5","XF":"5","VC":"5"},"J8":{"27":"5"},"HX":{"RG":"5"},"W9":{"MV":"5","3V":"5"}},"9F":{"RW":{"W4":"5"},"Q4":{"F8":"5"},"MC":{"QV":"5"},"8H":{"QX":"5"},"VR":{"W5":"5","RP":"5","W4":"5","QQ":"5","W8":"5"},"WF":{"96":"5","3X":"5","6X":"5","5X":"5"},"56":{"PC":"5","P4":"5"},"Q3":{"8V":"5"},"J9":{"XH":"5"},"HC":{"JC":"5","PG":"5"},"9G":{"7W":"5"},"7J":{"C5":"5","46":"5"},"G9":{"GR":"5"}},"37":{"V5":{"M7":"5"},"H8":{"XX":"5"},"H3":{"R4":"5"},"JP":{"CQ":"5"},"GH":{"RX":"5"},"RC":{"WX":"5"},"V7":{"28":"5","26":"5","36":"5","FF":"5"},"P6":{"9M":"5"},"V4":{"C3":"5"},"G7":{"PR":"5","QR":"5"},"MP":{"VQ":"5"},"CC":{"XW":"5","XV":"5"},"P8":{"43":"5"},"FC":{"2V":"5","3V":"5","2W":"5","3W":"5"},"GJ":{"R2":"5","V2":"5"},"73":{"CM":"5"}},"HP":{"CX":{"5R":"5"},"QQ":{"V2":"5"},"VW":{"C5":"5"},"RQ":{"34":"5"}},"C7":{"GJ":{"H7":"5","PF":"5"}},"8Q":{"RW":{"C3":"4"},"P6":{"44":"5"},"VV":{"VX":"4"},"VX":{"C9":"4"},"MF":{"H2":"4"},"XM":{"MC":"5","PC":"5","PF":"5","VQ":"5"},"WQ":{"W7":"5"},"J9":{"PH":"4"},"RV":{"GG":"5","R6":"5"},"RR":{"95":"5","85":"5","94":"5","84":"5"},"Q7":{"G8":"5","9V":"4","QQ":"5"},"RM":{"R2":"4","6J":"5"},"XH":{"V2":"5"},"W2":{"CQ":"5","FR":"5","GR":"5","8V":"5","7R":"5","7Q":"5"},"VP":{"J9":"4"}},"25":{"WF":{"83":"5"},"F2":{"VG":"5"},"VC":{"HV":"5"},"G5":{"HM":"5","HP":"5"},"VW":{"4M":"5"}},"CM":{"25":{"PX":"5","MX":"5"},"37":{"7M":"5"},"69":{"MV":"5"},"8J":{"R4":"5","W3":"5","X6":"5"},"6C":{"7H":"5","7J":"5"},"53":{"GX":"5"},"J6":{"8V":"5"},"J3":{"WG":"5"},"26":{"JG":"5","MG":"5"},"H6":{"JV":"5"},"9J":{"54":"5","23":"5","43":"5","27":"5"},"G7":{"H3":"5","9F":"5"},"JV":{"R2":"5","Q2":"5"},"5C":{"HX":"5"},"29":{"43":"5"},"MJ":{"8J":"5","3M":"5"},"C3":{"5V":"5"}},"9G":{"Q3":{"J3":"5","H2":"5","9G":"5"},"8H":{"3C":"5"},"MW":{"4W":"5","GC":"5","7P":"5","97":"5","CX":"5","HH":"5","F5":"5","7X":"5","F9":"5"},"92":{"R4":"5"},"QQ":{"6H":"5"},"Q8":{"PV":"5"},"4Q":{"96":"5"},"24":{"CG":"5","CH":"5","CJ":"5"},"MV":{"VX":"5","8V":"5"}},"GF":{"7W":{"2Q":"5","3R":"5","2R":"5"},"7R":{"J8":"5"}},"V6":{"F7":{"6M":"5"}},"47":{"25":{"64":"5","2F":"5","48":"5","58":"5","59":"5"},"W5":{"8M":"5"},"Q2":{"RF":"5","VC":"5"},"X8":{"88":"5","48":"5"},"GM":{"P4":"5"},"W4":{"47":"5","33":"5"},"J6":{"HX":"5"},"J7":{"83":"5","G3":"5","C3":"5"},"GF":{"GG":"5"},"GW":{"42":"5"},"F7":{"GC":"5"},"JJ":{"7W":"5"},"73":{"GM":"5"},"HX":{"R8":"5"}},"27":{"F8":{"RF":"5","RC":"5"},"R4":{"CW":"5","FX":"5"},"G8":{"X3":"5","45":"5","26":"5","25":"5"},"G7":{"HC":"5"},"43":{"WP":"5"},"45":{"8F":"5","69":"5","7C":"5","9F":"5","79":"5"}},"HV":{"63":{"F3":"5"},"F6":{"2M":"5"},"57":{"MX":"5"}},"PX":{"PP":{"RX":"5","QX":"5"},"QP":{"2X":"5"},"W7":{"R4":"5"},"MQ":{"PV":"5","QW":"5"},"QQ":{"33":"5","23":"5"}},"JR":{"V5":{"QP":"5","QC":"5","RM":"5"},"Q5":{"CF":"5"}},"3F":{"42":{"9G":"5"},"F3":{"XH":"5"},"9P":{"67":"5","57":"5"},"43":{"MR":"5"},"4J":{"9Q":"5"},"94":{"FX":"5"}},"FP":{"GH":{"R8":"5"},"23":{"5H":"5"},"XF":{"96":"5","86":"5","7C":"5","87":"5"},"9J":{"MG":"5"},"FM":{"38":"5"},"3J":{"53":"5"},"X2":{"PF":"5","MG":"5","QC":"5"},"PF":{"75":"5"},"GV":{"HG":"5","GJ":"5","GP":"5","GG":"5","HH":"5"}},"MC":{"35":{"2X":"5"}},"4J":{"PF":{"C8":"4"}},"M4":{"W8":{"J6":"5"},"H6":{"M8":"4"}},"PF":{"3V":{"76":"5","C6":"5"}},"MV":{"C3":{"8Q":"5"}},"CF":{"33":{"49":"5"},"PM":{"8W":"5"},"77":{"VX":"5"},"Q4":{"GJ":"5","GP":"5","JM":"5","GM":"5","MM":"5"},"QH":{"P6":"5","X6":"5","V3":"5","V6":"5"},"3F":{"8M":"5","5M":"5","7H":"5","8P":"5","7J":"5"},"PJ":{"2W":"5","3W":"5"},"WW":{"WX":"5"},"47":{"WQ":"5"},"MM":{"VJ":"5","WH":"5","VH":"5","WJ":"5","G5":"5"},"3G":{"H4":"5"},"2H":{"4X":"5"},"P9":{"W3":"5","W4":"5"}},"7H":{"RM":{"WW":"5"},"M9":{"VQ":"5"},"QJ":{"JW":"5","XH":"5"},"QG":{"QW":"5","MW":"5","XR":"5","VW":"5","QV":"5","WV":"5","PV":"5","PW":"5","XM":"5","MV":"5"},"PH":{"MJ":"5"},"8X":{"3X":"5"},"VJ":{"RH":"5","8M":"5","5W":"5","XM":"5","XP":"5","9J":"5","3W":"5"},"V3":{"9Q":"5"},"92":{"R6":"5"},"RG":{"5F":"5","6C":"5","H4":"5","78":"5","J3":"5","F7":"5","G6":"5","3H":"5","J2":"5","C7":"5"},"PJ":{"QM":"5"},"F8":{"37":"5"},"RJ":{"JX":"5"},"7V":{"FQ":"5"},"CW":{"VC":"5"},"VM":{"VG":"5","GF":"5"},"CC":{"76":"5","73":"5"},"WJ":{"2M":"5"},"RF":{"HW":"5","JW":"5","HV":"5","JR":"5"},"XJ":{"24":"5"},"R2":{"WH":"5","VH":"5","WG":"5"},"XM":{"V2":"5","X3":"5","X6":"5","V3":"5"},"P9":{"7X":"5","2R":"5","5X":"5"}},"GM":{"GC":{"6X":"5"},"RQ":{"53":"5"}},"4C":{"25":{"XR":"5"},"XH":{"WX":"5"},"R6":{"JX":"5"},"Q5":{"HR":"5","HQ":"5"},"PH":{"89":"5","F5":"5"},"76":{"WM":"5","RR":"5","QQ":"5","VP":"5"},"PC":{"QW":"5"},"JQ":{"5M":"5","77":"5"},"R7":{"QF":"5"},"26":{"R4":"5"},"XR":{"WV":"5","VW":"5"},"C8":{"MJ":"5"},"G3":{"QW":"5","QV":"5"},"8V":{"89":"5","79":"5"},"CR":{"J8":"5","HQ":"5"},"X4":{"WG":"5"},"HQ":{"Q9":"5"},"35":{"6G":"5","2P":"5"}},"QQ":{"HJ":{"MP":"5","HM":"5"}},"5H":{"52":{"Q5":"5"},"J5":{"QR":"5","M5":"5","PG":"5","JR":"5","F5":"5"},"59":{"XP":"5"},"96":{"9P":"5"},"M5":{"J2":"5","G4":"5","X3":"5","MC":"5","MF":"5","G3":"5","W4":"5","PC":"5","PF":"5","X4":"5","X5":"5"},"QG":{"82":"5"},"M6":{"V4":"5"},"RC":{"6H":"5"},"39":{"J2":"5","F7":"5","C9":"5"},"5F":{"XM":"4"},"P4":{"3Q":"5","2X":"5","WV":"5"},"38":{"VQ":"5","VV":"5","RQ":"5","JP":"5","RW":"5","VJ":"5","JX":"5","XR":"5","VW":"5","WR":"5","PF":"5","WV":"5"},"Q6":{"G8":"5"},"29":{"73":"5"},"HR":{"PW":"4"},"75":{"47":"5"},"98":{"88":"5","89":"5","59":"5"},"QF":{"8X":"5"},"X4":{"CQ":"5"},"35":{"XC":"5"},"69":{"2P":"5"},"V3":{"6X":"5"},"32":{"9R":"5","CV":"5","36":"5"},"7F":{"X8":"4"},"W8":{"3X":"5"},"J7":{"HG":"5"},"PF":{"53":"5"},"Q9":{"46":"5","7G":"5","55":"5"},"CC":{"M8":"4"},"M4":{"GM":"5","9X":"5","HJ":"5","MQ":"5","RX":"5","HM":"5","JR":"5","MR":"5","QX":"5","JX":"5","GQ":"5","XX":"5","GX":"5","HH":"5","PQ":"5","3C":"5","HX":"5","VX":"5","WX":"5","GV":"5","GW":"5"},"Q8":{"44":"5","C9":"5"},"P6":{"FC":"5","F9":"5","84":"5"},"P5":{"FR":"5","PJ":"5","GV":"5","8R":"5","FV":"5","WQ":"5","9P":"5","57":"5","XR":"5","WR":"5","8V":"5","94":"5","XQ":"5"},"RG":{"87":"4"},"2C":{"69":"4"}},"GW":{"R4":{"HP":"5"},"67":{"3R":"5"},"57":{"XP":"5"},"WX":{"VJ":"5","VM":"5"},"79":{"JF":"5"}},"P6":{"93":{"99":"5"},"H5":{"69":"5"},"G7":{"R3":"5"}},"F9":{"H4":{"4C":"5"}},"CW":{"Q3":{"XV":"5"},"43":{"CP":"5"},"Q4":{"V5":"5"},"6P":{"4H":"5"},"PX":{"7X":"5"},"3V":{"Q6":"5","Q7":"5"},"RC":{"WM":"5","VM":"5"},"WW":{"2X":"5"},"97":{"33":"5"},"9X":{"8V":"4"},"6Q":{"78":"5","88":"5","68":"5","69":"5","89":"5","77":"5","87":"5","6C":"5","79":"5"},"QV":{"GM":"5"},"9H":{"WH":"5"},"6M":{"X8":"5","69":"5","RH":"5","X9":"5","VH":"5","M9":"5","QF":"5","VG":"5","CJ":"5","W8":"5","CM":"5","WG":"5","MG":"5","RF":"5","79":"5"},"GV":{"GM":"5"}},"66":{"GX":{"QW":"5"}},"77":{"3Q":{"WQ":"5"},"CW":{"VV":"5","MX":"5","RV":"5"},"WM":{"PV":"5","JR":"5"},"4M":{"R8":"5","R3":"5"},"CX":{"J3":"5","F7":"5","G7":"5"},"9P":{"46":"5"},"RR":{"5W":"5"}},"RQ":{"JQ":{"3X":"5","3P":"5"},"JR":{"32":"5","23":"5"}},"HF":{"38":{"QW":"5"}},"CH":{"XQ":{"RH":"5","QJ":"5"},"5F":{"7X":"5"},"PM":{"MC":"5"},"2J":{"25":"5"},"R6":{"48":"5"},"XX":{"H7":"5","H6":"5"},"5R":{"JC":"5","WM":"5","X6":"5","V4":"5"},"HF":{"WQ":"5"},"3V":{"QM":"5","MP":"5","PJ":"5","JM":"5","PM":"5","JP":"5","MJ":"5","MM":"5"},"XR":{"JC":"5","HF":"5"},"7Q":{"RW":"5"},"7V":{"CW":"5","FW":"5"},"JW":{"X5":"5"},"6Q":{"HW":"5","FC":"5","JW":"5","GW":"5"},"6R":{"9C":"5","4F":"5","3F":"5","3Q":"5","GG":"5","HH":"5","CC":"5","F6":"5","6M":"5","CF":"5","8C":"5","C3":"5","9Q":"5"},"C5":{"3Q":"5","4G":"5"},"6V":{"W8":"5"},"7R":{"76":"5","28":"5"},"V2":{"8J":"5","FP":"5","9H":"5","69":"5"}},"JF":{"63":{"5J":"5"},"53":{"X4":"5"},"5C":{"P3":"5"}},"94":{"QM":{"44":"5","45":"5"},"R2":{"VV":"5","WW":"5","MW":"5","VW":"5"},"64":{"W6":"4","67":"4","58":"4"},"V2":{"RP":"5"},"96":{"Q5":"4"},"95":{"34":"5"},"G5":{"J5":"4"}},"PJ":{"53":{"XW":"5","GC":"5","XV":"5","45":"5","GF":"5"},"64":{"38":"5","2G":"5","GX":"5","2F":"5","HW":"5","MF":"5","4Q":"5","HX":"5","26":"5","W2":"5","GW":"5"},"63":{"GJ":"5","8P":"5"},"CM":{"H6":"5"},"22":{"GC":"5"},"C4":{"GR":"5","4R":"5"},"88":{"FW":"5","7C":"5"},"32":{"36":"5"},"MJ":{"8W":"5"},"54":{"XQ":"5"},"98":{"HM":"5"},"65":{"4H":"5","5H":"5","3R":"5","2R":"5"}},"7F":{"FH":{"FX":"5"},"M9":{"CF":"5","8C":"5","6G":"5","89":"5","98":"5"},"6X":{"2V":"5","4Q":"5","2P":"5","2W":"5","3W":"5"},"3W":{"C2":"5"}},"R6":{"X3":{"39":"5"},"W3":{"9M":"5","CC":"5"}},"G4":{"24":{"JQ":"5"},"R4":{"4H":"5"},"FH":{"78":"4","JG":"4"},"36":{"J5":"5","H5":"5","H4":"5"}},"X6":{"5H":{"Q2":"5"},"5G":{"PW":"5","QW":"5"}},"88":{"2V":{"53":"5"}},"42":{"VJ":{"6F":"5","FC":"5","5G":"5"},"HW":{"VW":"5"},"VG":{"WW":"5"},"JW":{"F7":"5","G8":"5"},"HX":{"6X":"5","45":"5","8V":"5"}},"C6":{"9R":{"FR":"5"}},"4H":{"9F":{"XH":"5","X2":"5"},"W2":{"3X":"5"},"C6":{"P6":"5","HR":"5","GX":"5","RC":"5","PH":"5"},"FF":{"VJ":"5"},"JF":{"C7":"5"},"C3":{"7G":"5"},"X9":{"RW":"5","WG":"5"},"99":{"MC":"5","MF":"5","WF":"5","XV":"5","PF":"5","G9":"5"},"97":{"4W":"5"},"GJ":{"MF":"5"},"VC":{"47":"5"},"8G":{"78":"5","2M":"5","85":"5"},"G9":{"X8":"5","W8":"5"},"CF":{"33":"5","42":"5","53":"5","43":"5","G8":"5","23":"5","2W":"5","CG":"5","22":"5","52":"5","G7":"5","C8":"5","7G":"5","32":"5","46":"5","68":"5","5M":"5"},"7C":{"PQ":"5"},"M9":{"W9":"5"},"W3":{"3V":"5","2M":"5"},"89":{"C6":"5"},"75":{"WW":"5"},"VF":{"C9":"5","79":"5"},"74":{"RW":"5"},"98":{"3M":"5","5J":"5"},"X5":{"VF":"5"},"9G":{"WP":"5","3F":"5"},"F7":{"R5":"5"},"V3":{"XQ":"5"},"C5":{"HR":"5","HP":"5","JV":"5","JW":"5","HQ":"5"},"GF":{"56":"5","57":"5","3G":"5"},"C9":{"MP":"5","3P":"5"},"P3":{"MP":"5","64":"5","J8":"5","45":"5"},"9C":{"RX":"5","M7":"5","VC":"5","WG":"5","P7":"5"},"W9":{"3M":"5"},"HG":{"47":"5"},"7F":{"GV":"5","26":"5"},"HF":{"9J":"5"},"HC":{"FM":"5","FP":"5","CP":"5","CM":"5"},"Q9":{"49":"5","5C":"5","4C":"5"},"CC":{"C9":"5","4J":"5","2G":"5","2C":"5","5H":"5","44":"5","7W":"5","4Q":"5","3J":"5","7C":"5","2X":"5","7X":"5","3X":"5","C5":"5","6V":"5","4X":"5"},"WF":{"X3":"4"},"CH":{"5H":"5","5C":"5","GH":"5","6C":"5"},"5C":{"8J":"5","5G":"5","5F":"5"},"GC":{"FV":"4","HQ":"5"},"W4":{"J8":"5"},"F3":{"3G":"5"},"G7":{"V4":"5"},"C7":{"F8":"5"},"C4":{"6F":"5","45":"5"},"86":{"F8":"5","7F":"5"}},"QV":{"Q6":{"99":"5","7G":"5","CF":"5","FP":"5","G8":"5","6G":"5","FC":"5","F9":"5"},"H9":{"XM":"5","WM":"5"},"VH":{"CW":"5","V5":"5","Q7":"5","36":"5","9Q":"5"},"G8":{"47":"5"},"RP":{"MQ":"5"},"WH":{"53":"5"},"FQ":{"VG":"5","VF":"5","WG":"5"},"RJ":{"XW":"5"},"MP":{"QQ":"5"},"WG":{"H7":"5","J8":"5","R7":"5","H5":"5","G7":"5","J9":"5","Q8":"5","J7":"5","J4":"5","P7":"5"},"68":{"JW":"5"}},"2G":{"M8":{"Q4":"4"},"CG":{"H3":"4"},"M7":{"FH":"5","5G":"5","5C":"5","7C":"5","3W":"4"},"PQ":{"8M":"4"}}}}