{"index":{"university,1|retail,2|tourism,3|wreck,4|historical,5|artsCulture,6|namedBuilding,7|water,8|wetland,9|park,10|beach,11|natureReserve,12|cemetery,13|trail,14":{}},"59":{"M3":{"83":{"96":"4"},"M2":{"4C":"4"},"F2":{"X6":"4"},"43":{"7M":"4"},"G2":{"39":"4"}},"X3":{"WM":{"F7":"5"},"WJ":{"JX":"5","HX":"5"}},"W2":{"HG":{"RQ":"5"},"PJ":{"VF":"5"},"8R":{"6V":"5"},"CP":{"HG":"5","GG":"5","Q7":"5"},"G6":{"J9":"5"}},"J2":{"FR":{"65":"5"},"F7":{"7H":"5"},"VR":{"V9":"5"},"FQ":{"VM":"5"},"3J":{"WX":"4"}},"V2":{"8W":{"V4":"5"}},"H2":{"84":{"FP":"5"}},"W3":{"QG":{"78":"5"},"M2":{"6R":"5"},"PQ":{"2G":"5"},"MQ":{"XG":"5"},"X8":{"P6":"5"}},"V4":{"R7":{"56":"4"},"V8":{"JP":"4"}},"G2":{"72":{"29":"4"}},"X5":{"PP":{"PV":"4"},"CH":{"F6":"4"},"PC":{"8G":"5","7G":"5","88":"5","8F":"5","48":"5","68":"5","7F":"5","67":"5","57":"5","7C":"5","98":"5"},"FJ":{"92":"4"},"GH":{"GJ":"5","2X":"5","M9":"5","7M":"5","P4":"5","M4":"5","GF":"5","FF":"5"}},"X4":{"4W":{"42":"5","9X":"5"},"PM":{"QP":"5"},"38":{"MH":"5","FP":"5","PH":"5","Q9":"5","MJ":"5"},"3V":{"GX":"5","8H":"5"},"2W":{"5X":"5"},"3W":{"RM":"5","H9":"5","JC":"5","3W":"5","J9":"5","88":"5","5C":"5","36":"5","46":"5","HC":"5","3G":"5","98":"5"},"GP":{"67":"5"},"8R":{"39":"5"},"9X":{"9X":"5"},"2X":{"RH":"4","62":"5","73":"5"},"3X":{"J2":"5","P2":"5","Q6":"5"},"7R":{"78":"5","86":"5","C6":"5","87":"5"},"6W":{"6V":"5"}},"M2":{"HW":{"5P":"5","7P":"5","6M":"5","6P":"5"},"MX":{"8V":"5"}},"FG":{"FM":{"VM":"4","QQ":"5","VP":"4"}},"V3":{"C8":{"V2":"5","W2":"5"},"6G":{"8F":"4"},"28":{"6C":"5"},"2J":{"XJ":"5"},"7W":{"7H":"4"},"3F":{"CM":"5","CJ":"5","HX":"5","9J":"5","7V":"5"},"48":{"78":"5","C7":"5"},"2F":{"CP":"5","JW":"5","JV":"5","FV":"5","PV":"5","GM":"5","4F":"5","9M":"5","FQ":"5","CM":"5","FH":"5","HJ":"5","7J":"5","RX":"5","2M":"5","6H":"5","FP":"5","2F":"5","GP":"5","HM":"5","FJ":"5","FW":"5","JR":"5","MR":"5","GR":"5","9J":"5","FR":"5","FM":"5","7G":"5","8G":"5","QX":"5","JX":"5","HR":"5","MV":"5","GQ":"5","JM":"5","CJ":"5","CR":"5","9H":"5","2G":"5","JQ":"5","CV":"5","HV":"5","HW":"5","HQ":"5","MW":"5","MX":"5","3C":"5","8H":"5","JJ":"5","PW":"5","8J":"5","CH":"5","VX":"5","QW":"5","RW":"5","PX":"5","GV":"5","CG":"5","GW":"5","CQ":"5","7H":"5","HP":"5"},"6F":{"8P":"5"},"HM":{"8F":"5","9F":"5"},"73":{"CP":"5"},"C2":{"2P":"5"},"3H":{"WW":"5","JV":"5","7P":"5","6P":"5"},"Q6":{"2X":"5"},"CX":{"CC":"5","C9":"5"},"4J":{"32":"5"},"92":{"XJ":"5","WP":"5","PR":"5","VH":"5"},"29":{"QQ":"5","RQ":"5"},"7V":{"JC":"4"},"2G":{"P2":"5","M2":"5"},"69":{"Q5":"5","R5":"5"},"F7":{"2W":"5"},"Q2":{"HX":"5"},"2H":{"78":"5","J8":"5","9C":"5","77":"5"},"P2":{"RP":"5","WJ":"5","VW":"5"},"3G":{"52":"5","R4":"4","53":"5","XR":"5","55":"5"},"P3":{"VH":"5","V8":"5"},"64":{"2Q":"5","5H":"5","5J":"5","4J":"5"},"4H":{"8R":"5"},"C7":{"VX":"5","XW":"5"}},"Q2":{"MX":{"7M":"5","9W":"5"},"JX":{"WR":"5"},"6X":{"2Q":"4","29":"5"},"23":{"6G":"5"},"5X":{"X8":"5"},"4W":{"WJ":"5"}},"P2":{"4F":{"PH":"5"},"3C":{"VQ":"5"},"C4":{"3H":"5"}},"P3":{"82":{"GV":"5"},"83":{"84":"5"},"F5":{"27":"4"}},"R3":{"WF":{"VF":"4"},"XH":{"X2":"5"},"84":{"M7":"4"},"W7":{"H9":"5"},"J3":{"CM":"5","FJ":"5"},"XF":{"XG":"5","XV":"5","5X":"4","X8":"5","W8":"5"},"G3":{"GP":"5"},"XG":{"P6":"5","PJ":"5"}},"X2":{"29":{"GC":"5","C9":"5"}},"R2":{"8G":{"79":"5"},"7G":{"38":"5","46":"5","47":"5"},"5V":{"G4":"5","H5":"5","G5":"5","H4":"5","H6":"5"},"9G":{"X5":"5"},"5R":{"CG":"5","FH":"5","FG":"5","GG":"5","GH":"5"}},"J3":{"82":{"36":"4"}},"W4":{"WP":{"HG":"5"},"53":{"W3":"5"},"XQ":{"PW":"5","PV":"5","QW":"5","QV":"5"}}}}