{"index":{"university,1|retail,2|tourism,3|wreck,4|historical,5|artsCulture,6|namedBuilding,7|water,8|wetland,9|park,10|beach,11|natureReserve,12|cemetery,13|trail,14":{}},"5F":{"6V":{"VQ":{"C6":"5"},"4Q":{"9G":"5"},"RR":{"MP":"5"}},"8P":{"2F":{"35":"4","34":"4"}},"GR":{"X8":{"6Q":"5"}},"HP":{"95":{"83":"5"},"5M":{"JP":"5"}},"QJ":{"46":{"38":"5"},"2X":{"RH":"5"},"P9":{"RW":"5","RV":"5"}},"VM":{"HG":{"6R":"5"},"PJ":{"7X":"5"},"CC":{"C2":"5","97":"5"},"PM":{"62":"5","72":"5"},"C9":{"FW":"5"}},"2X":{"X5":{"93":"5"}},"MQ":{"76":{"F2":"5"},"5C":{"QP":"5"},"79":{"F5":"5"}},"8V":{"M3":{"FG":"5","GG":"5"}},"8R":{"4G":{"V6":"5","R5":"5"}},"RP":{"X6":{"6W":"5"}},"9R":{"GX":{"RJ":"5"},"J4":{"PG":"5"},"9Q":{"P9":"5"}},"VQ":{"6P":{"GQ":"5","FM":"5"},"5Q":{"84":"5"}},"9W":{"GX":{"XG":"5","WG":"5"},"HX":{"28":"5"}},"GW":{"C4":{"R5":"5"}},"9Q":{"C8":{"2X":"5"},"5C":{"CF":"5","9G":"5"},"V6":{"F8":"5"}},"FR":{"GJ":{"RR":"5"},"V5":{"R4":"5","V3":"5"},"GM":{"F3":"5"}},"VR":{"JW":{"5R":"5","5Q":"5"}},"PM":{"XC":{"R6":"5","R5":"5"},"V6":{"8M":"5"},"7V":{"7P":"5","8Q":"5"},"WG":{"XV":"5"},"RM":{"3P":"5","6M":"5","3M":"5","6R":"5","7Q":"5"}},"CR":{"X9":{"4R":"5"},"2W":{"78":"5","95":"5","89":"5","9C":"5","C7":"5"}},"XQ":{"R2":{"22":"5"}},"WP":{"Q8":{"Q5":"5"},"H8":{"X2":"5"}},"4X":{"Q8":{"8J":"5","8H":"5","7H":"5","9J":"5","7J":"5"}},"9P":{"CQ":{"G3":"5"},"8G":{"8F":"5","HJ":"5","7F":"5","9P":"5","9G":"5","9F":"5","FF":"5"},"8H":{"H3":"5"},"2H":{"CM":"5"},"9Q":{"JX":"5"},"GW":{"75":"5"}},"2V":{"PJ":{"GM":"5"},"8R":{"88":"5"},"GR":{"3P":"5"},"4M":{"36":"5"},"2M":{"F2":"5"},"8V":{"MM":"5"},"RQ":{"7M":"5"}},"PH":{"6W":{"X2":"5"}},"HR":{"5W":{"RR":"5","RQ":"5"}},"7R":{"V9":{"82":"5"},"V8":{"7W":"5","6W":"5"},"F4":{"W7":"5"},"5X":{"5H":"5"}},"CQ":{"FH":{"92":"5","MG":"5"},"8F":{"QJ":"5"},"HX":{"H6":"5"},"6J":{"2R":"5"}},"9X":{"JQ":{"X6":"5"}},"FV":{"F6":{"MR":"5","VV":"5","PR":"5","WR":"5"},"9C":{"V7":"5","V8":"5","W7":"5","W8":"5"}},"CW":{"XV":{"MV":"5","MR":"5","JV":"5","JJ":"5","JR":"5"}},"CM":{"QM":{"C6":"4"},"6X":{"H3":"5"}},"8Q":{"FC":{"2C":"5"}},"4V":{"HW":{"XW":"5","XV":"5"},"CJ":{"C5":"5"}},"WM":{"2Q":{"Q7":"5"},"QR":{"XP":"5"},"VW":{"FM":"5"}},"GM":{"VJ":{"J9":"5"}},"9V":{"J2":{"7X":"5"},"83":{"QH":"5","PH":"5","QJ":"5"},"G3":{"75":"5"},"C3":{"HR":"5","QJ":"5","JP":"5","QP":"5","8P":"5","9F":"5","JQ":"5","VP":"5","RJ":"5","MP":"5","MQ":"5","FP":"5","GR":"5","MM":"5","9P":"5","HP":"5","QM":"5","GV":"5"},"W9":{"W7":"5"},"77":{"4V":"5"},"GH":{"XW":"5"},"C4":{"M5":"5"}},"7Q":{"FP":{"FH":"5"}},"QP":{"86":{"WF":"5","WC":"5"},"5G":{"GV":"5","FV":"5"}},"XP":{"QX":{"GQ":"5","VX":"5","FQ":"5","WX":"5","VW":"5"},"RX":{"JX":"5","JW":"5"},"76":{"MC":"5"},"64":{"W9":"5"},"59":{"CW":"5"},"58":{"6G":"5","28":"5"},"48":{"MV":"5","MF":"5","W7":"5","X8":"5"},"7X":{"6J":"5"},"28":{"RH":"5"}},"5R":{"88":{"F2":"5"},"87":{"P6":"5","WG":"5"}},"6P":{"7R":{"9M":"4"}},"JP":{"6M":{"JW":"5"}},"RQ":{"73":{"88":"5","RP":"5"}},"JQ":{"WP":{"MG":"5"},"GV":{"C7":"5","97":"5"},"MX":{"95":"5"}},"4Q":{"R7":{"5X":"5"},"R8":{"54":"5","32":"5","52":"5","42":"5","64":"5","76":"5","62":"5","72":"5","53":"5","33":"5","43":"5","55":"5","66":"5"}},"7V":{"QF":{"9R":"5"}},"QQ":{"FX":{"CX":"5"}},"FP":{"62":{"MC":"5"},"C9":{"3F":"5"},"7R":{"VV":"5"}},"PJ":{"R4":{"4X":"5","3V":"5","5X":"5","4W":"5"},"3V":{"6G":"5"},"W7":{"CR":"5"},"R5":{"52":"5","G3":"4"}},"QV":{"6M":{"3Q":"5"}},"3R":{"HV":{"JQ":"5"}},"MP":{"P8":{"84":"5"}},"MH":{"FM":{"2C":"4"}},"QM":{"38":{"PC":"5","P9":"5","QG":"5","RC":"5","QC":"5","VC":"5","V9":"5","VF":"5","WC":"5","VG":"5","QF":"5","W9":"5","RF":"5","PF":"5","Q9":"5","WF":"5","WG":"5","R9":"5","RG":"5"},"3H":{"99":"5"},"3C":{"GR":"5"},"5C":{"44":"5"},"3F":{"69":"5","9C":"5","8F":"5","JP":"5","PR":"5","PX":"5","MW":"5","JQ":"5","JR":"5","MX":"5","MQ":"5","JW":"5","58":"5","GR":"5","7F":"5","99":"5","HP":"5","HX":"5","HQ":"5","68":"5"},"3G":{"P2":"5","F7":"5","P3":"5","56":"5","JM":"5","V6":"5","JJ":"5","G5":"5","MJ":"5","66":"5","MM":"5"}},"2R":{"PV":{"V8":"5"}},"XM":{"JX":{"7P":"5"},"7P":{"9X":"5"},"7Q":{"82":"5"}},"PX":{"R5":{"R6":"5"}},"JR":{"24":{"JW":"5"},"G8":{"GQ":"5"},"22":{"8F":"5"}},"GV":{"QP":{"48":"5","57":"5"},"C7":{"RH":"5"}},"JM":{"MR":{"5X":"5","4W":"5"}},"QR":{"7H":{"X5":"5"}},"6R":{"4R":{"7H":"5"},"7C":{"7V":"5"},"PG":{"VR":"5"}},"3W":{"HP":{"2Q":"5","5J":"5","6J":"5"}},"5Q":{"35":{"PP":"5","MP":"5","JQ":"5","HP":"5","JP":"5","HQ":"5"},"95":{"82":"5","J9":"5"},"93":{"7Q":"5"},"76":{"XQ":"5","VQ":"5","XH":"5","WH":"5","VJ":"5","HG":"5","G9":"5","HF":"5","GH":"5","GC":"5","WP":"5","VP":"5","RJ":"5","WQ":"5","JG":"5","VM":"5","GG":"5","HH":"5","WJ":"5","XJ":"5","WV":"5"},"94":{"58":"5","6M":"5"}},"5W":{"HG":{"X4":"5"},"C4":{"CM":"5"}}}}