{"5H":{"MX":{"9J":{"WR":"4"}},"R9":{"CR":{"29":"5"}},"PG":{"78":{"9Q":"5"},"68":{"V3":"5","R3":"5"},"CC":{"42":"5"},"89":{"66":"5"},"RC":{"7M":"5"},"X7":{"8W":"5","4M":"5"},"R3":{"QQ":"5"}},"V6":{"R7":{"6Q":"4","6P":"4"},"PG":{"QJ":"5"}},"RC":{"25":{"CH":"5"},"C9":{"R9":"4"},"H8":{"F7":"5"},"8F":{"92":"5"},"H7":{"VG":"5","WF":"5","VH":"5","VF":"5"},"J5":{"WR":"5"},"FM":{"V7":"5"},"M6":{"H9":"5","M4":"5","H8":"5","J6":"5","G5":"5","G8":"5","J7":"5","H4":"5","H7":"5","J5":"5","G4":"5","F8":"5","P6":"5","C6":"5","J9":"5","H6":"5","M8":"5","H5":"5","G7":"5","F7":"5","C8":"5","G6":"5","M6":"5","J4":"5","M7":"5","P5":"5","F6":"5","P8":"5","F5":"5","F4":"5","C5":"5","J8":"5","M5":"5","C7":"5"},"99":{"6C":"5"},"8C":{"GV":"5"}},"M8":{"3R":{"2H":"5"},"2R":{"RF":"5","RC":"5"}},"Q2":{"2C":{"XM":"5","XP":"5"},"CM":{"GJ":"5"},"3C":{"4P":"5","4M":"5","2Q":"5","3P":"5","3Q":"5","4Q":"5","3M":"5","2M":"5","2P":"5"},"7R":{"8M":"5"}},"G6":{"VQ":{"3R":"5","3W":"5"},"7X":{"6P":"5"}},"P7":{"2V":{"7H":"5","GH":"5"}},"F6":{"M9":{"37":"5","47":"5"},"JX":{"FQ":"5"}},"W2":{"JG":{"RH":"5","RG":"5","VG":"5","VF":"5"},"34":{"83":"5"}},"G9":{"9M":{"6P":"5"},"42":{"MP":"5","JM":"5","MQ":"5"},"J3":{"PR":"5","PQ":"5"},"JC":{"CM":"5"},"22":{"RW":"5","WP":"5","VV":"5","RP":"5","WQ":"5","VW":"5","RQ":"5"},"JM":{"FR":"5"},"XR":{"PJ":"5"},"X7":{"FW":"5"}},"RF":{"QM":{"V6":"5"},"XC":{"HF":"5"},"XG":{"F8":"5"},"PR":{"WP":"5"},"V8":{"PR":"5"},"QP":{"QQ":"5"},"XF":{"RG":"5","VG":"5"},"R6":{"QW":"5","M5":"5"},"R5":{"27":"5"},"FX":{"5Q":"5"},"RQ":{"4F":"5"}},"PF":{"GQ":{"65":"4"},"HP":{"5P":"5"}},"C8":{"RH":{"PW":"5"},"7X":{"67":"5"}},"G7":{"FF":{"75":"5"}},"JF":{"XV":{"X2":"5"},"GF":{"62":"5"}},"C5":{"79":{"46":"5","58":"5"}},"85":{"CQ":{"W7":"5"},"JM":{"VG":"5","R8":"5","X9":"5","RV":"5","RR":"5"},"MM":{"4P":"5"}},"68":{"XX":{"FX":"5"},"W9":{"3J":"5"},"XV":{"7R":"5"},"Q3":{"PW":"5"}},"RG":{"24":{"MF":"5"},"J2":{"V4":"5","Q2":"5"}},"Q9":{"4X":{"CP":"5"}},"C9":{"J2":{"8G":"5","GG":"5","CR":"5","9Q":"5"},"J3":{"52":"5"},"8M":{"4Q":"5"},"H3":{"2Q":"5","2R":"5","2P":"5"},"P3":{"93":"5"},"H5":{"F6":"5","G6":"5","G5":"5","J4":"5","F5":"5"},"G3":{"RG":"5","QG":"5","VM":"5"}},"W5":{"76":{"4M":"5","4J":"5"},"4G":{"66":"5"},"77":{"X3":"5","J6":"5","X2":"5"}},"JC":{"5C":{"HF":"5","CH":"5","FJ":"5","9G":"5"},"MJ":{"FR":"5"},"HH":{"JW":"5","CR":"5"}},"FQ":{"37":{"6Q":"5","7Q":"5"},"2J":{"PX":"5","QX":"5"},"38":{"8M":"5"},"4F":{"92":"5","84":"5","F3":"5","62":"5","72":"5","G3":"5","85":"5","82":"5"},"4H":{"32":"5","33":"5"},"39":{"XG":"5"},"3F":{"MV":"5","FR":"5","6P":"5","P7":"5"},"3J":{"4X":"5","X2":"5"},"3H":{"2M":"5"},"3M":{"5F":"5","4J":"5"},"2M":{"4G":"5","Q2":"5","3G":"5"},"29":{"R4":"5","75":"5"},"4C":{"CW":"5","FW":"5","CX":"5","9V":"5","FX":"5","9X":"5","GW":"5"},"3G":{"P6":"5"},"4G":{"47":"5"},"28":{"RC":"5"}},"HF":{"R9":{"9R":"5","HQ":"5"},"RC":{"W7":"5","R5":"5","W8":"5"}},"V7":{"66":{"8P":"5","CM":"5","CJ":"5"},"34":{"6P":"5"},"64":{"J2":"5","Q3":"5","M4":"5","P4":"5"},"23":{"MR":"5"},"44":{"3R":"5"},"67":{"2F":"5","94":"5"},"63":{"QX":"5","PG":"5"},"55":{"4M":"5","9V":"5","3V":"5","8Q":"5"},"74":{"HJ":"5"},"45":{"PX":"5","PW":"5","QW":"5","WW":"5","QX":"5"},"35":{"82":"5","W5":"5","W4":"5"}},"P8":{"78":{"G4":"5","J8":"5","MF":"5","M9":"5","HF":"5","C3":"5","Q3":"5","PH":"5","M4":"5","J4":"5","H4":"5"},"88":{"HV":"5"},"76":{"M8":"5"},"5W":{"HH":"5"},"3J":{"V5":"5"},"66":{"MR":"5"}},"97":{"86":{"4F":"5"},"J9":{"PQ":"5"}},"88":{"VM":{"X5":"5"}},"CQ":{"PC":{"53":"5","M6":"5","66":"5"},"PM":{"94":"5","84":"5"},"W7":{"R7":"5","V7":"5","R6":"5"},"MJ":{"C4":"5"},"R8":{"VF":"5"},"R7":{"MP":"5","PQ":"5","4R":"5","JP":"5"},"X9":{"8X":"5","7W":"5","7V":"5","6R":"5"},"QP":{"63":"5"},"QR":{"H4":"5"},"MR":{"M2":"5"},"QC":{"9X":"5"},"XJ":{"M9":"5"},"VP":{"XM":"5"},"VC":{"M2":"5","MF":"5","WM":"5","XP":"5","PM":"5"},"RH":{"P3":"5"},"VQ":{"FQ":"5"},"PG":{"6F":"5","7C":"5"},"PJ":{"2W":"5"},"V9":{"RR":"5","8Q":"5"},"QM":{"Q3":"5"},"JG":{"V9":"5"},"JM":{"C3":"5"},"WC":{"J5":"5","J3":"5","FJ":"5","5C":"5","H4":"5"},"VF":{"QW":"5","FC":"5","GP":"5","9C":"5","CX":"5","7C":"5"},"QF":{"VR":"5","2C":"5","3C":"5","6V":"5"},"XC":{"63":"5","F9":"5","3W":"5"},"XP":{"87":"5","W2":"5"},"VJ":{"7G":"5"},"JP":{"G6":"5","JJ":"5"},"W9":{"MP":"5","PV":"5","QR":"5","FQ":"5","MQ":"5","PM":"5","WR":"5"},"RF":{"PF":"5","7R":"5"},"JJ":{"9H":"5","8W":"5","6W":"5","7V":"5","C9":"5"},"XF":{"3V":"5","25":"5"},"MF":{"5H":"5","6G":"5","6H":"5","9J":"5","4J":"5"},"WF":{"V9":"5","WP":"5","QW":"5","RF":"5"},"Q8":{"VJ":"5"},"W6":{"8W":"5","VF":"5"},"WG":{"M8":"5","46":"5","QH":"5","V2":"5","G7":"5","QP":"5","PC":"5"},"X7":{"XJ":"5","R9":"5","RC":"5","WJ":"5","PC":"5","M5":"5","Q9":"5","QC":"5"},"WP":{"9V":"5","2M":"5","HQ":"5"},"RG":{"9P":"5","6P":"5","5J":"5"}},"QF":{"QW":{"QW":"5"},"GR":{"C8":"5"},"HX":{"R3":"5"}},"FV":{"MG":{"JG":"5","GC":"5"},"J9":{"W6":"5","H6":"5"},"XH":{"H4":"5"},"QG":{"95":"5","GM":"5"},"HJ":{"8X":"5","8P":"5","9P":"5","8V":"5","9Q":"5"},"MQ":{"7H":"5"},"JF":{"P9":"5"},"HM":{"82":"5"},"QC":{"P7":"5"},"G9":{"5F":"5"},"G8":{"XC":"5","WF":"5","QQ":"5"},"JQ":{"3G":"5"},"VG":{"2H":"5"},"QF":{"CQ":"5","3Q":"5","74":"5","CP":"5","6H":"5","5F":"5","3M":"5"},"VJ":{"76":"5"},"JP":{"J2":"5","GC":"5","FC":"5","P4":"5","FF":"5"},"FG":{"HF":"5"},"RQ":{"2G":"5","5F":"5","3C":"5","2H":"5"},"WM":{"PP":"5"},"QQ":{"6Q":"5","6V":"5"},"VH":{"VJ":"5","RH":"5","VG":"5","C9":"5"},"RF":{"JC":"5","FC":"5","JP":"5","GF":"5"},"RP":{"4F":"5","4C":"5"},"MF":{"XX":"5"},"WG":{"8C":"5","7C":"5"},"RG":{"P3":"5","J6":"5","R6":"5","R3":"5","H6":"5"},"HP":{"W5":"5","V3":"5","V4":"5","6V":"4"}},"9C":{"R2":{"J6":"5"},"V2":{"69":"5"}},"P9":{"83":{"G4":"5","G5":"5"},"CJ":{"MC":"5"},"JP":{"CM":"5"},"4J":{"QM":"5"}},"P2":{"WP":{"XG":"5"},"XP":{"9R":"5","7M":"5","CP":"4","9P":"5","7J":"5","9Q":"5"}},"M9":{"M8":{"52":"5","95":"5","R7":"5","W9":"5","V8":"5","Q5":"5","73":"5","V6":"5","X9":"5"},"J2":{"XG":"5","MX":"5"},"M7":{"6G":"5","6X":"5","VM":"5","H8":"5","79":"5"},"H5":{"74":"5"},"RC":{"R4":"5"},"P8":{"P3":"5","M3":"5","64":"5","84":"5","C6":"5","H6":"5","G6":"5","J4":"5","F6":"5","C5":"5","R2":"5","27":"5"},"WJ":{"6X":"5"},"Q7":{"37":"5","66":"5","9G":"5","56":"5","4J":"5","G8":"5","G9":"5","5H":"5","2P":"5","46":"5","27":"5"},"P7":{"VX":"5","JC":"5","XW":"5","V5":"5","69":"5","4M":"5","XR":"5","G9":"5"}},"H9":{"28":{"JC":"5"},"4F":{"QG":"5","GX":"5","WP":"5","WQ":"5","GR":"5","WR":"5","HV":"5"},"2J":{"CR":"5"},"96":{"X4":"5"},"3F":{"PV":"5","GC":"5"},"3Q":{"GG":"5","GF":"5"},"7M":{"F6":"5"},"2P":{"HQ":"5"},"6H":{"Q6":"5","Q7":"5"},"5F":{"H8":"5"},"3H":{"P2":"5","P3":"5","87":"5","97":"5"},"3V":{"48":"5"},"2R":{"XM":"5","VC":"5"},"CJ":{"5X":"5"},"5G":{"3X":"5"},"2G":{"VP":"5"},"3J":{"J6":"5","H6":"5"},"4M":{"22":"5","23":"5"},"3G":{"QW":"5","JC":"5","PH":"5","QH":"5","QF":"5","9J":"5","JG":"5","HM":"5","WM":"5","MC":"5","MH":"5","GR":"5","GJ":"5","MJ":"5","FF":"5","JJ":"5","JF":"5"},"78":{"2W":"5"},"5M":{"23":"5"},"5J":{"3Q":"5","2J":"5","2F":"5","6M":"5","3F":"5"},"4H":{"7G":"5","CG":"5","W5":"5","7H":"5","8H":"5","6H":"5","45":"5","9G":"5"},"3R":{"82":"5","93":"5","3P":"5","73":"5","H4":"5","4P":"5"},"M4":{"P7":"5"},"5C":{"JQ":"5"},"5H":{"32":"5","22":"5"},"4G":{"F2":"5"}},"CC":{"W5":{"3J":"5"},"W2":{"C5":"5"}},"V5":{"PP":{"9R":"5"}},"H6":{"8J":{"GF":"5"},"W2":{"RH":"5"}},"J4":{"WP":{"FC":"4","F9":"4"}},"PC":{"PG":{"VJ":"5"}},"F9":{"33":{"FW":"5","42":"5","5Q":"5","FX":"5","7W":"5","2W":"5","FQ":"5","52":"5","5W":"5","45":"5","7V":"5","6Q":"5","6X":"5"},"34":{"H3":"5"},"83":{"X9":"5"},"V3":{"X6":"5"},"23":{"W7":"5","QQ":"5","X7":"5"},"Q9":{"4J":"5","4P":"5"},"X3":{"24":"5","25":"5"},"W3":{"W5":"5","C9":"5","H8":"5","V6":"5","R6":"5","J7":"5","G9":"5","R7":"5","Q8":"5","V7":"5","M8":"5","C8":"5","W6":"5","89":"5","P8":"5","P7":"5","F9":"5","X4":"5","J8":"5","79":"5"},"22":{"QX":"5"},"F6":{"7V":"5","8V":"5"},"82":{"RW":"5"},"93":{"H9":"5","4M":"5","28":"5","H8":"5","6P":"5","6C":"5","4P":"5"},"C7":{"2P":"5"}},"98":{"H4":{"WH":"5"}},"77":{"FJ":{"78":"5","68":"5"},"66":{"FR":"5","GV":"5","GR":"5"},"93":{"W5":"5","V5":"5","W3":"5","V3":"5","W2":"5"},"39":{"32":"5"},"F8":{"XJ":"5","8G":"5","Q4":"5","P5":"5","XM":"5","WM":"5","M5":"5","M4":"5"},"4M":{"32":"5","22":"5","X7":"5"},"F5":{"9C":"5","87":"5","9G":"5","7J":"5","8F":"5","8G":"5","9F":"5","97":"5","CJ":"5","CH":"5","89":"5","88":"5","9H":"5","99":"5","7F":"5","C7":"5","98":"5"},"G6":{"7G":"5","GX":"5","6G":"5","7F":"5","5G":"5","6H":"5","7C":"5","9G":"5","FX":"5","6C":"5","79":"5"},"5G":{"RX":"5","4R":"5","3V":"5","5V":"5"},"5H":{"R2":"5","FH":"5","FJ":"5"},"F6":{"Q4":"5","R4":"5","M5":"5","P4":"5","M4":"5"},"23":{"6R":"5","5Q":"5"},"GF":{"53":"5","92":"5","Q7":"5","F3":"5","26":"5","C4":"5","CW":"5","95":"5","CV":"5","RV":"5","85":"5","P7":"5","GR":"5","93":"5","54":"5","27":"5","GV":"5"},"G9":{"37":"5","66":"5","6C":"5","38":"5","M2":"5","8F":"5","PX":"5","3F":"5","47":"5","58":"5","48":"5","7C":"5","2X":"5","5C":"5","6G":"5","7G":"5","3X":"5","2P":"5","MJ":"5","7F":"5","79":"5"},"8M":{"WR":"5"},"C8":{"J2":"5","G2":"5"},"G7":{"66":"5","G5":"5","64":"5","HG":"5","67":"5","63":"5","G4":"5","74":"5","F3":"5","JX":"5","C6":"5","H5":"5","G3":"5","JW":"5","GG":"5","F6":"5","F5":"5","MC":"5","F4":"5","HW":"5","C5":"5","JF":"5","MV":"5","C3":"5"},"9G":{"Q6":"5","X3":"5","R9":"5","8C":"5","2C":"5","R8":"5","RC":"5","5F":"5","5C":"5","V6":"5","7C":"5","Q9":"5","QC":"5","R6":"5","6C":"5"},"46":{"CR":"5"},"Q8":{"J5":"5"},"85":{"C8":"5","4X":"5","88":"5","GV":"5","FP":"5","M7":"5","F7":"5","GR":"5","C7":"5","W7":"5","XR":"5","5X":"5","W8":"5","98":"5"},"7F":{"6M":"5"},"68":{"JC":"5","JH":"5","HJ":"5","GP":"5","JG":"5","HH":"5","MC":"5","MF":"5","HP":"5","JF":"5"},"C9":{"RF":"5","M5":"5","23":"5"},"96":{"2G":"5","2F":"5","XV":"5","XR":"5","WR":"5","3F":"5","WV":"5"},"32":{"GX":"5","HX":"5","FX":"5"},"4C":{"X5":"5"},"MJ":{"2G":"5","3F":"5"},"88":{"RW":"5","96":"5","RX":"5","WW":"5","86":"5","75":"5","85":"5","VW":"5"},"9C":{"P6":"5","W9":"5","XR":"5","WC":"5","XQ":"5"},"45":{"97":"5"},"7C":{"GV":"5","PR":"5","MX":"5","5V":"5","HV":"5","5Q":"5"},"JJ":{"XG":"5","VF":"5"},"CC":{"54":"5","3Q":"5","2Q":"5","64":"5","44":"5","68":"5","89":"5","4M":"5","3P":"5","57":"5","67":"5","2P":"5","4P":"5"},"27":{"CX":"5","5V":"5"},"9H":{"MP":"5","PP":"5","PQ":"5","GP":"5","MQ":"5","JP":"5"},"33":{"H7":"5","G8":"5","G7":"5","G6":"5","H2":"5","H6":"5"},"2F":{"V9":"5","R8":"5","V8":"5"},"4J":{"4X":"5","2V":"5","2R":"5","2W":"5","4W":"5","3W":"5"},"9M":{"92":"5"},"FF":{"X7":"5","R3":"5","44":"5","55":"5","74":"5","R4":"5","45":"5","54":"5"},"49":{"49":"5"},"48":{"XX":"5","WX":"5"},"FM":{"69":"5","96":"5","M4":"5","G9":"5","8G":"5","5G":"5","97":"5","C6":"5","C8":"5","J4":"5","6G":"5","5J":"5"},"F9":{"WH":"5","H5":"5","F6":"5","WG":"5","H4":"5","F5":"5","XQ":"5","H6":"5"},"6J":{"HW":"5"},"5C":{"56":"5","4M":"5","64":"5","84":"5","55":"5","74":"5","C6":"5","4Q":"5","85":"5","C5":"5"},"C7":{"MV":"5","PX":"5","PW":"5","PV":"5","MX":"5","JX":"5","CX":"5"},"98":{"XC":"5"},"75":{"XX":"5"},"9J":{"95":"5","85":"5"},"3J":{"XW":"5","XR":"5"},"GC":{"2J":"5","H9":"5","H3":"5","H8":"5","8X":"5","3P":"5","Q7":"5","R7":"5","F8":"5","J9":"5","M8":"5","9X":"5","G3":"5","9W":"5","F6":"5","8W":"5","3M":"5","P7":"5","2M":"5","F9":"5","J8":"5"},"5M":{"MR":"5","F3":"5","C3":"5","C2":"5"},"2H":{"WF":"5","VF":"5","XF":"5"},"7V":{"H4":"5"},"G8":{"M3":"5","JW":"5","R8":"5","3Q":"5","J2":"5","2P":"5","V8":"5","H2":"5","JC":"5","G2":"5","V7":"5","HV":"5","HH":"5","M2":"5","HW":"5","MC":"5","P2":"5","HF":"5","HX":"5","GW":"5","3P":"5"},"FC":{"7J":"5","R3":"5","J5":"5","7M":"5","R4":"5","8R":"5","7Q":"5","WG":"5","WJ":"5","XJ":"5","7R":"5","XM":"5"},"78":{"3H":"5"},"99":{"J9":"5","FV":"5","GM":"5","H8":"5","WJ":"5","J5":"5","RJ":"5","MQ":"5","FP":"5","GP":"5","HM":"5","W5":"5","GJ":"5","FR":"5","G9":"5","G8":"5","V5":"5","M9":"5","J4":"5","V4":"5","JQ":"5","H6":"5","H7":"5","V3":"5","WM":"5","MP":"5","J8":"5","QH":"5","RP":"5","J7":"5","HF":"5","R3":"5","VM":"5","MM":"5","FC":"5","G5":"5","M4":"5","W4":"5","R4":"5","Q4":"5","CQ":"5","H9":"5","HP":"5"},"38":{"3H":"5"},"7G":{"66":"5","65":"5"},"58":{"9R":"5","2X":"5","3X":"5","CR":"5","2W":"5"},"94":{"4H":"5","2V":"5","PH":"5","QH":"5","MW":"5","HG":"5","GH":"5","HJ":"5","2W":"5","JM":"5","JG":"5","JW":"5","GG":"5","MG":"5","5J":"5","HW":"5","MM":"5","GJ":"5","PW":"5"},"95":{"C3":"5","92":"5","2R":"5","26":"5","C2":"5"},"42":{"7M":"5"},"C6":{"M5":"5","J4":"5"},"28":{"67":"5","57":"5","77":"5","26":"5"},"5Q":{"J5":"5","J4":"5"},"84":{"WR":"5","5X":"5"},"3C":{"G4":"5","F4":"5"},"6H":{"W5":"5","W4":"5","V4":"5"}},"GC":{"PV":{"MP":"5"},"HW":{"9J":"5"},"MX":{"QH":"5","7H":"5","6G":"5","6H":"5","GH":"5"},"9Q":{"9R":"5"},"H6":{"54":"5"}},"M7":{"J8":{"7W":"5","6W":"5","5X":"5"},"GC":{"4M":"5"},"P9":{"GC":"5"},"XV":{"RC":"5","VC":"5"},"CH":{"C7":"5"},"V8":{"XG":"5"}},"J6":{"2Q":{"PP":"5"}},"G8":{"RG":{"JC":"5"},"WP":{"7W":"5","7V":"5","8V":"5","7R":"5"},"VR":{"W3":"5"},"XV":{"94":"5","79":"5"},"XR":{"PH":"5"},"VQ":{"R4":"5","V4":"5","R5":"5"}},"FC":{"44":{"2R":"5"},"5C":{"M6":"5"}},"MF":{"HR":{"8X":"5"},"2V":{"22":"5"},"3H":{"GM":"5"},"4M":{"PJ":"5"},"RQ":{"J8":"5"}},"78":{"2C":{"62":"5"},"29":{"8X":"5","F8":"5"}},"99":{"5R":{"GC":"5","MM":"5"}},"M6":{"7F":{"3V":"5"}},"VF":{"Q5":{"P9":"5"},"76":{"5M":"5"},"Q9":{"5G":"5","84":"5"},"M8":{"FP":"5","PQ":"5"},"24":{"VH":"5"},"M7":{"9R":"5","9V":"5"},"P8":{"58":"4"},"P7":{"9M":"4","4R":"5","JQ":"5","9V":"5","JX":"5","HV":"5","FM":"4","5W":"5","7V":"5","5V":"5","JV":"5","GX":"4","8V":"5","6V":"5","CR":"5","4V":"5","HP":"4","6W":"5","HQ":"4","GV":"5"}},"67":{"PP":{"49":"5","48":"5","5F":"5"},"MV":{"54":"5","52":"5"},"MR":{"7W":"5","7X":"5"},"JQ":{"7G":"5","8F":"5","C7":"5"},"QF":{"9J":"5"},"QW":{"8G":"5","8M":"5","8H":"5","9H":"5","VM":"5","9G":"5","XQ":"5"},"PR":{"RC":"5"},"VG":{"5W":"5"},"MQ":{"96":"5"},"VC":{"MF":"5"},"X4":{"63":"5","85":"5"},"RR":{"Q5":"5","Q3":"5","R6":"5","R5":"5"},"QQ":{"Q3":"5","R3":"5"},"X7":{"CV":"5","RP":"5","CW":"5","QP":"5"},"JR":{"RW":"5","VW":"5"},"X8":{"M3":"5","J2":"5","J3":"5","MC":"5","M2":"5","PF":"5"}},"QC":{"7H":{"MX":"5"},"V3":{"4R":"5"},"7J":{"Q7":"5"}},"HC":{"3C":{"G8":"5"},"7X":{"9H":"5"},"36":{"2J":"5","3J":"5","4J":"5"}},"H8":{"52":{"5J":"5"},"63":{"H2":"5","G2":"5"},"95":{"Q5":"5"},"83":{"22":"5"},"62":{"JW":"5"},"73":{"X2":"5"},"2W":{"W5":"5"}},"V2":{"2G":{"W6":"5","Q8":"5","JJ":"5","R3":"5"},"MH":{"7M":"5","6J":"5"},"Q4":{"3G":"5"},"RF":{"MF":"5"}},"69":{"X2":{"F2":"5"}},"QG":{"37":{"RJ":"5"},"Q3":{"F3":"5"},"56":{"C3":"5"},"76":{"V9":"5"},"P4":{"VX":"5","QR":"5","PQ":"5"},"55":{"C5":"5"},"86":{"R4":"5"},"47":{"4H":"5","2J":"5"},"95":{"MJ":"5"},"P5":{"M8":"5","Q6":"5","V5":"5","P7":"5"},"R2":{"5H":"5"},"75":{"H5":"5"},"94":{"PC":"5"}}},"index":{"university,1|retail,2|tourism,3|wreck,4|historical,5|artsCulture,6|namedBuilding,7|water,8|wetland,9|park,10|beach,11|natureReserve,12|cemetery,13|trail,14":{}}}