{"5P":{"7Q":{"GJ":{"X8":"5"},"9P":{"78":"5"},"7P":{"RX":"5"}},"CP":{"54":{"R6":"5"},"42":{"67":"5","77":"5"},"34":{"CF":"5"},"7W":{"QX":"5"},"65":{"89":"4"}},"FV":{"95":{"GX":"4"},"86":{"R8":"5"},"75":{"X7":"5"},"85":{"CQ":"5","GV":"5"}},"2V":{"JG":{"4V":"5"},"PM":{"VJ":"5"}},"9M":{"CM":{"5C":"5"}},"FQ":{"JH":{"35":"5"}},"3Q":{"2H":{"R3":"5"}},"7M":{"4M":{"84":"5"},"3P":{"WF":"5","V8":"5","X8":"5","R9":"5","X9":"5","VC":"5","X7":"5","R8":"5","WC":"5","VF":"5","RC":"5","RG":"5","W7":"5","VG":"5","XC":"5","V7":"5","XF":"5","W8":"5","V9":"5","W6":"5","WG":"5","RF":"5","W9":"5"},"HC":{"Q2":"5"},"4J":{"GJ":"5","FJ":"5"},"4P":{"38":"5","48":"5","2C":"5","29":"5","28":"5","27":"5","39":"5"}},"5P":{"J5":{"28":"5","27":"5"}},"7P":{"P2":{"JQ":"5"}},"4V":{"GV":{"R4":"5","R5":"5"},"HF":{"W7":"5"},"2R":{"HP":"5"},"HV":{"GX":"5","HX":"5"}},"FR":{"8P":{"P9":"5"},"7R":{"7X":"5"}},"9V":{"95":{"M5":"5"}},"3V":{"XV":{"X2":"5"},"XR":{"42":"5"}},"CX":{"HQ":{"GJ":"5","CF":"5","MC":"5","FH":"5","JC":"5","M9":"5","GC":"5","FC":"5","GG":"5","HC":"5","CJ":"5","JF":"5","GH":"5","GF":"5"}},"2R":{"H7":{"5P":"5"}},"5X":{"9H":{"J7":"5"}},"9P":{"R3":{"4M":"5"}},"6P":{"37":{"WP":"5","XM":"5","WM":"5","WQ":"5","XP":"5","VQ":"5","VP":"5","XQ":"5"},"26":{"XX":"5","WX":"5"}},"GX":{"29":{"2J":"5","23":"5","2H":"5"}},"2Q":{"FQ":{"87":"5"},"8V":{"6M":"5"}},"8X":{"XM":{"W5":"5"},"JP":{"VP":"5"}},"8M":{"VQ":{"4G":"5"}},"8P":{"G7":{"CG":"5"}},"4R":{"V5":{"8G":"5"}},"9W":{"M8":{"P8":"5","PC":"5","MJ":"5","M8":"5","P9":"5","FH":"5","HJ":"5","MQ":"5","RC":"5","JR":"5","GJ":"5","QC":"5","VC":"5","HR":"5","V9":"5","JM":"5","WC":"5","VF":"5","JQ":"5","HH":"5","JP":"5","FG":"5","MP":"5","RF":"5","MM":"5","Q9":"5","WF":"5","R9":"5","GH":"5"},"HF":{"P2":"5"}},"3R":{"MM":{"4H":"5","4J":"5"}},"6V":{"58":{"W7":"5"}},"4P":{"75":{"Q5":"5","Q7":"5"},"4J":{"8M":"5"}},"X7":{"CJ":{"RW":"5"}},"CQ":{"94":{"86":"5"}},"6M":{"3G":{"CQ":"5"}},"3P":{"3P":{"4V":"5","4R":"5","3V":"5","5V":"5","4W":"5","3W":"5"},"Q8":{"Q6":"5","R6":"5"},"JJ":{"RQ":"5"},"MJ":{"2P":"5"}}},"index":{"university,1|retail,2|tourism,3|wreck,4|historical,5|artsCulture,6|namedBuilding,7|water,8|wetland,9|park,10|beach,11|natureReserve,12|cemetery,13|trail,14":{}}}