{"index":{"university,1|retail,2|tourism,3|wreck,4|historical,5|artsCulture,6|namedBuilding,7|water,8|wetland,9|park,10|beach,11|natureReserve,12|cemetery,13|trail,14":{}},"5Q":{"8P":{"XX":{"F9":"5"},"WW":{"FR":"5","QF":"5","GV":"5","8R":"5","8W":"5","GR":"5","R5":"5"},"VG":{"XW":"5"},"XV":{"66":"5"},"WX":{"R6":"5"},"WG":{"69":"5","58":"5","2P":"5"},"WV":{"JF":"5","X8":"5"}},"GR":{"2J":{"9H":"5"}},"PG":{"7G":{"75":"5"},"C9":{"33":"5"}},"QJ":{"V9":{"9V":"5"},"G7":{"M8":"5","HP":"5"},"QC":{"GP":"5"},"5X":{"6G":"5"}},"H7":{"RH":{"38":"5","CV":"5","CW":"5"}},"M8":{"73":{"5Q":"5"}},"VG":{"MV":{"6R":"5","7R":"5"},"HR":{"R9":"5","WC":"5","VC":"5","2H":"5","4J":"5","MM":"5","5R":"5"},"GX":{"CM":"5","8Q":"5"},"CV":{"X7":"5"},"HW":{"W6":"5"},"HP":{"CW":"5","CX":"5"},"JV":{"H9":"5","8H":"5"},"GR":{"XJ":"5","QM":"5","MR":"5","MV":"5","PW":"5","VG":"5","MW":"5","MQ":"5","XH":"5","W8":"5","VW":"5"},"JR":{"CV":"5"},"GW":{"F7":"5","F6":"5"}},"6F":{"22":{"22":"5"}},"VM":{"QR":{"FG":"5"}},"GP":{"C5":{"RH":"5"},"HC":{"HM":"5"},"C6":{"VH":"5"},"M4":{"MX":"5","MW":"5","JX":"5"},"X4":{"GR":"5"},"85":{"VJ":"5","VH":"5"},"F5":{"J8":"5"},"H6":{"84":"5"}},"2X":{"CF":{"X2":"5"}},"VJ":{"4R":{"M7":"5"},"5R":{"49":"5"}},"PF":{"22":{"92":"5"}},"8M":{"8R":{"29":"5","FX":"5"},"2C":{"9R":"5"},"73":{"R6":"5"},"7V":{"WH":"5","X7":"5"},"8V":{"2G":"5","GQ":"5","HP":"5","GP":"5","3J":"5","HQ":"5"},"QQ":{"V5":"5"}},"9R":{"65":{"C8":"5","C7":"5","98":"5","97":"5"}},"GW":{"37":{"GF":"5"}},"2M":{"9Q":{"5J":"5"}},"Q8":{"PJ":{"7M":"5"},"WF":{"G4":"5"},"W9":{"7P":"5"},"WC":{"7H":"5","86":"5","77":"5"},"45":{"CF":"5","FF":"5"}},"GQ":{"X5":{"VH":"5"}},"6Q":{"XM":{"F5":"5"},"XH":{"H8":"5"}},"X5":{"RH":{"QH":"5","QR":"5","CX":"5","PH":"5","RR":"5","PG":"5","QQ":"5","RQ":"5"},"RJ":{"H5":"5","67":"5","VM":"5","Q7":"5"},"VR":{"M5":"5"},"VM":{"49":"5"},"RM":{"V5":"5","J4":"5"},"VP":{"J8":"5","J7":"5"},"QJ":{"HR":"5","6R":"5","94":"5"}},"VR":{"W5":{"P2":"5","M2":"5"},"49":{"54":"5"},"QJ":{"8P":"5"}},"PM":{"RH":{"3Q":"5"},"W4":{"CF":"5"},"C6":{"H7":"5","R5":"5"},"G5":{"PQ":"5","PR":"5","8G":"5","QQ":"5","VR":"5","2R":"5","3X":"5","PV":"5","QR":"5"},"4C":{"R3":"5"},"F5":{"WP":"5","WQ":"5","XR":"5","WR":"5","VP":"5","XQ":"5"},"97":{"G2":"5"}},"JC":{"HC":{"JM":"5"}},"FQ":{"45":{"HH":"5"},"65":{"VQ":"5"}},"3Q":{"WW":{"F4":"5"},"RR":{"4H":"5"}},"8H":{"PC":{"FC":"5"}},"2V":{"G3":{"FM":"5"}},"PH":{"MH":{"WC":"5"}},"MR":{"RP":{"XP":"5"},"5R":{"XM":"5"}},"7R":{"8H":{"8W":"5"},"8C":{"M3":"5"},"7X":{"8J":"5","GP":"5"},"94":{"5W":"5"},"7R":{"M3":"5"}},"9X":{"3W":{"Q6":"5"}},"CM":{"4H":{"2G":"5"},"2F":{"QW":"5"},"FV":{"CQ":"5"}},"7W":{"35":{"XC":"5"}},"H9":{"QM":{"9H":"5"}},"HW":{"8J":{"56":"5","PC":"5","76":"5","M8":"5","P9":"5","96":"5","C6":"5","WQ":"5","WW":"5","QC":"5","VP":"5","57":"5","RH":"5","M9":"5","66":"5","WV":"5","QF":"5","F7":"5","H7":"5","VJ":"5","WR":"5","J8":"5","VH":"5","RF":"5","J7":"5","F6":"5","VM":"5","WX":"5","G7":"5","WP":"5","47":"5","86":"5","RG":"5"},"8M":{"GM":"5","5R":"5","MJ":"5","FQ":"5","X3":"5","W2":"5","V6":"5","3Q":"5","2P":"5","2M":"5","FP":"5","GP":"5","RC":"5","HM":"5","W5":"5","QC":"5","V8":"5","PG":"5","W3":"5","V9":"5","JM":"5","7V":"5","7R":"5","CR":"5","9R":"5","QF":"5","V7":"5","8V":"5","PH":"5","8R":"5","MH":"5","JJ":"5","PF":"5","6R":"5","X2":"5","4Q":"5","W6":"5","W4":"5","R9":"5","5Q":"5","CQ":"5","3P":"5"},"7M":{"VJ":"5","RH":"5","XM":"5","WM":"5","VH":"5","WJ":"5"}},"GM":{"3X":{"J3":"5","66":"5","93":"5","86":"5","H7":"5","63":"5","F5":"5","G6":"5","83":"5","F6":"5","G7":"5","54":"5","C5":"5","85":"5","74":"5","76":"5","F3":"5","73":"5","96":"5","C3":"5","97":"5","J2":"5","G4":"5","C4":"5","H3":"5","H2":"5","F2":"5","53":"5","H6":"5","J4":"5","G2":"5","H4":"5","G3":"5","C7":"5","75":"5","82":"5","C2":"5","77":"5","65":"5","92":"5","F7":"5","64":"5","55":"5","F4":"5","62":"5","H5":"5","J5":"5","G5":"5","94":"5","95":"5","87":"5","C6":"5","84":"5","72":"5","52":"5"},"3W":{"6V":"5","GR":"5","8V":"5","FW":"5","8R":"5","5X":"5","9R":"5","GX":"5","9W":"5","GW":"5","9Q":"5","CV":"5","HV":"5","FR":"5","CR":"5","FQ":"5","HR":"5","7R":"5","CQ":"5","9X":"5","FV":"5","CW":"5","7W":"5","8Q":"5","HW":"5","5V":"5","9V":"5","7Q":"5","7X":"5","FX":"5","HX":"5","8W":"5","CX":"5","7V":"5","JX":"5","JW":"5","8X":"5","6X":"5","GV":"5","6R":"5","6W":"5","5W":"5"}},"7C":{"45":{"W6":"5"}},"7P":{"C3":{"WP":"5"}},"WG":{"HC":{"M9":"5"}},"5P":{"PP":{"7F":"5"},"VV":{"82":"5"}},"2P":{"XQ":{"9P":"5","R3":"5"}},"5V":{"XF":{"37":"5"}},"9H":{"X8":{"5M":"5","6M":"5"}},"7J":{"XW":{"25":"5"},"MM":{"WQ":"5"}},"J4":{"27":{"92":"5"},"26":{"8X":"5","9W":"5","CX":"5"},"25":{"GG":"5"}},"7H":{"PH":{"WF":"5"}},"PC":{"G4":{"8C":"5"},"C7":{"W3":"5"},"H4":{"26":"5"},"94":{"F3":"5"}},"G2":{"6M":{"WC":"5"}},"9M":{"79":{"JM":"5","JJ":"5"}},"MM":{"P9":{"RF":"5"},"3C":{"HF":"5"}},"7Q":{"5P":{"6C":"5"},"9W":{"Q6":"5"}},"QP":{"7H":{"R9":"5"},"6V":{"8P":"5"}},"7X":{"VG":{"9F":"5"}},"5R":{"VV":{"9G":"5"}},"34":{"78":{"F4":"5"}},"7M":{"XC":{"Q6":"5"},"JC":{"G9":"5"},"MF":{"H4":"5"}},"FX":{"4X":{"M9":"5"},"5W":{"29":"5"},"3X":{"46":"5","37":"5","C7":"5","H2":"5"},"GC":{"J8":"5"},"6X":{"8P":"5","8G":"5","HJ":"5","CG":"5","CJ":"5","FM":"5","CH":"5","8M":"5","FH":"5","GJ":"5","FG":"5","FJ":"5"},"HC":{"43":"5"},"J7":{"G8":"5"},"5X":{"9F":"5"},"3W":{"PV":"5","PR":"5"}},"82":{"JQ":{"V8":"5","R9":"5","X7":"5","R8":"5","JH":"5","Q9":"5","W7":"5","Q8":"5","V7":"5","P6":"5","W8":"5","QC":"5","M6":"5","P8":"5","P7":"5","M5":"5"}},"C2":{"MF":{"F3":"5"},"PC":{"54":"5"}},"RQ":{"G3":{"M2":"5","H3":"5","92":"5","F3":"5","J3":"5","G3":"5","82":"5","93":"5","J2":"5","C3":"5"},"G2":{"7Q":"5","PV":"5","7W":"5","FH":"5","HJ":"5","7P":"5","PR":"5","GJ":"5","9J":"5","JM":"5","7V":"5","CJ":"5","7R":"5","8X":"5","MX":"5","8M":"5","8P":"5","JJ":"5","PW":"5","MM":"5","8J":"5","CH":"5","PX":"5","GH":"5","8W":"5"}},"3J":{"89":{"2C":"5"}},"4Q":{"5P":{"P9":"5"},"GC":{"47":"5"}},"2H":{"2Q":{"8G":"5","8H":"5"},"2P":{"V7":"5"}},"7V":{"99":{"39":"5"},"7P":{"67":"5"},"7X":{"3M":"5"},"9J":{"W6":"5","QR":"5"},"85":{"Q2":"5"}},"WJ":{"J5":{"P3":"5","Q3":"5"}},"6M":{"57":{"8W":"5"}},"VH":{"C8":{"C7":"5"},"F2":{"X6":"5","X7":"5"},"G2":{"35":"5","37":"5","27":"5","26":"5","36":"5","25":"5"}},"J6":{"HX":{"F7":"5"},"4J":{"4R":"5"}},"MF":{"Q2":{"PF":"5"}},"3R":{"38":{"VQ":"5"}},"JX":{"7H":{"76":"5","67":"5"}},"RR":{"8M":{"PR":"5","QR":"5"}},"62":{"5W":{"22":"5"}},"QM":{"35":{"6C":"5"}},"8X":{"8J":{"6P":"5"},"HJ":{"5C":"5"}},"2R":{"RH":{"P2":"5"}},"VP":{"J2":{"5R":"5","2V":"5","3X":"5","3W":"5","4V":"5","5W":"5","3V":"5","4X":"5","2R":"5","5X":"5","6X":"5","6W":"5","5V":"5","2X":"5","4W":"5","4R":"5","3R":"5","2W":"5","6V":"5"},"J3":{"33":"5","42":"5","53":"5","43":"5","23":"5","62":"5","22":"5","52":"5","32":"5"},"H3":{"X2":"5"},"H2":{"XX":"5","XW":"5","XV":"5","XR":"5"},"WV":{"4V":"5"}},"J5":{"MM":{"CM":"5"}},"6X":{"49":{"23":"5"},"39":{"QC":"5"}},"H8":{"JM":{"XR":"5","W7":"5","XH":"5","WJ":"5","X3":"5","W2":"5","R8":"5","QG":"5","RJ":"5","V6":"5","R7":"5","X9":"5","X8":"5","WQ":"5","RC":"5","XG":"5","W5":"5","QC":"5","XJ":"5","VP":"5","VC":"5","V8":"5","RH":"5","VQ":"5","V5":"5","W3":"5","V9":"5","XQ":"5","VF":"5","WC":"5","V4":"5","R6":"5","VG":"5","QF":"5","WH":"5","X5":"5","V7":"5","XC":"5","X4":"5","XP":"5","VJ":"5","RM":"5","WR":"5","XV":"5","WM":"5","W9":"5","XM":"5","VH":"5","RF":"5","W8":"5","QH":"5","XF":"5","VM":"5","X2":"5","Q9":"5","WF":"5","W6":"5","W4":"5","WG":"5","R9":"5","X7":"5","WP":"5","X6":"5","RG":"5"},"MJ":{"9X":"5","7W":"5","3X":"5","3W":"5","FW":"5","5W":"5","4X":"5","CX":"5","CW":"5","5X":"5","7X":"5","6X":"5","6W":"5","GX":"5","8X":"5","2X":"5","4W":"5","9W":"5","HX":"5","FX":"5","GW":"5","8W":"5"},"MM":{"FF":"5","3R":"5","8X":"5","22":"5","5J":"5","FM":"5","F2":"5","CC":"5","G3":"5","MC":"5","HG":"5","PH":"5","9X":"5","J3":"5","39":"5","3H":"5","42":"5","2C":"5","HH":"5","8P":"5","FH":"5","C9":"5","9M":"5","57":"5","C6":"5","8H":"5","7M":"5","9W":"5","7R":"5","77":"5","4Q":"5","24":"5","CP":"5","38":"5","H5":"5","P5":"5","3Q":"5","GG":"5","QM":"5","6F":"5","56":"5","FV":"5","CF":"5","R9":"5","44":"5","27":"5","2R":"5","G7":"5","83":"5","87":"5","29":"5","FR":"5","47":"5","3M":"5","FC":"5","75":"5","JJ":"5","M6":"5","F7":"5","6P":"5","CQ":"5","5Q":"5","7F":"5","6R":"5","GC":"5","C8":"5","FP":"5","G8":"5","HM":"5","GV":"5","5P":"5","72":"5","9H":"5","F5":"5","65":"5","FQ":"5","GF":"5","7C":"5","3C":"5","54":"5","H2":"5","43":"5","JC":"5","5F":"5","66":"5","6X":"5","99":"5","23":"5","8M":"5","28":"5","4W":"5","J9":"5","33":"5","9P":"5","58":"5","QF":"5","HJ":"5","Q8":"5","64":"5","RG":"5","53":"5","2G":"5","73":"5","6V":"5","QC":"5","94":"5","46":"5","PF":"5","5W":"5","9F":"5","QH":"5","5H":"5","F9":"5","4H":"5","8G":"5","52":"5","32":"5","5G":"5","88":"5","RF":"5","85":"5","P7":"5","PM":"5","86":"5","MP":"5","3P":"5","JH":"5","7P":"5","Q7":"5","J5":"5","97":"5","9R":"5","8C":"5","9Q":"5","GH":"5","95":"5","78":"5","5R":"5","3G":"5","JP":"5","HR":"5","59":"5","H7":"5","4C":"5","F8":"5","2H":"5","2P":"5","62":"5","H9":"5","7Q":"5","CM":"5","JF":"5","FJ":"5","69":"5","M5":"5","4V":"5","34":"5","R8":"5","Q6":"5","PJ":"5","3J":"5","PP":"5","96":"5","MJ":"5","Q9":"5","9J":"5","P9":"5","J2":"5","7J":"5","HC":"5","63":"5","J8":"5","7X":"5","C3":"5","CR":"5","P8":"5","GR":"5","P3":"5","MM":"5","2V":"5","82":"5","93":"5","GQ":"5","MR":"5","CJ":"5","CG":"5","9V":"5","MH":"5","6Q":"5","M9":"5","4R":"5","8W":"5","5C":"5","89":"5","MF":"5","79":"5","4M":"5","6M":"5","M7":"5","8R":"5","GM":"5","JG":"5","48":"5","G2":"5","98":"5","PQ":"5","8F":"5","F3":"5","8V":"5","C2":"5","92":"5","8Q":"5","36":"5","F6":"5","HW":"5","3F":"5","8J":"5","J4":"5","4F":"5","CH":"5","QJ":"5","G5":"5","HP":"5","6H":"5","74":"5","HV":"5","CX":"5","HQ":"5","9C":"5","5V":"5","MQ":"5","CW":"5","QP":"5","H6":"5","H4":"5","JV":"5","G6":"5","6C":"5","F4":"5","J7":"5","7G":"5","RC":"5","JQ":"5","MG":"5","FW":"5","76":"5","25":"5","6W":"5","84":"5","7V":"5","FG":"5","4J":"5","6J":"5","26":"5","HF":"5","PG":"5","6G":"5","PC":"5","9G":"5","GP":"5","4P":"5","2J":"5","49":"5","M8":"5","2F":"5","J6":"5","GJ":"5","QG":"5","P4":"5","67":"5","P6":"5","37":"5","3W":"5","35":"5","68":"5","JM":"5","C5":"5","G9":"5","C7":"5","M3":"5","4G":"5","55":"5","JR":"5","7W":"5","CV":"5","H3":"5","2Q":"5","3V":"5","H8":"5","G4":"5","7H":"5","C4":"5","45":"5","M4":"5","5M":"5","2M":"5","GW":"5"}},"94":{"C3":{"HH":"5"}},"GV":{"3X":{"MW":"5"}},"JM":{"CG":{"VX":"5","XX":"5","XV":"5","WW":"5","WX":"5","XR":"5","WV":"5"},"CH":{"Q4":"5","Q5":"5","R5":"5","V3":"5","R3":"5","W2":"5","R4":"5","W3":"5","V4":"5","X2":"5","R2":"5","V2":"5"},"FG":{"7Q":"5","5R":"5","3Q":"5","7J":"5","7M":"5","6Q":"5","7P":"5","3W":"5","4V":"5","2R":"5","2Q":"5","4M":"5","5V":"5","2X":"5","4W":"5","8P":"5","5M":"5","6J":"5","6R":"5","2W":"5","4P":"5","6M":"5","3P":"5"}},"RH":{"98":{"MP":"5","HJ":"5","HQ":"5"}},"2W":{"32":{"JQ":"5","JW":"5","JR":"5"},"52":{"R3":"5"},"93":{"22":"5","33":"5","28":"5"},"62":{"G3":"5"}},"3X":{"H7":{"XM":"5"}},"42":{"3M":{"MX":"5"}},"8J":{"3R":{"83":"5"},"8W":{"FV":"5"},"7W":{"46":"5"}},"6G":{"PX":{"XQ":"5"},"QX":{"2Q":"5"}},"5Q":{"FF":{"P9":"5"}},"6W":{"FP":{"V8":"5"},"VG":{"5V":"5"},"MJ":{"2M":"5"},"W8":{"RX":"5"}},"6H":{"M2":{"4C":"5"},"FV":{"52":"5"}}}}