{"index":{"university,1|retail,2|tourism,3|wreck,4|historical,5|artsCulture,6|namedBuilding,7|water,8|wetland,9|park,10|beach,11|natureReserve,12|cemetery,13|trail,14":{}},"5R":{"29":{"GX":{"4C":"5"},"HX":{"CV":"5"}},"9F":{"9M":{"J5":"5"},"J8":{"RR":"5"},"MG":{"3G":"5"},"G5":{"2G":"5","J6":"5"}},"J3":{"83":{"X9":"5","HH":"5"}},"P6":{"MF":{"44":"5","43":"5"},"9G":{"23":"5"}},"93":{"JG":{"WX":"5"},"PW":{"QW":"5","87":"5"},"F8":{"F5":"5"},"3V":{"FF":"5"}},"4H":{"4W":{"W3":"5"},"5X":{"PJ":"5"},"3C":{"MQ":"5"},"QJ":{"CG":"5"},"RP":{"62":"5"},"R7":{"HG":"5","89":"5","C9":"5","66":"5"},"3W":{"94":"5"},"CX":{"P6":"5","RH":"5","P2":"5","Q6":"5","V7":"5","MG":"5"},"7V":{"V7":"5"},"5V":{"95":"5"},"CW":{"28":"5"},"9W":{"X7":"5"},"GX":{"Q4":"5"},"F5":{"8V":"5"},"HX":{"PV":"5"},"6W":{"74":"5"},"MV":{"V2":"5"}},"86":{"H7":{"52":"5"},"8G":{"R6":"5"},"GG":{"64":"5"}},"59":{"QW":{"Q8":"5"},"H4":{"M7":"5"},"GW":{"6V":"5"}},"F8":{"VV":{"XM":"5","XQ":"5"},"W7":{"54":"5"},"WV":{"2M":"5","2P":"5"}},"6F":{"M3":{"WF":"5"},"9Q":{"5W":"5"}},"63":{"JV":{"CX":"5"}},"4M":{"29":{"FR":"5","7M":"5","M4":"5"},"Q4":{"98":"5"},"25":{"XJ":"5","3M":"5"},"J3":{"FG":"5"},"R9":{"P9":"4","Q9":"4"},"66":{"4F":"5"},"P3":{"57":"5","87":"5"},"Q2":{"8J":"5","8M":"5"},"F5":{"GG":"5"},"G6":{"2Q":"5","9M":"5","2R":"5"},"F6":{"P3":"5","28":"5"},"G9":{"2C":"5"},"C8":{"HH":"5"},"G7":{"35":"5"},"37":{"XQ":"5"},"M2":{"Q6":"5","2X":"5","H5":"5","Q7":"5","2W":"5"},"76":{"J2":"5","87":"5"},"C9":{"96":"5"},"F3":{"RH":"5","H2":"5","C4":"5"},"X3":{"62":"5"},"96":{"93":"5"},"M3":{"H9":"5"},"C3":{"FR":"5","X3":"5","FQ":"5"},"J2":{"8P":"5","CM":"5","9P":"5","7P":"5"},"G4":{"XG":"5","G6":"5","GH":"5"},"88":{"J2":"5"},"35":{"FP":"5","CP":"5"},"47":{"4H":"5"},"H3":{"52":"5","W5":"5","FQ":"5","V3":"5","X5":"5"},"H2":{"4W":"5","5X":"5","2G":"5","9J":"5","5W":"5","QC":"5","CR":"5","2H":"5"},"F2":{"G4":"5","JG":"5","HW":"5","RM":"5"},"G2":{"FJ":"5","MX":"5","R9":"5","QJ":"5","RC":"5","MQ":"5","P5":"5","5H":"5","J9":"5","2G":"5","GX":"5","9G":"5","Q8":"5","HV":"5","Q9":"5","26":"5","HF":"5","HM":"5","J8":"5","2V":"5","MR":"5","MJ":"5","M5":"5","P9":"5","C4":"5","27":"5","PQ":"5","7H":"5","QP":"5","R2":"5","XH":"5","VH":"5","GJ":"5","QQ":"5","MF":"5","PR":"5","MV":"5","QM":"5","MG":"5","QC":"5","8G":"5","JR":"5","GV":"5","J7":"5","3G":"5","28":"5","3C":"5"},"Q3":{"RC":"5"},"H4":{"C5":"5","PX":"5","QX":"5"},"48":{"J3":"5","R7":"5","R8":"5","Q7":"5"},"F9":{"XF":"4"},"G3":{"3Q":"5","P2":"5","4M":"5","3P":"5","H2":"5","F4":"5","X4":"5","36":"5","9F":"5","4P":"5"},"C7":{"GV":"4","GR":"4"},"34":{"4M":"5"},"98":{"M5":"5"},"75":{"3R":"5","P4":"5"},"2C":{"J9":"5"},"C2":{"F8":"5"},"GC":{"JG":"5"},"F7":{"FH":"5","GH":"5","C4":"5"},"J6":{"4M":"5","4J":"5"},"G8":{"3W":"5"},"99":{"96":"5"},"HG":{"8V":"5"},"38":{"2W":"5"},"H5":{"49":"5","Q2":"5","P3":"5","5G":"5","59":"5","P2":"5","CH":"4","R2":"5"},"V9":{"F8":"5"},"P4":{"Q4":"4"},"G5":{"VM":"5"},"94":{"PJ":"5","53":"5","2C":"5","R6":"5","6P":"5"},"87":{"PP":"5"},"3C":{"55":"5"},"52":{"P2":"5","R2":"5","Q4":"5","R4":"5","M2":"5","P3":"5","Q3":"5","Q2":"5","9F":"5","R3":"5"}},"36":{"VM":{"3R":"5"}},"8F":{"C3":{"72":"5"},"7M":{"PC":"5"},"98":{"3J":"5"}},"2J":{"8J":{"C8":"5","98":"5"},"G9":{"X9":"5"},"67":{"W3":"5"},"QF":{"XR":"5"},"8M":{"65":"5"},"X2":{"9M":"5","4C":"5"},"QV":{"P3":"5"},"8W":{"4M":"5","4J":"5"},"RF":{"8G":"5","8H":"5","9H":"5","JM":"5","6V":"5","5R":"5"},"5C":{"77":"5"},"F9":{"M6":"5"},"4C":{"JR":"5"},"7H":{"X8":"5"},"9Q":{"3W":"5"}},"5G":{"J8":{"4P":"5"},"85":{"JP":"5"}},"P7":{"G6":{"FR":"5","JC":"5","JH":"5","PX":"5","HG":"5","HF":"5","GH":"5","PG":"5","JG":"5","MG":"5","HH":"5","PF":"5","MC":"5","MF":"5","JF":"5"}},"5H":{"MV":{"JF":"5"},"FR":{"5P":"5","6M":"5"},"64":{"96":"5","95":"5"},"R7":{"2V":"5","2R":"5"},"2R":{"9J":"5"},"Q7":{"XV":"5","XR":"5","WR":"5","WV":"5"},"5X":{"5J":"5"},"5Q":{"2X":"5","3X":"5"}},"F6":{"HC":{"77":"5"}},"23":{"VJ":{"QQ":"5"},"W6":{"67":"5"},"6H":{"27":"5"},"8Q":{"PJ":"5","QV":"5"},"9Q":{"J9":"5"}},"G9":{"MJ":{"VG":"4"}},"CF":{"V2":{"4G":"5","HH":"5"},"96":{"VV":"5"},"V5":{"FR":"5","5P":"5","3V":"5","6Q":"5","4J":"5","3W":"5"},"W4":{"9R":"5"},"V3":{"4J":"5"},"3C":{"R6":"5"},"V6":{"QF":"5"},"R5":{"M3":"5","JW":"5","J6":"5"},"J7":{"PX":"5","PW":"5"},"H6":{"G7":"5","H8":"5","G9":"5"}},"2G":{"8R":{"WH":"5"},"PQ":{"X2":"5"},"CJ":{"QX":"5"},"6P":{"98":"5","97":"5"}},"G7":{"FQ":{"PQ":"5"}},"37":{"R2":{"QW":"5"}},"3M":{"WF":{"62":"5"},"38":{"M9":"5"},"42":{"PX":"5","QP":"5"},"RH":{"P2":"5"},"4H":{"MH":"5","J4":"5"},"X9":{"VJ":"5","VM":"5"},"H8":{"PP":"5"},"Q4":{"9P":"5","G6":"5","H6":"5"},"X7":{"M3":"5"},"PH":{"VG":"5"},"WC":{"GJ":"5"},"R5":{"2Q":"5"},"QH":{"33":"5"},"HF":{"8C":"5"},"92":{"G3":"5"},"Q9":{"62":"5"},"67":{"3G":"5"},"X5":{"M7":"5"},"VF":{"7F":"5"},"RG":{"MP":"5","PV":"5","MF":"5","JV":"5","HV":"5","MM":"5"},"W7":{"H4":"5"},"Q8":{"6X":"5"},"R4":{"7C":"5"},"XC":{"X9":"5"},"9J":{"66":"4"},"W6":{"F3":"5"},"57":{"QF":"5","QC":"5"},"88":{"99":"5"},"5C":{"6W":"5","5Q":"5"},"FH":{"62":"5"},"9H":{"8X":"5"},"MH":{"7G":"5"},"FG":{"6X":"5"},"27":{"8P":"5"},"W9":{"H5":"5","G7":"5","H4":"5"}},"9G":{"34":{"QP":"5"}},"2M":{"XC":{"PM":"5"},"35":{"R3":"5"},"H9":{"78":"5"},"C3":{"JP":"5"},"92":{"9G":"5"},"G6":{"Q3":"5"},"26":{"9M":"5","6C":"5"},"J4":{"CG":"5","CF":"5","FG":"5","FF":"5"},"85":{"X7":"5"},"W8":{"HV":"5"}},"85":{"8V":{"9P":"5"},"3G":{"JX":"5"}},"7F":{"FX":{"2X":"5"}},"76":{"8F":{"JH":"5"},"53":{"55":"5"},"P9":{"J5":"5"},"PC":{"RV":"5"},"43":{"8H":"5"},"5Q":{"95":"5"}},"X4":{"2F":{"X4":"5"},"7H":{"4V":"5","7V":"5","6V":"5"},"49":{"7Q":"5"},"3C":{"MH":"5","CX":"5","JH":"5"},"C6":{"88":"5","86":"5","CJ":"5"},"3F":{"74":"5","92":"5"},"36":{"QX":"5"}},"C9":{"J8":{"8R":"5"}},"F3":{"8P":{"VW":"5"}},"4G":{"38":{"XX":"5"},"FR":{"HW":"5","JW":"5"},"GJ":{"4R":"5"},"VV":{"PV":"5"},"HJ":{"HP":"5"},"PF":{"H5":"5"}},"96":{"9G":{"R8":"5"}},"26":{"74":{"WX":"5"}},"8H":{"24":{"QX":"5"},"HW":{"45":"4"},"29":{"X4":"5"},"57":{"2G":"5"},"25":{"R2":"5","Q2":"5"}},"4C":{"F8":{"W8":"5"},"2M":{"55":"5"}},"J8":{"F2":{"GJ":"5","GH":"5","GM":"5","R3":"5"}},"97":{"26":{"HW":"5"}},"J2":{"4R":{"CG":"5"}},"24":{"MG":{"8C":"5"},"H2":{"C6":"5"},"M4":{"MH":"5"},"HH":{"9H":"5"}},"88":{"8W":{"QJ":"5"},"94":{"XF":"5"}},"9C":{"X4":{"2J":"5"},"X2":{"MW":"5"}},"44":{"XW":{"WR":"5"}},"47":{"PX":{"V9":"5","R9":"5","RF":"5","R8":"5","RC":"5","Q8":"5","Q9":"5","QC":"5"},"QX":{"2H":"5"}},"5J":{"QX":{"2R":"5"},"5X":{"M2":"5","H3":"5","R8":"5"},"8X":{"75":"5","Q9":"5","66":"5"},"2Q":{"WH":"5"},"R3":{"99":"5"},"44":{"82":"5","72":"5"},"R7":{"CF":"5"},"3Q":{"Q4":"5"},"9X":{"H5":"5","F6":"5","G6":"5"},"CX":{"J5":"5","Q5":"5"},"24":{"WQ":"5","XQ":"5"},"7G":{"9M":"5"},"3X":{"QJ":"5"},"HW":{"M7":"5"},"82":{"H2":"5"},"4G":{"HP":"5"},"QM":{"PP":"5","QC":"5"},"5M":{"GH":"5","HH":"5"}},"45":{"2R":{"3F":"5"}},"7C":{"42":{"H6":"5"},"29":{"FQ":"5"}},"F2":{"7G":{"W4":"5","V4":"5"},"64":{"97":"5"},"63":{"8X":"5"}},"CC":{"QG":{"R8":"5"},"39":{"WC":"5"},"QR":{"G8":"5"},"VP":{"37":"5","28":"5"},"9P":{"RG":"5"},"22":{"2W":"5"},"VG":{"4R":"5"},"VJ":{"XP":"5","5J":"5"},"XW":{"VQ":"5"},"VW":{"3V":"5"},"8M":{"8P":"5","8V":"5","5Q":"5"},"8P":{"76":"5"},"HG":{"XW":"5","WW":"5","RV":"5","WV":"5","VP":"5"},"VH":{"4Q":"5"},"RP":{"RV":"5"},"VM":{"PX":"5","CC":"5"},"WG":{"2C":"5"},"PX":{"PF":"5"},"WP":{"4F":"5","8V":"5"}},"H6":{"F3":{"VX":"5","RX":"5"},"92":{"M7":"5"},"V8":{"JW":"5"},"F4":{"R2":"5","V2":"5"}},"7J":{"47":{"PP":"5","PQ":"5","PM":"5"},"49":{"74":"5","R9":"5"},"48":{"MR":"5","FM":"5","PX":"5","WP":"5","QW":"5","MX":"5","MW":"5","JP":"5","VP":"5"},"5F":{"M8":"5","P7":"5"},"77":{"MG":"5"},"5C":{"3G":"5"},"3F":{"MV":"5"}},"7H":{"MH":{"C7":"5","C6":"5"},"G4":{"2P":"5"},"QF":{"5W":"5"},"C7":{"P8":"5","M4":"5"},"F4":{"VJ":"5"},"RV":{"RM":"5"}},"2F":{"GR":{"8W":"5"}},"4J":{"MX":{"VW":"5"},"J3":{"8W":"5","7W":"5","6X":"5","7X":"5","5X":"5"},"P3":{"Q4":"5","P5":"5","Q3":"5","P4":"5"},"2X":{"6W":"5"},"36":{"4J":"5"},"FW":{"VQ":"5","RV":"5"},"8F":{"RF":"5"},"5X":{"QW":"5","QX":"5","VV":"5","RX":"5","RW":"5","PR":"5","MW":"5","PX":"5","MX":"5","RV":"5","QV":"5","PV":"5","PW":"5","MV":"5"},"9R":{"WC":"5","R5":"5"},"GX":{"VH":"5","P4":"5","9V":"5","7W":"5","CG":"5","CM":"5","XR":"5","7V":"5","CV":"5","8V":"5","FJ":"5","6W":"5"},"GW":{"R8":"5"},"9Q":{"V6":"5","Q8":"5","MM":"5"},"CV":{"2F":"5"},"HV":{"QH":"5"},"JV":{"VJ":"5","FQ":"5","PQ":"5","HP":"5","4R":"5","23":"5","3W":"5"},"WP":{"43":"5"},"XR":{"3G":"5"},"CQ":{"35":"5"},"PV":{"F3":"5","53":"5"},"HW":{"3F":"5"},"GM":{"W2":"5"},"7P":{"2J":"5","5P":"5","5M":"5","4M":"5","3M":"5","3J":"5","6Q":"5","6P":"5","7Q":"5","4P":"5"},"VX":{"VW":"5"},"PQ":{"32":"5","39":"5"},"9V":{"RX":"5","QX":"5"},"J4":{"52":"5","42":"5","43":"5"},"9M":{"2W":"5"},"C7":{"HF":"5"},"6P":{"CJ":"5","58":"5"},"FX":{"63":"5","XG":"5","JG":"5","47":"5","53":"5"},"HX":{"MH":"5","9M":"5","5H":"5","HF":"5","3R":"5","CM":"5","33":"5","CJ":"5"},"8W":{"R6":"5"},"CX":{"PH":"5"},"3J":{"5P":"5"},"5M":{"P9":"5","Q9":"5"},"RR":{"2G":"5","3G":"5"},"JG":{"52":"5"},"MV":{"6F":"5","F8":"5","3F":"5"},"MG":{"2X":"5"},"RX":{"WG":"5"},"PX":{"PJ":"5","WJ":"5","XQ":"5","QJ":"5"},"CH":{"98":"5"},"95":{"CQ":"5"},"QR":{"2Q":"5","HM":"5"}},"H4":{"R6":{"P3":"5","M3":"5","Q3":"5","M4":"5","HG":"5","PC":"5","F3":"5","J3":"5","M8":"5","MC":"5","C7":"5"},"R5":{"XX":"5","XP":"5"}},"3H":{"XX":{"CM":"5","7P":"5","7Q":"5"},"FW":{"2H":"5"},"8W":{"VR":"5"},"45":{"R8":"5"},"94":{"HM":"5"}},"F9":{"CR":{"XV":"5"}},"6J":{"MH":{"P8":"5"},"8J":{"J5":"5"},"FM":{"FX":"5"},"Q6":{"JQ":"5"},"PW":{"47":"5"},"FP":{"95":"5","73":"5"},"PR":{"VG":"5","X7":"5"},"VH":{"PC":"5"},"Q8":{"92":"5"},"R6":{"Q7":"5"},"FX":{"VQ":"4"}},"5C":{"C9":{"8P":"5"}},"75":{"53":{"95":"5"}},"5F":{"C5":{"8P":"5"},"99":{"QM":"5"},"VX":{"CF":"5","FF":"5"}},"C2":{"88":{"WJ":"5"},"FG":{"52":"5","G3":"5"},"PG":{"82":"5","F4":"5"}},"R4":{"WW":{"7W":"5"}},"3J":{"Q2":{"JM":"5","JJ":"5","RR":"5","MM":"5","RQ":"5"},"RQ":{"2H":"5"},"4H":{"69":"5"},"X9":{"2V":"5"},"RR":{"XX":"5"},"WH":{"MV":"5"},"WC":{"99":"5"},"23":{"MM":"5"},"PG":{"X3":"5"},"QF":{"5F":"5"},"P6":{"6X":"5","5X":"5"},"M8":{"3W":"5"},"MX":{"9F":"5"},"VW":{"GW":"5"},"M7":{"8V":"5"},"7C":{"JC":"5"},"PF":{"C2":"5"},"9H":{"4W":"5"},"MC":{"77":"5"}},"XH":{"C5":{"8P":"5"}},"5M":{"Q2":{"26":"5"},"83":{"WW":"5"},"92":{"8X":"5","8W":"5","7W":"5","7X":"5","9X":"5"},"44":{"RH":"5","QH":"5","WH":"5"},"55":{"X2":"5"},"74":{"WP":"5"},"F3":{"JQ":"5"},"J3":{"5W":"5"},"72":{"QM":"5"},"82":{"8V":"5"},"93":{"82":"5","72":"5","48":"5","28":"5"},"54":{"WX":"5"}},"Q6":{"FG":{"6W":"5"}},"92":{"72":{"JH":"5"},"6H":{"GX":"5"},"6V":{"MJ":"5"}},"2H":{"6C":{"HP":"5"},"64":{"C8":"5","F7":"5","G8":"5","9F":"5"},"44":{"W8":"5"},"7P":{"8M":"5"},"26":{"V6":"5"},"8Q":{"PG":"5"},"CV":{"H5":"5"},"HM":{"R6":"5"}},"M7":{"3Q":{"JG":"5","GJ":"5","HJ":"5","V7":"5","R8":"5","P8":"5","PC":"5","MG":"5","JJ":"5"},"CF":{"C2":"5"},"2C":{"7C":"5"},"CC":{"5W":"5","HX":"5"},"4M":{"FG":"5"},"6X":{"R9":"5","RF":"5"},"3M":{"P7":"5"},"GF":{"C7":"5"},"39":{"F6":"5"}},"F7":{"JM":{"Q3":"5"}},"6M":{"32":{"Q4":"5"},"J3":{"X6":"5"},"33":{"XR":"5"},"H2":{"V7":"5","V8":"5","W8":"5"}},"J6":{"RG":{"H7":"5"},"VG":{"4F":"5","49":"5","4C":"5"},"V7":{"9F":"5"},"X6":{"GQ":"5","FM":"5","JR":"5"}},"V3":{"CJ":{"H2":"5"}},"G8":{"V8":{"P9":"5","PC":"5"},"VV":{"H7":"5","GC":"5","M6":"5","FC":"5","F9":"5","FJ":"5","CJ":"4","GF":"5","G9":"5"},"RQ":{"6F":"5","6C":"5"},"X7":{"VV":"5","XV":"5","VP":"5","XW":"5","XR":"5","VW":"5","RV":"5","QV":"5","WV":"5"},"RR":{"GG":"4","CR":"4"},"PR":{"W3":"5","W9":"5","VF":"5","VC":"5","R3":"5"},"QQ":{"J3":"5","H3":"5","6X":"5"},"X5":{"PJ":"5","JR":"5"},"MQ":{"V6":"5","Q7":"5"},"RV":{"Q4":"5","W9":"4","WC":"5","V3":"5","W8":"5"},"X6":{"R7":"5"},"X4":{"RC":"5","Q7":"5"},"QR":{"54":"5","52":"5","64":"5","63":"5","62":"5","53":"5"}},"FC":{"PM":{"GX":"5","FX":"5"},"4P":{"HP":"5"},"5P":{"34":"5"},"4M":{"67":"5"},"2V":{"2F":"5"},"X7":{"HF":"5"},"PQ":{"C3":"5"},"RW":{"RX":"5","QX":"5"},"3P":{"HH":"5"},"HH":{"XJ":"5"},"2R":{"G3":"5"},"5J":{"7X":"5"},"X6":{"JW":"5"}},"78":{"47":{"95":"5"}},"99":{"8M":{"RQ":"5"},"5J":{"JQ":"5","JW":"5"},"6J":{"7M":"5"}},"64":{"XM":{"8M":"5"}},"M6":{"28":{"93":"5"},"W7":{"VR":"5","XQ":"5"},"27":{"CR":"5","HH":"5"},"X8":{"52":"5","63":"5","74":"5","44":"5","C2":"5"}},"8C":{"CV":{"8H":"5","7F":"5"},"JV":{"V9":"5"},"9G":{"VV":"5"},"F5":{"G4":"5","F6":"5","G5":"5"}},"56":{"9Q":{"7R":"5"},"97":{"PC":"5"}},"89":{"86":{"V3":"5"},"CP":{"XW":"5"},"2W":{"H3":"5","G5":"5","H4":"5"}},"7G":{"G4":{"HH":"5"},"JG":{"4C":"5"},"37":{"4W":"5","G9":"5"}},"8G":{"37":{"4M":"5"},"M9":{"W4":"5"},"X7":{"87":"5"},"JH":{"G2":"5"},"PR":{"RH":"5"},"HG":{"W2":"5","X2":"5"},"HF":{"PW":"5","XR":"5","84":"5"},"WP":{"4V":"5"},"VP":{"CW":"5","3G":"5","9X":"5"},"FQ":{"XX":"5"},"V9":{"79":"5"},"JG":{"52":"5","63":"5","J5":"5","96":"5","M5":"5","C6":"5","F4":"5","C3":"5","73":"5","F2":"5","72":"5","97":"5","53":"5","C2":"5","G6":"5","92":"5","F5":"5","82":"5","74":"5","22":"5","G4":"5","F7":"5","M2":"5","42":"5","32":"5","78":"5","H3":"5","84":"5","62":"5","85":"5","F6":"5","C7":"5","93":"5","C4":"5","86":"5"},"MQ":{"FV":"5"},"95":{"H4":"5"},"57":{"CC":"5"},"MG":{"V8":"5"},"RF":{"C5":"5","C6":"5","R6":"5"},"JF":{"2V":"5","8X":"5","FX":"5","3V":"5","QF":"5","JQ":"5","3W":"5","JX":"5","JR":"5","9X":"5","MQ":"5","MP":"5","JW":"5","2X":"5","JV":"5","GX":"5","2R":"5","3X":"5","4X":"5","MJ":"5","PW":"5","HX":"5"}},"H8":{"32":{"Q6":"5"},"P2":{"MH":"5","JH":"5"},"35":{"2V":"5","3R":"5","3V":"5","4Q":"5","8Q":"5"},"34":{"PQ":"5"},"33":{"6J":"5"},"Q2":{"38":"5"},"27":{"2V":"5","3W":"5"},"36":{"Q9":"5"},"25":{"QW":"5","WR":"5","VW":"5"}},"94":{"MP":{"JW":"5"},"MG":{"CP":"5"}},"58":{"M4":{"C2":"5"},"H8":{"P7":"5"},"85":{"WG":"5"},"H6":{"WR":"5"}},"95":{"J2":{"58":"5"},"2V":{"F5":"5"}},"42":{"7P":{"3P":"5"}},"J7":{"96":{"62":"5","66":"5"},"QG":{"MR":"5"},"8X":{"W4":"5"},"MW":{"4C":"5"},"QQ":{"6F":"5"},"QF":{"GJ":"5"},"H6":{"93":"5","C3":"5","C4":"5"},"J9":{"49":"5","GP":"5","7W":"5","9V":"5","77":"5"},"H5":{"XP":"5"},"G6":{"QH":"5"},"M6":{"MC":"5","Q8":"5","P7":"5"},"RF":{"93":"5"},"PF":{"CC":"5","JF":"5","PH":"5"},"M5":{"RH":"5","VG":"5"}},"87":{"C7":{"WQ":"5","XQ":"5"},"CR":{"M3":"5"}},"XG":{"MC":{"RX":"5","VW":"5"}},"6G":{"XC":{"77":"5","H2":"5"},"P8":{"33":"5"}},"3G":{"CQ":{"H2":"5"},"99":{"W4":"5"},"F8":{"33":"5","25":"5"},"7X":{"76":"5"}},"28":{"3V":{"37":"5","27":"5"}},"6H":{"RJ":{"FR":"5"},"XW":{"XG":"5"},"9H":{"GQ":"5","FW":"5","FR":"5","FV":"5","CQ":"5","9V":"5","FQ":"5","9R":"5","CW":"5","9W":"5","CV":"5","GR":"5","CR":"5","GV":"5","9Q":"5"}},"52":{"C8":{"6W":"5"},"WC":{"76":"5"}}}}