{"index":{"university,1|retail,2|tourism,3|wreck,4|historical,5|artsCulture,6|namedBuilding,7|water,8|wetland,9|park,10|beach,11|natureReserve,12|cemetery,13|trail,14":{}},"5V":{"JC":{"78":{"78":"5"}},"M9":{"FR":{"FG":"5"},"HR":{"4F":"5"},"PX":{"QP":"5"},"FP":{"6Q":"5"},"GC":{"CW":"5"}},"X7":{"7R":{"H3":"4","H2":"4"}},"GF":{"F7":{"M4":"5"}},"CP":{"7J":{"7M":"4"}},"F8":{"8G":{"WM":"5"},"FH":{"PG":"5"},"CH":{"46":"5"},"7F":{"W8":"5"},"7C":{"HC":"5"},"GH":{"XW":"5"},"9G":{"2P":"5","9X":"5"}},"W8":{"8R":{"83":"5"},"8W":{"XH":"5"},"7R":{"X6":"5"}},"C6":{"PW":{"XC":"5"},"VW":{"J2":"5"}},"F7":{"32":{"5W":"5"}},"C8":{"24":{"VQ":"5"},"96":{"Q8":"5"},"85":{"P5":"5","M2":"5","G9":"5"}},"JW":{"8R":{"9M":"5","8M":"5","CM":"5","GM":"5","XH":"4"}},"F6":{"2Q":{"6F":"5","8R":"5","9V":"5","8V":"5"},"P5":{"CV":"5"},"M9":{"XR":"5"},"P9":{"7W":"5"},"G7":{"64":"5"},"5F":{"7C":"5"},"PC":{"2J":"5","2H":"5"},"C7":{"QJ":"5"},"Q8":{"53":"5","43":"5"},"2M":{"WW":"5","M4":"5"},"J4":{"H9":"5","M9":"5"},"2P":{"6X":"5"}},"JV":{"88":{"47":"5"},"8C":{"7M":"5"},"75":{"3M":"5"},"V6":{"CF":"5"},"6C":{"4H":"5"},"84":{"H5":"5"}},"HW":{"V9":{"HH":"5"},"RC":{"XG":"5"},"VF":{"F2":"5"},"VC":{"6F":"5","5C":"5","QV":"5"}},"F9":{"24":{"76":"5"},"64":{"9H":"5"}},"29":{"XX":{"48":"5","GP":"5","59":"5"},"XW":{"HR":"5","CG":"5","8H":"5","3R":"5","9H":"5","JF":"5","4C":"5","QQ":"5","WV":"5"},"WX":{"Q6":"5","V6":"5","R6":"5","VC":"5","R5":"5","V3":"5","R3":"5","Q7":"5","W7":"5","X3":"5","W2":"5","R4":"5","V7":"5","V4":"5"}},"99":{"M2":{"R5":"5"}},"C7":{"R9":{"CH":"5"},"C9":{"W2":"5"},"FX":{"J8":"5","J7":"5","H6":"5"},"J5":{"V9":"5"},"CP":{"4P":"5"},"PJ":{"V9":"5","R9":"5","RC":"5","V8":"5","W7":"5","QC":"5","W8":"5"},"7P":{"C8":"5","F8":"5","F9":"5","C9":"5"},"3Q":{"Q4":"4"},"C8":{"P9":"5"},"GX":{"4F":"5"},"CF":{"MW":"5"},"CR":{"43":"5"},"W9":{"JR":"5"}},"98":{"JW":{"5F":"5"},"PV":{"24":"5","58":"5"},"PC":{"QW":"5","M3":"5","VV":"5","Q3":"5","FR":"5","M2":"5","FV":"5","5Q":"5","RR":"5","RW":"5","PX":"5","FX":"5","JM":"5","4Q":"5","GW":"5","HV":"5","7V":"5","CX":"5","CW":"5","VW":"5","RV":"5","QV":"5","GX":"5","6R":"5","J2":"5","GV":"5"},"PM":{"89":"5"},"P9":{"XR":"5","XQ":"5"},"QG":{"FW":"5","FV":"5","9F":"5","F8":"5","CW":"5","JW":"5","CC":"5","CV":"5","JV":"5","F4":"5","F9":"5","GV":"5"},"RC":{"88":"4","G2":"4","WX":"5"},"QR":{"9X":"5"},"MR":{"PP":"5","XX":"5","JG":"5","HF":"5","XV":"5","XP":"5","GG":"5","WR":"5"},"WW":{"29":"5"},"GR":{"Q3":"4"},"QC":{"93":"5","7M":"5"},"V8":{"PR":"5","CW":"5","QP":"5","9X":"5"},"MV":{"FH":"5","8R":"5","9H":"5","JM":"5"},"V9":{"64":"5","29":"5","F4":"5","94":"5","F5":"5"},"QF":{"69":"5","RF":"5","26":"5","X7":"5"},"WH":{"74":"5"},"MC":{"VX":"5","RX":"5","WW":"5","WM":"5","XP":"5"},"PH":{"M9":"5"},"MW":{"2X":"5"},"RQ":{"63":"5","X7":"5"},"W9":{"R2":"5"},"RF":{"J5":"5","H8":"5","4J":"5","W8":"5"},"RR":{"F2":"5","P8":"5"},"RP":{"W3":"5","Q3":"5"},"MF":{"Q5":"5","V3":"5","V6":"5","V4":"5","R3":"5"},"PF":{"74":"5","FH":"5","H3":"5","G3":"5","RC":"5","FJ":"5","G2":"5"},"R9":{"QQ":"5","RQ":"5"},"X6":{"RC":"5","VC":"5"}},"P9":{"J4":{"23":"5"},"F5":{"C4":"4"}}}}