{"index":{"university,1|retail,2|tourism,3|wreck,4|historical,5|artsCulture,6|namedBuilding,7|water,8|wetland,9|park,10|beach,11|natureReserve,12|cemetery,13|trail,14":{}},"66":{"XQ":{"XQ":{"XW":"5"},"X8":{"VG":"5"},"XP":{"R7":"5","R8":"5"},"RM":{"WP":"5"},"VV":{"52":"5"},"H9":{"WJ":"5"},"VX":{"X3":"5"},"XX":{"62":"5","98":"5"},"X7":{"H5":"5","J4":"5","H4":"5"},"XV":{"XJ":"5","WP":"5","PR":"5","WM":"5","7C":"5"},"WP":{"CG":"5","9H":"5","9C":"5","5C":"5","9G":"5"},"9V":{"H3":"5"},"WW":{"M3":"5","MG":"5","PC":"5","MJ":"5","M8":"5","P9":"5","F9":"5","GG":"5","JF":"5","M6":"5","R7":"5","7G":"5","G6":"5","G9":"5","PG":"5","M9":"5","JG":"5","JM":"5","J4":"5","JC":"5","CR":"5","HH":"5","H7":"5","MC":"5","PH":"5","P2":"5","GF":"5","MX":"5","W9":"5","MH":"5","JJ":"5","62":"5","HF":"5","PF":"5","MM":"5","FC":"5","QW":"5","6V":"5","PX":"5"},"XC":{"MR":"5"},"J9":{"MC":"5","JC":"5","G5":"5"},"XW":{"J6":"5","85":"4","6C":"5","39":"5"},"9R":{"VX":"5"},"WX":{"VG":"5"},"XR":{"HJ":"5","HM":"5","GM":"5","X2":"5"},"VW":{"XM":"5"},"WM":{"RR":"5"},"WV":{"MR":"5","WR":"5"},"XJ":{"MQ":"5","PH":"5"}},"XP":{"XP":{"VX":"5"}},"5X":{"FX":{"5J":"5"}},"VX":{"WH":{"HM":"5","MJ":"5","C2":"5"},"RP":{"MH":"5","C8":"5","HF":"5","F9":"5","MG":"5","PH":"5","C9":"5"},"XH":{"8G":"5","8C":"5","89":"5","94":"5"},"RQ":{"37":"5","27":"5","26":"5","36":"5"}},"XX":{"8X":{"CW":"5","FW":"5","CX":"5","FX":"5"}},"8X":{"GQ":{"J8":"5","F8":"5","8M":"5","8P":"5","8C":"5","H8":"5"},"PX":{"HX":"5"},"CG":{"MV":"5","HR":"5","JQ":"5","GR":"5"},"CW":{"PQ":"5"},"FQ":{"X4":"5","5Q":"5"},"8R":{"M8":"5","85":"5"},"GP":{"4G":"5"},"HQ":{"2F":"5"}},"XV":{"CF":{"XJ":"5"},"H5":{"VJ":"5"},"M6":{"4V":"4","5X":"4"}},"FX":{"37":{"3H":"5","5C":"5","2H":"5","3G":"5"},"4F":{"94":"5"},"39":{"2J":"5"},"5R":{"3P":"5"},"8G":{"88":"5","89":"5"},"XW":{"X5":"5"},"CH":{"2F":"5"},"6Q":{"58":"5"},"6F":{"8P":"5","PQ":"5","QQ":"5","6V":"5"},"7G":{"W5":"5"},"6V":{"2C":"5"},"CR":{"HF":"5","HC":"5","JF":"5"},"27":{"R2":"5","WP":"5","V5":"5","XM":"5","W3":"5","WJ":"5"},"28":{"96":"5","C7":"5","C6":"5"}},"7W":{"VW":{"XV":"4","RR":"5"}},"WW":{"69":{"XM":"5"},"67":{"V7":"5"},"GW":{"6F":"5"}},"9X":{"Q4":{"CW":"5"},"QW":{"WP":"5","8F":"5","7C":"5"},"Q3":{"HQ":"5"},"7P":{"F5":"5"},"Q2":{"XV":"4"},"9J":{"84":"5"}},"XR":{"V8":{"8W":"5","9W":"5"},"X8":{"95":"5","76":"5","J5":"5","96":"5","C6":"5","J2":"5","F4":"5","C3":"5","77":"5","F2":"5","65":"5","C2":"5","87":"5","H2":"5","G6":"5","92":"5","H5":"5","F5":"5","75":"5","66":"5","J4":"5","G3":"5","G4":"5","G2":"5","94":"5","C5":"5","78":"5","H3":"5","84":"5","85":"5","F6":"5","67":"5","68":"5","G5":"5","J3":"5","F3":"5","H4":"5","93":"5","C4":"5","86":"5"},"XX":{"VG":"5","VF":"5"},"X7":{"FW":"5","FX":"5","JX":"5","GW":"5","9X":"5","HV":"5","CX":"5","CW":"5","JW":"5","GX":"5","HW":"5","HX":"5","GV":"5"},"R5":{"G7":"5"},"V3":{"7J":"5","G5":"5","8H":"5","4Q":"5","H6":"5","G7":"5","G6":"5","QC":"5","7C":"5","7F":"5","7H":"5","9Q":"5"},"R3":{"P3":"5"},"W7":{"C9":"5","MM":"5"},"X3":{"62":"5"},"W3":{"PR":"5"},"V4":{"Q8":"5"},"C8":{"5P":"5","J9":"5"},"X2":{"Q6":"5","4C":"5"},"C7":{"HP":"5","VQ":"5"},"98":{"3C":"5"}},"WX":{"GM":{"42":"5","64":"5"},"42":{"2C":"5","3C":"5","3F":"5"},"43":{"74":"5","62":"5"},"22":{"78":"5"},"6F":{"P6":"5","P8":"5"},"JV":{"73":"5"},"32":{"XC":"5","W9":"5","X8":"5","W8":"5"},"WV":{"F8":"5"},"GJ":{"8X":"5","CR":"5","6Q":"5","6R":"5","9Q":"5"}},"CX":{"WF":{"FX":"5"},"X8":{"R7":"5"},"JC":{"W9":"5"},"WH":{"R4":"5","Q3":"5","V3":"5","W2":"5"},"WC":{"JV":"5"},"GC":{"WX":"5"},"XF":{"4C":"5"},"W8":{"WP":"5"},"V9":{"9X":"5"},"F7":{"95":"5","75":"5"},"CH":{"WF":"5","V8":"5","WC":"5"},"47":{"X3":"5"},"WG":{"VV":"5","RX":"5","QG":"5","PJ":"5","WW":"5","XW":"5","H5":"5","WR":"5","QV":"5","QR":"5","QM":"5"},"MC":{"2C":"5","9C":"5"},"3X":{"GQ":"5","FQ":"5"},"XG":{"2V":"5","GP":"5","77":"5","3V":"5","6R":"5","2W":"5","MM":"5"},"XM":{"C4":"5"},"8C":{"VR":"5"}},"WR":{"HF":{"CH":"5"},"WG":{"6F":"5","69":"5","7F":"5","7C":"5","6C":"5"},"JR":{"MQ":"5"}},"GX":{"3W":{"9R":"5"}},"7X":{"38":{"W2":"5","X2":"5"},"RW":{"MV":"5"},"47":{"H9":"5"},"48":{"4F":"5","47":"5","4G":"5","5G":"5","23":"5","45":"5","59":"5","66":"5","3G":"5"},"RV":{"8R":"5","7R":"5"},"9X":{"8V":"5"}},"CF":{"PG":{"G6":"5"}},"6X":{"V5":{"6P":"5"},"R9":{"82":"5","4F":"5","29":"5","6G":"5","5G":"5","3C":"5","3F":"5","4J":"5"},"R8":{"6F":"5","9J":"5"},"WW":{"V3":"5"},"XW":{"32":"5"},"M6":{"XW":"5"},"RV":{"H4":"5"},"P8":{"MF":"5","QP":"5","PF":"5","HC":"5","PH":"5","RM":"5"}},"WV":{"RH":{"MG":"5"},"JC":{"Q9":"5"},"QH":{"W8":"5"},"74":{"FR":"5","HP":"5","CR":"5","6Q":"5","7Q":"5"},"CH":{"QG":"5","H9":"5","FH":"5","PQ":"5","GG":"5","HC":"5","3C":"5","JF":"5","GH":"5","Q9":"5","Q7":"5","GF":"5"},"9H":{"MH":"5","QF":"5","P9":"5","RF":"5","RC":"5","VF":"5","VC":"5","QC":"5"},"MJ":{"4J":"5"},"R2":{"9H":"5"}},"FF":{"7M":{"4Q":"5"},"22":{"VM":"5"},"HP":{"38":"5","M7":"5","49":"5","P7":"5","39":"5"},"GP":{"J6":"5","Q5":"5","H7":"5","F8":"5","P6":"5","H6":"5","G7":"5","F7":"5","C8":"5","G6":"5","M6":"5","P5":"5","M5":"5","C7":"5","98":"5"},"CR":{"8P":"5"}},"FG":{"49":{"2R":"5","6Q":"5","6R":"5"},"39":{"WP":"5","XR":"5"}}}}