{"index":{"university,1|retail,2|tourism,3|wreck,4|historical,5|artsCulture,6|namedBuilding,7|water,8|wetland,9|park,10|beach,11|natureReserve,12|cemetery,13|trail,14":{}},"67":{"83":{"46":{"7H":"5"},"93":{"F9":"5"},"X3":{"VJ":"5","63":"5","CF":"5","G3":"5","2R":"5"},"9C":{"C3":"5"},"X6":{"24":"5","55":"5"},"J9":{"MP":"5"},"HC":{"WF":"5","VF":"5","WC":"5","VC":"5"},"X5":{"GV":"5","GR":"5"},"R6":{"73":"5"}},"RW":{"3J":{"P2":"5"}},"W6":{"Q4":{"2J":"5","PR":"5","HP":"5","CM":"5","CJ":"5"},"WH":{"Q4":"5"},"MW":{"WF":"5","Q6":"5","XH":"5","RH":"5","X9":"5","VH":"5","QG":"5","R6":"5","Q4":"5","PH":"5","Q5":"5","WH":"5","R5":"5","QH":"5","PG":"5","RG":"5","Q7":"5","R7":"5","VG":"5","XC":"5","XF":"5","P6":"5","WG":"5","MG":"5","P5":"5","MH":"5","XG":"5"},"PX":{"77":"5","87":"5","96":"5","78":"5","97":"5","86":"5","C8":"5","89":"5","88":"5","C7":"5","98":"5","79":"5"},"P4":{"WH":"5"},"X5":{"36":"5"},"8V":{"72":"5"},"PV":{"FW":"5","CX":"5","FX":"5"},"PW":{"56":"5","28":"5","76":"5","63":"5","3F":"5","48":"5","54":"5","C3":"5","34":"5","2F":"5","44":"5","49":"5","73":"5","39":"5","F2":"5","72":"5","C2":"5","65":"5","38":"5","55":"5","26":"5","92":"5","29":"5","75":"5","66":"5","36":"5","74":"5","2G":"5","83":"5","35":"5","94":"5","45":"5","4C":"5","3G":"5","3C":"5","25":"5","84":"5","64":"5","85":"5","93":"5","46":"5","86":"5","2C":"5"}},"32":{"VX":{"VV":"5","VR":"5","JF":"5"},"RX":{"W5":"5","V5":"5","W4":"5","V4":"5"},"WW":{"4P":"5","2J":"5","4F":"5","4H":"5","4J":"5","4M":"5","2G":"5","2C":"5","5H":"5","3F":"5","3P":"5","2F":"5","3J":"5","3H":"5","5J":"5","3M":"5","2M":"5","3G":"5","4G":"5","2H":"5","5M":"5"},"WX":{"46":"5","93":"5","C3":"5","F2":"5","94":"5","C4":"5"},"WV":{"7H":"5","8H":"5","7J":"5"},"VW":{"R9":"5","MC":"5","PG":"5","R8":"5","QJ":"5","RC":"5","M8":"5","VG":"5","VM":"5","X9":"5","VJ":"5","P7":"5","V4":"5","PF":"5","RF":"5","XC":"5","WH":"5","WF":"5","JF":"5","Q8":"5","RJ":"5","R5":"5","RG":"5","Q9":"5","R7":"5","JC":"5","VC":"5","HF":"5","PH":"5","P8":"5","QF":"5","P9":"5","M9":"5","WM":"5","WG":"5","WC":"5","V8":"5","QH":"5","V5":"5","PC":"5","Q7":"5","XF":"5","XJ":"5","R4":"5","XH":"5","WJ":"5","VH":"5","V3":"5","MF":"5","PJ":"5","W9":"5","JG":"5","VF":"5","HG":"5","MH":"5","MG":"5","QC":"5","V9":"5","XM":"5","R3":"5","RH":"5","XG":"5","QG":"5"}},"J4":{"8Q":{"P8":"5"},"6P":{"RP":"5"},"7Q":{"62":"5","94":"5","F5":"5"}},"F3":{"MG":{"PX":"5","2F":"5","GR":"5","QX":"5","HX":"5"},"JV":{"J2":"5"},"XH":{"XC":"5"},"RJ":{"8M":"5","FG":"5","4P":"5"},"QG":{"X9":"5","V6":"5","R6":"5","Q4":"5","Q5":"5","V3":"5","R3":"5","P4":"5","X3":"5","XC":"5","XF":"5","V4":"5","G6":"5"},"MQ":{"9X":"5"},"JF":{"8M":"5","55":"5","5J":"5","R3":"5"},"WQ":{"CR":"5"},"49":{"GQ":"5","WH":"5","XH":"5"},"39":{"9C":"5","8J":"5","5P":"5","8P":"5","2Q":"5","7M":"5","8M":"5","6Q":"5","6R":"5","9H":"5","7R":"5","9Q":"5"},"XG":{"XW":"5","WW":"5","XV":"5"},"38":{"J3":"5","8C":"5","7C":"5"},"RH":{"9M":"5","37":"5","QW":"5"},"VQ":{"QM":"5","RP":"5","WQ":"5","QP":"5","RM":"5","VP":"5"},"PG":{"37":"5","72":"5","6X":"5"},"29":{"PQ":"5"},"JG":{"XC":"5","XF":"5"},"VF":{"4V":"5"},"JC":{"XX":"5"},"VG":{"54":"5","37":"5","P9":"5","7F":"5","F5":"5"},"QF":{"29":"5","8P":"5","GR":"5","RV":"5","HP":"5","HQ":"5","6F":"5","GP":"5","MQ":"5","8V":"5","4M":"5","JF":"5","9Q":"5","HV":"5","XX":"5","GQ":"5","JV":"5","VR":"5","CR":"5","JC":"5","FQ":"5","MW":"5","QX":"5","HM":"5","9P":"5","MR":"5","HR":"5","7R":"5","PV":"5","GM":"5","CJ":"5","MM":"5","5C":"5","HX":"5","JP":"5","WQ":"5","JQ":"5","FP":"5","QV":"5","PR":"5","JX":"5","HJ":"5","MP":"5","MV":"5","JR":"5","JM":"5","3G":"5"},"WH":{"2M":"5"},"VJ":{"R2":"5"},"MC":{"9F":"5","VW":"5"},"VH":{"VF":"5"},"MH":{"RP":"5","CH":"5","RM":"5","85":"5","98":"5"},"RF":{"8X":"5","CW":"5","9W":"5","CX":"5","FX":"5","9X":"5"},"QH":{"V8":"5"},"64":{"CM":"5"},"QJ":{"XJ":"5"},"XF":{"XP":"5"},"PF":{"H7":"5","P6":"5","MF":"5","RF":"5","73":"5","J4":"5"},"MF":{"5H":"5","X4":"5"},"VM":{"VX":"5"},"FC":{"XG":"5","RP":"5"},"CH":{"5H":"5","5J":"5"},"GC":{"8H":"5","6H":"5"},"WG":{"6H":"5","77":"5","43":"5","87":"5"},"R9":{"CX":"5"},"RG":{"93":"5","39":"5","59":"5","Q2":"5","83":"5","GH":"5","9G":"5","FR":"5","RJ":"5","68":"5","Q9":"5","X5":"5","73":"5","HM":"5","V7":"5","C3":"5","G4":"5","88":"5","35":"5","M5":"5","8Q":"5","7C":"5","7P":"5","F2":"5","Q3":"5","7Q":"5","5C":"5","82":"5","4F":"5","C2":"5","65":"5","CG":"5","92":"5","P4":"5","87":"5"}},"26":{"JX":{"VC":"5"},"W8":{"PJ":"5"}},"H6":{"M3":{"4W":"5","7W":"5","2W":"5","3W":"5","5W":"5","7V":"5","5V":"5","CW":"5","9W":"5","8W":"5","8V":"5","4V":"5","6W":"5"},"Q6":{"69":"5"},"H4":{"WF":"5","PM":"5","GM":"5","RH":"5","VH":"5","QJ":"5","WC":"5","HJ":"5","PJ":"5","VG":"5","XC":"5","RJ":"5","WG":"5","HM":"5","MM":"5","MJ":"5","JJ":"5"},"J3":{"QW":"5","RW":"5","MW":"5","JX":"5","WW":"5","XW":"5","MX":"5","VW":"5","PW":"5","HX":"5","MV":"5"},"J9":{"5W":"5","7M":"5","8W":"5","9V":"5","CR":"5","7P":"5","GW":"5"},"J4":{"H2":"5","87":"5","96":"5","H3":"5","78":"5","G4":"5","86":"5","G3":"5","95":"5","88":"5","F5":"5","F4":"5","C5":"5"},"F4":{"W2":"5"}},"V8":{"4H":{"2V":"5","2W":"5"},"8X":{"GQ":"5"},"3R":{"FH":"5"},"34":{"9W":"5","6W":"5","7W":"5","9V":"5","7X":"5"},"3H":{"XX":"5","XW":"5"},"4V":{"RH":"5","QH":"5","GJ":"5","FH":"5","8W":"5","FJ":"5","7C":"5","26":"5","8V":"5","6C":"5","9Q":"5","25":"5"},"3V":{"Q8":"5"},"5V":{"38":"5","65":"5"},"4Q":{"7M":"5","6J":"5"},"3J":{"M3":"5","95":"5","J5":"5","96":"5","M5":"5","W2":"5","C6":"5","Q3":"5","P4":"5","G6":"5","H5":"5","W3":"5","J4":"5","V4":"5","H6":"5","H7":"5","V3":"5","C5":"5","P3":"5","J7":"5","F6":"5","X2":"5","M4":"5","R4":"5","Q4":"5"},"2W":{"5V":"5"}},"72":{"J3":{"C5":"5"},"MC":{"FW":"5","FR":"5","FV":"5","PX":"5","9V":"5","JX":"5","MX":"5","CR":"5","PW":"5","HX":"5","GV":"5"},"PQ":{"XG":"5","WG":"5"},"9V":{"7C":"5"},"XR":{"82":"5","Q4":"5"},"HC":{"RW":"5","7G":"5","8M":"5","CR":"5"},"7C":{"RG":"5","QG":"5","RF":"5"},"QQ":{"4H":"5"},"JR":{"R7":"5"},"X8":{"2X":"5"},"XQ":{"QW":"5","XX":"5","8X":"5","RW":"5","PX":"5","XW":"5","GW":"5","XR":"5","7V":"5","VW":"5"}},"W5":{"37":{"VH":"5"}},"G2":{"X8":{"6R":"5"},"V5":{"GG":"5"},"2J":{"42":"5"},"4H":{"PW":"5"},"8G":{"CH":"5"},"V7":{"XW":"5","XV":"5","XR":"5","XQ":"5"},"W8":{"MH":"5","FJ":"5"},"V9":{"Q8":"5"},"2H":{"RV":"5"},"W9":{"M3":"5","J2":"5","J3":"5","M2":"5"}},"GG":{"JR":{"62":"5"}},"XM":{"4J":{"77":"5"}},"M7":{"PM":{"R9":"5","R8":"5","V6":"5","RC":"5","HQ":"5","X2":"5","FW":"5","5X":"5","RF":"5","GW":"5","HV":"5","RG":"5","X4":"5","X5":"5","X3":"5","W5":"5","4X":"5","V7":"5","4W":"5","PH":"5","HR":"5","MJ":"5","V8":"5","QH":"5","V5":"5","MM":"5","FX":"5","JP":"5","CX":"5","JQ":"5","PJ":"5","W3":"5","W4":"5","6X":"5","GV":"5","JM":"5","2W":"5","3X":"5","QG":"5","3W":"5"},"96":{"H2":"5"},"QJ":{"FW":"5","4W":"5","PM":"5","XH":"5","FR":"5","HR":"5","RH":"5","VH":"5","QJ":"5","FV":"5","JP":"5","8X":"5","WH":"5","QH":"5","JQ":"5","PJ":"5","3W":"5","9X":"5","5W":"5","MP":"5","CX":"5","7V":"5","5V":"5","CW":"5","CV":"5","2X":"5","8W":"5","8V":"5","3X":"5","GR":"5","6V":"5","MM":"5","4X":"5","HQ":"5"},"V3":{"45":"5","4C":"5"},"HJ":{"VQ":"5","RQ":"5","GM":"5","PQ":"5","CP":"5","CQ":"5","QQ":"5","JQ":"5","GP":"5","CJ":"5","CM":"5","9J":"5","FQ":"5","WQ":"5","XR":"5","MQ":"5","MP":"5","WR":"5","FP":"5","PP":"5","HP":"5","HQ":"5"},"G4":{"R4":"5","Q2":"5"},"JM":{"52":"5","63":"5","W7":"5","J5":"5","F4":"5","M6":"5","R7":"5","X9":"5","X8":"5","73":"5","Q6":"5","G6":"5","H5":"5","F5":"5","R6":"5","83":"5","H6":"5","V7":"5","94":"5","J6":"5","W8":"5","62":"5","G5":"5","P6":"5","93":"5","C4":"5","P5":"5"},"RJ":{"5F":"5","6C":"5","4F":"5","2G":"5","C8":"5","89":"5","7C":"5","5C":"5","3G":"5","99":"5","98":"5","8C":"5","4G":"5","2H":"5","79":"5"},"F4":{"38":"5"},"PP":{"82":"5","62":"5","72":"5","92":"5","C2":"5"},"MM":{"6G":"5","PV":"5","4F":"5","9M":"5","CM":"5","RX":"5","FP":"5","GP":"5","39":"5","5F":"5","JR":"5","MR":"5","WW":"5","9J":"5","FM":"5","7G":"5","QX":"5","29":"5","GQ":"5","MV":"5","5G":"5","JQ":"5","4C":"5","HQ":"5","XW":"5","3C":"5","VW":"5","8H":"5","PW":"5","8J":"5","QW":"5","RW":"5","7H":"5"},"93":{"V7":"5","W9":"5","R8":"5","V8":"5"},"JJ":{"2V":"5","5W":"5","4V":"5","3V":"5","2R":"5","5X":"5","4W":"5"},"QM":{"22":"5"}},"M8":{"P5":{"R7":"5"},"Q5":{"V5":"5"}},"H4":{"9R":{"PR":"5"},"7G":{"GG":"5"},"5P":{"WJ":"5"},"CV":{"P3":"5"},"MX":{"7Q":"5","9Q":"5"},"FC":{"8F":"5"},"5G":{"PP":"5"},"3P":{"R3":"5"},"3C":{"4M":"5","5J":"5"},"6P":{"6F":"5","8C":"5","3R":"5","29":"5","F9":"5","5F":"5","9J":"5","4P":"5"},"39":{"JM":"5","MJ":"5","QJ":"5"}},"Q9":{"M3":{"32":"5","24":"5","52":"5","42":"5","63":"5","33":"5","V3":"5","23":"5","2P":"5"},"X3":{"QP":"5","PM":"5","RR":"5"},"W2":{"36":"5"},"V6":{"P3":"5"},"J2":{"PX":"5","PW":"5","QF":"5","PV":"5","VX":"5","XW":"5","RF":"5","XF":"5","C9":"5","VW":"5"},"R5":{"H4":"5"},"P4":{"FX":"5"},"G4":{"99":"5","V7":"5","98":"5"},"M2":{"4W":"5","5X":"5","FV":"5","3W":"5","GP":"5","5W":"5","5V":"5","CV":"5","3X":"5","HW":"5","4X":"5","94":"5"},"V3":{"5H":"5","6M":"5","3M":"5","7J":"5"},"P3":{"5F":"5","5G":"5","G4":"5","7C":"5","6F":"5","5C":"5","6G":"5","FG":"5","JJ":"5","7F":"5"},"8H":{"XX":"5","RX":"5","QX":"5"},"JH":{"JG":"5","JF":"5"},"8J":{"94":"5"},"J3":{"W4":"5","V4":"5","X2":"5"},"X7":{"P2":"5"},"H4":{"P2":"5","XV":"5"},"P5":{"C2":"5"}},"WG":{"C2":{"M3":"5"}},"3M":{"52":{"XH":"5"},"62":{"2H":"5"},"55":{"54":"5","55":"5","65":"5"}},"X3":{"G6":{"54":"5","53":"5"}},"2J":{"CP":{"99":"5","8C":"5","69":"5","89":"5","9C":"5","7C":"5","6C":"5","79":"5"},"XR":{"XG":"5","XF":"5"},"JV":{"8R":"5","7V":"5","8V":"5","7R":"5"},"43":{"XX":"5","XW":"5"},"4F":{"C8":"5","F8":"5","F7":"5","G8":"5","G7":"5","C7":"5","H8":"5"},"F9":{"XC":"5"},"RJ":{"RX":"5"},"QV":{"XX":"5","XW":"5","WX":"5"},"54":{"22":"5"},"5P":{"PW":"5"},"6Q":{"9H":"5"},"2F":{"X6":"5"},"7P":{"9R":"5","8R":"5","9V":"5","8V":"5","8Q":"5","7Q":"5","7R":"5"},"QP":{"99":"5","88":"5","F3":"5","89":"5","F4":"5","98":"5"},"53":{"2X":"5","2W":"5"},"VP":{"8F":"5"},"5W":{"V2":"5","P3":"5","P4":"5"},"QX":{"8R":"5","8Q":"5","7Q":"5","7R":"5"},"G9":{"2C":"5","29":"5"},"VQ":{"R2":"5","Q4":"5","R4":"5","Q3":"5","R3":"5"},"8Q":{"2Q":"5","3P":"5","2P":"5"},"PG":{"4F":"5","5F":"5","5C":"5","4C":"5"},"QM":{"9H":"5"},"JM":{"GJ":"5","HJ":"5","HM":"5","GM":"5"},"7V":{"MG":"5","F9":"5","FH":"5","FJ":"5","8G":"5","PJ":"5","CJ":"5","9H":"5","9G":"5","MC":"5","PH":"5","C9":"5","8H":"5","MF":"5","CC":"5","FC":"5","CH":"5"},"CR":{"QM":"5","RH":"5","QH":"5","WH":"5","RJ":"5","VH":"5","QP":"5","MG":"5","PH":"5","PG":"5","WG":"5","QJ":"5"},"2G":{"P2":"5","P5":"5","P3":"5","Q3":"5","Q2":"5","JJ":"5","Q9":"5","QC":"5","MJ":"5"},"XP":{"VJ":"5","RJ":"5","VM":"5","RM":"5"},"HQ":{"F3":"5","C3":"5"},"RM":{"R2":"5","Q2":"5"},"PH":{"6R":"5","7Q":"5","7R":"5"},"WR":{"X3":"5","W3":"5","X2":"5"},"3C":{"82":"5","93":"5","83":"5","92":"5"},"QQ":{"HW":"5","P9":"5","JV":"5","JW":"5","Q9":"5"},"2X":{"PX":"5","MX":"5"},"8P":{"4H":"5","5H":"5","5J":"5","4J":"5"},"25":{"FR":"5","GQ":"5","GV":"5","CW":"5","FW":"5","GR":"5"},"7F":{"QM":"5","PP":"5","QP":"5","PM":"5","MM":"5"},"RR":{"JM":"5","MM":"5"},"QJ":{"HR":"5","FP":"5","JV":"5","GP":"5","HV":"5"},"RP":{"78":"5","68":"5","67":"5","77":"5"},"85":{"6R":"5","6V":"5"},"6R":{"R4":"5","M5":"5","VQ":"5","P4":"5","M4":"5","VP":"5","RQ":"5","R3":"5"},"8J":{"J5":"5","M5":"5"},"QW":{"Q2":"5","W2":"5","X2":"5"},"4Q":{"V9":"5","W9":"5","V8":"5","W8":"5"},"PX":{"R4":"5"},"C7":{"CG":"5","CF":"5","FG":"5","FF":"5"},"F8":{"MC":"5","PC":"5"},"86":{"CQ":"5","CP":"5","9P":"5","9Q":"5"},"RG":{"Q3":"5","R3":"5"},"HP":{"J5":"5","M6":"5","M5":"5","J6":"5"},"6M":{"54":"5","64":"5","63":"5","74":"5","75":"5","65":"5"}},"73":{"X3":{"2H":"5"},"W3":{"V7":"5","H2":"5"},"G5":{"87":"5"},"W2":{"PX":"5","PR":"5","MW":"5"}},"2M":{"78":{"GJ":"5","HJ":"5","HM":"5","FJ":"5","PM":"5","GM":"5"},"5M":{"XJ":"5","Q4":"5","R4":"5","Q3":"5","WJ":"5","VQ":"5","Q2":"5","XH":"5","R3":"5","RQ":"5"},"8F":{"VV":"5","VR":"5"},"MF":{"WW":"5","RP":"5","HP":"5","RV":"5","HQ":"5","RQ":"5","VW":"5"},"68":{"R2":"5","Q3":"5","R3":"5"},"69":{"46":"5","GX":"5","37":"5","47":"5","48":"5","56":"5","57":"5","58":"5"},"22":{"P2":"5","M2":"5"},"6H":{"FM":"5","FP":"5","GM":"5"},"MG":{"X2":"5"},"6M":{"2J":"5","2H":"5"},"7V":{"HG":"5","HF":"5","GG":"5","GF":"5"},"PG":{"MC":"5","JC":"5","JF":"5"},"6C":{"H3":"5","H4":"5","J5":"5","G4":"5","H5":"5","J4":"5","G2":"5","F2":"5"},"65":{"5P":"5","5M":"5","6P":"5","5Q":"5"},"R3":{"G4":"5","G5":"5","C2":"5"}},"7G":{"Q3":{"Q4":"5","Q3":"5","M5":"5","V4":"5","R3":"5"},"R3":{"25":"5"}},"WV":{"2J":{"75":"5"},"87":{"8H":"5"},"VX":{"Q2":"5"},"76":{"VW":"5"},"GH":{"7V":"5","6R":"5"},"78":{"57":"5","58":"5"},"89":{"H5":"5","H4":"5"},"88":{"C3":"4","4J":"5"},"98":{"3Q":"5","59":"5","79":"5"},"MR":{"X4":"5"}},"JX":{"H7":{"84":"5"},"R9":{"XM":"4"},"R8":{"P6":"5","H9":"5","CG":"5","X3":"5","G8":"5","GC":"5","CH":"5","M4":"5","R5":"5","7J":"5","W2":"5","FF":"5"},"Q8":{"R4":"5","R3":"5"},"Q7":{"5M":"5","6M":"5","6P":"5"}},"VR":{"QX":{"Q5":"5"}},"VC":{"X8":{"2X":"5"}},"R9":{"37":{"RP":"5","VP":"5"},"C9":{"93":"5"},"R4":{"4X":"5","3X":"5","4W":"5","3W":"5"},"V4":{"FW":"5"},"H6":{"5J":"5"},"G7":{"H5":"5"},"CH":{"RX":"5","53":"5","XR":"5","43":"5"},"G6":{"MG":"5"},"47":{"MV":"5","MR":"5","HR":"5","GQ":"5","5W":"5","4V":"5","5V":"5","JR":"5","4W":"5"},"24":{"JV":"5"},"48":{"29":"5"},"88":{"M8":"5","P8":"5"},"FH":{"69":"5","8P":"5","4R":"5","59":"5","7P":"5","8Q":"5","58":"5","6Q":"5","CV":"5","6G":"5","3G":"5","68":"5"},"P7":{"39":"5"},"CF":{"XW":"5"},"FG":{"74":"5"},"M5":{"6P":"5"},"FJ":{"24":"5","64":"5","63":"5","72":"5","M4":"5","25":"5"},"28":{"47":"5","87":"5"}},"G3":{"CP":{"H7":"5","RP":"5","G7":"5","VQ":"5","VP":"5","RQ":"5"},"JW":{"J5":"5","J3":"5","FC":"5","GH":"5"},"2V":{"M3":"5","R5":"5"},"FQ":{"3X":"5"},"CM":{"G4":"5","G3":"5","FJ":"5"},"2P":{"45":"5"},"8F":{"P5":"5","P4":"5"},"6Q":{"R4":"5"},"7P":{"38":"5"},"3W":{"J5":"5"},"57":{"MH":"5","WG":"5"},"5W":{"XG":"5","GX":"5","4M":"5","3M":"5"},"9V":{"2J":"5","GQ":"5","4M":"5","3P":"5","2M":"5","2H":"5","4J":"5","GW":"5"},"3V":{"RW":"5","PX":"5"},"8Q":{"38":"5","CW":"5","9C":"5"},"3M":{"3R":"5","4V":"5","4R":"5","3V":"5","4W":"5","3W":"5"},"CJ":{"9J":"5"},"7R":{"6V":"5"},"6P":{"GP":"5","GR":"5","JR":"5"},"37":{"P7":"5"},"CR":{"G7":"5","G6":"5"},"6W":{"2G":"5"},"8V":{"XQ":"5","XP":"5","VJ":"5","WP":"5","9V":"5","6H":"5","VG":"5","W8":"5","CH":"5","W6":"5","GG":"5","WJ":"5","WM":"5","FH":"5","8V":"5","XJ":"5","XM":"5","W9":"5"},"24":{"F5":"5"},"2H":{"8C":"5","2C":"5","69":"5","89":"5","7C":"5","79":"5"},"8R":{"8J":"5","HJ":"5","JJ":"5"},"4W":{"PJ":"5"},"4H":{"96":"5"},"HX":{"47":"5"},"5H":{"8C":"5","9C":"5"},"GW":{"G4":"5"}},"54":{"C5":{"35":"5"},"M3":{"PR":"5"},"Q4":{"CW":"5","CH":"5","CJ":"5"},"H3":{"JG":"5","MG":"5"},"F4":{"5R":"5"},"85":{"9C":"5","5C":"5"},"C4":{"VQ":"5"}},"43":{"9X":{"F4":"5"},"8F":{"RF":"5","QP":"5"},"RC":{"5F":"5","4H":"5","4J":"5","3V":"5","4R":"5","3P":"5","5G":"5","59":"5","3Q":"5","4Q":"5","3J":"5","6F":"5","5C":"5","3M":"5","2M":"5","2P":"5","4V":"5","4G":"5"},"FW":{"RW":"5"},"38":{"2V":"5","RR":"5","2W":"5","VW":"5","6R":"5","CR":"5","MR":"5"},"CX":{"M6":"5"},"RH":{"7G":"5"},"V5":{"HG":"5","C3":"5"},"PG":{"QH":"5"},"29":{"3R":"5"},"QM":{"89":"5"},"5X":{"M2":"5"},"6X":{"53":"5","64":"5","63":"5","55":"5","74":"5","62":"5","52":"5","73":"5","54":"5","65":"5"},"2G":{"J5":"5","WH":"5","M7":"5","QV":"5"},"VG":{"FR":"5","GR":"5"},"6W":{"6C":"5","9C":"5","C9":"5","8F":"5","G5":"5","H4":"5","F8":"5","97":"5","H6":"5","H5":"5","G7":"5","F7":"5","C8":"5","G6":"5","89":"5","7C":"5","F6":"5","6F":"5","7F":"5","99":"5","C7":"5","98":"5","8C":"5"},"2H":{"Q2":"5"},"RM":{"52":"5"},"5V":{"6M":"5"},"3C":{"W7":"5","V3":"5","V4":"5"},"RF":{"GX":"5","RQ":"5"},"C7":{"WC":"5"},"RG":{"2G":"5","P4":"5"}},"H9":{"46":{"R9":"5","W9":"5","R8":"5","Q8":"5","Q9":"5","X7":"5"},"47":{"7X":"5"},"36":{"R7":"5","P5":"5","V7":"5","V8":"5","M5":"5","V6":"5","P4":"5","M4":"5","R6":"5","QJ":"5"}},"C3":{"J9":{"XJ":"5","GQ":"5","J7":"5"},"76":{"WJ":"5","XH":"5"},"P9":{"XH":"5"},"Q7":{"9G":"5"},"RC":{"FQ":"5"},"77":{"HG":"5"},"F2":{"39":"5"},"97":{"WX":"5"},"QC":{"R4":"5"},"P4":{"XV":"5"},"88":{"JW":"5","6G":"5","JV":"5","RJ":"5","RC":"5","MR":"5","VC":"5","JX":"5","JQ":"5","GX":"5","CV":"5","HV":"5","V3":"5","HW":"5","MW":"5","MX":"5","QQ":"5","MP":"5","MM":"5","HX":"5","RW":"5","R4":"5","GW":"5"},"CF":{"M9":"5","J9":"5"},"7C":{"F2":"5"},"PG":{"P3":"5","F5":"5"},"89":{"H3":"5","H4":"5","G4":"5","F3":"5","J3":"5","P2":"5","G3":"5","P5":"5","F4":"5","G2":"5","J2":"5","F2":"5"},"F5":{"V8":"5","5V":"5"},"79":{"R9":"5","VC":"5","R8":"5","PC":"5","Q9":"5","RC":"5","Q8":"5","QC":"5","P9":"5"},"37":{"9R":"5"},"98":{"3G":"5","39":"5"},"QF":{"RH":"5","R9":"5","VH":"5","X7":"5"},"GX":{"6W":"5"},"XC":{"35":"5","95":"5"},"RF":{"R4":"5","G2":"5","G5":"5"},"JH":{"28":"5"},"MF":{"QV":"5"},"R2":{"6R":"5","6V":"5"},"Q9":{"49":"5","5F":"5","7J":"5","6P":"5","2C":"5","8G":"5","3F":"5","67":"5","JQ":"5","2F":"5","26":"5","89":"5","5C":"5","FH":"5","4G":"5","7H":"5"},"G5":{"G3":"5","H6":"5"}},"53":{"54":{"J6":"5","J7":"5","J5":"5","P6":"5","M6":"5","M7":"5","P5":"5","P7":"5","M5":"5"},"PX":{"9W":"5"},"GX":{"X5":"5","R6":"5","R5":"5"},"HW":{"RW":"5","RV":"5","WX":"5","WV":"5"},"JX":{"69":"5"},"HX":{"8H":"5","WF":"5","WJ":"5","X4":"5","XH":"5","MM":"5"},"55":{"F2":"5"},"26":{"GV":"5","HV":"5"}},"V7":{"J5":{"3R":"5"}},"H3":{"RJ":{"X3":"5","X2":"5"},"62":{"28":"5"},"R6":{"3H":"5","6P":"5"}},"62":{"R2":{"7G":"5","7H":"5"},"5P":{"J9":"5"},"X4":{"FG":"5"}},"X2":{"H8":{"4X":"5","3R":"5","4V":"5","3V":"5","7P":"5","2R":"5","6M":"5","6P":"5"},"G8":{"HV":"5","XH":"4"},"2G":{"Q2":"5","34":"5","77":"5","67":"5","45":"5","47":"5","58":"5","57":"5","48":"5","46":"5","35":"5"},"9F":{"J3":"5"},"2F":{"XX":"5","QG":"5","5R":"5","9M":"5","3P":"5","G4":"5","JM":"5","9R":"5","CH":"5","5J":"5","6R":"5","7X":"5","CF":"5","FG":"5","3G":"5"},"3J":{"WF":"5"},"47":{"MH":"5"},"48":{"M5":"5","P4":"5"},"93":{"4X":"5","5W":"5","7W":"5","6W":"5","5V":"5","7X":"5","7V":"5","5X":"5","7R":"5","6V":"5","3W":"5"},"3G":{"2G":"5","53":"5"},"94":{"22":"5"}},"M5":{"8G":{"FH":"5"},"2G":{"48":"5"},"HG":{"M4":"5"},"2J":{"P3":"5"},"CG":{"R2":"5"},"CF":{"X3":"5","R7":"5","V7":"5","G2":"5"},"3X":{"R8":"5"},"MF":{"2G":"5"},"CC":{"P3":"5","V4":"5","7R":"5"},"GP":{"H7":"5","F7":"5","H3":"5","CC":"5","G7":"5","H4":"5"},"7F":{"76":"5"},"MQ":{"53":"5"},"VM":{"XX":"5","VX":"5","WW":"5","WX":"5","VW":"5"},"JJ":{"87":"5"},"9J":{"V6":"5"},"6Q":{"H5":"5"},"GM":{"GF":"5","GW":"5","GX":"5","6R":"5","6V":"5","7R":"5","HX":"5","GV":"5"},"8Q":{"G7":"5"},"9F":{"WG":"5"},"FF":{"9C":"5","38":"5","5H":"5","CQ":"5","26":"5","GW":"5","CH":"5","48":"5","29":"5"}},"RC":{"RH":{"8F":"5"},"PX":{"37":"5"},"RJ":{"4R":"5"},"F7":{"48":"5","69":"5","5C":"5"},"GM":{"R3":"5"}},"49":{"93":{"RX":"5"},"98":{"8H":"5","7J":"5"}},"XH":{"WP":{"PC":"5"},"WM":{"CW":"5","GH":"5","HH":"5","7R":"5"}},"P7":{"MX":{"82":"5","93":"5","72":"5","G3":"5","W9":"5","F4":"5","G5":"5","F5":"5"},"GR":{"XC":"5"},"HP":{"2G":"5","G8":"5","2H":"5"},"86":{"52":"5","43":"5","65":"5"},"PG":{"CX":"5"},"V6":{"W7":"5"},"QJ":{"HM":"5"},"HQ":{"5F":"5","JH":"5","5G":"5","XF":"5","RJ":"5","MP":"5","WM":"5","3M":"5","MJ":"5","JJ":"5"},"P3":{"48":"5"},"GP":{"XG":"5","2W":"5","XH":"5"},"MQ":{"QV":"5"},"VJ":{"J9":"5","P8":"5","PV":"5","M8":"5","FF":"5","JF":"5","Q7":"5","WQ":"5","JR":"5","MR":"5","GR":"5","9J":"5","Q6":"5","CF":"5","M9":"5","HR":"5","MV":"5","XQ":"5","P7":"5","JC":"5","9H":"5","R6":"5","JQ":"5","FG":"5","GF":"5","PW":"5","HF":"5","HC":"5","CH":"5","M7":"5","PX":"5","CG":"5"},"4M":{"PC":"5"},"8F":{"9M":"5"},"RP":{"QR":"5"},"54":{"42":"5"},"GW":{"Q2":"5","P3":"5","M3":"5","Q3":"5","Q6":"5","J6":"5","H4":"5","H7":"5","J3":"5","M8":"5","H5":"5","J4":"5","P8":"5","G2":"5","R2":"5","V2":"5"},"PW":{"CQ":"5","FP":"5","MF":"5","FQ":"5","CP":"5","CM":"5"},"85":{"4V":"5","4Q":"5"},"7F":{"JF":"5"},"HV":{"QM":"5","VJ":"5","QF":"5","RJ":"5","CC":"5","HP":"5","FG":"5","J9":"5","2R":"5","RM":"5","FF":"5","QJ":"5"},"FR":{"F9":"5"},"RJ":{"8R":"5"},"74":{"V2":"5"},"GQ":{"XF":"5"},"X4":{"33":"5","83":"5","64":"5","92":"5","63":"5","84":"5","74":"5","62":"5","72":"5","52":"5","82":"5","93":"5","75":"5","73":"5","94":"5","65":"5"},"X3":{"4W":"5","5X":"5","8X":"5","5R":"5","9V":"5","7W":"5","7P":"5","8Q":"5","8R":"5","9X":"5","9R":"5","5W":"5","7Q":"5","7V":"5","5V":"5","9W":"5","CV":"5","6Q":"5","8W":"5","6R":"5","8V":"5","7X":"5","6V":"5","6X":"5","4V":"5","4X":"5","7R":"5","6W":"5"},"JV":{"J2":"5","H9":"5","VX":"5","3H":"5"},"MW":{"66":"5","38":"5","56":"5","8X":"5","8H":"5","3P":"5","X5":"5","55":"5","7W":"5","7G":"5","6V":"5","GJ":"5","7F":"5"},"QX":{"M8":"5","J5":"5"},"HM":{"FV":"5","WM":"5"},"WX":{"9G":"5","9F":"5","6C":"5"},"PH":{"27":"5"},"VW":{"6Q":"5"},"HR":{"8G":"5","XG":"5","2F":"5","HM":"5","W9":"5","9G":"5","2H":"5"},"MJ":{"35":"5","36":"5"},"44":{"X3":"5","V7":"5","X8":"5"},"HW":{"9F":"5","XH":"5","WJ":"5","QG":"5","27":"5","RC":"5","XG":"5","XJ":"5","VC":"5","RH":"5","V9":"5","XQ":"5","VF":"5","WC":"5","VG":"5","QF":"5","WH":"5","XC":"5","XP":"5","VJ":"5","WM":"5","W9":"5","XM":"5","VH":"5","W8":"5","RF":"5","QH":"5","XF":"5","VM":"5","WF":"5","WG":"5","R9":"5","WP":"5","RG":"5"},"JJ":{"PP":"5","FV":"5","MQ":"5","QP":"5","FR":"5","RH":"5","GQ":"5","QM":"5","CW":"5","JQ":"5","CV":"5","JP":"5","HQ":"5","PQ":"5","QH":"5","QJ":"5","9W":"5","HP":"5","RG":"5"},"VX":{"6F":"5","86":"5","7F":"5","7C":"5","6C":"5","79":"5"},"PQ":{"49":"5","W5":"5","X8":"5","V5":"5","W4":"5","V6":"5","R6":"5","X7":"5","V3":"5","X5":"5","W7":"5","X3":"5","R4":"5","W3":"5","V4":"5","W6":"5","FC":"5","X6":"5","X4":"5"},"7J":{"M5":"5"},"CJ":{"37":"5","36":"5"},"HH":{"M3":"5"},"PP":{"JQ":"5"},"75":{"XX":"5","RJ":"5","XW":"5","VR":"5","VG":"5","XR":"5","QV":"5","QQ":"5","WV":"5"},"JP":{"89":"5"},"5F":{"GC":"5"},"JQ":{"6F":"5","4G":"5","9P":"5","6C":"5","3G":"5"},"Q6":{"GQ":"5","HM":"5","JP":"5"},"WJ":{"5F":"5","69":"5","6C":"5","4H":"5","4M":"5","4J":"5","2Q":"5","78":"5","3P":"5","5G":"5","59":"5","3H":"5","5C":"5","3M":"5","2P":"5","4G":"5","68":"5"},"GJ":{"9X":"5"},"V3":{"8R":"5"},"QQ":{"25":"5","33":"5","34":"5","23":"5","26":"5","24":"5","35":"5","27":"5"},"FP":{"QR":"5"},"PJ":{"RG":"5"},"VV":{"C4":"5"},"MV":{"2R":"5","G5":"5","85":"5"},"38":{"55":"5"},"JW":{"6G":"5","GM":"5","PM":"5","2J":"5","W2":"5","3Q":"5","2P":"5","2M":"5","6H":"5","FP":"5","2F":"5","MR":"5","FM":"5","W3":"5","29":"5","2R":"5","3M":"5","JM":"5","9P":"5","J4":"5","JC":"5","9R":"5","2G":"5","3J":"5","2Q":"5","4M":"5","2H":"5","WM":"5","9C":"5","8P":"5","JJ":"5","4H":"5","6J":"5","8J":"5","GH":"5","3P":"5","HP":"5","2C":"5"},"VP":{"JC":"5"},"8G":{"G4":"5","F5":"5"},"JR":{"78":"5","2F":"5","FW":"5","6X":"5","CX":"5"},"GV":{"XW":"5"},"JM":{"CP":"5","9Q":"5","FQ":"5","C6":"5","FP":"5","92":"5","G9":"5","G8":"5","8Q":"5","82":"5","F7":"5","HF":"5","HC":"5","F6":"5","GC":"5","G7":"5","93":"5","CQ":"5"},"8J":{"JC":"5","FJ":"5","HQ":"5"},"QG":{"5Q":"5"}},"XV":{"3X":{"25":"5"},"3W":{"7W":"5","5X":"5"}},"55":{"GJ":{"GH":"5","6R":"5","7R":"5","F5":"5"},"HF":{"J8":"5","JH":"5","HH":"5"},"CM":{"89":"5"},"GM":{"53":"5"},"X2":{"4H":"5"}},"MW":{"R7":{"36":"5"}},"PW":{"HW":{"Q5":"5"},"FV":{"M2":"5","F3":"5","H2":"5"},"FC":{"F5":"5"},"JV":{"3Q":"5"},"HV":{"29":"5"}},"F7":{"R6":{"39":"5"}},"F4":{"25":{"5M":"5","8P":"5"}},"3J":{"4W":{"6X":"5","7X":"5"},"2V":{"54":"5","64":"5","55":"5","65":"5"},"9V":{"8C":"5","89":"5","79":"5"},"7P":{"H7":"5","J2":"5","M3":"5","J8":"5","J3":"5","M2":"5","J7":"5","H8":"5"},"8R":{"8G":"5","8F":"5","9G":"5","9F":"5"},"5W":{"38":"5","37":"5","28":"5","27":"5"},"2R":{"2G":"5","2F":"5"},"4X":{"62":"5","72":"5"},"7R":{"JG":"5","HF":"5","JF":"5"},"6W":{"8G":"5","3Q":"5","4Q":"5"}},"F2":{"MR":{"RX":"5"},"XG":{"C3":"5","53":"5"},"WH":{"52":"5","R4":"5","V4":"5"},"PW":{"G2":"5"},"PV":{"GX":"5"},"PR":{"WF":"5","RQ":"5","H8":"5","VJ":"5","VF":"5","XF":"5","V9":"5","WJ":"5","WM":"5"},"HW":{"QP":"5"},"QR":{"2J":"5","6F":"5","8M":"5","58":"5","6J":"5"},"89":{"MQ":"5"},"JJ":{"7G":"5","7H":"5"},"PG":{"GQ":"5","HP":"5","W8":"5"},"XH":{"62":"5"}},"MX":{"2G":{"C9":"5"},"V4":{"H3":"5"}},"52":{"3P":{"JG":"5","MG":"5"},"93":{"FQ":"5","X8":"5"},"59":{"93":"5","86":"5","F8":"5","H7":"5","F5":"5","G6":"5","83":"5","F6":"5","C8":"5","G7":"5","C5":"5","85":"5","79":"5","68":"5","74":"5","F3":"5","96":"5","J8":"5","C3":"5","97":"5","G4":"5","88":"5","C4":"5","H3":"5","H2":"5","F2":"5","H6":"5","J4":"5","G2":"5","H4":"5","G3":"5","C7":"5","98":"5","75":"5","82":"5","C2":"5","77":"5","92":"5","F7":"5","J6":"5","G8":"5","78":"5","99":"5","F4":"5","89":"5","H5":"5","J5":"5","H8":"5","G5":"5","94":"5","95":"5","J7":"5","69":"5","87":"5","C6":"5","84":"5"},"4M":{"H9":"5","QW":"5"},"F5":{"M3":"5","P6":"5","Q6":"5","Q4":"5","J3":"5","P5":"5","P3":"5","F2":"5","Q5":"5","G2":"5","P4":"5","M4":"5"},"G6":{"C8":"5","M3":"5","RV":"5","P4":"5","G6":"5","G8":"5","H5":"5","98":"5","H6":"5","G4":"5","M2":"5","G5":"5","W6":"5","H4":"5","Q5":"5","Q4":"5","P5":"5"},"P7":{"MC":"5","J9":"5","CJ":"5","GM":"5"},"83":{"5C":"5","P4":"5"},"CF":{"C6":"5"},"54":{"4H":"5","5H":"5","P9":"5","9P":"5"},"85":{"48":"5"},"79":{"P3":"5","M3":"5","H2":"5","96":"5","M2":"5","M4":"5","J6":"5","H3":"5","G5":"5","J7":"5","H4":"5","V3":"5","H7":"5","J5":"5","P4":"5","G4":"5","F8":"5","F3":"5","J3":"5","P6":"5","P2":"5","C6":"5","H6":"5","H5":"5","F7":"5","G7":"5","C8":"5","G6":"5","C4":"5","G3":"5","95":"5","M6":"5","J4":"5","P5":"5","M7":"5","F6":"5","F5":"5","F4":"5","C5":"5","G2":"5","J2":"5","M5":"5","C7":"5","C3":"5","F2":"5"},"F3":{"VM":"5"},"73":{"J2":"5"},"96":{"35":"5","68":"5","45":"5","87":"5","98":"5"},"CR":{"CR":"5"},"3Q":{"22":"5"},"V7":{"QP":"5","QV":"5"},"C3":{"RX":"5","85":"5"},"G4":{"8X":"5"},"44":{"CH":"5","CJ":"5"},"H3":{"VX":"5"},"45":{"64":"5"},"5P":{"J4":"5"},"53":{"77":"5"},"J4":{"VR":"5"},"G2":{"55":"5"},"4J":{"P6":"5","FW":"5"},"H4":{"6J":"5"},"34":{"9M":"5","FM":"5","CM":"5","HH":"5"},"75":{"XC":"5"},"9J":{"C6":"5"},"65":{"H9":"5","74":"5","48":"5","34":"5","75":"5","Q8":"5","Q7":"5","H4":"5","94":"5"},"J6":{"M2":"5"},"78":{"GX":"5","HX":"5"},"6C":{"5P":"5"},"64":{"RQ":"5","RP":"5","RR":"5","PR":"5","HF":"5","CQ":"5","MG":"5","MF":"5"},"55":{"V8":"5"},"F4":{"J2":"5"},"M6":{"C4":"5"},"H5":{"29":"5"},"J5":{"8J":"5"},"6X":{"PC":"5","9M":"5","FH":"5","GG":"5","HJ":"5","7J":"5","7M":"5","9J":"5","HH":"5","FG":"5","GF":"5","8M":"5","HG":"5","JJ":"5","JH":"5","HF":"5","MF":"5","PF":"5","8J":"5","CH":"5"},"G5":{"XX":"5","XW":"5","Q7":"5","FX":"5","8V":"5","6V":"5"},"58":{"GX":"5","CX":"5","HX":"5","FX":"5","9X":"5"},"94":{"XF":"5"},"6G":{"PG":"5"},"3G":{"WF":"5"},"28":{"GQ":"5"},"72":{"MW":"5","JX":"5","MX":"5","HV":"5","JW":"5","JV":"5","HW":"5","HX":"5","MV":"5"},"3C":{"C8":"5","F8":"5","F7":"5","G8":"5","G7":"5"}},"C4":{"XC":{"47":"5"},"V2":{"RH":"5"},"P5":{"PC":"5"},"72":{"9R":"5"},"F2":{"XH":"5"},"G2":{"54":"5","73":"5","C2":"5"},"X4":{"F6":"5"}},"24":{"W8":{"52":"5","62":"5","53":"5"},"GR":{"3H":"5"},"66":{"3H":"5"},"V6":{"8X":"5","MX":"5"},"HQ":{"MG":"5"},"MQ":{"QX":"5"},"X9":{"8F":"5"},"4R":{"QQ":"5"},"VJ":{"2G":"5","GJ":"5","2H":"5"},"GF":{"8Q":"5"},"PF":{"P8":"5"},"9R":{"79":"5"},"WH":{"6W":"5"},"3M":{"W4":"5"},"JF":{"WM":"5","RM":"5"},"XV":{"22":"5","67":"5","C2":"5","R3":"5"},"FR":{"WC":"5","VC":"5"},"RJ":{"FR":"5","FV":"5","JH":"5","JG":"5","MG":"5","CV":"5","WM":"5","MH":"5","CR":"5","MF":"5","JF":"5"},"Q9":{"9G":"5"},"X4":{"H8":"5"},"X5":{"4R":"5","4Q":"5","6P":"5"},"96":{"Q7":"5","P7":"5"},"JV":{"H9":"5","JC":"5","GC":"5","J9":"5","HC":"5","3G":"5","X8":"5","G9":"5"},"W5":{"XV":"5"},"R7":{"X7":"5"},"CR":{"4F":"5","5F":"5","3C":"5","5C":"5","4C":"5","3F":"5"},"JC":{"C3":"5"},"MW":{"JM":"5","P4":"5","X5":"5"},"V7":{"43":"5","27":"5"},"4W":{"P6":"5","QX":"5"},"P8":{"JF":"5"},"MR":{"XW":"5"},"XR":{"8W":"5","5X":"5"},"HR":{"59":"5"},"P9":{"93":"5","83":"5"},"C4":{"X8":"5"},"HW":{"F2":"5","X7":"5"},"QW":{"26":"5"},"F2":{"62":"5"},"7H":{"37":"5"},"FF":{"MF":"5","GC":"5","CC":"5","7P":"5"},"Q7":{"VR":"5"},"FX":{"8X":"5","CP":"5","CQ":"5","9V":"5","CM":"5","FM":"5","9R":"5","8W":"5","8V":"5","7X":"5","GJ":"5","FJ":"5","9Q":"5"},"75":{"2Q":"5"},"W7":{"6X":"5","5X":"5"},"C2":{"GG":"5"},"CG":{"7Q":"5"},"WQ":{"C5":"5","C6":"5"},"4Q":{"6F":"5","4F":"5","6G":"5"},"W9":{"J5":"5"},"PR":{"73":"5","25":"5"},"JX":{"R2":"5"},"HJ":{"JW":"5"},"MV":{"VF":"5","PF":"5"},"7G":{"VV":"5"},"RX":{"9J":"5"},"JR":{"F4":"5"},"RH":{"F8":"5"},"J7":{"G9":"5"},"XG":{"4H":"5","3C":"5"}},"V5":{"G5":{"J3":"5"}},"Q6":{"H8":{"8C":"5"},"2J":{"MC":"5"},"XH":{"HJ":"5"},"GG":{"FP":"5"},"3F":{"9M":"5","8J":"5","9R":"5","8M":"5","8R":"5","9P":"5","9J":"5","8V":"5","FF":"5","9Q":"5"},"X8":{"XM":"5"},"5F":{"8M":"5"},"4V":{"Q7":"5"},"5W":{"62":"5"},"3V":{"HJ":"5"},"Q6":{"R7":"5","R8":"5","R6":"5"},"H5":{"XJ":"5"},"JG":{"4X":"5"},"5X":{"28":"5","27":"5","36":"5"},"2G":{"PM":"5"},"3G":{"45":"5"},"3R":{"GG":"5","MG":"5"},"FC":{"92":"5"},"C7":{"CW":"5"},"CG":{"46":"5"},"47":{"6V":"5"},"3P":{"M8":"5"},"2C":{"3P":"5"}},"WJ":{"WH":{"HP":"5","JF":"5"},"49":{"4Q":"5","6R":"5","7R":"5"}},"P5":{"3Q":{"8X":"5"},"3R":{"M3":"5","P3":"5"},"CR":{"6R":"5","6V":"5"},"5R":{"9M":"5"}},"VW":{"95":{"3J":"5"}},"WF":{"RG":{"C2":"5"},"Q4":{"CH":"5"},"JQ":{"MQ":"5","JP":"5","85":"5"},"76":{"MG":"5"},"V8":{"74":"5"},"JP":{"9R":"5"},"PH":{"XV":"5"}},"X7":{"8G":{"JW":"5"},"88":{"38":"5","2H":"5"},"76":{"5F":"5","4F":"5","4H":"5","76":"5","5H":"5","78":"5","5G":"5","3J":"5","4G":"5","79":"5"},"6H":{"RG":"5","MJ":"5","MM":"5"},"67":{"Q2":"5","P3":"5","M4":"5","Q4":"5","H4":"5","P4":"5","R4":"5"},"66":{"PX":"5","VV":"5","XP":"5","XQ":"5"}},"X5":{"3X":{"R2":"5"},"HP":{"MV":"4"},"3W":{"RX":"5"}},"W4":{"33":{"H4":"5"},"JJ":{"HW":"5"},"MJ":{"7H":"5"}},"W2":{"XC":{"2V":"5","VH":"5","5V":"5","5R":"5"},"WF":{"7G":"5","X9":"5"},"WC":{"RW":"5","RH":"5"},"V6":{"F6":"5"},"XF":{"37":"5","38":"5","42":"5","QG":"5","XV":"5","VG":"5","GP":"5","M8":"5","FM":"5","XR":"5","QC":"5","WG":"5","29":"5","36":"5","FJ":"5","99":"5","65":"5","35":"5","27":"5","28":"5","P9":"5"},"QC":{"PQ":"5"},"H4":{"GC":"5"},"X8":{"63":"5"}},"7R":{"WV":{"84":"5"}},"Q7":{"49":{"56":"5","28":"5","J2":"5","F4":"5","65":"5","38":"5","57":"5","75":"5","66":"5","G3":"5","37":"5","M2":"5","94":"5","H3":"5","84":"5","85":"5","67":"5","J3":"5","F3":"5","C4":"5","47":"5"},"43":{"C5":"5","95":"5","83":"5","85":"5","94":"5","84":"5"},"2V":{"28":"5"},"3C":{"76":"5","68":"5","69":"5","67":"5","77":"5","5C":"5","3J":"5","4C":"5","59":"5"},"39":{"X8":"5","PM":"5","RH":"5","VH":"5","QJ":"5","VC":"5","WC":"5","VF":"5","RG":"5","VG":"5","W8":"5","RJ":"5","QM":"5","W9":"5"},"5R":{"J5":"5","JR":"5"},"4R":{"HR":"5","JV":"5"},"67":{"57":"5","26":"5"},"2F":{"JC":"5","Q5":"5","J7":"5","HG":"5","P6":"5","J9":"5","M6":"5","M7":"5","P5":"5","J8":"5"},"F8":{"2Q":"5","2P":"5"},"XC":{"H3":"5"},"58":{"78":"5","88":"5","2F":"5","4F":"5","69":"5","5F":"5","5C":"5","87":"5","3F":"5","6C":"5","79":"5"},"48":{"WF":"5","RH":"5","QJ":"5","PQ":"5","QH":"5","QP":"5","MW":"5","QQ":"5","VF":"5","RG":"5","VG":"5","XF":"5","MX":"5","QV":"5","PV":"5","QR":"5","PW":"5","QM":"5"},"2X":{"GX":"5","FV":"5"},"8W":{"2J":"5"},"GX":{"XP":"5","XR":"5","XQ":"5"}},"FX":{"4F":{"RJ":"5"}},"XG":{"GQ":{"VM":"5"},"7G":{"RW":"5"},"HQ":{"CJ":"5"},"C2":{"MX":"5"}},"9X":{"XX":{"4C":"5"},"2X":{"HM":"5"},"93":{"H5":"5"}},"XJ":{"WJ":{"3Q":"5","7V":"5"}},"VJ":{"VG":{"WH":"5","JH":"5"}},"H2":{"3P":{"H7":"5"}},"R5":{"H4":{"93":"5","48":"5","Q3":"5"}},"93":{"56":{"2J":"5","HQ":"5"},"23":{"3H":"5","6H":"5"},"PV":{"7M":"5"},"43":{"P7":"5"},"76":{"CF":"5"},"F4":{"6F":"5","6G":"5","5G":"5","5F":"5"},"M6":{"82":"5"},"C3":{"J8":"5"},"73":{"VV":"5"},"65":{"X8":"5"},"MV":{"RG":"5","QG":"5","X6":"5"},"75":{"22":"5","23":"5","X5":"5"},"36":{"GC":"5","WF":"5","WC":"5"},"74":{"QC":"5"},"42":{"35":"5","96":"5","H5":"5","8C":"5","53":"5","22":"5","33":"5","8V":"5","36":"5","84":"5","25":"5"},"P2":{"68":"5"},"32":{"Q3":"5","Q4":"5","V3":"5","R3":"5","P4":"5","W2":"5","R2":"5","V2":"5"},"P3":{"6H":"5","6J":"5"},"62":{"VX":"5","VW":"5"},"85":{"55":"5"},"67":{"GQ":"5"},"F3":{"RG":"5","GQ":"5","FP":"5","FQ":"5","GP":"5","QC":"5"},"46":{"2F":"5","49":"5","59":"5"},"Q5":{"X3":"5","V3":"5","W2":"5"}},"G5":{"33":{"MV":"5","MX":"5"},"9J":{"6X":"5"}},"WR":{"4F":{"XG":"5","FC":"5","Q3":"5","G6":"5"},"4C":{"PX":"5","VX":"5","HP":"5","XV":"5"}},"QX":{"67":{"26":"5"},"57":{"R6":"5"}},"65":{"4V":{"3R":"5"}},"33":{"JW":{"XX":"5"},"6G":{"WJ":"5","R6":"5"},"RJ":{"25":"5"},"QG":{"2Q":"5","5P":"5"},"7J":{"V8":"5","M4":"5"},"V2":{"96":"5","76":"5","83":"5","84":"5","86":"5","C4":"5","95":"5","85":"5","93":"5","75":"5","94":"5"},"GP":{"JP":"5"},"39":{"5R":"5"},"PR":{"P5":"5","V5":"5","J7":"5"},"4V":{"88":"5"},"XG":{"3X":"5"},"GR":{"PW":"5"},"3H":{"XG":"5"},"CX":{"7Q":"5","7R":"5"},"VQ":{"4F":"5"},"W3":{"RM":"5","MX":"5","9F":"5","GR":"5","RV":"5","MC":"5","HP":"5","PG":"5","QJ":"5","F8":"5","HQ":"5","VM":"5","GP":"5","MQ":"5","VJ":"5","FW":"5","PF":"5","RF":"5","CF":"5","RP":"5","WH":"5","VQ":"5","GX":"5","9G":"5","GW":"5","PW":"5","JF":"5","JH":"5","CV":"5","RJ":"5","HV":"5","FR":"5","RG":"5","GQ":"5","JV":"5","PM":"5","CR":"5","FQ":"5","QX":"5","MW":"5","HM":"5","PH":"5","MR":"5","HR":"5","MJ":"5","QF":"5","PV":"5","FV":"5","CW":"5","M9":"5","HW":"5","GM":"5","JJ":"5","QW":"5","QH":"5","PQ":"5","PC":"5","FF":"5","HH":"5","MM":"5","PP":"5","QP":"5","F9":"5","FX":"5","HX":"5","JP":"5","CX":"5","RQ":"5","CG":"5","GC":"5","JQ":"5","WJ":"5","VH":"5","QQ":"5","FP":"5","G8":"5","MF":"5","PJ":"5","FC":"5","QV":"5","FG":"5","PR":"5","JX":"5","HJ":"5","RR":"5","JG":"5","MP":"5","MV":"5","JW":"5","MH":"5","QM":"5","MG":"5","QC":"5","HC":"5","VP":"5","8G":"5","PX":"5","JR":"5","GV":"5","JM":"5","RH":"5","QR":"5","QG":"5"},"V9":{"97":"5"},"G4":{"F9":"5"},"WH":{"XJ":"5"},"4M":{"5X":"5"},"5V":{"CP":"5"},"RQ":{"WJ":"5"},"8M":{"Q9":"5"},"JJ":{"C3":"5","FG":"5","3M":"5"},"4R":{"QF":"5"},"2W":{"3W":"5"},"8J":{"8V":"5"},"W4":{"J3":"5","H7":"5","P3":"5","Q2":"5","P5":"5","F5":"5","G6":"5","F6":"5","M4":"5","G7":"5","C5":"5","M2":"5","C9":"5","F3":"5","M3":"5","J8":"5","C3":"5","J2":"5","G4":"5","M5":"5","P2":"5","C4":"5","H3":"5","H2":"5","CC":"5","F2":"5","H6":"5","J4":"5","G2":"5","H4":"5","F9":"5","G3":"5","C7":"5","C2":"5","M7":"5","F7":"5","J6":"5","FC":"5","F4":"5","M6":"5","H5":"5","J5":"5","H8":"5","P4":"5","G5":"5","J7":"5","C6":"5"},"5H":{"2H":"5"},"FX":{"GV":"5"},"7H":{"68":"5","67":"5"},"2C":{"VG":"5","Q8":"5","GH":"5"}},"V9":{"J9":{"2X":"5","5X":"5"},"J5":{"VX":"5"},"V6":{"J6":"5"},"99":{"H7":"5","F2":"5","H4":"5"},"QR":{"P2":"5"},"9J":{"W7":"5"},"XQ":{"55":"5"},"VF":{"P6":"5","Q6":"5","PW":"5","RJ":"5","QR":"5","MX":"5","MW":"5","JX":"5","GP":"5","CX":"5","HX":"5","PH":"5","RV":"5","RM":"5","WV":"5"},"JC":{"53":"5","J4":"5"},"9H":{"XM":"5"},"98":{"HX":"5"},"83":{"W4":"5"},"VG":{"P3":"5","X8":"5","V5":"5","H2":"5","V6":"5","X7":"5","R8":"5","R7":"5","R4":"5","C4":"5","P5":"5","82":"5","R2":"5"},"RM":{"QM":"5"},"RQ":{"9H":"5"},"J6":{"V2":"5"},"QQ":{"G9":"5"},"RF":{"PH":"5"},"QH":{"MX":"5"},"XF":{"56":"5"},"WF":{"5F":"5","7C":"5","5J":"5","25":"5","6J":"5"},"CH":{"36":"5"},"WX":{"CM":"5","JW":"5","7Q":"5"},"WG":{"C3":"5"},"93":{"23":"5"},"RG":{"HP":"5","GP":"5"}},"44":{"96":{"4Q":"5"},"2F":{"74":"5","55":"5"},"76":{"29":"5"},"G8":{"XF":"5"}},"WC":{"HR":{"54":"5","WP":"5","QR":"5","MW":"5","MQ":"5","FF":"5"},"74":{"4J":"5"},"JV":{"46":"5","56":"5","27":"5","36":"5"},"57":{"37":"5","36":"5"},"J9":{"92":"5","84":"5"},"FJ":{"M7":"5"},"23":{"HG":"5","7F":"5"},"HV":{"W4":"5"},"4J":{"PW":"5"}},"RF":{"8Q":{"3Q":"5"}},"J6":{"HG":{"MX":"5"},"WP":{"G4":"5","2V":"5","JC":"5","G7":"5","V6":"5","2R":"5","7J":"5"},"76":{"63":"5"},"VG":{"PX":"5"},"26":{"HW":"5"},"59":{"QM":"5","W5":"5","V5":"5"},"94":{"V9":"5","Q6":"5","W5":"5","Q4":"5","Q5":"5"}},"P9":{"RP":{"6C":"5"},"VR":{"47":"5"},"8W":{"77":"5"}},"63":{"76":{"M4":"5"}},"W9":{"35":{"MX":"5"},"9H":{"5M":"5"},"9G":{"9G":"5"}},"J9":{"G4":{"JM":"5"},"H9":{"C5":"5","95":"5"},"F8":{"R7":"5"},"F6":{"7W":"5"},"H4":{"C7":"5"}},"XF":{"8G":{"XQ":"5"},"78":{"WH":"5","WG":"5"},"CF":{"46":"5"},"9H":{"88":"5","63":"5","JC":"5","86":"5","HC":"5","97":"5"},"7F":{"HM":"5"},"79":{"C6":"5"},"97":{"8W":"5"}},"34":{"CP":{"5X":"5","MM":"5"},"9F":{"4X":"5","9V":"5","2W":"5"},"43":{"RW":"5","WM":"5","HC":"5"},"95":{"Q7":"5"},"PM":{"H4":"5"},"9Q":{"HF":"5"},"63":{"92":"5"},"MJ":{"HG":"5","9M":"5","JC":"5"},"XH":{"64":"5"},"9M":{"G4":"5","F4":"5"},"F9":{"9F":"5"},"3X":{"XJ":"5","3X":"5"},"3Q":{"2V":"5"},"FF":{"7P":"5"},"J2":{"P3":"5"},"7M":{"2V":"5"},"8F":{"2J":"5","J3":"5","H3":"5","J4":"5","H4":"5"},"2P":{"7R":"5"},"6H":{"55":"5"},"2F":{"4X":"5"},"Q3":{"VX":"5"},"HM":{"RW":"5","2V":"5","QW":"5","CW":"5","2R":"5"},"3W":{"F9":"5","HH":"5"},"99":{"F6":"5"},"4V":{"MX":"5"},"XG":{"8X":"5"},"53":{"CF":"5","68":"5","67":"5"},"9J":{"C3":"5","C6":"5"},"7G":{"79":"5"},"VC":{"VM":"5"},"8G":{"FV":"5"},"5W":{"45":"5"},"4J":{"9W":"5"},"RH":{"WX":"5"},"GQ":{"2J":"5","3J":"5"},"2R":{"3X":"5"},"QM":{"54":"5"},"F5":{"M9":"5","3C":"5"},"JM":{"C9":"5"},"CJ":{"MV":"5","FR":"5","2X":"5","WP":"5","8V":"5","VP":"5"},"VF":{"GV":"5"},"36":{"37":"5","26":"5"},"9H":{"4H":"5","35":"5","8M":"5","7C":"5","39":"5"},"QF":{"WP":"5","VM":"5","QQ":"5","JR":"5"},"XC":{"46":"5"},"CV":{"54":"5","64":"5","55":"5","65":"5"},"HV":{"C8":"5","Q4":"5"},"24":{"V9":"5","X3":"5","45":"5"},"4M":{"9H":"5"},"RM":{"MM":"5"},"5V":{"6F":"5","3V":"5","9G":"5","MM":"5"},"J6":{"F7":"5","C7":"5"},"8M":{"22":"5"},"4W":{"FJ":"5"},"8H":{"M5":"5"},"5M":{"MG":"5"},"7F":{"FM":"5","7G":"5"},"VH":{"CG":"5","3W":"5"},"RF":{"W4":"5","2R":"5","X4":"5"},"6J":{"3F":"5"},"XF":{"RJ":"5"},"6R":{"2V":"5","5X":"5"},"MM":{"4F":"5","M6":"5","RC":"5"},"X2":{"FV":"5"},"8J":{"5M":"5","2W":"5"},"WF":{"M8":"5"},"8C":{"Q4":"5"},"6V":{"52":"5"},"4Q":{"H9":"5"},"4P":{"3J":"5"},"46":{"42":"5"},"C4":{"87":"5"},"7H":{"M9":"5"},"4G":{"7V":"5"},"RG":{"P6":"5","C3":"5"},"6M":{"3R":"5","CM":"5","QC":"5"}},"RJ":{"5G":{"JC":"5"}},"FJ":{"VW":{"9C":"5"}},"92":{"MJ":{"93":"5"},"X3":{"3X":"5","PF":"5","3W":"5"},"3X":{"VV":"5","VX":"5","RR":"5","PR":"5","XV":"5","WW":"5","XW":"5","WX":"5","MM":"5","WV":"5","QR":"5","MR":"5"},"6H":{"X6":"5"},"V2":{"3P":"5","2P":"5"},"HM":{"H3":"5"},"Q3":{"GM":"5"},"3W":{"HP":"5"},"P4":{"83":"5","8C":"5"},"VC":{"96":"5","67":"5","84":"5","C4":"5","G3":"5","82":"5","68":"5"},"4X":{"3Q":"5","2V":"5","8M":"5","3X":"5","3V":"5","2R":"5","2W":"5","7Q":"5","3W":"5"},"89":{"JM":"5","GM":"5"},"W3":{"9P":"5"},"5X":{"2M":"5","3F":"5","6V":"5","39":"5"},"V4":{"R2":"5","96":"5","56":"5","92":"5","58":"5","F4":"5"},"X5":{"79":"5"},"V7":{"C2":"5"},"35":{"QM":"5","RM":"5","QJ":"5"},"V3":{"8G":"5","9G":"5","5R":"5"},"W8":{"43":"5"},"6J":{"M3":"5"},"6R":{"98":"5"},"R3":{"FW":"5","GP":"5","JG":"5","CW":"5","9W":"5","6Q":"5","6V":"5","HX":"5"},"R9":{"MR":"5"},"R4":{"C8":"5","56":"5","9F":"5","95":"5","X3":"5","59":"5","48":"5","8F":"5","49":"5","39":"5","97":"5","65":"5","38":"5","88":"5","VC":"5","57":"5","H2":"5","CF":"5","7C":"5","H5":"5","WC":"5","66":"5","37":"5","98":"5","9G":"5","XP":"5","HW":"5","4C":"5","84":"5","67":"5","CC":"5","FC":"5","5C":"5","46":"5","WP":"5","6C":"5","P5":"5","47":"5"},"Q5":{"XV":"5"},"Q4":{"H7":"5","R4":"5","M7":"5","X9":"5","X7":"5","X8":"5"},"7H":{"35":"5","45":"5","26":"5","36":"5"}},"XP":{"WR":{"VM":"5"}},"H5":{"RW":{"XW":"5","WW":"5"},"R2":{"PM":"5"},"35":{"M9":"5"},"WP":{"74":"5","3M":"5","3J":"5"},"WQ":{"77":"5","96":"5","87":"5","76":"5","84":"5","97":"5","86":"5","95":"5","85":"5","75":"5"},"X6":{"WG":"5"},"XR":{"C2":"5"},"VM":{"8C":"5","JW":"5","P4":"5"},"59":{"22":"5"},"VP":{"J2":"5","M3":"5","XG":"5","J3":"5","P3":"5","P4":"5","M4":"5","J4":"5"},"XQ":{"CX":"5"}},"3R":{"63":{"MR":"5","QQ":"5","JR":"5"}},"8F":{"6J":{"FH":"5"}},"Q5":{"M8":{"VQ":"5"}},"QW":{"3W":{"42":"5"}},"XQ":{"7J":{"8H":"5"}},"23":{"GQ":{"M3":"5","56":"5","76":"5","J5":"5","X3":"5","M5":"5","W2":"5","F4":"5","54":"5","C3":"5","44":"5","WQ":"5","77":"5","F2":"5","65":"5","C2":"5","P4":"5","55":"5","92":"5","W3":"5","75":"5","66":"5","G3":"5","2G":"5","X4":"5","94":"5","45":"5","2H":"5","85":"5","X2":"5","M4":"5","W4":"5","F3":"5","46":"5","93":"5","C4":"5","P5":"5","86":"5"},"FR":{"26":"5","25":"5"},"GM":{"GW":"5"},"HR":{"CR":"5"},"QJ":{"RH":"5","JG":"5","83":"5","H5":"5","H6":"5"},"WC":{"C5":"5","G4":"5","F6":"5","V8":"5","G2":"5","F5":"5"},"CQ":{"W8":"5","R9":"5","HP":"5","MC":"5","PG":"5","R8":"5","V6":"5","RC":"5","M8":"5","HQ":"5","GP":"5","MQ":"5","P7":"5","PF":"5","RF":"5","JF":"5","JH":"5","Q8":"5","Q9":"5","XX":"5","GQ":"5","PM":"5","R7":"5","JC":"5","VC":"5","HM":"5","V7":"5","PH":"5","P8":"5","MR":"5","MJ":"5","QF":"5","R6":"5","P9":"5","M9":"5","GM":"5","JJ":"5","V8":"5","QH":"5","PQ":"5","PC":"5","HH":"5","MM":"5","PP":"5","Q7":"5","JP":"5","W7":"5","JQ":"5","Q6":"5","MF":"5","PJ":"5","W9":"5","PR":"5","HJ":"5","JG":"5","MP":"5","HG":"5","MH":"5","MG":"5","QC":"5","V9":"5","JR":"5","JM":"5","QG":"5"},"VF":{"CG":"5","CM":"5"},"GP":{"49":"5","PM":"5","38":"5","RX":"5","VX":"5","3C":"5","8X":"5","39":"5","RW":"5","8P":"5","2C":"5","9V":"5","7W":"5","2F":"5","WW":"5","8Q":"5","8R":"5","9X":"5","9R":"5","WX":"5","MP":"5","7V":"5","VW":"5","9W":"5","8W":"5","6R":"5","8V":"5","PP":"5","29":"5","MM":"5","7R":"5","9Q":"5"},"XF":{"74":"5","33":"5"},"FQ":{"CP":"5","P8":"5","76":"5","5R":"5","WJ":"5","XH":"5","9M":"5","P9":"5","CM":"5","QG":"5","3Q":"5","5P":"5","6Q":"5","7P":"5","RC":"5","73":"5","FJ":"5","XG":"5","XJ":"5","9J":"5","FM":"5","VC":"5","RH":"5","75":"5","CJ":"5","VF":"5","WC":"5","6P":"5","9H":"5","74":"5","83":"5","VG":"5","WH":"5","XC":"5","VJ":"5","94":"5","84":"5","VH":"5","RF":"5","QH":"5","4R":"5","XF":"5","85":"5","3R":"5","Q9":"5","WF":"5","CH":"5","Q8":"5","4Q":"5","4P":"5","WG":"5","5Q":"5","86":"5","RG":"5"},"RJ":{"46":"5","45":"5"},"VR":{"P2":"5","M2":"5","RR":"5","WG":"5"},"FP":{"QM":"5","XC":"5","RP":"5","WC":"5","VQ":"5","VM":"5","XF":"5","X9":"5","RM":"5","VP":"5","RQ":"5"},"CR":{"W5":"5","X3":"5","V5":"5","W3":"5","W4":"5","V4":"5","X4":"5","X5":"5","W2":"5","X2":"5"}},"46":{"JX":{"XR":"5"}},"R4":{"2J":{"8M":"5"}},"C2":{"GQ":{"MX":"5"},"X9":{"46":"5"},"8X":{"CC":"5","7F":"5"},"HG":{"6Q":"5"},"2Q":{"R7":"5","V7":"5"},"9M":{"9X":"5"},"74":{"VR":"5"},"C6":{"VW":"5"},"72":{"M6":"5"},"HV":{"HF":"5"},"9X":{"VR":"5","JM":"5","PC":"5"},"5W":{"MC":"5"},"CX":{"2X":"5","GV":"5","5X":"5","HV":"5","JR":"5","6V":"5"},"5V":{"VR":"5","G7":"5","XR":"5"},"8W":{"JQ":"5","HP":"5","HQ":"5","C4":"5"},"6R":{"M9":"5"},"7X":{"Q3":"5","Q2":"5","JJ":"5","R3":"5"},"6V":{"4C":"5"},"XG":{"HM":"5","VM":"5","9J":"5"},"9P":{"C5":"5","9R":"5","8M":"5","7Q":"5"},"6X":{"VX":"5"},"HP":{"9C":"5","9F":"5","98":"5"},"HX":{"RJ":"5","WJ":"5"},"6W":{"39":"5"},"HQ":{"3P":"5"},"27":{"VF":"5","PF":"5","PH":"5"}},"R8":{"PV":{"8J":"5","7J":"5","8H":"5","9M":"5","5H":"5","5G":"5","RC":"5","6H":"5","CM":"5","9J":"5","FM":"5","6J":"5","FP":"5","4G":"5","7H":"5"},"28":{"5F":"5","7J":"5","2G":"5","8G":"5","6H":"5","JX":"5","65":"5","7H":"5","5M":"5"},"7W":{"X7":"5","X8":"5"},"QV":{"2X":"5","5W":"5","3X":"5","6W":"5","6X":"5","5V":"5","5X":"5"},"27":{"2Q":"5"},"7J":{"C2":"5"},"FP":{"9V":"5","8Q":"5"},"39":{"P9":"5","77":"5"},"QR":{"69":"5"},"MR":{"CF":"5","CJ":"5","9F":"5"},"GR":{"RM":"5"},"QX":{"RW":"5"},"7V":{"P3":"5","Q3":"5","7P":"5","6P":"5"},"36":{"9W":"5","FX":"5"},"7X":{"V5":"5"},"7R":{"MX":"5"},"5G":{"6X":"5"},"JQ":{"QG":"5","PF":"5"},"83":{"62":"5"},"8V":{"MW":"5"},"HV":{"38":"5","4G":"5","29":"5","27":"5"},"2H":{"H3":"5","H2":"5"},"PW":{"W5":"5","M3":"5","V5":"5","W4":"5","M4":"5","R6":"5","Q5":"5","R5":"5","P4":"5","X3":"5","P5":"5","X4":"5"},"QW":{"32":"5","22":"5","23":"5"},"5C":{"H6":"5"},"GV":{"R9":"5"},"7H":{"CX":"5"}},"35":{"3V":{"7Q":"5"},"33":{"22":"5"},"23":{"P9":"5"}},"Q8":{"W8":{"4C":"5"},"R9":{"3F":"5"},"66":{"V2":"5","X3":"5","XM":"5","W2":"5","X2":"5"},"FH":{"29":"5","39":"5"},"HP":{"69":"5","58":"5"},"R8":{"3R":"5"},"86":{"58":"5"},"X9":{"8X":"5","CX":"5","6P":"5","9X":"5"},"36":{"W6":"5"},"G9":{"CW":"5"},"GH":{"5F":"5","Q9":"5","Q8":"5","M8":"5","FM":"5","M7":"5","P8":"5","3M":"5","P7":"5","P9":"5"},"46":{"32":"5"},"PW":{"QH":"5"},"JF":{"JG":"5","3H":"5","HC":"5"},"C5":{"G3":"5"},"76":{"33":"5","42":"5","53":"5","43":"5","76":"5","64":"5","23":"5","63":"5","74":"5","62":"5","22":"5","72":"5","52":"5","32":"5","75":"5","73":"5","54":"5","65":"5"},"VR":{"X6":"5"},"26":{"R7":"5"},"JC":{"XR":"5","WR":"5","JR":"5"},"VC":{"GG":"5","GH":"5","FF":"5"},"HF":{"QM":"5","M5":"5"},"X6":{"MH":"5","RH":"5","VG":"5"},"GG":{"XX":"5","XW":"5","WW":"5"},"2V":{"JW":"5","HV":"5"},"PH":{"XC":"5"},"HR":{"78":"5"},"P9":{"8X":"5","7X":"5"},"CM":{"F7":"5","7F":"5"},"HW":{"5X":"5"},"V8":{"G9":"5"},"QW":{"WV":"5"},"5V":{"W2":"5","X2":"5"},"53":{"R8":"5","WC":"5"},"33":{"R6":"5"},"9M":{"RG":"5","6J":"5"},"Q3":{"5P":"5","6P":"5"},"RW":{"5P":"5","5M":"5","GF":"5"},"3H":{"GJ":"5","GG":"5"},"X8":{"52":"5","WM":"5","JR":"5"},"C7":{"FR":"5"},"34":{"8F":"5"},"75":{"2J":"5","2V":"5","CM":"5","3X":"5","3Q":"5","2P":"5","2M":"5","3W":"5","4V":"5","GR":"5","5W":"5","3V":"5","4X":"5","2R":"5","5X":"5","3M":"5","6X":"5","2Q":"5","2H":"5","5V":"5","2X":"5","4W":"5","4R":"5","3R":"5","2W":"5","8J":"5","4Q":"5","4P":"5","3P":"5","2C":"5"},"65":{"VP":"5","RW":"5","MH":"5","PQ":"5","VX":"5","V8":"5","RH":"5","XM":"5","WH":"5","M7":"5","M8":"5","Q9":"5","WG":"5","RR":"5","RG":"5","PP":"5","WV":"5","QJ":"5","VR":"5","QM":"5","VC":"5","R9":"5","MF":"5","V7":"5","M5":"5","QH":"5","RC":"5","P4":"5","MG":"5","XH":"5","P7":"5","XV":"5","MM":"5","QF":"5","JC":"5","PC":"5","X9":"5","Q6":"5","WJ":"5","JG":"5","P5":"5","VW":"5","RV":"5","WF":"5","Q7":"5","RM":"5","VH":"5","XG":"5","XJ":"5","QG":"5","VJ":"5","VQ":"5","R5":"5","WR":"5","V9":"5","WC":"5","RF":"5","J6":"5","PG":"5","P9":"5","W9":"5","J9":"5","XF":"5","RJ":"5","VM":"5","XP":"5","Q5":"5","PR":"5","XQ":"5","QR":"5","MJ":"5","PM":"5","R8":"5","M9":"5","Q8":"5","XC":"5","P8":"5","J7":"5","MP":"5","WP":"5","XX":"5","PH":"5","VG":"5","WX":"5","VV":"5","J8":"5","QC":"5","R7":"5","M6":"5","XW":"5","MC":"5","WM":"5","M4":"5","PF":"5","QQ":"5","P6":"5","WW":"5","RP":"5","WQ":"5","RQ":"5","XR":"5","VF":"5","JF":"5","QP":"5","PJ":"5","R6":"5","QV":"5"},"GJ":{"8J":"5","JQ":"5","PR":"5","MQ":"5"},"QQ":{"82":"5"},"W9":{"JJ":"5"},"QV":{"JJ":"5","MJ":"5"},"JX":{"VX":"5","GF":"5"},"HJ":{"HM":"5","3V":"5","2R":"5"},"MV":{"JF":"5"},"QM":{"28":"5","45":"5"},"W6":{"95":"5","C7":"5","85":"5"},"J5":{"9M":"5","6F":"5","7H":"5","6G":"5","6P":"5"},"RX":{"8J":"5","J8":"5","CC":"5","FC":"5","J9":"5","G2":"5","H8":"5","X7":"5","79":"5","FF":"5"},"8G":{"94":"5"},"V2":{"4M":"5"},"PX":{"WW":"5","3H":"5","VW":"5"},"CH":{"XC":"5","V6":"5","X9":"5"},"JM":{"CQ":"5"},"42":{"PJ":"5"},"87":{"4Q":"5"},"6W":{"FF":"5"},"3C":{"WX":"5"}},"2P":{"H7":{"C4":"5"},"C6":{"HP":"5"},"H6":{"FR":"5","FV":"5","CR":"5"},"97":{"MC":"5","M9":"5","P9":"5"}},"8X":{"VX":{"99":"5","7G":"5","CF":"5","68":"4","CC":"5","7F":"5","67":"4","4C":"4"},"WW":{"WF":"5"},"WX":{"57":"5"}},"F5":{"R9":{"65":"5"},"R8":{"7V":"5"},"XR":{"X9":"5"},"84":{"MF":"5"}},"3W":{"G8":{"W8":"5"}},"P8":{"XJ":{"F9":"5","26":"5","C9":"5"},"P2":{"FH":"5"},"V2":{"65":"5"},"GJ":{"7W":"5"},"W5":{"C2":"5"},"Q4":{"6X":"5"},"F8":{"5F":"5"},"X3":{"8P":"5","7M":"5"},"VX":{"25":"5"},"F7":{"5V":"5"},"P3":{"GQ":"5"},"49":{"XC":"5","H5":"5","RC":"5","QC":"5","FF":"5"},"48":{"5V":"5"},"G8":{"35":"5"},"G3":{"99":"5","78":"5","88":"5","F9":"5","C9":"5","7R":"5","98":"5"},"R8":{"JW":"5"},"F9":{"6F":"5"},"3C":{"QF":"5"},"H2":{"4V":"5","4W":"5"},"58":{"CF":"5"},"R5":{"WX":"5"},"59":{"35":"5","8M":"5","26":"5"},"W2":{"GV":"5","VR":"5","FV":"5","WQ":"5","VQ":"5","XQ":"5","GW":"5"},"C2":{"4V":"5"}},"82":{"QW":{"64":"4"},"VV":{"RR":"5"},"Q3":{"32":"5"},"H2":{"3Q":"5","2Q":"5","6M":"5"},"5P":{"4J":"5"},"2J":{"8R":"5","HQ":"5"},"87":{"W5":"5"},"XX":{"R4":"5"},"RP":{"WP":"5"},"2Q":{"FV":"5","9X":"5","3X":"5","FW":"5","JR":"5","5W":"5","4X":"5","5X":"5","7X":"5","6W":"5","5V":"5","2X":"5","4W":"5","9W":"5","3R":"5","HX":"5","GH":"5","GW":"5"},"J5":{"Q5":"5"},"WW":{"QM":"5","GJ":"5","PW":"5","RX":"5","RP":"5","GP":"5","55":"5"},"P2":{"VR":"5","MG":"5","VP":"5"},"XW":{"6W":"5","6P":"5"},"WX":{"C5":"5","V7":"5","Q5":"5"},"7Q":{"J3":"5"},"89":{"4Q":"5"},"88":{"99":"5","C8":"5","9C":"5"},"2R":{"32":"5","42":"5","62":"5","72":"5","33":"5"},"MH":{"MX":"5"},"G2":{"VR":"5"},"9P":{"2V":"5"},"MJ":{"M2":"5"},"79":{"HP":"5","JM":"5","MJ":"5","MM":"5"},"9Q":{"H8":"5"}},"VG":{"5J":{"6M":"5"}},"J8":{"5P":{"X4":"5"},"83":{"4V":"5"},"56":{"C6":"5"}},"37":{"JC":{"HV":"5"},"JF":{"88":"5","96":"5","89":"5","C7":"5","7C":"5","79":"5"}},"QC":{"C8":{"6Q":"5","6R":"5"},"C7":{"F8":"5","F9":"5","C9":"5"},"V3":{"MR":"5"}},"R7":{"FH":{"QX":"5"},"F2":{"WP":"5"}},"25":{"3P":{"2X":"5","8C":"5","9C":"5","FX":"5"},"66":{"WW":"5","WX":"5"},"93":{"25":"5","64":"5","44":"5","63":"5","72":"5","45":"5","82":"5","73":"5","54":"5","35":"5"},"39":{"RW":"5","VX":"5","RV":"5","WX":"5"},"H7":{"J6":"5"},"P3":{"R9":"5"},"X2":{"MH":"5"},"83":{"J9":"5","P8":"5","M8":"5","V6":"5","FF":"5","7J":"5","2M":"5","R7":"5","Q7":"5","W5":"5","G9":"5","3M":"5","P7":"5","9H":"5","V7":"5","X5":"5","4M":"5","FG":"5","GF":"5","J8":"5","5M":"5","8H":"5","5J":"5","6J":"5","8J":"5","CH":"5","GC":"5","W6":"5","CG":"5","H9":"5"},"F6":{"J2":"5","C3":"5","HX":"5"},"W2":{"7G":"5","6M":"5","79":"5"},"C8":{"6H":"5","36":"5"},"54":{"J9":"5","M8":"5","FF":"5","7J":"5","2P":"5","R5":"5","8G":"5","Q6":"5","CF":"5","V5":"5","3M":"5","P7":"5","V4":"5","9G":"5","X4":"5","2Q":"5","4M":"5","GF":"5","J8":"5","5M":"5","8H":"5","5J":"5","6J":"5","HC":"5","M7":"5","GC":"5","P6":"5","W4":"5","Q5":"5","CG":"5","7H":"5","H9":"5","6M":"5","3P":"5"},"79":{"H7":"5"},"74":{"25":"5","53":"5","92":"5","44":"5","63":"5","72":"5","45":"5","24":"5","82":"5","73":"5","54":"5","35":"5"},"M2":{"VV":"5","9H":"5"},"76":{"CF":"5","2M":"5","65":"5"},"73":{"FW":"5","RM":"5","FV":"5","PQ":"5","QP":"5","JR":"5","9X":"5","HV":"5","MQ":"5","CX":"5","CW":"5","VM":"5","JV":"5","WM":"5","PP":"5","XM":"5","QM":"5","GV":"5","MR":"5"},"3Q":{"C8":"5","64":"5","63":"5","74":"5","F8":"5","4G":"5","72":"5","92":"5","55":"5","87":"5","H8":"5","66":"5","65":"5","F5":"5"},"4C":{"32":"5","35":"5","25":"5"},"J8":{"G8":"5","45":"5","55":"5"},"97":{"PP":"5"},"J2":{"H3":"5"},"G4":{"JV":"5","GW":"5"},"88":{"3X":"5","WF":"5","4Q":"5"},"44":{"XQ":"5","QX":"5","RX":"5","VX":"5","XV":"5","WW":"5","XR":"5","VW":"5","WV":"5"},"C4":{"M6":"5","77":"5"},"45":{"CP":"5","GM":"5","MJ":"5","FQ":"5","FH":"5","GG":"5","7M":"5","6H":"5","FP":"5","GP":"5","WQ":"5","QP":"5","GR":"5","FR":"5","FM":"5","8G":"5","GQ":"5","JM":"5","9P":"5","9G":"5","JP":"5","HH":"5","HQ":"5","MP":"5","8M":"5","8P":"5","5M":"5","8H":"5","5J":"5","JJ":"5","6J":"5","JH":"5","MM":"5","CH":"5","GH":"5","CG":"5","7H":"5","CQ":"5","HP":"5","6M":"5"},"F2":{"54":"5","46":"5","63":"5","37":"5","62":"5","44":"5","72":"5","53":"5","28":"5","45":"5","27":"5","36":"5"},"H6":{"8X":"5","VQ":"5","6V":"5"},"Q3":{"JG":"5"},"49":{"2X":"5","PW":"5","QW":"5","RX":"5","3X":"5","QX":"5","7X":"5"},"2Q":{"XW":"5"},"Q7":{"3R":"5","87":"5"},"98":{"R4":"5","V4":"5","WV":"5","F5":"5"},"C2":{"7Q":"5","CP":"5","9Q":"5","5R":"5","MJ":"5","QG":"5","6Q":"5","FP":"5","GP":"5","X8":"5","VC":"5","8Q":"5","PG":"5","2R":"5","V9":"5","VF":"5","PH":"5","W9":"5","MH":"5","JJ":"5","RF":"5","W8":"5","4R":"5","3R":"5","5Q":"5","CQ":"5","RG":"5"},"77":{"F8":"5","G7":"5","J7":"5"},"Q6":{"WV":"5","94":"5"},"92":{"FW":"5","VV":"5","8X":"5","GW":"5","9X":"5","HV":"5","XR":"5","CW":"5","9W":"5","RV":"5","WR":"5","QV":"5","JV":"5","WV":"5","PV":"5","MV":"5","GV":"5"},"J6":{"5R":"5"},"GJ":{"3X":"5"},"78":{"78":"5","FC":"5","79":"5"},"99":{"VC":"5"},"64":{"V5":"5","Q6":"5","34":"5","J6":"5","V6":"5","Q5":"5","R5":"5","64":"5","H7":"5","44":"5","X5":"5","84":"5","74":"5","P6":"5","C6":"5","H6":"5","G7":"5","W6":"5","G6":"5","95":"5","24":"5","M6":"5","F6":"5","X6":"5","85":"5","C5":"5","54":"5"},"55":{"CX":"5"},"M6":{"35":"5"},"38":{"CQ":"5"},"W4":{"Q9":"5"},"J5":{"RR":"5"},"H8":{"X4":"5"},"PX":{"2X":"5"},"G5":{"9G":"5"},"58":{"Q2":"5"},"R3":{"GM":"5"},"J7":{"CW":"5","Q8":"5","F4":"5","8V":"5","RM":"5","F5":"5","25":"5"},"69":{"X2":"5"},"87":{"FF":"5"},"C6":{"3M":"5","PG":"5"},"28":{"46":"5"},"3C":{"X4":"5"}},"J5":{"C5":{"RM":"5"},"8G":{"V3":"5"},"GX":{"X2":"5"},"FC":{"MP":"5","42":"5","JG":"5","XH":"5"},"2R":{"32":"5"},"HX":{"47":"5","C7":"5","36":"5"},"9G":{"43":"5"},"7V":{"65":"5"},"R6":{"8C":"5"},"C9":{"XW":"5","WW":"5","RV":"5","WV":"5","RQ":"5"},"WG":{"68":"5"},"VP":{"F5":"5"},"98":{"56":"5","66":"5"}},"W7":{"36":{"WG":"5"}},"M6":{"7P":{"GR":"5"},"G2":{"P2":"5"},"PG":{"F8":"5","F5":"5"}},"M4":{"4P":{"Q7":"5"}},"2R":{"4X":{"64":"5","63":"5","74":"5","73":"5"}},"W8":{"CQ":{"2V":"5","3V":"5"},"3Q":{"QG":"5"},"X2":{"VJ":"5"},"6J":{"PW":"5","XV":"5"}},"P6":{"CP":{"8Q":"5"},"P8":{"2X":"5","3R":"5"},"FV":{"48":"5","25":"5"},"PC":{"HF":"5","G9":"5"},"H8":{"7X":"5"},"W7":{"J5":"5"},"M8":{"RW":"5","FR":"5","XX":"5","PX":"5","PJ":"5","QW":"5","7W":"5","6W":"5","WR":"5","RV":"5","HV":"5","9X":"5","3W":"5"},"R8":{"56":"5","53":"5","64":"5","JQ":"5","74":"5","59":"5","24":"5","MF":"5"},"R7":{"78":"5","36":"5","6V":"5"},"6Q":{"V5":"5"},"X8":{"2R":"5"},"HM":{"WW":"5"},"73":{"69":"5","66":"5","C9":"5","78":"5","97":"5","CJ":"5","86":"5","CM":"5","C8":"5","89":"5","88":"5","FJ":"5","99":"5","C7":"5","98":"5","8C":"5","79":"5","68":"5"},"W5":{"FC":"5"},"WW":{"FP":"5","G7":"5"},"3H":{"4R":"5"},"XJ":{"C8":"5"},"55":{"W8":"5"},"87":{"X9":"5"},"5W":{"73":"5"},"9V":{"W3":"5","X4":"5","R6":"5"},"G6":{"RH":"5"},"G9":{"74":"5","Q3":"5","M5":"5","M4":"5"},"G8":{"C2":"5","JH":"5","83":"5","PC":"5","RG":"5","PJ":"5","J3":"5","P6":"5","WQ":"5","F7":"5","VM":"5","VR":"5","MG":"5","MC":"5","MH":"5"},"M9":{"M2":"5","H3":"5","G3":"5","C2":"5"},"29":{"6W":"5"},"V9":{"WM":"5"},"F5":{"WR":"5"},"P7":{"37":"5","F3":"5","5C":"5","36":"5"},"66":{"45":"5"},"CR":{"G7":"5","X2":"5"},"74":{"9F":"5"},"X5":{"PP":"5","XR":"5"},"CV":{"W4":"5"},"F7":{"4V":"5"},"FG":{"76":"5"},"J6":{"CJ":"5"},"4W":{"M4":"5"},"P3":{"XM":"5"},"PW":{"74":"5"},"JH":{"QG":"5"},"85":{"MC":"5"},"HC":{"H6":"5"},"F6":{"3J":"5"},"M7":{"79":"5","X8":"5"},"Q8":{"W6":"5","R7":"5","V7":"5"},"GC":{"C6":"5"},"G7":{"JX":"5"},"C4":{"6C":"5"},"GH":{"CR":"5"},"H9":{"82":"5","C2":"5"},"CQ":{"V5":"5","M4":"5","J6":"5","J5":"5","X5":"5","Q7":"5","V7":"5","V4":"5","JR":"5","QV":"5","P7":"5","QR":"5","W9":"5"},"8W":{"2X":"5"}},"WQ":{"WP":{"6H":"5","6J":"5"},"R7":{"QH":"5"},"VR":{"QX":"5"},"VQ":{"V5":"5"},"VP":{"MR":"5","JQ":"5","XM":"5","JP":"5"}},"HF":{"7Q":{"57":"5"}},"XR":{"PR":{"XC":"5","M3":"5","X9":"5"}},"VF":{"46":{"3V":"5"},"37":{"Q4":"5","J4":"5","C2":"5"},"67":{"F4":"5"},"36":{"PR":"5","CX":"5"},"66":{"5J":"5"}},"94":{"JF":{"9R":"5"}},"7F":{"JR":{"P4":"5"}},"R6":{"MG":{"2V":"5","4V":"5","2R":"5","2P":"5"},"9F":{"C3":"5"},"W7":{"6Q":"5"},"WJ":{"VP":"5"},"59":{"CQ":"5","7G":"5","6F":"5","PX":"5","GP":"5","9C":"5","WJ":"5","6C":"5"},"CM":{"QC":"5"},"8F":{"HX":"5"},"JF":{"RP":"5"},"6Q":{"C3":"5"},"6F":{"R7":"5","V6":"5","Q8":"5","Q7":"5"},"F2":{"CW":"5","CX":"5"},"WW":{"5H":"5"},"QC":{"MQ":"5"},"GJ":{"H3":"5"},"7C":{"8J":"5","8H":"5","9H":"5","X6":"5","JM":"5","4Q":"5","9J":"5"},"PG":{"7X":"5"},"89":{"7F":"5","6H":"5","7Q":"5","6V":"5"},"JG":{"XQ":"5","VQ":"5","XP":"5","XH":"5","RQ":"5","XV":"5","PX":"5","QQ":"5","HJ":"5","WQ":"5","XR":"5","WR":"5","WM":"5","MM":"5","XJ":"5","PV":"5","QR":"5","PW":"5","HX":"5"},"3M":{"W6":"5"},"CJ":{"QM":"5"},"9P":{"XV":"5"},"79":{"99":"5","4X":"5","F8":"5","49":"5"},"74":{"QX":"5"},"JQ":{"32":"5"},"9G":{"62":"5"},"69":{"PW":"5","VV":"5"},"HH":{"MW":"5","XF":"5"},"4C":{"WC":"5","98":"5"},"QQ":{"R9":"5"},"J8":{"5M":"5"},"HG":{"R8":"5"},"84":{"3Q":"5"},"5M":{"F8":"5","H5":"5","G8":"5"},"7F":{"GJ":"5","V7":"5","P4":"5","85":"5","94":"5"},"58":{"8X":"5"},"5J":{"2F":"5","4M":"5"},"JH":{"4F":"5","3F":"5","59":"5","GP":"5","3H":"5","CR":"5","MF":"5"},"HF":{"CM":"5"},"85":{"52":"5"},"MF":{"27":"5"},"MM":{"PQ":"5"},"8C":{"37":"5","PR":"5","23":"5","26":"5","47":"5","24":"5","6J":"5","3H":"5","46":"5","54":"5","35":"5"},"CH":{"4H":"5"},"5C":{"PV":"5","RJ":"5","Q2":"5","QJ":"5"},"GC":{"4V":"5"},"C7":{"VC":"5"},"GH":{"4V":"5","XP":"5","XQ":"5"},"6C":{"WH":"5","WP":"5","VG":"5","V7":"5","VH":"5","V8":"5","W7":"5","WG":"5","W8":"5","XQ":"5","97":"5"},"7H":{"J3":"5","H5":"5","H4":"5"},"47":{"5R":"5"}},"G4":{"R9":{"J5":"5"},"G4":{"Q4":"5"},"Q7":{"V6":"5","G5":"5","H4":"5","X8":"5"},"R7":{"3C":"5","8P":"5","3F":"5","7M":"5","6H":"5","6Q":"5","6J":"5","6M":"5","3G":"5"},"VG":{"M3":"5"},"V7":{"JX":"5"},"XF":{"FH":"5"},"G3":{"V5":"5"},"F5":{"X4":"5"},"93":{"R6":"5"}},"X6":{"56":{"M3":"5","J2":"5","F4":"5","F2":"5","P4":"5","H2":"5","G6":"5","H5":"5","F5":"5","J4":"5","G3":"5","G2":"5","G4":"5","M2":"5","P2":"5","H3":"5","P3":"5","F6":"5","G5":"5","M4":"5","J3":"5","F3":"5","G7":"5","H4":"5","C4":"5"},"9Q":{"5V":"5"},"59":{"29":"5","25":"5","66":"5","93":"5","39":"5","86":"5","63":"5","36":"5","F5":"5","83":"5","F6":"5","23":"5","54":"5","37":"5","46":"5","C5":"5","85":"5","68":"5","74":"5","76":"5","F3":"5","73":"5","96":"5","26":"5","32":"5","C3":"5","J2":"5","24":"5","35":"5","44":"5","47":"5","C4":"5","H3":"5","45":"5","H2":"5","F2":"5","27":"5","57":"5","53":"5","33":"5","G2":"5","49":"5","48":"5","G3":"5","34":"5","75":"5","82":"5","C2":"5","65":"5","92":"5","64":"5","55":"5","43":"5","F4":"5","62":"5","38":"5","67":"5","56":"5","22":"5","94":"5","58":"5","95":"5","42":"5","C6":"5","28":"5","84":"5","72":"5","52":"5"},"48":{"FF":"5","2X":"5","8X":"5","5J":"5","FM":"5","WH":"5","CC":"5","MC":"5","HG":"5","PH":"5","9X":"5","3H":"5","8P":"5","HH":"5","FH":"5","C9":"5","9M":"5","C6":"5","8H":"5","7M":"5","CP":"5","GG":"5","QM":"5","FV":"5","CF":"5","R9":"5","XH":"5","G7":"5","3X":"5","FR":"5","3M":"5","FC":"5","XW":"5","JJ":"5","F7":"5","CQ":"5","7F":"5","GC":"5","C8":"5","FP":"5","G8":"5","GV":"5","HM":"5","9H":"5","F5":"5","FQ":"5","GF":"5","WF":"5","WC":"5","JC":"5","VG":"5","6X":"5","RJ":"5","99":"5","8M":"5","4W":"5","J9":"5","9P":"5","QF":"5","HJ":"5","Q8":"5","RG":"5","QC":"5","PF":"5","5W":"5","9F":"5","QH":"5","5H":"5","F9":"5","4H":"5","8G":"5","RF":"5","5X":"5","PM":"5","MP":"5","JH":"5","97":"5","XG":"5","9R":"5","8C":"5","9Q":"5","GH":"5","95":"5","JP":"5","HR":"5","2W":"5","VJ":"5","H7":"5","F8":"5","XC":"5","H9":"5","VC":"5","CM":"5","JF":"5","FJ":"5","R8":"5","X9":"5","PJ":"5","3J":"5","PP":"5","96":"5","MJ":"5","Q9":"5","9J":"5","P9":"5","7J":"5","HC":"5","J8":"5","7X":"5","CR":"5","P8":"5","GR":"5","MM":"5","2V":"5","GQ":"5","MR":"5","CJ":"5","CG":"5","MH":"5","VH":"5","WG":"5","M9":"5","89":"5","MF":"5","XV":"5","4M":"5","6M":"5","GM":"5","JG":"5","98":"5","PQ":"5","8F":"5","8Q":"5","4X":"5","F6":"5","8J":"5","CH":"5","QJ":"5","VF":"5","G5":"5","HP":"5","6H":"5","WJ":"5","HV":"5","9C":"5","HQ":"5","MQ":"5","QP":"5","H6":"5","G6":"5","7G":"5","RC":"5","JQ":"5","MG":"5","6W":"5","FG":"5","RM":"5","4J":"5","6J":"5","HF":"5","PG":"5","6G":"5","PC":"5","9G":"5","GP":"5","M8":"5","GJ":"5","XF":"5","QG":"5","RH":"5","3W":"5","JM":"5","C5":"5","G9":"5","C7":"5","4G":"5","XX":"5","JR":"5","CV":"5","H8":"5","VM":"5","7H":"5","5M":"5"},"7J":{"V2":"5","W3":"5","Q2":"5","X4":"5","X2":"5"},"49":{"89":"5","83":"5","W6":"5","32":"5","95":"5","FC":"5","F3":"5","26":"5","V8":"5","72":"5","W5":"5","Q9":"5","X3":"5","73":"5","GC":"5","78":"5","C5":"5","R9":"5","G3":"5","38":"5","43":"5","H9":"5","48":"5","22":"5","C3":"5","53":"5","V7":"5","62":"5","57":"5","X2":"5","FF":"5","36":"5","G9":"5","F4":"5","C9":"5","68":"5","52":"5","C4":"5","24":"5","V5":"5","JC":"5","74":"5","PC":"5","X4":"5","58":"5","CC":"5","X7":"5","X5":"5","W4":"5","93":"5","84":"5","79":"5","33":"5","V9":"5","8C":"5","44":"5","X8":"5","P9":"5","63":"5","W9":"5","67":"5","J9":"5","34":"5","9C":"5","92":"5","23":"5","46":"5","99":"5","C2":"5","R8":"5","35":"5","Q8":"5","M9":"5","56":"5","P8":"5","82":"5","87":"5","37":"5","R7":"5","25":"5","GF":"5","85":"5","W7":"5","V6":"5","47":"5","MC":"5","CF":"5","W8":"5","HC":"5","F9":"5","77":"5","HF":"5","94":"5","R6":"5","X6":"5","42":"5","88":"5"},"39":{"R2":"5","V2":"5","X3":"5","Q2":"5","X4":"5","W2":"5","X2":"5"},"65":{"CP":"5","FV":"5","GM":"5","9X":"5","FQ":"5","HJ":"5","FP":"5","GP":"5","HM":"5","FW":"5","GJ":"5","GR":"5","FR":"5","FM":"5","CX":"5","GQ":"5","CW":"5","CR":"5","GX":"5","CV":"5","8X":"5","9W":"5","GV":"5","FX":"5","GW":"5","CQ":"5"},"38":{"XX":"5","RX":"5","VX":"5","XW":"5","QX":"5","WX":"5"},"55":{"JW":"5","PP":"5","JV":"5","PV":"5","MQ":"5","HM":"5","PR":"5","JR":"5","MR":"5","QX":"5","JX":"5","HR":"5","MV":"5","JM":"5","JQ":"5","GX":"5","HV":"5","JP":"5","HW":"5","HQ":"5","MW":"5","PQ":"5","MX":"5","MP":"5","PW":"5","MM":"5","HX":"5","QW":"5","PX":"5","GV":"5","FX":"5","GW":"5","HP":"5"},"57":{"MX":"5","RV":"5","8V":"5","WW":"5","GX":"5","9W":"5","GW":"5","PW":"5","WV":"5","XW":"5","XV":"5","WR":"5","HV":"5","XX":"5","JV":"5","VR":"5","MW":"5","QX":"5","WX":"5","VW":"5","MR":"5","XR":"5","PV":"5","9X":"5","7W":"5","HW":"5","VX":"5","QW":"5","RW":"5","7X":"5","FX":"5","HX":"5","8W":"5","CX":"5","VV":"5","QV":"5","JX":"5","RR":"5","MV":"5","JW":"5","8X":"5","RX":"5","PX":"5","JR":"5","QR":"5"},"66":{"6V":"5","MX":"5","8P":"5","93":"5","86":"5","MQ":"5","4R":"5","8V":"5","F5":"5","8F":"5","8R":"5","83":"5","5X":"5","F6":"5","8M":"5","9W":"5","PW":"5","C5":"5","85":"5","7F":"5","79":"5","74":"5","76":"5","6Q":"5","F3":"5","73":"5","JV":"5","96":"5","MW":"5","3Q":"5","4X":"5","8H":"5","3V":"5","4W":"5","C3":"5","MR":"5","97":"5","7R":"5","88":"5","9X":"5","7W":"5","C4":"5","8Q":"5","4V":"5","7C":"5","7P":"5","5P":"5","F2":"5","5V":"5","7J":"5","7H":"5","7Q":"5","6J":"5","4P":"5","7X":"5","5R":"5","6P":"5","98":"5","7M":"5","75":"5","82":"5","JP":"5","8W":"5","C2":"5","77":"5","5M":"5","JQ":"5","92":"5","7V":"5","4Q":"5","6M":"5","78":"5","3R":"5","PR":"5","JX":"5","F4":"5","MP":"5","MV":"5","JW":"5","8C":"5","8X":"5","89":"5","7G":"5","6X":"5","8G":"5","PX":"5","JR":"5","94":"5","95":"5","8J":"5","87":"5","6R":"5","6G":"5","C6":"5","84":"5","5Q":"5","6W":"5","72":"5","6H":"5","5W":"5"},"9P":{"HJ":"5","FG":"5","FJ":"5"},"8M":{"HR":"5","FP":"5"},"8H":{"5P":"5"},"58":{"83":"5","RW":"5","95":"5","FC":"5","J4":"5","F3":"5","V2":"5","VX":"5","GR":"5","5C":"5","C8":"5","H6":"5","G7":"5","39":"5","G2":"5","XM":"5","F6":"5","M7":"5","M8":"5","H4":"5","X3":"5","69":"5","86":"5","GC":"5","P3":"5","78":"5","C5":"5","J3":"5","2C":"5","WV":"5","JX":"5","H8":"5","FW":"5","V3":"5","G3":"5","Q3":"5","H9":"5","48":"5","R3":"5","RX":"5","75":"5","C3":"5","H3":"5","6C":"5","57":"5","6F":"5","M5":"5","X2":"5","FF":"5","P4":"5","49":"5","G9":"5","P7":"5","XV":"5","96":"5","MW":"5","PW":"5","F7":"5","F4":"5","F2":"5","C9":"5","2X":"5","MX":"5","68":"5","GX":"5","HW":"5","C4":"5","4F":"5","JC":"5","74":"5","29":"5","76":"5","Q6":"5","JV":"5","58":"5","P5":"5","CC":"5","VW":"5","RV":"5","MR":"5","HX":"5","5F":"5","W2":"5","M3":"5","FX":"5","2F":"5","CX":"5","9X":"5","3V":"5","H2":"5","R5":"5","98":"5","93":"5","G5":"5","WR":"5","84":"5","QX":"5","65":"5","79":"5","3C":"5","R2":"5","J6":"5","GV":"5","P9":"5","7C":"5","67":"5","J9":"5","HR":"5","2W":"5","92":"5","G6":"5","P2":"5","F8":"5","XP":"5","H5":"5","Q2":"5","Q5":"5","QW":"5","3G":"5","XQ":"5","W3":"5","JW":"5","R4":"5","C2":"5","97":"5","H7":"5","Q4":"5","M9":"5","8X":"5","56":"5","F5":"5","3W":"5","P8":"5","59":"5","J7":"5","82":"5","J2":"5","87":"5","WX":"5","VV":"5","J8":"5","C7":"5","M2":"5","J5":"5","GF":"5","85":"5","M6":"5","XW":"5","HV":"5","PX":"5","JR":"5","3F":"5","MC":"5","M4":"5","MV":"5","G8":"5","4C":"5","GW":"5","P6":"5","HC":"5","WW":"5","F9":"5","PV":"5","66":"5","77":"5","HF":"5","XR":"5","94":"5","R6":"5","G4":"5","88":"5","C6":"5","QV":"5","2G":"5","V4":"5","2V":"5"},"64":{"R9":"5","QG":"5","VC":"5","VF":"5","QF":"5","RC":"5","RG":"5","VG":"5","RF":"5"},"67":{"89":"5","8W":"5","5V":"5","83":"5","4V":"5","FM":"5","FC":"5","J4":"5","C8":"5","H6":"5","7J":"5","G7":"5","72":"5","7W":"5","GG":"5","CV":"5","CP":"5","7M":"5","H4":"5","69":"5","73":"5","86":"5","GC":"5","78":"5","6X":"5","FV":"5","J3":"5","H8":"5","6V":"5","CQ":"5","9Q":"5","FW":"5","5Q":"5","4W":"5","HH":"5","54":"5","43":"5","H9":"5","48":"5","75":"5","7V":"5","53":"5","H3":"5","6C":"5","62":"5","57":"5","6F":"5","FF":"5","36":"5","3X":"5","G9":"5","55":"5","C9":"5","2X":"5","68":"5","4Q":"5","5R":"5","GX":"5","52":"5","74":"5","8P":"5","6W":"5","7P":"5","76":"5","58":"5","CC":"5","8H":"5","3Q":"5","M3":"5","CR":"5","7R":"5","FX":"5","5X":"5","9P":"5","9H":"5","CX":"5","8V":"5","8M":"5","9W":"5","45":"5","9X":"5","3V":"5","4R":"5","H2":"5","98":"5","93":"5","84":"5","65":"5","79":"5","CJ":"5","33":"5","6Q":"5","CG":"5","44":"5","8C":"5","J6":"5","9R":"5","8G":"5","63":"5","7C":"5","67":"5","GH":"5","9V":"5","64":"5","34":"5","9C":"5","FJ":"5","2W":"5","92":"5","G6":"5","P2":"5","H5":"5","3R":"5","8F":"5","FH":"5","46":"5","99":"5","FR":"5","7X":"5","97":"5","35":"5","H7":"5","8R":"5","GJ":"5","8J":"5","56":"5","8X":"5","9J":"5","3W":"5","59":"5","HG":"5","82":"5","J2":"5","87":"5","FQ":"5","9F":"5","7Q":"5","37":"5","M2":"5","5W":"5","8Q":"5","CM":"5","J5":"5","9G":"5","GF":"5","47":"5","FP":"5","M4":"5","CF":"5","4X":"5","G8":"5","7H":"5","GW":"5","HC":"5","6R":"5","CW":"5","66":"5","77":"5","HF":"5","CH":"5","7F":"5","42":"5","88":"5","2V":"5"},"68":{"89":"5","83":"5","MH":"5","FM":"5","32":"5","95":"5","F3":"5","PQ":"5","5C":"5","72":"5","G2":"5","HM":"5","3M":"5","HQ":"5","2J":"5","73":"5","86":"5","2M":"5","78":"5","3H":"5","C5":"5","PP":"5","7G":"5","QJ":"5","QM":"5","MQ":"5","3P":"5","G3":"5","43":"5","22":"5","75":"5","C3":"5","4G":"5","6C":"5","62":"5","6F":"5","MM":"5","96":"5","JQ":"5","F4":"5","3J":"5","F2":"5","52":"5","C4":"5","JJ":"5","4F":"5","74":"5","76":"5","8H":"5","MR":"5","5F":"5","3Q":"5","9H":"5","GP":"5","98":"5","93":"5","84":"5","79":"5","CJ":"5","33":"5","CG":"5","JM":"5","8C":"5","8G":"5","63":"5","5G":"5","7C":"5","9C":"5","FJ":"5","2W":"5","92":"5","2Q":"5","3R":"5","8F":"5","PR":"5","FH":"5","3G":"5","23":"5","99":"5","MJ":"5","C2":"5","97":"5","PM":"5","2P":"5","GJ":"5","6G":"5","9J":"5","F5":"5","82":"5","MP":"5","PH":"5","87":"5","9F":"5","C7":"5","HP":"5","9G":"5","JP":"5","85":"5","2H":"5","7H":"5","GM":"5","2R":"5","5H":"5","77":"5","CH":"5","94":"5","PJ":"5","7F":"5","42":"5","88":"5","C6":"5","4H":"5","2G":"5","2V":"5"},"8J":{"38":"5","42":"5","35":"5","34":"5","28":"5","25":"5"},"47":{"V2":"5"}},"42":{"RH":{"77":"5"},"JC":{"2J":"5"},"QG":{"2Q":"5","29":"5","3P":"5","6M":"5","4C":"5","2P":"5","5J":"5"},"5R":{"8Q":"5","7Q":"5"},"8P":{"XF":"5"},"2Q":{"XH":"5"},"4R":{"PX":"5","MX":"5"},"7P":{"7G":"5"},"3Q":{"VJ":"5","WH":"5","MC":"5","WJ":"5","PC":"5","H6":"5"},"4Q":{"4H":"5","2J":"5","96":"5","C7":"5","CR":"5","C6":"5","3M":"5","3J":"5","2M":"5"},"5J":{"JG":"5"},"3M":{"QW":"5","QX":"5","RX":"5","HR":"5","FV":"5","RR":"5","RW":"5","PR":"5","MW":"5","PX":"5","QQ":"5","HV":"5","MX":"5","JW":"5","RV":"5","QV":"5","JV":"5","PV":"5","QR":"5","PW":"5","MV":"5","GV":"5","MR":"5"},"MC":{"Q6":"5","H9":"5","JC":"5","J6":"5","H8":"5","M9":"5","QG":"5","R6":"5","R8":"5","G8":"5","J7":"5","PC":"5","H7":"5","Q9":"5","67":"5","PG":"5","QF":"5","RC":"5","RG":"5","Q7":"5","R7":"5","Q8":"5","P6":"5","J9":"5","M8":"5","G7":"5","F7":"5","G6":"5","QC":"5","M6":"5","MG":"5","M7":"5","48":"5","F6":"5","RF":"5","P8":"5","PF":"5","MC":"5","P7":"5","J8":"5","MF":"5","P9":"5"},"PP":{"FV":"5"},"9P":{"35":"5"},"4V":{"M3":"5","P2":"5","M2":"5","P3":"5","Q3":"5","Q2":"5"},"7R":{"MV":"5"},"HC":{"XG":"5"},"PW":{"R5":"5"},"3R":{"J6":"5","M9":"5","J7":"5","H7":"5","Q7":"5","Q8":"5","H6":"5","M8":"5","M7":"5","P8":"5","P7":"5","J8":"5","P9":"5"},"9Q":{"QM":"5"}},"88":{"6P":{"PR":"5"},"7Q":{"24":"5","85":"5"}},"V4":{"RM":{"W3":"5"}}}}