{"index":{"university,1|retail,2|tourism,3|wreck,4|historical,5|artsCulture,6|namedBuilding,7|water,8|wetland,9|park,10|beach,11|natureReserve,12|cemetery,13|trail,14":{}},"68":{"FJ":{"G4":{"X9":"4"},"74":{"CX":"5"},"C3":{"RM":"4"},"75":{"C2":"5"},"GW":{"5F":"4"}},"6V":{"W6":{"V6":"5"},"W5":{"2G":"5","7W":"5","6X":"5","5C":"5","8V":"5"},"49":{"68":"5"},"PQ":{"XQ":"5"},"27":{"2V":"5"}},"Q4":{"Q6":{"QQ":"5"},"5R":{"2J":"5","2P":"5"}},"25":{"4W":{"J8":"5"}},"FH":{"4V":{"V3":"5","X4":"5","MJ":"5"},"CH":{"4X":"4","44":"4"},"7F":{"CH":"5"},"JW":{"7H":"4"}},"MC":{"R4":{"28":"5"},"V5":{"QX":"5"},"R5":{"W7":"5"}},"93":{"5Q":{"7P":"5"}},"M8":{"HR":{"WC":"5"},"JQ":{"FR":"5"},"JR":{"4F":"5","6G":"5"}},"2X":{"HG":{"X4":"5","W2":"5"},"JG":{"44":"5","G3":"5","F6":"5","22":"5","G6":"5","23":"5"},"HF":{"RV":"5","WX":"5"},"JF":{"5H":"5","2X":"5","R7":"5","3H":"5"},"WV":{"CG":"5","9G":"5"}},"8V":{"FC":{"WP":"5"},"FF":{"M3":"5","P3":"5"}},"4M":{"GX":{"R4":"5"}},"8R":{"7J":{"5R":"5"}},"5G":{"W3":{"MX":"5","MW":"5"}},"23":{"Q4":{"3R":"5","4V":"5","4R":"5","5R":"5"},"MM":{"86":"5"}},"GF":{"P5":{"72":"5"},"M4":{"46":"5"}},"C8":{"5G":{"R9":"5"}},"9W":{"46":{"2C":"5","29":"5"},"5M":{"FX":"4"},"48":{"GM":"4"},"75":{"M6":"4"},"3M":{"94":"5"},"36":{"XC":"5","RG":"5","WH":"5","VG":"5","VF":"5","VC":"5","X9":"5","WG":"5"}},"3M":{"W5":{"C2":"5","H2":"5","H3":"5","83":"5","92":"5","84":"5","F3":"5","62":"5","72":"5","C4":"5","G3":"5","F4":"5","82":"5","G2":"5","J2":"5","93":"5","94":"5","C3":"5","F2":"5"},"W4":{"FJ":"5","6V":"5","8P":"5","GR":"5","HQ":"5","GP":"5","8V":"5","4R":"5","FW":"5","8R":"5","8M":"5","9R":"5","GX":"5","9W":"5","GW":"5","9Q":"5","CV":"5","HV":"5","FR":"5","GQ":"5","6Q":"5","JV":"5","FQ":"5","CR":"5","9P":"5","HR":"5","7R":"5","CQ":"5","9X":"5","FV":"5","CW":"5","CM":"5","7W":"5","8Q":"5","4V":"5","HW":"5","GM":"5","7P":"5","5P":"5","5V":"5","9H":"5","9V":"5","7J":"5","CJ":"5","9M":"5","7Q":"5","FM":"5","6J":"5","4P":"5","7X":"5","5R":"5","6P":"5","7M":"5","FX":"5","HX":"5","8W":"5","CX":"5","9J":"5","5M":"5","4Q":"5","7V":"5","6M":"5","FP":"5","JX":"5","JW":"5","8X":"5","6X":"5","JR":"5","CH":"5","GV":"5","CP":"5","8J":"5","6R":"5","5Q":"5","6W":"5","5W":"5"}},"9G":{"QG":{"33":"5","42":"5","43":"5","G8":"5","44":"5","22":"5","G7":"5","32":"5","54":"5"}},"Q8":{"J5":{"3J":"5"},"P2":{"VX":"5"},"52":{"2C":"5"},"P3":{"W3":"5","V3":"5"},"H5":{"RP":"5","VQ":"5","VM":"5","RM":"5","VP":"5","RQ":"5"},"M6":{"8F":"5","8C":"5","CC":"5","9C":"5"},"F2":{"G5":"5"}},"9Q":{"CQ":{"C5":"5","GQ":"5","FQ":"5"},"FM":{"VJ":"5","GX":"5","F3":"5","CW":"5","VG":"4","FV":"5","PC":"4","FX":"5"},"74":{"XQ":"5"},"FP":{"JW":"5","G2":"5"},"HJ":{"FP":"4"},"FQ":{"6W":"5"},"CM":{"QQ":"5"},"MQ":{"66":"4"},"FJ":{"HH":"4"},"CJ":{"4F":"4"},"GM":{"8Q":"4"},"HH":{"RM":"5"}},"Q9":{"2G":{"3Q":"5"},"92":{"HR":"5","CX":"5","GW":"5"},"59":{"24":"5","5F":"5"},"58":{"5P":"5","3G":"5"},"7C":{"V8":"5","Q6":"5","H9":"5","H8":"5","Q4":"5","Q5":"5","R8":"5","Q7":"5","P6":"5","J9":"5","M8":"5","P5":"5","P7":"5","J8":"5"},"85":{"W3":"5"},"93":{"82":"5"}},"M2":{"95":{"JP":"5"}},"76":{"P2":{"F8":"5","F7":"5","G7":"5","F9":"5","G9":"5"}},"6Q":{"CJ":{"49":"5","59":"5"},"PG":{"93":"5","85":"5"}},"96":{"5X":{"FP":"5"}},"FQ":{"4P":{"MV":"4","XF":"4"}},"4X":{"CG":{"63":"5","73":"5"},"GP":{"HF":"5","HC":"5"}},"J8":{"8J":{"WR":"5"},"8M":{"HR":"5"},"62":{"5H":"5"},"7C":{"H3":"5"}},"9P":{"FW":{"MC":"5"}},"3V":{"6F":{"9W":"5","9X":"5"},"6G":{"J5":"5","G4":"5","H9":"5","JC":"5","P3":"5","H5":"5","J9":"5","P4":"5","G5":"5","J4":"5","85":"5","F5":"5","98":"5","97":"5"},"4C":{"PV":"5"}},"2V":{"X8":{"P2":"5","P5":"5","R9":"5","87":"5","P7":"5","H6":"5"}},"4W":{"HG":{"9H":"5"},"XH":{"94":"5","84":"5"}},"97":{"H7":{"HR":"5","JP":"5","JH":"5","JQ":"5","JM":"5","CM":"5","JR":"5","F7":"5","JG":"5","MQ":"5","MP":"5","M7":"5","FC":"5","JJ":"5","HP":"5","HQ":"5"},"G7":{"WP":"5","PV":"5"}},"24":{"RH":{"CG":"5","CH":"5","9G":"5"},"HJ":{"GJ":"5","FH":"5","FJ":"5","GH":"5"},"48":{"QG":"5","QF":"5","MF":"5","PF":"5","MG":"5","PG":"5"},"7R":{"GG":"5","GH":"5"}},"7R":{"G4":{"P6":"5","Q6":"5","Q7":"5","P7":"5"},"4J":{"MV":"5"}},"CQ":{"54":{"FM":"5","HM":"5"}},"9X":{"35":{"X6":"5","X4":"5","X5":"5"},"34":{"CV":"5","FW":"5","QP":"5"},"4V":{"7J":"5"},"45":{"C2":"5"},"6V":{"J6":"4"}},"P9":{"VQ":{"C3":"5","C2":"5"},"PM":{"GG":"5"},"RP":{"W6":"5"},"FX":{"P7":"5"},"HG":{"FH":"5","FQ":"5"},"WP":{"2G":"5","6H":"5","Q8":"5","P6":"5","C6":"5","G6":"5","3G":"5","7H":"5"},"RG":{"88":"5"},"VP":{"MP":"5","93":"5","83":"5","6H":"5","5J":"5","XH":"5","6J":"5"},"MP":{"78":"5","62":"5","67":"5"},"VM":{"29":"5","G7":"5"},"VR":{"R7":"5","R9":"5","Q8":"5"},"HH":{"8F":"5"},"RF":{"FP":"5","GM":"5"},"GX":{"34":"5"},"WM":{"R9":"5","RH":"5","VC":"5","R8":"5","Q9":"5","VF":"5","RC":"5","Q7":"5","R7":"5","Q8":"5","V7":"5","JG":"5","QC":"5","RF":"5","P8":"5","P7":"5","FG":"5","P9":"5"},"8V":{"7C":"5"},"PP":{"CP":"5"},"MM":{"GJ":"5","VH":"5","9X":"5"}},"P2":{"M5":{"3F":"5"}},"CM":{"W6":{"MH":"5","PJ":"5","MG":"5"},"X6":{"9W":"5"},"X9":{"G7":"5"}},"7W":{"HG":{"FP":"5"},"P6":{"JQ":"5","JC":"5","GC":"5","PC":"5","HC":"5"},"RX":{"9V":"5"},"W8":{"44":"5","33":"5","23":"5"}},"8Q":{"G4":{"QG":"5","QH":"5"}},"GM":{"86":{"R8":"4"}},"CC":{"V7":{"FM":"4"}},"5V":{"5P":{"XC":"5"},"6P":{"37":"5"}},"9V":{"6P":{"VQ":"4"},"7Q":{"64":"4","76":"4"}},"CJ":{"V9":{"CJ":"5"},"RJ":{"RF":"5","RR":"5"},"QR":{"XC":"5","XG":"5","VF":"5"},"P3":{"34":"5","7F":"5"},"7W":{"4P":"5"},"9G":{"H9":"5"},"RR":{"49":"5","3C":"5","39":"5","67":"5","59":"5","48":"5","5C":"5","4C":"5","3G":"5","28":"5"}},"PC":{"C3":{"59":"5"},"3R":{"MM":"4"},"98":{"P4":"5"}},"FF":{"VF":{"8X":"4"}},"6J":{"FG":{"C5":"5","96":"5","VH":"5","6M":"5","97":"5","6J":"5"}},"Q7":{"42":{"Q5":"5"},"GX":{"49":"4|5","38":"5","4F":"5","39":"5","2C":"5","59":"4","48":"4","4C":"5"},"GV":{"P7":"5"},"5M":{"44":"5"},"FX":{"R7":"5","HM":"5","HP":"5"},"7Q":{"X7":"5"},"C2":{"JC":"5","GW":"5"},"QJ":{"MH":"5","PG":"5"}},"7X":{"QG":{"RX":"5"},"R3":{"P5":"5","PQ":"5","X9":"5","RQ":"5"},"RG":{"3G":"5"},"R4":{"P3":"5","P4":"5"},"F7":{"2J":"5"},"7C":{"WM":"5"},"X4":{"5M":"5"},"73":{"3M":"5"},"6W":{"7J":"5","6P":"5"},"MR":{"8R":"5"}},"34":{"V3":{"QX":"5","FW":"5","RX":"5","FV":"5","8X":"5","PX":"5","FX":"5","GW":"5","9X":"5","CX":"5","CW":"5","9W":"5","CV":"5","8W":"5","GX":"5","7X":"5","HX":"5"},"V4":{"J3":"5","93":"5","P3":"5","Q2":"5","63":"5","F5":"5","83":"5","M4":"5","54":"5","C5":"5","74":"5","M2":"5","F3":"5","73":"5","M3":"5","C3":"5","J2":"5","G4":"5","M5":"5","44":"5","P2":"5","C4":"5","H3":"5","H2":"5","F2":"5","53":"5","J4":"5","G2":"5","Q3":"5","H4":"5","G3":"5","82":"5","C2":"5","R2":"5","65":"5","92":"5","64":"5","55":"5","F4":"5","62":"5","H5":"5","J5":"5","G5":"5","94":"5","P4":"5","95":"5","C6":"5","84":"5","72":"5"}},"98":{"X4":{"G2":"4"}},"82":{"R2":{"R4":"4"},"W5":{"85":"4"},"R4":{"5H":"4"},"CV":{"29":"5"},"W3":{"83":"5"}},"8W":{"FW":{"37":"5"}},"9J":{"2J":{"2V":"5","5W":"5","4W":"5","3W":"5"}},"R4":{"M3":{"GG":"5"},"7G":{"52":"5"},"6F":{"XH":"5"},"7F":{"2J":"5","5Q":"5"}},"CG":{"8P":{"XQ":"4"},"CW":{"RJ":"4"},"53":{"QC":"4"},"CX":{"MX":"4"},"9V":{"GR":"4"}},"GC":{"HR":{"8X":"5"},"2X":{"M3":"5","J2":"5"},"PH":{"3V":"5","7Q":"5"},"2W":{"QX":"5","VV":"5","Q6":"5","RX":"5","PX":"5","2C":"5","HJ":"5","PJ":"5","JX":"5","WW":"5","VW":"5","GR":"5","WV":"5"}},"Q6":{"VV":{"45":"5"},"RQ":{"8V":"5"},"VX":{"F2":"5"},"RR":{"M8":"5","9R":"4","GX":"5","GV":"5","HX":"5","HV":"5","GW":"5"},"CQ":{"MX":"5"},"7P":{"PQ":"5"},"FQ":{"39":"5"},"VW":{"P6":"5","Q6":"5","Q4":"5","R4":"5","P5":"5","Q5":"5","P4":"5","R5":"5"},"RV":{"G3":"5","H2":"5","G2":"5","6R":"5"},"GX":{"H3":"5"},"9P":{"G2":"5"},"PV":{"2Q":"5"}},"92":{"88":{"33":"5"},"22":{"86":"5"}},"7V":{"6V":{"8J":"5"}},"M7":{"PX":{"C5":"5"}},"J6":{"62":{"JP":"5"}},"GJ":{"54":{"7X":"4"},"42":{"FJ":"4"},"63":{"3G":"4"},"56":{"XX":"4"}},"V3":{"7G":{"79":"5"}},"G8":{"VJ":{"VP":"5"}},"FC":{"XW":{"R9":"5","V8":"5","C9":"5"}},"HG":{"29":{"H2":"4"},"XQ":{"55":"4"}},"8X":{"8J":{"6X":"5","7R":"5"},"8M":{"C5":"5","64":"5","74":"5","62":"5"},"MC":{"PV":"5"},"V5":{"JC":"5","GG":"5","J9":"5","HH":"5"},"3J":{"P9":"5"},"WR":{"RM":"5","PH":"5","QH":"5","VF":"5","RG":"5","JM":"5","WG":"5","WJ":"5","WM":"5","MM":"5"},"X8":{"58":"5"}},"89":{"QQ":{"QM":"5","VV":"5","QR":"5","GC":"5"}},"2R":{"RF":{"W3":"5"}},"22":{"XX":{"FH":"5","FG":"5","GG":"5","GH":"5"},"JM":{"XG":"5","XH":"5"},"MM":{"2G":"5","2H":"5"}},"6X":{"HM":{"WV":"5"},"JM":{"3Q":"5"}},"8G":{"68":{"MP":"5","JM":"5","FF":"5"}},"V2":{"M3":{"Q2":"5"}},"CH":{"FW":{"4W":"5"},"JP":{"HP":"5"},"JH":{"VW":"5"},"HG":{"23":"5","43":"5","33":"5","2J":"5","27":"5","54":"5","2M":"5","34":"5","44":"5","53":"5","26":"5","55":"5","9V":"5","CW":"5","36":"5","37":"5","22":"5","X4":"4","35":"5","24":"5","45":"5","42":"5","32":"5","25":"5","84":"4","46":"5","R4":"4"},"HF":{"WH":"4","2X":"5","PW":"4","WF":"4"},"GF":{"JW":"5","RV":"5|4","JV":"5","PV":"5","QV":"5","RX":"5","PR":"5","QR":"5","VV":"5","WW":"5","QX":"5","JX":"5","MV":"5","XX":"5","WV":"5","HV":"5","HW":"5","XW":"5","MW":"5","MX":"5","VW":"5","PW":"5","VX":"5","QW":"5","WX":"5","RW":"5","PX":"5"},"HJ":{"MP":"5"},"JQ":{"P2":"5","Q4":"5","Q5":"5","P4":"5"},"RG":{"GJ":"5"},"PJ":{"G8":"5","G9":"5"},"J9":{"J2":"4"},"G7":{"JV":"4"},"GG":{"W5":"5","Q2":"5","P3":"5","V5":"5","Q3":"5","W4":"5","M2":"5","V6":"5","R6":"5","Q4":"5","X7":"5","Q5":"5","R5":"5","V3":"5","R3":"5","P4":"5","X5":"5","W7":"5","F3":"4","X3":"5","W2":"5","R4":"5","XF":"5","W3":"5","P2":"5","C6":"4","V4":"5","W6":"5","X2":"5","F5":"4","6R":"4","X6":"5","CF":"4","CR":"4","X4":"5","XJ":"5","R2":"5","V2":"5","79":"4"},"HH":{"V7":"5","3C":"5"},"MG":{"F7":"4","X5":"4"},"F6":{"PF":"4"},"MC":{"3W":"4"},"MJ":{"CG":"5","55":"5"},"FF":{"WM":"4"},"JJ":{"93":"5","4G":"5"},"JF":{"M8":"4","99":"4","89":"4","7C":"4"}},"94":{"66":{"QQ":"4"}},"R3":{"QX":{"PJ":"5"},"RR":{"4X":"5","GQ":"5","FP":"5","5M":"5","3X":"5","FQ":"5","7M":"5","FW":"5","4R":"5","7P":"5","6P":"5"},"QF":{"MR":"5","JR":"5"},"QV":{"Q3":"5"},"WJ":{"83":"5"},"2M":{"6W":"5"},"2P":{"4F":"5"},"QR":{"7X":"5","GH":"5"}},"95":{"RW":{"R6":"5"},"VG":{"W8":"5"}},"3X":{"27":{"HJ":"5","JJ":"5"}},"8J":{"XJ":{"WX":"5"}},"J7":{"C8":{"67":"5","W8":"5"},"88":{"GQ":"5"},"F7":{"C4":"5"},"F3":{"QQ":"5"},"CH":{"WQ":"5"},"89":{"QX":"5"},"6H":{"67":"5"},"C6":{"Q3":"5"},"98":{"65":"5"},"5R":{"H6":"5"}},"C6":{"3F":{"PM":"5","JP":"5","PQ":"5","JQ":"5","JM":"5","MQ":"5","MP":"5","PP":"5","MM":"5","MJ":"5","JJ":"5","QM":"5"}},"3W":{"VV":{"76":"5"},"FX":{"MW":"5"}},"6W":{"26":{"J5":"5"}},"6H":{"J6":{"V6":"5"}},"5W":{"V6":{"Q6":"5"}}}}