{"index":{"university,1|retail,2|tourism,3|wreck,4|historical,5|artsCulture,6|namedBuilding,7|water,8|wetland,9|park,10|beach,11|natureReserve,12|cemetery,13|trail,14":{}},"69":{"56":{"6G":{"JH":"5"},"28":{"G5":"5"},"95":{"3V":"5"},"59":{"M3":"5","J5":"5","H5":"5","J4":"5"},"W2":{"2P":"5"},"6H":{"W4":"5"},"6F":{"JF":"5"},"49":{"HW":"5"},"5F":{"49":"5"},"26":{"M4":"5","J4":"5"},"5W":{"RF":"5"},"HR":{"MQ":"5"},"9P":{"H8":"5","7J":"5"},"5G":{"VJ":"5","93":"5","33":"5","VM":"5","94":"5"},"WV":{"8X":"5","7X":"5","VW":"5"},"G2":{"5M":"5"},"V7":{"PM":"5"},"9G":{"PW":"5"},"69":{"8M":"5","X9":"5","W8":"5"},"PQ":{"QP":"5"},"8H":{"5H":"5"},"58":{"PX":"5","MX":"5"},"8J":{"HF":"5","GC":"5"},"M7":{"QR":"5"},"P6":{"J5":"5"},"C4":{"Q9":"5"},"5Q":{"C3":"5"},"GH":{"F8":"5","8C":"5"},"7H":{"25":"5"},"H9":{"C2":"5"},"4G":{"R3":"5"}},"23":{"CQ":{"9W":"5"},"JQ":{"3P":"5","3M":"5","3J":"5","2P":"5"},"JX":{"FR":"5"},"HQ":{"XM":"5","X9":"5"}},"52":{"CF":{"JF":"5"},"PW":{"R7":"5"},"62":{"G6":"5"},"JM":{"PX":"5"},"3C":{"QH":"5","M2":"5"},"JH":{"9V":"5"},"6P":{"62":"5"}},"43":{"46":{"JR":"5"},"5V":{"5W":"5","FW":"5","6W":"5","6X":"5","FX":"5"},"G2":{"45":"5"},"6C":{"X2":"5"},"W2":{"43":"5"}},"63":{"49":{"7G":"5","5H":"5","4F":"5","8H":"5","7H":"5"},"VX":{"HP":"5"},"V6":{"6F":"5","6G":"5","5J":"5"},"R8":{"QM":"5","PR":"5","PQ":"5"},"VW":{"32":"5"},"GG":{"QP":"5"},"P5":{"P5":"5"},"PP":{"HG":"5"},"5M":{"QV":"5"}},"54":{"4F":{"9R":"5","7G":"5","2W":"5","4J":"5"},"2J":{"J2":"5"},"59":{"6C":"5","89":"5","7C":"5","6F":"5","7F":"5","8C":"5","79":"5"},"RJ":{"8G":"5"},"3F":{"V5":"5","V7":"5","WF":"5","VH":"5","XR":"5","VM":"5","VP":"5"},"V6":{"25":"5","5X":"5","2J":"5","2V":"5","2Q":"5","3V":"5","3W":"5","26":"5","2R":"5","3X":"5","2M":"5","4X":"5","2P":"5"},"J2":{"Q2":"5","H2":"5","M2":"5","V3":"5","X3":"5","W3":"5","P2":"5","J2":"5","R2":"5","V2":"5"},"R5":{"M3":"5","XH":"5","R8":"5","R7":"5","R5":"5","X9":"5","WW":"5","P4":"5","XJ":"5","V8":"5","V9":"5","R6":"5","WH":"5","XC":"5","M2":"5","XW":"5","P3":"5","W9":"5","XF":"5","WF":"5","WX":"5","WG":"5","Q5":"5","Q4":"5"},"X9":{"RV":"5","6G":"5","PV":"5","4F":"5","GM":"5","QV":"5","3F":"5","6H":"5","2F":"5","GP":"5","FJ":"5","5F":"5","JR":"5","MR":"5","9J":"5","FM":"5","MV":"5","CJ":"5","5G":"5","XX":"5","JQ":"5","HQ":"5","VW":"5","8H":"5","8J":"5","VX":"5","WX":"5","RW":"5","7H":"5","HP":"5"},"Q3":{"PV":"5","C6":"5","HJ":"5","MQ":"5","HM":"5","PR":"5","72":"5","MR":"5","QX":"5","G8":"5","G9":"5","JM":"5","82":"5","83":"5","F7":"5","HH":"5","JP":"5","94":"5","C5":"5","GF":"5","MP":"5","HG":"5","PW":"5","HF":"5","F6":"5","QW":"5","GC":"5","93":"5","C4":"5","F8":"5"},"3W":{"F2":"5","C2":"5"},"65":{"JX":"5"},"V8":{"XH":"5","WJ":"5","M5":"5","R7":"5","X9":"5","WQ":"5","VV":"5","XG":"5","XJ":"5","V8":"5","VR":"5","H2":"5","Q6":"5","VQ":"5","J4":"5","R6":"5","G2":"5","V7":"5","XC":"5","VW":"5","WM":"5","H3":"5","W9":"5","W8":"5","XF":"5","J3":"5","M4":"5","VX":"5","WX":"5","Q5":"5","WP":"5","P5":"5"},"V5":{"2Q":"5","2J":"5","2V":"5","3P":"5","2R":"5","3M":"5","3J":"5","2P":"5","2W":"5"},"V9":{"W3":"5","X6":"5","W4":"5","X4":"5","X5":"5","W2":"5"},"R6":{"WF":"5","X8":"5","XH":"5","W4":"5","X9":"5","X7":"5","WH":"5","V3":"5","X5":"5","W2":"5","XC":"5","XF":"5","V4":"5","WG":"5","X6":"5","X4":"5","XJ":"5","V2":"5"},"V7":{"52":"5","76":"5","9Q":"5","63":"5","77":"5","FW":"5","53":"5","7G":"5","7C":"5","CW":"5","75":"5","79":"5","9P":"5","CR":"5","74":"5","GX":"5","CV":"5","8M":"5","78":"5","8P":"5","8H":"5","7F":"5","64":"5","8J":"5","FX":"5","7H":"5","CQ":"5"},"M2":{"V8":"5","33":"5","43":"5","R8":"5","J7":"5","WC":"5","64":"5","23":"5","H7":"5","44":"5","84":"5","74":"5","Q8":"5","XC":"5","V9":"5","G7":"5","G6":"5","95":"5","M7":"5","F6":"5","P8":"5","F5":"5","85":"5","P7":"5","C5":"5","54":"5","94":"5","W9":"5"},"Q2":{"2Q":"5","3V":"5","5W":"5","5V":"5","2R":"5","7X":"5","6X":"5","4V":"5","6W":"5","3R":"5"},"P2":{"XQ":"5","5F":"5","XP":"5","PM":"5","GM":"5","3C":"5","RP":"5","8H":"5","QP":"5","2C":"5","WP":"5","8G":"5","CJ":"5","JM":"5","VP":"5","CH":"5","HM":"5","6F":"5","5C":"5","6G":"5","7G":"5","9H":"5","MM":"5","GJ":"5","4C":"5","FJ":"5","QM":"5"},"3G":{"P6":"5","JQ":"5"},"3C":{"XW":"5"},"W9":{"C8":"5","J9":"5","PC":"5","P9":"5","RC":"5","77":"5","QC":"5","88":"5","26":"5","VC":"5","57":"5","G9":"5","G8":"5","M9":"5","36":"5","WC":"5","37":"5","98":"5","78":"5","XF":"5","67":"5","WF":"5","F8":"5","H9":"5","47":"5"},"5M":{"2F":"5"},"W8":{"2G":"5","2F":"5"},"4H":{"V9":"5","W7":"5"},"62":{"W4":"5"},"8J":{"M3":"5"},"4Q":{"35":"5"},"4P":{"R3":"5"},"GV":{"HR":"5","QV":"5","HV":"5"},"R4":{"FR":"5","4F":"5","4H":"5","3C":"5","FV":"5","MW":"5","8P":"5","2C":"5","3F":"5","5H":"5","7M":"5","7P":"5","8Q":"5","8R":"5","GW":"5","MX":"5","CW":"5","JW":"5","9W":"5","CV":"5","8W":"5","JV":"5","5J":"5","8V":"5","HW":"5","6M":"5","29":"5","4G":"5","GV":"5","5M":"5"},"Q4":{"Q2":"5","X8":"5","V5":"5","Q3":"5","X9":"5","V6":"5","R3":"5","W7":"5","R4":"5","W8":"5","V4":"5","W6":"5"},"5H":{"2V":"5"},"GW":{"R4":"5","R6":"5"}},"34":{"CQ":{"47":"5"},"WP":{"GM":"5"},"73":{"7M":"5"}},"44":{"QW":{"PW":"5","PR":"5"},"49":{"64":"5","74":"5","76":"5","75":"5","66":"5","65":"5"},"XP":{"96":"5","CF":"5","HC":"5","FJ":"5","P7":"5","9F":"5","GF":"5","FF":"5","F5":"5"},"69":{"X6":"5","MQ":"5"},"Q3":{"XC":"5"},"QP":{"5V":"5"},"J5":{"X8":"5"},"8G":{"FR":"5"},"X3":{"J3":"5"},"J9":{"9G":"5"},"MX":{"69":"5"},"X2":{"GW":"5"},"8W":{"5C":"5"},"4V":{"MJ":"5"},"M5":{"28":"5"},"PW":{"4R":"5","4J":"5"},"XM":{"VX":"5"},"79":{"46":"5","28":"5","27":"5","26":"5","3G":"5"}},"73":{"XQ":{"XC":"5"},"Q2":{"76":"5"},"VQ":{"C8":"5","98":"5"},"XP":{"JC":"5"},"Q3":{"FP":"5"},"RX":{"9M":"4"},"M2":{"R2":"5"},"M4":{"7H":"5","F6":"5"},"Q4":{"Q5":"5","87":"5"},"Q5":{"74":"5"},"RW":{"W4":"4"},"PX":{"VW":"5"},"Q7":{"GG":"5","JP":"5"},"J3":{"CJ":"5"},"57":{"56":"5"},"WJ":{"MH":"5","PH":"5","MJ":"5"}},"72":{"JM":{"JV":"5","PM":"5"},"2R":{"7F":"5"}},"53":{"FW":{"FW":"5","5P":"5","2J":"5","4M":"5","FV":"5","6P":"5","PX":"5","9V":"5","JX":"5","8Q":"5","8R":"5","MX":"5","GW":"5","9R":"5","3J":"5","7Q":"5","CV":"5","6Q":"5","3M":"5","HW":"5","HX":"5","2H":"5","5M":"5"},"H4":{"XP":"5","XQ":"5"},"PX":{"J4":"5"},"FX":{"Q2":"5","W4":"5","V3":"5","R3":"5","W3":"5","P2":"5","X4":"5","R2":"5"},"8P":{"2X":"5"},"HJ":{"C9":"5"},"9V":{"W6":"5","R2":"5","V2":"5","W5":"5","W3":"5","X6":"5","W4":"5","V3":"5","X9":"5","X7":"5","X8":"5"},"7P":{"PP":"5","FV":"5","GM":"5","PM":"5","9X":"5","MJ":"5","FQ":"5","HJ":"5","GP":"5","HM":"5","QP":"5","VV":"5","WW":"5","FR":"5","VR":"5","8Q":"5","GQ":"5","CW":"5","7X":"5","XX":"5","WV":"5","CV":"5","8X":"5","XW":"5","RQ":"5","QQ":"5","JJ":"5","RR":"5","9W":"5","MM":"5"},"JX":{"4W":"5","8X":"5","FX":"5","3V":"5","7W":"5","9X":"5","5W":"5","CX":"5","GX":"5","2R":"5","7X":"5","4V":"5","HX":"5","6W":"5","3R":"5"},"8Q":{"56":"5","23":"5","33":"5","WJ":"5","F9":"5","RJ":"5","JF":"5","34":"5","44":"5","77":"5","99":"5","88":"5","57":"5","RH":"5","PG":"5","XQ":"5","JC":"5","98":"5","22":"5","XP":"5","VJ":"5","MC":"5","45":"5","PH":"5","GF":"5","C9":"5","WM":"5","78":"5","XM":"5","QH":"5","HF":"5","PF":"5","MF":"5","67":"5","FC":"5","GC":"5","46":"5"},"62":{"VM":"5"},"9R":{"9F":"5","PV":"5","95":"5","GM":"5","96":"5","RX":"5","GP":"5","FJ":"5","72":"5","JR":"5","99":"5","MR":"5","88":"5","FM":"5","87":"5","QX":"5","89":"5","MV":"5","CJ":"5","82":"5","JQ":"5","83":"5","9G":"5","94":"5","HQ":"5","9C":"5","PW":"5","CH":"5","QW":"5","93":"5","CG":"5","86":"5","HP":"5"},"5W":{"Q4":"5"},"7Q":{"24":"5","63":"5","62":"5","44":"5","72":"5","53":"5","34":"5","43":"5"},"CW":{"XH":"5","R8":"5","R7":"5","Q7":"5","XG":"5","P4":"5","VC":"5","V8":"5","H2":"5","Q6":"5","V9":"5","WC":"5","J4":"5","G2":"5","H3":"5","WF":"5","J3":"5","M4":"5","WG":"5","Q5":"5","P5":"5"},"CV":{"4H":"5","9R":"5","GX":"5","5M":"5","CV":"5","CW":"5","8R":"5","2C":"5","29":"5","3H":"5","FW":"5","9V":"5","3C":"5","7P":"5","6M":"5","FX":"5","3F":"5","8Q":"5","6P":"5","5J":"5","4J":"5","3G":"5","7Q":"5"},"CC":{"C2":"5"},"6Q":{"M3":"5","J2":"5","X3":"5","M2":"5","H3":"5","P3":"5","W3":"5","Q3":"5","V3":"5","H2":"5","X4":"5","H4":"5","R3":"5"},"GX":{"66":"5","34":"5","87":"5","56":"5","H9":"5","M9":"5","VC":"5","G8":"5","76":"5","WC":"5","G9":"5","PC":"5","55":"5","RC":"5","F8":"5","97":"5","XC":"5","86":"5","J9":"5","C8":"5","45":"5","QC":"5","24":"5","MC":"5","C7":"5","35":"5"},"4C":{"4X":"5","7R":"5","7Q":"5","5Q":"5","6V":"5"},"HX":{"XR":"5","PP":"5","PM":"5","FH":"5","HJ":"5","MQ":"5","6F":"5","HM":"5","WQ":"5","5F":"5","JR":"5","MR":"5","GJ":"5","7G":"5","8G":"5","VQ":"5","QM":"5","XQ":"5","JM":"5","JQ":"5","9G":"5","JP":"5","4C":"5","RQ":"5","PQ":"5","3C":"5","MP":"5","QQ":"5","7F":"5","CH":"5","5C":"5","CG":"5","GH":"5","2C":"5"},"9Q":{"4W":"5","5X":"5","2Q":"5","3V":"5","5W":"5","2R":"5","7X":"5","6X":"5","4V":"5","3R":"5"}},"65":{"V9":{"M8":"5","J9":"5","P7":"5"},"8F":{"29":"5"},"C3":{"HR":"5","GV":"5","FV":"5","GR":"5","HV":"5"},"X7":{"GM":"4"}},"88":{"45":{"GP":"4"}},"26":{"G4":{"7W":"5"},"88":{"P2":"5","P3":"5"},"96":{"75":"5"},"95":{"6X":"5"},"87":{"GQ":"4","PX":"5","HG":"5","GH":"5","J4":"5","HC":"5","JJ":"5"},"97":{"XJ":"5","WH":"5","3X":"5"}},"55":{"HR":{"JV":"5","9G":"5","5J":"5","6J":"5"},"H9":{"73":"5"},"43":{"HP":"5","JF":"5","GH":"5","MJ":"5"},"FX":{"XG":"5"},"23":{"JW":"5","FX":"5"},"PG":{"R2":"5"},"Q8":{"M8":"5","8M":"5","M7":"5","8P":"5","M9":"5","WG":"5","3W":"5"},"V7":{"2P":"5"},"H6":{"Q5":"5","Q3":"5"},"6Q":{"M3":"5"},"89":{"25":"5","37":"5","38":"5","39":"5","26":"5","29":"5","36":"5","35":"5","27":"5","28":"5"},"CC":{"XQ":"5","XP":"5","V5":"5","XH":"5","XX":"5","XV":"5","WP":"5","WW":"5","V4":"5","XW":"5","RJ":"5","WQ":"5","XR":"5","WX":"5","VW":"5","WR":"5","XG":"5","WV":"5","XJ":"5","XM":"5"},"FC":{"8P":"5","3P":"5","4H":"5","2X":"5","4R":"5","4M":"5","2J":"5","5X":"5","5H":"5","2G":"5","3M":"5","2M":"5","4G":"5","3Q":"5","4X":"5","3V":"5","2V":"5","4W":"5","4V":"5","5J":"5","5P":"5","2P":"5","5V":"5","2F":"5","4J":"5","3H":"5","3F":"5","4P":"5","2Q":"5","5R":"5","4F":"5","3J":"5","5M":"5","4Q":"5","2H":"5","6M":"5","3R":"5","2R":"5","2W":"5","3X":"5","3W":"5","3G":"5","5Q":"5","5W":"5"},"PF":{"RW":"5","PP":"5","PM":"5","MM":"5"},"GR":{"9R":"5","8W":"5","7W":"5","7V":"5","8V":"5","5R":"5","5Q":"5"},"CF":{"X3":"5","W2":"5","X2":"5"},"FF":{"32":"5","24":"5","52":"5","42":"5","44":"5","53":"5","34":"5","22":"5","33":"5","23":"5","43":"5"},"QR":{"XV":"5"},"27":{"7J":"5"},"GV":{"64":"5","92":"5"},"79":{"P8":"5","H8":"5","W7":"5","J5":"5","M8":"5","M5":"5","R8":"5","V6":"5","M6":"5","Q7":"5","R5":"5","R7":"5","X9":"5","X8":"5","W5":"5","P4":"5","V8":"5","Q6":"5","G6":"5","V5":"5","H5":"5","F5":"5","P7":"5","J4":"5","V4":"5","R6":"5","H6":"5","G4":"5","X5":"5","V7":"5","F7":"5","H7":"5","J6":"5","J8":"5","W9":"5","W8":"5","J7":"5","F6":"5","G5":"5","M7":"5","M4":"5","Q8":"5","W6":"5","W4":"5","P6":"5","G7":"5","X7":"5","H4":"5","Q5":"5","R4":"5","Q4":"5","P5":"5","X6":"5"}},"57":{"82":{"HW":"5"},"35":{"GC":"4"},"P8":{"J8":"4"},"25":{"J5":"5","G8":"5","89":"5","J6":"5"}},"89":{"4H":{"HG":"5","X4":"5","X5":"5"},"5H":{"JX":"4","6Q":"5","FX":"5","5Q":"5","39":"5"},"5J":{"82":"5","P6":"5"}},"75":{"87":{"2H":"4"},"26":{"87":"4"}},"66":{"7Q":{"2V":"5","GX":"5","HW":"5","3R":"5","HX":"5","GW":"5"},"23":{"XF":"5"},"33":{"2Q":"5"},"5R":{"Q4":"5","49":"5","89":"5","79":"5"},"2V":{"J8":"5"},"X3":{"5M":"4"},"QG":{"XV":"5","XR":"5"},"7M":{"RW":"5","QW":"5","QV":"5","VW":"5"},"5P":{"C4":"5"},"6Q":{"XX":"5","FV":"5","X7":"5","9V":"5","WW":"5","8R":"5","JR":"4","GW":"5","9R":"4|5","3J":"5","CW":"5","9W":"5","6R":"5","8V":"5","7X":"5","3X":"5","6V":"5","4X":"5","7R":"5"},"9J":{"X2":"5"},"F5":{"6M":"5"},"JM":{"GC":"4"},"7R":{"C5":"4","W5":"4","53":"4","V8":"4","23":"4"},"6P":{"FW":"5"},"9H":{"2J":"5","9G":"5","RX":"5","VX":"5","JM":"5","GG":"5","7G":"5"},"JP":{"PP":"4","CW":"4"},"5M":{"HM":"5"},"8H":{"WJ":"5","VM":"5"},"4R":{"M8":"5","R2":"5","V2":"5"},"QJ":{"WR":"4"},"6R":{"H3":"5","48":"5","73":"5","57":"5","V3":"5","V4":"5"},"5C":{"HX":"5"},"4Q":{"PP":"5","VR":"5","QP":"5","PM":"5"},"5Q":{"PP":"5","8P":"5","3R":"5","PQ":"5","6Q":"5","7Q":"5"},"RG":{"V2":"5","R3":"5"},"3P":{"MV":"5"}},"36":{"9X":{"5M":"4"},"WJ":{"HR":"5"},"7W":{"PR":"4"},"QG":{"8P":"5"},"V6":{"VG":"5"},"VV":{"GW":"5"},"QC":{"QG":"5"},"9V":{"MQ":"5"},"Q6":{"8W":"5"},"JX":{"QJ":"5"},"CW":{"22":"5"},"P7":{"85":"5"},"V4":{"7W":"5","7V":"5","6Q":"5","7R":"5"},"XX":{"VJ":"5","P6":"5","WH":"5","VH":"5","MQ":"5","V4":"5"},"6W":{"R2":"5","V2":"5","W4":"5"},"CV":{"5M":"5","2R":"5","6J":"5"},"P2":{"9H":"5"},"XV":{"6X":"5"},"MW":{"JM":"5"},"MX":{"JQ":"5"},"VW":{"J2":"5","P2":"5","M2":"5"},"8C":{"H7":"5","74":"5"},"VX":{"QM":"5","VJ":"5","WH":"5","QP":"5","WJ":"5"},"6V":{"RX":"5","VX":"5","RV":"5"},"PX":{"77":"5","9F":"5","65":"5"},"RG":{"MR":"5"},"8W":{"35":"5","86":"5","77":"5"}},"82":{"8G":{"5X":"5"},"9M":{"P4":"5"},"8M":{"C2":"5"},"8F":{"VF":"5"},"8C":{"88":"5"},"X8":{"G2":"5"}},"37":{"W6":{"V8":"4"},"R2":{"VM":"5"},"V2":{"W4":"5","6H":"5"},"J3":{"W7":"4"},"93":{"VQ":"4"},"X3":{"4W":"5","4F":"5","M4":"5","4M":"5","CP":"5","CQ":"5","3F":"5","3P":"5","8R":"5","P2":"5","JM":"5","5W":"5","7V":"5","57":"5","48":"5","6F":"5","MC":"5","7X":"5","FG":"5","9Q":"5"},"W3":{"RW":"5","CF":"5","CG":"5","QW":"5","VX":"5","9F":"5"},"V8":{"F5":"4"},"Q3":{"PH":"5","PG":"5"},"W4":{"MG":"5","PC":"5","W7":"5","M8":"5","X3":"5","P9":"5","R8":"5","RJ":"5","JF":"5","Q7":"5","V2":"5","RC":"5","QC":"5","V8":"5","VC":"5","PG":"5","PJ":"5","V9":"5","JG":"5","JC":"5","QF":"5","WH":"5","MC":"5","PH":"5","J8":"5","MH":"4","QH":"5","MF":"5","PF":"5","Q9":"5","WF":"5","R9":"5","H9":"5"},"V3":{"MC":"5","JC":"5","J9":"5","9X":"5"},"V6":{"XC":"4"},"Q2":{"GM":"5"},"X4":{"JW":"5","JV":"5","RV":"5","PV":"5","QV":"5","3F":"5","7J":"5","RX":"5","6H":"5","2F":"5","65":"5","WW":"5","QX":"5","RH":"5","JX":"5","MV":"5","2G":"5","XX":"5","GX":"5","3J":"5","HW":"5","MW":"5","MX":"5","VW":"5","PW":"5","HX":"5","VX":"5","QW":"5","WX":"5","RW":"5","PX":"5","7H":"5","GW":"5"},"X5":{"M3":"5","W2":"5","J2":"5","V2":"5","Q3":"5","P4":"5","H2":"5","W3":"5","V4":"5","M2":"5","V3":"5","Q2":"5","P2":"5","P3":"5","R3":"5","R2":"5","J3":"5","R4":"5","Q4":"5"},"X8":{"M3":"4"},"W2":{"QM":"5","PP":"5","MP":"5","XG":"5","RP":"5","WF":"5","XF":"5","7V":"5","WG":"5","RM":"5","98":"5"},"X2":{"9R":"5","FP":"5","H5":"5","9W":"5","PF":"5","2R":"5","H8":"5","H4":"5"},"R3":{"X9":"5","XQ":"5"}},"74":{"M3":{"V6":"4"},"8J":{"64":"5","74":"5"},"J6":{"78":"4"},"2V":{"R7":"5","V7":"5"},"V3":{"6F":"4"},"H6":{"HR":"4"},"5W":{"37":"4","JX":"4"},"G6":{"P3":"5","P4":"5","R3":"5"},"5V":{"9V":"4","7P":"4"},"85":{"FH":"5"},"32":{"6F":"5","6G":"5","5G":"5","6C":"5"},"4V":{"FG":"4"},"3R":{"5W":"4"}},"83":{"9F":{"28":"4"},"6G":{"MC":"5","W2":"5"},"59":{"RW":"5","23":"5"},"3F":{"RW":"5"},"8F":{"2J":"4"},"6F":{"XP":"5","VV":"5","X7":"5","PH":"5","WC":"5","PR":"5","QH":"5","G9":"5","H7":"5","QQ":"5","VG":"5","X3":"5","JM":"5","QV":"5","XM":"5","W9":"5"},"49":{"CF":"5","8P":"5","JM":"5"},"39":{"FR":"5"},"5F":{"XV":"5"},"7G":{"5M":"5","83":"5","62":"5","F3":"5","M9":"4","X6":"4","P7":"4"},"7C":{"6G":"5","5F":"5","3F":"5","6J":"5"},"29":{"8H":"5","7H":"5"},"5G":{"R5":"5","QC":"5"},"3J":{"W6":"5","P6":"5","X6":"5","X5":"5","59":"5","X8":"5"},"69":{"HW":"5"},"78":{"7W":"5","6X":"5"},"7F":{"9C":"5","38":"5","G5":"5","83":"5","2Q":"5","GH":"5","2C":"5","5H":"5","84":"5","QF":"4","CJ":"5","9R":"5","47":"5","GG":"5","HH":"5","CC":"5","88":"5","6G":"5","2M":"5","93":"5","GJ":"5","M5":"5","94":"5"},"4H":{"2W":"5"},"CC":{"JM":"4"},"8C":{"47":"5"},"5C":{"55":"5"},"6C":{"43":"5","MJ":"5","3G":"5"},"86":{"MQ":"5"},"4G":{"6W":"5"}},"22":{"63":{"8X":"5"},"5G":{"68":"5","59":"5"}},"35":{"MH":{"6F":"5","7F":"5"},"4H":{"F3":"5"},"GQ":{"67":"5"},"J8":{"V8":"5","R3":"5"},"8M":{"VG":"5"},"R7":{"7W":"5","6X":"5","7X":"5","5X":"5"},"4G":{"F7":"5","9F":"5"},"P9":{"W8":"5"},"R8":{"64":"5","63":"5","62":"5"},"28":{"F6":"5","G6":"5"},"Q9":{"62":"5","P3":"5"},"5X":{"CP":"5"},"P7":{"GX":"5"}},"24":{"MP":{"R8":"5","V8":"5","W8":"5"},"J2":{"73":"5","G2":"5"},"96":{"FV":"5"},"FP":{"45":"5","55":"5"},"7H":{"23":"5"},"6H":{"X2":"5"},"67":{"Q2":"5"},"85":{"47":"5"},"98":{"F8":"5","G8":"5"},"97":{"P3":"5"}},"45":{"P2":{"4J":"5"},"8H":{"R5":"5"},"M2":{"PH":"5"},"V5":{"RP":"5"},"9H":{"CC":"5"},"Q5":{"VG":"5","VF":"5"},"W7":{"98":"5"},"JF":{"58":"5"},"RV":{"XR":"5"},"J4":{"R4":"5","Q8":"5"},"84":{"MC":"5","JC":"5","M9":"5","MG":"5"}},"42":{"RM":{"99":"5","5M":"5","CC":"5","9C":"5","C9":"5"},"PM":{"3P":"5"},"V6":{"8H":"5"},"QJ":{"R6":"5","4J":"5"},"WC":{"8M":"5"},"QP":{"6Q":"5","6P":"5"},"CP":{"8C":"5","9C":"5"},"CQ":{"89":"5"},"Q7":{"Q8":"5"},"WX":{"3W":"5"},"F7":{"69":"5","GF":"5"},"C8":{"HF":"5"},"QM":{"QM":"5","QP":"5","RM":"5","9F":"5","XH":"5"}},"32":{"RM":{"9V":"5"},"WV":{"HJ":"5","GH":"5","PG":"5"},"MM":{"96":"5"}},"25":{"78":{"2V":"5"},"H9":{"HG":"5","R9":"5","W9":"5","WC":"5"},"68":{"XV":"5","XR":"5"},"R8":{"JJ":"5"},"MG":{"MC":"5"},"JH":{"MJ":"5"},"6J":{"7X":"5"}},"64":{"MJ":{"96":"5","RH":"5","VH":"5","QG":"5","WH":"5","83":"5","HG":"5","GF":"5","84":"5","PG":"5","RG":"5","F8":"5","62":"5","C6":"5","72":"5","JG":"5","C8":"5","95":"5","GG":"5","MG":"5","WJ":"5","FC":"5","85":"5","F9":"5","XJ":"5","FF":"5","C7":"5","73":"5"},"FF":{"QW":"5","QX":"5","RW":"5","XV":"5","FX":"5","PX":"5","JX":"5","WW":"5","XW":"5","MX":"5","VW":"5","GX":"5","HX":"5"},"RX":{"H5":"5"},"6F":{"MJ":"5","WJ":"5","M8":"5","F4":"5","JF":"5","C3":"5","C2":"5","XJ":"5","92":"5","RH":"5","H5":"5","M9":"5","PJ":"5","JG":"5","82":"5","H6":"5","G4":"5","WH":"5","XP":"5","H7":"5","MC":"5","J8":"5","XM":"5","MH":"5","VH":"5","QH":"5","QJ":"5","JH":"5","J7":"5","MF":"5","G5":"5","F3":"5"},"7G":{"W5":"5","M3":"5","Q2":"5","P3":"5","V5":"5","Q3":"5","H2":"5","H3":"5","R3":"5","X5":"5","J3":"5","R4":"5","P2":"5","V4":"5","G2":"5"},"8G":{"56":"5","P8":"5","95":"5","76":"5","H8":"5","M8":"5","96":"5","R8":"5","Q7":"5","X9":"5","V8":"5","G6":"5","F5":"5","P7":"5","66":"5","35":"5","H7":"5","45":"5","C5":"5","J8":"5","W9":"5","25":"5","W8":"5","F6":"5","Q8":"5","G7":"5","46":"5","86":"5"},"PJ":{"7Q":"5","RV":"5","9Q":"5","2J":"5","FQ":"5","QV":"5","7P":"5","PR":"5","JR":"5","QR":"5","VV":"5","MR":"5","GR":"5","4J":"5","8Q":"5","HR":"5","GQ":"5","6P":"5","WV":"5","3J":"5","4M":"5","XV":"5","5M":"5","RW":"5","CQ":"5","6M":"5"},"29":{"4X":"5","2X":"5","3X":"5","6X":"5","7X":"5","5X":"5"},"JG":{"2X":"5"},"9G":{"J9":"5","P8":"5","9F":"5","4F":"5","W7":"5","M8":"5","R8":"5","8F":"5","6F":"5","5F":"5","7G":"5","8G":"5","V8":"5","CF":"5","G9":"5","29":"5","4C":"5","3C":"5","J8":"5","7F":"5","W8":"5","CC":"5","FC":"5","Q8":"5","GC":"5","X7":"5","H9":"5","2C":"5"},"FG":{"C2":"5","33":"5","43":"5","53":"5","92":"5","23":"5","63":"5","62":"5","72":"5","82":"5","F2":"5"},"4C":{"5F":"5","RM":"5","9G":"5","4F":"5","3C":"5","QJ":"5","JH":"5","GH":"5","2C":"5","3F":"5","8G":"5","PJ":"5","CG":"5","VM":"5","GG":"5","HH":"5","6F":"5","WM":"5","6G":"5","7G":"5","MH":"5","MJ":"5","FG":"5","XM":"5","QM":"5"},"RM":{"53":"5","55":"5"},"GF":{"7Q":"5","MG":"5","XR":"5","GM":"5","5R":"5","2V":"5","9M":"5","CM":"5","RJ":"5","6Q":"5","7P":"5","WQ":"5","4V":"5","GJ":"5","VP":"5","FM":"5","3V":"5","RH":"5","XQ":"5","JG":"5","9P":"5","HH":"5","PH":"5","RM":"5","XV":"5","5V":"5","8P":"5","HG":"5","MH":"5","QH":"5","6R":"5","VM":"5","WP":"5","GH":"5","RG":"5"},"3C":{"C8":"5","J9":"5","P9":"5","F9":"5","27":"5","88":"5","26":"5","57":"5","G9":"5","M9":"5","V9":"5","WC":"5","37":"5","98":"5","XC":"5","C9":"5","78":"5","W9":"5","67":"5","68":"5","Q9":"5","R9":"5","H9":"5","47":"5"},"HG":{"56":"5","PP":"5","RV":"5","43":"5","33":"5","GG":"5","FF":"5","HJ":"5","54":"5","44":"5","77":"5","99":"5","QR":"5","VV":"5","WW":"5","88":"5","55":"5","CF":"5","89":"5","JM":"5","66":"5","XX":"5","HH":"5","FG":"5","XW":"5","PQ":"5","32":"5","MP":"5","QQ":"5","VW":"5","78":"5","9C":"5","JJ":"5","RR":"5","MM":"5","67":"5","CC":"5","GH":"5"},"25":{"8X":"5","5P":"5","7H":"5","7Q":"5","6J":"5"},"7F":{"4W":"5","FX":"5","2Q":"5","4R":"5","7W":"5","3Q":"5","5W":"5","CX":"5","CW":"5","9W":"5","8W":"5","GX":"5","8V":"5","2P":"5","4V":"5","6W":"5","3R":"5"},"MH":{"2Q":"5","5W":"5","3R":"5","4V":"5","6X":"5","4R":"5","5V":"5","2R":"5","5X":"5"},"QJ":{"2V":"5","8X":"5","5W":"5","4V":"5","8W":"5","7W":"5","6W":"5","CX":"5","3V":"5","5V":"5","9X":"5"},"JH":{"C8":"5","MG":"5","43":"5","76":"5","F9":"5","RJ":"5","54":"5","JF":"5","97":"5","53":"5","65":"5","87":"5","G9":"5","RH":"5","PG":"5","XQ":"5","75":"5","JC":"5","98":"5","22":"5","XP":"5","VJ":"5","42":"5","PH":"5","C9":"5","32":"5","WM":"5","QH":"5","64":"5","MF":"5","HC":"5","VM":"5","WP":"5","H9":"5","86":"5"},"HF":{"2V":"5","3X":"5","2W":"5","3W":"5"},"85":{"JX":"5"},"5C":{"XR":"5","WJ":"5","RJ":"5","7J":"5","2P":"5","2M":"5","FJ":"5","GJ":"5","9J":"5","RH":"5","XQ":"5","3M":"5","CJ":"5","XP":"5","HH":"5","VJ":"5","4M":"5","PH":"5","XV":"5","WM":"5","5M":"5","MH":"5","5J":"5","QH":"5","6J":"5","JH":"5","8J":"5","WP":"5","GH":"5"},"CG":{"37":"5","66":"5","96":"5","W4":"5","56":"5","Q4":"5","G5":"5","76":"5","J5":"5","P4":"5","X3":"5","R4":"5","86":"5","C6":"5","V4":"5","H5":"5","47":"5","57":"5","P5":"5","F5":"5","C5":"5","X4":"5","M5":"5","27":"5"},"6C":{"2V":"5","8X":"5","3V":"5","4R":"5","7W":"5","2W":"5","3W":"5","5W":"5","5V":"5","7X":"5","4V":"5","6W":"5","9Q":"5"},"2C":{"Q6":"5","V6":"5","R6":"5","J7":"5","83":"5","H7":"5","84":"5","P6":"5","H6":"5","72":"5","W6":"5","G6":"5","95":"5","M7":"5","F6":"5","F5":"5","X6":"5","P7":"5","C5":"5","73":"5","94":"5"}},"62":{"RP":{"23":"5"},"V7":{"F9":"5"},"WM":{"4Q":"5"},"G7":{"WP":"5","WM":"5"},"CJ":{"83":"5"},"QJ":{"3Q":"5","4Q":"5","4P":"5"}},"67":{"73":{"88":"4"}},"46":{"7Q":{"38":"5","2F":"5","48":"5","5G":"5","5F":"5"},"33":{"5H":"5","6H":"5","5J":"5"},"P9":{"6Q":"5"},"5P":{"4V":"5","3M":"5"},"XG":{"CP":"5","CM":"5"},"C2":{"JF":"5"},"P4":{"J4":"5"},"88":{"4V":"5","4R":"5","5V":"5","5R":"5"},"2Q":{"3R":"5"},"HW":{"X5":"5"},"2X":{"24":"5","46":"5","52":"5","35":"5","37":"5","56":"5","23":"5","45":"5","55":"5","26":"5","36":"5"},"8M":{"VH":"5"},"MM":{"C8":"5"},"2W":{"9G":"5","8F":"5","8H":"5","8G":"5","9F":"5","6J":"5","5J":"5","7G":"5","9H":"5"},"4Q":{"7V":"5","7R":"5"},"Q4":{"8F":"5","FC":"5","HC":"5","H8":"5"},"5Q":{"35":"5"}},"47":{"43":{"7W":"5"},"W7":{"73":"4"},"V6":{"23":"5"},"34":{"69":"5","6C":"5","59":"5","58":"5","57":"5","5C":"5","CR":"5"},"53":{"8V":"5","9Q":"5","5R":"5"},"W5":{"34":"5","V4":"5","36":"5","65":"5"},"65":{"J7":"5"},"55":{"Q6":"5","34":"5","36":"5"},"V5":{"QG":"5"},"75":{"4G":"5"},"36":{"3M":"4"},"V4":{"GM":"5","H9":"5","H8":"5","JH":"5","J7":"5","P6":"5","MC":"5","GJ":"5","HC":"5","J8":"5","99":"5"},"37":{"29":"4"},"22":{"8G":"5","7G":"5","7H":"5","8H":"5","7J":"5"},"X4":{"5V":"5","6V":"5"},"35":{"QG":"5","55":"5"},"V3":{"32":"5"},"45":{"C2":"5","C9":"5","83":"5","92":"5","84":"5","74":"5","F3":"5","C6":"5","95":"5","F6":"5","F5":"5","F4":"5","85":"5","82":"5","C5":"5","X4":"5","73":"5","C3":"5"},"25":{"RC":"5"},"64":{"G3":"5"},"W6":{"PC":"4"}}}}