{"index":{"university,1|retail,2|tourism,3|wreck,4|historical,5|artsCulture,6|namedBuilding,7|water,8|wetland,9|park,10|beach,11|natureReserve,12|cemetery,13|trail,14":{}},"6C":{"W8":{"MR":{"P7":"5"},"JQ":{"XJ":"5","WH":"5","WP":"5","WQ":"5"},"FP":{"MR":"5"},"CV":{"69":"5","38":"5","53":"5","67":"5","59":"5","26":"5","52":"5","47":"5","58":"5","57":"5","48":"5","68":"5","79":"5"},"FQ":{"JG":"5"},"CP":{"WR":"5"},"9V":{"PC":"5","R8":"5","QG":"5","R7":"5","X9":"5","GP":"5","HM":"5","X8":"5","XG":"5","QC":"5","V8":"5","PG":"5","WC":"5","R6":"5","QF":"5","V7":"5","JP":"5","MP":"5","W9":"5","RF":"5","XF":"5","PF":"5","WF":"5","WG":"5","RG":"5"},"HX":{"C5":"5","C6":"5"}},"RM":{"2V":{"GH":"5"},"VH":{"XR":"5","H2":"5","Q2":"5"}},"RV":{"5M":{"WH":"5","VH":"5"},"MC":{"7C":"5"},"7M":{"FM":"5"},"RF":{"3H":"5","4Q":"5","3J":"5","4P":"5"},"P7":{"9Q":"5"}},"PG":{"XX":{"W6":"4","W5":"4","V5":"4","V6":"4"}},"VG":{"JG":{"HC":"5"},"7M":{"42":"5","43":"5","53":"5","64":"5","44":"5","63":"5","52":"5","73":"5","54":"5","65":"5"}},"WW":{"27":{"X9":"5"}},"VJ":{"CC":{"5W":"5","3V":"5"},"HH":{"J8":"5"}},"RF":{"78":{"6Q":"5"},"C8":{"P3":"5"},"88":{"8M":"5","7M":"5","7P":"5","6M":"5"},"5H":{"F6":"5"},"Q5":{"M3":"5","M4":"5"},"RM":{"98":"5"}},"RP":{"X7":{"G7":"5"}},"XC":{"67":{"HF":"5","HC":"5"}},"VQ":{"M2":{"W4":"5","V3":"5","R3":"5","X3":"5","R4":"5","W3":"5","V4":"5","X4":"5"},"3F":{"CW":"5"}},"PW":{"W6":{"5W":"5"},"Q3":{"V3":"5","V4":"5"},"W7":{"MR":"5","C4":"5"}},"WV":{"57":{"FQ":"5"}},"XW":{"64":{"CR":"5"},"35":{"PH":"5"},"8X":{"7J":"5"},"CW":{"JM":"5","JJ":"5"}},"XV":{"W5":{"R4":"5"}},"XX":{"C5":{"27":"5","2P":"5","98":"5"},"C4":{"9G":"5"}},"VR":{"32":{"4G":"5","28":"5"}},"PM":{"XW":{"39":"5"},"Q8":{"CW":"5"}},"VC":{"HJ":{"3X":"5"}},"XQ":{"49":{"XR":"5","XQ":"5"}},"QX":{"GQ":{"QR":"5"},"77":{"PC":"5"},"9G":{"P6":"5","Q6":"5","Q5":"5"},"HR":{"H7":"5","53":"5","P8":"5"},"PQ":{"WJ":"5"},"JQ":{"7G":"5","95":"5"},"W2":{"G5":"5"},"JR":{"3F":"5","3G":"5"},"MX":{"GM":"5"},"89":{"WC":"5"},"HM":{"GR":"5"},"JV":{"GV":"5"},"GR":{"X8":"5","X9":"5","X7":"5","X5":"5","W7":"5","W8":"5","X4":"5","W9":"5"},"WV":{"74":"5","92":"5"},"R2":{"P2":"5"},"HQ":{"9M":"5","9P":"5","6C":"5"},"MR":{"48":"5","26":"5"}},"WP":{"68":{"8G":"5"}},"WX":{"HF":{"HJ":"5","JH":"5"},"6V":{"3F":"5","39":"5"}},"PV":{"XC":{"P6":"5","P5":"5"},"VQ":{"94":"5"},"QV":{"R8":"5"}},"47":{"3H":{"CQ":"5","CV":"5","FQ":"5","FV":"5","CP":"5"},"3J":{"99":"5"}},"WM":{"3R":{"94":"5"}},"WG":{"C6":{"HW":"5"},"GF":{"6F":"5","8F":"5","8C":"5"}},"WC":{"Q5":{"37":"5","47":"5"}},"VX":{"XX":{"3Q":"5"}},"QW":{"2G":{"X6":"5"},"4Q":{"55":"5"},"72":{"W6":"5","X6":"5","X2":"5"},"3J":{"PX":"5","MX":"5"},"5W":{"R4":"5","V4":"5"},"MP":{"WC":"5"},"5V":{"FJ":"5"},"3H":{"55":"5"},"82":{"75":"5"},"3G":{"26":"5"}},"QH":{"3W":{"52":"5"}},"RW":{"M9":{"X9":"5","QG":"5","PR":"5","QP":"5","74":"5","RG":"5","CW":"5","XJ":"5","JF":"5"},"VJ":{"22":"5"},"GH":{"FF":"5","2X":"5","3R":"5","8X":"5","5J":"5","FM":"5","CC":"5","MC":"5","HG":"5","PH":"5","9X":"5","39":"5","QX":"5","3H":"5","2C":"5","HH":"5","8P":"5","FH":"5","C9":"5","9M":"5","57":"5","C6":"5","8H":"5","7M":"5","9W":"5","7R":"5","77":"5","4Q":"5","24":"5","CP":"5","38":"5","3Q":"5","GG":"5","6F":"5","FV":"5","56":"5","CF":"5","44":"5","27":"5","2R":"5","G7":"5","87":"5","3X":"5","29":"5","FR":"5","47":"5","3M":"5","FC":"5","75":"5","JJ":"5","F7":"5","PV":"5","6P":"5","CQ":"5","5Q":"5","7F":"5","6R":"5","C8":"5","GC":"5","FP":"5","G8":"5","HM":"5","GV":"5","5P":"5","9H":"5","65":"5","FQ":"5","GF":"5","7C":"5","3C":"5","54":"5","43":"5","JC":"5","5F":"5","66":"5","6X":"5","RW":"5","99":"5","23":"5","8M":"5","28":"5","4W":"5","J9":"5","33":"5","9P":"5","58":"5","HJ":"5","64":"5","2G":"5","6V":"5","46":"5","QR":"5","PF":"5","5W":"5","9F":"5","5H":"5","F9":"5","4H":"5","8G":"5","5G":"5","88":"5","5X":"5","85":"5","PM":"5","86":"5","MP":"5","3P":"5","JH":"5","7P":"5","97":"5","9R":"5","8C":"5","9Q":"5","95":"5","GH":"5","78":"5","5R":"5","3G":"5","JP":"5","GX":"5","HR":"5","59":"5","2W":"5","H7":"5","4C":"5","F8":"5","2H":"5","2P":"5","H9":"5","7Q":"5","CM":"5","JF":"5","MX":"5","FJ":"5","69":"5","4V":"5","34":"5","PJ":"5","3J":"5","PP":"5","HX":"5","96":"5","MJ":"5","9J":"5","QQ":"5","7J":"5","HC":"5","J8":"5","7X":"5","CR":"5","GR":"5","MM":"5","2V":"5","GQ":"5","MR":"5","CJ":"5","9V":"5","CG":"5","MH":"5","6Q":"5","4R":"5","8W":"5","5C":"5","89":"5","MF":"5","79":"5","QV":"5","4M":"5","6M":"5","QW":"5","8R":"5","GM":"5","JX":"5","JG":"5","48":"5","98":"5","PQ":"5","8F":"5","8V":"5","8Q":"5","4X":"5","36":"5","F6":"5","HW":"5","3F":"5","8J":"5","4F":"5","CH":"5","RV":"5","HP":"5","6H":"5","74":"5","HV":"5","CX":"5","HQ":"5","9C":"5","5V":"5","MQ":"5","CW":"5","JV":"5","G6":"5","6C":"5","7G":"5","MV":"5","JQ":"5","MG":"5","FW":"5","76":"5","25":"5","6W":"5","7V":"5","FG":"5","4J":"5","6J":"5","26":"5","HF":"5","PG":"5","6G":"5","PC":"5","9G":"5","GP":"5","4P":"5","FX":"5","2J":"5","49":"5","2F":"5","GJ":"5","67":"5","37":"5","3W":"5","35":"5","68":"5","MW":"5","JM":"5","G9":"5","C7":"5","4G":"5","55":"5","JR":"5","7W":"5","PR":"5","CV":"5","PW":"5","2Q":"5","3V":"5","H8":"5","JW":"5","7H":"5","45":"5","5M":"5","2M":"5","PX":"5","GW":"5"},"PC":{"52":"5","4M":"5","3M":"5"},"M8":{"X6":"5","5G":"5"},"P8":{"XV":"5"},"FH":{"VP":"5","RW":"5","MH":"5","FM":"5","W6":"5","FC":"5","J4":"5","PQ":"5","VX":"5","GR":"5","C8":"5","H6":"5","V8":"5","G7":"5","RH":"5","W5":"5","GG":"5","XM":"5","F6":"5","WH":"5","M7":"5","M8":"5","H4":"5","Q9":"5","HM":"5","WG":"5","RR":"5","HQ":"5","X3":"5","P3":"5","GC":"5","RG":"5","PP":"5","FV":"5","J3":"5","GQ":"5","QJ":"5","WV":"5","JX":"5","VR":"5","H8":"5","QM":"5","JH":"5","MQ":"5","VC":"5","FW":"5","R9":"5","V3":"5","HH":"5","Q3":"5","H9":"5","R3":"5","MF":"5","RX":"5","V7":"5","M5":"5","QH":"5","RC":"5","FF":"5","P4":"5","MG":"5","G9":"5","XH":"5","P7":"5","XV":"5","MM":"5","QF":"5","MW":"5","PW":"5","JQ":"5","F7":"5","MX":"5","GX":"5","HW":"5","JJ":"5","V5":"5","JC":"5","PC":"5","X4":"5","X9":"5","Q6":"5","WJ":"5","JG":"5","JV":"5","P5":"5","VW":"5","RV":"5","MR":"5","HX":"5","WF":"5","X7":"5","X5":"5","W4":"5","M3":"5","Q7":"5","FX":"5","GP":"5","CX":"5","RM":"5","VH":"5","XG":"5","XJ":"5","QG":"5","VJ":"5","VQ":"5","R5":"5","HJ":"5","G5":"5","WR":"5","QX":"5","FG":"5","V9":"5","CG":"5","JM":"5","WC":"5","RF":"5","J6":"5","PG":"5","GV":"5","X8":"5","P9":"5","W9":"5","J9":"5","XF":"5","GH":"5","RJ":"5","HR":"5","FJ":"5","G6":"5","VM":"5","F8":"5","XP":"5","H5":"5","Q5":"5","PR":"5","FH":"5","QW":"5","XQ":"5","W3":"5","QR":"5","JW":"5","MJ":"5","FR":"5","R4":"5","R8":"5","PM":"5","Q4":"5","H7":"5","M9":"5","Q8":"5","GJ":"5","XC":"5","P8":"5","HG":"5","J7":"5","MP":"5","WP":"5","XX":"5","PH":"5","VG":"5","WX":"5","VV":"5","FQ":"5","J8":"5","QC":"5","HP":"5","R7":"5","J5":"5","GF":"5","JP":"5","W7":"5","V6":"5","M6":"5","XW":"5","HV":"5","PX":"5","JR":"5","FP":"5","MC":"5","WM":"5","M4":"5","PF":"5","MV":"5","CF":"5","G8":"5","GM":"5","W8":"5","QQ":"5","GW":"5","P6":"5","WW":"5","HC":"5","RP":"5","F9":"5","WQ":"5","PV":"5","RQ":"5","HF":"5","XR":"5","CH":"5","VF":"5","JF":"5","QP":"5","PJ":"5","R6":"5","X6":"5","QV":"5","V4":"5"},"MC":{"MH":"5","9M":"5","PH":"5"},"GJ":{"89":"5","83":"5","32":"5","FC":"5","95":"5","J4":"5","F3":"5","26":"5","5C":"5","C8":"5","H6":"5","72":"5","G7":"5","39":"5","G2":"5","F6":"5","H4":"5","69":"5","73":"5","86":"5","P3":"5","78":"5","C5":"5","7G":"5","J3":"5","2C":"5","G3":"5","Q3":"5","38":"5","54":"5","43":"5","48":"5","22":"5","75":"5","C3":"5","53":"5","4G":"5","6C":"5","H3":"5","62":"5","57":"5","6F":"5","P4":"5","36":"5","49":"5","G9":"5","96":"5","55":"5","28":"5","F7":"5","F4":"5","F2":"5","C9":"5","68":"5","52":"5","C4":"5","24":"5","4F":"5","74":"5","29":"5","76":"5","58":"5","CC":"5","5F":"5","M3":"5","2F":"5","45":"5","H2":"5","98":"5","93":"5","G5":"5","84":"5","65":"5","79":"5","3C":"5","33":"5","8C":"5","44":"5","J6":"5","8G":"5","63":"5","7C":"5","67":"5","64":"5","34":"5","9C":"5","92":"5","G6":"5","P2":"5","F8":"5","Q2":"5","H5":"5","8F":"5","3G":"5","23":"5","46":"5","99":"5","C2":"5","97":"5","35":"5","H7":"5","56":"5","F5":"5","59":"5","82":"5","J2":"5","87":"5","9F":"5","37":"5","C7":"5","M2":"5","25":"5","J5":"5","85":"5","47":"5","27":"5","3F":"5","M4":"5","G8":"5","4C":"5","F9":"5","66":"5","77":"5","94":"5","7F":"5","G4":"5","42":"5","88":"5","C6":"5","4H":"5","2G":"5"},"FJ":{"W8":"5","Q4":"5","J3":"5","R9":"5","P6":"5","MC":"5","R8":"5","V6":"5","H7":"5","RC":"5","M8":"5","P3":"5","Q2":"5","X9":"5","X2":"5","P5":"5","F5":"5","G6":"5","P7":"5","V4":"5","F6":"5","W2":"5","J9":"5","PF":"5","RF":"5","M4":"5","G7":"5","XC":"5","WF":"5","Q8":"5","R5":"5","Q9":"5","M2":"5","X4":"5","F3":"5","X5":"5","X3":"5","W5":"5","R7":"5","JC":"5","VC":"5","M3":"5","X6":"5","V7":"5","J8":"5","P8":"5","C3":"5","J2":"5","G4":"5","QF":"5","M5":"5","R6":"5","P9":"5","P2":"5","M9":"5","C4":"5","H9":"5","H3":"5","WC":"5","Q5":"5","V8":"5","H2":"5","F2":"5","V5":"5","H6":"5","J4":"5","PC":"5","G2":"5","Q3":"5","H4":"5","X8":"5","G3":"5","Q7":"5","XF":"5","W7":"5","C2":"5","R2":"5","R4":"5","Q6":"5","M7":"5","F7":"5","J6":"5","V3":"5","G8":"5","MF":"5","W9":"5","W3":"5","F4":"5","M6":"5","VF":"5","X7":"5","W4":"5","W6":"5","QC":"5","H5":"5","V9":"5","J5":"5","H8":"5","V2":"5","P4":"5","G5":"5","R3":"5","J7":"5","XG":"5","QG":"5"},"P9":{"4M":"5","3P":"5","3M":"5","2M":"5","6C":"5","4P":"5"}},"X8":{"H9":{"GJ":"5","Q9":"5"},"G8":{"C5":"5","F7":"5","F6":"5","G6":"5","C4":"5"},"G7":{"5P":"5","8P":"5","5W":"5","4M":"5","3P":"5","3M":"5","4P":"5","5Q":"5"},"J9":{"36":"5","2W":"5"},"G5":{"3W":"5"},"H8":{"5M":"5","CV":"5"}},"XP":{"F9":{"29":"5"}},"XJ":{"RC":{"9R":"5"}},"RQ":{"MQ":{"2W":"5"}},"WJ":{"4H":{"7J":"5"},"69":{"39":"5"}},"VH":{"49":{"82":"5"},"4F":{"3H":"5"},"RP":{"54":"5","44":"5"},"HF":{"FW":"5"},"63":{"GH":"5"},"PJ":{"8V":"5"},"62":{"3F":"5"},"P5":{"WH":"5"},"7R":{"9X":"5"}},"QQ":{"8J":{"88":"5","97":"5"},"64":{"PW":"5"},"8X":{"8J":"5","GJ":"5"},"62":{"96":"5","F7":"5"},"V5":{"VH":"5"},"9W":{"PF":"5"},"CX":{"PW":"5","CM":"5","4R":"5","JP":"5","6R":"5","5R":"5"},"7X":{"WW":"5"},"7V":{"V4":"4"},"FX":{"4H":"5","3G":"5"},"9X":{"7M":"5","2P":"5"}},"PJ":{"97":{"FM":"5"}},"W9":{"GW":{"7G":"5"}},"VV":{"9M":{"73":"5"},"8M":{"GJ":"5","MC":"5","CP":"5","VC":"5","HH":"5"},"FC":{"28":"5"},"2R":{"3M":"5"}},"QV":{"Q6":{"97":"5"},"7X":{"XX":"5"},"HX":{"6R":"5"},"R5":{"CJ":"5"},"36":{"7F":"5"}},"RR":{"PG":{"H7":"5"}},"VP":{"PX":{"37":"5"},"MX":{"QG":"5","M9":"5","V7":"5","PF":"5","X7":"5"},"MW":{"7J":"5","HG":"5","QQ":"5","7M":"5","9R":"5","GG":"5","M5":"5"}},"RX":{"F8":{"GV":"5"},"M7":{"H2":"5"},"J6":{"5F":"5","3C":"5","39":"5","5H":"5","6F":"5","5J":"5","29":"5","4G":"5","5M":"5"},"6J":{"8M":"5"}},"XM":{"VH":{"RP":"5"}},"RH":{"WF":{"88":"5"},"F2":{"RQ":"5"},"GP":{"93":"5"},"3V":{"J8":"5","H8":"5"}},"QR":{"82":{"5G":"5","2P":"5","4P":"5"},"96":{"HG":"5"},"83":{"M7":"5","M6":"5","R3":"5"},"72":{"QH":"5","9Q":"5"},"92":{"P6":"5","R5":"5","GM":"5"},"67":{"CG":"5","47":"5","49":"5","8C":"5"},"57":{"V8":"5","W7":"5","X7":"5"},"6C":{"RC":"5"},"66":{"9W":"5"},"94":{"8F":"5","68":"5"},"C2":{"3Q":"5","64":"5","77":"5","27":"5","79":"5"},"5R":{"HV":"5"},"97":{"J3":"5"}},"QG":{"2W":{"CR":"5"}}}}