{"6F":{"FJ":{"5P":{"RJ":"5"}},"3P":{"8F":{"JJ":"5","JH":"5","HH":"5"},"7H":{"FX":"5"},"9P":{"QH":"5","5H":"5"},"9V":{"V2":"5"},"7C":{"H9":"5","J9":"5"},"9G":{"2F":"5","3F":"5"},"7J":{"F2":"5","G2":"5"},"9Q":{"59":"5"}},"RV":{"FC":{"RX":"5"}},"MC":{"8M":{"V8":"5"},"PQ":{"X3":"5","M6":"5","J9":"5"},"QQ":{"4J":"5"}},"R8":{"4Q":{"J9":"5"},"6P":{"P3":"5"}},"PG":{"8G":{"QH":"5","2C":"5"},"7G":{"R5":"5"},"4F":{"VH":"5"},"G8":{"P3":"5"},"6G":{"W7":"5"},"9G":{"4J":"5"},"FF":{"95":"5"}},"V6":{"QF":{"JJ":"5"},"5P":{"9G":"5"},"RF":{"HM":"5","GM":"5"}},"F8":{"XG":{"XC":"5"}},"RC":{"57":{"9P":"5"}},"VM":{"8H":{"CG":"5","CF":"5","J7":"5"},"6J":{"22":"5"}},"Q2":{"RJ":{"F8":"5"},"Q2":{"P3":"5"}},"X9":{"2C":{"PX":"5"},"8Q":{"8W":"5"}},"8V":{"M9":{"GH":"5","MJ":"5"}},"VJ":{"VG":{"56":"5","55":"5","66":"5","65":"5"}},"4M":{"54":{"35":"5","45":"5"}},"FW":{"VM":{"PX":"5"}},"V4":{"52":{"JH":"5","P4":"5","PG":"5","JG":"5","MG":"5","PF":"5","MH":"5","M5":"5","MF":"5","JF":"5"},"53":{"QM":"5","6F":"5"},"9H":{"4X":"5"},"69":{"9R":"5"},"43":{"GR":"5"},"9J":{"56":"5"},"6C":{"G2":"5"}},"W2":{"8X":{"CG":"5","CH":"5","FG":"5","FF":"5"},"JC":{"QW":"5"},"HX":{"6G":"5"},"5X":{"MP":"5","JP":"5","MJ":"5"}},"GF":{"CF":{"47":"5","F4":"5"},"CC":{"5M":"5","R9":"5","5R":"5"},"FC":{"X5":"5"},"9C":{"RW":"5","RR":"5"},"9F":{"JR":"5"}},"PF":{"25":{"HJ":"5"},"4P":{"3V":"5"},"56":{"4H":"5","3V":"5","5J":"5"},"39":{"CC":"5"},"HF":{"WC":"5"},"3P":{"74":"5"},"26":{"73":"5","45":"5"},"WW":{"XV":"5","VM":"5"},"XW":{"7G":"5","5M":"5","6M":"5","2M":"5"},"57":{"3R":"5"},"2M":{"8X":"5","WP":"5","RM":"5","VP":"5"},"2P":{"X3":"5","JR":"5","W2":"5","X2":"5"}},"RP":{"PW":{"RR":"5"}},"XC":{"WW":{"25":"5"},"XV":{"4R":"5"},"WV":{"7M":"5","7P":"5"}},"GH":{"22":{"24":"5"}},"3M":{"47":{"MP":"5"},"8C":{"F8":"4","F7":"4","G8":"4","R8":"4","C7":"4","W7":"4","X7":"4|5"},"9H":{"X4":"5"},"56":{"H8":"5","MJ":"5","F9":"5","QV":"5","GG":"5","VC":"5","G9":"5","G8":"5","8Q":"5","PJ":"5","GQ":"5","3M":"5","VF":"5","HW":"5","RF":"5","QJ":"5","PF":"5","GW":"5","H9":"5"},"CP":{"W6":"5"},"9C":{"46":"4","37":"4|5","76":"4","86":"4","56":"4","66":"4"},"67":{"M6":"4","GP":"5","M5":"4"},"57":{"9M":"5","CM":"5","CJ":"5","9J":"5","59":"5"},"6C":{"RF":"5","RC":"5","VF":"5","VC":"5"}},"9G":{"MH":{"7W":"5","6W":"5"},"JJ":{"R9":"5"}},"GW":{"37":{"67":"5"},"26":{"HJ":"5","HH":"5"}},"2M":{"FX":{"H5":"5"}},"PW":{"9H":{"W5":"5","F7":"5","86":"5","W3":"5","7F":"5"},"9G":{"MP":"5"}},"JF":{"WW":{"Q4":"5","Q3":"5"}},"JH":{"35":{"M3":"5"},"W5":{"65":"5"},"56":{"CH":"5"},"W4":{"9W":"5","6X":"5"}},"Q8":{"G3":{"PF":"5"}},"XW":{"49":{"MM":"5"},"3C":{"JG":"5"}},"CV":{"35":{"7G":"5","GM":"5"},"34":{"VP":"5"},"57":{"H9":"5"},"36":{"63":"5"},"25":{"VJ":"5","25":"5"}},"WR":{"5F":{"VP":"5"}},"RJ":{"GJ":{"J8":"5","H8":"5","97":"5"}},"R5":{"G8":{"J8":"5"},"PG":{"26":"5","36":"5"},"RC":{"XJ":"5"},"CG":{"C6":"4"},"P6":{"G2":"5"},"M8":{"C7":"5"},"JG":{"82":"5"},"MQ":{"3V":"5"},"CH":{"C3":"4"},"C4":{"2Q":"4"},"F6":{"XX":"5"},"FH":{"XP":"5"},"F9":{"3R":"5"},"CF":{"C2":"4"},"CR":{"QM":"4"},"J8":{"3X":"5"},"HC":{"J5":"5"},"99":{"WF":"4","VV":"4","X9":"4","WC":"4","WH":"4","X5":"4","X3":"4","XC":"4","WM":"4","X6":"4"},"C7":{"4Q":"4"},"V2":{"R8":"5"}},"RG":{"22":{"58":"5"},"26":{"49":"5"}},"Q9":{"F2":{"VJ":"5","9R":"5"},"W4":{"75":"5"},"H2":{"Q8":"5"},"R3":{"24":"5"}},"GQ":{"2J":{"2H":"5"}},"X4":{"8J":{"RH":"5","QH":"5","F8":"5","F7":"5","G8":"5","V7":"5","G7":"5","QP":"5","R5":"5"}},"6Q":{"V3":{"FJ":"5"}},"X5":{"W6":{"P6":"5","P4":"5"}},"X3":{"PM":{"46":"5"},"G5":{"V9":"5","W9":"5"},"J7":{"R3":"5"},"2C":{"F9":"5"},"J3":{"6F":"5"},"H5":{"2C":"5","5J":"5","6J":"5"},"M6":{"53":"5","73":"5","55":"5"},"M7":{"7P":"5"},"M5":{"5W":"5","9C":"5"}},"VR":{"WJ":{"JQ":"5","R9":"5","RM":"5"},"4W":{"R7":"5","R9":"5","R8":"5","Q7":"5"}},"PM":{"6F":{"V3":"5","R3":"5"},"9H":{"JF":"5"},"6C":{"XV":"5"}},"R7":{"8J":{"CP":"5","MG":"5","XR":"5","RV":"5","9F":"5","H8":"5","XH":"5","9M":"5","P9":"5","FF":"5","VV":"5","W5":"5","9J":"5","FR":"5","8G":"5","CF":"5","M9":"5","JG":"5","VF":"5","JC":"5","WV":"5","VG":"5","WH":"5","9G":"5","XC":"5","HH":"5","MC":"5","C5":"5","GF":"5","XV":"5","J8":"5","HG":"5","8H":"5","JJ":"5","RF":"5","Q9":"5","P6":"5","WG":"5","R9":"5","H9":"5","P5":"5"},"8H":{"JW":"5"},"7P":{"3F":"5"},"9J":{"HR":"5","8P":"5","JV":"5","2R":"5"},"7G":{"PC":"5"},"9H":{"4M":"5","3M":"5","3F":"5","7J":"5"},"7H":{"XR":"5"}},"CR":{"QQ":{"8Q":"5"}},"VC":{"PG":{"GW":"5"}},"XQ":{"8R":{"22":"5"}},"MW":{"V2":{"H3":"5","J4":"5"},"PH":{"7P":"4"}},"HF":{"2G":{"29":"5"},"VR":{"4R":"5"},"HJ":{"M5":"5"},"VQ":{"CQ":"5","CP":"5","77":"5","GM":"5"},"RR":{"XV":"5","RC":"5","X8":"5"},"2H":{"4M":"5","4P":"5"}},"PH":{"38":{"6F":"5"},"Q6":{"4M":"5"},"29":{"GJ":"5","HH":"5"},"36":{"G6":"5"}},"P8":{"W7":{"W7":"5","X9":"5"},"WX":{"7M":"5"},"W8":{"XV":"5"}},"HR":{"J2":{"9W":"5"}},"7R":{"3W":{"X8":"5"}},"MJ":{"47":{"FG":"5","GG":"5","GF":"5","FF":"5"}},"QF":{"9R":{"8P":"5"},"GX":{"6W":"5"},"2X":{"W6":"5"},"FV":{"8J":"5"},"CX":{"C8":"5","JW":"5","FF":"5","VW":"5"},"RV":{"QQ":"5"},"9X":{"W7":"5","W8":"5"}},"P9":{"C5":{"R8":"5","Q8":"5"},"P6":{"R3":"5"},"R2":{"MM":"5"},"95":{"QH":"5"},"Q2":{"Q3":"5"}},"CM":{"J5":{"46":"5"},"FQ":{"WR":"5"},"9H":{"8X":"5","QR":"5","6X":"5","9Q":"5"},"9J":{"C3":"5"}},"7W":{"69":{"CH":"5","9G":"5"},"9C":{"RQ":"5"},"9G":{"QW":"5","V8":"5"},"9M":{"CC":"5","RF":"5","77":"5","JF":"5","XF":"5","79":"5","G9":"5"},"9F":{"P5":"5","G7":"5","9W":"5","7X":"5","M4":"5","9J":"5","9F":"5"},"59":{"J6":"5","J7":"5","H8":"5","J4":"5"},"CG":{"MC":"5","JJ":"5","WG":"5"},"CJ":{"2X":"5","9V":"5"},"CM":{"2G":"5","2H":"5"},"9J":{"GQ":"5","8X":"5","RR":"5","PQ":"5","QQ":"5","HV":"5","8V":"5","PP":"5"},"CC":{"HG":"5","4H":"5","JV":"5","QQ":"5","JR":"5"},"7C":{"RX":"5"},"FC":{"4R":"5"},"FF":{"FC":"5"},"FG":{"68":"5"}},"H9":{"JC":{"R9":"5","RC":"5"},"M9":{"CM":"5"}},"5J":{"XC":{"G4":"5","G3":"5"},"W8":{"CJ":"5"}},"WC":{"GG":{"9V":"5"}},"5P":{"P6":{"PW":"5"}},"2P":{"QM":{"6W":"5"},"RH":{"FR":"5"},"4X":{"JC":"5","JF":"5"},"5H":{"59":"5"},"2V":{"2V":"5","3V":"5"},"PW":{"28":"5"},"8C":{"64":"5","65":"5"},"2C":{"RG":"5","QF":"5","RF":"5","PF":"5"},"69":{"9H":"5","CH":"5"},"7F":{"5P":"5","5Q":"5","4P":"5"},"5V":{"7H":"5","8W":"5","7W":"5"},"7C":{"J3":"5","H3":"5"},"6Q":{"FM":"5","5H":"5","GJ":"5","FH":"5","5G":"5","GM":"5"},"6P":{"7V":"5"},"7R":{"96":"5","77":"5","98":"5"},"97":{"C5":"5","F2":"5","F5":"5","C2":"5","C4":"5"}},"V8":{"RP":{"8V":"5"},"QP":{"XV":"5"}},"CC":{"XV":{"JP":"5"}},"V5":{"9V":{"FW":"5","GP":"5","GW":"5"}},"PQ":{"Q6":{"C2":"5"},"6Q":{"W8":"5"}},"9V":{"W6":{"CG":"5","W9":"5","7F":"5","PH":"5"},"P6":{"MQ":"5"},"Q6":{"GX":"5","PW":"5","QW":"5"},"W5":{"8J":"5","5P":"5","HH":"5"},"V5":{"QM":"5","88":"5","RP":"5","XQ":"5"},"V6":{"VJ":"5","76":"5","C9":"5"},"R6":{"C8":"5","48":"5","2M":"5","W2":"5"},"R5":{"WP":"5","PW":"5","7H":"5","5J":"5"},"P7":{"H3":"5"}},"7J":{"2Q":{"6C":"5","JH":"5","76":"5","PC":"5","PG":"5","M6":"5","MG":"5","P8":"5","P7":"5","MF":"5","P9":"5","79":"5"},"4X":{"PX":"5","VX":"5","RX":"5","JX":"5","QX":"5"},"33":{"PG":"5"},"H4":{"HR":"5"}},"7H":{"4W":{"X8":"5"},"RX":{"53":"5"},"5R":{"PX":"5"},"7W":{"38":"5"},"8R":{"WW":"5","2W":"5"},"7V":{"M8":"5","35":"5","W5":"5","86":"5","W3":"5","25":"5"},"5V":{"XC":"5","WW":"5","XV":"5","MG":"5","Q9":"5"},"8W":{"7W":"5"},"6V":{"QF":"5","VF":"5","W8":"5"},"MM":{"79":"5"},"6W":{"H6":"5"}},"MM":{"CG":{"5X":"5"},"HC":{"64":"5"}},"PP":{"9H":{"QV":"5"},"FC":{"62":"5"}},"7Q":{"H8":{"M8":"5","J8":"5","FC":"5","J9":"5","J4":"5"},"J6":{"X3":"5"},"M9":{"43":"5"},"QH":{"FG":"5"},"HG":{"98":"5"},"Q7":{"28":"5"},"F8":{"H7":"5","M8":"5","J8":"5","M6":"5","J6":"5","J7":"5","H8":"5"},"P6":{"HR":"5"},"M8":{"82":"5","24":"5","64":"5","93":"5","83":"5","92":"5","57":"5","43":"5","58":"5","X5":"5"},"V9":{"73":"5"},"G6":{"4C":"5"},"M6":{"7V":"5","9X":"5"},"M7":{"MH":"5","HG":"5","WH":"5","RJ":"5","WJ":"5","VP":"5","MM":"5","QJ":"5"},"P7":{"WF":"5","9C":"5","GM":"5","J7":"5","83":"5","JQ":"5","P6":"5","JM":"5","F7":"5","CH":"5","J4":"5","58":"5","QV":"5","CF":"5","GJ":"5","FG":"5","PW":"5","94":"5"},"J8":{"5W":"5","CX":"5"},"JF":{"XX":"5"}},"X8":{"32":{"M6":"5","J6":"5"},"FP":{"P5":"5"},"RF":{"W3":"5"}},"6J":{"C5":{"QH":"5","XM":"5"},"4H":{"X2":"5"},"7H":{"37":"5"},"5G":{"MR":"5","PJ":"5"},"HX":{"JG":"5"},"4J":{"PH":"5"},"6J":{"X3":"5"}},"4P":{"9M":{"2M":"5"}},"2Q":{"8H":{"FM":"5","JQ":"5"},"9H":{"2X":"5"},"GG":{"Q3":"5"},"43":{"VC":"5"},"GF":{"RX":"5","QX":"5"}},"Q7":{"H5":{"27":"4","26":"4"},"GP":{"GP":"5"},"G5":{"F8":"4","F9":"4","C9":"4"},"HQ":{"5C":"5","7C":"5"},"F5":{"WQ":"4","XQ":"4"}},"C7":{"HJ":{"RG":"5","QG":"5","QF":"5","RF":"5"}},"6P":{"PV":{"R6":"5"},"QV":{"4G":"5"}},"7M":{"52":{"2G":"5","37":"5","47":"5","2C":"5","27":"5"},"42":{"RM":"5","Q6":"5","H2":"5","V6":"5","M9":"5","G5":"5","R8":"5","PH":"5","QH":"5","PG":"5","G4":"5","Q7":"5","R7":"5","X3":"5","XC":"5","P6":"5","W8":"5","M8":"5","G7":"5","W6":"5","G3":"5","M6":"5","PF":"5","MC":"5","G2":"5","J8":"5","W9":"5"},"R7":{"GM":"5"}},"W7":{"23":{"F8":"5"}},"XJ":{"9X":{"6F":"5"}},"R2":{"XJ":{"FX":"5"},"VJ":{"JG":"5","JC":"5","HH":"5"},"64":{"X3":"5","W3":"5"},"37":{"V7":"5"},"WM":{"R6":"5"},"WJ":{"FR":"5","G7":"5","9C":"5","4M":"5","2M":"5","FX":"5","H6":"5"},"73":{"8F":"5","7F":"5"},"JF":{"5H":"5"},"VM":{"X5":"5"},"F5":{"V2":"5"}},"R4":{"C8":{"9R":"5","CV":"5","CR":"5"},"9F":{"5X":"4"},"GM":{"93":"5","83":"5","F9":"5"},"CM":{"M7":"5","J7":"5"},"M5":{"72":"5","8C":"5"},"FJ":{"F8":"5","M7":"5","FC":"5","CR":"5","9G":"5","P7":"5","9F":"5"},"99":{"5C":"5","R3":"5"},"C2":{"W7":"5"},"GJ":{"9X":"5"},"GQ":{"GW":"5"},"9P":{"H4":"5"},"83":{"XP":"5","QQ":"5","RQ":"5"},"CV":{"7M":"5","6M":"5"},"94":{"64":"5"},"9C":{"33":"5","34":"5","42":"5","43":"5","67":"5","C6":"5","RJ":"5","9W":"5","2R":"5","PF":"5","9H":"5","85":"5","C5":"5","3R":"5"},"HG":{"P3":"5","HC":"5"},"M4":{"HW":"5"},"93":{"4P":"5","4F":"5","5Q":"5","5R":"5","5W":"5","5J":"5","5M":"5"},"GH":{"8X":"5"}},"WQ":{"46":{"X3":"5","X4":"5"}},"XH":{"JQ":{"5X":"5"},"8R":{"9F":"5"},"V5":{"8X":"5"},"9C":{"GM":"5"},"V6":{"7G":"5"}},"7V":{"52":{"VQ":"5"}},"WJ":{"42":{"9R":"5"}},"6M":{"5F":{"CC":"5","FX":"5","RM":"5","H6":"5"},"43":{"R2":"5"}},"V3":{"G4":{"FH":"5","HF":"5"},"2C":{"52":"5","42":"5"},"29":{"4X":"5","5X":"5"},"CC":{"CM":"5"},"55":{"F8":"5"},"G5":{"49":"5","9C":"5","3C":"5","4C":"5","9F":"5","39":"5"},"5X":{"QW":"5","RM":"5","VV":"5","PQ":"5","RW":"5","PR":"5","MQ":"5","VR":"5","WR":"5","RV":"5","QV":"5","WV":"5","PV":"5","QR":"5","PW":"5","MV":"5","MR":"5"},"6J":{"GJ":"5"}},"G8":{"8G":{"G5":"5"},"8P":{"QR":"5","WF":"4","WQ":"5","WJ":"4","HV":"5","XH":"4","JR":"5"},"3H":{"RV":"5"},"CM":{"67":"4","3V":"4"},"9J":{"8V":"5"}},"PJ":{"M9":{"CF":"5"},"F6":{"95":"5"}},"MF":{"JV":{"6J":"5"},"X6":{"26":"5"},"X7":{"53":"5"}},"FC":{"3V":{"W8":"5"},"7Q":{"RM":"5"}},"VV":{"FR":{"HG":"5","JJ":"5","GH":"5"},"GV":{"77":"5"},"57":{"FW":"5","CX":"5","FX":"5"},"58":{"F2":"5"},"6M":{"JH":"5"},"6J":{"GP":"5"}},"FG":{"RQ":{"7C":"5"}},"W3":{"82":{"R6":"5"},"32":{"58":"5"},"83":{"4M":"5"},"C3":{"HC":"5"},"X4":{"MP":"5"}},"RR":{"RX":{"W6":"5"},"PQ":{"5H":"5","8P":"5","6G":"5","5G":"5","7V":"5"},"89":{"F9":"5"}},"HG":{"8X":{"42":"5"},"W9":{"XM":"5"},"7W":{"XX":"5"}},"MH":{"H8":{"R3":"5"},"XH":{"9W":"5","7P":"5","6M":"5"},"GG":{"87":"5"},"X9":{"8V":"5"},"QC":{"QX":"5"},"VC":{"PM":"5"},"G8":{"2G":"5","2H":"5"},"RH":{"24":"5","34":"5","33":"5","23":"5"},"PG":{"CP":"5"},"VF":{"2H":"5","W8":"5"},"6X":{"JW":"5"},"JC":{"HW":"5","GW":"5"},"VG":{"P2":"5","88":"5","64":"5","63":"5","F8":"5","37":"5","M9":"5","69":"5","F9":"5","5C":"5","43":"5","27":"5","X4":"5","87":"5","36":"5"},"WH":{"V2":"5"},"H7":{"66":"5"},"8X":{"V5":"5"},"XW":{"C6":"5"},"GF":{"8X":"5"},"WG":{"62":"5"},"G7":{"Q4":"5","Q2":"5"},"RG":{"V6":"5"}},"MG":{"JQ":{"VH":"5"},"73":{"MH":"5"},"3C":{"C4":"5"}},"W4":{"2F":{"JM":"5"}},"W6":{"46":{"HW":"5"},"8P":{"9P":"5"},"P4":{"WH":"5"},"7Q":{"FW":"5"}},"XM":{"XJ":{"88":"5","H6":"5"},"89":{"JC":"5","GR":"5","6W":"5","JM":"5","3V":"5","7J":"5","5R":"5"},"3M":{"66":"5"},"2M":{"X3":"5"}},"V2":{"5F":{"3G":"5","5Q":"5","4P":"5"},"9F":{"7V":"5"}},"R3":{"W5":{"VF":"5","VC":"5"},"66":{"G6":"5"},"56":{"MV":"5","G7":"5","7F":"5","C9":"5"},"43":{"Q4":"5"},"64":{"9V":"5"},"HF":{"QX":"5"},"8G":{"HG":"5","CG":"5","MJ":"5"},"84":{"R5":"5"},"55":{"QC":"5","WG":"5"},"6H":{"GP":"5"},"F3":{"6V":"5","G9":"5"},"C6":{"G5":"5"},"C4":{"38":"5"},"58":{"7G":"5"},"57":{"49":"5"},"6F":{"PH":"5","JH":"5"},"6J":{"H3":"5","Q5":"5","H2":"5"},"WM":{"RG":"5"},"MC":{"66":"5"},"C5":{"X3":"5"},"46":{"XH":"5","H9":"5","H8":"5","G8":"5","XV":"5","H7":"5","XR":"5","G7":"5","CC":"5","XJ":"5","99":"5"},"7R":{"HH":"5"},"54":{"PM":"5"},"65":{"HW":"5","9Q":"5","3W":"5"}},"RH":{"FC":{"FR":"5","GV":"5","CV":"5","FV":"5","GR":"5","CR":"5"}},"CP":{"C7":{"73":"5"}},"QG":{"C8":{"GQ":"5","V6":"5"},"PV":{"JJ":"5"},"95":{"VM":"5","85":"5","X7":"5"},"J5":{"8R":"5","4V":"5","7R":"5"},"59":{"WX":"5"},"C6":{"WC":"5"},"F4":{"46":"5","35":"5","2X":"5","47":"5","F7":"5","49":"5","F6":"5"},"C3":{"H9":"5","PJ":"5","J9":"5","XF":"5","WG":"5","7J":"5","R3":"5","6J":"5"},"44":{"4W":"5"},"77":{"RW":"5","VX":"5"},"97":{"JM":"5"},"W5":{"W7":"5","85":"4"},"C2":{"RW":"5","8M":"5","6Q":"5","7Q":"5"},"55":{"C5":"5"},"G6":{"VQ":"5"},"G9":{"46":"5","45":"5"},"H5":{"VQ":"5","69":"5","34":"5","77":"5","RQ":"5","4F":"5","3C":"5","RR":"5","76":"5","2F":"5","M8":"5","G3":"5","24":"5","57":"5","M7":"5","VR":"5","F4":"5","G2":"5","7F":"5","99":"5"},"M9":{"PC":"5"},"F5":{"GV":"5","8F":"5","4F":"5","53":"5","MW":"5","HM":"5","CH":"5","73":"5","QV":"5","5X":"5","9X":"5"},"75":{"H7":"5"},"J4":{"FR":"5","GR":"5","PG":"5"},"79":{"5G":"5"},"G3":{"6H":"5"},"98":{"69":"5","5Q":"5"},"VG":{"WP":"5","RF":"5"},"G4":{"XW":"5"},"X5":{"VR":"5","WR":"5"},"XC":{"PP":"5"},"69":{"2M":"5"},"FG":{"JW":"5"},"94":{"RJ":"5","8V":"5"},"4C":{"5P":"5","W8":"5","4P":"5"},"C5":{"XH":"5","H8":"5","RW":"5","HG":"5","63":"5","84":"5","PG":"5","P6":"5","JM":"5","9J":"5","RJ":"5","H5":"5","G7":"5","HC":"5"},"J6":{"P6":"5","JH":"5","HH":"5"},"78":{"2V":"5","3X":"5","3V":"5","2W":"5","3W":"5"},"J8":{"3C":"5"},"H3":{"6G":"5"},"9C":{"25":"5"},"84":{"CX":"5","FX":"5"},"7F":{"W2":"5"},"XF":{"C8":"5"},"F6":{"6F":"5","H3":"5","P3":"5","FV":"5","92":"5","77":"5","P4":"5","87":"5","26":"5","79":"5","C4":"5","6J":"5"},"67":{"HC":"5"},"FC":{"CC":"5","9F":"5"},"G5":{"RH":"5","X9":"5","JH":"5","QP":"5","Q9":"5","WM":"5","FH":"5","XJ":"5"},"GC":{"76":"5","66":"5","65":"5"},"F3":{"FH":"5","8H":"5","3H":"5","V3":"5","R3":"5"},"H4":{"4X":"5","5P":"5","5M":"5","3X":"5","JV":"5","WJ":"5","HV":"5","2W":"5","6J":"5"},"C4":{"3Q":"5","WW":"5"},"F8":{"H4":"5"},"H9":{"MC":"5","4F":"5","PC":"5","4C":"5"},"47":{"RH":"5"},"86":{"GJ":"5"},"4G":{"VV":"5","RV":"5","RR":"5"}}},"index":{"university,1|retail,2|tourism,3|wreck,4|historical,5|artsCulture,6|namedBuilding,7|water,8|wetland,9|park,10|beach,11|natureReserve,12|cemetery,13|trail,14":{}}}