{"index":{"university,1|retail,2|tourism,3|wreck,4|historical,5|artsCulture,6|namedBuilding,7|water,8|wetland,9|park,10|beach,11|natureReserve,12|cemetery,13|trail,14":{}},"6G":{"8W":{"JH":{"68":"5","58":"5"},"H4":{"V9":"5","RJ":"5","R9":"5"}},"MH":{"WP":{"FW":"5"},"6G":{"QP":"5"},"69":{"R7":"5"},"45":{"5V":"5"},"55":{"PJ":"5"}},"PQ":{"4V":{"JG":"5"}},"VX":{"G6":{"PW":"5"}},"G7":{"G5":{"5V":"5","6Q":"5","6R":"5","6V":"5","5R":"5"},"F5":{"XR":"5"}},"RH":{"5J":{"FJ":"5"}},"7W":{"38":{"WQ":"5"},"F6":{"V4":"5"}},"GG":{"VJ":{"5M":"5","4P":"5"},"FH":{"GF":"5"},"M7":{"2F":"5"},"HJ":{"99":"5","8C":"5","5G":"5"},"53":{"G9":"5"},"CH":{"FR":"5"},"CJ":{"G3":"5"},"CR":{"QG":"5","M9":"5"},"J7":{"W9":"5"}},"CV":{"V2":{"X7":"5"},"F7":{"J9":"5"},"4G":{"73":"5"}},"XM":{"MF":{"79":"5"}},"CP":{"5M":{"8M":"5","76":"5","7J":"5"},"M9":{"CF":"5"},"69":{"27":"5"},"77":{"P8":"5"}},"M7":{"7G":{"JH":"5"}},"HM":{"FR":{"CW":"5"},"JM":{"8H":"5"},"CR":{"78":"5"}},"WG":{"84":{"5P":"5","5J":"5"}},"2M":{"77":{"V5":"5"},"8R":{"JC":"5","23":"5"},"9R":{"G8":"5","W3":"5","CC":"5","9G":"5"},"MQ":{"92":"5"},"CH":{"2G":"5"},"7V":{"35":"5","45":"5"},"CV":{"5J":"5"},"2P":{"XR":"5"},"79":{"GC":"5"},"7H":{"M7":"5"}},"3H":{"59":{"29":"5"}},"6X":{"MR":{"W8":"5"},"J2":{"XQ":"5"},"78":{"H3":"5"},"X3":{"73":"5"},"M2":{"2C":"5"},"P3":{"P6":"5"},"29":{"37":"5"},"W3":{"PP":"5","9R":"5","FM":"5","35":"5","H9":"5","GV":"5","HW":"5","FJ":"5","JW":"5","JJ":"5","H8":"5","4W":"5","9X":"5"},"Q3":{"M7":"5"},"W4":{"63":"5","H3":"5","77":"5","H4":"5","84":"5","F5":"5"},"V3":{"WV":"5"},"V4":{"X9":"5"},"Q2":{"6G":"5"},"25":{"7P":"5"},"R3":{"GF":"5"}},"7G":{"C4":{"W8":"5"}},"FV":{"M8":{"C8":"5"},"JM":{"M5":"5"},"H2":{"X6":"5"}},"GQ":{"FP":{"VW":"5"},"FX":{"8H":"5"}},"WV":{"XV":{"CR":"5"},"QV":{"XP":"5"}},"JX":{"V4":{"F5":"5"}},"CQ":{"WW":{"H9":"5"},"WG":{"Q8":"5"},"WV":{"33":"5"}},"9Q":{"QM":{"7F":"5"},"9V":{"8V":"5"},"RR":{"6H":"5"},"QJ":{"4X":"5"}},"JH":{"FR":{"JF":"5"},"6F":{"C7":"5"},"92":{"9Q":"5"},"9F":{"PP":"5"}},"MQ":{"CR":{"F3":"5"}},"5Q":{"RP":{"9X":"5"},"QR":{"3J":"5"},"H5":{"8V":"5"},"WQ":{"WR":"5"},"VP":{"GQ":"5","MW":"5"}},"3P":{"9X":{"J4":"5"}},"HH":{"C9":{"HM":"5"}},"Q3":{"MH":{"M3":"5","P3":"5"}},"R3":{"44":{"QR":"5"}},"MF":{"PP":{"M5":"5"}},"22":{"99":{"3H":"5","3M":"5","3J":"5"},"8F":{"RM":"5","FJ":"5","Q4":"5","R9":"5","P6":"5","HP":"5","MC":"5","PG":"5","R8":"5","H7":"5","M8":"5","GP":"5","P5":"5","P7":"5","PF":"5","RF":"5","M4":"5","G7":"5","RP":"5","JH":"5","Q8":"5","R5":"5","RG":"5","Q9":"5","PM":"5","R7":"5","JC":"5","HM":"5","PH":"5","P8":"5","MJ":"5","QF":"5","M5":"5","R6":"5","P9":"5","M9":"5","GM":"5","JJ":"5","Q5":"5","PQ":"5","PC":"5","HH":"5","MM":"5","PP":"5","FM":"5","QP":"5","Q7":"5","R4":"5","Q6":"5","M7":"5","GJ":"5","QQ":"5","FP":"5","MF":"5","PJ":"5","HJ":"5","MP":"5","M6":"5","MH":"5","QM":"5","QC":"5","VP":"5","P4":"5","JM":"5"},"8C":{"MG":"5","76":"5","PM":"5","MJ":"5","WJ":"5","XH":"5","RJ":"5","QG":"5","R5":"5","WQ":"5","XG":"5","XJ":"5","RH":"5","VQ":"5","PG":"5","PJ":"5","QM":"5","XQ":"5","VF":"5","66":"5","V4":"5","VG":"5","QF":"5","XP":"5","V3":"5","PH":"5","XM":"5","MH":"5","QH":"5","QJ":"5","XF":"5","MF":"5","PF":"5","R3":"5","MM":"5","R4":"5","WP":"5","RG":"5"},"89":{"V9":"5","VX":"5","R9":"5","VH":"5","R8":"5","V8":"5","RC":"5","WX":"5"},"9C":{"2Q":"5","2F":"5","3F":"5","2P":"5","2H":"5"}},"6F":{"35":{"3W":"5"}},"FF":{"VJ":{"62":"5"},"4X":{"Q2":"5"},"X4":{"8X":"5"},"RV":{"6X":"5"}},"P4":{"GJ":{"CF":"5"},"49":{"G4":"5","G5":"5"},"5R":{"V6":"5"}},"MG":{"8H":{"VH":"5"},"2W":{"G4":"5","G5":"5"}},"3X":{"2G":{"Q6":"5","R7":"5","R6":"5","Q7":"5"},"2F":{"RW":"5","QW":"5","RX":"5","RV":"5","QV":"5"}},"MM":{"PP":{"QH":"5"},"MP":{"7C":"5","79":"5"},"87":{"9Q":"5"},"39":{"9R":"5"}},"F2":{"PV":{"CG":"5"}},"2X":{"XG":{"5X":"5"},"XH":{"52":"5","63":"5","62":"5","53":"5"}},"4Q":{"5M":{"QG":"5"},"6M":{"CX":"5"},"7V":{"6G":"5"}},"JJ":{"V5":{"P5":"5"},"7V":{"2J":"5"}},"JC":{"G6":{"C7":"5"}},"8P":{"4Q":{"22":"5"}},"PC":{"H9":{"QM":"5","XJ":"5","QJ":"5"},"F8":{"52":"5","62":"5","53":"5","GC":"5","7C":"5","G9":"5"}},"6W":{"VQ":{"28":"5"},"PM":{"2P":"5"},"RH":{"5H":"5"},"VX":{"HM":"5"},"QJ":{"38":"5","48":"5","57":"5","9X":"5"},"QP":{"78":"5","PG":"5"},"PX":{"72":"5"},"2Q":{"JR":"5"},"QQ":{"V2":"5"},"PJ":{"QM":"5","MJ":"5"},"8R":{"JX":"5"},"MX":{"3X":"5"},"CW":{"44":"5"},"GX":{"J6":"5"},"PW":{"38":"5","8C":"5"},"HX":{"97":"5"}},"7P":{"GX":{"QP":"5","65":"5","VP":"5"},"PW":{"HG":"5"}},"X9":{"9M":{"C2":"5"},"9J":{"2R":"5"}},"JG":{"CX":{"6J":"5"},"VF":{"33":"5"},"6Q":{"FV":"5"}},"VW":{"PJ":{"HW":"5"}},"RV":{"VQ":{"74":"5"}},"3Q":{"H8":{"RW":"5"}},"9M":{"9C":{"XQ":"5"},"25":{"99":"5","7H":"5","7M":"5","GF":"5"},"X2":{"JJ":"5"}},"W2":{"CM":{"32":"5"}},"CR":{"5Q":{"5R":"5","5Q":"5"},"PQ":{"6M":"5"},"RW":{"FP":"5"},"PR":{"69":"5","6C":"5","JC":"5","JH":"5","HG":"5","HF":"5","GF":"5","78":"5","8G":"5","PJ":"5","8Q":"5","JG":"5","GG":"5","HH":"5","7C":"5","6G":"5","HC":"5","7F":"5","JF":"5","79":"5","68":"5"},"QP":{"35":"5"},"HJ":{"92":"5"},"MQ":{"GX":"5","7H":"5","8H":"5","3W":"5"},"MP":{"RX":"5","QX":"5"},"PP":{"JQ":"5"},"PV":{"26":"5"},"QR":{"78":"5","88":"5","7H":"5","59":"5"},"MR":{"FR":"5","MC":"5"}},"5X":{"66":{"J5":"5","9M":"5","CF":"5","GV":"5","57":"5","58":"5"},"77":{"X9":"5"},"56":{"6X":"5","CR":"5"},"V6":{"35":"5","R8":"5","77":"5","45":"5"},"R6":{"P2":"5","M2":"5"},"76":{"77":"5"},"R5":{"QX":"5","FW":"5","VX":"5","PR":"5","PX":"5","MW":"5","QQ":"5","JX":"5","MX":"5","HV":"5","MQ":"5","JV":"5","HW":"5","PV":"5","PW":"5","HX":"5"},"PC":{"M8":"5","M7":"5","X7":"5","G9":"5"},"X5":{"XR":"5"},"86":{"Q8":"5"},"QC":{"27":"5","26":"5"},"57":{"47":"5","HM":"5","HP":"5","MQ":"5","VP":"5"},"P5":{"9G":"5"},"54":{"8M":"5"}},"9P":{"35":{"5W":"5"}},"9H":{"98":{"93":"5","94":"5"}},"GP":{"XC":{"X7":"5"},"5C":{"F9":"5","C9":"5"},"X9":{"WF":"5"},"WX":{"QP":"5"},"6P":{"F7":"5","C6":"5","4W":"5"}},"8V":{"MP":{"H5":"5"},"M8":{"4V":"5"},"R2":{"9C":"5"},"JQ":{"7Q":"5"},"PJ":{"F3":"5","G3":"5","F4":"5"},"HJ":{"WF":"5"},"W3":{"V5":"5"},"F2":{"WC":"5"},"JM":{"3Q":"5"},"WC":{"9H":"5"},"R5":{"6Q":"5"}},"8M":{"PC":{"WR":"5"}},"VH":{"2G":{"75":"5"}},"45":{"XC":{"RV":"5"}},"XG":{"CP":{"WV":"5"},"3V":{"HH":"5"}},"XJ":{"6C":{"5X":"5"},"56":{"2P":"5"},"4J":{"X2":"5"},"4M":{"88":"5"},"G8":{"F3":"5"},"3P":{"M8":"5"},"V4":{"R7":"5","R8":"5","V8":"5"},"6F":{"52":"5"},"5C":{"Q6":"5"},"F4":{"JV":"5"},"2M":{"G9":"5"},"F9":{"WW":"5"}},"QG":{"3M":{"5V":"5"}},"VQ":{"5C":{"WC":"5"},"6C":{"35":"5"}},"HJ":{"9W":{"X6":"5"},"3F":{"68":"5"}},"QX":{"VG":{"MF":"5"},"XP":{"W4":"5"}},"FG":{"C5":{"JX":"5"},"9M":{"W7":"5"},"47":{"G6":"5"},"G5":{"3R":"5"},"9J":{"QR":"5","RR":"5"},"F5":{"4Q":"5","5Q":"5"}},"CG":{"6G":{"44":"5"},"33":{"26":"5"},"23":{"R7":"5","4F":"5","4C":"5","WX":"5"},"3G":{"X4":"5"},"X7":{"WW":"5"}},"R2":{"2R":{"P3":"5"}},"JM":{"45":{"QF":"5"},"Q7":{"73":"5"}},"RF":{"QM":{"QP":"5","QQ":"5"},"VJ":{"9J":"5"},"RM":{"FH":"5","4F":"5"}},"J6":{"QP":{"VQ":"5","XH":"5"}},"GV":{"23":{"2C":"5"}},"9R":{"CQ":{"RJ":"5"},"FP":{"MG":"5"},"8M":{"GJ":"5"},"FQ":{"3F":"5","2P":"5"},"7M":{"9V":"5"},"6P":{"R3":"5"},"4P":{"32":"5"}},"7C":{"WJ":{"V8":"5"}},"W9":{"XG":{"45":"5"},"Q9":{"4P":"5"}},"J9":{"RH":{"FW":"5"},"CJ":{"XH":"5"},"QJ":{"G8":"5"}},"XF":{"WX":{"MH":"5","JG":"5","MG":"5","JJ":"5","PH":"5","JH":"5","MJ":"5"}},"9V":{"74":{"2R":"5"},"57":{"P4":"5"},"3V":{"CF":"5"}},"GH":{"MF":{"QJ":"5"},"FC":{"MJ":"5"},"R8":{"82":"5"}},"64":{"3C":{"W5":"5","W4":"5"},"4C":{"48":"5"}},"RJ":{"9G":{"W6":"5"}},"9C":{"GV":{"29":"5","39":"5"},"FV":{"X2":"5"},"QX":{"FP":"5"},"8V":{"7F":"5"}},"FJ":{"W5":{"F6":"5"}},"P2":{"MH":{"8P":"5"},"6W":{"M3":"5"},"7X":{"FH":"5","4G":"5"}},"Q2":{"QF":{"3R":"5","4V":"5"},"RC":{"24":"5"},"PM":{"XC":"5","VC":"5"},"Q9":{"GP":"5","QQ":"5"},"QC":{"H7":"5"}},"3R":{"8P":{"88":"5"}},"8F":{"H9":{"Q4":"5","Q3":"5","P4":"5"},"X3":{"VX":"5"},"PR":{"52":"5"},"M7":{"72":"5"},"3R":{"MQ":"5"},"J9":{"96":"5","58":"5","4Q":"5","66":"5","4P":"5"},"6M":{"MM":"5"},"J4":{"3P":"5"}},"FH":{"WF":{"RM":"5"},"RQ":{"P9":"5"}},"QW":{"W7":{"X3":"5"}},"MJ":{"74":{"7F":"5"},"H3":{"CF":"5"},"FW":{"FM":"5"},"28":{"89":"5"}},"FR":{"47":{"9Q":"5"},"HW":{"MF":"5"},"P3":{"77":"5","39":"5"},"Q5":{"42":"5","43":"5"},"G7":{"XM":"5"},"P4":{"83":"5","C4":"5"},"HX":{"J2":"5"}},"R4":{"3Q":{"WQ":"5"},"4R":{"M8":"5"},"5R":{"86":"5"}},"7X":{"XJ":{"53":"5"},"54":{"HW":"5"},"64":{"VQ":"5"},"74":{"4H":"5"},"44":{"63":"5","XH":"5"},"XM":{"2F":"5","6J":"5"},"WM":{"QH":"5","VM":"5","PH":"5"},"WQ":{"VF":"5"},"33":{"FR":"5"},"23":{"JP":"5"},"55":{"C8":"5"},"85":{"MW":"5"},"84":{"65":"5"},"C4":{"RH":"5"}},"PM":{"PJ":{"R3":"5"}},"97":{"2W":{"WC":"5"}},"8R":{"RW":{"6F":"5"},"WP":{"C4":"5"},"MC":{"GX":"5","XQ":"5"},"QR":{"2W":"5"},"MF":{"V4":"5"},"HF":{"QJ":"5"},"HP":{"M3":"5","G4":"5","64":"5","W9":"5","25":"5"},"JM":{"JQ":"5","HW":"5"},"CX":{"M8":"5"},"PC":{"3Q":"5","5W":"5","3X":"5","5R":"5"},"VQ":{"GV":"5"},"FX":{"3J":"5"},"RM":{"XR":"5"}},"2P":{"HR":{"Q3":"5"},"86":{"PH":"5"}},"GJ":{"MJ":{"Q6":"5","R6":"5"},"9M":{"P2":"5","H2":"5"},"P9":{"HG":"5"},"3F":{"QW":"5","4F":"5","5F":"5","5C":"5","4C":"5"},"7J":{"GQ":"5","Q7":"5"},"JF":{"4G":"5"},"6H":{"4M":"5"},"8G":{"78":"5","68":"5","69":"5","JM":"5","79":"5"},"5G":{"8P":"5"},"9H":{"RG":"5"},"9G":{"RG":"5","9X":"5"},"3G":{"W5":"5","V5":"5","5F":"5"},"3C":{"H7":"5","G7":"5","G6":"5","G5":"5"},"8M":{"R3":"5"},"25":{"2F":"5","49":"5","2C":"5","29":"5","4C":"5","3F":"5","39":"5"},"8H":{"M8":"5","46":"5","6F":"5","8H":"5","H3":"5","P9":"5","22":"5","33":"5","55":"5","Q9":"5","8V":"5","7J":"5"},"6J":{"P8":"5"},"MF":{"6V":"5"},"4G":{"5W":"5","CJ":"5"},"2C":{"HP":"5"}},"8X":{"3Q":{"4C":"5"},"4J":{"6M":"5"}},"9J":{"GV":{"JP":"5"},"FV":{"MX":"5","JX":"5","HX":"5"},"M6":{"C9":"5"}},"HG":{"C5":{"75":"5"},"Q8":{"32":"5","22":"5"},"R3":{"JW":"5"},"H6":{"3X":"5"}},"XX":{"68":{"G2":"5"},"67":{"GX":"5"},"2P":{"5V":"5"}},"PH":{"VJ":{"35":"5","69":"4"},"RH":{"XJ":"5"},"7G":{"WC":"5"},"RJ":{"W4":"5"},"VH":{"4J":"5"}},"6J":{"VG":{"H7":"5","J5":"5"}},"WX":{"XQ":{"56":"5","6G":"5","5R":"5","59":"5","3X":"5","7J":"5","7M":"5","6Q":"5","6H":"5","7P":"5","6F":"5","3W":"5","4V":"5","55":"5","57":"5","6P":"5","45":"5","42":"5","5V":"5","4W":"5","58":"5","6J":"5","6R":"5","5C":"5","6C":"5"},"XP":{"33":"5","2V":"5","59":"5","3X":"5","48":"5","3Q":"5","34":"5","44":"5","5F":"5","3W":"5","3V":"5","4X":"5","4J":"5","2R":"5","3M":"5","5G":"5","2Q":"5","4M":"5","45":"5","32":"5","58":"5","4H":"5","5C":"5","46":"5","47":"5","4G":"5","3P":"5"},"RH":{"9F":"5","PV":"5","QV":"5","FH":"5","HJ":"5","MQ":"5","RX":"5","HM":"5","PR":"5","MR":"5","GJ":"5","57":"5","CF":"5","7C":"5","36":"5","79":"5","JQ":"5","35":"5","69":"5","JP":"5","FG":"5","9C":"5","25":"5","58":"5","68":"5","8C":"5","VX":"5","QW":"5","WX":"5","RW":"5","46":"5","CG":"5","GH":"5","47":"5","HP":"5"},"QG":{"8W":"5","9W":"5","7W":"5","CX":"5","FX":"5","9X":"5"},"QH":{"P3":"5","M3":"5","Q3":"5","H2":"5","W4":"5","M4":"5","H3":"5","V3":"5","R3":"5","X5":"5","J3":"5","V4":"5","G2":"5","X4":"5","F2":"5"},"VJ":{"23":"5","33":"5","H8":"5","M8":"5","P9":"5","96":"5","C6":"5","54":"5","34":"5","44":"5","RC":"5","XG":"5","65":"5","QC":"5","55":"5","M9":"5","75":"5","VF":"5","F7":"5","H7":"5","J8":"5","RF":"5","85":"5","Q9":"5","WF":"5","WG":"5","G7":"5","C7":"5","86":"5"},"H7":{"7G":"5","8C":"5","GM":"5","9X":"5","3W":"5"},"WW":{"28":"5","33":"5","2J":"5","3X":"5","27":"5","2P":"5","2M":"5","34":"5","2F":"5","3W":"5","26":"5","3V":"5","29":"5","2R":"5","2G":"5","35":"5","2Q":"5","2H":"5","32":"5","25":"5","3R":"5","2C":"5"},"V7":{"G2":"5"},"RJ":{"X3":"5","W2":"5","X2":"5"},"XR":{"22":"5"},"WX":{"38":"5","32":"5","35":"5","37":"5","34":"5","33":"5","3C":"5","3F":"5","36":"5","3G":"5","39":"5"},"G7":{"R9":"5","JF":"5","4J":"5"},"G6":{"PR":"5"},"WR":{"FV":"5","MJ":"5","X3":"5","R8":"5","V6":"5","R7":"5","FW":"5","W5":"5","GR":"5","QC":"5","CX":"5","PG":"5","HR":"5","JM":"5","QF":"5","V7":"5","X4":"5","JP":"5","HQ":"5","PH":"5","MH":"5","JJ":"5","PF":"5","X2":"5","Q9":"5","W6":"5","W4":"5","GV":"5","R9":"5","FX":"5","HP":"5"},"WJ":{"4H":"5","4J":"5","2G":"5","8P":"5","CQ":"5","7M":"5","7P":"5","3H":"5","5J":"5","6M":"5","9P":"5","2H":"5","5M":"5","9Q":"5"},"WV":{"49":"5","C2":"5","66":"5","4P":"5","4F":"5","4H":"5","4J":"5","4M":"5","76":"5","92":"5","67":"5","3V":"5","84":"5","59":"5","3W":"5","3Q":"5","4Q":"5","58":"5","85":"5","3X":"5","93":"5","4C":"5","75":"5","94":"5","3R":"5","4G":"5","68":"5"}},"VV":{"GV":{"X3":"5"},"GR":{"VR":"5"},"CJ":{"XH":"5"},"HV":{"23":"5"}},"FQ":{"PX":{"GC":"5","FC":"5"},"RX":{"M8":"5"}},"9F":{"VQ":{"MW":"5"},"7J":{"24":"5","23":"5"},"R8":{"5R":"5"},"WH":{"WQ":"5"},"GH":{"V9":"5"},"CP":{"GJ":"5","FJ":"5","H8":"5"},"W8":{"JX":"5"},"W3":{"WW":"5","VW":"5"},"VP":{"JW":"5"},"MM":{"MJ":"5"},"J2":{"F2":"5"},"9P":{"MR":"5"},"W9":{"M3":"5"}},"7Q":{"69":{"JC":"5"},"P8":{"V9":"5","R9":"5","R8":"5","V8":"5"},"GP":{"J9":"5"},"9P":{"F3":"5","G3":"5"},"V3":{"46":"5"},"7C":{"54":"5"},"W8":{"96":"5","G3":"5"}},"HP":{"2C":{"JC":"5"},"9C":{"RF":"5","RQ":"5"},"36":{"92":"5","3C":"5"},"39":{"6H":"5"}},"5W":{"HW":{"46":"5"},"7Q":{"F9":"5"},"GW":{"PX":"5","QX":"5"}},"8Q":{"XX":{"XX":"5"},"QG":{"26":"5"},"PQ":{"H9":"5"},"JH":{"GR":"5"},"G9":{"F8":"5","95":"5","29":"5"},"GF":{"H7":"5","JQ":"5"},"8G":{"5R":"5"},"CJ":{"53":"5"},"RJ":{"W3":"5"},"JR":{"HP":"5","HX":"5"},"JG":{"9H":"5"},"MP":{"C6":"5"},"JV":{"J8":"5","M2":"5","GG":"5","M4":"5"},"GX":{"FM":"5"},"F9":{"X9":"5"},"MM":{"9R":"5","42":"5","69":"5","CJ":"5"},"GJ":{"3H":"5"},"JJ":{"R6":"5"}},"J5":{"PQ":{"QJ":"5"}},"9G":{"46":{"93":"5","83":"5","94":"5"},"V2":{"PX":"5"},"X3":{"XV":"5","XR":"5","WR":"5","WV":"5"},"C3":{"6P":"5"},"V3":{"P2":"5","2V":"5"}},"GF":{"37":{"8X":"5"},"66":{"JQ":"5","P9":"5","GM":"5","3F":"5","8Q":"5"},"38":{"82":"5","RG":"5","P2":"5","96":"5","W2":"5"},"56":{"7C":"5"},"3V":{"C6":"5"},"3P":{"XX":"5"},"55":{"XV":"5","WQ":"5","PC":"5"},"26":{"J5":"5"},"47":{"QJ":"5","PR":"5","97":"5","XF":"5","86":"5","CM":"5","JW":"5","HM":"5","XM":"5","7H":"5"},"58":{"78":"5","68":"5","26":"5"},"57":{"9W":"5"},"48":{"J5":"5","Q4":"5","R8":"5","C2":"5"},"FF":{"QG":"5","MC":"5","PF":"5"},"46":{"CF":"5"},"65":{"4H":"5","6F":"5"},"27":{"H5":"5"}},"JP":{"C9":{"79":"5"}},"XW":{"2Q":{"M3":"5","52":"5","28":"5","V6":"5","27":"5","F4":"5","54":"5","53":"5","55":"5","36":"5","37":"5","G2":"5","F7":"5","FG":"5","45":"5","Q2":"5","P2":"5","P3":"5","M7":"5","W6":"5","G7":"5","46":"5","86":"5"},"3P":{"99":"5","88":"5"},"3Q":{"9C":"5"},"2R":{"MH":"5","C8":"5","GX":"5","HW":"5","7W":"5","V4":"5","C9":"5"},"3M":{"38":"5","6V":"5"},"2M":{"6F":"5"},"2P":{"H7":"5","W6":"5","PX":"5","R8":"5","VC":"5"}},"HV":{"P7":{"PW":"5","PV":"5","QX":"5"}},"JR":{"Q4":{"R7":"5"},"W3":{"J4":"5","H4":"5"}},"FP":{"XJ":{"W5":"5"},"4H":{"3W":"5"},"P9":{"7X":"5"},"H4":{"MQ":"5"}},"MC":{"JH":{"87":"5"}},"WM":{"P6":{"Q9":"5"}},"CF":{"QM":{"J5":"5"},"PX":{"JQ":"5"},"86":{"8P":"5","3R":"5"},"C7":{"68":"5"},"28":{"XQ":"5"},"FJ":{"XJ":"5"},"QX":{"59":"5"},"GF":{"GP":"5","GM":"5"},"97":{"Q2":"5"}},"4X":{"VC":{"W5":"5"}},"GM":{"C5":{"CV":"5","CW":"5","CX":"5"},"5P":{"WM":"5","VH":"5"},"F6":{"MJ":"5"},"C6":{"G2":"5","C4":"5"},"6Q":{"54":"5"},"7Q":{"25":"5"}},"4C":{"3G":{"GP":"5"}},"WW":{"PX":{"XM":"5"},"PJ":{"32":"5","42":"5"},"VR":{"8C":"5","85":"5"},"WM":{"M7":"5"},"WQ":{"4Q":"5","2H":"5"},"XP":{"XJ":"5","6G":"5","JV":"5"},"CJ":{"J5":"5","M6":"5","M5":"5","J6":"5"},"JF":{"HX":"5"},"RR":{"Q9":"5"},"MJ":{"WF":"5","6C":"5"},"XQ":{"X8":"5","R9":"5","66":"5","X9":"5","G5":"5","VC":"5","WC":"5","H4":"5","Q9":"5","84":"5","74":"5","G4":"5","RC":"5","Q7":"5","Q8":"5","P6":"5","4Q":"5","H5":"5","C4":"5","M6":"5","F5":"5","F4":"5","P7":"5","4C":"5","75":"5","M5":"5","94":"5","65":"5","W9":"5"}},"6R":{"MH":{"M2":"5"},"MG":{"MX":"5"}},"HF":{"2X":{"G4":"5"},"9Q":{"87":"5"}},"XR":{"3H":{"Q2":"5"},"3G":{"RW":"5","QW":"5"}},"CH":{"QM":{"PW":"5","QW":"5"},"MR":{"78":"5","95":"5"},"4F":{"2W":"5"},"CP":{"X4":"5"},"MQ":{"RP":"5"},"PM":{"H7":"5","W3":"5"},"7J":{"29":"5"},"JR":{"G7":"5"},"94":{"WR":"5"},"6J":{"X9":"5"}},"7F":{"MH":{"2W":"5"},"3M":{"JF":"5"},"4J":{"PJ":"5"},"R3":{"XC":"5"}},"42":{"JR":{"7P":"5"}}}}