{"index":{"university,1|retail,2|tourism,3|wreck,4|historical,5|artsCulture,6|namedBuilding,7|water,8|wetland,9|park,10|beach,11|natureReserve,12|cemetery,13|trail,14":{}},"6H":{"7Q":{"9F":{"J2":"5","G4":"5","F3":"5","G3":"5","G2":"5"},"JR":{"QM":"5","VV":"5","GH":"5","RR":"5","WV":"5"},"G7":{"32":"5","42":"5","73":"5"},"MQ":{"FF":"5"},"MP":{"G3":"5","C9":"5","9Q":"5"},"89":{"WW":"5"},"6F":{"XJ":"5","PP":"5"},"JV":{"P2":"5","Q4":"5"},"6G":{"6H":"5","6J":"5"},"7G":{"V2":"5","58":"5"},"CF":{"52":"5"},"PP":{"36":"5"},"99":{"5J":"5"},"8C":{"VV":"5","WV":"5"}},"M3":{"WV":{"M9":"5"}},"W7":{"X8":{"QR":"5"}},"J5":{"92":{"P2":"5"}},"X3":{"CJ":{"3H":"5"},"HV":{"X5":"5","R6":"5"},"JR":{"6M":"5"}},"F4":{"MH":{"H7":"5","J8":"5","J7":"5"},"77":{"CG":"5"}},"C3":{"8G":{"5H":"5","6H":"5"},"CG":{"HQ":"5"},"QR":{"2P":"5"},"CH":{"25":"5"}},"V2":{"PP":{"W4":"5"}},"X8":{"V6":{"6J":"5"},"X8":{"4C":"5"}},"XG":{"HG":{"GM":"5"},"GX":{"MM":"4"}},"QC":{"8G":{"V9":"5","VC":"5"},"9G":{"6Q":"4"}},"92":{"PX":{"35":"5","25":"5"},"PW":{"R5":"4"},"VX":{"4X":"5","5W":"5","6W":"5","6X":"5","5X":"5","4W":"5"},"FG":{"9W":"5"}},"VF":{"XR":{"H9":"5"}},"WC":{"C9":{"VQ":"5"}},"J4":{"CX":{"3F":"5"}},"82":{"Q4":{"HG":"5","GH":"5"},"M2":{"R8":"5","Q8":"5"}},"R6":{"J4":{"G7":"5"}},"H6":{"42":{"4Q":"5"},"RX":{"M8":"5","QG":"5","QF":"5","PF":"5","PG":"5"}},"XC":{"5C":{"2C":"5","29":"5"},"4C":{"XC":"5","XF":"5","X9":"5"}},"X4":{"99":{"5R":"5"},"9R":{"22":"5"},"8Q":{"XP":"5"},"84":{"5P":"5","5M":"5","7M":"5","4R":"5","5V":"5","4Q":"5","6M":"5","6Q":"5","6R":"5","7J":"5","6P":"5","5J":"5","65":"5","7Q":"5","7R":"5","5R":"5","5Q":"5","4P":"5","6J":"5"},"9Q":{"3X":"5"}},"W9":{"F9":{"G5":"5"},"GH":{"J6":"5","J7":"5"}},"RF":{"52":{"4G":"4"},"73":{"VH":"4"}},"J7":{"38":{"2F":"5","3G":"5"},"XC":{"82":"5"},"99":{"8M":"5"},"R7":{"XM":"5"},"V7":{"2M":"5"},"9W":{"56":"4"},"28":{"J6":"5","PH":"5","RP":"5","PQ":"5","PR":"5","QQ":"5","WG":"5","QR":"5","MV":"5"},"6M":{"99":"4","89":"4"}},"X2":{"F8":{"F6":"5"}},"M7":{"46":{"XR":"5"}},"M4":{"86":{"H9":"5","F9":"5"}},"WG":{"42":{"WR":"5"},"WF":{"PQ":"4"}},"X7":{"W5":{"PQ":"5"},"WC":{"J8":"5","M7":"5"}},"93":{"V2":{"52":"5","42":"5","62":"5"},"V3":{"99":"5","88":"5","8C":"5","89":"5","98":"5"}},"Q5":{"WH":{"W2":"5"}},"X6":{"M8":{"M3":"5","J5":"5","M5":"5","F4":"5","M6":"5","G6":"5","H5":"5","F5":"5","J4":"5","G3":"5","H6":"5","G4":"5","H7":"5","J6":"5","H3":"5","J7":"5","G5":"5","M7":"5","M4":"5","J3":"5","P6":"5","F3":"5","G7":"5","H4":"5","P5":"5"},"H3":{"9C":"5","7V":"5","6R":"5","7R":"5","6V":"5"},"G3":{"WF":"5"},"QC":{"JV":"5"}}}}