{"index":{"university,1|retail,2|tourism,3|wreck,4|historical,5|artsCulture,6|namedBuilding,7|water,8|wetland,9|park,10|beach,11|natureReserve,12|cemetery,13|trail,14":{}},"6J":{"XR":{"89":{"2W":"5"},"VP":{"W6":"5"},"5V":{"X2":"5"},"MH":{"FW":"5"},"FC":{"CW":"5","7M":"5","3P":"5","8V":"5"},"GR":{"2Q":"5","Q9":"5","2P":"5"},"C8":{"WP":"5"},"V8":{"2Q":"5"},"GG":{"35":"5"},"CV":{"M3":"5","J2":"5","M2":"5"},"CP":{"X6":"5","W4":"5","X5":"5"},"M7":{"PR":"5"},"7M":{"WM":"5","WQ":"5","WJ":"5","VW":"5"},"M8":{"JQ":"5","QP":"5"},"Q9":{"4W":"5"},"HM":{"JX":"5","6X":"5","7X":"5"},"HQ":{"4Q":"5"},"2J":{"XJ":"5"},"7G":{"JG":"5","4R":"5","7R":"5"},"GQ":{"3X":"5","34":"5","HM":"5"},"CQ":{"5W":"5"},"6V":{"J5":"5","9G":"5"},"9Q":{"PP":"5","VV":"5","PQ":"5","2M":"5"},"JH":{"7X":"5"},"MQ":{"RC":"5"},"3P":{"QP":"5","QQ":"5"},"HH":{"47":"5"},"4P":{"G7":"5"},"MF":{"WM":"5","VC":"5"},"6C":{"MC":"5"},"FF":{"5V":"5","QX":"5","VC":"5"},"MG":{"95":"5","P4":"5","J4":"5"},"XH":{"VQ":"5"},"QF":{"H8":"5","MM":"5"},"MW":{"85":"5"},"3J":{"CQ":"5"},"JJ":{"HX":"5"},"JC":{"4M":"5"},"PC":{"24":"5"},"6W":{"FQ":"5","GP":"5","GR":"5","HQ":"5"},"7P":{"3J":"5"},"X9":{"32":"5"},"JG":{"GQ":"5","HR":"5","C9":"5","4H":"5","R5":"5","3F":"5","CC":"5"},"CC":{"HW":"5"},"HX":{"V9":"5","HQ":"5"},"WF":{"G5":"5"},"5F":{"Q9":"5"},"3Q":{"W3":"5","W2":"5"},"X7":{"GQ":"5","FP":"5","FQ":"5","GP":"5","2H":"5"},"7R":{"QH":"5"},"9P":{"J8":"5"},"9H":{"XJ":"5","HG":"5","9M":"5","XG":"5","QF":"5","F7":"5","MF":"5","VG":"5","HC":"5","9J":"5","XH":"5","5Q":"5","QJ":"5","G9":"5"},"8M":{"HR":"5","HM":"5","HQ":"5","3W":"5"},"5P":{"7M":"5"},"5J":{"8G":"5","FH":"5","7F":"5","FG":"5","7C":"5","HH":"5","VP":"5"},"RM":{"27":"5","26":"5"},"VH":{"F8":"5","7Q":"5"},"3V":{"24":"5","94":"5"},"HJ":{"9M":"5","F8":"5","FC":"5","9P":"5","M5":"5"},"FG":{"2W":"5"},"CJ":{"Q6":"5","6G":"5","89":"5","M4":"5","4C":"5","MJ":"5"},"V9":{"MF":"5"},"6Q":{"8M":"5"},"CG":{"WP":"5","QV":"5","VP":"5"},"JM":{"MR":"5","C3":"5","GF":"5","6J":"5"},"8C":{"2G":"5"},"PG":{"JM":"5"},"9R":{"9X":"5"},"8G":{"QM":"5","GJ":"5","GP":"5","F4":"5","XH":"5"},"5G":{"PQ":"5"},"7C":{"JV":"5","6X":"5","HV":"5"},"W9":{"6H":"5"},"XF":{"8G":"5","MF":"5","HF":"5","GW":"5"},"9V":{"82":"5"},"9C":{"F4":"5"},"FJ":{"FH":"5","5C":"5","4C":"5"},"2Q":{"2C":"5","29":"5","6M":"5"},"F8":{"QH":"5","GQ":"5","GV":"5","WQ":"5","GP":"5","XR":"5","XQ":"5"},"3R":{"XH":"5"},"FH":{"MP":"5","83":"5","7H":"5","53":"5","43":"5"},"99":{"MC":"5"},"6M":{"QF":"5","MF":"5"},"MJ":{"QG":"5","6H":"5","M5":"5"},"Q8":{"5F":"5"},"M9":{"HF":"5","GM":"5"},"2P":{"R7":"5"},"8J":{"MF":"5","Q8":"5","PG":"5"},"6G":{"WR":"5"},"P8":{"CP":"5","9P":"5","7P":"5"},"HG":{"W6":"5","QG":"5","V2":"5","37":"5","GV":"5","R7":"5","W3":"5","M4":"5","27":"5","X5":"5","W8":"5"},"6J":{"J2":"5","FP":"5"},"9F":{"8G":"5","97":"5"},"7Q":{"W9":"5","JX":"5","FJ":"5"},"QC":{"MX":"5","M9":"5"},"HP":{"82":"5","J2":"5","52":"5","42":"5","H3":"5","F3":"5","72":"5","G3":"5","53":"5","F2":"5","H2":"5","G2":"5","84":"5","C2":"5","C4":"5"},"CM":{"26":"5"},"9G":{"62":"5","G6":"5"},"JP":{"PJ":"5","QJ":"5"},"W7":{"6C":"5","XH":"5","5Q":"5","8R":"5","7Q":"5","6V":"5","7R":"5","6W":"5"},"FP":{"44":"5","V5":"5","66":"5"},"MC":{"C5":"5"},"G8":{"GQ":"5","CG":"5","8M":"5","RP":"5","3R":"5","7M":"5","CH":"5","GR":"5","HV":"5","7Q":"5","QJ":"5"},"7H":{"R2":"5","VP":"5"},"GM":{"5V":"5","59":"5"},"2R":{"85":"5","66":"5","C4":"5"},"W8":{"XV":"5"},"HC":{"XF":"5","RR":"5"},"6R":{"WH":"5","3X":"5","RP":"5","PQ":"5"},"HF":{"R2":"5","VG":"5","GG":"5","GH":"5","QQ":"5","JR":"5","RQ":"5"},"CH":{"Q6":"5","R9":"5","VQ":"5","VM":"5","Q8":"5","JP":"5"},"JF":{"7M":"5","2R":"5"},"PJ":{"CH":"5"},"7F":{"96":"5","JP":"5","HX":"5","F4":"5"},"X6":{"9R":"5","8R":"5","4V":"5","8V":"5","8Q":"5"},"4H":{"J4":"5"},"2G":{"CQ":"5","CR":"5"},"2V":{"Q3":"5","V4":"5"}},"GM":{"67":{"GC":"5"},"PC":{"8P":"5"}},"PM":{"5G":{"H7":"5","C8":"5","C2":"5","H6":"5"},"5F":{"CP":"5"},"XF":{"47":"5"}},"RJ":{"GX":{"X3":"5","W3":"5","W4":"5","X4":"5","X2":"5"},"XV":{"HX":"5"},"HX":{"22":"5","23":"5"}},"RX":{"VV":{"V8":"5","HR":"5","QG":"5","RC":"5","MX":"5","8M":"5","WG":"5","VM":"5","CV":"5","MM":"5"},"VX":{"R2":"5","MF":"5","7W":"5","VQ":"5"},"XX":{"HM":"5"},"RW":{"8X":"5","6Q":"5"},"XV":{"4M":"5","QV":"5"},"FX":{"GM":"5"},"MW":{"X8":"5"},"JX":{"2G":"5"},"WW":{"2G":"5","88":"5","44":"5","7C":"5","87":"5"},"WX":{"Q6":"5","M2":"5","J5":"5","W2":"5","P6":"5","W3":"5","RV":"5","C5":"5"},"VW":{"W5":"5","V8":"5","RH":"5","J7":"5","RC":"5","3W":"5","RJ":"5","C8":"5","GG":"5","RV":"5","RF":"5","WM":"5","XG":"5","QR":"5"},"RV":{"9M":"5","MW":"5"},"WR":{"MV":"5","PV":"5","PR":"5","MW":"5"},"QV":{"QP":"5"},"WV":{"77":"5","38":"5","39":"5","67":"5","55":"5","5G":"5","JR":"5","M8":"5","5W":"5","F7":"5","CV":"5","6Q":"5","6J":"5","7G":"5","85":"5","82":"5","6V":"5","46":"5","75":"5"}},"HM":{"RG":{"P2":"5","M2":"5"},"VG":{"VP":"5"},"WG":{"MV":"5","PV":"5","JR":"5"}},"WW":{"93":{"F7":"5"},"R4":{"QV":"5"}},"FM":{"94":{"G2":"4"}},"PJ":{"3V":{"GQ":"5","FP":"5"},"6V":{"86":"5","87":"5"}},"XX":{"2V":{"PG":"5"},"MX":{"PX":"5"},"MW":{"CG":"5"},"77":{"QC":"5"},"5C":{"H9":"5","2X":"5","G8":"5","H8":"5","G9":"5"},"QX":{"VV":"5","VR":"5","WR":"5"},"JR":{"37":"5"}},"WV":{"49":{"XR":"5"},"M3":{"5G":"5"},"56":{"FX":"5"},"M4":{"HF":"5"},"83":{"Q4":"5","H3":"5","R8":"5","WC":"5","V3":"5","HC":"5"},"92":{"CV":"5","W4":"5"},"R7":{"2R":"5"},"8R":{"QW":"5","RX":"5","QX":"5"},"FM":{"V2":"5","H9":"5","H8":"5"},"G3":{"3Q":"5"},"95":{"63":"5"},"VM":{"23":"5"},"48":{"G9":"5"},"JV":{"C8":"5","MG":"5","96":"5","F9":"5","C6":"5","GG":"5","F4":"5","JF":"5","97":"5","G6":"5","G9":"5","G8":"5","JG":"5","F5":"5","98":"5","F7":"5","HH":"5","C5":"5","GF":"5","C9":"5","HG":"5","MH":"5","JH":"5","HF":"5","HC":"5","F6":"5","CC":"5","FC":"5","G5":"5","GC":"5","G7":"5","C7":"5","F8":"5","H9":"5"},"F5":{"H4":"5"},"3H":{"H3":"5","H2":"5"},"5C":{"RJ":"5","VF":"5"},"F4":{"JW":"5"},"8V":{"Q2":"5"},"C5":{"5H":"5","74":"5","73":"5","6Q":"5"},"MJ":{"WM":"5"},"3G":{"HX":"5"},"FJ":{"VX":"5"},"68":{"49":"5","48":"5","VM":"5","58":"5","QQ":"5","59":"5","VP":"5","RQ":"5"}},"RM":{"V6":{"CJ":"4"}},"XW":{"9R":{"CG":"5"},"V2":{"F8":"5","F7":"5"},"W5":{"52":"5","62":"5","73":"5"},"V5":{"4V":"5","3V":"5","7Q":"5","4W":"5","3W":"5"},"W3":{"4X":"5","WX":"5"},"W4":{"96":"5","HF":"5","2C":"5","GF":"5","P4":"5","9F":"5","86":"5","CC":"5","6X":"5","PV":"5","FF":"5","HQ":"5"},"W7":{"32":"5","33":"5"},"6Q":{"JM":"5"},"X5":{"7P":"5","8Q":"5"},"W2":{"PV":"5"}},"WR":{"JW":{"G4":"5","F4":"5"},"PP":{"QF":"5"},"9X":{"PJ":"5","JR":"5"},"WJ":{"8P":"5","29":"5","28":"5","8Q":"5"},"QV":{"78":"5"},"RJ":{"XX":"5","VV":"5","XW":"5","WW":"5","XV":"5","WV":"5","VW":"5"},"MQ":{"67":"5","77":"5","Q2":"5"},"WQ":{"RC":"5","6H":"5"},"FW":{"XQ":"5","J6":"5","VX":"5","JP":"5","RP":"5","PR":"5","JQ":"5","WQ":"5","JW":"5","JV":"5","MV":"5","MR":"5"},"VV":{"R3":"5"},"XG":{"HM":"5"},"MR":{"Q2":"5","GQ":"5","J6":"5","J7":"5","R3":"5","R4":"5","P6":"5","M8":"5","H5":"5","M6":"5","M7":"5","P7":"5","R2":"5","M5":"5"},"XJ":{"C5":"5","89":"5"},"VP":{"2M":"5"},"VQ":{"J5":"5","P5":"5","M5":"5"},"JX":{"4X":"5","4W":"5"},"QM":{"MF":"5"},"XX":{"VV":"5"},"WV":{"F9":"5"},"WH":{"4H":"5","2J":"5","3H":"5","2H":"5"},"GX":{"66":"5","56":"5","42":"5","53":"5","76":"5","2Q":"5","C6":"5","52":"5","F7":"5","7C":"5","32":"5","94":"5","65":"5"},"XP":{"G3":"5"},"HV":{"7Q":"5"},"VJ":{"4W":"5","M2":"5","X9":"5","2V":"5","R5":"5","3V":"5","2W":"5","3W":"5","5W":"5","2X":"5","6V":"5","J2":"5","4V":"5","R2":"5","V2":"5","6W":"5"},"HW":{"GV":"5","7M":"5","V4":"5"},"XW":{"CR":"5"},"XV":{"J9":"5"},"MX":{"2Q":"5"},"PQ":{"FF":"5"},"XM":{"4C":"5"},"VH":{"QX":"5","RX":"5","PR":"5","PX":"5","PC":"5","JX":"5","J9":"5","M8":"5","MX":"5","J8":"5","QR":"5"},"VM":{"22":"5"},"HX":{"Q6":"5"},"VX":{"M9":"5"},"WG":{"JV":"5","VP":"5"},"WP":{"M4":"5","J4":"5","H4":"5"},"FX":{"FP":"5","P3":"5","FQ":"5","Q3":"5","X4":"5","C4":"5"},"GW":{"3Q":"5","2X":"5","WP":"5","FH":"5","FQ":"5","8R":"5","XM":"5","V7":"5","W3":"5","7P":"5","Q2":"5","6V":"5"}},"XV":{"GJ":{"5M":"5","5J":"5"},"X3":{"52":"5"},"R4":{"CV":"5","9V":"5"},"62":{"46":"5"},"H2":{"F7":"5","HM":"5","F6":"5","GF":"5"},"P4":{"Q7":"5"}},"6J":{"88":{"9C":"4"},"M7":{"78":"4"}},"MM":{"JF":{"WP":"5","VP":"5"}},"VX":{"QX":{"M8":"5","J8":"5"},"4W":{"H7":"5","P6":"5","CC":"5","R5":"5"},"2V":{"9X":"5"},"5Q":{"G5":"4"},"3V":{"HR":"5","PR":"5","CP":"5","9M":"5","HJ":"5","9V":"5","JR":"5","HV":"5","FM":"5","CX":"5","JW":"5","GG":"5","9W":"5","HH":"5","GJ":"5","MV":"5","GV":"5"},"3W":{"99":"5","J3":"5","MF":"5","C7":"5","G6":"5","FJ":"5","H2":"5","C6":"5","M4":"5","RV":"5","9G":"5"},"8R":{"VW":"5"},"XR":{"HM":"5"},"5W":{"9X":"5"},"6R":{"5J":"5","9Q":"5"},"3X":{"46":"5","VV":"5","93":"5","CV":"5","XR":"5","X4":"5","WV":"5"},"6V":{"C7":"5"},"4V":{"5M":"5","FH":"5","JX":"5","4M":"5","QX":"5","3M":"5"},"4X":{"62":"5","43":"5"}},"WX":{"QW":{"VH":"5"},"XW":{"P5":"5","G8":"5","G9":"5"},"6Q":{"R7":"5"},"4P":{"FG":"5","GG":"5"}}}}