{"index":{"university,1|retail,2|tourism,3|wreck,4|historical,5|artsCulture,6|namedBuilding,7|water,8|wetland,9|park,10|beach,11|natureReserve,12|cemetery,13|trail,14":{}},"6M":{"Q2":{"XC":{"FH":"5","CH":"5","9F":"5"},"XG":{"JX":"5"},"WH":{"QH":"5","MQ":"5"},"WF":{"W2":"5"},"XP":{"69":"4"},"WJ":{"V8":"5"},"WG":{"XX":"5","VX":"5","XP":"5","PM":"5"},"X8":{"R8":"5"}},"RM":{"QR":{"5H":"5"}},"RX":{"CQ":{"FQ":"5"},"CV":{"H9":"5"},"JX":{"82":"5"},"JM":{"8H":"5","9H":"5"},"9Q":{"GV":"5"}},"RQ":{"34":{"F9":"5"}},"VX":{"J2":{"VV":"5","WW":"5"},"GJ":{"V6":"5"},"HJ":{"45":"5"},"HQ":{"HQ":"5"}},"XX":{"PX":{"PH":"5","6M":"5","6P":"5"},"48":{"WH":"5"},"V5":{"57":"5"},"FW":{"9M":"5"},"5V":{"M2":"5"},"HX":{"8M":"5","7M":"5","CX":"5","JP":"5","9X":"5"}},"PR":{"3X":{"8X":"5","CX":"5","FX":"5","9X":"5"},"PQ":{"GW":"5"},"JV":{"M2":"5"},"JR":{"CV":"5","CW":"5","FW":"5","9X":"5"}},"V3":{"PM":{"6X":"5","7X":"5"},"FR":{"96":"5","C6":"5"},"GM":{"2J":"5","3M":"5","3J":"5","2M":"5","R5":"5"},"GF":{"GG":"5"},"84":{"69":"5"},"74":{"74":"5"},"W2":{"R2":"5","X3":"5","W2":"5","X2":"5","R3":"5"},"GP":{"WF":"5","XF":"5"},"W3":{"7R":"5"},"V4":{"8G":"5"},"9R":{"6X":"5"},"7Q":{"MP":"5"},"CH":{"6H":"5","9G":"5"},"X2":{"33":"5","53":"5","83":"5","64":"5","23":"5","63":"5","84":"5","G4":"5","74":"5","62":"5","72":"5","52":"5","24":"5","32":"5","93":"5","73":"5"},"PP":{"63":"5","62":"5","72":"5"},"FJ":{"R8":"5"}},"MW":{"MP":{"6W":"5"},"7G":{"FX":"5"},"GJ":{"3F":"5"},"FH":{"CW":"5"},"4F":{"3R":"5"},"7H":{"WV":"5"},"HM":{"RH":"5","8W":"5","RC":"5","7W":"5","XR":"5","XF":"5","7V":"5","J7":"5","8V":"5","RM":"5"},"6G":{"4Q":"5"},"5G":{"V5":"5"},"JM":{"49":"5"},"PC":{"VW":"5"},"FJ":{"HG":"5","W6":"5","RG":"5","W5":"5","J3":"5","9C":"5","6C":"5","66":"5"},"JF":{"6V":"5"},"PM":{"QG":"5","MG":"5"},"JP":{"35":"5","4G":"5","Q2":"5","25":"5"},"GM":{"FM":"5","WX":"5"},"HV":{"3H":"5"}},"R3":{"M3":{"RR":"5"},"X3":{"M6":"5","R3":"5"},"P9":{"G4":"5","H2":"5"},"MQ":{"XG":"5"},"8F":{"VW":"5"},"44":{"CG":"5"},"V2":{"4C":"5"},"77":{"JV":"5","GR":"5","PG":"5"},"65":{"98":"5"},"55":{"G7":"5"},"VP":{"8P":"5","9P":"5"},"57":{"WR":"5"},"VR":{"4J":"5","9Q":"5"},"Q6":{"CM":"5"},"VQ":{"MV":"5","H3":"5","JV":"5"},"V3":{"C6":"5"},"QQ":{"3F":"5"},"P3":{"5V":"5"},"W9":{"8P":"5"},"67":{"JQ":"5"},"R2":{"XG":"5"},"M4":{"R4":"5"}},"QQ":{"V8":{"V6":"5"},"H9":{"C9":"5"},"H8":{"29":"5","GF":"5"},"R8":{"GW":"5"},"G8":{"XC":"5","W9":"5","W4":"5","WC":"5","X7":"5","X8":"5","W8":"5"},"R7":{"W3":"5"},"Q8":{"H6":"5"},"V7":{"C5":"5","F4":"5"},"G7":{"W8":"5"}},"W2":{"52":{"XM":"5","XP":"5"},"28":{"6G":"5","9F":"5","FH":"5","FJ":"5","W5":"5","7G":"5","V5":"5","PJ":"5","MV":"5","75":"5","CJ":"5","42":"5","PH":"5","7F":"5","MH":"5","64":"5","PW":"5","J3":"5","GH":"5"},"QG":{"52":"5","42":"5","83":"5","22":"5"},"27":{"FJ":"5","29":"5","Q4":"5","25":"5","39":"5","VM":"5","4R":"5","VJ":"5","XV":"5","R5":"5","4G":"5","PM":"5","HF":"5","24":"5","44":"5","P9":"5","P2":"5","Q5":"5","5P":"5","2P":"5","7J":"5","33":"5","4J":"5","FF":"5","HH":"5","MM":"5","R4":"5","WQ":"5","Q6":"5","4Q":"5","VH":"5","GJ":"5","FG":"5","JX":"5","HJ":"5","JG":"5","MP":"5","8C":"5","MG":"5","22":"5","G5":"5","RH":"5","42":"5","QG":"5","6H":"5","52":"5"},"48":{"2C":"5","2P":"5"},"34":{"2X":"5","5P":"5"},"39":{"RH":"5","88":"5","35":"5","F8":"5","MC":"5","86":"5","22":"5","92":"5","73":"5","R6":"5","4P":"5"},"99":{"7Q":"5","6G":"5","FV":"5","9Q":"5","9X":"5","FQ":"5","6F":"5","5F":"5","3W":"5","FW":"5","VV":"5","FR":"5","9V":"5","4X":"5","CX":"5","8Q":"5","CW":"5","5X":"5","7R":"5","CR":"5","9R":"5","CV":"5","8V":"5","8X":"5","8R":"5","9W":"5","5C":"5","6C":"5","FX":"5","CQ":"5","4G":"5","8W":"5"},"38":{"FV":"5","M5":"5","Q7":"5","44":"5","RC":"5","73":"5","FJ":"5","65":"5","H2":"5","G6":"5","75":"5","WC":"5","6W":"5","XC":"5","H7":"5","J6":"5","4W":"5","25":"5","J7":"5","R3":"5","J3":"5","6V":"5","P6":"5","H4":"5","RG":"5"},"26":{"5X":"5","34":"5","2J":"5","PR":"5","23":"5","J5":"5","44":"5","G4":"5","7M":"5","RG":"5","R7":"5","7P":"5","CM":"5","J9":"5","FM":"5","2X":"5","RF":"5","6J":"5","2R":"5","5J":"5","F4":"5","9P":"5","6W":"5","3R":"5","2H":"5"},"8G":{"W5":"5","X8":"5"},"PG":{"X8":"5"},"89":{"RW":"5","HR":"5","GQ":"5","XX":"5","JQ":"5","QW":"5","QR":"5","WQ":"5","GR":"5","RV":"5","WR":"5","QV":"5","HQ":"5","WX":"5","WV":"5","JR":"5","RQ":"5","VW":"5"},"29":{"JG":"5","H9":"5","CF":"5","J3":"5","M7":"5","P5":"5","M2":"5","V5":"5","Q5":"5","GG":"5","M5":"5","JF":"5","M4":"5","J6":"5","J7":"5","P7":"5","6J":"5"},"5X":{"4X":"5","5W":"5","4V":"5","5X":"5","4W":"5"},"36":{"4M":"5","8X":"5","G9":"5","7W":"5","8Q":"5","7Q":"5","6V":"5","9P":"5","GJ":"5","6W":"5","5M":"5"},"37":{"66":"5","8J":"5","6C":"5","76":"5","83":"5","MW":"5","GH":"5","HJ":"5","7W":"5","3W":"5","8R":"5","MX":"5","JW":"5","2R":"5","85":"5","3X":"5","82":"5","FF":"5","75":"5","65":"5","5M":"5"},"2G":{"67":"5"},"QF":{"3X":"5","3W":"5"},"9G":{"46":"5","35":"5","37":"5","56":"5","28":"5","F4":"5","27":"5","25":"5"},"35":{"9R":"5","8R":"5","9V":"5","6Q":"5"},"2Q":{"Q4":"5"},"H7":{"C4":"5"},"24":{"WF":"5","4W":"5","FW":"5","34":"5","2Q":"5","PC":"5","Q7":"5","3W":"5","8Q":"5","XF":"5","5V":"5","2M":"5","2P":"5","4V":"5","J8":"5"},"4M":{"96":"5","97":"5"},"HQ":{"M5":"5"},"9C":{"C2":"5","9C":"5","42":"5","8F":"5","23":"5","9F":"5","F3":"5","62":"5","22":"5","52":"5","CC":"5","32":"5","CF":"5","X4":"5","8C":"5","F2":"5"},"25":{"RX":"5","44":"5","P6":"5","3J":"5","3X":"5","R2":"5","4G":"5"},"QH":{"RF":"5"},"62":{"2M":"5","2P":"5"},"HF":{"9J":"5"},"2W":{"2F":"5","X5":"5"},"8C":{"V8":"5","V5":"5","V6":"5","W7":"5","F8":"5","X3":"5","V7":"5","W8":"5","H5":"5","G6":"5","M7":"5","X2":"5","X4":"5"},"Q8":{"2Q":"5"},"CG":{"4Q":"5"}},"JX":{"XJ":{"P6":"5"},"WP":{"C7":"5"},"X3":{"7F":"5"},"3X":{"53":"5"},"4R":{"66":"5","3G":"5"},"XR":{"94":"5"},"XQ":{"5X":"5"}},"WW":{"R9":{"J8":"5"},"38":{"V3":"5"},"J6":{"PW":"5"},"XX":{"9J":"5"},"2Q":{"WX":"5"},"9F":{"Q6":"5"},"2W":{"W5":"5"},"97":{"35":"5"},"V7":{"57":"5"},"C6":{"3W":"5"},"H6":{"JM":"5"},"M6":{"WW":"5","XR":"5","RR":"5"},"MG":{"VF":"5"},"89":{"5Q":"5"},"M7":{"83":"5","73":"5"},"2R":{"JC":"5","HF":"5","3R":"5","W2":"5"},"P7":{"44":"5","C4":"5"},"29":{"X2":"5"},"28":{"HC":"5"}},"W3":{"J6":{"CC":"5"},"G5":{"XG":"5","XH":"5"},"J5":{"WC":"5"},"H6":{"GQ":"5","FR":"5","HR":"5","MW":"5","CQ":"5","HV":"5","GW":"5","JW":"5","JV":"5","HW":"5","GR":"5","MV":"5","GV":"5"},"F7":{"CP":"5","CM":"5"},"P5":{"8G":"5"},"89":{"4P":"5"},"32":{"JG":"5"},"C7":{"99":"5"},"V2":{"C5":"5","95":"5"},"98":{"W7":"5"}},"XW":{"XJ":{"8P":"5"},"VJ":{"47":"5"},"XH":{"J2":"5","G2":"5"}},"MX":{"95":{"28":"5"},"85":{"H6":"5"},"6J":{"32":"5"}},"9X":{"XH":{"6H":"5"}},"HV":{"6H":{"JQ":"5"},"3F":{"5P":"5"},"7J":{"R9":"5"}},"WX":{"GX":{"43":"5"},"5M":{"CG":"5","6J":"5"},"69":{"39":"5"},"8W":{"WQ":"5"},"CX":{"H7":"5","G7":"5"},"2M":{"W2":"5"},"FX":{"X3":"5","55":"5"}},"VW":{"X9":{"J7":"5"},"X7":{"2J":"5"},"PQ":{"RC":"5","VF":"5"},"QQ":{"78":"5","68":"5","67":"5","77":"5"},"W7":{"4X":"5"},"R7":{"VV":"5","XV":"5"},"Q8":{"64":"5"},"V7":{"3R":"5"},"V9":{"VJ":"5","V3":"5","HX":"5"},"P8":{"X2":"5"}},"JW":{"MR":{"CW":"5"},"J2":{"R2":"5","FP":"5","HC":"5"},"RG":{"7H":"5"},"MW":{"8G":"5"},"8W":{"QR":"5"},"JV":{"65":"5"},"WJ":{"Q6":"5"},"J4":{"F4":"5"},"HH":{"J4":"5"}},"X2":{"P3":{"MW":"5"},"M3":{"54":"5","CR":"5"},"9C":{"W5":"5","V5":"5","M5":"5"},"8J":{"X6":"5"},"2J":{"VP":"5"},"M2":{"28":"5","76":"5","2J":"5","59":"5","3F":"5","48":"5","J2":"5","7M":"5","2M":"5","6H":"5","FP":"5","2F":"5","GP":"5","39":"5","4V":"5","65":"5","55":"5","FM":"5","29":"5","2R":"5","75":"5","66":"5","9P":"5","74":"5","2G":"5","FG":"5","2H":"5","3C":"5","4W":"5","84":"5","5J":"5","64":"5","6J":"5","85":"5","6R":"5","5C":"5","5H":"5","47":"5","HP":"5","2C":"5"},"2V":{"M8":"5"},"R6":{"FQ":"5"},"8P":{"CG":"5"},"GC":{"24":"5","F4":"5"},"R3":{"79":"4"},"J3":{"X3":"5","W4":"5"},"9J":{"35":"5","HC":"5"},"6Q":{"FC":"5"},"7C":{"95":"5"},"3H":{"29":"5","28":"5"},"J2":{"XJ":"5","XM":"5","WM":"5","WQ":"5","XH":"5"},"4V":{"7Q":"5"},"HC":{"VP":"5"},"99":{"H8":"5"},"2H":{"X9":"5","X8":"5"}},"QV":{"54":{"MQ":"5"},"46":{"WC":"5","WG":"5"},"62":{"9X":"5"}},"JV":{"CX":{"QR":"5"},"7Q":{"M9":"5"}},"GX":{"69":{"88":"5"}},"PV":{"32":{"H9":"5","H8":"5","M9":"5","G8":"5","H4":"5","H7":"5","G4":"5","F3":"5","J9":"5","H6":"5","H5":"5","G7":"5","G3":"5","G2":"5","F2":"5"},"GX":{"33":"5"},"FX":{"9G":"5"}},"R2":{"CP":{"GM":"5"},"JV":{"P6":"5","M7":"5","M6":"5","P7":"5"},"52":{"RW":"4"},"GM":{"Q6":"5"},"63":{"M3":"5"},"WJ":{"XM":"5"},"P9":{"FJ":"5"},"RX":{"75":"5"},"C3":{"3X":"5","JP":"5"},"M6":{"XC":"5"},"R5":{"M3":"5"},"FP":{"H3":"5"},"2F":{"8G":"5"},"V2":{"33":"5"},"Q3":{"M2":"5"},"72":{"RQ":"5"},"W5":{"2V":"5"},"53":{"8Q":"5"},"C2":{"R8":"5"},"26":{"H7":"5","QH":"5","H9":"5","J8":"5","X3":"5","G8":"5","G7":"5","F9":"5","J7":"5","H8":"5","8Q":"5","MM":"5","G9":"5"},"VR":{"4J":"5"},"3V":{"7F":"5"},"V5":{"FJ":"5"},"M9":{"MM":"5"},"W3":{"3P":"5"},"XQ":{"99":"5","3F":"5"},"36":{"54":"5"},"V4":{"HW":"5","58":"5","39":"5"},"37":{"86":"5"},"XC":{"X5":"5"},"2Q":{"GV":"5","FV":"5","9W":"5"},"VJ":{"7F":"5"},"HH":{"MF":"5"},"MC":{"J2":"5","H8":"5"},"Q2":{"FC":"5"},"WM":{"Q6":"5"},"MP":{"34":"5"},"P3":{"77":"5"},"VH":{"RX":"5"},"MF":{"89":"5"},"R2":{"XG":"5","29":"5","CR":"5"},"Q9":{"GW":"5"},"WF":{"2W":"5"},"M4":{"RV":"5"},"W6":{"24":"5","F2":"5"},"W4":{"M9":"5","2H":"5"},"P6":{"55":"5"},"WG":{"63":"5","G3":"5","7C":"5"},"R4":{"FF":"5"},"Q5":{"6Q":"5","4C":"5","GF":"5"},"Q4":{"HX":"5"},"CQ":{"W3":"5"},"P5":{"3X":"5","FQ":"5"},"X6":{"4F":"5","3F":"5","36":"5"}},"QR":{"6P":{"32":"5","33":"5"}},"PW":{"43":{"Q8":"5"},"27":{"7R":"5"}},"V2":{"W8":{"M8":"5","88":"5","GJ":"5","FP":"5","8H":"5","49":"5","48":"5","68":"5","MW":"5","6G":"5","F6":"5","PQ":"5","XV":"5","P8":"5","X9":"5","J4":"5","6R":"5","59":"5","WV":"5","QJ":"5","6J":"5"},"FJ":{"W8":"5"},"R8":{"96":"5","95":"5","76":"5","86":"5","77":"5","87":"5","85":"5","97":"5"},"QJ":{"8R":"5"},"F8":{"XP":"5"},"H7":{"W6":"5","W5":"5","V7":"5","X6":"5","W7":"5","V6":"5","X5":"5"},"6F":{"QF":"5"},"VM":{"32":"5","F2":"5","4Q":"5"},"X9":{"Q2":"5","M2":"5","H7":"5","R4":"5","58":"5","48":"5","FF":"5","75":"5","35":"5","68":"5"},"VJ":{"4X":"5"},"F6":{"9M":"5"},"23":{"MR":"5"},"G7":{"PC":"5"},"WH":{"5G":"5"},"3M":{"9P":"5"},"RG":{"76":"5"},"XX":{"4X":"5","6X":"5"},"X4":{"CP":"5","C8":"5","J9":"5","2J":"5","W7":"5","7J":"5","FP":"5","GP":"5","99":"5","87":"5","89":"5","XQ":"5","7X":"5","79":"5","CR":"5","98":"5","CV":"5","XP":"5","HH":"5","4C":"5","QH":"5","4H":"5","HP":"5"},"C9":{"83":"5","53":"5"},"X5":{"P3":"5","87":"5","96":"5","H3":"5","5Q":"5","WH":"5","PX":"5","PC":"5","GC":"5","Q9":"5","QF":"5","97":"5","6Q":"5","89":"5","6F":"5","WJ":"5","F5":"5","WM":"5","6R":"5","FH":"5","C5":"5","29":"5","7R":"5","65":"5"},"W5":{"9R":"5","8X":"5","FP":"5","FH":"5","49":"5","9H":"5","CP":"5","8W":"5","FG":"5","7V":"5","8V":"5","59":"5","7R":"5"},"32":{"Q6":"5","2F":"5","P5":"5","PM":"5"},"XQ":{"C5":"5","96":"5","95":"5","56":"5","C6":"5"},"X6":{"M3":"5","RV":"5","PV":"5","M8":"5","RJ":"5","3Q":"5","QC":"5","VQ":"5","MV":"5","J4":"5","G3":"5","G4":"5","XP":"5","2Q":"5","94":"5","VW":"5","H3":"5","P3":"5","J3":"5","Q8":"5","RW":"5","H4":"5"},"WX":{"GV":"5","VX":"5"},"G4":{"MJ":"5"},"88":{"P2":"5"},"MJ":{"9W":"5"},"44":{"7P":"5"},"WM":{"GW":"5"},"QH":{"5C":"5"},"53":{"35":"5"},"7J":{"VQ":"5","RM":"5","VX":"5","RP":"5","QP":"5","MX":"5","VM":"5","VR":"5","WJ":"5","65":"5","QM":"5"},"33":{"CV":"5"},"J4":{"32":"5","PV":"5","33":"5","23":"5"},"7H":{"CW":"5","9V":"5"},"H4":{"X3":"5","FG":"5"},"X8":{"7Q":"5","J9":"5","56":"5","PV":"5","QG":"5","FH":"5","GG":"5","FF":"5","2M":"5","M6":"5","6Q":"5","XG":"5","7G":"5","8G":"5","9V":"5","3V":"5","QX":"5","V5":"5","MV":"5","9H":"5","WH":"5","9G":"5","QQ":"5","MP":"5","6J":"5","XF":"5","HF":"5","CH":"5","M7":"5","W6":"5","WG":"5","WP":"5","7H":"5"},"F9":{"Q8":"5","R6":"5"},"4P":{"G7":"5","W2":"5"},"7M":{"6J":"5"},"2C":{"3P":"5"},"W7":{"GQ":"5","R9":"5","2J":"5","87":"5","Q9":"5","F3":"5","7P":"5","W8":"5","9J":"5","CH":"5","QC":"5","8M":"5","VM":"5","GG":"5","6Q":"5","CC":"5","FG":"5","6W":"5","F2":"5"},"65":{"FV":"5","X7":"5"},"W9":{"GQ":"5","H2":"5","96":"5","J6":"5","8H":"5","CP":"5","Q8":"5","G3":"5","57":"5","89":"5","P8":"5","G2":"5","X4":"5","W9":"5","7H":"5"},"43":{"RV":"5"},"X7":{"CP":"5","GM":"5","MJ":"5","6H":"5","X9":"5","QR":"5","XG":"5","WC":"5","9P":"5","74":"5","98":"5","X4":"5","HH":"5","3G":"5","MP":"5","QQ":"5","W9":"5","HG":"5","JJ":"5","4R":"5","6J":"5","X2":"5","WF":"5","4Q":"5","GH":"5","CQ":"5"},"67":{"57":"5"},"W4":{"G8":"5","M6":"5","57":"5","PC":"5","MG":"5","Q9":"5","QC":"5"},"W6":{"QW":"5","FR":"5","8F":"5","5Q":"5","QP":"5","HF":"5","78":"5","63":"5","JQ":"5","RC":"5","PJ":"5","7P":"5","9X":"5","52":"5","7Q":"5","7V":"5","57":"5","GX":"5","75":"5","F2":"5"},"VP":{"GP":"5"},"7G":{"49":"5"},"RX":{"CV":"5","FX":"5"},"G5":{"MP":"5"},"95":{"64":"5","63":"5","74":"5","73":"5"},"42":{"93":"5"},"8J":{"46":"5","47":"5","36":"5"},"J7":{"25":"5"},"5Q":{"HG":"5"}},"MV":{"7X":{"FP":"5"}},"GV":{"RR":{"MH":"5"}},"MR":{"MV":{"PR":"5"},"PV":{"G3":"5"},"PR":{"VQ":"5","RQ":"5","QJ":"5","RR":"5","QH":"5","PX":"5","GF":"5","PJ":"5","RJ":"5","JG":"5","MP":"5","HH":"5","MH":"5","PP":"5","MM":"5","JJ":"5","PW":"5","HP":"5","QM":"5"},"QR":{"2J":"5","7F":"5","7C":"5","3J":"5"},"MW":{"38":"5","24":"5","39":"5"},"JV":{"MW":"5","FW":"5","FX":"5"},"JW":{"5F":"5","56":"5","3C":"5","H4":"5","6P":"5","7P":"5","9J":"5","F6":"5","5J":"5","4X":"5","3G":"5","FG":"5"},"RQ":{"P2":"5","F6":"5","C6":"5"}}}}