{"index":{"university,1|retail,2|tourism,3|wreck,4|historical,5|artsCulture,6|namedBuilding,7|water,8|wetland,9|park,10|beach,11|natureReserve,12|cemetery,13|trail,14":{}},"6P":{"8W":{"GX":{"3Q":"5"}},"RW":{"38":{"F7":"5"}},"W6":{"JP":{"4C":"5"}},"J4":{"R9":{"5P":"5","5F":"5"},"C2":{"X7":"5","X8":"5"},"56":{"VX":"5","RX":"5","WX":"5","WV":"5"},"92":{"6Q":"5"},"78":{"44":"5","34":"5","33":"5"},"HJ":{"J8":"5"},"67":{"H8":"5"},"74":{"MM":"5"},"57":{"R2":"5","V2":"5","W4":"5","X4":"5","Q7":"5"},"P5":{"24":"5","35":"5","25":"5"},"3H":{"2C":"5"},"3M":{"44":"5"},"2H":{"W6":"5","V7":"5","W9":"5"},"F2":{"28":"5","27":"5"}},"PQ":{"WC":{"QW":"5","XM":"5"},"Q2":{"F8":"5","F7":"5"}},"V2":{"5H":{"54":"5","XQ":"5"},"2F":{"5W":"5"},"6H":{"2Q":"5","2V":"5","5W":"5","5V":"5","6V":"5"},"5J":{"65":"5"}},"GR":{"HR":{"94":"5"},"C3":{"V6":"5"}},"5C":{"M3":{"GG":"5","GH":"5"},"7G":{"RJ":"5","HW":"5"},"7H":{"H9":"5","CF":"5","CC":"5","FC":"5","W4":"5","FF":"5"},"J9":{"6W":"5"}},"C8":{"44":{"F7":"5"},"34":{"X6":"5"}},"H6":{"49":{"V6":"5"},"42":{"8P":"5","CX":"5","PG":"5","FX":"5","9X":"5"},"43":{"J3":"5","47":"5","H3":"5","C3":"5","F4":"5","2H":"5"},"44":{"QR":"5","RV":"5","G5":"5","C2":"5"},"C4":{"J3":"5","H3":"5"},"95":{"MG":"5"},"93":{"9R":"5","X4":"5"},"4C":{"96":"5","87":"5","G5":"5","G8":"5","83":"5","84":"5","74":"5","F8":"5","97":"5","C6":"5","G7":"5","F7":"5","C8":"5","G6":"5","C4":"5","95":"5","F6":"5","88":"5","F5":"5","F4":"5","85":"5","C5":"5","75":"5","C7":"5","73":"5","98":"5","94":"5"}},"G2":{"8J":{"PV":"5","PR":"5"},"8X":{"8W":"5","7W":"5","7V":"5","8V":"5"},"V8":{"V6":"5"},"PG":{"3V":"5"},"2P":{"2G":"5"}},"GG":{"2V":{"CQ":"5","FR":"5"},"44":{"Q3":"5"}},"CP":{"GW":{"9M":"5"}},"WH":{"JW":{"V9":"5"}},"M8":{"66":{"HG":"5"}},"H4":{"54":{"GJ":"5"},"F3":{"RQ":"5"},"XV":{"FP":"5"},"F4":{"95":"5","VR":"5"},"QV":{"QP":"5"},"H6":{"5V":"5"}},"RR":{"2G":{"FR":"5"},"VV":{"H3":"5"},"22":{"63":"5"},"55":{"FX":"5"}},"86":{"XP":{"PP":"5","MP":"5","JM":"5","JP":"5","PM":"5","MM":"5"},"PM":{"3R":"5"},"XQ":{"HP":"5"},"H6":{"JW":"5"}},"P3":{"J3":{"JP":"5"},"H3":{"HG":"5"},"22":{"F9":"5","GF":"5"},"F9":{"MG":"5","RM":"5"},"57":{"P6":"5"},"G2":{"87":"5"},"J4":{"X3":"5"},"85":{"53":"5"},"H4":{"P6":"5","P7":"5","W2":"5"},"F5":{"GF":"5","97":"5"}},"GC":{"WX":{"6Q":"5","6R":"5","7R":"5","7Q":"5"}},"3H":{"PP":{"7G":"5"},"VX":{"8G":"5"},"PR":{"Q5":"5"},"WW":{"P2":"5"},"WR":{"CF":"5","FF":"5"},"VP":{"CF":"5","GF":"5"}},"C5":{"GJ":{"CV":"5","CW":"5","FV":"5","FW":"5"},"P3":{"P2":"5"},"CJ":{"48":"5"},"GM":{"C8":"5","F8":"5","CC":"5","FC":"5","F9":"5","GH":"5","F4":"5","C9":"5","F5":"5"}},"PP":{"C2":{"98":"5"},"RM":{"99":"5","46":"5","86":"5","34":"5","45":"5"},"VX":{"M8":"5","J7":"5"},"H6":{"H9":"5"},"H5":{"GW":"5"},"VW":{"VV":"5","PM":"5","RP":"5","JH":"5","PR":"5","HG":"5","QQ":"5","JG":"5","HH":"5","RV":"5","PV":"5","XM":"5"},"WR":{"PP":"5"},"RV":{"WQ":"5"},"MC":{"6Q":"5"},"F2":{"42":"5"}},"6X":{"VC":{"24":"5","F8":"5","83":"5","F7":"5","CC":"5","67":"5","84":"5"},"8P":{"RG":"5","VG":"5"},"CP":{"3F":"5"},"QF":{"VR":"5","XQ":"5"},"RC":{"MC":"5","JC":"5","M9":"5","CM":"5","J9":"5","CJ":"5","4W":"5"},"VG":{"P6":"5","Q6":"5"},"8Q":{"F2":"5"},"CG":{"9P":"5"},"QC":{"HV":"5"},"WG":{"RW":"5","39":"5"},"RF":{"52":"5","42":"5"},"PF":{"P6":"5","R7":"5","V7":"5","R8":"5","V8":"5","W7":"5","Q8":"5","Q7":"5","P7":"5"},"FH":{"2V":"5"},"HC":{"HR":"5","GV":"5","8P":"5","GR":"5","8Q":"5"},"FJ":{"CP":"5"}},"J3":{"RM":{"M6":"5"},"QJ":{"WC":"5"},"RP":{"H3":"5"},"PC":{"XV":"5"},"WP":{"M4":"5","W2":"5"},"QF":{"XR":"5"},"RC":{"HC":"5","P7":"5"},"WW":{"HF":"5"},"XF":{"W5":"5"},"V9":{"P6":"5"},"WG":{"2J":"5"},"CV":{"Q6":"5","Q5":"5","R6":"5","R5":"5","94":"5"},"WM":{"FM":"5","RX":"5","FJ":"5"},"PW":{"HR":"5","GV":"5","HV":"5"}},"FV":{"X9":{"X7":"5"},"G5":{"RP":"5"},"86":{"QH":"5","CH":"5","RM":"5"},"F5":{"F8":"5"},"F4":{"XM":"5"},"MC":{"WV":"5"},"C7":{"2G":"5"},"C3":{"FP":"5"}},"WV":{"86":{"M2":"5"}},"CQ":{"3V":{"C6":"5"},"66":{"33":"5"}},"9Q":{"H7":{"J3":"5"},"88":{"27":"5"},"35":{"F9":"5"},"XG":{"M5":"5"},"R9":{"MJ":"5"},"MF":{"76":"5","48":"5"},"M9":{"5G":"5"},"68":{"69":"5"},"34":{"X9":"5"},"GC":{"F3":"5"},"W3":{"33":"5"},"RC":{"H7":"5"},"57":{"Q5":"5"},"HC":{"CF":"5"},"V6":{"53":"5"},"58":{"F9":"5"},"PH":{"QP":"5"},"R6":{"2R":"5"},"Q7":{"F7":"5"},"C9":{"6G":"5","7P":"5","4C":"5"},"66":{"27":"5"},"W2":{"XX":"5"},"FF":{"FW":"5"},"H6":{"PX":"5","PW":"5"},"C4":{"98":"5"}},"JH":{"7R":{"WC":"5"}},"3P":{"QX":{"QF":"5","X7":"5"},"RX":{"48":"5","68":"5"},"M4":{"F7":"5","68":"5","V4":"5","R6":"5"},"G8":{"XH":"5"},"V3":{"V5":"5"},"Q9":{"QH":"5","75":"5"},"RG":{"VR":"5"},"Q8":{"VG":"5","RF":"5","RC":"5","VF":"5"},"VM":{"27":"5"},"J4":{"PX":"5"},"JJ":{"QM":"5","RG":"5","RF":"5","VC":"5"}},"G3":{"C9":{"MQ":"5"},"HF":{"JC":"5"},"GC":{"QR":"5","9W":"5","6V":"5","RQ":"5"},"GF":{"52":"5","93":"5","62":"5","G3":"5","73":"5"},"FH":{"8Q":"5"},"82":{"V9":"5","GC":"5","V8":"5","HC":"5","WG":"5","79":"5"},"F9":{"54":"5","88":"5","48":"5","85":"5","97":"5"},"CF":{"C5":"5","X7":"5"},"FG":{"H8":"5"},"94":{"4H":"5","36":"5","7J":"5"}},"Q3":{"P2":{"WG":"5"},"G8":{"RV":"5"},"H8":{"3W":"5"}},"4P":{"75":{"69":"5"}},"R3":{"G7":{"RJ":"5"},"3C":{"52":"5"},"CR":{"C6":"5","GF":"5"},"V6":{"HP":"5"}},"75":{"3R":{"HW":"5"},"X6":{"F7":"5"},"3V":{"2X":"5","8M":"5","FG":"5"},"X5":{"GJ":"5","CJ":"5"},"X7":{"C6":"5"}},"C3":{"G3":{"C3":"5"},"29":{"6G":"5","5G":"5"},"77":{"35":"5"}},"4G":{"FJ":{"82":"5","32":"5","42":"5","8H":"5","FC":"5","92":"5","V8":"5","67":"5","57":"5","33":"5","55":"5","84":"5","98":"5"},"8P":{"32":"5"},"P6":{"H4":"5"},"FH":{"VC":"5"},"HP":{"47":"5","4G":"5"},"39":{"HR":"5","37":"5","HW":"5","JW":"5","HV":"5"},"59":{"W7":"5","P9":"5","R8":"5","QV":"5","C6":"5","M6":"5","R7":"5","Q7":"5","X8":"5","XG":"5","P4":"5","V8":"5","Q6":"5","P7":"5","5G":"5","JC":"5","R6":"5","V7":"5","MC":"5","XM":"5","W4":"5","P6":"5","X7":"5","Q5":"5"},"6F":{"RJ":"5","JF":"5","2M":"5","FW":"5","GJ":"5","7X":"5","G3":"5","JC":"5","JQ":"5","G4":"5","GX":"5","CV":"5","HW":"5","MC":"5","HQ":"5","MF":"5","FX":"5"},"X9":{"CH":"5","MQ":"5","JR":"5"},"P5":{"WP":"5"},"F5":{"QX":"5"},"8F":{"J7":"5"},"8R":{"8V":"5"},"2G":{"XR":"5"},"XC":{"V5":"5"},"9R":{"M7":"5","M6":"5"},"54":{"GF":"5"},"Q8":{"RR":"5"},"CV":{"M5":"5"},"7F":{"2V":"5","3V":"5","P7":"5","4W":"5"},"FR":{"46":"5"},"79":{"QG":"5","3X":"5","6H":"5","2P":"5","3G":"5","H6":"5"},"68":{"6F":"5"},"76":{"4Q":"5"},"96":{"XF":"5"},"FQ":{"8R":"5","3H":"5"},"CR":{"P9":"5","QG":"5","FH":"5","GG":"5","HJ":"5","RX":"5","RC":"5","97":"5","9J":"5","RH":"5","CF":"5","V5":"5","J4":"5","9G":"5","HH":"5","MC":"5","58":"5","JJ":"5","MF":"5","FC":"5","CH":"5","CG":"5"},"VC":{"C3":"5"},"HM":{"3H":"5","6H":"5"},"V7":{"WH":"5"},"8H":{"QG":"5"},"88":{"6W":"5","WG":"5","6V":"5"},"CQ":{"PX":"5","VH":"5","JM":"5","WX":"5"},"9X":{"JF":"5"},"P9":{"VX":"5"},"P2":{"XG":"5","WH":"5","WG":"5","XH":"5"},"45":{"R5":"5"},"GM":{"7W":"5"},"7C":{"8J":"5","42":"5","4M":"5","7M":"5","74":"5","7P":"5","J3":"5","F6":"5","75":"5","65":"5"},"JJ":{"QQ":"5"},"9V":{"PR":"5","VC":"5"},"CJ":{"XG":"5"},"7H":{"PR":"5"},"PC":{"R2":"5","R4":"5","Q3":"5","43":"5"},"FF":{"W4":"5","X5":"5"},"5C":{"WH":"5","MF":"5","H8":"5","6P":"5","C2":"5"},"XF":{"F9":"5"},"JP":{"MP":"5","MM":"5"},"5F":{"XM":"5","PC":"5","V6":"5","Q9":"5","85":"5"},"9J":{"WW":"5"},"2H":{"R2":"5","R7":"5","R8":"5","XP":"5"},"FP":{"JV":"5","HX":"5"},"78":{"82":"5"},"6C":{"QW":"5","W5":"5","X8":"5","QX":"5","V5":"5","92":"5","R4":"5","XF":"5","VW":"5","88":"5","X2":"5","PW":"5","QM":"5","28":"5"},"FG":{"GQ":"5","V3":"5","HQ":"5"},"M6":{"36":"5"},"38":{"V9":"5","F9":"5"},"8C":{"68":"5"},"MG":{"92":"5","V6":"5","45":"5"},"89":{"26":"5"},"7G":{"53":"5","43":"5"},"CH":{"8P":"5","7H":"5","8Q":"5"},"58":{"XG":"5","PC":"5","3V":"5","3M":"5"},"JM":{"VR":"5"},"CP":{"QR":"5","XP":"5","RR":"5","QQ":"5","RQ":"5"},"69":{"6G":"5","28":"5","GM":"5","FQ":"5","59":"5","27":"5","HJ":"5","QP":"5","88":"5","7C":"5","29":"5","QM":"5","CW":"5","JG":"5","2G":"5","VJ":"5","JP":"5","FG":"5","QQ":"5","58":"5","JJ":"5","RP":"5","9W":"5","68":"5","46":"5","8W":"5"},"87":{"48":"5"},"6G":{"H3":"5","86":"5","87":"5"},"84":{"MG":"5"},"72":{"P6":"5","J3":"5","Q5":"5","J4":"5"}},"H3":{"G5":{"XG":"5","XH":"5"}},"57":{"WW":{"J3":"5","M2":"5"},"CJ":{"H9":"5","PJ":"5"},"9J":{"97":"5"},"WV":{"HM":"5"}},"X2":{"M3":{"F7":"5","F9":"5"},"P3":{"W4":"5"},"G3":{"V3":"5"},"F2":{"9X":"5"},"H2":{"4M":"5","C6":"5","4J":"5"},"Q2":{"P3":"5","J7":"5","94":"5"},"C2":{"WF":"5","J9":"5"}},"M5":{"R7":{"VM":"5","VP":"5"}},"FF":{"XC":{"64":"5"},"VC":{"56":"5","55":"5"},"X8":{"FQ":"5","CX":"5"}},"49":{"XJ":{"RG":"5"},"VJ":{"M4":"5"},"QV":{"CM":"5","HX":"5"},"WG":{"QX":"5"},"XH":{"JX":"5"},"JR":{"Q6":"5","Q5":"5"},"VW":{"C8":"5","F8":"5","F7":"5","W9":"5","C7":"5"}},"3X":{"GV":{"6V":"5"}},"XV":{"2J":{"MV":"5"}},"MM":{"52":{"FQ":"5"},"RQ":{"5R":"5"}},"96":{"2Q":{"66":"5","C4":"5"}},"4M":{"V9":{"45":"5"},"W6":{"PM":"5"},"R7":{"32":"5"},"RF":{"QM":"5"},"XV":{"R5":"5"},"7W":{"2G":"5"},"6R":{"X6":"5"},"65":{"XM":"5"}},"F4":{"JG":{"MG":"5"},"JC":{"6V":"5"},"X4":{"X6":"5"}},"3J":{"V2":{"W5":"5","X7":"5"},"W5":{"8G":"5","4G":"5"},"V5":{"R8":"5"},"X6":{"M6":"5","M5":"5"},"V4":{"XX":"5"},"QX":{"PM":"5"},"RV":{"JW":"5"}},"F2":{"77":{"JH":"5"},"38":{"VV":"5"},"M2":{"WF":"5","XH":"5","WH":"5","XC":"5","XF":"5","WG":"5","XG":"5","XM":"5"},"H3":{"HP":"5"},"M9":{"V9":"5","RC":"5"},"3C":{"M9":"5"},"QJ":{"GJ":"5","CP":"5"},"39":{"66":"5","3G":"5"},"76":{"H7":"5","J7":"5"},"GH":{"P3":"5"},"F3":{"P2":"5"},"8Q":{"CH":"5"},"P2":{"2M":"5","2H":"5"},"3J":{"XW":"5"},"MP":{"8M":"5"},"8W":{"JH":"5"},"3M":{"V3":"5"},"FP":{"CW":"5"},"29":{"W3":"5","W4":"5","V3":"5","V4":"5","X7":"5"},"GJ":{"M8":"5","HC":"5"},"FG":{"94":"5"},"94":{"G7":"5","F9":"5"},"P9":{"H8":"5"}},"2X":{"77":{"Q2":"5"},"9C":{"95":"5","MC":"5","62":"5","C3":"5","7P":"5"},"G9":{"PV":"5"},"H7":{"73":"5"},"GC":{"4F":"5"},"G3":{"RC":"5","Q2":"5"},"CC":{"53":"5"},"7C":{"W7":"5","X8":"5"},"9H":{"H8":"5"},"G2":{"CW":"5"},"99":{"FP":"5","FQ":"5"}},"68":{"44":{"MJ":"4"},"2P":{"C4":"5"},"7J":{"65":"5"}},"C4":{"C5":{"VH":"5"},"G4":{"87":"5"},"GC":{"6R":"5"}},"JJ":{"2W":{"8Q":"5"}},"4F":{"87":{"XQ":"5","VQ":"5","XP":"5","VV":"5","RX":"5","VX":"5","WH":"5","WP":"5","WW":"5","WX":"5","XR":"5","VW":"5","VR":"5","WR":"5","WJ":"5","WV":"5","XJ":"5","XM":"5"},"9G":{"V5":"5"},"H9":{"MG":"5"},"H8":{"XX":"5"},"X7":{"C8":"5"},"GC":{"Q8":"5"},"97":{"2M":"5"},"CG":{"29":"5","28":"5"},"H6":{"9M":"5","GV":"5","GR":"5","C7":"5","HQ":"5","GF":"5"},"J9":{"5F":"5","W4":"5","64":"5","67":"5","22":"5","32":"5","46":"5","75":"5"},"M8":{"2X":"5"},"8M":{"M2":"5","H6":"5"},"JW":{"Q7":"5"},"88":{"V2":"5","W2":"5"},"P8":{"5H":"5","3P":"5","4P":"5"},"85":{"8F":"5","9F":"5"}},"74":{"WH":{"J8":"5"},"JQ":{"WV":"5"}},"8P":{"WF":{"33":"5"},"GQ":{"49":"5","37":"5","38":"5","3C":"5","5Q":"5","39":"5","5R":"5","4R":"5","4Q":"5","47":"5","6Q":"5","48":"5","6R":"5","6V":"5","36":"5","4C":"5","46":"5"},"PM":{"67":"5"},"HR":{"4X":"5","RX":"5","4M":"5","FX":"5"},"X9":{"PQ":"5","XR":"5"},"PH":{"4F":"5","6Q":"5","4C":"5","5Q":"5"},"PJ":{"24":"5"},"JR":{"V9":"5","X7":"5","25":"5"},"HV":{"C3":"5","H2":"5","C4":"5"},"CH":{"P9":"5"},"HH":{"5V":"5"},"6Q":{"5G":"5"},"HM":{"FM":"5"},"JV":{"VC":"5"},"6J":{"R6":"5"},"MH":{"37":"5","GQ":"5","QX":"5","GM":"5","JH":"5","HF":"5","GF":"5","QQ":"5","JQ":"5","FQ":"5","WQ":"5","VW":"5","WV":"5","PV":"5","FF":"5"},"GR":{"Q6":"5"},"MJ":{"W6":"5","J8":"5","M2":"5","F3":"5","V6":"5"},"JJ":{"HW":"5","GW":"5"},"HP":{"32":"5","5V":"5"}},"PC":{"Q2":{"Q9":"5"}},"76":{"FP":{"73":"5"}},"WJ":{"VR":{"8H":"5"},"W9":{"J3":"5"}},"JV":{"V9":{"47":"5"},"4F":{"CR":"5"},"4G":{"R4":"5"},"R9":{"QQ":"5"}},"P5":{"49":{"9P":"5"},"7C":{"4G":"4"}},"58":{"RM":{"3M":"5"},"GR":{"8V":"5"},"PG":{"FX":"5"},"QJ":{"8M":"5"},"HQ":{"WC":"5"},"VM":{"JC":"5","G6":"5"},"X2":{"RR":"5"},"PF":{"QM":"5"},"8M":{"GQ":"5"},"9R":{"X3":"5","X4":"5","G5":"5"},"PW":{"X7":"5"},"C5":{"QJ":"5"},"X4":{"8X":"5"},"X5":{"96":"5","53":"5","83":"5","64":"5","63":"5","84":"5","55":"5","74":"5","45":"5","95":"5","32":"5","46":"5","73":"5","94":"5"},"JV":{"JX":"5","Q2":"5","3J":"5"},"VR":{"C8":"5","76":"5","C6":"5","F4":"5","C3":"5","77":"5","65":"5","88":"5","55":"5","87":"5","H5":"5","75":"5","F5":"5","66":"5","74":"5","98":"5","94":"5","78":"5","84":"5","F6":"5","67":"5","68":"5","G5":"5","F3":"5","C7":"5","C4":"5","86":"5"},"PM":{"8J":"5","99":"5","95":"5","72":"5","G5":"5","7Q":"5"},"CR":{"P6":"5"},"FQ":{"26":"5"},"QX":{"4X":"5"},"MW":{"X3":"5","W3":"5"},"WP":{"34":"5"},"M3":{"JX":"5"},"HR":{"M4":"5"},"7R":{"44":"5"},"CQ":{"5P":"5","5Q":"5","6P":"5","4R":"5","2W":"5","7W":"5","7P":"5","3Q":"5","4Q":"5","7Q":"5","9W":"5","6Q":"5","6R":"5"},"FV":{"83":"5"},"V5":{"FX":"5"},"RW":{"C4":"5"},"XP":{"FW":"5"},"7X":{"WV":"5"},"6P":{"XM":"5"},"RQ":{"H5":"5","MQ":"5","6M":"5","H6":"5"},"CG":{"JW":"5"},"J6":{"RX":"5","QX":"5"},"QQ":{"CX":"5"},"PJ":{"GW":"5"},"VV":{"HF":"5","M4":"5","J4":"5","WX":"5","QJ":"5"},"QV":{"JH":"5","G9":"5"},"PR":{"RW":"5"},"RR":{"GM":"5","4F":"5","8F":"5","FV":"5","HG":"5","HF":"5","9F":"5","CG":"5","JM":"5","8M":"5","GG":"5","HM":"5","FH":"5","MC":"5","FF":"5","JF":"5","HP":"5","98":"5","GV":"5"},"MP":{"65":"5"},"MV":{"XR":"5","XQ":"5"},"MH":{"74":"5","75":"5","85":"5","84":"5"},"8X":{"2V":"5"},"W4":{"XW":"5"},"VP":{"38":"5","37":"5","28":"5","27":"5","7J":"5"},"RX":{"8H":"5","HF":"5","CJ":"5"},"P4":{"89":"5"},"JR":{"VJ":"5","J5":"5"},"QR":{"R2":"5","WW":"5","H3":"5","4V":"5","WC":"5"},"QG":{"G4":"5","F4":"5"},"3W":{"JG":"5","J7":"5"},"C6":{"4G":"5"},"5Q":{"F6":"5"}},"MR":{"HJ":{"V9":"5","H9":"5","77":"5","QC":"5","3F":"5"}},"5F":{"24":{"GQ":"5","GR":"5"},"35":{"HM":"5"},"44":{"P9":"5"}},"3Q":{"Q4":{"R2":"5","GX":"5"},"J3":{"8P":"5","7P":"5","7Q":"5"},"66":{"3H":"5"},"86":{"V9":"5","W6":"5","F7":"5","HJ":"5","HM":"5","JM":"5","JJ":"5","JH":"5","R5":"5","Q7":"5","HH":"5","G9":"5"},"F8":{"F4":"5","R3":"5","C4":"5"},"P3":{"94":"5"},"6F":{"WG":"5"},"P5":{"W5":"5","F8":"5","86":"5"},"F5":{"4C":"5"},"G6":{"7W":"5"},"F6":{"Q6":"5"},"G9":{"J3":"5","X3":"5","Q3":"5"},"C8":{"M2":"5","3R":"5"},"G7":{"39":"5"},"54":{"46":"5","XX":"5","9J":"5"},"Q9":{"3H":"5","6H":"5"},"M2":{"M3":"5","M4":"5","P4":"5"},"76":{"FM":"5","FP":"5","CM":"5","GP":"5","PF":"5","M4":"5"},"HF":{"4R":"5"},"M3":{"C8":"5","CC":"5"},"8H":{"G5":"5"},"PH":{"FR":"5"},"P8":{"VQ":"5"},"97":{"96":"5","44":"5","W3":"5","V4":"5"},"P2":{"GF":"5"},"H9":{"54":"5"},"H3":{"PR":"5","QR":"5"},"JJ":{"2F":"5","29":"5","5J":"5","39":"5"},"V8":{"FQ":"5"},"CC":{"F2":"5"},"V5":{"V6":"5"},"H6":{"2C":"5"},"J4":{"H2":"5","FR":"5","H3":"5","FV":"5","Q7":"5","Q8":"5","G3":"5","CV":"5","P8":"5","G2":"5"},"HH":{"CC":"5"},"6J":{"33":"5"},"F9":{"C5":"5","96":"5","95":"5","C6":"5","C4":"5"},"G3":{"XJ":"5","XH":"5"},"C7":{"Q6":"5","PF":"5","94":"5"},"75":{"H9":"5","4H":"5","GH":"5","59":"5","CH":"5","58":"5","MF":"5"},"77":{"V3":"5"},"65":{"JC":"5","53":"5","GC":"5","HC":"5","Q9":"5","7V":"5"},"F7":{"GV":"5","GP":"5","9V":"5","V6":"5","M4":"5"},"GJ":{"G8":"5","W2":"5"},"V3":{"MH":"5","WQ":"5"},"G8":{"75":"5","M4":"5"},"FC":{"83":"5","73":"5"},"64":{"3X":"5"},"55":{"R7":"5","R8":"5","C7":"5","W2":"5"},"HJ":{"47":"5","48":"5","25":"5"},"F4":{"76":"5","5P":"5","5M":"5","83":"5","4M":"5","85":"5","84":"5","4P":"5"},"JG":{"95":"5","HV":"5"},"W4":{"24":"5","25":"5"},"H5":{"VJ":"5"},"J5":{"4Q":"5"},"H8":{"J5":"5"},"G5":{"M7":"5","P7":"5"},"R3":{"QW":"5"},"95":{"G4":"5"},"J7":{"7V":"5","6Q":"5"},"C6":{"M5":"5"},"84":{"XC":"5","RH":"5"}},"X7":{"XQ":{"C5":"5"},"7J":{"QV":"5"},"CP":{"CJ":"5"},"QQ":{"42":"5"},"JX":{"2C":"5","FJ":"5","5C":"5"},"W8":{"57":"5"},"CX":{"J9":"5"},"HH":{"8X":"5"},"CV":{"RX":"5"},"8W":{"7P":"5"},"HX":{"V9":"5","HC":"5","3J":"5"}},"9M":{"QW":{"V9":"5","WC":"5"}},"M3":{"PP":{"7M":"5","6M":"5","7J":"5"},"9M":{"2X":"5"},"CM":{"QJ":"5"},"8F":{"HH":"5"},"2M":{"CJ":"5","XF":"5"},"5P":{"63":"5","2F":"5","2C":"5","22":"5","73":"5","23":"5","4Q":"5"},"GP":{"V9":"5","VC":"5"},"3H":{"CW":"5"},"FM":{"5P":"5"},"4J":{"78":"5"},"8Q":{"F3":"5","F2":"5","C2":"5"},"3M":{"3Q":"5","3V":"5"},"CJ":{"3Q":"5"},"3J":{"PF":"5"},"4M":{"PP":"5","RG":"5","RH":"5","XX":"5","PJ":"5","RP":"5","XM":"5","XV":"5","QQ":"5","VP":"5","QJ":"5"},"3G":{"FM":"5","CP":"5","CM":"5"},"5M":{"77":"5","4M":"5","2V":"5","67":"5","4R":"5","57":"5","2X":"5","2M":"5","5M":"5"},"4H":{"2W":"5"},"4P":{"XC":"5","XF":"5","R5":"5","X2":"5"},"5H":{"3H":"5"},"86":{"RW":"5"},"6M":{"PM":"5","45":"5","59":"5","6C":"5","QJ":"5"},"2C":{"PV":"5","VX":"5","VW":"5"}},"CR":{"QX":{"XX":"5"},"33":{"3F":"5"},"PR":{"PP":"5","C8":"5","FH":"5","HJ":"5","CC":"5","C7":"5","98":"5"},"74":{"3J":"5"},"RV":{"PH":"5"},"36":{"47":"5"},"JJ":{"59":"5"},"QR":{"X2":"5"},"PW":{"WH":"5"}},"FX":{"4V":{"44":"5"},"4R":{"V7":"5"},"4W":{"V6":"5"}},"9P":{"2Q":{"8C":"5","9C":"5"},"4W":{"GR":"5"}},"9H":{"RC":{"8H":"5","7V":"5"},"5F":{"CX":"5"},"2H":{"28":"5"},"7J":{"RW":"5","RX":"5","VW":"5"}},"CX":{"R9":{"95":"5"}},"5J":{"32":{"XR":"5"},"24":{"97":"5"},"42":{"7G":"5","6G":"5","9W":"5"},"49":{"9R":"5"},"33":{"J3":"5","W9":"5"},"43":{"23":"5","3F":"5","55":"5","72":"5","3J":"5","47":"5","57":"5","48":"5","3H":"5","46":"5"}},"9W":{"8V":{"7P":"5","HQ":"5"}},"9X":{"2V":{"FW":"5","JX":"5","GW":"5"},"2W":{"26":"5"}},"XJ":{"HV":{"2V":"5"}},"3V":{"PP":{"MQ":"5"}},"H2":{"P9":{"P2":"5"},"V3":{"VM":"5","WV":"5"}},"HJ":{"47":{"2P":"5"}},"98":{"V3":{"W5":"5"},"V4":{"C7":"5","J7":"5"},"3G":{"C8":"5","VH":"5"}},"84":{"GP":{"Q6":"5","Q5":"5"},"6X":{"6G":"5"},"67":{"38":"5","24":"5","4F":"5","62":"5","72":"5","73":"5","4C":"5"},"57":{"XC":"5","PQ":"5"},"58":{"76":"5","49":"5","H4":"5"}},"QX":{"2P":{"9W":"5"}},"CJ":{"22":{"65":"5"}},"R2":{"XC":{"WJ":"5","PH":"5"},"M8":{"8H":"5"},"J3":{"88":"5","98":"5"},"47":{"5P":"5","4R":"5","5Q":"5"},"49":{"78":"5","C8":"5","P9":"5","F6":"5","9C":"5","F9":"5","F5":"5","98":"5"},"G3":{"M9":"5"},"FG":{"F4":"5"},"5C":{"G4":"5","93":"5","G3":"5","X6":"5"},"59":{"6V":"5"},"6C":{"33":"5","23":"5","5J":"5"},"79":{"CX":"5"}},"J6":{"W4":{"33":"5"}},"GV":{"GJ":{"M3":"5"},"4F":{"Q9":"5","VW":"5"},"FG":{"PJ":"5","WJ":"5","X8":"5"},"GH":{"M7":"5"}},"X8":{"MG":{"V2":"5"},"W7":{"GX":"5"},"WJ":{"GV":"5"},"V6":{"CC":"5"},"F4":{"Q6":"5"},"X8":{"MH":"5","PJ":"5","PR":"5","PH":"5","MJ":"5"},"XJ":{"J6":"5"},"VC":{"6G":"5"},"VG":{"XQ":"5"},"VJ":{"64":"5","Q4":"5","GH":"5"},"MC":{"RG":"5"},"MH":{"FF":"5"},"VH":{"92":"5"},"RF":{"7H":"5"},"W8":{"77":"5","9C":"5","9G":"5","VX":"5","8F":"5","GH":"5","9F":"5","CG":"5","9J":"5","CH":"5","FH":"5","CF":"5","GJ":"5","FG":"5","FJ":"5","8C":"5"},"JH":{"X9":"5"},"R3":{"XV":"5","X7":"5"},"VM":{"R6":"5","J4":"5"},"R2":{"QV":"5"},"WF":{"JM":"5"},"WG":{"MG":"5"}},"5G":{"24":{"QV":"5"},"2C":{"MH":"5","93":"5","JF":"5","JJ":"5","JH":"5","MJ":"5","85":"5"},"29":{"8H":"5"},"CM":{"58":"5"},"9V":{"MR":"5"},"7V":{"78":"5"},"26":{"PV":"5"},"5R":{"CJ":"5"}},"67":{"H7":{"R4":"5"},"XC":{"Q4":"5"},"J2":{"H6":"5"},"7M":{"99":"5","88":"5","JP":"5"},"V8":{"P5":"5","P4":"5"},"6M":{"MR":"5","JR":"5"},"J6":{"QG":"5","PG":"5"},"4P":{"MX":"5"}},"GH":{"3F":{"9W":"5","JR":"5"}},"2W":{"CW":{"GX":"5","GW":"5"}},"G6":{"WF":{"99":"5","89":"5"},"RM":{"C2":"5","H2":"5","M2":"5","83":"5","92":"5","F3":"5","82":"5","G2":"5","J2":"5","93":"5","C3":"5","F2":"5"},"RH":{"MG":"5","PP":"5","RV":"5","GM":"5","PM":"5","W7":"5","MJ":"5","9M":"5","CM":"5","QG":"5","QV":"5","HJ":"5","MQ":"5","X9":"5","GP":"5","X8":"5","WQ":"5","HM":"5","RC":"5","FJ":"5","QP":"5","JR":"5","QR":"5","XG":"5","GJ":"5","9J":"5","VP":"5","FM":"5","VC":"5","V8":"5","VR":"5","RH":"5","VQ":"5","PG":"5","HR":"5","PJ":"5","GQ":"5","QM":"5","V9":"5","JG":"5","JM":"5","CJ":"5","WC":"5","VF":"5","JQ":"5","VG":"5","QF":"5","XC":"5","JP":"5","HH":"5","HQ":"5","RM":"5","PH":"5","WR":"5","RQ":"5","PQ":"5","QQ":"5","MP":"5","W9":"5","HG":"5","VH":"5","MH":"5","W8":"5","RF":"5","JJ":"5","QH":"5","QJ":"5","RR":"5","XF":"5","RP":"5","JH":"5","PF":"5","VM":"5","MM":"5","8J":"5","WF":"5","WG":"5","R9":"5","X7":"5","WP":"5","GH":"5","RG":"5","HP":"5"},"VH":{"2G":"5","2F":"5","2C":"5","29":"5","28":"5","3G":"5"},"VJ":{"22":"5"},"VF":{"H4":"5"},"RJ":{"7Q":"5","JW":"5","JV":"5","FV":"5","9Q":"5","9X":"5","FQ":"5","7W":"5","7J":"5","7M":"5","6Q":"5","6H":"5","7P":"5","FW":"5","JR":"5","MR":"5","GR":"5","FR":"5","9V":"5","CX":"5","4J":"5","JX":"5","8Q":"5","HR":"5","MV":"5","GQ":"5","CW":"5","7V":"5","7X":"5","9P":"5","7R":"5","CR":"5","9R":"5","6W":"5","GX":"5","CV":"5","8V":"5","HV":"5","HW":"5","8X":"5","MW":"5","MX":"5","8R":"5","8M":"5","8P":"5","5M":"5","5J":"5","6J":"5","9W":"5","6R":"5","HX":"5","6V":"5","GV":"5","5H":"5","FX":"5","GW":"5","CQ":"5","7H":"5","8W":"5","6M":"5"},"WG":{"Q6":"5"}},"P2":{"5H":{"XG":"5"},"QW":{"CR":"5"},"RJ":{"QH":"5"},"7H":{"F8":"4"},"9V":{"3J":"5"},"VQ":{"54":"5","55":"5"},"QX":{"64":"5","63":"5","74":"5","62":"5","73":"5"},"VP":{"2Q":"5"}},"XP":{"V8":{"PH":"5"}},"Q2":{"5F":{"8H":"5"},"9C":{"8X":"5","3W":"5"},"77":{"MP":"5","MJ":"5"},"96":{"4G":"5"},"87":{"HG":"5","WC":"5","43":"5"},"X9":{"C2":"5"},"H8":{"PQ":"5","MQ":"5"},"8F":{"MV":"5","CH":"5","JV":"5"},"2G":{"4V":"5","3V":"5","3W":"5"},"PC":{"Q7":"5","P7":"5"},"8G":{"XC":"5"},"97":{"V6":"5"},"86":{"GX":"5"},"C6":{"R8":"5"},"C8":{"25":"5","33":"5","8F":"5","8P":"5","GC":"5","CQ":"5","78":"5","7P":"5","CH":"5","6M":"5","CR":"5","HC":"5","9Q":"5"},"88":{"J5":"4"},"7C":{"5H":"5","XF":"5"},"RF":{"V8":"5"},"MC":{"PX":"5"},"3X":{"5H":"5","4F":"5"},"HC":{"4F":"5","5G":"5","5F":"5"},"MF":{"C8":"5","V2":"5","W3":"5","V3":"5","V4":"5","W2":"5"},"99":{"4R":"5"},"C7":{"GX":"5","PV":"5","4M":"5","F9":"5","7V":"5"},"98":{"35":"5","P9":"5"}},"H5":{"CQ":{"95":"5","3W":"5"},"MH":{"3G":"5"},"FR":{"5M":"5"},"9M":{"CQ":"5","PQ":"5","QV":"5","QQ":"5","RQ":"5"},"9R":{"MC":"5","HF":"5","6P":"5","7R":"5"},"4X":{"44":"5"},"FP":{"HG":"5","JG":"5"},"8M":{"M8":"5","PV":"5","QV":"5"},"CV":{"4X":"5","3X":"5"},"8P":{"QH":"5","RF":"5","85":"5","QJ":"5"},"8H":{"JQ":"5","MQ":"5"},"HW":{"P6":"5"},"CW":{"9J":"5"},"8R":{"X8":"5","X7":"5","RW":"5","G9":"5","PC":"5","GC":"5","3V":"5","4R":"5","PG":"5","JQ":"5","RJ":"5","MX":"5","5V":"5","FC":"5","PF":"5","X6":"5","HW":"5","F9":"5","4V":"5","3R":"5"},"CP":{"6Q":"5"},"CM":{"PX":"5","QX":"5"},"8W":{"QM":"5","GJ":"5","58":"5","4P":"5"},"F9":{"PR":"5","PQ":"5","QQ":"5"},"CX":{"44":"5","48":"5","53":"5","2C":"5","56":"5"},"9V":{"68":"5"},"CR":{"6F":"5","JH":"5"},"7V":{"M8":"5","P2":"5","Q4":"5","P3":"5","Q3":"5","V3":"5","Q2":"5","R3":"5"},"8V":{"52":"5","63":"5","48":"5","GR":"5","38":"5","FR":"5","26":"5","36":"5","7R":"5","CR":"5","9R":"5","74":"5","83":"5","35":"5","8V":"5","45":"5","8R":"5","3C":"5","25":"5","64":"5","85":"5","5C":"5","F3":"5","6C":"5","8W":"5"},"8Q":{"FR":"5","XG":"5","4F":"5","JJ":"5","P4":"5","C2":"5"},"7R":{"XR":"5","56":"5","PP":"5","4F":"5","F9":"5","FH":"5","QV":"5","3F":"5","54":"5","2M":"5","99":"5","65":"5","WW":"5","55":"5","P7":"5","82":"5","XX":"5","83":"5","45":"5","XW":"5","WR":"5","MW":"5","C9":"5","VW":"5","64":"5","HC":"5","VX":"5","WX":"5","RW":"5"},"7Q":{"QH":"5"},"4W":{"3V":"5","PM":"5","PH":"5"},"9Q":{"39":"5","44":"5","63":"5","9J":"5","3H":"5","29":"5","3G":"5","54":"5","98":"5","28":"5"},"3W":{"HJ":"5","HM":"5"}},"3R":{"37":{"VX":"5"},"77":{"94":"5"},"9G":{"39":"5"},"87":{"2J":"5"},"56":{"84":"5"},"J5":{"6Q":"5","6R":"5","5R":"5","5Q":"5"},"8G":{"XQ":"5"},"F3":{"M6":"5"},"C6":{"33":"5"},"C4":{"P3":"5","69":"5","9C":"5","79":"5"},"95":{"5Q":"5"},"85":{"HC":"5","6C":"5"},"P7":{"W6":"5","W5":"5"},"J2":{"RM":"5"},"93":{"WG":"5"},"99":{"82":"5"},"94":{"MH":"5"},"C3":{"9M":"5"},"79":{"HC":"5"}},"Q5":{"84":{"PP":"5","HW":"5","PQ":"5","JM":"5","JJ":"5"}},"FH":{"XC":{"FX":"5"},"MP":{"3X":"5","8Q":"5"}},"QW":{"V2":{"JW":"5","QX":"5"},"R4":{"R7":"5","R8":"5","V6":"5","VC":"5"},"MC":{"63":"5"},"M9":{"PV":"5","XM":"5"},"V4":{"5G":"5"}},"3G":{"X8":{"HG":"5","MF":"5","HF":"5","GM":"5"}},"XQ":{"WH":{"F5":"5"},"QV":{"R4":"4"},"WG":{"H9":"5","JC":"5","J7":"5","FX":"5","HF":"5","J9":"5","M8":"5","GW":"5","HH":"5","GR":"5","HC":"5","J8":"5","JF":"5","GV":"5"}},"QR":{"95":{"29":"5"},"PV":{"97":"5"},"X3":{"33":"5","66":"5","4H":"5","QH":"5","23":"5","22":"5","JG":"5","32":"5","MF":"5","JF":"5","68":"5"},"F7":{"HG":"5"},"M9":{"C7":"5","98":"5"},"XM":{"37":"5","5F":"5"},"W3":{"V5":"5"},"WQ":{"X8":"5"},"X4":{"R4":"5","R3":"5"},"85":{"V5":"5"}},"FR":{"8C":{"R5":"5"},"JX":{"4Q":"5"},"HX":{"PR":"5","PQ":"5","6R":"5"},"RV":{"5H":"5"}},"R4":{"46":{"JP":"5","GW":"5"},"64":{"9G":"5"},"37":{"MH":"5","RC":"5"},"47":{"X7":"5"},"57":{"7J":"5"},"39":{"8X":"5"}},"7X":{"XJ":{"4G":"5","RC":"5","PC":"5","VC":"5"},"HJ":{"RC":"5"},"PM":{"62":"5"},"MJ":{"7V":"5","6V":"5"},"MM":{"W8":"5"}},"PM":{"9X":{"PP":"5","99":"5","QW":"5","RP":"5","89":"5","67":"5","5J":"5","RQ":"5"}},"97":{"QR":{"5F":"5","69":"5","66":"5","9C":"5","77":"5","6C":"5","9G":"5","87":"5","56":"5","C9":"5","8F":"5","76":"5","8G":"5","78":"5","67":"5","9F":"5","5G":"5","59":"5","CG":"5","86":"5","CH":"5","58":"5","57":"5","CC":"5","89":"5","6F":"5","7C":"5","88":"5","FC":"5","5C":"5","6G":"5","7G":"5","9H":"5","F9":"5","CF":"5","99":"5","7F":"5","98":"5","8C":"5","68":"5","79":"5"},"WQ":{"P5":"5"}},"Q4":{"R4":{"87":"5"}},"8R":{"Q6":{"5H":"5"}},"GJ":{"VW":{"PG":"5"}},"8X":{"CQ":{"QF":"5","P9":"5","Q9":"5"},"3Q":{"HQ":"5"},"6G":{"XV":"5"},"XV":{"4G":"5","5G":"5","MG":"5","VC":"5"},"6H":{"V3":"5"},"4Q":{"GC":"5"},"5R":{"48":"5"}},"9J":{"FW":{"6R":"5"},"CX":{"H2":"5"},"HX":{"XJ":"5"},"FX":{"66":"5","65":"5"},"5X":{"64":"5","5C":"5"}},"3W":{"6C":{"F2":"5"},"G8":{"38":"5","76":"5","27":"5"},"HG":{"9M":"5"},"HJ":{"J2":"5"},"F8":{"W8":"5"},"GP":{"RH":"5","RJ":"5","VG":"5","WM":"5","WJ":"5","XF":"5"},"8R":{"3G":"5"},"JM":{"MP":"5"},"FM":{"8R":"5","9Q":"5"},"CW":{"HX":"5"},"GG":{"C6":"5"},"HH":{"GV":"5"},"CV":{"JG":"5","GP":"5"},"9P":{"MF":"5"},"FF":{"44":"5","45":"5"},"FJ":{"V5":"5","R5":"5"},"HP":{"4G":"5","C7":"5","2H":"5"}},"HG":{"99":{"FP":"5"},"H9":{"8P":"5","53":"5","43":"5"},"P8":{"9G":"5"},"9C":{"73":"5"},"Q8":{"27":"5"},"H8":{"5W":"5","7W":"5","6W":"5","6X":"5","3V":"5"},"G9":{"88":"5"}},"59":{"23":{"44":"5"},"2J":{"GJ":"5"},"59":{"82":"5"},"54":{"QW":"5"},"2M":{"Q5":"5"},"W5":{"V3":"5"},"P4":{"H8":"5"},"3H":{"XR":"5","Q9":"5","VP":"5","3W":"5"},"H2":{"6X":"5"},"4J":{"82":"5","JC":"5","49":"5","56":"5","23":"5"},"3M":{"6M":"5","9X":"5"},"6P":{"C5":"5"},"3J":{"J5":"5","M5":"5","FH":"5","V6":"5","R7":"5","R5":"5","P4":"5","G9":"5","H5":"5","V5":"5","W3":"5","WC":"5","83":"5","H6":"5","F7":"5","VJ":"5","V3":"5","P2":"5","P3":"5","M4":"5","P6":"5","H4":"5","Q5":"5","H9":"5","P5":"5"},"35":{"62":"5"},"Q2":{"62":"5","WM":"5"},"3G":{"VH":"5"},"4W":{"RC":"5"},"P3":{"M4":"5"},"8H":{"C4":"5"},"5J":{"RC":"5","V3":"5","R5":"5"},"RF":{"F3":"5"},"4H":{"2R":"5"},"6J":{"88":"5","GP":"5","3P":"5","87":"5","2P":"5"},"J7":{"Q7":"5"},"R2":{"4F":"5","89":"5","5G":"5"},"5H":{"4M":"5"},"CQ":{"H5":"5","G6":"5"},"RG":{"5G":"5"},"6M":{"32":"5"},"3P":{"8C":"5","89":"5","FX":"5"}},"J7":{"XP":{"Q5":"5"}},"MP":{"7H":{"F9":"5"}},"J2":{"5R":{"63":"5"}},"VV":{"R2":{"82":"5"},"X3":{"RF":"5"}},"FQ":{"VJ":{"3G":"5","25":"5"},"QP":{"PX":"5","92":"5"},"QQ":{"VQ":"5"},"VP":{"85":"5"}},"HP":{"QV":{"RX":"5"}},"8Q":{"9W":{"QW":"5"},"6H":{"HP":"5"},"QX":{"XW":"5"},"M4":{"W3":"5"},"X4":{"35":"5"}},"CM":{"VV":{"X8":"5"}},"J5":{"28":{"MH":"5"}},"GF":{"28":{"5W":"5","2C":"5"}},"85":{"2C":{"9P":"5"}},"M6":{"HF":{"5G":"5"}},"XW":{"PP":{"RH":"5","HM":"5","VM":"5"},"CG":{"MX":"5"},"CH":{"VQ":"5"},"QP":{"XH":"5"},"73":{"65":"5"},"XR":{"7H":"5"},"PM":{"V6":"5"},"VP":{"GF":"5"}},"PX":{"VR":{"XC":"5"},"PF":{"HX":"5"}},"FP":{"8J":{"GG":"5"},"2V":{"QX":"5"},"8H":{"X9":"5"},"9H":{"37":"5","F2":"5"},"FG":{"G3":"5"},"X8":{"XM":"5"}},"4J":{"FJ":{"4P":"5"},"8P":{"F7":"5"},"P6":{"PP":"5","6P":"5"},"HP":{"39":"5"},"59":{"2C":"5","FV":"5"},"H7":{"WQ":"5"},"Q2":{"7P":"5"},"GP":{"VH":"5"},"4R":{"F4":"5"},"63":{"2C":"5","29":"5"},"2J":{"FH":"5","GC":"5","P9":"5","CP":"5","MQ":"5","HC":"5","5V":"5"},"P7":{"84":"5"},"5H":{"87":"5","97":"5"},"F6":{"6X":"5","6J":"5"},"W2":{"3H":"5","3P":"5"},"GF":{"P2":"5","XM":"5","WM":"5","WJ":"5"},"8M":{"Q9":"5"},"RP":{"3Q":"5"},"9W":{"52":"5","63":"5","62":"5","36":"5"},"9G":{"CC":"5"},"9Q":{"QG":"5"},"RJ":{"MQ":"5"},"76":{"39":"5"},"C9":{"JW":"5","JV":"5","MJ":"5","FH":"5","RJ":"5","QG":"5","HJ":"5","MQ":"5","X9":"5","FJ":"5","JR":"5","MR":"5","VP":"5","JX":"5","PG":"5","QM":"5","V9":"5","VJ":"5","HH":"5","RM":"5","MX":"5","MP":"5","MH":"5","QH":"5","QJ":"5","RP":"5","JH":"5","VM":"5","HX":"5"},"X3":{"CX":"5"},"4G":{"HG":"5"},"CR":{"WW":"5"},"VC":{"C8":"5","PG":"5"},"32":{"W3":"5"},"WP":{"86":"5"},"8H":{"GM":"5","6P":"5"},"97":{"82":"5","83":"5","72":"5","73":"5"},"9C":{"M7":"5","J6":"5","P7":"5"},"CM":{"CP":"5","CM":"5"},"H9":{"C5":"5","F5":"5"},"JJ":{"CR":"5","4C":"5"},"CC":{"H7":"5","J3":"5","H3":"5","H2":"5","J6":"5","H6":"5","G9":"5"},"PQ":{"P2":"5","M2":"5","MW":"5"},"53":{"M6":"5"},"9H":{"VV":"5"},"CJ":{"96":"5","C7":"5","C6":"5","97":"5"},"9M":{"R2":"5","V2":"5"},"HH":{"JM":"5"},"PP":{"3Q":"5","2Q":"5","9R":"5","PV":"5","QW":"5","JV":"5","7F":"5","4Q":"5"},"3H":{"6X":"5"},"FM":{"4X":"5","MM":"5"},"QP":{"3Q":"5","GQ":"5","GC":"5","HQ":"5","7Q":"5"},"6J":{"HJ":"5"},"F9":{"4H":"5","4F":"5","HW":"5","29":"5","MW":"5","PQ":"5","5F":"5","4R":"5","HX":"5","QQ":"5","5R":"5"},"5C":{"CF":"5","CC":"5"},"34":{"JH":"5"},"98":{"XX":"5"},"75":{"76":"5","86":"5"},"JP":{"8H":"5","GH":"5"},"9J":{"P6":"5","F8":"5","V7":"5","P9":"5","J6":"5","R6":"5","P7":"5","F5":"5"},"65":{"RG":"5","JW":"5","QX":"5"},"GC":{"FM":"5","FJ":"5","6R":"5"},"JQ":{"2Q":"5","89":"5"},"FP":{"44":"5","34":"5","43":"5"},"FC":{"52":"5","4X":"5","53":"5","4W":"5"},"PR":{"C5":"5","G4":"5","H4":"5"},"64":{"J8":"5","5V":"5","H8":"5","6R":"5","5R":"5"},"MP":{"V9":"5","VP":"5"},"67":{"2Q":"5","95":"5","75":"5","65":"5"},"7G":{"WW":"5","XV":"5"},"8G":{"XJ":"5","5X":"5","XH":"5"},"H8":{"W6":"5","W7":"5"},"V2":{"VH":"5"},"P4":{"FM":"5"},"CH":{"HQ":"5"},"94":{"X3":"5"},"CP":{"7M":"5","7F":"5"},"87":{"M4":"5"},"6G":{"2C":"5"},"C6":{"WJ":"5","XH":"5","VP":"5"},"52":{"M7":"5"}},"WM":{"XP":{"G5":"5"}},"M4":{"CC":{"XC":"5"},"9W":{"QR":"5"},"23":{"2H":"5"},"C4":{"X7":"5"}},"MV":{"8H":{"GF":"5"},"7H":{"QW":"5"},"7J":{"88":"5"}},"CF":{"QW":{"6X":"5"},"WR":{"CV":"5","CR":"5"}},"4C":{"PQ":{"25":"5"},"HG":{"MW":"5"},"JM":{"5R":"5"},"M8":{"CX":"5","9X":"5"},"JG":{"VJ":"5"},"8M":{"83":"5"},"MH":{"53":"5"},"XJ":{"Q3":"5"},"MF":{"2G":"5","27":"5"}},"W8":{"MP":{"RP":"5"},"MH":{"GV":"5","XW":"5"},"JJ":{"V2":"5"},"MJ":{"V8":"5","Q4":"5","Q5":"5","J5":"5","Q7":"5","W7":"5","V7":"5","P7":"5","M5":"5"}},"QQ":{"76":{"GW":"5"},"77":{"P6":"5","R2":"5","G3":"5"},"85":{"JV":"5"}},"5H":{"78":{"WR":"5"},"2J":{"8C":"5","9F":"5"},"6F":{"MR":"5"},"4G":{"24":"5","35":"5","34":"5","25":"5"},"8C":{"4V":"5","3V":"5","2W":"5"}},"PV":{"4M":{"R2":"5"},"MQ":{"7G":"5"},"5V":{"6J":"5"}},"66":{"W5":{"2X":"5","5W":"5"},"HP":{"69":"5"},"JX":{"X9":"5"},"X5":{"M8":"5","GC":"5"}},"77":{"P6":{"3J":"5"},"G4":{"64":"5","74":"5"},"F3":{"4R":"5","HQ":"5","6P":"5"},"8R":{"W7":"5","V3":"5","M4":"5"},"49":{"8H":"5"},"G6":{"3R":"5"},"P7":{"7F":"5","7X":"5"}},"JF":{"3J":{"HW":"5"}},"G4":{"C3":{"WW":"5","WV":"5"},"Q3":{"W2":"5"},"Q2":{"VX":"5","WX":"5"},"W2":{"8J":"5"}},"X6":{"3X":{"9F":"5"},"XV":{"F4":"5"},"3V":{"V5":"5"},"2W":{"2C":"5"},"5R":{"H2":"5"}},"88":{"XC":{"PX":"5"},"XF":{"8P":"5"},"WG":{"62":"5"}},"4H":{"5X":{"R9":"5","VF":"5"},"RX":{"WP":"5"},"9G":{"2M":"5"},"7J":{"VJ":"5"},"J7":{"CM":"5"},"PR":{"XX":"5"},"3F":{"XQ":"5"},"84":{"PH":"5"},"9V":{"3V":"5"},"8R":{"4V":"5","4R":"5"},"86":{"C7":"5"},"J4":{"PV":"5","PR":"5"},"RV":{"RJ":"5","P9":"5"},"6G":{"26":"5"},"93":{"WC":"5"},"PV":{"MC":"5","P9":"5","PC":"5","W2":"5"},"JF":{"53":"5"},"94":{"FJ":"5","CJ":"5"},"C3":{"54":"5"}}}}