{"index":{"university,1|retail,2|tourism,3|wreck,4|historical,5|artsCulture,6|namedBuilding,7|water,8|wetland,9|park,10|beach,11|natureReserve,12|cemetery,13|trail,14":{}},"6Q":{"W8":{"G3":{"P2":"5"},"68":{"98":"5"}},"FH":{"38":{"2P":"5"},"46":{"GV":"5","HW":"5","FQ":"5","MW":"5","FV":"5","JW":"5","GW":"5"},"47":{"J3":"5"}},"39":{"W4":{"6X":"5","3V":"5"},"H2":{"58":"5"},"J7":{"4Q":"5"}},"R8":{"X6":{"28":"5"}},"V6":{"6G":{"3R":"5"},"57":{"X2":"5"},"JP":{"RG":"5"},"3M":{"CC":"5","FC":"5","6H":"5"},"66":{"2V":"5","CW":"5"},"X7":{"XV":"5"}},"H7":{"C5":{"VR":"5"},"C3":{"9W":"5"}},"M8":{"XM":{"XH":"5"}},"63":{"PW":{"GC":"5","J9":"5","GH":"5"}},"36":{"3X":{"3F":"5"}},"8R":{"39":{"9G":"5"}},"G6":{"FC":{"3Q":"5","2M":"5"},"P8":{"99":"5","8F":"5","8C":"5","9C":"5"},"Q8":{"3G":"5"},"QJ":{"98":"5"}},"V4":{"QH":{"JP":"5"},"VH":{"C6":"5"}},"J9":{"3R":{"RJ":"4"},"7Q":{"5V":"5"}},"G9":{"MC":{"3R":"5","3V":"5"},"JC":{"XR":"5"},"Q8":{"66":"5"},"Q9":{"6F":"5","RP":"5","7F":"5","65":"5","VP":"5","RQ":"5"}},"RP":{"X6":{"M9":"5","RF":"5","FG":"5","PC":"5"}},"9R":{"Q7":{"M5":"5"}},"37":{"9M":{"M7":"5"},"96":{"Q4":"5","Q3":"5"},"FH":{"29":"5","2M":"5"},"3F":{"VV":"5"},"FJ":{"H5":"5","67":"5","G6":"5","H6":"5"},"26":{"54":"5","55":"5"},"FM":{"4F":"5","2C":"5"},"CF":{"VX":"5","VW":"5"},"9P":{"J2":"5"},"22":{"JV":"5","JW":"5"},"VJ":{"9P":"5"},"P2":{"GM":"5"},"CH":{"XC":"5","PP":"5","RH":"5","WH":"5","WF":"5","W9":"5","WC":"5","PM":"5","QV":"5","GM":"5","3G":"5","W8":"5"},"5C":{"8G":"5","C8":"5","6W":"5"},"5H":{"X4":"5"},"WP":{"WP":"5"},"CG":{"R4":"5","WG":"5"},"7H":{"JC":"5","98":"5"}},"Q8":{"HH":{"2J":"5"}},"XW":{"G4":{"72":"5","89":"5","36":"5"},"H4":{"5R":"5"}},"7F":{"FQ":{"JF":"5"},"FV":{"2J":"5","CW":"5","FW":"5","CX":"5","FX":"5"}},"74":{"2Q":{"3Q":"5","7X":"5","2P":"5"},"62":{"PM":"5"},"XF":{"GP":"5"}},"X4":{"XP":{"M5":"5","QV":"5"},"XH":{"GM":"5"},"VC":{"QG":"5","F6":"5"},"QP":{"RX":"5"},"HG":{"F3":"5"},"RC":{"J3":"5","H3":"5"},"RJ":{"FV":"5","F5":"5"},"XR":{"Q6":"5","74":"5","P8":"5"},"QC":{"5V":"5"},"VM":{"4P":"5"},"GG":{"3P":"5"},"MG":{"MG":"5","GM":"5","MJ":"5","QG":"5","GG":"5","HJ":"5","GP":"5","HM":"5","JR":"5","GR":"5","GJ":"5","PG":"5","PJ":"5","HR":"5","GQ":"5","JG":"5","JM":"5","JQ":"5","HH":"5","JP":"5","HQ":"5","PH":"5","MP":"5","HG":"5","MH":"5","JJ":"5","QH":"5","QJ":"5","JH":"5","MM":"5","GH":"5","HP":"5"},"WR":{"HX":"5"},"8V":{"M7":"5"},"XJ":{"CG":"5","FG":"5"},"MF":{"77":"5"}},"F3":{"GP":{"J2":"5"}},"X5":{"JW":{"C6":"5"},"P8":{"HQ":"5"},"6G":{"75":"5"},"JV":{"GH":"5"},"76":{"JV":"5"},"QG":{"6M":"5","3G":"5"},"7M":{"63":"5"},"JF":{"MJ":"5","HH":"5"},"FW":{"XC":"5"},"VV":{"RF":"5","QC":"5"},"88":{"45":"5","65":"5"},"G8":{"H4":"5"},"MV":{"F5":"5"},"V4":{"5V":"5"},"RQ":{"2R":"5"},"32":{"6M":"5"},"PQ":{"PR":"5"},"W9":{"PR":"5"},"5M":{"X4":"5"},"RR":{"J4":"5"},"67":{"WW":"5"},"GC":{"CP":"5"},"46":{"63":"5"},"HP":{"HV":"5"}},"73":{"5R":{"F4":"5"}},"W5":{"3Q":{"62":"5"},"4X":{"H8":"5"},"MC":{"4F":"5","4G":"5","3F":"5","3G":"5"},"HJ":{"5V":"5","6V":"5"},"G3":{"8R":"5"},"4V":{"8W":"5"},"G7":{"5P":"5","7M":"5","6M":"5","6P":"5"},"4R":{"RW":"5","QW":"5","H3":"5","XR":"5"},"3J":{"27":"5"},"C2":{"RF":"5"}},"R7":{"46":{"W5":"5"},"63":{"C6":"5"},"V8":{"XF":"5"},"45":{"MX":"5","87":"5","4C":"5","6C":"5"}},"26":{"R9":{"2C":"5","29":"5"},"P9":{"82":"5"},"Q9":{"XC":"5","RC":"5"},"FF":{"MR":"5"}},"JC":{"28":{"RM":"5"},"27":{"MW":"5"}},"CR":{"46":{"7V":"5"},"R4":{"2W":"5"},"R6":{"HH":"5"},"R5":{"44":"5"},"R3":{"8H":"5"}},"32":{"4X":{"FM":"5","FP":"5"},"FC":{"9R":"5","9V":"5"},"92":{"WX":"5"},"6X":{"Q5":"5"},"JF":{"M3":"5"},"GF":{"7M":"5","7P":"5"}},"X6":{"XH":{"R7":"5"},"M2":{"2J":"5"},"M9":{"72":"5","29":"5"},"Q4":{"JX":"5"},"J7":{"8X":"5","7V":"5","FX":"5"},"R5":{"FX":"5"},"PC":{"54":"5"},"Q9":{"63":"5"},"J5":{"46":"5","45":"5"},"QF":{"WQ":"5"},"3Q":{"XP":"5"},"V7":{"VF":"5"},"H6":{"XQ":"5"},"RF":{"4W":"5"},"6J":{"4M":"5","2M":"5"},"2R":{"5W":"5"},"J2":{"MV":"5","PJ":"5","MW":"5","JV":"5","JW":"5","27":"5","26":"5","JR":"5"},"J8":{"P3":"5","H4":"5"},"P9":{"C8":"5"}},"V7":{"C2":{"GP":"5"},"5P":{"P4":"5"},"4M":{"52":"5"},"23":{"MV":"5"},"78":{"8J":"5"},"W3":{"5R":"5"},"9R":{"QM":"5"},"3J":{"96":"5","F6":"5","GG":"5","C7":"5","G5":"5"},"X2":{"J5":"5"},"PP":{"XH":"5"},"GJ":{"6F":"5"},"3G":{"RF":"5"}},"7R":{"JV":{"49":"5"}},"35":{"JC":{"GH":"5"}},"R6":{"8X":{"J2":"5"},"JH":{"PX":"5"},"6P":{"G6":"5"},"CQ":{"FG":"5"},"9F":{"29":"5"},"RC":{"5Q":"5"},"MP":{"2G":"5"},"WG":{"FC":"5"},"CV":{"WJ":"5"},"6R":{"7F":"5"},"WV":{"WH":"5"},"JJ":{"W5":"5"}},"7W":{"WW":{"2V":"5","2R":"5"}},"H9":{"5V":{"HV":"5"}},"V8":{"96":{"H9":"5","J9":"5"},"95":{"HW":"5"},"M6":{"M4":"5"}},"H2":{"2R":{"Q9":"5"}},"27":{"XJ":{"WR":"5"},"J7":{"XG":"5","XH":"5"},"X8":{"7F":"5"}},"V5":{"RC":{"GV":"5","9V":"5"}},"H6":{"FR":{"7G":"5","QX":"5","VQ":"5","6Q":"5","RQ":"5"},"5H":{"PF":"5"},"8R":{"J5":"5","GQ":"5","PQ":"5","C6":"5"},"FV":{"P2":"5"},"7W":{"R5":"5"},"CR":{"X6":"5","QX":"5"},"5Q":{"78":"5","88":"5","5C":"5"},"GW":{"HC":"5"}},"33":{"7X":{"MG":"5"},"6R":{"H9":"5"},"8Q":{"7R":"5"}},"X8":{"36":{"93":"5","F2":"5"}},"F9":{"9F":{"GJ":"5"}},"6J":{"9P":{"6W":"5"},"6M":{"3H":"5"}},"G3":{"FW":{"5X":"5"}},"Q7":{"CC":{"8H":"5"},"X7":{"CQ":"5"}},"7X":{"4F":{"PP":"5","PQ":"5"}},"34":{"82":{"23":"5"},"96":{"FC":"5","J9":"5","FJ":"5"},"VV":{"GG":"5"},"F3":{"4X":"5","5W":"5","4R":"5","4Q":"5","5X":"5","4W":"5"},"F2":{"2W":"5","3W":"5"},"73":{"QG":"5"}},"75":{"82":{"7C":"5"}},"82":{"H9":{"W4":"5"},"X6":{"89":"5"}},"W7":{"54":{"3H":"5"},"32":{"54":"5","44":"5","53":"5","43":"5","45":"5","55":"5"},"P2":{"49":"5"},"XG":{"2V":"5","3H":"5","2H":"5","3G":"5"},"37":{"59":"5"},"R4":{"J4":"5"},"62":{"GJ":"5"},"44":{"QG":"5"},"FQ":{"4P":"5"},"WF":{"PQ":"5"},"JW":{"58":"5"},"XF":{"XM":"5"},"WG":{"XV":"5","WV":"5"},"65":{"38":"5"},"R3":{"HX":"5"},"GW":{"XR":"5"}},"C2":{"46":{"PJ":"5","JJ":"5"},"37":{"X2":"5"},"47":{"PH":"5","F4":"5","WR":"5","R3":"5"},"86":{"57":"5"},"77":{"Q3":"5"},"6M":{"V4":"5"}},"9J":{"38":{"C3":"5"},"37":{"CV":"5","CX":"5"},"28":{"XF":"5"}},"65":{"MF":{"49":"5"}},"R4":{"X3":{"7G":"5","CF":"5","3C":"5"},"W3":{"2J":"5","75":"5","XF":"5","2M":"5","5J":"5","66":"5","3G":"5"},"W2":{"G7":"5"}},"GC":{"V7":{"JV":"5","HQ":"5","JR":"5"}},"Q6":{"VX":{"6W":"5"}},"92":{"C8":{"WG":"5"},"CC":{"6V":"5"},"55":{"GP":"5"},"QQ":{"CG":"5"},"9F":{"R8":"5"},"25":{"7M":"5","4W":"5","3W":"5"}},"FG":{"HR":{"F6":"5"}},"64":{"QW":{"PW":"5"},"PH":{"48":"5","VH":"5","58":"5"},"QH":{"2G":"5"},"GH":{"8X":"5","7X":"5"},"JM":{"2C":"5"},"GJ":{"Q2":"5","V5":"5","W4":"5","V6":"5","G5":"5","72":"5","H5":"5","G6":"5","82":"5"},"FF":{"HV":"5"},"JJ":{"6H":"5"}},"62":{"2G":{"X3":"5","X2":"5"},"2F":{"WW":"5","4M":"5"},"4G":{"3M":"4"},"2C":{"HX":"5"},"V6":{"5R":"5"}},"38":{"GJ":{"H2":"5","87":"5"},"49":{"M7":"5"},"GC":{"G2":"5"},"F2":{"M5":"5","J4":"5"},"3C":{"3X":"5"},"JW":{"P2":"5"},"GH":{"GX":"5"},"FX":{"RP":"5"},"6J":{"7M":"5"}},"X7":{"QF":{"QW":"5"},"FP":{"XM":"5"},"4G":{"FJ":"5"},"W3":{"QG":"5","4F":"5","9H":"5"},"RF":{"83":"5"},"HP":{"FM":"5"},"RC":{"FR":"5","FQ":"5"},"GP":{"3H":"5","9F":"5"},"MJ":{"52":"5"}},"8C":{"77":{"W8":"5"},"GM":{"3W":"5"},"87":{"3P":"5"},"83":{"2X":"5"},"MW":{"6G":"5"},"CM":{"G5":"5","F5":"5"},"MX":{"V5":"5","V6":"5"},"85":{"FR":"5","2J":"5","4M":"5","4J":"5"},"9P":{"W8":"5"},"75":{"P2":"5","J3":"5"},"C3":{"8M":"5"}},"W6":{"GJ":{"26":"5"},"8X":{"J5":"5"},"PQ":{"5F":"5"},"FJ":{"PX":"5","GV":"5","MW":"5","GR":"5","X6":"5","HV":"5","GW":"5"},"CJ":{"WF":"5"},"JW":{"JC":"5"},"66":{"32":"5","JQ":"5","JM":"5"}},"89":{"9X":{"9R":"5"}},"VP":{"9F":{"2H":"5"},"GG":{"GX":"5","HH":"5"},"27":{"Q6":"5","V5":"5","W7":"5","R5":"5"},"8F":{"R9":"5","2J":"4","H8":"4","JP":"4","FV":"4|5","VJ":"5","G9":"4","GC":"4","CP":"5","CQ":"4|5","RC":"5","7P":"5|4","M8":"5","8M":"4","RF":"5","P8":"5","P7":"5","MM":"4"},"FJ":{"RP":"5","XF":"5"},"26":{"2J":"5","4G":"5","CW":"5","7M":"5","FW":"5","9W":"5","4M":"5","7P":"5","6M":"5","3J":"5","2H":"5","6P":"5"},"8G":{"VJ":"4","Q4":"4","F8":"5","R4":"5","RJ":"5","P5":"4","VM":"4"},"CF":{"VQ":"5","PM":"5","JJ":"5","MJ":"5","MM":"5"},"PJ":{"F9":"5","5J":"5","6J":"5"},"9H":{"66":"5","65":"5"},"9G":{"5H":"5","5G":"5","5V":"5"},"FG":{"PP":"5","7H":"5"},"GF":{"Q4":"4"},"9C":{"2V":"5","2H":"4","9X":"4","5R":"5"},"JJ":{"MV":"5","MR":"5","PR":"5","MQ":"5"},"JH":{"6G":"5","56":"5"},"8C":{"QW":"4","QX":"4","VV":"4","RX":"4","RQ":"4","RH":"5","RW":"4","VJ":"5","JR":"4","CV":"4","RV":"4","WM":"4","QM":"4"},"CG":{"P3":"5"}},"22":{"63":{"G4":"5"},"86":{"C8":"5"},"72":{"JC":"5"},"4M":{"96":"5","97":"5"},"3M":{"8C":"5","89":"5","7C":"5","79":"5"},"87":{"W6":"5","W5":"5"}},"G5":{"G3":{"J5":"5","G8":"5"},"W7":{"38":"5","48":"5"},"9X":{"MM":"5"}},"R3":{"32":{"32":"5","27":"5"},"XX":{"4F":"5"},"PX":{"FM":"5","3C":"5"},"XW":{"VC":"5"}},"84":{"2G":{"F8":"5","G7":"5","Q9":"5"},"42":{"FQ":"5"},"2H":{"9M":"5"}},"72":{"V2":{"GJ":"5","8X":"5","HF":"5","8W":"5","9W":"5","CJ":"5","3M":"5","GM":"5","9X":"5"},"F8":{"6H":"5"}},"52":{"MF":{"HG":"5"},"VF":{"Q7":"5"},"VC":{"QM":"4","QJ":"4"}}}}