{"index":{"university,1|retail,2|tourism,3|wreck,4|historical,5|artsCulture,6|namedBuilding,7|water,8|wetland,9|park,10|beach,11|natureReserve,12|cemetery,13|trail,14":{}},"6R":{"6G":{"M2":{"PX":"4","MQ":"5"}},"76":{"88":{"77":"5"}},"59":{"CR":{"MV":"4"}},"48":{"MP":{"4C":"5"},"JR":{"J3":"4"}},"7J":{"P5":{"93":"5"},"M7":{"4C":"5"},"4V":{"XH":"5"},"Q5":{"XJ":"5","VJ":"5","XG":"5","WJ":"5","WG":"5","6P":"5"},"9G":{"XP":"5"},"R5":{"2G":"5","3F":"5","2H":"5"}},"49":{"R3":{"QH":"5"}},"39":{"2P":{"7P":"5","4P":"5"}},"99":{"W8":{"PQ":"4"}},"65":{"G4":{"M4":"5"},"5F":{"GV":"5"},"G5":{"W5":"5"}},"55":{"VJ":{"CX":"5"},"VM":{"F3":"5","73":"5"}},"57":{"RF":{"XX":"5"}},"92":{"CG":{"PV":"5","M7":"5"},"CF":{"J3":"5"},"CC":{"M6":"5"}},"29":{"XP":{"8Q":"5"},"RM":{"V3":"5"},"G5":{"PV":"5","92":"5"},"H4":{"C4":"4"},"J7":{"33":"5"},"WP":{"HP":"5"},"H6":{"36":"5"},"VP":{"2G":"5"},"H5":{"JG":"5"},"MG":{"VV":"5","WW":"5","JP":"5","WV":"5","VW":"5"},"HC":{"G3":"5"}},"66":{"68":{"7Q":"5","CP":"5","9Q":"5","5R":"5","9M":"5","CM":"5","7J":"5","7M":"5","6Q":"5","7P":"5","9J":"5","8Q":"5","9P":"5","7R":"5","6P":"5","9R":"5","8R":"5","8M":"5","8P":"5","6J":"5","6R":"5","8J":"5","CQ":"5","6M":"5"}},"6P":{"HM":{"69":"5"}},"98":{"PR":{"MH":"5"}},"69":{"39":{"75":"4"}},"32":{"FC":{"J7":"5"}},"2X":{"GX":{"VJ":"5","MF":"5"},"HX":{"54":"5","44":"5","CX":"4","45":"5","55":"5"}},"58":{"CG":{"77":"5"},"7X":{"HV":"5","9X":"5"},"FF":{"8R":"5","7R":"5"}},"VH":{"3R":{"WR":"4"},"CR":{"XR":"5"}},"85":{"CJ":{"HQ":"5"}},"67":{"QR":{"Q7":"5"},"WQ":{"2M":"5"},"WR":{"53":"5"}},"4Q":{"VR":{"V9":"5"},"XQ":{"26":"5"}},"RW":{"V7":{"PQ":"5"},"R8":{"WJ":"5","RJ":"5","QG":"5","XJ":"5","VP":"5","RH":"5","QM":"5","VG":"5","XP":"5","VJ":"5","PH":"5","RM":"5","WM":"5","XM":"5","VH":"5","QH":"5","QJ":"5","RP":"5","VM":"5","WP":"5","RG":"5"},"X6":{"96":"5","86":"5"},"X5":{"5R":"5","8Q":"5","8R":"5","HV":"5","6Q":"5","6R":"5","7R":"5","9Q":"5"}},"5Q":{"RJ":{"PM":"4","3M":"5"},"MF":{"FJ":"5","9F":"5","FH":"5","HP":"5","QJ":"5","F8":"5","HQ":"5","GP":"5","WW":"5","VJ":"5","FW":"5","G9":"5","C8":"5","RP":"5","WH":"5","VQ":"5","GX":"5","9G":"5","JF":"5","WV":"5","WR":"5","RJ":"5","FR":"5","GQ":"5","JV":"5","VR":"5","PM":"5","JC":"5","FQ":"5","WP":"5","WX":"5","PH":"5","97":"5","MJ":"5","88":"5","FV":"5","9C":"5","H9":"5","HW":"5","GM":"5","JJ":"5","VX":"5","QW":"5","QH":"5","9H":"5","CJ":"5","FF":"5","MM":"5","PP":"5","QP":"5","C7":"5","FX":"5","JP":"5","RQ":"5","WQ":"5","JQ":"5","WJ":"5","VH":"5","GJ":"5","QQ":"5","G8":"5","FC":"5","MF":"5","VV":"5","QV":"5","JX":"5","JW":"5","MH":"5","8C":"5","MG":"5","89":"5","HC":"5","VP":"5","RX":"5","PX":"5","CH":"5","JM":"5","RH":"5","QR":"5","87":"5","QG":"5"},"MG":{"M3":"5","P2":"5","V2":"5","J3":"5","H3":"5","F3":"5","P3":"5","G3":"5","F2":"5","Q3":"5","V3":"5","R3":"5"}},"7H":{"6M":{"4R":"4"}},"47":{"2Q":{"WM":"4"}}}}