{"index":{"university,1|retail,2|tourism,3|wreck,4|historical,5|artsCulture,6|namedBuilding,7|water,8|wetland,9|park,10|beach,11|natureReserve,12|cemetery,13|trail,14":{}},"6V":{"VH":{"63":{"7M":"4","94":"4"},"36":{"3P":"5"}},"Q4":{"7W":{"V5":"5"}},"Q5":{"82":{"JG":"5","MF":"5","MG":"5","JF":"5"}},"HJ":{"8W":{"XX":"5","XW":"5"},"9W":{"6F":"4","2V":"5","5M":"5","49":"5","6G":"4","3H":"5","4V":"4","5G":"5","5F":"5","3C":"5","4Q":"5","3F":"5","39":"5"},"9X":{"7H":"4"}},"F8":{"FW":{"38":"5","C6":"5"},"FX":{"Q4":"5"}},"XF":{"R8":{"F4":"5","C4":"5"}},"JM":{"37":{"6C":"5"}},"22":{"F8":{"VM":"5"},"H3":{"3F":"5"},"H2":{"M7":"4","3X":"5","VP":"4"},"5C":{"25":"5"},"R5":{"GX":"4"}},"HM":{"X7":{"WW":"5","CR":"5","X4":"5"},"C4":{"67":"5"}},"3X":{"G5":{"2V":"4"},"F5":{"GV":"5","CR":"4"}}}}