{"index":{"university,1|retail,2|tourism,3|wreck,4|historical,5|artsCulture,6|namedBuilding,7|water,8|wetland,9|park,10|beach,11|natureReserve,12|cemetery,13|trail,14":{}},"72":{"MW":{"33":{"5H":"5","5G":"5","5J":"5","6J":"5"}},"W4":{"6M":{"6F":"5","68":"5","4C":"5","59":"5","6C":"5"},"5J":{"W5":"5","X8":"5","W4":"5","X9":"5","X7":"5","X5":"5","W7":"5","W2":"5","X3":"5","XC":"5","W3":"5","W6":"5","X6":"5","XG":"5","X4":"5"},"6J":{"29":"5","8P":"5","9F":"5","25":"5","4H":"5","39":"5","86":"5","59":"5","6F":"5","4M":"5","36":"5","8F":"5","5G":"5","5H":"5","8M":"5","2G":"5","37":"5","9G":"5","46":"5","7F":"5","79":"5","68":"5","6Q":"5","4G":"5","26":"5","8H":"5","4C":"5","24":"5","88":"5","35":"5","9C":"5","47":"5","8Q":"5","5J":"5","7C":"5","7P":"5","5P":"5","27":"5","57":"5","7J":"5","9H":"5","7H":"5|4","2F":"5","4J":"5","49":"5","48":"5","7Q":"5","3H":"5","6J":"5","3F":"5","4P":"5","5C":"5","98":"5","7M":"5","2C":"5","4F":"5","5F":"5","77":"5","9J":"5","3J":"5","5M":"5","4Q":"5","78":"5","99":"5","6C":"5","38":"5","8C":"5","67":"5","56":"5","89":"5","7G":"5","8G":"5","58":"5","8J":"5","69":"5","87":"5","6R":"5","6G":"5","3G":"5","28":"5","5Q":"5","6H":"5","3C":"5"}}}}