{"index":{"university,1|retail,2|tourism,3|wreck,4|historical,5|artsCulture,6|namedBuilding,7|water,8|wetland,9|park,10|beach,11|natureReserve,12|cemetery,13|trail,14":{}},"73":{"J2":{"2J":{"WV":"5"},"6G":{"7H":"5","72":"5","73":"5"},"58":{"63":"5"},"3M":{"2C":"5","29":"5"},"2M":{"R7":"5","V7":"5","X6":"5","V6":"5"},"26":{"P9":"5","J9":"5"},"6C":{"98":"5"}},"G4":{"WX":{"HX":"4"}},"F7":{"G5":{"2J":"5"},"F5":{"RH":"5"},"C4":{"QP":"5"}},"H3":{"FR":{"R7":"5"},"HR":{"C2":"5","H2":"5","H9":"5","H8":"5","H3":"5","G5":"5","H4":"5","92":"5","H7":"5","G4":"5","F3":"5","H6":"5","H5":"5","G6":"5","C4":"5","G3":"5","F4":"5","G2":"5","93":"5","94":"5","C3":"5","F2":"5"},"8X":{"52":"5","J3":"5","53":"5"},"FX":{"8M":"5","P4":"5"},"MX":{"PQ":"5"},"HV":{"QW":"5","XW":"5"},"JW":{"RR":"5"},"8W":{"QG":"5","2J":"5","QF":"5","MF":"5","PF":"5","MG":"5","PG":"5","5X":"5"},"JV":{"2V":"5","3W":"5"},"GX":{"37":"5","47":"5"},"8V":{"8J":"5","7J":"5","8P":"5","9M":"5","7M":"5","CJ":"5","CM":"5","9J":"5","CH":"5","8M":"5","9H":"5","9P":"5","FJ":"5"},"CR":{"R5":"5"},"HQ":{"GQ":"5","FW":"5","FR":"5","HR":"5","FV":"5","FX":"5","HV":"5","GW":"5","9X":"5","CX":"5","CW":"5","GX":"5","HW":"5","GR":"5","HX":"5","HQ":"5","GV":"5"}},"H5":{"32":{"9C":"5","9G":"5","C9":"5","8P":"5","9M":"5","9F":"5","7P":"5","8Q":"5","CG":"5","CH":"5","8M":"5","CC":"5","9H":"5","F9":"5","CF":"5","9P":"5","99":"5","9Q":"5"},"24":{"X6":"5","X5":"5"},"52":{"R9":"5","VC":"5","R8":"5","Q9":"5","RC":"5","Q8":"5","V9":"5","P8":"5","P9":"5"},"35":{"37":"5","69":"5","8J":"5","FR":"5","96":"5","87":"5","7J":"5","42":"5","FV":"5","8H":"5","8P":"5","59":"5","8Q":"5","86":"5","22":"5","8M":"5","58":"5","5C":"5","85":"5","32":"5","GR":"5","9P":"5","36":"5","GV":"5","7H":"5"},"62":{"5H":"5","6G":"5","5G":"5","6H":"5","5J":"5","6J":"5"},"44":{"RF":"5"},"34":{"25":"5","4W":"5","5Q":"5","8H":"5","3V":"5","4R":"5","24":"5","2X":"5","3X":"5","4V":"5","4X":"5","3R":"5","7H":"5"},"57":{"77":"5","55":"5"},"33":{"3Q":"5","4H":"5","5H":"5","5M":"5","4G":"5","3R":"5","4V":"5","4M":"5","5G":"5","5F":"5","4R":"5","3V":"5","5C":"5","4Q":"5","5J":"5","4J":"5","4P":"5"},"28":{"3X":"5","4V":"5","3V":"5","4W":"5","3W":"5"},"36":{"G4":"5","J8":"5","F6":"5","G6":"5","F4":"5","G5":"5","F5":"5"}},"F6":{"J2":{"Q4":"5"},"RG":{"2J":"5"},"PX":{"MM":"5"},"PW":{"9F":"5","CJ":"5","FM":"5","G6":"5","F5":"5","CF":"5","GJ":"5","FJ":"5"},"F3":{"GJ":"5"},"C3":{"CQ":"5","8R":"5","CP":"5","8V":"5"},"MW":{"WC":"5"},"W4":{"88":"5","9C":"5"},"H2":{"6W":"5","6X":"5","2R":"5","6R":"5","6V":"5"},"VM":{"Q6":"5"},"X4":{"4R":"5","3W":"5"}},"G6":{"74":{"4F":"5","5F":"5"},"28":{"5H":"5","FP":"5","FJ":"5"},"Q2":{"88":"5"},"66":{"J2":"5","CJ":"5"},"65":{"MX":"5"},"25":{"HG":"5","GG":"5","GH":"5","HH":"5"}},"H2":{"XJ":{"FM":"5"},"VG":{"GX":"5","FW":"5","FX":"5","JR":"5","GW":"5"},"X6":{"XP":"5","HX":"5"},"WC":{"67":"5"},"WG":{"3M":"5"},"X7":{"G4":"5","H3":"5","G3":"5","F6":"5","G6":"5","H2":"5","G2":"5","G5":"5","F5":"5"},"X8":{"3M":"5"}},"C6":{"W8":{"CG":"5","FH":"5","69":"5","CH":"5","FG":"5"}},"G5":{"V8":{"W8":"5","29":"5","8P":"5","9F":"5","J3":"5","66":"5","P6":"5","FH":"5","MC":"5","93":"5","39":"5","R8":"5","86":"5","59":"5","F8":"5","H7":"5","M8":"5","6F":"5","P5":"5","F5":"5","8F":"5","G6":"5","5G":"5","P7":"5","5H":"5","83":"5","F6":"5","GF":"5","J9":"5","G9":"5","CF":"5","8M":"5","M4":"5","C8":"5","G7":"5","37":"5","9G":"5","46":"5","JF":"5","C5":"5","Q8":"5","85":"5","7F":"5","79":"5","68":"5","Q9":"5","74":"5","76":"5","C9":"5","F3":"5","4G":"5","96":"5","R7":"5","JC":"5","HF":"5","M3":"5","8H":"5","4C":"5","GG":"5","J8":"5","P8":"5","C3":"5","97":"5","J2":"5","G4":"5","88":"5","M5":"5","9C":"5","47":"5","P9":"5","M9":"5","C4":"5","H9":"5","H3":"5","5J":"5","7C":"5","7P":"5","Q5":"5","V8":"5","H2":"5","F2":"5","CC":"5","27":"5","57":"5","H6":"5","9H":"5","7J":"5","J4":"5","CJ":"5","7H":"5","PC":"5","G2":"5","9M":"5","FF":"5","49":"5","H4":"5","48":"5","X8":"5","F9":"5","6J":"5","3F":"5","G3":"5","5C":"5","Q7":"5","C7":"5","7M":"5","98":"5","75":"5","4F":"5","5F":"5","C2":"5","77":"5","9J":"5","65":"5","CG":"5","GC":"5","Q6":"5","92":"5","M7":"5","F7":"5","6M":"5","J6":"5","G8":"5","FC":"5","78":"5","99":"5","6C":"5","FG":"5","64":"5","55":"5","F4":"5","M6":"5","HG":"5","38":"5","8C":"5","67":"5","56":"5","89":"5","HC":"5","H5":"5","J5":"5","7G":"5","8G":"5","H8":"5","P4":"5","G5":"5","94":"5","CH":"5","58":"5","95":"5","8J":"5","J7":"5","69":"5","87":"5","6G":"5","C6":"5","28":"5","84":"5","3C":"5","6H":"5"},"R9":{"9J":"5"},"RX":{"35":"5","36":"5"},"QG":{"7R":"5"},"JP":{"4X":"5","CJ":"5"},"PH":{"93":"5"},"JH":{"2J":"5"},"RW":{"G4":"5"},"R5":{"HQ":"5"},"MW":{"2V":"5"},"VF":{"MW":"5"},"PG":{"JX":"5","JW":"5"},"JQ":{"MP":"5","42":"5","MW":"5","HM":"5","W7":"5","H4":"5"},"VG":{"Q3":"5","Q2":"5"},"V7":{"GX":"5","HW":"5","FW":"5","JX":"5","CX":"5","HX":"5","FX":"5","GW":"5"},"W8":{"37":"5","Q6":"5","77":"5","38":"5","87":"5","96":"5","J6":"5","V6":"5","R6":"5","67":"5","W7":"5","97":"5","V7":"5","P6":"5","C6":"5","H6":"5","G6":"5","47":"5","M6":"5","57":"5","F6":"5","28":"5"},"W3":{"CQ":"4","7W":"5","CR":"4"},"P2":{"MP":"5"},"JR":{"FJ":"5","H8":"5"},"MX":{"JC":"5"},"WG":{"35":"5"},"HM":{"RX":"5","MX":"5","PH":"5"},"JV":{"RH":"5","QH":"5"},"MJ":{"QM":"5"},"HP":{"XJ":"5","M2":"5","WJ":"5"}},"H4":{"M3":{"2C":"5"},"95":{"QV":"5","2P":"5"},"76":{"52":"5"},"C6":{"PV":"5","PR":"5","QV":"5"},"97":{"WH":"5","PM":"5"},"88":{"5X":"5","7Q":"5"},"92":{"8X":"5","7W":"5","7X":"5","2M":"5","9Q":"5"},"75":{"WJ":"5","RJ":"5","6Q":"5","FJ":"5","QR":"5","VP":"5","M9":"5","VJ":"5","8X":"5","RM":"5","GF":"5","5V":"5","WM":"5","4W":"5","VH":"5","4R":"5","QH":"5","9W":"5","VM":"5","CH":"5","5Q":"5","WP":"5","7H":"5","RG":"5"},"82":{"8C":"5","G7":"5"},"74":{"VP":"5"},"83":{"X4":"5"},"C5":{"J9":"5"},"P2":{"39":"5"},"78":{"X6":"5","X5":"5"},"84":{"M3":"5","4P":"5","M4":"5","4M":"5","3V":"5","4R":"5","7P":"5","CJ":"5","8R":"5","4Q":"5","5V":"5","J4":"5","8V":"5","4V":"5","3R":"5","4G":"5"},"85":{"6P":"5"},"H4":{"5M":"5","5J":"5","4J":"5"},"93":{"96":"5","WW":"5","86":"5","72":"5","45":"5","82":"5","WV":"5"}},"F5":{"PX":{"P6":"5"},"MX":{"GG":"5","GH":"5","HH":"5","FF":"5"}}}}