{"index":{"university,1|retail,2|tourism,3|wreck,4|historical,5|artsCulture,6|namedBuilding,7|water,8|wetland,9|park,10|beach,11|natureReserve,12|cemetery,13|trail,14":{}},"77":{"8W":{"7Q":{"58":"5"},"56":{"5G":"5"},"9F":{"PW":"5","QW":"5"},"6G":{"44":"5","43":"5","3J":"5"},"28":{"J8":"5","37":"5","H3":"5","C3":"5","QP":"5","V3":"5","G2":"5"},"59":{"XV":"5","23":"5","WV":"5"},"7W":{"W3":"5"},"27":{"RX":"5","4F":"5","VX":"5","FX":"5","63":"5","5G":"5","8V":"5","2M":"5","73":"5"},"FF":{"CR":"5"},"7J":{"QF":"5","8C":"5","3V":"5"},"7M":{"CQ":"5","4W":"5"},"2P":{"27":"5"},"6H":{"82":"5","F7":"5","34":"5","5F":"5","HH":"5","9X":"5"},"7P":{"C2":"5","PM":"5","4P":"5","87":"5","4F":"5","2G":"5","J7":"5","FX":"5","Q7":"5","C8":"5","PF":"5","5J":"5"},"6F":{"V5":"5","77":"5","8F":"5","R8":"5","WC":"5","VJ":"5","8P":"5","Q8":"5","8Q":"5","P6":"5","P8":"5","9P":"5","J8":"5","9Q":"5"},"5F":{"54":"4"},"99":{"62":"4"},"8G":{"PR":"5","HW":"5","JV":"5","JW":"5","VM":"5","JR":"5"},"57":{"M4":"5"},"CF":{"9M":"5","4X":"5","8M":"5","5W":"5","7M":"5","7P":"5","5V":"5","6Q":"5","6R":"5","5X":"5","7Q":"5","6V":"5"},"7C":{"6H":"5","85":"4","GF":"5","97":"5"},"36":{"5P":"5","6P":"5","5Q":"5"},"79":{"4H":"5","C8":"5","5H":"5","F6":"5"},"37":{"P2":"5","H2":"5","98":"5"},"9H":{"46":"5","F7":"5","HJ":"5","22":"5","3P":"5","4W":"5"},"9G":{"2V":"5","XX":"5","H4":"5","J5":"5","X5":"5","P6":"5","H6":"5","H5":"5","HW":"5"},"69":{"3X":"5","6G":"5","W7":"5"},"FG":{"76":"5","62":"5","FG":"5","MM":"5"},"8X":{"MW":"5","HP":"5","JP":"5"},"4C":{"RF":"4","4Q":"4","PH":"5","XQ":"5"},"3C":{"XP":"5","3M":"5"},"8M":{"M3":"5","P3":"5","H2":"5","GM":"5","H3":"5","J5":"5","J9":"5","7V":"5","J4":"5","C5":"5","FF":"5","JF":"5"},"9C":{"27":"5"},"8P":{"2F":"5"},"8H":{"C7":"5","X2":"5"},"7F":{"38":"5","CV":"5","FJ":"5","4P":"5"},"58":{"4H":"5"},"6J":{"RX":"5","H5":"5","G3":"5","F6":"5","WQ":"5","G7":"5","F4":"5"},"6R":{"VG":"5","X2":"5"},"8J":{"M3":"5","H3":"5","P3":"5","HQ":"5","9F":"5","MM":"5"},"68":{"JV":"5","JW":"5"},"CH":{"25":"5","M3":"5","23":"5","VF":"5","5V":"5","24":"5","FJ":"5"},"5C":{"V5":"5"},"46":{"7M":"5","7X":"5","2P":"5"},"CG":{"25":"5","33":"5","34":"5","38":"5","42":"5","J9":"5","24":"5","C5":"5","65":"5"},"6C":{"32":"5"},"86":{"5P":"5"},"8W":{"4R":"5","3F":"5"},"2C":{"RJ":"5","G7":"5","RM":"5"}},"95":{"W5":{"Q6":"5","Q4":"5","R7":"5","P5":"5","P4":"5","R6":"5"},"W4":{"RH":"5","CF":"5","QF":"5","8F":"5","MF":"5","8C":"5","CC":"5","XF":"5","PG":"5","9F":"5"},"VH":{"PJ":"5","JR":"5"},"X7":{"R6":"5"},"VC":{"R2":"5","V2":"5"},"WH":{"3F":"5"},"WP":{"H7":"5","H6":"5"},"X5":{"82":"5"},"X3":{"V3":"5"},"XF":{"3H":"5","6H":"5","2W":"5","3W":"5"},"WQ":{"V4":"5"},"V9":{"RX":"5","VX":"5"},"X2":{"WW":"5","VW":"5"},"X6":{"C5":"5","74":"5","MX":"5","F4":"5","J6":"5","J7":"5","F5":"5"},"XG":{"6H":"5"},"X4":{"HQ":"5"}},"FC":{"P2":{"HM":"5","JM":"5"},"C8":{"CH":"5","CJ":"5"},"P5":{"64":"5","35":"5","44":"5","34":"5","45":"5"},"M2":{"82":"5","92":"5"},"H3":{"F6":"5"},"R8":{"WX":"5"},"V8":{"5R":"5"},"M5":{"86":"5","G5":"5","59":"5","F5":"5","6J":"5"},"CR":{"8M":"5"},"J6":{"XX":"5"},"VW":{"P9":"5","Q9":"5"}},"26":{"9R":{"XW":"5"},"CF":{"C2":"5","34":"5","H3":"5","G4":"5","F3":"5","VG":"5","Q8":"5","J3":"5","C6":"5","C8":"5","M6":"5","J4":"5","F6":"5","G2":"5","F2":"5"},"JQ":{"HG":"5"},"CC":{"GX":"5","8X":"5","CW":"5","CX":"5","7X":"5","FX":"5","9X":"5"},"7M":{"34":"5","23":"5"},"9C":{"XW":"5"},"57":{"J2":"5","G5":"5"},"9V":{"P7":"5"},"9G":{"H7":"5"},"9F":{"QW":"5","V3":"4","R3":"5","V7":"5","MX":"5","RV":"5","V2":"4"}},"C8":{"38":{"X2":"5"},"99":{"5C":"5"},"78":{"VV":"5","XX":"5","QJ":"5","PH":"5","XV":"5","XW":"5","WX":"5","MH":"5","XJ":"5","QR":"5"},"88":{"2Q":"5","RW":"5","2V":"5","8X":"5","2W":"5","6V":"5","5R":"5"},"8P":{"8W":"5","7V":"5","98":"5"},"5W":{"JW":"4"},"72":{"9H":"5","CH":"5","CJ":"5","9J":"5"},"34":{"6M":"5"},"9H":{"MP":"5","MM":"5"},"F6":{"M8":"5"},"56":{"QW":"5","VX":"5","XX":"5","WH":"5","RW":"5","XV":"5","WW":"5","XW":"5","WX":"5","VW":"5"},"89":{"X3":"5","M2":"5","F3":"5","G8":"5","C3":"5"},"7F":{"63":"5","74":"5","62":"5","73":"5","75":"5"},"57":{"W5":"5","W4":"5","V3":"5","R3":"5","W7":"5","W2":"5","X3":"5","V4":"5","W6":"5","X2":"5","X4":"5","R2":"5","V2":"5"},"7C":{"RH":"5","M9":"5","QG":"5","83":"5","4R":"5","84":"5","PG":"5","QF":"5","J9":"5","RJ":"5","95":"5","2X":"5","PF":"5","MC":"5","85":"5","J8":"5"},"7J":{"M3":"5","H2":"5","M4":"5","H3":"5","G5":"5","H4":"5","J5":"5","G4":"5","J3":"5","H5":"5","J4":"5","G2":"5","J2":"5"},"66":{"2V":"5","5P":"5","3P":"5","4R":"5","2R":"5"}},"H6":{"46":{"35":"5","9H":"5"},"22":{"F6":"5"},"28":{"CG":"5"},"36":{"49":"5","3C":"5","GH":"5","Q9":"5","4C":"5","39":"5"},"39":{"CH":"5"}},"G7":{"8G":{"X3":"5","V5":"5","R5":"5"},"M3":{"44":"5","67":"5"},"J3":{"R8":"5"},"M2":{"6X":"5"},"6G":{"7R":"5"},"5G":{"RJ":"5"},"J4":{"VC":"5"},"9F":{"3X":"4|5","FQ":"5","4V":"5","G7":"5"},"3G":{"8G":"5","8C":"5"},"84":{"3W":"5"},"6V":{"R6":"4"}},"7W":{"XQ":{"99":"5","2F":"5","66":"5"},"VQ":{"QG":"5","QH":"5","VH":"5","XF":"5"},"X8":{"PX":"5","PW":"5","R8":"5","X6":"5","V4":"5","6R":"5","X7":"5","X8":"5"},"XP":{"PP":"5","XG":"5","8X":"5","95":"5","8M":"5"},"8J":{"95":"4","47":"5","J4":"5"},"7J":{"W7":"5"},"X9":{"H7":"5","CG":"5","CF":"5","CC":"5","CH":"5","87":"5"},"X7":{"RH":"5","X9":"5","VH":"5","QG":"5","VC":"5","WC":"5","QH":"5","VF":"5","QF":"5","RG":"5","VG":"5","RF":"5","QR":"5","W9":"5"},"VC":{"88":"5","F8":"5","G8":"5","8C":"5","53":"5","89":"5","F9":"5","GG":"5","F4":"5","66":"5","98":"5","G9":"5"},"6P":{"V7":"5","W7":"5","W8":"5"},"HG":{"QG":"5","MG":"5","PH":"5"},"WP":{"WP":"5","F7":"5","8H":"5","6G":"5","JM":"5","F9":"5","84":"5","7R":"5","RQ":"5"},"7M":{"64":"5"},"W7":{"XV":"5"},"GP":{"2R":"5"},"VP":{"QF":"5","WF":"5","H2":"5","VC":"5","9G":"5","RR":"5","R5":"5"},"WQ":{"8G":"5","W6":"5","37":"5","HF":"5","2C":"5","WM":"5","RF":"5","Q3":"5","6P":"5"},"V9":{"2G":"5","3H":"5","67":"5","2H":"5","3G":"5","79":"5"},"VM":{"QM":"5","PP":"5","MR":"5","XG":"5","WH":"5","JQ":"5","VM":"5","JP":"5","WG":"5","XH":"5","MM":"5","QJ":"5"},"WM":{"5W":"5","CP":"5","3F":"5"},"6M":{"WP":"5","WQ":"5","XP":"5","XQ":"5"},"FP":{"XV":"5","WR":"5"},"9P":{"FW":"5"},"XM":{"GX":"5","3P":"5","3J":"5","4J":"5"}},"39":{"QH":{"H3":"5"},"H3":{"2Q":"5","3R":"5","3V":"5","3W":"5"},"G3":{"R8":"5"}},"CV":{"42":{"87":"5","98":"5"}},"F6":{"X3":{"WH":"5","VH":"5","55":"4"},"X6":{"68":"5"},"X4":{"PH":"5","GH":"4","CJ":"5","9J":"5","MG":"5","FH":"5","9H":"5","MH":"5","CF":"5"},"X5":{"8G":"5","F6":"5","Q5":"5","9C":"5","9F":"5","X8":"5"},"X7":{"GQ":"5","FR":"5","QG":"5","JQ":"5","XC":"5","FQ":"5","RJ":"5","5W":"4","5V":"5","PP":"5","HQ":"5","QM":"5"},"W8":{"QH":"5","Q6":"5","PJ":"5","R4":"5","R6":"5","Q7":"5","R5":"5"},"X2":{"64":"4","5W":"4"}},"CP":{"25":{"Q4":"5"},"C2":{"WP":"5","4M":"5"},"69":{"JM":"5","JJ":"5"},"66":{"V6":"5","Q8":"5"},"34":{"6G":"5"},"87":{"CF":"5","CC":"5"},"56":{"8X":"5","9X":"5"},"4F":{"FG":"5"},"53":{"CV":"5"},"4H":{"W6":"5","X6":"5"},"43":{"R6":"5"},"8P":{"48":"5"},"23":{"3V":"5"},"44":{"JM":"5"},"3F":{"VJ":"5"},"67":{"49":"5"},"63":{"GJ":"5","HJ":"5","HM":"5","JM":"5","JJ":"5"},"86":{"27":"5"},"72":{"4H":"5","3H":"5"},"52":{"39":"5"},"45":{"XM":"5"},"C4":{"G8":"5","GC":"5","G9":"5"},"95":{"HC":"5"},"57":{"73":"5"},"89":{"G2":"5","C2":"5"},"32":{"M9":"5"},"93":{"M7":"5","H2":"5","VQ":"5"},"3G":{"WH":"5"},"94":{"H5":"5"},"4G":{"HR":"5","JR":"5","5Q":"5"},"C3":{"23":"5"},"65":{"XW":"5"},"35":{"RQ":"5"},"F2":{"5F":"5","5C":"5"}},"M7":{"XF":{"32":"5","33":"5"}},"H4":{"2J":{"9H":"5"},"F9":{"PR":"5","PQ":"5"},"C6":{"7C":"5"},"C3":{"76":"5","2M":"5"},"44":{"C3":"5"},"GP":{"VQ":"5","M3":"5","RQ":"5","QJ":"5","VC":"5","RP":"5","WP":"5","VP":"5","FM":"5","VM":"5","VR":"5","WJ":"5","WM":"5","MM":"5","XM":"5"},"9V":{"7G":"5"},"CF":{"QG":"5"},"GQ":{"Q6":"5","R7":"5","R9":"5","WG":"5"},"3M":{"32":"5"},"HV":{"VV":"4","PM":"5"},"94":{"45":"5","9G":"5"},"HQ":{"74":"5","65":"5"},"85":{"M2":"5"},"CH":{"C5":"5"},"46":{"C9":"5"},"93":{"QM":"5","FR":"5","GQ":"5","HR":"5","JG":"5","HJ":"5","HM":"5","P9":"5","CH":"5","GP":"5","QP":"5","JM":"5","JJ":"5","JH":"5","HH":"5"},"C4":{"35":"5","CW":"5"},"6C":{"7F":"5"},"P5":{"V9":"5","R9":"5","RC":"5","VC":"5"},"HP":{"8X":"4","3C":"5","4Q":"5"}},"3M":{"X8":{"2F":"5"}},"2J":{"5F":{"F7":"5","C3":"5"},"6C":{"X5":"5","WG":"5"},"6P":{"QM":"5"},"64":{"MC":"5"},"CQ":{"C5":"5"},"78":{"G7":"5"},"5G":{"9M":"5","8J":"5","8M":"5","FH":"5","9H":"5","CM":"5","CH":"5","FJ":"5","CJ":"5","9J":"5"},"6H":{"6J":"5"},"F3":{"Q2":"4"},"72":{"4W":"5"},"C4":{"WW":"4"},"8M":{"3H":"5"},"7C":{"25":"5","74":"5","7Q":"5","24":"5","6Q":"5","6R":"5","7R":"5"},"6F":{"G4":"5","GR":"5"},"F5":{"PG":"4"},"6G":{"92":"5","77":"5"},"6M":{"J5":"5","G7":"5","C6":"5","9Q":"5"},"9P":{"VC":"5"},"75":{"6W":"5"},"6W":{"Q4":"5"},"79":{"W9":"5","3W":"5"},"F2":{"Q4":"5","F7":"4","F6":"4","Q2":"5"}},"2M":{"H2":{"3Q":"5","JQ":"5","5P":"5","5M":"5","PR":"5","W3":"5","6M":"5","QV":"5"},"H3":{"FR":"5","R8":"5","X8":"5"},"J5":{"94":"5"},"9V":{"F7":"5"},"F3":{"8X":"5","9X":"5"},"C6":{"P9":"5"},"G3":{"CH":"5","GH":"5","4P":"5"},"J4":{"38":"5","33":"5","43":"5","45":"5","39":"5"},"F6":{"X7":"5"},"F4":{"M8":"5","F3":"5","C3":"5"},"C5":{"WR":"5"},"G2":{"VX":"5","X5":"5"},"F2":{"GV":"5","8F":"5"}},"C5":{"38":{"24":"5"},"5H":{"P5":"5"},"44":{"P8":"5","P7":"5"},"29":{"V3":"5"},"5G":{"HX":"5"},"33":{"Q6":"5"},"45":{"5H":"5","5J":"5"},"27":{"94":"5"},"3F":{"7G":"5","6F":"5"},"94":{"F4":"5"}},"6X":{"M3":{"94":"5"},"23":{"M9":"5"},"33":{"F9":"5"},"J2":{"5V":"5"},"F4":{"2X":"5","CH":"5","2W":"5"},"Q3":{"6Q":"5"},"H2":{"GF":"5"},"J4":{"GW":"5"},"G3":{"W7":"5"},"22":{"99":"5","46":"5","57":"5","55":"5"},"G2":{"G4":"5","RF":"5","F9":"5","J9":"5"},"24":{"R2":"5","Q3":"5"},"M2":{"F2":"5"},"Q2":{"P6":"5","P5":"5","H8":"5"},"P2":{"WP":"5","JR":"5"},"C5":{"H8":"5"},"32":{"VQ":"5","RM":"5","RQ":"5","RP":"5","9V":"5","VP":"5","RJ":"5","VM":"5"},"G5":{"V5":"5","W7":"5","V6":"5"},"F3":{"2X":"5","W7":"5"},"H4":{"46":"5","48":"5"},"C4":{"M8":"5","PW":"5","MC":"5","M9":"5","CX":"5","67":"5","J7":"5"}},"J3":{"95":{"MR":"4"},"GG":{"F5":"5"},"28":{"F2":"5","C2":"5"},"27":{"8W":"5","9W":"5","9X":"5"},"F5":{"PW":"4","WJ":"4","QV":"4"},"39":{"MR":"5","W9":"5"}},"2C":{"9G":{"QP":"5"},"H9":{"66":"5"},"X9":{"PV":"5","PR":"5"},"M9":{"HG":"5","WM":"5","VM":"5"},"J5":{"C7":"5"},"MC":{"34":"5","56":"5","64":"5","23":"5","44":"5","P4":"5","55":"5","54":"5","35":"5"},"JF":{"73":"5"},"5M":{"WH":"5","VQ":"5"}},"H8":{"48":{"2X":"5","3X":"5","2W":"5","3W":"5"}},"CQ":{"87":{"CF":"5","F3":"5","CC":"5","VW":"5"},"96":{"2F":"5","2W":"5"},"83":{"RG":"5","R9":"5","RC":"5","V8":"5","QC":"5"},"9F":{"98":"4"},"97":{"8J":"5","8H":"5"},"86":{"VQ":"5"},"CH":{"MG":"5"},"88":{"W9":"5"},"FJ":{"Q9":"5"}},"9Q":{"Q6":{"HR":"5","J8":"5","CC":"5","9C":"5","73":"5","GM":"5","H8":"5"},"P8":{"P2":"5","R2":"5","P3":"5","Q2":"5"},"M5":{"V2":"5","V3":"5"},"Q8":{"5W":"5"},"M4":{"RX":"5","VX":"5","RV":"5","VW":"5"},"Q9":{"49":"5","3F":"5"},"QC":{"4M":"5"},"Q7":{"4F":"5"},"P7":{"RW":"5","RX":"5","WW":"5","WX":"5","VW":"5"}},"4W":{"37":{"32":"5"},"XP":{"R6":"4"},"JH":{"52":"5"},"GH":{"75":"5"},"59":{"VP":"5"},"26":{"FG":"5","58":"5"},"CG":{"MF":"5","MG":"5"},"47":{"J2":"5"},"HH":{"P2":"5"},"36":{"2X":"5"},"FG":{"XX":"5"},"68":{"JR":"5"}},"Q3":{"5X":{"7M":"5"}},"38":{"82":{"8C":"5"},"23":{"RG":"5","QG":"5","QF":"5","VG":"5","VH":"5","RF":"5","RC":"5","PC":"5","VF":"5","PF":"5","PG":"5","QC":"5"},"6C":{"XV":"5"}},"H9":{"QP":{"GQ":"5"}},"R3":{"H9":{"HQ":"5"},"F8":{"R7":"5"},"G8":{"86":"5"},"H8":{"7R":"5"},"G9":{"9H":"5","CH":"5"}},"C3":{"CW":{"P2":"5"},"6X":{"X2":"5"},"9P":{"VF":"5"},"6V":{"58":"5"}},"4G":{"33":{"MF":"5"},"7W":{"CQ":"5","32":"5","MP":"5","RG":"5","FM":"5","5H":"5","93":"5","83":"5","FQ":"5","3P":"5","GH":"5"},"F4":{"M2":"5"},"C3":{"XG":"5","PW":"5","QR":"5"},"F2":{"C8":"4","8M":"5","7H":"4","MG":"5","PH":"5"},"9V":{"2V":"5","3P":"5","2P":"5"},"H2":{"3F":"5"},"7V":{"FP":"5","R4":"5","MF":"5","8C":"5","GP":"5","JM":"5","R5":"5","G9":"5"},"7X":{"44":"5"},"G3":{"42":"5","F4":"5","F5":"5"},"6X":{"63":"5","4F":"5","5W":"5","8R":"5","8W":"5","7W":"5","6W":"5","6X":"5","M5":"5","7X":"5","3J":"5","8V":"5","6J":"5"},"9R":{"9W":"5"},"G2":{"68":"5","X4":"5","JH":"5"},"6W":{"P6":"5","5P":"5","8W":"5","7W":"5","4M":"5","F9":"5","3M":"5","7V":"5","6Q":"5","HQ":"5","6P":"5","P7":"5","5R":"5","5Q":"5","4P":"5","3W":"5"},"8V":{"G4":"5","8C":"5","2C":"5","29":"5","V4":"5"},"9W":{"29":"5"},"F3":{"4X":"5","2C":"5","WQ":"5","W4":"5","V3":"5","V4":"5","VQ":"5","3G":"5"},"C4":{"R5":"5","R4":"5","CM":"5","9J":"5","V4":"5","7C":"5","7G":"5","MF":"5"},"8W":{"C5":"5","88":"5"}},"H3":{"GQ":{"JG":"5","HH":"5","GF":"5"},"R6":{"WP":"5","WM":"5","VH":"5","VM":"5","RR":"5","QV":"5"},"W7":{"5W":"5"},"W2":{"62":"5"},"W8":{"G8":"5","G7":"5"},"6V":{"8X":"5","8W":"5","9W":"5","7W":"5","9X":"5"},"MJ":{"F8":"5","H6":"5"}},"FF":{"6C":{"F9":"5"},"QG":{"Q2":"4"},"R8":{"34":"5","33":"5"},"9F":{"RH":"5","VG":"5"},"QF":{"5H":"4","7P":"5"},"Q7":{"7Q":"5"},"F8":{"24":"5","56":"5","65":"5","84":"5","25":"5"},"7P":{"QQ":"5"},"Q8":{"X3":"5","VG":"5"},"22":{"F2":"5"},"9J":{"R8":"5"},"G7":{"7P":"5"},"F7":{"R7":"5"},"6F":{"F8":"5","9C":"5","F9":"5","9F":"5"},"9H":{"JH":"5"},"7F":{"M2":"5","V4":"5"},"V2":{"RP":"5"},"3R":{"6W":"5"}},"49":{"6W":{"J5":"5"}},"G9":{"27":{"3Q":"5","5Q":"5"}},"3X":{"8F":{"39":"5"},"8C":{"9V":"5"},"57":{"HF":"5","J6":"5","GF":"5"},"58":{"PR":"5"},"55":{"34":"5"},"66":{"47":"5","CC":"5"}},"28":{"PQ":{"4P":"5"},"2Q":{"X6":"5"},"CQ":{"W5":"5","W4":"5"},"GP":{"2H":"5"},"FQ":{"74":"5","H4":"5"},"9R":{"PJ":"5"},"CC":{"FC":"5"},"FP":{"8W":"5","WJ":"5","9V":"5","FX":"5","8V":"5","RM":"5"}},"F4":{"W7":{"9R":"5"},"VF":{"GG":"5"},"W8":{"73":"5"}},"F2":{"P6":{"F2":"5"},"M4":{"PF":"5"}},"C9":{"6G":{"HG":"5"},"95":{"PG":"5"},"GM":{"V5":"5","M4":"5","V6":"5","X7":"5","R7":"5","X3":"5","H6":"5","J9":"5","G7":"5","W6":"5","P8":"5","X6":"5","PP":"5","HC":"5","F2":"5"},"C6":{"CP":"5"},"HJ":{"7W":"4","7X":"4","J6":"4","6Q":"4"},"MQ":{"52":"5","63":"5","59":"5","54":"5","77":"5","97":"5","65":"5","55":"5","57":"5","87":"5","36":"5","74":"5","69":"5","94":"5","42":"5","78":"5","84":"5","64":"5","62":"5","F6":"5","G5":"5","6C":"5"},"6F":{"9M":"5","9R":"5","8P":"5","8R":"5","G8":"4","9H":"5","9V":"5","9J":"5","H8":"4","8V":"5","8Q":"5","7Q":"5","9Q":"5"},"HM":{"6F":"5","7H":"5","23":"5","H8":"5","6C":"5","66":"5","GF":"5"},"JR":{"X2":"5"},"XG":{"2F":"5","4F":"5","68":"5"},"GJ":{"PP":"4","MC":"4","X4":"4","MJ":"4"},"7G":{"F9":"5","G9":"5"},"FM":{"WH":"5"},"G9":{"4C":"5"},"V9":{"3H":"4"},"WC":{"MV":"5","MW":"5","RR":"5","RQ":"5"},"JQ":{"8P":"5"},"83":{"WQ":"5"},"QF":{"CQ":"5","MC":"5","9Q":"5"},"WH":{"QM":"5","99":"5","4H":"5","88":"5","89":"5","6M":"5"},"VJ":{"P6":"5","F8":"5","GC":"5","M6":"5","FC":"5","CH":"5"},"JP":{"XJ":"5","XC":"5","WH":"5","WP":"5","VG":"5","WJ":"5","VF":"5","XF":"5","X9":"5","WG":"5","XH":"5","XQ":"5"},"GF":{"RC":"5","J4":"5"},"RQ":{"CQ":"5","8X":"5","FH":"5","8W":"5","CR":"5","9X":"5"},"WM":{"6Q":"5"},"MP":{"29":"5","66":"5","39":"5","59":"5","4R":"5","2J":"5","5G":"5","83":"5","5H":"5","5X":"5","G7":"5","3M":"5","7F":"5","74":"5","C9":"5","FQ":"5","4C":"5","4W":"5","C3":"5","4V":"5","H3":"5","5J":"5","7P":"5","5P":"5","H2":"5","5V":"5","7H":"5","9M":"5","4J":"5","49":"5","3H":"5","6J":"5","4P":"5","6P":"5","4F":"5","65":"5","CG":"5","2H":"5","6M":"5","G8":"5","78":"5","55":"5","67":"5","6X":"5","2W":"5","3X":"5","6R":"5","3W":"5","5Q":"5","3C":"5"},"VH":{"XR":"5","WR":"5"},"RF":{"42":"5","43":"5"},"RR":{"82":"5"},"62":{"R5":"5"},"R3":{"9F":"5"},"MM":{"FR":"5","HM":"5","VM":"5","HX":"5","VP":"5"},"WF":{"58":"5"},"5C":{"JW":"5"},"WG":{"XP":"5"},"RW":{"J2":"5"},"CG":{"M8":"5","M7":"5"},"HP":{"HF":"5","98":"5"}},"C4":{"77":{"6R":"5"},"2G":{"8J":"5","9J":"5"},"5H":{"G8":"5","G7":"5"},"CQ":{"VR":"5","WQ":"5","PM":"5"},"F8":{"VX":"5"},"F3":{"CH":"5","FG":"5","PC":"5"},"CJ":{"7G":"5"},"86":{"Q8":"5"},"C8":{"JW":"5"},"6Q":{"XX":"5","WX":"5"},"CV":{"6J":"5"},"8W":{"V6":"5"},"FC":{"GM":"5"},"5C":{"3P":"5","2P":"5"},"3X":{"RV":"5","QV":"5"},"CR":{"GW":"5"},"36":{"JR":"5"},"FG":{"FR":"5"}},"4F":{"GX":{"W5":"5","5F":"5","69":"5","6C":"5","87":"5","X7":"5","G8":"5","78":"5","4R":"5","VG":"5","Q8":"5","97":"5","C6":"5","F6":"5","6F":"5","88":"5","5C":"5","7G":"5","MJ":"5","C7":"5","79":"5"},"JX":{"F4":"4"},"JW":{"2V":"4","2R":"4"},"HX":{"R2":"4"},"GW":{"MV":"5"}},"6W":{"QX":{"MH":"5"},"FW":{"R9":"5","V7":"5","RC":"5","9Q":"5"},"VV":{"8M":"5","F2":"5","6W":"5","6X":"5"},"RX":{"93":"5","79":"5"},"RQ":{"2G":"5","2F":"5"},"PR":{"WF":"5","69":"5","WP":"5","78":"5","VF":"5","XC":"5","XF":"5","PF":"5","MC":"5","XG":"5","9P":"5","4C":"5","JF":"5","68":"5"},"FX":{"CV":"5","HF":"5","JX":"5"},"PX":{"G3":"5"},"QQ":{"FX":"5"},"GW":{"38":"5","WW":"5","G8":"5","G6":"5","VC":"5"},"VW":{"24":"5"},"JW":{"5F":"5","GQ":"5","C2":"5","8J":"5","2J":"5","7J":"5","4F":"5","4H":"5","H3":"5","4J":"5","8P":"5","9M":"5","3P":"5","7M":"5","72":"5","3J":"5","45":"5","8M":"5","CC":"5","3H":"5","82":"5","9P":"5","8C":"5","4G":"5"},"VR":{"GV":"5","F9":"5","87":"5","FX":"5"},"QV":{"C8":"5","F7":"5","C9":"5"},"JV":{"8X":"5","V6":"5","R6":"5"},"GX":{"XH":"5","PQ":"5","R5":"5","PC":"5","H7":"5","Q7":"5","R7":"5","Q8":"5","7Q":"5","J2":"5"},"HW":{"XM":"5","6X":"5","X5":"5"},"PV":{"28":"5"},"QR":{"2G":"5","2C":"5","29":"5","3C":"5","39":"5"},"MV":{"3G":"5"},"MR":{"FP":"5"}},"P5":{"5H":{"83":"4"},"H5":{"VR":"4"}},"CC":{"R2":{"5W":"5"},"86":{"M5":"5","P7":"5"},"V7":{"GX":"5"},"VQ":{"36":"5"},"9G":{"CW":"5"},"R3":{"Q7":"5"}},"9M":{"XJ":{"8F":"5","7F":"5"},"X3":{"9C":"5"},"XW":{"HR":"5","HJ":"5","8C":"5","GR":"5","6P":"5"},"XV":{"HG":"5","Q5":"5","4P":"5"},"XP":{"Q6":"5"},"XR":{"W6":"5","W5":"5","V7":"5","V8":"5","W7":"5","79":"5","W8":"5"},"XF":{"W5":"5","MC":"5"},"X9":{"WP":"5","HJ":"5","HH":"5"},"X5":{"JH":"5"},"XH":{"V8":"5"},"XQ":{"3H":"5"}},"CR":{"2X":{"F3":"5","F5":"5"},"3X":{"RQ":"5"},"6W":{"9M":"5","5W":"5","6W":"5","9P":"5","8V":"5"},"3V":{"5X":"4"},"2W":{"JC":"5","8R":"5","7Q":"5","7R":"5","GW":"5"},"3W":{"F8":"4","GG":"5","C7":"5"}},"5X":{"P2":{"HW":"5","HH":"4"},"W3":{"XR":"5","J9":"5"},"W4":{"G3":"5"},"X2":{"X3":"5","W4":"5"},"R3":{"49":"5"}},"8V":{"PR":{"WW":"5"},"QR":{"Q6":"5"},"WM":{"M3":"5","P3":"5"},"PQ":{"7Q":"5","6G":"5","9Q":"5","5R":"5","9M":"5","3Q":"5","7J":"5","7M":"5","2P":"5","2M":"5","5P":"5","6Q":"5","6H":"5","7P":"5","4V":"5","3H":"5","9J":"5","7G":"5","3V":"5","4J":"5","8Q":"5","2R":"5","3M":"5","6P":"5","5G":"5","3J":"5","2Q":"5","4M":"5","5V":"5","8R":"5","8M":"5","8P":"5","5M":"5","5J":"5","4R":"5","4H":"5","6J":"5","3R":"5","8J":"5","4Q":"5","4P":"5","5Q":"5","5H":"5","7H":"5","4G":"5","6M":"5","3P":"5"},"MQ":{"XM":"5","XP":"5","XQ":"5"}},"9W":{"25":{"WC":"5","8Q":"5","XQ":"5"},"37":{"PC":"5","95":"5","33":"5","C3":"5","R5":"5","6Q":"5","9J":"5","7G":"5","3V":"5","G8":"5","HR":"5","GQ":"5","JG":"5","5X":"5","J4":"5","2G":"5","V7":"5","H7":"5","2H":"5","PQ":"5","VW":"5","QJ":"5","JH":"5","8J":"5","J3":"5","4P":"5","7H":"5"},"34":{"WH":"5","VH":"5","Q7":"5","FX":"5"},"56":{"3R":"5","33":"5"},"44":{"33":"5","6C":"5","G5":"4","JP":"5","6P":"5","83":"5","H7":"5","2W":"5","GW":"5","CH":"5","95":"5","QV":"5","82":"5","7R":"5","QR":"5","GV":"5"},"55":{"C8":"5","4X":"5","37":"5","67":"5","5F":"5","5V":"5","7Q":"5","9Q":"5"},"26":{"5G":"5","6R":"5","2W":"5","4J":"5"},"H5":{"WC":"5"},"45":{"RH":"5","95":"5","C3":"5","HM":"5","XR":"5","JW":"5"},"47":{"42":"5"},"24":{"X4":"5","W8":"5"},"M6":{"85":"5"},"36":{"RH":"5","HR":"5","QR":"5","MM":"5"},"46":{"53":"5","V3":"5","78":"5","63":"5","62":"5","52":"5","58":"5","88":"5","M5":"5"},"54":{"3V":"5"},"35":{"MX":"5","3P":"5","5C":"5","45":"5","PH":"5","QQ":"5"},"27":{"PP":"5","WH":"5","RJ":"5","WJ":"5","23":"5"},"28":{"V5":"5"}},"H2":{"R2":{"CF":"5","49":"5","G7":"5","57":"5","28":"5","3C":"5"},"WH":{"H4":"5","J7":"5","PC":"5","G4":"5","H5":"5","J4":"5","F5":"5","C5":"5","M5":"5"},"R4":{"RM":"5"},"W9":{"P3":"5"},"X6":{"25":"5"},"WJ":{"69":"5"},"Q8":{"WM":"5"},"Q2":{"VF":"5"},"X9":{"W2":"5"},"R5":{"W5":"5","MW":"5"}},"G5":{"VQ":{"M8":"5","P2":"5","Q4":"5","M4":"5","R5":"5","5J":"5"},"5F":{"XQ":"5"},"8J":{"CJ":"5"},"77":{"Q8":"5"},"5P":{"2V":"5"},"RQ":{"QX":"5"},"56":{"CV":"5","FV":"5"},"53":{"93":"5","73":"5","94":"5"},"Q9":{"J8":"5","J7":"5"},"8G":{"4G":"5"},"3P":{"C8":"5"},"PG":{"X3":"5","X2":"5"},"7P":{"PW":"5","QX":"5"},"8R":{"5R":"5"},"VP":{"XP":"5","VX":"5","RP":"5","H4":"5","PR":"5","QQ":"5","2W":"5","QR":"5","XM":"5","QM":"5"},"72":{"CW":"5"},"V9":{"77":"5"},"H5":{"P9":"5"},"MG":{"X2":"5"},"7C":{"GX":"5"},"X2":{"5W":"5","4W":"5"},"9H":{"CG":"5","CF":"5","8C":"5"},"FP":{"6R":"5"},"99":{"74":"5","69":"5","F2":"5","3V":"5","JF":"5","H2":"5","84":"5","C2":"5","98":"5"},"7F":{"83":"5"},"QM":{"RW":"5"},"27":{"GP":"5"}},"FG":{"M3":{"87":"5"},"5M":{"WC":"5","VF":"5"},"69":{"GM":"5"},"3J":{"66":"5"}},"3C":{"RM":{"XF":"5"}},"CJ":{"FV":{"W2":"5"},"2V":{"H6":"5"},"3X":{"M3":"5","M2":"5","H9":"5","H8":"5","J6":"5","M9":"5","R6":"5","Q4":"5","J7":"5","Q9":"5","J5":"5","P6":"5","J4":"5","P5":"5","X6":"5","J2":"5","M5":"5"},"FW":{"3Q":"5"},"3W":{"HX":"5"},"4V":{"CJ":"5"},"FR":{"MP":"5","PQ":"5","GP":"5","QQ":"5"},"9V":{"WP":"5"},"3V":{"P3":"5"},"7V":{"H7":"5"},"7R":{"CR":"5"},"CR":{"PV":"5","HX":"5","WR":"5","4W":"5"},"9R":{"H9":"5","JQ":"5"},"6W":{"GC":"5"},"8X":{"WQ":"5"},"5V":{"X7":"5"},"8R":{"85":"5","94":"5","C2":"5"},"4R":{"FQ":"5"},"9W":{"7W":"5","7P":"5"},"3R":{"JV":"5"},"6V":{"63":"5","55":"5","27":"5","36":"5"},"FX":{"XJ":"5","J5":"5","W8":"5"}},"CG":{"C2":{"XG":"5","P9":"5","XF":"5"},"QX":{"77":"5"},"FR":{"2R":"5"},"QP":{"7W":"5","7X":"5"},"F3":{"96":"5","JP":"5","6P":"5","CQ":"5","5G":"5","7M":"5","7P":"5","8Q":"5","GP":"5","JV":"5","6J":"5","6M":"5"},"FM":{"6M":"5"},"G6":{"H2":"5"},"F5":{"M2":"5"},"F4":{"PM":"5","96":"5","C9":"5","H8":"5","G8":"5","74":"5","97":"5","86":"5","H6":"5","G7":"5","F7":"5","C8":"5","C4":"5","95":"5","HH":"5","F6":"5","85":"5","F9":"5","HC":"5","98":"5","F2":"5"},"X6":{"65":"5"},"F9":{"2V":"5","4Q":"5"},"C3":{"XG":"5"},"F2":{"2G":"5","2F":"5","QR":"5"}},"9R":{"XX":{"M4":"4"}},"9V":{"49":{"M8":"5","XG":"5","J8":"5","JQ":"5","MF":"5","M9":"5","RC":"5","J9":"5","QC":"5","JR":"5"},"W5":{"4G":"5"},"V5":{"V2":"5","W2":"5","X2":"5"},"69":{"P6":"5","G2":"4"},"6C":{"34":"5"},"77":{"WF":"5","R9":"5","X9":"5","R8":"5","WH":"5","Q7":"5","R7":"5","Q8":"5","VG":"5","V7":"5"},"87":{"47":"5","X9":"5"},"W4":{"4X":"5","2X":"5"},"78":{"R4":"5","M7":"5"},"97":{"56":"5"},"86":{"4X":"5"},"V4":{"VX":"5","WW":"5","XW":"5","WX":"5"},"95":{"52":"4"},"85":{"GX":"5","X3":"5","W7":"5"},"C5":{"36":"5"},"4C":{"JQ":"5","PJ":"5","JC":"5","JP":"5","MJ":"5","RQ":"5"},"94":{"5X":"4"},"68":{"CR":"4"},"F2":{"J6":"5","PH":"5","J7":"5","8P":"5","W8":"5","V9":"5","M6":"5","M7":"5"}},"2W":{"5F":{"5M":"5"},"69":{"JC":"5","M9":"5","PC":"5","PG":"5","QC":"5","MG":"5","PF":"5","MC":"5","MF":"5","99":"5","JF":"5"},"6C":{"F7":"5"},"8X":{"4H":"5"},"8H":{"46":"5"},"8P":{"63":"5"},"9M":{"XV":"5"},"CG":{"CV":"5","HW":"5","JR":"5"},"JM":{"33":"5","26":"5"},"M8":{"Q9":"5","8Q":"5"},"HV":{"PW":"5","PC":"5","RV":"5"},"GW":{"GP":"5"},"JG":{"W4":"5"},"MG":{"4C":"5"},"M7":{"Q4":"5"},"5C":{"QR":"5"},"7G":{"PJ":"5","JM":"5","JP":"5"},"MH":{"6W":"5","4P":"5"},"MM":{"RG":"5"},"MF":{"4M":"5","Q5":"5","CQ":"5","7P":"5","CJ":"5","9J":"5","3M":"5","7R":"5","FJ":"5"},"JJ":{"R8":"5","7W":"5"},"JF":{"XP":"5","XR":"5"}},"2Q":{"FR":{"HG":"5","7G":"5","JG":"5","HF":"5","JF":"5"},"48":{"M8":"5","P8":"5","PC":"5","QC":"5","P7":"5","GW":"5"},"68":{"23":"5"},"69":{"58":"5"},"HP":{"8R":"5","9V":"5","8Q":"5"},"67":{"5P":"5"},"57":{"6W":"5"},"58":{"42":"5"},"RV":{"C5":"5"},"RR":{"RR":"4"}},"G6":{"23":{"X4":"5"},"28":{"FV":"5"},"5R":{"27":"5"},"27":{"52":"5","49":"5","48":"5","45":"5"},"48":{"F6":"5"},"J2":{"54":"5"},"54":{"PX":"5","QX":"5"},"M6":{"FF":"5"},"R7":{"G5":"5"},"39":{"MR":"5","4H":"5","JR":"5"},"C2":{"W3":"5"},"26":{"F2":"5","92":"5","5X":"5","6P":"5","84":"5","C2":"5"},"55":{"Q4":"5","V8":"5"},"V8":{"42":"5"},"CF":{"H9":"5","GC":"5","HC":"5","J9":"5","H8":"5","G9":"5"},"29":{"2H":"5","MJ":"5"},"75":{"HM":"5"},"66":{"9P":"5"},"36":{"32":"5","42":"5","22":"5","33":"5","43":"5","3J":"5","4J":"5"},"G4":{"W7":"5"},"35":{"4X":"5","2X":"5","3X":"5"},"32":{"2X":"5","69":"5"},"3C":{"93":"5"},"25":{"C8":"5","J9":"5","F9":"5","FH":"5","HJ":"5","97":"5","GR":"5","GJ":"5","88":"5","CF":"5","M9":"5","HR":"5","QM":"5","79":"5","JC":"5","98":"5","JQ":"5","35":"5","HH":"5","FG":"5","HQ":"5","GF":"5","J8":"5","CC":"5","HX":"5","FC":"5","CH":"5","GC":"5","P6":"5","GV":"5","C7":"5","GH":"5","FX":"5","P5":"5"},"4R":{"V2":"5"},"4H":{"J5":"5"},"62":{"73":"5","45":"5","55":"5"},"9W":{"JG":"5"},"MF":{"75":"5"},"4Q":{"RW":"5","PJ":"5","WX":"5","VW":"5"},"P6":{"FG":"5"},"X7":{"7H":"5"},"46":{"7X":"5"},"5Q":{"6H":"5","4Q":"5","4P":"5"},"HP":{"QX":"5"}},"F8":{"RJ":{"5H":"5","6H":"5","28":"5","7J":"5"},"MX":{"6H":"5"}},"Q2":{"MP":{"24":"4"},"PM":{"CX":"4"}},"H5":{"2Q":{"G8":"5","23":"5"},"3X":{"HR":"5"},"4V":{"6F":"5","5G":"5","5F":"5","7C":"5"},"5C":{"X2":"5"},"59":{"VV":"5","WX":"5"}},"3R":{"32":{"QG":"5","QF":"5"},"33":{"FG":"5"}},"3G":{"9R":{"FX":"5"},"CC":{"V2":"5"},"FC":{"7H":"5","7J":"5"},"FF":{"83":"5"}},"R4":{"3F":{"P6":"5","P5":"4"}},"Q4":{"2G":{"27":"5"},"42":{"82":"5"},"3H":{"6X":"5","5X":"5"},"3M":{"P2":"4","GJ":"5","F8":"5","H5":"5","FV":"5","F6":"5"},"3J":{"HV":"5"},"2M":{"WV":"5"}},"2P":{"82":{"CF":"5"}},"9J":{"XR":{"HJ":"5"}},"F5":{"W6":{"WP":"4"},"X3":{"48":"5"},"W3":{"R9":"5","9X":"5"},"XV":{"H4":"4"},"X5":{"M3":"5","Q7":"5"}},"3W":{"X6":{"XG":"5"},"X7":{"WF":"5"}},"J2":{"9M":{"F3":"5"},"F9":{"MJ":"5"},"GG":{"7H":"5","HF":"4","FG":"5"},"3F":{"PX":"5"},"48":{"CR":"5"},"FF":{"W5":"5","9W":"5"},"2P":{"2M":"5"},"C3":{"32":"5","52":"5","PX":"5","PW":"5"},"GP":{"RW":"5","RP":"5"},"7P":{"4Q":"5"},"77":{"56":"5"},"99":{"89":"5"},"C2":{"4P":"5","4M":"5","3C":"5","5Q":"5","2C":"5","3F":"5","62":"5","4Q":"5","3J":"5","6M":"5","6V":"5"},"88":{"7W":"5","6X":"5","7X":"5"},"92":{"XX":"5","XP":"5"},"8Q":{"R2":"5","JG":"5","JF":"5"},"W3":{"F2":"4"},"JQ":{"FG":"5"},"G2":{"RG":"5"},"GF":{"R3":"5"},"3G":{"2Q":"5","7F":"5","H2":"5"},"FC":{"QV":"5"},"F3":{"JH":"5"},"5H":{"J9":"5"},"47":{"3J":"5"}},"37":{"25":{"9G":"5","M9":"5","92":"5","67":"5","7P":"5","CG":"5","86":"5","4Q":"5","CH":"5","85":"5","4C":"5"},"5Q":{"JF":"5"},"23":{"95":"5","6Q":"5","5Q":"5"},"7Q":{"4V":"5","2H":"4"},"45":{"22":"4"},"24":{"FH":"5","9X":"5"},"6Q":{"QW":"5","RM":"5","RP":"5","WP":"5","VP":"5","JG":"5","RV":"5","QV":"5","MR":"5"},"6R":{"C5":"5","FP":"5","Q3":"5","HC":"5"},"3X":{"G7":"5"},"2P":{"6X":"5"},"6W":{"32":"5","52":"5"}},"C7":{"MV":{"63":"4"},"7M":{"V3":"5"},"JV":{"WM":"5","VM":"5","WR":"5"},"MQ":{"82":"4"},"JP":{"XC":"5"},"8V":{"4V":"5","5X":"5","4W":"5"},"MM":{"2W":"5"}},"5W":{"2Q":{"63":"5"},"QW":{"GX":"5","PR":"5"},"QX":{"4F":"5"},"4Q":{"MW":"5"},"WX":{"R4":"5"},"6P":{"JG":"5","6X":"5"},"6V":{"48":"5"},"5Q":{"54":"5","55":"5","3F":"5"},"VW":{"CF":"5","8X":"5","5V":"5"}},"25":{"6X":{"GV":"5"}},"CM":{"FJ":{"6M":"5"},"29":{"8M":"5","5P":"5","8P":"5","FJ":"5","6M":"5","9J":"5","6P":"5","4P":"5","3W":"5"},"8P":{"2X":"5"},"3P":{"9R":"5","HJ":"5","H6":"5"},"9F":{"PV":"5","5J":"5"},"FH":{"GJ":"5"},"39":{"7F":"5"},"86":{"2V":"5"},"F8":{"63":"5"},"4R":{"9W":"5","6W":"5","8Q":"5"},"4M":{"H5":"5","H4":"5"},"F5":{"P6":"5","QQ":"5"},"FW":{"87":"5","76":"5","39":"5","78":"5","3P":"5","74":"5","26":"5","86":"5","57":"5","3H":"5","29":"5","4C":"5","2H":"5","28":"5"},"F6":{"PC":"5"},"23":{"GG":"5"},"CF":{"JV":"5","5G":"5"},"9R":{"WW":"5","WV":"5"},"9W":{"QH":"5","XX":"5","VV":"5","RX":"5","VX":"5","XW":"5","QR":"5"},"3M":{"QP":"5"},"46":{"35":"5"},"CV":{"RH":"5","QG":"5","QH":"5","RJ":"5","RF":"5","VQ":"5","VM":"5","VC":"5","RM":"5","VP":"5","QJ":"5"},"74":{"WH":"5"},"76":{"V3":"5","V4":"5"},"F3":{"F8":"5"},"26":{"54":"5","95":"5","F6":"5"},"FQ":{"H9":"4"},"CR":{"5P":"5","44":"5","2R":"5","6Q":"5"},"32":{"JJ":"5"},"3Q":{"VJ":"5","96":"5","95":"5","CM":"5","C4":"5"},"4X":{"2G":"5","74":"5","3G":"5"},"8H":{"63":"5","73":"5"},"4C":{"5P":"5","CH":"5","MQ":"5","6P":"5","4P":"5"},"9P":{"RW":"5"},"2V":{"J9":"5","RR":"5"},"4W":{"7M":"5","7P":"5"},"24":{"JV":"5"},"88":{"MR":"5"},"9X":{"W4":"5"},"FV":{"8J":"5","9G":"5","87":"5","7J":"5","8H":"5","9M":"5","8G":"5","9V":"5","7M":"5","7P":"5","8Q":"5","CG":"5","8R":"5","9J":"5","9X":"5","9R":"5","CH":"5","7V":"5","F6":"5","8W":"5","8V":"5","9H":"5","6M":"5","9P":"5","9Q":"5"},"CW":{"44":"5","GG":"5","VP":"5","RQ":"5"},"9C":{"V3":"5","R3":"5"},"44":{"63":"5"},"CM":{"6C":"5"},"8Q":{"3Q":"5"},"4V":{"M9":"5","HC":"5","3F":"5"},"5J":{"7P":"5"},"F2":{"QR":"5","MX":"5","QX":"5"},"5V":{"34":"5"},"9V":{"FR":"5","R2":"5","XF":"5"},"9H":{"PC":"5","QC":"5"},"CJ":{"W5":"5","R8":"5"},"2F":{"VR":"5","WQ":"5","WR":"5"},"FF":{"76":"5","36":"5"},"F9":{"RF":"5"},"3F":{"3V":"5"},"2Q":{"5V":"5","5J":"5","5R":"5"},"5C":{"3W":"5"},"5R":{"F2":"5","F4":"5","94":"5"},"C7":{"GM":"5"},"FX":{"22":"5"},"2C":{"9P":"5"},"CX":{"PR":"5"},"77":{"8R":"5"},"65":{"W3":"5","X5":"5"},"3J":{"GQ":"5","JV":"5","5G":"5","5F":"5","JW":"5"},"5M":{"3J":"5"},"92":{"R8":"5","Q8":"5","Q7":"5"},"4Q":{"JC":"5","XW":"5","XF":"5","QQ":"5"},"F7":{"4X":"5","FQ":"5","9H":"5","CP":"5","CM":"5"},"FP":{"HF":"5","6M":"5","5R":"5","5Q":"5"},"78":{"H2":"5"},"3R":{"XR":"5"},"64":{"35":"5","27":"5"},"2R":{"67":"5","66":"5"},"6X":{"Q7":"5","X7":"5","FF":"5"},"8G":{"QJ":"5"},"58":{"79":"5"},"3X":{"JR":"5"},"69":{"9X":"5"},"3W":{"R9":"5","2C":"5","6R":"5"},"5Q":{"2W":"5"},"84":{"WH":"5"},"72":{"23":"5"},"3C":{"X3":"5"}},"M6":{"CC":{"JM":"5"},"7V":{"HX":"5"},"MM":{"G5":"5"}},"27":{"W6":{"XG":"5","FP":"5","5P":"5"},"W5":{"8J":"5"},"X6":{"49":"5","W4":"5","2G":"5","HF":"5","RC":"5","P2":"5","QC":"5","PF":"5","MC":"5","XG":"5","FG":"5","MF":"5"},"W4":{"MR":"5","QV":"5"},"V6":{"9H":"5","5F":"5"},"X5":{"MW":"5","VH":"5"},"X2":{"VJ":"5","RJ":"5","QR":"5","VH":"5"}},"2H":{"7X":{"FM":"5"},"2R":{"5P":"5","3M":"5"},"87":{"R7":"5"},"FX":{"MR":"5","HR":"5","7M":"5","MQ":"5","6M":"5","HQ":"5","JR":"5"},"5X":{"MW":"5"}},"3F":{"28":{"MC":"5","PF":"5"}},"CF":{"WH":{"MR":"5","QQ":"5"},"X5":{"9V":"5"},"9F":{"VC":"5"},"C6":{"2M":"5"},"9X":{"R3":"5"},"F7":{"37":"5","3C":"5"},"W6":{"FV":"5"},"CX":{"XX":"5"},"9W":{"FR":"5","FQ":"5","8R":"5","8Q":"5"},"CC":{"M4":"5"},"CV":{"7M":"5","7V":"5","8V":"5","7R":"5"},"6F":{"64":"5"},"GX":{"99":"5"},"P9":{"CW":"5"}},"G8":{"X8":{"2F":"5","2C":"5"}},"2R":{"MP":{"CX":"5"},"GJ":{"77":"5"},"FG":{"R9":"5","Q9":"5"},"5F":{"9R":"5"},"MQ":{"82":"5","84":"5"},"GH":{"2J":"5"}},"P6":{"7H":{"VR":"5"},"H3":{"M2":"5"},"H2":{"MX":"5"}},"HC":{"CV":{"R2":"5"},"FV":{"35":"5","93":"5"},"FF":{"R8":"5"}},"F9":{"C8":{"W6":"5","V8":"5","X5":"5"},"JW":{"45":"5"},"9M":{"96":"5"},"59":{"8C":"5"},"48":{"H2":"5","QH":"5","55":"5","74":"5","62":"5","52":"5","48":"5","F4":"5","65":"5","35":"5","28":"5"},"PR":{"P6":"5","M7":"5","HJ":"5","V3":"5","P4":"5","9X":"5"},"QR":{"M6":"5","J6":"5","G5":"5","F5":"5","C4":"5"},"W5":{"QC":"5"},"MR":{"WR":"5","WV":"5"},"38":{"X8":"5","X7":"5","R3":"5","W2":"5","X3":"5","W3":"5","V4":"5"},"4X":{"RR":"5","RQ":"5"},"4J":{"M5":"5","M4":"5"},"MV":{"PP":"5","9H":"5","CC":"5","89":"5","9F":"5","MM":"5","QJ":"5"},"GQ":{"G5":"5"},"37":{"WP":"5","WQ":"5","VQ":"5"},"JQ":{"3J":"5","4J":"5"},"8X":{"PJ":"5"},"HQ":{"74":"5","F4":"5","G5":"5","94":"5","84":"5","F5":"5","C4":"5"},"PQ":{"82":"5","HG":"5","XW":"5","CC":"5","XR":"5","PH":"5","WR":"5"},"MX":{"Q6":"5"},"QQ":{"C3":"5","6X":"5","F4":"5"},"MP":{"GJ":"5"},"7F":{"9G":"5","8H":"5","6P":"5","5R":"5","8Q":"5","7Q":"5","6Q":"5","HM":"5","6M":"5","9Q":"5"},"58":{"3V":"5","3W":"5"},"5C":{"MR":"5"},"W6":{"44":"5"},"F8":{"5F":"5","27":"5"},"47":{"4X":"5","5W":"5","6X":"5","5X":"5","4W":"5"},"4G":{"8G":"5","CC":"5","7M":"5","9G":"5","C9":"5"},"3P":{"J6":"5"}},"CH":{"P3":{"QM":"5","VH":"5"},"C2":{"CQ":"5","J8":"5","CM":"5","9P":"5","J6":"5","MJ":"5"},"J7":{"7M":"5","6M":"5"},"PG":{"JW":"4"},"P2":{"W6":"5","2X":"5"},"M8":{"XH":"5"},"H5":{"HW":"5"},"95":{"G2":"5"}},"94":{"VF":{"38":"5"},"QQ":{"X2":"5"},"W8":{"V2":"5","V3":"5"}},"G4":{"Q5":{"V5":"5"},"6P":{"Q7":"5"},"2C":{"V7":"5"},"WP":{"45":"5"},"RC":{"GC":"5","HC":"5"},"8V":{"P6":"5","WH":"5","WF":"5","XP":"5","WJ":"5","2M":"5","R6":"5","R5":"5","WG":"5"},"3X":{"VX":"5"},"7R":{"MF":"5"}},"4H":{"33":{"WM":"5"},"4P":{"35":"4"},"34":{"QM":"5","CQ":"5","PX":"5","QR":"5","FQ":"5","QP":"5","VF":"5","9Q":"5"},"8J":{"65":"5"},"5P":{"4G":"5","VH":"5","C6":"4"},"42":{"9M":"5","RH":"5","P6":"5","4X":"5","V2":"5","PV":"5","RP":"5","HW":"5","QR":"5","WM":"5","QP":"5","CX":"5","JW":"5","Q8":"5","FX":"5","5X":"5","W2":"5"},"53":{"78":"5"},"43":{"29":"5","66":"5","4H":"5","39":"5","86":"5","59":"5","63":"5","4M":"5","36":"5","FW":"5","5X":"5","2G":"5","54":"5","37":"5","9W":"5","46":"5","FR":"5","79":"5","68":"5","76":"5","73":"5","4G":"5","JV":"5","96":"5","4C":"5","4W":"5","97":"5","88":"5","35":"5","9X":"5","FV":"5","44":"5","47":"5","C4":"4","5J":"5","45":"5","27":"5","57":"5","53":"5","33":"5|4","J4":"5","2F":"5","49":"5","48":"5","3H":"5","3F":"5","5C":"5","34":"5","75":"5","2C":"5","4F":"5","8W":"5","CX":"5","5F":"5","77":"5","65":"5","5M":"5","78":"5","6C":"5","55":"5","43":"5","62":"5","38":"5","67":"5","56":"5","89":"5","JR":"5","58":"5","GV":"5","2W":"5","42":"5","87":"5","69":"5","3G":"5","28":"5","6W":"5","3C":"5","52":"5","5W":"5"},"5Q":{"4W":"5"},"44":{"G5":"5","39":"5","83":"5","J5":"5","R7":"5","F3":"5","V7":"5","62":"5","F7":"5","95":"5","G2":"5","93":"5","FF":"5","54":"5","C3":"5","F2":"5"},"55":{"29":"5"},"52":{"P3":"5","37":"5","8J":"5","38":"5","9G":"5","J6":"5","8G":"5","74":"5","JX":"5","MX":"5","48":"5","93":"5","73":"5"},"45":{"5H":"5","8C":"5","69":"5","89":"5","PH":"5","79":"5"},"6J":{"9X":"5"},"6M":{"R7":"5","P9":"5","PC":"5","QC":"5"},"2P":{"GX":"4"},"36":{"24":"5"},"54":{"C5":"5","3Q":"5","47":"5","3R":"5","57":"5"},"35":{"5C":"5","7V":"5","3F":"5","7R":"5"},"7H":{"7P":"5"},"5M":{"8W":"5"}},"2G":{"3P":{"J6":"5","H8":"5","7M":"5","F8":"5","CG":"5","C6":"5","H6":"5","F6":"5","F5":"5","CF":"5","C5":"5","J2":"5","FG":"5"},"3M":{"86":"5","MJ":"5"},"2P":{"JR":"5"}},"2V":{"HP":{"F3":"5"}}}}