{"78":{"52":{"4H":{"J2":"5","X3":"5","C3":"5","W3":"5","JF":"5","G9":"5"},"6F":{"26":"5"},"4F":{"VH":"5","F2":"5"},"4G":{"WP":"5"},"49":{"2Q":"5","4G":"5","PC":"5","2M":"5"},"69":{"W4":"5"},"89":{"GX":"5","HW":"5","HX":"5","GW":"5"},"5F":{"W6":"5"},"4C":{"VV":"5","6W":"5"},"59":{"W5":"5","V5":"5","3P":"5","57":"5","P7":"5"},"6C":{"WR":"5"},"79":{"24":"5","R2":"5","Q5":"5"},"39":{"RW":"5","WP":"5","XM":"5","PQ":"4","HP":"5","WQ":"5","JV":"5","XR":"5","VQ":"5","HQ":"5","HV":"5","VP":"5"}}},"index":{"university,1|retail,2|tourism,3|wreck,4|historical,5|artsCulture,6|namedBuilding,7|water,8|wetland,9|park,10|beach,11|natureReserve,12|cemetery,13|trail,14":{}}}