{"index":{"university,1|retail,2|tourism,3|wreck,4|historical,5|artsCulture,6|namedBuilding,7|water,8|wetland,9|park,10|beach,11|natureReserve,12|cemetery,13|trail,14":{}},"79":{"8P":{"RW":{"QV":"5"},"VX":{"PC":"5","GW":"4"},"WQ":{"6C":"4"}},"9P":{"4X":{"RG":"5","WP":"5","HW":"5","XP":"5"},"3P":{"Q6":"5","R6":"5","Q7":"5"},"5X":{"7G":"5","CF":"5","2M":"5"}},"6Q":{"VG":{"J5":"5","X3":"5"},"V7":{"F9":"5"},"WF":{"8X":"4"},"V8":{"RG":"5"},"VF":{"RX":"5","VX":"5","WX":"5"}},"8V":{"25":{"3V":"5"},"Q2":{"49":"5"},"P3":{"Q4":"5","M4":"5"},"Q3":{"56":"5","45":"5"},"43":{"JV":"5","HV":"5"},"53":{"8G":"5","7G":"5","7F":"5","F9":"5","GH":"4","C9":"5"},"H3":{"XR":"5","MJ":"4"},"23":{"QM":"5"},"R3":{"RQ":"5"},"J4":{"42":"5"},"54":{"W2":"5"}},"6R":{"WF":{"7P":"5","3J":"5","9F":"5","5R":"5"},"W9":{"7W":"5","8V":"5"}},"8Q":{"V2":{"Q6":"5","F8":"5","M7":"5","QC":"5","P7":"5"},"W2":{"42":"5","43":"5"}},"7R":{"4F":{"HG":"5"},"77":{"74":"5","84":"5"},"3C":{"GW":"5"},"4Q":{"PP":"5","WP":"5","PQ":"5","QP":"5"},"2H":{"F6":"4"}}}}