{"index":{"university,1|retail,2|tourism,3|wreck,4|historical,5|artsCulture,6|namedBuilding,7|water,8|wetland,9|park,10|beach,11|natureReserve,12|cemetery,13|trail,14":{}},"7C":{"5V":{"HH":{"GF":"5"},"5J":{"WR":"5"}},"4V":{"PP":{"XR":"5"},"MR":{"Q5":"5"},"Q4":{"72":"5"},"7M":{"35":"5","23":"5","25":"5"},"7J":{"3Q":"5","2Q":"5","3R":"5","3P":"5","2P":"5"}},"W6":{"4F":{"8J":"5","8F":"5","8H":"5","9H":"5","9C":"5","6X":"5","7P":"5","9G":"5","9F":"5","7Q":"5"},"28":{"VQ":"5","RQ":"5","4H":"5","G8":"5","RC":"5","VP":"5","JR":"5","VM":"5","7F":"5","PW":"5","QM":"5"},"2J":{"J2":"5","G4":"5","M2":"5","H5":"5","G6":"5","H2":"5","G5":"5","H6":"5"},"3F":{"52":"5","53":"5","X8":"5"},"27":{"2C":"5","GR":"5"},"48":{"VV":"5","9G":"5","VX":"5","XV":"5","WX":"5","VW":"5","WR":"5","QV":"5","WV":"5"},"2F":{"8G":"5","8H":"5","3C":"5"},"49":{"QW":"5","Q9":"5","67":"5","PG":"5","Q8":"5","QC":"5","RV":"5","MC":"5","MF":"5","4G":"5","V2":"5"},"39":{"F3":"5","F2":"5","6X":"5","5X":"5"},"5F":{"2G":"5","3G":"5"},"3H":{"QM":"5","VJ":"5","WP":"5","XM":"5","WQ":"5","JM":"5","2P":"5","VP":"5","MM":"5","QJ":"5"},"38":{"49":"5","P3":"5","5F":"5","77":"5","H3":"5","GC":"5","F3":"5","G3":"5","7C":"5","4C":"5"},"26":{"JX":"5"},"57":{"7V":"5"},"29":{"WF":"5","4P":"5","MW":"5","67":"5","R4":"5","CM":"5","HV":"5","95":"5","88":"5","2M":"5","HX":"5","68":"5"},"37":{"GR":"5"},"2G":{"HF":"5","G7":"5","X6":"5","X7":"5"},"4C":{"4P":"5","2G":"5","5H":"5","7W":"5","CG":"5","4Q":"5","5W":"5","CH":"5","58":"5","7C":"5","FH":"5","WV":"5","FG":"5","6W":"5"},"2H":{"3Q":"5","C8":"5","2J":"5","CG":"5","F8":"5","5M":"5","F7":"5","MX":"5","JX":"5","3P":"5","C7":"5","4Q":"5","3M":"5","3J":"5","2M":"5","2P":"5","5J":"5","4J":"5","4P":"5","6J":"5"},"3G":{"5F":"5","Q6":"5","38":"5","4F":"5","3C":"5","5Q":"5","39":"5","3F":"5","7P":"5","26":"5","8Q":"5","4Q":"5","2P":"5","4C":"5","27":"5","28":"5","9Q":"5"},"3C":{"3Q":"5","99":"5","XW":"5","XV":"5","3C":"5","9G":"5","65":"5"},"25":{"7J":"5","4J":"5","4M":"5","2Q":"5","3P":"5","3Q":"5","3M":"5","2M":"5","2P":"5"},"58":{"5F":"5","5P":"5","5Q":"5","6P":"5","23":"5","5G":"5","45":"5","6Q":"5","6F":"5","6G":"5","6R":"5","32":"5","7R":"5","35":"5"},"4H":{"3P":"5","P6":"5","MC":"5","4H":"5","R8":"5","H7":"5","RC":"5","VG":"5","6F":"5","X9":"5","5H":"5","F6":"5","G9":"5","CF":"5","3M":"5","2M":"5","4G":"5","32":"5","9C":"5","2P":"5","V8":"5","7J":"5","PC":"5","3H":"5","X8":"5","6J":"5","3F":"5","Q7":"5","34":"5","7M":"5","3J":"5","XH":"5","5M":"5","2H":"5","M7":"5","FG":"5","V9":"5","H8":"5","6G":"5","3G":"5"},"5H":{"78":"5","68":"5","29":"5","67":"5","77":"5","58":"5","2H":"5"},"47":{"3Q":"5","2Q":"5","JX":"5"},"4G":{"G2":"5","HX":"5"},"2C":{"XC":"5","42":"5"}},"95":{"8X":{"7J":"5"}},"VX":{"PP":{"VH":"5"},"4V":{"5F":"5"},"6R":{"96":"5","H4":"5"},"VP":{"MP":"5","CG":"5"}},"C8":{"XW":{"VJ":"5"}},"7J":{"Q2":{"8J":"5","7J":"5","8H":"5","8P":"5","9M":"5","7M":"5","9J":"5","8M":"5","6J":"5","9H":"5","6M":"5","7H":"5"},"6P":{"9J":"5"}},"RH":{"XF":{"HP":"5"}},"39":{"2X":{"R4":"5"}},"W5":{"FJ":{"2J":"5","W5":"5"},"29":{"46":"5","62":"5","MX":"5","56":"5","WC":"5","45":"5","55":"5"},"9F":{"9F":"5","59":"5","7W":"5","QG":"5","8F":"5","RX":"5","FP":"5","97":"5","9J":"5","CX":"5","RH":"5","8Q":"5","5X":"5","VF":"5","7X":"5","VG":"5","WV":"5","QF":"5","8H":"5","RF":"5","6J":"5","RW":"5","PX":"5","93":"5","RG":"5","8W":"5"},"GR":{"46":"5","35":"5","V2":"5","56":"5","45":"5","85":"5"},"66":{"CP":"5","PV":"5","9Q":"5","2J":"5","7M":"5","RX":"5","V2":"5","7P":"5","3W":"5","4V":"5","P4":"5","3H":"5","9J":"5","9V":"5","3V":"5","4J":"5","G9":"5","8Q":"5","CW":"5","7V":"5","9P":"5","CR":"5","9R":"5","M2":"5","Q2":"5","P2":"5","8R":"5","8M":"5","8P":"5","4H":"5","R3":"5","HC":"5","2W":"5","R2":"5","8J":"5","5C":"5","6V":"5","Q4":"5","5H":"5","H9":"5"},"FH":{"QJ":"5","RC":"5","VG":"5","5G":"5","PF":"5","RF":"5","WH":"5","WF":"5","RG":"5","Q9":"5","PM":"5","VC":"5","32":"5","J8":"5","PH":"5","MJ":"5","QF":"5","P9":"5","JJ":"5","WG":"5","QH":"5","H6":"5","33":"5","PC":"5","XF":"5","XH":"5","JQ":"5","VH":"5","PJ":"5","VV":"5","VF":"5","QC":"5","RH":"5","XG":"5","QG":"5","52":"5"},"HP":{"2C":"5","57":"5"},"4H":{"XF":"5"},"39":{"RV":"5","PG":"5","M8":"5","P3":"5","Q2":"5","8F":"5","J9":"5","M4":"5","XC":"5","JF":"5","PM":"5","JC":"5","WP":"5","M3":"5","X6":"5","J8":"5","PH":"5","M5":"5","P2":"5","M9":"5","WM":"5","VX":"5","V5":"5","RW":"5","PP":"5","QP":"5","M7":"5","QQ":"5","MF":"5","PJ":"5","QV":"5","M6":"5","MV":"5","MH":"5","MG":"5","RX":"5","XM":"5","2W":"5","QR":"5","6W":"5"},"86":{"XQ":"5","V5":"5","RM":"5","Q6":"5","87":"5","V6":"5","M9":"5","R6":"5","Q4":"5","G5":"5","Q5":"5","R5":"5","92":"5","H7":"5","P4":"5","84":"5","QF":"5","74":"5","Q8":"5","26":"5","R4":"5","H6":"5","H5":"5","W6":"5","G6":"5","P5":"5","F6":"5","RF":"5","P8":"5","X6":"5","MC":"5","85":"5","MF":"5","94":"5","P9":"5"},"59":{"25":"5","66":"5","6C":"5","38":"5","56":"5","76":"5","RW":"5","2C":"5","67":"5","2W":"5","26":"5","CH":"5","47":"5","9W":"5","57":"5","48":"5","8W":"5","8V":"5","3X":"5","36":"5","FF":"5","HC":"5","7F":"5","65":"5","7H":"5"},"HQ":{"69":"5","23":"5","6M":"5","6J":"5"},"6F":{"46":"5","37":"5","47":"5","57":"5","43":"5"},"GP":{"X8":"5","38":"5","87":"5","W4":"5","V6":"5","R6":"5","FV":"5","WC":"5","VF":"5","X3":"5","VG":"5","62":"5","MQ":"5","MP":"5","MM":"5","X4":"5","28":"5","9Q":"5"},"8F":{"6X":"5","6V":"5","GW":"5"},"5G":{"Q4":"5","66":"5","86":"5","V6":"5","P3":"5","Q2":"5","X9":"5","2J":"5","M4":"5","RP":"5","54":"5","85":"5","R5":"5","Q9":"5","76":"5","73":"5","96":"5","32":"5","M3":"5","7R":"5","R6":"5","P2":"5","WM":"5","V8":"5","F2":"5","V5":"5","57":"5","53":"5","G2":"5","Q3":"5","X8":"5","75":"5","82":"5","JP":"5","W7":"5","C2":"5","R2":"5","65":"5","R4":"5","3J":"5","XH":"5","92":"5","GJ":"5","55":"5","43":"5","X7":"5","67":"5","W6":"5","56":"5","J5":"5","V2":"5","R3":"5","42":"5","J7":"5","69":"5","XG":"5","72":"5"},"83":{"RG":"5","XX":"5","WX":"5"},"5H":{"P9":"5","25":"5"},"CF":{"49":"5","38":"5","87":"5","83":"5","92":"5","3P":"5","84":"5","74":"5","86":"5","72":"5","52":"5","5W":"5","95":"5","48":"5","7C":"5","8W":"5","85":"5","82":"5","93":"5","4V":"5","75":"5","79":"5","68":"5"},"GH":{"8J":"5","7J":"5","2G":"5","8H":"5","MW":"5","CP":"5","9M":"5","2F":"5","JX":"5","CJ":"5","CM":"5","9J":"5","MX":"5","5V":"5","JW":"5","3H":"5","9H":"5","HW":"5","9P":"5","HX":"5","2H":"5","7H":"5"},"37":{"QW":"5","QX":"5","VV":"5","2J":"5","RX":"5","RW":"5","XR":"5","VW":"5","WR":"5","3H":"5","9H":"5","CF":"5","WV":"5"},"9G":{"74":"5","93":"5","QP":"5","73":"5","33":"5","QV":"5","94":"5","C2":"5"},"46":{"XQ":"5","XP":"5","8J":"5","VH":"5","XX":"5","8H":"5","XV":"5","WP":"5","7M":"5","XW":"5","WQ":"5","VR":"5","6J":"5","8V":"5","PP":"5"},"85":{"MG":"5","52":"5","FV":"5","5R":"5","WJ":"5","3Q":"5","F4":"5","R5":"5","V2":"5","FW":"5","VV":"5","4V":"5","53":"5","P4":"5","XJ":"5","VP":"5","W3":"5","79":"5","J4":"5","G4":"5","HV":"5","M2":"5","V3":"5","HW":"5","45":"5","42":"5","XW":"5","32":"5","HX":"5","M4":"5","GV":"5","H4":"5","Q5":"5","WP":"5","GW":"5"},"7F":{"2V":"5","6X":"5","5V":"5","2W":"5","4W":"5"},"HV":{"H7":"5","J2":"5"},"79":{"F8":"5"},"74":{"XQ":"5"},"76":{"P2":"5","F3":"5","C3":"5","F2":"5","QP":"5"},"GQ":{"4H":"5","4G":"5","G2":"5"},"4G":{"8H":"5","7J":"5","6J":"5"},"96":{"8J":"5","FR":"5","38":"5","C9":"5","8X":"5","5R":"5","2C":"5","G4":"5","26":"5","CJ":"5","CM":"5","FQ":"5","FM":"5","5V":"5","47":"5","G3":"5","48":"5","6G":"5","6R":"5","F4":"5","32":"5","FP":"5","G2":"5","36":"5","46":"5"},"FQ":{"W5":"5","R9":"5","H4":"5","83":"5","V3":"5","92":"5","J5":"5","X5":"5","RC":"5","F3":"5","XF":"5","62":"5","72":"5","G3":"5","P7":"5","82":"5","G2":"5","93":"5","C3":"5"},"HM":{"99":"5","69":"5","CJ":"5"},"8H":{"CQ":"5","RW":"5","MH":"5","RG":"5","QG":"5","8X":"5","FP":"5","MC":"5","4G":"5","FQ":"5","VH":"5","RF":"5","CP":"5","8W":"5","7W":"5","5G":"5","PC":"5","7X":"5","7V":"5","4C":"5","8V":"5","8Q":"5","7Q":"5","VP":"5"},"4C":{"9Q":"5","63":"5","9X":"5","96":"5","GG":"5","FF":"5","7M":"5","54":"5","JF":"5","7P":"5","P4":"5","3H":"5","9V":"5","CX":"5","CF":"5","8Q":"5","QM":"5","75":"5","VF":"5","9P":"5","JC":"5","9R":"5","CR":"5","9H":"5","XX":"5","JQ":"5","X4":"5","8V":"5","2H":"5","WR":"5","MW":"5","8R":"5","8P":"5","VH":"5","5J":"5","W8":"5","QH":"5","4H":"5","6J":"5","9W":"5","85":"5","CC":"5","FC":"5","M4":"5","W4":"5","5H":"5","6C":"5","H9":"5","CQ":"5","6M":"5","8W":"5"},"97":{"49":"5","37":"5","8J":"5","6C":"5","9G":"5","7J":"5","56":"5","4M":"5","8H":"5","5H":"5","8G":"5","84":"5","5G":"5","6H":"5","3W":"5","JX":"5","MX":"5","47":"5","58":"5","57":"5","48":"5","7C":"5","6F":"5","6J":"5","5J":"5","85":"5","9P":"5","36":"5","FF":"5","46":"5","7F":"5","27":"5","28":"5","5M":"5"},"HR":{"PP":"5","MP":"5","MV":"5","2V":"5","PX":"5","GW":"5"},"88":{"V5":"5"},"9C":{"2J":"5","W4":"5","J7":"5","QP":"5","H7":"5","3V":"5","X5":"5","2W":"5","Q7":"5","P6":"5","3J":"5","M6":"5","CV":"5","3X":"5","J8":"5","M5":"5"},"47":{"6V":"5","MX":"5","8P":"5","6F":"5","4R":"5","8F":"5","V4":"5","9R":"5","WH":"5","WF":"5","9Q":"5","FR":"5","X4":"5","6Q":"5","X5":"5","CR":"5","XQ":"5","3Q":"5","M3":"5","X6":"5","9P":"5","VW":"5","7R":"5","CQ":"5","47":"5","7P":"5","5V":"5","7J":"5","CJ":"5","7H":"5","FF":"5","7Q":"5","6J":"5","2Q":"5","XF":"5","5R":"5","6P":"5","7M":"5","5F":"5","7V":"5","WJ":"5","6M":"5","V3":"5","3R":"5","W3":"5","W4":"5","2R":"5","V9":"5","V2":"5","6R":"5","6G":"5","6W":"5","6H":"5"},"CM":{"M3":"5","52":"5","95":"5","H8":"5","XH":"5","J5":"5","M5":"5","R8":"5","QV":"5","HJ":"5","F4":"5","MQ":"5","HM":"5","6F":"5","5F":"5","72":"5","99":"5","WW":"5","XJ":"5","87":"5","M9":"5","PJ":"5","MV":"5","JM":"5","36":"5","9P":"5","74":"5","98":"5","V7":"5","XP":"5","JP":"5","H7":"5","32":"5","MP":"5","W9":"5","JJ":"5","QH":"5","62":"5","85":"5","P6":"5","F3":"5","PX":"5","G7":"5","46":"5","86":"5"},"GM":{"H2":"5","4J":"5","J6":"5","H3":"5","RR":"5","J5":"5","G4":"5","R7":"5","CM":"5","XW":"5","XR":"5","F7":"5","G3":"5","X2":"5","G2":"5","99":"5","C7":"5"},"7C":{"XM":"5"},"CC":{"5P":"5","8W":"5","9W":"5","4M":"5","7X":"5","6M":"5","7V":"5","8V":"5","9X":"5","4P":"5"},"27":{"RW":"5","MV":"5","MR":"5","PR":"5","JV":"5","JW":"5"},"57":{"83":"5","FM":"5","95":"5","F3":"5","26":"5","GR":"5","72":"5","RH":"5","39":"5","G2":"5","F6":"5","M7":"5","7M":"5","M8":"5","H4":"5","Q9":"5","69":"5","86":"5","P3":"5","3H":"5","RG":"5","7G":"5","J3":"5","MQ":"5","5Q":"5","V3":"5","G3":"5","54":"5","MF":"5","C3":"5","53":"5","4G":"5","V7":"5","H3":"5","QH":"5","49":"5","G9":"5","P7":"5","96":"5","55":"5","28":"5","QF":"5","4M":"5","C9":"5","C4":"5","4F":"5","V5":"5","X4":"5","PC":"5","X9":"5","X7":"5","X5":"5","W4":"5","9M":"5","W2":"5","M3":"5","9P":"5","VQ":"5","98":"5","G5":"5","CJ":"5","44":"5","RF":"5","J6":"5","X8":"5","P9":"5","63":"5","FJ":"5","VM":"5","H5":"5","FR":"5","R4":"5","C2":"5","97":"5","H7":"5","M9":"5","8J":"5","6G":"5","F5":"5","P8":"5","MP":"5","J2":"5","6J":"5","QC":"5","CM":"5","J5":"5","W7":"5","V6":"5","M6":"5","27":"5","PF":"5","MV":"5","G8":"5","7H":"5","5H":"5","F9":"5","CW":"5","G4":"5","42":"5","C6":"5","2G":"5","V4":"5"},"9H":{"V9":"5","Q4":"5","8H":"5","FV":"5","9H":"5","6G":"5","V8":"5","5G":"5","28":"5","HX":"5","GH":"5","HH":"5"},"CJ":{"FR":"5","P6":"5","37":"5","8P":"5","8R":"5","R6":"5","MJ":"5","MM":"5"},"7H":{"2G":"5","HG":"5","FP":"5","F2":"5","CP":"5","CM":"5","6C":"5"},"2F":{"V7":"5"},"49":{"VQ":"5","4W":"5","43":"5","J6":"5","JC":"5","8H":"5","H4":"5","HF":"5","G9":"5","GC":"5","4R":"5","3P":"5","X5":"5","R7":"5","J3":"5","4Q":"5","VP":"5","H6":"5","52":"5","C8":"5","M7":"5","HH":"5","CV":"5","88":"5","WM":"5","P7":"5","93":"5","4V":"5","3R":"5","C3":"5","68":"5"},"48":{"MG":"5","PP":"5","9F":"5","52":"5","GM":"5","MJ":"5","J5":"5","M8":"5","QG":"5","C6":"5","GG":"5","FF":"5","7M":"5","2F":"5","44":"5","7P":"5","WQ":"5","Q3":"5","77":"5","PR":"5","QR":"5","55":"5","VP":"5","7G":"5","9V":"5","4J":"5","H5":"5","29":"5","XQ":"5","3M":"5","JM":"5","6P":"5","7R":"5","9R":"5","CR":"5","74":"5","2G":"5","JQ":"5","GX":"5","35":"5","XP":"5","HV":"5","M2":"5","JP":"5","FG":"5","HW":"5","45":"5","2H":"5","RM":"5","C5":"5","GF":"5","C9":"5","32":"5","8P":"5","QH":"5","QJ":"5","J7":"5","F6":"5","MM":"5","2W":"5","CC":"5","68":"5","8J":"5","5C":"5","WG":"5","GV":"5","Q4":"5","WP":"5","6C":"5","FX":"5","7H":"5","47":"5","4G":"5","HP":"5"},"FM":{"VQ":"5","FW":"5","RM":"5","PM":"5","RQ":"5","RH":"5","QJ":"5","QG":"5","JP":"5","FV":"5","RP":"5","PQ":"5","QH":"5","QP":"5","WP":"5","Q9":"5","RG":"5","PJ":"5","X3":"5","VP":"5","RJ":"5","JR":"5","8M":"5","VM":"5","RF":"5","WM":"5","3M":"5","2M":"5","PP":"5","QM":"5","5M":"5"},"3F":{"HJ":"5","34":"5","WF":"5","MG":"5","VM":"5","X7":"5"},"5C":{"43":"5","28":"5","33":"5","3F":"5","54":"5","6F":"5","5F":"5","3W":"5","99":"5","5W":"5","75":"5","36":"5","22":"5","XP":"5","45":"5","3G":"5","4W":"5","7F":"5","58":"5","64":"5","PW":"5","85":"5","46":"5","6M":"5"},"98":{"38":"5","QG":"5","M2":"5","9V":"5","7V":"5"},"75":{"Q2":"5","M3":"5","XP":"5","PM":"5","JP":"5","RP":"5","QP":"5","MW":"5","WP":"5","9V":"5","26":"5","XF":"5","CJ":"5","VP":"5","MX":"5","9R":"5","CH":"5","9W":"5","CV":"5","8W":"5","WM":"5","3M":"5","FP":"5","PP":"5","HX":"5"},"2C":{"H5":"5"},"4F":{"RM":"5","Q4":"5","P6":"5","MC":"5","R8":"5","59":"5","F8":"5","RC":"5","VG":"5","P5":"5","36":"5","G6":"5","P7":"5","G9":"5","M4":"5","RP":"5","WH":"5","VQ":"5","WF":"5","WV":"5","Q8":"5","XW":"5","XV":"5","WR":"5","Q9":"5","XX":"5","M2":"5","F3":"5","X3":"5","VC":"5","XQ":"5","WP":"5","V7":"5","GG":"5","P8":"5","C3":"5","XR":"5","G4":"5","88":"5","M5":"5","R6":"5","Q5":"5","WG":"5","WC":"5","V8":"5","CC":"5","F2":"5","J4":"5","H4":"5","G3":"5","Q7":"5","C2":"5","XJ":"5","65":"5","R4":"5","WQ":"5","XH":"5","92":"5","Q6":"5","V3":"5","3R":"5","W3":"5","VF":"5","H5":"5","V9":"5","VP":"5","J5":"5","G5":"5","R3":"5","87":"5","QG":"5"},"5F":{"3P":"5","86":"5","F8":"5","H7":"5","2X":"5","4R":"5","63":"5","X2":"5","2J":"5","83":"5","5X":"5","G9":"5","9W":"5","3M":"5","2M":"5","85":"5","74":"5","76":"5","73":"5","96":"5","QX":"5","3V":"5","2V":"5","4W":"5","9X":"5","4V":"5","VX":"5","57":"5","53":"5","F9":"5","4P":"5","7X":"5","C7":"5","75":"5","82":"5","CX":"5","3J":"5","4Q":"5","2H":"5","F7":"5","G8":"5","3R":"5","F4":"5","JG":"5","62":"5","8X":"5","MG":"5","2R":"5","RX":"5","6X":"5","H8":"5","PX":"5","3X":"5","8J":"5","C6":"5","84":"5","5Q":"5","6W":"5","72":"5","52":"5","5W":"5"},"9J":{"C2":"5","9G":"5","RH":"5","R8":"5","G8":"5","83":"5","HG":"5","G9":"5","XR":"5","GG":"5","F6":"5","PF":"5","5J":"5","X6":"5","GJ":"5"},"65":{"Q3":"5","Q6":"5","RX":"5","PX":"5","P4":"5","R7":"5","XF":"5","C6":"5","CV":"5","M5":"5"},"CG":{"H8":"5","QG":"5","RC":"5","C2":"5","QC":"5","QX":"5","RH":"5","G9":"5","75":"5","VF":"5","66":"5","VG":"5","G4":"5","QF":"5","XW":"5","MH":"5","VH":"5","RF":"5","J7":"5","G5":"5","GC":"5","WG":"5","F3":"5","F8":"5","RG":"5"},"GJ":{"P3":"5","M3":"5","M2":"5","PQ":"5","76":"5","PR":"5","MW":"5","78":"5","JX":"5","P2":"5","MQ":"5","JW":"5","JV":"5","GX":"5","HW":"5","J2":"5","PV":"5","75":"5","HX":"5","3R":"5","MV":"5","MR":"5"},"FP":{"7Q":"5","M3":"5","RV":"5","FV":"5","9Q":"5","9X":"5","M8":"5","P9":"5","JF":"5","7P":"5","97":"5","P4":"5","5W":"5","9V":"5","4X":"5","G6":"5","89":"5","CW":"5","5X":"5","JM":"5","7X":"5","CR":"5","VG":"5","GX":"5","CV":"5","8V":"5","FG":"5","8X":"5","P2":"5","MP":"5","4W":"5","VH":"5","QJ":"5","9W":"5","J3":"5","H4":"5","8W":"5"},"78":{"52":"5"},"99":{"HG":"5","7G":"5","GV":"5","F7":"5","W9":"5","JV":"5","MQ":"5","JW":"5","7V":"5","7R":"5","G9":"5"},"6C":{"8G":"5","9M":"5","89":"5","5G":"5","3M":"5","2H":"5","79":"5","4W":"5"},"55":{"HQ":"5"},"38":{"MH":"5","RW":"5","FC":"5","PQ":"5","C8":"5","7W":"5","WH":"5","M7":"5","M8":"5","RR":"5","P3":"5","6X":"5","7G":"5","QJ":"5","6V":"5","QM":"5","MQ":"5","4P":"5","MF":"5","RX":"5","7V":"5","V7":"5","57":"5","M5":"5","FF":"5","MG":"5","XH":"5","PW":"5","C9":"5","68":"5","6W":"5","X4":"5","76":"5","58":"5","CC":"5","RV":"5","X5":"5","M3":"5","9P":"5","5P":"5","5J":"5","VQ":"5","98":"5","WR":"5","QX":"5","PG":"5","8G":"5","67":"5","9C":"5","8F":"5","QW":"5","99":"5","R4":"5","PM":"5","M9":"5","XC":"5","56":"5","PH":"5","V6":"5","M6":"5","XW":"5","4J":"5","MC":"5","M4":"5","PF":"5","2R":"5","QQ":"5","F9":"5","66":"5","77":"5","RQ":"5","QP":"5","PJ":"5","7F":"5","4H":"5","2V":"5"},"8C":{"XJ":"5","XG":"5","WH":"5","WJ":"5"},"67":{"7G":"5","H9":"5","MC":"5","47":"5","29":"5","6G":"5","5C":"5","J6":"5","3G":"5"},"56":{"6V":"5","RM":"5","8P":"5","GR":"5","HQ":"5","VM":"5","MQ":"5","VJ":"5","9R":"5","WH":"5","GX":"5","9W":"5","9Q":"5","XW":"5","GQ":"5","CR":"5","XQ":"5","WP":"5","WX":"5","MR":"5","XR":"5","CQ":"5","CW":"5","CM":"5","8Q":"5","7P":"5","MM":"5","PP":"5","QP":"5","HX":"5","8W":"5","CX":"5","V3":"5","PR":"5","JX":"5","M6":"5","MV":"5","QM":"5","VP":"5","CH":"5","JR":"5","6W":"5"},"89":{"H9":"5"},"7G":{"43":"5","28":"5","4F":"5","33":"5","63":"5","GG":"5","7J":"5","54":"5","5P":"5","73":"5","26":"5","29":"5","89":"5","66":"5","37":"5","45":"5","PH":"5","32":"5","8P":"5","64":"5","6J":"5"},"8G":{"74":"5"},"CH":{"XX":"5","V2":"5","X5":"5","QQ":"5"},"94":{"37":"5","GQ":"5","3C":"5","8Q":"5","GP":"5","45":"5","CW":"5","24":"5","36":"5","FJ":"5"},"58":{"5X":"5","2V":"5","3C":"5","39":"5","83":"5","3V":"5","7W":"5","5W":"5","GG":"5","2P":"5","5M":"5"},"GV":{"J2":"5","F3":"5","H2":"5"},"95":{"49":"5","C2":"5","8J":"5","5P":"5","2J":"5","2V":"5","76":"5","39":"5","2W":"5","86":"5","HV":"5","8M":"5","2X":"5","3X":"5","HW":"5","93":"5","4X":"5","4C":"5","75":"5","HP":"5","54":"5"},"CP":{"QF":"5","X3":"5","RF":"5","QC":"5"},"8J":{"56":"5","9F":"5","GM":"5","FH":"5","GP":"5","HM":"5","73":"5","72":"5","GJ":"5","XJ":"5","88":"5","87":"5","CF":"5","89":"5","82":"5","9H":"5","74":"5","83":"5","FG":"5","9C":"5","84":"5","85":"5","CC":"5","8C":"5","F3":"5","CG":"5","GH":"5","CQ":"5","86":"5","HP":"5","3P":"5"},"87":{"XW":"5","RF":"5"},"69":{"8Q":"5"},"6G":{"MX":"5","29":"5","4H":"5","PG":"5","59":"5","M8":"5","X9":"5","8R":"5","V4":"5","5H":"5","PF":"5","8M":"5","XC":"5","9R":"5","Q8":"5","9Q":"5","85":"5","74":"5","76":"5","GQ":"5","X4":"5","X5":"5","4G":"5","96":"5","HF":"5","X6":"5","8H":"5","9P":"5","3V":"5","97":"5","88":"5","R6":"5","9X":"5","P9":"5","CM":"5","8Q":"5","2P":"5","9H":"5","7J":"5","9M":"5","7Q":"5","6J":"5","3F":"5","C7":"5","75":"5","2C":"5","4F":"5","W7":"5","77":"5","9J":"5","M7":"5","FP":"5","MF":"5","6C":"5","55":"5","JG":"5","M6":"5","VF":"5","MH":"5","X7":"5","W4":"5","89":"5","QC":"5","J5":"5","8G":"5","CP":"5","8J":"5","69":"5","3W":"5","28":"5","3C":"5","6H":"5"},"28":{"33":"5","Q6":"5","5X":"5","Q5":"5","8H":"5","J7":"5","XV":"5","QP":"5","7W":"5","Q7":"5","R7":"5","P6":"5","24":"5","P5":"5","P8":"5","9H":"5","G2":"5","6X":"5"},"84":{"WF":"5","W5":"5","V8":"5","X8":"5","V5":"5","QX":"5","Q6":"5","5X":"5","XH":"5","VH":"5","QJ":"5","R6":"5","Q4":"5","Q5":"5","R5":"5","QH":"5","PX":"5","HF":"5","VF":"5","QF":"5","9V":"5","RG":"5","W7":"5","R7":"5","X3":"5","R4":"5","RJ":"5","V9":"5","MX":"5","W6":"5","QC":"5","WG":"5","M7":"5","X2":"5","RF":"5","5J":"5","3X":"5","P7":"5","X4":"5","4X":"5","3G":"5","W9":"5"},"3C":{"P8":"5","XH":"5","Q7":"5","R5":"5","V2":"5","RC":"5","FJ":"5","XG":"5","65":"5","QC":"5","FM":"5","VC":"5","Q6":"5","CJ":"5","VF":"5","66":"5","82":"5","74":"5","R6":"5","XX":"5","G4":"5","V3":"5","R3":"5","Q9":"5","WF":"5","CH":"5","Q8":"5","WG":"5","H4":"5","R4":"5"},"6H":{"FP":"5","X6":"5","V6":"5","C6":"5","J4":"5","94":"5","97":"5"}},"XM":{"V9":{"5X":"5"},"PW":{"4V":"5","4M":"5","3V":"5","4J":"5","4W":"5","4P":"5"},"VV":{"JJ":"5"},"MW":{"Q8":"5","Q7":"5"},"XH":{"C8":"5"}},"H4":{"7X":{"VF":"5"},"2W":{"8P":"4"},"9X":{"6F":"4","5F":"5"}},"Q9":{"3X":{"94":"5","C4":"5"},"5X":{"6V":"5","MX":"5","GR":"5","RV":"5","8V":"5","WW":"5","FW":"5","8R":"5","5X":"5","9R":"5","GX":"5","9W":"5","GW":"5","PW":"5","WV":"5","XW":"5","CV":"5","WR":"5","HV":"5","FR":"5","JV":"5","VR":"5","CR":"5","QX":"5","MW":"5","WX":"5","VW":"5","MR":"5","HR":"5","7R":"5","PV":"5","9X":"5","FV":"5","CW":"5","7W":"5","HW":"5","VX":"5","QW":"5","9V":"5","RW":"5","7X":"5","FX":"5","HX":"5","8W":"5","CX":"5","7V":"5","VV":"5","QV":"5","PR":"5","JX":"5","RR":"5","MV":"5","JW":"5","8X":"5","RX":"5","6X":"5","PX":"5","JR":"5","GV":"5","QR":"5","6W":"5","5W":"5"}},"WG":{"X3":{"2C":"5","FC":"5"},"JH":{"2C":"5","3C":"5","4C":"5","3F":"5","39":"5"},"X5":{"WH":"5","VG":"5"},"QQ":{"P7":"5"}},"2J":{"5F":{"47":"5"}},"69":{"VG":{"XW":"5","XV":"5"}},"86":{"64":{"8R":"5","7R":"5"},"F8":{"66":"5"}},"GC":{"XH":{"W6":"5","W5":"5","X6":"5","X5":"5"}},"2M":{"FH":{"RQ":"5"}},"3H":{"W5":{"FJ":"5"},"JQ":{"XP":"5"}},"C5":{"3X":{"XJ":"5","9X":"5"},"5X":{"6R":"5"}},"6X":{"2X":{"P8":"5"}},"2C":{"J5":{"JF":"5"}},"9Q":{"8G":{"QJ":"5"}},"MQ":{"J2":{"76":"5","75":"5","65":"5"}},"VC":{"X3":{"52":"5"}},"R9":{"R4":{"QR":"5"},"VR":{"7P":"5"},"V3":{"98":"5"}},"5Q":{"WF":{"42":"5","43":"5"},"WC":{"8J":"5","7J":"5","8H":"5","5H":"5","7M":"5","5G":"5","6H":"5","6J":"5","6G":"5","7G":"5","6M":"5","3R":"5","7H":"5"},"VF":{"W5":"5","V5":"5","Q6":"5","V6":"5","R6":"5","Q4":"5","Q5":"5","R5":"5","X5":"5","R4":"5","P6":"5","W6":"5","P5":"5","X6":"5"},"7C":{"Q5":"5"}},"3P":{"88":{"7C":"5"}},"V3":{"PX":{"9V":"5"},"PW":{"2Q":"5","H5":"5","2R":"5"},"PR":{"6W":"5"},"MW":{"XX":"5"},"QX":{"3X":"5","3R":"5","3H":"5","3V":"5","7X":"5","36":"5","2P":"5"},"QV":{"4W":"5"}},"4W":{"9C":{"WR":"5"},"9G":{"54":"5","C8":"5","88":"5","F5":"5"},"8F":{"WG":"5"},"9F":{"J2":"5","78":"5","4F":"5","HW":"5","72":"5","5F":"5","5C":"5","4C":"5","59":"5"},"QF":{"MQ":"5"},"Q8":{"2G":"5","2H":"5"},"89":{"2Q":"5","FM":"5","GJ":"5","8X":"5","29":"5","HM":"5","HP":"5","5X":"5"},"7C":{"R4":"5"},"7G":{"6X":"5"},"CF":{"GV":"5"},"54":{"XJ":"5","XM":"5"},"8C":{"C5":"5"},"79":{"MH":"5","M8":"5","4F":"5","JC":"5","M9":"5","P8":"5","RC":"5","J9":"5","JH":"5"}},"6P":{"8P":{"F8":"5","G8":"5","F9":"5","G9":"5"}},"38":{"JX":{"48":"5"}},"4P":{"9G":{"MR":"5","VP":"5"}},"48":{"WV":{"93":"5"}},"75":{"7G":{"RF":"5"},"JQ":{"CG":"5","J9":"5"}},"7V":{"22":{"3Q":"5","2Q":"5","3P":"5","4Q":"5","2P":"5","4P":"5"}},"6C":{"H9":{"37":"5"},"CG":{"PP":"5"},"J3":{"QH":"5"},"CH":{"W6":"5","W7":"5","QC":"5","X8":"5"},"H6":{"V5":"5","MQ":"5"}},"57":{"P2":{"C3":"5"},"W4":{"GV":"5","HV":"5"},"M4":{"RH":"5","RG":"5","VG":"5","WR":"5"},"FX":{"XP":"5"}},"6F":{"W7":{"G7":"5"}},"36":{"V9":{"P2":"5","5X":"5"},"HG":{"HG":"5","4H":"5","4G":"5","HF":"5","PC":"5","GG":"5","HH":"5","GF":"5"},"76":{"6W":"4"},"VF":{"Q9":"4"},"75":{"XG":"5","XF":"5"},"V4":{"VX":"5"},"VC":{"78":"5","6F":"5","49":"5","68":"5","69":"5","5C":"5","7C":"5","58":"5","55":"5","59":"5","6C":"5"}},"49":{"8J":{"Q4":"5"},"HQ":{"2R":"5"}},"3X":{"32":{"QQ":"5","RQ":"5"},"2F":{"25":"5"},"QJ":{"JM":"5"}},"G9":{"FM":{"F9":"5"},"PX":{"RW":"5","QW":"5","RV":"5","QV":"5"},"68":{"RG":"5","QG":"5","QF":"5","VG":"5","RF":"5","VF":"5"},"92":{"JM":"5"},"89":{"9M":"5","8J":"5","9J":"5"},"G7":{"34":"5"},"G6":{"8W":"5","7W":"5","Q2":"5"},"58":{"GR":"5"},"G5":{"PV":"5","VX":"5","RX":"5","MJ":"5"},"J7":{"J3":"5","H3":"5"}},"XH":{"W8":{"VR":"5","JX":"5"},"Q4":{"FP":"5"},"25":{"W8":"5"},"J3":{"XC":"5","CC":"5"},"R9":{"MC":"5","P3":"5"},"MC":{"F7":"5"},"6F":{"75":"5"},"Q2":{"VQ":"5"},"X2":{"JC":"5","GH":"5","WR":"5"},"P5":{"QH":"5","RF":"5","RC":"5","RM":"5"},"8F":{"CV":"5","RQ":"5"},"8R":{"J7":"5"},"G6":{"W7":"5","M4":"5"},"V4":{"7W":"5"},"F6":{"RQ":"5"},"M4":{"5J":"5"},"XC":{"HG":"5"},"WH":{"MH":"5","JG":"5","M4":"5"},"VQ":{"QC":"5"},"WF":{"MJ":"5"},"9Q":{"W4":"5","X4":"5"},"R5":{"GJ":"5","FP":"5","X8":"5"},"X4":{"5J":"5"},"X5":{"PJ":"5"},"W5":{"2G":"5","GG":"5"},"R7":{"H2":"5"},"VC":{"P6":"5","M4":"5"},"X6":{"3M":"5"},"M5":{"HF":"5","P9":"5","FF":"5"},"R6":{"PP":"5","5H":"5","5G":"5"},"P2":{"XW":"5"},"C4":{"7V":"5"},"H9":{"69":"5"},"Q5":{"72":"5"},"WC":{"9M":"5"},"V8":{"8G":"5","PH":"5","94":"5"},"V5":{"V7":"5","89":"5"},"H6":{"XW":"5"},"J4":{"JC":"5"},"Q3":{"73":"5"},"X8":{"XJ":"5"},"FM":{"9G":"5"},"QP":{"HH":"5"},"XP":{"FW":"5"},"7M":{"RC":"5"},"W7":{"RJ":"5","73":"5"},"R4":{"23":"5","PM":"5","VC":"5","26":"5"},"XH":{"62":"5","5W":"5","CH":"5","P8":"5"},"VH":{"Q4":"5"},"J6":{"Q9":"5"},"V3":{"52":"5","F2":"5","G7":"5"},"W9":{"72":"5","V8":"5"},"78":{"24":"5"},"PR":{"RH":"5"},"RR":{"Q6":"5","GH":"5","F4":"5"},"M6":{"HG":"5"},"VF":{"7P":"5"},"X7":{"QH":"5"},"W4":{"2R":"5"},"W6":{"2P":"5","QJ":"5"},"QC":{"G8":"5"},"V9":{"CX":"5","CR":"5","7P":"5"},"8G":{"64":"5"},"V2":{"R4":"5","77":"5","HX":"5","7R":"5"},"P4":{"R5":"5"},"R3":{"R8":"5"},"JM":{"XJ":"5"},"QR":{"HP":"5"},"72":{"P4":"5","F4":"5"},"52":{"VJ":"5","PP":"5","VM":"5"}},"55":{"8J":{"M7":"5","Q7":"5","8Q":"5","9Q":"5"},"46":{"PJ":"5"},"C8":{"WF":"5","WG":"5","JR":"5"},"96":{"VV":"5"},"FC":{"2F":"5","4G":"5","68":"5","3F":"5","3G":"5"},"89":{"J6":"5"},"79":{"24":"5"},"98":{"8V":"5"}},"28":{"37":{"FW":"5"},"VX":{"X8":"5"},"9C":{"88":"5"}},"JQ":{"VV":{"X7":"5","X8":"5"},"JX":{"H7":"5","J5":"5","MC":"5","M7":"5","H3":"5","MF":"5","HC":"5"},"WV":{"38":"5","37":"5","28":"5","27":"5","26":"5"}},"F7":{"PJ":{"X9":"5"},"93":{"JP":"5"}},"C9":{"PV":{"8H":"5"},"9Q":{"FQ":"5"},"7W":{"M3":"5","J2":"5","J5":"5","J4":"5","H4":"5"},"GR":{"3M":"5","3J":"5","2P":"5","2H":"5","6V":"5"},"9V":{"6M":"5"},"4J":{"PX":"5"},"JX":{"P6":"5"},"CW":{"R9":"5","Q8":"5"},"3M":{"98":"5"},"7V":{"MX":"5","JX":"5","JF":"5","5X":"5"},"7X":{"58":"5"},"37":{"2Q":"5"},"9R":{"M3":"5","J3":"5","M2":"5","H3":"5"},"CV":{"M6":"5"},"GV":{"H7":"5","RP":"5","92":"5","RR":"5","PG":"5"},"CQ":{"2G":"5","5H":"5","3H":"5","2H":"5","3G":"5"},"8W":{"54":"5","64":"5","5G":"5","73":"5"}},"2X":{"RW":{"47":"5"},"Q6":{"H9":"5","JC":"5","Q5":"5","VF":"5","PJ":"5","P6":"5","JM":"5","M8":"5","G7":"5","P8":"5","P7":"5"},"GJ":{"GJ":"5"},"Q5":{"QW":"5"},"R6":{"4V":"5","3V":"5","6R":"5"}},"5R":{"XC":{"VQ":"5","RM":"5","RQ":"5","RP":"5","VJ":"5","QP":"5","WP":"5","5H":"5","6H":"5","VP":"5","VM":"5","6J":"5","WM":"5","5J":"5","QM":"5"},"R9":{"66":"5","56":"5","CP":"5","78":"5","CQ":"5","9V":"5","8Q":"5","9R":"5","89":"5","88":"5","CR":"5","9P":"5","79":"5"}},"HW":{"FW":{"X9":"5"}},"JC":{"G4":{"4Q":"5","4P":"5"},"F8":{"PF":"5"}},"6W":{"QC":{"92":"5"},"VP":{"4Q":"5"}},"29":{"24":{"XQ":"5"},"MP":{"JP":"5"},"MH":{"G4":"5","F3":"5","G3":"5","F4":"5"},"VV":{"9P":"5"},"9W":{"F5":"5"},"MQ":{"V7":"5"}},"76":{"VM":{"HG":"5","HM":"5","GG":"5","PH":"5","PG":"5","HH":"5"}},"WJ":{"XC":{"XX":"5","XW":"5","XV":"5","XR":"5","XQ":"5"},"XF":{"X3":"5","X2":"5"}},"58":{"3R":{"CH":"5"}},"CC":{"Q8":{"V9":"5","R9":"5","W9":"5","V8":"5"},"HH":{"4F":"5","3C":"5","4C":"5","3F":"5"}},"WF":{"Q5":{"RW":"5"},"R5":{"R4":"5"},"XW":{"JW":"5"},"WX":{"FX":"5"},"G3":{"Q6":"5","R6":"5"},"M7":{"Q5":"5"},"G2":{"V7":"5"}},"3Q":{"5P":{"48":"5"},"9H":{"XG":"5"}},"W4":{"M3":{"4P":"5","HR":"5","5R":"5","23":"5","X5":"5","5G":"5","W3":"5","F7":"5","4C":"5","HQ":"5","5M":"5"},"5R":{"2G":"5","2V":"5","CV":"5","6W":"5","W4":"5","H8":"5"},"J5":{"5M":"5"},"M5":{"2X":"5","6W":"5","25":"5"},"3Q":{"78":"5","52":"5","42":"5","63":"5","96":"5","MC":"5","47":"5","M9":"5","73":"5","5F":"5","5C":"5","58":"5","F4":"5","97":"5"},"F4":{"JV":"5"},"2P":{"XV":"5","WV":"5"},"M6":{"25":"5","66":"5","PQ":"5","6P":"5","QQ":"5","RG":"5","22":"5","WQ":"5","MP":"5","24":"5","PP":"5","MM":"5","46":"5"},"5P":{"W6":"5","CG":"5"},"Q7":{"83":"5"},"Q3":{"J8":"5","3H":"5"},"4V":{"V9":"5","24":"5","GV":"5","HW":"5","M6":"5","W9":"5","J6":"5","J7":"5","GW":"5"},"P4":{"CF":"5","G8":"5"},"3V":{"QW":"5","VQ":"5","RQ":"5","GH":"5","QQ":"5","MP":"5","JJ":"5"},"Q6":{"XQ":"5","PM":"5","QJ":"5","PH":"5","V3":"5","QP":"5","QQ":"5","7P":"5","PJ":"5","MH":"5","PP":"5","MJ":"5","QM":"5"},"G6":{"M3":"5","J5":"5","P2":"5","R2":"5","P3":"5","M6":"5","Q3":"5","M5":"5","Q2":"5","P4":"5","M4":"5","J6":"5"},"H5":{"7H":"5","4M":"5","QP":"5","6X":"5","9V":"5"},"2R":{"V9":"5","QF":"5","P5":"5","V8":"5","M5":"5"},"F5":{"44":"5","34":"5","W4":"5","V4":"5"},"3M":{"M8":"5","5H":"5","Q6":"5","J8":"4|5","VM":"5"},"P7":{"J3":"5","R3":"5"},"J4":{"QH":"5","29":"5","57":"5","3F":"5"},"6P":{"4X":"5","4W":"5","3W":"5"},"R6":{"2G":"5","J3":"5"},"H6":{"HF":"5"},"G4":{"QM":"5","5J":"5"},"2Q":{"M2":"5","H9":"5","RH":"5","VC":"5","G8":"5","WC":"5","QH":"5","VF":"5","F8":"5","QC":"5","MF":"5","W9":"5"},"M2":{"RW":"5","QW":"5","RX":"5","QR":"5","RV":"5","QV":"5"},"4M":{"2X":"5","67":"5","2W":"5"},"Q2":{"MH":"5","FM":"5","J8":"5","QF":"5","8C":"5","RF":"5","CM":"5","JM":"5","9V":"5","VF":"5","PH":"5","PG":"5","6C":"5"},"P2":{"2W":"5","6V":"5"},"J6":{"RM":"5","R8":"5","5G":"5","X3":"5","VM":"5","WV":"5","3R":"5"},"P3":{"48":"5","7F":"5","6W":"5","FG":"5"},"R3":{"2V":"5","4F":"5","XP":"5","2R":"5","J4":"5","H4":"5","5R":"5"},"3R":{"X8":"5","76":"5","6P":"5","5G":"5","4Q":"5","FQ":"5","C4":"5","6G":"5","7G":"5","2M":"5","FP":"5","WV":"5","FJ":"5","94":"5","2H":"5","C3":"5"},"G5":{"32":"5","RX":"5","QX":"5"},"M4":{"49":"5","38":"5","PQ":"5","JH":"5","39":"5","HG":"5","QQ":"5","9F":"5","JM":"5","JG":"5","VW":"5","58":"5","HH":"5","48":"5","JJ":"5"},"J3":{"XJ":"5","V9":"5","W6":"5","JC":"5","WJ":"5","PH":"5"},"4Q":{"6V":"5","4P":"5"},"4P":{"69":"5","4F":"5","G5":"5","2G":"5","2C":"5","2F":"5","F5":"5","32":"5","3G":"5","GV":"5","68":"5"},"P6":{"XX":"5","3V":"5"},"H4":{"XC":"5","4G":"5","C2":"5"},"R4":{"HR":"5"},"Q5":{"WP":"5","VW":"5"},"Q4":{"6H":"5","6M":"5"},"5Q":{"C5":"5","R9":"5","C4":"5"},"P5":{"H7":"5"},"3P":{"WF":"5","H3":"5","H4":"5","WC":"5","HJ":"5","G4":"5","XC":"5","CG":"5","XF":"5","XW":"5","3J":"5","G3":"5","3X":"5","XG":"5","6X":"5"}},"2F":{"8M":{"2G":"5"}},"8V":{"Q2":{"76":"5"}},"5P":{"XM":{"72":"5"},"M5":{"G4":"5","H3":"5","G3":"5","F6":"5","VF":"5","G6":"5"}},"5J":{"C3":{"46":"5"}},"VH":{"5X":{"GF":"5"}},"45":{"H7":{"4W":"5"},"HP":{"MH":"5","QH":"5","PJ":"5"},"GP":{"X9":"5"},"QQ":{"X9":"5"},"7R":{"GJ":"5","GM":"5"}},"XG":{"JV":{"V7":"5","P8":"5"},"FV":{"88":"5"},"9F":{"C9":"5"},"6G":{"46":"5","9C":"5","84":"5"},"PV":{"MR":"5","PR":"5","C3":"5"},"PC":{"5V":"5"},"28":{"3H":"5"},"76":{"MC":"5"},"H8":{"57":"5","C2":"5"},"9Q":{"CG":"5","CF":"5","CC":"5","FC":"5","9G":"5","P7":"5"},"9X":{"7F":"5"},"MJ":{"9Q":"5"},"96":{"5V":"5"},"GG":{"3W":"5"},"HJ":{"M2":"5"},"FF":{"QW":"5","QV":"5"},"RX":{"XV":"5"},"R5":{"49":"5","48":"5"},"6H":{"M2":"5"},"X9":{"M4":"5"},"WQ":{"J6":"5"},"HM":{"G5":"5","9G":"5"},"6F":{"Q6":"5"},"77":{"4H":"5","G5":"5"},"5F":{"VV":"5"},"MR":{"C4":"5"},"65":{"53":"5"},"GR":{"GF":"5"},"XJ":{"25":"5"},"9J":{"HG":"5"},"88":{"45":"5"},"8G":{"28":"5"},"87":{"MX":"5","4W":"5"},"G9":{"X4":"5"},"7C":{"37":"5"},"8Q":{"MP":"5","GJ":"5","R9":"5"},"MV":{"QR":"5"},"XQ":{"VQ":"5"},"75":{"XX":"5","5X":"5"},"7V":{"PR":"5"},"66":{"J8":"5"},"9R":{"WC":"5"},"XX":{"2Q":"5","6V":"5"},"R6":{"M7":"5"},"VG":{"9P":"5"},"GX":{"QQ":"5"},"V7":{"HM":"5"},"XC":{"34":"5"},"CV":{"VW":"5"},"8V":{"V5":"5"},"M2":{"JQ":"5"},"JP":{"CM":"5"},"FG":{"W5":"5"},"8M":{"QF":"5"},"78":{"83":"5","G3":"5","92":"5","Q3":"5","F4":"5"},"HG":{"XJ":"5"},"8P":{"W6":"5"},"8H":{"7F":"5"},"84":{"67":"5"},"85":{"4F":"5","72":"5","XV":"5","3F":"5"},"MF":{"F7":"5","W8":"5"},"6R":{"V7":"5","RF":"5"},"Q9":{"X5":"5"},"8J":{"HG":"5"},"M7":{"XC":"5"},"VX":{"FR":"5","PW":"5","PR":"5","MW":"5","QV":"5"},"QW":{"W7":"5"},"WX":{"8X":"5"},"4P":{"V2":"5","MF":"5","V3":"5"},"PX":{"HV":"5"},"GV":{"VG":"5","WG":"5"},"X7":{"MG":"5"},"C7":{"7M":"5"},"93":{"5X":"5"},"Q5":{"PP":"5"},"WP":{"4V":"5","CX":"5"},"FX":{"8Q":"5","7Q":"5"},"F8":{"9F":"5"},"7H":{"PJ":"5"},"6M":{"92":"5"}},"9X":{"XV":{"4V":"5","4W":"5"},"FJ":{"88":"5","89":"5"}},"XJ":{"M3":{"6M":"5"},"P2":{"C7":"5","XH":"5"},"WP":{"2R":"5"},"2F":{"56":"5","23":"5","76":"5","96":"5","C6":"5","F4":"5","77":"5","F2":"5","97":"5","57":"5","F5":"5","36":"5","G3":"5","G2":"5","35":"5","24":"5","C5":"5","25":"5","67":"5","F3":"5","C7":"5","46":"5","86":"5"},"X3":{"P5":"5","P4":"5"},"M2":{"VF":"5"},"F3":{"C9":"5"},"QR":{"WR":"5","WV":"5"},"2C":{"FW":"5","FR":"5","4M":"5","FV":"5","FX":"5","2Q":"5","CP":"5","9M":"5","CQ":"5","3P":"5","7M":"5","FQ":"5","GW":"5","8M":"5","6J":"5","5J":"5","3M":"5","6M":"5","2P":"5","9P":"5","GV":"5","5M":"5"},"WM":{"2V":"5","67":"5"},"WC":{"RJ":"5"},"V4":{"Q7":"5"},"Q2":{"98":"5"},"XF":{"82":"5","X5":"5"}},"QG":{"XC":{"VW":"5"}},"3V":{"MC":{"5P":"5"},"3V":{"WX":"5"},"G6":{"PH":"5"}},"4R":{"HJ":{"RJ":"5","3J":"5"},"P4":{"MH":"5","PJ":"5","MG":"5","PG":"5"}},"G5":{"HG":{"VQ":"5"},"JH":{"62":"5"}},"65":{"W5":{"XP":"5","RM":"5"},"JQ":{"MQ":"5"},"4G":{"VG":"5","VH":"5"},"C3":{"W5":"5"},"Q3":{"CC":"5","GM":"5"},"28":{"83":"5","73":"5","Q7":"5","84":"5"},"55":{"2G":"5"},"26":{"JG":"4"},"X5":{"5R":"5"},"C2":{"5M":"5","GC":"5"},"C4":{"PH":"5"}},"79":{"83":{"QW":"5","QX":"5"},"84":{"JG":"5","QF":"5","MF":"5","RF":"5"},"5R":{"F7":"5","C7":"5"}},"3C":{"H4":{"P6":"5"}},"V9":{"W3":{"XP":"5","VM":"5"},"W2":{"CR":"5"}},"6Q":{"J5":{"8X":"5"},"FR":{"W2":"5"},"8W":{"M6":"5","C3":"5","F2":"5","P4":"5","G6":"5","F5":"5","G2":"5","H7":"5","Q2":"5","C5":"5","P2":"5","P3":"5","J7":"5","F6":"5","M7":"5","P6":"5","F3":"5","G7":"5","C4":"5","P5":"5"},"J6":{"5C":"5"},"8V":{"QX":"5","MW":"5","PX":"5","JX":"5","MX":"5","JW":"5","GX":"5","HW":"5","HX":"5"}},"5M":{"CQ":{"P8":"5","JF":"5"},"2X":{"RG":"5"},"MW":{"QG":"5","HF":"5","GG":"5"},"CP":{"RH":"5","QH":"5","XP":"5","WJ":"5","WR":"5"},"CM":{"7G":"5"},"9J":{"WW":"5"}},"WC":{"CV":{"XV":"5","XQ":"5"},"FV":{"6W":"5"},"5G":{"FX":"5"},"2H":{"4J":"5"}},"X8":{"9F":{"PJ":"5","MM":"5"},"6G":{"C5":"5","2X":"5","95":"5","93":"5","83":"5","CX":"5","C6":"5","94":"5","84":"5"},"28":{"V9":"5","F3":"5"},"4F":{"RW":"5","HC":"5","6M":"5","WX":"5"},"3F":{"52":"5","4W":"5"},"27":{"CQ":"5","6J":"5"},"6H":{"C2":"5"},"2F":{"57":"5","JH":"5"},"5F":{"MX":"5"},"3H":{"M2":"5"},"38":{"8F":"5"},"29":{"2P":"5"},"5G":{"QG":"5","M2":"5","8W":"5","7X":"5","8V":"5"},"2G":{"R8":"5"},"3G":{"63":"5","5P":"5","5M":"5","4M":"5","6M":"5","6Q":"5","6P":"5","5Q":"5","4P":"5"},"3C":{"7M":"5","4Q":"5","5X":"5","5R":"5","5Q":"5"},"7F":{"MX":"5","FV":"5","HP":"4"},"5H":{"47":"5"},"CG":{"36":"5"},"4G":{"8P":"5","W3":"5","5R":"5"},"2C":{"8J":"5","2J":"5","9G":"5","7J":"5","4H":"5","4J":"5","4M":"5","8F":"5","8H":"5","8G":"5","5H":"5","3P":"5","9F":"5","6H":"5","CG":"5","3J":"5","CH":"5","6F":"5","6J":"5","3H":"5","6G":"5","7G":"5","5J":"5","9H":"5","3M":"5","2M":"5","6M":"5","CF":"5","2P":"5","FF":"5","FG":"5","7F":"5","2H":"5","7H":"5","5M":"5"}},"W9":{"2Q":{"H9":"5","HC":"5"},"3X":{"W2":"5"}},"J9":{"M7":{"FG":"5","GG":"5","FF":"5"},"M9":{"WM":"5"}},"XF":{"FW":{"RR":"5"},"5X":{"JP":"5"},"4J":{"M2":"5","9H":"5"},"8X":{"X6":"5"},"7P":{"78":"5"},"9X":{"P7":"5"},"9R":{"82":"5","QH":"5","73":"5"},"CX":{"P8":"5"},"CW":{"38":"5"},"9W":{"JQ":"5","QP":"5"},"CV":{"74":"5"},"GX":{"G2":"5"},"2R":{"48":"5"},"6R":{"42":"5"},"3M":{"R8":"5"},"HW":{"8X":"5"},"6V":{"MR":"5"},"HX":{"HF":"5"},"5M":{"G2":"5"}},"64":{"QM":{"F3":"5"},"MH":{"77":"5","H2":"5","H3":"5","H4":"5","F8":"5","86":"5","G3":"5","CF":"5","G2":"5","X4":"5","75":"5","V2":"5"},"QG":{"3Q":"5","2R":"5"},"QH":{"57":"5"},"QF":{"4P":"5"},"GV":{"RW":"5","PX":"5","QX":"5","WV":"5"},"MG":{"RG":"5","HW":"5","JV":"5"},"PH":{"J7":"5"},"PG":{"H7":"5","HG":"5","C3":"5","J7":"5","2W":"5","3G":"5","C4":"5"},"MJ":{"72":"5","73":"5"},"HV":{"4J":"5"},"RM":{"23":"5"},"RQ":{"M4":"5"},"QJ":{"MR":"5","G8":"5","MG":"5"}},"2Q":{"73":{"MF":"5"},"J6":{"PR":"5","JW":"5"}},"XP":{"J2":{"VP":"5"},"R7":{"6M":"5"},"R9":{"M8":"5"},"R8":{"7P":"5","45":"5"},"WC":{"72":"5"}},"3R":{"WH":{"5F":"5"}},"3G":{"R8":{"3H":"5","2H":"5"},"CR":{"9G":"5"}},"QR":{"Q6":{"R7":"5"},"M4":{"WJ":"5"},"R6":{"56":"5"},"Q5":{"46":"5"},"R5":{"FW":"5"},"P4":{"53":"5","FG":"5","GG":"5","J7":"5","H8":"5"},"PG":{"44":"5"},"PF":{"Q4":"5","5W":"5","G7":"5","6W":"5","6X":"5"}},"46":{"FQ":{"HH":"5"},"6G":{"FX":"5"}},"99":{"WM":{"MR":"5"}},"MJ":{"VQ":{"RP":"5"}},"PM":{"PJ":{"X7":"5","X8":"5"},"QJ":{"4F":"5","2C":"5","28":"5","3C":"5","27":"5","3F":"5"}},"97":{"C3":{"J8":"5"},"G7":{"XW":"5"}},"35":{"8G":{"CW":"4","CX":"4"}},"H7":{"H2":{"XM":"5"},"J4":{"J6":"5"}},"8R":{"C8":{"8Q":"5","9Q":"5"},"QX":{"MP":"5","GV":"5","CR":"5"},"7J":{"75":"5"}},"2P":{"3R":{"R4":"5"},"43":{"HW":"5"}},"56":{"V9":{"4M":"5","4J":"5"},"MF":{"V7":"5","V8":"5","W7":"5","W8":"5"}},"8X":{"7X":{"Q4":"5"}},"9J":{"R4":{"J4":"5"},"R3":{"FW":"5"}},"3W":{"MW":{"53":"5"}},"J7":{"GM":{"X9":"5"}},"XX":{"PQ":{"FF":"5"}},"87":{"CM":{"3H":"5"},"G6":{"WR":"5"}},"WX":{"9Q":{"X6":"5"}},"VV":{"82":{"C8":"5","98":"5"}},"9F":{"9J":{"RV":"5"}},"J8":{"JQ":{"J7":"4"},"4F":{"QW":"5","QX":"5"}},"QC":{"52":{"Q4":"5","J3":"5","P6":"5","93":"5","H7":"5","P3":"5","Q2":"5","63":"5","P5":"5","F5":"5","G6":"5","83":"5","F6":"5","W2":"5","M4":"5","G7":"5","54":"5","C5":"5","85":"5","74":"5","M2":"5","F3":"5","73":"5","M3":"5","C3":"5","J2":"5","G4":"5","M5":"5","P2":"5","C4":"5","H3":"5","Q5":"5","H2":"5","F2":"5","53":"5","H6":"5","J4":"5","G2":"5","Q3":"5","H4":"5","G3":"5","82":"5","C2":"5","R2":"5","R4":"5","92":"5","F7":"5","J6":"5","V3":"5","64":"5","F4":"5","M6":"5","62":"5","H5":"5","J5":"5","V2":"5","P4":"5","G5":"5","94":"5","R3":"5","95":"5","J7":"5","C6":"5","84":"5","72":"5","52":"5"},"6C":{"G9":"5"}},"5W":{"8F":{"CF":"5"},"3W":{"H7":"5","37":"5","P8":"5","R5":"5"}},"R7":{"8Q":{"W5":"4"}},"J5":{"36":{"2X":"5"}},"85":{"2G":{"W5":"4","XW":"5","86":"5","V5":"4","F2":"5","X6":"4"},"6F":{"QP":"4"},"2F":{"FW":"5","VV":"5","9X":"4","MX":"5","HW":"5","GR":"5","PW":"5","GV":"5"},"CW":{"2F":"5"},"3G":{"6W":"5"}},"W7":{"8X":{"G2":"5"},"5P":{"GX":"5"},"CW":{"HR":"5","FV":"5"},"8R":{"W9":"4"},"MX":{"JQ":"5","PR":"5","HQ":"5"},"8W":{"2M":"5"},"JX":{"MM":"5"},"9W":{"RH":"5","56":"5","V8":"5","57":"5","P4":"5","QJ":"5"},"4M":{"H5":"5","MJ":"5"},"CX":{"FM":"5","FP":"5"},"9V":{"2V":"5","PQ":"5","4Q":"5","2R":"5","2W":"5"},"7V":{"JQ":"5"},"6Q":{"4P":"5","5P":"5","GM":"5","2V":"5","5Q":"5","6P":"5","8P":"5","2Q":"5","CP":"5","9M":"5","3V":"5","4R":"5","3P":"5","3Q":"5","GP":"5","CJ":"5","CM":"5","4Q":"5","9J":"5","FM":"5","6Q":"5","WR":"5","2R":"5","FP":"5","9P":"5","2P":"5","3R":"5"},"FX":{"G9":"5"},"4J":{"36":"5"},"9X":{"MR":"5","JQ":"5","MQ":"5","27":"5"},"5R":{"F3":"5","F2":"5"},"5Q":{"XR":"5","JW":"5","JV":"5","RV":"5","PV":"5","QV":"5","WQ":"5","RC":"5","PR":"5","JR":"5","VV":"5","QR":"5","MR":"5","VP":"5","VR":"5","VQ":"5","MV":"5","XQ":"5","WV":"5","GX":"5","HV":"5","HW":"5","WR":"5","XV":"5","RQ":"5","PQ":"5","QQ":"5","RR":"5","62":"5","HX":"5","GW":"5"},"4P":{"3H":"5"},"GW":{"VP":"5"}},"V6":{"PC":{"P2":"5"},"W7":{"78":"5","88":"5","77":"5","85":"5","79":"5"},"XH":{"CP":"5","FV":"5","76":"5","9Q":"5","9X":"5","9M":"5","FQ":"5","CM":"5","8F":"5","5P":"5","R7":"5","FP":"5","77":"5","FW":"5","9J":"5","FR":"5","88":"5","7G":"5","8G":"5","87":"5","CX":"5","4J":"5","7C":"5","89":"5","CW":"5","CJ":"5","66":"5","79":"5","CR":"5","9H":"5","9G":"5","CV":"5","4M":"5","78":"5","8H":"5","5M":"5","7F":"5","5J":"5","6J":"5","67":"5","8J":"5","HX":"5","8C":"5","CH":"5","4P":"5","5H":"5","FX":"5","7H":"5","CQ":"5","6M":"5"},"WJ":{"J9":"5"},"P9":{"PW":"5","WX":"5"},"QG":{"V7":"5","V8":"5","XQ":"5"},"V6":{"4F":"5","5R":"5","9X":"5","7W":"5","3F":"5","2F":"5","3H":"5","29":"5","3M":"5","7V":"5","7X":"5","2G":"5","6W":"5","3J":"5","4M":"5","8X":"5","2H":"5","3G":"5","4R":"5","4H":"5","9W":"5","6R":"5","6V":"5","4Q":"5","4P":"5","5Q":"5","4G":"5","8W":"5","3P":"5","2C":"5"},"X9":{"XG":"5","WP":"5","RP":"5","HM":"5","MQ":"5","R5":"5","HQ":"5","79":"5"},"X8":{"MH":"5","9M":"5","MC":"5","G3":"5","VW":"5"},"RC":{"78":"5"},"XG":{"MH":"5","G7":"5","JF":"5"},"W5":{"VJ":"5","RC":"5","CR":"5"},"QC":{"H7":"5","CM":"5","57":"5","6P":"5","H6":"5"},"XJ":{"G4":"5","F3":"5","C3":"5","F2":"5","92":"5","7C":"5","F4":"5","G5":"5","6C":"5","79":"5","F5":"5","C2":"5"},"VC":{"PP":"5","5P":"5","8R":"5","7W":"5","7P":"5","PM":"5","7V":"5","6Q":"5","6R":"5","8Q":"5","6P":"5","7Q":"5","7R":"5","6V":"5","5R":"5","5Q":"5","4P":"5"},"V8":{"W6":"5","X5":"5"},"RH":{"8G":"5","7G":"5","7H":"5","8H":"5","V3":"5","V4":"5","26":"5","25":"5"},"V9":{"QM":"5","PP":"5","9R":"5","6X":"5","VW":"5"},"WC":{"C3":"5","H2":"5","FF":"5"},"VF":{"3C":"5","JF":"5"},"R6":{"X8":"5","XH":"5","X9":"5","CQ":"5","8Q":"5","XC":"5","XF":"5","W8":"5","9R":"5","8M":"5","XG":"5","CR":"5","W9":"5","9Q":"5"},"VG":{"CF":"5","CC":"5","FC":"5","C9":"5","C2":"5"},"QF":{"C5":"5","93":"5","F5":"5"},"WH":{"43":"5","92":"5","44":"5","63":"5","72":"5","CX":"5","82":"5","73":"5"},"X5":{"2W":"5"},"V7":{"C2":"5","83":"5","92":"5","G4":"5","RC":"5","F3":"5","72":"5","C4":"5","6R":"5","F4":"5","82":"5","93":"5","C3":"5","F2":"5"},"XC":{"W6":"5","6F":"5","6G":"5","CX":"5"},"VJ":{"46":"5","W6":"5","W5":"5","95":"5","V5":"5","X6":"5","57":"5","84":"5"},"W9":{"RX":"5","JR":"5"},"VH":{"2X":"5","3X":"5","2W":"5","3W":"5"},"W8":{"CJ":"5","58":"5","4J":"5"},"RF":{"WM":"5","VM":"5"},"XF":{"P2":"5","V2":"5","4G":"5","27":"5"},"WF":{"35":"5","77":"5","WC":"5","75":"5","X4":"5","6C":"5"},"Q8":{"4R":"5","4Q":"5","6R":"5","4P":"5"},"W6":{"68":"5"},"WG":{"8X":"5","WF":"5","VF":"5","7X":"5"},"X7":{"G3":"5"},"X6":{"J8":"5","QX":"5"}},"M6":{"H7":{"WH":"5"},"P3":{"HJ":"5","2C":"5","FJ":"5"},"73":{"4P":"5"},"J7":{"4M":"5","4J":"5","6J":"5"}},"47":{"58":{"8P":"5"}},"27":{"WP":{"J5":"5","M5":"5","M4":"5","J4":"5"}},"XW":{"V5":{"CC":"5"},"Q7":{"W2":"5"}},"JR":{"M2":{"H9":"5","G8":"5","GC":"5","FC":"5","HC":"5","J9":"5","G9":"5"},"J7":{"8J":"5","FH":"5","9H":"5","CH":"5","CJ":"5","9J":"5"}},"4J":{"M3":{"49":"5","39":"5"},"H2":{"J5":"5","GV":"5","4G":"5","X6":"5","PG":"5"},"M2":{"24":"5"},"H3":{"HR":"5","M4":"5"},"H4":{"RM":"5"},"F3":{"4R":"5","4Q":"5","5R":"5","5Q":"5"},"G3":{"V2":"5","CP":"5"},"G2":{"WX":"5"},"J2":{"46":"5","V2":"5","P3":"5","Q3":"5","7F":"5","7C":"5","VC":"5","36":"5","W2":"5"}},"4X":{"MC":{"4H":"5","5H":"5","5R":"5"}},"G8":{"GX":{"33":"5"},"2W":{"HW":"5"}},"2R":{"8R":{"JC":"5"},"8C":{"R7":"5"},"VP":{"PP":"5","QP":"5"},"XQ":{"38":"5"}},"W8":{"W7":{"R5":"5"},"J5":{"32":"5","33":"5"},"V6":{"34":"5","28":"5","27":"5","26":"5","25":"5"},"F4":{"GJ":"5","XR":"5","VQ":"5","PM":"5","VP":"5","XQ":"5"},"X9":{"XJ":"5","XP":"5","XQ":"5"},"F2":{"74":"5","73":"5","RM":"5"},"XG":{"W7":"5"},"W5":{"RH":"5","QJ":"5","QG":"5","PH":"5","QH":"5","PC":"5","Q9":"5","QF":"5","RG":"5","PJ":"5","RJ":"5","QC":"5","RF":"5","MC":"5","MH":"5","MJ":"5","MF":"5","JF":"5","P9":"5"},"C2":{"MH":"5","C6":"5"},"H2":{"9M":"5","WF":"5","CM":"5","PC":"5","5R":"5"},"H5":{"F3":"5","G3":"5","F2":"5","G2":"5"},"V5":{"4Q":"5","6M":"5"},"J4":{"4X":"5","3X":"5","4V":"5","3V":"5","4W":"5","3W":"5"},"G3":{"J7":"5"},"V4":{"4H":"5","RG":"5","4G":"5"},"R6":{"W5":"5","X8":"5","V6":"5","X7":"5","X5":"5","W7":"5","V7":"5","W8":"5","W6":"5","X6":"5","W9":"5"},"83":{"GC":"5","FC":"5","FG":"5","GG":"5","GF":"5","FF":"5"},"G2":{"C6":"5"},"G4":{"4X":"5","7G":"5","C4":"5"},"V7":{"R3":"5"},"XC":{"XP":"5","4J":"5","VJ":"5","WJ":"5","WM":"5","5J":"5","XJ":"5","XM":"5"},"94":{"8J":"5","4F":"5","3C":"5","8H":"5","VP":"5","9J":"5","MP":"5","5C":"5","PP":"5"},"H3":{"2V":"5","M9":"5","X9":"5"},"XF":{"95":"5","MJ":"5","96":"5","F9":"5","C6":"5","FF":"5","54":"5","97":"5","65":"5","55":"5","G9":"5","JM":"5","JP":"5","42":"5","C5":"5","GF":"5","MP":"5","JJ":"5","64":"5","MM":"5","FC":"5","GC":"5","C7":"5"},"G5":{"Q6":"5"},"J3":{"8G":"5","HW":"5","5F":"5","5C":"5","6C":"5"},"W6":{"7C":"5","RV":"5"},"W4":{"5X":"5"},"H4":{"GQ":"5","FW":"5","JP":"5","FV":"5","FX":"5","JQ":"5","GW":"5","MP":"5","GX":"5","GR":"5","HP":"5","HQ":"5","GV":"5"},"X7":{"8V":"5"},"Q5":{"7P":"5"},"C4":{"PH":"5","QJ":"5"},"P5":{"RJ":"5","RC":"5","VC":"5","PH":"5"},"X6":{"2M":"5"}},"HC":{"2J":{"FW":"5"},"FM":{"V9":"5","VJ":"5","PP":"5","RJ":"5","RP":"5","QR":"5","VQ":"5","VM":"5","RR":"5","QQ":"5","RM":"5","VP":"5","RQ":"5"},"FP":{"M2":"5"},"5P":{"29":"5","39":"5"},"3H":{"55":"5"},"2H":{"88":"5","89":"5"},"4J":{"G4":"5","FP":"5","FC":"5","F2":"5","F9":"5","G2":"5","H4":"5"},"4P":{"CF":"5","9G":"5","C9":"5"}},"6R":{"5F":{"R8":"5"},"GQ":{"JQ":"5"},"W4":{"P6":"5"},"3C":{"69":"5","6C":"5","64":"5","63":"5","84":"5","74":"5","6H":"5","7C":"5","6G":"5","7G":"5","75":"5","73":"5","65":"5","79":"5"},"39":{"WF":"5","GQ":"5","GM":"5","X9":"5","VC":"5","WC":"5","VF":"5","RC":"5","RG":"5","VG":"5","GP":"5","FQ":"5","FM":"5","HM":"5","RF":"5","FP":"5","HP":"5","HQ":"5","W9":"5"},"3F":{"PH":"5"},"6Q":{"HG":"5","HF":"5","GG":"5","GF":"5"},"48":{"JH":"5"},"6G":{"M8":"5","93":"5","M7":"5","M9":"5","C3":"5","P9":"5","P8":"5","J7":"5"},"99":{"2M":"5"}},"F9":{"HW":{"XQ":"5"},"MF":{"PP":"5","HJ":"5","PM":"5","MJ":"5"},"CM":{"HG":"5"},"X5":{"4J":"5"}},"CW":{"V7":{"7R":"5"}},"66":{"QF":{"X3":"5"},"R4":{"4H":"5"},"47":{"J3":"5"},"V4":{"F8":"5","84":"5"}},"CH":{"9V":{"34":"5"},"9F":{"W3":"5"}},"VF":{"V2":{"35":"5"}},"QP":{"96":{"F7":"5","F6":"5"}},"G4":{"RW":{"J5":"5","G4":"5","M6":"5","M5":"5","G6":"5","J6":"5"},"QW":{"QQ":"4"},"VX":{"Q2":"4","77":"4","76":"4","92":"4","86":"4","P2":"4","85":"4","93":"4","75":"4"},"QX":{"M3":"4","C3":"4","V3":"4","C4":"4"},"RV":{"RW":"4"},"VW":{"HV":"4","CX":"4","JW":"4","QV":"4","JV":"4","HW":"4","PV":"4","MV":"4"}},"C6":{"32":{"57":"5"},"35":{"82":"5"},"22":{"MH":"5","PM":"5"},"43":{"8C":"5"}},"4H":{"GX":{"R6":"5"},"PW":{"XJ":"5","WH":"5","RJ":"5"},"MX":{"QH":"5","8R":"5","P8":"5","4M":"5","6V":"5"},"JX":{"PM":"5","RH":"5","Q5":"5","G8":"5","JQ":"5","P2":"5","JR":"5","WX":"5","G7":"5","WR":"5","JV":"5","F9":"5","FF":"4","PW":"5"},"HX":{"59":"5"},"FX":{"M4":"5"}},"2G":{"9M":{"CV":"5","CW":"5","CR":"5"},"GJ":{"6H":"5"},"9P":{"29":"5","8P":"5","3P":"5","9F":"5","4H":"5","39":"5","59":"5","6F":"5","4M":"5","8F":"5","5G":"5","5H":"5","CF":"5","8M":"5","2G":"5","3M":"5","9G":"5","7F":"5","79":"5","68":"5","C9":"5","6Q":"5","4G":"5","8H":"5","4C":"5","88":"5","9C":"5","5J":"5","7C":"5","7P":"5","5P":"5","CC":"5","7J":"5","9H":"5","7H":"5","2F":"5","4J":"5","FF":"5","49":"5","48":"5","3H":"5","6J":"5","3F":"5","4P":"5","5C":"5","6P":"5","7M":"5","2C":"5","4F":"5","5F":"5","77":"5","5M":"5","4Q":"5","6M":"5","78":"5","99":"5","6C":"5","38":"5","8C":"5","67":"5","89":"5","7G":"5","8G":"5","58":"5","8J":"5","69":"5","87":"5","6G":"5","3G":"5","28":"5","3C":"5","6H":"5"}},"V4":{"J2":{"R9":"5","Q9":"5"},"P2":{"2C":"5"},"R2":{"4X":"5","4G":"5","6M":"5","26":"5","6P":"5","2W":"5","7Q":"5"},"M2":{"Q7":"5","X8":"5"},"Q3":{"V9":"5","J3":"5","VC":"5","9Q":"5"},"Q2":{"42":"5","35":"5","F2":"5","X9":"5"},"R3":{"Q3":"5","4P":"5","5P":"5","7J":"5","G9":"5","MG":"5","6J":"5","MC":"5","MH":"5","82":"5","MF":"5","C3":"5"}},"2V":{"J4":{"R5":"5","X7":"5"},"3F":{"MF":"5"},"3G":{"93":"5"}}}}