{"7G":{"8W":{"5M":{"95":"5","F9":"5","C6":"5","GG":"5","FF":"5","HJ":"5","MQ":"5","HM":"5","GJ":"5","VR":"5","92":"5","JM":"5","82":"5","F7":"5","JP":"5","94":"5","C5":"5","GF":"5","RQ":"5","PQ":"5","QQ":"5","MP":"5","RR":"5","F6":"5","FC":"5","93":"5","GH":"5","F8":"5"},"MG":{"82":"5","72":"5"},"5J":{"8X":"5","2Q":"5","4R":"5","7W":"5","5V":"5","2R":"5","7X":"5","6V":"5","4V":"5","6W":"5","3R":"5"},"4J":{"WP":"5","WM":"5","XP":"5","VM":"5","XQ":"5"}},"VP":{"V7":{"8R":"5"},"R8":{"X8":"5"},"V8":{"47":"5"},"P4":{"3H":"4"},"X9":{"MP":"5","96":"5","76":"5"},"W8":{"49":"5"}},"5V":{"4X":{"JV":"5"},"5W":{"37":"5"},"5V":{"5X":"5"}},"83":{"QM":{"76":"5"},"RW":{"3V":"5"},"V8":{"W5":"5","X8":"5","V5":"5","Q6":"5","W4":"5","X9":"5","V6":"5","R6":"5","X7":"5","Q5":"5","R5":"5","V3":"5","X5":"5","Q7":"5","W7":"5","X3":"5","W2":"5","Q8":"5","R4":"5","V7":"5","P6":"5","W3":"5","W8":"5","V4":"5","W6":"5","P5":"5","X2":"5","X6":"5","P7":"5","X4":"5","XJ":"5","W9":"5"},"VF":{"6H":"5"},"W8":{"24":"5","2J":"5","34":"5","29":"5","22":"5","28":"5","23":"5","27":"5","26":"5","25":"5"}},"RW":{"C5":{"6F":"5"},"78":{"78":"5"},"F3":{"RH":"5","28":"5"},"F2":{"PH":"5"},"2H":{"CM":"5"}},"4V":{"JC":{"CW":"5","FW":"5"},"JF":{"95":"5","49":"5","5C":"5","7C":"5","4C":"5","59":"5","85":"5"},"6J":{"MP":"5","MM":"5"}},"32":{"27":{"MH":"5"}},"PQ":{"38":{"62":"5","72":"5"},"2J":{"4M":"4"},"7G":{"3R":"4"},"83":{"XC":"5"},"56":{"MM":"5"},"92":{"PX":"5"},"6H":{"HF":"4","56":"4"},"C6":{"Q7":"4"},"59":{"88":"5"}},"7J":{"C9":{"WQ":"5"},"QG":{"PG":"5"},"QH":{"28":"5"},"GH":{"MQ":"5"},"HJ":{"P2":"5"},"QF":{"FM":"5","CJ":"5"},"CG":{"X3":"5"},"JG":{"5H":"5","5P":"5","P3":"5","HJ":"5","P4":"5","Q9":"5","5Q":"5"},"GG":{"C7":"5"},"HH":{"CP":"5"},"MJ":{"8G":"5"},"HC":{"RC":"5","VC":"5"},"JF":{"XV":"5","J9":"5","QQ":"5","XQ":"5"}},"RH":{"5X":{"58":"5"},"GM":{"68":"5"},"WC":{"P4":"5"},"GH":{"XW":"5"},"5W":{"GQ":"5","G4":"5","CG":"5","FQ":"5","G6":"5","HH":"5","F6":"5","F5":"5","F4":"5","CF":"5","C5":"5"},"8V":{"PR":"5"},"XG":{"22":"5"},"GJ":{"MW":"5"},"7R":{"6R":"5"},"HP":{"8W":"5","7W":"5"}},"7W":{"CQ":{"69":"5"},"QF":{"V9":"5","M2":"5"},"GV":{"XG":"5"},"8W":{"QW":"5","GH":"5","JQ":"5","XC":"5","JR":"5","MQ":"5","PV":"5","JJ":"5","PW":"5","HQ":"5","MV":"5","MR":"5"},"Q9":{"7R":"5"},"QC":{"FQ":"5","3F":"5","3G":"5"}},"GG":{"H7":{"2R":"5"},"F8":{"J7":"5"},"4G":{"6R":"5"},"RF":{"CV":"5"},"P8":{"RH":"5","RG":"5","QG":"5","QH":"5","QF":"5","PJ":"5","VG":"5","VH":"5","PM":"5","2H":"5","QJ":"5"},"G7":{"RF":"5","VF":"5"}},"XM":{"WP":{"6W":"5"},"2F":{"P5":"5"},"V4":{"2J":"5","2H":"5"},"6R":{"CP":"5","7Q":"5","9Q":"5","5R":"5","9M":"5","CM":"5","3Q":"5","7J":"5","7M":"5","2P":"5","2M":"5","5P":"5","6Q":"5","FP":"5","7P":"5","9J":"5","FM":"5","9V":"5","4J":"5","8Q":"5","3M":"5","7V":"5","9P":"5","7R":"5","6P":"5","9R":"5","9H":"5","8V":"5","2Q":"5","4M":"5","8R":"5","8M":"5","5M":"5","8H":"5","4R":"5","3R":"5","6R":"5","8J":"5","4Q":"5","4P":"5","5Q":"5","CQ":"5","6M":"5","3P":"5"},"97":{"8J":"5","7J":"5","8P":"5","CQ":"5","9M":"5","8Q":"5","CJ":"5","8R":"5","CM":"5","9J":"5","FM":"5","9R":"5","7Q":"5","8M":"5","9P":"5","7R":"5","FJ":"5","9Q":"5"}},"7M":{"23":{"8V":"5"}},"HM":{"VQ":{"52":"5","63":"5","62":"5","72":"5","F2":"5","92":"5","73":"5","G2":"5","C2":"5"},"GQ":{"42":"5","PM":"5","94":"5","FF":"5"},"RR":{"Q4":"5","P5":"5","Q5":"5","P4":"5"},"CP":{"7C":"5"},"7M":{"C5":"5","64":"5"},"VP":{"6V":"5","4R":"5","FW":"5","5X":"5","GX":"5","9W":"5","HV":"5","6Q":"5","JV":"5","4X":"5","3V":"5","2V":"5","4W":"5","7R":"5","9X":"5","CW":"5","7W":"5","4V":"5","HW":"5","5V":"5","7Q":"5","7X":"5","5R":"5","FX":"5","CX":"5","7V":"5","3R":"5","JW":"5","8X":"5","6X":"5","6R":"5","3W":"5","5Q":"5","6W":"5","5W":"5"},"9J":{"QH":"5"},"FP":{"2G":"5"}},"WG":{"3Q":{"Q8":"5"},"GM":{"R2":"5","V2":"5"},"4P":{"HJ":"5"}},"HQ":{"W4":{"VV":"5","WQ":"5","XR":"5","XQ":"5","VW":"5"},"X4":{"2R":"5"},"7V":{"WP":"5"}},"X3":{"2G":{"RH":"5","VH":"5"},"48":{"5M":"5"},"3F":{"2X":"5"},"3G":{"22":"5"}},"69":{"4X":{"G3":"5"}},"78":{"JC":{"P3":"5"},"4M":{"8F":"5"},"45":{"GP":"5"}},"C5":{"2F":{"9Q":"5"},"FP":{"MV":"5","RR":"5"},"HM":{"7J":"5"}},"PP":{"HR":{"88":"5","89":"5","98":"5"},"PC":{"PH":"5"},"JQ":{"MV":"5","CG":"5","CF":"5","HW":"5","MW":"5","JV":"5","JW":"5","9G":"5","9F":"5"},"Q8":{"78":"5"},"GP":{"VQ":"5","RQ":"5","RP":"5","PQ":"5","9V":"5","VP":"5","9R":"5","MQ":"5","MP":"5","CW":"5","9W":"5","CV":"5","PP":"5","CR":"5"},"HV":{"H7":"5","G8":"5","CH":"5","G7":"5","CJ":"5"},"WX":{"F7":"5","F6":"5","G6":"5"},"MQ":{"4X":"5","6R":"5","7R":"5"},"W6":{"GJ":"5","HJ":"5"},"CW":{"CG":"5"},"6J":{"2P":"5"},"MR":{"44":"5","43":"5"}},"6X":{"MC":{"FG":"5","GG":"5","GF":"5","FF":"5"},"72":{"P9":"5","P8":"5","Q8":"5","Q9":"5"},"J9":{"5J":"5"},"97":{"GV":"5"}},"FV":{"48":{"5P":"5","5M":"5","7P":"5","6Q":"5","6P":"5","6J":"5"},"J7":{"PR":"4","WW":"4"}},"WV":{"35":{"J2":"5"},"37":{"45":"5"},"34":{"RH":"5","RG":"5","VG":"5","VH":"5"},"43":{"66":"5","56":"5","67":"5","55":"5","58":"5","57":"5","46":"5","54":"5"}},"QJ":{"XR":{"W9":"5","W8":"5"},"PP":{"M6":"5"},"PM":{"95":"5","63":"5","X3":"5","96":"5","W2":"5","54":"5","V2":"5","73":"5","53":"5","W3":"5","74":"5","83":"5","X4":"5","M2":"5","V3":"5","94":"5","Q2":"5","C5":"5","P2":"5","84":"5","64":"5","85":"5","R2":"5","X2":"5","C4":"5"},"MJ":{"83":"5","W6":"5","32":"5","95":"5","J4":"5","F3":"5","V2":"5","C8":"5","H6":"5","V8":"5","72":"5","G7":"5","W5":"5","G2":"5","F6":"5","M7":"5","M8":"5","H4":"5","Q9":"5","WG":"5","X3":"5","73":"5","86":"5","P3":"5","C5":"5","J3":"5","H8":"5","VC":"5","R9":"5","V3":"5","G3":"5","Q3":"5","54":"5","43":"5","H9":"5","R3":"5","22":"5","75":"5","C3":"5","53":"5","H3":"5","V7":"5","62":"5","X2":"5","M5":"5","RC":"5","P4":"5","G9":"5","XH":"5","P7":"5","96":"5","55":"5","QF":"5","F7":"5","F4":"5","F2":"5","C9":"5","52":"5","C4":"5","V5":"5","JC":"5","74":"5","X4":"5","PC":"5","76":"5","X9":"5","Q6":"5","P5":"5","WF":"5","X7":"5","X5":"5","W4":"5","W2":"5","M3":"5","Q7":"5","45":"5","XG":"5","H2":"5","R5":"5","98":"5","93":"5","G5":"5","84":"5","65":"5","33":"5","V9":"5","R2":"5","44":"5","WC":"5","RF":"5","J6":"5","X8":"5","P9":"5","63":"5","W9":"5","J9":"5","XF":"5","64":"5","34":"5","92":"5","G6":"5","P2":"5","F8":"5","H5":"5","Q2":"5","Q5":"5","XQ":"5","W3":"5","23":"5","R4":"5","C2":"5","97":"5","R8":"5","H7":"5","Q4":"5","M9":"5","Q8":"5","XC":"5","56":"5","F5":"5","P8":"5","J7":"5","82":"5","J2":"5","VG":"5","87":"5","J8":"5","QC":"5","C7":"5","M2":"5","R7":"5","J5":"5","85":"5","W7":"5","V6":"5","M6":"5","MC":"5","M4":"5","PF":"5","G8":"5","W8":"5","P6":"5","HC":"5","F9":"5","66":"5","77":"5","VF":"5","94":"5","R6":"5","G4":"5","X6":"5","42":"5","88":"5","C6":"5","V4":"5"},"3Q":{"XJ":"5","WH":"5","WJ":"5","XH":"5"},"VQ":{"6G":"5"},"PJ":{"FF":"5","22":"5","5J":"5","FM":"5","F2":"5","WH":"5","V6":"5","CC":"5","G3":"5","MC":"5","HG":"5","PH":"5","J3":"5","39":"5","VR":"5","QX":"5","3H":"5","R6":"5","42":"5","R7":"5","2C":"5","8P":"5","HH":"5","R5":"5","FH":"5","RR":"5","X8":"5","C9":"5","9M":"5","57":"5","WM":"5","C6":"5","8H":"5","7M":"5","9W":"5","7R":"5","77":"5","VP":"5","CP":"5","24":"5","38":"5","H5":"5","P5":"5","GG":"5","QM":"5","6F":"5","FV":"5","V2":"5","56":"5","CF":"5","R9":"5","44":"5","XH":"5","27":"5","2R":"5","Q3":"5","G7":"5","83":"5","87":"5","R2":"5","X7":"5","29":"5","FR":"5","47":"5","X5":"5","3M":"5","FC":"5","XW":"5","75":"5","JJ":"5","X4":"5","M6":"5","X3":"5","F7":"5","PV":"5","VV":"5","6P":"5","CQ":"5","5Q":"5","7F":"5","VW":"5","6R":"5","GC":"5","C8":"5","W9":"5","FP":"5","G8":"5","P2":"5","GV":"5","HM":"5","5P":"5","72":"5","9H":"5","F5":"5","65":"5","FQ":"5","GF":"5","WF":"5","7C":"5","3C":"5","54":"5","VQ":"5","H2":"5","43":"5","WC":"5","JC":"5","VG":"5","5F":"5","66":"5","RW":"5","RJ":"5","99":"5","23":"5","8M":"5","28":"5","J9":"5","33":"5","9P":"5","58":"5","QF":"5","HJ":"5","Q8":"5","64":"5","WX":"5","RG":"5","53":"5","2G":"5","73":"5","QC":"5","94":"5","46":"5","RQ":"5","QR":"5","PF":"5","9F":"5","QH":"5","5H":"5","F9":"5","4H":"5","8G":"5","52":"5","32":"5","5G":"5","M2":"5","88":"5","RX":"5","RF":"5","85":"5","P7":"5","PM":"5","WW":"5","86":"5","MP":"5","7P":"5","JH":"5","Q7":"5","J5":"5","XG":"5","97":"5","9R":"5","8C":"5","9Q":"5","GH":"5","95":"5","78":"5","3G":"5","JP":"5","GX":"5","HR":"5","59":"5","R4":"5","X2":"5","VJ":"5","H7":"5","4C":"5","Q2":"5","F8":"5","X6":"5","WV":"5","W3":"5","V5":"5","XC":"5","2H":"5","62":"5","H9":"5","7Q":"5","VC":"5","CM":"5","JF":"5","WQ":"5","W2":"5","MX":"5","FJ":"5","69":"5","M5":"5","34":"5","R8":"5","X9":"5","Q6":"5","W6":"5","PJ":"5","3J":"5","PP":"5","HX":"5","96":"5","MJ":"5","Q9":"5","9J":"5","QQ":"5","P9":"5","J2":"5","7J":"5","HC":"5","63":"5","J8":"5","XJ":"5","C3":"5","CR":"5","P8":"5","GR":"5","MM":"5","P3":"5","82":"5","93":"5","GQ":"5","MR":"5","CJ":"5","9V":"5","CG":"5","MH":"5","6Q":"5","VH":"5","WG":"5","Q5":"5","M9":"5","R3":"5","5C":"5","89":"5","MF":"5","79":"5","QV":"5","Q4":"5","4M":"5","6M":"5","QW":"5","M7":"5","8R":"5","GM":"5","JX":"5","JG":"5","48":"5","G2":"5","98":"5","PQ":"5","8F":"5","F3":"5","8V":"5","C2":"5","92":"5","8Q":"5","XM":"5","36":"5","F6":"5","HW":"5","3F":"5","8J":"5","J4":"5","4F":"5","CH":"5","QJ":"5","RV":"5","VF":"5","G5":"5","HP":"5","6H":"5","WJ":"5","74":"5","HV":"5","9C":"5","HQ":"5","CW":"5","MQ":"5","QP":"5","H6":"5","H4":"5","G6":"5","JV":"5","6C":"5","F4":"5","J7":"5","7G":"5","VX":"5","RC":"5","MV":"5","JQ":"5","FW":"5","MG":"5","76":"5","25":"5","84":"5","7V":"5","FG":"5","V9":"5","V8":"5","RM":"5","4J":"5","6J":"5","26":"5","HF":"5","PG":"5","6G":"5","PC":"5","9G":"5","WP":"5","GP":"5","4P":"5","V3":"5","2J":"5","49":"5","M8":"5","2F":"5","J6":"5","XF":"5","GJ":"5","QG":"5","P4":"5","RH":"5","67":"5","P6":"5","W5":"5","37":"5","W4":"5","35":"5","68":"5","MW":"5","W8":"5","JM":"5","C5":"5","G9":"5","C7":"5","M3":"5","4G":"5","XX":"5","55":"5","JR":"5","V7":"5","PR":"5","CV":"5","PW":"5","W7":"5","H3":"5","V4":"5","2Q":"5","H8":"5","JW":"5","G4":"5","VM":"5","RP":"5","7H":"5","C4":"5","45":"5","M4":"5","5M":"5","PX":"5","GW":"5"},"QM":{"56":"5","23":"5","9F":"5","43":"5","33":"5","76":"5","54":"5","34":"5","44":"5","77":"5","99":"5","53":"5","65":"5","88":"5","55":"5","87":"5","57":"5","89":"5","75":"5","66":"5","79":"5","98":"5","22":"5","35":"5","24":"5","45":"5","42":"5","32":"5","78":"5","9C":"5","25":"5","64":"5","67":"5","CC":"5","68":"5","8C":"5","46":"5","86":"5"},"XP":{"GM":"5"},"4M":{"8X":"5"},"PH":{"8W":"5","VP":"5","5V":"5","RW":"5","MH":"5","4V":"5","FM":"5","PQ":"5","VX":"5","GR":"5","RH":"5","7W":"5","CV":"5","XM":"5","CP":"5","WH":"5","HM":"5","WG":"5","RR":"5","HQ":"5","RG":"5","6X":"5","PP":"5","FV":"5","GQ":"5","WV":"5","QJ":"5","JX":"5","VR":"5","CQ":"5","6V":"5","QM":"5","9Q":"5","JH":"5","MQ":"5","VC":"5","FW":"5","3P":"5","4W":"5","RX":"5","7V":"5","QH":"5","3X":"5","XH":"5","XV":"5","MM":"5","QF":"5","MW":"5","JQ":"5","PW":"5","2X":"5","MX":"5","4Q":"5","5R":"5","GX":"5","HW":"5","JJ":"5","6W":"5","X9":"5","WJ":"5","JV":"5","VW":"5","RV":"5","MR":"5","HX":"5","WF":"5","3Q":"5","CR":"5","7R":"5","FX":"5","5X":"5","CX":"5","8V":"5","GP":"5","RM":"5","9W":"5","VH":"5","XG":"5","9X":"5","XJ":"5","QG":"5","VJ":"5","3V":"5","4R":"5","VQ":"5","HJ":"5","WR":"5","QX":"5","JM":"5","WC":"5","RF":"5","PG":"5","GV":"5","9R":"5","W9":"5","XF":"5","9V":"5","RJ":"5","HR":"5","2W":"5","2Q":"5","VM":"5","XP":"5","3R":"5","PR":"5","QW":"5","XQ":"5","QR":"5","JW":"5","MJ":"5","FR":"5","7X":"5","PM":"5","8R":"5","2P":"5","XC":"5","8X":"5","3W":"5","MP":"5","WP":"5","XX":"5","PH":"5","VG":"5","WX":"5","VV":"5","FQ":"5","7Q":"5","HP":"5","5W":"5","8Q":"5","JP":"5","XW":"5","HV":"5","PX":"5","JR":"5","FP":"5","WM":"5","MV":"5","4X":"5","GM":"5","2R":"5","QQ":"5","GW":"5","WW":"5","RP":"5","6R":"5","CW":"5","WQ":"5","PV":"5","RQ":"5","XR":"5","VF":"5","QP":"5","PJ":"5","QV":"5","2V":"5"},"RM":{"2X":"5"},"MH":{"89":"5","8W":"5","VP":"5","5V":"5","RW":"5","MH":"5","4V":"5","FM":"5","FC":"5","J4":"5","PQ":"5","VX":"5","GR":"5","C8":"5","H6":"5","7J":"5","G7":"5","RH":"5","7W":"5","GG":"5","CV":"5","XM":"5","F6":"5","CP":"5","WH":"5","M7":"5","7M":"5","M8":"5","H4":"5","Q9":"5","HM":"5","RR":"5","3M":"5","HQ":"5","GC":"5","2M":"5","RG":"5","PP":"5","6X":"5","J3":"5","7G":"5","FV":"5","GQ":"5","QJ":"5","WV":"5","JX":"5","VR":"5","H8":"5","CQ":"5","6V":"5","QM":"5","9Q":"5","JH":"5","MQ":"5","VC":"5","FW":"5","R9":"5","5Q":"5","3P":"5","4W":"5","HH":"5","6P":"5","G3":"5","H9":"5","4P":"5","MF":"5","RX":"5","7V":"5","V7":"5","H3":"5","6C":"5","6F":"5","M5":"5","QH":"5","RC":"5","FF":"5","MG":"5","G9":"5","3X":"5","XH":"5","P7":"5","XV":"5","MM":"5","QF":"5","MW":"5","PW":"5","JQ":"5","4M":"5","F7":"5","F4":"5","3J":"5","C9":"5","MX":"5","2X":"5","4Q":"5","5R":"5","GX":"5","HW":"5","JJ":"5","JC":"5","8P":"5","PC":"5","6W":"5","7P":"5","WJ":"5","JG":"5","JV":"5","P5":"5","CC":"5","VW":"5","6H":"5","8H":"5","RV":"5","MR":"5","HX":"5","5F":"5","3Q":"5","9M":"5","CR":"5","7R":"5","Q7":"5","FX":"5","5X":"5","9P":"5","9H":"5","GP":"5","CX":"5","8V":"5","8M":"5","5P":"5","5J":"5","RM":"5","9W":"5","VH":"5","9X":"5","XJ":"5","QG":"5","VJ":"5","3V":"5","4R":"5","VQ":"5","H2":"5","HJ":"5","98":"5","G5":"5","WR":"5","QX":"5","79":"5","FG":"5","CJ":"5","6Q":"5","5M":"5","CG":"5","JM":"5","8C":"5","RF":"5","J6":"5","PG":"5","GV":"5","9R":"5","8G":"5","P9":"5","5G":"5","7C":"5","J9":"5","GH":"5","9V":"5","RJ":"5","9C":"5","HR":"5","FJ":"5","2W":"5","2Q":"5","G6":"5","VM":"5","F8":"5","XP":"5","H5":"5","3R":"5","8F":"5","PR":"5","FH":"5","QW":"5","XQ":"5","QR":"5","JW":"5","99":"5","6M":"5","MJ":"5","FR":"5","7X":"5","PM":"5","97":"5","H7":"5","Q8":"5","M9":"5","8R":"5","2P":"5","GJ":"5","8J":"5","XC":"5","6G":"5","8X":"5","9J":"5","F5":"5","3W":"5","P8":"5","HG":"5","J7":"5","MP":"5","WP":"5","J2":"5","XX":"5","PH":"5","VG":"5","6J":"5","WX":"5","VV":"5","FQ":"5","9F":"5","7Q":"5","J8":"5","QC":"5","C7":"5","HP":"5","5W":"5","R7":"5","8Q":"5","CM":"5","J5":"5","9G":"5","GF":"5","JP":"5","M6":"5","XW":"5","HV":"5","PX":"5","JR":"5","FP":"5","MC":"5","4J":"5","WM":"5","M4":"5","PF":"5","MV":"5","CF":"5","4X":"5","G8":"5","7H":"5","GM":"5","2R":"5","QQ":"5","5H":"5","GW":"5","P6":"5","WW":"5","HC":"5","RP":"5","F9":"5","6R":"5","CW":"5","WQ":"5","PV":"5","RQ":"5","HF":"5","XR":"5","CH":"5","VF":"5","JF":"5","QP":"5","PJ":"5","7F":"5","G4":"5","88":"5","C6":"5","4H":"5","QV":"5","2V":"5"},"JJ":{"X2":"5"},"4R":{"C3":"5","F2":"5","92":"5","C2":"5"},"QH":{"89":"5","5V":"5","4V":"5","FC":"5","5C":"5","7J":"5","7W":"5","39":"5","7M":"5","3M":"5","2J":"5","69":"5","86":"5","2M":"5","78":"5","3H":"5","6X":"5","7G":"5","2C":"5","6V":"5","9Q":"5","5Q":"5","3P":"5","4W":"5","6P":"5","38":"5","4P":"5","48":"5","75":"5","7V":"5","4G":"5","6C":"5","6F":"5","57":"5","FF":"5","49":"5","3X":"5","28":"5","4M":"5","3J":"5","C9":"5","2X":"5","68":"5","4Q":"5","5R":"5","4F":"5","8P":"5","7P":"5","6W":"5","29":"5","76":"5","58":"5","CC":"5","6H":"5","8H":"5","5F":"5","3Q":"5","9M":"5","7R":"5","5X":"5","9P":"5","2F":"5","9H":"5","8V":"5","8M":"5","5P":"5","5J":"5","3V":"5","4R":"5","98":"5","65":"5","79":"5","FG":"5","3C":"5","CJ":"5","6Q":"5","5M":"5","CG":"5","8C":"5","8G":"5","5G":"5","7C":"5","67":"5","9C":"5","2W":"5","2Q":"5","3R":"5","8F":"5","FH":"5","3G":"5","99":"5","6M":"5","7X":"5","97":"5","8R":"5","2P":"5","8J":"5","6G":"5","56":"5","9J":"5","3W":"5","59":"5","87":"5","6J":"5","9F":"5","7Q":"5","37":"5","5W":"5","8Q":"5","CM":"5","9G":"5","GF":"5","47":"5","2H":"5","3F":"5","4J":"5","CF":"5","4X":"5","7H":"5","2R":"5","4C":"5","5H":"5","6R":"5","66":"5","77":"5","CH":"5","7F":"5","88":"5","4H":"5","2G":"5","2V":"5"},"QJ":{"56":"5","23":"5","52":"5","43":"5","28":"5","33":"5","63":"5","3X":"5","27":"5","48":"5","54":"5","34":"5","2F":"5","44":"5","39":"5","72":"5","53":"5","38":"5","26":"5","55":"5","29":"5","36":"5","37":"5","2G":"5","22":"5","35":"5","24":"5","45":"5","42":"5","32":"5","3C":"5","2X":"5","25":"5","64":"5","62":"5","46":"5","47":"5","2C":"5"},"JH":{"XR":"5","RV":"5","QV":"5","WQ":"5","PR":"5","QR":"5","VV":"5","WW":"5","VR":"5","XQ":"5","XX":"5","WV":"5","XP":"5","WR":"5","XW":"5","MW":"5","XV":"5","VW":"5","RR":"5","VX":"5","WX":"5","RW":"5"},"WX":{"H7":"5","J6":"5","J7":"5","H6":"5"},"4Q":{"FW":"5","8X":"5","FX":"5","9V":"5","9X":"5","CX":"5","CW":"5","9W":"5","CV":"5","GX":"5","HX":"5"},"4P":{"82":"5"},"WP":{"R5":"5"},"7H":{"V4":"5"}},"JX":{"WF":{"8F":"5","27":"5","26":"5","25":"5"},"5X":{"HH":"5"},"XX":{"3C":"5","3F":"5"},"PQ":{"H2":"5"},"83":{"RR":"5","RQ":"5"},"HG":{"6G":"5"},"R3":{"FG":"5"},"P4":{"4X":"5","QP":"5","4W":"5","3W":"5"},"84":{"CC":"5"},"59":{"GJ":"5","43":"5","GM":"5"},"Q8":{"JH":"5"},"JM":{"Q4":"5","R4":"5","Q5":"5","Q3":"5","P4":"5","R5":"5"},"5W":{"HP":"5"},"MP":{"J8":"5"},"7V":{"3H":"5","6M":"5","3M":"5"},"5V":{"PP":"5","X9":"5"},"HH":{"58":"5"},"85":{"W4":"5","X4":"5"},"CF":{"M9":"5"},"PP":{"HW":"5","JX":"5","HX":"5"},"9P":{"GF":"5"},"MJ":{"2F":"5","GF":"5"},"JJ":{"3P":"5","9P":"5","3M":"5","6Q":"5","6P":"5","7Q":"5"}},"VR":{"P6":{"M8":"5"},"J8":{"MM":"5"},"22":{"R9":"5","RC":"5","Q9":"5","QC":"5"},"7F":{"88":"5"}},"CQ":{"M9":{"VQ":"5"}},"6V":{"7M":{"GP":"5"},"8V":{"94":"5"}},"QM":{"33":{"2P":"5"},"XH":{"Q9":"5"},"WC":{"V2":"5"},"23":{"XP":"5"},"Q9":{"3V":"5","3W":"5"},"2F":{"24":"5","49":"5"},"W7":{"97":"5"},"3Q":{"9V":"5"},"XG":{"9W":"5"},"JJ":{"4F":"5"},"28":{"46":"5"}},"JH":{"JX":{"F7":"5","XW":"5","WW":"5","XV":"5","XR":"5"}},"MQ":{"WF":{"6G":"5"},"WC":{"J5":"5"},"VC":{"75":"5"},"RR":{"H5":"4"},"XH":{"3C":"5"}},"4W":{"CQ":{"WH":"5","WJ":"5"},"FQ":{"92":"5"},"HQ":{"Q7":"5"}},"Q3":{"M3":{"GR":"5"}},"38":{"C4":{"JG":"5"}},"54":{"2V":{"C2":"5","83":"5","64":"5","92":"5","55":"5","74":"5","26":"5","45":"5","93":"5","36":"5","73":"5","54":"5","35":"5","F2":"5"},"5P":{"CP":"5","PP":"5","GM":"5","PM":"5","9Q":"5","FP":"5","GP":"5","HM":"5","QP":"5","VQ":"5","JM":"5","7X":"5","9R":"5","8V":"5","8X":"5","RQ":"5","8R":"5","QQ":"5","MM":"5","CQ":"5","8W":"5"},"3R":{"PP":"5","JV":"5","FV":"5","PM":"5","2V":"5","MQ":"5","X8":"5","JR":"5","4V":"5","MR":"5","VC":"5","RH":"5","2R":"5","QM":"5","CW":"5","7V":"5","WC":"5","VF":"5","X5":"5","X4":"5","CV":"5","8V":"5","HV":"5","5V":"5","MP":"5","W9":"5","W8":"5","RF":"5","QH":"5","4R":"5","QJ":"5","9W":"5","3R":"5","6V":"5","GV":"5","X7":"5","X6":"5","8W":"5","RG":"5"},"4R":{"24":"5","22":"5","23":"5"},"4Q":{"GM":"5","RH":"5","VH":"5","QJ":"5","5Q":"5","WH":"5","CP":"5","HJ":"5","3V":"5","4R":"5","2W":"5","PJ":"5","3W":"5","8Q":"5","XF":"5","4Q":"5","RJ":"5","FM":"5","7Q":"5","WG":"5","6Q":"5","2X":"5","FP":"5","XG":"5","9P":"5","4V":"5","GJ":"5","MJ":"5","JJ":"5","9Q":"5"},"2R":{"VV":"5","XV":"5","FX":"5","WW":"5","GW":"5","HV":"5","VW":"5","RV":"5","QV":"5","JV":"5","GX":"5","HW":"5","PV":"5","WV":"5","MV":"5"},"5Q":{"49":"5","66":"5","3C":"5","3F":"5","67":"5","74":"5","2F":"5","59":"5","72":"5","58":"5","4C":"5","75":"5","73":"5","65":"5","68":"5"}},"43":{"59":{"92":"5","C2":"5"}},"RX":{"CP":{"2W":"5"},"5R":{"Q6":"5","PW":"5","PV":"5","PR":"5","Q5":"5","R6":"5"},"3Q":{"P8":"5"},"7M":{"RW":"5","QW":"5","RX":"5","VX":"5","RV":"5","QV":"5","WX":"5"},"2M":{"PX":"5","X9":"5","X8":"5"},"6Q":{"56":"5","VP":"5"},"7P":{"R2":"5","V2":"5","W2":"5"},"4V":{"9M":"5","8P":"5","CM":"5","CP":"5","CJ":"5"},"4X":{"PJ":"5","4F":"5","X5":"5","J4":"5"},"CW":{"MM":"5"},"3M":{"WH":"5","29":"5","28":"5"},"5X":{"24":"5","25":"5"},"9P":{"9R":"5","CR":"5"},"4M":{"FR":"5"},"5V":{"3X":"5"},"8M":{"3Q":"5","3R":"5","4R":"5"},"4W":{"H7":"5","H9":"5","RP":"5","GP":"5","RR":"5","RQ":"5"},"8P":{"2Q":"5","2P":"5"},"5J":{"MG":"5"},"4R":{"54":"5","44":"5","6H":"5","6J":"5"},"6R":{"JG":"5","R7":"5","M2":"5"},"4Q":{"46":"5","47":"5","2P":"5","4W":"5","3W":"5"},"4P":{"72":"5"},"3P":{"V9":"5","R9":"5","R8":"5","VF":"5","VC":"5"}},"22":{"W2":{"74":"5"}},"75":{"29":{"3M":"5"}},"7V":{"GV":{"WQ":"5"}},"6C":{"CC":{"4X":"5"},"9X":{"9C":"5"}},"6F":{"F3":{"37":"5"},"79":{"C4":"5","97":"5"}},"P4":{"W2":{"7P":"5"}},"3X":{"RJ":{"32":"5"},"66":{"PV":"5"},"4J":{"6Q":"5"}},"XH":{"W5":{"4X":"5","R2":"5","3X":"5","M6":"5"},"V5":{"MX":"5","JX":"5"},"33":{"CX":"5","GW":"5"},"Q6":{"Q6":"5","6C":"5","9C":"5","M2":"5","JC":"5","R6":"5","Q5":"5","R5":"5","RF":"5"},"34":{"M3":"5"},"V6":{"39":"5","F8":"5","X2":"5","G6":"5","GF":"5","C8":"5","M2":"5","X4":"5","C9":"5","X3":"5","HF":"5","J8":"5","97":"5","J2":"5","88":"5","M5":"5","9C":"5","FF":"5","F9":"5","C7":"5","98":"5","2C":"5","R2":"5","GC":"5","F7":"5","J6":"5","V3":"5","FC":"5","99":"5","W3":"5","M6":"5","8C":"5","W4":"5","89":"5","HC":"5","J5":"5","V2":"5","G5":"5","J7":"5","87":"5","28":"5","3C":"5"},"R6":{"MG":"5","P8":"5","9F":"5","4F":"5","R8":"5","54":"5","8F":"5","JF":"5","R7":"5","Q7":"5","99":"5","V8":"5","8G":"5","Q6":"5","V9":"5","P7":"5","66":"5","JC":"5","R6":"5","9G":"5","MC":"5","HF":"5","MF":"5","HC":"5","Q8":"5","R9":"5"},"X7":{"88":"5","59":"5","WV":"5"},"VC":{"26":"5"},"R7":{"W5":"5","V5":"5","W4":"5","V6":"5","X5":"5","X3":"5","W3":"5","W6":"5","X2":"5","X6":"5","X4":"5"},"W2":{"V8":"5","X6":"5"},"V7":{"56":"5","23":"5","33":"5","76":"5","63":"5","27":"5","54":"5","34":"5","73":"5","65":"5","26":"5","55":"5","57":"5","75":"5","66":"5","36":"5","37":"5","74":"5","22":"5","35":"5","24":"5","45":"5","32":"5","25":"5","64":"5","85":"5","46":"5","47":"5"},"CG":{"99":"5","8C":"5","CC":"5","89":"5","9C":"5","C9":"5"},"H6":{"FG":"5","GG":"5","5C":"5","6C":"5","GF":"5","FF":"5"},"QC":{"WV":"5"},"95":{"Q4":"5","P5":"5","Q5":"5","P4":"5","R5":"5"},"24":{"HF":"5"},"XG":{"C7":"5"},"93":{"M3":"5"},"X4":{"7Q":"5","CP":"5","MG":"5","GM":"5","9Q":"5","FQ":"5","FH":"5","HJ":"5","7M":"5","FP":"5","GP":"5","7P":"5","HM":"5","GJ":"5","FM":"5","8Q":"5","GQ":"5","JG":"5","JM":"5","CJ":"5","CR":"5","9R":"5","HH":"5","JP":"5","HQ":"5","8R":"5","8P":"5","HG":"5","JJ":"5","JH":"5","CH":"5","CG":"5","HP":"5"},"73":{"F7":"5","F6":"5"}},"XV":{"W7":{"9G":"5"}},"MM":{"X4":{"6J":"5"}},"55":{"FV":{"3C":"5"}},"QF":{"H7":{"4H":"5","5H":"5","6R":"5","5J":"5","4J":"5","5R":"5"},"MX":{"2R":"5"},"G8":{"F9":"5"},"G3":{"2J":"5","9W":"5","3P":"5","3M":"5","3J":"5","2M":"5","9X":"5"},"G2":{"RW":"5","QW":"5","RV":"5","QV":"5"}},"MW":{"WM":{"M8":"5"},"MG":{"MM":"5"},"WV":{"QF":"5"}},"PW":{"25":{"WF":"5"},"33":{"Q6":"5","GX":"5","QF":"5","M5":"5"},"42":{"4W":"5"},"2W":{"FM":"5","FP":"5","CP":"5","CM":"5","FJ":"5","CJ":"5"},"26":{"6M":"5"},"XW":{"XM":"5"},"WX":{"WQ":"5","XP":"5","VP":"5","XQ":"5"},"F4":{"HJ":"5"},"2P":{"56":"5"},"8C":{"C8":"5","C7":"5","C6":"5","98":"5"}},"F4":{"7V":{"97":"5"}},"3J":{"83":{"2F":"5"}},"MX":{"PP":{"JP":"5","PQ":"5","PR":"5","JQ":"5","JM":"5","JR":"5","MQ":"5","MP":"5","HM":"5","JV":"5","PV":"5","HP":"5","HQ":"5","MV":"5","MR":"5"},"5R":{"5C":"5","59":"5"},"9X":{"64":"5","74":"5","RC":"5","7P":"5","QC":"5","RF":"5","FH":"5","FJ":"5","73":"5","7H":"5"},"7W":{"54":"5","24":"5","44":"5"},"3Q":{"X3":"5"},"2P":{"VR":"5","WF":"5","RC":"5","WC":"5","WR":"5","WG":"5"},"FR":{"2V":"5"},"4X":{"G2":"5"},"CX":{"4X":"5","2V":"5","XG":"5","WH":"5","3X":"5","VH":"5","WJ":"5","2W":"5","XH":"5","3W":"5"},"7X":{"CF":"5","CC":"5","FC":"5"},"6W":{"X4":"5"},"HV":{"5Q":"5"},"8X":{"PX":"5","PW":"5","PV":"5","PR":"5"},"2H":{"HP":"5","HQ":"5"},"4W":{"4X":"5"},"PW":{"PX":"5","PW":"5","MX":"5"},"9W":{"6F":"5","5H":"5","FH":"5","HF":"5","5F":"5","HC":"5","JF":"5","5C":"5"},"6V":{"FP":"5","GP":"5"},"4Q":{"23":"5","55":"5"},"4P":{"66":"5","56":"5","76":"5","64":"5","78":"5","44":"5","67":"5","55":"5","C8":"5","45":"5","58":"5","57":"5","75":"5","54":"5","65":"5"},"RW":{"4M":"5"},"GV":{"QJ":"5"},"PX":{"P2":"5"},"FX":{"2G":"5"},"3P":{"2V":"5"}},"2X":{"X6":{"4H":"5","3H":"5"}},"68":{"P2":{"WX":"5"},"P3":{"6R":"5"}},"4Q":{"FP":{"GX":"5"}},"52":{"MF":{"8M":"5","8P":"5","8Q":"5","9Q":"5"},"RR":{"HG":"5","HF":"5"},"RQ":{"26":"5"}},"GX":{"V9":{"86":"4"},"GV":{"8C":"5","9C":"5"}},"JJ":{"RG":{"2W":"5"},"QG":{"VW":"5"},"P7":{"M6":"5","J6":"5"}},"74":{"RQ":{"G6":"5"}},"6W":{"C5":{"4P":"5"},"VR":{"J8":"5"},"4M":{"8J":"5","7J":"5"},"5V":{"8R":"5","43":"5"},"5X":{"52":"5","63":"5","62":"5","53":"5"},"4P":{"RH":"5","G4":"5","H9":"5","J8":"5","MC":"5","JC":"5","M9":"5","GG":"5","J9":"5","GF":"5","FF":"5"}},"76":{"54":{"PC":"5"},"32":{"49":"5"},"56":{"69":"5","C4":"5"},"55":{"XG":"5"},"25":{"5P":"5"}},"Q6":{"88":{"66":"5","93":"5","86":"5","F8":"5","63":"5","F5":"5","G6":"5","83":"5","F6":"5","C8":"5","G7":"5","C5":"5","85":"5","79":"5","68":"5","74":"5","76":"5","C9":"5","F3":"5","73":"5","96":"5","C3":"5","97":"5","G4":"5","88":"5","C4":"5","F2":"5","H6":"5","F9":"5","G3":"5","C7":"5","98":"5","75":"5","82":"5","C2":"5","77":"5","65":"5","92":"5","F7":"5","G8":"5","78":"5","99":"5","64":"5","F4":"5","67":"5","89":"5","H5":"5","G5":"5","94":"5","95":"5","87":"5","C6":"5","84":"5","72":"5"},"87":{"9X":"5"}},"WJ":{"VM":{"R5":"5"}},"P5":{"29":{"X8":"5"},"57":{"GR":"5"}},"VW":{"JH":{"M4":"5"},"MM":{"8M":"5"}},"RV":{"QW":{"XX":"5","MW":"5","FV":"5","FW":"5"},"QX":{"Q2":"5","Q3":"5","Q6":"5","Q4":"5","V3":"5","R3":"5","R4":"5","F6":"5","X2":"5","R2":"5"},"VV":{"X6":"5"},"66":{"XX":"5"},"77":{"22":"5"},"RX":{"32":"5","22":"5"},"76":{"2X":"5"},"RW":{"4X":"5","2X":"5"},"MW":{"47":"5","57":"5","28":"5","X8":"5"},"67":{"X2":"5"},"XR":{"RW":"5","VV":"5","VR":"5","RV":"5","VW":"5"},"JW":{"G8":"5","3R":"5"},"QV":{"MM":"5"},"JV":{"JJ":"5"}},"MR":{"J5":{"2M":"4"},"H5":{"XM":"4"},"J6":{"93":"4","83":"4"}},"HX":{"X8":{"RP":"5"},"M4":{"76":"5"},"G5":{"Q2":"5","P3":"5","M3":"5","Q3":"5","M2":"5","M4":"5","Q4":"5","R3":"5","P4":"5","R4":"5","P2":"5","R2":"5"},"FV":{"45":"5"},"H4":{"GQ":"5","HR":"5","JQ":"5","GV":"5","JV":"5","GR":"5","HQ":"5","HV":"5","JR":"5","4W":"5"},"G4":{"FJ":"5","MX":"5","3P":"5","8P":"5","GR":"5","RV":"5","HP":"5","HQ":"5","GP":"5","MQ":"5","4M":"5","FW":"5","8M":"5","9R":"5","9W":"5","3M":"5","GW":"5","PW":"5","XV":"5","CV":"5","HV":"5","FR":"5","GQ":"5","6Q":"5","JV":"5","VR":"5","PM":"5","CR":"5","FQ":"5","QX":"5","MW":"5","8H":"5","9P":"5","VW":"5","MR":"5","HR":"5","CQ":"5","PV":"5","FV":"5","CW":"5","CM":"5","HW":"5","5J":"5","GM":"5","7P":"5","5P":"5","QW":"5","PQ":"5","9H":"5","9V":"5","CJ":"5","7H":"5","9M":"5","RW":"5","PP":"5","FM":"5","6J":"5","4P":"5","6P":"5","7M":"5","JP":"5","9J":"5","RQ":"5","5M":"5","JQ":"5","4Q":"5","6M":"5","QQ":"5","FP":"5","QV":"5","VV":"5","PR":"5","RR":"5","MP":"5","MV":"5","JW":"5","QM":"5","RX":"5","JR":"5","PX":"5","GV":"5","CP":"5","8J":"5","QR":"5","5Q":"5","6H":"5"},"PJ":{"P7":"5"},"XF":{"9V":"5","8V":"5"},"W8":{"8R":"5","8Q":"5"},"9X":{"3M":"5"},"H5":{"9M":"5","83":"5","6M":"5","6P":"5"},"J4":{"55":"5"},"CV":{"CF":"5","F8":"5","CC":"5","F9":"5","9F":"5"},"F6":{"MV":"5"},"F5":{"QP":"5","RQ":"5"},"CR":{"CG":"5","J8":"5","FH":"5","FG":"5","H8":"5"},"94":{"GC":"4"}},"X7":{"6G":{"6F":"5","2V":"5","6G":"5","4V":"5","3V":"5"}},"9M":{"PX":{"JV":"5"}},"W2":{"R7":{"G9":"5"}},"7R":{"C8":{"5X":"5"},"CC":{"JC":"5"},"57":{"HW":"5"}},"5X":{"38":{"6W":"5"},"2G":{"XM":"5"},"XC":{"JJ":"5"},"MH":{"QR":"5"},"J2":{"F2":"5"},"P6":{"F2":"5"},"7G":{"48":"5","58":"5"},"Q6":{"HC":"5"},"7H":{"X8":"5"},"68":{"PJ":"5"},"GC":{"CQ":"5","CR":"5","6R":"5"},"QP":{"35":"5"},"M5":{"3G":"5"},"3C":{"JG":"5"},"PM":{"PF":"5"},"VC":{"5J":"5"},"9G":{"PH":"5"},"QQ":{"84":"5"},"6C":{"69":"5"},"3G":{"J7":"5"},"H4":{"WF":"5"},"GF":{"7P":"5"},"FF":{"Q6":"5","WQ":"5","R5":"5","XH":"5"}},"9P":{"C7":{"4W":"5"}},"GP":{"MV":{"7W":"5"},"HW":{"88":"5"},"RQ":{"CF":"5"}},"8M":{"C8":{"6C":"5","5H":"5","8G":"5","6H":"5","6F":"5","6J":"5","5J":"5","7G":"5","7F":"5"},"WP":{"MG":"5","P8":"5","MJ":"5","JF":"5","M6":"5","Q7":"5","Q6":"5","QX":"5","JG":"5","P7":"5","JC":"5","MH":"5","JJ":"5","JH":"5","HF":"5","HC":"5","M7":"5","Q8":"5","P6":"5","PX":"5","Q5":"5","P5":"5"},"WM":{"8W":"5","7W":"5","7V":"5","8V":"5"},"WQ":{"Q2":"5"},"77":{"CG":"5","CF":"5","9C":"5","9G":"5","9F":"5","FF":"5"}},"5J":{"6F":{"V9":"5"},"5H":{"J6":"5"},"7C":{"2J":"5"},"6P":{"2X":"5"},"6C":{"XP":"5"}},"RM":{"2Q":{"2Q":"5","2P":"5"},"QH":{"8P":"5"},"2V":{"QR":"5"},"V2":{"9P":"5"},"W3":{"PJ":"5","PM":"5"},"M6":{"CR":"5"},"RF":{"5P":"5","6P":"5","5Q":"5"},"CM":{"95":"5","85":"5"},"V4":{"95":"5"},"4W":{"FJ":"5"}},"45":{"4W":{"FQ":"5"},"V3":{"RM":"5","RX":"5","RQ":"5","VH":"5","VX":"5","RP":"5","RW":"5","WH":"5","VJ":"5","QQ":"5","XC":"5","XF":"5","WG":"5","VM":"5","RV":"5","QV":"5","XG":"5","QR":"5"},"W2":{"XQ":"5","VQ":"5","RR":"5","MW":"5","JX":"5","WQ":"5","MX":"5","VR":"5","RV":"5","QV":"5","PV":"5","PW":"5","HX":"5"},"W3":{"56":"5","95":"5","76":"5","48":"5","C3":"5","39":"5","38":"5","57":"5","H2":"5","29":"5","75":"5","66":"5","G3":"5","G2":"5","94":"5","85":"5","F3":"5","C4":"5","47":"5","2C":"5"},"V4":{"VQ":"5","W5":"5","X8":"5","XH":"5","RQ":"5","W4":"5","X9":"5","X7":"5","V3":"5","WP":"5","QQ":"5","XC":"5","XF":"5","W3":"5","VP":"5","W6":"5","WM":"5","X6":"5","XG":"5","XJ":"5","XM":"5","V2":"5"},"CC":{"5G":"5"},"X2":{"C8":"5","9F":"5","C6":"5","7J":"5","F4":"5","2P":"5","8F":"5","5P":"5","99":"5","8G":"5","F5":"5","G3":"5","G2":"5","2Q":"5","C9":"5","9C":"5","5M":"5","8H":"5","6J":"5","F6":"5","4P":"5","F3":"5","C7":"5","7H":"5","6M":"5","3P":"5"},"MH":{"67":"5"}},"XG":{"5X":{"X2":"5"},"GM":{"MC":"5","JC":"5","M9":"5","P9":"5","PC":"5","J9":"5"},"9F":{"M8":"5"},"6H":{"3X":"5"},"3W":{"PM":"5"},"8R":{"GV":"5"},"4Q":{"46":"5"},"5W":{"XX":"5"},"7V":{"FX":"5"},"CC":{"49":"5"},"HM":{"WH":"5"},"5J":{"VR":"5"},"6X":{"P9":"5","22":"5","PC":"5","PM":"5"},"6W":{"2X":"5","M7":"5"}},"XJ":{"M8":{"8W":"5"},"WG":{"7H":"5","6H":"5","6J":"5"},"RM":{"M9":"5"},"XH":{"52":"5"}},"QG":{"PH":{"83":"5"},"PC":{"JC":"5","HF":"5","HC":"5","JF":"5"},"8G":{"M4":"5","J4":"5"},"CG":{"7P":"5"},"RJ":{"G8":"5"},"GG":{"8V":"5"},"FH":{"P3":"5","M3":"5","Q3":"5","M4":"5","Q4":"5","P4":"5","G4":"5","J4":"5"},"HP":{"WJ":"5"},"7H":{"P5":"5","2C":"5"}},"3V":{"H9":{"WP":"5","XM":"5"},"MC":{"WM":"5"},"JC":{"27":"5"}},"4R":{"JX":{"C8":"5"}},"VQ":{"8M":{"XW":"5","XV":"5"},"MF":{"JG":"5","MG":"5","JH":"5"},"X6":{"VC":"5"}},"HJ":{"3W":{"99":"5"}},"98":{"2W":{"9H":"5"}},"93":{"CQ":{"FF":"5","2X":"5","3R":"5","8X":"5","22":"5","5J":"5","FM":"5","F2":"5","WH":"5","V6":"5","G3":"5","CC":"5","MC":"5","HG":"5","PH":"5","9X":"5","J3":"5","39":"5","VR":"5","QX":"5","3H":"5","R6":"5","42":"5","R7":"5","2C":"5","HH":"5","8P":"5","R5":"5","FH":"5","RR":"5","X8":"5","C9":"5","9M":"5","57":"5","WM":"5","C6":"5","8H":"5","7M":"5","9W":"5","7R":"5","77":"5","VP":"5","4Q":"5","CP":"5","24":"5","38":"5","H5":"5","P5":"5","3Q":"5","GG":"5","QM":"5","6F":"5","V2":"5","FV":"5","56":"5","CF":"5","R9":"5","44":"5","XH":"5","27":"5","2R":"5","Q3":"5","G7":"5","83":"5","87":"5","R2":"5","3X":"5","X7":"5","29":"5","FR":"5","47":"5","X5":"5","3M":"5","FC":"5","XW":"5","75":"5","JJ":"5","X4":"5","X3":"5","M6":"5","F7":"5","VV":"5","PV":"5","6P":"5","CQ":"5","5Q":"5","7F":"5","VW":"5","6R":"5","C8":"5","GC":"5","W9":"5","FP":"5","G8":"5","P2":"5","GV":"5","HM":"5","5P":"5","72":"5","9H":"5","F5":"5","65":"5","FQ":"5","GF":"5","WF":"5","7C":"5","3C":"5","54":"5","VQ":"5","H2":"5","43":"5","WC":"5","JC":"5","WR":"5","VG":"5","5F":"5","66":"5","6X":"5","RW":"5","RJ":"5","99":"5","23":"5","8M":"5","28":"5","4W":"5","J9":"5","33":"5","9P":"5","58":"5","QF":"5","HJ":"5","Q8":"5","64":"5","WX":"5","XP":"5","RG":"5","53":"5","2G":"5","73":"5","6V":"5","QC":"5","94":"5","46":"5","RQ":"5","QR":"5","PF":"5","5W":"5","9F":"5","QH":"5","5H":"5","F9":"5","4H":"5","8G":"5","52":"5","32":"5","5G":"5","M2":"5","88":"5","RX":"5","RF":"5","5X":"5","85":"5","P7":"5","PM":"5","WW":"5","86":"5","MP":"5","3P":"5","JH":"5","7P":"5","Q7":"5","J5":"5","XG":"5","97":"5","9R":"5","8C":"5","9Q":"5","GH":"5","95":"5","78":"5","5R":"5","3G":"5","JP":"5","GX":"5","HR":"5","59":"5","2W":"5","R4":"5","X2":"5","VJ":"5","H7":"5","4C":"5","Q2":"5","F8":"5","X6":"5","WV":"5","W3":"5","V5":"5","XC":"5","2H":"5","2P":"5","62":"5","H9":"5","7Q":"5","VC":"5","CM":"5","JF":"5","WQ":"5","W2":"5","MX":"5","FJ":"5","69":"5","M5":"5","4V":"5","34":"5","R8":"5","X9":"5","Q6":"5","W6":"5","PJ":"5","3J":"5","PP":"5","HX":"5","96":"5","MJ":"5","Q9":"5","9J":"5","QQ":"5","P9":"5","J2":"5","7J":"5","HC":"5","63":"5","J8":"5","XJ":"5","7X":"5","C3":"5","CR":"5","P8":"5","GR":"5","MM":"5","P3":"5","2V":"5","82":"5","93":"5","GQ":"5","MR":"5","CJ":"5","9V":"5","CG":"5","MH":"5","VH":"5","6Q":"5","WG":"5","Q5":"5","M9":"5","4R":"5","R3":"5","8W":"5","5C":"5","89":"5","MF":"5","79":"5","QV":"5","XV":"5","Q4":"5","4M":"5","6M":"5","QW":"5","M7":"5","8R":"5","GM":"5","JX":"5","JG":"5","G2":"5","48":"5","98":"5","PQ":"5","8F":"5","F3":"5","8V":"5","C2":"5","92":"5","8Q":"5","XM":"5","4X":"5","36":"5","F6":"5","HW":"5","3F":"5","8J":"5","J4":"5","4F":"5","CH":"5","QJ":"5","RV":"5","VF":"5","G5":"5","HP":"5","6H":"5","WJ":"5","74":"5","HV":"5","CX":"5","HQ":"5","9C":"5","5V":"5","MQ":"5","CW":"5","QP":"5","H6":"5","H4":"5","JV":"5","G6":"5","6C":"5","F4":"5","J7":"5","7G":"5","VX":"5","RC":"5","MV":"5","JQ":"5","MG":"5","FW":"5","76":"5","25":"5","6W":"5","84":"5","XQ":"5","7V":"5","FG":"5","V8":"5","RM":"5","V9":"5","4J":"5","6J":"5","26":"5","HF":"5","PG":"5","6G":"5","PC":"5","9G":"5","WP":"5","GP":"5","4P":"5","V3":"5","FX":"5","2J":"5","49":"5","M8":"5","2F":"5","J6":"5","XF":"5","GJ":"5","QG":"5","P4":"5","RH":"5","67":"5","P6":"5","W5":"5","37":"5","3W":"5","W4":"5","35":"5","68":"5","MW":"5","W8":"5","JM":"5","C5":"5","G9":"5","C7":"5","M3":"5","4G":"5","XX":"5","55":"5","JR":"5","V7":"5","XR":"5","7W":"5","PR":"5","CV":"5","PW":"5","W7":"5","H3":"5","V4":"5","2Q":"5","H8":"5","3V":"5","JW":"5","G4":"5","VM":"5","RP":"5","7H":"5","C4":"5","45":"5","M4":"5","5M":"5","2M":"5","PX":"5","GW":"5"},"FR":{"25":"5","33":"5","34":"5","42":"5","43":"5","53":"5","23":"5","44":"5","63":"5","26":"5","62":"5","22":"5","72":"5","52":"5","24":"5","32":"5","54":"5","35":"5"},"9M":{"XX":"5","XW":"5","WX":"5"},"9R":{"M3":"5","W7":"5","J5":"5","X3":"5","M5":"5","W2":"5","V6":"5","J2":"5","R5":"5","V2":"5","Q3":"5","F2":"5","W5":"5","C2":"5","P4":"5","Q6":"5","H2":"5","V5":"5","W3":"5","J4":"5","G3":"5","V4":"5","R6":"5","G2":"5","X5":"5","X4":"5","M2":"5","V3":"5","Q2":"5","P2":"5","H3":"5","P3":"5","R3":"5","X2":"5","R2":"5","J3":"5","M4":"5","W6":"5","W4":"5","P6":"5","F3":"5","X7":"5","H4":"5","R4":"5","Q5":"5","Q4":"5","P5":"5","X6":"5"},"FM":{"4X":"5","2X":"5","3X":"5","2W":"5","3W":"5"},"FP":{"8W":"5","89":"5","5V":"5","4V":"5","FM":"5","32":"5","FC":"5","26":"5","GR":"5","C8":"5","5C":"5","7J":"5","7W":"5","39":"5","GG":"5","CV":"5","CP":"5","7M":"5","HM":"5","3M":"5","HQ":"5","2J":"5","69":"5","86":"5","2M":"5","78":"5","3H":"5","6X":"5","FV":"5","7G":"5","GQ":"5","2C":"5","JX":"5","CQ":"5","6V":"5","9Q":"5","MQ":"5","FW":"5","5Q":"5","3P":"5","4W":"5","HH":"5","6P":"5","38":"5","54":"5","43":"5","4P":"5","48":"5","22":"5","75":"5","7V":"5","53":"5","4G":"5","6C":"5","57":"5","6F":"5","FF":"5","36":"5","49":"5","3X":"5","96":"5","55":"5","28":"5","MW":"5","JQ":"5","4M":"5","3J":"5","C9":"5","MX":"5","2X":"5","68":"5","4Q":"5","5R":"5","GX":"5","52":"5","HW":"5","JJ":"5","24":"5","4F":"5","74":"5","8P":"5","7P":"5","6W":"5","29":"5","76":"5","JV":"5","58":"5","CC":"5","6H":"5","8H":"5","MR":"5","HX":"5","5F":"5","3Q":"5","9M":"5","CR":"5","7R":"5","FX":"5","5X":"5","9P":"5","2F":"5","9H":"5","GP":"5","CX":"5","8V":"5","8M":"5","5P":"5","5J":"5","9W":"5","45":"5","9X":"5","3V":"5","4R":"5","HJ":"5","98":"5","65":"5","79":"5","FG":"5","3C":"5","CJ":"5","33":"5","6Q":"5","5M":"5","CG":"5","JM":"5","8C":"5","44":"5","GV":"5","9R":"5","8G":"5","63":"5","5G":"5","7C":"5","67":"5","GH":"5","9V":"5","64":"5","34":"5","9C":"5","HR":"5","FJ":"5","2W":"5","2Q":"5","3R":"5","8F":"5","FH":"5","3G":"5","23":"5","JW":"5","46":"5","99":"5","6M":"5","FR":"5","7X":"5","97":"5","35":"5","8R":"5","2P":"5","GJ":"5","8J":"5","6G":"5","8X":"5","56":"5","9J":"5","3W":"5","HG":"5","59":"5","87":"5","6J":"5","FQ":"5","9F":"5","7Q":"5","37":"5","HP":"5","5W":"5","8Q":"5","25":"5","CM":"5","9G":"5","GF":"5","JP":"5","85":"5","47":"5","27":"5","HV":"5","JR":"5","2H":"5","3F":"5","FP":"5","4J":"5","MV":"5","CF":"5","4X":"5","7H":"5","GM":"5","2R":"5","4C":"5","5H":"5","GW":"5","F9":"5","6R":"5","CW":"5","66":"5","77":"5","CH":"5","7F":"5","42":"5","88":"5","4H":"5","2G":"5","2V":"5"},"FQ":{"FF":"5","2X":"5","3R":"5","8X":"5","22":"5","5J":"5","FM":"5","F2":"5","G3":"5","CC":"5","HG":"5","J3":"5","39":"5","3H":"5","42":"5","2C":"5","HH":"5","8P":"5","FH":"5","C9":"5","9M":"5","57":"5","C6":"5","8H":"5","7M":"5","9W":"5","7R":"5","77":"5","4Q":"5","CP":"5","24":"5","38":"5","H5":"5","3Q":"5","GG":"5","6F":"5","56":"5","CF":"5","44":"5","27":"5","2R":"5","G7":"5","83":"5","87":"5","3X":"5","29":"5","47":"5","3M":"5","FC":"5","75":"5","F7":"5","6P":"5","CQ":"5","5Q":"5","7F":"5","6R":"5","GC":"5","C8":"5","FP":"5","G8":"5","5P":"5","72":"5","9H":"5","F5":"5","65":"5","FQ":"5","GF":"5","7C":"5","3C":"5","54":"5","H2":"5","43":"5","JC":"5","5F":"5","66":"5","6X":"5","99":"5","23":"5","8M":"5","28":"5","4W":"5","J9":"5","33":"5","9P":"5","58":"5","64":"5","53":"5","2G":"5","73":"5","6V":"5","94":"5","46":"5","5W":"5","9F":"5","5H":"5","F9":"5","4H":"5","8G":"5","52":"5","32":"5","5G":"5","M2":"5","88":"5","5X":"5","85":"5","86":"5","3P":"5","7P":"5","J5":"5","97":"5","9R":"5","8C":"5","9Q":"5","GH":"5","95":"5","78":"5","5R":"5","3G":"5","59":"5","2W":"5","H7":"5","4C":"5","F8":"5","2H":"5","2P":"5","62":"5","H9":"5","7Q":"5","CM":"5","JF":"5","FJ":"5","69":"5","4V":"5","34":"5","3J":"5","96":"5","9J":"5","J2":"5","7J":"5","HC":"5","63":"5","J8":"5","7X":"5","C3":"5","CR":"5","2V":"5","82":"5","93":"5","CJ":"5","9V":"5","CG":"5","6Q":"5","4R":"5","8W":"5","5C":"5","89":"5","79":"5","4M":"5","6M":"5","8R":"5","GM":"5","G2":"5","48":"5","98":"5","8F":"5","F3":"5","8V":"5","C2":"5","92":"5","8Q":"5","4X":"5","36":"5","F6":"5","3F":"5","8J":"5","J4":"5","4F":"5","CH":"5","G5":"5","6H":"5","74":"5","9C":"5","5V":"5","H6":"5","H4":"5","G6":"5","6C":"5","F4":"5","J7":"5","7G":"5","76":"5","25":"5","6W":"5","84":"5","7V":"5","FG":"5","4J":"5","6J":"5","26":"5","HF":"5","6G":"5","9G":"5","4P":"5","2J":"5","49":"5","2F":"5","J6":"5","GJ":"5","67":"5","37":"5","3W":"5","35":"5","68":"5","C5":"5","G9":"5","C7":"5","M3":"5","4G":"5","55":"5","7W":"5","H3":"5","2Q":"5","H8":"5","3V":"5","G4":"5","7H":"5","C4":"5","45":"5","M4":"5","5M":"5","2M":"5"},"CP":{"FF":"5","2X":"5","3R":"5","8X":"5","22":"5","5J":"5","FM":"5","F2":"5","WH":"5","V6":"5","G3":"5","CC":"5","MC":"5","HG":"5","PH":"5","9X":"5","J3":"5","39":"5","VR":"5","QX":"5","3H":"5","R6":"5","42":"5","R7":"5","2C":"5","HH":"5","8P":"5","R5":"5","FH":"5","RR":"5","X8":"5","C9":"5","9M":"5","57":"5","WM":"5","C6":"5","8H":"5","7M":"5","9W":"5","7R":"5","77":"5","VP":"5","4Q":"5","24":"5","CP":"5","38":"5","H5":"5","P5":"5","3Q":"5","GG":"5","QM":"5","6F":"5","V2":"5","FV":"5","56":"5","CF":"5","R9":"5","44":"5","XH":"5","27":"5","2R":"5","Q3":"5","G7":"5","83":"5","87":"5","R2":"5","3X":"5","X7":"5","29":"5","FR":"5","47":"5","X5":"5","3M":"5","FC":"5","XW":"5","75":"5","JJ":"5","X4":"5","X3":"5","M6":"5","F7":"5","VV":"5","PV":"5","6P":"5","CQ":"5","5Q":"5","7F":"5","VW":"5","6R":"5","GC":"5","C8":"5","W9":"5","FP":"5","G8":"5","P2":"5","HM":"5","GV":"5","5P":"5","72":"5","9H":"5","F5":"5","65":"5","FQ":"5","GF":"5","WF":"5","7C":"5","3C":"5","54":"5","VQ":"5","H2":"5","43":"5","WC":"5","JC":"5","WR":"5","VG":"5","5F":"5","66":"5","6X":"5","RW":"5","RJ":"5","99":"5","23":"5","8M":"5","28":"5","4W":"5","J9":"5","33":"5","9P":"5","58":"5","QF":"5","HJ":"5","Q8":"5","64":"5","WX":"5","XP":"5","RG":"5","53":"5","2G":"5","73":"5","6V":"5","QC":"5","94":"5","46":"5","RQ":"5","QR":"5","PF":"5","5W":"5","9F":"5","QH":"5","5H":"5","F9":"5","4H":"5","8G":"5","52":"5","32":"5","5G":"5","M2":"5","88":"5","RX":"5","RF":"5","5X":"5","85":"5","P7":"5","PM":"5","WW":"5","86":"5","MP":"5","3P":"5","JH":"5","7P":"5","Q7":"5","J5":"5","XG":"5","97":"5","9R":"5","8C":"5","9Q":"5","GH":"5","95":"5","78":"5","5R":"5","3G":"5","JP":"5","GX":"5","HR":"5","59":"5","2W":"5","R4":"5","X2":"5","VJ":"5","H7":"5","4C":"5","Q2":"5","F8":"5","X6":"5","WV":"5","W3":"5","V5":"5","XC":"5","2H":"5","2P":"5","62":"5","H9":"5","7Q":"5","VC":"5","CM":"5","JF":"5","WQ":"5","W2":"5","MX":"5","FJ":"5","69":"5","M5":"5","4V":"5","34":"5","R8":"5","X9":"5","Q6":"5","W6":"5","PJ":"5","3J":"5","PP":"5","HX":"5","96":"5","MJ":"5","Q9":"5","9J":"5","QQ":"5","P9":"5","J2":"5","7J":"5","HC":"5","63":"5","J8":"5","XJ":"5","7X":"5","C3":"5","CR":"5","P8":"5","GR":"5","P3":"5","MM":"5","2V":"5","93":"5","82":"5","GQ":"5","MR":"5","CJ":"5","9V":"5","CG":"5","MH":"5","VH":"5","6Q":"5","WG":"5","Q5":"5","M9":"5","4R":"5","R3":"5","8W":"5","5C":"5","89":"5","MF":"5","79":"5","QV":"5","XV":"5","Q4":"5","4M":"5","6M":"5","QW":"5","M7":"5","8R":"5","GM":"5","JX":"5","JG":"5","G2":"5","48":"5","98":"5","PQ":"5","8F":"5","F3":"5","8V":"5","C2":"5","92":"5","8Q":"5","XM":"5","4X":"5","36":"5","F6":"5","HW":"5","3F":"5","8J":"5","J4":"5","4F":"5","CH":"5","QJ":"5","RV":"5","VF":"5","G5":"5","HP":"5","6H":"5","WJ":"5","74":"5","HV":"5","CX":"5","HQ":"5","9C":"5","5V":"5","MQ":"5","CW":"5","QP":"5","H6":"5","H4":"5","JV":"5","G6":"5","6C":"5","F4":"5","J7":"5","7G":"5","VX":"5","RC":"5","MV":"5","JQ":"5","MG":"5","FW":"5","76":"5","25":"5","6W":"5","84":"5","XQ":"5","7V":"5","FG":"5","RM":"5","V9":"5","V8":"5","4J":"5","6J":"5","26":"5","HF":"5","PG":"5","6G":"5","PC":"5","9G":"5","WP":"5","GP":"5","4P":"5","V3":"5","FX":"5","2J":"5","49":"5","M8":"5","2F":"5","J6":"5","XF":"5","GJ":"5","QG":"5","P4":"5","RH":"5","67":"5","P6":"5","W5":"5","37":"5","3W":"5","W4":"5","35":"5","68":"5","MW":"5","W8":"5","JM":"5","C5":"5","G9":"5","C7":"5","M3":"5","4G":"5","XX":"5","55":"5","JR":"5","XR":"5","V7":"5","7W":"5","PR":"5","CV":"5","PW":"5","W7":"5","H3":"5","V4":"5","2Q":"5","H8":"5","3V":"5","JW":"5","G4":"5","VM":"5","RP":"5","7H":"5","C4":"5","45":"5","M4":"5","5M":"5","2M":"5","PX":"5","GW":"5"},"CM":{"8W":"5","5V":"5","RW":"5","4V":"5","PQ":"5","VX":"5","GR":"5","7W":"5","CV":"5","CP":"5","RR":"5","HQ":"5","6X":"5","FV":"5","GQ":"5","WV":"5","JX":"5","VR":"5","CQ":"5","6V":"5","9Q":"5","MQ":"5","FW":"5","4W":"5","RX":"5","7V":"5","3X":"5","XV":"5","MW":"5","PW":"5","JQ":"5","2X":"5","MX":"5","5R":"5","GX":"5","HW":"5","8P":"5","6W":"5","7P":"5","JV":"5","VW":"5","RV":"5","MR":"5","HX":"5","CR":"5","7R":"5","FX":"5","5X":"5","9P":"5","CX":"5","8V":"5","GP":"5","9W":"5","9X":"5","3V":"5","4R":"5","WR":"5","QX":"5","6Q":"5","GV":"5","9R":"5","9V":"5","HR":"5","2W":"5","PR":"5","QW":"5","QR":"5","JW":"5","FR":"5","7X":"5","8R":"5","8X":"5","3W":"5","MP":"5","XX":"5","WX":"5","VV":"5","FQ":"5","7Q":"5","HP":"5","5W":"5","8Q":"5","JP":"5","XW":"5","HV":"5","PX":"5","JR":"5","FP":"5","MV":"5","4X":"5","QQ":"5","GW":"5","WW":"5","6R":"5","CW":"5","PV":"5","RQ":"5","QV":"5"},"9P":{"8W":"5","VP":"5","RW":"5","MH":"5","FM":"5","W6":"5","PQ":"5","V2":"5","VX":"5","GR":"5","V8":"5","RH":"5","W5":"5","GG":"5","CV":"5","XM":"5","CP":"5","WH":"5","M7":"5","M8":"5","Q9":"5","HM":"5","WG":"5","RR":"5","HQ":"5","X3":"5","RG":"5","PP":"5","FV":"5","GQ":"5","WV":"5","QJ":"5","JX":"5","VR":"5","CQ":"5","QM":"5","9Q":"5","JH":"5","MQ":"5","VC":"5","FW":"5","R9":"5","V3":"5","HH":"5","R3":"5","MF":"5","RX":"5","V7":"5","X2":"5","QH":"5","RC":"5","MG":"5","XH":"5","P7":"5","XV":"5","MM":"5","QF":"5","MW":"5","PW":"5","JQ":"5","MX":"5","GX":"5","HW":"5","JJ":"5","V5":"5","JC":"5","X4":"5","PC":"5","X9":"5","Q6":"5","WJ":"5","JG":"5","JV":"5","VW":"5","RV":"5","MR":"5","HX":"5","WF":"5","X7":"5","X5":"5","W4":"5","W2":"5","CR":"5","Q7":"5","FX":"5","CX":"5","8V":"5","GP":"5","RM":"5","9W":"5","VH":"5","XG":"5","9X":"5","XJ":"5","QG":"5","VJ":"5","VQ":"5","R5":"5","HJ":"5","WR":"5","QX":"5","V9":"5","JM":"5","WC":"5","RF":"5","PG":"5","GV":"5","9R":"5","X8":"5","P9":"5","W9":"5","J9":"5","XF":"5","9V":"5","GH":"5","RJ":"5","HR":"5","FJ":"5","VM":"5","XP":"5","Q5":"5","PR":"5","FH":"5","QW":"5","XQ":"5","W3":"5","QR":"5","JW":"5","MJ":"5","FR":"5","R4":"5","R8":"5","PM":"5","Q8":"5","M9":"5","GJ":"5","XC":"5","8X":"5","P8":"5","HG":"5","MP":"5","WP":"5","XX":"5","PH":"5","VG":"5","WX":"5","VV":"5","FQ":"5","J8":"5","QC":"5","HP":"5","R7":"5","CM":"5","GF":"5","JP":"5","W7":"5","V6":"5","XW":"5","HV":"5","PX":"5","JR":"5","FP":"5","MC":"5","WM":"5","PF":"5","MV":"5","GM":"5","W8":"5","QQ":"5","GW":"5","P6":"5","WW":"5","HC":"5","RP":"5","CW":"5","WQ":"5","PV":"5","RQ":"5","HF":"5","XR":"5","VF":"5","JF":"5","QP":"5","PJ":"5","R6":"5","X6":"5","QV":"5","V4":"5"},"CR":{"83":"5","W6":"5","32":"5","95":"5","J4":"5","F3":"5","V2":"5","26":"5","C8":"5","H6":"5","72":"5","G7":"5","W5":"5","G2":"5","F6":"5","M7":"5","H4":"5","X3":"5","73":"5","86":"5","P3":"5","78":"5","C5":"5","J3":"5","V3":"5","G3":"5","Q3":"5","54":"5","43":"5","R3":"5","22":"5","75":"5","C3":"5","53":"5","V7":"5","H3":"5","62":"5","57":"5","X2":"5","M5":"5","P4":"5","36":"5","P7":"5","96":"5","55":"5","F7":"5","F4":"5","F2":"5","68":"5","52":"5","C4":"5","24":"5","V5":"5","74":"5","X4":"5","76":"5","Q6":"5","P5":"5","X5":"5","W4":"5","W2":"5","M3":"5","Q7":"5","45":"5","H2":"5","R5":"5","98":"5","93":"5","G5":"5","84":"5","65":"5","33":"5","R2":"5","44":"5","J6":"5","63":"5","67":"5","64":"5","34":"5","92":"5","G6":"5","P2":"5","F8":"5","H5":"5","Q2":"5","Q5":"5","W3":"5","23":"5","46":"5","R4":"5","C2":"5","97":"5","35":"5","Q4":"5","H7":"5","56":"5","F5":"5","J7":"5","82":"5","J2":"5","87":"5","37":"5","C7":"5","M2":"5","R7":"5","25":"5","J5":"5","85":"5","V6":"5","M6":"5","47":"5","27":"5","M4":"5","P6":"5","66":"5","77":"5","94":"5","R6":"5","G4":"5","X6":"5","42":"5","88":"5","C6":"5","V4":"5"},"6C":{"7M":"5"},"9Q":{"FF":"5","FM":"5","F2":"5","V6":"5","WH":"5","CC":"5","G3":"5","MC":"5","HG":"5","PH":"5","9X":"5","J3":"5","VR":"5","QX":"5","R6":"5","R7":"5","8P":"5","HH":"5","R5":"5","FH":"5","RR":"5","X8":"5","C9":"5","9M":"5","WM":"5","C6":"5","8H":"5","9W":"5","77":"5","VP":"5","CP":"5","H5":"5","P5":"5","GG":"5","QM":"5","V2":"5","FV":"5","CF":"5","R9":"5","XH":"5","Q3":"5","G7":"5","83":"5","87":"5","R2":"5","X7":"5","FR":"5","X5":"5","FC":"5","XW":"5","75":"5","JJ":"5","X4":"5","X3":"5","M6":"5","F7":"5","VV":"5","PV":"5","CQ":"5","7F":"5","VW":"5","GC":"5","C8":"5","W9":"5","FP":"5","G8":"5","P2":"5","GV":"5","HM":"5","9H":"5","F5":"5","FQ":"5","GF":"5","WF":"5","7C":"5","VQ":"5","H2":"5","WC":"5","JC":"5","WR":"5","VG":"5","RW":"5","RJ":"5","99":"5","8M":"5","J9":"5","9P":"5","QF":"5","HJ":"5","Q8":"5","WX":"5","RG":"5","XP":"5","73":"5","QC":"5","94":"5","RQ":"5","QR":"5","PF":"5","9F":"5","QH":"5","F9":"5","8G":"5","M2":"5","88":"5","RX":"5","RF":"5","85":"5","P7":"5","PM":"5","WW":"5","86":"5","MP":"5","JH":"5","Q7":"5","J5":"5","XG":"5","97":"5","9R":"5","8C":"5","9Q":"5","GH":"5","95":"5","78":"5","JP":"5","GX":"5","HR":"5","R4":"5","X2":"5","VJ":"5","H7":"5","Q2":"5","F8":"5","X6":"5","WV":"5","W3":"5","V5":"5","XC":"5","H9":"5","VC":"5","CM":"5","JF":"5","WQ":"5","W2":"5","MX":"5","FJ":"5","M5":"5","R8":"5","X9":"5","Q6":"5","W6":"5","PJ":"5","PP":"5","HX":"5","96":"5","MJ":"5","Q9":"5","9J":"5","QQ":"5","P9":"5","J2":"5","HC":"5","J8":"5","XJ":"5","C3":"5","CR":"5","P8":"5","GR":"5","MM":"5","P3":"5","82":"5","93":"5","GQ":"5","MR":"5","CJ":"5","9V":"5","CG":"5","MH":"5","VH":"5","WG":"5","Q5":"5","M9":"5","R3":"5","89":"5","MF":"5","79":"5","QV":"5","XV":"5","Q4":"5","QW":"5","8R":"5","M7":"5","GM":"5","JX":"5","JG":"5","G2":"5","98":"5","PQ":"5","8F":"5","F3":"5","8V":"5","C2":"5","92":"5","8Q":"5","XM":"5","F6":"5","HW":"5","8J":"5","J4":"5","CH":"5","QJ":"5","RV":"5","VF":"5","G5":"5","HP":"5","WJ":"5","74":"5","HV":"5","CX":"5","9C":"5","HQ":"5","CW":"5","MQ":"5","QP":"5","H6":"5","H4":"5","JV":"5","G6":"5","F4":"5","J7":"5","7G":"5","VX":"5","RC":"5","MV":"5","JQ":"5","MG":"5","FW":"5","76":"5","84":"5","XQ":"5","FG":"5","V9":"5","V8":"5","RM":"5","HF":"5","PG":"5","PC":"5","9G":"5","WP":"5","GP":"5","V3":"5","FX":"5","M8":"5","J6":"5","XF":"5","GJ":"5","QG":"5","P4":"5","RH":"5","P6":"5","W5":"5","W4":"5","MW":"5","W8":"5","JM":"5","C5":"5","G9":"5","C7":"5","M3":"5","XX":"5","JR":"5","V7":"5","XR":"5","PR":"5","CV":"5","PW":"5","W7":"5","H3":"5","V4":"5","H8":"5","JW":"5","G4":"5","VM":"5","RP":"5","7H":"5","C4":"5","M4":"5","PX":"5","GW":"5"}},"WR":{"Q2":{"M8":"5"},"7J":{"2M":"5"},"8H":{"R3":"5"},"V7":{"49":"5","4C":"5"},"9J":{"H3":"5"},"CH":{"CG":"5","65":"5"},"W6":{"QJ":"5"},"5V":{"57":"5"},"6Q":{"98":"5"},"6J":{"XM":"5"},"X6":{"68":"5"},"9H":{"Q6":"5","M4":"5"},"4X":{"26":"5"},"FF":{"RF":"5","RC":"5"}},"84":{"HJ":{"25":"5"},"HF":{"7R":"5","C4":"5"},"HC":{"6M":"5"},"XF":{"F2":"5"},"HH":{"7H":"5"},"GF":{"9P":"5"}},"QX":{"Q6":{"MP":"5"},"JC":{"99":"5","H3":"5"},"Q4":{"MR":"5"},"VC":{"X7":"5","X8":"5"},"3P":{"Q8":"5","Q7":"5"},"J9":{"7R":"5"},"V9":{"JQ":"5","JR":"5","HV":"5","MQ":"5","JW":"5","JV":"5","HW":"5"},"MX":{"H7":"5","G8":"5","G7":"5","H8":"5"},"P8":{"C8":"5","96":"5","F9":"5","FH":"5","FF":"5","RC":"5","99":"5","97":"5","VC":"5","CF":"5","89":"5","CJ":"5","VF":"5","98":"5","FG":"5","GF":"5","C9":"5","HF":"5","HC":"5","FC":"5","CH":"5","GC":"5","CG":"5","F8":"5"},"MC":{"7M":"5"},"P7":{"J8":"5","V8":"5","QC":"5","Q7":"5"},"J8":{"JJ":"5","PH":"5"}},"FG":{"JC":{"25":"5","56":"5","2V":"5","3V":"5","67":"5","3W":"5","26":"5","8R":"5","9X":"5","7V":"5","5V":"5","57":"5","9W":"5","8W":"5","8V":"5","3X":"5","6V":"5","36":"5","4V":"5","4X":"5","46":"5","35":"5"},"FC":{"MG":"5"},"WC":{"VH":"5"},"HC":{"X6":"5","X5":"5"},"JF":{"82":"5","52":"5","42":"5","62":"5","72":"5","92":"5"},"6C":{"JC":"5","GC":"5","9M":"5","7M":"5","CG":"5","CJ":"5","CM":"5","CH":"5","8M":"5","FC":"5","CF":"5","FF":"5","HC":"5"},"XH":{"55":"5"}},"CJ":{"V9":{"XQ":"5","V8":"5","WF":"5","XP":"5","R9":"5","Q6":"5","Q3":"5","XH":"5","R6":"5","Q4":"5","Q5":"5","VC":"5","R8":"5","R5":"5","WC":"5","WH":"5","V3":"5","R3":"5","WP":"5","R7":"5","W2":"5","R4":"5","V7":"5","XF":"5","W3":"5","V4":"5","V9":"5","WG":"5","X2":"5","WJ":"5","WM":"5","XG":"5","XJ":"5","R2":"5","V2":"5","XM":"5","W9":"5"},"XC":{"25":"5","66":"5","PG":"5","VG":"5","63":"5","VJ":"5","X2":"5","36":"5","23":"5","W2":"5","GF":"5","CF":"5","WH":"5","54":"5","46":"5","JF":"5","JH":"5","79":"5","RJ":"5","68":"5","RG":"5","C9":"5","X3":"5","26":"5","32":"5","HF":"5","GG":"5","PH":"5","88":"5","35":"5","9C":"5","44":"5","47":"5","45":"5","CC":"5","QH":"5","57":"5","53":"5","33":"5","FF":"5","34":"5","98":"5","77":"5","XJ":"5","65":"5","XH":"5","WJ":"5","VH":"5","FC":"5","MF":"5","78":"5","99":"5","FG":"5","64":"5","55":"5","43":"5","JG":"5","62":"5","HG":"5","MH":"5","MG":"5","67":"5","56":"5","89":"5","22":"5","XM":"5","RH":"5","42":"5","87":"5","QG":"5","52":"5"},"3H":{"67":"5"},"W9":{"89":"5","8W":"5","5V":"5","83":"5","RW":"5","FM":"5","W6":"5","95":"5","J4":"5","F3":"5","PQ":"5","7J":"5","72":"5","CV":"5","CP":"5","H4":"5","HM":"5","RR":"5","3M":"5","HQ":"5","73":"5","86":"5","2M":"5","FV":"5","7G":"5","GQ":"5","JX":"5","6V":"5","CQ":"5","9Q":"5","MQ":"5","FW":"5","5Q":"5","3P":"5","G3":"5","4P":"5","75":"5","C3":"5","7V":"5","V7":"5","H3":"5","62":"5","M5":"5","P4":"5","96":"5","PW":"5","JQ":"5","F4":"5","MX":"5","4Q":"5","5R":"5","52":"5","GX":"5","HW":"5","V5":"5","74":"5","8P":"5","76":"5","P5":"5","VW":"5","8H":"5","RV":"5","MR":"5","HX":"5","3Q":"5","X7":"5","9M":"5","CR":"5","7R":"5","FX":"5","9H":"5","GP":"5","CX":"5","8V":"5","8M":"5","9W":"5","4R":"5","R5":"5","98":"5","93":"5","84":"5","79":"5","CJ":"5","6Q":"5","CG":"5","8C":"5","GV":"5","9R":"5","X8":"5","8G":"5","63":"5","7C":"5","9V":"5","64":"5","9C":"5","FJ":"5","2Q":"5","3R":"5","8F":"5","Q5":"5","PR":"5","QW":"5","QR":"5","99":"5","FR":"5","R4":"5","97":"5","Q4":"5","8R":"5","2P":"5","8J":"5","9J":"5","82":"5","MP":"5","XX":"5","87":"5","WX":"5","VV":"5","9F":"5","HP":"5","8Q":"5","CM":"5","9G":"5","JP":"5","85":"5","W7":"5","V6":"5","XW":"5","JR":"5","FP":"5","M4":"5","MV":"5","7H":"5","GM":"5","W8":"5","GW":"5","WW":"5","6R":"5","CW":"5","PV":"5","77":"5","CH":"5","7F":"5","G4":"5","42":"5","88":"5","QV":"5","V4":"5"},"92":{"RM":"5"},"V8":{"XX":"5","XW":"5","WW":"5","XV":"5","WQ":"5","XR":"5","WR":"5","WX":"5","WV":"5","XQ":"5"},"WC":{"W5":"5","M3":"5","P3":"5","V5":"5","Q3":"5","H2":"5","W4":"5","M2":"5","Q4":"5","R5":"5","V3":"5","R3":"5","X5":"5","J3":"5","R4":"5","P2":"5","V4":"5","X2":"5","X6":"5","J2":"5"},"X9":{"9F":"5","PV":"5","GM":"5","28":"5","59":"5","QV":"5","FH":"5","3X":"5","HJ":"5","8F":"5","RX":"5","GP":"5","6F":"5","49":"5","HM":"5","39":"5","PR":"5","JR":"5","MR":"5","WW":"5","38":"5","8G":"5","4X":"5","7C":"5","29":"5","HR":"5","GQ":"5","MV":"5","XX":"5","JQ":"5","9G":"5","HH":"5","FG":"5","4C":"5","HQ":"5","VW":"5","2X":"5","7F":"5","2W":"5","CH":"5","QW":"5","VX":"5","5C":"5","WX":"5","RW":"5","CG":"5","6C":"5","GH":"5","HP":"5"},"W8":{"2Q":"5","4X":"5","2V":"5","2X":"5","3X":"5","5W":"5","3R":"5","4V":"5","6X":"5","3V":"5","2R":"5","5X":"5","4W":"5","3W":"5"},"C2":{"5W":"5"}},"5M":{"3X":{"M6":"5"}},"CG":{"6P":{"MV":"5","FR":"5","MW":"5","FV":"5","FW":"5"},"5Q":{"8M":"5","8P":"5"}},"44":{"XX":{"GQ":"5","H2":"5","GM":"5","G5":"5","G8":"5","G9":"5","GH":"5","GC":"5","GF":"5","G4":"5","GP":"5","GW":"5","G7":"5","G6":"5","G3":"5","GG":"5","GX":"5","GR":"5","G2":"5","GJ":"5","GV":"5"},"XW":{"GQ":"5","9C":"5","GM":"5","87":"5","HR":"5","83":"5","9F":"5","84":"5","GP":"5","CG":"5","86":"5","HV":"5","FM":"5","CH":"5","89":"5","88":"5","FH":"5","85":"5","HW":"5","82":"5","GR":"5","CF":"5","FJ":"5","99":"5","HX":"5"},"XV":{"9F":"5","H8":"5","W7":"5","V6":"5","M6":"5","8G":"5","Q6":"5","CF":"5","G9":"5","8Q":"5","R6":"5","V7":"5","9G":"5","8V":"5","8X":"5","8R":"5","8M":"5","J8":"5","8P":"5","8H":"5","J7":"5","CC":"5","8J":"5","FC":"5","M7":"5","GC":"5","P6":"5","X7":"5","H9":"5","X6":"5","8W":"5"}},"WC":{"9V":{"37":"5","9J":"5"}},"PG":{"HM":{"FG":"5"},"HP":{"H9":"5","J8":"5","J9":"5","H8":"5"}},"GV":{"68":{"G8":"4"}},"67":{"M3":{"Q2":"5"},"52":{"5Q":"5"},"GQ":{"PQ":"5"},"J3":{"49":"5"},"M2":{"PX":"5"},"H3":{"6H":"5"},"48":{"F2":"5"},"3R":{"9R":"5"},"GP":{"G9":"5"},"77":{"M7":"5"},"H2":{"HX":"5","HQ":"5"},"G2":{"HF":"5"},"66":{"C3":"5"}},"9V":{"8G":{"93":"5"}},"RJ":{"2Q":{"W3":"5","Q2":"5","W2":"5"},"JQ":{"57":"5"},"5M":{"MH":"5"},"4M":{"V9":"5","R9":"5","RC":"5","VC":"5"}},"FJ":{"2G":{"V2":"5","W2":"5","X2":"5"},"4H":{"Q2":"5","P3":"5","M3":"5","Q3":"5","H2":"5","W4":"5","M2":"5","V3":"5","R3":"5","X5":"5","X3":"5","W3":"5","P2":"5","V4":"5","G2":"5","J2":"5","X4":"5","R2":"5","V2":"5"},"5H":{"56":"5","23":"5","52":"5","63":"5","59":"5","48":"5","54":"5","34":"5","49":"5","53":"5","65":"5","38":"5","26":"5","55":"5","57":"5","36":"5","66":"5","37":"5","35":"5","24":"5","45":"5","25":"5","58":"5","64":"5","62":"5","67":"5","68":"5","46":"5","47":"5"},"2F":{"RW":"5","MH":"5","J4":"5","PQ":"5","V2":"5","VX":"5","H6":"5","RH":"5","G2":"5","GG":"5","XM":"5","H4":"5","HM":"5","X3":"5","PP":"5","J3":"5","QJ":"5","H8":"5","QM":"5","JH":"5","MQ":"5","HH":"5","G3":"5","H9":"5","MF":"5","RX":"5","H3":"5","MG":"5","MM":"5","JQ":"5","F2":"5","JJ":"5","JC":"5","X4":"5","WJ":"5","JG":"5","VW":"5","RV":"5","MR":"5","X5":"5","W4":"5","W2":"5","VH":"5","VJ":"5","H2":"5","HJ":"5","JM":"5","R2":"5","J6":"5","J9":"5","GH":"5","RJ":"5","VM":"5","H5":"5","PR":"5","QW":"5","W3":"5","QR":"5","MJ":"5","PM":"5","H7":"5","M9":"5","GJ":"5","HG":"5","J7":"5","MP":"5","J2":"5","XX":"5","PH":"5","WX":"5","J8":"5","HP":"5","J5":"5","JP":"5","MC":"5","WM":"5","GM":"5","HC":"5","PV":"5","HF":"5","JF":"5","PJ":"5","X6":"5","QV":"5"},"4F":{"9X":"5","7W":"5","3X":"5","RX":"5","FW":"5","4X":"5","CX":"5","QX":"5","JX":"5","5X":"5","7X":"5","6X":"5","6W":"5","GX":"5","HW":"5","8X":"5","2X":"5","9W":"5","HX":"5","VX":"5","FX":"5","GW":"5","8W":"5"},"4G":{"8W":"5","89":"5","5V":"5","4V":"5","FM":"5","32":"5","V2":"5","26":"5","GR":"5","7W":"5","3M":"5","X3":"5","P3":"5","78":"5","3H":"5","FV":"5","7G":"5","2C":"5","GQ":"5","JX":"5","6V":"5","FW":"5","3P":"5","43":"5","4P":"5","22":"5","7V":"5","4G":"5","57":"5","X2":"5","55":"5","4M":"5","3J":"5","MX":"5","68":"5","4Q":"5","5R":"5","52":"5","GX":"5","4F":"5","6W":"5","8H":"5","HX":"5","3Q":"5","W2":"5","M3":"5","FX":"5","2F":"5","9H":"5","GP":"5","8V":"5","CX":"5","9W":"5","45":"5","4R":"5","H2":"5","79":"5","3C":"5","CJ":"5","33":"5","CG":"5","R2":"5","8C":"5","44":"5","GV":"5","8G":"5","7C":"5","67":"5","34":"5","9C":"5","FJ":"5","P2":"5","Q2":"5","3R":"5","8F":"5","FH":"5","3G":"5","23":"5","46":"5","FR":"5","35":"5","GJ":"5","56":"5","J2":"5","FQ":"5","9F":"5","M2":"5","25":"5","CM":"5","9G":"5","PX":"5","3F":"5","FP":"5","4J":"5","7H":"5","GM":"5","GW":"5","CW":"5","66":"5","77":"5","CH":"5","7F":"5","42":"5","4H":"5"},"2C":{"32":"5","GR":"5","G7":"5","CV":"5","7M":"5","HM":"5","3M":"5","HQ":"5","2J":"5","86":"5","GC":"5","2M":"5","FV":"5","GQ":"5","JX":"5","CQ":"5","9Q":"5","JH":"5","FW":"5","3P":"5","HH":"5","6P":"5","54":"5","43":"5","H9":"5","4P":"5","RX":"5","22":"5","75":"5","53":"5","G9":"5","96":"5","MW":"5","PW":"5","JQ":"5","4M":"5","F7":"5","3J":"5","GX":"5","HW":"5","JJ":"5","8P":"5","7P":"5","76":"5","JV":"5","HX":"5","CR":"5","7R":"5","FX":"5","9P":"5","CX":"5","8M":"5","5P":"5","HJ":"5","QX":"5","65":"5","33":"5","6Q":"5","5M":"5","JM":"5","44":"5","9R":"5","9V":"5","64":"5","HR":"5","F8":"5","QW":"5","23":"5","6M":"5","FR":"5","97":"5","8R":"5","2P":"5","HG":"5","MP":"5","87":"5","FQ":"5","7Q":"5","C7":"5","8Q":"5","85":"5","JP":"5","HV":"5","PX":"5","JR":"5","MV":"5","G8":"5","GW":"5","HC":"5","CW":"5","PV":"5","HF":"5","QV":"5"},"5G":{"6V":"5","66":"5","86":"5","8F":"5","5X":"5","23":"5","54":"5","7F":"5","79":"5","74":"5","76":"5","6Q":"5","24":"5","88":"5","44":"5","7C":"5","7P":"5","5V":"5","7J":"5","33":"5","7H":"5","7Q":"5","6J":"5","34":"5","6P":"5","7M":"5","75":"5","77":"5","65":"5","6M":"5","78":"5","64":"5","55":"5","8C":"5","89":"5","7G":"5","22":"5","6X":"5","8G":"5","87":"5","6R":"5","6G":"5","6W":"5","6H":"5","5W":"5"},"3F":{"3P":"5","GR":"5","25":"5","RV":"5","66":"5","FH":"5","MQ":"5","8V":"5","WW":"5","4M":"5","36":"5","8R":"5","CF":"5","GH":"5","9R":"5","9W":"5","3M":"5","46":"5","2M":"5","CV":"5","FR":"5","HV":"5","68":"5","XX":"5","76":"5","6Q":"5","C9":"5","JV":"5","VR":"5","26":"5","CR":"5","HM":"5","WX":"5","GG":"5","VW":"5","MR":"5","HR":"5","88":"5","35":"5","PV":"5","FV":"5","9C":"5","CW":"5","47":"5","8Q":"5","GM":"5","7P":"5","JJ":"5","5P":"5","VX":"5","2P":"5","CC":"5","PQ":"5","57":"5","9V":"5","FF":"5","RW":"5","HH":"5","MM":"5","PP":"5","7Q":"5","4P":"5","6P":"5","98":"5","JP":"5","77":"5","5M":"5","GJ":"5","QQ":"5","FC":"5","QV":"5","VV":"5","78":"5","99":"5","FG":"5","PR":"5","HJ":"5","RR":"5","MP":"5","MV":"5","67":"5","56":"5","89":"5","JR":"5","GV":"5","JM":"5","QR":"5","87":"5"},"3G":{"W8":"5","Q4":"5","J3":"5","P6":"5","93":"5","R8":"5","V6":"5","X9":"5","63":"5","P5":"5","X2":"5","83":"5","W2":"5","M4":"5","XC":"5","R5":"5","F3":"5","X5":"5","73":"5","W5":"5","R7":"5","32":"5","X6":"5","V7":"5","C3":"5","G4":"5","M5":"5","R6":"5","C4":"5","H3":"5","Q5":"5","V8":"5","V5":"5","53":"5","J4":"5","H4":"5","X8":"5","G3":"5","Q7":"5","XF":"5","82":"5","W7":"5","R4":"5","Q6":"5","W9":"5","F4":"5","62":"5","X7":"5","W6":"5","V9":"5","J5":"5","22":"5","P4":"5","42":"5","72":"5","52":"5"}},"2W":{"35":{"9R":"5"},"W2":{"PP":"5","QP":"5"}},"92":{"PW":{"F3":"5"}},"VM":{"69":{"QJ":"5"},"RW":{"7C":"4"},"5R":{"HJ":"4"},"78":{"22":"5"},"9M":{"9M":"5","9J":"5"},"5W":{"V5":"4"},"MQ":{"2C":"4"},"47":{"XR":"5","WR":"5"},"QV":{"FP":"4","W4":"4"},"8W":{"M9":"4"},"6R":{"CQ":"5","88":"5","GJ":"5","HP":"5","CP":"5","2R":"5","HQ":"5","JR":"5"},"HW":{"HG":"4","JJ":"4","JH":"4","GF":"4"},"36":{"QH":"5"},"3R":{"XF":"5"},"68":{"7W":"5","7V":"5"},"MR":{"P2":"4","H3":"4"}},"XP":{"QW":{"8X":"5","RJ":"5","CW":"5","MX":"5","CX":"5"},"FV":{"RW":"5","76":"5","75":"5","VW":"5"},"XX":{"MH":"5","FH":"5","MG":"5","4C":"5"},"23":{"28":"5"},"26":{"9M":"5","CM":"5"},"JX":{"QW":"5","MW":"5"},"GW":{"39":"4"},"HV":{"GR":"5","QQ":"5"},"WQ":{"4R":"5"},"JW":{"WR":"5"},"VR":{"7J":"5"},"QV":{"3X":"5"},"GX":{"CQ":"4","X3":"5","MX":"5","JX":"5","V3":"4","HX":"5"},"HW":{"MW":"5","HX":"5"},"29":{"2F":"5","3J":"5","3F":"5"},"4C":{"CH":"5"},"HX":{"GJ":"5","GG":"5"},"MV":{"QC":"5"}},"8F":{"Q5":{"6Q":"5"}},"QW":{"33":{"QC":"5"},"3V":{"XM":"5"},"2W":{"2M":"5"},"GP":{"RW":"5","RV":"5"},"9R":{"H7":"5"},"6R":{"HF":"5"},"GR":{"M2":"5"},"4V":{"2M":"5"},"3R":{"M8":"5"},"QM":{"9W":"5"}},"XQ":{"X8":{"2V":"5","2Q":"5","3V":"5","2W":"5","3W":"5","2X":"5","2R":"5","3X":"5","3R":"5"},"R9":{"JJ":"5"},"M2":{"V5":"5"},"X7":{"7F":"5"},"8X":{"8X":"5"},"H4":{"2M":"5"},"V3":{"JJ":"5"},"MW":{"F7":"5","F6":"5"},"HF":{"43":"5"},"GC":{"CF":"5","X2":"5"},"GF":{"9V":"5"},"G4":{"XM":"5","VM":"5"},"W8":{"XW":"5","XV":"5","XR":"5","XQ":"5"},"P2":{"88":"5","C3":"5"},"M8":{"8V":"5"},"JW":{"GM":"5"},"M6":{"2M":"5","4J":"5"},"QV":{"8J":"5"},"PF":{"GF":"5"},"G2":{"J2":"5","H2":"5","J4":"5","C2":"5"},"XG":{"PR":"5"},"HC":{"H7":"5","22":"5","F9":"5","C6":"5","H8":"5"},"R2":{"J8":"5","JH":"5","J7":"5"},"MF":{"6M":"5"}},"QR":{"WP":{"8X":"5"},"WQ":{"82":"5"}},"46":{"JC":{"C6":"5"},"R8":{"22":"5"},"QF":{"F3":"5","QC":"5"},"RC":{"W3":"5"},"Q8":{"9W":"5"},"V9":{"24":"5","44":"5","2C":"5","6R":"5"},"QC":{"QX":"5"},"P8":{"6J":"5"}},"99":{"M6":{"9H":"5"},"H6":{"8Q":"5"}},"6M":{"C5":{"79":"5"},"JC":{"F7":"5"}},"MJ":{"JV":{"9C":"5"},"9W":{"MX":"5"},"7W":{"M2":"5"},"7V":{"MX":"5"},"9X":{"M2":"5"}},"7X":{"H3":{"VR":"5"},"JC":{"7C":"5"},"PX":{"C2":"4"},"HF":{"VH":"5"},"PC":{"9C":"5"},"H7":{"M3":"5","J3":"5","M4":"5"},"7M":{"76":"5","65":"5"},"6M":{"69":"5"},"J8":{"23":"5"},"PW":{"CX":"4"},"JF":{"C8":"5","6F":"5","37":"5","2F":"4","5G":"5","5F":"5","58":"5"}},"PM":{"RW":{"54":"5","64":"5","63":"5","53":"5"},"RX":{"CQ":"5"},"WM":{"9J":"5"}},"35":{"QF":{"XR":"5"},"RF":{"2R":"5"}},"H7":{"H5":{"73":"5"},"V4":{"QJ":"5"},"X5":{"R5":"5","R6":"5"}},"2P":{"3G":{"5M":"5"}},"56":{"4P":{"X6":"5","X7":"5"},"H2":{"84":"5"},"5P":{"27":"5","26":"5"},"RH":{"R3":"5"},"8F":{"XM":"5","Q8":"5"},"2G":{"3F":"5"},"H4":{"CF":"5","9J":"5","J7":"5"},"23":{"7W":"5","6W":"5","6X":"5","7X":"5"},"78":{"4F":"5","5F":"5","4J":"5"},"8G":{"WW":"5"},"RJ":{"CM":"5"},"5C":{"VV":"5","RP":"5"},"79":{"4R":"5"},"7H":{"4C":"5"}},"3W":{"PC":{"JW":"5"}},"HG":{"3M":{"XV":"5"}},"J7":{"MV":{"WC":"5"}},"MP":{"CQ":{"8X":"5","7X":"5"},"CR":{"82":"5","72":"5"}},"WP":{"W8":{"49":"5","FW":"5","PM":"5","RQ":"5","PQ":"5","39":"5","PR":"5","XV":"5","PJ":"5","26":"5","XW":"5","GW":"5","7V":"5","3X":"5","29":"5","WV":"5","4C":"5","7R":"5","QR":"5","27":"5"},"R9":{"53":"5","JM":"5","PM":"5","JR":"5"},"P6":{"8Q":"5"},"MC":{"W5":"5","QX":"5","RX":"5","W4":"5","JP":"5","5H":"5","RC":"5","WW":"5","C6":"5","G6":"5","F6":"5","6G":"5","7G":"5"},"R8":{"X6":"5","X5":"5","R5":"5"},"V6":{"XH":"5","RH":"5","VH":"5","QJ":"5","WH":"5","VJ":"5","8R":"5","WG":"5","58":"5","48":"5","RF":"5"},"RC":{"56":"5","JH":"5","PG":"5","3W":"5"},"M8":{"P2":"5","P3":"5","WF":"5","WC":"5","QX":"5"},"P7":{"88":"5","89":"5","66":"5","3W":"5"},"GF":{"5R":"5"},"RF":{"R2":"5","V2":"5","W3":"5","PQ":"5","Q7":"5"},"XC":{"7G":"5","7V":"5","GM":"5"},"WF":{"CV":"5","4V":"5","FW":"5"},"Q8":{"J5":"5","C8":"5","64":"5","V2":"5","86":"5","X4":"5","J4":"5"},"RG":{"2J":"5","GP":"5","F9":"5"},"Q9":{"49":"5","29":"5"},"VR":{"GJ":"5"},"R7":{"PJ":"5","XR":"5","WC":"5","VF":"5","JF":"5","QJ":"5"},"VC":{"W3":"5","2P":"5"},"V7":{"FW":"5","56":"5","M4":"5","C9":"5","XX":"5","J7":"5","9F":"5","J3":"5","J4":"5","89":"5","JV":"5","GR":"5","R2":"5","FJ":"5","8C":"5","QM":"5"},"GG":{"48":"5","56":"5","28":"5"},"P8":{"72":"5","27":"5","H4":"5"},"QF":{"F6":"5"},"P9":{"H7":"5","GJ":"5","R4":"5","W3":"5","GM":"5","3F":"5","25":"5","R3":"5"},"M9":{"Q2":"5"},"WG":{"H5":"5","H4":"5"},"WC":{"82":"5","VV":"5"},"Q5":{"HC":"5"},"V8":{"86":"5","H5":"5","8W":"5","PF":"5","FJ":"5"},"2F":{"6F":"4","8V":"4"},"PC":{"46":"5","4H":"5","83":"5","47":"5","8H":"5","3H":"5","RC":"5","GP":"5","57":"5","VF":"5","Q9":"5","59":"5","3G":"5"},"FF":{"JQ":"5"},"X8":{"4V":"5"},"5C":{"RW":"4","WX":"5"},"Q7":{"5F":"5","69":"5","38":"5","8F":"5","PH":"5","92":"5","9M":"5","9V":"5","FQ":"5","7Q":"5","CH":"5","QC":"5","CW":"5","HH":"5","88":"5","P7":"5","82":"5","F9":"5","93":"5","JJ":"5","5M":"5"},"FX":{"QW":"5","QX":"5","HR":"5","PR":"5","PX":"5","MW":"5","JX":"5","JR":"5","MX":"5","HV":"5","JW":"5","QV":"5","JV":"5","HW":"5","PV":"5","PW":"5","HX":"5","MV":"5","MR":"5"},"2C":{"RP":"4"},"W7":{"3Q":"5","4X":"5","FP":"5","HM":"5","HP":"5","4R":"5"},"R4":{"VJ":"5","GV":"5","VH":"5"},"3J":{"R5":"5"},"Q6":{"Q9":"5"},"M7":{"8J":"5","R2":"5","GQ":"5","8M":"5","QW":"5","JR":"5","R3":"5"},"W9":{"V2":"5","66":"5"},"FG":{"V8":"5"},"M6":{"5P":"5","XP":"5","WJ":"5","4R":"5","6P":"5"},"HG":{"FQ":"5","6G":"5"},"W6":{"2J":"5","3M":"5","3J":"5"},"QC":{"RX":"5","JW":"5","JR":"5"},"V9":{"4F":"5","W2":"5"},"R3":{"3R":"5","4R":"5","4Q":"5","6Q":"5"},"3C":{"4X":"4"}},"XX":{"RX":{"W5":"5","WQ":"5"},"RV":{"68":"5","69":"5"}},"VG":{"PW":{"X9":"5"},"QW":{"39":"5"},"MW":{"7G":"5"},"JV":{"CQ":"5","MV":"5","JQ":"5","WW":"5","HP":"5","JV":"5","9P":"5","JP":"5","HQ":"5","WX":"5","9Q":"5"},"GP":{"V2":"5"},"JW":{"WP":"5","WQ":"5"},"RV":{"5P":"5","5M":"5","6M":"5","6P":"5"},"8V":{"5C":"5"},"WV":{"JG":"5"}},"VV":{"QF":{"3P":"5"},"PG":{"R6":"5","Q5":"5","R5":"5","V3":"5","PC":"5","Q7":"5","Q8":"5","W8":"5","V9":"5","P8":"5","P7":"5"},"8Q":{"VX":"5","WX":"5"},"CG":{"V7":"5","WJ":"5"},"86":{"82":"5"},"V9":{"Q9":"5"},"5V":{"5C":"5","59":"5"},"MG":{"4X":"5"},"PF":{"WX":"5"},"FH":{"J2":"5"},"85":{"8X":"5"},"MH":{"34":"5","22":"5"},"GJ":{"PH":"5"},"FG":{"JX":"5","Q9":"5"}},"9F":{"QW":{"88":"5","89":"5"}},"J8":{"23":{"9Q":"5"}},"QC":{"MV":{"8C":"5","9C":"5"},"MR":{"JQ":"5","76":"5","77":"5","87":"5"},"FX":{"PJ":"5"}},"5W":{"JQ":{"MF":"5","PF":"5"},"M5":{"J8":"5","VF":"5"},"23":{"F2":"5"},"H2":{"2M":"5"},"M4":{"JX":"5"},"4C":{"7Q":"5"},"H4":{"8H":"5","7V":"5"}},"CM":{"7W":{"89":"5"}},"J5":{"3Q":{"RM":"5","RV":"5","QJ":"5","VG":"5","VM":"5","WW":"5","VJ":"5","RP":"5","WH":"5","VQ":"5","PW":"5","WV":"5","XW":"5","XV":"5","WR":"5","RJ":"5","XX":"5","VR":"5","PM":"5","XQ":"5","MW":"5","QX":"5","WP":"5","WX":"5","VW":"5","MR":"5","XR":"5","PV":"5","WM":"5","WG":"5","VX":"5","QW":"5","QH":"5","PQ":"5","RW":"5","PP":"5","QP":"5","XP":"5","XJ":"5","RQ":"5","WQ":"5","XH":"5","WJ":"5","VH":"5","QQ":"5","VV":"5","QV":"5","PR":"5","RR":"5","MV":"5","QM":"5","VP":"5","RX":"5","XM":"5","PX":"5","RH":"5","QR":"5","XG":"5"},"3R":{"W7":"5","X3":"5","W2":"5","V6":"5","R5":"5","V2":"5","Q3":"5","W5":"5","P4":"5","V5":"5","W3":"5","V4":"5","R6":"5","X5":"5","V7":"5","X4":"5","V3":"5","Q2":"5","P2":"5","P3":"5","R3":"5","X2":"5","R2":"5","W6":"5","W4":"5","X7":"5","R4":"5","Q5":"5","Q4":"5","X6":"5"},"3P":{"4F":"5","28":"5","2J":"5","3F":"5","27":"5","48":"5","2F":"5","49":"5","39":"5","3H":"5","38":"5","26":"5","29":"5","37":"5","2G":"5","3J":"5","4C":"5","2H":"5","3G":"5","3C":"5","25":"5","5C":"5","4G":"5","2C":"5"},"4R":{"56":"5","23":"5","52":"5","43":"5","28":"5","33":"5","63":"5","27":"5","54":"5","34":"5","44":"5","73":"5","72":"5","53":"5","65":"5","26":"5","55":"5","66":"5","36":"5","82":"5","37":"5","74":"5","83":"5","22":"5","35":"5","24":"5","45":"5","42":"5","32":"5","25":"5","64":"5","62":"5","46":"5","47":"5"},"4Q":{"6V":"5","3P":"5","4H":"5","2X":"5","4R":"5","8V":"5","4M":"5","2J":"5","8R":"5","5H":"5","5X":"5","2G":"5","3M":"5","2M":"5","6Q":"5","4G":"5","3Q":"5","4X":"5","3V":"5","2V":"5","4W":"5","7R":"5","7W":"5","4V":"5","5J":"5","7P":"5","5P":"5","2P":"5","5V":"5","4J":"5","7Q":"5","3H":"5","6J":"5","4P":"5","2Q":"5","7X":"5","5R":"5","6P":"5","8W":"5","3J":"5","5M":"5","4Q":"5","2H":"5","7V":"5","6M":"5","3R":"5","8X":"5","2R":"5","6X":"5","2W":"5","3X":"5","6R":"5","3W":"5","3G":"5","5Q":"5","6W":"5","5W":"5"},"2P":{"W7":"5","WJ":"5","XH":"5","R8":"5","RJ":"5","QG":"5","V6":"5","R7":"5","Q7":"5","R5":"5","X9":"5","X8":"5","RC":"5","XG":"5","W5":"5","QC":"5","XJ":"5","VC":"5","V8":"5","RH":"5","V5":"5","V9":"5","WC":"5","VF":"5","V4":"5","R6":"5","VG":"5","QF":"5","WH":"5","X5":"5","V7":"5","XC":"5","X4":"5","VJ":"5","WM":"5","W9":"5","XM":"5","VH":"5","W8":"5","RF":"5","QH":"5","XF":"5","VM":"5","Q9":"5","WF":"5","Q8":"5","W6":"5","W4":"5","WG":"5","R9":"5","X7":"5","X6":"5","RG":"5"}},"HV":{"X2":{"JR":"4"}},"PX":{"V5":{"8X":"5"},"9C":{"28":"5"},"FR":{"MM":"5"},"H9":{"R6":"5","R5":"5"},"V6":{"82":"5"},"R6":{"M2":"5"},"R5":{"MX":"5"},"GH":{"32":"5","42":"5","VV":"5","22":"5","33":"5","23":"5","RV":"5","8Q":"5"},"CG":{"7V":"5","7R":"5"},"P6":{"29":"5"},"CJ":{"Q8":"5","Q9":"5"},"V4":{"2G":"5","3H":"5","2H":"5","3G":"5"},"CH":{"XJ":"5"},"CW":{"V9":"5"},"GG":{"4W":"5","5X":"5","2V":"5","5Q":"5","5R":"5","2Q":"5","3V":"5","4R":"5","2W":"5","3W":"5","3Q":"5","4Q":"5","5W":"5","5V":"5","2X":"5","2R":"5","3X":"5","6V":"5","4V":"5","4X":"5","6W":"5","3R":"5"},"WM":{"XJ":"5"},"FH":{"P8":"5","2J":"5","M8":"5","X3":"5","P9":"5","M5":"5","W2":"5","2M":"5","M6":"5","Q7":"5","V2":"5","Q6":"5","M9":"5","W3":"5","2R":"5","P7":"5","6X":"5","V3":"5","R3":"5","R2":"5","X2":"5","Q9":"5","M7":"5","Q8":"5","P6":"5"},"GJ":{"64":"5","27":"5","26":"5","36":"5"},"FF":{"X9":"5"},"FG":{"RW":"5","XX":"5","VV":"5","VX":"5","RX":"5","WW":"5","XW":"5","XV":"5","XR":"5","WR":"5","WX":"5","WV":"5","VW":"5"},"FJ":{"96":"5","95":"5","86":"5","87":"5","98":"5","97":"5"},"8C":{"X8":"5"}},"4J":{"JC":{"JX":"5"}},"WM":{"X5":{"MJ":"5"},"GW":{"M6":"5"},"V9":{"XC":"5","WF":"5","WC":"5","XF":"5"},"6J":{"Q7":"5"},"JV":{"8Q":"5"},"GX":{"R9":"5","P8":"5","WC":"5","VC":"5","X9":"5","WG":"5"},"HW":{"5M":"5","68":"5","69":"5","58":"5","59":"5"},"HX":{"88":"5","4G":"5","2C":"5","77":"5","39":"5"},"W9":{"2F":"5","2C":"5"},"GV":{"M9":"5"}},"4X":{"C2":{"3J":"5"},"QG":{"PV":"5","PR":"5"},"23":{"99":"5","7H":"5"},"GC":{"5Q":"5"},"XF":{"48":"5"},"22":{"JV":"5","JW":"5"},"MG":{"CH":"5"},"XG":{"GH":"5"},"HC":{"Q6":"5"}},"2R":{"MP":{"CV":"5"},"PH":{"92":"5"}},"RP":{"42":{"7M":"5"},"J3":{"Q6":"4"},"47":{"4M":"5","W4":"5","3M":"5"},"44":{"W8":"5"},"8R":{"8R":"4","7V":"4"},"56":{"3R":"5","4V":"5","4R":"5","3V":"5"}},"WQ":{"35":{"QM":"5","QP":"5","PM":"5"},"H9":{"MH":"5","MQ":"5","JW":"5"},"F2":{"P3":"5","M3":"5","H2":"5","M2":"5","M4":"5","J6":"5","Q4":"5","Q5":"5","R5":"5","P4":"5","R4":"5","P2":"5","H6":"5","P5":"5","J2":"5"},"5C":{"22":"5"},"45":{"2H":"5"}},"PV":{"4X":{"CC":"5"},"XX":{"VH":"5","JM":"5","G6":"5","H6":"5"},"XW":{"V3":"5","JJ":"5"}},"66":{"C8":{"RJ":"5","RF":"5"},"JW":{"5Q":"5"},"9F":{"MP":"5"},"FQ":{"42":"5","WG":"5"},"F9":{"GM":"5"},"GG":{"HQ":"5"},"48":{"VW":"5"},"MR":{"PV":"5"},"C2":{"8P":"5","8Q":"5"},"88":{"F4":"5"},"55":{"5M":"5"},"G9":{"V4":"5"},"JX":{"25":"5"},"89":{"JC":"5","V7":"5","CC":"5"},"GQ":{"XR":"5","RR":"5"},"H6":{"5G":"5"},"JP":{"W6":"5"},"HQ":{"3Q":"5","7Q":"5","7R":"5"},"GF":{"88":"5","GJ":"5","HJ":"5","8C":"5","JM":"5","9F":"5"},"C9":{"XX":"5","GH":"5"},"78":{"88":"5"},"84":{"PP":"5","WP":"5"},"58":{"64":"5"},"CC":{"Q5":"5"},"HX":{"8H":"5","X4":"5"},"CH":{"C9":"5"},"G7":{"RV":"5"},"GH":{"J4":"5"},"F8":{"98":"5"},"HP":{"J2":"5","PV":"5"}},"HF":{"98":{"87":"5"}},"XR":{"82":{"82":"5"},"XW":{"3C":"5","39":"5"},"WQ":{"QH":"5"},"25":{"W9":"5","W8":"5"}},"CH":{"CQ":{"6G":"5","5C":"5"},"FR":{"M9":"5"},"HW":{"78":"5"},"CW":{"RJ":"5"},"GR":{"MG":"5","PC":"5","PM":"5","MJ":"5","RJ":"5","QG":"5","JF":"5","RC":"5","QC":"5","RH":"5","PG":"5","PJ":"5","QM":"5","JG":"5","VF":"5","VG":"5","QF":"5","VJ":"5","MC":"5","RM":"5","PH":"5","HG":"5","VH":"5","MH":"5","RF":"5","QH":"5","QJ":"5","JH":"5","HF":"5","MF":"5","PF":"5","MM":"5","RG":"5"},"CX":{"6Q":"5"},"9P":{"9R":"5"}},"94":{"3C":{"4H":"5"},"JX":{"J2":"5","J3":"5","M2":"5"},"MQ":{"GF":"5"},"JW":{"PX":"5","MX":"5","JX":"5"},"8W":{"W8":"5"},"GX":{"25":"5"},"HW":{"GX":"5","4R":"5","5R":"5"},"HX":{"H2":"5","G2":"5"},"MV":{"98":"5","97":"5"}},"QP":{"GJ":{"JR":"4"},"53":{"FH":"5","FG":"5"},"RC":{"HP":"5"},"VC":{"49":"5","59":"5"},"JH":{"GR":"4"}},"PJ":{"2V":{"FM":"5","GM":"5","6R":"5"},"MW":{"2H":"5"},"4V":{"4X":"5"},"XV":{"HF":"5","GF":"5"},"FW":{"3H":"5","2H":"5"},"3V":{"PP":"5","MP":"5","QH":"5","JH":"5","MM":"5"},"JW":{"XH":"5"},"WR":{"VR":"5"}},"QV":{"C5":{"3P":"5","2P":"5"},"M8":{"R9":"5"},"4X":{"C7":"5","55":"5"},"8H":{"P9":"5"},"9Q":{"M8":"5","M9":"5"}},"V4":{"JG":{"W2":"5"},"MF":{"CV":"5","9V":"5"},"RC":{"6H":"5"},"JF":{"WW":"5","WX":"5","XQ":"5"}},"2V":{"8P":{"MH":"5"}}},"index":{"university,1|retail,2|tourism,3|wreck,4|historical,5|artsCulture,6|namedBuilding,7|water,8|wetland,9|park,10|beach,11|natureReserve,12|cemetery,13|trail,14":{}}}