{"index":{"university,1|retail,2|tourism,3|wreck,4|historical,5|artsCulture,6|namedBuilding,7|water,8|wetland,9|park,10|beach,11|natureReserve,12|cemetery,13|trail,14":{}},"7H":{"F2":{"VX":{"HV":"5"}},"WH":{"V7":{"PH":"5"},"WF":{"38":"5"},"W3":{"G6":"5"},"Q3":{"5F":"5"},"7F":{"GG":"5"},"VF":{"V7":"5"},"F4":{"5F":"5"},"JH":{"22":"5"}},"V6":{"C8":{"2C":"5"}},"G3":{"7H":{"FR":"5","GV":"5","GR":"5"},"5W":{"89":"5"},"86":{"3Q":"5"},"MF":{"RM":"5","53":"5","64":"5","VJ":"5","44":"5","RJ":"5","CH":"5","VM":"5","FH":"5","54":"5","XM":"5"},"29":{"F6":"5"},"9H":{"M6":"5","M5":"5"},"GP":{"H2":"5"},"FG":{"37":"5","26":"5","36":"5"},"PF":{"2Q":"5","3P":"5","3M":"5","3J":"5","2M":"5","2P":"5"},"CJ":{"29":"5"},"9J":{"X9":"5","X8":"5"},"9G":{"VV":"5","RV":"5","VW":"5"},"GM":{"V9":"5","W6":"5","W5":"5","R7":"5","V7":"5","V8":"5","W7":"5","HX":"5","Q7":"5","W8":"5"},"C4":{"4P":"5"}},"MC":{"8W":{"22":"5"},"7W":{"X2":"5"},"7X":{"88":"5","XW":"5"},"6R":{"8X":"5","8M":"5"},"6V":{"82":"5"}},"HG":{"GF":{"3C":"5"}},"PH":{"P2":{"7J":"5","CQ":"5","7M":"5","FQ":"5","6J":"5","7G":"5","6M":"5","7F":"5"},"CG":{"8W":"5","5X":"5"},"Q4":{"PM":"5"},"CH":{"92":"5"}},"J3":{"M3":{"99":"5","C9":"5"},"Q4":{"WP":"5","X3":"5","X2":"5"},"M2":{"3C":"5","4C":"5"},"PH":{"WQ":"5","WR":"5"},"P4":{"9C":"5","9G":"5","7J":"5","8H":"5","8G":"5","9F":"5","CC":"5","6J":"5","7H":"5"},"J4":{"JC":"5","HF":"5","HC":"5","J9":"5","JF":"5"}},"39":{"4X":{"9P":"5"},"4W":{"F7":"5"}},"VR":{"4F":{"22":"5","23":"5"},"Q3":{"VR":"5","RV":"5"},"57":{"MV":"5","HG":"5","RH":"5","RJ":"5","HJ":"5","W7":"5"},"3F":{"X2":"5"}},"3H":{"R7":{"PH":"5"}},"R6":{"Q6":{"GP":"5"},"96":{"2M":"5"},"5Q":{"GX":"5","HX":"5","GW":"5"},"8Q":{"PH":"5"},"86":{"XM":"5"},"C6":{"R4":"5","V3":"5","V4":"5","R3":"5"},"3X":{"F6":"5"},"FP":{"6Q":"5"},"7R":{"X7":"5"}},"R7":{"V8":{"M9":"5"}},"2C":{"P5":{"FR":"5"},"MF":{"5W":"5"},"PQ":{"46":"5","35":"5","45":"5","36":"5"}},"8P":{"XM":{"RW":"5"}},"R5":{"FR":{"M2":"5"},"CQ":{"5C":"5"},"XF":{"2X":"5"},"9X":{"45":"5","6F":"5","7G":"5","36":"5","46":"5","7F":"5","35":"5","7H":"5"},"HH":{"3V":"5"},"7X":{"9P":"5"},"3X":{"MP":"5","WF":"5","P7":"5"},"XG":{"22":"5"},"GJ":{"4H":"5"}},"RR":{"56":{"XX":"5","H9":"5"},"X7":{"88":"5","6G":"5","5G":"5","6H":"5","39":"5"}},"X8":{"2J":{"6P":"5","8P":"5","9M":"5","7M":"5","7P":"5","8Q":"5","7Q":"5","8M":"5","6Q":"5","6M":"5","9P":"5","9Q":"5"},"2C":{"99":"5","CC":"5","9C":"5","C9":"5"},"22":{"5F":"5","4F":"5","42":"5","53":"5","43":"5","3F":"5","63":"5","5G":"5","62":"5","52":"5","5C":"5","4C":"5","3G":"5","4G":"5"},"33":{"Q4":"5","R4":"5","Q5":"5","R5":"5"},"3J":{"GQ":"5","FR":"5","GM":"5","HR":"5","CP":"5","CQ":"5","GP":"5","FQ":"5","FM":"5","FP":"5","CR":"5","FJ":"5","HP":"5","HQ":"5"},"36":{"8R":"5","8Q":"5","7Q":"5","7R":"5"}},"9M":{"4X":{"6V":"5"}},"57":{"PM":{"QG":"5"},"R6":{"6X":"5"},"X7":{"6P":"5"},"RP":{"8M":"5"},"76":{"5R":"5"},"WP":{"P8":"5"},"J3":{"GH":"5"},"XF":{"5Q":"5"},"57":{"6F":"5"},"P5":{"7J":"5"},"88":{"75":"5"},"FF":{"8X":"5"},"FG":{"82":"5","83":"5"},"XM":{"5G":"5"}},"WM":{"XJ":{"6R":"5"},"FH":{"M8":"5","PJ":"5","W3":"5","P7":"5"},"F3":{"P3":"5"},"QR":{"J2":"5","M2":"5"},"WM":{"G4":"5","69":"5"},"F2":{"7W":"5","6W":"5"},"GH":{"24":"5","42":"5","5P":"5","8F":"5","23":"5","6Q":"5","6P":"5","5Q":"5"},"C4":{"37":"5"}},"77":{"WF":{"WX":"5"},"VQ":{"WG":"5"},"37":{"9X":"5"},"X8":{"QW":"5","75":"5"},"R9":{"G8":"5"},"Q3":{"PQ":"5"},"H2":{"4H":"5"},"2J":{"9J":"5"},"38":{"64":"5"},"C9":{"FM":"5","88":"5","CF":"5","FH":"5","M2":"5","22":"5","9F":"5"},"X9":{"P2":"5","P4":"5","JH":"5"},"H8":{"3Q":"5"},"VX":{"R4":"5"},"M9":{"F3":"5"},"WH":{"2C":"5","43":"5"},"VJ":{"W7":"5"},"HG":{"GV":"5"},"H7":{"MH":"5"},"Q9":{"J6":"5"},"97":{"W9":"5","X9":"5"},"XF":{"4M":"5","73":"5","5J":"5","4P":"5"},"V9":{"H9":"5"},"C8":{"GM":"5","FQ":"5","CM":"5","FH":"5","GG":"5","HJ":"5","FP":"5","GP":"5","HM":"5","FJ":"5","GJ":"5","FM":"5","3V":"5","GQ":"5","JM":"5","CJ":"5","HH":"5","JP":"5","FG":"5","HQ":"5","MX":"5","2X":"5","JJ":"5","JH":"5","CH":"5","CG":"5","GH":"5","HP":"5"},"WG":{"HC":"5"},"VM":{"XM":"5"},"2R":{"82":"5"},"3H":{"CR":"5"},"FC":{"68":"5","6J":"5"},"5J":{"7M":"5"},"2M":{"XX":"5"},"4C":{"P6":"5","P2":"5","Q6":"5","J3":"5","P5":"5","H3":"5","Q5":"5","M5":"5","P4":"5","M4":"5","J4":"5","H4":"5"},"J8":{"CP":"5"},"99":{"X2":"5"},"C7":{"38":"5","29":"5","CP":"5","CM":"5","28":"5"},"98":{"XX":"5"},"2H":{"HH":"5","W8":"5"},"W9":{"J8":"5","R7":"5"}},"VP":{"M8":{"PP":"5","RV":"5","PM":"5","MQ":"5","HM":"5","JR":"5","MR":"5","HR":"5","MV":"5","JM":"5","JQ":"5","HV":"5","JP":"5","HQ":"5","PQ":"5","QQ":"5","MM":"5","HP":"5"},"6G":{"VQ":"5","RM":"5","RQ":"5","RP":"5","RR":"5","QP":"5","VP":"5","VR":"5","QM":"5"},"Q2":{"45":"5"},"M4":{"9R":"5","8R":"5","CP":"5","9V":"5","8Q":"5","7Q":"5","7R":"5","9Q":"5"},"X8":{"3H":"5","3M":"5","3J":"5","4J":"5"}},"24":{"FV":{"MH":"5","88":"5","JG":"5","MG":"5","PH":"5"},"XR":{"PQ":"5"}},"H5":{"32":{"X8":"5"},"42":{"28":"5"}},"P5":{"QQ":{"4R":"5"}},"6F":{"RG":{"V6":"5"},"QH":{"4X":"5","3X":"5","2M":"5"},"G4":{"J5":"5"},"VX":{"28":"5"},"F2":{"GW":"5"},"RC":{"38":"5"},"QJ":{"33":"5","56":"5","43":"5","64":"5","52":"5","36":"5","46":"5","65":"5"}},"56":{"JV":{"MM":"5"},"2V":{"RP":"5"},"J2":{"26":"5"},"Q3":{"2V":"5","3R":"5","3V":"5","2W":"5"},"77":{"JQ":"5","QX":"5"},"5F":{"CW":"5"},"97":{"HW":"5"},"4V":{"F3":"5"},"W5":{"HG":"5"},"P4":{"V7":"5","X5":"5"},"26":{"W3":"5"},"H2":{"8J":"5","87":"5","96":"5","H9":"5","VH":"5","QH":"5","HF":"5","W7":"5","Q8":"5","97":"5","86":"5","V9":"5","QC":"5","JJ":"5"},"X5":{"3M":"5","2M":"5"},"69":{"PG":"5"},"MP":{"XM":"5"},"W8":{"R7":"5","V7":"5"},"J3":{"8M":"5","6V":"5"},"M4":{"RG":"5"},"Q4":{"35":"5","26":"5","36":"5","25":"5"},"7H":{"JX":"5"}},"FV":{"GJ":{"PP":"5","MR":"5","MP":"5","JQ":"5","PR":"5","QR":"5","PQ":"5","QP":"5","MQ":"5","JP":"5","QQ":"5"},"FJ":{"WH":"5"}},"R9":{"9R":{"RH":"5"}},"44":{"V8":{"88":"5","2M":"5","2P":"5","98":"5"},"VF":{"X4":"5"},"VC":{"57":"5"}},"XH":{"HR":{"85":"5"},"PQ":{"3M":"5"},"QH":{"HG":"5","JG":"5","F8":"5","PV":"5","HJ":"5","HF":"5","HC":"5","JF":"5","JJ":"5","G9":"5"},"3V":{"5P":"5","GC":"5","4Q":"5","GF":"5","5Q":"5","4P":"5"},"HJ":{"X5":"5"},"JM":{"F8":"5","83":"5","F4":"5","C2":"5"},"CM":{"XG":"5"},"F7":{"GM":"5"},"6M":{"82":"5"},"75":{"WR":"5"},"JJ":{"HM":"5","9W":"5"},"JF":{"J5":"5"},"C7":{"MV":"5","MR":"5","CR":"5"},"HQ":{"9R":"5"},"F2":{"C8":"5"}},"27":{"83":{"V3":"5"},"C2":{"V8":"5"},"RQ":{"W7":"5"}},"Q3":{"HR":{"VV":"5","WV":"5"},"RP":{"26":"5","25":"5"},"HW":{"G7":"5"},"JV":{"FW":"5","GW":"5"},"QP":{"W5":"5","X6":"5","W4":"5","X4":"5","X5":"5"},"5G":{"69":"5"},"87":{"RG":"5"}},"G7":{"CH":{"GX":"5"},"FJ":{"28":"5"},"RR":{"P6":"5","P7":"5"}},"87":{"32":{"J3":"5"},"24":{"PV":"5","R9":"5"},"23":{"WX":"5"},"H2":{"J6":"5"},"26":{"6F":"5","5M":"5","4V":"5","4M":"5"},"25":{"FH":"5"},"X2":{"JJ":"5"}},"R2":{"C5":{"R4":"5","G5":"5"},"2G":{"2J":"5","62":"5","2H":"5"},"2F":{"5X":"5","2Q":"5","2W":"5","3W":"5","3Q":"5","5W":"5","2R":"5","3X":"5","6X":"5","4X":"5","6W":"5","3R":"5"},"J7":{"28":"5","84":"5"}},"X7":{"2Q":{"M3":"5","P3":"5","Q3":"5","M2":"5","M4":"5","Q4":"5","Q5":"5","R5":"5","J5":"5","P4":"5","J3":"5","R4":"5","P6":"5","J4":"5","P5":"5","M5":"5"},"2X":{"4X":"5","5X":"5"},"4G":{"M9":"5","GC":"5","FC":"5","F9":"5","G9":"5"},"4R":{"4X":"5","3X":"5","4W":"5","3W":"5"},"2M":{"GV":"5","GW":"5"}},"29":{"24":{"F7":"5","F6":"5","C7":"5","C6":"5"},"X3":{"MV":"5"}},"47":{"R2":{"8H":"5"},"Q2":{"QG":"5","FH":"5","HP":"5","JM":"5","HX":"5","HV":"5"}},"X5":{"QJ":{"5H":"5"},"RP":{"2V":"5","2Q":"5","3V":"5","2W":"5","3W":"5","2X":"5","2R":"5","3X":"5","2P":"5","3R":"5"},"QP":{"XR":"5","RV":"5","QV":"5","RX":"5","WQ":"5","QR":"5","VV":"5","WW":"5","VR":"5","VQ":"5","XQ":"5","XX":"5","WV":"5","XP":"5","XW":"5","WR":"5","XV":"5","RQ":"5","VW":"5","QQ":"5","RR":"5","VX":"5","QW":"5","WX":"5","RW":"5","WP":"5"},"WP":{"CV":"5","9V":"5"},"3F":{"VF":"5","XH":"5"},"QQ":{"R2":"5"},"7G":{"4G":"5","7P":"5","3G":"5"},"9H":{"W7":"5","R6":"5"},"JJ":{"F7":"5","43":"5"},"QM":{"89":"5","83":"5","FM":"5","FC":"5","5C":"5","C8":"5","H6":"5","7J":"5","G7":"5","GG":"5","F6":"5","CP":"5","7M":"5","3M":"5","69":"5","73":"5","86":"5","GC":"5","78":"5","C5":"5","7G":"5","H8":"5","CQ":"5","9Q":"5","JH":"5","3P":"5","HH":"5","6P":"5","54":"5","H9":"5","75":"5","53":"5","6C":"5","6F":"5","FF":"5","G9":"5","55":"5","F7":"5","C9":"5","68":"5","JC":"5","74":"5","8P":"5","7P":"5","76":"5","JG":"5","CC":"5","6H":"5","8H":"5","9M":"5","CR":"5","7R":"5","9P":"5","9H":"5","GP":"5","8V":"5","8M":"5","5J":"5","HJ":"5","84":"5","65":"5","79":"5","FG":"5","CJ":"5","6Q":"5","5M":"5","CG":"5","8C":"5","J6":"5","9R":"5","8G":"5","63":"5","7C":"5","67":"5","J9":"5","GH":"5","9V":"5","64":"5","9C":"5","FJ":"5","G6":"5","F8":"5","H5":"5","8F":"5","FH":"5","99":"5","6M":"5","H7":"5","8R":"5","GJ":"5","8J":"5","6G":"5","56":"5","9J":"5","F5":"5","HG":"5","59":"5","J7":"5","6J":"5","FQ":"5","9F":"5","7Q":"5","8Q":"5","CM":"5","J5":"5","9G":"5","GF":"5","85":"5","FP":"5","MC":"5","CF":"5","G8":"5","7H":"5","GM":"5","5H":"5","HC":"5","F9":"5","66":"5","HF":"5","CH":"5","JF":"5","7F":"5","88":"5","C6":"5"}},"XW":{"2F":{"P9":"5"},"X3":{"MR":"5"},"49":{"2J":"5","69":"5","2H":"5"},"48":{"WQ":"5"},"4P":{"R2":"5","Q2":"5"},"39":{"XJ":"5","CX":"5","WG":"5","XH":"5"}},"75":{"82":{"J5":"5","J4":"5"},"2Q":{"R3":"5"},"W6":{"C2":"5"},"C8":{"5W":"5"},"37":{"5M":"5"},"GV":{"2X":"5","3X":"5","2W":"5"},"X3":{"MX":"5"},"MX":{"44":"5","72":"5"},"MW":{"5Q":"5","7W":"5","8Q":"5","7V":"5","5V":"5","9W":"5","6V":"5","6W":"5"},"R8":{"WJ":"5"},"FW":{"8C":"5"},"MJ":{"V4":"5"},"FF":{"5M":"5"}},"X3":{"7F":{"M8":"5"}},"M6":{"HF":{"PM":"5"},"RM":{"82":"5"},"FF":{"74":"5"}},"F7":{"Q4":{"MX":"5","MW":"5","JX":"5","JW":"5"},"P5":{"C3":"5"},"Q5":{"M2":"5"},"P4":{"2V":"5","2R":"5"},"M4":{"CQ":"5"},"J4":{"QC":"5"}},"VV":{"6F":{"33":"5","23":"5"},"CG":{"33":"5"},"96":{"8J":"5"},"76":{"HG":"5","GG":"5"},"43":{"Q7":"5"},"6C":{"3J":"5","5J":"5","4J":"5"}},"7F":{"H5":{"8X":"5"},"56":{"MX":"5"},"57":{"M2":"5"},"25":{"8M":"5"},"H6":{"82":"5"},"G9":{"V2":"5"}},"VW":{"R8":{"VG":"5"}},"W9":{"MG":{"V5":"5","H2":"5","J6":"5","H8":"5","H3":"5","V6":"5","R6":"5","G8":"5","R5":"5","J7":"5","H7":"5","F8":"5","H6":"5","H5":"5","G7":"5","F7":"5","G6":"5","G3":"5","G2":"5","J2":"5","J8":"5","F2":"5"},"GM":{"M3":"5","23":"5","M5":"5","27":"5","J2":"5","R5":"5","V2":"5","Q3":"5","72":"5","P4":"5","26":"5","92":"5","J4":"5","V4":"5","82":"5","83":"5","22":"5","24":"5","M2":"5","V3":"5","Q2":"5","P2":"5","32":"5","P3":"5","H3":"5","25":"5","R3":"5","R2":"5","J3":"5","M4":"5","R4":"5","Q5":"5","Q4":"5","P5":"5"},"H8":{"89":"5","5V":"5","83":"5","4V":"5","32":"5","95":"5","F3":"5","26":"5","C8":"5","5C":"5","7J":"5","72":"5","39":"5","7M":"5","3M":"5","2J":"5","69":"5","73":"5","86":"5","2M":"5","78":"5","C5":"5","3H":"5","7G":"5","2C":"5","6V":"5","5Q":"5","3P":"5","4W":"5","6P":"5","38":"5","54":"5","43":"5","4P":"5","48":"5","22":"5","C3":"5","75":"5","53":"5","4G":"5","6C":"5","6F":"5","62":"5","57":"5","36":"5","49":"5","96":"5","55":"5","28":"5","4M":"5","3J":"5","F2":"5","68":"5","4Q":"5","5R":"5","52":"5","C4":"5","24":"5","4F":"5","8P":"5","74":"5","7P":"5","29":"5","76":"5","58":"5","6H":"5","8H":"5","5F":"5","3Q":"5","7R":"5","2F":"5","9H":"5","8M":"5","5P":"5","5J":"5","45":"5","3V":"5","4R":"5","98":"5","93":"5","84":"5","65":"5","79":"5","3C":"5","33":"5","6Q":"5","5M":"5","8C":"5","44":"5","8G":"5","63":"5","5G":"5","7C":"5","67":"5","64":"5","34":"5","9C":"5","92":"5","2W":"5","2Q":"5","8F":"5","3R":"5","3G":"5","23":"5","46":"5","99":"5","6M":"5","C2":"5","97":"5","35":"5","2P":"5","8J":"5","6G":"5","56":"5","3W":"5","59":"5","82":"5","87":"5","6J":"5","9F":"5","7Q":"5","37":"5","C7":"5","5W":"5","8Q":"5","25":"5","9G":"5","85":"5","47":"5","27":"5","2H":"5","3F":"5","4J":"5","7H":"5","2R":"5","4C":"5","5H":"5","6R":"5","66":"5","77":"5","94":"5","7F":"5","88":"5","42":"5","C6":"5","4H":"5","2G":"5","2V":"5"},"FQ":{"PP":"5","GM":"5","PM":"5","MJ":"5","HJ":"5","HM":"5","GJ":"5","WW":"5","PG":"5","PJ":"5","QM":"5","XX":"5","HH":"5","PH":"5","XW":"5","XV":"5","QH":"5","QJ":"5","MM":"5","VX":"5","WX":"5","GH":"5"},"CM":{"R2":"5","Q2":"5"},"W2":{"R2":"5","V2":"5","X3":"5","X2":"5"},"QG":{"J2":"5","J3":"5","H3":"5","H2":"5"},"HJ":{"MX":"5","29":"5","66":"5","39":"5","86":"5","2J":"5","83":"5","54":"5","37":"5","46":"5","2M":"5","85":"5","68":"5","74":"5","76":"5","73":"5","QX":"5","2V":"5","47":"5","45":"5","2P":"5","27":"5","57":"5","49":"5","48":"5","2Q":"5","75":"5","2C":"5","77":"5","65":"5","78":"5","JX":"5","64":"5","55":"5","38":"5","67":"5","56":"5","2R":"5","PX":"5","58":"5","95":"5","87":"5","28":"5","84":"5","3C":"5"},"JF":{"QX":"5"},"HM":{"M3":"5","J2":"5","P2":"5","J3":"5","M2":"5","P3":"5","Q2":"5","P4":"5","M4":"5","J4":"5"},"FJ":{"RM":"5","MX":"5","GR":"5","RV":"5","R9":"5","HP":"5","R8":"5","RC":"5","VG":"5","HQ":"5","VM":"5","GP":"5","MQ":"5","WW":"5","VJ":"5","FW":"5","RF":"5","RP":"5","WH":"5","VQ":"5","GX":"5","WF":"5","9W":"5","GW":"5","PW":"5","WV":"5","Q8":"5","XW":"5","XV":"5","CV":"5","WR":"5","HV":"5","RJ":"5","FR":"5","RG":"5","Q9":"5","XX":"5","GQ":"5","JV":"5","VR":"5","CR":"5","FQ":"5","VC":"5","XQ":"5","QX":"5","MW":"5","WP":"5","WX":"5","VW":"5","MR":"5","XR":"5","HR":"5","QF":"5","PV":"5","9X":"5","FV":"5","CW":"5","HW":"5","WM":"5","WG":"5","WC":"5","VX":"5","QW":"5","PQ":"5","RW":"5","PP":"5","QP":"5","XP":"5","XF":"5","FX":"5","HX":"5","JP":"5","CX":"5","XJ":"5","RQ":"5","WQ":"5","XH":"5","JQ":"5","WJ":"5","VH":"5","QQ":"5","VV":"5","QV":"5","PR":"5","JX":"5","RR":"5","MP":"5","VF":"5","MV":"5","JW":"5","QC":"5","V9":"5","VP":"5","RX":"5","XM":"5","PX":"5","JR":"5","GV":"5","RH":"5","QR":"5","XG":"5","QG":"5"},"GJ":{"MX":"5","Q4":"5","GR":"5","RV":"5","HP":"5","R8":"5","V6":"5","HQ":"5","2X":"5","GP":"5","X9":"5","2J":"5","2G":"5","XC":"5","9W":"5","GW":"5","2M":"5","PW":"5","WV":"5","XV":"5","WR":"5","HV":"5","FR":"5","R5":"5","GQ":"5","R7":"5","CR":"5","FQ":"5","MW":"5","XQ":"5","QX":"5","WP":"5","3V":"5","2V":"5","VW":"5","XR":"5","HR":"5","CQ":"5","PV":"5","R6":"5","9X":"5","FV":"5","7W":"5","GM":"5","Q5":"5","VX":"5","2P":"5","QW":"5","V5":"5","2F":"5","RW":"5","X8":"5","XP":"5","2Q":"5","7X":"5","Q7":"5","8W":"5","CX":"5","XJ":"5","R4":"5","WQ":"5","JQ":"5","Q6":"5","2H":"5","FP":"5","QV":"5","JX":"5","MV":"5","JW":"5","X7":"5","8X":"5","2R":"5","RX":"5","XM":"5","PX":"5","JR":"5","GV":"5","2W":"5","3X":"5","QR":"5","3W":"5","6W":"5"},"GR":{"52":"5","29":"5","28":"5","27":"5","26":"5","25":"5"},"FR":{"W5":"5","V8":"5","X8":"5","W4":"5","X9":"5","V6":"5","X7":"5","X5":"5","W7":"5","X3":"5","W2":"5","V7":"5","W3":"5","W8":"5","V9":"5","W6":"5","X2":"5","X6":"5","X4":"5","V2":"5","W9":"5"},"FM":{"M3":"5","J9":"5","H8":"5","W7":"5","J5":"5","X3":"5","M8":"5","M5":"5","W2":"5","J2":"5","F4":"5","M6":"5","C3":"5","R5":"5","V2":"5","X8":"5","Q3":"5","F2":"5","W5":"5","C2":"5","P4":"5","Q6":"5","H2":"5","G9":"5","G8":"5","H5":"5","W3":"5","P7":"5","J4":"5","G3":"5","V4":"5","G2":"5","H6":"5","G4":"5","X5":"5","X4":"5","M2":"5","H7":"5","V3":"5","Q2":"5","P2":"5","J6":"5","J8":"5","P3":"5","H3":"5","J7":"5","R3":"5","X2":"5","R2":"5","G5":"5","M7":"5","M4":"5","J3":"5","W6":"5","W4":"5","P6":"5","F3":"5","X7":"5","H4":"5","R4":"5","Q5":"5","Q4":"5","H9":"5","P5":"5","X6":"5"},"G8":{"FF":"5","2X":"5","3R":"5","8X":"5","22":"5","5J":"5","FM":"5","F2":"5","WH":"5","V6":"5","CC":"5","G3":"5","MC":"5","HG":"5","PH":"5","9X":"5","J3":"5","39":"5","VR":"5","QX":"5","3H":"5","R6":"5","42":"5","R7":"5","2C":"5","HH":"5","8P":"5","R5":"5","FH":"5","RR":"5","X8":"5","C9":"5","9M":"5","57":"5","WM":"5","C6":"5","8H":"5","7M":"5","9W":"5","7R":"5","77":"5","VP":"5","4Q":"5","24":"5","CP":"5","38":"5","H5":"5","P5":"5","3Q":"5","GG":"5","QM":"5","6F":"5","V2":"5","FV":"5","56":"5","CF":"5","R9":"5","44":"5","XH":"5","27":"5","2R":"5","Q3":"5","G7":"5","83":"5","87":"5","R2":"5","3X":"5","X7":"5","29":"5","FR":"5","47":"5","X5":"5","3M":"5","FC":"5","XW":"5","75":"5","JJ":"5","X4":"5","X3":"5","M6":"5","F7":"5","VV":"5","PV":"5","6P":"5","CQ":"5","5Q":"5","7F":"5","VW":"5","6R":"5","C8":"5","GC":"5","W9":"5","FP":"5","G8":"5","P2":"5","HM":"5","GV":"5","5P":"5","72":"5","9H":"5","F5":"5","65":"5","FQ":"5","GF":"5","WF":"5","7C":"5","3C":"5","54":"5","VQ":"5","H2":"5","43":"5","WC":"5","JC":"5","WR":"5","VG":"5","5F":"5","66":"5","6X":"5","RW":"5","RJ":"5","99":"5","23":"5","8M":"5","28":"5","4W":"5","J9":"5","33":"5","9P":"5","58":"5","QF":"5","HJ":"5","Q8":"5","64":"5","WX":"5","XP":"5","RG":"5","53":"5","2G":"5","73":"5","6V":"5","QC":"5","94":"5","46":"5","RQ":"5","QR":"5","PF":"5","5W":"5","9F":"5","QH":"5","5H":"5","F9":"5","4H":"5","8G":"5","52":"5","32":"5","5G":"5","M2":"5","88":"5","RX":"5","RF":"5","5X":"5","85":"5","P7":"5","PM":"5","WW":"5","86":"5","MP":"5","3P":"5","JH":"5","7P":"5","Q7":"5","J5":"5","XG":"5","97":"5","9R":"5","8C":"5","9Q":"5","95":"5","GH":"5","78":"5","5R":"5","3G":"5","JP":"5","GX":"5","HR":"5","59":"5","2W":"5","R4":"5","X2":"5","VJ":"5","H7":"5","4C":"5","Q2":"5","F8":"5","X6":"5","WV":"5","W3":"5","V5":"5","XC":"5","2H":"5","2P":"5","62":"5","H9":"5","7Q":"5","VC":"5","CM":"5","JF":"5","WQ":"5","W2":"5","MX":"5","FJ":"5","69":"5","M5":"5","4V":"5","34":"5","R8":"5","X9":"5","Q6":"5","W6":"5","PJ":"5","3J":"5","PP":"5","HX":"5","96":"5","MJ":"5","Q9":"5","9J":"5","QQ":"5","P9":"5","J2":"5","7J":"5","HC":"5","63":"5","J8":"5","XJ":"5","7X":"5","C3":"5","CR":"5","P8":"5","GR":"5","MM":"5","P3":"5","2V":"5","82":"5","93":"5","GQ":"5","MR":"5","CJ":"5","CG":"5","9V":"5","MH":"5","VH":"5","6Q":"5","WG":"5","Q5":"5","M9":"5","4R":"5","R3":"5","8W":"5","5C":"5","89":"5","MF":"5","79":"5","QV":"5","XV":"5","Q4":"5","4M":"5","6M":"5","QW":"5","M7":"5","8R":"5","GM":"5","JX":"5","JG":"5","48":"5","G2":"5","98":"5","PQ":"5","8F":"5","F3":"5","8V":"5","92":"5","C2":"5","8Q":"5","XM":"5","4X":"5","36":"5","F6":"5","HW":"5","3F":"5","8J":"5","J4":"5","4F":"5","CH":"5","QJ":"5","RV":"5","VF":"5","G5":"5","HP":"5","6H":"5","WJ":"5","74":"5","HV":"5","CX":"5","HQ":"5","9C":"5","5V":"5","MQ":"5","CW":"5","QP":"5","H6":"5","H4":"5","JV":"5","G6":"5","6C":"5","F4":"5","J7":"5","7G":"5","VX":"5","RC":"5","MV":"5","JQ":"5","MG":"5","FW":"5","76":"5","25":"5","6W":"5","84":"5","XQ":"5","7V":"5","FG":"5","RM":"5","V9":"5","V8":"5","4J":"5","6J":"5","26":"5","HF":"5","PG":"5","6G":"5","PC":"5","9G":"5","WP":"5","GP":"5","4P":"5","V3":"5","FX":"5","2J":"5","49":"5","M8":"5","2F":"5","J6":"5","XF":"5","GJ":"5","QG":"5","P4":"5","RH":"5","67":"5","P6":"5","W5":"5","37":"5","3W":"5","W4":"5","35":"5","68":"5","MW":"5","W8":"5","JM":"5","C5":"5","G9":"5","C7":"5","M3":"5","4G":"5","XX":"5","55":"5","JR":"5","XR":"5","V7":"5","7W":"5","PR":"5","CV":"5","PW":"5","W7":"5","H3":"5","V4":"5","2Q":"5","H8":"5","3V":"5","JW":"5","G4":"5","VM":"5","RP":"5","7H":"5","C4":"5","45":"5","M4":"5","5M":"5","2M":"5","PX":"5","GW":"5"},"PG":{"C2":"5","J6":"5","J7":"5","92":"5","H7":"5","62":"5","P6":"5","H6":"5","72":"5","M6":"5","M7":"5","P7":"5","82":"5"},"GQ":{"5R":"5","5P":"5","6Q":"5","4V":"5","5W":"5","4J":"5","5X":"5","6P":"5","6X":"5","6W":"5","4M":"5","5V":"5","4W":"5","5M":"5","5J":"5","4R":"5","6R":"5","6V":"5","4Q":"5","4P":"5","5Q":"5"},"JG":{"W8":"5","9F":"5","J3":"5","R9":"5","R8":"5","RC":"5","P3":"5","6F":"5","Q2":"5","8F":"5","5G":"5","5H":"5","RF":"5","CF":"5","M4":"5","9G":"5","Q8":"5","7F":"5","Q9":"5","R7":"5","VC":"5","M3":"5","8H":"5","V7":"5","M5":"5","9C":"5","P2":"5","CM":"5","7C":"5","WC":"5","V8":"5","CC":"5","9H":"5","7J":"5","J4":"5","CJ":"5","7H":"5","Q3":"5","H4":"5","5C":"5","Q7":"5","5F":"5","R2":"5","9J":"5","CG":"5","J6":"5","W9":"5","6C":"5","8C":"5","QC":"5","H5":"5","V9":"5","J5":"5","7G":"5","8G":"5","CH":"5","P4":"5","8J":"5","6G":"5","6H":"5"},"CJ":{"PX":"5","PW":"5","QW":"5","RX":"5","QX":"5"},"VF":{"4X":"5","2V":"5","2X":"5","3X":"5","2W":"5","4W":"5","3W":"5"},"VG":{"PC":"5","28":"5","P9":"5","27":"5","C3":"5","39":"5","C2":"5","QC":"5","38":"5","92":"5","29":"5","82":"5","37":"5","83":"5","22":"5","QF":"5","94":"5","42":"5","32":"5","3C":"5","84":"5","PF":"5","Q9":"5","93":"5","C4":"5"},"QF":{"RM":"5","6V":"5","3P":"5","8P":"5","GR":"5","FH":"5","HP":"5","PG":"5","QJ":"5","HQ":"5","VM":"5","WW":"5","VJ":"5","4M":"5","FW":"5","2J":"5","8R":"5","PF":"5","CF":"5","8M":"5","RP":"5","9R":"5","VQ":"5","9W":"5","3M":"5","2M":"5","WV":"5","XV":"5","CV":"5","WR":"5","RJ":"5","FR":"5","GQ":"5","6Q":"5","VR":"5","CR":"5","XQ":"5","3Q":"5","3V":"5","2V":"5","XR":"5","HR":"5","7R":"5","CQ":"5","QF":"5","9X":"5","FV":"5","CW":"5","8Q":"5","7P":"5","2P":"5","QH":"5","9V":"5","PC":"5","FF":"5","MM":"5","7Q":"5","QP":"5","4P":"5","2Q":"5","7M":"5","JP":"5","8W":"5","CG":"5","3J":"5","WQ":"5","JQ":"5","4Q":"5","7V":"5","WJ":"5","VH":"5","MF":"5","VV":"5","3R":"5","FG":"5","MP":"5","QM":"5","8X":"5","MG":"5","2R":"5","QC":"5","VP":"5","CH":"5","GV":"5","JM":"5","RH":"5","6R":"5","6W":"5"},"F7":{"XQ":"5","XP":"5","XH":"5","XX":"5","XV":"5","XC":"5","XF":"5","XW":"5","XR":"5","XG":"5","XJ":"5","XM":"5"},"HH":{"6V":"5","8P":"5","2X":"5","8V":"5","4M":"5","8R":"5","9R":"5","9W":"5","9Q":"5","6Q":"5","3V":"5","2V":"5","7R":"5","9X":"5","7W":"5","8Q":"5","5J":"5","7P":"5","5P":"5","9V":"5","7Q":"5","6J":"5","4P":"5","7X":"5","6P":"5","8W":"5","5M":"5","7V":"5","6M":"5","3R":"5","8X":"5","2R":"5","2W":"5","3X":"5","6R":"5","3W":"5","6W":"5"},"H7":{"4W":"5","5X":"5","8X":"5","FX":"5","7W":"5","2W":"5","3W":"5","9X":"5","5W":"5","CX":"5","2X":"5","7X":"5","3X":"5","6X":"5","4X":"5","6W":"5"},"RF":{"RW":"5","4H":"5","2J":"5","VV":"5","3H":"5","3M":"5","3J":"5","RV":"5","2M":"5","RR":"5","2H":"5","4J":"5","VW":"5"},"JJ":{"77":"5","9C":"5","87":"5","96":"5","C9":"5","78":"5","67":"5","9F":"5","97":"5","CG":"5","86":"5","C6":"5","CC":"5","88":"5","FC":"5","CF":"5","FF":"5","FG":"5","C7":"5","98":"5","68":"5"},"PF":{"XR":"5","PP":"5","FV":"5","PV":"5","PM":"5","9X":"5","7W":"5","QV":"5","HJ":"5","2P":"5","MQ":"5","HM":"5","PR":"5","FW":"5","QP":"5","JR":"5","QR":"5","MR":"5","GJ":"5","CX":"5","QX":"5","MV":"5","CW":"5","XQ":"5","JM":"5","7X":"5","JQ":"5","CV":"5","XP":"5","JP":"5","8X":"5","HQ":"5","XV":"5","PQ":"5","QQ":"5","MP":"5","XM":"5","PW":"5","9W":"5","MM":"5","QW":"5","HP":"5","8W":"5"},"MF":{"JW":"5","PP":"5","RV":"5","PM":"5","MJ":"5","WQ":"5","QP":"5","QR":"5","VV":"5","VP":"5","VR":"5","VQ":"5","JX":"5","PJ":"5","QM":"5","XQ":"5","GX":"5","XP":"5","HW":"5","WR":"5","RQ":"5","QQ":"5","WM":"5","XM":"5","RR":"5","QJ":"5","MM":"5","HX":"5","WP":"5","FX":"5","GW":"5"},"X2":{"22":"5","23":"5"},"G7":{"2X":"5","3R":"5","8X":"5","5J":"5","FM":"5","9X":"5","39":"5","QX":"5","3H":"5","2C":"5","8P":"5","9M":"5","8H":"5","7M":"5","9W":"5","7R":"5","4Q":"5","CP":"5","38":"5","3Q":"5","6F":"5","FV":"5","2R":"5","3X":"5","29":"5","FR":"5","3M":"5","XW":"5","6P":"5","CQ":"5","5Q":"5","7F":"5","VW":"5","6R":"5","FP":"5","GV":"5","5P":"5","9H":"5","FQ":"5","7C":"5","3C":"5","5F":"5","6X":"5","RW":"5","8M":"5","28":"5","4W":"5","9P":"5","58":"5","WX":"5","2G":"5","6V":"5","5W":"5","9F":"5","5H":"5","4H":"5","8G":"5","5G":"5","RX":"5","5X":"5","WW":"5","3P":"5","7P":"5","9R":"5","8C":"5","9Q":"5","5R":"5","3G":"5","GX":"5","59":"5","2W":"5","4C":"5","2H":"5","2P":"5","7Q":"5","CM":"5","MX":"5","69":"5","4V":"5","3J":"5","HX":"5","9J":"5","7J":"5","7X":"5","CR":"5","2V":"5","CJ":"5","9V":"5","CG":"5","6Q":"5","4R":"5","8W":"5","5C":"5","89":"5","79":"5","4M":"5","6M":"5","QW":"5","8R":"5","JX":"5","48":"5","8F":"5","8V":"5","8Q":"5","4X":"5","HW":"5","3F":"5","8J":"5","4F":"5","CH":"5","6H":"5","HV":"5","CX":"5","9C":"5","5V":"5","CW":"5","6C":"5","7G":"5","VX":"5","FW":"5","6W":"5","7V":"5","4J":"5","6J":"5","6G":"5","9G":"5","4P":"5","FX":"5","2J":"5","49":"5","2F":"5","3W":"5","68":"5","MW":"5","4G":"5","XX":"5","7W":"5","CV":"5","PW":"5","2Q":"5","3V":"5","JW":"5","7H":"5","5M":"5","2M":"5","PX":"5","GW":"5"},"F8":{"XR":"5","W7":"5","XH":"5","WJ":"5","X3":"5","X9":"5","X8":"5","WQ":"5","VV":"5","W5":"5","XG":"5","WW":"5","XJ":"5","XQ":"5","WC":"5","XX":"5","WV":"5","WH":"5","X5":"5","XC":"5","X4":"5","XP":"5","WR":"5","XW":"5","XV":"5","WM":"5","VW":"5","W9":"5","XM":"5","W8":"5","XF":"5","X2":"5","WF":"5","VX":"5","WX":"5","W6":"5","W4":"5","WG":"5","X7":"5","WP":"5","X6":"5"},"CQ":{"M3":"5","J3":"5","M4":"5","J4":"5"}},"P2":{"XJ":{"8H":"5","9H":"5","FJ":"5","9G":"5"},"V5":{"CX":"5"},"V6":{"72":"5"},"R6":{"W5":"5"},"XH":{"X9":"5","X8":"5"}},"65":{"7J":{"4W":"5"},"R6":{"MM":"5"},"FV":{"9X":"5"},"PH":{"3X":"5"},"G8":{"8H":"5"},"FX":{"PV":"5","JP":"5"},"PX":{"VV":"5","VQ":"5","2H":"5","XQ":"5","RQ":"5"},"8Q":{"FP":"5"},"9R":{"XC":"5","3X":"5","PG":"5","2W":"5","6V":"5"},"7Q":{"G4":"5"},"58":{"W6":"5","W9":"5","Q9":"5"},"JV":{"74":"5"},"8V":{"XR":"5"},"9P":{"JW":"5"},"68":{"28":"5"},"9Q":{"C8":"5"}},"7C":{"XR":{"2M":"5"},"M8":{"M8":"5"},"R8":{"MM":"5"},"F4":{"M2":"5"},"RX":{"88":"5","MM":"5"},"C3":{"M8":"5"},"PR":{"2M":"5"},"9V":{"82":"5"},"92":{"33":"5"},"QM":{"M6":"5"},"9R":{"8X":"5"},"XX":{"22":"5"},"H6":{"28":"5"},"HV":{"H2":"5"},"H7":{"8X":"5","8M":"5"},"VJ":{"2M":"5"},"HW":{"22":"5"},"RM":{"Q7":"5"},"XW":{"2X":"5"},"WR":{"M2":"5"},"68":{"2M":"5"},"Q8":{"28":"5"},"F3":{"88":"5","MX":"5"},"GW":{"X2":"5"}},"3C":{"8J":{"59":"5"},"45":{"P6":"5"},"3J":{"C8":"5"}},"54":{"3M":{"95":"5","86":"5","C3":"5","G2":"5","85":"5","C2":"5"},"3J":{"CW":"5","FW":"5","FX":"5"},"2P":{"JP":"5"}},"VQ":{"FC":{"3J":"5"}},"H2":{"W5":{"R9":"5","RF":"5","R8":"5","RC":"5"},"6C":{"HG":"5","JG":"5"},"96":{"5G":"5"},"VH":{"J3":"5","H3":"5","H2":"5"},"JC":{"MH":"5","JG":"5","MG":"5","JH":"5"},"WC":{"HG":"5","JG":"5","HF":"5","JF":"5"},"VG":{"GX":"5","CV":"5","FV":"5","FW":"5","HX":"5","GW":"5"},"97":{"2V":"5"},"WG":{"MC":"5","JC":"5","M9":"5","GC":"5","J9":"5","HC":"5","G9":"5"},"WJ":{"MH":"5","HG":"5","JG":"5","HF":"5","GC":"5","HC":"5","JH":"5","MJ":"5","G9":"5"},"XG":{"4F":"5","2C":"5","3C":"5","3F":"5"},"XJ":{"29":"5","39":"5"}},"WR":{"XG":{"9V":"5","8V":"5"},"R8":{"CC":"5"}},"66":{"P8":{"X4":"5"},"76":{"3P":"5"},"MJ":{"52":"5"},"8F":{"CH":"5"},"JF":{"57":"5"},"6H":{"JH":"5"},"V2":{"CH":"5"},"F2":{"2H":"5"},"9J":{"23":"5"},"4J":{"CF":"5","F8":"5","69":"5","9W":"5"},"PG":{"72":"5"},"QM":{"83":"5"},"3M":{"PC":"5"},"Q2":{"54":"5"},"5J":{"Q8":"5"},"4R":{"24":"5"},"PF":{"8W":"5","FJ":"5"},"4Q":{"5C":"5"},"GC":{"G3":"5","97":"5"},"F3":{"GR":"5"},"6C":{"82":"5","93":"5","83":"5","92":"5","73":"5"},"7H":{"6P":"5"},"CQ":{"6J":"5"},"H9":{"3R":"5","6Q":"5"},"6M":{"G2":"5"}},"8M":{"P6":{"3X":"4"},"VW":{"W5":"4","W4":"4"}},"33":{"HC":{"CR":"5"}},"9P":{"24":{"4H":"5","37":"5","5M":"5","22":"5","4M":"5","27":"5","4J":"5","97":"5"},"F3":{"8C":"5","89":"5"},"2C":{"QM":"5","RJ":"5","RR":"5","HV":"5"},"29":{"RF":"5"},"23":{"7V":"5","59":"5"},"27":{"GH":"5"},"25":{"C5":"5"}},"58":{"QM":{"2M":"5"},"CF":{"82":"5"},"CC":{"8X":"5"},"PM":{"XM":"5"},"X9":{"57":"5"}},"QF":{"9M":{"82":"5","88":"5","F7":"5"},"FH":{"2M":"5"},"8H":{"X2":"5"},"9H":{"22":"5"},"CM":{"6V":"5"},"CH":{"22":"5"},"CJ":{"54":"5"},"GH":{"82":"5"},"9J":{"WW":"5","Q7":"5"}},"Q8":{"Q2":{"RW":"5","XR":"5"},"X8":{"Q2":"5","M2":"5","78":"5","CJ":"5","8R":"5","FM":"5","F7":"5","F6":"5","6F":"5","7G":"5","7F":"5","HP":"5","9Q":"5"},"Q3":{"RH":"5","8P":"5"},"Q6":{"WP":"5","8P":"5","WW":"5","4V":"5","F9":"5","H8":"5","5R":"5","4P":"5"},"X9":{"32":"5"},"V6":{"9Q":"5"},"R6":{"FW":"5"},"X7":{"XQ":"5","XH":"5","VJ":"5","RG":"5","8Q":"5","VP":"5","GW":"5","7V":"5","9W":"5","8W":"5","WJ":"5","XG":"5","9P":"5","HX":"5"},"R5":{"62":"5","77":"5","3C":"5","5C":"5","87":"5","66":"5"},"HG":{"JR":"5"},"R3":{"3P":"5","57":"5","73":"5"},"Q7":{"G4":"5"},"W7":{"H7":"5"},"R7":{"9M":"5","CG":"5","93":"5","69":"5","22":"5","QP":"5","FG":"5","CR":"5","9J":"5","9G":"5","HV":"5","9F":"5"},"R4":{"5M":"5","QX":"5","5X":"5","2H":"5"},"V7":{"59":"5"},"W8":{"7F":"5"},"GG":{"VW":"5"},"MC":{"82":"5","52":"5"},"R2":{"F8":"5","J3":"5","5M":"5","R8":"5","C6":"5","H8":"5","X7":"5","H4":"5"},"JF":{"46":"5"},"V2":{"77":"5","VC":"5"}},"64":{"QW":{"PW":"5"},"RX":{"46":"5"},"2M":{"FR":"4","GR":"4"}},"XP":{"42":{"GQ":"5","CP":"5"},"68":{"3P":"5","2H":"5"},"57":{"6X":"5"},"Q8":{"M9":"5","QC":"5"},"58":{"VC":"5","XH":"5"},"4P":{"V5":"5","V3":"5","V4":"5"}},"RG":{"5F":{"62":"5","MQ":"5","JJ":"5","GH":"5"},"7J":{"M3":"5","P8":"5","PC":"5","J5":"5","M8":"5","P9":"5","M6":"5","RC":"5","QC":"5","H5":"5","V9":"5","J4":"5","QF":"5","H6":"5","M2":"5","P2":"5","J6":"5","RF":"5","J7":"5","Q9":"5","M7":"5","J3":"5","Q8":"5","R9":"5"},"4F":{"8M":"5"},"4H":{"V2":"5","X3":"5","W3":"5","V3":"5","W2":"5","X2":"5"},"H3":{"98":"5"},"4J":{"XQ":"5","XP":"5","VH":"5","WH":"5","WG":"5","WJ":"5","WM":"5","XG":"5","XM":"5"},"76":{"VF":"5","J4":"5"},"84":{"CH":"5"},"5G":{"25":"5","37":"5","38":"5","67":"5","26":"5","47":"5","57":"5","58":"5","5C":"5","36":"5","27":"5","28":"5","68":"5"},"7M":{"5F":"5","37":"5","69":"5","6C":"5","38":"5","3C":"5","39":"5","6F":"5","5C":"5","36":"5","4C":"5","68":"5"},"6H":{"CQ":"5","FQ":"5","CP":"5","JM":"5","RV":"5"},"F3":{"HP":"4"},"6F":{"8F":"5","CC":"5"},"6J":{"R7":"5","VX":"5","VW":"5"},"6G":{"JC":"5","M9":"5","PX":"5","J9":"5","MC":"5","MF":"5","JF":"5"},"5J":{"2V":"5","FH":"5","3X":"5","3F":"5","HJ":"5","FF":"5","3W":"5","GJ":"5","3H":"5","9J":"5","3V":"5","4X":"5","4J":"5","CF":"5","2R":"5","9H":"5","2G":"5","9G":"5","2Q":"5","FG":"5","3G":"5","4H":"5","GH":"5","CG":"5","4G":"5"},"85":{"5F":"5"},"3G":{"G4":"5","H3":"5","F3":"5","G3":"5","C3":"5","F4":"5","H4":"5","C4":"5"},"4G":{"RV":"5","PV":"5","W7":"5","X3":"5","QV":"5","V6":"5","R5":"5","X8":"5","W5":"5","V5":"5","W3":"5","V4":"5","XX":"5","R6":"5","X5":"5","X4":"5","W8":"5","PW":"5","R3":"5","QW":"5","WX":"5","W6":"5","W4":"5","RW":"5","X7":"5","X6":"5"},"7H":{"VQ":"5","RM":"5","RQ":"5","RH":"5","VH":"5","QJ":"5","RP":"5","VJ":"5","PR":"5","PX":"5","MW":"5","RG":"5","PJ":"5","VG":"5","VP":"5","RJ":"5","MX":"5","VM":"5","PV":"5","MV":"5"},"5M":{"66":"5","42":"5","43":"5","44":"5","55":"5","54":"5","65":"5"}},"94":{"5M":{"52":"5","62":"5"},"JW":{"3M":"5","3G":"5"},"5J":{"6X":"5","MM":"5"}},"46":{"QX":{"HG":"5","HF":"5","Q3":"4","GG":"5","PF":"5"},"VV":{"V8":"5","R9":"5","VC":"5","R8":"5","Q8":"5","V7":"5","XF":"5","W8":"5","QC":"5","HM":"5","RF":"5","X6":"5","P9":"5"},"RX":{"X9":"5"},"VX":{"5M":"5","XM":"5","HH":"5"},"X3":{"PX":"5"},"WW":{"7G":"5"},"VR":{"CX":"5"},"WR":{"4X":"5","5W":"5","FW":"5","8W":"5","9V":"5","7V":"5"},"QV":{"GQ":"5"},"X4":{"R2":"5"},"WV":{"25":"5","49":"5","34":"5","76":"5","83":"5","92":"5","2C":"5","44":"5","63":"5","74":"5","F3":"5","72":"5","57":"5","85":"5","G2":"5","36":"5","46":"5","94":"5","27":"5","28":"5"}},"RQ":{"VQ":{"V6":"5"},"PM":{"QW":"5"}},"QR":{"56":{"PQ":"5"},"28":{"2G":"5"},"48":{"PQ":"5","QP":"5","PC":"5","Q9":"5","9M":"5","QQ":"5","QF":"5","QC":"5","PF":"5","MC":"5","PP":"5","P9":"5"},"J2":{"54":"5","55":"5"},"39":{"82":"5","J5":"5","72":"5"},"W5":{"X8":"5"},"38":{"8X":"5","7X":"5"},"88":{"CR":"5"},"H5":{"G4":"5","F8":"5","F9":"5","G5":"5","F5":"5"},"36":{"MG":"5"},"82":{"F7":"5"},"22":{"58":"5"},"X5":{"CR":"5","3J":"5"},"V3":{"M6":"5"},"32":{"38":"5"},"58":{"FM":"5"},"85":{"25":"5"},"R2":{"9M":"5"},"47":{"CQ":"5","9M":"5","CP":"5","9P":"5"},"X6":{"84":"5"}},"QH":{"MG":{"Q4":"5","Q2":"5"},"9F":{"VW":"5"},"M5":{"CG":"5","FF":"5"},"FF":{"4G":"5"},"54":{"W5":"5","V5":"5","W4":"5","JH":"5","V4":"5","JG":"5","MG":"5","MH":"5"},"8F":{"3X":"5","5J":"5"},"JF":{"VH":"5","VM":"5"},"X9":{"4W":"5","5X":"5","7W":"5","3W":"5","5W":"5","7V":"5","5V":"5","2X":"5","7X":"5","3X":"5","6V":"5","6X":"5","4V":"5","4X":"5","6W":"5"},"V2":{"49":"5","5F":"5","69":"5","6C":"5","8H":"5","8G":"5","78":"5","6H":"5","59":"5","47":"5","58":"5","57":"5","48":"5","6F":"5","7C":"5","6G":"5","5C":"5","7G":"5","7F":"5","7H":"5","68":"5","79":"5"},"6F":{"8C":"5"},"39":{"4W":"5","3W":"5"},"53":{"W7":"5","X7":"5","W8":"5"},"65":{"J6":"5"},"7G":{"QX":"5","R9":"5","RM":"5","4F":"5","RH":"5","X9":"5","QG":"5","55":"5","RG":"5","PJ":"5","VG":"5","W6":"5"},"8G":{"M9":"5","P9":"5","CP":"5","59":"5"},"CF":{"XJ":"5"},"7C":{"9W":"5","6X":"5"},"W3":{"X6":"5"},"29":{"87":"5","97":"5"},"JG":{"Q4":"5"},"WC":{"X3":"5","W3":"5","W4":"5","X4":"5","X5":"5","W2":"5","X2":"5"},"37":{"99":"5","78":"5","C8":"5","88":"5","68":"5","69":"5","89":"5","58":"5","C9":"5","6C":"5","79":"5","98":"5","97":"5"},"H6":{"WP":"5","WQ":"5","VQ":"5","VP":"5"},"XC":{"32":"5","24":"5","52":"5","42":"5","35":"5","62":"5","34":"5","22":"5","33":"5","23":"5","43":"5","25":"5"},"C9":{"JR":"5"},"7F":{"GX":"5","QW":"5","W7":"5"},"5J":{"F3":"5","C3":"5","F4":"5","C4":"5"},"64":{"7G":"5","6F":"5","6G":"5","7F":"5"},"HF":{"74":"5","97":"5"},"J7":{"M9":"5"},"MF":{"J8":"5"},"X2":{"MH":"5","HG":"5","JG":"5","FH":"5","MF":"5","HF":"5","GC":"5","FC":"5","FG":"5","GG":"5","PF":"5","MG":"5","JF":"5","GH":"5","JH":"5","PG":"5","HH":"5","GF":"5","FF":"5","GW":"5"},"8C":{"8R":"5"},"7H":{"P2":"5"}},"52":{"JM":{"57":"5"}},"32":{"CQ":{"C5":"5","96":"5","95":"5","C6":"5"}},"M2":{"M3":{"9C":"5","C9":"5","J7":"5","G9":"5","97":"5","M7":"5","CC":"5","F9":"5","99":"5","98":"5","27":"5","28":"5"},"52":{"W6":"5","X6":"5","X5":"5"},"3F":{"93":"5","C3":"5","C2":"5"},"2F":{"49":"5","59":"5","H6":"5"},"39":{"2V":"5","2R":"5"},"F2":{"74":"5"},"C2":{"66":"5","77":"5","87":"5","42":"5","43":"5","53":"5","76":"5","64":"5","54":"5","65":"5"},"92":{"9M":"5","CM":"5","9J":"5"},"29":{"4P":"5","9C":"5","5P":"5","4F":"5","3C":"5","5Q":"5","RR":"5","8P":"5","2Q":"5","2C":"5","3P":"5","WW":"5","8Q":"5","4Q":"5","WX":"5","6Q":"5","RV":"5","QV":"5","6R":"5","29":"5","2P":"5","WV":"5","4C":"5","QR":"5"},"82":{"M3":"5","P2":"5","P3":"5","M6":"5","M5":"5","M4":"5"},"G2":{"VV":"5","VW":"5"},"35":{"W6":"5","W5":"5","V7":"5","W4":"5","W7":"5"},"24":{"R7":"5","V6":"5","R6":"5","R5":"5"},"M2":{"9M":"5","CP":"5","9P":"5"},"42":{"6C":"5","JH":"5","HG":"5","5H":"5","55":"5","6H":"5","JG":"5","45":"5","5C":"5","5J":"5","MH":"5"},"3C":{"RH":"5","95":"5","G3":"5","QP":"5","CX":"5","H2":"5","G2":"5","QQ":"5","94":"5"},"H3":{"QF":"5"},"62":{"25":"5"},"J3":{"X7":"5","X8":"5"},"F3":{"WM":"5"},"C4":{"QF":"5","5M":"5","6M":"5","QC":"5","G9":"5","6J":"5"},"2C":{"4H":"5","6F":"5","4G":"5","HW":"5","W3":"5","JV":"5","5F":"5","JW":"5","4C":"5","HV":"5","W2":"5","GW":"5"}},"RF":{"PX":{"88":"5"},"GX":{"5W":"5"},"VR":{"8J":"5","7G":"5","8H":"5","7H":"5","6G":"5","6H":"5","7J":"5"},"WM":{"Q4":"5","P4":"5"}},"85":{"83":{"GQ":"5"},"F3":{"C2":"5"},"WQ":{"V8":"5","R9":"5","Q6":"5","V6":"5","R6":"5","Q5":"5","R8":"5","Q9":"5","5H":"5","6H":"5","R7":"5","Q8":"5","V7":"5","P6":"5","V9":"5","P8":"5","P7":"5"},"8W":{"F4":"5"},"MJ":{"R5":"5"},"PW":{"HM":"5","HP":"5"},"F2":{"CW":"5","FX":"5"}},"P7":{"XV":{"PF":"5"}},"WW":{"VV":{"WM":"5","VM":"5"},"WR":{"FR":"5","GV":"5","FH":"5","FV":"5","GR":"5"}},"86":{"32":{"HM":"5","GC":"5"},"5H":{"9X":"5"},"HW":{"8V":"5"},"XV":{"RR":"5"},"4R":{"H7":"5"},"5V":{"36":"5"},"4Q":{"9W":"5"},"2R":{"C8":"5","93":"5","83":"5","94":"5","84":"5"}},"MP":{"33":{"7C":"5"}},"Q7":{"4P":{"WC":"5"},"5P":{"J6":"5"},"RX":{"QG":"5","PW":"5","MX":"5","W9":"5","VM":"5","VC":"5","X9":"5"},"7J":{"97":"5"},"4F":{"GJ":"5","HJ":"5","HM":"5","FJ":"5","GM":"5"},"VX":{"78":"5","P9":"5","9G":"5","J4":"5"},"5Q":{"6W":"5"},"JH":{"96":"5","95":"5","76":"5","67":"5","75":"5","66":"5","65":"5"},"XV":{"35":"5","34":"5"},"8G":{"24":"5","23":"5"},"78":{"97":"5"},"3F":{"CG":"5","CF":"5","CC":"5","9C":"5","9G":"5","9F":"5"},"HJ":{"JC":"5","M9":"5","MG":"5","MC":"5","MF":"5","JF":"5","9Q":"5"},"3P":{"52":"5","63":"5"},"59":{"5P":"5","4Q":"5","5Q":"5","4P":"5"},"W8":{"FR":"5","GV":"5","FQ":"5","FV":"5","GR":"5"},"CM":{"34":"5"},"XR":{"5H":"5"},"WX":{"CC":"5"},"VW":{"PW":"5"},"MG":{"5P":"5","6Q":"5","6P":"5","5Q":"5"},"WR":{"QM":"5","WM":"5","RM":"5"},"JV":{"7F":"5"},"3H":{"9H":"5"},"7G":{"X3":"5","W4":"5","X4":"5","X5":"5"},"85":{"QW":"5","QR":"5","RV":"5","RR":"5","QV":"5"},"WV":{"HM":"5"},"HQ":{"RG":"5","VG":"5","RF":"5","RC":"5","VF":"5","VC":"5"},"MR":{"4W":"5"}},"XG":{"HG":{"J2":"5","P5":"5","P9":"5","94":"5","C4":"5"},"78":{"37":"5"},"JG":{"5M":"5","6M":"5"},"68":{"M3":"5","J2":"5","J3":"5","M2":"5"},"67":{"GX":"4","FX":"4"},"FJ":{"MH":"5","HJ":"5","JH":"5"},"FX":{"CQ":"5","CW":"5"}},"8C":{"8G":{"XM":"5"},"HR":{"RG":"5"},"88":{"M2":"5"},"F3":{"RM":"5"},"29":{"8M":"5"},"9G":{"2M":"5"},"9F":{"8M":"5"}},"9Q":{"C7":{"WC":"5"},"33":{"3C":"5"},"VM":{"XX":"5","WX":"5"},"VP":{"W2":"5","X2":"5"}},"95":{"95":{"6H":"5","P4":"5","J7":"5"},"F2":{"3R":"5"},"58":{"75":"5"},"85":{"54":"5","44":"5","49":"5","4C":"5"},"XH":{"59":"5"},"94":{"RP":"5"}},"78":{"V2":{"JM":"5"},"V4":{"95":"5"}},"3G":{"QG":{"WG":"5"},"WJ":{"GH":"5"}},"R4":{"Q6":{"H5":"5","9W":"5"},"H5":{"XM":"5"},"M6":{"2M":"5"},"8W":{"5J":"5"},"P8":{"32":"5","44":"5","34":"5","22":"5","33":"5","43":"5"},"8V":{"9Q":"5"},"P7":{"3X":"5"}},"X2":{"X6":{"H3":"5"},"R6":{"6C":"5"}},"VJ":{"W5":{"XP":"5"},"R8":{"W5":"5","MF":"5","JM":"5","R6":"5"},"JX":{"9R":"5"}},"Q2":{"WF":{"W5":"5","QG":"5","X7":"5","X5":"5","QF":"5","VG":"5","W6":"5","WG":"5","X6":"5"},"Q3":{"WG":"5"},"2J":{"73":"5"},"56":{"C4":"5"},"R6":{"V5":"5"},"PH":{"Q7":"5"},"H4":{"C5":"5","6X":"5"},"XF":{"XQ":"5","QW":"5","VQ":"5","QX":"5","XV":"5","HG":"5","XW":"5","WQ":"5","WR":"5","QV":"5","WV":"5","PV":"5","PW":"5","7H":"5"},"P6":{"GG":"5","HX":"5","GF":"5","FF":"5"},"H5":{"82":"5","62":"5","72":"5"},"52":{"CQ":"5","9M":"5","CP":"5","9P":"5"},"XG":{"M3":"5","WJ":"5","XH":"5","M5":"5","R8":"5","V6":"5","R7":"5","Q7":"5","R5":"5","RC":"5","Q3":"5","XG":"5","P4":"5","XJ":"5","VC":"5","V8":"5","Q6":"5","V9":"5","P7":"5","WC":"5","VF":"5","R6":"5","VG":"5","WH":"5","V7":"5","Q2":"5","P2":"5","P3":"5","W9":"5","XM":"5","VH":"5","W8":"5","RF":"5","WF":"5","M4":"5","Q8":"5","P6":"5","WG":"5","R9":"5","R4":"5","Q5":"5","Q4":"5","P5":"5"},"2H":{"49":"5","29":"5","5C":"5","4C":"5","6C":"5","39":"5"}},"X6":{"M3":{"9V":"5"},"69":{"XJ":"5","PX":"5","XM":"5","XH":"5"},"6C":{"P2":"5","P3":"5","Q2":"5"},"77":{"HM":"5","HP":"5","GP":"5","GM":"5"},"9G":{"47":"5","48":"5"},"96":{"5W":"5","6W":"5","6X":"5","5X":"5"},"87":{"MV":"5","MH":"5","MR":"5","PJ":"5","MF":"5","WF":"5","WC":"5","PF":"5","MG":"5","PH":"5","PG":"5","MJ":"5"},"8F":{"GX":"5","FW":"5","FX":"5"},"67":{"V8":"5","R9":"5","VC":"5","R8":"5","Q9":"5","RC":"5","R7":"5","Q8":"5","V7":"5","V9":"5"},"5G":{"9F":"5","FH":"5","GG":"5","FF":"5","MQ":"5","8F":"5","HM":"5","FJ":"5","8G":"5","CF":"5","JM":"5","CJ":"5","JQ":"5","9G":"5","JP":"5","FG":"5","HQ":"5","GF":"5","MP":"5","CH":"5","CG":"5","HP":"5"},"F8":{"RF":"5","RC":"5","VF":"5","VC":"5"},"F3":{"RM":"5","RV":"5","QJ":"5","VG":"5","VM":"5","MQ":"5","X9":"5","VJ":"5","WW":"5","RP":"5","XC":"5","WH":"5","VQ":"5","WF":"5","PW":"5","WV":"5","XW":"5","XV":"5","WR":"5","RJ":"5","RG":"5","XX":"5","JV":"5","VR":"5","PM":"5","MW":"5","XQ":"5","WP":"5","WX":"5","VW":"5","MR":"5","XR":"5","PV":"5","WM":"5","WG":"5","WC":"5","VX":"5","QW":"5","QH":"5","PQ":"5","RW":"5","PP":"5","QP":"5","XP":"5","XF":"5","XJ":"5","RQ":"5","WQ":"5","XH":"5","WJ":"5","VH":"5","QQ":"5","PJ":"5","VV":"5","QV":"5","PR":"5","RR":"5","MP":"5","VF":"5","MV":"5","JW":"5","QM":"5","VP":"5","RX":"5","XM":"5","RH":"5","QR":"5","XG":"5"},"97":{"52":"5"},"5W":{"F7":"5"},"G3":{"29":"5","3P":"5","66":"5","4H":"5","39":"5","86":"5","59":"5","6F":"5","2X":"5","4R":"5","4M":"5","8F":"5","2J":"5","5G":"5","83":"5","5H":"5","8M":"5","2G":"5","3M":"5","2M":"5","85":"5","7F":"5","79":"5","68":"5","74":"5","76":"5","6Q":"5","73":"5","4G":"5","96":"5","3Q":"5","8H":"5","4C":"5","3V":"5","2V":"5","7R":"5","88":"5","47":"5","4V":"5","5J":"5","7C":"5","7P":"5","5P":"5","2P":"5","5V":"5","57":"5","7J":"5","7H":"5","2F":"5","4J":"5","49":"5","48":"5","7Q":"5","3H":"5","6J":"5","3F":"5","4P":"5","2Q":"5","5C":"5","5R":"5","6P":"5","7M":"5","75":"5","82":"5","2C":"5","4F":"5","5F":"5","77":"5","65":"5","3J":"5","5M":"5","4Q":"5","2H":"5","6M":"5","78":"5","6C":"5","3R":"5","64":"5","55":"5","38":"5","8C":"5","67":"5","56":"5","89":"5","2R":"5","7G":"5","8G":"5","94":"5","58":"5","95":"5","2W":"5","8J":"5","87":"5","69":"5","6R":"5","6G":"5","3W":"5","3G":"5","84":"5","5Q":"5","72":"5","6H":"5","3C":"5"},"89":{"FW":"5","FR":"5","FV":"5","CW":"5","9W":"5","CV":"5","GR":"5","GV":"5"},"88":{"H9":"5","M4":"5","J6":"5","H8":"5","G8":"5","H4":"5","G9":"5","H7":"5","J5":"5","F8":"5","J3":"5","H6":"5","H5":"5","G7":"5","G6":"5","J4":"5"},"7F":{"78":"5","88":"5","96":"5","86":"5","77":"5","87":"5","98":"5","97":"5"},"C3":{"CV":"5","CW":"5","FV":"5","FW":"5"},"79":{"2J":"5","FH":"5","GG":"5","FF":"5","2M":"5","FJ":"5","3H":"5","9J":"5","3M":"5","CJ":"5","9H":"5","3J":"5","HH":"5","FG":"5","2H":"5","HG":"5","4H":"5","HF":"5","HC":"5","CH":"5","GH":"5"}},"WV":{"CQ":{"XH":"5"},"FQ":{"7H":"5","7J":"5"}},"W3":{"4W":{"W9":"5"}},"V5":{"G2":{"JG":"5","MG":"5"}},"XC":{"83":{"XQ":"5"},"XF":{"MP":"5","F7":"5","JM":"5","PM":"5","MM":"5"},"H5":{"4F":"5","4G":"5"},"F7":{"6X":"5","7X":"5","8Q":"5","7Q":"5"},"C8":{"J2":"5"},"C7":{"MH":"5","HG":"5","JH":"5","HH":"5"},"54":{"69":"5"}},"VC":{"6C":{"87":"5"}},"CM":{"Q7":{"R5":"4"},"7J":{"4X":"5","3X":"5"}},"WQ":{"V2":{"PC":"5"},"8W":{"32":"5","22":"5"}},"69":{"82":{"MX":"5","JV":"5"},"F7":{"J5":"5"},"H5":{"MX":"5"},"6G":{"M8":"5"},"R5":{"88":"5"},"H6":{"88":"5"}},"M5":{"95":{"JG":"5","49":"5","68":"5","69":"5","6C":"5","79":"5"},"W3":{"5C":"5","6J":"5"},"W4":{"32":"5"},"V3":{"WW":"5"},"C6":{"J3":"5","H3":"5","28":"5","H2":"5"},"85":{"XJ":"5","WH":"5","XH":"5"}},"34":{"QM":{"C2":"5"},"HR":{"MF":"5","JF":"5","PH":"5"},"5P":{"34":"5"},"FH":{"F8":"5"},"49":{"7F":"5"},"6Q":{"CH":"5"},"QV":{"PP":"5"},"5Q":{"XF":"5"}},"R8":{"28":{"35":"5","43":"5"},"27":{"2Q":"5","3R":"5","6V":"5","3W":"5"}},"X9":{"GM":{"F2":"5","G2":"5","C2":"5"},"8X":{"HJ":"5"},"V3":{"33":"5","66":"5","34":"5","56":"5","42":"5","53":"5","43":"5","64":"5","44":"5","63":"5","55":"5","74":"5","62":"5","72":"5","52":"5","45":"5","57":"5","32":"5","46":"5","75":"5","73":"5","54":"5","65":"5"},"8P":{"CP":"5"},"JX":{"M3":"5","Q4":"5","P3":"5","Q3":"5","P4":"5","M4":"5"},"9X":{"RR":"5","67":"5","8R":"5","HV":"5","6F":"5","CF":"5","CR":"5","65":"5"},"W6":{"66":"5","77":"5","56":"5","76":"5","64":"5","67":"5","55":"5","45":"5","47":"5","58":"5","57":"5","48":"5","36":"5","46":"5","54":"5","65":"5","68":"5"},"7V":{"4R":"5","7P":"5","7V":"5"},"FH":{"RW":"5","XX":"5","VV":"5","QW":"5","QX":"5"},"7X":{"Q6":"5"},"2P":{"VG":"5"},"GJ":{"CP":"5","C8":"5","J9":"5","9F":"5","GM":"5","H8":"5","MJ":"5","9M":"5","CM":"5","F9":"5","FH":"5","GG":"5","FF":"5","HJ":"5","JF":"5","FP":"5","HM":"5","FJ":"5","GJ":"5","9J":"5","FM":"5","G9":"5","G8":"5","CF":"5","M9":"5","HR":"5","JG":"5","JM":"5","CJ":"5","JC":"5","9H":"5","98":"5","JQ":"5","GX":"5","F7":"5","HV":"5","JP":"5","24":"5","FG":"5","MC":"5","GF":"5","C9":"5","MP":"5","J8":"5","9C":"5","25":"5","MH":"5","JJ":"5","JH":"5","HF":"5","MF":"5","HC":"5","MM":"5","CC":"5","FC":"5","CH":"5","GC":"5","C7":"5","GH":"5","CG":"5","F8":"5","GW":"5","H9":"5"},"R2":{"XQ":"5","XP":"5","XV":"5","XW":"5","WQ":"5","XR":"5","WR":"5","WV":"5"},"FJ":{"M5":"5"},"V2":{"4W":"5","4P":"5","2V":"5","5Q":"5","5R":"5","2Q":"5","4R":"5","3V":"5","3P":"5","7W":"5","2W":"5","3W":"5","3Q":"5","4Q":"5","5W":"5","7V":"5","5V":"5","6Q":"5","2R":"5","6R":"5","3M":"5","2M":"5","6V":"5","6X":"5","4V":"5","2P":"5","7R":"5","6W":"5","3R":"5"}},"Q6":{"7G":{"MM":"5"},"V6":{"8G":"5","8H":"5","9H":"5","9G":"5"}},"PJ":{"8J":{"FP":"5"}},"PP":{"9G":{"48":"5"},"5Q":{"J7":"5"},"8G":{"JP":"5"},"5G":{"53":"5"},"F8":{"FR":"5","7C":"5"},"CG":{"Q6":"5","R6":"5","R8":"5","Q7":"5","R7":"5","Q8":"5","P6":"5","P8":"5","P7":"5"},"9J":{"4V":"5"},"CC":{"9X":"5"},"FC":{"24":"5","34":"5","33":"5"},"F9":{"JH":"5","J4":"5"},"CF":{"8H":"5","7H":"5","6H":"5","7J":"5","6J":"5"},"FJ":{"G4":"5"}},"96":{"F4":{"8M":"5","RJ":"5","MM":"5"},"F5":{"GJ":"5","8M":"5","HJ":"5","C3":"5","GH":"5","HH":"5"}},"9J":{"8P":{"2V":"5"}},"QQ":{"56":{"VR":"5","XV":"5","WQ":"5","XR":"5","WR":"5","WV":"5"},"GM":{"R3":"5"},"GG":{"9C":"4"},"V2":{"H8":"5"},"7P":{"F3":"5"},"77":{"8R":"5","7W":"5","9V":"5","2P":"5"},"99":{"5P":"5"},"97":{"4V":"4"},"4V":{"G4":"5","G5":"5","9G":"5","6C":"5"},"MR":{"W3":"5"},"QX":{"QG":"5","R2":"5","V2":"5"},"CF":{"7P":"5"},"89":{"FP":"5","WM":"5"},"29":{"MV":"5"},"2R":{"82":"5","72":"5"},"66":{"2W":"5"},"5G":{"6G":"5","3P":"5"},"35":{"G2":"5","Q7":"5"},"2Q":{"5W":"5","3R":"5","4V":"5","6W":"5","6X":"5","5X":"5","4W":"5"},"45":{"5F":"5","6C":"5","56":"5","JP":"5","6F":"5","5C":"5","6G":"5","7G":"5","46":"5","7F":"5","7H":"5"},"8R":{"VV":"5"},"78":{"86":"5","72":"5","87":"5","6P":"5"},"9C":{"4H":"5","43":"5"},"4R":{"9W":"5","CX":"5","FX":"5"},"2W":{"4F":"5"},"67":{"5H":"5","QF":"5"},"68":{"F3":"5","F2":"5","HC":"5","G2":"5"},"QW":{"VV":"5","VX":"5","RX":"5","VW":"5"},"5C":{"H8":"5"},"5H":{"J8":"5"}},"P9":{"47":{"96":"5","74":"5","95":"5","75":"5","85":"5","94":"5","84":"5"},"57":{"2X":"5","3X":"5","2W":"5"}},"J2":{"89":{"V3":"5"},"83":{"MH":"5","JG":"5","JF":"5","JH":"5","MJ":"5","MM":"5"},"95":{"3Q":"5","RG":"5","37":"5","92":"5","6W":"5","4R":"5","XQ":"5"},"J4":{"MV":"5","PV":"5","PR":"5","QR":"5","JV":"5","27":"5"},"F3":{"4M":"5"},"V2":{"PW":"5","PV":"5","PR":"5","MX":"5","MW":"5"},"V8":{"6X":"5","5X":"5"},"72":{"R6":"5"},"GG":{"HC":"5"},"F6":{"CQ":"5","FR":"5","9M":"5","8J":"5","8H":"5","7H":"5","FQ":"5","FV":"5","CP":"5","9P":"5","9J":"5","R6":"5"},"M8":{"29":"5","9F":"5","86":"5","2J":"5","23":"5","8M":"5","2G":"5","37":"5","3M":"5","9G":"5","85":"5","6Q":"5","32":"5","88":"5","9C":"5","47":"5","7P":"5","57":"5","53":"5","9H":"5","2F":"5","6P":"5","7M":"5","75":"5","9J":"5","CG":"5","3J":"5","2H":"5","99":"5","64":"5","43":"5","38":"5","89":"5","22":"5","CH":"5","42":"5","8J":"5","87":"5","28":"5","5Q":"5"},"H4":{"46":"5","V2":"5","W3":"5","X6":"5","W4":"5","X4":"5","X5":"5","6R":"5","X7":"5","W2":"5"},"Q9":{"WH":"5","VG":"5","VF":"5","WG":"5"},"X3":{"C3":"5","C2":"5"},"86":{"X3":"5","M5":"5","X2":"5"},"P3":{"P3":"5","M3":"5","Q3":"5","W4":"5","V3":"5","R3":"5","J3":"5","V4":"5","GR":"5","X4":"5","GV":"5"},"C5":{"4W":"5","5Q":"5","J7":"5","5R":"5","2Q":"5","3Q":"5","4Q":"5","5W":"5","5V":"5","6X":"5","4V":"5","4X":"5","6W":"5"},"H8":{"WW":"5","WV":"5"},"V3":{"F3":"5","G3":"5"},"G3":{"2G":"5","4X":"5"},"Q3":{"54":"5","24":"5","64":"5","74":"5","44":"5","34":"5","75":"5","85":"5"},"H9":{"J5":"5","J6":"5","J4":"5"},"R3":{"44":"5","33":"5","43":"5"},"22":{"4H":"5","4G":"5","4J":"5","3G":"5"},"75":{"XX":"5","XW":"5"},"53":{"V6":"5"},"H3":{"VV":"5","VX":"5","Q2":"5","RV":"5","RR":"5","QQ":"5","RQ":"5","VW":"5"},"57":{"66":"5","55":"5","26":"5","45":"5","36":"5","46":"5","35":"5","27":"5"},"X2":{"38":"5","37":"5","CX":"5","PC":"5","PF":"5","FX":"5","36":"5"},"36":{"XC":"5","52":"5","42":"5","P8":"5","WC":"5","Q8":"5","X9":"5","P7":"5"},"96":{"76":"5","68":"5","22":"5","2H":"5"},"55":{"CP":"5","CM":"5","CH":"5","9P":"5","CJ":"5"},"F4":{"XP":"5","VC":"5","7Q":"5"},"C4":{"M3":"5","P2":"5","X9":"5"},"74":{"R4":"5","RJ":"5"},"29":{"GQ":"5"},"X9":{"XQ":"5","VQ":"5","RM":"5","RQ":"5","7J":"5","RP":"5","59":"5","CM":"5","58":"5","6J":"5","9P":"5"},"Q6":{"X6":"5","X7":"5"},"HX":{"P6":"5","Q6":"5","M7":"5","M6":"5","Q7":"5","J7":"5"},"W2":{"4W":"5","RM":"5","8X":"5","WH":"5","VJ":"5","2W":"5","7W":"5","3W":"5","9X":"5","5W":"5","CX":"5","VM":"5","8W":"5","WJ":"5","6W":"5","QM":"5"},"Q7":{"82":"5","83":"5","7F":"5"},"9P":{"J7":"5"},"VH":{"64":"5"},"H2":{"QW":"5","QX":"5","X7":"5","PR":"5","X5":"5","JM":"5","MP":"5","QV":"5","X6":"5","PP":"5","MM":"5","X4":"5","PV":"5"},"R5":{"QX":"5","C2":"5","83":"5","C6":"5","C4":"5","93":"5","94":"5","C3":"5"},"HJ":{"WH":"5","WG":"5"},"93":{"G4":"5","F3":"5","G3":"5","F2":"5","C2":"5"},"G5":{"38":"5","WW":"5","49":"5","WV":"5","39":"5","VW":"5"},"84":{"JV":"5","JR":"5"},"65":{"4X":"5","3R":"5","4V":"5","3V":"5","4W":"5"},"R2":{"VV":"5","44":"5","VR":"5"},"J6":{"W5":"5","V5":"5","Q3":"5","JC":"5","Q4":"5","HF":"5","GC":"5","GF":"5","X5":"5","R4":"5","WX":"5","X4":"5","HC":"5","JF":"5"},"63":{"35":"5","PR":"5","28":"5","27":"5","26":"5","25":"5"},"67":{"93":"5","C3":"5","94":"5","84":"5"},"92":{"9W":"5","CX":"5","9X":"5"},"G6":{"C3":"5","92":"5","C2":"5"},"Q2":{"9C":"5","8F":"5","9F":"5","89":"5","88":"5","99":"5","98":"5","8C":"5"},"Q5":{"VJ":"5","RH":"5","RG":"5","VH":"5","RF":"5","RC":"5","VM":"5","QC":"5","VP":"5"},"46":{"WF":"5","C9":"5","HF":"5","GC":"5","VF":"5","QF":"5","XF":"5","QC":"5","RF":"5","FC":"5","PF":"5","F9":"5","29":"5","HC":"5","MF":"5","99":"5","JF":"5"},"99":{"8F":"5","MW":"5"},"C2":{"5P":"5","5Q":"5","4P":"5"},"Q4":{"96":"5","JC":"5","G5":"5","86":"5","C6":"5","C4":"5","95":"5","F6":"5","F5":"5","85":"5","C5":"5","94":"5"},"Q8":{"88":"5","76":"5","86":"5","87":"5"},"XC":{"RH":"5","74":"5","QF":"5","R7":"5","H3":"5","V7":"5","VH":"5","98":"5"},"56":{"2Q":"5","2F":"5","2R":"5","2M":"5","2P":"5"},"F5":{"9M":"5","2J":"5","8P":"5","CM":"5","9P":"5","2P":"5"},"P8":{"XJ":"5","XC":"5","HR":"5","GQ":"5","W9":"5","GR":"5","WJ":"5","WC":"5","X9":"5","XH":"5"},"HG":{"96":"5","H8":"5","G8":"5","84":"5","C6":"5","F7":"5","G7":"5","95":"5","85":"5","C7":"5"},"J7":{"W2":"5"},"J2":{"MH":"5","MG":"5","PG":"5","MJ":"5"},"J8":{"W5":"5","X9":"5","VH":"5","V6":"5","QG":"5","R6":"5","PC":"5","X5":"5","QF":"5","Q7":"5","RG":"5","R7":"5","X3":"5","VG":"5","Q8":"5","XC":"5","XF":"5","W6":"5","QC":"5","WG":"5","P8":"5","XG":"5","X4":"5","P9":"5"},"C7":{"MH":"5","M2":"5","MJ":"5"},"85":{"2X":"5","3X":"5","4V":"5","4R":"5","2W":"5","5R":"5"},"M6":{"25":"5"},"47":{"M7":"5","P7":"5"},"W8":{"9R":"5","4M":"5","4Q":"5","4P":"5"},"P6":{"7P":"5","6M":"5","6P":"5"},"HC":{"X7":"5"},"66":{"54":"5","42":"5","44":"5","43":"5","45":"5","55":"5"},"VF":{"VJ":"5","CV":"5","FV":"5","VH":"5","FW":"5","VM":"5"},"R6":{"Q4":"5","R4":"5","56":"5","Q3":"5","W4":"5","Q2":"5","R5":"5","66":"5"},"G4":{"2Q":"5","3R":"5","3V":"5","2R":"5","2P":"5","3W":"5"},"42":{"F6":"5","G6":"5","H6":"5"},"88":{"R9":"5","XR":"5"},"C6":{"42":"5","33":"5","43":"5"}},"J8":{"C5":{"RP":"5","VR":"5","VQ":"5","VP":"5","RQ":"5"},"HG":{"G9":"5"},"7P":{"PP":"5","PM":"5","MJ":"5","WJ":"5","RJ":"5","QP":"5","VP":"5","RH":"5","VQ":"5","PJ":"5","QM":"5","JM":"5","VJ":"5","JP":"5","PH":"5","RM":"5","WM":"5","MP":"5","MH":"5","VH":"5","JJ":"5","QH":"5","QJ":"5","RP":"5","JH":"5","MM":"5","VM":"5","WP":"5"},"C6":{"HG":"5","JG":"5","HF":"5","JF":"5"},"6Q":{"WF":"5","28":"5","WC":"5"},"2H":{"38":"5","MM":"5","39":"5"}},"XJ":{"VQ":{"9X":"5"},"4M":{"46":"5","47":"5","56":"5","57":"5","58":"5"},"XX":{"P6":"5","P5":"5","WC":"5"},"JH":{"P6":"5","R2":"5","FM":"5","44":"5","H5":"5","34":"5","M6":"5","CM":"5","89":"5","55":"5","G5":"5","9F":"5","R3":"5"},"RW":{"RQ":"5"},"XV":{"QG":"5","QF":"5","8P":"5","PF":"5","QC":"5"},"QP":{"FC":"5","FG":"5"},"HG":{"FG":"5","V3":"5"},"J9":{"4F":"5"},"XW":{"J5":"5","H5":"5","H6":"5"},"JG":{"PW":"5","PV":"5","F7":"5","8W":"5","8V":"5","6P":"5","7Q":"5"},"VR":{"76":"5","86":"5","75":"5"},"HH":{"H5":"5"},"X6":{"8P":"5","7P":"5","8Q":"5","7Q":"5","9Q":"5"},"HW":{"4C":"5"},"WV":{"HR":"5","PQ":"5","PR":"5","7M":"5","JQ":"5","7P":"5","JM":"5","JR":"5","7Q":"5","MQ":"5","6Q":"5","JV":"5","MM":"5","MV":"5","HQ":"5","MR":"5"},"JF":{"7P":"5"}},"C3":{"6G":{"FQ":"5"},"9W":{"F7":"5"},"7Q":{"R8":"5"}},"CR":{"5G":{"QX":"4"},"JM":{"FP":"4"},"MQ":{"R4":"4","VF":"4"}},"P8":{"PP":{"FV":"5","9X":"5","7W":"5","FW":"5","FR":"5","9V":"5","CX":"5","CW":"5","7V":"5","7X":"5","CR":"5","9R":"5","GX":"5","CV":"5","8V":"5","8X":"5","8R":"5","9W":"5","FX":"5","GW":"5","8W":"5"},"MJ":{"7Q":"5","9Q":"5","2J":"5","2V":"5","3Q":"5","2P":"5","2M":"5","5P":"5","6Q":"5","7P":"5","3H":"5","9V":"5","4J":"5","8Q":"5","2R":"5","3M":"5","7V":"5","7R":"5","6P":"5","9R":"5","3J":"5","8V":"5","2Q":"5","4M":"5","2H":"5","8R":"5","8P":"5","5M":"5","5J":"5","4H":"5","6J":"5","6R":"5","3R":"5","2W":"5","4Q":"5","4P":"5","5H":"5","6M":"5","3P":"5"},"FH":{"HQ":"5"},"QG":{"6X":"5","7X":"5","5X":"5"},"RX":{"HP":"5"},"QP":{"4R":"5","3P":"5","3Q":"5","9R":"5","CR":"5","3R":"5","9Q":"5"},"JM":{"XQ":"5","XP":"5","XH":"5","WH":"5","WP":"5","XF":"5","WQ":"5","WG":"5","WJ":"5","WM":"5","XG":"5","XJ":"5","XM":"5"},"J4":{"6F":"5","6G":"5","5G":"5","5F":"5","5C":"5","6C":"5"},"JP":{"XJ":"5","J7":"5"},"PH":{"W8":"5","R9":"5","P6":"5","MC":"5","R8":"5","V6":"5","RC":"5","M8":"5","VG":"5","8F":"5","P7":"5","V4":"5","J9":"5","PF":"5","RF":"5","GH":"5","WF":"5","9G":"5","JF":"5","79":"5","R5":"5","Q9":"5","RG":"5","X4":"5","R7":"5","JC":"5","VC":"5","X6":"5","V7":"5","GG":"5","PH":"5","P8":"5","MJ":"5","P9":"5","M9":"5","7C":"5","JJ":"5","WG":"5","Q5":"5","V8":"5","QH":"5","PC":"5","HH":"5","W7":"5","XJ":"5","R4":"5","CG":"5","GC":"5","XH":"5","Q6":"5","MF":"5","PJ":"5","W9":"5","W3":"5","HJ":"5","VF":"5","X7":"5","8C":"5","W4":"5","W6":"5","QC":"5","8G":"5","XG":"5","QG":"5"},"PQ":{"82":"5","93":"5","83":"5","72":"5","F2":"5","92":"5","C2":"5"},"MH":{"69":"5","7C":"5","6C":"5","79":"5"},"JJ":{"XQ":"5","QW":"5","VQ":"5","XP":"5","VV":"5","RR":"5","RW":"5","XV":"5","WP":"5","WW":"5","VP":"5","XW":"5","WQ":"5","XR":"5","VW":"5","VR":"5","RV":"5","WR":"5","WJ":"5","WM":"5","XJ":"5","WV":"5","XM":"5"},"QH":{"34":"5","87":"5","42":"5","43":"5","64":"5","44":"5","63":"5","55":"5","26":"5","62":"5","52":"5","36":"5","46":"5","54":"5"},"JH":{"PQ":"5","PR":"5","JQ":"5","JR":"5","MQ":"5","MV":"5","MR":"5"},"HF":{"55":"5"},"F6":{"GM":"5"},"MM":{"2Q":"5","2G":"5","2J":"5","3H":"5","3J":"5","2M":"5","2P":"5","2H":"5","3G":"5"},"GC":{"56":"5"},"X6":{"W5":"5","V5":"5"}},"MM":{"4V":{"RW":"5"},"4Q":{"G3":"5","QJ":"5"},"4P":{"6J":"5"}},"P3":{"6V":{"5V":"5"}},"93":{"RW":{"2M":"5"},"QW":{"XM":"5"}},"MR":{"6G":{"M3":"5","R4":"5","V5":"5","V4":"5","M4":"5","P4":"5","R5":"5","3G":"5"},"GM":{"RV":"5"},"7W":{"MF":"5","CX":"5","JJ":"5"},"RJ":{"MH":"5"},"3X":{"C9":"5"},"HJ":{"JV":"5"},"7P":{"FW":"5","FX":"5","3W":"5"},"77":{"X6":"5"},"9J":{"RC":"5","QC":"5"},"7G":{"QW":"5","QV":"5"},"VC":{"G7":"5","G6":"5"},"8G":{"JC":"5","J9":"5"},"87":{"26":"5"},"9V":{"Q6":"5","GV":"5","FQ":"5","GP":"5","JJ":"5","JH":"5","R6":"5"},"7V":{"PW":"5"},"WC":{"9R":"5","CR":"5"},"7X":{"C2":"5"},"H6":{"66":"5","65":"5"},"4W":{"92":"5","C2":"5"},"HG":{"MR":"5","MQ":"5"},"8H":{"2Q":"5","2R":"5"},"WF":{"HJ":"5","JJ":"5"},"W6":{"HJ":"5","JJ":"5"},"G7":{"WH":"5","WJ":"5"},"7H":{"XR":"5","XQ":"5"}},"WG":{"VV":{"W2":"5"},"XR":{"QM":"5","VJ":"5","PH":"5"},"WR":{"8J":"5","5C":"5","7J":"5"}},"Q5":{"VF":{"MP":"5"},"2R":{"C5":"5","95":"5","F6":"5","G6":"5","C6":"5","G5":"5","F5":"5"},"X9":{"28":"5"},"7V":{"8J":"5","7J":"5","8H":"5","6P":"5","5H":"5","7M":"5","6H":"5","7P":"5","8M":"5","6J":"5","5J":"5","6M":"5","7H":"5","5M":"5"}},"M9":{"X2":{"22":"5"}},"R3":{"8J":{"4R":"5"},"F4":{"VW":"5"},"X7":{"XX":"5","VV":"5","WW":"5","XW":"5"}},"79":{"93":{"M2":"5"},"92":{"9F":"5"},"4M":{"25":"5"},"87":{"M8":"5"}},"XV":{"64":{"88":"5"},"JC":{"2P":"5"},"X7":{"F7":"5"},"VP":{"GG":"5","GW":"5"}},"M7":{"22":{"P4":"5"}},"JX":{"Q2":{"JX":"5"},"37":{"QH":"5","VG":"5","9W":"5","X9":"5","9X":"5"},"GQ":{"FR":"5","FQ":"5"},"66":{"83":"5","R6":"5","R5":"5"},"M9":{"WF":"5","XH":"5","RH":"5","VH":"5","QJ":"5","QG":"5","VC":"5","PH":"5","WH":"5","WC":"5","QH":"5","VF":"5","RG":"5","PJ":"5","VG":"5","XC":"5","XF":"5","RJ":"5","WG":"5","RF":"5","XG":"5","W9":"5"},"Q4":{"GV":"5"},"Q5":{"H2":"5"},"HG":{"H3":"5","7V":"5","8V":"5","8Q":"5"},"HF":{"3Q":"5","9F":"5"},"R3":{"84":"5"},"J5":{"FQ":"5"},"FP":{"V9":"5","R9":"5","R8":"5","V8":"5"},"M5":{"R2":"5","WR":"5","VW":"5"},"65":{"FW":"5"},"28":{"8C":"5","69":"5","F9":"5"},"P9":{"2G":"5","2H":"5"}},"G2":{"7M":{"MX":"5"},"4V":{"56":"5"},"7P":{"M2":"5"},"7C":{"5V":"5"}},"PQ":{"3Q":{"8W":"5","VP":"5","5V":"5","RW":"5","MH":"5","4V":"5","PQ":"5","VX":"5","GR":"5","RH":"5","7W":"5","CV":"5","XM":"5","CP":"5","WH":"5","HM":"5","WG":"5","RR":"5","HQ":"5","RG":"5","PP":"5","6X":"5","FV":"5","GQ":"5","WV":"5","QJ":"5","JX":"5","VR":"5","CQ":"5","6V":"5","QM":"5","9Q":"5","MQ":"5","FW":"5","4W":"5","RX":"5","7V":"5","QH":"5","3X":"5","XH":"5","XV":"5","MM":"5","MW":"5","PW":"5","JQ":"5","2X":"5","MX":"5","GX":"5","HW":"5","JJ":"5","6W":"5","WJ":"5","JV":"5","VW":"5","RV":"5","MR":"5","HX":"5","WF":"5","CR":"5","7R":"5","FX":"5","5X":"5","CX":"5","8V":"5","GP":"5","RM":"5","9W":"5","VH":"5","XG":"5","9X":"5","XJ":"5","QG":"5","VJ":"5","3V":"5","VQ":"5","WR":"5","QX":"5","JM":"5","GV":"5","9R":"5","9V":"5","RJ":"5","HR":"5","2W":"5","VM":"5","XP":"5","PR":"5","QW":"5","XQ":"5","QR":"5","JW":"5","MJ":"5","FR":"5","7X":"5","PM":"5","8R":"5","8X":"5","3W":"5","MP":"5","WP":"5","XX":"5","PH":"5","VG":"5","WX":"5","VV":"5","FQ":"5","HP":"5","5W":"5","8Q":"5","JP":"5","XW":"5","HV":"5","PX":"5","JR":"5","FP":"5","WM":"5","MV":"5","4X":"5","GM":"5","QQ":"5","GW":"5","WW":"5","RP":"5","6R":"5","CW":"5","WQ":"5","PV":"5","RQ":"5","XR":"5","VF":"5","QP":"5","PJ":"5","QV":"5"},"2Q":{"XX":"5","RX":"5","VX":"5","XW":"5","WX":"5"},"XC":{"R8":"5"},"M8":{"4W":"5","3W":"5"},"V5":{"C6":"5"},"3R":{"89":"5","83":"5","W6":"5","32":"5","FC":"5","95":"5","J4":"5","F3":"5","V2":"5","26":"5","C8":"5","5C":"5","H6":"5","V8":"5","G7":"5","72":"5","39":"5","W5":"5","GG":"5","G2":"5","F6":"5","M7":"5","M8":"5","H4":"5","Q9":"5","X3":"5","2J":"5","69":"5","73":"5","86":"5","P3":"5","GC":"5","78":"5","C5":"5","3H":"5","J3":"5","7G":"5","2C":"5","H8":"5","VC":"5","R9":"5","V3":"5","G3":"5","Q3":"5","38":"5","54":"5","H9":"5","43":"5","48":"5","MF":"5","R3":"5","22":"5","C3":"5","75":"5","53":"5","4G":"5","V7":"5","H3":"5","6C":"5","62":"5","57":"5","6F":"5","X2":"5","M5":"5","RC":"5","FF":"5","P4":"5","36":"5","49":"5","MG":"5","G9":"5","P7":"5","96":"5","55":"5","QF":"5","28":"5","F7":"5","F4":"5","3J":"5","F2":"5","C9":"5","68":"5","52":"5","C4":"5","24":"5","4F":"5","V5":"5","JC":"5","74":"5","X4":"5","PC":"5","29":"5","76":"5","X9":"5","Q6":"5","JG":"5","P5":"5","58":"5","CC":"5","6H":"5","8H":"5","WF":"5","5F":"5","X7":"5","X5":"5","W4":"5","W2":"5","M3":"5","Q7":"5","2F":"5","9H":"5","5J":"5","45":"5","H2":"5","R5":"5","98":"5","93":"5","G5":"5","84":"5","65":"5","79":"5","FG":"5","3C":"5","33":"5","V9":"5","CG":"5","R2":"5","8C":"5","44":"5","WC":"5","RF":"5","J6":"5","PG":"5","X8":"5","8G":"5","P9":"5","63":"5","5G":"5","7C":"5","W9":"5","67":"5","J9":"5","XF":"5","64":"5","34":"5","9C":"5","92":"5","G6":"5","P2":"5","F8":"5","Q2":"5","H5":"5","8F":"5","Q5":"5","FH":"5","3G":"5","W3":"5","23":"5","46":"5","99":"5","R4":"5","C2":"5","R8":"5","97":"5","35":"5","Q4":"5","H7":"5","Q8":"5","M9":"5","XC":"5","6G":"5","56":"5","F5":"5","P8":"5","HG":"5","59":"5","J7":"5","82":"5","J2":"5","87":"5","9F":"5","J8":"5","37":"5","QC":"5","C7":"5","M2":"5","R7":"5","25":"5","J5":"5","9G":"5","GF":"5","85":"5","W7":"5","V6":"5","M6":"5","47":"5","27":"5","2H":"5","3F":"5","MC":"5","4J":"5","M4":"5","PF":"5","CF":"5","G8":"5","7H":"5","4C":"5","W8":"5","5H":"5","P6":"5","HC":"5","F9":"5","66":"5","77":"5","HF":"5","CH":"5","VF":"5","JF":"5","94":"5","7F":"5","R6":"5","G4":"5","X6":"5","42":"5","88":"5","C6":"5","4H":"5","2G":"5","V4":"5"},"M6":{"8Q":"5"},"4R":{"23":"5","28":"5","33":"5","27":"5","48":"5","34":"5","2F":"5","49":"5","39":"5","38":"5","26":"5","29":"5","36":"5","37":"5","22":"5","35":"5","24":"5","45":"5","4C":"5","32":"5","3C":"5","25":"5","5C":"5","46":"5","47":"5","2C":"5"},"4Q":{"2Q":"5","2V":"5","2X":"5","3X":"5","2R":"5","2P":"5","2W":"5"},"2R":{"MH":"5","FM":"5","W6":"5","FC":"5","J4":"5","V2":"5","C8":"5","H6":"5","V8":"5","G7":"5","RH":"5","W5":"5","GG":"5","F6":"5","WH":"5","M7":"5","M8":"5","H4":"5","Q9":"5","HM":"5","WG":"5","X3":"5","GC":"5","P3":"5","RG":"5","J3":"5","QJ":"5","H8":"5","QM":"5","JH":"5","VC":"5","R9":"5","V3":"5","HH":"5","G3":"5","Q3":"5","H9":"5","MF":"5","R3":"5","V7":"5","H3":"5","X2":"5","M5":"5","QH":"5","RC":"5","FF":"5","P4":"5","MG":"5","G9":"5","XH":"5","P7":"5","MM":"5","QF":"5","F7":"5","C9":"5","JJ":"5","V5":"5","JC":"5","X4":"5","PC":"5","X9":"5","Q6":"5","WJ":"5","JG":"5","P5":"5","CC":"5","8H":"5","WF":"5","X7":"5","X5":"5","W4":"5","9M":"5","W2":"5","M3":"5","Q7":"5","9H":"5","8M":"5","RM":"5","VH":"5","XG":"5","XJ":"5","QG":"5","VJ":"5","R5":"5","HJ":"5","G5":"5","FG":"5","CJ":"5","V9":"5","CG":"5","R2":"5","JM":"5","WC":"5","RF":"5","J6":"5","PG":"5","X8":"5","P9":"5","W9":"5","J9":"5","XF":"5","GH":"5","RJ":"5","FJ":"5","G6":"5","VM":"5","P2":"5","F8":"5","H5":"5","Q2":"5","Q5":"5","FH":"5","W3":"5","MJ":"5","R4":"5","R8":"5","PM":"5","H7":"5","Q4":"5","Q8":"5","M9":"5","8J":"5","GJ":"5","XC":"5","9J":"5","F5":"5","P8":"5","HG":"5","J7":"5","PH":"5","VG":"5","9F":"5","J8":"5","QC":"5","M2":"5","R7":"5","CM":"5","J5":"5","9G":"5","GF":"5","W7":"5","V6":"5","M6":"5","MC":"5","M4":"5","PF":"5","CF":"5","G8":"5","GM":"5","W8":"5","P6":"5","HC":"5","F9":"5","HF":"5","CH":"5","VF":"5","JF":"5","PJ":"5","R6":"5","G4":"5","X6":"5","V4":"5"},"6M":{"9M":"5","CP":"5","CM":"5","9P":"5"},"X4":{"CV":"5"},"6Q":{"V9":"5","XC":"5","CG":"5","CF":"5","83":"5","WF":"5","RC":"5","VF":"5","WC":"5","XF":"5","VC":"5"},"8Q":{"3Q":"5","3R":"5","4Q":"5","5Q":"5"},"7J":{"4G":"5"},"7Q":{"VV":"5","RH":"5","RR":"5","RW":"5","WW":"5","RJ":"5","VW":"5","VR":"5","RV":"5","WV":"5"},"W2":{"C5":"5","95":"5"}},"8F":{"34":{"M8":"5","28":"5","87":"5"},"GC":{"22":"5"},"44":{"MM":"5"},"24":{"X8":"5"},"FC":{"X2":"5"},"46":{"88":"5"},"35":{"MM":"5"}},"F3":{"VQ":{"FR":"5"},"RX":{"F6":"5","XP":"5","PF":"5"},"VX":{"2P":"5","9Q":"5"},"XX":{"QG":"5"},"WC":{"HR":"5","JV":"5","HV":"5","JR":"5"},"RW":{"H5":"5","2H":"5"},"5R":{"76":"5"},"HG":{"5R":"5"},"7M":{"HF":"5"},"6H":{"45":"5"},"59":{"8Q":"5"},"W2":{"X2":"5"},"JX":{"FM":"5"},"W3":{"86":"5"},"WQ":{"6R":"5"},"WX":{"GP":"5"},"X2":{"29":"5"},"X6":{"9G":"5"},"HW":{"CM":"5"},"XG":{"6C":"5"},"4X":{"PC":"5"},"HX":{"C5":"5","C8":"5","88":"5","95":"5","76":"5","86":"5","F6":"5","56":"5","G7":"5","67":"5","C7":"5","C4":"5"}},"XM":{"PR":{"GX":"5"},"56":{"WJ":"5"},"J7":{"46":"5"},"H8":{"R7":"5","V7":"5","V6":"5","R6":"5"}},"HW":{"5W":{"4V":"4"}},"3F":{"FV":{"CF":"5"}},"J4":{"4Q":{"82":"5"},"4P":{"8X":"5"}},"VF":{"2J":{"7P":"5"}},"6H":{"3H":{"23":"5"}},"WJ":{"RG":{"XQ":"5","XP":"5","XH":"5","VH":"5","WH":"5","VJ":"5","WP":"5","XF":"5","VP":"5","WQ":"5","XR":"5","VM":"5","WG":"5","WR":"5","WJ":"5","WM":"5","XG":"5","XJ":"5","XM":"5"},"QF":{"MH":"5"},"RX":{"4W":"5"},"VG":{"4F":"5","2J":"5","5R":"5","3F":"5","3Q":"5","2P":"5","2M":"5","5P":"5","6Q":"5","6H":"5","2F":"5","5F":"5","3H":"5","3V":"5","4J":"5","2R":"5","XQ":"5","3M":"5","6P":"5","5G":"5","2G":"5","3J":"5","2Q":"5","4M":"5","2H":"5","3G":"5","5M":"5","5J":"5","4R":"5","4H":"5","6J":"5","3R":"5","4Q":"5","4P":"5","5Q":"5","5H":"5","4G":"5","6M":"5","3P":"5"},"VQ":{"Q5":"5"},"WG":{"8P":"5","CH":"5","CJ":"5","7P":"5"},"XH":{"48":"5"}},"74":{"9H":{"MM":"5"},"PM":{"2V":"5"}},"MQ":{"8R":{"CX":"5","9X":"5"},"JH":{"R7":"5"}},"H4":{"M8":{"64":"5","63":"5","62":"5","72":"5","65":"5"},"F7":{"M8":"5","H9":"5","M9":"5","P8":"5","HC":"5","J9":"5"},"W3":{"MX":"5"},"W4":{"M2":"5"},"6R":{"X8":"5"},"65":{"82":"5","63":"5","83":"5","72":"5","53":"5","73":"5"},"7R":{"28":"5"}},"G6":{"CW":{"JQ":"5"},"FQ":{"FR":"5"}},"JV":{"V5":{"2X":"5"},"Q6":{"2J":"5","2M":"5"},"RQ":{"72":"5","73":"5","H4":"5","84":"5"},"V6":{"22":"5"},"R6":{"X2":"5"},"QG":{"4W":"5","5X":"5","2W":"5","3W":"5","5W":"5","2X":"5","3X":"5","4X":"5"},"PH":{"X6":"5","X9":"5","X5":"5","X7":"5","X8":"5","C2":"5"},"R5":{"XX":"5"},"QH":{"JW":"5","56":"5","23":"5","52":"5","43":"5","28":"5","33":"5","76":"5","63":"5","27":"5","48":"5","54":"5","34":"5","44":"5","73":"5","77":"5","53":"5","65":"5","38":"5","26":"5","55":"5","VP":"5","87":"5","57":"5","QX":"5","VQ":"5","29":"5","75":"5","66":"5","36":"5","37":"5","74":"5","22":"5","35":"5","24":"5","HW":"5","45":"5","42":"5","RQ":"5","32":"5","25":"5","84":"5","58":"5","64":"5","PW":"5","85":"5","67":"5","68":"5","PX":"5","46":"5","86":"5","47":"5"},"PX":{"CX":"5"},"WP":{"2V":"5","QX":"5","2R":"5"},"QQ":{"65":"5"},"X5":{"Q6":"5"},"RG":{"GW":"5"},"VG":{"MH":"5","JJ":"5","JH":"5","MJ":"5"},"WW":{"48":"5","58":"5"},"P6":{"XH":"5","VH":"5","WH":"5","VJ":"5","WP":"5","VP":"5","WG":"5","VM":"5","WJ":"5","WM":"5","XG":"5","XJ":"5","XM":"5"},"RJ":{"25":"5"},"WQ":{"WF":"5","H8":"5","G8":"5","QH":"5","H7":"5","J5":"5","G4":"5","V7":"5","C6":"5","H6":"5","G7":"5","F7":"5","95":"5","F6":"5","85":"5","73":"5","94":"5"},"CH":{"GQ":"5"},"W6":{"8X":"5"},"WG":{"MH":"5","MJ":"5"},"QV":{"J2":"5","M2":"5"},"WM":{"F8":"5","G8":"5","GG":"5","GF":"5","FF":"5"},"XG":{"2M":"5"},"X4":{"JQ":"5","VV":"5","XW":"5","VR":"5","QR":"5","XV":"5","MQ":"5"},"QR":{"MX":"5","6X":"5"},"XM":{"34":"5","33":"5","23":"5"},"7H":{"QC":"5"}},"6C":{"XM":{"88":"5"}},"F4":{"83":{"CF":"5"},"72":{"77":"5"},"GG":{"PP":"5","MP":"5","PQ":"5","MQ":"5"}},"7G":{"3C":{"82":"5"}},"MV":{"37":{"PX":"5","MJ":"5"},"R9":{"X3":"5","V7":"5","W3":"5","V8":"5","W4":"5","W7":"5","X4":"5","W8":"5","QJ":"5"},"4P":{"CQ":"5","9R":"5","CR":"5","9Q":"5"},"34":{"CG":"5","FH":"5","CH":"5","FG":"5"},"9C":{"RG":"5","QG":"5","QF":"5","VG":"5","V6":"5"},"FR":{"35":"5","45":"5","R6":"5","R5":"5"},"W4":{"HV":"5"},"56":{"32":"5","24":"5","33":"5","23":"5"},"QJ":{"JR":"5"},"QG":{"Q9":"5"},"8X":{"6W":"5","6X":"5"},"QH":{"29":"5"},"MW":{"P5":"5","V7":"5","6J":"5"},"HF":{"3V":"5"},"2Q":{"2G":"5","2F":"5","3G":"5"},"GH":{"53":"5"},"3F":{"29":"5","28":"5","39":"5"},"RC":{"XR":"5","XQ":"5"},"6H":{"64":"5","45":"5"},"F3":{"2C":"5","29":"5"},"59":{"V9":"5","VC":"5"},"JX":{"QQ":"5","W2":"5"},"62":{"78":"5","77":"5","87":"5"},"H6":{"C8":"5"},"MX":{"82":"5","MH":"5","78":"5","Q6":"5","QR":"5","Q5":"5","R6":"5","R5":"5"},"GW":{"H9":"5","JC":"5","J9":"5","HC":"5"},"9R":{"VH":"5"},"3J":{"93":"5","C3":"5","92":"5","C2":"5"},"MP":{"64":"5"},"C4":{"69":"5"},"47":{"2G":"5","CM":"5","CH":"5","CJ":"5","9G":"5"},"24":{"RM":"5"},"JW":{"Q4":"5"},"CC":{"8J":"5","JQ":"5","HH":"5"},"48":{"V6":"5","26":"5","36":"5"},"2X":{"FX":"5"},"3M":{"G6":"5"},"HW":{"9M":"5"},"C5":{"2H":"5"},"X4":{"J4":"5"},"QR":{"P2":"5"},"C7":{"GW":"5"},"HX":{"XC":"5","WV":"5"},"MV":{"PR":"5","RM":"5"},"68":{"26":"5","25":"5"},"MR":{"WX":"5"},"F2":{"C7":"5"}},"76":{"56":{"53":"5"},"95":{"PF":"5","2W":"5","7R":"5","6J":"5"},"76":{"5P":"5","38":"5","HF":"5","H7":"5","9F":"5","89":"5","C3":"5"},"96":{"C2":"5","38":"5","42":"5","JH":"5","WH":"5","H7":"5","74":"5","62":"5","J9":"5","C4":"5","M6":"5","58":"5","29":"5"},"C6":{"M7":"5","VG":"5","VH":"5","9C":"5","67":"5","C7":"5"},"WQ":{"MM":"5"},"77":{"MC":"5","W4":"5"},"99":{"93":"5"},"QP":{"6C":"5"},"V5":{"9Q":"5"},"89":{"CX":"5","FX":"5"},"75":{"WV":"5"},"66":{"M8":"5","P9":"5","JF":"5","4P":"5"},"83":{"X3":"5"},"G2":{"92":"5"},"69":{"7M":"5"},"C5":{"CR":"5"},"78":{"53":"5"},"58":{"QH":"5","WG":"5"},"85":{"VJ":"5","4H":"5","PV":"5","XW":"5","MX":"5","CX":"5","PF":"5","WR":"5","VP":"5"},"F6":{"FG":"5"},"HX":{"2W":"5"},"W4":{"2P":"5"},"86":{"W5":"5","HF":"5","23":"5","X5":"5","84":"5","F3":"5","9J":"5","X6":"5","F4":"5","X4":"5"}},"25":{"43":{"FC":"5"}},"84":{"P5":{"3R":"5","4V":"5","4R":"5","3V":"5","2R":"5","6Q":"5","6R":"5","5R":"5"},"M2":{"3J":"5","4J":"5"},"VG":{"PW":"5","QW":"5"},"XR":{"8H":"5"},"M5":{"XR":"5","WR":"5"},"M4":{"9X":"5"}},"XQ":{"W4":{"6G":"5","28":"5","4F":"5","2J":"5","59":"5","3F":"5","2M":"5","6H":"5","2F":"5","6F":"5","49":"5","39":"5","5F":"5","3H":"5","4J":"5","7C":"5","29":"5","3M":"5","5G":"5","2G":"5","3J":"5","69":"5","2H":"5","4C":"5","3G":"5","3C":"5","7F":"5","4H":"5","5C":"5","5H":"5","6C":"5","4G":"5","2C":"5"},"8Q":{"M4":"5","P4":"5"},"CM":{"WF":"5"},"V4":{"WF":"5","X8":"5","XH":"5","X9":"5","VC":"5","WH":"5","WC":"5","VF":"5","RC":"5","XC":"5","XF":"5","W8":"5","V9":"5","WG":"5","WJ":"5","RF":"5","XG":"5","XJ":"5","XM":"5","W9":"5"},"JR":{"X8":"5"},"HV":{"RR":"5"},"FM":{"36":"5","39":"5"},"9R":{"GC":"5","FC":"5","GF":"5","FF":"5"},"9P":{"P8":"5"},"9Q":{"78":"5","88":"5","96":"5","76":"5","86":"5","77":"5","85":"5","98":"5","97":"5"},"MR":{"28":"5"}},"RM":{"HX":{"49":"5"}},"4J":{"58":{"Q7":"5"}},"26":{"CP":{"5W":"5"},"9C":{"RG":"5","QG":"5","QF":"5","R9":"5","P9":"5","RF":"5","RC":"5","PC":"5","PF":"5","Q9":"5","QC":"5"}},"WP":{"VV":{"HJ":"5","X2":"5"},"WW":{"4V":"5","5V":"5","4W":"5"},"PH":{"2V":"5"}},"4P":{"F3":{"8X":"5"},"F4":{"82":"5"}},"V3":{"8G":{"Q5":"5"},"GJ":{"7P":"5"},"44":{"25":"5"},"34":{"5F":"5"},"HM":{"CC":"5"},"HP":{"J4":"5","84":"5"},"CP":{"MG":"5"},"CH":{"4M":"5"},"GP":{"C8":"5","83":"5","VG":"5","87":"5"},"FJ":{"2G":"5","G7":"5","6V":"5","3W":"5"},"JP":{"49":"5"},"27":{"2X":"5","2W":"5"},"GM":{"RW":"5","MX":"5","QC":"5"}},"M8":{"RW":{"M8":"5"},"XX":{"2X":"5"}},"QG":{"FR":{"RV":"5","QV":"5"},"2V":{"W7":"5"},"QW":{"36":"4"},"RX":{"9R":"5","9Q":"5"},"W4":{"J9":"5"},"GW":{"VQ":"5","RQ":"5"}},"RH":{"24":{"M8":"5"},"35":{"W3":"5","W4":"5","V3":"5"},"34":{"2J":"5","J6":"5","J7":"5","HV":"5"},"29":{"H9":"5","JC":"5","M9":"5","HF":"5","G9":"5","GC":"5","G4":"5","F3":"5","J9":"5","M8":"5","G3":"5","P8":"5","MC":"5","F4":"5","HC":"5","J8":"5","JF":"5","P9":"5"},"33":{"24":"5","35":"5","25":"5"},"23":{"X4":"5"}},"67":{"XQ":{"XX":"5"},"4W":{"82":"5"},"XH":{"82":"5"},"QG":{"8M":"5"},"JH":{"88":"5"},"H4":{"RQ":"5"},"WP":{"8X":"5"},"HJ":{"XM":"5"},"3V":{"M2":"5"},"4R":{"X5":"5"},"X5":{"7G":"5","9P":"5"},"RC":{"93":"5"},"RG":{"8M":"5"},"VG":{"M8":"5"},"W8":{"6X":"5"},"JM":{"28":"5","MM":"5"},"WQ":{"56":"5","45":"5","55":"5"},"V9":{"QM":"5","QJ":"5"},"WG":{"C3":"5"},"J4":{"RH":"5","RG":"5"},"RF":{"J9":"5"},"3X":{"F7":"5"},"PP":{"M8":"5","8M":"5"},"GJ":{"MM":"5"},"JJ":{"2M":"5"},"3R":{"XW":"5","WW":"5"},"W9":{"46":"5","45":"5"}},"P6":{"64":{"JM":"5"},"F9":{"J5":"5","M5":"5","J6":"5"},"6M":{"CM":"5","9P":"5","6P":"5"}},"W5":{"XC":{"J2":"5"},"F8":{"68":"5","67":"5"},"76":{"FR":"5","FQ":"5"},"M9":{"H9":"5","H5":"5"},"W9":{"MM":"5"},"QP":{"6Q":"5"},"X9":{"JX":"5"},"36":{"VR":"5","VQ":"5","VP":"5"},"66":{"4R":"5"},"G9":{"63":"5","73":"5"}},"35":{"J5":{"45":"5"},"H5":{"52":"5"},"9F":{"5H":"5"},"H4":{"29":"5","39":"5","VW":"5"}},"68":{"63":{"28":"5"},"H3":{"M8":"5"},"GG":{"82":"5"},"9J":{"7R":"5"},"HH":{"8M":"5"},"GF":{"MX":"5","MM":"5"},"9Q":{"2M":"5"}},"MW":{"H8":{"PF":"5"},"J5":{"MV":"5"},"7W":{"88":"5","7H":"5"},"M5":{"JC":"5"},"F4":{"52":"5","42":"5","9W":"5","43":"5"},"8F":{"2J":"5"},"26":{"H6":"5"},"3V":{"H9":"5","Q3":"5"},"92":{"5V":"5"},"G9":{"MR":"5","X9":"5"},"H5":{"R8":"5"},"JG":{"CX":"5"},"F5":{"68":"5","59":"5"},"JC":{"2P":"5"},"22":{"F2":"5"},"HH":{"9C":"5"},"FG":{"Q6":"5"},"HW":{"QJ":"5"},"94":{"C6":"5"},"3G":{"HQ":"5"},"7F":{"XJ":"5"},"5J":{"P6":"5","M7":"5","M6":"5"},"JH":{"CQ":"5","C8":"5","8X":"5","FH":"5","8R":"5","8W":"5","6X":"5","9V":"5","CR":"5","8V":"5","9X":"5"},"HC":{"24":"5","VJ":"5","W6":"5","QH":"5","W5":"5"},"J3":{"RX":"5","VX":"5"},"C4":{"7G":"5"},"H9":{"MV":"5"},"4G":{"8Q":"5","9Q":"5"}},"W8":{"FM":{"M3":"5","J5":"5","X3":"5","M5":"5","W2":"5","V6":"5","J2":"5","M6":"5","R5":"5","V2":"5","W5":"5","P4":"5","H2":"5","V5":"5","H5":"5","W3":"5","P7":"5","J4":"5","V4":"5","H6":"5","X5":"5","X4":"5","M2":"5","V3":"5","P2":"5","J6":"5","H3":"5","P3":"5","R3":"5","X2":"5","R2":"5","M7":"5","J3":"5","M4":"5","W6":"5","W4":"5","P6":"5","H4":"5","R4":"5","P5":"5","X6":"5"},"XX":{"5F":"5","37":"5","4W":"5","2J":"5","38":"5","4F":"5","2G":"5","3V":"5","3W":"5","5C":"5","3X":"5","4X":"5","4V":"5","4C":"5","3G":"5","3R":"5","4G":"5","2H":"5","27":"5","28":"5"},"V8":{"P3":"5","M3":"5","Q3":"5","M2":"5","M4":"5","Q4":"5","P4":"5","P2":"5"},"M5":{"JW":"5"},"FJ":{"RM":"5","MX":"5","RV":"5","R9":"5","P6":"5","MC":"5","R8":"5","QJ":"5","M8":"5","MQ":"5","WW":"5","P7":"5","RP":"5","PW":"5","WV":"5","Q8":"5","XW":"5","RJ":"5","Q9":"5","XX":"5","JV":"5","PM":"5","R7":"5","MW":"5","WX":"5","J8":"5","P8":"5","VW":"5","MR":"5","MJ":"5","PV":"5","P9":"5","M9":"5","JJ":"5","VX":"5","QH":"5","PQ":"5","RW":"5","MM":"5","PP":"5","QP":"5","Q7":"5","JP":"5","JQ":"5","Q6":"5","M7":"5","J6":"5","QQ":"5","PJ":"5","VV":"5","QV":"5","PR":"5","JX":"5","MP":"5","M6":"5","MV":"5","JW":"5","QM":"5","RX":"5","PX":"5","JM":"5","QR":"5","J7":"5"},"CJ":{"M3":"5","MG":"5","P8":"5","PC":"5","H8":"5","MJ":"5","J5":"5","M8":"5","P9":"5","M5":"5","QG":"5","J2":"5","JF":"5","M6":"5","Q7":"5","QC":"5","P4":"5","H2":"5","G6":"5","RH":"5","H5":"5","PG":"5","PJ":"5","JG":"5","P7":"5","J4":"5","G3":"5","JC":"5","QF":"5","H6":"5","G4":"5","H7":"5","MC":"5","PH":"5","J6":"5","J8":"5","P3":"5","H3":"5","MH":"5","QH":"5","J7":"5","PF":"5","MF":"5","G5":"5","M7":"5","M4":"5","J3":"5","P6":"5","G7":"5","H4":"5","P5":"5"},"GM":{"24":"5","22":"5","23":"5","25":"5"},"WX":{"XJ":"5","XG":"5","VX":"5","RX":"5","WW":"5","WX":"5","XH":"5","VW":"5"},"P7":{"8M":"5"},"C2":{"FP":"5"},"X2":{"X3":"5","W3":"5","W4":"5","V3":"5","V4":"5","X4":"5"}},"C5":{"XM":{"22":"5"}},"M3":{"7M":{"X9":"5"}},"55":{"2X":{"2M":"5"},"VX":{"GM":"5"},"86":{"JP":"4","6M":"4|5"},"JW":{"5H":"5"},"7X":{"MW":"5"},"HX":{"JV":"5","MG":"5","HX":"5","PG":"5"},"5X":{"RV":"5"},"6V":{"PV":"5"}},"XR":{"WH":{"RG":"5","F7":"5","F6":"5","H8":"5"},"7W":{"JF":"5"},"QX":{"WH":"5"},"R3":{"67":"5"}},"V7":{"VM":{"MG":"5","J9":"5","P8":"5","PC":"5","H8":"5","MJ":"5","M8":"5","P9":"5","R8":"5","QG":"5","JF":"5","R7":"5","Q7":"5","RC":"5","QC":"5","PG":"5","M9":"5","PJ":"5","JG":"5","P7":"5","JC":"5","QF":"5","MC":"5","PH":"5","J8":"5","MH":"5","RF":"5","QH":"5","QJ":"5","JH":"5","MF":"5","PF":"5","Q9":"5","M7":"5","Q8":"5","R9":"5","H9":"5","RG":"5"},"XH":{"C4":"5"}},"PR":{"9Q":{"62":"5"},"V6":{"FW":"5"},"3Q":{"XR":"5"},"7M":{"4M":"5"},"5F":{"JJ":"5"},"QC":{"WV":"5"},"8G":{"33":"5"},"V8":{"G3":"5"},"79":{"C8":"5","76":"5","86":"5","75":"5"},"9P":{"8W":"5","6X":"5","7X":"5"},"V7":{"87":"5"},"FG":{"3G":"5"},"5V":{"FR":"5","CR":"5"},"9C":{"29":"5"},"W8":{"53":"5"},"PF":{"V8":"5"},"R3":{"MG":"5"},"4Q":{"2R":"5"},"Q4":{"W9":"5","X8":"5"},"X6":{"Q8":"5"}},"W7":{"XX":{"XW":"5","WW":"5","XV":"5","WV":"5"}},"H3":{"5X":{"3Q":"5","2Q":"5","4H":"5","2V":"5","3P":"5","2R":"5","3M":"5","3J":"5","4J":"5"},"6C":{"XM":"5","XP":"5"},"9C":{"48":"5","H6":"5"},"H8":{"5M":"5","CV":"5","3P":"5","3M":"5"},"M9":{"CC":"5","C9":"5"},"PC":{"42":"5","76":"5","F6":"5","75":"5","65":"5"},"QF":{"QR":"5","QV":"5"},"J9":{"HR":"5","HW":"5","JH":"5","HV":"5","7Q":"5"},"89":{"WX":"5"},"CC":{"CQ":"5","JM":"5","MM":"5"},"7C":{"5P":"5","3P":"5","GH":"5","3M":"5","2M":"5","4P":"5"},"99":{"RJ":"5"},"8C":{"WH":"5","VH":"5","Q3":"5","R3":"5"},"P9":{"5R":"5","55":"5","45":"5","7V":"5","6Q":"5","6R":"5","6V":"5","4X":"5"}},"V4":{"4G":{"HW":"5","JV":"5","9C":"5"},"W9":{"2V":"5","9H":"5"}},"H8":{"X6":{"VH":"5"},"PF":{"MX":"5"},"PG":{"M2":"5"}},"JW":{"Q2":{"R6":"5"},"M3":{"92":"5","C2":"5"},"H2":{"H9":"5"},"96":{"M8":"5"},"H9":{"HX":"5"},"V6":{"J8":"5"},"H4":{"8F":"5","9C":"5","9F":"5"},"J5":{"3M":"5"},"CQ":{"MX":"5","6R":"5","5R":"5"},"GP":{"2V":"5"},"JM":{"7G":"5","7H":"5","7F":"5"},"FQ":{"6Q":"5","6R":"5","5R":"5"},"JR":{"99":"5","62":"5","CC":"5","9C":"5","C9":"5"},"J4":{"8P":"5"},"MG":{"QM":"5","RP":"5","PM":"5","WX":"5","RM":"5"},"FP":{"RJ":"5","XV":"5"},"G2":{"2C":"5"},"MM":{"XH":"5"},"CR":{"C5":"5","96":"5","95":"5","M2":"5","C6":"5"},"WV":{"9M":"5","8M":"5","8P":"5"},"R2":{"52":"5","62":"5"},"HC":{"J2":"5"},"V2":{"P8":"5"},"F2":{"XC":"5","WF":"5","VF":"5","WC":"5","VC":"5"}},"G4":{"5M":{"4F":"5"},"W3":{"38":"5","37":"5"}},"VM":{"GG":{"9Q":"5"},"VC":{"QM":"5","VJ":"5","WM":"5","PQ":"5"}},"RP":{"GQ":{"GX":"5"},"HW":{"F3":"5"},"G2":{"GQ":"5","MJ":"5","MM":"5"}},"7H":{"FP":{"8X":"5"},"FQ":{"82":"5"}},"C4":{"99":{"FH":"5"},"78":{"2H":"5"},"CF":{"RH":"5","VH":"5","QG":"5","VF":"5","RG":"5","VG":"5","RF":"5"},"6G":{"G3":"5"},"67":{"6F":"5"},"6R":{"3F":"5"},"79":{"M6":"5","58":"5"}},"45":{"XC":{"56":"5","57":"5","66":"5"},"J2":{"P2":"5","R2":"5","V2":"5","Q3":"5","V3":"5","R3":"5"},"XX":{"XM":"5"},"MC":{"48":"5","58":"5","36":"5"},"WW":{"J2":"5"},"M9":{"3R":"5","4V":"5","4R":"5","3V":"5","4Q":"5","5Q":"5"},"WC":{"W6":"5","W5":"5","V5":"5"},"JW":{"R7":"5"},"PH":{"XX":"5"}},"M4":{"RX":{"FP":"5"}}}}