{"index":{"university,1|retail,2|tourism,3|wreck,4|historical,5|artsCulture,6|namedBuilding,7|water,8|wetland,9|park,10|beach,11|natureReserve,12|cemetery,13|trail,14":{}},"7J":{"8W":{"48":{"49":"5","4C":"5"},"Q2":{"F7":"5","22":"5"},"94":{"RW":"5","VX":"5","RX":"5","VW":"5"}},"VP":{"XX":{"W3":"5","W4":"5"},"9W":{"W8":"5"},"6W":{"8J":"5"},"5V":{"35":"5","44":"5","34":"5"},"FX":{"VM":"5"}},"5V":{"Q2":{"2M":"5","2P":"5"},"96":{"94":"5"},"2G":{"9J":"5"},"R5":{"MR":"5","MV":"5","JV":"5","JW":"5","JR":"5"},"6P":{"W4":"5","X5":"5"},"9M":{"PX":"5","CJ":"5","9J":"5"},"JQ":{"PH":"5"},"RG":{"C3":"5"},"W7":{"V9":"5","W9":"5"},"CG":{"M3":"5","J2":"5","M2":"5"},"P2":{"XJ":"5","WP":"5","XM":"5","WM":"5","XP":"5","WJ":"5"},"CM":{"8M":"5","5W":"5","4V":"5","5V":"5","4W":"5","9Q":"5"},"H6":{"W5":"5"},"MP":{"G2":"5"},"M6":{"54":"5","32":"5","35":"5","44":"5","53":"5","34":"5","22":"5","33":"5","43":"5","45":"5","55":"5"},"M5":{"2X":"5","3X":"5"},"94":{"73":"5"},"2H":{"88":"5","Q3":"5","C9":"5","7J":"5","6J":"5"}},"RW":{"6G":{"PV":"5","QV":"5"},"28":{"VP":"5"},"63":{"C3":"5","C2":"5"},"96":{"XW":"5"},"48":{"HP":"5","HQ":"5"},"5P":{"V2":"5"},"65":{"49":"5","5F":"5","4F":"5","39":"5","JH":"5","J9":"5","89":"5","5C":"5","4C":"5"},"3H":{"JG":"5","MG":"5"},"4J":{"Q5":"5"},"PJ":{"XP":"5","XQ":"5"},"6P":{"5J":"5","6J":"5"},"5G":{"9M":"5","FP":"5","CP":"5","CM":"5","CJ":"5","9J":"5"},"H6":{"PX":"5","MX":"5"},"42":{"75":"5"},"HQ":{"5W":"5"},"32":{"2X":"5","3X":"5","XH":"5","3W":"5"},"3C":{"57":"5","58":"5"},"5M":{"75":"5","P4":"5"},"5J":{"M3":"5","J3":"5","J4":"5"},"CC":{"GX":"5","FW":"5","FX":"5","GW":"5"},"5Q":{"5H":"5","6G":"5","5G":"5","6H":"5","5J":"5","6J":"5"}},"MH":{"45":{"X2":"5"},"25":{"6H":"5"}},"4V":{"XQ":{"92":"5"},"WF":{"FX":"5"},"XP":{"CW":"5","CX":"5","C7":"5","C6":"5"},"XH":{"JC":"5","QJ":"5","PR":"5","QQ":"5","JQ":"5","WW":"5","8Q":"5","JR":"5","WX":"5","CX":"5","JW":"5","CV":"5","GX":"5","6G":"5","7G":"5","9H":"5","2M":"5","HQ":"5","GV":"5"},"WH":{"M8":"5","X9":"5","6P":"5","3G":"5","X7":"5"},"VJ":{"CF":"5","H3":"5","CC":"5"},"QH":{"GQ":"5","FR":"5","GM":"5","HR":"5","CP":"5","CQ":"5","HJ":"5","GP":"5","JM":"5","FQ":"5","FM":"5","9R":"5","HM":"5","FP":"5","GR":"5","CR":"5","9P":"5","GJ":"5","JJ":"5","HP":"5","HQ":"5","9Q":"5"},"74":{"5V":"5"},"J3":{"32":"5","33":"5"},"RJ":{"RH":"5","7H":"5"},"52":{"HF":"5"},"F7":{"XW":"5","XV":"5"},"MP":{"6X":"5"},"WG":{"PP":"5","MP":"5"},"VM":{"RV":"5"},"WJ":{"CV":"5","89":"5"},"X6":{"2G":"5","3H":"5","2H":"5","3G":"5"},"X4":{"5F":"5","6C":"5","8G":"5","5G":"5","7C":"5","6F":"5","5C":"5","6G":"5","7G":"5","7F":"5"},"XJ":{"49":"5","33":"5","H8":"5","JP":"5","6P":"5","GC":"5","6H":"5","W7":"5","JM":"5","JG":"5","JW":"5","89":"5","F6":"5","HC":"5","54":"5","GV":"5","MR":"5"},"R2":{"CP":"5"},"75":{"5C":"5"},"XM":{"93":"5","G3":"5","6M":"5","6J":"5"},"MV":{"PH":"5"}},"FM":{"7Q":{"WF":"5","VC":"5"},"56":{"CR":"5"},"WJ":{"6J":"5"},"FQ":{"9J":"5"},"27":{"HH":"5"},"7M":{"GP":"5"},"GP":{"8C":"5","22":"5"},"WQ":{"R2":"5"},"PR":{"WP":"5","5M":"5"},"C2":{"PQ":"5"},"VP":{"93":"5","83":"5","94":"5"},"9V":{"V6":"5"},"QX":{"R9":"5"},"PG":{"PP":"5"},"GQ":{"7H":"5"},"75":{"HG":"5","GG":"5","GH":"5"},"WC":{"3J":"5"},"36":{"7W":"5"},"7R":{"C3":"5"},"6P":{"PX":"5"},"5G":{"VR":"5","5C":"5","RR":"5"},"CR":{"46":"5"},"22":{"MP":"5","4H":"5","5H":"5","8H":"5","3H":"5","VF":"5","27":"5","MM":"5"},"WH":{"C9":"5"},"VJ":{"MR":"5"},"45":{"PX":"5","8H":"5","7H":"5","6H":"5"},"2H":{"W8":"5"},"3G":{"3F":"5"},"5V":{"V2":"5","V3":"5","X5":"5"},"8R":{"C3":"5"},"8P":{"97":"5"},"64":{"WM":"5","W9":"5","73":"5"},"QJ":{"CF":"5"},"6J":{"9X":"5"},"PW":{"R6":"5"},"MF":{"QR":"5"},"F6":{"RX":"5"},"MM":{"WG":"5"},"WF":{"3C":"5"},"WG":{"J8":"5","8F":"5","CX":"5"},"WP":{"RX":"5"},"6M":{"QC":"5"}},"PQ":{"J2":{"92":"5"},"R4":{"96":"5","95":"5","86":"5","85":"5"},"GP":{"PJ":"5","JM":"5","PM":"5","MJ":"5","MM":"5"},"MQ":{"8P":"5","CQ":"5","CP":"5","8Q":"5","9R":"5","8M":"5","9P":"5","9Q":"5"},"F4":{"HQ":"5"},"XH":{"73":"5","5V":"5","5R":"5"},"X7":{"9V":"5","8V":"5"},"MM":{"M8":"5","M9":"5","J9":"5"},"X2":{"P9":"5","P8":"5","Q8":"5","Q9":"5"}},"V2":{"6M":{"5P":"5","4Q":"5","5Q":"5","4P":"5"}},"VX":{"7W":{"QX":"5"}},"GR":{"RF":{"P5":"5"}},"V8":{"F5":{"3F":"5"}},"RH":{"WW":{"G9":"5"}},"7W":{"R2":{"HR":"5","FP":"5","FQ":"5","MX":"5","9H":"5","FC":"5","JW":"5","GW":"5"},"Q3":{"F4":"5","F5":"5"},"85":{"M3":"5","J2":"5","J3":"5","M2":"5","M4":"5","J4":"5"},"84":{"MV":"5","PX":"5","PW":"5","PV":"5","QW":"5","PR":"5","QR":"5","MX":"5","MW":"5","JX":"5","QV":"5"}},"GG":{"PX":{"8J":"5","9P":"5","9J":"5","7J":"5"},"WC":{"2G":"5"},"VC":{"V2":"5","M7":"5","Q2":"5","P4":"5","R6":"5"}},"CV":{"MV":{"7P":"5"},"GV":{"MW":"5"},"83":{"M4":"5","P4":"5"},"3V":{"46":"5"},"26":{"V5":"5"},"HQ":{"78":"5","77":"5"},"94":{"P9":"5"}},"XM":{"P6":{"QV":"5"},"V2":{"MW":"5"},"WC":{"H3":"5","H4":"5"},"55":{"X3":"5","X2":"5"},"Q7":{"F8":"5"},"65":{"22":"5","23":"5"}},"CP":{"V5":{"VG":"5"},"C2":{"6X":"5","7X":"5"},"Q5":{"4M":"5"},"92":{"W3":"5"},"5H":{"5P":"5"},"GP":{"53":"5"},"82":{"RH":"5","QH":"5","VH":"5"},"C5":{"H7":"5","H6":"5"},"75":{"C5":"5","F6":"5","C6":"5","F5":"5"},"C3":{"62":"5"}},"WH":{"89":{"WC":"5"},"9P":{"99":"5","88":"5","89":"5","98":"5"},"3M":{"QM":"5","QJ":"5"},"WR":{"RP":"5","VP":"5"},"X7":{"6P":"5"}},"7M":{"JV":{"M2":"5"},"FV":{"Q7":"5"},"PM":{"CP":"5"},"FQ":{"XC":"5","RG":"5","RF":"5","VF":"5","5X":"5"},"7W":{"H7":"5","FC":"5","X8":"5"},"QV":{"W7":"5"},"3X":{"2M":"5"},"3W":{"P9":"5","P8":"5","PC":"5","Q8":"5","Q9":"5","QC":"5"},"FW":{"X4":"5"},"JR":{"53":"5"},"GR":{"5P":"5","WC":"5"},"FR":{"V9":"5","QH":"5","W5":"5"},"5W":{"QR":"5","MQ":"5","QX":"5"},"CX":{"7Q":"5"},"GQ":{"J5":"5","69":"5","V8":"5","W4":"5"},"QM":{"JG":"5"},"7X":{"5C":"5"},"6X":{"6H":"5"},"9R":{"XM":"5"},"6W":{"3M":"5"},"GX":{"P3":"5"},"HV":{"WR":"5","WV":"5"},"VJ":{"6M":"5"},"JP":{"4M":"5","4P":"5"},"2X":{"WP":"5","XM":"5","XP":"5"},"PW":{"23":"5"},"WG":{"Q6":"5","Q7":"5"},"GV":{"XM":"5","WM":"5"},"GW":{"24":"5","JG":"5","29":"5","26":"5","3F":"5","25":"5"},"HP":{"9R":"5","8R":"5","XM":"5","7X":"5","RM":"5"}},"Q9":{"32":{"M5":"5"},"33":{"G2":"5"},"Q2":{"F8":"5"},"WV":{"5W":"5"},"VW":{"W2":"5"}},"HM":{"M7":{"FF":"5"},"RP":{"Q9":"5"},"49":{"7W":"5"},"VF":{"CX":"5"}},"WG":{"FR":{"6V":"5"}},"RR":{"25":{"X4":"5","X5":"5"},"VQ":{"3C":"5","3F":"5"},"2J":{"87":"5","96":"5","G5":"5","G4":"5","F3":"5","97":"5","86":"5","C6":"5","C4":"5","G3":"5","95":"5","F6":"5","F5":"5","F4":"5","C5":"5"},"53":{"H7":"5","J7":"5"},"FV":{"44":"5","34":"5"},"RR":{"RV":"5","QV":"5"},"XV":{"M8":"5"},"92":{"54":"5","45":"5","55":"5"},"78":{"FX":"5"},"2F":{"83":"5","C3":"5","C2":"5"},"7P":{"5V":"5"},"3Q":{"G6":"5"},"86":{"MC":"5","JC":"5","PC":"5"},"52":{"4H":"5","4G":"5","WM":"5","WJ":"5","VM":"5"},"XR":{"8W":"5","CX":"5","M5":"5","8V":"5","9X":"5"},"7Q":{"F6":"5","F5":"5"},"45":{"72":"5"},"WR":{"66":"5","65":"5"},"FP":{"HJ":"5","HM":"5","PQ":"5","JM":"5","JJ":"5"},"4G":{"V6":"5"},"35":{"24":"5","25":"5"}},"HQ":{"RJ":{"G4":"5","H5":"5","G5":"5"},"67":{"VV":"5"},"2R":{"WG":"5"},"2P":{"F3":"5","F4":"5","F5":"5","C4":"5"}},"X3":{"5G":{"P5":"5"}},"2J":{"GJ":{"R9":"4"}},"RG":{"WW":{"77":"5","5C":"5","C4":"5"},"VQ":{"GJ":"5"},"RV":{"6J":"5"},"RM":{"6F":"5"}},"PP":{"VJ":{"MX":"5","RV":"5","WW":"5","FW":"5","5X":"5","GX":"5","9W":"5","GW":"5","PW":"5","WV":"5","XW":"5","XV":"5","WR":"5","HV":"5","XX":"5","JV":"5","VR":"5","MW":"5","QX":"5","WX":"5","VW":"5","PV":"5","9X":"5","FV":"5","CW":"5","7W":"5","HW":"5","VX":"5","QW":"5","RW":"5","7X":"5","FX":"5","HX":"5","8W":"5","CX":"5","VV":"5","QV":"5","PR":"5","JX":"5","RR":"5","MV":"5","JW":"5","8X":"5","RX":"5","6X":"5","PX":"5","GV":"5","QR":"5"},"42":{"VX":"5","WW":"5","WX":"5","VW":"5"},"WW":{"6R":"5"},"VR":{"V4":"5"},"QR":{"FC":"5","FF":"5"},"FV":{"83":"5","84":"5"},"JX":{"9X":"5"},"WJ":{"2V":"5","2X":"5","3X":"5","3V":"5","2W":"5","4W":"5","3W":"5"},"C7":{"M8":"5","J8":"5","J9":"5"},"43":{"W2":"5"},"VM":{"Q2":"5","C2":"5","H2":"5","M2":"5","92":"5","W2":"5","62":"5","P2":"5","72":"5","52":"5","X2":"5","82":"5","G2":"5","J2":"5","R2":"5","V2":"5","F2":"5"},"WR":{"MW":"5"},"G5":{"3M":"5","2M":"5"},"JR":{"QR":"5"},"VW":{"3Q":"5","2Q":"5","3R":"5","2R":"5"}},"6X":{"CX":{"PF":"5","QC":"5"},"FX":{"4M":"5","4P":"5"}},"FV":{"48":{"RG":"5","RF":"5"}},"GQ":{"2G":{"JM":"5"},"8P":{"VX":"5"},"HJ":{"3C":"5"},"GP":{"GW":"5"},"F9":{"94":"5"},"C6":{"HM":"5"},"25":{"HG":"5","GH":"5","7M":"5","CH":"5","GG":"5","HH":"5","FH":"5","9H":"5","MF":"5","3R":"5"}},"WV":{"52":{"M3":"5","J3":"5"},"H8":{"C5":"5","96":"5","95":"5","86":"5","C6":"5","87":"5","97":"5"},"63":{"V5":"5","V6":"5"},"J5":{"3V":"5","5J":"5","4J":"5"},"M5":{"GX":"5","7W":"5","FX":"5"},"J2":{"86":"5"},"M6":{"5R":"5","2V":"5","C6":"5","3Q":"5","7M":"5","8F":"5","6Q":"5","7P":"5","49":"5","F2":"5","4V":"5","9J":"5","8G":"5","3V":"5","7C":"5","2R":"5","79":"5","2Q":"5","5V":"5","8H":"5","4R":"5","F6":"5","3R":"5","6R":"5","Q9":"5","8J":"5","8C":"5","6V":"5","4Q":"5","G7":"5","5H":"5","5Q":"5"},"G6":{"R9":"5","M9":"5","Q4":"5","R8":"5","Q7":"5","R7":"5","R4":"5","J9":"5","MC":"5","JF":"5"},"G8":{"32":"5","22":"5"},"H5":{"4X":"5","CF":"5","4R":"5","3V":"5"},"W3":{"G4":"5"},"J4":{"8W":"5"},"G2":{"6R":"5"},"H6":{"C8":"5","RV":"5","43":"5","33":"5","PM":"5","GG":"5","FF":"5","2F":"5","99":"5","VV":"5","VC":"5","QX":"5","3M":"5","WC":"5","24":"5","42":"5","C9":"5","32":"5","VW":"5","RR":"5","J7":"5","CC":"5","FC":"5","VX":"5","RW":"5","R9":"5","6M":"5"},"G4":{"MP":"5"},"F7":{"MJ":"5","MM":"5"},"H7":{"54":"5","M8":"5","R2":"5","V2":"5","75":"5","R3":"5"},"FG":{"99":"5"},"MW":{"MR":"5"},"J6":{"6V":"5","W8":"5","RM":"5","RV":"5","59":"5","F8":"5","WW":"5","5X":"5","GF":"5","WF":"5","PW":"5","XW":"5","XV":"5","VR":"5","MW":"5","GG":"5","4W":"5","VW":"5","PV":"5","4V":"5","WC":"5","VX":"5","5V":"5","7J":"5","RW":"5","6J":"5","5R":"5","7M":"5","WJ":"5","6M":"5","G8":"5","RR":"5","MV":"5","RX":"5","RH":"5","8J":"5","6R":"5","3W":"5","5Q":"5","6W":"5","72":"5","5W":"5"},"XM":{"WW":"5"},"J7":{"V2":"5","Q2":"5"},"8C":{"X8":"5"},"G5":{"CP":"5","GM":"5","9Q":"5","9X":"5","CM":"5","FH":"5","FP":"5","GP":"5","HM":"5","FJ":"5","9J":"5","FM":"5","CX":"5","JM":"5","9P":"5","CR":"5","8V":"5","HH":"5","2H":"5","JJ":"5","JH":"5","9W":"5","VM":"5","GH":"5","7H":"5","8W":"5"},"M4":{"9F":"5"},"J3":{"M4":"5"},"P6":{"6H":"5"},"F3":{"C9":"5"},"G7":{"38":"5","76":"5","83":"5","49":"5","48":"5","56":"5","67":"5","77":"5","75":"5","66":"5","65":"5","94":"5","84":"5","39":"5"},"H9":{"84":"5"},"P5":{"C3":"5","FW":"5"}},"QJ":{"8J":{"J9":"5","P8":"5","H8":"5","M8":"5","P9":"5","Q7":"5","G9":"5","G8":"5","M9":"5","P7":"5","JC":"5","MC":"5","J8":"5","W9":"5","W8":"5","J7":"5","HC":"5","M7":"5","Q8":"5","P6":"5","H9":"5"},"HX":{"FV":"5"},"HV":{"W7":"5","X5":"5","X7":"5"}},"VR":{"QW":{"J9":"5"},"37":{"WQ":"5"},"VV":{"JQ":"5"},"6C":{"Q5":"5","R5":"5"},"M2":{"64":"5"},"HR":{"R7":"5","R8":"5","Q8":"5","Q7":"5"},"2V":{"4M":"5"},"RP":{"CG":"5","9G":"5"},"5R":{"GW":"5"},"3F":{"8M":"5","7M":"5"},"HJ":{"83":"5","8C":"5"},"63":{"FC":"5"},"5G":{"8G":"5","8F":"5"},"2W":{"R8":"5","Q8":"5"},"GP":{"X6":"5","X7":"5"},"22":{"G6":"5","G5":"5"},"FQ":{"7V":"5"},"72":{"5F":"5","5C":"5"},"XW":{"VP":"5"},"MP":{"9M":"5"},"C8":{"2C":"5","29":"5"},"7V":{"7H":"5"},"5V":{"25":"5"},"24":{"F6":"5","F5":"5"},"57":{"HP":"5","JP":"5"},"HH":{"FP":"5","CV":"5","FQ":"5","GP":"5","9V":"5"},"89":{"M8":"5","J8":"5","M7":"5","J7":"5"},"6J":{"HF":"5","MG":"5","JF":"5","PG":"5"},"2R":{"WC":"5"},"6R":{"76":"5"},"3G":{"W5":"5","X8":"5","X9":"5","VC":"5","X7":"5","WC":"5","W7":"5","W8":"5","W6":"5","X6":"5","W9":"5"},"54":{"38":"5"},"98":{"X9":"5"},"5M":{"39":"5"}},"CQ":{"C5":{"4R":"5","4Q":"5","5R":"5","5Q":"5"},"2G":{"M8":"5","P8":"5"},"8X":{"68":"5"},"7F":{"93":"5","C3":"5","92":"5","C2":"5"},"V3":{"WH":"5","WG":"5"},"JF":{"JG":"5","MF":"5","MG":"5","JF":"5"}},"6V":{"82":{"CX":"5"},"47":{"4H":"5","4F":"5","4G":"5","3H":"5","3G":"5"},"W7":{"V3":"5"}},"QM":{"4H":{"XQ":"5","VQ":"5","XP":"5","VV":"5","XH":"5","RQ":"5","RR":"5","WP":"5","VP":"5","WQ":"5","XR":"5","VR":"5","RV":"5","WR":"5","WM":"5","WV":"5","XJ":"5","XM":"5"},"GQ":{"2H":"5"},"5H":{"7Q":"5","2J":"5","2V":"5","5R":"5","3Q":"5","2P":"5","2M":"5","5P":"5","6Q":"5","7P":"5","4V":"5","3H":"5","3V":"5","4J":"5","2R":"5","3M":"5","6P":"5","7R":"5","3J":"5","2Q":"5","4M":"5","2H":"5","5V":"5","5M":"5","5J":"5","4R":"5","4H":"5","6R":"5","3R":"5","4Q":"5","4P":"5","5H":"5","5Q":"5","6M":"5","3P":"5"},"2V":{"2G":"5","CF":"5","CC":"5"},"7H":{"F8":"5","F7":"5","G8":"5","G7":"5"},"62":{"GM":"5"},"MX":{"Q9":"5"},"6G":{"MP":"5"},"WM":{"G8":"5","H8":"5","G9":"5"},"F2":{"RP":"5","RM":"5"},"FW":{"RG":"5"},"6X":{"RP":"5","RQ":"5"},"67":{"P2":"5","Q2":"5"},"57":{"VR":"5","VQ":"5","RR":"5","RQ":"5"},"3V":{"CC":"5","C9":"5"},"QV":{"HM":"5"},"7J":{"MM":"5"},"JR":{"6F":"5","5F":"5"},"94":{"FH":"5","CH":"5"},"FF":{"28":"5"},"GW":{"F8":"5","H5":"5","G8":"5","F9":"5","H4":"5"}},"9Q":{"MV":{"8V":"5"},"V2":{"VF":"5","VC":"5"},"MW":{"F5":"5"},"26":{"X7":"5","X2":"5"}},"JH":{"FC":{"57":"5"},"XF":{"V9":"5","R7":"5"},"65":{"F9":"5"}},"MQ":{"82":{"MW":"5"}},"VC":{"XJ":{"2P":"5"},"MV":{"GX":"5","VV":"5","V7":"5","FW":"5","FX":"5","X8":"5","GW":"5"},"PV":{"22":"5"},"G3":{"83":"5"},"G6":{"V6":"5"},"G2":{"75":"5"},"H4":{"6G":"5"},"84":{"CQ":"5","FR":"5","GQ":"5","FM":"5","GJ":"5","FP":"5","FQ":"5","HP":"5","CP":"5","CM":"5","GP":"5","FJ":"5","CR":"5","HQ":"5","GM":"5"},"H6":{"55":"5","27":"5","6C":"5"}},"R9":{"CV":{"H7":"5","M6":"5","H6":"5"},"R9":{"4M":"5","3P":"5","3M":"5","4P":"5"}},"5Q":{"62":{"54":"5","53":"5","34":"5"},"RP":{"X2":"5"},"56":{"XR":"5","RV":"5","PV":"5","QV":"5","RX":"5","WQ":"5","VV":"5","QR":"5","WW":"5","VR":"5","QX":"5","XQ":"5","XX":"5","WV":"5","XP":"5","WR":"5","XW":"5","XV":"5","MX":"5","VW":"5","RR":"5","PW":"5","VX":"5","QW":"5","WX":"5","RW":"5","PX":"5","WP":"5"},"6X":{"5V":"5","5X":"5","6R":"5","7R":"5","6V":"5"},"67":{"32":"5","22":"5"},"57":{"Q4":"5","J3":"5","P6":"5","93":"5","P3":"5","Q2":"5","X2":"5","P5":"5","83":"5","V4":"5","W2":"5","M4":"5","R5":"5","74":"5","M2":"5","F3":"5","73":"5","X3":"5","M3":"5","C3":"5","J2":"5","M5":"5","R6":"5","P2":"5","H3":"5","Q5":"5","H2":"5","F2":"5","V5":"5","J4":"5","G2":"5","Q3":"5","H4":"5","G3":"5","C2":"5","R2":"5","R4":"5","92":"5","Q6":"5","V3":"5","W3":"5","W4":"5","J5":"5","V2":"5","94":"5","P4":"5","R3":"5","84":"5"},"5V":{"76":"5"},"7X":{"JW":"5"},"P4":{"99":"5","C8":"5","CG":"5","CF":"5","8F":"5","8C":"5","CC":"5","9C":"5","9G":"5","C9":"5","9F":"5","98":"5"},"4C":{"M8":"5","J8":"5","M7":"5","J7":"5"},"66":{"4W":"5","4P":"5","5P":"5","4M":"5","2V":"5","2Q":"5","3V":"5","3P":"5","2W":"5","3W":"5","3Q":"5","4Q":"5","2X":"5","2R":"5","5J":"5","3X":"5","3M":"5","4V":"5","2P":"5","5M":"5"}},"V3":{"HJ":{"6Q":"5"},"QX":{"Q2":"5","H9":"5","H8":"5","JC":"5","V6":"5","R6":"5","X7":"5","Q5":"5","G8":"5","R5":"5","W7":"5","J9":"5","W6":"5","FF":"5"}},"4W":{"G8":{"2X":"5"},"3R":{"V4":"5"},"G7":{"P3":"5"},"W4":{"3H":"5"},"G6":{"Q6":"5","R7":"5","Q8":"5","Q7":"5","R6":"5"}},"HH":{"PX":{"56":"5"},"FQ":{"MW":"5","JV":"5"},"J6":{"33":"5"}},"6P":{"PR":{"Q7":"5"},"G9":{"44":"5"},"R4":{"7G":"5","WJ":"5"},"CX":{"P3":"5"},"6Q":{"CX":"5"},"X2":{"MQ":"5","JR":"5"},"FC":{"Q8":"5","Q9":"5"}},"4P":{"VV":{"3C":"5","27":"5"},"PV":{"XJ":"5"},"VR":{"J9":"5","QC":"5"},"MX":{"52":"5"},"XR":{"XJ":"5","VM":"5"},"JW":{"2Q":"5"},"FX":{"WP":"5"}},"R3":{"J7":{"J4":"5"}},"MF":{"67":{"2F":"5","2C":"5","29":"5"},"7M":{"49":"5","5C":"5","39":"5"},"WQ":{"V3":"5"},"57":{"XC":"5","X9":"5"},"3H":{"QV":"5"},"6M":{"W5":"5","V5":"5","Q5":"5","W4":"5","V4":"5"},"79":{"4M":"5"},"9Q":{"MM":"5"}},"RX":{"96":{"37":"5","36":"5"},"83":{"C3":"5","C2":"5"},"G6":{"2W":"5"},"Q2":{"56":"5","67":"5","57":"5","66":"5"},"C6":{"49":"5","48":"5"},"85":{"XG":"5","XH":"5"},"4P":{"7G":"5","7H":"5","JV":"5","JW":"5"},"XQ":{"5W":"5","7W":"5","6W":"5","5V":"5","6V":"5"}},"7V":{"6W":{"RW":"5","QW":"5"},"4M":{"82":"5","62":"5","72":"5"},"9G":{"W2":"5"},"4J":{"7X":"5"}},"X2":{"FV":{"C5":"5","33":"5","Q8":"5"}},"RC":{"57":{"GQ":"5","FP":"5","FQ":"5","GP":"5"}},"MG":{"34":{"9H":"5"},"JV":{"J2":"5","M2":"5","F2":"5","H2":"5","G2":"5"},"V6":{"Q9":"5"},"JR":{"MX":"5","GR":"5","HP":"5","PG":"5","HQ":"5","GP":"5","MQ":"5","8V":"5","FW":"5","GH":"5","GX":"5","9W":"5","GW":"5","PW":"5","JH":"5","CV":"5","HV":"5","FR":"5","GQ":"5","JV":"5","PM":"5","CR":"5","FQ":"5","MW":"5","HM":"5","GG":"5","PH":"5","MR":"5","HR":"5","MJ":"5","CQ":"5","PV":"5","9X":"5","FV":"5","CW":"5","HW":"5","GM":"5","JJ":"5","PQ":"5","9V":"5","HH":"5","MM":"5","PP":"5","FM":"5","FX":"5","HX":"5","JP":"5","8W":"5","CX":"5","JQ":"5","GJ":"5","FP":"5","PJ":"5","PR":"5","JX":"5","HJ":"5","JG":"5","MP":"5","MV":"5","JW":"5","HG":"5","MH":"5","8X":"5","MG":"5","PX":"5","JR":"5","GV":"5","JM":"5"}},"3X":{"2V":{"G4":"5","H3":"5","G3":"5","G2":"5"},"8H":{"23":"5"},"RP":{"4V":"5"},"R9":{"CP":"5"},"VR":{"X9":"5","X4":"5","X8":"5"},"FQ":{"R8":"5"},"WM":{"94":"5"},"WF":{"PX":"5"},"X6":{"G4":"5"},"WJ":{"8P":"5","HX":"5"},"XR":{"2Q":"5","24":"5","4G":"5","29":"5","56":"5","3C":"5","4Q":"5"},"WR":{"PP":"5","PC":"5","GM":"5","J5":"5","R5":"5","HM":"5","49":"5","39":"5","W3":"5","29":"5","JM":"5","JP":"5","4C":"5","3C":"5","MP":"5","J8":"5","MM":"5","Q9":"5","H9":"5","HP":"5","2C":"5"},"XQ":{"MH":"5"}},"XH":{"9M":{"H9":"5","R9":"5","V7":"5","V8":"5","RC":"5","X8":"5"},"63":{"R2":"5","Q2":"5","R3":"5"},"95":{"R8":"5"},"XV":{"JP":"5"},"CM":{"28":"5"}},"XV":{"XG":{"MR":"5","PR":"5","PQ":"5"}},"MM":{"V2":{"24":"5","34":"5","22":"5"},"J8":{"7P":"5"},"RP":{"H7":"5","R7":"5","G7":"5","Q7":"5","H8":"5"},"23":{"FC":"5"},"9X":{"2P":"5"}},"QF":{"9P":{"8M":"5","7M":"5","7P":"5","6M":"5","7J":"5"},"77":{"PX":"5"}},"MW":{"M3":{"8X":"5","7X":"5"},"J5":{"W9":"5","V8":"5","5V":"5","6R":"5","W8":"5","6V":"5"},"W6":{"M9":"5","P9":"5","G6":"5"},"WP":{"78":"5","88":"5","69":"5","89":"5","7C":"5","79":"5"},"RP":{"PR":"5","PQ":"5"},"W3":{"25":"5"},"V3":{"GG":"5","R5":"5"},"M4":{"99":"5","88":"5","89":"5","87":"5","98":"5"},"Q9":{"HR":"5","JR":"5","GW":"5","HV":"5","JW":"5","JV":"5","HW":"5","GR":"5","GV":"5"},"JH":{"HF":"5","GF":"5"}},"PW":{"8G":{"5H":"5"},"J2":{"C4":"5"},"9R":{"J2":"5","J3":"5","H3":"5","H2":"5"},"42":{"CV":"5","9V":"5"},"35":{"R7":"5","R8":"5"},"CF":{"XP":"5","XQ":"5"},"PR":{"VM":"5","VP":"5"},"M2":{"99":"5","98":"5"},"69":{"46":"5","47":"5"},"3H":{"4H":"5"},"HP":{"MH":"5","MG":"5","PH":"5","PG":"5"},"FC":{"V9":"5","R9":"5","R8":"5","V8":"5"},"28":{"RH":"5","QH":"5","RJ":"5","QJ":"5"},"G6":{"GQ":"5","HR":"5","9V":"5","9W":"5","8W":"5","8V":"5","GR":"5","HQ":"5"},"P4":{"5R":"5","2V":"5","3X":"5","6Q":"5","3W":"5","4V":"5","5W":"5","3V":"5","4X":"5","2R":"5","5X":"5","6X":"5","6W":"5","5V":"5","4W":"5","4R":"5","6R":"5","3R":"5","2W":"5","6V":"5","4Q":"5","5Q":"5"},"M4":{"WJ":"5"},"9G":{"5J":"5","6J":"5"},"C9":{"VQ":"5","GQ":"5","RQ":"5","GM":"5","HR":"5","RP":"5","RR":"5","PQ":"5","PR":"5","QP":"5","CP":"5","QQ":"5","JQ":"5","GP":"5","CM":"5","FQ":"5","JR":"5","FM":"5","MQ":"5","VR":"5","HM":"5","FP":"5","GR":"5","QR":"5","HP":"5","HQ":"5","MR":"5"}},"JQ":{"QW":{"33":"5"},"GQ":{"X3":"5","X4":"5"},"H8":{"X3":"5","X4":"5"},"PQ":{"PW":"5"},"PR":{"4X":"5","2X":"5","3X":"5","2W":"5","4W":"5","3W":"5"},"5H":{"CQ":"5","FR":"5","FQ":"5","CP":"5","9P":"5","CR":"5","9Q":"5"},"HV":{"RX":"5"},"GW":{"MX":"5"},"89":{"XX":"5","VX":"5","XW":"5","HJ":"5"},"QV":{"2W":"5"},"9P":{"7W":"5","7V":"5","4P":"5"},"PV":{"95":"5","93":"5","FG":"5","94":"5"},"J8":{"24":"5","23":"5"},"99":{"4W":"5","5R":"5","3V":"5","4R":"5","3W":"5","7V":"5","5V":"5","6V":"5","6X":"5","4V":"5","6W":"5","3R":"5"},"PW":{"C5":"5","WC":"5"},"8C":{"P2":"5","74":"5","H3":"5","G3":"5","H2":"5","75":"5","Q2":"5","G2":"5","66":"5","C2":"5"},"MV":{"FH":"5","FG":"5","9J":"5"},"HQ":{"24":"5","23":"5"},"5M":{"F7":"5","C7":"5"},"MR":{"XX":"5","93":"5","XW":"5","XV":"5"}},"MX":{"5W":{"CG":"5","9H":"5","CH":"5","Q2":"5","9G":"5"},"RF":{"2G":"5"},"RC":{"JR":"5"},"X9":{"XX":"5","XW":"5","XV":"5","XR":"5"}},"2X":{"78":{"93":"5","94":"5"},"QR":{"XQ":"5"},"W9":{"X5":"5"},"9V":{"56":"5"},"QJ":{"HM":"5"}},"4Q":{"5F":{"Q8":"5"},"8J":{"9X":"5"},"83":{"5W":"5","FV":"5","4R":"5","5V":"5","8Q":"5","5R":"5"},"92":{"VJ":"5","RJ":"5","RP":"5","VM":"5","RM":"5"},"2C":{"2W":"5"},"CP":{"MR":"5","MQ":"5"},"84":{"C5":"5"},"55":{"HR":"5","GQ":"5","GR":"5"},"74":{"97":"5"},"26":{"42":"5"},"45":{"XV":"5"},"C4":{"6V":"5"},"G3":{"4H":"5","7G":"5","7H":"5","6G":"5","6H":"5"},"36":{"28":"5"},"46":{"45":"5"},"3G":{"WW":"5"},"65":{"VV":"5","M4":"5","RV":"5","G5":"5"},"27":{"F7":"5"},"F2":{"93":"5","C3":"5","92":"5","9Q":"5"}},"5R":{"C5":{"76":"5","67":"5","77":"5","66":"5"},"35":{"3G":"5"},"8W":{"5W":"5","5V":"5"},"36":{"VV":"5"},"65":{"M3":"5","J5":"5","J3":"5","H5":"5","M4":"5","J4":"5","H4":"5"},"97":{"GP":"5"}},"GX":{"JG":{"FH":"5"},"62":{"H3":"5"},"44":{"46":"5","56":"5"},"R8":{"PJ":"5"},"V8":{"5C":"5","59":"5"},"33":{"WX":"5"},"2P":{"RR":"5"}},"HW":{"GX":{"4F":"5"},"3X":{"PC":"5"},"6X":{"2X":"5","2W":"5"},"5X":{"RW":"5","XX":"5","VV":"5","RX":"5","VX":"5","XW":"5","WW":"5","VR":"5","XV":"5","VQ":"5","RV":"5","WR":"5","WX":"5","WV":"5","VW":"5"},"VP":{"JM":"5","JJ":"5","MJ":"5","MM":"5"}},"JJ":{"XJ":{"F3":"5"},"XG":{"R4":"5","V3":"5","V4":"5","R3":"5"},"RP":{"6X":"5"},"CW":{"62":"5"},"MQ":{"64":"5"},"G6":{"FX":"5"},"RQ":{"RC":"5","VF":"5"}},"JC":{"6X":{"P9":"5","P8":"5","Q8":"5","Q9":"5"}},"8P":{"X8":{"44":"5"},"VV":{"X4":"5"},"GM":{"WG":"5"},"RH":{"JQ":"5"},"C9":{"2J":"5"},"VH":{"47":"5","48":"5","57":"5","58":"5"},"R8":{"P6":"5","M5":"5"},"Q5":{"RR":"5"},"64":{"XQ":"5","XP":"5","VV":"5","XV":"5","WW":"5","XW":"5","WQ":"5","XR":"5","WR":"5","WV":"5"},"5R":{"88":"5","87":"5","98":"5","97":"5"},"R3":{"6X":"5"},"74":{"3Q":"5","2Q":"5","4X":"5","2V":"5","3X":"5","3R":"5","3V":"5","2R":"5","2P":"5","2W":"5","4W":"5","3W":"5"},"R4":{"56":"5","52":"5","28":"5","76":"5","63":"5","3F":"5","27":"5","54":"5","2F":"5","44":"5","73":"5","39":"5","77":"5","72":"5","53":"5","65":"5","3H":"5","38":"5","55":"5","57":"5","29":"5","75":"5","66":"5","36":"5","37":"5","74":"5","2G":"5","3J":"5","45":"5","2H":"5","3G":"5","84":"5","64":"5","4H":"5","62":"5","85":"5","67":"5","46":"5","86":"5","47":"5","4G":"5"},"P6":{"4X":"5"},"W8":{"57":"5"},"M6":{"PV":"5","WF":"5","RF":"5","FC":"5","QV":"5"},"M7":{"H4":"5"},"5C":{"H3":"5","G5":"5","H4":"5","G4":"5","F3":"5","G3":"5","F4":"5","G2":"5","F2":"5"},"5J":{"56":"5","57":"5"},"3M":{"WP":"5","WQ":"5","VQ":"5","VP":"5"},"X4":{"JH":"5"},"MF":{"M9":"5","Q5":"5","R3":"5"},"7F":{"J5":"5","H5":"5","J6":"5","H6":"5"},"99":{"XJ":"5"},"W9":{"4J":"5"},"5M":{"MV":"5","PV":"5"}},"PC":{"82":{"WH":"5","WJ":"5","WG":"5"},"92":{"5W":"5","3W":"5"}},"6W":{"R7":{"8M":"5","8P":"5","7M":"5"},"45":{"5F":"5"},"FX":{"99":"5","78":"5","88":"5","89":"5","79":"5","98":"5"}},"7P":{"QG":{"4G":"5","5G":"5"},"XV":{"QF":"5"},"FX":{"7Q":"5"},"63":{"7F":"5"},"RG":{"Q2":"5"},"VG":{"4H":"5","5H":"5","6F":"5","4F":"5","4G":"5","86":"5","6G":"5","5G":"5","5F":"5","3C":"5","5C":"5","4C":"5","3F":"5","6C":"5","3G":"5"},"8Q":{"P3":"5"},"22":{"89":"5"},"52":{"J2":"5"},"G7":{"3P":"5"},"CX":{"RP":"5"},"WG":{"JM":"5","JJ":"5","MJ":"5","MM":"5"},"RF":{"JV":"5"},"WV":{"C5":"5","F5":"5"},"R2":{"9V":"5","7W":"5","7V":"5","CW":"5","9W":"5","CV":"5","8W":"5","8V":"5","7X":"5"}},"X9":{"9H":{"8P":"5","7P":"5","8Q":"5","7Q":"5"},"CH":{"2X":"5"},"HV":{"49":"5","5C":"5","59":"5"}},"JG":{"H9":{"JX":"5"},"X3":{"HP":"5","GP":"5"},"F3":{"8J":"5","CG":"5","Q4":"5","8F":"5","7H":"5","P3":"5","FC":"5","Q3":"5","6C":"5"},"RV":{"82":"5","62":"5","72":"5","92":"5"},"RR":{"5X":"5","8X":"5","CP":"5","CQ":"5","8R":"5","FQ":"5","9X":"5","9R":"5","7X":"5","FP":"5","6X":"5"},"2P":{"MF":"5","JF":"5"},"7R":{"X2":"5"},"7Q":{"RV":"5","QV":"5"}},"JV":{"QM":{"X4":"5"},"RG":{"QM":"5","XJ":"5","XX":"5","WP":"5","VV":"5","XW":"5","RP":"5","VR":"5","XM":"5","WM":"5","XV":"5","WQ":"5","XP":"5","WJ":"5","XR":"5","VQ":"5","VM":"5","WR":"5","RM":"5","WV":"5","XH":"5","VP":"5","XQ":"5","VW":"5"},"VG":{"2Q":"5","2J":"5","2V":"5","2X":"5","3X":"5","3R":"5","3P":"5","3V":"5","2R":"5","3M":"5","2M":"5","2P":"5","2H":"5","2W":"5","4W":"5","3W":"5"},"QP":{"76":"5","75":"5"}},"VW":{"4H":{"7P":"5"},"52":{"J9":"5","JV":"5","FV":"5","X3":"5","RJ":"5","GG":"5","JF":"5","6Q":"5","73":"5","JR":"5","GR":"5","FR":"5","RH":"5","M9":"5","HR":"5","9P":"5","JC":"5","CR":"5","CV":"5","HV":"5","VJ":"5","FG":"5","MC":"5","RM":"5","GF":"5","5M":"5","VH":"5","HF":"5","MF":"5","HC":"5","VM":"5","GC":"5","GV":"5","H9":"5"},"62":{"FC":"5","GF":"5"},"W3":{"8G":"5","4F":"5","4G":"5","5F":"5","3J":"5","9G":"5","4J":"5"},"FF":{"2Q":"5","2P":"5"}},"RV":{"6C":{"V5":"5","Q3":"5","Q4":"5","R5":"5","V3":"5","R3":"5","R4":"5","V4":"5","V2":"5"},"V6":{"RM":"5","MX":"5","RV":"5","QJ":"5","VM":"5","MQ":"5","VJ":"5","RP":"5","PW":"5","RJ":"5","JV":"5","PM":"5","MW":"5","QX":"5","MR":"5","PV":"5","WM":"5","QW":"5","QH":"5","PQ":"5","PP":"5","QP":"5","RQ":"5","JQ":"5","WJ":"5","QQ":"5","PJ":"5","QV":"5","PR":"5","JX":"5","RR":"5","MP":"5","MV":"5","JW":"5","QM":"5","VP":"5","PX":"5","JR":"5","RH":"5","QR":"5"},"39":{"3C":"5","39":"5"},"76":{"WP":"5","WM":"5","XP":"5"},"G9":{"8F":"5","7F":"5"},"3W":{"74":"5"},"X3":{"8J":"5","8M":"5"},"V7":{"M3":"5","J2":"5","P2":"5","J3":"5","M2":"5","P3":"5"},"9W":{"F8":"5"},"5J":{"WV":"5"},"P7":{"46":"5","35":"5","36":"5"},"2M":{"H2":"5"},"PV":{"2X":"5","2W":"5"},"GJ":{"VJ":"5","RH":"5","WH":"5","RJ":"5","VH":"5","WG":"5"},"MJ":{"38":"5","48":"5"},"JJ":{"8R":"5","V8":"5","CX":"5","8V":"5"},"MV":{"XX":"5","XW":"5"},"F2":{"VJ":"5","WH":"5","VH":"5","WJ":"5"}},"MR":{"C7":{"HJ":"5","HH":"5"},"2P":{"7C":"5"}},"HX":{"42":{"MW":"5"},"43":{"XP":"5","C2":"5","H8":"5","H4":"5","G9":"5","QQ":"5","VF":"5","WQ":"5","RF":"5","J2":"5","XM":"5","F2":"5"},"53":{"2Q":"5","8X":"5"},"44":{"H7":"5","P6":"5","C8":"5","M6":"5","PC":"5","V3":"5","X4":"5"},"97":{"WH":"5","WF":"5","WG":"5"},"62":{"F3":"5","C3":"5","22":"5","23":"5"},"52":{"R2":"5","V2":"5","W5":"5","X3":"5","W3":"5","W4":"5","V3":"5","V4":"5","X4":"5","W2":"5","X2":"5","R3":"5"},"C8":{"2P":"5"},"88":{"P8":"5","Q8":"5"},"5J":{"8X":"5","9X":"5"},"J8":{"3X":"5"},"54":{"XV":"5"},"98":{"RG":"5","XM":"5","WM":"5","XP":"5"},"5M":{"82":"5","64":"5","92":"5"}},"3Q":{"7Q":{"RG":"5","VG":"5","9H":"5","3H":"5","3P":"5","PC":"5","3J":"5"},"FV":{"FQ":"5","5V":"5"},"PV":{"VV":"5"},"5R":{"G4":"5","F3":"5","P3":"5","W2":"5","R3":"5","C4":"5"},"9X":{"WF":"5","Q9":"5"},"QG":{"CQ":"5","2F":"5","2C":"5","3C":"5","3F":"5"},"3X":{"8G":"5"},"FP":{"FF":"5"},"X8":{"9V":"5"},"RC":{"XJ":"5","QR":"5","XM":"5","WM":"5","RR":"5"},"FJ":{"FQ":"5"},"PR":{"26":"5"},"QR":{"8J":"5"},"4V":{"FX":"5"},"XG":{"QX":"5"},"MR":{"RC":"5","X6":"5"},"GR":{"JM":"5"},"XJ":{"99":"5"},"FR":{"VC":"5"},"FM":{"J6":"5"},"VR":{"W5":"5","MQ":"5"},"4X":{"V7":"5"},"CX":{"5X":"5"},"RH":{"QM":"5","J7":"5"},"8Q":{"5V":"5","4W":"5"},"PG":{"XC":"5","XF":"5","X9":"5","XH":"5"},"HR":{"69":"5","3H":"5","XF":"5","2H":"5","5Q":"5"},"V9":{"99":"5","QW":"5","3C":"5","3F":"5","G9":"5"},"CW":{"P3":"5","HX":"5"},"7V":{"C6":"5"},"7R":{"74":"5"},"9R":{"PC":"5"},"QF":{"4H":"5","6Q":"5"},"CV":{"PX":"5"},"8X":{"52":"5","62":"5","FV":"5"},"8R":{"G5":"5"},"XM":{"QG":"5","H9":"5","JC":"5","HC":"5"},"W8":{"W5":"4","V5":"4","W4":"4"},"RF":{"M4":"5"},"PF":{"WP":"5","XP":"5"},"6R":{"WP":"5","WM":"5","P4":"5","M4":"5"},"2W":{"WJ":"5"},"FX":{"H7":"5","FC":"5","H6":"5"},"CQ":{"96":"5","95":"5"},"8W":{"9R":"5"}},"X5":{"CX":{"2G":"5","CP":"5"}},"9M":{"JW":{"W5":"5","X6":"5","X5":"5","X7":"5"},"76":{"XC":"5"},"RJ":{"X3":"5"},"QG":{"76":"5"},"39":{"XG":"5"},"FM":{"QM":"5","3R":"5"},"9V":{"H7":"5"},"H5":{"C3":"5","F2":"5","C2":"5"},"9H":{"V6":"5"},"XP":{"8V":"5"},"8V":{"M4":"5"},"GF":{"WQ":"5"},"XV":{"96":"5","X7":"5","97":"5"},"MW":{"27":"5","26":"5"},"MX":{"CQ":"5","FR":"5","CV":"5","CW":"5","FV":"5","FW":"5","9W":"5","CX":"5","CR":"5","FX":"5","9X":"5","GW":"5"},"J6":{"VR":"5"},"WM":{"G4":"5","F5":"5"},"VW":{"H9":"5"},"8M":{"GG":"5"},"RF":{"QX":"5"},"R3":{"8M":"5","8R":"5","6Q":"5","8Q":"5","7R":"5"},"MM":{"7W":"5"},"X2":{"HR":"5","FV":"5"},"86":{"3R":"5","2C":"5"},"X6":{"JV":"5"},"RG":{"56":"5"},"6M":{"GR":"5"},"3P":{"Q6":"5"}},"CR":{"RQ":{"W7":"5"},"VH":{"W7":"5","W8":"5"},"R3":{"9X":"5"},"PJ":{"HJ":"5","HM":"5","JM":"5","JJ":"5"},"R4":{"93":"5","92":"5"},"CJ":{"53":"5"},"8R":{"PQ":"5","QQ":"5"},"52":{"CQ":"5"},"CH":{"3X":"5","2R":"5"},"7V":{"MJ":"5"},"VW":{"5H":"5"},"6F":{"RX":"5"},"5J":{"XX":"5"},"9H":{"XM":"5","XH":"5","X7":"5","XQ":"5"},"5M":{"6F":"5","5F":"5"}},"7R":{"WF":{"P6":"5"},"4W":{"W6":"5","W5":"5","X6":"5","X5":"5","X7":"5"},"6C":{"P5":"5"},"9G":{"9M":"5"},"8F":{"MC":"5","H7":"5","RC":"5","M8":"5","VG":"5","P5":"5","8F":"5","J9":"5","RF":"5","CF":"5","C8":"5","7F":"5","RJ":"5","79":"5","RG":"5","JC":"5","FQ":"5","97":"5","88":"5","M5":"5","9C":"5","P9":"5","M9":"5","7C":"5","CC":"5","H6":"5","9H":"5","7J":"5","CJ":"5","7H":"5","PC":"5","PP":"5","C7":"5","98":"5","4F":"5","CG":"5","M7":"5","J6":"5","GJ":"5","FP":"5","99":"5","W3":"5","M6":"5","VF":"5","8C":"5","QM":"5","89":"5","H5":"5","QC":"5","J5":"5","8G":"5","H8":"5","RH":"5","J7":"5","87":"5"},"8G":{"VG":"5"},"9F":{"9H":"5"},"84":{"RW":"5","PX":"5","QW":"5","RX":"5","QX":"5"},"5W":{"26":"5","25":"5"},"89":{"W5":"5","W4":"5","V6":"5"},"88":{"3W":"5"},"7C":{"PJ":"5","H5":"5","MG":"5","H4":"5"},"3H":{"W3":"5","W4":"5","V3":"5","V4":"5"},"PF":{"67":"5","77":"5"},"7G":{"JG":"5"},"85":{"Q2":"5","66":"5","77":"5","87":"5","76":"5","86":"5","P2":"5","R2":"5","75":"5"},"CF":{"96":"5","4Q":"5","85":"5","84":"5","4P":"5"},"J2":{"46":"5","76":"5","56":"5"},"3G":{"RQ":"5"},"98":{"8J":"5"},"8C":{"63":"5","6X":"5"},"79":{"8R":"5"}},"FX":{"8G":{"M3":"5"},"W7":{"PW":"5","VX":"5","XW":"5","WW":"5","QR":"5","WX":"5","XQ":"5"},"M4":{"CG":"5","CF":"5","FH":"5","CC":"5","FC":"5","FG":"5","GG":"5","GH":"5","HH":"5","GF":"5","FF":"5"},"X7":{"5W":"5","3R":"5","6W":"5","4W":"5"},"WV":{"QR":"5"},"X8":{"24":"5"},"W8":{"V2":"5","W3":"5","Q8":"5","Q2":"5","J4":"5","W2":"5"}},"5X":{"M8":{"MX":"5"},"64":{"82":"5"},"63":{"7X":"5","6V":"5"},"JC":{"HH":"5"},"53":{"MW":"5"},"6M":{"5X":"5"},"6Q":{"44":"5","45":"5"},"H8":{"M3":"5","J2":"5","J3":"5","M7":"5","M4":"5","J4":"5"},"6P":{"52":"5","63":"5","53":"5","69":"5","59":"5"},"XH":{"5J":"5"},"5Q":{"W5":"5","V5":"5","W4":"5","XR":"5","V6":"5","V4":"5","X5":"5","XQ":"5"}},"9P":{"V8":{"5F":"5"},"P3":{"PX":"5"},"M2":{"M3":"5"},"X9":{"68":"5","69":"5","58":"5","59":"5"},"Q4":{"HG":"5","JG":"5","GG":"5","JH":"5","HH":"5"},"VC":{"3R":"5"},"HF":{"R2":"5"},"84":{"J3":"5"},"86":{"7M":"5"},"57":{"79":"5"},"FC":{"74":"5"},"PF":{"27":"5"},"6R":{"JR":"5"},"P7":{"G7":"5"},"6V":{"G8":"5"},"J2":{"R9":"5","RC":"5"},"R2":{"WW":"5","QP":"5"}},"CX":{"C5":{"2J":"5","3J":"5"},"QG":{"64":"5","27":"5"},"95":{"XJ":"5"},"2H":{"45":"5","55":"5","3F":"5"}},"8V":{"QX":{"2V":"5","7W":"5","7V":"5","6V":"5"},"69":{"42":"5","43":"5"},"Q4":{"CQ":"5","9R":"5","8P":"5","8R":"5","7M":"5","9V":"5","7P":"5","7V":"5","8V":"5","8Q":"5","7Q":"5","7R":"5","9Q":"5"},"PQ":{"XP":"5","VV":"5","RQ":"5","VX":"5","XX":"5","RP":"5","RR":"5","RW":"5","XV":"5","WP":"5","QQ":"5","WW":"5","VP":"5","XW":"5","XR":"5","WX":"5","VW":"5","VM":"5","RV":"5","WM":"5","WV":"5","QR":"5","XM":"5"},"PR":{"X3":"5","X2":"5"},"PX":{"XX":"5","XW":"5","VR":"5","XV":"5","WQ":"5","WR":"5","RR":"5"},"QQ":{"4W":"5","2V":"5","2Q":"5","4R":"5","3V":"5","3P":"5","2R":"5","3X":"5","3M":"5","2M":"5","4X":"5","4V":"5","2P":"5","3R":"5"},"P4":{"XM":"5"},"59":{"24":"5"},"V9":{"9V":"5"},"58":{"XX":"5"},"CV":{"2F":"5"},"QR":{"32":"5","22":"5","23":"5"},"68":{"3X":"5","2W":"5"}},"GP":{"Q2":{"4W":"5"},"Q3":{"38":"5","27":"5"},"96":{"65":"5"},"87":{"P5":"5"},"M2":{"5F":"5"},"H3":{"GX":"5"},"V6":{"2C":"5"},"QG":{"FP":"5"},"RP":{"6Q":"5"},"92":{"PJ":"5"},"H7":{"WP":"5"},"8Q":{"CW":"5","9W":"5","CX":"5","9X":"5"},"V7":{"2M":"5"},"95":{"PV":"5","HC":"5"},"M6":{"5P":"5"},"5C":{"VF":"5","QV":"5"},"PF":{"4P":"5"},"8V":{"2Q":"5"},"46":{"RQ":"5"},"R2":{"JW":"5"},"J8":{"CR":"5"},"M5":{"RW":"5"},"94":{"F5":"5"}},"8M":{"X8":{"M6":"5","M5":"5"},"H8":{"5P":"5","5M":"5","6M":"5","6P":"5","6J":"5"},"8F":{"FP":"5"},"X7":{"QW":"5","W9":"5","WC":"5","QX":"5","WR":"5"},"R8":{"57":"5","58":"5"},"WP":{"3V":"5"},"HJ":{"49":"5","48":"5"},"QF":{"54":"5"},"2F":{"V6":"5"},"J9":{"J4":"5"},"VR":{"Q6":"5"},"MG":{"37":"5"},"3H":{"8X":"5"},"GR":{"V7":"5","V8":"5","W8":"5"},"J8":{"VJ":"5"},"99":{"QF":"5","PC":"5","PF":"5","QC":"5"},"3R":{"HV":"5"},"MV":{"F3":"5"}},"5P":{"VV":{"48":"5"},"8M":{"QQ":"5"},"5W":{"MP":"5"},"FQ":{"C3":"5","C4":"5"},"JW":{"7R":"5"}},"RM":{"82":{"JF":"5","3G":"5"},"J5":{"9J":"5"},"QH":{"VJ":"5","VM":"5"},"8M":{"HJ":"5"},"MF":{"3V":"5","4W":"5","3W":"5"},"72":{"WF":"5","VC":"5","QP":"5","MW":"5","QQ":"5","VF":"5","JX":"5","GP":"5","M8":"5","MX":"5","QC":"5","JW":"5","HW":"5","QR":"5","C7":"5","HX":"5"},"92":{"3M":"5","3J":"5"},"6W":{"3Q":"5","2Q":"5"}},"9W":{"66":{"XW":"5"},"9C":{"V2":"5","F7":"5","Q3":"5","C7":"5","Q2":"5","W2":"5","X2":"5"},"9G":{"82":"5","J2":"5","9M":"5","R9":"5","72":"5","R8":"5","92":"5"},"87":{"PQ":"5"},"C9":{"3X":"5","57":"5"},"8F":{"X7":"5"},"G8":{"7X":"5","8V":"5"},"G9":{"3Q":"5","5X":"5"},"GH":{"62":"5","72":"5"},"J5":{"G4":"5","H5":"5","H4":"5"},"8G":{"QF":"5","V3":"5"},"9F":{"MG":"5","9F":"5","95":"5","H8":"5","9X":"5","FH":"5","7J":"5","7M":"5","MQ":"5","2F":"5","6F":"5","5F":"5","JR":"5","99":"5","QC":"5","7G":"5","QX":"5","HR":"5","9P":"5","6P":"5","9H":"5","VG":"5","9G":"5","8X":"5","C9":"5","MP":"5","8M":"5","J8":"5","9C":"5","7F":"5","85":"5","MF":"5","8J":"5","5C":"5","CG":"5","6C":"5","4G":"5"},"F8":{"VH":"5","6M":"5"},"J3":{"GP":"5"},"CG":{"H7":"5","38":"5","C8":"5","F8":"5","M2":"5","Q3":"5","7W":"5","FG":"5","V4":"5","98":"5"},"CH":{"9M":"5","2J":"5","9H":"5","CC":"5","66":"5","98":"5"},"C8":{"RQ":"5"},"M6":{"P6":"5","Q6":"5"},"GG":{"7X":"5"},"CC":{"9C":"5","8J":"5","RQ":"5","RR":"5","VJ":"5","HG":"5","9F":"5","JQ":"5","VR":"5","CC":"5","GX":"5","32":"5","CF":"5"},"FC":{"38":"5","V2":"5","R5":"5"},"FH":{"85":"5","65":"5","94":"5"},"9H":{"7W":"5"},"F9":{"3R":"5","WR":"5","WV":"5","XQ":"5"},"CF":{"CP":"5","76":"5","9M":"5","59":"5","CM":"5","3F":"5","RX":"5","FP":"5","2F":"5","39":"5","9J":"5","57":"5","VR":"5","29":"5","75":"5","66":"5","G3":"5","69":"5","XW":"5","3C":"5","QQ":"5","78":"5","58":"5","JH":"5","85":"5","67":"5","93":"5","6M":"5"},"36":{"C4":"5"},"FF":{"GP":"5","2M":"5"},"FG":{"32":"5","H3":"5","VC":"5"},"99":{"QW":"5","VV":"5","RX":"5","VX":"5","XX":"5","RW":"5","XV":"5","WW":"5","XW":"5","WX":"5","VW":"5","QV":"5","WV":"5"},"PW":{"M8":"5","J8":"5","M7":"5","M9":"5","P9":"5","P8":"5","J9":"5"},"98":{"G8":"5"},"8C":{"73":"5"},"GV":{"9R":"5","8X":"5","8R":"5","8W":"5","9W":"5","7W":"5","9V":"5","7V":"5","6Q":"5","8V":"5","8Q":"5","7R":"5","7Q":"5","9Q":"5"}},"VH":{"3Q":{"W3":"5","V3":"5","V4":"5"},"3P":{"F7":"5","HF":"5","HC":"5"}},"XG":{"RG":{"C7":"5"}},"9X":{"XJ":{"47":"5","48":"5","67":"5","Q2":"5","45":"5","27":"5","4C":"5"},"F7":{"45":"5"},"M5":{"7W":"5"},"3M":{"RM":"5","RH":"5","VH":"5","RP":"5","WH":"5","VJ":"5","VP":"5","RJ":"5","VM":"5","WJ":"5","WM":"5"},"XH":{"WM":"5","VM":"5"}},"XJ":{"24":{"7Q":"5","7R":"5"},"5G":{"9X":"5"},"MG":{"QM":"5","RP":"5","QP":"5","RM":"5"},"5C":{"HM":"5","HP":"5","GP":"5","GM":"5"},"5J":{"FC":"5"}},"3V":{"FR":{"7X":"5"},"8P":{"FR":"5","CV":"5","CR":"5","X9":"5","QJ":"5"},"FV":{"H7":"5"},"22":{"9F":"5"},"4M":{"9W":"5"},"9V":{"CX":"5","FX":"5"}},"4R":{"PH":{"7P":"5"},"8H":{"JV":"5","FV":"5","GM":"5","HJ":"5","FP":"5","GP":"5","HM":"5","FW":"5","JR":"5","MR":"5","GJ":"5","GR":"5","FR":"5","FM":"5","HR":"5","MV":"5","GQ":"5","CW":"5","CR":"5","JQ":"5","CV":"5","HV":"5","HW":"5","HQ":"5","GV":"5","GW":"5","HP":"5"},"Q9":{"FR":"5"},"CP":{"67":"5","57":"5"},"CM":{"CQ":"5","GQ":"5","FH":"5","FQ":"5","GP":"5","FG":"5","GM":"5"},"7V":{"GJ":"5"},"8M":{"54":"5","35":"5","44":"5","53":"5","34":"5","33":"5","43":"5","45":"5"},"MJ":{"8X":"5"},"V2":{"99":"5"},"5M":{"8W":"5","7W":"5","7V":"5","8V":"5"}},"VQ":{"XQ":{"WF":"5","QG":"5","VC":"5","VF":"5","QF":"5","RC":"5","RG":"5","QC":"5","RF":"5"},"FW":{"C3":"5"},"33":{"WH":"5","VH":"5"},"5P":{"8F":"5","8C":"5","9C":"5","9F":"5"},"38":{"9H":"5","9G":"5"},"3C":{"VX":"5","WW":"5","WX":"5","VW":"5"},"67":{"FR":"5","GV":"5","GR":"5"},"63":{"QV":"5"},"X5":{"FM":"5","CM":"5"},"R7":{"W3":"5"},"F3":{"9M":"5","8M":"5"},"V7":{"4F":"5"},"9X":{"P6":"5","Q7":"5","P7":"5"},"45":{"R5":"5"},"G6":{"M9":"5"},"JW":{"PJ":"5"},"J4":{"6Q":"5","6P":"5"},"48":{"G4":"5","F4":"5","G5":"5","F5":"5"},"JV":{"8V":"5"},"F5":{"5X":"5"},"6R":{"78":"5","88":"5","44":"5","34":"5","33":"5","43":"5"},"8V":{"CV":"5"},"32":{"H3":"5","H2":"5"},"C5":{"VR":"5"},"36":{"7X":"5"},"4X":{"J2":"5","H2":"5"},"R2":{"FG":"5","FF":"5"},"75":{"4H":"5","4G":"5","WQ":"5","VQ":"5","VP":"5"},"3G":{"C2":"5"},"JJ":{"X8":"5","W8":"5"},"54":{"MH":"5","MJ":"5"},"MR":{"C8":"5","F8":"5","F7":"5"}},"HJ":{"Q4":{"FR":"5","8J":"5","GV":"5","8M":"5","8H":"5","GR":"5"},"5R":{"W9":"5","R8":"5","W8":"5"},"92":{"4J":"5"},"8P":{"7F":"5"},"4Q":{"FH":"5"},"6Q":{"6R":"5","5J":"5"},"6R":{"7H":"5","5G":"5","6H":"5"},"3X":{"PH":"5"},"6V":{"C5":"5","74":"5"},"M5":{"J5":"5"}},"WR":{"34":{"24":"5","25":"5"},"FR":{"2G":"5"},"92":{"FP":"5","CP":"5"},"23":{"GX":"5"},"3W":{"FW":"5","MW":"5","PX":"5","FX":"5","JX":"5","MX":"5","GW":"5","JW":"5","GX":"5","HW":"5","PW":"5","HX":"5","MV":"5"},"JX":{"7M":"5","7P":"5","6M":"5","6P":"5"},"8Q":{"9M":"5","CM":"5","9J":"5"},"JM":{"49":"5","4C":"5"},"24":{"W5":"5","H3":"5","G3":"5","H2":"5","G2":"5","X4":"5","X5":"5"},"JW":{"5W":"5","4W":"5","5R":"5"},"6J":{"27":"5"},"5J":{"X6":"5","V6":"5"},"3X":{"H3":"5","G3":"5","F2":"5","H2":"5","G2":"5"},"CR":{"XG":"5"},"4X":{"FH":"5","GH":"5"}},"QX":{"82":{"XJ":"5"},"2F":{"2G":"5","5H":"5","2F":"5","3W":"5","8Q":"5","8R":"5","9R":"5","7Q":"5","CV":"5","8W":"5","5J":"5","CR":"5","3G":"5"},"R7":{"88":"5","87":"5"},"7H":{"7G":"5","29":"5","6G":"5","3C":"5","39":"5"},"M6":{"Q7":"5"},"2P":{"CQ":"5"},"HH":{"R7":"5","V7":"5","R8":"5","V8":"5"},"WV":{"3Q":"5"}},"CJ":{"8X":{"2J":"5","28":"5","75":"5","3J":"5","27":"5"},"PR":{"37":"5","5R":"5","4R":"5","5V":"5","47":"5","36":"5","4V":"5","46":"5"},"MW":{"W9":"5"},"XW":{"6H":"5"},"GW":{"WF":"5","XH":"5","VH":"5","Q4":"5","Q5":"5","WH":"5","P4":"5","VG":"5","R4":"5","XF":"5","WG":"5","P5":"5","WJ":"5","XG":"5","M5":"5"},"MX":{"35":"5"},"XR":{"PP":"5","PV":"5","XH":"5","FQ":"5","QV":"5","FH":"5","GG":"5","MQ":"5","JF":"5","RC":"5","FJ":"5","PR":"5","FW":"5","QP":"5","JR":"5","QR":"5","XG":"5","GR":"5","VP":"5","FM":"5","VC":"5","VR":"5","VQ":"5","HR":"5","GQ":"5","JG":"5","CJ":"5","VF":"5","66":"5","JQ":"5","GX":"5","XP":"5","8V":"5","HH":"5","JP":"5","HQ":"5","RM":"5","GF":"5","RQ":"5","PQ":"5","QQ":"5","WM":"5","MP":"5","HG":"5","XM":"5","RF":"5","PW":"5","RP":"5","HF":"5","VM":"5","QW":"5","WP":"5","GH":"5","FX":"5","GW":"5","HP":"5"},"VW":{"8P":"5"},"WR":{"6C":"5","GM":"5","RQ":"5","JP":"5","HF":"5","GH":"5","GF":"5","HJ":"5","JQ":"5","CM":"5","FM":"5","MQ":"5","CH":"5","MP":"5","9H":"5","MH":"5","PP":"5","MJ":"5","JJ":"5","MR":"5"},"8W":{"QW":"5","CM":"5"},"JV":{"M7":"5","Q8":"5","X9":"5","P7":"5"},"7X":{"X7":"5","X8":"5"},"MV":{"X4":"5"}},"V9":{"5W":{"H7":"5","J3":"5","XM":"5"},"6X":{"22":"5"}},"6Q":{"W6":{"GX":"5","CW":"5","FW":"5","CX":"5","FX":"5","9X":"5"},"W7":{"C2":"5","92":"5","F3":"5","C4":"5","G3":"5","F4":"5","G2":"5","93":"5","C3":"5","F2":"5"},"H2":{"HR":"5"},"2W":{"CF":"5","CC":"5","FC":"5"},"4J":{"74":"5"}},"R2":{"6P":{"JQ":"5"}},"JM":{"87":{"F3":"5","G2":"5"},"8F":{"JG":"5"},"76":{"J2":"5","G4":"5","H4":"5","W2":"5"},"86":{"28":"5","26":"5"},"FH":{"V5":"5","V4":"5"},"75":{"VV":"5","VR":"5","JX":"5","WX":"5","VW":"5"},"FG":{"PP":"5","MJ":"5","WJ":"5","R8":"5","Q7":"5","CF":"5","G8":"5","RH":"5","M9":"5","PJ":"5","QM":"5","WH":"5","69":"5","VJ":"5","MC":"5","MW":"5","MX":"5","PQ":"5","MP":"5","VH":"5","RR":"5","MM":"5","Q8":"5","W6":"5","HP":"5"}},"WC":{"5J":{"2W":"5"}},"PG":{"48":{"J5":"5","M6":"5","M5":"5","J6":"5"},"P8":{"C4":"5"}},"GV":{"WP":{"GV":"5","MW":"5"},"WQ":{"J2":"5","J3":"5","JF":"5","QX":"5","VC":"5","P7":"5"},"6W":{"94":"5"},"XP":{"8V":"5"},"8V":{"WQ":"5"}},"9R":{"3Q":{"CV":"5","CW":"5","FV":"5","FW":"5"},"R7":{"8P":"5","CQ":"5","CP":"5","9V":"5","7M":"5","7P":"5","8Q":"5","8R":"5","FQ":"5","9R":"5","7Q":"5","8M":"5","CV":"5","FP":"5","CR":"5","9P":"5","9Q":"5"},"8R":{"QM":"5","VJ":"5","RH":"5","QH":"5","RJ":"5","VH":"5","VM":"5","RM":"5","QJ":"5"},"3H":{"HJ":"5","HM":"5","JM":"5","JJ":"5"},"G6":{"C3":"5","F2":"5","G2":"5","C4":"5"},"G5":{"GX":"5","FX":"5"},"4W":{"RJ":"5"},"VW":{"MX":"5"}},"X8":{"VR":{"HR":"5"}},"P9":{"QW":{"G3":"5"},"W5":{"7P":"5"},"X8":{"V8":"5"},"V5":{"XJ":"5","CW":"5","PM":"5"},"V6":{"Q2":"5"},"QG":{"2C":"5"},"R5":{"G5":"5"},"V3":{"HG":"5","J8":"5","8F":"5","7H":"5","FW":"5","JJ":"5","P7":"5","25":"5"},"R3":{"P9":"5"},"W7":{"62":"5"},"X3":{"54":"5","52":"5","64":"5","H9":"5","53":"5","34":"5","45":"5"},"W2":{"HF":"5","P9":"5","HC":"5"},"W3":{"R8":"5","7V":"5","6V":"5"},"V4":{"G2":"5"},"V9":{"94":"5"},"W6":{"V5":"5","CX":"5"},"QC":{"H5":"5"},"X2":{"GX":"5","FW":"5"},"QV":{"3X":"5"},"PV":{"4H":"5"},"R2":{"7G":"5","5H":"5","VX":"5","CP":"5","CM":"5","VC":"5","5J":"5","MM":"5","6J":"5"},"V2":{"M3":"5","Q2":"5","P3":"5","XP":"5","M4":"5","J6":"5","3C":"5","Q4":"5","J7":"5","83":"5","J5":"5","P4":"5","6H":"5","P2":"5","WQ":"5","M6":"5","57":"5","M7":"5","89":"5","WR":"5","6F":"5","85":"5","32":"5","P7":"5","FP":"5","6M":"5","GR":"5","J8":"5"}},"W9":{"HF":{"CX":"5"},"7F":{"J2":"5"}},"9V":{"WH":{"76":"5","83":"5","86":"5","85":"5"},"55":{"R4":"5","V5":"5","W4":"5","V3":"5","V4":"5","R3":"5"},"36":{"78":"5","68":"5","69":"5","58":"5","59":"5","79":"5"},"WG":{"8J":"5","GM":"5","9G":"5","7J":"5","8H":"5","HG":"5","HF":"5","GH":"5","GC":"5","GF":"5","HJ":"5","9F":"5","CG":"5","CJ":"5","9J":"5","JG":"5","CH":"5","GG":"5","HH":"5","CC":"5","6J":"5","FC":"5","FH":"5","9H":"5","CF":"5","93":"5","GJ":"5","FF":"5","FG":"5","FJ":"5","JF":"5","7H":"5"},"4J":{"4H":"5"}},"GH":{"Q5":{"72":"5"}},"RJ":{"8X":{"7H":"5","7J":"5"},"PW":{"F7":"5","F6":"5"},"P9":{"H8":"5"}},"HR":{"76":{"QF":"5"},"F7":{"FW":"5","FR":"5","FV":"5","CQ":"5","9V":"5","9X":"5","9R":"5","CX":"5","CW":"5","9W":"5","CV":"5","CR":"5"},"86":{"4X":"5","5P":"5","5W":"5","6G":"5","6W":"5","6X":"5","4Q":"5","5X":"5","4W":"5","5Q":"5","4P":"5"},"85":{"QM":"5","PJ":"5","PM":"5","QJ":"5"}},"FJ":{"2V":{"C5":"5","82":"5","96":"5","95":"5","C6":"5","94":"5","C4":"5"},"9X":{"J4":"5"},"FP":{"8J":"5","8M":"5","5M":"5","7M":"5","7J":"5"},"3W":{"32":"5"},"JR":{"9R":"5"},"QR":{"67":"5"},"4V":{"CF":"5","Q4":"5","HF":"5","JF":"5"},"MR":{"R8":"5"},"3V":{"MP":"5","JM":"5","MM":"5"},"4X":{"XR":"5","XQ":"5"},"8Q":{"5V":"5","3W":"5"},"2R":{"FJ":"5","R9":"5","HP":"5","4H":"5","F8":"5","6F":"5","5G":"5","5H":"5","2G":"5","9R":"5","9W":"5","6Q":"5","4G":"5","3V":"5","2V":"5","7R":"5","9X":"5","CM":"5","7W":"5","5J":"5","5P":"5","27":"5","CJ":"5","4J":"5","3H":"5","FM":"5","6J":"5","3F":"5","4P":"5","7X":"5","5R":"5","4F":"5","8W":"5","5F":"5","RQ":"5","3J":"5","4Q":"5","2H":"5","8X":"5","2W":"5","6R":"5","6G":"5","3W":"5","3G":"5","5Q":"5","6H":"5"},"5X":{"XJ":"5","2Q":"5","R9":"5","86":"5","XM":"5","J9":"5","2R":"5","WG":"5","X7":"5","G9":"5"},"7V":{"WP":"5","M6":"5","WQ":"5","XP":"5","XQ":"5"},"6X":{"2J":"5","F9":"5","43":"5","2M":"5"},"JQ":{"FR":"5"},"6W":{"6Q":"5","5Q":"5"},"XP":{"FC":"5"},"JP":{"9H":"5"},"HW":{"7V":"5"},"MX":{"FQ":"5","9Q":"5"},"8R":{"H7":"5","J8":"5","5X":"5"},"MP":{"W7":"5"},"4W":{"M8":"5","88":"5","96":"5","86":"5","87":"5"},"4R":{"8H":"5","7Q":"5"},"3R":{"2G":"5","7F":"5","GG":"5","79":"4"},"6R":{"G4":"5","FV":"5","H4":"5"},"VM":{"7J":"5"},"2W":{"W5":"5","VG":"5","VF":"5"},"6V":{"GC":"5","W3":"5","V3":"5"},"4Q":{"MV":"5","MW":"5","JV":"5","JW":"5"},"RW":{"CC":"5"},"HP":{"XG":"5","PW":"5"}},"2W":{"2Q":{"Q6":"5","2C":"5"},"MR":{"8G":"5","78":"5"},"MP":{"5V":"5"},"FP":{"3F":"5"},"QR":{"CC":"5","G9":"5"},"VM":{"5P":"5","5Q":"5","6P":"5","5R":"5","8P":"5","7P":"5","8Q":"5","8R":"5","7V":"5","5V":"5","8V":"5","6V":"5"},"6Q":{"X2":"5"},"RR":{"H9":"5","M9":"5","J9":"5","H8":"5"},"RM":{"GX":"5","HW":"5","FW":"5","HX":"5","9G":"5","GW":"5"},"6V":{"2X":"5"},"5Q":{"FH":"5","FJ":"5"}},"2Q":{"VX":{"7C":"5"},"RX":{"QQ":"5"},"WW":{"4F":"5","62":"5","7C":"5"},"WX":{"6W":"5"}},"VM":{"CF":{"C3":"5"}},"XP":{"G5":{"MV":"5","PX":"5","PW":"5","MX":"5","MW":"5","JX":"5","JW":"5"},"WX":{"V2":"5"}},"Q2":{"F9":{"2G":"5","2F":"5"},"9J":{"34":"5"}},"3R":{"23":{"4G":"5"},"33":{"6F":"5","9G":"5"},"9Q":{"2P":"5","7R":"5"},"CM":{"5W":"5","4W":"5","3W":"5"},"48":{"9M":"5","FQ":"5","9P":"5"},"J2":{"4V":"5","3V":"5"},"GP":{"C2":"5"},"Q3":{"C8":"5"},"HM":{"3H":"5","9P":"5"},"49":{"W5":"5","X6":"5"},"C2":{"RR":"5"},"65":{"44":"5"},"26":{"V8":"5"},"8Q":{"VV":"5","VR":"5","WQ":"5","XP":"5","WR":"5","XQ":"5"},"75":{"5X":"5"},"9P":{"WP":"5","WM":"5","HV":"5"},"82":{"67":"5"},"9R":{"32":"5","42":"5"},"2G":{"75":"5"},"G2":{"XQ":"5"},"CV":{"R4":"5","GF":"5"},"24":{"C3":"5","6M":"5"},"45":{"98":"5"},"8R":{"8P":"5"},"2X":{"29":"5"},"J8":{"3F":"5"},"62":{"92":"5"},"J7":{"M2":"5"},"2W":{"9W":"5"},"R2":{"22":"5"},"68":{"V2":"5"},"HX":{"QR":"5"},"M7":{"62":"5"},"M4":{"GP":"5","2R":"5"},"J3":{"7P":"5"}},"PR":{"J5":{"FR":"5","FQ":"5","HP":"5","GP":"5"},"PV":{"Q4":"5"},"H5":{"W7":"5","W8":"5"},"G5":{"VH":"5"},"PG":{"5R":"5"},"5X":{"GW":"5"},"2P":{"5P":"5","5M":"5","4M":"5","4P":"5"},"2H":{"QH":"5"}},"QW":{"FW":{"J2":"5","M2":"5"},"8J":{"XW":"5","XV":"5","XR":"5","WR":"5","WV":"5"},"HR":{"F8":"5","F6":"5","C6":"5"},"X9":{"6Q":"5","6R":"5","7Q":"5","7R":"5","5R":"5"},"M9":{"QG":"5","QH":"5"},"FV":{"MX":"5","MW":"5","JX":"5","JW":"5"},"WH":{"66":"5"},"RW":{"R2":"5","V2":"5","W3":"5","V3":"5","W2":"5"},"MW":{"Q4":"5"},"2C":{"PP":"5","MP":"5","QP":"5","PM":"5","MM":"5"},"W7":{"FW":"5"},"9J":{"2V":"5","3V":"5","2R":"5","2W":"5","3W":"5"},"FM":{"72":"5"},"CH":{"Q3":"5","X9":"5"},"RV":{"VX":"5","WX":"5"},"FH":{"24":"5","4H":"5","4F":"5","4G":"5","5G":"5","5F":"5"},"MC":{"RM":"5"},"F4":{"7W":"5","6W":"5","6X":"5","7X":"5","7V":"5","6R":"5","6V":"5"},"MF":{"G4":"5","F3":"5","H5":"5","C3":"5","G3":"5","75":"5","F4":"5","65":"5","H4":"5"},"PW":{"GW":"5"},"6W":{"QF":"5","RF":"5"}},"XQ":{"MH":{"MC":"5"},"HG":{"4X":"5","3X":"5","4W":"5","3W":"5"},"8J":{"JC":"5","J9":"5"},"4X":{"38":"5","46":"5","37":"5","47":"5","48":"5","36":"5"},"JM":{"C5":"5","F5":"5"},"4P":{"W9":"5"}},"W3":{"J3":{"3G":"5"},"66":{"85":"5","65":"5"},"65":{"5X":"5"}},"QR":{"V8":{"3H":"5","3J":"5"},"8J":{"VQ":"5","RQ":"5","G8":"5","F8":"5","G7":"5","F7":"5","MG":"5","MF":"5"},"XX":{"4V":"5","4R":"5"},"R6":{"6Q":"5","6P":"5"},"RW":{"P4":"5"},"W2":{"7H":"5"},"VP":{"4F":"5","5F":"5","5C":"5","4C":"5"},"9J":{"MM":"5"},"FM":{"V5":"5","V6":"5"},"48":{"MR":"5","JR":"5"},"P5":{"GV":"5","GR":"5"},"MM":{"4V":"5","4W":"5"},"WV":{"V6":"5"},"MF":{"MH":"5","MG":"5"}},"JW":{"FC":{"5J":"5"},"FF":{"Q9":"5"}},"MJ":{"J9":{"6W":"5","5V":"5","R6":"5"},"2J":{"G2":"5"},"5R":{"76":"5"},"R8":{"38":"5"},"2F":{"JG":"5"},"3H":{"FH":"5","M2":"5","Q3":"5","VF":"5","87":"5"},"JX":{"35":"5","34":"5","36":"5","66":"5"},"V4":{"5Q":"5"},"JC":{"32":"5"},"2G":{"74":"5","2X":"5"},"HH":{"MR":"5"},"V3":{"8W":"5","6X":"5"},"2H":{"Q2":"5","FW":"5","6C":"5","FX":"5","QQ":"5","7M":"5","JX":"5","CG":"5","8R":"5","GW":"5","FM":"5","PV":"5","GJ":"5","PW":"5"},"HQ":{"74":"5"},"W9":{"9H":"5"},"QH":{"J4":"5"},"6J":{"MH":"5","JJ":"5","JH":"5","MJ":"5","MM":"5"},"QJ":{"PP":"5","MX":"5","QP":"5","QQ":"5"},"PF":{"PF":"5"},"HX":{"WF":"5","X8":"5"},"Q8":{"92":"5"},"H4":{"MP":"5","MM":"5"},"5H":{"HF":"5"},"6M":{"7M":"5"}},"FR":{"Q4":{"R7":"5"},"R4":{"85":"5"},"34":{"3R":"5","3V":"5"},"W4":{"W5":"5","W4":"5","X4":"5","X5":"5"},"X4":{"4F":"5","3H":"5","4C":"5","3F":"5","3G":"5"},"R3":{"P2":"5"}},"7X":{"MF":{"2V":"5"},"WC":{"MH":"5"}},"R8":{"96":{"W6":"5"}},"PM":{"PP":{"P8":"5"},"QG":{"4H":"5","4G":"5","3H":"5","3G":"5"},"HM":{"9R":"5","GX":"5","PW":"5","HW":"5","HJ":"5","HM":"5","9H":"5","PQ":"5","JJ":"5","MJ":"5"},"JM":{"2J":"5"}},"Q4":{"48":{"CG":"5"},"67":{"PJ":"5"}},"Q8":{"FP":{"65":"5"},"8V":{"6Q":"5"},"MJ":{"G6":"5"}},"8R":{"GQ":{"C5":"5","78":"5","C8":"5","88":"5","64":"5","63":"5","76":"5","62":"5","53":"5","FC":"5","F9":"5","77":"5","87":"5","C9":"5","66":"5","65":"5","98":"5"},"6C":{"XC":"5"},"GM":{"GV":"5","FV":"5","FW":"5","CX":"5","FX":"5","GW":"5"},"7J":{"RH":"5","QJ":"5","QG":"5","PH":"5","QH":"5","PG":"5","PJ":"5","RJ":"5","MH":"5","MJ":"5"},"VX":{"J2":"5","M2":"5"},"RW":{"MH":"5","PJ":"5","PM":"5","PH":"5","MJ":"5"},"PC":{"XM":"5"},"78":{"7H":"5","6H":"5"},"55":{"VR":"5"},"F8":{"C5":"5","C8":"5","96":"5","F8":"5","95":"5","F7":"5","C7":"5","C6":"5","97":"5"},"GP":{"8X":"5","6X":"5","7X":"5","9X":"5"},"JM":{"JV":"5"},"CW":{"8P":"5"},"VW":{"MX":"5","MW":"5","JX":"5"},"7C":{"2F":"5","4F":"5","2C":"5","29":"5","3C":"5","4C":"5","3F":"5","39":"5"},"MV":{"74":"5","75":"5","85":"5","84":"5"},"MR":{"QM":"5","VJ":"5","RH":"5","RG":"5","RJ":"5","PR":"5","RP":"5","QR":"5","VG":"5","VH":"5","QP":"5","VQ":"5","VM":"5","RR":"5","QQ":"5","RM":"5","VP":"5","RQ":"5"}},"GJ":{"9R":{"6W":"5"},"CW":{"J6":"5"},"CR":{"4M":"5"},"8Q":{"QV":"5"},"2W":{"4X":"5"},"6V":{"4P":"5"},"GW":{"XX":"5"}},"8X":{"G6":{"FW":"5","FR":"5","FV":"5","FX":"5","CQ":"5","CP":"5","9M":"5","9V":"5","CJ":"5","CM":"5","FQ":"5","9J":"5","GW":"5","9R":"5","CX":"5","CW":"5","CV":"5","GX":"5","FP":"5","CR":"5","9P":"5","GV":"5","9Q":"5"}},"3W":{"8W":{"WQ":"5","XR":"5","WR":"5","XQ":"5"},"M5":{"5F":"5","45":"5","6Q":"5"},"JJ":{"32":"5","22":"5"},"M4":{"GH":"5","9F":"5"},"JH":{"2X":"5","3X":"5","3W":"5"}},"P8":{"VX":{"3X":"5","5X":"5"},"RX":{"XW":"5"},"XW":{"2J":"5"},"WW":{"GQ":"5"},"Q3":{"WV":"5"},"QX":{"RH":"5","QH":"5","QJ":"5"},"WX":{"M7":"5"},"VW":{"MX":"5","G5":"5"}},"HG":{"HF":{"37":"5","2R":"5"},"GG":{"HF":"5","MG":"5"},"M5":{"CM":"5"},"GF":{"P5":"5","H5":"5","GC":"5","FC":"5","F9":"5","C7":"5","G9":"5"}},"MP":{"GC":{"VX":"5","VW":"5"}},"WP":{"CG":{"R8":"5"},"CF":{"QR":"5"},"8X":{"49":"5","3C":"5","4C":"5","39":"5"},"CV":{"R3":"5"},"7X":{"VC":"5"}},"XX":{"8H":{"P5":"5"},"6G":{"32":"5"},"JV":{"P3":"5"},"WJ":{"47":"5","48":"5"},"RQ":{"PC":"5","PF":"5"}},"VG":{"82":{"9R":"5","8R":"5"},"VR":{"35":"5","44":"5","34":"5","45":"5"},"VH":{"C7":"5"}},"WX":{"R2":{"5F":"5","37":"5","6C":"5","6F":"5","6G":"5","7G":"5","7F":"5","7H":"5"}},"VV":{"25":{"8G":"5","8F":"5"},"GM":{"5M":"5","4M":"5","5J":"5","4J":"5"},"4M":{"3C":"5","2G":"5","2C":"5","3F":"5","2F":"5","29":"5","3G":"5"},"Q9":{"MJ":"5"},"62":{"2Q":"5","2P":"5"},"22":{"93":"5","83":"5","94":"5","84":"5"},"W3":{"5H":"5"},"V4":{"V9":"5","VC":"5"},"FM":{"G4":"5","F4":"5","G5":"5"},"3J":{"RX":"5","QX":"5"},"6F":{"FW":"5","FV":"5","9V":"5","9X":"5","9R":"5","CX":"5","CW":"5","9W":"5","CV":"5","8W":"5","CR":"5"},"6G":{"82":"5","8J":"5","8M":"5","34":"5"},"3M":{"XC":"5","W6":"5","WH":"5","VG":"5","V7":"5","W7":"5","V6":"5","P4":"5","X9":"5","P7":"5","X7":"5","X8":"5","W8":"5"},"G2":{"64":"5","63":"5","74":"5","73":"5"},"6X":{"6G":"5","6H":"5","C2":"5"},"FG":{"MG":"5"},"6W":{"8R":"5","8V":"5"}},"FQ":{"RW":{"V4":"5"},"W6":{"WF":"5","X8":"5","R9":"5","X9":"5","M9":"5","VC":"5","R8":"5","WC":"5","VF":"5","QF":"5","RC":"5","Q7":"5","W7":"5","R7":"5","Q8":"5","XC":"5","V7":"5","W8":"5","M8":"5","V9":"5","P8":"5","RF":"5","PF":"5","MC":"5","MF":"5","W9":"5"},"V8":{"V9":"5","W5":"5","QW":"5","FH":"5","M9":"5","WQ":"5","W4":"5","VM":"5","Q8":"5","QC":"5","66":"5","VP":"5","XQ":"5"},"X6":{"38":"5","2F":"5","2C":"5","28":"5","3C":"5","39":"5"},"W8":{"86":"5","2C":"5","45":"5","26":"5"}},"7Q":{"4J":{"85":"5"},"Q4":{"96":"5","87":"5","97":"5"},"R5":{"3V":"5","3W":"5"},"V3":{"J2":"5","J3":"5"},"WP":{"MC":"5","JC":"5","MF":"5","JF":"5"},"P4":{"RH":"5","QJ":"5","QG":"5","PH":"5","QH":"5","RG":"5","PJ":"5","RJ":"5"},"W7":{"XV":"5","XR":"5","WR":"5","WV":"5"},"F8":{"22":"5"},"V7":{"95":"5"},"CJ":{"MP":"5","JG":"5"},"V4":{"4F":"5","3F":"5"},"V9":{"QW":"5","QV":"5"},"XR":{"28":"5"},"W6":{"VC":"5"},"95":{"38":"5","39":"5"},"WR":{"8J":"5","8H":"5","X5":"5","X8":"5"},"2R":{"VJ":"5","WJ":"5"},"WM":{"9M":"5","CP":"5","CM":"5"},"6V":{"5H":"5","6H":"5","5J":"5","6J":"5"},"X4":{"PQ":"5"},"94":{"2Q":"5","2M":"5"},"P9":{"GJ":"5","GM":"5"},"F2":{"34":"5","22":"5","77":"5","55":"5","65":"5"}},"QC":{"99":{"C9":"5","X9":"5","VH":"5","JC":"5","QJ":"5","QG":"5","83":"5","PC":"5","PG":"5","QF":"5","RJ":"5","MG":"5","PF":"5","MC":"5","MF":"5","9Q":"5"},"C8":{"2Q":"5","2F":"5","3V":"5"},"F9":{"7R":"5"},"C7":{"99":"5"},"HC":{"WW":"5","RQ":"5"},"VQ":{"FJ":"5","R9":"5","FH":"5","HP":"5","MC":"5","PG":"5","RC":"5","8V":"5","8R":"5","GF":"5","J9":"5","RF":"5","PF":"5","GH":"5","9R":"5","JF":"5","JH":"5","9Q":"5","CV":"5","FR":"5","RG":"5","Q9":"5","CR":"5","JC":"5","FQ":"5","HF":"5","HM":"5","J8":"5","GG":"5","CQ":"5","QF":"5","P9":"5","M9":"5","H9":"5","GM":"5","JJ":"5","9V":"5","CJ":"5","PC":"5","HH":"5","GC":"5","GJ":"5","MF":"5","FG":"5","HJ":"5","JG":"5","HG":"5","MH":"5","MG":"5","QC":"5","HC":"5","H8":"5","QG":"5"},"C9":{"P3":"5","37":"5","77":"5","38":"5","67":"5","86":"5","48":"5"},"98":{"QF":"5","HJ":"5","M6":"5","6X":"5","H8":"5"}},"C7":{"2X":{"2X":"5"}},"HP":{"H6":{"77":"5"}},"5W":{"QH":{"GQ":"5","GM":"5","CP":"5","CQ":"5","GP":"5","FQ":"5","FM":"5","HM":"5","FP":"5","GJ":"5","FJ":"5","HP":"5","HQ":"5","9Q":"5"},"92":{"35":"5","44":"5","34":"5","V7":"5","V8":"5","W7":"5","45":"5","W8":"5"},"59":{"CJ":"5"}},"8Q":{"RM":{"G4":"5","H5":"5","G5":"5","H4":"5"},"5P":{"V2":"5","V3":"5","W2":"5"},"RQ":{"HG":"5","M9":"5","HF":"5"},"2V":{"9M":"5","8J":"5","5H":"5","8M":"5","8H":"5","6H":"5","CJ":"5","9J":"5"},"RP":{"PP":"5","PM":"5","9Q":"5","J5":"5","FQ":"5","M5":"5","QG":"5","M6":"5","Q7":"5","QC":"5","3H":"5","89":"5","PJ":"5","GQ":"5","P7":"5","9P":"5","G3":"5","JQ":"5","G2":"5","QF":"5","JP":"5","HQ":"5","8M":"5","MP":"5","8P":"5","QH":"5","QJ":"5","Q9":"5","8J":"5","Q8":"5","P6":"5","CQ":"5"},"3W":{"6X":"5","5X":"5"},"F3":{"QG":"5"},"3Q":{"2H":"5"},"3X":{"52":"5","62":"5","53":"5"}},"CM":{"J9":{"FR":"5","9M":"5","FM":"5","FP":"5","5M":"5","8P":"5","CP":"5","CM":"5","9P":"5","9Q":"5"},"PP":{"P7":"5"},"FV":{"X2":"5"},"52":{"2G":"5"},"H8":{"8M":"5","7M":"5","7P":"5","6M":"5","6P":"5"},"9Q":{"77":"5","76":"5","83":"5","92":"5","63":"5","84":"5","74":"5","86":"5","62":"5","85":"5","82":"5","93":"5","75":"5","73":"5","94":"5"},"2J":{"29":"5"},"W7":{"WW":"5"},"5R":{"2V":"5","3R":"5","3V":"5","2R":"5"},"FQ":{"5P":"5","65":"5"},"M5":{"PF":"5"},"W2":{"9V":"5"},"R8":{"M5":"5"},"QV":{"47":"5"},"7J":{"HF":"5","GC":"5","FC":"5","GF":"5","FF":"5"},"7M":{"2J":"5","2M":"5"},"F4":{"F9":"5"},"2P":{"WC":"5","GW":"5"},"R5":{"GV":"5"},"RC":{"R5":"5"},"6F":{"Q2":"5","P3":"5","M3":"5","Q3":"5","M2":"5","M4":"5","J5":"5","P4":"5","J3":"5","P2":"5","J4":"5","J2":"5","M5":"5"},"VV":{"2M":"5"},"4V":{"XX":"5","VX":"5","WX":"5"},"XG":{"R7":"5","V7":"5","V6":"5","R6":"5"},"C2":{"FR":"5"},"GR":{"PQ":"5","28":"5","27":"5","FX":"5","6R":"5","7R":"5","MM":"5","6V":"5"},"7G":{"32":"5"},"V8":{"7M":"5"},"G6":{"VH":"5"},"4J":{"Q4":"5"},"G9":{"W5":"5"},"G8":{"HW":"5","PC":"5"},"7C":{"VC":"5"},"M9":{"Q7":"5"},"HR":{"49":"5","3G":"5"},"89":{"62":"5"},"GQ":{"VF":"5"},"JG":{"J6":"5","J7":"5"},"7X":{"H9":"5","G8":"5","PQ":"5","JH":"5","HG":"5","HF":"5","G9":"5","GC":"5","GF":"5","HJ":"5","F8":"5","JM":"5","JG":"5","MP":"5","MQ":"5","HH":"5","HM":"5","F9":"5","FF":"5","HC":"5","JJ":"5","JF":"5","MV":"5","MR":"5"},"V4":{"H9":"5","J9":"5"},"74":{"RP":"5","VM":"5","RM":"5","VP":"5"},"QF":{"MC":"5","PC":"5"},"3J":{"HC":"5"},"X4":{"P6":"5","P5":"5"},"HV":{"4R":"5"},"GF":{"9H":"5"},"3C":{"VH":"5"},"4W":{"V2":"5","W2":"5","X2":"5"},"J8":{"6P":"5"},"9C":{"F9":"5"},"4R":{"2C":"5","29":"5","3C":"5","39":"5"},"PF":{"FW":"5","FR":"5","4H":"5","FV":"5","5H":"5","CQ":"5","HJ":"5","5G":"5","6H":"5","FQ":"5","CV":"5","6G":"5","9P":"5","4G":"5","9Q":"5"},"MF":{"66":"5"},"F6":{"4G":"5"},"FC":{"26":"5"},"W6":{"PJ":"5","PM":"5","JJ":"5","MJ":"5","MM":"5"},"R9":{"QM":"5","GX":"5","HW":"5"},"GV":{"43":"5","23":"5","63":"5","W2":"5","FQ":"5","C4":"5","HM":"5","9H":"5","G2":"5","93":"5","J8":"5","HP":"5","73":"5","94":"5","C3":"5"},"93":{"7R":"5"},"Q4":{"PJ":"5"},"6C":{"JW":"5","P8":"5","PP":"5","JV":"5","PV":"5","PM":"5","P9":"5","QV":"5","MQ":"5","PR":"5","JR":"5","QR":"5","MR":"5","QX":"5","JX":"5","MV":"5","JQ":"5","MW":"5","MX":"5","PQ":"5","QQ":"5","MP":"5","PW":"5","MM":"5","QW":"5","PX":"5"},"4G":{"49":"5","38":"5","59":"5","47":"5","58":"5","57":"5","48":"5"},"X6":{"M9":"5","6H":"5","FF":"5"},"6M":{"XJ":"5","XM":"5","WM":"5","WJ":"5"}},"JP":{"Q6":{"22":"5"},"R7":{"V3":"5"}},"W7":{"HC":{"G8":"5","G7":"5"}},"XW":{"47":{"R2":"5"},"6X":{"2G":"5","4H":"5","2J":"5","4F":"5","4G":"5","3H":"5","5F":"5","3C":"5","3J":"5","4C":"5","3F":"5","2H":"5","4J":"5","3G":"5"},"W4":{"GM":"5"},"J9":{"78":"5","68":"5","69":"5","5C":"5","7C":"5","58":"5","59":"5","6C":"5","79":"5"},"X5":{"5F":"5"},"X8":{"W9":"5"}},"HV":{"62":{"MG":"5","J9":"5","PC":"5","MJ":"5","RJ":"5","QG":"5","WQ":"5","VP":"5","VR":"5","G6":"5","RH":"5","VQ":"5","PG":"5","M9":"5","QM":"5","JG":"5","VF":"5","VG":"5","H6":"5","QF":"5","VJ":"5","H7":"5","MC":"5","RM":"5","PH":"5","RQ":"5","J8":"5","VH":"5","MH":"5","JJ":"5","RF":"5","QH":"5","QJ":"5","RP":"5","JH":"5","J7":"5","MF":"5","PF":"5","VM":"5","WP":"5","RG":"5"},"98":{"FV":"5","GM":"5","MJ":"5","FQ":"5","HJ":"5","MQ":"5","FP":"5","GP":"5","HM":"5","FW":"5","GR":"5","GJ":"5","FR":"5","FM":"5","HR":"5","GQ":"5","JM":"5","CR":"5","JQ":"5","GX":"5","CV":"5","HV":"5","JP":"5","HQ":"5","MP":"5","JJ":"5","MM":"5","GV":"5","FX":"5","GW":"5","CQ":"5","HP":"5"}},"PX":{"Q3":{"38":"5","37":"5","28":"5","27":"5","39":"5"},"H2":{"78":"5","89":"5","79":"5"},"M9":{"XG":"5","XF":"5"},"WH":{"6Q":"5","5Q":"5"},"RW":{"WP":"5","WJ":"5","X9":"5"},"84":{"7C":"5","79":"5"},"PG":{"Q8":"5","Q9":"5"},"XF":{"WF":"5","WC":"5","WH":"5","XC":"5","XF":"5","WG":"5","XG":"5","XJ":"5"},"W8":{"3Q":"5"},"V9":{"6P":"5"},"C4":{"Q5":"5"},"G3":{"4G":"5","3G":"5"},"29":{"2V":"5","2X":"5","2R":"5"},"JF":{"FR":"5","GV":"5","FV":"5","GR":"5"}},"JR":{"72":{"4R":"5","5R":"5"},"3P":{"XM":"5"},"G5":{"8H":"5"}},"FP":{"4P":{"2G":"5","CM":"5","2H":"5"},"M2":{"FM":"5","CR":"5"},"39":{"WP":"5"},"F3":{"7V":"5"},"3Q":{"W5":"5","X3":"5","V5":"5","W3":"5","W4":"5","V3":"5","V4":"5","X4":"5"},"9J":{"QX":"5"},"7C":{"J2":"5"},"36":{"5M":"5"},"3G":{"98":"5"},"3R":{"VR":"5","VQ":"5"},"27":{"HH":"5"}},"MC":{"7W":{"QQ":"5"},"FJ":{"99":"5","C8":"5","C9":"5","98":"5"}},"WM":{"29":{"9R":"5"},"28":{"X8":"5","RM":"5","9C":"5","C9":"5","RH":"5","M9":"5","QJ":"5","X7":"5","VJ":"5","QH":"5","PJ":"5","RJ":"5","FC":"5","HC":"5","MF":"5","QM":"5"}},"MV":{"P3":{"5X":"5","7W":"5","5W":"5","5V":"5","8W":"5","7X":"5","6V":"5","6X":"5","6W":"5"},"9C":{"49":"5","37":"5","38":"5","39":"5","59":"5","47":"5","58":"5","57":"5","48":"5","27":"5","28":"5"},"6C":{"6P":"5","4P":"5"},"M4":{"RG":"5","QF":"5","RF":"5","RC":"5","QC":"5"},"4H":{"2J":"5","2G":"5","3J":"5","3H":"5","3M":"5","2M":"5","3G":"5","2H":"5"},"8Q":{"C9":"5","HG":"5","HF":"5","G9":"5","GH":"5","GC":"5","GF":"5","F8":"5","C8":"5","GG":"5","HH":"5","CC":"5","FC":"5","F9":"5","FF":"5","HC":"5","FG":"5"},"P6":{"64":"5","65":"5"},"CH":{"XV":"5"},"J4":{"J5":"5","M6":"5","M5":"5","J6":"5"},"48":{"HG":"5","JG":"5","HH":"5"},"7C":{"83":"5","H5":"5"},"3H":{"XJ":"5","XG":"5","XH":"5"},"FP":{"HR":"5","HQ":"5"},"79":{"2X":"5","4W":"5"}},"4X":{"V8":{"WP":"5","XM":"5","WQ":"5","XP":"5","XR":"5","XQ":"5"},"XP":{"G5":"5"},"69":{"XX":"5"},"W4":{"FJ":"5"},"H8":{"F8":"5","G8":"5"},"H3":{"HG":"5","JG":"5","HF":"5","GC":"5","GG":"5","GF":"5"},"2V":{"Q9":"5"},"RP":{"H3":"5"},"63":{"Q6":"5","J8":"5","F4":"5"},"W8":{"2Q":"5","5P":"5","4Q":"5","2M":"5","2P":"5","5Q":"5"},"M8":{"W2":"5","X2":"5"},"M7":{"9M":"5","FM":"5","FH":"5","9H":"5","CM":"5","CH":"5","FJ":"5","CJ":"5","9J":"5"},"F4":{"WF":"5","XF":"5"},"2M":{"94":"5"}},"GM":{"49":{"WQ":"5"},"GQ":{"V6":"5"},"4P":{"GV":"5","9P":"5"},"RX":{"WQ":"5"},"PX":{"F3":"5","GG":"5"},"2Q":{"4M":"5"},"2F":{"WJ":"5"},"4Q":{"78":"5"},"9X":{"CC":"5","F5":"5"},"JW":{"JF":"5"},"9W":{"MG":"5"},"CV":{"RW":"5","76":"5"},"32":{"3X":"5"},"CR":{"9P":"5","7X":"5","J7":"5"},"PW":{"FV":"5"}},"2R":{"95":{"Q5":"5"},"J4":{"WF":"5","WC":"5","VF":"5","Q9":"5","J7":"5"},"F3":{"J8":"5"},"5C":{"W5":"5","CH":"5","V3":"5"},"H6":{"3F":"5"},"V8":{"RW":"5","XW":"5","WW":"5"},"39":{"Q6":"5","R3":"5"},"W5":{"Q6":"5"},"F6":{"HR":"5"},"H4":{"HV":"5"},"Q9":{"JC":"5","4M":"5","HC":"5","HH":"5"},"X3":{"W3":"5"},"2J":{"59":"5"},"69":{"7V":"5","6P":"5","6V":"5","6J":"5"},"86":{"V8":"5","JH":"5"},"2M":{"H5":"5"},"C5":{"F3":"5","G3":"5","F4":"5","94":"5"},"PP":{"2P":"5"},"J3":{"GX":"5","4P":"5"},"2C":{"GX":"5"},"QM":{"64":"5","74":"5","F2":"5","75":"5","85":"5","65":"5"},"38":{"GX":"5","R8":"5","Q8":"5"},"75":{"VX":"5"},"4G":{"69":"5"},"6C":{"49":"5","WF":"5","GQ":"5","3C":"5","39":"5","8H":"5","PC":"5","JQ":"5","74":"5","3W":"5","CJ":"5","F7":"5","MP":"5","C4":"5","HM":"5","7X":"5","3X":"5","6X":"5","HQ":"5","65":"5","7H":"5","9Q":"5"},"H3":{"XM":"5"},"V7":{"2F":"5"},"57":{"4X":"5","FW":"5","4W":"5"},"6F":{"38":"5"},"M5":{"29":"5"},"49":{"35":"5","74":"5","93":"5","34":"5","73":"5"},"MM":{"M5":"5","WR":"5"},"55":{"9M":"5","8M":"5","CV":"5","JM":"5","CJ":"5","9J":"5"},"28":{"24":"5","92":"5","8W":"5","7V":"5","C4":"5"},"3J":{"7G":"5","49":"5","WQ":"5","QQ":"5"},"2X":{"74":"5"},"C4":{"8H":"5","9Q":"5"},"4F":{"7G":"5","7F":"5","3M":"5"},"X4":{"9W":"5"},"PC":{"JH":"5"},"58":{"FJ":"5","CJ":"5"},"3Q":{"2G":"5","3J":"5","3G":"5"},"X5":{"7P":"5"},"M3":{"69":"5","4M":"5"},"Q7":{"8X":"5"},"RM":{"24":"5","MM":"5"},"9X":{"GW":"5"},"H2":{"VV":"5","VW":"5"},"65":{"RG":"5","P4":"5"},"V9":{"X3":"5","W3":"5","W2":"5","R3":"5"},"R2":{"V7":"5","V8":"5","Q7":"5","P7":"5","66":"5"},"8C":{"PP":"5","V3":"5"},"5G":{"P4":"5"},"7C":{"29":"5"},"67":{"R9":"5"},"2W":{"9H":"5","CC":"5","9G":"5"},"2Q":{"QW":"5"},"G6":{"J8":"5","F7":"5","JF":"5","26":"5"},"XP":{"FR":"5","HP":"5","CR":"5"},"H5":{"JF":"5","59":"5"},"8F":{"R3":"5"},"3G":{"5H":"5","J3":"5","JF":"5","JH":"5","9G":"5","X2":"5","97":"5"},"46":{"XJ":"5","XF":"5"},"97":{"2V":"5"},"PM":{"2P":"5","GF":"5"},"Q8":{"82":"5","92":"5","C4":"5"},"2P":{"46":"5"},"56":{"Q3":"5","5P":"5","VC":"5","R5":"5","HG":"5","HF":"5","GH":"5","2C":"5","Q9":"5","P4":"5","R4":"5","C6":"5","9X":"5","JG":"5","W6":"5","GG":"5","MG":"5","X6":"5","FF":"5","HC":"5","JF":"5","28":"5"},"59":{"QM":"5","CF":"5","QC":"5","QQ":"5","RM":"5","79":"5"},"87":{"5P":"5","XV":"5"},"37":{"2V":"5","J9":"5","X8":"5"},"QC":{"8P":"5"},"C7":{"P2":"5","C8":"5","98":"5"},"R7":{"XC":"5","X9":"5"},"J5":{"R8":"5","C2":"5"},"27":{"MW":"5"},"2H":{"3Q":"5","24":"5","G3":"5"},"M4":{"PW":"5"},"2R":{"Q3":"5"},"W8":{"2V":"5","2X":"5","5W":"5","4V":"5","4R":"5","3V":"5","6R":"5","2P":"5","3W":"5","6J":"5"},"WW":{"PP":"5","CC":"5","9C":"5","PC":"5","HC":"5"},"66":{"24":"5","35":"5","34":"5","2P":"5","25":"5"},"77":{"WR":"5"},"94":{"JX":"5","HX":"5"},"7F":{"86":"5"},"88":{"3P":"5"},"C6":{"J2":"5","P6":"5","VX":"5","CV":"5"}},"QQ":{"H8":{"JX":"5"},"63":{"4W":"5","5X":"5","5P":"5","5Q":"5","6P":"5","5R":"5","4R":"5","7W":"5","4Q":"5","5W":"5","7V":"5","5V":"5","6Q":"5","6R":"5","6V":"5","6X":"5","4V":"5","7R":"5","6W":"5"},"5R":{"GJ":"5","FH":"5","FJ":"5","GH":"5"},"F4":{"VX":"5","R3":"5"},"6Q":{"2R":"5"},"Q7":{"Q8":"5"},"R5":{"HV":"5"},"RC":{"PM":"5","MM":"5"},"FJ":{"2Q":"5","93":"5","C3":"5","3P":"5","2M":"5","2P":"5","94":"5","C4":"5"},"MR":{"99":"5"},"Q6":{"3C":"5"},"V5":{"GQ":"5","HQ":"5"},"CJ":{"RR":"5","XQ":"5","RQ":"5"},"VF":{"W9":"5","W8":"5"},"79":{"W6":"5"},"VG":{"XM":"5","WM":"5"},"VJ":{"93":"5","C3":"5"},"5V":{"V2":"5"},"W9":{"W9":"5","X9":"5"},"58":{"4G":"5","5G":"5"},"VH":{"M4":"5"},"J7":{"7H":"5","7J":"5"},"PF":{"J4":"5"},"R3":{"QW":"5","QX":"5"},"Q9":{"PC":"5","PF":"5"},"Q4":{"8W":"5","8V":"5"},"5Q":{"XR":"5"},"F8":{"6F":"5","5F":"5"}},"GW":{"QM":{"MF":"5","P8":"5"},"H7":{"F8":"5","F9":"5"},"PJ":{"R4":"5"},"68":{"Q8":"5"},"4M":{"84":"5"},"3W":{"3X":"5"}},"RP":{"52":{"22":"5"},"2V":{"5F":"5"},"96":{"QF":"5","5W":"5","6W":"5"},"F9":{"3M":"5","2M":"5"},"QV":{"W2":"5"},"C6":{"PX":"5","MX":"5"},"34":{"J3":"5"},"FJ":{"8J":"5","4G":"5","6M":"5","6J":"5"},"QP":{"MF":"5"},"99":{"WM":"5","WJ":"5"},"QR":{"WX":"5"},"53":{"85":"5"},"G6":{"RV":"5","QV":"5"},"QM":{"MR":"5","PR":"5","XF":"5"},"5X":{"HG":"5","GX":"5"},"CJ":{"98":"5"},"66":{"RX":"5","QX":"5"},"22":{"R9":"5"},"HV":{"CG":"5","CF":"5","86":"5","GF":"5","FF":"5"},"HH":{"G5":"5","F5":"5"},"42":{"X2":"5"},"RM":{"PW":"5"},"GF":{"CP":"5"},"MW":{"3Q":"5","MH":"5","MG":"5"},"4W":{"CW":"5","CX":"5"},"RP":{"94":"5"},"85":{"4V":"5"},"4P":{"H3":"5","H4":"5"},"C7":{"P2":"5","M2":"5"}},"6R":{"H7":{"2P":"5"},"RJ":{"MC":"5"},"69":{"5W":"5","8R":"5","4V":"5","8W":"5","7W":"5","6W":"5","6X":"5","CX":"5","4R":"5","7V":"5","8V":"5","6R":"5","7R":"5","6V":"5","5R":"5"},"PQ":{"J2":"5","J3":"5","H3":"5","H2":"5"},"H2":{"6X":"5"},"G2":{"XQ":"5"},"RR":{"74":"5"},"6C":{"62":"5"},"79":{"53":"5","43":"5"}},"CW":{"QM":{"Q6":"5"},"9R":{"Q6":"5","Q5":"5"}},"WQ":{"52":{"XV":"5"},"63":{"VG":"5","WG":"5"},"8P":{"37":"5","47":"5","6M":"5"},"62":{"2V":"5"},"49":{"HR":"5","GX":"5","GV":"5","JX":"5","JW":"5","HX":"5","HV":"5","GW":"5"},"34":{"3X":"5"},"9H":{"9M":"5"},"CR":{"J5":"5","H5":"5","J4":"5","H4":"5"}},"PV":{"MX":{"7V":"5","6Q":"5","6R":"5","6V":"5","5R":"5"},"RV":{"PP":"5","MP":"5"}},"RQ":{"XR":{"HV":"5"},"28":{"C8":"5","98":"5"},"J5":{"9H":"5","CH":"5"},"27":{"C7":"5"},"54":{"XV":"5"},"8F":{"22":"5"},"M6":{"MH":"5","JJ":"5","JH":"5","MJ":"5"},"34":{"7H":"5","7J":"5"},"X9":{"CQ":"5","9M":"5","9P":"5","9Q":"5"},"2F":{"CQ":"5","9M":"5","FP":"5","CP":"5","9P":"5","9Q":"5"},"WQ":{"C3":"5"},"VV":{"Q6":"5","Q5":"5","V6":"5","R6":"5","R5":"5"},"QR":{"PF":"5"},"VR":{"R8":"5","V8":"5","X8":"5"},"H5":{"M7":"5","M6":"5"},"8Q":{"7J":"5"},"P7":{"WR":"5"},"37":{"69":"5","79":"5"},"9H":{"45":"5"},"35":{"MR":"5","MV":"5","PV":"5","PR":"5"},"4C":{"PJ":"5","PM":"5"},"42":{"JG":"5","JH":"5"},"WR":{"QW":"5","69":"5","C9":"5","92":"5","GF":"5","VF":"5","9V":"5","VG":"5","Q8":"5","9W":"5","88":"5","P8":"5","FC":"5","85":"5","82":"5","FF":"5","FG":"5","98":"5","8C":"5"},"XV":{"P2":"5","R2":"5"},"32":{"54":"5","44":"5","56":"5","77":"5","75":"5","45":"5","55":"5"},"9C":{"HQ":"5"},"7F":{"X3":"5","X2":"5"},"62":{"5W":"5"},"85":{"26":"5","36":"5"},"PF":{"F2":"5"},"H4":{"MC":"5","MF":"5","PC":"5","PF":"5"},"6C":{"CG":"5","FH":"5","CH":"5","FG":"5"},"RG":{"5R":"5"}},"HF":{"VQ":{"P5":"5"},"JJ":{"H7":"5","GQ":"5","GP":"5"},"MJ":{"37":"5"}},"XR":{"74":{"V7":"5"},"XR":{"HG":"5","FH":"5","HF":"5","FG":"5","GG":"5","GH":"5","HH":"5","GF":"5","FF":"5"},"9X":{"VG":"5","VH":"5"}},"VF":{"Q7":{"3Q":"5"},"2P":{"P6":"5","P7":"5"},"P7":{"5R":"5"}},"JF":{"52":{"W9":"5"},"63":{"5J":"5"},"R7":{"MM":"5"},"83":{"MX":"5"},"RP":{"QF":"5","VF":"5"},"R9":{"FM":"5"},"53":{"FR":"5"},"R8":{"PX":"5","JW":"5"},"XP":{"J9":"5","G9":"5"},"77":{"73":"5"},"43":{"XF":"5"}},"QP":{"JW":{"HG":"5","GG":"5"},"PP":{"CQ":"5","CP":"5"},"GM":{"4F":"5","4G":"5","5G":"5","5F":"5"},"7J":{"R7":"5","V7":"5"},"R7":{"QH":"5"},"6H":{"HW":"5","JX":"5","JW":"5","HX":"5"},"V2":{"W6":"5","W5":"5"},"WQ":{"4M":"5"},"4V":{"5P":"5","6P":"5"},"8G":{"F8":"5"},"87":{"PH":"5"},"H2":{"J2":"5"},"G6":{"8G":"5"},"W3":{"R8":"5"},"5X":{"CJ":"5","9J":"5"},"79":{"89":"5"},"6X":{"VP":"5"},"9H":{"P5":"5","M5":"5","4J":"5"},"R6":{"H3":"5","H2":"5"},"98":{"5H":"5"},"6W":{"Q8":"5"},"8V":{"86":"5"},"2Q":{"5C":"5","59":"5"},"42":{"8C":"5"},"4W":{"4W":"5"},"7F":{"3C":"5"},"2W":{"F6":"5","C6":"5"},"68":{"V5":"5","V4":"5"},"CH":{"53":"5"},"6V":{"6M":"5","6P":"5"},"Q4":{"PW":"5","QW":"5"}},"PJ":{"JQ":{"J7":"5"},"VV":{"P8":"5"},"HP":{"R5":"5"},"5C":{"FM":"5","9V":"5"},"QC":{"MC":"5","JC":"5"},"WV":{"8F":"5","8C":"5","7F":"5","7C":"5"}},"X6":{"C2":{"XJ":"5"}},"QV":{"F3":{"P3":"5"},"CR":{"CJ":"5","9J":"5"}},"V4":{"WW":{"HF":"5","HC":"5"},"89":{"Q8":"5","Q7":"5"}},"2V":{"P6":{"VX":"5"},"7G":{"MJ":"5","X7":"5"},"6F":{"HR":"5"},"58":{"2H":"5"},"9X":{"4C":"5"}}}}