{"index":{"university,1|retail,2|tourism,3|wreck,4|historical,5|artsCulture,6|namedBuilding,7|water,8|wetland,9|park,10|beach,11|natureReserve,12|cemetery,13|trail,14":{}},"7Q":{"M3":{"MG":{"2P":"5"},"52":{"9R":"5","CR":"5"},"43":{"Q9":"5","H4":"5"},"XH":{"J8":"5","93":"5","C6":"5","P4":"5","RV":"5","2M":"5","J7":"5","H8":"5"},"X3":{"4H":"5","4J":"5"},"59":{"RW":"5","PR":"5","MX":"5","MW":"5","PQ":"5"},"F9":{"85":"5"},"W2":{"24":"5"},"C6":{"MH":"5"},"FF":{"6W":"5","2W":"5"},"J2":{"VC":"5"},"C3":{"5P":"5","3W":"5"},"44":{"J8":"5"},"Q3":{"6C":"5"},"72":{"R5":"5"},"QC":{"HW":"5"},"P4":{"9R":"5","6W":"5"},"XJ":{"M3":"5","J9":"5","J5":"5","M8":"5","96":"5","QG":"5","C6":"5","M6":"5","G6":"5","H5":"5","PG":"5","F5":"5","J4":"5","G3":"5","QF":"5","G4":"5","F7":"5","PH":"5","J6":"5","P3":"5","H3":"5","QH":"5","J7":"5","PF":"5","F6":"5","G5":"5","M7":"5","C7":"5"},"88":{"V7":"5","X6":"5","J7":"5"},"RH":{"HM":"5"},"VF":{"6R":"5"},"36":{"W9":"5"},"83":{"5P":"5","4J":"5"},"VG":{"CF":"5","WP":"5","J8":"5","93":"5","J4":"5"},"QF":{"29":"5","9F":"5"},"M2":{"4F":"5"},"94":{"53":"5"},"MC":{"49":"5","6W":"5","5C":"5","4C":"5"},"Q2":{"RM":"5"},"45":{"4W":"5"},"P3":{"Q6":"5"},"25":{"W7":"5"},"VH":{"Q3":"5","Q2":"5"},"RF":{"XW":"5","XV":"5"},"85":{"MW":"5"},"HF":{"9Q":"5"},"PF":{"V2":"5","R4":"5","V5":"5","V7":"5","V4":"5","R5":"5","X8":"5"},"MF":{"WR":"5"},"WG":{"Q6":"5","XF":"5","RV":"5"},"46":{"8J":"5","F9":"5"},"C4":{"76":"5"},"F8":{"67":"5","QC":"5"},"47":{"VF":"5"},"86":{"W6":"5"},"X6":{"X2":"5"},"RG":{"R4":"5","V5":"5","M6":"5","V3":"5","M5":"5","Q2":"5","R5":"5"}},"56":{"J7":{"6W":"5"}},"23":{"R2":{"QM":"5","MH":"5","PJ":"5","RM":"5","QJ":"5"},"V2":{"35":"5","45":"5","25":"5"},"PX":{"F7":"5"},"CW":{"JG":"5"}},"52":{"XJ":{"8P":"5"},"RW":{"J4":"5"},"V2":{"QF":"5"},"FX":{"GC":"5"},"WX":{"H3":"5"},"VW":{"HG":"5","H9":"5","5P":"5","49":"5","HF":"5","5G":"5","HC":"5","JF":"5","4C":"5","5J":"5","39":"5"},"6J":{"92":"5"}},"43":{"WP":{"7C":"5"},"92":{"5V":"5"},"VF":{"74":"5"}},"28":{"33":{"66":"5"}},"33":{"QW":{"99":"5"},"XW":{"6F":"5","F7":"5"}},"76":{"R8":{"24":"5"}},"63":{"29":{"7R":"5"},"9F":{"QG":"5","7F":"5","3M":"5","7J":"5","7R":"5"},"J3":{"25":"5","8J":"5","RH":"5","53":"5","VJ":"5","PR":"5","QP":"5","2C":"5","67":"5","PG":"5","26":"5","62":"5","MJ":"5","MV":"5","MR":"5"},"93":{"92":"5"},"4H":{"74":"5","XW":"5","73":"5","G6":"5","66":"5","F5":"5"},"F8":{"G8":"5"},"63":{"J2":"5"},"P5":{"G4":"5","CC":"5"},"36":{"7W":"5"},"8F":{"HH":"5"},"G6":{"GR":"5","7Q":"5"},"5G":{"P5":"5","M6":"5"},"83":{"QM":"5","H9":"5","8H":"5","CW":"5","W3":"5","W4":"5","87":"5"},"F6":{"MF":"5","MJ":"5"},"W2":{"4Q":"5"},"G9":{"MC":"5","JC":"5","MF":"5","W7":"5","JF":"5"},"M4":{"PR":"5","R9":"5","R8":"5","X6":"5","28":"5","26":"5","JR":"5","MM":"5"},"7F":{"W5":"5","V7":"5","F4":"5"},"68":{"HH":"5"},"74":{"HR":"5","HW":"5","MQ":"5","G9":"5"},"M2":{"9M":"5","78":"5","46":"5","2X":"5","CV":"5","4M":"5","2W":"5"},"F3":{"W5":"5","R4":"5","V5":"5","W3":"5","M6":"5","84":"5"},"4G":{"VW":"5"},"M3":{"M3":"5","4F":"5","3F":"5","J2":"5","39":"5","77":"5","38":"5","26":"5","55":"5","57":"5","36":"5","37":"5","35":"5","45":"5","4C":"5","3C":"5","67":"5","CH":"5","46":"5"},"4C":{"M8":"5","J8":"5","P8":"5","MG":"5","JP":"5"},"J2":{"JW":"5","4F":"5","2J":"5","3X":"5","3F":"5","27":"5","6H":"5","2F":"5","49":"5","3H":"5","38":"5","4J":"5","92":"5","VQ":"5","3M":"5","JC":"5","5G":"5","2G":"5","3J":"5","H7":"5","3G":"5","MP":"5","4H":"5","HC":"5","WX":"5","RW":"5","5H":"5","FX":"5","4G":"5","2C":"5"},"MJ":{"73":"5"},"G4":{"P6":"5"},"35":{"P3":"5","GH":"5"},"44":{"7R":"5","VP":"5","6V":"5"},"P2":{"CQ":"5","GC":"5"},"H3":{"6G":"5","2J":"5","RJ":"5","7J":"5","R5":"5","2F":"5","9J":"5","8G":"5","Q6":"5","V5":"5","7V":"5","5G":"5","X5":"5","2H":"5","4C":"5","RQ":"5","25":"5","Q9":"5","8J":"5","7H":"5","CQ":"5","4G":"5","X6":"5","8W":"5"},"7C":{"C2":"5","H8":"5","G8":"5","J7":"5","G9":"5","44":"5","8G":"5","8Q":"5","J8":"5"},"5P":{"QM":"5","RJ":"5"},"H2":{"4F":"5","X3":"5","J2":"5","HM":"5","3W":"5","JR":"5","XJ":"5","VP":"5","8G":"5","VR":"5","RH":"5","H5":"5","JX":"5","89":"5","QM":"5","5G":"5","R6":"5","4C":"5","J6":"5","J8":"5","9C":"5","VH":"5","PW":"5","J7":"5","R3":"5","6R":"5","F6":"5","MM":"5","X2":"5","8J":"5","M7":"5","QW":"5","4P":"5","WP":"5","GW":"5","X6":"5"},"F2":{"QW":"5","4F":"5","3C":"5","4C":"5"},"CC":{"FR":"5","GR":"5"},"57":{"F7":"5","HF":"5","JM":"5","HQ":"5","94":"5"},"J4":{"82":"5","F7":"5","44":"5","F2":"5","V3":"5"},"G2":{"FW":"5","Q6":"5","VC":"5","9V":"5","9R":"5","F7":"5","JG":"5","CV":"5","RV":"5","CR":"5","PW":"5"},"Q3":{"95":"5"},"49":{"5V":"5","6R":"5"},"H4":{"7Q":"5","P8":"5","2J":"5","P9":"5","CM":"5","5P":"5","F2":"5","G9":"5","JX":"5","HR":"5","P7":"5","CJ":"5","H7":"5","FG":"5","MF":"5","4Q":"5","Q5":"5"},"48":{"72":"5","W7":"5","W8":"5"},"G3":{"QG":"5","R8":"5","GF":"5","X5":"5","R7":"5","W3":"5","RJ":"5","MH":"5","R2":"5","P9":"5"},"5C":{"7P":"5","XH":"5"},"34":{"PG":"5"},"2C":{"VR":"5","MJ":"5"},"4F":{"WC":"5"},"C2":{"9V":"5"},"65":{"78":"5","67":"5","33":"5","43":"5","55":"5","66":"5"},"R4":{"M5":"5"},"92":{"FG":"5","JH":"5","FX":"5"},"F7":{"XM":"5","XP":"5"},"J6":{"QQ":"5"},"V3":{"7R":"5"},"G8":{"V8":"5"},"PJ":{"8C":"5"},"6C":{"22":"5"},"64":{"VJ":"5","5G":"5"},"55":{"W5":"5"},"43":{"2X":"5"},"62":{"JX":"5"},"38":{"9G":"5","8H":"5","5H":"5","CG":"5","C6":"5","JG":"5","F7":"5","C4":"5","CC":"5","CF":"5","FG":"5"},"56":{"5F":"5","C2":"5","GC":"5","78":"5","3P":"5","9F":"5","5G":"5","8R":"5","7Q":"5","7V":"5","6Q":"5","6R":"5","6V":"5","7R":"5","JF":"5"},"H5":{"C5":"5","MH":"5","M2":"5","C3":"5","P8":"5","87":"5","PG":"5"},"J5":{"F7":"5","58":"5"},"V2":{"M8":"5"},"P4":{"MW":"5","94":"5"},"G5":{"G3":"5","89":"5","G2":"5"},"42":{"VC":"5"},"69":{"WF":"5"},"6G":{"W4":"5"},"84":{"76":"5","68":"5","69":"5"},"72":{"P2":"5","W4":"5"},"52":{"C2":"5"}},"X3":{"XP":{"37":"5","6C":"5","4J":"5","CW":"5","9W":"5","58":"5","48":"5","7C":"5","6F":"5","6J":"5","3M":"5","36":"5","7F":"5","5M":"5"},"PM":{"X9":"5"},"77":{"CQ":"5","4H":"5","2J":"5","4J":"5"},"RQ":{"4R":"5","3V":"5"},"42":{"XJ":"5","QG":"5","RG":"5","WH":"5","WJ":"5"},"VC":{"M4":"5"},"RW":{"9J":"5"},"VJ":{"2C":"5"},"CP":{"Q4":"5","R4":"5","JH":"5"},"67":{"6F":"5"},"7W":{"P2":"5"},"R7":{"FV":"5"},"VG":{"GQ":"5","FP":"5","CR":"5","HV":"5","8Q":"5"},"CM":{"Q6":"5"},"P2":{"67":"5"},"RJ":{"XC":"5"},"FM":{"GC":"5","F4":"5"},"CX":{"89":"5"},"RF":{"RQ":"5"},"MM":{"J5":"5","J6":"5"},"9P":{"MH":"5"},"WV":{"23":"5"},"XM":{"99":"5","6X":"5"},"6W":{"6R":"5"}},"W2":{"RW":{"5C":"5"},"2J":{"JV":"5"}},"R8":{"8R":{"X2":"5"}},"27":{"Q2":{"34":"5"},"QX":{"62":"5"},"83":{"32":"5"},"92":{"X3":"5","M9":"5","Q5":"5","W4":"5","9G":"5","G9":"5"},"63":{"RG":"5","JG":"5","8M":"5","FJ":"5","XF":"5","5Q":"5","3W":"5"},"CG":{"R2":"5"},"CJ":{"V8":"5"},"22":{"J8":"5"},"52":{"62":"5"},"XR":{"M3":"5","M4":"5"},"MQ":{"VM":"5"},"95":{"VX":"5"},"X2":{"54":"5","23":"5","3M":"5"},"73":{"78":"5","F7":"5","49":"5","Q5":"5","J6":"5"},"V2":{"V7":"5","W7":"5"},"MR":{"V5":"5"},"F2":{"46":"5","56":"5","84":"5"}},"J2":{"FJ":{"WP":"5","JM":"5"},"MX":{"QM":"5","R5":"5","WG":"5"},"3P":{"22":"5","3C":"5"},"GR":{"8M":"5","FW":"5"},"FH":{"CQ":"5","72":"5","73":"5"},"MC":{"G6":"5","F4":"5"},"HP":{"MW":"5"},"R8":{"4V":"5","7V":"5"},"QJ":{"9C":"5"},"H7":{"VJ":"5","RJ":"5","WJ":"5"},"RC":{"QR":"5"},"M8":{"8J":"5","C9":"5","8X":"5","6P":"5","5V":"5","8W":"5","6M":"5","2H":"5","35":"5","7H":"5"},"VG":{"WX":"5"},"VM":{"Q6":"5"},"GP":{"6P":"5","6V":"5"},"X9":{"86":"5"},"4R":{"GJ":"5","33":"5"},"8V":{"RR":"5"},"FW":{"3R":"5"},"P7":{"GJ":"5","57":"5","4Q":"5","2M":"5"},"GF":{"54":"5","45":"5","X2":"5"},"J9":{"7J":"5","8H":"5","5H":"5","9M":"5","5G":"5","6H":"5","CG":"5","CJ":"5","9J":"5","G7":"5","46":"5"},"G9":{"88":"5","69":"5","CH":"5","67":"5","FJ":"5","5C":"5","59":"5"},"XC":{"Q4":"5","GV":"5","6P":"5"},"WH":{"MQ":"5"},"WF":{"Q3":"5","5C":"5"},"2M":{"WX":"5"},"JF":{"VX":"5","26":"5"},"JH":{"88":"5"},"Q8":{"44":"5"},"FR":{"RP":"5","9P":"5"},"X5":{"8X":"5","VV":"5","VX":"5","RX":"5","VR":"5","V5":"5","WX":"5","9Q":"5","XQ":"5"},"W5":{"8P":"5","7P":"5","8Q":"5"},"PM":{"HJ":"5","GG":"5","GH":"5","HH":"5"},"JC":{"V9":"5","3M":"5"},"CR":{"8P":"5"},"QX":{"6X":"5"},"MW":{"PP":"5","WJ":"5"},"HF":{"32":"5"},"X6":{"Q4":"5","J3":"5","R9":"5","MC":"5","P3":"5","Q2":"5","X9":"5","X2":"5","V4":"5","W2":"5","RF":"5","M4":"5","XC":"5","68":"5","X4":"5","X3":"5","R7":"5","32":"5","M3":"5","X6":"5","V7":"5","P8":"5","G4":"5","M5":"5","M9":"5","H3":"5","Q5":"5","WC":"5","H2":"5","V8":"5","J4":"5","G2":"5","Q3":"5","3H":"5","G3":"5","Q7":"5","82":"5","5F":"5","R4":"5","V3":"5","W9":"5","W3":"5","F4":"5","M6":"5","X7":"5","2R":"5","P4":"5","JR":"5","R3":"5"},"J8":{"J5":"5","FR":"5","GQ":"5","35":"5","FQ":"5","Q3":"5","GR":"5","H2":"5","Q2":"5","45":"5"},"GG":{"5M":"5","CP":"5"},"PH":{"3G":"5"},"MJ":{"3Q":"5","3P":"5"},"QF":{"MV":"5","MW":"5"},"M9":{"PV":"5"},"CM":{"9X":"5"},"WM":{"QC":"5"},"WG":{"CH":"5","2M":"5","8Q":"5"},"2P":{"4V":"5","5X":"5"},"PQ":{"G4":"5"},"9V":{"5V":"5"},"CJ":{"CF":"5","VF":"5"},"PC":{"6F":"5","5F":"5","5C":"5","6C":"5"},"FF":{"22":"5","QX":"5","4Q":"5"},"HH":{"RW":"5","P4":"5","M4":"5"},"MM":{"4V":"5","98":"5"},"PP":{"3M":"5","X2":"5"},"FM":{"QW":"5"},"XP":{"F4":"5","C2":"5"},"2Q":{"32":"5"},"Q7":{"MP":"5","93":"5","MF":"5","92":"5","5X":"5","MJ":"5","MM":"5"},"XF":{"HP":"5"},"5R":{"3P":"5"},"HX":{"9H":"5","JX":"5","9J":"5"},"JP":{"F3":"5"},"9J":{"5Q":"5"},"CG":{"93":"5"},"GC":{"XX":"5","C7":"5","J4":"5","GW":"5"},"JQ":{"C4":"5"},"4Q":{"87":"5","36":"5"},"7V":{"XP":"5"},"M7":{"23":"5","4F":"5","QG":"5","48":"5","6H":"5","GP":"5","49":"5","QP":"5","JR":"5","QR":"5","GR":"5","4J":"5","QX":"5","VQ":"5","GQ":"5","36":"5","37":"5","JQ":"5","3J":"5","XC":"5","35":"5","4C":"5","PQ":"5","6J":"5","RR":"5","RW":"5","7H":"5"},"WJ":{"W5":"5","86":"5","W4":"5","V4":"5"},"VH":{"Q3":"5","R3":"5"},"GJ":{"QV":"5"},"G8":{"HP":"5","GP":"5"},"MF":{"FR":"5","8R":"5","GR":"5"},"FC":{"XP":"5"},"W9":{"2G":"5"},"FG":{"7H":"5","6H":"5","8Q":"5","7J":"5","5Q":"5","6J":"5"},"HJ":{"PM":"5","MM":"5"},"MP":{"8M":"5","XP":"5","4C":"5"},"VF":{"RH":"5","QH":"5","PJ":"5","MJ":"5","QJ":"5"},"HG":{"PQ":"5","2R":"5"},"MH":{"X5":"5"},"X7":{"X3":"5","W3":"5"},"MG":{"4X":"5"},"89":{"V6":"5"},"2R":{"CQ":"5","FQ":"5"},"QC":{"4X":"5","3X":"5","4W":"5","3W":"5"},"HC":{"3X":"5"},"XM":{"7W":"5","2H":"5"},"H8":{"C8":"5","8Q":"5"},"CH":{"67":"5","G6":"5","66":"5"},"J7":{"RM":"5","VH":"5","RP":"5","PH":"5","H7":"5","GF":"5","VG":"5","GP":"5","VP":"5","G7":"5","VM":"5","QV":"5","FC":"5","9H":"5","CF":"5","FF":"5"},"6R":{"58":"5"}},"54":{"W4":{"F2":"5"},"H8":{"WF":"5"},"GC":{"F3":"5"},"8G":{"W9":"5"},"G4":{"G8":"5"},"WW":{"CV":"5"},"W3":{"CX":"5"},"WG":{"WX":"5"},"M5":{"RF":"5"}},"C3":{"F8":{"7R":"5","7Q":"5"},"8M":{"25":"5"},"5M":{"X6":"5"},"7C":{"WQ":"5"}},"34":{"J9":{"WP":"5"},"P8":{"3G":"5"},"4F":{"36":"5"},"9M":{"VP":"5"},"FQ":{"79":"5"},"M8":{"8H":"5","GW":"5"},"P9":{"37":"5","29":"5","69":"5","57":"5","7J":"5"},"3F":{"9R":"5","CV":"5"},"FF":{"F8":"5"},"C3":{"G4":"5"},"R5":{"96":"5","C7":"5","C6":"5","97":"5"},"Q7":{"G6":"5","F5":"5"},"6H":{"WH":"5"},"GP":{"85":"5"},"FJ":{"V3":"5","V4":"5"},"C2":{"68":"5"},"7G":{"6P":"5"},"4J":{"4R":"5","4Q":"5"},"G8":{"G4":"5"},"M9":{"W9":"5","W8":"5"},"P7":{"6R":"5","7R":"5"},"3J":{"JG":"5","79":"5"},"JP":{"68":"5","69":"5","58":"5","59":"5"},"HQ":{"M3":"5","J3":"5","M2":"5","72":"5","H2":"5"},"GF":{"QP":"5","QQ":"5"},"J8":{"QM":"5","V5":"5","V4":"5","JJ":"5","MJ":"5"},"5J":{"PV":"5","PR":"5","QV":"5"},"HF":{"PW":"5"},"R3":{"8V":"5"},"M7":{"5P":"5"},"F8":{"J3":"5"},"FX":{"MX":"5"},"H9":{"4H":"5"},"4G":{"6F":"5","MM":"5"},"HP":{"FV":"5","6X":"5","9X":"5"}},"44":{"H7":{"HC":"5","G9":"5"},"8G":{"C3":"4"},"9M":{"9P":"5"},"W3":{"WW":"5"},"73":{"64":"5"},"Q2":{"PW":"5"},"G2":{"X6":"5"}},"V2":{"86":{"P8":"5","Q8":"5","Q9":"5","Q7":"5","P7":"5"},"6C":{"RV":"5"},"GF":{"9M":"5","8M":"5","9J":"5"},"XQ":{"VJ":"5","VH":"5"},"QJ":{"GF":"5"}},"RC":{"H2":{"3V":"5"},"M2":{"M3":"5","J4":"5"},"M4":{"R5":"5"},"J5":{"WG":"5"},"P4":{"2C":"5","29":"5"},"R7":{"RR":"5","QQ":"5"},"Q8":{"42":"5"},"V7":{"F7":"5","56":"5","C7":"5"},"G2":{"76":"5"},"J2":{"RJ":"5","MM":"5"}},"Q3":{"29":{"8R":"5","VH":"5","MQ":"5","R3":"5"},"3P":{"XV":"5","3P":"5","W8":"5","JG":"5","58":"5","WJ":"5","WM":"5","XM":"5"},"25":{"VG":"5","QX":"5","WG":"5"},"4H":{"5F":"5","34":"5","7J":"5","C9":"5","4H":"5","XV":"5","2W":"5","F3":"5","59":"5","3W":"5","22":"5","M6":"5","WG":"5","P5":"5","48":"5","F4":"5","32":"5","PV":"5","4G":"5"},"39":{"69":"5"},"6F":{"R2":"5","G2":"5"},"2X":{"35":"5","7Q":"5"},"4R":{"43":"5","H8":"5","5R":"5","53":"5","65":"5","55":"5","7C":"5","G8":"5","6W":"5","2Q":"5","H7":"5","Q2":"5","5V":"5","C9":"5","4W":"5","5C":"5","G7":"5"},"4M":{"95":"5","W2":"5"},"36":{"76":"5","5J":"5","3G":"5","39":"5"},"2J":{"4W":"5","33":"5","R8":"5","Q9":"5","QQ":"5","JQ":"5","26":"5","XF":"5","QR":"5","27":"5","MR":"5"},"5G":{"5X":"5","RQ":"5","G5":"5","5Q":"5","39":"5","PG":"5","3Q":"5","VG":"5","5W":"5","7V":"5","48":"5","WM":"5","HC":"5","94":"5","3R":"5"},"5H":{"8G":"5","32":"5","99":"5","C8":"5","93":"5","8H":"5","3H":"5","22":"5","CP":"5","CM":"5","6H":"5","58":"5"},"23":{"J9":"5","C6":"5","3X":"5","FF":"5","WQ":"5","JC":"5","83":"5","QF":"5","F7":"5","MC":"5","GF":"5","MX":"5","9C":"5","84":"5","RF":"5","62":"5","HF":"5","F6":"5","FC":"5","G5":"5","GC":"5","PX":"5","C7":"5","RG":"5"},"2G":{"FJ":"5","8P":"5","Q4":"5","R9":"5","P6":"5","MC":"5","93":"5","R8":"5","V6":"5","M8":"5","P5":"5","8R":"5","5G":"5","P7":"5","PF":"5","CF":"5","8M":"5","37":"5","WF":"5","Q8":"5","R5":"5","Q9":"5","6Q":"5","F3":"5","W5":"5","PM":"5","JC":"5","FQ":"5","VC":"5","X6":"5","V7":"5","P8":"5","QF":"5","M5":"5","R6":"5","FV":"5","P9":"5","H9":"5","7P":"5","WC":"5","Q5":"5","V8":"5","CC":"5","V5":"5","QH":"5","PC":"5","HH":"5","X8":"5","6J":"5","7X":"5","Q7":"5","W7":"5","R4":"5","Q6":"5","VH":"5","GJ":"5","QQ":"5","MF":"5","FC":"5","W9":"5","64":"5","M6":"5","VF":"5","X7":"5","MG":"5","W6":"5","HC":"5","QC":"5","V9":"5","J5":"5","6X":"5","CH":"5","P4":"5","RH":"5","3X":"5","QR":"5","6R":"5","3W":"5","6W":"5"},"3M":{"Q4":"5","8F":"5","56":"5","67":"5","C6":"5"},"46":{"7R":"5"},"2M":{"9M":"5","PW":"5","J8":"5","Q8":"5","Q9":"5","X8":"5"},"4G":{"FJ":"5","J3":"5","P6":"5","F8":"5","P3":"5","2X":"5","P5":"5","2J":"5","G6":"5","P7":"5","F6":"5","G9":"5","C8":"5","G7":"5","9R":"5","3M":"5","2M":"5","9Q":"5","XV":"5","HM":"5","WX":"5","MR":"5","MJ":"5","M5":"5","CM":"5","H3":"5","JJ":"5","Q5":"5","VX":"5","H6":"5","J4":"5","MM":"5","3H":"5","F9":"5","5R":"5","C7":"5","65":"5","3J":"5","F7":"5","JX":"5","55":"5","56":"5","CH":"5","JM":"5","5W":"5"},"26":{"Q2":"5"},"3Q":{"MC":"5","M5":"5","Q2":"5"},"4C":{"H9":"5","J7":"5","HG":"5","HF":"5","GF":"5","PG":"5","VP":"5","GG":"5","MG":"5","JF":"5"},"3V":{"C2":"5","5P":"5","GM":"5","W4":"5","J6":"5","V6":"5","Q4":"5","CP":"5","X5":"5","Q7":"5","X3":"5","VG":"5","W3":"5","4Q":"5","72":"5","QC":"5","G3":"5","J4":"5","X4":"5","JF":"5","F2":"5"},"2V":{"M8":"5","M7":"5","P8":"5","7F":"5","RR":"5","P7":"5"},"4W":{"GC":"5"},"24":{"JC":"5","GC":"5","22":"5","P8":"5","HC":"5"},"4V":{"25":"5","66":"5","34":"5","96":"5","87":"5","76":"5","44":"5","55":"5","26":"5","97":"5","86":"5","C6":"5","C8":"5","45":"5","24":"5","36":"5","C7":"5","54":"5","98":"5","35":"5","65":"5"},"5J":{"8R":"5","56":"5","8Q":"5"},"5P":{"7G":"5","44":"5","68":"5","3R":"5","69":"5","56":"5","4V":"5","4R":"5","77":"5","75":"5","55":"5","6J":"5"},"2P":{"H7":"5","WH":"5","J3":"5","93":"5","H5":"5","CC":"5","FC":"5","JX":"5","FG":"5","FF":"5"},"27":{"7G":"5","68":"5","69":"5","6C":"5"},"7J":{"35":"5","39":"5","25":"5"},"7H":{"6W":"5","6V":"5"},"2F":{"R9":"5","53":"5","R5":"5","64":"5","44":"5","62":"5","MX":"5","3H":"5","75":"5","99":"5","65":"5"},"4J":{"QG":"5","HM":"5","P8":"5","J4":"5","8Q":"5"},"49":{"H8":"5"},"3H":{"RW":"5","VJ":"5","PP":"5","Q4":"5","JQ":"5","PV":"5","RJ":"5","75":"5","VM":"5","Q2":"5","X9":"5","X4":"5","Q9":"5"},"6J":{"GQ":"5","2X":"5","3X":"5","P8":"5","X2":"5"},"3F":{"M8":"5","CP":"5","P8":"5","5X":"5"},"4P":{"7Q":"5","JW":"5","JV":"5","RV":"5","PV":"5","2V":"5","CM":"5","MQ":"5","6Q":"5","FP":"5","Q3":"5","JR":"5","GJ":"5","V8":"5","HR":"5","7V":"5","7X":"5","7R":"5","HV":"5","JP":"5","HQ":"5","W8":"5","PW":"5","6R":"5","CC":"5","6V":"5","RW":"5","GV":"5","GH":"5"},"2Q":{"H7":"5","5W":"5","2C":"5","XM":"5","GH":"5","XH":"5"},"5C":{"GM":"5","8X":"5","QH":"5","Q9":"5","78":"5","PG":"5","7W":"5","Q8":"5","9X":"5","JG":"5","CX":"5","HH":"5","CV":"5","RV":"5","8W":"5","P8":"5","7X":"5","MH":"5","FP":"5"},"2C":{"QM":"5","42":"5","PJ":"5","5W":"5","RP":"5","4V":"5","XV":"5","4R":"5","5V":"5","PM":"5","65":"5","MM":"5"},"4F":{"PX":"5","QF":"5","4F":"5","MX":"5","JX":"5"},"5F":{"F8":"5","F7":"5","G2":"5"},"3J":{"PJ":"5","H5":"5","G3":"5","QJ":"5"},"5M":{"WH":"5","4F":"5","F2":"5","GP":"5","6H":"5","G2":"5","6Q":"5","WG":"5","7Q":"5"},"4Q":{"9Q":"5","C6":"5","V6":"5","J2":"5","8F":"5","RX":"5","R5":"5","Q3":"5","7G":"5","CF":"5","HR":"5","5X":"5","XC":"5","VJ":"5","RM":"5","8M":"5","VH":"5","RP":"5","VM":"5","8J":"5","4Q":"5","R4":"5","Q5":"5","Q4":"5","CG":"5","P5":"5","3P":"5"},"2H":{"J9":"5","W7":"5","CM":"5","C6":"5","GG":"5","V6":"5","X8":"5","HM":"5","97":"5","53":"5","W5":"5","V8":"5","87":"5","79":"5","JC":"5","V7":"5","69":"5","HH":"5","GF":"5","32":"5","XM":"5","MH":"5","W8":"5","JJ":"5","64":"5","RR":"5","JH":"5","W6":"5","X7":"5","6C":"5"},"6M":{"32":"5","2Q":"5","22":"5","5V":"5"},"6C":{"GV":"5"},"3R":{"XQ":"5","25":"5","QX":"5","43":"5","XX":"5","QH":"5","4R":"5","WW":"5","JR":"5","CX":"5","58":"5","36":"5","7F":"5","JF":"5","MR":"5"},"38":{"4X":"5"},"2R":{"96":"5","72":"5","JX":"5","73":"5","JW":"5","84":"5"},"22":{"8W":"5","6X":"5"},"2W":{"4H":"5","5H":"5","VG":"5","3H":"5","23":"5","7P":"5","6M":"5"},"6G":{"2V":"5","HJ":"5","GP":"5","HH":"5","3G":"5"},"3G":{"MG":"5","56":"5","JV":"5","GG":"5","MQ":"5","RX":"5","PR":"5","55":"5","FR":"5","G6":"5","PJ":"5","MV":"5","JM":"5","36":"5","37":"5","3J":"5","VJ":"5","45":"5","4C":"5","3G":"5","25":"5","58":"5","FC":"5","RW":"5"},"28":{"8H":"5"},"5Q":{"68":"5","28":"5","3C":"5","5C":"5","RM":"5","39":"5"},"6H":{"Q6":"5","W5":"5","R7":"5"},"3C":{"38":"5","4H":"5","5H":"5","4G":"5","F3":"5","6H":"5","5J":"5","6J":"5"}},"73":{"QH":{"56":"5","3H":"5","57":"5"},"84":{"2H":"5"},"QF":{"XF":"5"},"RG":{"5R":"5"},"F8":{"3Q":"5"},"R4":{"5V":"5"},"H6":{"3P":"5"},"C8":{"XR":"5"},"G3":{"G4":"5"},"M7":{"7R":"5"},"G2":{"5V":"5","6V":"5"},"P9":{"RM":"5"}},"72":{"CP":{"RJ":"5"},"J9":{"FG":"5"},"XH":{"GC":"5"},"FH":{"JQ":"5","PQ":"5","CM":"5"},"2P":{"84":"5","R3":"5"},"2M":{"66":"5","9C":"5","44":"5","GP":"5","FQ":"5","MQ":"5","89":"5","FP":"5","GR":"5","X4":"5","FJ":"5","GV":"5"},"6H":{"Q9":"5"},"RC":{"9V":"5"},"6F":{"FQ":"5"},"72":{"QF":"5","JM":"5"},"4V":{"73":"5"},"3H":{"M2":"5"},"FM":{"QF":"5"},"8G":{"XX":"5","XW":"5"},"4X":{"RG":"5","QF":"5","R9":"5","VH":"5","VF":"5","QC":"5"},"4J":{"54":"5"},"PJ":{"HG":"5"},"CW":{"QR":"5"},"3M":{"35":"5","26":"5"},"5X":{"4F":"5"},"6X":{"H3":"5","G3":"5"},"5G":{"RM":"5","H9":"5","QJ":"5","JH":"5","MW":"5","HF":"5","JM":"5","RJ":"5","MX":"5","WJ":"5","MM":"5","QM":"5"},"9H":{"34":"5","2C":"5","26":"5"},"2G":{"7R":"5"},"9G":{"4X":"5"},"8V":{"FM":"5"},"HV":{"QF":"5"},"2Q":{"VQ":"5"},"VJ":{"VJ":"5","VM":"5","RM":"5"},"MC":{"Q8":"5","Q7":"5","P7":"5"},"2H":{"86":"5"},"3G":{"8Q":"5"},"8M":{"F4":"5"},"4W":{"RR":"5","9X":"5"},"8H":{"8J":"5","GQ":"5","VV":"5","8H":"5","XH":"5"},"5M":{"GF":"5"},"MH":{"9H":"5"},"W8":{"GX":"5","GW":"5"},"RF":{"6G":"5"},"6J":{"6X":"5"},"PW":{"MH":"5","JH":"5"},"6R":{"XF":"5"},"8J":{"HV":"5"},"8C":{"FF":"5"},"5H":{"JF":"5"},"5Q":{"C6":"5"},"FX":{"R9":"5","RC":"5","P8":"5","Q7":"5","C2":"5"},"GW":{"HM":"5"},"7H":{"F7":"5"},"8W":{"5W":"5","R9":"5","6X":"5","6Q":"5"},"6M":{"R2":"5","62":"5","77":"5"},"3P":{"68":"5"}},"53":{"W5":{"Q6":"5","R7":"5","R5":"5"},"Q2":{"R4":"5","X2":"5"},"X8":{"5F":"5","5C":"5","6C":"5"},"R9":{"HR":"5","GR":"5","HQ":"5"},"Q3":{"56":"5","42":"5","76":"5","55":"5","45":"5","PP":"5","36":"5","46":"5","35":"5"},"XH":{"78":"5","2H":"5"},"X9":{"WC":"5"},"V6":{"H7":"5"},"V3":{"G3":"5"},"2C":{"J8":"5","87":"5"},"2F":{"R6":"5"},"W2":{"7V":"5"},"R4":{"9M":"5"},"V7":{"WV":"5"},"HV":{"69":"5"},"XR":{"VF":"5"},"WR":{"87":"5"},"WJ":{"H7":"5","XC":"5","P6":"5","Q2":"5","P7":"5","R3":"5"},"XG":{"6F":"5","7F":"5"},"CR":{"VG":"5","V7":"5"},"6X":{"V3":"5"},"XJ":{"46":"5"},"GV":{"M8":"5","P8":"5"}},"C2":{"GQ":{"R7":"5","P9":"5","R8":"5","P8":"5","PC":"5","Q8":"5","Q9":"5","Q7":"5","QC":"5","P7":"5"},"FW":{"53":"5","64":"5","63":"5","74":"5","62":"5","73":"5","54":"5"},"8J":{"VP":"5","83":"5","MH":"5","J4":"5","F3":"5","C8":"5","H6":"5","V8":"5","72":"5","G7":"5","RH":"5","G2":"5","GG":"5","F6":"5","WH":"5","M7":"5","M8":"5","H4":"5","X3":"5","73":"5","GC":"5","P3":"5","78":"5","C5":"5","J3":"5","JX":"5","H8":"5","JH":"5","VC":"5","R9":"5","G3":"5","Q3":"5","H9":"5","MF":"5","75":"5","C3":"5","H3":"5","V7":"5","M5":"5","FF":"5","RC":"5","P4":"5","MG":"5","G9":"5","XH":"5","P7":"5","96":"5","QF":"5","F7":"5","F4":"5","F2":"5","C9":"5","MX":"5","C4":"5","JC":"5","PC":"5","X4":"5","X9":"5","Q6":"5","JG":"5","P5":"5","8H":"5","X7":"5","X5":"5","W4":"5","W2":"5","M3":"5","Q7":"5","XG":"5","H2":"5","VQ":"5","98":"5","93":"5","G5":"5","84":"5","FG":"5","V9":"5","8C":"5","RF":"5","J6":"5","PG":"5","X8":"5","P9":"5","7C":"5","W9":"5","J9":"5","XF":"5","GH":"5","92":"5","G6":"5","P2":"5","F8":"5","H5":"5","Q2":"5","8F":"5","Q5":"5","W3":"5","99":"5","R4":"5","C2":"5","97":"5","R8":"5","H7":"5","M9":"5","XC":"5","F5":"5","P8":"5","HG":"5","J7":"5","82":"5","J2":"5","PH":"5","87":"5","QC":"5","C7":"5","M2":"5","R7":"5","J5":"5","GF":"5","85":"5","W7":"5","M6":"5","MC":"5","M4":"5","PF":"5","G8":"5","7H":"5","W8":"5","HC":"5","F9":"5","77":"5","VF":"5","94":"5","7F":"5","R6":"5","G4":"5","88":"5","X6":"5","C6":"5","V4":"5"},"5P":{"88":"5"},"7J":{"VV":"5","VR":"5","VQ":"5"},"4M":{"3X":"5"},"5Q":{"6V":"5","29":"5","66":"5","4H":"5","59":"5","F8":"5","H7":"5","6F":"5","4R":"5","5H":"5","G9":"5","G7":"5","7F":"5","68":"5","C9":"5","J8":"5","3V":"5","2V":"5","97":"5","7R":"5","88":"5","H9":"5","5J":"5","7P":"5","5P":"5","57":"5","7J":"5","7H":"5","4J":"5","F9":"5","6J":"5","5C":"5","5R":"5","98":"5","7M":"5","4F":"5","5F":"5","GC":"5","5M":"5","7V":"5","6M":"5","G8":"5","3R":"5","67":"5","56":"5","89":"5","7G":"5","8G":"5","H8":"5","58":"5","J7":"5","6R":"5","5Q":"5"},"8H":{"JW":"5","9X":"5","7W":"5","FW":"5","9V":"5","CX":"5","QX":"5","JX":"5","CW":"5","7X":"5","GX":"5","8V":"5","HW":"5","8X":"5","MX":"5","9W":"5","HX":"5","FX":"5","GW":"5","8W":"5"},"5R":{"34":"5","33":"5"},"GH":{"6X":"5"},"5H":{"VV":"5","WV":"5"},"3F":{"FP":"5","HM":"5","HP":"5","GP":"5","GM":"5"},"4R":{"29":"5","W3":"5","W4":"5","28":"5","27":"5","26":"5","W2":"5"},"3P":{"77":"5","96":"5","87":"5","H8":"5","M9":"5","G8":"5","64":"5","84":"5","74":"5","97":"5","C6":"5","M8":"5","F7":"5","C8":"5","F6":"5","88":"5","J8":"5","75":"5","99":"5","98":"5","79":"5"},"JQ":{"8J":"5","7J":"5","4H":"5","9M":"5","5H":"5","6H":"5","JX":"5","9J":"5","MX":"5","8M":"5","3H":"5","2H":"5","7H":"5"},"5G":{"MH":"5","JG":"5","MG":"5","PH":"5","JH":"5","PG":"5"},"6H":{"4P":"5","5P":"5","2Q":"5","3V":"5","4R":"5","3P":"5","3Q":"5","4Q":"5","5V":"5","2P":"5","4V":"5","3R":"5"},"2F":{"4W":"5","8J":"5","5Q":"5","8X":"5","5R":"5","8P":"5","9M":"5","4R":"5","9V":"5","3W":"5","8Q":"5","9J":"5","9R":"5","7Q":"5","8M":"5","9W":"5","6Q":"5","CV":"5","8W":"5","6R":"5","3X":"5","6V":"5","9P":"5","4V":"5","7R":"5","6W":"5","9Q":"5"},"4Q":{"XJ":"5","WM":"5","XP":"5","WJ":"5","XR":"5","XQ":"5"},"9J":{"37":"5","33":"5","34":"5","2G":"5","23":"5","2C":"5","22":"5","24":"5","32":"5","3G":"5","35":"5","2H":"5","27":"5","28":"5"},"JR":{"RM":"5","8P":"5","MC":"5","HP":"5","39":"5","4M":"5","8R":"5","J9":"5","G9":"5","9R":"5","9W":"5","3M":"5","JF":"5","9Q":"5","CV":"5","M2":"5","6Q":"5","PM":"5","JC":"5","FQ":"5","CR":"5","HM":"5","J8":"5","9P":"5","4W":"5","J2":"5","HR":"5","MJ":"5","M5":"5","44":"5","CM":"5","H9":"5","8Q":"5","GM":"5","7P":"5","JJ":"5","5P":"5","7J":"5","9V":"5","33":"5","J4":"5","7H":"5","4J":"5","49":"5","MM":"5","7Q":"5","FM":"5","QP":"5","6J":"5","4P":"5","34":"5","7M":"5","5M":"5","6M":"5","J6":"5","FP":"5","G8":"5","MH":"5","QM":"5","HC":"5","J5":"5","VP":"5","7G":"5","H8":"5","JM":"5","CP":"5","J7":"5","69":"5","5Q":"5","6H":"5"},"HV":{"W4":"5","RP":"5","QQ":"5","X3":"5","R4":"5","VP":"5","9X":"5","CX":"5","VM":"5","WJ":"5","WM":"5","X4":"5","XJ":"5"},"8M":{"J2":"5","99":"5","MC":"5","M2":"5","M9":"5","9C":"5","C7":"5"},"JV":{"C8":"5","23":"5","33":"5","76":"5","J5":"5","59":"5","M5":"5","3F":"5","M6":"5","34":"5","2F":"5","44":"5","Q3":"5","99":"5","97":"5","88":"5","H5":"5","89":"5","J4":"5","79":"5","98":"5","2G":"5","22":"5","69":"5","24":"5","C9":"5","3C":"5","78":"5","58":"5","R3":"5","68":"5","G5":"5","F3":"5","R4":"5","Q4":"5","P5":"5","2C":"5"},"3H":{"37":"5","48":"5","28":"5","36":"5"},"6G":{"3Q":"5","4M":"5","3P":"5","3M":"5","3J":"5","2M":"5","2P":"5","4P":"5"},"5J":{"4V":"5","4W":"5"},"3M":{"8W":"5","7W":"5","6W":"5","7V":"5","7Q":"5","6V":"5"},"HW":{"84":"5","C2":"5"},"GR":{"V8":"5","R9":"5","Q6":"5","QG":"5","R6":"5","VC":"5","Q9":"5","QF":"5","RC":"5","R7":"5","V7":"5","QC":"5","RF":"5"},"3G":{"5F":"5","6C":"5","5G":"5","7C":"5","6F":"5","6G":"5","7G":"5","7H":"5"},"HX":{"8J":"5","9H":"5","FC":"5","9J":"5"},"3R":{"X6":"5","X4":"5","X5":"5","X7":"5","X8":"5","W8":"5"},"HQ":{"7Q":"5","9Q":"5","FQ":"5","5P":"5","6Q":"5","GP":"5","7P":"5","9V":"5","8Q":"5","GQ":"5","JM":"5","7V":"5","7R":"5","9R":"5","8V":"5","JP":"5","4M":"5","HQ":"5","8R":"5","MP":"5","8P":"5","5M":"5","JJ":"5","6R":"5","MM":"5","HP":"5"}},"P4":{"CW":{"XM":"5"}},"26":{"QW":{"RP":"5"},"37":{"VQ":"5"},"5X":{"7X":"5"},"34":{"J6":"5"},"XX":{"7F":"5"},"5Q":{"9V":"5"},"6P":{"WX":"5"},"4R":{"MR":"5","PW":"5","JQ":"5","MQ":"5","JJ":"5"},"JQ":{"MH":"5"},"GP":{"2Q":"5","2R":"5"},"VP":{"F8":"5"},"J9":{"WJ":"5","94":"5"},"M8":{"XV":"5"},"9X":{"QP":"5"},"45":{"X3":"5"},"48":{"VC":"5"},"82":{"68":"5"},"4V":{"HF":"5"},"XM":{"QG":"5","RC":"5","QJ":"5"}},"55":{"6G":{"RP":"5"},"J5":{"VQ":"5","4J":"5","QP":"5","MW":"5","GP":"5","CM":"5","FM":"5","GX":"5","FP":"5"},"M5":{"3J":"5"},"QV":{"G7":"5"},"2P":{"Q8":"5"},"5P":{"82":"5","6R":"5","5X":"5"},"6Q":{"43":"5","J6":"5","PG":"5"},"6H":{"H3":"5","F3":"5","G3":"5","H2":"5","G2":"5","9F":"5"},"2F":{"Q4":"5"},"88":{"F9":"5"},"VP":{"M2":"5"},"7G":{"42":"5","F5":"5"},"4J":{"XV":"5"},"H5":{"J6":"5"},"9P":{"5H":"5","49":"5","5J":"5","6J":"5"},"6P":{"36":"5"},"98":{"Q3":"5"},"M2":{"C5":"5"},"J6":{"8R":"5"},"H3":{"J6":"5"},"5M":{"H3":"5"},"5J":{"R2":"5","V2":"5"},"CC":{"96":"5","Q4":"5"},"8J":{"6V":"5"},"4Q":{"M8":"5","W3":"5","J9":"5"},"4P":{"RJ":"5","X6":"5","P4":"5"},"5H":{"RW":"5"},"F8":{"WC":"5"},"86":{"8Q":"5","9Q":"5"}},"VC":{"9J":{"G3":"5"}},"H2":{"WR":{"W2":"5"},"XQ":{"MW":"5","58":"5","HQ":"5"}},"92":{"H9":{"JQ":"5","FQ":"5","CP":"5","CM":"5","GP":"5","9J":"5","JR":"5"},"CF":{"9G":"5"},"QF":{"R4":"5"},"JC":{"Q5":"5"},"8C":{"QQ":"5"},"XM":{"H3":"5"},"WF":{"GG":"5"},"FC":{"7P":"5"},"VF":{"M3":"5","52":"5","43":"5","33":"5","V2":"5","Q3":"5","F2":"5","72":"5","53":"5","82":"5","83":"5","G2":"5","Q2":"5","42":"5","32":"5","P3":"5","62":"5","F3":"5"},"XF":{"QW":"5","QX":"5","RX":"5","VX":"5","JP":"5","PQ":"5","RW":"5","PR":"5","MW":"5","JQ":"5","JX":"5","JR":"5","MX":"5","WX":"5","MQ":"5","VW":"5","RV":"5","QV":"5","2R":"5","HW":"5","PV":"5","HP":"5","PW":"5","HQ":"5","MV":"5","MR":"5"},"VC":{"JW":"5","RV":"5","7W":"5","3X":"5","RX":"5","3W":"5","VV":"5","WW":"5","9V":"5","5W":"5","4X":"5","CX":"5","CW":"5","5X":"5","7V":"5","7X":"5","7R":"5","6X":"5","9R":"5","WV":"5","6W":"5","GX":"5","8V":"5","8X":"5","MW":"5","8R":"5","VW":"5","4W":"5","9W":"5","6R":"5","HX":"5","QW":"5","VX":"5","6V":"5","RW":"5","FX":"5","8W":"5"},"9F":{"8P":"5"},"4J":{"RH":"5"},"3W":{"J2":"5","Q4":"5","M2":"5"},"G9":{"XH":"5"}},"W3":{"37":{"FM":"5","WM":"5","FC":"5"},"69":{"R8":"5","Q8":"5"},"77":{"JP":"5"},"87":{"G7":"5"},"56":{"Q9":"5"},"J7":{"VF":"5"},"PC":{"76":"5","86":"5","75":"5","85":"5","84":"5"},"67":{"VJ":"5","7X":"5"},"R4":{"X9":"5"},"V4":{"39":"5"},"45":{"JQ":"5"},"46":{"8R":"5"},"94":{"C2":"5"},"79":{"CH":"5","57":"5"},"68":{"C5":"5"}},"V9":{"3X":{"CW":"5"}},"P7":{"V5":{"67":"5"},"R6":{"89":"5"},"PC":{"XM":"5"},"Q9":{"24":"5","5W":"5","4R":"5","7V":"5","7Q":"5","7R":"5","5R":"5","5Q":"5"},"W7":{"88":"5","F4":"5"},"R7":{"MQ":"5"},"R4":{"9R":"5"},"V7":{"JG":"5"},"W6":{"GV":"5","FW":"5","CX":"5","GW":"5"},"PF":{"C9":"5"},"P7":{"V6":"5","G2":"5"},"P9":{"R4":"5","P5":"5","Q5":"5","P4":"5"}},"VF":{"Q2":{"8P":"5"}},"36":{"59":{"WP":"5"},"H7":{"7G":"5"},"2J":{"RG":"5","35":"5","74":"5","47":"5","F3":"5","27":"5","X4":"5"},"5G":{"29":"5"},"5X":{"6R":"5","7R":"5","5Q":"5"},"8M":{"2P":"5"},"2G":{"FW":"5","QP":"5","HX":"5","RV":"5"},"RP":{"CQ":"4"},"WF":{"J2":"5"},"WR":{"FH":"5","4C":"5"},"4G":{"X8":"5","C9":"5","X7":"5","W8":"5","J9":"5","3R":"5","P9":"5"},"JV":{"RG":"5"},"32":{"23":"5"},"XQ":{"M4":"5"},"8H":{"29":"5"},"XR":{"HG":"5","P6":"5"},"8Q":{"V7":"5"},"4V":{"PP":"5"},"7H":{"H7":"5","69":"5"},"XP":{"8C":"5"},"5C":{"P7":"5"},"7X":{"3R":"4","Q5":"5","2R":"4|5"},"7M":{"PM":"5"},"4F":{"5R":"5"},"3J":{"FG":"5"},"2H":{"J2":"5","7M":"5","F2":"5"},"QV":{"GP":"5","GM":"5"},"8X":{"7G":"5"},"22":{"3M":"5","X4":"5"},"6X":{"RW":"5","RX":"5","QP":"5"},"JR":{"PR":"5","QR":"5","QQ":"5"},"69":{"GW":"5"},"6R":{"4W":"5"},"3G":{"38":"5","4F":"5","H9":"5","4M":"5","QJ":"5","VC":"5","VF":"5","9V":"5","VP":"5","9R":"5","V9":"5","45":"5","6G":"5","9P":"5","99":"5","P9":"5"},"5Q":{"QM":"5"},"84":{"H9":"5"},"5W":{"HJ":"5"}},"G3":{"9W":{"F8":"5"},"CX":{"QG":"5","X9":"5"},"8V":{"3Q":"5"}},"82":{"FJ":{"PR":"5","53":"5","CH":"5","VP":"5"},"FH":{"3F":"5"},"M8":{"49":"5","29":"5","CM":"5"},"J9":{"97":"5"},"G9":{"JV":"5"},"8M":{"WW":"5"},"C8":{"HX":"5"},"WH":{"PJ":"5"},"9G":{"QJ":"5"},"2M":{"39":"5"},"26":{"56":"5","HJ":"5","CJ":"5","9J":"5","HM":"5","FP":"5","MJ":"5","JJ":"5"},"32":{"W4":"5"},"4C":{"C2":"5"},"J8":{"M6":"5"},"HR":{"47":"5"},"WC":{"MV":"5"},"2P":{"GV":"5","GW":"5"},"27":{"GP":"5"},"53":{"2H":"5","98":"5"},"CJ":{"52":"5","62":"5","68":"5","77":"5","7C":"5","6V":"5"},"7H":{"PJ":"5","MG":"5"},"2F":{"VQ":"5"},"9M":{"89":"5","G2":"5"},"3F":{"3P":"5"},"5C":{"4G":"5"},"2C":{"23":"5"},"9J":{"X8":"5","69":"5","PR":"5","G4":"5","CG":"5","M8":"5","CH":"5","HX":"5"},"CG":{"J6":"5","J7":"5","H8":"5"},"2H":{"3G":"5"},"G8":{"GH":"5"},"99":{"G4":"5"},"FG":{"6C":"5"},"43":{"88":"5","HP":"5"},"62":{"7R":"5"},"38":{"8P":"5","GP":"5","GM":"5"},"89":{"H9":"5"},"V9":{"4F":"5"},"XM":{"65":"5"},"H8":{"W9":"5","Q7":"5"},"CH":{"4W":"5","7J":"5","7W":"5","6H":"5","3W":"5","8R":"5","7Q":"5","7V":"5","6J":"5","7G":"5","3X":"5","6V":"5","6X":"5","7R":"5","7H":"5"},"42":{"84":"5"},"6G":{"F3":"5"},"3C":{"83":"5","C3":"5"},"52":{"8R":"5","53":"5","V3":"5"}},"37":{"49":{"5P":"5"},"Q2":{"8C":"5"},"P3":{"48":"5"},"42":{"68":"5","98":"5"},"JC":{"5M":"5","3R":"5","GR":"5"},"WC":{"6C":"5"},"92":{"4G":"5"},"GF":{"2X":"5"},"QF":{"22":"5"},"R7":{"J5":"5"},"XC":{"WW":"5"},"62":{"V5":"5","4H":"5","R5":"5","5H":"5","R4":"5","22":"5","P2":"5","C4":"5","65":"5","C3":"5"},"P2":{"69":"5"},"72":{"RC":"5"},"52":{"G4":"5","H3":"5","F6":"5","C6":"5","H4":"5"},"2M":{"VV":"5"},"2P":{"JF":"5"},"46":{"56":"5"},"73":{"J9":"5"}},"83":{"G4":{"9R":"5"},"Q4":{"MC":"5"},"83":{"8R":"5"},"WQ":{"99":"5"},"Q3":{"HJ":"5","HM":"5","GG":"5"},"X6":{"6F":"5","JH":"5"},"73":{"MR":"5"},"PM":{"4G":"5"},"F4":{"RV":"5"},"7J":{"8X":"5"},"84":{"Q5":"5"},"F5":{"P6":"5"}},"X4":{"V2":{"8Q":"5"},"X4":{"WF":"5"}},"35":{"64":{"75":"5"},"5P":{"89":"5","9F":"5"},"72":{"47":"5"},"F2":{"Q9":"5"},"7P":{"XH":"5"},"7X":{"2X":"5"},"H4":{"MR":"5"},"5R":{"35":"5","44":"5","34":"5"}},"M2":{"MH":{"Q8":"5"},"RW":{"64":"5","V2":"5","WX":"5"},"4V":{"4Q":"5"},"FM":{"4M":"5","FX":"5"},"95":{"H4":"5"},"FC":{"38":"5","88":"5","VX":"5","JX":"5","87":"5"},"PQ":{"67":"5"},"VX":{"FM":"5"},"26":{"FG":"5","7V":"5","26":"5","36":"5"},"GR":{"85":"5"},"C8":{"2V":"5"},"7W":{"M2":"5","7Q":"5"},"39":{"P6":"5","92":"5","Q5":"5","7C":"5"},"GG":{"FX":"5"},"F6":{"9V":"5","9X":"5"},"7M":{"GX":"5","6H":"5"},"M8":{"49":"5"},"HM":{"7Q":"5"},"WG":{"FW":"5"},"HQ":{"WX":"5"},"69":{"38":"5","48":"5","WQ":"5","XP":"5","WC":"5","59":"5","XQ":"5"},"2M":{"GG":"5"},"3H":{"F8":"5","PC":"5"},"C5":{"XQ":"5"},"RG":{"QH":"5"},"7G":{"83":"5","F7":"5","RF":"5"},"WV":{"X2":"5"},"QJ":{"J8":"5","4G":"5"},"H8":{"92":"5","9C":"5"},"VR":{"8F":"5"},"QM":{"4H":"5","3P":"5","5C":"5","6P":"5","6C":"5","4J":"5","4P":"5"},"MQ":{"JC":"5","69":"5","PH":"5","WX":"5"},"3P":{"5H":"5"},"HH":{"H4":"5"},"H9":{"2G":"5"},"MF":{"FJ":"5"},"7V":{"PX":"5"},"6C":{"JX":"5"},"V7":{"9R":"5"},"57":{"MC":"5","MF":"5","M9":"5","P9":"5","RC":"5","PC":"5","PF":"5","Q9":"5"},"6F":{"P8":"5","WJ":"5","FG":"5","WR":"5"},"FF":{"M8":"5","8J":"5","J8":"5","8M":"5","M7":"5","JC":"5","M9":"5","J9":"5","G6":"5"},"36":{"99":"5","3V":"5"},"MG":{"63":"5","FQ":"5","3V":"5"},"XH":{"5F":"5","C2":"5"},"P7":{"W3":"5","X4":"5"},"55":{"F8":"5","RQ":"5"},"28":{"P6":"5","HR":"5","GP":"5","M5":"5","G2":"5"},"QF":{"WJ":"5"},"F7":{"CV":"5","5R":"5"},"3J":{"59":"5"},"68":{"RC":"5"},"4Q":{"76":"5"},"GX":{"FH":"5"},"24":{"FM":"5","GV":"5","CM":"5","GP":"5","WG":"5"},"4F":{"XC":"5","JJ":"5"},"JC":{"7R":"5"},"8P":{"45":"5"},"29":{"M5":"5","M4":"5"},"JV":{"M3":"5"},"CC":{"9P":"5"},"6H":{"RR":"5","84":"5"},"VW":{"62":"5","9H":"5","G7":"5","H6":"5"},"RV":{"8C":"5","F2":"5"},"MR":{"24":"5","H5":"5","34":"5","W4":"5","G5":"5"},"CR":{"PR":"5"},"7R":{"7G":"5"},"FX":{"QW":"5","MF":"5"},"2F":{"5C":"5","5J":"5","6J":"5"},"GP":{"Q8":"5"},"5J":{"MR":"5"},"VH":{"WJ":"5","5R":"5"},"45":{"8X":"5"},"XG":{"9H":"5"},"VJ":{"H9":"5"},"G5":{"JQ":"5","W3":"5"},"WR":{"QH":"5","F2":"5"},"CJ":{"F2":"5","Q2":"5"},"CG":{"MC":"5","RJ":"5","Q3":"5","PG":"5"},"44":{"G8":"5"},"RF":{"37":"5","8P":"5","JM":"5","JJ":"5","MJ":"5","MM":"5"},"GV":{"C7":"5"},"7C":{"6F":"5","7H":"5","6H":"5"},"XF":{"5M":"5","9P":"5"},"GH":{"XV":"5","VW":"5"},"64":{"CX":"5"},"34":{"7H":"5","57":"5"},"9C":{"GX":"5","RM":"5","9Q":"5"},"RJ":{"78":"5","8F":"5","7F":"5"},"HR":{"W9":"5","6C":"5"},"FJ":{"X6":"5"},"F8":{"X7":"5"},"PR":{"C2":"5","H2":"5","VH":"5","PH":"5","R8":"5","P8":"5","P9":"5"},"3G":{"56":"5","XP":"5","6R":"5"},"XQ":{"GC":"5","3F":"5"},"46":{"82":"5","92":"5","W8":"5"},"99":{"99":"5","PW":"5","PV":"5"},"6M":{"F3":"5"},"FR":{"FJ":"5"},"PM":{"WW":"5","V8":"5","RC":"5"},"35":{"WP":"5","9W":"5","XP":"5","9V":"5"},"H7":{"78":"5","C4":"5"},"M9":{"9J":"5"},"8J":{"2J":"5"},"GJ":{"CW":"5"},"6G":{"JJ":"5"},"56":{"MV":"5","MW":"5"},"9J":{"W3":"5"},"HG":{"M4":"5"},"59":{"8X":"5","CP":"5"},"XX":{"RG":"5"},"VG":{"HG":"5","HF":"5","FF":"5"},"87":{"C8":"5","88":"5","M7":"5","98":"5"},"WX":{"9V":"5"},"VV":{"4W":"5","39":"5"},"9F":{"C7":"5"},"25":{"26":"5","36":"5","25":"5"},"M6":{"QQ":"5"},"47":{"2G":"5","WQ":"5"},"XW":{"2G":"5","8W":"5","2M":"5"},"HV":{"RF":"5"},"FP":{"3X":"5"},"4J":{"X4":"5"},"WM":{"5P":"5","5M":"5","XW":"5","6M":"5"},"MV":{"X8":"5"},"CF":{"4M":"5"},"G8":{"C5":"5"},"7H":{"RR":"5"},"W8":{"FV":"5"},"WW":{"5P":"5","22":"5","VC":"5","4P":"5"},"HC":{"6H":"5","6J":"5"},"RP":{"8F":"5","M6":"5","7C":"5"},"F9":{"J2":"5","4X":"5","PF":"5"},"RQ":{"HG":"5","HF":"5","GH":"5","86":"5","JR":"5","GW":"5","GG":"5","HH":"5","GX":"5","FC":"5","F9":"5","HP":"5","HX":"5"},"HF":{"7C":"5"},"CH":{"RX":"5","WV":"5"},"JF":{"24":"5"},"QP":{"Q6":"5","9Q":"5"},"7F":{"2W":"5"},"88":{"56":"5","45":"5"},"4H":{"GQ":"5","3J":"5"},"QV":{"V9":"5","98":"5"},"2G":{"XF":"5","Q7":"5"}},"24":{"6V":{"F6":"5","Q5":"5","M5":"5","X4":"5","R5":"5"},"MX":{"PV":"5","GP":"5","5V":"5","G2":"5","2H":"5"},"GR":{"QP":"5"},"HP":{"C5":"5"},"MC":{"JC":"5"},"PG":{"GX":"5","JX":"5","5X":"5","9X":"5"},"RC":{"5P":"5","3P":"5","6Q":"5","6P":"5","4P":"5","5Q":"5"},"M8":{"7F":"5"},"Q2":{"Q8":"5"},"8V":{"76":"5","XM":"5","P8":"5","C7":"5","45":"5","Q9":"5","36":"5"},"FW":{"XW":"5","WV":"5","VW":"5"},"PF":{"7V":"5"},"GX":{"54":"5","VC":"5"},"GW":{"9P":"5"},"Q8":{"P3":"5","FQ":"5","89":"5"},"CV":{"W6":"5","V8":"5","G2":"5","R3":"5"},"RJ":{"C5":"5"},"FR":{"4H":"5","4F":"5"},"RG":{"GJ":"5","CH":"5","GM":"5","5J":"5"},"Q9":{"JQ":"5","HQ":"5"},"PM":{"VH":"5","MM":"5"},"R7":{"8F":"5","8V":"5"},"CR":{"FW":"5"},"VC":{"QP":"5"},"QX":{"XC":"5","F8":"5","P9":"5","W9":"5","XF":"5","QJ":"5"},"MW":{"7V":"5"},"3V":{"XC":"5","M8":"5","52":"5","R9":"5"},"PH":{"C5":"5","G4":"5","96":"5","53":"5","2C":"5","77":"5","23":"5","F4":"5","G5":"5","6C":"5","F5":"5"},"4W":{"89":"5"},"P8":{"J8":"5","W9":"5"},"MJ":{"WW":"5","WX":"5"},"R6":{"J4":"5","GM":"5"},"FV":{"7V":"5","VP":"5"},"M9":{"FV":"5","F9":"5"},"VX":{"2J":"5"},"H2":{"QC":"5"},"5V":{"29":"5"},"QH":{"PQ":"5","6W":"5","QQ":"5"},"9V":{"28":"5","V6":"5"},"H4":{"XQ":"5","VW":"5"},"Q7":{"HQ":"5"},"7V":{"C5":"5","24":"5","63":"5","F4":"5","X5":"5","2H":"5"},"WJ":{"9H":"5","VP":"5"},"J6":{"VV":"5","RX":"5","RH":"5","RP":"5","RW":"5","QQ":"5","RJ":"5"},"MF":{"RC":"5"},"3R":{"3M":"5"},"JX":{"F6":"5"},"VF":{"HJ":"5"},"JW":{"RX":"5"},"MH":{"V5":"5","R9":"5","RH":"5","QJ":"5","VC":"5","PH":"5","WC":"5","QH":"5","VF":"5","RC":"5","RG":"5","VG":"5","V7":"5","V9":"5","RF":"5","W9":"5"},"8X":{"Q9":"5"},"MG":{"QG":"5","XX":"5","RX":"5","P8":"5","Q8":"5","WV":"5"},"2R":{"49":"5","WM":"5","28":"5","7C":"5","6C":"5","25":"5"},"J5":{"JV":"5","JW":"5"},"RX":{"RJ":"5","QJ":"5"},"XM":{"XC":"5"},"PX":{"76":"5","MG":"5","WX":"5"},"RH":{"Q3":"5"},"6R":{"QW":"5"},"QG":{"FR":"5","G4":"5","GR":"5"}},"V3":{"V5":{"8J":"4"}},"45":{"9J":{"99":"5","CF":"5"}},"42":{"38":{"C8":"5"},"24":{"MG":"5"},"46":{"GQ":"5"},"63":{"42":"5"},"53":{"8G":"5"},"56":{"J7":"5"},"22":{"PH":"5"},"VQ":{"7V":"5"},"55":{"78":"4","73":"4"},"27":{"VR":"5"},"26":{"33":"5"},"36":{"5R":"5"},"RQ":{"H8":"5"}},"P2":{"6V":{"4X":"5","MC":"5","2C":"5","67":"5"},"MX":{"24":"5","M7":"5","F7":"5","34":"5","CC":"5","Q2":"5","X5":"5"},"8P":{"JR":"5"},"3P":{"XJ":"5","63":"5","62":"5","P3":"5","72":"5","XM":"5"},"GR":{"VR":"5","V7":"5","XP":"5","58":"5","QQ":"5","59":"5","P7":"5","X8":"5"},"HP":{"M8":"5","H9":"5","XW":"5","RP":"5","CC":"5","QP":"5","XF":"5"},"4H":{"CC":"5","7W":"5","7X":"5"},"HQ":{"2X":"5","3W":"5"},"GP":{"R2":"5","Q2":"5"},"8V":{"C3":"5"},"4R":{"RM":"5"},"4M":{"XP":"5","PM":"5","9G":"5","4H":"5","QG":"5","PH":"5","JH":"5","QH":"5","8G":"5","PG":"5","RG":"5","JG":"5","QC":"5","VM":"5","RF":"5","WM":"5","PF":"5","FH":"5","FP":"5","PP":"5","FG":"5","MF":"5","QM":"5"},"5G":{"2Q":"5","3V":"5","HH":"5"},"5H":{"JX":"5","G7":"5","HX":"5"},"2G":{"V5":"5","Q5":"5","H2":"5","V4":"5"},"GX":{"9V":"5","7P":"5","PM":"5","FX":"5","6P":"5","9Q":"5","4P":"5"},"9W":{"F7":"5","FJ":"5","2P":"5"},"3M":{"XG":"5"},"2M":{"9M":"5","VX":"5","RX":"5","7W":"5","VW":"5"},"PW":{"37":"5","P8":"5","M4":"5","39":"5"},"9Q":{"HP":"5","JX":"5"},"HV":{"PP":"5","H5":"5"},"FR":{"XC":"5"},"GQ":{"RW":"5"},"4G":{"XQ":"5"},"JV":{"H3":"5","X7":"5","V7":"5","XF":"5","G7":"5","G3":"5","G2":"5","XG":"5","98":"5"},"QX":{"R9":"5","RM":"5","RQ":"5","53":"5","R8":"5","RR":"5","VJ":"5","PC":"5","VP":"5","RJ":"5","VM":"5","VR":"5","X6":"5","WV":"5","J8":"5"},"MW":{"QW":"5","PM":"5","QG":"5","RP":"5","XV":"5","C6":"5","CC":"5","QV":"5","FC":"5","F9":"5","C5":"5","5M":"5"},"8H":{"F7":"5","89":"5"},"WX":{"QP":"5"},"9P":{"RM":"5"},"MR":{"43":"5","53":"5","3V":"5","HV":"5","48":"5","8W":"5","7G":"5","2P":"5","4X":"5","7F":"5"},"HR":{"23":"5","28":"5","PM":"5","XH":"5","P9":"5","FF":"5","8F":"5","C3":"5","F2":"5","JR":"5","FR":"5","V5":"5","8Q":"5","P7":"5","WC":"5","R6":"5","6W":"5","7F":"5","XF":"5","J7":"5","R9":"5","46":"5"},"7R":{"68":"5","7M":"5","92":"5","RC":"5","6M":"5","9G":"5"},"CQ":{"CP":"5"},"PV":{"3R":"5","4Q":"5","6M":"5","3M":"5","5X":"5"},"9X":{"82":"5","62":"5","XP":"5","X4":"5","VP":"5"},"FV":{"53":"5"},"CW":{"8F":"5"},"CM":{"8P":"5"},"7W":{"M4":"5"},"8Q":{"VJ":"5","F2":"5"},"5J":{"QX":"5","66":"5","H8":"5","G8":"5","6P":"5","PX":"5","MW":"5","G9":"5","GC":"5","GF":"5","CG":"5","JW":"5","GG":"5","FF":"5"},"GM":{"HR":"5"},"7P":{"WP":"5","XP":"5","3C":"5","3F":"5"},"VX":{"8G":"5","62":"5","9H":"5","FC":"5","F9":"5","9G":"5","G9":"5"},"5P":{"P3":"5"},"QW":{"JH":"5","87":"5"},"5V":{"MF":"5","G8":"5","P9":"5","R8":"5","RC":"5","58":"5","J7":"5","C9":"5","36":"5","WG":"5"},"7J":{"4M":"5","7P":"5","3M":"5","4W":"5"},"CJ":{"PX":"5","PW":"5","47":"5","MJ":"5"},"7H":{"9J":"5","9F":"5"},"9M":{"J8":"5","H8":"5"},"4J":{"MH":"5","F3":"5","C3":"5","F2":"5","C2":"5"},"7Q":{"FR":"5","H9":"5","74":"5","73":"5","GG":"5"},"3H":{"82":"5","75":"5","85":"5"},"FM":{"8P":"5","VM":"5","RM":"5"},"6J":{"G4":"5","RJ":"5","W3":"5","W4":"5","H4":"5"},"3F":{"6F":"5","7W":"5","WR":"5"},"4P":{"VR":"5"},"5R":{"5W":"5","RV":"5","RQ":"5"},"HX":{"RH":"5","WH":"5","MF":"5","HF":"5","FC":"5","67":"5","PG":"5","7J":"5"},"2C":{"XQ":"5"},"4F":{"R8":"5","6X":"5","6V":"5"},"JP":{"4X":"5","2J":"5","3J":"5","2W":"5"},"5M":{"RM":"5","3C":"5","8X":"5","PQ":"5","QQ":"5","9V":"5","3Q":"5","8R":"5","3J":"5","7V":"5","8V":"5","C5":"5","3R":"5"},"JQ":{"49":"5","VV":"5","66":"5","2J":"5","76":"5","3F":"5","7W":"5","74":"5","8Q":"5","7Q":"5","MP":"5","VW":"5","6J":"5","FP":"5","3G":"5","79":"5"},"2H":{"FW":"5","FR":"5","FV":"5","CP":"5","CQ":"5","9V":"5","FQ":"5","9R":"5","CW":"5","9W":"5","CV":"5","FP":"5","CR":"5"},"6M":{"63":"5","FW":"5","FX":"5"},"FP":{"RJ":"5"},"JX":{"2J":"5","9V":"5","3J":"5","7V":"5","4P":"5"},"MV":{"2G":"5","V2":"5","HX":"5","6M":"5","6J":"5"},"JW":{"V7":"5","WM":"5","JX":"5"},"2R":{"4M":"5"},"7G":{"5H":"5"},"RX":{"37":"5","3C":"5","2Q":"5","2C":"5","3F":"5","2F":"5","95":"5","58":"5","36":"5","4C":"5","46":"5","2H":"5","35":"5","27":"5","68":"5"},"PX":{"2C":"5","3F":"5","36":"5"},"CP":{"5F":"5","3W":"5"},"8J":{"VC":"5"},"6R":{"W3":"5"},"3G":{"PQ":"5","PR":"5","JQ":"5","26":"5","GW":"5","9X":"5","HW":"5","36":"5","HQ":"5","9Q":"5"},"5Q":{"39":"5"},"6W":{"H4":"5"},"3C":{"3M":"5","2P":"5","5J":"5","4J":"5"},"5W":{"MC":"5","G7":"5"}},"32":{"V2":{"V9":"5"}},"P3":{"VP":{"QW":"5","PQ":"5"},"83":{"MH":"5"},"RW":{"VX":"5","VR":"5","QR":"5","RV":"5","RR":"5"},"MH":{"7V":"5","4J":"5"},"FM":{"2H":"5"},"W6":{"P8":"5","RV":"5","H8":"5","J5":"5","FH":"5","C6":"5","7J":"5","F4":"5","C3":"5","72":"5","3W":"5","VV":"5","GJ":"5","9J":"5","H2":"5","G6":"5","G9":"5","G8":"5","92":"5","89":"5","2R":"5","J4":"5","82":"5","9H":"5","G4":"5","HH":"5","H7":"5","MC":"5","GF":"5","3G":"5","C9":"5","VW":"5","8H":"5","MH":"5","QH":"5","PW":"5","62":"5","JH":"5","R3":"5","F6":"5","CC":"5","8J":"5","FC":"5","QW":"5","GC":"5","RW":"5","7H":"5"},"32":{"WH":"5","GH":"5"},"PQ":{"J2":"5","M2":"5","9C":"5"},"V2":{"HG":"5"},"26":{"VG":"5"},"5C":{"RH":"5","GH":"5","RM":"5","6C":"5"},"H6":{"8P":"5","FV":"5","5J":"5","84":"5","39":"5"},"V8":{"VJ":"5","CG":"5","86":"5","WM":"5","CH":"5","WJ":"5","5J":"5","65":"5"},"72":{"WX":"5"},"W5":{"RQ":"5","53":"5","X9":"5","J6":"5","X7":"5","XV":"5","QP":"5","8P":"5","QQ":"5","2W":"5","WW":"5","XW":"5","JR":"5","9X":"5","52":"5","M6":"5","GX":"5","7X":"5","CR":"5","6X":"5","6W":"5","GV":"5"},"G2":{"2F":"5"},"GG":{"2F":"5","3G":"5"},"XM":{"38":"5","24":"5","HR":"5","HJ":"5","HV":"5"},"WH":{"V5":"5","66":"5","87":"5","RX":"5","C9":"5","43":"5","V6":"5","HM":"5","6F":"5","F5":"5","M5":"5","GV":"5"},"M7":{"RP":"5","RR":"5","RM":"5"},"M8":{"V3":"5","R3":"5"},"H4":{"6V":"5"},"HM":{"64":"5","V8":"5","GG":"5"},"WG":{"XG":"5","WP":"5","WW":"5","XM":"5","XP":"5","VQ":"5","27":"5","QV":"5","HV":"5","RQ":"5"},"X3":{"RW":"5","FM":"5","VV":"5","3R":"5","RV":"5","VW":"5"},"2J":{"MH":"5","RC":"5","4Q":"5","GH":"5"},"73":{"X2":"5"},"P3":{"24":"5","25":"5"},"PP":{"WX":"5"},"J3":{"RW":"5","RG":"5","94":"5"},"WV":{"6G":"5","VM":"5","RV":"5"},"VR":{"V9":"5","WH":"5","WP":"5","WJ":"5","VM":"5","3J":"5","XH":"5"},"CQ":{"VG":"5"},"QM":{"2X":"5","3X":"5"},"MQ":{"MC":"5"},"VC":{"R4":"5","W3":"5","V4":"5"},"R9":{"GG":"5"},"V3":{"G4":"5","H5":"5","G5":"5"},"6P":{"J4":"5"},"G3":{"M3":"5","RJ":"5"},"Q3":{"VV":"5"},"48":{"VP":"5"},"R3":{"GG":"5","77":"5","5C":"5","3F":"5","GF":"5"},"MF":{"2V":"5"},"V7":{"QG":"5","RW":"5","QP":"5","QF":"5","F3":"5","F7":"5","MP":"5","RV":"5","MM":"5"},"H3":{"JG":"5","8Q":"5"},"X2":{"RG":"5","RJ":"5","VG":"5"},"RC":{"87":"5"},"P4":{"MV":"5","MR":"5","JM":"5","X9":"5"},"MG":{"48":"5"},"XH":{"CW":"5","V5":"5","W3":"5","W4":"5","MG":"5","JF":"5","GH":"5","QC":"5","W2":"5","X2":"5"},"P7":{"JX":"5"},"XV":{"76":"5","68":"5","8W":"5","6W":"5","CX":"5","7Q":"5"},"4M":{"G3":"5","G2":"5"},"52":{"5R":"5","R7":"5","VP":"5","5V":"5","GG":"5","57":"5","WM":"5","6R":"5"},"24":{"CJ":"5"},"V5":{"C5":"5","GX":"5","M6":"5","HX":"5"},"8P":{"6W":"5","CR":"5"},"X4":{"XH":"5","R8":"5","H4":"5","PR":"5","X5":"5","G4":"5","R7":"5","X6":"5","X4":"5","PV":"5"},"PC":{"CR":"5"},"X9":{"76":"5","FV":"5","HC":"5","G9":"5"},"Q6":{"XJ":"5","Q6":"5","R4":"5","V5":"5","Q5":"5"},"WJ":{"54":"5","M8":"5","JC":"5","M9":"5","HF":"5","M4":"5"},"JG":{"82":"5","64":"5","73":"5"},"P5":{"89":"5","VW":"5"},"58":{"J5":"5","VQ":"5"},"WF":{"5R":"5","8R":"5","6Q":"5","CV":"5","6R":"5","7R":"5","HX":"5","3R":"5"},"5F":{"RX":"5","RF":"5"},"X7":{"7G":"5","VH":"5","33":"5"},"X5":{"44":"5","29":"5","FX":"5"},"W4":{"XG":"5","PJ":"5","PR":"5","MW":"5","W7":"5","X8":"5"},"M3":{"24":"5","HP":"5"},"CR":{"Q2":"5"},"Q7":{"36":"5"},"2F":{"PC":"5"},"9P":{"99":"5","Q7":"5"},"GP":{"GJ":"5"},"5J":{"63":"5","68":"5","9H":"5","VM":"5"},"RM":{"PX":"5"},"VH":{"62":"5"},"XG":{"6G":"5","PM":"5","QV":"5","2P":"5","2M":"5","5P":"5","4J":"5","PJ":"5","QM":"5","CW":"5","P7":"5","9H":"5","XX":"5","QF":"5","4M":"5","8R":"5","VW":"5","4R":"5","QJ":"5","6R":"5","67":"5","VX":"5","WX":"5","4P":"5","PX":"5"},"XJ":{"2X":"5","Q4":"5","H5":"5","3H":"5","3C":"5","2R":"5","2M":"5","2W":"5","H4":"5","H6":"5"},"VQ":{"8G":"5","8F":"5","4F":"5","XV":"5","6Q":"5"},"H2":{"PQ":"5","FJ":"5","CJ":"5","W2":"5","R3":"5"},"R5":{"VG":"5","CM":"5","CJ":"5","5V":"5","9J":"5","7V":"5","6R":"5","RM":"5"},"98":{"36":"5"},"G5":{"4H":"5"},"WR":{"4X":"5","QW":"5","3X":"5","3J":"5","2M":"5"},"FG":{"RP":"5","VP":"5"},"CJ":{"88":"5","WJ":"5","W7":"5"},"V9":{"MG":"5"},"R2":{"6F":"5","CW":"5","8R":"5","6G":"5","3V":"5","6C":"5"},"JM":{"P4":"5"},"WC":{"J3":"5"},"J6":{"29":"5","FX":"5"},"X8":{"MR":"5","QR":"5","Q8":"5","6M":"5","XH":"5","VP":"5"},"5G":{"V8":"5","Q2":"5","Q3":"5","Q6":"5","Q4":"5","Q5":"5","H7":"5","Q7":"5","M7":"5","GX":"5","J2":"5","9P":"5","79":"5"},"W9":{"J3":"5","7H":"5","R9":"5","WF":"5","V8":"5","WC":"5","Q8":"5","VC":"5","Q7":"5","WG":"5"},"XF":{"XC":"5","99":"5","MW":"5","H2":"5"},"9C":{"MP":"5","FR":"5","MG":"5"},"HR":{"VV":"5"},"FJ":{"36":"5"},"VM":{"WF":"5"},"P2":{"R8":"5"},"XP":{"XC":"5","93":"5","7Q":"5","F5":"5"},"Q2":{"G8":"5","PF":"5","W2":"5","X2":"5"},"H5":{"6H":"5","6V":"5"},"XQ":{"MF":"5","HF":"5","V7":"5","XR":"5","PM":"5","4Q":"5","PG":"5","MJ":"5","RQ":"5"},"W3":{"C6":"5"},"MJ":{"69":"5"},"FR":{"74":"5","8F":"5","69":"5","9F":"5"},"C2":{"H7":"5","F8":"5","34":"5","J7":"5"},"R8":{"4H":"5","V6":"5","7X":"5"},"35":{"XR":"5"},"M9":{"C8":"5","F8":"5","JH":"5"},"GJ":{"XW":"5","65":"5"},"XC":{"XJ":"5","GX":"5","93":"5","W9":"5","R8":"5","HX":"5","Q7":"5"},"P8":{"22":"5"},"J7":{"FQ":"5","JX":"5","GR":"5"},"82":{"65":"5"},"WP":{"W5":"5","CV":"5","9G":"5"},"J2":{"GR":"5"},"XX":{"Q4":"5","P3":"5","PC":"5","Q2":"5","M4":"5"},"VG":{"6F":"5","MF":"5"},"QC":{"RR":"5"},"R7":{"RX":"5","XP":"5"},"8Q":{"H7":"5","J8":"5","H8":"5"},"25":{"W5":"5"},"CM":{"HR":"5"},"GF":{"3M":"5"},"JP":{"WP":"5","WM":"5","VH":"5","XP":"5","XQ":"5"},"W7":{"V8":"5","Q3":"5","77":"5","78":"5","67":"5","84":"5","JM":"5","C4":"5","HM":"5","F4":"5","82":"5","94":"5"},"V6":{"P9":"5","V2":"5","WQ":"5","77":"5","VP":"5","VC":"5","M9":"5","V9":"5","VF":"5","WC":"5","83":"5","XP":"5","94":"5","MC":"5","WM":"5","78":"5","XM":"5","XF":"5","R3":"5","WG":"5","R9":"5","93":"5","WP":"5","7H":"5"},"M6":{"H5":"5","2H":"5"},"47":{"QM":"5"},"27":{"V3":"5","HH":"5"},"XW":{"HG":"5","RG":"5","QG":"5","JG":"5","CG":"5","VG":"5","W3":"5","RF":"5","MG":"5","7C":"5","PG":"5","9F":"5","XH":"5"},"HV":{"V2":"5","W4":"5","V3":"5"},"4J":{"XH":"5"},"WM":{"H9":"5"},"M4":{"28":"5","27":"5","8Q":"5"},"QQ":{"33":"5"},"5H":{"G7":"5","9W":"5","CR":"5","C6":"5","GM":"5"},"P6":{"RG":"5","G3":"5"},"RP":{"PM":"5"},"WQ":{"H8":"5","J6":"5","HG":"5","3Q":"5","M8":"5","2X":"5","J2":"5"},"RQ":{"WR":"5"},"HF":{"JV":"5","JR":"5"},"XR":{"9M":"5","99":"5","W6":"5","RG":"5","Q4":"5","VX":"5","CH":"5","9C":"5","98":"5"},"CH":{"8W":"5"},"VF":{"F7":"5"},"QP":{"32":"5","42":"5","33":"5"},"R6":{"XJ":"5","5H":"5","6W":"5","JW":"5","7X":"5","6R":"5"},"G4":{"47":"5","48":"5"},"X6":{"54":"5","72":"5","73":"5","JP":"5","8Q":"5","5R":"5"},"88":{"X9":"5"},"V4":{"X7":"5"}},"25":{"RV":{"GC":"5"},"W7":{"HW":"5","V3":"5"},"9X":{"CW":"5"},"9M":{"J6":"5"},"7W":{"R2":"5","V2":"5","X3":"5","R4":"5","W3":"5","V3":"5","V4":"5","R3":"5"},"J2":{"5G":"5"},"54":{"XG":"5"},"7P":{"MM":"5"},"Q3":{"8V":"5"},"F2":{"73":"5"},"72":{"7H":"5"},"W5":{"XF":"5"},"9J":{"FM":"5","9G":"5"},"FR":{"27":"5"},"9V":{"HF":"5","9F":"5"},"CX":{"5J":"5"},"4J":{"3R":"5","4R":"5"},"H5":{"G8":"5"},"W3":{"6X":"5"},"3M":{"V7":"5"},"7V":{"XP":"5","VX":"5","8F":"5","XX":"5","CJ":"5","J9":"5","WQ":"5"},"VF":{"7H":"5"},"7X":{"52":"5","62":"5"},"G3":{"PP":"5","RQ":"5"},"6P":{"PR":"5"},"82":{"4H":"5","P9":"5","7F":"5","FF":"5"},"CR":{"R7":"5"},"98":{"JP":"5"},"83":{"H3":"5","RF":"5"},"QF":{"6P":"5"},"H6":{"82":"5"},"X5":{"2Q":"5"},"3J":{"WQ":"5"},"X4":{"7F":"5"},"8V":{"78":"5","5W":"5","8R":"5","4V":"5"},"M2":{"7Q":"5"},"V3":{"RF":"5","H8":"5"},"HW":{"R4":"5"},"8X":{"C9":"5"},"3C":{"5P":"5"},"H3":{"Q6":"5"},"8H":{"XV":"5"},"R3":{"4F":"5"},"MF":{"JV":"5"},"6R":{"RX":"5"},"R2":{"CM":"5","F4":"5","H4":"5","9Q":"5"},"GC":{"CQ":"5"},"W4":{"H7":"5","M8":"5","QG":"5","93":"5","WW":"5","J6":"5","MJ":"5"},"H4":{"3H":"5"},"R4":{"8Q":"5"},"Q4":{"77":"5"},"FX":{"MH":"5"},"47":{"89":"5","9C":"5","9F":"5"},"8W":{"GV":"5","Q7":"5"},"6M":{"Q2":"5"}},"84":{"74":{"C5":"5"}},"QH":{"W7":{"VX":"5","RQ":"5"},"X7":{"3P":"5"}},"64":{"M8":{"XH":"5"},"4X":{"73":"5"},"3X":{"73":"5","C6":"5"},"7M":{"PV":"5"}},"62":{"MX":{"V9":"5","4X":"5","64":"5","VG":"5","W3":"5","4M":"5","57":"5","3C":"5","P4":"5","6V":"5"},"RV":{"46":"5","45":"5","55":"5"},"FH":{"54":"5","48":"5","3F":"5","2H":"5"},"PG":{"CP":"5"},"R8":{"XG":"5"},"V6":{"MP":"5"},"VG":{"F3":"5"},"FW":{"J5":"5","5V":"5","5C":"5","J4":"5","5R":"5","5Q":"5"},"P7":{"5P":"5"},"5H":{"QW":"5"},"W2":{"85":"5"},"J9":{"2P":"5"},"CF":{"PR":"5","QX":"5"},"RP":{"PM":"5","9J":"5","MM":"5"},"GH":{"CV":"5","QV":"5","HV":"5","VW":"5"},"9R":{"JP":"5"},"WH":{"XJ":"5","GP":"5","X8":"5"},"VQ":{"VJ":"5"},"GX":{"3R":"5","5R":"5"},"9W":{"75":"5","RR":"5","6R":"5","8Q":"5"},"PW":{"5P":"5","5W":"5"},"JF":{"MR":"5","JC":"5","MX":"5","PM":"5","JH":"5"},"JH":{"XC":"5","5H":"5","QF":"5","HF":"5","RF":"5","2H":"5"},"XW":{"32":"5"},"XV":{"7X":"5"},"CV":{"RH":"5","GJ":"5","JJ":"5","26":"5","36":"5"},"X4":{"C2":"5"},"VR":{"47":"5","57":"5"},"R7":{"QM":"5","9M":"5","GQ":"5","5H":"4","8M":"5","RP":"5","JJ":"5","7J":"4","5J":"4","G9":"5"},"MW":{"7X":"5"},"QX":{"HG":"5","HF":"5","GG":"5","GF":"5"},"4X":{"QF":"5","86":"5"},"3V":{"F2":"5","QV":"5","C2":"5"},"2V":{"8F":"5","9F":"5"},"4W":{"7X":"5"},"FV":{"CQ":"5","7J":"5"},"CW":{"38":"5","HR":"5","FV":"5","HP":"5","89":"5","W4":"5","V4":"5","XF":"5","GM":"5","4J":"5","JR":"5"},"7W":{"R8":"5"},"H9":{"XV":"5"},"8Q":{"CC":"5","FC":"5","C7":"5","6C":"5","97":"5"},"4V":{"PQ":"5"},"7P":{"78":"5","FP":"5","79":"5"},"VX":{"74":"5","33":"5","43":"5"},"V8":{"32":"5"},"QW":{"QH":"5"},"5V":{"WH":"5","WJ":"5"},"9H":{"MG":"5","J9":"5","PP":"5","PM":"5","H8":"5","M8":"5","MQ":"5","JF":"5","QP":"5","QX":"5","PG":"5","M9":"5","QM":"5","JG":"5","JC":"5","MC":"5","RQ":"5","PQ":"5","QQ":"5","J8":"5","HG":"5","MH":"5","RF":"5","JJ":"5","JH":"5","HF":"5","MF":"5","HC":"5","M7":"5","GC":"5","H9":"5","RG":"5"},"9V":{"MH":"5","PJ":"5","V3":"5","JJ":"5","PH":"5"},"RW":{"2F":"5","X4":"5","85":"5"},"HH":{"QP":"5","2W":"5"},"X8":{"C3":"5"},"7X":{"XJ":"5","XG":"5","F8":"5","R9":"5","VG":"5","G8":"5","WF":"5","RC":"5","WC":"5","X9":"5","QC":"5","WG":"5","XH":"5"},"Q7":{"M8":"4","GF":"4","84":"4"},"FX":{"78":"5","FM":"5","RR":"5"},"HX":{"6V":"5","FJ":"5","HP":"5","PG":"5","QJ":"5","RC":"5","VG":"5","GP":"5","VJ":"5","4M":"5","PF":"5","RF":"5","XC":"5","GH":"5","WH":"5","JH":"5","WV":"5","XW":"5","XV":"5","WR":"5","RJ":"5","GQ":"5","FQ":"5","VC":"5","XQ":"5","HF":"5","WP":"5","GG":"5","PH":"5","XR":"5","HR":"5","MJ":"5","QF":"5","P9":"5","7W":"5","HW":"5","7P":"5","WG":"5","WC":"5","5P":"5","QH":"5","CJ":"5","9M":"5","HH":"5","MM":"5","XP":"5","XF":"5","6P":"5","XJ":"5","XH":"5","JQ":"5","7V":"5","WJ":"5","VH":"5","FP":"5","PJ":"5","W9":"5","VV":"5","JX":"5","RR":"5","JG":"5","VF":"5","HG":"5","MH":"5","MG":"5","QC":"5","V9":"5","XM":"5","RH":"5","6R":"5","QG":"5"},"8W":{"GQ":"5","GV":"5","FQ":"5","GP":"5"},"CX":{"99":"5","QG":"5"},"XJ":{"HR":"5","GQ":"5","GV":"5","8C":"5","JX":"5","GR":"5","X8":"5"},"9J":{"89":"5","Q3":"5","9C":"5","87":"5","R5":"5"},"CG":{"XC":"5","X6":"5","W2":"5"},"RQ":{"QM":"5","PQ":"5"},"3J":{"FM":"5","CG":"5"},"WQ":{"4F":"5","89":"5","J9":"5"},"XH":{"RH":"5","72":"5","P4":"5","XH":"5"},"Q6":{"CH":"5","4M":"4","9G":"5","FX":"4","HH":"4","9F":"5","FF":"5"},"7V":{"QW":"5","JC":"5","G9":"5"},"M7":{"H8":"5"},"WJ":{"P2":"5","Q2":"5"},"GJ":{"63":"5"},"VV":{"M3":"5","93":"5"},"QV":{"WF":"5","XH":"5","X9":"5","VH":"5","QJ":"5","WC":"5","WH":"5","QH":"5","VJ":"5","VG":"5","XC":"5","RJ":"5","WG":"5","XG":"5","W9":"5"},"3R":{"FM":"5"},"FG":{"29":"5","6H":"5","3G":"5","7Q":"5","39":"5"},"JX":{"8J":"5","RQ":"5","4F":"5","4J":"5","2V":"5","JP":"5","5Q":"5","2G":"5","39":"5","PR":"5","5R":"5","GC":"5","9M":"5","3P":"5","2F":"5","7P":"5","59":"5","MQ":"5","8M":"5","58":"5","6Q":"5","48":"5","2R":"5","6R":"5","2M":"5","HQ":"5","5M":"5"},"RR":{"V9":"5","W6":"5","V5":"5","9P":"5","W7":"5","V6":"5","R6":"5","R5":"5"},"JG":{"PJ":"5","MF":"5","M6":"5","WQ":"5","45":"5","J4":"5","85":"5"},"M6":{"VC":"4"},"VF":{"CX":"5","3F":"5"},"MH":{"93":"5","57":"5","87":"5"},"8X":{"GJ":"5","4F":"5","4G":"5","F6":"5","9J":"5","3G":"5"},"MG":{"HR":"5","G9":"5"},"6X":{"RH":"5","VG":"5","P7":"5","9F":"5","FF":"5"},"XM":{"9M":"5","P2":"5","X3":"5","MX":"5","W3":"5","W2":"5","C2":"5"},"PX":{"Q6":"5","CG":"5","WF":"5"},"8J":{"4J":"5"},"XG":{"C3":"5","F5":"5"},"3W":{"XV":"5","WQ":"5","XQ":"5"},"5Q":{"MW":"5"},"6W":{"MV":"5","23":"5"},"5W":{"X3":"5"}},"X2":{"XJ":{"77":"5"},"78":{"FW":"5"},"XG":{"9R":"5","CV":"5","CW":"5","8W":"5","9W":"5","9V":"5"},"2M":{"M2":"5"},"XH":{"X5":"5"}},"R2":{"V2":{"M9":"5"},"XP":{"R7":"5","R6":"5"},"9G":{"85":"5"},"9F":{"8P":"5","9H":"5","7M":"5","9P":"5","9V":"5"}},"WF":{"49":{"J9":"5"},"FJ":{"23":"5"},"9G":{"QH":"5","VM":"5"}},"J3":{"Q2":{"HW":"5"},"W4":{"3H":"5","3F":"5","3G":"5"},"M2":{"9M":"5","GQ":"5"},"V6":{"M9":"5","GF":"5"},"Q4":{"FM":"5","R9":"5","44":"5","RC":"5","V8":"5","J9":"5","2W":"5"},"Q5":{"PF":"5"},"V3":{"H5":"5","9X":"5"},"R3":{"35":"5","X6":"5","X7":"5"},"MG":{"64":"5","G3":"5","F2":"5","G2":"5"},"P5":{"X5":"5"},"3H":{"C8":"5","79":"5","98":"5"},"X4":{"93":"5","83":"5","27":"5","C9":"5","94":"5"},"3G":{"HH":"5"},"MF":{"GX":"5","FW":"5","FX":"5","GW":"5"},"V2":{"CQ":"5"}},"P6":{"MP":{"F3":"5"},"96":{"7C":"5"},"95":{"2V":"5","2W":"5"},"83":{"GQ":"5","9G":"5","JP":"5","QQ":"5","JQ":"5","PJ":"5","GP":"5","JM":"5","FQ":"5","MP":"5","HH":"5","HM":"5","FP":"5","MM":"5","PV":"5","JJ":"5","HP":"5","HQ":"5"},"86":{"W2":"5"},"C3":{"CP":"5"},"F6":{"37":"5"},"QP":{"23":"5"},"F4":{"8M":"5","9J":"5"},"85":{"XW":"5","P4":"5"},"94":{"3P":"5","87":"5"},"84":{"XW":"5"},"MM":{"CW":"5"}},"R9":{"FW":{"3C":"5"},"4P":{"JC":"5","QG":"5","FX":"5","9V":"5","CX":"5","CW":"5","9W":"5","GX":"5","6M":"5","PV":"5","MF":"5","MV":"5","9Q":"5"},"5P":{"37":"5","X3":"5","RJ":"5","W3":"5","PF":"5","3C":"5","X4":"5","X5":"5","GW":"5"},"4M":{"7J":"5","H9":"5","HR":"5","JC":"5","8P":"5","89":"5","5C":"5","GR":"5","HC":"5"},"8X":{"F8":"5","F7":"5","65":"5"},"5Q":{"P6":"5","P5":"5","8P":"5","F3":"5","P4":"5","6Q":"5","97":"5"},"PQ":{"MR":"5","6X":"5","MQ":"5","5C":"5","6R":"5"},"6P":{"9F":"5","25":"5","59":"5","H7":"5","M8":"5","8F":"5","23":"5","J9":"5","GH":"5","37":"5","WF":"5","74":"5","4X":"5","8H":"5","P8":"5","97":"5","24":"5","88":"5","35":"5","9C":"5","CM":"5","WM":"5","7C":"5","WC":"5","QH":"5","57":"5","48":"5","XF":"5","98":"5","77":"5","9J":"5","WJ":"5","GJ":"5","78":"5","99":"5","6C":"5","M6":"5","67":"5","89":"5","CH":"5","94":"5","95":"5","J7":"5","69":"5","87":"5"},"PR":{"52":"5","53":"5","5G":"5","94":"5","G9":"5"},"MW":{"RH":"5","RJ":"5"},"5R":{"62":"5","FG":"5","66":"5"},"8P":{"XV":"5"},"CQ":{"PR":"5"},"CP":{"3Q":"5","4R":"5","6R":"5","5R":"5"},"3P":{"WF":"5","R9":"5","VC":"5","VF":"5","RC":"5","VG":"5","XF":"5","WG":"5","RF":"5"},"9V":{"J2":"5","73":"5"},"7P":{"5F":"5","37":"5","5P":"5","4F":"5","4H":"5","4J":"5","8F":"5","3F":"5","5G":"5","3W":"5","97":"5","2X":"5","GX":"5","5J":"5","4G":"5"},"8Q":{"RP":"5","MX":"5","9C":"5","6W":"5","4C":"5","QV":"5"},"8R":{"W4":"5","R3":"5"},"4Q":{"VJ":"5","QW":"5","R9":"5","G3":"5","WR":"5","C2":"5"},"MX":{"QH":"5"},"9X":{"MV":"5","XX":"5","PM":"4","RV":"5","6R":"5","WV":"5","5R":"5"},"WX":{"82":"5","72":"5"},"7Q":{"63":"5","MX":"5","P4":"5"},"JW":{"GJ":"5","FJ":"5"},"6Q":{"35":"5","H9":"5","53":"5","43":"5","55":"5","G9":"5"},"8W":{"46":"5"},"JV":{"8W":"5"},"8V":{"8X":"5","8R":"5","CX":"5","JJ":"5","JH":"5"},"3M":{"H9":"5","VV":"5","PV":"5","PR":"5","HM":"5","WR":"5","J7":"5"},"6M":{"6G":"5","5R":"5","WQ":"5","FJ":"5","77":"5","5F":"5","38":"5","FM":"5","CF":"5","8Q":"5","3M":"5","9P":"5","6P":"5","6X":"5","CR":"5","9R":"5","2G":"5","9G":"5","CV":"5","42":"5","3G":"5","9C":"5","CC":"5","5C":"5","CQ":"5"},"9P":{"RH":"5","8P":"5","HJ":"5","CP":"5","9P":"5","JR":"5"},"PV":{"3J":"5"},"7R":{"M2":"5","Q2":"5","P4":"5"},"HX":{"PP":"5"},"68":{"J3":"5","G3":"5"},"5M":{"W5":"5","WF":"5","RH":"5","V6":"5","PG":"5","Q7":"5","R7":"5","WW":"5","XF":"5","VW":"5","RF":"5","MJ":"5","MF":"5","QM":"5"},"9Q":{"74":"5","X5":"5","R5":"5"}},"93":{"CQ":{"XW":"5","G6":"5"},"2F":{"WM":"5","VM":"5"},"CC":{"6R":"5"},"MQ":{"53":"5"},"JP":{"6J":"5"},"9Q":{"P9":"5"}},"46":{"2J":{"XR":"5"},"GM":{"67":"5","75":"5"},"4F":{"Q6":"5"},"2Q":{"2M":"5"},"GH":{"G7":"5"},"R3":{"95":"5","85":"5"},"6H":{"5Q":"5"},"89":{"32":"5"},"88":{"5X":"5"},"X2":{"73":"5"},"2R":{"76":"5","86":"5","75":"5","GF":"5"},"3H":{"96":"5","9V":"5","8V":"5"},"5C":{"J7":"5"},"3M":{"2J":"5","3J":"5"},"2M":{"R9":"5","VH":"5","Q5":"5","WH":"5","Q9":"5","RC":"5","RG":"5","VG":"5","WJ":"5","RF":"5","XJ":"5"},"C5":{"CM":"5"},"GJ":{"3M":"5"},"3G":{"MV":"5"},"FJ":{"XP":"5","XQ":"5"},"79":{"M5":"5"}},"Q4":{"J3":{"HJ":"5","HF":"5","HM":"5"},"22":{"53":"5"}},"P5":{"CQ":{"3H":"5"},"3Q":{"9H":"5","7F":"5"},"2Q":{"XW":"5","XV":"5"},"FR":{"C9":"5"},"8X":{"WH":"5"},"F2":{"7J":"5"},"6W":{"8H":"5","QV":"5"},"6X":{"PV":"5"},"7V":{"FJ":"5"},"C2":{"V7":"5"}},"47":{"G4":{"W7":"5","W8":"5"},"2F":{"QM":"5","PM":"5","PH":"5"},"H4":{"CJ":"5"}}}}