{"index":{"university,1|retail,2|tourism,3|wreck,4|historical,5|artsCulture,6|namedBuilding,7|water,8|wetland,9|park,10|beach,11|natureReserve,12|cemetery,13|trail,14":{}},"7R":{"P3":{"Q8":{"WF":"5","V8":"5","XH":"5","X9":"5","VC":"5","WC":"5","WH":"5","G9":"5","W8":"5","V9":"5","WG":"5","WJ":"5","XG":"5","W9":"5"},"Q7":{"3Q":"5","2Q":"5","FR":"4","HR":"4","FV":"4","GR":"4"},"P7":{"XQ":"5"}},"56":{"GQ":{"3J":"5"},"FM":{"53":"4","7V":"5","6V":"5"},"FP":{"4M":"5","CX":"5","FX":"5","HH":"5"},"FQ":{"J3":"5","VG":"5","F2":"5","H2":"5","G2":"5","C2":"5"},"7M":{"W5":"5","X6":"5","X7":"5"},"GR":{"M3":"5"},"CJ":{"QW":"5","QX":"5","RM":"5","PM":"5","RX":"5","PQ":"5","RW":"5","PR":"5","QP":"5","MW":"5","QQ":"5","MQ":"5","QV":"5","PP":"5","PV":"5","QR":"5","PW":"5","MV":"5","QM":"5","MR":"5"}},"77":{"2J":{"3C":"5"},"5P":{"64":"5","74":"5","X9":"5","W8":"5"},"6P":{"99":"5","8C":"5","2C":"5","PF":"4","39":"5","6J":"5"},"7R":{"J3":"5","M6":"5","22":"5","P8":"5","G6":"5","J4":"5"}}}}