{"index":{"university,1|retail,2|tourism,3|wreck,4|historical,5|artsCulture,6|namedBuilding,7|water,8|wetland,9|park,10|beach,11|natureReserve,12|cemetery,13|trail,14":{}},"84":{"GR":{"R2":{"CV":"5"},"83":{"WF":"5","R6":"5","R5":"5"},"XV":{"4Q":"5"},"36":{"94":"5"},"C2":{"2X":"5"}},"RV":{"25":{"44":"5"},"V8":{"Q6":"5"},"FR":{"V2":"5","X6":"5"},"42":{"5R":"5","4R":"5","3P":"5","3Q":"5","4Q":"5","5V":"5","2M":"5","6V":"5","2P":"5"},"43":{"Q6":"5","Q8":"5"},"X7":{"P6":"5"},"44":{"Q5":"5"},"X5":{"MH":"5"},"3Q":{"38":"5"},"P2":{"8V":"5"},"7Q":{"GP":"5"},"W6":{"74":"5"},"32":{"XM":"5"},"93":{"6H":"5"},"73":{"9V":"5"},"W9":{"WX":"5"}},"HQ":{"QX":{"QF":"5"},"RM":{"43":"5"},"8X":{"5G":"5"},"PQ":{"VW":"5"},"PR":{"X3":"5","W8":"5"},"QQ":{"2Q":"5"},"3V":{"54":"5","65":"5"},"RJ":{"PF":"5","PG":"5"},"9X":{"8M":"5"},"QR":{"24":"5","23":"5"},"3R":{"3X":"5"}},"MQ":{"CQ":{"M3":"5","P3":"5","9G":"5","M4":"5","J6":"5","JH":"5","GH":"5","J5":"5","P4":"5","CG":"5","P6":"5","P2":"5","M6":"5","GG":"5","P5":"5","HH":"5","MH":"5","FG":"5","M5":"5"},"MR":{"JC":"5","62":"5","72":"5","M9":"5"},"9M":{"XQ":"4"},"8J":{"86":"5"},"4H":{"CM":"5","FG":"5","CJ":"5"},"PV":{"PP":"5","PM":"5","WJ":"5","XH":"5","RJ":"5","MQ":"5","PR":"5","JR":"5","QP":"5","XG":"5","MR":"5","GR":"5","XJ":"5","VP":"5","HR":"5","GQ":"5","QM":"5","JQ":"5","WH":"5","VJ":"5","JP":"5","HQ":"5","RM":"5","RQ":"5","PQ":"5","WM":"5","MP":"5","QQ":"5","VH":"5","QJ":"5","RP":"5","VM":"5","WG":"5"},"8M":{"WG":"5"},"FQ":{"2F":"5"},"3V":{"84":"5"},"9Q":{"9Q":"5"}},"8V":{"XX":{"V8":"5","37":"5","X8":"5","R9":"5","RX":"5","56":"5","C9":"5","4M":"5","JP":"5","X7":"5","VC":"5","GC":"5","GF":"5","8G":"5","RC":"5","W7":"5","W8":"5","XW":"5","V9":"5","GG":"5","HH":"5","CC":"5","F9":"5","FF":"5","HC":"5","7F":"5","W9":"5"},"XW":{"HW":"5","68":"5","XV":"5","JV":"5","PF":"5","JW":"5"},"XV":{"FF":"5"}},"WW":{"X8":{"XJ":"5"},"FW":{"FH":"5"},"XH":{"X3":"5","XM":"5","XV":"5"},"X9":{"V9":"5","XP":"5","X9":"5"},"3C":{"XP":"5"},"X7":{"W5":"5"},"2G":{"CC":"5","C9":"5"},"FX":{"HG":"5","HF":"5","F4":"5","9J":"5"},"3F":{"9P":"5"},"HJ":{"VG":"5"},"X5":{"XQ":"5"},"XC":{"XM":"5"},"XF":{"XG":"5","XF":"5"},"WX":{"6M":"5"},"G7":{"Q6":"5","Q4":"5","R4":"5","Q5":"5","Q3":"5","Q2":"5"},"7Q":{"R6":"5"},"G6":{"PR":"5","QV":"5"},"WG":{"5P":"5"},"89":{"9W":"5"},"2R":{"J4":"5"},"X6":{"WR":"5","WX":"5"},"32":{"M3":"5","J2":"5","J3":"5","M5":"5","M4":"5"},"G2":{"G4":"5","G3":"5","G7":"5","G6":"5","G2":"5","G5":"5"},"XG":{"XG":"5","X3":"5"},"X4":{"XX":"5"},"PV":{"VR":"5"},"4C":{"76":"5"},"75":{"G4":"5"},"73":{"CC":"5"}},"FW":{"49":{"3V":"5"},"43":{"86":"5"},"4H":{"G7":"5","GH":"5"},"4J":{"72":"5","75":"5"},"Q4":{"7X":"5"},"R4":{"9X":"5"},"8R":{"5P":"5","4P":"5"},"V9":{"WM":"5"},"P5":{"H6":"5"},"3H":{"XV":"5","WQ":"5","WR":"5","WV":"5"},"7X":{"7H":"5","7J":"5","5Q":"5"},"P7":{"HW":"5"},"6M":{"8J":"5","98":"5"},"6X":{"32":"5","52":"5","42":"5","33":"5","43":"5"},"4C":{"R4":"5","P7":"5"},"J8":{"XX":"5"},"HC":{"QH":"5"},"75":{"GC":"5"},"6W":{"6H":"5"}},"5X":{"XX":{"MX":"4"},"VV":{"WJ":"5"},"WW":{"FV":"5","FW":"5"},"WR":{"9M":"5","CM":"5"},"WV":{"36":"4"},"XQ":{"J8":"4"}},"VQ":{"2X":{"2W":"5","3W":"5"},"W9":{"78":"5","67":"5"},"RR":{"8X":"5"},"X8":{"7M":"5"},"RQ":{"9M":"5","8J":"5","8M":"5","8P":"5","7M":"5","9P":"5","7J":"5"}},"GX":{"82":{"23":"5"},"2V":{"GR":"5"},"72":{"X2":"5"},"7C":{"6V":"5"}},"9W":{"66":{"G2":"5"},"93":{"37":"5","9C":"5","26":"5","5X":"5","36":"5","85":"5","5R":"5"},"39":{"R6":"5"},"PG":{"CV":"5","CR":"5"},"59":{"8G":"5"},"P3":{"46":"5","M2":"5","6Q":"5","26":"5"},"Q2":{"GC":"5","X6":"5","X5":"5","X7":"5"},"8V":{"2W":"5"},"63":{"8M":"5","86":"5","HF":"5","6V":"5"},"X2":{"48":"5","26":"5"},"83":{"PH":"5","FX":"5","MW":"5","WP":"5","X5":"5","RC":"5","PJ":"5","WQ":"5","V9":"5","MP":"5","GX":"5","8V":"5","MM":"5","FF":"5","99":"5"},"23":{"VX":"5","QV":"5"},"PF":{"3Q":"5","3P":"5"},"M4":{"7H":"5"},"54":{"52":"5","63":"5","62":"5"},"9G":{"97":"5"},"JH":{"JW":"5"},"85":{"XC":"5"},"R5":{"MR":"5","PX":"5","WW":"5","MX":"5","MW":"5","GG":"5","5C":"5"},"74":{"PV":"5","PR":"5","VR":"5","WR":"5"},"M2":{"W9":"5"},"76":{"XH":"5","XQ":"5"},"X4":{"24":"5","35":"5","5P":"5","3P":"5"},"73":{"Q4":"5"},"4G":{"59":"5"},"96":{"W2":"5"},"W5":{"X8":"5"},"32":{"JH":"5","HG":"5","HF":"5","GH":"5","HJ":"5","X3":"5","JG":"5","GG":"5","HH":"5","GJ":"5","JF":"5"},"M3":{"PC":"5"},"X6":{"7H":"5"},"V7":{"RG":"5"},"4C":{"9X":"5"},"3V":{"5F":"5"},"PH":{"PH":"5","PG":"5","W7":"5","58":"5","MG":"5","RF":"5","PF":"5","FP":"5","MH":"5","GJ":"5","MF":"5"},"C3":{"2J":"5","CW":"5","69":"5"},"97":{"HR":"5"},"24":{"XQ":"5"},"M5":{"WJ":"5"},"R6":{"J5":"5","P2":"5","G4":"5","M2":"5","P3":"5","V4":"5","J6":"5","87":"5","F5":"5","97":"5"},"FV":{"CC":"5"},"44":{"XV":"5"},"P2":{"MX":"5"},"C4":{"72":"5"},"H3":{"R9":"5","R8":"5","VM":"5","VJ":"5","WW":"5","X2":"5","W2":"5","RP":"5","XC":"5","WH":"5","VQ":"5","WF":"5","WV":"5","WR":"5","R5":"5","X4":"5","X5":"5","X3":"5","VR":"5","R7":"5","VC":"5","X6":"5","V7":"5","WX":"5","VW":"5","R6":"5","WM":"5","WC":"5","VX":"5","V8":"5","XF":"5","W7":"5","XJ":"5","R2":"5","R4":"5","RQ":"5","XH":"5","WJ":"5","W9":"5","VV":"5","X7":"5","V9":"5","VP":"5","R3":"5","XG":"5"},"JJ":{"G6":"5"},"H2":{"PP":"5","RV":"5","GM":"5","PM":"5","QV":"5","FH":"5","GG":"5","HJ":"5","MQ":"5","RX":"5","GP":"5","FJ":"5","PR":"5","QP":"5","VV":"5","QR":"5","WW":"5","FM":"5","89":"5","JM":"5","HH":"5","JP":"5","PQ":"5","VW":"5","QQ":"5","MP":"5","HG":"5","JJ":"5","RR":"5","HC":"5","MM":"5","QW":"5","WX":"5","GC":"5","RW":"5","GH":"5","HP":"5"},"F2":{"8G":"5","W6":"5","7G":"5","6F":"5","6G":"5","9G":"5"},"27":{"G4":"5","G3":"5"},"53":{"5W":"5","4V":"5","6W":"5","6X":"5","5V":"5","5X":"5","4W":"5"},"G2":{"MR":"5"},"Q3":{"MG":"5","FH":"5","QG":"5","GG":"5","7M":"5","9J":"5","PG":"5","QM":"5","JG":"5","CJ":"5","VF":"5","FG":"5","PH":"5","8M":"5","HG":"5","5M":"5","MH":"5","RF":"5","6J":"5","XF":"5","8J":"5","WF":"5","CH":"5","6M":"5","RG":"5"},"49":{"74":"5"},"H4":{"V2":"5","V5":"5","V3":"5","V6":"5","V4":"5","P7":"5","W2":"5"},"48":{"GX":"5","HW":"5","HX":"5"},"XP":{"24":"5","25":"5"},"G3":{"3Q":"5","H6":"5"},"75":{"H7":"5","M2":"5","5R":"5"},"2C":{"24":"5","5H":"5"},"82":{"XV":"5"},"5F":{"R5":"5"},"C2":{"H9":"5","GC":"5","HC":"5","GF":"5","FF":"5"},"R2":{"2C":"5","29":"5","V7":"5","39":"5"},"CG":{"4J":"5"},"92":{"QF":"5","93":"5","83":"5","VX":"5","4V":"5","2W":"5","3W":"5"},"M7":{"86":"5","7F":"5","58":"5"},"J6":{"FR":"5","WJ":"5","MG":"5","JF":"5"},"V3":{"56":"5","4F":"5","28":"5","76":"5","59":"5","3F":"5","27":"5","48":"5","49":"5","39":"5","77":"5","99":"5","97":"5","65":"5","38":"5","88":"5","55":"5","87":"5","57":"5","89":"5","29":"5","66":"5","36":"5","79":"5","37":"5","98":"5","69":"5","35":"5","JP":"5","45":"5","4C":"5","3G":"5","3C":"5","78":"5","58":"5","67":"5","68":"5","5C":"5","46":"5","CQ":"5","86":"5","47":"5","4G":"5","2C":"5"},"W3":{"R7":"5","6G":"5"},"JX":{"MW":"5"},"55":{"J3":"5","H5":"5","CC":"5","P4":"5","F4":"5","FF":"5","H6":"5"},"43":{"5H":"5","5P":"5","Q3":"5","Q2":"5","9F":"5"},"F4":{"3X":"5"},"M6":{"M3":"5","M2":"5","H8":"5","RW":"5","HJ":"5","J3":"5","JM":"5","RF":"5","3H":"5","FC":"5","MM":"5","J2":"5","JJ":"5","2H":"5"},"62":{"MV":"5","MR":"5","C8":"5","CF":"5","MW":"5","C9":"5","G9":"5"},"38":{"VH":"5","QQ":"5"},"MH":{"WP":"5","X8":"5"},"X7":{"XM":"5"},"QM":{"RM":"5"},"MG":{"GX":"5","4F":"5","58":"5"},"W4":{"2F":"5"},"56":{"FQ":"5"},"89":{"R4":"5","R5":"5"},"V9":{"95":"5"},"XM":{"JQ":"5","HQ":"5","JR":"5"},"P4":{"22":"5"},"58":{"6H":"5"},"94":{"25":"5","37":"5","34":"5","23":"5","44":"5","7W":"5","45":"5","24":"5","35":"5","27":"5"},"R3":{"6G":"5","5G":"5","X9":"5","X7":"5","X8":"5"},"3X":{"VG":"5"},"42":{"RG":"5","8M":"5","9P":"5","57":"5"},"C6":{"4C":"5"},"28":{"JV":"5"},"84":{"P8":"5","PC":"5","H8":"5","W7":"5","M8":"5","X3":"5","P9":"5","F9":"5","M5":"5","M6":"5","Q7":"5","R5":"5","P4":"5","VC":"5","Q6":"5","MV":"5","VF":"5","J4":"5","V4":"5","CR":"5","X4":"5","M2":"5","MC":"5","J8":"5","H3":"5","P3":"5","CC":"5","Q9":"5","M4":"5","Q8":"5","P6":"5","WG":"5","H4":"5","Q5":"5","Q4":"5","P5":"5"},"72":{"PX":"5","4M":"5","QX":"5"},"52":{"X3":"5","M7":"5","4C":"5","X7":"5"}},"GW":{"9M":{"PW":"5"},"Q4":{"M3":"5"},"5W":{"44":"5"},"4V":{"7G":"5"},"CM":{"JX":"5"},"89":{"WR":"5"},"GG":{"8M":"5"},"8Q":{"5H":"5"}},"PW":{"JC":{"HW":"5"},"3P":{"68":"5"},"7C":{"RX":"5"},"3M":{"7Q":"5","3Q":"5","2P":"5","2M":"5","4V":"5","3V":"5","4J":"5","3M":"5","5G":"5","3J":"5","4M":"5","5M":"5","5J":"5","4R":"5","4H":"5","3R":"5","4Q":"5","4P":"5","5H":"5","4G":"5","6M":"5","3P":"5"},"7R":{"CG":"5","CF":"5","FG":"5","FF":"5"}},"WV":{"8P":{"4X":"5"},"9F":{"78":"5","76":"5"},"GR":{"VM":"5","M4":"5"},"66":{"FJ":"5","8Q":"5"},"PG":{"P3":"5","P9":"5"},"H7":{"WG":"5"},"RC":{"W7":"5"},"2X":{"W5":"5","Q2":"5","X8":"5","V5":"5","Q3":"5","X7":"5","R3":"5","W7":"5","R4":"5","P2":"5","V4":"5","W6":"5","C7":"5"},"36":{"H4":"5"},"F6":{"V3":"5"},"G9":{"63":"5","35":"5","8R":"5","7R":"5","6V":"5"},"PF":{"4X":"5","8X":"5","CW":"5","8W":"5","HV":"5"},"C8":{"RW":"5"},"GX":{"GQ":"5","GM":"5","G5":"5","G8":"5","G9":"5","GH":"5","GC":"5","GF":"5","G4":"5","GP":"5","GW":"5","G7":"5","G6":"5","G3":"5","GG":"5","GX":"5","GR":"5","G2":"5","GJ":"5","GV":"5"},"GW":{"GX":"5"},"46":{"VQ":"5","RM":"5","RQ":"5","RH":"5","VH":"5","QJ":"5","RR":"5","VJ":"5","QH":"5","QP":"5","RJ":"5","9X":"5","7Q":"5","7V":"5","VW":"5","VR":"5","8W":"5","8V":"5","PP":"5","QM":"5"},"9Q":{"X6":"5"},"85":{"94":"5"},"68":{"F6":"5","C7":"5","C6":"5"},"GQ":{"25":"5","49":"5","5F":"5","45":"5","47":"5","48":"5","5C":"5","4C":"5","46":"5","35":"5"},"C9":{"54":"5","44":"5","53":"5"},"FQ":{"77":"5","87":"5","W4":"5","Q4":"5","78":"5","J5":"5","P4":"5","X5":"5","R4":"5","H6":"5","V4":"5","F7":"5","G6":"5","58":"5","F6":"5","X4":"5","M5":"5","C7":"5","68":"5"},"X6":{"QH":"5","H5":"5","VQ":"5"},"MR":{"Q9":"5"},"7R":{"Q3":"5"},"88":{"MJ":"5"},"CQ":{"25":"5","53":"5","44":"5","63":"5","26":"5","72":"5","45":"5","82":"5","73":"5","54":"5","35":"5"},"QF":{"3X":"5","9C":"4"},"M5":{"H9":"5","G9":"5"},"47":{"2V":"5","2X":"5","2W":"5"},"CM":{"96":"5","97":"5"},"8Q":{"RV":"5","QV":"5","GG":"5","FF":"5","HJ":"5","5P":"5","6H":"5","6F":"5","HM":"5","PR":"5","JR":"5","99":"5","QR":"5","MR":"5","GJ":"5","88":"5","7C":"5","89":"5","79":"5","98":"5","JQ":"5","JP":"5","FG":"5","5M":"5","6J":"5","VX":"5","GH":"5","6C":"5","HP":"5","6M":"5"},"WM":{"C5":"5","FR":"5","C3":"5"},"WG":{"VX":"5"},"5V":{"VF":"5"},"F2":{"66":"5","39":"5","59":"5","6F":"5","63":"5","36":"5","5G":"5","83":"5","54":"5","37":"5","46":"5","79":"5","68":"5","74":"5","76":"5","73":"5","4G":"5","4C":"5","35":"5","44":"5","47":"5","45":"5","7C":"5","57":"5","53":"5","49":"5","48":"5","3F":"5","5C":"5","34":"5","75":"5","82":"5","4F":"5","5F":"5","65":"5","6C":"5","64":"5","55":"5","43":"5","62":"5","38":"5","67":"5","56":"5","58":"5","42":"5","69":"5","6G":"5","3G":"5","72":"5","3C":"5","52":"5"},"33":{"VH":"5"},"J4":{"VG":"5"},"48":{"24":"5","35":"5","23":"5","25":"5"},"6J":{"R8":"5"},"2Q":{"9W":"5","3J":"4","4W":"5"},"XF":{"6R":"5"},"WQ":{"83":"5"},"2H":{"MW":"5"},"WJ":{"CX":"5"},"G8":{"3G":"5"},"VV":{"9M":"5","FM":"5","FP":"5","CM":"5","FJ":"5","CJ":"5","9J":"5"},"PR":{"68":"5"},"38":{"M5":"5","V4":"5","M4":"5","X4":"5","X5":"5"},"X7":{"V2":"5","VR":"5"},"J5":{"6H":"5"},"58":{"4F":"5","4G":"5","68":"5","69":"5","4C":"5"},"2W":{"FW":"5","PX":"5","8Q":"5","MX":"5","GW":"5","9R":"5","CW":"5","9H":"5","HW":"5","9Q":"5"},"3X":{"5F":"5","FR":"5","4F":"5","3C":"5","FV":"5","39":"5","5G":"5","6H":"5","JX":"5","GW":"5","6G":"5","HW":"5","CR":"5","4C":"5","HX":"5","28":"5","GV":"5"},"CP":{"FW":"5","HR":"5","JP":"5","FV":"5","8X":"5","JQ":"5","9X":"5","CW":"5","9W":"5","GR":"5","HQ":"5","GV":"5"},"QG":{"8P":"5","44":"5","G7":"5","67":"5","3C":"5"}},"XW":{"56":{"WX":"5"},"23":{"27":"5"},"52":{"CW":"5","9V":"5"},"43":{"6X":"5","3V":"5"},"76":{"WH":"5","X8":"5"},"2J":{"2C":"5"},"54":{"J7":"5"},"2P":{"2X":"5","22":"5"},"2M":{"2X":"5","28":"5"},"34":{"HC":"5"},"FP":{"MW":"5","7P":"5","HV":"5"},"GP":{"37":"5"},"7P":{"XP":"5"},"53":{"44":"5","JV":"5"},"9J":{"GJ":"5","FF":"5"},"8G":{"8J":"5","5P":"5","4M":"5","5R":"5"},"87":{"M2":"5"},"5W":{"WF":"5","WC":"5"},"GQ":{"2X":"5"},"2R":{"24":"5","2W":"5"},"9H":{"J3":"5","J4":"5","H4":"5","F5":"5"},"22":{"F2":"5","RC":"5","2H":"5"},"9G":{"4M":"5"},"35":{"G4":"5","G5":"5"},"XP":{"CM":"5"},"HH":{"69":"5","9W":"5","79":"5"},"4C":{"4X":"5"},"42":{"3P":"5"},"PH":{"5Q":"5"},"2X":{"2J":"5","2X":"5"},"VH":{"G5":"5","94":"5"},"QH":{"J2":"5","H5":"5"},"2W":{"2Q":"5","24":"5","2P":"5"},"GV":{"93":"5"}},"XV":{"J9":{"49":"5"},"6G":{"RF":"5"},"52":{"3R":"5"},"43":{"8W":"5","JH":"5","7R":"5"},"28":{"2J":"5","GJ":"5","8W":"5","7W":"5","7V":"5","8V":"5","9X":"5","25":"5"},"76":{"P5":"5","69":"5","79":"5"},"2J":{"2Q":"5","2X":"5","28":"5","XR":"5","C9":"5","25":"5"},"63":{"2Q":"5","3R":"5","CC":"5","4V":"5","3P":"5","3V":"5","H2":"5","5V":"5","4Q":"5","2R":"5","H8":"5","4W":"5"},"2V":{"2F":"5","22":"5","2R":"5","25":"5"},"59":{"57":"5"},"3X":{"W5":"5","V5":"5","W3":"5","W4":"5","R3":"5"},"3F":{"7Q":"5"},"27":{"29":"5","28":"5","JP":"5","27":"5","2P":"5","4P":"5"},"48":{"P6":"5","Q6":"5","95":"5"},"3Q":{"67":"5"},"54":{"76":"5","MX":"5","Q5":"5","75":"5","7Q":"5"},"2P":{"24":"5","W6":"5","2X":"5","89":"5","X6":"5","2M":"5","2P":"5","2H":"5"},"2M":{"VQ":"5","VV":"5","2J":"5","X9":"5","VJ":"5","WP":"5","26":"5","VP":"5","XR":"5","8M":"5","VM":"5","VR":"5","WR":"5","WV":"5"},"5P":{"2X":"5"},"34":{"XJ":"5","38":"5","2J":"5","37":"5","47":"5","WW":"5","48":"5","3H":"5","28":"5","5C":"5","39":"5"},"44":{"2Q":"5","2G":"5","2F":"5","R6":"5"},"2F":{"2G":"5","WW":"5","2M":"5","26":"5"},"6F":{"6G":"5","6V":"5"},"49":{"QR":"5","FG":"5","GG":"5","27":"5","26":"5"},"73":{"RH":"5","RG":"5","RF":"5","XF":"5","HH":"5"},"39":{"VQ":"5","X9":"5","M9":"5","QJ":"5","QG":"5","X7":"5","QH":"5","QF":"5","RC":"5","W7":"5","W6":"5","RF":"5","X6":"5","QM":"5"},"5F":{"2G":"5"},"72":{"38":"5","GX":"5","M2":"5","HP":"5","FX":"5","39":"5"},"99":{"58":"5","3M":"4"},"4V":{"9W":"5"},"53":{"68":"5","56":"5","67":"5","57":"5","66":"5","XQ":"5"},"88":{"93":"5"},"55":{"83":"5","72":"5","W3":"5"},"26":{"H7":"5","2V":"5","8C":"5","F2":"5","2W":"5","85":"5","79":"5"},"4X":{"M3":"5","QF":"5"},"G8":{"96":"5"},"7C":{"JG":"5","RX":"5","CJ":"5"},"29":{"2X":"5","2F":"5","92":"5","23":"5","25":"5"},"2R":{"2Q":"5","27":"5"},"75":{"HG":"5","P6":"5","JG":"5","P5":"5","P4":"5","JH":"5","HH":"5"},"3M":{"32":"5","8M":"5","8F":"5","3C":"5","7X":"5","36":"5"},"36":{"VV":"5","FP":"5","VX":"5","XV":"5","WV":"5","VW":"5"},"82":{"2W":"5"},"37":{"V2":"5","W3":"5","W4":"5","V3":"5","X4":"5"},"5G":{"8G":"5"},"74":{"GQ":"5","G4":"5","JQ":"5","GV":"5","GP":"5","3P":"5","HX":"5"},"2G":{"5X":"5","4P":"5","5P":"5","2J":"5","4J":"5","23":"5","3P":"5","2F":"5","CG":"5","3J":"5","5J":"5","2M":"5","6V":"5","2P":"5","6W":"5","27":"5","5M":"5"},"83":{"8J":"4","42":"5","M7":"5","F3":"5","3H":"5","5C":"5","3J":"5"},"WH":{"PR":"5"},"3J":{"4X":"5","69":"5","2P":"5"},"35":{"3Q":"5","5P":"5","5M":"5","58":"5","9G":"5","9F":"5","97":"5"},"2Q":{"Q6":"5","8J":"5","Q5":"5","2X":"5","2M":"5","29":"5","28":"5"},"24":{"WC":"5","X8":"5","W8":"5"},"94":{"7V":"5"},"45":{"CX":"5","7X":"5","4Q":"5"},"4C":{"X4":"5"},"2H":{"2F":"5","26":"5","2W":"5"},"3G":{"55":"5","5J":"5"},"3C":{"HG":"5","FW":"5","P4":"5"},"8M":{"9W":"5","3P":"5"},"2X":{"2J":"5","2C":"5"},"HG":{"FM":"5"},"25":{"M3":"5","G8":"5","CX":"5","FJ":"5","H4":"5"},"64":{"93":"5","83":"5","C3":"5","M5":"5","QQ":"5","94":"5","C2":"5"},"6J":{"CQ":"5","GV":"4","HW":"5"},"62":{"RM":"5","PM":"5","RH":"5","QJ":"5","QG":"5","G5":"5","PQ":"5","QP":"5","9M":"5","8Q":"5","9J":"5","RJ":"5","G6":"5","C4":"5","7V":"5","8M":"5","F6":"5","F5":"5","MH":"5","PP":"5","MM":"5","MJ":"5","QM":"5"},"J7":{"48":"5"},"2W":{"22":"5","2R":"5"},"CC":{"VW":"5"},"5C":{"X8":"5","Q6":"5","9G":"5","W4":"5","X9":"5","XV":"5","C6":"5","W3":"5","G3":"5","CC":"5","9H":"5","X4":"5"},"4P":{"R8":"5","Q8":"5","Q7":"5"},"93":{"R4":"5","C2":"5"},"46":{"2V":"5","2X":"5","5P":"5","2W":"5","5Q":"5"},"5H":{"WR":"5"},"F8":{"GG":"5"},"47":{"38":"5","24":"5","22":"5","HP":"5","23":"5","5J":"5"},"3P":{"MR":"5","JV":"5","25":"5"},"2C":{"2C":"5","2R":"5"}},"CV":{"C8":{"X8":"5"},"23":{"M5":"5"},"9F":{"27":"5"},"6G":{"7V":"5"},"52":{"RW":"5","QW":"5","RV":"5","QV":"5"},"76":{"23":"5","39":"5"},"2J":{"4W":"5","5P":"5","4M":"5","2V":"5","4Q":"5","3X":"5","6M":"5","2P":"5","4V":"5","5M":"5"},"2V":{"77":"5","96":"5","87":"5","83":"5","78":"5","84":"5","97":"5","G6":"5","2X":"5","X6":"5","C5":"5","93":"5","MF":"4","7F":"5","C7":"5","94":"5","C3":"4"},"F9":{"G7":"5"},"3X":{"5C":"5","4C":"5"},"3Q":{"X3":"5","3X":"4","3W":"5","X2":"5"},"7M":{"45":"5"},"2M":{"32":"5"},"5P":{"86":"4","87":"4"},"34":{"XX":"4"},"2F":{"WV":"5"},"7P":{"QG":"5","QF":"5"},"5F":{"W3":"5"},"97":{"VJ":"5"},"7G":{"VV":"5","XV":"5"},"87":{"GV":"5","CW":"5","FW":"5","CX":"5","FX":"5"},"3V":{"46":"5"},"2R":{"VQ":"5","W8":"5","VP":"5","XQ":"5"},"66":{"X5":"5"},"79":{"4V":"5"},"6P":{"VG":"5"},"JC":{"36":"5"},"22":{"HQ":"5"},"G2":{"24":"5","23":"5"},"69":{"P9":"5"},"F7":{"4H":"5","H8":"5","5R":"5","HF":"5","GC":"5","GF":"5","5V":"5","6R":"5","4V":"5"},"HH":{"85":"5"},"8X":{"PM":"5"},"C5":{"2G":"5","42":"5"},"RQ":{"8R":"5","8Q":"5"},"W9":{"X7":"5"},"8P":{"2C":"5","GG":"5","3C":"5"},"25":{"RX":"5"},"HF":{"54":"5","55":"5"},"3R":{"2V":"5","3V":"5","2R":"5","6C":"5","3W":"5"},"2W":{"46":"5"},"CH":{"GW":"5"},"6V":{"WH":"5","68":"5","XH":"5"},"4Q":{"32":"5","22":"5","33":"5","23":"5"},"4P":{"5R":"5","3X":"5","3Q":"5","5P":"5","3W":"5","4V":"5","3V":"5","2R":"5","2Q":"5","4M":"5","5V":"5","2X":"5","5M":"5","4R":"5","3R":"5","2W":"5","4Q":"5","4P":"5","5Q":"5","3P":"5"},"H4":{"J9":"5"},"C7":{"XJ":"5","VJ":"5","QH":"5","VH":"5","RF":"5","WJ":"5"},"C4":{"4X":"5"},"FX":{"RW":"5"},"3P":{"XX":"5","XW":"5","XQ":"5"}},"WR":{"CP":{"Q4":"5"},"C8":{"9R":"5"},"J9":{"V9":"5"},"P8":{"XV":"5","PC":"5"},"9F":{"QH":"5","J9":"5"},"W7":{"FM":"5","8P":"5","FJ":"5"},"MJ":{"22":"5"},"96":{"WM":"5"},"CM":{"66":"5","96":"5","JC":"5","MW":"5","95":"5","F4":"5","MC":"5","32":"5"},"QV":{"78":"5"},"QG":{"9Q":"5"},"FH":{"2G":"5","3H":"5","7C":"5","M4":"5"},"8F":{"V2":"5","65":"4"},"R7":{"3M":"5"},"Q7":{"GV":"5","HQ":"5","HV":"5"},"FJ":{"62":"5","V8":"5","5F":"5"},"97":{"4F":"5","HF":"5","HP":"5"},"GJ":{"64":"5","P5":"5","57":"5"},"88":{"FH":"5"},"FM":{"4F":"5","68":"5","9C":"5","XP":"5","V3":"5","5R":"5"},"QX":{"P3":"5"},"PG":{"F3":"5"},"M9":{"QW":"5","3P":"5","H8":"5"},"HR":{"QW":"5","QX":"5","VV":"5","RX":"5","VX":"5","RW":"5","MW":"5","PX":"5","MX":"5","VW":"5","RV":"5","QV":"5","PV":"5","PW":"5"},"89":{"86":"5","6W":"4"},"CJ":{"CP":"5","PP":"5","9M":"5","FQ":"5","FH":"5","7M":"5","5P":"5","6Q":"5","7P":"5","HM":"5","6F":"5","FJ":"5","GJ":"5","9J":"5","88":"5","FM":"5","CF":"5","92":"5","8Q":"5","GQ":"5","CJ":"5","9P":"5","6P":"5","9H":"5","H6":"5","MP":"5","8P":"5","5M":"5","5J":"5","PF":"5","CH":"5","4P":"5","C7":"5","5H":"5","5Q":"5","CG":"5","6C":"5","H9":"5","CQ":"5","7H":"5","86":"5","HP":"5","6M":"5"},"R6":{"JP":"5"},"98":{"QW":"5"},"VG":{"22":"5"},"QF":{"C5":"5","4F":"5","4G":"5","8R":"5","49":"5","3G":"5"},"WH":{"8G":"5"},"GX":{"PM":"5"},"X5":{"WH":"5","WC":"5","VM":"5","RR":"5","XH":"5"},"F7":{"RP":"5","56":"5","WQ":"5","MM":"5"},"HV":{"89":"5","W6":"5","FC":"5","J4":"5","V2":"5","C8":"5","H6":"5","V8":"5","G7":"5","W5":"5","M7":"5","M8":"5","H4":"5","GC":"5","P3":"5","J3":"5","H8":"5","V3":"5","Q3":"5","H9":"5","R3":"5","H3":"5","V7":"5","M5":"5","FF":"5","P4":"5","G9":"5","P7":"5","F7":"5","C9":"5","V5":"5","X9":"5","Q6":"5","P5":"5","CC":"5","X7":"5","W4":"5","M3":"5","Q7":"5","H2":"5","R5":"5","98":"5","R2":"5","8C":"5","J6":"5","X8":"5","P9":"5","W9":"5","J9":"5","9C":"5","P2":"5","F8":"5","H5":"5","Q2":"5","8F":"5","Q5":"5","W3":"5","99":"5","R4":"5","97":"5","H7":"5","Q4":"5","M9":"5","P8":"5","J7":"5","J2":"5","87":"5","9F":"5","J8":"5","C7":"5","M2":"5","R7":"5","J5":"5","GF":"5","W7":"5","V6":"5","M6":"5","M4":"5","CF":"5","G8":"5","W8":"5","P6":"5","HC":"5","F9":"5","HF":"5","R6":"5","X6":"5","88":"5","V4":"5"},"HH":{"GV":"5","G2":"5"},"FG":{"9M":"5","3X":"5","3R":"5","7P":"5"},"PH":{"4P":"5"},"5V":{"24":"5","JQ":"5","JR":"5"},"MP":{"C7":"4","97":"4"},"9C":{"RW":"5"},"HG":{"5M":"5","6M":"5","7J":"5","5R":"5"},"VH":{"23":"5"},"MH":{"36":"5"},"JJ":{"X2":"5"},"4H":{"8J":"5","46":"5","88":"5","C7":"5"},"XF":{"C2":"5"},"RP":{"76":"5"},"JH":{"63":"5","62":"5","73":"5"},"MF":{"P8":"4"},"3R":{"VG":"5"},"VM":{"96":"5","CJ":"5","87":"5","94":"5"},"Q9":{"27":"5"},"CH":{"H7":"5","J2":"5","HG":"5","8X":"4","PV":"5","CX":"5","HC":"5","CJ":"5","JP":"5","PH":"5","J6":"5"},"R9":{"7Q":"5"},"C7":{"PM":"5"},"93":{"HH":"5"},"Q4":{"C4":"5"},"CG":{"MH":"5","HR":"5","MW":"5","WM":"5","W3":"5","MG":"5","JW":"5","PG":"5"},"GH":{"9J":"5"},"FX":{"CP":"5","7Q":"5","C8":"5","9F":"5","6G":"5","9Q":"5","5R":"5","9X":"5","9M":"5","7W":"5","CM":"5","7J":"5","7M":"5","8F":"5","5P":"5","6Q":"5","6H":"5","7P":"5","6F":"5","5F":"5","99":"5","4V":"5","9J":"5","7G":"5","8G":"5","9V":"5","5W":"5","4X":"5","4J":"5","CF":"5","7C":"5","8Q":"5","89":"5","5X":"5","7V":"5","CJ":"5","7X":"5","9P":"5","6P":"5","7R":"5","6X":"5","5G":"5","CR":"5","9R":"5","9H":"5","6W":"5","9G":"5","CV":"5","8V":"5","4M":"5","8X":"5","C9":"5","5V":"5","8R":"5","8M":"5","4W":"5","9C":"5","8P":"5","8H":"5","5M":"5","7F":"5","5J":"5","4R":"5","4H":"5","6J":"5","9W":"5","6R":"5","8J":"5","CC":"5","8C":"5","CH":"5","5C":"5","6V":"5","4Q":"5","4P":"5","5Q":"5","5H":"5","CG":"5","6C":"5","CQ":"5","7H":"5","4G":"5","8W":"5","6M":"5"},"CQ":{"C5":"5","F6":"5","C6":"5","GF":"5","FF":"5","C4":"5"}},"HV":{"9M":{"82":"5"},"P9":{"J7":"5"},"XJ":{"PP":"5","MP":"5","FM":"5","PX":"5","CG":"5","CF":"5","FH":"5","PR":"5","HM":"5","PQ":"5","HP":"5","CH":"5","JM":"5","FJ":"5","QX":"5","JP":"5","GM":"5"},"9J":{"RH":"5","QG":"5","QH":"5","VJ":"5","PG":"5","RJ":"5","WJ":"5","XJ":"5"},"8G":{"9C":"5"},"89":{"GR":"5"},"GQ":{"V9":"5"},"XQ":{"V8":"5","R9":"5","X7":"5","QF":"5","RC":"5","W7":"5","W8":"5","V9":"5","QC":"5","PF":"5","MC":"5","MF":"5"},"CJ":{"2J":"5","2H":"5"},"VF":{"XR":"5"},"WC":{"2J":"5"},"VG":{"R9":"5","Q9":"5"},"WH":{"G4":"5","F3":"5","G3":"5","F2":"5","92":"5","H4":"5","C2":"5"},"4M":{"XH":"5"},"8M":{"HC":"5"},"4W":{"62":"5"},"H3":{"X8":"5"},"8P":{"MW":"5"},"XM":{"P8":"5","WJ":"5","J5":"5","M5":"5","QG":"5","Q3":"5","QC":"5","P4":"5","XJ":"5","Q6":"5","RH":"5","P7":"5","QF":"5","VJ":"5","P2":"5","J6":"5","WM":"5","P3":"5","XM":"5","VH":"5","RF":"5","J7":"5","Q9":"5","M4":"5","Q8":"5","P6":"5","Q5":"5","Q4":"5","RG":"5"},"WG":{"8X":"5","8R":"5","8W":"5","6Q":"5","2M":"5","8V":"5","8Q":"5","7Q":"5","9X":"5","5Q":"5"}},"FR":{"9C":{"2V":"5","2W":"5"},"56":{"VV":"5"},"5Q":{"7R":"5"},"CP":{"CF":"5","7C":"5"},"CJ":{"3X":"5"},"86":{"42":"5","53":"5","43":"5"},"4Q":{"XV":"5","XR":"5","XQ":"5"},"W6":{"9P":"5"},"8M":{"9R":"5"},"F6":{"25":"5"},"6R":{"48":"5","CC":"5"},"C5":{"VV":"5"},"PP":{"HX":"5"},"28":{"22":"5"}},"XX":{"49":{"JG":"5","PJ":"5"},"25":{"2X":"5"},"2G":{"29":"5"},"2Q":{"2G":"5"},"23":{"2Q":"5"},"2C":{"2X":"5","23":"5","2R":"5"},"9V":{"4F":"5","5G":"5"},"2F":{"2G":"5"},"26":{"2Q":"5","VW":"5"},"R4":{"9H":"5","9J":"5"},"CG":{"X3":"5"},"22":{"2W":"5"},"F7":{"P7":"5"},"24":{"2Q":"5"},"9W":{"4H":"5","4G":"5","5F":"5","3G":"5"},"5C":{"7F":"5"},"2M":{"2F":"5","22":"5"},"CF":{"63":"5","9H":"5","CM":"5","9C":"5","C6":"5","9G":"5"},"29":{"23":"5"},"2P":{"28":"5"},"FF":{"5W":"5","3R":"5","FW":"5","5R":"5"},"FG":{"H9":"5","HC":"5"},"2H":{"2C":"5","2W":"5"},"28":{"2J":"5","22":"5","28":"5"}},"GQ":{"JQ":{"8X":"5","7W":"5","6W":"5","5V":"5","7X":"5","6V":"5"},"HJ":{"CX":"5"},"XV":{"GP":"5"},"6M":{"JG":"5"},"RR":{"99":"5","5M":"5","4V":"5","2M":"5","C9":"5"},"QQ":{"8G":"5","8J":"5","9M":"5","8M":"5","8H":"5","9H":"5","CM":"5","CJ":"5","9J":"5"},"2W":{"FJ":"5","CJ":"5"}},"JV":{"49":{"GR":"5","RM":"5"},"WF":{"V2":"5"},"C2":{"GF":"5"},"4W":{"X8":"5","C2":"5","96":"5","X7":"5","92":"5","X5":"5","X3":"5","97":"5","C6":"5","C4":"5","X6":"5","C5":"5","G2":"5","93":"5","X4":"5","98":"5","94":"5","F2":"5"},"4P":{"9F":"5","J3":"5","66":"5","4H":"5","4M":"5","36":"5","5H":"5","5X":"5","CF":"5","M4":"5","9R":"5","9W":"5","9G":"5","46":"5","9Q":"5","76":"5","26":"5","M3":"5","4X":"5","8H":"5","9P":"5","3V":"5","2V":"5","4W":"5","97":"5","J2":"5","M5":"5","9C":"5","7W":"5","5J":"5","9H":"5","9V":"5","7J":"5","CJ":"5","7H":"5","4J":"5","9M":"5","6J":"5","98":"5","7M":"5","8W":"5","77":"5","9J":"5","CG":"5","5M":"5","6M":"5","J6":"5","99":"5","M6":"5","56":"5","2R":"5","7G":"5","6X":"5","CH":"5","87":"5","3W":"5","6W":"5"},"5P":{"5F":"5","66":"5","56":"5","42":"5","53":"5","64":"5","63":"5","5G":"5","6H":"5","59":"5","52":"5","58":"5","57":"5","5C":"5","6G":"5","32":"5","65":"5"},"96":{"49":"5"},"4M":{"MX":"5","3P":"5","9F":"5","GR":"5","RV":"5","86":"5","63":"5","4M":"5","36":"5","8R":"5","9R":"5","54":"5","37":"5","46":"5","PW":"5","WV":"5","9Q":"5","XV":"5","85":"5","WR":"5","HV":"5","FR":"5","74":"5","6Q":"5","CR":"5","QX":"5","MW":"5","XR":"5","88":"5","9C":"5","8Q":"5","HW":"5","45":"5","5P":"5","2P":"5","QW":"5","27":"5","53":"5","RW":"5","7Q":"5","4P":"5","98":"5","75":"5","VV":"5","99":"5","JX":"5","64":"5","55":"5","43":"5","JW":"5","RX":"5","GV":"5","87":"5","28":"5","5Q":"5"},"2V":{"M3":"5","J9":"5","PP":"5","FV":"5","PM":"5","H8":"5","MJ":"5","J5":"5","FQ":"5","F9":"5","FF":"5","F4":"5","JF":"5","C3":"5","FP":"5","FJ":"5","QP":"5","C2":"5","FR":"5","VP":"5","FM":"5","G6":"5","G9":"5","G8":"5","CF":"5","VQ":"5","JG":"5","F5":"5","CJ":"5","J4":"5","JC":"5","H6":"5","F7":"5","M2":"5","H7":"5","P2":"5","RQ":"5","J6":"5","WM":"5","QQ":"5","XM":"5","JJ":"5","JH":"5","F6":"5","MM":"5","FC":"5","CH":"5","G5":"5","M4":"5","F3":"5","GV":"5","WP":"5","CG":"5","F8":"5","GW":"5","H9":"5"},"8H":{"9M":"5"},"WH":{"43":"5"},"WC":{"69":"5"},"64":{"23":"5"},"5R":{"25":"5","83":"5","92":"5","55":"5","74":"5","26":"5","45":"5","93":"5","75":"5","73":"5","65":"5","35":"5"},"2Q":{"M3":"5","X3":"5","96":"5","W2":"5","C6":"5","27":"5","J2":"5","V2":"5","Q3":"5","97":"5","VV":"5","P4":"5","26":"5","57":"5","H2":"5","H5":"5","W3":"5","F5":"5","36":"5","J4":"5","37":"5","H6":"5","X4":"5","M2":"5","Q2":"5","MX":"5","VW":"5","P3":"5","58":"5","R3":"5","F6":"5","R2":"5","G5":"5","J3":"5","M4":"5","VX":"5","WX":"5","H4":"5","47":"5"},"67":{"2J":"5","4H":"5","4J":"5","2G":"5","2Q":"5","3J":"5","3H":"5","3M":"5","2M":"5","2P":"5","3G":"5","4G":"5","2H":"5"},"4R":{"5V":"5","4V":"5","32":"5","FC":"5","J4":"5","F3":"5","GR":"5","C8":"5","H6":"5","V8":"5","RH":"5","G2":"5","M7":"5","H4":"5","HQ":"5","3H":"5","C5":"5","QJ":"5","JH":"5","FW":"5","HH":"5","G3":"5","C3":"5","H3":"5","QH":"5","FF":"5","36":"5","P7":"5","F2":"5","C9":"5","C4":"5","JJ":"5","24":"5","CC":"5","X7":"5","Q7":"5","5X":"5","CX":"5","45":"5","3V":"5","VJ":"5","H2":"5","G5":"5","FG":"5","33":"5","JM":"5","44":"5","J6":"5","GV":"5","GH":"5","34":"5","RJ":"5","HR":"5","2Q":"5","G6":"5","FH":"5","3G":"5","46":"5","MJ":"5","C2":"5","R8":"5","35":"5","H7":"5","Q8":"5","F5":"5","P8":"5","C7":"5","HP":"5","5W":"5","R7":"5","25":"5","J5":"5","JP":"5","W7":"5","M6":"5","HV":"5","2R":"5","W8":"5","GW":"5","CW":"5","PJ":"5","G4":"5","42":"5","X6":"5","C6":"5","2G":"5","2V":"5"},"3V":{"W8":"5","8P":"5","J3":"5","P6":"5","86":"5","59":"5","V6":"5","F8":"5","H7":"5","GP":"5","P5":"5","2J":"5","P7":"5","83":"5","CF":"5","8M":"5","2G":"5","M4":"5","G7":"5","GH":"5","9G":"5","2M":"5","Q8":"5","CV":"5","85":"5","79":"5","R5":"5","68":"5","F3":"5","4G":"5","96":"5","R7":"5","FQ":"5","CR":"5","HF":"5","M3":"5","X6":"5","V7":"5","4C":"5","C3":"5","J2":"5","G4":"5","88":"5","CQ":"5","M5":"5","R6":"5","CW":"5","H9":"5","GM":"5","V8":"5","CC":"5","H6":"5","9H":"5","2F":"5","9M":"5","HH":"5","49":"5","3H":"5","X8":"5","F9":"5","3F":"5","G3":"5","5C":"5","Q7":"5","82":"5","4F":"5","C2":"5","77":"5","R2":"5","9J":"5","R4":"5","CG":"5","2H":"5","GJ":"5","FP":"5","G8":"5","FC":"5","78":"5","HG":"5","67":"5","W6":"5","89":"5","HC":"5","H5":"5","H8":"5","V2":"5","G5":"5","58":"5","R3":"5","95":"5","69":"5","87":"5","3G":"5","84":"5","3C":"5"},"3P":{"8P":"5","9F":"5","GR":"5","P6":"5","MC":"5","HP":"5","4H":"5","RC":"5","M8":"5","GP":"5","63":"5","8R":"5","P7":"5","83":"5","5H":"5","GF":"5","CF":"5","2G":"5","M4":"5","GH":"5","GX":"5","9G":"5","GW":"5","Q8":"5","9Q":"5","FR":"5","RG":"5","Q9":"5","M2":"5","GQ":"5","C9":"5","6Q":"5","73":"5","4G":"5","96":"5","XQ":"5","3Q":"5","M3":"5","HM":"5","X6":"5","GG":"5","9P":"5","P8":"5","XR":"5","97":"5","MJ":"5","QF":"5","FV":"5","P2":"5","M9":"5","CM":"5","8Q":"5","GM":"5","JJ":"5","CC":"5","J4":"5","7H":"5","9M":"5","FF":"5","H4":"5","7Q":"5","3H":"5","FM":"5","F9":"5","XP":"5","2Q":"5","Q7":"5","98":"5","FX":"5","JP":"5","XJ":"5","XH":"5","Q6":"5","4Q":"5","2H":"5","VH":"5","GJ":"5","MF":"5","FC":"5","99":"5","62":"5","MH":"5","MG":"5","QC":"5","H5":"5","7G":"5","22":"5","8G":"5","XM":"5","94":"5","GV":"5","JM":"5","95":"5","RH":"5","XG":"5","QG":"5","84":"5","5Q":"5","6H":"5","52":"5"},"84":{"9G":"5","8F":"5","JH":"5","HG":"5","HF":"5","GH":"5","GC":"5","GF":"5","8G":"5","HJ":"5","9F":"5","CG":"5","JG":"5","GG":"5","HH":"5","HM":"5","FC":"5","FH":"5","7G":"5","CF":"5","GJ":"5","FF":"5","FG":"5","7F":"5","HP":"5","HQ":"5"},"3Q":{"FJ":"5","8P":"5","Q4":"5","9F":"5","RV":"5","FH":"5","PG":"5","R8":"5","H7":"5","RC":"5","M8":"5","MQ":"5","8V":"5","X2":"5","P5":"5","36":"5","F5":"5","8F":"5","8R":"5","G6":"5","F6":"5","J9":"5","G9":"5","RF":"5","PF":"5","8M":"5","G7":"5","XC":"5","GH":"5","9R":"5","WH":"5","WF":"5","46":"5","JF":"5","Q8":"5","9Q":"5","CV":"5","79":"5","68":"5","F3":"5","X3":"5","R7":"5","JC":"5","CR":"5","QX":"5","HM":"5","4X":"5","J8":"5","9P":"5","P8":"5","97":"5","24":"5","88":"5","35":"5","CW":"5","9C":"5","47":"5","M9":"5","7W":"5","8Q":"5","WG":"5","WC":"5","V8":"5","F2":"5","CC":"5","PQ":"5","57":"5","9H":"5","7J":"5","7H":"5","PC":"5","9M":"5","Q3":"5","RW":"5","MM":"5","F9":"5","Q7":"5","7X":"5","XF":"5","C7":"5","34":"5","98":"5","7M":"5","CX":"5","8W":"5","XJ":"5","9J":"5","GC":"5","XH":"5","F7":"5","GJ":"5","QQ":"5","V3":"5","G8":"5","MF":"5","FC":"5","W9":"5","W3":"5","HJ":"5","F4":"5","RR":"5","MP":"5","VF":"5","8X":"5","MG":"5","89":"5","QC":"5","HC":"5","V9":"5","7G":"5","RX":"5","8G":"5","H8":"5","P4":"5","CH":"5","58":"5","JM":"5","R3":"5","3X":"5","QR":"5","69":"5"},"4Q":{"6V":"5","29":"5","8P":"5","9F":"5","66":"5","4H":"5","39":"5","F8":"5","6F":"5","63":"5","36":"5","FW":"5","8F":"5","2J":"5","8R":"5","G6":"5","5G":"5","5H":"5","5X":"5","F6":"5","23":"5","CF":"5","8M":"5","2G":"5","G7":"5","9R":"5","GX":"5","37":"5","9G":"5","GW":"5","46":"5","7F":"5","CV":"5","FR":"5","4G":"5","CR":"5","4X":"5","8H":"5","9P":"5","7R":"5","G4":"5","CQ":"5","FV":"5","9C":"5","CW":"5","7W":"5","8Q":"5","CC":"5","57":"5","53":"5","9H":"5","33":"5","7H":"5","2F":"5","4J":"5","9M":"5","3H":"5","F9":"5","3F":"5","G3":"5","7X":"5","CX":"5","5F":"5","9J":"5","3J":"5","7V":"5","G8":"5","FC":"5","43":"5","62":"5","38":"5","67":"5","56":"5","7G":"5","6X":"5","G5":"5","CP":"5","6G":"5","3G":"5","28":"5","3C":"5","6H":"5","52":"5"},"9J":{"79":"5"},"5W":{"56":"5","23":"5","28":"5","33":"5","M8":"5","P9":"5","M5":"5","RJ":"5","M6":"5","RC":"5","73":"5","65":"5","QC":"5","38":"5","55":"5","57":"5","RH":"5","92":"5","M9":"5","P7":"5","36":"5","VF":"5","J4":"5","G3":"5","82":"5","37":"5","74":"5","83":"5","VG":"5","22":"5","G2":"5","G4":"5","VJ":"5","32":"5","RF":"5","64":"5","VM":"5","Q9":"5","M7":"5","M4":"5","P6":"5","H4":"5","46":"5","47":"5","RG":"5"},"C4":{"XC":"5"},"5V":{"GX":"5","3X":"5","CX":"5","FX":"5","9X":"5"},"58":{"Q2":"5"},"57":{"XR":"5","RV":"5","WJ":"5","XH":"5","QV":"5","RX":"5","WQ":"5","QR":"5","VV":"5","XG":"5","WW":"5","XJ":"5","VP":"5","VR":"5","QX":"5","VQ":"5","XQ":"5","XX":"5","WV":"5","VG":"5","WH":"5","XP":"5","VJ":"5","WR":"5","XW":"5","XV":"5","RQ":"5","WM":"5","VW":"5","QQ":"5","XM":"5","VH":"5","RR":"5","RP":"5","VM":"5","VX":"5","QW":"5","WX":"5","RW":"5","WP":"5"},"F6":{"76":"5"},"7C":{"M7":"5"},"F5":{"CX":"5"},"2R":{"W6":"5","FC":"5","PQ":"5","GG":"5","CV":"5","Q9":"5","X3":"5","P3":"5","QJ":"5","QM":"5","9Q":"5","JH":"5","VC":"5","R9":"5","V3":"5","HH":"5","Q3":"5","R3":"5","X2":"5","QH":"5","FF":"5","RC":"5","QF":"5","PW":"5","8P":"5","X4":"5","CC":"5","X7":"5","X5":"5","9M":"5","W2":"5","9P":"5","9H":"5","CX":"5","9W":"5","RM":"5","9X":"5","QG":"5","R5":"5","WC":"5","RF":"5","9R":"5","X8":"5","8G":"5","W9":"5","9V":"5","GH":"5","9C":"5","P2":"5","Q2":"5","8F":"5","PR":"5","QW":"5","W3":"5","QR":"5","R4":"5","R8":"5","GJ":"5","9J":"5","HG":"5","9F":"5","QC":"5","M2":"5","R7":"5","8Q":"5","9G":"5","GF":"5","W7":"5","PX":"5","PF":"5","W8":"5","QQ":"5","RP":"5","CW":"5","QP":"5","R6":"5","X6":"5","QV":"5","V4":"5"},"3M":{"CP":"5","7Q":"5","J9":"5","P8":"5","9F":"5","9Q":"5","2J":"5","W7":"5","9M":"5","59":"5","P9":"5","CM":"5","R8":"5","3X":"5","FF":"5","8F":"5","2M":"5","R7":"5","7P":"5","X8":"5","3W":"5","9J":"5","26":"5","VP":"5","8G":"5","57":"5","9V":"5","5W":"5","4X":"5","G9":"5","CF":"5","7C":"5","VQ":"5","8Q":"5","M9":"5","3M":"5","5X":"5","36":"5","79":"5","6P":"5","37":"5","JC":"5","9R":"5","9H":"5","R6":"5","2G":"5","V7":"5","9G":"5","CV":"5","69":"5","XP":"5","4M":"5","FG":"5","2H":"5","GF":"5","RQ":"5","2X":"5","78":"5","4W":"5","8P":"5","5M":"5","7F":"5","58":"5","W8":"5","67":"5","68":"5","Q8":"5","GC":"5","4P":"5","PX":"5","WP":"5","CG":"5","6C":"5","H9":"5","47":"5","6M":"5"},"82":{"7M":"5"},"2M":{"7Q":"5","RV":"5","2J":"5","XH":"5","8F":"5","2M":"5","6Q":"5","7P":"5","QP":"5","VV":"5","QR":"5","VP":"5","8G":"5","7C":"5","7V":"5","79":"5","7R":"5","9H":"5","9G":"5","8V":"5","8X":"5","2H":"5","VW":"5","WM":"5","QQ":"5","8M":"5","8P":"5","8H":"5","XM":"5","RR":"5","RP":"5","6R":"5","VM":"5","8J":"5","8C":"5","8W":"5"},"4V":{"29":"5","8P":"5","93":"5","4H":"5","86":"5","6F":"5","63":"5","FW":"5","8R":"5","5G":"5","5H":"5","8M":"5","9R":"5","GX":"5","37":"5","GW":"5","7F":"5","CV":"5","79":"5","68":"5","74":"5","76":"5","73":"5","4G":"5","26":"5","CR":"5","9P":"5","88":"5","CW":"5","CM":"5","C4":"5","8Q":"5","5J":"5","GM":"5","7C":"5","27":"5","7J":"5","9V":"5","7H":"5","9M":"5","FM":"5","3F":"5","5C":"5","98":"5","75":"5","2C":"5","4F":"5","5F":"5","C2":"5","77":"5","65":"5","92":"5","GJ":"5","78":"5","99":"5","6C":"5","64":"5","62":"5","8C":"5","89":"5","7G":"5","94":"5","8J":"5","69":"5","87":"5","6G":"5","28":"5","3C":"5","52":"5"},"2P":{"8P":"5","HP":"5","93":"5","GP":"5","X2":"5","83":"5","CF":"5","VQ":"5","X4":"5","X3":"5","96":"5","JV":"5","VR":"5","XQ":"5","9P":"5","VW":"5","97":"5","HR":"5","9C":"5","CM":"5","8Q":"5","GM":"5","VX":"5","CC":"5","CJ":"5","9M":"5","RW":"5","FM":"5","98":"5","82":"5","JP":"5","CG":"5","WQ":"5","JQ":"5","VV":"5","99":"5","JX":"5","RR":"5","JW":"5","W4":"5","RX":"5","CH":"5","94":"5","JR":"5","95":"5"},"WV":{"64":"5","65":"5"},"94":{"P5":"5","9F":"5"},"3R":{"8W":"5","83":"5","MH":"5","FM":"5","32":"5","95":"5","J4":"5","F3":"5","PQ":"5","VX":"5","GR":"5","H6":"5","7J":"5","G7":"5","39":"5","W5":"5","G2":"5","CV":"5","F6":"5","CP":"5","WH":"5","7M":"5","H4":"5","Q9":"5","HM":"5","WG":"5","HQ":"5","P3":"5","C5":"5","FV":"5","GQ":"5","JX":"5","CQ":"5","9Q":"5","MQ":"5","R9":"5","G3":"5","Q3":"5","MF":"5","RX":"5","22":"5","C3":"5","V7":"5","M5":"5","FF":"5","RC":"5","P4":"5","G9":"5","XH":"5","XV":"5","MM":"5","28":"5","C9":"5","HW":"5","JJ":"5","24":"5","V5":"5","JC":"5","8P":"5","X4":"5","PC":"5","7P":"5","29":"5","X9":"5","WJ":"5","P5":"5","CC":"5","VW":"5","HX":"5","X5":"5","W4":"5","M3":"5","CX":"5","8V":"5","GP":"5","8M":"5","RM":"5","XG":"5","XJ":"5","VJ":"5","VQ":"5","R5":"5","G5":"5","84":"5","FG":"5","3C":"5","V9":"5","JM":"5","RF":"5","J6":"5","GV":"5","W9":"5","XF":"5","HR":"5","FJ":"5","G6":"5","VM":"5","P2":"5","H5":"5","Q2":"5","PR":"5","FH":"5","XQ":"5","MJ":"5","FR":"5","R4":"5","C2":"5","Q4":"5","8R":"5","GJ":"5","XC":"5","8X":"5","F5":"5","82":"5","MP":"5","PH":"5","VG":"5","FQ":"5","QC":"5","HP":"5","8Q":"5","J5":"5","W7":"5","V6":"5","XW":"5","HV":"5","3F":"5","FP":"5","MC":"5","M4":"5","PF":"5","CF":"5","G8":"5","GM":"5","W8":"5","QQ":"5","WW":"5","HC":"5","RP":"5","F9":"5","CW":"5","WQ":"5","PV":"5","RQ":"5","HF":"5","VF":"5","94":"5","QP":"5","G4":"5","V4":"5"},"5M":{"2V":"5","3X":"5","2W":"5","3W":"5"}},"VR":{"HJ":{"HH":"5"},"4R":{"4H":"5"},"VF":{"FR":"5"},"7M":{"RP":"5"},"VW":{"36":"5"},"89":{"H4":"5"},"2M":{"R9":"5"},"6V":{"8X":"5","7X":"5","5X":"5"},"9P":{"F2":"5","58":"5"},"4V":{"52":"5"},"54":{"GJ":"5"},"6W":{"3F":"5"},"2H":{"5W":"5"}},"CR":{"V8":{"9W":"5"},"GQ":{"74":"5","83":"5"},"X7":{"35":"5","45":"5","36":"5"},"PG":{"R2":"5","V2":"5","H9":"5","Q4":"5"},"W7":{"8R":"5","7V":"5","8Q":"5","7Q":"5","7R":"5"},"8W":{"RX":"5","PR":"4"},"PF":{"VX":"5","VW":"5"},"MH":{"HC":"5"},"GV":{"4J":"5"}},"FQ":{"XR":{"58":"4"}},"XQ":{"M3":{"9M":"5","CM":"5","CC":"5","FC":"5","32":"4","P7":"5","CF":"5","FF":"5"},"7W":{"2C":"5"},"65":{"PP":"5","MP":"5","PJ":"5","PQ":"5","MQ":"5","MM":"5"},"VC":{"FX":"5"},"4X":{"VW":"5"},"75":{"3Q":"5"},"66":{"JJ":"5","JH":"5"},"6X":{"PR":"5"},"M2":{"R2":"5","V2":"5","JG":"5","J3":"5","Q3":"5","R3":"5"},"Q2":{"6H":"5","7J":"5"},"P2":{"24":"5","35":"5"},"8M":{"9P":"5"},"78":{"RP":"5"},"8H":{"W4":"5"},"RF":{"GF":"5"},"85":{"6F":"5","5C":"5","6C":"5"},"8C":{"5R":"5"},"J3":{"V6":"5"},"X6":{"JQ":"5"}},"MW":{"QF":{"JJ":"5"}},"QX":{"M2":{"5M":"5"},"H3":{"5V":"5"},"5G":{"6J":"5"},"G4":{"W2":"5"},"26":{"4X":"5","2X":"5","3X":"5","4V":"5","2W":"5","4W":"5","3W":"5"},"JR":{"CM":"5"},"HH":{"QP":"5"},"6R":{"M8":"5","M7":"5","P8":"5","Q8":"5","Q7":"5","P7":"5"},"M5":{"VV":"5"},"27":{"32":"5","22":"5"}},"WP":{"PX":{"4V":"4"},"WF":{"F7":"5"},"WC":{"XV":"4","WR":"5"}},"WX":{"QW":{"2J":"5"},"H2":{"H2":"5"},"FR":{"H8":"5"},"XX":{"XG":"5","XW":"5","X7":"5"},"XV":{"G8":"5","X5":"5","G9":"5"},"G9":{"G3":"5"},"XW":{"XR":"5","X8":"5"},"M8":{"XH":"5"},"XR":{"X9":"5"},"JV":{"9R":"5"},"V2":{"X9":"5"},"QM":{"QH":"5"}},"VW":{"Q4":{"57":"5"},"J3":{"R7":"5","VM":"5"},"R9":{"XM":"5","XP":"5"},"MC":{"2G":"5","88":"5","2V":"5","2F":"5","3H":"5","4M":"5","2H":"5"},"VG":{"5P":"5","4P":"5"},"HQ":{"56":"5","55":"5"},"G7":{"46":"5"},"9G":{"PF":"5"},"JF":{"GV":"5"},"JH":{"J3":"5","H3":"5"},"FR":{"F9":"5"},"M2":{"28":"5","27":"5","6Q":"5","3G":"5","5Q":"5"},"QX":{"35":"5"},"HF":{"44":"5"},"M3":{"9F":"5"},"PH":{"49":"5"},"C3":{"9V":"5"},"97":{"WG":"5"},"J2":{"Q6":"5","R7":"5","PC":"5","R6":"5","Q7":"5","VW":"5"},"CW":{"RW":"5","23":"5"},"P2":{"Q6":"5","R7":"5","V6":"5","R6":"5","X8":"5"},"F2":{"GP":"5"},"V5":{"6J":"5"},"53":{"VG":"5","RF":"5","RC":"5","VF":"5","QC":"5"},"9H":{"W3":"5"},"9V":{"W5":"5"},"F9":{"CC":"5","9F":"5"},"7M":{"MG":"5"},"FX":{"64":"5","W5":"5","JC":"5","V3":"5","3M":"5","59":"5","66":"5","65":"5"},"82":{"2V":"5"},"CX":{"HW":"5","R8":"5","FW":"5","GM":"5","FX":"5"},"XJ":{"M3":"5","J6":"5","J5":"5","M8":"5","JG":"5","JJ":"5","JF":"5"},"CG":{"89":"5"},"XH":{"RW":"5"},"92":{"J6":"5"},"PJ":{"5Q":"5"},"MF":{"WP":"5"},"QV":{"2C":"5"},"PR":{"6Q":"5"},"JX":{"PJ":"5"},"JG":{"PQ":"5"},"MV":{"35":"5"},"MH":{"5M":"5"},"MG":{"2P":"5"},"W6":{"3P":"5","3M":"5"},"QC":{"RJ":"5","VH":"5"},"HC":{"CV":"5","9W":"5","9X":"5"},"6X":{"V8":"5","R9":"5","RM":"5","PM":"5","QJ":"5","PH":"5","VC":"5","R8":"5","VF":"5","RC":"5","RG":"5","PJ":"5","VG":"5","V7":"5","V9":"5","QC":"5","RF":"5","FC":"5","MH":"5","MM":"5","MJ":"5"},"8G":{"95":"5"},"V2":{"5H":"5","5M":"5","23":"5"},"P4":{"74":"5"},"G5":{"GG":"5","GF":"5"},"CH":{"PM":"5"},"58":{"5R":"5"},"94":{"WR":"5"},"CP":{"FV":"5"},"XG":{"G4":"5"},"6G":{"55":"5","66":"5"},"C6":{"C8":"5"},"72":{"WP":"5","VH":"5","XV":"5","XR":"5","VM":"5","QJ":"5"},"52":{"X5":"5"}},"MR":{"QW":{"WP":"5","WM":"5","WQ":"5","XP":"5","WJ":"5","XR":"5","VQ":"5","WR":"5","VP":"5","XQ":"5","QJ":"5"},"7J":{"MW":"5","FX":"5"},"4J":{"M3":"4","J3":"4","M2":"4"},"JC":{"R8":"5","JP":"5"},"7M":{"R8":"5","Q8":"5","Q9":"5"},"CJ":{"2P":"5"},"9J":{"J5":"5","M5":"5","P4":"5","M4":"5","J4":"5"},"WX":{"CQ":"5","8H":"5"},"24":{"45":"5"},"6J":{"5X":"5","8X":"5","8H":"5","2W":"5","7W":"5","3W":"5","9X":"5","9W":"5","2X":"5","8W":"5","7X":"5","3X":"5","4X":"5"},"6M":{"66":"5","56":"5","42":"5","43":"5","53":"5","76":"5","64":"5","44":"5","63":"5","55":"5","74":"5","62":"5","72":"5","52":"5","82":"5","75":"5","54":"5","65":"5"},"MM":{"5Q":"5"}},"XR":{"7Q":{"52":"5","5M":"5","CV":"5","CW":"5","48":"5","7M":"5","CP":"5","CM":"5"},"52":{"4M":"5","4P":"5"},"43":{"JV":"5"},"33":{"94":"5"},"9Q":{"M2":"5"},"5R":{"H9":"5","4R":"5","J9":"5","VC":"5"},"9X":{"89":"5","4P":"5"},"9M":{"M2":"5","H8":"5"},"7W":{"P3":"5","8J":"5","H2":"5","RX":"5","M2":"5","H3":"5","8P":"5","2C":"5","9V":"5","J3":"5","9J":"5","72":"5","9W":"5","FH":"5","J2":"5","9P":"5","4X":"5","FJ":"5","9Q":"5"},"CM":{"X9":"4"},"3X":{"MJ":"5","JR":"5"},"HJ":{"54":"5"},"MQ":{"5V":"4"},"6Q":{"GX":"5","RF":"5"},"34":{"78":"5","VG":"5"},"7P":{"FW":"5","FV":"5","CQ":"5","9V":"5","8R":"5","9X":"5","CW":"5","8W":"5","CR":"5","6X":"5","9Q":"5"},"PR":{"HQ":"5"},"3W":{"QX":"5","R9":"5","Q6":"5","R6":"5","Q5":"5","R5":"5","Q7":"5","R7":"5","Q8":"5"},"MR":{"35":"5"},"53":{"96":"5","Q4":"5","95":"5","R4":"5","RC":"5","Q3":"5","W4":"5","C7":"5","J9":"5","75":"5","5C":"5","C6":"5","G5":"5","87":"5","85":"5","R3":"5","97":"5"},"9V":{"74":"5","83":"5","65":"5","84":"5"},"CX":{"3F":"5"},"4X":{"GX":"5"},"CF":{"2V":"5"},"GQ":{"C7":"5"},"7V":{"V8":"5","X8":"5","C2":"5","5X":"5","PM":"5","M4":"4","X9":"5","PQ":"5","JH":"5","6P":"5","MW":"5","PX":"5","92":"5","J5":"5","HJ":"5","9V":"5","7W":"5","7M":"5","GP":"5","W8":"5","JR":"5","M8":"5","HV":"5","FM":"5","MQ":"5","JW":"5","9W":"5","P5":"5","F6":"5","8W":"5","JV":"5","F5":"5","6G":"5","FH":"5","6R":"5","8V":"5","MH":"5","GR":"5","PP":"5","X4":"5","9P":"5","4X":"5","XJ":"5","MJ":"5","FF":"5","7R":"5","JJ":"5","JF":"5","C7":"5","HX":"5","MV":"5","HQ":"5","MR":"5"},"7X":{"MP":"5","M8":"5","QH":"5","MX":"5","RF":"5","JP":"5","JH":"5","R5":"5","Q7":"5"},"7R":{"FW":"5","6W":"5","9P":"5","CJ":"5","9J":"5","9G":"5","9F":"5","98":"5"},"6X":{"FR":"5","HR":"5","XX":"5","JP":"5","5Q":"5","HG":"5","CP":"5","HJ":"5","PG":"5","GP":"5","8R":"5","MP":"5","M6":"5","MG":"5","MH":"5","MJ":"5","GV":"5"},"CR":{"43":"5"},"9R":{"3R":"5","4R":"5"},"JQ":{"CV":"5","CW":"5","FV":"5","FW":"5"},"6W":{"J7":"5","H8":"5"},"8V":{"87":"5","C9":"5","39":"5","76":"5","3F":"5","74":"5","97":"5","86":"5","62":"5","C8":"5","2M":"5","F9":"5","29":"5","75":"5","98":"5","65":"5"},"5V":{"63":"5"},"8R":{"2V":"5","GX":"5","2R":"5","HH":"5"},"2X":{"74":"5","27":"5","26":"5"},"4W":{"9H":"5","CP":"5","GR":"5","M5":"5"},"4R":{"CG":"5","F7":"5","9H":"5","CH":"5","CJ":"5","F4":"5","9J":"5","G9":"5"},"62":{"3H":"5"},"9W":{"99":"5","9C":"5","C9":"5"},"6R":{"8G":"5","G4":"5","8W":"5","V6":"5","P4":"5"},"2W":{"2Q":"5","2J":"5","2F":"5","26":"5","25":"5"},"6V":{"XJ":"5","46":"5","2J":"5","76":"5","VG":"5","29":"5","XM":"5","VH":"5","3J":"5"},"8W":{"8H":"5","67":"5","G9":"5"}},"HR":{"PX":{"VV":"5"},"62":{"4Q":"5"},"9H":{"XQ":"5"},"CM":{"WC":"5"},"2R":{"CQ":"5"},"XQ":{"GJ":"5"}},"PV":{"M3":{"QW":"5"},"5Q":{"9C":"5"},"23":{"9M":"5","9H":"5","WF":"5","CM":"5","CJ":"5","9J":"5","9G":"5"},"G4":{"93":"5"},"P5":{"32":"5"},"32":{"3P":"5"},"P7":{"6J":"5"},"4C":{"X6":"5","X7":"5"},"94":{"4Q":"5","5Q":"5"}},"9X":{"6G":{"JC":"5"},"RV":{"VG":"5","VF":"5","PH":"5"},"GM":{"FF":"5"},"XH":{"95":"5","J5":"5","96":"5","R8":"5","C6":"5","F4":"5","C3":"5","Q7":"5","X9":"5","RC":"5","97":"5","88":"5","57":"5","H5":"5","89":"5","V9":"5","P7":"5","79":"5","37":"5","98":"5","2G":"5","G4":"5","XC":"5","69":"5","94":"5","J6":"5","78":"5","W9":"5","58":"5","J7":"5","85":"5","68":"5","G5":"5","M7":"5","Q8":"5","F3":"5","R9":"5","C7":"5","93":"5","47":"5","86":"5"},"WJ":{"4F":"5","28":"5","2V":"5","3X":"5","27":"5","2P":"5","2M":"5","49":"5","39":"5","3H":"5","26":"5","4J":"5","29":"5","2R":"5","5X":"5","3M":"5","7X":"5","6X":"5","6W":"5","3J":"5","2Q":"5","8X":"5","4C":"5","2X":"5","25":"5","4H":"5","2W":"5","4G":"5"},"R8":{"CP":"5"},"5P":{"RH":"5"},"WQ":{"V7":"5","W9":"5","V8":"5","W7":"5","X7":"5","W8":"5"},"QP":{"HM":"5","HQ":"5"},"XG":{"RG":"5","WF":"5"},"XJ":{"RV":"5","PV":"5","WJ":"5","WQ":"5","PR":"5","VV":"5","MR":"5","VR":"5","QX":"5","VQ":"5","VF":"5","WC":"5","VG":"5","XC":"5","VJ":"5","WR":"5","WM":"5","VH":"5","RF":"5","PW":"5","VM":"5","WF":"5","QW":"5","RW":"5","PX":"5","WP":"5","RG":"5"},"55":{"5P":"5"},"3V":{"44":"5"},"RH":{"FF":"5","73":"5","99":"5","65":"5","G6":"5","CF":"5","7C":"5","92":"5","G9":"5","G8":"5","89":"5","75":"5","66":"5","79":"5","G3":"5","74":"5","83":"5","G2":"5","G4":"5","FG":"5","94":"5","GF":"5","C9":"5","78":"5","84":"5","HF":"5","HC":"5","67":"5","68":"5","CC":"5","FC":"5","8C":"5","G5":"5","GC":"5","G7":"5","93":"5"},"89":{"MV":"5"},"XQ":{"28":"5","WJ":"5","XH":"5","59":"5","27":"5","FF":"5","49":"5","39":"5","XG":"5","38":"5","CF":"5","7C":"5","RH":"5","29":"5","79":"5","WH":"5","69":"5","HH":"5","4C":"5","PH":"5","9C":"5","58":"5","MH":"5","VH":"5","QH":"5","JH":"5","68":"5","X2":"5","CC":"5","8C":"5","5C":"5"},"JG":{"MF":"5"},"VF":{"2J":"5"},"9H":{"8G":"5"},"VG":{"4W":"5","5P":"5","4F":"5","4H":"5","2V":"5","3C":"5","5Q":"5","2Q":"5","2C":"5","5H":"5","2W":"5","2F":"5","3W":"5","5V":"5","2R":"5","3H":"5","5J":"5","4V":"5","4C":"5","4G":"5","5M":"5"},"G4":{"6W":"5"},"WH":{"P2":"5","R2":"5","M2":"5","Q2":"5","R3":"5"},"XP":{"QW":"5","RX":"5","VX":"5","XX":"5","RW":"5","PR":"5","JQ":"5","JR":"5","WX":"5","QV":"5","PV":"5","HQ":"5","MR":"5"},"VJ":{"XQ":"5","XP":"5","Q6":"5","R6":"5","X7":"5","X5":"5","W7":"5","R7":"5","V7":"5","XR":"5","X6":"5"},"Q2":{"V4":"5"},"3G":{"M2":"5","JM":"5"},"3C":{"8J":"5"},"WM":{"42":"5","J6":"5","V6":"5","G5":"5","X7":"5","J7":"5","Q7":"5","W7":"5","R7":"5","Q8":"5","V7":"5","H6":"5","72":"5","H5":"5","52":"5","W6":"5","C4":"5","M7":"5","F5":"5","32":"5","C5":"5","93":"5","94":"5"},"9C":{"8G":"5","7G":"5","8C":"5","9C":"5","7C":"5"},"84":{"CP":"5"},"XM":{"49":"5","R9":"5","GM":"5","7J":"5","4F":"5","HG":"5","PC":"5","Q9":"5","9M":"5","5H":"5","HJ":"5","QF":"5","RC":"5","6H":"5","59":"5","CM":"5","V9":"5","FM":"5","QC":"5","8M":"5","HH":"5","48":"5","6J":"5","5C":"5","MC":"5","GJ":"5","4C":"5","MF":"5","FJ":"5","JF":"5","27":"5","28":"5"},"GC":{"W4":"5"},"WG":{"QX":"5","FR":"5","MW":"5","CP":"5","9M":"5","CQ":"5","JX":"5","CM":"5","9J":"5","FQ":"5","GW":"5","MX":"5","JW":"5","HW":"5","GR":"5","GV":"5"},"Q5":{"FC":"5"},"Q4":{"CX":"5"},"RG":{"RM":"5","HP":"5","QJ":"5","RC":"5","HQ":"5","GP":"5","MQ":"5","RF":"5","RP":"5","GX":"5","WF":"5","9W":"5","GW":"5","CV":"5","WR":"5","HV":"5","RJ":"5","RG":"5","GQ":"5","VR":"5","PM":"5","CR":"5","FQ":"5","VC":"5","XQ":"5","HM":"5","PH":"5","MR":"5","XR":"5","HR":"5","MJ":"5","CQ":"5","9X":"5","HW":"5","GM":"5","JJ":"5","WG":"5","QH":"5","9V":"5","MM":"5","PP":"5","QP":"5","XF":"5","JP":"5","RQ":"5","JQ":"5","QQ":"5","FP":"5","PJ":"5","PR":"5","HJ":"5","RR":"5","MP":"5","VF":"5","MV":"5","MH":"5","QM":"5","JR":"5","JM":"5","QR":"5","XG":"5","QG":"5"},"2C":{"XM":"5"}},"FV":{"83":{"4C":"5"},"CV":{"C3":"5"},"JF":{"7C":"5","6C":"5"}},"CW":{"QW":{"6Q":"5"},"25":{"8F":"5","8P":"5","CH":"5","7P":"5","9J":"5"},"RM":{"5W":"5"},"RQ":{"G3":"5","XR":"5"},"9G":{"94":"5"},"HR":{"RR":"5","RQ":"5"},"M4":{"HJ":"5"},"JP":{"PP":"5","PM":"5"},"RP":{"JW":"5","HV":"5"},"PQ":{"Q4":"5","P3":"5","Q3":"5","P4":"5"},"QP":{"54":"5","6H":"5"},"HG":{"M2":"5","G5":"5","H4":"5","8G":"5","CH":"5","G6":"5","G3":"5","J4":"5","F5":"5","FH":"5"},"FX":{"M2":"5"},"HF":{"MV":"5","PX":"5","PV":"5","PR":"5","MX":"5","MW":"5","JV":"5","CX":"5","JW":"5"},"92":{"24":"5","46":"5","4P":"5"},"GH":{"V8":"5"},"GF":{"RW":"5"},"3F":{"5X":"5"},"44":{"MH":"5"},"HJ":{"P7":"5"},"59":{"7W":"5","6W":"5","7V":"5","6Q":"5","6R":"5","7R":"5","6V":"5"},"VP":{"JM":"5","R5":"5"},"JR":{"VV":"5"},"WX":{"75":"5","65":"5"},"JG":{"4V":"5"},"G7":{"R6":"5","R3":"5"},"G6":{"PX":"5","PQ":"5","JV":"5","G5":"5"},"VW":{"H8":"5"},"M6":{"HH":"5"},"GG":{"P4":"5","R5":"5","C2":"5"},"HM":{"8J":"5"},"C5":{"PC":"5"},"PP":{"PX":"5","M5":"5"},"MJ":{"G4":"5"},"HC":{"WR":"5"},"PW":{"2F":"5"},"HP":{"F3":"5","C3":"5","5Q":"5"},"V2":{"J9":"5"},"3R":{"8X":"5"},"MR":{"C8":"5","JC":"5","HF":"5","GC":"5","F6":"5","HC":"5","JF":"5"}},"7W":{"QM":{"PR":"5"},"MR":{"F8":"5"},"RM":{"6G":"5"}},"HW":{"WC":{"WP":"5","WM":"5"},"VJ":{"HM":"5","HP":"5","PH":"5","PG":"5"},"XC":{"9J":"5"},"RJ":{"V5":"5"},"WR":{"72":"5","73":"5"},"3M":{"C7":"5"},"MM":{"XX":"5"},"3R":{"J3":"5"},"2H":{"24":"5"}},"VX":{"CP":{"V9":"5","83":"5","72":"5","73":"5"},"C8":{"2V":"5","FQ":"5","4R":"5"},"JW":{"WG":"5"},"52":{"MV":"5","MR":"5","MW":"5","JV":"5","JW":"5","WR":"5","JR":"5"},"H8":{"RJ":"5","WQ":"5","VM":"5"},"63":{"44":"5","C6":"5","9J":"5"},"CM":{"HR":"5"},"GG":{"CV":"5"},"V6":{"42":"5"},"27":{"68":"5"},"77":{"8P":"5","7W":"5","7X":"5","7R":"5"},"F2":{"MP":"5","XF":"5","3M":"5","2M":"5","MM":"5"},"72":{"CC":"5"},"C2":{"V9":"5","R8":"5","VC":"5"},"38":{"F8":"5"},"VR":{"6J":"5"},"74":{"45":"5"},"VG":{"7H":"5"},"QF":{"4C":"5"},"G2":{"2G":"5","2F":"5"},"H7":{"QR":"5"},"78":{"24":"5","J2":"5","52":"5","92":"5"},"62":{"52":"5","9H":"5","V4":"5","F4":"5","9J":"5","6J":"5"},"R4":{"6M":"5"},"7H":{"HG":"5"}},"QW":{"PM":{"25":"5"},"96":{"H8":"5"},"HR":{"XC":"5","W6":"5","W3":"5","VH":"5","X6":"5","X9":"5","X7":"5","X8":"5","W2":"5"},"M9":{"XP":"5"},"MW":{"G5":"5"},"PG":{"8J":"5","H9":"5","G9":"5","H7":"5","3V":"5","XC":"5","H6":"5","HC":"5"},"J3":{"V6":"5","R5":"5","V2":"5","Q3":"5","W5":"5","V5":"5","V4":"5","R6":"5","V3":"5","Q2":"5","P2":"5","P3":"5","R3":"5","R2":"5","W6":"5","W4":"5","R4":"5","Q5":"5","Q4":"5"},"P6":{"5V":"5"},"86":{"3W":"5"},"72":{"53":"5"},"JR":{"25":"5","37":"5","34":"5","38":"5","39":"5","2C":"5","26":"5","47":"5","24":"5","29":"5","36":"5","35":"5","27":"5","28":"5"},"MG":{"P2":"5"},"M7":{"RG":"5","R9":"5","RF":"5"},"JV":{"RW":"5","VV":"5","RV":"5"},"PF":{"5P":"5","5M":"5","8F":"5","3R":"5","6W":"5","3P":"5","6P":"5","3G":"5","6V":"5","5Q":"5","6J":"5"},"7X":{"RH":"5","QH":"5","PH":"5"},"J2":{"MV":"5","PX":"5","PW":"5","MX":"5","MW":"5","JV":"5"},"MF":{"Q4":"5","H5":"5","M6":"5"},"99":{"62":"5"},"98":{"V9":"5"}},"PQ":{"RW":{"6Q":"5","6P":"5","5R":"5","5Q":"5"},"XX":{"8M":"5","JV":"5","5Q":"5"},"MW":{"GC":"5"},"4V":{"MH":"5","JH":"5"},"JX":{"F3":"5"},"JW":{"FR":"5","FV":"5","9X":"5","CW":"5","9W":"5","CV":"5","FP":"5","PP":"5"},"5V":{"FM":"5"},"WX":{"VG":"5"},"6V":{"FR":"5"},"3W":{"WF":"5"}},"9V":{"W8":{"67":"5"},"RM":{"4X":"5","FM":"5","FP":"5","5W":"5","5X":"5"},"6V":{"PJ":"5","HC":"5"},"FJ":{"WH":"5"},"MX":{"R4":"5"},"3P":{"8X":"5"},"RV":{"PQ":"5","RR":"5","QV":"5"},"FH":{"9C":"5","JW":"5"},"PG":{"V9":"5","M2":"5","RF":"5","FC":"5","G2":"5","58":"5","59":"5","H4":"5"},"QJ":{"M3":"5","J5":"5","C6":"5","J2":"5","77":"5","57":"5","Q6":"5","H2":"5","G6":"5","J4":"5","G2":"5","M2":"5","Q2":"5","P2":"5","J6":"5","P3":"5","H3":"5","58":"5","67":"5","X2":"5","R2":"5","68":"5","M4":"5","J3":"5","H4":"5"},"RC":{"RW":"5"},"VG":{"76":"5","FQ":"5","V3":"5"},"HQ":{"43":"5"},"VM":{"XX":"5","8X":"5","CR":"5","9X":"5","VW":"5"},"2X":{"64":"5","2X":"5","22":"5"},"GP":{"8F":"5"},"X9":{"8W":"5"},"WW":{"2Q":"5","JW":"5","VQ":"5","2R":"5","HV":"5"},"4M":{"57":"5"},"X2":{"RH":"5","VG":"5","WF":"5","VH":"5","WC":"5","VF":"5","VC":"5","WG":"5"},"8R":{"52":"5","76":"5","59":"5"},"5X":{"MX":"5","MW":"5","JX":"5","JW":"5"},"RF":{"H8":"5","V6":"5","8F":"5","R5":"5","99":"5","JR":"5","GJ":"5","P4":"5","G9":"5","V5":"5","89":"5","GX":"5","P2":"5","C9":"5","9C":"5","JH":"5","CC":"5","8C":"5","HX":"5","FC":"5","GC":"5","R9":"5","H9":"5"},"PF":{"MX":"5","9W":"5","7W":"5"},"RP":{"3P":"5","4H":"5","M8":"5","4M":"5","2J":"5","5H":"5","83":"5","2G":"5","M4":"5","3M":"5","GW":"5","2M":"5","4G":"5","3Q":"5","4C":"5","J8":"5","CQ":"5","44":"5","5J":"5","2F":"5","4J":"5","3H":"5","QP":"5","6J":"5","4P":"5","2Q":"5","2C":"5","82":"5","3J":"5","GC":"5","XH":"5","5M":"5","2H":"5","QQ":"5","PR":"5","6G":"5","3G":"5","28":"5","5W":"5"},"XC":{"P6":"5","P7":"5"},"9R":{"WQ":"5","89":"5","J4":"5"},"WH":{"QP":"4","JW":"5"},"VQ":{"4P":"5","66":"5","53":"5","67":"5","2F":"5","62":"5","F6":"5","3M":"5","82":"5","54":"5"},"WF":{"VV":"5","M9":"5","J9":"5"},"9W":{"R9":"5","X9":"5","Q7":"5","Q8":"5","JG":"5","M7":"5","9H":"5","MF":"5"},"GW":{"R9":"5"},"PW":{"56":"5"},"JH":{"F5":"5"},"XV":{"HG":"5","R9":"5","MF":"5","PH":"5"},"CV":{"VQ":"5","5F":"5","4F":"5","3F":"5","4Q":"5","WQ":"5","CW":"5","6Q":"5","89":"5","P7":"5"},"WR":{"MH":"5"},"RJ":{"9M":"5","5P":"5","4Q":"5","6Q":"5","5Q":"5"},"FR":{"38":"5","3P":"5","3C":"5","4C":"5"},"RG":{"J9":"5","MG":"5","4F":"5","H8":"5","3F":"5","2M":"5","6F":"5","5F":"5","3W":"5","G6":"5","4J":"5","7C":"5","2R":"5","JC":"5","2G":"5","QF":"5","2Q":"5","H7":"5","4M":"5","MC":"5","3C":"5","9C":"5","5J":"5","J7":"5","HC":"5","3R":"5","2W":"5","CC":"5","8C":"5","FC":"5","G5":"5","GC":"5","5H":"5","6C":"5","H9":"5"},"XX":{"RH":"5","FF":"5"},"6Q":{"57":"5"},"CR":{"XQ":"5","QW":"5","GM":"5","X7":"5","RR":"5","RW":"5","JQ":"5","RC":"5","CG":"5","VW":"5","VR":"5","FH":"5","F9":"5"},"FQ":{"FG":"5","P7":"5"},"HF":{"XX":"5","FJ":"5"},"3Q":{"64":"5","92":"5","JJ":"5"},"WP":{"78":"5","77":"5","9Q":"5"},"HM":{"RH":"5","H3":"5","6H":"5","6C":"5"},"WX":{"M9":"5","65":"5","XQ":"5"},"9P":{"VV":"5"},"3V":{"CV":"5","8Q":"5"},"PH":{"P6":"5","2V":"5","HP":"5","VM":"5","JP":"5","9G":"5"},"VW":{"XR":"5"},"HR":{"3V":"4"},"7R":{"66":"5","4F":"5","4H":"5","3C":"5","5H":"5","3F":"5","6H":"5","GX":"5","3H":"5","6G":"5","4C":"5","3G":"5","4G":"5"},"QF":{"JP":"5|4","PX":"5","MW":"5","JX":"5","FQ":"5","JR":"5","MX":"5","MQ":"5","JW":"5","CR":"5","HP":"5","9Q":"5","MR":"5"},"9X":{"P5":"5","JF":"5"},"FV":{"J2":"5"},"CW":{"C8":"5","96":"5","55":"5"},"CM":{"4H":"5","4F":"5"},"8Q":{"8C":"5","MJ":"5"},"4V":{"CG":"5","FH":"5","8H":"5"},"HW":{"WH":"5","MG":"5","59":"5"},"WM":{"73":"5","XR":"5"},"WG":{"63":"5"},"WC":{"FH":"5","GC":"5","HC":"5"},"VX":{"38":"5","2G":"5","29":"5","28":"5"},"5P":{"RH":"5"},"QH":{"FM":"5","GR":"5","CV":"5","XM":"5","CP":"5","HM":"5","HQ":"5","73":"5","FV":"5","GQ":"5","WV":"5","JX":"5","CQ":"5","9Q":"5","FW":"5","HH":"5","R3":"5","4G":"5","6C":"5","X2":"5","XV":"5","QF":"5","MW":"5","PW":"5","JQ":"5","MX":"5","GX":"5","HW":"5","JJ":"5","PC":"5","JV":"5","CC":"5","VW":"5","8H":"5","RV":"5","MR":"5","HX":"5","5F":"5","CR":"5","FX":"5","9H":"5","GP":"5","HJ":"5","QX":"5","CG":"5","GV":"5","9R":"5","P9":"5","9V":"5","9C":"5","HR":"5","FJ":"5","XP":"5","QW":"5","QR":"5","JW":"5","FR":"5","GJ":"5","F5":"5","WX":"5","VV":"5","FQ":"5","9F":"5","HP":"5","JP":"5","HV":"5","PX":"5","JR":"5","FP":"5","MC":"5","MV":"5","CF":"5","GM":"5","GW":"5","WW":"5","RP":"5","CW":"5","PV":"5","RQ":"5","7F":"5","QV":"5"},"9V":{"XC":"5"},"7J":{"VV":"5","28":"5"},"FM":{"FJ":"5","8P":"5","9F":"5","39":"5","59":"5","6F":"5","GP":"5","36":"5","8F":"5","8R":"5","5G":"5","8M":"5","9R":"5","37":"5","9G":"5","46":"5","9Q":"5","CV":"5","7F":"5","FR":"5","79":"5","68":"5","GQ":"5","CR":"5","FQ":"5","8H":"5","4C":"5","9P":"5","CQ":"5","47":"5","CM":"5","8Q":"5","GM":"5","7C":"5","27":"5","57":"5","9H":"5","7J":"5","CJ":"5","7H":"5","9M":"5","49":"5","48":"5","FM":"5","6J":"5","5C":"5","7M":"5","4F":"5","5F":"5","9J":"5","CG":"5","FP":"5","78":"5","6C":"5","38":"5","8C":"5","67":"5","7G":"5","8G":"5","CH":"5","58":"5","CP":"5","8J":"5","69":"5","6G":"5","28":"5","3C":"5","6H":"5"},"QP":{"XQ":"5","WF":"5","XP":"5","XH":"5","QP":"4","GF":"5","QQ":"4","VF":"5","VG":"5","XF":"5","WQ":"5","MX":"5","XJ":"5","HP":"5","XM":"5"},"7X":{"48":"5","9P":"5"},"5R":{"3R":"5"},"HX":{"64":"5","53":"5"},"8W":{"RJ":"5","8R":"5","MX":"5","HC":"5"},"XJ":{"XP":"5","XR":"5","RV":"5"},"9J":{"VX":"5"},"RQ":{"63":"5","J5":"5","F9":"5","W2":"5","J2":"5","7M":"5","M6":"5","C3":"5","26":"5","36":"5","7X":"5","J4":"5","G3":"5","37":"5","22":"5","M2":"5","24":"5","V3":"5","8X":"5","25":"5","62":"5","X2":"5","M7":"5","M4":"5","P6":"5","46":"5","F8":"5"},"WJ":{"5R":"5","7J":"5","5P":"5","4J":"5","3M":"5","6P":"5","3J":"5","4M":"5","5V":"5","5M":"5","5J":"5","6J":"5","6R":"5","4P":"5","6C":"5","7H":"5","6M":"5","3P":"5"},"VH":{"7J":"5","56":"5","4F":"5","4H":"5","4J":"5","3F":"5","5H":"5","9F":"5","5G":"5","6H":"5","3J":"5","6J":"5","3H":"5","6G":"5","7G":"5","CF":"5","3G":"5","4G":"5","7H":"5","F2":"5"},"QQ":{"J9":"5","59":"5","GG":"5","J2":"5","X9":"5","X8":"5","V4":"5","74":"5","X5":"5","69":"5","J8":"5","W9":"5","58":"5","67":"5","68":"5","M7":"5","J3":"5","VX":"5"},"FP":{"64":"5","J6":"5"},"PJ":{"CQ":"5","P6":"5","P5":"5","44":"5","M5":"5","9Q":"5"},"W9":{"FW":"5","GM":"5","FX":"5","9J":"5","CX":"5","CW":"5","CV":"5","CR":"5"},"VV":{"WH":"5","VG":"5","WG":"5"},"QV":{"23":"5"},"PR":{"PP":"5","FR":"5"},"JX":{"X4":"5","RR":"5"},"HJ":{"4H":"5","FX":"5"},"RR":{"66":"5","8F":"5","76":"5","74":"5","52":"5","HM":"5","6G":"5","5J":"5","82":"5","75":"5"},"JG":{"FP":"5","76":"5","R9":"5","3R":"5","QC":"5","7R":"5"},"HG":{"2G":"5","Q4":"5","P4":"5"},"MH":{"HW":"5"},"QM":{"PW":"5","PJ":"5"},"8X":{"F3":"5","PQ":"5","F9":"5"},"MG":{"QM":"5","WP":"5","JR":"5"},"2R":{"63":"5","R9":"5","RF":"5","Q8":"5","Q9":"5"},"VP":{"CP":"5","GM":"5","MJ":"5","FQ":"5","CM":"5","27":"5","54":"5","FP":"5","GP":"5","RC":"5","65":"5","GR":"5","9J":"5","FR":"5","26":"5","55":"5","FM":"5","9V":"5","7C":"5","92":"5","PG":"5","CW":"5","5X":"5","CJ":"5","36":"5","37":"5","9R":"5","9H":"5","9G":"5","8V":"5","3C":"5","4W":"5","J8":"5","VH":"5","JJ":"5","64":"5","XF":"5","PF":"5","MM":"5","8J":"5","GV":"5","R4":"5"},"RX":{"GC":"5","CX":"5","GF":"5","MM":"5"},"RH":{"2Q":"5","2X":"5","4F":"5","3X":"5","3H":"5","5F":"5","GG":"5","5C":"5","2R":"5","GH":"5","4C":"5","2H":"5","3W":"5"},"CP":{"JF":"5"},"QR":{"VG":"5","Q3":"5"},"QG":{"V8":"5","8J":"5","X9":"5","QG":"5","XV":"5","CP":"5","78":"5","CQ":"5","9F":"5","5G":"5","XC":"5","CG":"5","CJ":"5","CM":"5","P2":"5","9J":"5","GW":"5","9R":"5","V9":"5","XR":"5","CH":"5","CW":"5","CC":"5","CV":"5","P5":"5","JV":"5","GX":"5","8V":"5","FP":"5","CR":"5","9P":"5","FJ":"5","98":"5","9Q":"5"},"3W":{"FW":"5","53":"5","MX":"5","52":"5","7V":"5","GX":"5","3G":"5","2H":"5"},"5Q":{"8G":"5","8X":"5","7X":"5"},"6W":{"WM":"5","RM":"5","WV":"5"}},"RW":{"M3":{"MX":"5"},"JQ":{"VH":"5"},"R4":{"22":"5"},"MC":{"G8":"5"},"P5":{"XQ":"5"},"V7":{"PJ":"5"},"W9":{"24":"5"},"RF":{"79":"5"},"W4":{"MQ":"5"},"VF":{"9J":"5"},"V4":{"M2":"5"},"X4":{"V5":"5","59":"5"},"Q7":{"VM":"5"},"WG":{"PF":"5"},"W8":{"MF":"5"}},"XP":{"35":{"CC":"4","M5":"5","HH":"5"},"MX":{"RX":"5","MW":"5","J9":"5"},"53":{"3R":"5","3V":"5"},"MW":{"7X":"5"},"JX":{"99":"5","MW":"5"},"QV":{"5R":"5"}},"7X":{"P8":{"Q2":"5"},"PP":{"M8":"5","M7":"5","F3":"5","P8":"5"},"95":{"4G":"5"},"M8":{"W4":"5"},"59":{"XP":"5","RP":"5","PQ":"5","PR":"5","QP":"5","MW":"5","WP":"5","QQ":"5","VP":"5","MX":"5","PV":"5","PW":"5"},"F9":{"Q2":"5"},"3F":{"5X":"5","H2":"5","H3":"5","G8":"5","H4":"5","G9":"5","H7":"5","9M":"5","8Q":"5","CG":"5","CJ":"5","8R":"5","CM":"5","H6":"5","H5":"5","G7":"5","5W":"5","CH":"5","7V":"5","FC":"5","F9":"5","6V":"5","J2":"5","9P":"5","4X":"5","FF":"5","FG":"5","7R":"5","6W":"5","9Q":"5"},"C3":{"WJ":"4"},"5P":{"82":"5","9M":"5","CP":"5"},"Q7":{"MF":"5"},"49":{"3P":"5","2M":"5","9X":"5"},"99":{"QR":"5"},"88":{"2Q":"5","MW":"5","GC":"5","2R":"5","C9":"5"},"87":{"G4":"5","H3":"5","G3":"5","G6":"5","G2":"5","F4":"5","G5":"5","H4":"5","F5":"5"},"57":{"PP":"5","PX":"5","PW":"5","VX":"5","RX":"5","QX":"5"},"Q6":{"WX":"5"},"G8":{"5V":"5"},"H5":{"XP":"5"},"89":{"CF":"5","CC":"5","R8":"5"},"J4":{"VX":"5","G5":"5"},"9P":{"3G":"5"},"79":{"82":"5","52":"5","R2":"5","35":"5","62":"5","44":"5","72":"5","53":"5","43":"5","45":"5","26":"5","36":"5"},"7R":{"QM":"5","FP":"5"},"6P":{"XM":"5"},"JC":{"PQ":"5"},"2G":{"CP":"5","MG":"5","PC":"5","GM":"5","9Q":"5","7W":"5","R8":"5","V6":"5","HJ":"5","FP":"5","HM":"5","W5":"5","QC":"5","FM":"5","V8":"5","9V":"5","PG":"5","7X":"5","9R":"5","X5":"5","V7":"5","X4":"5","8V":"5","MH":"5","JJ":"5","JH":"5","PF":"5","Q9":"5","W6":"5","R9":"5","CQ":"5","8W":"5"},"G4":{"8W":"5"},"69":{"W7":"5","MJ":"5","QG":"5","FH":"5","7J":"5","2P":"5","2M":"5","RC":"5","9J":"5","V8":"5","PG":"5","PJ":"5","V9":"5","3M":"5","9H":"5","QF":"5","V7":"5","HH":"5","4M":"5","PH":"5","5M":"5","RF":"5","JJ":"5","6J":"5","JH":"5","8J":"5","CH":"5","W6":"5","R9":"5","GH":"5","X6":"5","6M":"5"},"94":{"CQ":"5","CV":"5","CM":"5"},"8X":{"7X":"5"},"2H":{"54":"5","46":"5","64":"5","63":"5","62":"5","72":"5","45":"5","55":"5","27":"5","26":"5","36":"5"},"4C":{"PM":"5","MJ":"5","GG":"5","3F":"5","8F":"5","WQ":"5","QP":"5","8G":"5","7C":"5","VQ":"5","PJ":"5","QM":"5","XQ":"5","JG":"5","9H":"5","2G":"5","9G":"5","FG":"5","2H":"5","4C":"5","GF":"5","3G":"5","RQ":"5","3C":"5","HG":"5","7F":"5","MH":"5","RP":"5","JH":"5","HF":"5","CH":"5","5C":"5","CG":"5","6C":"5"},"3G":{"32":"5","24":"5","42":"5","33":"5","23":"5"},"C9":{"GW":"5"},"3C":{"VQ":"5","XH":"5","RQ":"5","RR":"5","MW":"5","WP":"5","JX":"5","VP":"5","MX":"5","QV":"5","WM":"5","PV":"5","XJ":"5","QR":"5","XM":"5","MV":"5"},"78":{"MG":"5","6G":"5","PV":"5","4F":"5","GM":"5","9Q":"5","9X":"5","9M":"5","3F":"5","MQ":"5","6H":"5","2F":"5","PR":"5","MR":"5","GR":"5","9J":"5","9V":"5","5W":"5","MV":"5","GQ":"5","JG":"5","9P":"5","5G":"5","9R":"5","9H":"5","VG":"5","2Q":"5","8X":"5","PQ":"5","8H":"5","XM":"5","9W":"5","6V":"5","GV":"5","7H":"5","4G":"5","2C":"5"},"J8":{"H9":"5","X5":"5"},"5M":{"7R":"5"},"58":{"V2":"5","W2":"5","X2":"5"},"85":{"MC":"5"},"MF":{"Q6":"5"},"HC":{"CJ":"5"},"67":{"XJ":"5","VX":"5","F9":"5"},"68":{"P8":"5","23":"5","PC":"5","43":"5","95":"5","33":"5","63":"5","J5":"5","M8":"5","R8":"5","M6":"5","X9":"5","73":"5","53":"5","V8":"5","H5":"5","V9":"5","F5":"5","VF":"5","83":"5","22":"5","XC":"5","94":"5","C5":"5","J6":"5","W9":"5","84":"5","G5":"5","M7":"5","Q8":"5"},"5C":{"H8":"5","5R":"5","MJ":"5","FQ":"5","M5":"5","3Q":"5","HJ":"5","J2":"5","GP":"5","HM":"5","FR":"5","9V":"5","H5":"5","GQ":"5","JM":"5","7V":"5","CR":"5","H6":"5","CV":"5","8V":"5","2Q":"5","M2":"5","HH":"5","H7":"5","5V":"5","H3":"5","HG":"5","JJ":"5","4R":"5","JH":"5","HF":"5","3R":"5","HC":"5","MM":"5","J3":"5","6V":"5","H4":"5","H9":"5","HP":"5"},"6C":{"G2":"5"},"7H":{"XW":"5"},"2C":{"98":"5"}},"FX":{"5R":{"CW":"5"},"7M":{"VH":"5"},"F4":{"QW":"5"},"8F":{"P5":"5","65":"5"},"5P":{"RF":"5"},"Q7":{"8X":"5","5V":"5"},"6Q":{"3X":"5"},"44":{"4Q":"5"},"73":{"P4":"5"},"39":{"22":"5"},"97":{"3Q":"5"},"88":{"2J":"5","4M":"5","3P":"5","3M":"5","2M":"5","4P":"5"},"26":{"4H":"5","34":"5","QP":"5","67":"5"},"57":{"MP":"5","JG":"5","J9":"5"},"87":{"3Q":"5","5M":"5","5P":"5","3R":"5","7M":"5","4V":"5","4M":"5","3P":"5","4R":"5","7P":"5","6M":"5","3M":"5","7Q":"5","4P":"5"},"3V":{"3P":"5"},"H5":{"9H":"5","5F":"5","5C":"5","58":"5","9G":"5","6C":"5"},"8Q":{"F9":"5"},"W3":{"P2":"5","P4":"5"},"GQ":{"45":"5","84":"5"},"37":{"MP":"5"},"6X":{"P9":"5"},"QF":{"9G":"5","9F":"5"},"4M":{"R8":"5"},"42":{"JR":"5"},"C5":{"C2":"5","H2":"5","M4":"5","J6":"5","G5":"5","J7":"5","H7":"5","J5":"5","F3":"5","H6":"5","H5":"5","G3":"5","M7":"5","P8":"5","G2":"5","J2":"5","J8":"5","F2":"5"},"5V":{"73":"5"},"8M":{"8H":"5","9J":"5"},"78":{"XG":"5"},"25":{"CM":"5"},"62":{"R3":"5"},"9W":{"Q4":"5","R4":"5","Q3":"5","Q2":"5","R3":"5"},"3R":{"JV":"5","JR":"5"},"6R":{"42":"5"},"Q9":{"H7":"5","FP":"5","H8":"5"},"Q8":{"63":"5"},"46":{"H2":"5"},"R4":{"QX":"5"},"C4":{"FW":"5","FR":"5","FV":"5","FX":"5","9V":"5","JX":"5","GW":"5","CX":"5","CW":"5","9W":"5","CV":"5","GX":"5","CR":"5","HX":"5"},"H9":{"CG":"5","CH":"5","V3":"5"},"47":{"4R":"5","7X":"5","WX":"5"}},"HX":{"FF":{"Q4":"5"},"XQ":{"6H":"5"}},"8W":{"6G":{"C7":"5"},"76":{"64":"5"},"FQ":{"87":"5"},"X3":{"J5":"5","GX":"5","G2":"5","GW":"5"},"M8":{"XQ":"5"},"M5":{"5R":"5"},"2P":{"8X":"5","7X":"5","9X":"5"},"C3":{"PJ":"5"},"2F":{"8H":"5","9G":"5"},"49":{"XR":"5"},"Q6":{"9V":"5"},"G6":{"2P":"5"},"M9":{"VF":"5"},"QM":{"CQ":"5","FQ":"5"},"JG":{"G5":"5"},"J4":{"33":"5","34":"5","42":"5","53":"5","43":"5","23":"5","44":"5","63":"5","55":"5","62":"5","72":"5","45":"5","24":"5","82":"5","54":"5","35":"5"},"G3":{"VJ":"5","RH":"5","RJ":"5","VH":"5"},"74":{"PW":"5"},"F7":{"JC":"5","W9":"5","X9":"5"},"2Q":{"82":"5","72":"5","92":"5"},"H3":{"4G":"5","PC":"5"},"8P":{"JX":"5"},"84":{"46":"5","67":"5"},"58":{"H9":"5","7P":"5"},"VH":{"2W":"5"},"RF":{"V7":"5","W7":"5"},"4H":{"47":"5"},"67":{"FC":"5"},"X2":{"4H":"5","H9":"5","HC":"5","55":"5","FX":"5"},"Q9":{"FW":"5"},"J3":{"69":"5","M9":"5","8X":"5","CP":"5","59":"5","CJ":"5","9J":"5","M8":"5","FM":"5","CR":"5","FG":"5","98":"5","P9":"5"},"5C":{"2R":"5"},"6V":{"43":"5","58":"5"},"W6":{"6W":"5","7X":"5","6V":"5"},"W4":{"WP":"5","WM":"5"},"GV":{"57":"5"},"H4":{"XG":"5","W5":"5","V5":"5","WF":"5","W4":"5","R6":"5","R5":"5","WG":"5"},"93":{"HW":"5","CW":"5","HX":"5"},"6C":{"JW":"5"},"CQ":{"WJ":"5"},"X6":{"R2":"5"}},"CX":{"JW":{"75":"5"},"95":{"RW":"5"},"2J":{"66":"5","39":"5","59":"5","V6":"5","H7":"5","M8":"5","63":"5","X2":"5","P7":"5","W2":"5","68":"5","74":"5","76":"5","X4":"5","X5":"5","73":"5","X3":"5","X6":"5","P8":"5","J2":"5","R6":"5","H3":"5","H2":"5","57":"5","53":"5","H6":"5","G2":"5","49":"5","48":"5","X8":"5","75":"5","2C":"5","M7":"5","J6":"5","W3":"5","X7":"5","67":"5","W6":"5","58":"5","42":"5","J7":"5","84":"5","3C":"5","52":"5"},"96":{"7G":"5","7F":"5"},"3F":{"RX":"5","F4":"5"},"3Q":{"23":"5","9X":"5","59":"5","7W":"5","48":"5","5P":"5","6Q":"5","34":"5","2F":"5","49":"5","5F":"5","29":"5","7V":"5","36":"5","6P":"5","37":"5","5G":"5","22":"5","35":"5","24":"5","8X":"5","4C":"5","3C":"5","5M":"5","58":"5","5J":"5","6R":"5","5C":"5","6V":"5","46":"5","5H":"5","47":"5","8W":"5","2C":"5"},"2P":{"2X":"5","3X":"5"},"2M":{"XQ":"5","W5":"5","X8":"5","XP":"5","V5":"5","4F":"5","X9":"5","V3":"5","WP":"5","8G":"5","5G":"5","W7":"5","X3":"5","XC":"5","XF":"5","W8":"5","W3":"5","V4":"5","XR":"5","W6":"5","6F":"5","X2":"5","WJ":"5","WM":"5","6G":"5","7G":"5","XM":"5","4G":"5"},"2F":{"5W":"5"},"QC":{"PP":"5"},"3H":{"2P":"5"},"55":{"2Q":"5"},"3M":{"82":"5","2G":"5","4X":"5","2J":"5","2V":"5","2F":"5","22":"5","3V":"5","2R":"5","VM":"5","3M":"5","3J":"5","2M":"5","2H":"5","4W":"5","3W":"5"},"2G":{"QV":"5"},"JQ":{"JP":"5"},"QF":{"69":"5","33":"5"},"3J":{"38":"5","24":"5","4H":"5","2V":"5","2X":"5","5P":"5","5M":"5","4F":"5","49":"5","3R":"5","3H":"5","4R":"5","3V":"5","28":"5","4Q":"5","4C":"5","3F":"5","2W":"5","3G":"5","4P":"5","39":"5","25":"5"},"X4":{"9V":"5"},"2Q":{"J9":"5","43":"5","GM":"5","4F":"5","PM":"5","H8":"5","63":"5","MJ":"5","RJ":"5","FH":"5","3F":"5","HJ":"5","7J":"5","6H":"5","X9":"5","GP":"5","X8":"5","HM":"5","FJ":"5","5F":"5","53":"5","GJ":"5","9J":"5","FM":"5","RH":"5","G8":"5","PG":"5","PJ":"5","75":"5","WC":"5","VF":"5","JC":"5","5G":"5","9H":"5","74":"5","2G":"5","VG":"5","22":"5","XC":"5","HH":"5","MC":"5","2H":"5","42":"5","PH":"5","3G":"5","32":"5","W9":"5","8H":"5","VH":"5","W8":"5","JJ":"5","64":"5","6J":"5","XF":"5","JH":"5","85":"5","PF":"5","MF":"5","8J":"5","WF":"5","CH":"5","G7":"5","5H":"5","GH":"5","H9":"5","HP":"5"},"2H":{"4W":"5","RX":"5","VX":"5","RW":"5","5R":"5","2C":"5","5H":"5","CP":"5","3F":"5","5G":"5","6H":"5","2F":"5","JX":"5","MX":"5","WX":"5","5V":"5","VW":"5","JW":"5","GX":"5","HW":"5","4V":"5","3G":"5","HX":"5","4G":"5"},"C5":{"9G":"5"},"XW":{"46":"4"},"3G":{"PG":"5"},"XV":{"2V":"5","3X":"5"},"MX":{"JX":"5"},"VW":{"G3":"5"},"3R":{"PC":"5","M8":"5","RJ":"5","QG":"5","F4":"5","C3":"5","C2":"5","RH":"5","92":"5","H5":"5","PG":"5","M9":"5","H6":"5","G4":"5","VJ":"5","H7":"5","MC":"5","J6":"5","QH":"5","J7":"5","PF":"5","G5":"5","M7":"5","H4":"5","C4":"5"},"M4":{"MX":"5"},"WX":{"Q2":"5","P3":"5","Q3":"5","Q4":"5","Q5":"5","P4":"5","P2":"5","P5":"5","R2":"5"},"93":{"38":"5"},"R4":{"25":"5"},"Q4":{"87":"5","X5":"5"},"FX":{"65":"5"},"P5":{"VX":"5","HX":"5","WX":"5"},"4G":{"PQ":"5"},"3P":{"43":"5","33":"5","5R":"5","59":"5","48":"5","54":"5","5P":"5","6Q":"5","6H":"5","34":"5","44":"5","49":"5","5F":"5","3W":"5","4V":"5","53":"5","38":"5","26":"5","3V":"5","36":"5","6P":"5","37":"5","5G":"5","69":"5","24":"5","4C":"5","42":"5","32":"5","2X":"5","25":"5","5M":"5","4R":"5","6J":"5","3R":"5","2W":"5","5C":"5","5H":"5","5Q":"5","6C":"5","6M":"5"}},"RQ":{"8X":{"24":"5","29":"5","22":"5","28":"5","23":"5","27":"5","26":"5","25":"5"},"VV":{"PP":"5"},"FW":{"7W":"5"},"8W":{"2Q":"5","2V":"5","2X":"5","2F":"5","2R":"5","2P":"5","2W":"5"},"7W":{"7Q":"5","JW":"5","76":"5","XH":"5","X3":"5","7W":"5","W2":"5","7J":"5","J2":"5","7M":"5","X9":"5","V2":"5","7P":"5","X8":"5","73":"5","77":"5","F2":"5","72":"5","XG":"5","C2":"5","XJ":"5","7G":"5","H2":"5","7C":"5","92":"5","75":"5","7V":"5","7X":"5","79":"5","7R":"5","82":"5","74":"5","G2":"5","GX":"5","X5":"5","XC":"5","X4":"5","XP":"5","M2":"5","HW":"5","Q2":"5","P2":"5","78":"5","7F":"5","XM":"5","XF":"5","MM":"5","X2":"5","R2":"5","X7":"5","7H":"5","X6":"5"},"7X":{"C8":"5","76":"5","H8":"5","M8":"5","P9":"5","X9":"5","73":"5","77":"5","72":"5","88":"5","G8":"5","M9":"5","V9":"5","75":"5","G3":"5","74":"5","98":"5","G2":"5","78":"5","J8":"5","W9":"5","Q9":"5","R9":"5","F8":"5"},"WV":{"4Q":"5","6Q":"5","5Q":"5","3W":"5"}},"WQ":{"VV":{"74":"5"},"PM":{"GX":"5"},"7J":{"CV":"5","CW":"5","9V":"5"},"RW":{"FR":"5","GX":"5"},"78":{"J7":"4","P7":"5"},"97":{"R7":"5","R8":"5"},"V7":{"RM":"5"},"3J":{"M6":"5"},"JG":{"F3":"5"},"47":{"XJ":"5"},"57":{"99":"5","6V":"5"},"99":{"8H":"5","9F":"5"},"28":{"P9":"5"}},"JQ":{"RF":{"R5":"5"},"RC":{"PP":"5"},"PF":{"QM":"5","RW":"5","MV":"5","MP":"5","MR":"5","WP":"5","PW":"5","PV":"5","QW":"5","PR":"5","WW":"5","QR":"5","MW":"5","WM":"5","PQ":"5","WQ":"5","MQ":"5","VM":"5","PM":"5","WR":"5","RR":"5","QV":"5","QQ":"5","RM":"5","WV":"5","MM":"5","VW":"5"},"PG":{"V5":"5"},"2P":{"WJ":"5"}},"QQ":{"WX":{"PJ":"5"}},"VV":{"VP":{"4X":"5","5X":"5","4W":"5","3W":"5"},"5V":{"QF":"5"},"RW":{"X2":"5"},"MH":{"VV":"5","MX":"5","67":"5","7V":"5","WV":"4"},"FM":{"27":"5"},"5C":{"FP":"5","MC":"5"},"7M":{"QC":"5"},"HM":{"X8":"5","QX":"5","C2":"5","RM":"5","RX":"5","JP":"5","Q5":"5","RR":"5","3P":"5","V7":"5","W8":"5","RJ":"5","XR":"5","VM":"5","VR":"5","WM":"5","CR":"5"},"HQ":{"VF":"5"},"PP":{"2G":"5","93":"5","8C":"5","22":"5","92":"5"},"7G":{"GQ":"5","M7":"5","JC":"5","HH":"5","P7":"5"},"GQ":{"2J":"5","2X":"5"},"WV":{"FX":"5","5X":"5"},"QJ":{"4Q":"5"},"QM":{"44":"5","68":"5","69":"5"},"MQ":{"GR":"5"},"5Q":{"PQ":"5"},"HH":{"RJ":"5","HP":"5","HQ":"5"},"6P":{"34":"5"},"43":{"RV":"5"},"H9":{"7G":"5","7F":"5","6H":"5","FF":"5"},"48":{"8M":"5","V3":"5","6C":"5|4"},"7V":{"2M":"5"},"6C":{"WX":"5"},"57":{"3J":"5"},"6F":{"X2":"5"},"49":{"33":"5"},"G9":{"R8":"5","VF":"5","R5":"5"},"XV":{"RM":"5"},"MM":{"CV":"5","G3":"5","FV":"5","4V":"5","CP":"5","4R":"5","3V":"5","23":"5","4W":"5","5R":"5","4P":"5"},"MW":{"5P":"5","FC":"5","3J":"5"},"JQ":{"9C":"5","7W":"5"},"2X":{"J8":"5","R6":"5","Q7":"5"},"MX":{"M4":"5","J4":"5"},"68":{"2X":"5"},"4Q":{"H7":"5","J7":"5"},"GX":{"PX":"5"},"JJ":{"J3":"5","HM":"5","CP":"5","PG":"5","FX":"5","VP":"5"},"24":{"P2":"5","V2":"5"},"8P":{"87":"5"},"PC":{"JV":"5"},"JV":{"VC":"5"},"58":{"WP":"5","XM":"5"},"VW":{"X2":"5"},"6H":{"W6":"5","R7":"5","V7":"5","PC":"5","W7":"5","V6":"5"},"8H":{"CP":"5"},"MR":{"C2":"5"},"WF":{"6F":"5"},"5F":{"J3":"5","M9":"5"},"3Q":{"JP":"5"},"9M":{"6G":"5"},"5X":{"8F":"5","58":"5"},"9P":{"HR":"5"},"9H":{"74":"5","JV":"5","75":"5","Q2":"5","85":"5","84":"5"},"GP":{"82":"5","93":"5","XV":"5","7J":"5","9Q":"5"},"8M":{"9V":"5","5J":"5","4J":"5"},"5P":{"P2":"5","Q4":"5","77":"5"},"RM":{"8F":"5"},"9X":{"J3":"5","G6":"5"},"VQ":{"H7":"5","52":"5","63":"5","74":"5","J8":"5","62":"5","RP":"5","73":"5","G6":"5","F4":"5","G5":"5","J7":"5","84":"5","94":"5","F5":"5","H6":"5","C4":"5"},"HJ":{"CQ":"5","2W":"5"},"79":{"87":"5"},"FG":{"2Q":"5","74":"5","2R":"5"},"33":{"3Q":"5","5P":"5","5Q":"5"},"V9":{"84":"5"},"6Q":{"35":"5","4G":"5","34":"5"},"5M":{"RH":"5","RX":"5"},"CG":{"H9":"5","WP":"5","XP":"5","HC":"5","58":"5","2M":"4","X5":"5","HQ":"5","XQ":"5"},"JM":{"PM":"5","9G":"5","56":"5","VC":"5","PQ":"5","8H":"5","V3":"5","H7":"5","59":"5","X3":"5","WW":"5","W3":"5","XW":"5","MP":"5","47":"5","58":"5","57":"5","48":"5","6F":"5","X2":"5","F9":"5","MM":"5","28":"5","7H":"5"},"8C":{"J4":"5","H4":"5"},"5G":{"2J":"5"},"7C":{"FR":"5"},"34":{"27":"5"},"RJ":{"6F":"5","6C":"5"},"FJ":{"9V":"5"},"VM":{"RC":"4","VC":"4"},"8F":{"38":"5","2V":"5","3M":"5","4J":"5","39":"5"},"PR":{"HX":"5"},"XQ":{"V9":"4|5","4X":"5","R9":"5","HM":"5","W9":"5","7W":"5","VC":"5","4J":"5","4W":"5"},"QR":{"3G":"5"},"23":{"PW":"5","VX":"5","7W":"5","QX":"5","8V":"5"},"6M":{"XM":"5"},"MJ":{"49":"5","5F":"5","4W":"5","4F":"5","3W":"5","3Q":"5","97":"5","5W":"5","6F":"5","8W":"5","98":"5"},"FR":{"PG":"5"},"R4":{"HC":"5"},"PM":{"64":"5","55":"5","WR":"5"},"M9":{"XG":"5"},"GJ":{"QP":"5","PF":"5","QQ":"5"},"8X":{"5V":"5","9Q":"5"},"9J":{"QG":"5","PF":"5"},"3W":{"HW":"5"},"59":{"CW":"5","27":"5"},"MP":{"95":"5","CH":"5","94":"5"},"XX":{"J2":"5"},"6J":{"R3":"5"},"VV":{"94":"5"},"FQ":{"PP":"5","PR":"5","HW":"5","JW":"5"},"9F":{"RW":"5"},"7Q":{"XM":"5"},"37":{"3V":"5"},"HP":{"R2":"5","Q6":"5","Q4":"5","R4":"5","M6":"5","Q5":"5","Q3":"5","X6":"5","H2":"5","Q2":"5","3M":"5","R6":"5","R5":"5","P7":"5","6V":"5","R3":"5"},"8Q":{"MH":"5","6H":"5","7Q":"5"},"CM":{"8R":"5","5F":"5"},"J5":{"X3":"5"},"9G":{"QM":"5","CW":"5","7Q":"5"},"JP":{"M3":"5","76":"5","58":"5","27":"5","25":"5"},"47":{"RW":"5"},"PX":{"49":"5","58":"5"},"JR":{"68":"5"},"FP":{"FW":"5"},"4J":{"4H":"5"},"WM":{"WW":"5"},"PF":{"3R":"5"},"MV":{"8W":"5"},"4X":{"8J":"5","4M":"5","26":"5","5R":"5","25":"5"},"7H":{"56":"5","55":"5","62":"5","52":"5","45":"5","47":"5","46":"5","54":"5"},"GM":{"XW":"5","WW":"5","XV":"5","CX":"5","WV":"5"},"QQ":{"5W":"5","6W":"5"},"GW":{"3R":"5","4W":"5"},"WW":{"86":"5"},"RP":{"PR":"5","VR":"5","QR":"5","PQ":"5","WR":"5","RR":"5"},"PV":{"67":"5","77":"5","M5":"5"},"HF":{"FJ":"5","FH":"5","HP":"5","PG":"5","QJ":"5","HQ":"5","GP":"5","MQ":"5","GH":"5","JF":"5","JH":"5","GQ":"5","PM":"5","HF":"5","HM":"5","GG":"5","PH":"5","MJ":"5","GM":"5","JJ":"5","QH":"5","PQ":"5","HH":"5","MM":"5","PP":"5","FM":"5","QP":"5","JP":"5","JQ":"5","GJ":"5","QQ":"5","FP":"5","PJ":"5","FG":"5","HJ":"5","JG":"5","MP":"5","HG":"5","MH":"5","QM":"5","MG":"5","JM":"5","QG":"5"},"XR":{"QW":"5","R9":"5","VX":"5","JH":"5","44":"5","H5":"5","G6":"5","JJ":"5","28":"5"},"CH":{"32":"5"},"JF":{"CH":"5","PG":"5","HH":"5","8Q":"5"},"QP":{"3F":"5","5Q":"5"},"PJ":{"6C":"5","GM":"5","8G":"5","GP":"5","HM":"5","7C":"5","5C":"5","7F":"5","HP":"5"},"7F":{"57":"5"}},"QV":{"RM":{"5X":"5","5Q":"5","5R":"5","5W":"5","5V":"5","6Q":"5","6R":"5","6V":"5","6X":"5","6W":"5"},"Q4":{"4F":"5"},"66":{"HR":"5","JP":"5","PQ":"5","PR":"5","QP":"5","MW":"5","QQ":"5","JQ":"5","JX":"5","JR":"5","HV":"5","MQ":"5","MP":"5","JW":"5","JV":"5","GR":"5","PP":"5","PV":"5","QR":"5","PW":"5","MV":"5","GV":"5","MR":"5"},"MC":{"58":"5"},"86":{"2Q":"5","4Q":"5","4P":"5"},"V6":{"82":"5","63":"5","62":"5","72":"5","73":"5"},"F8":{"XC":"5","XG":"5","8H":"5","G8":"5","73":"5","WC":"5","XF":"5","X9":"5","79":"5"},"H7":{"CH":"5","9C":"4","FG":"5","CJ":"5","7Q":"5"},"M8":{"8C":"5"},"P3":{"8M":"5","7M":"5","6M":"5","7J":"5"},"F5":{"PW":"5","QF":"5","PV":"5","QW":"5","MX":"5","MW":"5","GC":"5","PF":"5","QC":"5","QV":"5"},"G6":{"G5":"5"},"P7":{"WX":"5"},"F6":{"54":"5","8J":"5","4J":"5","R3":"5"},"GF":{"94":"5"},"G9":{"Q4":"5","P6":"5","V6":"5","M8":"5","P3":"5","Q2":"5","63":"5","P5":"5","X2":"5","P7":"5","V4":"5","W2":"5","R5":"5","X4":"5","X5":"5","X3":"5","JV":"5","W5":"5","32":"5","4X":"5","X6":"5","8H":"5","GG":"5","R6":"5","P2":"5","Q5":"5","V5":"5","53":"5","9H":"5","33":"5","Q3":"5","QP":"5","Q7":"5","R2":"5","R4":"5","Q6":"5","V3":"5","PJ":"5","W3":"5","43":"5","F4":"5","62":"5","W4":"5","W6":"5","6X":"5","V2":"5","P4":"5","R3":"5","42":"5","52":"5"},"C8":{"P6":"5","Q6":"5","28":"5","6Q":"5"},"RP":{"53":"5","64":"5","63":"5","55":"5","62":"5","52":"5","54":"5","65":"5"},"G7":{"MV":"5","GX":"5","CW":"5","8C":"5","FW":"5","JX":"5","CX":"5","2R":"5","HX":"5","FX":"5","9X":"5","98":"5"},"JF":{"88":"5"},"C5":{"7Q":"5"},"HV":{"HJ":"5","FF":"5"},"79":{"V9":"5","W9":"5","WC":"5","VC":"5"},"GQ":{"QH":"5"},"73":{"4W":"5"},"R7":{"83":"5"},"26":{"38":"5","J2":"5","49":"5","48":"5","39":"5"},"HM":{"J3":"5"},"J8":{"QW":"5","HR":"5","FV":"5","CP":"5","CQ":"5","GP":"5","FQ":"5","HV":"5","GW":"5","HM":"5","FP":"5","GR":"5","FG":"5","HP":"5","8C":"5","HQ":"5","GV":"5"},"9P":{"WR":"5"},"P8":{"HM":"5"},"C3":{"XJ":"5"},"G4":{"6C":"5"},"88":{"RW":"5","VV":"5","VR":"5","RV":"5","RR":"5","VW":"5"},"QF":{"H5":"5"},"M5":{"W6":"5","44":"5"},"9C":{"M8":"5","G3":"5"},"H3":{"7G":"5","47":"5","7H":"5"},"H2":{"F3":"5","2C":"5","29":"5","F4":"5"},"F2":{"6P":"5"},"V5":{"8X":"5","7W":"5","6X":"5","7X":"5"},"PQ":{"P7":"5"},"H6":{"38":"5","49":"5","29":"5","28":"5","3C":"5","3F":"5","39":"5"},"7H":{"RP":"5"},"G2":{"7G":"5","CF":"5","F7":"5","F6":"5","F9":"5","87":"5","C9":"5","FF":"5"},"Q3":{"WM":"5"},"FF":{"XQ":"5"},"H4":{"8R":"5"},"G3":{"XX":"5","H3":"5","JM":"5","JH":"5","3W":"5"},"C7":{"VP":"5"},"HX":{"G9":"5"},"W7":{"23":"5"},"77":{"4X":"5"},"XJ":{"6G":"5","6H":"5"},"R2":{"FM":"5"},"65":{"XM":"5"},"GC":{"78":"5"},"F7":{"2G":"5","VX":"5","92":"5","JV":"5","9P":"5"},"G8":{"89":"5","RW":"5","MH":"5","95":"5","FC":"5","J4":"5","F3":"5","VX":"5","H6":"5","7J":"5","G7":"5","39":"5","G2":"5","GG":"5","F6":"5","H4":"5","RR":"5","69":"5","GC":"5","6X":"5","J3":"5","7G":"5","2C":"5","WV":"5","VR":"5","H8":"5","CQ":"5","9Q":"5","4W":"5","G3":"5","38":"5","RX":"5","C3":"5","6C":"5","H3":"5","FF":"5","MG":"5","3X":"5","XV":"5","PW":"5","F4":"5","F2":"5","C4":"5","6W":"5","29":"5","JG":"5","VW":"5","8H":"5","RV":"5","CR":"5","7R":"5","5X":"5","2F":"5","9H":"5","H2":"5","93":"5","G5":"5","WR":"5","QX":"5","79":"5","FG":"5","3C":"5","CJ":"5","5M":"5","CG":"5","8C":"5","9R":"5","8G":"5","67":"5","FJ":"5","92":"5","G6":"5","F8":"5","H5":"5","8F":"5","PR":"5","FH":"5","QW":"5","QR":"5","99":"5","C2":"5","H7":"5","8R":"5","8X":"5","F5":"5","3W":"5","J2":"5","XX":"5","6J":"5","WX":"5","VV":"5","FQ":"5","9F":"5","7Q":"5","5W":"5","8Q":"5","J5":"5","9G":"5","GF":"5","XW":"5","PX":"5","4X":"5","G8":"5","7H":"5","WW":"5","PV":"5","RQ":"5","XR":"5","CH":"5","JF":"5","94":"5","G4":"5","QV":"5","2G":"5"},"FC":{"7F":"5","VQ":"5","7C":"5","JH":"5","HQ":"5","QJ":"5"},"99":{"5P":"5","3P":"5","CX":"5","2M":"5","FX":"5","XH":"5"},"JX":{"PH":"5"},"64":{"X5":"5"},"55":{"PQ":"5"},"HJ":{"H9":"5"},"F4":{"RW":"5","Q6":"5","RX":"5","8P":"5","56":"5","QP":"5","55":"5","66":"5","65":"5"},"62":{"49":"5","5F":"5","69":"5","6C":"5","4F":"5","3C":"5","39":"5","8G":"5","5H":"5","5G":"5","6H":"5","59":"5","7C":"5","6F":"5","5C":"5","6G":"5","7G":"5","4C":"5","7F":"5","4G":"5"},"8C":{"M2":"5"},"W6":{"2X":"5"},"89":{"WF":"5","XH":"5","VH":"5","WH":"5","VJ":"5","VF":"5","VG":"5","WG":"5","WJ":"5","WM":"5","XG":"5","XJ":"5"},"HC":{"3H":"5","H4":"5","R3":"5"},"22":{"64":"5"},"H8":{"M7":"5","M6":"5","4Q":"5","J6":"5","J7":"5"},"P4":{"GR":"4","VF":"5"},"G5":{"P8":"5","PC":"5","4F":"5","M8":"5","59":"5","P9":"5","96":"5","R8":"5","QG":"5","V6":"5","R5":"5","Q7":"5","R7":"5","RC":"5","49":"5","QC":"5","VC":"5","Q6":"5","PG":"5","V9":"5","P7":"5","VF":"5","R6":"5","VG":"5","QF":"5","GX":"5","V7":"5","J8":"5","RF":"5","J7":"5","PF":"5","F6":"5","Q9":"5","M7":"5","Q8":"5","P6":"5","R9":"5","Q5":"5","P5":"5","RG":"5"},"R3":{"F4":"5"},"C6":{"93":"5","QC":"5"}},"PR":{"4W":{"RM":"5","PM":"5","RQ":"5","RH":"5","VH":"5","QJ":"5","RP":"5","PH":"5","PQ":"5","QH":"5","QP":"5","QQ":"5","RG":"5","PJ":"5","VG":"5","RJ":"5","MP":"5","PP":"5","QM":"5"},"XX":{"9R":"5"},"JP":{"RG":"5"},"R8":{"RR":"5"},"RR":{"X6":"5","W7":"5","X5":"5","X7":"5","X8":"5","W8":"5"},"9M":{"XW":"5"},"3V":{"3Q":"5","8P":"5","3R":"5","7W":"5","4R":"5","4Q":"5"},"2W":{"RG":"5","WF":"5","RF":"5","WC":"5","VF":"5","V4":"5","VC":"5","X4":"5","X5":"5","WX":"5","VW":"5"},"3W":{"54":"5","46":"5","64":"5","47":"5","56":"5","45":"5","55":"5"},"WW":{"V9":"5","GX":"5","9W":"5","QQ":"5"},"GP":{"WW":"5"},"CM":{"CF":"5","9G":"5","9F":"5"},"WX":{"R9":"5","P6":"5","MC":"5","PG":"5","R8":"5","QJ":"5","H7":"5","P5":"5","FW":"5","G6":"5","V4":"5","J9":"5","PF":"5","G7":"5","Q8":"5","R5":"5","Q9":"5","W5":"5","PM":"5","R7":"5","JC":"5","J8":"5","P8":"5","PH":"5","QF":"5","M5":"5","R6":"5","P9":"5","H9":"5","Q5":"5","QH":"5","H6":"5","PC":"5","RW":"5","Q7":"5","Q6":"5","J6":"5","G8":"5","MF":"5","PJ":"5","M6":"5","QM":"5","QC":"5","H5":"5","J5":"5","H8":"5","G5":"5","J7":"5","QG":"5"},"JW":{"M3":"5","RV":"5","PV":"5","QV":"5","Q3":"5","PR":"5","QR":"5","VR":"5","VQ":"5","MV":"5","M2":"5","P2":"5","RQ":"5","PQ":"5","QQ":"5","P3":"5","RR":"5"},"VR":{"25":"5","37":"5","34":"5","38":"5","23":"5","26":"5","24":"5","36":"5","35":"5","27":"5","28":"5"},"MG":{"GM":"5"},"HM":{"8X":"5"},"2X":{"GQ":"5","XP":"5","XH":"5","GM":"5","JH":"5","WH":"5","QH":"5","HG":"5","GH":"5","WP":"5","HJ":"5","GP":"5","JM":"5","FM":"5","JG":"5","HH":"5","HM":"5","WJ":"5","WM":"5","FH":"5","XG":"5","XJ":"5","GJ":"5","MJ":"5","JJ":"5","FJ":"5","HP":"5","XM":"5"},"JV":{"JW":"5","JV":"5","PV":"5","QV":"5","MQ":"5","PR":"5","JR":"5","QR":"5","MR":"5","JX":"5","HR":"5","MV":"5","JM":"5","JQ":"5","HV":"5","JP":"5","HQ":"5","MW":"5","MX":"5","PQ":"5","MP":"5","PW":"5","MM":"5","QW":"5","PX":"5","HP":"5"},"WM":{"CJ":"5"},"FH":{"Q2":"5"},"3X":{"2G":"5","2J":"5","3H":"5","3J":"5","2M":"5","2P":"5","2H":"5","3W":"5"},"2M":{"Q3":"5"},"7R":{"CJ":"5"},"M5":{"3J":"5"},"HP":{"C8":"5","96":"5","C6":"5","7M":"5","5P":"5","7P":"5","99":"5","97":"5","4J":"5","F5":"5","6P":"5","98":"5","F7":"5","4M":"5","C5":"5","C9":"5","78":"5","5M":"5","5J":"5","F6":"5","4P":"5","C7":"5","5Q":"5","F8":"5","6M":"5"}},"JX":{"X6":{"CC":"5"},"3M":{"JF":"5"},"C4":{"JQ":"5"}},"RR":{"QX":{"QQ":"5"},"RX":{"CH":"5"},"53":{"9H":"5"},"X9":{"HX":"5"},"RW":{"G3":"5"},"X5":{"MV":"5","FQ":"5"},"55":{"Q2":"5","P3":"5","R9":"5","Q3":"5","VX":"5","M9":"5","QG":"5","Q4":"5","R8":"5","H4":"5","V3":"5","PC":"5","Q9":"5","R3":"5","QF":"5","PG":"5","RC":"5","Q7":"5","RG":"5","Q8":"5","R4":"5","P2":"5","M8":"5","QC":"5","MG":"5","RV":"5","P8":"5","PF":"5","MC":"5","MH":"5","R2":"5","MF":"5","P9":"5"},"62":{"4H":"5","4M":"5","3P":"5","4R":"5","4Q":"5","3M":"5","4J":"5","4P":"5"},"P2":{"4M":"5"},"4Q":{"4X":"5"},"M8":{"56":"5"},"52":{"RG":"5","RF":"5","VF":"5"},"M7":{"JC":"4","J9":"4"},"X6":{"G3":"5"},"X4":{"G8":"5","Q5":"5"},"4X":{"FM":"4","CP":"5","CM":"4|5"},"J8":{"WQ":"5"},"75":{"99":"5","CC":"5","9C":"5","C9":"5"},"M5":{"8Q":"5"},"73":{"2H":"5"},"54":{"38":"5","PX":"5","PW":"5","PV":"5","QW":"5","QX":"5","39":"5"},"GV":{"J2":"5"}},"MV":{"Q2":{"V3":"5","84":"5"},"PH":{"Q2":"5","P3":"5","M3":"5","Q3":"5","M4":"5","Q4":"5","Q5":"5","R5":"5","R3":"5","P4":"5","R4":"5","P2":"5","P5":"5","R2":"5","M5":"5"},"PG":{"QX":"5"}},"JW":{"MV":{"VP":"5"},"76":{"47":"5","48":"5"},"59":{"CC":"5"},"66":{"4X":"5"}},"8X":{"4J":{"QQ":"5"},"CP":{"FM":"5"},"P6":{"H7":"5"},"XW":{"3P":"5"},"WQ":{"R4":"5"},"C8":{"69":"5","9G":"5","4H":"5","8F":"5","2G":"5","8H":"5","8G":"5","9F":"5","6H":"5","CG":"5","7C":"5","6F":"5","7G":"5","CF":"5","7H":"5"},"M6":{"J3":"5","HM":"5","9P":"5","9Q":"5"},"P5":{"4R":"5"},"X2":{"C3":"5"},"5J":{"5R":"5"},"8V":{"QQ":"5"},"XG":{"XM":"5"},"PV":{"37":"5"},"98":{"WP":"5","XM":"5","WF":"5","RF":"5","XQ":"5"},"6W":{"27":"5"}},"RX":{"V8":{"84":"5"},"HF":{"RW":"5","QW":"5","3C":"5"},"CP":{"3J":"5"},"XF":{"W5":"5","V7":"5","X9":"5"},"G6":{"HW":"5","JX":"5","JW":"5","HX":"5"},"GG":{"FC":"5"},"XG":{"HJ":"5","CM":"5","CJ":"5"}},"6X":{"XH":{"W7":"5","J5":"5","M5":"5","F4":"5","54":"5","M6":"5","R7":"5","Q7":"5","34":"5","44":"5","Q6":"5","M9":"5","J4":"5","74":"5","G4":"5","V7":"5","24":"5","94":"5","84":"5","64":"5","P6":"5","X7":"5","H4":"5","C4":"5"},"2J":{"RX":"5"},"RX":{"HX":"5"},"H9":{"4R":"5","4Q":"5"},"M9":{"9Q":"4"},"2G":{"JW":"4"},"WH":{"X4":"5"},"2Q":{"C8":"4"},"PC":{"FF":"5"},"2W":{"4X":"5","3X":"5","5X":"5"},"RC":{"22":"5"},"CG":{"XJ":"5","XH":"5"},"JG":{"JV":"5","JW":"5","HV":"5"},"WG":{"GX":"5"},"2X":{"52":"5","42":"5"},"RF":{"33":"5"},"MH":{"CG":"5","FH":"5","CH":"5"},"2M":{"9Q":"4"},"XG":{"QR":"5"},"FG":{"2J":"5","2H":"5"},"GV":{"2J":"5"}},"XM":{"R2":{"5J":"5"},"H9":{"VJ":"5","RJ":"5"}},"PX":{"9M":{"3R":"5","4Q":"5"},"8J":{"RW":"5","VW":"5"},"HW":{"95":"5"},"75":{"R4":"5","R5":"5"},"7J":{"87":"5"},"85":{"35":"5","37":"5","34":"5","69":"5","58":"5","27":"5"},"VW":{"W5":"5"}},"JR":{"9C":{"9R":"5"},"M9":{"68":"5"},"8X":{"CX":"5"},"78":{"95":"5"},"CM":{"QF":"5","29":"5","Q9":"5","QC":"5"},"J9":{"WW":"5"},"FM":{"6G":"5"},"CX":{"J2":"5","Q4":"5","M2":"5"},"CW":{"MW":"5"},"3H":{"XV":"5","XR":"5"},"GJ":{"8M":"5"}},"GV":{"P3":{"M5":"5"},"RH":{"VW":"5"},"PH":{"RR":"5"},"JH":{"C5":"5"},"VJ":{"M4":"5"},"5R":{"M8":"5","P8":"5"},"HG":{"X5":"5"},"CP":{"X2":"5"},"HJ":{"GQ":"5","FW":"5","9G":"5","C9":"5","VC":"5","RR":"5","JH":"5","QH":"5","QF":"5","R7":"5","F8":"5","V4":"5","CH":"5","CC":"5","FC":"5","9H":"5","F9":"5","CF":"5","FF":"5"},"FM":{"8G":"5"},"HH":{"JR":"5"},"3X":{"37":"5"},"MH":{"GV":"5","CW":"5","FV":"5","FW":"5","9W":"5","9X":"5"},"MM":{"9R":"5","37":"5","47":"5"},"GJ":{"49":"5"},"MJ":{"V5":"5","Q6":"5","V6":"5","R6":"5","JP":"5","Q5":"5","JH":"5","R5":"5","VF":"5","R7":"5","JX":"5","R4":"5","JM":"5","V4":"5","W6":"5","8V":"5","MM":"5","JJ":"5"},"JJ":{"X4":"5"},"FJ":{"XJ":"5"},"JF":{"27":"5"}},"QR":{"PP":{"C3":"5","94":"5"},"PC":{"GG":"5"},"PM":{"44":"5","5R":"5"},"W2":{"V7":"5"},"6Q":{"6W":"5","6X":"5"},"V2":{"FR":"5"},"QP":{"XH":"5"},"VV":{"9J":"5"},"MR":{"7P":"5"},"JX":{"26":"5"},"V9":{"PP":"5"},"F5":{"54":"5"},"82":{"9W":"5","Q7":"5"},"R6":{"VV":"5"},"JQ":{"8F":"5"},"G2":{"HX":"5"},"GX":{"CV":"5","CW":"5"},"Q2":{"89":"5"},"C5":{"9V":"5","7W":"5","7V":"5","CW":"5","9W":"5","CV":"5","8W":"5","8V":"5","7X":"5"},"3C":{"9H":"5"},"H3":{"4H":"5","5H":"5","95":"5","4M":"5","5J":"5","6V":"5"},"62":{"8H":"5"},"6R":{"53":"5","64":"5","63":"5","55":"5","62":"5","52":"5","54":"5","65":"5"},"R2":{"CQ":"5"},"HX":{"WW":"5"},"6V":{"32":"5","24":"5","35":"5","34":"5","33":"5","23":"5","JW":"5","45":"5"},"F3":{"W9":"5"},"GV":{"7Q":"5","CP":"5","GM":"5","9Q":"5","7W":"5","CM":"5","6Q":"5","FP":"5","GP":"5","7P":"5","FJ":"5","GJ":"5","9J":"5","FM":"5","9V":"5","8Q":"5","7V":"5","CJ":"5","9P":"5","7R":"5","9R":"5","8V":"5","8R":"5","8P":"5","9W":"5","6R":"5","6V":"5","CQ":"5","8W":"5"},"F8":{"J3":"5"},"GW":{"XG":"5","9X":"5"}}}}