{"88":{"V9":{"H7":{"PR":"5","GC":"5","5H":"5","3P":"5","9V":"5","8Q":"5","8R":"5","9J":"5","9R":"5","C8":"5","6Q":"5","CV":"5","P7":"5","MH":"5","CR":"5","PV":"5","C7":"5","9Q":"5"},"24":{"CJ":"5"},"M8":{"37":"5"},"J2":{"2P":"4"},"G4":{"GH":"5"},"33":{"W4":"5"},"H2":{"MC":"4","XH":"4","QJ":"4"},"G5":{"9Q":"5"},"H8":{"X8":"5","77":"5","C9":"5","X7":"5","Q8":"5","97":"5","P6":"5","M8":"5","M6":"5","CC":"5","M5":"5","C3":"5","79":"5"},"H6":{"8V":"5"},"G9":{"FH":"5"}},"HG":{"P2":{"QW":"4","QX":"4","RX":"4","PQ":"4","RW":"4","PR":"4","PX":"4","MW":"4","JX":"4","MX":"4","MQ":"4","MP":"4","JW":"4","QV":"4","PP":"4","MM":"4","PV":"4","QR":"4","PW":"4","MV":"4","MR":"4"},"P3":{"Q2":"4","M3":"4","P3":"4","Q3":"4","M2":"4|5","M4":"4","Q4":"4","V3":"4","R3":"4","P4":"4","J3":"4","P2":"4","G3":"4","J4":"4","J2":"4","R2":"4","M5":"4","V2":"4"}},"W6":{"W8":{"MQ":"5","QQ":"5"}},"R2":{"52":{"HJ":"5"},"62":{"3M":"5"}},"V2":{"RJ":{"QF":"5"}},"M2":{"W5":{"W5":"4","W2":"4"},"X6":{"56":"5","66":"5"}},"V5":{"3J":{"27":"5","26":"5"},"4J":{"2C":"5"}},"V7":{"8X":{"8X":"5","8W":"5","7W":"5","6W":"5","6X":"5","7X":"5","7V":"5","5X":"5"},"CM":{"82":"5"}},"W3":{"J2":{"8F":"5","FC":"5","F9":"5","98":"5"},"G3":{"8C":"5","89":"5"},"HC":{"2Q":"5","2H":"5"},"GF":{"55":"4"}},"V8":{"CQ":{"VV":"4"},"82":{"56":"5","23":"5","9F":"5","6G":"5","52":"5","43":"5","95":"5","33":"5","76":"5","63":"5","59":"5","48":"5","8F":"5","54":"5","34":"5","44":"5","6F":"5","49":"5","73":"5","77":"5","72":"5","53":"5","65":"5","38":"5","26":"5","55":"5","7G":"5","8G":"5","57":"5","7C":"5","89":"5","75":"5","66":"5","36":"5","79":"5","82":"5","37":"5","74":"5","83":"5","9G":"5","69":"5","35":"5","24":"5","94":"5","45":"5","4C":"5","42":"5","78":"5","25":"5","84":"5","7F":"5","58":"5","64":"5","62":"5","85":"5","67":"5","68":"5","8C":"5","5C":"5","46":"5","6C":"5","7H":"5","86":"5","47":"5"},"MP":{"CW":"4"},"72":{"2H":"5"},"PQ":{"P2":"5"},"HP":{"VG":"5"},"V3":{"28":"5"},"MQ":{"WM":"5"}},"X6":{"4M":{"W5":"5","X5":"5"}},"W4":{"W5":{"X8":"5"}},"W7":{"XC":{"3G":"5"},"WC":{"6G":"5"},"X9":{"FC":"5"}},"V3":{"J8":{"75":"5"}},"V6":{"MH":{"HC":"5"},"V5":{"94":"5"},"V6":{"7V":"5"},"36":{"XX":"5"}},"V4":{"GJ":{"F6":"5"},"J9":{"7P":"5","6P":"5"}},"Q2":{"V2":{"V8":"5","V5":"5","V6":"5","R8":"5","VF":"5","R7":"5","V7":"5","XJ":"5"},"W2":{"99":"5","4R":"5","59":"5"}},"X4":{"5H":{"F8":"5"},"G3":{"3P":"5","2P":"5"}},"R6":{"WJ":{"G3":"5"}},"R5":{"RJ":{"X7":"5"},"QR":{"PX":"5","MX":"5","HC":"5"},"QV":{"P2":"5","Q4":"4","M2":"5"},"QQ":{"3J":"4"}},"X8":{"3C":{"9M":"5"},"4C":{"XV":"5"}},"W8":{"MW":{"X6":"5"},"JX":{"M8":"5","M7":"5","M6":"5","M5":"5"},"JW":{"GV":"5","GR":"5"},"J6":{"WR":"5"}},"W2":{"FR":{"M5":"5"},"FP":{"7P":"5"}}},"index":{"university,1|retail,2|tourism,3|wreck,4|historical,5|artsCulture,6|namedBuilding,7|water,8|wetland,9|park,10|beach,11|natureReserve,12|cemetery,13|trail,14":{}}}