{"index":{"university,1|retail,2|tourism,3|wreck,4|historical,5|artsCulture,6|namedBuilding,7|water,8|wetland,9|park,10|beach,11|natureReserve,12|cemetery,13|trail,14":{}},"89":{"8P":{"XW":{"M5":"5"},"XV":{"2X":"5"},"XR":{"9W":"5"},"WX":{"XJ":"5","HJ":"5","HM":"5"},"WV":{"W3":"5"}},"CJ":{"PM":{"PW":"5"},"QJ":{"HR":"5"},"QP":{"XR":"5","XQ":"5"},"MW":{"2G":"5","6F":"5","PV":"5","84":"5"},"QQ":{"X3":"5","VG":"5","RM":"5"},"JQ":{"XJ":"5","XG":"5","WF":"5","WJ":"5","VM":"5","XH":"5"},"PJ":{"8Q":"5"},"MX":{"W5":"5"},"MQ":{"2Q":"5","2G":"5","4H":"5","2F":"5","5P":"5","2C":"5","HC":"5","4C":"5","3F":"5","2P":"5","5J":"5","5Q":"5"},"MP":{"49":"5","4M":"5"},"JW":{"X3":"5"},"QV":{"7W":"5"},"JV":{"XJ":"5"},"QR":{"CF":"5"},"PW":{"MW":"5","6X":"5","JR":"5"}},"CH":{"CP":{"2V":"5"},"J9":{"47":"5","2C":"5"},"PP":{"PP":"5"},"9Q":{"M5":"5"},"H8":{"X9":"5","26":"5","QQ":"5"},"FF":{"J7":"5"},"MQ":{"HW":"5","JJ":"5","MJ":"5","HV":"5"},"MR":{"GP":"5"},"G9":{"R9":"5","VV":"5","9G":"5","Q4":"5","Q5":"5","GC":"5","Q9":"5","P4":"5","RC":"5","VG":"5","CG":"5","XF":"5","CH":"5","QC":"5","P5":"5","RF":"5","FC":"5","X6":"5","9H":"5","F9":"5","WV":"5","MF":"5","JF":"5","V2":"5","XM":"5"},"H5":{"XJ":"5","XG":"5","RF":"5"},"JX":{"2P":"5"},"CW":{"35":"5"},"H6":{"7G":"5","J8":"5","8H":"5","3X":"5","J7":"5","FF":"5"},"H7":{"2P":"5"},"GF":{"QQ":"5"},"MW":{"37":"5"},"J6":{"5P":"5","4R":"5","5R":"5"},"J8":{"8M":"5","8R":"5","72":"5","CP":"5","CM":"5","GH":"5"},"J7":{"QH":"5","PX":"5","PW":"5"},"CG":{"MX":"5"},"H9":{"HG":"5","GJ":"5","WW":"5","WM":"5","9V":"5"}},"48":{"WR":{"8X":"4"}},"FC":{"MV":{"MV":"5","FQ":"5"},"9R":{"F3":"5","F2":"5"},"PW":{"47":"5"},"PV":{"6Q":"5"},"FP":{"9W":"5","9V":"5"},"FV":{"7C":"5","79":"5"}},"FH":{"3X":{"JV":"5"}},"9P":{"P8":{"QG":"5","VR":"5","P9":"5","P8":"5","RC":"5","VF":"5","PG":"5","QJ":"5"},"PP":{"M4":"5"},"RV":{"M3":"5","M2":"5","M4":"5","53":"5","63":"5","J3":"5","45":"5","C4":"5","G2":"5","J2":"5","46":"5","94":"5","65":"5"},"PC":{"WF":"5","W9":"5","WC":"5","WG":"5"},"PM":{"GJ":"5","G7":"5"},"P9":{"V5":"5","X9":"5","XH":"5"},"R8":{"P6":"5","MJ":"5"},"RJ":{"H9":"5"},"Q7":{"3H":"5"},"R5":{"V8":"5","GH":"5"},"QR":{"8R":"5","JV":"5","6V":"5"},"QC":{"74":"5"},"VP":{"24":"5","46":"5","5P":"5","49":"5","2C":"5","3V":"5","27":"5"},"VR":{"38":"5","2J":"5","2F":"5","22":"5"},"RH":{"2X":"5"},"VQ":{"2V":"5","2W":"5","3Q":"5","22":"5","2X":"5","3M":"5","2M":"5","29":"5","27":"5"},"V5":{"WH":"5","JW":"5","Q8":"5"},"PG":{"73":"5","9V":"5"},"PJ":{"93":"5"},"2R":{"4W":"5"},"QM":{"CQ":"5","29":"5","87":"5","GM":"5"},"RM":{"XX":"5"},"PH":{"H9":"5","CP":"5","GP":"5","CX":"5","87":"5","79":"5"},"RQ":{"W5":"5","XH":"5","X9":"5","WC":"5","W7":"5","XW":"5","W6":"5","6Q":"5","X2":"5","4G":"5"},"PQ":{"X3":"5","W3":"5"},"QQ":{"X6":"5","5J":"5"},"RF":{"95":"5","FH":"5","8F":"5","87":"5"},"RR":{"XJ":"5","MV":"5","XG":"5","WP":"5","VV":"5","X9":"5","X5":"5","XQ":"5","X2":"5"},"RP":{"W5":"5","VV":"5","W4":"5","XX":"5","X7":"5","VC":"5","WH":"5","VJ":"5","VG":"5","WJ":"5","X4":"5","XJ":"5"},"PF":{"CM":"5","6W":"5"},"VM":{"2V":"5"},"Q9":{"44":"5","M5":"5","75":"5"},"Q8":{"H4":"5"},"RG":{"G2":"5"}},"FJ":{"22":{"J8":"5"}}}}