{"8M":{"8W":{"57":{"HX":"5"},"58":{"9J":"5"}},"5V":{"24":{"6Q":"5"},"99":{"V9":"5","W9":"5","WC":"5","VC":"5"},"72":{"37":"5","27":"5"},"48":{"FJ":"5"},"73":{"8P":"5","9P":"5","8Q":"5","9Q":"5"},"26":{"5W":"5"},"94":{"G6":"5"}},"4V":{"R4":{"P8":"5","P7":"5"},"X6":{"WV":"5"},"V3":{"WG":"5"},"R6":{"GR":"5"}},"W6":{"RP":{"GJ":"5","FJ":"5"},"P4":{"47":"5"},"R4":{"R4":"5","V4":"5"},"V7":{"V6":"5"},"QC":{"3G":"5"},"QV":{"89":"5","79":"5"},"PF":{"W8":"5"},"MC":{"FW":"5"},"P7":{"FH":"5"},"V2":{"F7":"5"}},"32":{"3G":{"8P":"5","9P":"5","7P":"5","8Q":"5","7Q":"5","9Q":"5"}},"FC":{"6X":{"GC":"5"},"6R":{"W8":"5"}},"V2":{"6V":{"8P":"5","6M":"5","87":"5","6P":"5"}},"GR":{"FM":{"52":"5","62":"5","72":"5"},"HP":{"CQ":"5","9R":"5","CV":"5","FQ":"5","9V":"5","CR":"5","9Q":"5"},"GG":{"JW":"5","JV":"5","PV":"5","GM":"5","MQ":"5","GP":"5","HM":"5","PR":"5","JR":"5","MR":"5","GR":"5","HR":"5","MV":"5","GQ":"5","JM":"5","JQ":"5","HV":"5","JP":"5","HW":"5","HQ":"5","MW":"5","MP":"5","MM":"5","GV":"5","GW":"5","HP":"5"},"FJ":{"6X":"5","5X":"5"},"CJ":{"CG":"5","CF":"5","CC":"5","FC":"5","FF":"5"},"G9":{"WW":"5","WV":"5"}},"V8":{"54":{"HP":"5","JP":"5","HQ":"5"}},"W5":{"HJ":{"7V":"5"},"2C":{"32":"5","42":"5","34":"5","33":"5","43":"5"},"HM":{"8F":"5"},"M6":{"W5":"5"}},"G2":{"JQ":{"WR":"5"}},"GG":{"FV":{"QF":"5","MC":"5","MF":"5","49":"5","48":"5","P9":"5","PC":"5","77":"5","PF":"5","58":"5","PG":"5","QC":"5","59":"5","C2":"5"},"J4":{"V9":"5","W9":"5","V8":"5","W8":"5"},"H8":{"79":"5"}},"CP":{"PQ":{"H3":"5","H2":"5","H4":"5"},"3F":{"4P":"5","5P":"5","4M":"5","5Q":"5","3P":"5","4Q":"5","3M":"5","2M":"5","2P":"5","5M":"5"}},"WH":{"2J":{"3Q":"5","3R":"5"}},"H4":{"PW":{"99":"5","C8":"5","F8":"5","CC":"5","FC":"5","F9":"5","C9":"5","98":"5"},"QV":{"RX":"5"}},"RR":{"W5":{"F7":"5","F6":"5","G7":"5","G6":"5"},"97":{"F3":"5","C3":"5"}},"X3":{"PH":{"5F":"5"}},"73":{"GV":{"6J":"5"}},"GC":{"QW":{"Q6":"5","P8":"5","Q8":"5","Q7":"5","P7":"5"},"RQ":{"Q2":"5","P3":"5","M3":"5","Q3":"5","M4":"5","P4":"5","P2":"5","P5":"5","M5":"5"},"RX":{"CG":"5","CF":"5","RP":"5","CC":"5","FC":"5","QP":"5","FF":"5"},"RP":{"QW":"5","QX":"5"},"VJ":{"48":"5"},"PX":{"2Q":"5","3V":"5","2P":"5"},"9J":{"F8":"5","F7":"5","G8":"5"},"RJ":{"RM":"5","VV":"5","RQ":"5","RH":"5","RP":"5","PQ":"5","RW":"5","QH":"5","QQ":"5","RG":"5","WW":"5","VP":"5","RJ":"5","VW":"5","VM":"5","VR":"5","RV":"5","WR":"5","WV":"5","MV":"5","MR":"5"},"MX":{"XP":"5","XQ":"5"},"8M":{"MC":"5","M9":"5","P9":"5","PC":"5","33":"5","PF":"5"},"XJ":{"F7":"5","F6":"5","G7":"5","C7":"5","G6":"5","C6":"5","F5":"5"}},"P3":{"J9":{"2V":"5"}},"RG":{"4X":{"VV":"5","RV":"5"}},"FV":{"QG":{"RW":"5"},"GX":{"76":"5","67":"5","77":"5","66":"5"}},"J3":{"V5":{"2G":"5"},"R5":{"XG":"5"}},"GQ":{"GQ":{"PJ":"5","4J":"5","6J":"5"},"2X":{"P2":"5","M2":"5"},"8W":{"44":"5"},"5V":{"32":"5","22":"5","45":"5"},"2W":{"PX":"5","MX":"5"},"5R":{"2X":"5","3X":"5"},"3W":{"5M":"5"}},"VR":{"PV":{"WF":"5","X9":"5","WC":"5","XC":"5","XF":"5","WG":"5","XG":"5","V2":"5","W9":"5"},"PJ":{"2F":"5","2C":"5","29":"5","3C":"5","3F":"5"},"PR":{"VX":"5","RX":"5"},"MJ":{"XC":"5","XF":"5","X9":"5"}},"H8":{"Q5":{"C5":"5","9G":"5"},"P4":{"HG":"5"},"P6":{"4R":"5"},"W8":{"MV":"5","MR":"5","PV":"5","PR":"5","QR":"5","PQ":"5","QQ":"5"},"M8":{"X2":"5"},"9W":{"HG":"5","JG":"5","JC":"5","HF":"5","JM":"5","JF":"5","JJ":"5","JH":"5","HH":"5","MM":"5"},"M7":{"XX":"5","XW":"5"},"P8":{"22":"5"},"P7":{"2X":"5","2W":"5"},"F9":{"RM":"5","RH":"5","QJ":"5","QG":"5","PH":"5","QH":"5","VF":"5","QF":"5","RC":"5","RG":"5","PJ":"5","VG":"5","RJ":"5","QC":"5","RF":"5","QM":"5"},"M5":{"99":"5","69":"5","7F":"5"}},"QM":{"RX":{"CV":"5"}},"MQ":{"66":{"2P":"5"}},"VC":{"QM":{"38":"5","29":"5","28":"5","39":"5"},"M3":{"Q6":"5","Q4":"5","R7":"5","R4":"5","V5":"5","V7":"5","Q5":"5","V6":"5","R6":"5","R5":"5"},"Q3":{"Q4":"5","R4":"5","V5":"5","Q5":"5","V4":"5","R5":"5"},"V4":{"CQ":"5","9R":"5","CP":"5","9P":"5","CR":"5","9Q":"5"},"PM":{"V8":"5","R9":"5","QG":"5","VC":"5","PH":"5","R8":"5","JH":"5","PG":"5","QF":"5","RC":"5","V9":"5","JG":"5","PF":"5","MJ":"5","JJ":"5"},"M4":{"8C":"5","9C":"5","9F":"5"},"J7":{"P9":"5"},"R3":{"CV":"5","CW":"5"}},"FW":{"RV":{"VJ":"5","RG":"5","VG":"5","XM":"5","WM":"5","VH":"5","XP":"5","WJ":"5","XQ":"5"},"RJ":{"QW":"5","W5":"5","QX":"5","RQ":"5","W4":"5","VH":"5","RP":"5","VC":"5","RR":"5","WC":"5","VJ":"5","PX":"5","VF":"5","W7":"5","X3":"5","VG":"5","W8":"5","VP":"5","W6":"5","VM":"5","RV":"5","X2":"5","QV":"5","X4":"5","W9":"5"},"RX":{"MG":"5","P8":"5","M8":"5","Q3":"5","HM":"5","Q6":"5","M9":"5","HR":"5","JG":"5","JM":"5","P7":"5","GX":"5","HV":"5","MC":"5","HQ":"5","JJ":"5","JH":"5","R3":"5","MF":"5","R2":"5","P6":"5","GV":"5","Q5":"5","Q4":"5","GW":"5","HP":"5"},"R7":{"X2":"5"},"Q7":{"73":"5"},"R5":{"JW":"5","JV":"5","PV":"5","WJ":"5","XH":"5","QV":"5","RX":"5","WQ":"5","PR":"5","QP":"5","VV":"5","QR":"5","XJ":"5","VP":"5","VR":"5","QX":"5","VQ":"5","JX":"5","MV":"5","WH":"5","XP":"5","HV":"5","HW":"5","WR":"5","RQ":"5","MW":"5","MX":"5","PQ":"5","VW":"5","WM":"5","QQ":"5","XM":"5","RR":"5","PW":"5","RP":"5","HX":"5","VX":"5","WG":"5","WP":"5"},"X9":{"29":"5"},"VV":{"2Q":"5","4X":"5","2V":"5","3V":"5","2R":"5","4W":"5","3W":"5"},"VC":{"WW":"5","XV":"5","XR":"5","2M":"5","2P":"5","WV":"5","XQ":"5"},"V8":{"MG":"5","J9":"5","QP":"5","VV":"5","WW":"5","VR":"5","VQ":"5","H5":"5","PG":"5","PJ":"5","QM":"5","G3":"5","JC":"5","XX":"5","WV":"5","G2":"5","H6":"5","G4":"5","H7":"5","MC":"5","PH":"5","XW":"5","RQ":"5","J8":"5","QJ":"5","RP":"5","J7":"5","MF":"5","H4":"5"},"Q6":{"23":"5","43":"5","95":"5","33":"5","63":"5","W7":"5","J5":"5","M5":"5","V6":"5","F4":"5","M6":"5","R7":"5","Q7":"5","X8":"5","73":"5","53":"5","Q6":"5","H5":"5","F5":"5","74":"5","R6":"5","22":"5","H6":"5","V7":"5","94":"5","C5":"5","32":"5","J6":"5","84":"5","64":"5","G5":"5","P6":"5","X7":"5","C4":"5"},"QX":{"MV":"5","PW":"5","PV":"5","MW":"5"},"RH":{"XX":"5","XW":"5","XV":"5","XR":"5"},"V5":{"3C":"5","2G":"5","39":"5","8H":"5","3F":"5","3G":"5","7H":"5"},"V9":{"X3":"5","X2":"5"},"WC":{"5F":"5","6C":"5","4F":"5","4H":"5","2Q":"5","3J":"5","3H":"5","5C":"5","3M":"5","2M":"5","2P":"5","4G":"5"},"VF":{"H9":"5","8X":"5","J7":"5","HF":"5","GH":"5","GF":"5","9M":"5","9V":"5","CJ":"5","CM":"5","J9":"5","9R":"5","M6":"5","GG":"5","P5":"5","M7":"5","8W":"5","FH":"5","8V":"5","9P":"5","J8":"5","HC":"5","M5":"5","FJ":"5","9Q":"5"},"R6":{"RM":"5","29":"5","Q4":"5","39":"5","86":"5","59":"5","QJ":"5","P3":"5","WW":"5","F5":"5","P7":"5","M4":"5","RP":"5","VQ":"5","C5":"5","WV":"5","XW":"5","WR":"5","68":"5","Q9":"5","XX":"5","76":"5","96":"5","VR":"5","M3":"5","P8":"5","J2":"5","G4":"5","P9":"5","H3":"5","Q5":"5","H2":"5","27":"5","H6":"5","J4":"5","Q3":"5","49":"5","H4":"5","G3":"5","Q7":"5","77":"5","R2":"5","R4":"5","Q6":"5","M7":"5","J6":"5","F4":"5","M6":"5","38":"5","QM":"5","67":"5","H5":"5","VP":"5","V2":"5","G5":"5","58":"5","R3":"5","95":"5","28":"5","3C":"5"},"VG":{"5X":"5","77":"5","6C":"5","5P":"5","5Q":"5","76":"5","83":"5","5R":"5","78":"5","84":"5","6H":"5","86":"5","5W":"5","5V":"5","7C":"5","6F":"5","6J":"5","6G":"5","85":"5","6M":"5","82":"5","4X":"5","79":"5","5M":"5"},"V7":{"FW":"5","34":"5","8J":"5","7J":"5","FV":"5","FX":"5","8P":"5","23":"5","CQ":"5","59":"5","22":"5","8M":"5","24":"5","CV":"5","GX":"5","CR":"5","9P":"5","36":"5","46":"5","35":"5","9Q":"5"},"VJ":{"96":"5","86":"5","C7":"5","C6":"5","87":"5","97":"5"},"RM":{"CP":"5","H8":"5","9X":"5","M5":"5","FH":"5","GG":"5","M6":"5","FP":"5","FJ":"5","P4":"5","FM":"5","CW":"5","CR":"5","CV":"5","P2":"5","GF":"5","J6":"5","J8":"5","P3":"5","9W":"5","J7":"5","HC":"5","M4":"5","GC":"5","GH":"5","CQ":"5","H9":"5"},"XV":{"FP":"5"},"RQ":{"C8":"5","GM":"5","95":"5","FH":"5","C6":"5","GP":"5","FJ":"5","GR":"5","FM":"5","CF":"5","92":"5","GQ":"5","FG":"5","94":"5","C5":"5","C9":"5","CC":"5","C7":"5","93":"5","CG":"5"},"VW":{"37":"5","38":"5","42":"5","53":"5","39":"5","2C":"5","44":"5","2F":"5","52":"5","45":"5","47":"5","29":"5","46":"5","54":"5"},"W9":{"69":"5","34":"5","8J":"5","6C":"5","8H":"5","23":"5","9M":"5","8G":"5","9J":"5","9R":"5","45":"5","7V":"5","47":"5","24":"5","57":"5","58":"5","7C":"5","7G":"5","9P":"5","46":"5","7R":"5","7F":"5","35":"5","68":"5","9Q":"5"},"VH":{"43":"5","2J":"5","3F":"5","48":"5","2P":"5","2M":"5","44":"5","39":"5","3H":"5","38":"5","2R":"5","2Q":"5","45":"5","2H":"5","42":"5","3G":"5","3C":"5","46":"5","47":"5"},"RP":{"9F":"5","95":"5","9Q":"5","9X":"5","96":"5","8F":"5","99":"5","97":"5","8G":"5","9V":"5","92":"5","8Q":"5","98":"5","8V":"5","94":"5","8R":"5","8M":"5","9C":"5","8P":"5","8H":"5","9W":"5","8J":"5","93":"5"},"HX":{"FM":"5","FP":"5","CM":"5"},"P6":{"V2":"5","W2":"5","X2":"5"},"RW":{"VQ":"5","VV":"5","XH":"5","RX":"5","WH":"5","RW":"5","WP":"5","XF":"5","VP":"5","VW":"5","VR":"5","WJ":"5","WM":"5","XG":"5"},"Q5":{"3Q":"5","4R":"5","4Q":"5","4P":"5"},"P5":{"VX":"5"}},"R9":{"MQ":{"M3":"5","P2":"5","M2":"5","P3":"5"}},"5Q":{"RJ":{"WP":"5"}},"V3":{"FH":{"22":"5"},"G3":{"M2":"5"},"CH":{"X2":"5"}},"4W":{"76":{"WP":"5","WQ":"5","XP":"5","XQ":"5"},"F2":{"74":"5","2P":"5"}},"G3":{"JG":{"H3":"5"},"H3":{"9R":"5","9Q":"5"},"G7":{"XG":"5","XH":"5"},"JH":{"97":"5"}},"38":{"37":{"5W":"5","6W":"5"},"6Q":{"MP":"5"}},"43":{"94":{"W6":"5","W7":"5","QV":"5"}},"4P":{"VM":{"9F":"5"},"PH":{"JX":"5"}},"RX":{"57":{"G7":"5"}},"22":{"95":{"V7":"5","V8":"5","W7":"5","W8":"5"},"RQ":{"25":"5"}},"V7":{"4H":{"9M":"5"},"GJ":{"2C":"5"}},"62":{"Q4":{"2X":"5","2W":"5"}},"QH":{"57":{"5V":"5","5R":"5"}},"MG":{"45":{"68":"5","69":"5","58":"5","59":"5"}},"3X":{"WH":{"G7":"5","G6":"5"},"JX":{"H7":"5","8X":"5","J8":"5","P9":"5","PC":"5","PF":"5","Q9":"5","J7":"5","H8":"5"},"JV":{"2Q":"5","2R":"5"},"HV":{"XR":"5","XQ":"5"},"JR":{"MH":"5","MG":"5","PH":"5"},"MM":{"8H":"5","7H":"5","3M":"5","2M":"5","7J":"5"}},"G9":{"CW":{"2R":"5"},"JM":{"VW":"5"},"XR":{"H5":"5","H6":"5"}},"XH":{"W9":{"6X":"5","5V":"5","5X":"5"},"WC":{"52":"5","62":"5"}},"P7":{"M7":{"79":"5"}},"XV":{"R2":{"J7":"5"}},"MM":{"W6":{"36":"5"},"R3":{"9R":"5","CR":"5"}},"55":{"36":{"6F":"5"}},"3J":{"F3":{"82":"5"}},"2X":{"WQ":{"4X":"5"},"WJ":{"V3":"5","V6":"5"},"Q2":{"CQ":"5"}},"4Q":{"2Q":{"PX":"5"},"4X":{"7W":"5"},"3X":{"CR":"5","QQ":"5"}},"5R":{"P6":{"J2":"5","J3":"5","H3":"5","H2":"5"},"9R":{"7Q":"5","7R":"5"},"7V":{"C3":"5","C4":"5"}},"52":{"43":{"J5":"5","J4":"5"}},"GX":{"88":{"5F":"5","42":"5","43":"5","8X":"5","44":"5","7M":"5","7W":"5","6H":"5","7P":"5","59":"5","7Q":"5","45":"5","7V":"5","47":"5","58":"5","57":"5","6F":"5","6J":"5","5C":"5","6G":"5","6M":"5","46":"5","7R":"5"},"WH":{"H3":"5","H5":"5","H2":"5","H4":"5"},"76":{"WF":"5","V6":"5","XX":"5","WC":"5","WH":"5","W7":"5","WW":"5","V7":"5","W8":"5","XW":"5","WG":"5","WJ":"5","WM":"5","WV":"5","W9":"5"},"CP":{"CJ":"5"},"89":{"9C":"5","97":"5","CG":"5","CH":"5","FH":"5","82":"5","CF":"5","FJ":"5","99":"5","98":"5"},"GR":{"WP":"5","MX":"5","WQ":"5","JX":"5","VQ":"5","WR":"5","VP":"5"},"77":{"X8":"5","X9":"5","X7":"5","X5":"5","X3":"5","XC":"5","X2":"5","X6":"5","X4":"5"},"CJ":{"7C":"5"},"CR":{"QW":"5","GQ":"5","HR":"5","JP":"5","PQ":"5","PR":"5","MW":"5","JQ":"5","GP":"5","MQ":"5","MP":"5","GR":"5","PP":"5","PV":"5","PW":"5","HP":"5","HQ":"5","MV":"5","MR":"5"},"87":{"2J":"5","2G":"5","2C":"5","3V":"5","3P":"5","2F":"5","3W":"5","3Q":"5","3X":"5","2M":"5","4X":"5","2P":"5","3R":"5","2H":"5"}},"HW":{"2F":{"58":"5"}},"V5":{"MJ":{"H9":"5","HC":"5"},"XH":{"2C":"5","29":"5","28":"5"},"WJ":{"W5":"5","V5":"5","4P":"5","5P":"5","4M":"5","V6":"5","5Q":"5","PQ":"5","6P":"5","PR":"5","4R":"5","3P":"5","3Q":"5","4Q":"5","7Q":"5","MQ":"5","W6":"5","6Q":"5","6R":"5","3M":"5","PV":"5","7R":"5","3R":"5","MV":"5","MR":"5"},"J5":{"88":"5"},"V6":{"6F":"5","5H":"5","6G":"5","5G":"5","6H":"5","5F":"5"},"HJ":{"X6":"5","X7":"5"},"X9":{"3Q":"5","2Q":"5","3R":"5","3P":"5","2R":"5","2P":"5"},"WQ":{"96":"5","86":"5","C7":"5","C6":"5","87":"5","97":"5"},"HM":{"MR":"5","JR":"5"},"XG":{"G4":"5","H3":"5","G3":"5","H4":"5"},"XJ":{"68":"5","67":"5","57":"5","58":"5"},"VP":{"46":"5","47":"5","48":"5","56":"5","HP":"5","57":"5","58":"5","HQ":"5"},"VC":{"RP":"5","VQ":"5","RR":"5","VP":"5","RQ":"5"},"RH":{"X4":"5"},"VQ":{"HG":"5","H9":"5","HF":"5","GC":"5","GG":"5","HC":"5","H8":"5","GF":"5","G9":"5"},"JM":{"MH":"5","QH":"5","PJ":"5","PH":"5","MJ":"5","QJ":"5"},"VF":{"PP":"5","RV":"5","76":"5","5R":"5","WJ":"5","3Q":"5","MQ":"5","77":"5","PR":"5","3W":"5","4V":"5","MR":"5","65":"5","XJ":"5","88":"5","87":"5","3V":"5","7C":"5","89":"5","2R":"5","75":"5","66":"5","79":"5","WH":"5","69":"5","2Q":"5","5V":"5","PQ":"5","QQ":"5","78":"5","4R":"5","RR":"5","85":"5","3R":"5","67":"5","68":"5","4Q":"5","4P":"5","WG":"5","86":"5"},"VG":{"9C":"5","5P":"5","4F":"5","3C":"5","6P":"5","3F":"5","9F":"5","7P":"5","6Q":"5","6M":"5","4C":"5","3G":"5"},"WH":{"PP":"5","6G":"5","PM":"5","J2":"5","MQ":"5","X9":"5","X8":"5","6F":"5","5F":"5","PR":"5","QP":"5","H2":"5","H5":"5","QM":"5","G3":"5","5G":"5","G2":"5","G4":"5","XC":"5","PQ":"5","QQ":"5","MP":"5","H3":"5","G5":"5","M7":"5","H4":"5"},"VJ":{"H8":"5","QJ":"5","H4":"5","H7":"5","QF":"5","PJ":"5","H6":"5","H5":"5","MH":"5","MJ":"5","QM":"5"},"HG":{"H2":"5","H3":"5","G5":"5","H4":"5","J5":"5","G4":"5","F3":"5","J3":"5","H5":"5","G3":"5","J4":"5","F5":"5","F4":"5","G2":"5"},"VH":{"76":"5","FH":"5","GG":"5","FJ":"5","77":"5","GJ":"5","87":"5","7C":"5","89":"5","79":"5","V4":"5","9G":"5","24":"5","V3":"5","GF":"5","78":"5","9C":"5","25":"5","R3":"5","68":"5","CC":"5","8C":"5","R4":"5","CG":"5","GH":"5","86":"5"},"JJ":{"27":"5","26":"5"},"RF":{"RP":"5","QR":"5","QP":"5","RR":"5","QQ":"5","RQ":"5"},"JH":{"MX":"5","JX":"5","JW":"5"},"MM":{"6F":"5","5H":"5","7H":"5","6G":"5","5G":"5","6H":"5","5F":"5","7J":"5","6J":"5"},"WF":{"33":"5","34":"5","43":"5","53":"5","8X":"5","23":"5","44":"5","55":"5","9X":"5","45":"5","24":"5","9W":"5","8W":"5","PV":"5","PW":"5","54":"5"},"WG":{"8J":"5","8H":"5","MW":"5","8G":"5","JQ":"5","JX":"5","JR":"5","MP":"5","MQ":"5","8M":"5","JW":"5","JV":"5","7G":"5","HW":"5","PP":"5","MM":"5","7F":"5","HX":"5","MV":"5","7H":"5","MR":"5"},"RG":{"WF":"5","XF":"5","WG":"5"}},"8P":{"9R":{"7W":"5"},"CV":{"PW":"5","PV":"5"},"8R":{"MR":"5","PR":"5"},"9W":{"MX":"5","W4":"5","VF":"5","X5":"5","R5":"5","X2":"5","QJ":"5"},"2R":{"8G":"5","8F":"5","8H":"5","9G":"5","9F":"5"}},"X4":{"J3":{"PM":"5"},"RV":{"JQ":"5"},"P6":{"8X":"5"},"FH":{"4C":"5"},"MC":{"VV":"5"},"QJ":{"JH":"5"},"H7":{"VC":"5"},"VG":{"2R":"5"},"VM":{"RW":"5","VM":"5","VP":"5"},"MQ":{"23":"5"},"X2":{"XJ":"5"},"P7":{"82":"5","QH":"5","JQ":"5","QJ":"5"},"GF":{"53":"5"},"PF":{"FQ":"5","4M":"5","2W":"5"},"RF":{"75":"5","25":"5"},"M4":{"6Q":"5"},"RP":{"VX":"5"},"WH":{"XP":"5"},"GX":{"M6":"5"},"GW":{"9Q":"5"},"JF":{"M2":"5","3H":"5"},"WV":{"8V":"5"},"Q8":{"62":"5","94":"5"},"R5":{"C2":"5"},"RG":{"FH":"5"},"M2":{"86":"5"},"C9":{"W6":"5","FQ":"5"},"WP":{"X4":"5"},"J8":{"7G":"5","7F":"5"},"PH":{"PP":"5"},"P8":{"Q3":"5","MG":"5","5C":"5","4C":"5","RQ":"5"},"MR":{"54":"5","53":"5"},"M9":{"64":"5","GR":"5","7R":"5"},"WM":{"7G":"5","7H":"5","6G":"5","6H":"5","7J":"5","5Q":"5","6J":"5"},"Q5":{"M8":"5","M9":"5"},"J4":{"H4":"5","H6":"5"},"PC":{"V7":"5"},"MM":{"MP":"5"},"H4":{"43":"5"},"F9":{"7W":"5"},"XP":{"WR":"5"},"G3":{"XH":"5"},"Q7":{"GR":"5","RQ":"5"},"98":{"8C":"5"},"HX":{"H7":"5"},"XJ":{"54":"5","63":"5","4F":"5"},"RQ":{"V2":"5"},"GC":{"H7":"5","HF":"5"},"JQ":{"PQ":"5"},"WJ":{"WF":"5","V5":"5","XH":"5","WC":"5","V3":"5","W2":"5","XC":"5","M8":"5","RF":"5","J8":"5","27":"5"},"J6":{"6G":"5"},"FC":{"QJ":"5"},"RR":{"HM":"5"},"M6":{"8H":"5"},"MH":{"JC":"5","HC":"5"},"X7":{"QG":"5"},"8C":{"WM":"5"},"MG":{"GG":"5","GF":"5"},"H5":{"8H":"5","7P":"5","7Q":"5"},"QC":{"8J":"5"},"J5":{"2J":"5"},"RX":{"3J":"5"},"XM":{"37":"5"},"V2":{"FP":"5","GP":"5","M4":"5","J4":"5"},"J7":{"RW":"5","R8":"5"}},"6W":{"W6":{"82":"5","83":"5","72":"5","73":"5"},"V5":{"XJ":"5","VJ":"5","RH":"5","QG":"5","RG":"5","QH":"5","WH":"5","RJ":"5","VG":"5","WM":"5","VH":"5","WJ":"5","VM":"5","WG":"5","XH":"5"}},"7P":{"J3":{"R9":"5"},"WQ":{"24":"5","35":"5","26":"5","36":"5","25":"5"},"XR":{"MC":"5","MF":"5","PC":"5","PF":"5"},"VQ":{"X3":"5","W3":"5","W4":"5","V3":"5","V4":"5","X4":"5"}},"X9":{"8J":{"J2":"5","H2":"5","79":"5"},"7G":{"WW":"5"},"XX":{"8G":"5","8F":"5","8C":"5","9H":"5","CC":"5","89":"5","73":"5","77":"5"},"GX":{"PQ":"5","JP":"5"},"JQ":{"QG":"5","QH":"5","RC":"5","QP":"5","QC":"5","QQ":"5"},"PJ":{"8G":"5","9G":"5","9F":"5"},"8H":{"8J":"5","8H":"5","7H":"5","9P":"5","7J":"5","9Q":"5"},"7H":{"X7":"5","R3":"5"},"XW":{"7W":"5"},"HW":{"X6":"5"},"9H":{"H7":"5","RC":"5","H6":"5"},"XV":{"46":"5","88":"5","47":"5","89":"5","98":"5"},"JX":{"VG":"5"},"JV":{"MP":"5","R4":"5","MF":"5"},"JM":{"WX":"5"},"CJ":{"32":"5","22":"5","33":"5"},"JW":{"VJ":"5","VH":"5","WJ":"5","VM":"5"},"HX":{"4M":"5","3P":"5","4Q":"5"},"WR":{"2J":"5"},"9J":{"PC":"5","9M":"5","PJ":"5","CJ":"5","CM":"5","9J":"5","8M":"5","GJ":"5","FJ":"5"},"MJ":{"8X":"5","8W":"5","7X":"5"},"JR":{"RF":"5","RC":"5","Q3":"5","XR":"5","VF":"5","WR":"5"},"VP":{"3H":"5"},"MM":{"47":"5"}},"Q6":{"JW":{"66":"5"}},"CC":{"X3":{"C3":"5"},"X2":{"C7":"5"}},"RV":{"QM":{"QV":"5"}},"WF":{"XX":{"99":"5","9C":"5","M5":"5","J6":"5"}},"3Q":{"CG":{"HR":"5","GV":"5"},"WQ":{"C3":"5"},"XQ":{"CG":"5"}},"X7":{"5J":{"95":"5","5C":"5"}},"X5":{"RX":{"JP":"5"},"RR":{"66":"5"},"3V":{"7P":"5"},"M8":{"H2":"5"},"M7":{"PP":"5"},"RV":{"HH":"5"},"29":{"C8":"5","F8":"5","59":"5"}},"W4":{"4W":{"MM":"5"}},"M3":{"54":{"PM":"5"},"V8":{"Q3":"5"},"6R":{"7P":"5"},"5J":{"C5":"5","F5":"5"}},"FX":{"PC":{"VX":"5","XW":"5","WW":"5","WX":"5"},"MJ":{"7Q":"5","J9":"5","9M":"5","M8":"5","W2":"5","FH":"5","FF":"5","V2":"5","7P":"5","9J":"5","5W":"5","4X":"5","5X":"5","P7":"5","CJ":"5","7R":"5","V3":"5","FG":"5","GF":"5","5V":"5","8M":"5","J8":"5","8P":"5","R3":"5","HC":"5","6R":"5","CH":"5","M7":"5","6V":"5","GC":"5","P6":"5","R4":"5","Q5":"5","Q4":"5","H9":"5","P5":"5"},"QG":{"4F":"5","76":"5","2J":"5","C3":"5","6F":"5","77":"5","5F":"5","F2":"5","3H":"5","92":"5","7C":"5","75":"5","79":"5","82":"5","83":"5","G2":"5","69":"5","2H":"5","3G":"5","78":"5","84":"5","85":"5","68":"5","F3":"5","93":"5","C4":"5","6C":"5","4G":"5"},"8F":{"VV":"5","VR":"5","WV":"5"},"Q7":{"J9":"5","FV":"5","GM":"5","M8":"5","M5":"5","HJ":"5","JF":"5","M6":"5","GP":"5","HM":"5","FW":"5","GJ":"5","GR":"5","P4":"5","FR":"5","CX":"5","GQ":"5","JC":"5","HH":"5","Q2":"5","P2":"5","J8":"5","P3":"5","HG":"5","HF":"5","M7":"5","FX":"5","P5":"5"},"Q3":{"XX":"5","XW":"5","49":"5","48":"5","XM":"5","XV":"5","XP":"5","57":"5","XR":"5","58":"5","59":"5","XQ":"5"},"QC":{"PC":"5","2V":"5","P9":"5","GG":"5","7M":"5","JF":"5","5P":"5","Q7":"5","7P":"5","P4":"5","9J":"5","VC":"5","3V":"5","Q6":"5","V9":"5","WC":"5","6P":"5","JC":"5","9H":"5","FG":"5","MC":"5","P2":"5","GF":"5","8M":"5","P3":"5","W9":"5","4R":"5","HF":"5","3R":"5","2W":"5","Q9":"5","8J":"5","CH":"5","Q8":"5","4Q":"5","P6":"5","R9":"5","Q5":"5","5Q":"5","CG":"5","P5":"5"},"9V":{"R7":"5","R9":"5","V7":"5","R8":"5","RC":"5","V6":"5"},"Q6":{"RV":"5","W7":"5","X3":"5","QV":"5","W5":"5","VC":"5","QX":"5","VF":"5","WC":"5","VG":"5","X5":"5","X4":"5","VJ":"5","RM":"5","RQ":"5","W9":"5","VH":"5","W8":"5","RR":"5","RP":"5","VM":"5","X2":"5","QW":"5","W6":"5"},"PG":{"PP":"5","JV":"5","WJ":"5","MQ":"5","JR":"5","QP":"5","MR":"5","XJ":"5","QM":"5","GX":"5","HV":"5","VJ":"5","HW":"5","RM":"5","PQ":"5","VM":"5","FX":"5","GW":"5"},"JM":{"R2":"5","W4":"5","V3":"5","V4":"5","Q2":"5","R3":"5"},"QF":{"WF":"5","RM":"5","PM":"5","RQ":"5","RP":"5","PQ":"5","WH":"5","VJ":"5","PR":"5","QQ":"5","VF":"5","VG":"5","XF":"5","RJ":"5","MP":"5","JW":"5","WG":"5","VM":"5","JV":"5","GX":"5","HW":"5","PP":"5","XG":"5","MM":"5","PV":"5","PW":"5","HX":"5","MV":"5","MR":"5"},"PH":{"C2":"5","4P":"5","5P":"5","87":"5","2V":"5","8F":"5","3V":"5","4R":"5","2W":"5","6H":"5","86":"5","4Q":"5","95":"5","89":"5","7C":"5","88":"5","6J":"5","6G":"5","7G":"5","5J":"5","85":"5","93":"5","7F":"5","94":"5","8C":"5","3R":"5","C3":"5","79":"5","5M":"5","F2":"5"},"MH":{"XX":"5","XW":"5","WX":"5"},"JJ":{"QX":"5"},"9W":{"GQ":"5","GJ":"5","GP":"5","GR":"5","GH":"5","GM":"5"},"R3":{"37":"5","2J":"5","38":"5","53":"5","43":"5","3C":"5","2G":"5","39":"5","44":"5","3F":"5","2F":"5","52":"5","45":"5","47":"5","48":"5","2M":"5","2P":"5","46":"5","54":"5","2H":"5"},"PF":{"Q2":"5","Q3":"5","Q4":"5","R3":"5","P4":"5","P5":"5","R2":"5","M5":"5","V2":"5"},"MM":{"42":"5","43":"5"},"R2":{"7Q":"5","C8":"5","9F":"5","7M":"5","F4":"5","6Q":"5","7P":"5","8G":"5","5W":"5","F5":"5","5X":"5","G3":"5","G4":"5","G2":"5","9G":"5","F7":"5","C9":"5","8M":"5","9C":"5","8H":"5","F6":"5","6R":"5","8J":"5","6V":"5","C7":"5"},"Q9":{"H8":"5","F4":"5","MQ":"5","JF":"5","C3":"5","F2":"5","MR":"5","C2":"5","G6":"5","G8":"5","MV":"5","F5":"5","JG":"5","JM":"5","MW":"5","MX":"5","MP":"5","HG":"5","JJ":"5","PW":"5","JH":"5","HF":"5","HC":"5","MM":"5","G5":"5","F3":"5","G7":"5","PX":"5","H9":"5"},"Q8":{"95":"5","9Q":"5","96":"5","8F":"5","C3":"5","99":"5","97":"5","C2":"5","8G":"5","9V":"5","CX":"5","8Q":"5","89":"5","CW":"5","9R":"5","98":"5","C5":"5","8M":"5","8P":"5","8H":"5","9W":"5","8J":"5","8C":"5","C4":"5"},"Q5":{"XQ":"5","XH":"5","XX":"5","WH":"5","XV":"5","WP":"5","X3":"5","XW":"5","WQ":"5","XR":"5","X2":"5","WJ":"5","WM":"5"},"Q4":{"WF":"5","X8":"5","X9":"5","XX":"5","X7":"5","WH":"5","WP":"5","X5":"5","X3":"5","WW":"5","XC":"5","XF":"5","WQ":"5","WX":"5","WG":"5","WR":"5","X2":"5","WJ":"5","WM":"5","X6":"5","XG":"5","X4":"5","WV":"5"}},"5X":{"PP":{"9R":"5","8P":"5","8R":"5","7W":"5","6W":"5","9P":"5","7V":"5","8V":"5","8Q":"5","7Q":"5","7R":"5","9Q":"5","6V":"5"},"QF":{"FH":"5","FG":"5"},"X3":{"MC":"5","JC":"5","MF":"5"},"PM":{"V4":"5","X2":"5"},"QJ":{"3R":"5"}},"CX":{"WV":{"CQ":"5"}},"GP":{"2F":{"VX":"5","WW":"5","XV":"5","WX":"5","WV":"5"},"53":{"8G":"5","CG":"5","9H":"5","CH":"5","9G":"5","9F":"5"},"4M":{"68":"5"},"3M":{"RG":"5","QG":"5","VG":"5"},"6Q":{"QQ":"5"},"3G":{"48":"5"},"C2":{"96":"5","C9":"5","CG":"5","C6":"5","CH":"5","C8":"5","95":"5","CC":"5","CF":"5","C7":"5","94":"5"}},"5P":{"QM":{"7J":"5"}},"VH":{"XJ":{"XR":"5"}},"45":{"C6":{"GQ":"5","GR":"5"}},"XG":{"WW":{"C6":"5"}},"9X":{"6V":{"H7":"5","H9":"5","J8":"5","J9":"5","H8":"5","J7":"5"}},"XJ":{"X3":{"H8":"5","GF":"5"}},"VJ":{"FQ":{"88":"5"},"94":{"36":"5"}},"3V":{"54":{"7C":"5"},"4M":{"3V":"5"},"45":{"FR":"5","GQ":"5","FQ":"5","GR":"5","PM":"5","VC":"5"},"36":{"56":"5","55":"5","66":"5","65":"5"}},"4R":{"42":{"C2":"5"},"6F":{"33":"5"},"XX":{"WC":"5"},"VX":{"7V":"5"},"62":{"PW":"5"},"22":{"X7":"5"}},"VQ":{"43":{"2G":"5","2J":"5","3H":"5","3J":"5","2H":"5","3G":"5"}},"H2":{"76":{"8R":"5","HV":"5"},"56":{"FR":"5"}},"R5":{"F8":{"H7":"5","GQ":"5","J8":"5","FP":"5","JC":"5","HJ":"5","FQ":"5","HF":"5","HM":"5","HP":"5","GP":"5","JM":"5","HC":"5","JF":"5","JJ":"5","JH":"5","HQ":"5","J7":"5","GM":"5","H8":"5","HH":"5"},"Q5":{"64":"5","63":"5","74":"5","73":"5","75":"5","65":"5"}},"WR":{"95":{"7X":"5"}},"CJ":{"XX":{"W2":"5","X2":"5"},"XW":{"XX":"5","WX":"5"},"QJ":{"QF":"5"}},"33":{"37":{"FM":"5"}},"V9":{"QG":{"QM":"5","PP":"5","MH":"5","QH":"5","PJ":"5","QP":"5","PM":"5","PH":"5","MJ":"5","MM":"5","QJ":"5"},"MW":{"74":"5","73":"5","84":"5"},"PF":{"GX":"5","FW":"5","FX":"5"},"7X":{"FM":"5","FJ":"5"},"RV":{"8G":"5","8J":"5","7G":"5","8M":"5","8F":"5","8P":"5"},"QV":{"H4":"5"},"PG":{"WH":"5","WF":"5","F2":"5","G2":"5","WG":"5"}},"6Q":{"GG":{"V2":"5","W2":"5"},"4Q":{"PX":"5","9V":"5"},"GF":{"VV":"5","VX":"5","WW":"5","VR":"5","WQ":"5","VQ":"5","WR":"5","WX":"5","WV":"5","VW":"5"}},"CG":{"8G":{"9H":"5"},"95":{"C8":"5","WG":"5"},"68":{"PX":"5"},"89":{"25":"5"},"67":{"QH":"5"},"85":{"X2":"5"},"94":{"2R":"5","2W":"5"},"84":{"RP":"5","JV":"5"},"C4":{"2G":"5"}},"R2":{"5V":{"W8":"5"},"5X":{"F3":"5","F4":"5"}},"WC":{"M8":{"2G":"5","4H":"5"},"PJ":{"WC":"5"},"MJ":{"5J":"5"}},"GV":{"C8":{"Q4":"5","P3":"5","Q3":"5"},"56":{"FM":"5","FP":"5","R7":"5","V7":"5","GP":"5","V6":"5","R6":"5","GM":"5"},"95":{"GQ":"5","HR":"5","GR":"5"},"59":{"Q6":"5","R7":"5","V7":"5","F2":"5","R8":"5","V8":"5","R6":"5","Q7":"5","C2":"5"},"48":{"3Q":"5","2V":"5","XX":"5","3R":"5","3V":"5","2R":"5"},"6F":{"56":"5","34":"5","26":"5","55":"5","57":"5","36":"5","VF":"5","79":"5","VG":"5","35":"5","69":"5","45":"5","78":"5","25":"5","58":"5","VH":"5","67":"5","68":"5","WF":"5","WG":"5","46":"5","47":"5","RG":"5"},"49":{"X2":"5"},"5F":{"P2":"5","P3":"5","Q3":"5","Q2":"5"},"65":{"PV":"5","W7":"5","9X":"5","MJ":"5","HJ":"5","WQ":"5","HM":"5","W5":"5","9V":"5","CX":"5","VQ":"5","MV":"5","CW":"5","XQ":"5","JM":"5","XP":"5","8X":"5","MW":"5","MX":"5","JJ":"5","PW":"5","9W":"5","W6":"5","PX":"5","WP":"5","FX":"5","8W":"5"},"57":{"95":"5","86":"5","85":"5"},"7C":{"34":"5","RR":"5","44":"5","45":"5","QV":"5","QR":"5","35":"5"},"66":{"C2":"5","W4":"5","M2":"5","83":"5","92":"5","X3":"5","W2":"5","W3":"5","X2":"5","82":"5","93":"5","X4":"5","94":"5","C3":"5"},"79":{"GQ":"5","FR":"5","HR":"5","FV":"5","MW":"5","CP":"5","9M":"5","CQ":"5","CM":"5","FQ":"5","JR":"5","HV":"5","JW":"5","JV":"5","HW":"5","FP":"5","GR":"5","CR":"5","9P":"5","PV":"5","PW":"5","HQ":"5","MV":"5","GV":"5"},"69":{"96":"5","95":"5","83":"5","86":"5","56":"5","22":"5","55":"5","85":"5","94":"5","84":"5"},"58":{"95":"5","76":"5","XW":"5","VR":"5","XV":"5","WQ":"5","CX":"5","XR":"5","VQ":"5","WR":"5","87":"5","FX":"5","85":"5","94":"5","84":"5","XQ":"5"},"67":{"33":"5","34":"5","53":"5","43":"5","2V":"5","44":"5","4R":"5","3V":"5","52":"5","45":"5","2R":"5","4V":"5","54":"5","3R":"5"},"CC":{"FM":"5","GJ":"5","HJ":"5","HM":"5","GM":"5"},"68":{"RV":"5","28":"5","GM":"5","2V":"5","CM":"5","FH":"5","QV":"5","3X":"5","RX":"5","Q7":"5","39":"5","FJ":"5","3W":"5","VV":"5","GJ":"5","FM":"5","3V":"5","4X":"5","Q6":"5","29":"5","2R":"5","P7":"5","CJ":"5","2Q":"5","VW":"5","2X":"5","4W":"5","3R":"5","2W":"5","QW":"5","P6":"5","RW":"5"},"8C":{"5P":"5","6Q":"5","6P":"5","5Q":"5"},"5C":{"PX":"5","PW":"5","QX":"5"},"6C":{"32":"5","42":"5","33":"5","43":"5"},"47":{"V9":"5","R9":"5","RF":"5","RC":"5","VF":"5","VC":"5"}},"X8":{"VH":{"M3":"5","C2":"5"},"89":{"V8":"5"},"WC":{"QH":"5"},"VF":{"87":"5"},"XF":{"F8":"5"},"WG":{"4X":"5"}},"P9":{"8F":{"V6":"5"},"28":{"43":"5"},"9G":{"WH":"5"},"2M":{"MW":"5"}},"J9":{"32":{"MG":"5"},"99":{"W2":"5"},"C8":{"2Q":"5","2R":"5"},"77":{"3Q":"5","3P":"5","4Q":"5","4P":"5"},"59":{"8M":"5"},"65":{"G3":"5"},"98":{"V9":"5","WF":"5","W9":"5","XR":"5","WC":"5","VC":"5","XQ":"5"}},"XF":{"WJ":{"CJ":"5"},"X3":{"MH":"5","MV":"5","PX":"5","PW":"5","PV":"5","VX":"5","MW":"5","XF":"5","VW":"5"},"W2":{"82":"5"},"Q7":{"6C":"5","HR":"5","JP":"5","G8":"5","8X":"5","PX":"5","GH":"5","GF":"5","HJ":"5","JQ":"5","G4":"5","6H":"5","F8":"5","JM":"5","JR":"5","MX":"5","JG":"5","MP":"5","7V":"5","JW":"5","GG":"5","HM":"5","8W":"5","JV":"5","F5":"5","5C":"5","8V":"5","F4":"5","MH":"5","MM":"5","MJ":"5","7R":"5","HP":"5","JF":"5","HQ":"5","MV":"5","MR":"5"},"GP":{"4H":"5","CW":"5","CX":"5","9V":"5","9X":"5"},"Q6":{"FW":"5","RH":"5","VH":"5","GC":"5","CP":"5","CQ":"5","JM":"5","FQ":"5","CW":"5","MG":"5","FH":"5","FP":"5","FF":"5","FG":"5","FJ":"5"},"W3":{"2V":"5","2R":"5"},"GQ":{"C2":"5","96":"5","87":"5","83":"5","92":"5","84":"5","97":"5","86":"5","95":"5","89":"5","88":"5","85":"5","93":"5","99":"5","98":"5","94":"5","C3":"5"},"V4":{"C5":"5","G4":"5","96":"5","95":"5","37":"5","86":"5","H5":"5","69":"5","G5":"5","36":"5","85":"5","H4":"5"},"JC":{"VR":"5"},"R6":{"P4":"5"},"WH":{"7V":"5"},"V7":{"XW":"5","WW":"5"},"X4":{"Q2":"5","P3":"5","78":"5","J3":"5","P2":"5","7C":"5","J2":"5"},"V3":{"69":"5","FR":"5","FV":"5","XV":"5","CP":"5","9M":"5","CQ":"5","CM":"5","9J":"5","GR":"5"},"XV":{"5C":"5"},"WM":{"QM":"5"},"Q9":{"P2":"5","W5":"5","P3":"5","V5":"5"},"Q8":{"M3":"5","J9":"5","P8":"5","WJ":"5","P9":"5","M5":"5","R8":"5","QG":"5","QV":"5","J2":"5","M6":"5","Q7":"5","RC":"5","QC":"5","RH":"5","PG":"5","MV":"5","JM":"5","P7":"5","VF":"5","JC":"5","WH":"5","JP":"5","M2":"5","MC":"5","P2":"5","J6":"5","WM":"5","MP":"5","J8":"5","XM":"5","RF":"5","JJ":"5","QH":"5","QJ":"5","PW":"5","JH":"5","J7":"5","MF":"5","PF":"5","Q9":"5","J3":"5","M4":"5","Q8":"5","P6":"5","PX":"5","R9":"5","RG":"5"},"R9":{"4H":"5","5H":"5","5J":"5"},"R4":{"HJ":"5","JJ":"5","HH":"5"},"WP":{"V4":"5","VC":"5"},"P5":{"XP":"5","XQ":"5"}},"9V":{"99":{"GQ":"5"},"9R":{"HJ":"5","HM":"5","7M":"5","JM":"5","JJ":"5","6M":"5","7J":"5","6J":"5"},"9V":{"78":"5","88":"5","76":"5","86":"5","68":"5","67":"5","77":"5","87":"5","66":"5"}},"RJ":{"H7":{"RQ":"5"}},"2W":{"99":{"M3":"5","M4":"5","P4":"5"},"JC":{"5V":"5","6V":"5"},"9C":{"8X":"5","8W":"5"}},"92":{"63":{"R2":"5"},"85":{"W7":"5"}},"2Q":{"PR":{"MF":"5","PF":"5"}},"P2":{"6G":{"QM":"5","RM":"5"},"69":{"3W":"5"},"3V":{"99":"5","88":"5","87":"5","C9":"5","98":"5","97":"5"},"5C":{"62":"5"},"59":{"8X":"5","MX":"5","FX":"5","VW":"5"},"6C":{"72":"5"},"66":{"64":"5","9V":"5"}},"Q2":{"RJ":{"MH":"5","FP":"5","M7":"5","GR":"5","CX":"5"},"M7":{"56":"5"},"M9":{"8F":"5","JM":"5","JP":"5"}},"H5":{"V2":{"4X":"5","4V":"5","4W":"5","3W":"5"}},"3R":{"V7":{"5P":"5","5M":"5","9H":"5","CH":"5","CJ":"5","6M":"5","9J":"5","6P":"5"},"W3":{"8M":"5","6H":"5","6J":"5"},"W7":{"PV":"5"},"9F":{"9R":"5"},"XH":{"7F":"5"},"X2":{"3J":"5"}},"Q5":{"HC":{"G8":"5","G9":"5"},"8V":{"MH":"5","PJ":"5","MC":"5","JC":"5","M9":"5","PC":"5","J9":"5","MG":"5","PH":"5","PG":"5","MJ":"5"},"5Q":{"Q6":"5","Q7":"5","R6":"5","P7":"5"}},"W3":{"RG":{"9J":"5","6P":"5"},"W9":{"QP":"5","6R":"5"}},"23":{"37":{"MQ":"5"},"66":{"52":"5","62":"5"},"RH":{"VC":"5"},"X7":{"V5":"5"},"HF":{"HC":"5"},"74":{"RV":"5"},"59":{"H2":"5"},"26":{"6R":"5"},"CJ":{"WH":"5"},"52":{"VR":"5"},"58":{"53":"5","4J":"5","3F":"5","2F":"5","3M":"5","2M":"5","73":"5","28":"5"},"57":{"25":"5"},"85":{"37":"5","36":"5"},"2P":{"JQ":"5"},"75":{"VC":"5"},"65":{"6X":"5","5X":"5"}},"MJ":{"RW":{"66":"5","77":"5","56":"5","76":"5","83":"5","64":"5","92":"5","67":"5","74":"5","86":"5","62":"5","72":"5","85":"5","82":"5","75":"5","73":"5","65":"5"},"JW":{"PP":"5","PQ":"5","QP":"5","QQ":"5"},"RV":{"8X":"5","8W":"5","9W":"5","7W":"5","6X":"5","7X":"5","9X":"5"}},"FR":{"4X":{"99":"5","C9":"5"}},"R4":{"34":{"MM":"5"}},"C2":{"HM":{"22":"5","23":"5"},"GM":{"X3":"5","X2":"5"}},"7X":{"QH":{"X9":"5"},"GX":{"37":"5"},"HX":{"QP":"5"}},"R8":{"Q5":{"82":"5","74":"5","83":"5","73":"5","84":"5"}},"PM":{"89":{"M6":"5","J6":"5"}},"Q4":{"H7":{"RP":"5"},"W5":{"M8":"5"},"WG":{"W7":"5"}},"Q8":{"24":{"64":"5"}},"M9":{"MG":{"WH":"5","XG":"5","XF":"5","WG":"5","XH":"5"},"J9":{"RX":"5","QX":"5","RV":"5"},"PC":{"XX":"5","XW":"5"},"M8":{"FJ":"5"},"RJ":{"2G":"5"},"QG":{"R2":"5","V2":"5","R4":"5","V5":"5","W3":"5","W4":"5","V3":"5","V4":"5","R5":"5","W2":"5","R3":"5"},"X9":{"8W":"5","8V":"5"},"RC":{"V3":"5"},"RH":{"P2":"5","4X":"5","96":"5","P3":"5","P8":"5","C7":"5","Q2":"5","C6":"5","98":"5"},"QF":{"RX":"5","43":"5","53":"5","VX":"5","G5":"5","23":"5","G6":"5","F6":"5","F5":"5"},"PH":{"JV":"5"},"MH":{"QG":"5"},"QJ":{"MV":"5","MW":"5","JV":"5","VC":"5","X2":"5"},"JH":{"VQ":"5","RM":"5","RQ":"5","RP":"5","RR":"5","PQ":"5","QP":"5","QQ":"5","VP":"5","VM":"5","VR":"5","QR":"5","QM":"5"},"PF":{"J9":"5","MG":"5","PC":"5","P9":"5","GG":"5","MQ":"5","JF":"5","RC":"5","QC":"5","VC":"5","G9":"5","PG":"5","M9":"5","JG":"5","JM":"5","VF":"5","JC":"5","JQ":"5","QF":"5","JP":"5","HH":"5","MC":"5","GF":"5","MP":"5","HG":"5","RF":"5","JH":"5","HF":"5","PF":"5","MF":"5","HC":"5","GC":"5","H9":"5","HP":"5"},"VM":{"9M":"5","8M":"5","8P":"5","9P":"5","7P":"5","8Q":"5","9Q":"5"},"Q9":{"GJ":"5","HJ":"5","HM":"5","GM":"5"},"WG":{"4X":"5"}},"XC":{"WJ":{"5W":"5","4V":"5","5V":"5"},"J5":{"GJ":"5","HP":"5","GH":"5","H6":"5"},"X3":{"V8":"5","8J":"5","8P":"5","7P":"5","9X":"5","8M":"5","9W":"5"},"JF":{"WF":"5","RF":"5","RC":"5","WC":"5","XF":"5","Q9":"5","QC":"5"},"M6":{"46":"5","47":"5","48":"5","68":"5","69":"5","57":"5","58":"5","59":"5"},"R7":{"XX":"5"},"R5":{"VX":"5","HP":"5"},"QC":{"3H":"5","4M":"5","3P":"5","V6":"5","3M":"5","3J":"5","4P":"5"},"V8":{"M6":"5","CC":"5","22":"5","FC":"5"},"H2":{"22":"5"},"G6":{"WH":"5"},"H5":{"45":"5"},"W3":{"8G":"5","7M":"5","CH":"5","FJ":"5","7P":"5","9G":"5","9F":"5"},"F5":{"M8":"5","J8":"5","WF":"5"},"J4":{"G4":"5","G3":"5","G9":"5"},"G3":{"5M":"5","49":"5"},"V4":{"X3":"5"},"G2":{"8J":"5","X3":"5","8P":"5","W9":"5","WC":"5","9J":"5","5R":"5","X2":"5"},"H6":{"4M":"5","3P":"5","3M":"5","2M":"5","4P":"5"},"QF":{"XX":"5"},"X5":{"F8":"5","CJ":"5","G9":"5"},"V7":{"5W":"5","5V":"5","4Q":"5"},"X4":{"95":"5","94":"5","84":"5"},"VJ":{"XJ":"5","GV":"5"},"H3":{"QG":"5","HJ":"5","FV":"5","WQ":"5","GP":"5","XR":"5","WR":"5","GM":"5"},"XM":{"W6":"5","V5":"5"},"MF":{"C5":"5","95":"5"},"J3":{"MG":"5","JW":"5","FQ":"5","F9":"5","GG":"5","2M":"5","99":"5","5W":"5","9V":"5","JG":"5","5X":"5","CR":"5","HW":"5","5V":"5","C9":"5","HG":"5","MH":"5","JH":"5","HF":"5","CQ":"5","HP":"5","8W":"5"},"WX":{"6F":"5"},"W4":{"P6":"5","P5":"5","M6":"5","G7":"5","M5":"5","G6":"5","VQ":"5","RQ":"5"},"47":{"38":"5"}},"56":{"5C":{"JW":"5"}},"8X":{"3X":{"R9":"5","RC":"5","VC":"5"}},"3W":{"QH":{"25":"5"},"JF":{"RF":"5"}},"P8":{"53":{"WC":"5"},"H3":{"WW":"5"},"83":{"35":"5"},"74":{"V6":"5"},"86":{"8X":"5","8R":"5","8W":"5","7W":"5","6W":"5","6X":"5","7X":"5","7V":"5","8V":"5","6R":"5","7R":"5","6V":"5"},"72":{"XP":"5"},"FH":{"G2":"5"},"82":{"P8":"5","2P":"5"}},"J2":{"PQ":{"PM":"5","8P":"5","CQ":"5","PJ":"5","8Q":"5","C8":"5","MJ":"5","9Q":"5"},"PR":{"QW":"5","QR":"5","QX":"5","RV":"5","RR":"5","QV":"5","QQ":"5"},"PC":{"4P":"5"},"RG":{"M8":"5","J8":"5","MC":"5","JC":"5","M7":"5","MF":"5","M9":"5","P9":"5","PC":"5","PF":"5","J9":"5","JF":"5","J7":"5"},"XF":{"2V":"5"},"M6":{"P6":"5","M6":"5"},"PF":{"37":"5","26":"5","36":"5"},"MH":{"GM":"5"},"XG":{"6R":"5","6V":"5"},"PV":{"V3":"5","R3":"5"},"MF":{"RC":"5","X6":"5"}},"XX":{"77":{"3Q":"5","3P":"5"},"G8":{"R8":"5"},"MW":{"37":"5","9G":"5","56":"5","4H":"5","4J":"5","76":"5","5H":"5","9F":"5","5G":"5","26":"5","3H":"5","5J":"5","CF":"5","36":"5","27":"5"},"FX":{"4M":"5"},"78":{"82":"5"},"7W":{"R2":"5","V2":"5","P5":"5"},"8R":{"2V":"5","3R":"5","6X":"5","3V":"5","4Q":"5","5X":"5","4P":"5"},"JR":{"X9":"5","X8":"5"},"GW":{"WF":"5","V5":"5","R9":"5","Q3":"5","XH":"5","V6":"5","VC":"5","R8":"5","V9":"5","XJ":"5","XM":"5"},"7V":{"RQ":"5","QJ":"5","RP":"5","RR":"5","QP":"5","VR":"5","QV":"5","QR":"5","QM":"5"},"JV":{"XJ":"5","XC":"5","WH":"5","WM":"5","WF":"5","WJ":"5","WC":"5","VM":"5","XH":"5","XQ":"5"},"8V":{"52":"5","62":"5","53":"5"},"MV":{"4P":"5","2J":"5","3C":"5","8P":"5","2Q":"5","2C":"5","3F":"5","3P":"5","2F":"5","8Q":"5","3M":"5","2M":"5","6V":"5","2P":"5","7R":"5","2H":"5"},"MR":{"4F":"5","5C":"5","4C":"5","3F":"5","3G":"5"}},"PH":{"W9":{"XC":"5"},"PQ":{"WW":"5","XW":"5","XV":"5","WV":"5"},"X9":{"2F":"5","2C":"5"}},"WX":{"XJ":{"R7":"5","R8":"5"},"79":{"RP":"5"},"5R":{"MC":"5"},"G9":{"Q6":"5","P9":"5","P8":"5","PC":"5","QC":"5"}},"VV":{"HJ":{"F5":"5"},"G6":{"6J":"5"}},"J8":{"RW":{"QR":"5","QX":"5","RR":"5","QQ":"5"},"VV":{"MP":"5","JG":"5","MF":"5","MG":"5","JF":"5","JP":"5","JH":"5","HH":"5"},"RX":{"Q2":"5","P3":"5","Q3":"5","HG":"5","HF":"5","GH":"5","PC":"5","GF":"5","HJ":"5","P6":"5","M6":"5","GG":"5","P5":"5","HH":"5","MC":"5","GJ":"5","M5":"5","MF":"5"},"3H":{"54":"5"},"M4":{"46":"5","47":"5","57":"5"}},"C7":{"4H":{"CF":"5"}},"8Q":{"82":{"WH":"5","WP":"5","WJ":"5","WG":"5"},"83":{"W6":"5","QF":"5","X6":"5","X7":"5"}},"CM":{"R9":{"FJ":"5","8P":"5","GR":"5","FH":"5","HQ":"5","GP":"5","FW":"5","8R":"5","CF":"5","8M":"5","9R":"5","GX":"5","9W":"5","GW":"5","9Q":"5","CV":"5","HV":"5","FR":"5","GQ":"5","CR":"5","FQ":"5","9P":"5","GG":"5","HR":"5","7R":"5","CQ":"5","9X":"5","FV":"5","CW":"5","CM":"5","8Q":"5","HW":"5","GM":"5","7P":"5","9V":"5","CJ":"5","9M":"5","HH":"5","7Q":"5","FM":"5","7M":"5","FX":"5","HX":"5","JP":"5","CX":"5","9J":"5","CG":"5","FP":"5","FG":"5","HJ":"5","CH":"5","GV":"5","CP":"5","8J":"5"},"H8":{"VJ":"5","WW":"5","WV":"5"},"M9":{"83":"5","84":"5","74":"5","C4":"5","95":"5","85":"5","C5":"5","75":"5","94":"5"},"PC":{"XC":"5","VG":"5","XF":"5","WG":"5"},"RC":{"92":"5","C2":"5"},"J9":{"CP":"5","C8":"5","9F":"5","95":"5","GM":"5","76":"5","9Q":"5","63":"5","9M":"5","FQ":"5","96":"5","CM":"5","FH":"5","C6":"5","FF":"5","F4":"5","C3":"5","FP":"5","GP":"5","73":"5","FJ":"5","77":"5","72":"5","97":"5","65":"5","9J":"5","88":"5","FM":"5","87":"5","CF":"5","8Q":"5","GQ":"5","75":"5","F5":"5","CJ":"5","66":"5","9P":"5","82":"5","9H":"5","74":"5","98":"5","83":"5","9G":"5","F7":"5","FG":"5","94":"5","C5":"5","8M":"5","78":"5","9C":"5","8P":"5","84":"5","64":"5","85":"5","F6":"5","67":"5","CC":"5","8J":"5","FC":"5","CH":"5","F3":"5","C7":"5","93":"5","C4":"5","CG":"5","CQ":"5","86":"5"},"P8":{"9R":"5","FC":"5"},"J8":{"2V":"5","2R":"5"},"P9":{"82":"5","9H":"5"}},"J5":{"43":{"44":"5"}},"GF":{"P3":{"2G":"5","2F":"5","2C":"5","2H":"5"},"M3":{"RV":"5","W7":"5","XH":"5","R8":"5","QV":"5","R7":"5","X9":"5","QR":"5","XG":"5","VC":"5","V8":"5","V9":"5","VF":"5","WC":"5","V7":"5","XC":"5","W9":"5","W8":"5","RR":"5","XF":"5","WF":"5","WG":"5","R9":"5"},"Q3":{"25":"5","34":"5","M2":"5","44":"5","45":"5","24":"5","J2":"5","36":"5","35":"5"},"M2":{"JC":"5","PH":"5","JH":"5","HG":"5","HF":"5","PC":"5","PG":"5","JG":"5","HH":"5","MG":"5","PF":"5","MC":"5","MH":"5","HC":"5","MF":"5","JF":"5"},"QG":{"69":"5","9C":"5","6C":"5","8F":"5","78":"5","9F":"5","89":"5","7C":"5","6F":"5","88":"5","99":"5","7F":"5","98":"5","8C":"5","79":"5","68":"5"},"Q9":{"FM":"5","FP":"5","FQ":"5","CP":"5","CM":"5","92":"5","GP":"5","CJ":"5","GM":"5","C2":"5"},"Q8":{"CV":"5","CW":"5","9W":"5","CX":"5","9V":"5","9X":"5"},"P2":{"3C":"5"},"QC":{"9C":"5","9G":"5","8F":"5","8G":"5","9F":"5","84":"5","74":"5","86":"5","95":"5","7G":"5","85":"5","75":"5","7F":"5","94":"5","8C":"5"},"QM":{"H7":"5","M8":"5","J5":"5","J8":"5","M7":"5","M9":"5","M6":"5","M5":"5","J9":"5","J6":"5","J7":"5","H8":"5","J4":"5","H6":"5"}},"JP":{"JH":{"6W":"5"}},"85":{"Q3":{"84":"5"}},"W7":{"RP":{"HM":"5"},"JR":{"RJ":"5"},"VP":{"59":"5"},"RQ":{"JH":"5"}},"V6":{"64":{"G8":"5","H8":"5","G9":"5"},"73":{"PQ":"5","PR":"5","JQ":"5","JR":"5","MQ":"5","MP":"5","PP":"5","MM":"5","MR":"5"}},"M6":{"M9":{"24":"5"}},"2H":{"68":{"W7":"5","X7":"5"},"77":{"2F":"5","2C":"5","29":"5","3C":"5","3F":"5"},"7C":{"Q6":"5","R7":"5","V7":"5","R8":"5","Q5":"5","Q7":"5"}},"FP":{"W5":{"J6":"5","M9":"5","PQ":"5","J7":"5","PR":"5","PX":"5","J9":"5","MP":"5","MG":"5","MC":"5","MH":"5","PP":"5","MM":"5","PV":"5","MJ":"5","J8":"5","MF":"5","PW":"5"},"V5":{"QW":"5","QX":"5","PM":"5","PH":"5","QP":"5","PC":"5","QQ":"5","PG":"5","PJ":"5","P8":"5","PF":"5","P7":"5","PP":"5","QR":"5","P9":"5"},"W4":{"64":"5","56":"5","HX":"5","55":"5","66":"5","65":"5"},"M9":{"48":"5"},"Q4":{"R6":"5"},"X7":{"2G":"5","2F":"5","2C":"5","29":"5","3H":"5","4M":"5","5V":"5","4Q":"5","3M":"5","3J":"5","3G":"5","5R":"5","5Q":"5","4P":"5"},"JQ":{"8W":"5"},"W7":{"X8":"5","W4":"5","X9":"5","X7":"5","X5":"5","W2":"5","W3":"5","X6":"5","X4":"5"},"W3":{"P3":"5","F9":"5","G5":"5","J7":"5"},"W6":{"R8":"5","RJ":"5","Q7":"5","RC":"5","Q3":"5","VV":"5","WW":"5","VP":"5","VR":"5","Q6":"5","RH":"5","VQ":"5","VJ":"5","Q2":"5","P2":"5","VW":"5","RF":"5","VM":"5","WX":"5","Q8":"5","R9":"5","Q5":"5","Q4":"5","RG":"5"},"GR":{"QX":"5"}},"MC":{"M3":{"WF":"5","V8":"5","Q4":"5","VC":"5","Q5":"5","WC":"5","R5":"5","VF":"5","R4":"5","V9":"5","W9":"5"},"88":{"GP":"5","GM":"5"},"F9":{"99":"5","9C":"5","C9":"5"}},"M4":{"QF":{"89":"5"},"7P":{"76":"5"}},"PF":{"46":{"32":"5","24":"5","35":"5","34":"5","22":"5","33":"5","23":"5","26":"5","25":"5"},"36":{"X3":"5","W2":"5","V6":"5","R5":"5","V2":"5","Q3":"5","W5":"5","Q6":"5","V5":"5","W3":"5","V4":"5","R6":"5","X5":"5","X4":"5","V3":"5","R3":"5","R2":"5","X2":"5","W6":"5","W4":"5","X7":"5","R4":"5","Q5":"5","Q4":"5","X6":"5"}},"4X":{"2F":{"V7":"5","V8":"5","Q9":"5"},"4F":{"46":"5","36":"5"},"49":{"MF":"5","X6":"5"}},"GM":{"9Q":{"25":"5","2V":"5","2Q":"5","2C":"5","2W":"5","26":"5","24":"5","2X":"5","2R":"5","3X":"5","29":"5","27":"5","28":"5"},"FH":{"G4":"5","F3":"5","G3":"5","C3":"5","F2":"5","G2":"5","F4":"5"},"7G":{"WF":"5","W5":"5","W4":"5","XX":"5","WC":"5","WH":"5","V3":"5","W7":"5","W8":"5","V4":"5","XW":"5","W6":"5","WG":"5","V2":"5","W9":"5"},"9V":{"37":"5","RH":"5","VH":"5","QG":"5","VJ":"5","QH":"5","XV":"5","WP":"5","PG":"5","J3":"5","VP":"5","XW":"5","WQ":"5","XR":"5","VM":"5","WR":"5","PF":"5","MC":"5","J2":"5","MF":"5"},"CX":{"CP":"5","9Q":"5","9M":"5","59":"5","CM":"5","8F":"5","9J":"5","88":"5","8G":"5","87":"5","9V":"5","89":"5","9R":"5","9H":"5","9G":"5","9W":"5","85":"5","8C":"5","5C":"5","CQ":"5","86":"5"},"G6":{"2V":"5","2X":"5","3X":"5","2R":"5","2W":"5","3W":"5"},"7C":{"P8":"5","WJ":"5","M8":"5","R8":"5","JF":"5","X9":"5","WQ":"5","X8":"5","XG":"5","WW":"5","V8":"5","JC":"5","WV":"5","WH":"5","XC":"5","WM":"5","W8":"5","XF":"5","Q8":"5","WG":"5","X7":"5","WP":"5"},"G9":{"4H":"5","29":"5","4J":"5"},"8Q":{"XJ":"5","XC":"5","XG":"5","X3":"5","XM":"5","XP":"5","XF":"5","X4":"5","XH":"5","XQ":"5","X2":"5"},"CW":{"49":"5","5F":"5","33":"5","34":"5","23":"5","5H":"5","5G":"5","6H":"5","59":"5","22":"5","47":"5","48":"5","6J":"5","5C":"5","6M":"5","36":"5","46":"5","35":"5"},"9P":{"4H":"5","5H":"5","4G":"5","3H":"5","22":"5","23":"5","5J":"5","4J":"5","3G":"5"},"9R":{"7Q":"5","FV":"5","33":"5","48":"5","F4":"5","34":"5","49":"5","5F":"5","8Q":"5","JX":"5","5G":"5","CR":"5","9R":"5","35":"5","CV":"5","45":"5","4C":"5","32":"5","8R":"5","5J":"5","8C":"5","HX":"5","5C":"5","46":"5","5H":"5","47":"5"},"6W":{"CQ":"5","CR":"5"},"CV":{"2X":"5","2W":"5"},"FG":{"8G":"5","CG":"5","CF":"5","8F":"5","8C":"5","FC":"5","89":"5","9C":"5","F9":"5","9G":"5","9F":"5"},"8M":{"C2":"5","VV":"5","PM":"5","RQ":"5","XX":"5","G8":"5","RR":"5","JH":"5","QP":"5","HF":"5","G9":"5","92":"5","GC":"5","QQ":"5","PJ":"5","F8":"5","WW":"5","C6":"5","XW":"5","JG":"5","F7":"5","C4":"5","VR":"5","F6":"5","JV":"5","MH":"5","C5":"5","WV":"5","MJ":"5","HC":"5","JF":"5","QM":"5","C3":"5"},"8P":{"W7":"5","X3":"5","RC":"5","VV":"5","WW":"5","VP":"5","VC":"5","V8":"5","VR":"5","H5":"5","VQ":"5","M9":"5","V9":"5","75":"5","VF":"5","XX":"5","WV":"5","VG":"5","X5":"5","V7":"5","X4":"5","VJ":"5","VH":"5","VM":"5","X2":"5","WX":"5","W6":"5","R9":"5","X6":"5"},"8H":{"25":"5","5X":"5","4P":"5","4H":"5","4M":"5","4J":"5","3C":"5","39":"5","5R":"5","23":"5","3F":"5","4R":"5","26":"5","4Q":"5","5W":"5","5V":"5","24":"5","3H":"5","29":"5","3G":"5","27":"5","28":"5"},"7F":{"W7":"5","W2":"5","VV":"5","W5":"5","VP":"5","VC":"5","VR":"5","VQ":"5","W3":"5","V9":"5","VF":"5","VG":"5","VJ":"5","VW":"5","W9":"5","VH":"5","W8":"5","VM":"5","VX":"5","W6":"5","W4":"5"},"HF":{"M8":"5","J5":"5","J8":"5","QF":"5","J6":"5"},"F6":{"WW":"5","XW":"5","XV":"5","XR":"5","WV":"5"},"8J":{"8J":"5","78":"5","9R":"5","52":"5","7G":"5","64":"5","63":"5","8M":"5","8P":"5","8H":"5","7H":"5","68":"5","53":"5","9W":"5","7F":"5","67":"5","9V":"5","7C":"5","8Q":"5","66":"5","65":"5","79":"5","9X":"5","9Q":"5"},"FC":{"VH":"5","WH":"5","VG":"5","WG":"5","WJ":"5","WM":"5","XJ":"5","XM":"5"},"GC":{"7Q":"5","7W":"5","3F":"5","7P":"5","3H":"5","9V":"5","4J":"5","7V":"5","6P":"5","2G":"5","8V":"5","4M":"5","2H":"5","3G":"5","5M":"5","5J":"5","9W":"5","6V":"5","6M":"5","8W":"5"},"G7":{"32":"5","R7":"5","V5":"5","V7":"5","22":"5","R8":"5","V6":"5","R6":"5","R5":"5"},"7H":{"X3":"5","X2":"5"}},"2R":{"JR":{"2R":"5"}},"W8":{"PQ":{"43":"5"},"Q2":{"RG":"5"}},"QQ":{"WQ":{"G4":"5"}},"5H":{"2M":{"67":"5"}},"GW":{"PM":{"82":"5","83":"5","72":"5","68":"5","73":"5","67":"5","57":"5","58":"5"},"5Q":{"8J":"5","8M":"5","7M":"5","9J":"5"},"7W":{"C5":"5","93":"5","92":"5","94":"5","C4":"5"},"PJ":{"C5":"5","M8":"5","J8":"5","M7":"5","M6":"5","M5":"5","F5":"5"},"7V":{"M3":"5","C8":"5","9F":"5","9Q":"5","9X":"5","9M":"5","J5":"5","9J":"5","9V":"5","G6":"5","J4":"5","9P":"5","9R":"5","9H":"5","H6":"5","9G":"5","F7":"5","M2":"5","C9":"5","J6":"5","9C":"5","9W":"5","F6":"5","CC":"5","C7":"5"},"MM":{"HR":"5","GV":"5","HV":"5"},"4V":{"J5":"5","J2":"5","J3":"5","P5":"5","H3":"5","M5":"5","J4":"5","H4":"5"},"PV":{"74":"5","76":"5","75":"5","66":"5","65":"5"},"7R":{"MV":"5","MX":"5","MW":"5"}},"P6":{"CV":{"4X":"5"},"FV":{"54":"5"},"CP":{"75":"5"},"QV":{"8G":"5","9M":"5","8J":"5","CG":"5","8M":"5","8H":"5","9H":"5","CH":"5","CM":"5","CJ":"5","9J":"5","9G":"5"},"8V":{"F8":"5"}},"WW":{"GM":{"9C":"5","H9":"5","C9":"5","M9":"5","G8":"5","F8":"5","J9":"5","M8":"5","CC":"5","P7":"5","F9":"5","HC":"5"}},"HC":{"GQ":{"W7":"5","X3":"5","R8":"5","V6":"5","R7":"5","V2":"5","Q3":"5","VC":"5","V8":"5","V5":"5","V9":"5","WC":"5","VF":"5","VG":"5","V7":"5","XC":"5","X4":"5","Q2":"5","W9":"5","W8":"5","XF":"5","R3":"5","R2":"5","X2":"5","Q9":"5","WF":"5","Q8":"5","WG":"5","R9":"5"},"GM":{"XX":"5","XW":"5","XV":"5","XP":"5","XR":"5","XQ":"5"},"H9":{"8P":"5","7M":"5","7P":"5","8Q":"5","7Q":"5","6M":"5","9P":"5","9Q":"5"},"JC":{"47":"5","48":"5"},"M9":{"XQ":"5","XP":"5","XH":"5","WH":"5","WP":"5","WQ":"5","WG":"5","WJ":"5","WM":"5","XG":"5","XJ":"5","XM":"5"},"HG":{"M7":"5","M6":"5"},"HF":{"V9":"5","V8":"5","M5":"5","M4":"5"},"GP":{"H8":"5","W7":"5","X3":"5","V6":"5","RC":"5","W5":"5","V8":"5","VR":"5","G8":"5","V5":"5","VQ":"5","W3":"5","XX":"5","H6":"5","V7":"5","H7":"5","W8":"5","X2":"5","Q9":"5","W6":"5","W4":"5","G7":"5","R9":"5","H9":"5"},"J9":{"P4":"5","M4":"5"},"M7":{"HJ":"5","HM":"5","JM":"5","JJ":"5","JH":"5","HH":"5"},"HM":{"XR":"5","RV":"5","3X":"5","2P":"5","GP":"5","WQ":"5","3W":"5","VV":"5","WW":"5","GR":"5","QX":"5","2R":"5","GQ":"5","WV":"5","HV":"5","2Q":"5","HQ":"5","WR":"5","VW":"5","2X":"5","3R":"5","2W":"5","VX":"5","RW":"5","PX":"5","HP":"5"},"3G":{"FM":"5","GJ":"5","HJ":"5","HM":"5","GM":"5"},"MF":{"PX":"5","PW":"5"},"HP":{"Q4":"5","P3":"5","Q2":"5","2X":"5","23":"5","9G":"5","2M":"5","79":"5","C9":"5","32":"5","3Q":"5","G4":"5","88":"5","P2":"5","H3":"5","7C":"5","2P":"5","CC":"5","53":"5","33":"5","Q3":"5","F9":"5","G3":"5","2Q":"5","34":"5","77":"5","R2":"5","CG":"5","GC":"5","V3":"5","FC":"5","78":"5","6C":"5","3R":"5","8C":"5","89":"5","2R":"5","22":"5","V2":"5","G5":"5","P4":"5","R3":"5","42":"5","69":"5","87":"5","52":"5"},"4G":{"37":"5","H3":"5","H4":"5","H7":"5","J5":"5","H6":"5","H5":"5","G7":"5","G6":"5","47":"5","J4":"5","46":"5"},"HQ":{"32":"5","24":"5","22":"5","33":"5","23":"5"},"P9":{"3Q":"5","2Q":"5","2J":"5","3H":"5","3P":"5","2R":"5","2M":"5","2P":"5","2H":"5"},"79":{"RG":"5","VG":"5"}},"6R":{"F8":{"VQ":"5"}},"WQ":{"JG":{"VM":"5"},"HC":{"PP":"5"}},"RQ":{"RX":{"CQ":"5","CP":"5"},"XW":{"HG":"5","GJ":"5","GG":"5","GH":"5","HH":"5","G9":"5"},"VF":{"74":"5","83":"5","84":"5"},"HH":{"W8":"5"}},"VF":{"46":{"9H":"5","9J":"5"},"35":{"GQ":"5","GP":"5"},"6V":{"6C":"5"}},"JF":{"W6":{"M3":"5"},"RG":{"WJ":"5","X9":"5"},"XG":{"4R":"5","4Q":"5","5Q":"5"},"W5":{"VR":"5","W3":"5"},"X3":{"54":"5","46":"5","35":"5","37":"5","44":"5","53":"5","34":"5","28":"5","43":"5","45":"5","27":"5","26":"5","36":"5","25":"5"},"VG":{"29":"5","Q4":"5","J3":"5","R9":"5","P6":"5","MC":"5","PG":"5","R8":"5","H7":"5","M8":"5","P3":"5","P5":"5","G6":"5","P7":"5","5H":"5","J9":"5","G9":"5","PF":"5","8M":"5","M4":"5","G7":"5","2M":"5","JF":"5","JH":"5","Q8":"5","R5":"5","Q9":"5","M2":"5","R7":"5","JC":"5","HF":"5","M3":"5","J8":"5","PH":"5","P8":"5","J2":"5","M5":"5","QF":"5","R6":"5","P9":"5","M9":"5","H9":"5","H3":"5","5J":"5","JJ":"5","Q5":"5","V5":"5","H6":"5","7J":"5","J4":"5","7H":"5","PC":"5","Q3":"5","HH":"5","H4":"5","3H":"5","6J":"5","Q7":"5","R4":"5","GC":"5","Q6":"5","M7":"5","J6":"5","G8":"5","MF":"5","99":"5","JG":"5","M6":"5","HG":"5","MH":"5","MG":"5","H5":"5","HC":"5","QC":"5","J5":"5","H8":"5","G5":"5","P4":"5","J7":"5","QG":"5","6H":"5"},"W3":{"W9":"5","X9":"5","X7":"5","X8":"5","W8":"5"},"VF":{"JX":"5"},"R6":{"W5":"5","V5":"5","W4":"5","V4":"5"},"QV":{"FP":"5","7C":"5","MJ":"5"},"WG":{"XV":"5"},"X2":{"F3":"5"}},"QP":{"GJ":{"HM":"5"},"F8":{"5Q":"5"},"Q2":{"8X":"5"}},"X6":{"78":{"5V":"5"},"52":{"77":"5"},"42":{"4X":"5","4W":"5"},"P3":{"RC":"5"},"8W":{"JM":"5"},"73":{"HM":"5"},"33":{"4Q":"5"},"23":{"V2":"5","RM":"5"},"P7":{"H9":"5","FH":"5","FG":"5","GF":"5"}},"42":{"G4":{"C5":"5","C6":"5","94":"5","F5":"5","C4":"5"},"F3":{"R4":"5","W9":"5","V3":"5","V4":"5","X9":"5","R3":"5"},"G3":{"7W":"5"},"F2":{"M8":"5","M7":"5","M5":"5"},"F4":{"VQ":"5","VV":"5","JR":"5","HV":"5","JW":"5","VR":"5","JV":"5","HW":"5","GV":"5"}},"2G":{"4F":{"2P":"5"},"2C":{"M8":"5"},"9W":{"MW":"5"}},"V4":{"PP":{"MV":"5","GJ":"5","HJ":"5","HM":"5","GP":"5","FJ":"5"},"QR":{"63":"5"},"XM":{"28":"5"},"WM":{"X8":"5"},"WF":{"2X":"5"},"QP":{"QM":"5"},"WG":{"22":"5"}},"2V":{"67":{"6R":"5"}}},"index":{"university,1|retail,2|tourism,3|wreck,4|historical,5|artsCulture,6|namedBuilding,7|water,8|wetland,9|park,10|beach,11|natureReserve,12|cemetery,13|trail,14":{}}}