{"index":{"university,1|retail,2|tourism,3|wreck,4|historical,5|artsCulture,6|namedBuilding,7|water,8|wetland,9|park,10|beach,11|natureReserve,12|cemetery,13|trail,14":{}},"8R":{"M3":{"56":{"6H":"5","5F":"5"},"P8":{"JP":"5"},"52":{"R5":"5","W2":"5","R4":"5","P6":"5","W3":"5","V4":"5","X2":"5"},"28":{"V9":"5","PP":"5","QH":"5","PX":"5","CW":"5","JM":"5","PF":"5","J9":"5","JJ":"5","RV":"5","RR":"5","PG":"5","WV":"5"},"WJ":{"MW":"5"},"3F":{"FW":"5","8W":"5"},"48":{"PJ":"5"},"3Q":{"5M":"5","8H":"5"},"54":{"4C":"5","66":"5","65":"5"},"2F":{"XX":"5","VX":"5","WW":"5","9H":"5","WX":"5","VW":"5"},"39":{"63":"5","CG":"5","62":"5","23":"5","55":"5"},"PR":{"84":"5"},"53":{"H5":"5","CC":"5","9P":"5"},"38":{"FR":"5","JP":"5","FV":"5","9V":"5","8R":"5","JM":"5","CX":"5","HM":"5","F6":"5","6R":"5","7X":"5","G2":"5","JJ":"5","HP":"5","HQ":"5"},"29":{"P3":"5","9C":"5","W4":"5","JP":"5","Q5":"5","VJ":"5","R3":"5","9F":"5","W3":"5","HV":"5","JW":"5","X4":"5","R2":"5","V2":"5","HX":"5"},"2R":{"H6":"5"},"3M":{"85":"5"},"36":{"X5":"5"},"7X":{"74":"5","76":"5","83":"5","86":"5","73":"5","75":"5","85":"5","84":"5"},"37":{"42":"5","C6":"5"},"2G":{"W2":"5"},"VG":{"4G":"5"},"HW":{"8J":"5","27":"5"},"8X":{"M9":"5","C3":"5","92":"5"},"45":{"Q9":"5"},"42":{"MV":"5","WR":"5","RR":"5"},"XW":{"MX":"5"},"3G":{"F6":"5","9C":"5","C6":"5","F5":"5"},"5V":{"5F":"5"},"3C":{"9G":"5"},"WM":{"HF":"5"},"9C":{"4H":"5","XM":"5","XP":"5"},"7F":{"JJ":"5"},"4R":{"V4":"5"},"62":{"52":"5","22":"5","Q5":"5"},"3R":{"96":"5"},"6R":{"XR":"5"},"CC":{"3J":"5","2M":"5","2P":"5"},"GW":{"44":"5"},"47":{"8R":"5"},"4G":{"88":"5"},"8W":{"FR":"5","GV":"5","FV":"5","GR":"5","FX":"5"},"2C":{"8C":"5"}},"J5":{"XJ":{"PM":"5"},"W5":{"FW":"5"},"P5":{"W6":"5"},"V5":{"CW":"5"},"GC":{"PM":"5"},"VM":{"99":"5"},"27":{"RV":"5"},"H8":{"72":"5"}},"M8":{"RW":{"R5":"5"},"VV":{"95":"5","94":"5"},"VR":{"8F":"5","9G":"5"}},"P9":{"WH":{"J8":"5"}},"M5":{"6G":{"VW":"5"},"RV":{"4P":"5","8J":"5","2G":"5","2W":"5","F8":"5","3W":"5","C6":"5","F6":"5"},"M5":{"47":"5"},"QV":{"WP":"5","JC":"5","XR":"5"},"3X":{"G6":"5"},"3W":{"X2":"5"},"4V":{"RM":"5"},"XG":{"6M":"5"},"VP":{"H9":"5"},"QX":{"RG":"5"},"RH":{"39":"5"},"JX":{"3H":"5"},"5X":{"CR":"5"},"WV":{"JR":"5"},"GX":{"VJ":"5"},"XP":{"M3":"5"},"VJ":{"QM":"5"},"C5":{"8Q":"5"},"5V":{"6W":"5"},"J6":{"XP":"5"},"QH":{"JX":"5"},"QJ":{"53":"5","JF":"5"},"HX":{"MG":"5"},"VX":{"P9":"5","3G":"5"},"RW":{"F4":"5"},"RG":{"7C":"5"}},"W2":{"W7":{"XG":"5","XF":"5","X9":"5"},"X7":{"9R":"5","8M":"5","GH":"5","9G":"5","HH":"5","8Q":"5"},"X8":{"W5":"5","Q4":"5","P5":"5","Q5":"5","P4":"5"},"W8":{"M8":"5","P6":"5","M9":"5","8C":"5","J9":"5","P7":"5"}},"J2":{"P8":{"F2":"5","C2":"5"},"RV":{"4V":"5","5G":"5"},"FV":{"C8":"5","CG":"5","CF":"5","FG":"5","FF":"5","F5":"5"},"9X":{"5H":"5","8M":"5","7W":"5","4R":"5","WC":"5","6Q":"5"},"RX":{"4X":"5"},"5F":{"85":"5","4J":"5"},"JR":{"WH":"5"},"97":{"7Q":"5"},"XG":{"WF":"5","MG":"5","PG":"5"},"QX":{"W5":"5","V8":"5","X8":"5","X7":"5","QP":"5","X5":"5","9J":"5","89":"5","CV":"5","93":"5","X4":"5"},"VQ":{"Q2":"5"},"HR":{"32":"5","78":"5","52":"5","42":"5","88":"5","63":"5","62":"5","53":"5","89":"5","67":"5","77":"5"},"2R":{"M8":"5","HJ":"5"},"GQ":{"RG":"5","XW":"5","VG":"5","RF":"5","XV":"5","XR":"5","VF":"5"},"CW":{"35":"5","27":"5","26":"5","36":"5","25":"5"},"HV":{"5Q":"5"},"2Q":{"J2":"5","MF":"5"},"4M":{"FH":"5","FG":"5"},"8X":{"Q2":"5","96":"5","C9":"5","G8":"5","FX":"5","G9":"5","GF":"5","9F":"5","CG":"5","C8":"5","C4":"5","CX":"5","8M":"5","89":"5","CC":"5","7C":"5","6F":"5","88":"5","FC":"5","FF":"5","V2":"5"},"HQ":{"2V":"5","2X":"5","3X":"5","3V":"5","2W":"5","3W":"5"},"HG":{"PR":"5"},"MH":{"8Q":"5"},"4H":{"2F":"5","6W":"5","5G":"5"},"9W":{"FH":"5","MG":"5","9X":"5"},"F6":{"G4":"5"},"QW":{"VV":"5","RM":"5","RP":"5","QP":"5","X5":"5","VP":"5","JR":"5","WG":"5","VM":"5","VR":"5","XM":"5"},"RW":{"37":"5","77":"5"},"PX":{"WP":"5","WQ":"5","XP":"5","WJ":"5"},"WP":{"CQ":"5","3Q":"5","FQ":"5","2R":"5"},"4G":{"8G":"5","8Q":"5","9Q":"5"},"8W":{"PJ":"5","QV":"5","QQ":"5"}},"F4":{"G3":{"WC":"5"},"G2":{"MW":"5"},"C2":{"W4":"5"}},"M6":{"W5":{"8C":"5"},"Q3":{"32":"5","37":"5"},"38":{"9G":"5"},"RQ":{"PR":"5"},"W4":{"R7":"5"},"RH":{"PV":"5"},"VH":{"8V":"5"},"J6":{"XX":"5"},"VC":{"36":"5"},"WC":{"R7":"5"},"R5":{"CQ":"5","CP":"5"},"VJ":{"9M":"5"},"WP":{"2Q":"5","2P":"5"},"R3":{"9X":"5"},"CQ":{"87":"5","97":"5"},"VF":{"4F":"5","47":"5","58":"5"},"RC":{"4P":"5"},"R7":{"RP":"5","QP":"5"},"VG":{"7G":"5"},"R4":{"J5":"5"},"22":{"Q8":"5","9F":"5"},"VP":{"XP":"5","XQ":"5"},"H6":{"GF":"5"},"FQ":{"G9":"5"},"C4":{"Q3":"5","Q2":"5"},"P8":{"CC":"5","3J":"5","3W":"5"},"WM":{"89":"5","7F":"5","77":"5","75":"5","7C":"5","87":"5","6C":"5"},"29":{"9W":"5"},"MJ":{"CH":"5"},"V2":{"J8":"5","M9":"5"},"QM":{"FP":"5"},"27":{"5F":"5"},"28":{"PF":"5"},"P9":{"24":"5"},"68":{"HG":"5"}},"C3":{"Q4":{"GX":"5","8H":"5","FQ":"5","G7":"5","FJ":"5"},"9F":{"35":"5","7M":"5","R8":"5","CM":"5","XH":"5","X7":"5"},"P6":{"8X":"5","8W":"5","C6":"5","F4":"5"},"MC":{"PR":"5","HW":"5"},"93":{"96":"5","H9":"5","PC":"5","C6":"5","JG":"5","95":"5","C5":"5","JF":"5"},"PG":{"5P":"5","8F":"5","8C":"5","9H":"5","89":"5"},"H7":{"J2":"5","8F":"5","G2":"5"},"P3":{"HV":"5"},"Q2":{"MR":"5","37":"5","7Q":"5"},"VJ":{"FC":"5","7C":"5","FF":"5"},"P5":{"RX":"5","7H":"5"},"8F":{"MF":"5","9C":"5","6R":"5"},"G6":{"PP":"5","QQ":"5"},"P7":{"Q8":"5","MM":"5"},"V4":{"VG":"5","VH":"5","FG":"5","XF":"5","WG":"5","MM":"5"},"83":{"67":"5","43":"5"},"F6":{"WQ":"5"},"GF":{"FC":"5","JX":"5"},"CF":{"VQ":"5","VH":"5","W3":"5","F7":"5","F6":"5","X6":"5","4V":"5"},"C8":{"M3":"5","J5":"5","C3":"5","M6":"5","R8":"5","M5":"5","G6":"5","V6":"5","M4":"5"},"G7":{"MG":"5"},"XC":{"FQ":"5","CR":"5","GW":"5"},"WH":{"4H":"5","5H":"5","57":"5","7P":"5","55":"5","JH":"5","6J":"5"},"WF":{"R3":"5"},"JF":{"3X":"5","RP":"5","QP":"5","RM":"5"},"C5":{"3R":"5"},"85":{"R7":"5","F3":"5","Q9":"5","P7":"5"},"RJ":{"H3":"5","JF":"5"},"RG":{"4W":"5"},"X4":{"R8":"5","V6":"5","R5":"5","RC":"5","VC":"5","V8":"5","Q6":"5","V5":"5","V9":"5","R6":"5","X5":"5","V7":"5","X4":"5","W9":"5","W8":"5","W6":"5","P6":"5","R9":"5","Q5":"5","Q4":"5","P5":"5"},"F3":{"RH":"5","QH":"5","PX":"5","JV":"5","9Q":"5"},"X3":{"GP":"5"},"R7":{"V5":"5"},"HF":{"PP":"5","H5":"5","G3":"5","G2":"5","J6":"5","J7":"5"},"WP":{"W4":"5"},"M3":{"89":"5"},"X6":{"HQ":"5"},"V7":{"XC":"5","G7":"5","WX":"5"},"J8":{"8C":"5","92":"5"},"C3":{"48":"5"},"G4":{"XG":"5"},"M5":{"RH":"5","PW":"5","RP":"5","VR":"5","JW":"5","WR":"5","WV":"5","RQ":"5"},"9C":{"HX":"5"},"C4":{"CR":"5"},"H3":{"W4":"5"},"WG":{"2J":"5"},"Q5":{"3M":"5","4P":"5"},"CC":{"RM":"5","2J":"5","PQ":"5","RW":"5","QP":"5","WW":"5","XW":"5","QC":"5","VW":"5","VR":"5","WV":"5","QR":"5"},"F2":{"XX":"5","9X":"5"},"V5":{"F6":"5","H6":"5"},"H6":{"GJ":"5","8X":"5","MW":"5","8V":"5","6V":"5"},"7H":{"X2":"5"},"Q3":{"W9":"5"},"FF":{"3Q":"5","CJ":"5","7C":"5"},"XP":{"52":"5","R4":"5","J4":"5","85":"5"},"G3":{"54":"5","MC":"5","R8":"5","JF":"5"},"Q7":{"CM":"5"},"C7":{"PW":"5","CX":"5"},"82":{"96":"5","4G":"5","86":"5","9H":"5","GR":"5","5G":"5","5F":"5","45":"5","87":"5","9F":"5","98":"5","97":"5"},"C2":{"MH":"5","G5":"5"},"XJ":{"W9":"5","V8":"5","Q8":"5"},"R2":{"M3":"5","93":"5"},"R4":{"45":"5"},"CG":{"42":"5"},"GC":{"WH":"5","WG":"5"},"92":{"37":"5"},"F7":{"QH":"5","XX":"5","39":"5"},"VH":{"V8":"5"},"J6":{"54":"5","M3":"5","99":"5","P5":"5"},"V3":{"QQ":"5"},"MF":{"H7":"5","J6":"5","P7":"5"},"FC":{"2Q":"5"},"W9":{"G4":"5"},"FG":{"59":"5"},"W3":{"8P":"5","FG":"5"},"F4":{"M8":"5","GJ":"5","M7":"5","F3":"5","22":"5","RC":"5","H2":"5","JP":"5","QJ":"5"},"JG":{"22":"5","5C":"5","45":"5"},"M6":{"WQ":"5","X8":"5"},"W4":{"HJ":"5","49":"5","HM":"5","GR":"5","GP":"5","JM":"5","JP":"5","3J":"5","GM":"5","2H":"5"},"H5":{"WQ":"5"},"J5":{"HR":"5","GQ":"5","F2":"5","GP":"5"},"7G":{"QF":"5","X6":"5"},"XM":{"FH":"5","CV":"5","9W":"5","7W":"5","3V":"5","5V":"5","5R":"5"},"P4":{"P6":"5","P5":"5"},"G5":{"6V":"5"},"R3":{"6F":"5","5F":"5","79":"5"},"95":{"VH":"5","G5":"5"},"RH":{"54":"5","WF":"5","GP":"5","F9":"5"},"QG":{"Q5":"5"},"C6":{"6F":"5","7F":"5","G6":"5"},"84":{"PX":"5"},"72":{"R4":"5","RX":"5","P3":"5","Q3":"5","R5":"5"}},"R5":{"99":{"78":"5"},"V5":{"54":"5"},"G8":{"4C":"5"},"2C":{"97":"5"},"W3":{"7Q":"5"},"89":{"X7":"5"},"J4":{"6J":"5"}},"Q3":{"C2":{"QM":"5"},"2V":{"24":"5"},"CM":{"8G":"5","7G":"5","C9":"5"},"GW":{"CQ":"5","FP":"5","73":"5"},"48":{"M3":"5"},"2R":{"25":"5"},"2M":{"2J":"5"},"93":{"85":"5"},"46":{"4G":"5"},"75":{"2Q":"5"},"54":{"PH":"5"}},"F2":{"8W":{"2W":"5"},"MH":{"H8":"5"},"W6":{"R6":"5","R5":"5","8Q":"5","98":"5"},"32":{"VV":"5"},"FC":{"23":"5","7R":"5"},"J4":{"GQ":"5","7H":"5","CW":"5","HM":"5","CX":"5"},"F3":{"XP":"5"},"V2":{"35":"5"},"GR":{"8G":"5","8J":"5","5H":"5","XV":"5","CH":"5","VQ":"5","PM":"5"},"H6":{"25":"5","34":"5","64":"5","H7":"5","44":"5","74":"5","M8":"5","G7":"5","F6":"5","F5":"5","93":"5","XJ":"5","73":"5","35":"5"},"G7":{"J9":"5"},"RH":{"9M":"5","GJ":"5","7P":"5"},"39":{"4F":"5","5F":"5","27":"5"},"W5":{"76":"5","94":"5"},"GG":{"2X":"5"},"CP":{"MX":"5"},"M7":{"XJ":"5","RH":"5","35":"5","P5":"5","VG":"5","XM":"5","RC":"5","VF":"5","Q8":"5","45":"5","G5":"5","R6":"5","C9":"5"},"WG":{"9H":"5","9J":"5"},"X3":{"8G":"5","7G":"5","8X":"5","QW":"5","9W":"5","9V":"5","PF":"5","PG":"5"},"69":{"5W":"5"},"P3":{"FW":"5","PM":"5","FR":"5","RH":"5","QJ":"5","QG":"5","RP":"5","PH":"5","RR":"5","QH":"5","QP":"5","FX":"5","PG":"5","7W":"5","RG":"5","PJ":"5","VP":"5","CX":"5","CW":"5","WR":"5","MH":"5","GR":"5","MM":"5","WV":"5","QM":"5"},"PP":{"M3":"5","QF":"5","X7":"5"},"7G":{"R5":"5"},"J3":{"F8":"5","4C":"5"},"WV":{"X4":"5"},"QJ":{"2X":"5"},"H8":{"4C":"5"},"CQ":{"V5":"5","V4":"5"},"QM":{"22":"5"},"JH":{"5W":"5","26":"5","36":"5"},"V3":{"3R":"5","XF":"5","2H":"5"},"HH":{"R8":"5","RC":"5","X6":"5","C6":"5","Q7":"5","P7":"5","65":"5","98":"5"},"Q3":{"Q6":"5","64":"5","2C":"5","74":"5","G7":"5","X4":"5","4C":"5","75":"5","4G":"5","65":"5"},"43":{"76":"5"},"H9":{"36":"5"},"48":{"JC":"5","P7":"5"},"R3":{"54":"5","R6":"5","X8":"5"},"MF":{"2V":"5","JF":"5","2W":"5"},"6C":{"M3":"5"},"H3":{"38":"5","46":"5","37":"5","47":"5","48":"5","36":"5","84":"5"},"X2":{"2X":"5"},"M5":{"54":"5","44":"5","W7":"5","45":"5","55":"5","QQ":"5","X2":"5"},"RC":{"FW":"5"},"FF":{"5H":"5","4F":"5","P9":"5","F6":"5","9P":"5"},"P4":{"29":"5","3P":"5","GR":"5","FH":"5","MC":"5","HP":"5","39":"5","V6":"5","QJ":"5","F8":"5","RC":"5","VG":"5","6F":"5","GP":"5","2X":"5","4R":"5","63":"5","VJ":"5","4M":"5","8F":"5","2J":"5","GF":"5","PF":"5","CF":"5","8M":"5","2G":"5","46":"5","2M":"5","Q8":"5","RJ":"5","68":"5","JC":"5","FQ":"5","4C":"5","88":"5","9C":"5","47":"5","5J":"5","GM":"5","JJ":"5","CC":"5","F2":"5","53":"5","7J":"5","4J":"5","FF":"5","49":"5","3H":"5","X8":"5","3F":"5","5C":"5","C7":"5","4F":"5","5F":"5","CG":"5","3J":"5","5M":"5","2H":"5","7V":"5","6C":"5","FG":"5","HJ":"5","RR":"5","62":"5","38":"5","MH":"5","8C":"5","67":"5","W6":"5","56":"5","89":"5","HC":"5","58":"5","GV":"5","69":"5","C6":"5","3G":"5","5Q":"5","3C":"5"},"G9":{"CG":"5","CH":"5"},"P7":{"GQ":"5","5X":"5","4M":"5","J7":"5","7W":"5","MP":"5","7V":"5","5V":"5","HH":"5","6R":"5","2M":"5","7R":"5","HP":"5"},"MM":{"W7":"5","WG":"5"},"C9":{"R4":"5","26":"5","R3":"5"},"68":{"Q3":"5"},"JJ":{"GQ":"5","9F":"5","FF":"5"},"JC":{"J2":"5","58":"5"},"74":{"VC":"5"},"X4":{"4G":"5","W4":"5"},"Q6":{"R2":"5","62":"5","JW":"5","HV":"5"},"JG":{"2F":"5"},"P5":{"9F":"5","J5":"5","F4":"5","8F":"5","M6":"5","73":"5","99":"5","97":"5","87":"5","H2":"5","Q6":"5","7C":"5","H5":"5","JX":"5","74":"5","98":"5","M2":"5","94":"5","XV":"5","PQ":"5","9C":"5","7F":"5","G5":"5","Q8":"5","P5":"5"},"6H":{"6Q":"5"},"8H":{"78":"5","76":"5","F7":"5","86":"5","49":"5","48":"5","8C":"5","FC":"5","9C":"5","5G":"5","F9":"5","F4":"5","87":"5","C9":"5","59":"5","FF":"5","97":"5"},"5F":{"QR":"5"},"X5":{"72":"5"},"W4":{"QF":"5","WF":"5","FX":"5","X7":"5","X8":"5"},"M3":{"PP":"5","8F":"5","HJ":"5","HM":"5","CM":"5","PM":"5","GM":"5","RM":"5","MM":"5"},"9P":{"5J":"5"},"9H":{"HG":"5","FC":"5","CH":"5","W4":"5","FG":"5"},"5J":{"PQ":"5"},"XG":{"JH":"5"},"93":{"P4":"5","R3":"5"},"G5":{"WV":"5"},"84":{"64":"5","95":"5","57":"5","75":"5"},"FG":{"46":"5","8X":"5","8W":"5","9W":"5","9V":"5","45":"5","9X":"5"},"3C":{"27":"5","26":"5"},"5M":{"GW":"5"},"CG":{"FM":"5","GX":"5","8R":"5","FV":"5","FW":"5","CP":"5","CX":"5","9X":"5"},"J6":{"W6":"5","R2":"5","V5":"5","28":"5","3C":"5","4W":"5"},"P9":{"24":"5","5G":"5","36":"5"},"7C":{"RG":"5","GC":"5","WG":"5"},"GH":{"48":"5","2C":"5","HP":"5","28":"5","59":"5","25":"5"},"64":{"HM":"5","JM":"5"},"HR":{"4M":"5"},"FJ":{"72":"5","XH":"5","94":"5"},"92":{"PX":"5","PW":"5","MX":"5","MW":"5"},"G6":{"W5":"5","X9":"5","JH":"5","HJ":"5","V4":"5","HM":"5","FH":"5","99":"5","W9":"5"},"XP":{"6G":"5"},"H5":{"W5":"5","X8":"5","V5":"5","Q6":"5","VC":"5","JH":"5","Q9":"5","JM":"5","MG":"5","JJ":"5","HP":"5"},"FH":{"C2":"5","92":"5","H7":"5","H6":"5","G7":"5","G6":"5","6F":"5","93":"5","C3":"5"},"W3":{"9C":"5","PQ":"5","GC":"5","GF":"5","6H":"5","FQ":"5","CV":"5","FC":"5","7G":"5"},"99":{"56":"5","WX":"5"},"MJ":{"JH":"5"},"FR":{"M2":"5","V7":"5","P4":"5"},"R4":{"QF":"5"},"PM":{"XG":"5","PW":"5","QV":"5"},"Q4":{"62":"5","69":"5","3H":"5","3M":"5","Q7":"5"},"H7":{"H7":"5","MC":"5","G7":"5","43":"5"},"GJ":{"6F":"5","6G":"5","7F":"5","7C":"5","2W":"5"},"XC":{"Q4":"5","FH":"5","W3":"5","X2":"5"},"6G":{"4X":"5","47":"5","3W":"5"},"P8":{"RG":"5","5M":"5","H5":"5","F5":"5","C2":"5"},"HG":{"8W":"5","3V":"5","5V":"5","2W":"5"},"MP":{"XG":"5","VG":"5"},"PH":{"XX":"5"},"WX":{"CH":"5"},"FQ":{"4H":"5"},"7Q":{"VH":"5"},"J8":{"6F":"5","M6":"5","J6":"5","6C":"5","6V":"5"},"R7":{"V5":"5","25":"5"},"J5":{"56":"5","53":"5","VX":"5","QH":"5","RG":"5","26":"5","95":"5","VR":"5","36":"5","46":"5","73":"5","54":"5"},"V6":{"8R":"5","CM":"5"},"M6":{"29":"5"},"HV":{"63":"5"},"3F":{"95":"5"},"M4":{"P3":"5","XH":"5","RX":"5","9G":"5","CQ":"5","R4":"5","JM":"5","RJ":"5","RV":"5","HM":"5","XG":"5","XJ":"5","HQ":"5"},"CF":{"PX":"5","QX":"5","W2":"5"},"G8":{"M3":"5","H3":"5"},"5H":{"37":"5","39":"5"},"P6":{"M7":"5","P7":"5"},"WW":{"RW":"5","VV":"5","WF":"5","RV":"5","WG":"5","VW":"5"},"77":{"VQ":"5","VP":"5"},"CH":{"82":"5","CP":"5","6J":"5"},"QP":{"38":"5"},"X6":{"JW":"5"},"4H":{"V8":"5","X7":"5"},"V4":{"RH":"5"},"2V":{"8H":"5"}},"72":{"RM":{"FQ":"5","MX":"5"},"J3":{"4X":"5","Q6":"5","96":"5","HF":"5","WF":"5","XF":"5","X8":"5"},"P6":{"8G":"5","C8":"5","8F":"5","GC":"5","F9":"5","9J":"5","C9":"5"},"MC":{"JC":"5","VH":"5","J9":"5"},"R8":{"P2":"5","Q3":"5","H2":"5","P4":"5"},"59":{"MH":"5","J9":"5","M4":"5"},"QJ":{"96":"5","47":"5","9C":"5","84":"5"},"F8":{"23":"5"},"VG":{"Q2":"5","PH":"5","PC":"5","3F":"5","MG":"5","3G":"5","R2":"5","54":"5","35":"5","27":"5","28":"5"},"P3":{"2Q":"5","9R":"5","63":"5","22":"5","M5":"5","23":"5","F5":"5"},"VM":{"6W":"5","Q9":"5","MJ":"5","WV":"5","MM":"5","6V":"5"},"Q2":{"25":"5","P3":"5","56":"5","4F":"5","Q4":"5","RR":"5","JH":"5","83":"5","V3":"5","67":"5","Q7":"5","W2":"5","Q8":"5","W3":"5","P2":"5","V4":"5","V9":"5","G7":"5","C8":"5","95":"5","GG":"5","57":"5","P5":"5","6Q":"5","CF":"5","G2":"5","36":"5","J8":"5","99":"5","73":"5","V2":"5","5M":"5"},"VJ":{"WX":"5"},"X2":{"24":"5","23":"5"},"P5":{"8Q":"5"},"P7":{"RG":"5","QH":"5","RJ":"5","G8":"5","CH":"5","JF":"5","J7":"5","8Q":"5","VP":"5","H6":"5"},"V4":{"GW":"5"},"83":{"2F":"5"},"W2":{"X3":"5","RJ":"5","JX":"5","X4":"5"},"GF":{"R4":"5"},"J9":{"5R":"5"},"G9":{"XR":"5"},"RF":{"3X":"5","QR":"5","68":"5","2C":"5","8W":"5","6X":"5","58":"5","4C":"5","HQ":"5","VP":"5","3W":"5"},"PF":{"Q8":"5","P7":"5","FF":"5"},"RP":{"QR":"5","C6":"5"},"46":{"8F":"5"},"JF":{"6F":"5","Q4":"5"},"Q8":{"99":"5","J8":"5","34":"5","VH":"5","X9":"5","J7":"5"},"R5":{"VX":"5","RX":"5"},"RG":{"M3":"5","Q6":"5","8J":"5","9G":"5","63":"5","9F":"5","F3":"5","XF":"5","86":"5","62":"5","3J":"5","3M":"5","65":"5"},"Q9":{"2C":"5","23":"5"},"M2":{"V2":"5","RX":"5","CM":"5","QP":"5","FX":"5","RM":"5","QJ":"5"},"X4":{"VG":"5","6G":"5","PC":"5","5J":"5"},"X5":{"8X":"5","83":"5","8W":"5","GF":"5"},"73":{"VJ":"5","QQ":"5","9X":"5"},"W5":{"32":"5"},"R7":{"RW":"5","CG":"5","F8":"5","VX":"5","CH":"5","FF":"5"},"JC":{"37":"5","5P":"5","38":"5","56":"5","53":"5","3Q":"5","JX":"5","CV":"5","8W":"5","HW":"5","29":"5"},"VC":{"GQ":"5","JQ":"5","RV":"5","HQ":"5"},"32":{"2M":"5"},"HF":{"Q6":"5","JC":"5","R5":"5","92":"5","84":"5","PG":"5","W2":"5","CG":"5","P2":"5","H6":"5","J9":"5","F7":"5","WM":"5","HW":"5","FF":"5","XM":"5","P9":"5"},"M3":{"62":"5","7M":"5","7W":"5"},"X6":{"FH":"5"},"V7":{"2W":"5"},"J8":{"3X":"5"},"PH":{"6F":"5"},"P8":{"JW":"5"},"C3":{"H9":"5"},"97":{"FV":"5"},"G4":{"P9":"5","P8":"5","Q8":"5","Q9":"5"},"QF":{"78":"5","VX":"5","XV":"5","QC":"5","X8":"5"},"PV":{"49":"5","9C":"5","42":"5","C9":"5","43":"5","76":"5","R7":"5","V4":"5","C8":"5","58":"5","48":"5","99":"5"},"M5":{"8W":"5","HC":"5"},"44":{"8X":"5","F7":"5","23":"5","65":"5"},"P9":{"88":"5","HF":"5","W3":"5"},"P2":{"5F":"5","6C":"5","XH":"5","8F":"5","5Q":"5","VJ":"5","V3":"5","67":"5","X5":"5","W3":"5","6F":"5","8V":"5","3M":"5","J2":"5","6X":"5","7F":"5"},"H9":{"WR":"5","MJ":"5"},"WM":{"J2":"5","J3":"5","H3":"5","J4":"5","H4":"5"},"45":{"F3":"5","CH":"5","C2":"5"},"WG":{"2G":"5","QX":"5"},"V5":{"83":"5"},"QH":{"49":"5","7J":"5","4J":"5","6P":"5","CP":"5","5H":"5","9V":"5","7W":"5","7M":"5","F3":"5","7Q":"5","8M":"5","P5":"5","6Q":"5","6J":"5","7R":"5"},"33":{"X3":"5","W4":"5"},"J4":{"6F":"5","44":"5","29":"5","69":"5","22":"5","6C":"5","79":"5"},"PC":{"7W":"5"},"Q3":{"4F":"5","86":"5","56":"5","57":"5","77":"5"},"PP":{"26":"5","36":"5"},"H4":{"VJ":"5","CF":"5","WQ":"5","8W":"5","5X":"5","FF":"5"},"48":{"VF":"5"},"Q7":{"HR":"5","6P":"5","2Q":"5","3P":"5","9V":"5","8Q":"5","CJ":"5","HV":"5","9R":"5","6R":"5","2M":"5","6M":"5","GR":"5","GV":"5"},"C7":{"JX":"5","JW":"5"},"34":{"R2":"5","W3":"5","V3":"5","V4":"5"},"98":{"63":"5","FF":"5","3W":"5"},"82":{"FW":"5","H4":"5"},"XJ":{"9M":"5","FW":"5","9P":"5","9G":"5"},"R2":{"QX":"5","4P":"5","2J":"5","4H":"5","4J":"5","8F":"5","RP":"5","6P":"5","6H":"5","7V":"5","3M":"5","4C":"5","MV":"5"},"R4":{"QH":"5","62":"5","XR":"5","JF":"5","94":"5"},"GC":{"WG":"5"},"M7":{"FX":"5"},"VH":{"HJ":"5","CR":"5"},"J6":{"62":"5"},"V3":{"XC":"5","6Q":"5","8Q":"5","9Q":"5"},"G8":{"F8":"5"},"PJ":{"FX":"5"},"MF":{"8C":"5"},"99":{"FH":"5","4G":"5","H5":"5"},"PR":{"PH":"5","PX":"5","HG":"5","JQ":"5","4Q":"5","JR":"5","JG":"5","MQ":"5","VR":"5","C5":"5","MM":"5","GV":"5"},"43":{"C8":"5","95":"5","96":"5","FH":"5","8F":"5","C3":"5","6F":"5","F2":"5","9J":"5","7G":"5","8G":"5","4J":"5","G8":"5","CF":"5","79":"5","G2":"5","3J":"5","HH":"5","94":"5","HG":"5","84":"5","5J":"5","85":"5","8C":"5","J3":"5","C4":"5","5H":"5"},"JG":{"4F":"5","22":"5"},"62":{"3C":"5"},"VF":{"QW":"5","QX":"5","VV":"5","RX":"5","M4":"5","RR":"5","J7":"5","PX":"5","CP":"5","P4":"5","9V":"5","7P":"5","8R":"5","FM":"5","M6":"5","8W":"5","FC":"5","J2":"5","6X":"5","M5":"5"},"QM":{"5F":"5"},"W4":{"FM":"5"},"QC":{"24":"5","88":"5","CG":"5","GF":"5"},"HC":{"7J":"5","X9":"5","RR":"5","RW":"5","VJ":"5","XV":"5","XC":"5","XF":"5","JM":"5","5W":"5","CW":"5","7X":"5","XG":"5","6W":"5"},"H5":{"52":"5","W5":"5"},"V9":{"CW":"5"},"VP":{"7M":"5","3M":"5","5Q":"5"},"J5":{"C8":"5","F8":"5","F7":"5","G8":"5","G7":"5","C7":"5"},"22":{"P6":"5"},"V2":{"87":"5","G9":"5","7P":"5","X3":"5","7Q":"5","88":"5","F4":"5","93":"5","54":"5"},"P4":{"78":"5","HX":"5","G9":"5"},"R3":{"8G":"5","8J":"5","FM":"5","R4":"5","8F":"5","8V":"5"},"RH":{"54":"5"},"42":{"FJ":"5","MX":"5","Q4":"5","GR":"5","J3":"5","HP":"5","F8":"5","HQ":"5","Q2":"5","GP":"5","MQ":"5","P5":"5","G6":"5","RF":"5","CF":"5","GH":"5","GX":"5","9W":"5","C5":"5","Q8":"5","9Q":"5","CV":"5","FR":"5","R5":"5","Q9":"5","GQ":"5","6Q":"5","F3":"5","JV":"5","FQ":"5","MW":"5","HF":"5","HM":"5","GG":"5","2V":"5","P8":"5","MR":"5","J2":"5","QF":"5","9X":"5","CW":"5","44":"5","CM":"5","H9":"5","8Q":"5","H3":"5","HW":"5","GM":"5","Q5":"5","V5":"5","9H":"5","9V":"5","CJ":"5","H4":"5","FM":"5","9J":"5","R4":"5","CG":"5","GC":"5","JQ":"5","M7":"5","J6":"5","GJ":"5","V3":"5","FC":"5","JG":"5","MP":"5","VF":"5","H5":"5","HC":"5","V9":"5","CH":"5","GV":"5","RH":"5","84":"5"},"XG":{"67":"5"},"QG":{"M6":"5","CJ":"5","P7":"5","RQ":"5"}},"C2":{"8W":{"2Q":"5","47":"5","4V":"5","7Q":"5"},"5V":{"53":"5","6G":"5","6H":"5","3F":"5","QQ":"5"},"4V":{"C9":"5","36":"5","39":"5"},"VX":{"M2":"5"},"26":{"59":"5"},"7W":{"38":"5","35":"5","FH":"5","MF":"5","72":"5","22":"5","HC":"5","PM":"5","2R":"5","JH":"5","J6":"5","36":"5","25":"5"},"CV":{"V5":"5","Q6":"5","X9":"5","GP":"5","WR":"5","QV":"5","2R":"5","5C":"5","XM":"5"},"7M":{"74":"5","84":"5"},"3M":{"M3":"5","H2":"5","Q9":"5"},"2J":{"38":"5","32":"5","29":"5","G7":"5","28":"5","HH":"5","39":"5"},"2M":{"V2":"5","Q4":"5"},"78":{"4F":"5","4H":"5","4J":"5","M9":"5","6P":"5","5R":"5","5H":"5","3F":"5","4R":"5","5G":"5","3Q":"5","3J":"5","6Q":"5","3H":"5","5J":"5","3M":"5","3G":"5","4G":"5","2H":"5"},"3H":{"Q7":"5"},"6X":{"9M":"5","G8":"5","9P":"5","CJ":"5"},"PP":{"Q7":"5"},"FV":{"VJ":"5","2J":"5","76":"5","8H":"5","XH":"5","6J":"5"},"6V":{"XR":"5","PV":"5","9X":"5","WJ":"5","96":"5","FF":"5","X9":"5","WQ":"5","FW":"5","XJ":"5","7G":"5","VR":"5","CF":"5","RH":"5","QM":"5","XX":"5","QF":"5","CV":"5","XP":"5","RM":"5","XW":"5","RQ":"5","QQ":"5","VH":"5","RR":"5","RP":"5","MM":"5","CC":"5","FC":"5","WF":"5","QW":"5","WG":"5","CG":"5"},"9Q":{"2V":"5","5V":"5","2R":"5"},"3P":{"6F":"5","2P":"5","4P":"5","3W":"5"},"4W":{"H3":"5","G3":"5","65":"5","F5":"5"},"4P":{"5M":"5","MX":"5","3H":"5","9C":"5","5Q":"5","97":"5"},"RX":{"HR":"5","HM":"5","PQ":"5","JV":"5","JP":"5","JR":"5","MM":"5"},"22":{"6X":"5"},"7V":{"6V":"5","29":"5","9F":"5","66":"5","59":"5","F8":"5","RC":"5","5G":"5","F6":"5","23":"5","CF":"5","8M":"5","2G":"5","C8":"5","G7":"5","46":"5","9Q":"5","7F":"5","4G":"5","96":"5","8H":"5","4C":"5","7R":"5","24":"5","M9":"5","C4":"5","4V":"5","45":"5","GM":"5","7C":"5","7P":"5","5P":"5","27":"5","57":"5","33":"5","CJ":"5","7H":"5","2F":"5","9M":"5","4J":"5","FF":"5","49":"5","7Q":"5","3H":"5","3F":"5","4P":"5","5C":"5","34":"5","6P":"5","75":"5","4F":"5","5F":"5","C2":"5","3J":"5","5M":"5","7V":"5","F7":"5","78":"5","99":"5","6C":"5","3R":"5","64":"5","38":"5","8C":"5","67":"5","2R":"5","V9":"5","8G":"5","6X":"5","94":"5","95":"5","69":"5","87":"5","C6":"5","3W":"5","28":"5","84":"5","3C":"5","6H":"5"},"4G":{"VM":"5"},"57":{"4G":"5","5G":"5","5F":"5"},"JQ":{"2V":"5","57":"5","77":"5","75":"5","65":"5","F5":"5"},"4M":{"GG":"5"},"68":{"RH":"5","WP":"5","WM":"5"},"5R":{"RR":"5","WX":"5","VW":"5"},"HW":{"3R":"5","JX":"5"},"6W":{"V2":"5","2X":"5","X3":"5","W4":"5","6H":"5","Q8":"5","Q2":"5","Q7":"5","P7":"5"},"7P":{"F4":"5"},"JV":{"4X":"5"},"CC":{"R2":"5"},"HX":{"FH":"5","JC":"5","F6":"5","V4":"5","3F":"5","HH":"5"},"3Q":{"8M":"5","4G":"5","RF":"5","59":"5"},"CR":{"XQ":"5"},"7R":{"37":"5","PX":"5","CQ":"5","9M":"5","3V":"5","67":"5","9V":"5","GW":"5","45":"5","CX":"5","9W":"5","CV":"5","WR":"5","8V":"5","CR":"5","46":"5","6W":"5","MR":"5"},"Q7":{"8V":"5"},"5X":{"F3":"5","C3":"5"},"9P":{"64":"5"},"8V":{"CJ":"5","FX":"5","C4":"5"},"8M":{"3C":"5"},"3V":{"82":"5","C7":"5","97":"5"},"4R":{"7W":"5","9Q":"5"},"98":{"6R":"5"},"5M":{"JC":"5","WQ":"5","J9":"5","MG":"5","Q7":"5"},"8C":{"7M":"5"},"GV":{"Q5":"5","87":"5","QC":"5","R3":"5","97":"5"},"34":{"GQ":"5","CP":"5","CQ":"5","FQ":"5","GW":"5","CW":"5","CV":"5","GJ":"5","HP":"5","HQ":"5"},"2W":{"V2":"5","R8":"5"},"3R":{"J8":"5","93":"5","7X":"5","84":"5","H6":"5"},"3G":{"73":"5"},"23":{"42":"5","43":"5"},"FR":{"2P":"5"},"7X":{"XX":"5","V3":"5","CJ":"5","XW":"5","G7":"5","CX":"5","47":"5","85":"5","GJ":"5"},"97":{"82":"5","78":"5","69":"5","F2":"5","GH":"5","J4":"5","79":"5"},"PM":{"MP":"5"},"35":{"2C":"5","28":"5"},"Q8":{"64":"5"},"8R":{"CR":"5","XF":"5"},"2P":{"V4":"5","Q2":"5"},"8X":{"2V":"5","HJ":"5","3P":"5","84":"5","7M":"5","PJ":"5","3Q":"5","4Q":"5","2X":"5","MM":"5","FF":"5","JJ":"5","3R":"5"},"6J":{"W9":"5","WC":"5"},"7Q":{"C8":"5","4F":"5","8R":"5","9Q":"5"},"5W":{"P9":"5","QP":"5","W7":"5","4C":"5","Q7":"5"},"8Q":{"9M":"5"},"25":{"2X":"5"},"J5":{"48":"5"},"V6":{"6X":"5"},"M6":{"XF":"5"},"HV":{"C5":"5","38":"5","C6":"5","F5":"5","C4":"5"},"PX":{"M7":"5"},"4C":{"HX":"5"},"5H":{"RW":"5","WV":"5"},"GW":{"FR":"5","GJ":"5","CP":"5","GG":"5","Q8":"5","VP":"5"},"6R":{"2V":"5"},"CW":{"M2":"5","R3":"5"},"QP":{"M4":"5"},"42":{"PR":"5","MQ":"5","WV":"5"},"88":{"9V":"5","8V":"5"},"C6":{"6X":"5"},"2V":{"J3":"5","V4":"5"}},"QC":{"68":{"QH":"5","QJ":"5"}},"P4":{"2X":{"MW":"5"},"8F":{"R8":"5","V8":"5"},"5C":{"H2":"5"},"8V":{"QP":"5"}},"H2":{"V8":{"HV":"5"},"RM":{"9V":"5"},"2J":{"QV":"5"},"RQ":{"GC":"5"},"Q4":{"W2":"5"},"RP":{"FR":"5"},"39":{"26":"5"},"VJ":{"38":"5","49":"5","3C":"5","39":"5"},"QP":{"25":"5","69":"5","96":"5","56":"5","42":"5","76":"5","CQ":"5","67":"5","CG":"5","86":"5","47":"5","95":"5","57":"5","48":"5","85":"5","82":"5","C5":"5","PV":"5","GJ":"5","FG":"5","79":"5"},"FX":{"WH":"5"},"GC":{"MC":"5"},"78":{"4X":"5","5W":"5","5V":"5","5X":"5","3W":"5"},"QQ":{"MH":"5","J8":"5","C3":"5","FV":"5","W3":"5","GR":"5","W4":"5","X4":"5"},"C6":{"G4":"5","RP":"5"},"V4":{"8G":"5","86":"5","C7":"5"},"XW":{"5G":"5"},"GW":{"9M":"5","W6":"5","W7":"5"},"W6":{"8G":"5","CG":"5","CF":"5"},"C4":{"M3":"5","J5":"5","P5":"5","H5":"5","G2":"5"},"95":{"XX":"5"},"QV":{"V5":"5","V4":"5"},"GX":{"56":"5"},"F5":{"6X":"5"},"PP":{"W4":"5","WC":"5"},"QR":{"8C":"5"},"XM":{"PF":"5"},"QM":{"4X":"5","7V":"5","5X":"5","9X":"5"},"C3":{"GR":"5"},"28":{"HH":"5"}},"92":{"25":{"PC":"5"},"P6":{"VR":"5","RR":"5"},"PG":{"X3":"5","X6":"5"},"F8":{"9F":"5"},"P3":{"63":"5"},"2X":{"5H":"5"},"WW":{"G3":"5","89":"5"},"VJ":{"46":"5","36":"5"},"36":{"4M":"5"},"V4":{"QC":"5"},"83":{"P5":"5","3J":"5"},"F6":{"VH":"5"},"23":{"V2":"5"},"G9":{"PP":"5"},"PF":{"56":"5","XP":"5"},"CF":{"RW":"5"},"C8":{"PH":"5","X5":"5","RR":"5"},"GW":{"2J":"5","37":"5","4F":"5","5F":"5","36":"5","2H":"5","4J":"5"},"46":{"M7":"5","49":"5","68":"5","69":"5","5C":"5","58":"5","Q9":"5","59":"5"},"2M":{"XC":"5"},"PW":{"JV":"5"},"WV":{"8V":"5"},"XV":{"6H":"5"},"M2":{"HR":"5"},"C9":{"3P":"5","2P":"5"},"VR":{"X2":"5"},"26":{"WH":"5"},"32":{"QF":"5","X2":"5"},"XQ":{"CG":"5"},"QX":{"8Q":"5"},"M3":{"3R":"5","3C":"5"},"4X":{"GW":"5"},"3V":{"3Q":"5","3R":"5","4M":"5","3J":"5","4J":"5","5R":"5","4P":"5"},"GG":{"W4":"5","X4":"5","X5":"5"},"4W":{"7Q":"5"},"VW":{"VJ":"5","PJ":"5","HJ":"5","HF":"5","GC":"5"},"24":{"96":"5","37":"5"},"G4":{"4X":"5","GJ":"5","QW":"5","QR":"5","9C":"5","98":"5"},"35":{"8J":"5","JQ":"5","JR":"5"},"QF":{"35":"5","89":"5","PC":"5","36":"5"},"9X":{"J5":"5","9R":"5","W5":"5","M2":"5","8R":"5","8W":"5","Q3":"5","9P":"5","J4":"5","2W":"5"},"9C":{"43":"5"},"47":{"FR":"5","CV":"5"},"P9":{"F5":"5"},"P2":{"8P":"5"},"H3":{"8J":"5","68":"5","56":"5","33":"5","6P":"5","G9":"5"},"45":{"CQ":"5"},"QW":{"X8":"5","X9":"5","X7":"5","W7":"5","W8":"5","W6":"5","X6":"5","W9":"5"},"H2":{"5Q":"5"},"7H":{"55":"5"},"G2":{"95":"5","CV":"5","FW":"5"},"PC":{"R7":"5","V7":"5","Q7":"5"},"RW":{"4F":"5","28":"5","27":"5","26":"5"},"H4":{"63":"5","92":"5","4R":"5","C2":"5"},"48":{"H5":"5"},"G3":{"WM":"5"},"7X":{"9M":"5","4X":"5","2X":"5","6W":"5","8V":"5","2W":"5","6V":"5"},"FX":{"VR":"5","VW":"5"},"HX":{"7W":"5","7P":"5","8Q":"5","8R":"5","9R":"5","7Q":"5","9Q":"5"},"CX":{"5M":"5"},"C2":{"6W":"5","R3":"5"},"XJ":{"QR":"5","MW":"5"},"WQ":{"6F":"5"},"GC":{"R5":"5"},"XH":{"94":"5"},"MF":{"8G":"5","8F":"5","4G":"5","8C":"5","69":"5","77":"5","55":"5","59":"5","6C":"5","39":"5"},"99":{"W5":"5","WP":"5","XM":"5","WM":"5","W3":"5","WQ":"5","XP":"5","W4":"5","X4":"5","XQ":"5"},"6C":{"24":"5"},"W3":{"78":"5"},"JX":{"3Q":"5","2V":"5","F7":"5","68":"5","3R":"5","69":"5","P8":"5","2R":"5","RR":"5","Q7":"5"},"HG":{"76":"5","77":"5"},"QM":{"GP":"5"},"8C":{"WM":"5"},"W4":{"82":"5","54":"5","83":"5","53":"5","58":"5","55":"5","59":"5"},"2R":{"5W":"5","4M":"5","5J":"5"},"HC":{"XH":"5"},"H5":{"4X":"5"},"22":{"WX":"5"},"RX":{"FP":"5","J7":"5"},"6X":{"5W":"5","JX":"5","JW":"5","7X":"5","5X":"5","6V":"5"},"PX":{"38":"5","75":"5"},"G5":{"4P":"5"},"42":{"HQ":"5"},"6H":{"Q9":"5"}},"H5":{"W6":{"PR":"5"}},"P7":{"3Q":{"4M":"5"},"2V":{"J3":"5","G7":"5","G6":"5"},"34":{"34":"5","33":"5"}},"J4":{"CF":{"89":"5"},"89":{"Q8":"5"},"JX":{"28":"5"},"J4":{"6Q":"5"},"98":{"82":"5","84":"5"}},"G3":{"9F":{"HC":"5"},"P6":{"XJ":"5","WJ":"5","XH":"5"},"MC":{"XF":"5","JH":"5"},"4R":{"68":"5"},"P5":{"Q7":"5"},"V4":{"49":"5"},"GF":{"5R":"5","8P":"5","7P":"5","8Q":"5","7Q":"5","6Q":"5","6R":"5","46":"5","7R":"5"},"J9":{"XM":"5"},"37":{"P5":"5","J4":"5"},"JF":{"44":"5"},"68":{"72":"5","73":"5"},"26":{"WW":"5"},"GG":{"4G":"5","2C":"5","HC":"5"},"2V":{"5M":"5","6W":"5","6M":"5"},"97":{"G4":"5","H5":"5","J6":"5","J7":"5","H6":"5"},"47":{"VX":"5","VG":"5","4C":"5"},"P9":{"4Q":"5","5R":"5","5Q":"5"},"M9":{"93":"5","R7":"5","V6":"5","R6":"5"},"57":{"GW":"5"},"33":{"96":"5","76":"5","86":"5"},"PC":{"W8":"5"},"FF":{"J8":"5","J9":"5"},"FM":{"93":"5","92":"5","57":"5"},"C7":{"7G":"5"},"77":{"8X":"5"},"GC":{"8G":"5","5M":"5","5J":"5"},"Q6":{"MF":"5"},"J6":{"8C":"5","89":"5"},"G8":{"6F":"5","7R":"5"},"78":{"82":"5","35":"5","93":"5","83":"5","92":"5","84":"5"},"3R":{"XG":"5"},"67":{"QH":"5"},"56":{"HJ":"5"},"58":{"64":"5","GC":"5","FC":"5","F4":"5","X4":"5","X5":"5","GF":"5","W2":"5","FF":"5"},"2W":{"53":"5","45":"5"},"69":{"83":"5"},"5Q":{"P3":"5","Q2":"5"}},"V4":{"CQ":{"8X":"5","9W":"5","9V":"5","9X":"5"},"32":{"3R":"5","3V":"4","5X":"5","3W":"5"},"2J":{"6V":"5"},"8F":{"5W":"5"},"HJ":{"6M":"5","6P":"5"},"VG":{"4G":"5"},"34":{"4H":"5","4F":"5"},"22":{"RX":"5","VR":"5","MQ":"5","RR":"5","VW":"5"},"X6":{"G3":"5"},"23":{"3Q":"5"},"CR":{"4X":"5"},"43":{"47":"5","V3":"4"},"2P":{"WG":"5"},"2H":{"X4":"5"},"8Q":{"GV":"5","FX":"5","GW":"5"}},"82":{"FJ":{"R6":"5","X7":"5"},"Q4":{"2G":"5","J6":"5","2H":"5","3G":"5"},"9F":{"J9":"5","H8":"5","F9":"5","W2":"5","FH":"5","GG":"5","2M":"5","C3":"5","7P":"5","FJ":"5","F2":"5","97":"5","GJ":"5","H2":"5","4J":"5","G9":"5","W3":"5","36":"5","G3":"5","V4":"5","5G":"5","V3":"5","FG":"5","H3":"5","W9":"5","HG":"5","HC":"5","CH":"5","GC":"5","4Q":"5","F3":"5","93":"5","GH":"5","CG":"5","H9":"5","7H":"5","47":"5"},"FH":{"MH":"5","5M":"5","PF":"5"},"H7":{"CG":"5"},"F8":{"8C":"5"},"M8":{"72":"5"},"WW":{"W2":"5"},"X2":{"JW":"5","HX":"5","6C":"5"},"P5":{"QH":"5","R9":"5","V7":"5","V4":"5"},"36":{"J2":"5","M2":"5","G3":"5"},"F5":{"J7":"5"},"G6":{"V2":"5"},"5G":{"35":"5","34":"5"},"V4":{"9C":"5"},"23":{"8X":"5"},"GF":{"32":"5","5V":"5"},"J9":{"MV":"5","MW":"5","JR":"5"},"G9":{"77":"5","5R":"5"},"CF":{"C2":"5"},"M4":{"7W":"5"},"GH":{"7P":"5"},"54":{"8H":"5","H3":"5","X6":"5","3C":"5","26":"5"},"VQ":{"6P":"5"},"9G":{"HG":"5","8V":"5"},"Q8":{"HW":"5"},"XV":{"23":"5"},"7F":{"9G":"5"},"79":{"QM":"5","CW":"5"},"Q9":{"C2":"5","Q6":"5","4H":"5","Q9":"5","J5":"5","G4":"5","6H":"5","F3":"5","C4":"5","94":"5","C3":"5","F2":"5"},"XX":{"XJ":"5","WJ":"5"},"74":{"G5":"5"},"X4":{"54":"5","2G":"5","99":"5","JW":"5"},"C9":{"PW":"5","C7":"5"},"F3":{"PW":"5","MX":"5"},"X5":{"R7":"5","44":"5","45":"5","55":"5","94":"5"},"X3":{"R7":"5","G3":"5","89":"5","H6":"5"},"4G":{"XF":"5"},"26":{"XF":"5"},"HF":{"2M":"5"},"M3":{"5V":"5"},"HM":{"R6":"5"},"8H":{"66":"5","9C":"5","56":"5","8F":"5","76":"5","8P":"5","8G":"5","9M":"5","78":"5","QQ":"5","7M":"5","7P":"5","26":"5","8Q":"5","FM":"5","MQ":"5","VM":"5","CC":"5","89":"5","36":"5","8C":"5","MV":"5","79":"5","7H":"5","MR":"5","9Q":"5"},"GG":{"38":"5","R7":"5","WF":"5","PF":"5"},"C3":{"H4":"5"},"XR":{"X3":"5","3R":"5"},"97":{"M8":"5","J8":"5","M6":"5","M5":"5","R5":"5","P7":"5"},"24":{"8V":"5"},"G4":{"42":"5","63":"5","Q5":"5","55":"5","66":"5"},"35":{"PX":"5","PW":"5","MX":"5","JX":"5","FG":"5","JW":"5"},"QF":{"3Q":"5"},"M5":{"24":"5"},"44":{"64":"5"},"H3":{"V7":"5","V8":"5","W7":"5","W8":"5"},"7C":{"G4":"5","F4":"5","G5":"5","84":"5","F5":"5"},"F2":{"GJ":"5","MJ":"5","MM":"5"},"CC":{"5W":"5","3R":"5","6W":"5","3V":"5","6V":"5"},"27":{"CQ":"5"},"57":{"RH":"5"},"53":{"FR":"5","C8":"5","FV":"5","HQ":"5","G9":"5"},"9H":{"G8":"5","F9":"5","3C":"5","C9":"5","QJ":"5"},"7H":{"Q4":"5","Q3":"5"},"G2":{"36":"5"},"FF":{"4Q":"5","HV":"5"},"49":{"64":"5","49":"5"},"PP":{"59":"5"},"H4":{"59":"5"},"F9":{"VJ":"5","V6":"5","PG":"5"},"3F":{"G4":"5"},"34":{"R7":"5","P4":"5","79":"5"},"98":{"XG":"5"},"82":{"VR":"5","RV":"5"},"4F":{"WP":"5","R4":"5","VQ":"5"},"5F":{"X3":"5"},"C2":{"57":"5","58":"5"},"77":{"VG":"5"},"9J":{"J8":"5"},"R4":{"6F":"5","8F":"5","4F":"5","7F":"5","7C":"5"},"GC":{"MM":"5"},"92":{"MR":"5"},"M7":{"8X":"5"},"F7":{"33":"5"},"GJ":{"VV":"5"},"G8":{"6W":"5"},"FC":{"4F":"5","VM":"5","55":"5"},"99":{"P6":"5","R6":"5","P7":"5"},"6C":{"8X":"5"},"FG":{"QC":"5"},"W3":{"WR":"5"},"64":{"26":"5"},"43":{"3P":"5"},"HJ":{"3J":"5"},"F4":{"2Q":"5","M2":"5"},"RR":{"M3":"5"},"JG":{"MW":"5"},"HG":{"5X":"5"},"QM":{"9V":"5"},"8C":{"2P":"5"},"MG":{"47":"5","55":"5"},"W4":{"R2":"5","X3":"5","VQ":"5"},"56":{"R9":"5"},"89":{"XC":"5","2M":"5"},"QC":{"83":"5","72":"5","73":"5"},"VP":{"2V":"5","3R":"5","2R":"5"},"J5":{"94":"5"},"7G":{"W6":"5","JM":"5","JP":"5"},"22":{"HG":"5","V8":"5"},"8G":{"MX":"5","MW":"5","CC":"5"},"H8":{"56":"5"},"V2":{"Q4":"5"},"G5":{"PM":"5","PQ":"5","QP":"5","QQ":"5","JM":"5","H5":"5","MP":"5","PP":"5","QM":"5"},"CH":{"MV":"5","XR":"5","V6":"5"},"95":{"P3":"5","69":"5","V3":"5","58":"5"},"8J":{"V2":"5"},"J7":{"5R":"5"},"3C":{"W2":"5"}},"22":{"F7":{"MQ":"5"}},"QF":{"HF":{"Q2":"5"},"HC":{"QX":"5"}},"G2":{"RM":{"5X":"5","7W":"5","5W":"5","5V":"5","7X":"5","6V":"5","6X":"5","6W":"5"},"FJ":{"CJ":"5"},"29":{"MV":"5","MX":"5"},"8P":{"CQ":"5","FQ":"5"},"25":{"V6":"5","VP":"5"},"66":{"2J":"5","35":"5","R4":"5"},"86":{"M9":"5"},"4R":{"GP":"5","V4":"5"},"4M":{"MV":"5","MR":"5"},"F5":{"FF":"5","2X":"5","3R":"5","8X":"5","22":"5","5J":"5","F2":"5","V6":"5","CC":"5","G3":"5","MC":"5","HG":"5","9X":"5","J3":"5","39":"5","3H":"5","R6":"5","42":"5","R7":"5","2C":"5","8P":"5","HH":"5","R5":"5","X8":"5","C9":"5","9M":"5","57":"5","C6":"5","8H":"5","7M":"5","9W":"5","7R":"5","77":"5","4Q":"5","24":"5","38":"5","H5":"5","P5":"5","3Q":"5","GG":"5","6F":"5","V2":"5","56":"5","CF":"5","R9":"5","44":"5","27":"5","2R":"5","Q3":"5","G7":"5","83":"5","87":"5","R2":"5","3X":"5","X7":"5","29":"5","47":"5","X5":"5","3M":"5","FC":"5","75":"5","JJ":"5","X4":"5","M6":"5","X3":"5","F7":"5","6P":"5","5Q":"5","7F":"5","6R":"5","C8":"5","GC":"5","W9":"5","G8":"5","P2":"5","HM":"5","5P":"5","72":"5","9H":"5","F5":"5","65":"5","GF":"5","7C":"5","3C":"5","54":"5","H2":"5","43":"5","JC":"5","5F":"5","66":"5","6X":"5","99":"5","23":"5","8M":"5","28":"5","4W":"5","J9":"5","33":"5","9P":"5","58":"5","HJ":"5","Q8":"5","64":"5","53":"5","2G":"5","73":"5","6V":"5","QC":"5","94":"5","46":"5","PF":"5","5W":"5","9F":"5","5H":"5","F9":"5","4H":"5","8G":"5","52":"5","32":"5","5G":"5","M2":"5","88":"5","5X":"5","85":"5","P7":"5","86":"5","MP":"5","3P":"5","7P":"5","JH":"5","Q7":"5","J5":"5","97":"5","8C":"5","GH":"5","95":"5","78":"5","5R":"5","3G":"5","JP":"5","59":"5","2W":"5","R4":"5","X2":"5","H7":"5","4C":"5","Q2":"5","F8":"5","X6":"5","W3":"5","V5":"5","2H":"5","2P":"5","62":"5","H9":"5","7Q":"5","JF":"5","W2":"5","69":"5","M5":"5","4V":"5","34":"5","R8":"5","Q6":"5","W6":"5","3J":"5","96":"5","MJ":"5","Q9":"5","9J":"5","P9":"5","J2":"5","7J":"5","HC":"5","63":"5","J8":"5","7X":"5","C3":"5","P8":"5","P3":"5","MM":"5","2V":"5","82":"5","93":"5","CG":"5","MH":"5","6Q":"5","Q5":"5","M9":"5","4R":"5","R3":"5","8W":"5","5C":"5","89":"5","MF":"5","79":"5","Q4":"5","4M":"5","6M":"5","M7":"5","8R":"5","JG":"5","48":"5","G2":"5","98":"5","8F":"5","F3":"5","8V":"5","C2":"5","92":"5","8Q":"5","4X":"5","36":"5","F6":"5","3F":"5","8J":"5","J4":"5","4F":"5","CH":"5","G5":"5","HP":"5","6H":"5","74":"5","9C":"5","5V":"5","H6":"5","H4":"5","G6":"5","6C":"5","F4":"5","J7":"5","7G":"5","RC":"5","MG":"5","76":"5","25":"5","6W":"5","84":"5","7V":"5","FG":"5","V9":"5","V8":"5","4J":"5","6J":"5","26":"5","HF":"5","PG":"5","6G":"5","PC":"5","9G":"5","4P":"5","V3":"5","2J":"5","49":"5","M8":"5","2F":"5","J6":"5","GJ":"5","P4":"5","67":"5","P6":"5","W5":"5","37":"5","3W":"5","W4":"5","35":"5","68":"5","W8":"5","JM":"5","C5":"5","G9":"5","C7":"5","M3":"5","4G":"5","55":"5","V7":"5","7W":"5","W7":"5","H3":"5","V4":"5","2Q":"5","3V":"5","H8":"5","G4":"5","7H":"5","C4":"5","45":"5","M4":"5","5M":"5","2M":"5"},"8F":{"53":"5","2C":"5","3J":"5","5J":"5","4P":"5"},"8R":{"3H":"5"},"5H":{"MP":"5","HV":"5"},"F6":{"32":"5","52":"5","62":"5","22":"5","33":"5","23":"5"},"23":{"MV":"5","PV":"5","QR":"5","3H":"5","3J":"5","XH":"5","5Q":"5","QJ":"5"},"J9":{"F4":"5","C4":"5"},"RF":{"8X":"5"},"PF":{"X9":"5"},"M4":{"CW":"5"},"RP":{"52":"5","GV":"5","62":"5","72":"5","53":"5","JP":"5"},"XC":{"CQ":"5","9R":"5","CR":"5","8Q":"5"},"GH":{"C8":"5","CC":"5","Q7":"5"},"54":{"99":"5","88":"5","CG":"5","76":"5","FH":"5","H3":"5","34":"5","CM":"5","77":"5","7C":"5","9J":"5","84":"5"},"37":{"3P":"5"},"WF":{"82":"5","72":"5"},"46":{"2H":"5"},"JF":{"5F":"5","37":"5","69":"5","6C":"5","77":"5","5Q":"5","78":"5","3V":"5","3W":"5","47":"5","58":"5","57":"5","7C":"5","79":"5","68":"5"},"C5":{"89":"5","VP":"5","83":"5","MH":"5","RW":"5","4V":"5","FM":"5","W6":"5","32":"5","95":"5","FC":"5","J4":"5","F3":"5","PQ":"5","V2":"5","VX":"5","26":"5","GR":"5","C8":"5","5C":"5","H6":"5","7J":"5","V8":"5","G7":"5","72":"5","RH":"5","39":"5","W5":"5","GG":"5","G2":"5","XM":"5","F6":"5","CP":"5","WH":"5","M7":"5","7M":"5","M8":"5","H4":"5","Q9":"5","HM":"5","WG":"5","RR":"5","3M":"5","HQ":"5","X3":"5","2J":"5","69":"5","73":"5","86":"5","P3":"5","GC":"5","2M":"5","78":"5","C5":"5","3H":"5","RG":"5","PP":"5","FV":"5","J3":"5","7G":"5","GQ":"5","2C":"5","WV":"5","QJ":"5","JX":"5","VR":"5","H8":"5","CQ":"5","QM":"5","9Q":"5","JH":"5","MQ":"5","VC":"5","R9":"5","5Q":"5","3P":"5","V3":"5","4W":"5","HH":"5","6P":"5","G3":"5","38":"5","Q3":"5","54":"5","43":"5","H9":"5","4P":"5","48":"5","R3":"5","MF":"5","RX":"5","C3":"5","75":"5","53":"5","4G":"5","H3":"5","V7":"5","6C":"5","6F":"5","62":"5","57":"5","X2":"5","M5":"5","QH":"5","FF":"5","RC":"5","P4":"5","36":"5","49":"5","MG":"5","G9":"5","3X":"5","XH":"5","P7":"5","XV":"5","MM":"5","96":"5","55":"5","QF":"5","28":"5","MW":"5","PW":"5","JQ":"5","4M":"5","F7":"5","F4":"5","3J":"5","C9":"5","F2":"5","MX":"5","2X":"5","68":"5","4Q":"5","52":"5","HW":"5","C4":"5","JJ":"5","24":"5","4F":"5","V5":"5","JC":"5","8P":"5","74":"5","X4":"5","PC":"5","7P":"5","29":"5","76":"5","X9":"5","Q6":"5","WJ":"5","JG":"5","JV":"5","P5":"5","58":"5","CC":"5","6H":"5","VW":"5","8H":"5","RV":"5","MR":"5","HX":"5","WF":"5","5F":"5","3Q":"5","X5":"5","X7":"5","W4":"5","9M":"5","W2":"5","M3":"5","CR":"5","Q7":"5","2F":"5","9P":"5","9H":"5","GP":"5","8M":"5","5P":"5","5J":"5","RM":"5","VH":"5","45":"5","XG":"5","XJ":"5","QG":"5","VJ":"5","3V":"5","4R":"5","H2":"5","VQ":"5","R5":"5","HJ":"5","98":"5","93":"5","G5":"5","WR":"5","84":"5","QX":"5","65":"5","79":"5","FG":"5","3C":"5","CJ":"5","33":"5","V9":"5","6Q":"5","5M":"5","CG":"5","R2":"5","JM":"5","8C":"5","44":"5","WC":"5","RF":"5","J6":"5","GV":"5","PG":"5","X8":"5","8G":"5","P9":"5","63":"5","5G":"5","7C":"5","W9":"5","67":"5","J9":"5","XF":"5","GH":"5","64":"5","34":"5","9C":"5","RJ":"5","HR":"5","FJ":"5","92":"5","2W":"5","2Q":"5","G6":"5","VM":"5","P2":"5","F8":"5","H5":"5","XP":"5","Q2":"5","3R":"5","8F":"5","Q5":"5","PR":"5","FH":"5","QW":"5","3G":"5","XQ":"5","W3":"5","QR":"5","23":"5","JW":"5","46":"5","99":"5","6M":"5","MJ":"5","FR":"5","R4":"5","C2":"5","97":"5","PM":"5","R8":"5","35":"5","Q4":"5","H7":"5","M9":"5","Q8":"5","2P":"5","GJ":"5","8J":"5","XC":"5","6G":"5","56":"5","9J":"5","F5":"5","3W":"5","P8":"5","59":"5","HG":"5","J7":"5","82":"5","MP":"5","WP":"5","J2":"5","XX":"5","PH":"5","VG":"5","87":"5","6J":"5","WX":"5","FQ":"5","VV":"5","9F":"5","J8":"5","37":"5","QC":"5","C7":"5","HP":"5","M2":"5","R7":"5","8Q":"5","25":"5","CM":"5","J5":"5","9G":"5","GF":"5","85":"5","JP":"5","W7":"5","V6":"5","M6":"5","47":"5","27":"5","XW":"5","HV":"5","PX":"5","JR":"5","2H":"5","3F":"5","FP":"5","MC":"5","4J":"5","WM":"5","M4":"5","PF":"5","CF":"5","MV":"5","G8":"5","7H":"5","GM":"5","4C":"5","2R":"5","W8":"5","QQ":"5","5H":"5","GW":"5","P6":"5","WW":"5","HC":"5","RP":"5","F9":"5","WQ":"5","PV":"5","66":"5","77":"5","RQ":"5","HF":"5","XR":"5","CH":"5","JF":"5","VF":"5","94":"5","QP":"5","PJ":"5","7F":"5","R6":"5","G4":"5","X6":"5","42":"5","88":"5","C6":"5","4H":"5","QV":"5","2G":"5","V4":"5","2V":"5"},"JH":{"RR":"5"},"CV":{"MR":"5","GV":"5","MQ":"5","GW":"5"},"7F":{"V5":"5","GM":"5","H3":"5","W6":"5","G6":"5","F5":"5","GX":"5","FC":"5","X6":"5","F9":"5","C5":"5","R2":"5"},"68":{"2X":"5","62":"5","3X":"5","44":"5","HQ":"5","2W":"5","3W":"5"},"GQ":{"J7":"5"},"F3":{"8W":"5","VP":"5","83":"5","5V":"5","MH":"5","RW":"5","4V":"5","FM":"5","W6":"5","95":"5","FC":"5","J4":"5","F3":"5","PQ":"5","V2":"5","VX":"5","GR":"5","C8":"5","H6":"5","7J":"5","V8":"5","72":"5","G7":"5","7W":"5","RH":"5","W5":"5","G2":"5","GG":"5","CV":"5","XM":"5","F6":"5","CP":"5","WH":"5","M7":"5","7M":"5","M8":"5","H4":"5","Q9":"5","HM":"5","WG":"5","RR":"5","HQ":"5","X3":"5","73":"5","P3":"5","GC":"5","C5":"5","RG":"5","6X":"5","PP":"5","7G":"5","FV":"5","J3":"5","GQ":"5","QJ":"5","WV":"5","JX":"5","H8":"5","VR":"5","6V":"5","CQ":"5","QM":"5","9Q":"5","JH":"5","MQ":"5","FW":"5","VC":"5","R9":"5","4W":"5","V3":"5","HH":"5","6P":"5","G3":"5","Q3":"5","H9":"5","R3":"5","MF":"5","RX":"5","C3":"5","7V":"5","V7":"5","H3":"5","62":"5","X2":"5","M5":"5","QH":"5","FF":"5","RC":"5","P4":"5","MG":"5","3X":"5","G9":"5","XH":"5","P7":"5","XV":"5","MM":"5","96":"5","QF":"5","MW":"5","PW":"5","JQ":"5","F7":"5","F4":"5","C9":"5","F2":"5","2X":"5","MX":"5","5R":"5","GX":"5","HW":"5","C4":"5","JJ":"5","V5":"5","JC":"5","8P":"5","7P":"5","6W":"5","X4":"5","PC":"5","X9":"5","Q6":"5","WJ":"5","JG":"5","JV":"5","P5":"5","CC":"5","VW":"5","8H":"5","RV":"5","MR":"5","HX":"5","WF":"5","X7":"5","X5":"5","W4":"5","9M":"5","W2":"5","M3":"5","CR":"5","7R":"5","Q7":"5","FX":"5","5X":"5","9P":"5","9H":"5","8V":"5","GP":"5","CX":"5","8M":"5","RM":"5","9W":"5","VH":"5","XG":"5","9X":"5","XJ":"5","QG":"5","VJ":"5","H2":"5","VQ":"5","R5":"5","HJ":"5","98":"5","93":"5","G5":"5","WR":"5","84":"5","QX":"5","FG":"5","CJ":"5","6Q":"5","V9":"5","CG":"5","R2":"5","JM":"5","8C":"5","WC":"5","RF":"5","J6":"5","PG":"5","GV":"5","9R":"5","X8":"5","8G":"5","P9":"5","W9":"5","J9":"5","XF":"5","GH":"5","9V":"5","9C":"5","RJ":"5","HR":"5","FJ":"5","92":"5","G6":"5","VM":"5","P2":"5","F8":"5","XP":"5","H5":"5","Q2":"5","8F":"5","Q5":"5","PR":"5","FH":"5","QW":"5","XQ":"5","W3":"5","QR":"5","JW":"5","6M":"5","99":"5","MJ":"5","FR":"5","7X":"5","R4":"5","C2":"5","97":"5","PM":"5","R8":"5","H7":"5","Q4":"5","8R":"5","M9":"5","Q8":"5","8J":"5","GJ":"5","XC":"5","8X":"5","9J":"5","F5":"5","3W":"5","P8":"5","HG":"5","J7":"5","82":"5","MP":"5","WP":"5","J2":"5","XX":"5","PH":"5","VG":"5","WX":"5","FQ":"5","VV":"5","9F":"5","7Q":"5","J8":"5","QC":"5","C7":"5","HP":"5","M2":"5","5W":"5","R7":"5","8Q":"5","CM":"5","J5":"5","9G":"5","GF":"5","85":"5","JP":"5","W7":"5","V6":"5","M6":"5","XW":"5","HV":"5","PX":"5","JR":"5","FP":"5","MC":"5","WM":"5","M4":"5","PF":"5","CF":"5","MV":"5","4X":"5","G8":"5","GM":"5","W8":"5","QQ":"5","GW":"5","P6":"5","HC":"5","WW":"5","RP":"5","6R":"5","F9":"5","CW":"5","WQ":"5","PV":"5","RQ":"5","HF":"5","XR":"5","CH":"5","VF":"5","JF":"5","94":"5","QP":"5","PJ":"5","7F":"5","R6":"5","G4":"5","X6":"5","C6":"5","QV":"5","V4":"5"},"73":{"42":"5","H5":"5","53":"5"},"JV":{"X3":"5"},"96":{"W2":"5","V2":"5","Q3":"5","F2":"5","C2":"5","P4":"5","H2":"5","Q6":"5","W3":"5","G3":"5","V4":"5","9H":"5","G2":"5","M2":"5","V3":"5","Q2":"5","P2":"5","P3":"5","R3":"5","X2":"5","R2":"5","W4":"5","P6":"5","F3":"5","R4":"5","Q5":"5","Q4":"5","P5":"5"},"JC":{"R7":"5"},"32":{"WH":"5","PJ":"5","WF":"5","XF":"5"},"HF":{"4X":"5","HR":"5","4V":"5","JV":"5","V4":"5","JH":"5","4W":"5"},"3Q":{"QM":"5","FR":"5","R8":"5"},"8H":{"9C":"5","RP":"5","9F":"5","26":"5","J3":"5","72":"5","47":"5","58":"5","36":"5"},"4C":{"34":"5"},"J8":{"9V":"5","CR":"5"},"C3":{"XX":"5","VX":"5","XW":"5","WX":"5","9X":"5"},"7R":{"C2":"5","G5":"5","92":"5","G4":"5","F3":"5","C4":"5","F5":"5","F4":"5","93":"5","94":"5","C3":"5"},"G4":{"2X":"5","3R":"5","8X":"5","22":"5","5J":"5","FM":"5","F2":"5","G3":"5","9X":"5","J3":"5","39":"5","QX":"5","3H":"5","42":"5","2C":"5","8P":"5","RR":"5","9M":"5","57":"5","C6":"5","7M":"5","9W":"5","7R":"5","77":"5","4Q":"5","CP":"5","24":"5","38":"5","H5":"5","P5":"5","3Q":"5","6F":"5","FV":"5","56":"5","44":"5","27":"5","2R":"5","G7":"5","83":"5","87":"5","3X":"5","29":"5","FR":"5","47":"5","3M":"5","75":"5","M6":"5","F7":"5","PV":"5","VV":"5","6P":"5","CQ":"5","5Q":"5","7F":"5","VW":"5","6R":"5","C8":"5","FP":"5","G8":"5","P2":"5","HM":"5","GV":"5","5P":"5","72":"5","F5":"5","65":"5","FQ":"5","3C":"5","54":"5","H2":"5","43":"5","5F":"5","66":"5","6X":"5","RW":"5","23":"5","8M":"5","28":"5","4W":"5","33":"5","9P":"5","58":"5","64":"5","53":"5","2G":"5","73":"5","6V":"5","94":"5","46":"5","RQ":"5","QR":"5","5W":"5","5H":"5","4H":"5","52":"5","32":"5","5G":"5","M2":"5","88":"5","RX":"5","5X":"5","85":"5","86":"5","MP":"5","3P":"5","7P":"5","J5":"5","97":"5","9R":"5","9Q":"5","95":"5","78":"5","5R":"5","3G":"5","JP":"5","GX":"5","HR":"5","59":"5","2W":"5","H7":"5","4C":"5","F8":"5","2H":"5","2P":"5","62":"5","H9":"5","7Q":"5","CM":"5","MX":"5","69":"5","M5":"5","4V":"5","34":"5","3J":"5","PP":"5","HX":"5","96":"5","QQ":"5","J2":"5","7J":"5","63":"5","J8":"5","7X":"5","C3":"5","CR":"5","GR":"5","P3":"5","2V":"5","93":"5","82":"5","GQ":"5","MR":"5","9V":"5","6Q":"5","4R":"5","8W":"5","5C":"5","79":"5","QV":"5","4M":"5","6M":"5","QW":"5","8R":"5","M7":"5","GM":"5","JX":"5","48":"5","G2":"5","98":"5","PQ":"5","F3":"5","8V":"5","92":"5","C2":"5","8Q":"5","4X":"5","36":"5","F6":"5","HW":"5","3F":"5","8J":"5","J4":"5","4F":"5","RV":"5","G5":"5","HP":"5","6H":"5","74":"5","HV":"5","CX":"5","HQ":"5","5V":"5","CW":"5","MQ":"5","QP":"5","H6":"5","H4":"5","JV":"5","G6":"5","6C":"5","F4":"5","J7":"5","7G":"5","VX":"5","MV":"5","JQ":"5","FW":"5","76":"5","25":"5","6W":"5","84":"5","7V":"5","4J":"5","6J":"5","26":"5","6G":"5","GP":"5","4P":"5","FX":"5","2J":"5","49":"5","2F":"5","J6":"5","P4":"5","67":"5","P6":"5","37":"5","3W":"5","35":"5","68":"5","MW":"5","C5":"5","G9":"5","C7":"5","M3":"5","4G":"5","55":"5","JR":"5","7W":"5","PR":"5","CV":"5","PW":"5","H3":"5","2Q":"5","3V":"5","H8":"5","JW":"5","G4":"5","7H":"5","C4":"5","45":"5","M4":"5","5M":"5","2M":"5","PX":"5","GW":"5"},"35":{"32":"5","42":"5","27":"5"},"QF":{"Q3":"5","5G":"5"},"PV":{"4C":"5"},"44":{"X3":"5","X4":"5"},"P9":{"XF":"5"},"C4":{"FF":"5","2X":"5","3R":"5","8X":"5","5J":"5","FM":"5","F2":"5","WH":"5","V6":"5","CC":"5","G3":"5","MC":"5","HG":"5","PH":"5","9X":"5","J3":"5","39":"5","VR":"5","QX":"5","3H":"5","R6":"5","R7":"5","8P":"5","HH":"5","R5":"5","FH":"5","RR":"5","X8":"5","C9":"5","9M":"5","57":"5","WM":"5","C6":"5","8H":"5","7M":"5","9W":"5","7R":"5","77":"5","VP":"5","4Q":"5","CP":"5","38":"5","H5":"5","P5":"5","3Q":"5","GG":"5","QM":"5","6F":"5","FV":"5","V2":"5","56":"5","CF":"5","R9":"5","XH":"5","27":"5","2R":"5","G7":"5","83":"5","87":"5","R2":"5","3X":"5","X7":"5","FR":"5","47":"5","X5":"5","3M":"5","FC":"5","XW":"5","75":"5","JJ":"5","X4":"5","M6":"5","X3":"5","F7":"5","PV":"5","VV":"5","6P":"5","CQ":"5","5Q":"5","7F":"5","VW":"5","6R":"5","GC":"5","C8":"5","W9":"5","FP":"5","G8":"5","GV":"5","HM":"5","5P":"5","9H":"5","F5":"5","65":"5","FQ":"5","GF":"5","WF":"5","7C":"5","3C":"5","54":"5","VQ":"5","H2":"5","WC":"5","JC":"5","WR":"5","VG":"5","5F":"5","66":"5","6X":"5","RW":"5","RJ":"5","99":"5","8M":"5","28":"5","4W":"5","J9":"5","9P":"5","58":"5","QF":"5","HJ":"5","Q8":"5","64":"5","WX":"5","XP":"5","RG":"5","6V":"5","QC":"5","94":"5","46":"5","RQ":"5","QR":"5","PF":"5","5W":"5","9F":"5","QH":"5","5H":"5","F9":"5","4H":"5","8G":"5","5G":"5","88":"5","RX":"5","RF":"5","5X":"5","85":"5","P7":"5","PM":"5","WW":"5","86":"5","MP":"5","3P":"5","7P":"5","JH":"5","Q7":"5","J5":"5","XG":"5","97":"5","9R":"5","8C":"5","9Q":"5","GH":"5","95":"5","78":"5","5R":"5","3G":"5","JP":"5","GX":"5","HR":"5","2W":"5","59":"5","R4":"5","VJ":"5","X2":"5","H7":"5","4C":"5","F8":"5","X6":"5","WV":"5","W3":"5","V5":"5","XC":"5","2P":"5","H9":"5","7Q":"5","VC":"5","CM":"5","JF":"5","WQ":"5","W2":"5","MX":"5","FJ":"5","69":"5","M5":"5","4V":"5","R8":"5","X9":"5","Q6":"5","PJ":"5","W6":"5","3J":"5","PP":"5","HX":"5","96":"5","MJ":"5","Q9":"5","9J":"5","QQ":"5","P9":"5","J2":"5","7J":"5","HC":"5","J8":"5","XJ":"5","7X":"5","C3":"5","CR":"5","P8":"5","GR":"5","MM":"5","2V":"5","82":"5","93":"5","GQ":"5","MR":"5","CJ":"5","CG":"5","9V":"5","MH":"5","6Q":"5","VH":"5","WG":"5","Q5":"5","M9":"5","4R":"5","R3":"5","8W":"5","5C":"5","89":"5","MF":"5","79":"5","QV":"5","XV":"5","Q4":"5","4M":"5","6M":"5","QW":"5","M7":"5","8R":"5","GM":"5","JX":"5","48":"5","JG":"5","G2":"5","98":"5","PQ":"5","8F":"5","F3":"5","8V":"5","C2":"5","92":"5","8Q":"5","XM":"5","4X":"5","36":"5","F6":"5","HW":"5","3F":"5","8J":"5","J4":"5","4F":"5","CH":"5","QJ":"5","RV":"5","VF":"5","G5":"5","HP":"5","6H":"5","WJ":"5","74":"5","HV":"5","CX":"5","9C":"5","HQ":"5","5V":"5","CW":"5","MQ":"5","QP":"5","H6":"5","H4":"5","G6":"5","JV":"5","6C":"5","F4":"5","J7":"5","7G":"5","VX":"5","RC":"5","MV":"5","JQ":"5","MG":"5","FW":"5","76":"5","6W":"5","84":"5","XQ":"5","7V":"5","FG":"5","V9":"5","V8":"5","RM":"5","4J":"5","6J":"5","HF":"5","PG":"5","6G":"5","PC":"5","9G":"5","WP":"5","GP":"5","4P":"5","FX":"5","V3":"5","49":"5","M8":"5","J6":"5","XF":"5","GJ":"5","QG":"5","P4":"5","RH":"5","67":"5","P6":"5","W5":"5","37":"5","3W":"5","W4":"5","68":"5","MW":"5","W8":"5","JM":"5","C5":"5","G9":"5","C7":"5","M3":"5","4G":"5","XX":"5","55":"5","JR":"5","XR":"5","V7":"5","7W":"5","PR":"5","CV":"5","PW":"5","W7":"5","H3":"5","V4":"5","2Q":"5","3V":"5","H8":"5","JW":"5","G4":"5","VM":"5","RP":"5","7H":"5","C4":"5","45":"5","M4":"5","5M":"5","PX":"5","GW":"5"},"8Q":{"HJ":"5","HM":"5","MG":"5"},"7C":{"8F":"5","36":"5"},"7P":{"X4":"5","97":"5"},"V8":{"MQ":"5"},"F2":{"FF":"5","8X":"5","5J":"5","FM":"5","WH":"5","PH":"5","9X":"5","VR":"5","QX":"5","8P":"5","HH":"5","FH":"5","RR":"5","9M":"5","WM":"5","8H":"5","7M":"5","9W":"5","7R":"5","VP":"5","CP":"5","GG":"5","6F":"5","QM":"5","FV":"5","CF":"5","XH":"5","FR":"5","XW":"5","JJ":"5","PV":"5","VV":"5","6P":"5","CQ":"5","VW":"5","6R":"5","W9":"5","FP":"5","GV":"5","HM":"5","5P":"5","9H":"5","FQ":"5","WF":"5","VQ":"5","WC":"5","WR":"5","VG":"5","5F":"5","6X":"5","RW":"5","RJ":"5","8M":"5","9P":"5","QF":"5","HJ":"5","WX":"5","XP":"5","RG":"5","6V":"5","RQ":"5","QR":"5","9F":"5","QH":"5","5H":"5","4H":"5","8G":"5","5G":"5","RX":"5","RF":"5","PM":"5","WW":"5","MP":"5","7P":"5","JH":"5","XG":"5","9R":"5","9Q":"5","GH":"5","JP":"5","GX":"5","HR":"5","VJ":"5","WV":"5","XC":"5","7Q":"5","VC":"5","CM":"5","WQ":"5","MX":"5","FJ":"5","X9":"5","PJ":"5","PP":"5","HX":"5","MJ":"5","9J":"5","QQ":"5","7J":"5","7X":"5","XJ":"5","CR":"5","GR":"5","MM":"5","GQ":"5","MR":"5","CJ":"5","9V":"5","CG":"5","MH":"5","6Q":"5","VH":"5","WG":"5","8W":"5","QV":"5","XV":"5","6M":"5","QW":"5","8R":"5","GM":"5","JX":"5","PQ":"5","8F":"5","8V":"5","8Q":"5","XM":"5","HW":"5","8J":"5","CH":"5","QJ":"5","RV":"5","VF":"5","HP":"5","6H":"5","WJ":"5","HV":"5","CX":"5","9C":"5","HQ":"5","CW":"5","MQ":"5","QP":"5","JV":"5","7G":"5","VX":"5","RC":"5","MV":"5","JQ":"5","FW":"5","6W":"5","XQ":"5","7V":"5","FG":"5","RM":"5","4J":"5","6J":"5","6G":"5","9G":"5","WP":"5","GP":"5","FX":"5","GJ":"5","XF":"5","QG":"5","RH":"5","MW":"5","JM":"5","XX":"5","JR":"5","XR":"5","7W":"5","PR":"5","CV":"5","PW":"5","JW":"5","VM":"5","RP":"5","7H":"5","5M":"5","PX":"5","GW":"5"},"27":{"VJ":"5","7H":"5","MF":"5"},"57":{"HX":"5","RR":"5"},"53":{"25":"5","QW":"5","RX":"5","H9":"5","VX":"5","76":"5","74":"5","RG":"5","3Q":"5","VP":"5","WQ":"5","MX":"5","P9":"5"},"9H":{"5F":"5"},"33":{"PP":"5","RH":"5","3J":"5","2H":"5","WG":"5"},"7H":{"V5":"5","VV":"5","96":"5","Q4":"5","83":"5","64":"5","RC":"5","C8":"5","QC":"5","RV":"5","FP":"5","82":"5"},"2F":{"Q4":"5"},"G2":{"FF":"5","2X":"5","3R":"5","8X":"5","5J":"5","FM":"5","CC":"5","MC":"5","HG":"5","PH":"5","9X":"5","39":"5","3H":"5","R7":"5","2C":"5","8P":"5","HH":"5","FH":"5","C9":"5","9M":"5","8H":"5","7M":"5","9W":"5","7R":"5","4Q":"5","CP":"5","3Q":"5","GG":"5","6F":"5","FV":"5","CF":"5","R9":"5","2R":"5","G7":"5","3X":"5","29":"5","FR":"5","3M":"5","FC":"5","JJ":"5","F7":"5","6P":"5","CQ":"5","5Q":"5","7F":"5","6R":"5","GC":"5","C8":"5","FP":"5","G8":"5","HM":"5","5P":"5","9H":"5","FQ":"5","GF":"5","7C":"5","3C":"5","JC":"5","5F":"5","6X":"5","99":"5","8M":"5","4W":"5","J9":"5","9P":"5","58":"5","QF":"5","HJ":"5","Q8":"5","2G":"5","6V":"5","QC":"5","PF":"5","5W":"5","9F":"5","5H":"5","F9":"5","4H":"5","8G":"5","5G":"5","88":"5","RF":"5","5X":"5","P7":"5","3P":"5","7P":"5","JH":"5","Q7":"5","9R":"5","8C":"5","9Q":"5","GH":"5","78":"5","5R":"5","3G":"5","GX":"5","59":"5","2W":"5","H7":"5","4C":"5","F8":"5","2H":"5","2P":"5","H9":"5","7Q":"5","CM":"5","JF":"5","MX":"5","FJ":"5","69":"5","4V":"5","R8":"5","3J":"5","HX":"5","Q9":"5","9J":"5","P9":"5","7J":"5","HC":"5","J8":"5","7X":"5","CR":"5","P8":"5","2V":"5","CJ":"5","CG":"5","9V":"5","MH":"5","6Q":"5","M9":"5","4R":"5","8W":"5","5C":"5","89":"5","MF":"5","79":"5","4M":"5","6M":"5","M7":"5","8R":"5","GM":"5","JX":"5","JG":"5","98":"5","8F":"5","8V":"5","8Q":"5","4X":"5","3F":"5","8J":"5","4F":"5","CH":"5","6H":"5","CX":"5","9C":"5","5V":"5","CW":"5","6C":"5","J7":"5","7G":"5","RC":"5","MG":"5","FW":"5","6W":"5","7V":"5","FG":"5","4J":"5","6J":"5","HF":"5","PG":"5","6G":"5","PC":"5","9G":"5","GP":"5","4P":"5","FX":"5","2J":"5","49":"5","M8":"5","2F":"5","GJ":"5","QG":"5","P6":"5","3W":"5","G9":"5","4G":"5","7W":"5","CV":"5","2Q":"5","3V":"5","H8":"5","7H":"5","5M":"5","2M":"5","PX":"5","GW":"5"},"HH":{"G8":"5","CH":"5"},"49":{"99":"5","8C":"5","9C":"5"},"PP":{"QH":"5"},"48":{"37":"5","X8":"5","Q3":"5","39":"5","W8":"5","V4":"5","C4":"5","HX":"5","27":"5"},"7Q":{"C8":"5","FG":"5","C7":"5","RR":"5","HH":"5"},"3H":{"2M":"5"},"6J":{"R2":"5","V2":"5","9W":"5","27":"5","6P":"5","9Q":"5","R3":"5"},"G3":{"FF":"5","2X":"5","3R":"5","8X":"5","22":"5","5J":"5","FM":"5","F2":"5","V6":"5","CC":"5","G3":"5","MC":"5","HG":"5","PH":"5","9X":"5","J3":"5","39":"5","3H":"5","R6":"5","42":"5","R7":"5","2C":"5","8P":"5","HH":"5","R5":"5","FH":"5","X8":"5","C9":"5","9M":"5","57":"5","C6":"5","8H":"5","7M":"5","9W":"5","7R":"5","77":"5","4Q":"5","CP":"5","24":"5","38":"5","H5":"5","P5":"5","3Q":"5","GG":"5","6F":"5","FV":"5","56":"5","CF":"5","R9":"5","44":"5","27":"5","2R":"5","Q3":"5","G7":"5","83":"5","87":"5","R2":"5","3X":"5","X7":"5","29":"5","FR":"5","47":"5","X5":"5","3M":"5","FC":"5","75":"5","JJ":"5","X4":"5","M6":"5","F7":"5","6P":"5","CQ":"5","5Q":"5","7F":"5","6R":"5","C8":"5","GC":"5","W9":"5","FP":"5","G8":"5","P2":"5","GV":"5","HM":"5","5P":"5","72":"5","9H":"5","F5":"5","65":"5","FQ":"5","GF":"5","7C":"5","3C":"5","54":"5","H2":"5","43":"5","WC":"5","JC":"5","5F":"5","66":"5","6X":"5","99":"5","23":"5","8M":"5","28":"5","4W":"5","J9":"5","33":"5","9P":"5","58":"5","QF":"5","HJ":"5","Q8":"5","64":"5","53":"5","2G":"5","73":"5","6V":"5","QC":"5","94":"5","46":"5","PF":"5","5W":"5","9F":"5","5H":"5","F9":"5","4H":"5","8G":"5","52":"5","32":"5","5G":"5","M2":"5","88":"5","5X":"5","85":"5","P7":"5","86":"5","3P":"5","7P":"5","JH":"5","Q7":"5","J5":"5","97":"5","9R":"5","8C":"5","9Q":"5","95":"5","GH":"5","78":"5","5R":"5","3G":"5","GX":"5","HR":"5","59":"5","2W":"5","R4":"5","H7":"5","4C":"5","Q2":"5","F8":"5","X6":"5","V5":"5","2H":"5","2P":"5","62":"5","H9":"5","7Q":"5","VC":"5","CM":"5","JF":"5","MX":"5","FJ":"5","69":"5","M5":"5","4V":"5","34":"5","R8":"5","X9":"5","Q6":"5","W6":"5","3J":"5","HX":"5","96":"5","MJ":"5","Q9":"5","9J":"5","P9":"5","J2":"5","7J":"5","HC":"5","63":"5","J8":"5","7X":"5","C3":"5","CR":"5","P8":"5","GR":"5","P3":"5","2V":"5","82":"5","93":"5","GQ":"5","CJ":"5","CG":"5","9V":"5","MH":"5","6Q":"5","Q5":"5","M9":"5","4R":"5","R3":"5","8W":"5","5C":"5","89":"5","MF":"5","79":"5","Q4":"5","4M":"5","6M":"5","M7":"5","8R":"5","GM":"5","JX":"5","48":"5","JG":"5","G2":"5","98":"5","8F":"5","F3":"5","8V":"5","C2":"5","92":"5","8Q":"5","4X":"5","36":"5","F6":"5","HW":"5","3F":"5","8J":"5","J4":"5","4F":"5","CH":"5","G5":"5","6H":"5","74":"5","HV":"5","CX":"5","9C":"5","5V":"5","CW":"5","H6":"5","H4":"5","JV":"5","G6":"5","6C":"5","F4":"5","J7":"5","7G":"5","MV":"5","MG":"5","FW":"5","76":"5","25":"5","6W":"5","84":"5","7V":"5","FG":"5","V9":"5","V8":"5","4J":"5","6J":"5","26":"5","HF":"5","PG":"5","6G":"5","PC":"5","9G":"5","GP":"5","4P":"5","FX":"5","2J":"5","49":"5","M8":"5","2F":"5","J6":"5","GJ":"5","P4":"5","QG":"5","67":"5","P6":"5","W5":"5","37":"5","3W":"5","W4":"5","35":"5","68":"5","MW":"5","W8":"5","C5":"5","G9":"5","C7":"5","M3":"5","4G":"5","55":"5","JR":"5","V7":"5","7W":"5","CV":"5","W7":"5","H3":"5","V4":"5","2Q":"5","3V":"5","H8":"5","JW":"5","G4":"5","7H":"5","C4":"5","45":"5","M4":"5","5M":"5","2M":"5","PX":"5","GW":"5"},"4P":{"P2":"5","Q2":"5"},"5R":{"P6":"5","P9":"5","V3":"5"},"C7":{"F9":"5"},"34":{"GX":"5","8X":"5","5W":"5","VG":"5","WM":"5","5X":"5","VP":"5"},"6P":{"XJ":"5","WH":"5","WM":"5","WJ":"5","JP":"5","XH":"5"},"7M":{"HG":"5","JG":"5","HF":"5"},"HX":{"W4":"5"},"82":{"QQ":"5"},"2C":{"P2":"5","33":"5","23":"5"},"9J":{"G3":"5"},"65":{"8C":"5"},"Q6":{"H4":"5"},"92":{"89":"5","H2":"5"},"4Q":{"XJ":"5"},"6M":{"7G":"5","MX":"5","2R":"5"},"PJ":{"83":"5","92":"5","84":"5","95":"5","85":"5","82":"5","93":"5","94":"5"},"64":{"49":"5","2C":"5","MX":"5","HV":"5","52":"5","47":"5","48":"5","36":"5","4C":"5","3G":"5"},"55":{"XJ":"5","XH":"5"},"43":{"FH":"5","P5":"5","HJ":"5","3H":"5","CH":"5","MQ":"5","RV":"5","5J":"5","FF":"5","6J":"5"},"F4":{"FF":"5","2X":"5","3R":"5","8X":"5","22":"5","5J":"5","FM":"5","F2":"5","WH":"5","V6":"5","CC":"5","G3":"5","MC":"5","HG":"5","PH":"5","9X":"5","J3":"5","39":"5","VR":"5","QX":"5","3H":"5","R6":"5","42":"5","R7":"5","2C":"5","8P":"5","HH":"5","R5":"5","FH":"5","RR":"5","X8":"5","C9":"5","9M":"5","57":"5","WM":"5","C6":"5","8H":"5","7M":"5","9W":"5","7R":"5","77":"5","VP":"5","4Q":"5","CP":"5","24":"5","38":"5","H5":"5","P5":"5","3Q":"5","GG":"5","QM":"5","6F":"5","FV":"5","V2":"5","56":"5","CF":"5","R9":"5","44":"5","XH":"5","27":"5","2R":"5","Q3":"5","G7":"5","83":"5","87":"5","R2":"5","3X":"5","X7":"5","29":"5","FR":"5","47":"5","X5":"5","3M":"5","FC":"5","XW":"5","75":"5","JJ":"5","X4":"5","X3":"5","M6":"5","F7":"5","PV":"5","VV":"5","6P":"5","CQ":"5","5Q":"5","7F":"5","VW":"5","6R":"5","GC":"5","C8":"5","W9":"5","FP":"5","G8":"5","P2":"5","GV":"5","HM":"5","5P":"5","72":"5","9H":"5","F5":"5","65":"5","FQ":"5","GF":"5","WF":"5","7C":"5","3C":"5","54":"5","VQ":"5","H2":"5","43":"5","WC":"5","JC":"5","WR":"5","VG":"5","5F":"5","66":"5","6X":"5","RW":"5","RJ":"5","99":"5","23":"5","8M":"5","28":"5","4W":"5","J9":"5","33":"5","9P":"5","58":"5","QF":"5","HJ":"5","Q8":"5","64":"5","WX":"5","XP":"5","RG":"5","53":"5","2G":"5","73":"5","6V":"5","QC":"5","94":"5","46":"5","RQ":"5","QR":"5","PF":"5","5W":"5","9F":"5","QH":"5","5H":"5","F9":"5","4H":"5","8G":"5","52":"5","32":"5","5G":"5","M2":"5","88":"5","RX":"5","RF":"5","5X":"5","85":"5","P7":"5","PM":"5","WW":"5","86":"5","MP":"5","3P":"5","7P":"5","JH":"5","Q7":"5","J5":"5","XG":"5","97":"5","9R":"5","8C":"5","9Q":"5","GH":"5","95":"5","78":"5","5R":"5","3G":"5","JP":"5","GX":"5","HR":"5","59":"5","2W":"5","R4":"5","X2":"5","VJ":"5","H7":"5","4C":"5","Q2":"5","F8":"5","X6":"5","WV":"5","W3":"5","V5":"5","XC":"5","2H":"5","2P":"5","62":"5","H9":"5","7Q":"5","VC":"5","CM":"5","JF":"5","WQ":"5","W2":"5","MX":"5","FJ":"5","69":"5","M5":"5","4V":"5","34":"5","R8":"5","X9":"5","Q6":"5","W6":"5","PJ":"5","3J":"5","PP":"5","HX":"5","96":"5","MJ":"5","Q9":"5","9J":"5","QQ":"5","P9":"5","J2":"5","7J":"5","HC":"5","63":"5","J8":"5","XJ":"5","7X":"5","C3":"5","CR":"5","P8":"5","GR":"5","MM":"5","P3":"5","2V":"5","82":"5","93":"5","GQ":"5","MR":"5","CJ":"5","CG":"5","9V":"5","MH":"5","6Q":"5","VH":"5","WG":"5","Q5":"5","M9":"5","4R":"5","R3":"5","8W":"5","5C":"5","89":"5","MF":"5","79":"5","QV":"5","XV":"5","Q4":"5","4M":"5","6M":"5","QW":"5","M7":"5","8R":"5","GM":"5","JX":"5","JG":"5","48":"5","G2":"5","98":"5","PQ":"5","8F":"5","F3":"5","8V":"5","C2":"5","92":"5","8Q":"5","XM":"5","4X":"5","36":"5","F6":"5","HW":"5","3F":"5","8J":"5","J4":"5","4F":"5","CH":"5","QJ":"5","RV":"5","VF":"5","G5":"5","HP":"5","6H":"5","WJ":"5","74":"5","HV":"5","CX":"5","9C":"5","HQ":"5","5V":"5","CW":"5","MQ":"5","QP":"5","H6":"5","H4":"5","G6":"5","JV":"5","6C":"5","F4":"5","J7":"5","7G":"5","VX":"5","RC":"5","MV":"5","JQ":"5","MG":"5","FW":"5","76":"5","25":"5","6W":"5","84":"5","XQ":"5","7V":"5","FG":"5","V9":"5","V8":"5","RM":"5","4J":"5","6J":"5","26":"5","HF":"5","PG":"5","6G":"5","PC":"5","9G":"5","WP":"5","GP":"5","4P":"5","FX":"5","V3":"5","2J":"5","49":"5","M8":"5","2F":"5","J6":"5","XF":"5","GJ":"5","QG":"5","P4":"5","RH":"5","67":"5","P6":"5","W5":"5","37":"5","3W":"5","W4":"5","35":"5","68":"5","MW":"5","W8":"5","JM":"5","C5":"5","G9":"5","C7":"5","M3":"5","4G":"5","XX":"5","55":"5","JR":"5","XR":"5","V7":"5","7W":"5","PR":"5","CV":"5","PW":"5","W7":"5","H3":"5","V4":"5","2Q":"5","3V":"5","H8":"5","JW":"5","G4":"5","VM":"5","RP":"5","7H":"5","C4":"5","45":"5","M4":"5","5M":"5","2M":"5","PX":"5","GW":"5"},"JG":{"38":"5","48":"5","43":"5","45":"5"},"62":{"4J":"5","6P":"5","5G":"5","4Q":"5","HV":"5","7G":"5","6M":"5"},"MV":{"5G":"5","9J":"5"},"HG":{"V3":"5"},"38":{"6F":"5","X4":"5"},"67":{"24":"5"},"56":{"H9":"5","HC":"5","X7":"5"},"2R":{"HF":"5"},"QC":{"VV":"5","8M":"5","8H":"5","VR":"5","WR":"5"},"HC":{"2J":"5","CW":"5","QR":"5","9V":"5","5Q":"5"},"7G":{"7V":"5","7R":"5"},"8G":{"CW":"5","6W":"5","CX":"5","6Q":"5","5X":"5","7J":"5","7R":"5"},"G5":{"Q4":"5","9F":"5","25":"5","J3":"5","66":"5","P6":"5","93":"5","86":"5","V6":"5","F8":"5","H7":"5","P3":"5","Q2":"5","63":"5","P5":"5","36":"5","F5":"5","8F":"5","G6":"5","83":"5","V4":"5","F6":"5","23":"5","GF":"5","J9":"5","G9":"5","CF":"5","M4":"5","C8":"5","G7":"5","54":"5","37":"5","46":"5","C5":"5","85":"5","R5":"5","74":"5","M2":"5","76":"5","C9":"5","F3":"5","73":"5","96":"5","26":"5","R7":"5","JC":"5","32":"5","M3":"5","V7":"5","J8":"5","C3":"5","97":"5","J2":"5","24":"5","G4":"5","88":"5","35":"5","M5":"5","R6":"5","9C":"5","44":"5","47":"5","P2":"5","C4":"5","H9":"5","H3":"5","45":"5","Q5":"5","H2":"5","CC":"5","F2":"5","27":"5","V5":"5","53":"5","H6":"5","33":"5","J4":"5","G2":"5","FF":"5","Q3":"5","H4":"5","F9":"5","G3":"5","Q7":"5","C7":"5","34":"5","98":"5","75":"5","82":"5","C2":"5","77":"5","R2":"5","65":"5","R4":"5","GC":"5","92":"5","Q6":"5","F7":"5","J6":"5","V3":"5","G8":"5","FC":"5","78":"5","99":"5","FG":"5","55":"5","43":"5","64":"5","F4":"5","M6":"5","62":"5","38":"5","8C":"5","67":"5","56":"5","89":"5","H5":"5","HC":"5","J5":"5","22":"5","H8":"5","V2":"5","94":"5","P4":"5","G5":"5","R3":"5","95":"5","42":"5","J7":"5","87":"5","C6":"5","28":"5","84":"5","72":"5","52":"5"},"58":{"C2":"5","9C":"5","C9":"5","JC":"5","5G":"5","26":"5","2R":"5","G2":"5","35":"5","F2":"5"},"JM":{"4G":"5"},"95":{"FF":"5","FM":"5","WH":"5","V6":"5","CC":"5","MC":"5","HG":"5","PH":"5","VR":"5","QX":"5","R6":"5","R7":"5","8P":"5","HH":"5","R5":"5","FH":"5","RR":"5","X8":"5","C9":"5","9M":"5","WM":"5","C6":"5","8H":"5","7M":"5","VP":"5","CP":"5","H5":"5","P5":"5","GG":"5","6F":"5","QM":"5","FV":"5","CF":"5","R9":"5","XH":"5","G7":"5","X7":"5","FR":"5","X5":"5","FC":"5","XW":"5","JJ":"5","X4":"5","M6":"5","F7":"5","PV":"5","VV":"5","CQ":"5","7F":"5","VW":"5","GC":"5","C8":"5","W9":"5","FP":"5","G8":"5","GV":"5","HM":"5","9H":"5","F5":"5","FQ":"5","GF":"5","WF":"5","7C":"5","VQ":"5","WC":"5","JC":"5","WR":"5","VG":"5","RW":"5","RJ":"5","99":"5","8M":"5","J9":"5","9P":"5","QF":"5","HJ":"5","Q8":"5","WX":"5","XP":"5","RG":"5","QC":"5","RQ":"5","QR":"5","PF":"5","9F":"5","QH":"5","F9":"5","8G":"5","RX":"5","RF":"5","P7":"5","PM":"5","WW":"5","MP":"5","7P":"5","JH":"5","Q7":"5","J5":"5","XG":"5","8C":"5","9Q":"5","GH":"5","JP":"5","GX":"5","HR":"5","R4":"5","VJ":"5","H7":"5","F8":"5","X6":"5","WV":"5","V5":"5","XC":"5","H9":"5","CM":"5","VC":"5","JF":"5","WQ":"5","MX":"5","FJ":"5","R8":"5","X9":"5","Q6":"5","W6":"5","PJ":"5","PP":"5","HX":"5","MJ":"5","Q9":"5","9J":"5","QQ":"5","P9":"5","7J":"5","HC":"5","J8":"5","XJ":"5","CR":"5","P8":"5","GR":"5","MM":"5","GQ":"5","MR":"5","CJ":"5","CG":"5","MH":"5","VH":"5","WG":"5","Q5":"5","M9":"5","R3":"5","89":"5","79":"5","MF":"5","QV":"5","XV":"5","Q4":"5","QW":"5","M7":"5","GM":"5","JX":"5","JG":"5","98":"5","PQ":"5","8F":"5","8Q":"5","XM":"5","F6":"5","HW":"5","8J":"5","CH":"5","QJ":"5","RV":"5","VF":"5","G5":"5","HP":"5","6H":"5","WJ":"5","HV":"5","CX":"5","9C":"5","HQ":"5","CW":"5","MQ":"5","QP":"5","H6":"5","G6":"5","JV":"5","6C":"5","F4":"5","J7":"5","7G":"5","VX":"5","RC":"5","MV":"5","JQ":"5","FW":"5","MG":"5","XQ":"5","FG":"5","V9":"5","RM":"5","V8":"5","HF":"5","PG":"5","6G":"5","PC":"5","9G":"5","WP":"5","GP":"5","FX":"5","V3":"5","M8":"5","J6":"5","XF":"5","GJ":"5","QG":"5","RH":"5","P6":"5","W5":"5","W4":"5","MW":"5","W8":"5","JM":"5","C5":"5","G9":"5","C7":"5","XX":"5","JR":"5","XR":"5","V7":"5","PR":"5","CV":"5","PW":"5","W7":"5","V4":"5","H8":"5","JW":"5","G4":"5","VM":"5","RP":"5","7H":"5","PX":"5","GW":"5"},"42":{"HR":"5","FM":"5","CG":"5","WW":"5","72":"5","2C":"5","CP":"5","GG":"5","45":"5","RV":"5","9F":"5","65":"5","JR":"5"},"69":{"32":"5","FC":"5","FG":"5","PM":"5","P4":"5"},"6R":{"J5":"5","X9":"5","J4":"5"},"6G":{"WM":"5","3M":"5","XQ":"5"},"C6":{"W5":"5","Q2":"5","V5":"5","Q3":"5","W4":"5","V3":"5","R3":"5","X3":"5","W2":"5","R4":"5","22":"5","W3":"5","P2":"5","V4":"5","X2":"5","32":"5","X4":"5","R2":"5","V2":"5"},"28":{"R7":"5","X4":"5"},"5Q":{"M3":"5","Q4":"5","VQ":"5","RV":"5"},"72":{"4X":"5"},"3C":{"78":"5","68":"5","66":"5","79":"5"},"6H":{"JC":"5","Q3":"5","3V":"5","HH":"5"},"52":{"2V":"5","GV":"5","CW":"5","HF":"5","3R":"5","GR":"5","XR":"5","MQ":"5","MG":"5"},"5W":{"G4":"5","H5":"5","G5":"5","H4":"5"}},"X5":{"64":{"G5":"5"},"X7":{"88":"5","98":"5"}},"X4":{"XQ":{"6F":"5","6G":"5","5G":"5","5F":"5","X9":"5"},"33":{"H7":"5","J7":"5","H6":"5"},"53":{"F9":"5","C9":"5"},"RR":{"W5":"5","X3":"5","R6":"5"},"PR":{"VJ":"5","WM":"5","WF":"5","XV":"5"},"83":{"MM":"5"},"J5":{"V9":"5"},"84":{"M3":"5"},"WQ":{"3M":"5"},"C4":{"QG":"5","QF":"5","PF":"5"},"7V":{"P9":"5"},"VR":{"64":"5","63":"5"},"32":{"PQ":"5","CJ":"5"}},"XP":{"HR":{"V8":"5","X8":"5","Q6":"5","X9":"5","V6":"5","X7":"5","Q5":"5","Q7":"5","W7":"5","R4":"5","V7":"5","W8":"5","V9":"5","W6":"5","X6":"5","P7":"5"},"JR":{"49":"5","6C":"5","3C":"5","2G":"5","39":"5","5H":"5","5G":"5","26":"5","3H":"5","29":"5","3G":"5","2H":"5","27":"5","28":"5"}},"M2":{"6X":{"4X":"5","2X":"5","3X":"5","5X":"5"},"5V":{"WC":"5","XF":"5"},"6Q":{"2H":"5"},"4C":{"FV":"5"},"5X":{"RX":"5","XV":"5"},"9F":{"FG":"5"},"5R":{"RW":"5","VQ":"5"},"5Q":{"XH":"5","XQ":"5"}},"V3":{"FX":{"2M":"5"}},"J6":{"XC":{"H5":"5"},"X3":{"3R":"5","3J":"5"},"WQ":{"PC":"5","PG":"5"},"X9":{"GX":"5"},"X2":{"WV":"5"}},"WM":{"46":{"C2":"5"},"37":{"74":"5","F8":"5","37":"5","2C":"5","29":"5","28":"5"},"45":{"CX":"5"},"27":{"RH":"5","VC":"5","WC":"5","RC":"5","RG":"5","W7":"5","W2":"5","XC":"5","XF":"5","W8":"5","QC":"5","RF":"5","W9":"5"},"26":{"XQ":"5","VQ":"5","XP":"5","VV":"5","RM":"5","VJ":"5","WP":"5","VP":"5","RJ":"5","WQ":"5","VM":"5","WR":"5","WJ":"5","WM":"5"},"36":{"54":"5","35":"5","2V":"5","2F":"5","29":"5","2R":"5","26":"5","36":"5"}},"P3":{"CC":{"WF":"5"},"9P":{"22":"5","85":"5"},"4Q":{"MX":"5"},"C9":{"JM":"5"},"VP":{"RQ":"5"}},"H3":{"96":{"7P":"5"},"83":{"GQ":"5","HP":"5","GP":"5","GR":"5","HQ":"5"},"F3":{"CQ":"5"},"P3":{"P5":"5"},"F2":{"JP":"5"},"75":{"J6":"5"},"F4":{"29":"5"},"C4":{"PM":"5"}},"R3":{"MV":{"P6":"5","74":"5","W5":"4","V6":"5","C4":"5"},"HR":{"5W":"5"},"PV":{"7M":"5"},"3W":{"5M":"5"}},"X2":{"37":{"J2":"5","Q6":"5","R4":"5","M6":"5","P7":"5","C4":"5"},"28":{"2G":"5","Q5":"5","25":"5"},"27":{"HF":"5","F6":"4"},"26":{"75":"4"}},"Q9":{"8X":{"HW":"4"},"6V":{"HG":"5","RH":"5","FC":"5"},"4P":{"52":"5","42":"5"}},"M7":{"34":{"J7":"5"},"M2":{"4G":"5"},"M4":{"6H":"5","6J":"5"},"8H":{"QM":"5","PP":"5","95":"5","76":"5","86":"5","75":"5","85":"5","84":"5"},"9M":{"R9":"5"},"86":{"66":"5"},"9R":{"M7":"5","P8":"5"},"G6":{"JQ":"5"},"CW":{"VM":"5"},"CV":{"FV":"5"},"7G":{"M4":"5"},"9Q":{"QM":"5","P2":"5","R2":"5"}},"M4":{"M3":{"RX":"5"},"JW":{"GJ":"5","HJ":"5"},"WJ":{"2J":"5"},"CM":{"V2":"5"},"QG":{"FH":"5","FJ":"5"},"FF":{"77":"5","5C":"5","J7":"5","RM":"5","66":"5"},"2M":{"R4":"5"},"Q7":{"QW":"5","VV":"5","RX":"5","VX":"5","RW":"5","VW":"5","RV":"5","7C":"5","QV":"5","PV":"5","PW":"5"},"F2":{"F2":"5"},"QC":{"9R":"5","9V":"5"},"FM":{"8W":"5","7P":"5"},"M9":{"JR":"5"},"F5":{"QC":"5"},"CJ":{"WX":"5"},"G2":{"CV":"5"},"WH":{"8J":"5","8H":"5","7H":"5","7J":"5"},"M2":{"FM":"5","GJ":"5","FJ":"5","GM":"5"},"MX":{"C4":"5"},"XF":{"C3":"5"},"HF":{"M5":"5"},"VM":{"HH":"5"},"Q9":{"77":"5","96":"5","67":"5","74":"5","Q7":"5","Q8":"5","F7":"5","G6":"5","P8":"5","75":"5","C7":"5"},"FC":{"QV":"5"},"Q8":{"MV":"5","V2":"5","P5":"5","V3":"5","CJ":"5","9J":"5"},"P6":{"J2":"5","J3":"5","M2":"5","H4":"5"},"R9":{"W5":"5","3C":"5"},"P5":{"JQ":"5","HJ":"5","HM":"5","HP":"5","HQ":"5"}},"J3":{"H8":{"7V":"5","6R":"5","7R":"5","6V":"5"},"MJ":{"64":"5","22":"5"},"F4":{"XX":"5","VV":"5","WW":"5","XW":"5","WV":"5"},"X9":{"XV":"5"},"X8":{"72":"5","XM":"5"},"QP":{"H6":"5"},"XG":{"GV":"5","HQ":"5"},"MR":{"H9":"5","G8":"5","GC":"5","HC":"5","H8":"5","G9":"5"},"W5":{"82":"5","84":"5"},"92":{"38":"5","39":"5","64":"5","92":"5","3F":"5","6H":"5","W2":"5","6G":"5","4C":"5","46":"5","35":"5","27":"5"},"RH":{"5F":"5"},"F5":{"76":"5","3W":"5"},"82":{"R9":"5","J9":"5","RM":"5"},"X5":{"78":"5","88":"5","77":"5"},"JP":{"JJ":"5"},"Q2":{"55":"5","2H":"5"},"P2":{"RW":"5","99":"5","96":"5","VR":"5","WQ":"5","RV":"5"},"QQ":{"9C":"5"},"JJ":{"M3":"5","J2":"5","J3":"5","MC":"5","M2":"5","JF":"5"},"JH":{"PW":"5","GR":"5"},"R2":{"63":"5","73":"5","43":"5"},"WG":{"GW":"5"},"G7":{"FX":"5"},"X7":{"78":"5","3R":"5","7J":"5","79":"5"},"93":{"52":"5"},"H9":{"68":"5"}},"W6":{"GJ":{"3H":"5"},"PM":{"29":"5"}},"W4":{"9M":{"62":"5"},"W6":{"W2":"5"},"XV":{"V5":"5"}},"P6":{"42":{"FX":"5"},"27":{"F8":"5","G8":"5","F9":"5","G9":"5"},"26":{"8M":"5","7P":"5","7Q":"5"},"36":{"2W":"5"}},"F3":{"MX":{"3H":"5"},"3P":{"P6":"5","4F":"5","58":"5"},"Q4":{"XR":"5"},"9F":{"RH":"5","QG":"5","QH":"5"},"86":{"VJ":"5","WJ":"5","VM":"5"},"Q2":{"29":"5"},"4R":{"VP":"5"},"8V":{"FM":"5","FP":"5","QR":"5","HP":"5","GP":"5","4Q":"5","6M":"5","5Q":"5"},"WW":{"QQ":"5"},"P5":{"32":"5","24":"5","63":"5","7H":"5","44":"5","68":"5","7M":"5","22":"5","92":"5","33":"5","23":"5","7P":"5","7C":"5","58":"5","79":"5"},"FW":{"8X":"5"},"8F":{"JW":"5"},"2J":{"7H":"5","9H":"5","CH":"5","6W":"5"},"CF":{"99":"5","CH":"5","7W":"5","5X":"5","7R":"5"},"8M":{"VM":"5"},"M4":{"MH":"5","RH":"5","QH":"5","XX":"5","PH":"5","P4":"5","M4":"5"},"9R":{"3G":"5"},"54":{"HP":"5"},"VQ":{"6W":"5","8Q":"5"},"9W":{"MP":"5","52":"5","53":"5","43":"5"},"C5":{"4F":"5"},"R5":{"X8":"5"},"74":{"CG":"5"},"C9":{"5H":"5","7M":"5","7P":"5"},"24":{"32":"5","22":"5","23":"5"},"7R":{"6J":"5"},"M5":{"Q5":"5","R5":"5","X2":"5"},"44":{"PM":"5"},"C4":{"52":"5"},"HW":{"FM":"5","QW":"5","MQ":"5"},"9V":{"5W":"5"},"Q3":{"JW":"5"},"FX":{"MF":"5","92":"5","25":"5"},"8W":{"F6":"5","H2":"5","V4":"5"},"CX":{"MF":"5","CM":"5","JH":"5","GM":"5"},"R4":{"7P":"5"},"RQ":{"XR":"5","WR":"5"},"CG":{"5F":"5","7J":"5","VC":"5","2G":"5","GH":"5","3F":"5","9M":"5","3P":"5","XF":"5","HH":"5","F4":"5","6M":"5","93":"5","4C":"5","73":"5","2H":"5"},"92":{"Q3":"5"},"7V":{"GM":"5","7P":"5","CG":"5","CH":"5","FC":"5","FH":"5","GJ":"5","FJ":"5"},"FG":{"54":"5","24":"5","V8":"5","55":"5","F5":"5"},"JX":{"P6":"5","Q4":"5","M7":"5","V4":"5","J6":"5"},"64":{"RJ":"5","RM":"5"},"RR":{"R7":"5","V6":"5"},"JW":{"RW":"5"},"H5":{"8F":"5"},"8G":{"R9":"5","PQ":"5","C6":"5","VW":"5"},"PX":{"QG":"5","P8":"5"},"P4":{"78":"5","GJ":"5","8X":"5","3X":"5","77":"5","3V":"5","87":"5"},"94":{"WH":"5","R9":"5","RC":"5"},"JR":{"92":"5"}},"93":{"82":{"R7":"5","P9":"5","P8":"5","5C":"5"},"J2":{"G2":"4"},"62":{"V2":"5","F3":"5","G3":"5","53":"5","W3":"5","84":"5"},"72":{"87":"5","96":"5","M2":"5","97":"5","22":"5","P2":"5","36":"5"},"F2":{"8G":"5","5H":"5","V2":"5","W5":"5","JC":"5","8H":"5","34":"5","V8":"5","W7":"5","X7":"5","25":"5","R3":"5"},"92":{"PG":"5"},"H2":{"43":"4"},"G2":{"7G":"5","5H":"5","9G":"5","5J":"5"}},"R4":{"XQ":{"54":"5","24":"5","64":"5","55":"5","65":"5","84":"5","25":"5"},"VQ":{"56":"5"},"XP":{"5R":"5","7W":"5","7M":"5","5P":"5","6H":"5","77":"5","3W":"5","7G":"5","8Q":"5","5G":"5","6W":"5","5V":"5","8R":"5","6J":"5","4Q":"5","5H":"5","5Q":"5","7H":"5"},"H9":{"3R":"5","4V":"5","3V":"5","2R":"5"},"WP":{"JQ":"5","XM":"5","VM":"5","MM":"5"},"PG":{"8G":"5","99":"5","8J":"5","CC":"5","9C":"5","C7":"5","7J":"5"},"JQ":{"9C":"5","VM":"5","PM":"5","GF":"5","79":"5","MM":"5"},"W2":{"Q4":"5","R4":"5"},"V7":{"WH":"5"},"VP":{"PW":"5"},"XW":{"46":"5","37":"5","36":"5"},"WQ":{"XQ":"5"},"WJ":{"FR":"5","GW":"5"},"JV":{"HM":"5","HP":"5"},"WM":{"2X":"5","G2":"5"}},"Q4":{"57":{"V4":"5"},"85":{"JH":"5","HH":"5"}},"WP":{"Q3":{"J5":"5","H3":"5","H5":"5","G3":"5","H2":"5","G2":"5","J6":"5","H4":"5","H6":"5"},"Q2":{"GQ":"5","FW":"5","HR":"5","FX":"5","HG":"5","GH":"5","GF":"5","HJ":"5","JX":"5","HV":"5","GG":"5","HH":"5","HM":"5","GX":"5","HW":"5","GJ":"5","HP":"5","HX":"5","HQ":"5","GV":"5"},"R3":{"7W":"5","4M":"5","7V":"5","7R":"5","6V":"5","4P":"5"}},"P5":{"33":{"JC":"5"},"4P":{"3H":"5","3G":"5"},"42":{"C4":"5"},"2Q":{"8G":"5","8C":"5","9G":"5","C9":"5"},"2C":{"5X":"5"},"5H":{"GJ":"5","PW":"5"},"2F":{"54":"5","52":"5","64":"5","63":"5","62":"5","53":"5"},"6J":{"H8":"5"},"6M":{"95":"5"},"4X":{"GG":"5","GF":"5","FF":"5"},"5M":{"2Q":"5"}},"RG":{"6F":{"3H":"5","4M":"5","28":"5","3M":"5","3J":"5","27":"5","3F":"5"},"68":{"85":"5"},"6G":{"64":"5","44":"5","33":"5","23":"5","43":"5","65":"5"},"69":{"FW":"5"},"5G":{"X3":"5"},"5F":{"X6":"5"},"6C":{"F3":"5","F2":"5"}}}}