{"index":{"university,1|retail,2|tourism,3|wreck,4|historical,5|artsCulture,6|namedBuilding,7|water,8|wetland,9|park,10|beach,11|natureReserve,12|cemetery,13|trail,14":{}},"92":{"QW":{"J2":{"X2":"5"},"V2":{"82":"5","52":"5","42":"5","93":"5","62":"5","F3":"5","72":"5","C3":"5","92":"5"},"X3":{"38":"5","24":"5","35":"5","2F":"5","37":"5","2C":"5","3C":"5","23":"5","36":"5","39":"5","25":"5"},"M2":{"52":"5","42":"5","22":"5","33":"5","23":"5","43":"5"},"W3":{"MP":"5","RH":"5","QH":"5","XG":"5","PJ":"5","X3":"5","VG":"5","VH":"5","PM":"5","XF":"5","WG":"5","MM":"5","X2":"5","QJ":"5"},"W2":{"R9":"5","VH":"5","XX":"5","VC":"5","R8":"5","VJ":"5","WP":"5","VF":"5","VG":"5","WW":"5","XW":"5","WQ":"5","V9":"5","VM":"5","WR":"5","WM":"5","WV":"5"}},"V5":{"RJ":{"FR":"5","FV":"5","CP":"5","9M":"5","CQ":"5","9V":"5","CM":"5","FQ":"5","FM":"5","9R":"5","CV":"5","FP":"5","CR":"5","9P":"5","9Q":"5"}},"PM":{"FR":{"WH":"4"},"FP":{"PQ":"4"}},"34":{"PR":{"82":"5"},"PQ":{"8X":"5"}},"PQ":{"HH":{"54":"5"}},"QH":{"JW":{"58":"5"}},"PR":{"X9":{"63":"5","FF":"5","F4":"5","C3":"5","73":"5","72":"5","65":"5","C2":"5","92":"5","G9":"5","G8":"5","F5":"5","74":"5","F7":"5","FG":"5","GF":"5","64":"5","62":"5","F6":"5","GC":"5","F3":"5","F8":"5"},"X8":{"8X":"5","8W":"5","7W":"5","6W":"5","6X":"5","5V":"5","7X":"5","9X":"5","6V":"5"}},"QP":{"RW":{"5P":"5","5Q":"5","6P":"5","5R":"5","4R":"5","3P":"5","7W":"5","3Q":"5","4Q":"5","6Q":"5","6R":"5","7X":"5","2M":"5","6V":"5","2P":"5","6W":"5"},"QW":{"V8":"5","WF":"5","V5":"5","XH":"5","V6":"5","WH":"5","WC":"5","V3":"5","W2":"5","V7":"5","W3":"5","V4":"5","V9":"5","WG":"5","XJ":"5","XM":"5","V2":"5","W9":"5"},"RX":{"CP":"5","9F":"5","FQ":"5","CM":"5","8F":"5","FP":"5","73":"5","72":"5","GR":"5","9J":"5","88":"5","87":"5","89":"5","GQ":"5","CJ":"5","9H":"5","83":"5","9G":"5","84":"5","85":"5","8C":"5","GV":"5","GW":"5","86":"5"},"QV":{"PM":"5","RX":"5","VX":"5","PH":"5","RW":"5","QP":"5","PC":"5","QQ":"5","PG":"5","PJ":"5","WX":"5","RV":"5","QV":"5","PF":"5","MC":"5","QR":"5","QM":"5"}},"8G":{"JG":{"32":"5","24":"5","42":"5","34":"5","22":"5","33":"5","23":"5","43":"5"},"JC":{"25":"5","4P":"5","2J":"5","38":"5","4H":"5","2V":"5","4M":"5","4J":"5","3C":"5","2G":"5","39":"5","2Q":"5","23":"5","2C":"5","3F":"5","3P":"5","2W":"5","2F":"5","3Q":"5","26":"5","22":"5","24":"5","2X":"5","2R":"5","3X":"5","32":"5","2M":"5","29":"5","2P":"5","3G":"5","4G":"5","2H":"5","28":"5","27":"5"},"J9":{"3Q":"5","2X":"5","3X":"5","3R":"5","4R":"5","3V":"5","4Q":"5","2W":"5","3W":"5"},"HC":{"X3":"5","X6":"5","X4":"5","X5":"5","X7":"5","X8":"5","X2":"5"},"JF":{"23":"5","4F":"5","33":"5","28":"5","2J":"5","27":"5","3Q":"5","2M":"5","34":"5","2F":"5","49":"5","39":"5","4V":"5","38":"5","26":"5","3V":"5","4X":"5","4J":"5","29":"5","3M":"5","36":"5","37":"5","2G":"5","22":"5","35":"5","24":"5","4M":"5","4C":"5","2H":"5","32":"5","4W":"5","25":"5","4R":"5","4H":"5","3R":"5","4Q":"5","4P":"5","4G":"5","3P":"5","2C":"5"}},"5H":{"25":{"CX":"5"}},"QQ":{"PC":{"23":"5","33":"5","59":"5","7J":"5","7M":"5","34":"5","49":"5","39":"5","5F":"5","38":"5","4J":"5","36":"5","37":"5","5G":"5","22":"5","35":"5","24":"5","32":"5","3C":"5","8M":"5","8P":"5","5M":"5","5J":"5","6J":"5","5C":"5","5H":"5","7H":"5","6M":"5"},"M8":{"W7":"5","W2":"5","WQ":"5","VV":"5","W5":"5","VP":"5","V8":"5","VQ":"5","W3":"5","V9":"5","VF":"5","WC":"5","WV":"5","VG":"5","V7":"5","XC":"5","VJ":"5","WR":"5","VW":"5","W9":"5","VH":"5","XF":"5","VM":"5","WF":"5","VX":"5","W6":"5","W4":"5"},"P9":{"2V":"5","2Q":"5","2W":"5","2X":"5","2R":"5","3X":"5","2M":"5","2P":"5"},"96":{"76":"5","FQ":"5","8F":"5","FP":"5","73":"5","FR":"5","88":"5","8G":"5","87":"5","CX":"5","8Q":"5","89":"5","CW":"5","75":"5","CR":"5","9R":"5","74":"5","CV":"5","8R":"5","8M":"5","8P":"5","8H":"5","8J":"5","8C":"5","CQ":"5","86":"5"},"M6":{"43":"5","33":"5","76":"5","FH":"5","GG":"5","HJ":"5","54":"5","34":"5","44":"5","HM":"5","77":"5","99":"5","65":"5","GJ":"5","88":"5","87":"5","CF":"5","HR":"5","75":"5","CJ":"5","98":"5","HV":"5","24":"5","FG":"5","HW":"5","HQ":"5","C9":"5","64":"5","CC":"5","HX":"5","CH":"5","GH":"5","CG":"5","HP":"5"},"Q7":{"7Q":"5","9F":"5","95":"5","96":"5","7M":"5","C3":"5","6Q":"5","7P":"5","99":"5","97":"5","C2":"5","8G":"5","5W":"5","5X":"5","98":"5","6W":"5","9G":"5","94":"5","8M":"5","9C":"5","8H":"5","6R":"5","8J":"5","6V":"5","93":"5"},"GP":{"M8":"5","W6":"5","P6":"5","HR":"5","Q6":"5","JG":"5","J8":"5","M7":"5","JC":"5","HJ":"5","MX":"5","HM":"5","HP":"5","JX":"5","JV":"5","X6":"5","J9":"5","JW":"5","JF":"5","V6":"5","JH":"5","R6":"5","HQ":"5","HV":"5","HH":"5","P7":"5","X7":"5","X8":"5"},"97":{"3Q":"5","2Q":"5","3R":"5","4V":"5","3V":"5","5V":"5","6M":"5","6Q":"5","2P":"5","6P":"5","5R":"5","5Q":"5"},"65":{"GH":"5"},"GR":{"JW":"5","RV":"5","JV":"5","H8":"5","J5":"5","HJ":"5","RX":"5","JR":"5","VV":"5","H2":"5","QX":"5","JX":"5","JM":"5","J4":"5","JQ":"5","G2":"5","HH":"5","H7":"5","JP":"5","J6":"5","VW":"5","H3":"5","HG":"5","JJ":"5","RR":"5","J7":"5","HF":"5","HC":"5","J3":"5","VX":"5","WX":"5","RW":"5","H9":"5"},"P4":{"PC":"5","PV":"5","PM":"5","P9":"5","Q7":"5","Q3":"5","PR":"5","QP":"5","QR":"5","Q6":"5","QX":"5","PG":"5","PJ":"5","QM":"5","P2":"5","PH":"5","QQ":"5","P3":"5","PW":"5","PF":"5","Q9":"5","Q8":"5","PX":"5","Q5":"5","Q4":"5"},"88":{"PC":"5","GM":"5","95":"5","X3":"5","F9":"5","R8":"5","QG":"5","FH":"5","C6":"5","GG":"5","FF":"5","JF":"5","R5":"5","Q7":"5","R7":"5","FJ":"5","W5":"5","QC":"5","GJ":"5","FM":"5","VC":"5","Q6":"5","RH":"5","92":"5","V5":"5","V9":"5","JG":"5","WC":"5","82":"5","VG":"5","QF":"5","X5":"5","X4":"5","F7":"5","FG":"5","94":"5","MC":"5","C5":"5","HG":"5","VH":"5","MF":"5","F6":"5","X2":"5","WF":"5","FC":"5","WG":"5","R9":"5","93":"5","Q5":"5","GH":"5","F8":"5","RG":"5"},"87":{"7Q":"5","XR":"5","6G":"5","76":"5","63":"5","7W":"5","6H":"5","7P":"5","6F":"5","77":"5","97":"5","VV":"5","65":"5","WW":"5","88":"5","87":"5","75":"5","XQ":"5","7V":"5","7R":"5","6P":"5","98":"5","XX":"5","WV":"5","69":"5","XP":"5","8X":"5","WR":"5","VW":"5","78":"5","64":"5","6J":"5","62":"5","68":"5","WX":"5","6C":"5","6M":"5","8W":"5"},"Q6":{"FW":"5","FR":"5","7J":"5","FV":"5","8P":"5","9M":"5","5H":"5","7M":"5","6H":"5","CM":"5","FQ":"5","FM":"5","CX":"5","CW":"5","8M":"5","6F":"5","6G":"5","5J":"5","7G":"5","FP":"5","9P":"5","7H":"5","5M":"5"},"M9":{"WF":"5","V8":"5","V5":"5","XH":"5","V6":"5","XX":"5","WC":"5","V3":"5","V7":"5","W8":"5","V4":"5","XW":"5","WG":"5","XG":"5","XJ":"5","XM":"5","V2":"5","W9":"5"},"HR":{"5W":"5","5V":"5","6Q":"5","6R":"5","5X":"5","6V":"5"},"GQ":{"FJ":"5","GR":"5","FH":"5","F8":"5","P3":"5","F5":"5","F6":"5","G9":"5","M4":"5","GH":"5","GX":"5","GW":"5","JF":"5","M2":"5","GQ":"5","F3":"5","FQ":"5","HF":"5","M3":"5","GG":"5","G4":"5","H9":"5","H3":"5","J4":"5","H4":"5","FM":"5","G3":"5","F7":"5","FP":"5","G8":"5","F4":"5","JG":"5","HG":"5","HC":"5","GV":"5"},"HV":{"42":"5","52":"5","35":"5","37":"5","44":"5","2C":"5","29":"5","28":"5","43":"5","45":"5","27":"5","36":"5"},"MC":{"X3":"5","X4":"5","X2":"5"},"P2":{"MV":"5","PX":"5","PW":"5","MW":"5"},"J6":{"MG":"5","JV":"5","PC":"5","P9":"5","R8":"5","V6":"5","R7":"5","JR":"5","W5":"5","MV":"5","JG":"5","JM":"5","JQ":"5","X5":"5","V7":"5","X4":"5","JP":"5","MC":"5","JJ":"5","JH":"5","MF":"5","Q9":"5","Q8":"5","W6":"5"},"P3":{"M3":"5","MG":"5","P8":"5","PC":"5","MJ":"5","M8":"5","P9":"5","M5":"5","MQ":"5","M6":"5","MR":"5","MV":"5","MC":"5","P2":"5","MW":"5","MX":"5","MP":"5","P3":"5","MH":"5","MF":"5","MM":"5","M7":"5","M4":"5","PX":"5"},"M7":{"J9":"5","PC":"5","H8":"5","J5":"5","QV":"5","QG":"5","FF":"5","J2":"5","QP":"5","QR":"5","WW":"5","H2":"5","G9":"5","G8":"5","QM":"5","J4":"5","JC":"5","H6":"5","QF":"5","H7":"5","MC":"5","GF":"5","J6":"5","VW":"5","QQ":"5","J8":"5","QH":"5","QJ":"5","PF":"5","HC":"5","J3":"5","QW":"5","WX":"5","GC":"5","RW":"5","H9":"5"},"Q8":{"49":"5","5F":"5","56":"5","4F":"5","53":"5","55":"5","52":"5","47":"5","48":"5","5C":"5","4C":"5","46":"5","54":"5"},"GV":{"M3":"5","W2":"5","V6":"5","J2":"5","V2":"5","Q3":"5","V8":"5","V5":"5","V9":"5","WC":"5","V4":"5","V7":"5","XC":"5","M2":"5","V3":"5","Q2":"5","P3":"5","W9":"5"},"P5":{"G3":"5"},"86":{"4P":"5","2G":"5","5R":"5","4R":"5","3P":"5","2F":"5","4Q":"5","3J":"5","5W":"5","5V":"5","3H":"5","3M":"5","6X":"5","6W":"5","2H":"5"},"HP":{"2C":"5","29":"5","28":"5","3C":"5","3F":"5"}},"9F":{"4P":{"FJ":"5","Q4":"5","GR":"5","66":"5","QJ":"5","V6":"5","F8":"5","H7":"5","P3":"5","GP":"5","MQ":"5","X9":"5","63":"5","8F":"5","G6":"5","J9":"5","RF":"5","M4":"5","C8":"5","G7":"5","XC":"5","54":"5","7F":"5","HV":"5","79":"5","FR":"5","68":"5","RG":"5","XX":"5","GQ":"5","X4":"5","C9":"5","X5":"5","JV":"5","W5":"5","R7":"5","FQ":"5","VC":"5","M3":"5","V7":"5","8H":"5","J8":"5","HR":"5","MJ":"5","M5":"5","9C":"5","44":"5","P2":"5","H9":"5","GM":"5","7C":"5","WC":"5","Q5":"5","CC":"5","QH":"5","57":"5","H6":"5","9H":"5","CJ":"5","Q3":"5","MM":"5","FM":"5","F9":"5","Q7":"5","C7":"5","98":"5","65":"5","Q6":"5","JQ":"5","F7":"5","J6":"5","PJ":"5","FC":"5","78":"5","99":"5","6C":"5","64":"5","55":"5","43":"5","M6":"5","MP":"5","62":"5","VF":"5","8C":"5","67":"5","W6":"5","56":"5","HC":"5","8G":"5","H8":"5","JR":"5","CH":"5","58":"5","RH":"5","42":"5","J7":"5","69":"5","52":"5"},"5P":{"37":"5","38":"5","42":"5","43":"5","39":"5","23":"5","44":"5","2W":"5","3W":"5","22":"5","52":"5","45":"5","47":"5","24":"5","2X":"5","3X":"5","32":"5","29":"5","46":"5"},"4J":{"VX":"5","XW":"5","WW":"5","XV":"5","WX":"5"},"4M":{"W5":"5","V5":"5","5X":"5","X7":"5","V3":"5","W7":"5","V4":"5","W6":"5","V2":"5"},"5Q":{"23":"5","RV":"5","59":"5","QV":"5","WQ":"5","57":"5","VR":"5","QX":"5","VQ":"5","22":"5","69":"5","XP":"5","32":"5","58":"5","XM":"5","RR":"5","67":"5","68":"5","5C":"5","QW":"5","WP":"5","6C":"5"},"5R":{"Q4":"5","GR":"5","R9":"5","PG":"5","R8":"5","HQ":"5","6F":"5","Q2":"5","MQ":"5","GF":"5","PF":"5","CF":"5","8M":"5","JH":"5","WV":"5","XW":"5","XV":"5","WR":"5","79":"5","FR":"5","68":"5","R5":"5","Q9":"5","VR":"5","R7":"5","FQ":"5","8H":"5","9P":"5","GG":"5","HR":"5","CQ":"5","QF":"5","R6":"5","9C":"5","7C":"5","CC":"5","PQ":"5","7H":"5","9M":"5","Q3":"5","FF":"5","R4":"5","RQ":"5","JQ":"5","QQ":"5","6C":"5","RR":"5","JG":"5","HG":"5","MH":"5","8C":"5","MG":"5","89":"5","QC":"5","7G":"5","58":"5","CP":"5","8J":"5","69":"5","6G":"5"},"4Q":{"X2":"5"},"6Q":{"2J":"5","7J":"5","4H":"5","8X":"5","5H":"5","7M":"5","6H":"5","7P":"5","8R":"5","7Q":"5","8W":"5","6J":"5","3H":"5","8V":"5","2M":"5","7R":"5","2H":"5"},"6R":{"FW":"5","9C":"5","FR":"5","96":"5","FV":"5","83":"5","FX":"5","CP":"5","84":"5","2W":"5","3W":"5","97":"5","CG":"5","CJ":"5","CM":"5","FQ":"5","CH":"5","95":"5","CC":"5","GX":"5","85":"5","3X":"5","FP":"5","82":"5","CF":"5","4X":"5","99":"5","98":"5"},"5J":{"2X":"5","2W":"5"},"6V":{"MC":"5","F8":"5","H7":"5","MQ":"5","63":"5","G9":"5","J9":"5","RF":"5","PF":"5","WH":"5","PW":"5","JH":"5","XW":"5","XV":"5","85":"5","RG":"5","XX":"5","74":"5","73":"5","96":"5","XQ":"5","QX":"5","HF":"5","J8":"5","MR":"5","XR":"5","G4":"5","PV":"5","QF":"5","M9":"5","JJ":"5","WG":"5","VX":"5","QW":"5","53":"5","H6":"5","PC":"5","G2":"5","RW":"5","MM":"5","H4":"5","XP":"5","G3":"5","C7":"5","JP":"5","XJ":"5","GC":"5","XH":"5","JQ":"5","F7":"5","VH":"5","G8":"5","MF":"5","PR":"5","JG":"5","HG":"5","HC":"5","H5":"5","QC":"5","RX":"5","XM":"5","JM":"5","95":"5","RH":"5","42":"5","J7":"5","C6":"5","84":"5","52":"5"},"6W":{"V2":"5","X3":"5","Q2":"5","W2":"5","X2":"5"},"5M":{"25":"5","37":"5","5X":"5","4P":"5","5P":"5","38":"5","4H":"5","4M":"5","4J":"5","3C":"5","5Q":"5","39":"5","5R":"5","23":"5","2C":"5","3F":"5","3V":"5","3P":"5","2F":"5","3W":"5","3Q":"5","26":"5","22":"5","3J":"5","5W":"5","5V":"5","24":"5","3H":"5","3X":"5","3M":"5","29":"5","36":"5","3G":"5","3R":"5","4G":"5","27":"5","28":"5"}},"7W":{"C4":{"99":"5"}},"RG":{"27":{"9R":"5"}},"P6":{"QJ":{"V7":"5","V6":"5","R6":"5"}},"45":{"2W":{"38":"5","46":"5","35":"5","37":"5","2F":"5","47":"5","49":"5","48":"5","2C":"5","29":"5","28":"5","3C":"5","27":"5","4C":"5","26":"5","3F":"5","36":"5","39":"5","25":"5"}},"7V":{"29":{"HX":"5"},"66":{"QW":"5","VQ":"5","QX":"5","RM":"5","VV":"5","RX":"5","RQ":"5","VX":"5","RP":"5","RR":"5","RW":"5","PX":"5","WW":"5","VP":"5","WX":"5","VW":"5","VM":"5","VR":"5","RV":"5","WV":"5","PV":"5"},"4H":{"X9":"5"},"39":{"QW":"5","5X":"5","9V":"5","CW":"5","9W":"5","CV":"5","QV":"5","4X":"5"},"86":{"F6":"5","7M":"5","G6":"5","G5":"5","F5":"5"},"59":{"89":"5","FC":"5","95":"5","J4":"5","F3":"5","V2":"5","C8":"5","H6":"5","7J":"5","G7":"5","G2":"5","GG":"5","F6":"5","7M":"5","H4":"5","86":"5","GC":"5","P3":"5","C5":"5","J3":"5","7G":"5","5Q":"5","V3":"5","6P":"5","G3":"5","H9":"5","R3":"5","C3":"5","H3":"5","FF":"5","G9":"5","96":"5","F7":"5","F4":"5","F2":"5","C9":"5","2X":"5","C4":"5","CC":"5","6H":"5","8H":"5","9M":"5","W2":"5","M3":"5","9H":"5","5P":"5","5J":"5","3V":"5","H2":"5","98":"5","93":"5","G5":"5","FG":"5","CJ":"5","5M":"5","CG":"5","8C":"5","J6":"5","8G":"5","9C":"5","2W":"5","92":"5","G6":"5","P2":"5","F8":"5","H5":"5","3R":"5","8F":"5","FH":"5","99":"5","6M":"5","R4":"5","C2":"5","97":"5","H7":"5","8J":"5","6G":"5","9J":"5","F5":"5","J2":"5","87":"5","6J":"5","9F":"5","C7":"5","M2":"5","CM":"5","J5":"5","9G":"5","GF":"5","M4":"5","CF":"5","G8":"5","7H":"5","2R":"5","5H":"5","HC":"5","F9":"5","HF":"5","CH":"5","94":"5","7F":"5","G4":"5","88":"5","C6":"5","2V":"5"},"6F":{"MR":"5","FV":"5","JX":"5"},"63":{"QX":"5","VV":"5","RX":"5","VX":"5","XX":"5","PH":"5","XV":"5","PG":"5","XW":"5","WX":"5","XR":"5","VR":"5","WR":"5","WV":"5","PV":"5","MV":"5"},"2J":{"RH":"5","RJ":"5"},"23":{"76":"5","67":"5","75":"5","66":"5"},"2G":{"WW":"5","WV":"5"},"37":{"Q7":"5"},"3M":{"3C":"4"},"7F":{"2J":"5","4G":"5","3M":"5","3J":"5","2M":"5","2P":"5"},"79":{"F8":"5","FP":"5","F7":"5","FQ":"5","CX":"5","MQ":"5","FX":"5"},"74":{"89":"5","8W":"5","5V":"5","4V":"5","FM":"5","32":"5","95":"5","26":"5","GR":"5","5C":"5","C8":"5","7J":"5","7W":"5","39":"5","CV":"5","F6":"5","CP":"5","7M":"5","HM":"5","3M":"5","HQ":"5","2J":"5","69":"5","86":"5","2M":"5","78":"5","3H":"5","C5":"5","6X":"5","FV":"5","7G":"5","GQ":"5","2C":"5","CQ":"5","6V":"5","9Q":"5","FW":"5","5Q":"5","3P":"5","4W":"5","6P":"5","54":"5","38":"5","4P":"5","48":"5","22":"5","75":"5","C3":"5","7V":"5","4G":"5","6C":"5","57":"5","6F":"5","36":"5","49":"5","3X":"5","96":"5","55":"5","28":"5","4M":"5","F7":"5","3J":"5","C9":"5","2X":"5","68":"5","4Q":"5","5R":"5","GX":"5","HW":"5","C4":"5","24":"5","4F":"5","8P":"5","7P":"5","6W":"5","29":"5","76":"5","58":"5","CC":"5","6H":"5","8H":"5","5F":"5","3Q":"5","9M":"5","CR":"5","7R":"5","FX":"5","5X":"5","2F":"5","9P":"5","9H":"5","GP":"5","CX":"5","8V":"5","8M":"5","5P":"5","5J":"5","9W":"5","45":"5","9X":"5","3V":"5","4R":"5","98":"5","93":"5","84":"5","65":"5","79":"5","FG":"5","3C":"5","CJ":"5","33":"5","6Q":"5","5M":"5","CG":"5","8C":"5","44":"5","GV":"5","9R":"5","8G":"5","5G":"5","7C":"5","67":"5","9V":"5","34":"5","9C":"5","HR":"5","FJ":"5","2W":"5","92":"5","2Q":"5","F8":"5","3R":"5","8F":"5","FH":"5","3G":"5","23":"5","46":"5","99":"5","6M":"5","FR":"5","7X":"5","C2":"5","97":"5","35":"5","8R":"5","2P":"5","GJ":"5","8J":"5","6G":"5","56":"5","8X":"5","9J":"5","F5":"5","3W":"5","59":"5","82":"5","87":"5","6J":"5","FQ":"5","9F":"5","7Q":"5","37":"5","C7":"5","HP":"5","5W":"5","8Q":"5","25":"5","CM":"5","9G":"5","85":"5","47":"5","27":"5","HV":"5","2H":"5","3F":"5","FP":"5","4J":"5","CF":"5","4X":"5","7H":"5","GM":"5","4C":"5","2R":"5","5H":"5","GW":"5","F9":"5","6R":"5","CW":"5","66":"5","77":"5","CH":"5","94":"5","7F":"5","88":"5","C6":"5","4H":"5","2G":"5","2V":"5"},"76":{"W5":"5","37":"5","47":"5","3H":"5","3P":"5","3J":"5","2P":"5"},"73":{"2V":"5","8X":"5","2X":"5","3X":"5","V7":"5","3V":"5","2R":"5","2W":"5","9X":"5","3W":"5"},"4G":{"FM":"5","CG":"5","CF":"5","FP":"5","FH":"5","CC":"5","9C":"5","9F":"5"},"32":{"38":"5","56":"5","28":"5","66":"5","39":"5"},"4C":{"M3":"5","J5":"5","M5":"5","W2":"5","J2":"5","M6":"5","R5":"5","V2":"5","Q3":"5","F2":"5","P4":"5","Q6":"5","H2":"5","V5":"5","H5":"5","W3":"5","J4":"5","G3":"5","V4":"5","R6":"5","G2":"5","G4":"5","M2":"5","V3":"5","Q2":"5","P2":"5","J6":"5","H3":"5","P3":"5","R3":"5","X2":"5","R2":"5","M7":"5","J3":"5","M4":"5","P6":"5","H4":"5","R4":"5","Q5":"5","Q4":"5","P5":"5"},"44":{"Q2":"5","P3":"5","R9":"5","Q3":"5","R3":"5","RG":"5","P2":"5","RF":"5","R2":"5"},"47":{"78":"5","77":"5","87":"5"},"4V":{"HR":"5"},"45":{"M3":"5","M2":"5","M4":"5","J6":"5","H7":"5","J5":"5","J3":"5","H6":"5","M6":"5","J4":"5","J2":"5","M5":"5"},"7C":{"C8":"5","F6":"5","F2":"5","C2":"5"},"5P":{"PH":"5"},"CC":{"X7":"5","X8":"5"},"5V":{"3W":"5"},"57":{"FF":"5","3R":"5","8X":"5","5J":"5","FM":"5","CC":"5","G3":"5","MC":"5","PH":"5","9X":"5","39":"5","VR":"5","QX":"5","3H":"5","8P":"5","FH":"5","RR":"5","C9":"5","9M":"5","57":"5","C6":"5","8H":"5","7M":"5","9W":"5","7R":"5","77":"5","VP":"5","4Q":"5","CP":"5","38":"5","H5":"5","P5":"5","3Q":"5","GG":"5","6F":"5","QM":"5","56":"5","FV":"5","CF":"5","R9":"5","G7":"5","83":"5","87":"5","3X":"5","FR":"5","47":"5","3M":"5","FC":"5","75":"5","JJ":"5","M6":"5","F7":"5","VV":"5","PV":"5","6P":"5","CQ":"5","5Q":"5","7F":"5","VW":"5","6R":"5","GC":"5","C8":"5","FP":"5","G8":"5","5P":"5","72":"5","9H":"5","F5":"5","65":"5","FQ":"5","GF":"5","7C":"5","3C":"5","VQ":"5","JC":"5","WR":"5","5F":"5","66":"5","6X":"5","RW":"5","RJ":"5","99":"5","8M":"5","4W":"5","J9":"5","9P":"5","58":"5","QF":"5","Q8":"5","64":"5","RG":"5","73":"5","6V":"5","QC":"5","94":"5","46":"5","RQ":"5","QR":"5","PF":"5","5W":"5","9F":"5","QH":"5","5H":"5","F9":"5","4H":"5","8G":"5","5G":"5","88":"5","RX":"5","RF":"5","5X":"5","85":"5","P7":"5","PM":"5","86":"5","MP":"5","3P":"5","7P":"5","JH":"5","Q7":"5","J5":"5","97":"5","9R":"5","8C":"5","9Q":"5","GH":"5","95":"5","78":"5","5R":"5","3G":"5","GX":"5","59":"5","VJ":"5","H7":"5","4C":"5","F8":"5","WV":"5","H9":"5","7Q":"5","CM":"5","JF":"5","WQ":"5","MX":"5","FJ":"5","69":"5","M5":"5","4V":"5","R8":"5","Q6":"5","PJ":"5","3J":"5","PP":"5","HX":"5","96":"5","MJ":"5","Q9":"5","9J":"5","QQ":"5","P9":"5","7J":"5","J8":"5","7X":"5","C3":"5","CR":"5","P8":"5","MM":"5","82":"5","93":"5","MR":"5","CJ":"5","9V":"5","CG":"5","MH":"5","6Q":"5","VH":"5","M9":"5","4R":"5","8W":"5","5C":"5","89":"5","79":"5","MF":"5","QV":"5","4M":"5","6M":"5","QW":"5","8R":"5","M7":"5","GM":"5","JX":"5","JG":"5","48":"5","98":"5","PQ":"5","8F":"5","F3":"5","8V":"5","92":"5","8Q":"5","4X":"5","F6":"5","HW":"5","3F":"5","8J":"5","4F":"5","CH":"5","QJ":"5","RV":"5","G5":"5","6H":"5","74":"5","HV":"5","CX":"5","9C":"5","5V":"5","CW":"5","MQ":"5","QP":"5","H6":"5","H4":"5","G6":"5","JV":"5","6C":"5","F4":"5","J7":"5","7G":"5","VX":"5","RC":"5","MV":"5","MG":"5","FW":"5","76":"5","6W":"5","84":"5","7V":"5","FG":"5","RM":"5","4J":"5","6J":"5","PG":"5","6G":"5","PC":"5","9G":"5","GP":"5","4P":"5","FX":"5","49":"5","M8":"5","J6":"5","GJ":"5","QG":"5","RH":"5","67":"5","P6":"5","37":"5","3W":"5","68":"5","MW":"5","JM":"5","C5":"5","G9":"5","C7":"5","4G":"5","XX":"5","JR":"5","7W":"5","PR":"5","CV":"5","PW":"5","H3":"5","3V":"5","H8":"5","JW":"5","G4":"5","VM":"5","RP":"5","7H":"5","C4":"5","5M":"5","PX":"5","GW":"5"},"4J":{"7X":"5","27":"5","7Q":"5"},"49":{"QW":"5","QX":"5","RX":"5","VX":"5","XX":"5","RW":"5","PX":"5","FX":"5","2F":"5","JX":"5","XW":"5","MX":"5","WX":"5","VW":"5","HM":"5","GX":"5","PW":"5","HX":"5"},"48":{"CJ":"5"},"3F":{"GX":"5","VR":"5","WQ":"5","CX":"5","VQ":"5","HX":"5","WR":"5","FX":"5","XQ":"5"},"5C":{"22":"5"},"75":{"56":"5","23":"5","52":"5","43":"5","33":"5","76":"5","63":"5","54":"5","C3":"5","44":"5","73":"5","F2":"5","72":"5","53":"5","C2":"5","65":"5","55":"5","92":"5","75":"5","66":"5","82":"5","74":"5","83":"5","22":"5","G2":"5","24":"5","94":"5","45":"5","42":"5","32":"5","84":"5","64":"5","62":"5","85":"5","93":"5"},"2C":{"V5":"5","Q3":"5","Q6":"5","H8":"5","R6":"5","Q4":"5","Q5":"5","R5":"5","V3":"5","R3":"5","Q7":"5","R7":"5","Q8":"5","R4":"5","V4":"5"},"4F":{"4F":"5","3F":"5","7J":"5","6H":"5","3H":"5","4J":"5","3J":"5","3G":"5","8M":"5","8P":"5","8H":"5","5J":"5","4H":"5","6J":"5","8J":"5","5H":"5","7H":"5","4G":"5"},"77":{"25":"5","37":"5","38":"5","2C":"5","2F":"5","26":"5","2R":"5","29":"5","27":"5","28":"5"},"65":{"7Q":"5","X3":"5","W2":"5","V6":"5","6Q":"5","R5":"5","V2":"5","Q3":"5","W5":"5","V5":"5","W3":"5","7R":"5","V4":"5","R6":"5","6W":"5","X5":"5","X4":"5","V3":"5","Q2":"5","6R":"5","R3":"5","X2":"5","R2":"5","6V":"5","W6":"5","W4":"5","R4":"5","Q5":"5","Q4":"5"},"3J":{"X7":"5"},"2H":{"MV":"5","MR":"5","V6":"5","JP":"5"},"78":{"H7":"5","J5":"5","FC":"5","J6":"5","H6":"5"},"64":{"W6":"5","V2":"5","VX":"5","V8":"5","W5":"5","XM":"5","WH":"5","M8":"5","Q9":"5","WG":"5","X3":"5","WV":"5","VC":"5","R9":"5","V3":"5","Q3":"5","R3":"5","RX":"5","V7":"5","X2":"5","RC":"5","XH":"5","P7":"5","XV":"5","V5":"5","X4":"5","X9":"5","Q6":"5","WJ":"5","VW":"5","WF":"5","X7":"5","X5":"5","W4":"5","W2":"5","Q7":"5","XG":"5","XJ":"5","R5":"5","WR":"5","V9":"5","R2":"5","WC":"5","X8":"5","W9":"5","XF":"5","XP":"5","Q2":"5","Q5":"5","W3":"5","XQ":"5","R4":"5","R8":"5","Q4":"5","Q8":"5","XC":"5","P8":"5","WP":"5","XX":"5","VG":"5","WX":"5","VV":"5","R7":"5","W7":"5","V6":"5","XW":"5","WM":"5","W8":"5","WW":"5","WQ":"5","XR":"5","VF":"5","R6":"5","X6":"5","V4":"5"},"55":{"8R":"5","CX":"5","9V":"5"},"43":{"RW":"5","PX":"5","QW":"5","RX":"5","QX":"5"},"62":{"V2":"5","V4":"5","W2":"5","R3":"5"},"67":{"W8":"5","RM":"5","Q4":"5","R9":"5","P6":"5","MC":"5","PG":"5","R8":"5","QJ":"5","V6":"5","M8":"5","RC":"5","VG":"5","P3":"5","VM":"5","Q2":"5","2X":"5","X9":"5","4R":"5","VJ":"5","P5":"5","P7":"5","V4":"5","PF":"5","RF":"5","CF":"5","M4":"5","XC":"5","WH":"5","WF":"5","JF":"5","JH":"5","Q8":"5","RJ":"5","R5":"5","RG":"5","Q9":"5","X4":"5","X5":"5","W5":"5","R7":"5","VC":"5","X6":"5","V7":"5","J8":"5","PH":"5","P8":"5","MJ":"5","M5":"5","QF":"5","R6":"5","P9":"5","P2":"5","4V":"5","WM":"5","JJ":"5","WG":"5","WC":"5","Q5":"5","V8":"5","QH":"5","V5":"5","J4":"5","PC":"5","Q3":"5","3H":"5","X8":"5","Q7":"5","XF":"5","W7":"5","R2":"5","R4":"5","Q6":"5","M7":"5","WJ":"5","VH":"5","J6":"5","V3":"5","PJ":"5","MF":"5","W9":"5","JG":"5","M6":"5","VF":"5","HG":"5","MH":"5","X7":"5","MG":"5","W4":"5","W6":"5","QC":"5","V9":"5","J5":"5","V2":"5","P4":"5","R3":"5","RH":"5","2W":"5","3X":"5","J7":"5","QG":"5","3W":"5","5Q":"5"},"56":{"FJ":"5","8P":"5","GR":"5","FH":"5","MC":"5","M8":"5","8V":"5","FW":"5","8R":"5","J9":"5","8M":"5","GH":"5","9R":"5","9W":"5","JF":"5","Q8":"5","9Q":"5","CV":"5","FR":"5","GQ":"5","JC":"5","CR":"5","FQ":"5","9P":"5","GG":"5","P8":"5","CQ":"5","R6":"5","9X":"5","FV":"5","CW":"5","P9":"5","M9":"5","CM":"5","8Q":"5","CC":"5","9H":"5","9V":"5","CJ":"5","PC":"5","9M":"5","FF":"5","HH":"5","FM":"5","F9":"5","7X":"5","Q7":"5","8W":"5","9J":"5","GC":"5","GJ":"5","FP":"5","FC":"5","MF":"5","FG":"5","8X":"5","CH":"5","GV":"5","CP":"5"},"89":{"2J":"5","34":"5"},"22":{"4P":"5","PQ":"5","PR":"5","8P":"5","7P":"5","8Q":"5","7Q":"5","7V":"5","6Q":"5","6R":"5","6V":"5","7R":"5","MR":"5"},"58":{"89":"5","83":"5","MH":"5","32":"5","95":"5","J4":"5","F3":"5","PQ":"5","V2":"5","GR":"5","5C":"5","C8":"5","V8":"5","72":"5","RH":"5","39":"5","G2":"5","CV":"5","F6":"5","H4":"5","Q9":"5","HM":"5","HQ":"5","69":"5","73":"5","86":"5","P3":"5","78":"5","C5":"5","RG":"5","PP":"5","FV":"5","J3":"5","GQ":"5","QJ":"5","JX":"5","QM":"5","JH":"5","MQ":"5","VC":"5","FW":"5","R9":"5","V3":"5","G3":"5","Q3":"5","38":"5","54":"5","43":"5","48":"5","R3":"5","75":"5","C3":"5","53":"5","V7":"5","6C":"5","H3":"5","62":"5","57":"5","M5":"5","QH":"5","RC":"5","P4":"5","36":"5","49":"5","MG":"5","P7":"5","MM":"5","96":"5","55":"5","QF":"5","MW":"5","PW":"5","JQ":"5","F7":"5","F4":"5","F2":"5","MX":"5","68":"5","52":"5","GX":"5","HW":"5","C4":"5","JJ":"5","V5":"5","74":"5","PC":"5","76":"5","Q6":"5","JV":"5","P5":"5","58":"5","MR":"5","HX":"5","M3":"5","Q7":"5","FX":"5","GP":"5","CX":"5","45":"5","QG":"5","H2":"5","R5":"5","HJ":"5","98":"5","93":"5","84":"5","65":"5","79":"5","3C":"5","33":"5","V9":"5","R2":"5","JM":"5","8C":"5","44":"5","WC":"5","RF":"5","GV":"5","PG":"5","P9":"5","63":"5","7C":"5","67":"5","64":"5","34":"5","RJ":"5","HR":"5","92":"5","P2":"5","F8":"5","H5":"5","Q2":"5","Q5":"5","PR":"5","QR":"5","JW":"5","46":"5","99":"5","MJ":"5","FR":"5","R4":"5","C2":"5","PM":"5","R8":"5","97":"5","35":"5","Q4":"5","Q8":"5","56":"5","F5":"5","59":"5","82":"5","MP":"5","J2":"5","PH":"5","87":"5","WX":"5","FQ":"5","37":"5","QC":"5","C7":"5","HP":"5","M2":"5","R7":"5","J5":"5","JP":"5","85":"5","V6":"5","47":"5","HV":"5","PX":"5","JR":"5","M4":"5","MV":"5","GM":"5","4C":"5","QQ":"5","GW":"5","P6":"5","WW":"5","CW":"5","PV":"5","66":"5","77":"5","VF":"5","94":"5","QP":"5","PJ":"5","R6":"5","G4":"5","42":"5","88":"5","C6":"5","QV":"5","V4":"5"},"3X":{"P9":"5","P8":"5","PC":"5"},"87":{"FP":"5","FQ":"5","28":"5"},"6G":{"54":"5","99":"5","88":"5","89":"5","9C":"5"},"3G":{"93":"5","F3":"5","G3":"5","C3":"5","F2":"5","G2":"5","94":"5","C2":"5","C4":"5"},"3C":{"52":"5","42":"5","72":"5","73":"5"}},"QC":{"HX":{"MQ":"5","JR":"5"}},"6Q":{"97":{"V3":"5","V4":"5","X4":"5"}},"QV":{"VV":{"2Q":"5","2M":"5","2P":"5"},"RX":{"R2":"5","R4":"5","V5":"5","V7":"5","W7":"5","V6":"5","V4":"5","X9":"5","X8":"5","W8":"5","R3":"5"},"VX":{"4W":"5","5P":"5","4F":"5","4H":"5","4J":"5","2V":"5","3C":"5","8X":"5","5Q":"5","5R":"5","2Q":"5","2C":"5","3F":"5","4R":"5","2W":"5","3W":"5","2R":"5","5J":"5","7X":"5","29":"5","6X":"5","4X":"5","6W":"5","4G":"5","5M":"5"},"RW":{"V8":"5","V5":"5","R9":"5","RM":"5","8J":"5","6C":"5","RX":"5","RQ":"5","7J":"5","56":"5","RH":"5","R6":"5","RP":"5","R8":"5","RR":"5","RW":"5","R5":"5","64":"5","V3":"5","8P":"5","R3":"5","9M":"5","63":"5","55":"5","RC":"5","RG":"5","R7":"5","59":"5","R4":"5","8Q":"5","8R":"5","62":"5","V4":"5","RJ":"5","V9":"5","9R":"5","8M":"5","58":"5","57":"5","RV":"5","6F":"5","RF":"5","6G":"5","5C":"5","7G":"5","8V":"5","9P":"5","R2":"5","54":"5","V2":"5","7H":"5","9Q":"5"},"MW":{"M3":"5","MG":"5","JW":"5","MJ":"5","M8":"5","M5":"5","J2":"5","MQ":"5","M6":"5","WQ":"5","VV":"5","MR":"5","WW":"5","VR":"5","VQ":"5","JX":"5","M9":"5","MV":"5","XX":"5","WV":"5","MC":"5","WR":"5","MW":"5","VW":"5","MP":"5","MH":"5","MF":"5","MM":"5","M7":"5","J3":"5","M4":"5","VX":"5","WX":"5"},"PX":{"37":"5","38":"5","4H":"5","4J":"5","3C":"5","39":"5","3F":"5","26":"5","36":"5","3G":"5","4G":"5"},"JX":{"RV":"5","RJ":"5","QG":"5","Q7":"5","Q3":"5","VV":"5","WW":"5","QC":"5","Q6":"5","XX":"5","QF":"5","Q2":"5","RM":"5","RQ":"5","VW":"5","QH":"5","RR":"5","QJ":"5","RP":"5","R2":"5","Q9":"5","WX":"5","Q8":"5","Q5":"5","Q4":"5"},"MX":{"7Q":"5","PP":"5","RV":"5","PM":"5","H8":"5","MJ":"5","X3":"5","QV":"5","C6":"5","7J":"5","J2":"5","7M":"5","F4":"5","R5":"5","R7":"5","V2":"5","7P":"5","99":"5","97":"5","VV":"5","QR":"5","VP":"5","7G":"5","VC":"5","V8":"5","VR":"5","7C":"5","VQ":"5","H5":"5","89":"5","V9":"5","JG":"5","5X":"5","VF":"5","J4":"5","G3":"5","7R":"5","6X":"5","R6":"5","98":"5","VG":"5","H6":"5","G4":"5","6W":"5","X5":"5","V7":"5","X4":"5","VJ":"5","H7":"5","V3":"5","C5":"5","PQ":"5","QQ":"5","VW":"5","HG":"5","7F":"5","VH":"5","MH":"5","JH":"5","HF":"5","R3":"5","HC":"5","6R":"5","VM":"5","MM":"5","X2":"5","8C":"5","J3":"5","6V":"5","RW":"5","F3":"5","H4":"5","C7":"5","R4":"5","C4":"5","H9":"5","7H":"5","X6":"5"},"JW":{"C8":"5","56":"5","JV":"5","43":"5","GM":"5","96":"5","FH":"5","C6":"5","54":"5","RX":"5","44":"5","GP":"5","JR":"5","99":"5","97":"5","GJ":"5","55":"5","57":"5","QX":"5","CF":"5","HR":"5","89":"5","MV":"5","79":"5","98":"5","42":"5","HQ":"5","MW":"5","C9":"5","MX":"5","78":"5","67":"5","68":"5","CC":"5","CH":"5","QW":"5","RW":"5","PX":"5","C7":"5","GH":"5","CG":"5","HP":"5"},"RV":{"XJ":"5","V9":"5","WH":"5","VV":"5","VX":"5","RX":"5","WW":"5","VR":"5","XM":"5","WF":"5","V8":"5","6W":"5","6X":"5","WJ":"5","XR":"5","VF":"5","VQ":"5","VC":"5","WR":"5","WG":"5","WV":"5","VP":"5","XQ":"5","VW":"5"},"JV":{"4X":"5","4W":"5"},"MV":{"GM":"5","HR":"5","GH":"5","JX":"5","GP":"5","HV":"5","JW":"5","JV":"5","FH":"5","CF":"5","GJ":"5","FF":"5","FG":"5","HP":"5","HQ":"5"}},"P8":{"CQ":{"C8":"5","FC":"5","92":"5","HH":"5"},"8R":{"WF":"5","FW":"5","HR":"5","QG":"5","VC":"5","PH":"5","QH":"5","VF":"5","QF":"5","PJ":"5","GW":"5","HV":"5","JW":"5","MG":"5","JV":"5","GX":"5","HW":"5","MH":"5","MM":"5","MJ":"5","MF":"5","HX":"5","HQ":"5"},"7P":{"XJ":"5","JG":"5","JF":"5"},"7V":{"C8":"5","98":"5"},"8V":{"G4":"5","H3":"5","G3":"5","G2":"5","H4":"5"}},"JV":{"5H":{"75":"5"}},"WM":{"96":{"4F":"5"},"8C":{"MH":"5"},"89":{"RC":"5"}},"6R":{"XQ":{"29":"5","3C":"5"},"XP":{"4M":"5"},"VV":{"W4":"5","V3":"5","X5":"5"},"XH":{"C4":"5"},"XV":{"XJ":"5","WM":"5"},"WP":{"62":"5"},"WQ":{"RH":"5","RJ":"5","X8":"5"},"WR":{"7F":"5","F4":"5"},"WM":{"5W":"5","4V":"5","6W":"5","6X":"5","4R":"5","5V":"5","4Q":"5","5X":"5","6R":"5","6V":"5","5R":"5","5Q":"5"},"WV":{"38":"5","4C":"5"},"QR":{"G7":"5"}},"7X":{"8F":{"9G":"5"},"5F":{"MV":"5","PP":"5","MR":"5","JV":"5","JW":"5","JR":"5"}},"MH":{"77":{"VX":"5"}},"PP":{"MG":{"RV":"5","XH":"5","W2":"5","QV":"5","V6":"5","W5":"5","XJ":"5","VP":"5","VC":"5","V8":"5","QX":"5","V5":"5","W3":"5","V9":"5","VF":"5","VG":"5","WH":"5","V7":"5","RQ":"5","WM":"5","XM":"5","RR":"5","RP":"5","VM":"5","QW":"5","W4":"5","WG":"5","PX":"5"},"PP":{"V8":"5","WF":"5","W5":"5","Q2":"5","V5":"5","Q3":"5","W4":"5","V6":"5","XX":"5","Q4":"5","X7":"5","R5":"5","WH":"5","WC":"5","XV":"5","V3":"5","WP":"5","R3":"5","R4":"5","V7":"5","XC":"5","XF":"5","W8":"5","P2":"5","V4":"5","XW":"5","WQ":"5","XR":"5","W6":"5","WG":"5","WR":"5","WJ":"5","WM":"5","X6":"5","R2":"5","W9":"5"},"GM":{"MX":"5","Q4":"5","GR":"5","P6":"5","HP":"5","MC":"5","PG":"5","QJ":"5","M8":"5","HQ":"5","MQ":"5","P5":"5","P7":"5","PF":"5","GX":"5","GW":"5","PW":"5","HV":"5","RG":"5","GQ":"5","JV":"5","PM":"5","QX":"5","MW":"5","PH":"5","MR":"5","MJ":"5","PV":"5","M9":"5","HW":"5","Q5":"5","QW":"5","QH":"5","PQ":"5","PC":"5","MM":"5","PP":"5","QP":"5","HX":"5","JP":"5","R2":"5","R4":"5","JQ":"5","M7":"5","PJ":"5","PR":"5","JX":"5","MP":"5","MV":"5","JW":"5","QM":"5","GV":"5","R3":"5","QG":"5"},"PM":{"93":"5","F8":"5","MQ":"5","G9":"5","PW":"5","C5":"5","JV":"5","32":"5","MW":"5","QX":"5","HF":"5","HM":"5","HR":"5","24":"5","35":"5","PV":"5","C4":"5","QW":"5","PQ":"5","HH":"5","F9":"5","C7":"5","34":"5","82":"5","JP":"5","GC":"5","92":"5","F7":"5","QV":"5","PR":"5","HJ":"5","MP":"5","62":"5","HG":"5","JW":"5","HC":"5","22":"5","RX":"5","PX":"5","94":"5","JR":"5","JM":"5","42":"5","C6":"5","72":"5","52":"5"},"MJ":{"QW":"5","QX":"5","RX":"5","VX":"5","XX":"5","RW":"5","PX":"5","XW":"5","WX":"5","VW":"5","PW":"5"},"HJ":{"Q2":"5","W5":"5","X8":"5","V5":"5","Q3":"5","W4":"5","X9":"5","Q4":"5","X7":"5","Q5":"5","R5":"5","W2":"5","W3":"5","V4":"5","W6":"5","X6":"5"},"MQ":{"Q2":"5","Q3":"5","Q6":"5","4P":"5","2J":"5","4M":"5","2V":"5","Q4":"5","Q5":"5","2G":"5","2Q":"5","2C":"5","Q9":"5","2W":"5","2F":"5","Q7":"5","3Q":"5","Q8":"5","4Q":"5","3J":"5","2X":"5","2R":"5","3X":"5","3M":"5","29":"5","2H":"5"},"GP":{"QW":"5","XQ":"5","VQ":"5","P3":"5","Q2":"5","M3":"5","XP":"5","QX":"5","Q3":"5","PM":"5","H2":"5","RX":"5","M2":"5","H9":"5","JC":"5","J6":"5","H3":"5","H8":"5","M9":"5","XX":"5","Q4":"5","G5":"5","RP":"5","PH":"5","RR":"5","PQ":"5","JH":"5","RW":"5","J7":"5","H4":"5","PR":"5","XV":"5","QP":"5","PC":"5","H7":"5","J5":"5","QQ":"5","P4":"5","PG":"5","G4":"5","PJ":"5","J9":"5","VP":"5","H6":"5","XW":"5","M8":"5","H5":"5","XR":"5","JG":"5","MP":"5","G6":"5","G3":"5","VR":"5","RV":"5","PF":"5","MC":"5","PP":"5","G2":"5","MM":"5","PV":"5","MJ":"5","J8":"5","QR":"5","JJ":"5","JF":"5","PW":"5","QM":"5"},"HM":{"RV":"5","HP":"5","H7":"5","HQ":"5","MQ":"5","J9":"5","VQ":"5","JF":"5","JH":"5","WR":"5","HV":"5","JV":"5","VR":"5","JC":"5","XQ":"5","HF":"5","WP":"5","HM":"5","J8":"5","MR":"5","HR":"5","MJ":"5","PV":"5","H9":"5","HW":"5","JJ":"5","PQ":"5","H6":"5","HH":"5","MM":"5","XP":"5","HX":"5","JP":"5","RQ":"5","WQ":"5","JQ":"5","QQ":"5","VV":"5","QV":"5","PR":"5","JX":"5","HJ":"5","JG":"5","MP":"5","MV":"5","HG":"5","JW":"5","MH":"5","HC":"5","VP":"5","H8":"5","JR":"5","JM":"5","QR":"5"},"FJ":{"VM":"5"},"QP":{"49":"5","5F":"5","6C":"5","38":"5","4F":"5","3C":"5","39":"5","2C":"5","6F":"5","2X":"5","5C":"5","4C":"5","27":"5","28":"5"},"JR":{"X8":"5","V5":"5","X9":"5","V6":"5","R5":"5","V3":"5","R3":"5","W7":"5","R4":"5","V7":"5","W8":"5","V2":"5"},"MR":{"32":"5","22":"5"},"GJ":{"QW":"5","QX":"5","RM":"5","RX":"5","RQ":"5","RH":"5","VX":"5","RP":"5","QQ":"5","RJ":"5","QV":"5","QR":"5"},"VP":{"7Q":"5","9F":"5","6G":"5","5R":"5","2V":"5","7J":"5","7M":"5","8F":"5","6H":"5","7P":"5","99":"5","3H":"5","7G":"5","8G":"5","3V":"5","8Q":"5","7R":"5","5G":"5","2G":"5","3G":"5","8M":"5","9C":"5","8P":"5","4R":"5","4H":"5","6R":"5","3R":"5","5H":"5","7H":"5","4G":"5"},"VR":{"FW":"5","PM":"5","JC":"5","PH":"5","PQ":"5","PJ":"5","GW":"5","MQ":"5","CW":"5","JW":"5","MG":"5","CV":"5","JV":"5","MC":"5","HW":"5","MH":"5","PP":"5","MF":"5","MV":"5","MR":"5"},"PG":{"C2":"5","8J":"5","7J":"5","8F":"5","8P":"5","9V":"5","6H":"5","8Q":"5","97":"5","8R":"5","C6":"5","9X":"5","9R":"5","C4":"5","8M":"5","9W":"5","89":"5","6J":"5","7G":"5","C5":"5","7F":"5","99":"5","C7":"5","98":"5","8C":"5","C3":"5","7H":"5"},"PJ":{"8X":"5","2X":"5","3X":"5","6X":"5","7X":"5","5X":"5"},"GQ":{"Q2":"5","W5":"5","V5":"5","V6":"5","R6":"5","X7":"5","R5":"5","R3":"5","X5":"5","W7":"5","X3":"5","R4":"5","V7":"5","V4":"5","W6":"5","X2":"5","X6":"5","X4":"5","R2":"5"},"JM":{"W8":"5","FJ":"5","RM":"5","3P":"5","4H":"5","PG":"5","HQ":"5","VG":"5","VM":"5","GP":"5","MQ":"5","X9":"5","63":"5","VJ":"5","4M":"5","X2":"5","5G":"5","5H":"5","W2":"5","8M":"5","GH":"5","WH":"5","VQ":"5","WF":"5","3M":"5","9G":"5","2M":"5","JH":"5","RG":"5","76":"5","GQ":"5","X4":"5","C9":"5","X5":"5","4G":"5","W5":"5","PM":"5","VC":"5","32":"5","XQ":"5","WP":"5","HM":"5","X6":"5","8H":"5","GG":"5","PH":"5","88":"5","44":"5","CM":"5","5J":"5","GM":"5","WG":"5","WC":"5","2P":"5","CC":"5","QH":"5","53":"5","9H":"5","7J":"5","33":"5","CJ":"5","7H":"5","4J":"5","9M":"5","FF":"5","HH":"5","MM":"5","PP":"5","3H":"5","X8":"5","FM":"5","QP":"5","6J":"5","XP":"5","2Q":"5","34":"5","98":"5","75":"5","W7":"5","77":"5","9J":"5","65":"5","RQ":"5","CG":"5","3J":"5","JQ":"5","WJ":"5","QQ":"5","FP":"5","FC":"5","W9":"5","99":"5","FG":"5","W3":"5","64":"5","43":"5","MP":"5","VF":"5","MH":"5","X7":"5","QM":"5","MG":"5","W4":"5","W6":"5","VP":"5","7G":"5","CH":"5","JM":"5","RH":"5","CP":"5","42":"5","8J":"5","87":"5","6G":"5","6H":"5","52":"5"},"JQ":{"V8":"5","V5":"5","VV":"5","X9":"5","VX":"5","V6":"5","XV":"5","V7":"5","XF":"5","W8":"5","V4":"5","XW":"5","VW":"5","XG":"5","WV":"5","W9":"5"},"HH":{"QW":"5","QX":"5","PM":"5","RQ":"5","RP":"5","RR":"5","RW":"5","QP":"5","XV":"5","WW":"5","WX":"5","RV":"5","WV":"5","QM":"5"},"HQ":{"25":"5","42":"5","43":"5","64":"5","23":"5","44":"5","63":"5","26":"5","62":"5","22":"5","52":"5","24":"5","32":"5","54":"5"},"PH":{"69":"5","77":"5","4F":"5","76":"5","83":"5","92":"5","3F":"5","67":"5","84":"5","2F":"5","59":"5","5C":"5","85":"5","82":"5","4C":"5","75":"5","68":"5"},"RQ":{"4F":"5","X3":"5","59":"5","C6":"5","J2":"5","F4":"5","C3":"5","5F":"5","97":"5","88":"5","H2":"5","79":"5","G3":"5","98":"5","2G":"5","G4":"5","G2":"5","X4":"5","69":"5","C5":"5","3G":"5","78":"5","H3":"5","58":"5","X2":"5","5C":"5","W4":"5","F3":"5","C7":"5","C4":"5","4G":"5"},"QQ":{"R9":"5","MC":"5","PG":"5","R8":"5","H7":"5","VG":"5","P7":"5","23":"5","PF":"5","RF":"5","G7":"5","46":"5","JF":"5","Q8":"5","RG":"5","Q9":"5","JC":"5","HF":"5","97":"5","35":"5","QF":"5","P9":"5","45":"5","WG":"5","V8":"5","57":"5","33":"5","PC":"5","Q7":"5","C7":"5","34":"5","77":"5","M7":"5","F7":"5","JG":"5","HG":"5","MG":"5","67":"5","56":"5","22":"5","J7":"5","87":"5","XG":"5"},"MP":{"QW":"5","P3":"5","M3":"5","QX":"5","PM":"5","M2":"5","PH":"5","PQ":"5","PR":"5","PC":"5","P4":"5","PG":"5","PJ":"5","P6":"5","P5":"5","QV":"5","P8":"5","PF":"5","P7":"5","PP":"5","QR":"5","P9":"5"},"MH":{"M8":"5","M3":"5","J5":"5","RH":"5","QG":"5","P2":"5","QH":"5","QF":"5","MC":"5","M7":"5","M2":"5","VG":"5","M9":"5","WF":"5","VH":"5","PC":"5","PF":"5","XF":"5","M4":"5","J6":"5","J4":"5","J7":"5","WG":"5"},"JJ":{"2J":"5","2G":"5","2C":"5","3V":"5","3P":"5","2F":"5","3W":"5","3Q":"5","3X":"5","3M":"5","2M":"5","29":"5","3R":"5","2H":"5"},"RP":{"JW":"5","XR":"5","P8":"5","PP":"5","JV":"5","PC":"5","PM":"5","P9":"5","QG":"5","MQ":"5","RC":"5","JR":"5","XG":"5","MR":"5","QC":"5","WW":"5","JX":"5","PG":"5","PJ":"5","MV":"5","VF":"5","XX":"5","JQ":"5","VG":"5","QF":"5","PH":"5","XW":"5","XV":"5","MP":"5","RF":"5","QH":"5","QJ":"5","XF":"5","PF":"5","MM":"5","Q9":"5","WF":"5","HX":"5","WX":"5","WG":"5","RG":"5"},"MF":{"WP":"5","WW":"5","WM":"5","WQ":"5","WR":"5","WX":"5","WV":"5"},"MM":{"W6":"5","FC":"5","J4":"5","V2":"5","26":"5","C8":"5","H6":"5","G7":"5","39":"5","W5":"5","GG":"5","7M":"5","M8":"5","Q9":"5","3M":"5","X3":"5","2J":"5","GC":"5","2M":"5","7G":"5","2C":"5","V3":"5","6P":"5","38":"5","Q3":"5","H9":"5","4P":"5","48":"5","R3":"5","MF":"5","4G":"5","V7":"5","57":"5","M5":"5","X2":"5","FF":"5","P4":"5","49":"5","P7":"5","28":"5","4M":"5","C9":"5","5R":"5","4F":"5","V5":"5","JC":"5","8P":"5","PC":"5","7P":"5","X4":"5","29":"5","Q6":"5","58":"5","P5":"5","6H":"5","8H":"5","3Q":"5","X5":"5","W4":"5","9M":"5","Q7":"5","2F":"5","9P":"5","9H":"5","8M":"5","5P":"5","45":"5","4R":"5","R5":"5","FG":"5","3C":"5","CJ":"5","6Q":"5","CG":"5","R2":"5","8G":"5","P9":"5","67":"5","J9":"5","9C":"5","FJ":"5","2Q":"5","G6":"5","F8":"5","H5":"5","Q2":"5","3R":"5","8F":"5","FH":"5","W3":"5","46":"5","99":"5","R4":"5","R8":"5","Q4":"5","M9":"5","Q8":"5","8J":"5","56":"5","P8":"5","HG":"5","59":"5","J7":"5","9F":"5","7Q":"5","J8":"5","37":"5","R7":"5","8Q":"5","CM":"5","J5":"5","9G":"5","V6":"5","M6":"5","47":"5","27":"5","2H":"5","PF":"5","CF":"5","G8":"5","7H":"5","4C":"5","5H":"5","HC":"5","6R":"5","66":"5","HF":"5","CH":"5","JF":"5","R6":"5","X6":"5","4H":"5","2G":"5","V4":"5"},"HP":{"6V":"5","86":"5","F8":"5","2X":"5","F5":"5","8F":"5","G6":"5","5X":"5","F6":"5","C8":"5","7F":"5","C9":"5","6Q":"5","4X":"5","8H":"5","2V":"5","4W":"5","7R":"5","G4":"5","88":"5","7W":"5","H3":"5","7C":"5","7P":"5","2P":"5","H2":"5","7J":"5","7H":"5","G2":"5","H4":"5","7Q":"5","G3":"5","2Q":"5","C7":"5","98":"5","7M":"5","7V":"5","F7":"5","99":"5","F4":"5","8C":"5","89":"5","2R":"5","7G":"5","6X":"5","8G":"5","G5":"5","3X":"5","2W":"5","87":"5","6R":"5","3W":"5","C6":"5","6W":"5"}},"6V":{"W5":{"VJ":"5","RH":"5","RG":"5","QG":"5","WP":"5","VV":"5","QF":"5","RJ":"5","RP":"5","VR":"5","VG":"5","WM":"5","VH":"5","RF":"5","WQ":"5","VF":"5","VQ":"5","VM":"5","WR":"5","RM":"5","WV":"5","VP":"5"},"XH":{"3F":"5","3G":"5"},"W4":{"35":"5","34":"5"},"X7":{"6R":"5","6P":"5","7R":"5","7Q":"5","6V":"5"},"VF":{"4C":"4"},"X3":{"8J":"5","2J":"5","2V":"5","2Q":"5","3V":"5","3P":"5","6H":"5","3W":"5","3Q":"5","CG":"5","8R":"5","3J":"5","CH":"5","6J":"5","2R":"5","3H":"5","FH":"5","5J":"5","3M":"5","2M":"5","2P":"5","FF":"5","FG":"5","3R":"5","2H":"5","7H":"5"},"XC":{"78":"5","88":"5","68":"5","69":"5","67":"5","77":"5","98":"5"},"X2":{"WP":"5"},"XM":{"MX":"5","MW":"5"}},"46":{"2V":{"J7":"5"}},"R2":{"GR":{"75":"5"},"9V":{"5M":"5"},"CR":{"5Q":"5"},"8V":{"CQ":"5","F9":"5"}},"7R":{"5X":{"99":"5","9C":"5","7W":"5","7X":"5","98":"5"},"4P":{"63":"5","62":"5"},"2J":{"X3":"5","X4":"5","X2":"5"},"2G":{"JQ":"5","HW":"5","JV":"5","JW":"5","HV":"5"},"2Q":{"PH":"5"},"4R":{"H3":"5"},"9V":{"XG":"5"},"3Q":{"X7":"5","X8":"5"},"4Q":{"29":"5","28":"5","27":"5"},"3J":{"24":"5","22":"5","23":"5"},"CV":{"2G":"5","2F":"5","3H":"5","22":"5","3J":"5","2H":"5"},"3H":{"6H":"5","6J":"5"},"6X":{"WW":"5","WX":"5"},"2P":{"R9":"5","R8":"5","Q8":"5","Q9":"5","59":"5","X8":"5"},"2H":{"XX":"5"}},"QR":{"VQ":{"56":"5","6G":"5","43":"5","59":"5","7W":"5","7J":"5","7M":"5","6H":"5","44":"5","7P":"5","6F":"5","57":"5","8Q":"5","7X":"5","8V":"5","45":"5","42":"5","8R":"5","8P":"5","58":"5","5C":"5","46":"5","6C":"5","7H":"5","8W":"5"},"VV":{"GG":"5","HJ":"5","C3":"5","HM":"5","F2":"5","C2":"5","G6":"5","G9":"5","G8":"5","F5":"5","HH":"5","JP":"5","HQ":"5","C5":"5","GF":"5","MP":"5","HG":"5","F6":"5","GC":"5","G7":"5","C4":"5","HP":"5"},"QH":{"RM":"5"},"67":{"2Q":"5","2P":"5"},"VP":{"4X":"5"},"58":{"49":"5","66":"5","2J":"5","56":"5","4F":"5","64":"5","74":"5","59":"5","72":"5","3J":"5","58":"5","57":"5","3H":"5","82":"5","2M":"5","4C":"5","3G":"5","73":"5","4G":"5","65":"5"},"57":{"CP":"5","XR":"5","JV":"5","9Q":"5","CM":"5","FP":"5","GP":"5","WQ":"5","FJ":"5","PR":"5","QP":"5","MR":"5","VP":"5","FM":"5","VR":"5","9V":"5","VQ":"5","HR":"5","MV":"5","GQ":"5","XQ":"5","CJ":"5","9P":"5","9R":"5","8V":"5","HV":"5","8X":"5","HQ":"5","WR":"5","PQ":"5","QQ":"5","RP":"5","8W":"5"},"48":{"VQ":"5","XP":"5","RR":"5","MW":"5","WP":"5","JX":"5","WQ":"5","GW":"5","JW":"5","VR":"5","RV":"5","QV":"5","HW":"5","GR":"5","PV":"5","XM":"5","HX":"5","MV":"5","GV":"5"},"VR":{"GM":"5","76":"5","FH":"5","HM":"5","73":"5","FJ":"5","77":"5","72":"5","99":"5","65":"5","GJ":"5","88":"5","CF":"5","HR":"5","89":"5","75":"5","66":"5","79":"5","74":"5","98":"5","83":"5","GX":"5","HV":"5","FG":"5","HQ":"5","78":"5","9C":"5","84":"5","CC":"5","GV":"5","CG":"5","FX":"5","GW":"5","HP":"5"}},"V2":{"6G":{"GX":"5","CW":"5","FW":"5","9W":"5","CX":"5","FX":"5","9X":"5","GW":"5"},"6H":{"C2":"5","G5":"5","92":"5","G4":"5","F3":"5","C4":"5","G3":"5","F5":"5","F4":"5","G2":"5","93":"5","94":"5","C3":"5","F2":"5"}},"QM":{"8J":{"XQ":"5","W5":"5","X8":"5","XP":"5","XH":"5","W4":"5","X9":"5","X7":"5","V3":"5","WW":"5","XC":"5","XF":"5","W3":"5","WQ":"5","WX":"5","W6":"5","WR":"5","X6":"5","XG":"5","WV":"5","XJ":"5","V2":"5","XM":"5"},"9G":{"95":"5","4F":"5","76":"5","2V":"5","59":"5","96":"5","3F":"5","3Q":"5","8F":"5","2P":"5","C3":"5","49":"5","77":"5","F2":"5","C2":"5","3H":"5","8G":"5","92":"5","7C":"5","89":"5","2R":"5","75":"5","3M":"5","79":"5","9G":"5","3J":"5","69":"5","2Q":"5","4M":"5","94":"5","4C":"5","3G":"5","2X":"5","78":"5","84":"5","7F":"5","85":"5","2W":"5","8C":"5","4P":"5","93":"5","6C":"5","3P":"5"},"8H":{"XQ":"5","WF":"5","XP":"5","VX":"5","X7":"5","WH":"5","WC":"5","X5":"5","W7":"5","WW":"5","W8":"5","XR":"5","VW":"5","WG":"5","WR":"5","WJ":"5","X6":"5","WV":"5","XJ":"5","XM":"5","W9":"5"},"8P":{"J9":"5","J5":"5","HJ":"5","J2":"5","JF":"5","Q3":"5","HM":"5","JG":"5","J4":"5","JC":"5","Q2":"5","HQ":"5","P2":"5","J6":"5","J8":"5","JJ":"5","JH":"5","J7":"5","R3":"5","J3":"5","R4":"5","Q4":"5","HP":"5"},"9M":{"2J":"5","2G":"5","2F":"5","3J":"5","3H":"5","3M":"5","2H":"5"},"9F":{"MG":"5","P8":"5","PC":"5","GM":"5","W7":"5","FQ":"5","P9":"5","V6":"5","HJ":"5","Q7":"5","X9":"5","FP":"5","X8":"5","FW":"5","GJ":"5","FR":"5","FM":"5","Q6":"5","CW":"5","JG":"5","CR":"5","R6":"5","V7":"5","CV":"5","HH":"5","MC":"5","W8":"5","JH":"5","MF":"5","Q8":"5","FX":"5"},"74":{"6X":"5"},"8M":{"XH":"5","W2":"5","R8":"5","QV":"5","RJ":"5","R7":"5","R5":"5","QP":"5","QR":"5","XG":"5","V8":"5","Q6":"5","QX":"5","RH":"5","JX":"5","W3":"5","QM":"5","V9":"5","WC":"5","R6":"5","WH":"5","XC":"5","VJ":"5","V3":"5","MW":"5","MX":"5","QQ":"5","W9":"5","VH":"5","QJ":"5","XF":"5","PW":"5","R3":"5","VM":"5","QW":"5","WG":"5","PX":"5","R4":"5","Q5":"5"},"9H":{"2Q":"5","24":"5","22":"5","23":"5","2R":"5","25":"5"},"CF":{"5F":"5","4F":"5","3C":"5","39":"5","5G":"5","6H":"5","6J":"5","6G":"5","29":"5","4C":"5"}},"35":{"V9":{"XG":"5","H5":"5","F6":"5"},"XW":{"C8":"5","P8":"5","PC":"5","W7":"5","M8":"5","P9":"5","R8":"5","V6":"5","R7":"5","Q7":"5","R5":"5","X9":"5","X8":"5","RC":"5","W5":"5","QC":"5","VC":"5","V8":"5","Q6":"5","V5":"5","M9":"5","V9":"5","P7":"5","WC":"5","V4":"5","R6":"5","X5":"5","V7":"5","XC":"5","W9":"5","W8":"5","RF":"5","XF":"5","Q9":"5","WF":"5","M7":"5","Q8":"5","W6":"5","W4":"5","R9":"5","X7":"5","X6":"5"},"R8":{"XW":"5","XR":"5"},"V8":{"9M":"5","GP":"5"}},"P9":{"FH":{"MV":"5","PX":"5","PW":"5","PV":"5","MX":"5","MW":"5"},"WF":{"8H":"5","8C":"5"},"FJ":{"Q2":"5","P3":"5","M3":"5","Q3":"5","M2":"5","M4":"5","P4":"5","P6":"5","P2":"5","M6":"5","M7":"5","P5":"5","M5":"5"},"JF":{"RH":"5"},"F4":{"WV":"5"}},"5M":{"WF":{"FM":"5"},"VF":{"CG":"5","FG":"5"},"Q2":{"96":"5","H8":"5"}}}}