{"index":{"university,1|retail,2|tourism,3|wreck,4|historical,5|artsCulture,6|namedBuilding,7|water,8|wetland,9|park,10|beach,11|natureReserve,12|cemetery,13|trail,14":{}},"94":{"W8":{"97":{"3W":"5"}},"FJ":{"VH":{"GV":"5"}},"FH":{"WG":{"F4":"5"}},"4H":{"7M":{"4H":"4"}},"59":{"7W":{"39":"5"}},"M8":{"PG":{"RM":"5"}},"P3":{"2C":{"98":"5"}},"6F":{"8M":{"8H":"5","7C":"5"},"5R":{"GG":"5"},"5Q":{"VG":"5","VH":"5","WF":"5","VF":"5"}},"2X":{"38":{"8Q":"5"},"MP":{"H3":"5"},"46":{"66":"5"},"58":{"7P":"5"},"PH":{"2G":"5","4F":"5","45":"5","59":"5"},"RV":{"3F":"5"},"MJ":{"Q6":"5","R6":"5","Q4":"5","Q5":"5","R5":"5","P4":"5","Q7":"5","R7":"5","Q8":"5","R4":"5","8R":"5","P6":"5","V4":"5","P5":"5","P8":"5","P7":"5","P9":"5"},"59":{"2C":"5"},"MM":{"Q2":"5","6C":"5","H2":"5","H9":"5","H8":"5","H3":"5","H4":"5","HF":"5","GC":"5","H7":"5","H6":"5","H5":"5","F7":"5","G6":"5","HC":"5"}},"4M":{"54":{"W3":"5"},"95":{"R7":"5","R8":"5","Q8":"5","Q7":"5"},"9C":{"RW":"5"}},"F5":{"JP":{"CM":"5","9G":"5","85":"5"},"MW":{"3W":"5"},"8G":{"CG":"5","9H":"5"},"JQ":{"G2":"5","H6":"5"},"CJ":{"XJ":"5","XG":"5","XH":"5"},"MX":{"4V":"5","4R":"5","39":"5"},"FM":{"7V":"5"},"JW":{"X7":"5"},"5C":{"88":"5"},"7G":{"G3":"5","56":"5","MJ":"5"},"FP":{"QF":"5"},"FJ":{"2Q":"5"}},"8F":{"96":{"89":"5","2R":"5"},"87":{"CQ":"5","V4":"5","Q7":"5","HH":"5"},"4H":{"RF":"5"},"4J":{"HX":"5"},"92":{"RM":"5"},"5H":{"F6":"5","X2":"5"},"78":{"VJ":"5"},"3W":{"9R":"5","HP":"5","8W":"5","X8":"5"},"3Q":{"XC":"5"},"7C":{"49":"5","3H":"5"},"2X":{"5W":"5","V8":"5","W7":"5","8Q":"5","2W":"5"},"6F":{"W5":"5"},"88":{"47":"5"},"6G":{"VJ":"5","3X":"5","8V":"5"},"93":{"MP":"5","P5":"5","MG":"5"},"4V":{"FW":"5"},"94":{"GR":"5","HC":"5"},"79":{"J3":"5","8M":"5","9F":"5"}},"2J":{"JQ":{"P5":"5"},"HW":{"MC":"5"},"PH":{"H3":"5"},"PG":{"F5":"5"}},"G6":{"XX":{"P5":"5"},"PW":{"9R":"5","CV":"5","CW":"5"},"QF":{"2H":"5"},"MX":{"5X":"5"},"5F":{"FW":"5"},"QV":{"HJ":"5"}},"5X":{"8R":{"2H":"5"}},"F6":{"M4":{"RW":"5","PH":"5"},"QG":{"XC":"5"},"PJ":{"QQ":"5"},"P6":{"6C":"5"},"JR":{"GR":"5"},"FM":{"3J":"5","4P":"5"},"MQ":{"7J":"5","W8":"5"},"MP":{"XW":"5"},"JV":{"35":"5","44":"5","34":"5","F6":"5","9P":"5","FJ":"5"},"GX":{"VC":"5","QC":"5"},"P7":{"HG":"5"},"FP":{"F6":"5"},"GJ":{"2V":"5","3W":"5"},"HX":{"7C":"5"}},"C8":{"H9":{"2W":"5"},"J7":{"6V":"5"},"H8":{"VG":"5","MQ":"5"},"5Q":{"FX":"5","JR":"5"}},"G7":{"29":{"C9":"5"},"C6":{"PW":"5"}},"2M":{"69":{"6W":"5"},"G6":{"R7":"4"}},"C5":{"59":{"X6":"5","X5":"5"}},"7F":{"XX":{"VV":"5"},"WX":{"9M":"5","HP":"5","WQ":"5","6J":"5"}},"M2":{"WM":{"8M":"5","V7":"5"}},"6Q":{"FP":{"53":"5"},"3F":{"54":"5","56":"5","55":"5"}},"F3":{"FX":{"88":"5","6G":"5"}},"96":{"2J":{"WC":"5"},"3M":{"55":"5","27":"5","26":"5"},"3J":{"4M":"5"},"2M":{"XJ":"5","WP":"5","X3":"5","WM":"5","WQ":"5","X6":"5","WJ":"5","X8":"5","X2":"5"}},"M3":{"J8":{"P8":"5"}},"4X":{"3R":{"5V":"5"}},"V7":{"XX":{"5H":"5"},"C4":{"Q7":"5"}},"8H":{"2C":{"R5":"5"}},"4C":{"8P":{"V9":"5","WF":"5","W9":"5","WC":"5","VC":"5","W8":"5"},"7M":{"V9":"5","W9":"5","RF":"5","V8":"5","VF":"5","WC":"5","VC":"5","X9":"5","X8":"5","W8":"5"}},"3V":{"8M":{"R3":"5"},"CM":{"2J":"5"}},"2V":{"32":{"X9":"5"},"42":{"8R":"5","9W":"5","9V":"5"},"Q6":{"59":"5"},"Q5":{"JF":"5"},"Q3":{"QH":"5"},"R5":{"MM":"5"},"85":{"FR":"5","FV":"5"}},"G4":{"QF":{"3R":"5"},"VW":{"5P":"5","6R":"5"}},"88":{"X3":{"8F":"5","7F":"5"}},"P2":{"2Q":{"H4":"5"},"4G":{"Q8":"5"},"3H":{"49":"5","56":"5","M4":"5","P4":"5","67":"5","9F":"5","45":"5","47":"5","P5":"5","48":"5","46":"5","M5":"5","79":"5","68":"5"},"2H":{"X3":"5"},"2W":{"63":"5"}},"4V":{"XG":{"G6":"5","G2":"5"},"JG":{"MX":"5"},"4V":{"H3":"5","H2":"5"},"JH":{"M2":"5"}},"H3":{"2F":{"CQ":"5"}},"7C":{"3R":{"X8":"5"},"89":{"R6":"5"},"4C":{"JF":"5"},"98":{"34":"5"}},"7P":{"PG":{"6G":"5"},"QQ":{"99":"5"}},"2P":{"2Q":{"29":"5","C6":"5"},"3R":{"QC":"5"},"92":{"VV":"4","WR":"4","WV":"4","VW":"4"},"C2":{"WC":"5"}},"F2":{"H5":{"25":"5"},"CC":{"XJ":"5","XM":"5","WM":"5","WJ":"5","XH":"5"},"FC":{"2J":"5","2H":"5"}},"5V":{"W7":{"48":"5"},"VP":{"Q9":"5"}},"QH":{"M6":{"83":"5"}},"H6":{"WW":{"G2":"5"}},"7H":{"4X":{"9M":"5","CP":"5","CM":"5","CJ":"5","9J":"5"},"63":{"54":"5"},"53":{"M3":"5"},"7W":{"8M":"5"}},"9M":{"72":{"34":"5"}},"4J":{"CM":{"82":"5"},"9G":{"HH":"5"}},"49":{"QX":{"66":"5"}},"X8":{"FX":{"37":"5","36":"5"}},"6J":{"QR":{"HF":"5"}},"2Q":{"5W":{"X2":"5"}},"5C":{"J3":{"MG":"4"}},"7X":{"QQ":{"5F":"5","5C":"5","6C":"5"}},"C7":{"8H":{"2Q":"5"},"7H":{"2X":"5","WX":"5"}},"98":{"X6":{"H4":"5"},"X5":{"9V":"5"},"79":{"C9":"5"}},"8W":{"23":{"GP":"5"}},"9J":{"8Q":{"HX":"5"}},"2H":{"QM":{"HF":"5","VP":"4"}},"F7":{"67":{"XX":"5"}},"78":{"FP":{"Q6":"4"}},"3R":{"5W":{"F4":"5"}},"F4":{"C2":{"GV":"5"}},"M6":{"WP":{"53":"5"},"WR":{"W2":"5"}},"8C":{"GM":{"2J":"5"},"M4":{"CW":"5","6X":"5"},"J6":{"3X":"5"},"J7":{"4V":"5","36":"5"},"J5":{"2X":"5","M4":"5"},"P4":{"3Q":"5"},"R4":{"4G":"5"},"J9":{"58":"5"},"H5":{"X7":"5"},"FM":{"WQ":"5"},"FP":{"R3":"5"},"J8":{"5R":"5"}},"89":{"R2":{"6R":"5"},"FJ":{"89":"5"}},"2R":{"4V":{"GW":"5"},"23":{"HJ":"5","JR":"5"}},"H5":{"RW":{"8R":"5"}},"J5":{"8G":{"V4":"5"}},"7G":{"4W":{"4C":"5"},"5X":{"8H":"5"},"5P":{"8G":"5"},"2J":{"FP":"5"},"5Q":{"C9":"5"},"3P":{"GM":"5"},"3Q":{"V9":"5"},"5V":{"QR":"5"},"3M":{"5Q":"5"},"2M":{"PR":"5"},"2P":{"Q3":"5"},"4X":{"M3":"5"},"2H":{"7X":"5"}},"RH":{"79":{"24":"5"}},"2W":{"6C":{"M9":"5","J9":"5"},"76":{"MJ":"5"},"FX":{"GH":"5"},"78":{"8M":"5","73":"5"},"CM":{"C7":"5","C4":"5"},"G7":{"38":"5","37":"5","29":"5","28":"5"},"C8":{"F7":"5","F6":"5"},"PP":{"CC":"5","C9":"5"},"7F":{"4Q":"5"},"98":{"WF":"5","RF":"5","RC":"5","WC":"5","VF":"5","XF":"5","VC":"5"},"79":{"4W":"5","5R":"5","CQ":"5","8Q":"5","8R":"5","C6":"5","9R":"5","5W":"5","7Q":"5","7V":"5","5V":"5","6Q":"5","6R":"5","8V":"5","6V":"5","CR":"5","4V":"5","7R":"5","9Q":"5"}},"3X":{"MC":{"6X":"5"},"M6":{"CC":"5","C9":"5"},"4V":{"QG":"5"}},"CP":{"GV":{"GQ":"5","FM":"5","FP":"5","FQ":"5","HP":"5","GP":"5","HQ":"5","GM":"5"}},"69":{"3Q":{"66":"5"},"48":{"VV":"5","VR":"5","WR":"5","VW":"5"},"2C":{"RM":"5"},"XV":{"GR":"4"},"W7":{"X7":"5"},"VM":{"FM":"5"},"2R":{"MF":"5"}},"6G":{"RF":{"9W":"5"},"RC":{"H3":"5","GR":"5"},"W4":{"MX":"5"}},"C6":{"XQ":{"CH":"5"}},"3W":{"JM":{"GG":"5","CR":"5"},"FJ":{"GM":"5"},"HQ":{"4W":"5"}},"6H":{"38":{"4W":"5","3W":"5"},"GH":{"P8":"5"},"JH":{"78":"5","2F":"5","49":"5","48":"5","68":"5","2C":"5","3C":"5","58":"5","79":"5","39":"5"}},"5W":{"3F":{"8M":"5","7J":"5"}}}}