{"95":{"29":{"HH":{"PQ":"5"}},"3P":{"MH":{"J3":"5"},"WH":{"53":"5"},"72":{"76":"5"},"MG":{"GM":"5"}},"25":{"GX":{"3C":"5"},"WX":{"F2":"5"}},"FH":{"H9":{"69":"5","8J":"5","6C":"5","59":"5","58":"5","79":"5","68":"5","7H":"5"}},"4H":{"QM":{"CX":"5"},"PP":{"G2":"5"},"PW":{"GH":"5"},"PV":{"G9":"5"},"QP":{"2V":"5","G2":"5"},"PM":{"CV":"5","7M":"5","PQ":"5","6R":"5"}},"39":{"8G":{"H9":"5","H8":"5","JC":"5","H7":"5","J9":"5","HC":"5","J8":"5"}},"59":{"M4":{"MM":"5"},"92":{"79":"5"},"R3":{"3C":"5"},"H6":{"82":"5","93":"5","83":"5","92":"5","94":"5","84":"5","C4":"5"},"H5":{"8X":"5","CW":"5","8W":"5","9W":"5","CX":"5","9X":"5"},"VM":{"H9":"5"},"M5":{"H9":"5","GC":"5"},"79":{"87":"5"}},"6F":{"FR":{"8G":"5"},"77":{"87":"5","84":"5"}},"2X":{"MH":{"XM":"5"},"78":{"FJ":"5"},"9R":{"XV":"5"},"CG":{"99":"5"},"8X":{"28":"5"},"22":{"XJ":"5"}},"4M":{"49":{"M5":"5"},"6C":{"G4":"5"},"RP":{"FG":"5"},"VF":{"99":"5","CC":"5","9C":"5","C9":"5"},"Q7":{"3F":"5"},"MQ":{"FJ":"5"},"48":{"MH":"5","FR":"5","9R":"5","GV":"5","HW":"5","GR":"5","9P":"5","JH":"5"},"QV":{"3Q":"5","2J":"5","2M":"5","4J":"5"},"GR":{"X9":"5","QV":"5"},"4C":{"X7":"5"},"GV":{"R2":"5"}},"36":{"99":{"M8":"5","J8":"5","M9":"5","J9":"5"},"4X":{"34":"5"},"6F":{"JG":"5"},"8C":{"P4":"5"},"5C":{"FG":"5","GG":"5","JF":"5","7Q":"5"},"58":{"Q6":"5"},"2R":{"W6":"5"},"3J":{"QQ":"5"}},"2J":{"CQ":{"GH":"5"},"76":{"P2":"5","Q5":"5","HC":"5"},"CX":{"76":"5"},"75":{"WV":"5"}},"5G":{"JC":{"HG":"5"},"72":{"H5":"5","G5":"5"},"H6":{"C5":"5","C4":"5"}},"23":{"GC":{"QC":"5"},"X7":{"GG":"5"}},"GF":{"72":{"P2":"5"}},"2G":{"PH":{"W4":"5"}},"54":{"46":{"GF":"5"},"42":{"WF":"5","W8":"5"}},"37":{"QW":{"R2":"5"},"5F":{"XV":"5"},"2V":{"8G":"5","8H":"5","7M":"5","69":"5"},"3V":{"GC":"5","Q7":"5"},"2W":{"P3":"5","XP":"5","PM":"5","RH":"5","RP":"5","PQ":"5","GC":"5","WP":"5","Q9":"5","P4":"5","QF":"5","XF":"5","RJ":"5","W6":"5","QC":"5","WG":"5","GG":"5","WR":"5","RF":"5","WM":"5","WV":"5","HP":"5"},"5G":{"RG":"5"},"3W":{"37":"5","2J":"5","4H":"5","2Q":"5","3P":"5","3Q":"5","26":"5","2X":"5","2P":"5","27":"5"},"5W":{"C4":"5"},"2X":{"R2":"5","V2":"5","W3":"5","V3":"5"},"QV":{"VX":"5","RX":"5","VQ":"5","QV":"5","VW":"5"},"2R":{"FM":"5","CG":"5"},"7X":{"RH":"5","HR":"5"},"3X":{"52":"5"},"4V":{"3F":"5"}},"2M":{"FX":{"8W":"5"}},"C5":{"9X":{"M6":"5"}},"76":{"6X":{"6G":"5"}},"73":{"56":{"CH":"5","F4":"5"},"WC":{"F2":"5","C2":"5"}},"4G":{"PX":{"VC":"5"},"CR":{"WW":"5"}},"JV":{"M8":{"75":"5"}},"26":{"XV":{"96":"5"}},"32":{"Q3":{"H8":"5"}},"4C":{"PF":{"V5":"5"},"X9":{"VP":"5"}},"3V":{"FR":{"R4":"5"},"GQ":{"94":"5"},"65":{"6J":"5"}},"2V":{"H9":{"J2":"5"},"W5":{"GV":"5","GR":"5"},"MW":{"29":"5","3C":"5","39":"5"},"9C":{"HC":"5"},"2P":{"X3":"5"}},"24":{"54":{"43":"5"},"M3":{"MW":"5"},"65":{"QR":"5","RQ":"5"}},"35":{"CQ":{"74":"5"},"Q6":{"XV":"5"},"72":{"RQ":"5"},"6X":{"H2":"5"},"9G":{"W6":"5","V5":"5","W7":"5"},"GF":{"WC":"5"}},"FV":{"XX":{"XR":"5"}},"9C":{"99":{"P3":"5","M3":"5","Q3":"5","M2":"5","M4":"5","Q4":"5","Q5":"5","P4":"5","P2":"5","P5":"5"}},"44":{"P9":{"H5":"5"},"6Q":{"CG":"5","8C":"5","89":"5","58":"5","9F":"5","79":"5"}},"47":{"93":{"QG":"5"},"92":{"7M":"5","3C":"5","6J":"5"}},"4V":{"VJ":{"55":"5"}},"45":{"3H":{"2Q":"5"},"FW":{"GH":"5"}},"7P":{"4P":{"WH":"5"}},"5P":{"GC":{"5P":"5"},"56":{"WX":"5"},"66":{"3W":"5"}},"2P":{"2Q":{"JJ":"5","JH":"5"},"CF":{"7Q":"5"},"9F":{"V9":"5","VF":"5","Q8":"5","Q7":"5"},"F5":{"4M":"5"}},"CC":{"PR":{"8X":"5"}},"27":{"XV":{"MV":"5","MR":"5","PW":"5","PR":"5"},"23":{"FH":"5"},"CP":{"CX":"5","9X":"5"},"CQ":{"93":"5","C3":"5","92":"5","F4":"5","C2":"5"},"XC":{"2M":"5"},"W3":{"8J":"5"},"XW":{"J3":"5","H3":"5","H2":"5"},"MP":{"9M":"5","FM":"5","CG":"5","FH":"5","9H":"5","CM":"5","CH":"5","FJ":"5","CJ":"5","9J":"5","9G":"5"},"PW":{"4F":"5","3C":"5","4C":"5","3F":"5"}},"57":{"MH":{"Q8":"5","Q9":"5"},"GX":{"PW":"5","GR":"5"},"3V":{"G4":"5"},"HC":{"MP":"5","PP":"5","PM":"5","MM":"5"}},"7J":{"C4":{"P2":"5"}},"33":{"2Q":{"2X":"5","5M":"5"},"2R":{"54":"5"}},"2F":{"R2":{"RX":"5"},"XX":{"3R":"5","5R":"5"},"29":{"J2":"5","J5":"5","J6":"5"},"28":{"RH":"5","QH":"5","R9":"5","W9":"5","RF":"5","RC":"5","JX":"5"},"36":{"8F":"5","8C":"5","26":"5"}},"9M":{"RP":{"FC":"5"}},"4J":{"32":{"46":"5","37":"5"},"FJ":{"76":"5"}},"49":{"CM":{"WR":"5"},"HC":{"PG":"5"},"Q2":{"8H":"5"},"27":{"M2":"5"}},"48":{"XJ":{"9M":"5"},"95":{"MR":"5"},"RX":{"CW":"5"},"F7":{"78":"5","88":"5","7G":"5","FG":"5","79":"5"},"75":{"9M":"5","9Q":"5"}},"7Q":{"CC":{"FX":"5","9X":"5"}},"3H":{"JH":{"FX":"5"}},"3F":{"P5":{"2R":"5"}},"XP":{"4X":{"9H":"5"}},"4P":{"F7":{"Q9":"5"},"5V":{"XG":"5","WG":"5","XH":"5"}},"2Q":{"FH":{"JP":"5"},"CC":{"CM":"5"},"FC":{"7G":"5"},"89":{"2J":"5"},"F9":{"7Q":"5"},"9G":{"PV":"5"},"C9":{"PJ":"5","MM":"5","XQ":"5"},"9F":{"W2":"5"},"C2":{"78":"5"}},"34":{"7G":{"64":"5"},"22":{"Q4":"5"},"7F":{"8J":"5","46":"5","47":"5","56":"5","57":"5","RM":"5"}},"2C":{"G4":{"GM":"5","HR":"5","GP":"5","HV":"5","HW":"5","GJ":"5","HP":"5","HX":"5","HQ":"5"},"QF":{"6J":"5"},"G5":{"H2":"5","J6":"5","M9":"5","J7":"5","J5":"5","J3":"5","M8":"5","J4":"5","M7":"5","MC":"5","J2":"5","MF":"5"}},"4F":{"R4":{"VX":"5","F7":"5","GC":"5"}},"5F":{"RJ":{"JR":"5"},"7X":{"MW":"5","HV":"5"},"94":{"6G":"5","3W":"5"}},"R2":{"VW":{"QW":"5"}},"CG":{"CG":{"QX":"5","VV":"5","RX":"5","VX":"5","RW":"5","WW":"5","WX":"5","VW":"5","RV":"5","WV":"5"},"CH":{"R2":"5","V2":"5","R4":"5","W3":"5","Q3":"5","W4":"5","V3":"5","V4":"5","Q2":"5","W2":"5","R3":"5"}},"3J":{"FW":{"QW":"5"},"PC":{"M9":"5"}},"GC":{"24":{"49":"5","58":"5","36":"5","39":"5"}},"4Q":{"V9":{"6Q":"5"},"4F":{"HG":"5"},"VC":{"45":"5","55":"5"}},"2H":{"4M":{"WC":"5"}},"78":{"X4":{"M4":"5"}},"43":{"9R":{"H7":"5"},"WW":{"F2":"5"},"VG":{"JX":"5"},"WX":{"V6":"5"},"VW":{"H9":"5","G8":"5","GC":"5","HC":"5"}},"38":{"2F":{"76":"5"},"M9":{"CM":"5"},"43":{"QC":"5"},"25":{"XH":"5"}},"8C":{"MM":{"X6":"5"}},"67":{"86":{"MG":"5"}},"56":{"XC":{"X3":"5"},"XV":{"23":"5"}},"2R":{"Q6":{"FM":"5","74":"5","93":"5"},"G8":{"HJ":"5"},"CP":{"FH":"5"},"Q5":{"9X":"5"},"H8":{"2C":"5"}},"22":{"PP":{"35":"5","49":"5","29":"5","28":"5","39":"5","25":"5"},"MP":{"X9":"5"},"PQ":{"38":"5","49":"5","48":"5","3C":"5","4C":"5","39":"5"},"R8":{"C9":"5"},"7P":{"7H":"5","6H":"5","7C":"5","7J":"5","6C":"5","79":"5"},"6Q":{"F9":"5"}},"58":{"MG":{"M7":"5"},"J9":{"MC":"5","M5":"5","Q9":"5"},"GM":{"FR":"5","HW":"5","FV":"5","CJ":"5","GW":"5"},"MJ":{"84":"5"},"GG":{"95":"5","H8":"5","W7":"5","X3":"5","C6":"5","JF":"5","C3":"5","R5":"5","Q7":"5","R7":"5","6H":"5","V2":"5","RC":"5","F2":"5","C2":"5","VC":"5","V8":"5","H2":"5","Q6":"5","G8":"5","V5":"5","V9":"5","P7":"5","J4":"5","P3":"5","84":"5","6J":"5","R3":"5","R2":"5","M4":"5","F3":"5","R9":"5","93":"5","P5":"5"},"HJ":{"MH":"5"},"JF":{"2V":"5","3V":"5","6P":"5","4W":"5","3W":"5"},"FP":{"C8":"5"},"GP":{"G3":"5"},"PR":{"Q2":"5"},"GR":{"H8":"5"},"8G":{"G7":"5"},"87":{"MV":"5","HC":"5"},"G6":{"2Q":"5"},"7C":{"6P":"5"},"PJ":{"29":"5","28":"5"},"JG":{"23":"5","2P":"5"},"G3":{"XF":"5"},"CV":{"7J":"5","6J":"5"},"HH":{"87":"5","78":"5","P4":"5","CH":"5","CW":"5","P5":"5","79":"5"},"2H":{"HQ":"5"},"GF":{"FH":"5","HP":"5","HQ":"5","GP":"5","MQ":"5","G9":"5","GH":"5","9R":"5","9W":"5","HV":"5","GQ":"5","JV":"5","W5":"5","MW":"5","QX":"5","MR":"5","9X":"5","CW":"5","HW":"5","VX":"5","QW":"5","V8":"5","QH":"5","9V":"5","HH":"5","FM":"5","FX":"5","CX":"5","9J":"5","R4":"5","JQ":"5","QQ":"5","FP":"5","6C":"5","PR":"5","MV":"5","JW":"5","QM":"5","W4":"5","W6":"5","PX":"5","JR":"5","6W":"5"},"PQ":{"8H":"5","7M":"5","6H":"5","6J":"5"},"HG":{"56":"5","4M":"5","64":"5","23":"5","44":"5","55":"5","26":"5","86":"5","6R":"5","29":"5","36":"5","65":"5","35":"5","5M":"5"},"7F":{"72":"5","67":"5"},"HF":{"RH":"5","5P":"5","RJ":"5","27":"5","36":"5"},"FC":{"X7":"5"},"GC":{"2F":"5","2C":"5","29":"5","6W":"5","28":"5","PF":"5","3C":"5","27":"5","RV":"5"},"R9":{"32":"5","33":"5"}},"R3":{"3X":{"RH":"5"}},"RH":{"RX":{"Q8":"5"}},"2W":{"QM":{"44":"5"},"96":{"PF":"5"},"FC":{"RC":"5"},"WQ":{"V2":"5"},"CP":{"66":"5"}},"3X":{"8G":{"4X":"5","5X":"5"},"GX":{"5J":"5"},"8H":{"52":"5","42":"5"},"4W":{"RQ":"5"}},"CP":{"CQ":{"GR":"5","JM":"5"},"CH":{"CP":"5"}},"42":{"RP":{"MR":"5"},"5C":{"F7":"5"}},"J7":{"FM":{"94":"5","C4":"5"},"FJ":{"2F":"5","7X":"5","3F":"5","3G":"5"}},"69":{"RW":{"C5":"5","F6":"5","C6":"5","F4":"5","F5":"5"},"2H":{"3X":"5"}},"6G":{"2M":{"RJ":"5"}},"3W":{"Q2":{"G2":"5"},"W2":{"3R":"5"}},"3G":{"FR":{"CQ":"5"},"JX":{"CM":"5"}},"28":{"P2":{"87":"5"},"96":{"2F":"5"},"W3":{"94":"5"},"H4":{"HH":"5"}},"84":{"W9":{"FC":"5","F9":"5"},"6P":{"Q4":"5","Q5":"5"},"59":{"RR":"5","RQ":"5"}},"72":{"6H":{"3G":"5"}},"52":{"2Q":{"PC":"5"},"V8":{"3Q":"5"},"45":{"F7":"5"}}},"index":{"university,1|retail,2|tourism,3|wreck,4|historical,5|artsCulture,6|namedBuilding,7|water,8|wetland,9|park,10|beach,11|natureReserve,12|cemetery,13|trail,14":{}}}