{"96":{"C8":{"P5":{"MJ":"5"}},"J9":{"RW":{"66":"5"}},"23":{"3P":{"77":"5"}},"X3":{"MM":{"9W":"5"}},"W2":{"3Q":{"2F":"4"}},"3X":{"79":{"5X":"5"}},"54":{"X5":{"QM":"5"}},"7P":{"7Q":{"2Q":"5"}},"73":{"Q4":{"M6":"5"}},"99":{"2M":{"3V":"5"}},"4V":{"WH":{"CF":"5"}},"38":{"25":{"CG":"5"}},"87":{"GQ":{"4P":"5"}},"W3":{"64":{"RG":"5"},"V2":{"8X":"4"},"V3":{"82":"4","6H":"5"}},"74":{"Q5":{"24":"5","23":"5"},"P4":{"GM":"5"}},"22":{"MC":{"MV":"5"},"M2":{"5P":"5","HR":"5","6P":"5","5H":"5","9V":"5","HV":"5","9X":"5","7Q":"5","7V":"5","9W":"5","6Q":"5","8W":"5","8V":"5","HW":"5","7R":"5","MF":"5","5M":"5"},"F3":{"XJ":"5"},"G3":{"3P":"5"},"6G":{"HM":"5"}},"35":{"58":{"RC":"5"}},"24":{"3H":{"74":"5","83":"5","75":"5","85":"5","84":"5"},"4M":{"RG":"5","RF":"5","PF":"5"},"9P":{"QQ":"5"}},"42":{"V6":{"V9":"5","V8":"5"}},"RM":{"GQ":{"F8":"5"}},"25":{"32":{"46":"5","8F":"5"},"24":{"9H":"5"},"J2":{"H7":"5","J7":"5"},"F2":{"XJ":"5"},"7W":{"4R":"5","7Q":"5"},"33":{"M7":"5","M6":"5","M5":"5"},"43":{"VV":"5","68":"5","69":"5","79":"5"},"26":{"3G":"5"},"RM":{"C6":"5"}},"X2":{"RW":{"MR":"5"}},"C7":{"QW":{"67":"4"},"QR":{"CG":"5"},"QQ":{"WP":"5"}},"P5":{"8X":{"F7":"5"}},"2C":{"33":{"WH":"5"}}},"index":{"university,1|retail,2|tourism,3|wreck,4|historical,5|artsCulture,6|namedBuilding,7|water,8|wetland,9|park,10|beach,11|natureReserve,12|cemetery,13|trail,14":{}}}