{"index":{"university,1|retail,2|tourism,3|wreck,4|historical,5|artsCulture,6|namedBuilding,7|water,8|wetland,9|park,10|beach,11|natureReserve,12|cemetery,13|trail,14":{}},"98":{"56":{"76":{"2X":"5"},"67":{"X2":"5"},"66":{"XX":"5"},"25":{"RP":"5","RR":"5","RQ":"5"}},"PC":{"6F":{"66":"5"},"57":{"J5":"5","H3":"5","F3":"5","F6":"5","G5":"5","H4":"5"},"77":{"PF":"4"},"58":{"H2":"4"},"36":{"C9":"4"},"98":{"CP":"5","9P":"5"}},"GM":{"XV":{"5M":"5"},"WX":{"M8":"5","R2":"5"}},"FQ":{"X7":{"WH":"5","VG":"5","VH":"5","WJ":"5","WG":"5"}},"R8":{"W8":{"VH":"5","MG":"5","QQ":"5"}},"34":{"CW":{"95":"5","FW":"5","85":"5","84":"5"}},"FP":{"XR":{"PQ":"5"}},"GP":{"CQ":{"R4":"5"},"G4":{"6J":"5"},"FQ":{"G2":"5"},"HP":{"26":"5","25":"5"},"GP":{"X6":"5"},"FJ":{"8X":"5","8W":"5","9W":"5","9V":"5","8V":"5"},"CJ":{"J8":"5","J7":"5"},"7V":{"MF":"5"},"R6":{"H9":"5"},"XH":{"QG":"5","QH":"5","PF":"5","PH":"5","PG":"5"},"GF":{"46":"5","45":"5"},"4P":{"JF":"5"},"H6":{"F2":"5"}},"X8":{"F3":{"M2":"5"}},"55":{"P2":{"FM":"5","FP":"5","GP":"5"}},"GQ":{"CF":{"X7":"5"}},"36":{"HF":{"X8":"5"},"89":{"XR":"5"}},"VF":{"28":{"47":"5"},"3J":{"77":"4"}},"WC":{"RR":{"C5":"5"}},"XC":{"6W":{"C3":"5","92":"5","C4":"5"},"3V":{"HQ":"5"},"6V":{"2F":"5","8V":"5"}},"35":{"F2":{"FV":"5"},"77":{"Q6":"5"},"G6":{"VH":"5"},"PH":{"CP":"5","C8":"5","J9":"5","FV":"5","9F":"5","PC":"5","GM":"5","H8":"5","J5":"5","9M":"5","FQ":"5","M8":"5","P9":"5","96":"5","CM":"5","F9":"5","M5":"5","FH":"5","C6":"5","GG":"5","HJ":"5","FF":"5","J2":"5","F4":"5","JF":"5","M6":"5","FP":"5","GP":"5","HM":"5","FJ":"5","F2":"5","99":"5","97":"5","GJ":"5","GR":"5","P4":"5","9J":"5","FR":"5","FM":"5","H2":"5","G6":"5","G9":"5","G8":"5","CF":"5","H5":"5","M9":"5","HR":"5","89":"5","GQ":"5","JG":"5","F5":"5","CJ":"5","J4":"5","G3":"5","JC":"5","CR":"5","9H":"5","98":"5","H6":"5","G4":"5","G2":"5","9G":"5","CV":"5","F7":"5","HV":"5","HH":"5","H7":"5","FG":"5","MC":"5","HQ":"5","C5":"5","GF":"5|4","C9":"5","J6":"5","J8":"5","H3":"5","9C":"5","HG":"5","J7":"5","HF":"5","MF":"5","HC":"5","F6":"5","CC":"5","FC":"5","8C":"5","CH":"5","G5":"5","M7":"5","M4":"5","J3":"5","GC":"5","F3":"5","G7":"5","GV":"5","H4":"5","C7":"5","C4":"5","GH":"5","CG":"5","F8":"5","H9":"5","CQ":"5","HP":"5"},"F4":{"6R":"5"},"PG":{"GX":"5","HX":"5"}},"24":{"JR":{"MG":"5"}},"MX":{"J9":{"G6":"5"}},"W9":{"P5":{"84":"5","9X":"5"},"P4":{"6W":"5","5J":"5"}},"HG":{"X8":{"VJ":"5","WJ":"5"}},"XF":{"Q3":{"57":"5","58":"5"}},"MF":{"38":{"QG":"5"}},"PF":{"69":{"PX":"5"},"8H":{"XQ":"5"},"CQ":{"MR":"5","QW":"5"},"CP":{"6X":"5"},"9J":{"F7":"5"},"7C":{"23":"5"},"CR":{"8G":"5"},"75":{"52":"5"},"7F":{"RR":"5"},"68":{"82":"5"}},"R9":{"V4":{"WQ":"5"}},"46":{"P5":{"MC":"5"},"69":{"XQ":"5"}},"HP":{"4F":{"RQ":"5"},"5F":{"4M":"5"},"58":{"4W":"5"}}}}