{"99":{"QW":{"Q3":{"3V":"5"},"WC":{"VV":"5"},"3F":{"57":"5"},"CQ":{"4X":"5","4W":"5"},"84":{"PJ":"5"},"QF":{"JH":"5"},"57":{"5V":"5"},"MG":{"Q7":"5"},"P8":{"29":"5"},"XG":{"2G":"5","2F":"5","29":"5","3F":"5","3G":"5"},"C7":{"93":"5"},"94":{"68":"5","58":"5"},"65":{"WV":"5"}},"QX":{"GJ":{"22":"5"},"H3":{"RW":"5"},"HM":{"56":"5"}},"RX":{"2H":{"99":"5","8C":"5","89":"5","9C":"5"}},"Q4":{"Q3":{"GC":"5"},"J9":{"77":"5"},"V6":{"95":"5","94":"5"}},"Q5":{"W8":{"RJ":"5","Q7":"5","WQ":"5","RC":"5","QC":"5","VP":"5","Q6":"5","RH":"5","VQ":"5","P7":"5","QF":"5","VJ":"5","RM":"5","VH":"5","RF":"5","VM":"5","Q9":"5","Q8":"5","P6":"5","R9":"5","Q5":"5","P5":"5","RG":"5"}},"RR":{"3F":{"2P":"5"},"3V":{"FC":"5","9F":"5","GF":"5"},"26":{"63":"5"},"8R":{"PV":"5","PR":"5"},"9X":{"R7":"5","R9":"5","R6":"5"},"CW":{"H3":"5","8F":"5","H4":"5","J5":"5","F3":"5","J3":"5","H5":"5","J4":"5"},"CV":{"CW":"5","CX":"5","FX":"5"},"4G":{"5V":"5"}},"6P":{"H7":{"88":"5"}},"PR":{"W5":{"FJ":"5"},"Q3":{"3Q":"5","2X":"4","2P":"5"},"W4":{"89":"5","6X":"5","79":"5"},"WP":{"GR":"5"},"Q9":{"88":"5"},"R7":{"8C":"5"},"Q8":{"46":"5","2X":"5","39":"5"},"V7":{"XH":"5","XQ":"5"},"W3":{"26":"5"},"WM":{"XX":"5"},"R2":{"RJ":"5","5J":"5"}},"MW":{"V9":{"4R":"5"},"VJ":{"47":"5","3P":"5","3G":"5"},"WH":{"5F":"5"},"R7":{"PV":"5"},"WW":{"8M":"5"},"R8":{"FM":"5"}},"PX":{"25":{"R8":"5","JM":"5","V6":"5","R3":"5"},"5P":{"73":"5"},"4F":{"FG":"5","GG":"5","GF":"5","FF":"5"},"39":{"V6":"5"},"8P":{"GC":"5"},"3V":{"GP":"5"},"26":{"Q3":"5"},"8V":{"GG":"5"},"4G":{"FC":"5"}},"QQ":{"MX":{"Q6":"5"},"GG":{"HV":"5"}},"MX":{"CQ":{"G3":"5"},"FR":{"89":"5"},"WP":{"JP":"5"},"CP":{"MR":"5","GV":"5","PR":"5","MX":"5","PQ":"5","MQ":"5","PG":"5"},"CM":{"GX":"5","QX":"5"},"WX":{"4H":"5","4G":"5"},"W2":{"WJ":"5"}},"RV":{"38":{"XQ":"5"},"7W":{"Q6":"5"},"22":{"G5":"5"},"7Q":{"96":"5","95":"5","76":"5","77":"5","75":"5","87":"5","97":"5"},"24":{"PP":"5","99":"5","FC":"5","9C":"5","PM":"5","98":"5"},"6F":{"PJ":"5","MJ":"5"},"3H":{"96":"5"},"85":{"V4":"5"},"7R":{"3X":"5"}},"QV":{"R8":{"RF":"5"},"WH":{"FG":"5"},"VJ":{"2Q":"5","PF":"5"},"2C":{"VQ":"4"},"5G":{"GV":"5"},"VP":{"R4":"5"},"HV":{"MR":"5"},"95":{"GP":"5"},"JW":{"38":"5"},"93":{"FP":"5"},"J2":{"GX":"5"},"HC":{"26":"5","25":"5"}},"MC":{"85":{"M8":"4"}},"PV":{"38":{"J6":"5"},"X7":{"R2":"5"},"RP":{"CQ":"5"},"8X":{"93":"5"},"2C":{"4V":"5"},"2W":{"HG":"5"},"W2":{"PG":"5"},"JM":{"86":"5","87":"5"},"2X":{"64":"5","7P":"5"},"X2":{"CJ":"5"},"8W":{"54":"5","88":"5","92":"5"},"X6":{"VX":"5"},"2P":{"4M":"5"},"HX":{"FF":"5"}},"QR":{"Q2":{"Q4":"5"},"M2":{"C8":"5","C9":"5"},"HR":{"GJ":"5"},"M9":{"MX":"5"},"X7":{"F8":"5"},"VC":{"G4":"5"},"PQ":{"MV":"5"},"VF":{"H9":"5"},"J3":{"R9":"5","Q9":"5","R6":"5"},"G7":{"G6":"5"},"WG":{"34":"5"},"XM":{"JC":"5"}},"PW":{"GQ":{"3W":"5"},"4W":{"2W":"5"},"33":{"QP":"5"},"34":{"J7":"5"},"9G":{"3W":"5"},"42":{"82":"5","QP":"5"},"C9":{"HP":"5"},"43":{"W5":"5","X8":"5","V5":"5","2J":"5","X9":"5","V6":"5","R5":"5","V3":"5","R3":"5","3V":"5","RC":"5","R4":"5","V7":"5","VP":"5","JG":"5","CH":"5","W6":"5","X6":"5","GR":"5","PP":"5","X4":"5","JJ":"5","V2":"5","W9":"5"},"G8":{"M5":"5"},"44":{"RH":"5","RG":"5","VG":"5"},"55":{"48":"5","58":"5"},"7W":{"6H":"5"},"3Q":{"2M":"5"},"22":{"8J":"5"},"52":{"43":"5"},"45":{"7M":"5"},"7V":{"4H":"5","5H":"5","4G":"5","6G":"5","5G":"5","6H":"5","3F":"5"},"G3":{"QH":"5","PG":"5"},"58":{"8F":"5","8C":"5","6M":"5"},"2R":{"38":"5","29":"5"},"3X":{"W4":"5"},"32":{"CR":"5","7P":"5"},"CF":{"3R":"5"},"46":{"RC":"5","V6":"5"},"54":{"FH":"5","6X":"5","7Q":"5","7R":"5"}},"MV":{"RH":{"JM":"4","JJ":"4"},"WH":{"FJ":"5"},"R7":{"6Q":"5"},"VH":{"86":"5"},"R8":{"97":"5"},"XF":{"HR":"5"}}},"index":{"university,1|retail,2|tourism,3|wreck,4|historical,5|artsCulture,6|namedBuilding,7|water,8|wetland,9|park,10|beach,11|natureReserve,12|cemetery,13|trail,14":{}}}