{"9M":{"8W":{"99":{"76":"5","85":"5"}},"89":{"2J":{"PF":"5"},"6Q":{"38":"5","46":"5","RG":"5","7H":"5","62":"5","48":"5","45":"5","59":"5"},"6R":{"55":"5"},"6P":{"4R":"5"}},"83":{"W3":{"92":"5"}},"32":{"W5":{"7G":"5","7H":"5"},"X9":{"W2":"5"},"M9":{"QJ":"5"},"JQ":{"3V":"5"},"V7":{"W7":"5"},"V4":{"C8":"5","F8":"5","C9":"5"},"FQ":{"X4":"5"},"95":{"6Q":"5","6P":"5"},"7C":{"RW":"5","RV":"5"},"QV":{"4R":"5","6R":"5","6V":"5","5R":"5"},"9H":{"3G":"5"},"J2":{"WG":"5"},"HQ":{"3G":"5"},"GV":{"JW":"5"}},"95":{"MH":{"M6":"5"},"PH":{"4F":"5","6M":"5"}},"V2":{"R3":{"FM":"5"}},"26":{"QR":{"W7":"5"},"WQ":{"J8":"5","J9":"5"},"HX":{"94":"5"},"XQ":{"X7":"5"}},"5C":{"M3":{"QM":"5","RJ":"5","V8":"5","V6":"5","PM":"5"},"PX":{"9J":"5","5R":"5"},"M2":{"XF":"5","WX":"5"},"M5":{"M3":"5"},"M4":{"GV":"5","GP":"5"}},"7J":{"XJ":{"66":"5"},"XX":{"V5":"5","VF":"5"},"XV":{"VV":"5","WG":"5","H4":"5"},"XP":{"9V":"5","2W":"5"},"X9":{"7J":"5"},"XH":{"8M":"5","PM":"5","9G":"5"},"WV":{"GV":"5"},"X8":{"3C":"5"},"XQ":{"R6":"5"}},"V8":{"CG":{"R5":"5"},"FH":{"88":"5","8F":"5"},"FG":{"4R":"5","4P":"5"},"5R":{"35":"5","26":"5","36":"5","25":"5"}},"72":{"57":{"VJ":"5"}},"7W":{"V2":{"6G":"5","3H":"5"},"W2":{"RC":"5","Q3":"5","Q2":"5"}},"39":{"W4":{"63":"5"},"QJ":{"93":"5","F9":"5"},"5Q":{"H9":"5","G8":"5","Q8":"5","H8":"5","G9":"5"},"6P":{"4X":"5"},"8P":{"PV":"5","PC":"5"},"CQ":{"FW":"5"},"3V":{"XW":"5"},"Q7":{"V7":"5","V8":"5","V4":"5"},"7P":{"MC":"5","CM":"5","CJ":"5"},"8R":{"W7":"5"},"FQ":{"3J":"5","3G":"5"},"6Q":{"6F":"5","2M":"5"},"WM":{"J4":"5"},"3X":{"QR":"5"},"9P":{"5R":"5"},"4V":{"5P":"5","5M":"5","G7":"5"}},"CV":{"9F":{"MH":"5","PC":"5","M5":"5","PH":"5"}},"CP":{"CJ":{"9C":"5"}},"7M":{"R6":{"RW":"5","VV":"5","RV":"5","RR":"5","VW":"5"}},"Q9":{"QX":{"R7":"5","R4":"5","R8":"5"}},"3M":{"7W":{"WM":"5"},"HV":{"3M":"5"},"9X":{"65":"5"}},"2J":{"P2":{"XJ":"5"},"P3":{"JH":"5"},"RM":{"8M":"5","7J":"5"}},"86":{"JV":{"29":"5","22":"5","3J":"5","2M":"5","4J":"5"},"FV":{"PV":"5","PC":"5","WJ":"5","XH":"5","P9":"5","QV":"5","WQ":"5","VV":"5","XG":"5","QC":"5","XJ":"5","QX":"5","QF":"5","WH":"5","XC":"5","WR":"5","XM":"5","XF":"5","PW":"5","PF":"5","Q9":"5","QW":"5","WG":"5","PX":"5"},"M6":{"FV":"5"},"GP":{"GJ":"5"},"FW":{"QW":"5","QX":"5","VV":"5","RW":"5","FX":"5","MW":"5","JX":"5","9X":"5","MX":"5","7Q":"5","CX":"5","VW":"5","58":"5","GX":"5","GR":"5","6V":"5","PV":"5","PW":"5","HX":"5"},"7G":{"QF":"5"},"5W":{"4V":"5"},"CX":{"XJ":"5","8G":"5","XC":"5","XG":"5","8H":"5","9H":"5","7C":"5","9G":"5","6C":"5"},"JX":{"2J":"5"},"HR":{"WG":"5"},"CW":{"VG":"5","WG":"5"},"V9":{"2J":"5"},"7R":{"WF":"5"},"6X":{"Q5":"5"},"GX":{"7G":"5","37":"5","4V":"5"},"HV":{"XJ":"5","RH":"5","36":"5"},"HW":{"J8":"5","R4":"5","P3":"5"},"8X":{"2C":"5"},"HQ":{"7Q":"5"},"5V":{"3J":"5"},"8R":{"28":"5"},"H3":{"3Q":"5","4P":"5"},"MM":{"V4":"5"},"G5":{"62":"5"},"GV":{"25":"5","37":"5","33":"5","34":"5","38":"5","56":"5","53":"5","43":"5","2G":"5","39":"5","64":"5","2C":"5","44":"5","63":"5","55":"5","2F":"5","26":"5","52":"5","45":"5","47":"5","48":"5","29":"5","36":"5","46":"5","54":"5","35":"5","2H":"5","27":"5","28":"5"},"93":{"9Q":"5"},"FX":{"M3":"5","C8":"5","J9":"5","23":"5","52":"5","H8":"5","J5":"5","F9":"5","M5":"5","C6":"5","J2":"5","F4":"5","JF":"5","C3":"5","6Q":"5","44":"5","6F":"5","FJ":"5","F2":"5","72":"5","97":"5","C2":"5","GR":"5","26":"5","H2":"5","G6":"5","G9":"5","G8":"5","H5":"5","F5":"5","CJ":"5","66":"5","J4":"5","G3":"5","V4":"5","82":"5","2G":"5","83":"5","H6":"5","G4":"5","G2":"5","CV":"5","69":"5","F7":"5","M2":"5","H7":"5","Q2":"5","P2":"5","C5":"5","C9":"5","J6":"5","32":"5","J8":"5","H3":"5","84":"5","QJ":"5","62":"5","J7":"5","F6":"5","8J":"5","G5":"5","M4":"5","J3":"5","Q8":"5","W6":"5","F3":"5","G7":"5","X7":"5","H4":"5","C7":"5","Q4":"5","C4":"5","6C":"5","F8":"5","H9":"5","86":"5"},"GW":{"3V":"5"},"8W":{"WQ":"5"}},"2M":{"P2":{"8F":"5"}},"78":{"RR":{"R2":"5"},"J7":{"95":"5"},"83":{"VH":"5","V6":"5","R6":"5","XV":"5","XF":"5","XW":"5","WR":"5","FH":"5","XG":"5","WV":"5"},"92":{"P2":"5","64":"5","P4":"5","7V":"5"},"44":{"53":"5"},"84":{"RH":"5","R2":"5"},"G4":{"C2":"5"},"62":{"X4":"5"},"C6":{"CQ":"5"},"95":{"52":"5","75":"5"},"M7":{"88":"5","8H":"5","9F":"5"},"48":{"R7":"5"},"F5":{"W8":"5"},"2R":{"44":"5"},"85":{"QF":"5","MF":"5","XM":"5","PF":"5"},"C5":{"CF":"5","CC":"5","FC":"5","F9":"5","FF":"5"},"93":{"4P":"5","5P":"5","4F":"5","4J":"5","2V":"5","6P":"5","5R":"5","GC":"5","CQ":"5","3V":"5","4R":"5","55":"5","3Q":"5","4Q":"5","3J":"5","G7":"5","G6":"5","6J":"5","FH":"5","6M":"5","4V":"5","3R":"5"},"FG":{"QX":"5"},"94":{"JM":"5","M4":"5","25":"5"},"C3":{"RX":"5","XQ":"5"}},"6X":{"9M":{"8H":"5"},"V2":{"VH":"5"},"W3":{"C8":"5","58":"5"},"V3":{"W7":"5"},"W2":{"2G":"5","5P":"5","7P":"5","7Q":"5"}},"7G":{"G9":{"FH":"5"}},"2C":{"52":{"M8":"5"},"28":{"H7":"5","QG":"5","QH":"5","J8":"5","J7":"5"},"2J":{"2X":"5"},"63":{"2J":"5"},"X3":{"WC":"5"},"3X":{"3V":"5"},"3F":{"JQ":"5","HP":"5","JP":"5","HQ":"5"},"V6":{"J3":"5"},"27":{"5H":"5","5J":"5","6J":"5"},"54":{"MH":"5","MF":"5","MG":"5","PM":"5","MM":"5"},"2F":{"RV":"5","RR":"5"},"39":{"R4":"5","C2":"5","R3":"5"},"53":{"RP":"5","JF":"5"},"3H":{"F6":"5"},"P4":{"W6":"5","X6":"5","W7":"5"},"38":{"8G":"5","67":"5","CH":"5","57":"5","PF":"5","FH":"5","7G":"5","F9":"5","FG":"5","FJ":"5","68":"5"},"26":{"GJ":"5","HJ":"5","GG":"5","GH":"5","HH":"5"},"55":{"J3":"5","H3":"5","8R":"5","9W":"5"},"57":{"F8":"5"},"37":{"GV":"5","CV":"5","FV":"5","GR":"5","CX":"5"},"JQ":{"78":"5","64":"5","8F":"5"},"V7":{"X4":"5"},"HV":{"M2":"5"},"JP":{"FR":"5","FV":"5"},"Q2":{"6Q":"5","6R":"5"},"3C":{"JW":"5","JV":"5","FQ":"5","FP":"5","GP":"5","PR":"5","JR":"5","QR":"5","MR":"5","WW":"5","FM":"5","HR":"5","JQ":"5","V7":"5","HQ":"5","VW":"5","VX":"5","Q5":"5","P5":"5","HP":"5"},"2X":{"RW":"5","RV":"5"},"P3":{"J9":"5","H8":"5","G6":"5","H5":"5","WC":"5","H6":"5","G4":"5","H7":"5","J6":"5","J8":"5","RF":"5","XF":"5","J7":"5","WF":"5","G5":"5","G7":"5","H4":"5","H9":"5"},"25":{"6H":"5","6M":"5"},"G7":{"C7":"5"},"47":{"9G":"5"}},"3P":{"M8":{"W5":"5","V6":"5"},"PC":{"FW":"5","34":"5","9G":"5","M2":"5","J6":"5","FV":"5","CQ":"5","FQ":"5","M6":"5","3M":"5","9H":"5","CR":"5"},"PF":{"F2":"5"},"VC":{"7M":"5"},"Q9":{"54":"5","55":"5"},"QC":{"6F":"5"},"W8":{"W8":"5"}},"38":{"QM":{"8R":"5","8V":"5"},"63":{"2J":"5","3J":"5","2H":"5"},"53":{"XJ":"5","XH":"5"},"34":{"37":"5"},"92":{"X2":"5"},"W8":{"QW":"5"},"VP":{"MP":"5","PM":"5"},"RQ":{"GQ":"5"}},"54":{"P3":{"V3":"5"},"5F":{"J5":"5","93":"5","J4":"5"},"R9":{"76":"5"},"38":{"CQ":"5","FQ":"5","CR":"5"},"GM":{"4G":"5"},"96":{"3P":"5"},"56":{"M2":"5"},"C9":{"GV":"5"},"2V":{"PC":"5","JW":"5"},"8X":{"8J":"5","8M":"5","8H":"5","8W":"5","7R":"5"},"5Q":{"JM":"5"},"6P":{"PJ":"5"},"5H":{"HF":"5"},"2W":{"9J":"5"},"F8":{"39":"5"},"Q8":{"M8":"5","M7":"5","P8":"5","P7":"5"},"CJ":{"7C":"5","6C":"5"},"CM":{"7V":"5"},"72":{"38":"5","48":"5"},"CH":{"9X":"5"},"7Q":{"2M":"5"},"CX":{"J3":"5","RX":"5","H3":"5"},"G3":{"HF":"5"},"CV":{"63":"5"},"8W":{"PH":"5"},"CF":{"RF":"5"},"FJ":{"VV":"5","VR":"5","WR":"5","WV":"5"}},"43":{"25":{"52":"5"},"66":{"35":"5","36":"5"},"MC":{"5M":"5"},"5H":{"23":"5"},"V4":{"62":"5"},"C5":{"Q4":"5"},"85":{"XQ":"5"},"7F":{"JR":"5"},"HV":{"PG":"5"},"FR":{"MP":"5"},"Q9":{"83":"5"},"PM":{"H8":"5"},"X6":{"R8":"5"},"VW":{"8C":"5"},"7W":{"CG":"5"},"H9":{"5H":"5","5G":"5"},"4V":{"62":"5"},"WM":{"88":"5"},"JJ":{"5P":"5","CW":"5"},"5P":{"38":"5"},"2P":{"4C":"5"},"5C":{"X2":"5"},"6P":{"J2":"5"},"HX":{"8X":"5"},"W7":{"QR":"5"},"XJ":{"C9":"5"},"65":{"H6":"5"},"J6":{"99":"5","8C":"5","89":"5","9C":"5","M5":"5","J6":"5"},"V3":{"73":"5"},"PJ":{"3H":"5","6M":"5","3F":"5","4J":"5"},"QV":{"CC":"5","C9":"5"},"3R":{"63":"5"},"W3":{"44":"5"},"64":{"6F":"5","5H":"5","7H":"5","6G":"5","5G":"5","6H":"5"},"MP":{"R4":"5"},"HG":{"32":"5"},"XM":{"QJ":"5"},"CH":{"G7":"5"},"GV":{"CX":"5"},"95":{"2V":"5"},"J7":{"P5":"5","P4":"5"},"69":{"5V":"5","4Q":"5","6R":"5","6V":"5"}},"48":{"R9":{"32":"5"},"G8":{"RM":"5"},"8X":{"JQ":"5"},"2G":{"6W":"5","4Q":"5","7R":"5","6V":"5"},"HG":{"GW":"5"},"HF":{"24":"5"},"PC":{"J3":"5"},"FQ":{"72":"5"},"CW":{"V5":"5"},"M6":{"MX":"5"},"F6":{"MH":"5"},"RF":{"VF":"5"},"75":{"WW":"5"},"M5":{"FW":"5"},"2H":{"22":"5"}},"22":{"96":{"FH":"5","QP":"5","X7":"5","XH":"5"},"97":{"86":"5","V6":"5"},"86":{"V9":"5"},"C6":{"4Q":"5","4W":"5","5Q":"5"},"G3":{"7F":"5"},"F4":{"QR":"5"},"C5":{"3M":"5"},"MM":{"3F":"5","9V":"5","2F":"5","8Q":"5","8R":"5","9R":"5","7Q":"5","6J":"5","8V":"5","6M":"5","4C":"5","3G":"5"},"QR":{"5F":"5"},"MF":{"G5":"5"},"PW":{"CJ":"5"},"C7":{"V8":"5","53":"5","J7":"5","5R":"5","74":"5","86":"5","62":"5","52":"5","24":"5","85":"5","32":"5","75":"5"},"98":{"47":"5"}},"C3":{"WH":{"FP":"5","FQ":"5","GR":"5"},"PF":{"4W":"5"}},"75":{"25":{"4J":"5"},"8J":{"44":"5","69":"5","28":"5"},"5P":{"5W":"5","5X":"5"},"56":{"XG":"5"},"4J":{"X2":"5"},"5Q":{"4X":"5"},"23":{"Q4":"5"},"3F":{"66":"5"},"4R":{"W3":"5"},"22":{"CC":"5"},"XR":{"W5":"5"},"HH":{"FW":"5"},"4V":{"8J":"5","8M":"5","7P":"5"},"75":{"8R":"5"},"C7":{"M2":"5"},"54":{"49":"5"}},"7V":{"WX":{"MV":"5","PR":"5"},"QJ":{"VR":"5"}},"53":{"2J":{"PP":"5","QH":"5"},"7J":{"XX":"5"},"8F":{"CW":"5","9W":"5","9X":"5"},"R7":{"G2":"5","6J":"5"},"97":{"J8":"5"},"GJ":{"7C":"5"},"V8":{"JH":"5"},"8G":{"C3":"5"},"CW":{"JV":"5"},"F5":{"6C":"5"},"JG":{"WR":"5"},"VH":{"JV":"5"},"6J":{"6F":"5"},"HC":{"95":"5"},"R2":{"FW":"5","94":"5"},"Q9":{"V3":"5","P4":"5","R3":"5"},"WF":{"C9":"5"},"Q8":{"XX":"5","VC":"5","WX":"5"},"X6":{"68":"5","56":"5","67":"5"},"RG":{"2H":"5"}},"4G":{"J3":{"H7":"5","MC":"5","WM":"5"},"J4":{"W4":"5"}},"62":{"3Q":{"2C":"5","29":"5","39":"5"},"M8":{"8P":"5","8Q":"5"},"8F":{"MR":"5"},"3V":{"8W":"5"},"9G":{"38":"5"}},"57":{"FJ":{"G7":"5"},"Q4":{"VC":"5"},"J3":{"RH":"5"},"V6":{"X9":"5"},"F8":{"XV":"5"},"8V":{"H8":"5"},"W2":{"52":"5","65":"5"},"CF":{"2M":"5"},"9R":{"M5":"5"},"3M":{"J8":"5","H5":"5","J7":"5","WG":"5"},"M2":{"F3":"5"},"X5":{"2Q":"5","2P":"5"},"M3":{"MF":"5"},"97":{"JJ":"5"},"7R":{"WV":"5"},"CQ":{"75":"5"},"R6":{"V3":"5"},"P2":{"WM":"5"},"7W":{"2V":"5","57":"5","2W":"5"},"WM":{"X6":"5"},"H2":{"MX":"5"},"F2":{"M6":"5"},"57":{"7V":"5"},"H6":{"PQ":"5"},"CJ":{"C7":"5","F4":"5","H6":"5"},"FF":{"9F":"5"},"F9":{"F9":"5"},"7X":{"64":"5","5G":"5","36":"5"},"JP":{"C2":"5"},"3J":{"HQ":"5"},"FC":{"7X":"5"},"FG":{"32":"5"},"HJ":{"64":"5"},"8C":{"FP":"5"},"QC":{"H8":"5"},"XM":{"25":"5"},"CH":{"5M":"5","7H":"5"},"JR":{"P6":"5"},"QG":{"R5":"5"}},"6F":{"CW":{"4P":"5"},"QR":{"64":"5"},"8W":{"QQ":"5"},"J7":{"H2":"5"},"QJ":{"GH":"5"}},"M5":{"W7":{"GQ":"5","GR":"5"},"HV":{"H6":"5"}},"P4":{"23":{"33":"5"}},"36":{"2V":{"PF":"5"},"9M":{"JR":"5"},"X3":{"7C":"5"},"M8":{"69":"5","59":"5"},"C6":{"W5":"5"},"27":{"JM":"5"},"HJ":{"VV":"5"},"6Q":{"M4":"5"},"P4":{"P5":"5"},"VC":{"JF":"5"},"8Q":{"89":"5"},"XQ":{"94":"5"},"9P":{"5F":"5"},"J4":{"MQ":"5"},"XX":{"WH":"5","PV":"5","VH":"5","RF":"5","RC":"5","P8":"5","VQ":"5","VC":"5","Q9":"5"},"X4":{"9R":"5"},"P2":{"JR":"5"},"GF":{"5M":"5","6X":"5"},"XV":{"2G":"5","GV":"5","CV":"5","FV":"5","GW":"5"},"C9":{"2X":"5"},"9C":{"5F":"5"},"P3":{"W4":"5","W2":"5"},"VH":{"34":"5","26":"5"},"HC":{"75":"5"},"R3":{"Q2":"5"},"7H":{"RM":"5"},"H9":{"8X":"5"}},"49":{"63":{"86":"5"},"74":{"48":"5","58":"5"},"44":{"96":"5"},"23":{"QR":"5"},"QV":{"63":"5","62":"5","53":"5","CR":"5","9Q":"5"}},"3X":{"VM":{"QM":"5"},"RR":{"X9":"5"}},"96":{"54":{"M7":"5"},"72":{"H9":"5"}},"55":{"7Q":{"V6":"5"},"56":{"FH":"5","FJ":"5"},"FV":{"GJ":"5","RV":"5"},"95":{"XF":"5"},"9Q":{"38":"5","49":"5","58":"5","26":"5","25":"5"},"9M":{"F7":"5","FC":"5"},"7M":{"3R":"5"},"8F":{"XH":"5"},"6H":{"63":"5"},"39":{"X9":"5"},"FW":{"33":"5","23":"5"},"GR":{"4V":"5","7P":"5","JR":"5","4W":"5"},"VP":{"XC":"5","M2":"5","X9":"5","X8":"5"},"9V":{"CF":"5"},"CX":{"3W":"5"},"RH":{"96":"5"},"8Q":{"VQ":"5","WF":"5","FW":"5","R6":"5","FV":"5","X7":"5","PQ":"5","PR":"5","VJ":"5","QP":"5","Q9":"5","X5":"5","JQ":"5","JR":"5","V9":"5","WG":"5","HM":"5","X6":"5","XG":"5","XM":"5","MR":"5"},"29":{"3H":"5"},"89":{"P5":"5"},"GQ":{"69":"5"},"CW":{"HP":"5","CJ":"5","C9":"5","6J":"5"},"WC":{"WQ":"5"},"VF":{"R5":"5","HV":"5"},"9P":{"MH":"5","HW":"5","MW":"5","FW":"5","GW":"5"},"7R":{"W2":"5"},"6X":{"VC":"5"},"QF":{"C6":"5"},"9G":{"6X":"5"},"CV":{"4G":"5"},"8V":{"86":"5"},"JP":{"H7":"5","H4":"5"},"8X":{"85":"5"},"Q2":{"CQ":"5","GR":"5"},"MW":{"JG":"5"},"5V":{"9V":"5"},"8R":{"G2":"5"},"8M":{"XM":"5","PC":"5"},"8P":{"FV":"5"},"W8":{"5J":"5","4J":"5"},"QJ":{"WH":"5","WF":"5","5Q":"5"},"RP":{"RM":"5"},"9W":{"VR":"5","QR":"5","WJ":"5","RM":"5","RQ":"5"},"PF":{"HF":"5"},"VM":{"MX":"5","MW":"5"},"MM":{"9W":"5","9V":"5"},"8J":{"34":"5","5C":"5"},"WX":{"V9":"5","RC":"5"},"C7":{"M7":"5"},"WP":{"46":"5","47":"5","29":"5","28":"5","45":"5","27":"5"},"7H":{"XR":"5"},"86":{"7M":"5"},"RG":{"53":"5"}},"28":{"4F":{"XH":"5"},"FH":{"WC":"5","G2":"5"},"Q3":{"8X":"5","Q4":"5"},"FJ":{"4H":"5"},"P4":{"XM":"5","XP":"5"},"38":{"MR":"5"},"55":{"9G":"5"},"FM":{"38":"5"},"9V":{"X5":"5"},"CX":{"2G":"5"},"29":{"MM":"5"},"CJ":{"XG":"5","MC":"5","MF":"5","PC":"5"},"JC":{"CG":"5"},"CR":{"34":"5","2C":"5","29":"5","33":"5","23":"5"},"9R":{"XR":"5","XQ":"5"},"CV":{"4F":"5","4G":"5","5G":"5","27":"5","26":"5","3F":"5","3G":"5"},"Q2":{"XC":"5","XG":"5","XF":"5"},"8M":{"CV":"5"},"J8":{"V6":"5"},"HG":{"JF":"5","X4":"5","X5":"5"},"58":{"7H":"5","6C":"5"},"R3":{"8M":"5","7M":"5","7J":"5","6J":"5"},"R2":{"2G":"5","46":"5","2F":"5","2C":"5","29":"5","56":"5","3C":"5","45":"5","55":"5","39":"5"},"FC":{"Q6":"5"},"M7":{"MP":"5"},"5C":{"66":"5"},"P6":{"66":"5"},"X7":{"P7":"5"},"Q4":{"2J":"5"},"CQ":{"4C":"5"},"4G":{"XM":"5","XP":"5","XR":"5","XQ":"5"}},"4M":{"4W":{"WF":"5","VF":"5"},"R9":{"54":"5"},"H3":{"9F":"4"},"VC":{"H4":"5"},"3P":{"W6":"5"},"3Q":{"92":"5"},"V7":{"F6":"5"},"4Q":{"97":"5"},"3J":{"GQ":"5","GM":"5","HR":"5","GP":"5","CJ":"5","FM":"5","CH":"5","9H":"5","FP":"5","GR":"5","HQ":"5"}},"3J":{"GQ":{"M2":"5"}},"68":{"M3":{"MG":"5"},"66":{"P3":"5"},"M4":{"3X":"5","6R":"5","7Q":"5"},"FV":{"6W":"5"},"83":{"68":"5"},"J5":{"VX":"5","QQ":"5"},"74":{"M3":"5","P3":"5","M5":"5","Q7":"5","X7":"5"},"62":{"PJ":"5"},"XR":{"X7":"5"},"C8":{"64":"5","93":"5","JR":"5","7Q":"5"},"CC":{"MV":"5","MR":"5"},"88":{"CC":"5"},"CR":{"8G":"5"},"2P":{"43":"5"},"M5":{"88":"5","76":"5","HF":"5","77":"5","84":"5"}},"52":{"4W":{"MQ":"5"},"2V":{"9M":"5"},"Q4":{"6M":"5"},"R8":{"JV":"5"},"6P":{"X7":"5","X8":"5"},"3P":{"H9":"5","HC":"5"},"2W":{"GR":"5","QJ":"5"},"7P":{"38":"5","4X":"5","37":"5","2C":"5","29":"5","28":"5","3C":"5","27":"5","39":"5"},"72":{"3F":"5"},"C8":{"34":"5"},"6Q":{"P6":"5","Q4":"5","R4":"5","P5":"5","P3":"5","Q5":"5","Q3":"5","Q2":"5","P4":"5","R3":"5"},"2X":{"X4":"5"},"6R":{"53":"5"},"82":{"2W":"5"},"6V":{"R8":"5"},"7R":{"42":"5"}},"C4":{"9R":{"6J":"5"},"8W":{"62":"5","44":"5","73":"5","5C":"5"},"8V":{"8R":"5","W4":"5","8V":"5"}},"24":{"66":{"XP":"5"},"G5":{"M6":"5"},"76":{"CF":"5"},"H4":{"8V":"5"},"86":{"JG":"5","MF":"5","JF":"5"},"22":{"2J":"5"},"V4":{"3V":"5"},"72":{"58":"5"},"58":{"24":"5"},"CC":{"RF":"5"},"RF":{"97":"5"},"FC":{"XG":"5","G8":"5","CJ":"5"},"6M":{"GX":"5"},"2P":{"HP":"5","2R":"5"},"4G":{"HH":"5"},"2H":{"48":"5"}},"4F":{"92":{"G2":"5"}},"74":{"4W":{"MH":"5","6W":"5","C7":"5"},"5X":{"56":"5","G6":"5"},"2V":{"MW":"5"},"8P":{"4R":"5","4W":"5"},"3V":{"4M":"5"},"2W":{"CP":"5","9F":"5","H8":"5","P9":"5","GG":"5","V6":"5","6H":"5","X9":"5","FP":"5","6F":"5","FJ":"5","WW":"5","7G":"5","V8":"5","CF":"5","V5":"5","M9":"5","W3":"5","JG":"5","7X":"5","G3":"5","JC":"5","H7":"5","XW":"5","GF":"5","H3":"5","6J":"5","HF":"5","HC":"5","Q9":"5","CC":"5","M4":"5","J3":"5","WX":"5","W6":"5","P6":"5","R9":"5","X6":"5","8W":"5"},"3W":{"C5":"5","2G":"5","8J":"5","9H":"5","CJ":"5","G5":"5","F5":"5"},"8Q":{"32":"5"},"3J":{"MV":"5"},"CW":{"W7":"5"},"2X":{"H7":"5","24":"5","44":"5","GC":"5","GG":"5","HC":"5","75":"5","GF":"5"},"8V":{"F7":"5"},"3X":{"M9":"5","H4":"5","R3":"5","J9":"5","7Q":"5","6Q":"5","8W":"5","8V":"5","F4":"5","J8":"5","7R":"5"},"2M":{"4F":"5","58":"5","59":"5","2W":"5","39":"5"},"4V":{"GR":"5","2H":"5"},"4X":{"37":"5","6H":"5","Q9":"5"}},"8P":{"4H":{"5Q":"5","3V":"5","5W":"5","7Q":"5","8M":"5","6Q":"5","3H":"5","8V":"5","9Q":"5"},"3J":{"43":"5"},"4C":{"8J":"5","7J":"5","8H":"5","8P":"5","7M":"5","6H":"5","7P":"5","8M":"5","6J":"5","7G":"5","7H":"5"}},"7P":{"4W":{"W9":"5"},"XH":{"V5":"5","R5":"5"},"VX":{"83":"5"},"R8":{"4H":"5","6G":"5","6H":"5"},"7W":{"67":"5","66":"5"},"WW":{"23":"5"},"WV":{"29":"5"}},"29":{"8J":{"73":"5"},"5R":{"3G":"5"},"92":{"8R":"5"},"8P":{"GH":"5"},"3P":{"HF":"5"},"7M":{"37":"5","3P":"5","3M":"5"},"6H":{"2H":"5"},"3Q":{"JG":"5","F8":"5"},"JX":{"C5":"5","J5":"5"},"5W":{"M8":"5","H9":"5","QF":"5","FH":"5","JC":"5","GC":"5","HC":"5","QC":"5"},"JW":{"C9":"5"},"6R":{"M9":"5"},"7X":{"38":"5","35":"5","37":"5","29":"5","28":"5","27":"5","26":"5","36":"5","39":"5","25":"5"},"93":{"24":"5","34":"5"},"6X":{"H3":"5","G3":"5","X9":"5","X7":"5","X8":"5"},"6W":{"MH":"5","MR":"5"},"MR":{"FF":"5"}},"76":{"69":{"HV":"5"},"6C":{"P2":"5","Q4":"5","R4":"5","P3":"5","P4":"5"},"77":{"FV":"5","FW":"5"},"M9":{"FP":"5","7H":"5"},"QG":{"FG":"5","FF":"5"},"PR":{"7R":"5"},"67":{"XV":"5"},"W7":{"9W":"5"},"97":{"VV":"5","RV":"5"},"MX":{"QM":"5","MV":"5"},"WR":{"W2":"5"},"J2":{"26":"5"},"PW":{"9R":"5","GQ":"5","7G":"5","7H":"5","8R":"5","49":"5","CM":"5","9C":"5","CJ":"5","7C":"5","PH":"5"},"98":{"P2":"5"}},"X9":{"9G":{"FM":"5"},"8X":{"CM":"5"},"9V":{"W8":"5","RM":"5","RV":"5","R9":"5","R8":"5","V6":"5","RC":"5","VG":"5","VM":"5","X9":"5","VJ":"5","WW":"5","X2":"5","V4":"5","W2":"5","RF":"5","RP":"5","XC":"5","WH":"5","VQ":"5","WF":"5","WV":"5","XW":"5","XV":"5","WR":"5","RJ":"5","R5":"5","RG":"5","XX":"5","X4":"5","X5":"5","X3":"5","W5":"5","VR":"5","R7":"5","VC":"5","XQ":"5","QX":"5","WP":"5","X6":"5","V7":"5","WX":"5","VW":"5","XR":"5","R6":"5","WM":"5","WG":"5","WC":"5","VX":"5","QW":"5","V8":"5","V5":"5","RW":"5","X8":"5","XP":"5","XF":"5","W7":"5","XJ":"5","R4":"5","RQ":"5","WQ":"5","XH":"5","WJ":"5","VH":"5","V3":"5","VV":"5","W9":"5","QV":"5","W3":"5","RR":"5","VF":"5","X7":"5","W4":"5","W6":"5","V9":"5","VP":"5","RX":"5","XM":"5","V2":"5","R3":"5","RH":"5","XG":"5"},"CJ":{"3F":"5"},"9X":{"P8":"5","PC":"5","P9":"5","M5":"5","R8":"5","V6":"5","M6":"5","R5":"5","R7":"5","Q7":"5","V2":"5","RC":"5","Q3":"5","QC":"5","P4":"5","Q6":"5","V5":"5","P7":"5","V4":"5","R6":"5","QF":"5","V7":"5","V3":"5","Q2":"5","P2":"5","P3":"5","R3":"5","R2":"5","Q9":"5","M7":"5","Q8":"5","P6":"5","R9":"5","R4":"5","Q5":"5","Q4":"5","P5":"5"},"9R":{"XQ":"5","VQ":"5","XP":"5","VV":"5","VX":"5","XX":"5","XV":"5","WP":"5","WW":"5","VP":"5","XW":"5","WQ":"5","WX":"5","XR":"5","VW":"5","VM":"5","VR":"5","WR":"5","WM":"5","WV":"5"},"9W":{"W8":"5","RM":"5","Q4":"5","RV":"5","R9":"5","R8":"5","QJ":"5","V6":"5","RC":"5","VG":"5","VM":"5","Q2":"5","VJ":"5","X2":"5","V4":"5","W2":"5","RF":"5","RP":"5","WH":"5","VQ":"5","WF":"5","PW":"5","Q8":"5","RJ":"5","R5":"5","RG":"5","Q9":"5","X4":"5","X3":"5","W5":"5","VR":"5","PM":"5","R7":"5","VC":"5","QX":"5","V7":"5","PH":"5","VW":"5","QF":"5","PV":"5","R6":"5","WM":"5","WC":"5","WG":"5","Q5":"5","VX":"5","QW":"5","V8":"5","V5":"5","QH":"5","PQ":"5","Q3":"5","RW":"5","PP":"5","QP":"5","Q7":"5","W7":"5","R2":"5","R4":"5","RQ":"5","Q6":"5","WJ":"5","VH":"5","V3":"5","QQ":"5","PJ":"5","W9":"5","VV":"5","QV":"5","PR":"5","W3":"5","RR":"5","VF":"5","QM":"5","W4":"5","W6":"5","QC":"5","V9":"5","VP":"5","RX":"5","V2":"5","PX":"5","R3":"5","RH":"5","QR":"5","QG":"5"},"CV":{"2G":"5","24":"5","2F":"5","2C":"5","29":"5","22":"5","28":"5","23":"5","27":"5","26":"5","25":"5"},"CR":{"3Q":"5","2Q":"5","2V":"5","2X":"5","3R":"5","3V":"5","2R":"5","2W":"5","3W":"5"},"99":{"F8":"5"},"94":{"H7":"5","H4":"5","H6":"5"}},"58":{"XH":{"X6":"5","X4":"5"},"WJ":{"5W":"5","5V":"5","5X":"5"},"27":{"44":"5"},"JR":{"PH":"5"},"GR":{"HR":"5","JP":"5"},"VP":{"PX":"5","VV":"5","MW":"5","WV":"5"},"QX":{"CR":"5"},"VQ":{"J2":"5","M2":"5","H3":"5"},"F5":{"8V":"5"},"98":{"57":"5"},"XP":{"76":"5"},"VJ":{"FM":"5","7G":"5","H9":"5","CG":"5","CF":"5","FH":"5","CW":"5","FQ":"5","8R":"5","CC":"5","CM":"5","CH":"5","9W":"5","7F":"5","CR":"5","7C":"5","7J":"5","5J":"5"},"42":{"8C":"5"},"RQ":{"4R":"5"},"3C":{"CG":"5"},"XM":{"PX":"5"},"6J":{"C4":"5"},"VM":{"F3":"5","F4":"5"},"WP":{"4W":"5"},"6C":{"3H":"5"}},"6H":{"8H":{"88":"5","86":"5","C9":"5"},"34":{"WJ":"5"},"73":{"JR":"5"},"X2":{"R2":"5"}},"5F":{"R7":{"7M":"5"},"P4":{"M4":"5"},"R6":{"QP":"5"},"Q7":{"C9":"5"}},"9M":{"M7":{"WP":"5"},"V4":{"99":"5","9C":"5","F4":"5","F5":"5"}},"9P":{"6V":{"8R":"5"}},"2F":{"25":{"M3":"5","J2":"5","XX":"5","XM":"5","XV":"5","XP":"5","XR":"5","H2":"5","M4":"5","XQ":"5"},"49":{"98":"5"},"37":{"78":"5","52":"5","62":"5","89":"5","79":"5"},"23":{"QG":"5","QH":"5","5P":"5","5M":"5","5W":"5","4M":"5","3J":"5","4J":"5","RQ":"5"},"26":{"X3":"5"},"22":{"VJ":"5","P2":"5","R9":"5","RC":"5","Q2":"5","VC":"5","XH":"5"},"9J":{"XQ":"5"},"24":{"83":"5"},"6J":{"XR":"5"},"5C":{"Q5":"5"},"32":{"2G":"5","2F":"5","49":"5","2C":"5","3C":"5","58":"5","4C":"5","3F":"5","59":"5","3G":"5"},"36":{"6C":"5","5P":"5","4J":"5","4M":"5","2G":"5","8H":"5","23":"5","3F":"5","2F":"5","24":"5","7G":"5","3G":"5","7F":"5","27":"5","28":"5","5M":"5"},"4C":{"FV":"5"},"35":{"2Q":"5","2V":"5","2X":"5","2W":"5"}},"CX":{"J5":{"4J":"5"},"R4":{"P3":"5"}},"8V":{"78":{"CC":"5"},"3J":{"2G":"5"}},"8M":{"6H":{"J3":"5","H3":"5"},"G7":{"2H":"5"},"24":{"QQ":"5"},"48":{"8R":"5","9V":"5"},"6F":{"G8":"5","XV":"5"},"6G":{"XJ":"5","PX":"5","MX":"5","WC":"5"},"7G":{"2J":"5","6P":"5","5R":"5","6H":"5","2F":"5","26":"5","3H":"5","3M":"5","2P":"5","3G":"5"},"82":{"76":"5"},"27":{"3C":"5"}},"5P":{"V3":{"8G":"5"}},"5J":{"8F":{"V8":"5","P8":"5"},"Q4":{"96":"5"},"VJ":{"95":"5"},"VM":{"MF":"5"},"7C":{"G3":"5"},"6F":{"VR":"5"},"79":{"HX":"5"}},"45":{"J5":{"HC":"5"},"9M":{"H7":"5","R9":"5","R8":"5","V8":"5"},"RH":{"FM":"5"},"5P":{"R2":"5","V8":"5"},"R4":{"5F":"5","87":"5","97":"5","C8":"5","7C":"5","88":"5","98":"5"},"VG":{"XX":"5","W5":"5","XV":"5"},"58":{"32":"5"},"6P":{"9V":"5"}},"4R":{"F4":{"78":"5"}},"H2":{"47":{"27":"5"}},"98":{"54":{"47":"5"},"37":{"26":"5","25":"5"},"36":{"9H":"5"}},"84":{"WQ":{"F2":"5","F4":"5"}},"65":{"Q4":{"66":"5","43":"5","76":"5","2C":"5","26":"5","62":"5","52":"5","47":"5","24":"5","48":"5","29":"5","54":"5","5M":"5"},"M8":{"24":"5"},"VG":{"94":"5"},"P3":{"W5":"5","QX":"5","W4":"5","W7":"5","W2":"5","V4":"5","PF":"5","M5":"5"},"P5":{"V4":"5"},"X2":{"J5":"5","JM":"5"},"2J":{"CC":"5"},"8R":{"6P":"5"},"P7":{"4F":"5"},"V4":{"63":"5","C2":"5"},"X4":{"76":"5","85":"5"},"X3":{"86":"5","FV":"5","75":"5","85":"5","F5":"5"},"W5":{"RJ":"5","QP":"5"},"V7":{"GQ":"5"},"J8":{"2V":"5","G3":"5","3V":"5","2W":"5","3W":"5"},"88":{"2J":"5"},"R6":{"FW":"5"},"P2":{"VV":"5","RR":"5"},"27":{"GQ":"5"},"Q3":{"34":"5","8J":"5","2Q":"5","7W":"5","7P":"5","8Q":"5","9J":"5","8M":"5","24":"5","58":"5","2X":"5","6J":"5","6X":"5","6W":"5","35":"5"},"CX":{"PF":"5"},"XJ":{"5X":"5"},"R2":{"7M":"5"},"R4":{"W5":"5","R7":"5","W4":"5","V6":"5","V4":"5","X4":"5"},"GC":{"4H":"5"},"M7":{"5V":"5"},"J6":{"M8":"5"},"GJ":{"QM":"5"},"V3":{"5X":"5","VX":"5","RR":"5","9V":"5","QF":"5","8V":"5","7X":"5","4X":"5"},"G8":{"6J":"5"},"JX":{"QM":"5","RH":"5"},"55":{"J2":"5"},"M6":{"FP":"5"},"W4":{"29":"5"},"8G":{"JH":"5"},"H8":{"GJ":"5","GM":"5"},"V2":{"8W":"5"},"CH":{"22":"5"},"P4":{"XC":"5"},"JR":{"QC":"5","Q7":"5"},"R3":{"PX":"5","QX":"5","WV":"5"},"69":{"HG":"5","GC":"5","JH":"5"}},"79":{"22":{"85":"5"}},"3C":{"32":{"22":"5"},"22":{"W4":"5","V4":"5","59":"5","97":"5"},"FC":{"6G":"5"}},"CJ":{"5G":{"MP":"5","QP":"5","RM":"5"},"C6":{"XP":"5"},"F5":{"4G":"5","3J":"5","39":"5"}},"33":{"VV":{"F4":"5"},"X9":{"JX":"5"},"4J":{"V2":"5"},"M9":{"8W":"5"},"G5":{"68":"5"},"8X":{"54":"5","64":"5","63":"5","53":"5"},"2G":{"64":"5"},"H4":{"MH":"5"},"XV":{"WQ":"5"},"PC":{"X2":"5"},"H7":{"MX":"5","MM":"5"},"WP":{"H9":"5","MC":"5","JC":"5","MF":"5","MG":"5","JF":"5"},"55":{"PW":"5","PV":"5","HW":"5","JV":"5","HV":"5"},"2F":{"48":"5","26":"5","25":"5"},"7P":{"M5":"5"},"3Q":{"34":"5"},"4Q":{"JQ":"5"},"H6":{"C2":"5"},"FM":{"JP":"5"},"XR":{"RG":"5","GV":"5","WR":"5"},"G6":{"25":"5","JC":"5","H8":"5","G8":"5","76":"5","83":"5","G9":"5","23":"5","55":"5","F8":"5","XR":"5","45":"5","24":"5","F4":"5","46":"5","J8":"5","98":"5","C3":"5"},"47":{"MG":"5"},"CW":{"W6":"5"},"9W":{"44":"5"},"F6":{"M3":"5","W6":"5","R4":"5","H3":"5","W4":"5"},"8W":{"7V":"5"},"2R":{"5F":"5","5C":"5"},"5C":{"MV":"5"},"4X":{"38":"5","39":"5"},"V2":{"P6":"5"},"4G":{"R4":"5"},"35":{"33":"5"}},"8C":{"64":{"52":"5"},"4G":{"68":"5","67":"5"}},"44":{"M3":{"F5":"5"},"56":{"4C":"5","59":"5"},"GM":{"6Q":"5"},"FQ":{"VG":"5","WF":"5","X6":"5","V4":"5"},"X3":{"9X":"5"},"3F":{"GJ":"5","GM":"5"},"34":{"GJ":"5"},"FP":{"WM":"5"},"FJ":{"RF":"5"},"3H":{"CW":"5"},"FR":{"FV":"5"},"H2":{"82":"5"},"GQ":{"3G":"5"},"M2":{"6H":"5"},"45":{"QG":"5"},"32":{"CF":"5","CM":"5"},"4R":{"G8":"5"},"4H":{"68":"5","85":"5"},"67":{"76":"5","86":"5"},"4Q":{"CV":"5"},"4P":{"H2":"5"},"GV":{"77":"5"},"5H":{"P9":"5"}},"X8":{"C5":{"5M":"5","4F":"5","48":"5","68":"5","3C":"5","3J":"5","3F":"5"},"96":{"R2":"4","J7":"4"},"95":{"RX":"4"}},"8G":{"7G":{"H3":"5","H2":"5"},"2C":{"69":"5","89":"5","57":"5"},"29":{"6X":"5"},"7F":{"9W":"5","6Q":"5","6R":"5","4W":"5","6V":"5"}},"63":{"38":{"G9":"5"},"42":{"MX":"5"},"4J":{"X6":"5","X5":"5"},"3C":{"XJ":"5","XM":"5","WM":"5","WJ":"5","V4":"5"},"8H":{"VR":"5"},"MW":{"3R":"5","3V":"5"},"3F":{"W7":"4","V4":"5"},"8G":{"8F":"5"},"9V":{"99":"5","98":"5"},"C8":{"6C":"5"},"7Q":{"CC":"5"},"8W":{"85":"5"},"27":{"XX":"5"}},"5G":{"64":{"75":"5"},"63":{"HR":"5"},"VR":{"J8":"5","J9":"5"},"WQ":{"37":"5","36":"5"},"33":{"36":"5"},"28":{"77":"5"},"VQ":{"MH":"5","JQ":"5","VF":"5","VC":"5","JR":"5"},"VM":{"QF":"5"},"4C":{"V8":"5"}},"7C":{"32":{"F9":"5"}},"67":{"Q2":{"X4":"5"},"69":{"MF":"5","PH":"5"},"2V":{"HM":"5"},"PQ":{"5G":"5"},"VJ":{"R9":"5"},"7W":{"PP":"5","PR":"5","JM":"5","MG":"5","PM":"5","MJ":"5","MM":"5"},"P6":{"67":"5"},"22":{"M4":"5"},"J9":{"3P":"5"},"MX":{"R5":"5"},"CH":{"RX":"5"},"FC":{"34":"5"},"7X":{"M4":"5"},"7R":{"5M":"5","3W":"5"},"F2":{"MC":"5","VR":"5"}},"9V":{"C8":{"WF":"5"}},"64":{"XP":{"3V":"5"},"C2":{"2J":"5","5M":"5","9G":"5"},"RX":{"XG":"5","XF":"5"},"H9":{"R3":"5"},"VX":{"2G":"5","3J":"5"},"XX":{"G2":"5","65":"5"},"JP":{"HR":"5","GV":"5"},"XV":{"PJ":"5","R9":"5","HW":"5","V7":"5","JV":"5","PC":"5","PF":"5","VM":"5","PM":"5","7X":"5","PG":"5","QJ":"5"},"WW":{"R2":"5","R5":"5","R3":"5"},"H6":{"7V":"5","7R":"5"},"J9":{"2G":"5"},"XW":{"72":"5","77":"5"},"XR":{"6W":"5","MG":"5"},"WX":{"Q6":"5"},"VW":{"2X":"5"},"WR":{"M7":"5"},"RV":{"83":"5"},"F5":{"33":"5"},"GX":{"G3":"5"},"WV":{"RW":"5","VJ":"5","PW":"5","MW":"5"},"J8":{"4X":"5"},"XM":{"WV":"5"}},"34":{"7Q":{"HR":"5","JQ":"5"},"C8":{"2V":"5"},"56":{"WW":"5","XV":"5","XR":"5"},"43":{"R4":"5"},"PM":{"8M":"5","7P":"5"},"7J":{"X3":"5","6P":"5","VP":"5","X2":"5","6J":"5"},"RX":{"V4":"5"},"RC":{"24":"5"},"39":{"G4":"5","F3":"5","G3":"5","F2":"5","G2":"5"},"MR":{"WW":"5"},"38":{"GX":"5","FX":"5"},"55":{"JG":"5","3X":"5","4Q":"5","6P":"5","4W":"5","3W":"5"},"V8":{"XJ":"5"},"57":{"V2":"5"},"8G":{"MP":"5"},"PG":{"4C":"5"},"36":{"C9":"5"},"66":{"2X":"5","3R":"5","4R":"5","4Q":"5","4W":"5"},"V7":{"R9":"5","RC":"5"},"CV":{"8X":"5"},"F7":{"QQ":"5"},"M2":{"J8":"5"},"H7":{"WP":"5","XQ":"5"},"24":{"5M":"5","6M":"5"},"V3":{"J6":"5"},"94":{"3W":"5"},"45":{"XV":"5","XR":"5"},"3G":{"R8":"5"},"MP":{"8F":"5","CJ":"5","9J":"5"},"W9":{"4R":"5","X8":"5"},"8H":{"88":"5","89":"5","9C":"5","87":"5"},"J7":{"2Q":"5","CP":"5"},"8J":{"2M":"5"},"WF":{"X3":"5"},"M7":{"M8":"5","47":"5","6G":"5"},"WP":{"H7":"5"},"7H":{"96":"5","95":"5","85":"5"}},"HR":{"M9":{"JJ":"5","HH":"5"}},"2Q":{"76":{"97":"5"},"89":{"8F":"5"},"6H":{"29":"5"},"75":{"64":"5","65":"5"}},"Q2":{"5J":{"95":"5"}},"8F":{"32":{"FM":"5"},"6G":{"6J":"5"}},"3G":{"24":{"Q5":"5"},"4H":{"WH":"5"},"5H":{"PX":"5"},"26":{"72":"5"}},"23":{"JW":{"H9":"5","G8":"5","G9":"5","J3":"5","F7":"5","CC":"5","7C":"5","F4":"5","F9":"5","79":"5"},"JV":{"R8":"5"},"RJ":{"56":"5","R5":"5","X5":"5","W6":"5","85":"5","G2":"5","75":"5"},"XG":{"69":"5","77":"5","87":"5","G5":"5","H4":"5","J5":"5","78":"5","59":"5","H6":"5","FM":"5","H5":"5","G6":"5","F6":"5","GR":"5","68":"5"},"RH":{"R9":"5","HW":"5","RC":"5","HX":"5"},"V5":{"G8":"5","G7":"5"},"HR":{"92":"5"},"XQ":{"J5":"5","74":"5","H5":"5","F6":"5","75":"5","C6":"5","G5":"5"},"7X":{"5Q":"5"},"VF":{"3H":"5","3W":"5"},"2G":{"GQ":"5"},"VG":{"4F":"5","6C":"5"},"QF":{"5P":"5","XW":"5","8Q":"5"},"XP":{"5M":"5","7M":"5","4M":"5","6M":"5","3M":"5","7J":"5","4J":"5","6J":"5"},"VJ":{"37":"5","55":"5","26":"5"},"WR":{"Q6":"5","V4":"5","Q7":"5"},"MP":{"G6":"5"},"W9":{"CW":"5"},"RF":{"2W":"5"},"4R":{"VX":"5"},"QJ":{"W5":"5"},"XF":{"GF":"5"},"HX":{"X7":"5"},"P6":{"52":"5"},"WG":{"XF":"5"},"GV":{"W7":"5","X2":"5"},"RG":{"V6":"5"}},"46":{"8G":{"66":"5"},"2J":{"4M":"5","4J":"5"},"2V":{"XX":"5"},"WH":{"QW":"5"},"8F":{"W4":"5"},"34":{"95":"5","92":"5"},"XM":{"H5":"5","J9":"5","JH":"5"},"6H":{"3R":"5"},"87":{"H9":"5"},"2W":{"W2":"5"}},"99":{"28":{"X6":"5"}},"6M":{"87":{"Q4":"5"}},"C2":{"7H":{"VQ":"5"}},"R8":{"H5":{"5F":"5","69":"5","8J":"5","6C":"5","7J":"5","8F":"5","8H":"5","8G":"5","78":"5","67":"5","6H":"5","89":"5","88":"5","7C":"5","6F":"5","6J":"5","6G":"5","8C":"5","79":"5","68":"5"}},"97":{"Q5":{"6P":"5"}},"35":{"9C":{"PG":"5"},"FR":{"R9":"5","RF":"5"},"7J":{"C7":"5"},"C9":{"6X":"5"},"83":{"P2":"5","52":"5","62":"5"},"CQ":{"44":"5"},"JX":{"37":"5"},"J4":{"FG":"5"},"GX":{"M6":"5"},"7G":{"2C":"5"},"82":{"8W":"5","7W":"5","6X":"5","8V":"5","5X":"5","7R":"5"},"HC":{"F3":"5"},"5M":{"PQ":"5","MQ":"5"}},"Q4":{"PF":{"37":"5","48":"5","58":"5","27":"5","36":"5"}},"8R":{"M3":{"G8":"5"},"63":{"QF":"5","R9":"5","RC":"5","QC":"5"},"6G":{"3V":"5","3W":"5"},"6H":{"29":"5","45":"5"},"4R":{"HW":"5"},"6C":{"5F":"5"},"4W":{"X7":"5"},"F5":{"66":"5"}},"2P":{"HX":{"CC":"5"}},"8J":{"2V":{"CP":"5","52":"5","63":"5","59":"5","7W":"5","FP":"5","49":"5","77":"5","72":"5","53":"5","GR":"5","7G":"5","F5":"5","7V":"5","7X":"5","66":"5","C9":"5","8H":"5","64":"5","6J":"5","62":"5","67":"5","M7":"5","6V":"5"},"2Q":{"9W":"5","H4":"5"},"7W":{"V9":"5","R7":"5","R8":"5"},"2W":{"2G":"5","R4":"5","P5":"5","XW":"5","HW":"5","VR":"5","V5":"5","C3":"5","XV":"5","VM":"5","F4":"5"},"3W":{"8H":"5","6M":"5"},"5W":{"XF":"5"},"7V":{"MF":"5"},"57":{"V5":"5","W4":"5"},"2X":{"7H":"5","7F":"5","7J":"5","66":"5"},"2R":{"F7":"5","6X":"5","5J":"5","4W":"5","5Q":"5"},"8V":{"3W":"5"},"3X":{"49":"5","22":"5","33":"5","5J":"5"},"2P":{"MR":"5","MP":"5","7G":"5","6F":"5","JQ":"5","6G":"5","7F":"5","MQ":"5","JR":"5"},"46":{"2C":"5"},"68":{"78":"5"}},"XC":{"77":{"99":"5","88":"5","8C":"5","89":"5","9C":"5","98":"5"},"87":{"66":"5","56":"5","53":"5","44":"5","55":"5","45":"5","57":"5","54":"5"},"G8":{"FM":"5","CH":"5"},"92":{"4W":"5"},"86":{"W5":"5","R9":"5","W4":"5","M2":"5","V6":"5","R6":"5","R8":"5","R5":"5","3V":"5","2W":"5","G4":"5","3W":"5","V7":"5","W3":"5"},"FC":{"R5":"5"},"85":{"C8":"5","XW":"5","C7":"5","WR":"5"},"F9":{"MV":"5","PQ":"5","RM":"5"},"FF":{"P9":"5"},"94":{"4Q":"5"}},"6G":{"WQ":{"72":"5"},"27":{"22":"5"},"26":{"3X":"5"},"6R":{"GW":"5"},"P7":{"3M":"5"},"6V":{"95":"5","76":"5","83":"5","C6":"5","94":"5","84":"5"}},"8X":{"3M":{"Q7":"5"},"3J":{"MX":"5"}},"56":{"CP":{"8R":"5"},"C8":{"44":"5"},"JV":{"R9":"5"},"PV":{"9H":"5"},"X3":{"J5":"5","P4":"5"},"F2":{"37":"5"},"QP":{"6C":"5"},"QR":{"94":"5"},"XG":{"52":"5","42":"5","63":"5","62":"5","53":"5","43":"5","VQ":"5"},"VP":{"V2":"5","WG":"5"},"87":{"43":"5"},"Q6":{"PP":"5","PX":"5"},"G8":{"4R":"5"},"JX":{"95":"5","MG":"5"},"HR":{"W6":"5","V7":"5"},"QM":{"VC":"5","VP":"5"},"F5":{"XX":"5"},"JG":{"72":"5"},"9H":{"7H":"5"},"X5":{"RC":"5"},"XP":{"RW":"5","RR":"5","VW":"5"},"HH":{"P3":"5"},"4M":{"5H":"5"},"FG":{"43":"5"},"HW":{"M7":"5","M9":"5"},"MP":{"CQ":"5","FW":"5"},"J8":{"PR":"5"},"QJ":{"R3":"5"},"XF":{"4X":"5","6X":"5","5X":"5"},"PW":{"4M":"5","4Q":"5","3F":"5"},"85":{"JR":"5"},"MM":{"RC":"5"},"QW":{"4F":"5"},"GV":{"XW":"5"},"H4":{"GV":"5","PH":"5"},"Q4":{"7H":"5"},"C4":{"PH":"5"},"5H":{"WW":"5"},"6C":{"9C":"5","GF":"5"},"H9":{"8J":"5"},"X6":{"VC":"5"}},"59":{"PP":{"HG":"5","HF":"5"},"J2":{"C7":"5"},"QH":{"CG":"5"},"Q6":{"CH":"5","J6":"5","J7":"5"},"Q4":{"7Q":"5","56":"5","63":"5","59":"5","3X":"5","3F":"5","27":"5","49":"5","3W":"5","38":"5","7G":"5","57":"5","5W":"5","3V":"5","4X":"5","79":"5","69":"5","35":"5","4M":"5","5V":"5","4W":"5","8P":"5","58":"5","62":"5","67":"5","68":"5","4Q":"5","7H":"5"},"J8":{"2V":"5","3P":"5","2R":"5","2P":"5"},"MC":{"FW":"5"},"PR":{"63":"5"},"W3":{"XW":"5","WW":"5","XV":"5","WV":"5"},"69":{"49":"5","48":"5","3C":"5","3F":"5"},"Q5":{"FM":"5","FW":"5","FJ":"5","27":"5","GM":"5","FX":"5"},"Q3":{"8R":"5","6X":"5","FF":"5"},"G7":{"7M":"5"},"67":{"6G":"5","56":"5","57":"5","4W":"5","6J":"5"},"5F":{"73":"5"},"57":{"XX":"5"},"M5":{"83":"5","G3":"5"},"V4":{"XM":"5","X8":"5"},"Q2":{"C9":"5"},"P4":{"VG":"5","WM":"5","VF":"5"},"M4":{"9X":"5"},"R6":{"24":"5","25":"5"},"R5":{"MR":"5","HM":"5","G7":"5","VW":"5"},"H8":{"XQ":"5"},"P7":{"57":"5"},"QJ":{"73":"5"}},"87":{"VQ":{"GV":"5"},"C2":{"H3":"5","J6":"5"},"87":{"GF":"5"},"96":{"Q5":"5","P4":"5"},"3J":{"8J":"5","CP":"5","89":"5","7J":"5"},"G3":{"9X":"5"},"C5":{"9M":"5"},"G2":{"CW":"5"},"4X":{"3X":"5"},"WV":{"2R":"5"},"FF":{"G8":"5"},"94":{"7W":"5","F9":"5"},"F2":{"R2":"5","QH":"5","X2":"5"}},"7Q":{"MF":{"29":"5"}},"37":{"VQ":{"8J":"5"},"X8":{"5P":"5","3P":"5"},"8J":{"G5":"5"},"2J":{"W3":"5"},"GM":{"98":"5"},"7J":{"C4":"5"},"X9":{"Q3":"5","Q2":"5"},"XX":{"37":"5","56":"5","43":"5","26":"5","52":"5","57":"5","5C":"5","36":"5","46":"5","54":"5"},"RP":{"QM":"5","PM":"5","QJ":"5"},"PQ":{"C6":"5"},"8H":{"V3":"5"},"XV":{"WP":"5"},"QP":{"PQ":"5","GP":"5"},"Q9":{"X6":"5"},"9M":{"G6":"5"},"9F":{"C5":"5"},"7M":{"QF":"5","RF":"5"},"WW":{"J7":"5"},"CJ":{"8C":"5"},"W8":{"WP":"5","VP":"5"},"XW":{"49":"5","94":"5","84":"5"},"GW":{"PC":"5"},"HH":{"FC":"5"},"X6":{"6G":"5"},"PP":{"GV":"5"}},"C7":{"GV":{"Q4":"5"}},"8Q":{"2F":{"FJ":"5"},"5P":{"RF":"5"},"5M":{"HM":"5"},"4Q":{"R2":"5","V2":"5","V3":"5","W2":"5"},"6Q":{"9R":"5","8R":"5","9V":"5","8V":"5"},"6P":{"44":"5","34":"5","56":"5","23":"5","45":"5","98":"5"},"4P":{"PP":"5","RV":"5","PM":"5","QV":"5","RJ":"5","MQ":"5","RX":"5","PR":"5","QP":"5","QR":"5","VV":"5","WW":"5","VP":"5","VR":"5","RH":"5","VQ":"5","PJ":"5","QM":"5","WV":"5","RM":"5","XW":"5","WR":"5","XV":"5","RQ":"5","PQ":"5","VW":"5","MP":"5","QQ":"5","QH":"5","RR":"5","QJ":"5","RP":"5","VX":"5","WX":"5"}},"25":{"8G":{"J2":"5","Q4":"5","P5":"5","V6":"5","Q2":"5"},"8F":{"GX":"5"},"9W":{"8Q":"5"},"CR":{"59":"5"},"66":{"XR":"5"}},"85":{"4X":{"W4":"5"},"WP":{"V9":"5","RC":"5","WC":"5"},"RF":{"H7":"5"},"2R":{"53":"5","55":"5"},"7V":{"HF":"5"}},"47":{"CP":{"82":"5","63":"5","47":"5","F2":"5","85":"5","C2":"5"},"52":{"6J":"5"},"H8":{"42":"5"},"9Q":{"MV":"5"},"2V":{"2X":"5"},"XH":{"44":"5"},"WJ":{"8H":"5"},"P9":{"9X":"5"},"CM":{"8W":"5","7X":"5"},"HJ":{"RV":"5"},"F4":{"PV":"5","PM":"5"},"RC":{"JX":"5"},"PR":{"95":"5"},"FM":{"R9":"5"},"G6":{"R9":"5","Q6":"5","QG":"5","VF":"5","PG":"5","QF":"5","Q8":"5","P8":"5","WM":"5","PF":"5","HQ":"5"},"7C":{"Q7":"5"},"VQ":{"QG":"5","P6":"5","J6":"5"},"H5":{"8Q":"5"},"JX":{"F9":"5"},"F5":{"V3":"5"},"VF":{"HW":"5"},"79":{"QX":"5"},"9R":{"2G":"5"},"83":{"4G":"5","6M":"5"},"22":{"83":"5"},"G4":{"6W":"5"},"5V":{"C3":"5","92":"5"},"4W":{"49":"5"},"JJ":{"3G":"5"},"QJ":{"Q2":"5"},"2W":{"32":"5","76":"5"},"G5":{"MH":"5","45":"5","PH":"5","JH":"5"}},"27":{"6G":{"J6":"5"},"RV":{"QW":"5","VQ":"5","VV":"5","RM":"5","RX":"5","RQ":"5","VH":"5","RP":"5","RR":"5","RW":"5","VJ":"5","QQ":"5","VP":"5","VM":"5","VR":"5","RV":"5","QV":"5","WM":"5","QR":"5","PW":"5"},"QV":{"79":"5"},"7J":{"98":"5"},"MQ":{"QP":"5"},"RX":{"FW":"5","FR":"5","96":"5","FV":"5","83":"5","MW":"5","92":"5","9V":"5","8R":"5","GW":"5","7V":"5","8V":"5","93":"5","99":"5","98":"5","MV":"5"},"PR":{"V8":"5","J6":"5","G5":"5","VC":"5","WC":"5","J7":"5","J5":"5","VF":"5","H6":"5","V9":"5","H5":"5","M6":"5","M7":"5","P5":"5","P8":"5","P7":"5","M5":"5"},"VP":{"3Q":"5","2Q":"5","2R":"5"},"VQ":{"4F":"5","5F":"5","5C":"5","4C":"5"},"8Q":{"F7":"5"},"PG":{"MP":"5","PQ":"5","MQ":"5"},"W3":{"6C":"5"},"6P":{"7Q":"5"},"G2":{"3C":"5"},"PH":{"WF":"5","XH":"5","96":"5","RH":"5","VH":"5","QG":"5","WH":"5","QH":"5","VF":"5","QF":"5","RG":"5","VG":"5","97":"5","86":"5","C6":"5","95":"5","WG":"5","RF":"5","C5":"5","XG":"5","C7":"5"},"RM":{"Q4":"5"},"RQ":{"WF":"5","R9":"5","VC":"5","WC":"5","VF":"5","VG":"5","XC":"5","XF":"5","V9":"5","RF":"5"},"PQ":{"2J":"5","7J":"5","4H":"5","2G":"5","8P":"5","CQ":"5","5H":"5","7M":"5","6H":"5","JX":"5","3J":"5","8M":"5","6J":"5","3H":"5","5J":"5","3M":"5","6M":"5","2M":"5","3G":"5","4G":"5","2H":"5","7H":"5","9Q":"5"},"8P":{"CP":"5"},"QH":{"86":"5"},"RP":{"XQ":"5"},"QW":{"R2":"5","R4":"5","Q2":"5"},"RW":{"9M":"5","CP":"5","8W":"5","9P":"5"},"7H":{"8W":"5"}},"2H":{"HF":{"3Q":"5"},"G8":{"62":"5"},"HM":{"V2":"5"},"FC":{"J8":"5","VR":"5","M9":"5","G3":"5","J4":"5","QJ":"5"},"JM":{"82":"5"},"67":{"5R":"5"},"MQ":{"X2":"5"},"PM":{"HM":"5"}},"M4":{"X2":{"WX":"5"}},"4X":{"GR":{"7C":"5","59":"5"}},"7H":{"96":{"5V":"5"},"93":{"7W":"5"}},"GM":{"93":{"G2":"5"},"92":{"JM":"5"}},"4C":{"7F":{"VX":"5"}},"5H":{"5F":{"MV":"5"},"R9":{"W6":"5","PX":"5","PW":"5"},"PM":{"97":"5"},"XH":{"G2":"5"},"H9":{"WG":"5"},"3C":{"J5":"5"},"R8":{"H7":"5","H8":"5"},"PC":{"RH":"5","9M":"5","X5":"5","CJ":"5","8R":"5","CM":"5","22":"5","8M":"5","CV":"5","X6":"5","HW":"5","MH":"5"},"PG":{"27":"5"},"R7":{"FR":"5","4X":"5","CW":"5","FX":"5","7R":"5"},"Q8":{"PJ":"5"},"V9":{"GV":"5","GW":"5"},"MQ":{"47":"5"},"8W":{"MP":"5"},"PF":{"7G":"5","92":"5","F4":"5","9G":"5"},"MC":{"X2":"5"},"PP":{"73":"5"},"4C":{"3C":"5"},"M5":{"QM":"5"}},"RP":{"C6":{"RH":"5"}},"66":{"3Q":{"V9":"5"},"J3":{"5W":"5"},"47":{"H8":"5"},"86":{"W6":"5"},"9C":{"8R":"5"},"27":{"6M":"5"},"87":{"7P":"5","66":"5","65":"5"},"85":{"VQ":"5"},"C4":{"4G":"5"}},"77":{"FW":{"9X":"5"},"7J":{"GC":"5","G9":"5"},"R8":{"82":"5"},"8X":{"PX":"5","QX":"5"},"FX":{"92":"5","94":"5"},"7M":{"PF":"5"},"8Q":{"PW":"5","PJ":"5","P8":"5"},"CW":{"CF":"5"},"8W":{"XX":"5"},"8V":{"VR":"5","P7":"5","JR":"5"},"7X":{"JP":"5"},"MJ":{"78":"5"}},"HF":{"JX":{"2X":"5"}},"94":{"QJ":{"MV":"5","QR":"5","RV":"5","RR":"5"}},"7F":{"J3":{"CM":"5"},"H5":{"33":"5"},"8R":{"3H":"5"},"3R":{"H3":"5"},"G5":{"HM":"5"}},"42":{"RW":{"76":"5","RC":"5","Q9":"5","QC":"5"},"R4":{"2F":"5"},"5W":{"57":"5","58":"5"},"H5":{"5C":"5"},"MX":{"3P":"5"},"34":{"F4":"5","F5":"5"},"29":{"78":"5","88":"5","76":"5","77":"5","79":"5"},"XM":{"QQ":"5"},"F6":{"W6":"5","V2":"5","W7":"5","W8":"5"},"56":{"G5":"5"},"WQ":{"8J":"5"},"WC":{"M9":"5"},"V3":{"W5":"5"},"M5":{"52":"5","42":"5"},"RV":{"GM":"5"},"X5":{"4F":"5"},"MJ":{"76":"5","X5":"5"},"4J":{"MP":"5"},"94":{"FR":"5"},"MM":{"QP":"5"},"XQ":{"4X":"5","HV":"5"}},"88":{"32":{"M9":"5","68":"5","HC":"5","75":"5","58":"5"},"42":{"P9":"5","HV":"5"},"6F":{"42":"5","22":"5"},"2C":{"G9":"5"},"33":{"G2":"5"},"X4":{"XM":"5","XP":"5","XR":"5"},"6C":{"4H":"5"},"H4":{"VJ":"5","VH":"5"}},"4H":{"R9":{"JG":"5","HF":"5","PQ":"5"},"RC":{"X9":"5"},"VC":{"2C":"5"}},"2G":{"8C":{"MV":"5","PV":"5","PR":"5"},"9C":{"CW":"5","HP":"5"}},"2V":{"HG":{"XC":"5"},"J9":{"8M":"5","8P":"5","7M":"5","7P":"5"}}},"index":{"university,1|retail,2|tourism,3|wreck,4|historical,5|artsCulture,6|namedBuilding,7|water,8|wetland,9|park,10|beach,11|natureReserve,12|cemetery,13|trail,14":{}}}