{"index":{"university,1|retail,2|tourism,3|wreck,4|historical,5|artsCulture,6|namedBuilding,7|water,8|wetland,9|park,10|beach,11|natureReserve,12|cemetery,13|trail,14":{}},"9P":{"FJ":{"JQ":{"J2":"5","P8":"5"},"CH":{"RG":"5"},"GF":{"CM":"5"}},"29":{"JR":{"3J":"5"}},"8P":{"9R":{"6Q":"5"},"PJ":{"3X":"5"}},"3P":{"J8":{"FM":"5"},"4F":{"2V":"5"},"4G":{"2C":"5","4V":"5","6W":"5","3V":"5"},"7W":{"JM":"5","JF":"5"},"3F":{"M9":"5","J9":"5"},"QQ":{"6J":"5"},"RQ":{"H9":"5","G8":"5","GC":"5","FC":"5","FG":"5","F9":"5","GF":"5","FF":"5","G9":"5"}},"25":{"97":{"HR":"5","JQ":"5","FP":"5","GP":"5","GR":"5"}},"66":{"MQ":{"GQ":"5","HM":"5","HP":"5","GP":"5","GM":"5"}},"FH":{"RH":{"6W":"5"},"RC":{"92":"5"}},"4H":{"F3":{"F5":"5"},"F4":{"H2":"5"},"WX":{"6X":"5"},"G9":{"6P":"5"}},"39":{"VV":{"3R":"5","3W":"5"},"RM":{"C5":"5","WM":"5"},"RH":{"VQ":"5","GQ":"5","PM":"5","GM":"5","HR":"5","QJ":"5","JP":"5","FV":"5","RP":"5","CQ":"5","RG":"5","GP":"5","W8":"5","JM":"5","CW":"5","HM":"5","8W":"5","MH":"5","GR":"5","MM":"5","CR":"5","HQ":"5","GV":"5"},"VH":{"2F":"5"},"QJ":{"V2":"5"},"RP":{"VF":"5"},"G9":{"Q2":"5"},"WP":{"6F":"5"},"VF":{"MH":"5","JG":"5"},"QF":{"2H":"5"},"RC":{"2X":"5"},"VG":{"24":"5","7X":"5"},"XF":{"6G":"5"},"CJ":{"J4":"5"},"VP":{"32":"5","9H":"5","3H":"5"},"RJ":{"52":"5","4V":"5","XF":"5","55":"5","59":"5","R3":"5"},"QC":{"CC":"5"},"VW":{"32":"5","Q6":"5"},"VM":{"M2":"5"},"CC":{"CX":"5"},"RF":{"32":"5"},"PF":{"XG":"5","G6":"5","XH":"5","H6":"5"},"P7":{"WG":"5"},"F9":{"H9":"5","P9":"5","J9":"5"},"XM":{"HH":"5"},"QM":{"RX":"5"},"7H":{"W5":"5"}},"86":{"H4":{"HG":"5","5P":"5","M7":"5","M9":"5","P9":"5","J9":"5","P7":"5"}},"59":{"7G":{"CX":"5"},"47":{"43":"5"},"8P":{"PV":"5"},"62":{"H9":"5"},"48":{"H5":"5"},"XV":{"VP":"5"},"57":{"MQ":"5"},"43":{"8J":"5"},"58":{"VX":"5"},"55":{"3G":"5"}},"QJ":{"W8":{"GJ":"5"}},"GP":{"PW":{"CW":"5","67":"5","79":"5"},"PV":{"5W":"5","6W":"5","6X":"5","5X":"5","5R":"5"},"RP":{"V2":"5"},"VR":{"WC":"5"},"VP":{"23":"5"}},"2X":{"RW":{"9G":"5"},"93":{"HW":"5"},"8F":{"3H":"5"},"7F":{"VQ":"5","XH":"5"},"94":{"72":"5"}},"8V":{"WP":{"65":"5"},"WM":{"GW":"5"},"WR":{"7P":"5"}},"63":{"3Q":{"P2":"5"},"4X":{"MH":"5"},"GP":{"RC":"5"},"F4":{"FM":"5","GJ":"5","FH":"5","FJ":"5","GH":"5"},"6P":{"MC":"5","JC":"5","MF":"5","JF":"5"},"F5":{"2P":"5"}},"4M":{"38":{"J9":"5"},"2G":{"M2":"5","M4":"5","H3":"5","G8":"5","J3":"5","P2":"5","F7":"5","JG":"5","J4":"5","P5":"5","FP":"5","M5":"5","JF":"5"},"2F":{"XC":"5","4F":"5","HW":"5","CW":"5","QR":"5","MX":"5","JX":"5","5F":"5","5C":"5","JP":"5","XF":"5","4C":"5","MJ":"5"},"4G":{"5P":"5","6W":"5","5Q":"5"},"48":{"C7":"5"},"2C":{"68":"5","JW":"5","HQ":"5"},"6G":{"F2":"5"},"5F":{"24":"5","R9":"5"},"3J":{"54":"5"},"3F":{"2G":"5","2F":"5","RP":"5","2C":"5","QV":"5","7J":"5"},"2H":{"54":"5","72":"5"},"6C":{"R4":"5"},"79":{"M9":"5","GH":"5"}},"36":{"VQ":{"FW":"5","FR":"5","87":"5","C9":"5","FV":"5","83":"5","FX":"5","84":"5","97":"5","86":"5","FQ":"5","FM":"5","C8":"5","CX":"5","CC":"5","FC":"5","FH":"5","85":"5","FP":"5","82":"5","FF":"5","FG":"5","FJ":"5","98":"5"},"Q2":{"49":"5","4W":"5","4P":"5","4F":"5","42":"5","4H":"5","43":"5","4M":"5","4J":"5","44":"5","3V":"5","3W":"5","3Q":"5","4Q":"5","45":"5","47":"5","48":"5","4X":"5","4C":"5","46":"5","4G":"5","3R":"5"},"R9":{"2J":"5","2G":"5","2C":"5","3V":"5","3P":"5","2F":"5","3W":"5","3Q":"5","3J":"5","3X":"5","3M":"5","29":"5","3R":"5","2H":"5","27":"5","28":"5"},"VV":{"29":"5","56":"5"},"RM":{"66":"5","9C":"5","77":"5","FR":"5","9G":"5","76":"5","64":"5","CP":"5","78":"5","63":"5","9F":"5","JX":"5","CJ":"5","62":"5","CM":"5","FQ":"5","GW":"5","CH":"5","89":"5","88":"5","9H":"5","HW":"5","FP":"5","GR":"5","HX":"5","8C":"5","65":"5","GV":"5"},"Q3":{"56":"5","43":"5","59":"5","5P":"5","6Q":"5","44":"5","5F":"5","55":"5","57":"5","6X":"5","5G":"5","6W":"5","45":"5","42":"5","5M":"5","58":"5","5J":"5","6R":"5","5C":"5","6V":"5","5H":"5","5Q":"5"},"Q6":{"QW":"5","QX":"5","PM":"5","M4":"5","PH":"5","PQ":"5","PR":"5","PC":"5","Q9":"5","PG":"5","PJ":"5","Q8":"5","J3":"5","P6":"5","QC":"5","M6":"5","J4":"5","QV":"5","P8":"5","PF":"5","P7":"5","PP":"5","J2":"5","PV":"5","M5":"5"},"RH":{"25":"5","2J":"5","2G":"5","2Q":"5","23":"5","2C":"5","2F":"5","26":"5","22":"5","24":"5","2M":"5","29":"5","2P":"5","2H":"5","27":"5","28":"5"},"VX":{"CH":"5"},"QJ":{"V8":"5","WF":"5","V5":"5","XH":"5","W4":"5","V6":"5","R6":"5","VC":"5","R8":"5","WC":"5","R7":"5","W2":"5","W3":"5","V4":"5","V9":"5","WG":"5","XG":"5"},"QG":{"XJ":"5","W6":"5","XG":"5","W5":"5","XM":"5","WF":"5","W3":"5","W9":"5","XP":"5","W4":"5","W7":"5","WC":"5","WG":"5","XH":"5","W8":"5","W2":"5","XQ":"5"},"Q4":{"8G":"5","8J":"5","78":"5","9R":"5","64":"5","63":"5","8M":"5","8F":"5","8P":"5","8H":"5","62":"5","8C":"5","9W":"5","67":"5","9V":"5","77":"5","7C":"5","8Q":"5","66":"5","65":"5","79":"5","9X":"5","9Q":"5"},"RP":{"P3":"5","W5":"5","M3":"5","V5":"5","Q3":"5","M2":"5","Q4":"5","X5":"5","R4":"5","V4":"5","X6":"5","J2":"5"},"Q5":{"GQ":"5","GM":"5","HR":"5","92":"5","GH":"5","GC":"5","GF":"5","F8":"5","JX":"5","GP":"5","C6":"5","HV":"5","F7":"5","C4":"5","JW":"5","GG":"5","JV":"5","FC":"5","F9":"5","GR":"5","C5":"5","93":"5","GJ":"5","C7":"5","C3":"5"},"QH":{"WW":"5","XV":"5","XR":"5","WX":"5","WV":"5","XQ":"5"},"Q9":{"X3":"5","X6":"5","X4":"5","X5":"5","X7":"5","X2":"5"},"QF":{"X8":"5","XH":"5","X9":"5","X7":"5","WP":"5","X5":"5","WW":"5","XC":"5","XF":"5","WQ":"5","WX":"5","WR":"5","X2":"5","WM":"5","X6":"5","XG":"5","XJ":"5","WV":"5","XM":"5"},"G4":{"HX":"5","6V":"5"},"RC":{"32":"5","35":"5","34":"5","33":"5","27":"5","26":"5","36":"5"},"RG":{"2Q":"5","2V":"5","2X":"5","2R":"5","2W":"5"},"Q7":{"R8":"5","RJ":"5","Q7":"5","RC":"5","Q3":"5","VV":"5","VR":"5","Q6":"5","RH":"5","VQ":"5","Q2":"5","RM":"5","RQ":"5","VW":"5","RF":"5","RP":"5","VX":"5","Q8":"5","R9":"5","Q5":"5","Q4":"5","RG":"5"},"Q8":{"XR":"5","W7":"5","WJ":"5","W2":"5","V6":"5","V2":"5","WQ":"5","W5":"5","W3":"5","WC":"5","XX":"5","WH":"5","XW":"5","WR":"5","XV":"5","WM":"5","W9":"5","W8":"5","WF":"5","W6":"5","W4":"5","WG":"5","WP":"5"},"VP":{"37":"5","69":"5","6C":"5","8J":"5","8X":"5","8H":"5","8P":"5","8G":"5","59":"5","26":"5","8Q":"5","8R":"5","47":"5","8M":"5","58":"5","48":"5","6F":"5","8W":"5","7G":"5","8V":"5","36":"5","7F":"5"},"RJ":{"4W":"5","5X":"5","2J":"5","2Q":"5","3V":"5","5W":"5","2R":"5","2M":"5","6X":"5","2P":"5","4V":"5","3R":"5","2H":"5"},"QC":{"WF":"5","X8":"5","X9":"5","XX":"5","X7":"5","WC":"5","WH":"5","XV":"5","WP":"5","XC":"5","XW":"5","WQ":"5","XR":"5","WG":"5","WR":"5","WJ":"5","WM":"5"},"VR":{"C5":"5","9H":"5","C7":"5","C6":"5"},"RF":{"24":"5","22":"5","28":"5","23":"5","27":"5","25":"5"},"FJ":{"6R":"5"},"XM":{"W7":"5"}},"83":{"5F":{"3G":"5"},"X8":{"M5":"5"},"4F":{"C5":"5"},"4J":{"XV":"5"},"8P":{"7H":"5","6X":"5","6R":"5"},"9M":{"9R":"5","9V":"5"},"8Q":{"35":"5","45":"5"},"7Q":{"W9":"5","Q3":"5","W8":"5"},"45":{"9C":"5"},"7V":{"GV":"5"},"2R":{"G7":"5"},"5J":{"4X":"5","3X":"5","3H":"5","5G":"5","2H":"5","3G":"5","39":"5"},"6M":{"H3":"5"},"9P":{"73":"5"},"4C":{"GX":"5"},"5M":{"V3":"5"}},"5X":{"PQ":{"P6":"5","Q9":"5"}},"8M":{"5H":{"CG":"5","GC":"5","CJ":"5"},"5G":{"VV":"5"}},"54":{"PQ":{"FX":"5"},"W2":{"7G":"5","FV":"5","9V":"5"},"8Q":{"RW":"5"},"W3":{"G3":"5","H6":"5"},"F7":{"PX":"5"},"CW":{"R7":"5","V7":"5","R8":"5","V8":"5","R6":"5"},"M6":{"R8":"5"},"X6":{"23":"5"},"FP":{"WH":"5","VH":"5","WJ":"5","WG":"5"},"5M":{"5V":"5"}},"GX":{"5W":{"RP":"5","QQ":"5"}},"37":{"PV":{"89":"5","97":"5"}},"3M":{"QW":{"2C":"5"},"P3":{"M9":"5"},"XH":{"XG":"5"},"X7":{"RG":"5"},"X5":{"77":"5"},"XC":{"RW":"5","VW":"5"},"XF":{"W6":"5","W5":"5","R4":"5","V5":"5","V7":"5","W3":"5","X6":"5","W4":"5","V6":"5","V4":"5","X5":"5","R5":"5"},"XJ":{"H5":"5"},"GV":{"P7":"5"}},"46":{"QW":{"7V":"5"},"XP":{"VC":"5"},"33":{"HP":"5"},"69":{"X2":"5"},"77":{"PP":"5","PM":"5","MJ":"5","P9":"5","RJ":"5","GG":"5","HJ":"5","GP":"5","HM":"5","FJ":"5","QP":"5","FM":"5","VP":"5","VQ":"5","PJ":"5","GQ":"5","QF":"5","GX":"5","HH":"5","VJ":"5","MC":"5","PH":"5","PQ":"5","P3":"5","HG":"5","QJ":"5","MM":"5","VM":"5","RW":"5","GH":"5","GW":"5","HP":"5"},"RQ":{"24":"5","44":"5","33":"5","43":"5","94":"5"},"96":{"46":"5"},"87":{"2W":"5"},"C9":{"GF":"5"},"8F":{"2J":"5","2X":"5","2W":"5"},"QJ":{"W3":"5"},"QH":{"8C":"5"},"QP":{"FH":"5","HJ":"5"},"8G":{"22":"5"},"78":{"H9":"5","Q4":"5","4G":"5","GR":"5","9W":"5","CX":"5","HC":"5","JF":"5","6Q":"5","J7":"5","59":"5","GF":"5","7Q":"5","R3":"5"},"67":{"X4":"5","X5":"5"},"63":{"4X":"5","6W":"5","6X":"5","6H":"5","7P":"5","6Q":"5","5X":"5","6V":"5","6J":"5"},"86":{"HM":"5","P4":"5"},"22":{"7W":"5","6W":"5"},"C8":{"C2":"5"},"C4":{"J7":"5"},"89":{"HC":"5","P7":"5"},"88":{"7M":"5","CJ":"5"},"7C":{"FX":"5","5J":"5"},"FC":{"83":"5","F4":"5"},"85":{"H9":"5","49":"5"},"MH":{"87":"5"},"C5":{"Q4":"5"},"HC":{"5W":"5"},"7F":{"XX":"5","XW":"5","F2":"5","C2":"5"},"54":{"65":"5"},"94":{"XR":"5"},"79":{"78":"5","77":"5","87":"5"},"68":{"M9":"5"}},"2M":{"MH":{"GQ":"5","FQ":"5"},"R9":{"PV":"5","R9":"5","R8":"5","RC":"5"},"HH":{"PX":"5"}},"85":{"C4":{"34":"5"}},"7F":{"QH":{"VR":"5","G8":"5","F6":"5"},"J8":{"MR":"5","JQ":"5","PH":"5","PG":"5"},"95":{"4H":"5"}},"RJ":{"HF":{"8Q":"5"},"C7":{"72":"5"},"C6":{"5C":"5","7Q":"5"},"C4":{"66":"5"}},"HV":{"W5":{"GF":"5"}},"73":{"G2":{"CX":"5"},"GM":{"FP":"5"}},"JV":{"5M":{"67":"5","75":"5"},"FG":{"M8":"5","M3":"5","HG":"5","J8":"5","J3":"5","J9":"5"}},"32":{"FP":{"32":"5"},"MX":{"GM":"5"},"4P":{"RG":"5"}},"MW":{"78":{"HP":"5"},"7C":{"M4":"5"},"79":{"R9":"5"}},"3Q":{"2J":{"WH":"5","WM":"5","WG":"5"},"2C":{"53":"5"},"MJ":{"9Q":"5"},"9F":{"4H":"5"}},"4C":{"2G":{"44":"5"}},"9P":{"R2":{"6H":"5"},"V5":{"39":"5"},"V6":{"38":"5","37":"5","76":"5","86":"5","77":"5","23":"5","87":"5"},"R6":{"X3":"5","W3":"5","W2":"5","X2":"5"},"R5":{"QG":"5","QH":"5","VV":"5"}},"3V":{"7V":{"XV":"5","XR":"5"}},"2V":{"WW":{"GP":"5"},"FX":{"3M":"5","3J":"5","2M":"5","2P":"5"}},"4W":{"84":{"79":"5"}},"24":{"3Q":{"WH":"5"},"PQ":{"JX":"5"},"4Q":{"4F":"5","69":"5","5F":"5","5C":"5"}},"88":{"HR":{"54":"5"}},"CQ":{"G8":{"RF":"5"}},"35":{"QX":{"2J":"5","2V":"5","2G":"5","2Q":"5","2C":"5","3V":"5","2F":"5","3W":"5","2R":"5","3X":"5","2M":"5","4X":"5","2P":"5","2H":"5"},"PM":{"4P":"5","5P":"5","5Q":"5","3P":"5","9V":"5","F8":"5","8R":"5","9X":"5","7Q":"5","CX":"5","9W":"5","6Q":"5","8V":"5","2P":"5","7R":"5","FJ":"5"},"JP":{"Q6":"5","XR":"5","V4":"5","Q7":"5"},"PQ":{"H2":"5","HR":"5","H9":"5","H8":"5","H3":"5","H4":"5","HG":"5","HF":"5","GH":"5","H7":"5","HJ":"5","H6":"5","HV":"5","H5":"5","GG":"5","HM":"5","HW":"5","GJ":"5","HC":"5","HP":"5","HX":"5","HQ":"5"},"PR":{"H2":"5","JP":"5","G5":"5","G8":"5","JH":"5","MW":"5","HG":"5","G9":"5","HF":"5","GC":"5","JQ":"5","G4":"5","JM":"5","JR":"5","MX":"5","JG":"5","G7":"5","G6":"5","G3":"5","JV":"5","G2":"5","HC":"5","JJ":"5","MV":"5"},"PX":{"W5":"5","X8":"5","W4":"5","X9":"5","X7":"5","W2":"5","XC":"5","W3":"5","W6":"5","X6":"5"},"MP":{"4G":"5","5F":"5","4C":"5"},"FH":{"QW":"5"},"PP":{"C5":"5","HG":"5","HR":"5","G4":"5","H9":"5","JC":"5","F7":"5","HW":"5","HJ":"5","G8":"5","HF":"5","C3":"5","HM":"5","F6":"5","HP":"5","G7":"5","HC":"5","HX":"5","HQ":"5","H8":"5","HV":"5","HH":"5","F5":"5","C2":"5","C4":"5"},"MM":{"CQ":"5"},"PV":{"M3":"5","MG":"5","P8":"5","PV":"5","MJ":"5","P9":"5","M5":"5","MQ":"5","PR":"5","MR":"5","M9":"5","P7":"5","M2":"5","MC":"5","MP":"5","MH":"5","PW":"5","MF":"5","MM":"5","M4":"5","P6":"5","PX":"5","P5":"5"},"GJ":{"87":"5"},"PW":{"WJ":"5","R8":"5","R7":"5","Q7":"5","WQ":"5","RC":"5","VV":"5","P4":"5","VC":"5","Q6":"5","VF":"5","WV":"5","VG":"5","WH":"5","P2":"5","WR":"5","VW":"5","WM":"5","P3":"5","VX":"5","WX":"5","WG":"5","R9":"5","Q5":"5","Q4":"5","WP":"5"}},"9C":{"Q4":{"M7":"5","G6":"5","H6":"5"}},"47":{"W6":{"XC":"5"},"W5":{"RQ":"5"},"CV":{"66":"4"},"Q3":{"28":"5"},"W2":{"2M":"5"}},"4V":{"7M":{"4X":"5"},"G2":{"8C":"5"},"6M":{"VW":"5"}},"5J":{"6Q":{"7C":"5"}},"45":{"MP":{"W7":"5"},"RG":{"7G":"5","GV":"5","GR":"5"},"GV":{"VQ":"5","66":"5","77":"5","76":"5","PC":"5","GC":"5","Q9":"5","RJ":"5","G7":"5","MQ":"5","QC":"5"},"CW":{"RW":"5","QW":"5","RV":"5","QV":"5"},"HM":{"97":"5"},"W9":{"X2":"5"},"PM":{"Q6":"5","8M":"5","R7":"5","R8":"5","Q5":"5","J4":"5"},"R5":{"6X":"5"},"HV":{"2G":"5"},"QJ":{"4P":"5","G9":"5"}},"5V":{"2J":{"VW":"5"},"3G":{"83":"5","84":"5"}},"27":{"GQ":{"F4":"5"},"J8":{"7G":"5"},"HW":{"P2":"5"},"GR":{"98":"5"}},"QH":{"WP":{"VQ":"5"},"WF":{"RW":"5","XM":"5"},"XF":{"3M":"5"}},"57":{"2G":{"R5":"5"},"3H":{"P2":"5","R2":"5","V2":"5","Q2":"5"},"XV":{"8H":"5"},"27":{"FQ":"5"},"3G":{"QW":"5","QX":"5","RX":"5","VX":"5","RW":"5","PX":"5","52":"5","VW":"5","PW":"5"}},"33":{"XV":{"CC":"5"}},"CJ":{"8X":{"4P":"5","5P":"5","4H":"5","4J":"5","4M":"5","5Q":"5","5R":"5","4Q":"5","3J":"5","3M":"5","5M":"5"},"8W":{"65":"5"}},"7H":{"C5":{"X2":"5"}},"49":{"RX":{"28":"5"},"QX":{"WC":"5"},"6J":{"3Q":"5"}},"MM":{"2C":{"XG":"5"},"3F":{"9Q":"5"}},"48":{"RG":{"P5":"5"},"G3":{"XC":"5"},"9V":{"QQ":"5"},"3M":{"34":"5","23":"5"},"Q9":{"WX":"5"},"JR":{"HX":"5"}},"3F":{"RW":{"X4":"5"},"9V":{"Q8":"5"},"JJ":{"F2":"5"},"RV":{"H7":"5"},"66":{"8G":"5","98":"5"},"RQ":{"3F":"5"}},"G3":{"VV":{"8W":"5","VP":"5","RW":"5","MH":"5","FM":"5","FC":"5","PQ":"5","VX":"5","GR":"5","V8":"5","RH":"5","GG":"5","CV":"5","XM":"5","CP":"5","WH":"5","M7":"5","M8":"5","Q9":"5","HM":"5","WG":"5","RR":"5","3M":"5","HQ":"5","GC":"5","RG":"5","PP":"5","FV":"5","GQ":"5","WV":"5","QJ":"5","JX":"5","VR":"5","H8":"5","CQ":"5","QM":"5","9Q":"5","JH":"5","MQ":"5","VC":"5","FW":"5","R9":"5","HH":"5","H9":"5","MF":"5","RX":"5","QH":"5","RC":"5","FF":"5","MG":"5","G9":"5","XH":"5","P7":"5","XV":"5","MM":"5","QF":"5","MW":"5","PW":"5","JQ":"5","MX":"5","GX":"5","HW":"5","JJ":"5","JC":"5","PC":"5","WJ":"5","JG":"5","JV":"5","VW":"5","RV":"5","MR":"5","HX":"5","WF":"5","9M":"5","CR":"5","Q7":"5","FX":"5","9P":"5","CX":"5","8V":"5","GP":"5","RM":"5","9W":"5","VH":"5","XG":"5","9X":"5","XJ":"5","QG":"5","VJ":"5","VQ":"5","HJ":"5","WR":"5","QX":"5","FG":"5","CJ":"5","V9":"5","CG":"5","JM":"5","WC":"5","RF":"5","PG":"5","GV":"5","9R":"5","P9":"5","W9":"5","J9":"5","XF":"5","9V":"5","GH":"5","RJ":"5","HR":"5","FJ":"5","VM":"5","XP":"5","PR":"5","FH":"5","QW":"5","XQ":"5","QR":"5","JW":"5","MJ":"5","FR":"5","R8":"5","PM":"5","Q8":"5","M9":"5","GJ":"5","XC":"5","8X":"5","9J":"5","P8":"5","HG":"5","J7":"5","MP":"5","WP":"5","XX":"5","PH":"5","VG":"5","WX":"5","VV":"5","FQ":"5","J8":"5","QC":"5","HP":"5","R7":"5","CM":"5","GF":"5","JP":"5","XW":"5","HV":"5","PX":"5","JR":"5","FP":"5","MC":"5","WM":"5","PF":"5","MV":"5","GM":"5","QQ":"5","GW":"5","WW":"5","HC":"5","RP":"5","CW":"5","WQ":"5","PV":"5","RQ":"5","HF":"5","XR":"5","CH":"5","VF":"5","JF":"5","QP":"5","PJ":"5","QV":"5"},"WW":{"23":"5","43":"5","28":"5","33":"5","2J":"5","3F":"5","27":"5","34":"5","2F":"5","44":"5","39":"5","38":"5","26":"5","29":"5","36":"5","37":"5","2G":"5","22":"5","35":"5","24":"5","45":"5","42":"5","2H":"5","32":"5","3C":"5","25":"5","46":"5","2C":"5"},"WV":{"2J":"5","2V":"5","3X":"5","3Q":"5","2P":"5","2M":"5","3W":"5","4V":"5","3V":"5","4X":"5","2R":"5","3M":"5","2G":"5","3J":"5","2Q":"5","2H":"5","2X":"5","4W":"5","3R":"5","2W":"5","3P":"5"},"VW":{"FF":"5","FM":"5","F2":"5","WH":"5","V6":"5","CC":"5","G3":"5","MC":"5","HG":"5","PH":"5","J3":"5","VR":"5","R6":"5","R7":"5","HH":"5","R5":"5","FH":"5","RR":"5","X8":"5","C9":"5","WM":"5","C6":"5","VP":"5","H5":"5","P5":"5","GG":"5","QM":"5","V2":"5","CF":"5","R9":"5","XH":"5","Q3":"5","G7":"5","83":"5","87":"5","R2":"5","X7":"5","X5":"5","FC":"5","JJ":"5","X4":"5","X3":"5","M6":"5","F7":"5","PV":"5","GC":"5","C8":"5","W9":"5","FP":"5","G8":"5","P2":"5","HM":"5","F5":"5","GF":"5","WF":"5","VQ":"5","H2":"5","WC":"5","JC":"5","VG":"5","RJ":"5","99":"5","J9":"5","QF":"5","HJ":"5","Q8":"5","XP":"5","RG":"5","QC":"5","94":"5","RQ":"5","QR":"5","PF":"5","9F":"5","QH":"5","F9":"5","M2":"5","RF":"5","85":"5","P7":"5","PM":"5","86":"5","MP":"5","JH":"5","Q7":"5","J5":"5","XG":"5","97":"5","GH":"5","95":"5","JP":"5","HR":"5","R4":"5","X2":"5","VJ":"5","H7":"5","Q2":"5","F8":"5","X6":"5","W3":"5","V5":"5","XC":"5","H9":"5","VC":"5","JF":"5","WQ":"5","W2":"5","FJ":"5","M5":"5","R8":"5","X9":"5","Q6":"5","PJ":"5","W6":"5","PP":"5","96":"5","MJ":"5","Q9":"5","QQ":"5","P9":"5","J2":"5","HC":"5","J8":"5","XJ":"5","C3":"5","P8":"5","MM":"5","P3":"5","82":"5","93":"5","GQ":"5","MR":"5","CJ":"5","CG":"5","MH":"5","VH":"5","WG":"5","Q5":"5","M9":"5","R3":"5","MF":"5","QV":"5","Q4":"5","M7":"5","GM":"5","JG":"5","G2":"5","98":"5","PQ":"5","F3":"5","C2":"5","92":"5","XM":"5","F6":"5","J4":"5","CH":"5","QJ":"5","VF":"5","G5":"5","HP":"5","WJ":"5","9C":"5","HQ":"5","MQ":"5","QP":"5","H6":"5","H4":"5","G6":"5","F4":"5","J7":"5","RC":"5","MV":"5","JQ":"5","MG":"5","84":"5","FG":"5","V9":"5","RM":"5","V8":"5","HF":"5","PG":"5","PC":"5","WP":"5","GP":"5","V3":"5","M8":"5","J6":"5","XF":"5","GJ":"5","QG":"5","P4":"5","RH":"5","P6":"5","W5":"5","W4":"5","W8":"5","JM":"5","C5":"5","G9":"5","C7":"5","M3":"5","JR":"5","V7":"5","PR":"5","W7":"5","H3":"5","V4":"5","H8":"5","G4":"5","VM":"5","RP":"5","C4":"5","M4":"5"}},"2Q":{"G4":{"68":"5","69":"5","6H":"5"},"WH":{"XM":"5","XP":"5","VP":"5"},"RR":{"J3":"5","H2":"5"}},"5C":{"W3":{"MM":"5"},"JR":{"9G":"5"}},"34":{"XG":{"F3":"5"},"WH":{"M2":"5"},"WC":{"7G":"5","8H":"5","7H":"5","7M":"5"},"X9":{"CP":"5"}},"2C":{"RC":{"PC":"5"}},"4F":{"5Q":{"59":"5"}},"JP":{"F2":{"V6":"5"},"G2":{"J2":"5","P2":"5","J3":"5","M2":"5","H3":"5","G3":"5","F2":"5","H2":"5","G2":"5","M4":"5"}},"8W":{"W7":{"48":"5"}},"5F":{"RW":{"P4":"5"},"F7":{"JX":"5"},"C2":{"MC":"5","7H":"5","7V":"5"}},"65":{"52":{"HF":"5","GG":"5"},"23":{"45":"5"}},"99":{"82":{"HP":"5"}},"3R":{"V2":{"4Q":"5","4P":"5"},"HJ":{"HW":"5"},"V5":{"Q6":"5"},"WJ":{"CC":"5"},"W7":{"VH":"5"},"XH":{"GQ":"5","HP":"5","GP":"5"}},"FG":{"RW":{"GH":"5"}},"64":{"42":{"R4":"5","R3":"5"},"63":{"33":"5","96":"5","23":"5","86":"5","22":"5","95":"5","85":"5"},"45":{"57":"5","85":"5","65":"5"},"26":{"75":"5","Q7":"5"}},"55":{"V8":{"JH":"5"},"38":{"GQ":"5","VH":"5","GR":"5"},"43":{"XM":"5","PQ":"5","RM":"5"},"9V":{"FX":"5"},"5G":{"X8":"5","X7":"5","PR":"5","MW":"5","X5":"5","W7":"5","W8":"5","W6":"5","QV":"5","X6":"5","X4":"5","PV":"5","QR":"5","PW":"5","MV":"5"},"6G":{"24":"5","26":"5","25":"5"},"2M":{"4G":"5","3G":"5"},"GJ":{"HG":"5","HF":"5","HC":"5","GF":"5"},"HP":{"88":"5"}},"HJ":{"55":{"J9":"5"}},"62":{"HJ":{"W6":"5","V5":"5"},"9H":{"XX":"5","XW":"5"},"9J":{"XC":"5","WF":"5","WC":"5","XF":"5"},"HH":{"4H":"5","F8":"5","HJ":"5","HM":"5","6H":"5"},"QJ":{"6R":"5"}},"38":{"7G":{"PH":"5"},"47":{"CC":"5"},"6G":{"7M":"5"},"4M":{"CG":"5"},"9J":{"9C":"5"},"XH":{"MP":"5","HM":"5","Q9":"5","QQ":"5","7J":"5","MM":"5"}},"67":{"P6":{"M8":"5","P6":"5","M7":"5","M6":"5","J6":"5","J7":"5","P7":"5"},"6F":{"42":"5","43":"5"},"3H":{"X9":"5"},"R5":{"72":"5"},"2P":{"46":"5"}},"56":{"2V":{"XC":"5"},"95":{"53":"5"},"69":{"92":"5"}},"89":{"7H":{"C9":"5"},"5F":{"H3":"5","VP":"5"},"5C":{"GQ":"5"},"3M":{"4F":"5","4G":"5","3H":"5","3F":"5","3G":"5"}},"2R":{"9G":{"RG":"5","VH":"5","RC":"5","QC":"5","MM":"5"}},"HC":{"72":{"H3":"5"}},"22":{"XP":{"X9":"5"},"G6":{"W6":"5"},"F4":{"2C":"5"},"F5":{"23":"5"}},"JR":{"75":{"38":"5"},"5Q":{"P4":"5"}},"94":{"48":{"3Q":"5"},"XM":{"V3":"5"},"WQ":{"R5":"5"},"XP":{"3H":"5"}},"58":{"P2":{"X5":"5"},"2X":{"P2":"4"},"RX":{"FR":"5"},"2R":{"64":"5"},"2W":{"C2":"5"}},"JM":{"GX":{"RM":"5","MX":"5","9F":"5","GR":"5","HP":"5","PG":"5","R8":"5","HQ":"5","GP":"5","MQ":"5","VJ":"5","FW":"5","G9":"5","RF":"5","GX":"5","GW":"5","JF":"5","7F":"5","WR":"5","RJ":"5","HV":"5","FR":"5","RG":"5","GQ":"5","JV":"5","FQ":"5","QX":"5","MW":"5","HM":"5","WX":"5","MR":"5","HR":"5","FV":"5","9C":"5","P9":"5","HW":"5","GM":"5","JJ":"5","PC":"5","MM":"5","6P":"5","FX":"5","HX":"5","JP":"5","JQ":"5","VH":"5","GJ":"5","FP":"5","JX":"5","HJ":"5","MP":"5","MV":"5","JW":"5","QM":"5","JR":"5","GV":"5","JM":"5","RH":"5","QR":"5","QG":"5","6G":"5"},"GW":{"GR":"5"}},"95":{"5W":{"2G":"5"},"7M":{"XM":"5"}},"2W":{"32":{"VX":"5","XM":"5","WM":"5","VM":"5"},"42":{"2M":"5"},"M4":{"4F":"5"}},"3X":{"8J":{"57":"5","58":"5"},"6H":{"5W":"5","5X":"5"},"CJ":{"G8":"5","GF":"5"},"2M":{"C6":"5"}},"CP":{"5H":{"CG":"5","PM":"5"}},"42":{"85":{"GC":"5"}},"87":{"QP":{"HW":"5","JW":"5","HV":"5"},"QQ":{"VJ":"5","VQ":"5","VM":"5","VP":"5"}},"6G":{"88":{"M8":"5","HG":"5","J7":"5"},"HQ":{"WW":"5"}},"3G":{"9M":{"62":"5"},"9J":{"7X":"5"},"9F":{"74":"5","65":"5"},"F5":{"77":"5"}},"28":{"35":{"H6":"5"},"8F":{"HM":"5"},"9C":{"3X":"5","V8":"5","3M":"5","3W":"5"},"66":{"H6":"5"},"94":{"Q2":"5"}},"3C":{"46":{"HJ":"5","JP":"5"},"R7":{"M7":"5"},"8F":{"JF":"5"},"8C":{"XJ":"5"},"58":{"QF":"5"},"Q9":{"57":"5"},"7V":{"F3":"5"},"6C":{"CX":"5"},"7R":{"5P":"5","5M":"5","HW":"5","3H":"5","HX":"5","4J":"5"}},"5W":{"HP":{"69":"5"}}}}