{"index":{"university,1|retail,2|tourism,3|wreck,4|historical,5|artsCulture,6|namedBuilding,7|water,8|wetland,9|park,10|beach,11|natureReserve,12|cemetery,13|trail,14":{}},"9Q":{"83":{"HM":{"W2":"5"},"JJ":{"4V":"5"}},"C8":{"HM":{"JR":"5"},"GG":{"2G":"5","2F":"5","3F":"5","3G":"5"},"X7":{"G8":"5","FC":"5"}},"39":{"6X":{"JR":"5"}},"G2":{"9C":{"8G":"5","F3":"5"},"9F":{"W7":"5"}},"M8":{"XJ":{"6F":"5"},"HG":{"H4":"5","97":"5"},"HJ":{"JC":"5","JF":"5"},"GG":{"P8":"5"},"HC":{"7G":"5"}},"RR":{"H8":{"64":"5"}},"3M":{"42":{"MM":"5"}},"86":{"RW":{"C5":"5"},"MQ":{"C6":"5"},"MP":{"6C":"5","56":"5","43":"5","HG":"5","63":"5","7C":"5","46":"5"},"MM":{"F7":"5","C7":"5"},"WV":{"4X":"5"},"MJ":{"PQ":"5"},"HQ":{"GC":"5"},"MR":{"GQ":"5","GJ":"5","HJ":"5"}},"2C":{"PP":{"XG":"5"},"46":{"VR":"5"},"WF":{"CF":"5","68":"5","9C":"5","C6":"5","FF":"5"},"92":{"72":"5"}},"JH":{"5C":{"M8":"5"}},"3P":{"4J":{"CW":"5"}},"HH":{"J9":{"GC":"5"},"6C":{"Q6":"5"}},"54":{"F8":{"XM":"5"}},"H9":{"49":{"45":"5"}},"48":{"JP":{"JX":"5"}},"7V":{"3X":{"MG":"5"}},"4G":{"FR":{"4X":"5"}},"57":{"FR":{"22":"5"},"FQ":{"2W":"5"},"CR":{"X4":"5"}},"M5":{"VR":{"4R":"5"}},"36":{"M9":{"CQ":"5"}},"3X":{"86":{"RR":"5","RQ":"5"}},"55":{"H7":{"59":"5"},"XW":{"HR":"5","GV":"5","MQ":"5","HV":"5"},"FV":{"HV":"5"}},"JQ":{"JH":{"WP":"5","W9":"5","W8":"5"}},"3J":{"3J":{"F4":"5","C2":"5"}},"2X":{"44":{"2F":"5"},"34":{"XF":"5"}},"68":{"9Q":{"6C":"5"}},"JJ":{"2C":{"2R":"5"}},"29":{"8F":{"FG":"5"},"8Q":{"H2":"5","2H":"5"},"CM":{"6P":"5"},"9J":{"92":"5"},"58":{"H7":"5"},"CC":{"C3":"5"},"6G":{"F5":"5"},"7G":{"4F":"5","5P":"5","7P":"5","49":"5","5F":"5","QR":"5","V8":"5","57":"5","6P":"5","WH":"5","4M":"5","4C":"5","8P":"5","5M":"5","5J":"5","VH":"5","4R":"5","67":"5","5C":"5","CG":"5","4G":"5","RG":"5"},"7F":{"F3":"5","G7":"5"},"7H":{"C5":"5"}},"76":{"5P":{"2Q":"5","2X":"5"},"RX":{"VH":"5"},"6P":{"5G":"5"},"5Q":{"32":"5"},"4P":{"WH":"5","RP":"5","XM":"5","VH":"5","XP":"5","RR":"5","WG":"5","RQ":"5"}},"JG":{"VR":{"CP":"5"},"G2":{"GP":"5"}},"JV":{"XC":{"M8":"5"}},"58":{"48":{"7G":"5","7J":"5"}},"X7":{"W4":{"75":"5"}},"M3":{"QJ":{"4F":"5","5F":"5","57":"5","5C":"5"}},"2F":{"4F":{"93":"5"},"4C":{"3G":"5"}},"GP":{"9F":{"96":"5"}},"5J":{"3W":{"8R":"5","9W":"5"}},"45":{"R5":{"QM":"5"}},"QG":{"72":{"Q5":"5"}},"VQ":{"G3":{"F3":"5"},"JH":{"WF":"5"}},"R5":{"HG":{"V6":"5"},"Q9":{"FH":"5","9G":"5"}},"HJ":{"XC":{"WQ":"5","VM":"5","WR":"5","WV":"5"},"R4":{"R9":"5"},"28":{"4H":"5","3H":"5","4M":"5","3M":"5","3J":"5","4J":"5","3G":"5"}},"3C":{"W5":{"V9":"5","VG":"5","RF":"5","R8":"5","V8":"5","PC":"5","VF":"5","VC":"5"},"Q4":{"88":"5","69":"5","89":"5","7F":"5","67":"5","57":"5"},"39":{"V9":"5"},"J7":{"Q4":"5"},"55":{"P2":"5","M2":"5"},"F7":{"86":"5"},"M7":{"52":"5"},"HM":{"2J":"5"},"5C":{"5M":"5"},"94":{"RH":"5","VH":"5","7V":"5","GM":"5","7R":"5"},"HQ":{"WG":"5"}},"J6":{"R9":{"JR":"5"}},"63":{"3C":{"73":"5"},"3J":{"5X":"5"},"4J":{"4M":"5"}},"GH":{"VX":{"WP":"5","WQ":"5","VM":"5","XF":"5"}},"64":{"2V":{"XP":"5"}},"2W":{"8F":{"RJ":"5"}},"VM":{"H9":{"2Q":"5"},"7J":{"CP":"5","H8":"5","9Q":"5","CM":"5","FH":"5","GG":"5","FF":"5","FJ":"5","9J":"5","FM":"5","9V":"5","G9":"5","CF":"5","G8":"5","CJ":"5","9P":"5","CR":"5","9R":"5","9H":"5","9G":"5","FG":"5","GF":"5","HC":"5","FC":"5","CH":"5","GC":"5","GH":"5","CG":"5","H9":"5","CQ":"5"},"G9":{"XP":"5"}},"46":{"9P":{"5C":"5"}},"M9":{"WF":{"J8":"4","JC":"5","F7":"5","77":"4","87":"4"}},"2P":{"95":{"FW":"5"},"R4":{"8F":"5","8C":"5","7F":"5","7C":"5"}},"GJ":{"W2":{"2G":"5"}},"56":{"MR":{"RC":"5"}},"9J":{"7R":{"4C":"5"}},"F5":{"5V":{"6P":"5"},"7V":{"5J":"5"}},"3W":{"MH":{"FC":"5"}},"HG":{"Q4":{"GH":"5"},"G7":{"4W":"5"},"P7":{"VJ":"5","RJ":"5","VM":"5","RM":"5"}},"59":{"Q8":{"42":"5","44":"5"},"Q7":{"3Q":"5","3H":"5","3P":"5","4J":"5","3G":"5","4P":"5"},"P7":{"RG":"5","M6":"5","P4":"5","J6":"5"}},"J7":{"2Q":{"8Q":"5"}},"J8":{"GV":{"27":"5"},"3P":{"X2":"5"}},"C7":{"RG":{"8G":"5","8M":"5"},"H9":{"XJ":"5"},"37":{"F3":"5"},"JC":{"R4":"5","M4":"5"},"J9":{"3M":"5","4J":"5","7Q":"5","5R":"5","5Q":"5"}},"M2":{"C8":{"WF":"5","WG":"5"},"F8":{"29":"5"},"V6":{"CW":"5","FW":"5","8W":"5","CX":"5","9V":"5"},"G5":{"JM":"5"},"C9":{"M9":"5"}},"25":{"HC":{"6H":"5"}},"M6":{"P5":{"CV":"5"}},"47":{"4W":{"P6":"5","Q6":"5","P5":"5","M5":"5"}},"XW":{"R4":{"HH":"5"}},"M4":{"VQ":{"V5":"5"}},"2R":{"FW":{"R8":"5"},"JQ":{"4X":"5","2F":"5","5W":"5","3X":"5","2C":"5","29":"5","4V":"5","4R":"5","3V":"5","28":"5","5V":"5","4Q":"5","5X":"5","4W":"5","3W":"5"},"PJ":{"FV":"5","FW":"5"},"3Q":{"HR":"5","JR":"5"},"GP":{"XW":"5","WW":"5","XV":"5"},"JR":{"33":"5","5X":"5","42":"5","43":"5","83":"5","84":"5","74":"5","52":"5","85":"5","7X":"5","32":"5","6X":"5","75":"5","73":"5"},"5W":{"X3":"5"},"9W":{"GW":"5"},"CV":{"3V":"5"},"JV":{"52":"5","64":"5","63":"5","83":"5","62":"5","72":"5","73":"5"},"GX":{"FM":"5","GM":"5","WX":"5"},"8V":{"V6":"5"},"3G":{"X3":"5"},"HP":{"4W":"5","5X":"5","4P":"5","5P":"5","4M":"5","8X":"5","5R":"5","7W":"5","5W":"5","7V":"5","5V":"5","6Q":"5","8W":"5","6R":"5","8V":"5","7X":"5","6M":"5","6V":"5","6X":"5","4V":"5","6W":"5","5M":"5"},"HX":{"32":"5"},"6W":{"F3":"5","73":"5","H2":"5","C4":"5"},"HQ":{"XC":"5","52":"5","63":"5","62":"5","72":"5","53":"5"}},"HC":{"7M":{"X5":"5"},"87":{"28":"5"}},"66":{"6C":{"CJ":"5"}},"HF":{"VX":{"84":"5"},"RJ":{"8Q":"5"},"PG":{"XV":"5"},"WG":{"25":"5"}},"JF":{"4P":{"FP":"5"},"2Q":{"Q4":"5","R4":"5","M2":"5","P3":"5","WC":"5","W2":"5"},"3P":{"MR":"5","PX":"5","PW":"5","PV":"5","PR":"5"},"P6":{"HG":"5"},"MP":{"46":"5"},"2M":{"J7":"5","66":"5"},"2P":{"JW":"5","P8":"5","PV":"5","GM":"5","FQ":"5","C6":"5","GG":"5","HJ":"5","JF":"5","FP":"5","HM":"5","QR":"5","MR":"5","GJ":"5","JX":"5","PJ":"5","MV":"5","GQ":"5","JG":"5","JC":"5","98":"5","83":"5","HH":"5","HW":"5","94":"5","MW":"5","JH":"5","CC":"5","FC":"5","CH":"5","QW":"5","PX":"5","CG":"5"},"3R":{"65":"4"}},"2G":{"78":{"C5":"5"},"76":{"F3":"5","G3":"5","9P":"5"},"77":{"WH":"5","WJ":"5","VQ":"5"}},"2V":{"P6":{"F2":"5"},"J3":{"2G":"5","78":"5","2F":"5"},"H3":{"M3":"5","RQ":"5","X9":"5","PH":"5","RP":"5","J7":"5","G9":"5","PJ":"5","XG":"5","M5":"5","QM":"5","W9":"5","P9":"5"},"G3":{"85":"5"},"C3":{"CJ":"5"},"F2":{"JX":"5","JW":"5"},"33":{"2Q":"5"},"H2":{"5F":"5","2H":"5","3G":"5"},"G2":{"VQ":"5","M4":"5","JC":"5","R5":"5","VJ":"5","HF":"5","X5":"5","VF":"5","M8":"5","JG":"5","MH":"5","MJ":"5","HC":"5","JF":"5","W9":"5"}}}}