{"9R":{"FH":{"H7":{"HW":"5"},"M8":{"69":"5"},"QF":{"3W":"5"},"H6":{"8X":"5"}},"V6":{"QF":{"CQ":"5","CR":"5"}},"M8":{"2X":{"Q7":"5"},"7M":{"HV":"5"}},"VM":{"FP":{"46":"5","47":"5","53":"5","69":"5","77":"5"}},"4R":{"R7":{"MM":"5"}},"WW":{"PP":{"G5":"5"}},"P5":{"G4":{"X9":"5"},"H5":{"7W":"5","6W":"5"},"H6":{"CH":"5"}},"F5":{"96":{"76":"5","67":"5"}},"5X":{"32":{"G5":"5"},"6X":{"64":"5","53":"4"}},"M4":{"FQ":{"7P":"5"},"M6":{"59":"5"}},"54":{"HW":{"XX":"5","8F":"5","G7":"5","7F":"5","JM":"5","FJ":"5","QX":"5"},"2W":{"2P":"5"}},"JF":{"PX":{"6J":"5"},"GJ":{"C8":"5","FJ":"5","GH":"5"}},"JH":{"7M":{"7G":"5","6F":"5","8C":"5"}},"M2":{"QX":{"67":"5"}},"6Q":{"7W":{"RP":"5","XR":"5"}},"HF":{"82":{"2X":"5","2W":"5"},"72":{"VR":"5"},"85":{"GQ":"5","FR":"5","CQ":"5","FQ":"5","FH":"5","GR":"5","FJ":"5","9Q":"5"},"84":{"5P":"5","5M":"5"}},"WP":{"7M":{"FR":"5","FQ":"5","FV":"5"}},"J8":{"WF":{"4X":"5"},"W9":{"PM":"5"},"W4":{"V6":"5"},"XR":{"H7":"5"}},"GG":{"4W":{"2P":"5"}},"4W":{"WJ":{"4H":"5","3H":"5","75":"5","3M":"5","3J":"5","4J":"5"},"RJ":{"V5":"5","V6":"5","R5":"5","J7":"5"},"X9":{"5Q":"5"},"VP":{"Q6":"5","Q7":"5"},"V5":{"73":"5"},"WC":{"M5":"5"},"VG":{"RC":"5"},"XP":{"54":"4","64":"4","72":"4","73":"4"},"VJ":{"V9":"5","WH":"5","R9":"5","WF":"5","RC":"5","WJ":"5","VC":"5"},"XV":{"W5":"5"},"WM":{"FR":"5","FQ":"5","XF":"5"},"XM":{"2X":"5","48":"5","V5":"5","CR":"5","V4":"5","4J":"5"},"CC":{"3P":"5","3M":"5"},"G5":{"PV":"5"},"WG":{"89":"5"},"X7":{"H5":"5","73":"5"},"X6":{"7X":"5"}},"J2":{"JR":{"F5":"5"}},"24":{"25":{"R9":"5"},"W5":{"FQ":"5"},"P3":{"JX":"5"},"V5":{"W5":"5","R4":"5","W4":"5","X2":"5"},"RM":{"J5":"5","X5":"5"},"2Q":{"28":"5","J4":"5","59":"5"},"P4":{"G4":"5"},"3P":{"9Q":"5"},"RC":{"RP":"5"},"W7":{"X4":"5"},"VM":{"44":"5"},"4V":{"4R":"5"}},"35":{"Q4":{"97":"5"},"R4":{"8X":"4","7X":"4"},"R5":{"63":"5"}},"M5":{"CQ":{"RM":"5","W8":"5","MX":"5","RV":"5","R9":"5","MC":"5","HP":"5","PG":"5","R8":"5","V6":"5","QJ":"5","RC":"5","HQ":"5","VG":"5","VM":"5","MQ":"5","VJ":"5","X2":"5","J9":"5","RF":"5","PF":"5","RP":"5","WH":"5","VQ":"5","WF":"5","PW":"5","JF":"5","JH":"5","Q8":"5","RJ":"5","HV":"5","R5":"5","RG":"5","Q9":"5","JV":"5","VR":"5","PM":"5","R7":"5","JC":"5","VC":"5","QX":"5","MW":"5","WP":"5","V7":"5","PH":"5","VW":"5","MR":"5","HR":"5","MJ":"5","QF":"5","PV":"5","R6":"5","P9":"5","M9":"5","HW":"5","WM":"5","JJ":"5","WG":"5","WC":"5","Q5":"5","QW":"5","V8":"5","QH":"5","PQ":"5","PC":"5","RW":"5","MM":"5","PP":"5","QP":"5","Q7":"5","HX":"5","JP":"5","W7":"5","RQ":"5","JQ":"5","Q6":"5","WJ":"5","VH":"5","QQ":"5","MF":"5","PJ":"5","W9":"5","QV":"5","VV":"5","PR":"5","JX":"5","RR":"5","JG":"5","MP":"5","VF":"5","MV":"5","JW":"5","MH":"5","QM":"5","MG":"5","W6":"5","QC":"5","V9":"5","VP":"5","RX":"5","PX":"5","JR":"5","JM":"5","RH":"5","QR":"5","QG":"5"},"FP":{"2X":"5","2W":"5"},"76":{"55":"5"},"FQ":{"8J":"5","7J":"5","6P":"5","8P":"5","7W":"5","7M":"5","7P":"5","8Q":"5","8R":"5","22":"5","7Q":"5","7V":"5","8M":"5","6Q":"5","8W":"5","6R":"5","8V":"5","6V":"5","7R":"5"},"CP":{"VV":"5","RQ":"5","VX":"5","XX":"5","RR":"5","RW":"5","QP":"5","XV":"5","QQ":"5","WW":"5","XW":"5","WX":"5","VW":"5","RV":"5","WV":"5","QR":"5","QM":"5"},"CR":{"Q2":"5","P3":"5","M3":"5","Q3":"5","H2":"5","M2":"5","M4":"5","H3":"5","Q4":"5","Q5":"5","H4":"5","R3":"5","J5":"5","P4":"5","J3":"5","R4":"5","P6":"5","P2":"5","H5":"5","M6":"5","J4":"5","P5":"5","J2":"5","R2":"5","M5":"5"},"75":{"5X":"5"}},"44":{"XW":{"QM":"5","WV":"5"}},"7W":{"WM":{"PP":"5","HR":"5","HQ":"5","GW":"5"}},"45":{"P7":{"J3":"5"}},"JJ":{"W9":{"MR":"5","JV":"5"},"WC":{"C8":"5","G4":"5","CM":"5"}},"WG":{"9Q":{"R4":"5","R8":"5"}},"5V":{"5M":{"4R":"5","5V":"5","4Q":"5","5R":"5","5Q":"5"},"4P":{"8R":"5"},"3W":{"FM":"5"}},"HH":{"CQ":{"4W":"5","5X":"5","4P":"5","2J":"5","2V":"5","5Q":"5","5R":"5","2Q":"5","4R":"5","3V":"5","3P":"5","2W":"5","3W":"5","3Q":"5","4Q":"5","5W":"5","5V":"5","2X":"5","2R":"5","6R":"5","3X":"5","3M":"5","2M":"5","6V":"5","4X":"5","4V":"5","2P":"5","3R":"5"},"9R":{"M3":"5","W7":"5","J5":"5","X3":"5","M5":"5","W2":"5","V6":"5","J2":"5","F4":"5","C3":"5","R5":"5","V2":"5","Q3":"5","F2":"5","W5":"5","C2":"5","P4":"5","Q6":"5","H2":"5","92":"5","V5":"5","W3":"5","J4":"5","G3":"5","V4":"5","R6":"5","G2":"5","G4":"5","X5":"5","V7":"5","X4":"5","M2":"5","V3":"5","Q2":"5","P2":"5","H3":"5","P3":"5","R3":"5","X2":"5","R2":"5","J3":"5","M4":"5","W6":"5","W4":"5","P6":"5","F3":"5","X7":"5","H4":"5","R4":"5","Q5":"5","Q4":"5","P5":"5","X6":"5"},"CR":{"32":"5","24":"5","46":"5","52":"5","42":"5","35":"5","37":"5","47":"5","44":"5","53":"5","34":"5","22":"5","33":"5","23":"5","43":"5","45":"5","27":"5","26":"5","36":"5","25":"5"},"9Q":{"VP":"5","RW":"5","MH":"5","FM":"5","FC":"5","PQ":"5","VX":"5","GR":"5","RH":"5","GG":"5","CV":"5","XM":"5","CP":"5","WH":"5","M8":"5","Q9":"5","HM":"5","WG":"5","RR":"5","HQ":"5","GC":"5","RG":"5","PP":"5","FV":"5","GQ":"5","WV":"5","QJ":"5","JX":"5","VR":"5","H8":"5","CQ":"5","QM":"5","9Q":"5","JH":"5","MQ":"5","VC":"5","FW":"5","R9":"5","HH":"5","H9":"5","MF":"5","RX":"5","QH":"5","RC":"5","FF":"5","MG":"5","G9":"5","XH":"5","XV":"5","MM":"5","QF":"5","MW":"5","PW":"5","JQ":"5","MX":"5","GX":"5","HW":"5","JJ":"5","JC":"5","PC":"5","X9":"5","WJ":"5","JG":"5","JV":"5","VW":"5","RV":"5","MR":"5","HX":"5","WF":"5","9M":"5","CR":"5","FX":"5","9P":"5","CX":"5","GP":"5","RM":"5","9W":"5","VH":"5","XG":"5","9X":"5","XJ":"5","QG":"5","VJ":"5","VQ":"5","HJ":"5","WR":"5","QX":"5","FG":"5","CJ":"5","V9":"5","CG":"5","JM":"5","WC":"5","RF":"5","PG":"5","GV":"5","9R":"5","P9":"5","W9":"5","J9":"5","XF":"5","9V":"5","GH":"5","RJ":"5","HR":"5","FJ":"5","VM":"5","XP":"5","PR":"5","FH":"5","QW":"5","XQ":"5","QR":"5","JW":"5","MJ":"5","FR":"5","PM":"5","R8":"5","Q8":"5","M9":"5","GJ":"5","XC":"5","9J":"5","HG":"5","MP":"5","WP":"5","XX":"5","PH":"5","VG":"5","WX":"5","VV":"5","FQ":"5","J8":"5","QC":"5","HP":"5","CM":"5","GF":"5","JP":"5","XW":"5","HV":"5","PX":"5","JR":"5","FP":"5","MC":"5","WM":"5","PF":"5","MV":"5","G8":"5","GM":"5","QQ":"5","GW":"5","WW":"5","HC":"5","RP":"5","CW":"5","WQ":"5","PV":"5","RQ":"5","HF":"5","XR":"5","CH":"5","VF":"5","JF":"5","QP":"5","PJ":"5","QV":"5"}},"2Q":{"RM":{"P6":"5","P5":"5","W7":"5","W8":"5"},"5P":{"RW":"5","VX":"5","RX":"5","QX":"5","RV":"5","RR":"5"},"3C":{"9P":"5"},"5Q":{"M3":"5","P8":"5","RV":"5","PC":"5","WJ":"5","M8":"5","P9":"5","M5":"5","R8":"5","QG":"5","RJ":"5","V6":"5","M6":"5","R5":"5","Q7":"5","R7":"5","V2":"5","Q3":"5","W5":"5","QC":"5","P4":"5","VP":"5","VC":"5","V8":"5","VR":"5","Q6":"5","RH":"5","V5":"5","VQ":"5","M9":"5","V9":"5","XQ":"5","P7":"5","VF":"5","J4":"5","V4":"5","VG":"5","QF":"5","V7":"5","XP":"5","VJ":"5","V3":"5","Q2":"5","RM":"5","P2":"5","RQ":"5","WM":"5","P3":"5","XM":"5","VH":"5","RF":"5","RR":"5","RP":"5","PF":"5","R3":"5","VM":"5","Q9":"5","R2":"5","M7":"5","J3":"5","M4":"5","Q8":"5","W6":"5","P6":"5","R9":"5","R4":"5","Q5":"5","Q4":"5","WP":"5","P5":"5"},"2C":{"43":"5","33":"5","76":"5","F4":"5","54":"5","C3":"5","44":"5","73":"5","72":"5","65":"5","C2":"5","55":"5","G6":"5","92":"5","F5":"5","75":"5","66":"5","G3":"5","82":"5","74":"5","83":"5","H6":"5","G4":"5","H7":"5","84":"5","62":"5","85":"5","G5":"5","F3":"5","93":"5","C4":"5"},"6Q":{"4W":"5","5X":"5","5P":"5","2V":"5","5Q":"5","2Q":"5","3V":"5","4R":"5","4Q":"5","5W":"5","5V":"5","6Q":"5","6J":"5","2R":"5","6R":"5","6M":"5","6X":"5","4V":"5","3R":"5","5M":"5"},"9H":{"38":"5","46":"5","64":"5","74":"5","37":"5","47":"5","56":"5","55":"5","65":"5"},"29":{"8X":"5","9V":"5","7W":"5","8R":"5","9X":"5","CX":"5","9W":"5","8W":"5","8V":"5","7X":"5","6X":"5","6W":"5","QM":"5"}},"34":{"JM":{"3J":"5"}},"FX":{"3X":{"M2":"5"},"3W":{"P6":"5","MW":"5"}},"HX":{"W6":{"9M":"5","CM":"5"}},"JQ":{"GQ":{"7M":"5"}},"M7":{"46":{"2G":"5","2F":"5"},"5H":{"93":"5"},"35":{"FW":"5","FV":"5","8P":"5","8Q":"5","8R":"5","9R":"5","7Q":"5","CW":"5","CV":"5","7R":"5","9Q":"5"},"3R":{"JW":"5"},"4Q":{"64":"5"},"36":{"G3":"5","G2":"5"},"5J":{"M2":"5","CM":"5"}},"FG":{"HR":{"42":"5","R6":"5","G5":"5","92":"5","4R":"5","63":"5","74":"5","R7":"5","WW":"5","86":"5","62":"5","C6":"5","72":"5","F7":"5","95":"5","MC":"5","85":"5","32":"5","82":"5","C5":"5","36":"5","FF":"5","FG":"5","75":"5","73":"5"},"GQ":{"RJ":"4","RF":"4","J9":"5"},"WP":{"8J":"5"},"PW":{"RW":"5"},"JV":{"2F":"5"},"GR":{"58":"5","6J":"5"},"GP":{"HP":"4"},"JW":{"G9":"5"},"HQ":{"4H":"5","49":"4","3P":"5","8V":"5","7J":"5","6J":"5"},"WV":{"7W":"5"}},"43":{"3J":{"CQ":"5"}},"HJ":{"C3":{"5Q":"5"}},"F4":{"22":{"5V":"4"}},"JG":{"P2":{"42":"5"},"3G":{"W5":"5","PH":"5"}},"2R":{"M8":{"XC":"5","X9":"5"},"M3":{"VV":"5"},"P6":{"J3":"5","P6":"5","MC":"5","F8":"5","H7":"5","M8":"5","P3":"5","P5":"5","F5":"5","G6":"5","F6":"5","GF":"5","J9":"5","G9":"5","M4":"5","G7":"5","C5":"5","M2":"5","F3":"5","M3":"5","J8":"5","C3":"5","J2":"5","G4":"5","M5":"5","P2":"5","M9":"5","C4":"5","H3":"5","H2":"5","H6":"5","J4":"5","G2":"5","FF":"5","H4":"5","F9":"5","G3":"5","C7":"5","GC":"5","M7":"5","F7":"5","J6":"5","G8":"5","FC":"5","F4":"5","M6":"5","H5":"5","J5":"5","H8":"5","P4":"5","G5":"5","J7":"5","C6":"5"},"Q6":{"87":"5","98":"5"},"WP":{"PX":"5","QX":"5","PH":"5"},"P5":{"HX":"5","3J":"5"},"M6":{"5R":"5","5Q":"5"},"WQ":{"P2":"5","R2":"5","RJ":"5","P3":"5","Q3":"5","PF":"5","Q2":"5","R3":"5"},"RC":{"QM":"5","QH":"5","VR":"5","RF":"5","PM":"5","QJ":"5"},"P8":{"28":"5","4F":"5","59":"5","48":"5","49":"5","39":"5","5F":"5","99":"5","38":"5","88":"5","7C":"5","89":"5","29":"5","79":"5","37":"5","98":"5","69":"5","4C":"5","78":"5","58":"5","68":"5","5C":"5","6C":"5","47":"5","2C":"5"},"M5":{"MM":"5"},"VM":{"QM":"5","QV":"5","QJ":"5"},"P4":{"49":"5","69":"5","6C":"5","4F":"5","2G":"5","3F":"5","5G":"5","2W":"5","2F":"5","59":"5","58":"5","48":"5","6F":"5","5C":"5","3G":"5","4G":"5","2H":"5"},"M4":{"V9":"5","W6":"5","XG":"5","V7":"5","V8":"5","W7":"5","XF":"5","X9":"5","XH":"5","X8":"5","W8":"5"},"J7":{"RW":"5","QR":"5","RV":"5"}},"HC":{"9R":{"32":"5","42":"5"},"9Q":{"4X":"5","3X":"5"}},"42":{"9C":{"8P":"5","9P":"5","7P":"5","8Q":"5"}},"J7":{"RH":{"HG":"5","HF":"5","GG":"5","HC":"5","HH":"5"},"QG":{"MV":"5","R9":"5","MX":"5","RF":"5","RC":"5","QP":"5"},"QH":{"WJ":"5","R8":"5","RJ":"5","M6":"5","R7":"5","R5":"5","WQ":"5","RC":"5","XG":"5","RH":"5","R6":"5","XC":"5","M2":"5","RM":"5","WR":"5","J6":"5","WM":"5","J8":"5","RF":"5","RP":"5","R3":"5","J3":"5","M4":"5","WG":"5","R9":"5","R4":"5","WP":"5","RG":"5"},"QJ":{"MP":"5","QG":"5","PF":"5","V4":"5","MJ":"5","MM":"5"}},"QG":{"PV":{"QW":"5","RW":"5","MW":"5","GH":"4","JV":"5","FH":"4","GJ":"4","FJ":"4"}},"6W":{"MJ":{"WJ":"5","VF":"5"}},"52":{"3Q":{"MG":"5"},"4P":{"P6":"5","P9":"5","P8":"5","P7":"5"}},"5W":{"49":{"WC":"5"},"2J":{"R9":"5","FW":"5","FV":"5","X7":"5","8R":"5","GW":"5","9X":"5","CW":"5","9W":"5","8V":"5","7X":"5","7R":"5","GV":"5"},"38":{"WX":"5","VW":"5"},"4F":{"WF":"5"},"4H":{"J2":"5","M2":"5"},"4J":{"42":"5"},"3C":{"M3":"5"},"5Q":{"C5":"5","RQ":"5"},"7P":{"6X":"5","5Q":"5"},"59":{"QM":"5","RJ":"5","7X":"5"},"4Q":{"J8":"5"},"JR":{"2X":"5"},"3J":{"9M":"5","7G":"5","35":"5","CG":"5","3R":"5","3V":"5","HQ":"5"},"2R":{"JV":"5"},"3H":{"GJ":"5"},"5C":{"QG":"5","H3":"5","4R":"5","9F":"5"},"6R":{"F7":"5","44":"5"},"3X":{"FQ":"5"},"2M":{"54":"5","35":"5","P4":"5","X9":"5"},"3G":{"7R":"5","7Q":"5"},"4G":{"MX":"5","JX":"5"},"2H":{"WV":"4"},"28":{"V2":"5","VG":"5","V3":"5"}}},"index":{"university,1|retail,2|tourism,3|wreck,4|historical,5|artsCulture,6|namedBuilding,7|water,8|wetland,9|park,10|beach,11|natureReserve,12|cemetery,13|trail,14":{}}}