{"index":{"university,1|retail,2|tourism,3|wreck,4|historical,5|artsCulture,6|namedBuilding,7|water,8|wetland,9|park,10|beach,11|natureReserve,12|cemetery,13|trail,14":{}},"C6":{"7G":{"C8":{"8W":"5","89":"5","83":"5","5V":"5","4V":"5","FM":"5","32":"5","FC":"5","95":"5","F3":"5","26":"5","C8":"5","5C":"5","7J":"5","72":"5","7W":"5","39":"5","CV":"5","F6":"5","CP":"5","7M":"5","3M":"5","2J":"5","69":"5","73":"5","86":"5","2M":"5","78":"5","C5":"5","3H":"5","6X":"5","FV":"5","7G":"5","2C":"5","CQ":"5","6V":"5","9Q":"5","FW":"5","5Q":"5","3P":"5","4W":"5","6P":"5","38":"5","54":"5","43":"5","4P":"5","48":"5","22":"5","C3":"5","75":"5","7V":"5","53":"5","4G":"5","6C":"5","62":"5","57":"5","6F":"5","FF":"5","36":"5","49":"5","3X":"5","96":"5","55":"5","28":"5","4M":"5","F7":"5","F4":"5","3J":"5","F2":"5","C9":"5","2X":"5","68":"5","4Q":"5","5R":"5","GX":"5","52":"5","C4":"5","24":"5","4F":"5","8P":"5","74":"5","7P":"5","6W":"5","29":"5","76":"5","58":"5","CC":"5","6H":"5","8H":"5","5F":"5","3Q":"5","9M":"5","CR":"5","7R":"5","FX":"5","5X":"5","9P":"5","2F":"5","9H":"5","CX":"5","8V":"5","8M":"5","5P":"5","5J":"5","9W":"5","45":"5","9X":"5","3V":"5","4R":"5","98":"5","93":"5","84":"5","65":"5","79":"5","FG":"5","3C":"5","CJ":"5","33":"5","6Q":"5","5M":"5","CG":"5","8C":"5","44":"5","9R":"5","8G":"5","63":"5","5G":"5","7C":"5","67":"5","9V":"5","64":"5","34":"5","9C":"5","FJ":"5","92":"5","2W":"5","2Q":"5","F8":"5","8F":"5","3R":"5","FH":"5","3G":"5","23":"5","46":"5","99":"5","6M":"5","FR":"5","C2":"5","7X":"5","97":"5","35":"5","8R":"5","2P":"5","8J":"5","6G":"5","8X":"5","56":"5","9J":"5","F5":"5","3W":"5","59":"5","82":"5","87":"5","6J":"5","FQ":"5","9F":"5","7Q":"5","37":"5","C7":"5","5W":"5","8Q":"5","25":"5","CM":"5","9G":"5","85":"5","47":"5","27":"5","2H":"5","3F":"5","FP":"5","4J":"5","CF":"5","4X":"5","7H":"5","2R":"5","4C":"5","5H":"5","GW":"5","F9":"5","6R":"5","CW":"5","66":"5","77":"5","CH":"5","94":"5","7F":"5","42":"5","88":"5","C6":"5","4H":"5","2G":"5","2V":"5"},"9F":{"FF":"5","22":"5","FM":"5","F2":"5","WH":"5","V6":"5","CC":"5","G3":"5","MC":"5","HG":"5","PH":"5","J3":"5","VR":"5","QX":"5","R6":"5","42":"5","R7":"5","8P":"5","HH":"5","R5":"5","FH":"5","RR":"5","X8":"5","C9":"5","9M":"5","57":"5","WM":"5","C6":"5","8H":"5","77":"5","VP":"5","24":"5","CP":"5","38":"5","H5":"5","P5":"5","GG":"5","QM":"5","6F":"5","V2":"5","56":"5","FV":"5","CF":"5","R9":"5","44":"5","XH":"5","Q3":"5","G7":"5","83":"5","87":"5","R2":"5","X7":"5","FR":"5","47":"5","X5":"5","FC":"5","XW":"5","75":"5","JJ":"5","X4":"5","X3":"5","M6":"5","F7":"5","VV":"5","PV":"5","CQ":"5","7F":"5","VW":"5","GC":"5","C8":"5","W9":"5","FP":"5","G8":"5","P2":"5","GV":"5","HM":"5","72":"5","9H":"5","F5":"5","65":"5","FQ":"5","GF":"5","WF":"5","7C":"5","54":"5","VQ":"5","H2":"5","43":"5","WC":"5","JC":"5","WR":"5","VG":"5","5F":"5","66":"5","RW":"5","RJ":"5","99":"5","23":"5","8M":"5","J9":"5","33":"5","9P":"5","58":"5","QF":"5","HJ":"5","Q8":"5","64":"5","WX":"5","XP":"5","RG":"5","53":"5","73":"5","QC":"5","94":"5","46":"5","RQ":"5","QR":"5","PF":"5","9F":"5","QH":"5","F9":"5","8G":"5","52":"5","32":"5","M2":"5","88":"5","RX":"5","RF":"5","85":"5","P7":"5","PM":"5","WW":"5","86":"5","MP":"5","JH":"5","Q7":"5","J5":"5","XG":"5","97":"5","8C":"5","9Q":"5","GH":"5","95":"5","78":"5","JP":"5","HR":"5","59":"5","R4":"5","X2":"5","VJ":"5","H7":"5","4C":"5","Q2":"5","F8":"5","X6":"5","WV":"5","W3":"5","V5":"5","XC":"5","62":"5","H9":"5","VC":"5","CM":"5","JF":"5","WQ":"5","W2":"5","MX":"5","FJ":"5","69":"5","M5":"5","34":"5","R8":"5","X9":"5","Q6":"5","W6":"5","PJ":"5","PP":"5","HX":"5","96":"5","MJ":"5","Q9":"5","9J":"5","QQ":"5","P9":"5","J2":"5","7J":"5","HC":"5","63":"5","J8":"5","XJ":"5","C3":"5","CR":"5","P8":"5","GR":"5","P3":"5","MM":"5","82":"5","93":"5","GQ":"5","MR":"5","CJ":"5","CG":"5","MH":"5","VH":"5","WG":"5","Q5":"5","M9":"5","R3":"5","5C":"5","89":"5","MF":"5","79":"5","QV":"5","XV":"5","Q4":"5","QW":"5","M7":"5","GM":"5","JX":"5","JG":"5","48":"5","G2":"5","98":"5","PQ":"5","8F":"5","F3":"5","C2":"5","92":"5","XM":"5","36":"5","F6":"5","HW":"5","8J":"5","J4":"5","CH":"5","QJ":"5","RV":"5","VF":"5","G5":"5","HP":"5","6H":"5","WJ":"5","74":"5","HV":"5","HQ":"5","9C":"5","MQ":"5","QP":"5","H6":"5","H4":"5","JV":"5","G6":"5","6C":"5","F4":"5","J7":"5","7G":"5","VX":"5","RC":"5","MV":"5","JQ":"5","MG":"5","FW":"5","76":"5","25":"5","84":"5","XQ":"5","FG":"5","RM":"5","V9":"5","V8":"5","HF":"5","PG":"5","6G":"5","PC":"5","9G":"5","WP":"5","GP":"5","V3":"5","49":"5","M8":"5","J6":"5","XF":"5","GJ":"5","QG":"5","P4":"5","RH":"5","67":"5","P6":"5","W5":"5","37":"5","W4":"5","35":"5","68":"5","MW":"5","W8":"5","JM":"5","C5":"5","G9":"5","C7":"5","M3":"5","XX":"5","55":"5","JR":"5","XR":"5","V7":"5","PR":"5","CV":"5","PW":"5","W7":"5","H3":"5","V4":"5","H8":"5","JW":"5","G4":"5","VM":"5","RP":"5","7H":"5","C4":"5","45":"5","M4":"5","PX":"5","GW":"5"},"95":{"FF":"5","2X":"5","3R":"5","8X":"5","22":"5","5J":"5","FM":"5","F2":"5","WH":"5","V6":"5","CC":"5","G3":"5","MC":"5","HG":"5","PH":"5","9X":"5","J3":"5","39":"5","VR":"5","QX":"5","3H":"5","R6":"5","42":"5","R7":"5","2C":"5","HH":"5","8P":"5","R5":"5","FH":"5","RR":"5","X8":"5","C9":"5","9M":"5","57":"5","WM":"5","C6":"5","8H":"5","7M":"5","9W":"5","7R":"5","77":"5","VP":"5","4Q":"5","24":"5","CP":"5","38":"5","H5":"5","P5":"5","3Q":"5","GG":"5","QM":"5","6F":"5","V2":"5","FV":"5","56":"5","CF":"5","R9":"5","44":"5","XH":"5","27":"5","2R":"5","Q3":"5","G7":"5","83":"5","87":"5","R2":"5","3X":"5","X7":"5","29":"5","FR":"5","47":"5","X5":"5","3M":"5","FC":"5","XW":"5","75":"5","JJ":"5","X4":"5","X3":"5","M6":"5","F7":"5","VV":"5","PV":"5","6P":"5","CQ":"5","5Q":"5","7F":"5","VW":"5","6R":"5","C8":"5","GC":"5","W9":"5","FP":"5","G8":"5","P2":"5","HM":"5","GV":"5","5P":"5","72":"5","9H":"5","F5":"5","65":"5","FQ":"5","GF":"5","WF":"5","7C":"5","3C":"5","54":"5","VQ":"5","H2":"5","43":"5","WC":"5","JC":"5","WR":"5","VG":"5","5F":"5","66":"5","6X":"5","RW":"5","RJ":"5","99":"5","23":"5","8M":"5","28":"5","4W":"5","J9":"5","33":"5","9P":"5","58":"5","QF":"5","HJ":"5","Q8":"5","64":"5","WX":"5","XP":"5","RG":"5","53":"5","2G":"5","73":"5","6V":"5","QC":"5","94":"5","46":"5","RQ":"5","QR":"5","PF":"5","5W":"5","9F":"5","QH":"5","5H":"5","F9":"5","4H":"5","8G":"5","52":"5","32":"5","5G":"5","M2":"5","88":"5","RX":"5","RF":"5","5X":"5","85":"5","P7":"5","PM":"5","WW":"5","86":"5","MP":"5","3P":"5","JH":"5","7P":"5","Q7":"5","J5":"5","XG":"5","97":"5","9R":"5","8C":"5","9Q":"5","GH":"5","95":"5","78":"5","5R":"5","3G":"5","JP":"5","GX":"5","HR":"5","59":"5","2W":"5","R4":"5","X2":"5","VJ":"5","H7":"5","4C":"5","Q2":"5","F8":"5","X6":"5","WV":"5","W3":"5","V5":"5","XC":"5","2H":"5","2P":"5","62":"5","H9":"5","7Q":"5","VC":"5","CM":"5","JF":"5","WQ":"5","W2":"5","MX":"5","FJ":"5","69":"5","M5":"5","4V":"5","34":"5","R8":"5","X9":"5","Q6":"5","W6":"5","PJ":"5","3J":"5","PP":"5","HX":"5","96":"5","MJ":"5","Q9":"5","9J":"5","QQ":"5","P9":"5","J2":"5","7J":"5","HC":"5","63":"5","J8":"5","XJ":"5","7X":"5","C3":"5","CR":"5","P8":"5","GR":"5","P3":"5","MM":"5","2V":"5","82":"5","93":"5","GQ":"5","MR":"5","CJ":"5","9V":"5","CG":"5","MH":"5","VH":"5","6Q":"5","WG":"5","Q5":"5","M9":"5","4R":"5","R3":"5","8W":"5","5C":"5","89":"5","MF":"5","79":"5","QV":"5","XV":"5","Q4":"5","4M":"5","6M":"5","QW":"5","M7":"5","8R":"5","GM":"5","JX":"5","JG":"5","G2":"5","48":"5","98":"5","PQ":"5","8F":"5","F3":"5","8V":"5","C2":"5","92":"5","8Q":"5","XM":"5","4X":"5","36":"5","F6":"5","HW":"5","3F":"5","8J":"5","J4":"5","4F":"5","CH":"5","QJ":"5","RV":"5","VF":"5","G5":"5","HP":"5","6H":"5","WJ":"5","74":"5","HV":"5","CX":"5","HQ":"5","9C":"5","5V":"5","MQ":"5","CW":"5","QP":"5","H6":"5","H4":"5","JV":"5","G6":"5","6C":"5","F4":"5","J7":"5","7G":"5","VX":"5","RC":"5","MV":"5","JQ":"5","MG":"5","FW":"5","76":"5","25":"5","6W":"5","84":"5","XQ":"5","7V":"5","FG":"5","V9":"5","V8":"5","RM":"5","4J":"5","6J":"5","26":"5","HF":"5","PG":"5","6G":"5","PC":"5","9G":"5","WP":"5","GP":"5","4P":"5","V3":"5","FX":"5","2J":"5","49":"5","M8":"5","2F":"5","J6":"5","XF":"5","GJ":"5","P4":"5","QG":"5","RH":"5","67":"5","P6":"5","W5":"5","37":"5","3W":"5","W4":"5","35":"5","68":"5","MW":"5","W8":"5","JM":"5","C5":"5","G9":"5","C7":"5","M3":"5","4G":"5","XX":"5","55":"5","JR":"5","XR":"5","V7":"5","7W":"5","PR":"5","CV":"5","PW":"5","W7":"5","H3":"5","V4":"5","2Q":"5","H8":"5","3V":"5","JW":"5","G4":"5","VM":"5","RP":"5","7H":"5","C4":"5","45":"5","M4":"5","5M":"5","2M":"5","PX":"5","GW":"5"},"96":{"FF":"5","2X":"5","3R":"5","8X":"5","22":"5","5J":"5","FM":"5","F2":"5","WH":"5","V6":"5","CC":"5","G3":"5","MC":"5","HG":"5","PH":"5","9X":"5","J3":"5","39":"5","VR":"5","QX":"5","3H":"5","R6":"5","42":"5","R7":"5","2C":"5","HH":"5","8P":"5","R5":"5","FH":"5","RR":"5","X8":"5","C9":"5","9M":"5","57":"5","WM":"5","C6":"5","8H":"5","7M":"5","9W":"5","7R":"5","77":"5","VP":"5","4Q":"5","24":"5","CP":"5","38":"5","H5":"5","P5":"5","3Q":"5","GG":"5","QM":"5","6F":"5","V2":"5","56":"5","FV":"5","CF":"5","R9":"5","44":"5","XH":"5","27":"5","2R":"5","Q3":"5","G7":"5","83":"5","87":"5","R2":"5","3X":"5","X7":"5","29":"5","FR":"5","47":"5","X5":"5","3M":"5","FC":"5","XW":"5","75":"5","JJ":"5","X4":"5","X3":"5","M6":"5","F7":"5","VV":"5","PV":"5","6P":"5","CQ":"5","5Q":"5","7F":"5","VW":"5","6R":"5","GC":"5","C8":"5","W9":"5","FP":"5","G8":"5","P2":"5","HM":"5","GV":"5","5P":"5","72":"5","9H":"5","F5":"5","65":"5","FQ":"5","GF":"5","WF":"5","7C":"5","3C":"5","54":"5","VQ":"5","H2":"5","43":"5","WC":"5","JC":"5","WR":"5","VG":"5","5F":"5","66":"5","6X":"5","RW":"5","RJ":"5","99":"5","23":"5","8M":"5","28":"5","4W":"5","J9":"5","33":"5","9P":"5","58":"5","QF":"5","HJ":"5","Q8":"5","64":"5","WX":"5","XP":"5","RG":"5","53":"5","2G":"5","73":"5","6V":"5","QC":"5","94":"5","46":"5","RQ":"5","QR":"5","PF":"5","5W":"5","9F":"5","QH":"5","5H":"5","F9":"5","4H":"5","8G":"5","52":"5","32":"5","5G":"5","M2":"5","88":"5","RX":"5","RF":"5","5X":"5","85":"5","P7":"5","PM":"5","WW":"5","86":"5","MP":"5","3P":"5","JH":"5","7P":"5","Q7":"5","J5":"5","XG":"5","97":"5","9R":"5","8C":"5","9Q":"5","GH":"5","95":"5","78":"5","5R":"5","3G":"5","JP":"5","GX":"5","HR":"5","59":"5","2W":"5","R4":"5","X2":"5","VJ":"5","H7":"5","4C":"5","Q2":"5","F8":"5","X6":"5","WV":"5","W3":"5","V5":"5","XC":"5","2H":"5","2P":"5","62":"5","H9":"5","7Q":"5","VC":"5","CM":"5","JF":"5","WQ":"5","W2":"5","MX":"5","FJ":"5","69":"5","M5":"5","4V":"5","34":"5","R8":"5","X9":"5","Q6":"5","W6":"5","PJ":"5","3J":"5","PP":"5","HX":"5","96":"5","MJ":"5","Q9":"5","9J":"5","QQ":"5","P9":"5","J2":"5","7J":"5","HC":"5","63":"5","J8":"5","XJ":"5","7X":"5","C3":"5","CR":"5","P8":"5","GR":"5","P3":"5","MM":"5","2V":"5","82":"5","93":"5","GQ":"5","MR":"5","CJ":"5","9V":"5","CG":"5","MH":"5","VH":"5","6Q":"5","WG":"5","Q5":"5","M9":"5","4R":"5","R3":"5","8W":"5","5C":"5","89":"5","MF":"5","79":"5","QV":"5","XV":"5","Q4":"5","4M":"5","6M":"5","QW":"5","M7":"5","8R":"5","GM":"5","JX":"5","JG":"5","48":"5","G2":"5","98":"5","PQ":"5","8F":"5","F3":"5","8V":"5","C2":"5","92":"5","8Q":"5","XM":"5","4X":"5","36":"5","F6":"5","HW":"5","3F":"5","8J":"5","J4":"5","4F":"5","CH":"5","QJ":"5","RV":"5","VF":"5","G5":"5","HP":"5","6H":"5","WJ":"5","74":"5","HV":"5","CX":"5","HQ":"5","9C":"5","5V":"5","MQ":"5","CW":"5","QP":"5","H6":"5","H4":"5","JV":"5","G6":"5","6C":"5","F4":"5","J7":"5","7G":"5","VX":"5","RC":"5","MV":"5","JQ":"5","MG":"5","FW":"5","76":"5","25":"5","6W":"5","84":"5","XQ":"5","7V":"5","FG":"5","RM":"5","V9":"5","V8":"5","4J":"5","6J":"5","26":"5","HF":"5","PG":"5","6G":"5","PC":"5","9G":"5","WP":"5","GP":"5","4P":"5","V3":"5","FX":"5","2J":"5","49":"5","M8":"5","2F":"5","J6":"5","XF":"5","GJ":"5","QG":"5","P4":"5","RH":"5","67":"5","P6":"5","W5":"5","37":"5","3W":"5","W4":"5","35":"5","68":"5","MW":"5","W8":"5","JM":"5","C5":"5","G9":"5","C7":"5","M3":"5","4G":"5","XX":"5","55":"5","JR":"5","XR":"5","V7":"5","7W":"5","PR":"5","CV":"5","PW":"5","W7":"5","H3":"5","V4":"5","2Q":"5","3V":"5","H8":"5","JW":"5","G4":"5","VM":"5","RP":"5","7H":"5","C4":"5","45":"5","M4":"5","5M":"5","2M":"5","PX":"5","GW":"5"},"C6":{"8W":"5","89":"5","83":"5","5V":"5","4V":"5","32":"5","95":"5","26":"5","5C":"5","7J":"5","72":"5","7W":"5","39":"5","CV":"5","CP":"5","7M":"5","3M":"5","2J":"5","69":"5","73":"5","86":"5","2M":"5","78":"5","3H":"5","6X":"5","7G":"5","2C":"5","6V":"5","CQ":"5","9Q":"5","5Q":"5","3P":"5","4W":"5","6P":"5","38":"5","54":"5","43":"5","4P":"5","48":"5","22":"5","75":"5","7V":"5","53":"5","4G":"5","6C":"5","6F":"5","57":"5","62":"5","36":"5","49":"5","3X":"5","96":"5","55":"5","28":"5","4M":"5","3J":"5","2X":"5","68":"5","4Q":"5","5R":"5","52":"5","24":"5","4F":"5","8P":"5","74":"5","7P":"5","6W":"5","29":"5","76":"5","58":"5","6H":"5","8H":"5","5F":"5","3Q":"5","9M":"5","CR":"5","7R":"5","5X":"5","9P":"5","2F":"5","9H":"5","8V":"5","CX":"5","8M":"5","5J":"5","5P":"5","9W":"5","45":"5","9X":"5","3V":"5","4R":"5","98":"5","84":"5","79":"5","65":"5","3C":"5","33":"5","6Q":"5","5M":"5","8C":"5","44":"5","9R":"5","8G":"5","63":"5","5G":"5","7C":"5","67":"5","9V":"5","64":"5","34":"5","9C":"5","2W":"5","2Q":"5","8F":"5","3R":"5","3G":"5","23":"5","46":"5","99":"5","6M":"5","7X":"5","97":"5","35":"5","8R":"5","2P":"5","8J":"5","6G":"5","8X":"5","56":"5","9J":"5","3W":"5","59":"5","82":"5","87":"5","6J":"5","9F":"5","7Q":"5","37":"5","5W":"5","8Q":"5","25":"5","CM":"5","9G":"5","85":"5","47":"5","27":"5","2H":"5","3F":"5","4J":"5","4X":"5","7H":"5","2R":"5","4C":"5","5H":"5","6R":"5","CW":"5","66":"5","77":"5","7F":"5","42":"5","88":"5","4H":"5","2G":"5","2V":"5"},"8F":{"X3":"5","X2":"5"},"99":{"FF":"5","2X":"5","3R":"5","8X":"5","22":"5","5J":"5","FM":"5","F2":"5","WH":"5","V6":"5","CC":"5","G3":"5","MC":"5","HG":"5","PH":"5","9X":"5","J3":"5","39":"5","VR":"5","QX":"5","3H":"5","R6":"5","42":"5","R7":"5","2C":"5","HH":"5","8P":"5","R5":"5","FH":"5","RR":"5","X8":"5","C9":"5","9M":"5","57":"5","WM":"5","C6":"5","8H":"5","7M":"5","9W":"5","7R":"5","77":"5","VP":"5","4Q":"5","24":"5","CP":"5","38":"5","H5":"5","P5":"5","3Q":"5","GG":"5","QM":"5","6F":"5","V2":"5","56":"5","FV":"5","CF":"5","R9":"5","44":"5","XH":"5","27":"5","2R":"5","Q3":"5","G7":"5","83":"5","87":"5","R2":"5","3X":"5","X7":"5","29":"5","FR":"5","47":"5","X5":"5","3M":"5","FC":"5","XW":"5","75":"5","JJ":"5","X4":"5","X3":"5","M6":"5","F7":"5","VV":"5","PV":"5","6P":"5","CQ":"5","5Q":"5","7F":"5","VW":"5","6R":"5","GC":"5","C8":"5","W9":"5","FP":"5","G8":"5","P2":"5","HM":"5","GV":"5","5P":"5","72":"5","9H":"5","F5":"5","65":"5","FQ":"5","GF":"5","WF":"5","7C":"5","3C":"5","54":"5","VQ":"5","H2":"5","43":"5","WC":"5","JC":"5","WR":"5","VG":"5","5F":"5","66":"5","6X":"5","RW":"5","RJ":"5","99":"5","23":"5","8M":"5","28":"5","4W":"5","J9":"5","33":"5","9P":"5","58":"5","QF":"5","HJ":"5","Q8":"5","64":"5","WX":"5","XP":"5","RG":"5","53":"5","2G":"5","73":"5","6V":"5","QC":"5","94":"5","46":"5","RQ":"5","QR":"5","PF":"5","5W":"5","9F":"5","QH":"5","5H":"5","F9":"5","4H":"5","8G":"5","52":"5","32":"5","5G":"5","M2":"5","88":"5","RX":"5","RF":"5","5X":"5","85":"5","P7":"5","PM":"5","WW":"5","86":"5","MP":"5","3P":"5","JH":"5","7P":"5","Q7":"5","J5":"5","XG":"5","97":"5","9R":"5","8C":"5","9Q":"5","GH":"5","95":"5","78":"5","5R":"5","3G":"5","JP":"5","GX":"5","HR":"5","59":"5","2W":"5","R4":"5","X2":"5","VJ":"5","H7":"5","4C":"5","Q2":"5","F8":"5","X6":"5","WV":"5","W3":"5","V5":"5","XC":"5","2H":"5","2P":"5","62":"5","H9":"5","7Q":"5","VC":"5","CM":"5","JF":"5","WQ":"5","W2":"5","MX":"5","FJ":"5","69":"5","M5":"5","4V":"5","34":"5","R8":"5","X9":"5","Q6":"5","W6":"5","PJ":"5","3J":"5","PP":"5","HX":"5","96":"5","MJ":"5","Q9":"5","9J":"5","QQ":"5","P9":"5","J2":"5","7J":"5","HC":"5","63":"5","J8":"5","XJ":"5","7X":"5","C3":"5","CR":"5","P8":"5","GR":"5","P3":"5","MM":"5","2V":"5","82":"5","93":"5","GQ":"5","MR":"5","CJ":"5","9V":"5","CG":"5","MH":"5","VH":"5","6Q":"5","WG":"5","Q5":"5","M9":"5","4R":"5","R3":"5","8W":"5","5C":"5","89":"5","MF":"5","79":"5","QV":"5","XV":"5","Q4":"5","4M":"5","6M":"5","QW":"5","M7":"5","8R":"5","GM":"5","JX":"5","JG":"5","48":"5","G2":"5","98":"5","PQ":"5","8F":"5","F3":"5","8V":"5","C2":"5","92":"5","8Q":"5","XM":"5","4X":"5","36":"5","F6":"5","HW":"5","3F":"5","8J":"5","J4":"5","4F":"5","CH":"5","QJ":"5","RV":"5","VF":"5","G5":"5","HP":"5","6H":"5","WJ":"5","74":"5","HV":"5","CX":"5","HQ":"5","9C":"5","5V":"5","MQ":"5","CW":"5","QP":"5","H6":"5","H4":"5","JV":"5","G6":"5","6C":"5","F4":"5","J7":"5","7G":"5","VX":"5","RC":"5","MV":"5","JQ":"5","MG":"5","FW":"5","76":"5","25":"5","6W":"5","84":"5","XQ":"5","7V":"5","FG":"5","RM":"5","V9":"5","V8":"5","4J":"5","6J":"5","26":"5","HF":"5","PG":"5","6G":"5","PC":"5","9G":"5","WP":"5","GP":"5","4P":"5","V3":"5","FX":"5","2J":"5","49":"5","M8":"5","2F":"5","J6":"5","XF":"5","GJ":"5","QG":"5","P4":"5","RH":"5","67":"5","P6":"5","W5":"5","37":"5","3W":"5","W4":"5","35":"5","68":"5","MW":"5","W8":"5","JM":"5","C5":"5","G9":"5","C7":"5","M3":"5","4G":"5","XX":"5","55":"5","JR":"5","XR":"5","V7":"5","7W":"5","PR":"5","CV":"5","PW":"5","W7":"5","H3":"5","V4":"5","2Q":"5","3V":"5","H8":"5","JW":"5","G4":"5","VM":"5","RP":"5","7H":"5","C4":"5","45":"5","M4":"5","5M":"5","2M":"5","PX":"5","GW":"5"},"97":{"FF":"5","2X":"5","3R":"5","8X":"5","22":"5","5J":"5","FM":"5","F2":"5","WH":"5","V6":"5","G3":"5","CC":"5","MC":"5","HG":"5","PH":"5","9X":"5","J3":"5","39":"5","VR":"5","QX":"5","3H":"5","R6":"5","42":"5","R7":"5","2C":"5","HH":"5","8P":"5","R5":"5","FH":"5","RR":"5","X8":"5","C9":"5","9M":"5","57":"5","WM":"5","C6":"5","8H":"5","7M":"5","9W":"5","7R":"5","77":"5","VP":"5","4Q":"5","CP":"5","24":"5","38":"5","H5":"5","P5":"5","3Q":"5","GG":"5","QM":"5","6F":"5","V2":"5","FV":"5","56":"5","CF":"5","R9":"5","44":"5","XH":"5","27":"5","2R":"5","Q3":"5","G7":"5","83":"5","87":"5","R2":"5","3X":"5","X7":"5","29":"5","FR":"5","47":"5","X5":"5","3M":"5","FC":"5","XW":"5","75":"5","JJ":"5","X4":"5","X3":"5","M6":"5","F7":"5","VV":"5","PV":"5","6P":"5","CQ":"5","5Q":"5","7F":"5","VW":"5","6R":"5","GC":"5","C8":"5","W9":"5","FP":"5","G8":"5","P2":"5","HM":"5","GV":"5","5P":"5","72":"5","9H":"5","F5":"5","65":"5","FQ":"5","GF":"5","WF":"5","7C":"5","3C":"5","54":"5","VQ":"5","H2":"5","43":"5","WC":"5","JC":"5","WR":"5","VG":"5","5F":"5","66":"5","6X":"5","RW":"5","RJ":"5","99":"5","23":"5","8M":"5","28":"5","4W":"5","J9":"5","33":"5","9P":"5","58":"5","QF":"5","HJ":"5","Q8":"5","64":"5","WX":"5","XP":"5","RG":"5","53":"5","2G":"5","73":"5","6V":"5","QC":"5","94":"5","46":"5","RQ":"5","QR":"5","PF":"5","5W":"5","9F":"5","QH":"5","5H":"5","F9":"5","4H":"5","8G":"5","52":"5","32":"5","5G":"5","M2":"5","88":"5","RX":"5","RF":"5","5X":"5","85":"5","P7":"5","PM":"5","WW":"5","86":"5","MP":"5","3P":"5","JH":"5","7P":"5","Q7":"5","J5":"5","XG":"5","97":"5","9R":"5","8C":"5","9Q":"5","GH":"5","95":"5","78":"5","5R":"5","3G":"5","JP":"5","GX":"5","HR":"5","59":"5","2W":"5","R4":"5","X2":"5","VJ":"5","H7":"5","4C":"5","Q2":"5","F8":"5","X6":"5","WV":"5","W3":"5","V5":"5","XC":"5","2H":"5","2P":"5","62":"5","H9":"5","7Q":"5","VC":"5","CM":"5","JF":"5","WQ":"5","W2":"5","MX":"5","FJ":"5","69":"5","M5":"5","4V":"5","34":"5","R8":"5","X9":"5","Q6":"5","W6":"5","PJ":"5","3J":"5","PP":"5","HX":"5","96":"5","MJ":"5","Q9":"5","9J":"5","QQ":"5","P9":"5","J2":"5","7J":"5","HC":"5","63":"5","J8":"5","XJ":"5","7X":"5","C3":"5","CR":"5","P8":"5","GR":"5","P3":"5","MM":"5","2V":"5","82":"5","93":"5","GQ":"5","MR":"5","CJ":"5","9V":"5","CG":"5","MH":"5","VH":"5","6Q":"5","WG":"5","Q5":"5","M9":"5","4R":"5","R3":"5","8W":"5","5C":"5","89":"5","MF":"5","79":"5","QV":"5","XV":"5","Q4":"5","4M":"5","6M":"5","QW":"5","M7":"5","8R":"5","GM":"5","JX":"5","JG":"5","G2":"5","48":"5","98":"5","PQ":"5","8F":"5","F3":"5","8V":"5","C2":"5","92":"5","8Q":"5","XM":"5","4X":"5","36":"5","F6":"5","HW":"5","3F":"5","8J":"5","J4":"5","4F":"5","CH":"5","QJ":"5","RV":"5","VF":"5","G5":"5","HP":"5","6H":"5","WJ":"5","74":"5","HV":"5","CX":"5","HQ":"5","9C":"5","5V":"5","MQ":"5","CW":"5","QP":"5","H6":"5","H4":"5","JV":"5","G6":"5","6C":"5","F4":"5","J7":"5","7G":"5","VX":"5","RC":"5","MV":"5","JQ":"5","MG":"5","FW":"5","76":"5","25":"5","6W":"5","84":"5","XQ":"5","7V":"5","FG":"5","V9":"5","RM":"5","V8":"5","4J":"5","6J":"5","26":"5","HF":"5","PG":"5","6G":"5","PC":"5","9G":"5","WP":"5","GP":"5","4P":"5","V3":"5","FX":"5","2J":"5","49":"5","M8":"5","2F":"5","J6":"5","XF":"5","GJ":"5","QG":"5","P4":"5","RH":"5","67":"5","P6":"5","W5":"5","37":"5","3W":"5","W4":"5","35":"5","68":"5","MW":"5","W8":"5","JM":"5","C5":"5","G9":"5","C7":"5","M3":"5","4G":"5","XX":"5","55":"5","JR":"5","XR":"5","V7":"5","7W":"5","PR":"5","CV":"5","PW":"5","W7":"5","H3":"5","V4":"5","2Q":"5","H8":"5","3V":"5","JW":"5","G4":"5","VM":"5","RP":"5","7H":"5","C4":"5","45":"5","M4":"5","5M":"5","2M":"5","PX":"5","GW":"5"},"88":{"VP":"5","MH":"5","RW":"5","W6":"5","J4":"5","PQ":"5","V2":"5","VX":"5","V8":"5","RH":"5","W5":"5","XM":"5","WH":"5","M7":"5","M8":"5","Q9":"5","WG":"5","RR":"5","X3":"5","P3":"5","RG":"5","PP":"5","J3":"5","WV":"5","QJ":"5","JX":"5","VR":"5","QM":"5","JH":"5","MQ":"5","VC":"5","R9":"5","V3":"5","Q3":"5","R3":"5","MF":"5","RX":"5","V7":"5","X2":"5","M5":"5","QH":"5","RC":"5","P4":"5","MG":"5","XH":"5","P7":"5","XV":"5","MM":"5","QF":"5","MW":"5","JQ":"5","PW":"5","MX":"5","JJ":"5","V5":"5","JC":"5","X4":"5","PC":"5","X9":"5","Q6":"5","WJ":"5","JG":"5","JV":"5","P5":"5","VW":"5","RV":"5","MR":"5","WF":"5","X7":"5","X5":"5","W4":"5","W2":"5","M3":"5","Q7":"5","RM":"5","VH":"5","XG":"5","XJ":"5","QG":"5","VJ":"5","VQ":"5","R5":"5","WR":"5","QX":"5","V9":"5","JM":"5","R2":"5","WC":"5","RF":"5","J6":"5","PG":"5","X8":"5","P9":"5","W9":"5","J9":"5","XF":"5","RJ":"5","VM":"5","P2":"5","XP":"5","Q2":"5","Q5":"5","PR":"5","QW":"5","XQ":"5","W3":"5","QR":"5","JW":"5","MJ":"5","R4":"5","PM":"5","R8":"5","Q4":"5","M9":"5","Q8":"5","XC":"5","P8":"5","J7":"5","MP":"5","WP":"5","J2":"5","XX":"5","PH":"5","VG":"5","WX":"5","VV":"5","J8":"5","QC":"5","M2":"5","R7":"5","J5":"5","JP":"5","W7":"5","V6":"5","M6":"5","XW":"5","PX":"5","JR":"5","MC":"5","WM":"5","M4":"5","PF":"5","MV":"5","W8":"5","QQ":"5","P6":"5","WW":"5","RP":"5","WQ":"5","PV":"5","RQ":"5","XR":"5","VF":"5","JF":"5","QP":"5","PJ":"5","R6":"5","X6":"5","QV":"5","V4":"5"},"87":{"VP":"5","MH":"5","RW":"5","W6":"5","PQ":"5","V2":"5","VX":"5","V8":"5","RH":"5","W5":"5","XM":"5","WH":"5","M7":"5","M8":"5","Q9":"5","WG":"5","RR":"5","X3":"5","P3":"5","RG":"5","PP":"5","WV":"5","QJ":"5","JX":"5","VR":"5","QM":"5","JH":"5","MQ":"5","VC":"5","R9":"5","V3":"5","Q3":"5","R3":"5","MF":"5","RX":"5","V7":"5","X2":"5","M5":"5","QH":"5","RC":"5","P4":"5","MG":"5","XH":"5","P7":"5","XV":"5","MM":"5","QF":"5","MW":"5","JQ":"5","PW":"5","MX":"5","JJ":"5","V5":"5","JC":"5","X4":"5","PC":"5","X9":"5","Q6":"5","WJ":"5","JG":"5","JV":"5","P5":"5","VW":"5","RV":"5","MR":"5","WF":"5","X7":"5","X5":"5","W4":"5","W2":"5","M3":"5","Q7":"5","RM":"5","VH":"5","XG":"5","XJ":"5","QG":"5","VJ":"5","VQ":"5","R5":"5","WR":"5","QX":"5","V9":"5","JM":"5","R2":"5","WC":"5","RF":"5","PG":"5","X8":"5","P9":"5","W9":"5","J9":"5","XF":"5","RJ":"5","VM":"5","P2":"5","XP":"5","Q2":"5","Q5":"5","PR":"5","QW":"5","XQ":"5","W3":"5","QR":"5","JW":"5","MJ":"5","R4":"5","PM":"5","R8":"5","Q4":"5","M9":"5","Q8":"5","XC":"5","P8":"5","J7":"5","MP":"5","WP":"5","XX":"5","PH":"5","VG":"5","WX":"5","VV":"5","J8":"5","QC":"5","M2":"5","R7":"5","JP":"5","W7":"5","V6":"5","M6":"5","XW":"5","PX":"5","JR":"5","MC":"5","WM":"5","M4":"5","PF":"5","MV":"5","W8":"5","QQ":"5","P6":"5","WW":"5","RP":"5","WQ":"5","PV":"5","RQ":"5","XR":"5","VF":"5","JF":"5","QP":"5","PJ":"5","R6":"5","X6":"5","QV":"5","V4":"5"},"CF":{"83":"5","4V":"5","32":"5","26":"5","5C":"5","7J":"5","72":"5","39":"5","7M":"5","3M":"5","2J":"5","69":"5","73":"5","86":"5","2M":"5","78":"5","3H":"5","7G":"5","2C":"5","5Q":"5","3P":"5","4W":"5","6P":"5","38":"5","54":"5","43":"5","4P":"5","48":"5","22":"5","75":"5","53":"5","4G":"5","6C":"5","62":"5","57":"5","6F":"5","36":"5","49":"5","3X":"5","55":"5","28":"5","4M":"5","3J":"5","2X":"5","68":"5","4Q":"5","5R":"5","52":"5","24":"5","4F":"5","74":"5","29":"5","76":"5","58":"5","6H":"5","5F":"5","3Q":"5","2F":"5","5P":"5","5J":"5","45":"5","3V":"5","4R":"5","84":"5","65":"5","79":"5","3C":"5","33":"5","6Q":"5","5M":"5","44":"5","63":"5","5G":"5","7C":"5","67":"5","64":"5","34":"5","2W":"5","2Q":"5","3R":"5","3G":"5","23":"5","46":"5","6M":"5","35":"5","2P":"5","6G":"5","56":"5","3W":"5","59":"5","82":"5","87":"5","6J":"5","37":"5","25":"5","85":"5","47":"5","27":"5","2H":"5","3F":"5","4J":"5","7H":"5","2R":"5","4C":"5","5H":"5","66":"5","77":"5","7F":"5","42":"5","88":"5","4H":"5","2G":"5","2V":"5"},"89":{"VP":"5","RW":"5","MH":"5","W6":"5","J4":"5","PQ":"5","V2":"5","VX":"5","V8":"5","RH":"5","W5":"5","XM":"5","WH":"5","M7":"5","M8":"5","Q9":"5","WG":"5","RR":"5","X3":"5","P3":"5","RG":"5","PP":"5","J3":"5","WV":"5","QJ":"5","VR":"5","QM":"5","MQ":"5","VC":"5","R9":"5","V3":"5","Q3":"5","R3":"5","MF":"5","RX":"5","V7":"5","X2":"5","M5":"5","QH":"5","RC":"5","P4":"5","MG":"5","XH":"5","P7":"5","XV":"5","MM":"5","QF":"5","PW":"5","V5":"5","JC":"5","X4":"5","PC":"5","X9":"5","Q6":"5","WJ":"5","P5":"5","VW":"5","RV":"5","WF":"5","X7":"5","X5":"5","W4":"5","W2":"5","M3":"5","Q7":"5","RM":"5","VH":"5","XG":"5","XJ":"5","QG":"5","VJ":"5","VQ":"5","R5":"5","WR":"5","QX":"5","V9":"5","R2":"5","WC":"5","RF":"5","J6":"5","PG":"5","X8":"5","P9":"5","W9":"5","J9":"5","XF":"5","RJ":"5","VM":"5","P2":"5","XP":"5","Q2":"5","Q5":"5","PR":"5","QW":"5","XQ":"5","W3":"5","QR":"5","MJ":"5","R4":"5","PM":"5","R8":"5","Q4":"5","M9":"5","Q8":"5","XC":"5","P8":"5","J7":"5","MP":"5","WP":"5","J2":"5","XX":"5","PH":"5","VG":"5","WX":"5","VV":"5","J8":"5","QC":"5","M2":"5","R7":"5","J5":"5","W7":"5","V6":"5","M6":"5","XW":"5","PX":"5","MC":"5","WM":"5","M4":"5","PF":"5","W8":"5","QQ":"5","P6":"5","WW":"5","RP":"5","WQ":"5","PV":"5","RQ":"5","XR":"5","VF":"5","JF":"5","QP":"5","PJ":"5","R6":"5","X6":"5","QV":"5","V4":"5"},"98":{"FF":"5","2X":"5","3R":"5","8X":"5","22":"5","5J":"5","FM":"5","F2":"5","WH":"5","V6":"5","G3":"5","CC":"5","MC":"5","HG":"5","PH":"5","9X":"5","J3":"5","39":"5","VR":"5","QX":"5","3H":"5","R6":"5","42":"5","R7":"5","2C":"5","HH":"5","8P":"5","R5":"5","FH":"5","RR":"5","X8":"5","C9":"5","9M":"5","57":"5","WM":"5","C6":"5","8H":"5","7M":"5","9W":"5","7R":"5","77":"5","VP":"5","4Q":"5","CP":"5","24":"5","38":"5","H5":"5","P5":"5","3Q":"5","GG":"5","QM":"5","6F":"5","V2":"5","FV":"5","56":"5","CF":"5","R9":"5","44":"5","XH":"5","27":"5","2R":"5","Q3":"5","G7":"5","83":"5","87":"5","R2":"5","3X":"5","X7":"5","29":"5","FR":"5","47":"5","X5":"5","3M":"5","FC":"5","XW":"5","75":"5","JJ":"5","X4":"5","X3":"5","M6":"5","F7":"5","VV":"5","PV":"5","6P":"5","CQ":"5","5Q":"5","7F":"5","VW":"5","6R":"5","GC":"5","C8":"5","W9":"5","FP":"5","G8":"5","P2":"5","HM":"5","GV":"5","5P":"5","72":"5","9H":"5","F5":"5","65":"5","FQ":"5","GF":"5","WF":"5","7C":"5","3C":"5","54":"5","VQ":"5","H2":"5","43":"5","WC":"5","JC":"5","WR":"5","VG":"5","5F":"5","66":"5","6X":"5","RW":"5","RJ":"5","99":"5","23":"5","8M":"5","28":"5","4W":"5","J9":"5","33":"5","9P":"5","58":"5","QF":"5","HJ":"5","Q8":"5","64":"5","WX":"5","XP":"5","RG":"5","53":"5","2G":"5","73":"5","6V":"5","QC":"5","94":"5","46":"5","RQ":"5","QR":"5","PF":"5","5W":"5","9F":"5","QH":"5","5H":"5","F9":"5","4H":"5","8G":"5","52":"5","32":"5","5G":"5","M2":"5","88":"5","RX":"5","RF":"5","5X":"5","85":"5","P7":"5","PM":"5","WW":"5","86":"5","MP":"5","3P":"5","JH":"5","7P":"5","Q7":"5","J5":"5","XG":"5","97":"5","9R":"5","8C":"5","9Q":"5","GH":"5","95":"5","78":"5","5R":"5","3G":"5","JP":"5","GX":"5","HR":"5","59":"5","2W":"5","R4":"5","X2":"5","VJ":"5","H7":"5","4C":"5","Q2":"5","F8":"5","X6":"5","WV":"5","W3":"5","V5":"5","XC":"5","2H":"5","2P":"5","62":"5","H9":"5","7Q":"5","VC":"5","CM":"5","JF":"5","WQ":"5","W2":"5","MX":"5","FJ":"5","69":"5","M5":"5","4V":"5","34":"5","R8":"5","X9":"5","Q6":"5","W6":"5","PJ":"5","3J":"5","PP":"5","HX":"5","96":"5","MJ":"5","Q9":"5","9J":"5","QQ":"5","P9":"5","J2":"5","7J":"5","HC":"5","63":"5","J8":"5","XJ":"5","7X":"5","C3":"5","CR":"5","P8":"5","GR":"5","P3":"5","MM":"5","2V":"5","82":"5","93":"5","GQ":"5","MR":"5","CJ":"5","9V":"5","CG":"5","MH":"5","VH":"5","6Q":"5","WG":"5","Q5":"5","M9":"5","4R":"5","R3":"5","8W":"5","5C":"5","89":"5","MF":"5","79":"5","QV":"5","XV":"5","Q4":"5","4M":"5","6M":"5","QW":"5","M7":"5","8R":"5","GM":"5","JX":"5","JG":"5","G2":"5","48":"5","98":"5","PQ":"5","8F":"5","F3":"5","8V":"5","C2":"5","92":"5","8Q":"5","XM":"5","4X":"5","36":"5","F6":"5","HW":"5","3F":"5","8J":"5","J4":"5","4F":"5","CH":"5","QJ":"5","RV":"5","VF":"5","G5":"5","HP":"5","6H":"5","WJ":"5","74":"5","HV":"5","CX":"5","HQ":"5","9C":"5","5V":"5","MQ":"5","CW":"5","QP":"5","H6":"5","H4":"5","JV":"5","G6":"5","6C":"5","F4":"5","J7":"5","7G":"5","VX":"5","RC":"5","MV":"5","JQ":"5","MG":"5","FW":"5","76":"5","25":"5","6W":"5","84":"5","XQ":"5","7V":"5","FG":"5","RM":"5","V9":"5","V8":"5","4J":"5","6J":"5","26":"5","HF":"5","PG":"5","6G":"5","PC":"5","9G":"5","WP":"5","GP":"5","4P":"5","V3":"5","FX":"5","2J":"5","49":"5","M8":"5","2F":"5","J6":"5","XF":"5","GJ":"5","QG":"5","P4":"5","RH":"5","67":"5","P6":"5","W5":"5","37":"5","3W":"5","W4":"5","35":"5","68":"5","MW":"5","W8":"5","JM":"5","C5":"5","G9":"5","C7":"5","M3":"5","4G":"5","XX":"5","55":"5","JR":"5","XR":"5","V7":"5","7W":"5","PR":"5","CV":"5","PW":"5","W7":"5","H3":"5","V4":"5","2Q":"5","H8":"5","3V":"5","JW":"5","G4":"5","VM":"5","RP":"5","7H":"5","C4":"5","45":"5","M4":"5","5M":"5","2M":"5","PX":"5","GW":"5"},"9G":{"W5":"5","Q2":"5","Q3":"5","W4":"5","M2":"5","V3":"5","R3":"5","X3":"5","W2":"5","R4":"5","W3":"5","P2":"5","V4":"5","X2":"5","X4":"5","R2":"5","V2":"5"},"94":{"8W":"5","VP":"5","5V":"5","RW":"5","MH":"5","4V":"5","FM":"5","FC":"5","PQ":"5","VX":"5","GR":"5","7J":"5","RH":"5","7W":"5","GG":"5","CV":"5","CP":"5","7M":"5","HM":"5","RR":"5","HQ":"5","GC":"5","RG":"5","PP":"5","6X":"5","FV":"5","GQ":"5","WV":"5","QJ":"5","JX":"5","VR":"5","CQ":"5","6V":"5","QM":"5","9Q":"5","JH":"5","MQ":"5","FW":"5","5Q":"5","4W":"5","HH":"5","6P":"5","MF":"5","RX":"5","7V":"5","QH":"5","RC":"5","FF":"5","MG":"5","3X":"5","XV":"5","MM":"5","QF":"5","MW":"5","PW":"5","JQ":"5","MX":"5","4Q":"5","5R":"5","GX":"5","HW":"5","JJ":"5","JC":"5","8P":"5","PC":"5","6W":"5","7P":"5","WJ":"5","JG":"5","JV":"5","CC":"5","VW":"5","8H":"5","RV":"5","MR":"5","HX":"5","9M":"5","CR":"5","7R":"5","FX":"5","5X":"5","9P":"5","9H":"5","CX":"5","8V":"5","GP":"5","8M":"5","5P":"5","RM":"5","9W":"5","VH":"5","9X":"5","QG":"5","VJ":"5","3V":"5","4R":"5","VQ":"5","HJ":"5","WR":"5","QX":"5","FG":"5","CJ":"5","6Q":"5","CG":"5","JM":"5","RF":"5","PG":"5","GV":"5","9R":"5","8G":"5","9V":"5","GH":"5","RJ":"5","HR":"5","FJ":"5","VM":"5","XP":"5","PR":"5","FH":"5","QW":"5","XQ":"5","QR":"5","JW":"5","6M":"5","MJ":"5","FR":"5","7X":"5","PM":"5","8R":"5","8J":"5","GJ":"5","8X":"5","9J":"5","3W":"5","HG":"5","MP":"5","WP":"5","XX":"5","PH":"5","VG":"5","6J":"5","WX":"5","VV":"5","FQ":"5","9F":"5","7Q":"5","QC":"5","HP":"5","5W":"5","8Q":"5","CM":"5","9G":"5","GF":"5","JP":"5","XW":"5","HV":"5","PX":"5","JR":"5","FP":"5","MC":"5","WM":"5","PF":"5","MV":"5","CF":"5","4X":"5","7H":"5","GM":"5","QQ":"5","GW":"5","WW":"5","HC":"5","RP":"5","6R":"5","CW":"5","WQ":"5","PV":"5","RQ":"5","HF":"5","XR":"5","CH":"5","JF":"5","QP":"5","PJ":"5","QV":"5"},"C5":{"6V":"5","29":"5","3P":"5","25":"5","4H":"5","39":"5","59":"5","6F":"5","2X":"5","8V":"5","4R":"5","4M":"5","36":"5","2J":"5","8R":"5","5G":"5","5H":"5","5X":"5","23":"5","2G":"5","37":"5","3M":"5","46":"5","2M":"5","6Q":"5","4G":"5","26":"5","32":"5","3Q":"5","4X":"5","4C":"5","3V":"5","2V":"5","4W":"5","7R":"5","24":"5","35":"5","44":"5","47":"5","7W":"5","4V":"5","5J":"5","45":"5","7P":"5","5P":"5","2P":"5","5V":"5","27":"5","57":"5","7J":"5","33":"5","2F":"5","4J":"5","49":"5","48":"5","7Q":"5","3H":"5","6J":"5","3F":"5","4P":"5","2Q":"5","5C":"5","7X":"5","5R":"5","34":"5","6P":"5","7M":"5","2C":"5","4F":"5","8W":"5","5F":"5","3J":"5","5M":"5","7V":"5","4Q":"5","2H":"5","6M":"5","6C":"5","3R":"5","55":"5","43":"5","38":"5","8X":"5","56":"5","2R":"5","22":"5","6X":"5","58":"5","3X":"5","2W":"5","42":"5","69":"5","6R":"5","6G":"5","3W":"5","3G":"5","28":"5","5Q":"5","6W":"5","6H":"5","3C":"5","5W":"5"},"C9":{"8W":"5","89":"5","5V":"5","83":"5","4V":"5","FM":"5","32":"5","FC":"5","95":"5","F3":"5","26":"5","C8":"5","5C":"5","7J":"5","72":"5","7W":"5","39":"5","CV":"5","F6":"5","CP":"5","7M":"5","3M":"5","2J":"5","69":"5","73":"5","86":"5","2M":"5","78":"5","C5":"5","3H":"5","6X":"5","7G":"5","2C":"5","CQ":"5","6V":"5","9Q":"5","5Q":"5","3P":"5","4W":"5","6P":"5","38":"5","54":"5","43":"5","4P":"5","48":"5","22":"5","C3":"5","75":"5","7V":"5","53":"5","4G":"5","6C":"5","62":"5","57":"5","6F":"5","FF":"5","36":"5","49":"5","3X":"5","96":"5","55":"5","28":"5","4M":"5","F7":"5","F4":"5","3J":"5","C9":"5","F2":"5","2X":"5","68":"5","4Q":"5","5R":"5","52":"5","C4":"5","24":"5","4F":"5","8P":"5","74":"5","7P":"5","6W":"5","29":"5","76":"5","58":"5","CC":"5","6H":"5","8H":"5","5F":"5","3Q":"5","9M":"5","CR":"5","7R":"5","5X":"5","9P":"5","2F":"5","9H":"5","CX":"5","8V":"5","8M":"5","5P":"5","5J":"5","9W":"5","45":"5","9X":"5","3V":"5","4R":"5","98":"5","93":"5","84":"5","65":"5","79":"5","FG":"5","3C":"5","CJ":"5","33":"5","6Q":"5","5M":"5","CG":"5","8C":"5","44":"5","9R":"5","8G":"5","63":"5","5G":"5","7C":"5","67":"5","9V":"5","64":"5","34":"5","9C":"5","FJ":"5","92":"5","2W":"5","2Q":"5","F8":"5","3R":"5","8F":"5","FH":"5","3G":"5","23":"5","46":"5","99":"5","6M":"5","FR":"5","C2":"5","7X":"5","97":"5","35":"5","8R":"5","2P":"5","8J":"5","6G":"5","8X":"5","56":"5","9J":"5","F5":"5","3W":"5","59":"5","82":"5","87":"5","6J":"5","FQ":"5","9F":"5","7Q":"5","37":"5","C7":"5","5W":"5","8Q":"5","25":"5","CM":"5","9G":"5","85":"5","47":"5","27":"5","2H":"5","3F":"5","FP":"5","4J":"5","CF":"5","4X":"5","7H":"5","2R":"5","4C":"5","5H":"5","F9":"5","6R":"5","CW":"5","66":"5","77":"5","CH":"5","94":"5","7F":"5","42":"5","88":"5","C6":"5","4H":"5","2G":"5","2V":"5"},"9C":{"FF":"5","2X":"5","3R":"5","8X":"5","22":"5","5J":"5","FM":"5","F2":"5","WH":"5","V6":"5","G3":"5","CC":"5","MC":"5","HG":"5","PH":"5","9X":"5","J3":"5","39":"5","VR":"5","QX":"5","3H":"5","R6":"5","42":"5","R7":"5","2C":"5","HH":"5","8P":"5","R5":"5","FH":"5","RR":"5","X8":"5","C9":"5","9M":"5","57":"5","WM":"5","C6":"5","8H":"5","7M":"5","9W":"5","7R":"5","77":"5","VP":"5","4Q":"5","CP":"5","24":"5","38":"5","H5":"5","P5":"5","3Q":"5","GG":"5","QM":"5","6F":"5","V2":"5","FV":"5","56":"5","CF":"5","R9":"5","44":"5","XH":"5","27":"5","2R":"5","Q3":"5","G7":"5","83":"5","87":"5","R2":"5","3X":"5","X7":"5","29":"5","FR":"5","47":"5","X5":"5","3M":"5","FC":"5","XW":"5","75":"5","JJ":"5","X4":"5","X3":"5","M6":"5","F7":"5","VV":"5","PV":"5","6P":"5","CQ":"5","5Q":"5","7F":"5","VW":"5","6R":"5","GC":"5","C8":"5","W9":"5","FP":"5","G8":"5","P2":"5","HM":"5","GV":"5","5P":"5","72":"5","9H":"5","F5":"5","65":"5","FQ":"5","GF":"5","WF":"5","7C":"5","3C":"5","54":"5","VQ":"5","H2":"5","43":"5","WC":"5","JC":"5","WR":"5","VG":"5","5F":"5","66":"5","6X":"5","RW":"5","RJ":"5","99":"5","23":"5","8M":"5","28":"5","4W":"5","J9":"5","33":"5","9P":"5","58":"5","QF":"5","HJ":"5","Q8":"5","64":"5","WX":"5","XP":"5","RG":"5","53":"5","2G":"5","73":"5","6V":"5","QC":"5","94":"5","46":"5","RQ":"5","QR":"5","PF":"5","5W":"5","9F":"5","QH":"5","5H":"5","F9":"5","4H":"5","8G":"5","52":"5","32":"5","5G":"5","M2":"5","88":"5","RX":"5","RF":"5","5X":"5","85":"5","P7":"5","PM":"5","WW":"5","86":"5","MP":"5","3P":"5","JH":"5","7P":"5","Q7":"5","J5":"5","XG":"5","97":"5","9R":"5","8C":"5","9Q":"5","GH":"5","95":"5","78":"5","5R":"5","3G":"5","JP":"5","GX":"5","HR":"5","59":"5","2W":"5","R4":"5","X2":"5","VJ":"5","H7":"5","4C":"5","Q2":"5","F8":"5","X6":"5","WV":"5","W3":"5","V5":"5","XC":"5","2H":"5","2P":"5","62":"5","H9":"5","7Q":"5","VC":"5","CM":"5","JF":"5","WQ":"5","W2":"5","MX":"5","FJ":"5","69":"5","M5":"5","4V":"5","34":"5","R8":"5","X9":"5","Q6":"5","W6":"5","PJ":"5","3J":"5","PP":"5","HX":"5","96":"5","MJ":"5","Q9":"5","9J":"5","QQ":"5","P9":"5","J2":"5","7J":"5","HC":"5","63":"5","J8":"5","XJ":"5","7X":"5","C3":"5","CR":"5","P8":"5","GR":"5","MM":"5","P3":"5","2V":"5","82":"5","93":"5","GQ":"5","MR":"5","CJ":"5","9V":"5","CG":"5","MH":"5","VH":"5","6Q":"5","WG":"5","Q5":"5","M9":"5","4R":"5","R3":"5","8W":"5","5C":"5","89":"5","MF":"5","79":"5","QV":"5","XV":"5","Q4":"5","4M":"5","6M":"5","QW":"5","M7":"5","8R":"5","GM":"5","JX":"5","JG":"5","G2":"5","48":"5","98":"5","PQ":"5","8F":"5","F3":"5","8V":"5","C2":"5","92":"5","8Q":"5","XM":"5","4X":"5","36":"5","F6":"5","HW":"5","3F":"5","8J":"5","J4":"5","4F":"5","CH":"5","QJ":"5","RV":"5","VF":"5","G5":"5","HP":"5","6H":"5","WJ":"5","74":"5","HV":"5","CX":"5","HQ":"5","9C":"5","5V":"5","MQ":"5","CW":"5","QP":"5","H6":"5","H4":"5","JV":"5","G6":"5","6C":"5","F4":"5","J7":"5","7G":"5","VX":"5","RC":"5","MV":"5","JQ":"5","MG":"5","FW":"5","76":"5","25":"5","6W":"5","84":"5","XQ":"5","7V":"5","FG":"5","RM":"5","V9":"5","V8":"5","4J":"5","6J":"5","26":"5","HF":"5","PG":"5","6G":"5","PC":"5","9G":"5","WP":"5","GP":"5","4P":"5","V3":"5","FX":"5","2J":"5","49":"5","M8":"5","2F":"5","J6":"5","XF":"5","GJ":"5","QG":"5","P4":"5","RH":"5","67":"5","P6":"5","W5":"5","37":"5","3W":"5","W4":"5","35":"5","68":"5","MW":"5","W8":"5","JM":"5","C5":"5","G9":"5","C7":"5","M3":"5","4G":"5","XX":"5","55":"5","JR":"5","XR":"5","V7":"5","7W":"5","PR":"5","CV":"5","PW":"5","W7":"5","H3":"5","V4":"5","2Q":"5","H8":"5","3V":"5","JW":"5","G4":"5","VM":"5","RP":"5","7H":"5","C4":"5","45":"5","M4":"5","5M":"5","2M":"5","PX":"5","GW":"5"},"85":{"W8":"5","RM":"5","RV":"5","VG":"5","VM":"5","X9":"5","VJ":"5","WW":"5","RP":"5","XC":"5","WH":"5","VQ":"5","WF":"5","WV":"5","XW":"5","XV":"5","WR":"5","RJ":"5","XX":"5","X5":"5","VR":"5","XQ":"5","QX":"5","WP":"5","X6":"5","WX":"5","VW":"5","XR":"5","WM":"5","WG":"5","WC":"5","VX":"5","QW":"5","RW":"5","X8":"5","XP":"5","XF":"5","XJ":"5","RQ":"5","WQ":"5","XH":"5","WJ":"5","VH":"5","W9":"5","VV":"5","QV":"5","RR":"5","VF":"5","X7":"5","VP":"5","RX":"5","XM":"5","XG":"5"},"CC":{"2X":"5","3R":"5","8X":"5","22":"5","5J":"5","CC":"5","39":"5","3H":"5","42":"5","2C":"5","8P":"5","C9":"5","9M":"5","57":"5","C6":"5","8H":"5","7M":"5","9W":"5","7R":"5","77":"5","4Q":"5","24":"5","38":"5","3Q":"5","6F":"5","56":"5","CF":"5","44":"5","27":"5","2R":"5","83":"5","87":"5","3X":"5","29":"5","47":"5","3M":"5","75":"5","6P":"5","5Q":"5","7F":"5","6R":"5","C8":"5","5P":"5","72":"5","9H":"5","65":"5","7C":"5","3C":"5","54":"5","43":"5","5F":"5","66":"5","6X":"5","99":"5","23":"5","8M":"5","28":"5","4W":"5","33":"5","9P":"5","58":"5","64":"5","53":"5","2G":"5","73":"5","6V":"5","94":"5","46":"5","5W":"5","9F":"5","5H":"5","4H":"5","8G":"5","52":"5","32":"5","5G":"5","88":"5","5X":"5","85":"5","86":"5","3P":"5","7P":"5","97":"5","9R":"5","8C":"5","9Q":"5","95":"5","78":"5","5R":"5","3G":"5","59":"5","2W":"5","4C":"5","2H":"5","2P":"5","62":"5","7Q":"5","69":"5","4V":"5","34":"5","3J":"5","96":"5","9J":"5","7J":"5","63":"5","7X":"5","C3":"5","2V":"5","82":"5","93":"5","CG":"5","9V":"5","6Q":"5","4R":"5","8W":"5","5C":"5","89":"5","79":"5","4M":"5","6M":"5","8R":"5","48":"5","98":"5","8F":"5","8V":"5","92":"5","C2":"5","8Q":"5","4X":"5","36":"5","3F":"5","8J":"5","4F":"5","6H":"5","74":"5","9C":"5","5V":"5","6C":"5","7G":"5","76":"5","25":"5","6W":"5","84":"5","7V":"5","4J":"5","6J":"5","26":"5","6G":"5","9G":"5","4P":"5","2J":"5","49":"5","2F":"5","67":"5","37":"5","3W":"5","35":"5","68":"5","C5":"5","C7":"5","4G":"5","55":"5","7W":"5","2Q":"5","3V":"5","7H":"5","C4":"5","45":"5","5M":"5","2M":"5"},"8C":{"W8":"5","RM":"5","Q4":"5","R9":"5","R8":"5","V6":"5","RC":"5","VG":"5","P3":"5","VM":"5","Q2":"5","X9":"5","VJ":"5","WW":"5","X2":"5","V4":"5","W2":"5","RF":"5","XC":"5","WH":"5","VQ":"5","WF":"5","WV":"5","Q8":"5","XW":"5","XV":"5","WR":"5","RJ":"5","R5":"5","RG":"5","Q9":"5","XX":"5","X4":"5","X5":"5","X3":"5","W5":"5","VR":"5","R7":"5","VC":"5","XQ":"5","WP":"5","X6":"5","V7":"5","XR":"5","R6":"5","P2":"5","WM":"5","Q5":"5","WG":"5","WC":"5","V8":"5","V5":"5","Q3":"5","X8":"5","XP":"5","Q7":"5","XF":"5","W7":"5","XJ":"5","R2":"5","R4":"5","WQ":"5","XH":"5","Q6":"5","WJ":"5","VH":"5","V3":"5","W9":"5","W3":"5","VF":"5","X7":"5","W4":"5","W6":"5","V9":"5","VP":"5","XM":"5","V2":"5","R3":"5","RH":"5","XG":"5"},"C7":{"FF":"5","2X":"5","3R":"5","8X":"5","22":"5","5J":"5","FM":"5","CC":"5","9X":"5","39":"5","3H":"5","42":"5","2C":"5","8P":"5","FH":"5","C9":"5","9M":"5","57":"5","C6":"5","8H":"5","7M":"5","9W":"5","7R":"5","77":"5","4Q":"5","CP":"5","24":"5","38":"5","3Q":"5","6F":"5","FV":"5","56":"5","CF":"5","44":"5","27":"5","2R":"5","83":"5","87":"5","3X":"5","29":"5","FR":"5","47":"5","3M":"5","FC":"5","75":"5","F7":"5","6P":"5","CQ":"5","5Q":"5","7F":"5","6R":"5","C8":"5","FP":"5","5P":"5","72":"5","9H":"5","65":"5","FQ":"5","7C":"5","3C":"5","54":"5","43":"5","5F":"5","66":"5","6X":"5","99":"5","23":"5","8M":"5","28":"5","4W":"5","33":"5","9P":"5","58":"5","64":"5","53":"5","2G":"5","73":"5","6V":"5","94":"5","46":"5","5W":"5","9F":"5","5H":"5","F9":"5","4H":"5","8G":"5","52":"5","32":"5","5G":"5","88":"5","5X":"5","85":"5","86":"5","3P":"5","7P":"5","97":"5","9R":"5","8C":"5","9Q":"5","95":"5","78":"5","5R":"5","3G":"5","59":"5","2W":"5","4C":"5","F8":"5","2H":"5","2P":"5","62":"5","7Q":"5","CM":"5","FJ":"5","69":"5","4V":"5","34":"5","3J":"5","96":"5","9J":"5","7J":"5","63":"5","7X":"5","C3":"5","CR":"5","2V":"5","93":"5","82":"5","CJ":"5","CG":"5","9V":"5","6Q":"5","4R":"5","8W":"5","5C":"5","89":"5","79":"5","4M":"5","6M":"5","8R":"5","48":"5","98":"5","8F":"5","8V":"5","92":"5","C2":"5","8Q":"5","4X":"5","36":"5","F6":"5","3F":"5","8J":"5","4F":"5","CH":"5","6H":"5","74":"5","CX":"5","9C":"5","5V":"5","CW":"5","6C":"5","7G":"5","FW":"5","76":"5","25":"5","6W":"5","84":"5","7V":"5","FG":"5","4J":"5","6J":"5","26":"5","6G":"5","9G":"5","4P":"5","FX":"5","2J":"5","49":"5","2F":"5","67":"5","37":"5","3W":"5","35":"5","68":"5","C5":"5","C7":"5","4G":"5","55":"5","7W":"5","CV":"5","2Q":"5","3V":"5","7H":"5","C4":"5","45":"5","5M":"5","2M":"5"},"C4":{"2V":"5","2X":"5","3X":"5","2R":"5","2W":"5","3W":"5"},"CG":{"22":"5","23":"5"},"86":{"W8":"5","RM":"5","MX":"5","Q4":"5","RV":"5","R9":"5","P6":"5","PG":"5","R8":"5","QJ":"5","V6":"5","RC":"5","VG":"5","VM":"5","Q2":"5","MQ":"5","X9":"5","WW":"5","VJ":"5","X2":"5","P5":"5","P7":"5","V4":"5","W2":"5","PF":"5","RF":"5","RP":"5","XC":"5","WH":"5","VQ":"5","WF":"5","PW":"5","WV":"5","Q8":"5","XW":"5","XV":"5","WR":"5","RJ":"5","R5":"5","Q9":"5","RG":"5","XX":"5","X4":"5","X5":"5","X3":"5","W5":"5","VR":"5","PM":"5","R7":"5","VC":"5","XQ":"5","MW":"5","QX":"5","WP":"5","X6":"5","V7":"5","WX":"5","PH":"5","P8":"5","VW":"5","MR":"5","XR":"5","MJ":"5","QF":"5","PV":"5","R6":"5","P9":"5","WM":"5","WG":"5","WC":"5","Q5":"5","VX":"5","V8":"5","QW":"5","QH":"5","V5":"5","PQ":"5","PC":"5","Q3":"5","RW":"5","MM":"5","PP":"5","X8":"5","QP":"5","XP":"5","Q7":"5","XF":"5","W7":"5","XJ":"5","R2":"5","R4":"5","RQ":"5","WQ":"5","XH":"5","Q6":"5","WJ":"5","VH":"5","QQ":"5","V3":"5","PJ":"5","VV":"5","W9":"5","QV":"5","PR":"5","W3":"5","RR":"5","MP":"5","VF":"5","MV":"5","MH":"5","X7":"5","QM":"5","MG":"5","W4":"5","W6":"5","QC":"5","V9":"5","VP":"5","RX":"5","XM":"5","V2":"5","PX":"5","R3":"5","RH":"5","QR":"5","XG":"5","QG":"5"}},"75":{"93":{"QX":"5"}}}}