{"CF":{"CQ":{"54":{"G9":"5"},"5H":{"X4":"5"},"5G":{"XX":"5"},"6H":{"8X":"5","3C":"5","4Q":"5","39":"5"},"6P":{"WQ":"5"},"6J":{"99":"5","F8":"5","69":"5","CH":"5","36":"5","98":"5"}},"CP":{"9M":{"P8":"5","J6":"5"},"35":{"VH":"5"},"45":{"4X":"5","3X":"5"},"36":{"89":"5","85":"5","94":"5","84":"5"}},"CH":{"WW":{"CF":"5","GP":"5","FJ":"5","94":"5"},"WX":{"94":"5"}},"2X":{"2V":{"9C":"5"}},"FH":{"RH":{"8R":"5"}},"CR":{"M8":{"78":"5","48":"5","45":"5","3W":"5"},"G2":{"HQ":"5"},"94":{"62":"5"}},"9P":{"HG":{"57":"5","59":"5"},"JQ":{"V9":"5","VC":"5"}},"6X":{"95":{"M5":"5"},"83":{"WV":"4"},"C3":{"RG":"5"},"F6":{"H9":"5","H8":"5","G8":"5","G9":"5","H7":"5","G4":"5","H6":"5","H5":"5","G7":"5","F7":"5","G6":"5"},"F2":{"GV":"5"},"F5":{"MV":"5"}},"6W":{"GX":{"3Q":"5","3P":"5","4Q":"5","3J":"5","2H":"5","4P":"5","3W":"5"},"FV":{"G5":"5"}},"5M":{"P7":{"C8":"4"}}},"index":{"university,1|retail,2|tourism,3|wreck,4|historical,5|artsCulture,6|namedBuilding,7|water,8|wetland,9|park,10|beach,11|natureReserve,12|cemetery,13|trail,14":{}}}