{"CG":{"25":{"GX":{"GQ":"5"},"PR":{"9M":"5","CP":"5","CM":"5","9P":"5","CJ":"5","9J":"5"},"P9":{"H6":"5"},"CP":{"4G":"5"},"9P":{"H7":"5","H6":"5"},"57":{"8Q":"5"},"JJ":{"XP":"5"},"MJ":{"R2":"5","HV":"5"},"65":{"8J":"5"},"MM":{"95":"5","4F":"5","3C":"5","4C":"5","3F":"5","7J":"5","94":"5","97":"5"}},"3C":{"37":{"83":"5"},"36":{"8J":"5","GJ":"5","8M":"5","8H":"5","8R":"5","GH":"5","8Q":"5","9Q":"5"}},"2G":{"P2":{"58":"5"},"6F":{"6F":"5","4F":"5","6G":"5","5F":"5","43":"5"},"GJ":{"Q4":"5","V8":"5","RC":"5"},"FP":{"4J":"5"},"P3":{"5J":"4"},"34":{"C7":"5"}},"39":{"3V":{"27":"5"}},"GH":{"3F":{"MV":"5"}},"23":{"JX":{"JC":"5","P4":"4"}},"2C":{"Q4":{"WR":"5"},"VC":{"7C":"5"},"G8":{"5H":"5"},"55":{"XP":"5"},"G6":{"5V":"5"},"95":{"2G":"5"},"MJ":{"C7":"5","JJ":"5","GH":"5"},"4G":{"F3":"5","C3":"5","F2":"5","C4":"5"}},"2F":{"3Q":{"F2":"5"},"R4":{"XC":"5","W6":"5","W5":"5"},"P9":{"HR":"5","HJ":"5","HM":"5","HP":"5","HQ":"5","HV":"5"},"3P":{"GX":"5"},"V3":{"6F":"5"}},"26":{"2X":{"XC":"5"},"3X":{"24":"5","23":"5","36":"5"},"M9":{"V5":"5"},"XM":{"WQ":"5"},"JM":{"GJ":"5"},"G2":{"5Q":"5"}},"22":{"2X":{"MF":"5","PH":"5"},"2W":{"5C":"5"}},"24":{"4X":{"QF":"5"},"3X":{"55":"5"}},"29":{"2F":{"9R":"5","CV":"5","9V":"5","CR":"5"},"3X":{"Q6":"5"},"RP":{"2P":"5"},"3P":{"C5":"5","F3":"5","C3":"5","F2":"5","C4":"5"},"3M":{"GQ":"5","C2":"5","FW":"5","FR":"5","GM":"5","FV":"5","G8":"5","FX":"5","G9":"5","GH":"5","GC":"5","GF":"5","F8":"5","F3":"5","GP":"5","FQ":"5","F7":"5","GG":"5","F6":"5","F5":"5","F4":"5","GJ":"5","C3":"5"},"3J":{"FW":"5","FR":"5","C9":"5","FV":"5","FX":"5","CG":"5","C6":"5","FQ":"5","FM":"5","C8":"5","CX":"5","C4":"5","CC":"5","FH":"5","FP":"5","CF":"5","C5":"5","FG":"5","FJ":"5","C7":"5","C3":"5"}},"4C":{"7M":{"8M":"4"}},"2H":{"82":{"F7":"5","G8":"5","F6":"5","G6":"5"},"95":{"Q4":"5"},"93":{"XC":"5","CV":"5","CW":"5","9V":"5"},"72":{"PG":"5"},"C3":{"4C":"5"},"94":{"F6":"5"}},"27":{"VV":{"WH":"5","WP":"5","WM":"5","WF":"5","WQ":"5","WJ":"5","XR":"5","XQ":"5"},"XX":{"HG":"5","JH":"5","HH":"5"},"QJ":{"83":"5"},"83":{"VG":"5","VF":"5","VC":"5","65":"5"},"VG":{"9F":"5"},"89":{"GR":"5"},"F6":{"4H":"5","H9":"5"},"85":{"GG":"5"},"C5":{"RX":"5"}},"28":{"QM":{"RP":"5"},"XM":{"69":"5","8J":"5","8X":"5","8H":"5","8P":"5","8G":"5","8M":"5","89":"5","9H":"5","8C":"5"},"PH":{"64":"5","65":"5"},"X2":{"J3":"5"}}},"index":{"university,1|retail,2|tourism,3|wreck,4|historical,5|artsCulture,6|namedBuilding,7|water,8|wetland,9|park,10|beach,11|natureReserve,12|cemetery,13|trail,14":{}}}