{"index":{"university,1|retail,2|tourism,3|wreck,4|historical,5|artsCulture,6|namedBuilding,7|water,8|wetland,9|park,10|beach,11|natureReserve,12|cemetery,13|trail,14":{}},"CH":{"5R":{"79":{"8P":"5"}},"2W":{"CV":{"C8":"5"},"7W":{"PR":"5"}},"4Q":{"GG":{"F3":"4"}},"GW":{"32":{"VP":"5"},"J2":{"GJ":"5","GH":"5"}},"3J":{"G8":{"RJ":"5","M6":"4"},"P8":{"8J":"5","9G":"5","8F":"5","8H":"5","8G":"5","9F":"5","9J":"5","9H":"5"},"Q9":{"H9":"5","JC":"5","H8":"5","J6":"5","J7":"5","HF":"5","H7":"5","J5":"5","J9":"5","H6":"5","H5":"5","J8":"5","HC":"5","JF":"5"}},"GR":{"96":{"55":"5"}},"GJ":{"8Q":{"QF":"5"}},"HX":{"V6":{"2F":"5"}},"HQ":{"6H":{"26":"5"}}}}