{"index":{"university,1|retail,2|tourism,3|wreck,4|historical,5|artsCulture,6|namedBuilding,7|water,8|wetland,9|park,10|beach,11|natureReserve,12|cemetery,13|trail,14":{}},"CJ":{"38":{"3Q":{"X6":"4","X5":"4"}},"8C":{"XG":{"2J":"5","2V":"5","3X":"5","3F":"5","3Q":"5","2P":"5","2M":"5","3W":"5","3H":"5","3V":"5","2R":"5","3M":"5","2G":"5","3J":"5","2Q":"5","2H":"5","3G":"5","3C":"5","2X":"5","3R":"5","2W":"5","3P":"5"},"W9":{"PW":"5","PV":"5"},"WG":{"XX":"5","XW":"5","XV":"5","XP":"5","XR":"5","XQ":"5"},"XH":{"23":"5","28":"5","33":"5","3F":"5","27":"5","48":"5","34":"5","49":"5","39":"5","3H":"5","38":"5","26":"5","36":"5","37":"5","22":"5","35":"5","24":"5","3G":"5","32":"5","3C":"5","25":"5","46":"5","47":"5"}},"2C":{"9C":{"6Q":"5"}}}}