{"index":{"university,1|retail,2|tourism,3|wreck,4|historical,5|artsCulture,6|namedBuilding,7|water,8|wetland,9|park,10|beach,11|natureReserve,12|cemetery,13|trail,14":{}},"CM":{"52":{"G9":{"3X":"4","4R":"4"}},"2C":{"CQ":{"7R":"5"},"GX":{"FG":"5"},"CV":{"MV":"5","QW":"5","RX":"5","CC":"5","HX":"5","84":"5"},"8H":{"X4":"5"},"CW":{"P2":"5","VG":"5","RC":"5","Q2":"5","R3":"5"},"FW":{"6M":"5","3F":"5"},"CR":{"7H":"5"}},"7V":{"PW":{"PM":"5","PH":"5","PQ":"5","PJ":"5","MQ":"5","MP":"5","MG":"5","MH":"5","PP":"5","MM":"5","MJ":"5"}}}}