{"index":{"university,1|retail,2|tourism,3|wreck,4|historical,5|artsCulture,6|namedBuilding,7|water,8|wetland,9|park,10|beach,11|natureReserve,12|cemetery,13|trail,14":{}},"37":{"VW":{"XX":{"JR":"11","JV":"11","JQ":"11","JP":"11","JW":"11"}},"RJ":{"68":{"2R":"11","5G":"11","2Q":"11","3P":"11","6H":"11","5J":"11","3Q":"11","2V":"11","5H":"11","6G":"11","3M":"11","4M":"11","4J":"11"},"59":{"W2":"11","W3":"11","V3":"11"},"58":{"XW":"11","XX":"11","XV":"11","WX":"11"}},"RF":{"R3":{"GJ":"11","JM":"11","PX":"11","JQ":"11","HM":"11","HJ":"11","JP":"11"},"V4":{"39":"11","28":"11","5F":"11","49":"11","4C":"11","38":"11","4F":"11"},"92":{"2W":"11","3W":"11","4W":"11","3X":"11","2V":"11","4X":"11"},"R4":{"P2":"11","P6":"11","X7":"11","P4":"11","X8":"11","R6":"11","Q7":"11","R7":"11","Q6":"11","W8":"11","W7":"11","P5":"11","P3":"11","V7":"11"},"82":{"XW":"11","XV":"11"}},"QR":{"62":{"JX":"11","MV":"11","MW":"11","JW":"11","MR":"11"},"74":{"7M":"11"}},"Q8":{"XH":{"RF":"11","RG":"11"}},"QQ":{"57":{"96":"11","97":"11"},"8V":{"QF":"11","RF":"11"},"5H":{"5V":"11","3P":"11","4R":"11","4P":"11","3R":"11","4V":"11","3Q":"11","5R":"11","3V":"11","4Q":"11","3M":"11","4M":"11"},"5R":{"C2":"11"},"5V":{"PH":"11","MG":"11","PG":"11","PJ":"11"},"5Q":{"CX":"11"}},"X6":{"XR":{"JX":"11","JV":"11","HR":"11","HV":"11","JW":"11"},"RJ":{"XC":"11","X9":"11","XF":"11","X8":"11"},"GX":{"QJ":"11","QM":"11","RJ":"11"},"GV":{"WW":"11"},"RR":{"X2":"11"},"QH":{"PJ":"11","RM":"11","QH":"11","QJ":"11","PH":"11","VQ":"11","RP":"11","QP":"11","PM":"11","QM":"11","XV":"11","VR":"11","RQ":"11","WV":"11","WR":"11"},"PH":{"34":"11","35":"11","24":"11","36":"11","46":"11","27":"11","25":"11","45":"11","26":"11"},"RH":{"7R":"11","6V":"11","5V":"11","8R":"11","6R":"11","4V":"11","7Q":"11","9P":"11","9M":"11","7V":"11","8Q":"11","2V":"11","8P":"11","CJ":"11","3V":"11","CM":"11","9J":"11"},"VR":{"35":"11","36":"11","46":"11","22":"11"},"XQ":{"HX":"11","GW":"11","JV":"11","HW":"11","GX":"11","HV":"11"},"WM":{"62":"11","27":"11","54":"11","26":"11","43":"11","63":"11","52":"11","37":"11","36":"11","44":"11","53":"11"},"WV":{"99":"11","96":"11","C7":"11","C6":"11","F7":"11","C8":"11","F8":"11","98":"11","97":"11","F6":"11"},"RQ":{"XX":"11"},"MG":{"8M":"11","5J":"11","9M":"11","RJ":"11","2P":"11","7J":"11","CM":"11","8P":"11","2J":"11","2M":"11","3P":"11","QH":"11","2H":"11","CP":"11","RH":"11","6M":"11","7M":"11","5M":"11","8J":"11","9P":"11","4M":"11","6J":"11","3M":"11","QG":"11","VH":"11","VX":"11","4P":"11","WX":"11"},"VQ":{"2X":"11"},"JG":{"WJ":"11","WM":"11","XJ":"11","XH":"11","XM":"11"},"PJ":{"R3":"11","V4":"11","P2":"11","P3":"11","X2":"11","W3":"11","P5":"11","Q2":"11","X3":"11","Q3":"11","R2":"11","V3":"11","P4":"11","W4":"11"},"VJ":{"2C":"11","2F":"11","3G":"11","29":"11","2G":"11"},"XV":{"J2":"11"},"VP":{"F3":"11","F2":"11"},"MH":{"X5":"11","W2":"11","W3":"11","V2":"11","X6":"11","X4":"11","X3":"11","V3":"11","W4":"11"},"VM":{"V6":"11","V7":"11","X7":"11","W7":"11","W6":"11"}},"PM":{"XJ":{"XW":"11","XX":"11","WW":"11","VQ":"11","WQ":"11","XV":"11","WV":"11","WR":"11"},"XM":{"X2":"11","X3":"11"}},"QH":{"5G":{"39":"11","3C":"11","25":"11","26":"11"},"5C":{"7M":"11","7P":"11","8J":"11","7J":"11","6M":"11"},"4P":{"MX":"11","HV":"11","JW":"11"},"4H":{"V6":"11","R3":"11","V8":"11","V4":"11","V7":"11","V5":"11","R4":"11","V3":"11"},"FC":{"C7":"11","C6":"11","C5":"11"},"4Q":{"P2":"11","Q3":"11","R8":"11","R9":"11","M2":"11","H8":"11","R6":"11","R7":"11","F5":"11","Q5":"11","Q6":"11","J3":"11","Q2":"11","H7":"11","J2":"11","Q9":"11","C6":"11"}},"QC":{"2H":{"PQ":"11","PR":"11"}},"XH":{"M4":{"FH":"11","9G":"11","8F":"11","FM":"11","CG":"11","8C":"11","FJ":"11","CH":"11","79":"11","7C":"11","89":"11","CJ":"11","9F":"11"}},"WW":{"7M":{"HX":"11"},"7P":{"V4":"11","H7":"11","V5":"11","H2":"11","R4":"11"},"5R":{"2M":"11","2J":"11","27":"11","25":"11","26":"11"},"6P":{"X7":"11","W7":"11","X8":"11"},"3W":{"MC":"11","MG":"11","M9":"11","MF":"11","JG":"11"},"4R":{"XC":"11","X9":"11","X7":"11","W7":"11","X6":"11","XM":"11","W6":"11"},"XV":{"2R":"11"},"4Q":{"PX":"11"},"8P":{"2W":"11","2V":"11"}},"W9":{"7F":{"HR":"11"}},"9X":{"7M":{"QJ":"11","MF":"11","WP":"11","MH":"11","VR":"11","PQ":"11","XW":"11","QQ":"11","PF":"11","QF":"11","PJ":"11","VM":"11","CF":"11","HH":"11","WJ":"11","RW":"11","JG":"11","RV":"11","RF":"11","XV":"11","RQ":"11","MG":"11","GG":"11","QV":"11","PH":"11","JM":"11","WQ":"11","VG":"11","PC":"11","G8":"11","HC":"11","VJ":"11","QR":"11","RR":"11","MM":"11","P9":"11","VP":"11","Q9":"11","QG":"11","PM":"11","VH":"11","VQ":"11","HF":"11","RH":"11","JF":"11","F9":"11","PG":"11","JH":"11","RM":"11","RC":"11","QM":"11","PP":"11","QP":"11","FG":"11","M9":"11","QW":"11","XR":"11","QH":"11","QC":"11","RP":"11","RJ":"11","XX":"11","WM":"11","CC":"11","F8":"11","WR":"11","MJ":"11","XQ":"11","R9":"11","GC":"11","FF":"11","C9":"11","JC":"11","H8":"11","GF":"11","H9":"11","VV":"11","JJ":"11","J9":"11","MC":"11","GH":"11","WV":"11","FH":"11","HG":"11","FC":"11","G9":"11","RG":"11"},"7P":{"X2":"11"},"G5":{"WW":"11"}},"VG":{"GH":{"RX":"11","VW":"11","Q5":"11","W8":"11","V5":"11","WC":"11","WP":"11","P3":"11","WQ":"11","J2":"11","Q4":"11","WH":"11","WF":"11","W9":"11","WM":"11","V8":"11","R6":"11","M2":"11","R5":"11","WR":"11","WV":"11","Q6":"11","P4":"11","VV":"11","WG":"11","V9":"11","VX":"11","R7":"11","V6":"11","WJ":"11","V7":"11","W7":"11","M3":"11"},"FM":{"CC":"11","6F":"11","8F":"11","5G":"11","Q3":"11","3F":"11","9F":"11","P4":"11","H6":"11","3G":"11","H8":"11","7G":"11","M5":"11","9C":"11","G8":"11","7C":"11","M4":"11","F8":"11","4G":"11","Q2":"11","J5":"11","H7":"11","7F":"11","F9":"11","J6":"11","6G":"11","P3":"11","C9":"11","J7":"11","8C":"11","G7":"11","4F":"11"},"GJ":{"J8":"11","5J":"11","M7":"11","7G":"11","GC":"11","P6":"11","2P":"11","Q5":"11","J7":"11","3P":"11","Q4":"11","CC":"11","M6":"11","Q2":"11","P5":"11","5M":"11","9F":"11","6H":"11","R2":"11","4M":"11","FC":"11","Q3":"11","8G":"11","6J":"11","G9":"11","R3":"11","HC":"11","7H":"11","P4":"11","H9":"11","CF":"11","H8":"11","8F":"11","4P":"11","2Q":"11"},"FJ":{"RX":"11","VV":"11","VR":"11","WR":"11","XQ":"11","RV":"11","QX":"11","RW":"11","XR":"11"},"GG":{"CR":"11","85":"11","97":"11","CQ":"11","62":"11","CH":"11","64":"11","C7":"11","JW":"11","FR":"11","87":"11","CF":"11","73":"11","HW":"11","86":"11","CG":"11","GV":"11","HX":"11","75":"11","JV":"11","FP":"11","CM":"11","98":"11","JX":"11","96":"11","GW":"11","GR":"11","CP":"11","52":"11","FG":"11","63":"11","MV":"11","FJ":"11","C8":"11","CC":"11","CJ":"11","FQ":"11","FF":"11","C9":"11","MX":"11","74":"11","MW":"11","76":"11","FH":"11","HR":"11","HV":"11"},"GF":{"5V":"11","3P":"11","4R":"11","4P":"11","4V":"11","5W":"11","3Q":"11","3J":"11","4W":"11","6X":"11","4Q":"11","3M":"11","5X":"11","4M":"11","4J":"11","4X":"11"}},"VF":{"63":{"J7":"11","M7":"11","M8":"11"}},"V8":{"V8":{"8W":"11","7W":"11"},"R9":{"CW":"11","CV":"11","HH":"11","HJ":"11","9V":"11"}},"QM":{"2M":{"4X":"11","37":"11","4R":"11","5W":"11","5X":"11","38":"11","36":"11","5Q":"11","26":"11","4H":"11","34":"11","22":"11","25":"11","39":"11","23":"11","35":"11","4Q":"11","5R":"11","4M":"11","3G":"11","4G":"11","3C":"11","4J":"11","4P":"11","24":"11","5V":"11","27":"11","4F":"11","3F":"11"},"2R":{"57":"11","69":"11","6J":"11","6H":"11","6G":"11","6F":"11","59":"11","58":"11","6C":"11"},"HC":{"QV":"11"},"2J":{"2X":"11"},"2P":{"5C":"11","5G":"11","59":"11","5F":"11","55":"11","54":"11","52":"11","57":"11","56":"11","58":"11","53":"11"}},"QF":{"5C":{"2H":"11","2J":"11","2F":"11","2G":"11"}},"X8":{"GX":{"P9":"11","P8":"11"}},"PJ":{"6Q":{"6P":"11","5P":"11"}},"QG":{"HG":{"33":"11"}},"VH":{"MH":{"23":"11","42":"11","33":"11","32":"11","27":"11","46":"11","43":"11","26":"11","52":"11","35":"11","37":"11","25":"11","24":"11","45":"11","44":"11","36":"11","22":"11","34":"11"},"MG":{"4X":"11","5H":"11","5J":"11","4R":"11","3X":"11","2P":"11","68":"11","6P":"11","5W":"11","6C":"11","3W":"11","5G":"11","5X":"11","67":"11","5Q":"11","3P":"11","4H":"11","3V":"11","4W":"11","6M":"11","5P":"11","5M":"11","5C":"11","59":"11","2X":"11","4Q":"11","5R":"11","6H":"11","2V":"11","4M":"11","6F":"11","6J":"11","4G":"11","3M":"11","3Q":"11","2W":"11","4V":"11","6G":"11","2R":"11","4J":"11","69":"11","6Q":"11","4P":"11","5V":"11","3J":"11","6R":"11","2Q":"11","3R":"11","5F":"11"},"JJ":{"J2":"11","M3":"11","J3":"11","M4":"11","H2":"11"},"JH":{"F5":"11","V3":"11","9C":"11","W2":"11","Q3":"11","97":"11","GX":"11","8R":"11","7Q":"11","P8":"11","H4":"11","CW":"11","FW":"11","C7":"11","Q6":"11","4G":"11","P3":"11","J5":"11","R7":"11","W6":"11","M8":"11","5G":"11","38":"11","87":"11","Q8":"11","CF":"11","P5":"11","R2":"11","6M":"11","G6":"11","C6":"11","H7":"11","X5":"11","V6":"11","7P":"11","M3":"11","6P":"11","Q2":"11","X2":"11","M6":"11","G8":"11","HX":"11","HC":"11","J6":"11","F7":"11","F6":"11","88":"11","R3":"11","P2":"11","3F":"11","P9":"11","89":"11","4F":"11","V2":"11","9G":"11","98":"11","9R":"11","5H":"11","Q4":"11","96":"11","R5":"11","GW":"11","V5":"11","F9":"11","P7":"11","M7":"11","Q7":"11","5J":"11","V4":"11","28":"11","H6":"11","29":"11","P6":"11","6J":"11","M9":"11","Q5":"11","H5":"11","J4":"11","R4":"11","7M":"11","X6":"11","M4":"11","C8":"11","9F":"11","X3":"11","CC":"11","F8":"11","V7":"11","J7":"11","X7":"11","3C":"11","CV":"11","GC":"11","G7":"11","8Q":"11","W4":"11","FF":"11","C9":"11","39":"11","99":"11","H8":"11","H9":"11","W5":"11","G5":"11","M5":"11","9V":"11","J9":"11","W3":"11","P4":"11","R6":"11","6H":"11","X4":"11","FC":"11","J8":"11","4C":"11","G9":"11"},"JG":{"XW":"11","WX":"11","XX":"11","WW":"11","XQ":"11","XR":"11","RX":"11","VW":"11","XV":"11","WV":"11","VX":"11","WR":"11"}},"VX":{"WP":{"49":"11","4C":"11","4F":"11","4G":"11"},"V4":{"HG":"11","CV":"11","GR":"11","FR":"11","FV":"11","GH":"11","HH":"11","FG":"11","GG":"11"},"RG":{"VW":"11","MP":"11","MM":"11","RP":"11","PM":"11","JW":"11","WW":"11","VR":"11","QM":"11","JV":"11","RQ":"11","VQ":"11","PJ":"11","QG":"11","JQ":"11","VV":"11","QJ":"11","JR":"11"},"X2":{"Q3":"11","P4":"11","M5":"11","R2":"11","Q2":"11","P5":"11","P3":"11"},"R7":{"99":"11","96":"11","95":"11","89":"11"},"R6":{"8F":"11","8G":"11"},"Q8":{"RC":"11","V9":"11","VC":"11","R9":"11"},"W5":{"J7":"11"},"VM":{"XC":"11","WC":"11","W9":"11"},"XP":{"WG":"11","XF":"11","XG":"11","WF":"11"},"V3":{"PX":"11","PV":"11","PR":"11","PW":"11"}},"QP":{"37":{"R5":"11","V3":"11","V4":"11","R6":"11","V2":"11","V6":"11","R7":"11","W4":"11","V5":"11","V7":"11","W5":"11","R4":"11"},"44":{"37":"11","28":"11","24":"11","36":"11","27":"11","25":"11","38":"11","29":"11","26":"11"},"6P":{"2M":"11","4P":"11","3M":"11","2P":"11","4Q":"11","3P":"11"},"96":{"2R":"11","2F":"11","2W":"11","2G":"11","2Q":"11","2P":"11","2X":"11","29":"11","2M":"11","2V":"11","2C":"11","2H":"11","2J":"11"},"32":{"8M":"11","V4":"11","R4":"11","W8":"11","V5":"11","P2":"11","WC":"11","P3":"11","J2":"11","W6":"11","Q4":"11","J4":"11","W9":"11","7M":"11","Q2":"11","M4":"11","M2":"11","R5":"11","8J":"11","J3":"11","X9":"11","Q3":"11","R3":"11","H4":"11","P4":"11","H3":"11","V6":"11","V7":"11","W7":"11","M3":"11"},"7Q":{"3J":"11","4J":"11","2J":"11"},"36":{"VX":"11","VW":"11","VV":"11","VR":"11","WW":"11","WX":"11"},"4H":{"85":"11","9C":"11","97":"11","58":"11","62":"11","64":"11","C7":"11","7C":"11","5C":"11","8G":"11","5G":"11","87":"11","CF":"11","73":"11","78":"11","56":"11","59":"11","7G":"11","7F":"11","83":"11","55":"11","49":"11","86":"11","CG":"11","75":"11","88":"11","3F":"11","67":"11","89":"11","8C":"11","4F":"11","9G":"11","98":"11","6G":"11","6C":"11","96":"11","F9":"11","57":"11","66":"11","8F":"11","63":"11","65":"11","C8":"11","9F":"11","CC":"11","5F":"11","72":"11","6F":"11","FF":"11","C9":"11","99":"11","74":"11","76":"11","84":"11","69":"11","7H":"11","77":"11","68":"11","FC":"11","79":"11","4C":"11"},"34":{"X7":"11","X8":"11","X6":"11","X9":"11","W3":"11","X2":"11","X3":"11","XC":"11","X4":"11","W2":"11","X5":"11"},"22":{"M8":"11","PJ":"11","QH":"11","PF":"11","QJ":"11","PG":"11","PH":"11","MG":"11","M5":"11","VJ":"11","XJ":"11","M4":"11","M6":"11","J3":"11","M3":"11","M7":"11","VH":"11","MH":"11","MF":"11","RH":"11","WJ":"11","J4":"11"},"5P":{"WP":"11","VP":"11","WM":"11","VM":"11","XM":"11"},"39":{"4W":"11","4X":"11"},"86":{"F4":"11","XR":"11","F8":"11","X7":"11","XJ":"11","X4":"11","F6":"11","W2":"11","X6":"11","W6":"11","XH":"11","X3":"11","XP":"11","XQ":"11","XF":"11","W3":"11","XM":"11","XG":"11","W5":"11","W4":"11","XW":"11","X9":"11","X5":"11","X8":"11","XV":"11","F7":"11","X2":"11","F5":"11","W7":"11","XC":"11"},"8C":{"V3":"11","V4":"11","W9":"11","WW":"11","WF":"11","V2":"11","V6":"11","VW":"11","R2":"11","W8":"11","V8":"11","XV":"11","V5":"11","XG":"11","WC":"11","WV":"11","V7":"11","VX":"11","XF":"11"},"4M":{"HQ":"11","GP":"11","FM":"11","GM":"11","GQ":"11","HP":"11","FP":"11"},"89":{"RW":"11","RM":"11","R8":"11","R9":"11","RC":"11","RG":"11","R6":"11","RF":"11","RP":"11","R7":"11","RX":"11","VW":"11","RJ":"11","RQ":"11","RV":"11","RR":"11","VX":"11","RH":"11"},"4G":{"6V":"11","7P":"11","6W":"11","7G":"11","7J":"11","6P":"11","6C":"11","7Q":"11","47":"11","7W":"11","7R":"11","7V":"11","58":"11","6M":"11","7M":"11","6X":"11","48":"11","5C":"11","59":"11","6H":"11","6F":"11","6J":"11","7H":"11","6G":"11","7X":"11","69":"11","6Q":"11","6R":"11","5F":"11"},"3C":{"42":"11"},"6Q":{"RQ":"11","QR":"11","RR":"11"},"8F":{"R4":"11","Q5":"11","R8":"11","Q8":"11","Q7":"11","Q4":"11","P8":"11","QC":"11","R6":"11","PF":"11","R5":"11","P9":"11","V2":"11","PC":"11","Q6":"11","R2":"11","QF":"11","P7":"11","R3":"11","PG":"11","Q9":"11","R7":"11","V3":"11"},"85":{"XW":"11","XX":"11","XQ":"11","XV":"11","WW":"11","WX":"11","XR":"11"},"8R":{"XX":"11"},"94":{"5X":"11","5W":"11"},"95":{"62":"11","3F":"11","48":"11","4C":"11","64":"11","2Q":"11","55":"11","49":"11","46":"11","54":"11","63":"11","52":"11","57":"11","47":"11","56":"11","58":"11","4F":"11","53":"11"}},"R9":{"5G":{"CH":"11"}},"3J":{"WR":{"MX":"11","MV":"11","PV":"11","MW":"11","PR":"11","PW":"11"},"WV":{"JF":"11","HG":"11","M2":"11","M5":"11","HQ":"11","HJ":"11","HP":"11","FW":"11","GR":"11","M4":"11","FR":"11","FV":"11","GX":"11","M3":"11","GQ":"11","JG":"11","HM":"11","HH":"11","FX":"11"},"WW":{"G2":"11"}},"WX":{"8M":{"9H":"11","9J":"11"},"FG":{"86":"11"},"GH":{"CX":"11"},"54":{"MJ":"11","VQ":"11","WP":"11","XJ":"11","QP":"11","WQ":"11","PM":"11","QM":"11","MM":"11","WM":"11","XM":"11","WJ":"11"},"J9":{"G8":"11","F9":"11","M9":"11","G9":"11","F8":"11","M8":"11","P9":"11","P8":"11","G7":"11"},"52":{"WP":"11","WJ":"11","WM":"11"},"7R":{"Q9":"11","QC":"11","V9":"11","PC":"11","P9":"11","R9":"11"},"4H":{"G2":"11"},"HJ":{"77":"11","76":"11"},"RH":{"WJ":"11","WV":"11","WG":"11","XF":"11","XV":"11","WH":"11","WF":"11","XR":"11"},"GQ":{"3H":"11"},"25":{"W3":"11"},"39":{"F9":"11","G9":"11","FP":"11"},"8Q":{"34":"11","37":"11","35":"11","33":"11","36":"11","27":"11","32":"11"},"MW":{"Q6":"11","P5":"11","M7":"11","P7":"11","P6":"11","Q5":"11","P8":"11"},"P9":{"MX":"11"},"PC":{"R3":"11","V2":"11","R2":"11","M2":"11","V3":"11"},"64":{"7Q":"11","7P":"11","6Q":"11","2M":"11","5R":"11","4P":"11","4R":"11","6R":"11","2J":"11","2P":"11","4Q":"11","3P":"11"},"2V":{"7X":"11","8X":"11"},"GG":{"34":"11","37":"11","35":"11","33":"11","24":"11","36":"11","25":"11","23":"11"},"GJ":{"69":"11","68":"11","C2":"11","79":"11","F2":"11","G2":"11","58":"11"},"6F":{"PJ":"11","MJ":"11"},"QF":{"M2":"11"},"4G":{"HX":"11","HW":"11","GX":"11"},"3M":{"6Q":"11"},"2W":{"93":"11","G4":"11","G3":"11","94":"11","F4":"11","H4":"11","72":"11","F3":"11","C5":"11","G5":"11","C4":"11","92":"11","82":"11"},"9H":{"J8":"11","H6":"11"},"FJ":{"X9":"11","X8":"11"},"HX":{"MC":"11","M9":"11","PC":"11"},"53":{"5R":"11","6P":"11","5P":"11","5Q":"11"},"MQ":{"VF":"11","R9":"11","RC":"11","V6":"11","VC":"11","W3":"11","X2":"11","W4":"11","V8":"11","W6":"11","V9":"11","W7":"11","X3":"11","V7":"11","W5":"11","X4":"11"},"62":{"88":"11","69":"11","68":"11","78":"11","6C":"11"},"CG":{"X7":"11","X8":"11"},"5F":{"6X":"11","FX":"11","7W":"11","6W":"11"}},"V7":{"PM":{"42":"11"},"PJ":{"3X":"11","4X":"11"}},"QJ":{"4P":{"C7":"11","C8":"11","98":"11","C9":"11"},"4F":{"GR":"11","JX":"11","GW":"11","JV":"11","GV":"11","HR":"11","GX":"11","HV":"11","JW":"11"},"XM":{"G4":"11","95":"11","G3":"11","F4":"11","C5":"11","F3":"11","C4":"11"},"4G":{"J2":"11","G3":"11","J3":"11","J4":"11","H2":"11","J5":"11","H3":"11","G2":"11"}}}}