{"index":{"university,1|retail,2|tourism,3|wreck,4|historical,5|artsCulture,6|namedBuilding,7|water,8|wetland,9|park,10|beach,11|natureReserve,12|cemetery,13|trail,14":{}},"38":{"V3":{"R5":{"38":"11","48":"11","64":"11","65":"11","73":"11","55":"11","49":"11","46":"11","54":"11","74":"11","63":"11","57":"11","47":"11","37":"11","45":"11","36":"11","39":"11","56":"11","83":"11"},"W9":{"X7":"11","X6":"11"},"R8":{"V6":"11","V5":"11"},"X8":{"2W":"11","2V":"11"},"WH":{"J8":"11","F8":"11","M7":"11","M8":"11","78":"11","P6":"11","68":"11","J7":"11","C9":"11","R8":"11","Q7":"11","67":"11","77":"11","4H":"11","58":"11","87":"11","M6":"11","R6":"11","C8":"11","5C":"11","59":"11","C7":"11","88":"11","Q6":"11","FC":"11","3G":"11","P7":"11","4G":"11","49":"11","M9":"11","69":"11","F9":"11","R7":"11","R9":"11","97":"11","4C":"11","4F":"11","3F":"11"},"XJ":{"XW":"11","WW":"11","XQ":"11","WP":"11","XJ":"11","XH":"11","X9":"11","WM":"11","XV":"11","XP":"11","XM":"11","XC":"11","WV":"11"},"WG":{"5G":"11","6G":"11"},"X9":{"36":"11","26":"11"},"W3":{"7V":"11","7R":"11"},"W8":{"XW":"11","WP":"11","XX":"11","XQ":"11","XV":"11","WQ":"11","XR":"11"},"W4":{"MJ":"11","G9":"11","HG":"11","JJ":"11","HJ":"11","G8":"11","JH":"11","JM":"11","MM":"11","F9":"11","GH":"11","HH":"11","G7":"11","GG":"11"},"V8":{"CM":"11","9J":"11","CJ":"11"},"V9":{"HQ":"11","GQ":"11","7H":"11"},"H2":{"56":"11"}},"V2":{"QQ":{"WW":"11","WX":"11"},"R6":{"9V":"11"},"QR":{"W2":"11"},"X9":{"X7":"11","W7":"11","X6":"11"},"P8":{"JC":"11","X2":"11","J4":"11","J5":"11","JF":"11","JG":"11"},"P7":{"WX":"11","XX":"11","VQ":"11","RP":"11","VV":"11","QP":"11","VW":"11","PM":"11","PP":"11","QM":"11","MM":"11","VR":"11","RQ":"11","RR":"11"},"WC":{"9P":"11","9M":"11","CM":"11","CP":"11"},"XC":{"96":"11","95":"11","C5":"11"},"J8":{"RM":"11","PR":"11","PV":"11","VP":"11","PW":"11","RP":"11","PQ":"11","QP":"11","MR":"11","MW":"11","PP":"11","QM":"11","MV":"11","VM":"11"},"X4":{"GW":"11","FW":"11"}},"W3":{"CW":{"5Q":"11","8J":"11","JF":"11","HG":"11","8M":"11","JJ":"11","HJ":"11","GJ":"11","JH":"11","7M":"11","HF":"11","6Q":"11","7P":"11","5R":"11","CJ":"11","5P":"11","JG":"11","HH":"11","6P":"11","FJ":"11","9J":"11"},"P3":{"R3":"11","P2":"11","Q2":"11","R2":"11","V3":"11"},"M8":{"8F":"11","8J":"11","9Q":"11","8M":"11","7G":"11","C2":"11","8H":"11","8G":"11","7H":"11","8Q":"11","8P":"11","7J":"11"},"6W":{"MH":"11","PH":"11","VP":"11","RP":"11","MG":"11","VR":"11","JJ":"11","RM":"11","RQ":"11","5R":"11","PM":"11","4R":"11","QJ":"11","MF":"11","QM":"11","JH":"11","4V":"11","RR":"11","VQ":"11","QP":"11","PG":"11","PJ":"11","JG":"11","5V":"11","MJ":"11"},"HP":{"P6":"11","W9":"11","R8":"11","M5":"11","Q7":"11","R7":"11","X9":"11","M6":"11","W8":"11","J5":"11","P7":"11","G5":"11","WC":"11","H5":"11","XC":"11","V7":"11","XF":"11"},"HM":{"GV":"11","HV":"11"},"JG":{"85":"11","64":"11","86":"11","66":"11","54":"11","76":"11","55":"11","65":"11"},"4J":{"37":"11","7P":"11","7G":"11","7J":"11","8V":"11","6C":"11","7Q":"11","36":"11","47":"11","7R":"11","26":"11","58":"11","7M":"11","9X":"11","25":"11","8Q":"11","23":"11","35":"11","48":"11","5C":"11","59":"11","7F":"11","46":"11","8X":"11","6H":"11","6F":"11","6J":"11","7H":"11","6G":"11","49":"11","69":"11","24":"11","8R":"11","8W":"11","5F":"11"},"4P":{"F9":"11","C2":"11","C8":"11","F8":"11","92":"11"},"6P":{"RX":"11","RQ":"11","RV":"11","RW":"11","VQ":"11"},"JM":{"P2":"11","V3":"11","Q3":"11","H4":"11","M2":"11","R2":"11","J3":"11","Q2":"11","G4":"11","J2":"11","M3":"11","H3":"11","R3":"11","P3":"11","H5":"11"},"4Q":{"FW":"11","FV":"11","JF":"11","JG":"11"},"2H":{"X5":"11","X4":"11"},"J2":{"85":"11","86":"11"},"5Q":{"96":"11","C7":"11","C6":"11","87":"11","86":"11","77":"11","66":"11","76":"11","97":"11","67":"11"},"6V":{"6Q":"11","P2":"11","M3":"11","M2":"11"},"3G":{"GW":"11","FX":"11","JM":"11","GX":"11","HM":"11","MM":"11"},"4M":{"93":"11","9X":"11","CX":"11","8X":"11","92":"11","82":"11"},"JV":{"88":"11","87":"11","77":"11","78":"11","98":"11"},"JQ":{"6V":"11","6W":"11","78":"11","66":"11","6P":"11","75":"11","5X":"11","7W":"11","77":"11","6M":"11","74":"11","6X":"11","65":"11","64":"11","76":"11","6J":"11","7X":"11","6Q":"11","6R":"11"},"P2":{"MV":"11","QX":"11","PX":"11","MW":"11","PW":"11","MR":"11"},"J3":{"7X":"11","8X":"11"},"3J":{"P2":"11","V3":"11","V4":"11","Q3":"11","M2":"11","W3":"11","R2":"11","W4":"11","Q2":"11","M3":"11","R3":"11","X3":"11","P3":"11","X4":"11","X5":"11"},"CM":{"J3":"11","M4":"11","J4":"11"},"JX":{"C5":"11","9Q":"11","9H":"11","9R":"11","9P":"11","9M":"11","8Q":"11","9G":"11","CG":"11","8P":"11","CH":"11","9J":"11"},"M7":{"CX":"11","CW":"11","CV":"11"},"6R":{"MX":"11","QW":"11","MV":"11","PX":"11","PV":"11","PW":"11"},"28":{"XW":"11","XX":"11","XV":"11","WW":"11"},"7X":{"64":"11","JC":"11","J9":"11","HC":"11","H9":"11","JF":"11","HF":"11","74":"11"},"FX":{"WX":"11","WW":"11","VV":"11","X6":"11","VW":"11","VR":"11","WV":"11","VX":"11"},"J4":{"9G":"11","MP":"11","MM":"11","FG":"11","GH":"11","83":"11","FH":"11","QQ":"11","HM":"11","WQ":"11","CH":"11","82":"11","HJ":"11","GM":"11","9J":"11","VR":"11","FM":"11","HP":"11","WR":"11","9C":"11","PQ":"11","9F":"11","JM":"11","8C":"11","RQ":"11","VQ":"11","JP":"11","89":"11","GJ":"11","9H":"11","PP":"11","CF":"11","QP":"11","FJ":"11","8F":"11","CJ":"11","GP":"11","CG":"11"},"JP":{"5C":"11","5J":"11","5H":"11","4J":"11","4C":"11","5M":"11","2C":"11","2F":"11","3F":"11"},"CJ":{"X5":"11","X6":"11"},"FV":{"7V":"11","7R":"11"},"26":{"HP":"11"},"5R":{"RH":"11","VH":"11","RJ":"11"},"FQ":{"96":"11","97":"11"},"2J":{"38":"11","2W":"11","3W":"11","2Q":"11","29":"11","28":"11","2V":"11","37":"11","3V":"11","2C":"11"},"JJ":{"RW":"11","VP":"11","VQ":"11","VV":"11","WP":"11","QX":"11","RX":"11","QW":"11","WM":"11","VR":"11","RQ":"11","RV":"11","RR":"11","VM":"11"},"JR":{"6F":"11","62":"11","8R":"11","CV":"11","9R":"11","CR":"11","52":"11","8Q":"11","7F":"11","69":"11","8P":"11","9V":"11","79":"11","6C":"11"},"M5":{"VP":"11","WP":"11","WM":"11","VM":"11","VQ":"11"},"P4":{"C4":"11","C3":"11","87":"11","C5":"11","C2":"11","97":"11","93":"11","96":"11","86":"11","C6":"11","95":"11","94":"11"},"8P":{"WR":"11"},"3H":{"G9":"11","HR":"11","JQ":"11","H8":"11","JR":"11","G8":"11","MQ":"11","MR":"11","G4":"11","MV":"11","G6":"11","25":"11","24":"11","H9":"11","G5":"11","G7":"11"}},"92":{"FC":{"5C":"11"}},"W4":{"83":{"VM":"11"},"96":{"6V":"11","9M":"11","6W":"11","GH":"11","CM":"11","8P":"11","7Q":"11","7W":"11","5Q":"11","2H":"11","7V":"11","CP":"11","FM":"11","8Q":"11","6X":"11","2G":"11","4Q":"11","5R":"11","9P":"11","FP":"11","GJ":"11","3G":"11","FQ":"11","FJ":"11","8R":"11","3H":"11","2F":"11"},"75":{"WX":"11","MJ":"5","PJ":"5","WW":"11","QJ":"5","VV":"11","VR":"11","WV":"11","WR":"11"},"J2":{"F9":"11","FC":"11","C9":"11"},"J4":{"63":"11","34":"11","44":"11","33":"11","24":"11","25":"11","62":"11","52":"11","43":"11","53":"11","26":"11"},"87":{"H4":"11","98":"11","97":"11"},"F3":{"65":"11"},"74":{"FM":"11","FJ":"11","CJ":"11"},"73":{"7C":"11"},"86":{"F5":"11","93":"11","WG":"11","44":"11","62":"11","4G":"11","9H":"11","92":"11","42":"11","5G":"11","38":"11","CF":"11","Q8":"11","V9":"11","49":"11","CG":"11","G8":"11","3F":"11","R8":"11","4F":"11","9G":"11","48":"11","9W":"11","4H":"11","9R":"11","5H":"11","9X":"11","F9":"11","C4":"11","43":"11","Q7":"11","XG":"11","5J":"11","VC":"11","29":"11","47":"11","94":"11","CC":"11","2C":"11","XF":"11","F8":"11","45":"11","3C":"11","72":"11","9Q":"11","C3":"11","39":"11","9J":"11","C5":"11","37":"11","46":"11","9V":"11","FC":"11","4C":"11","G9":"11"},"G5":{"F8":"11","9G":"11","7P":"11","7J":"11","M5":"11","C9":"11","7Q":"11","CC":"11","7M":"11","M6":"11","C8":"11","8J":"11","8H":"11","8G":"11","G7":"11","9H":"11","CF":"11","H5":"11","F9":"11","F7":"11","J6":"11","G6":"11","H6":"11","J5":"11"},"C3":{"44":"11","43":"11"},"J3":{"9W":"11","8W":"11","J7":"11","8V":"11","M6":"11","M3":"11","P3":"11","M4":"11","J6":"11","9V":"11"},"H4":{"5J":"11","X7":"11","7J":"11","W8":"11","CH":"11","X6":"11","3P":"11","W6":"11","3V":"11","9J":"11","W9":"11","6M":"11","5P":"11","FM":"11","VF":"11","V8":"11","5M":"11","8J":"11","4Q":"11","8H":"11","6H":"11","4M":"11","6J":"11","3Q":"11","7H":"11","9H":"11","V9":"11","4J":"11","FJ":"11","CJ":"11","4P":"11","3R":"11","W7":"11","VC":"11"},"72":{"2H":"11","2G":"11"},"85":{"4X":"11","FR":"11","6W":"11","4R":"11","5W":"11","9V":"11","FV":"11","7W":"11","CR":"11","CV":"11","4H":"11","4W":"11","9X":"11","6X":"11","CW":"11","5R":"11","4G":"11","9W":"11","4V":"11","7X":"11","5V":"11","4F":"11"},"97":{"64":"11","72":"11","75":"11","62":"11","65":"11","74":"11"},"F2":{"R5":"11","V4":"11","V2":"11","R4":"11","V3":"11"},"62":{"WG":"11","WH":"11","XH":"11","XG":"11"}},"85":{"J2":{"23":"11"}},"W2":{"37":{"VF":"11","WF":"11","R9":"11","WH":"11","XJ":"11","VC":"11","WG":"11","XH":"11","X9":"11","V9":"11","XG":"11","WC":"11","XC":"11","XF":"11"},"5J":{"42":"11","52":"11","43":"11"},"M7":{"VF":"11","VG":"11"},"GX":{"3J":"11","2J":"11"},"J7":{"M4":"11","P4":"11"},"HW":{"9W":"11","8W":"11","8V":"11","8X":"11","9V":"11"},"P2":{"34":"11","24":"11","23":"11"},"M5":{"8C":"11","89":"11"},"9V":{"X5":"11","X4":"11"},"47":{"2R":"11","2M":"11","2P":"11","5W":"11","4G":"11","3V":"11","5P":"11","2X":"11","5V":"11","5X":"11","4J":"11","4P":"11","3X":"11","4X":"11","4Q":"11","2H":"11","5Q":"11","6V":"11","3G":"11","4M":"11","3F":"11","4R":"11","3J":"11","2Q":"11","4H":"11","3R":"11","4V":"11","3M":"11","4W":"11","3W":"11","6R":"11","5J":"11","3P":"11","2C":"11","5R":"11","5M":"11","2F":"11","6Q":"11","2J":"11","2G":"11","2W":"11","3H":"11","3Q":"11"},"MF":{"V2":"11","W3":"11","W4":"11","X3":"11","X4":"11","W2":"11","X5":"11"},"CR":{"CQ":"11","CR":"11","FR":"11"},"7V":{"VW":"11","VV":"11","WW":"11"},"2C":{"37":"11","47":"11","46":"11","38":"11"},"CX":{"H7":"11","G6":"11","G7":"11"},"48":{"FX":"11","42":"11","GX":"11","32":"11"},"PF":{"7M":"11","7P":"11","44":"11","35":"11","24":"11","7J":"11","25":"11","45":"11","8Q":"11","43":"11","8P":"11"},"P5":{"PF":"11","QG":"11","PC":"11","PG":"11"},"M2":{"X4":"11","X3":"11"},"3G":{"CF":"11","9F":"11"},"P7":{"Q3":"11","J9":"11","JC":"11","JF":"11","HG":"11","M5":"11","M4":"11","M6":"11","M9":"11","Q2":"11","M3":"11","P3":"11","JG":"11","MC":"11"},"49":{"C8":"11","87":"11","9C":"11","97":"11","G2":"11","F8":"11","C7":"11","C9":"11","99":"11"},"7X":{"R2":"11"},"M9":{"VX":"11","RX":"11"},"CJ":{"F9":"11","HC":"11","FC":"11","GC":"11"},"HX":{"FR":"11","83":"11","96":"11","FH":"11","FV":"11","99":"11","FW":"11","CH":"11","82":"11","CV":"11","CC":"11","GM":"11","87":"11","GQ":"11","FM":"11","CX":"11","86":"11","9C":"11","CW":"11","FP":"11","FQ":"11","CF":"11","98":"11","FJ":"11","85":"11","CJ":"11","97":"11","84":"11","GP":"11","CG":"11"},"45":{"FV":"11"},"62":{"MG":"11"},"MC":{"RW":"11","QH":"11","Q3":"11","P6":"11","QJ":"11","QQ":"11","Q4":"11","V2":"11","Q7":"11","QR":"11","RP":"11","RX":"11","QP":"11","VW":"11","Q5":"11","Q6":"11","P8":"11","R2":"11","P9":"11","QM":"11","QF":"11","Q8":"11","P7":"11","RQ":"11","Q9":"11","R3":"11","RV":"11","QC":"11","RR":"11","VX":"11","QG":"11","PC":"11","R4":"11"},"M3":{"MJ":"11","PR":"11","PF":"11","HR":"11","PV":"11","PG":"11","PW":"11","MG":"11","MQ":"11","JW":"11","MR":"11","HV":"11","MW":"11","MM":"11","QF":"11","MV":"11","JV":"11","MH":"11","MP":"11"},"2F":{"G4":"11","G6":"11","H6":"11","G5":"11"},"J5":{"X7":"11"}}}}