{"index":{"university,1|retail,2|tourism,3|wreck,4|historical,5|artsCulture,6|namedBuilding,7|water,8|wetland,9|park,10|beach,11|natureReserve,12|cemetery,13|trail,14":{}},"39":{"R3":{"2P":{"8J":"11","8M":"11","6J":"11","7M":"11","7Q":"11","6Q":"11","8Q":"11","7P":"11","8P":"11","7J":"11","6M":"11","6P":"11"}},"Q6":{"93":{"H4":"11","M5":"11","G2":"11","M6":"11","J3":"11","J5":"11","H3":"11","J6":"11","G3":"11","F2":"11","J7":"11","J4":"11"},"56":{"P2":"11","VF":"11","RC":"11","VC":"11","W3":"11","W8":"11","W4":"11","W6":"11","W7":"11","X3":"11","QC":"11","W5":"11","W2":"11"},"55":{"QW":"11","VR":"11","WR":"11","RV":"11","WV":"11","QX":"11","PX":"11","WQ":"11","QV":"11","RR":"11","VQ":"11","WW":"11","WX":"11"},"92":{"FX":"11","GX":"11"},"65":{"6J":"11","6H":"11","7J":"11","7H":"11"}},"Q4":{"X5":{"34":"11","35":"11"},"WR":{"R9":"11"},"XP":{"CV":"11","9R":"11","9V":"11"}},"R4":{"22":{"JR":"11","JV":"11","HR":"11","HV":"11"}},"Q3":{"XQ":{"48":"11","49":"11","59":"11","58":"11"}},"Q5":{"MJ":{"XH":"11","XG":"11"},"JP":{"4P":"11","4R":"11","6M":"11","5M":"11","5P":"11","4Q":"11"},"PJ":{"2G":"11"},"R8":{"5C":"11"},"PG":{"X2":"11"},"JM":{"W8":"11"},"QF":{"2X":"11"},"QG":{"33":"11","42":"11","3G":"11","2G":"11","22":"11","32":"11"},"PC":{"WV":"11"}}}}