{"index":{"university,1|retail,2|tourism,3|wreck,4|historical,5|artsCulture,6|namedBuilding,7|water,8|wetland,9|park,10|beach,11|natureReserve,12|cemetery,13|trail,14":{}},"3J":{"RM":{"VP":{"PJ":"11","QH":"11","W9":"11","VF":"11","X7":"11","QJ":"11","8J":"11","FQ":"11","RG":"11","JR":"11","RF":"11","MQ":"11","GW":"11","VC":"11","PQ":"11","JW":"11","VG":"11","JX":"11","FW":"11","X6":"11","MR":"11","CQ":"11","PM":"11","FR":"11","8H":"11","9H":"11","CR":"11","MW":"11","QM":"11","W8":"11","PP":"11","FV":"11","9M":"11","V9":"11","W7":"11","MV":"11","GX":"11","CJ":"11","JV":"11","CM":"11","RH":"11","MP":"11","FX":"11","CP":"11","X5":"11","9J":"11"},"RG":{"57":"11","47":"11","44":"11","69":"11","68":"11","46":"11","42":"11","56":"11","78":"11","45":"11","79":"11","7C":"11","43":"11","7F":"11","67":"11"},"VQ":{"G8":"11","GC":"11","H7":"11","J2":"11","J4":"11","G5":"11","G4":"11","H2":"11","J3":"11","G3":"11","G9":"11","G7":"11","H4":"11","HC":"11","H9":"11","H8":"11","H5":"11","H3":"11","F2":"11","G6":"11","H6":"11","G2":"11","J5":"11"},"RF":{"4W":"11","4X":"11"},"WP":{"34":"11","33":"11","24":"11","25":"11","32":"11","23":"11","26":"11"},"XJ":{"3X":"11","78":"11","7G":"11","7C":"11","68":"11","6P":"11","83":"11","6C":"11","3W":"11","75":"11","5Q":"11","82":"11","77":"11","4W":"11","6M":"11","5P":"11","74":"11","5M":"11","7F":"11","2X":"11","5R":"11","76":"11","6H":"11","6F":"11","6J":"11","92":"11","4V":"11","6G":"11","69":"11","6Q":"11","5V":"11","84":"11","79":"11"},"XH":{"9W":"11","9X":"11","CW":"11","CV":"11","8X":"11","9V":"11"},"X9":{"HR":"11","FP":"11","FQ":"11","JR":"11","GR":"11","CQ":"11","HV":"11","FR":"11","FV":"11","GV":"11","CJ":"11","CM":"11","CP":"11","FJ":"11"},"RJ":{"QW":"11","QX":"11","QV":"11","PR":"11","QR":"11"},"WM":{"V3":"11","W2":"11","8G":"11","5P":"11","CF":"11","7G":"11","P5":"11","6M":"11","3X":"11","4X":"11","4Q":"11","CG":"11","X2":"11","5Q":"11","M6":"11","HC":"11","R3":"11","4R":"11","V2":"11","9G":"11","4V":"11","4W":"11","Q4":"11","3W":"11","M7":"11","P6":"11","6J":"11","Q5":"11","R4":"11","J7":"11","5R":"11","GC":"11","5M":"11","FF":"11","H8":"11","GF":"11","H9":"11","7H":"11","6H":"11","J8":"11"},"XM":{"22":"11"},"XC":{"CC":"11","H6":"11","F8":"11","FC":"11","F7":"11","J5":"11","G6":"11","F9":"11","G5":"11","H5":"11","CX":"11","G7":"11"},"XF":{"C7":"11","C6":"11","F9":"11","C2":"11","C3":"11","F7":"11","C5":"11","C8":"11","F8":"11","C4":"11"},"WJ":{"XX":"11"}}}}