{"index":{"university,1|retail,2|tourism,3|wreck,4|historical,5|artsCulture,6|namedBuilding,7|water,8|wetland,9|park,10|beach,11|natureReserve,12|cemetery,13|trail,14":{}},"42":{"85":{"5C":{"F4":"11"},"3J":{"63":"11","42":"11","72":"11","62":"11","52":"11","43":"11","53":"11"},"3H":{"6X":"11","7X":"11","5X":"11","5W":"11","6W":"11","CJ":"11","4X":"11"},"66":{"MR":"11"},"4F":{"92":"11"},"29":{"JP":"11","HR":"11","JQ":"11","JR":"11","HQ":"11","JW":"11","HP":"11","HV":"11","GP":"11","JM":"11","JV":"11","GQ":"11"},"65":{"CR":"11"}},"75":{"HQ":{"85":"11","95":"11"},"MQ":{"WX":"11"},"JM":{"HC":"11"},"PR":{"44":"11","9G":"11","78":"11","68":"11","66":"11","67":"11","CH":"11","77":"11","34":"11","22":"11","23":"11","35":"11","33":"11","9C":"11","9F":"11","8C":"11","89":"11","9H":"11","55":"11","8F":"11","CJ":"11","45":"11","79":"11","CG":"11","56":"11"},"PP":{"XW":"11"},"MR":{"W2":"11","X2":"11","X3":"11"}}}}