{"48":{"X7":{"28":{"55":"11"},"P3":{"XW":"11","WX":"11","WW":"11","XQ":"11","XR":"11","WQ":"11","VW":"11","XV":"11","WV":"11","VX":"11","WR":"11"},"P4":{"R3":"11","W2":"11","V2":"11","R2":"11","V3":"11"}},"Q5":{"HJ":{"C4":"11","62":"11","H4":"11","P6":"11","R8":"11","C5":"11","M5":"11","Q7":"11","V6":"11","73":"11","R7":"11","X6":"11","M6":"11","93":"11","Q8":"11","W6":"11","W7":"11","J5":"11","52":"11","P7":"11","72":"11","M7":"11","G5":"11","H5":"11","V7":"11","83":"11","X5":"11","J4":"11","94":"11"},"85":{"CC":"11","C8":"11","8F":"11","H4":"11","6V":"11","9F":"11","5V":"11","6J":"11","7G":"11","6H":"11","9C":"11","CF":"11","6R":"11","5W":"11","F8":"11","6Q":"11","8G":"11","F7":"11","7H":"11","H2":"11","G4":"11","J2":"11","G6":"11","9G":"11","F9":"11","H3":"11","5R":"11","G5":"11","C9":"11","6M":"11","F6":"11","6P":"11","5X":"11"},"93":{"4X":"11","FR":"11","V4":"11","6W":"11","3X":"11","V5":"11","Q8":"11","9V":"11","8V":"11","Q7":"11","HM":"11","5X":"11","7W":"11","CR":"11","HJ":"11","GM":"11","7V":"11","X3":"11","6X":"11","W3":"11","R6":"11","R5":"11","P9":"11","PC":"11","CQ":"11","FP":"11","W4":"11","GJ":"11","JH":"11","FQ":"11","9R":"11","Q9":"11","R7":"11","V6":"11","8R":"11","X2":"11","GP":"11","HH":"11"},"7C":{"62":"11","38":"11","2F":"11","55":"11","29":"11","46":"11","54":"11","52":"11","47":"11","37":"11","45":"11","44":"11","39":"11","2C":"11","3C":"11","53":"11"},"3V":{"P2":"11","R5":"11","Q3":"11","W9":"11","R8":"11","M2":"11","Q4":"11","WG":"11","XH":"11","Q5":"11","V9":"11","J2":"11","XG":"11","P3":"11","R4":"11"},"92":{"XX":"11"},"87":{"24":"11","27":"11","25":"11","22":"11","23":"11","26":"11"},"HH":{"6X":"11","5X":"11","4X":"11"},"78":{"R5":"11","PJ":"11","QH":"11","MX":"11","R8":"11","R9":"11","PH":"11","R6":"11","V2":"11","MQ":"11","R7":"11","JW":"11","PQ":"11","JX":"11","MR":"11","PM":"11","R2":"11","MW":"11","PP":"11","QF":"11","Q8":"11","Q9":"11","MV":"11","R3":"11","QC":"11","QG":"11","MP":"11","R4":"11"},"7G":{"24":"11","27":"11","25":"11","22":"11","23":"11","26":"11"},"4J":{"W9":"11","X8":"11","RF":"11","JW":"11","X9":"11","MW":"11","MV":"11","WC":"11","XC":"11"},"4P":{"3F":"11","2F":"11","4C":"11","3W":"11","2G":"11","42":"11","3X":"11","46":"11","43":"11","35":"11","45":"11","2H":"11","2J":"11","3C":"11","4F":"11"},"8H":{"3W":"11","3V":"11"},"86":{"3F":"11","48":"11","4C":"11","2W":"11","3W":"11","3G":"11","3P":"11","3R":"11","2X":"11","49":"11","3Q":"11","46":"11","54":"11","4G":"11","3H":"11","3J":"11","52":"11","2V":"11","47":"11","45":"11","3V":"11","44":"11","39":"11","3M":"11","3C":"11","4F":"11","53":"11"},"4X":{"FG":"11","C9":"11","FH":"11","99":"11","HM":"11","75":"11","CH":"11","52":"11","JW":"11","PX":"11","CC":"11","GM":"11","87":"11","74":"11","73":"11","HP":"11","86":"11","MW":"11","9C":"11","88":"11","64":"11","76":"11","JV":"11","GJ":"11","MV":"11","JQ":"11","HR":"11","CF":"11","63":"11","HQ":"11","98":"11","MX":"11","FJ":"11","85":"11","97":"11","GP":"11","62":"11","CG":"11","JR":"11"},"4Q":{"32":"11"},"WQ":{"2W":"11"},"C2":{"Q3":"11","CH":"11","9H":"11","3V":"11","CF":"11","2X":"11","P5":"11","R2":"11","7P":"11","6P":"11","Q2":"11","CG":"11","5Q":"11","M6":"11","J6":"11","4R":"11","8M":"11","9G":"11","4V":"11","8J":"11","Q4":"11","3W":"11","M7":"11","7M":"11","J7":"11","5R":"11","GC":"11","FF":"11","6Q":"11","H8":"11","9J":"11","H9":"11","M5":"11","P4":"11","2W":"11","FC":"11","J8":"11","G9":"11"},"4M":{"3W":"11","H6":"11","2Q":"11","G8":"11","3R":"11","4V":"11","3Q":"11","F8":"11","F7":"11","4W":"11","J5":"11","G6":"11","J6":"11","69":"11","3V":"11","H5":"11","79":"11","G7":"11","4X":"11"},"6G":{"XR":"11","X7":"11","XJ":"11","X4":"11","X6":"11","XH":"11","X3":"11","XF":"11","XG":"11","XW":"11","X9":"11","X5":"11","X8":"11","XX":"11","XV":"11","X2":"11","WX":"11","XC":"11"},"3R":{"7R":"11","MJ":"11","PH":"11","9Q":"11","JJ":"11","JH":"11","6R":"11","7Q":"11","9P":"11","6Q":"11","8Q":"11","8P":"11","MH":"11"},"4V":{"2W":"11","3W":"11","2Q":"11","3P":"11","2P":"11","3R":"11","2X":"11","3Q":"11","2M":"11","3X":"11","3J":"11","3V":"11","3M":"11","2H":"11","2J":"11"},"6C":{"RX":"11","VP":"11","RP":"11","WJ":"11","WM":"11","RQ":"11","RV":"11","VJ":"11","XF":"11","WH":"11","XH":"11","VM":"11","RR":"11","RW":"11","XG":"11"},"5H":{"6Q":"11","6P":"11","5X":"11","4X":"11","5Q":"11"},"3M":{"XQ":"11","XP":"11"},"4W":{"3F":"11","38":"11","2F":"11","5V":"11","2G":"11","33":"11","3G":"11","32":"11","2Q":"11","3P":"11","4R":"11","2P":"11","3R":"11","4V":"11","5W":"11","3Q":"11","2M":"11","4W":"11","35":"11","37":"11","6X":"11","36":"11","22":"11","2C":"11","2H":"11","34":"11","5X":"11","2J":"11"},"5J":{"42":"11","46":"11","43":"11","52":"11","35":"11","45":"11","36":"11","44":"11"},"94":{"42":"11","22":"11","32":"11"},"6F":{"XW":"11","XX":"11","V3":"11","V4":"11","W9":"11","WF":"11","XQ":"11","V6":"11","XR":"11","XJ":"11","WG":"11","XH":"11","R2":"11","W8":"11","W6":"11","W7":"11","XV":"11","V5":"11","XG":"11","R3":"11","XP":"11","WC":"11","XM":"11","V7":"11","XF":"11"},"C3":{"22":"11"},"JJ":{"87":"11","86":"11","46":"11","77":"11","66":"11","56":"11","25":"11","45":"11","76":"11","55":"11","75":"11","97":"11","65":"11"},"GH":{"RM":"11","WW":"11","6V":"11","VP":"11","VQ":"11","VV":"11","QM":"11","VR":"11","WV":"11","VM":"11","WR":"11"},"84":{"V4":"11","MP":"11","MM":"11","V5":"11","R8":"11","Q8":"11","Q7":"11","W2":"11","PM":"11","PH":"11","JW":"11","QC":"11","X3":"11","W3":"11","R6":"11","PF":"11","R5":"11","JV":"11","W4":"11","QF":"11","PJ":"11","QG":"11","PG":"11","JX":"11","Q9":"11","R7":"11","V6":"11","HX":"11","X2":"11","MQ":"11","MR":"11","MJ":"11","V3":"11","JR":"11"},"FH":{"5G":"11","5F":"11","GW":"11","FW":"11","CW":"11","FM":"11","7Q":"11","CR":"11","9R":"11","7P":"11","9W":"11","9V":"11","HW":"11","CM":"11","FX":"11","6P":"11"},"6H":{"V4":"11","R8":"11","R9":"11","V6":"11","R7":"11","W3":"11","W4":"11","X2":"11","Q9":"11","V5":"11","V7":"11","QC":"11","W5":"11","W2":"11"},"77":{"RX":"11","VW":"11","X7":"11","WP":"11","WQ":"11","X6":"11","WH":"11","XH":"11","VR":"11","XF":"11","WM":"11","XG":"11","VQ":"11","X9":"11","X8":"11","VV":"11","WG":"11","VX":"11","WJ":"11","XC":"11"},"79":{"8M":"11","9M":"11","6W":"11","GC":"11","G8":"11","FG":"11","8P":"11","FF":"11","H7":"11","CH":"11","J2":"11","7W":"11","J4":"11","7R":"11","9J":"11","7V":"11","8Q":"11","6X":"11","J3":"11","9P":"11","FC":"11","G9":"11","G7":"11","H4":"11","H5":"11","F9":"11","CJ":"11","8R":"11","G6":"11","H6":"11","CG":"11"}},"X4":{"34":{"X5":"11","W2":"11","X6":"11","X4":"11"},"44":{"36":"11","JM":"2","26":"11"},"33":{"VW":"11","RJ":"11","R8":"11","Q8":"11","RP":"11","WW":"11","RH":"11","VR":"11","PF":"11","P9":"11","RG":"11","PC":"11","RQ":"11","VQ":"11","QG":"11","VV":"11","Q9":"11","R7":"11","WX":"11","V7":"11","RM":"11"},"72":{"JJ":"11","JM":"11"},"P9":{"RG":"11"},"23":{"7Q":"11","3M":"11","5P":"11"}},"W8":{"GV":{"XG":"11"}},"V5":{"5G":{"M2":"11"},"5H":{"FM":"11","CM":"11","CJ":"11"},"5F":{"HW":"11","JH":"11"}},"M5":{"C8":{"P6":"11","87":"11","R6":"11","77":"11","V6":"11","97":"11","27":"11","X6":"11","Q6":"11","M6":"11","F7":"11","W6":"11","H7":"11","57":"11","47":"11","37":"11","J6":"11","C7":"11","M7":"11","67":"11","J7":"11","G7":"11"},"P6":{"2R":"11","3F":"11","2F":"11","2G":"11","3G":"11","2Q":"11","3P":"11","2P":"11","2M":"11","4G":"11","3H":"11","3J":"11","2V":"11","3M":"11","4H":"11","4J":"11","4F":"11"},"78":{"9G":"11","7G":"11","FG":"11","RF":"11","5G":"11","HG":"11","WF":"11","VF":"11","VG":"11","XF":"11","RG":"11","2G":"11","MG":"11","GG":"11","JG":"11","QF":"11","8G":"11","3G":"11","4G":"11","QG":"11","PG":"11","WG":"11","6G":"11","CG":"11"},"88":{"M7":"11","GC":"11","J7":"11","RC":"11","M5":"11","WC":"11","FF":"11","QC":"11","CC":"11","W9":"11","M6":"11","7F":"11","PC":"11","9F":"11","6F":"11","FC":"11","HC":"11","CF":"11","V9":"11","8F":"11","JC":"11","J6":"11","MC":"11","5F":"11","2F":"11","4F":"11","J5":"11","VC":"11","3F":"11"},"G8":{"C4":"11","H4":"11","65":"11","55":"11","75":"11","G4":"11","35":"11","25":"11","45":"11","85":"11","95":"11","84":"11","F4":"11","J4":"11","94":"11"},"M6":{"XW":"11","WX":"11","XX":"11","WW":"11","WH":"11","XQ":"11","XR":"11","WG":"11","XV":"11","XG":"11","WV":"11","VX":"11","WR":"11"},"F8":{"R5":"11","66":"11","M5":"11","Q5":"11","M6":"11","46":"11","26":"11","96":"11","76":"11","V5":"11","86":"11","P5":"11","C6":"11","36":"11","W5":"11","F6":"11","56":"11","X5":"11"},"26":{"2P":"11"},"68":{"8F":"11","9F":"11","PG":"11","HG":"11","RG":"11","MG":"11","WG":"11","CF":"11","VG":"11","FF":"11","GF":"11","7F":"11","XG":"11","JG":"11","QG":"11","FG":"11","GG":"11"},"M7":{"V3":"11","9C":"11","W2":"11","Q3":"11","4G":"11","7C":"11","5C":"11","5G":"11","78":"11","P5":"11","R2":"11","7F":"11","H7":"11","2H":"11","M6":"11","G8":"11","3G":"11","J6":"11","F7":"11","88":"11","R3":"11","89":"11","8C":"11","3J":"11","4F":"11","V2":"11","98":"11","6G":"11","4H":"11","6C":"11","Q4":"11","F9":"11","H6":"11","P6":"11","8F":"11","Q5":"11","R4":"11","C8":"11","F8":"11","5F":"11","J7":"11","6F":"11","G7":"11","C9":"11","99":"11","H8":"11","2J":"11","M5":"11","69":"11","P4":"11","3H":"11","79":"11"},"J7":{"FR":"11","6V":"11","XJ":"11","MP":"11","8V":"11","RP":"11","CR":"11","XH":"11","7V":"11","GQ":"11","WM":"11","GR":"11","QM":"11","XM":"11","JP":"11","9R":"11","JQ":"11","PP":"11","HQ":"11","VJ":"11","QP":"11","5V":"11","8R":"11","WJ":"11","MQ":"11","RM":"11","VP":"11","VM":"11"},"98":{"M8":"11","C8":"11","R8":"11","X7":"11","88":"11","H8":"11","G8":"11","R7":"11","P8":"11","F8":"11","Q8":"11","W7":"11","89":"11","V7":"11","J8":"11","98":"11"}},"WC":{"J2":{"FQ":"11","QQ":"11","VQ":"11","MQ":"11","PQ":"11","QP":"11","FW":"11","WQ":"11","CQ":"11","FR":"11","CR":"11","PP":"11","FV":"11","RQ":"11","CJ":"11","CM":"11","MP":"11","CP":"11"},"66":{"6F":"11","62":"11","66":"11","64":"11","7G":"11","65":"11","7C":"11","7M":"11","7Q":"11","6Q":"11","63":"11","7H":"11","7P":"11","7F":"11","69":"11","68":"11","7J":"11","79":"11","67":"11","6P":"11","6C":"11"},"65":{"6X":"11","6W":"11"}},"R8":{"5G":{"8M":"11","FR":"11","5H":"11","5J":"11","7P":"11","7J":"11","HW":"11","8P":"11","FV":"11","GV":"11","5G":"11","JW":"11","CR":"11","4H":"11","6M":"11","7M":"11","GW":"11","2C":"11","CQ":"11","9Q":"11","6H":"11","HV":"11","9P":"11","3G":"11","6J":"11","4G":"11","JX":"11","MX":"11","HX":"11","2F":"11","3F":"11"},"3F":{"XR":"11","FR":"11","MP":"11","2P":"11","WP":"11","QQ":"11","7Q":"11","WQ":"11","5Q":"11","CR":"11","7R":"11","3V":"11","VR":"11","GQ":"11","HP":"11","XQ":"11","WR":"11","4Q":"11","PQ":"11","RQ":"11","VQ":"11","JP":"11","3Q":"11","9R":"11","JQ":"11","PP":"11","HQ":"11","2R":"11","6Q":"11","8R":"11","MQ":"11","2Q":"11","3R":"11"},"2F":{"37":"11","RJ":"11","78":"11","68":"11","WP":"11","C9":"11","99":"11","38":"11","47":"11","QH":"11","MF":"11","58":"11","RH":"11","XP":"11","48":"11","XQ":"11","28":"11","WM":"11","PF":"11","C8":"11","XM":"11","88":"11","89":"11","G9":"11","HC":"11","QG":"11","PG":"11","H9":"11","VH":"11","98":"11","VJ":"11","69":"11","F9":"11","JC":"11","WJ":"11","27":"11","MC":"11","79":"11","VM":"11"},"9Q":{"8M":"11","FR":"11","5H":"11","9M":"11","GX":"11","7J":"11","HW":"11","CM":"11","8P":"11","FV":"11","GV":"11","5G":"11","38":"11","FW":"11","CR":"11","JW":"11","CV":"11","9J":"11","CP":"11","7M":"11","GQ":"11","GW":"11","39":"11","28":"11","GR":"11","5C":"11","8J":"11","8H":"11","9Q":"11","CQ":"11","6H":"11","HV":"11","FP":"11","9P":"11","6J":"11","FQ":"11","29":"11","9R":"11","7H":"11","3C":"11","HR":"11","6G":"11","49":"11","JX":"11","MX":"11","CJ":"11","HX":"11","4C":"11","27":"11","5F":"11","4F":"11"},"6J":{"R5":"11","Q3":"11","W9":"11","P4":"11","M2":"11","Q4":"11","R6":"11","V2":"11","V6":"11","R7":"11","X9":"11","M4":"11","Q5":"11","Q6":"11","W8":"11","V8":"11","W7":"11","J2":"11","M3":"11","P5":"11","P3":"11","XC":"11","V7":"11"},"8M":{"2Q":"11","2R":"11","3W":"11","4W":"11","3X":"11","5X":"11","2V":"11","3V":"11","4X":"11","3R":"11"},"6H":{"8M":"11","FR":"11","5H":"11","9M":"11","7J":"11","HW":"11","8P":"11","FV":"11","GV":"11","5G":"11","JW":"11","CR":"11","CP":"11","7M":"11","GW":"11","39":"11","2C":"11","28":"11","8J":"11","CQ":"11","9Q":"11","6H":"11","9P":"11","6J":"11","4G":"11","29":"11","FQ":"11","7H":"11","3C":"11","6G":"11","JX":"11","HX":"11","4C":"11","CG":"11","5F":"11","4F":"11","3F":"11"},"CV":{"J8":"11","F4":"11","XR":"11","M8":"11","RJ":"11","G8":"11","J7":"11","RF":"11","WP":"11","83":"11","H7":"11","F6":"11","J9":"11","93":"11","WQ":"11","C2":"11","82":"11","QH":"11","MF":"11","PH":"11","QC":"11","RH":"11","C5":"11","F3":"11","XP":"11","VG":"11","XQ":"11","WM":"11","C6":"11","PF":"11","G5":"11","XM":"11","C3":"11","P9":"11","RG":"11","PC":"11","G4":"11","QF":"11","92":"11","G7":"11","QG":"11","PG":"11","H9":"11","H8":"11","VH":"11","M9":"11","VJ":"11","C4":"11","72":"11","F7":"11","JC":"11","F5":"11","WJ":"11","94":"11","G6":"11","H6":"11","MC":"11","RM":"11","VP":"11","QJ":"11","VM":"11"},"GW":{"2X":"11"},"FW":{"85":"11","QJ":"11","MF":"11","VX":"11","MH":"11","97":"11","62":"11","VR":"11","PQ":"11","64":"11","C7":"11","XW":"11","QQ":"11","42":"11","87":"11","PJ":"11","73":"11","HH":"11","JG":"11","RV":"11","XV":"11","C6":"11","RQ":"11","MG":"11","GG":"11","83":"11","86":"11","PH":"11","WX":"11","WW":"11","G8":"11","75":"11","HC":"11","QR":"11","F7":"11","RR":"11","MM":"11","VP":"11","VW":"11","PM":"11","VQ":"11","98":"11","HF":"11","96":"11","JF":"11","F9":"11","JH":"11","95":"11","RM":"11","QM":"11","52":"11","PP":"11","QP":"11","63":"11","RP":"11","XX":"11","94":"11","C8":"11","MP":"11","F8":"11","WR":"11","MJ":"11","72":"11","G7":"11","GC":"11","53":"11","FF":"11","C9":"11","JC":"11","GF":"11","H9":"11","C5":"11","VV":"11","74":"11","JJ":"11","84":"11","WV":"11","HG":"11","FC":"11","G9":"11"},"7M":{"J8":"11","XR":"11","M7":"11","M8":"11","J7":"11","RF":"11","WP":"11","C2":"11","P8":"11","QC":"11","RH":"11","F3":"11","XP":"11","XQ":"11","WM":"11","G5":"11","PF":"11","P9":"11","RG":"11","PC":"11","G4":"11","G3":"11","QF":"11","H4":"11","QG":"11","H5":"11","VH":"11","M9":"11","VJ":"11","WJ":"11","J6":"11","F2":"11","H6":"11","VM":"11"},"CR":{"6V":"11","6W":"11","4R":"11","2P":"11","5W":"11","2J":"11","2M":"11","7W":"11","3P":"11","5Q":"11","7R":"11","2H":"11","7V":"11","9X":"11","5P":"11","6X":"11","5M":"11","2G":"11","4Q":"11","8X":"11","5R":"11","4M":"11","3M":"11","3Q":"11","7X":"11","4J":"11","6Q":"11","4P":"11","3J":"11","5V":"11","6R":"11","8W":"11","3H":"11","2F":"11"},"9R":{"WG":"11","P8":"11","WF":"11","Q6":"11","P3":"11","J5":"11","R7":"11","Q8":"11","P5":"11","V9":"11","M3":"11","J2":"11","VG":"11","M2":"11","M6":"11","H3":"11","J3":"11","R8":"11","Q9":"11","W9":"11","VF":"11","G2":"11","XH":"11","P7":"11","Q7":"11","XG":"11","H2":"11","RC":"11","VC":"11","XJ":"11","P6":"11","V8":"11","Q5":"11","J4":"11","WH":"11","M4":"11","XF":"11","R9":"11","XC":"11","WC":"11","M5":"11","P4":"11","R6":"11"},"FV":{"2R":"11","2W":"11","3W":"11","2Q":"11","4R":"11","2P":"11","3R":"11","4V":"11","3Q":"11","5W":"11","3X":"11","4W":"11","2V":"11","6X":"11","3V":"11","5X":"11","4X":"11"},"4G":{"P6":"11","M5":"11","WC":"11","R8":"11","Q8":"11","Q7":"11","C2":"11","J4":"11","W9":"11","F3":"11","M6":"11","XF":"11","V8":"11","C3":"11","G4":"11","Q6":"11","G3":"11","X9":"11","P7":"11","92":"11","H4":"11","V9":"11","H5":"11","H3":"11","R7":"11","F2":"11","J6":"11","XC":"11","J5":"11"},"8Q":{"V3":"11","V4":"11","X7":"11","V2":"11","X6":"11","R2":"11","W4":"11","W6":"11","Q2":"11","R3":"11","W5":"11","X5":"11"},"GX":{"MW":"11","56":"11","HQ":"11","8F":"11","JW":"11","HJ":"11","43":"11","9H":"11","69":"11","JQ":"11","CG":"11","79":"11","78":"11","47":"11","HM":"11","JV":"11","FM":"11","FH":"11","89":"11","FJ":"11","QW":"11","77":"11","JR":"11","44":"11","24":"11","GQ":"11","HP":"11","CM":"11","PR":"11","23":"11","36":"11","7F":"11","55":"11","MV":"11","9F":"11","25":"11","QV":"11","7C":"11","33":"11","GJ":"11","9C":"11","99":"11","FP":"11","RX":"11","JP":"11","34":"11","8G":"11","CF":"11","6C":"11","HR":"11","8C":"11","PW":"11","35":"11","9G":"11","GH":"11","67":"11","RW":"11","66":"11","88":"11","CH":"11","22":"11","JM":"11","MX":"11","PX":"11","68":"11","46":"11","57":"11","MQ":"11","45":"11","58":"11","GP":"11","GM":"11","CJ":"11","QX":"11","MR":"11","FG":"11","PV":"11","32":"11"},"8P":{"HJ":"11","QX":"11","9C":"11","64":"11","42":"11","PR":"11","87":"11","CF":"11","HP":"11","HM":"11","MR":"11","GG":"11","86":"11","JM":"11","CG":"11","MQ":"11","75":"11","88":"11","JQ":"11","89":"11","PV":"11","98":"11","54":"11","GM":"11","52":"11","FG":"11","RX":"11","63":"11","QW":"11","MV":"11","65":"11","JP":"11","CC":"11","53":"11","FF":"11","C9":"11","99":"11","PW":"11","74":"11","76":"11","GH":"11","FH":"11","GJ":"11","77":"11"},"5H":{"P2":"11","R5":"11","Q3":"11","X7":"11","P4":"11","X8":"11","M2":"11","Q4":"11","R6":"11","V6":"11","X9":"11","Q5":"11","W8":"11","W6":"11","W7":"11","J2":"11","M3":"11","V5":"11","P3":"11","V7":"11","R4":"11"},"7J":{"5H":"11","5J":"11","7P":"11","6P":"11","9V":"11","8V":"11","7Q":"11","7R":"11","4H":"11","6M":"11","9X":"11","8Q":"11","2C":"11","CX":"11","5M":"11","FX":"11","2G":"11","CW":"11","3G":"11","4G":"11","29":"11","9W":"11","3C":"11","4J":"11","8R":"11","3H":"11","2F":"11","3F":"11"},"FX":{"W2":"11","X2":"11","X3":"11"},"4F":{"8W":"11","9X":"11","7W":"11","2R":"11","CX":"11","7X":"11","8X":"11","2V":"11","5W":"11","6V":"11","3V":"11","4V":"11","6W":"11","5V":"11","3R":"11"}},"P3":{"9X":{"H8":"11","G8":"11","M3":"11","HC":"11","G9":"11","GC":"11","H9":"11"},"FW":{"48":"11","5C":"11","47":"11","69":"11","46":"11","49":"11","59":"11","58":"11","6C":"11"},"CX":{"35":"11","45":"11"},"GX":{"96":"11","C6":"11","95":"11","C5":"11","F6":"11"},"6F":{"WW":"11"}},"Q8":{"P6":{"9C":"11","QJ":"11","WP":"11","MH":"11","58":"11","XP":"11","VM":"11","PJ":"11","78":"11","WJ":"11","JG":"11","36":"11","MG":"11","PH":"11","WQ":"11","27":"11","VJ":"11","88":"11","67":"11","89":"11","VP":"11","VH":"11","VQ":"11","HF":"11","RH":"11","JF":"11","PG":"11","JH":"11","RM":"11","QM":"11","XJ":"11","57":"11","XM":"11","XR":"11","QH":"11","RP":"11","RJ":"11","47":"11","WM":"11","CC":"11","MJ":"11","XQ":"11","26":"11","FF":"11","C9":"11","99":"11","GF":"11","37":"11","HG":"11","68":"11","FC":"11","79":"11"},"WC":{"QX":"11","9C":"11","VX":"11","44":"11","GQ":"11","CH":"11","JW":"11","32":"11","CF":"11","HP":"11","78":"11","56":"11","55":"11","CG":"11","FM":"11","33":"11","JV":"11","67":"11","HQ":"11","89":"11","8C":"11","9G":"11","GM":"11","PX":"11","57":"11","66":"11","8F":"11","RX":"11","QW":"11","FJ":"11","9F":"11","45":"11","34":"11","22":"11","PW":"11","MX":"11","JR":"11","MW":"11","23":"11","FH":"11","HR":"11","GJ":"11","68":"11","79":"11","GP":"11"},"R8":{"C4":"11","C3":"11","PF":"11","J9":"11","H6":"11","XQ":"11","RG":"11","H8":"11","VJ":"11","F5":"11","92":"11","93":"11","P9":"11","82":"11","WM":"11","QF":"11","M9":"11","H7":"11","72":"11","G6":"11","XP":"11","VH":"11","G5":"11","XM":"11","QG":"11","RH":"11","J8":"11","F6":"11","PC":"11","J7":"11","83":"11","G7":"11","F4":"11","WJ":"11","MC":"11"},"Q7":{"M8":"11","C4":"11","C3":"11","62":"11","PF":"11","J9":"11","C5":"11","H6":"11","WH":"11","RG":"11","H8":"11","RF":"11","VJ":"11","G8":"11","C2":"11","73":"11","XJ":"11","F5":"11","WG":"11","VG":"11","XH":"11","92":"11","93":"11","P9":"11","82":"11","F7":"11","WM":"11","QF":"11","M9":"11","F3":"11","G4":"11","H7":"11","72":"11","G6":"11","J6":"11","M7":"11","H9":"11","XP":"11","VH":"11","G5":"11","XM":"11","H5":"11","C6":"11","QC":"11","95":"11","84":"11","QG":"11","J8":"11","RH":"11","F6":"11","PC":"11","J7":"11","83":"11","G7":"11","F4":"11","WJ":"11","MC":"11","94":"11"},"WF":{"V3":"11","V2":"11","W3":"11","R2":"11","W4":"11","X3":"11","X4":"11","W2":"11","X5":"11"},"W9":{"2X":"11"},"M6":{"37":"11","Q5":"11","66":"11","V5":"11","M5":"11","75":"11","38":"11","47":"11","X6":"11","W6":"11","J4":"11","4H":"11","2H":"11","C5":"11","39":"11","2C":"11","48":"11","86":"11","28":"11","57":"11","P5":"11","G5":"11","65":"11","R5":"11","46":"11","2G":"11","G4":"11","76":"11","W5":"11","3G":"11","4G":"11","H4":"11","29":"11","3C":"11","H5":"11","4J":"11","V6":"11","85":"11","F5":"11","3H":"11","95":"11","2F":"11","J5":"11","56":"11","4F":"11","3F":"11"},"XF":{"F4":"11","37":"11","P6":"11","66":"11","W8":"11","M5":"11","R8":"11","96":"11","Q7":"11","36":"11","47":"11","J4":"11","26":"11","W9":"11","25":"11","C5":"11","M6":"11","86":"11","R6":"11","V8":"11","P5":"11","46":"11","G4":"11","Q6":"11","76":"11","H4":"11","X8":"11","V9":"11","H5":"11","R7":"11","C4":"11","24":"11","V7":"11","95":"11","J5":"11","56":"11"},"V8":{"6X":"11","2Q":"11","2R":"11","4R":"11","4W":"11","5X":"11","2P":"11","5W":"11","3V":"11","4V":"11","3Q":"11","3R":"11"},"Q6":{"4X":"11","6V":"11","6W":"11","4R":"11","2P":"11","5W":"11","8V":"11","3W":"11","5X":"11","2J":"11","2M":"11","7W":"11","3P":"11","5Q":"11","7R":"11","3V":"11","7V":"11","4W":"11","9X":"11","6X":"11","4Q":"11","8X":"11","5R":"11","2V":"11","3Q":"11","9W":"11","4V":"11","7X":"11","2R":"11","5V":"11","6R":"11","8W":"11","2Q":"11","3R":"11"},"G3":{"J8":"11","XR":"11","M7":"11","M8":"11","RJ":"11","J7":"11","M5":"11","WP":"11","WQ":"11","QH":"11","J4":"11","P8":"11","QC":"11","RH":"11","M6":"11","XQ":"11","WM":"11","PF":"11","WR":"11","P9":"11","WV":"11","RG":"11","PC":"11","G4":"11","H2":"11","VQ":"11","XW":"11","G3":"11","QF":"11","H4":"11","XX":"11","QG":"11","H5":"11","VJ":"11","M9":"11","H3":"11","XV":"11","F2":"11","J6":"11","H6":"11","RM":"11","G2":"11","VP":"11","J5":"11","VM":"11"},"H4":{"8M":"11","9M":"11","GX":"11","7G":"11","6C":"11","FV":"11","32":"11","FW":"11","47":"11","CR":"11","CV":"11","34":"11","CP":"11","58":"11","22":"11","23":"11","35":"11","57":"11","FX":"11","59":"11","7F":"11","46":"11","33":"11","8J":"11","8H":"11","9Q":"11","CQ":"11","9P":"11","6F":"11","7H":"11","69":"11","45":"11"},"V9":{"F8":"11","GC":"11","JF":"11","83":"11","96":"11","RP":"11","RR":"11","PM":"11","HG":"11","WW":"11","VR":"11","74":"11","73":"11","QM":"11","C6":"11","C8":"11","WV":"11","C7":"11","RQ":"11","MG":"11","VQ":"11","XW":"11","HF":"11","JG":"11","G9":"11","JH":"11","HC":"11","XX":"11","PJ":"11","VV":"11","63":"11","F9":"11","QP":"11","72":"11","85":"11","F7":"11","97":"11","84":"11","95":"11","MJ":"11","62":"11","MH":"11"},"H5":{"J8":"11","VW":"11","M8":"11","J7":"11","RP":"11","QH":"11","PH":"11","WW":"11","VR":"11","PF":"11","QM":"11","WV":"11","PC":"11","RQ":"11","VQ":"11","G3":"11","H4":"11","QG":"11","PG":"11","VV":"11","H5":"11","H3":"11","M9":"11","WX":"11","J6":"11","MC":"11","G2":"11","RM":"11","QJ":"11","J5":"11"},"H3":{"2W":"11","2X":"11","2R":"11","2V":"11"},"R7":{"6W":"11","5Q":"11","8W":"11","6V":"11","5V":"11","2Q":"11","3P":"11","4R":"11","2P":"11","4P":"11","6R":"11","7X":"11","3R":"11","4V":"11","5W":"11","3Q":"11","2M":"11","7W":"11","7V":"11","5R":"11","6X":"11","8X":"11","4Q":"11","2J":"11"},"F2":{"W2":"11","X2":"11","X4":"11","X3":"11"},"J6":{"GF":"11","78":"11","GC":"11","XJ":"11","68":"11","JF":"11","WP":"11","C9":"11","FF":"11","RP":"11","99":"11","38":"11","PH":"11","HG":"11","WH":"11","XH":"11","CC":"11","58":"11","39":"11","48":"11","WM":"11","QM":"11","59":"11","9C":"11","88":"11","MG":"11","89":"11","HF":"11","JG":"11","FC":"11","JH":"11","29":"11","HC":"11","PJ":"11","49":"11","VJ":"11","69":"11","WJ":"11","MJ":"11","RM":"11","79":"11","VP":"11","QJ":"11","MH":"11","VM":"11"},"H6":{"X7":"11","X9":"11","X6":"11","W3":"11","W8":"11","W4":"11","V8":"11","W6":"11","W7":"11","XC":"11","V7":"11","W5":"11","X4":"11","W2":"11","X5":"11"},"G2":{"8M":"11","37":"11","FR":"11","9M":"11","GX":"11","7G":"11","7J":"11","68":"11","8P":"11","6C":"11","FV":"11","36":"11","FW":"11","47":"11","CR":"11","26":"11","CV":"11","34":"11","9J":"11","58":"11","7M":"11","22":"11","25":"11","GW":"11","23":"11","35":"11","48":"11","57":"11","5C":"11","FX":"11","59":"11","8J":"11","7F":"11","46":"11","CW":"11","8H":"11","9Q":"11","CQ":"11","6H":"11","9P":"11","6F":"11","9R":"11","7H":"11","6G":"11","49":"11","69":"11","24":"11","5F":"11"}},"Q7":{"8P":{"FR":"11","9G":"11","9M":"11","GX":"11","CM":"11","FV":"11","GV":"11","FW":"11","CH":"11","CR":"11","9J":"11","CP":"11","GW":"11","FX":"11","9C":"11","8H":"11","9F":"11","CQ":"11","8C":"11","9P":"11","FP":"11","8G":"11","FQ":"11","9H":"11","8F":"11","CJ":"11"},"9V":{"Q5":"11","W8":"11","J2":"11","Q4":"11","W9":"11","M4":"11","R6":"11","P5":"11","R5":"11","Q6":"11","H2":"11","J3":"11","X9":"11","X8":"11","P4":"11","H3":"11","R7":"11","V6":"11","V7":"11","F2":"11","G2":"11","M3":"11","W7":"11","XC":"11"},"8V":{"V3":"11","V4":"11","V2":"11","W3":"11","X2":"11","R3":"11","W2":"11"},"32":{"M8":"11","P6":"11","Q5":"11","JF":"11","9V":"11","8V":"11","2J":"11","7W":"11","Q4":"11","MF":"11","P8":"11","HG":"11","2H":"11","HJ":"11","GM":"11","CP":"11","Q2":"11","FM":"11","6X":"11","P5":"11","2G":"11","CQ":"11","9Q":"11","FP":"11","GJ":"11","JG":"11","Q3":"11","P7":"11","JH":"11","9R":"11","P4":"11","7X":"11","M9":"11","JC":"11","8R":"11","8W":"11","HH":"11","MC":"11","2F":"11"},"36":{"X2":"11"},"FW":{"6V":"11","6P":"11","8V":"11","7W":"11","5Q":"11","7R":"11","2H":"11","7V":"11","9X":"11","5P":"11","5M":"11","2G":"11","8X":"11","5R":"11","4M":"11","3G":"11","3M":"11","7X":"11","4J":"11","6Q":"11","4P":"11","3J":"11","6R":"11","8W":"11","3H":"11","2F":"11"},"47":{"M7":"11","M8":"11","RJ":"11","WQ":"11","QH":"11","J4":"11","P8":"11","QC":"11","WW":"11","RH":"11","VR":"11","M6":"11","PF":"11","WR":"11","P9":"11","WV":"11","PC":"11","H2":"11","VQ":"11","XW":"11","QF":"11","H4":"11","XX":"11","QG":"11","H3":"11","M9":"11","J6":"11","RM":"11","G2":"11","VP":"11","J5":"11","VM":"11"},"CV":{"8M":"11","FR":"11","9M":"11","7J":"11","HW":"11","CM":"11","GV":"11","JW":"11","4H":"11","9J":"11","CP":"11","GQ":"11","2C":"11","GR":"11","8J":"11","8H":"11","CQ":"11","6H":"11","JV":"11","HV":"11","9P":"11","FP":"11","3G":"11","4G":"11","29":"11","FQ":"11","7H":"11","HR":"11","JX":"11","MX":"11","2F":"11","3F":"11"},"34":{"F8":"11","GF":"11","GC":"11","G8":"11","MP":"11","MM":"11","83":"11","FF":"11","F6":"11","93":"11","PM":"11","82":"11","HG":"11","C5":"11","QM":"11","C6":"11","C7":"11","GG":"11","HF":"11","MV":"11","FC":"11","G9":"11","92":"11","MX":"11","F9":"11","72":"11","C4":"11","F7":"11","MQ":"11","94":"11","HH":"11","95":"11","MR":"11","MJ":"11"},"58":{"37":"11","5H":"11","6V":"11","5J":"11","6W":"11","6P":"11","5G":"11","38":"11","36":"11","4H":"11","6M":"11","22":"11","25":"11","39":"11","23":"11","6X":"11","35":"11","48":"11","5M":"11","4G":"11","49":"11","6Q":"11","24":"11","6R":"11","4C":"11","4F":"11"},"22":{"WF":"11","PW":"11","RG":"11","XJ":"11","WG":"11","VG":"11","PX":"11","VH":"11","XF":"11","RH":"11"},"8Q":{"M8":"11","MJ":"11","PR":"11","PJ":"11","PF":"11","H4":"11","J9":"11","PV":"11","PG":"11","QJ":"11","PH":"11","H6":"11","JC":"11","JF":"11","QQ":"11","MG":"11","H8":"11","QR":"11","QX":"11","G2":"11","PQ":"11","QP":"11","PM":"11","QM":"11","PP":"11","QW":"11","QV":"11","M9":"11","H2":"11","J5":"11","H7":"11","G4":"11","H3":"11","J6":"11","G5":"11","G3":"11","MH":"11","MF":"11","H5":"11","J8":"11","J7":"11","MC":"11"},"23":{"P6":"11","Q5":"11","V5":"11","W8":"11","WC":"11","J2":"11","W9":"11","XF":"11","V8":"11","R6":"11","P5":"11","M2":"11","XG":"11","Q6":"11","W5":"11","J3":"11","X5":"11","V9":"11","R7":"11","V7":"11","M3":"11","XC":"11"},"35":{"Q5":"11","RC":"11","RF":"11","P2":"11","WP":"11","P3":"11","R8":"11","Q7":"11","WQ":"11","Q4":"11","WW":"11","RH":"11","VR":"11","VG":"11","VF":"11","V8":"11","R6":"11","P5":"11","M2":"11","R5":"11","WR":"11","WV":"11","RG":"11","Q6":"11","VQ":"11","XW":"11","XX":"11","P4":"11","V9":"11","VH":"11","VJ":"11","R7":"11","R9":"11","V7":"11","VP":"11","M3":"11","VC":"11","VM":"11"},"48":{"X2":"11","X3":"11"},"5C":{"M2":"11"},"FX":{"F5":"11","QJ":"11","MF":"11","93":"11","MH":"11","VR":"11","92":"11","XW":"11","QQ":"11","F4":"11","PJ":"11","JG":"11","RV":"11","G6":"11","RQ":"11","MG":"11","82":"11","PH":"11","WX":"11","WW":"11","G8":"11","HC":"11","F7":"11","F6":"11","RR":"11","VW":"11","PM":"11","VQ":"11","JF":"11","PG":"11","C4":"11","RM":"11","QM":"11","QP":"11","QH":"11","RP":"11","XX":"11","94":"11","MJ":"11","G7":"11","C3":"11","JC":"11","H8":"11","H9":"11","C5":"11","VV":"11","J9":"11","MC":"11","WV":"11","G9":"11"},"59":{"9G":"11","78":"11","7C":"11","68":"11","FH":"11","54":"11","99":"11","HM":"11","38":"11","CH":"11","JW":"11","GM":"11","58":"11","GQ":"11","39":"11","FM":"11","HP":"11","48":"11","MW":"11","59":"11","9C":"11","88":"11","64":"11","9F":"11","8C":"11","JV":"11","HV":"11","89":"11","GJ":"11","HR":"11","63":"11","CF":"11","55":"11","JX":"11","49":"11","HQ":"11","MX":"11","69":"11","FJ":"11","8F":"11","GP":"11","62":"11","79":"11","CG":"11","JR":"11"},"46":{"CR":"11","CQ":"11","58":"11","44":"11","GX":"11","FW":"11","9H":"11","7C":"11","8G":"11","32":"11","FR":"11","56":"11","7G":"11","7F":"11","55":"11","8H":"11","GV":"11","33":"11","35":"11","9M":"11","9P":"11","6C":"11","8J":"11","GW":"11","CP":"11","57":"11","47":"11","45":"11","34":"11","22":"11","FV":"11","9J":"11","46":"11","69":"11","23":"11","68":"11","79":"11"},"33":{"44":"11","6V":"11","6W":"11","7W":"11","52":"11","5Q":"11","2H":"11","34":"11","7V":"11","43":"11","25":"11","5P":"11","35":"11","2G":"11","4Q":"11","8X":"11","5R":"11","4M":"11","3M":"11","7X":"11","4J":"11","24":"11","4P":"11","3J":"11","6R":"11","8W":"11","53":"11","3H":"11","62":"11","2F":"11"},"CW":{"P2":"11","R5":"11","W9":"11","P4":"11","M2":"11","Q4":"11","R6":"11","V6":"11","R7":"11","X9":"11","Q5":"11","Q6":"11","W8":"11","V8":"11","V9":"11","J2":"11","M3":"11","XG":"11","WC":"11","P3":"11","XC":"11","V7":"11","XF":"11"},"9R":{"6W":"11","8W":"11","6V":"11","2W":"11","3W":"11","2X":"11","CW":"11","5W":"11","7W":"11","4W":"11","GX":"11","9W":"11","9X":"11","CX":"11","FX":"11"},"45":{"2X":"11"},"8R":{"QW":"11","RX":"11","R4":"11","MP":"11","Q5":"11","Q8":"11","Q7":"11","QX":"11","PM":"11","Q4":"11","PH":"11","JW":"11","QC":"11","PX":"11","Q2":"11","R6":"11","PF":"11","R5":"11","Q6":"11","JV":"11","QF":"11","Q3":"11","XX":"11","PJ":"11","RW":"11","PG":"11","PP":"11","Q9":"11","VX":"11","R7":"11","MQ":"11","MR":"11","MJ":"11","JR":"11"}},"W2":{"R2":{"4P":"11"}},"J2":{"MG":{"5W":"11","6V":"11","6W":"11","5V":"11"}},"Q4":{"37":{"J5":"11"},"G8":{"X5":"11","W2":"11","X2":"11","W3":"11","X6":"11","X4":"11","X3":"11"},"54":{"CG":"11","FG":"11"},"GV":{"RJ":"11","WC":"11","QR":"11","RP":"11","QQ":"11","JW":"11","WF":"11","VG":"11","MW":"11","PQ":"11","PR":"11","MV":"11","X9":"11","X8":"11","WG":"11","JX":"11","VH":"11","VJ":"11","QP":"11","HX":"11","MR":"11","RM":"11","XC":"11"},"HM":{"6W":"11","62":"11","5G":"11","5Q":"11","6V":"11","59":"11","55":"11","6R":"11","7X":"11","5J":"11","6Q":"11","4G":"11","63":"11","57":"11","6X":"11","5H":"11","5P":"11","5M":"11","56":"11","4H":"11","6P":"11","58":"11"},"FW":{"FR":"11","RJ":"11","MP":"11","MM":"11","9V":"11","HM":"11","PM":"11","CR":"11","WH":"11","CV":"11","RH":"11","9X":"11","GQ":"11","HP":"11","XF":"11","QM":"11","CW":"11","8X":"11","XG":"11","JM":"11","JP":"11","FQ":"11","PJ":"11","9W":"11","WG":"11","VH":"11","VJ":"11","GP":"11","QJ":"11"},"J4":{"63":"11","34":"11","44":"11","24":"11","54":"11","53":"11"},"HG":{"CC":"11","C8":"11","FP":"11","FQ":"11","97":"11","73":"11","FH":"11","CV":"11","CF":"11","FM":"11","FR":"11","CR":"11","96":"11","72":"11","CG":"11","CJ":"11","86":"11","85":"11","95":"11","84":"11","C9":"11","CH":"11","83":"11","98":"11","99":"11","FJ":"11"},"HJ":{"F4":"11","F8":"11","CM":"11","C9":"11","9V":"11","F6":"11","CH":"11","C2":"11","CR":"11","CV":"11","CC":"11","CP":"11","F3":"11","6X":"11","C8":"11","C3":"11","CW":"11","CQ":"11","9W":"11","CF":"11","F9":"11","C4":"11","CJ":"11","F7":"11","F5":"11","CG":"11"},"GW":{"F4":"11","78":"11","68":"11","96":"11","77":"11","87":"11","C5":"11","39":"11","2C":"11","86":"11","C6":"11","59":"11","88":"11","G4":"11","H2":"11","G3":"11","3C":"11","49":"11","H3":"11","69":"11","4C":"11","F5":"11","2F":"11"},"HP":{"7R":"11","62":"11","78":"11","7G":"11","77":"11","7C":"11","73":"11","7X":"11","7M":"11","7Q":"11","75":"11","7W":"11","74":"11","76":"11","7H":"11","7V":"11","72":"11","7P":"11","7F":"11","7J":"11","79":"11"},"CX":{"RW":"11","WW":"11","XQ":"11","XR":"11","VV":"11","RX":"11","VW":"11","XP":"11","WV":"11","VX":"11","WR":"11"},"G5":{"V3":"11","G9":"11","HX":"11","GC":"11","Q4":"11","HJ":"11","GJ":"11","G8":"11","JX":"11","HP":"11","W3":"11","HV":"11","J3":"11","X2":"11","J2":"11","G6":"11","R3":"11","GH":"11","G5":"11","HW":"11","HM":"11","HH":"11","GG":"11","W2":"11","R4":"11"},"M2":{"VW":"11","VV":"11","WR":"11","WV":"11","XV":"11","XR":"11"},"FX":{"5C":"11","66":"11","4C":"11","59":"11","3G":"11","65":"11","2P":"11","73":"11","49":"11","2M":"11","82":"11","75":"11","74":"11","4G":"11","76":"11","3H":"11","3J":"11","57":"11","67":"11","83":"11","58":"11","2J":"11","4F":"11"},"G4":{"XX":"11"},"J3":{"PV":"11","VP":"11","PW":"11","VQ":"11","QR":"11","WP":"11","MW":"11","WM":"11","QV":"11","MV":"11","RQ":"11","XM":"11","RR":"11"},"HV":{"23":"11","33":"11","32":"11","27":"11","28":"11","26":"11","25":"11","24":"11","22":"11","34":"11"},"HF":{"6W":"11","5Q":"11","6V":"11","3G":"11","4P":"11","6R":"11","7X":"11","7W":"11","3H":"11","5R":"11","6X":"11","5P":"11","5M":"11","4H":"11","4M":"11","4J":"11"},"G7":{"V4":"11","R4":"11","V5":"11","RP":"11","QH":"11","WW":"11","VR":"11","Q2":"11","VF":"11","V8":"11","R5":"11","WV":"11","RG":"11","R2":"11","RQ":"11","VQ":"11","R3":"11","QG":"11","VV":"11","V9":"11","V6":"11","WX":"11","V7":"11","RM":"11","VC":"11"},"H4":{"5H":"11","V4":"11","5J":"11","4R":"11","R4":"11","X4":"11","6C":"11","3W":"11","5G":"11","Q4":"11","3V":"11","5P":"11","M4":"11","5M":"11","2X":"11","4Q":"11","2V":"11","4M":"11","W4":"11","6F":"11","2W":"11","P4":"11","6G":"11","69":"11","4P":"11","3R":"11","5F":"11"},"HC":{"F4":"11","F8":"11","3X":"11","G8":"11","FG":"11","3W":"11","FF":"11","F6":"11","CH":"11","F3":"11","G5":"11","G4":"11","G3":"11","FC":"11","G9":"11","G7":"11","CF":"11","F9":"11","F7":"11","F5":"11","F2":"11","G6":"11","CG":"11","G2":"11"},"HR":{"3X":"11","54":"11","3W":"11","47":"11","52":"11","3P":"11","4H":"11","3V":"11","58":"11","48":"11","57":"11","2X":"11","4M":"11","4G":"11","3M":"11","3Q":"11","2W":"11","55":"11","49":"11","4J":"11","3J":"11","4C":"11","53":"11","62":"11","3R":"11","56":"11","4F":"11"},"H9":{"FR":"11","9G":"11","78":"11","66":"11","CM":"11","FV":"11","75":"11","FW":"11","CH":"11","77":"11","9J":"11","CP":"11","65":"11","FX":"11","9C":"11","88":"11","64":"11","9F":"11","76":"11","CQ":"11","8C":"11","89":"11","FQ":"11","9H":"11","8F":"11","CJ":"11"},"H8":{"6W":"11","3F":"11","38":"11","6V":"11","5V":"11","3G":"11","3P":"11","4R":"11","4P":"11","27":"11","5W":"11","28":"11","26":"11","3J":"11","25":"11","5R":"11","6X":"11","4Q":"11","39":"11","3M":"11","2H":"11","2J":"11","3C":"11"},"HQ":{"6W":"11","6F":"11","6V":"11","78":"11","6J":"11","7G":"11","77":"11","6H":"11","7C":"11","73":"11","6R":"11","7M":"11","75":"11","6Q":"11","74":"11","76":"11","7H":"11","72":"11","7F":"11","6X":"11","6G":"11","7J":"11","6M":"11","79":"11","6P":"11","5X":"11","6C":"11"},"45":{"GR":"11","GQ":"11"},"HH":{"8M":"11","9M":"11","7G":"11","7C":"11","68":"11","8P":"11","83":"11","9V":"11","6C":"11","93":"11","67":"11","CR":"11","CV":"11","58":"11","74":"11","CX":"11","57":"11","7F":"11","8J":"11","CW":"11","8H":"11","9Q":"11","9P":"11","6F":"11","9R":"11","7H":"11","69":"11","84":"11","56":"11"},"G6":{"M8":"11","JP":"11","PR":"11","PV":"11","JQ":"11","PW":"11","M5":"11","JJ":"11","JH":"11","MQ":"11","QX":"11","RX":"11","MR":"11","M4":"11","M6":"11","J3":"11","QW":"11","QV":"11","J2":"11","M3":"11","M7":"11","HH":"11","MP":"11","J4":"11"},"M3":{"88":"11","5G":"11","3J":"11","69":"11","J3":"11","5F":"11","3H":"11","4H":"11","H4":"11","78":"11","J4":"11","79":"11","6F":"11","H3":"11","4G":"11","6C":"11"}},"J4":{"MX":{"VX":"11","9H":"11","5C":"11","8G":"11","5G":"11","PR":"11","HP":"11","7G":"11","RW":"11","HM":"11","MR":"11","RV":"11","8H":"11","QV":"11","FM":"11","WX":"11","WW":"11","MQ":"11","QR":"11","JQ":"11","3F":"11","HQ":"11","PV":"11","CM":"11","VW":"11","4F":"11","6G":"11","GM":"11","8J":"11","28":"11","29":"11","QW":"11","JP":"11","FJ":"11","XX":"11","2C":"11","5F":"11","CJ":"11","3C":"11","6F":"11","39":"11","9J":"11","VV":"11","JR":"11","7H":"11","6H":"11","4C":"11","GP":"11"},"JX":{"C3":"11","H4":"11","W9":"11","P6":"11","P4":"11","X8":"11","R6":"11","M5":"11","Q7":"11","C2":"11","R7":"11","X9":"11","M4":"11","Q5":"11","92":"11","Q6":"11","M6":"11","82":"11","W8":"11","J3":"11","V8":"11","F3":"11","W7":"11","J5":"11","G4":"11","H3":"11","G3":"11","P5":"11","V7":"11","F2":"11","J4":"11"},"6H":{"C2":"11"},"6G":{"9W":"11","8W":"11","9X":"11","8V":"11","CX":"11","GX":"11"},"2F":{"F4":"11","44":"11","X7":"11","P6":"11","M5":"11","54":"11","26":"11","25":"11","C5":"11","M6":"11","74":"11","R6":"11","P5":"11","G5":"11","64":"11","Q6":"11","X8":"11","H5":"11","R7":"11","C4":"11","V6":"11","45":"11","F5":"11","V7":"11","84":"11","94":"11","W7":"11","J5":"11"},"3F":{"48":"11","28":"11","27":"11","38":"11"},"JW":{"9X":"11","CX":"11","7X":"11","8X":"11"}},"WF":{"R5":{"WR":"11"},"P3":{"C6":"11"},"Q3":{"2W":"11"},"W6":{"2R":"11"}},"W9":{"7Q":{"7R":"11","8W":"11","8R":"11","2G":"11","7Q":"11","6Q":"11","3H":"11","3J":"11","9W":"11","9X":"11","8V":"11","9V":"11","5P":"11","5M":"11","2H":"11","CX":"11","6P":"11","4M":"11","4J":"11"},"6Q":{"PF":"11","VF":"11","WF":"11","RC":"11","JF":"11","7G":"11","RF":"11","VC":"11","8H":"11","HF":"11","GF":"11","QF":"11","7H":"11","CG":"11","XG":"11","MF":"11","QC":"11","XF":"11","FG":"11","PC":"11","CH":"11","GG":"11","MC":"11"},"7R":{"J8":"11","M8":"11","RJ":"11","J7":"11","RP":"11","WQ":"11","C2":"11","QH":"11","F3":"11","PF":"11","WR":"11","PC":"11","G4":"11","VQ":"11","G3":"11","H4":"11","QG":"11","PG":"11","H5":"11","M9":"11","F2":"11","J6":"11","H6":"11","MC":"11","RM":"11","VP":"11","QJ":"11"}},"Q2":{"VX":{"WX":"11"}},"XF":{"JP":{"58":"11","HF":"11"},"P6":{"88":"11"},"QQ":{"FH":"11"},"7G":{"X9":"11"},"XR":{"2X":"11","3X":"11"},"FH":{"8F":"11","9F":"11","7G":"11","6H":"11","9C":"11","4P":"11","5J":"11","7F":"11","5H":"11","6G":"11","5M":"11","8C":"11","4M":"11"},"28":{"FC":"11"},"H2":{"RJ":"11","X7":"11","HW":"11","WC":"11","JW":"11","WF":"11","W9":"11","RH":"11","VF":"11","VG":"11","QM":"11","RG":"11","PQ":"11","PR":"11","JV":"11","MV":"11","X9":"11","X8":"11","PP":"11","JX":"11","VH":"11","QP":"11","HX":"11","MQ":"11","MR":"11","RM":"11","QJ":"11"},"XV":{"M7":"11","M8":"11","J7":"11","WC":"11","R8":"11","83":"11","Q8":"11","H7":"11","32":"11","Q7":"11","F6":"11","52":"11","P8":"11","W9":"11","22":"11","43":"11","C5":"11","M6":"11","74":"11","73":"11","V8":"11","G5":"11","64":"11","X9":"11","P7":"11","63":"11","V9":"11","H5":"11","Q9":"11","42":"11","C4":"11","R9":"11","85":"11","F5":"11","84":"11","53":"11","J6":"11","94":"11","95":"11","G6":"11","62":"11","H6":"11","XC":"11"},"VR":{"35":"11","36":"11","46":"11","77":"11","66":"11","56":"11","25":"11","76":"11","67":"11","26":"11"},"J2":{"34":"11","35":"11","33":"11","42":"11","27":"11","25":"11","43":"11","32":"11","26":"11"},"H3":{"F4":"11","7G":"11","7J":"11","6P":"11","99":"11","6M":"11","C5":"11","F3":"11","C6":"11","7F":"11","C7":"11","G4":"11","8C":"11","6H":"11","H2":"11","89":"11","G3":"11","6J":"11","7H":"11","98":"11","8F":"11","97":"11","F5":"11","G2":"11"},"M3":{"GR":"11","HQ":"11","GP":"11","HR":"11","GQ":"11","HV":"11"},"RR":{"X5":"11","R3":"11","V4":"11","X4":"11","W5":"11","R4":"11","V3":"11","W4":"11"},"WR":{"VX":"11","CQ":"11","GQ":"11","XW":"11","PR":"11","RW":"11","6M":"11","MR":"11","RV":"11","4J":"11","7P":"11","QV":"11","WX":"11","WW":"11","4M":"11","JV":"11","JQ":"11","HQ":"11","FP":"11","PV":"11","9M":"11","3J":"11","VW":"11","9P":"11","8M":"11","4H":"11","GR":"11","5J":"11","CP":"11","6J":"11","QW":"11","MV":"11","7J":"11","7M":"11","XX":"11","5M":"11","FQ":"11","9Q":"11","PW":"11","VV":"11","JR":"11","HR":"11","8P":"11","3H":"11","GP":"11"}},"W3":{"HX":{"WX":"11","XX":"11","RM":"11","WW":"11","QJ":"11","VQ":"11","RP":"11","VV":"11","QP":"11","VW":"11","QM":"11","VR":"11","RQ":"11","WV":"11","RR":"11"},"CJ":{"74":"11"},"4Q":{"GR":"11","FV":"11","FR":"11"}},"M2":{"64":{"48":"11","28":"11","27":"11","38":"11"},"6V":{"JW":"11"}},"R5":{"GR":{"CQ":"11","FQ":"11","CR":"11","FR":"11"},"JF":{"PM":"11","PP":"11","MM":"11"}},"V2":{"3V":{"J2":"11","M3":"11","P3":"11","J3":"11","H2":"11","G2":"11","M2":"11"},"9V":{"QW":"11","QX":"11","PX":"11","PW":"11"},"3R":{"FR":"11","GX":"11","HW":"11","FV":"11","GV":"11","FW":"11","CR":"11","JW":"11","CP":"11","GQ":"11","GW":"11","HP":"11","GR":"11","MW":"11","FX":"11","CQ":"11","JV":"11","HV":"11","FP":"11","JP":"11","FQ":"11","JQ":"11","HR":"11","JX":"11","HQ":"11","MX":"11","HX":"11","GP":"11","JR":"11"}},"Q6":{"4X":{"63":"11","64":"11","73":"11","45":"11","72":"11","54":"11","55":"11"},"5J":{"VW":"11","X7":"11","WP":"11","WQ":"11","WH":"11","WF":"11","XH":"11","VR":"11","XF":"11","WM":"11","WR":"11","XG":"11","VQ":"11","X9":"11","X8":"11","VV":"11","WG":"11","VX":"11","WJ":"11","XC":"11"},"3X":{"QW":"11","RX":"11","RJ":"11","QV":"11","Q5":"11","RC":"11","RF":"11","R8":"11","Q8":"11","QQ":"11","RP":"11","Q7":"11","RR":"11","QX":"11","Q4":"11","QH":"11","RH":"11","R6":"11","QM":"11","RG":"11","Q6":"11","RQ":"11","QG":"11","RW":"11","RV":"11","Q9":"11","QP":"11","R7":"11","R9":"11","RM":"11","QJ":"11"},"4R":{"8M":"11","9M":"11","78":"11","9V":"11","75":"11","77":"11","9J":"11","9X":"11","87":"11","74":"11","73":"11","8J":"11","88":"11","8H":"11","64":"11","9Q":"11","76":"11","8C":"11","9P":"11","89":"11","8G":"11","9R":"11","9W":"11","9H":"11","63":"11","72":"11","8F":"11","62":"11","79":"11"},"68":{"MP":"11","MM":"11","Q5":"11","P2":"11","P3":"11","Q8":"11","FV":"11","GV":"11","Q7":"11","FW":"11","PM":"11","Q4":"11","PH":"11","QC":"11","Q2":"11","CX":"11","PF":"11","P5":"11","FX":"11","PC":"11","CW":"11","Q6":"11","R2":"11","JP":"11","QF":"11","Q3":"11","R3":"11","PJ":"11","QG":"11","JQ":"11","P4":"11","HR":"11","PG":"11","Q9":"11","MQ":"11","MJ":"11","JR":"11"},"66":{"GH":"11","9V":"11","H7":"11","HG":"11","CV":"11","HJ":"11","GM":"11","CP":"11","9X":"11","FM":"11","CX":"11","G4":"11","CQ":"11","9Q":"11","FP":"11","HF":"11","GJ":"11","G3":"11","H4":"11","FQ":"11","9R":"11","HC":"11","9W":"11","H9":"11","H8":"11","H5":"11","H3":"11","GP":"11","HH":"11","H6":"11","G2":"11"},"P2":{"9W":"11","9V":"11"},"6C":{"8M":"11","F8":"11","6V":"11","6W":"11","C9":"11","8P":"11","99":"11","F6":"11","7Q":"11","7R":"11","7V":"11","8Q":"11","6X":"11","G5":"11","C8":"11","8J":"11","9C":"11","G4":"11","8H":"11","9F":"11","8C":"11","H2":"11","G3":"11","8G":"11","H3":"11","8F":"11","F7":"11","6R":"11","F5":"11","G6":"11","G2":"11"},"54":{"V3":"11","V4":"11","X7":"11","X8":"11","V2":"11","X6":"11","X9":"11","W3":"11","R2":"11","W4":"11","W6":"11","W7":"11","V5":"11","W5":"11"},"Q7":{"P7":"11","P6":"11","P8":"11"},"67":{"F5":"11","QX":"11","PQ":"11","92":"11","F4":"11","PR":"11","HH":"11","JG":"11","MR":"11","G6":"11","JM":"11","C2":"11","G8":"11","MQ":"11","HC":"11","F7":"11","F6":"11","JQ":"11","MM":"11","PV":"11","HF":"11","JF":"11","PX":"11","JH":"11","C4":"11","RX":"11","MV":"11","QW":"11","JP":"11","MP":"11","MJ":"11","G7":"11","GC":"11","C3":"11","PW":"11","H9":"11","MX":"11","C5":"11","JJ":"11","MW":"11","HG":"11","G9":"11"},"52":{"6W":"11","5Q":"11","2F":"11","6V":"11","2G":"11","3G":"11","4P":"11","6R":"11","7X":"11","7W":"11","3H":"11","3J":"11","7V":"11","5R":"11","4Q":"11","5P":"11","5M":"11","2H":"11","4M":"11","4J":"11"},"3P":{"XW":"11","XX":"11","WV":"11","XV":"11"},"4W":{"F4":"11","F8":"11","CM":"11","C9":"11","9V":"11","8V":"11","F6":"11","CH":"11","C2":"11","CC":"11","CP":"11","C5":"11","F3":"11","C8":"11","C6":"11","C3":"11","C7":"11","8X":"11","9Q":"11","9P":"11","FC":"11","9R":"11","CF":"11","7X":"11","F9":"11","C4":"11","CJ":"11","F7":"11","F5":"11","8W":"11","F2":"11","CG":"11"},"5M":{"4X":"11","6V":"11","9M":"11","6W":"11","R4":"11","Q5":"11","GH":"11","JF":"11","CM":"11","5W":"11","8P":"11","Q7":"11","5X":"11","7Q":"11","Q4":"11","MF":"11","P8":"11","HG":"11","7R":"11","HJ":"11","4W":"11","8Q":"11","R5":"11","P9":"11","V2":"11","Q6":"11","R2":"11","9P":"11","GJ":"11","JG":"11","P7":"11","R3":"11","JH":"11","M9":"11","FJ":"11","6Q":"11","JC":"11","5V":"11","6R":"11","HH":"11","MC":"11"},"65":{"FR":"11","9G":"11","GX":"11","78":"11","66":"11","CM":"11","54":"11","FV":"11","GV":"11","75":"11","FW":"11","CH":"11","52":"11","77":"11","9J":"11","CP":"11","GW":"11","65":"11","9C":"11","88":"11","64":"11","9F":"11","CQ":"11","76":"11","8C":"11","FP":"11","89":"11","FQ":"11","9H":"11","63":"11","8F":"11","CJ":"11","53":"11","79":"11"},"33":{"6J":"11","6H":"11","6G":"11","7J":"11","7H":"11"},"4Q":{"6V":"11","6W":"11","5W":"11","5Q":"11","4H":"11","22":"11","25":"11","5P":"11","2C":"11","23":"11","6X":"11","5M":"11","4Q":"11","5R":"11","4M":"11","3G":"11","4G":"11","29":"11","3C":"11","4J":"11","24":"11","4P":"11","5V":"11","3J":"11","6R":"11","3H":"11","2F":"11","3F":"11"},"64":{"4X":"11","4R":"11","5X":"11","3P":"11","4H":"11","3V":"11","4W":"11","2C":"11","28":"11","2G":"11","4Q":"11","4M":"11","3G":"11","4G":"11","3M":"11","3Q":"11","29":"11","3C":"11","4V":"11","4J":"11","4P":"11","3J":"11","3H":"11","3R":"11","2F":"11","3F":"11"},"6H":{"44":"11","5H":"11","6V":"11","5J":"11","6W":"11","6P":"11","5W":"11","54":"11","5G":"11","5X":"11","5Q":"11","58":"11","6M":"11","43":"11","5P":"11","6X":"11","57":"11","5M":"11","5C":"11","59":"11","5R":"11","6J":"11","55":"11","42":"11","6Q":"11","5V":"11","6R":"11","53":"11","5F":"11","56":"11"},"4M":{"WX":"11"},"6F":{"4X":"11","37":"11","3X":"11","4R":"11","54":"11","38":"11","47":"11","3P":"11","4W":"11","39":"11","2C":"11","48":"11","57":"11","46":"11","4Q":"11","64":"11","4M":"11","3G":"11","3M":"11","3C":"11","4V":"11","55":"11","63":"11","49":"11","4P":"11","3J":"11","4C":"11","53":"11","3H":"11","62":"11","2F":"11","56":"11","3F":"11"},"6J":{"55":"11","27":"11","28":"11","46":"11","54":"11","52":"11","47":"11","37":"11","45":"11","44":"11","53":"11"},"3Q":{"X5":"11","X2":"11","X6":"11","X4":"11","X3":"11","W6":"11"},"4V":{"CM":"11","C9":"11","FV":"11","93":"11","FW":"11","CH":"11","C2":"11","CR":"11","CV":"11","CC":"11","CP":"11","C5":"11","CX":"11","C6":"11","C8":"11","FX":"11","C3":"11","C7":"11","CW":"11","CQ":"11","92":"11","CF":"11","C4":"11","CJ":"11","94":"11","95":"11","CG":"11"},"6G":{"23":"11","3F":"11","38":"11","42":"11","33":"11","3G":"11","32":"11","4R":"11","4P":"11","27":"11","4V":"11","28":"11","26":"11","3H":"11","3J":"11","4W":"11","37":"11","25":"11","24":"11","4Q":"11","39":"11","36":"11","22":"11","3M":"11","4M":"11","4J":"11","3C":"11","4X":"11"},"69":{"C4":"11","C3":"11","G9":"11","HR":"11","HX":"11","GC":"11","HG":"11","HQ":"11","HJ":"11","GJ":"11","C2":"11","G8":"11","F5":"11","HP":"11","HV":"11","F8":"11","GF":"11","F7":"11","GH":"11","HW":"11","HM":"11","HH":"11","F6":"11","G7":"11","GG":"11","F4":"11"},"42":{"V6":"11","R5":"11","XC":"11","WC":"11","V8":"11","X9":"11","V7":"11","P2":"11","Q4":"11","P3":"11","W7":"11","R6":"11","XF":"11","W9":"11","Q2":"11","R4":"11","Q3":"11","W8":"11"},"4P":{"5H":"11","V4":"11","5J":"11","4R":"11","V5":"11","JF":"11","R8":"11","Q8":"11","6C":"11","Q7":"11","W2":"11","5Q":"11","MF":"11","HG":"11","5P":"11","W3":"11","R6":"11","5M":"11","R5":"11","P9":"11","V2":"11","PC":"11","4Q":"11","6H":"11","6F":"11","HF":"11","JG":"11","6J":"11","3Q":"11","6G":"11","Q9":"11","2R":"11","R7":"11","V6":"11","4P":"11","V3":"11","MC":"11","3R":"11"},"53":{"QW":"11","RX":"11","F8":"11","GF":"11","G8":"11","GC":"11","MP":"11","QV":"11","MM":"11","QR":"11","83":"11","96":"11","QQ":"11","93":"11","82":"11","HG":"11","C5":"11","73":"11","C6":"11","C7":"11","PQ":"11","PR":"11","JM":"11","JJ":"11","HF":"11","JG":"11","G9":"11","JH":"11","HC":"11","RW":"11","PP":"11","RV":"11","VX":"11","F9":"11","72":"11","F7":"11","84":"11","HH":"11","94":"11","MJ":"11","95":"11"}},"R2":{"88":{"GR":"11","9X":"11","FX":"11","FW":"11","CX":"11","CW":"11","GV":"11","FV":"11"},"WP":{"2H":"11"},"RP":{"Q4":"11","R4":"11"},"C5":{"3Q":"11"},"89":{"93":"11","84":"11","C2":"11","92":"11"}},"H2":{"8X":{"HX":"11","GR":"11","JX":"11","HW":"11","GV":"11","HR":"11","HV":"11","JW":"11"}},"W4":{"J2":{"57":"11","34":"11","44":"11","35":"11","33":"11","24":"11","46":"11","56":"11","45":"11","23":"11","67":"11"},"Q2":{"FM":"11","CM":"11","5R":"11","6R":"11","7V":"11","6V":"11"},"H2":{"X2":"11"},"Q3":{"83":"11","72":"11"}},"X9":{"W2":{"J2":"11","J3":"11","H2":"11","H3":"11","G2":"11","P4":"11"},"WF":{"3W":"11"},"W4":{"V9":"11"}},"Q3":{"7R":{"3X":"11","2P":"11","68":"11","66":"11","83":"11","3W":"11","75":"11","67":"11","93":"11","2M":"11","C2":"11","3P":"11","82":"11","4H":"11","3V":"11","58":"11","73":"11","74":"11","57":"11","65":"11","5C":"11","59":"11","C3":"11","2X":"11","76":"11","2V":"11","4M":"11","3G":"11","92":"11","4G":"11","3M":"11","3Q":"11","2W":"11","49":"11","2R":"11","4J":"11","85":"11","3J":"11","4C":"11","84":"11","94":"11","3H":"11","2Q":"11","3R":"11","5F":"11","4F":"11","3F":"11"},"H4":{"MX":"11","PX":"11"},"J9":{"7X":"11"},"HC":{"RH":"11","XQ":"11","WG":"11"},"JC":{"7M":"11","2Q":"11","72":"11"},"JF":{"84":"11","83":"11","79":"11","75":"11","74":"11"},"3G":{"76":"11"},"V2":{"V4":"11","V5":"11","W2":"11","W5":"11","W4":"11"},"RP":{"MM":"11"},"G2":{"WJ":"11","VH":"11","WH":"11","26":"11"},"7Q":{"GX":"11","MP":"11","MM":"11","RC":"11","HW":"11","RF":"11","WC":"11","GV":"11","FW":"11","PM":"11","QH":"11","W9":"11","RH":"11","9X":"11","GW":"11","VF":"11","VG":"11","CX":"11","GR":"11","FX":"11","RG":"11","CW":"11","JV":"11","HV":"11","PJ":"11","JQ":"11","HR":"11","PP":"11","V9":"11","MQ":"11","MR":"11","QJ":"11","JR":"11","XC":"11","VC":"11"},"P9":{"MC":"11","JM":"11"},"HF":{"5F":"11","C5":"11","C4":"11"},"GF":{"XW":"11","WV":"11","XV":"11"},"7V":{"23":"11","33":"11","32":"11","27":"11","26":"11","25":"11","24":"11","22":"11","34":"11"},"M7":{"5G":"11","4G":"11"},"CJ":{"M3":"11","P2":"11","P3":"11","M2":"11"},"XP":{"R3":"11","Q4":"11","P5":"11","V2":"11","Q3":"11","R2":"11","P4":"11"},"MF":{"7F":"11"},"JG":{"J3":"11","H4":"11","J4":"11","H2":"11","H3":"11"},"F2":{"W3":"11"},"FG":{"MJ":"11","PJ":"11","FP":"11","PH":"11","FQ":"11","JJ":"11","HJ":"11","GJ":"11","JH":"11","FR":"11","CR":"11","FV":"11","GM":"11"},"GG":{"C8":"11","5C":"11","3F":"11","2F":"11","4C":"11","F8":"11","F7":"11","89":"11","C9":"11","2C":"11","79":"11","8C":"11","G7":"11","99":"11","3C":"11","6C":"11"}},"P7":{"X4":{"G8":"11","G9":"11"}},"R3":{"78":{"MQ":"11"},"VP":{"Q7":"11"},"WH":{"J6":"11"},"6H":{"2F":"11","2G":"11"},"VJ":{"37":"11","44":"11","F8":"11","78":"11","GC":"11","68":"11","66":"11","C9":"11","99":"11","67":"11","36":"11","47":"11","77":"11","26":"11","34":"11","58":"11","87":"11","25":"11","23":"11","35":"11","48":"11","57":"11","C8":"11","65":"11","46":"11","33":"11","C7":"11","88":"11","76":"11","89":"11","FC":"11","G9":"11","55":"11","98":"11","F9":"11","24":"11","45":"11","97":"11","27":"11","79":"11","56":"11"},"RJ":{"JR":"11","MQ":"11","MR":"11","HV":"11","MV":"11","JV":"11","X4":"11","X5":"11"},"2M":{"3V":"11","4V":"11"},"XG":{"V4":"11","V2":"11","R6":"11","V3":"11"},"5H":{"G9":"11","8F":"11","PF":"11","VF":"11","J9":"11","WF":"11","9F":"11","8J":"11","JC":"11","GC":"11","RF":"11","9C":"11","8H":"11","8G":"11","QF":"11","XG":"11","H9":"11","7J":"11","XF":"11","PC":"11","MC":"11"},"XF":{"QW":"11","RX":"11","RW":"11"},"4H":{"RQ":"11","GJ":"11","QQ":"11","WQ":"11","HM":"11","HJ":"11","VQ":"11","QP":"11","MP":"11","JP":"11"},"RH":{"MC":"11"},"WJ":{"J7":"11","M5":"11","J9":"11","M6":"11","M4":"11","J6":"11","M7":"11","J5":"11"}},"H4":{"XC":{"5X":"11","5W":"11"},"WC":{"2X":"11"},"Q6":{"7W":"11","6R":"11","7V":"11","6V":"11"},"J2":{"W2":"11","X2":"11","X4":"11","X3":"11"},"P5":{"RW":"11","MJ":"11","C8":"11","G9":"11","HC":"11","JF":"11","QQ":"11","GC":"11","HG":"11","JJ":"11","QR":"11","JH":"11","PQ":"11","RX":"11","PM":"11","F8":"11","PP":"11","HF":"11","QW":"11","MM":"11","QV":"11","F9":"11","RV":"11","MH":"11","VX":"11","JG":"11"},"Q8":{"P2":"11","R5":"11","V4":"11","Q3":"11","V6":"11","R2":"11","W8":"11","V8":"11","W7":"11","Q2":"11","V5":"11","V7":"11","R4":"11"},"XF":{"V5":"11","C9":"11","R8":"11","99":"11","X6":"11","W6":"11","MF":"11","QC":"11","CC":"11","V8":"11","R6":"11","C8":"11","P9":"11","PC":"11","W5":"11","FC":"11","X5":"11","Q9":"11","98":"11","F9":"11","M9":"11","R7":"11","V6":"11","V7":"11","MC":"11"},"VC":{"XR":"11","M7":"11","RC":"11","RF":"11","M5":"11","WP":"11","Q8":"11","WQ":"11","J4":"11","P8":"11","QC":"11","WW":"11","RH":"11","M6":"11","WM":"11","WR":"11","P9":"11","WV":"11","RG":"11","XW":"11","QF":"11","P7":"11","H4":"11","XX":"11","VH":"11","Q9":"11","H3":"11","VJ":"11","XV":"11","J6":"11","VP":"11","J5":"11","VM":"11"},"Q7":{"QX":"11","PX":"11","FF":"11"},"VF":{"X2":"11","X4":"11","X3":"11"},"R8":{"3G":"11","4G":"11"},"M2":{"48":"11","37":"11","24":"11","36":"11","27":"11","25":"11","38":"11","26":"11"},"WF":{"F5":"11","85":"11","97":"11","44":"11","H4":"11","64":"11","Q6":"11","J5":"11","R7":"11","W6":"11","F4":"11","87":"11","P5":"11","V6":"11","55":"11","G4":"11","86":"11","M6":"11","75":"11","35":"11","98":"11","96":"11","W7":"11","P6":"11","V8":"11","Q5":"11","H5":"11","65":"11","J4":"11","M4":"11","V7":"11","W8":"11","45":"11","34":"11","22":"11","24":"11","C5":"11","G5":"11","74":"11","M5":"11","76":"11","23":"11","R6":"11"},"R9":{"C3":"11","H6":"11","C2":"11","F3":"11","H7":"11","G4":"11","G6":"11","G3":"11","F2":"11","G7":"11","F4":"11"}},"X8":{"3C":{"R3":"11","P2":"11","Q2":"11","R4":"11","R2":"11"},"4C":{"92":"11","82":"11"},"2G":{"Q9":"11","M9":"11","Q8":"11","P9":"11","R9":"11","P8":"11"},"53":{"PV":"11","QV":"11","PR":"11"},"WX":{"GX":"11"}},"P4":{"63":{"V6":"11","Q6":"11","R6":"11","P7":"11","P6":"11"},"PQ":{"CG":"11","GG":"11","FG":"11"},"C2":{"C2":"11"},"XF":{"CV":"11","M7":"11"}},"V9":{"7G":{"6W":"11","2W":"11","3W":"11","7X":"11","4V":"11","2X":"11","5W":"11","3X":"11","7W":"11","4W":"11","2V":"11","6X":"11","3V":"11","9X":"11","8X":"11","CX":"11","5X":"11","4X":"11"},"GC":{"85":"11","37":"11","47":"11","36":"11","86":"11","46":"11","66":"11","56":"11","27":"11","76":"11","75":"11","65":"11"},"MP":{"J8":"11","F4":"11","F8":"11","M8":"11","G8":"11","XJ":"11","J7":"11","RC":"11","RF":"11","96":"11","83":"11","54":"11","32":"11","H7":"11","75":"11","F6":"11","J9":"11","93":"11","52":"11","WH":"11","WF":"11","QC":"11","XH":"11","RH":"11","43":"11","22":"11","C5":"11","74":"11","73":"11","VF":"11","VG":"11","86":"11","PF":"11","C6":"11","G5":"11","XM":"11","P9":"11","C7":"11","RG":"11","PC":"11","64":"11","XG":"11","QF":"11","G7":"11","QG":"11","63":"11","H9":"11","H8":"11","WG":"11","VH":"11","M9":"11","42":"11","C4":"11","85":"11","F7":"11","JC":"11","F5":"11","WJ":"11","84":"11","53":"11","94":"11","95":"11","62":"11","G6":"11","H6":"11","MC":"11"},"MM":{"2W":"11","3W":"11","4V":"11","2X":"11","5W":"11","3X":"11","4W":"11","2V":"11","6X":"11","3V":"11","5X":"11","4X":"11"},"M5":{"9G":"11","9H":"11","8G":"11","8H":"11"},"QR":{"M7":"11","M8":"11","XJ":"11","P6":"11","J7":"11","RC":"11","M5":"11","RF":"11","WC":"11","R8":"11","Q8":"11","Q7":"11","C2":"11","J4":"11","P8":"11","WH":"11","WF":"11","QC":"11","XH":"11","M6":"11","F3":"11","VF":"11","VG":"11","XM":"11","P9":"11","G4":"11","XG":"11","G3":"11","P7":"11","H4":"11","WG":"11","V9":"11","H5":"11","Q9":"11","H3":"11","R9":"11","WJ":"11","J6":"11","F2":"11","G2":"11","J5":"11","VC":"11"},"FH":{"6X":"11","2X":"11","3W":"11","4W":"11","3X":"11","5X":"11","5W":"11","4X":"11"},"QQ":{"5J":"11","7P":"11","GX":"11","6P":"11","9V":"11","8V":"11","7Q":"11","FW":"11","7R":"11","CV":"11","4H":"11","2H":"11","6M":"11","9X":"11","5P":"11","8Q":"11","CX":"11","5M":"11","FX":"11","2G":"11","CW":"11","4M":"11","3G":"11","9R":"11","9W":"11","4J":"11","6Q":"11","3J":"11","8R":"11","3H":"11","2F":"11"},"HM":{"X8":"11","F5":"11","G3":"11","93":"11","X9":"11","62":"11","H4":"11","Q6":"11","P3":"11","J5":"11","R7":"11","92":"11","W6":"11","F4":"11","73":"11","Q8":"11","P5":"11","V9":"11","V6":"11","83":"11","82":"11","M3":"11","G4":"11","F3":"11","M6":"11","C2":"11","H3":"11","J6":"11","F2":"11","J3":"11","R8":"11","W9":"11","G2":"11","Q4":"11","R5":"11","V5":"11","P7":"11","M7":"11","C4":"11","Q7":"11","H2":"11","H6":"11","W7":"11","52":"11","P6":"11","V8":"11","Q5":"11","H5":"11","J4":"11","M4":"11","94":"11","V7":"11","W8":"11","X7":"11","72":"11","XC":"11","C3":"11","G5":"11","WC":"11","M5":"11","P4":"11","R6":"11"},"5G":{"37":"11","GF":"11","78":"11","GC":"11","XJ":"11","68":"11","66":"11","RF":"11","JF":"11","C9":"11","99":"11","67":"11","36":"11","47":"11","QH":"11","MF":"11","77":"11","26":"11","WH":"11","XH":"11","34":"11","CC":"11","58":"11","RH":"11","87":"11","25":"11","35":"11","VG":"11","48":"11","57":"11","PF":"11","C8":"11","65":"11","46":"11","9C":"11","RG":"11","88":"11","76":"11","MG":"11","89":"11","HF":"11","FC":"11","QF":"11","G9":"11","HC":"11","QG":"11","PG":"11","H9":"11","55":"11","WG":"11","VH":"11","98":"11","F9":"11","24":"11","45":"11","97":"11","JC":"11","WJ":"11","27":"11","MC":"11","79":"11","56":"11"},"RR":{"6W":"11","5Q":"11","8W":"11","6V":"11","5V":"11","3P":"11","4R":"11","2P":"11","4P":"11","6R":"11","7X":"11","3Q":"11","5W":"11","2M":"11","7W":"11","3J":"11","7V":"11","5R":"11","6X":"11","8X":"11","4Q":"11","3M":"11","2H":"11","2J":"11","4M":"11"},"CH":{"CR":"11","QX":"11","VX":"11","CQ":"11","8R":"11","7Q":"11","2M":"11","2P":"11","JW":"11","FR":"11","5P":"11","HW":"11","7R":"11","6M":"11","4J":"11","7P":"11","4P":"11","6P":"11","4Q":"11","2H":"11","WX":"11","5Q":"11","GV":"11","4M":"11","JV":"11","3J":"11","9P":"11","9R":"11","3M":"11","GW":"11","PX":"11","GR":"11","6R":"11","CP":"11","RX":"11","QW":"11","MV":"11","7M":"11","XX":"11","3P":"11","FV":"11","CV":"11","5M":"11","8Q":"11","FQ":"11","9Q":"11","6Q":"11","2J":"11","PW":"11","MX":"11","MW":"11","9V":"11","8P":"11","HV":"11","3Q":"11"},"HJ":{"4X":"11","6W":"11","GX":"11","3X":"11","4R":"11","5W":"11","3W":"11","5X":"11","7W":"11","3V":"11","4W":"11","9X":"11","CX":"11","6X":"11","FX":"11","2X":"11","8X":"11","2V":"11","2W":"11","4V":"11","7X":"11","2R":"11","3R":"11"},"2C":{"CR":"11","QX":"11","CQ":"11","8R":"11","7Q":"11","2M":"11","JW":"11","FR":"11","5P":"11","HW":"11","6M":"11","4J":"11","7P":"11","4P":"11","6P":"11","2H":"11","GV":"11","4M":"11","JV":"11","3J":"11","9P":"11","9R":"11","JX":"11","3M":"11","GW":"11","PX":"11","GR":"11","5J":"11","RX":"11","7M":"11","3P":"11","FV":"11","CV":"11","5M":"11","8Q":"11","9Q":"11","6Q":"11","2J":"11","PW":"11","MX":"11","MW":"11","8P":"11","3H":"11","HV":"11"},"PQ":{"P6":"11","M5":"11","WC":"11","R8":"11","Q8":"11","Q7":"11","C2":"11","J4":"11","WF":"11","W9":"11","F3":"11","M6":"11","M4":"11","V8":"11","XF":"11","P5":"11","XG":"11","Q6":"11","H2":"11","J3":"11","G3":"11","P7":"11","H4":"11","V9":"11","H3":"11","R7":"11","R9":"11","F2":"11","G2":"11","XC":"11","J5":"11","VC":"11"},"8H":{"F5":"11","85":"11","97":"11","X9":"11","44":"11","P8":"11","64":"11","C7":"11","M8":"11","25":"11","87":"11","Q8":"11","56":"11","V9":"11","G6":"11","C6":"11","36":"11","H7":"11","55":"11","86":"11","M6":"11","G8":"11","75":"11","J6":"11","F7":"11","F6":"11","35":"11","P9":"11","R8":"11","Q9":"11","W9":"11","54":"11","96":"11","P7":"11","M7":"11","Q7":"11","95":"11","H6":"11","66":"11","P6":"11","V8":"11","65":"11","J7":"11","45":"11","34":"11","R9":"11","24":"11","G7":"11","XC":"11","H8":"11","C5":"11","WC":"11","46":"11","76":"11","77":"11","J8":"11"},"JM":{"HJ":"11","QJ":"11","58":"11","VR":"11","CH":"11","PQ":"11","4G":"11","9H":"11","7C":"11","5C":"11","8G":"11","XW":"11","QQ":"11","5G":"11","38":"11","PR":"11","CF":"11","PJ":"11","HH":"11","HP":"11","59":"11","7G":"11","RW":"11","HM":"11","RV":"11","MR":"11","XV":"11","7F":"11","RQ":"11","8H":"11","49":"11","QV":"11","JM":"11","CG":"11","WQ":"11","FM":"11","27":"11","WX":"11","WW":"11","MQ":"11","QR":"11","JQ":"11","RR":"11","3F":"11","HQ":"11","MM":"11","FP":"11","VP":"11","8C":"11","CM":"11","VW":"11","PM":"11","4F":"11","VQ":"11","9G":"11","48":"11","6G":"11","GM":"11","6C":"11","8J":"11","JH":"11","RM":"11","QM":"11","28":"11","PP":"11","QP":"11","29":"11","FG":"11","8F":"11","XR":"11","RP":"11","JP":"11","FJ":"11","XX":"11","MP":"11","9F":"11","2C":"11","5F":"11","WR":"11","MJ":"11","XQ":"11","CJ":"11","3C":"11","6F":"11","2F":"11","39":"11","9J":"11","VV":"11","37":"11","JJ":"11","GH":"11","69":"11","7H":"11","WV":"11","FH":"11","GJ":"11","6H":"11","4C":"11","GP":"11"},"GJ":{"HJ":"11","VR":"11","CH":"11","PQ":"11","4G":"11","9H":"11","7C":"11","5C":"11","8G":"11","QQ":"11","XW":"11","5G":"11","38":"11","PR":"11","HP":"11","HH":"11","7G":"11","59":"11","HM":"11","RV":"11","XV":"11","7F":"11","RQ":"11","GG":"11","8H":"11","49":"11","JM":"11","CG":"11","WQ":"11","FM":"11","WW":"11","MQ":"11","QR":"11","3G":"11","JQ":"11","RR":"11","3F":"11","MM":"11","VP":"11","CM":"11","4F":"11","VQ":"11","9G":"11","6G":"11","GM":"11","6C":"11","8J":"11","5H":"11","JH":"11","28":"11","PP":"11","QP":"11","29":"11","FG":"11","8F":"11","XR":"11","RP":"11","7J":"11","JP":"11","FJ":"11","MP":"11","9F":"11","2C":"11","5F":"11","WR":"11","MJ":"11","CJ":"11","3C":"11","6F":"11","2F":"11","39":"11","9J":"11","VV":"11","JJ":"11","GH":"11","7H":"11","WV":"11","FH":"11","GJ":"11","6H":"11","4C":"11","GP":"11"},"FC":{"V8":"11","V7":"11","X7":"11","W7":"11","Q8":"11","R7":"11","X8":"11","R8":"11","W8":"11"},"4G":{"V4":"11","R4":"11","Q5":"11","V5":"11","X4":"11","P2":"11","P3":"11","X6":"11","J2":"11","W6":"11","Q4":"11","X3":"11","Q2":"11","M4":"11","W3":"11","M2":"11","R5":"11","V2":"11","W5":"11","H2":"11","J3":"11","R2":"11","W4":"11","Q3":"11","X5":"11","R3":"11","P4":"11","H3":"11","V6":"11","F2":"11","V3":"11","G2":"11","M3":"11"},"7H":{"V4":"11","R4":"11","X4":"11","V5":"11","P2":"11","P3":"11","J2":"11","C2":"11","82":"11","Q4":"11","J4":"11","F3":"11","M4":"11","M2":"11","C3":"11","W5":"11","H2":"11","J3":"11","W4":"11","G3":"11","Q3":"11","92":"11","X5":"11","R3":"11","P4":"11","H3":"11","72":"11","F2":"11","62":"11","G2":"11","V3":"11","M3":"11"},"9H":{"9G":"11","RJ":"11","GF":"11","GC":"11","7C":"11","XJ":"11","FG":"11","JF":"11","GH":"11","WP":"11","C9":"11","FH":"11","6C":"11","FF":"11","99":"11","QH":"11","PH":"11","MF":"11","HG":"11","WH":"11","XH":"11","CC":"11","RH":"11","39":"11","2C":"11","XP":"11","VG":"11","WM":"11","QM":"11","PF":"11","5C":"11","XM":"11","7F":"11","9C":"11","RG":"11","9F":"11","8C":"11","JJ":"11","MG":"11","GG":"11","6F":"11","89":"11","HF":"11","JG":"11","FC":"11","8G":"11","JH":"11","29":"11","HC":"11","PJ":"11","QG":"11","3C":"11","PG":"11","CF":"11","WG":"11","49":"11","VH":"11","F9":"11","VJ":"11","8F":"11","4C":"11","WJ":"11","HH":"11","MJ":"11","CG":"11","RM":"11","5F":"11","QJ":"11","MH":"11","4F":"11","VM":"11"},"RW":{"Q2":"11","R2":"11"},"PP":{"7R":"11","5Q":"11","8W":"11","6V":"11","8R":"11","3P":"11","2P":"11","CV":"11","4P":"11","6R":"11","FW":"11","CW":"11","7Q":"11","2M":"11","9R":"11","6Q":"11","7W":"11","3H":"11","3J":"11","7V":"11","7P":"11","GX":"11","9W":"11","5R":"11","9X":"11","8V":"11","4Q":"11","9V":"11","5P":"11","3M":"11","5M":"11","2H":"11","CX":"11","FX":"11","6P":"11","2J":"11","4M":"11","4J":"11"},"RV":{"QW":"11","RX":"11","F8":"11","G8":"11","QV":"11","PV":"11","MM":"11","JF":"11","QR":"11","83":"11","QQ":"11","F6":"11","93":"11","QX":"11","PM":"11","82":"11","PH":"11","C5":"11","C6":"11","C3":"11","PQ":"11","PR":"11","MG":"11","HF":"11","JG":"11","92":"11","G9":"11","G7":"11","JH":"11","HC":"11","PJ":"11","PP":"11","H9":"11","H8":"11","QP":"11","C4":"11","72":"11","F7":"11","JC":"11","F5":"11","94":"11","MJ":"11","G6":"11","MH":"11"},"6G":{"8M":"11","5J":"11","VW":"11","7P":"11","PV":"11","QV":"11","6P":"11","8P":"11","QR":"11","RR":"11","2J":"11","2H":"11","WW":"11","CP":"11","6M":"11","7M":"11","GQ":"11","VR":"11","GR":"11","5M":"11","WV":"11","PR":"11","CQ":"11","9Q":"11","FP":"11","9P":"11","4M":"11","XW":"11","MV":"11","6J":"11","FQ":"11","3M":"11","JQ":"11","HR":"11","RW":"11","RV":"11","VV":"11","HQ":"11","4J":"11","XV":"11","3J":"11","MQ":"11","3H":"11","MR":"11","JR":"11"},"FJ":{"X8":"11","F5":"11","85":"11","X9":"11","44":"11","62":"11","P8":"11","64":"11","WF":"11","C7":"11","Q6":"11","R7":"11","M8":"11","42":"11","32":"11","F4":"11","73":"11","Q8":"11","V9":"11","G6":"11","C6":"11","H7":"11","83":"11","55":"11","86":"11","M6":"11","33":"11","75":"11","J6":"11","F7":"11","F6":"11","P9":"11","R8":"11","Q9":"11","W9":"11","54":"11","96":"11","P7":"11","M7":"11","43":"11","Q7":"11","95":"11","RC":"11","VC":"11","H6":"11","52":"11","P6":"11","V8":"11","H5":"11","63":"11","65":"11","94":"11","XF":"11","V7":"11","J7":"11","W8":"11","34":"11","X7":"11","R9":"11","22":"11","24":"11","72":"11","G7":"11","53":"11","XC":"11","H8":"11","C5":"11","G5":"11","WC":"11","74":"11","84":"11","23":"11","R6":"11","J8":"11"},"CJ":{"W2":"11","W3":"11","X2":"11","V2":"11","Q2":"11","X3":"11","R2":"11"},"2F":{"X5":"11","R3":"11","V4":"11","P2":"11","W2":"11","W3":"11","V2":"11","Q2":"11","X4":"11","X3":"11","R2":"11","Q3":"11","M2":"11","V3":"11","W4":"11"},"4F":{"6V":"11","GX":"11","4R":"11","2P":"11","HW":"11","6P":"11","8V":"11","9V":"11","FV":"11","GV":"11","2J":"11","7Q":"11","FW":"11","2M":"11","7W":"11","3P":"11","5Q":"11","7R":"11","JW":"11","CV":"11","PX":"11","7V":"11","9X":"11","5P":"11","GW":"11","CX":"11","FX":"11","4Q":"11","CW":"11","5R":"11","HV":"11","4M":"11","3M":"11","3Q":"11","9R":"11","9W":"11","JX":"11","MX":"11","6Q":"11","HX":"11","4P":"11","5V":"11","8R":"11","6R":"11","8W":"11","2Q":"11","3R":"11"},"3F":{"9C":"11","QJ":"11","MF":"11","WP":"11","MH":"11","97":"11","PF":"11","25":"11","XP":"11","87":"11","VM":"11","PJ":"11","78":"11","WJ":"11","56":"11","JG":"11","36":"11","MG":"11","55":"11","PH":"11","HC":"11","VJ":"11","88":"11","35":"11","67":"11","89":"11","VP":"11","QG":"11","VH":"11","98":"11","HF":"11","RH":"11","JF":"11","F9":"11","PG":"11","JH":"11","RM":"11","XJ":"11","57":"11","66":"11","XM":"11","QH":"11","WH":"11","RJ":"11","47":"11","C8":"11","WM":"11","CC":"11","F8":"11","45":"11","XQ":"11","34":"11","24":"11","GC":"11","FF":"11","C9":"11","JC":"11","99":"11","GF":"11","H9":"11","46":"11","76":"11","23":"11","HG":"11","77":"11","68":"11","FC":"11","G9":"11","RG":"11"}},"H3":{"96":{"V3":"11","V4":"11","X8":"11","V2":"11","X9":"11","R2":"11","W8":"11","W6":"11","W7":"11","V5":"11","XG":"11","R3":"11","XC":"11","XF":"11","W5":"11"},"JX":{"WW":"11","WX":"11"},"C7":{"8M":"11","9M":"11","9G":"11","78":"11","7C":"11","66":"11","CM":"11","9V":"11","54":"11","67":"11","52":"11","77":"11","CR":"11","CV":"11","9J":"11","CP":"11","9X":"11","65":"11","7F":"11","8J":"11","CW":"11","8H":"11","64":"11","9F":"11","9Q":"11","76":"11","8C":"11","9P":"11","89":"11","8G":"11","9R":"11","9W":"11","9H":"11","8F":"11","CJ":"11","53":"11","79":"11"},"83":{"X5":"11","R3":"11","V4":"11","W2":"11","W3":"11","X2":"11","V2":"11","X4":"11","W5":"11","X3":"11","R2":"11","V3":"11","W4":"11"},"C6":{"2G":"11","3P":"11","4R":"11","2P":"11","3R":"11","4V":"11","5W":"11","3Q":"11","2M":"11","4W":"11","3V":"11","3M":"11","2H":"11","5X":"11","2J":"11","4X":"11"},"95":{"QW":"11","RX":"11","RW":"11"},"XJ":{"MX":"11","JX":"11","QX":"11","PX":"11","MW":"11"},"C8":{"F5":"11","C3":"11","G6":"11","F4":"11","F3":"11","G5":"11","C4":"11","F6":"11","G7":"11"},"XM":{"P2":"11","Q2":"11","R2":"11","Q3":"11","M2":"11"},"C9":{"PH":"11","QF":"11","QH":"11","PF":"11","QG":"11","PC":"11","PG":"11","P9":"11","P7":"11","P8":"11"},"82":{"RX":"11","VW":"11","M7":"11","M8":"11","RJ":"11","RF":"11","M5":"11","QR":"11","QQ":"11","RP":"11","RR":"11","J2":"11","QH":"11","PH":"11","J4":"11","P8":"11","QC":"11","WW":"11","RH":"11","VR":"11","M6":"11","M4":"11","QM":"11","PF":"11","WR":"11","P9":"11","WV":"11","RG":"11","PC":"11","H2":"11","J3":"11","RQ":"11","VQ":"11","QF":"11","P7":"11","PJ":"11","QG":"11","RW":"11","PG":"11","VV":"11","RV":"11","Q9":"11","VX":"11","M9":"11","QP":"11","WX":"11","J6":"11","RM":"11","VP":"11","QJ":"11","J5":"11","VM":"11"}},"R7":{"QH":{"4X":"11"}},"R9":{"P6":{"QW":"11","RX":"11","9G":"11","78":"11","7C":"11","PV":"11","QV":"11","68":"11","FG":"11","FH":"11","HM":"11","67":"11","36":"11","CH":"11","47":"11","QX":"11","34":"11","GM":"11","58":"11","22":"11","25":"11","FM":"11","23":"11","35":"11","HP":"11","57":"11","46":"11","33":"11","7F":"11","9C":"11","9F":"11","PR":"11","8C":"11","GJ":"11","89":"11","JP":"11","MV":"11","8G":"11","JQ":"11","9H":"11","RW":"11","CF":"11","HQ":"11","PW":"11","VX":"11","69":"11","FJ":"11","8F":"11","CJ":"11","24":"11","45":"11","GP":"11","MQ":"11","MR":"11","CG":"11","79":"11","JR":"11","56":"11"},"M5":{"F8":"11","VW":"11","GF":"11","GC":"11","MP":"11","QV":"11","MM":"11","C9":"11","QR":"11","96":"11","FF":"11","QQ":"11","75":"11","RR":"11","PM":"11","52":"11","HG":"11","CC":"11","HJ":"11","WW":"11","87":"11","74":"11","73":"11","86":"11","C8":"11","65":"11","C7":"11","PQ":"11","64":"11","76":"11","JM":"11","RQ":"11","JJ":"11","GG":"11","HF":"11","JG":"11","FC":"11","JH":"11","XX":"11","PP":"11","RW":"11","RV":"11","63":"11","VV":"11","98":"11","VX":"11","42":"11","F9":"11","QP":"11","85":"11","97":"11","84":"11","WX":"11","53":"11","HH":"11","MJ":"11","62":"11"},"WC":{"X5":"11","R3":"11","V4":"11","P2":"11","W2":"11","W3":"11","X2":"11","V2":"11","Q2":"11","X4":"11","X3":"11","R2":"11","Q3":"11","M2":"11","V3":"11","W4":"11"},"R8":{"9C":"11","QJ":"11","MH":"11","44":"11","VR":"11","32":"11","87":"11","CF":"11","PJ":"11","HH":"11","78":"11","56":"11","JG":"11","XV":"11","RQ":"11","GG":"11","55":"11","PH":"11","WQ":"11","33":"11","88":"11","35":"11","67":"11","MM":"11","89":"11","VP":"11","PM":"11","VQ":"11","98":"11","HF":"11","54":"11","F9":"11","JH":"11","RM":"11","QM":"11","PP":"11","QP":"11","66":"11","XR":"11","65":"11","RP":"11","CC":"11","WR":"11","MJ":"11","45":"11","XQ":"11","34":"11","22":"11","24":"11","GC":"11","FF":"11","C9":"11","99":"11","GF":"11","JJ":"11","76":"11","WV":"11","23":"11","HG":"11","77":"11","FC":"11"},"Q8":{"W2":"11","X2":"11","X3":"11"},"Q7":{"RW":"11","WX":"11","XX":"11","JP":"11","PR":"11","8F":"11","48":"11","WW":"11","PV":"11","9F":"11","59":"11","78":"11","JQ":"11","QR":"11","9C":"11","HJ":"11","GJ":"11","7C":"11","VV":"11","MQ":"11","FH":"11","PQ":"11","CF":"11","HP":"11","MR":"11","VW":"11","46":"11","QW":"11","8G":"11","JM":"11","26":"11","QV":"11","35":"11","57":"11","47":"11","7F":"11","37":"11","9G":"11","25":"11","24":"11","CG":"11","69":"11","68":"11","89":"11","GM":"11","GH":"11","RV":"11","36":"11","RR":"11","VX":"11","HM":"11","FG":"11","79":"11","67":"11","MP":"11","CH":"11","58":"11","8C":"11","FJ":"11","6C":"11"},"J4":{"J8":"11","F4":"11","XR":"11","M8":"11","RJ":"11","J7":"11","WP":"11","H7":"11","F6":"11","J9":"11","93":"11","WQ":"11","C2":"11","82":"11","QH":"11","MF":"11","RH":"11","C5":"11","F3":"11","XP":"11","XQ":"11","WM":"11","PF":"11","G5":"11","C3":"11","RG":"11","PC":"11","G4":"11","H2":"11","G3":"11","QF":"11","92":"11","G7":"11","H4":"11","QG":"11","PG":"11","H8":"11","H5":"11","VH":"11","H3":"11","M9":"11","VJ":"11","C4":"11","JC":"11","F5":"11","J6":"11","94":"11","F2":"11","G6":"11","H6":"11","MC":"11","RM":"11","G2":"11","VP":"11","J5":"11","VM":"11"},"W9":{"CR":"11","QX":"11","VX":"11","CQ":"11","8R":"11","GQ":"11","7Q":"11","FW":"11","4G":"11","JW":"11","FR":"11","5P":"11","HW":"11","RW":"11","6M":"11","MR":"11","4J":"11","7P":"11","6P":"11","QV":"11","2H":"11","WX":"11","GV":"11","HX":"11","3G":"11","4M":"11","JV":"11","JQ":"11","HQ":"11","FP":"11","PV":"11","9M":"11","3J":"11","CM":"11","VW":"11","9P":"11","8M":"11","4H":"11","9R":"11","5H":"11","JX":"11","8J":"11","3M":"11","GW":"11","PX":"11","GR":"11","5J":"11","CP":"11","RX":"11","6J":"11","QW":"11","MV":"11","7J":"11","7M":"11","XX":"11","FV":"11","CV":"11","5M":"11","8Q":"11","FQ":"11","2F":"11","9Q":"11","2J":"11","PW":"11","MX":"11","2G":"11","JR":"11","MW":"11","HR":"11","8P":"11","HV":"11","3H":"11","6H":"11","GP":"11"},"M6":{"W2":"11","X2":"11","X4":"11","X3":"11"},"M4":{"2R":"11","2W":"11","3W":"11","2Q":"11","3R":"11","4V":"11","3X":"11","4W":"11","2V":"11","3V":"11","5X":"11","4X":"11"},"V8":{"2R":"11","2W":"11","3W":"11","3X":"11","4W":"11","2V":"11","6X":"11","3V":"11","5X":"11","4X":"11"},"H2":{"CR":"11","CQ":"11","GX":"11","FW":"11","CW":"11","4G":"11","JW":"11","7C":"11","5C":"11","25":"11","5G":"11","FR":"11","38":"11","59":"11","7G":"11","HW":"11","6M":"11","7F":"11","36":"11","7P":"11","8H":"11","49":"11","27":"11","GV":"11","HX":"11","3F":"11","9M":"11","CM":"11","9P":"11","4F":"11","8M":"11","48":"11","6G":"11","9R":"11","6C":"11","5H":"11","JX":"11","8J":"11","GW":"11","28":"11","CP":"11","FX":"11","29":"11","6J":"11","7J":"11","7M":"11","47":"11","2C":"11","5F":"11","3C":"11","24":"11","FV":"11","6F":"11","CV":"11","26":"11","8Q":"11","FQ":"11","9Q":"11","39":"11","9J":"11","37":"11","69":"11","7H":"11","23":"11","8P":"11","6H":"11","4C":"11","79":"11"},"J3":{"CR":"11","GX":"11","8R":"11","7Q":"11","FW":"11","CW":"11","2M":"11","4G":"11","6W":"11","5P":"11","5V":"11","7R":"11","6M":"11","8W":"11","4J":"11","7P":"11","4P":"11","6P":"11","4Q":"11","2H":"11","7V":"11","5Q":"11","6V":"11","3G":"11","4M":"11","3J":"11","9P":"11","8X":"11","8M":"11","9W":"11","4H":"11","9R":"11","5H":"11","3M":"11","GW":"11","9X":"11","6R":"11","5J":"11","7X":"11","FX":"11","6J":"11","7M":"11","3P":"11","7W":"11","CV":"11","5R":"11","5M":"11","8Q":"11","2F":"11","9Q":"11","6Q":"11","2J":"11","2G":"11","9V":"11","8V":"11","CX":"11","8P":"11","3H":"11","6H":"11"},"P7":{"X5":"11","W2":"11","W3":"11","V2":"11","X4":"11","X3":"11","R2":"11","V3":"11","W4":"11"},"V9":{"J8":"11","M8":"11","J7":"11","RC":"11","RF":"11","WC":"11","83":"11","H7":"11","F6":"11","J9":"11","52":"11","WH":"11","WF":"11","QC":"11","XH":"11","C5":"11","74":"11","73":"11","VF":"11","VG":"11","XF":"11","C6":"11","P9":"11","PC":"11","XG":"11","QF":"11","G7":"11","63":"11","H8":"11","WG":"11","Q9":"11","M9":"11","72":"11","C4":"11","F5":"11","84":"11","94":"11","95":"11","G6":"11","62":"11","XC":"11","VC":"11"},"H3":{"WG":"11","X9":"11","H4":"11","WF":"11","Q6":"11","J5":"11","R7":"11","Q8":"11","P5":"11","V9":"11","M3":"11","J2":"11","M2":"11","M6":"11","H3":"11","J3":"11","R8":"11","Q9":"11","W9":"11","VF":"11","G2":"11","Q4":"11","XH":"11","P7":"11","Q7":"11","XG":"11","H2":"11","RC":"11","VC":"11","XJ":"11","P6":"11","V8":"11","Q5":"11","J4":"11","M4":"11","XF":"11","V7":"11","W8":"11","R9":"11","XC":"11","WC":"11","M5":"11","P4":"11","R6":"11"},"G2":{"V4":"11","X7":"11","R4":"11","V5":"11","X4":"11","P2":"11","W2":"11","X6":"11","W6":"11","X3":"11","Q2":"11","W3":"11","R5":"11","V2":"11","W5":"11","R2":"11","W4":"11","Q3":"11","X5":"11","R3":"11","X8":"11","V6":"11","V3":"11","W7":"11"},"XC":{"85":"11","MF":"11","97":"11","WG":"11","44":"11","64":"11","C7":"11","PF":"11","QF":"11","25":"11","32":"11","87":"11","78":"11","WJ":"11","56":"11","RF":"11","C6":"11","36":"11","MG":"11","55":"11","86":"11","VG":"11","PC":"11","G8":"11","33":"11","75":"11","HC":"11","VJ":"11","F7":"11","88":"11","35":"11","67":"11","P9":"11","QG":"11","VH":"11","98":"11","HF":"11","54":"11","VF":"11","RH":"11","96":"11","XH":"11","JF":"11","F9":"11","PG":"11","43":"11","XG":"11","RC":"11","XJ":"11","57":"11","66":"11","XM":"11","M9":"11","QC":"11","QH":"11","65":"11","WH":"11","C8":"11","F8":"11","45":"11","34":"11","22":"11","24":"11","G7":"11","GC":"11","53":"11","C9":"11","JC":"11","99":"11","H8":"11","H9":"11","46":"11","J9":"11","MC":"11","76":"11","23":"11","77":"11","J8":"11","FC":"11","G9":"11","RG":"11"}},"X2":{"C3":{"9G":"11","9F":"11"},"36":{"22":"11"},"XF":{"Q8":"11","97":"11","P8":"11"},"79":{"63":"11","62":"11"}},"V3":{"2F":{"8X":"11","M8":"11"},"2W":{"8P":"11"},"2G":{"83":"11","73":"11","72":"11","82":"11"},"PW":{"35":"11","24":"11","25":"11"},"3G":{"43":"11"},"FQ":{"XC":"11","WC":"11"},"R6":{"M5":"11","J4":"11","J5":"11"},"MR":{"6F":"11","5Q":"11","5F":"11","6J":"11","7G":"11","3P":"11","6H":"11","4R":"11","4P":"11","5J":"11","3R":"11","4V":"11","3Q":"11","7H":"11","5R":"11","5H":"11","6G":"11","4Q":"11","5P":"11","5M":"11","6M":"11","6P":"11","4M":"11"},"MW":{"X4":"11"},"4G":{"G3":"11","F3":"11","F2":"11","G2":"11"},"QV":{"CC":"11","R5":"11","V3":"11","V4":"11","G9":"11","8F":"11","P6":"11","9F":"11","PG":"11","PH":"11","9Q":"11","GC":"11","MG":"11","4P":"11","CF":"11","W3":"11","Q5":"11","Q6":"11","9R":"11","9P":"11","FC":"11","X2":"11","8G":"11","H9":"11","X3":"11","P5":"11","MH":"11","5P":"11","5M":"11","CP":"11","4M":"11","W2":"11","R4":"11"},"GQ":{"5Q":"3","2F":"11","5V":"3","FQ":"11","6R":"3","CQ":"11","9P":"11","7P":"11","5R":"3","8P":"11","2C":"11","CP":"11","6P":"11"},"RR":{"7Q":"11","8M":"11","7P":"11","6Q":"11","5R":"11","6R":"11","8P":"11","5Q":"11"},"2C":{"PX":"11"},"4F":{"39":"11","3C":"11","49":"11"}},"XC":{"QW":{"5C":"11","3H":"11","4C":"11","4F":"11","3G":"11","4G":"11"},"QV":{"3C":"11","2C":"11","2F":"11","3F":"11"},"QR":{"78":"11","77":"11","7C":"11","5W":"11","R2":"11","76":"11","4W":"11","R3":"11","79":"11","4X":"11"},"54":{"CR":"11"},"WQ":{"G4":"11","F4":"11"},"PM":{"7X":"11"},"JW":{"8W":"11","7W":"11","WJ":"11","WM":"11","VM":"11"},"PX":{"5H":"11","8G":"11","6H":"11","8H":"11"},"9J":{"5C":"11","6F":"11","38":"11","48":"11","59":"11","27":"11","49":"11","28":"11","39":"11","6C":"11"},"XP":{"PJ":"11"},"XQ":{"85":"11","47":"11","75":"11"},"MW":{"2X":"11","3X":"11"},"8J":{"64":"11","X7":"11","W7":"11","H5":"11","H4":"11"},"JV":{"Q9":"11","QF":"11","RF":"11","QC":"11","RC":"11","QG":"11","R9":"11"},"HV":{"CF":"11"},"VQ":{"5C":"11","4C":"11","87":"11","78":"11","5F":"11","88":"11","G2":"11","96":"11","F3":"11","69":"11","G3":"11","86":"11","95":"11","79":"11","4F":"11","6C":"11"},"3G":{"V4":"11","Q3":"11","Q4":"11","M2":"11","G2":"11","X6":"11","W6":"11","H2":"11","J2":"11","M3":"11","V5":"11","P3":"11","W5":"11","F2":"11","R4":"11"},"JX":{"4X":"11","F4":"11","78":"11","7G":"11","7C":"11","7J":"11","M5":"11","6P":"11","5W":"11","93":"11","5Q":"11","77":"11","4W":"11","6M":"11","F3":"11","7F":"11","C3":"11","V2":"11","5R":"11","64":"11","76":"11","6H":"11","R2":"11","6J":"11","R3":"11","7H":"11","63":"11","H5":"11","6Q":"11","5V":"11","79":"11","J5":"11"},"MX":{"66":"11","56":"11","78":"11","79":"11","89":"11","22":"11","32":"11","67":"11"},"V7":{"99":"11","C8":"11","C9":"11"},"RM":{"VG":"11"},"VP":{"GR":"11","HQ":"11","GW":"11","GV":"11","GX":"11"},"VM":{"6Q":"11","6P":"11","4M":"11","5M":"11","5P":"11"},"3F":{"FX":"11","CX":"11"}},"J5":{"P2":{"XR":"11","44":"11","GF":"11","GC":"11","66":"11","WP":"11","C9":"11","54":"11","RP":"11","99":"11","WQ":"11","PH":"11","77":"11","HG":"11","34":"11","22":"11","43":"11","87":"11","23":"11","XQ":"11","QM":"11","C8":"11","65":"11","WR":"11","33":"11","88":"11","76":"11","VQ":"11","HF":"11","JG":"11","FC":"11","JH":"11","PJ":"11","55":"11","98":"11","F9":"11","XV":"11","97":"11","MJ":"11","RM":"11","VP":"11","QJ":"11","MH":"11"},"V4":{"5G":"11","MX":"11","3F":"11","HR":"11","2F":"11","FP":"11","8J":"11","5F":"11","PW":"11","FQ":"11","8M":"11","6H":"11","QX":"11","JW":"11","GR":"11","HV":"11","MW":"11","4G":"11","9M":"11","7H":"11","5H":"11","PX":"11","JV":"11","6G":"11","GQ":"11","7J":"11","CM":"11","2C":"11","CP":"11","3C":"11","4F":"11","9J":"11"},"Q3":{"95":"11","J6":"11","P8":"11","F6":"11","M3":"11","XM":"11","M7":"11","H7":"11","Q6":"11","M9":"11","VC":"11","H4":"11","W9":"11","C3":"11","74":"11","63":"11","R8":"11","P7":"11","XJ":"11","Q7":"11","P3":"11","RF":"11","RG":"11","XG":"11","J2":"11","H2":"11","F3":"11","R9":"11","M5":"11","H3":"11","C5":"11","F5":"11","V9":"11","R5":"11","F4":"11","H6":"11","J3":"11","82":"11","WC":"11","G4":"11","Q9":"11","92":"11","XH":"11","V7":"11","J7":"11","V5":"11","J5":"11","WF":"11","VH":"11","H8":"11","X8":"11","V8":"11","XC":"11","M8":"11","C2":"11","84":"11","F2":"11","62":"11","83":"11","R7":"11","72":"11","C4":"11","G5":"11","WJ":"11","G3":"11","V6":"11","QC":"11","M2":"11","P9":"11","VG":"11","H5":"11","X7":"11","94":"11","52":"11","W6":"11","G7":"11","PC":"11","J4":"11","Q8":"11","P4":"11","W8":"11","93":"11","QF":"11","X6":"11","W7":"11","Q5":"11","73":"11","X9":"11","G6":"11","R6":"11","M6":"11","J8":"11","VF":"11","G2":"11","WG":"11","J9":"11","P6":"11","XF":"11","P5":"11","WH":"11","M4":"11","RC":"11"},"M2":{"W2":"11","X2":"11"},"X6":{"F8":"11","RJ":"11","G8":"11","JF":"11","96":"11","32":"11","75":"11","J9":"11","52":"11","QH":"11","MF":"11","RH":"11","74":"11","73":"11","XP":"11","86":"11","WM":"11","PF":"11","C6":"11","XM":"11","C7":"11","64":"11","G9":"11","HC":"11","QG":"11","PG":"11","H9":"11","63":"11","VH":"11","VJ":"11","42":"11","85":"11","F7":"11","97":"11","JC":"11","WJ":"11","84":"11","53":"11","95":"11","62":"11","MC":"11"},"Q2":{"4X":"11","6V":"11","GX":"11","9V":"11","8V":"11","3W":"11","5X":"11","FW":"11","7W":"11","JW":"11","7R":"11","CV":"11","3V":"11","7V":"11","4W":"11","9X":"11","GW":"11","CX":"11","MW":"11","FX":"11","CW":"11","8X":"11","2V":"11","9W":"11","4V":"11","JX":"11","7X":"11","2R":"11","MX":"11","HX":"11","8R":"11","8W":"11"},"V5":{"X5":"11","R3":"11","V4":"11","X6":"11","Q2":"11","W5":"11","R2":"11","V3":"11","W4":"11"},"R3":{"7Q":"11","2M":"11","4G":"11","5P":"11","7R":"11","6M":"11","8W":"11","4J":"11","7P":"11","4P":"11","6P":"11","4Q":"11","2H":"11","27":"11","7V":"11","5Q":"11","3G":"11","4M":"11","3F":"11","3J":"11","9W":"11","4H":"11","3M":"11","9X":"11","6R":"11","5J":"11","28":"11","29":"11","3P":"11","2C":"11","3C":"11","5R":"11","5M":"11","2F":"11","6Q":"11","2J":"11","2G":"11","9V":"11","8V":"11","CX":"11","3H":"11"},"W5":{"37":"11","XR":"11","7C":"11","MM":"11","FG":"11","68":"11","GH":"11","FH":"11","RP":"11","QQ":"11","36":"11","WQ":"11","47":"11","PM":"11","HG":"11","26":"11","HJ":"11","58":"11","VR":"11","25":"11","48":"11","XQ":"11","QM":"11","59":"11","WR":"11","WV":"11","9C":"11","9F":"11","JM":"11","8C":"11","RQ":"11","JJ":"11","VQ":"11","GG":"11","XW":"11","JH":"11","PJ":"11","PP":"11","CF":"11","69":"11","QP":"11","8F":"11","XV":"11","27":"11","HH":"11","MJ":"11","CG":"11","RM":"11","79":"11","VP":"11","QJ":"11"},"X5":{"2W":"11","2X":"11","3W":"11","3X":"11","5X":"11","2V":"11","4X":"11"},"R4":{"P6":"11","W8":"11","M5":"11","WC":"11","R8":"11","Q7":"11","C2":"11","J4":"11","W9":"11","F3":"11","M4":"11","R6":"11","V8":"11","P5":"11","Q6":"11","G3":"11","X9":"11","H4":"11","V9":"11","H3":"11","R7":"11","V7":"11","F2":"11","G2":"11","XC":"11"}}},"index":{"university,1|retail,2|tourism,3|wreck,4|historical,5|artsCulture,6|namedBuilding,7|water,8|wetland,9|park,10|beach,11|natureReserve,12|cemetery,13|trail,14":{}}}