{"index":{"university,1|retail,2|tourism,3|wreck,4|historical,5|artsCulture,6|namedBuilding,7|water,8|wetland,9|park,10|beach,11|natureReserve,12|cemetery,13|trail,14":{}},"4C":{"J9":{"RP":{"Q3":"11","P4":"11","Q4":"11","M5":"11","Q2":"11","P5":"11","P3":"11"},"WM":{"MJ":"11","77":"11","JJ":"11","HJ":"11","GJ":"11","PM":"11","PP":"11","MM":"11","67":"11","HH":"11"},"RM":{"QX":"11"},"M9":{"W2":"11","W3":"11"},"WQ":{"89":"11"},"M7":{"VW":"11","QW":"11","VV":"11","WV":"11","XV":"11","RW":"11","WW":"11"},"VM":{"V4":"11","X4":"11","W4":"11"},"VQ":{"VH":"11"},"M8":{"VX":"11","VW":"11","PH":"11","VV":"11","RQ":"11","QQ":"11","RV":"11","QJ":"11","RR":"11","QP":"11","PJ":"11","PG":"11","WX":"11"},"P9":{"34":"11","33":"11","24":"11","42":"11","25":"11","32":"11"},"P7":{"4W":"11","2V":"11","3V":"11","4V":"11","4X":"11"},"P8":{"5Q":"11","66":"11","87":"11","64":"11","42":"11","65":"11","97":"11","7M":"11","54":"11","75":"11","43":"11","76":"11","52":"11","5R":"11","86":"11","7J":"11","5P":"11","6M":"11","6P":"11","98":"11","53":"11"}}}}