{"index":{"university,1|retail,2|tourism,3|wreck,4|historical,5|artsCulture,6|namedBuilding,7|water,8|wetland,9|park,10|beach,11|natureReserve,12|cemetery,13|trail,14":{}},"4F":{"RW":{"C8":{"GW":"11","FX":"11","HW":"11","HR":"11","GX":"11","HV":"11"},"6F":{"24":"11","25":"11"},"3F":{"Q9":"11","RC":"11","R9":"11"},"59":{"XG":"11"},"5F":{"8M":"11","7J":"11","FG":"11","X4":"11","GH":"11","JF":"11","R8":"11","FH":"11","CH":"11","W6":"11","MF":"11","HG":"11","QC":"11","9J":"11","7M":"11","V8":"11","P9":"11","8J":"11","PC":"11","GG":"11","HF":"11","JG":"11","X5":"11","9H":"11","Q9":"11","CJ":"11","R9":"11","V7":"11","MC":"11","W7":"11"},"7C":{"HR":"11"},"29":{"96":"11","QF":"11","RF":"11","RG":"11","WG":"11","72":"11","XH":"11","XG":"11","VG":"11"},"28":{"7X":"11"},"69":{"2G":"11"},"39":{"JP":"11","5G":"11","3F":"11","4C":"11","5F":"11","3G":"11","HG":"11","7G":"11","JJ":"11","6H":"11","HJ":"11","PP":"11","3H":"11","7H":"11","6G":"11","GH":"11","RV":"11","VX":"11","2H":"11","HH":"11","MP":"11","GG":"11","4F":"11"},"C9":{"C3":"11","C4":"11","66":"11","G2":"11","46":"11","75":"11","76":"11","F3":"11","85":"11","95":"11","84":"11","F2":"11","56":"11","94":"11"},"3C":{"XF":"11","XG":"11"}},"WW":{"66":{"WG":"11","XG":"11","VG":"11"},"76":{"2F":"11","2G":"11"}},"VV":{"7W":{"HX":"11","GW":"11","HQ":"11","HW":"11","GV":"11","HR":"11","GX":"11","HV":"11"},"7X":{"P6":"11","M5":"11","R8":"11","Q8":"11","Q7":"11","QH":"11","PH":"11","J4":"11","W9":"11","M6":"11","VG":"11","V8":"11","H2":"11","J3":"11","P7":"11","QG":"11","PG":"11","V9":"11","VH":"11","H3":"11","R7":"11","J5":"11"}},"QX":{"6V":{"8W":"11","FP":"11","8R":"11","9Q":"11","FQ":"11","MG":"11","JJ":"11","HJ":"11","JH":"11","HP":"11","CQ":"11","GP":"11","CR":"11","9R":"11","9W":"11","GM":"11","8X":"11","GQ":"11","8V":"11","MF":"11","9V":"11","JG":"11","HM":"11","MC":"11"},"G8":{"PR":"11","PV":"11","VP":"11","HX":"11","QQ":"11","VQ":"11","QR":"11","WP":"11","XJ":"11","JW":"11","JX":"11","MW":"11","WM":"11","QV":"11","MV":"11","RQ":"11","GX":"11","XM":"11","RR":"11","HW":"11"},"7J":{"72":"11","62":"11","82":"11"},"6P":{"P6":"11","HW":"11","P2":"11","MF":"11","P8":"11","JW":"11","Q2":"11","P5":"11","P9":"11","PC":"11","JM":"11","JV":"11","HV":"11","JJ":"11","MG":"11","JP":"11","JG":"11","P7":"11","JH":"11","JQ":"11","P4":"11","JX":"11","M9":"11","HX":"11","MC":"11","JR":"11","MH":"11"},"C9":{"M3":"11","P3":"11"},"H7":{"PR":"11","QJ":"11","HX":"11","MQ":"11","JW":"11","PQ":"11","JX":"11","MR":"11","PM":"11","MW":"11","PP":"11","MV":"11","JV":"11","HW":"11"},"J4":{"F4":"11","78":"11","96":"11","6C":"11","J2":"11","87":"11","C5":"11","C6":"11","5C":"11","2G":"11","88":"11","G4":"11","H2":"11","89":"11","G3":"11","3G":"11","4G":"11","98":"11","69":"11","H3":"11","97":"11","F5":"11","79":"11","5F":"11","4F":"11","3F":"11"},"6M":{"PR":"11","PV":"11","PW":"11","QX":"11","PQ":"11","PP":"11","QW":"11","QV":"11","PX":"11","MP":"11"},"M2":{"5Q":"11","5V":"11","42":"11","5W":"11","4W":"11","5R":"11","5P":"11","5X":"11","4X":"11"},"9C":{"V4":"11","V5":"11","R8":"11","Q8":"11","HM":"11","W6":"11","MF":"11","QC":"11","HJ":"11","GM":"11","FM":"11","R6":"11","PF":"11","V2":"11","PC":"11","W5":"11","JJ":"11","MG":"11","FP":"11","GJ":"11","JG":"11","QF":"11","JH":"11","PG":"11","Q9":"11","R7":"11","V6":"11","R9":"11","V7":"11","HH":"11","V3":"11","MH":"11"},"8C":{"VX":"11","WX":"11"},"J3":{"RJ":"11","PV":"11","WC":"11","RP":"11","QQ":"11","JW":"11","WF":"11","VG":"11","QM":"11","MW":"11","PQ":"11","PR":"11","MV":"11","X9":"11","X8":"11","WG":"11","JX":"11","VH":"11","MX":"11","VJ":"11","QP":"11","HX":"11","RM":"11","XC":"11"},"HF":{"HF":"11"},"8G":{"8J":"11","HC":"11","GC":"11","8M":"11","H8":"11","FH":"11","7M":"11","GF":"11","9M":"11","H7":"11","H9":"11","CJ":"11","CM":"11","J8":"11","FG":"11","CH":"11","GG":"11","FJ":"11","9J":"11"},"6J":{"RM":"11","HR":"11","VP":"11","JQ":"11","QQ":"11","JR":"11","RP":"11","VJ":"11","MQ":"11","PQ":"11","QP":"11","MR":"11","GR":"11","FR":"11","CR":"11","PP":"11","WM":"11","VM":"11","WJ":"11"},"G9":{"37":"11","66":"11","75":"11","38":"11","93":"11","47":"11","F3":"11","74":"11","28":"11","57":"11","65":"11","46":"11","C3":"11","H2":"11","C4":"11","85":"11","84":"11","27":"11","F2":"11","94":"11","G2":"11","56":"11"},"7H":{"9W":"11","GR":"11","9X":"11","GP":"11","CW":"11","CV":"11","FQ":"11","8X":"11","GQ":"11","FV":"11","FR":"11"},"H8":{"5C":"11","6F":"11","5G":"11","87":"11","C5":"11","5F":"11","78":"11","88":"11","3G":"11","97":"11","7C":"11","G2":"11","F5":"11","2M":"11","4G":"11","96":"11","3H":"11","F3":"11","3J":"11","H2":"11","G4":"11","H3":"11","69":"11","G3":"11","C6":"11","2H":"11","79":"11","4H":"11","F4":"11","2J":"11","4F":"11","6C":"11"},"H5":{"MH":"11","JJ":"11","JM":"11","JH":"11","HM":"11","HJ":"11"},"98":{"WJ":"11","RH":"11","VH":"11","VJ":"11","RJ":"11"},"F9":{"W9":"11","R9":"11","RC":"11","X8":"11","JC":"11","W8":"11","V8":"11","3H":"11","V9":"11","Q9":"11","5H":"11","QC":"11","4H":"11","PC":"11","MC":"11"},"6Q":{"M8":"11","PF":"11","H4":"11","M5":"11","M6":"11","P8":"11","P9":"11","J3":"11","H2":"11","J5":"11","P7":"11","J2":"11","H3":"11","J6":"11","M7":"11","PC":"11","J4":"11"},"8F":{"V4":"11","R4":"11","V5":"11","R8":"11","Q8":"11","Q7":"11","W2":"11","PM":"11","QH":"11","PH":"11","JW":"11","QC":"11","R6":"11","QM":"11","PF":"11","MW":"11","R5":"11","V2":"11","PQ":"11","PR":"11","MV":"11","QF":"11","R3":"11","PJ":"11","QG":"11","PP":"11","PG":"11","JX":"11","Q9":"11","R7":"11","MR":"11","V3":"11","QJ":"11"},"M3":{"42":"11","33":"11","27":"11","28":"11","26":"11","43":"11","35":"11","36":"11","34":"11"}},"RX":{"J2":{"PH":"11"},"76":{"XH":"11"}},"QW":{"QV":{"63":"11","33":"11","72":"11","62":"11","53":"11","23":"11","82":"11"},"RC":{"RM":"11","QJ":"11","7G":"11","6H":"11","HJ":"11","RJ":"11","3X":"11","8G":"11","4W":"11","6G":"11","GH":"11","HH":"11","4X":"11"},"RF":{"22":"11","32":"11","23":"11"},"JF":{"VP":"11","WH":"11","VJ":"11","WP":"11","WQ":"11","WM":"11","VH":"11","WJ":"11"},"WP":{"G9":"11","H4":"11","FP":"11","H6":"11","GC":"11","FQ":"11","GJ":"11","G8":"11","FW":"11","GP":"11","FM":"11","FR":"11","GF":"11","FV":"11","H2":"11","H7":"11","G4":"11","G6":"11","H3":"11","GH":"11","GM":"11","G5":"11","G3":"11","H5":"11","CX":"11","FX":"11","GG":"11","G7":"11"},"QR":{"8W":"11","FQ":"11","CV":"11","7X":"11","FR":"11","9W":"11","9X":"11","8X":"11","9V":"11"},"R8":{"GW":"11","FX":"11","FW":"11","GV":"11","GX":"11","FV":"11"},"WQ":{"4X":"11","7P":"11","7J":"11","6P":"11","5W":"11","96":"11","99":"11","5X":"11","C2":"11","4W":"11","6M":"11","7M":"11","C5":"11","C6":"11","C3":"11","9C":"11","8H":"11","5R":"11","8C":"11","8G":"11","7H":"11","98":"11","6Q":"11","C4":"11","8F":"11","97":"11","5V":"11","6R":"11","F2":"11"},"MF":{"64":"11","72":"11"},"JW":{"V6":"11","R5":"11","R3":"11","V8":"11","V7":"11","Q4":"11","R6":"11","R7":"11","R4":"11","Q3":"11"},"WH":{"9G":"11","9M":"11","78":"11","75":"11","77":"11","CR":"11","CV":"11","9J":"11","CP":"11","74":"11","CX":"11","FX":"11","CW":"11","88":"11","8H":"11","64":"11","CQ":"11","9Q":"11","76":"11","8C":"11","9P":"11","89":"11","8G":"11","9H":"11","8F":"11","62":"11","79":"11"},"WF":{"2W":"11","2X":"11","2V":"11"},"W9":{"34":"11","33":"11","24":"11","23":"11"},"VR":{"4X":"11","6W":"11","X7":"11","RC":"11","W8":"11","5W":"11","5X":"11","X6":"11","MF":"11","QC":"11","HJ":"11","V8":"11","PF":"11","PC":"11","MG":"11","GJ":"11","JG":"11","JH":"11","V9":"11","FJ":"11","R9":"11","HH":"11","MC":"11","W7":"11"},"VF":{"XW":"11","H4":"11","VF":"11","R9":"11","RC":"11","XQ":"11","WH":"11","VJ":"11","RF":"11","XR":"11","WP":"11","VG":"11","WQ":"11","WM":"11","XV":"11","XP":"11","VH":"11","WJ":"11"},"WM":{"G9":"11","HR":"11","HX":"11","HC":"11","HG":"11","GC":"11","HQ":"11","HJ":"11","GJ":"11","G8":"11","HP":"11","GR":"11","GP":"11","HF":"11","GF":"11","GM":"11","GH":"11","GQ":"11","HM":"11","HH":"11","GG":"11"},"V8":{"HX":"11","FQ":"11","8M":"11","CV":"11","GW":"11","JX":"11","FW":"11","7M":"11","CQ":"11","CW":"11","FR":"11","CR":"11","9P":"11","FV":"11","9M":"11","7H":"11","GX":"11","8P":"11","7J":"11","CX":"11","CP":"11","FX":"11"},"MW":{"XV":"11"},"WR":{"34":"11","33":"11","24":"11","42":"11","25":"11","43":"11","32":"11","26":"11"},"P9":{"4X":"11","FR":"11","RJ":"11","6W":"11","MM":"11","GH":"11","5W":"11","8V":"11","HM":"11","5X":"11","7W":"11","CR":"11","7R":"11","HJ":"11","GM":"11","7V":"11","GQ":"11","FM":"11","6X":"11","JM":"11","CQ":"11","9Q":"11","JJ":"11","FP":"11","GJ":"11","FQ":"11","9R":"11","VJ":"11","8R":"11","GP":"11","HH":"11","RM":"11","VM":"11"},"PC":{"42":"11","22":"11","32":"11","23":"11"},"PR":{"3C":"11","2C":"11","2F":"11","29":"11"},"JV":{"C4":"11","H4":"11","J9":"11","H6":"11","JC":"11","JF":"11","H8":"11","JH":"11","F5":"11","H7":"11","G4":"11","G6":"11","J6":"11","H9":"11","G5":"11","H5":"11","JG":"11","84":"11","J8":"11","J7":"11","83":"11","F4":"11"},"X9":{"34":"11","44":"11","35":"11","33":"11","36":"11","42":"11","43":"11","32":"11","26":"11"},"QF":{"X4":"11","W4":"11"},"X8":{"VR":"11","GJ":"11","3X":"11","RR":"11","HJ":"11","QP":"11"},"VV":{"33":"11","42":"11","32":"11","23":"11"},"RV":{"R8":"11","R9":"11","M5":"11|3","Q7":"11","W8":"11","V8":"11","Q8":"11","W7":"11","P7":"11","Q9":"11","V7":"11"},"WG":{"37":"11","5H":"11","5J":"11","6V":"11","6W":"11","32":"11","5G":"11","38":"11","36":"11","47":"11","5Q":"11","4H":"11","34":"11","22":"11","5P":"11","23":"11","6X":"11","35":"11","48":"11","5M":"11","33":"11","5R":"11","4G":"11","49":"11","6Q":"11","24":"11","6R":"11","4C":"11","4F":"11"},"V9":{"P2":"11","V3":"11","V4":"11","Q3":"11","P4":"11","Q4":"11","M2":"11","G2":"11","W3":"11","J3":"11","W4":"11","H2":"11","Q2":"11","J2":"11","H3":"11","M3":"11","R3":"11","X3":"11","P3":"11","F2":"11","X4":"11","R4":"11"},"Q9":{"5G":"11","WF":"11","7G":"11","6H":"11","FH":"11","8H":"11","9H":"11","8G":"11","4G":"11","3H":"11","7H":"11","3J":"11","9G":"11","CG":"11","6G":"11","WC":"11","XC":"11","XF":"11","2H":"11","FG":"11","4H":"11","CH":"11","GG":"11","2J":"11"},"MX":{"4W":"11","4V":"11","4X":"11"},"R9":{"2F":"11","4C":"11","87":"11","77":"11","G2":"11","49":"11","F3":"11","86":"11","39":"11","2C":"11","F2":"11","3C":"11"},"WJ":{"F9":"11","F5":"11","C2":"11","F7":"11","F4":"11","FC":"11","F3":"11","F8":"11","F2":"11","F6":"11"},"MR":{"XC":"11","5J":"11","5H":"11","6J":"11","6H":"11","4J":"11","3H":"11","4H":"11","3G":"11"},"MC":{"V3":"11","V4":"11","8W":"11","GC":"11","7X":"11","W3":"11","W4":"11","7W":"11","R3":"11","8X":"11","X3":"11","X4":"11"},"JR":{"FR":"11","9G":"11","7G":"11","FG":"11","CM":"11","FH":"11","FV":"11","CH":"11","CR":"11","CV":"11","CP":"11","9X":"11","CX":"11","CW":"11","CQ":"11","8G":"11","FQ":"11","9W":"11","9H":"11","8F":"11","CG":"11"},"VC":{"9Q":"11","6J":"11","5J":"11","7M":"11","9R":"11","8Q":"11","7P":"11","8P":"11","5M":"11","6M":"11"}},"XV":{"J7":{"XP":"11","XM":"11"},"G9":{"G6":"11","H5":"11","M4":"11","H6":"11","J4":"11","G5":"11","J5":"11"},"Q7":{"23":"11"},"M7":{"2M":"11","2P":"11"},"P7":{"R5":"11","P6":"11","R6":"11","V6":"11","Q5":"11","Q6":"11","W4":"11","V5":"11","X3":"11","P5":"11","W5":"11","X4":"11"}}}}