{"index":{"university,1|retail,2|tourism,3|wreck,4|historical,5|artsCulture,6|namedBuilding,7|water,8|wetland,9|park,10|beach,11|natureReserve,12|cemetery,13|trail,14":{}},"4G":{"R5":{"2H":{"C8":"11","87":"11","9F":"11","88":"11","9C":"11","97":"11","73":"11","82":"11","96":"11","72":"11","9G":"11","89":"11","86":"11","85":"11","95":"11","84":"11","C9":"11","83":"11","99":"11","98":"11","94":"11"},"2G":{"6X":"11","7M":"11","7P":"11","7W":"11","6P":"11","7X":"11","6M":"11","8X":"11","6W":"11"}},"Q3":{"QW":{"7Q":"11","7P":"11","6Q":"11","6P":"11","6R":"11","5M":"11","7R":"11","5P":"11","5Q":"11"},"H8":{"FQ":"11"},"JV":{"XJ":"11","XM":"11"},"JC":{"HG":"11"},"MV":{"4P":"11","5J":"11","2M":"11","3J":"11","5H":"11","3M":"11","5M":"11","4H":"11","4M":"11","4J":"11","2J":"11"},"JM":{"6F":"11","5Q":"11","5V":"11","78":"11","6H":"11","7C":"11","69":"11","5R":"11","5H":"11","6G":"11","4Q":"11","5P":"11","5M":"11","79":"11","6C":"11"},"QX":{"QW":"11","MP":"11","PV":"11","MM":"11","JF":"11","J9":"11","QX":"11","HG":"11","PX":"11","PQ":"11","PR":"11","JM":"11","JJ":"11","HF":"11","JG":"11","MV":"11","G9":"11","JH":"11","HC":"11","PP":"11","H9":"11","H8":"11","PW":"11","JC":"11","MQ":"11","MR":"11","MJ":"11","MH":"11"},"MW":{"XV":"11","XR":"11"},"PW":{"2R":"11","86":"11","2V":"11","76":"11"}},"VF":{"W3":{"37":"11","9G":"11","7G":"11","7C":"11","MP":"11","6C":"11","38":"11","CH":"11","26":"11","28":"11","5C":"11","59":"11","7F":"11","PQ":"11","8H":"11","FP":"11","JP":"11","6F":"11","8G":"11","JQ":"11","9H":"11","PP":"11","69":"11","8F":"11","27":"11","MQ":"11","GP":"11","79":"11"},"V2":{"VX":"11","PM":"11","QJ":"11","PJ":"11","WX":"11","MM":"11","MJ":"11"},"X4":{"99":"11","96":"11","64":"11","44":"11","87":"11","86":"11","77":"11","54":"11","C8":"11","76":"11","55":"11","98":"11","C9":"11"},"V3":{"W2":"11","W3":"11","V2":"11"}},"WF":{"MX":{"J9":"11","JC":"11","H8":"11","G8":"11","F8":"11","F7":"11","M9":"11","H7":"11","J6":"11","H9":"11","J8":"11","J7":"11","MC":"11"},"GP":{"PQ":"11","RX":"11","MQ":"11","PM":"11","JM":"11","PP":"11","RW":"11","MP":"11","MM":"11"},"9G":{"28":"11","3C":"11","2C":"11","29":"11"},"9H":{"M8":"11","PF":"11","H4":"11","H6":"11","G2":"11","M9":"11","J5":"11","G4":"11","J6":"11","G3":"11","H5":"11","J8":"11","PC":"11","J7":"11","MC":"11"},"69":{"J2":"11","J3":"11","H3":"11"},"8G":{"X9":"11","V4":"11","V5":"11","X8":"11","W5":"11","W4":"11"},"35":{"2R":"11","2W":"11","3W":"11","2Q":"11","2P":"11","3R":"11","2X":"11","2M":"11","3X":"11","2V":"11","3V":"11","3M":"11"},"24":{"6X":"11","7X":"11","6W":"11"},"36":{"96":"11","88":"11","C6":"11","87":"11","77":"11","78":"11","98":"11","97":"11","32":"11"},"8C":{"28":"11","29":"11"},"25":{"62":"11","XJ":"11","92":"11","93":"11","82":"11","WM":"11","72":"11","XP":"11","XM":"11","WJ":"11"},"7C":{"V6":"11","V7":"11","W7":"11","R6":"11","X8":"11","W8":"11"},"58":{"C3":"11","RG":"11","VJ":"11","RF":"11","C2":"11","VG":"11","RJ":"11","QF":"11","F3":"11","VH":"11","QC":"11","RH":"11","F2":"11"}},"R8":{"9W":{"X2":"11"},"7G":{"2W":"11","2X":"11","2V":"11"},"8M":{"5C":"11","6F":"11","5G":"11","8J":"11","5F":"11","8M":"11","7G":"11","6H":"11","8H":"11","9M":"11","7H":"11","6G":"11","7J":"11","9J":"11"},"85":{"23":"11","38":"11","33":"11","32":"11","27":"11","29":"11","28":"11","26":"11","35":"11","37":"11","25":"11","24":"11","36":"11","22":"11","2C":"11","34":"11"},"84":{"37":"11","44":"11","3X":"11","2P":"11","68":"11","66":"11","54":"11","3W":"11","32":"11","38":"11","2J":"11","67":"11","36":"11","47":"11","2M":"11","52":"11","3P":"11","26":"11","2H":"11","3V":"11","34":"11","58":"11","43":"11","22":"11","25":"11","39":"11","2C":"11","23":"11","35":"11","48":"11","28":"11","57":"11","65":"11","59":"11","46":"11","33":"11","2X":"11","2G":"11","64":"11","2V":"11","3G":"11","3Q":"11","3M":"11","29":"11","2W":"11","3C":"11","55":"11","63":"11","49":"11","2R":"11","42":"11","24":"11","45":"11","3J":"11","4C":"11","27":"11","53":"11","3H":"11","2Q":"11","62":"11","3R":"11","2F":"11","56":"11","4F":"11","3F":"11"},"83":{"4X":"11","37":"11","44":"11","5H":"11","6V":"11","5J":"11","7P":"11","6W":"11","3X":"11","4R":"11","2P":"11","68":"11","66":"11","6P":"11","5W":"11","6C":"11","54":"11","3W":"11","32":"11","5G":"11","5X":"11","38":"11","2J":"11","67":"11","36":"11","47":"11","2M":"11","52":"11","5Q":"11","3P":"11","26":"11","4H":"11","2H":"11","3V":"11","34":"11","4W":"11","58":"11","7M":"11","6M":"11","43":"11","22":"11","25":"11","5P":"11","39":"11","2C":"11","23":"11","6X":"11","35":"11","48":"11","28":"11","57":"11","5M":"11","65":"11","5C":"11","59":"11","46":"11","33":"11","2X":"11","2G":"11","4Q":"11","64":"11","5R":"11","6H":"11","2V":"11","4M":"11","6F":"11","3G":"11","6J":"11","4G":"11","3Q":"11","3M":"11","29":"11","2W":"11","3C":"11","4V":"11","55":"11","63":"11","6G":"11","49":"11","2R":"11","4J":"11","69":"11","42":"11","6Q":"11","4P":"11","24":"11","45":"11","5V":"11","3J":"11","6R":"11","4C":"11","27":"11","53":"11","3H":"11","2Q":"11","62":"11","3R":"11","5F":"11","2F":"11","56":"11","4F":"11","3F":"11"},"69":{"V3":"11","QX":"11","W2":"11","Q3":"11","Q6":"11","R7":"11","W6":"11","QQ":"11","RW":"11","R2":"11","RV":"11","RF":"11","V9":"11","RQ":"11","X5":"11","V6":"11","Q2":"11","QV":"11","VG":"11","X2":"11","VJ":"11","QR":"11","R3":"11","RR":"11","R8":"11","W9":"11","VH":"11","V2":"11","VF":"11","RH":"11","Q4":"11","R5":"11","V5":"11","Q7":"11","RM":"11","V4":"11","RC":"11","VC":"11","W7":"11","QP":"11","V8":"11","RX":"11","Q5":"11","QW":"11","RP":"11","R4":"11","RJ":"11","X6":"11","X3":"11","V7":"11","W8":"11","R9":"11","W4":"11","W5":"11","WC":"11","W3":"11","R6":"11","X4":"11","RG":"11"},"68":{"X8":"11","V3":"11","QX":"11","QJ":"11","W2":"11","Q3":"11","MF":"11","VX":"11","WP":"11","MH":"11","WG":"11","X9":"11","VR":"11","P8":"11","PQ":"11","WF":"11","Q6":"11","P3":"11","R7":"11","W6":"11","M8":"11","XW":"11","QQ":"11","PF":"11","QF":"11","XP":"11","PR":"11","PJ":"11","VM":"11","Q8":"11","WJ":"11","RW":"11","P5":"11","R2":"11","JG":"11","RV":"11","MR":"11","RF":"11","V9":"11","XV":"11","RQ":"11","V6":"11","X5":"11","MG":"11","Q2":"11","QV":"11","PH":"11","WQ":"11","VG":"11","PC":"11","WX":"11","X2":"11","WW":"11","M6":"11","MQ":"11","VJ":"11","QR":"11","R3":"11","P2":"11","RR":"11","P9":"11","MM":"11","PV":"11","VP":"11","R8":"11","Q9":"11","VW":"11","QG":"11","PM":"11","W9":"11","V2":"11","VH":"11","VQ":"11","VF":"11","RH":"11","Q4":"11","R5":"11","V5":"11","XH":"11","JF":"11","PX":"11","P7":"11","PG":"11","M7":"11","Q7":"11","XG":"11","RM":"11","V4":"11","RC":"11","QM":"11","VC":"11","W7":"11","XJ":"11","PP":"11","QP":"11","P6":"11","V8":"11","XM":"11","RX":"11","M9":"11","Q5":"11","QW":"11","XR":"11","QH":"11","QC":"11","WH":"11","RP":"11","R4":"11","RJ":"11","X6":"11","M4":"11","XX":"11","MP":"11","WM":"11","X3":"11","XF":"11","V7":"11","WR":"11","W8":"11","MJ":"11","XQ":"11","X7":"11","R9":"11","W4":"11","XC":"11","JC":"11","PW":"11","W5":"11","VV":"11","WC":"11","M5":"11","MC":"11","W3":"11","WV":"11","P4":"11","R6":"11","X4":"11","RG":"11"},"CX":{"J8":"11","F4":"11","M8":"11","GF":"11","GC":"11","G8":"11","MP":"11","MM":"11","J7":"11","HW":"11","JF":"11","H7":"11","HM":"11","J9":"11","C2":"11","MF":"11","JW":"11","HG":"11","PX":"11","HJ":"11","F3":"11","HP":"11","G5":"11","MW":"11","C3":"11","G4":"11","JM":"11","JV":"11","HV":"11","JJ":"11","JP":"11","HF":"11","JG":"11","G3":"11","MV":"11","G9":"11","G7":"11","H4":"11","JH":"11","HC":"11","JQ":"11","HR":"11","H9":"11","H8":"11","JX":"11","HQ":"11","H5":"11","MX":"11","M9":"11","HX":"11","JC":"11","F5":"11","MQ":"11","HH":"11","F2":"11","MR":"11","G6":"11","H6":"11","MC":"11","G2":"11","JR":"11"},"CW":{"8M":"11","FR":"11","9M":"11","9G":"11","GX":"11","7G":"11","7C":"11","7J":"11","CM":"11","8P":"11","9V":"11","FV":"11","FW":"11","CR":"11","CV":"11","9J":"11","CP":"11","GW":"11","CX":"11","FX":"11","7F":"11","8J":"11","9C":"11","CW":"11","8H":"11","9F":"11","CQ":"11","9Q":"11","8C":"11","9P":"11","6F":"11","8G":"11","FQ":"11","9R":"11","7H":"11","9H":"11","6G":"11","8F":"11","CJ":"11","79":"11"},"6H":{"X2":"11"},"73":{"X8":"11","V3":"11","W2":"11","VX":"11","WP":"11","WG":"11","X9":"11","VR":"11","WF":"11","W6":"11","XW":"11","XP":"11","VM":"11","WJ":"11","RW":"11","RV":"11","V9":"11","XV":"11","RQ":"11","V6":"11","X5":"11","WQ":"11","VG":"11","WX":"11","X2":"11","WW":"11","VJ":"11","RR":"11","VP":"11","VW":"11","VH":"11","VQ":"11","V2":"11","W9":"11","VF":"11","V5":"11","XH":"11","RM":"11","XG":"11","V4":"11","VC":"11","W7":"11","XJ":"11","V8":"11","XM":"11","RX":"11","XR":"11","WH":"11","RP":"11","X6":"11","XX":"11","WM":"11","X3":"11","XF":"11","V7":"11","WR":"11","W8":"11","XQ":"11","X7":"11","W4":"11","XC":"11","VV":"11","W5":"11","WC":"11","W3":"11","WV":"11","X4":"11"},"6G":{"XR":"11","Q5":"11","P2":"11","WP":"11","R8":"11","WQ":"11","Q4":"11","WH":"11","WF":"11","Q2":"11","XP":"11","VG":"11","VF":"11","XQ":"11","WM":"11","V8":"11","R6":"11","XM":"11","R5":"11","XW":"11","Q3":"11","XX":"11","WG":"11","V9":"11","R7":"11","R9":"11","XV":"11","WJ":"11","VC":"11"},"77":{"95":"11","53":"11","56":"11","8H":"11","F6":"11","8F":"11","6X":"11","43":"11","6G":"11","69":"11","4G":"11","7X":"11","7W":"11","3V":"11","79":"11","78":"11","5W":"11","47":"11","28":"11","H4":"11","3Q":"11","C3":"11","2P":"11","42":"11","2F":"11","6V":"11","64":"11","89":"11","74":"11","5P":"11","7H":"11","63":"11","7G":"11","2R":"11","8M":"11","77":"11","4H":"11","85":"11","44":"11","H2":"11","F3":"11","24":"11","2M":"11","23":"11","5V":"11","3X":"11","6F":"11","6M":"11","36":"11","7R":"11","H3":"11","7F":"11","55":"11","C7":"11","C5":"11","C6":"11","5Q":"11","F5":"11","7Q":"11","3P":"11","5J":"11","9F":"11","3F":"11","25":"11","F4":"11","7C":"11","2V":"11","86":"11","33":"11","6R":"11","82":"11","G4":"11","92":"11","38":"11","4X":"11","5G":"11","39":"11","34":"11","7M":"11","3H":"11","7V":"11","29":"11","8G":"11","6P":"11","27":"11","6C":"11","8C":"11","4M":"11","C2":"11","4R":"11","35":"11","5M":"11","84":"11","F2":"11","76":"11","3G":"11","62":"11","4Q":"11","8J":"11","5C":"11","9G":"11","26":"11","83":"11","4F":"11","3J":"11","2W":"11","72":"11","7J":"11","67":"11","C4":"11","37":"11","G5":"11","66":"11","7P":"11","G3":"11","6W":"11","4J":"11","6J":"11","H5":"11","2C":"11","88":"11","3M":"11","49":"11","94":"11","52":"11","65":"11","96":"11","6Q":"11","93":"11","3R":"11","75":"11","3W":"11","68":"11","46":"11","4C":"11","59":"11","57":"11","48":"11","2G":"11","3C":"11","45":"11","2J":"11","54":"11","58":"11","87":"11","73":"11","5R":"11","2Q":"11","5H":"11","2X":"11","5X":"11","G2":"11","4P":"11","4V":"11","2H":"11","6H":"11","4W":"11","97":"11","32":"11","5F":"11"},"7J":{"J8":"11","M8":"11","M7":"11","RJ":"11","P6":"11","RC":"11","J7":"11","RF":"11","M5":"11","JF":"11","Q8":"11","Q7":"11","J9":"11","J2":"11","QH":"11","PH":"11","MF":"11","J4":"11","P8":"11","QC":"11","RH":"11","M6":"11","M4":"11","P5":"11","PF":"11","M2":"11","P9":"11","RG":"11","PC":"11","Q6":"11","H2":"11","J3":"11","MG":"11","JG":"11","QF":"11","P7":"11","H4":"11","QG":"11","PG":"11","VH":"11","H5":"11","Q9":"11","VJ":"11","H3":"11","M9":"11","R9":"11","JC":"11","J6":"11","RM":"11","MC":"11","M3":"11","QJ":"11","MH":"11","J5":"11"},"78":{"44":"11","54":"11","32":"11","52":"11","26":"11","34":"11","43":"11","22":"11","25":"11","74":"11","73":"11","2C":"11","23":"11","35":"11","28":"11","65":"11","33":"11","2X":"11","64":"11","2V":"11","29":"11","2W":"11","55":"11","63":"11","42":"11","72":"11","24":"11","45":"11","27":"11","53":"11","62":"11"},"72":{"X8":"11","V3":"11","W2":"11","VX":"11","WP":"11","WG":"11","X9":"11","VR":"11","WF":"11","W6":"11","XW":"11","XP":"11","VM":"11","WJ":"11","V9":"11","XV":"11","V6":"11","X5":"11","WQ":"11","VG":"11","WX":"11","X2":"11","WW":"11","VJ":"11","VP":"11","VW":"11","VH":"11","VQ":"11","V2":"11","W9":"11","VF":"11","V5":"11","XH":"11","XG":"11","V4":"11","VC":"11","W7":"11","XJ":"11","V8":"11","XM":"11","XR":"11","WH":"11","X6":"11","XX":"11","WM":"11","X3":"11","XF":"11","V7":"11","WR":"11","W8":"11","XQ":"11","X7":"11","W4":"11","XC":"11","VV":"11","W5":"11","WC":"11","W3":"11","WV":"11","X4":"11"},"79":{"22":"11","23":"11"},"7H":{"5C":"11","23":"11","6F":"11","48":"11","HR":"11","59":"11","FP":"11","HX":"11","33":"11","FQ":"11","32":"11","7G":"11","JW":"11","JX":"11","GR":"11","HV":"11","8H":"11","9H":"11","46":"11","8G":"11","9M":"11","35":"11","57":"11","47":"11","7F":"11","GV":"11","24":"11","69":"11","45":"11","CJ":"11","GQ":"11","22":"11","36":"11","HW":"11","CM":"11","34":"11","58":"11","CP":"11","6C":"11","9J":"11"},"76":{"8J":"11","6P":"11","8P":"11","H7":"11","4X":"11","9R":"11","C6":"11","FR":"11","C2":"11","7G":"11","8W":"11","6G":"11","6H":"11","CV":"11","HP":"11","G4":"11","M8":"11","R3":"11","CF":"11","M2":"11","8H":"11","GF":"11","JC":"11","P3":"11","JJ":"11","G8":"11","GV":"11","Q6":"11","G9":"11","F5":"11","H4":"11","86":"11","MF":"11","GQ":"11","97":"11","8M":"11","HF":"11","H9":"11","P2":"11","FV":"11","CC":"11","CJ":"11","CR":"11","FP":"11","7Q":"11","H8":"11","9V":"11","GW":"11","Q5":"11","MM":"11","8X":"11","MC":"11","96":"11","P9":"11","M4":"11","9Q":"11","9X":"11","CX":"11","7V":"11","F8":"11","CH":"11","M9":"11","J9":"11","PH":"11","C4":"11","JH":"11","88":"11","99":"11","5Q":"11","MJ":"11","G5":"11","GJ":"11","PF":"11","9P":"11","5P":"11","JF":"11","JM":"11","7R":"11","6R":"11","FJ":"11","CP":"11","M5":"11","JR":"11","J4":"11","HQ":"11","J7":"11","9F":"11","8Q":"11","GX":"11","95":"11","7C":"11","7P":"11","6W":"11","7J":"11","J8":"11","5V":"11","H5":"11","F9":"11","H3":"11","HM":"11","FX":"11","P7":"11","Q3":"11","HC":"11","3X":"11","HW":"11","F7":"11","V2":"11","HV":"11","JQ":"11","JW":"11","9H":"11","8V":"11","HG":"11","CG":"11","Q2":"11","PG":"11","F6":"11","JP":"11","7W":"11","7M":"11","PM":"11","J2":"11","6V":"11","7H":"11","G2":"11","HX":"11","JV":"11","FM":"11","GC":"11","PC":"11","4V":"11","8R":"11","9M":"11","85":"11","H2":"11","MH":"11","M7":"11","92":"11","9W":"11","JG":"11","C7":"11","G6":"11","FF":"11","CW":"11","H6":"11","5M":"11","M3":"11","R2":"11","5R":"11","6J":"11","F4":"11","C3":"11","C9":"11","P4":"11","FQ":"11","FC":"11","HR":"11","FG":"11","79":"11","8C":"11","6M":"11","GG":"11","V3":"11","94":"11","G7":"11","4Q":"11","89":"11","C5":"11","4R":"11","P8":"11","CQ":"11","8G":"11","98":"11","87":"11","J3":"11","C8":"11","5J":"11","5W":"11","7X":"11","9C":"11","4W":"11","MG":"11","9G":"11","MP":"11","J5":"11","GH":"11","5X":"11","6Q":"11","HH":"11","8F":"11","6X":"11","GM":"11","7F":"11","FH":"11","F2":"11","PJ":"11","M6":"11","Q4":"11","HJ":"11","GR":"11","93":"11","CM":"11","F3":"11","J6":"11","9J":"11","FW":"11","P6":"11","GP":"11","G3":"11","P5":"11"},"75":{"V6":"11","H7":"11","R7":"11","FR":"11","MW":"11","PV":"11","CV":"11","HP":"11","XQ":"11","VF":"11","VP":"11","RW":"11","RM":"11","M8":"11","R3":"11","M2":"11","RP":"11","GF":"11","JC":"11","QW":"11","P3":"11","X5":"11","JJ":"11","XR":"11","GV":"11","Q6":"11","W3":"11","RH":"11","QJ":"11","QF":"11","MF":"11","GQ":"11","HF":"11","H9":"11","WH":"11","QV":"11","P2":"11","FV":"11","R6":"11","PQ":"11","W7":"11","QX":"11","WV":"11","FP":"11","X2":"11","XP":"11","H8":"11","GW":"11","JX":"11","WP":"11","Q5":"11","MM":"11","MX":"11","MC":"11","P9":"11","R9":"11","WC":"11","VR":"11","M4":"11","CX":"11","VW":"11","PR":"11","VX":"11","RF":"11","M9":"11","J9":"11","PW":"11","PH":"11","X7":"11","JH":"11","MJ":"11","GJ":"11","PF":"11","V7":"11","Q9":"11","JF":"11","JM":"11","V9":"11","W4":"11","WQ":"11","FJ":"11","M5":"11","X8":"11","JR":"11","J4":"11","HQ":"11","J7":"11","VH":"11","PX":"11","GX":"11","WF":"11","MR":"11","Q8":"11","J8":"11","PP":"11","XM":"11","QR":"11","HM":"11","FX":"11","P7":"11","V4":"11","Q3":"11","HC":"11","HW":"11","X6":"11","Q7":"11","V2":"11","HV":"11","JQ":"11","QH":"11","JW":"11","HG":"11","Q2":"11","VG":"11","PG":"11","XF":"11","JP":"11","W5":"11","RC":"11","V5":"11","PM":"11","RG":"11","J2":"11","V8":"11","RX":"11","X4":"11","QP":"11","HX":"11","JV":"11","R4":"11","FM":"11","MV":"11","QG":"11","X9":"11","MQ":"11","GC":"11","PC":"11","MH":"11","M7":"11","W6":"11","VJ":"11","WJ":"11","WX":"11","JG":"11","CW":"11","H6":"11","WR":"11","QM":"11","M3":"11","X3":"11","R2":"11","W2":"11","XJ":"11","P4":"11","FQ":"11","RQ":"11","HR":"11","QC":"11","VQ":"11","GG":"11","V3":"11","R8":"11","RJ":"11","XC":"11","RR":"11","WW":"11","P8":"11","WG":"11","QQ":"11","J3":"11","XG":"11","W9":"11","MG":"11","R5":"11","RV":"11","MP":"11","J5":"11","GH":"11","HH":"11","WM":"11","VV":"11","W8":"11","VM":"11","GM":"11","VC":"11","PJ":"11","M6":"11","Q4":"11","HJ":"11","GR":"11","J6":"11","XH":"11","FW":"11","P6":"11","GP":"11","P5":"11"},"6F":{"J8":"11","M8":"11","M7":"11","G8":"11","MP":"11","P6":"11","PV":"11","Q5":"11","MM":"11","J7":"11","RC":"11","RF":"11","P2":"11","M5":"11","JF":"11","R8":"11","P3":"11","Q8":"11","H7":"11","Q7":"11","J9":"11","PM":"11","J2":"11","QH":"11","Q4":"11","PH":"11","MF":"11","J4":"11","P8":"11","HG":"11","PX":"11","QC":"11","M6":"11","M4":"11","R6":"11","P5":"11","PF":"11","MW":"11","M2":"11","P9":"11","RG":"11","PC":"11","PQ":"11","Q6":"11","PR":"11","J3":"11","H2":"11","JJ":"11","MG":"11","HF":"11","MV":"11","JG":"11","QF":"11","P7":"11","G9":"11","G7":"11","JH":"11","H4":"11","HC":"11","PJ":"11","QG":"11","P4":"11","PP":"11","PG":"11","H9":"11","H8":"11","PW":"11","H5":"11","Q9":"11","MX":"11","H3":"11","M9":"11","R7":"11","R9":"11","JC":"11","MQ":"11","J6":"11","MJ":"11","MR":"11","H6":"11","MC":"11","M3":"11","J5":"11","MH":"11"},"9V":{"QR":"11"},"82":{"2R":"11","58":"11","44":"11","62":"11","64":"11","2M":"11","2P":"11","5W":"11","4G":"11","5C":"11","3V":"11","42":"11","25":"11","5G":"11","32":"11","38":"11","5P":"11","2X":"11","56":"11","59":"11","5V":"11","5X":"11","36":"11","4J":"11","55":"11","4P":"11","6P":"11","49":"11","4X":"11","3X":"11","4Q":"11","2H":"11","27":"11","5Q":"11","33":"11","3G":"11","4M":"11","35":"11","67":"11","3F":"11","4R":"11","3J":"11","4F":"11","2Q":"11","48":"11","54":"11","6G":"11","4H":"11","4V":"11","3R":"11","6C":"11","5H":"11","3M":"11","4W":"11","3W":"11","43":"11","5J":"11","28":"11","52":"11","29":"11","66":"11","57":"11","63":"11","65":"11","47":"11","2V":"11","3P":"11","2C":"11","5F":"11","45":"11","34":"11","3C":"11","22":"11","24":"11","6F":"11","26":"11","5R":"11","5M":"11","53":"11","2F":"11","39":"11","6Q":"11","2J":"11","2G":"11","37":"11","46":"11","69":"11","23":"11","2W":"11","3H":"11","6H":"11","68":"11","3Q":"11","4C":"11"},"6C":{"Q3":"11","P8":"11","PQ":"11","Q6":"11","JW":"11","QF":"11","PF":"11","PR":"11","PJ":"11","Q8":"11","HW":"11","R2":"11","MR":"11","Q2":"11","PH":"11","PC":"11","MQ":"11","HX":"11","R3":"11","JV":"11","JQ":"11","P9":"11","MM":"11","PV":"11","Q9":"11","PM":"11","JX":"11","Q4":"11","R5":"11","P7":"11","PG":"11","Q7":"11","PP":"11","Q5":"11","MV":"11","QC":"11","R4":"11","JP":"11","MP":"11","MJ":"11","MX":"11","JR":"11","MW":"11"},"67":{"QW":"11","RX":"11","XR":"11","VW":"11","RJ":"11","X7":"11","XJ":"11","PV":"11","QV":"11","W8":"11","WC":"11","WP":"11","QR":"11","RP":"11","QQ":"11","RR":"11","WQ":"11","QX":"11","X6":"11","WH":"11","WF":"11","PX":"11","XH":"11","WW":"11","W9":"11","RH":"11","VR":"11","XP":"11","VF":"11","VG":"11","XQ":"11","XF":"11","WM":"11","QM":"11","XM":"11","WR":"11","WV":"11","XG":"11","PR":"11","RQ":"11","VQ":"11","XW":"11","X9":"11","X8":"11","XX":"11","RW":"11","RV":"11","VV":"11","WG":"11","PW":"11","VH":"11","VX":"11","VJ":"11","QP":"11","XV":"11","WJ":"11","WX":"11","RM":"11","VP":"11","XC":"11","VM":"11"},"74":{"X8":"11","V3":"11","QX":"11","QJ":"11","W2":"11","VX":"11","WP":"11","WG":"11","X9":"11","VR":"11","PQ":"11","WF":"11","Q6":"11","R7":"11","W6":"11","QQ":"11","XW":"11","PF":"11","QF":"11","XP":"11","PR":"11","PJ":"11","Q8":"11","VM":"11","WJ":"11","RW":"11","R2":"11","RV":"11","MR":"11","RF":"11","V9":"11","XV":"11","RQ":"11","V6":"11","X5":"11","QV":"11","PH":"11","WQ":"11","VG":"11","WX":"11","X2":"11","WW":"11","MQ":"11","VJ":"11","QR":"11","R3":"11","RR":"11","PV":"11","VP":"11","R8":"11","Q9":"11","VW":"11","QG":"11","PM":"11","W9":"11","V2":"11","VH":"11","VQ":"11","VF":"11","RH":"11","Q4":"11","R5":"11","V5":"11","XH":"11","PX":"11","PG":"11","Q7":"11","XG":"11","RM":"11","V4":"11","RC":"11","QM":"11","VC":"11","W7":"11","XJ":"11","PP":"11","QP":"11","V8":"11","XM":"11","RX":"11","Q5":"11","QW":"11","MV":"11","XR":"11","QH":"11","QC":"11","WH":"11","RP":"11","R4":"11","RJ":"11","X6":"11","XX":"11","WM":"11","X3":"11","XF":"11","V7":"11","WR":"11","W8":"11","XQ":"11","X7":"11","R9":"11","W4":"11","XC":"11","PW":"11","MX":"11","W5":"11","VV":"11","WC":"11","MW":"11","W3":"11","WV":"11","R6":"11","X4":"11","RG":"11"}},"R9":{"MC":{"RW":"11","JP":"11","PR":"11","PV":"11","PW":"11","MQ":"11","QX":"11","PQ":"11","RX":"11","MR":"11","PP":"11","QW":"11","JM":"11","MM":"11","QV":"11","MP":"11"},"G4":{"8W":"11","9X":"11","8V":"11","7W":"11","5R":"11","4R":"11","6R":"11","8X":"11","7V":"11","7R":"11","6V":"11"},"XW":{"G8":"11","F7":"11","F8":"11","G7":"11"},"J8":{"FR":"11","9G":"11","9M":"11","HW":"11","CM":"11","FV":"11","GV":"11","CH":"11","JW":"11","9J":"11","CP":"11","GQ":"11","GW":"11","FM":"11","GR":"11","MW":"11","8H":"11","CQ":"11","JV":"11","HV":"11","9P":"11","FP":"11","8G":"11","FQ":"11","9H":"11","HR":"11","JX":"11","HQ":"11","MX":"11","FJ":"11","HX":"11","CJ":"11","GP":"11","CG":"11"},"J9":{"P2":"11","R5":"11","Q3":"11","P4":"11","M2":"11","Q4":"11","R6":"11","Q7":"11","Q5":"11","Q6":"11","J2":"11","M3":"11","P5":"11","P3":"11"},"C2":{"WP":"11","WG":"11","H4":"11","Q6":"11","P3":"11","J5":"11","XP":"11","VM":"11","Q8":"11","WJ":"11","P5":"11","RF":"11","XV":"11","M3":"11","J2":"11","WQ":"11","VG":"11","M2":"11","M6":"11","VJ":"11","H3":"11","P2":"11","J3":"11","VP":"11","R8":"11","Q9":"11","VH":"11","VQ":"11","VF":"11","RH":"11","Q4":"11","P7":"11","Q7":"11","H2":"11","RC":"11","VC":"11","XJ":"11","P6":"11","XM":"11","Q5":"11","H5":"11","XR":"11","QC":"11","J4":"11","WH":"11","RJ":"11","M4":"11","WM":"11","WR":"11","XQ":"11","R9":"11","M5":"11","WV":"11","P4":"11","RG":"11"},"PF":{"2F":"11","2G":"11","9Q":"11","8M":"11","6J":"11","6H":"11","5J":"11","7M":"11","CQ":"11","9P":"11","3H":"11","3J":"11","8Q":"11","7P":"11","8P":"11","5H":"11","7J":"11","6M":"11","2C":"11","2H":"11","4H":"11","CP":"11","4J":"11"},"MF":{"V3":"11","R5":"11","V4":"11","W9":"11","X8":"11","R6":"11","V6":"11","X9":"11","R2":"11","W8":"11","V8":"11","W6":"11","W7":"11","Q2":"11","V5":"11","R3":"11","WC":"11","XC":"11","V7":"11","W5":"11","XF":"11","R4":"11"},"F3":{"83":"11","96":"11","99":"11","75":"11","87":"11","74":"11","73":"11","86":"11","9C":"11","88":"11","64":"11","76":"11","8C":"11","89":"11","63":"11","98":"11","72":"11","85":"11","97":"11","84":"11","94":"11","95":"11","62":"11"},"G5":{"93":"11","92":"11"},"F2":{"6X":"11","2Q":"11","2R":"11","7X":"11","4W":"11","5X":"11","5W":"11","3V":"11","4V":"11","6W":"11","3R":"11","5V":"11"},"RJ":{"6W":"11","5Q":"11","6V":"11","5V":"11","3P":"11","4R":"11","4P":"11","6R":"11","4V":"11","5W":"11","3J":"11","7V":"11","5R":"11","4Q":"11","5P":"11","3M":"11","5M":"11","4M":"11"}},"X7":{"9G":{"X7":"11"},"CG":{"37":"11","27":"11","38":"11"}},"5V":{"4R":{"VW":"11","VV":"11"},"4V":{"F6":"11"}},"Q4":{"WX":{"9G":"11","GX":"11","7G":"11","HW":"11","FH":"11","GV":"11","CH":"11","GM":"11","GQ":"11","GW":"11","FM":"11","GR":"11","7F":"11","9F":"11","HV":"11","FP":"11","8G":"11","FJ":"11","8F":"11","HX":"11","CJ":"11","GP":"11","CG":"11"},"R5":{"85":"11","84":"11","95":"11","94":"11","76":"11","75":"11"},"V4":{"WP":"11","P8":"11","M8":"11","87":"11","VM":"11","56":"11","36":"11","PH":"11","WQ":"11","HC":"11","88":"11","67":"11","P9":"11","VP":"11","QG":"11","98":"11","HF":"11","RH":"11","JF":"11","F9":"11","PG":"11","RM":"11","57":"11","66":"11","M9":"11","XR":"11","QH":"11","RJ":"11","C8":"11","WM":"11","XQ":"11","26":"11","GC":"11|7","C9":"11","JC":"11","99":"11","46":"11","77":"11","FC":"11","G9":"11|7"},"Q3":{"XW":"11","V3":"11","V4":"11","WW":"11","W4":"11","V5":"11","WV":"11","W5":"11"},"WW":{"M8":"11","Q3":"11","P6":"11","P4":"11","JF":"11","Q4":"11","JJ":"11","HQ":"11","HJ":"11","JH":"11","GW":"11","HP":"11","FW":"11","GR":"11","P8":"11","FV":"11","M9":"11","Q2":"11","P7":"11","GV":"11","GQ":"11","P5":"11","MF":"11","JG":"11","HM":"11","FX":"11","MC":"11"},"W9":{"VR":"11","WR":"11","WV":"11","WQ":"11","VQ":"11"},"XQ":{"CC":"11","C8":"11","9Q":"11","FH":"11","CF":"11","FF":"11","CW":"11","CQ":"11","CR":"11","9R":"11","FC":"11","F9":"11","9W":"11","CG":"11","CJ":"11","9X":"11","9V":"11","CM":"11","C9":"11","FG":"11","CH":"11","CP":"11","98":"11","FJ":"11"},"XJ":{"XC":"11","X9":"11","X7":"11","X6":"11","XF":"11","X8":"11"},"W4":{"2R":"11","3W":"11","4W":"11","2V":"11","3V":"11","4X":"11"},"W6":{"RM":"11","VP":"11","RG":"11","VQ":"11","RP":"11","RF":"11","WP":"11","WQ":"11","RJ":"11","QF":"11","RQ":"11","QG":"11","RH":"11","VM":"11","WR":"11"},"Q2":{"P2":"11","R5":"11","Q3":"11","R8":"11","R9":"11","RC":"11","VP":"11","Q4":"11","RG":"11","VQ":"11","R6":"11","Q7":"11","VJ":"11","RF":"11","VV":"11","R7":"11","VG":"11","VW":"11","RJ":"11","Q5":"11","Q6":"11","Q8":"11","Q2":"11","VR":"11","VH":"11","P3":"11","VX":"11","RH":"11","VM":"11","R4":"11"},"XG":{"PV":"11","PR":"11","WX":"11"},"XP":{"XW":"11"},"XM":{"V4":"11","W2":"11"},"R4":{"V6":"11","X5":"11","GP":"11","Q6":"11","CQ":"11","R6":"11","FQ":"11","X6":"11","P6":"11","CR":"11","CP":"11","W6":"11","FP":"11"}},"R6":{"2W":{"2W":"11","2X":"11","3W":"11","3X":"11","2V":"11"},"2X":{"8M":"11","FR":"11","9G":"11","9M":"11","GX":"11","7G":"11","CM":"11","FH":"11","FV":"11","GV":"11","32":"11","FW":"11","CH":"11","CR":"11","CV":"11","9J":"11","CP":"11","GW":"11","FM":"11","CX":"11","GR":"11","FX":"11","8J":"11","CW":"11","8H":"11","9F":"11","CQ":"11","9Q":"11","FP":"11","9P":"11","8G":"11","FQ":"11","9R":"11","9H":"11","FJ":"11","8F":"11","HX":"11","CJ":"11","CG":"11"}},"Q7":{"X9":{"FP":"11","JF":"11","HG":"11","FQ":"11","HJ":"11","CV":"11","GP":"11","FR":"11","CR":"11","HF":"11","FV":"11","GM":"11","GQ":"11","JG":"11","HM":"11","HH":"11"},"XJ":{"3H":"11","45":"11","3G":"11"},"XF":{"8M":"11","9G":"11","9M":"11","CM":"11","C9":"11","8P":"11","9V":"11","8V":"11","7Q":"11","CH":"11","7W":"11","CC":"11","9J":"11","C5":"11","8Q":"11","6X":"11","C8":"11","C6":"11","8J":"11","C7":"11","8X":"11","8H":"11","9F":"11","9Q":"11","9P":"11","9R":"11","9H":"11","CF":"11","7X":"11","C4":"11","CJ":"11","8R":"11","8W":"11","94":"11","95":"11","CG":"11"},"XH":{"2R":"11","3X":"11","2V":"11","3V":"11"},"XP":{"C2":"11","92":"11","F2":"11"},"XM":{"XQ":"11","VQ":"11","QR":"11","WP":"11","CV":"11","WQ":"11","CW":"11","CR":"11","9R":"11","RQ":"11","9W":"11","9X":"11","XP":"11","RR":"11","CX":"11","FX":"11"},"XG":{"78":"11","7C":"11","73":"11","82":"11","75":"11","72":"11","79":"11","83":"11"}},"R7":{"7R":{"V6":"11","C6":"11","R7":"11","MW":"11","PV":"11","HP":"11","VF":"11","XQ":"11","VP":"11","RM":"11","M8":"11","74":"11","R3":"11","CF":"11","M2":"11","RP":"11","GF":"11","JC":"11","P3":"11","84":"11","JJ":"11","G8":"11","GV":"11","Q6":"11","RH":"11","G9":"11","QJ":"11","F5":"11","QF":"11","86":"11","MF":"11","GQ":"11","97":"11","HF":"11","WH":"11","QV":"11","P2":"11","R6":"11","CC":"11","PQ":"11","CJ":"11","FP":"11","XP":"11","GW":"11","JX":"11","WP":"11","Q5":"11","MM":"11","MX":"11","MC":"11","96":"11","P9":"11","R9":"11","M4":"11","72":"11","F8":"11","CH":"11","PR":"11","M9":"11","RF":"11","J9":"11","PH":"11","C4":"11","JH":"11","88":"11","99":"11","MJ":"11","GJ":"11","PF":"11","V7":"11","Q9":"11","JF":"11","JM":"11","WQ":"11","FJ":"11","M5":"11","JR":"11","J4":"11","HQ":"11","J7":"11","VH":"11","9F":"11","95":"11","MR":"11","Q8":"11","J8":"11","PP":"11","XM":"11","QR":"11","F9":"11","HM":"11","P7":"11","V4":"11","Q3":"11","HC":"11","HW":"11","F7":"11","Q7":"11","HV":"11","JQ":"11","QH":"11","JW":"11","82":"11","HG":"11","CG":"11","Q2":"11","VG":"11","PG":"11","F6":"11","JP":"11","RC":"11","V5":"11","PM":"11","RG":"11","J2":"11","62":"11","QP":"11","HX":"11","JV":"11","R4":"11","FM":"11","MV":"11","QG":"11","MQ":"11","GC":"11","PC":"11","73":"11","85":"11","MH":"11","M7":"11","VJ":"11","WJ":"11","92":"11","75":"11","JG":"11","C7":"11","G6":"11","FF":"11","QM":"11","M3":"11","C9":"11","XJ":"11","P4":"11","FQ":"11","FC":"11","HR":"11","FG":"11","QC":"11","VQ":"11","GG":"11","94":"11","R8":"11","RJ":"11","G7":"11","RR":"11","C5":"11","P8":"11","WG":"11","98":"11","QQ":"11","87":"11","J3":"11","C8":"11","XG":"11","9C":"11","MG":"11","R5":"11","RV":"11","MP":"11","J5":"11","GH":"11","HH":"11","WM":"11","VM":"11","GM":"11","FH":"11","VC":"11","PJ":"11","M6":"11","Q4":"11","HJ":"11","GR":"11","93":"11","J6":"11","XH":"11","P6":"11","GP":"11","P5":"11","83":"11"},"23":{"QJ":"11","MF":"11","MH":"11","P8":"11","PQ":"11","P3":"11","M8":"11","QQ":"11","QF":"11","PF":"11","PR":"11","PJ":"11","RW":"11","P5":"11","RV":"11","RQ":"11","MG":"11","M3":"11","J2":"11","PC":"11","M6":"11","RR":"11","P2":"11","P9":"11","J3":"11","PV":"11","QG":"11","PM":"11","PX":"11","P7":"11","M7":"11","QM":"11","PP":"11","QP":"11","P6":"11","RX":"11","M9":"11","QW":"11","QH":"11","M4":"11","MJ":"11","PW":"11","M5":"11","MC":"11","P4":"11"},"8W":{"37":"11","44":"11","5H":"11","5J":"11","4R":"11","3X":"11","2P":"11","3W":"11","32":"11","5G":"11","38":"11","2J":"11","36":"11","47":"11","2M":"11","3P":"11","26":"11","2H":"11","4H":"11","34":"11","3V":"11","58":"11","22":"11","25":"11","39":"11","2C":"11","23":"11","35":"11","48":"11","28":"11","57":"11","5C":"11","59":"11","46":"11","33":"11","2X":"11","2G":"11","2V":"11","3G":"11","4G":"11","3Q":"11","3M":"11","29":"11","2W":"11","3C":"11","49":"11","2R":"11","4J":"11","24":"11","45":"11","3J":"11","4C":"11","27":"11","2Q":"11","3H":"11","3R":"11","5F":"11","2F":"11","56":"11","4F":"11","3F":"11"},"8R":{"2G":"11","3G":"11","3P":"11","2P":"11","2M":"11","3H":"11","3J":"11","3M":"11","2H":"11","2J":"11"},"32":{"57":"11","47":"11","68":"11","67":"11"},"7X":{"X8":"11","V3":"11","W2":"11","VX":"11","WP":"11","WG":"11","X9":"11","VR":"11","WF":"11","R7":"11","W6":"11","XW":"11","XP":"11","VM":"11","WJ":"11","R2":"11","RF":"11","V9":"11","XV":"11","V6":"11","X5":"11","WQ":"11","VG":"11","WX":"11","X2":"11","WW":"11","VJ":"11","R3":"11","VP":"11","R8":"11","VW":"11","V2":"11","W9":"11","VH":"11","VQ":"11","VF":"11","R5":"11","V5":"11","XH":"11","XG":"11","V4":"11","RC":"11","VC":"11","W7":"11","XJ":"11","V8":"11","XM":"11","XR":"11","WH":"11","R4":"11","X6":"11","XX":"11","WM":"11","X3":"11","XF":"11","V7":"11","WR":"11","W8":"11","XQ":"11","X7":"11","R9":"11","W4":"11","XC":"11","W5":"11","VV":"11","WC":"11","W3":"11","WV":"11","R6":"11","X4":"11","RG":"11"},"5J":{"2R":"11","2W":"11","3W":"11","7X":"11","3R":"11","4V":"11","5W":"11","4W":"11","2V":"11","3V":"11","6X":"11","5X":"11","4X":"11"},"28":{"37":"11","28":"11","36":"11","27":"11","38":"11","29":"11"},"7Q":{"QW":"11","6V":"11","6W":"11","5W":"11","8V":"11","QX":"11","7W":"11","5Q":"11","7R":"11","PX":"11","7V":"11","5P":"11","6X":"11","MW":"11","5M":"11","4Q":"11","8X":"11","5R":"11","4M":"11","3M":"11","JX":"11","PW":"11","7X":"11","MX":"11","4J":"11","6Q":"11","4P":"11","3J":"11","5V":"11","6R":"11","8W":"11","3H":"11"},"2M":{"5H":"11","7C":"11","2P":"11","96":"11","5G":"11","2M":"11","C2":"11","4H":"11","F3":"11","C3":"11","7F":"11","88":"11","8C":"11","6F":"11","89":"11","3M":"11","6G":"11","98":"11","4J":"11","3J":"11","97":"11","F2":"11","95":"11"},"7W":{"X8":"11","V3":"11","W2":"11","QJ":"11","Q3":"11","VX":"11","WP":"11","WG":"11","X9":"11","VR":"11","WF":"11","Q6":"11","P3":"11","R7":"11","W6":"11","XW":"11","QQ":"11","QF":"11","XP":"11","VM":"11","Q8":"11","WJ":"11","RW":"11","P5":"11","R2":"11","RV":"11","RF":"11","V9":"11","XV":"11","RQ":"11","V6":"11","X5":"11","Q2":"11","WQ":"11","VG":"11","WX":"11","X2":"11","WW":"11","VJ":"11","R3":"11","RR":"11","P2":"11","VP":"11","R8":"11","Q9":"11","VW":"11","QG":"11","W9":"11","VQ":"11","VH":"11","V2":"11","VF":"11","RH":"11","Q4":"11","R5":"11","XH":"11","V5":"11","Q7":"11","XG":"11","RM":"11","V4":"11","RC":"11","QM":"11","VC":"11","W7":"11","XJ":"11","QP":"11","P6":"11","V8":"11","XM":"11","RX":"11","Q5":"11","XR":"11","QC":"11","QH":"11","WH":"11","RP":"11","R4":"11","RJ":"11","X6":"11","XX":"11","WM":"11","X3":"11","XF":"11","V7":"11","WR":"11","W8":"11","XQ":"11","X7":"11","R9":"11","W4":"11","XC":"11","W5":"11","VV":"11","WC":"11","W3":"11","WV":"11","P4":"11","R6":"11","X4":"11","RG":"11"},"26":{"J8":"11","FR":"11","M7":"11","M8":"11","J7":"11","M5":"11","P2":"11","JF":"11","GH":"11","P3":"11","FV":"11","GV":"11","HM":"11","J9":"11","J2":"11","J4":"11","P8":"11","HG":"11","HJ":"11","GM":"11","GQ":"11","Q2":"11","M6":"11","HP":"11","M4":"11","GR":"11","J3":"11","R2":"11","HF":"11","GJ":"11","Q3":"11","P7":"11","FQ":"11","HC":"11","P4":"11","H9":"11","H8":"11","M9":"11","JC":"11","GP":"11","J6":"11","HH":"11","M3":"11","J5":"11"},"7V":{"QX":"11","QJ":"11","MF":"11","VX":"11","MH":"11","WP":"11","VR":"11","H4":"11","PQ":"11","J5":"11","M8":"11","XW":"11","QQ":"11","QF":"11","PF":"11","XP":"11","PR":"11","VM":"11","PJ":"11","RW":"11","JG":"11","MR":"11","RV":"11","XV":"11","RQ":"11","MG":"11","QV":"11","PH":"11","J2":"11","WQ":"11","WX":"11","WW":"11","MQ":"11","H3":"11","QR":"11","J6":"11","RR":"11","MM":"11","PV":"11","J3":"11","VP":"11","VW":"11","QG":"11","PM":"11","VQ":"11","RH":"11","JF":"11","PX":"11","PG":"11","JH":"11","RM":"11","H2":"11","QM":"11","H6":"11","PP":"11","QP":"11","RX":"11","M9":"11","H5":"11","QW":"11","MV":"11","XR":"11","QH":"11","J4":"11","RP":"11","RJ":"11","XX":"11","MP":"11","WM":"11","J7":"11","WR":"11","MJ":"11","XQ":"11","JC":"11","PW":"11","VV":"11","J9":"11","MC":"11","WV":"11","J8":"11","RG":"11"},"25":{"V3":"11","MF":"11","MH":"11","P8":"11","PQ":"11","JW":"11","P3":"11","R7":"11","QQ":"11","QF":"11","PF":"11","PR":"11","VM":"11","Q8":"11","RW":"11","P5":"11","R2":"11","MR":"11","RF":"11","V6":"11","MG":"11","QV":"11","VG":"11","PC":"11","MQ":"11","VJ":"11","QR":"11","R3":"11","P2":"11","P9":"11","MM":"11","PV":"11","R8":"11","Q9":"11","PM":"11","VH":"11","RH":"11","JX":"11","V5":"11","P7":"11","Q7":"11","RM":"11","V4":"11","RC":"11","QM":"11","PP":"11","QP":"11","P6":"11","RX":"11","QW":"11","MV":"11","QC":"11","RP":"11","RJ":"11","MP":"11","V7":"11","MJ":"11","R9":"11","PW":"11","MW":"11","P4":"11","RG":"11"},"24":{"X8":"11","V3":"11","VX":"11","WP":"11","X9":"11","WG":"11","P8":"11","PQ":"11","WF":"11","P3":"11","W6":"11","PF":"11","PR":"11","VM":"11","PJ":"11","WJ":"11","P5":"11","R2":"11","V9":"11","V6":"11","PH":"11","WQ":"11","PC":"11","WW":"11","VJ":"11","P2":"11","P9":"11","PV":"11","VW":"11","PM":"11","V2":"11","W9":"11","V5":"11","PX":"11","P7":"11","PG":"11","RC":"11","VC":"11","W7":"11","PP":"11","P6":"11","RX":"11","WH":"11","WM":"11","WR":"11","X7":"11","W4":"11","XC":"11","PW":"11","W5":"11","WC":"11","W3":"11","WV":"11","P4":"11"},"8X":{"4X":"11","37":"11","44":"11","5H":"11","6V":"11","5J":"11","6W":"11","3X":"11","4R":"11","2P":"11","68":"11","66":"11","6P":"11","5W":"11","6C":"11","3W":"11","32":"11","5G":"11","5X":"11","38":"11","2J":"11","67":"11","36":"11","47":"11","2M":"11","5Q":"11","3P":"11","26":"11","4H":"11","2H":"11","34":"11","3V":"11","4W":"11","58":"11","6M":"11","43":"11","22":"11","25":"11","5P":"11","39":"11","2C":"11","23":"11","6X":"11","35":"11","48":"11","28":"11","57":"11","5M":"11","5C":"11","59":"11","46":"11","33":"11","2X":"11","2G":"11","4Q":"11","5R":"11","6H":"11","2V":"11","4M":"11","6F":"11","3G":"11","6J":"11","4G":"11","3Q":"11","3M":"11","29":"11","2W":"11","3C":"11","4V":"11","55":"11","6G":"11","49":"11","2R":"11","4J":"11","69":"11","6Q":"11","4P":"11","24":"11","45":"11","5V":"11","3J":"11","4C":"11","27":"11","3H":"11","2Q":"11","3R":"11","5F":"11","2F":"11","56":"11","4F":"11","3F":"11"},"8V":{"2W":"11","2Q":"11","2X":"11","2R":"11","3W":"11","3X":"11","2V":"11"},"22":{"HJ":"11","F5":"11","MF":"11","G3":"11","P8":"11","H4":"11","PQ":"11","JW":"11","J5":"11","M8":"11","PF":"11","F4":"11","PR":"11","Q8":"11","HH":"11","HP":"11","P5":"11","HM":"11","JG":"11","G6":"11","H7":"11","MG":"11","G4":"11","JM":"11","PC":"11","F3":"11","M6":"11","G8":"11","MQ":"11","HC":"11","H3":"11","J6":"11","JV":"11","JQ":"11","F2":"11","P9":"11","MM":"11","PV":"11","Q9":"11","PM":"11","HF":"11","JX":"11","G2":"11","JF":"11","PX":"11","P7":"11","M7":"11","JH":"11","Q7":"11","H2":"11","H6":"11","PP":"11","P6":"11","M9":"11","H5":"11","J4":"11","JP":"11","MP":"11","J7":"11","G7":"11","GC":"11","JC":"11","H8":"11","GF":"11","PW":"11","H9":"11","MX":"11","G5":"11","JJ":"11","JR":"11","M5":"11","J9":"11","MC":"11","HG":"11","J8":"11","G9":"11"},"5M":{"M8":"11","C4":"11","C3":"11","QH":"11","62":"11","PF":"11","J9":"11","PG":"11","C5":"11","H6":"11","RG":"11","H8":"11","RF":"11","G8":"11","73":"11","F5":"11","92":"11","93":"11","P9":"11","82":"11","F7":"11","QF":"11","M9":"11","H7":"11","52":"11","72":"11","G6":"11","H9":"11","G5":"11","MF":"11","C6":"11","QC":"11","95":"11","84":"11","QG":"11","J8":"11","F6":"11","PC":"11","J7":"11","83":"11","G7":"11","MC":"11","94":"11"},"4J":{"XR":"11","RP":"11","WQ":"11","PM":"11","VR":"11","XQ":"11","QM":"11","WR":"11","RQ":"11","VQ":"11","PJ":"11","PP":"11","QP":"11","XV":"11","RM":"11","VP":"11"},"2J":{"PV":"11","PW":"11","GW":"11","JW":"11","FW":"11","MW":"11","MV":"11","GX":"11","JV":"11","HW":"11","FX":"11"}},"WG":{"X7":{"V6":"11","R5":"11","Q4":"11","R6":"11","Q5":"11"},"X6":{"3F":"11","2F":"11","HX":"11","2G":"11","9Q":"11","8M":"11","3G":"11","CV":"11","GW":"11","FM":"11","CR":"11","9P":"11","9R":"11","9M":"11","4G":"11","3H":"11","GV":"11","8P":"11","CJ":"11","HW":"11","CM":"11","2H":"11","4H":"11","CP":"11","FJ":"11","9J":"11"},"W5":{"7R":"11","8R":"11","CW":"11","7Q":"11","6Q":"11","7V":"11","9W":"11","8V":"11","9V":"11","5P":"11","3M":"11","5M":"11","6M":"11","CX":"11","6P":"11","4M":"11"},"W6":{"G3":"11","C2":"11","F3":"11","XH":"11","F2":"11"}},"VC":{"66":{"JM":"11","JP":"11"},"78":{"F4":"11","C4":"11"},"64":{"2X":"11","3X":"11"},"33":{"WC":"11","RF":"11","RG":"11","V9":"11","VC":"11","W9":"11","VF":"11","VG":"11"},"32":{"8M":"11","8J":"11","9H":"11","7J":"11","4H":"11","9J":"11","8H":"11","2C":"11","2F":"11","3G":"11","4G":"11","3F":"11"},"65":{"44":"11","7G":"11","7J":"11","68":"11","6C":"11","32":"11","47":"11","34":"11","58":"11","22":"11","23":"11","57":"11","59":"11","7F":"11","46":"11","33":"11","8J":"11","6F":"11","7H":"11","69":"11","45":"11","56":"11"},"MQ":{"6X":"11","7W":"11","6V":"11","6W":"11"},"54":{"C8":"11","87":"11","78":"11","88":"11","GC":"11","97":"11","29":"11","FC":"11","F9":"11","39":"11","C9":"11","99":"11","98":"11"},"22":{"XC":"11","X9":"11","V2":"11","R2":"11"},"44":{"Q6":"11","X9":"11","P5":"11","R6":"11","R7":"11","Q5":"11"},"67":{"R3":"11","Q4":"11","R4":"11","Q3":"11"}},"Q5":{"XW":{"J3":"11","H3":"11"},"W9":{"GF":"11","GC":"11","7C":"11","JF":"11","6C":"11","FF":"11","QH":"11","PH":"11","WH":"11","XH":"11","CC":"11","RH":"11","5C":"11","9C":"11","2G":"11","XG":"11","8C":"11","MG":"11","HF":"11","6F":"11","JG":"11","FC":"11","3G":"11","PG":"11","VH":"11","5F":"11","2F":"11","4F":"11","3F":"11"},"X9":{"5H":"11","5J":"11","6P":"11","9V":"11","8V":"11","5G":"11","2J":"11","7Q":"11","7R":"11","4H":"11","2H":"11","6M":"11","9X":"11","5P":"11","CX":"11","5M":"11","FX":"11","2G":"11","CW":"11","6H":"11","4M":"11","3G":"11","4G":"11","9W":"11","4J":"11","6Q":"11","3J":"11","8R":"11","3H":"11"},"W3":{"96":"11","M3":"11","P3":"11","M4":"11","97":"11","F6":"11"},"W4":{"9G":"11","9H":"11","CG":"11","CH":"11","9F":"11"},"V9":{"WP":"11","VR":"11","XJ":"11","RQ":"11","WR":"11","WQ":"11","VQ":"11","XM":"11","W8":"11"},"XV":{"HX":"11","GX":"11"},"XC":{"QJ":"11","VX":"11","G3":"11","VR":"11","H4":"11","M8":"11","QF":"11","PF":"11","RV":"11","RF":"11","RQ":"11","G4":"11","PH":"11","PC":"11","WX":"11","F3":"11","C2":"11","J6":"11","F2":"11","RR":"11","VW":"11","QG":"11","PG":"11","RM":"11","RC":"11","QM":"11","H6":"11","M9":"11","H5":"11","QC":"11","QH":"11","RP":"11","J7":"11","VV":"11","G5":"11","MC":"11","J8":"11"},"XF":{"V3":"11","W9":"11","V2":"11","X9":"11","W3":"11","W8":"11","W4":"11","W6":"11","W7":"11","W5":"11","W2":"11"},"W2":{"G9":"11","H4":"11","H6":"11","GC":"11","G8":"11","G2":"11","CQ":"11","CR":"11","9R":"11","H2":"11","H7":"11","H3":"11","H5":"11","G7":"11"}},"Q6":{"XW":{"XR":"11","5H":"11","5J":"11","RJ":"11","WP":"11","RP":"11","WQ":"11","QH":"11","PH":"11","4H":"11","XQ":"11","QM":"11","WR":"11","2G":"11","6H":"11","VQ":"11","XW":"11","3G":"11","6J":"11","PJ":"11","XV":"11","3H":"11","RM":"11","VP":"11","QJ":"11","VM":"11"},"VR":{"2R":"11","5C":"11","5G":"11","4C":"11","5F":"11","2Q":"11","4R":"11","3R":"11","3Q":"11","49":"11","4Q":"11"},"RM":{"G4":"11","F5":"11","G3":"11","G6":"11","H4":"11","H2":"11","G5":"11","H3":"11","F6":"11","G2":"11"},"RR":{"MJ":"11","PJ":"11","RM":"11","VP":"11","XQ":"11","VQ":"11","JJ":"11","RP":"11","WP":"11","WQ":"11","PM":"11","QM":"11","2J":"11"},"WW":{"VF":"11","WF":"11","RG":"11","RF":"11","WG":"11","VG":"11","XG":"11","QG":"11","XF":"11"},"RJ":{"G9":"11","HR":"11","C5":"11","HX":"11","64":"11","HG":"11","GC":"11","JJ":"11","HQ":"11","HJ":"11","GJ":"11","G8":"11","JH":"11","GW":"11","HP":"11","GR":"11","HV":"11","GP":"11","F8":"11","GF":"11","74":"11","F7":"11","63":"11","GX":"11","GV":"11","F9":"11","GM":"11","GH":"11","GQ":"11","C6":"11","85":"11","95":"11","HW":"11","JG":"11","84":"11","HM":"11","HH":"11","F6":"11","GG":"11","G7":"11","53":"11"}},"R2":{"6H":{"W2":"11","W3":"11"},"7J":{"C2":"11","F2":"11"},"7H":{"FX":"11","CX":"11"}},"V9":{"2W":{"8W":"11","6X":"11","7X":"11","8X":"11","5X":"11","4X":"11"},"2X":{"RW":"11","62":"11","73":"11","RX":"11","82":"11","72":"11","VX":"11","83":"11"}},"Q2":{"62":{"4X":"11","FR":"11","6W":"11","GX":"11","3X":"11","PV":"11","HW":"11","5W":"11","9V":"11","8V":"11","FV":"11","GV":"11","5X":"11","FW":"11","7W":"11","JW":"11","CV":"11","PX":"11","GW":"11","CX":"11","MW":"11","FX":"11","CW":"11","JV":"11","MV":"11","9W":"11","JX":"11","PW":"11","MX":"11","HX":"11","8W":"11"},"GJ":{"XJ":"11","XH":"11","XM":"11","XG":"11"},"73":{"8M":"11","37":"11","FR":"11","9M":"11","GX":"11","7G":"11","7J":"11","CM":"11","6C":"11","FV":"11","38":"11","FW":"11","CR":"11","26":"11","9J":"11","CP":"11","GW":"11","39":"11","48":"11","28":"11","5C":"11","59":"11","8J":"11","8H":"11","CQ":"11","9Q":"11","6H":"11","9P":"11","6F":"11","FQ":"11","7H":"11","6G":"11","49":"11","4C":"11","27":"11","5F":"11"},"75":{"X2":"11","X4":"11","X3":"11"},"74":{"XR":"11","M7":"11","M8":"11","RJ":"11","RP":"11","WQ":"11","QH":"11","J4":"11","P8":"11","QC":"11","WW":"11","RH":"11","VR":"11","M6":"11","PF":"11","WR":"11","P9":"11","WV":"11","RG":"11","PC":"11","H2":"11","VQ":"11","XW":"11","QF":"11","H4":"11","XX":"11","QG":"11","H3":"11","M9":"11","XV":"11","WX":"11","J6":"11","G2":"11","RM":"11","VP":"11","J5":"11","VM":"11"},"63":{"V4":"11","X7":"11","R4":"11","V5":"11","P2":"11","P3":"11","32":"11","X6":"11","J2":"11","W6":"11","22":"11","25":"11","Q2":"11","23":"11","M2":"11","V2":"11","W5":"11","R2":"11","W4":"11","Q3":"11","X5":"11","R3":"11","24":"11","V3":"11"},"52":{"HG":"11","PR":"11"},"86":{"8M":"11","78":"11","7G":"11","7C":"11","7J":"11","68":"11","66":"11","6C":"11","67":"11","77":"11","7M":"11","6M":"11","65":"11","7F":"11","64":"11","6H":"11","GJ":"11","6F":"11","6J":"11","7H":"11","63":"11","6G":"11","69":"11","FJ":"11","CJ":"11","62":"11","79":"11"},"85":{"37":"11","5H":"11","6V":"11","5J":"11","6W":"11","5W":"11","38":"11","36":"11","5Q":"11","26":"11","4H":"11","22":"11","25":"11","5P":"11","39":"11","23":"11","6X":"11","35":"11","5M":"11","5R":"11","4G":"11","3C":"11","49":"11","4J":"11","24":"11","5V":"11","4C":"11","6R":"11","4F":"11"},"84":{"2W":"11","2X":"11","2V":"11"},"53":{"X5":"11","X6":"11","X4":"11"}},"XG":{"XW":{"F8":"11","GC":"11","G8":"11","JF":"11","96":"11","RP":"11","PM":"11","52":"11","PH":"11","VR":"11","74":"11","73":"11","QM":"11","C6":"11","C8":"11","WR":"11","WV":"11","C7":"11","RQ":"11","MG":"11","VQ":"11","XW":"11","HF":"11","JG":"11","G9":"11","HC":"11","PJ":"11","H9":"11","63":"11","F9":"11","QP":"11","72":"11","85":"11","XV":"11","F7":"11","84":"11","95":"11","62":"11","RM":"11","QJ":"11","MH":"11"},"JP":{"F2":"11"},"5C":{"J3":"11","H4":"11","J4":"11","H3":"11"},"38":{"63":"11","42":"11","72":"11","62":"11","52":"11","43":"11","22":"11","32":"11","53":"11"},"59":{"8W":"11","8V":"11","7W":"11","7V":"11"},"88":{"Q6":"11","P5":"11","P6":"11","Q5":"11"},"27":{"WX":"11","XW":"11","XX":"11","JP":"11","PV":"11","JQ":"11","PW":"11","HQ":"11","JR":"11","HJ":"11","GJ":"11","QX":"11","RX":"11","HP":"11","MR":"11","FM":"11","8H":"11","9H":"11","MW":"11","QW":"11","8G":"11","MV":"11","CJ":"11","PX":"11","JV":"11","GM":"11","HM":"11","CH":"11","9J":"11","FJ":"11"},"49":{"WJ":"11","QC":"11","VH":"11"},"28":{"W2":"11","W3":"11","X2":"11","V2":"11","R2":"11"},"XV":{"2R":"11","3W":"11","3R":"11","4V":"11","5W":"11","4W":"11","2V":"11","6X":"11","3V":"11","5X":"11","4X":"11"},"37":{"4X":"11","6V":"11","6W":"11","3X":"11","4R":"11","5W":"11","8V":"11","3W":"11","5X":"11","7W":"11","3P":"11","5Q":"11","3V":"11","7V":"11","4W":"11","6X":"11","2X":"11","4Q":"11","5R":"11","2V":"11","3Q":"11","2W":"11","4V":"11","7X":"11","2R":"11","4P":"11","5V":"11","6R":"11","8W":"11","3R":"11"},"WV":{"RM":"11","VP":"11","XQ":"11","RP":"11","XR":"11","WP":"11","WQ":"11","46":"11","QM":"11","36":"11","VM":"11"}},"R4":{"2H":{"3F":"11","38":"11","2W":"11","3W":"11","42":"11","33":"11","3G":"11","3P":"11","3R":"11","2X":"11","3Q":"11","43":"11","3H":"11","3J":"11","2V":"11","37":"11","3V":"11","39":"11","3M":"11","34":"11","3C":"11"},"2J":{"34":"11","33":"11","24":"11","27":"11","25":"11","22":"11","23":"11","26":"11"}}}}