{"index":{"university,1|retail,2|tourism,3|wreck,4|historical,5|artsCulture,6|namedBuilding,7|water,8|wetland,9|park,10|beach,11|natureReserve,12|cemetery,13|trail,14":{}},"4H":{"5G":{"W7":{"7R":"11","2R":"11","6V":"11","8R":"11","8J":"11","9Q":"11","FH":"11","3R":"11","FF":"11","9R":"11","9P":"11","9M":"11","7V":"11","8Q":"11","2V":"11","CG":"11","8P":"11","CJ":"11","3V":"11","8V":"11","CM":"11","FG":"11","CH":"11","CP":"11","FJ":"11","9J":"11"}},"5J":{"G6":{"MC":"11","PH":"11","J8":"11","M9":"11","PF":"11","PC":"11","PG":"11","M8":"11","P9":"11"}},"5H":{"JR":{"62":"11","66":"11","4C":"11","64":"11","55":"11","49":"11","54":"11","63":"11","72":"11","39":"11","56":"11","3C":"11","53":"11"},"HV":{"Q6":"11","Q5":"11"},"JQ":{"GR":"11","GP":"11","V8":"11","V9":"11","GQ":"11","HP":"11"},"JP":{"Q9":"11","RF":"11","RC":"11","Q8":"11","VC":"11","R8":"11","R9":"11"}}}}