{"index":{"university,1|retail,2|tourism,3|wreck,4|historical,5|artsCulture,6|namedBuilding,7|water,8|wetland,9|park,10|beach,11|natureReserve,12|cemetery,13|trail,14":{}},"4J":{"3C":{"9M":{"77":"11","78":"11"}},"2C":{"XX":{"4R":"11","4V":"11","5V":"11"},"MR":{"PQ":"11","RP":"11","RM":"11","RQ":"11","PM":"11","QQ":"11","VH":"11","VJ":"11","QM":"11","VM":"11","PP":"11","QP":"11","PJ":"11"},"GR":{"GW":"11","FX":"11","FW":"11","CX":"11","GV":"11","GX":"11","FV":"11"},"HV":{"GX":"11","MP":"11","PV":"11","HW":"11","QR":"11","FV":"11","GV":"11","QQ":"11","FW":"11","JW":"11","9X":"11","GQ":"11","GW":"11","CX":"11","HP":"11","GR":"11","MW":"11","FX":"11","CW":"11","PQ":"11","PR":"11","JV":"11","HV":"11","JP":"11","MV":"11","9W":"11","JQ":"11","HR":"11","PP":"11","JX":"11","HQ":"11","MX":"11","QP":"11","HX":"11","MQ":"11","MR":"11","JR":"11"},"FR":{"3C":"11","3G":"11","4G":"11","3F":"11"},"7W":{"MJ":"11","PR":"11","PJ":"11","PV":"11","HC":"11","JC":"11","PW":"11","JF":"11","MG":"11","MQ":"11","PQ":"11","JW":"11","MR":"11","PM":"11","MW":"11","PP":"11","MM":"11","MV":"11","JV":"11","MH":"11","MF":"11","JG":"11","MP":"11"},"GV":{"C5":"11","G2":"11","F5":"11","F3":"11","G4":"11","G3":"11","C6":"11","F6":"11","F2":"11","F4":"11"},"HW":{"J2":"11","M3":"11","J3":"11","J4":"11","H2":"11","H3":"11","G2":"11","M2":"11"}},"2F":{"C3":{"H7":"11","G6":"11","H6":"11","G7":"11"},"PJ":{"FX":"11","FW":"11"},"PF":{"9G":"11","8J":"11","8F":"11","8G":"11","8H":"11","9F":"11"},"CW":{"2W":"11","2X":"11","3W":"11","3X":"11","3V":"11","3Q":"11","3R":"11"},"PM":{"87":"11","9R":"11","9Q":"11","77":"11","66":"11","76":"11","F2":"11"},"93":{"PF":"11","FF":"11","GF":"11","MF":"11","FG":"11","PC":"11","GG":"11","MC":"11"},"MM":{"Q9":"11","QC":"11","RC":"11","QJ":"11","PJ":"11","R9":"11"},"QV":{"M8":"11","P6":"11","J9":"11","H6":"11","JC":"11","M5":"11","M6":"11","P9":"11","M9":"11","H7":"11","J6":"11","M7":"11","MF":"11","J8":"11","J7":"11","MC":"11"},"72":{"R6":"11","R7":"11","R8":"11"},"GV":{"CV":"11"},"9V":{"FH":"11","FJ":"11"},"CX":{"32":"11"},"MP":{"M5":"11","M3":"11","P2":"11","J3":"11","X2":"11","M4":"11","J4":"11","X3":"11","M2":"11"},"VM":{"GM":"11","HP":"11"},"83":{"VQ":"11","RP":"11","VV":"11","QP":"11","PM":"11","PP":"11","QM":"11","VR":"11","RQ":"11","WV":"11"},"F4":{"J8":"11","J9":"11","JF":"11","JG":"11"},"94":{"FQ":"11","G9":"11","GQ":"11","H9":"11"}},"HV":{"7G":{"F5":"11"}},"2G":{"84":{"5C":"11","6F":"11","4C":"11","5F":"11","49":"11","6G":"11","39":"11","3C":"11"},"J8":{"WG":"11","XH":"11","XG":"11"},"95":{"9G":"11","9H":"11","CG":"11","CH":"11","9F":"11"},"JC":{"G9":"11","Q3":"11","P6":"11","P4":"11","Q4":"11","M5":"11","CV":"11","M6":"11","FV":"11","Q2":"11","F9":"11","M7":"11","H9":"11","P5":"11","9V":"11"},"J9":{"MJ":"11","RM":"11","PR":"11","X7":"11","VP":"11","QQ":"11","JJ":"11","QR":"11","RP":"11","MQ":"11","XJ":"11","QX":"11","PQ":"11","QP":"11","XH":"11","PP":"11","QW":"11","WM":"11","MM":"11","W6":"11","QV":"11","W7":"11","XG":"11","XM":"11","W5":"11","XF":"11","MP":"11","VM":"11","X4":"11","WJ":"11","X5":"11"},"94":{"8M":"11","7M":"11","9M":"11","7J":"11"},"V2":{"5R":"11","4R":"11","4V":"11","4Q":"11","5V":"11"},"M9":{"23":"11","2F":"11","2G":"11","33":"11","32":"11","27":"11","29":"11","28":"11","24":"11","22":"11","2H":"11","2C":"11"},"R4":{"FQ":"11","FR":"11","FP":"11"},"M8":{"3W":"11","3P":"11","3R":"11","3Q":"11","2M":"11","3X":"11","3J":"11","3V":"11","3M":"11","2H":"11","2J":"11"}},"3F":{"82":{"CF":"11","FF":"11"}}}}