{"index":{"university,1|retail,2|tourism,3|wreck,4|historical,5|artsCulture,6|namedBuilding,7|water,8|wetland,9|park,10|beach,11|natureReserve,12|cemetery,13|trail,14":{}},"4P":{"PR":{"XW":{"8M":"11","5H":"11","5J":"11","GX":"11","8P":"11","FV":"11","FW":"11","CR":"11","CV":"11","4H":"11","2H":"11","6M":"11","7M":"11","GW":"11","5M":"11","9Q":"11","CQ":"11","9P":"11","4J":"11","3J":"11","3H":"11"},"XX":{"J8":"11","FR":"11","J7":"11","JF":"11","FV":"11","GV":"11","HM":"11","J9":"11","FW":"11","HG":"11","HJ":"11","GQ":"11","HP":"11","GR":"11","FX":"11","H2":"11","HF":"11","JG":"11","G3":"11","H4":"11","HQ":"11","H5":"11","H3":"11","JC":"11","GP":"11","HH":"11","J6":"11","H6":"11","G2":"11","J5":"11"},"WW":{"V4":"11","W2":"11","W3":"11","Q8":"11","WG":"11","XH":"11","R8":"11","WF":"11","V3":"11"},"XQ":{"M7":"11","M8":"11","MP":"11","P6":"11","MM":"11","HW":"11","M5":"11","J2":"11","MF":"11","P8":"11","JW":"11","M6":"11","M4":"11","PF":"11","M2":"11","P9":"11","PC":"11","JM":"11","JV":"11","HV":"11","MG":"11","JP":"11","P7":"11","JQ":"11","PG":"11","M9":"11","HX":"11","MQ":"11","MJ":"11","MC":"11","M3":"11","JR":"11","MH":"11"},"XR":{"4X":"11","F4":"11","6V":"11","3X":"11","7G":"11","6P":"11","5W":"11","C9":"11","99":"11","F6":"11","4W":"11","6M":"11","G5":"11","C8":"11","7F":"11","9C":"11","C7":"11","G4":"11","9F":"11","8C":"11","H2":"11","G3":"11","8G":"11","6G":"11","H3":"11","6Q":"11","8F":"11","F7":"11","5V":"11","6R":"11","F5":"11","G2":"11"},"XJ":{"5C":"11","87":"11","3W":"11","78":"11","77":"11","93":"11","69":"11","86":"11","85":"11","95":"11","94":"11","6C":"11"},"XH":{"J9":"11","P4":"11","M5":"11","FF":"11","M6":"11","GF":"11","CG":"11","M7":"11","H9":"11","P5":"11","FG":"11","J8":"11","J7":"11","GG":"11"},"XV":{"2F":"11","2G":"11","2Q":"11","3P":"11","2P":"11","27":"11","29":"11","28":"11","2M":"11","39":"11","3M":"11","2C":"11","2H":"11","2J":"11"},"XG":{"RW":"11","V4":"11","W9":"11","VP":"11","X8":"11","VQ":"11","V6":"11","WP":"11","QX":"11","X9":"11","W8":"11","QW":"11","WM":"11","VR":"11","V5":"11","RV":"11","XC":"11","RR":"11","W5":"11","XF":"11","VM":"11","WJ":"11"},"XP":{"7R":"11","C4":"11","MX":"11","HR":"11","C5":"11","8R":"11","FQ":"11","6J":"11","97":"11","JW":"11","JX":"11","GR":"11","CQ":"11","HV":"11","7Q":"11","7V":"11","7P":"11","C7":"11","89":"11","JV":"11","GQ":"11","8V":"11","C6":"11","HW":"11","6M":"11","CP":"11","6P":"11","8C":"11","99":"11","98":"11"},"XM":{"34":"11","24":"11"},"WV":{"X7":"11","XQ":"11","XR":"11","VV":"11","WQ":"11","W6":"11","W7":"11","VR":"11","XG":"11","WV":"11","XF":"11","WR":"11"},"XF":{"RM":"11","QQ":"11","WH":"11","VJ":"11","WG":"11","PQ":"11","QP":"11","RJ":"11","QM":"11","VH":"11"}},"PV":{"VW":{"P6":"11","P4":"11","HX":"11","M2":"11","GW":"11","M9":"11","GX":"11","M3":"11","P5":"11","P3":"11","HW":"11","MC":"11"},"X7":{"FP":"11","H6":"11","HC":"11","HG":"11","FQ":"11","H8":"11","GJ":"11","CV":"11","F5":"11","CW":"11","FM":"11","CR":"11","HF":"11","GF":"11","H7":"11","G6":"11","9W":"11","H9":"11","9X":"11","GM":"11","GH":"11","G5":"11","HH":"11","GG":"11","F4":"11"},"X4":{"3F":"11","66":"11","4C":"11","59":"11","64":"11","3G":"11","65":"11","73":"11","55":"11","49":"11","2M":"11","82":"11","75":"11","74":"11","63":"11","3H":"11","2H":"11","56":"11","83":"11","58":"11","2J":"11","4F":"11"},"X6":{"J8":"11","FR":"11","J7":"11","M5":"11","GH":"11","JF":"11","J9":"11","HG":"11","GM":"11","M6":"11","M4":"11","M2":"11","GG":"11","GJ":"11","HF":"11","FQ":"11","JC":"11","GP":"11","HH":"11","J6":"11","M3":"11","J5":"11"},"WH":{"68":"11","66":"11","75":"11","2J":"11","67":"11","2M":"11","82":"11","2H":"11","58":"11","74":"11","73":"11","57":"11","65":"11","5C":"11","59":"11","76":"11","3G":"11","4G":"11","49":"11","4C":"11","3H":"11","4F":"11","3F":"11"},"WW":{"4X":"11","MP":"11","MM":"11","CM":"11","5W":"11","8P":"11","QQ":"11","HM":"11","5X":"11","7Q":"11","PM":"11","GM":"11","4W":"11","CP":"11","FM":"11","8Q":"11","VF":"11","VG":"11","5R":"11","JM":"11","9P":"11","FP":"11","X9":"11","X8":"11","PP":"11","4V":"11","QP":"11","6Q":"11","5V":"11"},"X3":{"8F":"11","9F":"11","C5":"11","9C":"11","C2":"11","97":"11","9H":"11","9P":"11","8G":"11","9M":"11","9G":"11","9W":"11","CJ":"11","9X":"11","8X":"11","C6":"11","CM":"11","8C":"11","98":"11","9J":"11"},"W5":{"W2":"11","X2":"11"},"W4":{"XM":"11"},"XW":{"J8":"11","XR":"11","F8":"11","G8":"11","RF":"11","WP":"11","38":"11","J9":"11","WQ":"11","QC":"11","RH":"11","39":"11","XP":"11","48":"11","28":"11","XQ":"11","WM":"11","PF":"11","P9":"11","RG":"11","PC":"11","XW":"11","QF":"11","29":"11","XX":"11","QG":"11","H8":"11","49":"11","VH":"11","F9":"11","M9":"11","VJ":"11","WJ":"11","WX":"11","MC":"11"},"X9":{"H4":"11","H8":"11","H2":"11","J5":"11","H7":"11","H3":"11","J6":"11","H9":"11","H5":"11","J7":"11"},"X5":{"F8":"11","GF":"11","GC":"11","66":"11","96":"11","75":"11","36":"11","JW":"11","HG":"11","34":"11","HJ":"11","22":"11","C5":"11","23":"11","35":"11","86":"11","C6":"11","C8":"11","MW":"11","65":"11","46":"11","33":"11","C7":"11","JM":"11","76":"11","JV":"11","JJ":"11","JP":"11","HF":"11","MV":"11","G9":"11","JH":"11","JQ":"11","MX":"11","F9":"11","85":"11","F7":"11","45":"11","HH":"11","MR":"11","95":"11","JR":"11","56":"11"},"X8":{"78":"11","68":"11","HW":"11","83":"11","75":"11","93":"11","77":"11","GM":"11","9J":"11","GQ":"11","FM":"11","HP":"11","76":"11","HV":"11","GJ":"11","92":"11","HR":"11","HQ":"11","69":"11","FJ":"11","HX":"11","85":"11","CJ":"11","84":"11","GP":"11"},"XX":{"QW":"11","RX":"11","W2":"11","QQ":"11","QX":"11","QM":"11","QV":"11","QR":"11","RW":"11","QP":"11"},"VV":{"RM":"11","RG":"11","RH":"11","VH":"11","VG":"11","RJ":"11"},"WG":{"9W":"11","8W":"11","9X":"11","F9":"11","F7":"11","G6":"11","8X":"11","FC":"11","G9":"11","F6":"11","G7":"11"},"VH":{"WP":"11","WM":"11","XJ":"11","WQ":"11","XM":"11"},"VX":{"X9":"11","W9":"11","W8":"11"},"VJ":{"QH":"11","P4":"11","PH":"11","VJ":"11","M4":"11","RJ":"11","GP":"11","M3":"11","GM":"11","P3":"11","RH":"11"},"X2":{"FR":"11","FG":"11","96":"11","FH":"11","FF":"11","C2":"11","GM":"11","C5":"11","F3":"11","FM":"11","CX":"11","C6":"11","C3":"11","C7":"11","CW":"11","FP":"11","GJ":"11","FQ":"11","CF":"11","FJ":"11","C4":"11","97":"11","F2":"11","CG":"11"},"WJ":{"7R":"11","PV":"11","6R":"11","7Q":"11","6Q":"11","7V":"11","6P":"11"},"WX":{"2R":"11","38":"11","2W":"11","2G":"11","42":"11","2Q":"11","2P":"11","2X":"11","43":"11","52":"11","35":"11","45":"11","44":"11","39":"11","34":"11"}},"PW":{"W2":{"24":"11","22":"11","23":"11"},"X2":{"M8":"11","MJ":"11","JP":"11","PR":"11","Q3":"11","P4":"11","MG":"11","M5":"11","JJ":"11","MQ":"11","PQ":"11","M4":"11","M6":"11","M9":"11","J5":"11","Q2":"11","M7":"11","MH":"11","P3":"11","MF":"11","MP":"11","MC":"11","J4":"11"},"X3":{"X5":"11","V4":"11","W3":"11","X6":"11","Q2":"11","W5":"11","R2":"11","V3":"11","W4":"11"}},"QQ":{"HJ":{"38":"11","48":"11","2F":"11","64":"11","65":"11","55":"11","73":"11","29":"11","46":"11","54":"11","63":"11","72":"11","57":"11","47":"11","39":"11","2C":"11","56":"11","3C":"11"},"CR":{"62":"11","55":"11","27":"11","29":"11","28":"11","46":"11","54":"11","26":"11","63":"11","35":"11","72":"11","37":"11","45":"11","36":"11","44":"11","53":"11"},"W2":{"C3":"11","C2":"11","G2":"11","93":"11","F3":"11","H2":"11","F2":"11","83":"11"},"CQ":{"X4":"11","R8":"11","9V":"11","8V":"11","HM":"11","X6":"11","7W":"11","W6":"11","MF":"11","CR":"11","CV":"11","QC":"11","HJ":"11","GM":"11","V8":"11","PF":"11","PC":"11","8X":"11","CQ":"11","W5":"11","JJ":"11","MG":"11","FP":"11","JG":"11","X5":"11","JH":"11","FQ":"11","9R":"11","9W":"11","PG":"11","Q9":"11","7X":"11","R7":"11","V6":"11","R9":"11","V7":"11","8W":"11","GP":"11","HH":"11","W7":"11","MH":"11"},"P3":{"66":"11","75":"11","93":"11","67":"11","C2":"11","58":"11","39":"11","F3":"11","48":"11","57":"11","59":"11","C3":"11","2G":"11","76":"11","3C":"11","49":"11","C4":"11","85":"11","4C":"11","84":"11","94":"11","F2":"11","95":"11","G2":"11","2F":"11","3F":"11"},"J5":{"M5":"11","J2":"11","M6":"11","R7":"11","Q7":"11","R8":"11","P7":"11","P6":"11"},"M8":{"MP":"11","Q5":"11","Q8":"11","Q7":"11","PM":"11","Q4":"11","PH":"11","QC":"11","Q2":"11","PF":"11","MW":"11","P9":"11","PC":"11","PQ":"11","Q6":"11","R2":"11","MV":"11","QF":"11","Q3":"11","PJ":"11","PG":"11","PP":"11","JX":"11","Q9":"11","MX":"11","MQ":"11","MR":"11"},"HH":{"J8":"11","M7":"11","J7":"11","M5":"11","GH":"11","9V":"11","8V":"11","J9":"11","CR":"11","HG":"11","GM":"11","CP":"11","M6":"11","FM":"11","M4":"11","P5":"11","8X":"11","CQ":"11","FP":"11","GG":"11","GJ":"11","FQ":"11","9R":"11","HC":"11","9W":"11","7X":"11","FJ":"11","JC":"11","8W":"11","HH":"11"},"HM":{"MX":"11","JX":"11"},"R2":{"8M":"11","9M":"11","7P":"11","RF":"11","6P":"11","CM":"11","8P":"11","5Q":"11","QH":"11","PH":"11","WF":"11","HJ":"11","GM":"11","RH":"11","7M":"11","5P":"11","FM":"11","VF":"11","XF":"11","RG":"11","4Q":"11","JJ":"11","GJ":"11","JH":"11","3Q":"11","PJ":"11","QG":"11","FJ":"11","6Q":"11","2Q":"11","MJ":"11","XC":"11","MH":"11","VC":"11"},"JG":{"62":"11","38":"11","2F":"11","48":"11","2G":"11","64":"11","55":"11","29":"11","46":"11","54":"11","63":"11","72":"11","47":"11","37":"11","45":"11","39":"11","2C":"11","56":"11","3C":"11","53":"11"},"5X":{"VX":"11","RX":"11","WW":"11","WX":"11"},"8W":{"C3":"11","3F":"11","2F":"11","66":"11","48":"11","2G":"11","C2":"11","49":"11","93":"11","75":"11","76":"11","57":"11","39":"11","85":"11","84":"11","2C":"11","67":"11","F2":"11","58":"11","3C":"11","94":"11"},"M3":{"RM":"11","HR":"11","JQ":"11","WH":"11","JR":"11","VJ":"11","MQ":"11","GW":"11","PQ":"11","QP":"11","XH":"11","HV":"11","PP":"11","QM":"11","GX":"11","GV":"11","XG":"11","VM":"11","WJ":"11"},"Q2":{"8M":"11","5H":"11","5J":"11","GF":"11","MP":"11","7J":"11","MM":"11","GH":"11","FH":"11","QQ":"11","RP":"11","2J":"11","WQ":"11","PM":"11","HG":"11","4H":"11","2H":"11","9J":"11","7M":"11","XQ":"11","8J":"11","JM":"11","RQ":"11","JJ":"11","VQ":"11","GG":"11","HF":"11","6J":"11","JH":"11","PP":"11","4J":"11","QP":"11","FJ":"11","CJ":"11","3J":"11","HH":"11","3H":"11","MJ":"11"},"FM":{"VX":"11","VW":"11","XW":"11","WV":"11","XV":"11","WW":"11","WX":"11","XR":"11"},"X2":{"P2":"11","62":"11","42":"11","M2":"11","32":"11","C2":"11","G2":"11","92":"11","82":"11","H2":"11","Q2":"11","52":"11","72":"11","J2":"11","F2":"11"},"M6":{"Q9":"11","RX":"11","RP":"11","Q6":"11","RM":"11","RF":"11","RQ":"11","RG":"11","P2":"11","RH":"11","Q4":"11","P3":"11","RC":"11","QQ":"11","RV":"11","Q8":"11","QJ":"11","QM":"11","Q7":"11","RR":"11","RW":"11","QP":"11","R8":"11","Q3":"11","Q5":"11","R9":"11","RJ":"11"},"P2":{"RM":"11","HR":"11","HQ":"11","VJ":"11","GW":"11","HP":"11","VG":"11","XH":"11","RJ":"11","HV":"11","JM":"11","MM":"11","GX":"11","VH":"11","HW":"11","RH":"11","FX":"11"},"FP":{"J8":"11","4X":"11","8M":"11","6V":"11","M7":"11","9M":"11","M8":"11","7P":"11","6W":"11","GF":"11","3X":"11","GC":"11","P6":"11","FG":"11","Q5":"11","J7":"11","5W":"11","8P":"11","FH":"11","FF":"11","5X":"11","J9":"11","7Q":"11","CH":"11","Q4":"11","7R":"11","9J":"11","4W":"11","M6":"11","8Q":"11","P5":"11","V2":"11","R2":"11","9P":"11","GG":"11","Q3":"11","R3":"11","HC":"11","P4":"11","H9":"11","H8":"11","CJ":"11","5V":"11","6R":"11"},"V2":{"78":"11","P2":"11","P3":"11","6C":"11","F6":"11","J4":"11","87":"11","Q2":"11","2C":"11","M4":"11","G5":"11","C6":"11","5C":"11","59":"11","C7":"11","88":"11","R2":"11","J3":"11","89":"11","H4":"11","3C":"11","49":"11","H5":"11","98":"11","69":"11","97":"11","4C":"11","79":"11","M3":"11","2F":"11"},"9R":{"X7":"11","MP":"11","MM":"11","W8":"11","RF":"11","WC":"11","FV":"11","GV":"11","FW":"11","PM":"11","QH":"11","PH":"11","WF":"11","W9":"11","9X":"11","CX":"11","HP":"11","VF":"11","GR":"11","QM":"11","RG":"11","CW":"11","JM":"11","JP":"11","X9":"11","X8":"11","PJ":"11","QG":"11","JQ":"11","HR":"11","V9":"11","HQ":"11","MJ":"11","QJ":"11","XC":"11","VC":"11"},"GM":{"5H":"11","5J":"11","7G":"11","C9":"11","99":"11","F6":"11","J2":"11","3P":"11","G5":"11","C8":"11","M2":"11","9C":"11","C7":"11","G4":"11","9F":"11","8C":"11","6H":"11","J3":"11","4M":"11","89":"11","3Q":"11","6G":"11","2R":"11","98":"11","4J":"11","H3":"11","F7":"11","F5":"11","2Q":"11","G6":"11"},"JF":{"Q3":"11","7Q":"11","9H":"11","P3":"11","J5":"11","6W":"11","CF":"11","P5":"11","7R":"11","R2":"11","H7":"11","7P":"11","8H":"11","Q2":"11","CG":"11","7V":"11","M6":"11","G8":"11","J6":"11","P2":"11","8M":"11","9G":"11","8J":"11","Q4":"11","F9":"11","6X":"11","7X":"11","M4":"11","7W":"11","J7":"11","8Q":"11","FF":"11","H8":"11","9J":"11","M5":"11","P4":"11","8P":"11","FC":"11","G9":"11"},"M7":{"QW":"11","RX":"11","V4":"11","RJ":"11","R4":"11","QV":"11","RC":"11","V5":"11","RF":"11","RP":"11","RR":"11","QX":"11","RH":"11","VF":"11","VG":"11","V8":"11","RG":"11","R2":"11","RQ":"11","R3":"11","RW":"11","RV":"11","V9":"11","V6":"11","R9":"11","V7":"11","RM":"11","V3":"11","VC":"11"},"6X":{"8M":"11","M7":"11","M8":"11","9M":"11","GF":"11","GC":"11","FG":"11","FH":"11","FF":"11","J9":"11","CH":"11","P8":"11","9J":"11","8J":"11","GG":"11","HF":"11","P7":"11","HC":"11","9H":"11","H9":"11","M9":"11","CJ":"11","JC":"11","CG":"11"},"7X":{"C3":"11","F3":"11","F2":"11","G2":"11"},"M9":{"GF":"11","GC":"11","FG":"11","CM":"11","FH":"11","9V":"11","8V":"11","H7":"11","J2":"11","J4":"11","CP":"11","FM":"11","M2":"11","8X":"11","CQ":"11","9Q":"11","J3":"11","9P":"11","GG":"11","G9":"11","H4":"11","9R":"11","HC":"11","H9":"11","H8":"11","H5":"11","FJ":"11","CJ":"11","8R":"11","8W":"11","H6":"11","J5":"11"},"J4":{"JP":"11","MX":"11","WF":"11","JQ":"11","JR":"11","MQ":"11","WG":"11","JW":"11","VG":"11","HP":"11","JX":"11","RJ":"11","PP":"11","XG":"11","JV":"11","XF":"11","RH":"11","MP":"11"},"R4":{"3G":"11","5J":"11","4G":"11","3H":"11","3J":"11","5H":"11","3M":"11","5M":"11","4H":"11","4M":"11","4J":"11"},"M4":{"C4":"11","5C":"11","C3":"11","3F":"11","2F":"11","4C":"11","59":"11","78":"11","77":"11","C2":"11","96":"11","69":"11","68":"11","86":"11","85":"11","95":"11","F2":"11","3C":"11","94":"11"},"7W":{"RJ":"11","GX":"11","HW":"11","RP":"11","QQ":"11","JW":"11","WH":"11","XH":"11","XF":"11","PQ":"11","XG":"11","PR":"11","JV":"11","MV":"11","WG":"11","JX":"11","VH":"11","VJ":"11","QP":"11","HX":"11","WJ":"11","MR":"11","RM":"11","VM":"11"},"FQ":{"33":"11","24":"11","42":"11","32":"11","23":"11"},"JC":{"RW":"11","XQ":"11","VV":"11","WP":"11","XJ":"11","QX":"11","RX":"11","WQ":"11","VW":"11","VR":"11","XP":"11","XM":"11","RV":"11","WV":"11","VX":"11","WR":"11"},"9V":{"38":"11","48":"11","66":"11","64":"11","65":"11","73":"11","29":"11","92":"11","93":"11","82":"11","75":"11","74":"11","57":"11","47":"11","39":"11","84":"11","2C":"11","56":"11","83":"11"},"M5":{"CC":"11","JP":"11","PV":"11","4C":"11","59":"11","PW":"11","GC":"11","HJ":"11","9C":"11","GJ":"11","MQ":"11","HP":"11","MR":"11","FF":"11","29":"11","49":"11","MW":"11","GF":"11","FC":"11","JM":"11","MM":"11","MV":"11","69":"11","68":"11","89":"11","PX":"11","GH":"11","39":"11","HM":"11","HH":"11","FG":"11","MP":"11","8C":"11","58":"11","GG":"11","99":"11","3C":"11"},"MC":{"66":"11","2J":"11","67":"11","2M":"11","82":"11","2H":"11","58":"11","74":"11","73":"11","48":"11","57":"11","65":"11","59":"11","2G":"11","64":"11","3G":"11","3C":"11","49":"11","72":"11","4C":"11","3H":"11","4F":"11","56":"11","3F":"11"},"8V":{"RM":"11","HR":"11","WF":"11","QJ":"11","JQ":"11","JR":"11","MQ":"11","GW":"11","WG":"11","PQ":"11","VG":"11","QP":"11","FW":"11","MR":"11","RJ":"11","PM":"11","HV":"11","QM":"11","PP":"11","GX":"11","GV":"11","JV":"11","VH":"11","XC":"11","HW":"11","XF":"11","RH":"11","CX":"11","MP":"11","FX":"11"},"GJ":{"RM":"11","MX":"11","QQ":"11","WH":"11","QR":"11","VJ":"11","RP":"11","WG":"11","QP":"11","JX":"11","RQ":"11","XG":"11","VH":"11","XF":"11","VM":"11","WJ":"11"},"HG":{"RM":"11","PR":"11","PV":"11","QQ":"11","WH":"11","QR":"11","VJ":"11","RP":"11","WG":"11","PQ":"11","QP":"11","XH":"11","MR":"11","QM":"11","MV":"11","XG":"11","VH":"11","XF":"11"}},"XQ":{"84":{"93":"11","84":"11","94":"11","C3":"11","C4":"11"},"J2":{"RW":"11","MX":"11","HX":"11","PW":"11","VV":"11","JW":"11","JX":"11","VW":"11","MW":"11","QW":"11","XV":"11","GX":"11","9X":"11","PX":"11","8X":"11","WV":"11","CX":"11","FX":"11"},"P2":{"FR":"11","4R":"11","5W":"11","9V":"11","8V":"11","FV":"11","GV":"11","QQ":"11","7R":"11","CV":"11","GR":"11","4Q":"11","5R":"11","PQ":"11","PR":"11","RQ":"11","HV":"11","3Q":"11","9R":"11","HR":"11","85":"11","5V":"11","6R":"11","8R":"11","2Q":"11","MR":"11","95":"11","3R":"11","JR":"11"},"J3":{"C2":"11","92":"11","82":"11"},"56":{"C7":"11","G4":"11","G3":"11","F7":"11","G6":"11","H2":"11","C8":"11","G5":"11","H3":"11","F6":"11","G2":"11"},"55":{"FR":"11","GX":"11","HW":"11","QR":"11","GV":"11","QQ":"11","RR":"11","CP":"11","VR":"11","GQ":"11","GW":"11","GR":"11","PQ":"11","CQ":"11","PR":"11","RQ":"11","HV":"11","FP":"11","FQ":"11","JQ":"11","HR":"11","HQ":"11","HX":"11","MQ":"11","MR":"11","JR":"11"},"F2":{"GW":"11","CW":"11","HW":"11","CV":"11","9V":"11"},"R2":{"G3":"11","C2":"11","J3":"11","92":"11","H3":"11","G2":"11"},"M2":{"2R":"11","WP":"11","7Q":"11","P3":"11","3V":"11","PF":"11","QF":"11","XP":"11","VM":"11","P5":"11","7R":"11","GG":"11","M3":"11","M2":"11","PC":"11","VJ":"11","4R":"11","J3":"11","CM":"11","QG":"11","9P":"11","HF":"11","3R":"11","4V":"11","RH":"11","Q4":"11","JF":"11","6R":"11","CP":"11","Q5":"11","RJ":"11","M4":"11","FJ":"11","2V":"11","WM":"11","XQ":"11","CJ":"11","5R":"11","8Q":"11","9Q":"11","JC":"11","M5":"11","MC":"11","GH":"11","FH":"11","P4":"11","8P":"11","HG":"11","RG":"11"}},"VQ":{"JP":{"J8":"11","XR":"11","9G":"11","G8":"11","7J":"11","MM":"11","JF":"11","H7":"11","QQ":"11","RR":"11","J9":"11","PM":"11","CC":"11","6M":"11","VR":"11","5P":"11","5M":"11","WR":"11","4Q":"11","8H":"11","9F":"11","RQ":"11","MG":"11","VQ":"11","JG":"11","FC":"11","8G":"11","6J":"11","G9":"11","3Q":"11","7H":"11","PP":"11","CF":"11","H8":"11","2R":"11","F9":"11","QP":"11","4P":"11","XV":"11","JC":"11","2Q":"11","MJ":"11","3R":"11","MH":"11"},"FP":{"F9":"11","J3":"11","H5":"11","H4":"11","78":"11","H6":"11","F8":"11","97":"11"},"8J":{"X7":"11","W7":"11","X8":"11","W8":"11"},"VP":{"8W":"11","8V":"11","7W":"11","7X":"11","8X":"11","7V":"11","7R":"11","8R":"11","8Q":"11"},"XQ":{"MJ":"11","RM":"11","PR":"11","PV":"11","64":"11","QQ":"11","M2":"11","JJ":"11","65":"11","VJ":"11","HJ":"11","JH":"11","G2":"11","PQ":"11","QP":"11","FF":"11","RJ":"11","54":"11","GF":"11","QM":"11","63":"11","H2":"11","J2":"11","G6":"11","VH":"11","HM":"11","F2":"11","56":"11","MP":"11","GG":"11","53":"11"},"VQ":{"C4":"11","P6":"11","C5":"11","H6":"11","Q7":"11","V6":"11","73":"11","R7":"11","F5":"11","X6":"11","92":"11","M6":"11","93":"11","82":"11","75":"11","74":"11","76":"11","P7":"11","72":"11","G6":"11","J6":"11","M7":"11","G5":"11","V7":"11","F4":"11","94":"11"},"XR":{"X5":"11"},"WP":{"VR":"11","RR":"11"},"PQ":{"W2":"11","W3":"11","V2":"11","X4":"11","X3":"11"},"HP":{"4X":"11","QW":"11","XR":"11","VW":"11","GX":"11","3X":"11","HW":"11","5X":"11","JW":"11","9X":"11","GW":"11","CX":"11","6X":"11","MW":"11","FX":"11","WV":"11","2X":"11","8X":"11","RW":"11","RV":"11","VV":"11","PW":"11","7X":"11","HX":"11","XV":"11"},"XH":{"V3":"11","V4":"11","Q3":"11","W3":"11","W4":"11","X2":"11","Q2":"11","R3":"11","W5":"11","W2":"11"},"WQ":{"WF":"11","64":"11","C2":"11","73":"11","G2":"11","XH":"11","92":"11","82":"11","54":"11","26":"11","63":"11","H2":"11","35":"11","25":"11","XG":"11","45":"11","44":"11","XF":"11","F2":"11","83":"11"},"CQ":{"42":"11","52":"11","43":"11"},"PM":{"GX":"11"},"GP":{"VX":"11","VW":"11","QW":"11","RX":"11","GW":"11","FW":"11","HW":"11","XX":"11","MW":"11","PW":"11","RW":"11","WW":"11","JW":"11","WX":"11"},"CR":{"45":"11"},"PP":{"F4":"11","QW":"11","RX":"11","F8":"11","QV":"11","PV":"11","FG":"11","GH":"11","FH":"11","FF":"11","HM":"11","F6":"11","GM":"11","F3":"11","HP":"11","PR":"11","GJ":"11","JP":"11","G3":"11","MV":"11","FC":"11","JQ":"11","RW":"11","PW":"11","VX":"11","F9":"11","F7":"11","F5":"11","MQ":"11","MR":"11","G6":"11","G2":"11","JR":"11"},"MM":{"VV":"11","VR":"11","WR":"11","WQ":"11","VQ":"11"},"XV":{"C3":"11","C5":"11","9C":"11","55":"11","FM":"11","F3":"11","G3":"11","C6":"11","95":"11","CM":"11","99":"11"},"XG":{"QW":"11","M8":"11","GF":"11","GC":"11","P6":"11","QV":"11","Q5":"11","P2":"11","GH":"11","P3":"11","QX":"11","PM":"11","Q4":"11","P8":"11","HJ":"11","P5":"11","M2":"11","JJ":"11","GG":"11","XW":"11","Q3":"11","P7":"11","JH":"11","HC":"11","XX":"11","PJ":"11","P4":"11","M9":"11","JC":"11","HH":"11","MJ":"11","MC":"11","MH":"11"},"CJ":{"7R":"11","5Q":"11","8W":"11","4P":"11","6R":"11","3Q":"11","7W":"11","7V":"11","5R":"11","9X":"11","8X":"11","8V":"11","4Q":"11","3M":"11","CX":"11","4M":"11"},"XP":{"8W":"11","6V":"11","5V":"11","6R":"11","CW":"11","7W":"11","7V":"11","GX":"11","5R":"11","9W":"11","8V":"11","CX":"11","FX":"11"},"XC":{"FX":"11","GX":"11"},"VX":{"VX":"11","PR":"11"},"CM":{"93":"11","J7":"11","J8":"11","H7":"11","F5":"11","C2":"11","C3":"11","G6":"11","F4":"11","H6":"11","G5":"11","C4":"11","92":"11","M8":"11"},"XF":{"XR":"11","M8":"11","M7":"11","RJ":"11","MP":"11","P6":"11","MM":"11","M5":"11","WP":"11","H7":"11","RP":"11","WQ":"11","QH":"11","PH":"11","MF":"11","J4":"11","P8":"11","PX":"11","RH":"11","M6":"11","XP":"11","M4":"11","XQ":"11","PF":"11","MW":"11","P9":"11","PC":"11","J3":"11","MG":"11","JP":"11","P7":"11","HC":"11","JQ":"11","PG":"11","MX":"11","M9":"11","H3":"11","JC":"11","RM":"11","MC":"11","G2":"11","VP":"11","JR":"11","MH":"11"},"MP":{"CR":"11","QJ":"11","3V":"11","R7":"11","FR":"11","5V":"11","RF":"11","V9":"11","V6":"11","7V":"11","MQ":"11","6V":"11","JQ":"11","HQ":"11","R8":"11","PM":"11","4V":"11","RH":"11","GR":"11","RC":"11","QM":"11","VC":"11","PP":"11","V8":"11","RJ":"11","2V":"11","MP":"11","V7":"11","R9":"11","FV":"11","CV":"11","9V":"11","8V":"11","HR":"11","RG":"11"},"VM":{"J7":"11","H7":"11"},"CP":{"4X":"11"},"9J":{"48":"11","39":"11","28":"11","QH":"11","CC":"11","MF":"11","FC":"11","38":"11","79":"11","QG":"11","89":"11","JF":"11","HF":"11"}},"QR":{"38":{"MP":"11","MM":"11","V5":"11","X4":"11","R8":"11","Q8":"11","GV":"11","FW":"11","PH":"11","QC":"11","X3":"11","GR":"11","R6":"11","JM":"11","W5":"11","HV":"11","JP":"11","QF":"11","PJ":"11","QG":"11","JQ":"11","HR":"11","PG":"11","HQ":"11","Q9":"11","R7":"11","V6":"11","R9":"11","V7":"11","MJ":"11"},"2F":{"73":"11","72":"11","82":"11"},"55":{"24":"11","25":"11","22":"11","32":"11","23":"11","26":"11"},"2P":{"37":"11","5J":"11","36":"11","6P":"11","6M":"11","5M":"11","5P":"11","26":"11","5Q":"11"},"29":{"XW":"11","XV":"11","WW":"11","XR":"11","WX":"11"},"46":{"M7":"11","M8":"11","GX":"11","P6":"11","M5":"11","P2":"11","JF":"11","P3":"11","GV":"11","HM":"11","J9":"11","FW":"11","MF":"11","HJ":"11","GQ":"11","GW":"11","M6":"11","HP":"11","M4":"11","GR":"11","P5":"11","FX":"11","JM":"11","JJ":"11","JG":"11","JH":"11","P4":"11","HR":"11","HQ":"11","M9":"11","JC":"11","HH":"11","MC":"11"},"54":{"3F":"11","38":"11","48":"11","4C":"11","3W":"11","33":"11","3G":"11","32":"11","3P":"11","4P":"11","3R":"11","2X":"11","49":"11","3Q":"11","3X":"11","4G":"11","3H":"11","35":"11","37":"11","3V":"11","4Q":"11","36":"11","22":"11","39":"11","4H":"11","34":"11","4M":"11","4J":"11","3C":"11","4F":"11"},"52":{"7G":"11","7J":"11","68":"11","P2":"11","6P":"11","5W":"11","P3":"11","6C":"11","5X":"11","67":"11","5Q":"11","J4":"11","6M":"11","Q2":"11","5P":"11","M4":"11","5M":"11","5C":"11","V2":"11","5R":"11","R2":"11","J3":"11","6F":"11","Q3":"11","6J":"11","7H":"11","6G":"11","69":"11","5V":"11","M3":"11","5F":"11"},"47":{"F4":"11","5J":"11","7G":"11","7C":"11","96":"11","99":"11","6M":"11","C5":"11","5P":"11","F3":"11","C6":"11","5M":"11","7F":"11","C3":"11","C7":"11","4Q":"11","88":"11","8C":"11","2V":"11","6H":"11","89":"11","6J":"11","3Q":"11","2W":"11","7H":"11","6G":"11","2R":"11","98":"11","C4":"11","8F":"11","4P":"11","97":"11","F2":"11","2Q":"11","3R":"11"},"37":{"XW":"11"},"45":{"QW":"11","RJ":"11","X7":"11","QV":"11","PV":"11","WC":"11","QR":"11","RP":"11","QQ":"11","X6":"11","WF":"11","PX":"11","W9":"11","RH":"11","VF":"11","VG":"11","RQ":"11","X9":"11","X5":"11","X8":"11","WG":"11","VH":"11","PW":"11","VJ":"11","QP":"11","RM":"11"},"39":{"F4":"11","5H":"11","7G":"11","7C":"11","2P":"11","96":"11","5G":"11","3P":"11","C5":"11","F3":"11","C6":"11","7F":"11","88":"11","8C":"11","2V":"11","6H":"11","89":"11","6F":"11","3Q":"11","7H":"11","6G":"11","2R":"11","98":"11","C4":"11","8F":"11","97":"11","2Q":"11"},"2C":{"R4":"11","JF":"11","9V":"11","W2":"11","MF":"11","CV":"11","9X":"11","W3":"11","R6":"11","R5":"11","P9":"11","V2":"11","CW":"11","8X":"11","JG":"11","JH":"11","9W":"11","M9":"11","MC":"11","V3":"11"},"53":{"3X":"11","54":"11","52":"11","3P":"11","4H":"11","3V":"11","58":"11","57":"11","5C":"11","59":"11","2X":"11","2V":"11","3G":"11","4G":"11","3M":"11","3Q":"11","2W":"11","55":"11","49":"11","3J":"11","4C":"11","53":"11","3H":"11","3R":"11","4F":"11","56":"11"}},"RP":{"7X":{"2R":"11","MJ":"11","PJ":"11","5Q":"11","QJ":"11","FP":"11","XQ":"11","WH":"11","JJ":"11","XJ":"11","WG":"11","3R":"11","XH":"11","3Q":"11","RJ":"11","FM":"11","7Q":"11","9P":"11","6Q":"11","JM":"11","8Q":"11","2V":"11","XG":"11","8P":"11","XP":"11","GM":"11","VH":"11","XM":"11","4Q":"11","HM":"11","RH":"11","CP":"11"},"2X":{"XR":"11","4R":"11","MM":"11","RP":"11","PM":"11","CR":"11","7R":"11","3V":"11","VR":"11","8Q":"11","HP":"11","QM":"11","WR":"11","WV":"11","4Q":"11","5R":"11","JM":"11","CQ":"11","9Q":"11","2V":"11","RQ":"11","JJ":"11","FP":"11","VQ":"11","JP":"11","9R":"11","PJ":"11","JQ":"11","HQ":"11","2R":"11","QP":"11","XV":"11","6R":"11","8R":"11","GP":"11","MJ":"11","RM":"11","3R":"11","QJ":"11"},"3X":{"7R":"11","2R":"11","8R":"11","FQ":"11","VQ":"11","4R":"11","6R":"11","3R":"11","WQ":"11","FR":"11","CR":"11","9R":"11","2V":"11","3V":"11","GQ":"11","8V":"11"},"6X":{"4X":"11","QR":"11","9V":"11","FV":"11","GV":"11","QQ":"11","5X":"11","RR":"11","7W":"11","VR":"11","6X":"11","GR":"11","8X":"11","PQ":"11","PR":"11","RQ":"11","HV":"11","9W":"11","HR":"11","7X":"11","8W":"11","JR":"11"},"8X":{"6V":"11","4R":"11","2P":"11","HW":"11","9V":"11","8V":"11","2J":"11","FW":"11","JW":"11","2H":"11","7V":"11","GW":"11","2G":"11","5R":"11","3Q":"11","4V":"11","JX":"11","HX":"11","5V":"11","2Q":"11","3R":"11"},"5X":{"RX":"11","VW":"11","9V":"11","FW":"11","QX":"11","JW":"11","CV":"11","PX":"11","GW":"11","MW":"11","CW":"11","RW":"11","JX":"11","PW":"11","MX":"11","HX":"11"},"4X":{"PQ":"11","PH":"11","RP":"11","MG":"11","RQ":"11","PM":"11","QQ":"11","WQ":"11","PP":"11","PG":"11"}},"XR":{"92":{"54":"11","53":"11","74":"11"}},"QX":{"JF":{"7R":"11","6V":"11","FP":"11","8R":"11","5V":"11","9Q":"11","GJ":"11","6R":"11","4V":"11","CQ":"11","FM":"11","9R":"11","H2":"11","7V":"11","J2":"11","H3":"11","5R":"11","GM":"11","GH":"11","CP":"11","FJ":"11"},"H7":{"2W":"11","2X":"11","2V":"11"},"F6":{"RM":"11","WH":"11","VJ":"11","RP":"11","MQ":"11","WG":"11","PQ":"11","QP":"11","RJ":"11","QM":"11","PP":"11","XG":"11","VH":"11","XC":"11","XF":"11","VM":"11"},"J9":{"6X":"11","7X":"11","8X":"11","5X":"11","5W":"11","6W":"11","4X":"11"},"QH":{"W2":"11","X2":"11","X3":"11"},"MF":{"MX":"11","HX":"11","QX":"11","RX":"11","JX":"11","7X":"11","GX":"11","9X":"11","6X":"11","PX":"11","8X":"11","VX":"11","CX":"11","FX":"11"},"RH":{"9G":"11","RJ":"11","78":"11","7C":"11","XJ":"11","68":"11","HM":"11","QH":"11","PH":"11","WH":"11","34":"11","HJ":"11","RH":"11","22":"11","25":"11","23":"11","35":"11","XM":"11","JM":"11","8C":"11","JJ":"11","89":"11","JH":"11","QG":"11","PG":"11","VH":"11","VJ":"11","24":"11","WJ":"11","79":"11","CG":"11","MH":"11"},"WM":{"C9":"11","83":"11","96":"11","99":"11","CH":"11","CC":"11","74":"11","73":"11","86":"11","C8":"11","CF":"11","98":"11","F9":"11","72":"11","85":"11","97":"11","84":"11","95":"11","62":"11","CG":"11"},"G5":{"7Q":"11","7M":"11","7P":"11","6Q":"11","6P":"11","6R":"11","7J":"11","6M":"11","5X":"11","5W":"11","6V":"11","6W":"11","5V":"11"},"G4":{"J8":"11","GF":"11","GC":"11","FG":"11","J7":"11","GH":"11","CM":"11","FH":"11","9V":"11","8V":"11","H7":"11","J9":"11","7W":"11","J4":"11","CR":"11","CP":"11","FM":"11","6X":"11","M2":"11","CQ":"11","9Q":"11","J3":"11","FP":"11","GG":"11","GJ":"11","G9":"11","9R":"11","HC":"11","H9":"11","H8":"11","H5":"11","7X":"11","FJ":"11","8W":"11","J6":"11","H6":"11","M3":"11","J5":"11"},"MG":{"42":"11","W2":"11","X2":"11","V2":"11","72":"11","Q2":"11","62":"11","52":"11","22":"11","32":"11","R2":"11","23":"11"},"JG":{"V4":"11","R4":"11","CM":"11","8V":"11","MF":"11","HJ":"11","GM":"11","CP":"11","X3":"11","FM":"11","W3":"11","R6":"11","R5":"11","P9":"11","CQ":"11","9Q":"11","9P":"11","MG":"11","FP":"11","W4":"11","GJ":"11","JH":"11","9R":"11","PG":"11","Q9":"11","R7":"11","8R":"11","HH":"11","V3":"11","MH":"11"},"G3":{"PR":"11","PJ":"11","QH":"11","MX":"11","Q3":"11","PV":"11","R9":"11","QJ":"11","RC":"11","RF":"11","PQ":"11","MR":"11","PM":"11","R2":"11","MW":"11","PP":"11","QM":"11","QF":"11","Q2":"11","MV":"11","R3":"11","QC":"11","QG":"11"},"G9":{"M8":"11","R8":"11","H6":"11","QQ":"11","QR":"11","Q7":"11","R7":"11","X6":"11","P8":"11","Q8":"11","W6":"11","RQ":"11","J6":"11","RV":"11","V7":"11","RR":"11","W5":"11","J8":"11","J7":"11","X4":"11","X5":"11"},"G7":{"XR":"11","9G":"11","RJ":"11","7G":"11","WP":"11","WQ":"11","QH":"11","MF":"11","RH":"11","XQ":"11","WM":"11","PF":"11","7F":"11","RG":"11","PC":"11","QF":"11","8G":"11","HC":"11","QG":"11","PG":"11","VJ":"11","8F":"11","XV":"11","JC":"11","MC":"11","VM":"11"},"JH":{"C7":"11"},"HC":{"X2":"11"},"QG":{"VW":"11","9G":"11","7G":"11","MP":"11","QV":"11","QR":"11","HM":"11","CH":"11","GM":"11","WW":"11","39":"11","HP":"11","28":"11","5C":"11","7F":"11","PQ":"11","8H":"11","PR":"11","GJ":"11","6F":"11","JP":"11","8G":"11","29":"11","XX":"11","JQ":"11","3C":"11","9H":"11","RW":"11","RV":"11","49":"11","VX":"11","FJ":"11","CJ":"11","4C":"11","WX":"11","MQ":"11","5F":"11"},"PG":{"F4":"11","P6":"11","W8":"11","M5":"11","83":"11","32":"11","Q7":"11","93":"11","52":"11","22":"11","43":"11","M6":"11","73":"11","V8":"11","G5":"11","G4":"11","Q6":"11","X9":"11","P7":"11","X8":"11","63":"11","H5":"11","42":"11","R7":"11","C4":"11","F5":"11","V7":"11","84":"11","53":"11","J6":"11","94":"11","62":"11","W7":"11","J5":"11"},"H9":{"WX":"11","RW":"11","XX":"11","6W":"11","PR":"11","WW":"11","HR":"11","PV":"11","QR":"11","JR":"11","7X":"11","FW":"11","MR":"11","5W":"11","VW":"11","7W":"11","QV":"11","6X":"11","RV":"11","VX":"11","FX":"11","5X":"11"},"H8":{"37":"11","4R":"11","3W":"11","32":"11","38":"11","36":"11","47":"11","3P":"11","4H":"11","34":"11","3V":"11","22":"11","39":"11","35":"11","48":"11","46":"11","33":"11","4Q":"11","4M":"11","4G":"11","3Q":"11","49":"11","4J":"11","4P":"11","45":"11","4C":"11","3R":"11","4F":"11"},"VH":{"6W":"11","5Q":"11","8W":"11","6V":"11","5V":"11","3P":"11","2P":"11","4P":"11","6R":"11","7X":"11","3Q":"11","2M":"11","7W":"11","7V":"11","5R":"11","9X":"11","8X":"11","4Q":"11"},"VJ":{"C4":"11","C3":"11","RM":"11","J9":"11","C5":"11","HC":"11","JC":"11","JF":"11","H8":"11","C2":"11","G8":"11","F5":"11","92":"11","93":"11","82":"11","WM":"11","H7":"11","G6":"11","H9":"11","XP":"11","G5":"11","XM":"11","F6":"11","G7":"11","F4":"11","WJ":"11"},"JC":{"G8":"11","MP":"11","MM":"11","JF":"11","F6":"11","93":"11","82":"11","22":"11","C5":"11","23":"11","MW":"11","33":"11","C3":"11","JM":"11","JJ":"11","JP":"11","HF":"11","JG":"11","MV":"11","92":"11","G9":"11","G7":"11","JH":"11","HC":"11","H9":"11","H8":"11","JX":"11","MX":"11","42":"11","C4":"11","F5":"11","MQ":"11","MR":"11","G6":"11"},"WJ":{"6W":"11","5V":"11","2Q":"11","3P":"11","4R":"11","2P":"11","7X":"11","3R":"11","4V":"11","5W":"11","3Q":"11","2M":"11","5R":"11","6X":"11","4Q":"11"},"G6":{"38":"11","2F":"11","29":"11","28":"11","46":"11","43":"11","52":"11","35":"11","37":"11","45":"11","36":"11","44":"11","2C":"11","53":"11"},"G2":{"QW":"11","RX":"11","W8":"11","X4":"11","WC":"11","RP":"11","RR":"11","QX":"11","W6":"11","WF":"11","W9":"11","X3":"11","VF":"11","VG":"11","W3":"11","W5":"11","RQ":"11","W4":"11","VQ":"11","RW":"11","RV":"11","V9":"11","VH":"11","VJ":"11","X2":"11","W7":"11","VP":"11","VC":"11","VM":"11"}},"RX":{"2W":{"J8":"11","J7":"11","M5":"11","GH":"11","JF":"11","FH":"11","J9":"11","J2":"11","J4":"11","HG":"11","HJ":"11","M6":"11","M4":"11","J3":"11","GJ":"11","JG":"11","JH":"11","JC":"11","HH":"11","J6":"11","J5":"11"},"2X":{"WJ":"11","WG":"11","WH":"11","XH":"11","XG":"11"},"2R":{"88":"11","GW":"11","HW":"11","98":"11","53":"11"},"3X":{"8W":"11","7Q":"11","8V":"11","6Q":"11","8X":"11","7V":"11","7R":"11","8R":"11"},"2V":{"JP":"11","H4":"11","J9":"11","JQ":"11","H6":"11","HC":"11","JC":"11","JF":"11","HG":"11","H8":"11","JR":"11","JW":"11","JX":"11","HF":"11","J3":"11","JM":"11","H2":"11","J5":"11","H7":"11","J2":"11","H3":"11","J6":"11","H9":"11","JV":"11","H5":"11","J8":"11","J7":"11","J4":"11"}},"QP":{"VX":{"VX":"11","VW":"11","RX":"11","WV":"11","QX":"11","RW":"11","WW":"11","WX":"11"},"XX":{"XW":"11","RW":"11","WW":"11","HX":"11","QX":"11","RX":"11","7X":"11","JX":"11","VW":"11","XV":"11","GX":"11","6X":"11","VX":"11","5X":"11"},"WX":{"MX":"11","HX":"11","JX":"11","PX":"11","MW":"11","JW":"11"}},"WQ":{"2R":{"GW":"11","HW":"11","MV":"11","QX":"11","PX":"11","MW":"11","PW":"11","JW":"11"},"5Q":{"42":"11","62":"11","22":"11","32":"11"},"2F":{"2R":"11","3W":"11","4W":"11","3V":"11","4X":"11","3R":"11"},"3W":{"9C":"11","HV":"11","9F":"11"},"2G":{"5H":"11","5J":"11","4R":"11","68":"11","6P":"11","54":"11","5G":"11","67":"11","52":"11","58":"11","6M":"11","43":"11","5M":"11","65":"11","5C":"11","59":"11","5R":"11","2V":"11","6H":"11","6F":"11","6J":"11","2W":"11","6G":"11","2R":"11","42":"11","6Q":"11","6R":"11","4C":"11","53":"11","3R":"11","5F":"11"},"X8":{"8M":"11","9M":"11","7P":"11","FG":"11","6P":"11","CM":"11","GH":"11","8P":"11","FH":"11","7Q":"11","CH":"11","QH":"11","PH":"11","WF":"11","HJ":"11","9J":"11","RH":"11","VG":"11","VF":"11","RG":"11","JJ":"11","JH":"11","PG":"11","6Q":"11","CJ":"11","HH":"11","CG":"11","MH":"11"},"8M":{"FR":"11","WP":"11","FV":"11","RP":"11","QQ":"11","CV":"11","9X":"11","XP":"11","GR":"11","XM":"11","CW":"11","PQ":"11","RQ":"11","9W":"11","HR":"11","QP":"11","MQ":"11","MR":"11","VP":"11","JR":"11"},"2Q":{"V3":"11","C3":"11","62":"11","Q3":"11","42":"11","32":"11","73":"11","W3":"11","93":"11","82":"11","J3":"11","63":"11","F3":"11","52":"11","72":"11","M3":"11","H3":"11","R3":"11","X3":"3|11","G3":"11","P3":"11","83":"11"},"FH":{"MX":"11","QW":"11","WP":"11","WM":"11","VR":"11","RV":"11","PX":"11","WQ":"11","QV":"11","PW":"11","RR":"11","VQ":"11","XM":"11"},"3Q":{"F4":"3","V4":"11","R4":"3|11","X4":"11","83":"3","93":"3","Q4":"3","J4":"3","43":"3","F3":"3","74":"3","73":"3","23":"3","M4":"3","33":"3","C3":"3","G4":"3","64":"3","W4":"11","G3":"3","H4":"3","P4":"3","63":"3","H3":"3","C4":"3","84":"3","53":"3","94":"3"},"8Q":{"PQ":"11","MQ":"11","MV":"11","QQ":"11","PV":"11","QP":"11","MP":"11","MR":"11"},"2V":{"33":"11","XJ":"11","R2":"11","43":"11","H2":"11","Q2":"11","J2":"11","G6":"11","H3":"11","G5":"11","53":"11"},"8P":{"33":"11","32":"11","23":"11"},"CJ":{"XF":"11"},"GH":{"2M":"11"},"4Q":{"P2":"11","C3":"11","23":"11","33":"11","M2":"11","V2":"11","C2":"11","73":"11","G2":"11","92":"11","R2":"11","93":"11","X2":"11","43":"11","63":"11","H2":"11","Q2":"11","J2":"11","M3":"11","H3":"11","24":"11","44":"11","F2":"11","34":"11","83":"11","W2":"11","53":"11"},"5P":{"JP":"11","PJ":"11","HR":"11","8W":"11","QJ":"11","WH":"11","HQ":"11","XJ":"11","CV":"11","HP":"11","7X":"11","XH":"11","GR":"11","CW":"11","RJ":"11","PM":"11","FR":"11","FV":"11","MM":"11","9W":"11","6X":"11","8X":"11","VH":"11","9V":"11","RH":"11","MP":"11"},"6P":{"QH":"11","8M":"11","RG":"11","HJ":"11","GJ":"11","7M":"11","FM":"11","9M":"11","3J":"11","CJ":"11","MH":"11","5M":"11","CM":"11","QG":"11","6M":"11","RH":"11","2J":"11","4M":"11","4J":"11","FJ":"11","9J":"11"},"FJ":{"C4":"11","3F":"11","2F":"11","4C":"11","59":"11","C5":"11","78":"11","M2":"11","77":"11","49":"11","J3":"11","76":"11","96":"11","F3":"11","G4":"11","J2":"11","H3":"11","68":"11","G3":"11","86":"11","39":"11","85":"11","95":"11","2C":"11","67":"11","58":"11","F4":"11","3C":"11"},"4X":{"6P":"11","6R":"11","7R":"11"}},"QW":{"5C":{"R5":"11","X5":"11","J2":"11","V4":"11","M3":"11","C2":"11","J3":"11","P3":"11","Q4":"11","V5":"11","X6":"11","H2":"11","W5":"11","R4":"11","F2":"11","H3":"11","G2":"11","P4":"11"},"23":{"37":"11","5H":"11","5J":"11","6V":"11","6P":"11","5G":"11","38":"11","7W":"11","7R":"11","26":"11","7V":"11","6M":"11","39":"11","5M":"11","4G":"11","49":"11","7X":"11","6Q":"11","6R":"11","4C":"11","27":"11","5F":"11","4F":"11"},"6F":{"W2":"11","X2":"11","X3":"11"},"4C":{"93":"11","5C":"11","95":"11","94":"11","C2":"11","5F":"11","4C":"11","C5":"11","92":"11"},"8J":{"66":"11","78":"11","64":"11","7G":"11","65":"11","7C":"11","55":"11","6R":"11","54":"11","6Q":"11","7H":"11","7F":"11","68":"11","9X":"11","8X":"11","CX":"11","67":"11","79":"11","56":"11","6P":"11"},"59":{"6W":"11","2W":"11","3W":"11","7X":"11","5W":"11","7W":"11","4W":"11","2V":"11","9X":"11","6X":"11","8X":"11","CX":"11","FX":"11"},"9Q":{"H2":"11","X4":"11","X3":"11","H3":"11","G2":"11","W4":"11"},"FQ":{"44":"11","9G":"11","78":"11","HW":"11","66":"11","FH":"11","67":"11","CH":"11","77":"11","34":"11","22":"11","GQ":"11","FM":"11","23":"11","GR":"11","33":"11","9C":"11","9F":"11","8C":"11","HV":"11","FP":"11","89":"11","HR":"11","55":"11","FJ":"11","CJ":"11","45":"11","GP":"11","CG":"11","79":"11","56":"11"},"8M":{"M8":"11","H4":"11","H6":"11","C2":"11","92":"11","M9":"11","F3":"11","G4":"11","J6":"11","M7":"11","G5":"11","G3":"11","MF":"11","H5":"11","J8":"11","F2":"11","PC":"11","J7":"11","MC":"11"},"7G":{"PJ":"11","J9":"11","H6":"11","PH":"11","MG":"11","QR":"11","QV":"11","M9":"11","H7":"11","J6":"11","MF":"11","F2":"11","J8":"11","J7":"11","MC":"11"},"GW":{"WX":"11","WW":"11","P6":"11","R9":"11","RC":"11","VP":"11","P4":"11","RG":"11","M5":"11","Q7":"11","65":"11","VJ":"11","RF":"11","C2":"11","WP":"11","55":"11","G2":"11","VG":"11","WQ":"11","M4":"11","Q6":"11","54":"11","J3":"11","75":"11","74":"11","WM":"11","Q8":"11","H2":"11","P7":"11","J2":"11","Q9":"11","M3":"11","H3":"11","VH":"11","P5":"11","44":"11","WV":"11","QC":"11","RH":"11","F2":"11","VM":"11","WR":"11","J4":"11"},"FW":{"X2":"11","X3":"11"},"CQ":{"24":"11","X2":"11","32":"11","23":"11"},"49":{"XW":"11","RW":"11","WW":"11","PV":"11","PW":"11","VV":"11","GW":"11","JW":"11","FW":"11","CW":"11","VW":"11","MW":"11","QW":"11","QV":"11","XV":"11","MV":"11","9X":"11","JV":"11","RV":"11","WV":"11","HW":"11","CX":"11","FX":"11"},"FR":{"XR":"11","Q5":"11","RC":"11","WP":"11","P3":"11","R8":"11","WQ":"11","Q4":"11","VG":"11","VF":"11","R6":"11","WR":"11","WV":"11","Q6":"11","J3":"11","XW":"11","Q3":"11","XX":"11","P4":"11","VH":"11","VJ":"11","R9":"11","XV":"11","M3":"11","VP":"11","VC":"11"},"8H":{"3W":"11","3P":"11","2P":"11","3R":"11","4V":"11","3Q":"11","2M":"11","4W":"11","3V":"11","3M":"11"},"FV":{"XW":"11","XX":"11","X7":"11","X8":"11","XQ":"11","XR":"11","XJ":"11","X6":"11","X2":"11","XV":"11","XP":"11","X3":"11","XM":"11","XC":"11","XF":"11","X4":"11","X5":"11"},"7H":{"W8":"11","WC":"11","X6":"11","W6":"11","W9":"11","XF":"11","W3":"11","V2":"11","W5":"11","R2":"11","W4":"11","X9":"11","X5":"11","X8":"11","V3":"11","W7":"11","XC":"11"},"35":{"7M":"11","5G":"11","7P":"11","3C":"11","6J":"11","6H":"11","5F":"11","6G":"11","4C":"11","6M":"11","2C":"11","4F":"11","3F":"11"},"7F":{"8M":"11","9M":"11","7G":"11","6C":"11","36":"11","FW":"11","47":"11","CR":"11","CV":"11","34":"11","9J":"11","58":"11","23":"11","35":"11","CX":"11","48":"11","57":"11","59":"11","FX":"11","7F":"11","46":"11","8J":"11","CW":"11","8H":"11","CQ":"11","9Q":"11","9P":"11","6F":"11","8G":"11","7H":"11","9H":"11","69":"11","24":"11","45":"11"},"GX":{"XR":"11","X7":"11","XJ":"11","X4":"11","W2":"11","X6":"11","XH":"11","X3":"11","XP":"11","XQ":"11","XF":"11","W3":"11","XM":"11","XG":"11","W4":"11","XW":"11","X9":"11","X5":"11","X8":"11","XX":"11","XV":"11","X2":"11","XC":"11"},"GV":{"2R":"11","2F":"11","2G":"11","2Q":"11","2P":"11","2M":"11","GX":"11","2C":"11","FX":"11","2J":"11"},"25":{"W9":"11","R9":"11","JQ":"11","JC":"11","JF":"11","HG":"11","HQ":"11","HJ":"11","GJ":"11","GW":"11","HP":"11","X9":"11","HV":"11","HF":"11","V9":"11","Q9":"11","GX":"11","GM":"11","GH":"11","WC":"11","MF":"11","XC":"11","QC":"11","JG":"11","HH":"11","PC":"11","FX":"11","MC":"11"},"24":{"73":"11","72":"11","76":"11","75":"11","74":"11"},"8P":{"W2":"11","W3":"11","V2":"11","W4":"11"},"36":{"F8":"11","G8":"11","MP":"11","MM":"11","JF":"11","75":"11","F6":"11","C5":"11","74":"11","C6":"11","PQ":"11","PR":"11","JJ":"11","HF":"11","JG":"11","G9":"11","JH":"11","HC":"11","PP":"11","H9":"11","F7":"11","84":"11","MQ":"11","MJ":"11","95":"11","MH":"11"},"39":{"VP":"11","VQ":"11","QR":"11","QV":"11","VR":"11","RQ":"11","RR":"11"},"CP":{"XW":"11","WX":"11","XX":"11","7R":"11","6V":"11","3W":"11","5V":"11","8R":"11","4V":"11","5W":"11","CR":"11","9R":"11","3X":"11","4W":"11","7V":"11"},"6C":{"37":"11","VW":"11","7C":"11","MP":"11","MM":"11","FG":"11","68":"11","GH":"11","QR":"11","FH":"11","FF":"11","QQ":"11","RR":"11","36":"11","47":"11","26":"11","HJ":"11","WW":"11","58":"11","48":"11","57":"11","9C":"11","PQ":"11","9F":"11","JM":"11","8C":"11","JJ":"11","GG":"11","GJ":"11","89":"11","XX":"11","PP":"11","CF":"11","RV":"11","VV":"11","69":"11","27":"11","WX":"11","HH":"11","CG":"11","79":"11"}},"QV":{"2W":{"2W":"11","2X":"11","3W":"11","2V":"11","3V":"11","4V":"11"},"2X":{"22":"11","32":"11"}},"VR":{"V2":{"V2":"11"}},"RQ":{"44":{"38":"11"},"MM":{"VV":"11","J2":"11","VR":"11","J3":"11","WR":"11","H2":"11"},"99":{"66":"11","42":"11","7G":"11","55":"11","7C":"11","FW":"11","8H":"11","54":"11","8G":"11","7H":"11","52":"11","57":"11","7F":"11","69":"11","68":"11","67":"11","79":"11","56":"11","FX":"11","6C":"11","53":"11"},"C2":{"78":"11","68":"11","M5":"11","F6":"11","X6":"11","W6":"11","J4":"11","77":"11","58":"11","87":"11","M4":"11","R6":"11","C6":"11","88":"11","29":"11","H5":"11","V6":"11","97":"11","G6":"11","H6":"11","J5":"11"},"82":{"W9":"11","R8":"11","R9":"11","P4":"11","Q7":"11","R7":"11","VC":"11","Q6":"11","Q8":"11","V9":"11","WC":"11","P3":"11","XC":"11","XF":"11"},"22":{"H8":"11","H9":"11"},"87":{"V4":"11","VW":"11","V5":"11","F6":"11","WQ":"11","WW":"11","VG":"11","VF":"11","V8":"11","WR":"11","WV":"11","V2":"11","VQ":"11","VV":"11","V9":"11","VH":"11","VX":"11","VJ":"11","V6":"11","WJ":"11","V7":"11","WX":"11","V3":"11","VP":"11","VM":"11","VC":"11"},"F3":{"24":"11","25":"11"},"86":{"VX":"11"},"C3":{"MJ":"11","PJ":"11","R8":"11","R9":"11","X7":"11","PG":"11","CV":"11","R7":"11","HP":"11","X6":"11","CW":"11","PM":"11","GP":"11","FR":"11","QF":"11","MM":"11","W6":"11","W7":"11","Q9":"11","9W":"11","GQ":"11","9V":"11","V7":"11","QC":"11","QG":"11","X5":"11"},"9C":{"M8":"11","H4":"11","H6":"11","G2":"11","P8":"11","P9":"11","QF":"11","F3":"11","M9":"11","G4":"11","J6":"11","M7":"11","G5":"11","G3":"11","H5":"11","QC":"11","F2":"11","PC":"11","J7":"11"},"88":{"W9":"11","XH":"11","X9":"11","W3":"11","W8":"11","W4":"11","W6":"11","W7":"11","XG":"11","WC":"11","XC":"11","W5":"11","XF":"11","W2":"11"},"JJ":{"R8":"11"},"92":{"6F":"11","2F":"11","W9":"11","7G":"11","VC":"11","X9":"11","8H":"11","9H":"11","7H":"11","CG":"11","6G":"11","WC":"11","XC":"11","2C":"11","FG":"11","CH":"11"},"98":{"3P":"11","4R":"11","2P":"11","3R":"11","4V":"11","3Q":"11","2M":"11","4W":"11","2H":"11","2J":"11","4X":"11"},"C4":{"33":"11","24":"11","42":"11","72":"11","62":"11","52":"11","43":"11","23":"11","82":"11"},"F2":{"4X":"11","5J":"11","3X":"11","4R":"11","7J":"11","3W":"11","75":"11","26":"11","3V":"11","25":"11","74":"11","35":"11","5M":"11","65":"11","4Q":"11","64":"11","8C":"11","4M":"11","6J":"11","3Q":"11","55":"11","98":"11","4J":"11","8F":"11","4P":"11","45":"11","84":"11","3R":"11"},"MJ":{"9G":"11","MP":"11","MM":"11","HW":"11","GH":"11","FH":"11","RP":"11","CH":"11","PM":"11","JW":"11","HJ":"11","8H":"11","JM":"11","JV":"11","RQ":"11","JJ":"11","GJ":"11","8G":"11","JQ":"11","9H":"11","PP":"11","QP":"11","FJ":"11","HX":"11","MQ":"11","JR":"11"},"62":{"63":"11","42":"11","62":"11","52":"11"},"RM":{"XP":"11"},"VM":{"6Q":"11","4P":"11","2P":"11","4Q":"11","3P":"11","5Q":"11"}},"XP":{"MX":{"MX":"11","JX":"11","9P":"11","9Q":"11","HV":"11"},"RX":{"6W":"11","8W":"11","6V":"11","2W":"11","3W":"11","5V":"11","4V":"11","5W":"11","4W":"11","7V":"11","9X":"11","8X":"11","8V":"11","CX":"11","FX":"11"},"QX":{"VW":"11","QW":"11","XW":"11","VV":"11","RV":"11","QX":"11","PX":"11","RW":"11","WW":"11"},"WX":{"J7":"11","H7":"11"}},"RR":{"J4":{"FQ":"11","CP":"11"}},"WR":{"62":{"P5":"11"}}}}