{"index":{"university,1|retail,2|tourism,3|wreck,4|historical,5|artsCulture,6|namedBuilding,7|water,8|wetland,9|park,10|beach,11|natureReserve,12|cemetery,13|trail,14":{}},"4Q":{"QW":{"7G":{"6M":"11"},"5F":{"JP":"11","5G":"11","2F":"11","FP":"11","8J":"11","VP":"11","JQ":"11","2G":"11","QQ":"11","3G":"11","XQ":"11","7G":"11","VQ":"11","6H":"11","WP":"11","MQ":"11","PQ":"11","HP":"11","WQ":"11","GP":"11","FM":"11","8H":"11","9M":"11","4G":"11","7H":"11","RQ":"11","CJ":"11","5H":"11","XP":"11","GM":"11","6G":"11","CM":"11","HM":"11","4H":"11","MP":"11","9J":"11"},"Q2":{"C8":"11","97":"11","FF":"11","F8":"11","GF":"11","FC":"11","96":"11","F9":"11","C7":"11","86":"11","GG":"11"},"4F":{"8M":"11","VW":"11","9M":"11","7P":"11","2P":"11","GH":"11","6P":"11","CM":"11","8P":"11","7Q":"11","QX":"11","3P":"11","QH":"11","PH":"11","WF":"11","PX":"11","3V":"11","HJ":"11","9J":"11","6M":"11","7M":"11","5P":"11","VG":"11","XF":"11","5M":"11","FX":"11","8J":"11","RG":"11","5R":"11","XG":"11","PR":"11","CQ":"11","9Q":"11","HV":"11","MG":"11","FP":"11","4M":"11","GJ":"11","JG":"11","JH":"11","QG":"11","HR":"11","RW":"11","PG":"11","WG":"11","VX":"11","FJ":"11","6Q":"11","CJ":"11","4P":"11","6R":"11","WX":"11","GP":"11","HH":"11","2Q":"11","MR":"11","MH":"11"},"3G":{"42":"11","22":"11","32":"11","23":"11"},"6F":{"8J":"11","2M":"11","6J":"11","8G":"11","7J":"11","6M":"11","3M":"11","5M":"11","8H":"11","5P":"11","2P":"11","7H":"11","3P":"11"},"2G":{"V3":"11","V4":"11","C5":"11","P4":"11","H6":"11","Q4":"11","M5":"11","65":"11","55":"11","F5":"11","W3":"11","Q5":"11","46":"11","75":"11","W4":"11","X2":"11","26":"11","96":"11","76":"11","J5":"11","35":"11","G6":"11","J6":"11","45":"11","R3":"11","X3":"11","G5":"11","86":"11","P5":"11","C6":"11","36":"11","85":"11","95":"11","F6":"11","R4":"11"},"4G":{"W2":"11","V2":"11","Q2":"11","R2":"11"},"3F":{"6W":"11","PR":"11","8W":"11","QQ":"11","XQ":"11","VQ":"11","QR":"11","JR":"11","WP":"11","CV":"11","FW":"11","7X":"11","MR":"11","WQ":"11","CW":"11","HV":"11","FV":"11","7W":"11","RQ":"11","MV":"11","GV":"11","9W":"11","6X":"11","XP":"11","JV":"11","8X":"11","9V":"11","RR":"11","5X":"11","4X":"11"}},"R4":{"4X":{"8M":"11","7J":"11","68":"11","66":"11","8P":"11","9V":"11","8V":"11","6C":"11","75":"11","67":"11","7M":"11","74":"11","73":"11","8Q":"11","65":"11","5C":"11","59":"11","8J":"11","8X":"11","9Q":"11","76":"11","6H":"11","9R":"11","9W":"11","7H":"11","69":"11","72":"11","8R":"11","8W":"11"},"37":{"2Q":"11","2R":"11","3W":"11","4W":"11","3X":"11","2P":"11","3V":"11","4X":"11","3R":"11"},"4R":{"3F":"11","66":"11","2F":"11","4C":"11","59":"11","2G":"11","65":"11","73":"11","49":"11","82":"11","75":"11","74":"11","72":"11","57":"11","67":"11","83":"11","58":"11","3C":"11"},"38":{"FR":"11","GX":"11","CM":"11","FH":"11","54":"11","99":"11","75":"11","CH":"11","52":"11","77":"11","CC":"11","43":"11","87":"11","FM":"11","74":"11","86":"11","65":"11","9C":"11","88":"11","64":"11","9F":"11","76":"11","FP":"11","89":"11","FQ":"11","CF":"11","63":"11","JX":"11","98":"11","42":"11","FJ":"11","HX":"11","CJ":"11","53":"11","CG":"11"},"26":{"5C":"11","23":"11","6F":"11","5Q":"11","4C":"11","2W":"11","3W":"11","5F":"11","6J":"11","6H":"11","4R":"11","4V":"11","2X":"11","5R":"11","3V":"11","6G":"11","4Q":"11","22":"11","5P":"11","5M":"11","6M":"11","6P":"11","6C":"11"},"4H":{"2X":"11"},"2H":{"WG":"11","XF":"11","XH":"11","XG":"11","VG":"11","WF":"11"},"34":{"23":"11","62":"11","42":"11","33":"11","43":"11","52":"11","72":"11","24":"11","34":"11","53":"11"},"3V":{"XC":"11","X5":"11","X2":"11","XF":"11","X4":"11","X3":"11"},"4W":{"7R":"11","62":"11","66":"11","64":"11","7G":"11","77":"11","65":"11","7C":"11","7X":"11","7M":"11","7Q":"11","7W":"11","63":"11","7H":"11","7V":"11","52":"11","7P":"11","7F":"11","8V":"11","7J":"11","67":"11","79":"11"},"25":{"2X":"11"},"39":{"QW":"11","P6":"11","QV":"11","M5":"11","QR":"11","Q8":"11","QQ":"11","QX":"11","J2":"11","QH":"11","P8":"11","PX":"11","QC":"11","M6":"11","M4":"11","QM":"11","P5":"11","PF":"11","M2":"11","P9":"11","PC":"11","H2":"11","J3":"11","QF":"11","P7":"11","QG":"11","P4":"11","Q9":"11","QP":"11","M3":"11","QJ":"11"},"33":{"HR":"11","8W":"11","JR":"11","FW":"11","7X":"11","MR":"11","CW":"11","HV":"11","FV":"11","GV":"11","9W":"11","9X":"11","6X":"11","JV":"11","8X":"11"},"2G":{"X5":"11","X6":"11"},"4Q":{"F8":"11","CM":"11","C9":"11","83":"11","9V":"11","FF":"11","93":"11","CH":"11","82":"11","CC":"11","CP":"11","C5":"11","C8":"11","C6":"11","C7":"11","8X":"11","CQ":"11","9Q":"11","FC":"11","9R":"11","9W":"11","CF":"11","F9":"11","72":"11","C4":"11","CJ":"11","8W":"11","94":"11","CG":"11"},"4M":{"68":"11","66":"11","6P":"11","5W":"11","6C":"11","5X":"11","67":"11","52":"11","5Q":"11","6M":"11","65":"11","5R":"11","64":"11","6H":"11","6F":"11","6J":"11","63":"11","6G":"11","69":"11","42":"11","6Q":"11","5V":"11","6R":"11","62":"11"},"3G":{"62":"11","5G":"11","3F":"11","8W":"11","8R":"11","5F":"11","64":"11","6J":"11","6H":"11","55":"11","73":"11","7M":"11","7Q":"11","54":"11","26":"11","4G":"11","63":"11","7H":"11","35":"11","8Q":"11","72":"11","7P":"11","25":"11","8P":"11","45":"11","8X":"11","6G":"11","8V":"11","36":"11","7J":"11","3C":"11","4F":"11"},"3C":{"M8":"11","GX":"11","MP":"11","P6":"11","MM":"11","Q5":"11","HW":"11","P2":"11","P3":"11","Q4":"11","MF":"11","P8":"11","JW":"11","Q2":"11","PF":"11","P5":"11","P9":"11","PC":"11","JM":"11","JV":"11","MG":"11","JP":"11","Q3":"11","P7":"11","JQ":"11","P4":"11","JX":"11","M9":"11","HX":"11","MQ":"11","MR":"11","MJ":"11","MC":"11","JR":"11","MH":"11"},"4V":{"2F":"11","3P":"11","4R":"11","4P":"11","27":"11","4V":"11","29":"11","28":"11","26":"11","25":"11","24":"11","4Q":"11","3M":"11","2C":"11","5X":"11"},"4J":{"5C":"11","23":"11","5G":"11","5Q":"11","48":"11","59":"11","5V":"11","5F":"11","33":"11","5J":"11","49":"11","5W":"11","46":"11","4W":"11","35":"11","47":"11","5R":"11","45":"11","5H":"11","36":"11","22":"11","5P":"11","5M":"11","34":"11","4X":"11"},"4P":{"5H":"11","5J":"11","4R":"11","68":"11","66":"11","54":"11","5G":"11","5X":"11","67":"11","52":"11","5Q":"11","3V":"11","5P":"11","6X":"11","5M":"11","65":"11","59":"11","4Q":"11","8X":"11","64":"11","4G":"11","4V":"11","55":"11","7X":"11","69":"11","53":"11","3R":"11","4F":"11"},"24":{"M8":"11","R5":"11","G9":"11","P6":"11","H8":"11","R6":"11","Q7":"11","V6":"11","G8":"11","Q6":"11","F8":"11","W4":"11","P7":"11","F9":"11","V5":"11","M7":"11","C9":"11","W5":"11","J8":"11","J7":"11","99":"11","X4":"11","X5":"11"},"3J":{"X2":"11"},"27":{"G9":"11","5G":"11","PF":"11","38":"11","J9":"11","GC":"11","WH":"11","RG":"11","RF":"11","XJ":"11","VG":"11","P9":"11","26":"11","4G":"11","WM":"11","QF":"11","M9":"11","37":"11","F9":"11","H9":"11","5H":"11","XP":"11","VH":"11","XM":"11","36":"11","QC":"11","QG":"11","PC":"11","WJ":"11","MC":"11","4F":"11"},"3H":{"QW":"11","VW":"11","9M":"11","QV":"11","66":"11","GH":"11","CM":"11","8P":"11","83":"11","QQ":"11","75":"11","38":"11","RR":"11","7Q":"11","67":"11","PM":"11","82":"11","7R":"11","WW":"11","39":"11","74":"11","73":"11","8Q":"11","57":"11","QM":"11","2G":"11","76":"11","RQ":"11","JJ":"11","9P":"11","XW":"11","3G":"11","JH":"11","XX":"11","PJ":"11","3C":"11","RW":"11","RV":"11","VV":"11","4J":"11","QP":"11","72":"11","3J":"11","WX":"11","HH":"11","MJ":"11","56":"11","3F":"11"},"3R":{"WX":"11","XX":"11","VP":"11","VJ":"11","WP":"11","WG":"11","VG":"11","WQ":"11","RJ":"11","XG":"11","XF":"11","VM":"11","WR":"11"},"3F":{"8M":"11","F8":"11","9G":"11","9M":"11","G8":"11","C9":"11","8P":"11","CC":"11","9J":"11","8Q":"11","G5":"11","8J":"11","G4":"11","8H":"11","H2":"11","G3":"11","FC":"11","G7":"11","H4":"11","9H":"11","CF":"11","H5":"11","7X":"11","H3":"11","F9":"11","F7":"11","8R":"11","G6":"11","G2":"11"}},"QV":{"G9":{"V8":"11","M6":"11","J6":"11","Q7":"11","P7":"11","P6":"11"},"38":{"9W":"11","9X":"11","CV":"11","8X":"11","CR":"11"},"6V":{"85":"11","96":"11","C7":"11","86":"11","C8":"11","97":"11"},"42":{"37":"11","47":"11","36":"11"},"32":{"V6":"11","J7":"11","H7":"11","V7":"11","W7":"11","R7":"11","X6":"11","H6":"11","Q7":"11","M7":"11","P7":"11","W6":"11"},"GW":{"V6":"11","R6":"11","X6":"11","W6":"11"},"JX":{"VX":"11","QW":"11","RX":"11","MQ":"11","QX":"11","PV":"11","QV":"11","PR":"11","RW":"11","MR":"11"},"FV":{"XR":"11","7P":"11","MP":"11","6P":"11","8P":"11","RP":"11","QQ":"11","WQ":"11","GM":"11","CP":"11","5P":"11","FM":"11","HP":"11","WR":"11","RQ":"11","9P":"11","FP":"11","VQ":"11","JP":"11","PP":"11","QP":"11","4P":"11","XV":"11","GP":"11","VP":"11"},"HW":{"36":"11","46":"11","26":"11"},"3C":{"QX":"11"}},"PV":{"6V":{"C8":"11","87":"11","42":"11","33":"11","32":"11","65":"11","97":"11","55":"11","F8":"11","54":"11","43":"11","44":"11","98":"11"},"7P":{"78":"11","79":"11"},"7J":{"8F":"11","73":"11","8C":"11","77":"11","78":"11","72":"11","79":"11","89":"11","76":"11","75":"11","74":"11"},"Q5":{"62":"11","66":"11","64":"11","65":"11","54":"11","75":"11","76":"11","63":"11"},"C9":{"68":"11","5R":"11","6R":"11","78":"11","5M":"11","79":"11","5P":"11","6V":"11","6W":"11","5Q":"11"},"83":{"RW":"11","PJ":"11","PF":"11","J9":"11","PG":"11","PH":"11","JC":"11","JF":"11","QQ":"11","MG":"11","QR":"11","QP":"11","PP":"11","QV":"11","RV":"11","MF":"11","MC":"11"},"96":{"PJ":"11","H4":"11","H6":"11","PH":"11","JC":"11","JF":"11","MG":"11","QM":"11","F3":"11","G4":"11","J6":"11","G5":"11","G3":"11","MF":"11","H5":"11"},"2J":{"88":"11","78":"11"},"7Q":{"G8":"11"},"CH":{"93":"11","83":"11","92":"11","82":"11"},"7W":{"JR":"11","JV":"11","HW":"11","HV":"11","MR":"11"},"5Q":{"98":"11","8P":"11"},"Q4":{"6F":"11","5Q":"11","66":"11","78":"11","64":"11","65":"11","4R":"11","73":"11","55":"11","5W":"11","82":"11","74":"11","63":"11","72":"11","69":"11","68":"11","5P":"11","5M":"11","79":"11","67":"11","56":"11","6C":"11"},"26":{"G9":"11","G8":"11","FH":"11","G2":"11","FF":"11","F8":"11","FC":"11","F3":"11","G4":"11","G6":"11","F9":"11","CJ":"11","G5":"11","G3":"11","F2":"11","FG":"11","CH":"11","G7":"11","FJ":"11"},"CC":{"3W":"11","64":"11","3R":"11","3Q":"11","3X":"11","63":"11","3V":"11","5H":"11","4H":"11"},"25":{"8M":"11","FR":"11","5H":"11","9M":"11","GX":"11","7J":"11","FV":"11","FW":"11","CR":"11","4H":"11","9J":"11","CP":"11","GW":"11","FX":"11","8J":"11","8H":"11","CQ":"11","6H":"11","9P":"11","FQ":"11","7H":"11"},"Q2":{"H4":"11","HR":"11","HX":"11","H6":"11","HC":"11","HG":"11","H8":"11","HQ":"11","HJ":"11","G2":"11","HP":"11","HV":"11","HF":"11","H7":"11","G4":"11","GX":"11","H9":"11","G5":"11","G3":"11","H5":"11","HW":"11","HM":"11","HH":"11"},"28":{"3F":"11","48":"11","4C":"11","4V":"11","49":"11","4W":"11","47":"11","39":"11","3C":"11","4X":"11"},"C8":{"9M":"11","CM":"11"},"8J":{"63":"11","J8":"11","H8":"11","J9":"11","H7":"11","F5":"11","42":"11","G6":"11","QH":"11","M9":"11","QJ":"11","C5":"11","C4":"11","43":"11","32":"11","F6":"11","53":"11","G7":"11"},"C7":{"2P":"11","3P":"11"},"8H":{"3X":"11","4X":"11"},"VQ":{"Q3":"11","P4":"11","Q4":"11","M2":"11","M5":"11","M4":"11","Q5":"11","R2":"11","J3":"11","J2":"11","M3":"11","R3":"11","P5":"11"},"4M":{"CV":"11","CR":"11"},"Q3":{"C8":"11","8W":"11","G2":"11","F5":"11","7X":"11","F8":"11","F7":"11","H2":"11","G4":"11","G6":"11","8X":"11","G3":"11","G5":"11","FG":"11","F6":"11"},"29":{"38":"11","2F":"11","42":"11","27":"11","29":"11","28":"11","43":"11","26":"11","35":"11","44":"11","36":"11","39":"11","2C":"11","34":"11"},"7H":{"7R":"11","8R":"11","FH":"11","7X":"11","9P":"11","7W":"11","9M":"11","7V":"11","8Q":"11","8P":"11","CJ":"11","8V":"11","CH":"11","9J":"11"},"CF":{"8W":"11","66":"11","9Q":"11","33":"11","8M":"11","32":"11","7X":"11","7M":"11","9P":"11","69":"11","68":"11","8X":"11","7J":"11","67":"11","56":"11"},"6Q":{"8J":"11","3G":"11","6H":"11","7M":"11","8H":"11","3H":"11","7H":"11","5H":"11","7J":"11","6M":"11","4H":"11","6P":"11"},"CJ":{"5C":"11","69":"11","68":"11","5F":"11","4F":"11","3G":"11","59":"11","4G":"11"},"97":{"X7":"11","W3":"11","X8":"11","XG":"11"},"6R":{"2Q":"11","2M":"11","2R":"11","3W":"11","3X":"11","2P":"11","3V":"11","3R":"11"},"84":{"V6":"11","XC":"11","WC":"11","R3":"11","V8":"11","V4":"11","V7":"11","V5":"11","XF":"11","W9":"11","R2":"11","W8":"11","V3":"11"},"94":{"7Q":"11","9X":"11","3G":"11","8Q":"11","3F":"11"},"95":{"87":"11","GJ":"11","92":"11","CG":"11","HM":"11","98":"11","99":"11","FJ":"11"},"CG":{"6W":"11","5Q":"11","3F":"11","38":"11","6V":"11","4C":"11","6R":"11","7X":"11","5J":"11","46":"11","6Q":"11","7W":"11","4G":"11","7V":"11","72":"11","37":"11","5R":"11","45":"11","8X":"11","36":"11","44":"11","39":"11","5P":"11","5M":"11","4H":"11","4M":"11","4J":"11","3C":"11","4F":"11"},"VP":{"JX":"11"}},"Q5":{"X5":{"V9":"11","W9":"11","W8":"11"},"W5":{"4J":"11","4M":"11","5X":"11"},"W6":{"66":"11","56":"11","54":"11","55":"11","52":"11","53":"11"}},"WC":{"8X":{"6W":"11","5G":"11","5Q":"11","48":"11","6V":"11","4C":"11","5F":"11","6R":"11","7X":"11","5J":"11","49":"11","6Q":"11","4G":"11","6X":"11","5H":"11","5P":"11","5M":"11","6P":"11","4F":"11"}},"QR":{"34":{"62":"11","38":"11","66":"11","48":"11","93":"11","82":"11","75":"11","76":"11","72":"11","57":"11","47":"11","86":"11","85":"11","95":"11","67":"11","56":"11","83":"11","94":"11"},"33":{"42":"11","G2":"11","7X":"11","5W":"11","43":"11","63":"11","H2":"11","52":"11","H3":"11","6X":"11","G3":"11","5X":"11","53":"11"},"24":{"8W":"11","FQ":"11","CV":"11","7X":"11","FR":"11","CR":"11","7W":"11","9W":"11","6X":"11","8V":"11","9V":"11"},"F7":{"VW":"11","9G":"11","7G":"11","MP":"11","MM":"11","FG":"11","P2":"11","CM":"11","GH":"11","P3":"11","FH":"11","RP":"11","QQ":"11","HM":"11","RR":"11","PM":"11","PH":"11","HG":"11","HJ":"11","GM":"11","9J":"11","VR":"11","FM":"11","WV":"11","8H":"11","JM":"11","6H":"11","RQ":"11","JJ":"11","MG":"11","VQ":"11","GG":"11","6F":"11","JG":"11","8G":"11","JH":"11","7H":"11","9H":"11","PP":"11","VV":"11","RV":"11","6G":"11","QP":"11","CJ":"11","HH":"11","CG":"11","VP":"11","MH":"11"},"42":{"C7":"11","J3":"11","M4":"11"},"25":{"63":"11","37":"11","47":"11","44":"11","45":"11","72":"11","54":"11","38":"11","62":"11","29":"11","53":"11"},"M4":{"2C":"11","2F":"11","3G":"11","2G":"11","3F":"11"},"72":{"25":"11","72":"11"},"J4":{"P6":"11","Q5":"11","W8":"11","M5":"11","83":"11","93":"11","J4":"11","W9":"11","F3":"11","M4":"11","V8":"11","R6":"11","P5":"11","C3":"11","G4":"11","Q6":"11","G3":"11","X9":"11","H4":"11","H3":"11","R7":"11","V7":"11","XC":"11"},"62":{"44":"11","P6":"11","M5":"11","54":"11","X6":"11","W6":"11","82":"11","J4":"11","34":"11","M6":"11","F3":"11","23":"11","35":"11","G4":"11","G3":"11","92":"11","X5":"11","H4":"11","63":"11","H3":"11","R7":"11","72":"11","24":"11","45":"11","V7":"11","53":"11","62":"11","J5":"11"},"52":{"R3":"11","X3":"11","V3":"11"},"32":{"RJ":"11"},"23":{"M8":"11"}},"RP":{"7G":{"PR":"11","VP":"11","QQ":"11","RP":"11","WP":"11","PQ":"11","QP":"11","PP":"11","WM":"11","XP":"11","XM":"11","VM":"11"},"X5":{"5J":"11","4M":"11","5M":"11","3G":"11","3F":"11"},"9R":{"GJ":"11","HJ":"11"}},"QQ":{"4X":{"P6":"11","2G":"11","H6":"11","3G":"11","R6":"11","V6":"11","7C":"11","Q6":"11","M6":"11","W6":"11","V5":"11","J6":"11","W5":"11"},"6V":{"MC":"11","X5":"11","WP":"11","W7":"11","XQ":"11","X2":"11","M9":"11","X4":"11","W5":"11","XP":"11","X3":"11","XR":"11"},"6W":{"23":"11","66":"11","9F":"11","JQ":"11","78":"11","33":"11","77":"11","JR":"11","9C":"11","JH":"11","55":"11","CF":"11","FF":"11","MW":"11","54":"11","43":"11","76":"11","MV":"11","89":"11","JV":"11","22":"11","FG":"11","HH":"11","79":"11","56":"11","8C":"11","GG":"11"},"3X":{"JP":"11","5Q":"11","JQ":"11","HQ":"11","4R":"11","WG":"11","HP":"11","VG":"11","QP":"11","PP":"11","7P":"11","4Q":"11","5P":"11","RH":"11"},"4R":{"M8":"11","P2":"11","J9":"11","FP":"11","P4":"11","HC":"11","JC":"11","JF":"11","FQ":"11","HG":"11","M5":"11","GJ":"11","CV":"11","7X":"11","CQ":"11","CW":"11","FM":"11","M6":"11","CR":"11","HF":"11","Q2":"11","9W":"11","M7":"11","9X":"11","GM":"11","GH":"11","8X":"11","P5":"11","P3":"11","9V":"11","J8":"11","HH":"11"},"3W":{"3F":"11","66":"11","59":"11","49":"11","75":"11","76":"11","68":"11","2H":"11","67":"11","58":"11","2J":"11"},"F6":{"4H":"11"},"5X":{"7G":"11","7C":"11","68":"11","CM":"11","6C":"11","36":"11","47":"11","26":"11","9J":"11","CP":"11","58":"11","25":"11","57":"11","7F":"11","46":"11","8H":"11","FP":"11","8G":"11","FQ":"11","9H":"11","69":"11","8F":"11","CJ":"11"},"7W":{"XC":"11","QQ":"11","XF":"11","PR":"11","QR":"11","WF":"11"},"3P":{"V2":"11"},"5Q":{"PW":"11","QQ":"11","XQ":"11","QR":"11","XR":"11","WQ":"11","QW":"11","WR":"11"},"3V":{"J9":"11","HC":"11","JC":"11","HG":"11","FH":"11","CQ":"11","9R":"11","HF":"11","GF":"11","H9":"11","CJ":"11","GH":"11","9V":"11","CM":"11","J8":"11","J7":"11","CH":"11","CP":"11","GG":"11"},"7V":{"4R":"11","6C":"11","H7":"11","5G":"11","3P":"11","J4":"11","4H":"11","3V":"11","M4":"11","GJ":"11","3M":"11","3Q":"11","4V":"11","H8":"11","6G":"11","H5":"11","2R":"11","69":"11","3H":"11","H6":"11","3R":"11","M3":"11","J5":"11"},"6X":{"GQ":"11","7C":"11","QQ":"11","87":"11","78":"11","7G":"11","P5":"11","G6":"11","C6":"11","7F":"11","8H":"11","86":"11","WQ":"11","MQ":"11","JQ":"11","HQ":"11","VP":"11","9M":"11","9P":"11","8M":"11","VQ":"11","8J":"11","96":"11","RM":"11","CP":"11","PP":"11","QP":"11","XR":"11","RP":"11","M4":"11","WR":"11","JR":"11","M5":"11","7H":"11","P4":"11","77":"11","79":"11"},"2X":{"RW":"11","5C":"11","59":"11","5F":"11","9Q":"11","QQ":"11","XQ":"11","QR":"11","RP":"11","XR":"11","55":"11","WQ":"11","9R":"11","9P":"11","QV":"11","57":"11","RQ":"11","8P":"11","68":"11","56":"11","58":"11"},"88":{"9V":"11"},"4Q":{"QW":"11","V4":"11","RJ":"11","QV":"11","RC":"11","V5":"11","RF":"11","QR":"11","RP":"11","QQ":"11","QX":"11","PX":"11","RH":"11","VF":"11","V8":"11","V2":"11","RG":"11","RQ":"11","V9":"11","QP":"11","V6":"11","R9":"11","V7":"11","V3":"11","RM":"11","VC":"11"},"5R":{"MV":"11","MW":"11","PW":"11"},"9F":{"F2":"11"},"89":{"5Q":"11"},"6F":{"MV":"11","QQ":"11","PR":"11","QR":"11","MR":"11"},"3M":{"PJ":"11","RM":"11","4C":"11","QJ":"11","5F":"11","PH":"11","QR":"11","RP":"11","VW":"11","RJ":"11","QM":"11","QV":"11","57":"11","RQ":"11","VX":"11","67":"11","58":"11","4J":"11","4F":"11"},"2W":{"WJ":"11","WM":"11","XJ":"11","XM":"11"},"4V":{"63":"11","64":"11","73":"11","25":"11","72":"11","82":"11"},"6G":{"83":"11","73":"11","82":"11"},"7X":{"2R":"11","23":"11","5Q":"11","8W":"11","3R":"11","CW":"11","CQ":"11","7Q":"11","CR":"11","6Q":"11","7P":"11","24":"11","9W":"11","8P":"11","8X":"11","CP":"11","53":"11"},"4J":{"57":"11","47":"11"},"6Q":{"3X":"11","4X":"11"},"4P":{"VX":"11","VW":"11","VV":"11","RP":"11","QF":"11","VR":"11","RM":"11","RQ":"11","RG":"11","RH":"11","QH":"11","M7":"11","QG":"11","RR":"11","VQ":"11","P7":"11","P8":"11","RJ":"11"},"F7":{"RJ":"11"},"3J":{"7Q":"11","6Q":"11","5J":"11","5H":"11","HC":"11","H9":"11"},"5V":{"V6":"11","V7":"11","XX":"11","R7":"11"},"6R":{"HC":"11","42":"11","43":"11","53":"11"},"8W":{"8F":"11","87":"11","78":"11","77":"11","9C":"11","57":"11","47":"11","F9":"11","68":"11","C9":"11","2C":"11","8C":"11","58":"11","99":"11"},"G6":{"39":"11"}},"RR":{"6V":{"5C":"11","23":"11","48":"11","59":"11","49":"11","35":"11","47":"11","37":"11","25":"11","24":"11","36":"11","34":"11","58":"11"}},"Q4":{"X5":{"XW":"11","XX":"11","WW":"11","VF":"11","W9":"11","WF":"11","X7":"11","X8":"11","X6":"11","W8":"11","W6":"11","W7":"11"},"X6":{"XX":"11"}},"WH":{"G4":{"MJ":"11","PJ":"11","PR":"11","PV":"11","PW":"11","MQ":"11","PQ":"11","PM":"11","PP":"11","MM":"11","PX":"11","MP":"11"},"G6":{"C4":"11","C3":"11","C5":"11","C2":"11","97":"11","96":"11","F3":"11","89":"11","C6":"11","95":"11","F2":"11","8C":"11","98":"11","99":"11"},"6R":{"RJ":"11","MP":"11","PV":"11","MM":"11","QR":"11","RP":"11","QQ":"11","RR":"11","PM":"11","QH":"11","VR":"11","QM":"11","PQ":"11","PR":"11","RQ":"11","VQ":"11","PJ":"11","JQ":"11","PP":"11","QP":"11","MQ":"11","MR":"11","RM":"11","VP":"11","QJ":"11","JR":"11"},"5X":{"28":"11","44":"11","27":"11","54":"11","62":"11","52":"11","43":"11","53":"11"},"G5":{"J8":"11","M8":"11","M7":"11","J7":"11","P2":"11","M5":"11","JF":"11","P3":"11","FV":"11","GV":"11","HM":"11","J9":"11","FW":"11","HG":"11","HJ":"11","GQ":"11","M6":"11","GW":"11","HP":"11","M4":"11","GR":"11","P5":"11","FX":"11","HF":"11","JG":"11","JH":"11","P4":"11","HQ":"11","M9":"11","JC":"11","GP":"11","HH":"11","M3":"11"},"5W":{"6W":"11","8R":"11","9Q":"11","7X":"11","9P":"11","7W":"11","9M":"11","7V":"11","8Q":"11","6X":"11","8V":"11"},"4X":{"VF":"11","W9":"11","WF":"11","JQ":"11","X8":"11","JR":"11","MQ":"11","VC":"11","MR":"11","X9":"11","PM":"11","PP":"11","WC":"11","XC":"11","MP":"11"}},"WF":{"84":{"J8":"11","M7":"11","M8":"11","MP":"11","MM":"11","J7":"11","M5":"11","JF":"11","J9":"11","J2":"11","MF":"11","J4":"11","M6":"11","M4":"11","M2":"11","JM":"11","J3":"11","JJ":"11","MG":"11","JP":"11","JG":"11","JH":"11","H5":"11","M9":"11","JC":"11","J6":"11","MJ":"11","H6":"11","MC":"11","M3":"11","MH":"11","J5":"11"},"83":{"F4":"11","GF":"11","GC":"11","G8":"11","PV":"11","MM":"11","HW":"11","JF":"11","HM":"11","J9":"11","HG":"11","JW":"11","PX":"11","HJ":"11","F3":"11","HP":"11","G5":"11","MW":"11","G4":"11","PR":"11","JM":"11","JV":"11","HV":"11","JJ":"11","GG":"11","HF":"11","JP":"11","MV":"11","JG":"11","G3":"11","G9":"11","G7":"11","JH":"11","HC":"11","JQ":"11","HR":"11","H9":"11","H8":"11","JX":"11","HQ":"11","PW":"11","MX":"11","HX":"11","JC":"11","F5":"11","MQ":"11","HH":"11","MR":"11","MJ":"11","G6":"11","JR":"11"},"82":{"73":"11","72":"11","76":"11","75":"11","62":"11","74":"11"}},"PX":{"J8":{"F4":"11","78":"11","68":"11","P2":"11","96":"11","38":"11","67":"11","J2":"11","J4":"11","77":"11","58":"11","87":"11","C5":"11","39":"11","48":"11","86":"11","28":"11","57":"11","G5":"11","C6":"11","M2":"11","59":"11","88":"11","G4":"11","76":"11","J3":"11","H2":"11","G3":"11","H4":"11","29":"11","49":"11","H3":"11","69":"11","C4":"11","85":"11","97":"11","F5":"11","95":"11","M3":"11"},"M7":{"5G":"11","3J":"11","2M":"11","5H":"11","4J":"11","6G":"11","2J":"11","4H":"11","3M":"11","2P":"11","6F":"11","4G":"11"},"J7":{"QW":"11","QV":"11","PV":"11","WP":"11","QR":"11","RR":"11","WQ":"11","QX":"11","PX":"11","VR":"11","XP":"11","XQ":"11","MW":"11","XM":"11","WR":"11","RQ":"11","VQ":"11","RW":"11","RV":"11","VV":"11","JX":"11","PW":"11","MX":"11","VP":"11"},"66":{"FR":"11","X4":"11","R8":"11","9V":"11","HM":"11","W6":"11","MF":"11","CR":"11","CV":"11","QC":"11","HJ":"11","GM":"11","X3":"11","9X":"11","GQ":"11","HP":"11","V8":"11","PF":"11","PC":"11","CW":"11","8X":"11","W5":"11","JJ":"11","FP":"11","MG":"11","W4":"11","X5":"11","JH":"11","FQ":"11","9W":"11","PG":"11","Q9":"11","R7":"11","V6":"11","R9":"11","V7":"11","8W":"11","GP":"11","MH":"11"},"83":{"MM":"11","RC":"11","X4":"11","R8":"11","FV":"11","GV":"11","FW":"11","X6":"11","W6":"11","PH":"11","QC":"11","X3":"11","GQ":"11","GW":"11","CX":"11","HP":"11","V8":"11","GR":"11","PF":"11","FX":"11","JM":"11","W5":"11","JJ":"11","JP":"11","QF":"11","X5":"11","QG":"11","HR":"11","PG":"11","V9":"11","HQ":"11","R9":"11","V7":"11","MJ":"11","W7":"11","MH":"11"},"75":{"4X":"11","8M":"11","9G":"11","7P":"11","3X":"11","G8":"11","J7":"11","M5":"11","P2":"11","6P":"11","P3":"11","3W":"11","FF":"11","H7":"11","7Q":"11","5Q":"11","CC":"11","9J":"11","4W":"11","7M":"11","Q2":"11","M4":"11","8J":"11","2X":"11","5R":"11","8H":"11","FC":"11","G9":"11","G7":"11","9H":"11","P4":"11","4V":"11","CF":"11","H8":"11","F9":"11","6Q":"11","5V":"11","6R":"11","J6":"11","H6":"11","CG":"11","M3":"11","J5":"11"},"67":{"37":"11","96":"11","54":"11","38":"11","47":"11","82":"11","39":"11","73":"11","2C":"11","28":"11","C6":"11","65":"11","46":"11","C7":"11","64":"11","29":"11","63":"11","55":"11","72":"11","45":"11","97":"11","56":"11"},"93":{"24":"11","22":"11","32":"11","23":"11"},"58":{"78":"11","68":"11","67":"11","77":"11","2H":"11","58":"11","F3":"11","86":"11","5C":"11","59":"11","C3":"11","2G":"11","76":"11","3G":"11","49":"11","69":"11","C4":"11","85":"11","4C":"11","94":"11","F2":"11","95":"11","G2":"11","4F":"11","3F":"11"},"39":{"RW":"11","MX":"11","PW":"11","XQ":"11","VQ":"11","VV":"11","WP":"11","QX":"11","WQ":"11","QW":"11","QV":"11","VR":"11","XP":"11","PX":"11","XM":"11","RV":"11","RR":"11","WR":"11"},"74":{"RW":"11","VQ":"11","WP":"11","VV":"11","QX":"11","XJ":"11","RX":"11","WQ":"11","QW":"11","VR":"11","XP":"11","XM":"11","RV":"11","WR":"11"},"2C":{"RW":"11","MX":"11","PW":"11","XQ":"11","VQ":"11","VV":"11","WP":"11","QX":"11","WQ":"11","QW":"11","QV":"11","VR":"11","PX":"11","XP":"11","XM":"11","RV":"11","RR":"11","WR":"11"},"48":{"MX":"11","PV":"11","VP":"11","PW":"11","QQ":"11","VQ":"11","QR":"11","RP":"11","WP":"11","XJ":"11","JX":"11","XH":"11","MW":"11","WM":"11","QV":"11","RQ":"11","XM":"11","RR":"11","VM":"11","WJ":"11"},"57":{"RM":"11","WF":"11","QJ":"11","HX":"11","JR":"11","MQ":"11","GW":"11","WG":"11","PQ":"11","QP":"11","VG":"11","X9":"11","MR":"11","PM":"11","HV":"11","RJ":"11","QM":"11","PP":"11","GX":"11","JV":"11","VH":"11","XC":"11","HW":"11","XF":"11","RH":"11","FX":"11"},"76":{"93":"11","84":"11","83":"11","94":"11","24":"11","73":"11","22":"11","32":"11","23":"11","74":"11"},"J3":{"5G":"11","5C":"11","5F":"11","59":"11"},"92":{"F8":"11","9G":"11","3X":"11","4R":"11","7J":"11","6P":"11","C9":"11","3W":"11","F6":"11","J2":"11","5Q":"11","CC":"11","4W":"11","6M":"11","7M":"11","5P":"11","G5":"11","C8":"11","8J":"11","9C":"11","5R":"11","G4":"11","8H":"11","9F":"11","J3":"11","8G":"11","G7":"11","H4":"11","7H":"11","4V":"11","H5":"11","H3":"11","F9":"11","6Q":"11","8F":"11","F7":"11","5V":"11","G6":"11"},"3C":{"F5":"11","97":"11","H4":"11","2M":"11","2P":"11","C7":"11","4G":"11","7C":"11","5G":"11","G6":"11","C6":"11","7F":"11","4J":"11","M3":"11","G4":"11","J2":"11","M2":"11","H3":"11","F7":"11","88":"11","F6":"11","P2":"11","89":"11","J3":"11","8C":"11","3J":"11","98":"11","6G":"11","4H":"11","6C":"11","5H":"11","3M":"11","H5":"11","J4":"11","C8":"11","5F":"11","6F":"11","99":"11","2J":"11","G5":"11","3H":"11","79":"11"},"49":{"F4":"11","7C":"11","2P":"11","96":"11","6C":"11","5G":"11","F6":"11","2J":"11","2M":"11","J2":"11","4H":"11","C5":"11","C6":"11","G5":"11","C7":"11","88":"11","G4":"11","H2":"11","6F":"11","89":"11","G3":"11","4G":"11","H4":"11","3M":"11","98":"11","H3":"11","97":"11","3J":"11","F5":"11","3H":"11","79":"11","5F":"11"},"84":{"93":"11","85":"11","84":"11","5C":"11","2M":"11","69":"11","68":"11","2H":"11","94":"11","C2":"11","C3":"11","86":"11","3H":"11","2J":"11","77":"11","4C":"11","4F":"11","76":"11","3G":"11","92":"11","75":"11","59":"11","58":"11","3F":"11","4G":"11","67":"11"},"2F":{"7C":"11","P2":"11","6C":"11","5G":"11","F6":"11","2J":"11","2M":"11","J2":"11","J4":"11","4H":"11","C6":"11","G5":"11","M2":"11","C7":"11","88":"11","G4":"11","J3":"11","6F":"11","89":"11","4G":"11","H4":"11","H5":"11","98":"11","H3":"11","F7":"11","97":"11","3J":"11","F5":"11","3H":"11","G6":"11","79":"11","M3":"11","5F":"11"}},"V8":{"Q6":{"4X":"11","7G":"11","7J":"11","6P":"11","5W":"11","96":"11","93":"11","5Q":"11","4W":"11","6M":"11","7M":"11","87":"11","5P":"11","86":"11","7F":"11","88":"11","5R":"11","8C":"11","89":"11","8G":"11","92":"11","6J":"11","7H":"11","4V":"11","6Q":"11","8F":"11","85":"11","97":"11","5V":"11","84":"11","94":"11","95":"11"},"P2":{"JP":"11","HR":"11","HX":"11","JQ":"11","JR":"11","HQ":"11","HJ":"11","GJ":"11","GW":"11","HP":"11","FW":"11","GR":"11","HV":"11","GP":"11","FR":"11","FV":"11","GX":"11","GV":"11","JV":"11","GM":"11","GH":"11","GQ":"11","HW":"11","HM":"11","FX":"11"},"P3":{"F4":"11","F8":"11","FG":"11","C9":"11","FH":"11","FF":"11","F6":"11","CC":"11","GM":"11","GQ":"11","F3":"11","FM":"11","GR":"11","C6":"11","G5":"11","C8":"11","C7":"11","G4":"11","H2":"11","GJ":"11","G3":"11","FC":"11","HR":"11","CF":"11","H3":"11","F9":"11","FJ":"11","F7":"11","F5":"11","GP":"11","F2":"11","G6":"11","CG":"11","G2":"11"},"Q7":{"38":"11","2F":"11","2G":"11","42":"11","33":"11","29":"11","28":"11","43":"11","35":"11","37":"11","44":"11","36":"11","39":"11","2C":"11","34":"11"},"P7":{"WX":"11","WW":"11","XQ":"11","XR":"11","WP":"11","XJ":"11","XH":"11","WQ":"11","XG":"11","XP":"11","XM":"11","WV":"11","XF":"11","WR":"11"},"Q5":{"8W":"11","8R":"11","9R":"11","8Q":"11","9W":"11","8P":"11","9X":"11","8X":"11","8V":"11","9V":"11"},"P8":{"V3":"11","V4":"11","QH":"11","R8":"11","R9":"11","RC":"11","RG":"11","V2":"11","RF":"11","V6":"11","W3":"11","W4":"11","V8":"11","QF":"11","V9":"11","V5":"11","V7":"11","QG":"11","W2":"11"}},"R6":{"V4":{"VX":"11","7G":"11","FH":"11","VW":"11","PQ":"11","5C":"11","9G":"11","39":"11","MQ":"11","VV":"11","8F":"11","9H":"11","28":"11","8G":"11","XX":"11","GJ":"11","JM":"11","FJ":"11","GM":"11","49":"11","4C":"11","RV":"11","CH":"11","38":"11","PR":"11","QV":"11","QR":"11","HM":"11","6F":"11","RW":"11","59":"11","CJ":"11","WW":"11","MP":"11","JP":"11","HP":"11","6C":"11","7F":"11","WX":"11"},"Q3":{"8M":"11","XR":"11","5J":"11","9M":"11","MP":"11","7J":"11","CM":"11","QQ":"11","2J":"11","RR":"11","2H":"11","CP":"11","6M":"11","7M":"11","VR":"11","FM":"11","HP":"11","5M":"11","WR":"11","PQ":"11","RQ":"11","FP":"11","9P":"11","VQ":"11","JP":"11","6J":"11","JQ":"11","PP":"11","4J":"11","XV":"11","3J":"11","GP":"11","MQ":"11","3H":"11"},"X7":{"V6":"11","XC":"11","R3":"11","V4":"11","X9":"11","X7":"11","V5":"11","W7":"11","X8":"11","Q2":"11","R4":"11","R2":"11","Q3":"11","W8":"11","W6":"11"},"M2":{"MX":"11","9Q":"11","PW":"11","QX":"11","JW":"11","RX":"11","5J":"11","GR":"11","7M":"11","CQ":"11","HV":"11","FR":"11","9P":"11","CR":"11","MW":"11","FV":"11","3H":"11","3J":"11","8Q":"11","7P":"11","GV":"11","8P":"11","PX":"11","JV":"11","HW":"11","5M":"11","6M":"11","2H":"11","6P":"11","4M":"11","2J":"11","4J":"11"},"X6":{"QW":"11","44":"11","78":"11","PV":"11","FG":"11","68":"11","GH":"11","FH":"11","HM":"11","67":"11","QX":"11","CH":"11","PX":"11","34":"11","HJ":"11","GM":"11","22":"11","23":"11","35":"11","HP":"11","57":"11","46":"11","33":"11","9C":"11","9F":"11","PR":"11","8C":"11","89":"11","GJ":"11","JP":"11","MV":"11","JQ":"11","CF":"11","PW":"11","FJ":"11","24":"11","45":"11","MQ":"11","MR":"11","CG":"11","79":"11","56":"11"},"W6":{"W2":"11","X2":"11","X3":"11"},"H2":{"V4":"11","R4":"11","X4":"11","V5":"11","P3":"11","J2":"11","C2":"11","Q4":"11","M2":"11","W5":"11","H2":"11","J3":"11","W4":"11","Q3":"11","X5":"11","R3":"11","H3":"11","F2":"11","G2":"11","M3":"11"},"J2":{"F8":"11","G8":"11","66":"11","RF":"11","J9":"11","67":"11","36":"11","MF":"11","77":"11","WH":"11","XH":"11","87":"11","25":"11","VF":"11","35":"11","VG":"11","57":"11","PF":"11","C8":"11","46":"11","C7":"11","RG":"11","PC":"11","88":"11","XG":"11","76":"11","QF":"11","G9":"11","HC":"11","H9":"11","WG":"11","98":"11","F9":"11","45":"11","JC":"11","97":"11","MC":"11","56":"11"},"M3":{"R3":"11","W2":"11","W3":"11","V2":"11","Q2":"11","X4":"11","X3":"11","R2":"11","V3":"11","W4":"11"},"V5":{"X2":"11"},"R3":{"2R":"11","6W":"11","8W":"11","3W":"11","5V":"11","7X":"11","4V":"11","5W":"11","7W":"11","4W":"11","2V":"11","6X":"11","3V":"11","9X":"11","8X":"11","CX":"11"},"P3":{"F8":"11","G8":"11","66":"11","RF":"11","J9":"11","67":"11","MF":"11","77":"11","WH":"11","XH":"11","34":"11","87":"11","25":"11","VF":"11","35":"11","VG":"11","86":"11","PF":"11","C8":"11","46":"11","C7":"11","RG":"11","PC":"11","XG":"11","76":"11","QF":"11","G9":"11","HC":"11","H9":"11","55":"11","WG":"11","98":"11","F9":"11","24":"11","45":"11","JC":"11","97":"11","MC":"11","56":"11"},"W5":{"HJ":"11","9C":"11","44":"11","PQ":"11","QQ":"11","87":"11","CF":"11","HH":"11","78":"11","56":"11","RV":"11","GG":"11","55":"11","JM":"11","WX":"11","WW":"11","33":"11","QR":"11","88":"11","RR":"11","67":"11","MM":"11","89":"11","VW":"11","98":"11","JH":"11","PP":"11","66":"11","FG":"11","XX":"11","MP":"11","CC":"11","MJ":"11","45":"11","34":"11","22":"11","FF":"11","C9":"11","99":"11","GF":"11","VV":"11","JJ":"11","76":"11","GH":"11","23":"11","HG":"11","77":"11","FC":"11"},"R4":{"R5":"11","H4":"11","X7":"11","P4":"11","X8":"11","R6":"11","M5":"11","V6":"11","C2":"11","G2":"11","M4":"11","Q5":"11","92":"11","Q6":"11","J3":"11","W6":"11","F3":"11","W7":"11","H3":"11","G3":"11","P5":"11","V7":"11","F2":"11","J4":"11"}},"R5":{"44":{"68":"11","66":"11","83":"11","75":"11","67":"11","93":"11","C2":"11","77":"11","2H":"11","58":"11","5C":"11","59":"11","2G":"11","76":"11","3G":"11","92":"11","3C":"11","49":"11","85":"11","4C":"11","84":"11","94":"11","4F":"11","3F":"11"},"GX":{"7P":"11","2P":"11","QV":"11","6P":"11","8P":"11","QR":"11","RR":"11","7Q":"11","3P":"11","CP":"11","GQ":"11","VR":"11","5P":"11","8Q":"11","WR":"11","WV":"11","PR":"11","CQ":"11","9Q":"11","9P":"11","FQ":"11","JQ":"11","HR":"11","RV":"11","VV":"11","HQ":"11","6Q":"11","4P":"11","XV":"11","MQ":"11","MR":"11","JR":"11"},"6P":{"RX":"11","HW":"11","FW":"11","QX":"11","JW":"11","PX":"11","9X":"11","GW":"11","CX":"11","MW":"11","CW":"11","8X":"11","9W":"11","PW":"11","VX":"11","WX":"11"},"9V":{"78":"11","7C":"11","66":"11","WC":"11","Q8":"11","54":"11","J9":"11","67":"11","52":"11","77":"11","P8":"11","W9":"11","XF":"11","65":"11","P9":"11","64":"11","76":"11","8C":"11","89":"11","HC":"11","H9":"11","63":"11","V9":"11","Q9":"11","M9":"11","8F":"11","R9":"11","JC":"11","53":"11","79":"11","XC":"11","VC":"11"},"38":{"MJ":"11","PR":"11","8F":"11","PV":"11","9F":"11","QQ":"11","JJ":"11","QR":"11","JH":"11","MQ":"11","PQ":"11","8G":"11","MM":"11","QV":"11","9G":"11","MP":"11"},"7Q":{"F4":"11","P6":"11","M5":"11","WC":"11","R8":"11","83":"11","Q8":"11","32":"11","Q7":"11","93":"11","52":"11","W9":"11","22":"11","M6":"11","73":"11","V8":"11","XF":"11","G4":"11","P7":"11","H4":"11","63":"11","V9":"11","H5":"11","42":"11","C4":"11","R9":"11","53":"11","J6":"11","94":"11","62":"11","J5":"11","XC":"11"},"5Q":{"X2":"11","X3":"11"},"26":{"5C":"11","5Q":"11","4C":"11","5V":"11","5F":"11","6J":"11","4R":"11","5W":"11","6Q":"11","5R":"11","6M":"11","6P":"11","5X":"11","4F":"11","4X":"11"},"CV":{"5Q":"11","2F":"11","5V":"11","2G":"11","3G":"11","4P":"11","5W":"11","3H":"11","3J":"11","5R":"11","4Q":"11","5P":"11","5X":"11","4M":"11","4J":"11"},"4H":{"5C":"11","6F":"11","8J":"11","9Q":"11","8M":"11","7G":"11","8H":"11","9R":"11","9P":"11","9M":"11","7H":"11","7F":"11","9W":"11","8P":"11","9X":"11","9V":"11","6C":"11"},"34":{"PR":"11","HR":"11","VP":"11","JQ":"11","QQ":"11","VQ":"11","QR":"11","JR":"11","RP":"11","WP":"11","MQ":"11","XJ":"11","GW":"11","PQ":"11","FW":"11","XH":"11","MR":"11","CW":"11","HV":"11","WM":"11","RQ":"11","GV":"11","9X":"11","JV":"11","XM":"11","HW":"11","CX":"11","MP":"11","VM":"11","FX":"11","WJ":"11"},"43":{"M8":"11","Q3":"11","P6":"11","JC":"11","JF":"11","FQ":"11","Q4":"11","JJ":"11","HJ":"11","JH":"11","CV":"11","FW":"11","HP":"11","GR":"11","CW":"11","GP":"11","Q5":"11","FR":"11","Q6":"11","R2":"11","P8":"11","P9":"11","FV":"11","M9":"11","Q2":"11","P7":"11","R3":"11","9X":"11","GM":"11","GQ":"11","P5":"11","MF":"11","JG":"11","HM":"11","HH":"11","CX":"11","MC":"11"},"25":{"M7":"11","7C":"11","J7":"11","6C":"11","H7":"11","Q7":"11","99":"11","F6":"11","C5":"11","2C":"11","C6":"11","G5":"11","C8":"11","5C":"11","7F":"11","C7":"11","88":"11","G4":"11","8C":"11","89":"11","6F":"11","G3":"11","P7":"11","98":"11","R7":"11","V6":"11","97":"11","F5":"11","V7":"11","J6":"11","H6":"11","79":"11","5F":"11","2F":"11","4F":"11","3F":"11"},"5P":{"VW":"11","RJ":"11","P6":"11","QV":"11","M5":"11","QR":"11","Q8":"11","RP":"11","RR":"11","QH":"11","P8":"11","QC":"11","WW":"11","RH":"11","M4":"11","QM":"11","P9":"11","PC":"11","H2":"11","RQ":"11","QF":"11","P7":"11","XX":"11","QG":"11","VV":"11","RV":"11","Q9":"11","QP":"11","WX":"11","G2":"11","RM":"11","QJ":"11"},"39":{"W2":"11","X2":"11","W3":"11","X4":"11","X3":"11","V3":"11"},"8Q":{"5J":"11","7P":"11","GX":"11","6P":"11","9V":"11","FV":"11","7Q":"11","FW":"11","CV":"11","4H":"11","6M":"11","8Q":"11","5M":"11","FX":"11","2G":"11","CW":"11","3G":"11","4G":"11","9R":"11","4J":"11","8R":"11","3H":"11","2F":"11"},"CX":{"J8":"11","M7":"11","M8":"11","J7":"11","RF":"11","WH":"11","QC":"11","XH":"11","F3":"11","VG":"11","G5":"11","P9":"11","RG":"11","PC":"11","G4":"11","G3":"11","QF":"11","WG":"11","H5":"11","VH":"11","M9":"11","F2":"11","J6":"11","H6":"11","G2":"11"},"35":{"64":"11","65":"11","C2":"11","55":"11","73":"11","92":"11","93":"11","46":"11","82":"11","54":"11","74":"11","63":"11","45":"11","36":"11","83":"11"},"28":{"W2":"11","X2":"11"},"5M":{"8M":"11","9M":"11","GX":"11","7G":"11","7J":"11","8P":"11","6C":"11","9V":"11","FV":"11","36":"11","FW":"11","47":"11","CV":"11","34":"11","58":"11","23":"11","35":"11","48":"11","5C":"11","FX":"11","59":"11","7F":"11","46":"11","33":"11","8J":"11","CW":"11","8H":"11","9Q":"11","9P":"11","6F":"11","9R":"11","7H":"11","69":"11","24":"11","45":"11"},"FX":{"8M":"11","5J":"11","9M":"11","MP":"11","7J":"11","MM":"11","CM":"11","WP":"11","RP":"11","HM":"11","2J":"11","PM":"11","4H":"11","2H":"11","GM":"11","9J":"11","FM":"11","XP":"11","WM":"11","QM":"11","8J":"11","JM":"11","GJ":"11","6J":"11","PP":"11","4J":"11","FJ":"11","QP":"11","CJ":"11","3J":"11","3H":"11","RM":"11","VP":"11","VM":"11"},"CW":{"FR":"11","9M":"11","7G":"11","7J":"11","68":"11","66":"11","CM":"11","54":"11","FV":"11","67":"11","FW":"11","52":"11","9J":"11","CP":"11","7M":"11","43":"11","FM":"11","65":"11","FX":"11","7F":"11","33":"11","8J":"11","64":"11","FP":"11","FQ":"11","7H":"11","55":"11","42":"11","53":"11"},"4M":{"X3":"11"},"3G":{"H4":"11","C5":"11","M2":"11","F5":"11","J3":"11","J2":"11","H3":"11","G5":"11","H5":"11","J4":"11"},"9R":{"2R":"11","2Q":"11","2P":"11","3R":"11","4V":"11","3Q":"11","2M":"11","4W":"11","3V":"11","5X":"11","4X":"11"},"3C":{"XW":"11","XX":"11"},"49":{"23":"11","3F":"11","38":"11","4C":"11","5V":"11","3G":"11","4R":"11","4P":"11","4V":"11","5W":"11","4G":"11","26":"11","3H":"11","3J":"11","4W":"11","37":"11","25":"11","24":"11","4Q":"11","39":"11","4H":"11","5X":"11","4M":"11","4J":"11","3C":"11","4F":"11","4X":"11"},"4J":{"QW":"11","FR":"11","VW":"11","QV":"11","PV":"11","FG":"11","CM":"11","96":"11","FH":"11","8V":"11","FF":"11","F6":"11","93":"11","CH":"11","7R":"11","GQ":"11","C5":"11","FM":"11","GR":"11","C6":"11","FP":"11","MV":"11","FC":"11","92":"11","FQ":"11","HR":"11","RW":"11","HQ":"11","VX":"11","F9":"11","FJ":"11","CJ":"11","F7":"11","8R":"11","94":"11","MR":"11","95":"11","JR":"11"},"42":{"RX":"11","R8":"11","RR":"11","J4":"11","VR":"11","F3":"11","VG":"11","VF":"11","V8":"11","J3":"11","RQ":"11","VQ":"11","G3":"11","RW":"11","RV":"11","VV":"11","V9":"11","VH":"11","H3":"11","VJ":"11","R7":"11","V7":"11","VP":"11","J5":"11","VM":"11","VC":"11"},"6Q":{"23":"11","62":"11","82":"11","X2":"11","43":"11","63":"11","35":"11","72":"11","24":"11","45":"11","44":"11","22":"11","36":"11","34":"11","W2":"11","53":"11"},"HX":{"6W":"11","8W":"11","2W":"11","3W":"11","5V":"11","7X":"11","4V":"11","5W":"11","7W":"11","4W":"11","2V":"11","GX":"11","3V":"11","9X":"11","8X":"11","CX":"11","FX":"11"},"8R":{"VF":"11","P6":"11","R9":"11","RC":"11","WH":"11","M5":"11","Q7":"11","RF":"11","XJ":"11","G2":"11","VC":"11","WG":"11","VG":"11","M4":"11","M6":"11","P8":"11","J3":"11","Q8":"11","H2":"11","P7":"11","Q9":"11","H3":"11","XP":"11","XM":"11","WJ":"11","J4":"11"},"4C":{"44":"11","2P":"11","38":"11","2J":"11","47":"11","2M":"11","3P":"11","2H":"11","34":"11","43":"11","39":"11","48":"11","33":"11","46":"11","2X":"11","2G":"11","2V":"11","3G":"11","3M":"11","2W":"11","3C":"11","49":"11","2R":"11","42":"11","45":"11","3J":"11","3H":"11","2Q":"11","3F":"11"},"27":{"RX":"11","FG":"11","GH":"11","FH":"11","FF":"11","99":"11","67":"11","QX":"11","52":"11","77":"11","PX":"11","CC":"11","GM":"11","CP":"11","87":"11","FM":"11","MW":"11","9C":"11","JV":"11","FP":"11","GJ":"11","89":"11","MV":"11","HR":"11","CF":"11","VX":"11","42":"11","FJ":"11","WX":"11","JR":"11"},"3H":{"R5":"11","V4":"11","X7":"11","X6":"11","W6":"11","W7":"11","V5":"11","W5":"11","R4":"11"},"3F":{"RJ":"11","PV":"11","X4":"11","W8":"11","WC":"11","QR":"11","RP":"11","QQ":"11","X6":"11","W6":"11","W9":"11","RH":"11","X3":"11","VG":"11","VF":"11","QM":"11","MW":"11","RG":"11","PQ":"11","PR":"11","W5":"11","MV":"11","X5":"11","V9":"11","VH":"11","PW":"11","MX":"11","QP":"11","X2":"11","RM":"11","W7":"11","VC":"11"}},"PQ":{"XX":{"CF":"11","FF":"11","FG":"11"}},"PR":{"X5":{"RM":"11","WF":"11","VP":"11","VJ":"11","RP":"11","WG":"11","VG":"11","X9":"11","VH":"11","WC":"11","XC":"11","VM":"11"},"2M":{"M3":"11","P3":"11","J5":"11"},"2H":{"XW":"11","WV":"11","XV":"11","XR":"11"},"RF":{"VP":"11","WH":"11","VQ":"11","VJ":"11","WG":"11","XH":"11","WM":"11","RQ":"11","XG":"11","XC":"11","RR":"11","XF":"11","VM":"11","WJ":"11"},"6H":{"5J":"11","5H":"11","4J":"11","4P":"11","4M":"11","4H":"11"},"3H":{"9Q":"11","CQ":"11","9H":"11","CR":"11","9R":"11","9P":"11","9M":"11","CH":"11","9J":"11"},"2J":{"WJ":"11","VH":"11","WG":"11","WH":"11","VG":"11","WF":"11"},"4H":{"63":"11","73":"11","72":"11","62":"11","82":"11","74":"11"},"RV":{"PV":"11","8R":"11","PW":"11","6J":"11","CV":"11","GW":"11","JW":"11","FW":"11","7M":"11","CW":"11","HV":"11","7Q":"11","9R":"11","MW":"11","FV":"11","QW":"11","QV":"11","8Q":"11","MV":"11","7P":"11","GV":"11","JV":"11","9V":"11","HW":"11","6M":"11"},"QX":{"2G":"11","9Q":"11","8M":"11","6J":"11","CV":"11","FW":"11","5J":"11","7M":"11","CQ":"11","9R":"11","CR":"11","FV":"11","3H":"11","3J":"11","8Q":"11","GX":"11","8P":"11","5H":"11","7J":"11","2H":"11","4H":"11","FX":"11","2J":"11","4J":"11"},"8X":{"F9":"11","FC":"11","G9":"11"},"PX":{"XC":"11","X9":"11","Q8":"11","XF":"11","W9":"11","XH":"11","XG":"11"},"7R":{"XF":"11","XG":"11"},"PR":{"VP":"11","QQ":"11","RP":"11","XJ":"11","PQ":"11","XH":"11","WM":"11","RQ":"11","VM":"11","WJ":"11"},"8R":{"2F":"11","2G":"11","4X":"11"},"VF":{"48":"11","39":"11","28":"11","47":"11","46":"11","56":"11","38":"11","2C":"11","55":"11","29":"11"},"QR":{"RW":"11","PV":"11","8R":"11","8J":"11","2G":"11","8M":"11","GW":"11","JW":"11","FW":"11","7M":"11","CW":"11","7Q":"11","MW":"11","QV":"11","8Q":"11","MV":"11","7P":"11","9W":"11","8V":"11","RV":"11","9V":"11","HW":"11","2H":"11"},"4G":{"8X":"11"}},"R2":{"3F":{"2X":"11"},"38":{"2P":"11","54":"11","2M":"11","52":"11","3P":"11","4H":"11","58":"11","48":"11","57":"11","2X":"11","2V":"11","4G":"11","3M":"11","3Q":"11","2W":"11","55":"11","49":"11","2R":"11","3J":"11","4C":"11","53":"11","3H":"11","2Q":"11","56":"11","4F":"11","3F":"11"},"2F":{"XR":"11","M7":"11","M8":"11","P6":"11","RC":"11","M5":"11","P2":"11","WP":"11","P3":"11","WQ":"11","M6":"11","VG":"11","VF":"11","XQ":"11","P5":"11","P9":"11","WR":"11","WV":"11","XW":"11","XX":"11","P4":"11","VH":"11","Q9":"11","VJ":"11","M9":"11","R9":"11","XV":"11","MC":"11","VP":"11","VM":"11","VC":"11"},"33":{"C8":"11","6W":"11","6V":"11","9F":"11","8J":"11","8M":"11","9C":"11","97":"11","G2":"11","F5":"11","6R":"11","7M":"11","5W":"11","8H":"11","9H":"11","7Q":"11","6Q":"11","F7":"11","F3":"11","9G":"11","7P":"11","C7":"11","G3":"11","C6":"11","F6":"11","F4":"11","99":"11","98":"11","5X":"11"},"3G":{"FR":"11","44":"11","9G":"11","9M":"11","78":"11","66":"11","CM":"11","FV":"11","67":"11","FW":"11","77":"11","CR":"11","34":"11","9J":"11","CP":"11","43":"11","22":"11","23":"11","65":"11","FX":"11","33":"11","9F":"11","CQ":"11","8C":"11","89":"11","8G":"11","9H":"11","55":"11","8F":"11","CJ":"11","45":"11","79":"11","56":"11"},"32":{"FP":"11","HX":"11","FQ":"11","GW":"11","GR":"11","HV":"11","GP":"11","FM":"11","82":"11","75":"11","74":"11","GX":"11","GV":"11","GQ":"11","85":"11","HW":"11","84":"11","CH":"11","83":"11","FJ":"11"},"4R":{"QW":"11","PV":"11","FG":"11","66":"11","FH":"11","FF":"11","99":"11","QX":"11","77":"11","PX":"11","CC":"11","GM":"11","87":"11","GQ":"11","FM":"11","HP":"11","65":"11","9C":"11","88":"11","64":"11","9F":"11","76":"11","PR":"11","8C":"11","89":"11","JP":"11","JQ":"11","63":"11","CF":"11","HQ":"11","PW":"11","FJ":"11","GP":"11","MQ":"11","MR":"11","62":"11","CG":"11"},"4P":{"6W":"11","5C":"11","5G":"11","5Q":"11","48":"11","5V":"11","59":"11","5F":"11","55":"11","5J":"11","5W":"11","46":"11","54":"11","52":"11","47":"11","5R":"11","45":"11","5H":"11","6X":"11","44":"11","5P":"11","5M":"11","58":"11","5X":"11","4M":"11","4J":"11","53":"11"},"4V":{"RX":"11","R4":"11","Q5":"11","RP":"11","RR":"11","QX":"11","Q4":"11","Q2":"11","VF":"11","VG":"11","V8":"11","R6":"11","R5":"11","RQ":"11","VQ":"11","Q3":"11","RW":"11","RV":"11","V9":"11","VH":"11","VJ":"11","R7":"11","V7":"11","RM":"11","VP":"11","VM":"11","VC":"11"},"29":{"RW":"11","RM":"11","VF":"11","W9":"11","WF":"11","VP":"11","VJ":"11","RP":"11","QX":"11","WG":"11","VG":"11","X6":"11","W8":"11","X2":"11","QW":"11","W7":"11","RQ":"11","X3":"11","VH":"11","WC":"11","RV":"11","RR":"11","VM":"11","X4":"11","X5":"11"},"3H":{"F4":"11","X4":"11","J4":"11","X3":"11","M4":"11","W3":"11","G5":"11","G4":"11","G3":"11","Q3":"11","X5":"11","R3":"11","P4":"11","F5":"11","F2":"11","G2":"11","V3":"11","J5":"11"},"4W":{"J8":"11","QW":"11","M8":"11","P6":"11","QV":"11","PV":"11","Q5":"11","JF":"11","QR":"11","QQ":"11","J9":"11","PM":"11","Q4":"11","MF":"11","PH":"11","P8":"11","PX":"11","Q2":"11","P5":"11","PQ":"11","Q6":"11","R2":"11","MG":"11","HF":"11","Q3":"11","P7":"11","PJ":"11","PG":"11","PP":"11","H9":"11","PW":"11","M9":"11","QP":"11","JC":"11","MH":"11"},"35":{"8M":"11","78":"11","7G":"11","7C":"11","68":"11","66":"11","8P":"11","54":"11","67":"11","7W":"11","7R":"11","7V":"11","43":"11","8Q":"11","7F":"11","8J":"11","8X":"11","8H":"11","8G":"11","55":"11","7X":"11","42":"11","8F":"11","8R":"11","8W":"11","53":"11","79":"11","56":"11"},"37":{"6V":"11","6W":"11","78":"11","7C":"11","6P":"11","5W":"11","83":"11","6C":"11","75":"11","5X":"11","82":"11","77":"11","6M":"11","74":"11","76":"11","6H":"11","6F":"11","6J":"11","6G":"11","69":"11","6Q":"11","85":"11","5V":"11","6R":"11","84":"11","79":"11"},"24":{"XC":"11","WC":"11","X9":"11","XF":"11","W9":"11","XH":"11","XG":"11"},"4Q":{"7R":"11","6W":"11","62":"11","66":"11","6V":"11","78":"11","64":"11","7G":"11","65":"11","7C":"11","55":"11","7M":"11","7Q":"11","54":"11","63":"11","7H":"11","7V":"11","7P":"11","7F":"11","68":"11","6X":"11","7J":"11","79":"11","67":"11"},"36":{"8F":"11","8W":"11","87":"11","8R":"11","88":"11","8M":"11","9P":"11","82":"11","8Q":"11","8P":"11","89":"11","8X":"11","8V":"11","86":"11","85":"11","84":"11","83":"11","8C":"11","9J":"11"},"39":{"22":"11"},"2C":{"M7":"11","M8":"11","P6":"11","JF":"11","P3":"11","HM":"11","Q4":"11","MF":"11","P8":"11","PX":"11","HJ":"11","Q2":"11","HP":"11","P5":"11","JJ":"11","MG":"11","JG":"11","Q3":"11","P7":"11","JH":"11","P4":"11","PW":"11","M9":"11","MC":"11"},"4H":{"37":"11","5H":"11","7P":"11","6P":"11","5G":"11","7Q":"11","36":"11","47":"11","7W":"11","7R":"11","26":"11","7V":"11","6M":"11","25":"11","35":"11","48":"11","5C":"11","59":"11","6H":"11","6J":"11","49":"11","7X":"11","6Q":"11","24":"11","4C":"11","5F":"11"},"34":{"38":"11","48":"11","42":"11","3P":"11","4R":"11","3R":"11","4V":"11","29":"11","3Q":"11","46":"11","54":"11","43":"11","3J":"11","4W":"11","52":"11","47":"11","37":"11","45":"11","44":"11","39":"11","3M":"11","2H":"11","2J":"11","4X":"11","53":"11"},"4M":{"6V":"11","7P":"11","6W":"11","78":"11","7G":"11","7C":"11","7J":"11","75":"11","5X":"11","7Q":"11","77":"11","7R":"11","7M":"11","87":"11","74":"11","73":"11","6X":"11","7F":"11","88":"11","76":"11","8C":"11","89":"11","7H":"11","6Q":"11","72":"11","8F":"11","6R":"11","79":"11"},"4J":{"5H":"11","5J":"11","6V":"11","68":"11","66":"11","6C":"11","75":"11","5G":"11","67":"11","7W":"11","5Q":"11","7V":"11","5P":"11","74":"11","73":"11","5M":"11","5R":"11","76":"11","6H":"11","6F":"11","6J":"11","6G":"11","7X":"11","69":"11","72":"11","6R":"11","5F":"11"},"4X":{"M7":"11","M8":"11","MP":"11","MM":"11","M5":"11","P2":"11","JF":"11","J9":"11","MF":"11","JW":"11","M6":"11","M4":"11","M2":"11","JM":"11","JV":"11","JJ":"11","MG":"11","JG":"11","JH":"11","JQ":"11","JX":"11","M9":"11","JC":"11","MR":"11","MC":"11","M3":"11","JR":"11"}},"RQ":{"72":{"5F":"11","4F":"11","4G":"11"}},"MV":{"X9":{"VH":"11","VJ":"11","WG":"11","XF":"11","VF":"11","XG":"11","VG":"11","WF":"11","RJ":"11"},"X2":{"J7":"11","J8":"11","J2":"11"}},"R3":{"44":{"RX":"11","X7":"11","WP":"11","RR":"11","WQ":"11","WH":"11","XH":"11","VR":"11","XF":"11","WM":"11","XG":"11","VQ":"11","X9":"11","X8":"11","RW":"11","RV":"11","VV":"11","WG":"11","WJ":"11","VP":"11","XC":"11"},"5H":{"5H":"11","5J":"11","78":"11","7C":"11","6C":"11","5G":"11","93":"11","C2":"11","3P":"11","77":"11","4H":"11","87":"11","86":"11","C3":"11","2V":"11","4M":"11","6F":"11","92":"11","3M":"11","3Q":"11","6G":"11","2R":"11","4J":"11","69":"11","85":"11","4P":"11","94":"11","95":"11","79":"11","3R":"11","5F":"11"},"4R":{"7R":"11","6W":"11","23":"11","5G":"11","3F":"11","38":"11","6V":"11","4C":"11","5F":"11","6J":"11","6H":"11","27":"11","7M":"11","28":"11","7Q":"11","7W":"11","26":"11","7V":"11","7P":"11","37":"11","25":"11","24":"11","6X":"11","6G":"11","22":"11","39":"11","7J":"11","6M":"11","3C":"11","4F":"11"},"5W":{"8M":"11","44":"11","78":"11","7G":"11","7C":"11","7J":"11","68":"11","66":"11","8P":"11","8V":"11","54":"11","32":"11","67":"11","22":"11","43":"11","8Q":"11","7F":"11","33":"11","8J":"11","8X":"11","8H":"11","7H":"11","55":"11","69":"11","8R":"11","8W":"11","79":"11","56":"11"},"54":{"28":"11","24":"11","27":"11","25":"11","2C":"11","29":"11","22":"11","23":"11","26":"11"},"5G":{"FR":"11","FH":"11","FV":"11","75":"11","CH":"11","CR":"11","CV":"11","FM":"11","74":"11","CX":"11","65":"11","CW":"11","88":"11","64":"11","FP":"11","89":"11","FQ":"11","63":"11","FJ":"11","72":"11"},"5X":{"87":"11","78":"11","88":"11","8M":"11","6J":"11","7G":"11","77":"11","7C":"11","7M":"11","82":"11","7H":"11","7P":"11","7F":"11","86":"11","85":"11","7J":"11","84":"11","6M":"11","79":"11","83":"11"},"4H":{"XW":"11","XX":"11","XV":"11","WX":"11"},"4W":{"W2":"11","X2":"11","V2":"11"},"58":{"GX":"11","GH":"11","HG":"11","HJ":"11","GM":"11","GQ":"11","FP":"11","GG":"11","HF":"11","GJ":"11","FQ":"11","HC":"11","H9":"11","H8":"11","HX":"11","GP":"11","HH":"11"},"43":{"V4":"11","R4":"11","XJ":"11","RC":"11","RF":"11","R8":"11","Q8":"11","QC":"11","XP":"11","WM":"11","R6":"11","XM":"11","R5":"11","V2":"11","R2":"11","QF":"11","R3":"11","Q9":"11","R7":"11","R9":"11","WJ":"11","V3":"11"},"57":{"5G":"11","5F":"11","33":"11","32":"11","CV":"11","27":"11","FW":"11","5J":"11","CW":"11","26":"11","4G":"11","35":"11","25":"11","5H":"11","9V":"11","5P":"11","5M":"11","34":"11","4F":"11"},"5C":{"JP":"11","G9":"11","H4":"11","HR":"11","HX":"11","JQ":"11","H6":"11","GC":"11","HQ":"11","JR":"11","HJ":"11","GJ":"11","G8":"11","FH":"11","GW":"11","HP":"11","FF":"11","HV":"11","J3":"11","GF":"11","FC":"11","JM":"11","H7":"11","J2":"11","H3":"11","GX":"11","F9":"11","GH":"11","H5":"11","HW":"11","HM":"11","HH":"11","FG":"11","CH":"11","G7":"11"},"59":{"M8":"11","MJ":"11","JQ":"11","MG":"11","M5":"11","JR":"11","MQ":"11","JW":"11","JX":"11","MR":"11","M4":"11","M6":"11","J3":"11","MM":"11","M9":"11","H2":"11","J2":"11","M3":"11","M7":"11","JV":"11","MH":"11","MF":"11","MP":"11","MC":"11","J4":"11"},"4Q":{"85":"11","84":"11","83":"11","2H":"11","49":"11","4C":"11","3G":"11","92":"11","75":"11","59":"11","2G":"11","58":"11","82":"11"},"4M":{"PF":"11","PG":"11","QJ":"11","HC":"11","JC":"11","QQ":"11","GC":"11","QR":"11","QX":"11","QP":"11","F8":"11","QM":"11","QW":"11","QV":"11","F9":"11","MF":"11","MC":"11"},"3Q":{"XW":"11","XX":"11","WW":"11","WH":"11","VV":"11","XJ":"11","XH":"11","WM":"11","WV":"11","VM":"11","WJ":"11"},"4V":{"QW":"11","RX":"11","QV":"11","PV":"11","FG":"11","66":"11","CM":"11","C9":"11","FH":"11","FF":"11","CH":"11","CV":"11","CC":"11","CP":"11","87":"11","74":"11","73":"11","86":"11","C8":"11","MW":"11","65":"11","CW":"11","64":"11","76":"11","JV":"11","MV":"11","FC":"11","RW":"11","63":"11","CF":"11","98":"11","VX":"11","FJ":"11","CJ":"11","97":"11","WX":"11","62":"11"},"55":{"2R":"11","3W":"11","3X":"11","4W":"11","2V":"11","3V":"11","4X":"11"},"4J":{"HJ":"11","V3":"11","CR":"11","W2":"11","MF":"11","CQ":"11","P8":"11","5W":"11","R7":"11","6W":"11","Q8":"11","HH":"11","HM":"11","JG":"11","5X":"11","MG":"11","4X":"11","PC":"11","P9":"11","FP":"11","9R":"11","GM":"11","R5":"11","V5":"11","JF":"11","6X":"11","JH":"11","Q7":"11","V4":"11","FQ":"11","9V":"11","MC":"11","W3":"11","8V":"11","GJ":"11","R6":"11","GP":"11"},"42":{"VW":"11","RJ":"11","P6":"11","Q5":"11","RC":"11","RF":"11","M5":"11","R8":"11","Q8":"11","RP":"11","Q7":"11","RR":"11","J2":"11","J4":"11","QC":"11","RH":"11","VR":"11","M4":"11","P5":"11","RG":"11","Q6":"11","J3":"11","H4":"11","RW":"11","RV":"11","VV":"11","Q9":"11","VX":"11","H3":"11","QP":"11","R9":"11","RM":"11"},"4P":{"J8":"11","FR":"11","M7":"11","M8":"11","J7":"11","P2":"11","M5":"11","GH":"11","P3":"11","9V":"11","J9":"11","CR":"11","HG":"11","CV":"11","GM":"11","9X":"11","Q2":"11","M6":"11","FM":"11","P5":"11","CW":"11","8X":"11","FP":"11","HF":"11","GJ":"11","FQ":"11","HC":"11","9W":"11","P4":"11","JC":"11","GP":"11","HH":"11"},"45":{"XR":"11","M7":"11","M8":"11","P6":"11","M5":"11","JF":"11","PM":"11","Q4":"11","MF":"11","HG":"11","HJ":"11","VR":"11","M6":"11","Q2":"11","P5":"11","WR":"11","WV":"11","R2":"11","JG":"11","Q3":"11","R3":"11","JH":"11","PJ":"11","P4":"11","VV":"11","M9":"11","XV":"11","HH":"11","MJ":"11","MC":"11","MH":"11"},"53":{"2W":"11","2Q":"11","2M":"11","2X":"11","2R":"11","2V":"11","2P":"11"},"3R":{"X2":"11"},"5F":{"F4":"11","GF":"11","GC":"11","G8":"11","FG":"11","CM":"11","FH":"11","FF":"11","H7":"11","F6":"11","CP":"11","FM":"11","G5":"11","8X":"11","G4":"11","CQ":"11","9Q":"11","GG":"11","G3":"11","G9":"11","G7":"11","9R":"11","H8":"11","FJ":"11","CJ":"11","F5":"11","8W":"11","G6":"11","G2":"11"},"56":{"44":"11","3X":"11","4R":"11","54":"11","3W":"11","5G":"11","47":"11","4H":"11","3V":"11","58":"11","43":"11","48":"11","57":"11","5C":"11","59":"11","46":"11","4Q":"11","4M":"11","4G":"11","4V":"11","55":"11","4J":"11","42":"11","4P":"11","45":"11","4C":"11","3R":"11","5F":"11","56":"11","4F":"11"}},"RW":{"R2":{"8C":"11","9C":"11","89":"11"}},"VV":{"2Q":{"5G":"11","3J":"11","2M":"11","4J":"11","4H":"11","3M":"11","2P":"11","4F":"11","3P":"11","4G":"11"},"GQ":{"H6":"11","M5":"11","77":"11","M4":"11","75":"11","J5":"11","H7":"11","G6":"11","J6":"11","86":"11","H5":"11","85":"11","67":"11","G7":"11","J4":"11"}},"RV":{"83":{"2H":"11","2J":"11","2C":"11","2F":"11","29":"11","2G":"11"},"3J":{"GG":"11","FF":"11","FG":"11"},"4J":{"4F":"11"},"73":{"XC":"11","X9":"11","X8":"11"},"XQ":{"XP":"11","XM":"11"},"72":{"MJ":"11","PJ":"11","J9":"11","JC":"11","JF":"11","MG":"11","VQ":"11","RP":"11","JH":"11","QP":"11","PM":"11","PP":"11","VR":"11","RQ":"11","MH":"11","JG":"11"},"XH":{"5Q":"11","6R":"11","5J":"11","6Q":"11","7V":"11","5R":"11","5P":"11","5M":"11","4H":"11","4M":"11","4J":"11"}},"V9":{"QF":{"G4":"11","G3":"11","H5":"11","G5":"11","G2":"11"},"QC":{"GW":"11","FW":"11","GX":"11"}},"JX":{"HX":{"38":"11","2F":"11","66":"11","64":"11","M2":"11","65":"11","C2":"11","55":"11","73":"11","G2":"11","27":"11","92":"11","28":"11","46":"11","54":"11","75":"11","74":"11","76":"11","63":"11","H2":"11","J2":"11","37":"11","45":"11","36":"11","2C":"11","F2":"11","53":"11"},"PQ":{"XW":"11","WV":"11","XV":"11","WW":"11"},"RP":{"8W":"11","8V":"11","9V":"11"},"JV":{"CR":"11","QJ":"11","WG":"11","GX":"11","GQ":"11","PQ":"11","CW":"11","FW":"11","JW":"11","FR":"11","HP":"11","HW":"11","VG":"11","GV":"11","MQ":"11","HX":"11","JQ":"11","HQ":"11","MM":"11","PM":"11","8X":"11","VH":"11","9W":"11","RH":"11","JX":"11","GW":"11","9X":"11","GR":"11","XG":"11","QM":"11","FX":"11","PP":"11","WH":"11","RJ":"11","JP":"11","MP":"11","XF":"11","FV":"11","CV":"11","FQ":"11","HR":"11","CX":"11","HV":"11"},"RQ":{"26":"11"},"HW":{"QX":"11","QJ":"11","X9":"11","WG":"11","GX":"11","GQ":"11","PQ":"11","CW":"11","FW":"11","WF":"11","JW":"11","QQ":"11","FR":"11","PR":"11","PJ":"11","HP":"11","HW":"11","RW":"11","HM":"11","RV":"11","MR":"11","RQ":"11","QV":"11","PH":"11","JM":"11","VG":"11","GV":"11","MQ":"11","HX":"11","QR":"11","JV":"11","JQ":"11","RR":"11","HQ":"11","PV":"11","QG":"11","PM":"11","VH":"11","VF":"11","RH":"11","JX":"11","GW":"11","XH":"11","PX":"11","9X":"11","GR":"11","XG":"11","RM":"11","QM":"11","XJ":"11","FX":"11","PP":"11","QP":"11","MV":"11","QW":"11","QH":"11","WH":"11","RP":"11","RJ":"11","JP":"11","MP":"11","XF":"11","MJ":"11","FV":"11","CV":"11","XC":"11","PW":"11","MX":"11","WC":"11","JJ":"11","JR":"11","MW":"11","HR":"11","CX":"11","HV":"11","RG":"11"},"MV":{"5C":"11","2F":"11","4C":"11","59":"11","49":"11","69":"11","68":"11","2C":"11","3C":"11"},"QQ":{"2R":"11","5Q":"11","X7":"11","3R":"11","X6":"11","7M":"11","W8":"11","6Q":"11","V8":"11","W7":"11","2V":"11","7P":"11","V7":"11","6P":"11"},"GX":{"MP":"11","MM":"11","RC":"11","RF":"11","WC":"11","FV":"11","GV":"11","FW":"11","PM":"11","QH":"11","PH":"11","WF":"11","W9":"11","9X":"11","GW":"11","VF":"11","VG":"11","CX":"11","GR":"11","RG":"11","CW":"11","8X":"11","JM":"11","HV":"11","JP":"11","X9":"11","X8":"11","PJ":"11","QG":"11","9W":"11","JQ":"11","HR":"11","WG":"11","HQ":"11","7X":"11","8W":"11","MQ":"11","MJ":"11","QJ":"11","JR":"11","XC":"11","VC":"11"},"JW":{"F5":"11","85":"11","G3":"11","93":"11","97":"11","8R":"11","7Q":"11","CH":"11","64":"11","2M":"11","C7":"11","4G":"11","9H":"11","8G":"11","F4":"11","38":"11","5P":"11","87":"11","CF":"11","73":"11","78":"11","56":"11","7G":"11","7R":"11","6M":"11","G6":"11","C6":"11","7F":"11","4J":"11","83":"11","7P":"11","82":"11","G4":"11","4P":"11","6P":"11","8H":"11","49":"11","86":"11","4Q":"11","CG":"11","2H":"11","F3":"11","5Q":"11","C2":"11","G8":"11","75":"11","3G":"11","F7":"11","F6":"11","88":"11","4M":"11","F2":"11","3F":"11","89":"11","9M":"11","3J":"11","CM":"11","9P":"11","8M":"11","9G":"11","98":"11","48":"11","4H":"11","8J":"11","5H":"11","3M":"11","G2":"11","96":"11","C4":"11","6R":"11","95":"11","5J":"11","H2":"11","29":"11","FG":"11","57":"11","66":"11","8F":"11","6J":"11","65":"11","7J":"11","7M":"11","47":"11","C8":"11","9F":"11","3P":"11","2C":"11","F8":"11","CJ":"11","3C":"11","72":"11","G7":"11","5R":"11","5M":"11","8Q":"11","2F":"11","C3":"11","99":"11","39":"11","6Q":"11","2J":"11","9J":"11","C5":"11","G5":"11","2G":"11","74":"11","7H":"11","FH":"11","8P":"11","3H":"11","6H":"11","77":"11","79":"11","4C":"11"}},"PW":{"F5":{"HX":"11","GR":"11","GW":"11","HW":"11","GV":"11","GQ":"11"},"85":{"W3":"11","W4":"11"},"9C":{"9X":"11","9H":"11","CX":"11","CH":"11","72":"11","62":"11","CJ":"11"},"97":{"6X":"11","6M":"11"},"CH":{"8W":"11","9W":"11","9X":"11","FX":"11","CX":"11","4R":"11","8X":"11","5X":"11","4V":"11","3R":"11"},"CW":{"8M":"11","F8":"11","6V":"11","9G":"11","7P":"11","6W":"11","G8":"11","5W":"11","C9":"11","8P":"11","5X":"11","7Q":"11","J2":"11","J4":"11","7R":"11","CC":"11","9J":"11","7V":"11","8Q":"11","6X":"11","G5":"11","8J":"11","J3":"11","FC":"11","G7":"11","H4":"11","9H":"11","CF":"11","H5":"11","H3":"11","F9":"11","F7":"11","6R":"11","G6":"11","H6":"11","CG":"11"},"WF":{"9W":"11","FW":"11","CW":"11"},"9H":{"WJ":"11","XJ":"11"},"QF":{"J8":"3","7C":"3","RC":"3","WC":"3","C9":"3","6C":"3","99":"3","38":"3","J9":"3","QC":"3","CC":"3","W9":"3","39":"3","48":"3","5C":"3","59":"3","P9":"3","9C":"3","PC":"3","8C":"3","89":"3","X9":"3","G9":"3","H9":"3","49":"3","Q9":"3","M9":"3","69":"3","F9":"3","79":"3","XC":"3","VC":"3"},"FR":{"6F":"11","5G":"11","87":"11","3W":"11","78":"11","77":"11","6H":"11","4R":"11","7C":"11","4P":"11","5J":"11","3R":"11","2X":"11","92":"11","93":"11","3X":"11","76":"11","69":"11","5H":"11","3V":"11","6G":"11","86":"11","4Q":"11","85":"11","5P":"11","84":"11","5M":"11","79":"11","83":"11","4M":"11","94":"11","6C":"11"},"RF":{"M8":"11","C8":"11","W9":"11","R9":"11","59":"3","78":"3","88":"3","H8":"11","G8":"11","X9":"11","29":"3","49":"3","P9":"11","F8":"11","V9":"11","M9":"11","Q9":"11","69":"3","39":"3","2C":"3","J8":"11","79":"3","PC":"11","99":"3|11","98":"3|11","3C":"3"},"86":{"WV":"11","XV":"11","WW":"11"},"FM":{"8M":"11","FR":"11","7P":"11","78":"11","7G":"11","7C":"11","7J":"11","HW":"11","8P":"11","FV":"11","GV":"11","75":"11","77":"11","JW":"11","CV":"11","7M":"11","74":"11","8Q":"11","GR":"11","7F":"11","64":"11","76":"11","9Q":"11","HV":"11","9P":"11","7H":"11","63":"11","JX":"11","8R":"11","62":"11","79":"11"},"PC":{"2W":"11","3W":"11","4W":"11","5W":"11","6V":"11","4V":"11","5V":"11"},"G8":{"W2":"11","W3":"11","V2":"11","X3":"11","R2":"11"},"F6":{"Q9":"11","Q8":"11","M4":"11","J4":"11"},"FP":{"MJ":"11","PF":"11","P6":"11","PG":"11","P4":"11","PH":"11","M2":"11","MG":"11","MQ":"11","JW":"11","JX":"11","MR":"11","M4":"11","P8":"11","P9":"11","MW":"11","MM":"11","P7":"11","J2":"11","MV":"11","M3":"11","P5":"11","MH":"11","PC":"11","MP":"11"},"9G":{"66":"11","65":"11","73":"11","82":"11","75":"11","74":"11","76":"11","72":"11","68":"11","67":"11","58":"11"},"98":{"6V":"11","6W":"11","68":"11","66":"11","6P":"11","5W":"11","6C":"11","5X":"11","67":"11","6M":"11","6X":"11","65":"11","64":"11","6H":"11","6F":"11","6J":"11","63":"11","6G":"11","69":"11","6Q":"11","6R":"11","62":"11"},"VF":{"RC":"11","RF":"11","C9":"11","6C":"11","99":"11","38":"11","J9":"11","WF":"11","QC":"11","VF":"11","48":"11","28":"11","5C":"11","59":"11","PC":"11","XG":"11","89":"11","G9":"11","29":"11","H9":"11","WG":"11","69":"11","F9":"11","M9":"11","MC":"11","79":"11","VC":"11"},"9X":{"RJ":"11","PV":"11","WC":"11","QR":"11","RP":"11","QQ":"11","WF":"11","RH":"11","VG":"11","QM":"11","MW":"11","PQ":"11","PR":"11","MV":"11","X9":"11","X8":"11","WG":"11","JX":"11","PW":"11","VH":"11","MX":"11","VJ":"11","QP":"11","RM":"11","XC":"11"},"C4":{"34":"11","44":"11","33":"11","45":"11","55":"11"},"XG":{"C8":"11","78":"11","88":"11","H8":"11","R6":"11","Q7":"11","V6":"11","G8":"11","X6":"11","Q6":"11","F8":"11","W6":"11","H7":"11","P7":"11","68":"11","M7":"11","89":"11","J8":"11","67":"11","J7":"11","98":"11","99":"11"},"63":{"99":"11","5C":"11","2M":"11","2H":"11","5F":"11","3H":"11","2J":"11","C8":"11","79":"11","89":"11","7C":"11","4F":"11","3G":"11","98":"11","4G":"11","6C":"11"},"FJ":{"6W":"11","5Q":"11","6V":"11","5V":"11","2G":"11","4P":"11","3H":"11","3J":"11","5R":"11","6X":"11","5P":"11","5M":"11","2H":"11","4H":"11","4M":"11","4J":"11"},"94":{"88":"11","2R":"11","87":"11","2V":"11","97":"11","3P":"11"},"9F":{"C8":"11","8F":"11","8W":"11","9F":"11","8R":"11","9Q":"11","9C":"11","C2":"11","97":"11","7X":"11","92":"11","9R":"11","9P":"11","9M":"11","8Q":"11","9G":"11","C7":"11","8P":"11","8X":"11","8V":"11","98":"11","99":"11"},"CJ":{"M7":"11","P6":"11","RC":"11","RF":"11","M5":"11","P3":"11","R8":"11","Q8":"11","Q7":"11","52":"11","J4":"11","F3":"11","M6":"11","VF":"11","VG":"11","XF":"11","M2":"11","RG":"11","G4":"11","XG":"11","Q6":"11","H2":"11","J3":"11","G3":"11","P7":"11","H4":"11","P4":"11","63":"11","WG":"11","V9":"11","H5":"11","H3":"11","R9":"11","F2":"11","J6":"11","95":"11","J5":"11","VC":"11"},"FV":{"2H":"11","24":"11","2J":"11","22":"11","23":"11"},"CV":{"XJ":"11","PV":"11","X4":"11","W8":"11","WP":"11","RP":"11","QQ":"11","X6":"11","W6":"11","WH":"11","XH":"11","W9":"11","RH":"11","X3":"11","XP":"11","VF":"11","VG":"11","QM":"11","MW":"11","XM":"11","RG":"11","PQ":"11","XG":"11","PR":"11","MV":"11","X5":"11","PP":"11","WG":"11","V9":"11","JX":"11","VH":"11","MX":"11","VJ":"11","QP":"11","WJ":"11","MR":"11","RM":"11","W7":"11","VP":"11","VC":"11","VM":"11"},"G7":{"RX":"11","QX":"11","PX":"11","MW":"11","PW":"11"},"53":{"VQ":"11","VV":"11","WP":"11","WQ":"11","VW":"11","VR":"11","XP":"11","XM":"11","WR":"11"},"FQ":{"GF":"11","GC":"11","GH":"11","FH":"11","H7":"11","J2":"11","J4":"11","CR":"11","CV":"11","9X":"11","FM":"11","CX":"11","CW":"11","CQ":"11","J3":"11","FP":"11","GG":"11","GJ":"11","G9":"11","H4":"11","FQ":"11","HC":"11","9W":"11","H9":"11","H8":"11","H5":"11","FJ":"11","H6":"11","J5":"11"},"99":{"62":"11","64":"11","54":"11","6Q":"11","63":"11","52":"11","7P":"11","6P":"11","53":"11"},"H8":{"GF":"11","GC":"11","66":"11","JF":"11","C9":"11","99":"11","67":"11","QH":"11","PH":"11","77":"11","34":"11","CC":"11","RH":"11","87":"11","23":"11","35":"11","46":"11","88":"11","MG":"11","HF":"11","JG":"11","FC":"11","PG":"11","55":"11","98":"11","VJ":"11","F9":"11","24":"11","45":"11","WJ":"11","56":"11"},"J9":{"HQ":"11","GP":"11","GM":"11","HP":"11"},"MC":{"QW":"11","RX":"11","VW":"11","6V":"11","6W":"11","GX":"11","FW":"11","QX":"11","7W":"11","PX":"11","WW":"11","9X":"11","CX":"11","MW":"11","FX":"11","CW":"11","XW":"11","9W":"11","4V":"11","RW":"11","JX":"11","PW":"11","VX":"11","MX":"11","HX":"11","5V":"11","8W":"11"},"84":{"XV":"11"},"CX":{"42":"11","27":"11","28":"11","43":"11","26":"11","35":"11","52":"11","37":"11","45":"11","36":"11","44":"11","34":"11","53":"11"}},"MX":{"FR":{"68":"11","96":"11","F6":"11","38":"11","W2":"11","67":"11","Q4":"11","J4":"11","77":"11","58":"11","87":"11","39":"11","48":"11","M4":"11","86":"11","28":"11","W3":"11","57":"11","C6":"11","G5":"11","V2":"11","Q3":"11","R3":"11","29":"11","P4":"11","H5":"11","97":"11","X2":"11","F5":"11","G6":"11","V3":"11","J5":"11"},"6V":{"44":"11","X7":"11","P6":"11","96":"11","54":"11","Q7":"11","75":"11","F6":"11","X6":"11","W6":"11","34":"11","C5":"11","M6":"11","23":"11","R6":"11","C6":"11","G5":"11","65":"11","64":"11","Q6":"11","55":"11","R7":"11","V6":"11","85":"11","24":"11","45":"11","F5":"11","V7":"11","J6":"11","95":"11","G6":"11","H6":"11","W7":"11"},"RJ":{"2R":"11","P8":"11","2P":"11","Q6":"11","9H":"11","R7":"11","8G":"11","M8":"11","5P":"11","CF":"11","6M":"11","V6":"11","X5":"11","4P":"11","8H":"11","CG":"11","HC":"11","4M":"11","2Q":"11","9G":"11","8J":"11","R5":"11","V5":"11","P7":"11","Q7":"11","5J":"11","6J":"11","M9":"11","7J":"11","3P":"11","X3":"11","GC":"11","5M":"11","W4":"11","FF":"11","GF":"11","H9":"11","W5":"11","J9":"11","7H":"11","R6":"11","3Q":"11","J8":"11","FC":"11","X4":"11"},"MP":{"F8":"11","V4":"11","G8":"11","7C":"11","R4":"11","P6":"11","Q5":"11","J7":"11","C9":"11","6C":"11","H7":"11","99":"11","Q4":"11","2H":"11","X3":"11","M6":"11","W3":"11","P5":"11","C8":"11","5C":"11","R5":"11","2G":"11","8C":"11","W4":"11","89":"11","6F":"11","3G":"11","G7":"11","4G":"11","98":"11","F7":"11","X2":"11","J6":"11","H6":"11","V3":"11","79":"11","5F":"11","4F":"11"},"9V":{"42":"11","22":"11","32":"11"},"8V":{"F4":"11","66":"11","P3":"11","96":"11","75":"11","W2":"11","36":"11","Q4":"11","J4":"11","26":"11","C5":"11","M4":"11","86":"11","W3":"11","G5":"11","46":"11","V2":"11","G4":"11","76":"11","Q3":"11","R3":"11","H4":"11","P4":"11","H5":"11","85":"11","X2":"11","F5":"11","95":"11","V3":"11","M3":"11","56":"11"},"PM":{"7R":"11","MJ":"11","6W":"11","PJ":"11","QH":"11","VF":"11","WF":"11","6V":"11","FP":"11","8R":"11","5V":"11","PH":"11","9Q":"11","FQ":"11","RG":"11","JJ":"11","HP":"11","VG":"11","2X":"11","5W":"11","CQ":"11","GP":"11","CR":"11","3X":"11","9R":"11","JM":"11","MM":"11","4W":"11","7V":"11","GM":"11","WC":"11","8V":"11","XC":"11","XF":"11","QG":"11","HM":"11","RH":"11","4X":"11"},"CR":{"PF":"11","W9":"11","8J":"11","RC":"11","JF":"11","6J":"11","HG":"11","MG":"11","3P":"11","RF":"11","2P":"11","FH":"11","VC":"11","5J":"11","X9":"11","8H":"11","9H":"11","2M":"11","QF":"11","GH":"11","WC":"11","MF":"11","7J":"11","QC":"11","3M":"11","5M":"11","JG":"11","6M":"11","FG":"11","CH":"11","GG":"11","4M":"11","9J":"11"},"WH":{"37":"11","66":"11","83":"11","75":"11","38":"11","93":"11","47":"11","C2":"11","74":"11","48":"11","28":"11","57":"11","65":"11","46":"11","C3":"11","92":"11","29":"11","55":"11","84":"11","94":"11","F2":"11","56":"11"},"7V":{"37":"11","M7":"11","X7":"11","J7":"11","66":"11","96":"11","H7":"11","Q7":"11","67":"11","36":"11","47":"11","X6":"11","W6":"11","77":"11","26":"11","87":"11","86":"11","R6":"11","57":"11","C6":"11","46":"11","C7":"11","Q6":"11","76":"11","P7":"11","G7":"11","R7":"11","V6":"11","F7":"11","97":"11","V7":"11","27":"11","W7":"11","56":"11"},"GQ":{"4X":"11","FR":"11","RJ":"11","6W":"11","3X":"11","MP":"11","5W":"11","9V":"11","8V":"11","5X":"11","PM":"11","7W":"11","CR":"11","CV":"11","WH":"11","XH":"11","7V":"11","4W":"11","GQ":"11","GR":"11","QM":"11","2X":"11","XG":"11","JP":"11","9R":"11","JQ":"11","PP":"11","HQ":"11","VJ":"11","WJ":"11","RM":"11","VM":"11"},"XF":{"QW":"11","QV":"11","PV":"11","WP":"11","QR":"11","RR":"11","WQ":"11","PX":"11","VR":"11","XP":"11","MW":"11","XM":"11","RQ":"11","VQ":"11","RV":"11","JX":"11","PW":"11","MX":"11"},"GR":{"22":"11","32":"11"},"QM":{"F4":"11","68":"11","P2":"11","96":"11","38":"11","67":"11","J2":"11","77":"11","58":"11","C5":"11","39":"11","2C":"11","48":"11","86":"11","57":"11","M2":"11","G4":"11","76":"11","J3":"11","G3":"11","29":"11","49":"11","H3":"11","C4":"11","85":"11","F5":"11","95":"11"},"XG":{"F4":"11","78":"11","68":"11","96":"11","J2":"11","77":"11","2H":"11","87":"11","C5":"11","86":"11","C6":"11","5C":"11","59":"11","2G":"11","88":"11","G4":"11","H2":"11","G3":"11","3G":"11","H3":"11","69":"11","97":"11","4C":"11","F5":"11","95":"11","79":"11","4F":"11","3F":"11"},"JP":{"4X":"11","FR":"11","RJ":"11","6W":"11","3X":"11","MP":"11","MM":"11","5W":"11","9V":"11","8V":"11","5X":"11","PM":"11","7W":"11","CR":"11","CV":"11","WH":"11","XH":"11","7V":"11","GQ":"11","6X":"11","HP":"11","GR":"11","QM":"11","JP":"11","FQ":"11","9R":"11","JQ":"11","PP":"11","HQ":"11","VJ":"11","WJ":"11","8W":"11","RM":"11","QJ":"11"},"3M":{"4X":"11"},"9R":{"4X":"11","6W":"11","3X":"11","WP":"11","QR":"11","FV":"11","GV":"11","QQ":"11","5X":"11","FW":"11","WQ":"11","7W":"11","CV":"11","XP":"11","6X":"11","CW":"11","PQ":"11","PR":"11","JV":"11","HV":"11","RQ":"11","VQ":"11","9W":"11","HR":"11","7X":"11","8W":"11","MR":"11","VP":"11","JR":"11"},"JQ":{"42":"11","22":"11","32":"11","23":"11"},"PP":{"22":"11","32":"11"},"WG":{"PR":"11","RM":"11","QQ":"11","WH":"11","JR":"11","VJ":"11","RP":"11","MQ":"11","XJ":"11","GW":"11","PQ":"11","JW":"11","QP":"11","MR":"11","XH":"11","HV":"11","WM":"11","MV":"11","GX":"11","XG":"11","JV":"11","HW":"11","VM":"11","FX":"11","WJ":"11"},"HQ":{"F8":"11","V4":"11","G8":"11","7C":"11","R4":"11","P6":"11","Q5":"11","J7":"11","M5":"11","C9":"11","6C":"11","H7":"11","99":"11","Q4":"11","2H":"11","X3":"11","M6":"11","W3":"11","C8":"11","P5":"11","R5":"11","7F":"11","9C":"11","2G":"11","8C":"11","W4":"11","89":"11","6F":"11","3G":"11","G7":"11","4G":"11","F7":"11","X2":"11","J6":"11","H6":"11","V3":"11","5F":"11","4F":"11","3F":"11"},"VH":{"CR":"11","MH":"11","CQ":"11","X9":"11","GQ":"11","WF":"11","6W":"11","PJ":"11","HP":"11","HM":"11","RF":"11","5X":"11","8W":"11","4X":"11","JM":"11","PH":"11","7V":"11","FP":"11","QG":"11","W9":"11","9R":"11","VF":"11","GM":"11","PG":"11","6X":"11","VC":"11","QH":"11","7W":"11","MJ":"11","FQ":"11","XC":"11","WC":"11","JJ":"11","9V":"11","8V":"11","RG":"11","GP":"11"},"VJ":{"23":"11","42":"11","33":"11","32":"11","43":"11","52":"11","24":"11"},"5V":{"P2":"11","V3":"11","Q3":"11","M2":"11","W3":"11","R2":"11","H2":"11","Q2":"11","J2":"11","R3":"11","X3":"11","P3":"11","X4":"11"},"QJ":{"RW":"11","MX":"11","XQ":"11","XR":"11","VV":"11","QX":"11","VW":"11","QW":"11","VR":"11","PX":"11","RV":"11","WV":"11","WR":"11"}},"VJ":{"XC":{"RM":"11","WF":"11","HX":"11","WH":"11","VJ":"11","WG":"11","JX":"11","RJ":"11","QM":"11","X2":"11","MV":"11","XG":"11","X3":"11","VH":"11","XC":"11","XF":"11"},"X5":{"MH":"11","HQ":"11","GW":"11","V8":"11","QF":"11","JJ":"11","QC":"11","W7":"11","V9":"11","RC":"11","JM":"11","HR":"11","PF":"11","GX":"11","HV":"11","JH":"11","JQ":"11","JP":"11","W8":"11","W6":"11","R9":"11"},"X9":{"XW":"11","XX":"11","Q3":"11","QJ":"11","VP":"11","Q4":"11","VQ":"11","Q7":"11","XR":"11","WQ":"11","RJ":"11","Q5":"11","Q6":"11","Q8":"11","QF":"11","Q2":"11","XV":"11","Q9":"11","QC":"11","QG":"11","WR":"11"},"X7":{"FR":"11","GH":"11","FV":"11","GV":"11","HM":"11","99":"11","FW":"11","C2":"11","CC":"11","GM":"11","GQ":"11","GW":"11","HP":"11","GR":"11","FX":"11","C3":"11","9C":"11","GG":"11","GJ":"11","FC":"11","HQ":"11","98":"11","C4":"11","GP":"11","95":"11"},"X6":{"CX":"11"},"XF":{"P6":"11","GC":"11","Q4":"11","Q6":"11","R2":"11","R3":"11","H5":"11","R4":"11"},"X8":{"MV":"11","F4":"11","QX":"11","PX":"11","PV":"11","F3":"11","PR":"11","PW":"11","F2":"11","MR":"11"}},"V6":{"3F":{"8M":"11","9G":"11","9M":"11","9V":"11","75":"11","77":"11","9J":"11","9X":"11","87":"11","74":"11","73":"11","86":"11","8J":"11","88":"11","8H":"11","76":"11","9Q":"11","8C":"11","9P":"11","89":"11","8G":"11","9R":"11","9W":"11","9H":"11","72":"11","8F":"11"},"3G":{"FR":"11","FG":"11","C9":"11","FH":"11","FV":"11","FF":"11","93":"11","CH":"11","C2":"11","CC":"11","C5":"11","FM":"11","C6":"11","C8":"11","C3":"11","C7":"11","FP":"11","92":"11","FQ":"11","CF":"11","FJ":"11","C4":"11","CG":"11"},"27":{"7R":"11","5Q":"11","3F":"11","2F":"11","8W":"11","2G":"11","3G":"11","6R":"11","5J":"11","29":"11","6Q":"11","7W":"11","3H":"11","7V":"11","8X":"11","5P":"11","5M":"11","2C":"11","4H":"11","6P":"11","4M":"11","4J":"11"},"29":{"R5":"11","Q3":"11","VF":"11","WF":"11","WH":"11","XQ":"11","Q4":"11","R6":"11","V6":"11","XR":"11","XJ":"11","R7":"11","VC":"11","WG":"11","XH":"11","V8":"11","WM":"11","V9":"11","Q2":"11","R3":"11","XP":"11","WC":"11","XM":"11","V7":"11","WJ":"11","R4":"11"},"28":{"QW":"11","F8":"11","GF":"11","G8":"11","GC":"11","MP":"11","PV":"11","MM":"11","F6":"11","93":"11","QX":"11","82":"11","HG":"11","PX":"11","C5":"11","C6":"11","JM":"11","PR":"11","JJ":"11","HF":"11","JP":"11","JG":"11","92":"11","G9":"11","JH":"11","HC":"11","PW":"11","F9":"11","C4":"11","F7":"11","MQ":"11","94":"11","HH":"11","MR":"11"},"39":{"2W":"11","2Q":"11","2X":"11","2R":"11","3X":"11","2V":"11"},"3C":{"37":"11","5H":"11","5J":"11","6V":"11","6W":"11","6P":"11","32":"11","5G":"11","36":"11","47":"11","7W":"11","5Q":"11","34":"11","22":"11","5P":"11","23":"11","6X":"11","35":"11","48":"11","5M":"11","46":"11","33":"11","4G":"11","49":"11","7X":"11","6Q":"11","6R":"11","4C":"11","5F":"11","4F":"11"}},"WJ":{"34":{"62":"11","43":"11","52":"11","35":"11","37":"11","45":"11","36":"11","44":"11","53":"11"},"3J":{"73":"11","72":"11","75":"11","82":"11","74":"11"},"33":{"M8":"11","8R":"11","9Q":"11","JC":"11","JF":"11","HG":"11","Q7":"11","Q5":"11","Q6":"11","P8":"11","9P":"11","7W":"11","M9":"11","7V":"11","P7":"11","6X":"11","GH":"11","8V":"11","JG":"11","CM":"11","MC":"11"},"24":{"R8":"11","X7":"11","5V":"11","X8":"11","JF":"11","GJ":"11","6R":"11","4V":"11","5W":"11","7Q":"11","W8":"11","6Q":"11","Q8":"11","4W":"11","5R":"11","CJ":"11","GH":"11","JG":"11","CM":"11","HH":"11","PC":"11","MC":"11","FJ":"11"},"3H":{"8M":"11","8P":"11","83":"11","96":"11","8V":"11","99":"11","93":"11","82":"11","87":"11","8Q":"11","86":"11","8J":"11","9C":"11","88":"11","8X":"11","8H":"11","9F":"11","8C":"11","89":"11","8G":"11","92":"11","7X":"11","98":"11","8F":"11","85":"11","97":"11","8R":"11","8W":"11","84":"11","94":"11","95":"11"},"2C":{"HW":"11","FV":"11","GV":"11","7Q":"11","JW":"11","CR":"11","7R":"11","26":"11","CV":"11","22":"11","25":"11","GW":"11","2C":"11","8Q":"11","23":"11","28":"11","29":"11","9R":"11","JX":"11","MX":"11","6Q":"11","24":"11","8R":"11","27":"11"},"2F":{"V6":"11","R5":"11","XC":"11","X9":"11","V7":"11","P2":"11","Q4":"11","P3":"11","W7":"11","V5":"11","X8":"11","Q2":"11","R4":"11","Q3":"11","W8":"11","M2":"11","W6":"11"},"3G":{"8M":"11","78":"11","7G":"11","7C":"11","68":"11","66":"11","8P":"11","8V":"11","67":"11","52":"11","77":"11","8Q":"11","7F":"11","8J":"11","8X":"11","8H":"11","64":"11","8G":"11","7H":"11","63":"11","8R":"11","8W":"11","53":"11","79":"11"},"29":{"2X":"11"},"3F":{"4J":"11","5R":"11","4P":"11","4R":"11","4M":"11","5X":"11","2C":"11","5W":"11","2F":"11","4Q":"11","5V":"11"}},"MR":{"WP":{"X9":"11"},"XQ":{"9M":"11","33":"11","42":"11","9J":"11","32":"11"},"XV":{"J9":"11","M2":"11","M5":"11","M4":"11","M6":"11","J3":"11","J5":"11","M3":"11","J6":"11","P3":"11","J8":"11","J7":"11","GG":"11","J4":"11"},"XP":{"4R":"11","4P":"11","4V":"11","29":"11","3X":"11","4W":"11","4Q":"11","2C":"11","4H":"11","4M":"11","4J":"11","4X":"11"},"XR":{"JR":"11","JV":"11","JJ":"11","JM":"11","HH":"11","JQ":"11","HJ":"11","JP":"11"}},"VP":{"63":{"VX":"11","VW":"11","RX":"11","WV":"11","XV":"11","WW":"11","XR":"11"},"34":{"9G":"11","P6":"11","Q5":"11","P2":"11","GH":"11","P3":"11","FH":"11","Q7":"11","CH":"11","Q4":"11","P8":"11","P5":"11","M2":"11","P9":"11","PC":"11","Q6":"11","GG":"11","8G":"11","P7":"11","9H":"11","P4":"11","M9":"11","MC":"11"},"C7":{"V3":"11","9C":"11","W2":"11","7C":"11","P5":"11","H7":"11","X2":"11","M6":"11","G8":"11","3G":"11","J6":"11","3F":"11","8C":"11","4F":"11","6C":"11","Q4":"11","R5":"11","F9":"11","M7":"11","V4":"11","P6":"11","Q5":"11","R4":"11","C8":"11","F8":"11","5F":"11","J7":"11","6F":"11","G7":"11","2F":"11","C9":"11","99":"11","H8":"11","2G":"11","M5":"11","W3":"11"},"C6":{"XX":"11"},"64":{"F8":"11","7C":"11","M5":"11","P3":"11","6C":"11","99":"11","J4":"11","Q2":"11","M4":"11","C8":"11","C7":"11","8C":"11","R2":"11","89":"11","6F":"11","Q3":"11","3G":"11","G7":"11","4G":"11","P4":"11","H5":"11","98":"11","F7":"11","G6":"11","H6":"11","79":"11","M3":"11","5F":"11","J5":"11","4F":"11"},"33":{"JX":"11","FM":"11","JW":"11"},"87":{"HR":"11","PV":"11","FQ":"11","GR":"11","CQ":"11","HV":"11","FR":"11","9P":"11","9M":"11","3H":"11","QV":"11","3J":"11","MV":"11","JV":"11","CM":"11","CP":"11"},"77":{"63":"11","64":"11","42":"11","54":"11","75":"11","52":"11","65":"11","53":"11","74":"11"},"66":{"XR":"11","CM":"11","6C":"11","32":"11","QQ":"11","HM":"11","RR":"11","PM":"11","HJ":"11","GM":"11","9J":"11","VR":"11","FM":"11","QM":"11","5C":"11","WR":"11","7F":"11","33":"11","JM":"11","RQ":"11","JJ":"11","GJ":"11","6F":"11","PJ":"11","QP":"11","FJ":"11","8F":"11","CJ":"11","MJ":"11","QJ":"11"},"76":{"2R":"11","3W":"11","3R":"11","3X":"11","4W":"11","3V":"11","4X":"11"},"97":{"MH":"11","GH":"11","FH":"11","PH":"11","9H":"11","MG":"11","RG":"11","RH":"11","VH":"11","QH":"11","WG":"11","CH":"11","8H":"11","QG":"11","HH":"11","JH":"11","PG":"11","XG":"11","VG":"11"},"65":{"3W":"11","3X":"11"},"F6":{"M8":"11","7P":"11","GF":"11","4R":"11","GC":"11","FG":"11","6P":"11","Q8":"11","3W":"11","FF":"11","Q7":"11","J9":"11","CH":"11","5Q":"11","P8":"11","3V":"11","R6":"11","P9":"11","2X":"11","5R":"11","Q6":"11","HC":"11","2W":"11","9H":"11","4V":"11","H9":"11","M9":"11","R7":"11","6Q":"11","JC":"11","CG":"11"}},"VM":{"C7":{"8P":"11"},"RM":{"XQ":"11","XR":"11","VV":"11","WQ":"11","QV":"11","VR":"11","XP":"11","RV":"11","WR":"11"},"VM":{"3J":"11","2M":"11","3H":"11","4H":"11","3M":"11","2P":"11"}}}}