{"index":{"university,1|retail,2|tourism,3|wreck,4|historical,5|artsCulture,6|namedBuilding,7|water,8|wetland,9|park,10|beach,11|natureReserve,12|cemetery,13|trail,14":{}},"52":{"RC":{"48":{"Q9":"11","GW":"11","QF":"11","QC":"11","QH":"11","PF":"11","QJ":"11","QM":"11","GX":"11","QG":"11","PC":"11","HV":"11","PP":"11","MP":"11"},"57":{"C3":"11","5C":"11","59":"11","5F":"11","C2":"11","92":"11","93":"11","74":"11","4G":"11","4F":"11"},"47":{"WP":"11","WM":"11"},"3C":{"QW":"11","WP":"11","VP":"11","QQ":"11","5X":"11","QV":"11","QR":"11","XP":"11","XM":"11"},"2H":{"85":"11","96":"11","C6":"11","95":"11","G3":"11","86":"11","F4":"11","66":"11","49":"11","4C":"11","F3":"11","C5":"11","76":"11","59":"11","58":"11","67":"11"},"24":{"5G":"11","38":"11","4C":"11","27":"11","28":"11","4G":"11","5H":"11","39":"11","3C":"11"},"49":{"9P":"11","GW":"11","8J":"11","8F":"11","9M":"11","GV":"11","8H":"11","GX":"11","7H":"11","HV":"11","CP":"11","9F":"11"},"4C":{"G4":"11","3J":"11","F5":"11","G3":"11","3H":"11","4H":"11","G5":"11","G2":"11"},"56":{"GR":"11","CX":"11","CV":"11","FV":"11","FR":"11"},"25":{"55":"11","27":"11","46":"11","26":"11","45":"11","36":"11","56":"11"},"2F":{"XW":"11","XX":"11","XQ":"11","XR":"11","XV":"11","XP":"11","XM":"11"},"2G":{"V6":"11","MG":"11","FM":"11","V7":"11","QC":"11","CQ":"11","FJ":"11","X2":"11","HH":"11","JH":"11","PG":"11","CP":"11","FP":"11"},"22":{"HX":"11","JX":"11","FX":"11","GX":"11","QR":"11","RR":"11","JW":"11"},"3F":{"5Q":"11","66":"11","88":"11","7G":"11","77":"11","3P":"11","4P":"11","2M":"11","8G":"11","76":"11","M3":"11","89":"11","4Q":"11","P3":"11","5P":"11","3M":"11","99":"11"},"23":{"5C":"11","3F":"11","4C":"11","59":"11","78":"11","2G":"11","3G":"11","77":"11","C2":"11","93":"11","69":"11","68":"11","2H":"11","F2":"11","67":"11","4F":"11","94":"11"}},"P2":{"72":{"P9":"11"}},"WC":{"XW":{"2F":"11","2G":"11","27":"11","29":"11","28":"11","2C":"11","2H":"11","2J":"11"},"WW":{"RJ":"11","X7":"11","XJ":"11","Q8":"11","Q7":"11","X6":"11","W6":"11","QH":"11","P8":"11","RH":"11","WM":"11","R6":"11","PF":"11","XM":"11","P9":"11","PC":"11","P7":"11","QG":"11","PG":"11","M9":"11","VJ":"11","R7":"11","V6":"11","MC":"11","VM":"11"}},"WP":{"CH":{"PJ":"11","PR":"11","QH":"11","QJ":"11","VP":"11","VQ":"11","QR":"11","VJ":"11","WP":"11","MQ":"11","PQ":"11","MR":"11","PM":"11","WM":"11","MM":"11","RQ":"11","VH":"11","RR":"11","RH":"11","MP":"11","VM":"11"}},"H7":{"7X":{"P5":"11"},"5X":{"PF":"11","MF":"11"},"6V":{"5R":"11","4R":"11","5Q":"11"},"XM":{"GF":"11"}},"J2":{"7P":{"C8":"11","4C":"11","C5":"11","59":"11","88":"11","F5":"11","49":"11","G4":"11","69":"11","C7":"11","89":"11","G3":"11","C6":"11","2C":"11","F6":"11","79":"11","F4":"11","98":"11","3C":"11"},"PV":{"93":"11","94":"11"},"6P":{"M8":"11","R9":"11","RC":"11","VC":"11","P8":"11","P9":"11","Q9":"11","M7":"11","WC":"11","XC":"11","J7":"11"},"QR":{"2M":"11","2P":"11","3V":"11","3Q":"11","3P":"11","3R":"11"},"GV":{"P6":"11","R8":"11","X8":"11","M5":"11","M6":"11","W8":"11","J3":"11","V8":"11","H2":"11","J5":"11","H3":"11","J4":"11"},"6M":{"JJ":"11","HC":"11","JH":"11","JF":"11","JG":"11","HF":"11"},"7M":{"G9":"11","HR":"11","GC":"11","HG":"11","HQ":"11","HJ":"11","HP":"11","HV":"11","HF":"11","GF":"11","HW":"11","HM":"11","HH":"11"},"VR":{"G4":"11","J2":"11","H5":"11","H4":"11","G5":"11","J5":"11","M2":"11"},"XP":{"V4":"11","9G":"11","V5":"11","C9":"11","P3":"11","HM":"11","F6":"11","CH":"11","Q4":"11","HJ":"11","X3":"11","M4":"11","G5":"11","C8":"11","C7":"11","9F":"11","JM":"11","W5":"11","W4":"11","GJ":"11","Q3":"11","P4":"11","CF":"11","FJ":"11","CJ":"11","F7":"11","G6":"11","CG":"11"},"GR":{"HX":"11","GH":"11","V8":"11","MG":"11","FM":"11","QC":"11","HW":"11","RC":"11","V9":"11","GJ":"11","X8":"11","HM":"11","H9":"11","R9":"11","HP":"11"},"PF":{"HJ":"11","V3":"11","Q6":"11","XW":"11","PR":"11","HH":"11","JG":"11","MR":"11","RV":"11","XV":"11","X5":"11","QV":"11","JM":"11","WW":"11","MQ":"11","QR":"11","R3":"11","JQ":"11","VW":"11","Q4":"11","R5":"11","JF":"11","P7":"11","JH":"11","Q7":"11","P6":"11","M9":"11","Q5":"11","XR":"11","R4":"11","JP":"11","X6":"11","XX":"11","W4":"11","JC":"11","VV":"11","JJ":"11","J9":"11","W3":"11","WV":"11","X4":"11"},"P9":{"C8":"11","FP":"11","73":"11","FM":"11","72":"11","GM":"11","CM":"11","C9":"11","CP":"11","98":"11","99":"11","FJ":"11"},"2X":{"J8":"11","M7":"11","G8":"11","7C":"11","P6":"11","J7":"11","C9":"11","6C":"11","99":"11","Q4":"11","Q2":"11","M6":"11","39":"11","P5":"11","5C":"11","59":"11","9C":"11","8C":"11","R2":"11","89":"11","Q3":"11","G9":"11","R3":"11","P4":"11","H8":"11","49":"11","69":"11","F9":"11","79":"11"},"HV":{"93":"11","28":"11","C2":"11","C3":"11","66":"11","38":"11","76":"11","75":"11","F2":"11","G2":"11"},"HF":{"7G":"11","7C":"11","68":"11","GH":"11","96":"11","H7":"11","F6":"11","67":"11","J9":"11","CH":"11","77":"11","HG":"11","87":"11","C6":"11","7F":"11","GJ":"11","6F":"11","G7":"11","H9":"11","H8":"11","FJ":"11","CJ":"11","JC":"11","HH":"11","G6":"11"},"QF":{"2R":"11","3F":"11","48":"11","2F":"11","59":"11","5F":"11","2Q":"11","2P":"11","27":"11","29":"11","49":"11","28":"11","46":"11","26":"11","2V":"11","47":"11","37":"11","25":"11","36":"11","39":"11","2C":"11","4F":"11"},"XX":{"37":"11","27":"11"},"2W":{"RX":"11","VW":"11","9G":"11","4R":"11","7J":"11","FG":"11","6P":"11","WP":"11","WQ":"11","QX":"11","5Q":"11","QH":"11","MF":"11","RH":"11","6M":"11","7M":"11","VR":"11","5P":"11","WM":"11","PF":"11","WR":"11","8J":"11","WV":"11","RG":"11","4Q":"11","8H":"11","2V":"11","QG":"11","7H":"11","9H":"11","RW":"11","PG":"11","VV":"11","VH":"11","VJ":"11","CG":"11","3R":"11","VM":"11"},"QG":{"34":"11","24":"11","42":"11","25":"11","32":"11","23":"11"},"HR":{"9G":"11","GX":"11","7C":"11","FG":"11","FH":"11","GV":"11","38":"11","GW":"11","48":"11","28":"11","59":"11","9F":"11","8C":"11","HV":"11","FP":"11","FQ":"11","49":"11","69":"11","FJ":"11","8F":"11","79":"11"},"PG":{"X7":"11","R6":"11","Q7":"11","V6":"11","R7":"11","X6":"11","W3":"11","Q6":"11","P9":"11","W4":"11","X2":"11","W7":"11","P7":"11","V5":"11","X3":"11","V7":"11","PC":"11","X4":"11"},"WX":{"VF":"11","VG":"11"}},"P8":{"36":{"8C":"11","79":"11","89":"11"},"26":{"MJ":"11","HG":"11","VV":"11","CF":"11","FF":"11","PM":"11","PP":"11","MM":"11","VR":"11","RQ":"11","WV":"11","RR":"11","FG":"11","HH":"11","GG":"11"}},"HG":{"23":{"7X":"11"}},"QC":{"X8":{"6F":"11","5Q":"11","5V":"11","78":"11","88":"11","77":"11","6H":"11","7C":"11","5J":"11","26":"11","96":"11","35":"11","25":"11","69":"11","5R":"11","5H":"11","6G":"11","36":"11","95":"11","5P":"11","5M":"11","79":"11","94":"11","6C":"11"},"WH":{"PJ":"11","QH":"11","HR":"11","QJ":"11","RC":"11","RG":"11","RF":"11","GR":"11","QC":"11"},"XH":{"JP":"11","33":"11","32":"11","JJ":"11","HJ":"11","27":"11","HP":"11","GP":"11","26":"11","JM":"11","35":"11","25":"11","PX":"11","36":"11","HM":"11","34":"11"},"X6":{"8M":"11","R5":"11","R3":"11","CG":"11","9M":"11","R6":"11","R7":"11","CH":"11","Q7":"11","Q2":"11","R4":"11","R2":"11"},"X9":{"66":"11","6V":"11","5V":"11","8M":"11","6R":"11","5W":"11","5R":"11","8P":"11","67":"11","5X":"11"},"XG":{"5C":"11","3W":"11","59":"11","64":"11","65":"11","55":"11","4P":"11","3X":"11","54":"11","4G":"11","52":"11","57":"11","3V":"11","4Q":"11","3M":"11","56":"11","4H":"11","58":"11","4M":"11","4F":"11","53":"11"},"X3":{"WX":"11","WW":"11","WH":"11","WP":"11","VV":"11","XJ":"11","XH":"11","WQ":"11","VW":"11","WM":"11","VR":"11","WV":"11","WJ":"11","WR":"11"},"XC":{"48":"11","4C":"11","3G":"11","4R":"11","55":"11","4P":"11","4V":"11","49":"11","46":"11","4G":"11","43":"11","4W":"11","52":"11","47":"11","45":"11","44":"11","39":"11","56":"11","4H":"11","4M":"11","4J":"11","4F":"11","53":"11","4X":"11"},"XF":{"5Q":"11","5V":"11","42":"11","5J":"11","4V":"11","5W":"11","43":"11","4W":"11","5R":"11","45":"11","44":"11","5P":"11","5M":"11","5X":"11"},"X4":{"X5":"11","X7":"11","W2":"11","W3":"11","X6":"11","X4":"11","X3":"11","W6":"11"},"X5":{"RW":"11","W9":"11","X7":"11","RC":"11","X8":"11","RG":"11","RF":"11","QX":"11","VC":"11","RX":"11","W8":"11","V9":"11","RV":"11","RR":"11","RH":"11"}},"F3":{"96":{"9W":"11","8W":"11","9X":"11","7W":"11","CX":"11","7X":"11"},"87":{"VW":"11","XV":"11","RW":"11"},"97":{"93":"11","83":"11","C2":"11","C3":"11","72":"11","C4":"11","82":"11"}},"C6":{"VX":{"47":"11","56":"11","55":"11","65":"11"},"VW":{"FH":"11","CQ":"11","FJ":"11","G9":"11","GF":"11","FF":"11","GC":"11","CR":"11"},"QW":{"72":"11","92":"11","62":"11","22":"11","32":"11","82":"11"},"WM":{"J7":"11","J8":"11","H8":"11","H7":"11","F5":"11","G6":"11","M9":"11","C5":"11","C4":"11","F6":"11","G7":"11"},"VR":{"5G":"11","5J":"11","5H":"11","5R":"11","5F":"11","6R":"11","5M":"11","5P":"11","6V":"11","6F":"11","6W":"11","5Q":"11"},"WR":{"7Q":"11","6Q":"11","6R":"11","7V":"11","7R":"11","6V":"11"},"QQ":{"W9":"11","VF":"11","W8":"11"},"PV":{"WX":"11","RW":"11","XX":"11","PR":"11","G9":"11","H4":"11","WW":"11","GC":"11","H8":"11","JJ":"11","QR":"11","HJ":"11","G8":"11","PQ":"11","VW":"11","GF":"11","J3":"11","JM":"11","QV":"11","J2":"11","RV":"11","H5":"11","MP":"11","J4":"11"},"XV":{"7C":"11","6C":"11"},"QV":{"RW":"11","PV":"11","GW":"11","JW":"11","2X":"11","3X":"11","MV":"11","9X":"11","JV":"11","HW":"11","CX":"11"},"PR":{"MX":"11","JX":"11","PQ":"11","RP":"11","RM":"11","MV":"11","VH":"11","QQ":"11","VJ":"11","PV":"11","MW":"11","PR":"11","QP":"11","RJ":"11"},"QR":{"95":"11","C5":"11"},"VQ":{"M8":"11","Q3":"11","P6":"11","J9":"11","Q4":"11","Q5":"11","Q6":"11","R2":"11","HF":"11","M9":"11","Q2":"11","P7":"11","M7":"11","R3":"11"}},"M2":{"MH":{"8M":"11","7M":"11","8J":"11","7J":"11"},"7G":{"JV":"11","HW":"11","MW":"11","HV":"11","JW":"11"},"7W":{"42":"11","52":"11","43":"11","53":"11"},"G8":{"PF":"11","42":"11","33":"11","32":"11","RG":"11","MG":"11","RF":"11","27":"11","VG":"11","29":"11","26":"11","35":"11","25":"11","VH":"11","MF":"11","2C":"11","34":"11"},"F7":{"3W":"11"},"77":{"72":"11"},"7V":{"2X":"11","3W":"11","3X":"11","2V":"11","3V":"11","4X":"11"},"76":{"9X":"11","7X":"11","8X":"11"},"6V":{"VW":"11","XW":"11","XX":"11","XV":"11","WW":"11","WX":"11"},"F8":{"X5":"11","X9":"11","V4":"11","RF":"11","W5":"11","VF":"11","W4":"11"}},"R5":{"JR":{"R4":"11","7J":"11","GH":"11","FH":"11","CH":"11","HG":"11","HJ":"11","9J":"11","8J":"11","8H":"11","6H":"11","JJ":"11","GJ":"11","JG":"11","6J":"11","JH":"11","7H":"11","FJ":"11","CJ":"11","HH":"11"},"PV":{"G8":"11","F9":"11","6G":"11","G9":"11","F8":"11","6F":"11","6C":"11"},"PR":{"FX":"11","FW":"11"},"QR":{"WC":"11","JJ":"11","VC":"11","W9":"11","JH":"11","VF":"11","HJ":"11","WF":"11"},"JQ":{"RP":"11","RQ":"11"}},"C3":{"X5":{"62":"11","64":"11","65":"11","55":"11","73":"11","92":"11","93":"11","54":"11","74":"11","52":"11","84":"11","83":"11","53":"11"},"X7":{"P2":"11","Q3":"11","M2":"11","R2":"11","Q2":"11","M3":"11","P3":"11"},"X6":{"MX":"11","QW":"11","RX":"11","PX":"11","PW":"11","RW":"11"},"X4":{"6X":"11","9X":"11","7X":"11","8X":"11"}},"C7":{"J2":{"QJ":"11"},"M3":{"C4":"11","C3":"11","P6":"11","X8":"11","Q7":"11","R7":"11","92":"11","M6":"11","93":"11","82":"11","W8":"11","WM":"11","J5":"11","P7":"11","J6":"11","XM":"11","F4":"11"},"P3":{"7G":"11","39":"11","8J":"11","2M":"11","28":"11","6G":"11","49":"11","8H":"11","7H":"11","6F":"11","29":"11","7F":"11"},"V2":{"J7":"11","J8":"11","H8":"11","QF":"11","MG":"11","QC":"11","HC":"11","PF":"11","MF":"11","G9":"11","M7":"11","GF":"11","GC":"11","PG":"11","P7":"11","P8":"11","JF":"11","HF":"11"},"H3":{"C3":"3"},"M2":{"8X":"11"}},"H2":{"XW":{"XW":"11","XX":"11","XV":"11"},"7W":{"G4":"11","F5":"11","G6":"11","F4":"11","H5":"11","H4":"11","J6":"11","H6":"11","J5":"11"},"XX":{"X7":"11","X8":"11","X2":"11","W6":"11","X3":"11","W5":"11","X4":"11","W2":"11","X5":"11"},"JP":{"CC":"11","G9":"11","J9":"11","9F":"11","QJ":"11","FP":"11","JQ":"11","HQ":"11","MQ":"11","CF":"11","HP":"11","PM":"11","GP":"11","8H":"11","9H":"11","9P":"11","P9":"11","QM":"11","PP":"11","8G":"11","9M":"11","QF":"11","M9":"11","9G":"11","F9":"11","H9":"11","GQ":"11","QC":"11","PC":"11","CP":"11","9J":"11"}},"J3":{"P2":{"39":"11"},"R5":{"QM":"11"},"78":{"9W":"11","8W":"11","8V":"11","7W":"11","7V":"11","9V":"11"},"M2":{"5C":"11","2G":"11","88":"11","3G":"11","7C":"11","96":"11","89":"11","C6":"11","79":"11"},"65":{"Q9":"11","Q8":"11","R8":"11","R9":"11"},"M4":{"2H":"11","2G":"11"},"F7":{"JP":"11","FP":"11","JJ":"11","HJ":"11","GJ":"11","MQ":"11","HP":"11","PM":"11","PP":"11","JM":"11","MM":"11","CM":"11","CP":"11","FJ":"11"},"R3":{"9X":"11","3W":"11","4W":"11","3V":"11"},"86":{"42":"11","52":"11"},"85":{"4X":"11","5H":"11","3X":"11","7G":"11","P6":"11","PV":"11","M5":"11","QR":"11","3W":"11","RP":"11","QQ":"11","99":"11","F6":"11","5X":"11","3P":"11","WM":"11","R6":"11","V8":"11","7F":"11","Q6":"11","8C":"11","2V":"11","6H":"11","JV":"11","RQ":"11","4M":"11","MV":"11","G7":"11","3M":"11","3Q":"11","6G":"11","2R":"11","98":"11","4J":"11","VJ":"11","R7":"11","8F":"11","F7":"11","V7":"11","G6":"11","H6":"11","3R":"11","VP":"11","VM":"11"},"R4":{"84":"11","83":"11","C2":"11","73":"11","92":"11","74":"11"},"J4":{"XJ":"11","GG":"11","GF":"11","FF":"11","XH":"11"}},"GG":{"V3":{"VJ":"11","VM":"11","FP":"11"}},"QF":{"M5":{"CF":"11","CG":"11","G6":"11","CC":"11","G5":"11"},"J6":{"RX":"11","RW":"11"},"M7":{"5H":"11","4H":"11"},"P9":{"99":"11","96":"11","C7":"11","97":"11"},"P6":{"5R":"11","5Q":"11"},"P8":{"F9":"11","C9":"11"}},"Q3":{"MX":{"3J":"11","4J":"11","3H":"11","4M":"11","4H":"11","2C":"11","2F":"11","3G":"11","2G":"11"},"JX":{"W9":"11","V2":"11","X9":"11","W8":"11","V8":"11","V7":"11","XC":"11","XF":"11","W2":"11"},"MW":{"2Q":"11","2R":"11","2V":"11","2P":"11"},"PW":{"37":"11","28":"11","35":"11","36":"11","27":"11","45":"11","38":"11","2C":"11","29":"11","26":"11"},"JW":{"XW":"11","XX":"11","XV":"11","WX":"11"}},"G7":{"R5":{"F4":"11","83":"11","93":"11","52":"11","C2":"11","82":"11","C5":"11","F3":"11","74":"11","73":"11","C3":"11","G4":"11","H2":"11","G3":"11","92":"11","63":"11","H3":"11","72":"11","C4":"11","F5":"11","84":"11","F2":"11","94":"11","95":"11","62":"11","G2":"11"},"7P":{"PF":"11","J9":"11","RG":"11","H8":"11","RF":"11","QF":"11","H7":"11","H9":"11","QG":"11","J8":"11","PC":"11","MC":"11"},"9G":{"8C":"11"},"6M":{"53":"11"},"27":{"MC":"11","PF":"11","PC":"11"},"R4":{"FR":"11","6V":"11","7P":"11","6W":"11","GX":"11","HW":"11","6P":"11","5W":"11","8P":"11","9V":"11","8V":"11","FV":"11","GV":"11","5X":"11","7Q":"11","FW":"11","7W":"11","5Q":"11","CR":"11","7R":"11","CV":"11","7V":"11","4W":"11","CP":"11","9X":"11","GW":"11","8Q":"11","CX":"11","6X":"11","GR":"11","FX":"11","CW":"11","8X":"11","5R":"11","CQ":"11","9Q":"11","9P":"11","FQ":"11","9R":"11","9W":"11","7X":"11","6Q":"11","HX":"11","5V":"11","6R":"11","8R":"11","8W":"11"}},"QG":{"R8":{"QF":"11","CX":"11","QH":"11","QG":"11"},"R9":{"C2":"11"}},"HR":{"WR":{"V6":"11","R5":"11","V4":"11","V7":"11","R6":"11","R7":"11","W5":"11","R4":"11","W6":"11","W4":"11"}},"H8":{"62":{"QW":"11","6Q":"11","6R":"11","RV":"11","QV":"11"},"52":{"GG":"11","GF":"11","FF":"11","FG":"11"},"82":{"6V":"11","6W":"11"}},"H3":{"M8":{"G4":"11","F4":"11"},"5C":{"32":"11"},"8F":{"HX":"11","PQ":"11","MQ":"11","JR":"11","RH":"11","HW":"11","PM":"11","VH":"11","HR":"11","QJ":"11","HV":"11","PP":"11","PJ":"11"},"48":{"XG":"11","WX":"11"},"9F":{"8R":"11","6J":"11","6H":"11","7M":"11","7W":"11","4G":"11","5H":"11","8V":"11","4H":"11"},"59":{"3W":"11","3X":"11","3V":"11","4V":"11","4Q":"11"},"HG":{"7R":"11","8F":"11","38":"11","66":"11","78":"11","9Q":"11","33":"11","7C":"11","55":"11","6R":"11","5J":"11","28":"11","9R":"11","54":"11","6Q":"11","8G":"11","43":"11","7V":"11","35":"11","9G":"11","37":"11","68":"11","8V":"11","44":"11","36":"11","39":"11","CM":"11","5M":"11","6M":"11","79":"11","67":"11","34":"11","CP":"11","8C":"11","6P":"11","3C":"11"},"49":{"WJ":"11","VR":"11","W2":"11","WV":"11","WG":"11","WH":"11","VF":"11","WW":"11","WF":"11","WX":"11"},"Q5":{"G8":"11","F9":"11","M6":"11","CC":"11","J6":"11","Q7":"11","F8":"11","C9":"11","P7":"11","P6":"11","G7":"11"},"8G":{"R5":"11","M2":"11","X6":"11","W6":"11","H2":"11","J2":"11","M3":"11","V5":"11","P3":"11","W5":"11","R4":"11"},"96":{"RW":"11","WW":"11","VV":"11","VW":"11","XV":"11","RV":"11","WV":"11","VX":"11"},"9G":{"63":"11","34":"11","64":"11","44":"11","35":"11","25":"11","45":"11","54":"11","62":"11"},"25":{"5G":"11","4C":"11","78":"11","88":"11","6H":"11","49":"11","4G":"11","68":"11","89":"11","5H":"11","8C":"11","58":"11","99":"11","4F":"11"},"HH":{"95":"11","94":"11","C5":"11","C4":"11"},"58":{"2J":"11","2G":"11"}},"R9":{"5R":{"JX":"11","JW":"11"},"F7":{"MH":"11","PH":"11","PJ":"11","MP":"11","MM":"11","MJ":"11"},"6P":{"G8":"11"},"G6":{"5C":"11","48":"11","4C":"11","5F":"11","3P":"11","2P":"11","27":"11","3Q":"11","49":"11","2M":"11","4G":"11","26":"11","37":"11","4H":"11","4F":"11"},"9Q":{"RX":"3"},"89":{"G6":"11","G5":"11"},"HJ":{"5R":"11"},"F6":{"X5":"11","X6":"11"}},"24":{"P2":{"JQ":"11","JP":"11"},"M3":{"XJ":"11","XM":"11"},"Q3":{"48":"11","3G":"11"}},"F7":{"Q6":{"47":"11","46":"11","59":"11"},"P5":{"WR":"11","XR":"11"},"MF":{"MJ":"11","PJ":"11","QH":"11","X7":"11","PG":"11","2G":"11","PH":"11","X8":"11","MG":"11","JJ":"11","JH":"11","5J":"11","W8":"11","V8":"11","3H":"11","3J":"11","W7":"11","5H":"11","MH":"11","QG":"11","2H":"11","4H":"11","2J":"11","4J":"11"},"P6":{"R9":"11","H8":"11","P9":"11","M9":"11","Q9":"11","WC":"11","XC":"11","J8":"11"},"Q5":{"4V":"11"},"JF":{"5G":"11","38":"11","26":"11","XH":"11","39":"11","2C":"11","28":"11","5C":"11","XG":"11","4G":"11","29":"11","3C":"11","WG":"11","49":"11","4C":"11","27":"11","5F":"11","4F":"11","3F":"11"},"HF":{"X7":"11","X6":"11","X8":"11"}},"G6":{"6X":{"H8":"11","97":"11","73":"11","F8":"11","75":"11","74":"11","F7":"11","96":"11","72":"11","C7":"11","H9":"11","86":"11","85":"11"},"6V":{"QW":"11","WV":"11","RV":"11","QX":"11","PX":"11","XV":"11","QV":"11","RW":"11"},"6W":{"P2":"11","C8":"11","7G":"11","6H":"11","7X":"11","M4":"11","7H":"11","Q2":"11","M3":"11","6G":"11","P3":"11","C9":"11","99":"11"}}}}