{"index":{"university,1|retail,2|tourism,3|wreck,4|historical,5|artsCulture,6|namedBuilding,7|water,8|wetland,9|park,10|beach,11|natureReserve,12|cemetery,13|trail,14":{}},"53":{"FR":{"9P":{"VC":"11","VF":"11"},"7X":{"R3":"11","Q4":"11","W3":"11","X3":"11","R4":"11","Q3":"11","V3":"11"},"8X":{"22":"11","23":"11"}},"MP":{"FG":{"PQ":"11"}},"HW":{"VW":{"HJ":"11","2R":"11","QJ":"11","MH":"11","7Q":"11","3V":"11","5P":"11","PJ":"11","HH":"11","WJ":"11","HM":"11","6M":"11","7P":"11","4P":"11","6P":"11","PH":"11","4Q":"11","FM":"11","5Q":"11","VJ":"11","4R":"11","CM":"11","9P":"11","2Q":"11","8M":"11","VH":"11","3R":"11","4V":"11","GM":"11","RH":"11","8J":"11","XH":"11","JH":"11","6R":"11","CP":"11","XJ":"11","QH":"11","WH":"11","7J":"11","7M":"11","RJ":"11","FJ":"11","2V":"11","MJ":"11","CJ":"11","5R":"11","5M":"11","6Q":"11","JJ":"11","GH":"11","FH":"11","GJ":"11","8P":"11","2W":"11","3Q":"11"},"RX":{"HJ":"11","CR":"11","Q3":"11","MF":"11","CQ":"11","8R":"11","GQ":"11","H4":"11","P3":"11","J5":"11","M8":"11","FR":"11","HH":"11","HP":"11","HM":"11","R2":"11","JG":"11","H7":"11","GG":"11","MG":"11","M3":"11","Q2":"11","JM":"11","J2":"11","FM":"11","M2":"11","HC":"11","H3":"11","J6":"11","R3":"11","P2":"11","FP":"11","J3":"11","V2":"11","HF":"11","9R":"11","GM":"11","JF":"11","M7":"11","GR":"11","JH":"11","H6":"11","CP":"11","M9":"11","H5":"11","J4":"11","M4":"11","FJ":"11","J7":"11","8Q":"11","FQ":"11","9Q":"11","JC":"11","H8":"11","H9":"11","9V":"11","M5":"11","J9":"11","MC":"11","GH":"11","8V":"11","P4":"11","GJ":"11","HG":"11","J8":"11","GP":"11"},"RW":{"QW":"11","RX":"11","XR":"11","VW":"11","QX":"11","PX":"11","WW":"11","WR":"11","WV":"11","XW":"11","XX":"11","RW":"11","VV":"11","VX":"11","XV":"11","WX":"11"},"WW":{"8M":"11","FR":"11","5J":"11","9M":"11","7P":"11","GX":"11","7J":"11","HW":"11","6P":"11","8P":"11","FV":"11","GV":"11","2J":"11","2M":"11","CR":"11","2H":"11","CP":"11","6M":"11","7M":"11","GQ":"11","GW":"11","5P":"11","8Q":"11","GR":"11","5M":"11","9Q":"11","CQ":"11","HV":"11","FP":"11","9P":"11","4M":"11","6J":"11","FQ":"11","3M":"11","HR":"11","4J":"11","HX":"11","3J":"11","3H":"11"},"WX":{"F4":"11","F8":"11","G8":"11","FG":"11","HW":"11","C9":"11","FH":"11","FF":"11","GV":"11","F6":"11","CH":"11","CC":"11","GM":"11","GQ":"11","GW":"11","FM":"11","HP":"11","GR":"11","C8":"11","G5":"11","C7":"11","G4":"11","H2":"11","HV":"11","FP":"11","GJ":"11","G3":"11","FC":"11","G7":"11","H4":"11","FQ":"11","HR":"11","CF":"11","HQ":"11","F9":"11","H3":"11","FJ":"11","CJ":"11","F7":"11","F5":"11","GP":"11","G6":"11","CG":"11","G2":"11"}},"WC":{"H5":{"8M":"11","9G":"11","9M":"11","7P":"11","GF":"11","7J":"11","FG":"11","JF":"11","6P":"11","CM":"11","8P":"11","FF":"11","3P":"11","5Q":"11","MF":"11","HJ":"11","6M":"11","5P":"11","FM":"11","PF":"11","5M":"11","8J":"11","4Q":"11","8H":"11","JJ":"11","MG":"11","4M":"11","GJ":"11","HF":"11","6J":"11","JH":"11","3Q":"11","7H":"11","9H":"11","PG":"11","FJ":"11","6Q":"11","4P":"11","HH":"11","CG":"11","MH":"11"}},"JF":{"89":{"R3":"11","CG":"11","R2":"11"}},"PM":{"87":{"G9":"11","8J":"11","GC":"11","8M":"11","CF":"11","FF":"11","9H":"11","FC":"11","9M":"11","9G":"11","F9":"11","CG":"11","FG":"11","CH":"11","4X":"11","9J":"11"},"78":{"PQ":"11","RM":"11","QQ":"11","RV":"11","QV":"11","PR":"11","QR":"11","RR":"11"},"88":{"34":"11","35":"11","33":"11","25":"11","43":"11"},"7C":{"CC":"11","C8":"11","8F":"11","H4":"11","9F":"11","9C":"11","8H":"11","F8":"11","8G":"11","F7":"11","G4":"11","G6":"11","9G":"11","F9":"11","G5":"11","H5":"11","7J":"11","5P":"11","5M":"11","6M":"11","6P":"11","G7":"11"},"H7":{"M9":"11","M8":"11","JF":"11","HF":"11"},"Q9":{"23":"11"},"86":{"Q9":"11","R9":"11"},"95":{"5H":"11","69":"11","68":"11","78":"11","5P":"11","6C":"11","5Q":"11"},"84":{"RM":"11"},"J8":{"3Q":"11","4Q":"11","3P":"11"},"79":{"MP":"11","P6":"11","PV":"11","Q5":"11","Q8":"11","Q7":"11","PM":"11","QH":"11","PH":"11","QC":"11","R6":"11","QM":"11","P9":"11","PC":"11","PQ":"11","Q6":"11","PR":"11","MV":"11","QF":"11","P7":"11","PJ":"11","QG":"11","PG":"11","PP":"11","Q9":"11","QP":"11","R7":"11","MQ":"11","MR":"11","QJ":"11"}},"C2":{"Q6":{"WV":"11","WW":"11","WX":"11"},"P5":{"VM":"11"},"Q7":{"J8":"11","H8":"11","M7":"11","M8":"11","P7":"11","P6":"11"},"P7":{"VF":"11","WF":"11","RC":"11","RF":"11","VC":"11","P9":"11","XF":"11"},"Q5":{"WJ":"11","RG":"11","8C":"11","VH":"11","WH":"11","VG":"11"}},"MF":{"52":{"M6":"11","P6":"11"}},"PH":{"VP":{"VX":"11","RX":"11","QX":"11","PX":"11","WX":"11"},"4P":{"QH":"11","VF":"11","W9":"11","X8":"11","RG":"11","RF":"11","VC":"11","X9":"11","HV":"11","MM":"11","WC":"11","HW":"11","QG":"11"},"5P":{"CC":"11","38":"11","48":"11","59":"11","9C":"11","7C":"11","29":"11","49":"11","28":"11","69":"11","39":"11","8C":"11","6C":"11"},"VQ":{"J8":"11","F8":"11","M8":"11","M7":"11","GF":"11","G8":"11","GC":"11","J7":"11","M5":"11","P2":"11","FF":"11","J9":"11","W2":"11","MF":"11","J4":"11","HG":"11","M6":"11","G5":"11","M2":"11","J3":"11","MG":"11","GG":"11","JG":"11","FC":"11","G7":"11","H4":"11","H5":"11","M9":"11","F9":"11","F7":"11","JC":"11","G6":"11","H6":"11","MC":"11","M3":"11"},"4Q":{"J7":"11","H5":"11","M9":"11","H4":"11","J6":"11","PC":"11","M8":"11","P9":"11"},"5Q":{"66":"11","59":"11","65":"11","57":"11","69":"11","68":"11","67":"11","58":"11"}},"GQ":{"33":{"V4":"11","V3":"11"}},"MW":{"53":{"F9":"11","F8":"11"}},"8J":{"38":{"XH":"11"}},"9C":{"FM":{"J7":"11","J8":"11","H7":"11","H6":"11","M8":"11"},"GM":{"7G":"11","5G":"11","8G":"11","6G":"11","4G":"11"},"HM":{"72":"11","62":"11"},"HJ":{"9M":"11","7G":"11","8V":"11","7W":"11","9J":"11","8Q":"11","6X":"11","8J":"11","8H":"11","9Q":"11","9P":"11","6F":"11","8G":"11","9R":"11","7H":"11","9H":"11","6G":"11","7X":"11","8R":"11","8W":"11","5F":"11"}},"H2":{"37":{"85":"11","57":"11","84":"11","39":"11","28":"11","68":"11","77":"11","78":"11","38":"11","75":"11","29":"11","67":"11"},"35":{"M8":"11","PF":"11","P6":"11","RF":"11","P8":"11","P9":"11","QF":"11","P7":"11","Q9":"11","M7":"11","QC":"11","PC":"11"},"46":{"R3":"11","V4":"11","X4":"11","V3":"11","W4":"11"},"56":{"44":"11","GF":"11","4R":"11","78":"11","68":"11","66":"11","GH":"11","CM":"11","FF":"11","7Q":"11","67":"11","7R":"11","CC":"11","34":"11","3V":"11","CP":"11","FM":"11","8Q":"11","23":"11","57":"11","33":"11","9C":"11","5R":"11","9Q":"11","8C":"11","2V":"11","9P":"11","GG":"11","GJ":"11","89":"11","FC":"11","3Q":"11","4V":"11","CF":"11","55":"11","2R":"11","FJ":"11","24":"11","45":"11","5V":"11","6R":"11","2Q":"11","79":"11","3R":"11","56":"11"},"27":{"X9":"11","X8":"11"}},"JP":{"MF":{"4G":"11"}},"JG":{"F4":{"28":"3","44":"11","36":"11","27":"11","26":"11"},"7C":{"V8":"11","X8":"11"},"FG":{"RQ":"3","VM":"3"},"C9":{"7P":"11","FM":"11","6P":"11","XH":"11"},"FF":{"GH":"11","HQ":"3|11","JR":"11","JV":"11","GJ":"11","MV":"11","JQ":"11"},"99":{"6Q":"3","5R":"3","5Q":"3"},"F6":{"5G":"11","5F":"11","6G":"11"},"6M":{"8W":"11","7W":"11","CQ":"11","7X":"11","9Q":"11"},"F3":{"WM":"11","VJ":"11","VM":"11","XM":"11"},"G5":{"9W":"11","84":"11","83":"11","73":"11","62":"11","52":"11","74":"11"},"G4":{"64":"11","54":"11","5X":"11","55":"11","53":"11","4X":"11"},"8C":{"G4":"11","P3":"11","W2":"11","V2":"11","H4":"11","R2":"11"},"6H":{"CC":"11","GQ":"11"},"GG":{"33":"11"},"89":{"VX":"11","WX":"11"},"6F":{"PV":"11","PW":"11"},"G3":{"2M":"11","5R":"11","4P":"11","2P":"11","5W":"11","4Q":"11","3P":"11","5V":"11"},"FC":{"5G":"11","5F":"11","4F":"11"},"6G":{"CF":"11","CG":"11","CR":"11","H9":"3"},"F9":{"2H":"11","2J":"11"},"C4":{"X8":"3"},"G6":{"2R":"3","2W":"11","3W":"11","5V":"11","8M":"11","2Q":"3","2P":"3","FH":"11","6R":"11","3R":"3","7M":"11","5W":"11","7Q":"11","6Q":"11","9M":"11","4W":"11","2V":"11","7P":"11","5R":"11","8P":"11","CJ":"11","3V":"3","GH":"11","CM":"11","6M":"11","GG":"11","FJ":"11"},"XC":{"G4":"11","G3":"11","H4":"11"}},"X9":{"WM":{"PQ":"11","MQ":"11","RP":"11","RQ":"11","PM":"11","QQ":"11","QM":"11","PP":"11","QP":"11"}},"8G":{"MG":{"23":"11"},"JG":{"X3":"11","W8":"11"}},"PP":{"9F":{"GW":"11","GX":"11"},"5V":{"9P":"11","HQ":"11","CQ":"11","FQ":"11","JP":"11","CP":"11","8P":"11"}},"JX":{"34":{"PJ":"11","QH":"11","WF":"11","QJ":"11","WH":"11","RG":"11","WG":"11","VG":"11","XH":"11","RJ":"11","PM":"11","PP":"11","QM":"11","MM":"11","XG":"11","VH":"11","XF":"11","RH":"11","MP":"11"},"44":{"5H":"11","9M":"11","7G":"11","7J":"11","CM":"11","HM":"11","5G":"11","4H":"11","2H":"11","GM":"11","9J":"11","FM":"11","HP":"11","8J":"11","2G":"11","8H":"11","6H":"11","GJ":"11","3G":"11","6J":"11","4G":"11","7H":"11","9H":"11","6G":"11","FJ":"11","CJ":"11","GP":"11","3H":"11","2F":"11","3F":"11"}},"M9":{"GP":{"V3":"11","R5":"11","V4":"11","W9":"11","R8":"11","R9":"11","R6":"11","R7":"11","X9":"11","W3":"11","Q5":"11","Q6":"11","V9":"11","X3":"11","X4":"11","R4":"11"},"GQ":{"C3":"11","H4":"11","C5":"11","C2":"11","F5":"11","M4":"11","93":"11","F3":"11","G6":"11","M3":"11","G5":"11","H5":"11","95":"11","F2":"11","J4":"11","94":"11"},"HP":{"44":"11","GF":"11","GC":"11","G8":"11","96":"11","54":"11","HM":"11","75":"11","F6":"11","38":"11","HG":"11","2H":"11","34":"11","HJ":"11","23":"11","HP":"11","86":"11","28":"11","C6":"11","65":"11","2G":"11","GG":"11","HF":"11","G9":"11","G7":"11","29":"11","55":"11","85":"11","24":"11","45":"11","F7":"11","HH":"11","95":"11","2F":"11"}},"C4":{"43":{"5P":"11"}},"HX":{"V4":{"F4":"11","66":"11","75":"11","93":"11","39":"11","F3":"11","2C":"11","86":"11","C3":"11","76":"11","G3":"11","3C":"11","49":"11","C4":"11","85":"11","84":"11","94":"11","F2":"11","95":"11","G2":"11","2F":"11"},"R4":{"PQ":"11","JR":"11","MQ":"11","VH":"11","WG":"11","WH":"11","JQ":"11","PP":"11","MR":"11"},"Q3":{"35":"11","36":"11","25":"11","45":"11","26":"11"},"Q5":{"MP":"11","FG":"11","GH":"11","FH":"11","HM":"11","CH":"11","PM":"11","HJ":"11","QM":"11","JM":"11","JJ":"11","GJ":"11","JP":"11","PP":"11","QP":"11","FJ":"11","HH":"11","MJ":"11","CG":"11","RM":"11","VM":"11"},"V3":{"PV":"11","GX":"11","QV":"11","PW":"11"}},"MC":{"7G":{"GX":"11"},"6X":{"9F":"11"},"5J":{"7Q":"11","6R":"11","7V":"11","7R":"11","6V":"11"},"H7":{"38":"11","42":"11","33":"11","32":"11","29":"11","28":"11","35":"11","37":"11","25":"11","36":"11","2C":"11","34":"11"},"G8":{"C4":"11","C3":"11","C5":"11","42":"11","32":"11","73":"11","G2":"11","F5":"11","75":"11","74":"11","F3":"11","52":"11","72":"11","G3":"11","85":"11","95":"11","84":"11","83":"11","F4":"11","53":"11"},"F7":{"QX":"11","9C":"11","VX":"11","GX":"11","FW":"11","5W":"11","JW":"11","5G":"11","6W":"11","87":"11","CF":"11","73":"11","56":"11","5V":"11","HW":"11","RW":"11","83":"11","4X":"11","WX":"11","WW":"11","HX":"11","75":"11","88":"11","67":"11","4R":"11","VW":"11","48":"11","4V":"11","6C":"11","JX":"11","4W":"11","GW":"11","PX":"11","9X":"11","6X":"11","FX":"11","57":"11","66":"11","RX":"11","QW":"11","47":"11","XX":"11","CC":"11","72":"11","6F":"11","MX":"11","74":"11","76":"11","CX":"11","HV":"11","77":"11"},"G6":{"GH":"11","FH":"11","5G":"11","PH":"11","CF":"11","J8":"11","WJ":"11","H8":"11","QF":"11","CG":"11","G8":"11","F9":"11","QC":"11","5F":"11","6G":"11","VH":"11","XQ":"11","QH":"11","VJ":"11","M9":"11","CC":"11","GG":"11","FC":"11","G9":"11","QG":"11","PC":"11","WH":"11","6F":"11","FG":"11","XP":"11","M8":"11","P9":"11","9F":"11","7F":"11"},"7X":{"Q6":"11"},"P5":{"VX":"11","VW":"11","RX":"11","VV":"11","RW":"11"},"H6":{"2Q":"11","6R":"11","3M":"11","5X":"11","2P":"11","5W":"11","6V":"11","6W":"11","4X":"11","3P":"11"},"9C":{"VP":"11","RP":"11","RM":"11","QM":"11","VM":"11"},"F8":{"62":"11","64":"11","42":"11","C2":"11","73":"11","G2":"11","92":"11","93":"11","82":"11","54":"11","X2":"11","43":"11","63":"11","72":"11","44":"11","F2":"11","83":"11","53":"11"},"F6":{"VF":"11","WF":"11","VP":"11","RP":"11","VJ":"11","GJ":"11","FH":"11","9M":"11","CJ":"11","GH":"11","CM":"11","CH":"11","VM":"11","FJ":"11"},"G7":{"QJ":"11","WG":"11","X9":"11","GX":"11","PQ":"11","FW":"11","WF":"11","2X":"11","HW":"11","MR":"11","3X":"11","4X":"11","VG":"11","GV":"11","MQ":"11","JV":"11","PM":"11","8X":"11","VH":"11","VF":"11","RH":"11","GW":"11","3W":"11","GR":"11","QM":"11","7X":"11","FX":"11","PP":"11","RJ":"11","MP":"11","XF":"11","XC":"11","WC":"11","JR":"11","HR":"11","2W":"11","HV":"11"}},"QJ":{"29":{"Q5":"11"}}}}