{"index":{"university,1|retail,2|tourism,3|wreck,4|historical,5|artsCulture,6|namedBuilding,7|water,8|wetland,9|park,10|beach,11|natureReserve,12|cemetery,13|trail,14":{}},"54":{"87":{"W3":{"VR":"11","WR":"11","RV":"11","RR":"11","XR":"11"}},"7H":{"JM":{"MX":"11","VW":"11","QW":"11","JX":"11","VV":"11","WV":"11","QX":"11","PX":"11","XV":"11","PW":"11","RW":"11","WW":"11"},"MM":{"6W":"11","6F":"11","66":"11","6V":"11","8R":"11","5V":"11","6J":"11","6H":"11","65":"11","7M":"11","4V":"11","5W":"11","7Q":"11","75":"11","76":"11","8Q":"11","2V":"11","7P":"11","69":"11","68":"11","3V":"11","6G":"11","8V":"11","6M":"11","67":"11","6C":"11"}}}}