{"index":{"university,1|retail,2|tourism,3|wreck,4|historical,5|artsCulture,6|namedBuilding,7|water,8|wetland,9|park,10|beach,11|natureReserve,12|cemetery,13|trail,14":{}},"57":{"RV":{"VP":{"2P":"11"}},"HQ":{"8F":{"FC":"11"}},"8F":{"WF":{"VX":"11","XX":"11","WX":"11"},"6H":{"X2":"11"},"XJ":{"6W":"11","8W":"11","6V":"11","5V":"11","2Q":"11","3P":"11","4R":"11","2P":"11","7X":"11","3R":"11","4V":"11","5W":"11","3Q":"11","7W":"11","5R":"11","9X":"11","8X":"11","4Q":"11"},"WG":{"2W":"11","2X":"11","2R":"11","2V":"11"},"FF":{"Q8":"11","P9":"11","P8":"11"},"8H":{"HQ":"11","5H":"11","HR":"11","MW":"11","GQ":"11","PW":"11"},"9H":{"3X":"11","4X":"11"},"GF":{"PR":"11","PV":"11","PW":"11","MQ":"11","QX":"11","PQ":"11","MR":"11","PP":"11","QW":"11","QV":"11","PX":"11","MP":"11"},"7H":{"Q9":"11","96":"11","33":"11","24":"11","V9":"11","RC":"11","86":"11","VC":"11","M7":"11","VF":"11","M8":"11","23":"11","WF":"11","R9":"11"},"XG":{"42":"11","22":"11","32":"11"},"CJ":{"84":"11","52":"11","53":"11","74":"11"},"6G":{"VV":"11","RV":"11","GG":"11","GF":"11","RR":"11"},"XM":{"F4":"11","P6":"11","W8":"11","M5":"11","Q7":"11","C2":"11","82":"11","J4":"11","F3":"11","M6":"11","V8":"11","R6":"11","P5":"11","C3":"11","G4":"11","Q6":"11","G3":"11","X9":"11","P7":"11","92":"11","H4":"11","X8":"11","H5":"11","R7":"11","V7":"11","F2":"11","J6":"11","W7":"11","J5":"11"},"XF":{"2X":"11","3X":"11","5X":"11","4X":"11"},"CH":{"VW":"11","VV":"11"},"GG":{"P2":"11","Q3":"11","P6":"11","P4":"11","JC":"11","JF":"11","Q4":"11","M9":"11","Q2":"11","P7":"11","M7":"11","P5":"11","P3":"11","JG":"11","MC":"11"},"WJ":{"PF":"11","J9":"11","RG":"11","VJ":"11","P9":"11","WM":"11","QF":"11","M9":"11","XP":"11","VH":"11","XM":"11","QG":"11","RH":"11","J8":"11","PC":"11","WJ":"11","MC":"11"},"4F":{"XW":"11","WR":"11","XV":"11","XR":"11"},"9J":{"62":"11","42":"11","73":"11","M4":"3","93":"11","63":"11","52":"11","83":"11","J4":"3"}},"HV":{"G3":{"F5":"11","85":"11","G3":"11","93":"11","62":"11","P8":"11","H4":"11","Q6":"11","P3":"11","J5":"11","R7":"11","92":"11","F4":"11","Q8":"11","73":"11","P5":"11","G6":"11","C6":"11","83":"11","82":"11","M3":"11","G4":"11","J2":"11","F3":"11","M6":"11","C2":"11","H3":"11","J6":"11","F7":"11","F6":"11","F2":"11","J3":"11","R8":"11","Q9":"11","Q4":"11","G2":"11","96":"11","P7":"11","M7":"11","C4":"11","Q7":"11","95":"11","H2":"11","H6":"11","P6":"11","Q5":"11","H5":"11","J4":"11","M4":"11","94":"11","J7":"11","R9":"11","72":"11","C3":"11","C5":"11","G5":"11","74":"11","M5":"11","84":"11","P4":"11","R6":"11"},"J3":{"2R":"11","CR":"11","QX":"11","VX":"11","CQ":"11","GX":"11","8R":"11","VR":"11","GQ":"11","7Q":"11","PQ":"11","FW":"11","CW":"11","2M":"11","2P":"11","JW":"11","3V":"11","QQ":"11","6W":"11","FR":"11","5P":"11","PR":"11","HP":"11","5V":"11","HW":"11","RW":"11","7R":"11","6M":"11","RV":"11","MR":"11","8W":"11","7P":"11","4P":"11","6P":"11","3X":"11","4X":"11","QV":"11","4Q":"11","FM":"11","WX":"11","7V":"11","WW":"11","5Q":"11","GV":"11","MQ":"11","HX":"11","6V":"11","QR":"11","JV":"11","4M":"11","JQ":"11","RR":"11","HQ":"11","4R":"11","FP":"11","PV":"11","9M":"11","VW":"11","CM":"11","9P":"11","2Q":"11","8X":"11","8M":"11","9W":"11","9R":"11","3R":"11","4V":"11","GM":"11","JX":"11","4W":"11","GW":"11","PX":"11","9X":"11","3W":"11","6X":"11","GR":"11","6R":"11","7X":"11","CP":"11","FX":"11","PP":"11","RX":"11","QW":"11","MV":"11","7M":"11","JP":"11","MP":"11","7W":"11","FV":"11","CV":"11","5R":"11","5M":"11","8Q":"11","FQ":"11","9Q":"11","6Q":"11","PW":"11","MX":"11","VV":"11","JR":"11","MW":"11","9V":"11","8V":"11","WV":"11","HR":"11","8P":"11","HV":"11","3Q":"11","GP":"11"},"M4":{"37":"11","7P":"11","MP":"11","MM":"11","CM":"11","8P":"11","RP":"11","HM":"11","7Q":"11","36":"11","PM":"11","26":"11","GM":"11","CP":"11","25":"11","39":"11","FM":"11","8Q":"11","23":"11","HP":"11","35":"11","QM":"11","5C":"11","46":"11","JM":"11","9Q":"11","CQ":"11","JJ":"11","FP":"11","9P":"11","JP":"11","JH":"11","FQ":"11","PJ":"11","JQ":"11","3C":"11","PP":"11","49":"11","QP":"11","24":"11","45":"11","4C":"11","27":"11","MQ":"11","GP":"11","MJ":"11","5F":"11","MH":"11","4F":"11","3F":"11"},"J4":{"44":"11","V4":"11","X7":"11","R4":"11","P6":"11","Q5":"11","66":"11","X4":"11","V5":"11","M5":"11","P2":"11","P3":"11","96":"11","54":"11","32":"11","Q7":"11","75":"11","W2":"11","X6":"11","J2":"11","52":"11","W6":"11","Q4":"11","X3":"11","43":"11","Q2":"11","74":"11","M4":"11","86":"11","W3":"11","R6":"11","P5":"11","M2":"11","65":"11","R5":"11","33":"11","V2":"11","64":"11","Q6":"11","76":"11","W5":"11","R2":"11","J3":"11","H2":"11","W4":"11","Q3":"11","P7":"11","X5":"11","R3":"11","P4":"11","63":"11","42":"11","R7":"11","V6":"11","85":"11","X2":"11","V7":"11","53":"11","V3":"11","W7":"11","M3":"11"},"F2":{"R5":"11","Q3":"11","W9":"11","R6":"11","V6":"11","R7":"11","XH":"11","X9":"11","W8":"11","V8":"11","V5":"11","XG":"11","R3":"11","WC":"11","XC":"11","V7":"11","XF":"11","R4":"11"},"H3":{"PJ":"11","RM":"11","QH":"11","PG":"11","QJ":"11","PH":"11","MG":"11","VJ":"11","RJ":"11","WM":"11","XP":"11","XM":"11","MH":"11","VM":"11","WJ":"11"},"G2":{"CR":"11","GX":"11","8R":"11","7Q":"11","CW":"11","FW":"11","4G":"11","6W":"11","5P":"11","5V":"11","7R":"11","6M":"11","8W":"11","4J":"11","7P":"11","6P":"11","2H":"11","7V":"11","5Q":"11","HX":"11","6V":"11","3G":"11","4M":"11","3F":"11","3J":"11","8X":"11","9W":"11","4H":"11","9R":"11","5H":"11","GW":"11","9X":"11","6X":"11","6R":"11","5J":"11","7X":"11","FX":"11","6J":"11","7M":"11","2C":"11","7W":"11","FV":"11","CV":"11","5R":"11","5M":"11","8Q":"11","2F":"11","9Q":"11","6Q":"11","2J":"11","2G":"11","9V":"11","8V":"11","CX":"11","8P":"11","3H":"11"}},"6X":{"9P":{"8W":"11","9W":"11","6X":"11","8V":"11","9M":"11","CH":"11","CJ":"11"}},"HJ":{"8C":{"M3":"11"}},"9H":{"G3":{"J2":"11","H2":"11"},"H4":{"35":"11","25":"11"}},"XM":{"2W":{"27":"11"}},"Q6":{"X7":{"Q6":"11","P5":"11","P6":"11","Q5":"11"},"X6":{"2W":"11","2X":"11","3W":"11","2V":"11"},"W6":{"XW":"11","XV":"11"}},"JQ":{"JX":{"J9":"11","HC":"11","G9":"11","GC":"11","H9":"11"},"HW":{"CV":"11","GV":"11","FV":"11","CR":"11","FR":"11"}},"X4":{"C4":{"C2":"11","92":"11"},"C3":{"GW":"11","FW":"11","CW":"11","HV":"11","GX":"11","GV":"11","9X":"11","HW":"11","CX":"11","FX":"11"},"66":{"FR":"11","FV":"11","GV":"11","FW":"11","CV":"11","GQ":"11","CX":"11","HP":"11","GR":"11","CW":"11","9W":"11","HR":"11","PP":"11","HQ":"11","QP":"11","MQ":"11"},"3G":{"FQ":"11"},"57":{"P2":"11","Q2":"11","R2":"11"},"47":{"HR":"11","JR":"11","GW":"11","FW":"11","MR":"11","CW":"11","HV":"11","FV":"11","MV":"11","GX":"11","9X":"11","JV":"11","8X":"11","CX":"11","FX":"11"},"85":{"C8":"11","8F":"11","7G":"11","2Q":"11","3P":"11","6H":"11","9C":"11","2P":"11","5J":"11","F8":"11","F7":"11","G6":"11","7F":"11","5H":"11","6G":"11","3M":"11","C9":"11","8C":"11","G7":"11","99":"11","4M":"11","4J":"11"},"56":{"VX":"11","VW":"11","RX":"11","QX":"11"}},"M9":{"89":{"PQ":"11","PM":"11","QJ":"11","QM":"11","PP":"11","PJ":"11"},"7H":{"X2":"11","W4":"11"}},"JV":{"96":{"5H":"11","9G":"11","7G":"11","5G":"11","4H":"11","39":"11","2C":"11","7F":"11","2G":"11","8H":"11","9F":"11","8C":"11","6H":"11","6F":"11","8G":"11","3G":"11","4G":"11","29":"11","7H":"11","3C":"11","6G":"11","49":"11","8F":"11","4C":"11","3H":"11","5F":"11","2F":"11","4F":"11","3F":"11"},"86":{"MF":"11","58":"11","X9":"11","WG":"11","WF":"11","5C":"11","M8":"11","QF":"11","PF":"11","78":"11","59":"11","RF":"11","49":"11","VG":"11","PC":"11","88":"11","P9":"11","89":"11","Q9":"11","QG":"11","W9":"11","48":"11","VF":"11","6C":"11","JF":"11","PG":"11","XG":"11","RC":"11","VC":"11","M9":"11","QC":"11","XF":"11","R9":"11","3C":"11","XC":"11","JC":"11","39":"11","H9":"11","WC":"11","J9":"11","MC":"11","69":"11","68":"11","J8":"11","79":"11","4C":"11","RG":"11"},"G6":{"QX":"11","85":"11","VX":"11","44":"11","64":"11","25":"11","38":"11","56":"11","RW":"11","C6":"11","36":"11","55":"11","49":"11","86":"11","QV":"11","27":"11","WX":"11","33":"11","75":"11","35":"11","3F":"11","67":"11","VW":"11","54":"11","96":"11","43":"11","95":"11","28":"11","29":"11","57":"11","66":"11","RX":"11","63":"11","QW":"11","65":"11","47":"11","2C":"11","45":"11","34":"11","3C":"11","24":"11","26":"11","53":"11","2F":"11","39":"11","C5":"11","74":"11","37":"11","46":"11","76":"11","84":"11","23":"11","77":"11","4C":"11"},"X2":{"44":"11","F8":"11","78":"11","G8":"11","68":"11","66":"11","54":"11","67":"11","47":"11","77":"11","58":"11","87":"11","57":"11","C8":"11","65":"11","46":"11","C7":"11","88":"11","64":"11","55":"11","98":"11","69":"11","45":"11","97":"11","79":"11","56":"11"},"72":{"47":"11"},"F6":{"X8":"11","V3":"11","X9":"11","Q6":"11","R7":"11","W6":"11","Q8":"11","P5":"11","V9":"11","V6":"11","X5":"11","R8":"11","W9":"11","Q4":"11","R5":"11","V5":"11","Q7":"11","V4":"11","VC":"11","W7":"11","V8":"11","Q5":"11","J4":"11","R4":"11","M4":"11","X6":"11","X3":"11","XF":"11","V7":"11","W8":"11","X7":"11","R9":"11","W4":"11","XC":"11","W5":"11","WC":"11","M5":"11","W3":"11","P4":"11","R6":"11","X4":"11"},"V3":{"QW":"11","QX":"11","PX":"11","QV":"11","PW":"11","QR":"11","RR":"11"},"G7":{"V2":"11","R2":"11"}},"GV":{"JC":{"HR":"11","JQ":"11","QQ":"11","JR":"11","RP":"11","MQ":"11","CV":"11","PQ":"11","QP":"11","MR":"11","GR":"11","HV":"11","FR":"11","CR":"11","PP":"11","FV":"11","GV":"11","JV":"11","MP":"11"}},"QP":{"28":{"5R":"11","6V":"11","5V":"11"}},"9P":{"WC":{"34":"11","33":"11","24":"11","22":"11","32":"11","23":"11"},"W9":{"2X":"11","3X":"11"}},"W5":{"83":{"8M":"11","8J":"11","9J":"11","8H":"11"},"39":{"C6":"11","G8":"11","F5":"11","C2":"11","C3":"11","F7":"11","G6":"11","F4":"11","C5":"11","F3":"11","G5":"11","F8":"11","C4":"11","F2":"11","F6":"11","G7":"11"},"37":{"2R":"11","2W":"11","3W":"11","2Q":"11","3P":"11","2P":"11","29":"11","3Q":"11","28":"11","2M":"11","2V":"11","3V":"11","3M":"11","2C":"11"},"3C":{"R3":"11","Q2":"11","R4":"11","R2":"11","Q3":"11"},"86":{"R5":"11","X7":"11","R6":"11","V6":"11","Q5":"11","W6":"11","W7":"11","V5":"11","V7":"11"},"49":{"M5":"11","M4":"11","J4":"11","J5":"11"},"27":{"X8":"11","VX":"11","WG":"11","X9":"11","WF":"11","Q6":"11","J5":"11","R7":"11","XW":"11","QF":"11","XP":"11","Q8":"11","RW":"11","RF":"11","V9":"11","XV":"11","V6":"11","WX":"11","WW":"11","M6":"11","J6":"11","R8":"11","VW":"11","QG":"11","W9":"11","VF":"11","Q7":"11","XG":"11","RC":"11","VC":"11","V8":"11","RX":"11","XR":"11","QC":"11","XF":"11","V7":"11","WR":"11","W8":"11","XQ":"11","R9":"11","XC":"11","WC":"11","M5":"11","WV":"11","R6":"11","RG":"11"},"25":{"39":"11","8X":"11","2C":"11","2F":"11","29":"11","2G":"11"},"72":{"GR":"11","GP":"11","FQ":"11","GQ":"11","FR":"11","FP":"11"},"38":{"MH":"11","PH":"11","WP":"11","VP":"11","FX":"11","RP":"11","FW":"11","MG":"11","JJ":"11","RM":"11","CX":"11","RQ":"11","PM":"11","GV":"11","QQ":"11","QM":"11","HH":"11","FV":"11","JH":"11","PP":"11","HJ":"11","VQ":"11","QP":"11","PG":"11","MP":"11","JG":"11","MJ":"11"},"32":{"CM":"11","CP":"11"},"3F":{"XC":"11"},"26":{"82":"11"}},"JR":{"HR":{"48":"11","37":"11","28":"11","47":"11","27":"11","38":"11"},"6V":{"4J":"11"},"G8":{"5H":"11","7G":"11","7C":"11","RF":"11","83":"11","5G":"11","82":"11","QC":"11","4H":"11","87":"11","39":"11","73":"11","2C":"11","PF":"11","7F":"11","PC":"11","88":"11","8C":"11","89":"11","QF":"11","4G":"11","29":"11","3C":"11","6G":"11","72":"11","8F":"11","84":"11","62":"11"},"FH":{"RW":"11","PV":"11","PW":"11","VQ":"11","QR":"11","VV":"11","WP":"11","WQ":"11","QW":"11","QV":"11","VR":"11","XP":"11","RV":"11","WV":"11","RR":"11","WR":"11"},"7X":{"4X":"11"},"F8":{"99":"11","XC":"11","X9":"11","F9":"11","CC":"11","FC":"11","C8":"11","F8":"11","98":"11","C9":"11"},"F7":{"XW":"11","XQ":"11","XR":"11","WQ":"11","XV":"11","XP":"11","WV":"11","WR":"11"},"7V":{"QW":"11","PV":"11","PW":"11"},"J2":{"3J":"11","2J":"11","5M":"11"},"JV":{"84":"11","83":"11","73":"11","75":"11","82":"11","74":"11"},"CH":{"RC":"11","V9":"11","VC":"11","R9":"11"},"8C":{"F9":"11","CC":"11","FC":"11","G9":"11","GC":"11","H9":"11"},"G7":{"6W":"11","PF":"11","2W":"11","3W":"11","JF":"11","2Q":"11","3P":"11","2P":"11","4P":"11","5W":"11","HF":"11","4G":"11","QF":"11","4W":"11","2V":"11","6X":"11","MF":"11","3M":"11","4H":"11","5X":"11","4M":"11","4J":"11"},"98":{"VW":"11","XW":"11","WW":"11"},"99":{"MP":"11","MM":"11","Q5":"11","Q8":"11","Q7":"11","PM":"11","MF":"11","PH":"11","P8":"11","PF":"11","R5":"11","P9":"11","PC":"11","Q6":"11","MG":"11","P7":"11","PJ":"11","PG":"11","Q9":"11","MJ":"11","MC":"11","QJ":"11","MH":"11"}},"P7":{"7G":{"R4":"11","P6":"11","Q5":"11","JF":"11","Q8":"11","Q7":"11","HM":"11","Q4":"11","MF":"11","P8":"11","HJ":"11","GM":"11","GQ":"11","HP":"11","R5":"11","P9":"11","V2":"11","PC":"11","Q6":"11","CQ":"11","R2":"11","JJ":"11","MG":"11","FP":"11","JG":"11","Q3":"11","P7":"11","R3":"11","JH":"11","FQ":"11","M9":"11","GP":"11","HH":"11","MC":"11"},"2X":{"5G":"11","5F":"11","6F":"11","7F":"11"},"5M":{"6Q":"11","6P":"11","5Q":"11"},"4Q":{"P2":"11","M2":"11"},"7F":{"RX":"11","VW":"11","WP":"11","WH":"11","WF":"11","VR":"11","XF":"11","WM":"11","VQ":"11","X9":"11","X8":"11","RW":"11","RV":"11","VV":"11","WG":"11","VX":"11","WJ":"11","VP":"11","XC":"11","VM":"11"}},"XJ":{"54":{"WM":"11"}},"FF":{"GR":{"JR":"11","HR":"11"},"MV":{"93":"11","84":"11","83":"11","94":"11"},"PV":{"V8":"11","V7":"11","X7":"11","W7":"11","X6":"11"},"QV":{"C3":"11","62":"11","C2":"11","92":"11","93":"11","82":"11","54":"11","26":"11","63":"11","35":"11","72":"11","25":"11","45":"11","36":"11","44":"11","F2":"11","83":"11","53":"11"},"QR":{"JV":"11","MV":"11","JW":"11"}},"XG":{"3C":{"57":"11","58":"11"}},"HP":{"2Q":{"84":"11"},"QQ":{"GR":"11"},"2J":{"93":"11","8P":"11"},"QR":{"V6":"11","V7":"11"}},"6F":{"HG":{"V6":"11","R5":"11","XC":"11","V8":"11","V7":"11","W7":"11","R6":"11","R4":"11","W8":"11"},"RG":{"MX":"11","QW":"11","JX":"11","PX":"11","PV":"11","MW":"11","PW":"11"},"WG":{"95":"11","94":"11"},"F9":{"85":"11","84":"11"},"89":{"X5":"11","W3":"11","X6":"11","W5":"11","W4":"11"},"JG":{"7Q":"11","7P":"11","6Q":"11","3C":"11","CX":"11","2C":"11","2F":"11","4F":"11","3F":"11"},"RH":{"C4":"11","C5":"11","M2":"11","96":"11","F3":"11","H2":"11","G4":"11","J2":"11","H3":"11","86":"11","G3":"11","85":"11","95":"11","F4":"11"},"99":{"37":"11","27":"11","26":"11"}},"R9":{"QP":{"22":"11","23":"11"}},"7F":{"CF":{"62":"11"},"JC":{"FX":"11","FW":"11","CX":"11","CW":"11","GX":"11"},"CC":{"8W":"11","6X":"11","7X":"11","8X":"11"},"FC":{"WR":"11","WQ":"11","XR":"11"},"3F":{"5W":"11","6V":"11","6W":"11"},"JF":{"H2":"11","G2":"11"}},"MV":{"VX":{"63":"11","64":"11","73":"11","26":"11"},"RX":{"X7":"11","X6":"11"}},"W4":{"Q9":{"PR":"11","MX":"11","PV":"11","PW":"11","QX":"11","MR":"11","MW":"11","MV":"11","PX":"11"},"QC":{"R3":"11","P2":"11","W3":"11","V2":"11","Q2":"11","R2":"11","V3":"11"},"5R":{"88":"11","XC":"11","X9":"11","QF":"11","RF":"11","QC":"11","87":"11","RC":"11","77":"11","PF":"11","78":"11","4F":"11","3G":"11","97":"11","3F":"11"},"4R":{"HR":"11","JR":"11","MQ":"11","MR":"11","GR":"11","HV":"11","FV":"11","GV":"11","JV":"11"},"9Q":{"5J":"11","6J":"11","6H":"11","7J":"11","6M":"11","5M":"11","7H":"11"},"6R":{"GF":"11","G8":"11","GC":"11","38":"11","QH":"11","PH":"11","HG":"11","WH":"11","XH":"11","RH":"11","39":"11","2C":"11","48":"11","5C":"11","C3":"11","MG":"11","JG":"11","FC":"11","G7":"11","29":"11","3C":"11","49":"11","VH":"11","F9":"11","4C":"11","G6":"11","H6":"11","5F":"11","MH":"11","4F":"11","J5":"11","3F":"11"},"4W":{"6J":"11"},"FQ":{"7W":"11","7V":"11","6V":"11","6W":"11"},"CP":{"PG":"11","MG":"11","7G":"11","JH":"11","FH":"11","8H":"11","9H":"11","8G":"11","7H":"11","GH":"11","JG":"11","HH":"11","CH":"11"},"4X":{"42":"11","52":"11"}},"3P":{"R6":{"85":"11","84":"11","P3":"11","W3":"11","G5":"11","V3":"11"}},"V9":{"48":{"J4":"11","J5":"11"}},"9F":{"2M":{"XR":"11","7C":"11","MP":"11","6C":"11","RR":"11","VR":"11","39":"11","28":"11","5C":"11","59":"11","WR":"11","7F":"11","WV":"11","PQ":"11","9F":"11","8C":"11","6F":"11","29":"11","3C":"11","VV":"11","RV":"11","CF":"11","49":"11","8F":"11","XV":"11","4C":"11","MQ":"11","CG":"11"},"4P":{"66":"11","P3":"11","96":"11","36":"11","Q4":"11","J4":"11","26":"11","C5":"11","M4":"11","86":"11","C6":"11","G5":"11","46":"11","G4":"11","76":"11","Q3":"11","R3":"11","H4":"11","P4":"11","H5":"11","85":"11","F5":"11","27":"11","95":"11","J5":"11","56":"11"},"WR":{"63":"11","73":"11","72":"11","62":"11"},"3M":{"2R":"11","6W":"11","6V":"11","8R":"11","5V":"11","GW":"11","FW":"11","4V":"11","CW":"11","5W":"11","7W":"11","4W":"11","7V":"11","2V":"11","9W":"11","3V":"11","8V":"11","9V":"11"},"VQ":{"PP":"11","QP":"11"},"3P":{"P6":"11","X7":"11","R6":"11","M5":"11","Q7":"11","V6":"11","R7":"11","X6":"11","M6":"11","Q6":"11","W6":"11","W7":"11","J5":"11","P7":"11","V7":"11"}},"V4":{"VX":{"5C":"11","3F":"11","5F":"11","7C":"11","J3":"11","C7":"11","89":"11","G5":"11","C6":"11","F6":"11","4F":"11","6C":"11"},"RX":{"4X":"11","37":"11","F8":"11","M7":"11","M8":"11","G8":"11","RF":"11","8P":"11","5X":"11","38":"11","47":"11","MF":"11","WF":"11","QC":"11","4W":"11","8Q":"11","VF":"11","28":"11","XF":"11","PF":"11","46":"11","PC":"11","XG":"11","QF":"11","WG":"11","M9":"11","8R":"11","27":"11","MC":"11"},"WR":{"JP":"11","HR":"11","PV":"11","FP":"11","JQ":"11","PW":"11","FQ":"11","JR":"11","HJ":"11","QX":"11","HP":"11","MR":"11","GR":"11","HV":"11","MW":"11","MV":"11","GV":"11","JV":"11","GM":"11","GH":"11","GQ":"11","HM":"11","HH":"11"},"WV":{"VX":"2"},"QX":{"RC":"11","RF":"11","PM":"11","QH":"11","JW":"11","V8":"11","QM":"11","RG":"11","PQ":"11","JV":"11","MV":"11","X8":"11","XX":"11","PJ":"11","QG":"11","PP":"11","V9":"11","JX":"11","VX":"11","HX":"11","R9":"11","WX":"11","MQ":"11","MR":"11","QJ":"11","VC":"11"},"WQ":{"6W":"11","5W":"11","2J":"11","2H":"11","58":"11","57":"11","5C":"11","59":"11","2G":"11","3G":"11","4G":"11","49":"11","4C":"11","84":"11","94":"11","3H":"11","4F":"11","3F":"11"},"VQ":{"RW":"11","VP":"11","VQ":"11","QR":"11","WP":"11","XJ":"11","XH":"11","QW":"11","WM":"11","QV":"11","VR":"11","RQ":"11","XM":"11","RV":"11","RR":"11"}},"R5":{"5G":{"HX":"11","GW":"11","FX":"11","CX":"11","HW":"11","GX":"11"},"5Q":{"C4":"3","C3":"3|11","C2":"3","G2":"11","93":"11","82":"11","F3":"11|3","G4":"11","G3":"11","F2":"11|3","F4":"11|3"},"HR":{"R3":"11","M3":"11","P3":"11","W2":"11","X2":"11","V2":"11","Q2":"11","R2":"11","Q3":"11","V3":"11"},"JQ":{"2W":"11","2X":"11","3W":"11","4W":"11","3X":"11","4X":"11"},"WH":{"85":"11","84":"11","95":"11","94":"11","C3":"11","F3":"11","C4":"11"},"3P":{"Q9":"3","R8":"3","R9":"3"},"HQ":{"XX":"11","WX":"11"},"4P":{"RV":"11","QV":"11","PR":"11","QR":"11","RW":"11"},"WG":{"HX":"11","JV":"11","HW":"11","MV":"11","PR":"11","JW":"11","MR":"11"},"XG":{"C7":"11","J9":"11","F9":"11","G9":"11","C8":"11","F8":"11","H9":"11"},"5H":{"C4":"11","C3":"11","C5":"11","C2":"11","G2":"11","F5":"11","92":"11","F3":"11","G4":"11","G3":"11","F2":"11","F4":"11"},"3M":{"QJ":"3","PJ":"3","RJ":"11"},"6M":{"4C":"11","4F":"11"},"6P":{"33":"11","42":"11","43":"11"},"4M":{"2Q":"11","3Q":"11"},"4J":{"34":"11","44":"11","43":"11"}},"WM":{"XW":{"V3":"11","X7":"11","V2":"11","X6":"11","W3":"11","R2":"11","Q2":"11","X4":"11","X5":"11"},"M3":{"R3":"11","P2":"11","W2":"11","W3":"11","V2":"11","Q2":"11","X3":"11","R2":"11","Q3":"11","V3":"11","W4":"11"},"P3":{"24":"11","23":"11"},"XV":{"MX":"11","PW":"11","QX":"11","JW":"11","RX":"11","MW":"11","PX":"11"},"M2":{"QW":"11","RX":"11","7C":"11","68":"11","66":"11","83":"11","6C":"11","75":"11","93":"11","67":"11","QX":"11","C2":"11","82":"11","77":"11","PX":"11","58":"11","74":"11","73":"11","86":"11","57":"11","MW":"11","C3":"11","76":"11","92":"11","63":"11","PW":"11","MX":"11","69":"11","72":"11","85":"11","84":"11","94":"11","95":"11","62":"11","79":"11","56":"11"}},"XH":{"36":{"2H":"11"}},"V7":{"62":{"9W":"11","9X":"11","CX":"11","CW":"11","9R":"11","9V":"11"}},"V5":{"W2":{"CQ":"11","FQ":"11","CP":"11","FP":"11"},"Q3":{"34":"11","FX":"11","28":"11","44":"11","35":"11","36":"11","42":"11","27":"11","25":"11","43":"11","26":"11"},"X9":{"J7":"11","H7":"11","G6":"11","G7":"11"},"C7":{"FR":"11","6V":"11","6W":"11","MM":"11","RC":"11","RF":"11","5W":"11","9V":"11","FV":"11","7W":"11","PH":"11","CR":"11","CV":"11","GQ":"11","HP":"11","GR":"11","CW":"11","JM":"11","JJ":"11","JP":"11","QF":"11","X8":"11","9W":"11","V9":"11","HQ":"11","R9":"11","5V":"11","8W":"11","GP":"11","MJ":"11","VC":"11"},"P3":{"RM":"11","PJ":"11","QH":"11","W9":"11","VF":"11","PV":"11","X7":"11","QJ":"11","JQ":"11","X8":"11","PW":"11","RG":"11","JR":"11","MQ":"11","VG":"11","X9":"11","RJ":"11","PM":"11","MW":"11","PP":"11","QM":"11","MV":"11","WC":"11","VH":"11","RH":"11","MP":"11"},"J5":{"RW":"11","XQ":"11","VQ":"11","VV":"11","WP":"11","XJ":"11","QX":"11","RX":"11","WQ":"11","VW":"11","WM":"11","VR":"11","XP":"11","XM":"11","RV":"11","WR":"11"},"5C":{"VP":"11","QQ":"11","VQ":"11","QR":"11","RP":"11","WP":"11","WM":"11","RQ":"11","RR":"11","VM":"11"},"W6":{"5F":"11","4F":"11"},"78":{"XX":"11"},"R2":{"VF":"11","RC":"11","RF":"11","VC":"11","QF":"11","5H":"11","WC":"11","QC":"11"},"G6":{"C3":"11","C5":"11","C4":"11","92":"3"},"X5":{"XC":"11","WC":"11","X9":"11","XF":"11","W9":"11","XG":"11","WF":"11"},"V6":{"2W":"11","2X":"11","3W":"11","X2":"11","3X":"11"},"Q2":{"CC":"11","7R":"11","C8":"11","H4":"11","6V":"11","9F":"11","8R":"11","8J":"11","H6":"11","8M":"11","V2":"11","9C":"11","FH":"11","CF":"11","7M":"11","9H":"11","8H":"11","7Q":"11","F8":"11","8G":"11","F7":"11","H2":"11","G4":"11","7V":"11","8Q":"11","J2":"11","G6":"11","9G":"11","H3":"11","F9":"11","CG":"11","G5":"11","H5":"11","C9":"11","F6":"11","CH":"11","9J":"11"},"J6":{"78":"11","P2":"11","96":"11","F6":"11","J2":"11","C5":"11","Q2":"11","86":"11","C6":"11","G5":"11","M2":"11","C7":"11","88":"11","G4":"11","J3":"11","89":"11","H4":"11","3C":"11","69":"11","H3":"11","F7":"11","4C":"11","F5":"11","M3":"11"},"F7":{"62":"11","38":"11","48":"11","64":"11","55":"11","27":"11","49":"11","28":"11","46":"11","54":"11","26":"11","63":"11","52":"11","35":"11","72":"11","47":"11","37":"11","45":"11","36":"11","44":"11","39":"11","53":"11"},"88":{"8W":"11","2W":"11","8V":"11","7W":"11","2X":"11","7V":"11","8R":"11","6V":"11","6W":"11"},"F6":{"R5":"11","Q3":"11","P6":"11","P4":"11","Q4":"11","7X":"11","Q5":"11","Q6":"11","M6":"11","7W":"11","R3":"11","6X":"11","P5":"11","R4":"11"},"3F":{"2Q":"11"},"89":{"22":"11"},"4F":{"PM":"11","JM":"11","PP":"11","MP":"11","MM":"11"},"98":{"X8":"11","P8":"11","CH":"11","2M":"11","9H":"11","R7":"11","W6":"11","Q8":"11","V9":"11","V6":"11","X5":"11","4J":"11","CG":"11","HC":"11","P9":"11","R8":"11","3J":"11","Q9":"11","W9":"11","HF":"11","VF":"11","3M":"11","V5":"11","Q7":"11","5J":"11","RC":"11","VC":"11","W7":"11","FG":"11","V8":"11","6J":"11","QC":"11","X6":"11","X3":"11","V7":"11","W8":"11","X7":"11","R9":"11","W4":"11","2J":"11","GF":"11","W5":"11","WC":"11","R6":"11","X4":"11"},"Q4":{"C3":"11","QH":"11","QJ":"11","6J":"11","RJ":"11","74":"11","F3":"11","5P":"11","5M":"11","84":"11","6M":"11","F2":"11","83":"11"},"V5":{"MX":"11","PX":"11","MW":"11","PW":"11","JQ":"11","MP":"11","JP":"11"},"F9":{"5Q":"11","2W":"11","3W":"11","5V":"11","4R":"11","3R":"11","4V":"11","4W":"11","2V":"11","5R":"11","3V":"11","4Q":"11","4X":"11"},"H6":{"5C":"11","8F":"11","WF":"11","5F":"11","7G":"11","XH":"11","49":"11","QF":"11","7F":"11","XG":"11","6G":"11","39":"11","XC":"11","QC":"11","XF":"11"},"R4":{"2R":"11","3R":"11","CW":"11","FM":"11","9W":"11","CJ":"11","9X":"11","5P":"11","CM":"11","5M":"11","CX":"11","6P":"11","FJ":"11"},"M4":{"XW":"11","XX":"11","XV":"11","WW":"11","WX":"11"},"C8":{"24":"11","25":"11","32":"11","23":"11","26":"11"},"V7":{"22":"11","32":"11"},"X7":{"7P":"11"},"C9":{"XW":"11","XV":"11"},"G5":{"CX":"3"},"M5":{"V3":"11","C8":"11","G9":"11","P6":"11","HC":"11","GC":"11","6J":"11","Q4":"11","2Q":"11","3P":"11","V2":"11","6H":"11","2P":"11","5J":"11","FF":"11","M6":"11","2M":"11","F8":"11","GF":"11","FC":"11","F7":"11","H7":"11","P7":"11","M7":"11","H9":"11","R3":"11","6G":"11","P5":"11","3M":"11","5M":"11","C9":"11","J7":"11","G7":"11","99":"11","2J":"11","4M":"11","W2":"11","R4":"11"},"W3":{"7X":"11","8X":"11"},"69":{"JP":"11","RM":"11","WF":"11","QJ":"11","JQ":"11","WH":"11","HQ":"11","VJ":"11","MQ":"11","WG":"11","VG":"11","RJ":"11","PM":"11","QM":"11","PP":"11","MM":"11","XG":"11","VH":"11","XC":"11","XF":"11","RH":"11","MP":"11"},"P4":{"2R":"11","6F":"11","5G":"11","87":"11","78":"11","5F":"11","2Q":"11","77":"11","3P":"11","G8":"11","4P":"11","5J":"11","3R":"11","3Q":"11","76":"11","2V":"11","69":"11","5H":"11","6G":"11","86":"11","4Q":"11","5P":"11","3M":"11","5M":"11","79":"11","4M":"11","4J":"11","6C":"11"},"X4":{"J2":"11","J3":"11","QJ":"11","QM":"11","H3":"11"},"79":{"V3":"11","W2":"11","P8":"11","Q6":"11","5C":"11","R7":"11","M8":"11","38":"11","Q8":"11","59":"11","V6":"11","49":"11","X2":"11","HC":"11","P9":"11","48":"11","6G":"11","6C":"11","R5":"11","V5":"11","P7":"11","Q7":"11","V4":"11","29":"11","M9":"11","47":"11","X3":"11","2C":"11","5F":"11","3C":"11","6F":"11","W4":"11","2F":"11","JC":"11","39":"11","H9":"11","J9":"11","W3":"11","69":"11","R6":"11","J8":"11","4C":"11"}},"RX":{"5G":{"F5":"11","G5":"11","F6":"11"},"C2":{"X5":"11","X4":"11"},"2J":{"42":"11","32":"11"},"25":{"JR":"11","HR":"11"},"79":{"2F":"11","6V":"11","5V":"11","2G":"11","6R":"11","4V":"11","3V":"11"},"3G":{"9X":"11","8X":"11"},"6F":{"6W":"11","5C":"11","6V":"11","4C":"11","3W":"11","5V":"11","78":"11","5W":"11","92":"11","9P":"11","93":"11","82":"11","9M":"11","4G":"11","4W":"11","6X":"11","CM":"11","79":"11","4H":"11","83":"11","4F":"11","6C":"11"},"4G":{"R5":"11","X5":"11","V4":"11","V5":"11","R6":"11","R7":"11","X6":"11","X4":"11","W5":"11","W4":"11"},"6C":{"RM":"11","PJ":"11","PH":"11","VJ":"11","RJ":"11","9W":"11","9X":"11","MH":"11","VM":"11"}},"MH":{"R5":{"22":"11"},"G4":{"FX":"11","FW":"11","FV":"11","FR":"11"},"R3":{"95":"11","87":"11","86":"11"},"Q4":{"WX":"11","RW":"11","QH":"11","QJ":"11","VV":"11","MQ":"11","MR":"11","PP":"11","MV":"11","JV":"11","MP":"11"},"Q5":{"JC":"11","W2":"11","X2":"11","GF":"11","79":"11","JF":"11","HF":"11"}},"JP":{"9F":{"7R":"3"}},"XP":{"FC":{"CF":"11","8F":"11","8C":"11","9F":"11"},"23":{"6C":"11"}},"VH":{"F9":{"X4":"11"},"87":{"9P":"11","JC":"11","J9":"11","V7":"11","CM":"11","FJ":"11","9Q":"11","M9":"11","CJ":"11","CP":"11"},"G9":{"34":"11","37":"11","28":"11","35":"11","33":"11","24":"11","36":"11","27":"11","25":"11","22":"11","23":"11","26":"11"},"F8":{"7Q":"11","CQ":"11","9Q":"11","7V":"11","7R":"11","CP":"11"}},"X8":{"77":{"92":"11"},"76":{"9X":"11","GW":"11","FX":"11","FW":"11","CX":"11","GV":"11"}},"CF":{"HW":{"MJ":"11","PJ":"11","QH":"11","QJ":"11","8R":"11","FQ":"11","HP":"11","PM":"11","GP":"11","FR":"11","CR":"11","9R":"11","JM":"11","MM":"11","GQ":"11","8V":"11","9V":"11","HM":"11"}},"V8":{"2F":{"PR":"11","MR":"11"}},"HR":{"R5":{"VP":"11","RP":"11","RQ":"11","VQ":"11"},"7R":{"8W":"11","87":"11","HX":"11","88":"11","97":"11","CV":"11","GW":"11","FW":"11","7X":"11","CW":"11","75":"11","7W":"11","96":"11","7V":"11","GX":"11","9X":"11","8X":"11","86":"11","85":"11","CX":"11","FX":"11"},"8W":{"V3":"11","V2":"11","W3":"11","R2":"11","X2":"11","Q2":"11","X3":"11","W2":"11"},"8R":{"7R":"11","8J":"11","8M":"11","7M":"11","2X":"11","7Q":"11","8H":"11","9H":"11","3X":"11","8Q":"11","7P":"11","8P":"11","9J":"11"},"6R":{"J8":"11","M8":"11","RC":"11","J7":"11","R8":"11","83":"11","H7":"11","Q7":"11","93":"11","82":"11","J4":"11","QC":"11","73":"11","R6":"11","PF":"11","P9":"11","PC":"11","Q6":"11","H2":"11","G3":"11","92":"11","H4":"11","H8":"11","V9":"11","H5":"11","H3":"11","M9":"11","R7":"11","R9":"11","F2":"11","J6":"11","H6":"11","G2":"11","J5":"11","VC":"11"},"CW":{"58":"11","2M":"11","2P":"11","5W":"11","7C":"11","5C":"11","8G":"11","5G":"11","5V":"11","59":"11","7G":"11","7F":"11","5X":"11","8H":"11","4Q":"11","5Q":"11","35":"11","4R":"11","2Q":"11","8M":"11","6G":"11","6C":"11","8J":"11","57":"11","8F":"11","7J":"11","7M":"11","3P":"11","5F":"11","34":"11","24":"11","6F":"11","5R":"11","69":"11","7H":"11","23":"11","8P":"11","6H":"11","68":"11","3Q":"11","79":"11"},"7Q":{"48":"11","57":"11","5C":"11","39":"11","47":"11","3C":"11","46":"11","49":"11","4C":"11","2V":"11","2F":"11","4F":"11","3G":"11","59":"11","2G":"11","58":"11","3F":"11"},"9P":{"7M":"11","8M":"11","8J":"11","9M":"11","7J":"11","9J":"11"},"7V":{"C3":"11","H4":"11","X7":"11","G2":"11","X6":"11","92":"11","M6":"11","93":"11","82":"11","J3":"11","H2":"11","J5":"11","G4":"11","H3":"11","J6":"11","XP":"11","G3":"11","XM":"11","H5":"11","F2":"11","X5":"11","J4":"11"},"9W":{"F8":"11","G8":"11","GC":"11","WP":"11","W2":"11","22":"11","X3":"11","23":"11","XP":"11","XQ":"11","WM":"11","XM":"11","33":"11","V2":"11","G9":"11","G7":"11","HC":"11","H9":"11","F9":"11","VJ":"11","F7":"11","X2":"11","WJ":"11","VM":"11"},"9X":{"XC":"11","WC":"11","X9":"11","XF":"11","W9":"11","VF":"11","WF":"11"},"8V":{"37":"11","6V":"11","6W":"11","4R":"11","2P":"11","68":"11","5W":"11","36":"11","47":"11","3P":"11","26":"11","34":"11","58":"11","22":"11","25":"11","35":"11","57":"11","46":"11","4Q":"11","5R":"11","3Q":"11","4V":"11","2R":"11","24":"11","4P":"11","45":"11","5V":"11","27":"11","2Q":"11","3R":"11","56":"11"},"9V":{"QW":"11","RX":"11","6V":"11","6W":"11","5W":"11","8V":"11","FV":"11","7Q":"11","7W":"11","CR":"11","7R":"11","CV":"11","7V":"11","5P":"11","MW":"11","8X":"11","5R":"11","9R":"11","RW":"11","PW":"11","VX":"11","6R":"11","8R":"11","8W":"11"},"5P":{"MF":"11","WP":"11","MH":"11","P8":"11","Q6":"11","P3":"11","J5":"11","M8":"11","QF":"11","PF":"11","Q8":"11","WJ":"11","P5":"11","JG":"11","MG":"11","M3":"11","PH":"11","J2":"11","M2":"11","PC":"11","M6":"11","J6":"11","P2":"11","P9":"11","J3":"11","Q9":"11","Q4":"11","R5":"11","JF":"11","P7":"11","PG":"11","M7":"11","JH":"11","Q7":"11","P6":"11","M9":"11","Q5":"11","QC":"11","J4":"11","M4":"11","WM":"11","J7":"11","MJ":"11","JC":"11","JJ":"11","M5":"11","J9":"11","MC":"11","P4":"11","R6":"11","J8":"11"},"5M":{"MX":"11"},"CX":{"58":"11","CH":"11","9H":"11","7C":"11","J5":"11","5C":"11","8G":"11","87":"11","78":"11","56":"11","59":"11","7G":"11","P5":"11","7F":"11","8H":"11","49":"11","86":"11","CG":"11","FM":"11","88":"11","67":"11","FP":"11","89":"11","8C":"11","9M":"11","CM":"11","9G":"11","48":"11","6G":"11","6C":"11","57":"11","66":"11","8F":"11","J4":"11","M4":"11","FJ":"11","47":"11","9F":"11","2C":"11","5F":"11","CJ":"11","3C":"11","6F":"11","2F":"11","39":"11","9J":"11","M5":"11","76":"11","69":"11","77":"11","68":"11","79":"11","4C":"11"},"FX":{"RJ":"11","MP":"11","XJ":"11","MM":"11","WP":"11","RP":"11","QQ":"11","PM":"11","WM":"11","QM":"11","XM":"11","PQ":"11","RQ":"11","VQ":"11","JP":"11","JQ":"11","PP":"11","VJ":"11","QP":"11","WJ":"11","MQ":"11","RM":"11","VP":"11","VM":"11"}},"M8":{"HQ":{"V3":"11","R5":"11","V4":"11","R8":"11","R6":"11","Q7":"11","V6":"11","R7":"11","X6":"11","W3":"11","W8":"11","W4":"11","V8":"11","Q8":"11","W6":"11","W7":"11","V5":"11","V7":"11","W5":"11","X5":"11"}},"X3":{"HX":{"PQ":"11","XW":"11","JV":"11","MV":"11","QQ":"11","WV":"11","PV":"11","PR":"11","QR":"11","WW":"11","MR":"11"},"QW":{"39":"11","38":"11","29":"11"},"JX":{"MJ":"11","JP":"11","6W":"11","PJ":"11","PF":"11","8W":"11","2W":"11","R9":"11","RC":"11","PG":"11","PH":"11","JJ":"11","HQ":"11","RF":"11","CV":"11","HP":"11","7X":"11","2X":"11","GP":"11","CR":"11","3X":"11","7W":"11","JM":"11","QF":"11","MM":"11","9W":"11","6X":"11","GQ":"11","8V":"11","MH":"11","9V":"11","QC":"11","QG":"11","HM":"11","5X":"11","4X":"11"},"WR":{"MF":"11","WG":"11","WF":"11","HH":"11","JG":"11","6M":"11","MG":"11","4J":"11","PH":"11","2H":"11","VG":"11","4M":"11","9M":"11","3J":"11","QG":"11","8M":"11","RH":"11","8J":"11","3M":"11","JF":"11","PG":"11","JH":"11","5J":"11","6J":"11","QH":"11","7J":"11","7M":"11","FJ":"11","XF":"11","CJ":"11","5M":"11","2J":"11","9J":"11","GH":"11","FH":"11","GJ":"11","HG":"11","RG":"11"},"MW":{"8W":"11","XR":"11","VV":"11","JW":"11","FW":"11","CW":"11","3X":"11","XV":"11","JV":"11","WV":"11","HW":"11","CX":"11","FX":"11"},"PW":{"5J":"11","9G":"11","7G":"11","7J":"11","6P":"11","CH":"11","3P":"11","5Q":"11","6M":"11","7M":"11","5P":"11","5M":"11","8J":"11","9C":"11","4Q":"11","8H":"11","9F":"11","2V":"11","6H":"11","8G":"11","6J":"11","3Q":"11","7H":"11","9H":"11","CF":"11","2R":"11","8F":"11","4P":"11","2Q":"11","CG":"11","3R":"11"},"XR":{"C8":"11","5C":"11","6F":"11","3F":"11","P4":"11","5F":"11","H6":"11","88":"11","97":"11","W3":"11","M4":"11","W4":"11","F7":"11","J5":"11","G6":"11","C7":"11","89":"11","R3":"11","P3":"11","H5":"11","F6":"11","79":"11","99":"11","98":"11","X4":"11","4F":"11","J4":"11","6C":"11"}},"JF":{"33":{"7M":"11","7P":"11","6Q":"11","6J":"11","5R":"11","6P":"11","4R":"11","6M":"11","5M":"11","5P":"11","4Q":"11","3R":"11","5Q":"11"}},"5M":{"8X":{"35":"11","25":"11"}},"MG":{"XW":{"7G":"11","7C":"11","6C":"11","99":"11","5G":"11","3P":"11","4H":"11","6M":"11","5P":"11","5M":"11","7F":"11","9C":"11","8C":"11","6H":"11","4M":"11","89":"11","6F":"11","6J":"11","4G":"11","3M":"11","3Q":"11","7H":"11","4J":"11","8F":"11","4P":"11","3J":"11","2Q":"11","79":"11","5F":"11"},"RV":{"CX":"3","CW":"3"},"XV":{"63":"11"},"RW":{"R5":"11","H4":"3","P4":"11","Q4":"11","R6":"11","M5":"3","C2":"3","R7":"11","F3":"3","J5":"3","G4":"3","G3":"3","H5":"3","F2":"3","R4":"11"},"XG":{"QW":"11","XR":"11","XJ":"11","QV":"11","PV":"11","WP":"11","QR":"11","RP":"11","QQ":"11","RR":"11","WQ":"11","XH":"11","VR":"11","XP":"11","XQ":"11","WM":"11","MW":"11","XM":"11","WR":"11","WV":"11","PR":"11","RQ":"11","VQ":"11","MV":"11","RV":"11","VV":"11","PW":"11","WJ":"11","VP":"11","VM":"11"}},"MJ":{"HF":{"9Q":"11"}},"JC":{"8M":{"33":"11","42":"11","43":"11","32":"11"},"8J":{"5Q":"11","5V":"11","4R":"11","VV":"11","4P":"11","4V":"11","5W":"11","VW":"11","4W":"11","5R":"11","4Q":"11","5P":"11","4X":"11"},"JJ":{"63":"11","64":"11","73":"11","54":"11","53":"11","74":"11"},"QC":{"2G":"11"},"W3":{"2Q":"11","2P":"11"},"PF":{"W5":"11","PJ":"11","W6":"11"},"PC":{"XC":"11","WG":"11","XF":"11","WH":"11","XH":"11","XG":"11","WF":"11"},"HJ":{"M8":"11","P7":"11","P8":"11"},"V3":{"VR":"11","WR":"11","XQ":"11","WV":"11","WQ":"11","XR":"11"}},"4F":{"P2":{"HX":"11"},"V3":{"CQ":"11","8R":"11","8Q":"11","CP":"11"},"V4":{"RX":"11","XR":"11","FR":"11","44":"11","VW":"11","7G":"11","7J":"11","HW":"11","CM":"11","6C":"11","GV":"11","5G":"11","QX":"11","47":"11","JW":"11","CR":"11","PX":"11","WW":"11","9J":"11","58":"11","43":"11","48":"11","XQ":"11","GR":"11","57":"11","MW":"11","5C":"11","59":"11","WR":"11","8J":"11","7F":"11","46":"11","WV":"11","8H":"11","CQ":"11","6H":"11","HV":"11","6F":"11","8G":"11","FQ":"11","7H":"11","VV":"11","6G":"11","49":"11","PW":"11","VX":"11","MX":"11","69":"11","42":"11","CJ":"11","45":"11","4C":"11","WX":"11","5F":"11"},"Q3":{"G3":"11","72":"11","62":"11","52":"11","H3":"11","82":"11"},"X6":{"X5":"11","R3":"11","V4":"11","V5":"11","Q2":"11","W5":"11","R4":"11","R2":"11","Q3":"11","W4":"11"},"R2":{"XX":"11"},"Q2":{"2R":"11","WW":"11","2W":"11","3W":"11","2Q":"11","QX":"11","RX":"11","7X":"11","VW":"11","3X":"11","2V":"11","XV":"11","8X":"11","WV":"11","4X":"11"},"J2":{"PR":"11"},"M3":{"F8":"11","GC":"11","W8":"11","C9":"11","99":"11","75":"11","J9":"11","W9":"11","87":"11","74":"11","86":"11","C8":"11","P9":"11","88":"11","64":"11","76":"11","X9":"11","G9":"11","X8":"11","HC":"11","H9":"11","63":"11","V9":"11","Q9":"11","98":"11","M9":"11","F9":"11","R9":"11","85":"11","97":"11","53":"11"},"P3":{"F4":"11","68":"11","66":"11","96":"11","38":"11","67":"11","47":"11","77":"11","58":"11","87":"11","C5":"11","F3":"11","48":"11","86":"11","28":"11","57":"11","C6":"11","G4":"11","76":"11","H2":"11","G3":"11","29":"11","C4":"11","85":"11","97":"11","F5":"11","95":"11","G2":"11"},"W5":{"F4":"11","PM":"11","52":"11","MF":"11","PH":"11","C5":"11","73":"11","QM":"11","G4":"11","MG":"11","G3":"11","PJ":"11","PG":"11","63":"11","85":"11","F5":"11","84":"11","53":"11","95":"11","MC":"11"},"X5":{"QX":"11"}},"X5":{"XQ":{"3J":"11"},"WQ":{"JQ":"11"}},"WJ":{"MX":{"CR":"11","CQ":"11","8R":"11","62":"11","7Q":"11","CW":"11","9H":"11","8G":"11","6W":"11","87":"11","73":"11","78":"11","7R":"11","8W":"11","8H":"11","86":"11","7V":"11","88":"11","8X":"11","9G":"11","98":"11","9W":"11","9R":"11","9X":"11","6X":"11","7X":"11","52":"11","8F":"11","63":"11","9F":"11","7W":"11","72":"11","CV":"11","8Q":"11","9Q":"11","74":"11","9V":"11","76":"11","84":"11","8V":"11","CX":"11","77":"11"},"MW":{"37":"11","44":"11","6V":"11","6W":"11","4R":"11","5W":"11","32":"11","5X":"11","38":"11","36":"11","47":"11","7W":"11","5Q":"11","4H":"11","34":"11","43":"11","39":"11","6X":"11","35":"11","48":"11","46":"11","33":"11","5R":"11","4G":"11","4V":"11","49":"11","7X":"11","42":"11","6Q":"11","45":"11","5V":"11","6R":"11","4C":"11","4F":"11"}},"PG":{"2R":{"37":"11","38":"11","32":"11"},"66":{"22":"11"},"87":{"9M":"11","GX":"11","GF":"11","FG":"11","RF":"11","JF":"11","FH":"11","FV":"11","CH":"11","FW":"11","MF":"11","HG":"11","CR":"11","CV":"11","WW":"11","9J":"11","VG":"11","PF":"11","FX":"11","RG":"11","PC":"11","9P":"11","GG":"11","HF":"11","JG":"11","QF":"11","JX":"11","VH":"11","HX":"11","CJ":"11"},"2G":{"2Q":"11","2M":"11","2R":"11","2H":"11","2J":"11","3M":"11","2P":"11","3Q":"11","2G":"11","3P":"11"},"88":{"V2":"11","M2":"11"},"8M":{"5H":"11","C9":"11","99":"11","5G":"11","F6":"11","4H":"11","C6":"11","G5":"11","C8":"11","7F":"11","9C":"11","C7":"11","8C":"11","6F":"11","6G":"11","H5":"11","F5":"11","G6":"11"},"2Q":{"5W":"11","5V":"11"},"65":{"2X":"11","3X":"11","5X":"11","5W":"11","6W":"11","4X":"11"},"55":{"XX":"11"},"FF":{"7Q":"11","7V":"11","7R":"11"},"FM":{"7C":"11","6F":"11","7F":"11","6C":"11"},"J3":{"37":"11","FR":"11","GX":"11","7C":"11","68":"11","HW":"11","6C":"11","FV":"11","GV":"11","38":"11","67":"11","36":"11","FW":"11","47":"11","JW":"11","CR":"11","26":"11","58":"11","GQ":"11","25":"11","GW":"11","39":"11","35":"11","48":"11","28":"11","GR":"11","57":"11","5C":"11","59":"11","46":"11","29":"11","JX":"11","49":"11","HQ":"11","69":"11","HX":"11","45":"11","4C":"11","27":"11","79":"11","56":"11"},"75":{"MX":"11","JX":"11","MW":"11"},"76":{"CQ":"11","CR":"11","F8":"11","F7":"11","H2":"11","J2":"11","H3":"11","CJ":"11","CM":"11","F6":"11","CP":"11"},"35":{"QW":"11","RX":"11","RJ":"11","XJ":"11","MP":"11","PV":"11","QV":"11","RC":"11","HW":"11","W8":"11","RF":"11","WC":"11","WP":"11","QR":"11","R8":"11","Q8":"11","GV":"11","RP":"11","QQ":"11","RR":"11","WQ":"11","QX":"11","PM":"11","QH":"11","JW":"11","WF":"11","WH":"11","PX":"11","QC":"11","XH":"11","W9":"11","RH":"11","VR":"11","GW":"11","VF":"11","VG":"11","XF":"11","WM":"11","V8":"11","QM":"11","MW":"11","XM":"11","WR":"11","RG":"11","PQ":"11","XG":"11","PR":"11","JV":"11","RQ":"11","HV":"11","VQ":"11","MV":"11","QF":"11","QG":"11","JQ":"11","HR":"11","RW":"11","PP":"11","RV":"11","VV":"11","WG":"11","V9":"11","JX":"11","PW":"11","VH":"11","Q9":"11","MX":"11","VJ":"11","QP":"11","HX":"11","R9":"11","WJ":"11","MQ":"11","MR":"11","RM":"11","VP":"11","QJ":"11","JR":"11","VM":"11","VC":"11"},"37":{"W8":"11"},"H3":{"R8":"11","R9":"11","X7":"11","X8":"11","X9":"11","X6":"11","W8":"11","V8":"11","V9":"11","W7":"11","Q9":"11"},"CG":{"V6":"11","X5":"11","Q6":"11","R6":"11","P6":"11"},"68":{"39":"11","3C":"11","49":"11","4C":"11","CC":"11","9C":"11","7C":"11","6C":"11"},"86":{"48":"11","47":"11","JJ":"11","38":"11","MJ":"11"},"36":{"J8":"11","F8":"11","M8":"11","M7":"11","G8":"11","P6":"11","Q5":"11","J7":"11","M5":"11","P2":"11","P3":"11","Q8":"11","H7":"11","Q7":"11","J9":"11","J2":"11","J4":"11","P8":"11","Q2":"11","M6":"11","M4":"11","P5":"11","G5":"11","M2":"11","P9":"11","PC":"11","Q6":"11","H2":"11","J3":"11","Q3":"11","P7":"11","G7":"11","H4":"11","P4":"11","H9":"11","H8":"11","H5":"11","Q9":"11","M9":"11","H3":"11","F7":"11","JC":"11","J6":"11","H6":"11","MC":"11","M3":"11","J5":"11"},"95":{"9P":"11","7P":"11","6P":"11","8P":"11"},"FG":{"25":"11"},"56":{"R3":"11","W2":"11","X2":"11","V2":"11","V3":"11"}},"V6":{"36":{"89":"3"}},"4J":{"9X":{"3J":"11","4J":"11","3H":"11","2J":"11","4H":"11"}},"GF":{"WP":{"P2":"11","C4":"11","Q3":"11","66":"11","R2":"11","Q2":"11","57":"11","47":"11","P3":"11","56":"11","94":"11"},"VP":{"5H":"11","5J":"11","9G":"11","G8":"11","7G":"11","7J":"11","2J":"11","QC":"11","4H":"11","CC":"11","P9":"11","7F":"11","PC":"11","8H":"11","8C":"11","6H":"11","FC":"11","8G":"11","G9":"11","6J":"11","7H":"11","H8":"11","6G":"11","Q9":"11","4J":"11","F9":"11","8F":"11","3J":"11"},"RP":{"8F":"11","HG":"11","WH":"11","7G":"11","6H":"11","5J":"11","XH":"11","8G":"11","7H":"11","3J":"11","9G":"11","5H":"11","6G":"11","3M":"11","JG":"11","4M":"11","4J":"11","WJ":"11"},"WM":{"RX":"11","QX":"11"},"CQ":{"9W":"11","VV":"11","WV":"11","RV":"11","XV":"11","6V":"11","5V":"11","XR":"11"},"FQ":{"HW":"11","9V":"11","7Q":"11","5Q":"11","CR":"11","JW":"11","CV":"11","WW":"11","5R":"11","9R":"11","JX":"11","2R":"11","6Q":"11","HX":"11","6R":"11","WX":"11"},"GQ":{"2W":"11","2X":"11","3W":"11","4W":"11","3X":"11","3V":"11","4V":"11","3R":"11"},"3V":{"R5":"11","V4":"11","V5":"11"},"QP":{"99":"11"},"XM":{"4R":"11","3V":"11","4V":"11"}},"VG":{"CV":{"34":"11"}},"2C":{"MJ":{"VP":"11","RP":"11","RQ":"11","QQ":"11","VM":"11","RR":"11","VQ":"11"},"WF":{"FX":"11","CX":"11"},"RG":{"M5":"11","55":"11","M6":"11","54":"11","F7":"11","J5":"11","H7":"11","J6":"11","C7":"11","45":"11","C6":"11","F6":"11","J7":"11","G7":"11"},"3P":{"CC":"11","23":"11","PF":"11","78":"11","HC":"11","88":"11","JF":"11","GC":"11","RG":"11","77":"11","RF":"11","WG":"11","VG":"11","XH":"11","46":"11","FC":"11","HF":"11","QF":"11","35":"11","57":"11","24":"11","XG":"11","68":"11","89":"11","45":"11","MF":"11","QG":"11","C9":"11","67":"11","56":"11","34":"11","99":"11"},"2P":{"W2":"11","X2":"11","X3":"11"},"4P":{"5G":"11","PF":"11","VF":"11","WF":"11","2G":"11","JF":"11","3G":"11","HG":"11","7G":"11","RF":"11","VC":"11","HF":"11","GF":"11","8G":"11","4G":"11","QF":"11","9G":"11","CG":"11","6G":"11","WC":"11","MF":"11","XC":"11","FG":"11","GG":"11"},"WG":{"5J":"11","M8":"11","WC":"11","96":"11","C2":"11","M6":"11","86":"11","5M":"11","P9":"11","C3":"11","PC":"11","M9":"11","97":"11","F2":"11","MC":"11","VC":"11"},"VG":{"PJ":"11","RP":"11","QP":"11","PM":"11","PP":"11","RQ":"11","MH":"11"},"2M":{"WX":"11","XX":"11","C3":"11","RM":"11","QH":"11","WW":"11","R8":"11","R9":"11","RC":"11","RG":"11","VQ":"11","RP":"11","RF":"11","C2":"11","VV":"11","G2":"11","VW":"11","RJ":"11","QF":"11","F3":"11","VR":"11","RQ":"11","G3":"11","WV":"11","QC":"11","QG":"11","RH":"11","F2":"11"},"9P":{"H7":"11","H6":"11"},"QF":{"6H":"11","6G":"11","9C":"11"},"GM":{"5G":"11","5J":"11","5H":"11","6J":"11","5F":"11","CQ":"11","6M":"11","4F":"11","CR":"11","4G":"11","FR":"11"},"5P":{"C8":"11","5C":"11","4C":"11","59":"11","88":"11","F7":"11","G6":"11","69":"11","C7":"11","89":"11","G5":"11","2C":"11","F6":"11","79":"11","G7":"11","98":"11","3C":"11","6C":"11"},"QG":{"X7":"11","RC":"11","R8":"11","HM":"11","X6":"11","QC":"11","HJ":"11","GM":"11","5P":"11","PF":"11","JM":"11","JJ":"11","MG":"11","FP":"11","QF":"11","JH":"11","PG":"11","4P":"11","R9":"11","GP":"11","MJ":"11","W7":"11","MH":"11"},"2J":{"8W":"11","8R":"11","8M":"11","8Q":"11","9W":"11","8P":"11","9X":"11","8V":"11","9V":"11","CX":"11"}},"HF":{"MJ":{"38":"11","48":"11","66":"11","64":"11","65":"11","55":"11","73":"11","29":"11","92":"11","82":"11","75":"11","74":"11","57":"11","47":"11","39":"11","2C":"11","56":"11","83":"11"},"PF":{"RW":"11","VQ":"11","VV":"11","WP":"11","XJ":"11","QX":"11","RX":"11","WQ":"11","QW":"11","WM":"11","VR":"11","XP":"11","XM":"11","RV":"11","RR":"11"},"R8":{"Q9":"11","V8":"11","QF":"11","V7":"11","QC":"11","W7":"11","RC":"11","R8":"11","R9":"11"},"R9":{"2W":"11","2R":"11","2V":"11","3R":"11"},"PG":{"4X":"11","8M":"11","6V":"11","9G":"11","7P":"11","3X":"11","GC":"11","G8":"11","J7":"11","P2":"11","M5":"11","6P":"11","5W":"11","8P":"11","P3":"11","FF":"11","H7":"11","7Q":"11","CH":"11","9J":"11","4W":"11","7M":"11","Q2":"11","M4":"11","8J":"11","5R":"11","FC":"11","G9":"11","9H":"11","P4":"11","4V":"11","H8":"11","CF":"11","F9":"11","6Q":"11","5V":"11","6R":"11","J6":"11","H6":"11","CG":"11","M3":"11","J5":"11"},"PH":{"33":"11","24":"11","22":"11","32":"11","23":"11"},"6J":{"MX":"11","4R":"11"},"JJ":{"RJ":"11","MP":"11","GV":"11","FW":"11","PM":"11","WF":"11","RH":"11","9X":"11","GW":"11","CX":"11","VG":"11","XF":"11","QM":"11","FX":"11","CW":"11","HV":"11","JQ":"11","HR":"11","PP":"11","WG":"11","VH":"11","MQ":"11","QJ":"11","JR":"11","XC":"11"},"5J":{"XW":"11","XV":"11","WW":"11"},"7M":{"37":"11","36":"11","27":"11","26":"11"},"FM":{"48":"11","WH":"11","VJ":"11","XJ":"11","XH":"11","49":"11","39":"11","WJ":"11"},"JM":{"64":"11","55":"11","73":"11","27":"11","92":"11","28":"11","46":"11","82":"11","54":"11","74":"11","26":"11","63":"11","37":"11","45":"11","36":"11","83":"11"},"QF":{"68":"11","66":"11","83":"11","75":"11","2J":"11","67":"11","82":"11","2H":"11","58":"11","74":"11","57":"11","65":"11","5C":"11","59":"11","2G":"11","76":"11","3G":"11","92":"11","3C":"11","49":"11","4C":"11","84":"11","3H":"11","4F":"11","3F":"11"},"Q9":{"XW":"11","XX":"11","XV":"11","WX":"11"},"GM":{"QW":"11","VW":"11","QV":"11","PV":"11","C9":"11","6C":"11","2H":"11","WW":"11","C8":"11","7F":"11","2G":"11","6F":"11","XW":"11","MV":"11","XX":"11","RW":"11","PW":"11","VX":"11","WX":"11","MR":"11","4F":"11"},"MH":{"FR":"11","MM":"11","RC":"11","X4":"11","R8":"11","FV":"11","GV":"11","HM":"11","FW":"11","X6":"11","W6":"11","PH":"11","CV":"11","QC":"11","9X":"11","GQ":"11","CX":"11","HP":"11","V8":"11","GR":"11","PF":"11","CW":"11","JM":"11","W5":"11","JJ":"11","MG":"11","JP":"11","QF":"11","X5":"11","QG":"11","9W":"11","PG":"11","V9":"11","HQ":"11","R9":"11","V7":"11","MJ":"11","W7":"11","MH":"11"},"QC":{"HJ":"11","V3":"11","CR":"11","W2":"11","MF":"11","GQ":"11","P8":"11","CW":"11","Q6":"11","R7":"11","FR":"11","Q8":"11","HH":"11","HP":"11","HM":"11","JG":"11","MG":"11","PC":"11","X2":"11","P9":"11","Q9":"11","9W":"11","GM":"11","R5":"11","V5":"11","JF":"11","9X":"11","JH":"11","Q7":"11","V4":"11","M9":"11","FV":"11","CV":"11","FQ":"11","JJ":"11","MC":"11","W3":"11","CX":"11","R6":"11","GP":"11"},"CM":{"Q7":"11","P7":"11"},"HM":{"X8":"11","HJ":"11","MH":"11","CQ":"11","8R":"11","5W":"11","QF":"11","PF":"11","6W":"11","HH":"11","2X":"11","5V":"11","7R":"11","HM":"11","JG":"11","V9":"11","MG":"11","3X":"11","FM":"11","7V":"11","6V":"11","FP":"11","W9":"11","4V":"11","9R":"11","GM":"11","4W":"11","PG":"11","3W":"11","JH":"11","RC":"11","VC":"11","CP":"11","V8":"11","QC":"11","W8":"11","X7":"11","R9":"11","8Q":"11","FQ":"11","9Q":"11","JJ":"11","8V":"11","GJ":"11","2W":"11","GP":"11"},"6M":{"V6":"11","V8":"11","V7":"11","X7":"11","W7":"11","R6":"11","R7":"11","X6":"11","W8":"11","W6":"11"}},"GR":{"X7":{"6X":"11","3J":"11","4J":"11","4P":"11","4W":"11","4M":"11","5M":"11","5X":"11","5P":"11","5W":"11","6W":"11","4Q":"11","4X":"11","5V":"11"},"X8":{"63":"11","64":"11","44":"11","42":"11","54":"11","62":"11","52":"11","43":"11","53":"11"}},"W6":{"3P":{"3C":"11"}},"JM":{"MQ":{"CV":"11","FV":"11"},"HM":{"2C":"11","29":"11"}},"PJ":{"CQ":{"43":"11"}},"W8":{"CV":{"H8":"11","JC":"11","J9":"11","H9":"11"}},"MX":{"J2":{"JR":"11","MQ":"11","MP":"11"}},"PX":{"GP":{"GG":"11","GF":"11","FF":"11","FG":"11"}},"X6":{"RV":{"54":"11","55":"11","75":"11","65":"11","53":"11"},"RR":{"5G":"11","5J":"11","5H":"11","6H":"11","6G":"11","5M":"11"}},"4C":{"5W":{"96":"11","C7":"11","C8":"11","F8":"11","97":"11"}},"3C":{"PR":{"4C":"11"},"HR":{"85":"11","G3":"11","93":"11","44":"11","62":"11","64":"11","P3":"11","92":"11","W6":"11","42":"11","25":"11","32":"11","F4":"11","73":"11","56":"11","36":"11","V6":"11","83":"11","55":"11","82":"11","M3":"11","J2":"11","M2":"11","F3":"11","C2":"11","33":"11","75":"11","H3":"11","35":"11","F2":"11","J3":"11","54":"11","G2":"11","R5":"11","V5":"11","C4":"11","43":"11","95":"11","H2":"11","52":"11","66":"11","63":"11","J4":"11","65":"11","R4":"11","X6":"11","M4":"11","94":"11","45":"11","34":"11","X7":"11","24":"11","72":"11","26":"11","53":"11","C3":"11","C5":"11","W5":"11","74":"11","84":"11","P4":"11"},"JR":{"CF":"11","HG":"11","36":"11","46":"11","CC":"11","56":"11","GG":"11","FC":"11","GF":"11","FF":"11","FG":"11","26":"11"},"HQ":{"2W":"11","3W":"11","HX":"11","JX":"11","7X":"11","5W":"11","3X":"11","4W":"11","2V":"11","GX":"11","9X":"11","6X":"11","3V":"11","8X":"11","CX":"11","FX":"11","5X":"11","4X":"11"},"GR":{"X5":"11","W2":"11","X2":"11","W3":"11","V2":"11","X4":"11","W5":"11","X3":"11","R2":"11","V3":"11"},"5H":{"C8":"11","64":"11","97":"11","75":"11","74":"11","96":"11","63":"11","52":"11","86":"11","85":"11","95":"11","98":"11","53":"11"},"GQ":{"XW":"11","RW":"11","WX":"11","XX":"11","WW":"11","QQ":"11","VQ":"11","RP":"11","XR":"11","VV":"11","RX":"11","QP":"11","VW":"11","QM":"11","XV":"11","VR":"11","RQ":"11","RV":"11","WV":"11","RR":"11","VX":"11","WR":"11"},"WV":{"93":"11","84":"11","83":"11","94":"11"},"RR":{"7R":"11","5Q":"11","5V":"11","9Q":"11","4R":"11","6R":"11","4V":"11","7Q":"11","9P":"11","6Q":"11","8Q":"11","7P":"11","5R":"11","8P":"11","5P":"11","5M":"11","6M":"11","6P":"11"}},"Q5":{"WP":{"VW":"11","VV":"11","VR":"11","RQ":"11","WR":"11","XQ":"11","WV":"11","RV":"11","XV":"11","WQ":"11","RR":"11","RW":"11","VQ":"11","XR":"11"},"QR":{"JW":"11"},"XP":{"2R":"11","CR":"11","CQ":"11","GX":"11","8R":"11","GQ":"11","7Q":"11","FW":"11","CW":"11","2P":"11","FR":"11","HP":"11","HW":"11","7R":"11","8W":"11","7P":"11","4P":"11","6P":"11","4Q":"11","7V":"11","GV":"11","4M":"11","JQ":"11","HQ":"11","MM":"11","4R":"11","9P":"11","2Q":"11","8M":"11","9W":"11","3R":"11","9R":"11","3M":"11","GW":"11","9X":"11","GR":"11","6R":"11","FX":"11","7M":"11","JP":"11","2V":"11","MP":"11","3P":"11","7W":"11","FV":"11","CV":"11","8Q":"11","FQ":"11","9Q":"11","6Q":"11","9V":"11","8V":"11","HR":"11","CX":"11","8P":"11","HV":"11","3Q":"11"}},"MP":{"6C":{"37":"11","36":"11"}},"QX":{"XJ":{"R2":"11"},"WH":{"C4":"11"},"XH":{"XW":"11","RX":"11","XX":"11","QX":"11","WW":"11","WX":"11"}},"QQ":{"44":{"HP":"11"}},"FG":{"J9":{"93":"11"}},"4P":{"RF":{"5R":"11","5Q":"11"}},"J9":{"XX":{"9P":"11","J8":"11","9R":"11","9Q":"11","8R":"11","8Q":"11","M8":"11","8P":"11"}},"P6":{"JR":{"WJ":"11","WM":"11","FM":"11","HC":"11","CQ":"11","VH":"11","FJ":"11","9R":"11","9Q":"11","VJ":"11","WG":"11","GF":"11","8R":"11","VM":"11","VF":"11","GC":"11","VG":"11","H9":"11","CP":"11"},"JV":{"54":"11","43":"11","25":"11","24":"11","44":"11","34":"11","53":"11"},"HV":{"X5":"11","X4":"11","W5":"11"}},"4V":{"X8":{"G2":"11"}},"WH":{"X6":{"CX":"11","CW":"11"}},"5F":{"Q9":{"72":"11","92":"11","62":"11","82":"11"},"J8":{"5G":"3","5J":"3","5H":"3","6J":"3","6H":"3","5F":"3","7J":"3"},"V8":{"5Q":"11","8W":"11","6V":"11","5V":"11","6R":"11","2M":"11","7W":"11","3J":"11","7V":"11","5R":"11","3M":"11","2J":"11"},"Q8":{"FR":"11","FV":"11","GV":"11","FW":"11","CV":"11","9X":"11","GQ":"11","GW":"11","CX":"11","6X":"11","GR":"11","FX":"11","CW":"11","8X":"11","HV":"11","9W":"11","JQ":"11","HR":"11","HQ":"11","7X":"11","8W":"11","JR":"11"},"M9":{"9C":"11","MF":"11","P8":"11","4G":"11","Q6":"11","7C":"11","5C":"11","R7":"11","W6":"11","M8":"11","PF":"11","5G":"11","CF":"11","Q8":"11","V9":"11","V6":"11","PC":"11","G8":"11","HC":"11","3F":"11","P9":"11","89":"11","8C":"11","R8":"11","Q9":"11","4F":"11","HF":"11","6G":"11","6C":"11","R5":"11","V5":"11","JF":"11","F9":"11","P7":"11","M7":"11","Q7":"11","V4":"11","RC":"11","W7":"11","P6":"11","V8":"11","M9":"11","QC":"11","9F":"11","CC":"11","F8":"11","5F":"11","V7":"11","J7":"11","W8":"11","R9":"11","6F":"11","GC":"11","W4":"11","FF":"11","C9":"11","JC":"11","99":"11","H8":"11","GF":"11","H9":"11","W5":"11","J9":"11","MC":"11","W3":"11","R6":"11","FC":"11","J8":"11","4C":"11","G9":"11"},"25":{"VX":"11","VW":"11","JX":"11","MV":"11","PV":"11","WX":"11"},"45":{"2P":"11"},"R8":{"RM":"11","8W":"11","6V":"11","QJ":"11","FQ":"11","VJ":"11","XJ":"11","CV":"11","GR":"11","RJ":"11","GP":"11","FR":"11","CR":"11","FV":"11","7W":"11","WM":"11","7V":"11","9W":"11","GQ":"11","8V":"11","9V":"11","RH":"11","VM":"11","WJ":"11"},"26":{"85":"11","J2":"11","36":"11","86":"11","46":"11","66":"11","56":"11","H2":"11","76":"11","75":"11"}}}}