{"index":{"university,1|retail,2|tourism,3|wreck,4|historical,5|artsCulture,6|namedBuilding,7|water,8|wetland,9|park,10|beach,11|natureReserve,12|cemetery,13|trail,14":{}},"59":{"V4":{"M5":{"PC":"11"},"V8":{"R5":"11","X7":"11","Q4":"11","V6":"11","X6":"11","W6":"11","V5":"11","W5":"11","R4":"11"},"Q6":{"5G":"11","8J":"11","8M":"11","6H":"11","9M":"11","7H":"11","5H":"11","6G":"11","7J":"11","CM":"11","CP":"11"},"G3":{"F4":"11","M7":"11","WC":"11","R8":"11","Q8":"11","Q7":"11","93":"11","82":"11","P8":"11","W9":"11","F3":"11","M6":"11","XF":"11","G5":"11","C3":"11","G4":"11","P7":"11","92":"11","V9":"11","H5":"11","Q9":"11","R9":"11","J6":"11","XC":"11","J5":"11","VC":"11"},"H4":{"R3":"11","V4":"11","P2":"11","P3":"11","V5":"11","X6":"11","W5":"11","R4":"11","Q3":"11","M2":"11","W6":"11","W4":"11"},"J4":{"8F":"11","38":"11","48":"11","9F":"11","59":"11","QQ":"11","HJ":"11","GJ":"11","VV":"11","7C":"11","FH":"11","27":"11","PQ":"11","QP":"11","49":"11","PP":"11","JM":"11","26":"11","MM":"11","XV":"11","VR":"11","RQ":"11","7F":"11","37":"11","9G":"11","CG":"11","69":"11","GH":"11","WV":"11","RR":"11","HM":"11","CH":"11","MP":"11","WR":"11","6C":"11"},"F2":{"VP":"11","RP":"11","RM":"11","XQ":"11","QM":"11","WQ":"11","VQ":"11","XR":"11"},"H3":{"FR":"11","5H":"11","5J":"11","7P":"11","HW":"11","8P":"11","FV":"11","GV":"11","JW":"11","CR":"11","4H":"11","6M":"11","7M":"11","8Q":"11","GR":"11","5M":"11","2G":"11","CQ":"11","9Q":"11","HV":"11","9P":"11","3G":"11","4G":"11","JX":"11","MX":"11","2F":"11","3F":"11"},"G2":{"6X":"11","7W":"11","2Q":"11","2R":"11","7X":"11","8X":"11","5W":"11","3V":"11","4V":"11","6W":"11","5V":"11","3R":"11"},"W8":{"27":"11","26":"11"}},"FG":{"FM":{"JP":"11","PV":"11","VP":"11","JQ":"11","JR":"11","HQ":"11","VJ":"11","JW":"11","JX":"11","HP":"11","MR":"11","MW":"11","RQ":"11","MV":"11","JV":"11","VM":"11","WJ":"11"},"GM":{"3C":"11","49":"11","4C":"11"}},"X4":{"2W":{"2W":"11","2X":"11","3W":"11","3X":"11","2V":"11","4X":"11"},"2X":{"J8":"11","F8":"11","G8":"11","J7":"11","WC":"11","96":"11","54":"11","H7":"11","32":"11","75":"11","52":"11","W9":"11","43":"11","74":"11","86":"11","C6":"11","C8":"11","65":"11","C7":"11","64":"11","X9":"11","G7":"11","H8":"11","63":"11","42":"11","85":"11","F7":"11","97":"11","84":"11","53":"11","95":"11","62":"11","XC":"11"},"4W":{"QX":"11"},"3X":{"QW":"11","RX":"11","8M":"11","5H":"11","9M":"11","7J":"11","CM":"11","5G":"11","QX":"11","PX":"11","CP":"11","GQ":"11","2C":"11","GR":"11","MW":"11","8J":"11","6H":"11","JV":"11","9P":"11","FP":"11","MV":"11","3G":"11","6J":"11","4G":"11","FQ":"11","HR":"11","HQ":"11","PW":"11","JR":"11","2F":"11","3F":"11"}},"P3":{"83":{"M8":"11","H8":"11","G8":"11","7C":"11","F8":"11","F9":"11","89":"11","C9":"11","J8":"11","8C":"11","99":"11"},"J2":{"5H":"11","9G":"11","GF":"11","7G":"11","FG":"11","RC":"11","WC":"11","JF":"11","FF":"11","5G":"11","MF":"11","4H":"11","2H":"11","QC":"11","PF":"11","PC":"11","HF":"11","QF":"11","8G":"11","CF":"11","6G":"11","3H":"11","CG":"11","XC":"11","VC":"11"},"G3":{"33":"11","42":"11","72":"11","62":"11","52":"11","32":"11","23":"11","82":"11"},"P2":{"V4":"11","H4":"11","C5":"11","P4":"11","Q4":"11","M5":"11","F5":"11","27":"11","M4":"11","75":"11","W4":"11","26":"11","J5":"11","G5":"11","H5":"11","36":"11","85":"11","95":"11","X4":"11","R4":"11","J4":"11"},"C3":{"V4":"11","Q4":"11","M4":"11","J4":"11","X4":"11","R4":"11","P4":"11","W4":"11"},"W2":{"63":"11","73":"11","42":"11","43":"11","53":"11"},"V2":{"R3":"11","P3":"11","Q3":"11","V3":"11"},"Q2":{"93":"11","34":"11","84":"11","83":"11","64":"11","44":"11","94":"11","C2":"11","24":"11","C3":"11","54":"11","74":"11"},"H2":{"2R":"11","PJ":"11","5Q":"11","QJ":"11","FP":"11","9Q":"11","WH":"11","VJ":"11","4R":"11","XJ":"11","6R":"11","HP":"11","3R":"11","XH":"11","RJ":"11","PM":"11","GP":"11","7Q":"11","9P":"11","QM":"11","6Q":"11","JM":"11","MM":"11","8Q":"11","2V":"11","5R":"11","HM":"11","CP":"11","WJ":"11"},"F3":{"V3":"11","C4":"11","Q3":"11","H4":"11","P4":"11","64":"11","Q4":"11","65":"11","W3":"11","M4":"11","54":"11","74":"11","G4":"11","24":"11","R3":"11","X3":"11","P3":"11","44":"11","84":"11","34":"11","F4":"11","J4":"11","94":"11"},"G2":{"RW":"11","HX":"11","PW":"11","VV":"11","GW":"11","JW":"11","FW":"11","JX":"11","MW":"11","QW":"11","XV":"11","GX":"11","9X":"11","8X":"11","RV":"11","WV":"11"},"M2":{"J8":"11","F8":"11","M8":"11","X7":"11","G8":"11","Q7":"11","99":"11","X6":"11","P8":"11","39":"11","2C":"11","C8":"11","59":"11","89":"11","P7":"11","3C":"11","H8":"11","49":"11","98":"11","69":"11","R7":"11","V7":"11","79":"11","W7":"11"}},"W2":{"CP":{"9V":"11"}},"J2":{"5Q":{"R5":"11","R3":"11","V4":"11","P2":"11","X7":"11","Q4":"11","P3":"11","V5":"11","R4":"11","Q3":"11","M2":"11"},"HR":{"C3":"11","64":"11","55":"11","G2":"11","93":"11","54":"11","74":"11","F3":"11","H2":"11","35":"11","J2":"11","25":"11","45":"11","44":"11","84":"11","F2":"11","34":"11","83":"11"},"QQ":{"FP":"11|3","4P":"11","GP":"3","2M":"3|11","9P":"11","6Q":"3","7P":"11|3","8P":"11","5P":"3|11","3M":"11","CP":"11","6P":"3|11","4M":"11"},"2Q":{"JR":"11","MV":"11","MR":"11"},"VQ":{"6X":"11","9X":"3|11","7W":"11","2R":"11","CX":"3","7X":"11","8X":"11","5W":"11","3V":"11","4V":"11","6W":"11","5V":"11","3R":"11"},"HQ":{"MX":"11","JX":"11","PX":"11","PW":"11"},"XR":{"5G":"11","PG":"11","2G":"11","PH":"11","3G":"11","MG":"11","6H":"11","FH":"11","8H":"11","9H":"11","4G":"11","7H":"11","CG":"11","5H":"11","GH":"11","6G":"11","JG":"11","HH":"11","FG":"11","CH":"11","GG":"11"},"MQ":{"MJ":"11","PJ":"11","QH":"11","8J":"11|3","PH":"11","WH":"11","JJ":"11","HJ":"11","GJ":"11","JH":"11","XH":"11","7M":"3","CJ":"11","VH":"11|3","MH":"11","7J":"3","5M":"3","6M":"3","RH":"11|3","9J":"11","FJ":"11"},"PQ":{"MJ":"11","PJ":"11","QJ":"11","JJ":"11","6H":"11","VJ":"3","HJ":"11","GJ":"11|3","FH":"3","RJ":"11|3","8H":"11","9H":"11","WM":"3","3H":"11","7H":"11","CJ":"11|3","5H":"11","XM":"3","2H":"11","4H":"11","CH":"11|3","VM":"3","FJ":"3"},"GR":{"F4":"11","44":"11","R4":"11","Q5":"11","V5":"11","M5":"11","54":"11","75":"11","Q4":"11","J4":"11","34":"11","25":"11","C5":"11","74":"11","35":"11","M4":"11","P5":"11","G5":"11","65":"11","R5":"11","G4":"11","64":"11","W5":"11","X5":"11","H4":"11","P4":"11","55":"11","H5":"11","C4":"11","85":"11","24":"11","45":"11","F5":"11","84":"11","94":"11","95":"11","J5":"11"},"FR":{"R5":"11","C5":"11","M5":"11","65":"11","55":"11","F5":"11","Q5":"11","75":"11","26":"11","J5":"11","35":"11","25":"11","V5":"11","45":"11","G5":"11","P5":"11","H5":"11","36":"11","85":"11","95":"11","W5":"11","X5":"11"},"CR":{"X6":"11"},"6Q":{"5C":"11","6F":"11","38":"11","4C":"11","8J":"11","5F":"11","FQ":"11","8M":"11","7G":"11","6H":"11","27":"11","GR":"11","CQ":"11","49":"11","HV":"11","28":"11","FR":"11","9P":"11","9M":"11","7H":"11","GV":"11","6G":"11","39":"11","7J":"11","CP":"11"},"3J":{"RC":"11","VP":"11","RG":"11","XQ":"11","VQ":"11","VJ":"11","RF":"11","XR":"11","WP":"11","WQ":"11","RJ":"11","Q9":"11","VH":"11","QC":"11","RH":"11","VM":"11","WR":"11"},"VR":{"M7":"11","M8":"11","J7":"11|3","C2":"3","P8":"11","W9":"11","F3":"3","G5":"3","P9":"11","G4":"3","G3":"3","X9":"11","92":"3","V9":"11","H5":"3","Q9":"11","R9":"11","F2":"3","J6":"3","H6":"3"},"RQ":{"JP":"3","FP":"3","QQ":"3","VQ":"3","XR":"11","PQ":"3","HP":"3","WQ":"11|3","GP":"3","PP":"3","RQ":"3","MP":"3","WR":"11"},"5P":{"MX":"11","GW":"11","JW":"11","JX":"11","GR":"11","HV":"11","FR":"11","FV":"11","GV":"11","HW":"11"},"WR":{"CC":"11","5C":"11","QH":"11","4C":"11","PG":"11","PH":"11","HC":"11","JF":"11","GC":"11","MG":"11","WG":"11","VG":"11","29":"11","RJ":"11","HF":"11","FC":"11","69":"11","XG":"11","89":"11","VH":"11","MF":"11","39":"11","C9":"11","2C":"11","RH":"11","79":"11","99":"11","3C":"11","6C":"11"}},"Q2":{"6W":{"PV":"11","HW":"11","QR":"11","FV":"11","GV":"11","RR":"11","FW":"11","JW":"11","CV":"11","GW":"11","CX":"11","FX":"11","CW":"11","PR":"11","JV":"11","HV":"11","MV":"11"},"MX":{"3W":"11","4W":"11","3X":"11","4X":"11"},"HX":{"WP":"11","WM":"11","JJ":"11","RM":"11","PM":"11","QM":"11","VM":"11","HJ":"11","XP":"11","MM":"11","MJ":"11"},"JX":{"QW":"11","FR":"11","2P":"11","PV":"11","7Q":"11","3P":"11","5Q":"11","CR":"11","WW":"11","8Q":"11","GR":"11","PC":"11","4Q":"11","9Q":"11","JV":"11","9R":"11","XX":"11","HR":"11","PW":"11","6Q":"11","4P":"11","WX":"11","JR":"11"},"2X":{"VV":"11","VR":"11","CX":"11","WR":"11","WV":"11","RV":"11","XR":"11"},"3X":{"2R":"11","5Q":"11","8M":"11","GJ":"11","9M":"11","7P":"11","8P":"11","4Q":"11","6P":"11"},"7W":{"4P":"11"},"GX":{"99":"11","88":"11","78":"11","89":"11","C9":"11"},"9W":{"JQ":"11"},"6X":{"93":"11","85":"11","84":"11","5C":"11","39":"11","3C":"11","94":"11","C2":"11","C3":"11","87":"11","8C":"11","86":"11","77":"11","4C":"11","2C":"11","7C":"11","76":"11","29":"11","F2":"11","6C":"11"},"CX":{"V4":"11","C2":"11","Q4":"11"},"FX":{"C7":"11"},"5X":{"VF":"11","W9":"11","RG":"11","RF":"11","VC":"11","VG":"11","X9":"11","V9":"11","WC":"11","XC":"11","QG":"11"},"4X":{"7G":"11"}},"W3":{"8W":{"RF":"11","RC":"11","V9":"11","VC":"11","VF":"11","R9":"11"}},"M2":{"MX":{"FH":"11","GH":"11","9P":"11","8V":"11","2Q":"11","MG":"11","9M":"11","RG":"11","CM":"11","GJ":"11","4R":"11","FJ":"11","9R":"11","9Q":"11","6R":"11","WG":"11","7V":"11","7R":"11","QG":"11","HH":"11","8R":"11","JH":"11","6V":"11","4V":"11","3Q":"11","PG":"11","CJ":"11","XG":"11","VG":"11","CP":"11","JG":"11","5V":"11","3R":"11"},"6V":{"H5":"11"},"5V":{"F4":"11","44":"11","X4":"11","P3":"11","54":"11","93":"11","J4":"11","34":"11","X3":"11","43":"11","F3":"11","74":"11","W3":"11","33":"11","C3":"11","G4":"11","64":"11","J3":"11","G3":"11","Q3":"11","R3":"11","H4":"11","H3":"11","C4":"11","24":"11","84":"11","94":"11","V3":"11","M3":"11"},"HX":{"P2":"11","V3":"11","V4":"11","W3":"11","R2":"11","W4":"11","Q2":"11","R3":"11","W5":"11","X4":"11","X5":"11"},"QX":{"6W":"11","5Q":"11","8W":"11","6V":"11","5V":"11","2Q":"11","4R":"11","3Q":"11","7W":"11","5R":"11","9X":"11","8X":"11","4Q":"11"},"GW":{"8M":"3","5J":"3","9M":"3","7J":"3","CM":"3","QQ":"3","2J":"3","RR":"3","2H":"3","CP":"3","6M":"3","7M":"3","GQ":"3","VR":"3","8J":"3","PQ":"3","RQ":"3","FP":"3","6J":"3","JQ":"3","HQ":"3","4J":"3","3J":"3","GP":"3","MQ":"3"},"JX":{"9G":"11","78":"11","68":"11","WP":"11","QQ":"11","67":"11","36":"11","CH":"11","25":"11","FM":"11","XP":"11","35":"11","XQ":"11","57":"11","46":"11","9C":"11","PQ":"11","9F":"11","8C":"11","RQ":"11","FP":"11","VQ":"11","89":"11","FQ":"11","HR":"11","FJ":"11","CJ":"11","MQ":"11","MR":"11","79":"11","CG":"11","VP":"11","JR":"11","56":"11"},"FW":{"37":"11","78":"11","GC":"11","68":"11","JF":"3","C9":"11","99":"11","38":"11","MF":"3","WH":"3","XH":"3","58":"11","VG":"3","48":"11","PF":"3","RG":"3","88":"11","89":"11","FC":"11","HC":"11","QG":"3","PG":"3","VH":"3","F9":"11","JC":"11|3","27":"11","79":"11"},"4V":{"R5":"11","C8":"11","V4":"11","6F":"11","5G":"11","P4":"11","H6":"11","Q4":"11","M5":"11","3P":"11","7C":"11","4P":"11","5J":"11","M4":"11","3Q":"11","W4":"11","F7":"11","J5":"11","G6":"11","7F":"11","V5":"11","C7":"11","89":"11","5H":"11","6G":"11","P5":"11","H5":"11","5M":"11","W5":"11","F6":"11","8C":"11","99":"11","98":"11","4M":"11","4J":"11","X4":"11","X5":"11","R4":"11","J4":"11"},"CW":{"M7":"11","X7":"11","J7":"11","66":"11","96":"11","H7":"11","Q7":"11","36":"11","26":"11","25":"11","86":"11","C6":"11","46":"11","C7":"11","Q6":"11","76":"11","P7":"11","G7":"11","R7":"11","F7":"11","V7":"11","W7":"11","56":"11"},"7V":{"8F":"11","9F":"11","HJ":"11","GJ":"11","FH":"11","CF":"11","CG":"11","GH":"11","FG":"11"},"5R":{"HV":"11"},"9W":{"V4":"11","H4":"11","P4":"11","Q4":"11","M4":"11","W4":"11","G5":"11","H5":"11","W5":"11","R4":"11","J4":"11","X5":"11"},"PX":{"5G":"11","2G":"11","3G":"11","XQ":"11","7G":"11","6H":"11","8H":"11","9H":"11","4G":"11","7H":"11","XP":"11","6G":"11"},"HW":{"MX":"11","9Q":"11","2Q":"11","GW":"11","JW":"11","JX":"11","CQ":"11","HV":"11","FR":"11","7Q":"11","CR":"11","FV":"11","6Q":"11","8Q":"11","7P":"11","GV":"11","PX":"11","HW":"11","6P":"11"}},"H2":{"57":{"P2":"11","62":"11","42":"11","M2":"11","32":"11","V2":"11","C2":"11","G2":"11","92":"11","R2":"11","82":"11","X2":"11","H2":"11","Q2":"11","52":"11","72":"11","J2":"11","22":"11","F2":"11","W2":"11"},"C7":{"7C":"11","RC":"11","WC":"11","C9":"11","6C":"11","99":"11","J9":"11","QC":"11","W9":"11","2C":"11","28":"11","5C":"11","P9":"11","9C":"11","8C":"11","89":"11","X9":"11","G9":"11","3C":"11","H9":"11","V9":"11","Q9":"11","69":"11","F9":"11","M9":"11","R9":"11","4C":"11","79":"11","2F":"11","XC":"11","4F":"11","VC":"11","3F":"11"},"J8":{"C8":"11","G9":"11","PF":"11","J9":"11","66":"11","87":"11","HC":"11","JC":"11","WH":"11","RG":"11","77":"11","RF":"11","G8":"11","97":"11","XJ":"11","WG":"11","VG":"11","XH":"11","46":"11","F8":"11","QF":"11","76":"11","35":"11","F9":"11","25":"11","24":"11","H9":"11","45":"11","VH":"11","MF":"11","QG":"11","56":"11","PC":"11","98":"11","MC":"11"},"37":{"F4":"11","V4":"11","R4":"11","X4":"11","75":"11","36":"11","Q4":"11","J4":"11","26":"11","25":"11","74":"11","35":"11","M4":"11","65":"11","G4":"11","64":"11","W4":"11","H4":"11","P4":"11","55":"11","C4":"11","45":"11","84":"11","27":"11","94":"11"},"H8":{"X5":"11","R3":"11","J2":"11","V4":"11","P2":"11","P3":"11","H2":"11","X4":"11","R4":"11","Q3":"11","M2":"11","W4":"11"},"47":{"44":"11","P2":"11","83":"11","54":"11","W2":"11","93":"11","J2":"11","34":"11","43":"11","Q2":"11","F3":"11","73":"11","M2":"11","33":"11","C3":"11","V2":"11","R2":"11","J3":"11","H2":"11","G3":"11","63":"11","H3":"11","24":"11","X2":"11","53":"11","M3":"11"},"H7":{"9W":"11","8W":"11","HX":"11","JX":"11","8V":"11","FX":"11","7W":"11","FW":"11","2Q":"11","2R":"11","CX":"11","CW":"11","5R":"11","4R":"11","7V":"11","GX":"11","6V":"11","4V":"11","3R":"11","5V":"11"},"87":{"F4":"11","Q5":"11","V5":"11","83":"11","X6":"11","Q4":"11","J4":"11","43":"11","74":"11","73":"11","23":"11","M4":"11","P5":"11","R5":"11","33":"11","G4":"11","W5":"11","X5":"11","H4":"11","P4":"11","63":"11","C4":"11","84":"11","53":"11","94":"11"},"F7":{"GC":"11","7C":"11","RF":"11","JF":"11","C9":"11","6C":"11","99":"11","MF":"11","WF":"11","QC":"11","CC":"11","39":"11","2C":"11","VF":"11","VG":"11","XF":"11","PF":"11","5C":"11","7F":"11","9C":"11","PC":"11","XG":"11","8C":"11","HF":"11","89":"11","FC":"11","QF":"11","G9":"11","29":"11","HC":"11","3C":"11","WG":"11","49":"11","F9":"11","69":"11","8F":"11","JC":"11","4C":"11","MC":"11","79":"11"},"77":{"V3":"11","23":"11","C3":"11","Q3":"11","33":"11","73":"11","W3":"11","93":"11","J3":"11","43":"11","63":"11","F3":"11","M3":"11","H3":"11","R3":"11","X3":"11","G3":"11","P3":"11","22":"11","83":"11","53":"11"},"56":{"6X":"11","9X":"11","FX":"11","CX":"11","7X":"11","8X":"11","5X":"11"},"27":{"M7":"11","X7":"11","78":"11","P6":"11","68":"11","J7":"11","H7":"11","Q7":"11","38":"11","X6":"11","W6":"11","77":"11","58":"11","87":"11","39":"11","M6":"11","48":"11","28":"11","R6":"11","C7":"11","88":"11","Q6":"11","P7":"11","G7":"11","29":"11","98":"11","R7":"11","V6":"11","F7":"11","97":"11","V7":"11","W7":"11"},"97":{"X8":"11","97":"11","X9":"11","C7":"11","25":"11","87":"11","56":"11","36":"11","PC":"11","G8":"11","35":"11","67":"11","P9":"11","W9":"11","98":"11","RC":"11","VC":"11","66":"11","M9":"11","QC":"11","C8":"11","XF":"11","F8":"11","26":"11","XC":"11","H8":"11","H9":"11","WC":"11","46":"11","J9":"11","MC":"11","76":"11","77":"11","G9":"11"},"M8":{"9Q":"11","FQ":"11","GR":"11","CQ":"11","FR":"11","9P":"11","3J":"11","7P":"11","8P":"11","3M":"11","5M":"11","6M":"11","2H":"11","6P":"11","4M":"11","2J":"11","4J":"11"},"67":{"P2":"11","32":"11","W2":"11","J2":"11","52":"11","C2":"11","82":"11","X3":"11","22":"11","Q2":"11","W3":"11","M2":"11","V2":"11","H2":"11","R2":"11","Q3":"11","92":"11","R3":"11","42":"11","72":"11","X2":"11","F2":"11","62":"11","G2":"11","V3":"11"},"G7":{"5H":"11","MM":"11","RP":"11","HM":"11","5G":"11","WQ":"11","CH":"11","PM":"11","HJ":"11","9J":"11","XQ":"11","2G":"11","8H":"11","JM":"11","6H":"11","VQ":"11","GJ":"11","3G":"11","4G":"11","7H":"11","9H":"11","PP":"11","6G":"11","QP":"11","FJ":"11","CJ":"11","VP":"11","2F":"11"}},"J3":{"28":{"P3":"11"},"27":{"MQ":"11","PV":"11","QV":"11","PR":"11","MR":"11"}},"R2":{"5X":{"4R":"11","4W":"11","4V":"11","4Q":"11","4X":"11","5Q":"11"},"4X":{"PR":"11","FP":"11","JQ":"11","FQ":"11","8M":"11","XQ":"11","QR":"11","HQ":"11","JR":"11","XR":"11","VV":"11","5J":"11","MR":"11","7M":"11","CQ":"11","9P":"11","XV":"11","8P":"11","XP":"11","GQ":"11","RV":"11","WV":"11","RR":"11","5M":"11","6M":"11","4H":"11","CP":"11","4J":"11"}},"W4":{"9G":{"7R":"11","MX":"11","5Q":"11","8R":"11","HX":"11","3P":"11","2P":"11","CV":"11","GW":"11","4P":"11","6R":"11","JX":"11","FW":"11","CW":"11","2M":"11","6Q":"11","GX":"11","8V":"11","4Q":"11","9V":"11"},"7G":{"X5":"11","R3":"11","V4":"11","P2":"11","P3":"11","Q2":"11","X4":"11","W5":"11","R4":"11","Q3":"11","M2":"11","V3":"11","W4":"11"},"MP":{"C8":"11","G9":"11","PF":"11","66":"11","87":"11","PG":"11","HC":"11","JC":"11","WH":"11","RG":"11","77":"11","97":"11","55":"11","XJ":"11","F8":"11","QF":"11","76":"11","35":"11","F9":"11","24":"11","C7":"11","H9":"11","45":"11","VH":"11","86":"11","XM":"11","MF":"11","QG":"11","RH":"11","56":"11","34":"11","98":"11","WJ":"11","MC":"11"},"QR":{"P2":"11","V4":"11","Q3":"11","X7":"11","X6":"11","W6":"11","Q2":"11","V5":"11","R3":"11","W5":"11","R4":"11"},"FH":{"7R":"11","5Q":"11","8W":"11","6V":"11","3P":"11","2P":"11","6R":"11","CW":"11","3Q":"11","2M":"11","7V":"11","GX":"11","9W":"11","5R":"11","8V":"11","4Q":"11","CX":"11","FX":"11"},"QQ":{"8M":"11","FR":"11","5H":"11","9M":"11","7J":"11","HW":"11","GV":"11","5G":"11","JW":"11","PX":"11","CP":"11","2C":"11","GR":"11","MW":"11","8J":"11","CQ":"11","6H":"11","JV":"11","HV":"11","9P":"11","6J":"11","4G":"11","29":"11","FQ":"11","7H":"11","3C":"11","HR":"11","JX":"11","MX":"11","4F":"11","3F":"11"},"HM":{"XR":"11","F8":"11","MP":"11","FG":"11","FH":"11","FF":"11","QQ":"11","HM":"11","F6":"11","93":"11","WQ":"11","CH":"11","82":"11","GM":"11","C5":"11","FM":"11","HP":"11","XQ":"11","C6":"11","C8":"11","WR":"11","C3":"11","C7":"11","PQ":"11","RQ":"11","FP":"11","VQ":"11","GJ":"11","JP":"11","92":"11","JQ":"11","PP":"11","HQ":"11","FJ":"11","C4":"11","CJ":"11","F7":"11","GP":"11","MQ":"11"},"RR":{"9M":"11","7G":"11","CM":"11","GH":"11","38":"11","HJ":"11","GM":"11","9J":"11","39":"11","FM":"11","28":"11","5C":"11","8J":"11","8H":"11","MG":"11","FP":"11","GJ":"11","6F":"11","JG":"11","JH":"11","7H":"11","6G":"11","49":"11","4C":"11","27":"11","HH":"11","5F":"11","MH":"11"},"CH":{"RJ":"11","GF":"11","78":"11","GC":"11","68":"11","JF":"11","C9":"11","99":"11","67":"11","36":"11","47":"11","QH":"11","PH":"11","77":"11","26":"11","CC":"11","RH":"11","25":"11","XP":"11","35":"11","WM":"11","57":"11","XM":"11","46":"11","88":"11","MG":"11","HF":"11","89":"11","JG":"11","FC":"11","PG":"11","98":"11","VJ":"11","F9":"11","WJ":"11","56":"11","VM":"11"},"HJ":{"8W":"11","7Q":"11","7W":"11","7X":"11","8X":"11","7V":"11","7R":"11"},"WW":{"X5":"11","R3":"11","V4":"11","P2":"11","X6":"11","Q2":"11","X4":"11","W5":"11","R2":"11","Q3":"11","V3":"11","W4":"11"},"VR":{"FV":"11"},"5C":{"2Q":"11","2P":"11","3Q":"11"},"7F":{"7R":"11","MX":"11","8R":"11","HX":"11","CV":"11","GW":"11","JX":"11","FW":"11","7Q":"11","9R":"11","FV":"11","6Q":"11","9V":"11","HW":"11","5M":"11","6M":"11","6P":"11","4M":"11","4J":"11"},"WV":{"8M":"11","FR":"11","5H":"11","5J":"11","7P":"11","HW":"11","8P":"11","FV":"11","GV":"11","CR":"11","JW":"11","4H":"11","PX":"11","6M":"11","7M":"11","GR":"11","MW":"11","2G":"11","CQ":"11","9Q":"11","HV":"11","9P":"11","3G":"11","6J":"11","FQ":"11","JX":"11","4J":"11","MX":"11","3H":"11","2F":"11"},"PQ":{"W9":"11","P4":"11","X8":"11","R6":"11","M5":"11","G2":"11","R7":"11","X9":"11","M4":"11","Q5":"11","Q6":"11","W8":"11","J3":"11","V8":"11","H2":"11","H3":"11","P5":"11","V7":"11","J4":"11"},"JM":{"4R":"11","HW":"11","9V":"11","8V":"11","FV":"11","FW":"11","7R":"11","CV":"11","PX":"11","7V":"11","GW":"11","4Q":"11","CW":"11","5R":"11","3Q":"11","JX":"11","2R":"11","MX":"11","HX":"11","6R":"11","8R":"11","2Q":"11","3R":"11"},"XW":{"37":"11","XR":"11","78":"11","7C":"11","MM":"11","FG":"11","68":"11","GH":"11","FF":"11","RP":"11","QQ":"11","RR":"11","36":"11","47":"11","PM":"11","26":"11","CC":"11","HJ":"11","58":"11","VR":"11","25":"11","48":"11","57":"11","QM":"11","WR":"11","46":"11","WV":"11","9C":"11","9F":"11","JM":"11","8C":"11","RQ":"11","JJ":"11","VQ":"11","GG":"11","XW":"11","89":"11","FC":"11","JH":"11","PP":"11","CF":"11","69":"11","QP":"11","XV":"11","HH":"11","MJ":"11","CG":"11","79":"11"},"GJ":{"9M":"11","7G":"11","7J":"11","CM":"11","5G":"11","QX":"11","JW":"11","PX":"11","9J":"11","CP":"11","GQ":"11","39":"11","28":"11","GR":"11","MW":"11","8J":"11","8H":"11","76":"11","6H":"11","JV":"11","HV":"11","FP":"11","29":"11","FQ":"11","7H":"11","3C":"11","HR":"11","6G":"11","PW":"11","MX":"11","4C":"11","5F":"11","4F":"11"},"6F":{"MG":"11","RH":"11","QH":"11","MF":"11","QG":"11","PG":"11"},"JP":{"P2":"11","V3":"11","V2":"11","W3":"11","R2":"11","Q2":"11","R3":"11","X3":"11","X4":"11"},"8G":{"RJ":"11","GF":"11","78":"11","GC":"11","68":"11","JF":"11","C9":"11","99":"11","67":"11","36":"11","47":"11","QH":"11","PH":"11","77":"11","26":"11","CC":"11","RH":"11","25":"11","35":"11","WM":"11","57":"11","XM":"11","46":"11","88":"11","MG":"11","HF":"11","89":"11","JG":"11","FC":"11","PG":"11","98":"11","VJ":"11","F9":"11","WJ":"11","56":"11"},"9H":{"X5":"11","R3":"11","J2":"11","V4":"11","P2":"11","P3":"11","Q2":"11","X4":"11","W5":"11","R4":"11","Q3":"11","M2":"11","V3":"11","W4":"11"},"PP":{"7R":"11","5Q":"11","8R":"11","3P":"11","4P":"11","6R":"11","CW":"11","2M":"11","6Q":"11","7V":"11","GX":"11","9W":"11","8V":"11","9V":"11","5P":"11","3M":"11","CX":"11","FX":"11","2J":"11"},"VV":{"M8":"11","C4":"11","WF":"11","R9":"11","RC":"11","C5":"11","H6":"11","73":"11","F5":"11","VC":"11","P8":"11","P9":"11","Q8":"11","V9":"11","H7":"11","Q9":"11","G6":"11","M7":"11","WC":"11","G5":"11","95":"11","84":"11","XF":"11","F6":"11","J7":"11","83":"11","94":"11"},"FJ":{"X7":"11","Q5":"11","W8":"11","J4":"11","M4":"11","R6":"11","P5":"11","R5":"11","Q6":"11","H2":"11","J3":"11","X9":"11","X8":"11","P4":"11","H3":"11","V6":"11","V7":"11","F2":"11","G2":"11","W7":"11","M3":"11"},"4C":{"RJ":"11","WP":"11","PH":"11","HG":"11","XP":"11","XQ":"11","WM":"11","QM":"11","JG":"11","JH":"11","PJ":"11","HH":"11","MJ":"11","RM":"11","VP":"11","QJ":"11","MH":"11","VM":"11"}},"Q3":{"P2":{"87":"11","88":"11","77":"11","F5":"11","F7":"11","57":"11","C7":"11","68":"11","G5":"11","C6":"11","67":"11","F6":"11","58":"11"},"Q2":{"R5":"11","X5":"11","V5":"11","W5":"11","Q5":"11"},"22":{"42":"11","52":"11","32":"11"},"R2":{"F8":"11","G8":"11","66":"11","36":"11","77":"11","26":"11","87":"11","25":"11","35":"11","C8":"11","46":"11","C7":"11","PC":"11","76":"11","G9":"11","HC":"11","H9":"11","M9":"11","F7":"11","JC":"11","97":"11","MC":"11","56":"11"},"M2":{"V6":"11","M5":"11","P5":"11","R6":"11","M4":"11","62":"11"}},"X5":{"VW":{"W3":"11","V2":"11","X4":"11","X3":"11","R2":"11","V3":"11"},"GH":{"GJ":"11","FJ":"11","JH":"11"},"C9":{"5H":"11","5J":"11","7P":"11","6P":"11","8V":"11","9V":"11","7Q":"11","7R":"11","4H":"11","6M":"11","9X":"11","2C":"11","8Q":"11","5M":"11","3G":"11","6J":"11","4G":"11","29":"11","9W":"11","3C":"11","4J":"11","8R":"11","2F":"11","3F":"11"},"QR":{"V3":"11","V4":"11","X7":"11","V2":"11","X6":"11","R2":"11","W4":"11","W6":"11","R3":"11","W5":"11","X5":"11"},"32":{"X5":"11","W3":"11","V2":"11","X4":"11","X3":"11","R2":"11","V3":"11","W4":"11"},"QQ":{"HJ":"11","QX":"11","9C":"11","58":"11","7C":"11","25":"11","PR":"11","CF":"11","HM":"11","MR":"11","36":"11","QV":"11","JM":"11","CG":"11","MQ":"11","JQ":"11","35":"11","PV":"11","8C":"11","57":"11","FG":"11","RX":"11","QW":"11","JP":"11","47":"11","MP":"11","9F":"11","24":"11","26":"11","PW":"11","37":"11","46":"11","GH":"11","69":"11","FH":"11","GJ":"11","68":"11","79":"11"},"99":{"P2":"11","R5":"11","Q3":"11","X7":"11","X8":"11","Q4":"11","V6":"11","X9":"11","W8":"11","W6":"11","W7":"11","Q2":"11","V5":"11","R3":"11","R4":"11"},"HM":{"H4":"11","P6":"11","X8":"11","R6":"11","M5":"11","V6":"11","C2":"11","R7":"11","M4":"11","Q5":"11","92":"11","Q6":"11","W8":"11","F3":"11","W7":"11","J5":"11","G4":"11","H3":"11","G3":"11","P5":"11","V7":"11","F2":"11","J4":"11"},"75":{"F8":"11","GC":"11","G8":"11","JF":"11","96":"11","RP":"11","52":"11","PH":"11","WW":"11","VR":"11","74":"11","73":"11","QM":"11","C6":"11","WR":"11","WV":"11","C7":"11","RQ":"11","MG":"11","VQ":"11","XW":"11","HF":"11","JG":"11","G9":"11","HC":"11","XX":"11","PJ":"11","H9":"11","63":"11","QP":"11","72":"11","85":"11","XV":"11","F7":"11","JC":"11","84":"11","95":"11","62":"11","RM":"11","QJ":"11","MH":"11"},"RR":{"RW":"11","JP":"11","PR":"11","8F":"11","38":"11","48":"11","PV":"11","9F":"11","59":"11","HJ":"11","GJ":"11","MQ":"11","7C":"11","QX":"11","FH":"11","27":"11","PQ":"11","RX":"11","MR":"11","49":"11","VW":"11","28":"11","QW":"11","JM":"11","QV":"11","9G":"11","37":"11","CG":"11","69":"11","GH":"11","VX":"11","HM":"11","FG":"11","MP":"11","8C":"11","6C":"11"},"52":{"2W":"11","2X":"11","3X":"11"},"HJ":{"9X":"11","7W":"11","2R":"11","7X":"11","4W":"11","8X":"11","5W":"11","3V":"11","4V":"11","6W":"11","3R":"11","5V":"11"},"WW":{"8M":"11","7P":"11","7G":"11","8P":"11","9V":"11","8V":"11","6C":"11","7Q":"11","36":"11","FW":"11","47":"11","CV":"11","58":"11","25":"11","8Q":"11","CX":"11","35":"11","57":"11","FX":"11","59":"11","7F":"11","46":"11","8J":"11","CW":"11","8H":"11","6F":"11","7H":"11","69":"11","24":"11","8R":"11"},"87":{"P2":"11","R5":"11","W9":"11","WF":"11","R8":"11","P4":"11","M2":"11","Q4":"11","R6":"11","XJ":"11","R7":"11","WG":"11","VC":"11","XH":"11","Q5":"11","Q6":"11","V8":"11","V9":"11","XG":"11","WC":"11","P3":"11","V7":"11","XF":"11"},"74":{"6X":"11","2Q":"11","2R":"11","4W":"11","5X":"11","5W":"11","3V":"11","4V":"11","4X":"11","3R":"11"},"86":{"44":"11","GQ":"11","CH":"11","9H":"11","JW":"11","32":"11","78":"11","56":"11","55":"11","CG":"11","FM":"11","33":"11","JV":"11","67":"11","HQ":"11","89":"11","FP":"11","8C":"11","9G":"11","GM":"11","JX":"11","GR":"11","43":"11","57":"11","66":"11","8F":"11","FJ":"11","9F":"11","45":"11","34":"11","CJ":"11","22":"11","MX":"11","MW":"11","HR":"11","HV":"11","77":"11","68":"11","79":"11","GP":"11"},"PQ":{"V2":"11","W3":"11","W4":"11","X3":"11","X4":"11","W2":"11","X5":"11"},"64":{"85":"11","MF":"11","WP":"11","62":"11","C7":"11","42":"11","PF":"11","XP":"11","VM":"11","73":"11","C6":"11","G8":"11","HC":"11","VJ":"11","F7":"11","QG":"11","RH":"11","96":"11","JF":"11","PG":"11","95":"11","52":"11","63":"11","QH":"11","RJ":"11","WM":"11","F8":"11","XQ":"11","53":"11","JC":"11","H8":"11","H9":"11","74":"11","J9":"11","MC":"11","84":"11","G9":"11"},"JM":{"QW":"11","7G":"11","PV":"11","CH":"11","QX":"11","GM":"11","9J":"11","39":"11","FM":"11","HP":"11","28":"11","5C":"11","7F":"11","8H":"11","PR":"11","6F":"11","JP":"11","MV":"11","8G":"11","29":"11","JQ":"11","3C":"11","9H":"11","6G":"11","49":"11","HQ":"11","PW":"11","FJ":"11","CJ":"11","4C":"11","GP":"11","MQ":"11","MR":"11","5F":"11","JR":"11"},"GJ":{"XR":"11","44":"11","GF":"11","FG":"11","68":"11","WP":"11","54":"11","FF":"11","RP":"11","36":"11","WQ":"11","47":"11","PM":"11","HG":"11","CC":"11","58":"11","F3":"11","35":"11","XQ":"11","57":"11","QM":"11","46":"11","9C":"11","8C":"11","VQ":"11","GG":"11","89":"11","JH":"11","PJ":"11","CF":"11","69":"11","45":"11","HH":"11","F2":"11","MJ":"11","RM":"11","79":"11","VP":"11","MH":"11"},"JP":{"R3":"11","Q2":"11","R2":"11"},"G9":{"HC":"11"},"XX":{"JP":"11","PR":"11","5G":"11","3F":"11","8J":"11","JQ":"11","5F":"11","7G":"11","QR":"11","MQ":"11","PQ":"11","HP":"11","29":"11","GP":"11","FM":"11","8H":"11","9H":"11","7H":"11","CJ":"11","GM":"11","6G":"11","RV":"11","RR":"11","CM":"11","2C":"11","3C":"11","4F":"11","9J":"11"},"PP":{"RW":"11","JP":"11","PR":"11","QR":"11","HJ":"11","MQ":"11","PQ":"11","RX":"11","JM":"11","QV":"11","RV":"11","VX":"11","HM":"11","MP":"11"},"VV":{"HR":"11","9Q":"11","PW":"11","QX":"11","JW":"11","RX":"11","GR":"11","CQ":"11","HV":"11","FR":"11","CR":"11","9R":"11","9P":"11","MW":"11","GV":"11","8P":"11","PX":"11","JV":"11"},"RV":{"V3":"11","V4":"11","R8":"11","Q7":"11","V2":"11","V6":"11","Q8":"11","P7":"11","V5":"11"},"63":{"2R":"11","2W":"11","3W":"11","3X":"11","4W":"11","2V":"11","3V":"11","5X":"11","4X":"11"},"98":{"9G":"11","78":"11","66":"11","FH":"11","54":"11","67":"11","CH":"11","52":"11","77":"11","JW":"11","PX":"11","GM":"11","GQ":"11","FM":"11","HP":"11","MW":"11","65":"11","9C":"11","88":"11","64":"11","9F":"11","8C":"11","JV":"11","89":"11","MV":"11","HR":"11","55":"11","HQ":"11","MX":"11","42":"11","FJ":"11","8F":"11","CJ":"11","GP":"11","53":"11","79":"11","CG":"11","JR":"11"},"42":{"78":"11","FG":"11","MM":"11","68":"11","GH":"11","FF":"11","QQ":"11","RR":"11","67":"11","36":"11","47":"11","PM":"11","HJ":"11","WW":"11","58":"11","VR":"11","25":"11","35":"11","57":"11","WR":"11","46":"11","WV":"11","9C":"11","9F":"11","JM":"11","8C":"11","RQ":"11","JJ":"11","GG":"11","XW":"11","89":"11","PP":"11","VV":"11","CF":"11","QP":"11","24":"11","XV":"11","HH":"11","MJ":"11","79":"11","CG":"11"},"85":{"2W":"11","2X":"11"},"97":{"3P":"11","4R":"11","2P":"11","3R":"11","4V":"11","3Q":"11","2M":"11","4W":"11","3V":"11","5X":"11","2J":"11","4X":"11"},"WX":{"Q5":"11","W8":"11","J4":"11","M4":"11","V8":"11","R6":"11","P5":"11","Q6":"11","J3":"11","G3":"11","X9":"11","X8":"11","P4":"11","H3":"11","R7":"11","V7":"11","F2":"11","G2":"11","M3":"11"},"53":{"XR":"11","GF":"11","GC":"11","JF":"11","C9":"11","54":"11","32":"11","RP":"11","99":"11","75":"11","WQ":"11","PH":"11","HG":"11","43":"11","87":"11","XQ":"11","86":"11","QM":"11","C8":"11","65":"11","WR":"11","88":"11","64":"11","76":"11","MG":"11","VQ":"11","HF":"11","JG":"11","FC":"11","JH":"11","HC":"11","PJ":"11","98":"11","F9":"11","42":"11","XV":"11","97":"11","53":"11","RM":"11","VP":"11","QJ":"11","MH":"11"}},"R3":{"P2":{"VW":"11","7P":"11","PV":"11","QV":"11","6P":"11","8P":"11","2M":"11","3P":"11","WW":"11","GQ":"11","5P":"11","8Q":"11","GR":"11","5M":"11","CQ":"11","9Q":"11","9P":"11","4M":"11","XW":"11","MV":"11","3M":"11","FQ":"11","XX":"11","HR":"11","RW":"11","RV":"11","4P":"11","WX":"11","MR":"11","JR":"11"},"R5":{"V6":"11","R5":"11","XC":"11","XW":"11","WC":"11","V8":"11","V7":"11","P2":"11","P3":"11","Q4":"11","XX":"11","R6":"11","XF":"11","W9":"11","XG":"11","Q3":"11","W8":"11","M2":"11","Q5":"11"},"C3":{"J8":"11","M8":"11","7P":"11","GC":"11","W8":"11","6P":"11","8P":"11","R8":"11","Q8":"11","3W":"11","J9":"11","CH":"11","P8":"11","3V":"11","9J":"11","CP":"11","6M":"11","7M":"11","5P":"11","V8":"11","2X":"11","4Q":"11","8H":"11","2V":"11","9P":"11","FC":"11","8G":"11","G9":"11","3Q":"11","X8":"11","2W":"11","9H":"11","H9":"11","CF":"11","2R":"11","F9":"11","4P":"11","CG":"11","3R":"11"},"Q3":{"VW":"11","G8":"11","QV":"11","MM":"11","QR":"11","96":"11","32":"11","75":"11","J9":"11","PM":"11","MF":"11","22":"11","43":"11","74":"11","C6":"11","C7":"11","PQ":"11","64":"11","PR":"11","MG":"11","G7":"11","PJ":"11","RW":"11","PP":"11","RV":"11","H9":"11","63":"11","H8":"11","VX":"11","42":"11","85":"11","F7":"11","JC":"11","WX":"11","84":"11","53":"11","MJ":"11","95":"11","MC":"11"},"H4":{"42":"11","52":"11"},"X8":{"FX":"11","CX":"11","CW":"11","GX":"11"},"Q4":{"X5":"11","W2":"11","W3":"11","X4":"11","X3":"11"},"M2":{"5J":"11","7J":"11","MM":"11","CM":"11","HM":"11","2M":"11","PM":"11","HJ":"11","GM":"11","9J":"11","6M":"11","FM":"11","WM":"11","QM":"11","5M":"11","XM":"11","8J":"11","JM":"11","JJ":"11","4M":"11","GJ":"11","6J":"11","3M":"11","FJ":"11","CJ":"11","RM":"11","VM":"11"},"V6":{"22":"11","32":"11"},"XH":{"W2":"11","X2":"11"},"X9":{"J2":"11","J3":"11","H2":"11","F2":"11","H3":"11","G2":"11"},"93":{"VW":"11","GW":"11","FX":"11","FW":"11","JV":"11","CX":"11","XX":"11","GV":"11","RV":"11","PV":"11","QV":"11","HV":"11","RW":"11","WW":"11","WX":"11"},"82":{"MX":"11","JX":"11"},"J3":{"6V":"11","4R":"11","7C":"11","68":"11","83":"11","6C":"11","8V":"11","36":"11","47":"11","7W":"11","34":"11","3V":"11","7V":"11","58":"11","CP":"11","25":"11","73":"11","35":"11","57":"11","46":"11","CQ":"11","9Q":"11","2V":"11","FP":"11","9R":"11","4V":"11","2R":"11","69":"11","24":"11","5V":"11","8R":"11","84":"11","3R":"11"},"43":{"85":"11","77":"11"},"F3":{"GC":"11","68":"11","JF":"11","C9":"11","99":"11","38":"11","MF":"11","58":"11","RH":"11","XP":"11","48":"11","28":"11","WM":"11","PF":"11","XM":"11","59":"11","RG":"11","89":"11","FC":"11","QF":"11","G9":"11","HC":"11","QG":"11","VH":"11","VJ":"11","69":"11","F9":"11","JC":"11","WJ":"11","MC":"11","79":"11"},"W7":{"CF":"11","HG":"11","CC":"11","GG":"11","GF":"11","FF":"11","JH":"11","JG":"11","HF":"11"},"Q2":{"2X":"11","3X":"11"},"52":{"99":"11","88":"11","57":"11","44":"11","68":"11","46":"11","42":"11","56":"11","78":"11","45":"11","89":"11","43":"11","C9":"11","67":"11"},"J2":{"WP":"11","9V":"11","FV":"11","GV":"11","RP":"11","QQ":"11","FW":"11","CV":"11","WM":"11","GR":"11","XM":"11","CW":"11","PQ":"11","9W":"11","JQ":"11","HR":"11","QP":"11","MQ":"11","VP":"11","JR":"11"},"H3":{"8W":"11","9W":"11","6X":"11","9X":"11","VV":"11","JV":"11","VR":"11","CW":"11","CV":"11","MV":"11","GV":"11","WR":"11","7X":"11","RV":"11","8X":"11","PV":"11","5X":"11","QV":"11","FV":"11","HV":"11","RR":"11","XR":"11"},"V5":{"4X":"11","6V":"11","3X":"11","2P":"11","5W":"11","3W":"11","2J":"11","2M":"11","3P":"11","2H":"11","3V":"11","4W":"11","2X":"11","2G":"11","2V":"11","3Q":"11","2W":"11","5V":"11","2Q":"11","3R":"11"},"XG":{"VW":"11","M7":"11","M8":"11","Q5":"11","RP":"11","RR":"11","PM":"11","Q4":"11","PH":"11","P8":"11","WW":"11","VR":"11","Q2":"11","P5":"11","QM":"11","PF":"11","P9":"11","PC":"11","RQ":"11","Q3":"11","XX":"11","PJ":"11","PG":"11","VV":"11","QP":"11","WX":"11","MC":"11","QJ":"11"},"G3":{"8J":"11","8M":"11","2P":"11","7M":"11","FM":"11","GP":"11","9M":"11","GM":"11","GQ":"11","5P":"11","CM":"11","6M":"11","6P":"11","9J":"11"},"84":{"P2":"11","P3":"11","Q2":"11","R2":"11","M2":"11"},"XF":{"Q9":"11","QW":"11","V8":"11","RF":"11","RG":"11","QC":"11","RC":"11","QQ":"11","Q8":"11","QX":"11","X8":"11","QV":"11","QG":"11","QR":"11","W8":"11","R9":"11"},"83":{"MX":"11","Q3":"11","HR":"11","FP":"11","P4":"11","M2":"11","Q4":"11","JR":"11","HQ":"11","JW":"11","FM":"11","GP":"11","MW":"11","J2":"11","JV":"11","GQ":"11","P3":"11"},"R4":{"8M":"11","37":"11","FR":"11","9M":"11","7J":"11","8P":"11","5G":"11","36":"11","47":"11","JW":"11","26":"11","CP":"11","7M":"11","25":"11","48":"11","GR":"11","MW":"11","5C":"11","59":"11","CQ":"11","6H":"11","JV":"11","HV":"11","9P":"11","6F":"11","6J":"11","FQ":"11","HR":"11","6G":"11","JX":"11","49":"11","MX":"11","24":"11","4C":"11","5F":"11"},"94":{"93":"11","83":"11","C2":"11","73":"11","92":"11"}},"G2":{"J8":{"V3":"11","Q3":"11","M2":"11","C2":"11","G2":"11","W3":"11","H2":"11","J2":"11","M3":"11","R3":"11","X3":"11","P3":"11","F2":"11","X4":"11"},"M8":{"R5":"11","P6":"11","C5":"11","64":"11","M5":"11","R6":"11","V6":"11","F5":"11","X6":"11","Q5":"11","M6":"11","Q6":"11","54":"11","75":"11","74":"11","W6":"11","J5":"11","24":"11","G5":"11","P5":"11","H5":"11","44":"11","85":"11","95":"11","84":"11","34":"11","94":"11"},"X7":{"GC":"11","7C":"11","6C":"11","J9":"11","CC":"11","W9":"11","5C":"11","P9":"11","9C":"11","8C":"11","6F":"11","FC":"11","X9":"11","HC":"11","H9":"11","V9":"11","Q9":"11","M9":"11","R9":"11","JC":"11","MC":"11","5F":"11","2F":"11","4F":"11","3F":"11"},"J7":{"6W":"11","3W":"11","7X":"11","5W":"11","7W":"11","4W":"11","2V":"11","3V":"11","9X":"11","6X":"11","8X":"11","CX":"11","FX":"11"},"83":{"5H":"11","5J":"11","7P":"11","6P":"11","8P":"11","9V":"11","8V":"11","7Q":"11","7R":"11","CV":"11","4H":"11","6M":"11","7M":"11","9X":"11","2C":"11","8Q":"11","CX":"11","28":"11","5M":"11","CW":"11","9Q":"11","3G":"11","4G":"11","29":"11","9R":"11","9W":"11","3C":"11","6Q":"11","8R":"11","8W":"11","4F":"11","3F":"11"},"96":{"X5":"11","R3":"11","J2":"11","V4":"11","P2":"11","P3":"11","W5":"11","R4":"11","Q3":"11","M2":"11","W4":"11"},"Q8":{"23":"11","62":"11","42":"11","33":"11","32":"11","C2":"11","92":"11","82":"11","43":"11","52":"11","72":"11","53":"11"},"H7":{"XR":"11","5H":"11","9M":"11","MP":"11","7J":"11","CM":"11","QR":"11","QQ":"11","HM":"11","RR":"11","4H":"11","GM":"11","9J":"11","VR":"11","FM":"11","HP":"11","WR":"11","8J":"11","WV":"11","2G":"11","PQ":"11","PR":"11","6H":"11","RQ":"11","FP":"11","JP":"11","3G":"11","4G":"11","7H":"11","JQ":"11","PP":"11","VV":"11","CJ":"11","XV":"11","GP":"11","MQ":"11"},"Q7":{"XW":"11","RW":"11","MX":"11","WW":"11","HX":"11","PW":"11","VV":"11","JW":"11","JX":"11","VW":"11","MW":"11","QW":"11","XV":"11","GX":"11","9X":"11","PX":"11","8X":"11","WV":"11","CX":"11","FX":"11"},"F6":{"HW":"11","6P":"11","FV":"11","GV":"11","7Q":"11","QX":"11","2M":"11","3P":"11","5Q":"11","JW":"11","CR":"11","CV":"11","PX":"11","5P":"11","GW":"11","8Q":"11","MW":"11","HV":"11","4M":"11","3M":"11","9R":"11","MX":"11","6Q":"11","4P":"11","8R":"11"},"P8":{"V4":"11","R4":"11","66":"11","X4":"11","M5":"11","96":"11","75":"11","36":"11","Q4":"11","J4":"11","26":"11","X3":"11","C5":"11","M4":"11","86":"11","W3":"11","P5":"11","G5":"11","65":"11","46":"11","76":"11","W4":"11","R3":"11","H4":"11","P4":"11","55":"11","H5":"11","85":"11","F5":"11","95":"11","V3":"11","J5":"11","56":"11"},"73":{"P2":"11","V4":"11","Q3":"11","X7":"11","X8":"11","V6":"11","X9":"11","W6":"11","W7":"11","Q2":"11","V5":"11","R3":"11","W5":"11","R4":"11"},"C6":{"GF":"11","78":"11","GC":"11","XJ":"11","68":"11","JF":"11","C9":"11","99":"11","67":"11","36":"11","47":"11","QH":"11","MF":"11","PH":"11","26":"11","CC":"11","RH":"11","25":"11","57":"11","XM":"11","46":"11","88":"11","MG":"11","89":"11","HF":"11","JG":"11","FC":"11","QG":"11","PG":"11","VH":"11","VJ":"11","WJ":"11"},"G7":{"44":"11","F8":"11","G8":"11","RC":"11","66":"11","RF":"11","J9":"11","WF":"11","QC":"11","34":"11","87":"11","23":"11","35":"11","VF":"11","86":"11","XF":"11","C8":"11","65":"11","C7":"11","PC":"11","XG":"11","76":"11","G9":"11","H9":"11","55":"11","H8":"11","M9":"11","24":"11","45":"11","97":"11","MC":"11"},"R7":{"FR":"11","6V":"11","WP":"11","8V":"11","QQ":"11","WQ":"11","CR":"11","7R":"11","3V":"11","7V":"11","XP":"11","XQ":"11","GR":"11","PQ":"11","2V":"11","RQ":"11","VQ":"11","9R":"11","2W":"11","JQ":"11","HR":"11","PP":"11","4V":"11","HQ":"11","5V":"11","6R":"11","8R":"11","MQ":"11","VP":"11","JR":"11"},"72":{"9G":"11","7C":"11","68":"11","FH":"11","36":"11","CH":"11","QX":"11","47":"11","PX":"11","34":"11","GM":"11","58":"11","FM":"11","23":"11","HP":"11","35":"11","57":"11","MW":"11","46":"11","9F":"11","8C":"11","JV":"11","MV":"11","JQ":"11","9H":"11","HR":"11","HQ":"11","PW":"11","69":"11","FJ":"11","8F":"11","CJ":"11","24":"11","45":"11","GP":"11","CG":"11","79":"11","JR":"11","56":"11"},"85":{"XR":"11","V4":"11","R4":"11","W8":"11","V5":"11","WC":"11","WP":"11","WQ":"11","WF":"11","WH":"11","W9":"11","Q2":"11","XP":"11","VG":"11","VF":"11","XQ":"11","WM":"11","V8":"11","R6":"11","R5":"11","R2":"11","Q3":"11","R3":"11","WG":"11","V9":"11","VH":"11","VJ":"11","V6":"11","WJ":"11","V7":"11","VP":"11","VM":"11","VC":"11"},"F7":{"W2":"11","W3":"11","V2":"11","Q2":"11","X4":"11","X3":"11","R2":"11","V3":"11"},"V7":{"8M":"11","9M":"11","7P":"11","RJ":"11","XJ":"11","2P":"11","MM":"11","6P":"11","CM":"11","8P":"11","HM":"11","PM":"11","3P":"11","XH":"11","GM":"11","7M":"11","5P":"11","FM":"11","QM":"11","JM":"11","JJ":"11","9P":"11","PJ":"11","VJ":"11","4P":"11","WJ":"11","MJ":"11","QJ":"11"},"84":{"F5":"11","QX":"11","93":"11","MH":"11","PQ":"11","92":"11","F4":"11","PR":"11","JG":"11","MR":"11","G6":"11","H7":"11","MG":"11","G4":"11","QV":"11","JM":"11","F3":"11","C2":"11","G8":"11","MQ":"11","HC":"11","QR":"11","F7":"11","F6":"11","F2":"11","MM":"11","PV":"11","PM":"11","HF":"11","JF":"11","JH":"11","C4":"11","PP":"11","RX":"11","QW":"11","MP":"11","MJ":"11","G7":"11","C3":"11","JC":"11","H8":"11","PW":"11","H9":"11","C5":"11","G5":"11","JJ":"11","HG":"11","G9":"11"},"95":{"GX":"11","4R":"11","2P":"11","HW":"11","9V":"11","8V":"11","FV":"11","FW":"11","3P":"11","5Q":"11","7R":"11","CV":"11","GW":"11","4Q":"11","CW":"11","5R":"11","3Q":"11","9R":"11","JX":"11","2R":"11","6Q":"11","HX":"11","6R":"11","8R":"11","2Q":"11","3R":"11"},"62":{"W2":"11","X2":"11","X3":"11"},"W7":{"5H":"11","5J":"11","GH":"11","FH":"11","2J":"11","CH":"11","WF":"11","4H":"11","2H":"11","VG":"11","VF":"11","XF":"11","RG":"11","8H":"11","6H":"11","MG":"11","JG":"11","6J":"11","JH":"11","QG":"11","7H":"11","9H":"11","PG":"11","WG":"11","4J":"11","3J":"11","HH":"11","3H":"11","MH":"11"}},"V3":{"68":{"9W":"11","HX":"11","9X":"11","JX":"11","QX":"11","PX":"11"},"5G":{"5H":"11","M7":"11","7C":"11","P6":"11","Q5":"11","J7":"11","H7":"11","Q4":"11","4H":"11","M6":"11","P5":"11","7F":"11","Q6":"11","8C":"11","6F":"11","Q3":"11","G7":"11","4G":"11","8F":"11","3H":"11"},"38":{"8C":"11","89":"11"},"2J":{"R4":"11","XJ":"11","W8":"11","P2":"11","WC":"11","WP":"11","WQ":"11","Q4":"11","WF":"11","XH":"11","W9":"11","VR":"11","Q2":"11","XP":"11","XQ":"11","XF":"11","V8":"11","R6":"11","XM":"11","R5":"11","WR":"11","XG":"11","Q3":"11","VV":"11","V9":"11","VX":"11","V6":"11","V7":"11","VC":"11"},"47":{"VR":"11","RV":"11","WQ":"11","RR":"11","VQ":"11"},"3P":{"X3":"11"},"5Q":{"99":"11","CF":"11","8C":"11","CC":"11","9C":"11","89":"11","9F":"11"},"2H":{"78":"11","68":"11","FH":"11","67":"11","CH":"11","JW":"11","PX":"11","GM":"11","22":"11","GQ":"11","25":"11","FM":"11","23":"11","35":"11","HP":"11","57":"11","MW":"11","46":"11","9C":"11","9F":"11","8C":"11","JV":"11","89":"11","MV":"11","HR":"11","CF":"11","HQ":"11","MX":"11","FJ":"11","CJ":"11","24":"11","45":"11","GP":"11","79":"11","CG":"11","JR":"11","56":"11"},"7V":{"RG":"11","VF":"11","VG":"11"},"9X":{"72":"11"},"87":{"22":"11"},"39":{"8M":"11","7M":"11","FM":"11","CM":"11","FJ":"11","CJ":"11"},"CX":{"39":"11","CW":"11","38":"11","29":"11"},"48":{"C7":"11","C8":"11","97":"11"},"59":{"P5":"11","P7":"11","P6":"11"},"7F":{"37":"11","36":"11","26":"11"},"46":{"JQ":"11"},"6F":{"V6":"11","X5":"11","V5":"11","X6":"11","W5":"11","W6":"11"},"3G":{"R4":"11","P2":"11","P3":"11","Q4":"11","J4":"11","Q2":"11","M4":"11","P5":"11","G5":"11","M2":"11","G4":"11","R2":"11","Q3":"11","X5":"11","R3":"11","P4":"11","H5":"11"},"4G":{"MC":"11","JC":"11","HC":"11","CC":"11","25":"11","FC":"11","PC":"11","GC":"11","C9":"11"},"3M":{"HQ":"11","GP":"11","FM":"11","CM":"11","GM":"11","JQ":"11","HP":"11","FP":"11"},"29":{"PR":"11","PV":"11","FP":"11","8J":"11","FQ":"11","8M":"11","6H":"11","MR":"11","7M":"11","7H":"11","MV":"11","6G":"11","GQ":"11","7J":"11"},"9W":{"6W":"11","6F":"11","5G":"11","3F":"11","6V":"11","4C":"11","5F":"11","3G":"11","6J":"11","7G":"11","6H":"11","2P":"11","7X":"11","5J":"11","7W":"11","3H":"11","7H":"11","7F":"11","6X":"11","6G":"11","39":"11","4H":"11","4J":"11","3C":"11","4F":"11"},"55":{"CV":"11","9R":"11","3X":"11"},"69":{"44":"11","M7":"11","9G":"11","7G":"11","P2":"11","GH":"11","FH":"11","CH":"11","J2":"11","34":"11","HJ":"11","RH":"11","43":"11","23":"11","M2":"11","33":"11","RG":"11","JJ":"11","GJ":"11","6F":"11","8G":"11","P7":"11","92":"11","JH":"11","3C":"11","9H":"11","6G":"11","V6":"11","24":"11","4C":"11","HH":"11","MJ":"11","5F":"11","4F":"11"},"4P":{"99":"11","88":"11","34":"11","35":"11","24":"11","46":"11","66":"11","77":"11","56":"11","78":"11","45":"11","89":"11","55":"11","23":"11","67":"11"},"6R":{"GF":"11","GC":"11","HF":"11"},"8W":{"VF":"11","WH":"11","RF":"11","XJ":"11","VG":"11","QF":"11","XP":"11","VH":"11","XM":"11","QC":"11","WJ":"11"},"79":{"F8":"11","4R":"11","G8":"11","Q5":"11","68":"11","RC":"11","RF":"11","M5":"11","5W":"11","54":"11","H7":"11","3P":"11","58":"11","43":"11","25":"11","M6":"11","VG":"11","P5":"11","33":"11","RG":"11","4Q":"11","5R":"11","64":"11","G7":"11","3M":"11","63":"11","85":"11","F7":"11","5V":"11","84":"11","J6":"11","95":"11","H6":"11"},"2F":{"FM":"11","CM":"11","9J":"11","8H":"11","CJ":"11"},"3F":{"7R":"11","MX":"11","HR":"11","6V":"11","3W":"11","5V":"11","8R":"11","HX":"11","HQ":"11","JW":"11","6R":"11","JX":"11","5W":"11","HV":"11","7Q":"11","3X":"11","9P":"11","9M":"11","4W":"11","7V":"11","8Q":"11","8P":"11","CJ":"11","HW":"11"}},"M3":{"Q2":{"C2":"11","C3":"11","F3":"11","92":"11"},"X3":{"MH":"11","MG":"11","JG":"11"}}}}