{"index":{"university,1|retail,2|tourism,3|wreck,4|historical,5|artsCulture,6|namedBuilding,7|water,8|wetland,9|park,10|beach,11|natureReserve,12|cemetery,13|trail,14":{}},"5F":{"PJ":{"R5":{"V4":"11","R4":"11","P3":"11","83":"11","W2":"11","93":"11","Q4":"11","82":"11","F3":"11","73":"11","W3":"11","C3":"11","J3":"11","G3":"11","R3":"11","P4":"11","H3":"11","72":"11","X2":"11","62":"11","V3":"11","M3":"11"},"R3":{"2W":"11","2V":"11"},"V4":{"6W":"11","8W":"11","FQ":"11","CV":"11","5W":"11","FR":"11","CR":"11","3X":"11","7W":"11","9W":"11","GQ":"11","8V":"11","9V":"11","J8":"11","5X":"11","4X":"11"},"M3":{"33":"11"},"C2":{"JC":"11","J9":"11","HC":"11","H9":"11"},"V5":{"22":"11","32":"11"},"R4":{"6X":"11","4W":"11","5X":"11","5W":"11"},"Q3":{"XW":"11","XX":"11","PJ":"11","QJ":"11","PH":"11","VQ":"11","XR":"11","WQ":"11","QM":"11","XV":"11","VR":"11","RQ":"11","WR":"11"},"G2":{"FJ":"11"}},"5Q":{"95":{"RG":"3","42":"11","VH":"3","WG":"3","WH":"3","32":"11","XG":"3","VG":"3"},"C5":{"5G":"3","3G":"3","2G":"3","4G":"3"}},"HR":{"8P":{"QF":"11","RF":"11","RG":"11","QG":"11","VF":"11","VG":"11"}},"QJ":{"C8":{"V6":"11","V7":"11","W7":"11","R7":"11","R6":"11","C4":"11"},"87":{"7G":"11","GR":"11","8M":"11","5G":"11","8J":"11","JV":"11","9M":"11","6G":"11","HR":"11","7J":"11","MW":"11","2F":"11","HV":"11","JW":"11"},"R9":{"RC":"11","VC":"11","R9":"11"},"H8":{"2R":"11","2V":"11"},"77":{"2R":"11","5Q":"11","8M":"11","2Q":"11","3R":"11","7M":"11","3Q":"11","7P":"11","8P":"11","5P":"11","XF":"11","6P":"11"},"G8":{"XV":"11","XR":"11"},"97":{"FX":"11","GX":"11"},"46":{"48":"11","28":"11","27":"11","38":"11"},"F8":{"MC":"11","VF":"11","WF":"11"},"25":{"WP":"11","VP":"11"},"67":{"68":"11","PM":"11","XQ":"11","QM":"11","PP":"11","QP":"11"},"98":{"W2":"11"}},"FP":{"JW":{"VW":"11","VV":"11","RV":"11","WV":"11","RW":"11","WW":"11"}},"5V":{"2G":{"JC":"11","J9":"11","HC":"11","JF":"11","HF":"11"}},"8R":{"RG":{"J4":"11"}},"JQ":{"MX":{"85":"11","96":"11","95":"11","86":"11","97":"11"},"3X":{"QF":"11","QG":"11"},"HV":{"VQ":"11"}},"PH":{"7W":{"88":"11"}},"9Q":{"RP":{"9P":"11","CQ":"11","9R":"11","9Q":"11","CP":"11"},"JQ":{"GW":"11","C2":"11","HW":"11","GV":"11","HV":"11","92":"11"},"JP":{"9X":"11","CX":"11"}},"FQ":{"MC":{"3X":"11","4X":"11"},"M5":{"WG":"11","XF":"11","WH":"11","XH":"11","XG":"11","WF":"11"},"JC":{"3J":"11","4J":"11","4H":"11"},"GJ":{"HX":"11","GW":"11","GX":"11"},"PF":{"MC":"11","JC":"11","J9":"11","M9":"11"}},"CV":{"XF":{"7X":"11"}},"JX":{"4W":{"M5":"11","P5":"11","M4":"11","J4":"11","J5":"11"},"3Q":{"Q9":"11","Q6":"11","R7":"11"}},"FW":{"X7":{"FM":"7"}},"CQ":{"FH":{"C8":"11","PJ":"11","PG":"11","PH":"11","F8":"11","FC":"11","F9":"11","C9":"11"},"FM":{"QX":"11"},"FP":{"Q2":"11"}},"RJ":{"6G":{"PG":"11"},"CH":{"R3":"11","V4":"11","Q4":"11","72":"11","R4":"11","Q3":"11","V3":"11"},"JH":{"2Q":"11","4R":"11","2P":"11","4V":"11","3Q":"11","3R":"11"},"4G":{"96":"11"},"MM":{"52":"11"},"MJ":{"5X":"11","4X":"11"}},"HV":{"63":{"85":"11","96":"11","95":"11","86":"11"},"73":{"C2":"11","92":"11","82":"11"},"72":{"7R":"11","6W":"11","MX":"11","8W":"11","6V":"11","PV":"11","5V":"11","8R":"11","PW":"11","6R":"11","7X":"11","CW":"11","MW":"11","QW":"11","7W":"11","QV":"11","7V":"11","8Q":"11","MV":"11","9W":"11","9X":"11","PX":"11","8X":"11","8V":"11","CX":"11"},"54":{"Q9":"11","PQ":"11","MQ":"11","QC":"11","RC":"11","Q8":"11","PC":"11","PP":"11","P9":"11","MP":"11","JP":"11","R9":"11"},"2V":{"93":"11","84":"11","83":"11","94":"11","C2":"11","C3":"11","92":"11"},"52":{"WX":"11","RW":"11","MX":"11","WW":"11","PW":"11","VV":"11","QX":"11","RX":"11","VW":"11","MW":"11","QW":"11","PX":"11","RV":"11","WV":"11","VX":"11"},"53":{"P2":"11","V2":"11","Q2":"11","R2":"11","M2":"11"}},"GP":{"2Q":{"H7":"11","G6":"11","H5":"11","H6":"11","G5":"11"}},"7Q":{"RW":{"G3":"11","H2":"11","F2":"11","G2":"11"}},"CR":{"2W":{"2C":"11","2F":"11"},"HG":{"93":"11","84":"11","83":"11","94":"11","C2":"11","92":"11","82":"11"},"CH":{"J7":"11","H7":"11"},"HF":{"9X":"11","CX":"11","8X":"11"}},"3X":{"HW":{"39":"11","37":"11","3C":"11","4C":"11","38":"11","4F":"11","32":"11"},"HV":{"5Q":"11","3W":"11","5V":"11","4R":"11","4P":"11","3R":"11","4V":"11","3Q":"11","3X":"11","4W":"11","5R":"11","3V":"11","4Q":"11","5P":"11","4X":"11"}},"9R":{"XW":{"XC":"11","XF":"11"},"XX":{"V9":"11","VC":"11"},"4W":{"82":"11"},"4V":{"8W":"11","9X":"11","7W":"11","7X":"11","8X":"11"}},"9P":{"9G":{"CC":"11","6F":"11","8F":"11","5G":"11","9F":"11","2G":"11","GC":"11","3G":"11","7G":"11","CF":"11","FF":"11","FC":"11","8G":"11","4G":"11","3H":"11","7F":"11","9G":"11","6G":"11","2H":"11"},"8G":{"GF":"11","GC":"11","7C":"11","JF":"11","FF":"11","MF":"11","WH":"11","XH":"11","CC":"11","RH":"11","VG":"11","PF":"11","7F":"11","9C":"11","RG":"11","8C":"11","MG":"11","HF":"11","6F":"11","FC":"11","QG":"11","PG":"11","WG":"11","VH":"11"},"8H":{"93":"11","C3":"11","92":"11"},"2F":{"9P":"11","CP":"11","RJ":"11"},"3G":{"MH":"11","MG":"11","JJ":"11","HG":"11","HC":"11","HH":"11","JH":"11","GC":"11","JG":"11","JF":"11","HF":"11"}},"QM":{"2C":{"5P":"11"},"GC":{"C2":"11"},"3F":{"GH":"11","GG":"11"}},"WM":{"PR":{"6H":"11","FH":"11","8H":"11","9H":"11","3H":"11","7H":"11","5H":"11","GH":"11","2H":"11","4H":"11","CH":"11"},"MR":{"M8":"11","QH":"11","PF":"11","J9":"11","PG":"11","WH":"11","XH":"11","M9":"11","M7":"11","VH":"11","MF":"11","QG":"11","RH":"11","J8":"11","J7":"11","MC":"11"}},"9W":{"JX":{"C2":"11","C3":"11","F3":"11","F2":"11"}},"6X":{"8W":{"W2":"11","X2":"11","W3":"11","X4":"11","X3":"11"},"HX":{"QC":"11","3P":"11","37":"11","97":"11","F6":"11","GR":"11","36":"11","GP":"11","5X":"11","57":"11","PG":"11","72":"11","2V":"11","GG":"11","3W":"11","7H":"11","47":"11","GF":"11","2G":"11","HQ":"11","JG":"11","6M":"11","FF":"11","P4":"11","MF":"11","6V":"11","CP":"11","P8":"11","4R":"11","HF":"11","FW":"11","C5":"11","58":"11","C8":"11","79":"11","PV":"11","J3":"11","HC":"11","28":"11","CQ":"11","PJ":"11","QG":"11","6X":"11","PF":"11","FJ":"11","7J":"11","MH":"11","2F":"11","Q6":"11","CR":"11","QW":"11","FM":"11","MM":"11","HX":"11","92":"11","54":"11","43":"11","2Q":"11","G4":"11","MR":"11","GX":"11","M8":"11","99":"11","2M":"11","GC":"11","73":"11","9M":"11","GQ":"11","QV":"11","63":"11","CC":"11","98":"11","M4":"11","H6":"11","QR":"11","G9":"11","75":"11","FH":"11","5G":"11","2H":"11","8H":"11","9W":"11","82":"11","6P":"11","4J":"11","J6":"11","CG":"11","85":"11","83":"11","3H":"11","HG":"11","5C":"11","CW":"11","H7":"11","9Q":"11","5H":"11","7R":"11","78":"11","C7":"11","QJ":"11","PX":"11","P7":"11","P6":"11","2P":"11","H5":"11","HW":"11","7P":"11","9C":"11","42":"11","F3":"11","G6":"11","M5":"11","GM":"11","QQ":"11","4H":"11","H8":"11","CV":"11","J4":"11","94":"11","QF":"11","4G":"11","8G":"11","9F":"11","JC":"11","8M":"11","GV":"11","C3":"11","88":"11","J8":"11","9G":"11","Q9":"11","33":"11","JR":"11","9J":"11","86":"11","4P":"11","JJ":"11","J9":"11","FR":"11","P2":"11","3X":"11","HR":"11","7V":"11","4V":"11","96":"11","MJ":"11","CJ":"11","M6":"11","H3":"11","3J":"11","67":"11","4M":"11","PP":"11","53":"11","JP":"11","4X":"11","MV":"11","3F":"11","H2":"11","Q8":"11","9V":"11","65":"11","Q7":"11","C2":"11","8P":"11","MX":"11","PR":"11","QP":"11","PQ":"11","F5":"11","7X":"11","PW":"11","2W":"11","3V":"11","7C":"11","56":"11","QX":"11","5J":"11","49":"11","J2":"11","5W":"11","CX":"11","8W":"11","GW":"11","P3":"11","M2":"11","24":"11","35":"11","HH":"11","C6":"11","8R":"11","25":"11","CF":"11","F8":"11","34":"11","MG":"11","3Q":"11","6C":"11","8Q":"11","C4":"11","89":"11","29":"11","FC":"11","C9":"11","8F":"11","7F":"11","JQ":"11","JH":"11","6R":"11","5V":"11","M7":"11","GJ":"11","46":"11","8V":"11","74":"11","PH":"11","4C":"11","P5":"11","M3":"11","22":"11","39":"11","2J":"11","7G":"11","38":"11","6J":"11","9R":"11","84":"11","6F":"11","9P":"11","7M":"11","MW":"11","9H":"11","MC":"11","F7":"11","FX":"11","PM":"11","48":"11","3R":"11","93":"11","6Q":"11","J7":"11","H9":"11","JW":"11","G5":"11","3C":"11","2X":"11","F4":"11","76":"11","G3":"11","HM":"11","8X":"11","69":"11","G8":"11","MP":"11","JX":"11","5F":"11","45":"11","F9":"11","MQ":"11","HP":"11","PC":"11","CH":"11","23":"11","32":"11","CM":"11","44":"11","64":"11","59":"11","52":"11","P9":"11","68":"11","2C":"11","6H":"11","3G":"11","F2":"11","FG":"11","5M":"11","JF":"11","5R":"11","6W":"11","27":"11","4Q":"11","QH":"11","5Q":"11","G7":"11","66":"11","7W":"11","9X":"11","5P":"11","FP":"11","FQ":"11","7Q":"11","4W":"11","J5":"11","2R":"11","HV":"11","3M":"11","GH":"11","77":"11","H4":"11","95":"11","HJ":"11","26":"11","JV":"11","8C":"11","55":"11","6G":"11","M9":"11","4F":"11","8J":"11","87":"11","FV":"11","G2":"11","JM":"11","62":"11","QM":"11"},"GW":{"QC":"11","3P":"11","RJ":"11","RH":"11","37":"11","97":"11","F6":"11","GR":"11","XR":"11","36":"11","VJ":"11","GP":"11","5X":"11","57":"11","PG":"11","72":"11","2V":"11","GG":"11","3W":"11","7H":"11","47":"11","GF":"11","2G":"11","HQ":"11","JG":"11","Q5":"11","VR":"11","6M":"11","FF":"11","R7":"11","P4":"11","MF":"11","6V":"11","CP":"11","P8":"11","RX":"11","4R":"11","HF":"11","FW":"11","VH":"11","C5":"11","58":"11","C8":"11","79":"11","PV":"11","WQ":"11","J3":"11","HC":"11","VX":"11","28":"11","CQ":"11","PJ":"11","QG":"11","6X":"11","PF":"11","Q4":"11","V6":"11","VQ":"11","FJ":"11","7J":"11","MH":"11","2F":"11","XF":"11","Q6":"11","XH":"11","CR":"11","W9":"11","QW":"11","R4":"11","WC":"11","FM":"11","MM":"11","HX":"11","92":"11","X3":"11","54":"11","43":"11","2Q":"11","G4":"11","V3":"11","MR":"11","GX":"11","M8":"11","RW":"11","XX":"11","99":"11","2M":"11","GC":"11","73":"11","9M":"11","GQ":"11","QV":"11","63":"11","CC":"11","98":"11","VF":"11","M4":"11","WG":"11","W7":"11","H6":"11","VP":"11","QR":"11","G9":"11","WH":"11","75":"11","FH":"11","WX":"11","5G":"11","2H":"11","8H":"11","XQ":"11","9W":"11","R9":"11","82":"11","6P":"11","4J":"11","J6":"11","CG":"11","85":"11","83":"11","3H":"11","R8":"11","HG":"11","XV":"11","5C":"11","CW":"11","H7":"11","9Q":"11","5H":"11","7R":"11","78":"11","XM":"11","C7":"11","QJ":"11","PX":"11","P7":"11","W6":"11","X4":"11","P6":"11","2P":"11","H5":"11","HW":"11","7P":"11","9C":"11","42":"11","F3":"11","G6":"11","V5":"11","X8":"11","M5":"11","GM":"11","QQ":"11","4H":"11","H8":"11","CV":"11","WV":"11","W5":"11","J4":"11","94":"11","QF":"11","4G":"11","8G":"11","9F":"11","JC":"11","8M":"11","GV":"11","C3":"11","88":"11","J8":"11","9G":"11","Q9":"11","33":"11","JR":"11","9J":"11","86":"11","4P":"11","JJ":"11","J9":"11","FR":"11","P2":"11","3X":"11","HR":"11","7V":"11","4V":"11","96":"11","MJ":"11","CJ":"11","M6":"11","H3":"11","W3":"11","3J":"11","67":"11","4M":"11","XJ":"11","PP":"11","53":"11","JP":"11","4X":"11","MV":"11","3F":"11","H2":"11","Q8":"11","9V":"11","65":"11","Q3":"11","Q7":"11","C2":"11","V8":"11","8P":"11","MX":"11","PR":"11","QP":"11","PQ":"11","X2":"11","F5":"11","7X":"11","PW":"11","2W":"11","3V":"11","7C":"11","WJ":"11","56":"11","QX":"11","5J":"11","49":"11","J2":"11","5W":"11","CX":"11","8W":"11","P3":"11","GW":"11","M2":"11","24":"11","35":"11","Q2":"11","XC":"11","RP":"11","HH":"11","C6":"11","8R":"11","25":"11","CF":"11","F8":"11","34":"11","MG":"11","3Q":"11","6C":"11","8Q":"11","XW":"11","C4":"11","VW":"11","V4":"11","RG":"11","89":"11","RC":"11","WW":"11","29":"11","FC":"11","C9":"11","8F":"11","W8":"11","7F":"11","JQ":"11","JH":"11","6R":"11","5V":"11","M7":"11","GJ":"11","46":"11","8V":"11","74":"11","PH":"11","4C":"11","WF":"11","P5":"11","RF":"11","M3":"11","WR":"11","22":"11","39":"11","RM":"11","2J":"11","7G":"11","38":"11","6J":"11","9R":"11","84":"11","6F":"11","9P":"11","7M":"11","MW":"11","9H":"11","MC":"11","F7":"11","FX":"11","PM":"11","RQ":"11","48":"11","3R":"11","RV":"11","R2":"11","93":"11","6Q":"11","J7":"11","WM":"11","XP":"11","H9":"11","JW":"11","G5":"11","3C":"11","2X":"11","F4":"11","VV":"11","W2":"11","76":"11","WP":"11","G3":"11","HM":"11","8X":"11","69":"11","G8":"11","MP":"11","JX":"11","5F":"11","45":"11","F9":"11","MQ":"11","HP":"11","VM":"11","PC":"11","CH":"11","23":"11","32":"11","CM":"11","44":"11","64":"11","V9":"11","XG":"11","59":"11","52":"11","P9":"11","68":"11","2C":"11","6H":"11","VG":"11","3G":"11","W4":"11","VC":"11","V2":"11","F2":"11","FG":"11","5M":"11","JF":"11","R5":"11","5R":"11","6W":"11","27":"11","4Q":"11","QH":"11","5Q":"11","G7":"11","66":"11","7W":"11","9X":"11","X6":"11","5P":"11","R3":"11","X9":"11","FP":"11","FQ":"11","7Q":"11","4W":"11","J5":"11","2R":"11","HV":"11","3M":"11","GH":"11","77":"11","H4":"11","95":"11","HJ":"11","26":"11","JV":"11","8C":"11","55":"11","6G":"11","M9":"11","RR":"11","4F":"11","R6":"11","X7":"11","8J":"11","V7":"11","87":"11","FV":"11","G2":"11","JM":"11","62":"11","X5":"11","QM":"11"},"FW":{"QC":"11","3P":"11","RJ":"11","RH":"11","37":"11","F6":"11","GR":"11","XR":"11","36":"11","VJ":"11","GP":"11","5X":"11","57":"11","PG":"11","72":"11","2V":"11","GG":"11","3W":"11","7H":"11","47":"11","GF":"11","2G":"11","HQ":"11","JG":"11","Q5":"11","VR":"11","6M":"11","FF":"11","R7":"11","P4":"11","MF":"11","6V":"11","CP":"11","P8":"11","RX":"11","4R":"11","HF":"11","FW":"11","VH":"11","C5":"11","58":"11","C8":"11","79":"11","PV":"11","WQ":"11","J3":"11","HC":"11","VX":"11","28":"11","CQ":"11","PJ":"11","QG":"11","6X":"11","PF":"11","Q4":"11","V6":"11","VQ":"11","FJ":"11","7J":"11","MH":"11","2F":"11","XF":"11","Q6":"11","XH":"11","CR":"11","W9":"11","QW":"11","R4":"11","WC":"11","FM":"11","MM":"11","HX":"11","92":"11","X3":"11","54":"11","43":"11","2Q":"11","G4":"11","V3":"11","MR":"11","GX":"11","M8":"11","RW":"11","XX":"11","99":"11","2M":"11","GC":"11","73":"11","9M":"11","GQ":"11","QV":"11","63":"11","CC":"11","98":"11","VF":"11","M4":"11","WG":"11","W7":"11","H6":"11","VP":"11","QR":"11","G9":"11","WH":"11","FH":"11","WX":"11","5G":"11","2H":"11","8H":"11","XQ":"11","9W":"11","R9":"11","82":"11","6P":"11","4J":"11","J6":"11","CG":"11","83":"11","3H":"11","R8":"11","HG":"11","XV":"11","5C":"11","CW":"11","H7":"11","9Q":"11","5H":"11","7R":"11","78":"11","XM":"11","QJ":"11","PX":"11","P7":"11","W6":"11","X4":"11","P6":"11","2P":"11","H5":"11","HW":"11","7P":"11","9C":"11","42":"11","F3":"11","G6":"11","V5":"11","X8":"11","M5":"11","GM":"11","QQ":"11","4H":"11","H8":"11","CV":"11","WV":"11","W5":"11","J4":"11","94":"11","QF":"11","4G":"11","8G":"11","9F":"11","JC":"11","8M":"11","GV":"11","C3":"11","88":"11","J8":"11","9G":"11","Q9":"11","33":"11","JR":"11","9J":"11","4P":"11","JJ":"11","J9":"11","FR":"11","P2":"11","3X":"11","HR":"11","7V":"11","4V":"11","MJ":"11","CJ":"11","M6":"11","H3":"11","W3":"11","3J":"11","67":"11","4M":"11","XJ":"11","PP":"11","53":"11","JP":"11","4X":"11","MV":"11","3F":"11","H2":"11","Q8":"11","9V":"11","65":"11","Q3":"11","Q7":"11","C2":"11","V8":"11","8P":"11","MX":"11","PR":"11","QP":"11","PQ":"11","X2":"11","F5":"11","7X":"11","PW":"11","2W":"11","3V":"11","7C":"11","WJ":"11","56":"11","QX":"11","5J":"11","49":"11","J2":"11","5W":"11","CX":"11","8W":"11","GW":"11","P3":"11","M2":"11","24":"11","35":"11","Q2":"11","XC":"11","RP":"11","HH":"11","8R":"11","25":"11","CF":"11","F8":"11","34":"11","MG":"11","3Q":"11","6C":"11","8Q":"11","XW":"11","C4":"11","VW":"11","V4":"11","RG":"11","89":"11","RC":"11","WW":"11","29":"11","FC":"11","C9":"11","8F":"11","7F":"11","W8":"11","JQ":"11","JH":"11","6R":"11","5V":"11","M7":"11","GJ":"11","46":"11","8V":"11","74":"11","PH":"11","4C":"11","WF":"11","P5":"11","RF":"11","M3":"11","WR":"11","22":"11","39":"11","RM":"11","2J":"11","7G":"11","38":"11","6J":"11","9R":"11","6F":"11","9P":"11","7M":"11","MW":"11","9H":"11","MC":"11","F7":"11","FX":"11","PM":"11","RQ":"11","48":"11","3R":"11","RV":"11","R2":"11","93":"11","6Q":"11","J7":"11","WM":"11","XP":"11","H9":"11","JW":"11","G5":"11","3C":"11","2X":"11","F4":"11","VV":"11","W2":"11","WP":"11","G3":"11","HM":"11","8X":"11","69":"11","G8":"11","MP":"11","JX":"11","5F":"11","45":"11","F9":"11","MQ":"11","HP":"11","VM":"11","PC":"11","CH":"11","23":"11","32":"11","CM":"11","44":"11","64":"11","V9":"11","XG":"11","59":"11","52":"11","P9":"11","68":"11","2C":"11","6H":"11","VG":"11","3G":"11","W4":"11","VC":"11","V2":"11","F2":"11","FG":"11","5M":"11","JF":"11","R5":"11","5R":"11","6W":"11","27":"11","4Q":"11","QH":"11","5Q":"11","G7":"11","66":"11","7W":"11","9X":"11","X6":"11","5P":"11","R3":"11","X9":"11","FP":"11","FQ":"11","7Q":"11","4W":"11","J5":"11","2R":"11","HV":"11","3M":"11","GH":"11","77":"11","H4":"11","HJ":"11","26":"11","JV":"11","8C":"11","55":"11","6G":"11","M9":"11","4F":"11","RR":"11","R6":"11","X7":"11","8J":"11","V7":"11","FV":"11","G2":"11","JM":"11","62":"11","X5":"11","QM":"11"},"CW":{"8J":"11","6P":"11","V6":"11","8P":"11","H7":"11","4X":"11","9R":"11","C6":"11","R7":"11","FR":"11","3V":"11","7G":"11","2J":"11","MW":"11","PV":"11","8W":"11","6G":"11","6H":"11","CV":"11","HP":"11","3C":"11","VF":"11","XQ":"11","VP":"11","RW":"11","2P":"11","RM":"11","77":"11","M8":"11","R3":"11","CF":"11","67":"11","8H":"11","RP":"11","GF":"11","JC":"11","4H":"11","QW":"11","X5":"11","49":"11","JJ":"11","G8":"11","XR":"11","GV":"11","Q6":"11","W3":"11","69":"11","RH":"11","G9":"11","QJ":"11","4J":"11","F5":"11","QF":"11","3J":"11","86":"11","MF":"11","GQ":"11","4M":"11","97":"11","8M":"11","HF":"11","H9":"11","WH":"11","QV":"11","FV":"11","R6":"11","2G":"11","CC":"11","PQ":"11","CJ":"11","CR":"11","58":"11","W7":"11","68":"11","WV":"11","QX":"11","FP":"11","7Q":"11","XP":"11","H8":"11","9V":"11","GW":"11","3Q":"11","JX":"11","WP":"11","2F":"11","Q5":"11","MM":"11","MX":"11","8X":"11","MC":"11","96":"11","P9":"11","R9":"11","WC":"11","78":"11","VR":"11","M4":"11","9Q":"11","9X":"11","CX":"11","VW":"11","7V":"11","F8":"11","CH":"11","PR":"11","VX":"11","2X":"11","4C":"11","RF":"11","M9":"11","J9":"11","PW":"11","PH":"11","X7":"11","76":"11","JH":"11","88":"11","99":"11","5Q":"11","MJ":"11","G5":"11","GJ":"11","2V":"11","XX":"11","PF":"11","V7":"11","3W":"11","9P":"11","5P":"11","2H":"11","Q9":"11","JF":"11","V9":"11","JM":"11","7R":"11","W4":"11","WQ":"11","6R":"11","FJ":"11","CP":"11","M5":"11","X8":"11","JR":"11","J4":"11","HQ":"11","J7":"11","VH":"11","PX":"11","4P":"11","9F":"11","8Q":"11","GX":"11","WF":"11","7C":"11","7P":"11","6W":"11","MR":"11","Q8":"11","7J":"11","J8":"11","PP":"11","XM":"11","37":"11","5V":"11","H5":"11","QR":"11","F9":"11","HM":"11","FX":"11","P7":"11","V4":"11","HC":"11","29":"11","57":"11","3X":"11","HW":"11","F7":"11","59":"11","X6":"11","Q7":"11","HV":"11","JQ":"11","QH":"11","48":"11","JW":"11","9H":"11","8V":"11","HG":"11","CG":"11","VG":"11","PG":"11","XF":"11","F6":"11","XW":"11","JP":"11","7W":"11","W5":"11","7M":"11","RC":"11","V5":"11","PM":"11","RG":"11","6V":"11","7H":"11","V8":"11","RX":"11","X4":"11","QP":"11","HX":"11","JV":"11","R4":"11","FM":"11","2R":"11","3P":"11","MV":"11","QG":"11","X9":"11","MQ":"11","GC":"11","PC":"11","4V":"11","8R":"11","9M":"11","MH":"11","M7":"11","W6":"11","VJ":"11","WJ":"11","9W":"11","WX":"11","6F":"11","JG":"11","C7":"11","G6":"11","2W":"11","FF":"11","CW":"11","H6":"11","5M":"11","WR":"11","QM":"11","X3":"11","5R":"11","3F":"11","XV":"11","6J":"11","5F":"11","C9":"11","XJ":"11","6C":"11","P4":"11","FQ":"11","47":"11","FC":"11","RQ":"11","HR":"11","QC":"11","FG":"11","79":"11","8C":"11","6M":"11","VQ":"11","GG":"11","V3":"11","5C":"11","38":"11","R8":"11","2C":"11","RJ":"11","G7":"11","XC":"11","4Q":"11","89":"11","RR":"11","C5":"11","4R":"11","39":"11","WW":"11","P8":"11","3R":"11","CQ":"11","3M":"11","8G":"11","WG":"11","98":"11","QQ":"11","87":"11","C8":"11","5J":"11","5H":"11","5W":"11","4G":"11","7X":"11","XG":"11","W9":"11","9C":"11","4W":"11","MG":"11","R5":"11","9G":"11","RV":"11","MP":"11","J5":"11","GH":"11","2M":"11","5X":"11","6Q":"11","HH":"11","WM":"11","5G":"11","VV":"11","8F":"11","W8":"11","6X":"11","VM":"11","2Q":"11","GM":"11","7F":"11","FH":"11","VC":"11","PJ":"11","3G":"11","M6":"11","Q4":"11","HJ":"11","GR":"11","4F":"11","CM":"11","J6":"11","XH":"11","3H":"11","9J":"11","FW":"11","28":"11","P6":"11","GP":"11","P5":"11"},"HV":{"8J":"11","6P":"11","8P":"11","4X":"11","9R":"11","FR":"11","3V":"11","7G":"11","2J":"11","MW":"11","PV":"11","8W":"11","6G":"11","6H":"11","CV":"11","HP":"11","2P":"11","RM":"11","CF":"11","8H":"11","GF":"11","JC":"11","4H":"11","QW":"11","JJ":"11","GV":"11","RH":"11","QJ":"11","4J":"11","QF":"11","3J":"11","MF":"11","GQ":"11","4M":"11","8M":"11","HF":"11","QV":"11","FV":"11","PQ":"11","CJ":"11","CR":"11","QX":"11","FP":"11","7Q":"11","9V":"11","GW":"11","3Q":"11","JX":"11","MM":"11","MX":"11","8X":"11","MC":"11","P9":"11","R9":"11","9Q":"11","9X":"11","CX":"11","7V":"11","PR":"11","CH":"11","2X":"11","RF":"11","M9":"11","J9":"11","PW":"11","PH":"11","JH":"11","5Q":"11","MJ":"11","GJ":"11","2V":"11","PF":"11","3W":"11","9P":"11","5P":"11","Q9":"11","JF":"11","JM":"11","V9":"11","7R":"11","6R":"11","FJ":"11","CP":"11","JR":"11","HQ":"11","PX":"11","4P":"11","9F":"11","8Q":"11","GX":"11","7P":"11","6W":"11","MR":"11","Q8":"11","7J":"11","PP":"11","5V":"11","QR":"11","HM":"11","FX":"11","HC":"11","3X":"11","HW":"11","HV":"11","JQ":"11","QH":"11","JW":"11","9H":"11","8V":"11","HG":"11","CG":"11","PG":"11","JP":"11","7W":"11","7M":"11","RC":"11","PM":"11","RG":"11","6V":"11","7H":"11","V8":"11","QP":"11","HX":"11","JV":"11","FM":"11","2R":"11","3P":"11","MV":"11","QG":"11","MQ":"11","GC":"11","PC":"11","4V":"11","8R":"11","9M":"11","MH":"11","9W":"11","JG":"11","2W":"11","FF":"11","CW":"11","5M":"11","QM":"11","5R":"11","6J":"11","FQ":"11","HR":"11","FG":"11","QC":"11","6M":"11","GG":"11","R8":"11","RJ":"11","4Q":"11","4R":"11","3R":"11","CQ":"11","3M":"11","8G":"11","QQ":"11","5J":"11","5H":"11","5W":"11","7X":"11","4W":"11","MG":"11","9G":"11","MP":"11","GH":"11","2M":"11","5X":"11","6Q":"11","HH":"11","6X":"11","2Q":"11","GM":"11","FH":"11","PJ":"11","HJ":"11","GR":"11","CM":"11","3H":"11","9J":"11","FW":"11","GP":"11"},"9R":{"9X":"11","FX":"11","FW":"11","CX":"11"},"FV":{"XX":"11","MX":"11","HX":"11","QX":"11","GW":"11","RX":"11","FW":"11","7X":"11","JX":"11","CW":"11","GX":"11","9X":"11","6X":"11","PX":"11","8X":"11","CX":"11","FX":"11"},"GX":{"QC":"11","3P":"11","RJ":"11","RH":"11","37":"11","97":"11","F6":"11","GR":"11","XR":"11","36":"11","VJ":"11","GP":"11","5X":"11","57":"11","PG":"11","72":"11","2V":"11","GG":"11","3W":"11","7H":"11","47":"11","GF":"11","2G":"11","HQ":"11","JG":"11","Q5":"11","VR":"11","6M":"11","FF":"11","R7":"11","P4":"11","MF":"11","6V":"11","CP":"11","P8":"11","RX":"11","4R":"11","HF":"11","FW":"11","VH":"11","C5":"11","58":"11","C8":"11","79":"11","PV":"11","WQ":"11","J3":"11","HC":"11","VX":"11","28":"11","CQ":"11","PJ":"11","QG":"11","6X":"11","PF":"11","Q4":"11","V6":"11","VQ":"11","FJ":"11","7J":"11","MH":"11","2F":"11","XF":"11","Q6":"11","XH":"11","CR":"11","W9":"11","QW":"11","R4":"11","WC":"11","FM":"11","MM":"11","HX":"11","92":"11","X3":"11","54":"11","43":"11","2Q":"11","G4":"11","V3":"11","MR":"11","GX":"11","M8":"11","RW":"11","XX":"11","99":"11","2M":"11","GC":"11","73":"11","9M":"11","GQ":"11","QV":"11","63":"11","CC":"11","98":"11","VF":"11","M4":"11","WG":"11","W7":"11","H6":"11","VP":"11","QR":"11","G9":"11","WH":"11","75":"11","FH":"11","WX":"11","5G":"11","2H":"11","8H":"11","XQ":"11","9W":"11","R9":"11","82":"11","6P":"11","4J":"11","J6":"11","CG":"11","85":"11","83":"11","3H":"11","R8":"11","HG":"11","XV":"11","5C":"11","CW":"11","H7":"11","9Q":"11","5H":"11","7R":"11","78":"11","XM":"11","C7":"11","QJ":"11","PX":"11","P7":"11","W6":"11","X4":"11","P6":"11","2P":"11","H5":"11","HW":"11","7P":"11","9C":"11","42":"11","F3":"11","G6":"11","V5":"11","X8":"11","M5":"11","GM":"11","QQ":"11","4H":"11","H8":"11","CV":"11","WV":"11","W5":"11","J4":"11","94":"11","QF":"11","4G":"11","8G":"11","9F":"11","JC":"11","8M":"11","GV":"11","C3":"11","88":"11","J8":"11","9G":"11","Q9":"11","33":"11","JR":"11","9J":"11","86":"11","4P":"11","JJ":"11","J9":"11","FR":"11","P2":"11","3X":"11","HR":"11","7V":"11","4V":"11","96":"11","MJ":"11","CJ":"11","M6":"11","H3":"11","W3":"11","3J":"11","67":"11","4M":"11","XJ":"11","PP":"11","53":"11","JP":"11","4X":"11","MV":"11","3F":"11","H2":"11","Q8":"11","9V":"11","65":"11","Q3":"11","Q7":"11","C2":"11","V8":"11","8P":"11","MX":"11","PR":"11","QP":"11","PQ":"11","X2":"11","F5":"11","7X":"11","PW":"11","2W":"11","3V":"11","7C":"11","WJ":"11","56":"11","QX":"11","5J":"11","49":"11","J2":"11","5W":"11","CX":"11","8W":"11","GW":"11","P3":"11","M2":"11","24":"11","35":"11","Q2":"11","XC":"11","RP":"11","HH":"11","C6":"11","8R":"11","25":"11","CF":"11","F8":"11","34":"11","MG":"11","3Q":"11","6C":"11","8Q":"11","XW":"11","C4":"11","VW":"11","V4":"11","RG":"11","89":"11","RC":"11","WW":"11","29":"11","FC":"11","C9":"11","8F":"11","W8":"11","7F":"11","JQ":"11","JH":"11","6R":"11","5V":"11","M7":"11","GJ":"11","46":"11","8V":"11","74":"11","PH":"11","4C":"11","WF":"11","RF":"11","P5":"11","M3":"11","WR":"11","22":"11","39":"11","RM":"11","2J":"11","7G":"11","38":"11","6J":"11","9R":"11","84":"11","6F":"11","9P":"11","7M":"11","MW":"11","9H":"11","MC":"11","F7":"11","FX":"11","PM":"11","RQ":"11","48":"11","3R":"11","RV":"11","R2":"11","93":"11","6Q":"11","J7":"11","WM":"11","XP":"11","H9":"11","JW":"11","G5":"11","3C":"11","2X":"11","F4":"11","VV":"11","W2":"11","76":"11","WP":"11","G3":"11","HM":"11","8X":"11","69":"11","G8":"11","MP":"11","JX":"11","5F":"11","45":"11","F9":"11","MQ":"11","HP":"11","VM":"11","PC":"11","CH":"11","23":"11","32":"11","CM":"11","44":"11","64":"11","V9":"11","XG":"11","59":"11","52":"11","P9":"11","68":"11","2C":"11","6H":"11","VG":"11","3G":"11","W4":"11","VC":"11","V2":"11","F2":"11","FG":"11","5M":"11","JF":"11","R5":"11","5R":"11","6W":"11","27":"11","4Q":"11","QH":"11","5Q":"11","G7":"11","66":"11","7W":"11","9X":"11","X6":"11","5P":"11","R3":"11","X9":"11","FP":"11","FQ":"11","7Q":"11","4W":"11","J5":"11","2R":"11","HV":"11","3M":"11","GH":"11","77":"11","H4":"11","95":"11","HJ":"11","26":"11","JV":"11","8C":"11","55":"11","6G":"11","M9":"11","RR":"11","4F":"11","R6":"11","X7":"11","8J":"11","V7":"11","87":"11","FV":"11","G2":"11","JM":"11","62":"11","X5":"11","QM":"11"},"GV":{"CR":"11","QX":"11","VX":"11","WP":"11","GX":"11","VR":"11","GQ":"11","PQ":"11","CW":"11","FW":"11","5W":"11","JW":"11","XW":"11","QQ":"11","6W":"11","FR":"11","XP":"11","PR":"11","VM":"11","2X":"11","HW":"11","RW":"11","RV":"11","MR":"11","XV":"11","5X":"11","8W":"11","RQ":"11","3X":"11","4X":"11","QV":"11","WQ":"11","WX":"11","7V":"11","WW":"11","GV":"11","MQ":"11","HX":"11","QR":"11","JV":"11","JQ":"11","RR":"11","HQ":"11","PV":"11","VP":"11","VW":"11","8X":"11","VQ":"11","9W":"11","JX":"11","4W":"11","GW":"11","PX":"11","9X":"11","6X":"11","GR":"11","RM":"11","7X":"11","XJ":"11","FX":"11","PP":"11","QP":"11","XM":"11","RX":"11","QW":"11","MV":"11","XR":"11","RP":"11","XX":"11","MP":"11","WM":"11","7W":"11","WR":"11","XQ":"11","FV":"11","CV":"11","PW":"11","MX":"11","VV":"11","JR":"11","MW":"11","9V":"11","8V":"11","WV":"11","HR":"11","CX":"11","HV":"11"},"9W":{"V6":"11","H7":"11","C6":"11","R7":"11","C2":"11","MW":"11","PV":"11","HP":"11","VF":"11","XQ":"11","VP":"11","RW":"11","G4":"11","RM":"11","77":"11","M8":"11","74":"11","R3":"11","CF":"11","M2":"11","67":"11","56":"11","RP":"11","GF":"11","JC":"11","QW":"11","P3":"11","X5":"11","84":"11","JJ":"11","G8":"11","XR":"11","Q6":"11","W3":"11","69":"11","G9":"11","RH":"11","QJ":"11","F5":"11","QF":"11","32":"11","H4":"11","86":"11","MF":"11","GQ":"11","97":"11","HF":"11","H9":"11","WH":"11","QV":"11","P2":"11","R6":"11","CC":"11","PQ":"11","33":"11","58":"11","W7":"11","68":"11","QX":"11","WV":"11","XP":"11","H8":"11","JX":"11","WP":"11","Q5":"11","MM":"11","MX":"11","MC":"11","96":"11","P9":"11","R9":"11","WC":"11","78":"11","VR":"11","M4":"11","72":"11","VW":"11","F8":"11","PR":"11","VX":"11","RF":"11","M9":"11","PW":"11","J9":"11","PH":"11","C4":"11","X7":"11","76":"11","JH":"11","88":"11","99":"11","MJ":"11","G5":"11","GJ":"11","XX":"11","PF":"11","V7":"11","65":"11","Q9":"11","JF":"11","JM":"11","V9":"11","W4":"11","WQ":"11","M5":"11","X8":"11","JR":"11","35":"11","J4":"11","HQ":"11","J7":"11","VH":"11","43":"11","PX":"11","9F":"11","46":"11","WF":"11","95":"11","7C":"11","MR":"11","Q8":"11","J8":"11","44":"11","PP":"11","34":"11","XM":"11","55":"11","H5":"11","QR":"11","F9":"11","H3":"11","HM":"11","P7":"11","V4":"11","Q3":"11","HC":"11","57":"11","HW":"11","F7":"11","59":"11","X6":"11","Q7":"11","V2":"11","HV":"11","JQ":"11","QH":"11","48":"11","JW":"11","82":"11","HG":"11","Q2":"11","VG":"11","PG":"11","XF":"11","F6":"11","XW":"11","36":"11","JP":"11","W5":"11","RC":"11","V5":"11","PM":"11","RG":"11","J2":"11","V8":"11","62":"11","RX":"11","G2":"11","QP":"11","HX":"11","JV":"11","R4":"11","MV":"11","QG":"11","X9":"11","MQ":"11","GC":"11","PC":"11","73":"11","24":"11","85":"11","53":"11","H2":"11","MH":"11","M7":"11","W6":"11","VJ":"11","WJ":"11","92":"11","45":"11","WX":"11","42":"11","75":"11","JG":"11","C7":"11","G6":"11","FF":"11","H6":"11","WR":"11","QM":"11","M3":"11","R2":"11","XV":"11","F4":"11","C3":"11","C9":"11","XJ":"11","6C":"11","P4":"11","47":"11","FC":"11","RQ":"11","HR":"11","FG":"11","QC":"11","25":"11","79":"11","8C":"11","VQ":"11","GG":"11","V3":"11","66":"11","63":"11","94":"11","R8":"11","RJ":"11","G7":"11","XC":"11","23":"11","89":"11","RR":"11","C5":"11","WW":"11","P8":"11","WG":"11","98":"11","QQ":"11","87":"11","J3":"11","C8":"11","XG":"11","W9":"11","9C":"11","MG":"11","R5":"11","RV":"11","MP":"11","J5":"11","GH":"11","64":"11","HH":"11","WM":"11","VV":"11","8F":"11","W8":"11","VM":"11","GM":"11","7F":"11","FH":"11","F2":"11","VC":"11","PJ":"11","22":"11","M6":"11","Q4":"11","HJ":"11","GR":"11","54":"11","93":"11","F3":"11","J6":"11","XH":"11","P6":"11","52":"11","GP":"11","G3":"11","P5":"11","83":"11"},"9X":{"P2":"11","J6":"11","RV":"11","P8":"11","M3":"11","Q4":"11","WQ":"11","XM":"11","M7":"11","RR":"11","Q6":"11","VW":"11","RJ":"11","VX":"11","WP":"11","VR":"11","X4":"11","M9":"11","VC":"11","W9":"11","R4":"11","RH":"11","VJ":"11","QM":"11","X2":"11","QR":"11","QH":"11","WV":"11","QP":"11","R8":"11","W5":"11","R2":"11","P7":"11","XJ":"11","Q7":"11","P3":"11","RF":"11","Q3":"11","RG":"11","XG":"11","J2":"11","Q2":"11","H2":"11","R9":"11","M5":"11","PH":"11","WX":"11","W4":"11","V9":"11","VP":"11","V4":"11","R3":"11","QG":"11","RP":"11","QV":"11","R5":"11","WM":"11","J3":"11","WC":"11","VQ":"11","Q9":"11","RQ":"11","XH":"11","V7":"11","V5":"11","J5":"11","RX":"11","WF":"11","RM":"11","XP":"11","VH":"11","X8":"11","WR":"11","V8":"11","XC":"11","M8":"11","XV":"11","X3":"11","WW":"11","XQ":"11","R7":"11","QJ":"11","RW":"11","XW":"11","X5":"11","W3":"11","WJ":"11","PG":"11","V6":"11","QC":"11","M2":"11","P9":"11","VG":"11","X7":"11","W6":"11","PC":"11","PJ":"11","J4":"11","Q8":"11","PF":"11","P4":"11","W8":"11","QF":"11","VV":"11","X6":"11","MC":"11","W2":"11","W7":"11","XR":"11","Q5":"11","PM":"11","X9":"11","R6":"11","XX":"11","V3":"11","MF":"11","M6":"11","V2":"11","VF":"11","QQ":"11","WG":"11","P6":"11","VM":"11","XF":"11","P5":"11","WH":"11","M4":"11","RC":"11"},"8V":{"XR":"11","VW":"11","RJ":"11","XJ":"11","MP":"11","QV":"11","RC":"11","RF":"11","WC":"11","WP":"11","QR":"11","RP":"11","QQ":"11","RR":"11","WQ":"11","PM":"11","QH":"11","PH":"11","WH":"11","WF":"11","XH":"11","WW":"11","W9":"11","RH":"11","VR":"11","XP":"11","VG":"11","VF":"11","XQ":"11","XF":"11","WM":"11","QM":"11","XM":"11","WR":"11","WV":"11","RG":"11","PQ":"11","XG":"11","PR":"11","RQ":"11","VQ":"11","XW":"11","X9":"11","QF":"11","X8":"11","XX":"11","PJ":"11","QG":"11","RW":"11","PG":"11","PP":"11","RV":"11","VV":"11","WG":"11","V9":"11","VH":"11","VX":"11","VJ":"11","QP":"11","XV":"11","WX":"11","WJ":"11","RM":"11","VP":"11","QJ":"11","XC":"11","VC":"11","VM":"11"},"9V":{"8J":"11","6P":"11","8P":"11","H7":"11","4X":"11","9R":"11","C6":"11","FR":"11","C2":"11","3V":"11","7G":"11","2J":"11","MW":"11","PV":"11","8W":"11","6G":"11","6H":"11","HP":"11","CV":"11","3C":"11","RW":"11","G4":"11","2P":"11","77":"11","74":"11","CF":"11","67":"11","8H":"11","56":"11","GF":"11","JC":"11","4H":"11","QW":"11","49":"11","84":"11","JJ":"11","G8":"11","GV":"11","69":"11","G9":"11","4J":"11","F5":"11","3J":"11","86":"11","MF":"11","GQ":"11","4M":"11","97":"11","8M":"11","HF":"11","H9":"11","QV":"11","FV":"11","2G":"11","CC":"11","PQ":"11","CJ":"11","CR":"11","58":"11","68":"11","QX":"11","FP":"11","7Q":"11","H8":"11","9V":"11","GW":"11","3Q":"11","JX":"11","27":"11","2F":"11","MM":"11","MX":"11","8X":"11","MC":"11","96":"11","78":"11","9Q":"11","9X":"11","CX":"11","VW":"11","7V":"11","F8":"11","CH":"11","PR":"11","VX":"11","2X":"11","4C":"11","PH":"11","J9":"11","PW":"11","C4":"11","76":"11","JH":"11","88":"11","99":"11","5Q":"11","MJ":"11","G5":"11","GJ":"11","2V":"11","65":"11","3W":"11","9P":"11","5P":"11","2H":"11","JF":"11","JM":"11","7R":"11","6R":"11","FJ":"11","CP":"11","JR":"11","HQ":"11","J7":"11","PX":"11","4P":"11","9F":"11","8Q":"11","GX":"11","46":"11","95":"11","7C":"11","7P":"11","6W":"11","MR":"11","7J":"11","J8":"11","PP":"11","37":"11","5V":"11","55":"11","H5":"11","QR":"11","F9":"11","HM":"11","FX":"11","HC":"11","29":"11","HW":"11","57":"11","3X":"11","F7":"11","59":"11","HV":"11","JQ":"11","48":"11","JW":"11","9H":"11","82":"11","8V":"11","HG":"11","CG":"11","F6":"11","36":"11","JP":"11","7W":"11","7M":"11","PM":"11","6V":"11","7H":"11","RX":"11","G2":"11","QP":"11","HX":"11","JV":"11","FM":"11","2R":"11","3P":"11","MV":"11","MQ":"11","GC":"11","73":"11","4V":"11","8R":"11","9M":"11","85":"11","MH":"11","92":"11","9W":"11","6F":"11","75":"11","JG":"11","C7":"11","G6":"11","2W":"11","FF":"11","CW":"11","H6":"11","5M":"11","QM":"11","5R":"11","3F":"11","6J":"11","F4":"11","C3":"11","5F":"11","C9":"11","6C":"11","FQ":"11","47":"11","FC":"11","HR":"11","FG":"11","79":"11","8C":"11","6M":"11","GG":"11","5C":"11","66":"11","94":"11","38":"11","2C":"11","G7":"11","4Q":"11","89":"11","RR":"11","C5":"11","4R":"11","39":"11","3R":"11","CQ":"11","3M":"11","8G":"11","98":"11","QQ":"11","87":"11","C8":"11","5J":"11","5H":"11","5W":"11","4G":"11","7X":"11","9C":"11","4W":"11","MG":"11","9G":"11","RV":"11","MP":"11","GH":"11","2M":"11","5X":"11","64":"11","6Q":"11","HH":"11","5G":"11","8F":"11","6X":"11","2Q":"11","GM":"11","7F":"11","FH":"11","F2":"11","PJ":"11","3G":"11","HJ":"11","GR":"11","4F":"11","93":"11","CM":"11","F3":"11","3H":"11","9J":"11","FW":"11","28":"11","GP":"11","G3":"11","83":"11"},"HW":{"3P":"11","37":"11","97":"11","F6":"11","GR":"11","36":"11","GP":"11","5X":"11","57":"11","PG":"11","72":"11","2V":"11","GG":"11","3W":"11","7H":"11","47":"11","GF":"11","2G":"11","HQ":"11","JG":"11","6M":"11","FF":"11","P4":"11","MF":"11","6V":"11","CP":"11","P8":"11","4R":"11","HF":"11","FW":"11","C5":"11","58":"11","C8":"11","79":"11","PV":"11","J3":"11","HC":"11","28":"11","CQ":"11","PJ":"11","6X":"11","PF":"11","FJ":"11","7J":"11","MH":"11","2F":"11","CR":"11","FM":"11","MM":"11","HX":"11","92":"11","54":"11","43":"11","2Q":"11","G4":"11","MR":"11","GX":"11","M8":"11","99":"11","2M":"11","GC":"11","73":"11","9M":"11","GQ":"11","63":"11","CC":"11","98":"11","M4":"11","H6":"11","G9":"11","75":"11","FH":"11","5G":"11","2H":"11","8H":"11","9W":"11","82":"11","6P":"11","4J":"11","J6":"11","CG":"11","85":"11","83":"11","3H":"11","HG":"11","5C":"11","CW":"11","H7":"11","9Q":"11","5H":"11","7R":"11","78":"11","C7":"11","PX":"11","P7":"11","P6":"11","2P":"11","H5":"11","HW":"11","7P":"11","9C":"11","42":"11","F3":"11","G6":"11","M5":"11","GM":"11","4H":"11","H8":"11","CV":"11","J4":"11","94":"11","4G":"11","8G":"11","9F":"11","JC":"11","8M":"11","GV":"11","C3":"11","88":"11","J8":"11","9G":"11","33":"11","JR":"11","9J":"11","86":"11","4P":"11","JJ":"11","J9":"11","FR":"11","P2":"11","3X":"11","HR":"11","7V":"11","4V":"11","96":"11","MJ":"11","CJ":"11","M6":"11","H3":"11","3J":"11","67":"11","4M":"11","PP":"11","53":"11","JP":"11","4X":"11","MV":"11","3F":"11","H2":"11","9V":"11","65":"11","C2":"11","8P":"11","MX":"11","PR":"11","PQ":"11","F5":"11","7X":"11","PW":"11","2W":"11","3V":"11","7C":"11","56":"11","5J":"11","49":"11","J2":"11","5W":"11","CX":"11","8W":"11","GW":"11","P3":"11","M2":"11","24":"11","35":"11","Q2":"11","HH":"11","C6":"11","8R":"11","25":"11","CF":"11","F8":"11","34":"11","MG":"11","3Q":"11","6C":"11","8Q":"11","C4":"11","89":"11","29":"11","FC":"11","C9":"11","8F":"11","7F":"11","JQ":"11","JH":"11","6R":"11","5V":"11","M7":"11","GJ":"11","46":"11","8V":"11","74":"11","PH":"11","4C":"11","P5":"11","M3":"11","22":"11","39":"11","2J":"11","7G":"11","38":"11","6J":"11","9R":"11","84":"11","6F":"11","9P":"11","7M":"11","MW":"11","9H":"11","MC":"11","F7":"11","FX":"11","PM":"11","48":"11","3R":"11","93":"11","6Q":"11","J7":"11","H9":"11","JW":"11","G5":"11","3C":"11","2X":"11","F4":"11","76":"11","G3":"11","HM":"11","8X":"11","69":"11","G8":"11","MP":"11","JX":"11","5F":"11","45":"11","F9":"11","MQ":"11","HP":"11","PC":"11","CH":"11","23":"11","32":"11","CM":"11","44":"11","64":"11","59":"11","52":"11","P9":"11","68":"11","2C":"11","6H":"11","3G":"11","F2":"11","FG":"11","5M":"11","JF":"11","5R":"11","6W":"11","27":"11","4Q":"11","5Q":"11","G7":"11","66":"11","7W":"11","9X":"11","5P":"11","FP":"11","FQ":"11","7Q":"11","4W":"11","J5":"11","2R":"11","HV":"11","3M":"11","GH":"11","77":"11","H4":"11","95":"11","HJ":"11","26":"11","JV":"11","8C":"11","55":"11","6G":"11","M9":"11","4F":"11","8J":"11","87":"11","FV":"11","G2":"11","JM":"11","62":"11"},"CX":{"QC":"11","3P":"11","RJ":"11","RH":"11","37":"11","97":"11","F6":"11","GR":"11","XR":"11","36":"11","VJ":"11","GP":"11","5X":"11","57":"11","PG":"11","72":"11","2V":"11","GG":"11","3W":"11","7H":"11","47":"11","GF":"11","2G":"11","HQ":"11","JG":"11","Q5":"11","VR":"11","6M":"11","FF":"11","R7":"11","P4":"11","MF":"11","6V":"11","CP":"11","P8":"11","RX":"11","4R":"11","HF":"11","FW":"11","VH":"11","C5":"11","58":"11","C8":"11","79":"11","PV":"11","WQ":"11","J3":"11","HC":"11","VX":"11","28":"11","CQ":"11","PJ":"11","QG":"11","6X":"11","PF":"11","Q4":"11","V6":"11","VQ":"11","FJ":"11","7J":"11","MH":"11","2F":"11","XF":"11","Q6":"11","XH":"11","CR":"11","W9":"11","QW":"11","R4":"11","WC":"11","FM":"11","MM":"11","HX":"11","92":"11","X3":"11","54":"11","43":"11","2Q":"11","G4":"11","V3":"11","MR":"11","GX":"11","M8":"11","RW":"11","XX":"11","99":"11","2M":"11","GC":"11","73":"11","9M":"11","GQ":"11","QV":"11","63":"11","CC":"11","98":"11","VF":"11","M4":"11","WG":"11","W7":"11","H6":"11","VP":"11","QR":"11","G9":"11","WH":"11","75":"11","FH":"11","WX":"11","5G":"11","2H":"11","8H":"11","XQ":"11","9W":"11","R9":"11","82":"11","6P":"11","4J":"11","J6":"11","CG":"11","85":"11","83":"11","3H":"11","R8":"11","HG":"11","XV":"11","5C":"11","CW":"11","H7":"11","9Q":"11","5H":"11","7R":"11","78":"11","XM":"11","C7":"11","QJ":"11","PX":"11","P7":"11","W6":"11","X4":"11","P6":"11","2P":"11","H5":"11","HW":"11","7P":"11","9C":"11","42":"11","F3":"11","G6":"11","V5":"11","X8":"11","M5":"11","GM":"11","QQ":"11","4H":"11","H8":"11","CV":"11","WV":"11","W5":"11","J4":"11","94":"11","QF":"11","4G":"11","8G":"11","9F":"11","JC":"11","8M":"11","GV":"11","C3":"11","88":"11","J8":"11","9G":"11","Q9":"11","33":"11","JR":"11","9J":"11","86":"11","4P":"11","JJ":"11","J9":"11","FR":"11","P2":"11","3X":"11","HR":"11","7V":"11","4V":"11","96":"11","MJ":"11","CJ":"11","M6":"11","H3":"11","W3":"11","3J":"11","67":"11","4M":"11","XJ":"11","PP":"11","53":"11","JP":"11","4X":"11","MV":"11","3F":"11","H2":"11","Q8":"11","9V":"11","65":"11","Q3":"11","Q7":"11","C2":"11","V8":"11","8P":"11","MX":"11","PR":"11","QP":"11","PQ":"11","X2":"11","F5":"11","7X":"11","PW":"11","2W":"11","3V":"11","7C":"11","WJ":"11","56":"11","QX":"11","5J":"11","49":"11","J2":"11","5W":"11","CX":"11","8W":"11","GW":"11","P3":"11","M2":"11","24":"11","35":"11","Q2":"11","XC":"11","RP":"11","HH":"11","C6":"11","8R":"11","25":"11","CF":"11","F8":"11","34":"11","MG":"11","3Q":"11","6C":"11","8Q":"11","XW":"11","C4":"11","VW":"11","V4":"11","RG":"11","89":"11","RC":"11","WW":"11","29":"11","FC":"11","C9":"11","8F":"11","W8":"11","7F":"11","JQ":"11","JH":"11","6R":"11","5V":"11","M7":"11","GJ":"11","46":"11","8V":"11","74":"11","PH":"11","4C":"11","WF":"11","P5":"11","RF":"11","M3":"11","WR":"11","22":"11","39":"11","RM":"11","2J":"11","7G":"11","38":"11","6J":"11","9R":"11","84":"11","6F":"11","9P":"11","7M":"11","MW":"11","9H":"11","MC":"11","F7":"11","FX":"11","PM":"11","RQ":"11","48":"11","3R":"11","RV":"11","R2":"11","93":"11","6Q":"11","J7":"11","WM":"11","XP":"11","H9":"11","JW":"11","G5":"11","3C":"11","2X":"11","F4":"11","VV":"11","W2":"11","76":"11","WP":"11","G3":"11","HM":"11","8X":"11","69":"11","G8":"11","MP":"11","JX":"11","5F":"11","45":"11","F9":"11","MQ":"11","HP":"11","VM":"11","PC":"11","CH":"11","23":"11","32":"11","CM":"11","44":"11","64":"11","V9":"11","XG":"11","59":"11","52":"11","P9":"11","68":"11","2C":"11","6H":"11","VG":"11","3G":"11","W4":"11","VC":"11","V2":"11","F2":"11","FG":"11","5M":"11","JF":"11","R5":"11","5R":"11","6W":"11","27":"11","4Q":"11","QH":"11","5Q":"11","G7":"11","66":"11","7W":"11","9X":"11","X6":"11","5P":"11","R3":"11","X9":"11","FP":"11","FQ":"11","7Q":"11","4W":"11","J5":"11","2R":"11","HV":"11","3M":"11","GH":"11","77":"11","H4":"11","95":"11","HJ":"11","26":"11","JV":"11","8C":"11","55":"11","6G":"11","M9":"11","RR":"11","4F":"11","R6":"11","X7":"11","8J":"11","V7":"11","87":"11","FV":"11","G2":"11","JM":"11","62":"11","X5":"11","QM":"11"},"FX":{"QC":"11","3P":"11","RJ":"11","RH":"11","37":"11","97":"11","F6":"11","GR":"11","XR":"11","36":"11","VJ":"11","GP":"11","5X":"11","57":"11","PG":"11","72":"11","2V":"11","GG":"11","3W":"11","7H":"11","47":"11","GF":"11","2G":"11","HQ":"11","JG":"11","Q5":"11","VR":"11","6M":"11","FF":"11","R7":"11","P4":"11","MF":"11","6V":"11","CP":"11","P8":"11","RX":"11","4R":"11","HF":"11","FW":"11","VH":"11","C5":"11","58":"11","C8":"11","79":"11","PV":"11","WQ":"11","J3":"11","HC":"11","VX":"11","28":"11","CQ":"11","PJ":"11","QG":"11","6X":"11","PF":"11","Q4":"11","V6":"11","VQ":"11","FJ":"11","7J":"11","MH":"11","2F":"11","XF":"11","Q6":"11","XH":"11","CR":"11","W9":"11","QW":"11","R4":"11","WC":"11","FM":"11","MM":"11","HX":"11","92":"11","X3":"11","54":"11","43":"11","2Q":"11","G4":"11","V3":"11","MR":"11","GX":"11","M8":"11","RW":"11","XX":"11","99":"11","2M":"11","GC":"11","73":"11","9M":"11","GQ":"11","QV":"11","63":"11","CC":"11","98":"11","VF":"11","M4":"11","WG":"11","W7":"11","H6":"11","VP":"11","QR":"11","G9":"11","WH":"11","75":"11","FH":"11","WX":"11","5G":"11","2H":"11","8H":"11","9W":"11","XQ":"11","R9":"11","82":"11","6P":"11","4J":"11","J6":"11","CG":"11","85":"11","83":"11","3H":"11","R8":"11","HG":"11","XV":"11","5C":"11","CW":"11","H7":"11","9Q":"11","5H":"11","7R":"11","78":"11","C7":"11","XM":"11","QJ":"11","PX":"11","P7":"11","W6":"11","X4":"11","P6":"11","2P":"11","H5":"11","HW":"11","7P":"11","9C":"11","42":"11","F3":"11","G6":"11","V5":"11","X8":"11","M5":"11","GM":"11","QQ":"11","4H":"11","H8":"11","CV":"11","WV":"11","W5":"11","J4":"11","94":"11","4G":"11","QF":"11","8G":"11","9F":"11","JC":"11","8M":"11","GV":"11","C3":"11","88":"11","J8":"11","9G":"11","Q9":"11","33":"11","JR":"11","9J":"11","86":"11","4P":"11","JJ":"11","J9":"11","FR":"11","P2":"11","3X":"11","HR":"11","7V":"11","4V":"11","96":"11","MJ":"11","CJ":"11","M6":"11","H3":"11","W3":"11","3J":"11","67":"11","4M":"11","XJ":"11","PP":"11","53":"11","JP":"11","4X":"11","MV":"11","3F":"11","H2":"11","Q8":"11","9V":"11","65":"11","Q3":"11","Q7":"11","C2":"11","V8":"11","8P":"11","MX":"11","PR":"11","QP":"11","PQ":"11","X2":"11","F5":"11","7X":"11","PW":"11","2W":"11","3V":"11","7C":"11","WJ":"11","56":"11","QX":"11","5J":"11","49":"11","J2":"11","5W":"11","CX":"11","8W":"11","GW":"11","P3":"11","M2":"11","24":"11","35":"11","Q2":"11","XC":"11","RP":"11","HH":"11","C6":"11","8R":"11","25":"11","CF":"11","F8":"11","34":"11","MG":"11","3Q":"11","6C":"11","8Q":"11","XW":"11","C4":"11","VW":"11","V4":"11","RG":"11","89":"11","RC":"11","WW":"11","29":"11","FC":"11","C9":"11","8F":"11","7F":"11","W8":"11","JQ":"11","JH":"11","6R":"11","5V":"11","M7":"11","GJ":"11","46":"11","8V":"11","74":"11","PH":"11","4C":"11","WF":"11","P5":"11","RF":"11","M3":"11","WR":"11","22":"11","39":"11","RM":"11","2J":"11","7G":"11","38":"11","6J":"11","9R":"11","84":"11","6F":"11","9P":"11","7M":"11","MW":"11","9H":"11","MC":"11","F7":"11","FX":"11","PM":"11","RQ":"11","48":"11","3R":"11","RV":"11","R2":"11","93":"11","6Q":"11","J7":"11","WM":"11","XP":"11","H9":"11","JW":"11","G5":"11","3C":"11","2X":"11","F4":"11","VV":"11","W2":"11","76":"11","WP":"11","G3":"11","HM":"11","8X":"11","69":"11","G8":"11","MP":"11","JX":"11","5F":"11","45":"11","F9":"11","MQ":"11","HP":"11","VM":"11","PC":"11","CH":"11","23":"11","32":"11","CM":"11","44":"11","64":"11","V9":"11","XG":"11","59":"11","52":"11","P9":"11","68":"11","2C":"11","6H":"11","VG":"11","3G":"11","W4":"11","VC":"11","V2":"11","F2":"11","FG":"11","5M":"11","JF":"11","R5":"11","5R":"11","6W":"11","27":"11","4Q":"11","QH":"11","5Q":"11","G7":"11","66":"11","7W":"11","9X":"11","X6":"11","5P":"11","R3":"11","X9":"11","FP":"11","FQ":"11","7Q":"11","4W":"11","J5":"11","2R":"11","HV":"11","3M":"11","GH":"11","77":"11","H4":"11","95":"11","HJ":"11","26":"11","JV":"11","8C":"11","55":"11","6G":"11","M9":"11","RR":"11","4F":"11","R6":"11","X7":"11","8J":"11","V7":"11","87":"11","FV":"11","G2":"11","JM":"11","62":"11","X5":"11","QM":"11"}},"MH":{"PR":{"M8":"11"}},"9V":{"X9":{"37":"11","68":"11","66":"11","6C":"11","38":"11","67":"11","36":"11","47":"11","26":"11","58":"11","39":"11","2C":"11","35":"11","48":"11","28":"11","57":"11","5C":"11","59":"11","46":"11","6F":"11","29":"11","3C":"11","55":"11","49":"11","69":"11","45":"11","4C":"11","27":"11","5F":"11","4F":"11","56":"11"},"W9":{"W9":"11","R8":"11","X7":"11","X8":"11","V6":"11","R7":"11","X9":"11","X6":"11","W8":"11","V8":"11","W6":"11","V9":"11","W7":"11","XC":"11","V7":"11","W5":"11"}},"HH":{"WR":{"MJ":"11"}},"VM":{"PJ":{"FH":"11","GJ":"11","FJ":"11","CH":"11","HJ":"11"},"HG":{"W2":"11","W3":"11","V2":"11","X3":"11","R2":"11"},"MG":{"6X":"11","2Q":"11","2R":"11","4W":"11","5X":"11","2P":"11","5W":"11","3V":"11","4V":"11","3Q":"11","4X":"11","3R":"11"},"HF":{"HR":"11","PV":"11","PW":"11","JR":"11","QX":"11","RX":"11","MW":"11","QW":"11","MV":"11","JV":"11","VX":"11"},"96":{"MX":"11","JX":"11","HQ":"11","GP":"11","JV":"11","GJ":"11","GM":"11","HR":"11","HV":"11","HJ":"11","JW":"11","HP":"11"},"MH":{"F8":"11","GF":"11","GC":"11","MM":"11","96":"11","52":"11","HG":"11","74":"11","73":"11","86":"11","C8":"11","C7":"11","JM":"11","JJ":"11","HF":"11","JG":"11","FC":"11","G9":"11","JH":"11","63":"11","F9":"11","72":"11","85":"11","97":"11","84":"11","HH":"11","MJ":"11","95":"11","62":"11","MH":"11"},"JG":{"44":"11","F8":"11","RJ":"11","G8":"11","66":"11","96":"11","J9":"11","QH":"11","MF":"11","34":"11","RH":"11","87":"11","23":"11","XP":"11","35":"11","86":"11","WM":"11","PF":"11","65":"11","XM":"11","RG":"11","C7":"11","76":"11","G7":"11","QG":"11","PG":"11","H9":"11","55":"11","H8":"11","VH":"11","VJ":"11","24":"11","F7":"11","45":"11","97":"11","JC":"11","WJ":"11","MC":"11","56":"11"},"84":{"99":"11","FH":"11","88":"11","CF":"11","CG":"11","FJ":"11","CC":"11","CH":"11","9C":"11","98":"11","C9":"11"},"C9":{"8R":"11","CV":"11","GW":"11","FW":"11","CW":"11","9R":"11","GX":"11","9V":"11","FX":"11"},"98":{"PJ":"11","PR":"11","QH":"11","PV":"11","RC":"11","PH":"11","PQ":"11","PM":"11","PP":"11","QF":"11","QV":"11","QC":"11","QG":"11"}}}}