{"index":{"university,1|retail,2|tourism,3|wreck,4|historical,5|artsCulture,6|namedBuilding,7|water,8|wetland,9|park,10|beach,11|natureReserve,12|cemetery,13|trail,14":{}},"5G":{"QJ":{"4R":{"PQ":"11","PP":"11"}},"WP":{"V6":{"RM":"11","VH":"11","VJ":"11","QJ":"11","QM":"11","RJ":"11"},"35":{"MH":"11","MG":"11","JH":"11"},"24":{"XC":"11","WC":"11","V8":"11","V7":"11","XF":"11","W9":"11","W8":"11"},"45":{"38":"11","48":"11","78":"11","88":"11","9C":"11","29":"11","49":"11","28":"11","68":"11","89":"11","39":"11","79":"11","58":"11","99":"11"},"98":{"J3":"11","J4":"11"}},"CQ":{"5C":{"3P":"11","4R":"11","2P":"11","4V":"11","3Q":"11","2M":"11","4W":"11","4Q":"11","2H":"11","2J":"11","4X":"11"},"6F":{"F5":"11","85":"11","97":"11","44":"11","62":"11","64":"11","C7":"11","J5":"11","87":"11","73":"11","78":"11","56":"11","P5":"11","G6":"11","C6":"11","X5":"11","86":"11","75":"11","88":"11","F6":"11","67":"11","98":"11","54":"11","Q4":"11","96":"11","R5":"11","V5":"11","43":"11","95":"11","V4":"11","52":"11","57":"11","66":"11","Q5":"11","H5":"11","63":"11","65":"11","R4":"11","X6":"11","47":"11","C8":"11","53":"11","W4":"11","C5":"11","W5":"11","G5":"11","74":"11","M5":"11","46":"11","76":"11","84":"11","77":"11","68":"11","X4":"11"},"8F":{"HJ":"11","QJ":"11","MF":"11","WP":"11","MH":"11","WG":"11","VR":"11","CH":"11","PQ":"11","2M":"11","4G":"11","9H":"11","8G":"11","XW":"11","QQ":"11","QF":"11","PF":"11","5G":"11","XP":"11","PR":"11","CF":"11","PJ":"11","VM":"11","HH":"11","HP":"11","WJ":"11","7G":"11","HM":"11","6M":"11","JG":"11","RF":"11","RV":"11","XV":"11","RQ":"11","MG":"11","GG":"11","4J":"11","8H":"11","PH":"11","JM":"11","CG":"11","2H":"11","WQ":"11","FM":"11","MQ":"11","HC":"11","VJ":"11","QR":"11","3G":"11","4M":"11","JQ":"11","RR":"11","3F":"11","HQ":"11","MM":"11","FP":"11","VP":"11","9M":"11","3J":"11","CM":"11","QG":"11","PM":"11","9P":"11","4F":"11","8M":"11","VQ":"11","VH":"11","9G":"11","HF":"11","6G":"11","4H":"11","GM":"11","RH":"11","5H":"11","8J":"11","3M":"11","XH":"11","JF":"11","PG":"11","JH":"11","XG":"11","RM":"11","5J":"11","QM":"11","CP":"11","XJ":"11","PP":"11","QP":"11","FG":"11","XM":"11","6J":"11","XR":"11","QH":"11","WH":"11","RP":"11","7J":"11","7M":"11","RJ":"11","JP":"11","FJ":"11","MP":"11","WM":"11","5F":"11","WR":"11","MJ":"11","XQ":"11","CJ":"11","GC":"11","5M":"11","FF":"11","2F":"11","JC":"11","2J":"11","9J":"11","GF":"11","VV":"11","2G":"11","JJ":"11","GH":"11","7H":"11","WV":"11","FH":"11","GJ":"11","8P":"11","HG":"11","3H":"11","6H":"11","RG":"11","GP":"11"},"38":{"V8":"11"},"48":{"44":"11","45":"11"},"4C":{"J8":"11","3X":"11","GC":"11","XJ":"11","P6":"11","J7":"11","RC":"11","RF":"11","Q8":"11","H7":"11","P8":"11","WF":"11","QC":"11","XH":"11","CC":"11","M6":"11","VF":"11","5C":"11","7F":"11","2X":"11","2G":"11","XG":"11","9F":"11","6F":"11","FC":"11","P7":"11","G9":"11","3C":"11","CF":"11","H9":"11","H8":"11","WG":"11","Q9":"11","8F":"11","4C":"11","J6":"11","5F":"11","2F":"11","VC":"11","3F":"11"},"9F":{"8Q":"11","8H":"11","RV":"11","HQ":"11","8F":"11","PP":"11","WQ":"11","HJ":"11","9H":"11","XM":"11","6G":"11","RR":"11","4G":"11","JQ":"11","RJ":"11","CG":"11","3V":"11","MM":"11","5W":"11","WP":"11","VR":"11","HM":"11","3Q":"11","FM":"11","2P":"11","RH":"11","VJ":"11","QM":"11","5P":"11","QR":"11","QH":"11","8P":"11","FQ":"11","7H":"11","QP":"11","9P":"11","7G":"11","2R":"11","8M":"11","JR":"11","4H":"11","XJ":"11","HH":"11","RG":"11","GQ":"11","HP":"11","2M":"11","CM":"11","5V":"11","PR":"11","6M":"11","PH":"11","7F":"11","5Q":"11","7Q":"11","3P":"11","VP":"11","5J":"11","9F":"11","QG":"11","RP":"11","QV":"11","2V":"11","WM":"11","6R":"11","VQ":"11","GJ":"11","RQ":"11","XH":"11","FP":"11","5G":"11","MH":"11","JP":"11","7M":"11","RM":"11","XP":"11","3H":"11","VH":"11","WR":"11","8G":"11","CF":"11","JH":"11","6P":"11","HR":"11","CP":"11","4M":"11","4R":"11","5M":"11","MJ":"11","4Q":"11","8J":"11","XQ":"11","9G":"11","3J":"11","2W":"11","7J":"11","QJ":"11","9M":"11","WJ":"11","PQ":"11","7P":"11","PG":"11","4J":"11","9J":"11","6J":"11","3M":"11","JJ":"11","CH":"11","JM":"11","PJ":"11","6Q":"11","3R":"11","3W":"11","VV":"11","2G":"11","MQ":"11","2J":"11","XR":"11","PM":"11","GP":"11","GM":"11","5R":"11","2Q":"11","CJ":"11","5H":"11","MP":"11","QQ":"11","MR":"11","FG":"11","4P":"11","4V":"11","2H":"11","VM":"11","6H":"11","WH":"11","4W":"11"},"5F":{"J8":"11","M8":"11","66":"11","R8":"11","96":"11","Q8":"11","H7":"11","32":"11","Q7":"11","34":"11","25":"11","35":"11","86":"11","R6":"11","C6":"11","65":"11","P9":"11","33":"11","C7":"11","Q6":"11","76":"11","G7":"11","55":"11","H8":"11","Q9":"11","M9":"11","42":"11","R7":"11","24":"11","V6":"11","45":"11","F7":"11","V7":"11"},"7C":{"VW":"11"},"CF":{"HJ":"11","2R":"11","CR":"11","QJ":"11","WP":"11","MH":"11","CQ":"11","8R":"11","VR":"11","GQ":"11","7Q":"11","PQ":"11","2M":"11","2P":"11","JW":"11","QQ":"11","FR":"11","XP":"11","5P":"11","PR":"11","PJ":"11","VM":"11","HP":"11","WJ":"11","HW":"11","7R":"11","HM":"11","6M":"11","RV":"11","MR":"11","XV":"11","RQ":"11","4J":"11","7P":"11","4P":"11","6P":"11","QV":"11","PH":"11","JM":"11","4Q":"11","2H":"11","WQ":"11","FM":"11","7V":"11","5Q":"11","GV":"11","MQ":"11","6V":"11","VJ":"11","QR":"11","JV":"11","4M":"11","JQ":"11","RR":"11","HQ":"11","MM":"11","4R":"11","FP":"11","PV":"11","VP":"11","9M":"11","3J":"11","CM":"11","PM":"11","9P":"11","2Q":"11","8M":"11","VQ":"11","3R":"11","9R":"11","GM":"11","RH":"11","3M":"11","GW":"11","GR":"11","JH":"11","6R":"11","RM":"11","5J":"11","QM":"11","CP":"11","XJ":"11","PP":"11","QP":"11","XM":"11","6J":"11","QW":"11","MV":"11","XR":"11","QH":"11","RP":"11","7M":"11","RJ":"11","JP":"11","MP":"11","3P":"11","WM":"11","WR":"11","MJ":"11","XQ":"11","FV":"11","CV":"11","5R":"11","5M":"11","8Q":"11","FQ":"11","9Q":"11","6Q":"11","2J":"11","PW":"11","VV":"11","JJ":"11","JR":"11","MW":"11","9V":"11","8V":"11","WV":"11","HR":"11","GJ":"11","8P":"11","3H":"11","HV":"11","3Q":"11","GP":"11"},"FF":{"2P":"11","GH":"11","FH":"11","2J":"11","CH":"11","2M":"11","3P":"11","3V":"11","HJ":"11","2V":"11","JJ":"11","4M":"11","GJ":"11","JH":"11","3M":"11","3Q":"11","4V":"11","2R":"11","4J":"11","FJ":"11","4P":"11","3J":"11","5V":"11","HH":"11","2Q":"11","CG":"11","3R":"11"},"28":{"M5":"11","M6":"11","J6":"11","H6":"11","4F":"11","P6":"11","3F":"11"},"57":{"PH":"11","PM":"11","QH":"11","QJ":"11","QM":"11","PJ":"11"},"7F":{"95":"11","56":"11","J6":"11","P8":"11","F6":"11","XM":"11","M7":"11","H7":"11","98":"11","F7":"11","M9":"11","VC":"11","RH":"11","64":"11","74":"11","VJ":"11","QH":"11","77":"11","XJ":"11","85":"11","RF":"11","RG":"11","44":"11","XG":"11","C9":"11","C8":"11","24":"11","36":"11","G8":"11","55":"11","C7":"11","C6":"11","25":"11","QG":"11","H6":"11","86":"11","Q9":"11","XH":"11","J7":"11","G9":"11","WF":"11","34":"11","VH":"11","H8":"11","M8":"11","JF":"11","35":"11","84":"11","MG":"11","F8":"11","76":"11","JC":"11","26":"11","67":"11","66":"11","WJ":"11","PG":"11","QC":"11","P9":"11","VG":"11","88":"11","94":"11","HF":"11","65":"11","G7":"11","H9":"11","GC":"11","PC":"11","96":"11","PF":"11","HC":"11","75":"11","QF":"11","46":"11","F9":"11","MC":"11","45":"11","54":"11","87":"11","G6":"11","MF":"11","J8":"11","VF":"11","WG":"11","J9":"11","XF":"11","WH":"11","RC":"11","97":"11"},"2C":{"CC":"11","QH":"11","PG":"11","QJ":"11","PH":"11","HC":"11","JC":"11","JF":"11","GC":"11","MG":"11","GJ":"11","FH":"11","CF":"11","FF":"11","PM":"11","QM":"11","FC":"11","GH":"11","MF":"11","C9":"11","FG":"11"},"3C":{"RW":"11","WX":"11","XX":"11","PV":"11","VP":"11","PW":"11","WH":"11","VQ":"11","VJ":"11","WG":"11","VG":"11","VW":"11","QW":"11","QV":"11","RQ":"11","XG":"11","VH":"11","RV":"11","RR":"11","VX":"11","XF":"11","VM":"11"},"4F":{"V4":"11","R4":"11","X4":"11","P3":"11","83":"11","32":"11","93":"11","52":"11","82":"11","Q4":"11","22":"11","F3":"11","C3":"11","J3":"11","W4":"11","G3":"11","Q3":"11","H3":"11","42":"11","72":"11","62":"11","M3":"11"}},"58":{"3R":{"4R":"11","4W":"11","5W":"11","4V":"11","5V":"11","3R":"11"}},"GQ":{"96":{"Q9":"11","QC":"11","PC":"11","P9":"11"},"F6":{"VV":"11","RV":"11","WV":"11","XV":"11","RW":"11","WW":"11"}},"7Q":{"F5":{"8R":"11","QX":"11","RX":"11","CW":"11","7Q":"11","9R":"11","8Q":"11","7P":"11","9W":"11","PX":"11","8V":"11","9V":"11","VX":"11","5M":"11","6M":"11","CX":"11","FX":"11","6P":"11"},"G6":{"22":"11","32":"11"},"C4":{"MH":"11","PH":"11","QH":"11","PJ":"11"},"F6":{"P2":"11","M2":"11","V2":"11","G2":"11","R2":"11","J3":"11","X2":"11","H2":"11","Q2":"11","J2":"11","H3":"11","F2":"11","W2":"11"}},"PQ":{"J8":{"M3":"3","P3":"3","M4":"3","GG":"11","GF":"11","P4":"3"},"H7":{"5P":"3"}},"JW":{"P5":{"44":"11","9M":"11","9G":"11","78":"11","7C":"11","68":"11","66":"11","54":"11","32":"11","67":"11","9J":"11","43":"11","57":"11","7F":"11","33":"11","8H":"11","8C":"11","89":"11","8G":"11","9H":"11","55":"11","69":"11","42":"11","8F":"11","CJ":"11","45":"11","53":"11","79":"11","56":"11"},"P4":{"2R":"11","2W":"11","3W":"11","3R":"11","2X":"11","3Q":"11","3X":"11","2V":"11","3V":"11","4X":"11"}},"7C":{"8F":{"J9":"11"}},"5C":{"5M":{"3P":"11"}},"8G":{"8M":{"VC":"11"}},"QQ":{"M4":{"WH":"11","WP":"11","JW":"11","WG":"11","MW":"11","WM":"11","JV":"11","HW":"11","WJ":"11"},"H6":{"JM":"11"}},"25":{"H4":{"HC":"11","JC":"11","JF":"11","H8":"11","G8":"11","G2":"11","HF":"11","F7":"11","G6":"11","G5":"11","F6":"11","F2":"11","G7":"11"},"F2":{"C3":"11","Q3":"11","C2":"11","X6":"11","92":"11","F3":"11","R3":"11","G3":"11","F2":"11","X5":"11","R4":"11"},"H3":{"GX":"11","HW":"11","FV":"11","GV":"11","H7":"11","HM":"11","FW":"11","GW":"11","HP":"11","FX":"11","JM":"11","HV":"11","JP":"11","JQ":"11","HR":"11","H8":"11","HQ":"11","HX":"11"},"G2":{"37":"11","F8":"11","78":"11","G8":"11","68":"11","J7":"11","H7":"11","F6":"11","67":"11","47":"11","77":"11","26":"11","58":"11","87":"11","48":"11","57":"11","C6":"11","C8":"11","C7":"11","88":"11","G7":"11","H8":"11","98":"11","F7":"11","97":"11","27":"11","G6":"11"}},"XP":{"J7":{"33":"11","42":"11","43":"11","23":"11"},"H7":{"33":"11","32":"11","46":"11","43":"11","35":"11","47":"11","45":"11","36":"11","22":"11","44":"11","34":"11"},"G6":{"85":"11","WP":"11","64":"11","M8":"11","QF":"11","PF":"11","VM":"11","G6":"11","XV":"11","C6":"11","H7":"11","55":"11","86":"11","WQ":"11","PC":"11","75":"11","VJ":"11","F7":"11","F6":"11","P9":"11","QG":"11","VH":"11","54":"11","RH":"11","96":"11","95":"11","M9":"11","XR":"11","QC":"11","65":"11","RJ":"11","WM":"11","J7":"11","45":"11","XQ":"11","G7":"11","H8":"11","C5":"11","74":"11","46":"11","J9":"11","MC":"11","J8":"11","RG":"11"},"W2":{"F4":"11","83":"11","32":"11","93":"11","22":"11","43":"11","F3":"11","74":"11","73":"11","33":"11","C3":"11","G4":"11","64":"11","G3":"11","H4":"11","63":"11","42":"11","84":"11","53":"11","94":"11"},"V2":{"9G":"11","7J":"11","M5":"11","FF":"11","W2":"11","CH":"11","Q4":"11","CC":"11","M6":"11","P5":"11","V2":"11","8H":"11","6H":"11","FC":"11","6J":"11","R3":"11","7H":"11","9H":"11","P4":"11","CF":"11","X2":"11","V3":"11","CG":"11"},"J6":{"7W":"11","6W":"11"},"H6":{"2W":"11","2X":"11","2R":"11","3X":"11","2V":"11"},"C5":{"7G":"11","5G":"11","5F":"11","6G":"11","8H":"11","7H":"11","4F":"11","6F":"11"}},"78":{"H3":{"VH":"11"}},"59":{"83":{"PR":"11","HR":"11","JQ":"11","QQ":"11","JR":"11","HQ":"11","MQ":"11","GW":"11","PQ":"11","MR":"11","GR":"11","HV":"11","MV":"11","GV":"11","JV":"11"},"VV":{"MH":"11","PH":"11","MG":"11","QH":"11","PJ":"11","PG":"11"},"6H":{"GH":"11","FG":"11"},"6R":{"RM":"11","QH":"11","QJ":"11","WH":"11","RG":"11","VJ":"11","XJ":"11","WG":"11","VG":"11","XH":"11","RJ":"11","WM":"11","XG":"11","VH":"11","XM":"11","QG":"11","RH":"11","VM":"11","WJ":"11"}},"7G":{"VX":{"WV":"11"}},"6M":{"P7":{"62":"11","73":"11","74":"11","96":"11","72":"11","86":"11","85":"11","84":"11"},"P6":{"6W":"11","5Q":"11","3F":"11","6V":"11","5V":"11","3G":"11","7X":"11","4G":"11","5R":"11","6X":"11","5P":"11","5M":"11","4H":"11","4M":"11","4J":"11","3C":"11","4F":"11"},"P8":{"R3":"11","V4":"11","P3":"11","W5":"11","R4":"11","Q3":"11","P4":"11","W4":"11"}},"4J":{"PQ":{"48":"11","37":"11","28":"11","47":"11","69":"11","68":"11","36":"11","49":"11","27":"11","25":"11","38":"11","59":"11","58":"11","26":"11"},"MQ":{"R5":"11","V4":"11","Q3":"11","X7":"11","P4":"11","Q4":"11","R6":"11","V6":"11","X6":"11","M4":"11","Q5":"11","J3":"11","W4":"11","W6":"11","W7":"11","H2":"11","J2":"11","H3":"11","M3":"11","V5":"11","P5":"11","P3":"11","W5":"11","X5":"11","R4":"11","J4":"11"},"8J":{"QW":"11","FR":"11","2P":"11","6P":"11","GV":"11","2J":"11","7Q":"11","2M":"11","3P":"11","5Q":"11","CR":"11","7R":"11","5P":"11","8Q":"11","GR":"11","MW":"11","9Q":"11","JV":"11","HV":"11","4M":"11","MV":"11","3M":"11","9R":"11","HR":"11","RW":"11","PW":"11","6Q":"11","4P":"11","8R":"11"},"5J":{"P2":"11","V3":"11","Q3":"11","M2":"11","V2":"11","C2":"11","G2":"11","W3":"11","92":"11","R2":"11","H2":"11","Q2":"11","J2":"11","R3":"11","X3":"11","X4":"11"},"FM":{"2G":"11"},"5H":{"6W":"11","MX":"11","2W":"11","3W":"11","HX":"11","JX":"11","7X":"11","5W":"11","4W":"11","GX":"11","9X":"11","6X":"11","PX":"11","8X":"11","CX":"11","FX":"11","5X":"11"},"6J":{"23":"11","P6":"11","R8":"11","C5":"11","H6":"11","X8":"11","64":"11","33":"11","Q7":"11","65":"11","R7":"11","F5":"11","X9":"11","M6":"11","54":"11","W8":"11","75":"11","74":"11","V8":"11","P7":"11","G6":"11","24":"11","J6":"11","M7":"11","G5":"11","85":"11","44":"11","V7":"11","95":"11","F6":"11","34":"11"},"2H":{"JP":"11","FP":"11","8J":"11","VP":"11","QQ":"11","8M":"11","6J":"11","XQ":"11","VQ":"11","RP":"11","XR":"11","WP":"11","MQ":"11","PQ":"11","QP":"11","HP":"11","5J":"11","7M":"11","WQ":"11","PM":"11","GP":"11","FM":"11","9P":"11","PP":"11","JM":"11","9M":"11","MM":"11","3H":"11","3J":"11","RQ":"11","CJ":"11","5H":"11","GM":"11","7J":"11","CM":"11","HM":"11","6M":"11","2H":"11","4H":"11","MP":"11","CP":"11","2J":"11","4J":"11","WR":"11","9J":"11"},"9M":{"F4":"11","V4":"11","R4":"11","Q5":"11","X4":"11","V5":"11","83":"11","32":"11","93":"11","52":"11","Q4":"11","82":"11","J4":"11","F3":"11","73":"11","M4":"11","R5":"11","C3":"11","G4":"11","W5":"11","J3":"11","G3":"11","92":"11","X5":"11","H4":"11","63":"11","H3":"11","42":"11","72":"11","C4":"11","62":"11"},"CM":{"F8":"11","G8":"11","RC":"11","66":"11","RF":"11","67":"11","J9":"11","MF":"11","77":"11","WF":"11","QC":"11","87":"11","25":"11","VG":"11","VF":"11","35":"11","PF":"11","C8":"11","46":"11","C7":"11","PC":"11","XG":"11","76":"11","QF":"11","G9":"11","HC":"11","H9":"11","WG":"11","98":"11","M9":"11","F9":"11","45":"11","F7":"11","JC":"11","97":"11","MC":"11","56":"11"},"3H":{"7R":"11","2R":"11","6V":"11","5V":"11","2Q":"11","4R":"11","CV":"11","6R":"11","3R":"11","4V":"11","3Q":"11","7V":"11","5R":"11","8V":"11","9V":"11"},"7J":{"5C":"11","QH":"11","59":"11","PH":"11","WH":"11","VJ":"11","XJ":"11","29":"11","49":"11","RJ":"11","28":"11","WM":"11","VH":"11","XM":"11","39":"11","RH":"11","WJ":"11"},"4H":{"QW":"11","FR":"11","VW":"11","4R":"11","2P":"11","QV":"11","PV":"11","QR":"11","FV":"11","GV":"11","7Q":"11","3P":"11","5Q":"11","CR":"11","7R":"11","CV":"11","WW":"11","5P":"11","8Q":"11","GR":"11","WV":"11","4Q":"11","5R":"11","CQ":"11","9Q":"11","PR":"11","JV":"11","HV":"11","XW":"11","MV":"11","3Q":"11","9R":"11","HR":"11","RW":"11","VV":"11","RV":"11","6Q":"11","4P":"11","6R":"11","8R":"11","2Q":"11","MR":"11","3R":"11","JR":"11"},"9J":{"3X":"11","5X":"11","4X":"11"},"JP":{"9M":"11","MP":"11","MM":"11","CM":"11","GH":"11","FH":"11","RP":"11","QQ":"11","HM":"11","WQ":"11","CH":"11","PM":"11","HJ":"11","GM":"11","9J":"11","VR":"11","FM":"11","HP":"11","QM":"11","WR":"11","8J":"11","PQ":"11","JM":"11","RQ":"11","JJ":"11","VQ":"11","GJ":"11","JP":"11","PJ":"11","9H":"11","PP":"11","QP":"11","FJ":"11","CJ":"11","HH":"11","MJ":"11","QJ":"11"}},"6P":{"X2":{"H9":"11"},"X3":{"R2":"11"}},"8H":{"35":{"37":"11"}},"2H":{"63":{"83":"11","F4":"11"},"84":{"44":"11","54":"11","75":"11","MF":"11","34":"11","87":"11","23":"11","86":"11","PF":"11","65":"11","33":"11","PC":"11","76":"11","QF":"11","55":"11","24":"11","MC":"11"},"QF":{"HX":"11","GX":"11"},"42":{"VR":"11","2R":"11","3W":"11","WR":"11","4W":"11","5X":"11","2V":"11","3V":"11","VQ":"11","4X":"11"},"QG":{"G4":"11","G3":"11","H4":"11","J4":"11","J5":"11","G2":"11"},"PC":{"8V":"11","FW":"11","CV":"11","9R":"11","FV":"11","8R":"11","9V":"11","CR":"11"},"52":{"9P":"11","7P":"11","6P":"11","8P":"11"},"43":{"84":"11","83":"11","C6":"11","95":"11","94":"11","73":"11","G6":"11","72":"11","C5":"11","62":"11","52":"11","F6":"11"},"32":{"XR":"11","F8":"11","GC":"11","JF":"11","54":"11","32":"11","RP":"11","75":"11","WQ":"11","PH":"11","43":"11","87":"11","86":"11","QM":"11","C8":"11","65":"11","WR":"11","C7":"11","64":"11","76":"11","MG":"11","VQ":"11","HF":"11","JG":"11","G9":"11","HC":"11","PJ":"11","F9":"11","42":"11","97":"11","53":"11","RM":"11","VP":"11","QJ":"11","MH":"11"},"F6":{"GH":"11","48":"11","VP":"11","37":"11","RP":"11","HG":"11","GG":"11","QM":"11","38":"11","WQ":"11","HH":"11","VQ":"11","PJ":"11","XR":"11"},"G7":{"52":"11"},"74":{"W2":"11","X2":"11","X3":"11"}},"PC":{"H9":{"PF":"11","MF":"11","JF":"11"}},"G8":{"JP":{"8X":"11"}},"33":{"94":{"69":"11","68":"11","78":"11","79":"11","6C":"11"},"F6":{"C2":"11","F2":"11"}},"J6":{"3P":{"99":"11","F9":"11","CC":"11","9C":"11","C9":"11"}},"F7":{"R8":{"63":"11","64":"11","54":"11","55":"11","65":"11","53":"11"}},"3F":{"RX":{"85":"11","96":"11","C6":"11","95":"11","86":"11"},"94":{"R5":"11","PJ":"11","QH":"11","PF":"11","QJ":"11","PG":"11","PH":"11","RG":"11","MG":"11","RF":"11","QF":"11","MF":"11","QG":"11"},"82":{"RP":"11","RM":"11","VJ":"11","QM":"11","VM":"11","RJ":"11"}},"FP":{"MM":{"6Q":"11","5R":"11","4R":"11","6R":"11","4V":"11"}},"VP":{"37":{"MX":"11","HX":"11","JX":"11","PX":"11"},"38":{"J2":"11","P2":"11","H2":"11","M2":"11"},"QP":{"R5":"11","R4":"11","Q5":"11"}},"3J":{"PF":{"5H":"11","4H":"11","2F":"11","3G":"11","2G":"11","CP":"11","4G":"11"},"JC":{"XR":"11","9G":"11","7G":"11","MM":"11","FG":"11","GH":"11","WP":"11","FH":"11","RP":"11","WQ":"11","CH":"11","PM":"11","HJ":"11","2C":"11","XQ":"11","QM":"11","5C":"11","7F":"11","9F":"11","JJ":"11","VQ":"11","GJ":"11","6F":"11","8G":"11","JH":"11","PJ":"11","3C":"11","CF":"11","6G":"11","QP":"11","8F":"11","4C":"11","HH":"11","MJ":"11","RM":"11","CG":"11","VP":"11","5F":"11","2F":"11","4F":"11","3F":"11"},"GC":{"J8":"11","44":"11","F8":"11","M7":"11","M8":"11","G8":"11","J7":"11","66":"11","96":"11","Q8":"11","H7":"11","75":"11","F6":"11","67":"11","36":"11","77":"11","P8":"11","26":"11","34":"11","87":"11","C5":"11","25":"11","M6":"11","35":"11","86":"11","57":"11","C6":"11","65":"11","46":"11","C7":"11","76":"11","P7":"11","G7":"11","H8":"11","55":"11","85":"11","24":"11","F7":"11","45":"11","97":"11","J6":"11","95":"11","G6":"11","H6":"11","56":"11"},"WH":{"44":"11","M8":"11","M7":"11","J7":"11","66":"11","W8":"11","R8":"11","96":"11","Q8":"11","54":"11","H7":"11","Q7":"11","75":"11","F6":"11","P8":"11","34":"11","W9":"11","C5":"11","35":"11","86":"11","V8":"11","C6":"11","65":"11","64":"11","76":"11","X9":"11","P7":"11","G7":"11","X8":"11","55":"11","V9":"11","R7":"11","85":"11","24":"11","F7":"11","45":"11","J6":"11","95":"11","G6":"11","H6":"11"},"XH":{"GF":"11","GC":"11","7C":"11","JF":"11","6C":"11","FF":"11","99":"11","38":"11","MF":"11","WH":"11","XH":"11","CC":"11","RH":"11","39":"11","VG":"11","28":"11","PF":"11","5C":"11","59":"11","9C":"11","RG":"11","XG":"11","9F":"11","8C":"11","MG":"11","HF":"11","JG":"11","FC":"11","QF":"11","29":"11","HC":"11","QG":"11","PG":"11","CF":"11","WG":"11","49":"11","VH":"11","JC":"11","4C":"11"},"FC":{"X5":"11","X4":"11","W5":"11","W4":"11"},"63":{"2M":"11","2J":"11"},"W7":{"VW":"11"},"VH":{"96":"11","C6":"11","95":"11","F5":"11","C5":"11"},"MF":{"F4":"11","M7":"11","J7":"11","WC":"11","R8":"11","83":"11","Q8":"11","93":"11","82":"11","P8":"11","W9":"11","M6":"11","XF":"11","G5":"11","C3":"11","G4":"11","P7":"11","92":"11","V9":"11","H5":"11","72":"11","C4":"11","R9":"11","F5":"11","J6":"11","H6":"11","XC":"11","VC":"11"},"MC":{"2R":"11","6W":"11","5V":"11","2Q":"11","7X":"11","3R":"11","4V":"11","5W":"11","4W":"11","2V":"11","6X":"11","3V":"11","5X":"11"},"53":{"XJ":"11","XM":"11"}},"4F":{"H5":{"5H":"11"},"MW":{"93":"11","83":"11","92":"11","82":"11"}},"6G":{"4R":{"VR":"11","WQ":"11","VQ":"11"},"89":{"C7":"11","F7":"11"}},"6C":{"63":{"P9":"11"},"64":{"99":"11","C9":"11"},"69":{"RG":"11"},"GC":{"P6":"11"}},"5H":{"74":{"VR":"11","RQ":"11","RR":"11","VQ":"11"}},"JH":{"73":{"XM":"11"},"WV":{"HC":"3"}},"95":{"WG":{"9G":"11","9M":"11","FG":"11","GH":"11","CM":"11","FH":"11","FF":"11","HM":"11","CH":"11","52":"11","HJ":"11","GM":"11","9J":"11","CP":"11","GQ":"11","FM":"11","HP":"11","9C":"11","8H":"11","9F":"11","FP":"11","GJ":"11","8G":"11","FQ":"11","9H":"11","CF":"11","FJ":"11","8F":"11","CJ":"11","GP":"11","HH":"11","CG":"11"},"WF":{"5H":"11","6V":"11","5J":"11","7P":"11","6W":"11","4R":"11","6P":"11","5W":"11","8V":"11","5X":"11","7Q":"11","7W":"11","5Q":"11","7R":"11","4H":"11","7V":"11","4W":"11","6M":"11","9X":"11","5P":"11","6X":"11","5M":"11","4Q":"11","8X":"11","5R":"11","4M":"11","6J":"11","4V":"11","7X":"11","4J":"11","6Q":"11","4P":"11","5V":"11","6R":"11","8W":"11"}},"5J":{"GW":{"99":"11","48":"11","28":"11","69":"11","68":"11","CC":"11","9C":"11","38":"11","79":"11","89":"11","C9":"11","58":"11"},"FW":{"M8":"11","J9":"11","R8":"11","X8":"11","Q7":"11","R7":"11","P8":"11","W8":"11","V8":"11","Q8":"11","M9":"11","P7":"11","V7":"11"},"WX":{"J4":"11"}},"H6":{"C3":{"H4":"2","P6":"2","P4":"2","M5":"2","M4":"2","J3":"2","H3":"2","P5":"2","J4":"2"},"H6":{"68":"11","69":"11","78":"11","79":"11","89":"11"}},"QP":{"VW":{"WG":"11","XG":"11"},"VV":{"H4":"11","R8":"11","Q7":"11","M6":"11","P8":"11","Q8":"11","J5":"11","P7":"11","H3":"11","J6":"11","M7":"11","H5":"11","J4":"11"},"XV":{"P2":"11","Q2":"11"},"WW":{"5G":"11","5H":"11","6J":"11","6H":"11","4H":"11","3G":"11","2G":"11","4G":"11"},"XR":{"MX":"11","HR":"11","FP":"11","FQ":"11","JW":"11","JX":"11","GR":"11","HV":"11","FR":"11","9H":"11","MW":"11","HF":"11","GV":"11","CJ":"11","PX":"11","GQ":"11","HW":"11","CM":"11","CP":"11","9J":"11"}},"29":{"VR":{"8F":"11","8G":"11"}},"8F":{"4P":{"47":"11","46":"11","56":"11"}},"6J":{"2W":{"GX":"11","MP":"11","MM":"11","HW":"11","PH":"11","MF":"11","JW":"11","GW":"11","PF":"11","MW":"11","PC":"11","JM":"11","JV":"11","HV":"11","MG":"11","JP":"11","MV":"11","JH":"11","PJ":"11","JQ":"11","HR":"11","PG":"11","JX":"11","MX":"11","HX":"11","MQ":"11","MR":"11","MJ":"11","MC":"11","JR":"11","MH":"11"},"2X":{"M8":"11","G9":"11","H4":"11","HC":"11","H6":"11","JC":"11","JF":"11","GC":"11","M2":"11","H8":"11","M5":"11","G8":"11","G2":"11","M4":"11","F8":"11","J3":"11","GF":"11","HF":"11","M9":"11","H2":"11","J5":"11","H7":"11","G4":"11","J2":"11","G6":"11","M3":"11","F9":"11","H3":"11","J6":"11","M7":"11","H9":"11","G5":"11","G3":"11","MF":"11","H5":"11","J8":"11","J7":"11","G7":"11","MC":"11","J4":"11"},"4P":{"MX":"11","HX":"11","PW":"11","XR":"11","VV":"11","JX":"11","MW":"11","QW":"11","QV":"11","VR":"11","RV":"11","WV":"11","WR":"11"},"6P":{"FP":"11","FQ":"11","8M":"11","HQ":"11","7M":"11","GP":"11","2M":"11","9P":"11","7P":"11","8P":"11","GQ":"11","3M":"11","5M":"11","6M":"11","CP":"11","6P":"11","4M":"11"},"5P":{"7P":"11","MP":"11","MM":"11","8P":"11","7Q":"11","PM":"11","5Q":"11","CP":"11","8Q":"11","HP":"11","WM":"11","QM":"11","XM":"11","4Q":"11","JM":"11","9Q":"11","9P":"11","FP":"11","JP":"11","3Q":"11","PP":"11","2R":"11","6Q":"11","GP":"11","2Q":"11","RM":"11","3R":"11","VM":"11"},"4Q":{"H2":"11","G2":"11"}},"M9":{"4V":{"63":"11","54":"11","53":"11"}},"H5":{"V9":{"3M":"11","8H":"11"},"MM":{"99":"11","CF":"11","CC":"11","9C":"11","C9":"11","9F":"11"}},"RP":{"5H":{"PV":"11","PR":"11"},"7J":{"CC":"11","PH":"11","88":"11","HG":"11","9C":"11","JH":"11","CF":"11","FF":"11","GF":"11","FC":"11","89":"11","MH":"11","JG":"11","GG":"11","99":"11"},"8H":{"9W":"11","8W":"11","7W":"11","CW":"11","5X":"11","5W":"11","6W":"11"},"X8":{"2H":"11","3H":"11","4H":"11","3G":"11","2G":"11"},"W8":{"XH":"11","XG":"11"}},"F8":{"Q6":{"JJ":"11","JM":"11","HM":"11","HJ":"11","MM":"11"},"Q7":{"H8":"11","F9":"11","G8":"11","HC":"11","FC":"11","G9":"11","F8":"11","GC":"11","H9":"11"},"Q5":{"QJ":"11"}},"J7":{"64":{"2X":"11"},"54":{"XX":"11"},"52":{"99":"11","9C":"11"},"65":{"66":"11","87":"11","88":"11","64":"11","77":"11","65":"11","97":"11","55":"11","54":"11","75":"11","74":"11","96":"11","76":"11","86":"11","85":"11","95":"11","84":"11","98":"11"},"3R":{"J9":"11","FP":"11","HC":"11","JC":"11","H8":"11","HQ":"11","HP":"11","FM":"11","GP":"11","HF":"11","M9":"11","H9":"11","GQ":"11","MC":"11"}},"3C":{"8V":{"7X":"11"}},"24":{"9P":{"V3":"11","V4":"11","W3":"11","W4":"11","X2":"11","V5":"11","X3":"11","W5":"11","W2":"11"},"X5":{"2W":"11","2X":"11","3W":"11","4W":"11","3X":"11","4X":"11"},"FX":{"9W":"11","9X":"11","CX":"11","CQ":"11","9R":"11","9Q":"11","9V":"11","CR":"11"},"9M":{"XX":"11","WX":"11"},"CM":{"QW":"11","RX":"11","6W":"11","5W":"11","5X":"11","RR":"11","QX":"11","4W":"11","6X":"11","2X":"11","RQ":"11","RW":"11","RV":"11","JX":"11","HX":"11","5V":"11"},"X6":{"34":"11","33":"11","42":"11","43":"11","22":"11","32":"11","23":"11"},"W5":{"XX":"11"},"CP":{"J2":"11","P2":"11","Q2":"11","H2":"11","M2":"11"},"W6":{"X2":"11","X3":"11"}},"6F":{"GF":{"Q3":"11"}},"26":{"5C":{"XC":"11","X9":"11"},"R9":{"M9":"11","G2":"11"},"6C":{"2C":"11","29":"11"}},"8Q":{"6F":{"9W":"11","8W":"11","9P":"11","8V":"11","9R":"11","9Q":"11","8X":"11","8R":"11","8Q":"11","9V":"11"},"5G":{"7P":"11","4R":"11","MP":"11","WP":"11","8P":"11","RP":"11","7Q":"11","WQ":"11","5Q":"11","CP":"11","8Q":"11","HP":"11","XQ":"11","4Q":"11","2V":"11","9P":"11","FP":"11","VQ":"11","JP":"11","3Q":"11","PP":"11","2R":"11","QP":"11","6Q":"11","GP":"11","3R":"11","VP":"11"},"3G":{"QH":"11","PH":"11","MG":"11","VJ":"11","RJ":"11","WM":"11","XP":"11","XM":"11","MH":"11","RH":"11","WJ":"11"},"7C":{"C4":"11","62":"11","C5":"11","73":"11","F5":"11","74":"11","63":"11","95":"11","84":"11","94":"11"},"49":{"8M":"11","8J":"11","GJ":"11","9J":"11","HJ":"11"},"4G":{"XW":"11","WX":"11","5Q":"11","WW":"11","8W":"11","6V":"11","3P":"11","4R":"11","2P":"11","6R":"11","3Q":"11","2M":"11","7W":"11","7V":"11","XV":"11","9W":"11","5R":"11","9X":"11","8V":"11","4Q":"11","WV":"11","CX":"11","FX":"11"},"QF":{"7V":"11"},"6G":{"5H":"11","5J":"11","66":"11","83":"11","5G":"11","75":"11","67":"11","5Q":"11","82":"11","4H":"11","58":"11","5P":"11","74":"11","73":"11","57":"11","5M":"11","65":"11","59":"11","4Q":"11","64":"11","4M":"11","4G":"11","3Q":"11","49":"11","4J":"11","72":"11","4P":"11","4C":"11","2Q":"11","4F":"11","56":"11"},"79":{"6X":"11","7W":"11","7X":"11"},"4H":{"P2":"11","V2":"11","C2":"11","G2":"11","R2":"11","H2":"11","Q2":"11","H3":"11","F2":"11","W2":"11"}},"FQ":{"24":{"F8":"11","GC":"11","JF":"11","C9":"11","99":"11","MF":"11","87":"11","PF":"11","C8":"11","88":"11","FC":"11","QF":"11","G9":"11","HC":"11","QG":"11","PG":"11","H9":"11","98":"11","F9":"11","97":"11","JC":"11","MC":"11"}},"2F":{"MX":{"VF":"11"}},"9Q":{"5G":{"J8":"11","F8":"11","M8":"11","X7":"11","G8":"11","W8":"11","R8":"11","Q8":"11","6C":"11","Q7":"11","99":"11","P8":"11","2C":"11","V8":"11","C8":"11","5C":"11","59":"11","89":"11","X8":"11","3C":"11","H8":"11","49":"11","98":"11","69":"11","R7":"11","4C":"11","V7":"11","79":"11","W7":"11","2F":"11","3F":"11"},"X8":{"5C":"11","3C":"11","5F":"11","4C":"11","4F":"11","3F":"11"},"7G":{"P6":"11","66":"11","87":"11","X7":"11","R6":"11","77":"11","Q7":"11","97":"11","R7":"11","M6":"11","Q6":"11","46":"11","F7":"11","26":"11","96":"11","76":"11","W7":"11","H7":"11","P7":"11","C7":"11","M7":"11","86":"11","36":"11","V7":"11","67":"11","56":"11","J7":"11","G7":"11"},"W8":{"XC":"11","WC":"11","XF":"11","WF":"11"},"8G":{"37":"11","M7":"11","P6":"11","68":"11","J7":"11","H7":"11","38":"11","67":"11","47":"11","X6":"11","W6":"11","77":"11","58":"11","87":"11","M6":"11","48":"11","28":"11","R6":"11","57":"11","C7":"11","Q6":"11","G7":"11","V6":"11","F7":"11","97":"11","27":"11","J6":"11","H6":"11"},"4G":{"CR":"11","QJ":"11","WG":"11","8R":"11","GQ":"11","5W":"11","FR":"11","HP":"11","5V":"11","7R":"11","VG":"11","7V":"11","MQ":"11","6V":"11","VJ":"11","JQ":"11","HQ":"11","MM":"11","PM":"11","VH":"11","4V":"11","9R":"11","RH":"11","GR":"11","XG":"11","RM":"11","QM":"11","PP":"11","WH":"11","JP":"11","RJ":"11","MP":"11","XF":"11","FQ":"11","XC":"11","9V":"11","8V":"11"},"9G":{"F4":"11","P3":"11","75":"11","36":"11","J2":"11","J4":"11","26":"11","C5":"11","M4":"11","65":"11","46":"11","G4":"11","J3":"11","H2":"11","G3":"11","H4":"11","P4":"11","55":"11","H3":"11","C4":"11","85":"11","45":"11","F5":"11","95":"11","M3":"11","56":"11"},"6G":{"37":"11","M7":"11","P6":"11","J7":"11","66":"11","96":"11","H7":"11","F6":"11","67":"11","47":"11","X6":"11","W6":"11","77":"11","87":"11","M6":"11","86":"11","28":"11","57":"11","R6":"11","C6":"11","C7":"11","Q6":"11","76":"11","P7":"11","G7":"11","V6":"11","F7":"11","97":"11","27":"11"}},"39":{"4V":{"CV":"11","9V":"11"}},"H8":{"2R":{"Q9":"11"},"XH":{"JC":"11"}},"MX":{"HW":{"4W":"11","4V":"11","5V":"11"},"66":{"MC":"11","MG":"11","JC":"11","M9":"11","MF":"11","M8":"11","P7":"11","P8":"11"},"QX":{"68":"11"}},"G5":{"VR":{"H8":"11","H7":"11","F7":"11","G6":"11","H6":"11","F6":"11","G7":"11"}},"2G":{"2W":{"2W":"11","2X":"11","3X":"11"},"2X":{"MM":"11","54":"11","32":"11","RP":"11","QQ":"11","PM":"11","43":"11","VR":"11","QM":"11","65":"11","WR":"11","WV":"11","64":"11","RQ":"11","JJ":"11","VQ":"11","XW":"11","JH":"11","PJ":"11","55":"11","42":"11","QP":"11","XV":"11","53":"11","MJ":"11","MH":"11"},"3X":{"2W":"11","2X":"11","3X":"11"}},"MC":{"7M":{"49":"11"}},"69":{"R5":{"62":"11","52":"11"},"6F":{"VP":"11","RP":"11","RM":"11","RQ":"11","QQ":"11","QM":"11","VM":"11","QR":"11","RR":"11","QP":"11"},"M4":{"95":"11","53":"11","56":"11","8F":"11","43":"11","6G":"11","69":"11","4G":"11","7W":"11","79":"11","78":"11","47":"11","28":"11","8W":"11","C3":"11","42":"11","2F":"11","64":"11","89":"11","74":"11","63":"11","7G":"11","77":"11","4H":"11","85":"11","44":"11","24":"11","8V":"11","23":"11","6F":"11","36":"11","7F":"11","55":"11","C5":"11","3F":"11","25":"11","7C":"11","86":"11","33":"11","82":"11","92":"11","38":"11","5G":"11","39":"11","34":"11","3H":"11","7V":"11","29":"11","8X":"11","27":"11","6C":"11","8C":"11","C2":"11","35":"11","84":"11","76":"11","3G":"11","62":"11","5C":"11","26":"11","83":"11","4F":"11","72":"11","67":"11","C4":"11","37":"11","66":"11","2C":"11","88":"11","49":"11","94":"11","52":"11","65":"11","22":"11","96":"11","93":"11","75":"11","68":"11","46":"11","4C":"11","59":"11","57":"11","48":"11","2G":"11","3C":"11","45":"11","2J":"11","54":"11","58":"11","87":"11","73":"11","2H":"11","97":"11","32":"11","5F":"11"},"J3":{"QW":"11","RX":"11","XR":"11","VW":"11","QV":"11","PV":"11","QR":"11","RR":"11","QX":"11","PX":"11","WW":"11","VR":"11","MW":"11","WR":"11","WV":"11","XW":"11","XX":"11","RW":"11","RV":"11","VV":"11","PW":"11","VX":"11","MX":"11","XV":"11","WX":"11"},"7V":{"W4":"11"},"M3":{"4X":"11","8M":"11","5H":"11","6V":"11","5J":"11","9M":"11","7P":"11","6W":"11","4R":"11","3X":"11","2P":"11","7J":"11","6P":"11","5W":"11","8P":"11","9V":"11","8V":"11","3W":"11","5G":"11","5X":"11","7Q":"11","7W":"11","5Q":"11","3P":"11","CR":"11","7R":"11","CV":"11","4H":"11","34":"11","3V":"11","7V":"11","4W":"11","7M":"11","6M":"11","9X":"11","5P":"11","8Q":"11","CX":"11","6X":"11","5M":"11","8J":"11","2X":"11","CW":"11","4Q":"11","8X":"11","8H":"11","5R":"11","9Q":"11","6H":"11","2V":"11","9P":"11","4M":"11","6J":"11","4G":"11","3M":"11","3Q":"11","9R":"11","2W":"11","9W":"11","7H":"11","4V":"11","6G":"11","7X":"11","2R":"11","4J":"11","6Q":"11","4P":"11","5V":"11","3J":"11","8R":"11","6R":"11","8W":"11","2Q":"11","3R":"11"},"8X":{"H7":"11"},"8V":{"F3":"11","F2":"11"},"CM":{"R3":"11","Q2":"11","R2":"11"},"R4":{"7R":"11","6W":"11","8W":"11","6V":"11","5V":"11","5W":"11","7W":"11","4W":"11","7V":"11","6X":"11","8V":"11","5X":"11","4X":"11"},"J4":{"X8":"11","V3":"11","W2":"11","Q3":"11","WG":"11","X9":"11","WF":"11","Q6":"11","P3":"11","R7":"11","W6":"11","WJ":"11","P5":"11","R2":"11","V9":"11","X5":"11","V6":"11","Q2":"11","VG":"11","M2":"11","X2":"11","VJ":"11","R3":"11","P2":"11","R8":"11","W9":"11","V2":"11","VH":"11","VF":"11","Q4":"11","R5":"11","XH":"11","V5":"11","Q7":"11","XG":"11","V4":"11","RC":"11","VC":"11","W7":"11","XJ":"11","V8":"11","Q5":"11","WH":"11","R4":"11","X6":"11","X3":"11","XF":"11","V7":"11","W8":"11","X7":"11","R9":"11","W4":"11","XC":"11","W5":"11","WC":"11","W3":"11","P4":"11","R6":"11","X4":"11"}},"GJ":{"8F":{"XC":"11","X9":"11","X8":"11"},"VQ":{"JM":"11"},"9F":{"28":"11","29":"11"}},"6H":{"VW":{"J7":"11","J8":"11","H8":"11","J9":"11","H7":"11","HC":"11","M7":"11","H9":"11"},"GP":{"5G":"11","57":"11","5H":"11","68":"11","RM":"11","4H":"11","QM":"11","58":"11","4G":"11","67":"11"},"JV":{"9W":"11","92":"11","9V":"11"},"GJ":{"F9":"11","CC":"11","C9":"11"},"GM":{"MJ":"11","FQ":"11","JJ":"11","GR":"11","FR":"11","JM":"11","MM":"11"},"GG":{"PQ":"11","RP":"11","RQ":"11","QQ":"11","RV":"11","PR":"11","QV":"11","QR":"11","RR":"11","PP":"11","QP":"11"}},"77":{"CX":{"8M":"11","FR":"11","9M":"11","GH":"11","CM":"11","8P":"11","FH":"11","9V":"11","FV":"11","HM":"11","7Q":"11","CH":"11","CR":"11","CV":"11","HJ":"11","GM":"11","9J":"11","CP":"11","GQ":"11","FM":"11","8Q":"11","HP":"11","GR":"11","JM":"11","CQ":"11","9Q":"11","FP":"11","9P":"11","JP":"11","GJ":"11","FQ":"11","9R":"11","JQ":"11","HR":"11","HQ":"11","FJ":"11","CJ":"11","8R":"11","GP":"11"}},"68":{"RX":{"RM":"11","PM":"11","JM":"11","HJ":"11"},"PX":{"GW":"11","FX":"11","GX":"11"}},"G9":{"X2":{"4X":"11"}},"GP":{"5R":{"2W":"11","2Q":"11","2X":"11","2R":"11","2V":"11"},"5W":{"GF":"11","GC":"11","C9":"11","QR":"11","54":"11","QQ":"11","75":"11","RR":"11","PM":"11","52":"11","HG":"11","87":"11","86":"11","C8":"11","65":"11","64":"11","76":"11","HF":"11","JG":"11","FC":"11","JH":"11","PJ":"11","PP":"11","RV":"11","63":"11","98":"11","F9":"11","42":"11","QP":"11","97":"11","53":"11","MJ":"11","MH":"11"},"4V":{"XC":"11","X9":"11","XJ":"11","X7":"11","XQ":"11","X6":"11","XF":"11","X8":"11","WH":"11","XH":"11","XP":"11","XM":"11","XG":"11"},"5V":{"2R":"11","23":"11","3W":"11","2Q":"11","27":"11","3R":"11","3X":"11","26":"11","4W":"11","2V":"11","25":"11","24":"11","3V":"11","22":"11","4X":"11"}}}}