{"index":{"university,1|retail,2|tourism,3|wreck,4|historical,5|artsCulture,6|namedBuilding,7|water,8|wetland,9|park,10|beach,11|natureReserve,12|cemetery,13|trail,14":{}},"5H":{"F5":{"7X":{"6W":"11","8W":"11","7X":"11","5W":"11","7W":"11","4W":"11","9W":"11","9X":"11","6X":"11","8X":"11","5X":"11","4X":"11"}},"85":{"JJ":{"QW":"11","RX":"11","XR":"11","VW":"11","QV":"11","PV":"11","WP":"11","QR":"11","RP":"11","QQ":"11","RR":"11","WQ":"11","QX":"11","PX":"11","VR":"11","XP":"11","XQ":"11","WM":"11","WR":"11","WV":"11","PR":"11","RQ":"11","VQ":"11","RW":"11","RV":"11","VV":"11","PW":"11","XV":"11","VP":"11"},"JM":{"P2":"11","Q2":"11","R2":"11"},"MJ":{"5H":"11","5J":"11","GF":"11","7J":"11","FG":"11","GH":"11","FH":"11","FF":"11","CH":"11","9J":"11","8J":"11","8H":"11","2V":"11","6H":"11","GG":"11","6J":"11","7H":"11","9H":"11","2R":"11","FJ":"11","CJ":"11","2Q":"11","CG":"11"}},"9C":{"V2":{"MJ":"11","6F":"11","8F":"11","5G":"11","3F":"11","2F":"11","9F":"11","5F":"11","JJ":"11","HJ":"11","FH":"11","PM":"11","QM":"11","4G":"11","MM":"11","7F":"11","9G":"11","CG":"11","GH":"11","2C":"11","FG":"11","HH":"11","4F":"11"},"R2":{"W9":"11","R8":"11","R9":"11","C5":"11","H6":"11","73":"11","F5":"11","P8":"11","74":"11","Q8":"11","63":"11","V9":"11","P7":"11","G6":"11","J6":"11","M7":"11","WC":"11","XC":"11","95":"11","84":"11","F6":"11","J7":"11","94":"11"}},"W2":{"2G":{"5G":"11","2Q":"11","5H":"11","2R":"11","4J":"11","4M":"11","4H":"11","3M":"11","2V":"11","3Q":"11","3P":"11"},"XJ":{"5Q":"11","78":"11","6J":"11","77":"11","6H":"11","7M":"11","6Q":"11","7P":"11","7J":"11","6M":"11","6P":"11"},"5J":{"M5":"11","J2":"11","M3":"11","J3":"11","P5":"11","M4":"11","J4":"11","M2":"11","P4":"11"},"9H":{"64":"11","66":"11","65":"11","67":"11"},"5H":{"MX":"11","JX":"11","H8":"11","G8":"11","H7":"11","MV":"11","MW":"11","G7":"11"},"XP":{"R8":"11","X7":"11","X8":"11","M6":"11","P8":"11","W8":"11","V8":"11","Q8":"11","P7":"11","J6":"11","M7":"11"},"XM":{"G9":"11","87":"11","HC":"11","HG":"11","GC":"11","JJ":"11","MQ":"11","JH":"11","PQ":"11","F8":"11","HF":"11","JM":"11","MM":"11","86":"11","85":"11","HH":"11","MP":"11"}},"MF":{"4V":{"FM":"11","CQ":"11","CP":"11","FP":"11"}},"CQ":{"X7":{"P6":"11","RC":"11","M5":"11","WC":"11","R8":"11","Q8":"11","Q7":"11","J2":"11","WF":"11","VF":"11","M4":"11","XF":"11","P5":"11","XG":"11","J3":"11","P7":"11","WG":"11","V9":"11","R9":"11","M3":"11","VC":"11"},"WP":{"9X":"11","8X":"11"},"RR":{"7G":"11"},"WQ":{"63":"11","64":"11","73":"11","72":"11","54":"11","82":"11"},"X6":{"78":"11","FG":"11","68":"11","HW":"11","JW":"11","58":"11","39":"11","2C":"11","48":"11","59":"11","9C":"11","9F":"11","8C":"11","89":"11","29":"11","3C":"11","CF":"11","JX":"11","49":"11","HX":"11","79":"11","CG":"11"},"W6":{"5H":"11","5J":"11","9G":"11","7G":"11","GC":"11","RC":"11","RF":"11","3P":"11","WF":"11","QC":"11","CC":"11","5P":"11","VF":"11","XF":"11","5M":"11","9C":"11","PC":"11","9F":"11","6H":"11","4M":"11","FC":"11","8G":"11","6J":"11","3M":"11","3Q":"11","HC":"11","7H":"11","CF":"11","2R":"11","4J":"11","8F":"11","4P":"11","JC":"11","2Q":"11","MC":"11","XC":"11","VC":"11"},"MF":{"48":"11","4C":"11","65":"11","55":"11","49":"11","3J":"11","57":"11","47":"11","56":"11","58":"11","2J":"11","4F":"11"},"P8":{"JM":"11","QJ":"11","PJ":"11","RJ":"11","MM":"11","MJ":"11"},"VF":{"CF":"7"},"XM":{"G9":"11"},"PR":{"44":"11","43":"11"},"JG":{"HX":"11","JX":"11","JV":"11","RC":"11","MW":"11","JW":"11"},"JH":{"HQ":"11","CX":"11","H2":"11","GQ":"11","HM":"11","HP":"11"},"R7":{"9P":"11","7P":"11","GP":"11","8Q":"11","JP":"11","CP":"11","HP":"11","8P":"11","FP":"11"},"V6":{"VX":"11","VW":"11","XW":"11","XV":"11","WW":"11","XR":"11","WX":"11"},"V7":{"R3":"11","H5":"11","V2":"11","H6":"11","J4":"11","J5":"11","R4":"11","R2":"11","Q3":"11"}},"P8":{"RW":{"2W":"11","2X":"11","2R":"11","2V":"11"},"CC":{"G4":"11","C2":"11","C3":"11","F4":"11","M9":"11","F3":"11","92":"11"},"66":{"PV":"11","JQ":"11","PW":"11","JR":"11","MQ":"11","MR":"11","QW":"11","QV":"11","MV":"11"},"78":{"V3":"11","V4":"11","X7":"11","X6":"11","R2":"11","W4":"11","Q2":"11","R3":"11","W5":"11","X5":"11"},"88":{"QH":"11","PF":"11","PG":"11","MG":"11","VJ":"11","WP":"11","27":"11","RJ":"11","26":"11","WM":"11","37":"11","XP":"11","MF":"11","QG":"11","RH":"11","VM":"11"},"HJ":{"F8":"11","GF":"11","96":"11","FF":"11","75":"11","52":"11","74":"11","86":"11","C8":"11","C7":"11","64":"11","GG":"11","FC":"11","63":"11","F9":"11","42":"11","85":"11","97":"11","53":"11"},"QX":{"C4":"11","H4":"11","P6":"11","C5":"11","P4":"11","H6":"11","Q4":"11","M5":"11","F5":"11","Q5":"11","M6":"11","J5":"11","G6":"11","J6":"11","G5":"11","P5":"11","H5":"11","F4":"11"},"RX":{"22":"11","23":"11"},"QW":{"XW":"11","XX":"11","XQ":"11","XR":"11","WP":"11","WQ":"11","WM":"11","XV":"11","XP":"11"},"GH":{"WP":"11","XQ":"11","WQ":"11","XR":"11"},"C9":{"9X":"11"},"HH":{"2R":"11","3W":"11","3X":"11","2V":"11","3V":"11","4X":"11"},"98":{"8W":"11","9W":"11","9X":"11","7W":"11","2Q":"11","CX":"11","5R":"11","4R":"11","6R":"11","8X":"11","7V":"11","6V":"11","3Q":"11","4Q":"11","3R":"11"},"99":{"H4":"11","C2":"11","M6":"11","F3":"11","J5":"11","G4":"11","J6":"11","G3":"11","H5":"11","F2":"11"}},"WF":{"27":{"W3":"11","W5":"11","W6":"11","W4":"11"},"26":{"VW":"11","VV":"11","WV":"11","23":"11"}},"92":{"J8":{"4X":"11","RJ":"11","6W":"11","XJ":"11","CM":"11","GH":"11","5W":"11","8V":"11","5X":"11","7W":"11","7V":"11","CP":"11","FM":"11","8Q":"11","CX":"11","6X":"11","WM":"11","QM":"11","XM":"11","FX":"11","CQ":"11","9Q":"11","GJ":"11","JH":"11","9R":"11","PJ":"11","VJ":"11","FJ":"11","8R":"11","WJ":"11","HH":"11","MJ":"11","RM":"11","QJ":"11","MH":"11","VM":"11"},"J9":{"MW":"11","8Q":"11","8H":"11","J6":"11","RV":"11","P8":"11","8F":"11","JW":"11","HV":"11","43":"11","M7":"11","H7":"11","HX":"11","4G":"11","JQ":"11","VW":"11","79":"11","78":"11","9R":"11","28":"11","H4":"11","C3":"11","42":"11","89":"11","HW":"11","GV":"11","8P":"11","QW":"11","WV":"11","FQ":"11","7H":"11","8M":"11","JR":"11","4H":"11","P7":"11","85":"11","RF":"11","RG":"11","F3":"11","CM":"11","6M":"11","36":"11","H3":"11","5J":"11","9F":"11","3F":"11","25":"11","QG":"11","F4":"11","H6":"11","J3":"11","86":"11","33":"11","Q9":"11","92":"11","9C":"11","J7":"11","99":"11","FP":"11","J5":"11","39":"11","34":"11","7M":"11","29":"11","FV":"11","8G":"11","27":"11","HR":"11","CP":"11","8C":"11","PW":"11","XV":"11","C2":"11","FW":"11","35":"11","84":"11","F2":"11","3G":"11","8J":"11","26":"11","4F":"11","7J":"11","9M":"11","RW":"11","C4":"11","37":"11","7P":"11","G3":"11","QC":"11","CV":"11","9J":"11","P9":"11","FR":"11","6J":"11","H5":"11","88":"11","94":"11","52":"11","GR":"11","G7":"11","PC":"11","J4":"11","CR":"11","MX":"11","93":"11","PX":"11","QF":"11","VV":"11","3C":"11","MQ":"11","GW":"11","87":"11","G6":"11","CJ":"11","5H":"11","M6":"11","9Q":"11","MR":"11","G2":"11","JX":"11","6H":"11","XF":"11"},"M9":{"5J":"11","7P":"11","4R":"11","68":"11","66":"11","54":"11","67":"11","7Q":"11","52":"11","5Q":"11","58":"11","6M":"11","7M":"11","57":"11","5M":"11","65":"11","5C":"11","59":"11","2G":"11","5R":"11","64":"11","2V":"11","4M":"11","3G":"11","6J":"11","63":"11","55":"11","2R":"11","4J":"11","69":"11","6Q":"11","4C":"11","62":"11","3R":"11","2F":"11","4F":"11","3F":"11"},"M8":{"5V":"11","3P":"11","4R":"11","4P":"11","5W":"11","3Q":"11","3J":"11","5R":"11","6X":"11","4Q":"11","3M":"11","5X":"11","2J":"11"}},"PF":{"FM":{"X2":"11"},"GM":{"23":"11","66":"11","78":"11","88":"11","33":"11","77":"11","55":"11","89":"11","45":"11","22":"11","44":"11","67":"11","56":"11","34":"11","99":"11"},"FJ":{"VW":"11","9G":"11","MP":"11","QV":"11","QR":"11","FH":"11","6C":"11","HM":"11","CH":"11","HJ":"11","GM":"11","39":"11","28":"11","5C":"11","7F":"11","PQ":"11","PR":"11","JM":"11","JP":"11","GJ":"11","6F":"11","8G":"11","29":"11","XX":"11","9H":"11","RW":"11","RV":"11","VV":"11","49":"11","VX":"11","FJ":"11","8F":"11","4C":"11","WX":"11","MQ":"11"},"7X":{"P6":"11","48":"11","Q7":"11","65":"11","55":"11","R7":"11","Q6":"11","M6":"11","57":"11","47":"11","56":"11"},"HV":{"93":"11","G4":"11","G3":"11","C3":"11","H4":"11"},"CJ":{"V8":"11","V7":"11","R7":"11","X8":"11","R8":"11","W8":"11"}},"R2":{"CG":{"VX":"11","XW":"11","XX":"11","WX":"11"},"CH":{"J8":"11","M7":"11","M8":"11","R4":"11","P6":"11","Q5":"11","JF":"11","QR":"11","HM":"11","W2":"11","J9":"11","Q4":"11","HG":"11","HJ":"11","M6":"11","P5":"11","V2":"11","JM":"11","PR":"11","R2":"11","HF":"11","JP":"11","JG":"11","Q3":"11","R3":"11","JQ":"11","P4":"11","JC":"11","MQ":"11","HH":"11","MR":"11","V3":"11"},"WH":{"62":"11"},"FG":{"2W":"11","2R":"11","3W":"11","3V":"11","4V":"11","3R":"11"}},"V6":{"Q9":{"39":"11","3C":"11","2C":"11","2F":"11","29":"11","2G":"11"},"MC":{"RM":"11","VM":"11"},"MG":{"4P":"11","4M":"11","3M":"11","3P":"11"},"RC":{"R3":"11","R2":"11","V3":"11"},"R8":{"6X":"11","48":"11","38":"11","6W":"11"},"P9":{"XC":"11","XF":"11","XH":"11","XG":"11"},"R9":{"63":"11","62":"11"},"JG":{"87":"11","86":"11"}},"MG":{"72":{"C8":"11","97":"11","F8":"11","75":"11","F7":"11","76":"11","96":"11","C7":"11","86":"11"}},"86":{"GW":{"24":"11","25":"11","26":"11"},"FW":{"X5":"11","J2":"11","V4":"11","Q4":"11","J3":"11","X6":"11","H2":"11","X4":"11","R4":"11","P4":"11"},"FV":{"X8":"11","V3":"11","Q3":"11","WP":"11","X9":"11","WG":"11","VR":"11","WF":"11","JW":"11","W6":"11","XP":"11","PR":"11","WJ":"11","HW":"11","RW":"11","R2":"11","RV":"11","MR":"11","V9":"11","X5":"11","Q2":"11","QV":"11","WQ":"11","M2":"11","HX":"11","R3":"11","JV":"11","RR":"11","P2":"11","PV":"11","V2":"11","W9":"11","VF":"11","JX":"11","XH":"11","V5":"11","XG":"11","V4":"11","VC":"11","W7":"11","XJ":"11","V8":"11","XM":"11","MV":"11","QW":"11","XR":"11","WH":"11","R4":"11","X6":"11","WM":"11","X3":"11","XF":"11","V7":"11","WR":"11","W8":"11","XQ":"11","X7":"11","W4":"11","XC":"11","PW":"11","W5":"11","VV":"11","WC":"11","MW":"11","W3":"11","WV":"11","HV":"11","X4":"11"},"CR":{"WH":"11","RG":"11","VJ":"11","XJ":"11","WG":"11","XH":"11","RJ":"11","WM":"11","XG":"11","VH":"11","XM":"11","RH":"11","WJ":"11"},"FR":{"QW":"11","RX":"11","FR":"11","9M":"11","QV":"11","PV":"11","6P":"11","CM":"11","2J":"11","QX":"11","2M":"11","CR":"11","PX":"11","2H":"11","CP":"11","6M":"11","GQ":"11","5P":"11","FM":"11","HP":"11","GR":"11","MW":"11","5M":"11","2G":"11","PR":"11","CQ":"11","9Q":"11","JV":"11","9P":"11","FP":"11","4M":"11","MV":"11","3M":"11","FQ":"11","JQ":"11","HR":"11","HQ":"11","PW":"11","MX":"11","4J":"11","3J":"11","MQ":"11","GP":"11","MR":"11","JR":"11"}},"Q2":{"2Q":{"93":"11","84":"11","94":"11","C2":"11","C3":"11","H2":"11","F3":"11","F2":"11","G2":"11"},"FM":{"7G":"11","9G":"11","8F":"11","CG":"11","8G":"11","GG":"11","7C":"11","6F":"11","FG":"11","7F":"11","6C":"11"},"CM":{"WP":"11","VP":"11"},"5R":{"42":"11","52":"11"},"2P":{"HX":"11","JX":"11","GX":"11","JW":"11"},"5Q":{"5X":"11","4X":"11"}},"X2":{"M7":{"42":"11"}},"GV":{"2M":{"24":"11"},"2H":{"6W":"11","6V":"11","3P":"11","4R":"11","7X":"11","3Q":"11","2M":"11","7W":"11","4Q":"11","3M":"11","4M":"11"},"4J":{"FX":"11","GX":"11"},"4M":{"C8":"11","6F":"11","87":"11","H6":"11","97":"11","F8":"11","F7":"11","H7":"11","89":"11","86":"11","8C":"11","G7":"11","98":"11","6C":"11"},"2J":{"6J":"11","73":"11","5J":"11","74":"11","7H":"11","7J":"11","84":"11","5M":"11","6M":"11","4M":"11","4J":"11"}},"M6":{"JC":{"5G":"11","2H":"11","5F":"11","4F":"11","3G":"11","2G":"11","4G":"11"},"HC":{"RJ":"11","MP":"11","MM":"11","9V":"11","8V":"11","PM":"11","CR":"11","WH":"11","XH":"11","GQ":"11","HP":"11","QM":"11","JM":"11","CQ":"11","JP":"11","FQ":"11","9R":"11","PJ":"11","HQ":"11","VH":"11","VJ":"11","8R":"11","GP":"11","QJ":"11"},"GF":{"88":"11","C7":"11","39":"11","M5":"11","R3":"11","V4":"11","69":"11","68":"11","M6":"11","Q4":"11","F7":"11","G6":"11","W2":"11","49":"11","W3":"11","P5":"11","78":"11","J6":"11","H6":"11","C8":"11","79":"11","2C":"11","J5":"11","29":"11","R4":"11","98":"11","59":"11","Q5":"11","V3":"11","G7":"11"},"FF":{"CC":"11","59":"11","RC":"11","HC":"11","JC":"11","GC":"11","9C":"11","VC":"11","FC":"11","69":"11","68":"11","89":"11","WC":"11","XC":"11","QC":"11","79":"11","PC":"11","58":"11","8C":"11","MC":"11"}},"G8":{"WQ":{"34":"11","35":"11","43":"11"}},"F6":{"93":{"39":"11","69":"11","49":"11","29":"11","59":"11"},"J7":{"W2":"11","X2":"11","V2":"11","Q2":"11","R2":"11"},"83":{"M7":"11","M8":"11","J7":"11","W8":"11","R8":"11","Q8":"11","H7":"11","32":"11","F6":"11","52":"11","P8":"11","W9":"11","22":"11","43":"11","C5":"11","74":"11","V8":"11","C6":"11","64":"11","X9":"11","G7":"11","63":"11","V9":"11","42":"11","F5":"11","84":"11","53":"11","94":"11","95":"11","G6":"11","H6":"11"},"M6":{"FX":"11","CX":"11","CW":"11","GX":"11"},"J6":{"MX":"11","PW":"11","QX":"11","GW":"11","JW":"11","RX":"11","GR":"11","HV":"11","FR":"11","MW":"11","FV":"11","GV":"11","PX":"11","JV":"11","HW":"11","VX":"11"},"72":{"F4":"11","G8":"11","QV":"11","PV":"11","MM":"11","QR":"11","83":"11","QQ":"11","F6":"11","RR":"11","93":"11","PM":"11","52":"11","C2":"11","82":"11","HG":"11","WW":"11","VR":"11","C3":"11","WV":"11","PR":"11","JJ":"11","XW":"11","HF":"11","JG":"11","G9":"11","92":"11","G7":"11","JH":"11","HC":"11","XX":"11","PP":"11","VV":"11","H9":"11","QP":"11","C4":"11","72":"11","F5":"11","MJ":"11","G6":"11","62":"11"},"M7":{"X8":"11","G3":"11","62":"11","H4":"11","Q6":"11","R7":"11","W6":"11","42":"11","32":"11","73":"11","P5":"11","V6":"11","83":"11","82":"11","H3":"11","F2":"11","J3":"11","R8":"11","W9":"11","G2":"11","Q4":"11","R5":"11","V5":"11","43":"11","H2":"11","W7":"11","52":"11","P6":"11","V8":"11","Q5":"11","63":"11","J4":"11","M4":"11","V7":"11","W8":"11","X7":"11","22":"11","72":"11","53":"11","M5":"11","P4":"11","R6":"11"},"P7":{"8M":"11","9M":"11","7G":"11","7J":"11","CM":"11","38":"11","4H":"11","9J":"11","CP":"11","GQ":"11","39":"11","FM":"11","28":"11","GR":"11","5C":"11","8J":"11","8H":"11","CQ":"11","6H":"11","FP":"11","9P":"11","6F":"11","FQ":"11","29":"11","JQ":"11","7H":"11","HR":"11","6G":"11","49":"11","HQ":"11","4C":"11","27":"11","GP":"11","5F":"11","JR":"11"},"82":{"2X":"11"}},"67":{"94":{"XX":"11"},"C4":{"2W":"11","2X":"11"}},"P2":{"XQ":{"WC":"11","RC":"11","XF":"11","VC":"11","WF":"11"},"XP":{"7M":"11","5J":"11","6J":"11","4J":"11","3H":"11","4H":"11","6M":"11","5M":"11","3G":"11"}},"Q9":{"48":{"62":"11"},"47":{"8W":"11","6X":"11","7W":"11","7X":"11","7V":"11"}},"W9":{"C7":{"6V":"11","6W":"11","CM":"11","8P":"11","5X":"11","7Q":"11","JW":"11","7R":"11","7V":"11","CP":"11","GQ":"11","FM":"11","8Q":"11","6X":"11","HP":"11","9Q":"11","JV":"11","9P":"11","FP":"11","HR":"11","JX":"11","HQ":"11","HX":"11","GP":"11","JR":"11"},"F9":{"MG":"11","MF":"11","JG":"11"},"C8":{"F4":"11","96":"11","75":"11","J2":"11","52":"11","C5":"11","F3":"11","74":"11","C6":"11","G4":"11","64":"11","H2":"11","G3":"11","63":"11","H3":"11","85":"11","F5":"11","84":"11","95":"11","62":"11"}},"V2":{"QH":{"RC":"11"},"QJ":{"8C":"11"},"FC":{"6X":"11","4R":"11","5X":"11","5W":"11","4V":"11","5V":"11","3R":"11"},"XF":{"2X":"11","3X":"11","4X":"11"},"FF":{"84":"11","83":"11","95":"11","94":"11","73":"11","72":"11","62":"11","82":"11","74":"11"},"7H":{"VX":"11","VW":"11","RW":"11","WW":"11","WX":"11"},"3G":{"J3":"11","Q8":"11","P8":"11"},"XG":{"J8":"11","XR":"11","M8":"11","RJ":"11","J7":"11","WP":"11","83":"11","H7":"11","F6":"11","52":"11","RH":"11","C5":"11","73":"11","XP":"11","XQ":"11","WM":"11","PF":"11","P9":"11","RG":"11","PC":"11","QF":"11","QG":"11","63":"11","M9":"11","VJ":"11","42":"11","72":"11","C4":"11","XV":"11","F5":"11","84":"11","94":"11","95":"11","G6":"11","62":"11","H6":"11","VM":"11"},"WF":{"VX":"11","XX":"11","WX":"11"},"JG":{"QH":"11","QJ":"11"}},"HF":{"Q9":{"CC":"11","PF":"11","PG":"11","HC":"11","JC":"11","JF":"11","GC":"11","WH":"11","RG":"11","XJ":"11","VG":"11","XH":"11","HF":"11","FC":"11","QF":"11","F9":"11","89":"11","VH":"11","MF":"11","C9":"11","QG":"11","99":"11"},"H7":{"49":"11","4C":"11","4F":"11"},"RC":{"PF":"11","P6":"11","M5":"11","G2":"11","M6":"11","P8":"11","P9":"11","J3":"11","H2":"11","J5":"11","P7":"11","H3":"11","PC":"11","J4":"11"},"75":{"JP":"11","MJ":"11","HG":"11","MG":"11","JJ":"11","JH":"11","HP":"11","JM":"11","MM":"11","MH":"11","JG":"11"},"65":{"RP":"11","RQ":"11","XQ":"11","WQ":"11","PP":"11","VQ":"11","QP":"11","XR":"11"},"R9":{"7P":"11","GX":"11","6P":"11","9V":"11","2J":"11","7Q":"11","FW":"11","7R":"11","CV":"11","5P":"11","8Q":"11","5M":"11","FX":"11","CW":"11","4M":"11","3M":"11","9R":"11","6Q":"11","3J":"11","8R":"11"},"G7":{"X5":"11","W5":"11"}},"VF":{"Q9":{"84":"11","83":"11","94":"11","C4":"11","82":"11"},"33":{"Q4":"11","P5":"11","Q5":"11"},"V9":{"84":"11","3C":"11","73":"11","2F":"11","2G":"11","74":"11"},"X6":{"X3":"11"},"M8":{"W2":"11","X2":"11","V2":"11"},"P7":{"WJ":"11","VJ":"11"},"R9":{"GH":"11","HG":"11","GJ":"11","FQ":"11","HH":"11"},"P8":{"22":"11"}},"V5":{"MJ":{"PQ":"11","MQ":"11","PP":"11","XM":"11","MP":"11"},"JP":{"J9":"11","HC":"11","9P":"11","35":"11","P7":"11","24":"11","8P":"11","M7":"11","H9":"11","J8":"11","J7":"11","34":"11"},"PJ":{"VW":"11","9G":"11","VV":"11","8F":"11","3J":"11","2M":"11","8G":"11","2J":"11","QH":"11","RV":"11","3M":"11","QJ":"11","RR":"11","RJ":"11"},"JR":{"8W":"11","8R":"11","9Q":"11","7X":"11","9H":"11","9R":"11","9M":"11","8Q":"11","9G":"11","8P":"11","8V":"11","9J":"11"},"PQ":{"72":"11"},"HP":{"V4":"11","R9":"11","X7":"11","RC":"11","X8":"11","Q5":"11","W8":"11","W4":"11","V9":"11","V5":"11","X3":"11","P5":"11","QC":"11","W5":"11","X4":"11"},"PM":{"QW":"11","RJ":"11","QV":"11","QR":"11","RP":"11","QQ":"11","QX":"11","PX":"11","RH":"11","X3":"11","VG":"11","VF":"11","W3":"11","RG":"11","RQ":"11","VH":"11","QP":"11","X2":"11","RM":"11"},"PP":{"8W":"11","8V":"11","7W":"11","M3":"11","P2":"11","P3":"11","CQ":"11","9R":"11","9Q":"11","7X":"11","FQ":"11","M4":"11","8X":"11","Q2":"11","J4":"11","J5":"11","9V":"11","CR":"11","M2":"11","CP":"11","FP":"11"},"JM":{"PJ":"11","QH":"11","VF":"11","PG":"11","QJ":"11","PH":"11","QQ":"11","RF":"11","RP":"11","VC":"11","QP":"11","PM":"11","QM":"11","PP":"11","RQ":"11"},"MM":{"G4":"11","39":"11","G3":"11","F4":"11","C5":"11","C4":"11","29":"11"},"JV":{"G9":"11","J9":"11","78":"11","88":"11","GC":"11","V6":"11","73":"11","82":"11","FC":"11","75":"11","74":"11","72":"11","F9":"11","69":"11","H9":"11","89":"11","85":"11","84":"11","C9":"11","83":"11","98":"11","99":"11"},"HM":{"W9":"11","X7":"11","X8":"11","X6":"11","W8":"11","V8":"11","V9":"11","W6":"11","W7":"11","R3":"11","W5":"11","R4":"11","X5":"11"}},"JF":{"7G":{"V8":"11","X9":"11","F5":"11","X8":"11","R8":"11","W8":"11"},"VR":{"J2":"11","J3":"11","H5":"11","J4":"11","J5":"11"},"8G":{"5C":"11","4C":"11","59":"11","88":"11","29":"11","69":"11","89":"11","39":"11","2C":"11","79":"11","3C":"11"}},"95":{"V6":{"VR":"11","WR":"11","XQ":"11","RV":"11","WQ":"11","QV":"11","QR":"11","RR":"11","VQ":"11"},"3C":{"6V":"11","2W":"11","3W":"11","5V":"11","6R":"11","4V":"11","2X":"11","5W":"11","3X":"11","4W":"11","2V":"11","5R":"11","3V":"11","5X":"11","4X":"11"},"2C":{"XW":"11","XX":"11"}},"RC":{"J8":{"6V":"11","FH":"11","6R":"11","7Q":"11","6Q":"11","9M":"11","7P":"11","CJ":"11","9X":"11","GH":"11","8X":"11","CM":"11","GG":"11","FJ":"11"},"F8":{"7X":"11"},"M8":{"JV":"11","3W":"11","PM":"11","MV":"11","4W":"11","QH":"11","QJ":"11","QM":"11","QG":"11","3V":"11","4V":"11","PP":"11","QP":"11","PJ":"11","MR":"11"},"GF":{"VW":"11","QW":"11","RW":"11"},"G8":{"2R":"11","PF":"11","2W":"11","JF":"11","6J":"11","6H":"11","VG":"11","3R":"11","3Q":"11","QF":"11","7H":"11","2V":"11","4Q":"11","7J":"11","5M":"11","FG":"11","GG":"11","4M":"11"},"P6":{"MH":"11","M5":"11","FX":"11","FW":"11","JJ":"11","P2":"11","P3":"11","M4":"11","Q2":"11","JH":"11","P4":"11","MJ":"11"},"Q5":{"2R":"11"},"M5":{"8M":"11","XR":"11","9M":"11","P6":"11","MM":"11","CM":"11","P3":"11","R8":"11","Q8":"11","Q7":"11","HM":"11","PM":"11","WF":"11","GM":"11","9J":"11","6M":"11","7M":"11","5P":"11","VF":"11","XQ":"11","XF":"11","WM":"11","P5":"11","XM":"11","V2":"11","4Q":"11","JM":"11","P7":"11","3Q":"11","P4":"11","CJ":"11","4P":"11","X2":"11","2Q":"11","VM":"11","VC":"11"},"Q8":{"Q3":"11","P4":"11","H6":"11","M5":"11","M4":"11","R2":"11","J5":"11","G6":"11","J6":"11","C7":"11","R3":"11","G5":"11","P3":"11","H5":"11","C6":"11","F6":"11"},"H7":{"XX":"11"},"Q7":{"R3":"11","V4":"11","P2":"11","Q2":"11","R4":"11","Q3":"11"},"P8":{"CG":"11","FF":"11","FG":"11"},"HG":{"FH":"11","GG":"11","GF":"11","FG":"11","JF":"11","HF":"11"},"M4":{"VX":"11","MX":"11","RX":"11","XX":"11","WX":"11"},"R6":{"7M":"11"},"P5":{"37":"11","XR":"11","44":"11","6P":"11","WP":"11","32":"11","38":"11","47":"11","WQ":"11","WW":"11","22":"11","43":"11","48":"11","XQ":"11","WM":"11","46":"11","33":"11","2G":"11","XW":"11","3G":"11","4G":"11","XX":"11","55":"11","49":"11","2R":"11","6Q":"11","XV":"11","4C":"11","WJ":"11","WX":"11","5F":"11","4F":"11"},"XG":{"CV":"11","FW":"11","CW":"11","FV":"11","9W":"11","9X":"11","9V":"11","CX":"11"},"Q6":{"HW":"11","PX":"11","MW":"11","PW":"11","JW":"11"},"8C":{"FH":"11","CG":"11","FJ":"11","CH":"11","CJ":"11"},"P7":{"G4":"11","M6":"11","V5":"11","F4":"11","H5":"11","J6":"11","H6":"11","M7":"11","G5":"11","W5":"11","F2":"11","P7":"11"},"G9":{"MC":"11","34":"11","35":"11","24":"11","36":"11","46":"11","CC":"11","45":"11","FC":"11","9C":"11","FF":"11","22":"11","23":"11"},"P4":{"2X":"11"},"H9":{"R5":"11","V3":"11","V4":"11","P6":"11","42":"11","Q4":"11","W3":"11","Q5":"11","R2":"11","V5":"11","R3":"11","P5":"11","R4":"11"},"H8":{"5V":"11","P4":"11","3P":"11","4R":"11","4V":"11","M4":"11","5W":"11","PM":"11","2M":"11","X2":"11","MM":"11","RQ":"11","5R":"11","4Q":"11","P3":"11","3M":"11","RR":"11","5X":"11","W2":"11","4X":"11"},"F9":{"64":"11","65":"11","73":"11","55":"11","27":"11","28":"11","46":"11","82":"11","74":"11","72":"11","37":"11","45":"11","36":"11","56":"11","83":"11"},"J6":{"34":"11","44":"11","24":"11","62":"11","43":"11","52":"11","53":"11"},"G6":{"9P":"11","9Q":"11","8Q":"11","8P":"11"},"H6":{"X4":"11"},"J5":{"XR":"11","FR":"11","6V":"11","6W":"11","QR":"11","9V":"11","8V":"11","FV":"11","GV":"11","QQ":"11","5X":"11","RR":"11","WQ":"11","CV":"11","7V":"11","6X":"11","XQ":"11","GR":"11","WR":"11","CW":"11","PQ":"11","9W":"11","JQ":"11","HQ":"11","8W":"11","MQ":"11"}},"VC":{"5J":{"37":"11","5H":"11","9G":"11","5G":"11","67":"11","47":"11","77":"11","58":"11","87":"11","48":"11","57":"11","8J":"11","8H":"11","9F":"11","6H":"11","8G":"11","3G":"11","4G":"11","CF":"11","97":"11","27":"11","CG":"11"},"3J":{"R5":"11","V7":"11","Q4":"11","W7":"11","R6":"11","R7":"11","Q7":"11","P7":"11","Q5":"11","P8":"11"},"5H":{"5J":"11","4J":"11","4H":"11"},"4J":{"H4":"11","P6":"11","R8":"11","X7":"11","C5":"11","WH":"11","R6":"11","M5":"11","65":"11","V6":"11","55":"11","F5":"11","WG":"11","XH":"11","Q6":"11","M6":"11","75":"11","V8":"11","96":"11","V9":"11","W7":"11","J5":"11","G4":"11","XG":"11","VH":"11","G5":"11","G3":"11","H5":"11","C6":"11","85":"11","V7":"11","95":"11"},"3H":{"M8":"11","PJ":"11","RM":"11","PF":"11","5Q":"11","QJ":"11","PG":"11","PH":"11","HG":"11","Q7":"11","V6":"11","FH":"11","6R":"11","W3":"11","CW":"11","P8":"11","9P":"11","QM":"11","HF":"11","6Q":"11","9M":"11","QF":"11","Q8":"11","W6":"11","7P":"11","9W":"11","8P":"11","CJ":"11","GH":"11","X3":"11","CM":"11","W5":"11","CX":"11","6P":"11","GG":"11","FJ":"11"},"2J":{"P2":"11","P3":"11","P4":"11"},"4H":{"7R":"11","23":"11","33":"11","32":"11","3P":"11","4R":"11","6R":"11","3Q":"11","75":"11","74":"11","7V":"11","5R":"11","8V":"11","4Q":"11","22":"11","84":"11","83":"11"},"4G":{"7W":"11","3X":"11","7V":"11","6V":"11"}},"H5":{"GR":{"63":"11","42":"11","62":"11","52":"11","43":"11","32":"11","53":"11"},"MQ":{"J2":"11","M2":"11"},"CW":{"7G":"11","5G":"11","8J":"11","5J":"11","5H":"11","6J":"11","6G":"11","7J":"11","6M":"11","5M":"11","8H":"11","7H":"11","6F":"11","7F":"11"},"HW":{"MJ":"11","HG":"11","JJ":"11","HJ":"11","JH":"11","FH":"11","FF":"11","GF":"11","GH":"11","MH":"11","JG":"11","HH":"11","FG":"11"},"CV":{"QW":"11","RX":"11","V4":"11","MP":"11","QV":"11","V5":"11","W6":"11","WW":"11","W3":"11","WV":"11","PQ":"11","W5":"11","W4":"11","PP":"11","RW":"11","RV":"11","VV":"11","VX":"11","V6":"11","WX":"11","MQ":"11","MR":"11","V3":"11"},"GQ":{"3X":"11"},"MP":{"MX":"11","JX":"11","JV":"11","MV":"11","MW":"11","JW":"11"}},"XR":{"MH":{"7R":"11","6V":"11","5V":"11","3P":"11","2P":"11","4P":"11","6R":"11","5W":"11","7Q":"11","3X":"11","6Q":"11","4W":"11","7P":"11","5P":"11","6P":"11","4X":"11"},"JJ":{"37":"11","V4":"11","7C":"11","R4":"11","Q5":"11","M5":"11","83":"11","6C":"11","99":"11","93":"11","36":"11","C2":"11","Q4":"11","26":"11","X3":"11","74":"11","W3":"11","C8":"11","P5":"11","5C":"11","65":"11","46":"11","C7":"11","2G":"11","64":"11","89":"11","3G":"11","92":"11","G7":"11","55":"11","98":"11","45":"11","F7":"11","X2":"11","84":"11","27":"11","J6":"11","F2":"11","G6":"11","H6":"11","V3":"11","79":"11","5F":"11","4F":"11","J5":"11","3F":"11"},"JH":{"PV":"11","HX":"11","PW":"11","VQ":"11","QR":"11","WP":"11","JW":"11","JX":"11","WQ":"11","MW":"11","QV":"11","RQ":"11","GX":"11","XP":"11","RR":"11","FX":"11"},"HJ":{"X8":"11","HJ":"11","CR":"11","MH":"11","CQ":"11","PQ":"11","CW":"11","QQ":"11","QF":"11","PF":"11","VM":"11","HH":"11","WJ":"11","MR":"11","V9":"11","8W":"11","MG":"11","FM":"11","GV":"11","MQ":"11","VJ":"11","FP":"11","W9":"11","9W":"11","9R":"11","GM":"11","XH":"11","PG":"11","JH":"11","XG":"11","RM":"11","RC":"11","CP":"11","QP":"11","V8":"11","QC":"11","WH":"11","RP":"11","W8":"11","X7":"11","R9":"11","FV":"11","CV":"11","JR":"11","9V":"11","8V":"11","HR":"11","GJ":"11","HV":"11"},"MJ":{"22":"11","32":"11"}},"J4":{"WP":{"RW":"11","RM":"11","QH":"11","PF":"11","WW":"11","R8":"11","QJ":"11","QQ":"11","XQ":"11","R6":"11","QR":"11","Q7":"11","RP":"11","V6":"11","VV":"11","XJ":"11","QX":"11","R7":"11","RX":"11","QP":"11","XH":"11","X6":"11","WQ":"11","VW":"11","RJ":"11","QW":"11","Q8":"11","W6":"11","QV":"11","RQ":"11","Q9":"11","XP":"11","XM":"11","WV":"11","VX":"11","QG":"11","PC":"11","X4":"11","X5":"11","WR":"11"},"WQ":{"Q2":"11","R2":"11"},"XP":{"23":"11","2F":"11","2G":"11","33":"11","32":"11","27":"11","29":"11","28":"11","26":"11","35":"11","37":"11","24":"11","36":"11","22":"11","2H":"11","2C":"11","34":"11","2J":"11"},"XM":{"3X":"11"}},"V7":{"44":{"J8":"11","M7":"11","9G":"11","G8":"11","P6":"11","7J":"11","J7":"11","6P":"11","H7":"11","5Q":"11","CC":"11","6M":"11","Q2":"11","5P":"11","M6":"11","8J":"11","4Q":"11","8H":"11","9F":"11","R2":"11","FC":"11","Q3":"11","8G":"11","P7":"11","6J":"11","H8":"11","F9":"11"},"66":{"QQ":"11","WP":"11","XJ":"11","PQ":"11","XH":"11","28":"11","7Q":"11","PP":"11","WM":"11","8Q":"11","XP":"11","MP":"11","WJ":"11"},"83":{"F4":"11","RX":"11","PV":"11","QV":"11","CM":"11","GM":"11","9J":"11","39":"11","28":"11","7F":"11","8H":"11","PR":"11","GJ":"11","6F":"11","MV":"11","8G":"11","29":"11","JQ":"11","3C":"11","9H":"11","RW":"11","HQ":"11","VX":"11","4C":"11","F5":"11","F2":"11","MR":"11","G2":"11","5F":"11"},"54":{"C3":"11","Q3":"11","48":"11","P4":"11","42":"11","32":"11","V2":"11","C2":"11","M4":"11","R2":"11","46":"11","76":"11","F3":"11","Q2":"11","47":"11","H3":"11","69":"11","68":"11","G3":"11","P3":"11","22":"11","F2":"11","58":"11","J4":"11"},"75":{"JF":"11","CQ":"11","CR":"11","F8":"11","F7":"11","9W":"11","CJ":"11","9X":"11","9V":"11"},"67":{"6V":"11","78":"11","2P":"11","68":"11","FV":"11","FF":"11","GV":"11","RP":"11","67":"11","PM":"11","7W":"11","77":"11","HG":"11","7V":"11","58":"11","GQ":"11","HP":"11","QM":"11","5C":"11","59":"11","9C":"11","PQ":"11","8X":"11","9F":"11","76":"11","JV":"11","HV":"11","GG":"11","JP":"11","JG":"11","JH":"11","PJ":"11","JQ":"11","9W":"11","PP":"11","CF":"11","49":"11","HQ":"11","QP":"11","85":"11","4C":"11","84":"11","8W":"11","MQ":"11","2Q":"11","MJ":"11","MR":"11","RM":"11","QJ":"11","MH":"11"},"36":{"H4":"11","M2":"11","XJ":"11","82":"11","J3":"11","H3":"11","XM":"11","H5":"11","83":"11","J4":"11"},"82":{"XJ":"11","VH":"11","XQ":"11","VJ":"11","GX":"11","XH":"11","XP":"11"},"26":{"88":"11","C2":"11","77":"11","78":"11","F3":"11","F2":"11"},"34":{"F8":"11","9G":"11","7P":"11","P2":"11","C9":"11","P3":"11","83":"11","32":"11","F6":"11","W2":"11","93":"11","7Q":"11","J2":"11","52":"11","C2":"11","CC":"11","7M":"11","Q2":"11","73":"11","W3":"11","G5":"11","C8":"11","M2":"11","C3":"11","V2":"11","G4":"11","9F":"11","R2":"11","JV":"11","J3":"11","HV":"11","8G":"11","R3":"11","H4":"11","JQ":"11","HR":"11","CF":"11","HQ":"11","F9":"11","H3":"11","42":"11","72":"11","F7":"11","X2":"11","F2":"11","G6":"11","62":"11","V3":"11","M3":"11","JR":"11"},"43":{"XW":"11","XX":"11","2R":"11","2G":"11","2Q":"11","XR":"11","2P":"11","RX":"11","2X":"11","VW":"11","2M":"11","2V":"11","XV":"11","WV":"11","VX":"11","2C":"11","2H":"11","2J":"11","WR":"11"},"25":{"8M":"11","44":"11","F8":"11","5H":"11","6V":"11","7P":"11","G8":"11","7J":"11","WC":"11","8P":"11","8V":"11","54":"11","FV":"11","GV":"11","HM":"11","5G":"11","F6":"11","FW":"11","PH":"11","7R":"11","4H":"11","7V":"11","22":"11","9X":"11","43":"11","C5":"11","HP":"11","GR":"11","8J":"11","JM":"11","6H":"11","JJ":"11","MG":"11","X9":"11","FC":"11","3G":"11","4G":"11","QG":"11","9W":"11","7H":"11","HR":"11","PG":"11","HQ":"11","F9":"11","C4":"11","8F":"11","F7":"11","6R":"11","F5":"11","8W":"11","94":"11","3H":"11","MJ":"11","XC":"11","MH":"11"},"74":{"MH":"11","FW":"11","QF":"11","RF":"11","VF":"11","HJ":"11","WF":"11"},"73":{"X7":"11","C5":"11","V2":"11","G2":"11","F5":"11","X6":"11","R2":"11","X2":"11","G4":"11","Q2":"11","X3":"11","G3":"11","F4":"11","X4":"11","X5":"11"},"23":{"XW":"11","RM":"11","WW":"11","QJ":"11","PW":"11","MQ":"11","PQ":"11","QP":"11","MR":"11","MW":"11","PP":"11","QM":"11","PX":"11","WV":"11"},"35":{"QW":"11","VW":"11","9G":"11","7G":"11","MP":"11","FH":"11","HM":"11","5G":"11","CH":"11","PX":"11","WW":"11","9X":"11","39":"11","2C":"11","5C":"11","8X":"11","JM":"11","XW":"11","JP":"11","8G":"11","29":"11","3C":"11","RW":"11","49":"11","PW":"11","MX":"11","FJ":"11","4C":"11","MQ":"11","CG":"11","5F":"11","4F":"11"},"57":{"WP":"11","WM":"11","FM":"11","RM":"11","CM":"11","QM":"11","VM":"11","XP":"11"},"46":{"44":"11","F8":"11","78":"11","GC":"11","66":"11","C9":"11","54":"11","32":"11","2J":"11","W2":"11","67":"11","2M":"11","77":"11","2H":"11","43":"11","C8":"11","V2":"11","88":"11","FC":"11","G9":"11","3M":"11","55":"11","98":"11","F9":"11","45":"11","3J":"11","3H":"11","79":"11","56":"11"},"33":{"GX":"11","3X":"11","HM":"11","FW":"11","QH":"11","PH":"11","CR":"11","WF":"11","CV":"11","HJ":"11","CP":"11","RH":"11","GQ":"11","GW":"11","HP":"11","VG":"11","FX":"11","2X":"11","JM":"11","CQ":"11","JJ":"11","FQ":"11","XX":"11","2W":"11","PJ":"11","WG":"11","VH":"11","GP":"11","MJ":"11","XC":"11"},"64":{"42":"11","M2":"11","C2":"11","55":"11","G2":"11","92":"11","54":"11","H2":"11","52":"11","J2":"11","H3":"11","45":"11","44":"11","F2":"11"},"76":{"4C":"11","87":"11","C2":"11","97":"11","49":"11","92":"11","93":"11","75":"11","74":"11","4G":"11","76":"11","57":"11","85":"11","84":"11","2H":"11","94":"11"},"92":{"2R":"11","5C":"11","6F":"11","3F":"11","4C":"11","2G":"11","5F":"11","3G":"11","2Q":"11","4P":"11","3R":"11","49":"11","3Q":"11","4Q":"11","39":"11","5P":"11","5M":"11","2C":"11","2H":"11","3C":"11"},"63":{"6W":"11","X7":"11","MP":"11","MM":"11","X4":"11","R8":"11","8V":"11","5X":"11","X6":"11","PM":"11","7W":"11","W6":"11","MF":"11","JW":"11","PX":"11","QC":"11","7V":"11","X3":"11","9X":"11","W3":"11","PF":"11","MW":"11","8X":"11","JV":"11","QF":"11","X5":"11","PJ":"11","JQ":"11","HR":"11","PP":"11","MX":"11","R9":"11","X2":"11","V7":"11","8W":"11","MQ":"11","W7":"11","JR":"11"},"55":{"2W":"11","HX":"11","3W":"11","2V":"11","3V":"11"},"72":{"MX":"11","2W":"11","5V":"11","HX":"11","QX":"11","JW":"11","5W":"11","HV":"11","MW":"11","2V":"11","GX":"11","PX":"11","JV":"11"},"24":{"F5":"11","2R":"11","85":"11","9C":"11","Q3":"11","97":"11","Q6":"11","4G":"11","J5":"11","8G":"11","5G":"11","F4":"11","5P":"11","87":"11","7G":"11","4J":"11","55":"11","G4":"11","Q2":"11","4Q":"11","5Q":"11","M6":"11","3G":"11","J6":"11","R3":"11","9G":"11","98":"11","54":"11","6G":"11","4H":"11","C4":"11","95":"11","P6":"11","8F":"11","Q5":"11","H5":"11","R4":"11","94":"11","2V":"11","9F":"11","45":"11","5M":"11","99":"11","C5":"11","2W":"11","3H":"11","R6":"11"},"45":{"2W":"11","VX":"11","VW":"11","2X":"11","3X":"11","WW":"11","WX":"11"},"84":{"F8":"11","G8":"11","66":"11","83":"11","75":"11","F6":"11","W2":"11","47":"11","C2":"11","82":"11","X3":"11","39":"11","Q2":"11","F3":"11","W3":"11","C3":"11","V2":"11","6H":"11","R2":"11","Q3":"11","92":"11","G7":"11","3C":"11","F2":"11","V3":"11","56":"11"},"53":{"VX":"11","2X":"11","3Q":"11"},"62":{"XX":"11"},"56":{"6V":"11","RJ":"11","6W":"11","R4":"11","MP":"11","MM":"11","V5":"11","QQ":"11","RP":"11","PM":"11","W6":"11","Q4":"11","6M":"11","7M":"11","6X":"11","R5":"11","PQ":"11","H2":"11","J3":"11","RQ":"11","X8":"11","PJ":"11","PP":"11","VJ":"11","V6":"11","MQ":"11","VP":"11","M3":"11"}},"R9":{"9R":{"MJ":"11","PJ":"11","VF":"11","WF":"11","RC":"11","PH":"11","RG":"11","RF":"11","WC":"11","MH":"11","XC":"11","XF":"11","QG":"11"},"CR":{"57":"11","39":"11","37":"11","47":"11","3C":"11","46":"11","56":"11","38":"11","2C":"11","29":"11","67":"11"}},"FV":{"G8":{"M8":"11","R5":"11","JP":"11","X7":"11","R6":"11","M5":"11","V6":"11","FW":"11","X6":"11","Q5":"11","M6":"11","PP":"11","W6":"11","W7":"11","J6":"11","M7":"11","P5":"11","CX":"11","J8":"11","J7":"11","FX":"11"},"XJ":{"XW":"11","XX":"11","WV":"11","XV":"11","WW":"11","WX":"11"},"FG":{"GP":"11","HQ":"11","J2":"11","J3":"11","HC":"11","GJ":"11","G6":"11","GM":"11","H5":"11","FJ":"11","H6":"11","J4":"11","GF":"11","GQ":"11","J5":"11","M2":"11","HF":"11"},"RC":{"HX":"11","GP":"11","GM":"11","GQ":"11"},"RF":{"M5":"11"},"WP":{"46":"11","45":"11"},"FF":{"R5":"11","JP":"11","V4":"11","MX":"11","R8":"11","JQ":"11","MG":"11","R6":"11","JJ":"11","JR":"11","JH":"11","R7":"11","JW":"11","JX":"11","JM":"11","Q8":"11","Q9":"11","V5":"11","JV":"11","MH":"11","MF":"11","QC":"11","PC":"11"},"RP":{"XW":"11","XX":"11"},"QQ":{"5Q":"11","2W":"11","VP":"11","VQ":"11","WP":"11","6Q":"11","7W":"11","WM":"11","2V":"11","VR":"11","XM":"11"},"J9":{"V6":"11","X6":"11","W6":"11"},"QC":{"R3":"11","P2":"11","P3":"11","Q3":"11","M2":"11","V3":"11"},"XH":{"RJ":"11","R4":"11","X4":"11","W8":"11","Q8":"11","W2":"11","PM":"3","W6":"11","Q4":"11","J4":"11","P8":"11","W9":"11","RH":"11","X3":"11","M4":"11","W3":"11","QM":"3","XM":"11","P9":"11","V2":"11","W5":"11","X5":"11","R3":"11","H4":"11","P4":"11","VH":"11","H5":"11","H3":"11","X2":"11","V3":"11","G2":"11","W7":"11","QJ":"11"},"GM":{"WX":"11","RW":"11","PR":"11","HG":"11","QR":"11","GJ":"11","VV":"11","MQ":"11","PQ":"11","VW":"11","GH":"11","RV":"11","RR":"11","VX":"11","HH":"11"},"XP":{"F2":"11","G2":"11"},"VG":{"V8":"11","X7":"11","V9":"11","X6":"11","W9":"11","W8":"11"},"HP":{"9G":"11","7G":"11","FG":"11","FH":"11","38":"11","CH":"11","47":"11","26":"11","34":"11","58":"11","43":"11","25":"11","39":"11","23":"11","48":"11","57":"11","5C":"11","46":"11","33":"11","HF":"11","6F":"11","8G":"11","HC":"11","9H":"11","6G":"11","49":"11","24":"11","4C":"11","CG":"11","5F":"11"},"XM":{"MJ":"11","PJ":"11","VF":"11","R9":"11","RC":"11","RF":"11","X6":"11","PM":"11","V8":"11","MM":"11","W6":"11","V9":"11","W7":"11","GX":"11","V7":"11","RH":"11","FX":"11","X5":"11"},"P9":{"C8":"11","G9":"11","87":"11","GC":"11","77":"11","97":"11","27":"11","F8":"11","FC":"11","57":"11","47":"11","37":"11","F9":"11","C9":"11","67":"11","98":"11"},"PQ":{"WX":"11","XW":"11","XX":"11","8R":"11","CQ":"11","CR":"11","8V":"11","4Q":"11"},"XG":{"8W":"3|11","2F":"11","6V":"11","3G":"11","6R":"11","FW":"3|11","CW":"3|11","7W":"3","3H":"11","3J":"11","7V":"11","9W":"3|11","5R":"11","9X":"3","8X":"3","8V":"3|11","CX":"3","FX":"11","4J":"11"},"PR":{"G4":"11","M3":"11","P3":"11","G5":"11","P4":"11"},"RQ":{"J8":"11","M7":"11","M8":"11","7G":"11","Q7":"11","5G":"11","2J":"11","J9":"11","2M":"11","P8":"11","7F":"11","Q6":"11","9F":"11","6F":"11","3G":"11","P7":"11","4G":"11","CF":"11","3J":"11","JC":"11","3H":"11","5F":"11"},"VQ":{"F4":"11","P2":"11","83":"11","93":"11","J2":"11","52":"11","C5":"11","73":"11","M2":"11","C3":"11","J3":"11","H4":"11","63":"11","H3":"11","C4":"11","62":"11"},"GJ":{"5X":"11","5W":"11","6W":"11","5V":"11"},"JP":{"F9":"11","FF":"11","G7":"11"},"FC":{"V4":"11","V5":"11","V2":"11","V3":"11"},"G9":{"5G":"11","66":"11","5F":"11","64":"11","65":"11","73":"11","74":"11","4G":"11","3J":"11","68":"11","3M":"11","67":"11","4H":"11","83":"11","4J":"11"},"H9":{"P2":"11","M2":"11"},"H8":{"MX":"11","38":"11","HR":"11","48":"11","PV":"11","PW":"11","JR":"11","27":"11","JW":"11","JX":"11","MR":"11","GR":"11","HV":"11","28":"11","FR":"11","CR":"11","FV":"11","MV":"11","37":"11","GV":"11","PX":"11","HW":"11"},"WG":{"J8":"11","78":"11","68":"11","RC":"11","66":"11","RF":"11","WC":"11","96":"11","H7":"11","F6":"11","J9":"11","67":"11","26":"11","WF":"11","87":"11","VF":"11","VG":"11","35":"11","86":"11","XF":"11","C6":"11","P9":"11","88":"11","G7":"11","55":"11","H8":"11","WG":"11","M9":"11","F7":"11","45":"11","G6":"11","XC":"11","56":"11","VC":"11"},"M9":{"M8":"11","R8":"11","X7":"11","JF":"11","FH":"11","CF":"11","P8":"11","P9":"11","W8":"11","V8":"11","Q8":"11","M9":"11","W7":"11","CG":"11","GH":"11","MF":"11","FG":"11","HH":"11","MC":"11"},"GP":{"W2":"11","X2":"11","X3":"11"},"VP":{"RW":"11","W9":"11","2W":"11","5V":"11","VP":"11","WH":"11","VQ":"11","WP":"11","QX":"11","WG":"11","4V":"11","2X":"11","5W":"11","WM":"11","2V":"11","VR":"11","PX":"11","RV":"11","RR":"11","5X":"11","WJ":"11"}},"GC":{"7R":{"XW":"11","WW":"11","HR":"11","PV":"11","JR":"11","VV":"11","MR":"11","VW":"11","QV":"11","MV":"11","JV":"11","RV":"11"},"8R":{"6X":"11","2W":"11","3W":"11","7X":"11","3X":"11","5X":"11","4X":"11"},"4R":{"M7":"11","X7":"11","J7":"11","66":"11","H7":"11","Q7":"11","67":"11","36":"11","47":"11","77":"11","26":"11","87":"11","86":"11","57":"11","46":"11","C7":"11","76":"11","P7":"11","G7":"11","R7":"11","F7":"11","97":"11","V7":"11","W7":"11","56":"11"},"CV":{"9G":"11","7G":"11","MM":"11","GH":"11","WP":"11","FH":"11","RP":"11","WQ":"11","CH":"11","PM":"11","HJ":"11","2C":"11","XQ":"11","QM":"11","7F":"11","JJ":"11","GJ":"11","6F":"11","8G":"11","3C":"11","QP":"11","4C":"11","HH":"11","MJ":"11","CG":"11","RM":"11","VP":"11","5F":"11","4F":"11","3F":"11"},"GW":{"37":"11","GF":"11","78":"11","GC":"11","XJ":"11","68":"11","JF":"11","C9":"11","99":"11","38":"11","47":"11","QH":"11","MF":"11","PH":"11","CC":"11","58":"11","RH":"11","48":"11","WM":"11","XM":"11","MG":"11","HF":"11","89":"11","JG":"11","FC":"11","HC":"11","QG":"11","PG":"11","VH":"11","VJ":"11","WJ":"11","27":"11","79":"11"},"3R":{"V8":"11","V7":"11","X7":"11","W7":"11","X6":"11","W8":"11"},"FW":{"R5":"11","H4":"11","X7":"11","P4":"11","R6":"11","M5":"11","V6":"11","C2":"11","G2":"11","X6":"11","M4":"11","Q5":"11","J3":"11","W6":"11","W7":"11","H3":"11","G3":"11","P5":"11","F2":"11","J4":"11"},"FV":{"8W":"11","9X":"11","7W":"11","2Q":"11","2R":"11","CX":"11","4R":"11","8X":"11","6V":"11","4V":"11","6W":"11","3R":"11","5V":"11"},"5R":{"RC":"11","27":"11","VC":"11","VF":"11","WF":"11"},"8V":{"V4":"11","R4":"11","X4":"11","P3":"11","C2":"11","82":"11","Q4":"11","F3":"11","W5":"11","J3":"11","W4":"11","G3":"11","92":"11","X5":"11","P4":"11","H3":"11","72":"11","F2":"11","G2":"11","M3":"11"},"9V":{"J8":"11","M8":"11","G8":"11","66":"11","96":"11","H7":"11","P8":"11","25":"11","35":"11","86":"11","P9":"11","C7":"11","76":"11","G7":"11","55":"11","H8":"11","Q9":"11","45":"11","F7":"11","97":"11","56":"11","XC":"11"},"HW":{"2M":"11","4P":"11","3M":"11","2P":"11","3P":"11"}},"FQ":{"37":{"7M":"11","5J":"11","3J":"11","6J":"11","2H":"11","4J":"11","2J":"11","7J":"11","6M":"11"},"3J":{"J3":"11","H3":"11"},"27":{"MJ":"11","PJ":"11","QH":"11","8J":"11","2G":"11","PH":"11","6J":"11","RG":"11","JJ":"11","HJ":"11","GJ":"11","XJ":"11","5J":"11","XH":"11","FM":"11","9M":"11","3H":"11","CJ":"11","5H":"11","GM":"11","MH":"11","7J":"11","CM":"11","HM":"11","2H":"11","RH":"11","4H":"11","4J":"11","9J":"11"},"4F":{"7R":"11","8F":"11","8W":"11","8J":"11","7G":"11","7M":"11","7Q":"11","8H":"11","8G":"11","7H":"11","7V":"11","7P":"11","7F":"11","8V":"11","7J":"11"},"4G":{"4R":"11","4Q":"11"}},"H9":{"2H":{"RX":"11"},"2J":{"P2":"11","R2":"11"}},"MX":{"8M":{"63":"11","F5":"11","73":"11","G6":"11","72":"11","G5":"11","62":"11"},"9G":{"X7":"11","X6":"11","X8":"11"},"FG":{"34":"11","44":"11","35":"11","33":"11","24":"11","25":"11","43":"11","32":"11","23":"11"},"CM":{"JX":"11","FX":"11","GX":"11"},"GH":{"MH":"11","JJ":"11","JM":"11","JH":"11","JG":"11","MJ":"11"},"5G":{"M8":"11","QH":"11","PF":"11","P4":"11","XQ":"11","M2":"11","M5":"11","XR":"11","WP":"11","WQ":"11","M4":"11","M6":"11","QF":"11","XV":"11","M3":"11","M7":"11","P3":"11","QG":"11","PC":"11"},"QH":{"7R":"11","6W":"11","5Q":"11","6V":"11","4R":"11","6R":"11","3R":"11","4V":"11","5W":"11","6Q":"11","4W":"11","7V":"11","3V":"11","4Q":"11","5P":"11","6P":"11"},"HJ":{"37":"11","44":"11","G8":"11","83":"11","54":"11","H7":"11","75":"11","93":"11","36":"11","26":"11","74":"11","35":"11","G5":"11","G7":"11","H8":"11","55":"11","H5":"11","85":"11","45":"11","F5":"11","84":"11","27":"11","J6":"11","H6":"11","J5":"11"},"GM":{"9P":"11","7P":"11","CQ":"11","6P":"11","9Q":"11","6M":"11","8P":"11"},"9J":{"WR":"11","XR":"11"},"CP":{"G4":"11","J2":"11","F4":"11","H4":"11","H2":"11","F3":"11","F2":"11","H3":"11"},"8J":{"HX":"11","WG":"11","GX":"11","C4":"11"},"6H":{"C8":"11","G9":"11","J9":"11","R9":"11","RC":"11","JC":"11","64":"11","42":"11","H8":"11","65":"11","G8":"11","97":"11","VC":"11","P9":"11","F8":"11","75":"11","74":"11","F7":"11","43":"11","QF":"11","96":"11","M9":"11","Q9":"11","C7":"11","H9":"11","WC":"11","86":"11","85":"11","XC":"11","QC":"11","PC":"11","MC":"11","53":"11"},"JJ":{"7R":"11","6V":"11","5V":"11","6R":"11","6Q":"11","7V":"11","5R":"11"},"FP":{"H5":"11","H6":"11"},"GJ":{"X7":"11","W7":"11","X6":"11","X8":"11"},"7H":{"G8":"11","7C":"11","JF":"11","GH":"11","6C":"11","FF":"11","HG":"11","HJ":"11","2C":"11","5C":"11","P9":"11","8C":"11","JJ":"11","MG":"11","GG":"11","HF":"11","GJ":"11","6F":"11","JG":"11","FC":"11","G9":"11","JH":"11","HC":"11","3C":"11","H9":"11","CF":"11","H8":"11","M9":"11","69":"11","F9":"11","8F":"11","4C":"11","HH":"11","MJ":"11","79":"11","5F":"11","MH":"11","4F":"11","3F":"11"},"6G":{"2R":"11","3W":"11","3X":"11","2V":"11","3V":"11"},"CJ":{"96":"11","WC":"11","RF":"11","QC":"11","87":"11","RC":"11","86":"11","VC":"11","97":"11"},"CG":{"37":"11","28":"11","36":"11","27":"11","38":"11","26":"11"},"5F":{"MX":"11","HR":"11","JQ":"11","HQ":"11","JR":"11","JW":"11","HP":"11","GP":"11","MW":"11","GM":"11","JV":"11","HM":"11"}},"C5":{"CF":{"X9":"11","V9":"11","X8":"11","W9":"11","W8":"11","R9":"11"},"FF":{"28":"11","38":"11","29":"11"},"9F":{"48":"11","78":"11","88":"11","27":"11","57":"11","47":"11","37":"11","68":"11","58":"11"}},"W5":{"G9":{"6X":"11","7X":"11","8X":"11"},"3F":{"CP":"11","FP":"11"},"J9":{"J7":"11","H8":"11","H7":"11","GG":"11","GF":"11"},"66":{"RQ":"11","QR":"11","RR":"11"},"87":{"V8":"11","H8":"11","G8":"11","V7":"11","X7":"11"},"HC":{"87":"11","78":"11","M5":"11","77":"11","97":"11","Q5":"11","M6":"11","F7":"11","96":"11","G6":"11","47":"11","37":"11","J6":"11","C7":"11","P5":"11","C6":"11","F6":"11","G7":"11"},"GC":{"C2":"11","92":"11","82":"11"},"97":{"C7":"11"},"4G":{"37":"11","27":"11","38":"11"},"C7":{"57":"11","58":"11"},"J8":{"C4":"11","C3":"11","C5":"11","HQ":"11","C2":"11","HP":"11","C6":"11"},"J7":{"5Q":"11","6V":"11","4P":"11","6R":"11","6Q":"11","7W":"11","7V":"11","5P":"11","4M":"11","4J":"11"},"99":{"3W":"11","4W":"11"}},"69":{"X2":{"C2":"11","X2":"11","92":"11","F2":"11"}},"68":{"P3":{"MR":"11"},"XX":{"58":"11","8R":"11","5W":"11","5C":"11","25":"11","6W":"11","38":"11","PR":"11","59":"11","7G":"11","7R":"11","MR":"11","RV":"11","7F":"11","5X":"11","36":"11","8H":"11","QV":"11","27":"11","WX":"11","7V":"11","WW":"11","GV":"11","6V":"11","QR":"11","VW":"11","8X":"11","8M":"11","48":"11","4V":"11","6C":"11","8J":"11","4W":"11","9X":"11","6X":"11","GR":"11","7X":"11","7J":"11","47":"11","XX":"11","FV":"11","6F":"11","26":"11","8Q":"11","VV":"11","37":"11","JR":"11","7H":"11","HR":"11","CX":"11","8P":"11"},"WW":{"MJ":"11","JP":"11","JQ":"11","JJ":"11","JR":"11","MQ":"11","JW":"11","JX":"11","MR":"11","JM":"11","MM":"11","MV":"11","JV":"11","MP":"11"},"WX":{"V4":"11","R4":"11","Q5":"11","X4":"11","V5":"11","M5":"11","X6":"11","J2":"11","Q4":"11","M6":"11","P5":"11","R5":"11","G4":"11","W5":"11","J3":"11","W4":"11","G3":"11","X5":"11","H4":"11","H3":"11"}},"FC":{"HH":{"HW":"11","9V":"11","8V":"11","FV":"11","GV":"11","FW":"11","5Q":"11","JW":"11","7R":"11","CV":"11","GW":"11","MW":"11","4Q":"11","5R":"11","3Q":"11","JX":"11","MX":"11","6R":"11","8R":"11","2Q":"11"}},"79":{"34":{"5C":"11","23":"11","6F":"11","66":"11","59":"11","33":"11","65":"11","55":"11","54":"11","24":"11","68":"11","44":"11","67":"11","34":"11"},"24":{"R3":"11","J2":"11","X4":"11","Q3":"11","M2":"11","W4":"11"},"66":{"93":"11","G4":"11","C3":"11","C4":"11","F2":"11","G2":"11"},"55":{"V6":"11","X9":"11","V7":"11","W7":"11","R6":"11","X8":"11","W8":"11"},"22":{"FR":"11","44":"11","9G":"11","GX":"11","78":"11","7C":"11","68":"11","66":"11","CM":"11","FV":"11","GV":"11","67":"11","FW":"11","34":"11","9J":"11","CP":"11","22":"11","GW":"11","23":"11","33":"11","9F":"11","8C":"11","FP":"11","89":"11","8G":"11","FQ":"11","9H":"11","55":"11","8F":"11","CJ":"11","45":"11","79":"11","56":"11"},"65":{"5Q":"11","3F":"11","8W":"11","5V":"11","3G":"11","4P":"11","29":"11","4G":"11","9W":"11","5R":"11","9X":"11","8X":"11","8V":"11","9V":"11","5P":"11","5M":"11","2C":"11","CX":"11","4H":"11","FX":"11","4M":"11","4J":"11","3C":"11"},"23":{"FR":"11","5W":"11","FV":"11","H7":"11","HM":"11","7W":"11","CR":"11","HG":"11","CV":"11","HJ":"11","GM":"11","7V":"11","GQ":"11","HP":"11","CX":"11","G5":"11","G4":"11","HF":"11","G3":"11","HC":"11","H9":"11","H8":"11","HQ":"11","H5":"11","7X":"11","5V":"11","GP":"11","HH":"11","H6":"11","G2":"11"}}}}