{"index":{"university,1|retail,2|tourism,3|wreck,4|historical,5|artsCulture,6|namedBuilding,7|water,8|wetland,9|park,10|beach,11|natureReserve,12|cemetery,13|trail,14":{}},"5J":{"G5":{"7G":{"J2":"11","P2":"11","Q2":"11","M2":"11"},"88":{"24":"11"},"8F":{"4X":"11","3X":"11","GC":"11","FG":"11","FH":"11","8V":"11","3W":"11","FF":"11","H7":"11","5X":"11","CH":"11","7W":"11","J4":"11","4W":"11","6X":"11","2X":"11","8X":"11","H2":"11","J3":"11","FC":"11","2W":"11","H5":"11","7X":"11","H3":"11","CJ":"11","8W":"11","J6":"11","H6":"11","J5":"11"},"69":{"MG":"11","H8":"11","JJ":"11","JH":"11","J5":"11","H7":"11","H5":"11","JG":"11","G7":"11"},"68":{"XC":"11","VV":"11","VR":"11","WR":"11","RV":"11","XF":"11"},"8G":{"72":"11","62":"11"},"8C":{"CC":"11","66":"11","65":"11","HQ":"11","GW":"11","JW":"11","CF":"11","HP":"11","GP":"11","HV":"11","F8":"11","GX":"11","JV":"11","GM":"11"},"77":{"MX":"11","HX":"11","JX":"11","FX":"11","CX":"11","GX":"11"},"78":{"4X":"11","V4":"11","5J":"11","PV":"11","X4":"11","5X":"11","2M":"11","J2":"11","GM":"11","4W":"11","2C":"11","W3":"11","M2":"11","H2":"11","W4":"11","MV":"11","6J":"11","3M":"11","7H":"11","4J":"11","2Q":"11","G2":"11"},"79":{"23":"11","P6":"11","R9":"11","RC":"11","P4":"11","42":"11","M5":"11","Q7":"11","RF":"11","2X":"11","P8":"11","3X":"11","Q8":"11","52":"11","P7":"11","Q9":"11","24":"11","P5":"11","34":"11"},"89":{"MQ":"11"},"7C":{"33":"11","5W":"11","32":"11","4X":"11"},"7F":{"7G":"11","7C":"11","HW":"11","66":"11","CM":"11","6C":"11","GV":"11","67":"11","52":"11","JW":"11","WW":"11","9J":"11","CP":"11","58":"11","GR":"11","57":"11","65":"11","5C":"11","59":"11","7F":"11","8H":"11","64":"11","HV":"11","FP":"11","XW":"11","6F":"11","8G":"11","FQ":"11","9H":"11","63":"11","JX":"11","42":"11","CJ":"11","WX":"11","53":"11","56":"11"},"6C":{"Q3":"11","FP":"11","Q4":"11","XR":"11","XV":"11","GM":"11","HM":"11","J8":"11","J4":"11"}}}}