{"index":{"university,1|retail,2|tourism,3|wreck,4|historical,5|artsCulture,6|namedBuilding,7|water,8|wetland,9|park,10|beach,11|natureReserve,12|cemetery,13|trail,14":{}},"5P":{"X7":{"GH":{"QH":"11","QJ":"11","P4":"11"},"GP":{"R3":"11","V4":"11","M6":"11","R4":"11","V3":"11"}},"FQ":{"5C":{"MX":"11","HX":"11","JX":"11","GW":"11","HW":"11","PX":"11"},"5F":{"P2":"11","V2":"11","Q2":"11","R2":"11","M2":"11","V3":"11"},"HH":{"GR":"11","FQ":"11","GQ":"11","FR":"11"}},"8M":{"5G":{"GC":"11","RC":"11","RF":"11","JF":"11","C9":"11","J9":"11","QH":"11","MF":"11","WH":"11","WF":"11","QC":"11","XH":"11","CC":"11","RH":"11","VG":"11","VF":"11","XF":"11","PF":"11","P9":"11","RG":"11","PC":"11","XG":"11","MG":"11","HF":"11","FC":"11","QF":"11","G9":"11","HC":"11","QG":"11","PG":"11","H9":"11","WG":"11","VH":"11","F9":"11","M9":"11","JC":"11","MC":"11","VC":"11"},"HQ":{"7J":"11"},"6G":{"2H":"11","2G":"11"},"GQ":{"WJ":"11"},"4F":{"MX":"11","HX":"11","JX":"11","GW":"11","GX":"11"},"VQ":{"CC":"11","5C":"11","G9":"11","48":"11","59":"11","H6":"11","9C":"11","G8":"11","49":"11","F8":"11","H7":"11","G6":"11","F9":"11","J6":"11","G5":"11","H5":"11","C9":"11","J7":"11","8C":"11","G7":"11"},"4G":{"J2":"11","P2":"11","H2":"11","M2":"11"}},"3P":{"5J":{"8M":"11","5H":"11","5J":"11","9M":"11","7P":"11","7G":"11","2P":"11","7J":"11","CM":"11","6P":"11","5G":"11","2J":"11","CH":"11","2M":"11","3P":"11","4H":"11","9J":"11","7M":"11","6M":"11","5P":"11","5M":"11","8J":"11","8H":"11","6H":"11","4M":"11","3G":"11","6J":"11","4G":"11","3M":"11","7H":"11","9H":"11","6G":"11","4J":"11","CJ":"11","4P":"11","3J":"11","3H":"11","5F":"11","4F":"11"},"GF":{"VX":"11","XW":"11","XV":"11","WW":"11","WX":"11"},"7J":{"CC":"11","G9":"11","J9":"11","R8":"11","X7":"11","59":"11","GC":"11","29":"11","49":"11","P9":"11","W8":"11","FC":"11","V8":"11","Q8":"11","M9":"11","W7":"11","Q9":"11","F9":"11","69":"11","H9":"11","89":"11","39":"11","79":"11","99":"11"},"FG":{"PR":"11","VP":"11","QQ":"11","JR":"11","RP":"11","XJ":"11","GW":"11","PQ":"11","MR":"11","HV":"11","WM":"11","RQ":"11","MV":"11","GX":"11","JV":"11","XM":"11","HW":"11","CX":"11","VM":"11","FX":"11"},"FH":{"64":"11","65":"11","C2":"11","55":"11","27":"11","92":"11","93":"11","46":"11","74":"11","26":"11","45":"11","36":"11","84":"11","83":"11"},"Q7":{"RF":"11","X7":"11","RC":"11","V9":"11","X6":"11","VC":"11","X8":"11","W9":"11","W8":"11"},"CH":{"R8":"11","X7":"11","HC":"11","JC":"11","R7":"11","FF":"11","9H":"11","P9":"11","HF":"11","GF":"11","V8":"11","Q8":"11","M9":"11","W7":"11","Q9":"11","CG":"11","V7":"11","FG":"11","CH":"11","MC":"11","9J":"11"},"R6":{"7R":"11","6W":"11","6V":"11","FP":"11","9Q":"11","5W":"11","CQ":"11","7Q":"11","9P":"11","7V":"11","8Q":"11","8P":"11","6X":"11","CP":"11","5X":"11"},"8J":{"C4":"11","C5":"11","H6":"11","64":"11","65":"11","55":"11","F5":"11","27":"11","46":"11","74":"11","26":"11","G6":"11","45":"11","36":"11","84":"11","F6":"11","94":"11"},"W5":{"V7":"11","X7":"11","W7":"11","R7":"11","Q8":"11","X6":"11","Q7":"11","M7":"11","M8":"11","P7":"11","W6":"11","P8":"11"},"6H":{"FP":"11","8J":"11","8M":"11","HQ":"11","FH":"11","HP":"11","FM":"11","GP":"11","8H":"11","9H":"11","8G":"11","9G":"11","CG":"11","8P":"11","CJ":"11","GQ":"11","CH":"11","FJ":"11"},"GG":{"5H":"11","F8":"11","G8":"11","M5":"11","C9":"11","P3":"11","H7":"11","99":"11","5G":"11","2J":"11","4H":"11","Q2":"11","M4":"11","C8":"11","7F":"11","9C":"11","V2":"11","8C":"11","R2":"11","6F":"11","Q3":"11","G7":"11","4G":"11","R3":"11","P4":"11","6G":"11","4J":"11","8F":"11","F7":"11","3J":"11","J6":"11","H6":"11","J5":"11"},"HF":{"F8":"11","9G":"11","G8":"11","7J":"11","M5":"11","H7":"11","Q4":"11","CC":"11","6M":"11","5P":"11","Q2":"11","M6":"11","P5":"11","5M":"11","4Q":"11","8H":"11","9F":"11","2V":"11","R2":"11","FC":"11","8G":"11","Q3":"11","6J":"11","G7":"11","3Q":"11","7H":"11","P4":"11","CF":"11","2R":"11","F9":"11","4P":"11","J6":"11","H6":"11","3R":"11"},"6J":{"R8":"11","H6":"11","X8":"11","Q7":"11","X9":"11","P8":"11","46":"11","W8":"11","V8":"11","Q8":"11","F3":"11","J5":"11","G4":"11","P7":"11","J6":"11","G5":"11","G3":"11","H5":"11"},"X5":{"65":"11","55":"11","46":"11","75":"11","26":"11","45":"11","36":"11","85":"11","95":"11","56":"11"},"HC":{"RW":"11","XQ":"11","XR":"11","VV":"11","RX":"11","VW":"11","WV":"11","WR":"11"},"4J":{"JP":"11","WP":"11","XJ":"11","QP":"11","PP":"11","QM":"11","WM":"11","XP":"11","XM":"11","MP":"11"},"R7":{"27":"11","26":"11","43":"11","52":"11","35":"11","25":"11","44":"11","34":"11","53":"11"},"JC":{"6J":"11","2Q":"11","3P":"11","2P":"11","5J":"11","3M":"11","4M":"11","4J":"11"}},"2P":{"QW":{"38":"11","48":"11","87":"11","77":"11","29":"11","28":"11","96":"11","76":"11","57":"11","86":"11","39":"11","67":"11","58":"11"},"MW":{"RG":"11","WG":"11","XF":"11","XG":"11","VG":"11","WF":"11"},"PW":{"C8":"11","5C":"11","6F":"11","G9":"11","3F":"11","W9":"11","2F":"11","RC":"11","5F":"11","HC":"11","JF":"11","GC":"11","7C":"11","VC":"11","X9":"11","89":"11","WC":"11","MF":"11","XC":"11","QC":"11","C9":"11","PC":"11","8C":"11","99":"11","98":"11","MC":"11","4F":"11","6C":"11"}},"4P":{"64":{"PM":"11","MJ":"11"},"75":{"R4":"11","Q5":"11","W8":"11","R8":"11","Q8":"11","93":"11","C2":"11","82":"11","Q4":"11","J4":"11","P8":"11","W9":"11","F3":"11","M4":"11","V8":"11","R6":"11","R5":"11","P9":"11","C3":"11","Q6":"11","J3":"11","G3":"11","X9":"11","92":"11","X8":"11","P4":"11","V9":"11","Q9":"11","H3":"11","R7":"11","M3":"11","XC":"11"},"74":{"8W":"11","7W":"11","7X":"11","8X":"11","5W":"11","4V":"11","6W":"11","5V":"11"}},"FW":{"MH":{"RX":"11","XR":"11","VW":"11","RJ":"11","RP":"11","RR":"11","WQ":"11","WW":"11","RH":"11","VR":"11","WR":"11","WV":"11","RQ":"11","VQ":"11","XW":"11","RW":"11","RV":"11","VV":"11","XV":"11","RM":"11","VP":"11"},"PH":{"2W":"11","2X":"11","2R":"11","3W":"11","4W":"11","3X":"11","5X":"11","2V":"11","3V":"11","4X":"11"},"MF":{"FM":"11","CM":"11","CH":"11","CJ":"11","CR":"11","CP":"11","FP":"11","FR":"11"},"PJ":{"2M":"11","2H":"11","2J":"11","2P":"11"},"MM":{"M3":"11","M2":"11"},"MJ":{"V4":"11","R4":"11","XJ":"11","QV":"11","PV":"11","V5":"11","W8":"11","WC":"11","WF":"11","PX":"11","XH":"11","W9":"11","XF":"11","V8":"11","R6":"11","MW":"11","R5":"11","XG":"11","R2":"11","MV":"11","R3":"11","V9":"11","PW":"11","MX":"11","V6":"11","V7":"11","XC":"11"}},"7M":{"6J":{"2J":"11"}},"CQ":{"94":{"5C":"11","5G":"11","87":"11","59":"11","78":"11","5F":"11","77":"11","5J":"11","4G":"11","68":"11","5H":"11","67":"11","58":"11","4F":"11"}},"FR":{"CR":{"X5":"11","X6":"11"},"8P":{"P2":"11"},"FR":{"66":"11","C5":"11","64":"11","FF":"11","FC":"11","26":"11","C6":"11"}},"9P":{"WG":{"MH":"11","MC":"11","J8":"11","J9":"11","8C":"11","M9":"11","PF":"11","G9":"11","PC":"11","GC":"11","PG":"11","M8":"11","H9":"11"},"X4":{"48":"11","57":"11","68":"11","58":"11","67":"11"}},"FV":{"85":{"PR":"11","JW":"11","PQ":"11","MR":"11","FR":"11","FV":"11","MV":"11","GV":"11","JV":"11"},"9P":{"7R":"11","FP":"11","6R":"11","CQ":"11","FM":"11","CR":"11","CM":"11","CP":"11","FJ":"11"},"95":{"9W":"11","9X":"11","7W":"11","CW":"11"},"C5":{"4F":"11","3F":"11"}},"9M":{"XW":{"G9":"11"},"WV":{"2Q":"11","2P":"11","3Q":"11","3P":"11","3R":"11"}},"5M":{"V6":{"26":"11"},"R5":{"GW":"11","JV":"11","HW":"11","MV":"11","PV":"11","GX":"11","PR":"11","HV":"11"},"X5":{"XX":"11"},"RQ":{"2W":"11","3W":"11","64":"11","65":"11","55":"11","73":"11","3X":"11","46":"11","54":"11","74":"11","26":"11","43":"11","63":"11","35":"11","2V":"11","25":"11","24":"11","45":"11","44":"11","84":"11","56":"11","34":"11","83":"11","53":"11","4X":"11"},"QQ":{"V5":"11","RP":"11","QQ":"11","Q7":"11","RR":"11","X6":"11","PM":"11","W6":"11","MF":"11","PH":"11","P8":"11","VR":"11","R6":"11","QM":"11","PF":"11","R5":"11","WR":"11","P9":"11","WV":"11","PC":"11","Q6":"11","W5":"11","RQ":"11","MG":"11","VQ":"11","P7":"11","X5":"11","PJ":"11","PG":"11","M9":"11","QP":"11","V6":"11","XV":"11","MJ":"11","MC":"11","QJ":"11","MH":"11"},"R6":{"9M":"11","R8":"11","8V":"11","Q8":"11","X6":"11","7W":"11","W6":"11","9J":"11","7V":"11","F3":"11","8Q":"11","G4":"11","9Q":"11","9P":"11","G3":"11","R7":"11","V6":"11","8R":"11","V7":"11","8W":"11","F2":"11","G2":"11","W7":"11"},"FV":{"43":"11"},"RR":{"42":"11","52":"11"}},"6M":{"4W":{"34":"11","39":"11","37":"11","3C":"11","35":"11","33":"11","36":"11","42":"11","4C":"11","25":"11","38":"11","32":"11"},"4V":{"6J":"11","5R":"11","6P":"11","4W":"11","7J":"11","6M":"11","5P":"11","4V":"11","4X":"11","5V":"11","5Q":"11"}},"CP":{"34":{"2Q":"11","3Q":"11","3R":"11"},"64":{"2R":"11","2V":"11"},"54":{"WP":"11","WM":"11","XQ":"11","WQ":"11","W5":"11","VM":"11","XR":"11","W4":"11"},"53":{"RW":"3"}},"4M":{"VV":{"PV":"11","VQ":"11","QR":"11","WP":"11","WQ":"11","RQ":"11","XP":"11","XM":"11","RR":"11"},"WV":{"CC":"11","G9":"11","8F":"11","9F":"11","H8":"11","7G":"11","6H":"11","9C":"11","2M":"11","FC":"11","8G":"11","3J":"11","F9":"11","H9":"11","5H":"11","6G":"11","3M":"11","J8":"11","4H":"11","4J":"11"}}}}