{"index":{"university,1|retail,2|tourism,3|wreck,4|historical,5|artsCulture,6|namedBuilding,7|water,8|wetland,9|park,10|beach,11|natureReserve,12|cemetery,13|trail,14":{}},"5Q":{"G3":{"C2":{"5J":"11","6P":"11","7Q":"11","5Q":"11","4H":"11","2H":"11","5P":"11","2C":"11","5M":"11","2G":"11","4Q":"11","5R":"11","4M":"11","3G":"11","3M":"11","29":"11","4J":"11","6Q":"11","4P":"11","3J":"11","6R":"11","3H":"11","2F":"11","3F":"11"},"92":{"P2":"11","R5":"11","V4":"11","Q3":"11","W9":"11","X8":"11","Q4":"11","R6":"11","V6":"11","X9":"11","Q5":"11","R2":"11","W8":"11","V8":"11","W6":"11","W7":"11","Q2":"11","V5":"11","XG":"11","R3":"11","WC":"11","P3":"11","V7":"11","XC":"11","XF":"11","R4":"11"}},"WG":{"5H":{"J8":"11","FR":"11","JF":"11","GH":"11","FV":"11","H7":"11","FW":"11","J2":"11","HG":"11","GM":"11","CP":"11","FM":"11","FX":"11","J3":"11","H2":"11","FP":"11","GG":"11","HF":"11","GJ":"11","JG":"11","H4":"11","FQ":"11","H9":"11","H8":"11","H5":"11","H3":"11","FJ":"11","JC":"11","HH":"11","H6":"11"},"5J":{"M8":"11","C4":"11","C3":"11","MX":"11","W9":"11","R9":"11","RC":"11","HX":"11","H6":"11","C2":"11","QX":"11","F5":"11","VC":"11","RX":"11","JX":"11","P8":"11","P9":"11","V9":"11","F3":"11","H7":"11","Q9":"11","G6":"11","M7":"11","PX":"11","WC":"11","G5":"11","VX":"11","J8":"11","F6":"11","F2":"11","J7":"11","F4":"11"},"M8":{"FG":"11","GH":"11","FH":"11","FV":"11","GV":"11","99":"11","75":"11","77":"11","CV":"11","GM":"11","87":"11","74":"11","73":"11","HP":"11","86":"11","9C":"11","CW":"11","88":"11","8X":"11","64":"11","9F":"11","76":"11","HV":"11","GJ":"11","89":"11","9W":"11","HR":"11","63":"11","CF":"11","HQ":"11","FJ":"11","72":"11","85":"11","84":"11","62":"11","CG":"11"},"M7":{"5H":"11","5J":"11","6W":"11","5W":"11","32":"11","5G":"11","58":"11","6M":"11","5P":"11","6X":"11","48":"11","57":"11","5M":"11","5C":"11","59":"11","6H":"11","6F":"11","6J":"11","6G":"11","49":"11","4C":"11","5F":"11"},"68":{"G3":"11","F3":"11","F2":"11"},"J7":{"P2":"11","M2":"11","V2":"11","R2":"11","J3":"11","Q2":"11","J2":"11","H3":"11","M3":"11","F2":"11"},"66":{"3F":"11","2F":"11","3G":"11","29":"11","3H":"11","3J":"11","2C":"11","4J":"11","3C":"11"},"96":{"22":"11","23":"11"},"83":{"7C":"11","JF":"11","6C":"11","FF":"11","HM":"11","HG":"11","CC":"11","HJ":"11","39":"11","2C":"11","5C":"11","59":"11","9C":"11","9F":"11","JM":"11","8C":"11","JP":"11","89":"11","HF":"11","JG":"11","JH":"11","29":"11","3C":"11","CF":"11","49":"11","69":"11","4C":"11","HH":"11","79":"11"},"54":{"H4":"11","HR":"11","HX":"11","HQ":"11","GJ":"11","FH":"11","JW":"11","HP":"11","JX":"11","FF":"11","HV":"11","GP":"11","F8":"11","FC":"11","F7":"11","H2":"11","G4":"11","J2":"11","G6":"11","F9":"11","H3":"11","GM":"11","GH":"11","GQ":"11","G5":"11","G3":"11","HW":"11","C9":"11","FG":"11","F6":"11","GG":"11","FJ":"11"},"75":{"V4":"11","V5":"11"},"5G":{"HX":"11","JX":"11","HQ":"11","GP":"11","JV":"11","HW":"11","HR":"11","GQ":"11","HV":"11","JW":"11"},"J9":{"V4":"11","W3":"11","X4":"11","X3":"11","V3":"11","W4":"11"},"67":{"8F":"11","9F":"11","78":"11","88":"11","77":"11","CV":"11","FW":"11","CQ":"11","CW":"11","9H":"11","CR":"11","8G":"11","9M":"11","9G":"11","89":"11","CX":"11","FX":"11","CP":"11","8C":"11","9J":"11"},"52":{"PR":"11","RM":"11","HX":"11","QQ":"11","WH":"11","JR":"11","VJ":"11","RP":"11","GW":"11","JW":"11","PQ":"11","QP":"11","XH":"11","MR":"11","GX":"11","XG":"11","JV":"11","HW":"11","WJ":"11"},"C5":{"9X":"11","FX":"11","2X":"11","CX":"11","3X":"11","GX":"11"},"M6":{"2W":"11","2X":"11","3W":"11","3X":"11","4X":"11"},"74":{"XC":"11","WJ":"11","X9":"11","WM":"11","XF":"11","WH":"11"},"73":{"37":"11","78":"11","GC":"11","68":"11","RC":"11","WC":"11","C9":"11","99":"11","38":"11","J9":"11","47":"11","26":"11","QC":"11","CC":"11","W9":"11","58":"11","25":"11","48":"11","57":"11","59":"11","P9":"11","9C":"11","PC":"11","88":"11","89":"11","X9":"11","FC":"11","G9":"11","HC":"11","H9":"11","V9":"11","Q9":"11","F9":"11","M9":"11","69":"11","R9":"11","JC":"11","27":"11","MC":"11","79":"11","XC":"11","VC":"11"},"86":{"X2":"11","X3":"11"},"G5":{"M8":"11","VF":"11","WF":"11","R9":"11","RC":"11","VC":"11","P8":"11","P9":"11","Q8":"11","Q9":"11","M7":"11","WC":"11","XF":"11"},"C6":{"42":"11","72":"11","92":"11","62":"11","52":"11","22":"11","32":"11","82":"11"},"5M":{"R5":"11","M5":"11","Q6":"11","J2":"11","V4":"11","J3":"11","V5":"11","P5":"11","V2":"11","R6":"11","M4":"11","J4":"11","H2":"11","R4":"11","Q5":"11"},"5C":{"RJ":"11","W8":"11","WC":"11","QQ":"11","W2":"11","W6":"11","W9":"11","RH":"11","VG":"11","VF":"11","W3":"11","QM":"11","RG":"11","PQ":"11","W5":"11","W4":"11","PP":"11","V9":"11","VH":"11","QP":"11","X2":"11","W7":"11","QJ":"11","VC":"11"},"59":{"XW":"11","XX":"11","XV":"11","XR":"11"},"JV":{"X2":"11"},"JH":{"2H":"11","2J":"11"},"HC":{"V7":"11","X7":"11","W7":"11","X8":"11"},"63":{"V3":"11","W2":"11","MF":"11","Q6":"11","R7":"11","W6":"11","PF":"11","Q8":"11","P5":"11","JG":"11","X5":"11","V6":"11","PC":"11","R3":"11","P9":"11","MM":"11","R8":"11","Q9":"11","V2":"11","HF":"11","Q4":"11","R5":"11","V5":"11","JF":"11","P7":"11","JH":"11","Q7":"11","V4":"11","W7":"11","P6":"11","V8":"11","Q5":"11","QC":"11","R4":"11","JP":"11","X6":"11","M4":"11","MP":"11","X3":"11","V7":"11","MJ":"11","X7":"11","R9":"11","W4":"11","W5":"11","JJ":"11","M5":"11","MC":"11","W3":"11","P4":"11","HG":"11","R6":"11","X4":"11"},"55":{"VW":"11","M7":"11","RJ":"11","P6":"11","RF":"11","M5":"11","RP":"11","J2":"11","P8":"11","QC":"11","RH":"11","VR":"11","M6":"11","M4":"11","M2":"11","P9":"11","RG":"11","J3":"11","VQ":"11","QF":"11","P7":"11","QG":"11","VV":"11","Q9":"11","VX":"11","RM":"11","M3":"11","VP":"11"},"H5":{"FR":"11","GX":"11","CM":"11","FV":"11","GV":"11","5G":"11","CH":"11","9J":"11","GQ":"11","GW":"11","2G":"11","8H":"11","6H":"11","FP":"11","3G":"11","4G":"11","FQ":"11","7H":"11","9H":"11","6G":"11","HX":"11","CJ":"11","GP":"11","2F":"11"},"M9":{"63":"11","33":"11","73":"11","72":"11","43":"11","22":"11","32":"11","53":"11","23":"11","82":"11"},"69":{"2R":"11","C4":"11","6F":"11","5G":"11","87":"11","78":"11","88":"11","2Q":"11","3P":"11","7C":"11","2P":"11","96":"11","3J":"11","7F":"11","5H":"11","6G":"11","86":"11","3M":"11","95":"11","79":"11","4H":"11","4M":"11","4J":"11","94":"11"},"85":{"WX":"11","RW":"11","XX":"11","JP":"11","PR":"11","6F":"11","8F":"11","WW":"11","48":"11","JQ":"11","QR":"11","HQ":"11","VV":"11","MQ":"11","7C":"11","HP":"11","MR":"11","VW":"11","GP":"11","FM":"11","9H":"11","46":"11","8G":"11","26":"11","QV":"11","57":"11","9G":"11","7F":"11","47":"11","37":"11","CJ":"11","GM":"11","RV":"11","36":"11","CH":"11","58":"11","FJ":"11"},"84":{"38":"11","66":"11","65":"11","29":"11","28":"11","46":"11","75":"11","74":"11","47":"11","37":"11","56":"11"},"53":{"J8":"11","HW":"11","J7":"11","JF":"11","J9":"11","J4":"11","JW":"11","HG":"11","HJ":"11","GM":"11","GQ":"11","GR":"11","J3":"11","H2":"11","HV":"11","HF":"11","GJ":"11","G3":"11","FQ":"11","HR":"11","JX":"11","HQ":"11","H3":"11","HX":"11","JC":"11","GP":"11","HH":"11","J6":"11","G2":"11","J5":"11"},"J6":{"RX":"11","FR":"11","7P":"11","6P":"11","GV":"11","7Q":"11","QX":"11","2M":"11","3P":"11","CR":"11","PX":"11","WW":"11","5P":"11","8Q":"11","GR":"11","FX":"11","CQ":"11","9Q":"11","HV":"11","4M":"11","XW":"11","3M":"11","FQ":"11","XX":"11","VV":"11","RV":"11","VX":"11","MX":"11","6Q":"11","4P":"11","WX":"11"},"95":{"QW":"11","RX":"11","HW":"11","9V":"11","FV":"11","GV":"11","QX":"11","JW":"11","7R":"11","CV":"11","MW":"11","JV":"11","HV":"11","9R":"11","XX":"11","RW":"11","PW":"11","VX":"11","6R":"11","8R":"11","WX":"11"},"62":{"VW":"11","GF":"11","GC":"11","JF":"11","RP":"11","5G":"11","RR":"11","CC":"11","WW":"11","VR":"11","7F":"11","2G":"11","9F":"11","RQ":"11","HF":"11","6F":"11","JG":"11","FC":"11","3G":"11","4G":"11","HC":"11","VV":"11","6G":"11","VX":"11","8F":"11","VM":"11"},"H6":{"M8":"11","QH":"11","PF":"11","PG":"11","VJ":"11","XJ":"11","G2":"11","M4":"11","P8":"11","P9":"11","J3":"11","M9":"11","H2":"11","J5":"11","H3":"11","J6":"11","M7":"11","VH":"11","XM":"11","QG":"11","RH":"11","PC":"11","J7":"11","WJ":"11","J4":"11"},"JR":{"XW":"11","XX":"11","WW":"11","P4":"11","VV":"11","XV":"11","P3":"11","WV":"11"},"56":{"V3":"11","X7":"11","X8":"11","V2":"11","X9":"11","X6":"11","W3":"11","W4":"11","W5":"11","X5":"11"}},"VR":{"Q3":{"36":"11","46":"11","56":"11","26":"11"},"PV":{"9W":"11","8W":"11","9X":"11","FX":"11","FW":"11","CX":"11","CW":"11","7X":"11","8X":"11","GX":"11"},"8J":{"2Q":"11","2M":"11","2J":"11","2P":"11"},"PW":{"66":"11","83":"11","54":"11","75":"11","67":"11","93":"11","C2":"11","82":"11","74":"11","73":"11","86":"11","57":"11","65":"11","64":"11","76":"11","92":"11","63":"11","55":"11","72":"11","85":"11","84":"11","53":"11","F2":"11","94":"11","62":"11","G2":"11","56":"11"},"FQ":{"87":"11","97":"11"},"M2":{"63":"11","84":"11","64":"11","42":"11","43":"11","53":"11","74":"11"},"MW":{"8J":"11","8H":"11"},"W8":{"XC":"11","X9":"11","XF":"11"},"W4":{"MX":"11","JX":"11"},"RQ":{"QJ":"11","CQ":"11","8R":"11","GQ":"11","7Q":"11","P8":"11","P3":"11","QF":"11","PF":"11","PJ":"11","HP":"11","P5":"11","7R":"11","HM":"11","M3":"11","JM":"11","PC":"11","M6":"11","MQ":"11","JQ":"11","HQ":"11","P9":"11","MM":"11","FP":"11","QG":"11","9P":"11","PM":"11","GM":"11","P7":"11","PG":"11","M7":"11","RM":"11","QM":"11","CP":"11","PP":"11","QP":"11","P6":"11","QH":"11","JP":"11","RJ":"11","M4":"11","MP":"11","MJ":"11","8Q":"11","FQ":"11","9Q":"11","JJ":"11","M5":"11","P4":"11","GP":"11"},"W5":{"J2":"11","M3":"11","M2":"11"}},"H4":{"X5":{"XX":"11"},"M3":{"9M":"3","CM":"3","9J":"3","CJ":"3"},"X6":{"V3":"11","R5":"11","V4":"11","X6":"11","W3":"11","X2":"11","W6":"11","V5":"11","X3":"11","W2":"11","X5":"11","R4":"11"}},"Q6":{"HX":{"JJ":"11","VJ":"11","JH":"11","XH":"11","RJ":"11","XG":"11","VH":"11","MH":"11","HH":"11","RH":"11"},"JX":{"2F":"11","2G":"11","3F":"11"},"2Q":{"R5":"11","V4":"11","V5":"11","R4":"11"},"4P":{"PJ":"11","QH":"11","PF":"11","QJ":"11","PH":"11","RJ":"11","PM":"11","P8":"11","P9":"11","QM":"11","Q8":"11","Q9":"11","PC":"11"},"3W":{"8F":"11","8G":"11","9F":"11"},"7X":{"PH":"11"},"GX":{"9X":"11","8X":"11"},"3V":{"88":"11","5J":"11","4J":"11","4H":"11","78":"11","79":"11","89":"11"},"3Q":{"42":"11","43":"11","53":"11"},"2G":{"7M":"11","7P":"11","6P":"11","6M":"11","5M":"11","5P":"11"}},"R7":{"3J":{"2W":"11","3W":"11","6J":"11","3P":"11","4P":"11","7M":"11","7J":"11","3M":"11","5M":"11","6M":"11","4M":"11"},"2J":{"XW":"11","QH":"11","QJ":"11","VP":"11","WH":"11","VJ":"11","XR":"11","WP":"11","XH":"11","RJ":"11","WM":"11","XV":"11","WV":"11","RH":"11","VM":"11","WR":"11"}},"PR":{"9X":{"FX":"11","FW":"11","CW":"11","GX":"11"},"CQ":{"5Q":"11","3P":"11","2P":"11","4P":"11","2M":"11","5R":"11","4Q":"11"},"9R":{"V6":"11","R5":"11","R3":"11","V8":"11","V7":"11","V5":"11","R2":"11"},"9Q":{"RX":"11","WJ":"11","WM":"11","XJ":"11","RH":"11","VH":"11","QX":"11","WH":"11","XM":"11","RJ":"11"},"7X":{"4H":"11","4G":"11"},"CR":{"PV":"11","QV":"11","PW":"11"}},"Q8":{"WF":{"93":"11","C3":"11","F3":"11"},"X8":{"2W":"11","2Q":"11","2M":"11","2X":"11","2R":"11","3W":"11","3X":"11","2P":"11","3Q":"11","3R":"11"},"X9":{"34":"11","24":"11"},"RJ":{"96":"11","95":"11","98":"11","97":"11"},"W8":{"GW":"11","FW":"11","JV":"11","RQ":"11","CV":"11","GV":"11","9R":"11","RV":"11","FV":"11","HV":"11","RR":"11","XP":"11","XM":"11","CR":"11"},"WM":{"3G":"11","3F":"11"},"VM":{"WJ":"11","WM":"11","XJ":"11","XH":"11","XM":"11"}},"WJ":{"R3":{"22":"11","32":"11","23":"11"},"Q7":{"JC":"11","J9":"11","H9":"11"},"Q2":{"XW":"11","XX":"11"},"R2":{"6X":"11","2W":"11","5X":"11","2V":"11"},"Q3":{"X5":"11","X2":"11|7","X4":"11","W5":"11","X3":"11","W4":"11"}},"X5":{"M7":{"RM":"11","QH":"11","PF":"11","PG":"11","QJ":"11","VP":"11","PH":"11","JC":"11","RG":"11","MG":"11","RP":"11","RJ":"11","P9":"11","QM":"11","QF":"11","M9":"11","QG":"11","RH":"11","PC":"11","VM":"11","MC":"11"},"M8":{"JP":"11","V4":"11","P4":"11","QQ":"11","Q4":"11","M5":"11","QR":"11","MQ":"11","PQ":"11","HP":"11","FM":"11","PP":"11","W4":"11","J5":"11","CJ":"11","GM":"11","P5":"11","HM":"11","MP":"11","X4":"11","R4":"11","FJ":"11"},"GC":{"M5":"11","2R":"11","Q4":"11","4R":"11","H5":"11","P5":"11","H6":"11","J5":"11","Q5":"11","3R":"11"},"MM":{"28":"11","24":"11","27":"11","25":"11","22":"11","23":"11","26":"11"},"RF":{"PF":"11","W9":"11","R8":"11","R9":"11","PG":"11","X8":"11","MG":"11","X9":"11","P9":"11","V8":"11","Q8":"11","Q9":"11","PC":"11"},"C9":{"RH":"11","VH":"11","WQ":"11","XR":"11"},"Q8":{"5C":"11","4C":"11","CV":"11","FW":"11","49":"11","CR":"11","FV":"11","39":"11","FX":"11"},"MF":{"WJ":"11","WM":"11","XM":"11"},"P8":{"64":"11","65":"11","55":"11","54":"11","75":"11","96":"11","24":"11","45":"11","85":"11","44":"11","95":"11","34":"11"},"RH":{"J8":"11","H8":"11","J9":"11","H7":"11","G6":"11","H6":"11","G5":"11"},"VF":{"57":"11","C6":"11","F5":"11","M3":"11","M4":"11","G5":"11","F6":"11","67":"11"},"JM":{"X7":"11","X8":"11","WH":"11","VJ":"11","RP":"11","QX":"11","WG":"11","X9":"11","X6":"11","X2":"11","QW":"11","WM":"11","XG":"11","X3":"11","XC":"11","XF":"11","VM":"11","X4":"11","WJ":"11"},"JJ":{"XW":"11","M8":"11","XX":"11","Q3":"11","WW":"11","VF":"11","R9":"11","RC":"11","VP":"11","P4":"11","WH":"11","VQ":"11","V2":"11","VJ":"11","RF":"11","WP":"11","VG":"11","WQ":"11","M4":"11","R2":"11","P8":"11","P9":"11","Q8":"11","P7":"11","XV":"11","VR":"11","Q9":"11","M7":"11","R3":"11","VH":"11","P3":"11","WV":"11","QC":"11","W2":"11","WJ":"11","WR":"11"},"MG":{"FQ":"11","CV":"11","FW":"11","CQ":"11","CW":"11","FR":"11","9H":"11","CR":"11","FV":"11","8G":"11","9G":"11","CJ":"11","9X":"11","CM":"11","CX":"11","CH":"11","FX":"11","CP":"11","9J":"11"},"JP":{"VX":"11","VW":"11","VV":"11","RP":"11","VR":"11","RM":"11","RQ":"11","RR":"11","VQ":"11","WX":"11","RJ":"11"},"FC":{"QH":"11","VP":"11","JC":"11","JF":"11","VQ":"11","VJ":"11","RP":"11","XR":"11","73":"11","WQ":"11","RJ":"11","72":"11","VR":"11","RQ":"11","C6":"11","RH":"11","VM":"11","WR":"11"},"JH":{"VX":"11","XW":"11","XX":"11","XV":"11","WW":"11","WX":"11"},"JQ":{"W2":"11"},"V9":{"2R":"11","2V":"11","6V":"11","3V":"11","4V":"11","6W":"11","3R":"11","5V":"11"},"Q9":{"H4":"11","W9":"11","P6":"11","M5":"11","Q7":"11","G2":"11","R7":"11","X9":"11","M4":"11","Q6":"11","V8":"11","J5":"11","H3":"11","G3":"11","P5":"11","V7":"11","F2":"11","J4":"11"},"F9":{"2R":"11"},"M9":{"7R":"11","QH":"11","8J":"11","PH":"11","8M":"11","RG":"11","7M":"11","7Q":"11","7V":"11","7P":"11","7J":"11","RH":"11"},"R9":{"XR":"11","7G":"11","QQ":"11","5G":"11","CH":"11","GM":"11","VR":"11","2C":"11","HP":"11","WR":"11","8H":"11","PQ":"11","RQ":"11","VQ":"11","GJ":"11","6F":"11","JP":"11","8G":"11","29":"11","JQ":"11","3C":"11","9H":"11","6G":"11","FJ":"11","CJ":"11","GP":"11","MQ":"11","5F":"11","4F":"11","3F":"11"},"MC":{"C6":"11","F6":"11"},"MH":{"83":"11","96":"11","99":"11","93":"11","C2":"11","87":"11","86":"11","88":"11","2V":"11","89":"11","92":"11","3Q":"11","2W":"11","2R":"11","98":"11","85":"11","97":"11","84":"11","94":"11","2Q":"11","95":"11","3R":"11"},"VC":{"FG":"11","C9":"11","FH":"11","FF":"11","CC":"11","GM":"11","HP":"11","C8":"11","MW":"11","C7":"11","JV":"11","GJ":"11","MV":"11","FC":"11","JQ":"11","CF":"11","HQ":"11","98":"11","MX":"11","FJ":"11","97":"11","GP":"11","JR":"11"}},"3X":{"J7":{"54":"11","5X":"11","5Q":"11"}},"WQ":{"2H":{"2C":"11"},"33":{"MJ":"11","HC":"11","JF":"11","MG":"11","H8":"11","JH":"11","HF":"11","MM":"11","H9":"11","MH":"11","JG":"11"},"5R":{"2X":"11"},"3P":{"5G":"11","5J":"11","5H":"11","6J":"11","6H":"11","6G":"11","6M":"11","5M":"11","6F":"11"},"5V":{"22":"11"}},"VG":{"GR":{"XC":"11","MQ":"11","JW":"11"},"HQ":{"78":"11","68":"11","75":"11","67":"11","93":"11","C2":"11","77":"11","58":"11","87":"11","74":"11","48":"11","86":"11","C3":"11","88":"11","76":"11","C4":"11","85":"11","84":"11","94":"11"},"JV":{"M8":"11","W9":"11","WF":"11","R8":"11","R9":"11","H6":"11","F5":"11","VC":"11","P8":"11","Q8":"11","V9":"11","P7":"11","Q9":"11","G6":"11","J6":"11","XG":"11","M7":"11","WC":"11","G5":"11","XC":"11","XF":"11","F6":"11","J7":"11"},"MV":{"3J":"11","2H":"11","4J":"11","3H":"11","4M":"11","2G":"11"},"HR":{"2F":"11","2G":"11","5J":"11","9M":"11","3H":"11","3J":"11","5M":"11","2C":"11","2H":"11","4J":"11"},"7J":{"RC":"11","VC":"11","VF":"11"},"GX":{"RF":"11","RC":"11","V9":"11","VC":"11","VF":"11","R9":"11"},"HP":{"J8":"11","FR":"11","GF":"11","G8":"11","GC":"11","FG":"11","J7":"11","M5":"11","CM":"11","FV":"11","FF":"11","H7":"11","J9":"11","CH":"11","FW":"11","CR":"11","CV":"11","CP":"11","M6":"11","FM":"11","CX":"11","FX":"11","CW":"11","CQ":"11","FP":"11","FC":"11","G9":"11","G7":"11","FQ":"11","HC":"11","H9":"11","H8":"11","F9":"11","FJ":"11","CJ":"11","J6":"11","G6":"11","H6":"11","CG":"11","J5":"11"}},"X2":{"WV":{"R3":"11","Q2":"11","Q3":"11","R2":"11"},"PG":{"X7":"3"},"Q5":{"9P":"11","CG":"11","9M":"11","CM":"11","9Q":"11","CH":"11","CJ":"11","CP":"11"}},"VJ":{"Q6":{"W6":"11"}},"H3":{"8Q":{"RJ":"11","G8":"11","JF":"11","WP":"11","H7":"11","QH":"11","MF":"11","PH":"11","MG":"11","G3":"11","G9":"11","G7":"11","H4":"11","HC":"11","PJ":"11","PG":"11","H9":"11","H5":"11","H3":"11","JC":"11","H6":"11","RM":"11","G2":"11","VP":"11","QJ":"11","VM":"11"}},"RR":{"8W":{"XX":"11","PM":"11","PJ":"11"},"Q9":{"HQ":"11","CQ":"11","FQ":"11","GQ":"11","HP":"11"},"5C":{"66":"11","56":"11","55":"11","65":"11"},"7W":{"MC":"11","JC":"11","MF":"11","JF":"11"},"Q6":{"W9":"11","R8":"11","Q7":"11","R7":"11","W8":"11","V8":"11","XG":"11","WC":"11","XC":"11","XF":"11"},"8X":{"X2":"11"}},"PV":{"92":{"GH":"11","J2":"11","GJ":"11","H2":"11","G2":"11"},"43":{"R9":"11","RC":"11","P8":"11","P9":"11","V8":"11","M9":"11","V9":"11","Q9":"11"}},"VP":{"VW":{"QF":"11","RF":"11","WG":"11","XF":"11","VF":"11","XG":"11","WF":"11"},"WW":{"2G":"11"}},"R8":{"34":{"X2":"11","X4":"11","X3":"11"},"44":{"24":"11","23":"11"},"3H":{"48":"11","57":"11","5C":"11","47":"11","59":"11","58":"11"},"4H":{"9Q":"11","CV":"11","FW":"11","CW":"11","CQ":"11","CR":"11","FV":"11","9W":"11","CX":"11"},"22":{"C2":"11","C3":"11","F3":"11","92":"11"},"3P":{"42":"11"}},"Q9":{"MQ":{"CF":"11","9G":"11","8J":"11","9H":"11","5J":"11","5H":"11","F9":"11","CG":"11","6J":"11","2H":"11","8G":"11","6H":"11","3H":"11","7J":"11","4H":"11","CC":"11","FC":"11","G9":"11","8H":"11","FF":"11","7H":"11","3G":"11","GC":"11","2G":"11","H9":"11","4G":"11","3F":"11","9F":"11"},"JR":{"R5":"11","V4":"11","H4":"11","P4":"11","Q4":"11","R6":"11","M5":"11","V6":"11","R7":"11","M4":"11","V5":"11","V7":"11","R4":"11","J4":"11"},"PP":{"R5":"11","P6":"11","R8":"11","R6":"11","Q7":"11","V6":"11","R7":"11","Q5":"11","Q6":"11","P8":"11","P9":"11","Q8":"11","W6":"11","P7":"11","Q9":"11","V5":"11","V7":"11"}},"VQ":{"Q4":{"32":"11"},"WH":{"V6":"11","X5":"11","X6":"11","X4":"11","W5":"11","X3":"11","W6":"11"},"XH":{"34":"11","J7":"11","C7":"11","XC":"11","WC":"11","V8":"11","X9":"11","H7":"11","V7":"11","33":"11","24":"11","87":"11","F7":"11","86":"11","77":"11","66":"11","Q8":"11","R7":"11","W9":"11","Q7":"11","76":"11","97":"11","65":"11","P7":"11","23":"11"},"Q3":{"2X":"11","3W":"11","3X":"11"}},"RH":{"2M":{"MV":"11","PV":"11"}},"JX":{"R5":{"V3":"11","Q3":"11","H4":"11","P4":"11","Q4":"11","W3":"11","M4":"11","G4":"11","M3":"11","R3":"11","X3":"11","G5":"11","P3":"11","H5":"11","J4":"11"},"CV":{"24":"11","22":"11","32":"11","23":"11"},"CQ":{"P2":"11","G9":"11","GC":"11","M2":"11","F8":"11","GF":"11","F7":"11","F9":"11","C6":"11","F6":"11","GG":"11"},"CR":{"3W":"11","4W":"11","3X":"11","3V":"11","4X":"11"},"W4":{"VW":"11","XW":"11","JR":"11","VV":"11","XX":"11","MV":"11","RV":"11","PV":"11","QV":"11","PR":"11","WW":"11","MR":"11"},"V5":{"33":"11","43":"11","23":"11"},"9V":{"PJ":"11","QH":"11","VF":"11","QJ":"11","RC":"11","RG":"11","RF":"11","VC":"11","X6":"11","W8":"11","V8":"11","W6":"11","V9":"11","W7":"11","QG":"11","RH":"11","X4":"11","X5":"11"},"CP":{"QW":"11","QV":"11","PV":"11","QR":"11","QQ":"11","RR":"11","JW":"11","PX":"11","MW":"11","PQ":"11","PR":"11","JV":"11","HV":"11","MV":"11","HR":"11","PP":"11","RV":"11","JX":"11","PW":"11","MX":"11","QP":"11","MR":"11","JR":"11"},"X4":{"2X":"11","3X":"11"},"X5":{"42":"11","32":"11","73":"11","43":"11","63":"11","52":"11","84":"11","83":"11","53":"11","94":"11"}},"G2":{"9W":{"6W":"11","5Q":"11","3F":"11","2F":"11","6V":"11","5V":"11","2G":"11","3G":"11","4P":"11","6R":"11","7X":"11","29":"11","28":"11","7W":"11","3H":"11","3J":"11","5R":"11","6X":"11","4Q":"11","5P":"11","2C":"11","4H":"11","4M":"11","4J":"11"},"8W":{"V3":"11","V4":"11","X7":"11","X8":"11","V2":"11","X6":"11","X9":"11","R2":"11","W4":"11","W6":"11","W7":"11","V5":"11","XC":"11","W5":"11"},"7Q":{"XR":"11","RC":"11","RF":"11","WP":"11","Q8":"11","Q7":"11","WQ":"11","P8":"11","QC":"11","RH":"11","XP":"11","VG":"11","XQ":"11","WM":"11","RG":"11","XW":"11","P7":"11","VH":"11","Q9":"11","VJ":"11","R9":"11","XV":"11","WJ":"11","VM":"11"},"9X":{"HJ":"11","QX":"11","85":"11","97":"11","62":"11","JW":"11","87":"11","CF":"11","73":"11","HH":"11","HP":"11","HM":"11","MR":"11","GG":"11","83":"11","86":"11","JM":"11","MQ":"11","75":"11","88":"11","JV":"11","JQ":"11","HQ":"11","PV":"11","98":"11","96":"11","PX":"11","FG":"11","QW":"11","MV":"11","JP":"11","C8":"11","CC":"11","72":"11","FF":"11","C9":"11","99":"11","PW":"11","MX":"11","74":"11","JR":"11","MW":"11","76":"11","GH":"11","84":"11","FH":"11","GJ":"11","FC":"11"},"8V":{"QW":"11","F4":"11","RX":"11","G8":"11","QV":"11","MM":"11","JF":"11","QR":"11","H7":"11","QQ":"11","F6":"11","J9":"11","PM":"11","F3":"11","G5":"11","PQ":"11","G4":"11","PR":"11","MG":"11","HF":"11","JG":"11","G3":"11","G9":"11","G7":"11","JH":"11","HC":"11","PJ":"11","RW":"11","PP":"11","RV":"11","H9":"11","H8":"11","VX":"11","JC":"11","F2":"11","MJ":"11","G6":"11","H6":"11","MH":"11"},"8R":{"8M":"11","44":"11","9M":"11","7G":"11","7C":"11","7J":"11","68":"11","8P":"11","9V":"11","6C":"11","32":"11","FW":"11","47":"11","CR":"11","CV":"11","34":"11","58":"11","22":"11","43":"11","CX":"11","57":"11","FX":"11","59":"11","7F":"11","46":"11","33":"11","8J":"11","CW":"11","8H":"11","9Q":"11","9P":"11","6F":"11","9R":"11","7H":"11","69":"11","45":"11","56":"11"},"8Q":{"2W":"11","2X":"11","3X":"11","2V":"11"}},"V5":{"FH":{"93":"11","94":"11","C3":"11"},"P2":{"PM":"11","PJ":"11","MP":"11","MM":"11","MJ":"11"},"P3":{"QW":"11","RX":"11","RV":"11","QX":"11","PX":"11","QV":"11","PW":"11","RW":"11"}},"P7":{"X9":{"G4":"11","C6":"11","G3":"11","F7":"11","F4":"11","F3":"11","F6":"11"},"X6":{"XJ":"11"}},"Q7":{"M8":{"X9":"11","X7":"11","X8":"11"},"C4":{"X7":"11","RC":"11","X8":"11","XQ":"11","XR":"11","X6":"11","WQ":"11","W3":"11","W8":"11","W4":"11","X2":"11","W6":"11","W7":"11","X3":"11","W5":"11","X4":"11"},"C3":{"4X":"11","6W":"11","GX":"11","3X":"11","HW":"11","3W":"11","FW":"11","7W":"11","JW":"11","9X":"11","GW":"11","CX":"11","6X":"11","FX":"11","2X":"11","CW":"11","XX":"11","2W":"11","9W":"11","7X":"11","HX":"11","4F":"11","3F":"11"},"RM":{"V4":"11","MM":"11","V5":"11","HM":"11","QH":"11","HJ":"11","GM":"11","FM":"11","R6":"11","PF":"11","R5":"11","PC":"11","JM":"11","W5":"11","JJ":"11","W4":"11","GJ":"11","PJ":"11","QG":"11","PG":"11","FJ":"11","V6":"11","MJ":"11","MC":"11","QJ":"11"},"PR":{"9R":"11","9Q":"11"},"62":{"CF":"11","G9":"11","6F":"11","GC":"11","9F":"11"},"QJ":{"GW":"11","GV":"11","HV":"11"},"VP":{"J2":"11","G3":"11","M3":"11","J3":"11","C3":"11","F3":"11","52":"11","43":"11","22":"11","H3":"11","M2":"11","53":"11"},"H6":{"MX":"11","PQ":"11","JR":"11","MQ":"11","HR":"11","MW":"11","HV":"11","MR":"11"},"64":{"RG":"11","RH":"11","3W":"11","WG":"11","WH":"11","XH":"11"},"JF":{"XW":"11","XV":"11"},"HG":{"88":"11","98":"11"},"H8":{"VV":"11","VR":"11","RV":"11"},"VJ":{"93":"11","G4":"11","94":"11","C2":"11","C3":"11","F4":"11","F3":"11","C4":"11"},"RP":{"CF":"11","GP":"11","FM":"11","CG":"11","GJ":"11","GM":"11","X2":"11","FQ":"11","GG":"11","FG":"11","FP":"11"},"G8":{"2R":"11","2V":"11","3V":"11"},"WP":{"5G":"11","5H":"11","2X":"11","5R":"11","4H":"11","4V":"11","4G":"11","5V":"11","5Q":"11"},"G2":{"C2":"11","C3":"11","92":"11","F2":"11","82":"11"},"FW":{"G4":"11","H5":"11","H4":"11","J4":"11","G5":"11","J5":"11"},"WQ":{"22":"11"},"P8":{"38":"11","P6":"11","27":"11","29":"11","Q5":"11","28":"11","Q6":"11","V5":"11","P5":"11"},"93":{"VX":"11","MX":"11","HX":"11","48":"11","JX":"11","XW":"11","RX":"11","HW":"11","XX":"11","PX":"11","WW":"11","JW":"11","WX":"11"},"MW":{"FH":"11","CF":"11","CC":"11"},"F8":{"XR":"11"},"74":{"2H":"11","2J":"11"},"26":{"3J":"11","4J":"11","4W":"11","2J":"11","4H":"11","5X":"11","8R":"11","3V":"11","4V":"11","4X":"11"},"WM":{"J2":"11","M3":"11","J3":"11"},"Q8":{"5C":"11","5F":"11"},"96":{"24":"11"},"M9":{"7J":"11"},"F3":{"2W":"11","2X":"11","3W":"11","3X":"11","4X":"11"},"H7":{"C3":"11","Q3":"11","P6":"11","J9":"11","P4":"11","HC":"11","JC":"11","M5":"11","Q7":"11","C2":"11","M6":"11","P8":"11","9P":"11","P9":"11","P7":"11","8P":"11","H9":"11","P3":"11"},"G4":{"6F":"11","5G":"11","4C":"11","5F":"11","7G":"11","6H":"11","GW":"11","49":"11","7H":"11","GX":"11","6G":"11","39":"11","3C":"11","4F":"11"},"52":{"WJ":"11","WM":"11","VJ":"11","QJ":"11","VM":"11"},"25":{"Q6":"11"},"C7":{"96":"11","WJ":"11","XJ":"11","VH":"11","VJ":"11","WH":"11","97":"11"},"45":{"MH":"11","WJ":"11","XJ":"11","MJ":"11"},"VH":{"V6":"11","5H":"11","4J":"11","V5":"11","4H":"11","R6":"11","W6":"11"},"G5":{"CX":"11","W3":"11","VJ":"11","PP":"11"},"86":{"X4":"11","W4":"11"},"MF":{"2W":"11"},"H5":{"28":"11","38":"11"},"22":{"HC":"11","HF":"11"},"84":{"QM":"11"},"F2":{"96":"11","C7":"11","C6":"11","87":"11","86":"11","97":"11"},"VM":{"6X":"11","5X":"11","PW":"11"},"F4":{"X4":"11","WC":"11","32":"11","3P":"11","QH":"11","WF":"11","HJ":"11","W9":"11","CP":"11","22":"11","23":"11","VF":"11","RG":"11","5R":"11","W4":"11","GJ":"11","X9":"11","3Q":"11","PJ":"11","QG":"11","V9":"11","42":"11","4P":"11","HH":"11","2Q":"11","MJ":"11","QJ":"11","XC":"11","VC":"11"},"94":{"C7":"11","C6":"11","8J":"11","66":"11","8H":"11","98":"11","67":"11"}},"V4":{"QX":{"48":"11","57":"11","47":"11","49":"11","4C":"11","56":"11","59":"11","58":"11"}},"QM":{"G4":{"VW":"11","VV":"11","RV":"11","WV":"11","WW":"11"}},"P6":{"XQ":{"MX":"11","MW":"11","PW":"11"},"XV":{"H7":"11","C3":"11","J6":"11","H6":"11","C4":"11","G7":"11"},"XR":{"HX":"11","GW":"11","GX":"11","M2":"11"}},"QC":{"7J":{"GP":"11"}},"J4":{"V7":{"F4":"11","X7":"11","R4":"11","Q5":"11","V5":"11","W8":"11","M5":"11","Q4":"11","J4":"11","W9":"11","F3":"11","M4":"11","V8":"11","R6":"11","P5":"11","R5":"11","C3":"11","G4":"11","Q6":"11","H2":"11","J3":"11","G3":"11","X9":"11","H4":"11","X8":"11","P4":"11","H5":"11","H3":"11","R7":"11","V6":"11","V7":"11","G2":"11","W7":"11","M3":"11","XC":"11","J5":"11"},"36":{"44":"11","P6":"11","66":"11","54":"11","Q7":"11","75":"11","F6":"11","W6":"11","34":"11","25":"11","C5":"11","M6":"11","74":"11","23":"11","35":"11","86":"11","R6":"11","C6":"11","65":"11","33":"11","64":"11","Q6":"11","76":"11","P7":"11","55":"11","V6":"11","85":"11","24":"11","45":"11","F5":"11","J6":"11","95":"11","G6":"11","H6":"11","56":"11"},"W7":{"8M":"11","5H":"11","9M":"11","7G":"11","5G":"11","9J":"11","39":"11","2C":"11","28":"11","8J":"11","8H":"11","6H":"11","3G":"11","6J":"11","4G":"11","29":"11","7H":"11","3C":"11","6G":"11","4C":"11","5F":"11","2F":"11","4F":"11","3F":"11"},"46":{"87":"11","X7":"11","77":"11","Q7":"11","97":"11","R7":"11","F7":"11","W7":"11","H7":"11","P7":"11","C7":"11","M7":"11","V7":"11","J7":"11","G7":"11"},"66":{"44":"11","83":"11","54":"11","93":"11","J2":"11","C2":"11","82":"11","34":"11","43":"11","73":"11","23":"11","M4":"11","33":"11","C3":"11","J3":"11","H2":"11","92":"11","63":"11","H3":"11","72":"11","24":"11","53":"11","F2":"11","62":"11","G2":"11","M3":"11"},"56":{"37":"11","V4":"11","R4":"11","66":"11","X4":"11","M5":"11","96":"11","F6":"11","36":"11","47":"11","Q4":"11","J4":"11","X3":"11","C5":"11","M4":"11","86":"11","W3":"11","P5":"11","G5":"11","C6":"11","46":"11","76":"11","W4":"11","P4":"11","H5":"11","85":"11","F5":"11","27":"11","95":"11","J5":"11","56":"11"},"25":{"7R":"11","MX":"11","HR":"11","PV":"11","6V":"11","2W":"11","8R":"11","5V":"11","JQ":"11","PW":"11","JR":"11","HQ":"11","QX":"11","JW":"11","6R":"11","RX":"11","HP":"11","MR":"11","4V":"11","2X":"11","HV":"11","GP":"11","MW":"11","QW":"11","7V":"11","2V":"11","MV":"11","3V":"11","PX":"11","JV":"11","GM":"11","GQ":"11","VX":"11","HM":"11"},"26":{"HQ":"11","R3":"11","W2":"11","W3":"11","X2":"11","V2":"11","Q2":"11","X4":"11","HM":"11","X3":"11","22":"11","R2":"11","V3":"11","HP":"11","W4":"11"}},"WH":{"JF":{"2M":"11"}},"RJ":{"PR":{"GQ":"11"}},"X3":{"57":{"HC":"11","HG":"11","GC":"11","HJ":"11","GJ":"11","FH":"11","CG":"11","CJ":"11","GH":"11","JG":"11","HH":"11","FG":"11","CH":"11"}},"WR":{"5C":{"2X":"11","3X":"11","5X":"11","4X":"11"},"3F":{"35":"11","36":"11","27":"11","45":"11","26":"11"},"5F":{"33":"11","32":"11","43":"11","52":"11","22":"11","44":"11","34":"11","53":"11"},"RP":{"G3":"11","J3":"11","M4":"11","J4":"11","H3":"11","G2":"11"},"5J":{"3C":"11","4C":"11","4F":"11","3G":"11","4G":"11","3F":"11"},"7M":{"F7":"11","G6":"11","G5":"11","F6":"11"},"28":{"F4":"11","F3":"11"},"6G":{"HR":"11","FP":"11","HQ":"11","GR":"11","PM":"11","HV":"11","FM":"11","GP":"11","JM":"11","MM":"11","GV":"11","GM":"11","CM":"11","HM":"11"}},"R9":{"25":{"RV":"11","QV":"11","QR":"11","RR":"11"},"26":{"W2":"11","X2":"11"}},"W4":{"XV":{"VF":"11","W9":"11","X7":"11","X8":"11","RG":"11","VJ":"11","RF":"11","WP":"11","VC":"11","VG":"11","W8":"11","WM":"11","V9":"11","XP":"11","VH":"11","VM":"11","WJ":"11"}},"MX":{"32":{"PQ":"11","MQ":"11","JQ":"11","PP":"11","JP":"11","HP":"11"},"23":{"7G":"11","6H":"11","2P":"11","5J":"11","2M":"11","3J":"11","5H":"11","6G":"11","3M":"11","4J":"11"}},"MW":{"85":{"F4":"11","5J":"11","4R":"11","7G":"11","7C":"11","3W":"11","99":"11","F6":"11","J2":"11","3V":"11","C5":"11","5P":"11","C6":"11","C8":"11","5M":"11","M2":"11","7F":"11","2X":"11","C7":"11","4Q":"11","G4":"11","8C":"11","6H":"11","J3":"11","4M":"11","89":"11","6J":"11","H4":"11","3Q":"11","2W":"11","6G":"11","98":"11","H3":"11","C4":"11","4P":"11","F7":"11","97":"11","F5":"11","3R":"11"},"84":{"RM":"11","PR":"11","MX":"11","WF":"11","PV":"11","X8":"11","PW":"11","QQ":"11","WH":"11","QR":"11","RP":"11","VJ":"11","WG":"11","PQ":"11","QP":"11","JX":"11","X9":"11","MR":"11","RJ":"11","MW":"11","PP":"11","MV":"11","VH":"11","XC":"11","XF":"11"},"6J":{"HR":"11","HQ":"11","G2":"11","GW":"11","HP":"11","GR":"11","GX":"11","GV":"11","GQ":"11","HM":"11","FX":"11"},"69":{"VX":"11","VW":"11","VV":"11","WR":"11","XQ":"11","WV":"11","WQ":"11","XP":"11","XM":"11"},"6H":{"C4":"11","C3":"11","FP":"11","C5":"11","FQ":"11","C2":"11","FW":"11","FM":"11","FR":"11","FV":"11","GX":"11","C7":"11","C6":"11","CM":"11","CP":"11","FX":"11"},"86":{"22":"11"},"6G":{"9P":"11","CX":"11","9M":"11","CW":"11","CM":"11","CV":"11","CQ":"11","9R":"11","9Q":"11","CR":"11","CP":"11"},"4R":{"HX":"11","JX":"11","MQ":"11","JR":"11","JV":"11","PM":"11","QM":"11","PP":"11","QP":"11","MP":"11","JW":"11","MR":"11"},"77":{"J7":"11","M5":"11","J8":"11","JC":"11","J9":"11","M6":"11","P2":"11","M3":"11","HG":"11","HC":"11","M4":"11","J6":"11","M7":"11","M2":"11","JF":"11","HF":"11"},"6M":{"85":"11","95":"11","94":"11","C3":"11","F3":"11","C4":"11","F2":"11"},"79":{"48":"11","57":"11","2M":"11","3C":"11","2H":"11","3H":"11","49":"11","2J":"11","4C":"11","3G":"11","58":"11","3F":"11"},"76":{"RJ":"11","PV":"11","RC":"11","W8":"11","X4":"11","RF":"11","QR":"11","QQ":"11","W6":"11","PX":"11","RH":"11","X3":"11","V8":"11","QM":"11","RG":"11","PQ":"11","PR":"11","W5":"11","W4":"11","X5":"11","V9":"11","PW":"11","MX":"11","QP":"11","X2":"11","V7":"11","W7":"11","QJ":"11","VC":"11"},"6F":{"G4":"11","G3":"11","H2":"11","H3":"11"},"4V":{"GF":"11","G8":"11","GC":"11","FG":"11","FH":"11","FF":"11","G5":"11","H2":"11","FC":"11","G9":"11","G7":"11","H4":"11","H5":"11","H3":"11","FJ":"11","G6":"11"},"6C":{"HX":"11","HQ":"11","HW":"11","HR":"11","HV":"11","HP":"11"}},"M5":{"WJ":{"2M":"11","2P":"11"},"G3":{"V3":"11","V4":"11","X7":"11","X8":"11","X6":"11","R2":"11","W6":"11","Q2":"11","V5":"11","R3":"11","W5":"11","X5":"11"},"VJ":{"WP":"11","WJ":"11","XJ":"11","WH":"11","XH":"11"},"WH":{"7Q":"11","7R":"11","8Q":"11","8P":"11"},"H3":{"66":"11","PV":"11","4C":"11","PW":"11","QR":"11","29":"11","28":"11","MW":"11","QW":"11","QV":"11","MV":"11","68":"11","RV":"11","39":"11","67":"11","3C":"11"},"G2":{"PV":"11","PW":"11","QX":"11","RX":"11","MW":"11","QW":"11","QV":"11","MV":"11","PX":"11"}},"X4":{"2R":{"9W":"11","8W":"11","6X":"11","GW":"11","FW":"11","CX":"11","CW":"11","GV":"11","7X":"11","8X":"11","HV":"11"},"5P":{"FP":"11","8R":"11","8J":"11","8M":"11","GW":"11","FW":"11","GR":"11","7M":"11","CW":"11","GP":"11","FM":"11","7Q":"11","FV":"11","8Q":"11","7P":"11","GV":"11","9W":"11","CJ":"11","GQ":"11","8V":"11","9V":"11","CX":"11","FX":"11","9J":"11","FJ":"11"},"2V":{"8M":"11","44":"11","M8":"11","M7":"11","9M":"11","P6":"11","2P":"11","M5":"11","GH":"11","JF":"11","6P":"11","FH":"11","J9":"11","36":"11","J2":"11","52":"11","3P":"11","J4":"11","P8":"11","HG":"11","26":"11","9J":"11","7M":"11","6M":"11","43":"11","M6":"11","5P":"11","35":"11","M4":"11","J3":"11","GG":"11","HF":"11","P7":"11","HC":"11","M9":"11","FJ":"11","CJ":"11","4P":"11","45":"11","JC":"11","27":"11","53":"11","62":"11"}}}}