{"index":{"university,1|retail,2|tourism,3|wreck,4|historical,5|artsCulture,6|namedBuilding,7|water,8|wetland,9|park,10|beach,11|natureReserve,12|cemetery,13|trail,14":{}},"5V":{"X8":{"63":{"72":"11"},"R6":{"GW":"11","FW":"11","HW":"11","GV":"11","FV":"11"},"62":{"7W":"11","7X":"11"},"P7":{"6X":"11","7X":"11"},"P8":{"72":"11","62":"11"}},"F5":{"VW":{"88":"11","87":"11","86":"11","98":"11","97":"11"},"XW":{"XF":"11","WF":"11"},"XX":{"X7":"11"}},"97":{"XW":{"RW":"11","RM":"11","VP":"11","QQ":"11","VQ":"11","QR":"11","RP":"11","QP":"11","RQ":"11","RV":"11","RR":"11"}},"GX":{"RP":{"7R":"11","6W":"11","6V":"11","8R":"11","5V":"11","8M":"11","HQ":"11","6R":"11","FM":"11","6Q":"11","9M":"11","8Q":"11","5R":"11","6X":"11","5X":"11","FJ":"11"},"RQ":{"8F":"11","9F":"11","55":"11","7C":"11","8G":"11","57":"11","9G":"11","7F":"11","69":"11","68":"11","67":"11","79":"11","56":"11"},"VQ":{"9F":"11","8J":"11","6J":"11","CF":"11","8H":"11","9G":"11","7J":"11"}},"VR":{"GX":{"C7":"11","C6":"11"}},"WF":{"9R":{"QW":"11","RX":"11","PX":"11","PW":"11","RW":"11"},"9V":{"R3":"11","P2":"11","Q2":"11","R2":"11","Q3":"11"}},"C7":{"4R":{"MJ":"11","3W":"11","5V":"11","4R":"11","JH":"11","3R":"11","4V":"11","5W":"11","MM":"11","4W":"11","3V":"11","MH":"11","JG":"11","MP":"11","4X":"11"},"WC":{"R5":"11","V4":"11","R4":"11"},"6P":{"R3":"11","V4":"11","Q2":"11","R2":"11","V3":"11"},"C9":{"34":"11","39":"11","37":"11","28":"11","35":"11","33":"11","36":"11","42":"11","27":"11","38":"11","29":"11","32":"11","26":"11"},"3W":{"F3":"11","F2":"11"},"99":{"WC":"11","RP":"11","X9":"11","RM":"11","X7":"11","RH":"11","VH":"11","QQ":"11","VC":"11","PX":"11","QM":"11","PV":"11","X8":"11","W9":"11","QV":"11","PW":"11","VF":"11","QR":"11","QP":"11","VG":"11","WF":"11","RJ":"11"},"QH":{"XC":"11","WC":"11","X9":"11","WF":"11"},"3V":{"FX":"11"},"6M":{"RX":"11","RV":"11","RW":"11"},"VG":{"2P":"11"},"VF":{"FQ":"11","GQ":"11","FR":"11"},"C8":{"4X":"11","3X":"11","4R":"11","7G":"11","7J":"11","6P":"11","96":"11","C2":"11","5Q":"11","4W":"11","6M":"11","87":"11","C5":"11","5P":"11","86":"11","C3":"11","7F":"11","88":"11","5R":"11","8C":"11","89":"11","6J":"11","7H":"11","4V":"11","6Q":"11","C4":"11","8F":"11","97":"11","94":"11","95":"11"},"2X":{"99":"11","96":"11","C6":"11","F5":"11","F4":"11","QX":"11","F3":"11","F2":"11","98":"11","97":"11","C9":"11","G2":"11"},"9C":{"VX":"11","P2":"11","P3":"11","WX":"11"},"RG":{"WP":"11","WR":"11","XQ":"11","WQ":"11","XP":"11"},"C7":{"GR":"11","FX":"11","V8":"11","FW":"11","QF":"11","CX":"11","QC":"11","V9":"11","RC":"11","GV":"11","PF":"11","X8":"11","W9":"11","GQ":"11","FV":"11","W8":"11","R9":"11"},"4Q":{"JJ":"11","JM":"11","JH":"11","MM":"11","MJ":"11"},"5R":{"35":"11","36":"11","26":"11"},"9F":{"V4":"11","M7":"11","R4":"11","J7":"11","V5":"11","96":"11","H7":"11","Q7":"11","W2":"11","CH":"11","R6":"11","C6":"11","G5":"11","R5":"11","9C":"11","V2":"11","Q6":"11","9F":"11","P7":"11","CF":"11","CJ":"11","95":"11","G6":"11","CG":"11","V3":"11"},"JV":{"RF":"11","VC":"11","VF":"11"},"PJ":{"W9":"11","R9":"11","RC":"11","X8":"11","RF":"11","VC":"11","W8":"11","QF":"11","V9":"11","QG":"11"},"2W":{"HX":"11","JX":"11","MV":"11","PX":"11","MW":"11","GX":"11","PW":"11","XG":"11","JW":"11"},"4V":{"42":"11"},"8F":{"R6":"11"},"R9":{"MX":"11","JX":"11"},"F7":{"85":"11","28":"11","27":"11"},"MQ":{"FM":"11","GJ":"11","3W":"11","FJ":"11","3V":"11"},"MR":{"34":"11","44":"11","43":"11"},"QJ":{"28":"11","38":"11"},"JR":{"MC":"11","X9":"11","JC":"11","HC":"11","W7":"11","VH":"11","MF":"11","W9":"11","W5":"11","VG":"11","W8":"11","W6":"11"},"XC":{"63":"11","73":"11","43":"11","53":"11"}},"JW":{"HX":{"23":"11","9F":"11","2G":"11","42":"11","7G":"11","32":"11","6H":"11","54":"11","8G":"11","43":"11","3H":"11","7H":"11","9G":"11","CG":"11","22":"11","2H":"11","53":"11"},"M6":{"J4":"11"},"9R":{"F8":"11"},"6Q":{"99":"11","CF":"11","WP":"11","CC":"11","FC":"11","9C":"11","FF":"11","XP":"11"},"GX":{"M8":"11","V3":"11","V4":"11","VF":"11","WF":"11","RC":"11","M5":"11","RF":"11","WG":"11","M6":"11","P8":"11","P9":"11","P7":"11","XG":"11","M7":"11","X3":"11","P5":"11","QC":"11","R4":"11"},"9X":{"WM":"11","XM":"11"},"5P":{"QF":"11","RF":"11","QC":"11","RC":"11"},"HW":{"FW":"11","CW":"11","3X":"11"},"CM":{"CC":"11","88":"11","7G":"11","7C":"11","8H":"11","8G":"11","7H":"11","7F":"11","89":"11","GH":"11","C9":"11","HH":"11","8C":"11","98":"11"},"CX":{"2Q":"11","2M":"11","2R":"11","4P":"11","4M":"11","3M":"11","3X":"11","5X":"11","2P":"11","5W":"11","3Q":"11","4X":"11","3P":"11"},"6P":{"7M":"11","8F":"11","6J":"11","6H":"11","7J":"11","6M":"11","7H":"11"}},"HW":{"P2":{"QX":"11","PX":"11","PW":"11"},"6F":{"6X":"11","2W":"11","9X":"11","7W":"11","2X":"11","7X":"11","8X":"11","5X":"11","6W":"11"},"5G":{"9M":"11","7G":"11","XJ":"11","RF":"11","32":"11","5G":"11","WH":"11","QC":"11","XH":"11","9J":"11","43":"11","5P":"11","VF":"11","33":"11","8J":"11","8H":"11","XG":"11","3G":"11","4G":"11","7H":"11","4P":"11","3J":"11","WJ":"11","3H":"11"},"3F":{"GF":"11","G8":"11","GC":"11","P6":"11","Q5":"11","FG":"11","6P":"11","FH":"11","H7":"11","CH":"11","9J":"11","6M":"11","P5":"11","GG":"11","HF":"11","6J":"11","G9":"11","H8":"11","CJ":"11"},"R8":{"XP":"11"},"RG":{"G8":"11","69":"11","F7":"11","79":"11","F8":"11","G7":"11"},"7G":{"84":"11","83":"11","64":"11","73":"11","74":"11"},"RF":{"GF":"11","FF":"11"},"V8":{"2P":"11"},"4G":{"Q9":"11","QC":"11","RC":"11","Q8":"11","P8":"11","R9":"11"},"6G":{"J8":"11","RC":"11","RF":"11","J9":"11","MF":"11","WF":"11","2H":"11","QC":"11","VF":"11","VG":"11","PF":"11","P9":"11","RG":"11","2G":"11","PC":"11","QF":"11","QG":"11","H9":"11","H8":"11","WG":"11","M9":"11","JC":"11","3H":"11","MC":"11"},"X3":{"39":"11","3C":"11","2C":"11","29":"11"},"P3":{"WF":"11","XJ":"11","WG":"11","VC":"11","XH":"11","R2":"11","V9":"11","Q2":"11","XG":"11","R3":"11","WC":"11","XM":"11","R4":"11"},"4F":{"JR":"11","MQ":"11","MV":"11","JQ":"11","MR":"11"}},"C6":{"MX":{"7G":"11","8G":"11","7H":"11","6F":"11","6C":"11"},"JW":{"XV":"11"},"JX":{"R3":"11","V4":"11","X6":"11","W5":"11","R2":"11","W6":"11","V3":"11","W4":"11"},"WQ":{"3X":"11","4X":"11"},"MW":{"7Q":"11","6Q":"11","5P":"11","2V":"11"},"QV":{"J7":"3","M6":"3","M7":"3","P6":"3"},"VR":{"XF":"11","WH":"11","XH":"11","XG":"11"},"WR":{"42":"11","32":"11"}},"GG":{"F6":{"RP":"11","RQ":"11","QQ":"11","CJ":"11"}},"PC":{"V3":{"8W":"11","7W":"11","3X":"11"},"C4":{"FH":"11","JJ":"11","GJ":"11","JM":"11","FJ":"11","VM":"11","HJ":"11"},"V4":{"22":"11","32":"11"},"66":{"HR":"11"},"74":{"6Q":"11","6P":"11","6M":"11","5Q":"11"},"76":{"QC":"11","4H":"11"},"47":{"5F":"11","8C":"11","79":"11","89":"11","7C":"11","6F":"11","6C":"11"},"37":{"87":"11","77":"11"},"J4":{"9G":"11","8V":"11","9H":"11","7V":"11","CJ":"11"},"94":{"37":"11","36":"11","46":"11","27":"11"}},"HX":{"9W":{"Q9":"11","C7":"11","C6":"11","F7":"11","M9":"11","P9":"11"},"8V":{"RX":"11"},"V8":{"MH":"11","PH":"11","MJ":"11"},"CW":{"88":"11","QW":"11","RP":"11","QF":"11","RM":"11","QX":"11","PX":"11","89":"11"},"CV":{"JF":"11"},"V9":{"V4":"11","P2":"11","Q4":"11","P3":"11","V5":"11","X6":"11","W5":"11","R4":"11","Q3":"11","M2":"11","W6":"11"},"X6":{"GP":"11","8V":"11","9R":"11","QR":"11","9V":"11","FP":"11"},"W9":{"28":"11"},"CR":{"5J":"11","3J":"11","4H":"11"}},"HC":{"7X":{"HX":"11","GW":"11","GX":"11"}},"F7":{"39":{"HC":"11"},"47":{"J8":"11","GF":"11","GC":"11","P6":"11","FG":"11","J7":"11","FF":"11","CH":"11","9J":"11","M6":"11","M4":"11","P5":"11","8H":"11","HC":"11","9H":"11","P4":"11","H9":"11","H8":"11","CG":"11","M3":"11"},"46":{"5H":"11","4H":"11"},"66":{"J9":"11","HC":"11","JC":"11","GC":"11","FF":"11","HF":"11","GF":"11","CP":"11"},"38":{"CF":"11","F9":"11","CC":"11","C9":"11","9F":"11"},"65":{"PQ":"11","PM":"11","QQ":"11","QJ":"11","QM":"11","QR":"11","PP":"11","QP":"11","PJ":"11"}},"F6":{"F4":{"Q9":"11","R9":"11"},"V4":{"R5":"11","V5":"11","P5":"11","R4":"11","Q5":"11"},"7C":{"G9":"11","J9":"11","GC":"11","H8":"11","M4":"11","J3":"11","M3":"11","H9":"11","J8":"11","J7":"11","J4":"11"},"P2":{"7M":"11","8M":"11","9P":"11","7P":"11","9Q":"11","CP":"11","8P":"11"},"P3":{"2Q":"11","2M":"11","2X":"11","2R":"11","2H":"11","4P":"11","4M":"11","2J":"11","3X":"11","3P":"11"},"Q8":{"6Q":"11","C2":"11","6P":"11","6R":"11","6V":"11","92":"11"},"9V":{"7W":"11","M3":"11","J3":"11","7V":"11","M2":"11"},"F6":{"2Q":"11","4P":"11","5P":"11","3Q":"11","4Q":"11","3P":"11"},"2J":{"HX":"11","JX":"11"},"W2":{"F4":"11","8M":"11","9G":"11","9M":"11","CM":"11","96":"11","99":"11","CH":"11","C2":"11","C5":"11","F3":"11","C6":"11","C3":"11","9C":"11","9F":"11","8C":"11","89":"11","9H":"11","98":"11","6Q":"11","CJ":"11","97":"11","6R":"11","F5":"11","F2":"11"},"2M":{"M5":"11","M6":"11","M4":"11","J4":"11","J5":"11"},"J4":{"CC":"11","6F":"11","G9":"11","8F":"11","5G":"11","J9":"11","JC":"11","H8":"11","9C":"11","G8":"11","7C":"11","M9":"11","57":"11","7F":"11","47":"11","F9":"11","H9":"11","6G":"11","C9":"11","58":"11","8C":"11","MC":"11"},"GM":{"MW":"11","PW":"11"},"GQ":{"34":"11","44":"11","52":"11","43":"11","53":"11"},"Q2":{"M8":"11","G8":"11","GC":"11","P6":"11","Q5":"11","M5":"11","JF":"11","H7":"11","32":"11","Q4":"11","MF":"11","P8":"11","JW":"11","WF":"11","FM":"11","VG":"11","VF":"11","XF":"11","P5":"11","MW":"11","XG":"11","JV":"11","MV":"11","Q3":"11","P7":"11","G9":"11","HC":"11","P4":"11","H8":"11","WG":"11","M9":"11","42":"11","FJ":"11","CJ":"11","JC":"11","J6":"11","H6":"11","MC":"11","J5":"11","VC":"11"},"R6":{"WP":"11","WM":"11","VM":"11","XP":"11"},"PF":{"93":"11","85":"11","3J":"11","68":"11","94":"11","4J":"11","4P":"11","66":"11","4M":"11","76":"11","75":"11","59":"11","58":"11","67":"11"},"C6":{"XQ":"11","WQ":"11","XP":"11"},"G5":{"FH":"11","9H":"11","CH":"11"},"V2":{"48":"11","8W":"11","3G":"11","7X":"11","49":"11","4G":"11","6X":"11","8X":"11","39":"11","5X":"11"},"C7":{"MC":"11","GP":"11","MG":"11","FM":"11","GM":"11","FJ":"11","M9":"11","MF":"11"},"PC":{"GH":"11","R3":"11","Q6":"11","GJ":"11","GG":"11","Q7":"11"},"8X":{"CC":"11","9F":"11","3W":"11","8J":"11","5V":"11","9C":"11","97":"11","CF":"11","7M":"11","4V":"11","8H":"11","9H":"11","3X":"11","96":"11","7H":"11","4W":"11","5R":"11","7J":"11","C9":"11","4X":"11"},"G4":{"MH":"11","HG":"11","HH":"11","JH":"11","JG":"11","MJ":"11"},"Q6":{"22":"11","32":"11","23":"11"},"W5":{"C8":"11","48":"11","87":"11","59":"11","78":"11","HC":"11","JC":"11","88":"11","JF":"11","HG":"11","H8":"11","77":"11","Q7":"11","G8":"11","JH":"11","97":"11","R7":"11","49":"11","F8":"11","HF":"11","69":"11","C7":"11","68":"11","89":"11","JG":"11","C9":"11","HH":"11","79":"11","67":"11","58":"11","99":"11","98":"11","MC":"11","6C":"11"},"R2":{"GR":"11","FX":"11","FW":"11","CX":"11","CW":"11","CV":"11","GV":"11","FV":"11","CR":"11","FR":"11"},"W4":{"FX":"11","GX":"11"},"JH":{"FM":"11","CM":"11","GM":"11","HM":"11"},"H4":{"WG":"11"},"P4":{"48":"11","47":"11","44":"11","49":"11","56":"11","54":"11","55":"11","43":"11","32":"11","53":"11"},"V6":{"66":"11","64":"11","65":"11","55":"11","2P":"11","75":"11","76":"11","57":"11","68":"11","67":"11","56":"11","58":"11"},"3J":{"7Q":"11","7M":"11","7P":"11","7J":"11","7R":"11"},"GP":{"6W":"11","CM":"11","GH":"11","FH":"11","5X":"11","7W":"11","J4":"11","7V":"11","CP":"11","FM":"11","6X":"11","CQ":"11","9Q":"11","GG":"11","H4":"11","9R":"11","FJ":"11"},"V3":{"44":"11","35":"11","4P":"11","4M":"11","25":"11","45":"11","5M":"11","62":"11","52":"11","43":"11","53":"11"},"M3":{"XX":"11","JP":"11","MX":"11","FP":"11","XQ":"11","VQ":"11","JJ":"11","XR":"11","JH":"11","XJ":"11","JW":"11","HP":"11","XH":"11","CQ":"11","GP":"11","CR":"11","MW":"11","PX":"11","MH":"11","WV":"11","HW":"11","CM":"11","CP":"11","WR":"11"}},"JV":{"37":{"85":"11","96":"11","84":"11","95":"11","86":"11","76":"11","75":"11","74":"11"},"66":{"C2":"11","C3":"11","92":"11"},"V5":{"2W":"11","2X":"11","3W":"11","3X":"11","4X":"11"},"M5":{"42":"11","62":"11","52":"11","43":"11","22":"11","32":"11"},"83":{"HX":"11","GW":"11","FX":"11","FW":"11","JV":"11","HW":"11","GV":"11","HV":"11","JW":"11"},"6C":{"PH":"11","MG":"11","QH":"11","QJ":"11","PG":"11"},"99":{"2R":"11","2V":"11","3Q":"11","3R":"11"},"93":{"X7":"11","X8":"11","W8":"11"},"C2":{"5V":"11"},"W6":{"4X":"11","8M":"11","FR":"11","6V":"11","9M":"11","6W":"11","7J":"11","5W":"11","8V":"11","FV":"11","GV":"11","5X":"11","7V":"11","CP":"11","GW":"11","GR":"11","8J":"11","CQ":"11","9P":"11","FQ":"11","JX":"11","8W":"11"},"J4":{"PQ":"11","WP":"11","GP":"11","MQ":"11","JR":"11","PM":"11","WR":"11","QM":"11","XV":"11","WQ":"11","GQ":"11","JQ":"11","PP":"11","QP":"11","MP":"11","XR":"11","MM":"11","FP":"11"},"77":{"GG":"11","GF":"11"},"CC":{"5R":"11","4Q":"11","5V":"11","5Q":"11"},"87":{"V4":"11","W3":"11","V3":"11","W4":"11"},"F3":{"VX":"11","VW":"11"},"M4":{"FR":"11","7G":"11","RC":"11","X4":"11","RF":"11","M5":"11","CM":"11","R8":"11","P3":"11","HM":"11","5G":"11","5X":"11","QH":"11","J4":"11","GM":"11","9J":"11","GQ":"11","M6":"11","FM":"11","VF":"11","6X":"11","HP":"11","M4":"11","8J":"11","2X":"11","RG":"11","CW":"11","G4":"11","8H":"11","JM":"11","6H":"11","J3":"11","G3":"11","8G":"11","H4":"11","FQ":"11","2W":"11","QG":"11","6G":"11","V9":"11","R9":"11","CJ":"11","GP":"11","M3":"11","VC":"11"},"R6":{"V6":"11","V4":"11","XJ":"11","X7":"11","V2":"11","X6":"11","XM":"11","W6":"11","V3":"11"},"65":{"8R":"11","9Q":"11","FQ":"11","Q7":"11","CQ":"11","HV":"11","Q6":"11","CR":"11","9P":"11","8Q":"11","9W":"11","8P":"11","9X":"11","8V":"11","9V":"11"},"R5":{"RX":"11","FR":"11","5H":"11","7J":"11","PV":"11","QV":"11","HW":"11","CM":"11","FV":"11","GV":"11","5G":"11","CR":"11","GM":"11","9J":"11","GQ":"11","FM":"11","GR":"11","8J":"11","WV":"11","8H":"11","JV":"11","HV":"11","FP":"11","XW":"11","MV":"11","FQ":"11","7H":"11","RW":"11","RV":"11","VV":"11","6G":"11","HQ":"11","VX":"11","FJ":"11","CJ":"11","XV":"11","MR":"11"},"C3":{"HQ":"11","CQ":"11","FQ":"11","GQ":"11"},"9C":{"VJ":"11","GG":"11","FF":"11","VM":"11","FG":"11"},"88":{"G4":"11","47":"11","F5":"11","G3":"11","46":"11","F4":"11","H5":"11","H4":"11","G5":"11","H3":"11"},"76":{"WG":"11","VF":"11","VG":"11","WF":"11"},"89":{"PQ":"11","MQ":"11","PR":"11","MP":"11"},"G3":{"23":"11","62":"11","42":"11","33":"11","32":"11","43":"11","63":"11","52":"11","22":"11","53":"11"},"92":{"RM":"11","QH":"11","QJ":"11","QQ":"11","VJ":"11","RP":"11","QP":"11","RJ":"11","QM":"11","RQ":"11","RR":"11","RH":"11","VM":"11"},"P4":{"F4":"11","F8":"11","M5":"11","F6":"11","34":"11","M4":"11","P5":"11","G5":"11","G4":"11","H2":"11","G3":"11","P4":"11","H5":"11","H3":"11","C4":"11","24":"11","F7":"11","G6":"11","M3":"11","J5":"11"},"H3":{"68":"11","77":"11","66":"11","78":"11","76":"11","75":"11","65":"11","67":"11"},"69":{"MJ":"11","C8":"11","J9":"11","JC":"11","88":"11","JF":"11","MG":"11","H8":"11","G8":"11","F8":"11","MM":"11","H7":"11","H9":"11","MH":"11","JG":"11","G7":"11","98":"11"},"V6":{"F5":"11","CR":"11","58":"11","X9":"11","WG":"11","8R":"11","7Q":"11","64":"3|11","CW":"11","FW":"11","WF":"11","2M":"11","M8":"11","PF":"11","38":"11","5P":"11","CF":"11","78":"11","G6":"11","H7":"11","55":"3","6P":"11","CG":"11","VG":"11","27":"11","G8":"11","75":"3|11","4M":"11","67":"11","QG":"11","9G":"11","48":"11","54":"11","9R":"11","3M":"11","PG":"11","XG":"11","95":"11","28":"11","52":"11","FX":"11","57":"11","65":"3|11","47":"11","CC":"11","XF":"11","CV":"11","G7":"11","5M":"11","53":"11","8Q":"11","XC":"11","9Q":"11","C9":"11","99":"11","6Q":"11","H8":"11","C5":"11","74":"11","68":"11","J8":"11","79":"11","RG":"11"},"V7":{"M8":"11","H4":"11","RG":"11","RF":"11","G2":"11","M6":"11","P9":"11","QF":"11","M9":"11","J5":"11","G4":"11","J6":"11","M7":"11","G3":"11","H5":"11","QC":"11","QG":"11","F2":"11","PC":"11","J4":"11"},"84":{"F4":"11","F8":"11","C9":"11","99":"11","F6":"11","HJ":"11","F3":"11","C6":"11","G5":"11","C8":"11","C7":"11","H2":"11","GJ":"11","G3":"11","G7":"11","H4":"11","H5":"11","98":"11","H3":"11","F7":"11","97":"11","F5":"11","F2":"11","G6":"11","G2":"11"},"G2":{"3X":"11","4X":"11"},"W7":{"J2":"11","42":"11"}},"P9":{"C4":{"VW":"11","WW":"11"},"V4":{"39":"11","28":"11","49":"3","4C":"3","27":"11","38":"11","26":"11"},"38":{"4P":"11","W3":"11","X4":"11","X3":"11","3Q":"11","4Q":"11","W4":"11"},"JQ":{"Q6":"11","Q7":"11"},"JW":{"8M":"11"},"29":{"CF":"11","CG":"11","GF":"11","FF":"11","FG":"11"},"J5":{"7V":"11","6V":"11"},"MV":{"X9":"11"},"25":{"9R":"11","CR":"11","FR":"11"},"PX":{"7R":"11","8R":"11","9Q":"11","FQ":"11","CQ":"11","F7":"11","G6":"11","F6":"11"},"GM":{"XH":"11"},"HM":{"2H":"11","3H":"11","3G":"11","2G":"11"}},"R8":{"VH":{"9P":"11","CQ":"11","PM":"11","CP":"11","FP":"11"},"MJ":{"8P":"11"}},"98":{"RX":{"CC":"11","Q3":"11","2Q":"11","H8":"11","M5":"11","G8":"11","2P":"11","2M":"11","FC":"11","H7":"11","R3":"11","P5":"11","J7":"11"},"FR":{"5C":"11","8J":"11","9H":"11","5F":"11","9J":"11","8H":"11","6F":"11","JP":"11","HP":"11","6C":"11"},"VW":{"2W":"11","3W":"11","2V":"11","5W":"11","3V":"11","6W":"11"},"GF":{"F9":"11","FC":"11","C8":"11","F8":"11","C9":"11"},"MM":{"JJ":"11","JM":"11","GM":"11","HM":"11"},"Q5":{"MX":"11","PX":"11"},"HW":{"5H":"11","6H":"11","4H":"11"},"X4":{"C8":"11","H6":"11","G8":"11","5W":"11","F8":"11","H7":"11","G6":"11","J6":"11","G5":"11","C9":"11","98":"11","5X":"11","99":"11"},"R8":{"5H":"11","5J":"11","GF":"11","GC":"11","G8":"11","FG":"11","M5":"11","3P":"11","Q2":"11","6H":"11","GG":"11","6F":"11","Q3":"11","G9":"11","H4":"11","3M":"11","H9":"11","H8":"11","6G":"11","H5":"11","3J":"11","H6":"11","CG":"11","J5":"11"},"Q8":{"MM":"11","HW":"11","GV":"11","JW":"11","WW":"11","GQ":"11","HP":"11","GR":"11","JM":"11","HV":"11","JP":"11","XW":"11","PJ":"11","JX":"11","HX":"11","WX":"11","MJ":"11"},"Q7":{"X5":"11","W5":"11","W6":"11"},"W2":{"PH":"11","QH":"11","QG":"11","PG":"11"},"J9":{"GH":"11","FH":"11","FJ":"11"},"QX":{"XQ":"11","XR":"11"},"MF":{"R5":"11","PJ":"11","RM":"11","QH":"11","PF":"11","Q3":"11","PG":"11","PH":"11","RG":"11","MG":"11","V6":"11","WP":"11","VG":"11","WM":"11","QF":"11","W6":"11","Q2":"11","V5":"11","XP":"11","VH":"11","MH":"11","MF":"11","QC":"11","W5":"11","RH":"11","PC":"11","VM":"11","WJ":"11"},"PH":{"H8":"11","H7":"11","V5":"11"},"JW":{"9P":"11","44":"11","42":"11","9Q":"11","45":"11","43":"11","52":"11","8P":"11"},"QC":{"HG":"11","FC":"11","HF":"11"},"GQ":{"QJ":"11","QM":"11"},"W3":{"XX":"11"},"GR":{"RC":"11","WH":"11","RF":"11","VG":"11","P9":"11","M9":"11","Q9":"11","VH":"11","QC":"11","PC":"11","WJ":"11"},"R6":{"2Q":"11","2R":"11","QX":"11","PX":"11","2V":"11","PW":"11","3Q":"11","3R":"11"},"PF":{"8F":"11","PF":"11","9F":"11","JC":"11","JF":"11","6J":"11","2Q":"11","3P":"11","6H":"11","65":"11","2P":"11","FH":"11","4P":"11","5J":"11","QF":"11","3J":"11","9G":"11","6G":"11","MF":"11","3M":"11","5M":"11","6M":"11","PC":"11","CH":"11","4J":"11","MC":"11"},"P9":{"HX":"11","JX":"11","PQ":"11","RP":"11","RQ":"11","MV":"11","QQ":"11","MW":"11","PR":"11","QR":"11","RR":"11","QP":"11","JW":"11"},"PC":{"Q3":"11","H4":"11","HC":"11","H6":"11","2Q":"11","3P":"11","CF":"11","3Q":"11","HF":"11","GF":"11","8G":"11","H2":"11","9G":"11","H3":"11","J6":"11","H9":"11","H5":"11","FG":"11","J7":"11","GG":"11"},"Q6":{"P2":"11","H4":"11","M2":"11","M4":"11","J3":"11","J2":"11","M3":"11","H3":"11","P3":"11","J4":"11"},"CQ":{"XR":"11"},"JV":{"C4":"11","5Q":"11","C2":"11","92":"11","93":"11","5R":"11","83":"11","5X":"11","94":"11"},"W4":{"X2":"11"},"HF":{"5R":"11","5Q":"11"},"JP":{"JJ":"11","MJ":"11"},"MV":{"57":"11","56":"11","75":"11"},"X5":{"54":"11","52":"11","53":"11"},"FQ":{"MC":"11","J9":"11","JC":"11","2R":"11","M9":"11","2V":"11"},"PJ":{"8W":"3"},"HR":{"MX":"11","3J":"11","2J":"11","PX":"11","PW":"11"},"PG":{"G3":"11","M3":"11","J3":"11","F3":"11"},"JX":{"XC":"11","X2":"11","XF":"11","X3":"11"},"HQ":{"P5":"11","P7":"11","P6":"11","P8":"11"},"Q9":{"J2":"11","FQ":"11","X4":"11","GQ":"11","X3":"11"},"MX":{"2C":"11","5W":"11","6W":"11","2G":"11","23":"11"},"FJ":{"M5":"11","M6":"11","P5":"11","M7":"11","P7":"11","P6":"11"},"R7":{"J8":"11","M8":"11","R4":"11","MP":"11","MM":"11","Q5":"11","JF":"11","Q7":"11","F6":"11","J9":"11","Q4":"11","P8":"11","C5":"11","Q2":"11","C6":"11","C7":"11","PQ":"11","Q6":"11","JM":"11","R2":"11","JP":"11","P7":"11","R3":"11","F7":"11","JC":"11","F5":"11","MQ":"11","MJ":"11","MH":"11"},"V6":{"2M":"11","8C":"11","3M":"11","2P":"11","7C":"11","6C":"11"},"R9":{"HQ":"11","24":"11","HR":"11","25":"11","HV":"11"},"X2":{"5J":"11","5H":"11","4H":"11","5M":"11"},"MR":{"QW":"11","RP":"11","RQ":"11"},"MC":{"WW":"11","XQ":"11","WP":"11","QX":"11","QP":"11","RX":"11","WQ":"11","VW":"11","PM":"11","PP":"11","75":"11","QM":"11","74":"11","WM":"11","96":"11","86":"11","85":"11","WV":"11","VX":"11","WR":"11"},"JR":{"WW":"11","FP":"11","XQ":"11","XR":"11","VV":"11","7M":"11","WQ":"11","7Q":"11","CR":"11","XV":"11","VR":"11","8V":"11","CX":"11","6P":"11","WR":"11"},"MH":{"F9":"11","R7":"11","FC":"11","R8":"11"}},"HF":{"93":{"CM":"11","CP":"11"},"47":{"XG":"11"},"33":{"X5":"11"},"56":{"6X":"11"},"72":{"W3":"11","X2":"11","X3":"11"},"38":{"MQ":"11","MP":"11"},"52":{"J7":"11","J8":"11","H8":"11","G8":"11","H7":"11","M7":"11","M8":"11","G7":"11"},"43":{"25":"11"},"82":{"M4":"11","J4":"11","22":"11"}},"JX":{"V3":{"PV":"11","PR":"11","PW":"11"},"5C":{"XF":"11"},"V4":{"R3":"11","Q2":"11","R4":"11","R2":"11"},"59":{"VW":"11","VJ":"11","QX":"11","GX":"11"},"64":{"HR":"11","8W":"11","FP":"11","FQ":"11","JW":"11","JX":"11","7X":"11","GR":"11","4V":"11","CQ":"11","5W":"11","HV":"11","GP":"11","7W":"11","4W":"11","2V":"11","3V":"11","6X":"11","GQ":"11","8V":"11","5X":"11"},"65":{"C8":"11","8F":"11","5G":"11","3F":"11","5F":"11","7G":"11","9C":"11","27":"11","8G":"11","26":"11","J5":"11","35":"11","J2":"11","25":"11","6G":"11","H5":"11","C9":"11","2C":"11","8C":"11","G7":"11","99":"11","3C":"11","4F":"11"},"C2":{"34":"11","33":"11","24":"11","42":"11","32":"11"},"55":{"XC":"11","X9":"11","X7":"11","X2":"11","X8":"11","X3":"11"},"27":{"R3":"11","R2":"11"},"92":{"V4":"11","78":"11","R4":"11","P6":"11","68":"11","Q5":"11","J7":"11","X4":"11","96":"11","F6":"11","87":"11","C5":"11","F3":"11","M6":"11","P5":"11","5C":"11","C7":"11","88":"11","W4":"11","3C":"11","98":"11","69":"11","C4":"11","F7":"11","97":"11","4C":"11","J6":"11","95":"11","G6":"11","H6":"11"},"82":{"XF":"11"},"54":{"WV":"11","XV":"11","WW":"11","WX":"11"},"26":{"VX":"11","VW":"11","RX":"11","RW":"11"},"69":{"9Q":"11","3P":"11","4R":"11","CV":"11","4P":"11","3R":"11","3Q":"11","CR":"11","9R":"11","FV":"11","5R":"11","9X":"11","4Q":"11","CX":"11"},"6C":{"2F":"11","2G":"11","3G":"11","97":"11","92":"11","93":"11","96":"11","95":"11","98":"11","94":"11"}},"GW":{"W5":{"9W":"11","7Q":"11","8Q":"11","9V":"11","FR":"11"}},"F9":{"57":{"QF":"11","RF":"11","4J":"11","HC":"11","VF":"11","XG":"11"},"34":{"RC":"11"},"37":{"R5":"11","V4":"11","P6":"11","Q5":"11","Q6":"11","W4":"11","P5":"11","W5":"11","X4":"11","X5":"11","R4":"11"},"64":{"9G":"11","9H":"11","8F":"11","8G":"11","6F":"11","7F":"11"},"33":{"CF":"11","FM":"11","CG":"11","FP":"11"},"65":{"4C":"3"},"67":{"5G":"11","CF":"11","9G":"11","8F":"11","CG":"11","GG":"11","GF":"11","3G":"11","FG":"11","2G":"11","4G":"11","9F":"11","HF":"11"}},"VC":{"PR":{"6F":"11","38":"11","4C":"11","8J":"11","5F":"11","2Q":"11","7G":"11","27":"11","28":"11","8H":"11","7H":"11","6G":"11","39":"11","3C":"11","4F":"11"},"MR":{"VF":"11","R8":"11","R9":"11","X7":"11","WH":"11","XQ":"11","WP":"11","WG":"11","VC":"11","VG":"11","X6":"11","V8":"11","WM":"11","W6":"11","V9":"11","W7":"11","XP":"11","V7":"11","WJ":"11"}},"29":{"XW":{"QF":"11","RF":"11","RC":"11"},"WW":{"VV":"11","VR":"11","RV":"11","QR":"11","RR":"11"},"WX":{"R5":"11","R8":"11","R9":"11","R6":"11","Q7":"11","R7":"11","Q6":"11","Q8":"11","V9":"11","Q9":"11","R4":"11"}},"M9":{"V6":{"3J":"11","3H":"11","2J":"11","4H":"11","4G":"11"},"QW":{"87":"11","77":"11","66":"11","76":"11","67":"11"},"M9":{"48":"11","2M":"11","7J":"11","3G":"11"}},"MV":{"6F":{"35":"11","25":"11"},"38":{"4W":"11","4X":"11"},"4C":{"6W":"11","6V":"11","5V":"11","2Q":"11","4R":"11","CV":"11","CW":"11","3Q":"11","CR":"11","7W":"11","7V":"11","5R":"11","4Q":"11","2H":"11","2J":"11"},"5F":{"6F":"11","2F":"11","48":"11","59":"11","2G":"11","29":"11","49":"11","28":"11","46":"11","57":"11","7F":"11","39":"11","2C":"11","56":"11","58":"11","3C":"11","X4":"11","X5":"11"},"49":{"6P":"11","5P":"11","5Q":"11"},"8H":{"65":"11","55":"11","75":"11","76":"11","57":"11","47":"11","86":"11","67":"11","56":"11"},"6G":{"MH":"11","PH":"11","MG":"11","QJ":"11","QM":"11","QP":"11","PJ":"11"},"39":{"5C":"11","5G":"11","5F":"11","42":"11","H8":"11","G8":"11","PQ":"11","CW":"11","93":"11","75":"11","F7":"11","4G":"11","96":"11","52":"11","C7":"11","M7":"11","86":"11","C6":"11","85":"11","84":"11","J8":"11","CX":"11","94":"11"},"3C":{"C4":"11","C3":"11","VF":"11","WF":"11","H6":"11","XQ":"11","WH":"11","C2":"11","WP":"11","XJ":"11","F5":"11","WG":"11","XH":"11","92":"11","93":"11","WM":"11","H7":"11","G4":"11","XG":"11","XP":"11","G5":"11","VH":"11","XM":"11","H5":"11","QC":"11","PC":"11","83":"11","F4":"11","WJ":"11","MC":"11","94":"11"},"4F":{"WC":"11","V8":"11","V9":"11","W7":"11","WG":"11","VC":"11","X8":"11","J5":"11","XH":"11","XG":"11","WF":"11"}},"XX":{"6F":{"5C":"11","5G":"11","59":"11","5F":"11","7G":"11","6H":"11","7C":"11","7H":"11","7F":"11","69":"11","6G":"11","79":"11"}},"C8":{"7G":{"37":"11","38":"11"},"5G":{"M5":"11","P5":"11","Q5":"11"},"33":{"CC":"11","5C":"11","5G":"11","48":"11","PG":"11","5F":"11","PH":"11","9C":"11","7C":"11","49":"11","FC":"11","F9":"11","5H":"11","HM":"11","C9":"11","8C":"11","6C":"11"},"24":{"95":"11","94":"11"},"6F":{"VQ":"11"},"98":{"44":"11","2C":"11","2F":"11","43":"11"},"22":{"W3":"11","V2":"11","Q2":"11","R2":"11","V3":"11","W4":"11"},"3F":{"CH":"11"}},"CC":{"93":{"53":"11"}},"F8":{"8F":{"3J":"11","2H":"11","3H":"11","2C":"11","2F":"11","29":"11","2G":"11"},"HG":{"RJ":"11","XJ":"11","RF":"11","QR":"11","RP":"11","QQ":"11","RR":"11","WH":"11","XH":"11","RH":"11","VG":"11","VF":"11","WM":"11","QM":"11","XM":"11","RG":"11","XG":"11","RQ":"11","VQ":"11","WG":"11","VH":"11","VJ":"11","QP":"11","WJ":"11","RM":"11","QJ":"11","VM":"11"},"7C":{"JP":"11","HC":"11","HG":"11","H8":"11","JJ":"11","HJ":"11","JH":"11","HF":"11","JM":"11","H9":"11","HH":"11"},"9H":{"M3":"11","J3":"11","M4":"11","J4":"11"},"7F":{"R5":"11","X8":"11","R6":"11","V6":"11","X9":"11","W8":"11","WM":"11","W7":"11","V5":"11","XC":"11","V7":"11"},"89":{"HC":"11","GF":"11","GC":"11"},"GM":{"F2":"11"},"HH":{"M5":"11","H8":"11","H7":"11","M3":"11","P5":"11","M4":"11","GG":"11","J6":"11","G9":"11","H6":"11","GF":"11","FG":"11","GC":"11","H9":"11","P4":"11"},"98":{"7M":"11","7P":"11"}},"W8":{"9X":{"QF":"11","QC":"11","QG":"11","PC":"11","P9":"11","P8":"11"},"CV":{"FQ":"11","FP":"11"},"8X":{"V8":"11","V7":"11","W8":"11"}},"X7":{"7Q":{"9G":"11","9H":"11","8G":"11","8H":"11"}},"R9":{"3C":{"MX":"11"},"6G":{"4P":"11","6P":"11"},"49":{"WP":"11","XM":"11"},"7J":{"XC":"11","WC":"11","MG":"11","V9":"11","RC":"11","XF":"11","W9":"11","JH":"11","PG":"11","XG":"11","R9":"11","JG":"11"},"5M":{"CX":"11","CW":"11","9V":"11"},"5P":{"83":"11","92":"11","82":"11"},"3G":{"XR":"11"},"59":{"VP":"11","RP":"11","6J":"11","PM":"11","7J":"11","CP":"11","MM":"11","FP":"11"}},"FF":{"PQ":{"XC":"11","X9":"11"},"QQ":{"3F":"11","2F":"11","2G":"11","29":"11","3H":"11","3J":"11","2C":"11","4H":"11","4J":"11","3C":"11"}},"C9":{"9W":{"FW":"11","CW":"11"},"XC":{"85":"11","84":"11","95":"11","94":"11","86":"11","77":"11","78":"11","79":"11","76":"11"},"WC":{"24":"11"},"CW":{"34":"3","35":"3","33":"3","32":"3"}},"JC":{"78":{"96":"11","5G":"11","5F":"11","46":"11","49":"11","76":"11"},"GC":{"22":"11","32":"11"},"XJ":{"V8":"11","Q6":"11","V7":"11","R6":"11","R7":"11","W8":"11"},"68":{"G6":"11","H4":"11","H6":"11","H3":"11"},"WC":{"M8":"11","PF":"11","P6":"11","P4":"11","RG":"11","M6":"11","P8":"11","P9":"11","QF":"11","P7":"11","M7":"11","P5":"11","P3":"11","QG":"11","PC":"11"},"FF":{"57":"11"},"75":{"W7":"11","W6":"11"},"F6":{"GP":"11","HQ":"11","FM":"11","CM":"11","6H":"11","HR":"11","GQ":"11","HV":"11","CJ":"11"},"67":{"XR":"11","FR":"11","VW":"11","GC":"11","FV":"11","RP":"11","FW":"11","PH":"11","CR":"11","WW":"11","WV":"11","CQ":"11","RQ":"11","VQ":"11","XW":"11","G9":"11","HC":"11","PJ":"11","PG":"11","H9":"11","RM":"11"},"77":{"2R":"11","VQ":"11","7X":"11","2X":"11","3X":"11","7W":"11","RQ":"11","8X":"11","RR":"11","4X":"11"},"87":{"77":"11","82":"11","75":"11","74":"11","76":"11","68":"11","84":"11","67":"11","83":"11","58":"11"},"86":{"7X":"11","8X":"11"},"5C":{"GC":"11"},"PC":{"RM":"11","RG":"11","RH":"11","RJ":"11"},"8H":{"7R":"11","2R":"11","6W":"11","6V":"11","5V":"11","2Q":"11","3R":"11","4V":"11","5W":"11","4W":"11","7V":"11","3V":"11"},"76":{"Q9":"11","WM":"11","XJ":"11","Q8":"11","XM":"11"},"6H":{"X7":"11","C5":"11","X8":"11","Q4":"11","M5":"11","W8":"11","W7":"11","J5":"11","V7":"11"},"GG":{"G3":"11","F3":"11"},"FC":{"M5":"11","J2":"11","M3":"11","P3":"11","J3":"11","P5":"11","H2":"11","H3":"11","M2":"11","P4":"11"},"G9":{"8M":"11","8P":"11","99":"11","8Q":"11","8J":"11","8H":"11","CQ":"11","9Q":"11","8C":"11","9P":"11","FP":"11","89":"11","8G":"11","FQ":"11","98":"11","8F":"11","97":"11","GP":"11"},"7H":{"WP":"11","VP":"11","46":"11","66":"11","XQ":"11","56":"11","WQ":"11","XR":"11"},"H8":{"GH":"11","FH":"11","9G":"11","CG":"11","CH":"11"},"CF":{"V6":"11","V5":"11","R6":"11"},"69":{"5C":"11","6H":"11","5F":"11","6G":"11","6F":"11"},"85":{"4F":"11"},"94":{"4W":"11","4V":"11","4X":"11"},"95":{"85":"11","64":"11","86":"11","76":"11","75":"11","65":"11"},"VC":{"8J":"11","9H":"11","CH":"11","9J":"11","CJ":"11"}},"99":{"CC":{"5F":"3"},"P2":{"WP":"11","VP":"11","RQ":"11","WQ":"11","VQ":"11"},"8F":{"GW":"3","HW":"3","GV":"3"},"M2":{"F5":"11","F4":"11","C4":"11"},"9C":{"5C":"11","2H":"11","2J":"11","2F":"11","2G":"11"},"9H":{"62":"11","42":"11","73":"11","93":"11","52":"11","72":"11","83":"11","94":"11"},"FC":{"3J":"11","2H":"11","2J":"11"},"H2":{"H7":"11","F7":"11","G6":"11","F6":"11","G7":"11"},"Q2":{"5G":"11","6G":"11"},"7F":{"V6":"11","W7":"11","V5":"11","W6":"11"},"9G":{"4P":"11","5X":"11","5P":"11","5Q":"11"},"CG":{"CC":"11","C8":"11","8F":"11","9F":"3","9C":"11","CF":"3|11","FF":"3|11","8H":"11","FC":"11","8G":"11|3","P7":"3","9G":"3","F9":"11","C9":"11","FG":"11","8C":"11","99":"11"},"8C":{"QW":"11","WP":"11","VV":"3","XJ":"11","WR":"3","WV":"3","RV":"3","QX":"11","PX":"11","WQ":"3|11","QV":"3|11","PR":"3","QR":"3","XM":"11"}},"GF":{"QJ":{"F4":"11","G5":"11"},"M7":{"68":"11","77":"11","78":"11","67":"11"},"FF":{"Q6":"11","P5":"11","P6":"11","Q5":"11","P4":"11"},"FG":{"93":"11","83":"11","94":"11","C4":"11"}},"MX":{"M8":{"44":"11","54":"11","55":"11"},"5C":{"MQ":"11","PV":"11","PW":"11"},"PR":{"3J":"11","3M":"11"},"QH":{"6R":"11","6V":"11"},"Q3":{"HR":"11","8W":"11","6V":"11","9Q":"11","FQ":"11","6R":"11","FW":"11","7X":"11","GR":"11","CW":"11","FR":"11","7Q":"11","7W":"11","7V":"11","8Q":"11","9W":"11","GQ":"11"},"PG":{"95":"11"},"8J":{"2H":"11","2J":"11"},"JQ":{"5C":"11","6F":"11","MX":"11","38":"11","4C":"11","JQ":"11","5F":"11","PW":"11","7G":"11","JR":"11","HQ":"11","HP":"11","MR":"11","GP":"11","28":"11","8H":"11","9H":"11","MW":"11","PX":"11","GM":"11","6G":"11","9J":"11","6C":"11"},"78":{"FC":"11","Q2":"11","FF":"11"},"5F":{"Q6":"11"},"6J":{"RX":"11","HC":"11","F7":"11","G9":"11","F8":"11","RW":"11","H9":"11","JF":"11","HF":"11"},"77":{"QX":"11"},"QR":{"PX":"11"},"JR":{"W3":"11","W4":"11"},"HQ":{"P6":"11","W9":"11","R8":"11","X8":"11","Q7":"11","G2":"11","X9":"11","Q6":"11","W8":"11","V8":"11","Q8":"11","F2":"11"},"G2":{"QC":"11","PF":"11","PC":"11","P9":"11"},"HP":{"9X":"11","FX":"11","2R":"11","CX":"11","5R":"11","4R":"11","6R":"11","3R":"11"},"MR":{"PF":"11","66":"11","JC":"11","65":"11","97":"11","55":"11","96":"11","76":"11","35":"11","25":"11","24":"11","C7":"11","45":"11","86":"11","MF":"11","QG":"11","34":"11","MC":"11"},"GP":{"VP":"11","RP":"11","QJ":"11","WQ":"11","XR":"11"},"QV":{"X5":"11","X7":"11","X4":"11","W5":"11","X3":"11","W4":"11"},"57":{"GM":"11"},"9G":{"2F":"11","3F":"11"},"RV":{"27":"11"}},"VV":{"G4":{"6F":"11","64":"11","65":"11","6H":"11","73":"11","5J":"11","74":"11","63":"11","72":"11","7F":"11","5H":"11","6G":"11","4M":"11","4J":"11","6C":"11"},"F4":{"H8":"11","H7":"11","RQ":"11","VQ":"11","H9":"11"},"F2":{"R5":"11","MJ":"11","PF":"11","QQ":"11","MG":"11","JJ":"11","QR":"11","Q7":"11","HJ":"11","RP":"11","QP":"11","PM":"11","Q5":"11","Q6":"11","P8":"11","QM":"11","RQ":"11","MH":"11","MF":"11","RR":"11","PC":"11"},"G2":{"48":"11","3J":"11","4C":"11","38":"11"}},"G5":{"2X":{"35":"11","36":"11","25":"11","26":"11"}},"JR":{"VW":{"MJ":"11","MQ":"11","FH":"11","27":"11","PQ":"11","26":"11","MM":"11","GH":"11","FG":"11","MP":"11","GG":"11"},"RW":{"XC":"11","X9":"11","X7":"11","X6":"11","X8":"11"}},"MW":{"GR":{"2W":"11","3W":"11","2V":"11"},"5G":{"7G":"11","6H":"11","7H":"11"},"9P":{"73":"11"},"9H":{"4R":"11","3R":"11"},"5H":{"H8":"11"},"CM":{"HQ":"11"},"CQ":{"HG":"11"}},"MC":{"C4":{"9Q":"11","6J":"11","6H":"11","8H":"11","9H":"11","7Q":"11","9P":"11","9M":"11","7H":"11","8Q":"11","7P":"11","6M":"11","6P":"11","9J":"11"},"P6":{"XW":"11","XV":"11","WW":"11","WX":"11"},"59":{"C6":"11","95":"11","C5":"11"},"3G":{"MH":"11","8W":"11","PH":"11","7W":"11","RH":"11","VH":"11","QH":"11","8X":"11","WH":"11"},"M2":{"6W":"11","FP":"11","HC":"11","HG":"11","GJ":"11","FM":"11","HF":"11","H9":"11","6X":"11","GH":"11","HH":"11","CP":"11","FJ":"11"},"Q6":{"2V":"11"},"J3":{"XQ":"11","XJ":"11","XH":"11","WQ":"11","XP":"11","XM":"11","WV":"11","WR":"11"},"P7":{"HG":"11","CQ":"11","W2":"11","9R":"11","V2":"11","HH":"11","CR":"11","V3":"11","JG":"11"},"M3":{"2H":"11","2C":"11","2F":"11","29":"11","52":"11","2G":"11","53":"11"},"56":{"R5":"11","Q4":"11","R4":"11"}},"HV":{"PR":{"WP":"2","WJ":"2","WM":"2","XJ":"2","QX":"2","PX":"2","WH":"2","XH":"2","XP":"2","XM":"2"},"RM":{"2W":"11","33":"11","2V":"11","32":"11"},"PV":{"P2":"2","Q2":"2"},"PW":{"H2":"2","H3":"2"},"VC":{"87":"11","59":"11","88":"11","97":"11","7C":"11","96":"11","69":"11","89":"11","86":"11","79":"11","8C":"11","98":"11","6C":"11"},"RJ":{"3X":"11"},"QM":{"XW":"11","XX":"11","WR":"11","WV":"11","XV":"11","WW":"11","WX":"11","XR":"11"},"W7":{"WQ":"11"},"RH":{"93":"3","C2":"3","C3":"3","C4":"3","92":"3"}}}}