{"index":{"university,1|retail,2|tourism,3|wreck,4|historical,5|artsCulture,6|namedBuilding,7|water,8|wetland,9|park,10|beach,11|natureReserve,12|cemetery,13|trail,14":{}},"62":{"39":{"CF":{"JR":"11","JQ":"11","MR":"11"}},"FX":{"JX":{"9W":"11","GR":"11","9X":"11","JV":"11","CX":"11","CW":"11","CV":"11","CQ":"11","MV":"11","HR":"11","FQ":"11","PX":"11","MW":"11","GQ":"11","PW":"11","HV":"11","9V":"11","CR":"11","CP":"11","FP":"11"}},"RV":{"9J":{"MC":"11","M9":"11","MF":"11","M8":"11"}},"9C":{"67":{"9M":"11","CM":"11"}},"79":{"FR":{"W3":"11","X2":"11","X3":"11"}},"2C":{"Q6":{"FC":"11","GC":"11"}},"QV":{"VW":{"Q9":"11","Q8":"11","Q7":"11"},"VV":{"QX":"11"}},"G5":{"Q9":{"WP":"11","WJ":"11","WM":"11","XJ":"11","XP":"11","XM":"11"},"5G":{"R8":"11","R9":"11","RC":"11","X8":"11","WH":"11","RG":"11","RF":"11","R7":"11","X9":"11","XH":"11","W8":"11","V8":"11","QF":"11","W7":"11","XG":"11","VH":"11","V7":"11","QC":"11","XF":"11","RH":"11"},"6G":{"2C":"11","2F":"11","29":"11"},"R9":{"8M":"11","5H":"11","9G":"11","7P":"11","7G":"11","2P":"11","6P":"11","2J":"11","3P":"11","4H":"11","2H":"11","9J":"11","6M":"11","7M":"11","5P":"11","8J":"11","8H":"11","6H":"11","8G":"11","3Q":"11","7H":"11","9H":"11","4J":"11","4P":"11","3J":"11","3H":"11"}}}}