{"63":{"2X":{"JX":{"R3":"11","Q6":"11","Q2":"11","Q3":"11","R2":"11","Q5":"11"},"JV":{"RV":"11","CH":"11","RW":"11"},"MW":{"34":"11","44":"11","35":"11","45":"11"},"JW":{"RX":"11"}},"33":{"2X":{"P2":"11"}},"66":{"93":{"FX":"11","FW":"11","CX":"11","CW":"11","CV":"11"},"95":{"93":"11","85":"11","84":"11","83":"11","94":"11","C2":"11","C3":"11","75":"11","92":"11"},"94":{"F4":"11","F8":"11","G8":"11","FG":"11","FH":"11","FV":"11","FF":"11","GV":"11","CH":"11","FW":"11","C2":"11","CC":"11","GQ":"11","F3":"11","FM":"11","CX":"11","GR":"11","G5":"11","FX":"11","G4":"11","FP":"11","FC":"11","G7":"11","FQ":"11","CF":"11","F9":"11","FJ":"11","GP":"11","F2":"11","G6":"11","CG":"11"}},"H4":{"VF":{"P2":"11","Q3":"11","5V":"11","M2":"11","4R":"11","5W":"11","5R":"11","P3":"11","5X":"11","4X":"11"},"RG":{"X7":"11","X8":"11"},"MQ":{"VX":"11","VW":"11","WW":"11","WX":"11"},"VC":{"6W":"11","MX":"11","HR":"11","6V":"11","8R":"11","9Q":"11","FQ":"11","JR":"11","HQ":"11","JW":"11","GR":"11","5W":"11","CQ":"11","HV":"11","9R":"11","MW":"11","7V":"11","JV":"11","PX":"11","GQ":"11","8V":"11"},"VG":{"42":"11","33":"11","27":"11","26":"11","43":"11","52":"11","35":"11","25":"11","34":"11"},"MR":{"X7":"11","X8":"11","X6":"11","X9":"11","W3":"11","W4":"11","XC":"11","XF":"11","W5":"11","X4":"11","W2":"11","X5":"11"},"XG":{"MJ":"11","38":"11","RC":"11","59":"11","JC":"11","JF":"11","JJ":"11","JH":"11","49":"11","69":"11","39":"11","QC":"11","79":"11","PC":"11","MC":"11"}},"3X":{"5R":{"RX":"11","VR":"11","RQ":"11","RR":"11"},"3W":{"M3":"11","M4":"11","J4":"11"},"6R":{"5C":"11","44":"11","5F":"11","54":"11","6F":"11","43":"11"},"4W":{"GW":"11","FX":"11","FW":"11","GX":"11"},"5X":{"P2":"11","C3":"11","M2":"11","C2":"11","73":"11","92":"11","93":"11","82":"11","M3":"11","83":"11"},"5W":{"FM":"11","CQ":"11","JM":"11","GM":"11","HM":"11","CP":"11","FP":"11"},"3V":{"FP":"11"},"4Q":{"V6":"11","5C":"11","W6":"11","6C":"11"},"4X":{"5C":"11","6F":"11","6C":"11"},"5V":{"R2":"11"},"3R":{"5P":"11","4Q":"11","32":"11","5Q":"11"}},"J4":{"2G":{"C8":"11","78":"11","88":"11","FC":"11","F9":"11","C9":"11","98":"11"}},"2F":{"2Q":{"9P":"11","7P":"11","CQ":"11","9Q":"11","8Q":"11"}},"F2":{"J2":{"P2":"11","C8":"11","C4":"11","C3":"11","C5":"11","P4":"11","M5":"11","G8":"11","C2":"11","97":"11","M4":"11","92":"11","M6":"11","93":"11","F8":"11","F7":"11","96":"11","H7":"11","C7":"11","P5":"11","P3":"11","C6":"11","95":"11","J7":"11","G7":"11","94":"11"}},"23":{"XX":{"J9":"11","HC":"11","M9":"11","GC":"11","M8":"11","H9":"11","P8":"11"}}},"index":{"university,1|retail,2|tourism,3|wreck,4|historical,5|artsCulture,6|namedBuilding,7|water,8|wetland,9|park,10|beach,11|natureReserve,12|cemetery,13|trail,14":{}}}