{"index":{"university,1|retail,2|tourism,3|wreck,4|historical,5|artsCulture,6|namedBuilding,7|water,8|wetland,9|park,10|beach,11|natureReserve,12|cemetery,13|trail,14":{}},"66":{"XR":{"Q5":{"95":"11"},"W8":{"2C":"11","2F":"11","3F":"11"},"83":{"63":"11","39":"11","37":"11","28":"11","64":"11","47":"11","36":"11","46":"11","45":"11","72":"11","54":"11","38":"11","2C":"11","2F":"11","55":"11","62":"11","29":"11","53":"11"},"38":{"6V":"11","X7":"11","RC":"11","RF":"11","CM":"11","GH":"11","FH":"11","3W":"11","CH":"11","HG":"11","CR":"11","CV":"11","QC":"11","3V":"11","HJ":"11","GM":"11","CP":"11","FM":"11","PF":"11","2X":"11","5R":"11","CQ":"11","FP":"11","GG":"11","GJ":"11","JG":"11","QF":"11","JH":"11","FQ":"11","2W":"11","4V":"11","FJ":"11","CJ":"11","5V":"11","6R":"11","HH":"11","W7":"11"},"47":{"FR":"11","X7":"11","MM":"11","WC":"11","9V":"11","8V":"11","CR":"11","WF":"11","CV":"11","W9":"11","GQ":"11","HP":"11","VF":"11","XM":"11","8X":"11","JM":"11","JP":"11","X9":"11","3G":"11","FQ":"11","X8":"11","9W":"11","HQ":"11","7X":"11","8W":"11","GP":"11","VC":"11"},"82":{"GF":"11","GC":"11","FG":"11","J7":"11","M5":"11","P2":"11","CM":"11","FH":"11","9V":"11","8V":"11","H7":"11","7W":"11","7V":"11","CP":"11","8Q":"11","6X":"11","M4":"11","M2":"11","8X":"11","9Q":"11","9P":"11","GG":"11","HC":"11","9R":"11","H9":"11","H8":"11","7X":"11","FJ":"11","CJ":"11","8R":"11","8W":"11","J6":"11","M3":"11","J5":"11"},"Q4":{"VV":"11","WV":"11"},"74":{"F4":"11","78":"11","7C":"11","2P":"11","96":"11","6C":"11","5G":"11","2M":"11","4H":"11","87":"11","C5":"11","F3":"11","C6":"11","5C":"11","88":"11","G4":"11","H2":"11","89":"11","6F":"11","G3":"11","4G":"11","3M":"11","69":"11","C4":"11","97":"11","F5":"11","2Q":"11","G2":"11","79":"11","5F":"11"},"73":{"RM":"11","PR":"11","WF":"11","PV":"11","HX":"11","QQ":"11","WH":"11","RP":"11","VJ":"11","WG":"11","JW":"11","PQ":"11","VG":"11","QP":"11","JX":"11","X9":"11","MR":"11","RJ":"11","MW":"11","QM":"11","PP":"11","MV":"11","XG":"11","JV":"11","VH":"11","XC":"11","HW":"11","XF":"11"},"48":{"63":"11","64":"11","73":"11","27":"11","72":"11","54":"11","82":"11","26":"11"},"28":{"XX":"11","WX":"11"},"57":{"23":"11","33":"11","32":"11","27":"11","26":"11","25":"11","24":"11","34":"11"},"65":{"Q3":"11","P4":"11","M5":"11","M4":"11","J5":"11","Q2":"11","P3":"11","H5":"11"},"R5":{"H7":"11"},"46":{"XQ":"11","WQ":"11","XR":"11"},"64":{"VX":"11","VW":"11","WR":"11","XQ":"11","WV":"11","QX":"11","WW":"11","XR":"11"},"8C":{"QH":"11","PF":"11","PG":"11","RG":"11","RF":"11","QF":"11","MF":"11","QC":"11","QG":"11","RH":"11","PC":"11","MC":"11"},"89":{"P5":"11"},"R3":{"MP":"11"},"29":{"V3":"11","C8":"11","38":"11","48":"11","P4":"11","78":"11","H6":"11","88":"11","Q4":"11","M5":"11","V2":"11","Q5":"11","28":"11","M6":"11","X2":"11","F7":"11","H7":"11","J6":"11","68":"11","C7":"11","R3":"11","P5":"11","58":"11","G7":"11","98":"11","W2":"11","R4":"11"},"XX":{"WC":"11","J9":"11","F9":"11","M9":"11","CC":"11","FC":"11","G9":"11","P9":"11","H9":"11","WF":"11"},"98":{"9Q":"11"},"WX":{"MX":"11","JX":"11","VR":"11","RQ":"11","PV":"11","MW":"11","QV":"11","PW":"11","QR":"11","RR":"11","VQ":"11"},"J6":{"36":"11"},"56":{"6V":"11","3X":"11","RC":"11","W8":"11","RF":"11","3W":"11","HM":"11","PH":"11","7R":"11","3V":"11","HJ":"11","GM":"11","W9":"11","CP":"11","FM":"11","8Q":"11","V8":"11","5R":"11","JM":"11","CQ":"11","9Q":"11","2V":"11","JJ":"11","FP":"11","9P":"11","QF":"11","JH":"11","2W":"11","QG":"11","PG":"11","4V":"11","V9":"11","2R":"11","5V":"11","8R":"11","6R":"11","GP":"11","MJ":"11","3R":"11","W7":"11","MH":"11","VC":"11"}},"VW":{"PW":{"2M":"11","5H":"11","4J":"11","4M":"11","3M":"11","5M":"11"},"FQ":{"G3":"11","RR":"11","RW":"11","H3":"11","G2":"11"},"HQ":{"2W":"11","2X":"11","2R":"11","3X":"11","2V":"11"},"VC":{"48":"11","38":"11"},"GR":{"48":"11","37":"11","47":"11"},"WQ":{"H8":"11","G8":"11","HC":"11","G9":"11","GC":"11","H9":"11"},"FR":{"V3":"11"},"MW":{"WP":"11","VP":"11","XP":"11","XM":"11"},"QC":{"7G":"11","8F":"11","8G":"11","7H":"11","9F":"11"},"J8":{"P2":"11"},"MP":{"54":"11","26":"11","35":"11","36":"11","44":"11","34":"11","53":"11"},"J7":{"G9":"11","PV":"11","VP":"11","HC":"11","PW":"11","GC":"11","QR":"11","RP":"11","QX":"11","QW":"11","QV":"11","RQ":"11","F9":"11","H9":"11","PX":"11","WV":"11"}},"6W":{"XW":{"VM":"11","3Q":"11"},"VR":{"2H":"11","3H":"11","3G":"11"},"WV":{"7Q":"11","7P":"11","7R":"11","8R":"11","8Q":"11","8P":"11"},"RR":{"XJ":"11","XH":"11"}},"GX":{"RW":{"FX":"11","GX":"11"},"2W":{"F4":"11","X7":"11","XJ":"11","Q5":"11","W8":"11","M5":"11","83":"11","93":"11","82":"11","J4":"11","WH":"11","WF":"11","XH":"11","W9":"11","F3":"11","M4":"11","R6":"11","P5":"11","R5":"11","C3":"11","G4":"11","92":"11","H4":"11","X8":"11","WG":"11","72":"11","V6":"11","J5":"11"},"3W":{"QW":"11","RX":"11","FR":"11","6P":"11","2J":"11","7Q":"11","QX":"11","2M":"11","CR":"11","5P":"11","8Q":"11","4M":"11","3M":"11","9R":"11","VX":"11","6Q":"11","4P":"11","8R":"11","WX":"11"},"HX":{"MJ":"11","PJ":"11","QJ":"11","WH":"11","WG":"11","HP":"11","RJ":"11","JM":"11","MM":"11","XG":"11","VH":"11","HM":"11","RH":"11"},"RX":{"C2":"11","F2":"11","G2":"11"},"JX":{"5C":"11","3F":"11","2F":"11","4C":"11","87":"11","59":"11","2G":"11","78":"11","88":"11","G8":"11","97":"11","F8":"11","F7":"11","96":"11","69":"11","C7":"11","68":"11","C6":"11","F6":"11","79":"11","G7":"11","3C":"11","4F":"11"},"7X":{"28":"11"},"FW":{"HX":"11","FX":"11","GX":"11"},"3X":{"W2":"11","X2":"11","V2":"11"},"GX":{"5G":"11","3F":"11","48":"11","4C":"11","JQ":"11","QQ":"11","6J":"11","QR":"11","HQ":"11","6H":"11","XR":"11","MQ":"11","PQ":"11","HP":"11","49":"11","GP":"11","26":"11","4G":"11","VR":"11","RQ":"11","5H":"11","7J":"11","RR":"11","4F":"11","WR":"11"},"FX":{"P2":"11","V3":"11","V4":"11","Q3":"11","M2":"11","V2":"11","G2":"11","X6":"11","R2":"11","H2":"11","Q2":"11","J2":"11","M3":"11","V5":"11","R3":"11","P3":"11","W5":"11","X5":"11"}},"GF":{"8F":{"2M":"11"}},"GC":{"3G":{"G4":"11","H4":"11"}},"FG":{"5G":{"RF":"11","RG":"11","VH":"11","WH":"11","VG":"11"},"4C":{"93":"11","PH":"11","83":"11","82":"11"},"8J":{"6X":"11","2Q":"11","5R":"11","7X":"11","6R":"11","6V":"11","6W":"11","3Q":"11","3P":"11"},"5F":{"34":"11","J7":"11","J8":"11","F5":"11","35":"11","HC":"11","45":"11","HF":"11"},"8M":{"4X":"11","5H":"11","5J":"11","3X":"11","68":"11","66":"11","75":"11","5G":"11","67":"11","4W":"11","58":"11","74":"11","73":"11","57":"11","5M":"11","5C":"11","59":"11","76":"11","4M":"11","6G":"11","4J":"11","72":"11"},"6H":{"X2":"11"},"5J":{"HX":"11","GW":"11","HW":"11","CQ":"11","GX":"11","CR":"11"},"49":{"6Q":"11","2R":"11","6P":"11","3R":"11","5Q":"11"},"7Q":{"P2":"11","P3":"11"},"3H":{"F9":"11","FC":"11"},"7H":{"GR":"11","JV":"11","35":"11","24":"11","36":"11","GV":"11","66":"11","56":"11","FV":"11","HV":"11","22":"11","23":"11","67":"11","FR":"11"},"7P":{"QW":"11","VW":"11","6V":"11","2P":"11","W8":"11","X4":"11","WC":"11","2J":"11","X6":"11","2M":"11","3P":"11","W6":"11","WH":"11","WF":"11","XH":"11","WW":"11","WV":"11","XG":"11","X5":"11","3Q":"11","4V":"11","RW":"11","VV":"11","WG":"11","5V":"11","W7":"11","VC":"11"},"8P":{"23":"11","3W":"11","2M":"11","3J":"11","24":"11","3V":"11","3M":"11","2J":"11"},"6G":{"8M":"11","VW":"11","7J":"11","2J":"11","2H":"11","GM":"11","WW":"11","CP":"11","8J":"11","PR":"11","6H":"11","JV":"11","9P":"11","FP":"11","MV":"11","6J":"11","XX":"11","7H":"11","HR":"11","WX":"11","GP":"11","MR":"11","JR":"11"},"39":{"WP":"11","XQ":"11","FQ":"11","XP":"11","XR":"11","FP":"11"},"7J":{"G4":"11","M5":"11","Q6":"11","M6":"11","H5":"11","XQ":"11","P5":"11","H4":"11","G5":"11","J5":"11","P6":"11"},"5M":{"MF":"11"},"6P":{"XP":"11"},"3C":{"5C":"11","5F":"11"}},"FF":{"Q5":{"XC":"11","WC":"11","V9":"11","XF":"11","VC":"11","W9":"11","R9":"11"},"FG":{"C6":"11","95":"11","C5":"11"},"J7":{"2Q":"11","2R":"11","2V":"11"},"R8":{"3J":"11","69":"11","68":"11","3H":"11","2J":"11","3M":"11","3G":"11","3F":"11","6C":"11"},"FH":{"VX":"11","VW":"11","WP":"11","VP":"11","VV":"11","VR":"11","RM":"11","WR":"11","WQ":"11","VM":"11"},"FF":{"9W":"11","9X":"11"},"H7":{"XQ":"11"},"5X":{"X5":"11","W5":"11"},"7Q":{"XW":"11","RF":"11","QC":"11","RC":"11","WG":"11","XV":"11","WH":"11","XH":"11","VF":"11","WF":"11"},"Q4":{"4R":"11","4V":"11","5Q":"11"},"GM":{"33":"11","3P":"11","46":"11","43":"11","3H":"11","45":"11","44":"11","3M":"11","56":"11"},"6M":{"PR":"11","P6":"11","PV":"11","XQ":"11","Q7":"11","R7":"11","WQ":"11","Q5":"11","Q6":"11","Q8":"11","P7":"11","Q9":"11","P5":"11"},"7M":{"4W":"11","4V":"11"},"22":{"RJ":"11","RC":"11","RF":"11","QR":"11","RP":"11","VG":"11","VF":"11","V8":"11","RG":"11","Q6":"11","PR":"11","V9":"11","VH":"11","VJ":"11","R7":"11","R9":"11","V7":"11","RM":"11","VC":"11"},"8Q":{"2W":"11","2X":"11","3H":"11","4M":"11","4H":"11","3M":"11","3X":"11","3G":"11"},"23":{"VC":"11"},"HP":{"F8":"11","G8":"11","J7":"11","WC":"11","H7":"11","VF":"11","M4":"11","C8":"11","59":"11","88":"11","76":"11","89":"11","G7":"11","P4":"11","H8":"11","49":"11","F7":"11","J6":"11","79":"11","VC":"11"},"R5":{"MG":"11","MF":"11","2C":"11"},"PC":{"8W":"11","9X":"11","8V":"11","7W":"11","6R":"11","8X":"11","7V":"11","7R":"11","6V":"11"},"GJ":{"3R":"11"},"9R":{"CC":"11","J9":"11","9F":"11","HC":"11","JC":"11","GC":"11","9C":"11","7C":"11","27":"11","CF":"11","28":"11","FC":"11","M9":"11","69":"11","89":"11","C9":"11","79":"11","8C":"11","MC":"11","6C":"11"},"FJ":{"MJ":"11","PJ":"11","QH":"11","P6":"11","PH":"11","V2":"11","Q5":"11","P8":"11","P9":"11","Q8":"11","QF":"11","Q9":"11","R3":"11","P5":"11","QG":"11","R4":"11"},"JC":{"J8":"11","XP":"11"},"8R":{"X7":"11","G8":"11","JF":"11","R8":"11","83":"11","Q8":"11","32":"11","Q7":"11","F6":"11","J9":"11","W6":"11","MF":"11","P8":"11","22":"11","43":"11","R6":"11","C6":"11","P9":"11","33":"11","Q6":"11","G9":"11","G7":"11","HC":"11","H9":"11","H8":"11","Q9":"11","M9":"11","R7":"11","JC":"11","V7":"11","84":"11","53":"11","MC":"11","W7":"11"},"GP":{"33":"11"},"MC":{"2P":"11"}},"7W":{"VW":{"XW":"11","XX":"11","RM":"11","WW":"11","VP":"11","VQ":"11","RP":"11","VV":"11","QP":"11","QM":"11","VR":"11","RQ":"11","WV":"11"},"GP":{"XC":"11","WC":"11","X9":"11","W7":"11","X6":"11","W9":"11","W8":"11","W6":"11"},"VV":{"2Q":"11","2P":"11"},"RV":{"C4":"11","C8":"11","C5":"11","HC":"11","JF":"11","HG":"11","GC":"11","F8":"11","HF":"11","GF":"11","FC":"11","96":"11","F9":"11","C7":"11","XP":"11","C6":"11","JG":"11","C9":"11"},"WW":{"2X":"11","3X":"11"},"CP":{"67":"11"},"WX":{"42":"11","32":"11"}},"WW":{"46":{"M8":"11","JP":"11","Q3":"11","P6":"11","J9":"11","P4":"11","JQ":"11","HC":"11","JC":"11","JF":"11","HG":"11","Q4":"11","M5":"11","V2":"11","HJ":"11","GJ":"11","MQ":"11","HP":"11","M6":"11","R2":"11","HF":"11","Q2":"11","M7":"11","R3":"11","GM":"11","GH":"11","P5":"11","P3":"11","HM":"11","HH":"11","J8":"11","MP":"11","J7":"11"},"QQ":{"PR":"11","PV":"11","PW":"11","QQ":"11","QR":"11","QV":"11","PX":"11"},"45":{"WX":"11","XW":"11","WW":"11","XR":"11","RX":"11","XV":"11","WV":"11","VX":"11"},"54":{"F8":"11","9M":"11","G8":"11","FG":"11","8P":"11","8V":"11","FF":"11","CH":"11","J2":"11","7W":"11","J4":"11","9J":"11","7V":"11","8Q":"11","G5":"11","H2":"11","J3":"11","9P":"11","FC":"11","G9":"11","G7":"11","H4":"11","CF":"11","H5":"11","7X":"11","H3":"11","F9":"11","CJ":"11","8R":"11","G6":"11","H6":"11","CG":"11"},"55":{"2P":"11","66":"11","3P":"11","4H":"11","58":"11","73":"11","57":"11","65":"11","5C":"11","59":"11","64":"11","2V":"11","4G":"11","3M":"11","3Q":"11","63":"11","55":"11","49":"11","2R":"11","4J":"11","72":"11","3J":"11","4C":"11","2Q":"11","62":"11","5F":"11","56":"11","4F":"11"},"QR":{"V6":"11","R5":"11","WC":"11","V8":"11","V7":"11","V9":"11","WV":"11","R6":"11","W9":"11","R4":"11","WW":"11","WX":"11"},"RW":{"5C":"11","6F":"11","5G":"11","66":"11","59":"11","5F":"11","6J":"11","6H":"11","65":"11","7M":"11","52":"11","57":"11","69":"11","6G":"11","7J":"11","6M":"11","67":"11","58":"11","6C":"11","53":"11"},"52":{"RW":"11","VP":"11","QQ":"11","VQ":"11","QR":"11","RP":"11","QX":"11","QW":"11","QV":"11","RQ":"11","RV":"11","RR":"11"},"53":{"MP":"11","PV":"11","Q5":"11","Q8":"11","Q7":"11","QH":"11","Q4":"11","PH":"11","JW":"11","QC":"11","Q2":"11","PF":"11","MW":"11","PC":"11","PQ":"11","Q6":"11","PR":"11","JV":"11","MV":"11","QF":"11","Q3":"11","PJ":"11","QG":"11","PG":"11","PP":"11","JX":"11","Q9":"11","MX":"11","HX":"11","MQ":"11","MR":"11","QJ":"11","JR":"11"}},"9X":{"R5":{"RM":"11","QH":"11","PG":"11","QJ":"11","VP":"11","PH":"11","JF":"11","42":"11","MG":"11","VQ":"11","RP":"11","VJ":"11","RJ":"11","43":"11","52":"11","MF":"11","VM":"11","53":"11"},"Q3":{"MX":"11","JX":"11","JV":"11","JW":"11"},"X7":{"87":"11","H6":"11","77":"11","V2":"11","97":"11","R2":"11","F7":"11","H7":"11","57":"11","G6":"11","47":"11","37":"11","J6":"11","C7":"11","67":"11","G7":"11","W2":"11"},"8J":{"FR":"11","RC":"11","RF":"11","WC":"11","9V":"11","HM":"11","PH":"11","CR":"11","CV":"11","HJ":"11","GM":"11","W9":"11","VF":"11","8X":"11","CQ":"11","JJ":"11","MG":"11","FP":"11","X9":"11","QF":"11","JH":"11","FQ":"11","X8":"11","QG":"11","9W":"11","PG":"11","V9":"11","7X":"11","8W":"11","GP":"11","MH":"11","VC":"11"},"8M":{"38":"11","64":"11","55":"11","73":"11","29":"11","28":"11","46":"11","82":"11","54":"11","63":"11","72":"11","47":"11","37":"11","56":"11"},"Q4":{"VF":"11","WF":"11","P4":"11","M2":"11","R6":"11","Q7":"11","R7":"11","WG":"11","VC":"11","VG":"11","XH":"11","Q6":"11","M3":"11","XG":"11","P5":"11","P3":"11"},"R6":{"X5":"11","X7":"11","W3":"3","V2":"3","X6":"11","W5":"11","V3":"3","W4":"3"},"V6":{"37":"11","9M":"11","7G":"11","CM":"11","38":"11","26":"11","9J":"11","CP":"11","39":"11","48":"11","28":"11","5C":"11","59":"11","8J":"11","8H":"11","FP":"11","6F":"11","FQ":"11","7H":"11","6G":"11","49":"11","4C":"11","27":"11","5F":"11"},"X6":{"VX":"11","WX":"11"},"7M":{"PJ":"11","QH":"11","WF":"11","QJ":"11","JQ":"11","RG":"11","JR":"11","MQ":"11","WG":"11","VG":"11","X9":"11","MR":"11","PM":"11","RJ":"11","HV":"11","QM":"11","PP":"11","JV":"11","WC":"11","VH":"11","XC":"11","HW":"11","XF":"11","RH":"11","MP":"11"},"2X":{"8X":"11"},"M4":{"GF":"11","G8":"11","GC":"11","P2":"11","GH":"11","P3":"11","9V":"11","8V":"11","F6":"11","J4":"11","CP":"11","Q2":"11","FM":"11","M4":"11","C6":"11","CQ":"11","9Q":"11","R2":"11","J3":"11","FP":"11","GG":"11","HF":"11","GJ":"11","Q3":"11","G9":"11","G7":"11","9R":"11","H3":"11","FJ":"11","F7":"11","M3":"11"},"9H":{"6X":"11","5X":"11","5W":"11"},"7Q":{"R5":"3","R4":"3"},"R2":{"23":"11","38":"11","2F":"11","M2":"11","32":"11","29":"11","28":"11","57":"11","47":"11","37":"11","39":"11","22":"11","2C":"11"},"Q2":{"WF":"11","VP":"11","VJ":"11","WP":"11","WG":"11","VG":"11","W3":"11","WQ":"11","XG":"11","X3":"11","VH":"11","XC":"11","XF":"11","VM":"11"},"J5":{"RH":"11"},"M3":{"VX":"11","VW":"11","RX":"11"},"P3":{"5Q":"11","JC":"11","JF":"11","HG":"11","8M":"11","R6":"11","Q7":"11","FH":"11","R7":"11","7M":"11","P8":"11","P9":"11","HF":"11","9M":"11","Q8":"11","M9":"11","7P":"11","8P":"11","CJ":"11","GH":"11","5P":"11","CH":"11","6P":"11","GG":"11","MC":"11","FJ":"11","9J":"11"},"R4":{"5G":"11","J7":"11","2Q":"11","2R":"11","5F":"11","3W":"11","3X":"11","J6":"11","2V":"11","3V":"11","4X":"11"},"9J":{"62":"11","38":"11","66":"11","64":"11","65":"11","55":"11","73":"11","27":"11","29":"11","28":"11","46":"11","75":"11","74":"11","63":"11","57":"11","72":"11","47":"11","37":"11","56":"11"}},"XP":{"RJ":{"MX":"11","WF":"11","PV":"11","PW":"11","QQ":"11","QR":"11","WG":"11","X9":"11","QW":"11","QV":"11","RQ":"11","PX":"11","WC":"11","XC":"11","RR":"11","XF":"11"},"X7":{"WX":"11","XW":"11","WW":"11","XR":"11","RX":"11","VW":"11","XV":"11","WV":"11","VX":"11"},"XJ":{"RJ":"11"},"HW":{"X7":"11","P4":"11","X8":"11","R6":"11","V6":"11","F5":"11","Q5":"11","92":"11","Q6":"11","W7":"11","P5":"11","V7":"11"},"W8":{"4X":"11","7P":"11","RJ":"11","MP":"11","MM":"11","6P":"11","3W":"11","5X":"11","7Q":"11","PM":"11","5Q":"11","WH":"11","WF":"11","4W":"11","CP":"11","RH":"11","GQ":"11","5P":"11","8Q":"11","VG":"11","HP":"11","XF":"11","QM":"11","5M":"11","XG":"11","JM":"11","CQ":"11","9Q":"11","FP":"11","JP":"11","FQ":"11","PJ":"11","JQ":"11","WG":"11","HQ":"11","VH":"11","VJ":"11","6Q":"11","GP":"11","QJ":"11"},"RP":{"34":"11","33":"11","24":"11","42":"11","25":"11","43":"11","32":"11"},"JW":{"38":"11","48":"11","JF":"11","WH":"11","MG":"11","27":"11","WG":"11","VG":"11","XH":"11","28":"11","37":"11","VH":"11","MF":"11"},"PX":{"8M":"11","VW":"11","9M":"11","7P":"11","MP":"11","MM":"11","CM":"11","QR":"11","QQ":"11","HM":"11","RR":"11","GM":"11","WW":"11","9J":"11","7M":"11","VR":"11","FM":"11","WV":"11","PQ":"11","JM":"11","RQ":"11","JP":"11","XX":"11","PP":"11","RV":"11","VV":"11","QP":"11","FJ":"11","CJ":"11","WX":"11"},"W9":{"48":"11","57":"11","47":"11","42":"11","56":"11","54":"11","38":"11","55":"11","52":"11","53":"11"},"RH":{"XW":"11"},"VG":{"93":"11","6X":"11","88":"11","C7":"11","C6":"11","C2":"11","C3":"11","7X":"11","78":"11","C5":"11","C4":"11","92":"11","98":"11","97":"11","82":"11"},"VF":{"FR":"11","F8":"11","G8":"11","JF":"11","9V":"11","8V":"11","HM":"11","CR":"11","HG":"11","CV":"11","HJ":"11","GM":"11","9X":"11","GQ":"11","FM":"11","HP":"11","8X":"11","CQ":"11","JJ":"11","FP":"11","HF":"11","JG":"11","G9":"11","JH":"11","FQ":"11","9R":"11","HC":"11","H9":"11","H8":"11","F9":"11","JC":"11","8R":"11","GP":"11","HH":"11","G2":"11"},"MW":{"9W":"11","8W":"11","9X":"11","8V":"11","6Q":"11","3J":"11","4P":"11","6R":"11","4M":"11","2J":"11","3M":"11","8X":"11","5P":"11","9V":"11","5Q":"11"},"PQ":{"8M":"11","M8":"11","GF":"11","FG":"11","JF":"11","GH":"11","FH":"11","J9":"11","CH":"11","3P":"11","HG":"11","9J":"11","6M":"11","7M":"11","5M":"11","8J":"11","4M":"11","GG":"11","HF":"11","3Q":"11","HC":"11","2R":"11","M9":"11","CJ":"11","4P":"11","JC":"11","2Q":"11","MC":"11"},"JV":{"34":"11","44":"11","C2":"11","24":"11","25":"11","54":"11","F2":"11","53":"11"},"HV":{"8M":"11","9M":"11","7P":"11","FG":"11","X4":"11","CM":"11","8P":"11","FH":"11","9V":"11","8V":"11","7Q":"11","CH":"11","7R":"11","9J":"11","9X":"11","W4":"11","X5":"11","9R":"11","9W":"11","6Q":"11","CJ":"11","8R":"11"},"XW":{"RQ":"11","QC":"11","RH":"11","VM":"11","RW":"11"},"X8":{"QW":"11","F8":"11","7C":"11","M5":"11","P2":"11","C9":"11","P3":"11","H7":"11","99":"11","J4":"11","Q2":"11","M4":"11","C8":"11","5C":"11","V2":"11","C7":"11","2G":"11","8C":"11","R2":"11","89":"11","Q3":"11","3G":"11","G7":"11","4G":"11","P4":"11","H5":"11","98":"11","F7":"11","J6":"11","G6":"11","H6":"11","79":"11","M3":"11","5F":"11","2F":"11","J5":"11","4F":"11","3F":"11"},"VH":{"5C":"11","62":"11","66":"11","2W":"11","3W":"11","59":"11","5F":"11","64":"11","65":"11","73":"11","2X":"11","3X":"11","63":"11","72":"11","69":"11","68":"11","67":"11","58":"11","4F":"11"},"MX":{"M7":"11","M8":"11","J7":"11","93":"11","C2":"11","PH":"11","G5":"11","QM":"11","PF":"11","C3":"11","PC":"11","92":"11","PJ":"11","PG":"11","H5":"11","M9":"11","QP":"11","C4":"11","J6":"11","G6":"11","H6":"11","MC":"11","QJ":"11"},"VJ":{"33":"11","32":"11","23":"11"},"QP":{"X7":"11","RC":"11","W8":"11","RF":"11","HM":"11","X6":"11","PH":"11","HJ":"11","GM":"11","V8":"11","JJ":"11","MG":"11","QF":"11","X5":"11","JH":"11","QG":"11","PG":"11","V9":"11","R9":"11","GP":"11","MJ":"11","W7":"11","MH":"11","VC":"11"},"MQ":{"MX":"11","VW":"11","QW":"11","VV":"11","WR":"11","WV":"11","QX":"11","PX":"11","MW":"11","PW":"11","RW":"11","XR":"11"},"MR":{"93":"11","85":"11","84":"11","94":"11","2C":"11","76":"11","75":"11"},"RM":{"4X":"11","8M":"11","F8":"11","6V":"11","9G":"11","7P":"11","G8":"11","6P":"11","5W":"11","C9":"11","H7":"11","5X":"11","7Q":"11","J4":"11","4W":"11","7M":"11","C8":"11","M2":"11","8J":"11","5R":"11","8H":"11","J3":"11","G7":"11","9H":"11","H5":"11","F9":"11","6Q":"11","F7":"11","5V":"11","6R":"11","G6":"11","H6":"11","M3":"11","J5":"11"},"JR":{"RM":"11","WH":"11","VJ":"11","GW":"11","WG":"11","RJ":"11","HV":"11","QM":"11","GX":"11","XG":"11","VH":"11","XC":"11","HW":"11","XF":"11","FX":"11"},"VC":{"JP":"11","J9":"11","HR":"11","JQ":"11","HX":"11","JC":"11","JF":"11","Q4":"11","JR":"11","HJ":"11","GJ":"11","HV":"11","Q5":"11","R2":"11","JM":"11","M9":"11","GX":"11","R3":"11","JV":"11","MF":"11","HW":"11","JG":"11","HM":"11","MC":"11","R4":"11"}},"CX":{"66":{"2R":"11","MJ":"11","PJ":"11","QH":"11","5Q":"11","QJ":"11","FP":"11","WH":"11","2Q":"11","JJ":"11","WG":"11","3R":"11","3Q":"11","RJ":"11","FM":"11","9P":"11","6Q":"11","JM":"11","7P":"11","XG":"11","8P":"11","GM":"11","VH":"11","4Q":"11","CM":"11","HM":"11","RH":"11","CP":"11","6P":"11"},"C5":{"C5":"11","VP":"11","XQ":"11","VQ":"11","RP":"11","F5":"11","QP":"11","WQ":"11","M6":"11","QM":"11","P7":"11","M7":"11","85":"11","95":"11"},"H6":{"CV":"11","GW":"11","FW":"11","CW":"11","XV":"11","9W":"11","9V":"11"},"F5":{"6Q":"11","2Q":"11","3Q":"11","4Q":"11","5Q":"11"},"27":{"XC":"11","WC":"11","V9":"11","Q8":"11","W9":"11","R8":"11","P7":"11","R9":"11","P8":"11"},"W3":{"FV":"11","GV":"11","QQ":"11","RP":"11","RR":"11","FW":"11","WW":"11","9X":"11","VR":"11","GW":"11","CX":"11","WV":"11","CW":"11","PQ":"11","8X":"11","PR":"11","JV":"11","RQ":"11","HV":"11","XW":"11","9W":"11","HR":"11","VV":"11","XV":"11","MQ":"11","MR":"11","JR":"11"},"Q5":{"5H":"11"},"26":{"9W":"11","9X":"11","CW":"11","CV":"11","8X":"11"},"76":{"5C":"11","3F":"11","2F":"11","2G":"11","5F":"11","88":"11","3G":"11","7C":"11","69":"11","89":"11","79":"11","98":"11","4F":"11","6C":"11"},"G6":{"44":"11","9G":"11","MP":"11","96":"11","54":"11","HM":"11","75":"11","CH":"11","34":"11","GM":"11","22":"11","74":"11","FM":"11","23":"11","65":"11","33":"11","64":"11","JM":"11","8C":"11","89":"11","JP":"11","8G":"11","9H":"11","PP":"11","55":"11","FJ":"11","8F":"11","85":"11","CJ":"11","45":"11","97":"11","84":"11","94":"11","95":"11"},"47":{"87":"11","78":"11","H6":"11","88":"11","M5":"11","97":"11","J5":"11","J6":"11","C7":"11","H5":"11"},"37":{"6F":"11","8F":"11","3F":"11","4C":"11","9F":"11","5F":"11","HC":"11","JC":"11","JF":"11","CF":"11","FF":"11","GF":"11","HF":"11","7F":"11","2C":"11","3C":"11","4F":"11"},"J6":{"5R":"11","4R":"11","2V":"11","3V":"11","4V":"11","3R":"11","5Q":"11"},"M7":{"54":"11","63":"11","35":"11","25":"11","24":"11","44":"11","34":"11","53":"11"},"6X":{"5R":"11","4R":"11","5V":"11"},"X3":{"2W":"11","3W":"11","4W":"11","5W":"11"},"G5":{"2X":"11"},"85":{"MJ":"11","PJ":"11","QH":"11","PH":"11","WG":"11","VG":"11","XG":"11","VH":"11","XF":"11","RH":"11"},"95":{"5C":"11","H4":"11","3F":"11","2F":"11","4C":"11","87":"11","59":"11","78":"11","88":"11","97":"11","69":"11","79":"11","3C":"11","J4":"11"},"56":{"PV":"11","QR":"11","JR":"11","XR":"11","GW":"11","7X":"11","FW":"11","CW":"11","HV":"11","QV":"11","VR":"11","GV":"11","9W":"11","9X":"11","JV":"11","8X":"11","RV":"11","RR":"11","WR":"11"},"J7":{"V6":"11","X5":"11","Q6":"11","M6":"11","V5":"11","R6":"11","W5":"11","P6":"11","W6":"11"},"X4":{"85":"11","C7":"11","F9":"11","86":"11","G9":"11","C8":"11","F8":"11","75":"11","98":"11","97":"11","74":"11"}},"6X":{"64":{"FH":"11","GH":"11","GJ":"11","HH":"11","HJ":"11","FG":"11"},"WR":{"3V":"11"},"WV":{"F2":"11"}},"XQ":{"V3":{"QH":"11","R8":"11","2G":"11","X8":"11","6J":"11","H8":"11","6H":"11","4R":"11","G8":"11","CF":"11","3R":"11","X9":"11","FF":"11","8H":"11","W8":"11","V8":"11","QF":"11","7H":"11","CG":"11","XC":"11","2H":"11"},"CR":{"8M":"11","7P":"11","2M":"11","4P":"11","6P":"11","2J":"11","2P":"11","3P":"11","8P":"11"},"W2":{"QH":"11","QJ":"11","PW":"11","QR":"11","QP":"11","RJ":"11","PP":"11","QM":"11","QW":"11","QF":"11","QV":"11","PX":"11","QC":"11","RR":"11","QG":"11","RH":"11"},"Q3":{"MH":"11","PH":"11","XW":"11","MG":"11","64":"11","RG":"11","GX":"11","QG":"11","PG":"11","VG":"11"},"GQ":{"RX":"11","QX":"11"},"P8":{"5Q":"11","HX":"11","4P":"11","6R":"11","FW":"11","CW":"11","3J":"11","GX":"11","4Q":"11","3M":"11","CX":"11","FX":"11","2J":"11","4M":"11"},"M8":{"2R":"11","5G":"11","PG":"11","5F":"11","MG":"11","2Q":"11","6H":"11","2P":"11","CF":"11","VG":"11","FF":"11","3Q":"11","8H":"11","7H":"11","CJ":"11","5H":"11","9J":"11"},"X5":{"JP":"11","G9":"11","JQ":"11","GC":"11","HG":"11","HQ":"11","JR":"11","HJ":"11","G2":"11","F5":"11","JW":"11","JX":"11","HP":"11","F8":"11","GF":"11","F7":"11","F3":"11","F9":"11","JV":"11","HM":"11","HH":"11","F6":"11","F2":"11","GG":"11","F4":"11"},"GG":{"H4":"11","H6":"11","H8":"11","HJ":"11","GJ":"11","G2":"11","FW":"11","GR":"11","GP":"11","FV":"11","H2":"11","H7":"11","H3":"11","GV":"11","GM":"11","GQ":"11","H5":"11","HM":"11","HH":"11","FX":"11"},"QV":{"VM":"11"},"FM":{"R5":"11","V3":"11","PR":"11","V4":"11","QH":"11","PV":"11","R8":"11","R9":"11","RC":"11","QJ":"11","PW":"11","QQ":"11","RG":"11","R6":"11","V2":"11","QR":"11","RF":"11","R7":"11","QP":"11","QM":"11","QF":"11","QV":"11","Q9":"11","PX":"11","QC":"11","QG":"11","R4":"11"},"X2":{"V6":"11","PH":"11","R6":"11","PJ":"11","MM":"11","MJ":"11"},"HC":{"93":"11","C2":"11","C3":"11","92":"11"},"R3":{"6X":"11","2W":"11","3W":"11","4W":"11","3X":"11","5X":"11","4X":"11"},"RR":{"7H":"11"},"P2":{"RC":"11","X4":"11","R8":"11","W2":"11","QX":"11","W6":"11","MF":"11","QC":"11","PX":"11","X3":"11","PF":"11","MW":"11","W5":"11","HV":"11","QF":"11","X5":"11","PW":"11","R7":"11","V6":"11","R9":"11","X2":"11","V7":"11","W7":"11"},"P9":{"W9":"11","R8":"11","R9":"11","M5":"11","X9":"11","M4":"11","J3":"11","Q8":"11","V9":"11","Q9":"11","H3":"11","J4":"11"},"FP":{"J8":"11","FR":"11","M8":"11","M7":"11","J7":"11","M5":"11","P2":"11","JF":"11","P3":"11","FV":"11","HM":"11","J9":"11","FW":"11","HG":"11","HJ":"11","GM":"11","GQ":"11","M6":"11","CX":"11","M4":"11","GR":"11","FX":"11","CW":"11","HF":"11","GJ":"11","FQ":"11","P4":"11","JC":"11","GP":"11","HH":"11","M3":"11"},"R8":{"X8":"11","HJ":"11","MF":"11","CQ":"11","8R":"11","5W":"11","QF":"11","PF":"11","HH":"11","2X":"11","5V":"11","7R":"11","JG":"11","V9":"11","MG":"11","3X":"11","4X":"11","FM":"11","7V":"11","6V":"11","FP":"11","9P":"11","W9":"11","GM":"11","4W":"11","3W":"11","JH":"11","6R":"11","RC":"11","VC":"11","CP":"11","XR":"11","QC":"11","X6":"11","W8":"11","X7":"11","R9":"11","8Q":"11","9Q":"11","GJ":"11"},"Q9":{"F8":"11","V4":"11","7C":"11","R4":"11","6C":"11","99":"11","W2":"11","X3":"11","2C":"11","W3":"11","C8":"11","5C":"11","C7":"11","88":"11","8C":"11","89":"11","G7":"11","29":"11","3C":"11","H5":"11","98":"11","69":"11","F7":"11","4C":"11","X2":"11","J6":"11","G6":"11","H6":"11","V3":"11","79":"11","J5":"11","4F":"11","3F":"11"},"8X":{"QW":"11","PX":"11","PW":"11"},"9W":{"7H":"11"},"9R":{"VX":"11","VW":"11","RX":"11","WP":"11","VV":"11","WM":"11","WR":"11","WV":"11","WQ":"11"},"Q4":{"C4":"11","C5":"11","C2":"11","G2":"11","F5":"11","F3":"11","H2":"11","J2":"11","G3":"11","C6":"11","F2":"11","F4":"11"},"GR":{"Q2":"11"},"W7":{"5G":"11","PF":"11","R8":"11","R9":"11","PG":"11","FP":"11","MG":"11","7G":"11","JJ":"11","HJ":"11","JH":"11","GP":"11","FM":"11","9P":"11","4G":"11","Q8":"11","Q9":"11","7F":"11","8P":"11","5H":"11","GM":"11","6G":"11","MH":"11","QC":"11","HM":"11","4H":"11","PC":"11","CP":"11"},"XJ":{"JQ":"11","JP":"11"},"V8":{"3F":"11","2G":"11","3G":"11","27":"11","26":"11","4G":"11","3H":"11","35":"11","25":"11","44":"11","2H":"11","34":"11","2J":"11"},"R4":{"CC":"11","62":"11","VF":"11","WF":"11","Q7":"11","RF":"11","9C":"11","73":"11","CF":"11","FF":"11","M6":"11","Q6":"11","72":"11","M7":"11","QC":"11","84":"11","FG":"11","J7":"11","83":"11"},"X6":{"J8":"11","FR":"11","J7":"11","FV":"11","GV":"11","HM":"11","J9":"11","FW":"11","J2":"11","J4":"11","HG":"11","HJ":"11","GM":"11","GQ":"11","CX":"11","GR":"11","FX":"11","J3":"11","HF":"11","GJ":"11","HC":"11","H9":"11","H8":"11","GP":"11","HH":"11","J6":"11","J5":"11"},"FJ":{"WX":"11","WW":"11","XQ":"11","XR":"11","XV":"11","XP":"11","XM":"11","WV":"11","VX":"11","WR":"11"},"X3":{"3X":"11"},"X7":{"66":"11","96":"11","67":"11","36":"11","C2":"11","C5":"11","86":"11","57":"11","65":"11","46":"11","C3":"11","76":"11","55":"11","C4":"11","85":"11","45":"11","F2":"11","94":"11","95":"11","56":"11"},"R9":{"22":"11"},"W4":{"M3":"11","W2":"11"},"FQ":{"88":"11","96":"11","C6":"11","F5":"11","C2":"11","C3":"11","87":"11","86":"11","F4":"11","C5":"11","C4":"11","97":"11"},"GF":{"9F":"11","9C":"11","GW":"11","FR":"11","FV":"11","9G":"11","GX":"11","GV":"11","CG":"11","99":"11"},"H9":{"JP":"11","HR":"11","JQ":"11","WH":"11","HQ":"11","XJ":"11","GW":"11","HP":"11","FW":"11","XH":"11","GR":"11","FV":"11","GV":"11","CX":"11","FX":"11","WJ":"11"},"9V":{"M7":"11","M8":"11","FG":"11","J7":"11","P2":"11","P3":"11","FH":"11","J4":"11","P8":"11","Q2":"11","R2":"11","J3":"11","Q3":"11","P7":"11","H5":"11","H3":"11","FJ":"11","J6":"11","H6":"11","CG":"11","M3":"11","J5":"11"},"J9":{"C4":"11","5C":"11","6F":"11","5G":"11","87":"11","C5":"11","78":"11","5F":"11","88":"11","3G":"11","97":"11","7C":"11","F5":"11","4G":"11","96":"11","3H":"11","69":"11","89":"11","C6":"11","2H":"11","79":"11","98":"11","F4":"11","4F":"11","6C":"11"},"GH":{"6V":"11","7G":"11","7J":"11","6P":"11","5W":"11","96":"11","5X":"11","C2":"11","7M":"11","6M":"11","C5":"11","C6":"11","C3":"11","7F":"11","88":"11","5R":"11","8H":"11","8C":"11","89":"11","7H":"11","98":"11","6Q":"11","C4":"11","8F":"11","97":"11","5V":"11","6R":"11","F2":"11","95":"11"},"W3":{"CH":"11","9H":"11","PJ":"11","H7":"11","8H":"11","2H":"11","M2":"11","WW":"11","G8":"11","JV":"11","P2":"11","3J":"11","VQ":"11","3M":"11","F9":"11","5J":"11","6J":"11","7J":"11","RJ":"11","M4":"11","MP":"11","3P":"11","2C":"11","J7":"11","CJ":"11","G7":"11","GC":"11","2F":"11","2J":"11","9J":"11","2G":"11","M5":"11","3H":"11","FC":"11","J8":"11","G9":"11"},"GJ":{"37":"11","44":"11","2P":"11","38":"11","2J":"11","47":"11","2M":"11","52":"11","2H":"11","39":"11","46":"11","2G":"11","3G":"11","3C":"11","45":"11","53":"11","2F":"11","3F":"11"},"J8":{"RW":"11","XR":"11","VV":"11","GW":"11","FW":"11","VW":"11","QW":"11","QV":"11","XV":"11","WV":"11"}},"FX":{"37":{"44":"3|11","7G":"3","7C":"3","2P":"11","68":"3","6C":"3","2J":"11","2M":"11","2H":"11","58":"3","43":"11","57":"3","5C":"3","59":"3","7F":"3","46":"3","2X":"11","2V":"11","6F":"3","2W":"11","55":"3","2R":"11","69":"3","42":"11","45":"3","3J":"11","3H":"11","2Q":"11","56":"3"},"9G":{"5H":"11","2H":"11","3H":"11","4H":"11","3G":"11","2G":"11"},"9M":{"62":"11","38":"11","48":"11","4C":"11","64":"11","42":"11","33":"11","32":"11","55":"11","49":"11","46":"11","54":"11","43":"11","63":"11","52":"11","35":"11","57":"11","47":"11","37":"11","45":"11","44":"11","36":"11","39":"11","56":"11","34":"11","3C":"11","53":"11"},"GH":{"42":"11","52":"11","22":"11","32":"11","23":"11"},"FH":{"R3":"11","Q4":"11","W3":"11","X2":"11","M4":"11","X3":"11","Q3":"11","V3":"11","P4":"11"},"RP":{"C8":"11","62":"11","97":"11","73":"11","75":"11","74":"11","96":"11","63":"11","72":"11","C7":"11","86":"11","85":"11","84":"11","98":"11"},"38":{"8J":"11","CQ":"11","9J":"11","CR":"11","CP":"11","FR":"11"},"36":{"4W":"11","4X":"11"},"CH":{"8M":"11","9G":"11","8J":"11","9H":"11","CG":"11","2R":"11","2H":"11","3H":"11","CH":"11","9J":"11","8H":"11","2G":"11","3R":"11"},"PH":{"2X":"11","3X":"11"},"26":{"R5":"11","R3":"11","R6":"11","Q2":"11","R4":"11","Q3":"11","R2":"11"},"9J":{"4X":"11","44":"11","66":"11","5W":"11","83":"11","54":"11","75":"11","5X":"11","38":"11","93":"11","67":"11","47":"11","J2":"11","C2":"11","52":"11","82":"11","4W":"11","58":"11","F3":"11","39":"11","74":"11","73":"11","48":"11","57":"11","65":"11","C3":"11","46":"11","64":"11","76":"11","H2":"11","G3":"11","92":"11","3C":"11","55":"11","63":"11","49":"11","72":"11","85":"11","45":"11","4C":"11","84":"11","53":"11","94":"11","F2":"11","62":"11","G2":"11","56":"11","4F":"11"},"VR":{"X3":"11"},"25":{"VF":"11","VP":"11","WH":"11","VQ":"11","WP":"11","VC":"11","VG":"11","WQ":"11","VR":"11","RQ":"11","VH":"11"},"39":{"3J":"11","4J":"11","4P":"11","46":"11","4M":"11","4H":"11","45":"11"},"WR":{"44":"11","78":"11","FG":"11","66":"11","GH":"11","CM":"11","FH":"11","HM":"11","67":"11","77":"11","HG":"11","34":"11","HJ":"11","GM":"11","CP":"11","FM":"11","23":"11","HP":"11","35":"11","57":"11","46":"11","88":"11","JM":"11","CQ":"11","FP":"11","GG":"11","JP":"11","GJ":"11","89":"11","FQ":"11","55":"11","FJ":"11","CJ":"11","24":"11","45":"11","GP":"11","HH":"11","MR":"11","56":"11"},"7F":{"2R":"11","4R":"11","3R":"11"},"8J":{"XC":"11","WC":"11","X9":"11","RF":"11","RG":"11","V9":"11","RC":"11","VH":"11","WG":"11","VC":"11","W9":"11","VF":"11","VG":"11","WF":"11"},"GG":{"PR":"11","8W":"11","PV":"11","QR":"11","GW":"11","FW":"11","7X":"11","CW":"11","HV":"11","QV":"11","MV":"11","GV":"11","9W":"11","9X":"11","6X":"11","JV":"11","8X":"11","HW":"11","5X":"11"},"6F":{"XR":"11","5H":"11","5J":"11","MP":"11","7J":"11","5W":"11","RP":"11","HM":"11","5X":"11","WQ":"11","4H":"11","2H":"11","GM":"11","4W":"11","XQ":"11","8J":"11","2G":"11","JM":"11","RQ":"11","VQ":"11","JP":"11","6J":"11","PP":"11","4V":"11","4J":"11","QP":"11","3J":"11","5V":"11","3H":"11"},"JG":{"JG":"11"},"8G":{"C8":"11","G9":"11","PF":"11","VF":"11","78":"11","HC":"11","JC":"11","88":"11","GC":"11","RG":"11","77":"11","RF":"11","WG":"11","VG":"11","QF":"11","F9":"11","XG":"11","H9":"11","C9":"11","67":"11","PC":"11","98":"11","99":"11","MC":"11"},"PJ":{"63":"11","73":"11","42":"11","62":"11","52":"11","22":"11","32":"11","53":"11"},"9H":{"XR":"11","FR":"11","6W":"11","GX":"11","MP":"11","PV":"11","QV":"11","HW":"11","QR":"11","9V":"11","8V":"11","FV":"11","GV":"11","QQ":"11","FW":"11","7W":"11","JW":"11","CR":"11","CV":"11","XH":"11","7V":"11","CP":"11","9X":"11","GQ":"11","GW":"11","8Q":"11","HP":"11","CX":"11","6X":"11","GR":"11","MW":"11","FX":"11","CW":"11","PQ":"11","8X":"11","XG":"11","PR":"11","CQ":"11","9Q":"11","JV":"11","HV":"11","FP":"11","JP":"11","MV":"11","FQ":"11","9R":"11","JQ":"11","9W":"11","HR":"11","JX":"11","HQ":"11","PW":"11","7X":"11","MX":"11","HX":"11","8R":"11","8W":"11","MQ":"11","GP":"11","MR":"11","JR":"11"},"4C":{"6X":"11","7X":"11"},"27":{"XJ":"11","XQ":"11","XV":"11","XH":"11","XP":"11","XM":"11","XR":"11"},"RM":{"6W":"11","6V":"11","6R":"11","7Q":"11","6Q":"11","7P":"11","8P":"11","6X":"11"},"5F":{"38":"11","59":"11","7C":"11","WG":"11","XH":"11","49":"11","28":"11","69":"11","XG":"11","39":"11","79":"11","6C":"11"},"4F":{"F4":"11","P6":"11","W8":"11","83":"11","Q7":"11","93":"11","82":"11","M6":"11","G5":"11","C3":"11","G4":"11","Q6":"11","P7":"11","X8":"11","H5":"11","R7":"11","72":"11","C4":"11","F5":"11","V7":"11","J6":"11","62":"11","W7":"11","J5":"11"},"MH":{"XW":"11","WX":"11","RW":"11","XX":"11","MJ":"11","PR":"11","WW":"11","QR":"11","VV":"11","PQ":"11","VW":"11","PM":"11","PP":"11","MM":"11","QV":"11","RV":"11"}},"WR":{"M8":{"V4":"11","RM":"11","W9":"11","VP":"11","VQ":"11","V6":"11","RP":"11","RJ":"11","V8":"11","V9":"11","RQ":"11","V5":"11","WC":"11","V7":"11","RH":"11"},"M7":{"7P":"11","FM":"11","CM":"11","4P":"11","6P":"11","5P":"11","2P":"11","QV":"11","PR":"11","QR":"11","3P":"11"},"9M":{"GX":"11","MP":"11","MM":"11","HW":"11","RC":"11","X4":"11","RF":"11","R8":"11","PM":"11","W6":"11","QH":"11","PH":"11","X3":"11","GW":"11","W3":"11","V8":"11","W5":"11","JV":"11","HV":"11","W4":"11","QF":"11","PJ":"11","QG":"11","JQ":"11","PP":"11","V9":"11","V6":"11","HX":"11","R9":"11","X2":"11","V7":"11","MQ":"11","W7":"11","JR":"11"},"G8":{"GX":"11","HW":"11","RP":"11","QQ":"11","JW":"11","WH":"11","XH":"11","GW":"11","CX":"11","FX":"11","PQ":"11","XG":"11","PR":"11","JV":"11","MV":"11","VJ":"11","QP":"11","HX":"11","WJ":"11","MR":"11","RM":"11","VM":"11"},"MP":{"2X":"11","4R":"11","4W":"11","56":"11","45":"11","55":"11","4V":"11","4Q":"11"},"RC":{"R3":"11","V4":"11","Q4":"11","P5":"11","R4":"11","Q3":"11","P4":"11","W4":"11"},"J7":{"MC":"11","JC":"11","HC":"11","PC":"11","XP":"11","XM":"11","H9":"11"},"WC":{"42":"11","22":"11","32":"11","23":"11"},"9V":{"V6":"11","V7":"11","W7":"11","R6":"11","X8":"11","W8":"11","W6":"11"},"FV":{"XJ":"11","HW":"11","GV":"11","QQ":"11","RP":"11","FW":"11","XH":"11","9X":"11","GW":"11","CX":"11","WM":"11","FX":"11","PQ":"11","PR":"11","JV":"11","HV":"11","VJ":"11","QP":"11","WJ":"11","MQ":"11","MR":"11","RM":"11","JR":"11","VM":"11"},"GV":{"78":"11","68":"11","P3":"11","96":"11","J4":"11","77":"11","2H":"11","87":"11","C5":"11","Q2":"11","M4":"11","86":"11","C6":"11","G5":"11","5C":"11","59":"11","V2":"11","2G":"11","R2":"11","Q3":"11","3G":"11","R3":"11","H4":"11","P4":"11","H5":"11","69":"11","97":"11","4C":"11","F5":"11","M3":"11","4F":"11","3F":"11"},"HM":{"5J":"11","3J":"11","5H":"11","6H":"11","4J":"11","4M":"11","3M":"11"},"CH":{"Q2":"11"},"FW":{"73":"11","92":"11","82":"11","54":"11","63":"11","72":"11","25":"11","24":"11","44":"11","34":"11","53":"11"},"CV":{"CV":"11","FV":"11","CR":"11"},"GM":{"RX":"11","QX":"11"},"CP":{"CC":"11","59":"11","X8":"11","9C":"11","7C":"11","CF":"11","FF":"11","29":"11","49":"11","W8":"11","V8":"11","69":"11","89":"11","39":"11","2C":"11","FG":"11","79":"11","8C":"11","GG":"11","99":"11","6C":"11"},"GR":{"VX":"11","WX":"11"},"P9":{"R5":"11","X5":"11","V5":"11","P5":"11","W5":"11","P6":"11","Q5":"11"},"CW":{"X5":"11","X4":"11","W4":"11"},"9P":{"M8":"11","W9":"11","R9":"11","RC":"11","H6":"11","G2":"11","VC":"11","X9":"11","P9":"11","M9":"11","H7":"11","G4":"11","WC":"11","G3":"11","J8":"11","PC":"11","J7":"11","F4":"11"},"FP":{"M7":"11","M8":"11","7G":"11","V5":"11","6C":"11","Q7":"11","38":"11","J9":"11","P8":"11","39":"11","28":"11","R6":"11","5C":"11","8H":"11","Q6":"11","W5":"11","6F":"11","P7":"11","X5":"11","29":"11","7H":"11","3C":"11","6G":"11","49":"11","M9":"11","R7":"11","V6":"11","JC":"11","4C":"11","5F":"11"},"JP":{"XX":"11","WX":"11"},"X9":{"J8":"11","M8":"11","G8":"11","7C":"11","W8":"11","C9":"11","R8":"11","Q8":"11","6C":"11","99":"11","P8":"11","V8":"11","89":"11","6F":"11","G9":"11","X8":"11","H9":"11","H8":"11","69":"11","F9":"11","79":"11"},"FC":{"85":"11","84":"11","95":"11","J2":"11","2H":"11","94":"11","F4":"11","66":"11","H2":"11","C5":"11","76":"11","C4":"11","75":"11","65":"11","M2":"11","74":"11"},"G9":{"68":"11","75":"11","67":"11","93":"11","C2":"11","77":"11","2H":"11","58":"11","86":"11","5C":"11","59":"11","C3":"11","2G":"11","76":"11","3G":"11","92":"11","69":"11","85":"11","4C":"11","84":"11","F2":"11","94":"11","4F":"11","3F":"11"},"JH":{"V8":"11","R7":"11","X8":"11","R8":"11","W8":"11"},"JQ":{"RF":"11","RG":"11","RC":"11","PM":"11","W2":"11","X2":"11","PJ":"11","MM":"11"},"HR":{"MP":"11","MM":"11","PM":"11","GQ":"11","5P":"11","HP":"11","4Q":"11","JM":"11","CQ":"11","FP":"11","JP":"11","3Q":"11","FQ":"11","PJ":"11","2R":"11","4P":"11","GP":"11","3R":"11","QJ":"11"},"PG":{"GR":"11","GP":"11","FM":"11","GM":"11","FJ":"11","GQ":"11","CJ":"11","FR":"11"},"CF":{"XW":"11","XX":"11","XV":"11"},"H8":{"68":"11","67":"11","77":"11","58":"11","F3":"11","86":"11","59":"11","C3":"11","2G":"11","76":"11","G3":"11","3C":"11","49":"11","C4":"11","85":"11","4C":"11","94":"11","F2":"11","95":"11","G2":"11","2F":"11","3F":"11"},"V9":{"RW":"11","PR":"11","HR":"11","QR":"11","JR":"11","QX":"11","CV":"11","RX":"11","MR":"11","GR":"11","FR":"11","CR":"11","FV":"11","QV":"11","RV":"11","9V":"11","RR":"11"},"Q9":{"V3":"11","Q3":"11","C5":"11","P4":"11","H6":"11","64":"11","Q4":"11","M5":"11","73":"11","M4":"11","54":"11","74":"11","F7":"11","63":"11","J5":"11","35":"11","H7":"11","25":"11","24":"11","J6":"11","R3":"11","P5":"11","44":"11","C6":"11","F6":"11","34":"11","R4":"11"},"F9":{"MX":"11","QW":"11","JX":"11","WP":"11","VP":"11","WM":"11","VR":"11","XJ":"11","RQ":"11","RV":"11","PX":"11","WQ":"11","QV":"11","PW":"11","XH":"11","RR":"11","VQ":"11","XM":"11"},"R9":{"87":"11","77":"11"},"GP":{"96":"11","J7":"11","C7":"11","J8":"11","C6":"11","H7":"11","35":"11","F7":"11","86":"11","66":"11","56":"11","25":"11","45":"11","Q2":"11","76":"11","55":"11","97":"11","M8":"11","65":"11","R2":"11","F6":"11","P8":"11","G7":"11"},"CG":{"QW":"11","RX":"11","W8":"11","X4":"11","WC":"11","RP":"11","RR":"11","QX":"11","X6":"11","W6":"11","WF":"11","W9":"11","X3":"11","VG":"11","VF":"11","W5":"11","RQ":"11","VQ":"11","X5":"11","RW":"11","RV":"11","WG":"11","VH":"11","VJ":"11","X2":"11","W7":"11","VP":"11","VM":"11"},"JR":{"GH":"11","FH":"11","9G":"11","CG":"11","FJ":"11","QH":"11","QJ":"11","FG":"11","PJ":"11"},"VC":{"X3":"11"}},"WV":{"5Q":{"C2":"11","C3":"11"},"87":{"93":"11","GQ":"11","C7":"11","JW":"11","FR":"11","HP":"11","HW":"11","HM":"11","C6":"11","GG":"11","83":"11","82":"11","FM":"11","GV":"11","HX":"11","JV":"11","HQ":"11","FP":"11","GM":"11","JX":"11","96":"11","GW":"11","F9":"11","GR":"11","95":"11","FG":"11","FJ":"11","94":"11","C8":"11","F8":"11","FV":"11","FQ":"11","FF":"11","GF":"11","C5":"11","GH":"11","FH":"11","HR":"11","GJ":"11","HV":"11","FC":"11","GP":"11"},"6V":{"5G":"11","6J":"11","6H":"11","5F":"11","6G":"11","7J":"11","7H":"11","6F":"11"},"5V":{"W2":"11","V2":"11"},"88":{"J8":"11","GX":"11","HW":"11","J7":"11","JF":"11","GV":"11","H7":"11","HM":"11","J9":"11","J2":"11","HG":"11","HJ":"11","GW":"11","HP":"11","GR":"11","H2":"11","HV":"11","HF":"11","H4":"11","HC":"11","HR":"11","H9":"11","H8":"11","HQ":"11","H5":"11","H3":"11","JC":"11","HH":"11","J6":"11","H6":"11","G2":"11"},"64":{"2F":"11","3G":"11","2G":"11"},"6J":{"G3":"11","F4":"11","H2":"11","F3":"11","C4":"11","G2":"11"},"7G":{"FG":"11","C9":"11","FH":"11","FF":"11","HM":"11","CH":"11","CC":"11","GM":"11","GQ":"11","F3":"11","FM":"11","HP":"11","JV":"11","FP":"11","GJ":"11","FC":"11","JQ":"11","HR":"11","CF":"11","HQ":"11","FJ":"11","CJ":"11","GP":"11","F2":"11","CG":"11","G2":"11","JR":"11"},"3P":{"VP":"11","WP":"11","WM":"11","VJ":"11","WQ":"11"},"6H":{"PV":"11","QR":"11","RP":"11","QQ":"11","JW":"11","WH":"11","XH":"11","XF":"11","MW":"11","PQ":"11","XG":"11","PR":"11","MV":"11","WG":"11","JX":"11","VJ":"11","QP":"11","HX":"11","WJ":"11","MR":"11","RM":"11","VM":"11"},"7C":{"WX":"11","WW":"11","XQ":"11","XR":"11","VV":"11","WP":"11","XJ":"11","XH":"11","WQ":"11","VW":"11","XP":"11","XM":"11","WV":"11","VX":"11","WR":"11"},"6R":{"37":"11","5H":"11","5J":"11","9M":"11","38":"11","2J":"11","36":"11","47":"11","CR":"11","4H":"11","2H":"11","34":"11","3V":"11","25":"11","39":"11","23":"11","35":"11","48":"11","5M":"11","33":"11","CQ":"11","9Q":"11","2V":"11","9P":"11","4M":"11","3G":"11","4G":"11","49":"11","2R":"11","4J":"11","24":"11","3J":"11","4C":"11","3H":"11"},"54":{"6F":"11","8F":"11","VF":"11","WF":"11","9F":"11","PG":"11","RG":"11","MG":"11","RF":"11","CF":"11","FF":"11","8G":"11","7F":"11","9G":"11","CG":"11","XG":"11","XF":"11","QG":"11"},"75":{"R5":"11","P4":"11","M2":"11","Q4":"11","R6":"11","V6":"11","J3":"11","J2":"11","M3":"11","P3":"11","R4":"11"},"6Q":{"7C":"11","5J":"11","6Q":"11","7F":"11","69":"11","5P":"11","79":"11","4H":"11","6P":"11","4J":"11"},"74":{"HX":"11","JX":"11","HW":"11","JW":"11"},"7H":{"F8":"11","M7":"11","GC":"11","G8":"11","J7":"11","M5":"11","FF":"11","H7":"11","F6":"11","CC":"11","M6":"11","39":"11","2C":"11","P5":"11","C8":"11","FC":"11","G9":"11","G7":"11","29":"11","3C":"11","H9":"11","H8":"11","H5":"11","F9":"11","F7":"11","J6":"11","G6":"11","H6":"11","2F":"11","J5":"11"},"7F":{"V3":"11","MF":"11","MH":"11","GX":"11","P8":"11","Q6":"11","R7":"11","PF":"11","Q8":"11","HP":"11","HW":"11","R2":"11","MG":"11","JM":"11","PH":"11","PC":"11","GV":"11","R3":"11","JQ":"11","HQ":"11","P9":"11","MM":"11","Q9":"11","V2":"11","R5":"11","GW":"11","PG":"11","JH":"11","Q7":"11","V4":"11","FX":"11","Q5":"11","QC":"11","R4":"11","JP":"11","MJ":"11","JJ":"11","JR":"11","HR":"11","HV":"11","R6":"11"},"5R":{"WX":"11","8W":"11","VV":"11","9W":"11","9X":"11","8X":"11","8V":"11","9V":"11","VX":"11"},"89":{"F5":"11","9C":"11","G3":"11","7Q":"11","C7":"11","5W":"11","8G":"11","6W":"11","F4":"11","7R":"11","C6":"11","5X":"11","7P":"11","8H":"11","F3":"11","6V":"11","F6":"11","F2":"11","8M":"11","9G":"11","98":"11","8J":"11","G2":"11","6X":"11","6R":"11","8F":"11","7J":"11","7M":"11","C8":"11","9F":"11","C9":"11","99":"11","6Q":"11","C5":"11","7H":"11"},"GH":{"GH":"11"},"86":{"8W":"11","7Q":"11","7P":"11","8V":"11","7W":"11","8X":"11","7V":"11","7R":"11"},"5P":{"HR":"11","PV":"11","JQ":"11","HX":"11","JR":"11","MQ":"11","GW":"11","MR":"11","GR":"11","PM":"11","MW":"11","PP":"11","MM":"11","MV":"11","GX":"11","GQ":"11","MP":"11"},"8C":{"37":"11","44":"11","54":"11","38":"11","2J":"11","36":"11","47":"11","52":"11","2H":"11","43":"11","39":"11","2C":"11","48":"11","46":"11","2G":"11","3C":"11","45":"11","53":"11","2F":"11","3F":"11"},"4M":{"8F":"11","GJ":"11","8C":"11","GM":"11","CC":"11","FC":"11","7C":"11","6F":"11","7F":"11","6C":"11"}},"CW":{"5W":{"8X":"11"}},"8X":{"GH":{"4X":"11","8M":"11","5J":"11","9G":"11","9M":"11","3X":"11","8P":"11","3W":"11","5Q":"11","9J":"11","4W":"11","6M":"11","5P":"11","8Q":"11","5M":"11","8J":"11","88":"11","5R":"11","8H":"11","9Q":"11","8C":"11","9P":"11","89":"11","8G":"11","9R":"11","9H":"11","8F":"11","5V":"11","8R":"11"},"88":{"CC":"11","FH":"11","CF":"11","FF":"11","CG":"11","C9":"11","FG":"11","CH":"11"},"34":{"Q8":"11","R7":"11","Q7":"11","R8":"11","P7":"11","P6":"11"},"QW":{"4X":"11"},"MQ":{"G4":"11","G3":"11","G6":"11","H5":"11","H4":"11","H6":"11","H2":"11","G5":"11","F2":"11","H3":"11","G2":"11"},"RH":{"J9":"11","C5":"11","JC":"11","JF":"11","F5":"11","GR":"11","H9":"11","GQ":"11","JG":"11","F6":"11"},"GJ":{"5C":"11","8F":"11","59":"11","33":"11","7G":"11","7C":"11","8H":"11","46":"11","8G":"11","43":"11","57":"11","7F":"11","47":"11","69":"11","68":"11","45":"11","44":"11","56":"11","34":"11","58":"11","6C":"11"},"77":{"Q9":"11","QC":"11"},"QX":{"C4":"11","C3":"11","62":"11","42":"11","73":"11","M6":"11","P8":"11","93":"11","P9":"11","Q8":"11","G4":"11","52":"11","J5":"11","P7":"11","72":"11","Q9":"11","J6":"11","M7":"11","G5":"11","H5":"11","QC":"11","83":"11","F4":"11"},"76":{"HR":"11","FP":"11","8J":"11","FQ":"11","6J":"11","8M":"11","6H":"11","GR":"11","CQ":"11","HV":"11","9M":"11","7H":"11","JV":"11","GQ":"11","7J":"11","CM":"11","CP":"11","9J":"11"},"22":{"CF":"11","9C":"11","9F":"11"},"MP":{"JP":"11","HR":"11","PV":"11","JQ":"11","QQ":"11","FQ":"11","QR":"11","HQ":"11","RP":"11","PQ":"11","QP":"11","HP":"11","CQ":"11","PM":"11","9H":"11","PP":"11","QM":"11","MM":"11","QV":"11","RQ":"11","GQ":"11","RV":"11","RR":"11","MP":"11"}},"GG":{"83":{"92":"11"},"82":{"9X":"11"}},"FC":{"QJ":{"M5":"11","37":"11","47":"11","46":"11","H5":"11","P5":"11","56":"11","27":"11","J5":"11"},"JQ":{"5F":"11","4F":"11"}},"XX":{"8X":{"7R":"11","8W":"11","8R":"11","GW":"11","FW":"11","7Q":"11","7P":"11","9W":"11","9X":"11","8V":"11","FX":"11"}},"9W":{"RX":{"6V":"11","5V":"11","6R":"11","2X":"11","5W":"11","3X":"11","4W":"11","4X":"11"}},"CF":{"QH":{"CG":"11","FC":"11","72":"11","FG":"11"},"MF":{"CX":"11","CW":"11"},"QG":{"7X":"11","6V":"11","6W":"11"},"PG":{"F6":"11"}},"7X":{"48":{"53":"11"},"38":{"M2":"11"}},"VX":{"VP":{"2R":"11","6F":"11","8F":"11","5G":"11","88":"11","6J":"11","2Q":"11","7G":"11","3P":"11","6H":"11","9C":"11","7C":"11","2P":"11","4P":"11","5J":"11","3Q":"11","2M":"11","7H":"11","3J":"11","7F":"11","89":"11","5H":"11","6G":"11","3M":"11","5M":"11","79":"11","4H":"11","8C":"11","98":"11","4M":"11","4J":"11","99":"11"},"QR":{"8J":"11","6J":"11","CF":"11","5J":"11","8H":"11","9H":"11","9G":"11","CG":"11","7J":"11","5M":"11","4J":"11"},"RP":{"RW":"11","XQ":"11","VV":"11","QX":"11","RX":"11","WQ":"11","VW":"11","VR":"11","XP":"11","XM":"11","RV":"11","WV":"11","VX":"11","WR":"11"},"G2":{"XX":"11"},"JX":{"HX":"11","GX":"11"},"CW":{"RF":"11"},"CR":{"J4":"11"},"F3":{"P2":"11","P3":"11","Q2":"11"},"H2":{"FP":"11","HJ":"11","GJ":"11","JH":"11","GP":"11","FM":"11","GM":"11","JG":"11","HH":"11"},"J2":{"C3":"11"},"RQ":{"Q3":"11","2W":"11","P4":"11","Q4":"11","M4":"11","R2":"11","Q2":"11","5R":"11","R3":"11","P5":"11","P3":"11"},"GX":{"HW":"11"},"XM":{"F3":"11","29":"11"},"F2":{"RW":"11","VP":"11","VQ":"11","VV":"11","WP":"11","QX":"11","RX":"11","QW":"11","VR":"11","RV":"11","RR":"11"},"FX":{"8X":"11","5P":"11"}},"XV":{"J9":{"2R":"11","8J":"11","6J":"11","FH":"11","4P":"11","3R":"11","3Q":"11","9H":"11","8H":"11","2V":"11","4Q":"11","7J":"11","5P":"11","5M":"11","6M":"11","CH":"11","FJ":"11"},"8R":{"VF":"11","W9":"11","X7":"11","VJ":"11","VC":"11","VG":"11","W8":"11","V9":"11","W7":"11","X3":"11","VH":"11","WJ":"11","X4":"11","X5":"11"},"P4":{"VX":"11","VW":"11","RX":"11"},"HC":{"8W":"3","8R":"3","9Q":"3","7X":"3","CQ":"3","9R":"3","7W":"3","6X":"3","8V":"3","9V":"3","CP":"3"},"9Q":{"R5":"11","V4":"11","3F":"11","R6":"11","V6":"11","R7":"11","3X":"11","W4":"11","96":"11","76":"11","V5":"11","X3":"11","86":"11","C6":"11","95":"11","W5":"11","2C":"11","3C":"11","X4":"11","4X":"11"},"Q4":{"6J":"11","2Q":"11","3P":"11","6H":"11","2P":"11","4P":"11","5J":"11","3M":"11","5M":"11","4M":"11"},"V2":{"FR":"11","RJ":"11","MP":"11","MM":"11","PM":"11","WF":"11","RH":"11","GQ":"11","VG":"11","XF":"11","GR":"11","QM":"11","JP":"11","PJ":"11","JQ":"11","HR":"11","WG":"11","HQ":"11","VH":"11","QJ":"11"},"7X":{"37":"11","28":"11","47":"11","35":"11","36":"11","46":"11","27":"11","45":"11","38":"11"},"CQ":{"33":"11","42":"11","32":"11","23":"11"},"9R":{"22":"11","32":"11","23":"11"},"9P":{"2W":"11","3W":"11","4W":"11","2V":"11"},"HF":{"62":"3","27":"3","26":"3","43":"3","52":"3","35":"3","25":"3","36":"3","44":"3","34":"3","53":"3"},"GF":{"MJ":"3","PJ":"3","QH":"3","W9":"3","PG":"3","RC":"3","X7":"3","PH":"3","X8":"3","RF":"3","VC":"3","W8":"3","JM":"3","MM":"3","QF":"3","V9":"3","QG":"3"},"7W":{"R5":"11","8V":"11","R3":"11","V4":"11","V5":"11","7X":"11","V2":"11","R6":"11","8R":"11","9V":"11","R2":"11","V3":"11"},"8Q":{"W9":"11","R9":"11","V2":"11","VC":"11","V9":"11","WC":"11","XC":"11","W2":"11"},"8P":{"VX":"11","XW":"11","XV":"11","WW":"11","WX":"11"},"M7":{"36":"3","27":"3","26":"3"},"H9":{"VX":"11","VW":"11","WV":"11","XV":"11","WW":"11"},"8V":{"CC":"11","C8":"11","9F":"11","P4":"11","H6":"11","M5":"11","9C":"11","G8":"11","M4":"11","F8":"11","F7":"11","J5":"11","G6":"11","F9":"11","J6":"11","H5":"11","C9":"11","G7":"11"},"P5":{"MC":"11","M9":"11","M8":"11","R2":"11","P7":"11","P6":"11","P8":"11"},"CM":{"MX":"11","JX":"11","HQ":"11","3C":"11","HR":"11","4C":"11","GG":"11","HV":"11","4F":"11","HM":"11","HJ":"11","FG":"11","4G":"11","3F":"11","HP":"11"},"J8":{"R4":"11","R8":"11","Q8":"11","Q4":"11","MF":"11","QC":"11","Q2":"11","R6":"11","V8":"11","PF":"11","MW":"11","R5":"11","P9":"11","PC":"11","JM":"11","JJ":"11","MG":"11","JP":"11","MV":"11","Q3":"11","JH":"11","JQ":"11","PW":"11","Q9":"11","V6":"11","V7":"11","MR":"11","MJ":"11","JR":"11","MH":"11"},"J7":{"W9":"3","VF":"3","WF":"3","X7":"3","VP":"11","X8":"3","RP":"11","VC":"3","VG":"3","X9":"3","RQ":"11","WC":"3","RR":"11"},"CP":{"8V":"11","7W":"11","J2":"11","7V":"11","5X":"11","5W":"11","6W":"11","9V":"11","M2":"11","4X":"11"},"W2":{"F4":"11","68":"11","67":"11","J2":"11","77":"11","58":"11","C5":"11","39":"11","F3":"11","2C":"11","48":"11","86":"11","57":"11","76":"11","H2":"11","G3":"11","3C":"11","49":"11","C4":"11","85":"11","95":"11","G2":"11","2F":"11"}},"WX":{"9W":{"WJ":"11","WM":"11","RF":"11","J3":"11","VH":"11","H2":"11","WH":"11","VF":"11","XP":"11","XM":"11","H3":"11","VG":"11","G2":"11"},"34":{"PM":"11","QJ":"11","QM":"11","PJ":"11"},"8V":{"W2":"11","X2":"11","X4":"11","X3":"11"},"CW":{"5G":"11","6G":"11"},"6G":{"28":"11"},"8R":{"VW":"11","G8":"11","JF":"11","QQ":"11","RR":"11","PM":"11","PH":"11","WW":"11","VR":"11","QM":"11","RQ":"11","MG":"11","JG":"11","G9":"11","G7":"11","HC":"11","PJ":"11","RV":"11","H9":"11","VV":"11","QP":"11","F7":"11","JC":"11","WX":"11","MH":"11"},"9V":{"23":"11","6F":"11","48":"11","59":"11","HX":"11","7G":"11","7C":"11","CV":"11","GW":"11","FW":"11","CQ":"11","FR":"11","8H":"11","CR":"11","46":"11","FV":"11","8G":"11","35":"11","57":"11","7F":"11","47":"11","37":"11","GV":"11","GX":"11","25":"11","24":"11","69":"11","36":"11","58":"11","6C":"11"},"R2":{"V8":"11","V7":"11","V9":"11","VC":"11","VF":"11","VG":"11"},"MJ":{"64":"11"}},"CG":{"J7":{"XX":"11"},"J8":{"VX":"11","VW":"11","VV":"11","WR":"11","XQ":"11","WV":"11","WQ":"11","XP":"11"},"J9":{"CF":"11","CG":"11","V2":"11"},"M7":{"2X":"11","3X":"11"},"M8":{"2C":"11","2F":"11","2G":"11","22":"11","32":"11","26":"11"}},"QJ":{"GX":{"X5":"11","X4":"11"}}}}