{"index":{"university,1|retail,2|tourism,3|wreck,4|historical,5|artsCulture,6|namedBuilding,7|water,8|wetland,9|park,10|beach,11|natureReserve,12|cemetery,13|trail,14":{}},"67":{"8J":{"CG":{"7G":"11","5G":"11","8J":"11","9H":"11","5H":"11","6H":"11","5F":"11","6G":"11","7J":"11","8H":"11","7H":"11","6F":"11"}},"V6":{"RM":{"32":"11"},"GM":{"87":"11","H6":"11","R8":"11"},"QG":{"QF":"11"},"HM":{"Q3":"11"},"RR":{"P2":"11"}},"H7":{"85":{"W5":"11"}},"R7":{"M8":{"28":"11"},"5C":{"45":"11"},"PJ":{"36":"11"},"PF":{"FW":"11"},"GC":{"F3":"11"},"49":{"9V":"11"},"MW":{"F4":"11"},"X3":{"88":"11","68":"11","78":"11","79":"11","58":"11"},"CH":{"JV":"11"},"83":{"57":"11"}},"C2":{"H7":{"M5":"11","H5":"11","J5":"11"},"HM":{"8C":"11","89":"11"},"6F":{"37":"11","38":"11"}},"2J":{"25":{"FV":"11"}},"XQ":{"CG":{"X7":"11"},"FG":{"27":"11"}},"VF":{"36":{"RP":"11","RQ":"11","QQ":"11","QM":"11","QP":"11"}},"G4":{"C3":{"74":"11"}},"M8":{"W6":{"GW":"11","GV":"11","FV":"11"}},"CF":{"GH":{"W6":"11"},"GP":{"8X":"11"},"FX":{"HM":"11"},"H7":{"8P":"11"},"G8":{"VX":"11","X4":"11"},"P2":{"R4":"11"},"CW":{"6F":"11"},"HC":{"J9":"11"},"CV":{"Q6":"11"},"GG":{"XQ":"11"},"J5":{"GV":"11"},"HM":{"77":"11"},"H9":{"FF":"11"},"P4":{"JM":"11"}},"JC":{"R3":{"H6":"11","H8":"11","J3":"11","J5":"11","H7":"11","J6":"11","H9":"11","H5":"11","J7":"11","J4":"11"},"VV":{"MM":"11"},"76":{"9P":"11","FM":"11","CM":"11","CQ":"11","FJ":"11","9Q":"11","CP":"11"}},"QW":{"HG":{"W4":"11"}},"X5":{"9X":{"4P":"11","5R":"11","4M":"11","6V":"11","4Q":"11","5V":"11","5Q":"11"},"9R":{"Q6":"11","M6":"11","XG":"11","P6":"11","W8":"11"}},"49":{"88":{"W2":"11","X2":"11"},"CF":{"QJ":"11","WH":"11","VQ":"11","RP":"11","WP":"11","QP":"11","WQ":"11","RJ":"11","QM":"11","RQ":"11","XP":"11","VH":"11","XM":"11","RH":"11"},"87":{"XX":"11","XQ":"11","XV":"11","XR":"11","WX":"11"},"CC":{"V8":"11","R8":"11","W8":"11"},"FC":{"6X":"11"},"FF":{"9G":"11","FG":"11","JF":"11","FH":"11","F6":"11","CH":"11","2M":"11","MF":"11","73":"11","C6":"11","C8":"11","C7":"11","88":"11","8H":"11","MG":"11","JG":"11","9H":"11","63":"11","98":"11","72":"11","F7":"11","97":"11","JC":"11","G6":"11","62":"11","CG":"11","MH":"11"},"FG":{"44":"11","F8":"11","G8":"11","MP":"11","66":"11","C9":"11","54":"11","QM":"11","JM":"11","JP":"11","G9":"11","PP":"11","55":"11","F9":"11","QP":"11","45":"11","MQ":"11","RM":"11","56":"11"},"97":{"2Q":"11","3W":"11","4W":"11","2V":"11","3V":"11","3R":"11"}},"JJ":{"8Q":{"8X":"11"}},"XR":{"JP":{"4M":"11","5M":"11"}},"Q6":{"V6":{"FV":"11"},"84":{"H5":"11"},"5R":{"X5":"11"},"3V":{"2C":"11"},"4Q":{"F2":"11"}},"W3":{"C4":{"WP":"11","WR":"11","XQ":"11","WQ":"11","XM":"11"},"C5":{"64":"11","45":"11","55":"11","65":"11"},"9Q":{"Q9":"11","QC":"11","Q8":"11","PF":"11","Q7":"11","PC":"11","P9":"11","P7":"11"},"JF":{"V6":"11","V8":"11","V7":"11"},"73":{"MJ":"11","PJ":"11","PH":"11","XQ":"11","XR":"11","JH":"11","WQ":"11","MH":"11","WR":"11"},"9H":{"F8":"11","7G":"11","7C":"11","P2":"11","M5":"11","C9":"11","P3":"11","H7":"11","99":"11","M6":"11","M4":"11","P5":"11","C8":"11","M2":"11","7F":"11","C7":"11","8C":"11","89":"11","6F":"11","G7":"11","6G":"11","98":"11","F7":"11","J6":"11","G6":"11","H6":"11","79":"11","M3":"11"},"82":{"6J":"11","5J":"11","2M":"11","3H":"11","3J":"11","3M":"11","5M":"11","6M":"11","4H":"11","2J":"11","4J":"11"},"GF":{"VP":"11","WJ":"11","RP":"11","WM":"11","XJ":"11","RQ":"11","VM":"11","RR":"11"},"74":{"XW":"11","X7":"11","WP":"11","X6":"11","XH":"11","WQ":"11","WM":"11","QV":"11","XV":"11","XG":"11","X3":"11","WV":"11","XF":"11","X4":"11","WR":"11","X5":"11"},"9M":{"34":"11","33":"11","22":"11","32":"11","23":"11"},"M9":{"48":"11","69":"11","49":"11","59":"11","58":"11"},"F3":{"JJ":"11","9J":"11","CJ":"11"},"72":{"WP":"11","VP":"11","WM":"11","VR":"11","RV":"11","RR":"11","VQ":"11","XM":"11"},"CG":{"MJ":"11","FQ":"11","JJ":"11","HQ":"11","CV":"11","HP":"11","7X":"11","GR":"11","CW":"11","GP":"11","FR":"11","FV":"11","JM":"11","MM":"11","9W":"11","9X":"11","8X":"11","GQ":"11","HM":"11"},"85":{"R5":"11","C4":"11","P4":"11","Q4":"11","R6":"11","R7":"11","M4":"11","Q5":"11","92":"11","93":"11","82":"11","J3":"11","72":"11","M3":"11","83":"11","94":"11"},"95":{"J8":"11","FR":"11","MM":"11","R8":"11","83":"11","FF":"11","QH":"11","WF":"11","RH":"11","GQ":"11","VG":"11","VF":"11","GR":"11","JM":"11","JP":"11","FC":"11","FQ":"11","JQ":"11","CF":"11","H8":"11","WG":"11","HQ":"11","VH":"11","F9":"11","R9":"11","84":"11","QJ":"11","VC":"11"},"84":{"6W":"11","2F":"11","2W":"11","3W":"11","2G":"11","42":"11","27":"11","7X":"11","2X":"11","5W":"11","3X":"11","43":"11","26":"11","4W":"11","52":"11","25":"11","6X":"11","8X":"11","2C":"11","2H":"11"},"83":{"2R":"11","5X":"11","2V":"11","5W":"11"},"F4":{"2M":"11","2J":"11","2P":"11"},"9J":{"PM":"11","7V":"11","PP":"11","MP":"11","MM":"11"},"94":{"JV":"11","JW":"11"}},"G9":{"FC":{"57":"11","47":"11","46":"11","56":"11"}},"RH":{"48":{"GP":"11"},"49":{"WR":"11"},"5P":{"38":"11"},"6W":{"9H":"11"},"5Q":{"V9":"11"}},"QJ":{"Q9":{"WP":"11","RP":"11","CH":"11","WQ":"11","2H":"11","HJ":"11","9J":"11","XP":"11","XQ":"11","WM":"11","XM":"11","JJ":"11","JH":"11","9H":"11","CJ":"11","HH":"11","3H":"11","MJ":"11","RM":"11","VP":"11","MH":"11","VM":"11"},"96":{"VX":"11","FP":"11"},"J9":{"J9":"11","HC":"11","JF":"11","GC":"11","HG":"11","H8":"11","HJ":"11","JH":"11","H9":"11","JG":"11","HH":"11","J8":"11"},"F9":{"F8":"11"},"QC":{"W2":"11","W3":"11","V2":"11","X4":"11","X3":"11"},"RC":{"85":"11","QJ":"11","WP":"11","MH":"11","97":"11","44":"11","C7":"11","25":"11","XP":"11","87":"11","VM":"11","PJ":"11","HH":"11","78":"11","56":"11","55":"11","86":"11","PH":"11","75":"11","VJ":"11","88":"11","35":"11","67":"11","MM":"11","89":"11","VP":"11","PM":"11","98":"11","RH":"11","96":"11","F9":"11","JH":"11","RM":"11","95":"11","57":"11","66":"11","QH":"11","65":"11","RJ":"11","C8":"11","WM":"11","F8":"11","MJ":"11","45":"11","XQ":"11","34":"11","24":"11","C9":"11","99":"11","JJ":"11","46":"11","76":"11","23":"11","77":"11","68":"11"},"M9":{"X5":"11","V4":"11","V5":"11","X4":"11","W5":"11","W4":"11"},"WG":{"V4":"11","M7":"11","M8":"11","X7":"11","R4":"11","P6":"11","Q5":"11","RC":"11","V5":"11","RF":"11","M5":"11","P2":"11","WC":"11","R8":"11","P3":"11","Q8":"11","Q7":"11","X6":"11","J2":"11","W6":"11","J4":"11","P8":"11","WF":"11","QC":"11","M6":"11","VF":"11","M4":"11","V8":"11","R6":"11","P5":"11","M2":"11","R5":"11","P9":"11","PC":"11","Q6":"11","H2":"11","J3":"11","Q3":"11","P7":"11","R3":"11","X8":"11","P4":"11","V9":"11","Q9":"11","R7":"11","V6":"11","R9":"11","V7":"11","W7":"11","M3":"11","J5":"11","VC":"11"},"VC":{"2W":"11","3W":"11","4W":"11","5X":"11","2V":"11","5W":"11","3V":"11","4V":"11"},"C8":{"M5":"11"},"XH":{"J3":"11"},"XG":{"CQ":"11","58":"11","GQ":"11","JW":"11","7C":"11","5C":"11","FR":"11","38":"11","59":"11","6M":"11","7F":"11","4J":"11","49":"11","FM":"11","27":"11","3G":"11","JV":"11","FP":"11","9M":"11","3J":"11","CM":"11","9P":"11","8M":"11","48":"11","4H":"11","GM":"11","6C":"11","8J":"11","GR":"11","5J":"11","28":"11","CP":"11","MV":"11","FJ":"11","47":"11","CJ":"11","6F":"11","5M":"11","FQ":"11","9J":"11","MX":"11","2G":"11","37":"11","JR":"11","MW":"11","69":"11","3H":"11"},"P9":{"44":"11","66":"11","96":"11","54":"11","75":"11","F6":"11","34":"11","87":"11","43":"11","C5":"11","25":"11","74":"11","35":"11","86":"11","C6":"11","65":"11","46":"11","33":"11","C7":"11","64":"11","76":"11","55":"11","85":"11","24":"11","F7":"11","45":"11","97":"11","F5":"11","84":"11","53":"11","95":"11","G6":"11","56":"11"},"H9":{"XC":"11","WC":"11","X9":"11","J9":"11","F9":"11","CG":"11","G9":"11","W9":"11","FG":"11","H9":"11"},"WF":{"JP":"11","PR":"11","MX":"11","PV":"11","JQ":"11","PW":"11","JR":"11","MQ":"11","MR":"11","MW":"11","MV":"11","PX":"11","JV":"11"},"R9":{"2R":"11","2P":"11"}},"32":{"RX":{"7Q":"11","9P":"11","8Q":"11","8P":"11"},"WV":{"7G":"11","9G":"11","9H":"11","8G":"11","FJ":"11","CH":"11","CJ":"11"}},"3J":{"7H":{"CV":"11","GW":"11","FW":"11","CW":"11","FV":"11","GX":"11","GV":"11","8V":"11","9V":"11","FX":"11"}},"H4":{"37":{"RG":"11","RH":"11","QH":"11"},"CV":{"34":"11","CF":"11"},"9R":{"PV":"11","QV":"11","PW":"11","3G":"11","2G":"11"},"3G":{"7P":"11","3W":"11"},"CR":{"2V":"11"}},"8M":{"GW":{"PQ":"11","MQ":"11","MP":"11"}},"H9":{"C6":{"GF":"11","GC":"11"},"87":{"G6":"11","H5":"11","H6":"11"}},"QV":{"2P":{"RG":"11","QC":"11","QG":"11","PC":"11"}},"FV":{"23":{"V8":"11","V9":"11","RC":"11","VC":"11","X8":"11","W9":"11","W8":"11","R9":"11"}},"R6":{"7C":{"H5":"11","H4":"11"},"29":{"RJ":"11"},"GC":{"6G":"11"},"FR":{"QC":"11"}},"CC":{"RX":{"37":"11"},"XQ":{"55":"11"},"VJ":{"R2":"11"},"QX":{"3M":"11"},"VC":{"XC":"11"}},"33":{"V2":{"FX":"11","FW":"11","CX":"11","CW":"11"}},"W7":{"V6":{"9F":"11"},"HX":{"9F":"11"},"XC":{"WH":"11"},"QF":{"MW":"11"},"2X":{"95":"11"},"V2":{"Q4":"11"},"W5":{"3R":"11"},"W6":{"5Q":"11"}},"WV":{"88":{"9C":"11","93":"11","97":"11","CQ":"11","8R":"11","7Q":"11","CH":"11","C7":"11","9H":"11","8G":"11","F4":"11","87":"11","CF":"11","78":"11","G6":"11","7P":"11","8H":"11","5Q":"11","C2":"11","G8":"11","75":"11","88":"11","67":"11","89":"11","8C":"11","9M":"11","CM":"11","8M":"11","9G":"11","98":"11","9R":"11","8J":"11","F9":"11","C4":"11","H2":"11","CP":"11","66":"11","65":"11","9F":"11","8Q":"11","9Q":"11","C3":"11","6Q":"11","9J":"11","76":"11","8P":"11","77":"11","FC":"11","79":"11"},"XJ":{"VV":"11","RV":"11"},"87":{"RJ":"11","PV":"11","MM":"11","WP":"11","HM":"11","PM":"11","CV":"11","WH":"11","HJ":"11","GM":"11","74":"11","CX":"11","CW":"11","JM":"11","CQ":"11","JJ":"11","FP":"11","29":"11","FQ":"11","VH":"11","PW":"11","VJ":"11","84":"11","GP":"11","MJ":"11","VP":"11"},"F7":{"PH":"11"},"77":{"GR":"11","3R":"11"},"66":{"C4":"11","J9":"11","X7":"11","C5":"11","HC":"11","JC":"11","64":"11","GC":"11","73":"11","F5":"11","F8":"11","54":"11","W8":"11","F7":"11","WM":"11","63":"11","M9":"11","W7":"11","G6":"11","F9":"11","C7":"11","H9":"11","C6":"11","22":"11","95":"11","84":"11","F6":"11","MC":"11","53":"11","94":"11"},"56":{"X2":"11","W8":"11"},"78":{"RP":"11","RQ":"11","QQ":"11","QP":"11"},"76":{"CF":"11","GW":"11","FX":"11","FW":"11","77":"11","CC":"11"},"98":{"8F":"11","FP":"11","C5":"11","8J":"11","7G":"11","7C":"11","8H":"11","8G":"11","9M":"11","F3":"11","H7":"11","G4":"11","G6":"11","7F":"11","G5":"11","C6":"11","CM":"11","CP":"11","8C":"11","G7":"11","9J":"11"},"WW":{"PQ":"11","JR":"11","PR":"11","MR":"11"}},"X2":{"C4":{"3Q":"11"},"HX":{"88":"11","87":"11","86":"11"},"JC":{"JJ":"11","HM":"11","HJ":"11"},"JF":{"38":"11"},"HG":{"XP":"11"},"H8":{"QW":"11","69":"11","7C":"11","6C":"11"},"3P":{"J7":"11"},"HP":{"87":"11","88":"11","73":"11","74":"11","96":"11","86":"11","85":"11","95":"11","84":"11"},"92":{"7M":"11","7P":"11","8P":"11"},"82":{"C2":"11","Q4":"11","Q5":"11"},"F7":{"9G":"11","CG":"11","9F":"11"},"JG":{"2Q":"11","2P":"11"},"HH":{"X5":"11","V9":"11","X4":"11","R9":"11"}},"GW":{"R8":{"2Q":"11"}},"JX":{"R8":{"8R":"11","7Q":"11","CW":"11","2M":"11","5P":"11","5V":"11","7R":"11","6M":"11","7P":"11","4P":"11","6P":"11","2H":"11","7V":"11","5Q":"11","HX":"11","6V":"11","4M":"11","3J":"11","9W":"11","9R":"11","JX":"11","3M":"11","6R":"11","RC":"11","6J":"11","QC":"11","7J":"11","7M":"11","3P":"11","7W":"11","5R":"11","5M":"11","8Q":"11","6Q":"11","2J":"11","9V":"11","8V":"11","8P":"11","6H":"11"},"R9":{"X9":"11","WG":"11","WF":"11","Q6":"11","P3":"11","R7":"11","W6":"11","XP":"11","WJ":"11","P5":"11","V9":"11","V6":"11","M3":"11","J2":"11","VG":"11","M2":"11","J3":"11","R8":"11","VH":"11","W9":"11","VF":"11","Q4":"11","R5":"11","Q7":"11","XG":"11","H2":"11","RC":"11","VC":"11","W7":"11","P6":"11","V8":"11","Q5":"11","XR":"11","WH":"11","X6":"11","M4":"11","XF":"11","V7":"11","W8":"11","XQ":"11","X7":"11","R9":"11","XC":"11","W5":"11","WC":"11","M5":"11","P4":"11","R6":"11"},"W3":{"WP":"11","XQ":"11","WQ":"11","XP":"11"},"V8":{"87":"11","78":"11","88":"11","9C":"11","FM":"11","92":"3","9R":"11","93":"3","9W":"11","CG":"11","89":"11","9X":"11","8X":"11","86":"11","9V":"11","85":"11","95":"3","CM":"11","CH":"11","CP":"11","99":"11","94":"3"},"Q8":{"WJ":"11","WM":"11","XJ":"11","VJ":"11","WH":"11","XH":"11","XM":"11"},"V9":{"2R":"11","5G":"11","3F":"11","3G":"11","2Q":"11","4R":"11","2P":"11","27":"11","3R":"11","4V":"11","29":"11","3Q":"11","92":"11","28":"11","82":"11","4G":"11","4W":"11","5H":"11","3V":"11","4Q":"11","85":"11","95":"11","4H":"11"},"X3":{"2P":"11"},"P5":{"GQ":"11"},"V7":{"63":"11","7M":"11","7P":"11","6Q":"11","6J":"11","6H":"11","5R":"11","6P":"11","6G":"11","6R":"11","6M":"11","6V":"11","5Q":"11"}},"8X":{"WJ":{"3V":"11","3F":"11"},"VV":{"68":"11","66":"11","6C":"11","75":"11","5G":"11","2J":"11","67":"11","4H":"11","2H":"11","74":"11","5C":"11","76":"11","4G":"11","69":"11","3H":"11","5F":"11","4F":"11"},"VR":{"Q6":"11"},"V7":{"69":"11"},"WV":{"MX":"11","PX":"11","PV":"11","PW":"11"},"XF":{"84":"11"},"XV":{"88":"11","96":"11","8C":"11","89":"11","7C":"11","XH":"11","98":"11","97":"11"},"XP":{"3W":"11"},"WW":{"M2":"11"}},"P9":{"8W":{"7F":"11"},"R5":{"RP":"11"},"V4":{"G7":"11"},"G3":{"WC":"11"},"J3":{"78":"11","HX":"11","JJ":"11","7C":"11","GW":"11","FM":"11","P7":"11","HW":"11","FJ":"11"},"V3":{"PX":"11"}},"R9":{"MH":{"JC":"11"},"9P":{"W2":"11","W3":"11","V2":"11","V3":"11","W4":"11"},"69":{"V3":"11"},"9M":{"RV":"11","RW":"11"},"M3":{"X7":"11"},"P3":{"37":"11","28":"11","36":"11","27":"11","38":"11","26":"11"},"G6":{"R4":"11"},"79":{"95":"11"}},"WC":{"H9":{"VH":"11"}},"78":{"FC":{"M5":"11","M6":"11","P5":"11","P6":"11"},"GC":{"G3":"11"}},"VR":{"CM":{"Q9":"11","QC":"11","PC":"11","P9":"11"},"QX":{"M4":"11","74":"11"}},"M4":{"XJ":{"F4":"11","7C":"11","C9":"11","96":"11","6C":"11","99":"11","F6":"11","J2":"11","2H":"11","CC":"11","C5":"11","G5":"11","C6":"11","C8":"11","5C":"11","7F":"11","9C":"11","C7":"11","2G":"11","G4":"11","8C":"11","H2":"11","6F":"11","G3":"11","3G":"11","4G":"11","H5":"11","H3":"11","F7":"11","97":"11","4C":"11","F5":"11","3H":"11","G6":"11","5F":"11","4F":"11","3F":"11"},"RX":{"99":"11","7G":"11","88":"11","5C":"11","6H":"11","8C":"11","6G":"11","9C":"11","7H":"11","59":"11","7F":"11"},"XH":{"MX":"11","PV":"11","VP":"11","PW":"11","VQ":"11","QR":"11","RP":"11","WP":"11","JX":"11","MW":"11","WM":"11","QV":"11","RQ":"11","RR":"11","VM":"11"},"9H":{"MJ":"11","JP":"11","RM":"11","PJ":"11","QJ":"11","XQ":"11","JJ":"11","HJ":"11","HP":"11","RJ":"11","PM":"11","QM":"11","PP":"11","JM":"11","MM":"11","XP":"11","HM":"11","MP":"11"},"WM":{"JP":"11","8J":"11","VP":"11","JQ":"11","6J":"11","HQ":"11","6H":"11","RP":"11","MQ":"11","QP":"11","HP":"11","FM":"11","GP":"11","PP":"11","WM":"11","CJ":"11","5H":"11","XM":"11","7J":"11","4H":"11","MP":"11","CH":"11","VM":"11","4J":"11","FJ":"11","9J":"11"},"XM":{"2M":"11","4P":"11","3M":"11","2P":"11","3Q":"11","4Q":"11","3P":"11"},"CH":{"2Q":"11","2P":"11","3Q":"11","3P":"11"},"3C":{"G6":"11"},"WJ":{"RM":"11","HX":"11","VJ":"11","XJ":"11","JX":"11","XH":"11","PM":"11","RJ":"11","HV":"11","QM":"11","MM":"11","HW":"11","VM":"11","WJ":"11"}},"9X":{"4X":{"78":"11"}},"4C":{"XC":{"GR":"11","57":"11","GP":"11","44":"11","68":"11","42":"11","77":"11","56":"11","78":"11","54":"11","GQ":"11","43":"11","32":"11","53":"11","67":"11"},"W8":{"6W":"11","6V":"11","5V":"11","QQ":"11","MQ":"11","6R":"11","PQ":"11","5R":"11"}},"J9":{"C2":{"XJ":"11","XM":"11"},"H4":{"C6":"11"},"J6":{"35":"11"},"F3":{"HC":"11","JC":"11","GC":"11","G2":"11","P9":"11","M9":"11","Q9":"11","F2":"11","PC":"11","MC":"11"},"F2":{"JP":"11","3F":"11","38":"11","2F":"11","HX":"11","JQ":"11","2G":"11","3G":"11","3P":"11","JR":"11","HQ":"11","GJ":"11","2P":"11","4P":"11","JW":"11","HP":"11","5J":"11","29":"11","3Q":"11","GX":"11","JV":"11","GM":"11","4Q":"11","39":"11","HW":"11","5M":"11","HM":"11","2C":"11","2H":"11","FX":"11","4M":"11","3C":"11","2J":"11"}},"PH":{"VJ":{"7P":"11","8P":"11"},"J6":{"QH":"11"}},"C4":{"96":{"WW":"11"},"X7":{"79":"11"},"X6":{"44":"11","43":"11"},"X8":{"8P":"11"},"G2":{"Q7":"11"}},"X7":{"M5":{"VR":"11"},"Q7":{"8M":"11","8J":"11","9M":"11","9J":"11"},"9C":{"4F":"11"},"8H":{"FH":"11","G8":"11","QP":"11"},"6Q":{"8H":"11"},"76":{"78":"11"},"C7":{"CF":"11"},"8C":{"X9":"11"},"5X":{"C2":"11","9C":"11","M2":"11"},"X5":{"HX":"11"},"4X":{"9W":"11","M3":"11","JQ":"11"}},"88":{"7M":{"8W":"11","9X":"11","8V":"11","4P":"11","8X":"11","7V":"11","5P":"11","6V":"11"},"7P":{"J9":"11","H8":"11","27":"11","46":"11","43":"11","M9":"11","37":"11","H9":"11","45":"11","36":"11","44":"11","QC":"11","56":"11","PC":"11","MC":"11","53":"11"},"2H":{"WW":"11"},"6P":{"X9":"11","X8":"11","W8":"11"},"5M":{"CH":"11"},"8P":{"5J":"11","3H":"11","3J":"11","2H":"11","4H":"11","2J":"11","4J":"11","R4":"11"}},"99":{"HQ":{"7J":"11"},"M2":{"4Q":"11"}},"MJ":{"F2":{"7G":"11","9P":"11","9R":"11","9Q":"11","6F":"11","7F":"11"},"W8":{"H5":"11"}},"G5":{"34":{"49":"11","59":"11"}},"V7":{"65":{"PR":"11"},"P6":{"CM":"11"}},"Q9":{"9P":{"59":"11"},"J2":{"46":"11","56":"11"},"9H":{"CJ":"11"},"5F":{"J3":"11"},"66":{"JQ":"11"},"CH":{"P2":"11"},"H3":{"F5":"2","G5":"2"},"G2":{"4M":"11","6M":"11","5M":"11"}},"V9":{"RF":{"VM":"11"},"XF":{"8W":"11","8V":"11","7W":"11","7V":"11","6W":"11"},"VF":{"9X":"11","CX":"11"},"VG":{"M6":"11","G3":"11","C2":"11","F3":"11","92":"11","F2":"11","P6":"11"}},"W4":{"9W":{"22":"11"},"V8":{"P2":"11","P3":"11"},"9V":{"7R":"11","JP":"11","PJ":"11","QH":"11","3W":"11","QJ":"11","GJ":"11","6R":"11","HP":"11","4V":"11","2X":"11","PM":"11","7Q":"11","9P":"11","3X":"11","9M":"11","8Q":"11","5R":"11","8P":"11","CJ":"11","3V":"11","GM":"11","CM":"11","HM":"11","FJ":"11"},"R9":{"9P":"11","9Q":"11","9R":"11","8R":"11","CP":"11"},"HP":{"C6":"11","F4":"11","C4":"11","F6":"11"},"MJ":{"7P":"11","6Q":"11","69":"11","4P":"11","6P":"11","6G":"11","4M":"11","6M":"11","9J":"11","6F":"11","CJ":"11","3P":"11","6C":"11"}},"WQ":{"WV":{"J8":"11","W7":"11","M8":"11"}},"FJ":{"VW":{"78":"11","79":"11"}},"M5":{"39":{"PF":"11"},"JR":{"93":"11","96":"11","C3":"11","C4":"11","97":"11"},"J8":{"9W":"11"},"JV":{"8J":"11","7J":"11"},"H9":{"GJ":"11"},"V3":{"5C":"11","38":"11","48":"11","4C":"11","3G":"11","4G":"11","3H":"11","68":"11","39":"11","4H":"11","58":"11"},"MM":{"RP":"11","RM":"11"}},"X8":{"34":{"R7":"11","PC":"11"},"44":{"PG":"11","2G":"11","H6":"11","VC":"11","X9":"11","8H":"11","QF":"11","J4":"11"},"25":{"F6":"11"},"54":{"5J":"11","8P":"11"},"P9":{"GW":"11"}},"J4":{"3X":{"VR":"11","F6":"11"},"MR":{"4X":"11"}},"J7":{"JX":{"H9":"11"},"5P":{"M8":"11","9G":"11","FG":"11","GH":"11","FH":"11","J9":"11","CH":"11","P8":"11","CC":"11","P9":"11","9F":"11","GG":"11","FC":"11","G9":"11","9H":"11","H9":"11","CF":"11","F9":"11","M9":"11"}},"PX":{"HQ":{"MW":"11"}},"9F":{"FH":{"PH":"11"},"CM":{"P3":"11"},"HC":{"2R":"11"},"GF":{"V2":"11"},"M8":{"4G":"11"},"CJ":{"XW":"11"}},"WF":{"JV":{"M6":"11"},"MV":{"VR":"11"},"FQ":{"VH":"11","VJ":"11"},"QV":{"7M":"11","9M":"11"},"RR":{"7V":"11"},"JP":{"48":"11","39":"11","3C":"11","49":"11","4C":"11","38":"11"}},"Q8":{"W9":{"8F":"11","9F":"11"},"6V":{"2M":"11","68":"11","6M":"11"},"5V":{"J6":"11"},"PW":{"5P":"11"},"XQ":{"7Q":"11"},"6R":{"7G":"11","8G":"11","7H":"11"},"F7":{"98":"11"},"QV":{"5R":"11","4R":"11","4Q":"11","3R":"11"},"2V":{"MX":"11"},"9J":{"JM":"11","HM":"11","JP":"11","HP":"11"}},"J8":{"9P":{"GX":"11"},"CX":{"P6":"11","87":"11","78":"11","M2":"11","77":"11","97":"11","M6":"11","J3":"11","H2":"11","H7":"11","J2":"11","M3":"11","J6":"11","C7":"11","M7":"11","P5":"11","P3":"11","J7":"11","G7":"11"},"CW":{"HX":"11","HQ":"11","GJ":"11","FH":"11","GW":"11","HP":"11","GR":"11","GP":"11","9H":"11","9G":"11","GX":"11","GV":"11","GM":"11","GQ":"11","HW":"11","HM":"11","CH":"11","FJ":"11"},"CV":{"3J":"11","4J":"11","3H":"11","2J":"11","4H":"11","4G":"11"},"C3":{"77":"11"},"CQ":{"2Q":"11","3M":"11","2P":"11","3Q":"11","3P":"11"},"9Q":{"WP":"11","XQ":"11","WQ":"11","XP":"11"},"77":{"6Q":"11"},"F3":{"G9":"11"},"79":{"Q9":"11"},"9V":{"PF":"11","PG":"11","HG":"11","MG":"11","JH":"11","HF":"11","QF":"11","MH":"11","QC":"11","JG":"11","QG":"11","HH":"11"}},"37":{"R8":{"VW":"11","QW":"11","RX":"11","VV":"11","WR":"11","XQ":"11","WV":"11","QX":"11","PX":"11","WQ":"11","RW":"11","WW":"11","XR":"11"},"R9":{"P2":"11","Q2":"11","M2":"11"},"X7":{"VX":"11","VW":"11","XW":"11","RX":"11","XX":"11","QX":"11","RW":"11","WW":"11","WX":"11"},"RC":{"3P":"11","4H":"11","3V":"11","39":"11","2V":"11","4M":"11","3G":"11","4G":"11","3M":"11","3Q":"11","2W":"11","3C":"11","49":"11","2R":"11","4J":"11","4P":"11","3J":"11","4C":"11","3H":"11","2Q":"11","3R":"11","4F":"11","3F":"11"},"X8":{"W2":"11","X2":"11","V2":"11","X3":"11"},"JC":{"XF":"11","XG":"11"},"JF":{"85":"11"},"HG":{"M3":"11","Q4":"11","P3":"11","J3":"11","M4":"11","P4":"11"},"7G":{"RX":"11","GX":"11","HW":"11","FV":"11","GV":"11","FW":"11","QX":"11","JW":"11","CV":"11","PX":"11","GW":"11","MW":"11","CW":"11","JV":"11","HV":"11","JX":"11","PW":"11","MX":"11","HX":"11"},"8H":{"48":"11","37":"11","28":"11","47":"11","24":"11","36":"11","49":"11","27":"11","25":"11","38":"11","59":"11","26":"11"},"P9":{"93":"11","84":"11","83":"11","94":"11","73":"11"},"V8":{"JP":"11","HR":"11","JQ":"11","HG":"11","JJ":"11","JR":"11","HQ":"11","HJ":"11","GJ":"11","JH":"11","FH":"11","HP":"11","HV":"11","9H":"11","JM":"11","MM":"11","9G":"11","CG":"11","GM":"11","GH":"11","JG":"11","HM":"11","HH":"11","FG":"11","CH":"11","GG":"11","FJ":"11"},"7H":{"V4":"11","X7":"11","R4":"11","X4":"11","V5":"11","P2":"11","P3":"11","W2":"11","X6":"11","J2":"11","W6":"11","Q4":"11","X3":"11","Q2":"11","W3":"11","M2":"11","R5":"11","V2":"11","W5":"11","R2":"11","W4":"11","Q3":"11","X5":"11","R3":"11","V6":"11","V3":"11"},"M9":{"9V":"11"},"QC":{"XW":"11","XX":"11","XV":"11","WW":"11","XR":"11","WX":"11"}},"55":{"W2":{"PH":"11","RF":"11","RC":"11","VC":"11","VF":"11","PG":"11","WF":"11"}},"H5":{"48":{"VV":"11","VR":"11","WR":"11","WV":"11"},"39":{"W9":"11"}},"H3":{"R7":{"J8":"11","H8":"11","J9":"11","H7":"11","HC":"11","GG":"11","GF":"11","FF":"11","FG":"11","GC":"11","H9":"11"},"R6":{"CQ":"11","FQ":"11","CP":"11","FP":"11"},"M4":{"9C":"11"},"H2":{"PX":"11"}},"HM":{"84":{"FX":"11","QV":"11"},"J2":{"3P":"11"},"74":{"5G":"11"}},"P7":{"WX":{"J3":"11","H4":"11"},"V3":{"4X":"11"},"PW":{"GH":"11","GG":"11"},"7G":{"RM":"11","XX":"11","QM":"11"},"8H":{"44":"11","54":"11","C8":"11","22":"11","C9":"11"},"75":{"FP":"11","FQ":"11","CV":"11","FM":"11","FR":"11","CR":"11","GM":"11"},"8G":{"2X":"11"},"7H":{"X2":"11"},"7F":{"5G":"11","5F":"11","6G":"11","6F":"11"},"PX":{"5C":"11"},"XM":{"W5":"11"},"P5":{"4X":"11"},"P3":{"96":"11"},"85":{"5R":"11","4R":"11"}},"V4":{"63":{"XG":"11"},"64":{"M3":"11","P2":"11","P3":"11","J3":"11","H4":"11","Q2":"11"},"73":{"3C":"11","2F":"11","76":"11","3G":"11","75":"11","2G":"11","3F":"11"},"55":{"M5":"11","H7":"11"}},"HW":{"8W":{"P6":"11","P4":"11","Q4":"11","M5":"11","M4":"11","Q5":"11","M6":"11","P7":"11","P5":"11"}},"F7":{"3P":{"JM":"11"}},"X6":{"Q9":{"C4":"11","C3":"11","H6":"11","33":"11","32":"11","65":"11","55":"11","54":"11","75":"11","43":"11","F3":"11","G4":"11","J6":"11","G5":"11","H5":"11","85":"11","22":"11","44":"11","95":"11","F4":"11","94":"11"},"8M":{"HR":"11","FQ":"11","HQ":"11","JW":"11","JX":"11","GR":"11","GP":"11","FR":"11","GQ":"11"},"C7":{"C3":"11","7H":"11","97":"11","C9":"11"},"C6":{"55":"11","4F":"11"},"F9":{"MX":"11","HX":"11","JX":"11","HW":"11"},"Q4":{"MH":"11","JJ":"11"},"C3":{"GW":"11"},"V9":{"2P":"11"},"Q8":{"2W":"11","2X":"11"},"M9":{"WJ":"11","WM":"11"},"FC":{"R3":"11","P2":"11","Q2":"11","Q3":"11","M2":"11"},"C8":{"9W":"11","7Q":"11","9X":"11","8V":"11","39":"11","6Q":"11","5J":"11","3C":"11","CX":"11","CW":"11","4J":"11","6P":"11","3H":"11","4H":"11","5M":"11","7R":"11","5P":"11","8R":"11","3G":"11","9V":"11","4G":"11","3F":"11"},"C5":{"7V":"11"},"GC":{"C7":"11","J8":"11","H8":"11","G8":"11","F7":"11","G7":"11"},"C9":{"C4":"11","C3":"11","J9":"11","C5":"11","H6":"11","H8":"11","F5":"11","92":"11","93":"11","P9":"11","M9":"11","H7":"11","G6":"11","F6":"11","J8":"11","PC":"11","G7":"11","MC":"11"},"Q5":{"X2":"11","X3":"11"},"R9":{"WP":"11","WM":"11","VM":"11","XP":"11"},"P8":{"XW":"11","PJ":"11","QH":"11","PF":"11","PG":"11","QJ":"11","PH":"11","MG":"11","WQ":"11","RJ":"11","XV":"11","MF":"11","WV":"11","MC":"11","WR":"11"}},"Q7":{"C4":{"9X":"11"},"C8":{"WV":"11"},"RC":{"Q3":"11"},"Q7":{"4P":"11","5P":"11","3P":"11","5Q":"11"},"HQ":{"GV":"11","HV":"11"},"G8":{"5R":"11"},"Q8":{"C3":"11","HC":"11","H8":"11","C2":"11","F3":"11","H7":"11","H9":"11","F2":"11","F4":"11"},"QF":{"89":"11"},"V9":{"8C":"11"},"GX":{"HP":"11"},"24":{"J8":"11","H8":"11","H9":"11"},"WC":{"4F":"11"},"X5":{"5F":"11"}},"V2":{"J2":{"H2":"11","H3":"11","G2":"11"},"G2":{"63":"11"}},"JW":{"WW":{"PV":"11"}},"82":{"M5":{"FJ":"11","3P":"11","5Q":"11"},"V4":{"V2":"11"},"69":{"P8":"11"},"M6":{"8F":"11"},"8C":{"VP":"11"},"86":{"X4":"11"},"M7":{"GH":"11","F5":"11","GJ":"11","C5":"11"},"79":{"GQ":"11"},"7C":{"W3":"11"},"V3":{"VX":"11","RX":"11"}},"HG":{"3C":{"8P":"11"}},"CG":{"Q6":{"2X":"11","3P":"11"},"J2":{"CF":"11"},"M3":{"M3":"11"},"PF":{"Q8":"11"},"P8":{"66":"11"}},"PG":{"9W":{"5G":"11","3F":"11","2F":"11","2G":"11","3G":"11","4G":"11","5H":"11","2C":"11","4H":"11","3C":"11","4F":"11"},"8W":{"XF":"11"},"C6":{"HX":"11","GW":"11","HW":"11","GX":"11","JW":"11"},"CM":{"7J":"11"},"9Q":{"79":"11"}},"XF":{"CF":{"3C":"11"},"C6":{"RG":"11","VF":"11","VG":"11"},"9C":{"C6":"11","F6":"11"},"J5":{"JP":"11"},"97":{"X5":"11","X6":"11"},"P6":{"X4":"11","W4":"11"},"Q5":{"JR":"11","FJ":"11","FQ":"11"},"H9":{"39":"11"},"V3":{"27":"11"}},"F6":{"9P":{"39":"11","3C":"11","H5":"11","49":"11","4H":"11","4C":"11","H6":"11","38":"11","2C":"11","2F":"11","3G":"11","4G":"11","3F":"11"},"9M":{"MJ":"11","PJ":"11","PH":"11","MG":"11","JJ":"11","HJ":"11","HP":"11","GP":"11","JM":"11","MM":"11","9W":"11","GM":"11","MH":"11","9V":"11","HM":"11"},"8P":{"W9":"11","V6":"11","W8":"11","V8":"11","W6":"11","V9":"11","W7":"11","XC":"11","V7":"11","XF":"11"}},"W5":{"57":{"96":"11","C6":"11"},"C6":{"C7":"11"},"7J":{"M5":"11","H6":"11"},"5W":{"HG":"11","GG":"11","FC":"11","FF":"11","FG":"11"},"P9":{"RV":"11","RR":"11","RW":"11"}},"RC":{"F7":{"95":"11"},"F6":{"XM":"11"}},"RG":{"3G":{"8H":"11"}},"V8":{"5C":{"95":"11"},"59":{"W4":"11"},"67":{"HF":"11"}},"G2":{"V3":{"3J":"11","2H":"11","3H":"11","2G":"11"},"V4":{"8F":"11","9Q":"11","8M":"11","CV":"11","FW":"11","7M":"11","CW":"11","9R":"11","8Q":"11","8P":"11","9V":"11","7J":"11","CX":"11","FX":"11","98":"11"},"3W":{"GX":"11"},"X8":{"VW":"11","RP":"11","QQ":"11","RR":"11","PM":"11","MF":"11","PH":"11","WW":"11","VR":"11","QM":"11","RQ":"11","MG":"11","VQ":"11","PJ":"11","PG":"11","RV":"11","VV":"11","VX":"11","QP":"11","WX":"11","QJ":"11","MH":"11"},"X9":{"W2":"11","W3":"11","V2":"11","V3":"11"},"R2":{"HX":"11"},"W6":{"44":"11","33":"11","54":"11","43":"11","22":"11","32":"11"},"V5":{"M8":"11","H4":"11","J9":"11","H6":"11","H8":"11","G2":"11","M9":"11","H7":"11","G4":"11","G6":"11","G5":"11","G3":"11","H5":"11","F2":"11","J8":"11","J7":"11","G7":"11","MC":"11"},"R3":{"P6":"11","M5":"11","WC":"11","R8":"11","Q8":"11","Q7":"11","J4":"11","WF":"11","M4":"11","XF":"11","P5":"11","XG":"11","H2":"11","J3":"11","P7":"11","V9":"11","H3":"11","R9":"11","VC":"11"},"W5":{"2X":"11"}},"X4":{"27":{"33":"11","43":"11"}},"R4":{"7G":{"RH":"11","VH":"11","QH":"11","WH":"11"},"3J":{"93":"11"},"2J":{"8M":"11","9M":"11"},"MF":{"5G":"11"}},"X9":{"25":{"G2":"11"}},"73":{"J7":{"93":"11"},"J8":{"6M":"11"},"W2":{"CX":"11","8X":"11","3Q":"11"},"W3":{"M3":"11","H2":"11"},"X4":{"XF":"11","XG":"11"}},"24":{"MC":{"JG":"11","JF":"11"},"FF":{"Q9":"11","PC":"11","P9":"11"},"W8":{"CX":"11"}},"H2":{"3G":{"2R":"11","2V":"11"},"2G":{"XR":"11"}},"MH":{"XW":{"G4":"11","H7":"11","G3":"11","G6":"11","F4":"11","H5":"11","H4":"11","J6":"11","H6":"11","F3":"11","G5":"11","J5":"11"},"6Q":{"H9":"11"},"WW":{"R9":"11","RC":"11","QF":"11","V9":"11","Q9":"11","QC":"11","PC":"11"}},"M7":{"Q2":{"7J":"11"}},"W6":{"3M":{"G8":"11"},"PW":{"88":"11"}},"WJ":{"VH":{"X5":"11","X4":"11","W4":"11"}},"92":{"83":{"MM":"11"},"R3":{"MM":"11","MJ":"11"},"V7":{"C2":"11","C3":"11"},"59":{"V3":"11"},"22":{"82":"11"}},"42":{"MC":{"F5":"11"},"7H":{"X6":"11"}},"G6":{"JQ":{"CQ":"11"},"VQ":{"5H":"11","6H":"11","4J":"11","4H":"11"},"HQ":{"96":"11"},"WP":{"R5":"11","V4":"11","V5":"11","R4":"11","Q5":"11","W4":"11"},"CQ":{"7J":"11"},"FR":{"HG":"11"},"PP":{"GP":"11","FP":"11"},"63":{"72":"11"},"RQ":{"Q9":"11","V8":"11","V9":"11","RC":"11","Q8":"11","VC":"11","R8":"11","R9":"11","P8":"11"},"QG":{"M8":"11"},"FX":{"CG":"11"}},"CW":{"8G":{"8M":"11","6V":"11","9M":"11","7P":"11","6W":"11","CM":"11","8P":"11","9V":"11","8V":"11","7Q":"11","7W":"11","CR":"11","7R":"11","CV":"11","9J":"11","7V":"11","CP":"11","9X":"11","FM":"11","8Q":"11","CW":"11","8X":"11","5R":"11","9Q":"11","CQ":"11","FP":"11","9P":"11","9R":"11","9W":"11","FJ":"11","6Q":"11","CJ":"11","5V":"11","6R":"11","8R":"11","8W":"11"},"FC":{"6X":"11","3X":"11","5X":"11","4X":"11"},"GF":{"42":"11","52":"11","32":"11"},"FF":{"33":"11","42":"11","62":"11","52":"11","43":"11","32":"11"},"GC":{"4X":"11","8M":"11","6V":"11","7P":"11","6W":"11","3X":"11","4R":"11","7J":"11","6P":"11","5W":"11","8P":"11","3W":"11","F6":"11","5X":"11","7Q":"11","5Q":"11","7R":"11","3V":"11","7V":"11","4W":"11","7M":"11","6M":"11","C5":"11","5P":"11","8Q":"11","6X":"11","C6":"11","G5":"11","5M":"11","8J":"11","4Q":"11","5R":"11","9P":"11","4M":"11","6J":"11","4V":"11","6Q":"11","4P":"11","5V":"11","8R":"11","6R":"11","F5":"11","G6":"11"}},"H6":{"3C":{"C3":"11"},"VR":{"G2":"11"},"JC":{"3C":"3"},"J9":{"RM":"11","RJ":"11"},"C4":{"GH":"11","FH":"11","57":"11","GG":"11","HH":"11"}},"WR":{"4C":{"WW":"11","WX":"11"}},"X3":{"CC":{"XM":"11"},"H4":{"5C":"11","5G":"11","PF":"11","5F":"11","33":"11","9H":"11","8H":"11","P9":"11","Q8":"11","Q9":"11","9G":"11","69":"11","MF":"11","6M":"11","PC":"11","6P":"11","MC":"11","6C":"11"},"H8":{"G4":"11","G3":"11","H5":"11","H4":"11","H2":"11","G5":"11","H3":"11","G2":"11"},"F5":{"95":"11","94":"11","C5":"11","C4":"11"},"F3":{"R5":"11","RF":"11","RC":"11","86":"11","RV":"11","VF":"11","RW":"11"},"H7":{"VX":"11","GP":"11","MV":"11","GM":"11","MW":"11","JW":"11"},"H3":{"2V":"11","52":"11","53":"11"},"F9":{"M8":"11","J9":"11","8J":"11","6J":"11","5J":"11","8H":"11","M6":"11","F7":"11","7H":"11","M7":"11","7J":"11","J8":"11","J7":"11"},"G3":{"PM":"11","QM":"11","XV":"11","PJ":"11"},"F4":{"QF":"11","PF":"11"},"9J":{"8F":"11"}},"3F":{"R6":{"PR":"11","JQ":"11","QQ":"11","JR":"11","HQ":"11","MQ":"11","PQ":"11","HP":"11","MR":"11","RQ":"11"}},"W2":{"6V":{"MX":"11","HR":"11","VV":"11","JX":"11","X6":"11","GR":"11","HV":"11","XV":"11","JV":"11","GQ":"11","WV":"11","X5":"11"},"M8":{"42":"11","52":"11"},"M7":{"2R":"11","2W":"11","3W":"11","3X":"11","4W":"11","2V":"11","3V":"11","5X":"11","4X":"11"},"GX":{"F4":"11","44":"11","M7":"11","9M":"11","CM":"11","83":"11","Q7":"11","93":"11","C2":"11","82":"11","26":"11","34":"11","9J":"11","CP":"11","25":"11","F3":"11","FM":"11","35":"11","G5":"11","2G":"11","G4":"11","6H":"11","FP":"11","X9":"11","3G":"11","P7":"11","92":"11","29":"11","X8":"11","7H":"11","FJ":"11","72":"11","CJ":"11","45":"11","F5":"11","3H":"11","CG":"11","JR":"11"},"P6":{"GW":"11","HW":"11","GX":"11"},"RC":{"2W":"11","2V":"11"},"J7":{"J8":"11","XR":"11","M7":"11","M8":"11","RJ":"11","J7":"11","WP":"11","RP":"11","J9":"11","WQ":"11","QH":"11","RH":"11","XQ":"11","PF":"11","WR":"11","P9":"11","RG":"11","PC":"11","VQ":"11","QF":"11","QG":"11","PG":"11","M9":"11","VJ":"11","XV":"11","RM":"11","MC":"11","VP":"11","VM":"11"},"HW":{"XP":"11"},"FW":{"MJ":"11","RM":"11","PJ":"11","MX":"11","PV":"11","PW":"11","VJ":"11","MQ":"11","PQ":"11","RJ":"11","PM":"11","MW":"11","QM":"11","MM":"11","XP":"11","MP":"11","VM":"11"},"7W":{"8C":"11","42":"11","9C":"11","9F":"11"},"JW":{"8M":"11","FR":"11","9M":"11","7P":"11","MM":"11","6P":"11","FH":"11","FV":"11","7Q":"11","7R":"11","HJ":"11","9J":"11","7M":"11","5P":"11","GR":"11","5M":"11","PQ":"11","JM":"11","4M":"11","GJ":"11","3Q":"11","9R":"11","PP":"11","FJ":"11","CJ":"11","4P":"11","8R":"11","MQ":"11","2Q":"11"},"WF":{"X9":"11","79":"11","7C":"11","6C":"11"},"CV":{"8W":"11","8V":"11","7W":"11","VV":"11","WV":"11","8X":"11"},"QC":{"WV":"11","XV":"11","WW":"11"},"7V":{"PF":"11","38":"11","48":"11","4C":"11","2W":"11","9F":"11","3W":"11","HG":"11","MG":"11","CF":"11","49":"11","3X":"11","26":"11","4W":"11","2V":"11","47":"11","37":"11","MF":"11","3C":"11","4F":"11","4X":"11"},"GW":{"6X":"11","2Q":"11","2R":"11","7X":"11","2P":"11","3V":"11","5V":"11","3R":"11"},"CX":{"VV":"11","VR":"11","WV":"11"},"XF":{"38":"11","FQ":"11","GJ":"11","FH":"11","27":"11","29":"11","28":"11","26":"11","37":"11","GQ":"11","39":"11","FJ":"11"},"V8":{"VW":"11","VV":"11","VR":"11","RV":"11","RR":"11","RW":"11"},"MW":{"9X":"11","8X":"11"},"FX":{"P2":"11","W9":"11","M2":"11","VC":"11","WG":"11","X9":"11","Q2":"11","WC":"11","XC":"11"},"G4":{"C2":"11"},"Q6":{"MH":"11","PH":"11","RH":"11","QH":"11","RJ":"11"},"G3":{"9W":"11","CX":"11","CW":"11","4J":"11","4P":"11","4M":"11","9V":"11"},"H4":{"4R":"11","4W":"11","3M":"11","4V":"11","3Q":"11","4X":"11","3P":"11","3R":"11"},"9W":{"M3":"11","J3":"11","H4":"11","J4":"11","H3":"11"},"V9":{"VX":"11","VW":"11","VV":"11","VR":"11","RQ":"11","RV":"11","RR":"11","VQ":"11"},"JX":{"M8":"11","G9":"11","J9":"11","X7":"11","C5":"11","H6":"11","HC":"11","G8":"11","F5":"11","93":"11","F7":"11","M9":"11","H7":"11","J6":"11","M7":"11","H9":"11","H5":"11","J8":"11","F6":"11","J7":"11","G7":"11","94":"11"},"H5":{"42":"11","43":"11"},"MX":{"63":"11","73":"11","27":"11","72":"11"},"HX":{"RJ":"11","GF":"11","7G":"11","GC":"11","FG":"11","Q8":"11","FF":"11","Q7":"11","CH":"11","PH":"11","P8":"11","HG":"11","WF":"11","9J":"11","RH":"11","VF":"11","VG":"11","28":"11","7F":"11","RG":"11","8C":"11","MG":"11","GG":"11","HF":"11","8G":"11","29":"11","9H":"11","PG":"11","VH":"11","M9":"11","R7":"11","8F":"11","MC":"11","CG":"11","MH":"11"},"F2":{"9W":"11","8W":"11","8V":"11","4J":"11"},"VC":{"XC":"11","V4":"11","V2":"11","H4":"11","WG":"11","XF":"11","XG":"11","V3":"11"}},"XV":{"CG":{"7P":"3","8P":"3"},"3W":{"G8":"11","G7":"11"}},"F4":{"7J":{"CG":"11"}},"C3":{"Q9":{"5F":"11"},"WC":{"7Q":"11","7P":"11"},"QF":{"HM":"11","HP":"11"},"HW":{"H2":"11"},"RC":{"GQ":"11"},"GV":{"VV":"11","VR":"11","WR":"11","WV":"11"},"HH":{"WJ":"11","WM":"11","VJ":"11","VM":"11"},"JH":{"5X":"11"},"HV":{"8V":"11"},"VF":{"HQ":"11","HP":"11"}},"P4":{"XJ":{"QQ":"11","PP":"11","QP":"11"},"5F":{"6F":"11","8F":"11","PF":"11","9F":"11","PG":"11","5F":"11","JF":"11","CF":"11","FF":"11","HF":"11","GF":"11","7F":"11","MF":"11","QG":"11"},"2P":{"6X":"11","7W":"11","6Q":"11","5R":"11","6R":"11","7V":"11","6V":"11","6W":"11","5V":"11","5Q":"11"}},"47":{"28":{"44":"11","83":"11","54":"11","32":"11","75":"11","52":"11","22":"11","43":"11","C5":"11","74":"11","73":"11","23":"11","65":"11","33":"11","64":"11","63":"11","42":"11","85":"11","84":"11","53":"11","94":"11","95":"11","62":"11"},"27":{"2X":"11","3X":"11","4X":"11"}},"FC":{"3C":{"7R":"11"},"26":{"HP":"11"}},"RQ":{"8F":{"GF":"11","FF":"11","GC":"11"}},"QC":{"M4":{"PF":"11"}},"25":{"5V":{"63":"11","C8":"11","62":"11","98":"11","97":"11","52":"11"}},"V3":{"MQ":{"83":"11","64":"11","73":"11","72":"11","65":"11","82":"11","74":"11"},"GR":{"4X":"11","8M":"11","6V":"11","9M":"11","7P":"11","6P":"11","5W":"11","8P":"11","5X":"11","7Q":"11","9J":"11","4W":"11","7M":"11","8J":"11","5R":"11","6Q":"11","5V":"11","6R":"11"},"CW":{"HX":"11"},"FV":{"W9":"11","R9":"11","X7":"11","RC":"11","X8":"11","VC":"11","X6":"11","P9":"11","W8":"11","V8":"11","V9":"11","W7":"11","Q9":"11","QC":"11","PC":"11","X5":"11"},"GV":{"34":"11","35":"11","33":"11","24":"11","42":"11","25":"11","43":"11","32":"11","26":"11"},"CX":{"G4":"11","G3":"11","F4":"11","H2":"11","C4":"11","H3":"11","G2":"11"},"MP":{"PG":"11","FP":"11","PH":"11","FQ":"11","HG":"11","MG":"11","JH":"11","CV":"11","CW":"11","FR":"11","CR":"11","QF":"11","9W":"11","9X":"11","8X":"11","MH":"11","JG":"11","QG":"11","HH":"11","CP":"11"}},"63":{"9F":{"7G":"11","6G":"11"}},"R8":{"XX":{"J4":"11"},"9Q":{"45":"11"},"RP":{"3J":"11","3H":"11","3M":"11"},"CV":{"X2":"11","X3":"11"},"VC":{"W7":"11"},"5W":{"CM":"11","CJ":"11"},"HV":{"2C":"11"},"FM":{"QX":"11"},"82":{"JW":"11"},"FV":{"22":"11","23":"11"},"72":{"PM":"11"},"GV":{"XC":"11"}},"G7":{"38":{"CR":"11","G7":"11"},"58":{"M4":"11"}},"RJ":{"QW":{"2F":"11"},"FR":{"RX":"11","XR":"11","QV":"11","PV":"11","HW":"11","QR":"11","RR":"11","WQ":"11","QX":"11","JW":"11","PX":"11","VR":"11","XQ":"11","MW":"11","WR":"11","PR":"11","JV":"11","RQ":"11","HV":"11","VQ":"11","MV":"11","XX":"11","HR":"11","JX":"11","PW":"11","VX":"11","MX":"11","WX":"11","MR":"11","JR":"11"},"7C":{"7R":"11","6W":"11","8W":"11","6V":"11","8R":"11","7X":"11","7Q":"11","7W":"11","7V":"11","8Q":"11","7P":"11","9W":"11","6X":"11","8X":"11","8V":"11"},"FV":{"8F":"11","66":"11","78":"11","64":"11","88":"11","77":"11","V2":"11","65":"11","7C":"11","R2":"11","75":"11","X2":"11","74":"11","76":"11","68":"11","89":"11","84":"11","79":"11","67":"11","8C":"11","W2":"11"},"GV":{"F4":"11","V4":"11","R4":"11","X4":"11","83":"11","32":"11","93":"11","52":"11","C2":"11","82":"11","J4":"11","22":"11","43":"11","C5":"11","F3":"11","74":"11","73":"11","G5":"11","C3":"11","G4":"11","W4":"11","G3":"11","92":"11","H4":"11","63":"11","H5":"11","42":"11","72":"11","C4":"11","F5":"11","84":"11","53":"11","J6":"11","94":"11","G6":"11","62":"11","H6":"11","J5":"11"},"CP":{"2W":"11","3W":"11","4V":"11","2X":"11","5W":"11","3X":"11","4W":"11","2V":"11","3V":"11","5X":"11","4X":"11"},"74":{"C5":"11"},"HP":{"3W":"11","3V":"11"},"GR":{"4X":"11","QW":"11","FR":"11","VW":"11","3X":"11","4R":"11","QV":"11","PV":"11","FV":"11","GV":"11","5X":"11","5Q":"11","CR":"11","7R":"11","WW":"11","6X":"11","GR":"11","2X":"11","4Q":"11","5R":"11","JV":"11","HV":"11","XW":"11","MV":"11","XX":"11","HR":"11","RW":"11","RV":"11","PW":"11","2R":"11","VX":"11","6Q":"11","6R":"11","WX":"11","JR":"11"},"7F":{"72":"11","62":"11","82":"11"},"CQ":{"44":"11","78":"11","7G":"11","7C":"11","68":"11","6C":"11","32":"11","75":"11","47":"11","34":"11","58":"11","22":"11","43":"11","74":"11","73":"11","23":"11","48":"11","57":"11","5C":"11","59":"11","7F":"11","46":"11","33":"11","6H":"11","6F":"11","6G":"11","49":"11","69":"11","42":"11","72":"11","62":"11","79":"11","5F":"11"},"HV":{"99":"11","88":"11","34":"11","44":"11","69":"11","68":"11","24":"11","CC":"11","78":"11","9C":"11","79":"11","89":"11","98":"11","C9":"11"},"9P":{"RW":"11","CC":"11","PF":"11","HC":"11","JC":"11","QQ":"11","GC":"11","RG":"11","QR":"11","VJ":"11","RF":"11","WP":"11","PQ":"11","RX":"11","QP":"11","VG":"11","FF":"11","VW":"11","PM":"11","PP":"11","HF":"11","GF":"11","FC":"11","WM":"11","QF":"11","VH":"11","MF":"11","QC":"11","VX":"11","QG":"11","RH":"11","PC":"11","VM":"11","WJ":"11","MC":"11"},"MV":{"PP":"11","QP":"11"},"3G":{"J9":"11"},"JQ":{"7R":"11","HR":"11","2F":"11","FP":"11","2G":"11","HQ":"11","CV":"11","FH":"11","27":"11","29":"11","CW":"11","GP":"11","FM":"11","28":"11","9W":"11","GM":"11","GQ":"11","9V":"11","5P":"11","5M":"11","6M":"11","6P":"11","FJ":"11"},"HR":{"2W":"11","2X":"11"},"HQ":{"CC":"11","66":"11","X7":"11","59":"11","78":"11","88":"11","R6":"11","77":"11","Q7":"11","V6":"11","9C":"11","G8":"11","7C":"11","R7":"11","X6":"11","F8":"11","W6":"11","W7":"11","H7":"11","P7":"11","57":"11","F9":"11","69":"11","XG":"11","68":"11","M7":"11","89":"11","V7":"11","XF":"11","C9":"11","79":"11","67":"11","56":"11","J7":"11","8C":"11","58":"11","G7":"11"},"PW":{"XC":"11","Q6":"11","G3":"11","R6":"11","R7":"11","XF":"11","F2":"11","R8":"11","H3":"11","G2":"11","Q5":"11"},"VX":{"W9":"11","R8":"11","R9":"11","WH":"11","H8":"11","G8":"11","97":"11","VC":"11","WG":"11","VG":"11","XH":"11","F8":"11","V8":"11","F7":"11","96":"11","V9":"11","H7":"11","XG":"11","C7":"11","VH":"11","WC":"11","C6":"11","XC":"11","J8":"11","J7":"11","G7":"11"},"85":{"79":"11"},"WX":{"F8":"11","5H":"11","5J":"11","GF":"11","78":"11","GC":"11","G8":"11","7C":"11","7J":"11","68":"11","C9":"11","FF":"11","99":"11","2J":"11","4H":"11","2H":"11","CC":"11","9J":"11","C8":"11","8J":"11","9C":"11","C7":"11","2G":"11","88":"11","8H":"11","9F":"11","8C":"11","6H":"11","89":"11","FC":"11","G9":"11","6J":"11","HC":"11","7H":"11","9H":"11","H9":"11","CF":"11","98":"11","4J":"11","F9":"11","69":"11","F7":"11","97":"11","3J":"11","3H":"11","79":"11"},"GP":{"QH":"11","PF":"11","PG":"11","VP":"11","RG":"11","VJ":"11","WP":"11","WQ":"11","RJ":"11","QF":"11","WM":"11","QG":"11","VM":"11"},"MR":{"CV":"11","FW":"11","CW":"11","FV":"11","9W":"11","9X":"11","CX":"11","FX":"11"},"JR":{"P6":"11","RG":"11","M2":"11","M5":"11","VJ":"11","RF":"11","WP":"11","M4":"11","RJ":"11","M6":"11","P8":"11","P9":"11","WM":"11","QF":"11","P7":"11","Q9":"11","M3":"11","VH":"11","QC":"11","RH":"11"}},"XC":{"2W":{"2C":"11"},"QW":{"MH":"11"},"5W":{"42":"11"},"3V":{"M5":"11"}},"23":{"2R":{"34":"11","33":"11","24":"11","42":"11","43":"11"},"PF":{"9W":"11","9X":"11","FM":"11","CW":"11","CV":"11","FQ":"11","8X":"11","9V":"11","CR":"11","FR":"11","FP":"11"},"5Q":{"99":"11","88":"11","57":"11","47":"11","JC":"11","HC":"11","98":"11","58":"11","JF":"11","HF":"11"},"RC":{"8M":"11","7M":"11","9P":"11","7P":"11","FX":"11","FW":"11","2R":"11","CW":"11","CV":"11","CQ":"11","9R":"11","9Q":"11","6M":"11","FV":"11","8Q":"11","CR":"11","8P":"11"},"PG":{"63":"11","X5":"11","33":"11","73":"11","W3":"11","X6":"11","72":"11","43":"11","32":"11","53":"11","23":"11","V3":"11","82":"11","W4":"11"},"8M":{"MJ":"11","QH":"11","W9":"11","3W":"11","PH":"11","X8":"11","JJ":"11","HJ":"11","VC":"11","4V":"11","3X":"11","9P":"11","V9":"11","4W":"11","3V":"11","WC":"11","MH":"11","QG":"11"},"RG":{"62":"11","64":"11","73":"11","54":"11","26":"11","63":"11","35":"11","72":"11","25":"11","44":"11","34":"11","53":"11"},"MG":{"HR":"11","HG":"11","HQ":"11","HJ":"11","HP":"11","FW":"11","GR":"11","FV":"11","JM":"11","GH":"11","HM":"11","HH":"11","CX":"11","GG":"11"},"2Q":{"HR":"11","JR":"11","CV":"11","MR":"11","GR":"11","CW":"11","FR":"11","9X":"11","6X":"11","8X":"11","9V":"11","5X":"11","4X":"11"},"RF":{"GF":"11","GC":"11","G8":"11","FG":"11","GH":"11","FH":"11","8V":"11","FF":"11","7W":"11","CR":"11","CP":"11","F3":"11","FM":"11","G5":"11","G4":"11","CQ":"11","FP":"11","GG":"11","G3":"11","G9":"11","G7":"11","FQ":"11","7X":"11","FJ":"11","8W":"11","F2":"11","G6":"11","G2":"11"},"HJ":{"66":"11","75":"11","38":"11","67":"11","93":"11","C2":"11","77":"11","58":"11","48":"11","86":"11","57":"11","C3":"11","76":"11","92":"11","C4":"11","85":"11","84":"11","94":"11","95":"11"},"GJ":{"C4":"11","W9":"11","R8":"11","P4":"11","X8":"11","55":"11","R7":"11","X9":"11","54":"11","W8":"11","V8":"11","V9":"11","F3":"11","24":"11","V7":"11","83":"11","F4":"11"},"JH":{"CC":"11","PR":"11","3F":"11","WF":"11","QJ":"11","JQ":"11","5F":"11","QQ":"11","HG":"11","JJ":"11","QR":"11","JR":"11","HQ":"11","JH":"11","MR":"11","FF":"11","FC":"11","JM":"11","69":"11","JG":"11","79":"11","99":"11"},"3Q":{"6F":"11","8F":"11","VF":"11","WF":"11","9F":"11","RC":"11","5F":"11","JC":"11","JF":"11","HG":"11","RF":"11","CF":"11","FF":"11","HF":"11","Q9":"11","7F":"11","CG":"11","MF":"11","XC":"11","QC":"11","XF":"11","FG":"11","GG":"11","MC":"11"},"6Q":{"F4":"11","78":"11","68":"11","P2":"11","96":"11","J2":"11","77":"11","C6":"11","M2":"11","5C":"11","59":"11","G4":"11","J3":"11","G3":"11","H4":"11","69":"11","H3":"11","97":"11","4C":"11","F5":"11","M3":"11","2F":"11","4F":"11","3F":"11"},"9M":{"84":"11","83":"11","28":"11","94":"11","46":"11","66":"11","56":"11","65":"11"},"7P":{"V4":"11","7C":"11","R4":"11","96":"11","6C":"11","5G":"11","Q4":"11","J4":"11","C5":"11","M4":"11","W3":"11","C6":"11","5C":"11","J3":"11","6F":"11","G3":"11","R3":"11","P4":"11","69":"11","H3":"11","97":"11","X2":"11","V3":"11","79":"11","5F":"11"},"8P":{"22":"11","32":"11"},"CJ":{"MJ":"11","RM":"11","8M":"11","3P":"11","2P":"11","XH":"11","RJ":"11","2M":"11","QM":"11","JM":"11","9M":"11","XG":"11","3M":"11","CM":"11","HM":"11","VM":"11","CP":"11","4M":"11"},"MH":{"6F":"11","5G":"11","C5":"11","2G":"11","78":"11","5F":"11","3G":"11","77":"11","F5":"11","4G":"11","F3":"11","69":"11","86":"11","95":"11","F2":"11","F4":"11","6C":"11"},"4Q":{"X7":"11","78":"11","Q5":"11","68":"11","W8":"11","V5":"11","M5":"11","F6":"11","Q4":"11","J4":"11","58":"11","2C":"11","M4":"11","V8":"11","57":"11","P5":"11","C6":"11","R5":"11","59":"11","C7":"11","88":"11","X8":"11","3C":"11","P4":"11","49":"11","98":"11","97":"11","4C":"11","F5":"11","V7":"11","W7":"11","2F":"11"},"QC":{"XR":"11"},"QG":{"J8":"11","M7":"11","M8":"11","X7":"11","R8":"11","Q8":"11","H7":"11","Q7":"11","36":"11","X6":"11","P8":"11","26":"11","25":"11","35":"11","86":"11","V8":"11","46":"11","C7":"11","76":"11","P7":"11","G7":"11","55":"11","45":"11","F7":"11","97":"11","V7":"11","W7":"11","56":"11"},"HH":{"MJ":"11","PG":"11","RG":"11","MG":"11","JJ":"11","RF":"11","JH":"11","HP":"11","GR":"11","GP":"11","FV":"11","JM":"11","QF":"11","MM":"11","GV":"11","QG":"11","HM":"11"},"6P":{"QW":"11","RJ":"11","QV":"11","PV":"11","QR":"11","RP":"11","RR":"11","QX":"11","WH":"11","PX":"11","VR":"11","MW":"11","RQ":"11","VQ":"11","RV":"11","WG":"11","JX":"11","PW":"11","MX":"11","VJ":"11","RM":"11","VP":"11","VM":"11"},"FJ":{"2F":"11","59":"11","2G":"11","97":"11","49":"11","F8":"11","F7":"11","96":"11","V5":"11","69":"11","C7":"11","W5":"11","2H":"11","G7":"11","X4":"11"},"9J":{"FP":"11","VP":"11","QQ":"11","RP":"11","WP":"11","MQ":"11","PQ":"11","HP":"11","GR":"11","GP":"11","WM":"11","RQ":"11","GQ":"11","XM":"11","MP":"11"}},"C5":{"W7":{"28":"11"}},"RR":{"HF":{"7X":"11","8X":"11"}},"P8":{"3W":{"6P":"11"},"4C":{"3G":"11","4G":"11"},"7C":{"4G":"11"},"MR":{"4W":"11"}},"J3":{"99":{"6F":"11","8F":"11","3F":"11","2F":"11","5F":"11","7G":"11","HJ":"11","GJ":"11","FH":"11","8G":"11","9G":"11","7F":"11","CG":"11","GH":"11","HH":"11","FG":"11","4F":"11"},"7G":{"4R":"11"},"GP":{"9Q":"11"},"JV":{"RC":"11"},"5H":{"WQ":"11"},"HW":{"WR":"11"},"JM":{"MX":"11","VW":"11","QW":"11","JX":"11","RX":"11","XW":"11","VV":"11","WV":"11","QX":"11","PX":"11","XV":"11","RW":"11","WW":"11"},"WR":{"X9":"11"},"CC":{"87":"11"},"GX":{"W8":"11"},"89":{"VF":"11","WF":"11","RC":"11","RF":"11","VC":"11","P9":"11","M9":"11","QC":"11","XF":"11","PC":"11","MC":"11"},"JP":{"J2":"11","M2":"11"},"JW":{"W3":"11"},"6C":{"7R":"11"},"XR":{"5G":"11","3F":"11","4C":"11","5F":"11","7G":"11","29":"11","8H":"11","9H":"11","8G":"11","7H":"11","9G":"11","6G":"11","2C":"11","CH":"11","3C":"11","4F":"11"},"MM":{"2W":"11","3W":"11","4W":"11","2V":"11","3V":"11","4V":"11"},"FP":{"WH":"11"}},"C8":{"M9":{"QR":"11"},"5M":{"RF":"11"},"2V":{"CJ":"11"},"3V":{"VQ":"11"},"4V":{"J9":"11","X2":"11"},"7F":{"CW":"11"}},"26":{"W8":{"MH":"11","PH":"11","PJ":"11","MJ":"11"}},"XG":{"5C":{"M3":"11","P2":"11","P3":"11","M2":"11"}},"W9":{"6H":{"VG":"11"},"W2":{"JQ":"11"},"56":{"RX":"11"},"6F":{"PM":"11","QJ":"11","QM":"11","PJ":"11"},"R9":{"HH":"11","HJ":"11"}},"9C":{"PF":{"4P":"11"},"PG":{"87":"11"},"P4":{"23":"11"},"JJ":{"CQ":"11","23":"11"},"Q7":{"MQ":"11"},"JR":{"GC":"11"},"J3":{"MC":"11"},"Q8":{"V6":"11"},"MH":{"PF":"11"}},"MG":{"PQ":{"MX":"11"},"G5":{"5Q":"11","5V":"11","4R":"11","6R":"11","4V":"11","5W":"11","7Q":"11","6Q":"11","4W":"11","8Q":"11","7P":"11","5R":"11","8P":"11","4Q":"11","5P":"11","6P":"11","5X":"11"}},"R5":{"R3":{"MF":"11"},"R6":{"XF":"11"},"HJ":{"JW":"11"}},"9G":{"57":{"83":"11"}},"J5":{"F9":{"MX":"11"},"Q4":{"52":"11"},"42":{"MP":"11"}},"8F":{"2R":{"3M":"11"},"4Q":{"V2":"11"}},"W8":{"37":{"2J":"11"},"P3":{"63":"11","35":"11","25":"11","62":"11","52":"11","53":"11"},"J3":{"8R":"11","8Q":"11"},"73":{"6F":"11"},"38":{"64":"11"},"X4":{"5P":"11"},"74":{"H3":"11"}},"7F":{"VX":{"4R":"11"},"RX":{"HW":"11"},"XV":{"93":"11","5V":"11"}},"F2":{"CF":{"MH":"11","PH":"11","9P":"11","9Q":"11","8Q":"11","PJ":"11","8P":"11","MJ":"11"},"VJ":{"42":"11","27":"11"},"PV":{"M8":"11","P7":"11","P8":"11"},"QV":{"PM":"11","MM":"11"},"4G":{"93":"11","84":"11","83":"11","69":"11","94":"11","79":"11","7C":"11","4F":"11","6C":"11"},"3R":{"77":"11","66":"11","76":"11","65":"11","67":"11"},"MR":{"3J":"11","2M":"11","4H":"11","FG":"11"}},"VC":{"2H":{"C6":"11","G8":"11","F5":"11","F7":"11","C5":"11","F8":"11","F6":"11","G7":"11"}},"PJ":{"P5":{"88":"11"},"W5":{"43":"11"}},"M6":{"HW":{"C5":"11"},"XV":{"CX":"11"}},"Q4":{"VP":{"G3":"11","C3":"11","F4":"11","F3":"11","C4":"11","G2":"11"},"8J":{"W2":"11","W3":"11","X2":"11","X4":"11","X3":"11","W4":"11"},"9H":{"6W":"11","PR":"11","HR":"11","6V":"11","2W":"11","3W":"11","XQ":"11","VQ":"11","QR":"11","JR":"11","CV":"11","MR":"11","GR":"11","WQ":"11","2X":"11","5W":"11","HV":"11","FR":"11","FV":"11","7W":"11","4W":"11","7V":"11","VR":"11","RQ":"11","GV":"11","XP":"11","8V":"11","9V":"11","RR":"11"},"XJ":{"QX":"11","PX":"11"},"7J":{"F4":"11","R4":"11","Q5":"11","M5":"11","96":"11","Q4":"11","J4":"11","C5":"11","M4":"11","R6":"11","G5":"11","R5":"11","G4":"11","Q6":"11","H4":"11","P4":"11","H5":"11","C4":"11","F5":"11","95":"11","J5":"11"},"CH":{"6Q":"11","2Q":"11","5R":"11","4P":"11","6R":"11","5P":"11","2P":"11","4Q":"11","3P":"11","5Q":"11"},"8H":{"XX":"11","WX":"11"},"VM":{"VW":"11","QW":"11","VV":"11","RV":"11","PW":"11","RW":"11"},"PP":{"3C":"11","6M":"7","2C":"11"},"XM":{"P2":"11"},"MP":{"W9":"11","R8":"11","Q7":"11","R7":"11","X9":"11","V8":"11","Q8":"11","V9":"11","P7":"11","XC":"11"},"MM":{"7M":"11","7P":"11","6J":"11","6M":"11","5M":"11"}},"93":{"46":{"M7":"11"},"8Q":{"6M":"11","5M":"11"}},"F3":{"QC":{"F3":"11"},"X6":{"24":"11","25":"11"},"W5":{"Q8":"11","P8":"11"},"P7":{"FH":"11"},"W6":{"9J":"11","M8":"11"}},"XH":{"WJ":{"H8":"11"}},"FW":{"J5":{"P4":"11"}},"P6":{"8W":{"6J":"11","6M":"11"},"Q9":{"R3":"11"},"96":{"77":"11"},"J6":{"G8":"3","F7":"3","F8":"3","G7":"3"},"X3":{"XP":"11"},"P6":{"74":"11"}},"52":{"C6":{"27":"11","26":"11"},"54":{"8V":"11"},"43":{"9G":"11","GC":"11","7J":"11","FF":"11","X6":"11","3P":"11","CC":"11","6M":"11","5M":"11","4Q":"11","8H":"11","9F":"11","4M":"11","FC":"11","8G":"11","6J":"11","G9":"11","3Q":"11","7H":"11","CF":"11","F9":"11","4P":"11","CG":"11"},"53":{"66":"11","96":"11","F6":"11","67":"11","36":"11","J4":"11","77":"11","26":"11","C5":"11","86":"11","C6":"11","G5":"11","46":"11","G4":"11","76":"11","H4":"11","H5":"11","F5":"11","95":"11","56":"11"}},"G3":{"6Q":{"8J":"11","9H":"11","9J":"11"},"RM":{"5P":"11","5Q":"11"},"CV":{"2J":"11"},"VF":{"MP":"11"},"VG":{"9W":"11","8W":"11","9X":"11","CX":"11","CW":"11","8X":"11"}},"P5":{"FH":{"6P":"11"}},"83":{"44":{"W6":"11"},"24":{"7M":"11","2F":"11","2G":"11"},"HC":{"76":"11"},"46":{"8H":"11","7H":"11"},"77":{"C2":"3"},"25":{"4M":"11"},"F2":{"5V":"11"},"H9":{"CJ":"11"},"74":{"85":"11"}}}}