{"index":{"university,1|retail,2|tourism,3|wreck,4|historical,5|artsCulture,6|namedBuilding,7|water,8|wetland,9|park,10|beach,11|natureReserve,12|cemetery,13|trail,14":{}},"69":{"23":{"HQ":{"Q9":"11","Q8":"11","Q7":"11"},"PR":{"34":"11","24":"11"}},"66":{"4R":{"W9":"11","R9":"11","8J":"11","HC":"11","JC":"11","8M":"11","X9":"11","FF":"11","9H":"11","9P":"11","P9":"11","HF":"11","GF":"11","V9":"11","Q9":"11","9G":"11","CG":"11","8P":"11","FG":"11","PC":"11","CH":"11","MC":"11","9J":"11"},"RF":{"VX":"11","WW":"11","WX":"11"},"HM":{"HX":"11","JX":"11","JV":"11","RQ":"11","MV":"11","QQ":"11","MW":"11","GX":"11","PR":"11","QR":"11","JW":"11","MR":"11"},"7Q":{"8W":"11","2W":"11","7W":"11","3W":"11","4W":"11","5W":"11","6W":"11"},"5Q":{"4H":"11","4G":"11"},"QH":{"6W":"11","6V":"11","FP":"11","8R":"11","9Q":"11","HJ":"11","CQ":"11","5W":"11","GP":"11","FM":"11","9R":"11","7W":"11","7V":"11","GM":"11","8V":"11","HM":"11","CP":"11","5X":"11","4X":"11"},"7R":{"V3":"11","V4":"11","W3":"11","R2":"11","W4":"11","R3":"11","X4":"11"},"8Q":{"9M":"11","7P":"11","RJ":"11","3X":"11","XJ":"11","CM":"11","8P":"11","3W":"11","HM":"11","7Q":"11","HJ":"11","GM":"11","4W":"11","CP":"11","FM":"11","8Q":"11","WM":"11","QM":"11","XM":"11","5R":"11","JM":"11","JJ":"11","9P":"11","GJ":"11","PJ":"11","4V":"11","FJ":"11","6Q":"11","5V":"11","6R":"11","MJ":"11","RM":"11","QJ":"11","VM":"11"},"HP":{"C3":"11","F4":"11","F3":"11","C4":"11","F2":"11","G2":"11"},"V8":{"PV":"11","RC":"11","V5":"11","RF":"11","R8":"11","QQ":"11","W2":"11","W6":"11","QH":"11","X3":"11","W3":"11","V8":"11","QM":"11","MW":"11","RG":"11","PQ":"11","PR":"11","W5":"11","W4":"11","MV":"11","QF":"11","QG":"11","PP":"11","PW":"11","MX":"11","QP":"11","V6":"11","R9":"11","X2":"11","V7":"11","QJ":"11"},"RG":{"V3":"11","2R":"11","R5":"11","V4":"11","2W":"11","Q4":"11","R6":"11","V2":"11","Q7":"11","R7":"11","P8":"11","P9":"11","Q8":"11","M9":"11","2V":"11","R3":"11","R4":"11"},"5R":{"C9":"11","99":"11","J9":"11","W9":"11","39":"11","59":"11","P9":"11","89":"11","X9":"11","G9":"11","29":"11","H9":"11","V9":"11","49":"11","Q9":"11","69":"11","F9":"11","M9":"11","R9":"11","79":"11","XC":"11"},"CQ":{"F8":"11","V4":"11","G8":"11","7C":"11","R4":"11","P6":"11","Q5":"11","J7":"11","6C":"11","H7":"11","Q4":"11","CC":"11","X3":"11","M6":"11","W3":"11","7F":"11","Q6":"11","9F":"11","6F":"11","FC":"11","G7":"11","CF":"11","F9":"11","8F":"11","X2":"11","J6":"11","V3":"11","5F":"11"},"9Q":{"7M":"11","8M":"11","8J":"11","9H":"11","5J":"11","3J":"11","2M":"11","CG":"11","6J":"11","9M":"11","4J":"11","2J":"11","7J":"11","6M":"11","GG":"11","CH":"11","9J":"11","GF":"11","FF":"11","FG":"11"},"2V":{"M7":"11","M8":"11","9G":"11","7P":"11","GF":"11","7J":"11","FG":"11","M5":"11","6P":"11","JF":"11","P3":"11","FH":"11","J9":"11","CH":"11","3P":"11","P8":"11","7M":"11","M6":"11","Q2":"11","5P":"11","M4":"11","P5":"11","8J":"11","V2":"11","8H":"11","R2":"11","GG":"11","HF":"11","Q3":"11","8G":"11","3Q":"11","HC":"11","9H":"11","P4":"11","M9":"11","4P":"11","JC":"11","2Q":"11","MC":"11","CG":"11"},"FP":{"4X":"11"},"FQ":{"42":"11","22":"11","32":"11"},"V9":{"MP":"11","MM":"11","J7":"11","JF":"11","H7":"11","J2":"11","J4":"11","HG":"11","M2":"11","J3":"11","JJ":"11","HF":"11","JP":"11","JG":"11","JH":"11","HC":"11","H9":"11","H8":"11","H5":"11","JC":"11","J6":"11","MJ":"11","H6":"11","M3":"11","MH":"11","J5":"11"},"2R":{"VX":"11","XW":"11","XX":"11","WX":"11"},"6Q":{"WX":"11","XW":"11","XX":"11","WW":"11","QR":"11","VV":"11","RX":"11","VW":"11","RQ":"11","RV":"11","RR":"11"},"6R":{"F4":"11","V4":"11","R4":"11","66":"11","P3":"11","47":"11","Q4":"11","J4":"11","39":"11","2C":"11","48":"11","86":"11","57":"11","G4":"11","76":"11","J3":"11","Q3":"11","R3":"11","H4":"11","29":"11","H3":"11","C4":"11","85":"11","94":"11","95":"11","V3":"11","M3":"11","56":"11"},"8R":{"34":"11","33":"11","24":"11","42":"11","43":"11","32":"11"},"V7":{"WP":"11","WR":"11","XQ":"11","WV":"11","WQ":"11","XP":"11","XM":"11","WW":"11","WX":"11"},"3R":{"6W":"11","8W":"11","6V":"11","2W":"11","3W":"11","5V":"11","CV":"11","4V":"11","2X":"11","CW":"11","5W":"11","7W":"11","4W":"11","7V":"11","9W":"11","3V":"11","8V":"11","9V":"11"},"W7":{"2M":"11","3J":"11","3H":"11","2J":"11"},"QJ":{"33":"11","42":"11","32":"11"}},"88":{"46":{"V3":"11","H4":"11","P4":"11","Q4":"11","M5":"11","V2":"11","G2":"11","W3":"11","H2":"11","J5":"11","G4":"11","J2":"11","R3":"11","G3":"11","P5":"11","H5":"11","F2":"11","W2":"11","R4":"11"},"45":{"FR":"11","GX":"11","MP":"11","FV":"11","RP":"11","HM":"11","FW":"11","PM":"11","QH":"11","PH":"11","CR":"11","HJ":"11","GM":"11","WW":"11","RH":"11","HP":"11","QM":"11","FX":"11","RQ":"11","MG":"11","FP":"11","JP":"11","GJ":"11","JH":"11","FQ":"11","QG":"11","PP":"11","PG":"11","JX":"11","QP":"11","HX":"11","WX":"11","GP":"11","HH":"11","MH":"11"}},"42":{"QM":{"3R":"11"}},"33":{"2Q":{"5G":"11","5F":"11","6G":"11","6F":"11"}},"65":{"X5":{"4X":"11"},"C3":{"GW":"11"},"WQ":{"35":"11"},"W9":{"5C":"11","62":"11","59":"11","5F":"11","64":"11","3P":"11","65":"11","55":"11","4P":"11","3Q":"11","4G":"11","63":"11","56":"11","4H":"11","58":"11","4M":"11","4J":"11","4F":"11"},"W8":{"6X":"11","6Q":"11","6R":"11","6V":"11","6W":"11"}},"73":{"VV":{"5H":"11","5J":"11","7G":"11","2P":"11","C9":"11","99":"11","5G":"11","2M":"11","4H":"11","CC":"11","7F":"11","9C":"11","9F":"11","8C":"11","6H":"11","3M":"11","6G":"11","4J":"11","8F":"11","3J":"11"},"RV":{"XQ":"11","WQ":"11","XP":"11"},"H3":{"MX":"11","JX":"11","MW":"11","JW":"11"}},"92":{"28":{"34":"11","37":"11","28":"11","35":"11","24":"11","36":"11","27":"11","25":"11","29":"11","23":"11","26":"11"},"27":{"2P":"11","68":"11","2J":"11","67":"11","93":"11","2M":"11","C2":"11","77":"11","2H":"11","58":"11","86":"11","5C":"11","59":"11","C3":"11","2G":"11","76":"11","3G":"11","3M":"11","49":"11","2R":"11","C4":"11","85":"11","3J":"11","4C":"11","94":"11","2Q":"11","95":"11","4F":"11","3F":"11"}},"46":{"39":{"37":"11","47":"11"}},"82":{"RM":{"C4":"11","C3":"11","C5":"11","C2":"11","76":"11","F3":"11","86":"11","85":"11","95":"11","F2":"11","94":"11"},"PR":{"37":"11","66":"11","75":"11","38":"11","93":"11","47":"11","C2":"11","28":"11","57":"11","65":"11","46":"11","C3":"11","85":"11","84":"11","27":"11","94":"11","F2":"11","G2":"11","56":"11"},"W9":{"XV":"11","XR":"11"},"X7":{"XW":"11","XX":"11","XQ":"11","XV":"11","XR":"11"},"HX":{"WC":"11","P2":"11","P3":"11","VC":"11","Q2":"11","XP":"11","Q3":"11"},"X8":{"GX":"11","MP":"11","MM":"11","GV":"11","PM":"11","QH":"11","WF":"11","RH":"11","X3":"11","GW":"11","HP":"11","VG":"11","XF":"11","GR":"11","RG":"11","JM":"11","JP":"11","X9":"11","X8":"11","PJ":"11","JQ":"11","HR":"11","WG":"11","HQ":"11","VH":"11","X2":"11","QJ":"11","XC":"11"},"QQ":{"78":"11","68":"11","6C":"11","93":"11","67":"11","C2":"11","77":"11","F3":"11","86":"11","5C":"11","C3":"11","76":"11","3G":"11","4G":"11","69":"11","C4":"11","85":"11","84":"11","F2":"11","94":"11","95":"11","G2":"11","5F":"11","4F":"11"},"PQ":{"HX":"11","GW":"11","FX":"11","HW":"11","GX":"11"},"JW":{"37":"11","66":"11","83":"11","75":"11","38":"11","93":"11","67":"11","36":"11","47":"11","C2":"11","58":"11","F3":"11","39":"11","74":"11","73":"11","2C":"11","48":"11","28":"11","57":"11","65":"11","C3":"11","46":"11","64":"11","76":"11","H2":"11","29":"11","3C":"11","55":"11","49":"11","C4":"11","85":"11","84":"11","27":"11","94":"11","F2":"11","G2":"11","2F":"11","56":"11"},"VG":{"3W":"11","3X":"11"},"QP":{"JP":"11","HR":"11","HX":"11","JQ":"11","JF":"11","HG":"11","JJ":"11","JR":"11","JH":"11","GW":"11","HV":"11","HF":"11","JM":"11","GX":"11","JV":"11","HW":"11","JG":"11","HH":"11","FX":"11"},"JX":{"2Q":"11","2P":"11"},"X9":{"8M":"11","9M":"11","7P":"11","GF":"11","GC":"11","FG":"11","J7":"11","CM":"11","6P":"11","FH":"11","H7":"11","CH":"11","5Q":"11","J4":"11","9J":"11","7M":"11","5P":"11","4Q":"11","G4":"11","2V":"11","GG":"11","G3":"11","G9":"11","H4":"11","3Q":"11","HC":"11","H9":"11","H8":"11","H5":"11","2R":"11","H3":"11","FJ":"11","CJ":"11","J6":"11","H6":"11","3R":"11","G2":"11","J5":"11"},"MR":{"X8":"11","HJ":"11","MH":"11","CQ":"11","58":"11","X9":"11","8R":"11","QF":"11","PF":"11","6W":"11","HH":"11","JG":"11","RF":"11","V9":"11","MG":"11","FM":"11","7V":"11","33":"11","FP":"11","CM":"11","9P":"11","W9":"11","48":"11","9R":"11","GM":"11","PG":"11","6X":"11","JH":"11","RC":"11","VC":"11","7X":"11","CP":"11","QC":"11","7W":"11","W8":"11","9Q":"11","JJ":"11","8V":"11","GJ":"11"},"RJ":{"9G":"11","FH":"11","GV":"11","99":"11","CH":"11","FW":"11","CC":"11","GM":"11","GQ":"11","GW":"11","FM":"11","GR":"11","FX":"11","9C":"11","9F":"11","GJ":"11","CF":"11","FJ":"11","CJ":"11","GP":"11","CG":"11"},"MV":{"62":"11","38":"11","48":"11","4C":"11","2Q":"11","3P":"11","2P":"11","49":"11","2M":"11","54":"11","43":"11","52":"11","35":"11","47":"11","37":"11","45":"11","36":"11","44":"11","39":"11","3M":"11","34":"11","3C":"11","4F":"11","53":"11"},"JV":{"XR":"11","GX":"11","QV":"11","PV":"11","HW":"11","WP":"11","QR":"11","RR":"11","WQ":"11","JW":"11","VR":"11","GW":"11","XP":"11","XQ":"11","MW":"11","FX":"11","XM":"11","WR":"11","PR":"11","JV":"11","RQ":"11","VQ":"11","MV":"11","RV":"11","JX":"11","PW":"11","HX":"11","VP":"11"},"VH":{"33":"11","32":"11"},"HW":{"RM":"11","W9":"11","VF":"11","WF":"11","X7":"11","VP":"11","X8":"11","QQ":"11","WH":"11","QR":"11","RP":"11","VJ":"11","QX":"11","WG":"11","VG":"11","XH":"11","X9":"11","RJ":"11","W8":"11","QW":"11","QV":"11","RQ":"11","XG":"11","PX":"11","WC":"11","VH":"11","RV":"11","XC":"11","RR":"11","XF":"11","VM":"11","WJ":"11"}},"75":{"33":{"C3":"11","5C":"11","3F":"11","66":"11","4C":"11","59":"11","3G":"11","77":"11","C2":"11","2P":"11","2M":"11","93":"11","75":"11","4G":"11","76":"11","3H":"11","3J":"11","68":"11","85":"11","84":"11","2H":"11","F2":"11","67":"11","58":"11","2J":"11","4F":"11","94":"11"},"24":{"X7":"11","W7":"11","W2":"11","W3":"11","W5":"11","W6":"11","W4":"11"},"32":{"9G":"11","CM":"11","96":"11","GV":"11","93":"11","FW":"11","CH":"11","C2":"11","82":"11","9J":"11","CP":"11","87":"11","GQ":"11","GW":"11","FM":"11","HP":"11","CX":"11","86":"11","FX":"11","C3":"11","88":"11","9F":"11","8C":"11","HV":"11","FP":"11","JP":"11","89":"11","8G":"11","92":"11","FQ":"11","JQ":"11","9H":"11","HR":"11","HQ":"11","8F":"11","CJ":"11","85":"11","97":"11","GP":"11","94":"11","95":"11"},"23":{"XW":"11","XQ":"11","XV":"11","XP":"11","WW":"11","XR":"11","WX":"11"}},"74":{"9G":{"68":"11","66":"11","75":"11","67":"11","C2":"11","77":"11","2H":"11","58":"11","C5":"11","F3":"11","39":"11","48":"11","86":"11","57":"11","59":"11","C3":"11","2G":"11","76":"11","3C":"11","49":"11","C4":"11","85":"11","4C":"11","F2":"11","94":"11","95":"11","2F":"11","3F":"11"},"7P":{"28":"11","F2":"11"},"3X":{"8W":"11","9X":"11","6Q":"11","7W":"11","5J":"11","5H":"11","4J":"11","6P":"11","6R":"11","7X":"11","4H":"11","8X":"11","5M":"11","7V":"11","5P":"11","2C":"11","2F":"11","6V":"11","3G":"11","29":"11","22":"11","3F":"11","4G":"11","23":"11","5Q":"11"},"3W":{"F4":"11","4R":"11","7G":"11","C9":"11","96":"11","3W":"11","99":"11","3V":"11","6M":"11","C5":"11","5P":"11","F3":"11","C6":"11","5M":"11","2X":"11","9C":"11","4Q":"11","9F":"11","8C":"11","6H":"11","G3":"11","8G":"11","6J":"11","2W":"11","7H":"11","98":"11","C4":"11","8F":"11","4P":"11","97":"11","F5":"11","F2":"11","3R":"11","G2":"11"},"H7":{"22":"11"},"5Q":{"63":"11","34":"11","44":"11","33":"11","24":"11","25":"11","72":"11","62":"11","52":"11","43":"11","53":"11","82":"11"},"3V":{"FR":"11","9M":"11","GX":"11","78":"11","7G":"11","7C":"11","CM":"11","GV":"11","75":"11","77":"11","9J":"11","22":"11","GW":"11","FM":"11","74":"11","GR":"11","7F":"11","8J":"11","8H":"11","64":"11","76":"11","FP":"11","8G":"11","FQ":"11","7H":"11","69":"11","8F":"11","79":"11"},"5P":{"9W":"11","9X":"11","CX":"11","CW":"11","7X":"11","8X":"11"},"C6":{"C6":"11"},"8J":{"C3":"11","F4":"11","C5":"11","F3":"11","C4":"11","F2":"11"},"2X":{"X5":"11","X9":"11","X7":"11","X6":"11","X8":"11","X4":"11","X3":"11"},"4Q":{"M8":"11","9G":"11","GF":"11","GC":"11","7J":"11","FG":"11","X4":"11","6P":"11","R8":"11","Q8":"11","FF":"11","Q7":"11","J9":"11","CH":"11","X6":"11","5Q":"11","W6":"11","P8":"11","3V":"11","7M":"11","6M":"11","5P":"11","R6":"11","5M":"11","P9":"11","8J":"11","4Q":"11","8H":"11","W5":"11","2V":"11","HF":"11","X5":"11","3Q":"11","HC":"11","2W":"11","9H":"11","H9":"11","2R":"11","M9":"11","R7":"11","V6":"11","4P":"11","JC":"11","V7":"11","CG":"11","3R":"11"},"8H":{"FR":"11","R4":"11","P6":"11","Q5":"11","Q8":"11","FV":"11","GV":"11","Q7":"11","HM":"11","FW":"11","Q4":"11","MF":"11","P8":"11","HJ":"11","GQ":"11","GW":"11","HP":"11","GR":"11","FX":"11","P9":"11","V2":"11","PC":"11","Q6":"11","R2":"11","JJ":"11","MG":"11","JG":"11","Q3":"11","P7":"11","R3":"11","JH":"11","HQ":"11","M9":"11","GP":"11","MC":"11"},"9F":{"7Q":"11","8M":"11","7M":"11","9P":"11","7P":"11","FX":"11","FW":"11","6J":"11","CX":"11","CW":"11","CV":"11","CQ":"11","9Q":"11","9R":"11","7J":"11","4C":"11","6M":"11","8Q":"11","9V":"11","CR":"11","8P":"11"},"2V":{"X2":"11","X4":"11","X3":"11"},"8G":{"WX":"11","WW":"11","XQ":"11","XR":"11","VV":"11","XJ":"11","XH":"11","WQ":"11","VW":"11","XG":"11","XP":"11","XM":"11","WV":"11","VX":"11","WR":"11"},"G7":{"78":"11","68":"11","M5":"11","P3":"11","96":"11","F6":"11","W2":"11","Q4":"11","J4":"11","77":"11","58":"11","87":"11","Q2":"11","2C":"11","M4":"11","W3":"11","C6":"11","G5":"11","59":"11","V2":"11","C7":"11","88":"11","R2":"11","Q3":"11","H4":"11","R3":"11","3C":"11","P4":"11","49":"11","H5":"11","69":"11","97":"11","4C":"11","X2":"11","F5":"11","G6":"11","H6":"11","V3":"11","M3":"11","2F":"11","J5":"11","3F":"11"},"3Q":{"VX":"11","XW":"11","XX":"11","XV":"11","WW":"11","WX":"11"},"H5":{"XW":"11","XX":"11"},"F7":{"QJ":"11","JQ":"11","WH":"11","JR":"11","VJ":"11","MQ":"11","GW":"11","WG":"11","VG":"11","RJ":"11","PM":"11","QM":"11","PP":"11","XG":"11","VH":"11","XF":"11","RH":"11","MP":"11"},"J6":{"34":"11","28":"11","35":"11","33":"11","27":"11","25":"11","22":"11","32":"11","26":"11"},"G6":{"XX":"11","WX":"11"},"H6":{"4X":"11","6V":"11","RJ":"11","6W":"11","X7":"11","3X":"11","GH":"11","CM":"11","5W":"11","8V":"11","3W":"11","5X":"11","CH":"11","7W":"11","WF":"11","HJ":"11","7V":"11","4W":"11","CP":"11","FM":"11","8Q":"11","XF":"11","2X":"11","XG":"11","JM":"11","CQ":"11","9Q":"11","JJ":"11","9P":"11","GG":"11","GJ":"11","X9":"11","X8":"11","9R":"11","PJ":"11","9H":"11","VJ":"11","FJ":"11","CJ":"11","5V":"11","8R":"11","MJ":"11","QJ":"11","XC":"11"},"3R":{"8M":"11","M7":"11","9M":"11","M8":"11","7P":"11","GF":"11","4R":"11","R4":"11","P6":"11","Q5":"11","FG":"11","6P":"11","8P":"11","FH":"11","W2":"11","J9":"11","CH":"11","5Q":"11","Q4":"11","P8":"11","3V":"11","9J":"11","7M":"11","P5":"11","8J":"11","V2":"11","2X":"11","4Q":"11","Q6":"11","R2":"11","GG":"11","HF":"11","P7":"11","R3":"11","HC":"11","2W":"11","M9":"11","6Q":"11","CJ":"11","JC":"11","V3":"11","3R":"11"},"J5":{"2R":"11","5C":"11","6F":"11","5G":"11","2W":"11","5F":"11","2Q":"11","3P":"11","2P":"11","2X":"11","2M":"11","4G":"11","3H":"11","3J":"11","2V":"11","69":"11","5H":"11","3M":"11","4H":"11","4J":"11","4F":"11","6C":"11"}},"26":{"GF":{"M4":"11","J3":"11","H2":"11","J2":"11","H3":"11","M3":"11","WC":"11","XC":"11","J4":"11"},"GC":{"7R":"11","5Q":"11","HX":"11","2G":"11","3G":"11","CV":"11","GW":"11","4P":"11","6R":"11","FW":"11","FV":"11","6Q":"11","3H":"11","3J":"11","7V":"11","GX":"11","8V":"11","9V":"11","5P":"11","5M":"11","2H":"11","4M":"11","4J":"11"},"WP":{"8W":"3","9W":"3","9X":"3","8V":"3","7W":"11","CX":"3","CW":"3","CV":"3","5R":"11","4R":"11","9R":"3","6R":"11","8X":"11","7R":"3","7V":"3|11","8R":"3","6V":"11","9V":"3","5V":"11"},"C9":{"M3":"11","Q4":"11","P3":"11","M4":"11","P4":"11"},"54":{"F5":"3","87":"11","F4":"3","77":"11","C5":"3","G5":"3","C4":"3"},"RP":{"G3":"11","C2":"11","F3":"11","92":"11","F2":"11","82":"11"},"75":{"8J":"11","FQ":"11","6J":"11","8M":"11","GW":"11","5J":"11","GR":"11","CQ":"11","HV":"11","FR":"11","9P":"11","9M":"11","GV":"11","8P":"11","JV":"11","7J":"11","HW":"11","CP":"11"},"WQ":{"C4":"11","C3":"11","P6":"11","R6":"11","M5":"11","V6":"11","X6":"11","92":"11","Q6":"11","93":"11","82":"11","W6":"11","J5":"11","G4":"11","J6":"11","G5":"11","P5":"11","H5":"11","F4":"11"},"22":{"JC":"11"},"43":{"QW":"11","PV":"11","QV":"11","RW":"11"},"87":{"GF":"11","PV":"11","H7":"11","HM":"11","J9":"11","PX":"11","GM":"11","HP":"11","PR":"11","GG":"11","HF":"11","JP":"11","G3":"11","H4":"11","HC":"11","JQ":"11","H9":"11","H8":"11","H5":"11","PW":"11","H3":"11","MQ":"11","MR":"11","H6":"11","G2":"11"},"XQ":{"37":"11","XR":"11","RJ":"11","GF":"11","7C":"11","FG":"11","68":"11","WP":"11","FF":"11","36":"11","WQ":"11","47":"11","QH":"11","PH":"11","HG":"11","26":"11","58":"11","48":"11","XQ":"11","57":"11","9C":"11","9F":"11","8C":"11","MG":"11","GG":"11","89":"11","JG":"11","PJ":"11","CF":"11","69":"11","RM":"11","79":"11","VP":"11","QJ":"11","MH":"11","VM":"11"},"86":{"3F":"11","2F":"11","9Q":"11","3G":"11","6J":"11","CV":"11","5J":"11","FW":"11","7M":"11","CW":"11","9R":"11","CR":"11","FV":"11","4G":"11","8Q":"11","7P":"11","GX":"11","8P":"11","5H":"11","2C":"11","6M":"11","4H":"11","FX":"11"},"C8":{"CV":"11","9R":"11","FV":"11","9V":"11"},"65":{"H4":"11","H6":"11","M6":"11","F3":"11","G4":"11","J6":"11","M7":"11","G5":"11","G3":"11","H5":"11","J7":"11","F4":"11"},"88":{"R3":"11","M3":"11","P2":"11","P3":"11","X2":"11","V2":"11","Q2":"11","R2":"11","Q3":"11","M2":"11"},"76":{"XC":"11","X9":"11","X8":"11"},"HF":{"3C":"11","2C":"11","4F":"11","3F":"11"},"JG":{"63":"11","QF":"11","64":"11","RG":"11","RH":"11","73":"11","VH":"11","VJ":"11","QG":"11","74":"11"},"FC":{"XC":"11","WC":"11","M5":"11","V8":"11","M6":"11","V9":"11","XF":"11","W9":"11","R8":"11","XG":"11","P6":"11"},"PJ":{"99":"11","GH":"11","88":"11","34":"11","44":"11","JJ":"11","33":"11","24":"11","87":"11","JM":"11","77":"11","78":"11","9C":"11","HH":"11","89":"11","HJ":"11","98":"11","MP":"11","23":"11","MM":"11"},"98":{"93":"11","G4":"11","C3":"11","F4":"11","H5":"11","H4":"11","J6":"11","G5":"11","J5":"11","C4":"11","32":"11"},"MJ":{"X3":"11"},"RM":{"9X":"11","3J":"11","7X":"11","8X":"11"},"VP":{"JH":"11"},"MH":{"QQ":"11"}},"63":{"R8":{"PR":"11"}},"57":{"C2":{"RM":"11","8M":"11","7M":"11","PM":"11","FM":"11","2M":"11","QM":"11","JM":"11","9M":"11","WM":"11","MM":"11","GM":"11","XM":"11","3M":"11","5M":"11","CM":"11","HM":"11","6M":"11","VM":"11","4M":"11"},"73":{"X8":"11","MF":"11","P8":"11","4G":"11","5C":"11","8G":"11","M8":"11","QF":"11","PF":"11","5G":"11","38":"11","CF":"11","Q8":"11","78":"11","59":"11","7G":"11","49":"11","CG":"11","2H":"11","27":"11","PC":"11","G8":"11","88":"11","89":"11","R8":"11","3J":"11","9G":"11","98":"11","HF":"11","48":"11","6G":"11","4H":"11","6C":"11","5H":"11","JF":"11","RC":"11","VC":"11","V8":"11","M9":"11","QC":"11","C8":"11","9F":"11","F8":"11","W8":"11","FF":"11","XC":"11","H8":"11","2J":"11","GF":"11","H9":"11","WC":"11","37":"11","J9":"11","69":"11","3H":"11","J8":"11","79":"11","G9":"11"},"G2":{"PG":"11","8J":"11","6J":"11","RG":"11","MG":"11","HJ":"11","GJ":"11","JH":"11","FH":"11","WG":"11","VG":"11","5J":"11","9H":"11","2M":"11","3J":"11","XG":"11","GH":"11","MH":"11","7J":"11","3M":"11","QG":"11","HH":"11","CH":"11","2J":"11","4M":"11","4J":"11","FJ":"11","9J":"11"},"92":{"7P":"11","4R":"11","MP":"11","WP":"11","8P":"11","RP":"11","7Q":"11","5Q":"11","CP":"11","8Q":"11","HP":"11","WM":"11","XM":"11","4Q":"11","CQ":"11","9Q":"11","9P":"11","FP":"11","JP":"11","3Q":"11","FQ":"11","PP":"11","2R":"11","QP":"11","6Q":"11","GP":"11","3R":"11","VP":"11"},"82":{"PV":"11","HX":"11","QR":"11","XR":"11","VV":"11","GW":"11","JW":"11","MW":"11","QV":"11","VR":"11","MV":"11","GX":"11","JV":"11","RV":"11","WV":"11","RR":"11","HW":"11","FX":"11","WR":"11"},"43":{"XW":"11","WX":"11","RW":"11","MX":"11","WW":"11","QX":"11","RX":"11","VW":"11","XV":"11","PX":"11","VX":"11"},"63":{"8M":"11","9M":"11","RJ":"11","X7":"11","XJ":"11","2P":"11","MM":"11","CM":"11","8P":"11","HM":"11","X6":"11","2M":"11","3P":"11","W6":"11","XH":"11","HJ":"11","GM":"11","9J":"11","6M":"11","7M":"11","5P":"11","FM":"11","5M":"11","JM":"11","W5":"11","JJ":"11","9P":"11","4M":"11","GJ":"11","JG":"11","X5":"11","JH":"11","3M":"11","PJ":"11","VJ":"11","FJ":"11","CJ":"11","4P":"11","WJ":"11","HH":"11","MJ":"11","QJ":"11","MH":"11"},"H2":{"9G":"11","GF":"11","7G":"11","RC":"11","JF":"11","FF":"11","5G":"11","MF":"11","QC":"11","W9":"11","2G":"11","PC":"11","9F":"11","6H":"11","HF":"11","X9":"11","8G":"11","3G":"11","4G":"11","7H":"11","CF":"11","6G":"11","V9":"11","Q9":"11","R9":"11","MC":"11","CG":"11"},"J2":{"H4":"11","38":"11","66":"11","48":"11","C5":"11","77":"11","F5":"11","29":"11","28":"11","96":"11","76":"11","H2":"11","G4":"11","57":"11","J2":"11","47":"11","H3":"11","G5":"11","G3":"11","86":"11","95":"11","67":"11"},"25":{"9C":"11","QJ":"11","97":"11","P8":"11","2M":"11","2P":"11","C7":"11","7C":"11","M8":"11","5P":"11","PJ":"11","P5":"11","HM":"11","6M":"11","7F":"11","7P":"11","4P":"11","6P":"11","JM":"11","FM":"11","HC":"11","VJ":"11","4M":"11","3F":"11","P9":"11","MM":"11","8C":"11","9M":"11","CM":"11","PM":"11","9P":"11","4F":"11","8M":"11","VH":"11","GM":"11","RH":"11","3M":"11","Q4":"11","P7":"11","M7":"11","QM":"11","P6":"11","8F":"11","M9":"11","7M":"11","RJ":"11","3P":"11","CC":"11","5F":"11","6F":"11","GC":"11","5M":"11","2F":"11","JC":"11","MC":"11","P4":"11","8P":"11","FC":"11"},"24":{"VV":"11","JV":"11","VR":"11","MV":"11","WR":"11","XQ":"11","RV":"11","PV":"11","MW":"11","WQ":"11","QV":"11","RR":"11","JW":"11"},"45":{"68":"11","66":"11","96":"11","75":"11","38":"11","67":"11","58":"11","C5":"11","48":"11","86":"11","57":"11","65":"11","76":"11","29":"11","C4":"11","85":"11","84":"11","95":"11"},"44":{"F4":"11","78":"11","2P":"11","68":"11","96":"11","2J":"11","67":"11","2M":"11","J2":"11","77":"11","2H":"11","58":"11","87":"11","C5":"11","86":"11","5C":"11","59":"11","2X":"11","G4":"11","76":"11","H2":"11","G3":"11","3G":"11","4G":"11","2W":"11","2R":"11","H3":"11","69":"11","C4":"11","3J":"11","4C":"11","F5":"11","3H":"11","2Q":"11","95":"11","4F":"11","3F":"11"},"F2":{"8M":"11","9M":"11","RJ":"11","XJ":"11","MM":"11","CM":"11","HM":"11","2M":"11","PM":"11","HJ":"11","GM":"11","6M":"11","7M":"11","FM":"11","WM":"11","QM":"11","5M":"11","XM":"11","JM":"11","JJ":"11","4M":"11","GJ":"11","3M":"11","PJ":"11","VJ":"11","FJ":"11","CJ":"11","WJ":"11","MJ":"11","RM":"11","QJ":"11","VM":"11"},"34":{"XW":"11","JP":"11","PR":"11","WW":"11","FP":"11","JQ":"11","QQ":"11","8M":"11","XQ":"11","2Q":"11","3P":"11","QR":"11","XR":"11","VV":"11","MQ":"11","2P":"11","4P":"11","PQ":"11","HP":"11","7M":"11","VW":"11","GP":"11","FM":"11","9M":"11","XV":"11","XP":"11","GM":"11","RV":"11","WV":"11","RR":"11","CM":"11","5M":"11","6M":"11","MP":"11","4M":"11"},"83":{"F8":"11","G8":"11","68":"11","C9":"11","83":"11","6C":"11","99":"11","75":"11","38":"11","93":"11","67":"11","C2":"11","77":"11","58":"11","2C":"11","48":"11","86":"11","28":"11","5C":"11","59":"11","C3":"11","76":"11","89":"11","G9":"11","92":"11","3C":"11","H8":"11","49":"11","F9":"11","69":"11","85":"11","4C":"11","84":"11","94":"11","F2":"11","G2":"11","79":"11"},"53":{"7R":"11","JP":"11","2W":"11","8R":"11","5V":"11","JQ":"11","VP":"11","9Q":"11","FQ":"11","HQ":"11","RP":"11","4R":"11","WP":"11","MQ":"11","6R":"11","QP":"11","HP":"11","4V":"11","CQ":"11","GP":"11","9R":"11","PP":"11","WM":"11","8Q":"11","2V":"11","5R":"11","3V":"11","XP":"11","GQ":"11","XM":"11","MP":"11","VM":"11"}},"47":{"P6":{"C7":"11","C6":"11","C2":"11","J3":"11","H4":"11","72":"11","J4":"11","H2":"11","92":"11","F2":"11","22":"11","H3":"11","G2":"11","82":"11","67":"11"},"Q5":{"QW":"11","RX":"11","VW":"11","6V":"11","6W":"11","4R":"11","HW":"11","9V":"11","FW":"11","7W":"11","JW":"11","CV":"11","3V":"11","7V":"11","GW":"11","MW":"11","CW":"11","5R":"11","2V":"11","XX":"11","9W":"11","RW":"11","4V":"11","PW":"11","2R":"11","VX":"11","5V":"11","WX":"11","8W":"11","3R":"11"},"V5":{"3X":"11","4R":"11","7J":"11","FG":"11","RC":"7","RF":"11","WC":"11","FH":"11","3W":"11","CH":"11","QH":"11","PH":"11","HG":"11","3V":"11","W9":"11","6M":"11","5P":"11","VF":"11","5M":"11","8J":"11","RG":"11","4Q":"11","8H":"11","MG":"11","GG":"11","JG":"11","X9":"11","6J":"11","JH":"11","3Q":"11","QG":"11","7H":"11","9H":"11","PG":"11","4P":"11","MR":"11","CG":"11","3R":"11","MH":"11","VC":"11"},"M5":{"VX":"11","MX":"11","HX":"11","QW":"11","JX":"11","RX":"11","QX":"11","PX":"11","PW":"11"},"96":{"V4":"11","GC":"11","R4":"11","Q5":"11","V5":"11","Q8":"11","Q7":"11","99":"11","J9":"11","Q4":"11","P8":"11","R5":"11","P9":"11","88":"11","Q6":"11","W4":"11","89":"11","P7":"11","HC":"11","98":"11","M9":"11","JC":"11","MC":"11"},"54":{"QW":"11","QX":"11","PX":"11","QV":"11","PW":"11"},"75":{"M8":"11","9G":"11","GF":"11","7G":"11","GC":"11","W8":"11","R8":"11","Q8":"11","FF":"11","5G":"11","J9":"11","QX":"11","P8":"11","PX":"11","W9":"11","V8":"11","P9":"11","2G":"11","9F":"11","FC":"11","8G":"11","3G":"11","G9":"11","4G":"11","X8":"11","HC":"11","H9":"11","CF":"11","6G":"11","JX":"11","MX":"11","M9":"11","F9":"11","8F":"11","HX":"11"},"F6":{"34":"11","84":"11","64":"11","44":"11","33":"11","43":"11","23":"11","74":"11"},"22":{"8C":"3","79":"3","89":"3"},"25":{"C8":"11","G9":"11","66":"11","87":"11","77":"11","G8":"11","97":"11","46":"11","F8":"11","26":"11","76":"11","47":"11","37":"11","H9":"11","36":"11","56":"11","98":"11"},"C5":{"X8":"11","9C":"11","X9":"11","WG":"11","P8":"11","WF":"11","7C":"11","W6":"11","M8":"11","V9":"11","7F":"11","V6":"11","VG":"11","M6":"11","8C":"11","R8":"11","VH":"11","W9":"11","VF":"11","F9":"11","P7":"11","M7":"11","XG":"11","W7":"11","8F":"11","V8":"11","M9":"11","WH":"11","X6":"11","9F":"11","CC":"11","XF":"11","V7":"11","W8":"11","X7":"11","XC":"11","C9":"11","99":"11","H9":"11","WC":"11","J9":"11","J8":"11","G9":"11"},"M6":{"93":"11","63":"11","85":"11","96":"11","84":"11","83":"11","J2":"11","94":"11","C2":"11","C3":"11","73":"11","86":"11","42":"11","W2":"11","X2":"11","V2":"11","H2":"11","F3":"11","C4":"11","F2":"11","52":"11","22":"11","32":"11","G2":"11","53":"11","23":"11"},"23":{"MH":"11","MJ":"11"},"35":{"QH":"11","5G":"11","3F":"11","3G":"11","7G":"11","JH":"11","8G":"11","4G":"11","7H":"11","XG":"11","6G":"11","XF":"11","QG":"11","HH":"11"},"86":{"44":"11","54":"11","32":"11","93":"11","C2":"11","J4":"11","34":"11","43":"11","73":"11","23":"11","M4":"11","33":"11","C3":"11","64":"11","J3":"11","92":"11","63":"11","42":"11","53":"11","M3":"11"},"R6":{"J8":"11","44":"11","V4":"11","M7":"11","X7":"11","G8":"11","R4":"11","J7":"11","66":"11","X4":"11","P3":"11","83":"11","Q8":"11","54":"11","H7":"11","Q7":"11","75":"11","67":"11","93":"11","X6":"11","Q4":"11","P8":"11","34":"11","X3":"11","22":"11","43":"11","F3":"11","73":"11","23":"11","35":"11","46":"11","33":"11","C3":"11","76":"11","J3":"11","W4":"11","G3":"11","Q3":"11","P7":"11","G7":"11","H8":"11","63":"11","55":"11","H3":"11","24":"11","45":"11","53":"11","M3":"11","56":"11"},"P5":{"4X":"11","QW":"11","GX":"11","3X":"11","QV":"11","PV":"11","HW":"11","5X":"11","JW":"11","GW":"11","6X":"11","MW":"11","FX":"11","WV":"11","2X":"11","8X":"11","MV":"11","RW":"11","VV":"11","RV":"11","PW":"11","7X":"11","HX":"11","XV":"11"},"C6":{"W3":"11","X3":"11","V3":"11"},"G5":{"FR":"11","7P":"11","2P":"11","HW":"11","6P":"11","8P":"11","QR":"11","FV":"11","GV":"11","QQ":"11","WQ":"11","3P":"11","CR":"11","JW":"11","5P":"11","GW":"11","8Q":"11","XQ":"11","GR":"11","PR":"11","CQ":"11","9Q":"11","JV":"11","RQ":"11","VQ":"11","MV":"11","4P":"11","MR":"11"},"65":{"37":"11","F8":"11","G8":"11","RF":"11","67":"11","J9":"11","36":"11","47":"11","77":"11","26":"11","QC":"11","87":"11","VG":"11","VF":"11","57":"11","C8":"11","PC":"11","88":"11","XG":"11","QF":"11","G9":"11","H9":"11","WG":"11","98":"11","F9":"11","M9":"11","97":"11","27":"11","MC":"11"},"Q6":{"W2":"11","X2":"11"},"76":{"P2":"11","62":"11","M2":"11","C2":"11","73":"11","92":"11","93":"11","82":"11","63":"11","H2":"11","Q2":"11","72":"11","J2":"11","83":"11","53":"11"},"W5":{"J8":"11","V4":"11","M7":"11","78":"11","GC":"11","R4":"11","P6":"11","68":"11","Q5":"11","J7":"11","X4":"11","V5":"11","C9":"11","H7":"11","99":"11","38":"11","CC":"11","58":"11","39":"11","M6":"11","48":"11","28":"11","P5":"11","R5":"11","9C":"11","W5":"11","W4":"11","89":"11","FC":"11","G9":"11","X5":"11","29":"11","H9":"11","H8":"11","J6":"11","79":"11"},"X5":{"9C":"11","QJ":"11","WP":"11","CH":"11","WF":"11","9H":"11","QF":"11","PF":"11","25":"11","XP":"11","VM":"11","78":"11","56":"11","RF":"11","8H":"11","PC":"11","HC":"11","88":"11","35":"11","67":"11","MM":"11","89":"11","VP":"11","PM":"11","VF":"11","RM":"11","QM":"11","PP":"11","QP":"11","66":"11","XM":"11","QC":"11","RP":"11","7J":"11","RJ":"11","WM":"11","CC":"11","XF":"11","45":"11","CJ":"11","GC":"11","JC":"11","99":"11","9J":"11","46":"11","MC":"11","7H":"11","6H":"11","77":"11","FC":"11"},"55":{"J8":"11","F4":"11","37":"11","44":"11","M7":"11","M8":"11","X7":"11","Q5":"11","J7":"11","66":"11","M5":"11","P2":"11","QR":"11","P3":"11","83":"11","54":"11","RR":"11","J9":"11","36":"11","47":"11","X6":"11","W6":"11","Q4":"11","J4":"11","GQ":"11","M6":"11","74":"11","73":"11","35":"11","M4":"11","R6":"11","GR":"11","65":"11","46":"11","PQ":"11","G4":"11","64":"11","Q6":"11","PR":"11","CQ":"11","J3":"11","H4":"11","P4":"11","HR":"11","63":"11","55":"11","HQ":"11","R7":"11","C4":"11","45":"11","V7":"11","84":"11","27":"11","MQ":"11","94":"11","MR":"11","W7":"11","56":"11"},"H5":{"FR":"11","QV":"11","PV":"11","GV":"11","7Q":"11","5Q":"11","CR":"11","7R":"11","WW":"11","8Q":"11","GR":"11","WV":"11","4Q":"11","5R":"11","JV":"11","HV":"11","XW":"11","MV":"11","3Q":"11","9R":"11","HR":"11","RV":"11","VV":"11","6Q":"11","XV":"11","6R":"11","8R":"11","2Q":"11"},"V6":{"33":"11","32":"11","23":"11"},"85":{"37":"11","GC":"11","RF":"11","C9":"11","96":"11","54":"11","99":"11","F6":"11","38":"11","36":"11","QC":"11","VF":"11","VG":"11","35":"11","28":"11","PF":"11","C6":"11","C8":"11","46":"11","PC":"11","88":"11","64":"11","XG":"11","QF":"11","G9":"11","HC":"11","H9":"11","63":"11","55":"11","WG":"11","98":"11","F9":"11","45":"11","JC":"11","F5":"11","27":"11","62":"11","MC":"11"},"45":{"J8":"11","M8":"11","X7":"11","G8":"11","7G":"11","Q5":"11","W8":"11","WP":"11","C9":"11","R8":"11","Q8":"11","RP":"11","5G":"11","PM":"11","P8":"11","CC":"11","XP":"11","WM":"11","V8":"11","QM":"11","7F":"11","9C":"11","2G":"11","9F":"11","8G":"11","3G":"11","G9":"11","4G":"11","H8":"11","6G":"11","F9":"11","QP":"11","8F":"11","RM":"11","W7":"11","VP":"11","VM":"11"},"F5":{"VR":"11","CH":"11","PQ":"11","4G":"11","9H":"11","5G":"11","38":"11","XP":"11","PR":"11","HP":"11","7G":"11","HM":"11","RQ":"11","8H":"11","49":"11","WQ":"11","FM":"11","27":"11","MQ":"11","QR":"11","3G":"11","JQ":"11","RR":"11","VQ":"11","6G":"11","GM":"11","28":"11","29":"11","JP":"11","FJ":"11","MP":"11","2C":"11","XQ":"11","CJ":"11","2F":"11","39":"11","2G":"11","37":"11","7H":"11","GJ":"11","6H":"11"},"84":{"7R":"11"},"J6":{"J2":"11","M3":"11","P2":"11","W2":"11","X2":"11","V2":"11","Q2":"11","H2":"11","X3":"11","R2":"11","G2":"11","M2":"11"},"95":{"2H":"11","9Q":"11","2G":"11"},"G6":{"C4":"11","C3":"11","P4":"11","H6":"11","M5":"11","G2":"11","M4":"11","M6":"11","F3":"11","H2":"11","J5":"11","G4":"11","H3":"11","J6":"11","G5":"11","G3":"11","P5":"11","H5":"11","F4":"11","J4":"11"},"J5":{"6W":"11","8W":"11","2W":"11","3W":"11","HX":"11","7X":"11","5W":"11","7W":"11","4W":"11","2V":"11","GX":"11","9W":"11","9X":"11","8X":"11","CX":"11","FX":"11"}},"37":{"P2":{"6X":"11","2W":"11","2X":"11","3W":"11","7X":"11","4W":"11","8X":"11","3X":"11","5X":"11","4X":"11"},"V3":{"6W":"11","3W":"11","7X":"11","5W":"11","4W":"11","2V":"11","3V":"11","6X":"11","8X":"11","5X":"11"},"V4":{"H4":"11","P6":"11","X7":"11","X8":"11","R6":"11","M5":"11","V6":"11","C2":"11","R7":"11","M4":"11","Q5":"11","92":"11","Q6":"11","82":"11","W8":"11","F3":"11","W7":"11","H3":"11","G3":"11","P5":"11","V7":"11","F2":"11","J4":"11"},"Q3":{"37":"11","9G":"11","RJ":"11","GF":"11","GC":"11","7C":"11","FG":"11","68":"11","C9":"11","FF":"11","36":"11","47":"11","HG":"11","26":"11","CC":"11","58":"11","25":"11","WM":"11","57":"11","XM":"11","7F":"11","46":"11","9F":"11","8C":"11","HF":"11","JG":"11","FC":"11","8G":"11","JH":"11","HC":"11","PJ":"11","CF":"11","69":"11","8F":"11","HH":"11","MJ":"11","CG":"11","RM":"11","79":"11","QJ":"11","MH":"11","VM":"11"},"M2":{"HX":"11","7X":"11","GX":"11","9X":"11","6X":"11","8X":"11","CX":"11","FX":"11","5X":"11"},"G2":{"P6":"11","W8":"11","M5":"11","R8":"11","Q7":"11","93":"11","C2":"11","82":"11","J4":"11","F3":"11","M6":"11","V8":"11","P5":"11","C3":"11","G4":"11","Q6":"11","G3":"11","92":"11","H4":"11","X8":"11","V9":"11","H5":"11","R7":"11","72":"11","R9":"11","J5":"11"},"W4":{"38":"11","48":"11","87":"11","9F":"11","59":"11","CF":"11","29":"11","49":"11","28":"11","69":"11","86":"11","39":"11","6C":"11"},"H2":{"CC":"11","QH":"11","38":"11","48":"11","PG":"11","59":"11","PH":"11","HG":"11","RG":"11","MG":"11","RF":"11","9C":"11","7C":"11","FF":"11","49":"11","28":"11","GF":"11","HF":"11","FC":"11","69":"11","MH":"11","JG":"11","QG":"11","79":"11","8C":"11","GG":"11","6C":"11"},"M3":{"44":"11","V4":"11","R4":"11","P2":"11","P3":"11","W2":"11","J2":"11","52":"11","C2":"11","82":"11","W3":"11","M2":"11","W5":"11","H2":"11","W4":"11","Q3":"11","92":"11","R3":"11","42":"11","72":"11","X2":"11","F2":"11","62":"11","G2":"11","V3":"11","M3":"11"},"R3":{"8M":"11","XR":"11","5J":"11","9M":"11","MP":"11","7J":"11","CM":"11","QQ":"11","HM":"11","RR":"11","2J":"11","2M":"11","GM":"11","9J":"11","6M":"11","VR":"11","FM":"11","HP":"11","5M":"11","WR":"11","8J":"11","PQ":"11","RQ":"11","VQ":"11","4M":"11","JP":"11","6J":"11","3M":"11","PP":"11","4J":"11","XV":"11","3J":"11","GP":"11"},"P3":{"V4":"11","R4":"11","P3":"11","93":"11","C2":"11","82":"11","Q4":"11","J4":"11","F3":"11","C3":"11","W5":"11","J3":"11","W4":"11","G3":"11","Q3":"11","92":"11","X5":"11","R3":"11","H3":"11","M3":"11"},"X4":{"HX":"11","9Q":"11","GW":"11","CQ":"11","FR":"11","CR":"11","FV":"11","8Q":"11","7P":"11","GV":"11","8P":"11","5P":"11","6P":"11"},"X5":{"R5":"11","J2":"11","M3":"11","Q4":"11","J3":"11","H2":"11","Q5":"11","P4":"11"}},"24":{"96":{"57":"11","FW":"11","66":"11","56":"11","FV":"11","58":"11","67":"11"},"6H":{"X5":"11","X7":"11","W7":"11","X6":"11","WG":"11","X8":"11","X4":"11","X3":"11","VG":"11","W8":"11","W6":"11","WF":"11"}},"89":{"5J":{"93":"11","83":"11","73":"11","62":"11"},"5H":{"5H":"11","6V":"11","5J":"11","6P":"11","5G":"11","38":"3","5Q":"11","26":"11","4H":"11","7V":"11","6M":"11","25":"11","5P":"11","39":"11|3","6X":"11","28":"11|3","5M":"11","8X":"11","4G":"11","3C":"11","7X":"11","4J":"11","6Q":"11","6R":"11","4C":"11","27":"11","2F":"11","4F":"11","3F":"11"},"4H":{"V3":"3","V4":"3","PF":"11","H6":"11","MG":"3","VV":"11","X6":"11","W3":"3","W4":"3","H7":"11","VR":"11","J6":"11","MH":"3","MF":"3","QC":"11","RR":"11","W5":"3","J8":"11","PC":"11","J7":"11","X4":"3","X5":"11"}},"36":{"9W":{"RX":"11","FR":"11","VW":"11","7P":"11","6P":"11","8P":"11","GV":"11","2J":"11","CR":"11","JW":"11","2H":"11","PX":"11","6M":"11","8Q":"11","GR":"11","5M":"11","MW":"11","CQ":"11","9Q":"11","JV":"11","HV":"11","4M":"11","RW":"11","VV":"11","VX":"11","4J":"11","MX":"11","3J":"11"},"8W":{"6W":"11","GF":"11","78":"11","68":"11","66":"11","GH":"11","5W":"11","C9":"11","FF":"11","99":"11","75":"11","67":"11","36":"11","77":"11","WH":"11","XH":"11","3V":"11","4W":"11","VG":"11","6X":"11","28":"11","RG":"11","88":"11","8X":"11","76":"11","2V":"11","MG":"11","GG":"11","FC":"11","JH":"11","QG":"11","PG":"11","4V":"11","WG":"11","VH":"11","7X":"11","2R":"11","98":"11","F9":"11","27":"11","HH":"11","MH":"11"},"9X":{"P2":"11","V3":"11","V4":"11","QH":"11","Q3":"11","PG":"11","PH":"11","RG":"11","V2":"11","W3":"11","R2":"11","W4":"11","Q2":"11","X3":"11","QG":"11"},"FX":{"QW":"11","RX":"11","6W":"11","PV":"11","9V":"11","8V":"11","3W":"11","FV":"11","GV":"11","QX":"11","7W":"11","CR":"3","CV":"11","7V":"11","4W":"11","2V":"11","JV":"11","HV":"11","XW":"11","MV":"11","XX":"11","2W":"11","PW":"11","VX":"11","WX":"11"},"7W":{"M8":"11","X7":"11","RC":"11","H6":"11","XR":"11","VC":"11","X6":"11","WQ":"11","P8":"11","P9":"11","Q8":"11","H7":"11","G6":"11","Q9":"11","M7":"11","WC":"11","QC":"11","F6":"11","J7":"11","X5":"11","WR":"11"},"FW":{"P4":"11"},"2Q":{"2R":"11","3W":"11","4W":"11","5X":"11","2V":"11","3V":"11","4X":"11"},"2R":{"GC":"11","JF":"11","C9":"11","96":"11","75":"11","52":"11","MF":"11","WH":"11","XH":"11","74":"11","VG":"11","86":"11","PF":"11","C8":"11","65":"3","46":"3","RG":"11","C7":"11","64":"11|3","HF":"11","G9":"11","HC":"11","QG":"11","PG":"11","63":"11","55":"3","VH":"11","98":"11","F9":"11","85":"11","45":"3","JC":"11","97":"11","53":"11","62":"11"},"CX":{"QJ":"11","MF":"11","44":"11","VR":"11","64":"11","PQ":"11","C7":"11","JW":"11","XW":"11","QQ":"11","QF":"11","PF":"11","PR":"11","HW":"11","MR":"11","XV":"11","C6":"11","86":"11","QV":"11","PC":"11","GV":"11","G8":"11","33":"11","75":"11","QR":"11","F7":"11","JV":"11","JQ":"11","RR":"11","HQ":"11","PV":"11","QG":"11","54":"11","RH":"11","96":"11","PG":"11","GR":"11","43":"11","RM":"11","QM":"11","QP":"11","M9":"11","MV":"11","XR":"11","QH":"11","65":"11","RP":"11","RJ":"11","WR":"11","G7":"11","53":"11","JC":"11","H8":"11","H9":"11","JR":"11","MW":"11","J9":"11","MC":"11","76":"11","WV":"11","23":"11","HR":"11","HV":"11","J8":"11"},"QC":{"PQ":"11","MQ":"11","QQ":"11","PR":"11","QR":"11","MR":"11"},"HW":{"JG":"11"},"CV":{"2R":"11"},"8X":{"92":"11","82":"11"},"GX":{"6X":"11","2W":"11","3W":"11","7X":"11","4W":"11","5X":"11","4X":"11"},"4V":{"J9":"11","R9":"11","H8":"11","F7":"11","96":"11","M9":"11","H7":"11","Q9":"11","C7":"11","86":"11","C6":"11","85":"11","QC":"11","95":"11","F6":"11","J8":"11","PC":"11","G7":"11","MC":"11"},"6W":{"W5":"11"},"3R":{"8M":"11","FR":"11","5J":"11","9M":"11","7J":"11","GV":"11","4H":"11","2H":"11","CP":"11","7M":"11","GR":"11","CQ":"11","9P":"11","6J":"11","FQ":"11","4J":"11","3J":"11","3H":"11"}},"56":{"MX":{"P8":"11","Q6":"11","7C":"11","5C":"11","R7":"11","M8":"11","Q8":"11","59":"11","P5":"11","V9":"11","H7":"11","49":"11","G8":"11","88":"11","P9":"11","89":"11","R8":"11","98":"11","6C":"11","F9":"11","P7":"11","M7":"11","Q7":"11","P6":"11","V8":"11","M4":"11","C8":"11","2C":"11","F8":"11","J7":"11","3C":"11","2F":"11","C9":"11","99":"11","H8":"11","M5":"11","69":"11","P4":"11","J8":"11","79":"11","4C":"11","G9":"11"},"VW":{"P2":"11","W2":"11","X2":"11","Q2":"11","M2":"11"},"QW":{"RC":"11","GH":"11","JF":"11","FV":"11","HM":"11","FW":"11","MF":"11","CR":"11","HG":"11","CV":"11","QC":"11","HJ":"11","GM":"11","W9":"11","CX":"11","PF":"11","FX":"11","PC":"11","CW":"11","CQ":"11","MG":"11","FP":"11","GJ":"11","JG":"11","X9":"11","QF":"11","FQ":"11","V9":"11","GP":"11","HH":"11","VC":"11"},"JX":{"RF":"11","WC":"11","HM":"11","QH":"11","PH":"11","JW":"11","WF":"11","HP":"11","VF":"11","XF":"11","MW":"11","RG":"11","JM":"11","JJ":"11","JP":"11","MV":"11","QG":"11","JQ":"11","HR":"11","PG":"11","JX":"11","HQ":"11","MX":"11","HX":"11","MR":"11","MJ":"11","JR":"11","XC":"11","MH":"11"},"HQ":{"J9":"11","M9":"11"},"VV":{"VX":"11","RX":"11","XX":"11","QX":"11","PX":"11","WX":"11"},"WV":{"WW":"11","HX":"11","XR":"11","7X":"11","2X":"11","VW":"11","3X":"11","XV":"11","GX":"11","9X":"11","6X":"11","8X":"11","WV":"11","VX":"11","CX":"11","FX":"11","5X":"11","4X":"11"},"QX":{"F4":"11","37":"11","67":"11","36":"11","47":"11","C2":"11","77":"11","26":"11","C5":"11","F3":"11","86":"11","57":"11","46":"11","C3":"11","76":"11","C4":"11","85":"11","F5":"11","27":"11","95":"11"},"PX":{"V6":"11","Q6":"11","V7":"11","X7":"11","W7":"11","R6":"11","R7":"11","X6":"11","Q7":"11","P6":"11","W6":"11"},"XV":{"XR":"11","4R":"11","PV":"11","QV":"11","QR":"11","RR":"11","7Q":"11","WQ":"11","5Q":"11","VR":"11","GQ":"11","8Q":"11","XQ":"11","GR":"11","WR":"11","4Q":"11","PR":"11","CQ":"11","9Q":"11","3Q":"11","FQ":"11","HR":"11","VV":"11","RV":"11","HQ":"11","2R":"11","6Q":"11","MR":"11","3R":"11","JR":"11"},"RW":{"38":"11","48":"11","C5":"11","78":"11","77":"11","29":"11","49":"11","96":"11","76":"11","68":"11","86":"11","39":"11","95":"11","58":"11"},"WW":{"P2":"11","V3":"11","62":"11","Q3":"11","42":"11","M2":"11","32":"11","V2":"11","C2":"11","92":"11","82":"11","J3":"11","H2":"11","Q2":"11","52":"11","72":"11","J2":"11","R3":"11","P3":"11","22":"11","F2":"11"}},"83":{"C5":{"RW":"11","XW":"11","WW":"11","VV":"11","QX":"11","RX":"11","VW":"11","XV":"11","WV":"11","VX":"11"},"88":{"R8":"11","Q8":"11","9V":"11","X6":"11","W6":"11","MF":"11","CR":"11","CV":"11","QC":"11","HJ":"11","GM":"11","9X":"11","V8":"11","PF":"11","P9":"11","PC":"11","8X":"11","CQ":"11","MG":"11","FP":"11","GJ":"11","JG":"11","X5":"11","JH":"11","FQ":"11","9W":"11","Q9":"11","R9":"11","V7":"11","8W":"11","GP":"11","HH":"11","W7":"11"},"7G":{"F5":"11","CR":"11","G3":"11","MF":"11","WG":"11","GQ":"11","WF":"11","5W":"11","6W":"11","FR":"11","F4":"11","HP":"11","5X":"11","8W":"11","H7":"11","G4":"11","4X":"11","7V":"11","G8":"11","MQ":"11","JQ":"11","HQ":"11","VP":"11","9R":"11","G2":"11","JF":"11","6X":"11","GR":"11","XG":"11","RM":"11","QM":"11","PP":"11","QP":"11","RP":"11","JP":"11","RJ":"11","MP":"11","XF":"11","7W":"11","CV":"11","G7":"11","FQ":"11","H8":"11","H9":"11","G5":"11","9V":"11","8V":"11","G9":"11"},"3P":{"4F":"11"},"6H":{"5H":"11","V4":"11","M7":"11","G8":"11","7G":"11","R4":"11","P6":"11","Q5":"11","J7":"11","C9":"11","H7":"11","5G":"11","2J":"11","2M":"11","4H":"11","CC":"11","X3":"11","M6":"11","W3":"11","P5":"11","R5":"11","7F":"11","9C":"11","Q6":"11","8C":"11","W4":"11","G9":"11","G7":"11","H8":"11","6G":"11","F9":"11","8F":"11","3J":"11","3H":"11"},"97":{"8M":"11","9M":"11","6W":"11","GC":"11","G8":"11","FG":"11","8P":"11","FF":"11","H7":"11","5X":"11","CH":"11","J2":"11","7W":"11","J4":"11","7R":"11","9J":"11","7V":"11","8Q":"11","6X":"11","M2":"11","J3":"11","9P":"11","FC":"11","G9":"11","G7":"11","H4":"11","H5":"11","CJ":"11","8R":"11","G6":"11","H6":"11","CG":"11","J5":"11"},"7C":{"RW":"11","VP":"11","VQ":"11","VV":"11","WP":"11","XJ":"11","QX":"11","RX":"11","XH":"11","WQ":"11","VW":"11","WM":"11","VR":"11","XG":"11","WJ":"11","WR":"11"},"F5":{"37":"11","4R":"11","38":"11","36":"11","5Q":"11","3P":"11","3V":"11","5P":"11","39":"11","46":"11","4Q":"11","2V":"11","4M":"11","3G":"11","3M":"11","3Q":"11","3C":"11","2R":"11","4J":"11","4P":"11","3J":"11","3H":"11","3R":"11","3F":"11"},"5J":{"37":"11","28":"11","64":"11","36":"11","46":"11","56":"11","27":"11","45":"11","55":"11","65":"11","74":"11"},"96":{"RM":"3","MX":"11","PV":"11","VP":"11|3","PW":"11","QQ":"3","VQ":"11","QR":"11","RP":"11|3","WP":"11","XJ":"11","QP":"3","MW":"11","QW":"11","WM":"11","QV":"11","RQ":"11|3","PX":"11","XM":"11","RR":"11","VM":"11"},"7H":{"42":"11","22":"11","32":"11","23":"11"},"7F":{"JP":"11","MJ":"11","Q3":"11","HR":"11","J9":"11","JQ":"11","P4":"11","M5":"11","JJ":"11","JR":"11","HQ":"11","JH":"11","GW":"11","HV":"11","M6":"11","JM":"11","Q2":"11","GX":"11","GV":"11","P5":"11","MH":"11","P3":"11","HW":"11"},"89":{"4X":"11","5J":"11","78":"11","6P":"11","5W":"11","75":"11","5X":"11","82":"11","77":"11","6M":"11","74":"11","73":"11","5M":"11","5R":"11","76":"11","6H":"11","6J":"11","69":"11","6Q":"11","5V":"11","6R":"11","79":"11"},"5H":{"PR":"11","PV":"11","VP":"11","HX":"11","QQ":"11","VQ":"11","QR":"11","WP":"11","JW":"11","MW":"11","WM":"11","RQ":"11","MV":"11","GX":"11","XP":"11","JV":"11","XM":"11","RR":"11","HW":"11"},"C6":{"78":"11","7C":"11","P2":"11","P3":"11","96":"11","6C":"11","99":"11","5G":"11","F6":"11","2J":"11","J4":"11","77":"11","2H":"11","87":"11","Q2":"11","M4":"11","86":"11","G5":"11","C8":"11","C6":"11","5C":"11","C7":"11","88":"11","8C":"11","J3":"11","6F":"11","89":"11","3G":"11","4G":"11","H4":"11","H5":"11","98":"11","69":"11","85":"11","F7":"11","97":"11","F5":"11","3H":"11","G6":"11","79":"11","M3":"11","5F":"11","4F":"11"},"8C":{"3F":"11","48":"11","2F":"11","4C":"11","2G":"11","42":"11","49":"11","43":"11","26":"11","35":"11","57":"11","47":"11","25":"11","45":"11","36":"11","44":"11","39":"11","34":"11","3C":"11"},"98":{"34":"11","33":"11","24":"11","42":"11","25":"11","43":"11","52":"11"},"4J":{"X7":"11","RC":"11","W8":"11","CM":"11","GH":"11","8P":"11","MF":"11","QC":"11","HJ":"11","W9":"11","CP":"11","FM":"11","8Q":"11","V8":"11","PF":"11","PC":"11","9Q":"11","9P":"11","MG":"11","GJ":"11","JG":"11","QF":"11","JH":"11","X8":"11","PG":"11","V9":"11","FJ":"11","R9":"11","HH":"11","VC":"11"}}}}