{"index":{"university,1|retail,2|tourism,3|wreck,4|historical,5|artsCulture,6|namedBuilding,7|water,8|wetland,9|park,10|beach,11|natureReserve,12|cemetery,13|trail,14":{}},"6C":{"QW":{"4P":{"2W":"11"},"3M":{"P2":"11","M3":"11","J3":"11","Q2":"11","Q3":"11"},"5W":{"V5":"3","W5":"3"}},"QV":{"28":{"2W":"11","2R":"11","2V":"11"},"33":{"62":"11","48":"11","4C":"11","3G":"11","55":"11","49":"11","54":"11","4G":"11","3H":"11","52":"11","57":"11","47":"11","56":"11","4F":"11","53":"11"},"32":{"6V":"11","7P":"11","6W":"11","7G":"11","7J":"11","96":"11","93":"11","7Q":"11","7M":"11","87":"11","6X":"11","88":"11","8C":"11","89":"11","8G":"11","92":"11","7H":"11","6Q":"11","8F":"11","97":"11","6R":"11","94":"11","95":"11"}},"PV":{"VP":{"RP":"11","XJ":"11","RM":"11","RQ":"11","QQ":"11","PV":"11","QV":"11","PW":"11","XH":"11","QR":"11","XG":"11","RJ":"11"},"X8":{"XW":"11","XX":"11"},"PW":{"X8":"11","WH":"11","WP":"11","XJ":"11","XH":"11","X9":"11","W8":"11","WM":"11","W7":"11","V5":"11","XG":"11","XP":"11","XM":"11","XC":"11","XF":"11","W5":"11","X4":"11","WJ":"11","X5":"11"},"WH":{"XQ":"11","WV":"11","XV":"11","XP":"11","XM":"11","WW":"11","XR":"11","WX":"11"},"WP":{"62":"11","38":"11","48":"11","2F":"11","2G":"11","64":"11","55":"11","46":"11","54":"11","63":"11","47":"11","39":"11","2C":"11","2H":"11","56":"11","2J":"11","3C":"11","53":"11"},"QX":{"5C":"11","5G":"11","5Q":"11","38":"11","48":"11","4C":"11","5V":"11","5F":"11","5J":"11","5W":"11","49":"11","46":"11","35":"11","57":"11","47":"11","37":"11","5R":"11","5H":"11","36":"11","5P":"11","5M":"11","58":"11","5X":"11"},"XH":{"37":"11","44":"11","38":"11","2J":"11","47":"11","2M":"11","52":"11","2H":"11","43":"11","39":"11","46":"11","2G":"11","3C":"11","42":"11","45":"11","53":"11","2F":"11","3F":"11"},"X9":{"QW":"11","RJ":"11","QV":"11","X4":"11","W8":"11","WC":"11","QR":"11","RP":"11","RR":"11","QX":"11","W6":"11","W9":"11","X3":"11","VF":"11","VG":"11","W5":"11","RQ":"11","W4":"11","X5":"11","RV":"11","V9":"11","VH":"11","VJ":"11","X2":"11","RM":"11","W7":"11","VC":"11"},"QW":{"24":"11","22":"11","32":"11","23":"11"},"WM":{"9M":"11","G8":"11","FG":"11","8P":"11","8V":"11","FF":"11","CH":"11","J2":"11","7W":"11","9J":"11","7V":"11","8Q":"11","6X":"11","9Q":"11","J3":"11","9P":"11","FC":"11","G9":"11","G7":"11","H4":"11","CF":"11","H5":"11","7X":"11","F9":"11","H3":"11","CJ":"11","8R":"11","G6":"11","H6":"11","CG":"11"},"QV":{"V6":"11","V7":"11","V5":"11","R7":"11","3X":"11","W5":"11","R8":"11"},"XG":{"6V":"11","87":"11","5V":"11","88":"11","6J":"11","7G":"11","6H":"11","7C":"11","6R":"11","5W":"11","92":"11","93":"11","6Q":"11","7H":"11","7F":"11","5R":"11","89":"11","86":"11","85":"11","7J":"11","84":"11","6M":"11","79":"11","6P":"11","5X":"11","94":"11"},"XC":{"M8":"11","JP":"11","Q3":"11","P6":"11","HR":"11","P4":"11","HX":"11","JQ":"11","MG":"11","JJ":"11","HQ":"11","JH":"11","HV":"11","P8":"11","JM":"11","M9":"11","Q2":"11","P7":"11","MH":"11","P5":"11","P3":"11","MF":"11","HW":"11","JG":"11","MC":"11"},"XF":{"G2":"11","FH":"11","FF":"11","CQ":"11","CR":"11","9R":"11","F8":"11","FC":"11","F7":"11","H2":"11","G4":"11","G6":"11","F9":"11","9W":"11","CJ":"11","9X":"11","G5":"11","G3":"11","9V":"11","CM":"11","FG":"11","CH":"11","CP":"11","G7":"11"},"WJ":{"V4":"11","RC":"11","V5":"11","RF":"11","R8":"11","W2":"11","PM":"11","QH":"11","JW":"11","V8":"11","W3":"11","MW":"11","PQ":"11","W4":"11","MV":"11","QF":"11","PJ":"11","QG":"11","PP":"11","V9":"11","JX":"11","MX":"11","R7":"11","V6":"11","R9":"11","V7":"11","MQ":"11","MR":"11","V3":"11","QJ":"11"}},"RC":{"XC":{"F4":"11","3X":"11","4R":"11","7G":"11","7J":"11","6P":"11","96":"11","3W":"11","99":"11","5Q":"11","3V":"11","4W":"11","6M":"11","C5":"11","F3":"11","5P":"11","C6":"11","5M":"11","7F":"11","2X":"11","C7":"11","4Q":"11","5R":"11","8C":"11","6H":"11","89":"11","6J":"11","7H":"11","4V":"11","98":"11","C4":"11","8F":"11","97":"11","F5":"11","F2":"11","G2":"11"},"X9":{"GW":"11","HW":"11","GX":"11"},"WG":{"C4":"11","C5":"11","88":"11","97":"11","G2":"11","96":"11","F3":"11","C6":"11","F2":"11","98":"11","F4":"11"},"QJ":{"5G":"11","3F":"11","8J":"11","5F":"11","6J":"11","8M":"11","6H":"11","GJ":"11","7M":"11","29":"11","FM":"11","4G":"11","9M":"11","7H":"11","CJ":"11","5H":"11","GM":"11","6G":"11","39":"11","7J":"11","CM":"11","2C":"11","4H":"11","3C":"11","4F":"11","9J":"11","FJ":"11"},"XF":{"24":"11","25":"11","22":"11","32":"11","23":"11"},"PJ":{"MC":"11","V8":"11","X9":"11","V7":"11","Q8":"11","M9":"11","X8":"11","R8":"11","P9":"11","W8":"11","P8":"11"},"WF":{"MH":"11","GX":"11","W6":"11","QF":"11","PJ":"11","HW":"11","RF":"11","V9":"11","X5":"11","JM":"11","PH":"11","VG":"11","JQ":"11","HQ":"11","MM":"11","QG":"11","W9":"11","VF":"11","RH":"11","GW":"11","PG":"11","RC":"11","VC":"11","W7":"11","V8":"11","JP":"11","X6":"11","MP":"11","X3":"11","V7":"11","MJ":"11","W8":"11","X7":"11","R9":"11","W5":"11","JR":"11","HR":"11","HV":"11","X4":"11","RG":"11"}},"W8":{"7R":{"M8":"11","8J":"11","GJ":"11","2M":"11","P8":"11","CJ":"11","3M":"11","CM":"11","4M":"11","FJ":"11"},"6W":{"85":"11","QW":"11","87":"11","86":"11","QQ":"11","QV":"11","QR":"11","97":"11"},"6V":{"2M":"11"},"FP":{"R5":"11","V3":"11","C8":"11","5C":"11","V4":"11","3F":"11","P6":"11","4C":"11","H8":"11","G8":"11","7C":"11","Q5":"11","Q6":"11","M6":"11","F8":"11","H7":"11","M7":"11","89":"11","C9":"11","79":"11","J7":"11","G7":"11","99":"11","3C":"11","R4":"11","6C":"11"},"5V":{"WC":"11","XJ":"11","Q8":"11","WG":"11","W9":"11","Q7":"11","J4":"11","WH":"11","XP":"11","XM":"11","WF":"11"},"8R":{"C3":"11","64":"11","C2":"11","73":"11","G2":"11","93":"11","54":"11","63":"11","35":"11","25":"11","45":"11","44":"11","F2":"11","83":"11"},"9Q":{"83":"11","37":"11","28":"11","64":"11","C2":"11","73":"11","36":"11","46":"11","27":"11","45":"11","54":"11","55":"11","92":"11","65":"11","82":"11","74":"11"},"VQ":{"X7":"11","W7":"11","X6":"11","W6":"11"},"4R":{"Q6":"11","M3":"11","P3":"11","Q4":"11","R6":"11","Q3":"11","M2":"11"},"6R":{"GR":"11","PQ":"11","VP":"11","WP":"11","8V":"11","MQ":"11","JR":"11","RP":"11","2R":"11","CV":"11","4R":"11","HR":"11","7V":"11","FV":"11","5W":"11","6V":"11","4V":"11","6W":"11","XP":"11","QP":"11","9V":"11","XM":"11","5V":"11","3R":"11","MR":"11","FR":"11"},"WQ":{"47":"11","46":"11"},"9P":{"HR":"11","VP":"11","QQ":"11","RP":"11","XJ":"11","GW":"11","PQ":"11","QP":"11","FW":"11","PP":"11","WM":"11","CX":"11","VM":"11","FX":"11","WJ":"11"},"8Q":{"RJ":"11","GX":"11","PV":"11","W8":"11","QQ":"11","JW":"11","W9":"11","RH":"11","VG":"11","VF":"11","QM":"11","MW":"11","PR":"11","MV":"11","X9":"11","X8":"11","V9":"11","JX":"11","VH":"11","PW":"11","VJ":"11","QP":"11","HX":"11","RM":"11"},"5R":{"PQ":"11","HQ":"11","GP":"11","MQ":"11","RP":"11","RQ":"11","QQ":"11","GQ":"11","FV":"11","JQ":"11","PP":"11","QP":"11","MP":"11"},"XP":{"2R":"11","2V":"11"},"4Q":{"FV":"11"},"CP":{"C8":"11","6F":"11","8F":"11","5G":"11","H6":"11","M5":"11","9C":"11","M6":"11","P8":"11","P9":"11","P7":"11","Q9":"11","7F":"11","G6":"11","J6":"11","M7":"11","5H":"11","6G":"11","C9":"11","4H":"11","8C":"11"}},"RF":{"5C":{"WX":"11","WW":"11","XQ":"11","XR":"11","XV":"11","XP":"11","XM":"11","WV":"11"},"5G":{"9M":"11","G8":"11","FG":"11","CM":"11","9V":"11","8V":"11","FF":"11","CH":"11","J2":"11","CP":"11","8X":"11","9Q":"11","J3":"11","9P":"11","FC":"11","G9":"11","G7":"11","H4":"11","9R":"11","H5":"11","F9":"11","H3":"11","CJ":"11","8R":"11","8W":"11","G6":"11","H6":"11","CG":"11"},"5F":{"V4":"11","RC":"11","V5":"11","RF":"11","R8":"11","W2":"11","PM":"11","QH":"11","PH":"11","JW":"11","QC":"11","R6":"11","W3":"11","MW":"11","V2":"11","PQ":"11","MV":"11","QF":"11","PJ":"11","QG":"11","PP":"11","JX":"11","R7":"11","V6":"11","R9":"11","V7":"11","MQ":"11","MR":"11","V3":"11","QJ":"11"},"2Q":{"6V":"11","X7":"11","MM":"11","RC":"11","W8":"11","RF":"11","HM":"11","QH":"11","PH":"11","CR":"11","7R":"11","3V":"11","GM":"11","W9":"11","8Q":"11","RG":"11","JM":"11","CQ":"11","9Q":"11","FP":"11","QF":"11","FQ":"11","X8":"11","9R":"11","PJ":"11","QG":"11","4V":"11","V9":"11","5V":"11","6R":"11","8R":"11","GP":"11","MJ":"11","VC":"11"},"3P":{"CC":"11","7R":"11","6W":"11","H4":"11","6V":"11","9F":"11","8J":"11","8M":"11","CF":"11","6R":"11","5W":"11","7Q":"11","8H":"11","9H":"11","F8":"11","J3":"11","FC":"11","F7":"11","J2":"11","7P":"11","G6":"11","9G":"11","H3":"11","F9":"11","CG":"11","8P":"11","G5":"11","H5":"11","C9":"11","G7":"11","5X":"11","9J":"11"},"77":{"2R":"11","6F":"11","87":"11","78":"11","88":"11","6J":"11","6H":"11","7C":"11","4P":"11","5J":"11","3R":"11","3Q":"11","92":"11","93":"11","2V":"11","7F":"11","5H":"11","6G":"11","86":"11","4Q":"11","85":"11","5P":"11","95":"11","5M":"11","79":"11","94":"11"},"3Q":{"42":"11","33":"11","27":"11","26":"11","43":"11","52":"11","35":"11","25":"11","44":"11","34":"11"},"75":{"XX":"11"},"76":{"FR":"11","V4":"11","V5":"11","Q8":"11","Q7":"11","HM":"11","W2":"11","MF":"11","CR":"11","CV":"11","HJ":"11","GM":"11","9X":"11","CX":"11","W3":"11","R6":"11","PF":"11","R5":"11","P9":"11","PC":"11","CW":"11","JJ":"11","MG":"11","FP":"11","JH":"11","FQ":"11","PG":"11","Q9":"11","R7":"11","X2":"11","GP":"11","V3":"11","MH":"11"},"96":{"64":"11","54":"11","74":"11"},"69":{"8M":"11","6V":"11","7P":"11","6W":"11","8P":"11","96":"11","99":"11","7Q":"11","C2":"11","7R":"11","7V":"11","7M":"11","C5":"11","6X":"11","C6":"11","8J":"11","C3":"11","9C":"11","8H":"11","9F":"11","8G":"11","98":"11","C4":"11","8F":"11","97":"11","F2":"11"},"68":{"J8":"11","FR":"11","M7":"11","J7":"11","M5":"11","P2":"11","JF":"11","P3":"11","FV":"11","GV":"11","J9":"11","FW":"11","HG":"11","HJ":"11","GM":"11","GQ":"11","Q2":"11","M6":"11","CX":"11","M4":"11","GR":"11","FX":"11","HF":"11","GJ":"11","HC":"11","P4":"11","JC":"11","GP":"11","HH":"11","M3":"11"},"5H":{"2P":"11","66":"11","67":"11","2M":"11","82":"11","58":"11","74":"11","73":"11","57":"11","5C":"11","65":"11","59":"11","64":"11","3G":"11","4G":"11","3M":"11","49":"11","2R":"11","72":"11","3J":"11","4C":"11","3H":"11","2Q":"11","4F":"11"},"85":{"8M":"11","FR":"11","9M":"11","3X":"11","4R":"11","6P":"11","CM":"11","3W":"11","5Q":"11","3V":"11","4W":"11","6M":"11","5P":"11","GR":"11","2X":"11","5R":"11","CQ":"11","6J":"11","FQ":"11","HR":"11","4V":"11"},"3M":{"RC":"11","X4":"11","RF":"11","PM":"11","W6":"11","QH":"11","JW":"11","RH":"11","X3":"11","V8":"11","QM":"11","MW":"11","RG":"11","PQ":"11","PR":"11","W5":"11","W4":"11","MV":"11","X5":"11","QG":"11","PP":"11","V9":"11","JX":"11","X2":"11","V7":"11","MR":"11","W7":"11","QJ":"11","VC":"11"},"67":{"VW":"11","RX":"11","VV":"11","WV":"11","QX":"11","XV":"11","RW":"11"},"4H":{"XW":"11","XX":"11","XV":"11","WX":"11","XR":"11"},"4M":{"22":"11"},"F4":{"7M":"11","6Q":"11","5R":"11","6P":"11","4R":"11","6M":"11","5Q":"11"},"4J":{"V3":"11","2R":"11","W2":"11","MF":"11","P8":"11","CH":"11","3V":"11","R7":"11","8G":"11","PF":"11","5P":"11","Q8":"11","2X":"11","7G":"11","JG":"11","6M":"11","V6":"11","GG":"11","6P":"11","4Q":"11","CG":"11","PC":"11","5Q":"11","P9":"11","4R":"11","9G":"11","HF":"11","3R":"11","R5":"11","V5":"11","JF":"11","Q7":"11","V4":"11","6J":"11","M9":"11","7J":"11","2V":"11","W4":"11","MC":"11","GH":"11","W3":"11","7H":"11","FH":"11","2W":"11","HG":"11","R6":"11","3Q":"11"},"6C":{"2P":"11","54":"11","2J":"11","47":"11","2M":"11","52":"11","2H":"11","39":"11","48":"11","46":"11","2G":"11","3G":"11","3C":"11","63":"11","55":"11","49":"11","45":"11","53":"11","62":"11","56":"11","3F":"11"}},"QR":{"5H":{"2Q":"11","2M":"11","2H":"11","42":"11","2J":"11","2P":"11","3Q":"11","2G":"11","3R":"11"},"3X":{"GF":"11","GC":"11","G8":"11","FG":"11","FH":"11","FF":"11","H7":"11","J2":"11","CR":"11","CV":"11","CP":"11","9X":"11","FM":"11","CX":"11","CW":"11","CQ":"11","H2":"11","FP":"11","G9":"11","G7":"11","H4":"11","H5":"11","H3":"11","FJ":"11","G6":"11","H6":"11"},"4R":{"54":"11","47":"11","52":"11","3P":"11","48":"11","57":"11","2X":"11","2V":"11","3G":"11","4G":"11","3M":"11","3Q":"11","2W":"11","55":"11","49":"11","2R":"11","3J":"11","4C":"11","53":"11","3H":"11","2Q":"11","62":"11","4F":"11","56":"11"},"66":{"37":"11","44":"11","38":"11","2J":"11","36":"11","2M":"11","2H":"11","43":"11","39":"11","2C":"11","35":"11","2G":"11","29":"11","3C":"11","42":"11","45":"11","2F":"11"},"83":{"9W":"11","G4":"11","C2":"11","F4":"11","F2":"11"},"3W":{"MP":"11","P6":"11","MM":"11","Q5":"11","RC":"11","RF":"11","Q7":"11","Q4":"11","MF":"11","P8":"11","JW":"11","Q2":"11","PF":"11","P9":"11","RG":"11","PC":"11","Q6":"11","JV":"11","MG":"11","QF":"11","Q3":"11","P7":"11","QG":"11","JQ":"11","PG":"11","JX":"11","HX":"11","MQ":"11","MJ":"11","JR":"11","MH":"11"},"5G":{"4X":"11","5H":"11","5J":"11","4R":"11","68":"11","66":"11","6C":"11","75":"11","5G":"11","67":"11","5Q":"11","4W":"11","5P":"11","74":"11","73":"11","5M":"11","65":"11","4Q":"11","5R":"11","64":"11","6F":"11","4V":"11","6G":"11","69":"11","72":"11","5F":"11"},"82":{"G4":"11","69":"11","HG":"11","HC":"11","FQ":"11","HH":"11","G5":"11","6C":"11"},"4H":{"XW":"11","XX":"11","XQ":"11","XV":"11","XP":"11","XR":"11"},"3V":{"RX":"11","X7":"11","X4":"11","W8":"11","WC":"11","RP":"11","RR":"11","QX":"11","X6":"11","W6":"11","WF":"11","W9":"11","X3":"11","VG":"11","VF":"11","RQ":"11","X5":"11","RW":"11","RV":"11","WG":"11","VH":"11","VJ":"11","X2":"11","W7":"11","VP":"11","VM":"11"},"58":{"MP":"11","P6":"11","MM":"11","P3":"11","Q4":"11","MF":"11","P8":"11","JW":"11","PF":"11","P5":"11","P9":"11","PC":"11","JV":"11","MG":"11","MV":"11","Q3":"11","P7":"11","P4":"11","PG":"11","JX":"11","MQ":"11","MR":"11","MJ":"11","JR":"11","MH":"11"},"57":{"VF":"11","RC":"11","RG":"11","RF":"11","V6":"11","VC":"11","W3":"11","RJ":"11","W4":"11","V8":"11","V9":"11","V5":"11","V7":"11","W5":"11","RH":"11","W2":"11"},"65":{"4X":"11","F4":"11","7G":"11","7J":"11","6P":"11","5W":"11","96":"11","99":"11","5X":"11","5Q":"11","4W":"11","6M":"11","C5":"11","F3":"11","C6":"11","7F":"11","C7":"11","5R":"11","8C":"11","89":"11","6J":"11","7H":"11","98":"11","6Q":"11","C4":"11","8F":"11","97":"11","5V":"11","F5":"11","F2":"11","G2":"11"},"5C":{"CC":"11","C8":"11","C4":"11","C3":"11","C5":"11","9Q":"11","F5":"11","CF":"11","9H":"11","9R":"11","9P":"11","9M":"11","F3":"11","9G":"11","CG":"11","9W":"11","C7":"11","CJ":"11","9X":"11","9V":"11","C6":"11","CM":"11","C9":"11","F2":"11","CH":"11","F4":"11","9J":"11"},"59":{"FR":"11","GF":"11","GC":"11","GH":"11","FV":"11","H7":"11","FW":"11","J2":"11","J4":"11","GM":"11","GQ":"11","FX":"11","J3":"11","FP":"11","GG":"11","HF":"11","GJ":"11","H4":"11","FQ":"11","HC":"11","H9":"11","H8":"11","H5":"11","GP":"11","H6":"11","J5":"11"},"4Q":{"6W":"11","8F":"11","6V":"11","87":"11","88":"11","7G":"11","6R":"11","7M":"11","92":"11","7Q":"11","93":"11","6Q":"11","8G":"11","96":"11","7H":"11","7F":"11","7P":"11","89":"11","6X":"11","86":"11","7J":"11","95":"11","8C":"11","6P":"11","94":"11"},"64":{"JP":"11","Q3":"11","HR":"11","P6":"11","Q4":"11","MG":"11","JJ":"11","HQ":"11","JH":"11","GW":"11","HP":"11","HV":"11","Q5":"11","P8":"11","P9":"11","JM":"11","M9":"11","Q2":"11","P7":"11","GX":"11","GV":"11","P5":"11","MH":"11","MF":"11","FX":"11","MC":"11"},"4M":{"MP":"11","P6":"11","MM":"11","Q5":"11","HW":"11","Q4":"11","MF":"11","P8":"11","JW":"11","QC":"11","Q2":"11","P5":"11","PF":"11","P9":"11","PC":"11","JM":"11","JV":"11","MG":"11","JP":"11","Q3":"11","P7":"11","JQ":"11","P4":"11","JX":"11","Q9":"11","HX":"11","MJ":"11","MC":"11","JR":"11","MH":"11"},"92":{"2V":"11"},"4V":{"22":"11"},"63":{"QW":"11","RJ":"11","QV":"11","RP":"11","RR":"11","W2":"11","QX":"11","W6":"11","RH":"11","VG":"11","VF":"11","V8":"11","W3":"11","RG":"11","W5":"11","RQ":"11","W4":"11","RV":"11","V9":"11","VH":"11","V6":"11","V7":"11","RM":"11","VC":"11"},"4J":{"RM":"11","VF":"11","RP":"11","VJ":"11","QX":"11","VC":"11","VG":"11","W3":"11","RJ":"11","W8":"11","W4":"11","QW":"11","X2":"11","V8":"11","W6":"11","QV":"11","V9":"11","W7":"11","RQ":"11","VH":"11","RV":"11","V7":"11","RR":"11","W5":"11","RH":"11","W2":"11"},"72":{"2R":"11","38":"11","4C":"11","33":"11","3G":"11","32":"11","2Q":"11","3P":"11","2P":"11","49":"11","4G":"11","3H":"11","3J":"11","35":"11","37":"11","36":"11","39":"11","3M":"11","34":"11","4F":"11"},"85":{"WX":"11"},"4P":{"J8":"11","M7":"11","GF":"11","GC":"11","FG":"11","J7":"11","CM":"11","FH":"11","FF":"11","H7":"11","J9":"11","CH":"11","CR":"11","CV":"11","CP":"11","9X":"11","FM":"11","CX":"11","G5":"11","CW":"11","CQ":"11","H2":"11","FC":"11","G9":"11","G7":"11","H4":"11","HC":"11","9W":"11","H9":"11","H8":"11","H5":"11","H3":"11","FJ":"11","CJ":"11","G6":"11","H6":"11"},"62":{"XW":"11","XX":"11","XV":"11","WW":"11","WX":"11","XR":"11"},"5F":{"8M":"11","8P":"11","96":"11","8V":"11","99":"11","93":"11","7Q":"11","7W":"11","7R":"11","7V":"11","8Q":"11","8J":"11","9C":"11","88":"11","8H":"11","8C":"11","89":"11","8G":"11","92":"11","7X":"11","98":"11","8F":"11","97":"11","8R":"11","94":"11","95":"11"},"56":{"XW":"11","XJ":"11","XQ":"11","WV":"11","XV":"11","XP":"11","WW":"11","XM":"11","WX":"11","XR":"11"}},"QQ":{"6W":{"VX":"11","Q9":"11","RX":"11","Q6":"11","RP":"11","QF":"11","RM":"11","QC":"11","RQ":"11","P2":"11","RH":"11","P3":"11","QH":"11","P5":"11","RV":"11","Q8":"11","QJ":"11","QM":"11","Q7":"11","QG":"11","RR":"11","QP":"11","RW":"11","P7":"11","P6":"11","Q5":"11","P4":"11","RJ":"11"},"5G":{"V4":"11","V5":"11","WP":"11","WQ":"11","WH":"11","WW":"11","VF":"11","VG":"11","WM":"11","V8":"11","WR":"11","V2":"11","WV":"11","R2":"11","R3":"11","XX":"11","WG":"11","V9":"11","VH":"11","V6":"11","WJ":"11","V7":"11","WX":"11","V3":"11","VC":"11"},"6V":{"MJ":"11","PR":"11","H4":"11","J9":"11","PV":"11","JC":"11","PW":"11","JF":"11","MG":"11","MQ":"11","PQ":"11","MR":"11","J3":"11","MM":"11","M9":"11","H2":"11","J5":"11","J2":"11","MV":"11","H3":"11","J6":"11","PX":"11","MH":"11","MF":"11","J8":"11","MP":"11","J7":"11","MC":"11","J4":"11"},"5F":{"RW":"11","RM":"11","QH":"11","P4":"11","Q4":"11","Q7":"11","RP":"11","RX":"11","RJ":"11","Q5":"11","Q6":"11","Q8":"11","QF":"11","RQ":"11","Q9":"11","RV":"11","QC":"11","RR":"11","QG":"11","RH":"11"},"42":{"P2":"11","P3":"11","Q2":"11"},"6J":{"3F":"11","38":"11","33":"11","3G":"11","32":"11","4R":"11","4P":"11","4V":"11","4G":"11","4W":"11","35":"11","37":"11","4Q":"11","36":"11","39":"11","4H":"11","34":"11","4M":"11","4J":"11","3C":"11","4F":"11","4X":"11"},"6H":{"2R":"11","2F":"11","2W":"11","2G":"11","2Q":"11","2P":"11","2X":"11","2M":"11","3X":"11","2V":"11","2H":"11","2J":"11"},"6R":{"G9":"11","HR":"11","HX":"11","GC":"11","HQ":"11","HJ":"11","GJ":"11","G8":"11","F5":"11","HP":"11","HV":"11","F8":"11","GF":"11","F7":"11","F3":"11","GM":"11","GH":"11","HW":"11","HM":"11","F6":"11","F2":"11","GG":"11","G7":"11","F4":"11"},"7X":{"2R":"11","2W":"11","6J":"11","2Q":"11","7G":"11","3P":"11","6H":"11","4P":"11","5J":"11","3R":"11","2X":"11","3Q":"11","3X":"11","7H":"11","2V":"11","VR":"11","4Q":"11","5M":"11","4M":"11"},"6Q":{"9G":"11","CM":"11","96":"11","FV":"11","99":"11","93":"11","CH":"11","FW":"11","82":"11","CR":"11","CV":"11","CP":"11","FX":"11","9C":"11","CW":"11","9F":"11","CQ":"11","92":"11","CF":"11","98":"11","CJ":"11","97":"11","94":"11","95":"11","CG":"11"},"7W":{"7C":"11","4G":"11"},"7V":{"9P":"11","9M":"11"},"6X":{"XW":"11","WX":"11","R5":"11","V3":"11","V4":"11","VF":"11","WW":"11","VP":"11","R6":"11","VQ":"11","V2":"11","V6":"11","VJ":"11","XR":"11","VV":"11","VC":"11","VG":"11","R2":"11","V8":"11","V9":"11","XV":"11","VR":"11","V5":"11","R3":"11","VH":"11","V7":"11","WV":"11","VM":"11","R4":"11","WR":"11"},"5H":{"X7":"11","X8":"11","X9":"11","X6":"11","X2":"11","XG":"11","X3":"11","XC":"11","XF":"11","X4":"11","W2":"11","X5":"11"},"8X":{"79":"11"},"8V":{"68":"11","58":"11"},"6M":{"6V":"11","6W":"11","6P":"11","54":"11","5G":"11","52":"11","58":"11","6M":"11","6X":"11","57":"11","5C":"11","59":"11","6H":"11","6J":"11","55":"11","6G":"11","42":"11","6Q":"11","6R":"11","53":"11","5F":"11","56":"11"},"6P":{"8M":"11","78":"11","7G":"11","7C":"11","8P":"11","8V":"11","75":"11","77":"11","74":"11","73":"11","8Q":"11","7F":"11","8J":"11","8X":"11","8H":"11","76":"11","8G":"11","7H":"11","63":"11","72":"11","8R":"11","8W":"11","62":"11","79":"11"}},"47":{"3J":{"VX":"11","WX":"11"},"2H":{"VP":"11","JQ":"11","RP":"11","MQ":"11","WP":"11","PQ":"11","QP":"11","MR":"11","WM":"11","VM":"11"},"4J":{"48":"11","5C":"11","39":"11","5F":"11","49":"11","4C":"11","38":"11","6C":"11"},"3H":{"QW":"11","FR":"11","9M":"11","7J":"11","CM":"11","GV":"11","QX":"11","9J":"11","GQ":"11","FM":"11","GR":"11","8J":"11","8H":"11","JV":"11","HV":"11","FP":"11","FQ":"11","7H":"11","9H":"11","CJ":"11"},"2J":{"53":"11"},"3M":{"Q3":"11","P6":"11","J9":"11","P4":"11","JC":"11","Q4":"11","M5":"11","V2":"11","Q5":"11","R2":"11","M9":"11","P7":"11","P5":"11","MC":"11"}},"QX":{"FH":{"HX":"11","GW":"11","FW":"11","CV":"11","GX":"11","FV":"11"},"CG":{"FM":"11"},"GM":{"48":"11","5G":"11","5C":"11","6Q":"11","37":"11","5J":"11","5H":"11","47":"11","6J":"11","35":"11","5F":"11","6P":"11","6R":"11","49":"11","4C":"11","6M":"11","45":"11","5M":"11","38":"11","4F":"11"},"FJ":{"H4":"11","VJ":"3","XR":"3","WP":"3","G2":"11","WQ":"3","WM":"3|11","H2":"11","J5":"11","XV":"3","H3":"11","J6":"11","VM":"3","J4":"11","WR":"3"},"HR":{"3M":"3"},"CH":{"X9":"11","X8":"11","W8":"11"},"9C":{"6C":"11"},"GQ":{"HC":"11","QR":"11","HF":"11"},"89":{"JC":"11","JF":"11"},"HV":{"8F":"11","78":"11"},"JW":{"5R":"11","4R":"11","4V":"11","5V":"11"}},"PM":{"XW":{"39":"11","6H":"11","6G":"11","49":"11","4C":"11","7H":"11","4F":"11","6F":"11","29":"11"},"WW":{"V6":"11","R5":"11","V8":"11","V7":"11","V5":"11","R4":"11"},"M4":{"93":"11","92":"11"},"P8":{"8F":"11","8J":"11","78":"11","9Q":"11","8M":"11","77":"11","65":"11","7C":"11","8H":"11","9R":"11","9P":"11","75":"11","8G":"11","9M":"11","76":"11","89":"11","79":"11","8C":"11","9J":"11"},"P9":{"G9":"11","C5":"11","RP":"11","G8":"11","F5":"11","WQ":"11","F8":"11","F7":"11","RQ":"11","RR":"11","F6":"11","F4":"11","WR":"11"},"J3":{"J8":"11","M7":"11","M8":"11","RJ":"11","XJ":"11","J7":"11","XH":"11","RH":"11","WM":"11","PF":"11","RG":"11","PC":"11","G3":"11","H4":"11","QG":"11","H5":"11","H3":"11","M9":"11","WJ":"11","J6":"11","H6":"11","MC":"11","G2":"11","J5":"11"},"H2":{"P2":"11","R5":"11","Q3":"11","W9":"11","X8":"11","M2":"11","R6":"11","R7":"11","X9":"11","V8":"11","V9":"11","Q2":"11","R3":"11","V7":"11","R4":"11"},"J2":{"3F":"11","9Q":"11","6J":"11","CV":"11","FW":"11","5J":"11","7M":"11","29":"11","CQ":"11","28":"11","CR":"11","FV":"11","4G":"11","8Q":"11","7P":"11","GX":"11","8P":"11","5H":"11","39":"11","2C":"11","6M":"11","4H":"11","FX":"11","3C":"11","4F":"11"},"M3":{"7R":"11","8W":"11","8R":"11","6J":"11","5J":"11","7M":"11","7Q":"11","3H":"11","7P":"11","9X":"11","5H":"11","8X":"11","8V":"11","5M":"11","6M":"11","2H":"11","4H":"11","6P":"11","2J":"11","4J":"11"}},"PH":{"QC":{"2W":"11","2R":"11","2V":"11","3Q":"11","3R":"11"},"PF":{"V5":"11","W3":"11","X2":"11","W5":"11","X3":"11","W4":"11"},"GX":{"FX":"11"},"PC":{"XW":"11","XX":"11"}},"WF":{"7C":{"FG":"7","CP":"3"}},"WW":{"37":{"PX":"11"}},"W9":{"JR":{"42":"11","32":"11"},"JQ":{"4X":"11"}},"V8":{"HX":{"VV":"11","VR":"11","WV":"11","XV":"11"},"JX":{"2V":"11"}},"QM":{"QC":{"Q2":"11"}},"XG":{"CQ":{"XW":"11","XV":"11","XR":"11"},"M4":{"PV":"11","PW":"11"}},"XW":{"74":{"WX":"3"}},"X9":{"W4":{"X9":"11"}},"QF":{"VX":{"34":"11","33":"11","24":"11","25":"11","23":"11"},"RX":{"X7":"11","RC":"11","X4":"11","W8":"11","RF":"11","X6":"11","W6":"11","PH":"11","QC":"11","V8":"11","PF":"11","JJ":"11","QF":"11","X5":"11","PG":"11","V9":"11","R9":"11","V7":"11","MJ":"11","W7":"11","MH":"11"},"WV":{"MX":"11","PV":"11","PW":"11","QQ":"11","QR":"11","MW":"11","QV":"11","RQ":"11","PX":"11","RR":"11"},"XV":{"93":"11","83":"11","92":"11"},"WW":{"F8":"11","9G":"11","G8":"11","C9":"11","J2":"11","J4":"11","CC":"11","G5":"11","M2":"11","8H":"11","9F":"11","J3":"11","8G":"11","G7":"11","H4":"11","7H":"11","CF":"11","H5":"11","F9":"11","F7":"11","G6":"11","H6":"11"}},"X8":{"H8":{"JM":"11","RV":"11","HM":"11","RR":"11"},"J9":{"87":"11","XF":"11","VF":"11","VG":"11","WF":"11"},"G8":{"M5":"11","V8":"11","62":"11","R8":"11"},"G6":{"3J":"11","4J":"11","4M":"11","2J":"11","3M":"11"},"M9":{"RH":"11","VH":"11","2F":"11","WH":"11","4F":"11","XH":"11","4G":"11","3F":"11"},"VC":{"Q5":"11"},"P9":{"5H":"11","MP":"11","7J":"11","MM":"11","CM":"11","QQ":"11","HM":"11","4H":"11","2H":"11","GM":"11","9J":"11","FM":"11","8J":"11","PQ":"11","JM":"11","6H":"11","JP":"11","6J":"11","PP":"11","QP":"11","FJ":"11","CJ":"11","3H":"11"},"F6":{"PR":"11","PV":"11","87":"11","VQ":"11","QR":"11","XJ":"11","MR":"11","WM":"11","76":"11","QV":"11","MV":"11","RQ":"11","RR":"11","WJ":"11"},"H9":{"FX":"11","FW":"11","CX":"11","CW":"11","FV":"11","FR":"11"},"HP":{"J2":"11"}},"PJ":{"99":{"6F":"11","78":"11","77":"11","6H":"11","7C":"11","5J":"11","82":"11","75":"11","76":"11","7F":"11","5H":"11","6G":"11","86":"11","85":"11","3M":"11","84":"11","79":"11","83":"11","4M":"11","4J":"11"},"HX":{"9G":"11","7G":"11","CM":"11","5G":"11","CH":"11","JW":"11","GM":"11","CP":"11","39":"11","FM":"11","HP":"11","5C":"11","7F":"11","JV":"11","FP":"11","6F":"11","8G":"11","29":"11","9H":"11","HR":"11","JX":"11","49":"11","HQ":"11","MX":"11","8F":"11","CJ":"11","4C":"11","GP":"11","5F":"11","JR":"11"},"GW":{"QW":"11","VW":"11","M7":"11","P6":"11","QV":"11","M5":"11","QR":"11","QQ":"11","PM":"11","PH":"11","P8":"11","M6":"11","M4":"11","QM":"11","P5":"11","PF":"11","M2":"11","P9":"11","PC":"11","P7":"11","PJ":"11","RW":"11","PG":"11","RV":"11","VX":"11","QP":"11","M3":"11","QJ":"11"},"G3":{"26":"11","43":"11","52":"11","35":"11","25":"11","44":"11","34":"11","53":"11"},"GV":{"MX":"11","JR":"11","MV":"11","MW":"11","MR":"11"},"GX":{"X9":"11","X7":"11","W7":"11","W2":"11","W3":"11","V2":"11","X6":"11","X8":"11","W5":"11","W6":"11","W4":"11"},"F3":{"VF":"11","RG":"11","VC":"11","VG":"11","X6":"11","W8":"11","V8":"11","W6":"11","V9":"11","W7":"11"},"98":{"9G":"11","9M":"11","8P":"11","96":"11","8V":"11","99":"11","C2":"11","9J":"11","C5":"11","8Q":"11","C6":"11","C8":"11","C3":"11","9C":"11","C7":"11","8X":"11","9F":"11","9Q":"11","9P":"11","9H":"11","98":"11","C4":"11","97":"11","8R":"11","8W":"11"},"97":{"9F":"11","CV":"11","CQ":"11","CW":"11","CR":"11","CJ":"11","CM":"11","CX":"11","CH":"11","CP":"11"},"G2":{"7R":"11","C8":"11","C4":"11","6W":"11","8F":"11","6V":"11","9F":"11","8J":"11","C5":"11","8M":"11","9C":"11","97":"11","6R":"11","7M":"11","8H":"11","7Q":"11","8G":"11","F3":"11","7V":"11","9G":"11","7P":"11","C7":"11","6X":"11","C6":"11","F2":"11","F4":"11","99":"11","98":"11","5X":"11"}},"QG":{"CC":{"R5":"11","J9":"11","P4":"11","X8":"11","R6":"11","M5":"11","V6":"11","M4":"11","Q5":"11","Q6":"11","W8":"11","V8":"11","W7":"11","J5":"11","J6":"11","V5":"11","P5":"11","V7":"11","J8":"11","J7":"11"},"G9":{"62":"11","27":"11","28":"11","46":"11","54":"11","63":"11","52":"11","35":"11","37":"11","45":"11","36":"11","44":"11","53":"11"},"2W":{"7X":"11"},"G8":{"V4":"11","V5":"11","JF":"11","GH":"11","9V":"11","8V":"11","Q8":"11","Q7":"11","W2":"11","7W":"11","P8":"11","HG":"11","GM":"11","7V":"11","CP":"11","FM":"11","6X":"11","W3":"11","R6":"11","R5":"11","P9":"11","CQ":"11","9Q":"11","FP":"11","GG":"11","GJ":"11","HF":"11","9R":"11","Q9":"11","7X":"11","M9":"11","FJ":"11","R7":"11","JC":"11","V3":"11","MC":"11"},"2X":{"62":"11","64":"11","73":"11","55":"11","27":"11","46":"11","54":"11","26":"11","63":"11","72":"11","45":"11","36":"11"},"FC":{"38":"11","48":"11","87":"11","C5":"11","78":"11","88":"11","97":"11","F5":"11","28":"11","96":"11","H2":"11","G4":"11","J2":"11","H3":"11","68":"11","G5":"11","G3":"11","C6":"11","F6":"11","58":"11","F4":"11"},"8G":{"JF":"11","HG":"11","Q7":"11","R7":"11","P8":"11","P9":"11","Q8":"11","MF":"11","JG":"11","PC":"11","GG":"11","MC":"11"},"H7":{"F9":"11","G8":"11","F7":"11","G6":"11","H5":"11","H4":"11","G5":"11","F8":"11","G7":"11"},"F9":{"RM":"11","PR":"11","W9":"11","WF":"11","PV":"11","X8":"11","QQ":"11","JW":"11","PQ":"11","QP":"11","VG":"11","JX":"11","X9":"11","MR":"11","RJ":"11","MW":"11","QM":"11","MV":"11","WC":"11","VH":"11","RH":"11"}},"PG":{"XX":{"J9":"11","X7":"11","P4":"11","HC":"11","JC":"11","HG":"11","M5":"11","HJ":"11","HP":"11","X6":"11","GR":"11","M4":"11","GP":"11","Q5":"11","M6":"11","HF":"11","GM":"11","GQ":"11","P5":"11","HM":"11","HH":"11","J8":"11","J7":"11"}},"RW":{"GH":{"J9":"3","H7":"11"}},"V9":{"G4":{"XW":"11","XX":"11","XV":"11"},"G8":{"34":"11","33":"11","24":"11","32":"11"},"G6":{"J8":"11","FR":"11","J7":"11","M5":"11","P2":"11","GH":"11","FV":"11","J9":"11","HG":"11","CV":"11","GM":"11","M6":"11","FM":"11","CX":"11","M4":"11","M2":"11","CW":"11","FP":"11","GG":"11","HF":"11","GJ":"11","FQ":"11","HC":"11","H9":"11","GP":"11","J6":"11","M3":"11","J5":"11"},"H4":{"2P":"11","54":"11","47":"11","2M":"11","48":"11","57":"11","2V":"11","3G":"11","3M":"11","63":"11","55":"11","49":"11","2R":"11","3J":"11","4C":"11","53":"11","3H":"11","2Q":"11","62":"11","4F":"11","56":"11","3F":"11"},"H2":{"HX":"11","CV":"11","GW":"11","FR":"11","CR":"11","FV":"11","GV":"11","9W":"11","9X":"11","9V":"11","HW":"11"},"G5":{"RJ":"11","PV":"11","RC":"11","RF":"11","QR":"11","QQ":"11","W6":"11","PX":"11","RH":"11","X3":"11","VF":"11","V8":"11","W3":"11","QM":"11","RG":"11","PR":"11","W5":"11","W4":"11","V9":"11","PW":"11","MX":"11","QP":"11","X2":"11","V7":"11","W7":"11","QJ":"11","VC":"11"},"H3":{"7R":"11","6W":"11","8F":"11","6V":"11","87":"11","8J":"11","88":"11","97":"11","6R":"11","7M":"11","92":"11","7Q":"11","8H":"11","93":"11","8G":"11","96":"11","7H":"11","7V":"11","7P":"11","89":"11","6X":"11","7J":"11","95":"11","8C":"11","98":"11","94":"11"},"G7":{"6F":"11","5Q":"11","87":"11","78":"11","88":"11","6J":"11","7G":"11","6H":"11","4R":"11","C2":"11","7C":"11","5J":"11","4V":"11","92":"11","93":"11","3X":"11","4W":"11","7F":"11","5R":"11","89":"11","6G":"11","86":"11","85":"11","5P":"11","95":"11","5M":"11","6M":"11","79":"11","94":"11","4X":"11"}},"VH":{"W3":{"J5":"11"}},"PW":{"V6":{"HX":"11","GP":"11","HW":"11","GM":"11","GQ":"11"},"R5":{"X5":"11","X7":"11","X2":"11","X6":"11","X4":"11","X3":"11"},"R3":{"7G":"11","68":"11","HW":"11","6C":"11","GV":"11","36":"11","47":"11","58":"11","GQ":"11","FM":"11","57":"11","GR":"11","59":"11","7F":"11","46":"11","HV":"11","FP":"11","6F":"11","7H":"11","69":"11","HX":"11","GP":"11"},"X9":{"V7":"11"},"V5":{"48":"11","8J":"11","59":"11","8M":"11","7G":"11","7C":"11","27":"11","28":"11","8H":"11","8G":"11","7F":"11","69":"11","8P":"11","79":"11","58":"11","6C":"11"},"Q2":{"57":"11","56":"11","54":"11","55":"11","52":"11","53":"11"},"R4":{"XR":"11","M7":"11","WP":"11","WQ":"11","P8":"11","QC":"11","WW":"11","VG":"11","WM":"11","G5":"11","WR":"11","P9":"11","WV":"11","RG":"11","H2":"11","XW":"11","QF":"11","P7":"11","H4":"11","XX":"11","H5":"11","VH":"11","Q9":"11","H3":"11","VJ":"11","XV":"11","J6":"11","H6":"11","VP":"11","VM":"11"}},"QP":{"3F":{"RX":"11","P6":"11","QV":"11","P2":"11","P3":"11","QR":"11","QQ":"11","RR":"11","QH":"11","P8":"11","QC":"11","M4":"11","P5":"11","QM":"11","PF":"11","M2":"11","P9":"11","PC":"11","QF":"11","P7":"11","QG":"11","P4":"11","RW":"11","PG":"11","RV":"11","QP":"11","M3":"11","QJ":"11"},"3G":{"R4":"11","V5":"11","WP":"11","WQ":"11","WW":"11","VG":"11","VF":"11","WM":"11","V8":"11","R6":"11","R5":"11","WR":"11","WV":"11","R2":"11","R3":"11","V9":"11","VH":"11","VJ":"11","R7":"11","V6":"11","WX":"11","WJ":"11","V7":"11","VM":"11","VC":"11"},"4R":{"GC":"11","GJ":"11","F5":"11","GW":"11","FF":"11","GR":"11","GP":"11","F8":"11","GF":"11","FC":"11","F7":"11","F3":"11","GX":"11","GV":"11","F9":"11","GM":"11","GH":"11","GQ":"11","F6":"11","F2":"11","GG":"11","F4":"11"},"4P":{"8F":"11","87":"11","8J":"11","9Q":"11","88":"11","8M":"11","77":"11","73":"11","8H":"11","9R":"11","9P":"11","75":"11","74":"11","8G":"11","76":"11","8Q":"11","72":"11","9W":"11","8P":"11","89":"11","9X":"11","86":"11","9V":"11","8C":"11"},"4V":{"HW":"11","H7":"11","HM":"11","JW":"11","HG":"11","HJ":"11","HP":"11","G5":"11","G4":"11","JV":"11","HV":"11","HF":"11","G3":"11","H4":"11","HC":"11","HR":"11","H9":"11","H8":"11","JX":"11","HQ":"11","H5":"11","H3":"11","HH":"11","H6":"11","G2":"11","JR":"11"},"3H":{"X7":"11","X8":"11","XH":"11","X6":"11","X9":"11","W3":"11","W4":"11","X2":"11","XG":"11","X3":"11","XC":"11","XF":"11","X4":"11","W2":"11","X5":"11"},"4W":{"J8":"11","MP":"11","MM":"11","J7":"11","JF":"11","J9":"11","J2":"11","J4":"11","MW":"11","JM":"11","J3":"11","JJ":"11","JP":"11","JG":"11","MV":"11","JH":"11","JQ":"11","MX":"11","JC":"11","MQ":"11","J6":"11","MR":"11","MJ":"11","J5":"11"},"4Q":{"CC":"11","C8":"11","97":"11","CV":"11","CF":"11","FW":"11","CQ":"11","92":"11","FR":"11","CR":"11","93":"11","FV":"11","96":"11","CG":"11","C7":"11","CJ":"11","C6":"11","95":"11","CM":"11","C9":"11","CH":"11","FX":"11","CP":"11","98":"11","94":"11"},"4H":{"2R":"11","2W":"11","2Q":"11","2P":"11","2X":"11","2M":"11","3X":"11","2V":"11","2H":"11","2J":"11"},"4M":{"68":"11","6P":"11","6C":"11","54":"11","67":"11","7Q":"11","7W":"11","52":"11","7R":"11","7V":"11","58":"11","6M":"11","57":"11","59":"11","6H":"11","6F":"11","6J":"11","55":"11","6G":"11","7X":"11","69":"11","6Q":"11","6R":"11","53":"11","56":"11"},"4J":{"3F":"11","38":"11","4C":"11","5V":"11","33":"11","32":"11","4R":"11","4P":"11","4V":"11","5W":"11","4G":"11","4W":"11","35":"11","37":"11","4Q":"11","36":"11","22":"11","39":"11","4H":"11","34":"11","5X":"11","4M":"11","4J":"11","3C":"11","4F":"11"},"3C":{"MH":"11","MX":"11","MQ":"11","JJ":"11","MV":"11","JM":"11","MW":"11","JH":"11","MP":"11","JP":"11","JG":"11","JF":"11","MM":"11","MR":"11"},"4X":{"QW":"11","M7":"11","M8":"11","PV":"11","M5":"11","QX":"11","PM":"11","MF":"11","PH":"11","PX":"11","M6":"11","M4":"11","M2":"11","PQ":"11","PR":"11","MG":"11","PJ":"11","PP":"11","PG":"11","PW":"11","M9":"11","MC":"11","M3":"11","MH":"11"}},"XC":{"67":{"5Q":"11"}},"VC":{"38":{"63":"11","39":"11","37":"11","47":"11","64":"11","46":"11","56":"11","45":"11","54":"11","72":"11","38":"11","2C":"11","2F":"11","55":"11","62":"11","29":"11"},"5F":{"HM":"11"},"29":{"6F":"11","H4":"11","88":"11","M2":"11","7G":"11","97":"11","7C":"11","F5":"11","J3":"11","H2":"11","G4":"11","J2":"11","7F":"11","H3":"11","C7":"11","89":"11","6G":"11","G5":"11","G3":"11","C6":"11","F6":"11","8C":"11","99":"11","98":"11"},"28":{"MX":"11","PV":"11","VP":"11","PW":"11","QQ":"11","WH":"11","QR":"11","RP":"11","VJ":"11","WG":"11","JX":"11","MW":"11","QV":"11","RQ":"11","XG":"11","XC":"11","XF":"11","VM":"11","WJ":"11"},"46":{"5C":"11","66":"11","4C":"11","59":"11","3G":"11","2P":"11","92":"11","2M":"11","82":"11","75":"11","74":"11","4G":"11","76":"11","3H":"11","3J":"11","68":"11","84":"11","67":"11","83":"11","58":"11","2J":"11","4F":"11"},"54":{"66":"11","83":"11","75":"11","2J":"11","67":"11","2M":"11","82":"11","2H":"11","58":"11","74":"11","73":"11","57":"11","65":"11","59":"11","64":"11","3G":"11","49":"11","72":"11","4C":"11","3H":"11","4F":"11","3F":"11"},"52":{"QW":"11","RQ":"11","RV":"11","QX":"11","PX":"11","QV":"11","RR":"11"},"37":{"J8":"11","M8":"11","M7":"11","P6":"11","Q5":"11","CM":"11","GH":"11","FH":"11","9V":"11","8V":"11","J9":"11","7W":"11","Q4":"11","HG":"11","CP":"11","FM":"11","P5":"11","V2":"11","8X":"11","CQ":"11","9Q":"11","R2":"11","FP":"11","GG":"11","HF":"11","GJ":"11","Q3":"11","P7":"11","R3":"11","9R":"11","HC":"11","7X":"11","M9":"11","FJ":"11","JC":"11","8R":"11","8W":"11"},"45":{"FR":"11","M8":"11","R4":"11","P6":"11","Q5":"11","JF":"11","Q4":"11","CR":"11","P8":"11","HG":"11","CV":"11","HJ":"11","GM":"11","9X":"11","V2":"11","CW":"11","Q6":"11","R2":"11","FP":"11","GJ":"11","JG":"11","P7":"11","R3":"11","FQ":"11","9W":"11","M9":"11","JC":"11","GP":"11","HH":"11","MC":"11"},"36":{"VX":"11","VW":"11","RX":"11","VV":"11","WR":"11","XQ":"11","WV":"11","XP":"11","WW":"11","XR":"11"},"44":{"VX":"11","VW":"11","RX":"11","VV":"11","WR":"11","XQ":"11","WV":"11","WQ":"11","XP":"11","WW":"11","XM":"11"},"53":{"P2":"11","J9":"11","8W":"11","FP":"11","P4":"11","HC":"11","HG":"11","M5":"11","GJ":"11","FH":"11","M4":"11","CQ":"11","FM":"11","M6":"11","9R":"11","CR":"11","GF":"11","HF":"11","Q2":"11","J6":"11","9W":"11","M7":"11","H9":"11","9X":"11","8X":"11","GH":"11","P3":"11","9V":"11","J8":"11","J7":"11","CP":"11","GG":"11","FJ":"11"}}}}