{"index":{"university,1|retail,2|tourism,3|wreck,4|historical,5|artsCulture,6|namedBuilding,7|water,8|wetland,9|park,10|beach,11|natureReserve,12|cemetery,13|trail,14":{}},"6F":{"F8":{"XG":{"X9":"11","V7":"11","QC":"11"}},"5J":{"JC":{"CC":"11","6F":"11","G9":"11","8F":"11","9F":"11","7G":"11","9C":"11","FC":"11","7F":"11","F9":"11","H9":"11","6G":"11"},"Q8":{"2W":"11"}},"7P":{"38":{"8J":"11","8H":"11"}},"GF":{"99":{"33":"11","24":"11","22":"11","23":"11"},"88":{"VW":"11","MP":"11","MM":"11","QR":"11","QQ":"11","RR":"11","J9":"11","HG":"11","WW":"11","PQ":"11","JM":"11","JJ":"11","HF":"11","JH":"11","HC":"11","XX":"11","PP":"11","RV":"11","VV":"11","JC":"11","WX":"11","HH":"11"},"V8":{"RM":"11","VP":"11","XQ":"11","VQ":"11","XR":"11","VV":"11","RX":"11","WQ":"11","RJ":"11","VW":"11","VR":"11","WV":"11","VX":"11","VM":"11","WR":"11"},"G8":{"48":"11","57":"11","66":"11","49":"11","58":"11","67":"11"},"V9":{"V9":"11","VC":"11"},"CC":{"5H":"11","HC":"11","4H":"11","FC":"11","GC":"11","H9":"11"},"FC":{"54":"11"},"XF":{"JX":"11"},"89":{"R5":"11","V3":"11","C8":"11","V4":"11","6F":"11","G9":"11","8F":"11","5G":"11","P6":"11","5F":"11","H6":"11","Q4":"11","H8":"11","R6":"11","9C":"11","G8":"11","7C":"11","W3":"11","Q5":"11","M6":"11","Q6":"11","F8":"11","W4":"11","X2":"11","4G":"11","H7":"11","7F":"11","F9":"11","V5":"11","J6":"11","M7":"11","H9":"11","89":"11","5H":"11","6G":"11","X3":"11","P5":"11","C9":"11","J8":"11","4H":"11","J7":"11","8C":"11","G7":"11","99":"11","X4":"11","R4":"11"},"XG":{"G4":"11","XC":"11","J2":"11","X9":"11","G3":"11","Q4":"11","F4":"11","H5":"11","P5":"11","H2":"11","G5":"11","F2":"11","G2":"11","P4":"11"},"R9":{"6J":"11","6H":"11","6M":"11"}},"G8":{"7Q":{"P2":"11","Q2":"11"},"9P":{"68":"11","87":"11","77":"11","J4":"11","J5":"11","58":"11","67":"11"},"7P":{"3W":"11","4W":"11","PX":"11","3V":"11","4V":"11"},"9G":{"2Q":"11"},"3J":{"P2":"11","P6":"11","M2":"11","Q7":"11","P7":"11","M3":"11","XG":"11","WC":"11","XC":"11"},"9M":{"VV":"11","RV":"11","WV":"11","XV":"11","RW":"11","XR":"11"},"8G":{"PF":"11","J9":"11","PG":"11","JC":"11","JF":"11","XQ":"11","QF":"11","J5":"11","G4":"11","J6":"11","G5":"11","MF":"11","H5":"11","QG":"11","J8":"11","J7":"11"},"CM":{"2R":"11","66":"11","5F":"11","77":"11","3P":"11","65":"11","4P":"11","3R":"11","3Q":"11","76":"11","2V":"11","68":"11","3M":"11","67":"11","4M":"11","4J":"11"},"4J":{"5Q":"11","5V":"11","2G":"11","3P":"11","GW":"11","4P":"11","JW":"11","JX":"11","FW":"11","5R":"11","4Q":"11","3M":"11","HW":"11","2H":"11","4M":"11"},"5F":{"GH":"11","FH":"11","9H":"11","V9":"11","GG":"11","CH":"11","8H":"11","W9":"11","X8":"11","W8":"11"},"6P":{"VX":"3","7G":"11","VW":"3|11","RX":"3","8G":"11","35":"11","24":"11","WV":"11","25":"11","WW":"3|11","WX":"3"},"3H":{"MX":"11","HX":"11","PH":"11","JX":"11","HW":"11","M9":"11","PF":"11","PC":"11","PG":"11","M8":"11","P9":"11","JW":"11"},"4M":{"X9":"11","X8":"11"},"5M":{"5C":"11","6F":"11","38":"11","4C":"11","JQ":"11","5F":"11","JR":"11","HQ":"11","HP":"11","29":"11","GP":"11","28":"11","9H":"11","CJ":"11","39":"11","CH":"11","4F":"11"},"4F":{"PQ":"11","RP":"11","RQ":"11","QQ":"11","VM":"11","QP":"11"},"3G":{"C8":"11","38":"11","48":"11","X7":"11","X8":"11","27":"11","P8":"11","F8":"11","W8":"11","V8":"11","26":"11","Q8":"11","47":"11","37":"11"},"6F":{"C8":"11","38":"11","48":"11","X7":"11","X6":"11","29":"11","28":"11","W6":"11","W7":"11","V7":"11","98":"11"},"2G":{"XR":"11","GF":"11","GC":"11","MP":"11","MM":"11","GH":"11","WP":"11","FF":"11","H7":"11","Q7":"11","HM":"11","PM":"11","W6":"11","2H":"11","HJ":"11","2C":"11","XP":"11","XQ":"11","WM":"11","R6":"11","WR":"11","2G":"11","Q6":"11","JM":"11","W5":"11","GG":"11","GJ":"11","FC":"11","3G":"11","P7":"11","G9":"11","X5":"11","29":"11","PP":"11","F9":"11","R7":"11","V6":"11","3H":"11","G6":"11","H6":"11","2F":"11","VM":"11"},"CJ":{"5R":"11","4P":"11","4M":"11","4C":"11","5W":"11","4F":"11","4Q":"11","5V":"11"},"CP":{"57":"11"},"4G":{"27":"11","28":"11","46":"11","47":"11","37":"11","45":"11","36":"11","56":"11"},"8P":{"WQ":"11","VQ":"11"},"7F":{"48":"11","28":"11","68":"11","27":"11","78":"11","38":"11","58":"11"}},"R4":{"87":{"V4":"11","V5":"11","WP":"11","WQ":"11","WW":"11","VR":"11","VG":"11","VF":"11","WM":"11","V8":"11","WR":"11","WV":"11","V2":"11","VQ":"11","V9":"11","VH":"11","VJ":"11","V6":"11","WX":"11","WJ":"11","V7":"11","V3":"11","VP":"11","VM":"11","VC":"11"},"9F":{"37":"11","44":"11","6V":"11","6W":"11","68":"11","6P":"11","5W":"11","6C":"11","32":"11","5X":"11","38":"11","36":"11","47":"11","5Q":"11","34":"11","58":"11","6M":"11","43":"11","5P":"11","35":"11","57":"11","5M":"11","33":"11","5R":"11","6H":"11","6F":"11","6J":"11","6G":"11","69":"11","42":"11","6Q":"11","45":"11","5V":"11","6R":"11","5F":"11"},"88":{"XR":"11","X7":"11","XJ":"11","W8":"11","WC":"11","W2":"11","X6":"11","W6":"11","WF":"11","XH":"11","W9":"11","XP":"11","XQ":"11","XF":"11","W3":"11","XM":"11","XG":"11","W5":"11","W4":"11","XW":"11","X9":"11","X5":"11","X8":"11","XX":"11","XV":"11","W7":"11","XC":"11"},"9C":{"2Q":"11","2M":"11","3W":"11","4W":"11","3X":"11","2P":"11","3V":"11","4X":"11"},"9H":{"7R":"11","6F":"11","6J":"11","6H":"11","7M":"11","7Q":"11","7H":"11","7P":"11","6G":"11","7J":"11","6M":"11","6P":"11"},"82":{"44":"11","7P":"11","6P":"11","8P":"11","6C":"11","54":"11","7Q":"11","7W":"11","7R":"11","7V":"11","58":"11","6M":"11","7M":"11","43":"11","8Q":"11","57":"11","5C":"11","59":"11","7F":"2|11","8X":"11","6H":"11","6F":"11|2","6J":"11","55":"11","6G":"11","7X":"11","69":"11","42":"11","45":"11","8W":"11","53":"11","56":"11"},"9G":{"52":"11"},"89":{"VW":"11","X7":"11","X4":"11","W8":"11","WC":"11","WP":"11","WQ":"11","X6":"11","W6":"11","WH":"11","WF":"11","XH":"11","WW":"11","W9":"11","X3":"11","VR":"11","WM":"11","XF":"11","WR":"11","WV":"11","XG":"11","VQ":"11","X9":"11","X5":"11","X8":"11","VV":"11","WG":"11","VX":"11","X2":"11","WJ":"11","WX":"11","W7":"11","XC":"11"},"86":{"VX":"11","VW":"11","Q9":"11","VV":"11","RP":"11","Q6":"11","QF":"11","VR":"11","RM":"11","RF":"11","RQ":"11","QC":"11","RG":"11","P2":"11","RH":"11","P3":"11","Q4":"11","RC":"11","QH":"11","RV":"11","Q8":"11","Q7":"11","Q2":"11","QG":"11","RR":"11","RW":"11","Q3":"11","Q5":"11","RJ":"11"},"85":{"M7":"11","M8":"11","PV":"11","M5":"11","QX":"11","PM":"11","J2":"11","MF":"11","PH":"11","J4":"11","PX":"11","M6":"11","M4":"11","PQ":"11","PR":"11","J3":"11","MG":"11","PJ":"11","PP":"11","PG":"11","PW":"11","M9":"11","MJ":"11","MC":"11","M3":"11","MH":"11","J5":"11"},"84":{"GC":"11","G8":"11","HM":"11","JW":"11","HG":"11","HJ":"11","HP":"11","G5":"11","G4":"11","JM":"11","JV":"11","JP":"11","HF":"11","G3":"11","G9":"11","G7":"11","HC":"11","JQ":"11","H9":"11","H8":"11","JX":"11","HQ":"11","F2":"11","HH":"11","G6":"11","G2":"11","JR":"11"},"83":{"99":"11","85":"11","96":"11","CF":"11","84":"11","83":"11","9G":"11","FX":"11","FW":"11","CG":"11","CM":"11","86":"11","CQ":"11","FQ":"11","CH":"11","9C":"11","GX":"11","FV":"11","98":"11","97":"11","CJ":"11","CP":"11","9F":"11","82":"11","FR":"11","FP":"11"},"8C":{"V3":"11","R5":"11","V4":"11","R8":"11","R9":"11","RC":"11","RG":"11","R6":"11","V2":"11","RF":"11","V6":"11","R7":"11","RJ":"11","V5":"11","V7":"11","RH":"11"},"99":{"24":"11","25":"11"},"98":{"2X":"11","2V":"11"}},"XJ":{"F2":{"M5":"11","Q4":"11","P3":"11","P5":"11","Q2":"11","P6":"11","Q3":"11","P4":"11"}},"JF":{"VW":{"W2":"11","X2":"11","V2":"11"},"XW":{"G8":"11","XJ":"11","66":"11","96":"11","J9":"11","36":"11","MF":"11","WH":"11","34":"11","87":"11","25":"11","VG":"11","35":"11","86":"11","PF":"11","46":"11","C7":"11","RG":"11","PC":"11","76":"11","G9":"11","G7":"11","QG":"11","PG":"11","H9":"11","H8":"11","VH":"11","24":"11","F7":"11","97":"11","WJ":"11","MC":"11","56":"11"},"VV":{"VX":"11","MX":"11","QW":"11","RX":"11","JR":"11","MV":"11","HR":"11","QX":"11","PX":"11","MW":"11","PW":"11","JW":"11","MR":"11"},"2Q":{"FR":"11","MP":"11","PM":"11","CR":"11","7R":"11","7V":"11","GQ":"11","HP":"11","QM":"11","CQ":"11","JP":"11","FQ":"11","9R":"11","PP":"11","HQ":"11","8R":"11"},"MV":{"Q4":"11","P3":"11","Q3":"11"},"WV":{"6X":"11","9X":"11","FX":"11","2X":"11","CX":"11","7X":"11","8X":"11","3X":"11"},"RV":{"7R":"11","2R":"11","JP":"11","6V":"11","2W":"11","8R":"11","5V":"11","9Q":"11","FQ":"11","6R":"11","HP":"11","4V":"11","CQ":"11","PM":"11","GP":"11","9R":"11","PP":"11","2V":"11","3V":"11","GQ":"11","MP":"11"},"QV":{"XR":"11","5H":"11","MM":"11","FH":"11","RP":"11","HM":"11","CH":"11","WQ":"11","PM":"11","4H":"11","2H":"11","HJ":"11","XQ":"11","WR":"11","2G":"11","8H":"11","JM":"11","6H":"11","RQ":"11","VQ":"11","GJ":"11","7H":"11","9H":"11","PP":"11","QP":"11","FJ":"11","XV":"11","3H":"11"},"8R":{"XC":"11","X9":"11","V9":"11","W9":"11","R9":"11"},"WW":{"V4":"11","62":"11","Q3":"11","P4":"11","42":"11","Q4":"11","32":"11","G2":"11","Q5":"11","J3":"11","W4":"11","H2":"11","52":"11","72":"11","J2":"11","M3":"11","H3":"11","R3":"11","P3":"11","22":"11","F2":"11","X4":"11","R4":"11"}},"6P":{"CC":{"RJ":"11"}},"Q8":{"R4":{"C4":"2|11","C5":"2|11","F5":"2|11","96":"2","G4":"11","C6":"2","95":"2","F4":"2|11","94":"2"}},"Q7":{"C8":{"2P":"11","66":"11","2J":"11","47":"11","2M":"11","82":"11","58":"11","39":"11","74":"11","73":"11","48":"11","57":"11","65":"11","64":"11","3G":"11","3C":"11","49":"11","72":"11","3J":"11","3H":"11","2Q":"11","56":"11","3F":"11"},"Q3":{"F9":"11","HC":"11","CC":"11","FC":"11","GC":"11","C9":"11"},"H6":{"P2":"11","P3":"11","M2":"11"},"H8":{"MX":"11","MV":"11","MW":"11"},"9C":{"R3":"11","R2":"11"},"F5":{"MX":"11","QW":"11","JX":"11","VV":"11","VR":"11","WR":"11","XQ":"11","RV":"11","PX":"11","WQ":"11","QV":"11","PW":"11","XP":"11"},"M4":{"P2":"11","P3":"11","96":"11","38":"11","67":"11","J4":"11","77":"11","58":"11","C5":"11","39":"11","Q2":"11","2C":"11","48":"11","86":"11","57":"11","C6":"11","G5":"11","G4":"11","76":"11","R2":"11","J3":"11","H4":"11","29":"11","F5":"11","95":"11","M3":"11"},"J5":{"2R":"11","38":"11","64":"11","2Q":"11","65":"11","55":"11","73":"11","3R":"11","29":"11","28":"11","46":"11","82":"11","74":"11","2V":"11","72":"11","47":"11","37":"11","3V":"11","2C":"11","56":"11","83":"11"},"M3":{"VX":"11","VW":"11","XW":"11","RX":"11","QX":"11","XV":"11","WW":"11"},"C7":{"GF":"11","GC":"11","J7":"11","CM":"11","GH":"11","FH":"11","9V":"11","H7":"11","J4":"11","CR":"11","CP":"11","FM":"11","M2":"11","8X":"11","CQ":"11","J3":"11","FP":"11","GG":"11","9R":"11","HC":"11","9W":"11","H9":"11","H8":"11","FJ":"11","8W":"11","J6":"11","M3":"11","J5":"11"},"G5":{"CC":"11","R5":"11","G9":"11","8F":"11","P6":"11","9F":"11","X7":"11","6J":"11","7G":"11","H8":"11","2Q":"11","R6":"11","3P":"11","6H":"11","V6":"11","9C":"11","G8":"11","2P":"11","5J":"11","X6":"11","Q5":"11","Q6":"11","M6":"11","8G":"11","W6":"11","7H":"11","W7":"11","H7":"11","F9":"11","M7":"11","5H":"11","3M":"11","C9":"11","J7":"11","4M":"11","4J":"11"},"P3":{"2R":"11","5Q":"11","4R":"11","3R":"11","2V":"11","3V":"11","4Q":"11"},"H5":{"WP":"11","WG":"11","X9":"11","WF":"11","9H":"11","JW":"11","8G":"11","FR":"11","38":"11","XP":"11","VM":"11","7G":"11","HW":"11","8H":"11","49":"11","27":"11","GV":"11","VJ":"11","FP":"11","9M":"11","CM":"11","4F":"11","VH":"11","JX":"11","GR":"11","CP":"11","XM":"11","WH":"11","WM":"11","XF":"11","XQ":"11","FQ":"11","XC":"11","39":"11","9J":"11","MX":"11","37":"11","7H":"11","HV":"11","4C":"11"},"C6":{"MX":"11","VP":"11","PW":"11","VQ":"11","QR":"11","WP":"11","XJ":"11","XH":"11","QW":"11","WM":"11","QV":"11","RQ":"11","PX":"11","RR":"11","VM":"11","WJ":"11"},"F6":{"F4":"11","78":"11","68":"11","96":"11","J2":"11","77":"11","2H":"11","87":"11","C5":"11","86":"11","5C":"11","59":"11","2G":"11","G4":"11","H2":"11","G3":"11","3G":"11","H3":"11","69":"11","C4":"11","4C":"11","F5":"11","95":"11","4F":"11","3F":"11"},"VM":{"WR":"11","WV":"11","XV":"11","XR":"11"},"98":{"VX":"11","VW":"11","WR":"11","XQ":"11","WV":"11","XP":"11","WW":"11","XR":"11"},"99":{"RW":"11","R5":"11","V3":"11","RM":"11","R8":"11","R9":"11","RC":"11","RG":"11","VQ":"11","R6":"11","V2":"11","RP":"11","RF":"11","VV":"11","R7":"11","RX":"11","VW":"11","RJ":"11","R2":"11","VR":"11","RQ":"11","R3":"11","RH":"11","R4":"11"},"J4":{"JP":"11","PJ":"11","QH":"11","VF":"11","WF":"11","QJ":"11","RG":"11","HQ":"11","CV":"11","VG":"11","HP":"11","GR":"11","CW":"11","PM":"11","FR":"11","FV":"11","JM":"11","MM":"11","9W":"11","9X":"11","8X":"11","GQ":"11","XC":"11","XF":"11","RH":"11","MP":"11"}},"W2":{"75":{"9P":"11","7P":"11","2M":"11","2H":"11","4P":"11","6P":"11","4M":"11","2J":"11","6M":"11","3M":"11","5M":"11","5P":"11","8P":"11"}},"7Q":{"PH":{"XX":"11","WX":"11"},"V8":{"2R":"3","2V":"3","3V":"3","3Q":"3","3R":"3"},"H8":{"HF":"11"},"H7":{"6G":"11"},"PJ":{"W2":"11","X2":"11"}},"FW":{"93":{"7G":"11","8G":"11","7F":"11"},"52":{"93":"11","84":"11","83":"11","94":"11","F4":"11","C4":"11"}},"2M":{"85":{"FX":"11","FW":"11","CX":"11"},"M5":{"V3":"11","Q3":"11","P8":"11","Q6":"11","P3":"11","J5":"11","R7":"11","W6":"11","M8":"11","Q8":"11","P5":"11","R2":"11","V6":"11","M3":"11","Q2":"11","M2":"11","M6":"11","J6":"11","R3":"11","P2":"11","J3":"11","R8":"11","V2":"11","Q4":"11","R5":"11","V5":"11","P7":"11","M7":"11","Q7":"11","V4":"11","H6":"11","W7":"11","P6":"11","V8":"11","Q5":"11","H5":"11","J4":"11","R4":"11","M4":"11","V7":"11","J7":"11","W8":"11","W4":"11","W5":"11","M5":"11","W3":"11","P4":"11","R6":"11","J8":"11"},"P3":{"PX":"11"},"86":{"C4":"11","C3":"11","H8":"11","C2":"11","G8":"11","H7":"11","G6":"11","H9":"11","MF":"11","G7":"11"},"X2":{"C6":"11","F5":"11","C5":"11","F6":"11"},"M4":{"RX":"11","XJ":"11","QX":"11","PX":"11","WH":"11","XH":"11","XM":"11","XG":"11"},"P4":{"F5":"11","9C":"11","Q3":"11","MF":"11","97":"11","P8":"11","H4":"11","CH":"11","2M":"11","2P":"11","C7":"11","Q6":"11","4G":"11","9H":"11","P3":"11","7C":"11","J5":"11","5C":"11","R7":"11","M8":"11","8G":"11","5G":"11","87":"11","Q8":"11","CF":"11","78":"11","59":"11","7G":"11","P5":"11","JG":"11","6M":"11","G6":"11","C6":"11","7F":"11","H7":"11","V6":"11","GG":"11","4J":"11","M3":"11","G4":"11","8H":"11","Q2":"11","CG":"11","2H":"11","M2":"11","PC":"11","M6":"11","G8":"11","HC":"11","H3":"11","3G":"11","J6":"11","F7":"11","F6":"11","88":"11","4M":"11","P2":"11","3F":"11","P9":"11","89":"11","J3":"11","8C":"11","R8":"11","9M":"11","Q9":"11","3J":"11","4F":"11","8M":"11","9G":"11","HF":"11","98":"11","6G":"11","4H":"11","6C":"11","8J":"11","5H":"11","3M":"11","Q4":"11","96":"11","R5":"11","JF":"11","F9":"11","P7":"11","M7":"11","Q7":"11","5J":"11","H6":"11","P6":"11","FG":"11","V8":"11","8F":"11","6J":"11","Q5":"11","M9":"11","H5":"11","J4":"11","7J":"11","R4":"11","7M":"11","M4":"11","FJ":"11","C8":"11","9F":"11","CC":"11","F8":"11","5F":"11","V7":"11","J7":"11","CJ":"11","R9":"11","3C":"11","6F":"11","GC":"11","G7":"11","5M":"11","FF":"11","2F":"11","C9":"11","JC":"11","99":"11","H8":"11","2J":"11","GF":"11","9J":"11","H9":"11","C5":"11","G5":"11","2G":"11","M5":"11","J9":"11","MC":"11","GH":"11","69":"11","7H":"11","FH":"11","P4":"11","HG":"11","R6":"11","3H":"11","6H":"11","68":"11","J8":"11","FC":"11","79":"11","4C":"11","G9":"11"}},"PH":{"Q7":{"QR":"11"}},"MF":{"MJ":{"9P":"11","FM":"11","GM":"11","9Q":"11","CP":"11","FP":"11"},"6W":{"5G":"11","8F":"11","2H":"11","5F":"11","3H":"11","3G":"11","6F":"11","4G":"11","9F":"11","7F":"11"},"QH":{"X5":"11","X6":"11"},"2W":{"2M":"11","2J":"11","5X":"11","2P":"11","4X":"11"},"RG":{"9V":"11","8V":"11","HM":"11","7W":"11","CR":"11","CV":"11","9X":"11","GQ":"11","6X":"11","HP":"11","CW":"11","JM":"11","CQ":"11","FP":"11","JP":"11","FQ":"11","9R":"11","9W":"11","HQ":"11","7X":"11","8W":"11","GP":"11"},"HJ":{"RM":"11","RP":"11","XJ":"11","QP":"11","WM":"11","XM":"11","VM":"11","WJ":"11"},"2X":{"X7":"11","P6":"11","83":"11","Q7":"11","93":"11","M6":"11","73":"11","P7":"11","63":"11","R7":"11","72":"11","V7":"11","94":"11","J6":"11","62":"11","W7":"11","J5":"11"},"5W":{"6V":"11","RJ":"11","MP":"11","XJ":"11","3W":"11","PM":"11","CR":"11","7R":"11","XH":"11","7V":"11","4W":"11","GQ":"11","HP":"11","QM":"11","2X":"11","CQ":"11","JP":"11","FQ":"11","9R":"11","2W":"11","PP":"11","4V":"11","HQ":"11","VJ":"11","5V":"11","8R":"11","WJ":"11","RM":"11","VM":"11"},"3X":{"37":"11","F8":"11","G8":"11","RF":"11","C9":"11","99":"11","J9":"11","47":"11","MF":"11","WF":"11","58":"11","VF":"11","48":"11","XF":"11","PF":"11","C8":"11","59":"11","RG":"11","MG":"11","89":"11","QG":"11","PG":"11","H9":"11","H8":"11","98":"11","69":"11","JC":"11","27":"11","MC":"11","79":"11","XC":"11"},"7W":{"64":"11","C2":"11","73":"11","G2":"11","92":"11","93":"11","75":"11","74":"11","H2":"11","F2":"11","83":"11","53":"11"},"4W":{"VX":"11","XX":"11","WX":"11"},"7V":{"HX":"11","PW":"11","JW":"11","JX":"11","MW":"11","GX":"11","HW":"11","FX":"11"},"RH":{"34":"11","44":"11","24":"11","25":"11","92":"11","62":"11","52":"11","43":"11","53":"11"},"4X":{"78":"11","68":"11","P3":"11","F6":"11","W2":"11","J4":"11","77":"11","58":"11","87":"11","Q2":"11","39":"11","2C":"11","M4":"11","C6":"11","G5":"11","59":"11","V2":"11","C7":"11","88":"11","R2":"11","Q3":"11","R3":"11","3C":"11","P4":"11","49":"11","H5":"11","69":"11","97":"11","G6":"11","J5":"11"}},"P8":{"8J":{"CR":"11","CQ":"11","8R":"11","GX":"11","GQ":"11","7Q":"11","P8":"11","FW":"11","JW":"11","M8":"11","FR":"11","HW":"11","7R":"11","GG":"11","7P":"11","FM":"11","GV":"11","HX":"11","HC":"11","JV":"11","9M":"11","CM":"11","9P":"11","8M":"11","HF":"11","9R":"11","JX":"11","GW":"11","P7":"11","GR":"11","CP":"11","M9":"11","MV":"11","FJ":"11","CJ":"11","FV":"11","CV":"11","8Q":"11","FQ":"11","9Q":"11","JC":"11","MX":"11","MW":"11","9V":"11","J9":"11","GH":"11","8V":"11","HR":"11","GJ":"11","8P":"11","HG":"11","HV":"11"},"78":{"XW":"11","XJ":"11","XX":"11","XQ":"11","XF":"11","XV":"11","XH":"11","XP":"11","XM":"11","XG":"11","XR":"11"},"9Q":{"2W":"11","2Q":"11","2X":"11","2R":"11","2V":"11","2P":"11"},"88":{"2W":"11","2X":"11"},"8M":{"QW":"11","RX":"11","M7":"11","M8":"11","QV":"11","M5":"11","P2":"11","QR":"11","QQ":"11","QX":"11","PM":"11","J2":"11","PH":"11","J4":"11","M6":"11","M4":"11","QM":"11","PF":"11","M2":"11","P9":"11","PC":"11","H2":"11","J3":"11","PJ":"11","P4":"11","RW":"11","PG":"11","RV":"11","M9":"11","QP":"11","J6":"11","MC":"11","M3":"11","QJ":"11","J5":"11"},"73":{"FP":"11","CV":"11","CQ":"11","CW":"11","PM":"11","FM":"11","CR":"11","QM":"11","JM":"11","MM":"11","GM":"11","HM":"11","CX":"11","CP":"11"},"VW":{"H6":"11"},"8H":{"PR":"11","PV":"11","HX":"11","GW":"11","JW":"11","PQ":"11","JX":"11","GR":"11","HV":"11","MW":"11","MV":"11","GV":"11","HW":"11"},"9R":{"23":"11","38":"11","4C":"11","5V":"11","33":"11","4R":"11","4P":"11","4V":"11","49":"11","5W":"11","4G":"11","4W":"11","35":"11","37":"11","4Q":"11","36":"11","22":"11","39":"11","4H":"11","34":"11","5X":"11","4M":"11","4J":"11","3C":"11","4F":"11","4X":"11"},"9P":{"2R":"11","3F":"11","48":"11","2F":"11","2G":"11","3G":"11","2Q":"11","2P":"11","49":"11","2M":"11","68":"11","39":"11","2C":"11","2H":"11","67":"11","58":"11","3C":"11","2J":"11"},"75":{"G9":"11","HR":"11","HX":"11","GC":"11","H8":"11","HQ":"11","HJ":"11","GJ":"11","G8":"11","G2":"11","HP":"11","HV":"11","GP":"11","GF":"11","G4":"11","G6":"11","GM":"11","GH":"11","G5":"11","G3":"11","HW":"11","HM":"11","HH":"11","GG":"11","G7":"11"},"74":{"FR":"11","GX":"11","FG":"11","C9":"11","FH":"11","FF":"11","GV":"11","C2":"11","GQ":"11","C5":"11","GW":"11","FM":"11","GR":"11","C6":"11","C8":"11","C3":"11","C7":"11","FP":"11","FC":"11","FQ":"11","F9":"11","FJ":"11","C4":"11"},"76":{"H4":"11","J9":"11","R9":"11","RC":"11","H6":"11","HC":"11","JC":"11","H8":"11","VC":"11","V9":"11","H2":"11","H7":"11","H3":"11","H9":"11","H5":"11","QC":"11","PC":"11","MC":"11"},"8Q":{"X7":"11","XJ":"11","X4":"11","W8":"11","WC":"11","X6":"11","W6":"11","XH":"11","W9":"11","X3":"11","XP":"11","XQ":"11","XF":"11","XM":"11","XG":"11","W5":"11","X9":"11","X5":"11","X8":"11","X2":"11","W7":"11","XC":"11"},"9W":{"GX":"11","P6":"11","Q5":"11","Q4":"11","MF":"11","P8":"11","Q2":"11","HP":"11","P5":"11","P9":"11","PC":"11","Q6":"11","JM":"11","R2":"11","JJ":"11","MG":"11","JP":"11","Q3":"11","P7":"11","R3":"11","JH":"11","HR":"11","HQ":"11","MC":"11","MH":"11"},"8P":{"XW":"11","XX":"11","V3":"11","V4":"11","XQ":"11","V2":"11","XR":"11","W3":"11","R2":"11","Q2":"11","XV":"11","R3":"11"},"89":{"GX":"11","3X":"11","HW":"11","3W":"11","3P":"11","JW":"11","26":"11","2H":"11","3V":"11","22":"11","25":"11","2C":"11","23":"11","28":"11","2G":"11","JV":"11","MV":"11","3G":"11","3Q":"11","3M":"11","29":"11","HX":"11","24":"11","3J":"11","27":"11","3H":"11","3R":"11","2F":"11"},"9X":{"HJ":"11","CR":"11","G3":"11","MF":"11","CQ":"11","GX":"11","CW":"11","FW":"11","PF":"11","FR":"11","HH":"11","HW":"11","HM":"11","JG":"11","G6":"11","H7":"11","MG":"11","G4":"11","PC":"11","F3":"11","GV":"11","G8":"11","HX":"11","HC":"11","F2":"11","P9":"11","FP":"11","Q9":"11","GM":"11","G2":"11","GW":"11","JF":"11","GR":"11","JH":"11","H6":"11","FX":"11","M9":"11","FV":"11","CV":"11","G7":"11","FQ":"11","JC":"11","H8":"11","H9":"11","G5":"11","JJ":"11","J9":"11","GJ":"11","HG":"11","G9":"11","GP":"11"},"9V":{"QX":"11","58":"11","44":"11","VR":"11","7C":"11","5C":"11","W6":"11","42":"11","VM":"11","56":"11","59":"11","RW":"11","RV":"11","V9":"11","7F":"11","RQ":"11","55":"11","49":"11","VG":"11","VJ":"11","RR":"11","89":"11","VP":"11","8C":"11","4F":"11","VH":"11","VQ":"11","48":"11","54":"11","VF":"11","RH":"11","43":"11","RM":"11","VC":"11","W7":"11","52":"11","57":"11","V8":"11","RX":"11","RP":"11","RJ":"11","X6":"11","47":"11","5F":"11","W8":"11","45":"11","6F":"11","53":"11","99":"11","46":"11","4C":"11","RG":"11"},"8C":{"44":"11","68":"11","32":"11","67":"11","47":"11","77":"11","58":"11","43":"11","F3":"11","48":"11","86":"11","57":"11","46":"11","33":"11","C3":"11","76":"11","42":"11","C4":"11","85":"11","45":"11","94":"11","F2":"11","95":"11","G2":"11"}},"QC":{"VW":{"X7":"11","W7":"11","X6":"11"},"22":{"XW":"11","XX":"11","XQ":"11","XV":"11","XP":"11","XM":"11","XR":"11"},"WW":{"27":"11","26":"11"},"32":{"2R":"11","5Q":"11","2W":"11","3W":"11","2Q":"11","3P":"11","4R":"11","2P":"11","4P":"11","3R":"11","4V":"11","3Q":"11","2M":"11","3J":"11","2V":"11","3V":"11","4Q":"11","3M":"11","2J":"11"}},"XH":{"HQ":{"CV":"11"}},"CC":{"XV":{"CF":"11","9G":"11","F9":"11","CC":"11","FC":"11","G9":"11","FF":"11","GC":"11","9F":"11"}},"Q2":{"VX":{"XV":"11"},"QJ":{"PW":"11"},"WX":{"GW":"11","GV":"11"}},"PF":{"33":{"34":"11","35":"11","33":"11","42":"11","27":"11","25":"11","43":"11","26":"11"},"24":{"7X":"11","67":"11"},"HG":{"GP":"11","CM":"11","CP":"11","HP":"11","FP":"11"},"25":{"CP":"11"},"GF":{"5R":"11","5W":"11","5V":"11"},"3Q":{"9R":"11","HR":"11","FV":"11","HV":"11"},"32":{"6W":"11","C8":"11","6V":"11","5V":"11","6R":"11","7M":"11","5W":"11","7Q":"11","6Q":"11","7P":"11","C7":"11","6P":"11","5X":"11","4X":"11"},"23":{"QH":"11","VF":"11","W9":"11","WF":"11","X7":"11","QJ":"11","X8":"11","RG":"11","JR":"11","MQ":"11","GW":"11","VC":"11","PQ":"11","VG":"11","FW":"11","X9":"11","MR":"11","PM":"11","RJ":"11","HV":"11","W8":"11","QM":"11","PP":"11","JV":"11","WC":"11","HW":"11","RH":"11","MP":"11","FX":"11"},"26":{"69":"11"}},"R5":{"99":{"X7":"11","X8":"11","X9":"11","X6":"11","X2":"11","XV":"11","X3":"11","X4":"11","X5":"11"},"CV":{"Q6":"11","Q4":"11","Q7":"11","Q2":"11","Q3":"11","Q5":"11"},"CC":{"FR":"11"},"C8":{"2W":"11","2Q":"11","2X":"11","2R":"11","2V":"11","2P":"11"},"98":{"XW":"11","XX":"11","XV":"11","XR":"11"},"C9":{"2W":"11","8V":"11","2V":"11","22":"11"}},"P9":{"CC":{"J8":"11","QW":"11","RX":"11","M7":"11","M8":"11","P6":"11","QV":"11","J7":"11","M5":"11","P2":"11","QR":"11","P3":"11","QQ":"11","PM":"11","QH":"11","PH":"11","P8":"11","M6":"11","M4":"11","PF":"11","P5":"11","QM":"11","P9":"11","PC":"11","P7":"11","PJ":"11","P4":"11","RW":"11","PG":"11","RV":"11","M9":"11","QP":"11","J6":"11","QJ":"11"},"C4":{"2M":"11","6P":"11","4M":"11","6M":"11","3M":"11","5M":"11","3P":"11"},"C8":{"VW":"11","9G":"11","78":"11","7C":"11","XJ":"11","66":"11","WP":"11","75":"11","67":"11","52":"11","77":"11","VR":"11","WM":"11","65":"11","7F":"11","64":"11","76":"11","8C":"11","VQ":"11","89":"11","8G":"11","VV":"11","63":"11","VX":"11","8F":"11","WJ":"11","53":"11","62":"11","79":"11","VP":"11","VM":"11"},"Q3":{"2C":"11","2F":"11"},"M5":{"64":"11","R6":"11","Q6":"11","M6":"11","54":"11","74":"11","F7":"11","63":"11","G6":"11","F6":"11","G7":"11","53":"11"},"C2":{"68":"11","66":"11","RF":"11","WC":"11","38":"11","67":"11","QH":"11","WF":"11","58":"11","RH":"11","39":"11","VF":"11","28":"11","59":"11","RG":"11","29":"11","49":"11","VC":"11"},"97":{"V3":"11","V4":"11","X7":"11","X8":"11","V2":"11","X6":"11","X9":"11","W3":"11","W8":"11","W4":"11","W6":"11","W7":"11","XC":"11","W5":"11"},"FH":{"5J":"11","6P":"11","2J":"11","3P":"11","5Q":"11","26":"11","2H":"11","22":"11","25":"11","5P":"11","2C":"11","23":"11","28":"11","5M":"11","2G":"11","4Q":"11","4M":"11","3M":"11","29":"11","24":"11","4P":"11","3J":"11","27":"11","2F":"11"},"F5":{"Q9":"11","V9":"11","VC":"11","P9":"11","R9":"11"},"CF":{"V3":"11","V4":"11","W9":"11","WF":"11","XQ":"11","V2":"11","V6":"11","XR":"11","XJ":"11","WG":"11","XH":"11","R2":"11","W8":"11","W6":"11","W7":"11","XV":"11","V5":"11","XG":"11","R3":"11","XP":"11","WC":"11","XM":"11","V7":"11"},"FF":{"2W":"11","2X":"11","2R":"11","2V":"11"},"92":{"P6":"11","Q5":"11","W8":"11","M5":"11","Q7":"11","J2":"11","J4":"11","M6":"11","M4":"11","V8":"11","R6":"11","P5":"11","Q6":"11","H2":"11","J3":"11","P7":"11","X8":"11","P4":"11","H3":"11","R7":"11","V7":"11","G2":"11","M3":"11"},"F8":{"2M":"11","2J":"11"},"96":{"J8":"11","RX":"11","VW":"11","J7":"11","QR":"11","H7":"11","QQ":"11","RR":"11","J9":"11","PM":"11","MF":"11","PH":"11","J4":"11","QM":"11","H2":"11","RQ":"11","MG":"11","H4":"11","PJ":"11","RW":"11","PG":"11","RV":"11","H5":"11","VX":"11","H3":"11","QP":"11","JC":"11","J6":"11","H6":"11","MC":"11","MH":"11","J5":"11"},"GX":{"QW":"11","RQ":"11","RV":"11","QX":"11","QV":"11","QR":"11","RR":"11","VQ":"11"},"C7":{"2F":"11","5V":"11","2G":"11","3P":"11","4R":"11","4P":"11","4V":"11","5W":"11","3H":"11","3J":"11","4W":"11","4Q":"11","3M":"11","2H":"11","2C":"11","5X":"11","4M":"11"},"95":{"P2":"11","M8":"11","JP":"11","J9":"11","HR":"11","JQ":"11","HX":"11","JC":"11","JF":"11","M2":"11","M5":"11","JJ":"11","JR":"11","HQ":"11","JH":"11","HP":"11","M4":"11","HV":"11","M6":"11","JM":"11","M3":"11","J6":"11","M7":"11","JV":"11","HW":"11","JG":"11","J8":"11","J7":"11"},"C9":{"QW":"11","V4":"11","RJ":"11","QV":"11","RC":"11","V5":"11","RF":"11","QR":"11","R8":"11","QQ":"11","QX":"11","PX":"11","RH":"11","V8":"11","QM":"11","V2":"11","RG":"11","PW":"11","QP":"11","R7":"11","V6":"11","R9":"11","V7":"11","V3":"11","QJ":"11"},"FG":{"2P":"11","2J":"11","2M":"11","26":"11","2H":"11","22":"11","25":"11","2C":"11","23":"11","28":"11","2X":"11","2G":"11","2V":"11","29":"11","2W":"11","2R":"11","24":"11","27":"11","2Q":"11","2F":"11"},"94":{"MP":"11","PV":"11","MM":"11","WP":"11","RP":"11","HM":"11","PM":"11","PX":"11","HJ":"11","GM":"11","GQ":"11","XP":"11","HP":"11","WM":"11","QM":"11","MW":"11","XM":"11","PR":"11","JM":"11","JJ":"11","JP":"11","MV":"11","PJ":"11","JQ":"11","HQ":"11","PW":"11","MX":"11","GP":"11","MQ":"11","MR":"11","MJ":"11","RM":"11","VP":"11","QJ":"11","VM":"11"}},"C7":{"GJ":{"PJ":"11"},"HM":{"83":"11","73":"11","82":"11"},"HJ":{"VF":"11","2F":"11","J9":"11","VP":"11","2G":"11","JC":"11","3G":"11","WH":"11","WP":"11","XJ":"11","WG":"11","VG":"11","P9":"11","WM":"11","M9":"11","VM":"11","WJ":"11","MC":"11"}},"PC":{"8W":{"CC":"11","38":"11","J9":"11","59":"11","HC":"11","JC":"11","GC":"11","CF":"11","FF":"11","49":"11","28":"11","P9":"11","GF":"11","HF":"11","M9":"11","Q9":"11","39":"11","PC":"11","MC":"11"},"6X":{"FH":"11","9P":"11","9M":"11","8P":"11","CJ":"11","GH":"11","CM":"11","GG":"11","FJ":"11"},"7W":{"M8":"11","JC":"11","JF":"11","HG":"11","6J":"11","8M":"11","Q7":"11","FH":"11","4P":"11","5J":"11","7M":"11","P8":"11","HF":"11","9M":"11","M9":"11","P7":"11","CJ":"11","GH":"11","5P":"11","5M":"11","6M":"11","GG":"11","MC":"11","FJ":"11","9J":"11"},"CV":{"6J":"11","5J":"11","2M":"11","3J":"11","7J":"11","2J":"11","4J":"11"},"GV":{"3X":"11"},"9V":{"WM":"11","RM":"11","QM":"11","VM":"11","PP":"11","QP":"11","XM":"11"},"G2":{"R5":"11","R3":"11","Q4":"11","Q2":"11","R4":"11","Q3":"11","R2":"11"}},"R2":{"63":{"CQ":"11","9Q":"11"}},"MG":{"MF":{"V2":"11"}},"JP":{"3V":{"9M":"11","CM":"11","9J":"11","CJ":"11"}},"HF":{"RP":{"QW":"11","VV":"11","VR":"11","PV":"11","QV":"11"},"WR":{"V6":"11","V7":"11","R7":"11","X6":"11","W6":"11"},"3M":{"MQ":"11","PR":"11","MR":"11"},"VQ":{"CC":"11","JP":"11","JQ":"11","HJ":"11","GJ":"11","MQ":"11","GM":"11","GH":"11","C9":"11","HM":"11"},"2G":{"2C":"11"}},"FC":{"5Q":{"8M":"11","9M":"11","RF":"11","WC":"11","6P":"11","GH":"11","FH":"11","3P":"11","WF":"11","9J":"11","6M":"11","7M":"11","5P":"11","VF":"11","5M":"11","8J":"11","MG":"11","GJ":"11","JG":"11","QF":"11","JH":"11","3Q":"11","QG":"11","PG":"11","FJ":"11","CJ":"11","4P":"11","HH":"11","2Q":"11","XC":"11","MH":"11"},"8M":{"VX":"11","MX":"11","JX":"11","RX":"11","XX":"11","QX":"11","PX":"11","WX":"11"},"4R":{"C3":"11","38":"11","48":"11","66":"11","65":"11","G2":"11","29":"11","28":"11","93":"11","75":"11","F3":"11","H2":"11","57":"11","47":"11","85":"11","84":"11","56":"11","F2":"11","94":"11"},"3R":{"FR":"11","6W":"11","MM":"11","WC":"11","9V":"11","8V":"11","HM":"11","7W":"11","QH":"11","PH":"11","CR":"11","WF":"11","7V":"11","GQ":"11","VF":"11","VG":"11","HP":"11","RG":"11","JM":"11","CQ":"11","X9":"11","FQ":"11","9R":"11","PJ":"11","QG":"11","GP":"11","MJ":"11","XC":"11"},"7Q":{"RM":"11","QM":"11","PP":"11","QP":"11"},"9P":{"C4":"11","C3":"11","C8":"11","62":"11","2F":"11","C5":"11","2G":"11","H6":"11","42":"11","H8":"11","G8":"11","2P":"11","F5":"11","92":"11","2M":"11","93":"11","82":"11","F8":"11","J5":"11","52":"11","H7":"11","72":"11","J6":"11","G5":"11","H5":"11","J7":"11","F4":"11","G7":"11","2J":"11"},"6Q":{"78":"11","68":"11","P3":"11","96":"11","F6":"11","W2":"11","J4":"11","77":"11","58":"11","87":"11","39":"11","Q2":"11","2C":"11","M4":"11","C6":"11","G5":"11","59":"11","V2":"11","C7":"11","R2":"11","Q3":"11","R3":"11","H4":"11","29":"11","3C":"11","P4":"11","49":"11","H5":"11","97":"11","F5":"11","G6":"11","M3":"11","J5":"11"},"9M":{"2X":"11","3X":"11","5X":"11","4X":"11"},"8Q":{"F4":"11","F8":"11","P2":"11","C9":"11","P3":"11","F6":"11","J2":"11","CC":"11","Q2":"11","V2":"11","C7":"11","R2":"11","H2":"11","J3":"11","FC":"11","Q3":"11","R3":"11","CF":"11","F9":"11","F7":"11","F5":"11","CG":"11","M3":"11"},"2V":{"96":"11","C6":"11","86":"11","G6":"11","H5":"11","G5":"11","F6":"11"},"7P":{"9M":"11","X7":"11","W8":"11","JF":"11","GH":"11","CM":"11","8P":"11","R8":"11","3W":"11","7Q":"11","X6":"11","MF":"11","HG":"11","QC":"11","3V":"11","FM":"11","8Q":"11","V8":"11","PF":"11","2X":"11","PC":"11","5R":"11","MG":"11","9P":"11","GJ":"11","JG":"11","2W":"11","4V":"11","Q9":"11","FJ":"11","6Q":"11","R9":"11","5V":"11","6R":"11","HH":"11","W7":"11"},"8P":{"XJ":"11","P2":"11","83":"11","54":"11","93":"11","36":"11","J2":"11","C2":"11","26":"11","XH":"11","F3":"11","74":"11","73":"11","35":"11","XF":"11","M2":"11","XM":"11","C3":"11","64":"11","XG":"11","H2":"11","55":"11","VX":"11","45":"11","84":"11","F2":"11","G2":"11"},"4Q":{"HX":"11","JX":"11","VR":"11","WR":"11","XQ":"11","RV":"11","PV":"11","WQ":"11","MW":"11","QV":"11","PW":"11","RR":"11","JW":"11","XR":"11"},"6P":{"VX":"11","XW":"11","XX":"11","WX":"11"}},"QF":{"C7":{"F5":"11"},"JV":{"X5":"11","X7":"11","X6":"11","X8":"11"},"MV":{"28":"11","27":"11"},"HM":{"W2":"11","X2":"11"},"HJ":{"XX":"11"}},"P7":{"MJ":{"22":"11"},"PG":{"HW":"11","WP":"11","GV":"11","RP":"11","QQ":"11","WQ":"11","FW":"11","VR":"11","GW":"11","CX":"11","FX":"11","WR":"11","PQ":"11","PR":"11","JV":"11","RQ":"11","HV":"11","VQ":"11","MV":"11","RV":"11","VV":"11","MR":"11","VP":"11","JR":"11"},"FP":{"PR":"11","RM":"11","MX":"11","PV":"11","QQ":"11","WH":"11","QR":"11","VJ":"11","RP":"11","WG":"11","QP":"11","JX":"11","XH":"11","MW":"11","MV":"11","RQ":"11","XG":"11","XF":"11","VM":"11","WJ":"11"},"PH":{"93":"11","83":"11","37":"11","28":"11","64":"11","C2":"11","36":"11","73":"11","46":"11","27":"11","45":"11","54":"11","55":"11","92":"11","65":"11","82":"11","74":"11"},"FQ":{"5H":"11","5J":"11","4R":"11","7C":"11","99":"11","5G":"11","F6":"11","J2":"11","3V":"11","6M":"11","C6":"11","G5":"11","5M":"11","7F":"11","C7":"11","G4":"11","8C":"11","2V":"11","H2":"11","J3":"11","89":"11","6F":"11","G3":"11","G7":"11","H4":"11","4V":"11","6G":"11","H5":"11","2R":"11","98":"11","H3":"11","F7":"11","97":"11","G6":"11","H6":"11","3R":"11"},"JJ":{"CC":"11","R5":"11","V3":"11","V4":"11","G9":"11","8F":"11","P6":"11","9F":"11","Q4":"11","7G":"11","H8":"11","3P":"11","6H":"11","9C":"11","G8":"11","2P":"11","5J":"11","W3":"11","Q5":"11","M6":"11","2M":"11","FC":"11","X2":"11","8G":"11","7H":"11","H7":"11","F9":"11","M7":"11","5H":"11","6G":"11","X3":"11","P5":"11","3M":"11","C9":"11","J7":"11","4M":"11","4J":"11","W2":"11","R4":"11"},"HJ":{"MX":"11","QW":"11","VV":"11","VR":"11","WR":"11","XQ":"11","RV":"11","QX":"11","PX":"11","WQ":"11","RW":"11","XP":"11"},"HP":{"22":"11"},"CQ":{"VX":"11","XW":"11","XV":"11","WW":"11","WX":"11","XR":"11"},"GP":{"66":"11","83":"11","38":"11","47":"11","J2":"11","82":"11","39":"11","74":"11","73":"11","2C":"11","48":"11","57":"11","M2":"11","65":"11","V2":"11","64":"11","H2":"11","J3":"11","92":"11","29":"11","3C":"11","55":"11","H3":"11","X2":"11","F2":"11","2F":"11","56":"11"},"CR":{"M8":"11","7R":"11","P6":"11","J9":"11","8R":"11","8J":"11","HC":"11","GC":"11","8M":"11","Q4":"11","V2":"11","FH":"11","7M":"11","Q5":"11","M6":"11","7Q":"11","R2":"11","GF":"11","9M":"11","7V":"11","7P":"11","8P":"11","M7":"11","CJ":"11","H9":"11","R3":"11","P5":"11","J8":"11","FG":"11","CH":"11","GG":"11","R4":"11","9J":"11"},"8X":{"9G":"11","RJ":"11","7G":"11","MM":"11","GH":"11","FH":"11","CH":"11","PM":"11","HJ":"11","RH":"11","VG":"11","QM":"11","RG":"11","8H":"11","JJ":"11","GJ":"11","8G":"11","7H":"11","9H":"11","VH":"11","FJ":"11","MJ":"11","QJ":"11"},"GM":{"XR":"11","VW":"11","GX":"11","XJ":"11","PV":"11","WP":"11","QR":"11","RR":"11","WQ":"11","FW":"11","XH":"11","9X":"11","GW":"11","CX":"11","XQ":"11","WM":"11","MW":"11","XM":"11","FX":"11","CW":"11","PR":"11","XW":"11","MV":"11","XX":"11","RW":"11","RV":"11","JX":"11","PW":"11","VX":"11","MX":"11","XV":"11","WJ":"11"},"MH":{"X8":"11","HJ":"11","MH":"11","8R":"11","7Q":"11","5W":"11","QF":"11","PF":"11","HH":"11","2X":"11","5V":"11","7R":"11","JG":"11","RF":"11","V9":"11","MG":"11","3X":"11","FM":"11","6V":"11","CM":"11","9P":"11","W9":"11","4V":"11","GM":"11","4W":"11","PG":"11","3W":"11","JH":"11","6R":"11","RC":"11","VC":"11","CP":"11","QC":"11","W8":"11","X7":"11","8Q":"11","9Q":"11","GJ":"11"},"HM":{"P2":"11","C4":"11","H4":"11","3F":"11","4C":"11","87":"11","2W":"11","C5":"11","78":"11","2G":"11","3G":"11","M2":"11","77":"11","F5":"11","2X":"11","J3":"11","96":"11","76":"11","G4":"11","J2":"11","M3":"11","H3":"11","68":"11","G3":"11","86":"11","95":"11","2H":"11","F4":"11","4F":"11"}},"6J":{"F5":{"2Q":"11","2M":"11","2J":"11","2P":"11"},"C5":{"QH":"11","G9":"11","PF":"11","J9":"11","PG":"11","78":"11","HC":"11","JC":"11","88":"11","MG":"11","77":"11","VJ":"11","XJ":"11","46":"11","57":"11","F9":"11","H9":"11","XP":"11","VH":"11","XM":"11","MF":"11","36":"11","QG":"11","C9":"11","RH":"11","67":"11","56":"11","99":"11","98":"11","WJ":"11","MC":"11"}},"R3":{"7R":{"F4":"11","GF":"11","G8":"11","GC":"11","HM":"11","F6":"11","C2":"11","JW":"11","HG":"11","HJ":"11","F3":"11","HP":"11","C3":"11","JV":"11","GG":"11","HF":"11","JP":"11","G9":"11","G7":"11","JQ":"11","JX":"11","HQ":"11","MX":"11","F7":"11","F5":"11","HH":"11","F2":"11","G6":"11","JR":"11"},"8W":{"2X":"11","2V":"11"},"6J":{"M8":"11","PJ":"11","PF":"11","PG":"11","PH":"11","QQ":"11","MG":"11","M5":"11","QR":"11","QX":"11","PQ":"11","RX":"11","QP":"11","PM":"11","M6":"11","PP":"11","J3":"11","QW":"11","QV":"11","M9":"11","J5":"11","J6":"11","M7":"11","MH":"11","MF":"11","PC":"11","MC":"11","J4":"11"},"65":{"H4":"11"},"6H":{"FH":"11","FJ":"11"},"7X":{"X5":"11","X2":"11","X4":"11","X3":"11"},"7M":{"2W":"11","2X":"11"},"7Q":{"8M":"11","9M":"11","78":"11","7G":"11","7C":"11","8P":"11","9V":"11","75":"11","77":"11","CR":"11","CV":"11","74":"11","CX":"11","65":"11","8J":"11","7F":"11","CW":"11","64":"11","8H":"11","76":"11","9Q":"11","8C":"11","9P":"11","8G":"11","9R":"11","63":"11","8F":"11","62":"11","79":"11"},"46":{"85":"11","9C":"11","97":"11","GQ":"11","62":"11","CH":"11","JW":"11","87":"11","CF":"11","73":"11","HP":"11","HW":"11","86":"11","CG":"11","FM":"11","GV":"11","HX":"11","JV":"11","HQ":"11","FP":"11","98":"11","GM":"11","JX":"11","96":"11","GW":"11","GR":"11","FG":"11","FJ":"11","C8":"11","CC":"11","72":"11","FF":"11","C9":"11","99":"11","74":"11","84":"11","FH":"11","HR":"11","GJ":"11","HV":"11","GP":"11"},"7W":{"R4":"11","V5":"11","WP":"11","WQ":"11","WW":"11","Q2":"11","VG":"11","VF":"11","WM":"11","V8":"11","R6":"11","R5":"11","WR":"11","WV":"11","XW":"11","Q3":"11","R3":"11","XX":"11","V9":"11","VH":"11","VJ":"11","R7":"11","XV":"11","V7":"11","VM":"11","VC":"11"},"7V":{"QW":"11","M7":"11","M8":"11","QV":"11","M5":"11","QR":"11","QQ":"11","QX":"11","PM":"11","J2":"11","PH":"11","P8":"11","M6":"11","M4":"11","PF":"11","QM":"11","M2":"11","P9":"11","PC":"11","PQ":"11","J3":"11","PJ":"11","PP":"11","PG":"11","M9":"11","QP":"11","M3":"11"},"35":{"V3":"11","V4":"11","X7":"11","X8":"11","X9":"11","R2":"11","W6":"11","W7":"11","V5":"11","R3":"11","XC":"11","W5":"11"},"57":{"2X":"11"},"47":{"M8":"11","H4":"11","J9":"11","M5":"11","M4":"11","M6":"11","J3":"11","M9":"11","H2":"11","J5":"11","J2":"11","H3":"11","J6":"11","M7":"11","J8":"11","J7":"11","J4":"11"},"7P":{"6W":"11","23":"11","5Q":"11","3F":"11","38":"11","6V":"11","4C":"11","5V":"11","5W":"11","26":"11","4G":"11","35":"11","37":"11","25":"11","24":"11","5R":"11","6X":"11","36":"11","22":"11","39":"11","5P":"11","5M":"11","4H":"11","4M":"11","4J":"11","3C":"11","4F":"11"},"45":{"3F":"11","2F":"11","2G":"11","3G":"11","4P":"11","7X":"11","29":"11","3H":"11","3J":"11","6X":"11","2C":"11","4M":"11","4J":"11"},"8X":{"23":"11","3F":"11","2F":"11","3G":"11","3P":"11","4R":"11","27":"11","3R":"11","4V":"11","29":"11","3Q":"11","28":"11","26":"11","3H":"11","3J":"11","4W":"11","25":"11","24":"11","3V":"11","4Q":"11","22":"11","39":"11","3M":"11","2C":"11","3C":"11","4X":"11"},"6M":{"XR":"11","R4":"11","WP":"11","WH":"11","Q2":"11","XP":"11","VG":"11","VF":"11","XQ":"11","V8":"11","WM":"11","R6":"11","R5":"11","R2":"11","XW":"11","R3":"11","XX":"11","WG":"11","V9":"11","R7":"11","V6":"11","XV":"11","V7":"11","WJ":"11","VC":"11"},"34":{"RX":"11"},"58":{"8W":"11","47":"11","8X":"11"}},"3M":{"35":{"V6":"11","R5":"11","44":"11","W7":"11","R6":"11","W6":"11"},"24":{"J2":"11","J3":"11","J4":"11","H2":"11","H3":"11"},"8C":{"J8":"11","F8":"11","M8":"11","X7":"11","G8":"11","W8":"11","R8":"11","Q8":"11","67":"11","36":"11","47":"11","77":"11","P8":"11","26":"11","87":"11","V8":"11","57":"11","C8":"11","46":"11","C7":"11","X8":"11","H8":"11","98":"11","97":"11","V7":"11","W7":"11","56":"11"},"66":{"5G":"11","3F":"11","2F":"11","8J":"11","HX":"11","9Q":"11","8M":"11","6H":"11","GW":"11","FW":"11","CQ":"11","FR":"11","CR":"11","9P":"11","FV":"11","9M":"11","4G":"11","7H":"11","GX":"11","GV":"11","8P":"11","5H":"11","6G":"11","7J":"11","2C":"11","4F":"11"},"4H":{"H4":"11","H6":"11","M6":"11","J5":"11","H7":"11","J6":"11","G5":"11","H5":"11","J7":"11","J4":"11"},"56":{"XC":"11"},"45":{"GR":"11","JV":"11","CM":"11","HW":"11","GV":"11","FQ":"11","GQ":"11","HV":"11","CJ":"11","CP":"11","FR":"11","FP":"11"},"9C":{"57":"11","37":"11","28":"11","47":"11","86":"11","66":"11","56":"11","27":"11","76":"11"},"7C":{"R5":"11","P4":"11","Q4":"11","C2":"11","G2":"11","X6":"11","M4":"11","Q5":"11","J3":"11","H3":"11","M3":"11","V5":"11","G3":"11","W5":"11","F2":"11","X5":"11","R4":"11","J4":"11"},"29":{"PH":"11","CF":"11","WJ":"11","CG":"11","69":"11","68":"11","VH":"11","QH":"11","VJ":"11","78":"11","QJ":"11","79":"11","WH":"11","PJ":"11"},"67":{"H4":"11","P6":"11","P4":"11","M5":"11","Q7":"11","M4":"11","Q5":"11","M6":"11","Q6":"11","J3":"11","H2":"11","J5":"11","P7":"11","J2":"11","H3":"11","M3":"11","P5":"11","J4":"11"}},"QG":{"C3":{"V8":"3","V9":"3","R8":"3","R9":"3"},"59":{"QF":"3","RF":"3","RG":"3","RH":"3","VH":"3","QH":"3","QG":"3"}},"7H":{"5R":{"MX":"11","QW":"11","WP":"11","VR":"11","XQ":"11","RV":"11","QX":"11","PX":"11","WQ":"11","QV":"11","PW":"11","RR":"11","XP":"11","VQ":"11"},"4V":{"PR":"11","PV":"11","VP":"11","QQ":"11","QR":"11","RP":"11","XJ":"11","GW":"11","JW":"11","MR":"11","HV":"11","WM":"11","RQ":"11","MV":"11","JV":"11","XM":"11","HW":"11","VM":"11","WJ":"11"},"5V":{"78":"11","P2":"11","6C":"11","F6":"11","2J":"11","J2":"11","2H":"11","C6":"11","G5":"11","M2":"11","5C":"11","C7":"11","88":"11","G4":"11","J3":"11","89":"11","3G":"11","4G":"11","H4":"11","98":"11","H3":"11","69":"11","97":"11","F5":"11","3H":"11","79":"11","M3":"11","5F":"11","4F":"11"}},"H9":{"G9":{"VX":"11","QW":"11","QX":"11","WX":"11"},"J9":{"23":"11","J9":"11","48":"11","WF":"11","35":"11","57":"11","47":"11","37":"11","25":"11","24":"11","F9":"11","H9":"11","89":"11","WC":"11","22":"11","XC":"11","XF":"11","C9":"11","J8":"11","99":"11"},"HC":{"57":"11","47":"11","46":"11","49":"11","7C":"11","59":"11","58":"11","WF":"11"},"JC":{"QW":"11","WP":"11","5J":"11","WM":"11","QF":"11","RF":"11","RG":"11","RC":"11","VH":"11","QX":"11","5M":"11","VC":"11","QG":"11","2F":"11","3G":"11","XG":"11","VG":"11","3F":"11"},"JF":{"J2":"11","J3":"11","J4":"11","M2":"11"},"GC":{"W2":"11","X2":"11"},"M9":{"PV":"11","JQ":"11","PW":"11","JF":"11","HG":"11","JR":"11","HJ":"11","QX":"11","RX":"11","MR":"11","HF":"11","QW":"11","MV":"11","JG":"11","HM":"11","HH":"11"},"H9":{"63":"11","64":"11","54":"11","52":"11","53":"11"},"MF":{"J2":"11","F5":"11","J3":"11","J6":"11","J4":"11","J5":"11","F2":"11","M2":"11"},"J8":{"2R":"11"},"MC":{"R4":"11","MP":"11","QV":"11","MM":"11","QR":"11","9V":"11","8V":"11","Q7":"11","RR":"11","W2":"11","MF":"11","PH":"11","7V":"11","CX":"11","R5":"11","FX":"11","V2":"11","CW":"11","PQ":"11","Q6":"11","R2":"11","MG":"11","R3":"11","9W":"11","PP":"11","MJ":"11","V3":"11"}},"CF":{"47":{"J8":"11","5H":"11","5J":"11","9G":"11","7G":"11","GC":"11","FG":"11","FF":"11","2J":"11","4H":"11","CC":"11","7F":"11","9F":"11","6H":"11","FC":"11","8G":"11","G9":"11","9H":"11","CF":"11","H9":"11","H8":"11","6G":"11","4J":"11","8F":"11","3J":"11","CG":"11"}},"PW":{"9J":{"4J":"11","3H":"11","4H":"11"}},"R9":{"GG":{"55":"11"},"FG":{"5H":"11","6J":"11","4J":"11","4H":"11","6M":"11","5M":"11","65":"11"}},"RM":{"HH":{"PR":"11"}},"MC":{"QW":{"42":"11","43":"11","52":"11","35":"11","24":"11","45":"11","36":"11","44":"11","34":"11","53":"11"},"6J":{"GX":"11"},"6H":{"R3":"11","V2":"11","R4":"11","R2":"11","V3":"11"},"6G":{"VX":"11"},"9Q":{"V8":"11","R7":"11","Q7":"11","R8":"11"}},"JR":{"W7":{"93":"11","94":"11","C3":"11","C4":"11"}},"XC":{"VV":{"C4":"11","FP":"3","C5":"11","GJ":"3","F5":"11","FM":"3","GM":"3","F4":"11","FJ":"3"}}}}