{"index":{"university,1|retail,2|tourism,3|wreck,4|historical,5|artsCulture,6|namedBuilding,7|water,8|wetland,9|park,10|beach,11|natureReserve,12|cemetery,13|trail,14":{}},"6H":{"J8":{"VF":{"P6":"11","W9":"11","WF":"11","R8":"11","P4":"11","Q7":"11","R7":"11","VC":"11","M4":"11","Q6":"11","J3":"11","V8":"11","V9":"11","H2":"11","J2":"11","M3":"11","XG":"11","WC":"11","P5":"11","XF":"11"},"WF":{"6V":"11","2J":"11","7W":"11","5Q":"11","7R":"11","2H":"11","7V":"11","9X":"11","5P":"11","2G":"11","8X":"11","5R":"11","4M":"11","3M":"11","6Q":"11","4P":"11","3J":"11","6R":"11","8W":"11","3H":"11"},"R9":{"8M":"11","37":"11","5H":"11","7P":"11","GX":"11","7J":"11","8P":"11","9V":"11","FV":"11","5G":"11","38":"11","FW":"11","CR":"11","26":"11","CV":"11","7M":"11","39":"11","8Q":"11","FX":"11","CW":"11","9Q":"11","6H":"11","6J":"11","9R":"11","49":"11","4C":"11","27":"11","5F":"11","4F":"11"},"RC":{"W9":"11","R8":"11","R9":"11","M5":"11","G2":"11","R7":"11","M4":"11","J3":"11","V8":"11","V9":"11","H2":"11","H3":"11","WC":"11","XC":"11","XF":"11","J4":"11"},"WG":{"92":"11"},"VC":{"2F":"11","HX":"11","2G":"11","9Q":"11","6J":"11","3G":"11","CV":"11","GW":"11","FW":"11","5J":"11","7M":"11","9R":"11","CR":"11","FV":"11","3H":"11","8Q":"11","7P":"11","GX":"11","8P":"11","5H":"11","6M":"11","4H":"11"},"P8":{"X6":"11"},"Q8":{"QW":"11","RX":"11","37":"11","5H":"11","5J":"11","7J":"11","PV":"11","CM":"11","5G":"11","38":"11","QX":"11","26":"11","GM":"11","9J":"11","39":"11","FM":"11","HP":"11","28":"11","5C":"11","8J":"11","8H":"11","PR":"11","6H":"11","MV":"11","6J":"11","7H":"11","JQ":"11","49":"11","HQ":"11","PW":"11","FJ":"11","CJ":"11","4C":"11","27":"11","GP":"11","MQ":"11","MR":"11","5F":"11","JR":"11","4F":"11"},"Q9":{"X5":"11","W3":"11","V2":"11","X6":"11","X4":"11","W5":"11","R2":"11","V3":"11","W4":"11"}},"F4":{"RM":{"6V":"11","6W":"11","4R":"11","2P":"11","5W":"11","5X":"11","2J":"11","2M":"11","7W":"11","3P":"11","5Q":"11","2H":"11","3V":"11","7V":"11","4W":"11","9X":"11","5P":"11","6X":"11","CX":"11","4Q":"11","8X":"11","5R":"11","3M":"11","3Q":"11","9W":"11","4V":"11","7X":"11","2R":"11","6Q":"11","4P":"11","5V":"11","6R":"11","8W":"11","2Q":"11","3R":"11"},"PJ":{"M8":"11","C4":"11","C3":"11","VF":"11","RC":"11","H6":"11","WH":"11","RG":"11","RF":"11","XJ":"11","F5":"11","WG":"11","VG":"11","XH":"11","P8":"11","93":"11","P9":"11","72":"11","Q9":"11","G6":"11","J6":"11","M7":"11","VH":"11","G5":"11","XM":"11","QC":"11","J7":"11","83":"11","F4":"11","WJ":"11"},"QJ":{"6V":"11","6W":"11","GX":"11","4R":"11","2P":"11","5W":"11","2J":"11","2M":"11","7W":"11","3P":"11","9X":"11","6X":"11","CX":"11","FX":"11","4Q":"11","3M":"11","3Q":"11","4V":"11","7X":"11","2R":"11","5V":"11","2Q":"11","3R":"11"},"PH":{"6X":"11","2Q":"11","4R":"11","7X":"11","5W":"11","4V":"11","6W":"11","3Q":"11","5V":"11","3R":"11"},"HG":{"W2":"11","X2":"11"},"RP":{"C4":"11","C3":"11","62":"11","C5":"11","C2":"11","73":"11","F5":"11","92":"11","93":"11","82":"11","F7":"11","F3":"11","72":"11","C6":"11","95":"11","84":"11","F6":"11","F2":"11","83":"11","F4":"11","94":"11"},"JH":{"V4":"11","R4":"11","P6":"11","M5":"11","P3":"11","X6":"11","J2":"11","W6":"11","Q4":"11","J4":"11","M6":"11","M4":"11","P5":"11","G4":"11","W5":"11","H2":"11","J3":"11","W4":"11","G3":"11","H4":"11","X8":"11","P4":"11","H3":"11","W7":"11","M3":"11"},"QM":{"F5":"11","MF":"11","G3":"11","93":"11","WP":"11","WG":"11","H4":"11","P8":"11","WF":"11","J5":"11","92":"11","M8":"11","PF":"11","QF":"11","F4":"11","XP":"11","VM":"11","73":"11","WJ":"11","RF":"11","G6":"11","C6":"11","H7":"11","83":"11","82":"11","G4":"11","VG":"11","PC":"11","F3":"11","C2":"11","G8":"11","VJ":"11","H3":"11","J6":"11","F7":"11","F6":"11","F2":"11","P9":"11","J3":"11","QG":"11","VH":"11","VF":"11","RH":"11","G2":"11","XH":"11","PG":"11","M7":"11","C4":"11","XG":"11","95":"11","H2":"11","H6":"11","XJ":"11","XM":"11","M9":"11","H5":"11","QH":"11","QC":"11","J4":"11","WH":"11","RJ":"11","94":"11","WM":"11","J7":"11","XQ":"11","72":"11","G7":"11","C3":"11","JC":"11","H8":"11","H9":"11","C5":"11","G5":"11","J9":"11","MC":"11","84":"11","J8":"11","RG":"11"},"HF":{"XX":"11","WX":"11"},"FC":{"JM":"11","HM":"11","JP":"11","HP":"11"},"MH":{"RJ":"11","GF":"11","7C":"11","JF":"11","WP":"11","6C":"11","FF":"11","38":"11","QH":"11","PH":"11","HG":"11","CC":"11","RH":"11","39":"11","XP":"11","28":"11","WM":"11","5C":"11","XM":"11","59":"11","9C":"11","9F":"11","8C":"11","MG":"11","HF":"11","JG":"11","PG":"11","CF":"11","49":"11","VJ":"11","69":"11","4C":"11","5F":"11","QJ":"11","MH":"11","VM":"11"},"JG":{"23":"11","MX":"11","66":"11","33":"11","HG":"11","GC":"11","32":"11","JJ":"11","65":"11","HJ":"11","MQ":"11","55":"11","JW":"11","JX":"11","MR":"11","FF":"11","MW":"11","54":"11","GF":"11","FC":"11","JM":"11","MM":"11","MV":"11","22":"11","44":"11","HH":"11","MP":"11","34":"11","GG":"11"}},"5J":{"2P":{"2C":"11"}},"4R":{"W7":{"3V":"11"},"R7":{"F5":"11","G5":"11"}},"J7":{"48":{"WC":"3","RF":"3","RG":"3","WG":"3","VC":"3","VF":"3","VG":"3","WF":"3"},"39":{"2M":"11","2J":"11","2P":"11","2F":"11","2G":"11"},"28":{"9G":"11","78":"11","66":"11","99":"11","75":"11","CH":"11","52":"11","77":"11","CC":"11","87":"11","74":"11","73":"11","HP":"11","86":"11","65":"11","9C":"11","88":"11","64":"11","9F":"11","76":"11","8C":"11","89":"11","MV":"11","JQ":"11","HR":"11","CF":"11","63":"11","HQ":"11","98":"11","CJ":"11","97":"11","GP":"11","62":"11","CG":"11","JR":"11"},"27":{"3W":"11","3P":"11","4P":"11","3R":"11","4V":"11","3Q":"11","4W":"11","3V":"11","4Q":"11","5X":"11","4X":"11"},"29":{"XJ":"11","P6":"11","Q5":"11","WC":"11","R8":"11","Q7":"11","WH":"11","WF":"11","XH":"11","W9":"11","XF":"11","V8":"11","P5":"11","XM":"11","XG":"11","Q6":"11","X9":"11","P4":"11","WG":"11","V9":"11","R7":"11","XC":"11","VC":"11"}},"RF":{"J5":{"P6":"11"}},"P3":{"FQ":{"79":"11","89":"11"}},"H7":{"X5":{"37":"11","6W":"11","4R":"11","5W":"11","5X":"11","38":"11","2J":"11","2M":"11","3P":"11","5Q":"11","2H":"11","5P":"11","39":"11","2C":"11","6X":"11","28":"11","5M":"11","2G":"11","4Q":"11","5R":"11","4M":"11","3G":"11","3M":"11","29":"11","3C":"11","4P":"11","3J":"11","5V":"11","4C":"11","27":"11","3H":"11","2F":"11","3F":"11"},"W3":{"7R":"11","6W":"11","5Q":"11","3F":"11","8W":"11","2F":"11","6V":"11","2G":"11","3G":"11","4P":"11","27":"11","6R":"11","7X":"11","29":"11","28":"11","2M":"11","6Q":"11","7W":"11","3H":"11","3J":"11","7V":"11","9W":"11","5R":"11","9X":"11","6X":"11","8X":"11","8V":"11","5P":"11","3M":"11","5M":"11","2H":"11","2C":"11","CX":"11","6P":"11","2J":"11","4M":"11","4J":"11","3C":"11"},"V2":{"QX":"11","9C":"11","58":"11","44":"11","CH":"11","7C":"11","42":"11","32":"11","PR":"11","CF":"11","HP":"11","78":"11","56":"11","RW":"11","HM":"11","RV":"11","MR":"11","55":"11","QV":"11","CG":"11","MQ":"11","JV":"11","JQ":"11","35":"11","67":"11","HQ":"11","89":"11","PV":"11","8C":"11","9G":"11","54":"11","GM":"11","PX":"11","43":"11","57":"11","66":"11","8F":"11","RX":"11","QW":"11","MV":"11","FJ":"11","9F":"11","45":"11","34":"11","CJ":"11","PW":"11","JR":"11","46":"11","MW":"11","69":"11","FH":"11","GJ":"11","68":"11","79":"11","GP":"11"},"X6":{"85":"11","9C":"11","97":"11","62":"11","CH":"11","64":"11","9H":"11","JW":"11","7C":"11","8G":"11","42":"11","87":"11","CF":"11","73":"11","HP":"11","78":"11","7F":"11","8H":"11","86":"11","CG":"11","FM":"11","75":"11","88":"11","JV":"11","HQ":"11","89":"11","8C":"11","9G":"11","98":"11","GM":"11","JX":"11","43":"11","52":"11","FG":"11","8F":"11","63":"11","65":"11","FJ":"11","C8":"11","9F":"11","CC":"11","CJ":"11","72":"11","53":"11","C9":"11","99":"11","9J":"11","MX":"11","74":"11","JR":"11","MW":"11","GH":"11","76":"11","FH":"11","HR":"11","GJ":"11","HV":"11","77":"11","79":"11","GP":"11"},"W5":{"V4":"11","X7":"11","R4":"11","XJ":"11","V5":"11","W8":"11","P2":"11","WC":"11","P3":"11","X6":"11","W6":"11","Q4":"11","XH":"11","W9":"11","Q2":"11","XF":"11","V8":"11","M2":"11","XM":"11","R5":"11","XG":"11","W5":"11","X9":"11","Q3":"11","R3":"11","X8":"11","P4":"11","V9":"11","V6":"11","V7":"11","W7":"11","XC":"11"},"V3":{"V4":"11","X7":"11","R4":"11","V5":"11","W8":"11","P2":"11","X6":"11","W6":"11","Q4":"11","XH":"11","W9":"11","Q2":"11","R6":"11","W3":"11","R5":"11","XG":"11","W5":"11","R2":"11","W4":"11","X9":"11","Q3":"11","X5":"11","R3":"11","X8":"11","V6":"11","V7":"11","V3":"11","W7":"11","XC":"11"},"W4":{"F5":"11","QX":"11","85":"11","QJ":"11","MF":"11","93":"11","MH":"11","P8":"11","PQ":"11","C7":"11","J5":"11","92":"11","M8":"11","QQ":"11","PF":"11","F4":"11","PR":"11","PJ":"11","73":"11","RW":"11","JG":"11","RV":"11","G6":"11","C6":"11","H7":"11","MG":"11","GG":"11","83":"11","82":"11","G4":"11","QV":"11","PH":"11","PC":"11","M6":"11","C2":"11","G8":"11","HC":"11","QR":"11","J6":"11","F7":"11","F6":"11","MM":"11","P9":"11","PV":"11","PM":"11","HF":"11","96":"11","JF":"11","PX":"11","F9":"11","P7":"11","PG":"11","M7":"11","JH":"11","C4":"11","95":"11","QM":"11","H6":"11","PP":"11","QP":"11","P6":"11","RX":"11","M9":"11","QW":"11","94":"11","C8":"11","MP":"11","F8":"11","J7":"11","MJ":"11","72":"11","G7":"11","GC":"11","FF":"11","C3":"11","JC":"11","H8":"11","GF":"11","PW":"11","H9":"11","MX":"11","C5":"11","G5":"11","M5":"11","J9":"11","MC":"11","GH":"11","84":"11","HG":"11","J8":"11","FC":"11","G9":"11"}},"W2":{"56":{"57":"11"}},"7Q":{"9G":{"P2":"11","R5":"11","62":"11","H4":"11","R6":"11","V6":"11","C2":"11","92":"11","93":"11","54":"11","X2":"11","63":"11","F3":"11","Q2":"11","J5":"11","G4":"11","52":"11","H3":"11","V5":"11","G3":"11","H5":"11","83":"11","F4":"11","53":"11"},"7G":{"PF":"11","38":"11","48":"11","RC":"11","59":"11","JF":"11","7C":"11","VC":"11","9G":"11","7F":"11","CG":"11","69":"11","WC":"11","MF":"11","XC":"11","QC":"11","FG":"11","PC":"11","58":"11","6C":"11"},"MP":{"F4":"11","X7":"11","7C":"11","2P":"11","PV":"11","W8":"11","C9":"11","QR":"11","6C":"11","RP":"11","QQ":"11","99":"11","F6":"11","2M":"11","QH":"11","QC":"11","2H":"11","F3":"11","V8":"11","C8":"11","MW":"11","5C":"11","7F":"11","9C":"11","C7":"11","2G":"11","PQ":"11","PR":"11","8C":"11","89":"11","QF":"11","3G":"11","X8":"11","QG":"11","V9":"11","JX":"11","PW":"11","MX":"11","R9":"11","F7":"11","4C":"11","F5":"11","F2":"11","RM":"11","4F":"11","3F":"11"},"PV":{"63":"11","5C":"11","73":"11","49":"11","59":"11","58":"11"},"MM":{"FR":"11","RJ":"11","XJ":"11","MP":"11","MM":"11","96":"11","FV":"11","FW":"11","PM":"11","XH":"11","87":"11","GQ":"11","HP":"11","86":"11","GR":"11","QM":"11","C6":"11","C8":"11","FX":"11","C7":"11","88":"11","JM":"11","JP":"11","PP":"11","HQ":"11","98":"11","VJ":"11","97":"11","WJ":"11","94":"11","95":"11","RM":"11","VM":"11"},"J7":{"42":"3|11","32":"3|11"},"99":{"FP":"11","7G":"11","5J":"11","8G":"11","CJ":"11","5H":"11","3M":"11","4H":"11","CH":"11","4M":"11","4J":"11"},"5G":{"W9":"11","X7":"11","X8":"11","XH":"11","X6":"11","W8":"11","WC":"11","XC":"11","XF":"11"},"F6":{"XC":"11","XX":"11","WG":"11","XF":"11","WF":"11"},"PM":{"3J":"11","2H":"11","4J":"11","3X":"11"},"CC":{"PW":"11","8M":"11","7M":"11","JM":"11","9M":"11","MM":"11","3J":"11","PX":"11","GM":"11","7J":"11","HM":"11","2J":"11"},"7F":{"38":"11","48":"11","X8":"11","JJ":"11","HJ":"11","JH":"11","W8":"11","V8":"11","V9":"11","MH":"11","HH":"11"},"9C":{"M8":"11","QH":"11","PG":"11","QJ":"11","PH":"11","MG":"11","VJ":"11","XJ":"11","RJ":"11","M6":"11","J6":"11","M7":"11","MF":"11","WJ":"11","MC":"11"},"CW":{"9M":"11","6W":"11","6P":"11","5W":"11","9V":"11","5X":"11","7W":"11","CR":"11","CV":"11","CP":"11","6M":"11","7M":"11","6X":"11","CQ":"11","9P":"11","9R":"11","9W":"11","7X":"11","8W":"11"},"9F":{"RW":"11","XX":"11","WW":"11","8R":"11","PW":"11","6H":"11","CV":"11","RX":"11","7X":"11","5J":"11","CW":"11","VW":"11","9R":"11|3","QW":"11","7W":"11","7H":"11","7V":"11","9X":"11","5H":"11","6X":"11","PX":"11","8V":"11","VX":"11","CX":"11","4J":"11"},"8C":{"FR":"11","R4":"11","Q5":"11","P2":"11","P3":"11","FV":"11","W2":"11","FW":"11","J2":"11","P8":"11","CX":"11","R6":"11","R5":"11","FX":"11","P9":"11","CW":"11","Q6":"11","H2":"11","G3":"11","Q3":"11","P7":"11","R3":"11","H3":"11","X2":"11"},"JV":{"J2":"11","M3":"11","V2":"11","Q2":"11","R2":"11","Q3":"11","M2":"11"},"JJ":{"XX":"11","WX":"11"},"JP":{"XQ":"11","XP":"11","XM":"11"},"89":{"JX":"11","VV":"11","WV":"11","WW":"11","WX":"11"},"6F":{"RJ":"11","MP":"11","W8":"11","RF":"11","FV":"11","GV":"11","RP":"11","CV":"11","QC":"11","9X":"11","VG":"11","VF":"11","QM":"11","P9":"11","8X":"11","9W":"11","PP":"11","VH":"11","Q9":"11","VJ":"11","QP":"11","V7":"11","8W":"11","RM":"11","W7":"11"},"8G":{"MC":"11","8J":"11","2C":"11","PC":"11","2F":"11"},"G7":{"64":"11","73":"11","42":"11","72":"11","52":"11","22":"11","32":"11","82":"11"},"JQ":{"V6":"11","R5":"11","Q4":"11","V5":"11","V9":"11","W9":"11","R4":"11","Q5":"11","W6":"11"},"PP":{"CC":"11","6F":"11","5G":"11","8J":"11","5F":"11","9Q":"11","42":"11","8M":"11","32":"11","27":"11","5J":"11","8H":"11","9R":"11","26":"11","43":"11","52":"11","8Q":"11","F9":"11","8P":"11","5H":"11","6G":"11","36":"11","C9":"11","6C":"11","53":"11"},"CF":{"2X":"11","M3":"11","F7":"11","G6":"11","H5":"11","M4":"11","H6":"11","J4":"11","J5":"11","F6":"11"},"6G":{"8F":"11","62":"11","R9":"11","9F":"11","JC":"11","JF":"11","33":"11","7G":"11","3P":"11","6H":"11","4P":"11","CF":"11","FF":"11","82":"11","GF":"11","26":"11","43":"11","7H":"11","35":"11","72":"11","Q9":"11","7F":"11","25":"11","MF":"11","44":"11","34":"11","MC":"11"},"8F":{"84":"11","83":"11","64":"11","C2":"11","92":"11","65":"11","74":"11"},"MQ":{"F8":"11","M8":"11","M7":"11","7P":"11","7J":"11","J7":"11","CM":"11","GH":"11","96":"11","FH":"11","J2":"11","CP":"11","7M":"11","C6":"11","C8":"11","C7":"11","J3":"11","9P":"11","H4":"11","7H":"11","H5":"11","H3":"11","F9":"11","FJ":"11","CJ":"11","J6":"11","HH":"11","H6":"11"},"J6":{"4X":"3|11","6W":"11","3X":"3|11","5W":"3|11","3W":"3","5X":"3|11","7W":"11","5Q":"11","3V":"3","4W":"3","6X":"11","2X":"11","4Q":"11","3Q":"11","2R":"11","6Q":"11","6R":"11","3R":"11"},"MR":{"5Q":"11","2W":"11","2G":"11","6J":"11","4R":"11","5J":"11","2V":"11","5R":"11","3V":"11","5H":"11","5P":"11","6M":"11","2H":"11","6P":"11"},"MJ":{"2W":"11","2X":"11","3W":"11","3X":"11","2V":"11"},"G6":{"GV":"11","75":"11","38":"11","47":"11","FW":"11","9X":"11","39":"11","GW":"11","74":"11","2C":"11","CX":"11","48":"11","65":"11","2X":"11","CW":"11|3","8X":"11","HV":"11","29":"11","JQ":"11","HR":"11","MQ":"11","MC":"11","JR":"11"},"CG":{"24":"11","25":"11","22":"11"},"JR":{"FR":"11","9M":"11","HW":"11","RF":"11","CM":"11","GH":"11","FV":"11","GV":"11","CR":"11","JW":"11","HG":"11","GW":"11","8Q":"11","VG":"11","PF":"11","RG":"11","XG":"11","9Q":"11","MG":"11","XW":"11","JG":"11","QF":"11","9R":"11","XX":"11","QG":"11","PG":"11","WG":"11","JX":"11","VX":"11","FJ":"11","CJ":"11","HX":"11","WX":"11","HH":"11"}},"82":{"J2":{"W9":"11","WF":"11","R8":"11","RC":"11","Q4":"11","Q7":"11","R7":"11","VC":"11","W8":"11","V8":"11","V9":"11","XG":"11","V7":"11","XF":"11"},"M3":{"MG":"11","MJ":"11","G7":"11"},"Q4":{"7G":"11","FG":"11","RC":"11","RF":"11","WC":"11","GH":"11","FH":"11","5G":"7","MF":"11","HG":"11","WF":"11","QC":"11","VF":"11","XF":"11","PF":"11","6H":"11","MG":"11","6F":"11","JG":"11","QF":"11","JH":"11","X8":"11","7H":"11","PG":"11","6G":"11","C4":"11","HH":"11","5F":"7","XC":"11","VC":"11"},"W5":{"25":"11"},"R4":{"5G":"11","3F":"11","38":"11","2F":"11","78":"11","2G":"11","3G":"11","4G":"11","96":"11","5H":"11","2C":"11","3C":"11","4F":"11"},"Q3":{"3J":"11"},"M2":{"2F":"11","2G":"11","3P":"11","4P":"11","3H":"11","3J":"11","4Q":"11","3M":"11","2H":"11","2J":"11"},"P4":{"48":"11","RG":"7","RH":"7","FC":"11","GC":"11"}},"6M":{"8M":{"5C":"11","5G":"11","48":"11","59":"11","5F":"11","9Q":"11","6H":"11","7M":"11","CQ":"11","9P":"11","CR":"11","7H":"11","8Q":"11","7P":"11","8P":"11","5H":"11","6G":"11","7J":"11","58":"11"},"V8":{"M8":"11","P6":"11","J5":"11","P7":"11","J6":"11","M7":"11","J7":"11"},"H8":{"Q3":"11","P4":"11","Q4":"11","M4":"11","R2":"11","J3":"11","H2":"11","Q2":"11","J2":"11","M3":"11","R3":"11"},"H7":{"PR":"11","HR":"11","PV":"11","JQ":"11","HX":"11","PW":"11","JR":"11","HQ":"11","QX":"11","MR":"11","HV":"11","QW":"11","QV":"11","HW":"11"},"68":{"R5":"11","C4":"11","P6":"11","C5":"11","H6":"11","Q5":"11","M6":"11","Q6":"11","R2":"11","J3":"11","X2":"11","F3":"11","H2":"11","Q2":"11","G4":"11","J2":"11","G6":"11","H3":"11","J6":"11","R3":"11","X3":"11","G3":"11","C6":"11","95":"11","F6":"11","F4":"11","W2":"11"},"77":{"2X":"11","3X":"11"},"78":{"37":"11","44":"11","36":"11","42":"11","27":"11","45":"11","43":"11","32":"11","26":"11"},"67":{"RX":"11","XX":"11","QX":"11","PX":"11","WX":"11"}},"8Q":{"76":{"Q3":"11","P4":"11","H6":"11","Q4":"11","M5":"11","G2":"11","M4":"11","J3":"11","F3":"11","J5":"11","G4":"11","H3":"11","M3":"11","J6":"11","G5":"11","G3":"11","P5":"11","P3":"11","H5":"11","F2":"11","F4":"11"}},"VF":{"XV":{"C4":"11","C3":"11","62":"11","C5":"11","F5":"11","92":"11","93":"11","82":"11","F3":"11","52":"11","72":"11","G6":"11","G5":"11","F6":"11","83":"11","F4":"11","94":"11"},"XR":{"6X":"11","7X":"11","8X":"11","5X":"11","6W":"11"}},"28":{"J7":{"H2":"11","G2":"11"},"J6":{"HX":"11","GX":"11"}},"5M":{"Q2":{"9R":"11","9V":"11"}},"P9":{"FX":{"XH":"11","XG":"11"},"GX":{"MX":"11","2G":"11","9Q":"11","QX":"11","JW":"11","HV":"11","FR":"11","9R":"11","CR":"11","MW":"11","FV":"11","3H":"11","3J":"11","8Q":"11","7P":"11","GV":"11","8P":"11","PX":"11","HW":"11","5M":"11","6M":"11","2H":"11","6P":"11","4M":"11","4J":"11"}},"C3":{"WX":{"7H":"11"},"JP":{"5Q":"11","8W":"11","6V":"11","3P":"11","4R":"11","2P":"11","6R":"11","3Q":"11","7V":"11","5R":"11","8V":"11","4Q":"11","CX":"11"},"6F":{"XJ":"11","XP":"11","XM":"11"},"JQ":{"C2":"11"},"7G":{"C2":"11"},"QR":{"9P":"11","9Q":"11","8P":"11"},"HP":{"QJ":"11","MF":"11","WP":"11","58":"11","XP":"11","VM":"11","78":"11","56":"11","JG":"11","MG":"11","PH":"11","WQ":"11","HC":"11","VJ":"11","88":"11","35":"11","67":"11","VP":"11","VQ":"11","98":"11","HF":"11","JF":"11","PG":"11","RM":"11","57":"11","QH":"11","RJ":"11","C8":"11","WM":"11","WR":"11","45":"11","XQ":"11","34":"11","24":"11","GC":"11","C9":"11","46":"11","23":"11","68":"11","G9":"11"},"FM":{"XF":"11"},"GP":{"W2":"11","W3":"11","V2":"11","X3":"11"},"28":{"R5":"11","Q3":"11","R6":"11","V6":"11","R7":"11","V5":"11","R3":"11","R4":"11"},"7F":{"8W":"11","9X":"11","7W":"11","2Q":"11","CX":"11","4R":"11","8X":"11","2P":"11","6V":"11","4V":"11","6W":"11","5V":"11","3R":"11"},"GM":{"QW":"11","RX":"11","5H":"11","9M":"11","7J":"11","CM":"11","5G":"11","QX":"11","4H":"11","9J":"11","CP":"11","GQ":"11","MW":"11","8J":"11","2G":"11","6H":"11","JV":"11","FP":"11","MV":"11","3G":"11","7H":"11","JQ":"11","RW":"11","6G":"11","HQ":"11","PW":"11","VX":"11","GP":"11","MR":"11","JR":"11","2F":"11"}},"PC":{"R5":{"J8":"11","44":"11","M8":"11","G8":"11","RC":"11","WC":"11","96":"11","54":"11","75":"11","P8":"11","WF":"11","34":"11","23":"11","86":"11","XF":"11","65":"11","P9":"11","C7":"11","76":"11","G7":"11","55":"11","H8":"11","Q9":"11","R9":"11","24":"11","F7":"11","97":"11","VC":"11"},"X7":{"C2":"11"},"P4":{"Q9":"11","WC":"11","RC":"11","V9":"11","XF":"11","VC":"11","WF":"11","R9":"11"},"Q4":{"QW":"11","RX":"11","8M":"11","5H":"11","5J":"11","9M":"11","7J":"11","QX":"11","PX":"11","4H":"11","CP":"11","7M":"11","GQ":"11","GR":"11","MW":"11","2G":"11","CQ":"11","JV":"11","9P":"11","FP":"11","MV":"11","3G":"11","6J":"11","4G":"11","FQ":"11","HR":"11","PW":"11","JR":"11","2F":"11"},"V6":{"W2":"11","X2":"11","X3":"11"},"G2":{"V3":"11","V2":"11","W3":"11","R2":"11","W4":"11","Q2":"11","R3":"11","X3":"11","X4":"11"},"X6":{"8W":"11","9X":"11","7W":"11","2Q":"11","CX":"11","4R":"11","8X":"11","2P":"11","6V":"11","4V":"11","6W":"11","3Q":"11","3R":"11","5V":"11"},"Q5":{"W2":"11","W3":"11","V2":"11","X3":"11","R2":"11"},"W6":{"44":"11","F8":"11","RJ":"11","GC":"11","66":"11","JF":"11","WP":"11","C9":"11","54":"11","QH":"11","PH":"11","34":"11","22":"11","87":"11","23":"11","XP":"11","XQ":"11","86":"11","WM":"11","C8":"11","65":"11","33":"11","76":"11","MG":"11","HF":"11","JG":"11","FC":"11","G9":"11","HC":"11","PJ":"11","55":"11","98":"11","F9":"11","45":"11","97":"11","RM":"11","QJ":"11","MH":"11","VM":"11"},"H2":{"35":"11","24":"11","46":"11","56":"11","25":"11","45":"11"},"V5":{"QW":"11","8M":"11","5H":"11","VW":"11","9M":"11","7J":"11","PV":"11","QV":"11","CM":"11","4H":"11","CP":"11","7M":"11","GQ":"11","8J":"11","2G":"11","6H":"11","FP":"11","9P":"11","MV":"11","3G":"11","6J":"11","4G":"11","FQ":"11","HR":"11","RW":"11","HQ":"11","VX":"11","WX":"11","MR":"11","JR":"11","2F":"11"}},"92":{"WX":{"GH":"11","HG":"11","HH":"11"},"RW":{"XC":"11"},"MX":{"X6":"11","W6":"11"},"PV":{"2M":"11","2H":"11","3W":"11","2J":"11","3X":"11","2P":"11","3V":"11","3Q":"11","2G":"11","3P":"11","3R":"11"},"PW":{"23":"11","6F":"11","3F":"11","38":"11","48":"11","5F":"11","33":"11","32":"11","77":"11","27":"11","28":"11","76":"11","57":"11","47":"11","37":"11","25":"11","24":"11","86":"11","22":"11","2C":"11","67":"11","58":"11","3C":"11","4F":"11"},"MR":{"F8":"11","9G":"11","78":"11","G8":"11","7C":"11","68":"11","QX":"11","CH":"11","77":"11","PX":"11","GM":"11","9J":"11","FM":"11","HP":"11","C8":"11","MW":"11","7F":"11","88":"11","8H":"11","MV":"11","8G":"11","JQ":"11","9H":"11","H8":"11","HQ":"11","PW":"11","98":"11","69":"11","FJ":"11","8F":"11","CJ":"11","GP":"11","MR":"11","79":"11","JR":"11"},"MW":{"W9":"11","X7":"11","X6":"11","W8":"11","V8":"11","WC":"11","V7":"11","XC":"11","X5":"11"},"MV":{"V4":"11","Q3":"11","W9":"11","X8":"11","V6":"11","X9":"11","R2":"11","W8":"11","W6":"11","W7":"11","Q2":"11","V5":"11","XG":"11","R3":"11","XC":"11","XF":"11","R4":"11"},"PX":{"CC":"11","38":"11","48":"11","9F":"11","59":"11","9C":"11","7C":"11","27":"11","CF":"11","49":"11","26":"11","37":"11","69":"11","89":"11","79":"11","8C":"11"}},"6Q":{"49":{"RP":"11","RM":"11","PM":"11","QJ":"11","QP":"11","PJ":"11","RJ":"11","MM":"11"}},"H6":{"VX":{"2W":"11","2R":"11","3W":"11","3X":"11","2V":"11"},"QW":{"W2":"11","W3":"11","V2":"11"},"PQ":{"44":"11","9M":"11","78":"11","7G":"11","7C":"11","68":"11","66":"11","CM":"11","6C":"11","67":"11","34":"11","9J":"11","CP":"11","23":"11","35":"11","57":"11","7F":"11","46":"11","33":"11","8H":"11","8G":"11","9H":"11","55":"11","69":"11","8F":"11","CJ":"11","45":"11","79":"11","56":"11"},"RX":{"J8":"11","F4":"11","XR":"11","M8":"11","RJ":"11","J7":"11","WP":"11","H7":"11","J9":"11","WQ":"11","C2":"11","QH":"11","RH":"11","F3":"11","PF":"11","G5":"11","WR":"11","PC":"11","G4":"11","VQ":"11","G3":"11","QG":"11","PG":"11","H5":"11","M9":"11","VJ":"11","XV":"11","F2":"11","H6":"11","RM":"11","MC":"11","VP":"11","QJ":"11","VM":"11"},"42":{"8M":"11","FR":"11","5H":"11","5J":"11","9M":"11","8P":"11","GV":"11","4H":"11","CP":"11","6M":"11","7M":"11","GR":"11","5M":"11","2G":"11","CQ":"11","9P":"11","3G":"11","6J":"11","4G":"11","FQ":"11","3H":"11","2F":"11"},"QV":{"F8":"11","VW":"11","GF":"11","GC":"11","QV":"11","MM":"11","QR":"11","83":"11","96":"11","QQ":"11","RR":"11","PM":"11","HG":"11","74":"11","73":"11","C6":"11","C8":"11","C7":"11","PQ":"11","JJ":"11","HF":"11","JG":"11","FC":"11","G9":"11","JH":"11","RW":"11","PP":"11","RV":"11","VX":"11","F9":"11","72":"11","85":"11","F7":"11","97":"11","WX":"11","84":"11","MJ":"11","95":"11","62":"11"},"PR":{"XJ":"11","XH":"11"},"QR":{"6W":"11","5Q":"11","6V":"11","5V":"11","3P":"11","4R":"11","2P":"11","4P":"11","5W":"11","3Q":"11","2M":"11","3J":"11","5R":"11","6X":"11","4Q":"11","3M":"11","2H":"11","2J":"11","4M":"11"},"RW":{"37":"11","5H":"11","7P":"11","9V":"11","8V":"11","5G":"11","38":"11","7Q":"11","36":"11","47":"11","26":"11","7M":"11","6M":"11","25":"11","8Q":"11","CX":"11","48":"11","5C":"11","59":"11","CW":"11","6H":"11","6J":"11","9R":"11","9W":"11","6G":"11","49":"11","8R":"11","4C":"11","5F":"11","4F":"11"}}}}