{"index":{"university,1|retail,2|tourism,3|wreck,4|historical,5|artsCulture,6|namedBuilding,7|water,8|wetland,9|park,10|beach,11|natureReserve,12|cemetery,13|trail,14":{}},"6M":{"RX":{"FR":{"5G":"11","3F":"3|11","8W":"11","2F":"3","4C":"11","5F":"11","29":"11","28":"11","9R":"11","4G":"11","26":"11","47":"11","37":"11","25":"11","9V":"11","36":"11","39":"11","2C":"3|11","3C":"3|11","4F":"3|11"},"F8":{"P2":"11","V3":"11","R5":"11","V4":"11","P6":"11","P4":"11","R6":"11","V2":"11","M4":"11","Q5":"11","M6":"11","Q6":"11","R2":"11","W4":"11","J5":"11","V5":"11","P3":"11","V7":"11"},"6V":{"QF":"11","QC":"11","V9":"11","W9":"11"},"9M":{"8F":"11","8J":"11","5V":"11","88":"11","8M":"11","7C":"11","7M":"11","4V":"11","8H":"11","8G":"11","7F":"11","5R":"11","89":"11","6X":"11","79":"11","6C":"11"},"7P":{"CC":"11","QH":"11","VF":"11","W9":"11","WF":"11","PH":"11","RG":"11","JJ":"11","V2":"11","HJ":"11","9C":"11","GJ":"11","JH":"11","VG":"11","X9":"11","W3":"11","CJ":"11","89":"11","GM":"11","X3":"11","WC":"11","MH":"11","XC":"11","QG":"11","HH":"11","6P":"11","8C":"11","W2":"11","FJ":"11"},"G8":{"CC":"11","66":"11","78":"11","JF":"11","9C":"11","54":"11","HF":"11","52":"11","57":"11","68":"11","89":"11","MF":"11","67":"11","79":"11","58":"11","53":"11"},"6P":{"99":"11","J8":"11","H8":"11","J9":"11","V7":"11","CC":"11","FC":"11","GC":"11","C9":"11","H9":"11"},"CM":{"G9":"11","HG":"11","GC":"11","G8":"11","MQ":"11","MR":"11","GF":"11","HF":"11","J5":"11","J6":"11","JG":"11","MP":"11"},"8P":{"39":"11","QC":"11","33":"11","FC":"11","GF":"11","PC":"11","29":"11","GC":"11","23":"11"},"8V":{"62":"11","5G":"11","4C":"11","8H":"11","9H":"11","82":"11","4G":"11","72":"11","GX":"11","CM":"11","4F":"11","9J":"11"},"H7":{"C4":"11","6F":"11","8R":"11","2G":"11","5F":"11","42":"11","33":"11","3G":"11","32":"11","55":"11","9R":"11","H2":"11","7F":"11","45":"11","8V":"11","9V":"11","44":"11","85":"11","95":"11","F4":"11"},"5Q":{"QX":"11"},"CR":{"P2":"11","V3":"11","V4":"11","Q3":"11","W3":"11","W4":"11","Q2":"11","R3":"11","X4":"11","X5":"11"},"7R":{"8W":"11","6X":"11","7X":"11","8X":"11"},"XH":{"GM":"11","HM":"11"},"7V":{"V6":"11","X5":"11","W7":"11","X4":"11","W5":"11","X3":"11","W6":"11"},"CP":{"JV":"11","HV":"11","JG":"11"},"RH":{"HQ":"11","MQ":"11","JR":"11","JQ":"11","MR":"11"},"7M":{"VX":"11"},"G5":{"C8":"11","RM":"11","WF":"11","9F":"11","JF":"11","WH":"11","RG":"11","Q7":"11","RP":"11","RF":"11","9C":"11","WQ":"11","RJ":"11","F8":"11","HF":"11","WM":"11","P7":"11","XM":"11","RH":"11","CP":"11","WJ":"11","WR":"11","FJ":"11"},"RG":{"HR":"11","JQ":"11","HQ":"11","MQ":"11","MR":"11","GR":"11","HV":"11","GP":"11","JM":"11","MM":"11","MV":"11","GM":"11","JV":"11","GQ":"11"},"5R":{"Q2":"11"},"JM":{"VV":"11","RV":"11"},"CQ":{"HW":"11","GV":"11","CH":"11","PX":"11","HV":"11"},"JJ":{"J8":"11","F8":"11","M8":"11","78":"11","G8":"11","96":"11","Q8":"11","77":"11","P8":"11","W9":"11","87":"11","86":"11","P9":"11","C7":"11","88":"11","G7":"11","H8":"11","V9":"11","Q9":"11","M9":"11","R9":"11","F7":"11","97":"11"},"9P":{"63":"11","62":"11","53":"11"},"GJ":{"PQ":"11","RQ":"11","QQ":"11","WQ":"11","QR":"11","RR":"11","VQ":"11"},"G7":{"V4":"11","RJ":"11","MM":"11","V5":"11","5W":"11","HM":"11","5X":"11","WH":"11","GM":"11","CP":"11","7M":"11","XG":"11","JM":"11","9P":"11","FP":"11","PJ":"11","VH":"11","VJ":"11","V6":"11","5V":"11","GP":"11","QJ":"11"},"PJ":{"2W":"11","3W":"11","7V":"11","2V":"11","6V":"11","3V":"11","5V":"11"},"QG":{"WJ":"11","WG":"11","WH":"11","VG":"11"},"9W":{"M6":"11","35":"11","F4":"11","25":"11","C4":"11","26":"11"},"H8":{"8W":"11","8R":"11","5W":"11","49":"11","7W":"11","6X":"11","8V":"11","39":"11","5X":"11","3C":"11"},"VH":{"3W":"11","4W":"11","3V":"11","4V":"11","5V":"11"},"H5":{"GW":"11","FX":"11","CV":"11","GV":"11","GX":"11"},"CJ":{"6V":"11"},"F7":{"QW":"11","RX":"3|11","MQ":"11","QX":"3|11","PX":"11","QV":"11","PW":"11","MR":"11"},"8W":{"Q7":"11","G2":"11","R7":"11","M6":"11","H3":"11","J6":"11","M7":"11"},"MJ":{"7G":"11","QV":"11","PV":"11","QR":"11","RR":"11","GQ":"11","GR":"11","WV":"11","PR":"11","6H":"11","XW":"11","7H":"11","JQ":"11","HR":"11","VV":"11","RV":"11","6G":"11","HQ":"11","XV":"11","MR":"11","JR":"11"},"G6":{"R5":"11","RF":"11","RG":"11","R6":"11","R7":"11","R4":"11","R8":"11","VG":"11"},"H6":{"G9":"11","3W":"11","GC":"11","HJ":"11","G8":"11","G2":"11","HP":"11","GP":"11","3X":"11","F8":"11","F7":"11","F3":"11","F9":"11","HM":"11","F6":"11","F4":"11","4X":"11"}},"VW":{"RX":{"5C":"11","2F":"11","87":"11","4C":"11","C5":"11","59":"11","78":"11","88":"11","97":"11","F5":"11","96":"11","G4":"11","H3":"11","69":"11","68":"11","G3":"11","C6":"11","2C":"11","3C":"11"},"XR":{"66":"11","55":"11","F7":"11","96":"11","G6":"11","24":"11","C7":"11","45":"11","C6":"11","95":"11","F6":"11","56":"11"},"F8":{"85":"11","84":"11"},"VW":{"3W":"11"},"X7":{"MF":"3|11","MH":"3","VR":"11","CH":"11","PQ":"11","9H":"11","QQ":"11","QF":"3","PF":"3|11","PJ":"11","HH":"11","JG":"11","6M":"11","XV":"11","RQ":"11","MG":"3|11","7P":"11","8H":"11","PH":"3","CG":"11","2H":"11","PC":"3","4M":"11","RR":"11","MM":"11","PV":"11","3J":"11","PM":"11","9G":"11","3M":"11","PG":"3","PP":"11","XR":"11","QC":"3","7J":"11","7M":"11","MP":"11|3","WR":"11","MJ":"11","5M":"11","2J":"11","MC":"3","GH":"11","FH":"11","HG":"11"},"XJ":{"96":"11","C7":"11","97":"11"},"RC":{"63":"11","MC":"11","36":"11","46":"11","PF":"11","MF":"11","55":"11","52":"11","43":"11","53":"11","JF":"11"},"W8":{"22":"3","23":"3"},"WC":{"VV":"11","VR":"11","5R":"11","6R":"11"},"R8":{"HX":"11","8V":"11","C6":"11","5R":"11","6R":"11","7V":"11","7R":"11","C8":"11","8R":"11","9V":"11","5Q":"11"},"Q8":{"CC":"11","88":"11","CF":"11","FF":"11","7M":"11","GP":"11","3J":"11","G4":"11","57":"11","H3":"11","69":"11","68":"11","VH":"11","G3":"11","V7":"11","5M":"11","84":"11","C9":"11","56":"11","F4":"11","99":"11","98":"11","94":"11"},"Q7":{"HX":"11","HW":"11","PR":"11","HV":"11","QR":"11"},"QQ":{"6F":"11","5G":"11","78":"11","5F":"11","H6":"11","88":"11","77":"11","7C":"11","F8":"11","F7":"11","76":"11","3J":"11","H7":"11","J6":"11","67":"11","4H":"11","J7":"11","G7":"11","4J":"11","6C":"11"},"J9":{"48":"11","5G":"11","5C":"11","69":"11","49":"11","2F":"11","3G":"11","59":"11","4G":"11","6C":"11"},"QX":{"JP":"11","PR":"11","QJ":"11","WH":"11","VJ":"11","MQ":"11","WG":"11","PQ":"11","RJ":"11","PM":"11","QM":"11","MM":"11","XG":"11","GM":"11","VH":"11","XF":"11","MP":"11"},"P8":{"W2":"11","W3":"11","X2":"11","X3":"11"},"WH":{"PF":"11","JF":"11","HG":"11","7G":"11","52":"11","9G":"11","CG":"11","6G":"11","MF":"11","JG":"11","PC":"11","GG":"11"},"CV":{"JV":"11","HW":"11","FQ":"11","HV":"11","JW":"11"},"WF":{"F4":"11"},"XH":{"J9":"11","HC":"11","M9":"11","FC":"11","GC":"11","H9":"11"},"XP":{"PV":"11"},"VG":{"V7":"11","R7":"11","R8":"11"},"XF":{"72":"11","32":"11","82":"11"},"V8":{"X2":"11","H2":"11","G2":"11"},"P9":{"VF":"11","W9":"11","WF":"11","WH":"11","VJ":"11","VC":"11","WG":"11","WC":"11","VM":"11","WJ":"11"},"PQ":{"9C":"11","MH":"11","WP":"11","GQ":"11","P8":"11","PQ":"11","M8":"11","QF":"11","PF":"11","XP":"11","Q8":"11","HP":"11","HM":"11","RF":"11","V6":"3","JM":"11","PH":"11","MQ":"11","HQ":"11","VP":"11","R8":"11","Q9":"11","VQ":"11","VF":"11","F9":"11","PG":"11","RC":"11","H6":"11","XM":"11","QC":"11","JP":"11","V7":"3","MJ":"11","R9":"11","C9":"11","JJ":"11","JR":"11","J9":"3","J8":"3|11"},"RQ":{"8W":"11","7W":"11","7V":"11","9W":"11","9X":"11","8X":"11","8V":"11","9V":"11"},"QF":{"8J":"11","9M":"11","CM":"11","7J":"11","9J":"11","CJ":"11"},"RW":{"JX":"11","RP":"11","MV":"11","QQ":"11","PV":"11","WQ":"11","MW":"11","QV":"11","PR":"11","PW":"11","QR":"11"},"WG":{"5X":"11"},"VX":{"3C":"11","2C":"11","29":"11"},"R7":{"4X":"3","XR":"11","3X":"3","QV":"11","PV":"11","FV":"3","GV":"3","5X":"3","FW":"3","9X":"3","CX":"3","WR":"11","WV":"11","CW":"3","8X":"3","JV":"11","HV":"11","MV":"11","RV":"11","VV":"11","7X":"3","XV":"11"},"R9":{"7R":"11","5Q":"11","8M":"11","JJ":"11","HJ":"11","JH":"11","6R":"11","6Q":"11","7W":"11","9M":"11","7V":"11","7P":"11","8P":"11","CJ":"11","6X":"11","CM":"11","6P":"11","5X":"11"},"V7":{"8M":"11","VW":"3","GX":"11","4R":"11","7J":"11","QV":"3","FG":"11","HW":"11","QR":"3","R8":"11","3W":"11","FF":"11","RR":"3","PM":"11","5Q":"11","MF":"3","PH":"11","WW":"3","7M":"11","GW":"11","PF":"3|11","FX":"11","8J":"11","WV":"3","PC":"3|11","4Q":"11","5R":"11","PQ":"3","PR":"3","GG":"11","XW":"3","XX":"11","PP":"11","PG":"3|11","RV":"3","VV":"3","2R":"11","R7":"11","HX":"11","R9":"11","JC":"11","WX":"11","MC":"3|11","3R":"11"},"MQ":{"V8":"11","H8":"3|11","G8":"3","G9":"11","W8":"11","P8":"11","G7":"3"},"W7":{"6W":"11","G9":"11","W9":"11","6V":"11","2W":"3","3W":"3|11","HC":"11","GC":"11","G8":"11","XH":"11","FF":"11","2X":"11","5W":"11","3X":"11","GF":"11","4W":"3","XG":"11","WC":"11","XC":"11","XF":"11","FG":"11"},"XC":{"2X":"11","3W":"11","7X":"11","4W":"11","3X":"11","5W":"11","4V":"11","6W":"11","4X":"11","5V":"11"},"VC":{"9M":"11","GF":"11","FG":"11","GH":"11","QR":"11","FH":"11","FF":"11","QQ":"11","HM":"11","CH":"11","HJ":"11","9J":"11","HP":"11","PR":"11","RQ":"11","VQ":"11","GG":"11","GJ":"11","JP":"11","FC":"11","JQ":"11","CJ":"11","MQ":"11","MR":"11","JR":"11"}},"GX":{"57":{"J8":"11","H8":"11"},"47":{"VV":"11"},"49":{"Q6":"11","G6":"11","R6":"11"}},"QV":{"62":{"RW":"11","VQ":"11","VV":"11","WP":"11","QX":"11","RX":"11","WQ":"11","VW":"11","QW":"11","VR":"11","RV":"11"},"64":{"78":"11","2P":"11","68":"11","6C":"11","5G":"11","3P":"11","77":"11","4H":"11","F3":"11","5C":"11","88":"11","G3":"11","4G":"11","3M":"11","3Q":"11","2R":"11","4J":"11","69":"11","3J":"11","F2":"11","2Q":"11","G2":"11","5F":"11"},"55":{"G3":"11"},"54":{"WV":"11","XV":"11","WW":"11","XR":"11"},"63":{"M8":"11","M7":"11","GX":"11","P6":"11","JF":"11","P3":"11","GV":"11","HM":"11","Q4":"11","MF":"11","HJ":"11","GQ":"11","Q2":"11","M6":"11","GW":"11","HP":"11","GR":"11","P5":"11","JM":"11","JJ":"11","MG":"11","JP":"11","JG":"11","Q3":"11","P7":"11","JH":"11","P4":"11","HR":"11","HQ":"11","M9":"11","MC":"11"},"72":{"37":"11","44":"11","54":"11","38":"11","2J":"11","47":"11","2M":"11","52":"11","2H":"11","43":"11","39":"11","2C":"11","48":"11","46":"11","2G":"11","29":"11","3C":"11","45":"11","53":"11","2F":"11","3F":"11"},"45":{"W7":"11","W6":"11"}},"HW":{"XF":{"W2":"11"}},"QR":{"7X":{"6W":"11","6F":"11","66":"11","6V":"11","5V":"11","6J":"11","7G":"11","6H":"11","6R":"11","5W":"11","6Q":"11","69":"11","5R":"11","68":"11","6G":"11","6M":"11","67":"11","6P":"11","5X":"11","6C":"11"}},"FV":{"WV":{"PQ":"11","JR":"11","PM":"11","QQ":"11","HR":"11","QJ":"11","QM":"11","PR":"11","QR":"11","QP":"11","PJ":"11","MR":"11"}},"GV":{"HR":{"54":"11"},"HP":{"GW":"11","JR":"11","GV":"11","HR":"11","HV":"11"}},"QQ":{"W8":{"2H":"11","2C":"11","2F":"11","2G":"11"},"P2":{"2V":"11","3V":"11","3R":"11"},"P3":{"96":"11","95":"11","86":"11","C5":"11","76":"11","75":"11","65":"11"},"96":{"3G":"11","5J":"11","2M":"11","3H":"11","5H":"11","3M":"11","2H":"11","4H":"11","4M":"11","4J":"11"},"Q8":{"J3":"11","H4":"11","H3":"11"},"H7":{"6Q":"11","6P":"11","5M":"11","5P":"11"},"Q7":{"JR":"11","JQ":"11"},"F6":{"6V":"11","RJ":"11","HM":"11","QH":"11","PH":"11","MF":"11","CR":"11","7R":"11","WH":"11","XH":"11","3V":"11","GM":"11","7V":"11","CP":"11","RH":"11","XF":"11","PF":"11","XG":"11","JM":"11","CQ":"11","9Q":"11","2V":"11","JJ":"11","MG":"11","FP":"11","JH":"11","FQ":"11","9R":"11","4V":"11","PG":"11","VH":"11","VJ":"11","5V":"11","8R":"11","GP":"11","MJ":"11","MH":"11"},"J4":{"QW":"11","VV":"11","WV":"11","RV":"11","PV":"11","XV":"11","QV":"11","PW":"11","RW":"11"},"HG":{"VF":"11","WF":"11","VC":"11","W8":"11","V8":"11","V9":"11","W7":"11","WC":"11","V7":"11"},"M4":{"2R":"11","4R":"11","9R":"11","2V":"11","8R":"11","4Q":"11","3R":"11"},"86":{"WM":"11","WG":"11","XH":"11","VM":"11","VF":"11","XM":"11","XG":"11","VG":"11","JP":"11"},"V8":{"VP":"11","X8":"11","VQ":"11","QR":"11","WP":"11","XJ":"11","X9":"11","XH":"11","W8":"11","WM":"11","QV":"11","W7":"11","RQ":"11","XP":"11","XM":"11","XC":"11","RR":"11"},"C6":{"4X":"11","FR":"11","6W":"11","3X":"11","MP":"11","MM":"11","9V":"11","FV":"11","GV":"11","QQ":"11","HM":"11","5X":"11","PM":"11","7W":"11","CV":"11","GM":"11","6X":"11","HP":"11","GR":"11","2X":"11","PQ":"11","9W":"11","HR":"11","PP":"11","HQ":"11","7X":"11","8W":"11","GP":"11","MJ":"11"},"G5":{"9X":"11","CX":"11"},"M2":{"FX":"11","CX":"11"},"C7":{"42":"11","22":"11","32":"11"},"76":{"9W":"11","8W":"11","9X":"11","7W":"11","CX":"11","CW":"11","8X":"11"},"R7":{"RQ":"11","P5":"11","QR":"11","P6":"11"},"V6":{"MX":"11","HX":"11","JX":"11","JV":"3","RQ":"11","MV":"3","PR":"11","JW":"3","MR":"11"},"R9":{"QF":"11","MG":"11","PF":"11","MF":"11"},"97":{"X2":"11"},"V7":{"C4":"11","C5":"11","H2":"11","G4":"11","J2":"11","39":"11","F4":"11","3C":"11","99":"11"},"G6":{"64":"11","65":"11","C2":"11","55":"11","73":"11","92":"11","74":"11","84":"11","83":"11"},"M3":{"C2":"11"}},"W2":{"2Q":{"Q7":"11"},"2M":{"JR":"11"},"QF":{"8V":"11","9V":"11"},"2P":{"3M":"11"}},"FW":{"W7":{"2Q":"11","3Q":"11"}},"JW":{"44":{"RV":"11","RW":"11"},"45":{"96":"11","C7":"11","C6":"11","F7":"11"},"29":{"5X":"11"},"VG":{"P2":"11"},"P9":{"RF":"11"}},"WW":{"2R":{"8M":"11","V4":"11","9M":"11","M8":"11","7P":"11","4R":"11","V5":"11","JF":"11","6P":"11","8P":"11","FH":"11","Q8":"11","Q7":"11","W2":"11","7Q":"11","CH":"11","5Q":"11","P8":"11","HG":"11","7R":"11","9J":"11","5P":"11","R6":"11","W3":"11","4Q":"11","8H":"11","JJ":"11","W4":"11","GG":"11","HF":"11","3Q":"11","PJ":"11","7X":"11","M9":"11","R7":"11","6Q":"11","V6":"11","4P":"11","JC":"11","8R":"11","V3":"11","MC":"11","3R":"11","QJ":"11"},"97":{"44":"11","P2":"11","83":"11","54":"11","93":"11","J2":"11","25":"11","Q2":"11","F3":"11","74":"11","35":"11","M2":"11","C3":"11","64":"11","H2":"11","G3":"11","55":"11","H3":"11","45":"11","84":"11","94":"11","G2":"11"},"58":{"P8":"11"},"WG":{"5M":"11"},"R7":{"43":"11","63":"11","52":"11","35":"11","25":"11","44":"11","34":"11","53":"11"},"6W":{"5R":"11","4Q":"11","5Q":"11"},"5P":{"RG":"11","MJ":"11"},"87":{"F8":"11","M7":"11","78":"11","P6":"11","68":"11","J7":"11","H7":"11","W6":"11","M6":"11","39":"11","2C":"11","R6":"11","C8":"11","59":"11","C7":"11","88":"11","Q6":"11","W5":"11","P7":"11","X5":"11","G7":"11","3C":"11","49":"11","98":"11","69":"11","V6":"11","F7":"11","97":"11","4C":"11","79":"11"},"7G":{"46":"11","F2":"11"},"G6":{"C8":"11","5C":"11","P6":"11","4C":"11","59":"11","88":"11","G8":"11","49":"11","Q6":"11","M6":"11","F8":"11","F7":"11","H7":"11","P7":"11","69":"11","M7":"11","89":"11","2C":"11","79":"11","J7":"11","G7":"11","98":"11","3C":"11"},"C6":{"FR":"11","6V":"11","MP":"11","8V":"11","3W":"11","CR":"11","7R":"11","7V":"11","4W":"11","GQ":"11","HP":"11","WM":"11","QM":"11","XM":"11","CQ":"11","JP":"11","FQ":"11","9R":"11","2W":"11","PP":"11","4V":"11","HQ":"11","QP":"11","5V":"11","8R":"11","RM":"11","VM":"11"},"7F":{"RX":"11","FX":"11","FM":"11","9M":"11","CM":"11","GJ":"11","FJ":"11","9Q":"11","QX":"11","2C":"11","2F":"11","HV":"11"},"4J":{"PJ":"11","3F":"11","2F":"11","QJ":"11","5F":"11","PH":"11","29":"11","MF":"11","2C":"11","4F":"11"},"7P":{"39":"11","87":"11","77":"11","78":"11","29":"11","97":"11"},"4P":{"2W":"11","9X":"11","V8":"11","7X":"11","8X":"11","PP":"11"},"6P":{"C8":"11","8F":"11","R8":"11","9F":"11","QJ":"11","8J":"11","JC":"11","JF":"11","6J":"11","8H":"11","F8":"11","Q8":"11","C7":"11","P5":"11","C6":"11","F6":"11"},"49":{"C8":"11","F2":"11","C9":"11","G2":"11"},"4Q":{"Q3":"11","H4":"11","F3":"11","G4":"11","G3":"11","P3":"11","H5":"11"},"2H":{"M5":"11","M6":"11","M7":"11","M8":"11","P7":"11","P6":"11"},"27":{"7R":"11","2R":"11","JP":"11","PJ":"11","PG":"11","8R":"11","5V":"11","JQ":"11","FQ":"11","WH":"11","RG":"11","MG":"11","JJ":"11","HQ":"11","4R":"11","WG":"11","6R":"11","VG":"11","3R":"11","XH":"11","GR":"11","4V":"11","PM":"11","FR":"11","9R":"11","CR":"11","JM":"11","MM":"11","2V":"11","5R":"11","XG":"11","3V":"11","GQ":"11","MP":"11"},"5Q":{"CV":"11","9V":"11"},"M6":{"6W":"11","PR":"11","HR":"11","2W":"11","3W":"11","QQ":"11","XQ":"11","VQ":"11","QR":"11","JR":"11","CV":"11","MR":"11","GR":"11","WQ":"11","5W":"11","FR":"11","CR":"11","9R":"11","FV":"11","7W":"11","4W":"11","7V":"11","VR":"11","RQ":"11","GV":"11","8V":"11","9V":"11","RR":"11"},"J6":{"QW":"11","VW":"11","PV":"11","8P":"3","3W":"11","7Q":"3","5Q":"3","3V":"11","WW":"11","5P":"3","FM":"11","8Q":"3","4Q":"3","2V":"11","JV":"11","HV":"11","XW":"11","MV":"11","2W":"11","RW":"11","2R":"11","FJ":"11","6Q":"3","4P":"3"},"F6":{"PF":"11","VF":"11","WF":"11","JF":"11","HG":"11","6J":"11","MG":"11","RF":"11","5J":"11","9H":"11","8H":"11","2M":"11","HF":"11","QF":"11","7H":"11","3J":"11","CG":"11","WC":"11","MF":"11","XC":"11","7J":"11","3M":"11","JG":"11","FG":"11","CH":"11","GG":"11","2J":"11","4J":"11"},"4M":{"CC":"11","2R":"11","2M":"11","9H":"11","FC":"11","76":"11","9G":"11","F9":"11","3M":"11","2J":"11"},"3F":{"62":"11","64":"11","65":"11","55":"11","27":"11","49":"11","26":"11","52":"11","35":"11","45":"11","44":"11","39":"11","2C":"11","3C":"11"},"67":{"2W":"11","2R":"11","5R":"11","3W":"11","4W":"11","3X":"11","2V":"11","2P":"11","4V":"11","5V":"11","5Q":"11"},"8C":{"7Q":"11","8V":"11","7V":"11","7R":"11","8R":"11"},"3J":{"J2":"11","X9":"11","HG":"11","M9":"11","M8":"11","P9":"11","JG":"11"},"2Q":{"VW":"11","X5":"11","X4":"11","W5":"11","WW":"11","W6":"11","WX":"11"},"48":{"62":"11","42":"11","32":"11","C2":"11","G2":"11","92":"11","82":"11","H2":"11","52":"11","72":"11","J2":"11","22":"11","F2":"11"},"4H":{"87":"11","MJ":"11"},"3R":{"2W":"11"},"8J":{"JP":"11","8J":"11","HP":"11","8H":"11","9M":"11","CJ":"11","CM":"11","MP":"11","2J":"11","9J":"11"},"3M":{"GH":"11","HH":"11","JH":"11","HJ":"11","JG":"11"},"96":{"VX":"11","RX":"11","XW":"11","XX":"11","QX":"11","PX":"11","WW":"11","WX":"11"},"P7":{"W2":"11","W3":"11","V2":"11","X4":"11","X3":"11","V3":"11"},"Q7":{"44":"11","M7":"11","P6":"11","J7":"11","66":"11","96":"11","H7":"11","F6":"11","X6":"11","W6":"11","34":"11","87":"11","M6":"11","35":"11","86":"11|3","R6":"11","C6":"11","C7":"11","Q6":"11","76":"11","W5":"11","X5":"11","G7":"11","55":"11","24":"11","V6":"11","45":"11","F7":"11","97":"11","J6":"11","G6":"11","H6":"11","56":"11"},"5J":{"7P":"11","MP":"11","6P":"11","8P":"11","GM":"11","6M":"11","5P":"11","FM":"11","HP":"11","5M":"11","JM":"11","RQ":"11","9P":"11","VQ":"11","4M":"11","JP":"11","3M":"11","PJ":"11","PP":"11","V6":"11","WJ":"11","GP":"11","VP":"11"},"H6":{"XV":"11"},"P6":{"9M":"11","7P":"11","GF":"11","MP":"11","QV":"11","MM":"11","6P":"11","CM":"11","GH":"11","8P":"11","QR":"11","5Q":"11","MF":"11","HG":"11","CP":"11","5P":"11","FM":"11","PF":"11","PC":"11","4Q":"11","PQ":"11","PR":"11","MG":"11","9P":"11","GG":"11","HF":"11","GJ":"11","3Q":"11","HC":"11","RW":"11","PP":"11","RV":"11","VX":"11","FJ":"11","CJ":"11","JC":"11","MQ":"11","2Q":"11","MJ":"11","MC":"11","MH":"11"},"57":{"XW":"11","HR":"11","6V":"11","2W":"11","3W":"11","5V":"11","VP":"11","JQ":"11","QQ":"11","XQ":"11","JR":"11","HQ":"11","RP":"11","XR":"11","WP":"11","MQ":"11","PQ":"11","QP":"11","GR":"11","5W":"11","FR":"11","CR":"11","9R":"11","WM":"11","4W":"11","7V":"11","XV":"11","XP":"11","8V":"11","XM":"11","9V":"11","VM":"11"},"FG":{"8H":"11"},"6J":{"WP":"11","VV":"11","JV":"11","VR":"11","MV":"11","WR":"11","PV":"11","WQ":"11","XP":"11","VQ":"11","MR":"11"},"7J":{"7G":"11","7M":"11","FX":"11","5J":"11","5H":"11","JC":"11","XJ":"11","6H":"11","HC":"11","6G":"11","4M":"11","WG":"11","GX":"11","7H":"11","4Q":"11","XG":"11"},"47":{"VX":"11","MX":"11","VW":"11","HX":"11","JX":"11","XW":"11","RX":"11","2X":"11","QX":"11","3X":"11","PX":"11","RW":"11","WW":"11"},"3P":{"RW":"11","6W":"11","VW":"11","3X":"11","7W":"11","QW":"11","7V":"11","6X":"11","8V":"11","5X":"11","4X":"11"},"2C":{"84":"11","83":"11","73":"11","74":"11"},"5F":{"PR":"11","PV":"11","HQ":"11","XR":"11","HV":"11","GV":"11","JV":"11","RV":"11","WV":"11"},"3C":{"6X":"11","5X":"11"},"6F":{"XC":"11","MG":"11","XF":"11","Q7":"11","F8":"11","PG":"11"},"2F":{"WF":"11","X7":"11","X8":"11","M5":"11","VC":"11","M6":"11","W8":"11","J5":"11","J6":"11","WC":"11","H5":"11","XC":"11"},"2J":{"QF":"11","QC":"11","RC":"11","PF":"11"},"37":{"VX":"11","7G":"11","5G":"11","QW":"11","RX":"11","MQ":"11","5H":"11","6H":"11","HG":"11","3H":"11","6G":"11","4H":"11","QX":"11","PW":"11","3G":"11","2G":"11","MP":"11","4G":"11","WX":"11"},"MC":{"96":"11","C6":"11"},"7H":{"JP":"11","PR":"11","PV":"11","PW":"11","JJ":"11","MQ":"11","QX":"11","MR":"11","QW":"11","JM":"11","PX":"11","MP":"11"},"2W":{"H4":"11","J4":"11","H3":"11"},"3H":{"7R":"11","MX":"11","6V":"11","8R":"11","5V":"11","CV":"11","GW":"11","JW":"11","JX":"11","5W":"11","CR":"11","9R":"11","3X":"11","FV":"11","4W":"11","7V":"11","GV":"11","8V":"11","9V":"11","HW":"11","4X":"11"},"77":{"PF":"11","RC":"11","JF":"11","HG":"11","6H":"11","RF":"11","VC":"11","8H":"11","9H":"11","HF":"11","QF":"11","7H":"11","9G":"11","CG":"11","5H":"11","WC":"11","MF":"11","XC":"11","JG":"11","FG":"11","CH":"11","GG":"11"},"3Q":{"33":"11","24":"11","5W":"11","22":"11","32":"11","23":"11"},"4C":{"GV":"11","HR":"11","FV":"11","HV":"11"}},"9X":{"XH":{"WG":"11","XF":"11","WH":"11","XH":"11","XG":"11"},"JP":{"V8":"11","RF":"11","RG":"11","RH":"11","V9":"11","RC":"11","QH":"11","R7":"11","R6":"11","QJ":"11","VC":"11","R8":"11","R9":"11"}},"Q2":{"XC":{"5C":"11","62":"11","8F":"11","9F":"11","FP":"11","59":"11","FQ":"11","55":"11","7C":"11","CV":"11","CQ":"11","FM":"11","CR":"11","54":"11","63":"11","52":"11","9G":"11","9W":"11","CG":"11","CJ":"11","9X":"11","8X":"11","9V":"11","CM":"11","CH":"11","CP":"11","8C":"11","6C":"11","53":"11"},"WC":{"VX":"11"},"WJ":{"VF":"11","WF":"11","WH":"11","WP":"11","G2":"11","WG":"11","VC":"11","XH":"11","WQ":"11","P8":"11","Q8":"11","V9":"11","H2":"11","Q9":"11","XG":"11","M7":"11","WC":"11"},"X9":{"7Q":"11","6X":"11","8M":"11","7M":"11","7V":"11","7R":"11","8R":"11","8Q":"11"},"XJ":{"3W":"11","3X":"11","4X":"11"},"X7":{"X7":"11","X8":"11"},"XQ":{"X2":"11"},"WG":{"PM":"11","PG":"11","PJ":"11","P7":"11","P8":"11"},"XF":{"73":"11","42":"11","72":"11","82":"11"},"X8":{"V4":"11","MM":"11","V5":"11","R8":"11","PH":"11","QC":"11","R6":"11","PF":"11","R5":"11","V2":"11","JP":"11","QF":"11","JQ":"11","PG":"11","Q9":"11","R7":"11","V6":"11","R9":"11","MJ":"11","V3":"11","JR":"11","MH":"11"},"WH":{"GW":"11","CV":"3|11","GV":"11","FV":"11"},"XP":{"QW":"11","VW":"11","GC":"11","C9":"11","QR":"11","99":"11","75":"11","HG":"11","CC":"11","HJ":"11","WW":"11","74":"11","HP":"11","65":"11","PQ":"11","64":"11","PR":"11","XW":"11","HF":"11","JP":"11","JG":"11","JH":"11","HC":"11","XX":"11","RW":"11","VV":"11","RV":"11","69":"11","WX":"11","HH":"11","62":"11"},"XM":{"7R":"11","42":"11","32":"11","7X":"11","5J":"11","7Q":"11","6Q":"11","7W":"11","43":"11","7V":"11","5H":"11","6X":"11","5P":"11","5M":"11","6M":"11","6P":"11"},"WF":{"V6":"11","QW":"11","QF":"11","V4":"11","V7":"11","V5":"11","PM":"11","QQ":"11","V2":"11","RV":"11","R6":"11","R7":"11","W5":"11","QR":"11","RR":"11","PP":"11","RW":"11","QP":"11","V3":"11","W4":"11"}},"GW":{"5J":{"H2":"11"},"5H":{"HX":"11","GW":"11","HW":"11","GV":"11"}},"CX":{"57":{"C4":"3"},"2H":{"JP":"11","MJ":"11","6F":"11","5G":"11","HR":"11","HG":"11","JJ":"11","HQ":"11","4R":"11","JH":"11","HP":"11","GR":"11","4V":"11","CW":"11","FR":"11","FV":"11","JM":"11","3H":"11","4W":"11","GV":"11","9W":"11","9X":"11","5H":"11","8X":"11","6G":"11","GQ":"11","4Q":"11","JG":"11","2H":"11","HH":"11","4H":"11","6C":"11"},"2J":{"64":"11","33":"11","73":"11","82":"11","54":"11","63":"11","72":"11","44":"11","34":"11","53":"11"},"78":{"C5":"11","97":"11","F5":"11","F7":"11","96":"11","G6":"11","C7":"11","G5":"11","C6":"11","95":"11","F6":"11"}},"WM":{"28":{"6V":"11","2G":"11","6R":"11","6Q":"11","3H":"11","5R":"11","5P":"11","5M":"11","2H":"11","6P":"11","4M":"11","4J":"11"}},"W3":{"V3":{"5H":"11","5J":"11","7G":"11","66":"11","83":"11","75":"11","82":"11","58":"11","5P":"11","74":"11","73":"11","48":"11","57":"11","5M":"11","65":"11","6H":"11","92":"11","7H":"11","6G":"11","84":"11","56":"11"},"P6":{"C3":"11"},"H6":{"7R":"11","MJ":"11","6W":"11","QH":"11","VF":"11","WF":"11","6V":"11","8R":"11","5V":"11","PH":"11","9Q":"11","FQ":"11","RG":"11","JJ":"11","RF":"11","6R":"11","VG":"11","HP":"11","GR":"11","CQ":"11","5W":"11","GP":"11","FR":"11","JM":"11","7V":"11","8Q":"11","GV":"11","GQ":"11","8V":"11","MH":"11","XC":"11","XF":"11","QG":"11","HM":"11"},"M5":{"MX":"11","VW":"11","QW":"11","VV":"11","WV":"11","QX":"11","PX":"11","XV":"11","RW":"11","XR":"11"},"V2":{"JP":"11","HR":"11","QJ":"11","JQ":"11","WH":"11","HQ":"11","VJ":"11","MQ":"11","WG":"11","FW":"11","GR":"11","CW":"11","RJ":"11","PM":"11","QM":"11","PP":"11","FV":"11","GV":"11","XG":"11","9X":"11","VH":"11","RH":"11","CX":"11","MP":"11"},"M6":{"C4":"11","87":"11","C5":"11","M2":"11","96":"11","H2":"11","G4":"11","J2":"11","H3":"11","86":"11","G3":"11","95":"11","F4":"11"},"G6":{"63":"11","85":"11","57":"11","G4":"11","64":"11","G3":"11","66":"11","56":"11","54":"11","76":"11","55":"11","75":"11","52":"11","65":"11","53":"11"},"J6":{"99":"11","5C":"11","3C":"11","69":"11","68":"11","49":"11","4C":"11","CC":"11","MF":"11","79":"11","2C":"11","89":"11","59":"11","C9":"11"},"P5":{"2R":"11","5Q":"11","8J":"11","JF":"11","HG":"11","8M":"11","MG":"11","4R":"11","FH":"11","3R":"11","7M":"11","6Q":"11","9M":"11","7P":"11","CJ":"11","GH":"11","4Q":"11","MF":"11","5P":"11","JG":"11","CH":"11","6P":"11","GG":"11","9J":"11"},"W2":{"C8":"11","5C":"11","3F":"11","2F":"11","4C":"11","87":"11","59":"11","P4":"11","2G":"11","88":"11","M4":"11","M3":"11","69":"11","89":"11","P5":"11","P3":"11","79":"11","98":"11","4F":"11","6C":"11"}},"MW":{"MX":{"2J":"3","3P":"11","4H":"3","39":"11","5C":"11","59":"11","3G":"3","4G":"3","3Q":"11","3C":"11","49":"11","4J":"3","3J":"3","4C":"11","3H":"3","2Q":"11","5F":"11"},"FH":{"2X":"11","3X":"11"},"PM":{"HC":"11"},"6G":{"2F":"11","3G":"11","2G":"11","3F":"11"}},"FX":{"HW":{"W8":"11"}},"WV":{"JJ":{"VX":"11","RX":"11","XX":"11","QX":"11","PX":"11","WX":"11"},"JM":{"P2":"11","R2":"11"},"HJ":{"RQ":"11","CM":"11","CQ":"11","9Q":"11","8Q":"11","RR":"11","VQ":"11","CP":"11"},"MJ":{"8W":"11","7W":"11","2X":"11","7X":"11","8X":"11"}},"V2":{"RM":{"45":"11","C5":"11","2C":"11","75":"11","65":"11"},"R8":{"35":"11"},"9Q":{"XQ":"11"},"JF":{"56":"11"},"XQ":{"X2":"11","PG":"11","Q5":"11"},"Q4":{"49":"11","4C":"11"},"4R":{"V5":"11"},"G8":{"4R":"11"},"WP":{"JW":"11"},"RJ":{"5W":"11"},"9P":{"5R":"11","4R":"11"},"76":{"RQ":"11"},"7H":{"GR":"11"},"8P":{"GP":"11"},"XP":{"HG":"3","WV":"11","QG":"11","HH":"3","JH":"3","JG":"3"},"7J":{"GG":"11"},"3M":{"33":"11"},"VM":{"24":"11"}},"PR":{"44":{"PF":"11","W9":"11","PG":"11","RC":"11","X8":"11","MG":"11","RF":"11","JH":"11","VC":"11","W8":"11","QF":"11","V9":"11","MH":"11","QC":"11"}},"R2":{"44":{"F4":"11","7C":"11","6C":"11","F6":"11","J2":"11","C6":"11","G5":"11","M2":"11","C7":"11","2G":"11","88":"11","G4":"11","89":"11","6F":"11","G3":"11","98":"11","H3":"11","97":"11","F5":"11","79":"11","5F":"11"},"C2":{"33":"11","42":"11","52":"11","32":"11","23":"11"},"W6":{"X6":"11"},"82":{"5J":"11","2P":"11","7J":"11","RF":"11","WC":"11","GH":"11","FH":"11","3P":"11","VF":"11","5M":"11","8H":"11","6H":"11","MG":"11","4M":"11","GJ":"11","X9":"11","QF":"11","6J":"11","JH":"11","3M":"11","QG":"11","7H":"11","9H":"11","PG":"11","FJ":"11","CJ":"11","HH":"11","XC":"11","MH":"11","VC":"11"},"26":{"JP":"11","G9":"11","HR":"11","J9":"11","5V":"11","JQ":"11","9Q":"11","H8":"11","JR":"11","MQ":"11","6R":"11","4V":"11","GR":"11","5W":"11","CR":"11","9R":"11","9P":"11","8Q":"11","F9":"11","8P":"11","H9":"11","J8":"11","MP":"11","5X":"11"},"34":{"PV":"11","VP":"11","PW":"11","WH":"11","QR":"11","RP":"11","XH":"11","WM":"11","QV":"11","RQ":"11","XG":"11","RR":"11","VM":"11","WJ":"11"},"3V":{"7R":"11","5C":"11","6F":"11","5G":"11","4C":"11","59":"11","5F":"11","6J":"11","6H":"11","7M":"11","49":"11","7Q":"11","7P":"11","6G":"11","6M":"11"},"9X":{"HC":"11"},"43":{"MX":"11","JX":"11","QX":"11","PX":"11"},"25":{"RX":"11","VV":"11","RV":"11","QX":"11","RW":"11"},"74":{"9R":"11"},"35":{"6F":"11","5G":"11","7C":"11","4G":"11","3H":"11","3J":"11","7F":"11","89":"11","5H":"11","6G":"11","4H":"11","8C":"11","99":"11","98":"11"},"XQ":{"2J":"11"},"P9":{"CX":"11","FP":"11"},"2V":{"V6":"3","V4":"3","V5":"3","W2":"3","W3":"3","W5":"3","W4":"3"},"92":{"V3":"11","V4":"11","38":"11","P4":"11","Q4":"11","M5":"11","F5":"11","W3":"11","29":"11","Q5":"11","W4":"11","96":"11","J5":"11","X3":"11","G5":"11","86":"11","P5":"11","H5":"11","C6":"11","39":"11","F6":"11","X4":"11","R4":"11"},"9H":{"QW":"11"},"63":{"P2":"11","C4":"11","M2":"11","65":"11","75":"11","F3":"11","Q2":"11","G3":"11","85":"11","84":"11","F4":"11","94":"11"},"HQ":{"JX":"11"},"VH":{"8F":"11","5F":"11","8C":"11"},"Q9":{"8W":"11"},"2R":{"Q5":"3","RC":"3","RF":"3","P3":"3","R8":"3","Q8":"3","Q7":"3","J2":"3","C2":"11","Q4":"3","WW":"3","VR":"3","VG":"3","VF":"3","P5":"3","M2":"3","WR":"3","WV":"3","Q6":"3","VQ":"3","P4":"3","VV":"3","VH":"3","VJ":"3|11","R7":"3","R9":"3","WX":"3","F2":"11","M3":"3","VP":"3","VM":"3"},"M9":{"WR":"11"},"72":{"8M":"11","9M":"11","7P":"11","MP":"11","MM":"11","6P":"11","CM":"11","WP":"11","8P":"11","RP":"11","HM":"11","WQ":"11","5Q":"11","5P":"11","FM":"11","XP":"11","HP":"11","4Q":"11","JM":"11","2V":"11","RQ":"11","FP":"11","VQ":"11","JP":"11","3Q":"11","PP":"11","2R":"11","QP":"11","4P":"11","GP":"11","3R":"11"},"27":{"34":"11","35":"11","42":"11","27":"11","25":"11","52":"11","26":"11"},"53":{"R7":"11","Q7":"11"},"2Q":{"5J":"11","7P":"11","GX":"3","8P":"11","9V":"11","38":"11","26":"11","4H":"11","34":"11","6M":"11","22":"11","25":"11","8Q":"11","23":"11","FX":"3","CW":"11","9Q":"11","6H":"11","6J":"11","4G":"11","9R":"11","9W":"11","3C":"11","JX":"3","49":"11","4J":"11","HX":"3","24":"11","4C":"11","27":"11","4F":"11","3F":"11"},"62":{"RW":"11","WW":"11","XR":"11","QX":"11","RX":"11","VW":"11","XV":"11","PX":"11","WV":"11","VX":"11"}},"RQ":{"34":{"C7":"11","F7":"11","G6":"11","C8":"11","C9":"11","F6":"11","G7":"11"}},"XW":{"F8":{"PQ":"11","MV":"11","PV":"11","PW":"11"},"78":{"38":"11","48":"11","64":"11","42":"11","32":"11","74":"11","63":"11","47":"11","37":"11","22":"11","53":"11"},"RC":{"PV":"11","2W":"11","JQ":"11","JR":"11","HQ":"11","XR":"11","VV":"11","HP":"11","MR":"11","7M":"11","FM":"11","QV":"11","VR":"11","MV":"11","7P":"11","GM":"11","RV":"11","RR":"11","6M":"11","6P":"11","WR":"11"},"JF":{"C8":"11","87":"11","77":"11","97":"11","27":"11","28":"11","57":"11","47":"11","37":"11","C7":"11","67":"11","98":"11"},"99":{"8W":"11","9W":"11","QW":"11","GW":"11","7W":"11","FW":"11","CW":"11","HW":"11","MW":"11","PW":"11","JW":"11"},"WF":{"2P":"11","3Q":"11","4Q":"11","3P":"11"},"QC":{"XR":"11","78":"11","68":"11","75":"11","38":"11","77":"11","34":"11","58":"11","C5":"11","74":"11","35":"11","48":"11","57":"11","C6":"11","65":"11","XW":"11","29":"11","XX":"11","55":"11","98":"11","VX":"11","45":"11","XV":"11","97":"11","WX":"11"},"VF":{"C2":"11","F2":"11"},"XF":{"RW":"11","PR":"11","PF":"11","WW":"11","PV":"11","QQ":"11","QR":"11","RP":"11","WP":"11","GW":"11","FW":"11","WQ":"11","VW":"11","WM":"11","QV":"11","RQ":"11","Q9":"11","WV":"11","QC":"11","HW":"11","PC":"11","WJ":"11","WR":"11"},"P9":{"JP":"11","6W":"11","HR":"11","8W":"11","JQ":"11","HQ":"11","CV":"11","GR":"11","CW":"11","VW":"11","FR":"11","FV":"11","7W":"11","JM":"11","9W":"11","GQ":"11","9V":"11","VX":"11"},"PC":{"63":"11","X9":"11","QC":"11","RC":"11","W3":"11","V2":"11","VC":"11","PC":"11","V3":"11","W4":"11"},"XG":{"28":"11","68":"11","2R":"11","XQ":"11","38":"11","WQ":"11","3V":"11","XP":"11","3Q":"11","XM":"11","58":"11","3R":"11"},"HF":{"X7":"11","V9":"11","X8":"11","W9":"11","W8":"11"},"QF":{"W2":"11","V2":"11","R2":"11"},"G9":{"85":"11","64":"11","75":"11","29":"11","22":"11","65":"11"},"X5":{"XC":"11","WC":"11","XF":"11"},"WG":{"V8":"11","35":"11","Q8":"11","25":"11","X8":"11","R8":"11","W8":"11"},"F9":{"HC":"11","W2":"11","X2":"11","HF":"11"},"VC":{"7W":"11","2Q":"11","2R":"11","8X":"11","6W":"11"}},"R3":{"C8":{"CC":"11","F8":"11"},"8F":{"VX":"11","VW":"11","RX":"11","QX":"11","RW":"11","WX":"11"},"77":{"M7":"11"},"QR":{"W9":"11","R9":"11","RC":"11","VC":"11","P9":"11","8G":"11","M9":"11","V9":"11","Q9":"11","WC":"11","XC":"11","XF":"11"},"55":{"6W":"11","5Q":"11","3F":"11","2F":"11","6V":"11","3G":"11","6R":"11","5J":"11","7X":"11","6Q":"11","7W":"11","4G":"11","3H":"11","5R":"11","6X":"11","5P":"11","5M":"11","2C":"11","4H":"11","4M":"11","4J":"11"},"8G":{"W2":"11","X2":"11","X3":"11"},"43":{"7R":"11","5C":"11","6F":"11","66":"11","59":"11","64":"11","42":"11","6J":"11","65":"11","6H":"11","7M":"11","7Q":"11","63":"11","7H":"11","7V":"11","52":"11","7P":"11","69":"11","68":"11","6G":"11","8V":"11","7J":"11","67":"11","6C":"11","53":"11"},"76":{"8M":"11"},"VR":{"QW":"11","VW":"11","7P":"11","PV":"11","QV":"11","6P":"11","QR":"11","9V":"11","8V":"11","2J":"11","7Q":"11","2M":"11","JW":"3","7R":"11","WW":"11","6M":"11","5P":"11","8Q":"11","MW":"3","5M":"11","WV":"11","PR":"11","JV":"3","4M":"11","MV":"3","3M":"11","9R":"11","XX":"11","RW":"11","RV":"11","VV":"11","VX":"11","4J":"11","6Q":"11","3J":"11","8R":"11","WX":"11"},"9G":{"34":"11","35":"11","24":"11","23":"11"},"45":{"V3":"11","V4":"11","W9":"11","V2":"11","V6":"11","X9":"11","R2":"11","W8":"11","V8":"11","W6":"11","W7":"11","V5":"11","WC":"11","XC":"11","V7":"11"},"R3":{"9M":"7"},"44":{"QW":"11","RX":"11","MP":"11","PV":"11","QV":"11","MM":"11","C9":"11","96":"11","93":"11","QX":"11","HG":"11","CC":"11","C5":"11","C6":"11","C8":"11","C7":"11","PQ":"11","PR":"11","JJ":"11","GG":"11","JG":"11","JH":"11","PP":"11","CF":"11","VX":"11","97":"11","94":"11","HH":"11","95":"11","MJ":"11"},"RR":{"HJ":"11","PQ":"11","7C":"11","QQ":"11","PR":"11","VM":"11","CF":"11","HH":"11","WJ":"11","HM":"11","7F":"11","RQ":"11","GG":"11","JM":"11","CG":"11","MQ":"11","VJ":"11","QR":"11","3F":"11","MM":"11","4F":"11","9G":"11","6C":"11","RM":"11","QM":"11","XJ":"11","PP":"11","QP":"11","FG":"11","8F":"11","RP":"11","JP":"11","RJ":"11","MP":"11","9F":"11","2C":"11","5F":"11","6F":"11","2F":"11","JJ":"11","GH":"11","FH":"11","GJ":"11"},"56":{"9G":"11","78":"11","7G":"11","7C":"11","FH":"11","83":"11","75":"11","CH":"11","77":"11","GM":"11","87":"11","FM":"11","74":"11","73":"11","86":"11","7F":"11","88":"11","76":"11","8C":"11","GJ":"11","89":"11","8G":"11","FJ":"11","72":"11","8F":"11","85":"11","CJ":"11","84":"11","62":"11","79":"11","CG":"11"},"98":{"C8":"11"}},"XX":{"RX":{"2Q":"11"},"9M":{"J7":"11","J8":"11","H8":"11","V7":"11","W7":"11","R7":"11","Q7":"11","P7":"11"},"MM":{"8J":"11","28":"11","36":"11","JM":"11","7J":"11","6M":"11","5M":"11","38":"11","7H":"11","HM":"11","HJ":"11","29":"11","58":"11","26":"11"},"HW":{"99":"11","HX":"11","GH":"11","HQ":"11","HW":"11","GJ":"11","8C":"11","GM":"11","HR":"11","89":"11","7C":"11","HV":"11","HP":"11"},"8V":{"5R":"11","4R":"11","6R":"11","7R":"11","8R":"11"},"FW":{"PF":"11","PG":"11","RC":"11","HG":"11","8M":"11","MG":"11","FH":"11","7M":"11","9M":"11","QF":"11","CJ":"11","GH":"11","QC":"11","JG":"11","6M":"11","FJ":"11","9J":"11"},"QX":{"J8":"11","RX":"11","37":"11","F8":"11","VW":"11","M8":"11","G8":"11","XJ":"11","66":"11","96":"11","F6":"11","QX":"11","47":"11","77":"7","WH":"11","XH":"11","WW":"11","87":"7","2C":"11","XQ":"11","86":"11|7","PF":"11","C6":"11","P9":"11","46":"11","RG":"11","C7":"11","PC":"11|3","76":"11|7","QF":"11","RW":"11","H8":"11","VH":"11","VX":"11","M9":"11","F7":"11","WJ":"11","27":"11","MC":"11|3","2F":"11","56":"11"},"7R":{"PR":"11","XQ":"11","VQ":"11","QR":"11","WP":"11","CV":"11","FW":"11","MR":"11","WQ":"11","FV":"11","7V":"11","VR":"11","MV":"11","XP":"11","JV":"11","8V":"11","9V":"11","RR":"11"},"PX":{"MJ":"11","5C":"11","PJ":"11","QH":"11","5Q":"11","4C":"11","8J":"11","PH":"11","X8":"11","HG":"11","8M":"11","RG":"11","4R":"11","JH":"11","WG":"11","VG":"11","7M":"11","4V":"11","9H":"11","4W":"11","CG":"11","XG":"11","CJ":"11","4Q":"11","7J":"11","5P":"11","5M":"11","XF":"11","RH":"11","FG":"11","CH":"11","GG":"11","9J":"11","4X":"11"},"GM":{"9X":"11","FX":"11","RF":"11","CX":"11"},"9X":{"9F":"11","HJ":"11","9C":"11","GJ":"11","C2":"11","FH":"11","CF":"11","9G":"11","CG":"11","GH":"11","95":"11","F2":"11","FG":"11"},"GW":{"2P":"11"},"FM":{"9G":"11","9H":"11","CG":"11"},"23":{"PV":"11"},"CX":{"69":"11","68":"11","58":"11"},"48":{"JX":"11"},"CW":{"GP":"11|3","GM":"11","HP":"11"},"JM":{"X8":"11","Q7":"11","X9":"11","MF":"11","XC":"11","XF":"11","PC":"11","MC":"11"},"2W":{"C8":"11","5C":"11","5F":"11","F7":"11","4G":"11","H7":"11","C7":"11","89":"11","79":"11","J7":"11","G7":"11","99":"11","98":"11","4F":"11","6C":"11"},"9W":{"MX":"11","HX":"11","FQ":"11","6J":"11","6H":"11","JX":"11","GP":"11","GX":"11","PX":"11","7J":"11","CP":"11","FX":"11"},"PW":{"3W":"11","4W":"11","3X":"11","3V":"11"},"HX":{"J8":"11","FR":"11","M8":"11","MP":"11","MM":"11","J7":"11","8V":"11","FV":"11","FW":"11","PM":"11","MF":"11","J4":"11","GQ":"11","CX":"11","HP":"11","GR":"11","CW":"11","H2":"11","JP":"11","H4":"11","PJ":"11","HQ":"11","H5":"11","H3":"11","M9":"11","J6":"11","MC":"11","J5":"11"},"5V":{"QF":"3"},"8R":{"2P":"11","3P":"11"},"GP":{"F2":"11"}},"VX":{"F4":{"G4":"11","G3":"11","C2":"11","H4":"11","92":"11"},"7C":{"XC":"11","X9":"11","XF":"11"},"J2":{"MJ":"11","PJ":"11","QH":"11","VF":"11","QJ":"11","8J":"11","PH":"11","6J":"11","RG":"11","JJ":"11","HJ":"11","GJ":"11","2P":"11","VC":"11","VG":"11","5J":"11","8H":"11","2M":"11","9H":"11","7H":"11","GM":"11","7J":"11","5P":"11","3M":"11","5M":"11","HM":"11","RH":"11","CH":"11","4M":"11"},"87":{"83":"11","93":"11","52":"11","C2":"11","82":"11","34":"11","74":"11","73":"11","23":"11","65":"11","C3":"11","64":"11","63":"11","55":"11","72":"11","24":"11","45":"11","84":"11","53":"11","62":"11"},"C5":{"2X":"11"},"F3":{"PJ":"11","QH":"11","VF":"11","HR":"11","WF":"11","JQ":"11","PH":"11","RG":"11","HQ":"11","MQ":"11","WG":"11","VG":"11","GR":"11","PM":"11","MM":"11","9X":"11","XC":"11","XF":"11","MP":"11"},"86":{"FX":"11","GX":"11"},"C6":{"C4":"11","38":"11","66":"11","C5":"11","33":"11","32":"11","75":"11","76":"11","35":"11","57":"11","47":"11","45":"11","85":"11","95":"11","56":"11","34":"11","F4":"11","94":"11"},"C8":{"WV":"11"},"M2":{"7R":"11","2R":"11","PR":"11","5Q":"11","PV":"11","8R":"11","JQ":"11","FQ":"11","HQ":"11","MQ":"11","PQ":"11","6R":"11","3R":"11","MR":"11","GR":"11","3Q":"11","FR":"11","CR":"11","9R":"11","6Q":"11","2V":"11","5R":"11","GQ":"11","4Q":"11"},"8C":{"66":"11","48":"11","29":"11","49":"11","76":"11","57":"11","39":"11","67":"11","58":"11"},"H2":{"8M":"11","9M":"11","7P":"11","RJ":"11","6P":"11","CM":"11","8P":"11","HJ":"11","GM":"11","7M":"11","FM":"11","XP":"11","WM":"11","XM":"11","2V":"11","JJ":"11","9P":"11","GJ":"11","PJ":"11","VJ":"11","6Q":"11","WJ":"11","MJ":"11","3R":"11","QJ":"11"},"89":{"6V":"11","RC":"11","RF":"11","5W":"11","8V":"11","HM":"11","QH":"11","PH":"11","7R":"11","GM":"11","7V":"11","4W":"11","HP":"11","RG":"11","JM":"11","CQ":"11","9Q":"11","JJ":"11","FP":"11","QF":"11","FQ":"11","9R":"11","QG":"11","PG":"11","5V":"11","8R":"11","GP":"11","MJ":"11","MH":"11"},"G3":{"95":"11","J2":"11","G3":"11","94":"11","W3":"11","H2":"11","F3":"11","C4":"11","M2":"11"},"H4":{"5R":"11","6R":"11","5V":"11"},"P4":{"MJ":"11","PJ":"11","QH":"11","PF":"11","PH":"11","RG":"11","MG":"11","JJ":"11","MH":"11","MF":"11","QC":"11","RH":"11","PC":"11"},"63":{"48":"11","9F":"11","78":"11","88":"11","77":"11","9C":"11","CF":"11","FM":"11","76":"11","57":"11","47":"11","CG":"11","68":"11","CJ":"11","67":"11","58":"11","99":"11","98":"11","FJ":"11"},"98":{"G4":"11","C6":"11","F5":"11","94":"11","F7":"11","H4":"11","72":"11","C5":"11","G5":"11","F8":"11","C4":"11","F6":"11"},"69":{"H8":"11","G8":"11","F8":"11"},"97":{"6V":"11","5V":"11","GP":"11","9P":"11","QW":"11","9M":"11","QV":"11","GQ":"11"},"4C":{"CF":"11","9G":"11","5J":"11","5H":"11","CG":"11","6H":"11","4H":"11"},"CG":{"78":"11"},"G2":{"RW":"11","XW":"11","MX":"11","WW":"11","QX":"11","RX":"11","VW":"11","XV":"11","PX":"11","WV":"11"},"2F":{"VF":"11","WF":"11","PG":"11","MG":"11","RF":"11","QF":"11","JG":"11","QG":"11"}},"MX":{"QF":{"CX":"11"},"QG":{"C2":"11"}},"XV":{"CW":{"J2":"11","H2":"11","M2":"11"},"CV":{"CC":"11","P6":"11","R9":"11","RC":"11","M5":"11","M6":"11","FC":"11","F9":"11","J6":"11","CG":"11","M7":"11","C9":"11","FG":"11","J7":"11"},"FV":{"4C":"11","2W":"11","3W":"11","4R":"11","3R":"11","4V":"11","4G":"11","37":"11","3V":"11","5H":"11","36":"11","39":"11","4H":"11","3C":"11"}},"X2":{"R5":{"G9":"11","GC":"11"},"V8":{"MM":"11"},"J2":{"XW":"11","XX":"11","WH":"11","XR":"11","XJ":"11","X9":"11","XH":"11","WQ":"11","XV":"11","XG":"11","XC":"11","WJ":"11","WR":"11"},"J3":{"W3":"11","X2":"11","X3":"11","W4":"11"},"R7":{"C3":"11","G2":"11","93":"11","74":"11","F3":"11","84":"11","83":"11","94":"11"},"8Q":{"J8":"11","M7":"11","9M":"11","GF":"11","GC":"11","P6":"11","FG":"11","J7":"11","M5":"11","CM":"11","FH":"11","FF":"11","CH":"11","Q4":"11","9J":"11","M6":"11","P5":"11","V2":"11","R2":"11","Q3":"11","R3":"11","HC":"11","P4":"11","H9":"11","H8":"11","CJ":"11"},"R2":{"8W":"11","8X":"11"},"M2":{"2W":"11","2R":"11","2V":"11","29":"11"},"8P":{"VX":"11"}},"WX":{"62":{"VR":"11","VQ":"11"}},"MR":{"PR":{"QR":"11"},"MR":{"WG":"11","XG":"11"}},"V3":{"MQ":{"64":"11","C2":"11","55":"11","73":"11","92":"11","93":"11","54":"11","82":"11","74":"11","35":"11","45":"11","36":"11","83":"11"},"RH":{"RM":"11","HX":"11","WH":"11","JR":"11","VJ":"11","RP":"11","MQ":"11","JW":"11","PQ":"11","QP":"11","MR":"11","XH":"11","HV":"11","QM":"11","PP":"11","MV":"11","GX":"11","JV":"11","HW":"11","VM":"11","WJ":"11"},"VH":{"M8":"11","6F":"11","3F":"11","2G":"11","5F":"11","3G":"11","H8":"11","G8":"11","7C":"11","F8":"11","4G":"11","P7":"11","F9":"11","M7":"11","89":"11","C9":"11","2H":"11","J8":"11","J7":"11","8C":"11","99":"11","4F":"11","6C":"11"},"7V":{"R8":"11"},"WH":{"G9":"11","HC":"11","H6":"11","GC":"11","G8":"11","FH":"11","M6":"11","F8":"11","HF":"11","GF":"11","H7":"11","J6":"11","FG":"11","GG":"11","G7":"11"},"6V":{"X7":"11","F6":"11"},"PP":{"2J":"11"},"MP":{"PR":"11","VP":"11","QQ":"11","QR":"11","RP":"11","WP":"11","XJ":"11","GW":"11","PQ":"11","FW":"11","MR":"11","HV":"11","WM":"11","RQ":"11","MV":"11","GX":"11","JV":"11","XM":"11","HW":"11","CX":"11","VM":"11","FX":"11"},"RJ":{"G2":"11"}},"RM":{"RV":{"C7":"11","C6":"11","C8":"11","98":"11","97":"11"}},"JR":{"H8":{"53":"11"}},"VM":{"7R":{"QW":"11","PW":"11"},"X8":{"37":"11","GF":"11","78":"11","RF":"11","JF":"11","C9":"11","FF":"11","99":"11","67":"11","36":"11","MF":"11","77":"11","HG":"11","26":"11","WF":"11","CC":"11","87":"11","VF":"11","VG":"11","PF":"11","46":"11","88":"11","XG":"11","HF":"11","89":"11","JG":"11","QF":"11","CF":"11","WG":"11","27":"11","56":"11"},"W8":{"GF":"11","X7":"11","W8":"11","GH":"11","FH":"11","J9":"11","V8":"11","P9":"11","GG":"11","HF":"11","X8":"11","HC":"11","V9":"11","Q9":"11","M9":"11","FJ":"11","R9":"11","JC":"11"}}}}