{"index":{"university,1|retail,2|tourism,3|wreck,4|historical,5|artsCulture,6|namedBuilding,7|water,8|wetland,9|park,10|beach,11|natureReserve,12|cemetery,13|trail,14":{}},"6R":{"85":{"CM":{"GR":"11","FQ":"11","FR":"11"},"CJ":{"PH":"11","HQ":"11","RH":"11","JM":"11","QH":"11","HR":"11","JQ":"11","PJ":"11","JP":"11","MJ":"11","MM":"11"},"HF":{"VP":"11","RP":"11","WM":"11","RQ":"11","VM":"11","RR":"11","XP":"11","XM":"11"}},"93":{"95":{"69":"11","68":"11","67":"11"},"92":{"P7":"11"}},"7Q":{"88":{"MQ":"11","JM":"11","MP":"11","JP":"11","MM":"11"},"7C":{"RG":"11","RH":"11","JM":"11","MM":"11","MJ":"11"},"6F":{"C7":"11","C6":"11","77":"11","97":"11"}},"3V":{"7G":{"WP":"11","QF":"11","QC":"11","QH":"11","QG":"11"},"M5":{"R7":"11"},"6H":{"J8":"11","M7":"11","GC":"11","P6":"11","FG":"11","J7":"11","8P":"11","FF":"11","7Q":"11","CH":"11","7R":"11","9J":"11","M6":"11","8Q":"11","P5":"11","FC":"11","G9":"11","9H":"11","H9":"11","H8":"11","CG":"11"},"7C":{"GW":"11","GV":"11","GX":"11"},"R7":{"FV":"11"},"7H":{"JV":"11"},"7F":{"3Q":"11","3P":"11","3R":"11"},"6G":{"RQ":"11","QR":"11","RR":"11"},"6M":{"C2":"11","F2":"11"}},"92":{"G9":{"Q2":"11","R2":"11"},"FP":{"RM":"11","HR":"11","JQ":"11","JR":"11","MQ":"11","CV":"11","XJ":"11","PQ":"11","QP":"11","XH":"11","GR":"11","RJ":"11","FR":"11","CR":"11","PP":"11","QM":"11","WJ":"11"},"H6":{"VV":"11","WV":"11","WW":"11"},"G8":{"QX":"11","PX":"11","PV":"11","QV":"11","PW":"11"},"GP":{"66":"11","48":"11","4C":"11","2G":"11","49":"11","76":"11","57":"11","2H":"11","58":"11","3C":"11"},"9P":{"GX":"11"},"H9":{"5C":"11","6F":"11","8F":"11","W9":"11","H8":"11","7C":"11","7F":"11","WC":"11","XC":"11","J8":"11","6C":"11"},"CP":{"96":"11"}},"25":{"CF":{"JP":"11","PR":"11","PV":"11","JQ":"11","PW":"11","JR":"11","HQ":"11","MQ":"11","HP":"11","MR":"11","MV":"11"},"37":{"2R":"11","2V":"11","3V":"11"},"CM":{"M5":"11","J3":"11","H4":"11","M4":"11","J4":"11","J5":"11"},"CQ":{"99":"11","CF":"11","CC":"11","9C":"11","98":"11","9F":"11"},"27":{"VP":"11","XQ":"11","VQ":"11","XR":"11","WP":"11","WQ":"11","WM":"11","XV":"11","VR":"11","XP":"11","WV":"11","VM":"11","WR":"11"},"FG":{"RW":"11","WW":"11","VW":"11","QW":"11","QV":"11","RV":"11","RR":"11","VX":"11"},"29":{"VX":"11","VW":"11","XW":"11","VV":"11","XX":"11","WV":"11","WW":"11","WX":"11"},"98":{"R5":"11","R3":"11","Q6":"11","M3":"11","P3":"11","P5":"11","R6":"11","Q2":"11","R4":"11","Q3":"11","Q5":"11","M2":"11","P4":"11"},"97":{"MX":"11","QX":"11","PX":"11","MW":"11","PW":"11"},"67":{"M8":"11","P6":"11","M5":"11","M4":"11","M6":"11","P8":"11","P9":"11","J3":"11","M9":"11","J5":"11","P7":"11","M3":"11","J6":"11","M7":"11","J7":"11","J4":"11"}},"5G":{"VP":{"HQ":"11","HR":"11","HP":"11"}},"38":{"5G":{"7P":"11"}},"2X":{"7Q":{"76":"11","75":"11","74":"11"},"6Q":{"9X":"11","PQ":"11","VP":"11","MQ":"11","RP":"11","RM":"11","RQ":"11","QQ":"11","VM":"11"},"JV":{"8F":"3"},"HW":{"J2":"11","H2":"11","H3":"11"},"FJ":{"2F":"11","66":"11","4C":"11","77":"11","73":"11","49":"11","75":"11","76":"11","2C":"11","67":"11","83":"11","3C":"11"},"6R":{"77":"11","92":"11","93":"11","75":"11","76":"11","57":"11","47":"11","37":"11","86":"11","85":"11","84":"11","67":"11","83":"11"},"HJ":{"G2":"11"},"6W":{"37":"11","38":"11"},"CJ":{"GP":"11","RH":"11","QH":"11","JP":"11"}},"59":{"GR":{"CQ":"11"}},"RW":{"X5":{"JX":"11"},"X6":{"J2":"11","C2":"11"},"R8":{"76":"11","75":"11"}},"V9":{"92":{"GF":"11","MP":"11","FG":"11","GH":"11","FH":"11","FF":"11","HM":"11","PM":"11","PH":"11","HG":"11","HJ":"11","HP":"11","MG":"11","GG":"11","JP":"11","HF":"11","GJ":"11","JG":"11","JH":"11","PJ":"11","JQ":"11","PP":"11","MQ":"11","HH":"11","MR":"11","JR":"11","MH":"11"}},"7P":{"C6":{"GF":"11","GC":"11","MP":"11","MM":"11","GH":"11","WP":"11","RP":"11","PM":"11","QC":"11","GM":"11","GQ":"11","XP":"11","PC":"11","PQ":"11","GG":"11","HF":"11","GJ":"11","HC":"11","PJ":"11","JQ":"11","PP":"11","HQ":"11","QP":"11","GP":"11","MQ":"11","VP":"11","QJ":"11"},"G6":{"Q3":"11","P4":"11","Q4":"11","6H":"11","9H":"11","8H":"11","3H":"11","7H":"11","3J":"11","Q2":"11","5H":"11","P5":"11","2C":"11","2H":"11","4H":"11","CH":"11","2J":"11","3C":"11"},"H5":{"2M":"11","2H":"11","2J":"11","2F":"11","2G":"11"},"J4":{"95":"11","G3":"11","F4":"11","C5":"11","C4":"11","H3":"11","G2":"11"},"G5":{"RW":"11","XQ":"11","VV":"11","QX":"11","RX":"11","WQ":"11","VR":"11","Q9":"11","XG":"11","XP":"11","XM":"11","RV":"11","XC":"11","QC":"11","XF":"11","WR":"11"},"F6":{"6V":"11","4R":"11","XJ":"11","2P":"11","7W":"11","3P":"11","7V":"11","9X":"11","4Q":"11","8X":"11","5R":"11","MG":"11","3Q":"11","VJ":"11","5V":"11","6R":"11","WJ":"11","8W":"11","RM":"11","XC":"11","MH":"11","VM":"11"}},"6P":{"GP":{"C2":"11"},"9M":{"X5":"11","X6":"11","W5":"11","W6":"11"},"CM":{"V4":"11","J9":"11","P4":"11","H8":"11","G8":"11","M4":"11","J3":"11","W4":"11","H3":"11","H9":"11","J8":"11","J4":"11","94":"11"},"GJ":{"RM":"11","PR":"11","HR":"11","MG":"11","QR":"11","JR":"11","HQ":"11","MR":"11","GP":"11","GQ":"11","MH":"11","JG":"11","FG":"11","VM":"11"},"JM":{"8M":"11","9P":"11","8J":"11","5J":"11","3J":"11","2M":"11","6J":"11","9M":"11","4J":"11","7J":"11","3M":"11"},"GM":{"MJ":"11","HR":"11","JJ":"11","JR":"11","HV":"11","JV":"11","MH":"11","WV":"11"},"FJ":{"2W":"11","3W":"11","27":"11","2X":"11","93":"11","26":"11","37":"11","36":"11","84":"11","83":"11","94":"11"},"CH":{"VX":"11","VW":"11","RX":"11","WW":"11","WX":"11"},"9J":{"RG":"11","RH":"11","VH":"11","VG":"11"},"5P":{"8J":"11","8M":"11","7M":"11","P9":"11","Q8":"11","Q9":"11","7J":"11"},"HH":{"CF":"11","CC":"11","9C":"11","GF":"11","FF":"11","9F":"11"},"HM":{"MJ":"11","5C":"11","PJ":"11","8F":"11","HR":"11","59":"11","JJ":"11","HJ":"11","GJ":"11","7C":"11","FH":"11","JW":"11","CF":"11","GR":"11","29":"11","49":"11","HV":"11","GP":"11","FM":"11","9H":"11","8G":"11","WM":"11","57":"11","9G":"11","7F":"11","47":"11","CG":"11","69":"11","68":"11","CJ":"11","JV":"11","GM":"11","GH":"11","GQ":"11","XM":"11","39":"11","VM":"11","58":"11","FJ":"11","6C":"11"},"HJ":{"PR":"11"},"CJ":{"GR":"11","XW":"11","GP":"11","XX":"11","GV":"11","GQ":"11","FV":"11","CR":"11","FR":"11","FP":"11"}},"49":{"8G":{"F3":"11"},"Q4":{"XC":"11","WC":"11"},"W2":{"WX":"11"},"W3":{"W2":"11","X2":"11"},"7J":{"8H":"11"},"R4":{"48":"11","39":"11","47":"11","46":"11","56":"11","38":"11","2C":"11","55":"11","75":"11","29":"11","65":"11","74":"11"}},"4X":{"35":{"PJ":"11","R9":"11","RC":"11","PH":"11","Q7":"11","RF":"11","V6":"11","R7":"11","JW":"11","Q5":"11","Q6":"11","V8":"11","QF":"11","V9":"11","W7":"11","JV":"11","P5":"11","V7":"11","QG":"11"}},"4Q":{"XX":{"PR":"11","HR":"11","JQ":"11","HX":"11","QR":"11","JR":"11","MQ":"11","PQ":"11","MR":"11","HV":"11","HW":"11"},"XV":{"XQ":"11","XR":"11"}},"CG":{"8M":{"XC":"11","WC":"11","WG":"11","XG":"11","WF":"11"},"9M":{"3C":"11","2C":"11","3G":"11","2G":"11","3F":"11"}},"X2":{"QG":{"99":"11","88":"11","87":"11","77":"11","66":"11","CC":"11","76":"11","98":"11","C9":"11"}},"5Q":{"RJ":{"PM":"11","QJ":"11","PP":"11","PJ":"11","MM":"11"},"4R":{"WV":"11","XV":"11","XP":"11","XR":"11"},"5W":{"G2":"11"},"P3":{"X5":"11","X7":"11","X6":"11","X4":"11","X3":"11"},"5X":{"QW":"11","JX":"11","VV":"11","VR":"11","MV":"11","WR":"11","WV":"11","RV":"11","PV":"11","MW":"11","QV":"11","PW":"11","JW":"11"},"5Q":{"P6":"11","R8":"11","Q7":"11","M4":"11","Q6":"11","Q8":"11","M3":"11"},"QH":{"QW":"11","M7":"11","M8":"11","QV":"11","M5":"11","JF":"11","P3":"11","QR":"11","HM":"11","RR":"11","J9":"11","PX":"11","HJ":"11","Q2":"11","M6":"11","HP":"11","P5":"11","PR":"11","R2":"11","JG":"11","Q3":"11","JH":"11","JQ":"11","P4":"11","RW":"11","RV":"11","HQ":"11","PW":"11","MX":"11","M9":"11","JC":"11","HH":"11","MR":"11","JR":"11"},"WF":{"8J":"11","9H":"11","9J":"11","8H":"11"},"RH":{"44":"11","42":"11","66":"11","56":"11","45":"11","54":"11","55":"11","43":"11","52":"11","65":"11","32":"11","53":"11"},"5P":{"2F":"11","2G":"11","3G":"11","CV":"11","5J":"11","FW":"11","CW":"11","3H":"11","7P":"11","GX":"11","9V":"11","5M":"11","6M":"11","4H":"11","FX":"11","6P":"11"},"Q2":{"2W":"11","6Q":"11","2Q":"11","2X":"11","2R":"11","5R":"11","6P":"11","4R":"11","3M":"11","2V":"11","3Q":"11","4Q":"11","3P":"11","3R":"11","5Q":"11"},"RG":{"JP":"11","MJ":"11","6W":"11","PJ":"11","HR":"11","6V":"11","2W":"11","3W":"11","JQ":"11","JR":"11","CV":"11","GW":"11","5W":"11","HV":"11","3X":"11","FV":"11","JM":"11","MM":"11","GV":"11","HW":"11","5X":"11"},"5R":{"WF":"11","WH":"11","2Q":"11","VJ":"11","2P":"11","WG":"11","XH":"11","3Q":"11","WM":"11","XG":"11","XF":"11","WJ":"11"},"2V":{"5H":"11","7P":"11","4R":"11","2P":"11","8P":"11","5G":"11","3P":"11","7R":"11","6M":"11","7M":"11","8Q":"11","5R":"11","6H":"11","4M":"11","3G":"11","6J":"11","4G":"11","3M":"11","2R":"11","4J":"11","4P":"11","3J":"11","6R":"11","8R":"11","3H":"11","2Q":"11","3R":"11","4F":"11"},"4M":{"PJ":"11","QH":"11","HR":"11","QJ":"11","RC":"11","JQ":"11","RG":"11","JR":"11","RF":"11","MQ":"11","GW":"11","VC":"11","FW":"11","X6":"11","PM":"11","HV":"11","W8":"11","X2":"11","V8":"11","MM":"11","W6":"11","V9":"11","W7":"11","GX":"11","GV":"11","X3":"11","QG":"11","MP":"11","FX":"11","X4":"11","X5":"11"},"Q3":{"22":"11","23":"11"},"QG":{"VX":"11","VW":"11","XW":"11","RX":"11","WW":"11","WX":"11"},"PP":{"5C":"11","4C":"11","87":"11","59":"11","78":"11","88":"11","97":"11","G6":"11","69":"11","C7":"11","G5":"11","C6":"11","F6":"11","79":"11","98":"11"},"WG":{"R5":"11","P6":"11","HC":"11","JC":"11","GC":"11","R6":"11","6H":"11","Q5":"11","Q6":"11","HF":"11","GF":"11","5H":"11","P5":"11"},"VH":{"4C":"11","59":"11","JF":"11","MG":"11","49":"11","MF":"11","39":"11","JG":"11","3C":"11"},"4J":{"VW":"11","QV":"11","QR":"11","Q8":"11","QQ":"11","RR":"11","PM":"11","QH":"11","PH":"11","P8":"11","QC":"11","P9":"11","PQ":"11","QF":"11","XX":"11","PJ":"11","QG":"11","PP":"11","RW":"11","RV":"11","Q9":"11","VX":"11","QP":"11","WX":"11"},"QP":{"24":"11","HG":"11","23":"11","HF":"11"},"4P":{"C3":"11","WF":"11","R9":"11","C5":"11","C2":"11","VC":"11","93":"11","Q8":"11","V9":"11","H7":"11","Q9":"11","G6":"11","WC":"11","C6":"11","95":"11","XF":"11","F6":"11","F2":"11","J7":"11","94":"11"},"5V":{"HX":"11","CV":"11","GW":"11","CW":"11","FR":"11","CR":"11","FV":"11","GX":"11","GV":"11","9W":"11","9X":"11","HW":"11","CX":"11","FX":"11"},"6R":{"2F":"11","2G":"11"},"RM":{"63":"11"},"QJ":{"M3":"11","M4":"11","M2":"11"}},"VJ":{"82":{"87":"11","78":"11","88":"11","97":"11","7C":"11","79":"11","98":"11"}},"67":{"QQ":{"9W":"11","9X":"11","CX":"11","CW":"11"},"QR":{"V6":"11","R5":"11","Q6":"11","V5":"11","R6":"11","R7":"11"},"RR":{"V2":"11"}},"4R":{"X2":{"M8":"11","7R":"11","C8":"11","8R":"11","M5":"11","M6":"11","7Q":"11","P8":"11","J3":"11","H2":"11","J5":"11","P7":"11","8Q":"11","J2":"11","M3":"11","J6":"11","M7":"11","C9":"11","98":"11","99":"11"},"X3":{"M5":"11","P5":"11","M4":"11","P4":"11"}},"8M":{"F5":{"HQ":"11","GQ":"11","JP":"11","HP":"11"}},"W9":{"4J":{"3W":"11","4W":"11","3X":"11","5W":"11","4X":"11"}},"VH":{"8R":{"3C":"11"},"9Q":{"64":"11","74":"11"},"7G":{"WJ":"11","WH":"11"},"CV":{"VQ":"11"},"FW":{"J2":"11","H2":"11"},"7M":{"XC":"11"},"FR":{"MH":"11","8W":"11","7W":"11","6R":"11","7V":"11"},"CR":{"PQ":"11","8V":"11","7W":"11","9R":"11","7V":"11","6V":"11"},"FV":{"JJ":"11","PM":"11","JH":"11","PP":"11","PJ":"11","MP":"11","MJ":"11"},"8G":{"WC":"11","V9":"11","VC":"11","W9":"11","W8":"11"},"7W":{"GG":"11","72":"11","GF":"11","FF":"11","FG":"11","82":"11"},"7V":{"MG":"11","8X":"11"},"7P":{"V2":"11","R2":"11"},"9W":{"6F":"11"},"CJ":{"9X":"11","CX":"11"},"CM":{"57":"11","62":"11","52":"11"},"6P":{"CM":"11","CP":"11"}},"9G":{"9H":{"VW":"11","RX":"11","VV":"11","RV":"11","RW":"11"},"CQ":{"GR":"11","8J":"11","HR":"11","9J":"11"},"CR":{"W2":"11","V2":"11"},"8P":{"PM":"11"},"3R":{"8F":"11","8G":"11","7C":"11"}},"6G":{"P4":{"43":"11"}},"VF":{"JC":{"MJ":"11","RM":"11","PJ":"11","PG":"11","RG":"11","MG":"11","VJ":"11","JH":"11","PM":"11","QM":"11","VH":"11","MH":"11","JG":"11","QG":"11","RH":"11","VM":"11"},"GC":{"PJ":"11","PF":"11","P6":"11","PG":"11","PH":"11","Q7":"11","PM":"11","P8":"11","P9":"11","Q8":"11","P7":"11","Q9":"11","P5":"11","PC":"11"},"H9":{"MV":"11","PV":"11","QV":"11"}},"3R":{"VW":{"Q4":"11","P4":"11"},"VV":{"PC":"11"}},"4V":{"M3":{"8M":"11","9P":"11","8J":"11","9M":"11","8P":"11"},"R7":{"5G":"11","3G":"11","4G":"11","3F":"11"}},"8J":{"WJ":{"7R":"11","8R":"11","QQ":"11","8M":"11","XQ":"11","VQ":"11","PQ":"11","6R":"11","WQ":"11","9P":"11","9M":"11","8Q":"11","RQ":"11","5R":"11","8P":"11"},"XJ":{"8M":"11","9G":"11","6P":"11","5Q":"11","9J":"11","6M":"11","7M":"11","5P":"11","86":"11","8J":"11","4Q":"11","88":"11","8C":"11","89":"11","8G":"11","3Q":"11","9H":"11","72":"11","8F":"11","85":"11","84":"11","2Q":"11","79":"11"},"VM":{"H5":"11","H6":"11","J4":"11","J5":"11"}},"4W":{"CQ":{"2Q":"11","2R":"11","2P":"11","3P":"11"}},"V5":{"9W":{"C2":"11"},"9V":{"CX":"11"}},"QM":{"9G":{"MC":"11","GR":"11","J7":"11","GP":"11","M5":"11","J8":"11","JC":"11","J9":"11","M6":"11","P2":"11","M3":"11","P3":"11","HG":"11","J3":"11","GJ":"11","GM":"11","M9":"11","FQ":"11","M4":"11","J6":"11","M7":"11","Q2":"11","J4":"11","GQ":"11","HH":"11","JH":"11","J5":"11","HM":"11","HJ":"11","M8":"11","M2":"11","P4":"11","JF":"11","HP":"11","JG":"11","HF":"11","FR":"11","FP":"11"},"9F":{"MX":"11","QX":"11","PX":"11"}},"29":{"G5":{"93":"11","95":"11","94":"11","C5":"11","C4":"11","92":"11","82":"11"},"3Q":{"R2":"11"},"F6":{"CM":"11","CQ":"11","CP":"11"},"3P":{"VX":"11","RX":"11"}},"V8":{"G8":{"9G":"11","8J":"11","9H":"11","CG":"11","CH":"11","9J":"11","CJ":"11"},"F9":{"2G":"11","3G":"11","6J":"11","6H":"11","5J":"11","4G":"11","3H":"11","7H":"11","3J":"11","5H":"11","3M":"11","5M":"11","2H":"11","4H":"11","2J":"11","4M":"11"},"G7":{"48":"11","37":"11","47":"11","38":"11","58":"11"}},"63":{"5H":{"34":"11","44":"11","35":"11","27":"11","45":"11","76":"11","2G":"11","26":"11"},"4H":{"PH":"11","X7":"11","WH":"11"},"3G":{"HC":"11","GG":"11","GF":"11","H9":"11","HF":"11"},"4G":{"7G":"11","HJ":"11","GJ":"11","8H":"11","9H":"11","8G":"11","7H":"11","9G":"11","GM":"11","GH":"11","HM":"11","CH":"11"},"3F":{"CQ":"11","66":"11","FQ":"11","FC":"11","FF":"11","67":"11","FR":"11"}},"WH":{"H8":{"2Q":"11","2R":"11","3Q":"11","3R":"11"},"G8":{"QQ":"11","VQ":"11","QR":"11","XR":"11","VR":"11","RR":"11","WR":"11"},"HW":{"8F":"11","78":"11","77":"11","57":"11","69":"11","68":"11","89":"11","79":"11","67":"11","8C":"11","58":"11"}},"7J":{"R3":{"2X":"11"},"M6":{"JM":"11","JP":"11"},"Q4":{"X2":"11"},"W3":{"5C":"11","48":"11","59":"11","6H":"11","3H":"11","35":"11","47":"11","25":"11","24":"11","45":"11","5H":"11","6G":"11","4H":"11","58":"11","2J":"11","6C":"11"},"M7":{"85":"11","84":"11","5C":"11","5X":"11","59":"11"},"R4":{"22":"11"},"M8":{"5G":"11","6G":"11","77":"11","66":"11","76":"11","75":"11"},"Q3":{"XX":"11"},"V3":{"CC":"11","V4":"11","FP":"11","JQ":"11","QQ":"11","VQ":"11","MQ":"11","CF":"11","HP":"11","WQ":"11","GP":"11","FM":"11","PP":"11","W4":"11","RQ":"11","9G":"11","F9":"11","CG":"11","CJ":"11","GM":"11","G5":"11","RR":"11","CM":"11","MP":"11","CH":"11","CP":"11","X4":"11","9J":"11"}},"47":{"2Q":{"M8":"11","R5":"11","P6":"11","JC":"11","JF":"11","HG":"11","R6":"11","Q7":"11","Q5":"11","Q6":"11","P8":"11","M9":"11","P7":"11","JG":"11","MC":"11"}},"V7":{"MV":{"P2":"11","M2":"11"},"PV":{"3J":"11","2M":"11","2H":"11","4J":"11","3H":"11","4M":"11","2J":"11","3M":"11","3G":"11"}},"24":{"35":{"3W":"11","3X":"11"},"HG":{"JR":"11","JV":"11","QQ":"11","PR":"11","HV":"11","MR":"11"},"36":{"36":"11","25":"11","26":"11"},"PP":{"FQ":"11"},"4Q":{"3H":"11","38":"11"},"26":{"X5":"11","X6":"11","W5":"11"}},"6F":{"GM":{"HX":"11","GW":"11","MQ":"11","FW":"11","JQ":"11"},"GQ":{"7R":"11","7V":"11"}},"26":{"33":{"V4":"11","V5":"11","V2":"11","R2":"11","V3":"11"},"32":{"QW":"11","PQ":"11","5C":"11","RX":"11","MQ":"11","3J":"11","2Q":"11","5F":"11","3H":"11","3M":"11","QX":"11","PV":"11","2P":"11","QV":"11","PR":"11","4F":"11","3G":"11","QR":"11","RW":"11","3Q":"11","3P":"11","6C":"11","MR":"11"}},"5R":{"42":{"RR":"11","CH":"11","WQ":"11","MF":"11","PH":"11","VR":"11","XQ":"11","7F":"11","VQ":"11","GJ":"11","8G":"11","PJ":"11","PG":"11","H9":"11","H8":"11","FJ":"11","CJ":"11","G6":"11"},"62":{"7R":"11","5Q":"11","8W":"11","6V":"11","8R":"11","4P":"11","6R":"11","6Q":"11","7V":"11","9W":"11","5R":"11","8V":"11","4Q":"11","5P":"11","4M":"11"},"52":{"CR":"11","CQ":"11","P8":"11","2P":"11","Q6":"11","JW":"11","FR":"11","5P":"11","Q8":"11","HW":"11","P5":"11","4J":"11","7P":"11","M3":"11","4P":"11","6P":"11","J2":"11","GV":"11","HX":"11","4M":"11","J3":"11","9M":"11","Q9":"11","3J":"11","9P":"11","2Q":"11","8M":"11","JX":"11","3M":"11","GW":"11","PX":"11","P7":"11","GR":"11","Q7":"11","RC":"11","CP":"11","P6":"11","Q5":"11","QC":"11","M4":"11","3P":"11","FV":"11","5M":"11","FQ":"11","9Q":"11","MX":"11","P4":"11","8P":"11","HV":"11","3Q":"11"},"22":{"4X":"11","RC":"11","W8":"11","RF":"11","C9":"11","99":"11","5X":"11","J9":"11","QC":"11","CC":"11","XF":"11","V8":"11","C6":"11","C7":"11","X9":"11","QF":"11","X8":"11","HC":"11","V9":"11","69":"11","M9":"11","R9":"11","97":"11","JC":"11","V7":"11","MC":"11","79":"11","W7":"11"},"53":{"P2":"11","Q4":"11","P3":"11","Q2":"11","Q3":"11"}},"2F":{"W8":{"99":"11","C8":"11","98":"11","C9":"11"}},"6Q":{"84":{"4P":"11","4M":"11","5P":"11","3P":"11"},"46":{"M5":"11","M3":"11","M4":"11","J4":"11","J5":"11"}},"2G":{"GR":{"5X":"11"},"6Q":{"M4":"11","J4":"11","J5":"11"},"5R":{"M5":"11","M6":"11","J3":"11","P6":"11"},"GV":{"52":"11"},"5Q":{"HX":"11","JX":"11","V8":"11","V7":"11","WG":"11","XG":"11"}},"69":{"GQ":{"64":"11","75":"11","65":"11","74":"11"}},"7H":{"RQ":{"2W":"11","2V":"11"},"QR":{"P5":"11","P6":"11"}},"8P":{"VF":{"48":"11","P4":"11","M5":"11","GJ":"11","GW":"11","GR":"11","GP":"11","M6":"11","57":"11","GV":"11","GX":"11","GM":"11","GQ":"11","58":"11","FX":"11"},"QJ":{"GW":"11","FX":"11","FW":"11","CX":"11","CW":"11","GX":"11"},"RG":{"QF":"11","F5":"11","QC":"11","H4":"11","PF":"11","FC":"11","PC":"11","G5":"11","GC":"11","H3":"11"},"VC":{"QW":"11","JV":"11","RM":"11","QV":"11"},"VG":{"93":"11","84":"11","83":"11","94":"11","C3":"11"},"PP":{"G4":"11","37":"11","J3":"11","G6":"11","H5":"11","H4":"11","38":"11","J4":"11","G5":"11","F6":"11"},"QM":{"73":"11"},"RH":{"3J":"11","2J":"11","3G":"11","3F":"11"},"MP":{"J8":"11","Q6":"11","V7":"11","X7":"11","W7":"11","Q7":"11","M7":"11","M8":"11"}},"77":{"2Q":{"WJ":"11","VH":"11","VJ":"11","WH":"11"}}}}