{"index":{"university,1|retail,2|tourism,3|wreck,4|historical,5|artsCulture,6|namedBuilding,7|water,8|wetland,9|park,10|beach,11|natureReserve,12|cemetery,13|trail,14":{}},"6V":{"F8":{"FX":{"V3":"11","C3":"11","62":"11","42":"11","Q4":"11","V2":"11","C2":"11","92":"11","82":"11","F3":"11","52":"11","G4":"11","72":"11","R3":"11","F4":"11","R4":"11"},"FW":{"J8":"11","4X":"11","37":"11","3X":"11","66":"11","WP":"11","3W":"11","H7":"11","F6":"11","38":"11","J9":"11","WQ":"11","47":"11","WW":"11","RH":"11","28":"11","WM":"11","PF":"11","65":"11","WR":"11","46":"11","WV":"11","RG":"11","PC":"11","2V":"11","QF":"11","G7":"11","29":"11","2W":"11","QG":"11","H8":"11","VH":"11","VX":"11","VJ":"11","M9":"11","WJ":"11","WX":"11","G6":"11","MC":"11","56":"11"},"CW":{"WP":"11","WM":"11","XQ":"11","WQ":"11","XP":"11","XR":"11"}},"3X":{"G3":{"MH":"11","PH":"11","QH":"11","QJ":"11","PJ":"11","MJ":"11"},"F5":{"RX":"11","37":"11","FR":"11","VW":"11","7P":"11","GX":"11","7J":"11","HW":"11","8P":"11","FV":"11","GV":"11","38":"11","36":"11","QX":"11","FW":"11","47":"11","JW":"11","CR":"11","26":"11","CV":"11","6M":"11","7M":"11","25":"11","8Q":"11","48":"11","5C":"11","FX":"11","CW":"11","9Q":"11","6H":"11","HV":"11","6F":"11","6J":"11","9R":"11","6G":"11","JX":"11","MX":"11","VX":"11","27":"11","5F":"11"},"C3":{"R2":"11"},"H5":{"6F":"11","78":"11","5F":"11","88":"11","7C":"11","89":"11","79":"11","4F":"11","6C":"11"},"H4":{"CF":"11","CC":"11","FC":"11","FF":"11","C9":"11"},"F6":{"J2":"11","P2":"11","J3":"11","H2":"11","Q2":"11","H3":"11","G2":"11","M2":"11"}},"RF":{"5F":{"M5":"11","M6":"11","P5":"11","M4":"11","J6":"11","P6":"11"}},"3W":{"X8":{"F7":"11","C8":"11","F8":"11","98":"11"}},"32":{"8M":{"2J":"11"},"7M":{"XJ":"11","VH":"11","VJ":"11","XH":"11"},"FM":{"XP":"11"},"GM":{"2P":"11"}},"HM":{"94":{"X9":"11"},"R2":{"5H":"11","6H":"11"}},"Q4":{"9X":{"9P":"11","9R":"11","9Q":"11","9V":"11","8P":"11"}},"WH":{"85":{"63":"11","64":"11","72":"11","62":"11"},"84":{"7X":"11"},"M6":{"XF":"11","XG":"11","WF":"11"},"P5":{"VV":"11"},"P6":{"5G":"11","88":"11","6J":"11","F5":"11","6H":"11","5F":"11","87":"11","4P":"11","6P":"11","6M":"11","5P":"11","2F":"11","4F":"11","3G":"11","98":"11","97":"11","F6":"11","3P":"11","3F":"11","4G":"11"},"Q5":{"2Q":"11","7J":"11","2P":"11","7H":"11","3Q":"11"}},"QC":{"J3":{"QW":"11","QV":"11","HW":"11","QR":"11","QQ":"11","RR":"11","QX":"11","JW":"11","PX":"11","PQ":"11","PR":"11","JV":"11","RQ":"11","MV":"11","JX":"11","MX":"11","HX":"11","MR":"11"},"J4":{"M3":"11","P2":"11","P3":"11","M2":"11"}},"34":{"HX":{"V2":"11","R2":"11"},"JV":{"8M":"11","9P":"11","39":"11","9H":"11","3C":"11","9M":"11","CM":"11","4C":"11","CH":"11","9J":"11","2C":"11","29":"11","CJ":"11","CP":"11","8P":"11"},"HW":{"PV":"11","JQ":"11","PW":"11","VQ":"11","JR":"11","RP":"11","VV":"11","MQ":"11","QX":"11","RX":"11","QP":"11","MR":"11","PM":"11","VW":"11","PP":"11","QM":"11","QW":"11","MM":"11","VR":"11","MV":"11","RQ":"11","VX":"11","MP":"11"},"HV":{"G8":"11","HC":"11","G9":"11","H9":"11","HF":"11"}},"GM":{"69":{"VX":"11","XW":"11","XV":"11","WW":"11","WX":"11"},"79":{"8M":"11","5H":"11","5J":"11","9M":"11","7J":"11","8V":"11","7W":"11","CP":"11","5M":"11","8J":"11","4Q":"11","CQ":"11","9Q":"11","2V":"11","6H":"11","9P":"11","4M":"11","6J":"11","3Q":"11","9R":"11","7H":"11","7X":"11","2R":"11","4P":"11","8R":"11","8W":"11","3R":"11"},"7C":{"23":"11","62":"11","33":"11","43":"11","63":"11","72":"11","24":"11","53":"11"},"X3":{"C6":"11"},"6C":{"R4":"11","P6":"11","Q5":"11","V5":"11","X4":"11","M5":"11","W2":"11","Q4":"11","J4":"11","M6":"11","M4":"11","P5":"11","R5":"11","V2":"11","W5":"11","W4":"11","R3":"11","P4":"11","J6":"11","V3":"11","J5":"11"}},"4W":{"28":{"VX":"11"},"GM":{"J8":"11","M8":"11","M7":"11","6W":"11","4R":"11","7G":"11","5W":"11","CC":"11","9F":"11","6H":"11","FC":"11","8G":"11","G9":"11","7H":"11","4V":"11","H9":"11","CF":"11","H8":"11","6G":"11","F9":"11","8F":"11","5V":"11","3R":"11"},"2C":{"MP":"11","MM":"11","FH":"11","CH":"11","PM":"11","QH":"11","HJ":"11","FM":"11","HP":"11","JM":"11","JJ":"11","FP":"11","GJ":"11","JP":"11","PJ":"11","9H":"11","FJ":"11","CJ":"11","GP":"11","MJ":"11","QJ":"11"}},"W9":{"QM":{"2H":"11","2J":"11"},"WQ":{"39":"11","3C":"11","49":"11","4C":"11","2C":"11","2F":"11","3F":"11"},"89":{"6F":"11","8F":"11","9F":"11","8J":"11","8M":"11","6H":"11","5J":"11","7M":"11","8H":"11","9H":"11","8G":"11","9G":"11","7F":"11","8P":"11","5H":"11","6G":"11","5M":"11","6M":"11","4M":"11"},"XH":{"MH":"11","JH":"11"},"PP":{"RM":"11","8F":"11","QQ":"11","RP":"11","9C":"11","CF":"11","QP":"11","FM":"11","QM":"11","RQ":"11","CG":"11","8C":"11","FJ":"11"},"VQ":{"VF":"11","WF":"11","RC":"11","RF":"11","VC":"11","P9":"11","M9":"11","Q9":"11","WC":"11","XC":"11","QC":"11","XF":"11","PC":"11"}},"RH":{"3V":{"99":"11","98":"11"},"3R":{"3P":"11","4R":"11","2P":"11","3R":"11","3Q":"11","2M":"11","4Q":"11","3M":"11"}},"22":{"5R":{"2Q":"11","2P":"11"},"4R":{"XQ":"11"}},"23":{"6X":{"WP":"11","XP":"11"}},"XF":{"R8":{"G8":"11","F8":"11"}},"2X":{"JR":{"H4":"11","H6":"11","F5":"11","M6":"11","W8":"11","W7":"11","J5":"11","G4":"11","J6":"11","G5":"11","H5":"11","C6":"11","V7":"11","F6":"11"},"JV":{"93":"11","83":"11","92":"11"}},"XG":{"C6":{"MH":"11","GH":"11","FH":"11","PH":"11","WP":"11","VP":"11","RP":"11","VR":"11","RM":"11","RQ":"11","PM":"11","WR":"11","GG":"11","QJ":"11","QM":"11","WQ":"11","VM":"11","FG":"11","XP":"11","VQ":"11","QP":"11","PJ":"11","XR":"11","MJ":"11"},"F6":{"8M":"11","6V":"11","9G":"11","GF":"11","GC":"11","2P":"11","7J":"11","FG":"11","8P":"11","FF":"11","3P":"11","7R":"11","3V":"11","6M":"11","8Q":"11","5M":"11","8J":"11","2V":"11","4M":"11","FC":"11","6J":"11","G9":"11","HC":"11","7H":"11","4V":"11","CF":"11","2R":"11","4P":"11","5V":"11","6R":"11","8R":"11","CG":"11"}},"CQ":{"5G":{"V6":"11","X5":"11","V7":"11","W7":"11","W6":"11"},"3J":{"93":"11","83":"11","94":"11","73":"11","72":"11","C4":"11","62":"11","82":"11"},"2H":{"WF":"11","WH":"11","WG":"11","X9":"11","WM":"11","XP":"11","XM":"11","XC":"11","XF":"11","WJ":"11"},"3H":{"V3":"11","W2":"11","Q3":"11","2M":"11","2P":"11","5W":"11","P3":"11","5G":"11","5P":"11","5V":"11","P5":"11","R2":"11","5X":"11","4J":"11","M3":"11","4P":"11","49":"11","Q2":"11","2H":"11","M2":"11","X2":"11","5Q":"11","R3":"11","4M":"11","P2":"11","3J":"11","4F":"11","2Q":"11","V2":"11","6G":"11","3R":"11","5H":"11","3M":"11","4W":"11","Q4":"11","R5":"11","6X":"11","5J":"11","V4":"11","29":"11","Q5":"11","R4":"11","3P":"11","X3":"11","5F":"11","5M":"11","W4":"11","39":"11","2J":"11","W3":"11","P4":"11","3H":"11","6H":"11","3Q":"11","X4":"11","4C":"11"},"4H":{"24":"11","22":"11","23":"11"},"3G":{"VX":"11","RX":"11","QX":"11","WX":"11"},"4G":{"8M":"11","F8":"11","M7":"11","M8":"11","9M":"11","9G":"11","7P":"11","GF":"11","GC":"11","G8":"11","P6":"11","Q5":"11","FG":"11","J7":"11","M5":"11","JF":"11","GH":"11","CM":"11","6P":"11","C9":"11","8P":"11","R8":"11","FH":"11","Q8":"11","3W":"11","FF":"11","H7":"11","Q7":"11","7Q":"11","CH":"11","5Q":"11","J4":"11","P8":"11","HG":"11","CC":"11","3V":"11","9J":"11","4W":"11","CP":"11","7M":"11","6M":"11","M6":"11","5P":"11","FM":"11","M4":"11","R6":"11","P5":"11","C8":"11","R5":"11","P9":"11","8J":"11","9C":"11","8H":"11","Q6":"11","9F":"11","2V":"11","J3":"11","FP":"11","9P":"11","GG":"11","HF":"11","GJ":"11","FC":"11","8G":"11","P7":"11","G9":"11","G7":"11","HC":"11","9H":"11","P4":"11","4V":"11","H8":"11","H9":"11","CF":"11","Q9":"11","2R":"11","F9":"11","FJ":"11","R7":"11","6Q":"11","CJ":"11","F7":"11","JC":"11","H6":"11","CG":"11","3R":"11","M3":"11"}},"R2":{"6M":{"CW":"11","CV":"11"}},"X9":{"37":{"XV":"11","XR":"11"},"9G":{"42":"11","22":"11","32":"11"},"78":{"VW":"11","VV":"11","VR":"11","WR":"11","WV":"11","RV":"11","RR":"11","WW":"11"},"2P":{"87":"11","88":"11","3G":"11","77":"11","XR":"11","9H":"11","4G":"11","XV":"11","9G":"11","CG":"11","CH":"11","98":"11","WR":"11"},"83":{"P2":"11","P6":"11","P4":"11","M2":"11","M5":"11","Q7":"11","M4":"11","Q5":"11","M6":"11","Q6":"11","P8":"11","Q8":"11","P7":"11","M3":"11","P5":"11","P3":"11"},"47":{"34":"11","35":"11","33":"11","24":"11","36":"11","42":"11","27":"11","25":"11","52":"11","43":"11","32":"11","26":"11"},"3P":{"2V":"11"},"77":{"X9":"11","X8":"11"},"87":{"29":"11"},"48":{"5C":"11","48":"11","4C":"11","59":"11","33":"11","7G":"11","32":"11","6H":"11","49":"11","46":"11","7H":"11","35":"11","57":"11","47":"11","45":"11","6G":"11","22":"11","44":"11","34":"11","58":"11"},"86":{"85":"11","84":"11","2M":"11","3M":"11","2P":"11","75":"11","3P":"11","74":"11"},"46":{"7Q":"11","5W":"11","9H":"11","6W":"11","5V":"11","P5":"11","7R":"11","5X":"11","H7":"11","7P":"11","Q2":"11","3X":"11","4X":"11","7V":"11","M6":"11","J6":"11","9M":"11","8X":"11","8M":"11","4V":"11","8J":"11","4W":"11","Q4":"11","9X":"11","M7":"11","6X":"11","P6":"11","Q5":"11","7M":"11","M4":"11","J7":"11","8Q":"11","H8":"11","9J":"11","H9":"11","M5":"11","8V":"11","P4":"11","8P":"11","J8":"11"},"9C":{"9X":"11","8X":"11"},"9F":{"X8":"11","QJ":"11","WP":"11","WG":"11","GQ":"11","PQ":"11","5W":"11","92":"11","FR":"11","2X":"11","V9":"11","8W":"11","3X":"11","4X":"11","VG":"11","7V":"11","MQ":"11","VJ":"11","HQ":"11","VP":"11","R8":"11","VH":"11","9R":"11","VF":"11","RH":"11","XH":"11","GR":"11","XG":"11","RM":"11","QM":"11","VC":"11","XJ":"11","PP":"11","V8":"11","XM":"11","WH":"11","RP":"11","RJ":"11","MP":"11","WM":"11","7W":"11","W8":"11","FV":"11","WC":"11","9V":"11","8V":"11"},"8C":{"VH":"11","WG":"11","WH":"11","VF":"11","VG":"11","WF":"11"},"89":{"RQ":"11","QQ":"11"},"8G":{"V3":"11","P6":"11","4C":"11","P4":"11","Q4":"11","M5":"11","W3":"11","Q5":"11","M6":"11","Q6":"11","W4":"11","J5":"11","G6":"11","J6":"11","P5":"11","G7":"11","W2":"11"},"CF":{"38":"11","2F":"11","2G":"11","27":"11","29":"11","28":"11","39":"11","2C":"11"},"85":{"H8":"11","G9":"11","H9":"11"},"45":{"QW":"11","RJ":"11","X7":"11","QV":"11","W8":"11","WC":"11","QR":"11","RP":"11","QQ":"11","QX":"11","PX":"11","W9":"11","RH":"11","VG":"11","VF":"11","RQ":"11","X9":"11","X8":"11","PW":"11","QP":"11","RM":"11","W7":"11","VC":"11"},"4C":{"5C":"11","59":"11","78":"11","5F":"11","77":"11","73":"11","82":"11","75":"11","74":"11","76":"11","69":"11","68":"11","86":"11","85":"11","84":"11","79":"11","67":"11","83":"11","58":"11","4F":"11","6C":"11"},"84":{"V6":"11","V8":"11","V7":"11","W7":"11","V9":"11","W8":"11"}},"QF":{"J4":{"WC":"11","V8":"11","RF":"11","RC":"11","V9":"11","R7":"11","WG":"11","VC":"11","WH":"11","XH":"11","VF":"11","R8":"11","XG":"11","VG":"11"}},"29":{"63":{"M8":"11","2R":"11","2W":"11","3W":"11","9Q":"11","HC":"11","JC":"11","JF":"11","HG":"11","2X":"11","P8":"11","3X":"11","9P":"11","HF":"11","M9":"11","2V":"11"},"64":{"33":"11","24":"11","22":"11","32":"11","23":"11"},"54":{"X5":"11","R3":"11","Q4":"11","V5":"11","Q2":"11","X4":"11","W5":"11","R4":"11","R2":"11","Q3":"11","W4":"11"},"53":{"RW":"11","XR":"11","VV":"11","QX":"11","RX":"11","VW":"11","QW":"11","VR":"11","RV":"11"}},"9R":{"9R":{"F5":"11","G3":"11","97":"11","2P":"11","C7":"11","4G":"11","7C":"11","J5":"11","5C":"11","8G":"11","F4":"11","CF":"11","7G":"11","C6":"11","H7":"11","4J":"11","M3":"11","G4":"11","J2":"11","2H":"11","M2":"11","H3":"11","3G":"11","J6":"11","88":"11","F6":"11","4M":"11","P2":"11","89":"11","4F":"11","2Q":"11","9G":"11","98":"11","6C":"11","3M":"11","5J":"11","H2":"11","6J":"11","M4":"11","9F":"11","3P":"11","CC":"11","5F":"11","J7":"11","GC":"11","H8":"11","H9":"11","C5":"11","2G":"11","M5":"11","69":"11","7H":"11","6H":"11","FC":"11","79":"11","G9":"11"},"9Q":{"PR":"11","PV":"11","HX":"11","PW":"11","JW":"11","JX":"11","MR":"11","MW":"11","MV":"11","PX":"11"},"8R":{"QW":"11","XR":"11","HW":"11","RP":"11","QQ":"11","JW":"11","WH":"11","XH":"11","XQ":"11","MW":"11","WR":"11","WV":"11","PQ":"11","JV":"11","HV":"11","RW":"11","VV":"11","RV":"11","JX":"11","PW":"11","VJ":"11","QP":"11","WJ":"11","MQ":"11","MR":"11","RM":"11","JR":"11","VM":"11"}},"VH":{"63":{"CC":"11","9F":"11","9C":"11","97":"11","96":"11","86":"11","85":"11","95":"11","84":"11"},"39":{"PF":"11","PC":"11","PG":"11"},"37":{"8M":"11","78":"11","7G":"11","7C":"11","68":"11","66":"11","8P":"11","9V":"11","67":"11","77":"11","9X":"11","CX":"11","8J":"11","7F":"11","CW":"11","8H":"11","9Q":"11","9P":"11","8G":"11","9R":"11","9W":"11","8F":"11","79":"11"},"47":{"XJ":"11","XP":"11","XM":"11"},"46":{"XW":"11","XV":"11","WW":"11"},"42":{"VR":"11","HW":"11","MV":"11","QQ":"11","XQ":"11","PV":"11","WQ":"11","MW":"11","PR":"11","QR":"11","RR":"11","VQ":"11","QP":"11","JW":"11"},"49":{"88":"11","69":"11","79":"11"},"38":{"F8":"11","GF":"11","FG":"11","GH":"11","FH":"11","FF":"11","HM":"11","93":"11","C2":"11","JW":"11","HJ":"11","GM":"11","C5":"11","HP":"11","C6":"11","C3":"11","JM":"11","JV":"11","GG":"11","GJ":"11","JP":"11","FC":"11","92":"11","JQ":"11","HR":"11","HQ":"11","F9":"11","C4":"11","94":"11","JR":"11"},"52":{"7Q":"11","6Q":"11","2Q":"11","8Q":"11","3Q":"11","4Q":"11","5Q":"11"}},"5V":{"V8":{"PR":"11","RM":"11","PV":"11","PW":"11","VJ":"11","WP":"11","PQ":"11","QP":"11","WQ":"11","RJ":"11","PP":"11","QM":"11","WM":"11","WJ":"11"}},"6R":{"93":{"3F":"11","48":"11","2F":"11","4C":"11","2G":"11","55":"11","27":"11","49":"11","28":"11","46":"11","26":"11","35":"11","47":"11","45":"11","39":"11","36":"11","2H":"11","56":"11","3C":"11"},"83":{"XC":"11","X9":"11","WG":"11","XF":"11","X8":"11","WH":"11","XH":"11","XG":"11","WF":"11"}},"MJ":{"9X":{"8M":"11","FR":"11","5J":"11","7P":"11","7J":"11","6P":"11","8P":"11","FV":"11","2J":"11","FW":"11","2M":"11","CR":"11","CV":"11","9J":"11","6M":"11","7M":"11","GW":"11","8Q":"11","5M":"11","8J":"11","9Q":"11","4M":"11","3M":"11","9R":"11","4J":"11","3J":"11"},"7X":{"V8":"11","V7":"11","R7":"11","R8":"11","W8":"11"},"8X":{"5C":"11","PJ":"11","RM":"11","QJ":"11","VJ":"11","RJ":"11","WM":"11","XM":"11","VM":"11","6C":"11"}},"VC":{"CW":{"V3":"11","R5":"11","V4":"11","Q3":"11","X7":"11","X8":"11","V6":"11","X9":"11","X6":"11","W3":"11","R2":"11","W8":"11","W4":"11","W6":"11","W7":"11","Q2":"11","V5":"11","R3":"11","W5":"11","R4":"11"},"CV":{"QX":"11"},"QX":{"3F":"11","2F":"11","4G":"11","3H":"11","3J":"11","2H":"11","4H":"11","4F":"11"},"PX":{"WG":"11","XF":"11","XH":"11","XG":"11","WF":"11"}}}}