{"index":{"university,1|retail,2|tourism,3|wreck,4|historical,5|artsCulture,6|namedBuilding,7|water,8|wetland,9|park,10|beach,11|natureReserve,12|cemetery,13|trail,14":{}},"72":{"R8":{"32":{"4P":"11","3Q":"11","4Q":"11"}},"HX":{"XW":{"X8":"11","W2":"11","X9":"11","GQ":"11","4G":"11","9H":"11","8G":"11","W6":"11","5G":"11","7G":"11","8H":"11","FM":"11","X2":"11","3F":"11","HQ":"11","FP":"11","CM":"11","4F":"11","W9":"11","GM":"11","8J":"11","5H":"11","XH":"11","GR":"11","XG":"11","CP":"11","W7":"11","6J":"11","7J":"11","X6":"11","X3":"11","XF":"11","W8":"11","X7":"11","XC":"11","9J":"11","7H":"11","HR":"11","6H":"11","X4":"11","GP":"11"},"VV":{"F5":"11","F6":"11","JF":"11","HF":"11"},"VR":{"7Q":"11","8V":"11","6Q":"11","2M":"11","3J":"11","4J":"11","4P":"11","6P":"11","2J":"11","4M":"11","3M":"11","5M":"11","7R":"11","5P":"11","8R":"11"},"RQ":{"X5":"11","R3":"11","Q4":"11","X4":"11","R4":"11","P4":"11"},"WR":{"QW":"11","RX":"11","GF":"11","MP":"11","PV":"11","QV":"11","MM":"11","QR":"11","QQ":"11","HM":"11","QX":"11","HG":"11","PX":"11","HJ":"11","PR":"11","JM":"11","JJ":"11","GG":"11","HF":"11","JP":"11","RW":"11","PP":"11","PW":"11","HH":"11"},"QQ":{"VX":"11","VW":"11","QW":"11","RX":"11","XX":"11","MV":"11","QX":"11","RW":"11","WW":"11","WX":"11"},"WV":{"V3":"11","R5":"11","V4":"11","X7":"11","X8":"11","V6":"11","X9":"11","R2":"11","W8":"11","W6":"11","W7":"11","Q2":"11","V5":"11","R3":"11","V7":"11","W5":"11","R4":"11"},"XV":{"VX":"11","5G":"11","8J":"11","5H":"11","3C":"11","6J":"11","6H":"11","7J":"11","4H":"11","WV":"11","2C":"11","2F":"11","3G":"11","29":"11","WW":"11","4G":"11","3F":"11","WX":"11"},"QR":{"W2":"11","X2":"11","X3":"11"},"RR":{"J8":"11","44":"11","F8":"11","G8":"11","XJ":"11","RF":"11","WC":"11","96":"11","54":"11","75":"11","F6":"11","J9":"11","WH":"11","WF":"11","QC":"11","XH":"11","34":"11","22":"11","43":"11","74":"11","23":"11","VF":"11","35":"11","VG":"11","86":"11","XF":"11","PF":"11","C6":"11","65":"11","33":"11","C7":"11","RG":"11","PC":"11","64":"11","XG":"11","QF":"11","G7":"11","QG":"11","H9":"11","63":"11","55":"11","H8":"11","WG":"11","VH":"11","M9":"11","85":"11","24":"11","F7":"11","JC":"11","97":"11","53":"11","95":"11","MC":"11","VC":"11"},"VQ":{"37":"11","RJ":"11","78":"11","68":"11","WP":"11","99":"11","36":"11","WQ":"11","47":"11","QH":"11","26":"11","58":"11","RH":"11","25":"11","XP":"11","48":"11","XQ":"11","WM":"11","57":"11","46":"11","RG":"11","88":"11","89":"11","QF":"11","QG":"11","VH":"11","98":"11","VJ":"11","69":"11","79":"11","VP":"11","VM":"11"}},"V6":{"Q3":{"66":"11","64":"11","65":"11","55":"11","73":"11","75":"11","74":"11","72":"11","84":"11","56":"11","83":"11"}},"JX":{"2W":{"34":"11","2H":"11","35":"11","24":"11","36":"11","27":"11","23":"11","26":"11"}},"W3":{"9P":{"V6":"11","R5":"11","X5":"11","R3":"11","V4":"11","P2":"11","Q4":"11","R6":"11","X6":"11","Q2":"11","X4":"11","Q3":"11","R2":"11","Q5":"11","W6":"11","V3":"11","W4":"11"},"9M":{"PR":"11","PV":"11","PW":"11","QR":"11","QX":"11","QW":"11","QV":"11","PX":"11"},"CP":{"25":"11","26":"11"}},"MW":{"33":{"5G":"11","5F":"11"}},"W4":{"5J":{"XC":"11","X9":"11","X7":"11","W7":"11","W2":"11","W3":"11","X8":"11","W5":"11","X3":"11","W6":"11","W4":"11"},"6J":{"2F":"11","9F":"11","88":"11","9C":"11","29":"11","3X":"11","9G":"11","89":"11","2C":"11","99":"11","98":"11","5X":"11","4X":"11"},"6M":{"37":"11","44":"11","7G":"11","7C":"11","68":"11","54":"11","32":"11","5G":"11","67":"11","36":"11","47":"11","52":"11","43":"11","48":"11","57":"11","7F":"11","46":"11","9C":"11","9F":"11","8C":"11","89":"11","4G":"11","55":"11","6G":"11","49":"11","69":"11","42":"11","8F":"11","45":"11","4C":"11","53":"11","79":"11","56":"11","4F":"11"}},"8G":{"QF":{"6P":"11","6M":"11","5M":"11","5P":"11"},"PF":{"VR":"11","WR":"11","WQ":"11","VQ":"11"},"QG":{"37":"11","47":"11","36":"11","46":"11"}},"MM":{"JR":{"VH":"11"},"RQ":{"GG":"11","FF":"11","FG":"11","GC":"11"},"PR":{"GP":"11","PM":"11","JM":"11","HM":"11","JP":"11","HP":"11","MM":"11"},"VM":{"3G":"11","2G":"11"}},"QC":{"Q7":{"95":"11","56":"11","8F":"11","F6":"11","69":"11","H7":"11","CG":"11","HG":"11","98":"11","79":"11","F7":"11","78":"11","47":"11","CC":"11","64":"11","89":"11","77":"11","85":"11","FF":"11","HH":"11","C9":"11","C8":"11","GG":"11","G8":"11","7F":"11","55":"11","C7":"11","C5":"11","C6":"11","F5":"11","9F":"11","7C":"11","H6":"11","86":"11","9C":"11","G9":"11","99":"11","H8":"11","CF":"11","6C":"11","8C":"11","JF":"11","F8":"11","76":"11","5C":"11","GH":"11","JC":"11","67":"11","G5":"11","66":"11","GF":"11","H5":"11","88":"11","49":"11","HF":"11","JG":"11","65":"11","G7":"11","H9":"11","GC":"11","96":"11","HC":"11","75":"11","68":"11","46":"11","F9":"11","59":"11","57":"11","48":"11","45":"11","58":"11","87":"11","G6":"11","J8":"11","FG":"11","J9":"11","FC":"11","97":"11"}}}}