{"index":{"university,1|retail,2|tourism,3|wreck,4|historical,5|artsCulture,6|namedBuilding,7|water,8|wetland,9|park,10|beach,11|natureReserve,12|cemetery,13|trail,14":{}},"73":{"G4":{"WX":{"F8":"11","GX":"11","GF":"11","FG":"11","GH":"11","96":"11","FH":"11","FF":"11","GV":"11","GM":"11","GQ":"11","GW":"11","FM":"11","GR":"11","C6":"11","C8":"11","C7":"11","GG":"11","GJ":"11","FC":"11","FQ":"11","F9":"11","FJ":"11","HX":"11","85":"11","F7":"11","84":"11","GP":"11","94":"11","95":"11"}},"C6":{"XC":{"C2":"11","92":"11","F2":"11","G2":"11"},"X9":{"9W":"11","9X":"11","CX":"11","9V":"11"},"W9":{"M3":"11","P3":"11"}},"J2":{"6F":{"4X":"11","3X":"11","7G":"11","7C":"11","3W":"11","99":"11","75":"11","3P":"11","77":"11","3V":"11","F3":"11","7F":"11","C3":"11","88":"11","8H":"11","76":"11","8C":"11","89":"11","8G":"11","3Q":"11","7H":"11","C4":"11","8F":"11","85":"11","94":"11","F2":"11","95":"11","3R":"11"},"6J":{"88":"11","C7":"11","6Q":"11","8F":"11","G3":"11","8G":"11","87":"11","6P":"11","F4":"11","6R":"11","8H":"11","F3":"11","C8":"11","89":"11","7H":"11","98":"11","97":"11"},"6H":{"8F":"11","9F":"11","FP":"11","FQ":"11","G2":"11","FH":"11","F5":"11","GW":"11","GR":"11","FM":"11","FR":"11","FV":"11","F7":"11","F3":"11","GV":"11","CJ":"11","C6":"11","CM":"11","F6":"11","F2":"11","CH":"11","8C":"11","F4":"11","FJ":"11"},"4P":{"63":"11","83":"11","V4":"11","Q4":"11","73":"11","W2":"11","R4":"11"},"2M":{"37":"11","M7":"11","X7":"11","J7":"11","66":"11","W8":"11","R8":"11","96":"11","Q8":"11","Q7":"11","F6":"11","67":"11","47":"11","77":"11","86":"11","57":"11","C6":"11","76":"11","P7":"11","X8":"11","R7":"11","V7":"11","J6":"11","G6":"11","H6":"11","W7":"11"},"26":{"5G":"11","5C":"11","2H":"11","5F":"11","3H":"11","2J":"11","4H":"11","4F":"11","3G":"11","4G":"11"},"37":{"W2":"11","W3":"11","V2":"11","X4":"11","X3":"11","R2":"11","W4":"11"},"6G":{"FP":"11","HC":"11","42":"11","FQ":"11","73":"11","F5":"11","GW":"11","FM":"11","92":"11","82":"11","HF":"11","63":"11","F3":"11","52":"11","72":"11","GX":"11","C9":"3","FX":"11","F4":"11","53":"11"},"36":{"RW":"11","JP":"11","PR":"11","PV":"11","9F":"11","JQ":"11","78":"11","88":"11","HJ":"11","9C":"11","GJ":"11","MQ":"11","FH":"11","CF":"11","RX":"11","HP":"11","MR":"11","QW":"11","JM":"11","QV":"11","9G":"11","69":"11","CG":"11","68":"11","89":"11","VX":"11","HM":"11","FG":"11","79":"11","MP":"11","CH":"11","8C":"11","99":"11","FJ":"11"},"3M":{"5H":"11","5J":"11","9M":"11","CM":"11","HM":"11","4H":"11","GM":"11","FM":"11","2C":"11","HP":"11","28":"11","WV":"11","XW":"11","JP":"11","3G":"11","6J":"11","4G":"11","29":"11","XX":"11","JQ":"11","3C":"11","VV":"11","RV":"11","XV":"11","MQ":"11","2F":"11","3F":"11"},"5M":{"FP":"11","8R":"11","9Q":"11","VC":"11","4V":"11","CQ":"11","9R":"11","W8":"11","V8":"11","V9":"11","2V":"11","3V":"11","CP":"11"},"6M":{"62":"11","64":"11","55":"11","28":"11","46":"11","54":"11","63":"11","47":"11","37":"11","45":"11"},"58":{"8M":"11","GW":"11","8J":"11","FW":"11","9M":"11","8G":"11","CQ":"11","GV":"11","FQ":"11","9J":"11","8H":"11","FV":"11","CR":"11","CP":"11","FR":"11"},"4M":{"2W":"11","XW":"11","2X":"11","WV":"11","XV":"11","WW":"11","WX":"11"},"6C":{"FR":"11","F8":"11","9M":"11","GX":"11","FG":"11","CM":"11","C9":"11","FH":"11","FF":"11","FV":"11","GV":"11","CH":"11","FW":"11","52":"11","CP":"11","GR":"11","C8":"11","FX":"11","CQ":"11","FP":"11","FC":"11","FQ":"11","63":"11","F9":"11","FJ":"11","CJ":"11","53":"11"}},"F5":{"MX":{"CF":"11","HC":"11","CC":"11","GF":"11","FF":"11","GC":"11"},"RX":{"9X":"11","5R":"11","8X":"11","6V":"11","5V":"11"},"QX":{"Q9":"11","J7":"11","RF":"11","RC":"11","J6":"11","VC":"11","M7":"11","J4":"11","J5":"11","VF":"11","92":"11","R9":"11"},"PX":{"42":"11","72":"11","32":"11","82":"11"},"PW":{"8X":"11"}},"F7":{"93":{"WC":"11","VC":"11","WF":"11"},"J2":{"V8":"11","V9":"11"},"F5":{"44":"11","45":"11","54":"11"},"C3":{"4Q":"11"}},"G6":{"63":{"3X":"11"},"57":{"WJ":"11","RM":"11","WH":"11","VM":"11"},"P2":{"96":"11","J7":"11","44":"11","H7":"11","M7":"11","97":"11"},"4C":{"C4":"11","C3":"11","C5":"11","C2":"11","97":"11","96":"11","F3":"11","95":"11","F2":"11","94":"11"},"25":{"FH":"11","8G":"11","4F":"11","3G":"11","FG":"11","4G":"11","3F":"11","JF":"11"},"Q2":{"48":"11","78":"11","88":"11","77":"11","7C":"11","29":"11","49":"11","57":"11","89":"11","39":"11","79":"11","67":"11","56":"11","8C":"11","98":"11"},"67":{"39":"11","3C":"11","2C":"11","29":"11"}},"H5":{"57":{"48":"11","57":"11","47":"11","3Q":"11","4Q":"11","58":"11"},"28":{"2M":"11","3W":"11","3X":"11","3Q":"11","4X":"11","3R":"11"},"47":{"42":"11","43":"11"},"54":{"6M":"11","7V":"11"},"29":{"CF":"11","64":"11","CG":"11","CQ":"11","42":"11","65":"11","CR":"11"},"53":{"9G":"11","9H":"11","9J":"11","9F":"11"}},"H4":{"78":{"XW":"11","C3":"11","PJ":"11","PG":"11","PH":"11","MG":"11","92":"11","93":"11","F3":"11","XV":"11","MF":"11"},"P2":{"5C":"11","59":"11","5F":"11","42":"11","33":"11","43":"11","35":"11","69":"11","68":"11","45":"11","44":"11","34":"11"},"75":{"4X":"11","5J":"11","M7":"3","9G":"11","GF":"11","4R":"11","G8":"11","GC":"11","FG":"11","J7":"3|11","M5":"11","P3":"11","FF":"11","H7":"11","3V":"11","4W":"11","Q2":"11","M6":"3|11","5M":"11","M2":"11","4Q":"11","J3":"11","4M":"11","Q3":"11","8G":"11","G9":"11","7H":"11","4V":"11","H8":"11","4P":"11","J6":"3|11","CG":"11","3R":"11","M3":"11","J5":"11"},"F6":{"5Q":"11","3F":"11","2F":"11","3G":"11","4V":"11","3X":"11","4W":"11","5R":"11","5P":"11","2C":"11","6P":"11","4X":"11"},"3P":{"V8":"11","RF":"11","RG":"11","RH":"11","RC":"11","V9":"11","R9":"11"},"5Q":{"P2":"11","V3":"11","Q3":"11","M2":"11","V2":"11","W3":"11","R2":"11","Q2":"11","R3":"11","X3":"11","W2":"11"},"82":{"63":"11","88":"11","9G":"11","8F":"11","CG":"11","87":"11","73":"11","8C":"11","77":"11","CH":"11","78":"11","89":"11","75":"11","62":"11","9F":"11","74":"11"},"J4":{"22":"11","32":"11","23":"11"},"77":{"JP":"11","H4":"11","JQ":"11","H6":"11","6Q":"11","H3":"11","J6":"11","H5":"11","J7":"11"},"87":{"VX":"11","XW":"11","RX":"11","XV":"11","WW":"11","WX":"11"},"5P":{"MX":"11","HX":"11","9Q":"11","6J":"11","6H":"11","CV":"11","GW":"11","FW":"11","5J":"11","7M":"11","9R":"11","CR":"11","FV":"11","8Q":"11","7P":"11","GX":"11","8P":"11","5H":"11","9V":"11","6M":"11"},"74":{"RW":"11","X8":"11","QX":"11","RX":"11","XH":"11","QW":"11","XG":"11","RV":"11"},"G5":{"V3":"11","V4":"11","87":"11","77":"11","97":"11","55":"11","W3":"11","57":"11","X3":"11","67":"11","56":"11","6C":"11"},"C7":{"F4":"11","37":"11","75":"11","36":"11","74":"11","28":"11","G5":"11","65":"11","46":"11","64":"11","29":"11","55":"11","C4":"11","45":"11","F5":"11","84":"11","27":"11","94":"11","G6":"11","56":"11"},"88":{"G8":"11","P3":"11","H7":"11","J4":"11","Q2":"11","M4":"11","R2":"11","Q3":"11","G9":"11","G7":"11","HR":"11","HQ":"11","H5":"11","6Q":"11","6R":"11","H6":"11","M3":"11","J5":"11"},"5R":{"XW":"11","XJ":"11","XX":"11","WV":"11","XV":"11","XM":"11","WW":"11","WX":"11"},"76":{"42":"11","43":"11"},"J3":{"MJ":"11","QJ":"11","5V":"11","VJ":"11","GJ":"11","JH":"11","6R":"11","XH":"11","4V":"11","RJ":"11","FM":"11","7Q":"11","3X":"11","6Q":"11","WM":"11","4W":"11","7P":"11","5R":"11","XG":"11","8P":"11","GH":"11","MH":"11","CM":"11","HH":"11","CP":"11","WJ":"11","FJ":"11","4X":"11"},"4M":{"6X":"11","7X":"11","8X":"11","5W":"11","6W":"11"},"H4":{"V3":"11","R5":"11","V4":"11","G9":"11","P6":"11","5F":"11","GC":"11","H8":"11","R6":"11","G8":"11","CF":"11","FF":"11","W3":"11","5W":"11","Q6":"11","3X":"11","4G":"11","4W":"11","H7":"11","P7":"11","V5":"11","CG":"11","M7":"11","X3":"11","FG":"11","4H":"11","J7":"11","4J":"11","4F":"11","4X":"11"},"H5":{"22":"11","32":"11","23":"11"},"98":{"R2":"11"},"6Q":{"33":"11","32":"11"},"4P":{"P6":"11","R6":"11","G2":"11","Q6":"11","82":"11","J3":"11","H2":"11","H3":"11"},"F7":{"34":"11","35":"11","33":"11","36":"11","32":"11"},"97":{"FR":"11","4R":"11","FV":"11","GV":"11","RP":"11","QQ":"11","CR":"11","7R":"11","WF":"11","WH":"11","XH":"11","3V":"11","XF":"11","5R":"11","2V":"11","HV":"11","X9":"11","X8":"11","9R":"11","2W":"11","4V":"11","WG":"11","VJ":"11","QP":"11","6R":"11","8R":"11","WJ":"11","3R":"11","RM":"11","VP":"11","XC":"11","VM":"11"},"6R":{"2Q":"11","2M":"11","2R":"11","2H":"11","2J":"11","2V":"11","2P":"11","2G":"11"},"F5":{"69":"11","68":"11","78":"11","59":"11"},"84":{"57":"11","37":"11","28":"11","47":"11","66":"11","56":"11","38":"11","2C":"11","2F":"11","29":"11","2G":"11"},"M3":{"5C":"11","6F":"11","3F":"11","2F":"11","4C":"11","87":"11","78":"11","2G":"11","5F":"11","H6":"11","7G":"11","77":"11","97":"11","F7":"11","G6":"11","69":"11","C7":"11","6G":"11","G5":"11","H5":"11","2C":"11","79":"11","G7":"11","3C":"11","6C":"11"}},"H2":{"WJ":{"77":"11","66":"11","76":"11","55":"11","65":"11"},"XJ":{"6X":"11","5X":"11","5W":"11"},"X7":{"CF":"11","G4":"11","F9":"11","G3":"11","F5":"11","F7":"11","F4":"11","CC":"11","C8":"11","F3":"11","G5":"11","F8":"11","C9":"11","F6":"11","G2":"11"},"V9":{"VV":"11","WR":"11","WV":"11","XV":"11","XR":"11"},"VH":{"XW":"11","QJ":"11","QQ":"11","VQ":"11","F5":"11","QP":"11","QM":"11","F7":"11","RQ":"11","F6":"11"},"X6":{"HX":"11","HQ":"11","GW":"11","JR":"11","MQ":"11","WJ":"11","RM":"11","XJ":"11","HW":"11","PM":"11","HR":"11","VJ":"11","QM":"11","GX":"11","WH":"11","HV":"11","VM":"11","XH":"11","JQ":"11","PP":"11","QP":"11","MP":"11","JP":"11","RJ":"11"},"VC":{"WG":"11","XF":"11","WF":"11"},"X8":{"48":"11","4C":"11","3G":"11","55":"11","49":"11","2M":"11","4G":"11","3H":"11","3J":"11","57":"11","47":"11","3M":"11","56":"11","4H":"11","58":"11","4F":"11"},"W9":{"P2":"11","2R":"11","H4":"11","F5":"11","R2":"11","J3":"11","Q2":"11","G4":"11","2V":"11","H3":"11","G5":"11"},"VF":{"MC":"11","QW":"11","QX":"11","PF":"11","MF":"11","PG":"11"},"XM":{"R5":"11","62":"11","R6":"11","55":"11","Q8":"11","52":"11","V5":"11","56":"11"},"VG":{"M8":"11","JP":"3","P6":"11","JC":"11","JF":"11","HG":"11","JJ":"3","HJ":"3","CV":"11","GW":"3","HP":"3|11","FW":"11","GR":"11","GP":"11","FR":"11","P8":"11","FV":"3|11","JM":"3","P7":"11","GV":"3","M7":"11","GM":"11","GQ":"11","HM":"3|11","HH":"11","FX":"11"},"W8":{"RW":"11","VQ":"11","VV":"11","WP":"11","RX":"11","WQ":"11","VR":"11","XP":"11","PX":"11","RV":"11","RR":"11"}},"G5":{"G8":{"C4":"11","C3":"11","87":"11","88":"11","M2":"11","G2":"11","F3":"11","H2":"11","J2":"11","69":"11","86":"11","79":"11","F4":"11"},"GC":{"MX":"11","MW":"11","PW":"11"},"W8":{"F4":"11","37":"11","V4":"11","R4":"11","Q5":"3","66":"11","V5":"11|3","83":"11","93":"11","Q4":"11","J4":"11","F3":"11","74":"11","73":"11","M4":"11","65":"11","R5":"11|3","C3":"11","G4":"11","64":"11","W5":"11","W4":"11","G3":"11","X5":"11","H4":"11","P4":"11","56":"11"},"W2":{"H2":"11","H3":"11"},"QX":{"QW":"11"},"PH":{"C3":"11","23":"11","33":"11","C2":"11","73":"11","55":"11","G2":"11","92":"11","93":"11","54":"11","63":"11","45":"11","44":"11","F2":"11","56":"11","83":"11"},"JW":{"X9":"11"},"WH":{"6X":"11","5G":"11","5C":"11","7W":"11","37":"11","5J":"11","5H":"11","6H":"11","5F":"11","36":"11","6G":"11","7X":"11","25":"11","5M":"11","38":"11","6W":"11","26":"11"},"QC":{"V8":"11","V9":"11","W8":"11"},"VR":{"6M":"11"},"VG":{"WR":"11","WV":"11","WQ":"11","WW":"11","WX":"11"},"XF":{"X2":"11"},"V8":{"G9":"11","8F":"11","9F":"11","GC":"11","7G":"11","3P":"11","4P":"11","M6":"11","FC":"11","8G":"11","7H":"11","J6":"11","M7":"11","J8":"11","J7":"11"},"MW":{"2C":"11","29":"11"},"JG":{"MX":"11","PX":"11"},"QF":{"VV":"11","WV":"11","WW":"11","WX":"11"},"JH":{"66":"11","X4":"11","96":"11","J2":"11","J4":"11","77":"11","2H":"11","Q2":"11","M2":"11","G4":"11","W5":"11","J3":"11","W4":"11","Q3":"11","X5":"11","R3":"11","H4":"11","H3":"11","97":"11","M3":"11"},"X8":{"CC":"11","PH":"11","HC":"11","GC":"11","MG":"11","VJ":"11","FC":"11","HF":"11","GF":"11","26":"11","WM":"11","47":"11","37":"11","25":"11","89":"11","XM":"11","MH":"11","JG":"11","C9":"11","VM":"11","99":"11"},"HC":{"VW":"11","RX":"11","RW":"11"},"QG":{"4R":"11","MP":"11","MM":"11","RC":"11","W8":"11","W2":"11","5Q":"11","W6":"11","PH":"11","CR":"11","7R":"11","7V":"11","GQ":"11","V8":"11","W3":"11","5R":"11","CQ":"11","W5":"11","W4":"11","JP":"11","FQ":"11","9R":"11","PJ":"11","JQ":"11","4V":"11","V9":"11","HQ":"11","6Q":"11","R9":"11","5V":"11","6R":"11","8R":"11","V7":"11","MJ":"11","W7":"11","VC":"11"},"P4":{"R3":"3","Q4":"11","R4":"11","Q5":"11"},"PG":{"VV":"11","VR":"11","WR":"11","RV":"11","GX":"11"},"WG":{"48":"11","68":"11","F4":"11","C5":"11","C4":"11","58":"11"},"VH":{"X5":"11","W2":"11","X2":"11","X4":"11","X3":"11"},"WJ":{"JP":"11","62":"11","PV":"11","87":"11","JQ":"11","88":"11","HJ":"11","73":"11","CF":"11","MR":"11","FF":"11","75":"11","74":"11","72":"11","MV":"11","CG":"11","89":"11","86":"11","85":"11","HM":"11"},"HH":{"MW":"11","JW":"11"},"XC":{"XX":"11"},"MH":{"F4":"11","44":"11","V4":"11","R4":"11","X4":"11","75":"11","Q4":"11","J4":"11","X3":"11","C5":"11","35":"11","M4":"11","65":"11","G4":"11","W4":"11","55":"11","C4":"11","85":"11","84":"11","94":"11","95":"11"}},"H3":{"9V":{"P2":"11","H4":"11","4C":"11","59":"11","78":"11","M2":"11","F5":"11","49":"11","J3":"11","G4":"11","J2":"11","M3":"11","69":"11","68":"11","G5":"11","39":"11"},"8V":{"PF":"11","PG":"11","RC":"11","QJ":"11","HG":"11","MG":"11","JH":"11","VC":"11","QF":"11","GH":"11","MH":"11","JG":"11","QG":"11","HH":"11","GG":"11"},"CR":{"CC":"11","5C":"11","6F":"11","3F":"11","4C":"11","5F":"11","HC":"11","GC":"11","9C":"11","7C":"11","FC":"11","7F":"11","8C":"11","3C":"11","6C":"11"},"JW":{"87":"11","RP":"11","WP":"11","97":"11","73":"11","QP":"11","QM":"11","FC":"11","75":"11","74":"11","63":"11","52":"11","RQ":"11","F9":"11","86":"11","85":"11","C9":"11","53":"11"},"PX":{"2R":"11","2V":"11"},"7V":{"WV":"11","WW":"11"},"GQ":{"HC":"11","JC":"11","GC":"11","9C":"11","29":"11","P9":"11","M9":"11","W5":"11","2C":"11","8C":"11","X4":"11","MC":"11","X5":"11"},"MW":{"7W":"11","2Q":"11","5R":"11","4R":"11","7X":"11","8X":"11","6V":"11","6W":"11","3Q":"11","4Q":"11","5V":"11"},"8X":{"6W":"11","6V":"11","4C":"11","33":"11","6R":"11","49":"11","5R":"11","6X":"11","39":"11","34":"11"},"JV":{"3W":"11","4W":"11","5X":"11","3V":"11","4X":"11"},"HV":{"M8":"11","J9":"11","QJ":"11","JC":"11","PW":"11","QQ":"11","MG":"11","M5":"11","VV":"11","QP":"11","M4":"11","M6":"11","QM":"11","J3":"11","M9":"11","VR":"11","J2":"11","RQ":"11","M3":"11","M7":"11","MH":"11","MF":"11","WV":"11","RR":"11","J8":"11","MC":"11","J4":"11"},"FQ":{"W9":"11","6V":"11","R9":"11","RC":"11","5V":"11","HG":"11","8M":"11","GJ":"11","VC":"11","6R":"11","X9":"11","7M":"11","9M":"11","V9":"11","Q9":"11","7P":"11","8P":"11","GH":"11","WC":"11","XC":"11","QC":"11","HH":"11","6P":"11","9J":"11"},"9R":{"MX":"11","QW":"11","WP":"11","VR":"11","RV":"11","QX":"11","PX":"11","WQ":"11","QV":"11","PW":"11","RR":"11","RW":"11","VQ":"11"},"HR":{"JP":"11","HR":"11","J9":"11","JQ":"11","JC":"11","JF":"11","M2":"11","M5":"11","HQ":"11","JR":"11","HJ":"11","JH":"11","JW":"11","HP":"11","JX":"11","HV":"11","M6":"11","J3":"11","JM":"11","J5":"11","J2":"11","J6":"11","M7":"11","JV":"11","JG":"11","HM":"11","HH":"11","J8":"11","J7":"11","J4":"11"},"HQ":{"23":"11","JP":"11","MX":"11","JQ":"11","HC":"11","33":"11","HG":"11","H8":"11","JR":"11","HJ":"11","JW":"11","JX":"11","HP":"11","HF":"11","24":"11","H9":"11","JV":"11","HM":"11","HH":"11"},"MX":{"M8":"11","C4":"11","C3":"11","J9":"11","H6":"11","RG":"11","VJ":"11","XR":"11","WP":"11","F5":"11","WQ":"11","92":"11","93":"11","P9":"11","82":"11","QF":"11","M9":"11","G6":"11","J6":"11","VH":"11","QC":"11","QG":"11","RH":"11","F6":"11","J8":"11","PC":"11","J7":"11","F4":"11","WR":"11"}},"F6":{"QW":{"35":"11","45":"11"},"X4":{"2Q":"11","2P":"11"},"J2":{"R3":"11","Q4":"11","P5":"11","H6":"3","Q2":"11","Q3":"11"},"26":{"63":"11","62":"11"},"PX":{"Q6":"11","Q7":"11","PP":"11","P7":"11","P6":"11"},"F3":{"5F":"11","6G":"11","CH":"11","6F":"11"},"C3":{"FQ":"11","HJ":"11"},"H2":{"7M":"11","7P":"11","GJ":"11","VH":"11","FJ":"11"},"R2":{"G4":"11","G3":"11","C2":"11","C3":"11","H5":"11|3","H4":"11","J6":"11","H6":"11","J5":"11","92":"11","82":"11"},"W4":{"J7":"11","54":"11","77":"11","RH":"11","87":"11","86":"11","WM":"11","G5":"11","65":"11","XM":"11","RG":"11","64":"11","76":"11","G7":"11","M9":"11","VJ":"11","F5":"11","WJ":"11","53":"11","J6":"11","G6":"11","MC":"11"},"X5":{"QF":"11","JC":"11","RF":"11","HC":"11","VF":"11","VG":"11","H9":"11"},"R3":{"X5":"11","X7":"11","X6":"11"},"PW":{"FP":"11","G8":"11","FH":"11","FF":"11","GP":"11","F8":"11","FC":"11","F9":"11","GQ":"11","FG":"11","G7":"11"},"84":{"77":"11","R7":"11","76":"11"},"53":{"2Q":"11","2R":"11","CV":"11","FV":"11","FR":"11"},"94":{"H2":"11","H3":"11"},"V3":{"28":"11","24":"11","27":"11","25":"11"},"4F":{"MV":"3","PV":"3","MW":"3","PW":"3"}}}}