{"index":{"university,1|retail,2|tourism,3|wreck,4|historical,5|artsCulture,6|namedBuilding,7|water,8|wetland,9|park,10|beach,11|natureReserve,12|cemetery,13|trail,14":{}},"75":{"CR":{"M8":{"22":"11"},"8F":{"WR":"11","XQ":"11","WQ":"11","XR":"11"},"P6":{"2X":"11"},"9F":{"2R":"11","5Q":"11","JC":"11","JF":"11","2Q":"11","3P":"11","4P":"11","4Q":"11","MF":"11","5P":"11","MC":"11"},"H8":{"MC":"11","R5":"11","GP":"11","R3":"11","Q6":"11","MG":"11","V4":"11","GJ":"11","CQ":"11","GM":"11","R6":"11","V2":"11","Q8":"11","FQ":"11","MF":"11","Q7":"11","PC":"11","HH":"11","JH":"11","HM":"11","HJ":"11","R4":"11","P9":"11","P8":"11","V3":"11","JG":"11","JF":"11","FP":"11"},"V2":{"6J":"11"},"6R":{"C7":"11","C6":"11","F5":"11","F7":"11","F6":"11"},"7M":{"C3":"11","C4":"11","8F":"11","6V":"11","C5":"11","5V":"11","7G":"11","9C":"11","97":"11","6R":"11","5W":"11","92":"11","93":"11","82":"11","6Q":"11","7F":"11","C7":"11","C6":"11","8C":"11","99":"11","98":"11","5X":"11","4X":"11"},"5W":{"QW":"11","VP":"11","VV":"11","VR":"11","RV":"11","VM":"11","RW":"11","VQ":"11"},"8H":{"62":"11","3F":"11","38":"11","48":"11","2F":"11","4C":"11","2G":"11","64":"11","3G":"11","65":"11","55":"11","49":"11","46":"11","54":"11","63":"11","57":"11","47":"11","39":"11","2H":"11","56":"11","2J":"11","3C":"11"},"7H":{"VQ":"11","WP":"11","XJ":"11","XH":"11","WQ":"11","WM":"11","VR":"11","XP":"11","XM":"11"},"H7":{"VX":"11"},"P7":{"22":"11"},"M7":{"M8":"11","R5":"11","V4":"11","P6":"11","J9":"11","HC":"11","JC":"11","HG":"11","FH":"11","W3":"11","2X":"11","Q5":"11","Q6":"11","3X":"11","HF":"11","W4":"11","X2":"11","M9":"11","M7":"11","GH":"11","X3":"11","J8":"11","GG":"11","R4":"11"},"R3":{"8W":"11","JC":"11","7X":"11","8X":"11"},"7J":{"9W":"11","9X":"11"},"J8":{"V3":"11","V4":"11","33":"11","32":"11","G8":"11","W3":"11","F8":"11","W4":"11","X2":"11","43":"11","F7":"11","X3":"11","22":"11","G7":"11","R4":"11"},"J7":{"2X":"11"},"6P":{"X4":"11"},"5X":{"Q6":"11","Q7":"11","Q2":"11","Q3":"11","Q5":"11"},"R4":{"72":"11"}},"QX":{"V4":{"PM":"11","QJ":"11","QM":"11","PP":"11","PJ":"11","MP":"11","MM":"11"},"MG":{"JP":"11","MP":"11"},"CV":{"7G":"11","6H":"11","6G":"11","7H":"11","6F":"11","7F":"11"},"QQ":{"CV":"11","9R":"11","9Q":"11","9V":"11","CR":"11"},"7R":{"7Q":"11","7M":"11","5J":"11","6M":"11","5P":"11"},"H2":{"3X":"11"},"C5":{"QJ":"11","PJ":"11"},"H3":{"32":"11"}},"MF":{"V6":{"F8":"11","5J":"11","9G":"11","G8":"11","7G":"11","7J":"11","J7":"11","M5":"11","C9":"11","H7":"11","3P":"11","Q4":"11","CC":"11","6M":"11","M6":"11","5P":"11","P5":"11","5M":"11","V2":"11","9C":"11","4Q":"11","8H":"11","9F":"11","6H":"11","R2":"11","4M":"11","FC":"11","Q3":"11","8G":"11","G9":"11","6J":"11","R3":"11","3Q":"11","7H":"11","P4":"11","CF":"11","H8":"11","2R":"11","F9":"11","8F":"11","4P":"11","J6":"11","2Q":"11","3R":"11"},"V5":{"VX":"11","XW":"11","XV":"11","WW":"11","WX":"11"},"R7":{"5H":"11","F8":"11","5J":"11","7G":"11","2P":"11","M5":"11","P2":"11","C9":"11","P3":"11","H7":"11","99":"11","3P":"11","J4":"11","Q2":"11","M4":"11","C8":"11","7F":"11","9C":"11","8C":"11","6H":"11","R2":"11","4M":"11","Q3":"11","G7":"11","3M":"11","P4":"11","6G":"11","H5":"11","4J":"11","8F":"11","F7":"11","J6":"11","2Q":"11","G6":"11","H6":"11","M3":"11","J5":"11"},"R6":{"RW":"11","WW":"11","XR":"11","VV":"11","QX":"11","RX":"11","VW":"11","XV":"11","WV":"11","VX":"11"},"Q8":{"7G":"11","99":"11","5G":"11","C7":"11","5J":"11","2Q":"11","3J":"11","2M":"11","5H":"11","M3":"11","P2":"11","6H":"11","4J":"11","J3":"11","P3":"11","F7":"11","8C":"11","G6":"11","6G":"11","H5":"11","4M":"11","4H":"11","H4":"11","3M":"11","M4":"11","J4":"11","Q2":"11","C8":"11","2P":"11","G5":"11","7C":"11","89":"11","6F":"11","98":"11","F6":"11","M2":"11","3P":"11","7F":"11"},"Q7":{"VW":"11","QW":"11","RX":"11","VV":"11","VR":"11","WR":"11","XQ":"11","RV":"11","WV":"11","QX":"11","PX":"11","WQ":"11","RW":"11","XP":"11","XR":"11"},"X4":{"7C":"11","2P":"11","P2":"11","6C":"11","99":"11","F6":"11","2M":"11","J4":"11","4H":"11","G5":"11","C8":"11","M2":"11","5C":"11","9C":"11","C7":"11","8C":"11","J3":"11","89":"11","6F":"11","4G":"11","H4":"11","3M":"11","H5":"11","98":"11","4J":"11","F7":"11","3J":"11","2Q":"11","G6":"11","5F":"11","M3":"11","4F":"11"},"W5":{"9G":"11","4R":"11","G8":"11","7J":"11","J7":"11","M5":"11","6P":"11","P3":"11","H7":"11","5Q":"11","3V":"11","CC":"11","6M":"11","7M":"11","5P":"11","Q2":"11","M4":"11","5M":"11","4Q":"11","8H":"11","9F":"11","2V":"11","R2":"11","FC":"11","Q3":"11","8G":"11","6J":"11","G9":"11","G7":"11","3Q":"11","7H":"11","P4":"11","CF":"11","H8":"11","2R":"11","F9":"11","4P":"11","J6":"11","H6":"11","3R":"11","J5":"11"},"X3":{"MX":"11","QW":"11","WP":"11","VR":"11","XQ":"11","RV":"11","PX":"11","WQ":"11","QV":"11","PW":"11","RR":"11","XP":"11","VQ":"11"},"P9":{"P2":"11","Q3":"11","P4":"11","H6":"11","M5":"11","M4":"11","J5":"11","Q2":"11","M3":"11","J6":"11","P3":"11"},"P8":{"RW":"11","XQ":"11","XR":"11","VV":"11","QX":"11","RX":"11","WQ":"11","VW":"11","XP":"11","WV":"11","WR":"11"},"W4":{"WW":"11","XQ":"11","XR":"11","VV":"11","RX":"11","VW":"11","WV":"11","VX":"11","WR":"11"}},"CQ":{"XP":{"XQ":"11"}},"X9":{"8M":{"F4":"11","44":"11","83":"11","54":"11","93":"11","C2":"11","82":"11","26":"11","25":"11","73":"11","35":"11","65":"11","C3":"11","64":"11","92":"11","63":"11","55":"11","72":"11","C4":"11","45":"11","F5":"11","53":"11","94":"11"},"7M":{"V6":"11","W7":"11","X6":"11","W6":"11"},"8J":{"9X":"11","CX":"11","CW":"11","CV":"11","8X":"11","FV":"11","CR":"11","FR":"11"}},"GX":{"JM":{"59":"11"},"GF":{"H6":"11"}},"GQ":{"HW":{"4V":"11"},"WW":{"2C":"11"}},"C7":{"87":{"WH":"11","XQ":"11","WG":"11","X9":"11","WM":"11","XG":"11","XP":"11","XM":"11","XC":"11","XF":"11","WJ":"11"}},"JW":{"7V":{"4C":"11"}},"XW":{"CV":{"RH":"11"}},"PF":{"8M":{"PJ":"11","G9":"11","J9":"11","PG":"11","PH":"11","JC":"11","QQ":"11","QR":"11","PQ":"11","CF":"11","FF":"11","PM":"11","PP":"11","FC":"11","QV":"11","9G":"11","CG":"11","H9":"11","MF":"11","MC":"11"},"7M":{"3M":"11","H9":"11"},"GJ":{"87":"11"},"6R":{"XW":"11","XX":"11","XQ":"11","XV":"11","XP":"11","XM":"11","XR":"11"},"7R":{"2R":"11","3F":"11","2G":"11","3G":"11","2Q":"11","2P":"11","2M":"11","2H":"11","2J":"11"},"HH":{"7X":"11","8X":"11"},"22":{"MX":"11","JX":"11","PV":"11","MW":"11","PW":"11"},"23":{"F4":"11","7C":"11","2P":"11","6C":"11","5G":"11","F6":"11","2M":"11","J2":"11","4H":"11","C5":"11","C6":"11","C7":"11","88":"11","G4":"11","H2":"11","89":"11","6F":"11","G3":"11","4G":"11","3M":"11","98":"11","4J":"11","H3":"11","97":"11","3J":"11","F5":"11","3H":"11","79":"11","5F":"11"}},"FR":{"67":{"Q8":"11","P8":"11"}},"CF":{"V2":{"57":"11","66":"11","67":"11"}},"PJ":{"7G":{"MQ":"11","QH":"11"},"J2":{"V6":"11","X5":"11","V7":"11","X4":"11","W5":"11","W6":"11"},"Q2":{"HP":"11"},"M2":{"24":"11","42":"11","6F":"11","22":"11","32":"11","23":"11","6C":"11"}},"HP":{"MJ":{"QW":"11","MQ":"11","JJ":"11","XX":"11","JM":"11","MV":"11","RV":"11","PV":"11","QV":"11","PW":"11","QR":"11","HJ":"11","MP":"11","MR":"11"},"PJ":{"2X":"11"},"5Q":{"7G":"11","5G":"11","8F":"11","8C":"11","6G":"11","7F":"11"},"HJ":{"9W":"11","8W":"11","9X":"11","CV":"11","CQ":"11","8X":"11","9V":"11","CR":"11"},"JH":{"M3":"11","Q4":"11","P3":"11","P5":"11","M4":"11","J4":"11","Q5":"11","P4":"11"},"2P":{"G8":"11","GC":"11","QV":"11","PV":"11","FG":"11","QR":"11","FH":"11","FF":"11","HM":"11","WH":"11","XH":"11","GM":"11","HP":"11","G5":"11","PQ":"11","G4":"11","PR":"11","GJ":"11","JP":"11","G3":"11","FC":"11","G9":"11","G7":"11","JQ":"11","H8":"11","FJ":"11","F5":"11","MQ":"11","MR":"11","G6":"11"},"PM":{"48":"11","47":"11","44":"11","46":"11","49":"11","54":"11","55":"11","59":"11"},"GP":{"8M":"11","9G":"11","7P":"11","GC":"11","J7":"11","M5":"11","P2":"11","8P":"11","8V":"11","FF":"11","H7":"11","7Q":"11","CH":"11","J2":"11","7W":"11","J4":"11","9J":"11","M6":"11","P5":"11","G5":"11","M2":"11","8J":"11","J3":"11","FC":"11","G9":"11","H4":"11","9H":"11","H9":"11","CF":"11","H8":"11","H5":"11","7X":"11","8R":"11","8W":"11","J6":"11","G6":"11","CG":"11","M3":"11"},"2M":{"8M":"11","7M":"11","9P":"11","GP":"11","5J":"11","9M":"11","4J":"11","6M":"11","5M":"11","MW":"11","MP":"11","JP":"11","CP":"11","HP":"11","8P":"11","FP":"11"},"GM":{"QW":"11","XJ":"11","QV":"11","WP":"11","QR":"11","RR":"11","QX":"11","PX":"11","XH":"11","VR":"11","WM":"11","XM":"11","XG":"11","RQ":"11","VQ":"11","RV":"11","PW":"11","MX":"11","WJ":"11","VP":"11","VM":"11"},"GQ":{"72":"11"},"4Q":{"Q9":"11","6C":"11"},"HM":{"66":"11","83":"11","75":"11","47":"11","82":"11","2H":"11","58":"11","39":"11","74":"11","73":"11","48":"11","57":"11","65":"11","2G":"11","64":"11","3C":"11","49":"11","72":"11","4C":"11","2F":"11","56":"11","3F":"11"}},"JG":{"X5":{"6X":"11","2W":"11","2R":"11","3W":"11","5X":"11","2V":"11","4X":"11"},"V4":{"XR":"11","V4":"11","X7":"11","XJ":"11","X4":"3","W8":"11","W2":"11","X6":"11|3","W6":"11|3","XH":"11","XP":"11","XQ":"11","XF":"11","W3":"11","XM":"11","V2":"11","W5":"11|3","R2":"11","W4":"11|3","G3":"11","X9":"11","X5":"3","X8":"11","WJ":"11","F2":"11","G2":"11","V3":"11","W7":"11","XC":"11"},"X7":{"P2":"11","Q3":"11","VF":"11","WF":"11","P4":"11","Q4":"11","Q7":"11","WG":"11","VC":"11","Q5":"11","Q6":"11","Q8":"11","V9":"11","XG":"11","WC":"11","P5":"11","P3":"11"},"V2":{"GW":"11","FX":"11","FW":"11","GV":"11","GX":"11","FV":"11","FR":"11"},"X6":{"GF":"11","PV":"11","FG":"11","GH":"11","C9":"11","96":"11","FH":"11","FF":"11","HM":"11","52":"11","PX":"11","CC":"11","GM":"11","74":"11","73":"11","HP":"11","86":"11","C8":"11","C7":"11","PR":"11","GG":"11","JP":"11","GJ":"11","MV":"11","FC":"11","JQ":"11","63":"11","PW":"11","F9":"11","85":"11","97":"11","84":"11","MQ":"11","MR":"11","95":"11","62":"11"},"W5":{"XR":"11","44":"11","78":"11","FG":"11","66":"11","GH":"11","FH":"11","54":"11","HM":"11","67":"11","77":"11","22":"11","23":"11","65":"11","WR":"11","33":"11","WV":"11","9C":"11","88":"11","9F":"11","76":"11","JM":"11","89":"11","GJ":"11","JP":"11","CF":"11","55":"11","XV":"11","CG":"11"},"V3":{"F5":"11","QX":"11|3","G3":"11","GX":"11|2","GQ":"2|3|11","CH":"11","FW":"11|2","C7":"11","FR":"11|2","F4":"11","PR":"3","CF":"11","HW":"11","RW":"3","MR":"3","C6":"11","QV":"2","CG":"11","FM":"11","F3":"11","GV":"11|2","HX":"11","F7":"11","F6":"11","JV":"3|11","F2":"11","HQ":"2","FP":"11|3","PV":"3|11|2","GW":"11|2","F9":"11","GR":"2|11","C4":"11","FX":"11|2","FG":"11","RX":"11|3","QW":"11|3|2","MV":"3|11","FJ":"11","C8":"11","CC":"11","F8":"11","CJ":"11","FV":"11|2","FQ":"11|2|3","FF":"11","C9":"11","PW":"11","C5":"11","JR":"3","FH":"11","HR":"2","HV":"11","FC":"11","GP":"3"},"W4":{"2W":"11","2X":"11","24":"3","3W":"11","25":"3"}},"RV":{"VV":{"H7":"11","G6":"11","H6":"11","G7":"11"},"WV":{"8W":"11","8V":"11","9R":"11","9V":"11"}},"MG":{"5G":{"PH":"11"},"38":{"7R":"11","5G":"11","3F":"11","8W":"11","8R":"11","9Q":"11","6J":"11","7X":"11","29":"11","7Q":"11","9R":"11","7W":"11","4G":"11","7V":"11","8Q":"11","7P":"11","5H":"11","8X":"11","8V":"11","2C":"11","6M":"11","6P":"11","3C":"11","4F":"11"},"27":{"QW":"11","RX":"11|2","8M":"11","VW":"2","9M":"11","MP":"11","7J":"11","QV":"11","PV":"11","CM":"11","HM":"11","QX":"11","3P":"11","2H":"11","GM":"11","6M":"11","FM":"11","HP":"11","C6":"11","5M":"11","7F":"11","8J":"11","C7":"11","2G":"11","PR":"11","4M":"11","JP":"11","89":"11","6J":"11","3M":"11","JQ":"11","RW":"11|2","VX":"2","C4":"11","4P":"11","F7":"11","3J":"11","MQ":"11","GP":"11","94":"11","3H":"11","MR":"11"},"28":{"V3":"11|2","V4":"11|2","X7":"11|2","X8":"11","V2":"11|2","X9":"11","X6":"11|2","W3":"2","R2":"11|2","W4":"11|2","W6":"11|2","W7":"11","V5":"11","R3":"11","XC":"11","W5":"11|2","X4":"2","W2":"2","X5":"2"},"39":{"CC":"11","C8":"11","97":"11","CF":"11","FF":"11","93":"11","82":"11","96":"11","C7":"11","95":"11","84":"11","C9":"11|2","83":"11","98":"11","94":"11"},"CH":{"3F":"11","PF":"11","HC":"11","JC":"11","3G":"11","MF":"11","MC":"11"},"X5":{"Q9":"11","V9":"11","RC":"11","Q8":"11","VC":"11","Q7":"11","M7":"11","R8":"11","P7":"11","R9":"11","P8":"11"}},"PH":{"QW":{"QW":"11","MP":"11","PV":"11","9V":"11","HM":"11","QX":"11","PM":"11","CR":"11","CV":"11","HJ":"11","GM":"11","PQ":"11","8X":"11","PR":"11","CQ":"11","JJ":"11","FP":"11","MV":"11","JH":"11","FQ":"11","9R":"11","PJ":"11","9W":"11","PP":"11","PW":"11","7X":"11","8W":"11","GP":"11","MQ":"11","MJ":"11","MR":"11","MH":"11"},"RX":{"MQ":"11","G2":"11","PQ":"11","MR":"11","PM":"11","PP":"11","H2":"11","F2":"11","R4":"11"},"XR":{"C3":"11","38":"11","66":"11","65":"11","C2":"11","55":"11","27":"11","28":"11","93":"11","46":"11","75":"11","74":"11","47":"11","37":"11","84":"11","56":"11","F2":"11","83":"11"},"VW":{"2W":"11","WJ":"11","4P":"11","5P":"11","QG":"11","8Q":"11","PG":"11","CP":"11","RJ":"11"},"QX":{"62":"11","Q3":"11","64":"11","Q4":"11","55":"11","73":"11","27":"11","Q5":"11","28":"11","46":"11","82":"11","54":"11","26":"11","63":"11","35":"11","Q2":"11","72":"11","37":"11","45":"11","R3":"11","36":"11","44":"11","R4":"11","53":"11"},"PX":{"X8":"11","HJ":"11","MH":"11","X9":"11","QF":"11","PF":"11","HH":"11","JG":"11","RF":"11","V9":"11","MG":"11","4J":"11","PH":"11","2H":"11","3J":"11","QG":"11","W9":"11","4H":"11","VF":"11","8J":"11","5H":"11","PG":"11","JH":"11","5J":"11","RC":"11","VC":"11","6J":"11","QC":"11","7J":"11","FJ":"11","W8":"11","CJ":"11","X7":"11","2J":"11","9J":"11","WC":"11","JJ":"11","GH":"11","GJ":"11","3H":"11","RG":"11"},"WW":{"CC":"11","J9":"11","4C":"11","JC":"11","9C":"11","P9":"11","V8":"11","M9":"11","H9":"11","C9":"11","MC":"11"},"VR":{"VX":"11","XW":"11","XX":"11","WX":"11"},"XQ":{"PR":"11","PV":"11","HX":"11","VQ":"11","QR":"11","WP":"11","JW":"11","WQ":"11","MW":"11","MV":"11","RQ":"11","GX":"11","XP":"11","JV":"11","HW":"11","RR":"11","FX":"11"},"WR":{"PF":"11","W9":"11","2W":"11","3W":"11","PG":"11","RC":"11","X8":"11","MG":"11","HJ":"11","4R":"11","RF":"11","GJ":"11","JH":"11","VC":"11","6R":"11","X9":"11","4V":"11","FM":"11","7Q":"11","9P":"11","6Q":"11","9M":"11","QF":"11","V9":"11","2V":"11","8Q":"11","7P":"11","5R":"11","8P":"11","3V":"11","GH":"11","CM":"11","JG":"11","HH":"11","FJ":"11"},"WV":{"FH":"11","7M":"11","8M":"11","6M":"11","PF":"11","9J":"11","5P":"11","HH":"11","CJ":"11"},"XW":{"85":"11","48":"11","38":"11"},"RW":{"F5":"11","2R":"11","85":"11","9C":"11","93":"11","GQ":"11","P8":"11","FW":"11","Q6":"11","7C":"11","3V":"11","92":"11","M8":"11","FR":"11","5P":"11","7G":"11","JG":"11","C6":"11","7F":"11","83":"11","4P":"11","86":"11","4Q":"11","HX":"11","4M":"11","8C":"11","2Q":"11","6G":"11","3R":"11","8J":"11","5H":"11","96":"11","JF":"11","F9":"11","P7":"11","5J":"11","FX":"11","P6":"11","8F":"11","M9":"11","7J":"11","2V":"11","C8":"11","3P":"11","F8":"11","FV":"11","6F":"11","5M":"11","FQ":"11","C9":"11","JC":"11","99":"11","C5":"11","G5":"11","MC":"11","84":"11","HG":"11","6H":"11","3Q":"11","GP":"11"},"RV":{"FR":"11","CM":"11","QH":"11","PH":"11","CR":"11","CV":"11","HJ":"11","GM":"11","CP":"11","RH":"11","9X":"11","FM":"11","VG":"11","CX":"11","XF":"11","RG":"11","CW":"11","XG":"11","JJ":"11","FP":"11","GJ":"11","JH":"11","FQ":"11","PJ":"11","WG":"11","VH":"11","FJ":"11","GP":"11","HH":"11","MJ":"11","QJ":"11","MH":"11"},"VV":{"78":"11","M5":"11","P3":"11","6C":"11","F6":"11","J4":"11","M4":"11","C8":"11","5C":"11","59":"11","V2":"11","C7":"11","2G":"11","88":"11","R2":"11","89":"11","Q3":"11","R3":"11","3C":"11","P4":"11","H5":"11","98":"11","69":"11","F7":"11","97":"11","4C":"11","G6":"11","H6":"11","79":"11","2F":"11","J5":"11","4F":"11","3F":"11"},"MX":{"4X":"11","6V":"11","RJ":"11","6W":"11","3X":"11","XJ":"11","5W":"11","HM":"11","5X":"11","7R":"11","XH":"11","HJ":"11","GM":"11","7V":"11","4W":"11","CP":"11","FM":"11","8Q":"11","JM":"11","CQ":"11","9Q":"11","JJ":"11","FP":"11","PJ":"11","VJ":"11","5V":"11","8R":"11","WJ":"11","GP":"11","MJ":"11","QJ":"11"},"WX":{"X4":"11","X3":"11"}},"PC":{"7M":{"J2":"11","J3":"11","M2":"11"},"8J":{"42":"11","33":"11","27":"11","28":"11","26":"11","43":"11","52":"11","35":"11","25":"11","44":"11","36":"11","34":"11"},"7J":{"RJ":"11","X7":"11","PV":"11","WC":"11","QR":"11","QQ":"11","RP":"11","WF":"11","W9":"11","RH":"11","VF":"11","VG":"11","QM":"11","MW":"11","PQ":"11","PR":"11","MV":"11","X9":"11","X8":"11","WG":"11","JX":"11","VH":"11","PW":"11","MX":"11","VJ":"11","QP":"11","RM":"11","XC":"11"},"8H":{"CC":"11","C8":"11","6V":"11","9F":"11","5V":"11","8J":"11","8M":"11","9C":"11","6R":"11","7M":"11","5W":"11","8H":"11","9H":"11","7Q":"11","F8":"11","6Q":"11","8G":"11","F7":"11","G6":"11","7P":"11","9G":"11","7J":"11","C9":"11","F6":"11","G7":"11","5X":"11","4X":"11"}},"MQ":{"FJ":{"8J":"11"}},"HX":{"P2":{"MX":"11","PX":"11","MW":"11","PW":"11"},"XX":{"PM":"11","QM":"11"}},"MM":{"7G":{"X8":"11","HJ":"11","2R":"11","MH":"11","4G":"11","3V":"11","QF":"11","PF":"11","5P":"11","HH":"11","6M":"11","RF":"11","V9":"11","MG":"11","4Q":"11","FM":"11","5Q":"11","3G":"11","4R":"11","9M":"11","CM":"11","QG":"11","8M":"11","W9":"11","3R":"11","GM":"11","8J":"11","PG":"11","JH":"11","RC":"11","VC":"11","QC":"11","7M":"11","2V":"11","W8":"11","X7":"11","5M":"11","2G":"11","JJ":"11","GJ":"11"},"5H":{"XC":"11","HW":"11","XF":"11","WF":"11","JW":"11"},"8G":{"5C":"11","6F":"11","4C":"11","59":"11","5F":"11","7C":"11","55":"11","27":"11","49":"11","54":"11","26":"11","35":"11","7F":"11","69":"11","6G":"11","36":"11","58":"11","6C":"11"},"6H":{"J8":"11","5H":"11","M7":"11","9G":"11","GF":"11","GC":"11","P6":"11","FG":"11","J7":"11","FF":"11","5G":"11","Q4":"11","39":"11","Q2":"11","M6":"11","P5":"11","5C":"11","8H":"11","6H":"11","R2":"11","Q3":"11","29":"11","HC":"11","7H":"11","3C":"11","9H":"11","P4":"11","H9":"11","CF":"11","H8":"11","4C":"11","CG":"11","5F":"11"},"6G":{"RW":"11","WW":"11","RX":"11","PM":"11","VW":"11","PP":"11","XV":"11","WV":"11","MP":"11"}},"FP":{"GW":{"J9":"11","G8":"11","G9":"11","P9":"11","P8":"11"},"JR":{"2X":"11","3W":"11","4W":"11","3X":"11","3V":"11","4V":"11"},"CX":{"V8":"11"},"HR":{"VX":"11","RX":"11","XX":"11"},"HV":{"X2":"11","M4":"11"},"XG":{"J8":"11","V4":"11","5J":"11","M7":"11","9G":"11","7G":"11","GC":"11","R4":"11","P6":"11","Q5":"11","J7":"11","V5":"11","CC":"11","X3":"11","W3":"11","R5":"11","8H":"11","Q6":"11","9F":"11","6H":"11","W4":"11","FC":"11","8G":"11","P7":"11","6J":"11","G9":"11","7H":"11","H9":"11","CF":"11","H8":"11","F9":"11","X2":"11"}},"QG":{"HX":{"CQ":"11","9Q":"11","CR":"11"},"FX":{"77":"11","67":"11"},"HW":{"CX":"11"},"HV":{"JF":"11","FQ":"11","JJ":"11","HJ":"11","JH":"11","CV":"11","HP":"11","GP":"11","FR":"11","FV":"11","GQ":"11","MF":"11","JG":"11","HM":"11"},"JW":{"23":"11","5C":"11","6F":"11","33":"11","92":"11","93":"11","82":"11","35":"11","25":"11","24":"11","69":"11","45":"11","36":"11","44":"11","84":"11","34":"11","83":"11","6C":"11","94":"11"}},"8X":{"WV":{"WX":"11","WW":"11","XQ":"11","XR":"11","WQ":"11","XP":"11","XM":"11","WV":"11","WR":"11"},"WW":{"V4":"11","MP":"11","RC":"11","V5":"11","R8":"11","W2":"11","PM":"11","QH":"11","PH":"11","JW":"11","QC":"11","W3":"11","R6":"11","MW":"11","V2":"11","PQ":"11","JV":"11","MV":"11","QF":"11","PJ":"11","QG":"11","PP":"11","JX":"11","R7":"11","V6":"11","R9":"11","V7":"11","MQ":"11","MR":"11","V3":"11","QJ":"11"},"WX":{"F8":"11","9M":"11","G8":"11","FG":"11","CM":"11","8V":"11","FF":"11","CH":"11","J2":"11","7W":"11","9J":"11","8Q":"11","G5":"11","9Q":"11","J3":"11","H2":"11","9P":"11","FC":"11","G9":"11","G7":"11","H4":"11","CF":"11","H5":"11","7X":"11","H3":"11","F9":"11","CJ":"11","8R":"11","8W":"11","G6":"11","H6":"11","CG":"11"}},"W9":{"VX":{"99":"11","8C":"11","9C":"11","89":"11"},"9P":{"P2":"11","C2":"11","G2":"11","J3":"11","H2":"11","J2":"11","P3":"11","F2":"11"},"9M":{"HX":"11","GR":"11","QW":"11","FX":"11","FW":"11","JJ":"11","PX":"11","GX":"11","GQ":"11","FV":"11","JH":"11","HM":"11","HJ":"11","HP":"11","FR":"11"}},"9W":{"MC":{"22":"11","32":"11"},"GH":{"V6":"11","R5":"11","X5":"11","Q4":"11","V5":"11","X6":"11","W5":"11","Q5":"11","W6":"11","P4":"11"},"JC":{"PF":"11","W3":"11","CW":"11","X2":"11","X3":"11","CX":"11","PC":"11","W2":"11"},"HG":{"PQ":"11","GW":"11","FX":"11","JR":"11","MQ":"11","RP":"11","JV":"11","RM":"11","HW":"11","MV":"11","QQ":"11","VH":"11","VJ":"11","WG":"11","QM":"11","XF":"11","GX":"11","PR":"11","WH":"11","HV":"11","PP":"11","QP":"11","XG":"11","RJ":"11","MR":"11"},"M9":{"4X":"11","F4":"11","6V":"11","7P":"11","6W":"11","3X":"11","7J":"11","5W":"11","5X":"11","7Q":"11","J4":"11","7R":"11","7M":"11","87":"11","C5":"11","2X":"11","G4":"11","6H":"11","J3":"11","H4":"11","7H":"11","H3":"11","6Q":"11","5V":"11","6R":"11"},"HH":{"83":"11","75":"11","93":"11","36":"11","C2":"11","26":"11","25":"11","74":"11","35":"11","65":"11","C3":"11","64":"11","55":"11","45":"11","84":"11","94":"11","F2":"11"},"M8":{"HR":"11","GW":"11","HV":"11","GX":"11","GV":"11","HW":"11","FX":"11"},"JG":{"66":"11","83":"11","75":"11","38":"11","47":"11","82":"11","58":"11","39":"11","74":"11","73":"11","2C":"11","48":"11","57":"11","65":"11","64":"11","92":"11","29":"11","3C":"11","49":"11","2F":"11","56":"11"},"JF":{"FP":"11","FQ":"11","M2":"11","CV":"11","CW":"11","FR":"11","CR":"11","J3":"11","J2":"11","H3":"11","9W":"11","9X":"11","8X":"11","G3":"11","H5":"11"}},"VF":{"W2":{"HX":"11","GX":"11"},"W3":{"C3":"11","2W":"11","73":"11","G2":"11","2X":"11","93":"11","F3":"11","H2":"11","F2":"11","83":"11"},"W6":{"9G":"11"},"V3":{"XW":"11","XX":"11","XV":"11"}},"GW":{"RG":{"95":"11","94":"11","C5":"11","C4":"11"},"WG":{"88":"11","F2":"11"}},"PG":{"32":{"66":"11","P4":"11","M5":"11","F5":"11","M4":"11","76":"11","96":"11","J5":"11","G5":"11","86":"11","P5":"11","H5":"11","C6":"11","F6":"11","56":"11"}},"GR":{"7M":{"QF":"11","RF":"11","QC":"11","M7":"11","QG":"11","M8":"11","P7":"11","P8":"11"},"CR":{"7X":"11","8X":"11"}},"RC":{"2M":{"37":"11","47":"11","36":"11","46":"11","27":"11","26":"11"},"P3":{"VX":"11","RX":"11"},"4P":{"23":"11","6C":"11"},"W2":{"2W":"11","3W":"11","3V":"11","4V":"11"},"J5":{"Q9":"11","Q8":"11","P9":"11","P8":"11"},"P4":{"V2":"11"}},"VC":{"XW":{"63":"11","2X":"11","72":"11","62":"11","52":"11"},"XX":{"57":"11","47":"11","24":"11","46":"11","45":"11","22":"11","58":"11","23":"11"},"XV":{"J8":"11","M8":"11","M7":"11","G8":"11","GC":"11","P6":"11","P2":"11","8P":"11","P3":"11","8V":"11","J9":"11","7W":"11","HG":"11","7V":"11","M6":"11","8Q":"11","6X":"11","P5":"11","M2":"11","HF":"11","P7":"11","G9":"11","HC":"11","P4":"11","H9":"11","H8":"11","7X":"11","F9":"11","8R":"11","HH":"11","M3":"11"},"WW":{"R5":"11","Q6":"11","Q4":"11","P3":"11","XX":"11","R6":"11","Q7":"11","R4":"11","Q3":"11"},"XR":{"PX":"11"},"WX":{"X2":"11"}},"W7":{"GW":{"V4":"11","R4":"11"}},"FX":{"CM":{"G8":"11","G3":"11","G9":"11","H9":"11"}},"XR":{"JC":{"FX":"11"},"8C":{"GH":"11"}},"QC":{"GW":{"7M":"11","8G":"11","7J":"11","8H":"11","7H":"11","FG":"11"},"WM":{"C2":"11"},"XJ":{"8V":"11","FX":"11","FW":"11","CW":"11","CV":"11","GX":"11","8R":"11","9V":"11"},"XM":{"V6":"11","M5":"11","Q6":"11","M6":"11","G3":"11","R6":"11","H4":"11","X6":"11","H2":"11","J4":"11","J5":"11","H3":"11","P6":"11","G2":"11","W6":"11"}},"QH":{"8F":{"28":"11","29":"11"},"HG":{"9X":"11"},"6J":{"22":"11","32":"11"},"7G":{"4X":"11","8M":"11","6V":"11","9M":"11","7P":"11","6W":"11","G8":"11","FG":"11","M5":"11","P2":"11","5W":"11","8P":"11","FF":"11","H7":"11","5X":"11","7Q":"11","CH":"11","J4":"11","7R":"11","7V":"11","9J":"11","8Q":"11","M4":"11","P5":"11","M2":"11","FC":"11","G9":"11","G7":"11","H4":"11","9H":"11","P4":"11","CF":"11","H5":"11","F9":"11","CJ":"11","5V":"11","6R":"11","H6":"11","CG":"11","M3":"11","J5":"11"},"2Q":{"5H":"11","F8":"11","5J":"11","G8":"11","7G":"11","2P":"11","J7":"11","M5":"11","C9":"11","H7":"11","W2":"11","2M":"11","Q4":"11","CC":"11","M6":"11","XP":"11","P5":"11","V2":"11","9C":"11","9F":"11","6H":"11","R2":"11","4M":"11","Q3":"11","8G":"11","G9":"11","R3":"11","3M":"11","P4":"11","H8":"11","6G":"11","4J":"11","F9":"11","8F":"11","3J":"11","J6":"11","V3":"11"},"3P":{"F8":"11","9G":"11","G8":"11","7G":"11","7J":"11","P2":"11","C9":"11","H7":"11","J4":"11","CC":"11","6M":"11","5P":"11","M4":"11","5M":"11","M2":"11","9C":"11","4Q":"11","8H":"11","9F":"11","2V":"11","8G":"11","6J":"11","G7":"11","3Q":"11","7H":"11","H5":"11","2R":"11","F9":"11","8F":"11","4P":"11","G6":"11","H6":"11","3R":"11","M3":"11","J5":"11"},"6H":{"4X":"11","6V":"11","9M":"11","3X":"11","CM":"11","JF":"11","GH":"11","5W":"11","8P":"11","R8":"11","7Q":"11","X6":"11","W6":"11","MF":"11","HG":"11","7R":"11","QC":"11","4W":"11","CP":"11","FM":"11","8Q":"11","V8":"11","PF":"11","P9":"11","2X":"11","PC":"11","9P":"11","GJ":"11","JG":"11","X5":"11","Q9":"11","FJ":"11","R9":"11","5V":"11","6R":"11","V7":"11","HH":"11","MC":"11","W7":"11"},"2P":{"VX":"11","XW":"11","XX":"11","XV":"11","WW":"11","WX":"11"},"4P":{"VF":"11","W9":"11","X7":"11","WH":"11","XJ":"11","VC":"11","VG":"11","XH":"11","X6":"11","W8":"11","V9":"11","W7":"11","VH":"11","WC":"11","WJ":"11","X5":"11"},"5J":{"V3":"11","P8":"11","2M":"11","2P":"11","Q6":"11","5C":"11","6W":"11","Q8":"11","78":"11","5V":"11","59":"11","V9":"11","8W":"11","2H":"11","X2":"11","G8":"11","6V":"11","3G":"11","F7":"11","88":"11","3F":"11","4R":"11","89":"11","R8":"11","4F":"11","2Q":"11","8X":"11","98":"11","3R":"11","4V":"11","R5":"11","P7":"11","V4":"11","P6":"11","Q5":"11","R4":"11","C8":"11","3P":"11","X3":"11","F8":"11","7W":"11","5F":"11","R9":"11","G7":"11","5R":"11","W4":"11","C9":"11","JC":"11","99":"11","H8":"11","2J":"11","H9":"11","2G":"11","J9":"11","MC":"11","W3":"11","69":"11","8V":"11","68":"11","3Q":"11","79":"11","4C":"11"},"3Q":{"P6":"11","2P":"11","FH":"11","M6":"11","P9":"11","M9":"11","P7":"11","M7":"11","GH":"11","MC":"11","FJ":"11"},"F3":{"HR":"11"},"7H":{"23":"11","42":"11","33":"11","32":"11","43":"11","25":"11","24":"11","34":"11"},"7F":{"QW":"11","RJ":"11","QV":"11","W8":"11","WC":"11","QR":"11","RP":"11","QQ":"11","RR":"11","WF":"11","PX":"11","W9":"11","VG":"11","VF":"11","RQ":"11","X9":"11","X8":"11","WG":"11","VH":"11","PW":"11","VJ":"11","RM":"11","XC":"11","VM":"11"},"5P":{"2H":"11","33":"11","24":"11","25":"11","32":"11","23":"11"},"3M":{"VP":"11","PW":"11","WH":"11","VQ":"11","QX":"11","XJ":"11","XH":"11","QW":"11","WM":"11","QV":"11","RQ":"11","XG":"11","PX":"11","RV":"11","RR":"11","XF":"11","VM":"11","WJ":"11"},"5M":{"3X":"11","4R":"11","78":"11","7G":"11","7C":"11","83":"11","3W":"11","5Q":"11","82":"11","4W":"11","6M":"11","87":"11","5P":"11","86":"11","5M":"11","7F":"11","88":"11","5R":"11","6H":"11","6F":"11","6J":"11","4V":"11","6G":"11","85":"11","84":"11","79":"11"},"4M":{"F8":"11","6W":"11","GF":"11","G8":"11","GC":"11","68":"11","GH":"11","5W":"11","75":"11","F6":"11","67":"11","77":"11","58":"11","C5":"11","39":"11","2C":"11","C6":"11","59":"11","2G":"11","76":"11","GG":"11","GJ":"11","G9":"11","3C":"11","49":"11","85":"11","F7":"11","84":"11","94":"11","95":"11","2F":"11"},"4J":{"XJ":"11","XH":"11","XM":"11"}},"WM":{"JV":{"68":"11","77":"11","67":"11"},"PV":{"W2":"11","X2":"11"},"65":{"CH":"11"}},"CC":{"RX":{"86":"11","76":"11","75":"11","74":"11"}},"V7":{"M5":{"93":"11","83":"11","J2":"11","G3":"11","C3":"11","73":"11","H2":"11","F3":"11","H3":"11","G2":"11","M2":"11"},"M4":{"QW":"11","R4":"11","XJ":"11","QV":"11","PV":"11","WP":"11","QR":"11","RP":"11","RR":"11","Q4":"11","WH":"11","PX":"11","XH":"11","XF":"11","WM":"11","MW":"11","R5":"11","XG":"11","RQ":"11","VQ":"11","RV":"11","JX":"11","PW":"11","MX":"11","WJ":"11","VP":"11","XC":"11","VM":"11"},"P4":{"2F":"11"}},"W8":{"WC":{"VV":"11","WV":"11"}},"R9":{"6X":{"43":"11"}},"FV":{"CX":{"CJ":"11"}},"CV":{"39":{"35":"11"},"37":{"F2":"11","G2":"11"},"2H":{"38":"11","2F":"11","2G":"11","29":"11","46":"11","54":"11","43":"11","52":"11","47":"11","37":"11","45":"11","36":"11","44":"11","39":"11","2C":"11","2H":"11","3C":"11","53":"11"},"36":{"FX":"11","FW":"11","GX":"11"},"38":{"4P":"11","4Q":"11"},"2F":{"CX":"11","CW":"11","CV":"11","CQ":"11","FQ":"11","CR":"11","CP":"11"},"2G":{"C4":"11","C3":"11","6W":"11","8F":"11","6V":"11","C5":"11","8J":"11","5V":"11","9C":"11","C2":"11","97":"11","6R":"11","7M":"11","5W":"11","8H":"11","7Q":"11","6Q":"11","8G":"11","96":"11","7H":"11","7P":"11","89":"11","C6":"11","7J":"11","95":"11","8C":"11","6P":"11","99":"11","98":"11","5X":"11"}},"FQ":{"2P":{"2P":"11","68":"11","66":"11","75":"11","67":"11","2M":"11","82":"11","4H":"11","58":"11","73":"11","74":"11","57":"11","65":"11","5C":"11","59":"11","64":"11","3G":"11","4G":"11","3M":"11","72":"11","3J":"11","4C":"11","3H":"11","2Q":"11","5F":"11","4F":"11"},"2M":{"J8":"11","M8":"11","9G":"11","9M":"11","G8":"11","WC":"11","C9":"11","9V":"11","8V":"11","H7":"11","99":"11","J9":"11","CH":"11","CC":"11","9J":"11","8Q":"11","C8":"11","P9":"11","9C":"11","8X":"11","9F":"11","9Q":"11","9P":"11","9R":"11","9H":"11","H8":"11","CF":"11","V9":"11","Q9":"11","7X":"11","98":"11","R9":"11","JC":"11","8R":"11","8W":"11","CG":"11","XC":"11"},"4G":{"5X":"11","4X":"11"},"76":{"R5":"11","V4":"11","P6":"11","W3":"11","Q5":"11","Q6":"11","W4":"11","X2":"11","V5":"11","X3":"11"},"86":{"22":"11"},"85":{"37":"11","3W":"11","36":"11","47":"11","3P":"11","26":"11","4H":"11","3V":"11","25":"11","48":"11","5C":"11","59":"11","2X":"11","4Q":"11","2V":"11","4M":"11","3Q":"11","2W":"11","49":"11","4J":"11","4P":"11","4C":"11","3R":"11","5F":"11","4F":"11"},"3M":{"6W":"11","RM":"11","8W":"11","QQ":"11","3G":"11","WH":"11","JR":"11","RP":"11","VJ":"11","MQ":"11","GW":"11","PQ":"11","WG":"11","QP":"11","FW":"11","5J":"11","MR":"11","4V":"11","CW":"11","5W":"11","HV":"11","X2":"11","7W":"11","4G":"11","4W":"11","GV":"11","9W":"11","XG":"11","JV":"11","X3":"11","VH":"11","XC":"11","XF":"11","2C":"11","4H":"11","VM":"11","4J":"11","W2":"11","WJ":"11"},"67":{"FW":"11","CX":"11","CW":"11","CQ":"11","FQ":"11","FV":"11","CP":"11","FR":"11"},"4H":{"2W":"11","42":"11","2V":"11","3V":"11","52":"11","4X":"11"},"4M":{"34":"11","37":"11","28":"11","35":"11","36":"11","27":"11","38":"11","2C":"11","29":"11","32":"11","23":"11"},"4J":{"4X":"11","9G":"11","9M":"11","3X":"11","96":"11","8V":"11","32":"11","99":"11","5X":"11","CH":"11","7W":"11","52":"11","CC":"11","9J":"11","74":"11","73":"11","8Q":"11","23":"11","6X":"11","86":"11","33":"11","9C":"11","9F":"11","9Q":"11","9P":"11","9R":"11","9H":"11","CF":"11","63":"11","7X":"11","98":"11","42":"11","85":"11","97":"11","8R":"11","84":"11","8W":"11","62":"11","CG":"11"},"4F":{"R4":"11","MP":"11","Q5":"11","MM":"11","HW":"11","Q8":"11","Q7":"11","Q4":"11","MF":"11","P8":"11","PF":"11","P9":"11","PC":"11","Q6":"11","JM":"11","JV":"11","HV":"11","MG":"11","JP":"11","Q3":"11","P7":"11","R3":"11","JQ":"11","HR":"11","PG":"11","HX":"11","MJ":"11","JR":"11","MH":"11"}},"2G":{"7Q":{"VW":"11","RJ":"11","QV":"11","WC":"11","QR":"11","QQ":"11","PM":"11","QH":"11","WF":"11","WW":"11","RH":"11","VG":"11","VF":"11","QM":"11","PQ":"11","X9":"11","XX":"11","RW":"11","PP":"11","RV":"11","VV":"11","VH":"11","QP":"11","WX":"11","QJ":"11","XC":"11"},"8R":{"42":"11","32":"11"},"8Q":{"4X":"11","8M":"11","6V":"11","9G":"11","7P":"11","6W":"11","3X":"11","78":"11","68":"11","5W":"11","5X":"11","38":"11","7Q":"11","58":"11","7M":"11","39":"11","48":"11","8J":"11","9C":"11","2X":"11","8H":"11","9F":"11","8C":"11","89":"11","29":"11","9H":"11","6Q":"11","6R":"11","79":"11"}},"JR":{"JX":{"MV":"11"}},"9V":{"WP":{"VX":"11","XW":"11","XV":"11","WW":"11","WX":"11","XR":"11"},"XJ":{"JX":"11","JV":"11","JW":"11"},"WQ":{"R4":"11","Q5":"11","JF":"11","Q7":"11","HM":"11","W2":"11","MF":"11","P8":"11","HG":"11","HJ":"11","GM":"11","R5":"11","P9":"11","V2":"11","Q6":"11","GJ":"11","JG":"11","P7":"11","R3":"11","JH":"11","M9":"11","GP":"11","HH":"11","MC":"11","V3":"11"},"XH":{"XJ":"11","XH":"11","XM":"11","XG":"11"},"XP":{"2R":"11","5C":"11","66":"11","59":"11","5F":"11","2Q":"11","3P":"11","65":"11","2P":"11","75":"11","74":"11","4G":"11","76":"11","3H":"11","3J":"11","68":"11","3M":"11","67":"11","4H":"11","58":"11","4F":"11"},"XM":{"J2":"11","H5":"11","H4":"11","H2":"11","H3":"11"}},"HR":{"GW":{"37":"11","28":"11","27":"11"},"FW":{"X8":"11"}},"CX":{"FC":{"FH":"11","GJ":"11","FJ":"11","XF":"11","XH":"11","FG":"11","XG":"11"},"98":{"5R":"11","6R":"11","6V":"11","5V":"11"}},"HV":{"44":{"7G":"11","6H":"11","6G":"11","7H":"11"}},"RG":{"7R":{"8V":"11","9Q":"11","8R":"11","8Q":"11","9V":"11"},"X7":{"25":"11"},"7Q":{"QH":"11","QJ":"11","PH":"11","WH":"11","JH":"11","XJ":"11","FH":"11","RJ":"11","GH":"11","VH":"11","MH":"11","HH":"11","WJ":"11"},"3J":{"G4":"11","G3":"11","C2":"11","H4":"11","J4":"11","F3":"11","92":"11","F2":"11"},"8Q":{"66":"11","8J":"11","6J":"11","8M":"11","VQ":"11","RP":"11","5J":"11","QP":"11","PM":"11","FM":"11","82":"11","75":"11","PP":"11","74":"11","JM":"11","9M":"11","76":"11","MM":"11","3J":"11","72":"11","VR":"11","RQ":"11","GM":"11","85":"11","7J":"11","84":"11","CM":"11","HM":"11","83":"11","2J":"11","4J":"11"},"7P":{"J8":"11","J7":"11","RF":"11","H7":"11","75":"11","F6":"11","J9":"11","QC":"11","34":"11","C5":"11","XP":"11","35":"11","VG":"11","WM":"11","65":"11","XM":"11","RG":"11","PC":"11","QF":"11","55":"11","VH":"11","M9":"11","VJ":"11","85":"11","24":"11","45":"11","F5":"11","WJ":"11","95":"11","G6":"11","H6":"11","MC":"11"},"8P":{"6W":"11","5V":"11","2Q":"11","4R":"11","2P":"11","3R":"11","7X":"11","4V":"11","3Q":"11","5W":"11","6X":"11"},"5M":{"GF":"11","78":"11","68":"11","WP":"11","FF":"11","99":"11","67":"11","36":"11","47":"11","PH":"11","HG":"11","26":"11","CC":"11","58":"11","25":"11","XP":"11","35":"11","XQ":"11","57":"11","QM":"11","46":"11","9C":"11","8C":"11","GG":"11","89":"11","JG":"11","JH":"11","PJ":"11","CF":"11","MJ":"11","79":"11","RM":"11","VP":"11","QJ":"11","MH":"11","VM":"11"},"6M":{"2R":"11","6W":"11","8W":"11","6V":"11","5V":"11","2Q":"11","4R":"11","3R":"11","4V":"11","3Q":"11","7W":"11","7V":"11","5R":"11","9W":"11","9X":"11","8X":"11","CX":"11","FX":"11"},"6P":{"V4":"11","Q3":"11","Q4":"11","G2":"11","J3":"11","W4":"11","H2":"11","H3":"11","M3":"11","P3":"11","F2":"11","X4":"11","R4":"11"},"4M":{"X5":"11","R3":"11","V4":"11","P2":"11","Q2":"11","X4":"11","R2":"11","V3":"11","W4":"11"},"4J":{"8M":"11","FR":"11","5J":"11","HW":"11","8P":"11","GV":"11","CR":"11","JW":"11","PX":"11","4H":"11","6M":"11","7M":"11","GR":"11","MW":"11","2G":"11","CQ":"11","9Q":"11","HV":"11","9P":"11","3G":"11","6J":"11","FQ":"11","4J":"11","MX":"11","3H":"11"},"MC":{"R8":"11","R9":"11","RC":"11","RF":"11","V6":"11","V8":"11","V9":"11","V7":"11"}},"GP":{"7C":{"48":"11","57":"11","39":"11","28":"11","47":"11","66":"11","38":"11","29":"11","58":"11","67":"11"},"XJ":{"6W":"11","8W":"11","6V":"11","5V":"11","2G":"11","3P":"11","4R":"11","3R":"11","4V":"11","3Q":"11","7W":"11","3H":"11","3J":"11","5R":"11","9X":"11","8X":"11","3M":"11","2H":"11","CX":"11"},"MP":{"4X":"11","8M":"11","6V":"11","7P":"11","6W":"11","R4":"11","M5":"11","5W":"11","8P":"11","H7":"11","5X":"11","F6":"11","W2":"11","7Q":"11","Q4":"11","7R":"11","M6":"11","W3":"11","P5":"11","V2":"11","C7":"11","Q3":"11","G7":"11","R3":"11","P4":"11","6Q":"11","F7":"11","5V":"11","6R":"11","X2":"11","J6":"11","G6":"11","H6":"11","V3":"11","J5":"11"},"FG":{"RX":"11"},"GH":{"3Q":"11"},"C9":{"P2":"11","Q2":"11"},"FH":{"R5":"11","Q4":"11","Q2":"11","R4":"11","Q3":"11"},"6C":{"X9":"11","QH":"11","X8":"11","W9":"11","QG":"11","W8":"11"},"PM":{"MJ":"11","6W":"11","JP":"11","PJ":"11","QH":"11","VF":"11","W9":"11","WF":"11","PH":"11","X8":"11","FQ":"11","RG":"11","HQ":"11","RF":"11","CV":"11","VC":"11","VG":"11","HP":"11","X9":"11","2X":"11","5W":"11","FR":"11","3X":"11","9R":"11","CR":"11","7W":"11","JM":"11","MM":"11","7V":"11","WC":"11","GQ":"11","8V":"11","9V":"11","XC":"11","QG":"11","RH":"11","5X":"11","4X":"11"},"QH":{"22":"11"},"PH":{"QH":"11","W9":"11","VF":"11","QJ":"11","X7":"11","X8":"11","PW":"11","RG":"11","VC":"11","PQ":"11","VG":"11","X9":"11","X6":"11","RJ":"11","PM":"11","QM":"11","W8":"11","PP":"11","X2":"11","PX":"11","WC":"11","X3":"11","RH":"11","X5":"11"},"WH":{"5Q":"11","HX":"11","3P":"11","CV":"11","GW":"11","4P":"11","JX":"11","FW":"11","CW":"11","2M":"11","FV":"11","6Q":"11","5P":"11","3M":"11","HW":"11"},"GM":{"6F":"11","66":"11","42":"11","7C":"11","55":"11","54":"11","43":"11","69":"11","68":"11","44":"11","79":"11","56":"11"},"VG":{"8W":"11","9W":"11","8V":"11","FX":"11","7W":"11","FW":"11","2Q":"11","CW":"11","5R":"11","4R":"11","7V":"11","6V":"11","5V":"11"},"HP":{"7W":"11","2H":"11","5R":"11","4R":"11","2J":"11","7V":"11","6V":"11","5V":"11"},"QM":{"62":"11","27":"11","28":"11","46":"11","54":"11","52":"11","35":"11","37":"11","45":"11","36":"11","44":"11","53":"11"},"C8":{"MX":"11","HX":"11","QX":"11","GW":"11","JW":"11","JX":"11","PX":"11","HW":"11"},"XM":{"Q9":"11","QC":"11","RC":"11","M9":"11","VC":"11","PC":"11","M8":"11","P9":"11"},"RG":{"7C":"11","FG":"11","GH":"11","WP":"11","FH":"11","6C":"11","RP":"11","38":"11","WQ":"11","HJ":"11","39":"11","XP":"11","48":"11","XQ":"11","28":"11","5C":"11","59":"11","7F":"11","9F":"11","JJ":"11","GG":"11","49":"11","8F":"11","27":"11","HH":"11","CG":"11","VP":"11"},"2G":{"22":"11","32":"11","23":"11"},"PC":{"3M":"11","3P":"11"},"GJ":{"39":"11","46":"11","45":"11"},"FC":{"JC":"11","G8":"11","MF":"11","JH":"11","H9":"11","JF":"11","G7":"11"},"QF":{"F8":"11","G8":"11","MP":"11","96":"11","J9":"11","77":"11","PX":"11","87":"11","86":"11","C6":"11","MW":"11","PC":"11","76":"11","JV":"11","MV":"11","G9":"11","JQ":"11","PP":"11","H9":"11","H8":"11","MX":"11","M9":"11","F7":"11","JC":"11","MQ":"11","MR":"11","MC":"11","JR":"11"},"PJ":{"P2":"11","R5":"11","W9":"11","R6":"11","Q5":"11","W8":"11","V8":"11","W7":"11","V7":"11"},"QG":{"X7":"11","R4":"11","66":"11","V5":"11","75":"11","3P":"11","W6":"11","Q4":"11","4H":"11","3V":"11","74":"11","65":"11","R5":"11","2X":"11","2V":"11","4M":"11","3G":"11","Q3":"11","3Q":"11","X8":"11","2W":"11","4J":"11","4P":"11","V6":"11","3J":"11","3H":"11","2Q":"11","3R":"11","W7":"11"},"JQ":{"99":"11","88":"11","F9":"11","89":"11","98":"11","C9":"11","26":"11"},"PP":{"22":"11"},"HQ":{"V5":"11","X6":"11","M4":"11","J4":"11","W5":"11","W6":"11","P4":"11"},"VH":{"F8":"11","G8":"11","XJ":"11","F6":"11","J9":"11","MF":"11","WH":"11","C5":"11","F3":"11","VG":"11","C6":"11","PF":"11","XM":"11","C3":"11","C7":"11","RG":"11","QF":"11","G9":"11","QG":"11","H9":"11","VH":"11","C4":"11","F7":"11","JC":"11","WJ":"11","94":"11","95":"11","MC":"11"},"WJ":{"P6":"11","P4":"11","M5":"11","Q7":"11","R7":"11","M4":"11","P7":"11","P5":"11"},"GP":{"M5":"11","J4":"11","J5":"11","XG":"11"},"MQ":{"33":"11","42":"11","32":"11"},"QJ":{"7R":"11","6W":"11","2F":"11","6V":"11","2G":"11","6R":"11","5J":"11","7Q":"11","3H":"11","7V":"11","7P":"11","6X":"11","5M":"11","6M":"11","2H":"11","6P":"11","4J":"11"},"2F":{"6W":"11","6V":"11","5W":"11","3X":"11","7W":"11","7V":"11","5X":"11","4X":"11"}}}}