{"index":{"university,1|retail,2|tourism,3|wreck,4|historical,5|artsCulture,6|namedBuilding,7|water,8|wetland,9|park,10|beach,11|natureReserve,12|cemetery,13|trail,14":{}},"78":{"52":{"6F":{"F8":"11","G8":"11","7G":"11","7J":"11","M5":"11","C9":"11","99":"11","W2":"11","Q4":"11","6M":"11","M4":"11","P5":"11","C8":"11","9C":"11","V2":"11","9F":"11","8G":"11","Q3":"11","6J":"11","G7":"11","R3":"11","7H":"11","P4":"11","8F":"11","J6":"11","G6":"11","H6":"11","V3":"11","J5":"11"},"5G":{"JP":"11","PF":"11","PG":"11","MG":"11","JJ":"11","HJ":"11","JH":"11","W4":"11","JM":"11","QF":"11","X3":"11","MH":"11","QC":"11","W5":"11","HM":"11","CX":"11","FX":"11","X4":"11","X5":"11"},"3F":{"66":"11","3W":"11","65":"11","73":"11","3X":"11","82":"11","75":"11","74":"11","4W":"11","72":"11","37":"11","56":"11","5X":"11","4X":"11"},"2F":{"WJ":"11","WM":"11","WH":"11","XP":"11","XM":"11"},"59":{"P6":"11","66":"11","V5":"11","96":"11","Q7":"3","F6":"11","67":"11","36":"11","47":"11","77":"11","87":"11","M6":"11","86":"11","R6":"11","57":"11","C6":"11","46":"11","C7":"11","Q6":"3|11","76":"11","W5":"11","G7":"11","F7":"11","97":"11","G6":"3|11","H6":"3","56":"11"},"3G":{"84":"11","83":"11","73":"11","XX":"11","72":"11","62":"11","52":"11","WX":"11"},"7C":{"7R":"11","QH":"11","5Q":"11","2W":"11","3W":"11","5V":"11","JJ":"11","HJ":"11","4R":"11","GJ":"11","6R":"11","4V":"11","FM":"11","7Q":"11","9P":"11","6Q":"11","8Q":"11","2V":"11","5R":"11","8P":"11","3V":"11","GM":"11","4Q":"11","CM":"11","RH":"11","CP":"11"},"49":{"CC":"11","8F":"11","H8":"11","9C":"11","G8":"11","7C":"11","F8":"11","H7":"11","P7":"11","7F":"11","F9":"11","M7":"11","C9":"11","J8":"11","J7":"11","8C":"11"},"4G":{"2X":"11"},"69":{"H4":"11","C5":"11","M5":"11","M4":"11","75":"11","35":"11","G4":"11","25":"11","85":"11","95":"11","J4":"11"},"89":{"HX":"11","JV":"11","HW":"11","GX":"11","HV":"11","H9":"11"},"5H":{"93":"11","69":"11","2H":"11","C2":"11","3H":"11","79":"11","76":"11","92":"11","75":"11"},"39":{"PR":"11","HR":"11","VP":"11","JQ":"11","QQ":"11","VQ":"11","QR":"11","JR":"11|3","HQ":"11","RP":"11","MQ":"3","GW":"11|3","HP":"11","MR":"11|3","GR":"11","WM":"11","RQ":"11","GX":"11","GV":"11|3","RR":"11","VM":"11","FX":"11"},"79":{"84":"11","64":"11","54":"11","74":"11"},"4H":{"C8":"11","G9":"11","PF":"11","PG":"11","HC":"11","GC":"11","RG":"11","65":"11","97":"11","55":"11","54":"11","FC":"11","75":"11","43":"11","76":"11","F9":"11","86":"11","MF":"11","22":"11","44":"11","QG":"11","98":"11"},"8C":{"C3":"11","F3":"11"},"3C":{"F4":"11","8M":"11","9G":"11","7P":"11","C9":"11","8P":"2","8V":"11","99":"11","F6":"11","7Q":"2|11","7M":"11","F3":"11","8Q":"2|11","C8":"11","8J":"11","9C":"11","C7":"11","8X":"11","8H":"11","9F":"11","9Q":"2","8G":"11","7X":"11","F7":"11","8R":"11","F5":"11","8W":"11","F2":"11"},"6C":{"XW":"11","XX":"11","WX":"11"}}}}