{"index":{"university,1|retail,2|tourism,3|wreck,4|historical,5|artsCulture,6|namedBuilding,7|water,8|wetland,9|park,10|beach,11|natureReserve,12|cemetery,13|trail,14":{}},"79":{"7R":{"6W":{"V2":"11","R2":"11"},"4R":{"CC":"11","C4":"11","8W":"11","9F":"11","C5":"11","8R":"11","8J":"11","8M":"11","9C":"11","97":"11","G2":"11","F5":"11","CF":"11","9H":"11","9M":"11","96":"11","F3":"11","8Q":"11","9G":"11","CG":"11","9W":"11","C7":"11","8P":"11","9X":"11","8V":"11","C6":"11","C9":"11","F2":"11","F4":"11","99":"11","98":"11","9J":"11"},"78":{"C6":"11","3J":"11","2M":"11","87":"11"},"68":{"XM":"11"},"5W":{"84":"11","73":"11","74":"11"},"8V":{"72":"11","62":"11"},"7Q":{"RW":"11","JP":"11","PR":"11","8F":"11","PV":"11","9F":"11","HG":"11","JJ":"11","QR":"11","HJ":"11","9C":"11","MQ":"11","PQ":"11","FF":"11","QW":"11","JM":"11","QV":"11","CG":"11","HH":"11","FG":"11","MP":"11","8C":"11","GG":"11"},"67":{"M5":"11","J3":"11","P5":"11","M4":"11","J4":"11","H3":"11"},"36":{"4P":"11","5M":"11","5P":"11"},"5Q":{"J8":"11","F8":"11","M8":"11","78":"11","68":"11","RC":"11","WC":"11","C9":"11","99":"11","J9":"11","P8":"11","58":"11","39":"11","2C":"11","C8":"11","59":"11","P9":"11","88":"11","89":"11","G9":"11","3C":"11","H9":"11","V9":"11","49":"11","Q9":"11","98":"11","M9":"11","F9":"11","69":"11","R9":"11","4C":"11","79":"11","XC":"11","VC":"11"},"7V":{"PV":"11","PW":"11","VV":"11","CV":"11","JW":"11","FW":"11","JX":"11","CW":"11","3X":"11","MW":"11","QV":"11","8V":"11","RV":"11","9V":"11","4X":"11"},"87":{"M3":"11","JM":"11","M4":"11","HM":"11","HJ":"11"},"5C":{"2R":"11","6F":"11","5G":"11","9F":"11","H8":"11","7G":"11","3P":"11","6H":"11","4P":"11","CF":"11","3R":"11","3Q":"11","M6":"11","H7":"11","2V":"11","7F":"11","J6":"11","5H":"11","6G":"11","4Q":"11","J7":"11","4M":"11","4J":"11"},"46":{"3J":"11","2H":"11","3H":"11","2J":"11"},"2G":{"PX":"11","PW":"11"},"4Q":{"RM":"11","VF":"11","WF":"11","WH":"11","VJ":"11","RP":"11","GW":"11","WG":"11","PQ":"11","VG":"11","QP":"11","RJ":"11","QM":"11","GX":"11","GV":"11","VH":"11","WC":"11","XC":"11","XF":"11","RH":"11","FX":"11"},"76":{"MX":"11","GR":"11","JX":"11","HW":"11","MW":"11","HV":"11","JW":"11","FR":"11"},"3G":{"G9":"11","7G":"11","3P":"11","6H":"11","3Q":"11","Q5":"11","FC":"11","F9":"11","6G":"11"},"4V":{"J8":"11","XR":"11","M8":"11","J7":"11","H7":"11","RP":"11","C2":"11","QH":"11","VR":"11","F3":"11","PF":"11","G5":"11","QM":"11","WR":"11","C3":"11","G4":"11","VQ":"11","G3":"11","92":"11","QG":"11","H8":"11","H5":"11","M9":"11","XV":"11","F2":"11","H6":"11","VP":"11","QJ":"11"},"69":{"H8":"11","CP":"11"},"6Q":{"5C":"11","3C":"11","5F":"11","PM":"11","4C":"11","2C":"11","6F":"11","7F":"11"},"5V":{"2W":"11","2X":"11"},"8R":{"J9":"11","8W":"11","66":"11","8R":"11","JC":"11","64":"11","7X":"11","9R":"11","7W":"11","68":"11","8V":"11","9V":"11","67":"11"},"4F":{"MC":"11","QC":"11","HG":"11","MF":"11","PC":"11","HH":"11","W5":"11","HJ":"11","JG":"11","JF":"11"}},"6R":{"WC":{"6J":"11","6H":"11","5R":"11","6P":"11","6M":"11","5P":"11","4V":"11"},"WG":{"68":"11","67":"11"},"W9":{"8V":"11","7W":"11","CC":"11","7V":"11","C9":"11"},"XG":{"3J":"11","4J":"11","CQ":"11","9Q":"11","FQ":"11","3M":"11","FR":"11"},"W8":{"PQ":"11","QQ":"11"},"WF":{"7R":"11","8R":"11","3Q":"11","7Q":"11","6Q":"11","3J":"11","8Q":"11","8V":"11","9V":"11","39":"11","3M":"11","3C":"11"}},"7Q":{"2H":{"63":"11","73":"11","86":"11","C8":"11","76":"11","75":"11","74":"11"}},"9P":{"2W":{"9P":"11","9R":"11","9Q":"11","67":"11"},"2M":{"C8":"11","F8":"11","C9":"11"},"2X":{"G6":"11","H6":"11","G5":"11"},"5R":{"GR":"11","FQ":"11","GX":"11","GQ":"11","FR":"11"},"3M":{"C2":"11"},"4Q":{"H8":"11","H7":"11","G7":"11"},"5V":{"G2":"11"}},"6Q":{"V8":{"M9":"11","P9":"11"},"V7":{"33":"11","43":"11"},"R7":{"M6":"11","4W":"11","5W":"11","5V":"11"},"VF":{"VX":"11","RX":"11","XX":"11","QX":"11","WX":"11"},"VG":{"J2":"11","H7":"11","G8":"11","P2":"11","M3":"11","J3":"11","H5":"11","H4":"11","G9":"11","H6":"11","Q2":"11","J4":"11","J5":"11","M2":"11","G7":"11"},"WF":{"9X":"11","2X":"11","CX":"11","CW":"11"}},"7V":{"X5":{"FR":"11","GX":"11","GF":"11","G8":"11","GC":"11","GH":"11","FV":"11","H7":"11","FW":"11","HG":"11","HJ":"11","GM":"11","GQ":"11","CX":"11","GR":"11","G5":"11","FX":"11","CW":"11","G4":"11","GG":"11","GJ":"11","G3":"11","G9":"11","G7":"11","H4":"11","FQ":"11","H9":"11","H8":"11","H5":"11","H3":"11","GP":"11","HH":"11","G6":"11","H6":"11","G2":"11"},"X6":{"F4":"11","XJ":"11","P6":"11","RC":"11","M5":"11","WC":"11","R8":"11","Q8":"11","Q7":"11","93":"11","C2":"11","J4":"11","WH":"11","WF":"11","M6":"11","F3":"11","VG":"11","VF":"11","M4":"11","P5":"11","G5":"11","XM":"11","C3":"11","G4":"11","Q6":"11","J3":"11","G3":"11","P7":"11","92":"11","H4":"11","WG":"11","V9":"11","H5":"11","H3":"11","R7":"11","C4":"11","R9":"11","WJ":"11","J6":"11","94":"11","F2":"11","G2":"11","J5":"11","VC":"11"},"X4":{"GR":"11","GH":"11","FH":"11","R5":"11","J7":"11","GW":"11","GP":"11","J8":"11","Q6":"11","H8":"11","V4":"11","F9":"11","G8":"11","V5":"11","GJ":"11","GV":"11","W2":"11","GM":"11","W3":"11","R6":"11","FC":"11","G9":"11","M7":"11","GX":"11","GQ":"11","FG":"11","GC":"11","M8":"11","P7":"11","P6":"11","H9":"11","V3":"11","W4":"11"},"X3":{"XW":"11","XX":"11","XQ":"11","XV":"11","XP":"11","XM":"11","WW":"11","XR":"11","WX":"11"}},"8Q":{"V3":{"9X":"11","CX":"11","CW":"11"},"V4":{"6F":"11","92":"11","75":"11","76":"11","69":"11","6G":"11","85":"11","84":"11","83":"11","6C":"11"},"Q3":{"R3":"11","R4":"11"},"J9":{"9W":"11","8X":"11"},"JC":{"7G":"11","48":"11","H7":"11","56":"11","52":"11"},"V2":{"V4":"11","M6":"11","V5":"11","W5":"11","P6":"11","W4":"11"},"Q7":{"2R":"11","3F":"11","5F":"11","3G":"11","32":"11","2Q":"11","2P":"11","3R":"11","2M":"11","4G":"11","3H":"11","3J":"11","2V":"11","3V":"11","22":"11","2H":"11","2J":"11","4F":"11"},"HJ":{"GP":"11","5R":"11","CQ":"11","4R":"11","9R":"11","6R":"11","FQ":"11","7V":"11","7R":"11","8R":"11","HM":"11","CR":"11","HP":"11"},"HP":{"49":"11"},"W3":{"34":"11","2Q":"11","44":"11","2R":"11","33":"11","42":"11","3W":"11","45":"11","2V":"11","2P":"11","3V":"11","43":"11","22":"11","32":"11","3R":"11"},"Q6":{"7P":"11","3X":"11","7J":"11","6P":"11","3W":"11","5Q":"11","4W":"11","6M":"11","7M":"11","8J":"11","2X":"11","5R":"11","8H":"11","8C":"11","8G":"11","7H":"11","4V":"11","6Q":"11","8F":"11","5V":"11","6R":"11"},"MM":{"F8":"11"},"P7":{"W3":"11","X2":"11","X3":"11"},"JV":{"CF":"11","CC":"11"},"GM":{"F7":"11","J4":"11","F8":"11"},"HW":{"48":"11","39":"11","49":"11","38":"11"},"HH":{"VX":"11"},"W2":{"5Q":"11","5V":"11","8M":"11","4V":"11","7M":"11","2X":"11","5W":"11","3X":"11","6Q":"11","4W":"11","7P":"11","5R":"11","4X":"11"},"R4":{"RM":"11","6H":"11","QM":"11"}},"8P":{"WP":{"8F":"11","8C":"11"},"RX":{"38":"11"},"QX":{"VR":"11","XH":"11","VQ":"11","XG":"11"},"RW":{"GP":"11","HG":"11","GJ":"11","CQ":"11","GM":"11","FQ":"11","HH":"11","GQ":"11","HM":"11","HJ":"11","HP":"11","FP":"11"}},"8V":{"66":{"7R":"11","6W":"11","62":"11","8R":"11","9H":"11","7Q":"11","9P":"11","7W":"11","9M":"11","7V":"11","8Q":"11","CG":"11","8P":"11","CJ":"11","6X":"11","CH":"11","9J":"11"},"P2":{"QC":"11","RC":"11"},"32":{"2Q":"11","5R":"11","4R":"11","3Q":"11","4Q":"11","3R":"11"},"67":{"62":"11","48":"11","55":"11","54":"11","63":"11","57":"11","47":"11","56":"11","58":"11","53":"11"},"J4":{"P2":"11","M2":"11","C2":"11","73":"11","G2":"11","92":"11","82":"11","54":"11","26":"11","43":"11","63":"11","H2":"11","35":"11","72":"11","45":"11","44":"11","F2":"11","34":"11","53":"11"},"26":{"5V":"11","4R":"11","3R":"11","4V":"11","5W":"11","3Q":"11","4W":"11","6X":"11","4Q":"11","5X":"11"},"22":{"RM":"11","8W":"11","JQ":"11","XQ":"11","HQ":"11","RP":"11","WP":"11","MQ":"11","CV":"11","PQ":"11","QP":"11","7X":"11","GR":"11","WQ":"11","CW":"11","FR":"11","CR":"11","PP":"11","9W":"11","9X":"11","8X":"11","GQ":"11","9V":"11","MP":"11"},"43":{"CR":"11","8R":"11","7Q":"11","4G":"11","XW":"11","FR":"11","5P":"11","PR":"11","7R":"11","6M":"11","RV":"11","XV":"11","4J":"11","7P":"11","4P":"11","6P":"11","QV":"11","2H":"11","WW":"11","GV":"11","QR":"11","3G":"11","4M":"11","3F":"11","PV":"11","3J":"11","4H":"11","9R":"11","5H":"11","3M":"11","5J":"11","29":"11","6J":"11","7M":"11","2C":"11","3C":"11","FV":"11","CV":"11","5M":"11","8Q":"11","2F":"11","9Q":"11","6Q":"11","2J":"11","VV":"11","2G":"11","WV":"11","8P":"11","HV":"11","3H":"11"},"23":{"62":"11","3F":"11","48":"11","2G":"11","64":"11","3G":"11","55":"11","73":"11","2P":"11","49":"11","2M":"11","46":"11","54":"11","63":"11","57":"11","72":"11","47":"11","39":"11","2H":"11","56":"11","2J":"11","3C":"11"},"48":{"HG":"11","HF":"11"},"28":{"Q2":"11","R2":"11"},"M2":{"WW":"11","WX":"11"},"65":{"6X":"11"},"33":{"X8":"11","F5":"11","G3":"11","WG":"11","X9":"11","P8":"11","H4":"11","WF":"11","Q6":"11","J5":"11","R7":"11","W6":"11","M8":"11","PF":"11","QF":"11","F4":"11","Q8":"11","P5":"11","RF":"11","V9":"11","G6":"11","C6":"11","H7":"11","V6":"11","M3":"11","G4":"11","VG":"11","PC":"11","F3":"11","M6":"11","G8":"11","H3":"11","J6":"11","F6":"11","F2":"11","P9":"11","J3":"11","R8":"11","Q9":"11","W9":"11","VF":"11","G2":"11","R5":"11","XH":"11","P7":"11","M7":"11","C4":"11","Q7":"11","XG":"11","95":"11","H2":"11","RC":"11","VC":"11","H6":"11","W7":"11","P6":"11","V8":"11","Q5":"11","M9":"11","H5":"11","QC":"11","J4":"11","M4":"11","94":"11","XF":"11","V7":"11","J7":"11","W8":"11","R9":"11","G7":"11","XC":"11","C3":"11","H8":"11","H9":"11","C5":"11","G5":"11","WC":"11","M5":"11","J9":"11","MC":"11","P4":"11","R6":"11","J8":"11","RG":"11"},"J3":{"V4":"11","GX":"11","7C":"11","C9":"11","6C":"11","PX":"11","CC":"11","X3":"11","9X":"11","2C":"11","CX":"11","5C":"11","FX":"11","9C":"11","8C":"11","FC":"11","3C":"11","JX":"11","MX":"11","F9":"11","HX":"11","4C":"11","V3":"11","2F":"11","3F":"11"},"R3":{"RR":"11"},"H4":{"W2":"11","W3":"11","X6":"11","W4":"11"},"H3":{"XR":"11","RJ":"11","RC":"11","RF":"11","WC":"11","WP":"11","RP":"11","WQ":"11","QH":"3","PH":"11|3","WF":"11","QC":"11","WW":"11","RH":"3","VF":"11","XF":"11","QM":"11","PF":"11|3","WR":"11","WV":"11","RG":"3","MG":"11","VQ":"11","QF":"11|3","PJ":"11","QG":"3","PG":"11|3","XV":"11","WX":"11","RM":"11","VP":"11","QJ":"11","XC":"11","VM":"11","VC":"11"},"27":{"FG":"11","GH":"11","C9":"11","FH":"11","96":"11","FF":"11","HM":"11","75":"11","QX":"11","52":"11","PX":"11","CC":"11","GM":"11","87":"11","FM":"11","74":"11","73":"11","HP":"11","86":"11","C8":"11","MW":"11","64":"11","GJ":"11","MV":"11","FC":"11","JQ":"11","CF":"11","63":"11","HQ":"11","PW":"11","98":"11","MX":"11","FJ":"11","85":"11","97":"11","GP":"11","MQ":"11","MR":"11","62":"11","JR":"11"},"53":{"9G":"11","7P":"11","4R":"11","CM":"11","8P":"11","7Q":"11","PM":"11","3V":"11","HJ":"11","CP":"11","FM":"11","8Q":"11","QM":"11","5R":"11","8H":"11","2V":"11","JJ":"11","9P":"11","GJ":"11","8G":"11","JH":"11","PJ":"11","2W":"11","4V":"11","FJ":"11","6Q":"11","5V":"11","6R":"11","HH":"11","MJ":"11"},"M3":{"V3":"11","23":"11","W3":"11","Q5":"11","Q6":"11","M6":"11","F7":"11","H7":"11","J6":"11","C7":"11","M7":"11","J7":"11","G7":"11","W2":"11"}}}}