{"index":{"university,1|retail,2|tourism,3|wreck,4|historical,5|artsCulture,6|namedBuilding,7|water,8|wetland,9|park,10|beach,11|natureReserve,12|cemetery,13|trail,14":{}},"7C":{"CC":{"HH":{"3J":"11"}},"V3":{"MX":{"CF":"11","GC":"11"},"PV":{"38":"11"},"MW":{"VV":"11"},"PR":{"XX":"11","WX":"11"}},"V4":{"J2":{"RC":"11","Q5":"11","R9":"11","V3":"11"},"P2":{"HX":"11","GW":"11","FW":"11","2R":"11","CW":"11","CV":"11","5R":"11","4R":"11","9R":"11","6R":"11","7R":"11","GX":"11","8R":"11","9V":"11","3R":"11"},"P3":{"H4":"11","J4":"11","H2":"11","J5":"11","H3":"11"},"R4":{"P2":"11"},"Q3":{"9P":"11","MW":"11","CP":"11"},"M2":{"VQ":"11","JJ":"11","RP":"11","XR":"11","QP":"11","PM":"11","9H":"11","QM":"11","JM":"11","MM":"11","RQ":"11","CG":"11","CH":"11","WR":"11"}},"5G":{"2F":{"HX":"11"},"2G":{"Q5":"11","R9":"11"}},"H4":{"2W":{"GP":"11","MQ":"11","MP":"11","HP":"11"},"9X":{"FH":"11","WP":"11","8F":"11","8G":"11","XP":"11"},"2X":{"GW":"11","FX":"11","7W":"11","QF":"11","RF":"11","HW":"11","PF":"11","GX":"11","5W":"11","6W":"11","JF":"11","HF":"11"},"CX":{"RQ":"11","2P":"11"},"7X":{"WC":"11"},"8X":{"99":"11","5C":"11","39":"11","3C":"11","J9":"11","F9":"11","49":"11","4C":"11","G9":"11","79":"11","89":"11","C9":"11","H9":"11"}},"W9":{"2P":{"C8":"11","HG":"11","G8":"11","JH":"11","FF":"11","F8":"11","GF":"11","F9":"11","89":"11","GH":"11","JG":"11","C9":"11","FG":"11","HH":"11","99":"11","GG":"11"}},"48":{"JP":{"5R":"11","4R":"11","W6":"11"},"QX":{"W2":"11"},"HP":{"8J":"11","9J":"11"},"RX":{"QQ":"11","QR":"11","MQ":"11","PQ":"11","PP":"11","RV":"11","RR":"11","MP":"11"},"QW":{"VX":"11","VW":"11","WW":"11","WX":"11"},"MM":{"47":"11","3C":"11","4C":"11","25":"11","59":"11","26":"11"},"XF":{"VW":"11","XW":"11","RP":"11","QP":"11","WW":"11"}},"WF":{"R5":{"X5":"11","X7":"11","W2":"11","W3":"11","V2":"11","X6":"11","X4":"11","W5":"11","V3":"11","W4":"11"},"W9":{"V3":"11","V2":"11","X6":"11","W3":"11","W4":"11","W5":"11","X4":"11","W2":"11","X5":"11"},"V6":{"QW":"11","F4":"11","RX":"11","F8":"11","G8":"11","GC":"11","MP":"11","QV":"11","MM":"11","JF":"11","QR":"11","QQ":"11","F6":"11","93":"11","PM":"11","C2":"11","HG":"11","C5":"11","C6":"11","C3":"11","PQ":"11","PR":"11","JJ":"11","HF":"11","JG":"11","92":"11","G9":"11","G7":"11","JH":"11","HC":"11","RW":"11","PP":"11","RV":"11","H9":"11","VX":"11","C4":"11","F7":"11","F5":"11","MJ":"11","MH":"11"},"X9":{"5G":"11","38":"11","4C":"11","8R":"11","5F":"11","6J":"11","6H":"11","27":"11","5J":"11","7M":"11","CW":"11","49":"11","28":"11","7Q":"11","9R":"11","26":"11","4G":"11","8Q":"11","7P":"11","9W":"11","8P":"11","9X":"11","5H":"11","8V":"11","9V":"11","39":"11","5P":"11","5M":"11","6M":"11","CX":"11","6P":"11","3C":"11","4F":"11"},"W8":{"RX":"11","F8":"11","G8":"11","GC":"11","MP":"11","QV":"11","MM":"11","JF":"11","QR":"11","QQ":"11","F6":"11","93":"11","PM":"11","82":"11","HG":"11","C5":"11","C6":"11","C3":"11","PQ":"11","PR":"11","JJ":"11","HF":"11","JG":"11","92":"11","G9":"11","G7":"11","JH":"11","HC":"11","RW":"11","PP":"11","RV":"11","H9":"11","VX":"11","C4":"11","F7":"11","F5":"11","94":"11","MJ":"11","MH":"11"},"W7":{"7R":"11","5Q":"11","3F":"11","8W":"11","6V":"11","3G":"11","27":"11","6R":"11","5J":"11","7X":"11","29":"11","28":"11","7Q":"11","6Q":"11","7W":"11","4G":"11","7V":"11","9X":"11","5H":"11","8X":"11","8V":"11","39":"11","5P":"11","5M":"11","2C":"11","6M":"11","4H":"11","6P":"11","4M":"11","4J":"11","3C":"11","4F":"11"},"V5":{"7R":"11","5G":"11","3F":"11","38":"11","8W":"11","4C":"11","8R":"11","6J":"11","27":"11","5J":"11","29":"11","28":"11","7Q":"11","6Q":"11","26":"11","4G":"11","7V":"11","7P":"11","9W":"11","9X":"11","5H":"11","8X":"11","8V":"11","39":"11","5M":"11","6M":"11","4H":"11","6P":"11","3C":"11","4F":"11"},"R3":{"8M":"11","44":"11","7G":"11","7J":"11","8P":"11","6C":"11","9V":"11","32":"11","47":"11","CV":"11","34":"11","58":"11","7M":"11","8Q":"11","CX":"11","35":"11","48":"11","57":"11","5C":"11","FX":"11","59":"11","46":"11","33":"11","8J":"11","CW":"11","9Q":"11","9P":"11","6F":"11","9R":"11","7H":"11","6G":"11","69":"11","45":"11"},"XC":{"XW":"11","M8":"11","RM":"11","QH":"11","PF":"11","J9":"11","QJ":"11","PG":"11","VP":"11","H6":"11","PH":"11","VQ":"11","RP":"11","XR":"11","C2":"11","WQ":"11","RJ":"11","M9":"11","F3":"11","H7":"11","G4":"11","XV":"11","G6":"11","G5":"11","G3":"11","H5":"11","MF":"11","WV":"11","QG":"11","RH":"11","J8":"11","F2":"11","PC":"11","J7":"11","VM":"11","F4":"11","MC":"11","WR":"11"},"V7":{"V3":"11","V4":"11","X7":"11","X8":"11","V2":"11","X6":"11","W3":"11","R2":"11","W4":"11","W6":"11","W5":"11","X5":"11"},"R4":{"J8":"11","F4":"11","VW":"11","JF":"11","QR":"11","H7":"11","QQ":"11","RR":"11","J9":"11","PM":"11","C2":"11","MF":"11","PH":"11","F3":"11","QM":"11","G5":"11","G4":"11","RQ":"11","MG":"11","G3":"11","PJ":"11","RW":"11","PG":"11","RV":"11","VV":"11","H9":"11","H8":"11","VX":"11","QP":"11","JC":"11","WX":"11","F2":"11","G6":"11","H6":"11","MC":"11","MH":"11"}},"87":{"HP":{"MG":"11","MF":"11","HH":"11"}},"3W":{"5F":{"Q9":"11","QC":"11"},"49":{"VR":"11","RQ":"11","VQ":"11"},"4C":{"9M":"11","9J":"11","HM":"11"},"4F":{"2Q":"11","3Q":"11"},"59":{"5R":"11","6R":"11"},"3F":{"XQ":"11","XP":"11"}},"C5":{"2X":{"9G":"11","GF":"11","7C":"11","FG":"11","RF":"11","JF":"11","6C":"11","FF":"11","MF":"11","HG":"11","WF":"11","CC":"11","39":"11","2C":"11","VF":"11","VG":"11","28":"11","XF":"11","PF":"11","5C":"11","59":"11","7F":"11","9C":"11","RG":"11","XG":"11","9F":"11","8C":"11","MG":"11","GG":"11","HF":"11","6F":"11","JG":"11","QF":"11","29":"11","QG":"11","3C":"11","PG":"11","CF":"11","WG":"11","49":"11","69":"11","8F":"11","4C":"11","CG":"11"},"3X":{"7G":"11","5G":"11","CF":"11","9G":"11","8F":"11","8G":"11","5F":"11","3H":"11","6G":"11","FF":"11","2F":"11","4F":"11","3G":"11","6F":"11","2G":"11","3F":"11","4G":"11","9F":"11","7F":"11"},"4X":{"CC":"3","6F":"3|11","8F":"3","9F":"3","5F":"11","HC":"3","JC":"3","GC":"3","7G":"3","9C":"3","7C":"3","CF":"3","FF":"3","GF":"3","FC":"3","7F":"3","QC":"3","PC":"3","8C":"3","MC":"3"}},"5V":{"9C":{"X5":"11","X4":"11"}},"59":{"33":{"4P":"11","4M":"11"}},"78":{"HW":{"66":"11","46":"11","26":"11","57":"11","47":"11","37":"11","36":"11","67":"11","56":"11"}},"5F":{"6G":{"FJ":"7","CJ":"7"}},"2G":{"9P":{"RM":"11"}},"X8":{"6F":{"CC":"11","9F":"11","GJ":"11","JW":"11","CF":"11","GR":"11","FM":"11","GP":"11","9G":"11","GV":"11","C7":"11","GM":"11","GQ":"11","C9":"11","99":"11","4X":"11","FJ":"11"},"48":{"5M":"11"},"4C":{"8W":"11","8R":"11","GF":"11","8Q":"11","9X":"11","8X":"11","8V":"11","GG":"11"},"2G":{"39":"11","28":"11","3C":"11","27":"11","29":"11"},"7G":{"F8":"11","GC":"11","G8":"11","C9":"11","H7":"11","F6":"11","36":"11","47":"11","J2":"11","G5":"11","C8":"11","M2":"11","C7":"11","G4":"11","J3":"11","H2":"11","G3":"11","FC":"11","G9":"11","G7":"11","H4":"11","H9":"11","H8":"11","H5":"11","69":"11","H3":"11","F9":"11","F7":"11","G6":"11","H6":"11","M3":"11"},"6H":{"85":"11","84":"11","5C":"11","68":"11","2H":"11","3H":"11","49":"11","4C":"11","4F":"11","3G":"11","59":"11","2G":"11","58":"11","4G":"11"},"49":{"95":"11","86":"11","C5":"11"},"4G":{"9P":"11","GP":"11","JR":"11","6Q":"11","FM":"11","GM":"11","4V":"11","CP":"11","HP":"11","8P":"11","FP":"11"},"3H":{"M2":"11"},"7F":{"MX":"11","JW":"11","HP":"11","JX":"11","FM":"11","GP":"11","7H":"11","PX":"11","GM":"11","HM":"11"},"5H":{"38":"11","4C":"11","9F":"11","WH":"11","9C":"11","XH":"11","FF":"11","26":"11","37":"11","39":"11","3C":"11"},"6G":{"63":"11","GP":"11","73":"11","42":"11","FQ":"11","52":"11","43":"11","53":"11","FP":"11"},"36":{"7M":"11","6G":"11","9R":"11","9Q":"11","7J":"11","8Q":"11","6F":"11","CR":"11","8P":"11"},"4F":{"93":"11","J8":"11","H8":"11","J9":"11","H7":"11","F5":"11","94":"11","C3":"11","G6":"11","M9":"11","C5":"11","C4":"11","92":"11","F6":"11","82":"11","G7":"11"}},"64":{"RJ":{"2W":"11","2X":"11","2R":"11","3X":"11","2V":"11"},"GV":{"RW":"11","MX":"11","PW":"11","XR":"11","VV":"11","JX":"11","MW":"11","QW":"11","QV":"11","XV":"11","PX":"11","RV":"11","WV":"11","WR":"11"},"RP":{"J8":"11","M8":"11","RJ":"11","J7":"11","H7":"11","RP":"11","J9":"11","QH":"11","MF":"11","PH":"11","WW":"11","VR":"11","F3":"11","QM":"11","G5":"11","PF":"11","WR":"11","WV":"11","PC":"11","G4":"11","RQ":"11","VQ":"11","G3":"11","H4":"11","XX":"11","QG":"11","PG":"11","VV":"11","H5":"11","M9":"11","WX":"11","F2":"11","J6":"11","H6":"11","RM":"11","MC":"11","G2":"11","VP":"11","QJ":"11"},"FW":{"V6":"11","X5":"11","V7":"11","R7":"11","W5":"11","W6":"11"},"PM":{"J8":"11","M8":"11","M7":"11","M5":"11","P2":"11","JF":"11","GH":"11","P3":"11","9V":"11","J9":"11","CR":"11","HG":"11","CV":"11","GM":"11","9X":"11","M6":"11","FM":"11","M4":"11","P5":"11","CQ":"11","FP":"11","GG":"11","HF":"11","GJ":"11","FQ":"11","HC":"11","9W":"11","P4":"11","JC":"11","HH":"11"},"QH":{"FG":"11","GH":"11","C9":"11","83":"11","96":"11","FH":"11","FF":"11","82":"11","JW":"11","CC":"11","GM":"11","HP":"11","86":"11","C8":"11","MW":"11","JV":"11","HV":"11","GJ":"11","FC":"11","HR":"11","CF":"11","JX":"11","HQ":"11","98":"11","MX":"11","FJ":"11","72":"11","85":"11","97":"11","84":"11","GP":"11","95":"11","JR":"11"},"PH":{"CC":"11","5C":"11","PR":"11","PV":"11","4C":"11","59":"11","PW":"11","HG":"11","JJ":"11","9C":"11","JH":"11","MQ":"11","QX":"11","MR":"11","FF":"11","GF":"11","FC":"11","JM":"11","MM":"11","69":"11","89":"11","PX":"11","C9":"11","2H":"11","HH":"11","79":"11","MP":"11","GG":"11","2J":"11","99":"11","6C":"11"},"VR":{"XW":"11","WX":"11","XX":"11","RM":"11","QH":"11","PF":"11","WW":"11","J9":"11","QJ":"11","PG":"11","VP":"11","PH":"11","H6":"11","VQ":"11","RP":"11","VV":"11","RJ":"11","QM":"11","M9":"11","F3":"11","H7":"11","G4":"11","VR":"11","G5":"11","G3":"11","MF":"11","H5":"11","WV":"11","QG":"11","J8":"11","F2":"11","PC":"11","J7":"11","MC":"11","WR":"11"},"GW":{"C3":"11","64":"11","M2":"11","65":"11","55":"11","G2":"11","93":"11","74":"11","F3":"11","H2":"11","35":"11","J2":"11","25":"11","45":"11","G3":"11","84":"11","94":"11"},"CX":{"RM":"11","PR":"11","MX":"11","VF":"11","WF":"11","PV":"11","X7":"11","PW":"11","QQ":"11","RG":"11","QR":"11","VJ":"11","WG":"11","PQ":"11","QP":"11","VG":"11","JX":"11","X9":"11","RJ":"11","MW":"11","QM":"11","PP":"11","QW":"11","QV":"11","W7":"11","WC":"11","VH":"11","RV":"11","XC":"11","XF":"11","RH":"11"},"PF":{"RC":"11","XQ":"11","RG":"11","RF":"11","GW":"11","VC":"11","FW":"11","XG":"11","WC":"11","RH":"11"},"WR":{"2X":"11"},"WV":{"HJ":"11","WP":"11","58":"11","CH":"11","9H":"11","5C":"11","8G":"11","PJ":"11","59":"11","7G":"11","7F":"11","36":"11","JM":"11","WQ":"11","33":"11","35":"11","MM":"11","VP":"11","PM":"11","VQ":"11","9G":"11","48":"11","6C":"11","RM":"11","QM":"11","PP":"11","QP":"11","57":"11","8F":"11","XR":"11","RP":"11","FJ":"11","47":"11","MJ":"11","XQ":"11","34":"11","22":"11","24":"11","6F":"11","JJ":"11","46":"11","GH":"11","FH":"11","23":"11","GJ":"11"},"PQ":{"22":"11","23":"11"},"JV":{"22":"11","32":"11"},"RQ":{"P2":"11","X2":"11","X3":"11"},"HV":{"V3":"11","2R":"11","C8":"11","6F":"11","5G":"11","Q3":"11","P4":"11","H6":"11","88":"11","Q4":"11","2Q":"11","M5":"11","7C":"11","M4":"11","X2":"11","F7":"11","J5":"11","G6":"11","7F":"11","C7":"11","89":"11","R3":"11","5H":"11","6G":"11","H5":"11","F6":"11","8C":"11","99":"11","98":"11","4M":"11","4J":"11"},"MG":{"GP":"11","FX":"11","3J":"11","GJ":"11","GM":"11","XF":"11","XG":"11","HP":"11","MJ":"11"},"VQ":{"8M":"11","37":"11","7J":"11","8P":"11","9V":"11","36":"11","47":"11","CV":"11","7M":"11","25":"11","8Q":"11","23":"11","CX":"11","35":"11","48":"11","5C":"11","FX":"11","59":"11","CW":"11","9Q":"11","6H":"11","6F":"11","9R":"11","7H":"11","6G":"11","49":"11","24":"11","5F":"11"},"XW":{"J8":"11","XJ":"11","83":"11","H7":"11","F6":"11","93":"11","J9":"11","82":"11","RH":"11","C5":"11","73":"11","XP":"11","WM":"11","PF":"11","C6":"11","XM":"11","RG":"11","PC":"11","QF":"11","G7":"11","QG":"11","H8":"11","VH":"11","M9":"11","VJ":"11","72":"11","C4":"11","F7":"11","F5":"11","WJ":"11","84":"11","94":"11","95":"11","G6":"11","62":"11","MC":"11"},"QF":{"2Q":"11","2M":"11","2X":"11","2R":"11","4P":"11","3W":"11","3X":"11","2P":"11","4Q":"11","3P":"11"},"PJ":{"QW":"11","RJ":"11","QV":"11","Q5":"11","RC":"11","RF":"11","QR":"11","Q8":"11","QQ":"11","Q7":"11","QX":"11","QH":"11","Q4":"11","PX":"11","QC":"11","RH":"11","Q2":"11","QM":"11","RG":"11","Q6":"11","QF":"11","Q3":"11","QG":"11","PW":"11","Q9":"11","QP":"11","QJ":"11"},"QG":{"44":"11","7P":"11","7G":"11","7C":"11","6P":"11","7Q":"11","7W":"11","7R":"11","34":"11","7V":"11","6M":"11","43":"11","7F":"11","33":"11","8X":"11","8C":"11","6H":"11","89":"11","6F":"11","6J":"11","6G":"11","7X":"11","6Q":"11"},"PP":{"93":"11","85":"11","84":"11","83":"11","2X":"11","3W":"11","3X":"11","76":"11","3V":"11","92":"11","75":"11","82":"11"},"PG":{"85":"11","76":"11","75":"11"},"VV":{"X2":"11"},"XV":{"6X":"11","2R":"11","3W":"11","4W":"11","5X":"11","2V":"11","5W":"11","3V":"11","4V":"11","3R":"11"},"MQ":{"PF":"11","R8":"11","MG":"11","R6":"11","V6":"11","JH":"11","CV":"11","R7":"11","CR":"11","P9":"11","W4":"11","Q8":"11","W6":"11","Q9":"11","9W":"11","9X":"11","X3":"11","MH":"11","9V":"11","MF":"11","V7":"11","JG":"11","W5":"11","PC":"11","X4":"11"},"MR":{"64":"11","36":"11","46":"11","45":"11","54":"11","55":"11","26":"11"},"MJ":{"92":"11"},"RM":{"8M":"11","44":"11","7G":"11","7J":"11","8P":"11","9V":"11","6C":"11","32":"11","FW":"11","CR":"11","CV":"11","34":"11","58":"11","7M":"11","43":"11","8Q":"11","CX":"11","57":"11","5C":"11","FX":"11","59":"11","8J":"11","7F":"11","46":"11","33":"11","CW":"11","8H":"11","9Q":"11","9P":"11","6F":"11","9R":"11","7H":"11","6G":"11","69":"11","45":"11","56":"11"},"QJ":{"XR":"11","P6":"11","RC":"11","RF":"11","WP":"11","P3":"11","R8":"11","Q8":"11","Q7":"11","WH":"11","XP":"11","VF":"11","VG":"11","M4":"11","XQ":"11","WM":"11","P5":"11","M2":"11","Q6":"11","P4":"11","VH":"11","Q9":"11","R9":"11","XV":"11","WJ":"11","M3":"11","VC":"11"},"JR":{"MJ":"11","6W":"11","X7":"11","FP":"11","8R":"11","9Q":"11","X8":"11","FQ":"11","JJ":"11","CQ":"11","5W":"11","GP":"11","CR":"11","9R":"11","3X":"11","W8":"11","JM":"11","4W":"11","8V":"11","MH":"11","HM":"11","4X":"11"},"MH":{"C3":"11","48":"11","9F":"11","C2":"11","WG":"11","XH":"11","46":"11","93":"11","47":"11","37":"11","9G":"11","XG":"11","F2":"11","58":"11"}},"M5":{"2V":{"R5":"11","23":"11","V4":"11","C5":"11","64":"11","M5":"11","65":"11","55":"11","F5":"11","Q5":"11","54":"11","75":"11","W4":"11","74":"11","J5":"11","24":"11","V5":"11","G5":"11","P5":"11","85":"11","H5":"11","44":"11","95":"11","34":"11","X4":"11","R4":"11"},"3V":{"23":"11","62":"11","42":"11","33":"11","43":"11","52":"11","72":"11","24":"11","34":"11","53":"11"},"3R":{"FR":"11","MP":"11","MM":"11","RC":"11","RF":"11","FV":"11","GV":"11","PM":"11","QH":"11","PH":"11","CV":"11","9X":"11","GQ":"11","GR":"11","CW":"11","8X":"11","JP":"11","QF":"11","PJ":"11","QG":"11","9W":"11","JQ":"11","HR":"11","HQ":"11","7X":"11","R9":"11","8W":"11","MJ":"11"}},"65":{"93":{"57":"11","84":"11","J2":"11","G3":"11","94":"11","C3":"11","F4":"11","66":"11","56":"11","H2":"11","F3":"11","76":"11","C4":"11","75":"11","H3":"11","65":"11","M2":"11","74":"11"},"83":{"G9":"11","J9":"11","R9":"11","78":"11","88":"11","29":"11","49":"11","28":"11","P9":"11","M9":"11","Q9":"11","F9":"11","69":"11","68":"11","H9":"11","89":"11","39":"11","C9":"11","79":"11","98":"11","99":"11"},"5J":{"PQ":"11","RP":"11","RM":"11","PR":"11","MR":"11"},"6J":{"34":"11","37":"11","35":"11","33":"11","36":"11","42":"11","38":"11","43":"11","32":"11"},"73":{"JP":"11","MJ":"11","PJ":"11","PF":"11","W9":"11","HR":"11","R9":"11","PG":"11","JQ":"11","PH":"11","HQ":"11","CV":"11","FW":"11","7X":"11","X9":"11","GR":"11","CW":"11","PM":"11","FV":"11","MM":"11","V9":"11","Q9":"11","GV":"11","9W":"11","9X":"11","8X":"11","QC":"11","QG":"11","PC":"11","MP":"11"},"45":{"XC":"11","WC":"11","X9":"11","RF":"11","RG":"11","RH":"11","QG":"11","VF":"11","WF":"11"},"5M":{"P2":"11","Q2":"11","Q3":"11"},"38":{"C6":"11","C5":"11"},"55":{"28":"11","38":"11","29":"11"},"92":{"MX":"11","JX":"11","VR":"11","WR":"11","XQ":"11","PV":"11","WQ":"11","MW":"11","QV":"11","PW":"11","QR":"11","RR":"11"},"59":{"RF":"11","RG":"11"},"26":{"8J":"11","6J":"11","FH":"11","5J":"11","8H":"11","9H":"11","7H":"11","3J":"11","7J":"11","CH":"11","2J":"11","4J":"11"},"74":{"72":"11","82":"11"}},"V6":{"R6":{"8W":"11","9Q":"11","HC":"11","JC":"11","8M":"11","9P":"11","7W":"11","9M":"11","8Q":"11","W5":"11","X4":"11","X5":"11","9J":"11"},"Q7":{"VF":"11","WF":"11","X7":"11","X8":"11","RG":"11","RF":"11","MQ":"11","VC":"11","X9":"11","X6":"11","PP":"11","MM":"11","WC":"11","QG":"11","MP":"11"},"VJ":{"P4":"11","42":"11","32":"11","Q4":"11","M5":"11","M4":"11","46":"11","43":"11","J5":"11","35":"11","57":"11","C7":"11","45":"11","44":"11","67":"11","56":"11","R4":"11","J4":"11"},"V6":{"33":"11","42":"11","52":"11","23":"11"},"XJ":{"7C":"11","JF":"11","6C":"11","WF":"11","XF":"11","PF":"11","QF":"11","G9":"11","29":"11","QG":"11","PG":"11","WG":"11","69":"11","F9":"11","JC":"11","MC":"11","79":"11"},"R7":{"42":"11","25":"11","52":"11","43":"11","53":"11","26":"11"},"P9":{"WP":"11","VR":"11","X7":"11","X8":"11","WQ":"11","XH":"11","RR":"11","VQ":"11"},"Q8":{"F4":"11","3X":"11","4R":"11","68":"11","96":"11","77":"11","4W":"11","58":"11","C5":"11","F3":"11","C6":"11","59":"11","C3":"11","4Q":"11","4M":"11","4V":"11","49":"11","69":"11","3H":"11"},"QF":{"C8":"11","C5":"11","GC":"11","JJ":"11","92":"11","F8":"11","82":"11","HF":"11","GF":"11","JM":"11","96":"11","F9":"11","C6":"11","85":"11","95":"11","84":"11","94":"11"},"Q9":{"24":"11","27":"11","25":"11","32":"11","26":"11"},"V5":{"9W":"11","8W":"11","7W":"11","CW":"11","CV":"11","PM":"11","7X":"11","8X":"11","QM":"11","FV":"11","PP":"11","QP":"11","9V":"11"},"VH":{"3X":"11"},"QC":{"7R":"11","8W":"11","7Q":"11","6Q":"11","7W":"11","3J":"11","7V":"11","9X":"11","8X":"11","8V":"11","5P":"11","3M":"11","5M":"11","2H":"11","6P":"11","2J":"11","4M":"11","4J":"11"},"W5":{"XC":"11","WC":"11","RC":"11","4C":"11","VC":"11","4F":"11","3F":"11","WF":"11"},"RH":{"XQ":"11","WP":"11","9H":"11","9G":"11","CG":"11","XP":"11","GH":"11","FG":"11","CH":"11","GG":"11"},"PC":{"RJ":"11","XJ":"11","P6":"11","P2":"11","P3":"11","QH":"11","PH":"11","P8":"11","RH":"11","P5":"11","PF":"11","M2":"11","P9":"11","PC":"11","R2":"11","P7":"11","QG":"11","P4":"11","PG":"11","VJ":"11","WJ":"11","QJ":"11"},"WJ":{"57":"11","X9":"11","77":"11","67":"11"},"X5":{"XJ":"11"}},"55":{"M8":{"MQ":"11","4P":"11","6P":"11","5P":"11","MR":"11"},"CC":{"XH":"11"},"W9":{"JP":"11","HR":"11","8W":"11","JQ":"11","JR":"11","HQ":"11","MQ":"11","CV":"11","HP":"11","GR":"11","CW":"11","HV":"11","FR":"11","CR":"11","FV":"11","GV":"11","9W":"11","8V":"11","9V":"11","CX":"11","FX":"11"},"J9":{"CC":"11","C8":"11","Q3":"11","H4":"11","9F":"11","9C":"11","F8":"11","F7":"11","G6":"11","9G":"11","CG":"11","G5":"11","H5":"11","C9":"11","F6":"11","G7":"11","J4":"11"},"JF":{"23":"11"},"R6":{"XR":"11","4R":"11","QR":"11","QQ":"11","RR":"11","7Q":"11","WQ":"11","5Q":"11","7R":"11","VR":"11","GQ":"11","8Q":"11","XQ":"11","WR":"11","4Q":"11","5R":"11","PQ":"11","CQ":"11","9Q":"11","PR":"11","RQ":"11","VQ":"11","FQ":"11","JQ":"11","HQ":"11","2R":"11","6Q":"11","6R":"11","MQ":"11","MR":"11","3R":"11","JR":"11"},"Q7":{"VX":"11","XW":"11","RX":"11","R3":"11","P2":"11","P3":"11","M4":"11","XV":"11","Q2":"11","WW":"11","R2":"11","Q3":"11","P4":"11","WX":"11"},"VJ":{"HG":"11"},"V6":{"2R":"11","5Q":"11","HR":"11","8R":"11","9Q":"11","2Q":"11","JR":"11","JW":"11","MR":"11","GR":"11","3Q":"11","FR":"11","7Q":"11","CR":"11","9R":"11","6Q":"11","8Q":"11","MV":"11","JV":"11","4Q":"11"},"R7":{"9G":"11","GF":"11","4R":"11","GC":"11","7J":"11","Q8":"11","FF":"11","J9":"11","5Q":"11","P8":"11","3V":"11","6M":"11","5P":"11","5M":"11","P9":"11","4Q":"11","8H":"11","2V":"11","6J":"11","HC":"11","2W":"11","7H":"11","9H":"11","CF":"11","M9":"11","JC":"11","CG":"11","3R":"11"},"X6":{"PJ":"11","RM":"11","QJ":"11","8M":"11","3P":"11","VJ":"11","2P":"11","XJ":"11","4P":"11","7M":"11","RJ":"11","PM":"11","FM":"11","2M":"11","QM":"11","JM":"11","9M":"11","WM":"11","MM":"11","GM":"11","3M":"11","CM":"11","5M":"11","HM":"11","6M":"11","VM":"11","4M":"11","WJ":"11"},"FF":{"P2":"11","V4":"11","Q3":"11","X7":"11","M2":"11","Q4":"11","X6":"11","M4":"11","W6":"11","M3":"11","V5":"11","W5":"11","R4":"11","J4":"11","X5":"11"},"Q6":{"WX":"11","XW":"11","WW":"11","XR":"11","XV":"11","WV":"11","WR":"11"},"46":{"WF":"11","8M":"11","HJ":"11","GJ":"11","7M":"11","FM":"11","9M":"11","3J":"11","GM":"11","3M":"11","5M":"11","CM":"11","XF":"11","6M":"11","HH":"11","2J":"11","4M":"11"},"F8":{"PM":"11","QM":"11","PP":"11","MP":"11"},"HF":{"V4":"11","R4":"11","P3":"11","6C":"11","F6":"11","J4":"11","X3":"11","2C":"11","M4":"11","W3":"11","G5":"11","5C":"11","59":"11","C7":"11","88":"11","89":"11","Q3":"11","R3":"11","H4":"11","3C":"11","H5":"11","98":"11","69":"11","F7":"11","97":"11","4C":"11","G6":"11","V3":"11","79":"11","M3":"11","2F":"11","J5":"11"},"GF":{"CC":"11","PF":"11","VF":"11","48":"11","WF":"11","59":"11","JF":"11","GC":"11","RF":"11","9C":"11","27":"11","HF":"11","GF":"11","FC":"11","26":"11","QF":"11","47":"11","37":"11","69":"11","68":"11","89":"11","MF":"11","XC":"11","XF":"11","79":"11","58":"11","8C":"11","99":"11"},"FC":{"5C":"11","6F":"11","5G":"11","78":"11","5F":"11","77":"11","73":"11","82":"11","75":"11","74":"11","4G":"11","76":"11","69":"11","68":"11","85":"11","84":"11","2H":"11","79":"11","4H":"11","83":"11","6C":"11"},"75":{"VW":"11","QW":"11","XW":"11","RV":"11","QV":"11","RW":"11","WW":"11"},"F7":{"5Q":"11","8W":"11","6V":"11","2G":"11","3P":"2","4P":"2","6R":"11","3Q":"2","6Q":"11","7W":"11","3H":"11","3J":"11","7V":"11","9X":"11","8X":"11","4Q":"2","5P":"11","3M":"11","5M":"11","2H":"11","4M":"11","2J":"11","4J":"11"},"Q8":{"P2":"11","J9":"11","JC":"11","H8":"11","M4":"11","R2":"11","M9":"11","Q2":"11","M3":"11","H9":"11","P3":"11","J8":"11","PC":"11","MC":"11"},"W6":{"WP":"11","VP":"11","RP":"11","XP":"11"},"M9":{"P6":"11","M6":"11","46":"11","47":"11","37":"11","25":"11","24":"11","36":"11","34":"11"},"W7":{"39":"11","28":"11","49":"11","4C":"11","38":"11","4F":"11","3F":"11","4G":"11"},"37":{"73":"11","72":"11","92":"11","82":"11"},"F9":{"9X":"11","8X":"11"},"C7":{"MC":"11","H8":"11","QF":"11","JC":"11","G8":"11","J9":"11","RF":"11","QC":"11","M9":"11","PF":"11","WG":"11","PC":"11","VF":"11","F8":"11","XG":"11","VG":"11","H9":"11"},"6G":{"8J":"11","6H":"11","7J":"11","7H":"11"},"WC":{"J9":"11","WF":"11","H8":"11","C2":"11","G8":"11","WG":"11","M6":"11","J6":"11","XG":"11","M7":"11","H9":"11","XF":"11","F2":"11","J8":"11","J7":"11"},"36":{"VJ":"11","XJ":"11","FW":"11","CW":"11","RJ":"11","9X":"11","VH":"11","RH":"11","CX":"11","WJ":"11"},"85":{"4X":"11","6W":"11","3X":"11","5W":"11","3W":"11","FV":"11","GV":"11","QQ":"11","5X":"11","FW":"11","7W":"11","4W":"11","GW":"11","6X":"11","2X":"11","CW":"11","PQ":"11","PR":"11","JV":"11","HV":"11","2W":"11","9W":"11","PP":"11","7X":"11","QP":"11","8W":"11","MR":"11","JR":"11"},"V7":{"M5":"11","Q6":"11","V7":"11","M6":"11","W7":"11","G6":"11","H5":"11","R7":"11","R6":"11","J6":"11","H6":"11","X8":"11","G5":"11","J5":"11","P6":"11","W8":"11"},"56":{"39":"11","3C":"11","49":"11","2C":"11","2F":"11"}},"F5":{"VP":{"J4":"11"}},"49":{"Q4":{"9W":"11","8W":"11","7W":"11","7V":"11","5W":"11","6V":"11","6W":"11","9V":"11"},"R2":{"34":"11","37":"11","44":"11","35":"11","36":"11","27":"11","25":"11","58":"11","26":"11"}},"M6":{"G3":{"F4":"11","M7":"11","RC":"11","WC":"11","Q8":"11","WF":"11","F3":"11","M6":"11","XF":"11","G5":"11","G4":"11","G3":"11","P7":"11","V9":"11","H5":"11","Q9":"11","R9":"11","F2":"11","J6":"11","XC":"11","VC":"11"},"C2":{"XP":"11"},"Q4":{"J2":"11","H2":"11"},"H4":{"R5":"11","V4":"11","V5":"11","R4":"11"},"F2":{"6V":"11","GX":"11","4R":"11","2P":"11","HW":"11","7W":"11","7V":"11","CX":"11","FX":"11","4Q":"11","CW":"11","5R":"11","3Q":"11","9W":"11","4V":"11","HX":"11","5V":"11","8W":"11","2Q":"11","3R":"11"},"H3":{"7R":"11","3F":"11","2F":"11","2G":"11","3G":"11","6J":"11","5J":"11","7Q":"11","6Q":"11","4G":"11","7V":"11","5H":"11","6M":"11","4H":"11","6P":"11"},"G2":{"5G":"11","9Q":"11","3G":"11","6H":"11","CV":"11","FW":"11","CW":"11","CR":"11","9R":"11","9P":"11","FV":"11","3J":"11","8P":"11","6G":"11","7J":"11","FX":"11"}},"3X":{"GF":{"74":"11"}},"46":{"R2":{"P8":"11"}},"W8":{"F4":{"VP":"11","FM":"11","GJ":"11","GM":"11","HM":"11","HJ":"11","VQ":"11"},"V4":{"RF":"11"},"V5":{"85":"11","93":"11","97":"11","62":"11","CH":"11","C7":"11","5W":"11","9H":"11","7C":"11","8G":"11","5P":"11","87":"11","CF":"11","73":"11","78":"11","7G":"11","6M":"11","7F":"11","5X":"11","83":"11","55":"11","82":"11","4P":"11","6P":"11","8H":"11","4Q":"11","CG":"11","5Q":"11","88":"11","67":"3","8X":"11","9G":"11","98":"11","54":"11","6G":"11","6C":"11","6X":"11","95":"11","7X":"11","FG":"11","57":"3","8F":"11","6J":"11","63":"11","7J":"11","94":"11","C8":"11","9F":"11","45":"11","72":"11","6F":"11","5M":"11","FF":"11","C3":"11","84":"11","69":"11","7H":"11","6H":"11","77":"3|11","68":"3|11","79":"11"},"W8":{"9Q":"11","CV":"11","CQ":"11","CR":"11","9R":"11","9P":"11","9M":"11","9V":"11","CM":"11","CP":"11","9J":"11"},"M5":{"P2":"11","53":"11","95":"11","56":"11","J6":"11","P8":"11","F6":"11","M3":"11","Q4":"11","M7":"11","69":"11","H7":"11","Q6":"11","98":"11","F7":"11","79":"11","78":"11","47":"11","X4":"11","M9":"11","H4":"11","W9":"11","R4":"11","C3":"11","64":"11","89":"11","74":"11","X2":"11","63":"11","R8":"11","W5":"11","77":"11","R2":"11","P7":"11","Q7":"11","85":"11","P3":"11","Q3":"11","J2":"11","Q2":"11","C8":"11","H2":"11","F3":"11","R9":"11","M5":"11","G8":"11","H3":"11","55":"11","C7":"11","C5":"11","C6":"11","F5":"11","W4":"11","V9":"11","V4":"11","R3":"11","R5":"11","F4":"11","H6":"11","J3":"11","86":"11","82":"11","G4":"11","Q9":"11","92":"11","38":"11","V7":"11","J7":"11","V5":"11","99":"11","J5":"11","39":"11","H8":"11","X8":"11","V8":"11","M8":"11","C2":"11","X3":"11","84":"11","F2":"11","F8":"11","76":"11","62":"11","83":"11","R7":"11","72":"11","67":"11","C4":"11","X5":"11","W3":"11","G5":"11","66":"11","G3":"11","V6":"11","M2":"11","P9":"11","H5":"11","88":"11","X7":"11","49":"11","94":"11","65":"11","W6":"11","G7":"11","H9":"11","96":"11","J4":"11","Q8":"11","P4":"11","W8":"11","93":"11","75":"11","68":"11","X6":"11","46":"11","59":"11","57":"11","48":"11","W2":"11","W7":"11","54":"11","Q5":"11","58":"11","87":"11","X9":"11","73":"11","G6":"11","R6":"11","V3":"11","M6":"11","V2":"11","J8":"11","G2":"11","P6":"11","J9":"11","P5":"11","M4":"11","97":"11"},"P2":{"QW":"11","RX":"11","GX":"11","HW":"11","F6":"11","QX":"11","82":"11","JW":"11","GW":"11","JV":"11","HV":"11","92":"11","G9":"11","HC":"11","H9":"11","JX":"11","PW":"11","HX":"11"},"WC":{"X5":"11","W2":"11","X2":"11","X4":"11","X3":"11"},"P3":{"F4":"11","Q7":"11","J2":"11","J4":"11","Q2":"11","F3":"11","M4":"11","M2":"11","V2":"11","G4":"11","Q6":"11","H2":"11","J3":"11","R2":"11","G3":"11","R3":"11","H4":"11","H3":"11","F2":"11","G2":"11","V3":"11","M3":"11","VM":"11"},"Q4":{"37":"11","47":"11","46":"11","38":"11","2C":"11","2F":"11","22":"11","32":"11"},"W9":{"VW":"11","GF":"11","G8":"11","GC":"11","MP":"11","MM":"11","QR":"11","H7":"11","F6":"11","93":"11","HG":"11","C5":"11","C6":"11","PR":"11","JM":"11","JJ":"11","JP":"11","HF":"11","JG":"11","92":"11","G7":"11","JH":"11","HC":"11","RW":"11","H9":"11","H8":"11","VX":"11","F7":"11","WX":"11","MQ":"11","94":"11","MR":"11","G6":"11"},"73":{"7M":"11","3J":"11","4J":"11","CQ":"11","6P":"11","FQ":"11","6M":"11"},"M4":{"QW":"11","RX":"11","XR":"11","VW":"11","GX":"11","QV":"11","PV":"11","HW":"11","QR":"11","RR":"11","FW":"11","WQ":"11","QX":"11","JW":"11","PX":"11","WW":"11","9X":"11","VR":"11","GW":"11","CX":"11","XQ":"11","MW":"11","FX":"11","WR":"11","WV":"11","8X":"11","JV":"11","XW":"11","MV":"11","XX":"11","RW":"11","RV":"11","VV":"11","JX":"11","PW":"11","VX":"11","MX":"11","HX":"11","XV":"11","WX":"11"},"XF":{"GH":"11","FH":"11","F9":"11","42":"11","GG":"11"},"R6":{"V6":"11","X5":"11","V8":"11","V9":"11","R6":"11","R7":"11","X6":"11","R8":"11","W6":"11"},"P5":{"F5":"11","85":"11","G3":"11","93":"11","44":"11","62":"11","H4":"11","64":"11","92":"11","QF":"11","42":"11","25":"11","32":"11","F4":"11","73":"11","56":"11","RF":"11","36":"11","83":"11","55":"11","82":"11","G4":"11","86":"11","27":"11","F3":"11","C2":"11","33":"11","75":"11","H3":"11","35":"11","F2":"11","67":"11","Q9":"11","54":"11","VF":"11","96":"11","G2":"11","C4":"11","43":"11","95":"11","RC":"11","28":"11","VC":"11","52":"11","66":"11","63":"11","QC":"11","65":"11","47":"11","94":"11","45":"11","34":"11","R9":"11","22":"11","24":"11","72":"11","26":"11","53":"11","C3":"11","C5":"11","G5":"11","74":"11","37":"11","46":"11","76":"11","84":"11","23":"11","77":"11","RG":"11"},"G5":{"Q6":"11","M7":"11","P7":"11","P6":"11"},"XG":{"V6":"11","R5":"11","R3":"11","X9":"11","V4":"11","V7":"11","X7":"11","V5":"11","R6":"11","R7":"11","X6":"11","X8":"11","V3":"11","W6":"11"},"W5":{"JC":"11","P8":"11","P9":"11","Q8":"11","M9":"11","72":"11","Q9":"11","85":"11","PC":"11","MC":"11"},"Q3":{"2W":"11","2X":"11","3X":"11"},"X5":{"5C":"11","W9":"11","48":"11","59":"11","HC":"11","GC":"11","49":"11","GF":"11","FC":"11","69":"11","58":"11","6C":"11"},"P4":{"CR":"11","2R":"11","CQ":"11","GX":"11","8R":"11","GQ":"11","7Q":"11","CW":"11","FW":"11","5W":"11","3V":"11","6W":"11","FR":"11","5P":"11","PJ":"11","2X":"11","5V":"11","HW":"11","7R":"11","5X":"11","8W":"11","7P":"11","4P":"11","6P":"11","3X":"11","4X":"11","4Q":"11","VG":"11","FM":"11","7V":"11","5Q":"11","GV":"11","6V":"11","JV":"11","JQ":"11","MM":"11","4R":"11","FP":"11","9M":"11","CM":"11","PM":"11","9P":"11","2Q":"11","8X":"11","8M":"11","VH":"11","9W":"11","9R":"11","3R":"11","4V":"11","RH":"11","4W":"11","GW":"11","9X":"11","3W":"11","6X":"11","GR":"11","6R":"11","QM":"11","7X":"11","CP":"11","FX":"11","JP":"11","2V":"11","MP":"11","3P":"11","7W":"11","FV":"11","CV":"11","5R":"11","8Q":"11","FQ":"11","9Q":"11","6Q":"11","JR":"11","9V":"11","8V":"11","CX":"11","8P":"11","2W":"11","HV":"11","3Q":"11","RG":"11"},"63":{"Q9":"11","M5":"11","M6":"11","RC":"11","WG":"11","J5":"11","R9":"11"},"H5":{"CC":"11","G9":"11","GC":"11","FC":"11","F9":"11","C9":"11","XF":"11"},"C4":{"GR":"11","FR":"11"},"V6":{"MX":"11","62":"11","2G":"11","42":"11","CV":"11","JX":"11","82":"11","63":"11","3H":"11","52":"11","35":"11","72":"11","25":"11","24":"11","4H":"11","34":"11","53":"11"},"84":{"C3":"11","RC":"11","VC":"11","93":"11","F3":"11","WC":"11","J7":"11","F4":"11"},"V7":{"R3":"11","J2":"11","P2":"11","X4":"11","M2":"11","W4":"11"},"94":{"PQ":"11","VV":"11","FM":"11","3C":"11","VR":"11","RQ":"11","JM":"11","WR":"11","QQ":"11","GM":"11","4C":"11","WV":"11","8H":"11","HM":"11","PP":"11","VQ":"11","QP":"11","MP":"11","JP":"11"},"62":{"H7":"11","HC":"11","G6":"11","H6":"11","G5":"11","H9":"11","HF":"11"},"W7":{"48":"11","47":"11","24":"11","36":"11","46":"11","49":"11","9V":"11"},"XC":{"5Q":"11","3F":"11","38":"11","3W":"11","5V":"11","3G":"11","4R":"11","4V":"11","28":"11","26":"11","4G":"11","3H":"11","25":"11","24":"11","5R":"11","4Q":"11","39":"11","3C":"11","4F":"11"},"J5":{"2F":"11"}},"75":{"F8":{"W2":"11","X2":"11","V2":"11","X3":"11"},"G8":{"23":"11","66":"11","87":"11","88":"11","33":"11","77":"11","65":"11","55":"11","76":"11","24":"11","45":"11","44":"11","67":"11","56":"11","34":"11","98":"11"},"RF":{"37":"11","78":"11","GC":"11","68":"11","RF":"11","JF":"11","C9":"11","99":"11","38":"11","MF":"11","CC":"11","58":"11","VG":"11","VF":"11","48":"11","28":"11","PF":"11","RG":"11","XG":"11","89":"11","HF":"11","FC":"11","QF":"11","HC":"11","QG":"11","WG":"11","F9":"11","69":"11","JC":"11","27":"11","MC":"11","79":"11"},"96":{"44":"11","F8":"11","RJ":"11","GC":"11","66":"11","JF":"11","C9":"11","QH":"11","MF":"11","PH":"11","77":"11","34":"11","RH":"11","87":"11","23":"11","XP":"11","86":"11","WM":"11","PF":"11","C8":"11","65":"11","XM":"11","33":"11","88":"11","76":"11","MG":"11","HF":"11","G9":"11","HC":"11","QG":"11","PG":"11","55":"11","VH":"11","98":"11","VJ":"11","F9":"11","24":"11","45":"11","JC":"11","97":"11","WJ":"11","56":"11","VM":"11"},"32":{"P6":"11","M5":"11","WC":"11","R8":"11","Q8":"11","Q7":"11","C2":"11","J4":"11","WF":"11","W9":"11","F3":"11","M6":"11","XF":"11","G4":"11","G3":"11","P7":"11","H4":"11","V9":"11","H5":"11","H3":"11","R9":"11","F2":"11","G2":"11","XC":"11","J5":"11","VC":"11"},"J9":{"VW":"11","7G":"11","QV":"11","CM":"11","QR":"11","5G":"11","GM":"11","WW":"11","9J":"11","FM":"11","2C":"11","HP":"11","8J":"11","8H":"11","PR":"11","JP":"11","29":"11","XX":"11","7H":"11","JQ":"11","3C":"11","RV":"11","VV":"11","6G":"11","HQ":"11","CJ":"11","WX":"11","GP":"11","MQ":"11","MR":"11","5F":"11","4F":"11","3F":"11"},"QC":{"6X":"11","2W":"11","2X":"11","3W":"11","3X":"11","5X":"11","4X":"11"},"43":{"P2":"11","R5":"11","Q3":"11","X7":"11","P4":"11","X8":"11","M2":"11","Q4":"11","V6":"11","X6":"11","W6":"11","W7":"11","J2":"11","M3":"11","V5":"11","P3":"11","R4":"11"},"VF":{"8J":"11","2G":"11","3G":"11","GJ":"11","FM":"11","8H":"11","9H":"11","4G":"11","3H":"11","7H":"11","CJ":"11","5H":"11","GM":"11","HM":"11","2H":"11","4H":"11","9J":"11","FJ":"11"},"86":{"W2":"11","W3":"11","X2":"11","V2":"11","X3":"11"},"XF":{"JP":"11","5Q":"11","FP":"11","9Q":"11","QQ":"11","FQ":"11","XQ":"11","VQ":"11","RP":"11","XR":"11","MQ":"11","CV":"11","PQ":"11","QP":"11","HP":"11","FW":"11","WQ":"11","CW":"11","CQ":"11","GP":"11","7Q":"11","9P":"11","PP":"11","FV":"11","6Q":"11","8Q":"11","RQ":"11","7P":"11","8P":"11","GQ":"11","5P":"11","6M":"11","MP":"11","CP":"11","6P":"11"},"C6":{"7R":"11","5Q":"11","8W":"11","6V":"11","3P":"11","4R":"11","2P":"11","6R":"11","3Q":"11","2M":"11","7W":"11","7V":"11","9W":"11","5R":"11","9X":"11","8V":"11","4Q":"11","CX":"11","FX":"11"},"C7":{"P6":"11","Q5":"11","W8":"11","M5":"11","C2":"11","J4":"11","F3":"11","M4":"11","V8":"11","R6":"11","P5":"11","Q6":"11","J3":"11","G3":"11","X9":"11","H4":"11","X8":"11","H3":"11","R7":"11","V7":"11","F2":"11","G2":"11","W7":"11","J5":"11"},"PC":{"8M":"11","5H":"11","VW":"11","5J":"11","9M":"11","7J":"11","PV":"11","QV":"11","CM":"11","QR":"11","4H":"11","WW":"11","CP":"11","7M":"11","GQ":"11","8J":"11","WV":"11","2G":"11","PR":"11","6H":"11","9P":"11","FP":"11","XW":"11","3G":"11","6J":"11","XX":"11","JQ":"11","RW":"11","RV":"11","VV":"11","HQ":"11","GP":"11","MQ":"11","3H":"11","MR":"11","JR":"11"},"QF":{"F4":"11","X7":"11","P6":"11","Q5":"11","M5":"11","83":"11","93":"11","52":"11","W6":"11","82":"11","J4":"11","F3":"11","M6":"11","73":"11","R6":"11","P5":"11","C3":"11","G4":"11","Q6":"11","92":"11","H4":"11","H5":"11","42":"11","72":"11","C4":"11","V6":"11","V7":"11","62":"11","W7":"11","J5":"11"},"H9":{"P6":"11","W8":"11","M5":"11","R8":"11","Q7":"11","C2":"11","J4":"11","W9":"11","F3":"11","M6":"11","V8":"11","G4":"11","Q6":"11","G3":"11","X9":"11","92":"11","H4":"11","R7":"11","V7":"11","F2":"11","J5":"11"},"H8":{"8W":"11","9X":"11","8X":"11"},"M9":{"2X":"11"},"42":{"2F":"11","HX":"11","2G":"11","9Q":"11","3G":"11","6J":"11","CV":"11","GW":"11","JX":"11","FW":"11","5J":"11","7M":"11","FR":"11","9R":"11","CR":"11","FV":"11","3H":"11","8Q":"11","7P":"11","GV":"11","8P":"11","HW":"11","5M":"11","6M":"11","4H":"11","6P":"11","4J":"11"},"85":{"QW":"11","RX":"11","8M":"11","5H":"11","9M":"11","7J":"11","PV":"11","CM":"11","5G":"11","QX":"11","4H":"11","CP":"11","GQ":"11","GR":"11","8J":"11","6H":"11","JV":"11","FP":"11","9P":"11","MV":"11","3G":"11","6J":"11","4G":"11","FQ":"11","7H":"11","HR":"11","RW":"11","HQ":"11","PW":"11","VX":"11","WX":"11","GP":"11","MR":"11","JR":"11","4F":"11","3F":"11"},"F7":{"QW":"11","RX":"11","9M":"11","7G":"11","QV":"11","PV":"11","CM":"11","5G":"11","9J":"11","GQ":"11","39":"11","FM":"11","2C":"11","HP":"11","8J":"11","8H":"11","PR":"11","6H":"11","FP":"11","6F":"11","MV":"11","29":"11","7H":"11","JQ":"11","3C":"11","RW":"11","6G":"11","HQ":"11","VX":"11","CJ":"11","4C":"11","WX":"11","GP":"11","MR":"11","5F":"11","JR":"11","4F":"11"},"53":{"7G":"11","6C":"11","5G":"11","38":"11","CH":"11","GM":"11","9J":"11","39":"11","FM":"11","HP":"11","28":"11","5C":"11","7F":"11","8H":"11","PR":"11","6F":"11","8G":"11","JQ":"11","9H":"11","6G":"11","49":"11","HQ":"11","FJ":"11","CJ":"11","4C":"11","27":"11","GP":"11","MQ":"11","MR":"11","5F":"11","JR":"11"},"MC":{"J8":"11","M8":"11","RC":"11","96":"11","H7":"11","32":"11","75":"11","F6":"11","WF":"11","QC":"11","22":"11","43":"11","74":"11","VF":"11","XF":"11","C6":"11","P9":"11","64":"11","XG":"11","G7":"11","63":"11","H8":"11","Q9":"11","M9":"11","42":"11","85":"11","F7":"11","84":"11","53":"11","95":"11","VC":"11"}},"6Q":{"GR":{"54":"11","53":"11"},"FQ":{"MV":"11"}},"W4":{"F4":{"JJ":"11","5X":"11","MJ":"11"},"R4":{"Q9":"11","QC":"11"},"2P":{"X2":"11","W5":"11","X3":"11","PG":"11"},"P2":{"R5":"11","CC":"11","G9":"11","Q5":"11"},"6P":{"3W":"11","42":"11","8M":"11","7G":"11","3X":"11","8G":"11","43":"11","52":"11","44":"11","56":"11"},"Q7":{"56":"11","55":"11","65":"11"},"3P":{"22":"11"},"J4":{"X2":"11","W3":"11","X3":"11"},"3V":{"RW":"11","64":"11","42":"11","QQ":"11","32":"11","QR":"11","QP":"11","PP":"11","75":"11","FC":"11","74":"11","QV":"11","F9":"11","RV":"11","C9":"11"},"6M":{"2R":"11","3W":"11","2Q":"11","3P":"11","2P":"11","3R":"11","4W":"11","3V":"11","5X":"11","2J":"11","4X":"11"},"M6":{"2R":"11","JP":"11","PR":"11","JQ":"11","2Q":"11","QR":"11","MQ":"11","PQ":"11","3Q":"11","JM":"11","CJ":"11","MP":"11","6P":"11","9J":"11"},"M4":{"23":"11"},"R6":{"6P":"11","5P":"11"},"G5":{"2Q":"11","2P":"11"},"5M":{"C7":"11","QF":"11","F7":"11","46":"11","77":"11","56":"11","78":"11","QG":"11","PC":"11"},"5R":{"R5":"11","J8":"11","Q6":"11","H8":"11","V4":"11","FM":"11","HC":"11","V5":"11","7X":"11","R6":"11","Q7":"11","GF":"11","X3":"11","9V":"11","M8":"11","H9":"11","HF":"11"},"G4":{"7G":"11","8F":"11","8G":"11","3G":"11","7F":"11"},"R2":{"GP":"11","8H":"11","7H":"11"},"J3":{"V4":"11","G8":"11","X4":"11","X3":"11","W3":"11","R6":"11","5C":"11","2G":"11","9P":"11","W4":"11","3G":"11","H8":"11","8F":"11","4C":"11","V3":"11","5F":"11","4F":"11","3F":"11"},"4M":{"R5":"11","23":"11","33":"11","Q4":"11","Q5":"11","43":"11","G4":"11","G5":"11","22":"11","H5":"11","R4":"11"},"P7":{"J9":"11","98":"11","H9":"11"},"H4":{"C2":"11","F2":"11"},"3M":{"J8":"11","V4":"11","P6":"11","7J":"11","V5":"11","GH":"11","JF":"11","FH":"11","J9":"11","HG":"11","9J":"11","6M":"11","R6":"11","5M":"11","R5":"11","Q6":"11","W5":"11","W4":"11","GG":"11","GJ":"11","JG":"11","P7":"11","M9":"11","FJ":"11","X2":"11","HH":"11"},"4V":{"HR":"11","6V":"11","3W":"11","VP":"11","JQ":"11","JR":"11","VJ":"11","MQ":"11","GW":"11","FW":"11","HV":"11","PP":"11","FV":"11","7V":"11","GV":"11","JV":"11","HW":"11","MP":"11","VM":"11","WJ":"11"},"2R":{"M8":"11","H4":"11","VP":"11","H6":"11","XQ":"11","VJ":"11","XR":"11","G2":"11","RJ":"11","P8":"11","P9":"11","QF":"11","H2":"11","J5":"11","Q9":"11","H3":"11","H5":"11","QC":"11","QG":"11","VM":"11"},"H3":{"PQ":"11","MQ":"11","FX":"11","GV":"11","PR":"11","RJ":"11","MR":"11"},"6Q":{"28":"11","24":"11","23":"11"},"5V":{"48":"11","39":"11","3C":"11","49":"11","72":"11","2G":"11","3F":"11"},"F5":{"44":"11","XQ":"11","89":"11","XP":"11","52":"11","43":"11","58":"11"},"J6":{"7V":"11","6V":"11"},"2Q":{"G8":"11","F7":"11","F8":"11"},"H6":{"HQ":"11","MQ":"11","VV":"11","5H":"11","9Q":"11","4H":"11","WV":"11","GQ":"11","JQ":"11","MR":"11"},"3R":{"3W":"11","4W":"11","4X":"11"},"M3":{"22":"11","23":"11"}},"74":{"2W":{"6W":"11","6V":"11","5V":"11","2Q":"11","3P":"11","4R":"11","2P":"11","7X":"11","3R":"11","4V":"11","5W":"11","3Q":"11","2M":"11","7W":"11","5R":"11","8X":"11","4Q":"11"},"2X":{"93":"11","Q9":"11","J7":"11","83":"11","J8":"11","H7":"11","RF":"11","XJ":"11","F5":"11","QC":"11","C3":"11","RC":"11","F4":"11","G6":"11","M9":"11","WG":"11","J6":"11","H6":"11","M7":"11","PC":"11","G5":"11","WH":"11","VF":"11","XH":"11","C4":"11","92":"11","M8":"11","VG":"11","P9":"11","P8":"11","82":"11"},"3X":{"8V":"11","2J":"11","2M":"11","3P":"11","5Q":"11","7R":"11","7V":"11","9X":"11","5P":"11","CX":"11","4Q":"11","5R":"11","4M":"11","3M":"11","9W":"11","6Q":"11","4P":"11","6R":"11","8W":"11"}},"V8":{"HQ":{"VX":"11","VW":"11","XW":"11","XX":"11","WW":"11","WX":"11"},"JR":{"P6":"11","W8":"11","M5":"11","R8":"11","83":"11","Q7":"11","93":"11","52":"11","C2":"11","82":"11","J4":"11","M6":"11","F3":"11","73":"11","V8":"11","P5":"11","C3":"11","G4":"11","Q6":"11","G3":"11","X9":"11","P7":"11","92":"11","H4":"11","X8":"11","H5":"11","42":"11","R7":"11","72":"11","V7":"11","62":"11","J5":"11"},"3H":{"PJ":"11","RM":"11","QJ":"11","WH":"11","VJ":"11","WG":"11","VG":"11","XH":"11","RJ":"11","PM":"11","QM":"11","WM":"11","XG":"11","VH":"11","RH":"11","VM":"11","WJ":"11"},"4H":{"8M":"11","5J":"11","9M":"11","7J":"11","CM":"11","HM":"11","2J":"11","4H":"11","2H":"11","GM":"11","CP":"11","6M":"11","7M":"11","FM":"11","HP":"11","5M":"11","2G":"11","FP":"11","9P":"11","6J":"11","4J":"11","3J":"11","GP":"11","3H":"11"},"JQ":{"2W":"11","2X":"11","3X":"11","5X":"11","4X":"11"},"MR":{"7G":"11","FH":"11","39":"11","9H":"11","3C":"11","8G":"11","5F":"11","GJ":"11","6G":"11","GM":"11","FJ":"11","4C":"11","CH":"11","8H":"11","2C":"11","4F":"11","6F":"11","29":"11"}},"26":{"V7":{"FH":"11","CF":"11","9G":"11","9H":"11","CG":"11","8C":"11","CC":"11","CH":"11","9C":"11","FF":"11","FG":"11"},"X8":{"CR":"11","QJ":"11","MH":"11","8R":"11","7Q":"11","WF":"11","9H":"11","FR":"11","PJ":"11","CF":"11","HH":"11","WJ":"11","7R":"11","HM":"11","7P":"11","6P":"11","JM":"11","PH":"11","CG":"11","VG":"11","7V":"11","VJ":"11","88":"11","89":"11","QG":"11","8M":"11","9G":"11","98":"11","VF":"11","9R":"11","8J":"11","JH":"11","6R":"11","RM":"11","QM":"11","XJ":"11","QH":"11","7M":"11","RJ":"11","9F":"11","WM":"11","XF":"11","MJ":"11","FF":"11","99":"11","6Q":"11","9J":"11","GF":"11","JJ":"11","8V":"11","RG":"11","GP":"11"},"W8":{"C8":"11","G9":"11","48":"11","59":"11","78":"11","88":"11","GC":"11","FC":"11","F9":"11","69":"11","68":"11","C9":"11","79":"11","58":"11","98":"11"}},"W6":{"48":{"J2":"11","X3":"11"},"4C":{"W9":"11","V2":"11","VC":"11","W8":"11","W4":"11","V8":"11","W6":"11","V9":"11","W7":"11","W5":"11"},"5F":{"28":"11","27":"11"},"49":{"VX":"11"},"3H":{"FP":"11","6J":"11","3P":"11","6H":"11","HP":"11","5J":"11","GP":"11","MM":"11","7J":"11","3M":"11","HM":"11","4M":"11","4J":"11"},"57":{"6R":"11","3X":"11","7R":"11"},"47":{"2R":"11","8W":"11","5V":"11","2Q":"11","JX":"11","9W":"11","8V":"11","4Q":"11"},"37":{"PQ":"11","35":"11","36":"11","79":"11","PR":"11","QR":"11"},"25":{"5J":"11","2M":"11","3J":"11","3M":"11","2J":"11","4M":"11","4J":"11"},"5H":{"48":"11","57":"11","66":"11","58":"11","67":"11"},"4H":{"P6":"11","M5":"11","R8":"11","Q7":"11","J2":"11","J4":"11","W9":"11","M4":"11","V8":"11","P5":"11","Q6":"11","J3":"11","X9":"11","P7":"11","HC":"11","V9":"11","R7":"11","JC":"11","MC":"11"},"58":{"5H":"11","69":"11","33":"11","6G":"11","5M":"11","5P":"11","32":"11","23":"11"},"2J":{"5C":"11","2F":"11","4C":"11","5F":"11","H6":"11","M2":"11","J3":"11","J2":"11","69":"11","H5":"11","79":"11","4F":"11","J4":"11","6C":"11"},"4F":{"X7":"11","X8":"11"}},"V9":{"X7":{"C4":"11","C3":"11","HR":"11","C5":"11","HX":"11","GC":"11","HQ":"11","GJ":"11","C2":"11","F5":"11","GW":"11","HP":"11","GR":"11","FF":"11","GP":"11","HV":"11","F8":"11","GF":"11","FC":"11","F7":"11","F3":"11","GV":"11","GX":"11","F9":"11","C7":"11","GM":"11","GH":"11","GQ":"11","C6":"11","HW":"11","HM":"11","FG":"11","F6":"11","F2":"11","GG":"11","F4":"11"},"X8":{"J8":"11","J7":"11","JF":"11","H7":"11","J9":"11","JW":"11","HG":"11","MW":"11","JM":"11","H2":"11","JV":"11","JJ":"11","HF":"11","JP":"11","JG":"11","MV":"11","H4":"11","JH":"11","HC":"11","JQ":"11","H9":"11","H8":"11","H5":"11","MX":"11","H3":"11","JC":"11","MQ":"11","J6":"11","MR":"11","H6":"11","JR":"11","J5":"11"},"X9":{"QH":"11","PF":"11","P6":"11","PG":"11","P4":"11","PH":"11","M2":"11","M5":"11","M4":"11","M6":"11","P8":"11","P9":"11","P7":"11","M3":"11","M7":"11","P5":"11","QG":"11","PC":"11"},"X6":{"9G":"11","9M":"11","CM":"11","C9":"11","96":"11","83":"11","99":"11","93":"11","CH":"11","82":"11","CR":"11","CV":"11","CC":"11","9J":"11","CP":"11","CX":"11","9C":"11","CW":"11","9F":"11","CQ":"11","9Q":"11","9P":"11","92":"11","9R":"11","9H":"11","CF":"11","98":"11","CJ":"11","97":"11","84":"11","94":"11","95":"11","CG":"11"},"W3":{"XJ":"11","XH":"11","P8":"11"},"X3":{"3W":"11","3P":"11","3R":"11","3Q":"11","3X":"11","3J":"11","3V":"11","3M":"11","2J":"11"},"XC":{"R5":"11","R4":"11"},"X4":{"3F":"11","38":"11","48":"11","4C":"11","5V":"11","33":"11","3G":"11","32":"11","4R":"11","4P":"11","4V":"11","49":"11","5W":"11","4G":"11","3H":"11","35":"11","37":"11","5R":"11","4Q":"11","36":"11","39":"11","4H":"11","34":"11","5X":"11","4M":"11","4J":"11","3C":"11","4F":"11"},"X5":{"8M":"11","78":"11","7G":"11","7C":"11","7J":"11","68":"11","66":"11","8P":"11","8V":"11","54":"11","67":"11","52":"11","77":"11","7M":"11","9X":"11","8Q":"11","7F":"11","8J":"11","8X":"11","8H":"11","8G":"11","9W":"11","7H":"11","55":"11","8F":"11","8R":"11","8W":"11","53":"11","79":"11","56":"11"}},"W7":{"6W":{"2H":"11","3W":"11","3X":"11","2F":"11","2G":"11"},"HW":{"9X":"11"},"5W":{"V4":"11","V5":"11","V2":"11","XF":"11","R4":"11","V3":"11"},"FV":{"FX":"11","FW":"11","6J":"11","CW":"11"},"2J":{"XW":"11","XX":"11"},"7Q":{"7Q":"11","2Q":"11","QQ":"11","QP":"11"},"FW":{"V6":"11","M3":"11","P3":"11","M4":"11","P4":"11"},"2M":{"X4":"11","W8":"11","WC":"11","W6":"11","WF":"11","XH":"11","W9":"11","X3":"11","XF":"11","V8":"11","W3":"11","XG":"11","W5":"11","W4":"11","V9":"11","V6":"11","X2":"11","V7":"11","W7":"11","XC":"11"},"3P":{"M7":"11","M5":"11","WC":"11","R8":"11","Q8":"11","J4":"11","P8":"11","WF":"11","XH":"11","M6":"11","VF":"11","XG":"11","H2":"11","G3":"11","P7":"11","H4":"11","WG":"11","V9":"11","H3":"11","R9":"11","G2":"11","J5":"11","VC":"11"},"5Q":{"8M":"11","7P":"11","7G":"11","7J":"11","8P":"11","9V":"11","5G":"11","38":"3","7Q":"11","7M":"11","39":"3","2C":"3|11","8Q":"11","CX":"11","28":"3","5C":"11","FX":"11","8J":"11","CW":"11","8H":"11","6F":"11","29":"3|11","9W":"11","7H":"11","3C":"11|3","6G":"11","8R":"11","4C":"11","5F":"11","4F":"11","3F":"11"},"CR":{"6R":"11","2V":"11","6V":"11"},"PX":{"9X":"11","7W":"11","6Q":"11","5J":"11","2M":"11","6R":"11","6M":"11","8X":"11","5M":"11"},"4H":{"3F":"11","2F":"11","5V":"11","2G":"11","3G":"11","4R":"11","4P":"11","4V":"11","29":"11","5W":"11","3H":"11","3J":"11","4W":"11","5R":"11","4Q":"11","2C":"11","2H":"11","5X":"11","4M":"11","4J":"11","3C":"11","4X":"11"},"GW":{"VP":"11"},"8Q":{"2V":"11","3V":"11"},"6X":{"5C":"11","4C":"11","59":"11","6J":"11","32":"11","6H":"11","49":"11","6M":"11"},"4Q":{"H4":"11","P6":"11","R6":"11","M5":"11","V6":"11","C2":"11","G2":"11","R7":"11","X9":"11","M4":"11","Q5":"11","92":"11","Q6":"11","W8":"11","J3":"11","J5":"11","H3":"11","G3":"11","P5":"11","V7":"11","F2":"11","J4":"11"},"5R":{"G9":"11","MX":"11","G8":"11","FH":"11","F5":"11","JW":"11","JX":"11","HV":"11","F8":"11","MW":"11","F7":"11","F3":"11","F9":"11","JV":"11","GH":"11","F2":"11","GG":"11","F4":"11"},"4M":{"XR":"11","M7":"11","M8":"11","RJ":"11","J7":"11","WP":"11","WQ":"11","QH":"11","J4":"11","P8":"11","RH":"11","M6":"11","XQ":"11","PF":"11","WR":"11","P9":"11","RG":"11","PC":"11","H2":"11","G3":"11","QF":"11","H4":"11","QG":"11","H5":"11","H3":"11","M9":"11","VJ":"11","J6":"11","G2":"11","RM":"11","VP":"11","J5":"11","VM":"11"},"3M":{"7R":"11","8R":"11|3","2G":"11","9Q":"3","CV":"11","4P":"11","FW":"11","CW":"11","7Q":"11","9R":"3","6Q":"11","3H":"11","3J":"11","8Q":"3","7P":"11","GX":"11","9W":"11","8V":"11|3","9V":"11|3","5P":"11","2H":"11","4H":"11","FX":"11","6P":"11","4M":"11","4J":"11"},"9R":{"8M":"11","7M":"11","7P":"11","7J":"11","XV":"11","RR":"11","8P":"11"},"JX":{"MC":"11","XJ":"11","WG":"11","PF":"11","MF":"11","WH":"11","XH":"11"},"MX":{"FR":"11","7P":"11","6P":"11","8P":"11","RP":"11","QQ":"11","2J":"11","CR":"11","6M":"11","8Q":"11","WM":"11","GR":"11","5M":"11","XM":"11","CQ":"11","9Q":"11","RQ":"11","HR":"11","PP":"11","VJ":"11","QP":"11","MQ":"11","VP":"11","VM":"11"},"4J":{"CR":"11","CQ":"11","GX":"11","FW":"11","64":"11","9H":"11","7C":"11","8G":"11","FR":"11","78":"11","56":"11","7G":"11","7F":"11","55":"11","8H":"11","GV":"11","HX":"11","67":"11","8C":"11","9M":"11","CM":"11","9P":"11","54":"11","8J":"11","GW":"11","GR":"11","CP":"11","52":"11","66":"11","8F":"11","63":"11","65":"11","FV":"11","53":"11","9Q":"11","9J":"11","69":"11","77":"11","68":"11","79":"11"},"6Q":{"5C":"11","6F":"11","VP":"11","7G":"11","VQ":"11","WP":"11","PQ":"11","QP":"11","8H":"11","9H":"11","PP":"11","8G":"11","7H":"11","7F":"11","6C":"11"},"HX":{"C3":"11","R8":"11","Q7":"11","C2":"11","R7":"11","92":"11","F3":"11","F2":"11"},"4P":{"8W":"11","6V":"11","2G":"11","6R":"11","5J":"11","6Q":"11","7W":"11","3H":"11","3J":"11","7V":"11","9W":"11","9X":"11","8X":"11","8V":"11","5P":"11","5M":"11","6M":"11","2H":"11","CX":"11","6P":"11","4M":"11","4J":"11"},"3J":{"3J":"11","3H":"11","3M":"11","2P":"11","3G":"11","3P":"11"},"5V":{"VW":"11","VV":"11","QF":"11","RM":"11","RF":"11","RG":"11","QC":"11","RH":"11","RV":"11","M2":"11","RJ":"11"},"8R":{"WC":"11","V9":"11","XF":"11","VC":"11","WF":"11"},"3H":{"96":"11","95":"11","C2":"11","C3":"11","C4":"11"}},"J5":{"WP":{"2W":"11","2Q":"11","2R":"11","3W":"11","3X":"11","2V":"11","3V":"11"},"VP":{"W9":"11","WF":"11","XQ":"11","WH":"11","WG":"11","WM":"11","XP":"11","WC":"11","XM":"11","WJ":"11"},"WR":{"P6":"11","M5":"11","WC":"11","R8":"11","Q7":"11","J4":"11","W9":"11","M4":"11","XF":"11","V8":"11","P5":"11","Q6":"11","H2":"11","J3":"11","V9":"11","H3":"11","R7":"11","G2":"11","XC":"11"},"77":{"6Q":"11","3J":"11","2H":"11","2J":"11","2G":"11"},"78":{"RH":"11","VH":"11","VJ":"11","RJ":"11"},"XV":{"W2":"11","W3":"11","V2":"11","Q2":"11","X3":"11","R2":"11","V3":"11"},"WQ":{"8M":"11","44":"11","9M":"11","GX":"11","7G":"11","6C":"11","FV":"11","32":"11","FW":"11","CR":"11","CV":"11","58":"11","43":"11","GW":"11","57":"11","59":"11","46":"11","33":"11","7F":"11","8J":"11","8H":"11","CQ":"11","9Q":"11","9P":"11","6F":"11","7H":"11","69":"11","HX":"11","45":"11","56":"11"},"67":{"XH":"11","XG":"11"},"XR":{"MX":"11","2F":"11","2G":"11","9Q":"11","6J":"11","3G":"11","QX":"11","JW":"11","5J":"11","7M":"11","CQ":"11","HV":"11","FR":"11","CR":"11","MW":"11","FV":"11","3H":"11","8Q":"11","7P":"11","GV":"11","8P":"11","5H":"11","PX":"11","HW":"11","6M":"11","4H":"11","4J":"11"}},"G4":{"VW":{"44":"11","F8":"11","66":"11","C9":"11","54":"11","32":"11","77":"11","34":"11","22":"11","43":"11","87":"11","C8":"11","65":"11","33":"11","88":"11","76":"11","G9":"11","HC":"11","H9":"11","55":"11","98":"11","F9":"11","45":"11","97":"11","JC":"11"},"VV":{"2X":"11"},"XX":{"CV":"11","CR":"11","FR":"11"},"RV":{"XW":"11","XX":"11"},"QX":{"G4":"11","G3":"11","C3":"11","F4":"11","C4":"11"},"WX":{"PP":"11"}},"35":{"7R":{"9X":"11","QH":"11","QJ":"11"},"2W":{"WX":"11","XW":"11","XX":"11","WW":"11","QR":"11","VV":"11","VW":"11","RV":"11","RR":"11","VX":"11"},"VP":{"2H":"11","2J":"11","2G":"11"},"VQ":{"2Q":"11","2P":"11"},"RP":{"VQ":"11","QR":"11","WP":"11","XJ":"11","XH":"11","WQ":"11","QW":"11","WM":"11","QV":"11","VR":"11","XG":"11","XM":"11","RR":"11"},"4R":{"H4":"11","P6":"11","M5":"11","G2":"11","M6":"11","P8":"11","J3":"11","Q8":"11","H2":"11","J5":"11","P7":"11","Q9":"11","H3":"11","M7":"11","J4":"11"},"6R":{"VP":"11","VJ":"11","VM":"11"},"2X":{"MX":"11","Q9":"11","MC":"11","JJ":"11","MV":"11","M9":"11","MF":"11","MW":"11","JH":"11","P9":"11","JF":"11","JG":"11","MR":"11"},"3X":{"FP":"11","HX":"11","FQ":"11","GW":"11","GR":"11","HV":"11","GV":"11","GQ":"11","HW":"11","CM":"11","CP":"11"},"7H":{"Q3":"11","Q4":"11","Q7":"11","Q5":"11","Q6":"11","P8":"11","P9":"11","Q8":"11","Q2":"11","PC":"11"},"7V":{"92":"11"},"VR":{"GH":"11","FH":"11","96":"11","C7":"11","CF":"11","C6":"11","95":"11","CG":"11","CC":"11","C8":"11","FG":"11","C9":"11"},"RQ":{"XQ":"11"},"7P":{"7P":"11","6P":"11","5M":"11","5P":"11"},"GQ":{"MJ":"11"},"8V":{"PV":"11","PR":"11","PW":"11"},"4Q":{"GW":"11","FW":"11","GX":"11","FV":"11"},"7J":{"W3":"11"},"6P":{"PF":"11","MF":"11"}},"P7":{"W5":{"5C":"11","4C":"11","6C":"11"}},"37":{"P5":{"JC":"11","J9":"11","HC":"11","MF":"11","H9":"11","JF":"11"}},"XG":{"R5":{"48":"11","37":"11","49":"11","27":"11","38":"11","59":"11","26":"11"},"P2":{"2R":"11","2W":"11","3W":"11","3X":"11","2V":"11","3V":"11","4X":"11"},"Q4":{"QX":"11","58":"11","CH":"11","9H":"11","7C":"11","8G":"11","25":"11","HP":"11","MR":"11","36":"11","FM":"11","JQ":"11","35":"11","HQ":"11","PV":"11","8C":"11","9G":"11","GM":"11","57":"11","8F":"11","RX":"11","MV":"11","QW":"11","FJ":"11","47":"11","9F":"11","34":"11","CJ":"11","24":"11","PW":"11","37":"11","JR":"11","46":"11","69":"11","23":"11","68":"11","79":"11","GP":"11"},"P3":{"85":"11","VX":"11","97":"11","64":"11","PQ":"11","C7":"11","QQ":"11","42":"11","PR":"11","HH":"11","RW":"11","RV":"11","86":"11","QV":"11","WX":"11","75":"11","QR":"11","RR":"11","MM":"11","PV":"11","VW":"11","PM":"11","98":"11","HF":"11","96":"11","F9":"11","JH":"11","52":"11","PP":"11","63":"11","65":"11","C8":"11","MP":"11","MJ":"11","GC":"11","53":"11","C9":"11","GF":"11","VV":"11","74":"11","JJ":"11","HG":"11","FC":"11"},"Q5":{"V3":"11","V4":"11","V2":"11","X6":"11","W3":"11","R2":"11","W4":"11","R3":"11","W5":"11","X5":"11"},"M2":{"VP":"11","XQ":"11","XR":"11","WP":"11","WQ":"11","46":"11","57":"11","25":"11","24":"11","56":"11"},"P4":{"W2":"11","X2":"11","X4":"11","X3":"11"}},"45":{"P6":{"9Q":"11","4P":"11","2M":"11","9R":"11","CR":"11","8Q":"11","7P":"11","8P":"11","5P":"11","3M":"11","6P":"11","4M":"11"},"X7":{"V6":"11","R5":"11","M5":"11","Q6":"11","P5":"11","R6":"11","P6":"11","Q5":"11"},"H6":{"MJ":"11","RM":"11","PJ":"11","FP":"11","QJ":"11","FQ":"11","JJ":"11","VJ":"11","HJ":"11","GJ":"11","XJ":"11","RJ":"11","FM":"11","FR":"11","QM":"11","WM":"11","GM":"11","XM":"11","HM":"11","VM":"11","WJ":"11"},"H8":{"52":"11","43":"11","53":"11"},"R6":{"3C":"11","2C":"11","29":"11","3F":"11"},"97":{"9C":"3","Q3":"11","P3":"11","7C":"3","J5":"3|11","5C":"3|11","M8":"3","59":"3|11","P5":"3","R2":"11","7F":"3","H7":"3|11","M3":"11","49":"11","Q2":"11","M6":"3|11","G8":"3|11","J6":"3|11","P2":"11","89":"3|11","J3":"11","8C":"3","4F":"3","6C":"3","F9":"3|11","P7":"3","M7":"3","P6":"3","8F":"3","J4":"3|11","M4":"3|11","C8":"11","CC":"3","F8":"3|11","5F":"3","J7":"3|11","6F":"3","G7":"11","GC":"3","C9":"3|11","99":"3|11","H8":"3|11","H9":"3","M5":"3|11","J9":"3","69":"3|11","P4":"3","FC":"3","J8":"3","79":"3|11","4C":"3|11","G9":"3"},"Q6":{"J8":"11","M7":"11","M8":"11","68":"11","J7":"11","66":"11","WC":"11","R8":"11","96":"11","Q8":"11","H7":"11","75":"11","F6":"11","47":"11","P8":"11","W9":"11","58":"11","C5":"11","V8":"11","57":"11","C6":"11","65":"11","46":"11","76":"11","X9":"11","P7":"11","G7":"11","55":"11","V9":"11","Q9":"11","R9":"11","85":"11","95":"11","G6":"11","H6":"11","XC":"11","56":"11"},"M6":{"F8":"11","RJ":"11","78":"11","G8":"11","JF":"11","MF":"11","PH":"11","2C":"11","WM":"11","PF":"11","C8":"11","5C":"11","XM":"11","59":"11","2G":"11","88":"11","MG":"11","3G":"11","G9":"11","HC":"11","PJ":"11","3C":"11","PG":"11","H9":"11","98":"11","69":"11","VJ":"11","JC":"11","4C":"11","WJ":"11","79":"11","QJ":"11","2F":"11","MH":"11","VM":"11","3F":"11"},"3X":{"6J":"11"},"96":{"RW":"11","XQ":"11","XR":"11","VV":"11","WP":"11","RX":"11","WQ":"11","VR":"11","XP":"11","RV":"11","WR":"11"},"W6":{"MX":"11","HX":"11","GW":"11","FW":"11","JX":"11","CW":"11","9W":"11","PX":"11","HW":"11"},"W7":{"P2":"11","V3":"11","W3":"11","R2":"11","Q2":"11","R3":"11","X3":"11","X4":"11"},"H7":{"93":"11","C7":"11","C6":"11","94":"11","C2":"11","F7":"11","C5":"11","C4":"11","92":"11","F6":"11"},"J6":{"QH":"11","VF":"11","WF":"11","PH":"11","8M":"11","RG":"11","JJ":"11","RF":"11","HJ":"11","GJ":"11","JH":"11","WG":"11","VG":"11","7M":"11","2M":"11","9M":"11","3J":"11","XG":"11","CJ":"11","MH":"11","XC":"11","3M":"11","CM":"11","5M":"11","XF":"11","QG":"11","6M":"11","2J":"11","4M":"11","9J":"11","FJ":"11"},"C6":{"J9":"11","R8":"11","R9":"11","X7":"11","3P":"11","2P":"11","2M":"11","P9":"11","W8":"11","V8":"11","Q8":"11","M9":"11","3J":"11","W7":"11","Q9":"11","H9":"11","3M":"11"},"F6":{"27":"11","26":"11"}},"3V":{"WX":{"Q4":"11","P5":"11"}},"WC":{"FJ":{"9X":"11","FX":"11","CX":"11","CW":"11"},"7F":{"W9":"11"}},"86":{"MC":{"33":"11","23":"11"}},"H5":{"42":{"2W":"11","2Q":"11","2R":"11","3W":"11","3X":"11","2V":"11"},"43":{"44":"11","33":"11","42":"11","54":"11","55":"11","43":"11","32":"11"},"22":{"M5":"11","M6":"11","M3":"11","J3":"11","M4":"11","J4":"11","H2":"11","H3":"11","G2":"11","M2":"11"},"32":{"WP":"11","WM":"11","JJ":"11","RM":"11","PM":"11","JM":"11","XQ":"11","QM":"11","VM":"11","XP":"11","MM":"11","MJ":"11"}},"85":{"CG":{"WP":"11","VP":"11","RP":"11","WM":"11","RM":"11"},"5F":{"5Q":"11","JQ":"11","9Q":"11","QQ":"11","FQ":"11","2Q":"11","HQ":"11","MQ":"11","PQ":"11","3Q":"11","CQ":"11","7Q":"11","6Q":"11","8Q":"11","RQ":"11","GQ":"11","4Q":"11"},"2F":{"7R":"11","5Q":"11","8R":"11","2Q":"11","4R":"11","XR":"11","6R":"11","3R":"11","3Q":"11","6Q":"11","5R":"11","4Q":"11"},"4F":{"7R":"11","2R":"11","8R":"11","JQ":"11","9Q":"11","QQ":"11","FQ":"11","XQ":"11","VQ":"11","HQ":"11","4R":"11","MQ":"11","PQ":"11","6R":"11","3R":"11","WQ":"11","CQ":"11","7Q":"11","6Q":"11","8Q":"11","RQ":"11","5R":"11","GQ":"11"},"FG":{"5Q":"11","8R":"11","9Q":"11","3P":"11","2P":"11","4P":"11","GR":"11","CQ":"11","FR":"11","7Q":"11","2M":"11","CR":"11","9R":"11","6Q":"11","3J":"11","8Q":"11","7P":"11","5P":"11","3M":"11","5M":"11","6P":"11","2J":"11","4M":"11"},"3F":{"7R":"11","2R":"11","PR":"11","HR":"11","8R":"11","QR":"11","JR":"11","4R":"11","XR":"11","6R":"11","3R":"11","MR":"11","GR":"11","FR":"11","CR":"11","9R":"11","VR":"11","5R":"11","RR":"11","WR":"11"}},"36":{"4X":{"JG":"11"},"44":{"J2":"11","P2":"11","H2":"11","G2":"11","M2":"11"},"F8":{"WC":"11","XV":"11","W9":"11","W8":"11","WF":"11","XR":"11"},"GC":{"3V":"11","3Q":"11","3R":"11"},"G8":{"2R":"11"},"P2":{"MX":"11"},"P3":{"P2":"11"},"54":{"XW":"11","WX":"11","XX":"11","WW":"11","VF":"11","WF":"11","VP":"11","WH":"11","RG":"11","VQ":"11","VJ":"11","RF":"11","VG":"11","X9":"11","WQ":"11","VR":"11","VH":"11","XC":"11","WV":"11","VM":"11","WR":"11"},"75":{"XC":"11","MG":"11","JG":"11"},"HG":{"4J":"11","4H":"11","4G":"11"},"34":{"C8":"11","G9":"11","48":"11","59":"11","78":"11","88":"11","G8":"11","27":"11","49":"11","26":"11","47":"11","37":"11","F9":"11","69":"11","68":"11","36":"11","C9":"11","98":"11"},"22":{"QW":"11","RX":"11","M7":"11","P6":"11","QV":"11","M5":"11","QR":"11","QQ":"11","PM":"11","PH":"11","P8":"11","M6":"11","M4":"11","PF":"11","M2":"11","P9":"11","PC":"11","P7":"11","PJ":"11","PP":"11","PG":"11","RW":"11","RV":"11","VX":"11","QP":"11","WX":"11","M3":"11"},"43":{"PX":"11"},"39":{"2R":"11","48":"11","4C":"11","2Q":"11","3R":"11","49":"11","46":"11","4G":"11","35":"11","47":"11","24":"11","45":"11","4H":"11","34":"11","4J":"11","4F":"11"},"23":{"XR":"11","X7":"11","XJ":"11","W8":"11","W2":"11","W6":"11","XH":"11","W9":"11","XP":"11","XQ":"11","XF":"11","W3":"11","XM":"11","V2":"11","XG":"11","W5":"11","R2":"11","W4":"11","XW":"11","X9":"11","X8":"11","XX":"11","XV":"11","X2":"11","W7":"11","XC":"11"},"28":{"3J":"11","4J":"11","2J":"11","2F":"11","3G":"11","2G":"11","4G":"11"},"65":{"37":"11","F8":"11","78":"11","68":"11","C9":"11","99":"11","38":"11","36":"11","26":"11","58":"11","25":"11","48":"11","89":"11","F9":"11","24":"11","27":"11","79":"11"},"33":{"2W":"11","2Q":"11","2M":"11","2X":"11","2R":"11","2V":"11","2P":"11"},"64":{"34":"11","35":"11","33":"11","24":"11","36":"11","25":"11","43":"11","26":"11"},"76":{"8W":"11","8V":"11","7W":"11","4W":"11","5W":"11","6W":"11"},"4M":{"JP":"11","PV":"11","JQ":"11","PW":"11","JF":"11","HG":"11","JH":"11","MQ":"11","MR":"11","QW":"11","JM":"11","MV":"11","MF":"11","JG":"11","HH":"11"},"G9":{"F9":"11","FC":"11","G9":"11","GC":"11","CP":"11"},"29":{"V4":"11","R4":"11","X4":"11","JF":"11","WP":"11","H7":"11","RP":"11","J9":"11","WQ":"11","Q4":"11","MF":"11","PH":"11","J4":"11","M4":"11","XQ":"11","QM":"11","J3":"11","MG":"11","W4":"11","JG":"11","G7":"11","HC":"11","PJ":"11","P4":"11","H9":"11","H8":"11","H5":"11","JC":"11","G6":"11","H6":"11","RM":"11","VP":"11","QJ":"11","MH":"11","J5":"11"},"55":{"X2":"11","X4":"11","X3":"11"},"85":{"34":"11","2Q":"11","2R":"11","35":"11","3W":"11","45":"11","2V":"11","2P":"11","2C":"11","3V":"11"},"24":{"X2":"11","X4":"11","W5":"11","X3":"11","W6":"11","W4":"11"}},"95":{"XX":{"5H":"11","9G":"11","7J":"11","W8":"11","GH":"11","R8":"11","FH":"11","CH":"11","PH":"11","4H":"11","HJ":"11","W9":"11","V8":"11","PF":"11","8J":"11","2G":"11","8H":"11","6H":"11","JJ":"11","GJ":"11","X9":"11","3G":"11","4G":"11","X8":"11","PJ":"11","7H":"11","9H":"11","V9":"11","FJ":"11","R7":"11","3H":"11","MJ":"11","MH":"11"},"WX":{"MC":"11","JC":"11","J9":"11","RF":"11","QC":"11","RC":"11","XF":"11","VC":"11","PC":"11","VF":"11","XG":"11","WF":"11"}},"XF":{"5H":{"4X":"11"},"5J":{"85":"11","QJ":"11","MF":"11","WP":"11","64":"11","42":"11","PF":"11","XP":"11","VM":"11","C6":"11","MG":"11","86":"11","PH":"11","WQ":"11","G8":"11","75":"11","VJ":"11","F7":"11","QG":"11","54":"11","RH":"11","96":"11","PG":"11","43":"11","RM":"11","95":"11","52":"11","63":"11","XR":"11","QH":"11","65":"11","RJ":"11","F8":"11","XQ":"11","G7":"11","53":"11","JC":"11","H8":"11","H9":"11","74":"11","J9":"11","MC":"11"},"7P":{"42":"11","52":"11","53":"11"},"HW":{"8W":"11","9W":"11","9X":"11","2Q":"11","2R":"11","CX":"11","CW":"11","2V":"11","3V":"11","4V":"11","3R":"11"},"FV":{"2Q":"11","5R":"11","4R":"11","6R":"11","7V":"11","2P":"11","6V":"11","3Q":"11","4Q":"11","3R":"11"},"FW":{"W9":"11","R6":"11","X9":"11","W8":"11","V8":"11","V7":"11","XC":"11"},"CV":{"QH":"11","PF":"11","J9":"11","PG":"11","C5":"11","JC":"11","H8":"11","VJ":"11","G8":"11","WP":"11","F5":"11","RJ":"11","F7":"11","WM":"11","H7":"11","G6":"11","H9":"11","XP":"11","XM":"11","MF":"11","C6":"11","QG":"11","RH":"11","J8":"11","F6":"11","VM":"11","G7":"11","WJ":"11","MC":"11"},"4H":{"MJ":"11","WW":"11","QQ":"11","JJ":"11","QR":"11","VV":"11","27":"11","QP":"11","VW":"11","PM":"11","PP":"11","26":"11","MM":"11","VR":"11","RQ":"11","RV":"11","RR":"11"},"6M":{"RJ":"11","96":"11","F6":"11","J9":"11","52":"11","QH":"11","73":"11","C6":"11","PF":"11","PC":"11","G7":"11","QG":"11","PG":"11","H9":"11","63":"11","H8":"11","85":"11","F7":"11","JC":"11","95":"11","62":"11","MC":"11","QJ":"11"},"7M":{"2W":"11","3X":"11","2V":"11","4X":"11"},"GW":{"MJ":"11","PJ":"11","3F":"11","2F":"11","8J":"11","7G":"11","RP":"11","QP":"11","PM":"11","8H":"11","QM":"11","MM":"11","7H":"11","MH":"11","2C":"11"},"2C":{"2W":"11","2X":"11"},"2G":{"X5":"11","X6":"11"},"3G":{"7G":"11","8J":"11","28":"11","8G":"11","6G":"11","27":"11","QX":"11","8H":"11","38":"11","7H":"11","6F":"11","7F":"11","6C":"11","26":"11"},"6J":{"6X":"11","2Q":"11","2R":"11","3W":"11","4W":"11","5X":"11","2V":"11","5W":"11","3V":"11","4V":"11","3R":"11"},"9R":{"C8":"11","QH":"11","G9":"11","66":"11","87":"11","PG":"11","PH":"11","HC":"11","JC":"11","JF":"11","MG":"11","77":"11","65":"11","G8":"11","97":"11","F8":"11","75":"11","76":"11","96":"11","C7":"11","H9":"11","86":"11","MF":"11","85":"11","QG":"11"},"JX":{"MV":"11","MR":"11"},"HX":{"V6":"11","V8":"11","Q6":"11","V7":"11","G3":"11","R7":"11","R6":"11","Q7":"11","H2":"11","H3":"11","G2":"11","W8":"11"},"3H":{"V6":"11","V4":"11","V5":"11","X6":"11","Q2":"11","W5":"11","R2":"11","W6":"11"},"2F":{"57":"11","34":"11","GP":"11","HQ":"11","9G":"11","JR":"11","8F":"11","9H":"11","FM":"11","JV":"11","44":"11","CG":"11","68":"11","33":"11","8C":"11","GM":"11","FJ":"11","HR":"11","56":"11","CH":"11","78":"11","45":"11","79":"11","GQ":"11","7C":"11","55":"11","43":"11","22":"11","CJ":"11","32":"11","9F":"11","67":"11"}},"W5":{"9C":{"X5":"11","X7":"11","X6":"11","X4":"11"},"93":{"6R":"11","7V":"11","7R":"11","6V":"11"},"97":{"MX":"11","G4":"11","C2":"11","HG":"11","H5":"11","GG":"11","G9":"11"},"4G":{"5G":"11","2F":"11","3G":"11","5J":"11","CQ":"11","4G":"11","5H":"11","CP":"11"},"CF":{"C5":"11","8J":"11","9Q":"11","CV":"11","GW":"11","FW":"11","CQ":"11","8H":"11","9H":"11","CR":"11","9P":"11","93":"11","FV":"11","9M":"11","GX":"11","86":"11","85":"11","95":"11","83":"11","9J":"11"},"HP":{"9W":"11","93":"11","CF":"11","C6":"11","95":"11","CG":"11","CX":"11","94":"11","CW":"11","CC":"11","C5":"11","C4":"11","92":"11"},"HM":{"48":"11","68":"11","CM":"11","CQ":"11","78":"11","79":"11","89":"11","43":"11","58":"11","CP":"11"},"36":{"XW":"11","XX":"11","XV":"11","WX":"11"},"83":{"VJ":"11"},"55":{"JP":"11","VF":"11","WF":"11","JQ":"11","PH":"11","RG":"11","HQ":"11","CV":"11","HP":"11","FV":"11","JM":"11","GQ":"11","XC":"11","QG":"11","4X":"11"},"27":{"XQ":"11","VQ":"11","XJ":"11","CV":"11","GW":"11","FW":"11","XH":"11","WQ":"11","CW":"11","HV":"11","FV":"11","VR":"11","RQ":"11","GV":"11","XP":"11","XM":"11","RR":"11","HW":"11"},"GV":{"M8":"11","VF":"11","WF":"11","VC":"11","M6":"11","P8":"11","P9":"11","M9":"11","J6":"11","M7":"11","WC":"11","PC":"11","J7":"11","MC":"11"},"75":{"C2":"11","F2":"11"},"3G":{"XC":"11","V8":"11","X9":"11","V7":"11"},"3F":{"8R":"11","CV":"11","GW":"11","7M":"11","29":"11","7Q":"11","FV":"11","8Q":"11","7P":"11","GX":"11","8P":"11","5H":"11","9V":"11","2C":"11","6M":"11"},"HQ":{"9W":"11","8J":"11","8G":"11","CW":"11","9J":"11","8H":"11","9V":"11"},"FP":{"3W":"11"},"9M":{"X7":"11","XH":"11"},"CM":{"3J":"11","2H":"11","2J":"11","3M":"11","2F":"11","29":"11","2G":"11"},"98":{"WX":"11"},"4H":{"V6":"11","V7":"11","P4":"11"},"8J":{"JP":"11","RM":"11","FP":"11","JQ":"11","FQ":"11","HQ":"11","MQ":"11","HP":"11","QP":"11","CQ":"11","RJ":"11","PM":"11","GP":"11","PP":"11","QM":"11","GQ":"11","MP":"11","2J":"11","WJ":"11"},"5H":{"MC":"11","39":"11","QF":"11","RF":"11","QC":"11","VH":"11","38":"11","79":"11","PC":"11","29":"11","VG":"11"},"96":{"G8":"11","FH":"11","G2":"11","F5":"11","FF":"11","CW":"11","F8":"11","FC":"11","G6":"11","F9":"11","CJ":"11","G3":"11","CX":"11","CH":"11","G7":"11","F4":"11"},"GR":{"5C":"11","6F":"11","8J":"11","59":"11","7G":"11","FW":"11","CW":"11","9P":"11","46":"11","FV":"11","8G":"11","9M":"11","57":"11","7F":"11","47":"11","69":"11","68":"11","56":"11","FX":"11","58":"11","9J":"11","6C":"11"},"95":{"GR":"11","GW":"11","GV":"11","JM":"11","GX":"11","HM":"11","JP":"11","HP":"11"},"28":{"5Q":"11","4R":"11","4V":"11","4W":"11","5R":"11","5P":"11","5X":"11"},"CP":{"G5":"11"},"29":{"9F":"11","FQ":"11","CQ":"11","FR":"11","9H":"11","9G":"11","GV":"11","CM":"11","56":"11","58":"11"},"FG":{"7V":"11"},"65":{"48":"11","P4":"11","M5":"11","77":"11","X6":"11","76":"11","J5":"11","47":"11","H5":"11","W5":"11","2C":"11","X5":"11"},"7J":{"M8":"11","C8":"11","VF":"11","RC":"11","RF":"11","G8":"11","WG":"11","VG":"11","P8":"11","P9":"11","F8":"11","QC":"11","J8":"11"},"94":{"99":"11","FH":"11","GR":"11","9G":"11","FJ":"11","CH":"11","9C":"11","GQ":"11"},"CC":{"7Q":"11","9X":"11","6Q":"11","28":"11","6P":"11","3H":"11","6R":"11","7R":"11","3G":"11","29":"11","3F":"11"},"2C":{"HW":"11","JF":"11","H7":"11","J9":"11","JW":"11","HP":"11","JV":"11","H2":"11","JJ":"11","JP":"11","JG":"11","JH":"11","H4":"11","JQ":"11","H9":"11","JX":"11","HQ":"11","H3":"11","HX":"11","MQ":"11","MR":"11","H6":"11","JR":"11"},"FQ":{"P7":"11"},"2F":{"R5":"11","P4":"11","X8":"11","Q4":"11","M5":"11","V6":"11","X9":"11","M4":"11","Q5":"11","W8":"11","V8":"11","V5":"11","P5":"11","XC":"11","V7":"11","R4":"11"},"99":{"VX":"11","VW":"11","V6":"11","W2":"11","WX":"11"},"9J":{"9P":"11","7P":"11","HQ":"11","JR":"11","5J":"11","3J":"11","4J":"11","CQ":"11","9Q":"11","2J":"11","HR":"11","FQ":"11","6M":"11","5M":"11","8P":"11"},"74":{"PQ":"11","FX":"11","QQ":"11","QP":"11"},"37":{"F8":"11","M7":"11","78":"11","R4":"11","P6":"11","68":"11","J7":"11","C9":"11","3W":"11","FF":"11","H7":"11","99":"11","38":"11","2J":"11","67":"11","47":"11","2M":"11","2H":"11","39":"11","2C":"11","57":"11","C8":"11","R5":"11","V2":"11","2G":"11","88":"11","Q6":"11","89":"11","3G":"11","P7":"11","R3":"11","29":"11","2W":"11","3C":"11","H8":"11","CF":"11","98":"11","F9":"11","V3":"11","2F":"11","3F":"11"},"46":{"CC":"11","2R":"11","G9":"11","5Q":"11","9F":"11","4R":"11","G8":"11","CF":"11","7H":"11","2V":"11","9G":"11","M7":"11","H9":"11","7J":"11","5P":"11","6P":"11"},"GH":{"2G":"11"},"FH":{"Q9":"11","QC":"11","XF":"11","M7":"11","M8":"11","XG":"11","P9":"11","P8":"11"},"HR":{"C4":"11","PV":"11","C5":"11","PW":"11","QR":"11","G8":"11","F5":"11","QW":"11","QV":"11","G6":"11","H9":"11","PX":"11","G7":"11","F4":"11"},"GJ":{"Q3":"11"},"HV":{"J8":"11","H8":"11","H7":"11","6F":"11","7F":"11"},"6H":{"8M":"11","9P":"11","8J":"11","9M":"11","CQ":"11","CP":"11","WX":"11"}},"56":{"FF":{"37":"11"}},"4H":{"HX":{"F2":"3"}},"58":{"3C":{"5X":"11","5W":"11"},"69":{"QW":"11","FR":"11","6W":"11","GX":"11","QV":"11","HW":"11","QR":"11","9V":"11","FV":"11","GV":"11","FW":"11","7W":"11","JW":"11","3V":"11","4W":"11","9X":"11","CX":"11","6X":"11","GR":"11","MW":"11","FX":"11","CW":"11","PR":"11","2V":"11","JV":"11","HV":"11","MV":"11","2W":"11","9W":"11","4V":"11","JX":"11","7X":"11","2R":"11","MX":"11","HX":"11","JR":"11"},"2P":{"G4":"11","5H":"11","F4":"11","G5":"11","F6":"11"},"2F":{"3W":"11","5V":"11","6R":"11","4V":"11","2X":"11","3X":"11","4W":"11","7P":"11","5R":"11"},"59":{"XW":"11","6V":"11","5V":"11","8R":"11","VQ":"11","4R":"11","MQ":"11","PQ":"11","6R":"11","5W":"11","7Q":"11","3X":"11","MW":"11","7V":"11","8Q":"11","RQ":"11","MV":"11","5R":"11","JV":"11"},"6C":{"C3":"11","62":"11","42":"11","33":"11","32":"11","C2":"11","73":"11","G2":"11","92":"11","93":"11","74":"11","43":"11","52":"11","72":"11","F2":"11","83":"11","53":"11"}},"4J":{"H2":{"6C":"11"},"PJ":{"Q7":"11","P7":"11"}}}}