{"index":{"university,1|retail,2|tourism,3|wreck,4|historical,5|artsCulture,6|namedBuilding,7|water,8|wetland,9|park,10|beach,11|natureReserve,12|cemetery,13|trail,14":{}},"7J":{"8Q":{"5J":{"37":"11"}},"P8":{"RW":{"V4":"11","R4":"11","JF":"11","9V":"11","8V":"11","Q8":"11","Q7":"11","W2":"11","MF":"11","CR":"11","P8":"11","HG":"11","HJ":"11","GM":"11","CP":"11","FM":"11","R6":"11","R5":"11","P9":"11","V2":"11","PC":"11","Q6":"11","CQ":"11","9Q":"11","FP":"11","GJ":"11","JG":"11","JH":"11","9R":"11","M9":"11","8W":"11","HH":"11","MC":"11","V3":"11"},"RM":{"P4":"11","H6":"11","R6":"11","M5":"11","JR":"11","V6":"11","M4":"11","Q5":"11","Q6":"11","W6":"11","J5":"11","H7":"11","J6":"11","JV":"11","W5":"11","X5":"11"},"VP":{"2W":"11","2X":"11","F5":"11","3X":"11"},"XQ":{"HR":"11"},"VQ":{"23":"11","33":"11","32":"11","27":"11","26":"11","25":"11","24":"11","22":"11"},"RP":{"XR":"11","RJ":"11","WP":"11","WQ":"11","J2":"11","QC":"11","RH":"11","M2":"11","WR":"11","VQ":"11","XW":"11","QF":"11","QG":"11","PG":"11","XV":"11","RM":"11","VP":"11","QJ":"11","VM":"11"},"VV":{"2P":"11","68":"11","66":"11","2J":"11","67":"11","2M":"11","4H":"11","58":"11","74":"11","73":"11","57":"11","65":"11","5C":"11","59":"11","64":"11","3G":"11","4G":"11","3M":"11","63":"11","72":"11","3J":"11","4C":"11","3H":"11","2Q":"11","62":"11","5F":"11","4F":"11","56":"11"},"QX":{"VF":"11","W9":"11","WF":"11","X7":"11","X8":"11","RG":"11","VG":"11","X9":"11","WC":"11","XC":"11"},"RX":{"44":"11","35":"11","36":"11","27":"11","45":"11","26":"11"},"QW":{"6P":"11"},"WM":{"2R":"11","5Q":"11","8M":"11","2Q":"11","JJ":"11","HJ":"11","JH":"11","7M":"11","3Q":"11","7P":"11","MH":"11","4Q":"11","5P":"11","HH":"11","6P":"11"},"VR":{"6W":"11","6V":"11","6R":"11","7X":"11","5J":"11","6Q":"11","7W":"11","3J":"11","7V":"11","6X":"11","5P":"11","5M":"11","6M":"11","6P":"11","4M":"11","4J":"11"},"RQ":{"VF":"11","W9":"11","X7":"11","X8":"11","RG":"11","RF":"11","VC":"11","VG":"11","X9":"11","X6":"11","W8":"11","VH":"11","WC":"11","WV":"11"},"RV":{"VX":"11","VW":"11","WR":"11","XQ":"11","WV":"11","XV":"11","XP":"11","WW":"11","XR":"11","WX":"11"},"RR":{"R5":"11","VF":"11","WF":"11","R8":"11","R9":"11","RC":"11","R6":"11","Q7":"11","RF":"11","V6":"11","R7":"11","VC":"11","Q6":"11","QF":"11","Q8":"11","Q9":"11","V7":"11","QC":"11"},"VM":{"PR":"11","HR":"11","PV":"11","JQ":"11","QR":"11","JR":"11","HQ":"11","XR":"11","QV":"11","VR":"11","MV":"11","25":"11","JV":"11","RR":"11","67":"11","WR":"11"}},"FX":{"XC":{"XC":"11","X9":"11"}},"JW":{"H4":{"HX":"11","GW":"11","GX":"11"}},"Q4":{"48":{"MH":"11","9H":"11","HG":"11"},"6F":{"C6":"11","C2":"11","C3":"11","C5":"11","C4":"11"},"59":{"R4":"11","Q5":"11","V5":"11","W8":"11","P3":"11","R8":"11","Q7":"11","J2":"11","W6":"11","Q4":"11","M4":"11","V8":"11","R6":"11","P5":"11","M2":"11","R5":"11","Q6":"11","H2":"11","J3":"11","P4":"11","R7":"11","V6":"11","V7":"11","W7":"11","M3":"11"},"43":{"8M":"11","7M":"11"},"58":{"8M":"11","FR":"11","7P":"11","GX":"11","HW":"11","6P":"11","8P":"11","9V":"11","FV":"11","GV":"11","7Q":"11","FW":"11","CR":"11","CV":"11","6M":"11","7M":"11","GW":"11","5P":"11","8Q":"11","GR":"11","5M":"11","CQ":"11","9Q":"11","9P":"11","FQ":"11","9R":"11","JX":"11","HX":"11","8R":"11"},"6C":{"9Q":"11","CW":"11","9R":"11","9P":"11","9M":"11","9W":"11","9V":"11","CX":"11"}},"HJ":{"M7":{"5G":"11","5F":"11","6G":"11","6F":"11"},"2P":{"PF":"11","8J":"11","JF":"11","HG":"11","6J":"11","FH":"11","5J":"11","8H":"11","2M":"11","9H":"11","MF":"11","7J":"11","3M":"11","JG":"11","5M":"11","FG":"11","CH":"11","GG":"11","4M":"11","9J":"11"},"P4":{"QF":"11","RF":"11"}},"RR":{"29":{"GR":"11"},"FP":{"9G":"11"}},"HX":{"V9":{"JH":"11"},"F4":{"PG":"11"},"R8":{"G9":"11"},"P9":{"F3":"11"}},"Q6":{"8R":{"C4":"11","C3":"11","GJ":"11","FH":"11","F5":"11","FF":"11","GP":"11","FM":"11","F8":"11","FC":"11","F7":"11","F3":"11","F9":"11","GM":"11","GQ":"11","FG":"11","F6":"11","F4":"11","FJ":"11"},"78":{"8W":"11","8V":"11","7X":"11","8X":"11"},"6J":{"48":"11","69":"11","49":"11","79":"11","59":"11"},"8Q":{"CM":"11","C9":"11","96":"11","99":"11","93":"11","CH":"11","FW":"11","CR":"11","CV":"11","CC":"11","CP":"11","CX":"11","C8":"11","FX":"11","CW":"11","CQ":"11","92":"11","CF":"11","98":"11","CJ":"11","97":"11","94":"11","95":"11","CG":"11"},"8P":{"8W":"11","8J":"11","8R":"11","8M":"11","7G":"11","7C":"11","7H":"11","8Q":"11","7F":"11","9W":"11","69":"11","8P":"11","68":"11","9X":"11","8V":"11","7J":"11","67":"11","79":"11"},"8X":{"CC":"11","CV":"11","CF":"11","FF":"11","CQ":"11","CW":"11","CR":"11","FC":"11","F9":"11","CG":"11","CJ":"11","CM":"11","CX":"11","CH":"11","CP":"11"},"8V":{"GH":"11","GJ":"11","GM":"11","GG":"11","GF":"11"},"5M":{"WJ":"11","XJ":"11","XM":"11"},"6M":{"2M":"11"},"79":{"66":"11","48":"11","64":"11","65":"11","73":"11","55":"11","49":"11","82":"11","74":"11","63":"11","72":"11","57":"11","56":"11","58":"11"}},"JQ":{"5H":{"9H":"3","CH":"3","9J":"3","CJ":"3"},"MW":{"XF":"11"},"JQ":{"PX":"11"}},"HG":{"3J":{"CF":"11","CC":"11"},"5H":{"2X":"11"}},"7W":{"Q2":{"7X":"11","8X":"11"}},"VR":{"V7":{"VV":"11"}},"3Q":{"QH":{"6G":"11"},"5Q":{"MX":"11","MW":"11","JW":"11"},"6V":{"9G":"11","JQ":"11"},"R9":{"VW":"11","WV":"11","XV":"11","WW":"11","XR":"11"},"RC":{"C8":"11","8F":"11","Q3":"11","P4":"11","H6":"11","Q4":"11","2Q":"11","M5":"11","3P":"11","9C":"11","G8":"11","2P":"11","4P":"11","M4":"11","3Q":"11","F8":"11","Q2":"11","J5":"11","H7":"11","7F":"11","F9":"11","J6":"11","P3":"11","C9":"11","8C":"11","G7":"11","99":"11","4M":"11"},"PG":{"2J":"11"},"MG":{"9X":"11","WM":"11","XJ":"11","XM":"11"},"4R":{"X7":"11"},"JH":{"V6":"11","R6":"11"},"RX":{"JC":"11","68":"11","HC":"11"},"3R":{"3X":"11","5X":"11","5W":"11","4X":"11"},"2X":{"2M":"11","2G":"11"},"FM":{"2H":"11","2J":"11","2G":"11"},"7Q":{"R5":"11","59":"11","78":"11","H6":"11","Q4":"11","49":"11","Q5":"11","F7":"11","H7":"11","G6":"11","J6":"11","69":"11","68":"11","C7":"11","39":"11","G7":"11","3C":"11","R4":"11"},"9P":{"V7":"11"},"V8":{"FX":"11","RP":"11","GX":"11","VQ":"11"},"QF":{"G4":"11","G3":"11","C3":"11","F4":"11","H4":"11","F3":"11","H3":"11"},"V9":{"3F":"11","4C":"11","C2":"11","92":"11","93":"11","37":"11","5M":"11","F2":"11","56":"11","4M":"11","3C":"11","4F":"11"},"QV":{"CP":"11"},"7V":{"JH":"11"},"5R":{"73":"11","5R":"11","42":"11","72":"11","52":"11","43":"11","82":"11","26":"11"},"9W":{"X2":"11"},"XC":{"M2":"11"},"QC":{"RW":"11","MX":"11","PW":"11","XQ":"11","XR":"11","VV":"11","JW":"11","MW":"11","QW":"11","PX":"11","RV":"11","WV":"11","WR":"11"},"CM":{"XJ":"11","XG":"11"},"QG":{"73":"11","72":"11"},"HH":{"XW":"11","CQ":"11"},"FJ":{"H8":"11"}},"FM":{"MH":{"MH":"11"},"28":{"QF":"11","VF":"11"},"MG":{"VX":"11"},"27":{"3M":"11"},"XM":{"CJ":"2"},"Q3":{"4Q":"11"}},"8W":{"Q3":{"9Q":"3","8Q":"3"}},"HW":{"7Q":{"HX":"11","GR":"11","GW":"11","FX":"11","FW":"11","HW":"11","GV":"11","GX":"11","FV":"11","FR":"11"}},"X2":{"GR":{"2X":"11"},"GV":{"22":"11"},"HR":{"C3":"11"},"FV":{"GR":"11","X2":"11","GQ":"11"},"8Q":{"PH":"11","PJ":"11"},"FR":{"XX":"11","5M":"11"}},"5P":{"MJ":{"RV":"11"},"QJ":{"PH":"11","RG":"11","WG":"11","XF":"11","QG":"11","VF":"11","PG":"11","VG":"11","WF":"11"},"2Q":{"2R":"11","3Q":"11","4Q":"11","3R":"11","5Q":"11"},"3Q":{"9G":"11","CG":"11","8G":"11"},"RJ":{"2F":"11"},"JM":{"J8":"11","M8":"11","X7":"11","G8":"11","7C":"11","C9":"11","R8":"11","Q8":"11","6C":"11","99":"11","P8":"11","V8":"11","5C":"11","9C":"11","8C":"11","89":"11","G9":"11","3C":"11","H9":"11","H8":"11","F9":"11","4C":"11","V7":"11","W7":"11","2F":"11","4F":"11","3F":"11"},"9M":{"6W":"11","HC":"11","JC":"11","JF":"11","7X":"11","HF":"11","7W":"11","6X":"11","5X":"11"},"7P":{"W9":"11"},"XG":{"7R":"11","HC":"11","JC":"11","6R":"11","7Q":"11","M9":"11","8Q":"11","8P":"11","MC":"11"},"GM":{"RM":"11","QJ":"11","VJ":"11","XJ":"11","RJ":"11","PM":"11","QM":"11","JM":"11","MM":"11","GM":"11","HM":"11","WJ":"11"},"4Q":{"88":"11","H7":"11","78":"11"},"CM":{"VV":"11","4W":"11","WV":"11","XV":"11","5W":"11"},"HM":{"VF":"11","WF":"11","PG":"11","HG":"11","6J":"11","RG":"11","MG":"11","6H":"11","RF":"11","FH":"11","5J":"11","8H":"11","9H":"11","QF":"11","7H":"11","3J":"11","5H":"11","GH":"11","JG":"11","XF":"11","QG":"11","FG":"11","CH":"11","GG":"11","2J":"11","4J":"11"},"6P":{"7Q":"11","CQ":"11","9Q":"11","FQ":"11","8Q":"11"}},"FJ":{"4R":{"F8":"11","G8":"11","7C":"3","J7":"11","M5":"11","C9":"3|11","6C":"3","H7":"11","99":"3","Q4":"11","CC":"3|11","M6":"11","P5":"11","7F":"3","9C":"3","2G":"3","8C":"3","R2":"11","6F":"3","FC":"11","Q3":"11","G9":"11","G7":"11","R3":"11","P4":"11","F9":"11","J6":"11","V3":"11","5F":"3","2F":"3","4F":"3","3F":"3"},"MP":{"R5":"11","H4":"11","P4":"11","R6":"11","V6":"11","X6":"11","M4":"11","Q5":"11","W6":"11","P5":"11","J4":"11"},"7Q":{"8M":"11","9M":"11"},"PM":{"VR":"11","PX":"11","PV":"11","WQ":"11","QV":"11","PW":"11","QR":"11","RR":"11","VQ":"11"},"5Q":{"QW":"11","VW":"11","2P":"3","7J":"11","HW":"11","FV":"11","GV":"11","FW":"11","3P":"3","JW":"11","CV":"11","WW":"11","6M":"11","7M":"11","GW":"11","5M":"11","MW":"11","CW":"11","4M":"3","XW":"11","3M":"3","XX":"11","RW":"11","PW":"11","2Q":"3"},"CP":{"XX":"11"},"QM":{"JP":"11","JQ":"11","9Q":"11","FQ":"11","HQ":"11","MQ":"11","PQ":"11","HP":"11","CQ":"11","GP":"11","8Q":"11","7P":"11","8P":"11","GQ":"11","5P":"11","MP":"11"},"FX":{"P6":"11"},"4Q":{"XQ":"3","WQ":"3","VQ":"3"},"5R":{"JJ":"11","JM":"11","X6":"11","W6":"11","MM":"11","MJ":"11"},"FP":{"9C":"11","CH":"11","5W":"11","9H":"11","8G":"11","6W":"11","5P":"11","CF":"11","2X":"11|3","5V":"11","7G":"11","6M":"11","7F":"11","8W":"11","4J":"11","7P":"11","4P":"11","3X":"11","CG":"11","7V":"11","6V":"11","4M":"11","9M":"11","8X":"11","8M":"11","9G":"11","9W":"11","6G":"11","4V":"11","8J":"11","5H":"11","3M":"11","4W":"11","9X":"11","3W":"11","5J":"11","FG":"11","8F":"11","6J":"11","7M":"11","9F":"11","3P":"11","7W":"11","CJ":"11","5M":"11","9J":"11","7H":"11","FH":"11","8P":"11","2W":"11","6H":"11"},"FQ":{"C2":"11","C3":"11","F3":"11","92":"11"},"JQ":{"GX":"11"},"PP":{"93":"11","84":"11","83":"11","64":"11","35":"11","73":"11","36":"11","45":"11","55":"11","65":"11","26":"11","74":"11"},"2R":{"9F":"11","VP":"11","VQ":"11","WP":"11","FM":"11","9H":"11","9G":"11","CJ":"11","CH":"11","FJ":"11"},"6Q":{"2M":"11","4J":"11","4P":"11","4M":"11","3M":"11","2P":"11","3P":"11"},"3R":{"PF":"3","9F":"11","PG":"3","JF":"11","HG":"11","RG":"3","MG":"3|11","9C":"11","WG":"3","VG":"3","HF":"11","XG":"3","MF":"3|11","JG":"11","QG":"3","4F":"11"},"VM":{"FH":"11","8J":"11","9H":"11","JJ":"11","GJ":"11","FJ":"11","CH":"11","8H":"11","HJ":"11","CJ":"11"}},"9V":{"X9":{"CM":"11"}},"8P":{"Q6":{"VJ":"11"}},"WV":{"99":{"72":"11"},"83":{"FC":"11"},"98":{"7X":"11"}},"2R":{"C3":{"8M":"11","9M":"11","7P":"11","RF":"11","6P":"11","WC":"11","GH":"11","FH":"11","9J":"11","7M":"11","5P":"11","VF":"11","PF":"11","4Q":"11","MG":"11","GJ":"11","JG":"11","X9":"11","QF":"11","JH":"11","3Q":"11","PG":"11","2R":"11","FJ":"11","CJ":"11","4P":"11","HH":"11","2Q":"11","XC":"11","VC":"11"},"48":{"5X":"11"},"4C":{"9F":"11"},"2W":{"5R":"11","4R":"11","7R":"11","8R":"11"},"59":{"7M":"11","7P":"11","6P":"11","6M":"11"},"5F":{"96":"11"},"H6":{"4M":"11"},"64":{"MW":"11"},"3G":{"M3":"11","J3":"11"},"7G":{"RW":"11","R8":"11","VV":"11","QX":"11","RX":"11","RJ":"11","QW":"11","RQ":"11","R4":"11"},"3P":{"W8":"11"},"QR":{"QC":"11","RC":"11"},"Q7":{"6P":"11"},"G8":{"M4":"11"},"55":{"G8":"11","J6":"11","2F":"11","F8":"11","2G":"11","3F":"11","G7":"11"},"G2":{"5Q":"11"},"27":{"FF":"11","FV":"11","XH":"11"},"QP":{"WP":"11"},"GP":{"8W":"11"},"M6":{"6W":"11"},"2M":{"H5":"11"},"93":{"HX":"11","QW":"11","JX":"11","FX":"11","VV":"11","VR":"11","WR":"11","RV":"11","MW":"11","GX":"11","QV":"11","PW":"11","JW":"11","XR":"11"},"46":{"C2":"11","F2":"11"},"QM":{"4R":"11"},"74":{"RH":"11","VH":"11","XH":"11","PJ":"11","XG":"11","MJ":"11"},"26":{"48":"11","68":"11","X4":"11","58":"11"},"F3":{"H4":"11","38":"11","48":"11","C5":"11","9Q":"11","F5":"11","29":"11","CQ":"11","HV":"11","J3":"11","96":"11","76":"11","G4":"11","57":"11","H3":"11","68":"11","86":"11","39":"11","95":"11","HW":"11","67":"11","58":"11","F4":"11"},"7H":{"Q9":"11","Q6":"11","P5":"11","Q8":"11","Q7":"11","P7":"11","P6":"11","P4":"11"},"3J":{"P6":"11"},"H2":{"85":"11","96":"11","57":"11","G4":"11","95":"11","F5":"11","G3":"11","P2":"11","J3":"11","86":"11","F4":"11","77":"11","66":"11","H4":"11","Q2":"11","C5":"11","76":"11","C4":"11","H3":"11","67":"11"},"4W":{"6G":"11","8H":"11"},"J5":{"9X":"11","38":"11"},"35":{"XQ":"11"},"57":{"F2":"11"},"J2":{"2P":"11"},"7F":{"WP":"11","VJ":"11","WQ":"11"},"37":{"CM":"11","6H":"11","8C":"11","CH":"11"},"69":{"4G":"11"},"C7":{"H8":"11","F9":"11"},"45":{"PJ":"11","QH":"11","5Q":"11","PH":"11","2Q":"11","WG":"11","VG":"11","3Q":"11","XG":"11","VH":"11","4Q":"11","5P":"11","RH":"11","6P":"11"},"5H":{"M8":"11"},"GM":{"QW":"11"},"C6":{"X5":"11"},"84":{"J8":"11","M7":"11","M8":"11","G8":"11","7C":"11","C9":"11","Q7":"11","X6":"11","W6":"11","P8":"11","CC":"11","R6":"11","7F":"11","9C":"11","2G":"11","8C":"11","6F":"11","3G":"11","P7":"11","G9":"11","X5":"11","H9":"11","H8":"11","F9":"11","R7":"11","V6":"11"},"W5":{"2X":"11"},"56":{"FX":"11","GX":"11"},"4F":{"8F":"11"},"94":{"64":"11","C2":"11","73":"11","G2":"11","92":"11","93":"11","54":"11","63":"11","35":"11","25":"11","45":"11","44":"11","F2":"11","34":"11","83":"11"}},"8M":{"J8":{"RM":"11","PR":"11","HR":"11","QQ":"11","RP":"11","MQ":"11","PQ":"11","QP":"11","MR":"11","GR":"11","RJ":"11","HV":"11","QM":"11","GQ":"11"},"F8":{"GR":"11","HQ":"11","HR":"11","CR":"11","FR":"11"},"M8":{"PJ":"11","QH":"11","QJ":"11","8J":"11","PH":"11","6J":"11","GJ":"11","JH":"11","FH":"11","5J":"11","9M":"11","CJ":"11","GH":"11","MH":"11","7J":"11","5M":"11","QG":"11","6M":"11","HH":"11","FJ":"11","9J":"11"},"X7":{"RM":"11","QQ":"11","RG":"11","QR":"11","VJ":"11","CV":"11","JW":"11","QP":"11","VG":"11","RJ":"11","HV":"11","QM":"11","FV":"11","GV":"11","JV":"11","VH":"11","8V":"11","9V":"11","RH":"11"},"G8":{"M8":"11","8F":"11","H8":"11","7G":"11","R6":"11","R7":"11","X9":"11","7F":"11","M7":"11","6G":"11","V7":"11","J8":"11","8C":"11"},"7C":{"V4":"11","38":"11","48":"11","87":"11","H6":"11","Q4":"11","M5":"11","77":"11","97":"11","W3":"11","Q5":"11","28":"11","W4":"11","X2":"11","F7":"11","96":"11","76":"11","J5":"11","57":"11","G6":"11","47":"11","J6":"11","C7":"11","X3":"11","86":"11","P5":"11","H5":"11","C6":"11","F6":"11","67":"11","58":"11","X4":"11","R4":"11"},"C9":{"V4":"11","87":"11","P4":"11","78":"11","88":"11","Q4":"11","M5":"11","77":"11","Q5":"11","J5":"11","68":"11","G5":"11","P5":"11","H5":"11","67":"11","58":"11","R4":"11"},"R8":{"48":"11","28":"11","49":"11","38":"11"},"6C":{"5H":"11","GF":"11","7G":"11","2P":"11","FG":"11","RC":"11","JF":"11","FF":"11","2M":"11","MF":"11","QC":"11","PC":"11","6H":"11","HF":"11","8G":"11","7H":"11","CF":"11","6G":"11","V9":"11","R9":"11","JC":"11","MC":"11","CG":"11","VC":"11"},"Q8":{"V8":"11","X8":"11","W8":"11"},"99":{"CC":"11","GC":"11","6J":"11","2Q":"11","7G":"11","3P":"11","4P":"11","CF":"11","3Q":"11","FC":"11","6G":"11","4Q":"11","5P":"11","5M":"11","6M":"11"},"J9":{"72":"11","62":"11","82":"11"},"V8":{"R3":"11","V2":"11","R2":"11"},"5C":{"6W":"11","PR":"11","HR":"11","8W":"11","QQ":"11","VQ":"11","QR":"11","JR":"11","WP":"11","CV":"11","MR":"11","GR":"11","WQ":"11","2X":"11","CW":"11","5W":"11","HV":"11","3X":"11","FV":"11","7W":"11","4W":"11","RQ":"11","GV":"11","9W":"11","XP":"11","XM":"11","9V":"11","5X":"11","4X":"11"},"89":{"XQ":"11","JR":"11","XR":"11","GW":"11","FW":"11","MR":"11","WQ":"11","CW":"11","HV":"11","FV":"11","MV":"11","GV":"11","9W":"11","9X":"11","JV":"11","CX":"11","WR":"11"},"PJ":{"C4":"2","C3":"2","C5":"2","F5":"2","F3":"2","G4":"2","G5":"2","G3":"2","F2":"2","F4":"2"},"H8":{"3F":"11","HR":"11","2F":"11","JQ":"11","3G":"11","JR":"11","CV":"11","GW":"11","FW":"11","29":"11","CW":"11","HV":"11","FV":"11","GV":"11","39":"11","2C":"11"},"R7":{"GW":"11","FW":"11","HW":"11"},"4C":{"XX":"11"},"V7":{"WX":"11","XW":"11","6W":"11","WW":"11","6V":"11","CV":"11","CR":"11","7V":"11","XV":"11","8V":"11","9V":"11","WV":"11","VX":"11"},"W7":{"PQ":"11","MQ":"11","PP":"11","QP":"11","MP":"11","JP":"11"},"5F":{"32":"11"},"2F":{"QJ":"11","CQ":"11","X9":"11","7Q":"11","WF":"11","PJ":"11","HP":"11","7R":"11","HM":"11","JM":"11","4Q":"11","VG":"11","5Q":"11","MM":"11","4R":"11","FP":"11","9P":"11","PM":"11","2Q":"11","VH":"11","W9":"11","VF":"11","GM":"11","RH":"11","6R":"11","CP":"11","W7":"11","RJ":"11","W8":"11","5R":"11","8Q":"11","9Q":"11","6Q":"11","WC":"11","3Q":"11","GP":"11"},"4F":{"F4":"11","44":"11","P2":"11","P3":"11","54":"11","75":"11","W2":"11","34":"11","25":"11","Q2":"11","35":"11","M2":"11","65":"11","V2":"11","G4":"11","R2":"11","J3":"11","G3":"11","H4":"11","55":"11","H3":"11","C4":"11","85":"11","45":"11","X2":"11","84":"11","94":"11","95":"11","M3":"11"},"3F":{"37":"11","F8":"11","G8":"11","J7":"11","66":"11","H7":"11","Q7":"11","75":"11","38":"11","47":"11","X6":"11","W6":"11","77":"11","87":"11","39":"11","74":"11","48":"11","R6":"11","C8":"11","65":"11","46":"11","Q6":"11","76":"11","X5":"11","G7":"11","29":"11","V6":"11","97":"11","J6":"11"}},"4H":{"8W":{"J9":"11","G8":"11","M9":"11","G9":"11","F8":"11","H9":"11"}},"Q7":{"9P":{"F8":"11","GF":"11","G8":"11","GC":"11","GH":"11","HM":"11","93":"11","JW":"11","HJ":"11","GM":"11","HP":"11","JV":"11","HV":"11","GG":"11","GJ":"11","92":"11","G9":"11","JQ":"11","HR":"11","JX":"11","HQ":"11","F9":"11","94":"11","95":"11","JR":"11"},"9G":{"G9":"11","FP":"11","GC":"11","GJ":"11","G8":"11","FH":"11","FF":"11","FM":"11","GF":"11","H7":"11","GH":"11","FG":"11","GG":"11","G7":"11","FJ":"11"},"83":{"83":"11","69":"11","68":"11","73":"11","77":"11","78":"11","76":"11","75":"11","82":"11","74":"11"},"9H":{"88":"11","8F":"11","8G":"11","8C":"11","89":"11"},"CX":{"8F":"11","87":"11","8J":"11","9Q":"11","88":"11","8M":"11","77":"11","73":"11","8H":"11","9R":"11","9P":"11","75":"11","74":"11","8G":"11","9M":"11","76":"11","72":"11","9W":"11","8P":"11","89":"11","9X":"11","86":"11","9V":"11","85":"11","CX":"11","8C":"11","9J":"11"},"9M":{"8F":"11","8J":"11","78":"11","9Q":"11","8M":"11","7C":"11","8H":"11","9R":"11","9P":"11","8G":"11","9M":"11","8Q":"11","9W":"11","8P":"11","89":"11","9X":"11","9V":"11","79":"11","8C":"11","9J":"11"},"CW":{"7R":"11","87":"11","78":"11","88":"11","7G":"11","77":"11","7C":"11","73":"11","7X":"11","7M":"11","7Q":"11","82":"11","75":"11","74":"11","7W":"11","76":"11","7H":"11","7V":"11","72":"11","7P":"11","7F":"11","86":"11","85":"11","7J":"11","84":"11","79":"11","83":"11"},"CV":{"8M":"11","8P":"11","83":"11","96":"11","8V":"11","93":"11","C2":"11","7W":"11","82":"11","87":"11","8Q":"11","86":"11","8J":"11","88":"11","8X":"11","8H":"11","8C":"11","89":"11","8G":"11","92":"11","7X":"11","98":"11","8F":"11","85":"11","97":"11","8R":"11","8W":"11","84":"11","94":"11","95":"11"},"9Q":{"J2":"11","RH":"11","J3":"11","M9":"11","M8":"11","RJ":"11"},"9C":{"QX":"11","PX":"11"},"CR":{"8M":"11","9M":"11","9G":"11","CM":"11","8P":"11","9V":"11","75":"11","CH":"11","52":"11","77":"11","CR":"11","CV":"11","9J":"11","CP":"11","9X":"11","87":"11","8Q":"11","CX":"11","8J":"11","9C":"11","CW":"11","88":"11","8H":"11","9F":"11","9Q":"11","CQ":"11","76":"11","8C":"11","9P":"11","89":"11","8G":"11","9R":"11","9W":"11","9H":"11","42":"11","8F":"11","CJ":"11","53":"11","CG":"11"},"9F":{"R5":"11","PF":"11","R8":"11","R9":"11","PG":"11","R6":"11","Q7":"11","R7":"11","Q8":"11","QF":"11","Q2":"11","Q9":"11","QC":"11","QG":"11","PC":"11"},"82":{"C4":"11","C3":"11","8W":"11","9F":"11","C5":"11","8R":"11","9Q":"11","9C":"11","C2":"11","97":"11","9H":"11","9P":"11","9M":"11","96":"11","8Q":"11","9G":"11","C7":"11","8X":"11","8V":"11","C6":"11","98":"11","99":"11","9J":"11"}},"HH":{"82":{"MH":"11"}},"Q3":{"2Q":{"GW":"11","GV":"11","GX":"11"},"2R":{"MV":"11","MR":"11"},"3Q":{"Q9":"11","J7":"11","M6":"11","H5":"11","Q8":"11","J6":"11","M7":"11","J5":"11","P9":"11","P8":"11"},"4Q":{"H5":"11","H4":"11","J4":"11","G5":"11","J5":"11"}},"RG":{"RG":{"GH":"11","GG":"11"}},"Q2":{"7Q":{"C2":"11","92":"11"},"7M":{"G9":"11","H4":"11","J9":"11","HC":"11","H6":"11","JC":"11","GC":"11","H8":"11","G8":"11","GF":"11","J5":"11","H7":"11","G6":"11","J6":"11","H9":"11","GH":"11","H5":"11","J8":"11","J7":"11","GG":"11","G7":"11","J4":"11"},"7P":{"9W":"11","9X":"11","CX":"11"},"8J":{"C9":"11"},"8C":{"6F":"11","6H":"11","7C":"11","7F":"11","5H":"11","6G":"11","79":"11","6C":"11"},"7J":{"VC":"11"},"9J":{"85":"11","75":"11","65":"11"},"98":{"57":"11","47":"11","35":"11","46":"11","66":"11","56":"11","45":"11","67":"11"}},"2M":{"RP":{"83":"11","92":"11","82":"11"},"RM":{"9F":"11","9C":"11","9R":"11","9G":"11","9W":"11","9X":"11","8X":"11","9V":"11","99":"11"},"4M":{"C4":"11","62":"11","C5":"11","H6":"11","42":"11","73":"11","F5":"11","93":"11","74":"11","43":"11","63":"11","52":"11","72":"11","G6":"11","J6":"11","G5":"11","H5":"11","84":"11","J7":"11","83":"11","F4":"11","53":"11","94":"11"}},"CM":{"VF":{"38":"11"},"X7":{"MC":"11","J8":"11","J9":"11","M9":"11","M8":"11"},"FQ":{"WM":"11"},"RG":{"G9":"11"},"32":{"34":"11","C2":"11","33":"11","24":"11","25":"11","F2":"11","32":"11","G2":"11","23":"11"},"WG":{"H6":"11"},"7M":{"99":"11","WG":"11","XG":"11"},"9H":{"89":"11"},"P9":{"WX":"11"},"GF":{"XJ":"11"},"JM":{"C4":"11","G2":"11"},"QF":{"68":"11"},"V9":{"F7":"11","GC":"11"},"GV":{"8H":"11"},"GQ":{"3Q":"11"},"22":{"M8":"11","P6":"11","R6":"11","Q7":"11","V6":"11","Q6":"11","W6":"11","P7":"11","V5":"11","M7":"11","W5":"11","J8":"11","J7":"11","X4":"11","X5":"11"},"QC":{"P3":"11"},"MP":{"3J":"11","2M":"11","3H":"11","2J":"11","3M":"11"},"9J":{"M6":"11"},"FJ":{"FX":"11","CX":"11"}},"5V":{"8M":{"WP":"11","WM":"11","XP":"11","XM":"11"},"96":{"4H":"11"},"5H":{"48":"11","47":"11"},"3C":{"J9":"11"},"6J":{"4R":"11"},"5F":{"J9":"11","H9":"11"},"4H":{"7G":"11","G8":"11","G9":"11","7H":"11"},"4C":{"4P":"11","3Q":"11","3P":"11"},"6M":{"HG":"11","GG":"11","GF":"11","HF":"11"},"5M":{"7M":"11","5J":"11","5H":"11","6J":"11","6H":"11","7J":"11"}},"3X":{"9Q":{"R9":"11"},"QQ":{"GW":"11","FW":"11","HW":"11","CV":"11","FV":"11","9V":"11"},"HQ":{"25":"11","26":"11"},"XR":{"7R":"11","MX":"11","QX":"11","CV":"11","GW":"11","JW":"11","FW":"11","JX":"11","CW":"11","FV":"11","7V":"11","PX":"11","9V":"11"},"MQ":{"XH":"11","XG":"11"},"PQ":{"JP":"11","8J":"11","6J":"11","RP":"11","QP":"11","5J":"11","PP":"11","JM":"11","3H":"11","3J":"11","RQ":"11","7J":"11","HM":"11","2H":"11","MP":"11","4J":"11"},"2V":{"C4":"11","64":"11","33":"11","73":"11","93":"11","54":"11","74":"11","43":"11","63":"11","G4":"11","44":"11","84":"11","34":"11","83":"11","F4":"11","53":"11","94":"11"},"XV":{"W3":"11","V2":"11","Q2":"11","X4":"11","X3":"11","R2":"11","V3":"11"},"VR":{"GF":"11","GC":"11","JF":"11","C9":"11","99":"11","MF":"11","WH":"11","XH":"11","CC":"11","VG":"11","9C":"11","RG":"11","MG":"11","89":"11","HF":"11","FC":"11","QG":"11","PG":"11","WG":"11","VH":"11","79":"11"},"GQ":{"X5":"11","X6":"11"},"WR":{"JP":"11","HP":"11","GP":"11","FM":"11","PP":"11","3H":"11","3J":"11","GM":"11","CM":"11","HM":"11","2H":"11","4H":"11","MP":"11","2J":"11"}},"7R":{"8F":{"XR":"11"},"8C":{"WP":"11"},"7F":{"FM":"11"}},"GG":{"V9":{"XC":"11","X9":"11"},"VC":{"M5":"11","M3":"11","P2":"11","P3":"11","M4":"11","M2":"11"},"PX":{"6Q":"11","6P":"11","5P":"11","3G":"11","5Q":"11"},"PV":{"6F":"11","5G":"11","5Q":"11","5V":"11","5F":"11","5J":"11","4V":"11","2X":"11","3X":"11","4W":"11","5R":"11","5H":"11","5P":"11","5M":"11"},"W9":{"62":"11","2G":"11","3G":"11","27":"11","54":"11","52":"11","35":"11","72":"11","37":"11","45":"11","44":"11","36":"11","2H":"11","53":"11"},"PW":{"6F":"11","38":"11","48":"11","59":"11","28":"11","26":"11","25":"11","69":"11","58":"11","6C":"11"},"W8":{"8W":"11","7X":"11","7W":"11","9W":"11","6X":"11","8X":"11","8V":"11","9V":"11"}},"GX":{"2C":{"9H":"11","8H":"11"},"2F":{"VX":"11","WX":"11"},"2G":{"W2":"11","V2":"11"},"58":{"RH":"11","QH":"11","QG":"11"}},"5Q":{"7P":{"GH":"11","GP":"11","FM":"11","GJ":"11","GM":"11","FJ":"11","HM":"11","HJ":"11","HP":"11"},"4C":{"MX":"11","MW":"11"},"GQ":{"X4":"11"},"6F":{"9R":"11"},"59":{"M8":"11"}},"MV":{"78":{"C9":"11"}},"7Q":{"WM":{"PG":"11"},"C2":{"JJ":"11","JH":"11"},"WR":{"X9":"11","W9":"11"}},"VP":{"5G":{"4V":"11"}},"V4":{"89":{"VF":"11"}},"RP":{"GF":{"MX":"11"}},"2V":{"7G":{"V7":"11"},"57":{"93":"3"},"8G":{"45":"11","79":"11","59":"11"},"33":{"G6":"11","4C":"11","M9":"11","C8":"11","F8":"11"},"6G":{"X3":"11"},"25":{"Q7":"11"},"6F":{"VW":"11","PH":"11","VV":"11","WW":"11","MP":"11","JP":"11"},"22":{"4X":"11","FR":"11","HW":"11","5W":"3","5X":"3|11","3P":"11","5Q":"3","JW":"11","HP":"11","5R":"3","RQ":"11","HV":"11","FP":"11","FQ":"11","RW":"11","4V":"3|11","JX":"11","HQ":"11","HX":"11","6R":"3","GP":"11","MR":"11"},"65":{"CX":"11"},"23":{"G3":"11","C3":"11","54":"3"},"7F":{"3W":"11","FP":"11"}},"VQ":{"J5":{"F8":"11"}},"Q9":{"35":{"FR":"11","CM":"11","HM":"11","PX":"11","GM":"11","CP":"11","GQ":"11","FM":"11","HP":"11","GR":"11","8X":"11","CQ":"11","FP":"11","FQ":"11","JQ":"11","HR":"11","HQ":"11","PW":"11","GP":"11"},"24":{"MQ":"11","PR":"11"},"46":{"63":"11","83":"11","73":"11","74":"11"},"27":{"X5":"11","R6":"11"},"45":{"8V":"11","CR":"11"},"32":{"HR":"11","27":"11"},"26":{"JP":"11","8W":"11","4C":"11","CF":"11","HP":"11","49":"11","PP":"11","57":"11","MH":"11","36":"11","FG":"11","CP":"11","98":"11"}},"GJ":{"9R":{"QH":"11","WH":"11","RG":"11","VG":"11","XH":"11","HF":"11","XG":"11","VH":"11","QG":"11","RH":"11"},"XP":{"XM":"11"},"CR":{"2G":"11","3G":"11","6J":"11","6H":"11","5J":"11","8H":"11","9H":"11","4G":"11","3H":"11","7H":"11","5H":"11","7J":"11","6M":"11","2H":"11","4H":"11"},"3P":{"XM":"11"}},"RQ":{"Q9":{"C7":"11","C6":"11","F7":"11","F6":"11"},"7P":{"X5":"11"}},"4X":{"2V":{"44":"11","F8":"11","G8":"11","66":"11","H7":"11","75":"11","J9":"11","34":"11","23":"11","VF":"11","86":"11","65":"11","76":"11","G7":"11","H9":"11","55":"11","H8":"11","24":"11","45":"11"},"3V":{"2H":"11"}},"MH":{"7P":{"XF":"11"}},"7M":{"4X":{"V2":"11"},"FR":{"F4":"11","37":"11","2P":"11","Q5":"11","M5":"11","83":"11","3W":"11","32":"11","38":"11","93":"11","47":"11","2M":"11","J4":"11","34":"11","39":"11","73":"11","M4":"11","P5":"11","G5":"11","33":"11","2X":"11","G4":"11","W5":"11","2V":"11","X9":"11","3G":"11","H4":"11","3M":"11","2W":"11","3C":"11","P4":"11","2R":"11","C4":"11","72":"11","3J":"11","84":"11","94":"11","3H":"11","2Q":"11","62":"11","XC":"11","J5":"11","3F":"11"},"RJ":{"RJ":"11","3X":"11","MM":"11","PM":"11","WH":"11","XH":"11","GQ":"11","8Q":"11","HP":"11","QM":"11","2X":"11","XG":"11","JM":"11","CQ":"11","9Q":"11","FP":"11","JP":"11","FQ":"11","PJ":"11","VH":"11","VJ":"11","GP":"11","QJ":"11"},"6W":{"5J":"11","2P":"11","7J":"11","RF":"11","WC":"11","GH":"11","FH":"11","CH":"11","2M":"11","MF":"11","HG":"11","WF":"11","9J":"11","6M":"11","VF":"11","PF":"11","5M":"11","8J":"11","8H":"11","MG":"11","4M":"11","GG":"11","JG":"11","QF":"11","6J":"11","3M":"11","9H":"11","PG":"11","4J":"11","CJ":"11","HH":"11","XC":"11","VC":"11"},"3X":{"88":"11","5C":"11","3J":"11","2M":"11","3C":"11","69":"11","C3":"11","2J":"11","4C":"11","F3":"11","79":"11","89":"11","59":"11"},"MP":{"F4":"11","37":"11","P3":"11","96":"11","38":"11","67":"11","47":"11","77":"11","87":"11","C5":"11","Q2":"11","48":"11","86":"11","28":"11","57":"11","V2":"11","G4":"11","76":"11","R2":"11","J3":"11","Q3":"11","H4":"11","H3":"11","C4":"11","95":"11","M3":"11"},"MM":{"VX":"11","XW":"11","XX":"11","WW":"11","WX":"11"},"5W":{"FR":"11","6V":"11","5W":"11","WP":"11","9V":"11","8V":"11","3W":"11","QQ":"11","RP":"11","CR":"11","7V":"11","4W":"11","XP":"11","GR":"11","XM":"11","2X":"11","PQ":"11","RQ":"11","9R":"11","2W":"11","JQ":"11","HR":"11","4V":"11","HQ":"11","QP":"11","5V":"11","8R":"11","MQ":"11","VP":"11"},"9V":{"5J":"11","9G":"11","2P":"11","96":"3","2M":"11","3P":"11","CC":"11","C6":"3","5M":"11","9C":"11","C7":"3","8H":"11","9F":"11","6H":"11","4M":"11","8G":"11","6J":"11","3M":"11","7H":"11","CF":"11","4J":"11","97":"3"},"8V":{"PV":"11","HW":"11","WP":"11","QR":"11","RR":"11","WQ":"11","FW":"11","JW":"11","9X":"11|2","VR":"11","GW":"11","XP":"11","CX":"11","XQ":"11","FX":"11","8X":"11","PR":"11","JV":"11","RQ":"11","HV":"11","VQ":"11","MV":"11"},"FV":{"22":"11"},"PM":{"7R":"11","6V":"11","5V":"11","8R":"11","6R":"11","4V":"11","9R":"11","5R":"11","9V":"11"},"7W":{"V4":"11","78":"11","P6":"11","Q5":"11","68":"11","X4":"11","V5":"11","H7":"11","M6":"11","39":"11","2C":"11","P5":"11","C8":"11","R5":"11","59":"11","C7":"11","88":"11","Q6":"11","W4":"11","G7":"11","3C":"11","49":"11","98":"11","69":"11","F7":"11","97":"11","J6":"11","H6":"11","79":"11"},"CR":{"XQ":"11","XR":"11"},"WH":{"99":"11","6P":"11","4R":"11","C8":"11","5P":"11","98":"11","4Q":"11","3R":"11","5Q":"11"},"CV":{"R5":"11","JP":"11","P6":"11","H6":"11","R6":"11","HQ":"11","CV":"11","HP":"11","GR":"11","W3":"11","Q6":"11","M6":"11","FR":"11","CR":"11","X2":"11","J6":"11","X3":"11","GQ":"11","9V":"11","J7":"11"},"4W":{"WX":"11","XW":"11","XX":"11","3F":"11","HR":"11","3G":"11","HQ":"11","GR":"11","CR":"11","9R":"11","4G":"11","VX":"11","4F":"11"},"GQ":{"V4":"3","R4":"3","68":"3","M5":"3","96":"3","F6":"3","38":"3","67":"3","Q4":"3","77":"3","58":"3","X3":"3","87":"3","39":"3","48":"3","28":"3","W3":"3","57":"3","P5":"3","C6":"3","G5":"3","W4":"3","29":"3","P4":"3","49":"11","H5":"3","2R":"3","97":"3","2Q":"3","G6":"3","H6":"3","V3":"3","J5":"3"},"GW":{"R5":"11","Q5":"11"},"HP":{"QW":"3","XR":"3","FR":"11","6V":"11","6W":"11","QV":"3","PV":"3","QR":"11","5X":"3","WQ":"2","CR":"11","7V":"11","GQ":"11","6X":"3","XQ":"3","WM":"11","GR":"11","XM":"11","PR":"11","9R":"11","JQ":"11","HQ":"11","7X":"3","8R":"11","RM":"11","VM":"11"},"XF":{"PR":"11","QQ":"11","XQ":"11","VQ":"11","JR":"11","GW":"11","PQ":"11","FW":"11","MR":"11","WQ":"11","HV":"11","RQ":"11","JV":"11","HW":"11","CX":"11","FX":"11"},"GR":{"2C":"11","29":"11"},"QM":{"V3":"11","V4":"11","Q3":"11","87":"11","P4":"11","Q4":"11","77":"11","F5":"11","27":"11","W3":"11","M4":"11","X2":"11","26":"11","96":"11","J5":"11","57":"11","47":"11","37":"11","R3":"11","G5":"11","86":"11","P3":"11","H5":"11","C6":"11","36":"11","F6":"11","67":"11","W2":"11","J4":"11"},"2X":{"PR":"11","VP":"11","JQ":"11","QQ":"11","JR":"11","HQ":"11","RP":"11","WP":"11","MQ":"11","PQ":"11","MR":"11","CW":"11","WM":"11","RQ":"11","GQ":"11","XM":"11"},"XG":{"93":"11","84":"11","64":"11","94":"11","C2":"11","33":"11","42":"11","54":"11","92":"11","43":"11","32":"11","53":"11","23":"11","74":"11"},"CQ":{"4P":"3","3P":"3"},"JP":{"8M":"11","9M":"11","7P":"11","4R":"11","RC":"11","W8":"11","JF":"11","GH":"11","8P":"11","FH":"11","2M":"11","5Q":"11","MF":"11","HG":"11","QC":"11","9J":"11","8Q":"11","V8":"11","PC":"11","4Q":"11","4M":"3","HF":"11","3M":"11","X8":"11","V9":"11","Q9":"11","4J":"3","FJ":"11","R9":"11","CJ":"11","JC":"11","HH":"11","MC":"11","VC":"11"},"FQ":{"6X":"11","X9":"3|11","4W":"11","XQ":"3","5X":"11","XV":"3","X8":"3|11","XP":"3","4X":"11","R9":"11","5V":"11","XR":"3"},"9R":{"V3":"11","V4":"11","Q4":"11","M5":"11","G8":"11","W3":"11","Q5":"11","9P":"11","FC":"11","9M":"11","J5":"11","G6":"11","F9":"11","8P":"11","CJ":"11","P5":"11","CM":"11","G7":"11","R4":"11"},"JQ":{"93":"11","83":"11"},"WG":{"R5":"11","V4":"11","R8":"11","R9":"11","R6":"11","Q7":"11","Q6":"11","W4":"11","Q8":"11","Q9":"11","V5":"11","X3":"11","X4":"11"},"HQ":{"33":"3","42":"3","66":"11","62":"3","52":"3","22":"3","32":"3","23":"3"},"VH":{"RX":"11","QX":"11"},"VJ":{"P2":"11","C4":"11","3F":"11","H4":"11","4C":"11","C5":"11","2G":"11","3G":"11","M2":"11","F5":"11","49":"11","J3":"11","G4":"11","M3":"11","H3":"11","86":"11","85":"11","95":"11","F4":"11","4F":"11"},"8W":{"23":"11","62":"11","33":"11","C2":"2","92":"2","93":"2","82":"11|2","43":"11","63":"11","52":"11","72":"11","24":"11","53":"11"},"RM":{"22":"11","32":"11"}},"VH":{"2C":{"WR":"11","XQ":"11","WQ":"11","XR":"11"}},"WR":{"34":{"6J":"11","6M":"11"},"33":{"FF":"11"}},"6P":{"V4":{"P2":"11","C4":"11","66":"11","C5":"11","M2":"11","65":"11","R2":"11","46":"11","75":"11","26":"11","76":"11","F3":"11","H2":"11","Q2":"11","G4":"11","J2":"11","H3":"11","G3":"11","36":"11","85":"11","95":"11","56":"11","F4":"11","94":"11"},"G8":{"9F":"11","X7":"11","9Q":"11","H8":"11","9C":"11","G8":"11","CV":"11","R7":"11","X6":"11","CW":"11","9P":"11","F7":"11","Q8":"11","W6":"11","W7":"11","9G":"11","V7":"11","J8":"11","CX":"11","J7":"11","G7":"11","99":"11","9J":"11"},"7C":{"8J":"11","5J":"11","6J":"11","7J":"11","6M":"11","5M":"11"},"R4":{"9G":"11","GF":"11","7G":"11","FG":"11","W8":"11","5G":"11","X6":"11","W6":"11","HG":"11","V8":"11","GG":"11","HF":"11","6F":"11","8G":"11","6G":"11","V9":"11","V7":"11","CG":"11","W7":"11","5F":"11","4F":"11","3F":"11"},"P6":{"M3":"11","Q4":"11","P3":"11","6R":"11","P5":"11","Q5":"11","P4":"11"},"Q5":{"2H":"11"},"J7":{"2R":"11","RM":"11","2W":"11","2Q":"11","RP":"11","HJ":"11","GJ":"11","XJ":"11","QP":"11","3R":"11","3Q":"11","PM":"11","8H":"11","QM":"11","PP":"11","JM":"11","WM":"11","MM":"11","2V":"11","XM":"11","HM":"11","VM":"11"},"V5":{"52":"11"},"C9":{"6W":"11","RM":"11","6V":"11","2W":"11","3W":"11","QJ":"11","9Q":"11","WH":"11","VJ":"11","XJ":"11","XH":"11","2X":"11","5W":"11","RJ":"11","FM":"11","9R":"11","9P":"11","3X":"11","QM":"11","JM":"11","MM":"11","4W":"11","7V":"11","GM":"11","8V":"11","9V":"11","HM":"11","WJ":"11"},"6C":{"PR":"11","HR":"11","JR":"11","7X":"11","MR":"11","HV":"11","8X":"11","JV":"11"},"H7":{"MX":"11","HX":"11","PW":"11","VV":"11","JW":"11","JX":"11","MW":"11","QW":"11","QV":"11","VR":"11","GX":"11","RV":"11","WV":"11","WR":"11"},"99":{"VX":"11","XX":"11","WX":"11"},"W2":{"QW":"11","RV":"11","QV":"11","PW":"11","RW":"11"},"Q4":{"66":"11","56":"11"},"W3":{"5J":"11","5H":"11","6J":"11","6H":"11","4J":"11","6G":"11","4M":"11","5M":"11"},"P5":{"PR":"11","PV":"11","VP":"11","QQ":"11","QR":"11","RP":"11","XJ":"11","XH":"11","WM":"11","RQ":"11","MV":"11","VM":"11","WJ":"11"},"9C":{"F4":"11","44":"11","P2":"11","83":"11","54":"11","W2":"11","J2":"11","34":"11","25":"11","Q2":"11","F3":"11","74":"11","73":"11","35":"11","M2":"11","C3":"11","V2":"11","64":"11","R2":"11","J3":"11","G3":"11","H3":"11","C4":"11","24":"11","84":"11","M3":"11"},"2G":{"P2":"11","M2":"11","V2":"11","G2":"11","R2":"11","H2":"11","Q2":"11","J2":"11","G3":"11","W2":"11"},"8C":{"R5":"11","P6":"11","R6":"11","Q5":"11","M6":"11","Q6":"11","V5":"11","W5":"11","X4":"11","X5":"11"},"6F":{"72":"11"},"G9":{"65":"11","C2":"11","55":"11","54":"11","75":"11","43":"11","25":"11"},"H8":{"C3":"11","64":"11","65":"11","C2":"11","55":"11","G2":"11","93":"11","74":"11","26":"11","35":"11","45":"11","36":"11","84":"11","F2":"11","83":"11"},"F9":{"M8":"11","CC":"11","6F":"11","G9":"11","8F":"11","5G":"11","J9":"11","9F":"11","GC":"11","7G":"11","Q7":"11","V6":"11","9C":"11","R7":"11","CF":"11","X6":"11","P8":"11","FC":"11","4G":"11","Q8":"11","3H":"11","W6":"11","W7":"11","P7":"11","7F":"11","H9":"11","6G":"11","V7":"11","2H":"11","J8":"11","4H":"11","X5":"11"},"X2":{"XJ":"11","WP":"11","9V":"11","FV":"11","GV":"11","RP":"11","QQ":"11","5X":"11","7W":"11","CV":"11","XH":"11","6X":"11","WM":"11","GR":"11","XM":"11","CW":"11","PQ":"11","HV":"11","9W":"11","JQ":"11","HR":"11","7X":"11","QP":"11","8W":"11","MQ":"11","VP":"11","JR":"11","VM":"11"},"V3":{"VX":"11","MX":"11","VW":"11","JX":"11","XW":"11","RX":"11","QX":"11","PX":"11","WW":"11","WX":"11"},"2F":{"XX":"11","WX":"11"},"3F":{"4X":"11","6W":"11","3X":"11","5W":"11","WP":"11","9V":"11","8V":"11","FV":"11","GV":"11","QQ":"11","5X":"11","7W":"11","CV":"11","4W":"11","XP":"11","GR":"11","2X":"11","PQ":"11","RQ":"11","HV":"11","VQ":"11","9W":"11","HR":"11","8W":"11","MQ":"11","MR":"11","VP":"11","JR":"11"}},"CP":{"9F":{"J6":"11","H6":"11"}},"9W":{"76":{"VF":"11"},"57":{"2Q":"11"},"GM":{"XW":"11"},"86":{"6J":"11"},"95":{"QM":"11"},"HH":{"93":"11","C7":"11","94":"11","C3":"11","C8":"11","C4":"11","98":"11","97":"11"},"79":{"2P":"11","3Q":"11","4Q":"11","3P":"11"},"98":{"R7":"11","Q8":"11","Q7":"11","R8":"11","R9":"11"}},"JF":{"R7":{"G9":"11","HR":"11","GC":"11","HQ":"11","GJ":"11","JW":"11","HP":"11","JX":"11","HV":"11","GP":"11","GF":"11","GM":"11","JV":"11","GH":"11","GQ":"11","HW":"11","GG":"11"},"R8":{"J8":"11","FR":"11","M7":"11","M8":"11","J7":"11","JF":"11","FV":"11","HM":"11","J9":"11","J2":"11","HG":"11","CR":"11","CV":"11","HJ":"11","GM":"11","9X":"11","GQ":"11","M6":"11","CX":"11","GR":"11","CW":"11","FP":"11","HF":"11","GJ":"11","JG":"11","JH":"11","FQ":"11","HC":"11","9W":"11","JC":"11","GP":"11","HH":"11","J6":"11"},"R9":{"99":"11","93":"11","C7":"11","C6":"11","8F":"11","8G":"11","C2":"11","C3":"11","9C":"11","C5":"11","C8":"11","C4":"11","92":"11","98":"11","C9":"11","9F":"11"}},"4R":{"R3":{"66":"11"},"9H":{"VP":"11","VQ":"11"},"9M":{"F8":"11"},"R4":{"F7":"11"},"CJ":{"74":"11"},"32":{"3R":"11"}},"MJ":{"9P":{"68":"11","W2":"11","V2":"11","52":"11","53":"11","67":"11"},"9M":{"VX":"11","WX":"11"},"3X":{"P5":"11","P4":"11"},"4G":{"M9":"11","M8":"11","P9":"11","P8":"11"},"8P":{"M9":"11","M8":"11","P9":"11","P8":"11"}},"4Q":{"37":{"CP":"11"},"QR":{"QW":"11"},"83":{"2H":"11","3H":"11","2J":"11","P7":"11"},"5G":{"QJ":"11"},"7R":{"4W":"11"},"26":{"67":"11"},"6M":{"4W":"11","5W":"11","5V":"11"},"74":{"2F":"11","22":"11","32":"11"},"73":{"4X":"11","FR":"11","6W":"11","3X":"11","MP":"11","XJ":"11","5W":"11","9V":"11","8V":"11","5X":"11","7W":"11","CR":"11","CV":"11","XH":"11","GQ":"11","GR":"11","QM":"11","2X":"11","JQ":"11","PP":"11","HQ":"11","VJ":"11","QP":"11","WJ":"11","8W":"11","MQ":"11","RM":"11","VM":"11"},"46":{"45":"11","52":"11"},"CW":{"VP":"2","WP":"2","WM":"2","VM":"2"},"64":{"78":"11","R4":"11","68":"11","M5":"11","F6":"11","W2":"11","Q4":"11","77":"11","58":"11","87":"11","39":"11","2C":"11","M4":"11","48":"11","W3":"11","C6":"11","G5":"11","C7":"11","Q3":"11","R3":"11","29":"11","3C":"11","P4":"11","49":"11","H5":"11","97":"11","X2":"11","G6":"11","H6":"11","V3":"11","J5":"11"},"XW":{"CG":"11"},"92":{"RP":"11","JV":"11","RQ":"11","MV":"11","QQ":"11","PR":"11","QR":"11","MR":"11"},"RW":{"CJ":"11"},"2R":{"VP":"11"},"27":{"23":"3"},"GP":{"CX":"11"}},"JC":{"6X":{"P7":"11"},"9X":{"35":"11","36":"11","25":"11","45":"11","26":"11"},"8X":{"R5":"11","V4":"11","P4":"11","M2":"11","Q4":"11","W3":"11","M4":"11","Q5":"11","W4":"11","J2":"11","M3":"11","P3":"11","W5":"11","X4":"11","X5":"11","R4":"11"}},"8R":{"GM":{"MJ":"11"}},"3J":{"4P":{"G9":"11","HC":"11","JC":"11","JF":"11","MG":"11","G8":"11","F8":"11","H9":"11","JG":"11"},"G5":{"GH":"11","FH":"11","GG":"11","FG":"11"},"43":{"XQ":"11","XP":"11"},"53":{"2Q":"11","2P":"11","3Q":"11"}},"2W":{"VH":{"MG":"11","MF":"11"},"3Q":{"2P":"11"}},"9M":{"V3":{"PF":"11","RC":"11","8J":"11","JF":"11","HG":"11","3P":"11","2P":"11","9H":"11","HF":"11","MF":"11","7J":"11","QC":"11","3M":"11","JG":"11","5M":"11","PC":"11","CH":"11","4M":"11","9J":"11"},"66":{"RJ":"11","6W":"11","5W":"11","9V":"11","8V":"11","3W":"11","FV":"11","GV":"11","PM":"11","7W":"11","CV":"11","4W":"11","GR":"11","QM":"11","XG":"11","9W":"11","HR":"11","8W":"11","RM":"11"},"C5":{"5H":"11","4H":"11","4F":"11","4G":"11"},"HG":{"62":"11"},"F5":{"RM":"11","JQ":"11","FQ":"11","HQ":"11","MQ":"11","XJ":"11","QP":"11","GR":"11","PM":"11","FR":"11","CR":"11","9R":"11","QM":"11","PP":"11","WM":"11","GQ":"11","8V":"11","XM":"11","9V":"11","MP":"11","VM":"11","WJ":"11"},"27":{"QH":"11","PH":"11","VJ":"11","RJ":"11","WM":"11","3J":"11","XP":"11","XM":"11","3M":"11","5M":"11","RH":"11","2J":"11","4M":"11","4J":"11","WJ":"11"},"JX":{"VC":"11"},"M4":{"MP":"11"},"HF":{"6X":"11"},"96":{"P2":"11","C8":"11","P4":"11","H6":"11","M5":"11","M4":"11","Q2":"11","J5":"11","G6":"11","G5":"11","H5":"11","98":"11"},"76":{"P2":"11","CC":"11","8F":"11","Q3":"11","2G":"11","3G":"11","M2":"11","9C":"11","7C":"11","F8":"11","F7":"11","4G":"11","Q2":"11","7F":"11","M3":"11","P3":"11","C9":"11","2H":"11","8C":"11","99":"11","4F":"11"},"57":{"F4":"11","37":"11","66":"11","P3":"11","75":"11","47":"11","J4":"11","C5":"11","Q2":"11","57":"11","G5":"11","G4":"11","76":"11","R2":"11","J3":"11","Q3":"11","H4":"11","85":"11","F5":"11","27":"11","95":"11","M3":"11","56":"11"},"47":{"R8":"11","X7":"11","X8":"11","7G":"11","6H":"11","2P":"11","5J":"11","2M":"11","P9":"11","W8":"11","V8":"11","Q8":"11","7H":"11","3J":"11","W7":"11","Q9":"11","5H":"11","6G":"11","QC":"11","3M":"11","4H":"11","PC":"11","2J":"11","4J":"11"},"37":{"MP":"11","XJ":"11","2P":"11","WP":"11","RP":"11","7Q":"11","3P":"11","5Q":"11","GQ":"11","8Q":"11","XP":"11","GR":"11","WM":"11","XM":"11","4Q":"11","CQ":"11","9Q":"11","FQ":"11","3Q":"11","HR":"11","PP":"11","QP":"11","6Q":"11","4P":"11","RM":"11","VP":"11","VM":"11"},"R3":{"VR":"11","XQ":"11","WQ":"11","XP":"11","VQ":"11"},"G5":{"7G":"11","6H":"11","8G":"11","3H":"11","7H":"11","3J":"11","5H":"11","6G":"11","4H":"11","2J":"11","4J":"11"},"95":{"QW":"11","QQ":"11","QX":"11","PX":"11","QV":"11","PR":"11","PW":"11","QR":"11"},"VM":{"8R":"11","8Q":"11"},"GG":{"W4":"11"}},"W3":{"XG":{"PQ":"11","PR":"11"}},"7P":{"C8":{"MH":"11"},"7H":{"GM":"11"},"22":{"6F":"11","5G":"11","2G":"11","78":"11","5F":"11","3G":"11","92":"11","4G":"11","3H":"11","69":"11","68":"11","2H":"11","67":"11","MC":"11","6C":"11"},"VG":{"8H":"11"}},"6W":{"QG":{"9H":"11","CH":"11","9J":"11","CJ":"11"}},"QC":{"36":{"WJ":"11"},"66":{"MM":"11"}},"P9":{"V3":{"MF":"11"},"QH":{"36":"11","46":"11"},"Q3":{"J2":"11","G3":"11","J3":"11","H2":"11","H3":"11","M2":"11","67":"11"},"R9":{"JP":"11"},"X7":{"96":"11","6G":"11","54":"11","MW":"11","C4":"11"},"X8":{"VF":"11"},"PQ":{"VW":"11"},"W3":{"5C":"11"},"V8":{"39":"11"},"W6":{"6Q":"11","9J":"11","JH":"11"},"W7":{"R3":"11","H5":"11","R6":"11","Q2":"11","H2":"11","X4":"11","H3":"11","M2":"11"},"Q2":{"MX":"11","QW":"11","JX":"11","WP":"11","VP":"11","WM":"11","VR":"11","RQ":"11","RV":"11","PX":"11","PV":"11","WQ":"11","MW":"11","QV":"11","PW":"11","QR":"11","RR":"11","XP":"11","VQ":"11","XM":"11"},"QC":{"H5":"11"},"W5":{"Q6":"11"},"X5":{"MP":"11"}},"HF":{"6X":{"PF":"11","R8":"11","R9":"11","X7":"11","RC":"11","MG":"11","JH":"11","X6":"11","W8":"11","V8":"11","QF":"11","V9":"11","W7":"11","Q9":"11","MF":"11","QC":"11","JG":"11","PC":"11"},"7W":{"MJ":"11","JP":"11","8W":"11","FQ":"11","JJ":"11","HQ":"11","CV":"11","HP":"11","7X":"11","GP":"11","FR":"11","CR":"11","JM":"11","MM":"11","9W":"11","8X":"11","GQ":"11","9V":"11","HM":"11"},"JJ":{"H5":"11","H6":"11","J5":"11"},"7X":{"62":"11","54":"11","26":"11","43":"11","63":"11","52":"11","35":"11","72":"11","25":"11","44":"11","34":"11","53":"11"},"JH":{"PQ":"11","JR":"11","MQ":"11","QM":"11","PR":"11","PP":"11","QP":"11","MR":"11"}},"JJ":{"V6":{"X7":"11","W7":"11","W8":"11"},"XC":{"68":"11","7C":"11","6C":"11","67":"11"},"GW":{"RV":"11","RW":"11"},"R3":{"JP":"11","H4":"11","FP":"11","JQ":"11","FQ":"11","HQ":"11","HP":"11","GP":"11","FR":"11","JM":"11","MM":"11","G4":"11","GM":"11","GQ":"11","G5":"11","G3":"11","MP":"11"},"GX":{"WC":"11"},"R4":{"9W":"11","8W":"11","8V":"11","9V":"11"}},"JM":{"96":{"72":"11","62":"11"},"95":{"6X":"11","7X":"11"},"P4":{"FP":"11"}},"PJ":{"7G":{"C3":"11","F4":"11","F3":"11","C4":"11"},"CM":{"FR":"11"},"MW":{"4H":"11","3G":"11","4G":"11"},"JQ":{"C7":"11"}},"Q8":{"CC":{"W2":"11","X2":"11"},"C4":{"XJ":"11","XQ":"11","XH":"11","XP":"11","XM":"11"},"C3":{"M8":"11","RM":"11","QH":"11","PF":"11","PG":"11","QJ":"11","M5":"11","RP":"11","QP":"11","M4":"11","M6":"11","P8":"11","P9":"11","QM":"11","J3":"11","J2":"11","RQ":"11","M7":"11","RR":"11","QG":"11","PC":"11","J4":"11"},"C2":{"F8":"11","GF":"11","FG":"11","HW":"11","GH":"11","FF":"11","HM":"11","F6":"11","C2":"11","JW":"11","GM":"11","C5":"11","HP":"11","C6":"11","C8":"11","C3":"11","C7":"11","HV":"11","GG":"11","GJ":"11","FC":"11","92":"11","HR":"11","JX":"11","HQ":"11","F9":"11","C4":"11","F7":"11","GP":"11"},"F5":{"23":"11","3F":"11","38":"11","33":"11","3G":"11","3P":"11","4R":"11","4P":"11","4V":"11","3H":"11","3J":"11","4W":"11","35":"11","37":"11","25":"11","24":"11","4Q":"11","36":"11","22":"11","39":"11","3M":"11","34":"11","4M":"11","3C":"11","4X":"11"},"4P":{"78":"11","88":"11","QQ":"11","VQ":"11","XR":"11","QP":"11","PP":"11","VR":"11","RQ":"11","WR":"11"},"F8":{"8M":"11","6V":"11","7P":"11","6W":"11","7G":"11","7J":"11","8P":"11","83":"11","96":"11","93":"11","7Q":"11","7W":"11","7R":"11","7V":"11","7M":"11","87":"11","6X":"11","86":"11","8J":"11","88":"11","8H":"11","8C":"11","89":"11","8G":"11","92":"11","7H":"11","7X":"11","98":"11","8F":"11","85":"11","97":"11","84":"11","94":"11","95":"11"},"F7":{"8M":"11","9G":"11","9M":"11","8P":"11","9V":"11","75":"11","9J":"11","9X":"11","87":"11","74":"11","73":"11","86":"11","8J":"11","88":"11","8H":"11","9F":"11","76":"11","9Q":"11","8C":"11","9P":"11","89":"11","8G":"11","9R":"11","9W":"11","9H":"11","72":"11","8F":"11","85":"11","84":"11"},"F9":{"2R":"11","58":"11","62":"11","64":"11","2M":"11","2P":"11","4G":"11","5C":"11","56":"11","59":"11","4J":"11","55":"11","49":"11","3G":"11","3F":"11","3J":"11","4F":"11","2Q":"11","48":"11","54":"11","4H":"11","3M":"11","57":"11","66":"11","63":"11","65":"11","2V":"11","3P":"11","5F":"11","72":"11","53":"11","2J":"11","2W":"11","3H":"11","3Q":"11","4C":"11"},"5P":{"6V":"11","6W":"11","GX":"11","QV":"11","PV":"11","HW":"11","5W":"11","WP":"11","QR":"11","RR":"11","WQ":"11","7W":"11","JW":"11","3V":"11","9X":"11","VR":"11","GW":"11","XP":"11","CX":"11","XQ":"11","MW":"11","FX":"11","8X":"11","2V":"11","VQ":"11","MV":"11","4V":"11","RV":"11","PW":"11","7X":"11","2R":"11","HX":"11","5V":"11","8W":"11"},"C9":{"XW":"11","XX":"11","XQ":"11","XV":"11","WW":"11","XR":"11","WX":"11"},"F6":{"7R":"11","5C":"11","6F":"11","5G":"11","6V":"11","59":"11","5F":"11","42":"11","6J":"11","6H":"11","55":"11","6R":"11","7X":"11","46":"11","54":"11","6Q":"11","7W":"11","43":"11","7V":"11","57":"11","45":"11","5H":"11","6G":"11","44":"11","6M":"11","56":"11","6P":"11","58":"11"},"6P":{"F8":"11","5H":"11","5J":"11","G8":"11","7G":"11","2P":"11","J7":"11","M5":"11","C9":"11","P3":"11","H7":"11","2M":"11","Q4":"11","CC":"11","M6":"11","M4":"11","P5":"11","7F":"11","9C":"11","9F":"11","8C":"11","6H":"11","4M":"11","8G":"11","G7":"11","3M":"11","P4":"11","6G":"11","4J":"11","F9":"11","8F":"11","3J":"11","J6":"11","H6":"11","J5":"11"},"F4":{"2W":"11","2Q":"11","2M":"11","2X":"11","2R":"11","2V":"11","2P":"11"}},"3R":{"J8":{"2W":"11","38":"11"},"F4":{"22":"11","32":"11"},"J7":{"M2":"11"},"M5":{"MF":"11"},"CM":{"F7":"11","C9":"11"},"75":{"4V":"11","3R":"11"},"7W":{"7M":"11"},"CP":{"4F":"11"},"Q2":{"V3":"11"},"M6":{"7X":"11"},"P5":{"F2":"11"},"G5":{"F9":"11"},"4Q":{"5C":"11","49":"11","59":"11","3Q":"11"},"G4":{"6J":"11"},"H2":{"2R":"11","5R":"11","5W":"11","4V":"11","5V":"11"},"J3":{"8M":"11","M3":"11"},"Q3":{"FJ":"11","H5":"11","WG":"11"},"H3":{"7H":"11"},"J6":{"H7":"11"},"62":{"RX":"11","RW":"11"},"RM":{"2P":"11"},"G2":{"MH":"11","XX":"11","WR":"11","XR":"11"},"J5":{"5R":"11"}},"3W":{"Q6":{"P2":"11","P3":"11"}},"MC":{"MG":{"MH":"11","PH":"11","MG":"11","HG":"11","GG":"11","PG":"11","JG":"11"},"M6":{"HX":"11","JX":"11","MQ":"11","JR":"11","JV":"11","RH":"11","PM":"11","VH":"11","QH":"11","QJ":"11","QM":"11","WH":"11","JQ":"11","PP":"11","PJ":"11","MP":"11","RJ":"11"},"P5":{"HX":"11","GW":"11","FX":"11","HW":"11","GX":"11"},"M7":{"J2":"11","J3":"11","J4":"11","H2":"11","H3":"11"},"P6":{"37":"11","78":"11","68":"11","66":"11","96":"11","75":"11","38":"11","67":"11","47":"11","C2":"11","77":"11","4H":"11","2H":"11","58":"11","87":"11","F3":"11","39":"11","74":"11","2C":"11","48":"11","86":"11","57":"11","5C":"11","65":"11","59":"11","C3":"11","46":"11","2G":"11","88":"11","76":"11","3G":"11","4G":"11","29":"11","3C":"11","55":"11","49":"11","69":"11","85":"11","97":"11","4C":"11","84":"11","F2":"11","G2":"11","79":"11","2F":"11","4F":"11","56":"11","3F":"11"}},"MQ":{"J4":{"J2":"11"},"5Q":{"6R":"11"}},"2J":{"V6":{"H2":"11","H3":"11","G2":"11"},"48":{"2P":"11"},"R5":{"JJ":"11","PM":"11","XQ":"11","QM":"11","WQ":"11","HH":"11","JH":"11","HJ":"11","PJ":"11","MM":"11","MJ":"11"},"V5":{"8V":"11","FX":"11","FW":"11","CW":"11","CV":"11","5R":"11","4R":"11","6R":"11","7V":"11","7R":"11","GX":"11","8R":"11"},"38":{"MH":"11","PH":"11","WP":"11","WM":"11","RM":"11","QJ":"11","VM":"11","XP":"11","XM":"11","PJ":"11","RJ":"11","MJ":"11"},"X8":{"2C":"11","2F":"11","3G":"11","2G":"11","3F":"11"},"HJ":{"8M":"11","9P":"11","6J":"11","5R":"11","6M":"11","CP":"11","8P":"11","5Q":"11"},"W8":{"W9":"11","X7":"11","X8":"11","R7":"11","X9":"11","W8":"11","V8":"11","V9":"11","W7":"11","WC":"11","XC":"11","V7":"11","XF":"11"}},"GW":{"95":{"JR":"11","JV":"11","MV":"11","PR":"11","MR":"11"}},"Q5":{"9M":{"M8":"11","MJ":"11","PR":"11","PJ":"11","PF":"11","P6":"11","PV":"11","PG":"11","PH":"11","PW":"11","MG":"11","M2":"11","M5":"11","MQ":"11","PQ":"11","MR":"11","M4":"11","PM":"11","M6":"11","P8":"11","P9":"11","PP":"11","MM":"11","M9":"11","P7":"11","MV":"11","M3":"11","M7":"11","MH":"11","P5":"11","MF":"11","MP":"11","PC":"11","MC":"11"},"4R":{"8J":"11","9H":"11","9J":"11"},"9J":{"MX":"11"},"7F":{"6J":"11","6H":"11","9H":"11","8G":"11","4G":"11","7H":"11","9G":"11","CG":"11","5H":"11","7J":"11","4H":"11","CH":"11"}},"PM":{"JP":{"HW":"11"},"XR":{"RV":"11","RR":"11"}},"GM":{"63":{"V6":"11","V5":"11","W5":"11","W6":"11"},"HP":{"JW":"11"}},"XX":{"C7":{"R3":"11","V4":"11","W3":"11","R4":"11","V3":"11"},"CC":{"J8":"11","M7":"11","M8":"11","MP":"11","MM":"11","J7":"11","JF":"11","Q8":"11","H7":"11","HM":"11","J9":"11","PM":"11","QH":"11","PH":"11","MF":"11","P8":"11","HG":"11","QC":"11","HJ":"11","HP":"11","PF":"11","P9":"11","PC":"11","Q6":"11","JM":"11","JV":"11","HV":"11","JJ":"11","MG":"11","HF":"11","JP":"11","JG":"11","QF":"11","JH":"11","HC":"11","PJ":"11","QG":"11","JQ":"11","HR":"11","PP":"11","PG":"11","H9":"11","H8":"11","HQ":"11","Q9":"11","M9":"11","JC":"11","MQ":"11","HH":"11","J6":"11","MR":"11","MJ":"11","H6":"11","MC":"11","JR":"11","MH":"11"},"C4":{"CV":"11","9V":"11"}},"2Q":{"MX":{"FW":"11","59":"11","F6":"11"},"HX":{"VX":"11","VW":"11","RX":"11","QX":"11","PX":"11","RW":"11","WW":"11"},"QW":{"R5":"11","PH":"11","J7":"11","X5":"11","J8":"11","Q6":"11","H8":"11","M6":"11","V5":"11","P5":"11","R6":"11","M7":"11","W5":"11","Q5":"11"},"WV":{"9J":"11"},"PW":{"3X":"11","4X":"11"}},"CJ":{"4X":{"JF":"11","2Q":"11","6H":"11","2P":"11","5J":"11","8H":"11","9H":"11","7H":"11","9G":"11","CG":"11","5H":"11","MF":"11","4J":"11"},"XR":{"37":"3","47":"3","35":"3","36":"3","46":"3","45":"3"},"6W":{"FX":"11","FW":"11","CX":"11","FV":"11"},"3X":{"8W":"11","PV":"11","HX":"11","PW":"11","XQ":"11","XR":"11","VV":"11","JW":"11","MW":"11","QV":"11","VR":"11","GX":"11","9W":"11","9X":"11","RV":"11","WV":"11","HW":"11","CX":"11","FX":"11","WR":"11"},"QV":{"XW":"11","W9":"11","X8":"11","XQ":"11","XR":"11","X9":"11","W8":"11","XV":"11","XP":"11"},"PV":{"H8":"11"},"HW":{"78":"11","M5":"11","F6":"11","W2":"11","Q4":"11","87":"11","M4":"11","W3":"11","P5":"11","5C":"11","59":"11","V2":"11","C7":"11","88":"11","Q3":"11","R3":"11","3C":"11","P4":"11","H5":"11","98":"11","69":"11","F7":"11","97":"11","4C":"11","X2":"11","G6":"11","H6":"11","V3":"11","79":"11","2F":"11","J5":"11","3F":"11"},"FV":{"3X":"11","5X":"11","5W":"11","4X":"11"},"5X":{"MJ":"11","PJ":"11","QH":"11","5Q":"11","QJ":"11","FP":"11","PH":"11","WH":"11","JJ":"11","HJ":"11","XH":"11","FM":"11","7Q":"11","9P":"11","6Q":"11","JM":"11","7P":"11","XG":"11","8P":"11","GM":"11","VH":"11","4Q":"11","CM":"11","HM":"11","RH":"11","CP":"11","6P":"11","WJ":"11"},"FW":{"22":"11","32":"11"},"JW":{"83":"11","22":"11"},"VR":{"R5":"11","V4":"11","X7":"11","X8":"11","Q4":"11","R6":"11","V6":"11","R7":"11","W3":"11","Q5":"11","W8":"11","W4":"11","W7":"11","V5":"11","X3":"11","V7":"11","W5":"11","X4":"11","R4":"11"},"GW":{"XF":"11"},"6X":{"3C":"11","2H":"11","C2":"11","2F":"11","2G":"11","3F":"11"},"WR":{"28":"11","29":"11"},"CW":{"V3":"11","V4":"11","C5":"11","P4":"11","64":"11","Q4":"11","65":"11","F5":"11","W3":"11","M4":"11","75":"11","X2":"11","R3":"11","X3":"11","85":"11","95":"11","84":"11","R4":"11","J4":"11","94":"11"},"8X":{"G4":"11","F5":"11","J3":"11","F4":"11","H4":"11","C5":"11","H3":"11"},"JV":{"4X":"11","6V":"11","6W":"11","3X":"11","MM":"11","W8":"11","5W":"11","3W":"11","HM":"11","PM":"11","QH":"11","PH":"11","7R":"11","GM":"11","7V":"11","4W":"11","W9":"11","CP":"11","HP":"11","QM":"11","2X":"11","JM":"11","CQ":"11","9Q":"11","FP":"11","QF":"11","X8":"11","9R":"11","PJ":"11","QG":"11","8R":"11","GP":"11","QJ":"11"},"HV":{"XX":"11"},"XW":{"63":"11","64":"11","44":"11","33":"11","73":"11","42":"11","72":"11","54":"11","62":"11","52":"11","43":"11","32":"11","53":"11"},"MV":{"87":"11","78":"11","88":"11","77":"11","97":"11","67":"11","98":"11"},"9W":{"MG":"11","RF":"11","RG":"11","VC":"11","QG":"11","VF":"11","PG":"11","JG":"11"},"RV":{"3F":"11","2F":"11","2W":"11","2G":"11","3P":"11","2P":"11","29":"11","3Q":"11","3H":"11","3J":"11","39":"11","3M":"11","2C":"11","2H":"11","3C":"11"},"XV":{"6X":"11","7X":"11"}},"2X":{"VV":{"P2":"11","P3":"11","32":"11","W2":"11","J2":"11","52":"11","C2":"11","82":"11","22":"11","X3":"11","Q2":"11","23":"11","W3":"11","M2":"11","33":"11","V2":"11","H2":"11","R2":"11","Q3":"11","92":"11","R3":"11","42":"11","72":"11","X2":"11","F2":"11","62":"11","G2":"11","V3":"11","M3":"11"},"JV":{"G3":"11","C3":"11","F3":"11"},"MV":{"R3":"11","M3":"11","P3":"11","J3":"11","W3":"11","H2":"11","X3":"11","H3":"11","Q3":"11","V3":"11"},"WR":{"6R":"11"},"WV":{"23":"11","42":"11","33":"11","32":"11","73":"11","92":"11","93":"11","82":"11","43":"11","63":"11","52":"11","22":"11","83":"11","53":"11"},"RV":{"X3":"11"},"PV":{"93":"11","63":"11","83":"11","C2":"11","33":"11","C3":"11","73":"11","72":"11","92":"11","F2":"11","43":"11","53":"11","23":"11","82":"11"},"7R":{"GH":"11","F9":"11","GG":"11","FC":"11","GF":"11","FF":"11","FG":"11"}},"9Q":{"5C":{"RF":"11"}},"4P":{"PV":{"QC":"3","V9":"3","RC":"3","VC":"3","W9":"3"},"XQ":{"PV":"11","XR":"11","VV":"11","GW":"11","JW":"11","FW":"11","7X":"11","CW":"11","MW":"11","VR":"11","MV":"11","9W":"11","9X":"11","6X":"11","JV":"11","8X":"11","RV":"11","RR":"11","HW":"11","CX":"11","5X":"11","WR":"11","4X":"11"},"QR":{"WW":"11"},"XR":{"42":"11","52":"11","22":"11","32":"11"},"JW":{"5J":"11"},"VR":{"M8":"11","X7":"11","Q7":"11","R7":"11","X6":"11","P8":"11","W6":"11","W7":"11","P7":"11","V7":"11","J8":"11"},"RR":{"7Q":"11","CQ":"11","9Q":"11","7R":"11","8Q":"11"},"HW":{"VP":"11"},"FX":{"MJ":"11","PJ":"11","QH":"11","8R":"11","PH":"11","9Q":"11","FQ":"11","JJ":"11","HJ":"11","CQ":"11","FM":"11","CR":"11","9R":"11","JM":"11","GM":"11","HM":"11","RH":"11"},"WR":{"R3":"11","P3":"11","36":"11","W2":"11","X2":"11","W3":"11","V2":"11","Q3":"11","V3":"11","26":"11"}},"4V":{"QJ":{"MC":"11","PF":"11","PC":"11"},"QG":{"X2":"11"},"75":{"W6":"11"},"VG":{"9V":"11"}},"XF":{"WX":{"HR":"11"}}}}