{"7M":{"P2":{"J2":{"R8":"11"}},"8Q":{"2M":{"2P":"11"}},"95":{"Q9":{"44":"11","78":"11","MP":"11","MM":"11","66":"11","54":"11","32":"11","HM":"11","77":"11","GM":"11","22":"11","43":"11","HP":"11","65":"11","33":"11","9C":"11","88":"11","76":"11","JM":"11","8C":"11","89":"11","JP":"11","PP":"11","55":"11","53":"11","GP":"11"},"RC":{"V5":"11"},"Q8":{"2X":"11"},"F2":{"X5":"11","R3":"11","V4":"11","P2":"11","P3":"11","W3":"11","X4":"11","Q3":"11","M2":"11","V3":"11","W4":"11"},"P9":{"W2":"11","X2":"11"},"P8":{"VW":"11","9M":"11","7G":"11","7C":"11","QV":"11","PV":"11","68":"11","6C":"11","47":"11","9J":"11","58":"11","57":"11","7F":"11","46":"11","8J":"11","8H":"11","JV":"11","HV":"11","MV":"11","8G":"11","XX":"11","RW":"11","RV":"11","VX":"11","69":"11","WX":"11"}},"FX":{"6G":{"6F":"11"},"WR":{"CC":"11","G9":"11","GC":"11","FF":"11","GF":"11","FC":"11","F9":"11","C9":"11","FG":"11","GG":"11"},"WQ":{"6J":"11","7J":"11","6M":"11"}},"F6":{"7W":{"PV":"11","FG":"11","GH":"11","FH":"11","HM":"11","CH":"11","PX":"11","HJ":"11","GM":"11","HP":"11","MW":"11","9C":"11","9F":"11","8C":"11","JV":"11","JP":"11","89":"11","GJ":"11","MV":"11","JQ":"11","CF":"11","HQ":"11","PW":"11","MX":"11","FJ":"11","MQ":"11","MR":"11","CG":"11","JR":"11"},"7X":{"P2":"11"},"8X":{"5C":"11","6F":"11","38":"11","48":"11","59":"11","7G":"11","49":"11","8H":"11","8G":"11","7H":"11","7F":"11","6G":"11","6C":"11"},"2P":{"78":"11","MM":"11","FG":"11","68":"11","GH":"11","FF":"11","QQ":"11","RP":"11","99":"11","RR":"11","67":"11","36":"11","47":"11","PM":"11","CC":"11","HJ":"11","58":"11","VR":"11","25":"11","35":"11","57":"11","WR":"11","46":"11","WV":"11","9C":"11","9F":"11","8C":"11","RQ":"11","JJ":"11","VQ":"11","GG":"11","XW":"11","89":"11","JH":"11","PP":"11","CF":"11","QP":"11","24":"11","XV":"11","HH":"11","MJ":"11","79":"11"},"3Q":{"J8":"11","M8":"11","RC":"11","RF":"11","83":"11","H7":"11","F6":"11","J9":"11","52":"11","WF":"11","QC":"11","XH":"11","C5":"11","74":"11","73":"11","VF":"11","C6":"11","P9":"11","PC":"11","XG":"11","G7":"11","63":"11","H8":"11","WG":"11","Q9":"11","M9":"11","42":"11","85":"11","F7":"11","F5":"11","84":"11","53":"11","94":"11","95":"11","G6":"11","62":"11","H6":"11"},"4Q":{"2G":"11","5J":"11","7Q":"11","3H":"11","3J":"11","8Q":"11","7P":"11","8P":"11","5P":"11","5M":"11","6M":"11","2H":"11","6P":"11","4M":"11","4J":"11"},"3P":{"2W":"11","3W":"11","3X":"11","5X":"11","2V":"11","4X":"11"}},"6X":{"35":{"X9":"11","X7":"11","X8":"11"},"49":{"7W":"11"},"45":{"39":"11","37":"11","28":"11","27":"11","38":"11","29":"11"},"C4":{"HG":"11","JG":"11","JF":"11","HF":"11"}},"HJ":{"92":{"7F":"11"},"62":{"8W":"11","7W":"11","7X":"11","8X":"11","PX":"11"}},"HG":{"R4":{"7F":"11"}},"F7":{"QQ":{"MQ":"11","JJ":"11","MV":"11","JM":"11","PX":"11","PV":"11","PR":"11","PW":"11","JP":"11","MP":"11","MR":"11"},"RV":{"5H":"11","5J":"11","7P":"11","6P":"11","32":"11","5G":"11","7Q":"11","36":"11","47":"11","7W":"11","7R":"11","34":"11","7V":"11","58":"11","6M":"11","22":"11","23":"11","35":"11","48":"11","5C":"11","59":"11","46":"11","33":"11","8X":"11","6H":"11","6J":"11","6G":"11","49":"11","7X":"11","6Q":"11","45":"11","4C":"11","8W":"11","5F":"11"},"QR":{"XR":"11","XJ":"11","Q5":"11","P2":"11","R8":"11","Q4":"11","WH":"11","WF":"11","Q2":"11","XP":"11","VG":"11","VF":"11","XQ":"11","WM":"11","V8":"11","R6":"11","XM":"11","R5":"11","Q3":"11","WG":"11","V9":"11","R7":"11","R9":"11","XV":"11","WJ":"11","VC":"11"},"92":{"66":"11"},"RR":{"2W":"11","2Q":"11","2X":"11","2R":"11","2V":"11"},"RW":{"CC":"11","97":"11","93":"11","82":"11","96":"11","86":"11","85":"11","95":"11","84":"11","C9":"11","83":"11","99":"11","98":"11","94":"11"}},"5W":{"V3":{"RW":"11","WW":"11","4R":"11","XR":"11","QX":"11","CV":"11","6R":"11","RX":"11","VW":"11","HV":"11","7Q":"11","FV":"11","8Q":"11","XV":"11","5R":"11","JV":"11","9V":"11","WV":"11","HW":"11"},"Q3":{"6F":"11","8F":"11","5G":"11","R9":"11","RC":"11","5F":"11","7C":"11","VC":"11","4G":"11","V9":"11","7F":"11","5H":"11","FG":"11","4H":"11","8C":"11","GG":"11","6C":"11"},"H4":{"8J":"11","9H":"11","2M":"11","QF":"11","XJ":"11","RF":"11","QC":"11","6H":"11","5R":"11","4M":"11","2J":"11","7J":"11","PF":"11","CH":"11","9J":"11","5M":"11","5X":"11","5P":"11","QG":"11","5W":"11","XH":"11","XP":"11","PG":"11","CJ":"11","XG":"11","5V":"11","5Q":"11"},"P4":{"93":"11","84":"11","83":"11","G3":"11","94":"11","F4":"11","F3":"11","C4":"11"},"M5":{"42":"11","22":"11","32":"11"},"W3":{"5H":"11","5J":"11","7G":"11","FG":"11","RC":"11","RF":"11","WC":"11","GH":"11","FH":"11","3P":"11","PH":"11","WF":"11","5M":"11","5C":"11","59":"11","7F":"11","RG":"11","9F":"11","6H":"11","MG":"11","4M":"11","GG":"11","JG":"11","6J":"11","JH":"11","3Q":"11","QG":"11","PG":"11","6G":"11","2R":"11","8F":"11","4P":"11","HH":"11","2Q":"11","XC":"11","VC":"11"},"M4":{"CR":"11","CW":"11","R7":"11","QF":"11","6W":"11","FR":"11","PJ":"11","HP":"11","RF":"11","V9":"11","5X":"11","8W":"11","3X":"11","4X":"11","JM":"11","PH":"11","X2":"11","JQ":"11","HQ":"11","MM":"11","R8":"11","QG":"11","9W":"11","R5":"11","V5":"11","PG":"11","6X":"11","V4":"11","RC":"11","7X":"11","V8":"11","Q5":"11","QH":"11","JP":"11","X3":"11","7W":"11","V7":"11","MJ":"11","R9":"11","FV":"11","CV":"11","W4":"11","W5":"11","JR":"11","9V":"11","W3":"11","8V":"11","HR":"11","X4":"11","RG":"11"},"J5":{"Q9":"11","F5":"11","94":"11","CV":"11","F4":"11","X2":"11","Q8":"11","Q7":"11","C5":"11","G5":"11","FV":"11","C4":"11","R8":"11","P7":"11","R9":"11"},"G4":{"XJ":"11"},"R3":{"HR":"11","66":"11","5V":"11","8R":"11","JR":"11","4V":"11","GR":"11","HV":"11","9R":"11","GV":"11","JV":"11","67":"11"},"X3":{"C8":"11","59":"11","H6":"11","R6":"11","M5":"11","V6":"11","G8":"11","X6":"11","29":"11","49":"11","Q6":"11","F8":"11","F7":"11","W6":"11","J5":"11","H7":"11","J6":"11","69":"11","89":"11","P5":"11","39":"11","2C":"11","79":"11","G7":"11","99":"11","98":"11"},"P3":{"6W":"11","6V":"11","FP":"11","5V":"11","FQ":"11","MQ":"11","PQ":"11","5W":"11","GP":"11","7W":"11","WM":"11","7V":"11","GQ":"11","VM":"11","WJ":"11"},"H5":{"J2":"11","44":"11","35":"11","P2":"11","P3":"11","F4":"11","66":"11","45":"11","54":"11","75":"11","52":"11","65":"11","M2":"11","53":"11"},"2H":{"8M":"11","9M":"11"},"J4":{"XX":"11","JP":"11","5Q":"11","JQ":"11","PW":"11","2Q":"11","JJ":"11","2P":"11","QX":"11","RX":"11","3Q":"11","FM":"11","7Q":"11","MW":"11","6Q":"11","QW":"11","JM":"11","8Q":"11","MV":"11","8P":"11","PX":"11","GM":"11","VX":"11","2H":"11","2J":"11"}},"WP":{"7M":{"4Q":"11"},"54":{"MX":"11","JX":"11"},"55":{"G4":"11","J2":"11","G3":"11","94":"11","F4":"11","H4":"11","H2":"11","C4":"11","H3":"11","M2":"11"}},"VR":{"4C":{"46":"11","35":"11","47":"11","37":"11","36":"11","44":"11","34":"11"}},"9R":{"85":{"CQ":"3","FQ":"3","CR":"3","CP":"3","FR":"3","FP":"3"},"55":{"VP":"11"},"6C":{"36":"11"}},"M9":{"7R":{"5J":"11","6J":"11","6M":"11","5M":"11"}},"VC":{"RX":{"6M":"11"},"27":{"X8":"11"}},"FM":{"CG":{"MM":"11","MJ":"11"}},"42":{"X7":{"C8":"11","G9":"11","J9":"11","WF":"11","87":"11","RC":"11","88":"11","H8":"11","77":"11","G8":"11","VC":"11","46":"11","P9":"11","F8":"11","M9":"11","57":"11","Q9":"11","47":"11","H9":"11","WC":"11","XC":"11","QC":"11","XF":"11","J8":"11","67":"11","98":"11"},"R6":{"6X":"11","2X":"11","7X":"11","3X":"11","5X":"11","5W":"11","6W":"11"},"Q7":{"R3":"11","G3":"11","M3":"11","P3":"11","J3":"11","W2":"11","V2":"11","M4":"11","Q2":"11","H3":"11","R2":"11","Q3":"11","P4":"11"},"Q6":{"VX":"11","XX":"11","WX":"11"},"93":{"5G":"11","3F":"11","4C":"11","FP":"11","8J":"11","5F":"11","8M":"11","6H":"11","29":"11","9P":"11","9M":"11","7H":"11","6G":"11","7J":"11","CM":"11","2C":"11","CP":"11","3C":"11","4F":"11","9J":"11"},"J5":{"6W":"11","5Q":"11","4R":"11","CV":"3","GW":"3","FW":"3","7X":"11","4V":"11","CW":"3","5W":"11","FV":"3","7W":"11","GX":"3","9X":"11","6X":"11","8X":"11","4Q":"11","FX":"3"},"J6":{"X5":"11","R3":"11","J2":"11","V4":"11","P2":"11","P3":"11","X4":"11","R4":"11","Q3":"11","M2":"11","W4":"11"},"83":{"X9":"11","V7":"11","W7":"11","X8":"11","W8":"11"}},"6V":{"PV":{"6W":"11","2W":"11","3W":"11","7X":"11","7W":"11","4W":"11","2V":"11"},"4R":{"J7":"11","J8":"11","M7":"11","P7":"11","P6":"11"},"JW":{"63":"11","34":"11","33":"11","24":"11","73":"11","72":"11","92":"11","62":"11","43":"11","53":"11","82":"11"},"7X":{"WX":"11","XW":"11","WW":"11","RX":"11","VW":"11","XV":"11","VX":"11"},"CQ":{"6J":"11","RF":"11","RC":"11","3H":"11"},"MV":{"XW":"11","XV":"11"},"5R":{"J8":"11","J2":"11","J3":"11","M2":"11"},"9X":{"W9":"11","R9":"11","RC":"11","VC":"11","X9":"11","Q9":"11","WC":"11","XC":"11","QC":"11"},"8X":{"2W":"11","2V":"11"},"JV":{"PR":"11","PV":"11","QR":"11","GW":"11","JW":"11","FW":"11","MR":"11","HV":"11","QV":"11","MV":"11","GX":"11","9X":"11","JV":"11","8X":"11","HW":"11","CX":"11","FX":"11"},"CX":{"5C":"11","G9":"11","4C":"11","7C":"11","29":"11","F8":"11","F9":"11","89":"11","C9":"11","2C":"11","8C":"11","99":"11","3C":"11","6C":"11"}},"VJ":{"M7":{"RX":"11","QX":"11"},"M8":{"R2":"11"},"G2":{"8M":"11","9M":"11"}},"QH":{"7P":{"Q3":"3"},"3X":{"VP":"11","VM":"11"},"8P":{"73":"11"}},"8P":{"R9":{"XR":"11","PV":"11","HW":"11","QR":"11","RR":"11","FW":"11","JW":"11","9X":"11","VR":"11","GW":"11","WR":"11","CW":"11","8X":"11","PR":"11","JV":"11","MV":"11","9W":"11","7X":"11"},"RC":{"42":"11","72":"11","62":"11","52":"11","22":"11","32":"11"},"VC":{"X5":"11","X4":"11","W4":"11"},"F7":{"W9":"11","R9":"11","VC":"11","X9":"11","V9":"11","Q9":"11","WC":"11","XC":"11"},"V9":{"2R":"11","5Q":"11","8J":"11","HG":"11","8M":"11","2Q":"11","7M":"11","3Q":"11","9H":"11","9G":"11","CG":"11","4Q":"11","5P":"11","JG":"11","6M":"11","FG":"11","6P":"11","GG":"11","9J":"11"},"G6":{"MX":"11","QW":"11","QX":"11","PX":"11","MW":"11"},"Q9":{"PW":"11","QX":"11","JW":"11","RX":"11","GR":"11","HV":"11","FR":"11","CR":"11","MW":"11","GV":"11","PX":"11","JV":"11"},"WC":{"5C":"11","6F":"11","8F":"11","38":"11","48":"11","4C":"11","9F":"11","27":"11","49":"11","26":"11","7F":"11","37":"11","25":"11","6C":"11"},"XC":{"5Q":"11","8W":"11","6V":"11","3P":"11","4P":"11","6R":"11","6Q":"11","7W":"11","7V":"11","5R":"11","9X":"11","8X":"11","5P":"11","3M":"11","4M":"11"},"QC":{"W2":"11","X2":"11","V2":"11","R2":"11"},"XF":{"V3":"11","V4":"11","Q3":"11","C2":"11","G2":"11","92":"11","J3":"11","W4":"11","H2":"11","J2":"11","M3":"11","R3":"11","P3":"11","F2":"11","X4":"11"},"G7":{"RJ":"11","78":"11","P6":"11","68":"11","RC":"11","RF":"11","P2":"11","R8":"11","P3":"11","Q8":"11","Q7":"11","F6":"11","Q4":"11","J4":"11","RH":"11","87":"11","39":"11","2C":"11","P5":"11","G5":"11","C6":"11","M2":"11","59":"11","RG":"11","C7":"11","88":"11","J3":"11","Q3":"11","P7":"11","H4":"11","29":"11","QG":"11","3C":"11","P4":"11","49":"11","VH":"11","H5":"11","Q9":"11","98":"11","VJ":"11","69":"11","R9":"11","F7":"11","97":"11","4C":"11","F5":"11","G6":"11","79":"11","M3":"11","J5":"11","VM":"11"}},"9P":{"3C":{"MX":"11","2X":"11","HW":"11","3X":"11","PX":"11","MW":"11","PW":"11","4X":"11"},"2C":{"VX":"11","XX":"11","WX":"11"},"HH":{"WC":"11","V8":"11","V9":"11","XF":"11","VC":"11","XG":"11","WF":"11"},"2F":{"P2":"11","C3":"11","23":"11","33":"11","M2":"11","V2":"11","C2":"11","73":"11","G2":"11","92":"11","R2":"11","93":"11","X2":"11","43":"11","63":"11","F3":"11","H2":"11","Q2":"11","J2":"11","24":"11","F2":"11","83":"11","53":"11"},"JH":{"5H":"11","5J":"11","9M":"11","7J":"11","CM":"11","4H":"11","2H":"11","HJ":"11","9J":"11","FM":"11","PF":"11","8J":"11","2G":"11","MG":"11","GJ":"11","QF":"11","6J":"11","JH":"11","PG":"11","4J":"11","FJ":"11","CJ":"11","HH":"11","3H":"11","MH":"11"},"VF":{"WJ":"11","XJ":"11","VJ":"11"},"PG":{"GR":"11"},"WF":{"J8":"11","5H":"11","M7":"11","G8":"11","7G":"11","J7":"11","C9":"11","5G":"11","2J":"11","4H":"11","CC":"11","7F":"11","9C":"11","9F":"11","FC":"11","G9":"11","H9":"11","H8":"11","6G":"11","F9":"11","8F":"11","3J":"11","3H":"11"}},"R8":{"QX":{"VX":"11","VW":"11"}},"W5":{"6X":{"85":"3"},"7V":{"FV":"7"},"5X":{"FM":"11","CM":"11","FJ":"11","3V":"11"},"8Q":{"JX":"11"},"6W":{"GR":"2"}},"R2":{"VX":{"5C":"11"}},"JR":{"WC":{"7X":"11","8X":"11"},"6W":{"JJ":"11","GJ":"11","JH":"11","HJ":"11"},"WF":{"84":"11","83":"11","94":"11","73":"11","72":"11","82":"11","74":"11"}},"P3":{"9H":{"2G":"11"},"8H":{"WG":"11","XF":"11","XG":"11","WF":"11"}},"HH":{"9X":{"XW":"11"},"FX":{"23":"11","JP":"11","C8":"11","62":"11","G9":"11","HC":"11","42":"11","33":"11","GC":"11","QQ":"11","32":"11","G8":"11","97":"11","PQ":"11","92":"11","82":"11","F8":"11","PP":"11","75":"11","74":"11","43":"11","JM":"11","F7":"11","96":"11","52":"11","RQ":"11","F9":"11","C7":"11","H9":"11","22":"11","85":"11","95":"11","HM":"11","MP":"11"},"FW":{"6W":"11","8W":"11","6V":"11","5W":"11","3X":"11","7W":"11","4W":"11","7V":"11","9W":"11","9X":"11","6X":"11","8X":"11","8V":"11","5X":"11","4X":"11"},"CX":{"M8":"11","R5":"11","V4":"11","5Q":"11","P6":"11","J9":"11","8J":"11","HC":"11","GC":"11","8M":"11","R6":"11","Q7":"11","FH":"11","CF":"11","FF":"11","7M":"11","W3":"11","Q6":"11","8H":"11","9H":"11","GF":"11","W4":"11","X2":"11","P7":"11","9G":"11","V5":"11","CG":"11","M7":"11","H9":"11","X3":"11","4Q":"11","7J":"11","5P":"11","6M":"11","J8":"11","FG":"11","CH":"11","6P":"11","X4":"11","9J":"11"},"QV":{"93":"11","63":"11","G4":"11","64":"11","C2":"11","C3":"11","73":"11","42":"11","F4":"11","72":"11","F3":"11","G5":"11","92":"11","62":"11","F2":"11","52":"11","53":"11","82":"11","74":"11"},"PR":{"XQ":"11","XV":"11","XR":"11"},"FV":{"MP":"11","MM":"11","RC":"11","W8":"11","RF":"11","WC":"11","GV":"11","PM":"11","QH":"11","PH":"11","W9":"11","RH":"11","VF":"11","V8":"11","GR":"11","RG":"11","HV":"11","JP":"11","X9":"11","QF":"11","X8":"11","PJ":"11","QG":"11","JQ":"11","HR":"11","V9":"11","HQ":"11","MQ":"11","MJ":"11","QJ":"11","JR":"11","VC":"11"},"QR":{"4X":"11","6V":"11","6W":"11","3X":"11","4R":"11","2P":"11","6P":"11","5W":"11","9V":"11","8V":"11","3W":"11","5X":"11","7Q":"11","7W":"11","3P":"11","5Q":"11","7R":"11","CV":"11","3V":"11","7V":"11","4W":"11","9X":"11","5P":"11","CX":"11","6X":"11","4Q":"11","8X":"11","5R":"11","2V":"11","3Q":"11","4V":"11","7X":"11","2R":"11","6Q":"11","4P":"11","5V":"11","8R":"11","6R":"11","8W":"11","2Q":"11","3R":"11"},"XP":{"4J":"11","3H":"11","4H":"11"}},"RG":{"FX":{"W9":"11"}},"F3":{"6M":{"3X":"11","4X":"11"}},"8V":{"JV":{"8X":"11"},"2H":{"F8":"11","7G":"11","7J":"11","RC":"11","WC":"11","JF":"11","C9":"11","99":"11","MF":"11","HG":"11","QC":"11","6M":"11","5P":"11","PF":"11","C8":"11","5M":"11","8C":"11","MG":"11","HF":"11","JG":"11","X9":"11","QF":"11","6J":"11","7H":"11","F9":"11","XC":"11"},"3H":{"38":"11","66":"11","48":"11","29":"11","76":"11","57":"11","47":"11","H5":"11","39":"11","67":"11","58":"11"},"JW":{"6F":"11","5G":"11","7G":"11","6H":"11","92":"11","93":"11","82":"11","7F":"11","6G":"11"}},"CM":{"VP":{"2Q":"11","2P":"11"},"RP":{"XP":"11"}},"5V":{"VW":{"88":"11","78":"11","79":"11","89":"11","7C":"11","98":"11"},"RW":{"MG":"11","MF":"11"}},"3X":{"5H":{"R6":"11","WG":"11","WH":"11","XG":"11"},"7G":{"MX":"11","QX":"11","PX":"11"},"MP":{"8C":"11","JG":"11"},"QR":{"M5":"11","W3":"11","M4":"11","M6":"11","J3":"11","X2":"11","H2":"11","J2":"11","M3":"11","M7":"11","V7":"11","W2":"11"},"QQ":{"9W":"11","8W":"11","HX":"11","GW":"11","7W":"11","FW":"11","CW":"11","7X":"11","GX":"11"},"HM":{"23":"11","66":"11","87":"11","JC":"11","WH":"11","65":"11","97":"11","55":"11","XJ":"11","VC":"11","XH":"11","F8":"11","76":"11","24":"11","C7":"11","45":"11","86":"11","44":"11","XF":"11","34":"11"},"5G":{"P6":"11","M5":"11","WC":"11","R8":"11","Q8":"11","Q7":"11","C2":"11","J4":"11","WF":"11","XH":"11","W9":"11","F3":"11","M6":"11","XF":"11","V8":"11","XG":"11","Q6":"11","G3":"11","P7":"11","92":"11","H4":"11","V9":"11","H3":"11","R7":"11","R9":"11","F2":"11","J5":"11","VC":"11"},"RR":{"G3":"11","C2":"11","F3":"11","92":"11","F2":"11","22":"11","XG":"11"},"CH":{"6X":"11","2W":"11","2X":"11","7X":"11","8X":"11","3X":"11","5X":"11","4X":"11"},"GM":{"W2":"11","W3":"11","V2":"11","X3":"11","R2":"11"},"VR":{"5F":"11","2F":"11","4F":"11","2G":"11","3F":"11"},"8H":{"F4":"11","P6":"11","W8":"11","M5":"11","83":"11","32":"11","93":"11","52":"11","22":"11","M6":"11","73":"11","R6":"11","P5":"11","G5":"11","C3":"11","G4":"11","Q6":"11","H4":"11","X8":"11","63":"11","H5":"11","42":"11","R7":"11","C4":"11","V7":"11","53":"11","94":"11","W7":"11","J5":"11"},"PQ":{"62":"11","G8":"11","73":"11","F8":"11","74":"11","F7":"11","96":"11","63":"11","52":"11","72":"11","VR":"11","C7":"11","C6":"11","85":"11","95":"11","84":"11","WR":"11"},"JM":{"9Q":"11","2M":"11","9P":"11","8P":"11","3M":"11","4H":"11","2J":"11","4M":"11"},"6H":{"44":"11","F8":"11","V4":"11","G8":"11","R4":"11","P6":"11","7J":"11","Q5":"11","J7":"11","X4":"11","M5":"11","C9":"11","H7":"11","99":"11","36":"11","26":"11","34":"11","X3":"11","43":"11","M6":"11","35":"11","P5":"11","C8":"11","R5":"11","9C":"11","8H":"11","6H":"11","W4":"11","8G":"11","6J":"11","G7":"11","7H":"11","42":"11","27":"11","J6":"11","H6":"11"},"RQ":{"7X":"11","2X":"11","3X":"11","9X":"11","6X":"11","8X":"11","5X":"11","4X":"11"},"GJ":{"9Q":"11","PW":"11","QX":"11","4P":"11","JW":"11","RX":"11","GR":"11","CQ":"11","HV":"11","FR":"11","2M":"11","7Q":"11","CR":"11","MW":"11","8Q":"11","7P":"11","GV":"11","8P":"11","PX":"11","JV":"11","5P":"11","3M":"11","5M":"11","6P":"11","4M":"11"},"7H":{"P2":"11","23":"11","62":"11","33":"11","M2":"11","V2":"11","C2":"11","G2":"11","92":"11","R2":"11","82":"11","X2":"11","43":"11","H2":"11","Q2":"11","52":"11","72":"11","J2":"11","F2":"11","W2":"11","53":"11"},"9H":{"J8":"11","5H":"11","9M":"11","7G":"11","7J":"11","CM":"11","QR":"11","5G":"11","RR":"11","GM":"11","WW":"11","9J":"11","39":"11","FM":"11","HP":"11","28":"11","5C":"11","8J":"11","WV":"11","PQ":"11","PR":"11","XW":"11","JP":"11","8G":"11","29":"11","JQ":"11","3C":"11","RV":"11","VV":"11","XV":"11","4C":"11","GP":"11","MQ":"11","5F":"11","4F":"11"},"PP":{"3W":"11","5W":"11","4W":"11","2V":"11","6X":"11","3V":"11","5X":"11","4X":"11"},"6G":{"5V":"11","2G":"11","3P":"11","4R":"11","4P":"11","5W":"11","3J":"11","4W":"11","5R":"11","4Q":"11","3M":"11","2H":"11","5X":"11","2J":"11","4X":"11"},"FJ":{"PJ":"11","QH":"11","38":"11","48":"11","9F":"11","QJ":"11","PH":"11","HG":"11","VJ":"11","9C":"11","JH":"11","7C":"11","XJ":"11","FH":"11","27":"11","RJ":"11","9G":"11","47":"11","37":"11","CG":"11","69":"11","68":"11","89":"11","GH":"11","XM":"11","MH":"11","JG":"11","HH":"11","FG":"11","79":"11","CH":"11","8C":"11","58":"11","GG":"11","WJ":"11"},"CJ":{"R5":"11","C4":"11","H4":"11","X7":"11","R6":"11","M5":"11","V6":"11","X6":"11","Q5":"11","93":"11","82":"11","W6":"11","J5":"11","G4":"11","P5":"11","84":"11","83":"11","F4":"11","J4":"11","94":"11"},"3H":{"G4":"11","F4":"11","F3":"11"},"5F":{"8W":"11","9X":"11","7W":"11","2R":"11","CX":"11","4R":"11","8X":"11","6V":"11","3V":"11","4V":"11","6W":"11","5V":"11","3R":"11"},"2F":{"2X":"11"},"4F":{"XR":"11","7P":"11","MP":"11","6P":"11","8P":"11","QQ":"11","WQ":"11","5Q":"11","CP":"11","5P":"11","HP":"11","XQ":"11","WR":"11","4Q":"11","RQ":"11","9P":"11","FP":"11","VQ":"11","JP":"11","3Q":"11","PP":"11","QP":"11","6Q":"11","GP":"11","2Q":"11"},"3F":{"VR":"11","WR":"11","XQ":"11","PV":"11","WQ":"11","QR":"11","RR":"11"}},"6M":{"39":{"H4":"11","J4":"11"},"WJ":{"2R":"11","2V":"11"},"VH":{"CF":"11","CC":"11","9C":"11","9F":"11"},"VJ":{"JP":"11","8F":"11","9F":"11","VP":"11","VQ":"11","RP":"11","XR":"11","QP":"11","WQ":"11","PP":"11","XV":"11","RQ":"11","9G":"11","GM":"11","WV":"11","MP":"11","WR":"11"},"59":{"J8":"11","P6":"11","J7":"11","RC":"11","RF":"11","J9":"11","QC":"11","M6":"11","P5":"11","PC":"11","QF":"11","H9":"11","H8":"11","V9":"11","M9":"11","R9":"11","MC":"11","VC":"11"}},"R9":{"FR":{"QF":"11","RF":"11","RG":"11","PF":"11","QG":"11","PG":"11"},"V4":{"4X":"11"},"M8":{"GP":"11","FM":"11","GM":"11","FQ":"11","GQ":"11","FP":"11"},"GF":{"5J":"11","RJ":"11","7J":"11","WP":"11","FH":"11","CH":"11","WQ":"11","HJ":"11","9J":"11","XP":"11","XQ":"11","WM":"11","8J":"11","6H":"11","JJ":"11","GJ":"11","6J":"11","JH":"11","7H":"11","VJ":"11","FJ":"11","CJ":"11","HH":"11","RM":"11","VM":"11"},"G8":{"X5":"11","X6":"11"},"GC":{"R3":"11","Q4":"11","P3":"11","J3":"11","V2":"11","J4":"11","X3":"11","H3":"11","Q3":"11","P4":"11"},"R4":{"CR":"11","CQ":"11","GQ":"11","CW":"11","FW":"11","6W":"11","FR":"11","5P":"11","6M":"11","MR":"11","5X":"11","8W":"11","7P":"11","6P":"11","GV":"11","JV":"11","HQ":"11","PV":"11","8X":"11","9W":"11","9R":"11","GW":"11","9X":"11","6X":"11","GR":"11","5J":"11","7X":"11","MV":"11","7M":"11","7W":"11","FV":"11","CV":"11","5M":"11","FQ":"11","JR":"11","9V":"11","8V":"11","HR":"11","CX":"11","HV":"11"},"J7":{"MV":"11","PV":"11","MW":"11","PW":"11","JW":"11"},"HW":{"7X":"11","8X":"11"},"V5":{"42":"11","52":"11","32":"11"},"JF":{"MH":"11","QJ":"11","JH":"11","PJ":"11","MJ":"11"},"GH":{"JP":"11","5Q":"11","JQ":"11","QQ":"11","3P":"11","VQ":"11","QR":"11","HQ":"11","XR":"11","MQ":"11","4P":"11","PQ":"11","2M":"11","PP":"11","VR":"11","5P":"11","3M":"11","RR":"11","MP":"11","2J":"11","4M":"11","WR":"11"},"CM":{"GF":"11","GC":"11","FG":"11","JF":"11","GH":"11","C9":"11","FH":"11","FF":"11","99":"11","J9":"11","HG":"11","CC":"11","9C":"11","PC":"11","88":"11","GG":"11","89":"11","HF":"11","FC":"11","HC":"11","CF":"11","98":"11","M9":"11","F9":"11","JC":"11","MC":"11","CG":"11"},"FH":{"5G":"11","VF":"11","WF":"11","RG":"11","7G":"11","6H":"11","RF":"11","WG":"11","VG":"11","XH":"11","8H":"11","9H":"11","8G":"11","4G":"11","7H":"11","9G":"11","XG":"11","5H":"11","6G":"11","XF":"11","4H":"11"},"FF":{"6F":"11","PF":"11","PG":"11","FP":"11","PH":"11","JF":"11","FQ":"11","8M":"11","RG":"11","MG":"11","JW":"11","HV":"11","FR":"11","9P":"11","FV":"11","QF":"11","7F":"11","GV":"11","8P":"11","MH":"11","MF":"11","QG":"11","CP":"11"},"H7":{"5G":"11","5J":"11","5H":"11","6H":"11","6G":"11","5M":"11","4G":"11"},"F6":{"VW":"11","XX":"11","RV":"11","RW":"11","WW":"11","WX":"11"},"J9":{"9X":"11","CX":"11"},"CH":{"2Q":"11","2R":"11","3V":"11","3R":"11"},"PM":{"F9":"11","M9":"11","FC":"11","GF":"11","C8":"11","F8":"11","GC":"11"},"Q4":{"C8":"11","G9":"11","WH":"11","G8":"11","F8":"11","F9":"11","VH":"11","C9":"11","98":"11","WJ":"11"},"PH":{"5X":"11","5W":"11","6W":"11"},"HG":{"8G":"11","6H":"11","8H":"11"},"QC":{"7G":"11","G3":"11","C3":"11","F3":"11"},"HJ":{"2W":"11","5R":"11","3W":"11","4R":"11","2V":"11","3V":"11","4V":"11","3R":"11"},"Q2":{"V2":"11"},"FM":{"66":"11","83":"11","75":"11","93":"11","J2":"11","C2":"11","82":"11","F3":"11","74":"11","73":"11","86":"11","M2":"11","65":"11","C3":"11","64":"11","76":"11","J3":"11","G3":"11","92":"11","H3":"11","72":"11","85":"11","84":"11","F2":"11","G2":"11","M3":"11"},"QM":{"88":"11","57":"11","68":"11","5R":"11","77":"11","56":"11","78":"11","79":"11","89":"11","67":"11","5V":"11"},"C6":{"XW":"11","RW":"11","MX":"11","WW":"11","PW":"11","VV":"11","JW":"11","JX":"11","7Q":"11","MW":"11","QW":"11","XV":"11","PX":"11","WV":"11"},"C8":{"PG":"11","6J":"11","RG":"11","3P":"11","6H":"11","GJ":"11","2P":"11","XJ":"11","FM":"11","7H":"11","CJ":"11","GM":"11","7J":"11","3M":"11","CM":"11","5M":"11","4M":"11","FJ":"11","9J":"11"},"R5":{"63":"11","73":"11","72":"11","92":"11","62":"11","52":"11","53":"11","82":"11"},"JJ":{"V4":"11","Q3":"11","H4":"11","Q4":"11","W3":"11","M4":"11","92":"11","82":"11","J3":"11","W4":"11","M3":"11","V5":"11","R3":"11","P3":"11","W5":"11","R4":"11","J4":"11"},"GG":{"GC":"11","MP":"11","QR":"11","QQ":"11","HG":"11","PQ":"11","PR":"11","GG":"11","HF":"11","JG":"11","G9":"11","JH":"11","PP":"11","MQ":"11","MR":"11","MH":"11"},"GJ":{"GX":"11","HW":"11","9V":"11","FV":"11","GV":"11","7Q":"11","FW":"11","CR":"11","CV":"11","GW":"11","8Q":"11","CW":"11","9Q":"11","HV":"11","XW":"11","9R":"11","HR":"11","HX":"11","XV":"11","8R":"11"},"JG":{"4C":"11","R9":"11","59":"11","XJ":"11","HP":"11","QP":"11","49":"11","WM":"11","V9":"11","VM":"11","WJ":"11"},"G7":{"42":"11","H4":"11","52":"11","22":"11","H3":"11","32":"11"},"JH":{"6W":"11","6F":"11","8J":"11","5F":"11","7C":"11","7X":"11","5W":"11","7W":"11","7F":"11","9X":"11","6X":"11","8X":"11","5X":"11","9J":"11","6C":"11"},"HC":{"62":"11","52":"11","23":"11"},"PJ":{"PV":"11","PR":"11","PW":"11"},"H9":{"8W":"11","9W":"11","6X":"11","WP":"11","GW":"11","8V":"11","7W":"11","HW":"11","GV":"11","9Q":"11","9R":"11","7X":"11","RV":"11","8X":"11","5X":"11","QV":"11","FV":"11","8R":"11","HV":"11","QR":"11","RR":"11","XP":"11","9V":"11","CR":"11","FR":"11"},"H8":{"48":"11","37":"11","47":"11","27":"11","38":"11","26":"11"},"Q9":{"48":"11","49":"11","38":"11"},"98":{"VQ":"11","WP":"11","WQ":"11","7Q":"11","9P":"11","9M":"11","VR":"11","8P":"11","XP":"11","RV":"11","RR":"11","CM":"11","CP":"11"},"M9":{"PP":"11","MP":"11","JP":"11","HP":"11"},"F9":{"JC":"11","HC":"11","GF":"11","GC":"11","HF":"11"},"FJ":{"MX":"11","HX":"11","9X":"11","JX":"11","FX":"11","CX":"11","8X":"11","MW":"11","GX":"11","PW":"11","JW":"11"},"CJ":{"63":"11","64":"11","54":"11","53":"11"},"JC":{"G3":"11","C2":"11","C3":"11","F3":"11","92":"11","H3":"11"},"HH":{"RW":"11","HX":"11","PW":"11","JX":"11","QW":"11","GX":"11","PX":"11","FX":"11"},"MR":{"2F":"11"},"MJ":{"G6":"11","H5":"11","H6":"11","G5":"11"},"G6":{"2X":"11","5X":"11"},"QJ":{"5W":"11"},"JR":{"XF":"11"}},"M5":{"Q6":{"35":"11"}},"G8":{"7M":{"23":"11","5G":"11","38":"11","48":"11","4C":"11","5F":"11","5J":"11","49":"11","4G":"11","35":"11","47":"11","37":"11","25":"11","24":"11","5H":"11","36":"11","22":"11","39":"11","34":"11","4F":"11"},"JX":{"X2":"11","X3":"11"},"6M":{"X2":"11"},"JW":{"WX":"11","XX":"11","PJ":"11","WW":"11","PH":"11","QQ":"11","MG":"11","RP":"11","VV":"11","QP":"11","VW":"11","PM":"11","QM":"11","VR":"11","RQ":"11","MH":"11","RR":"11"}},"H3":{"6H":{"VW":"11"}},"PH":{"7Q":{"RF":"11"},"XW":{"GM":"11"},"69":{"23":"11"},"CQ":{"J6":"11"},"9Q":{"V3":"11"},"8Q":{"3G":"11"},"8P":{"25":"11","23":"11"}},"GX":{"8V":{"CH":"11"},"5R":{"H8":"11"},"5M":{"56":"11"}},"C5":{"6W":{"23":"11","5G":"11","38":"11","48":"11","4C":"11","5F":"11","5J":"11","7X":"11","49":"11","4G":"11","35":"11","37":"11","25":"11","24":"11","5H":"11","6X":"11","8X":"11","36":"11","39":"11","22":"11","5P":"11","5M":"11","6M":"11","4H":"11","6P":"11","4F":"11"},"5Q":{"2W":"11","2X":"11"},"6V":{"2X":"11"},"5V":{"F4":"11","RJ":"11","JF":"11","H7":"11","F6":"11","J9":"11","WQ":"11","C2":"11","QH":"11","MF":"11","WW":"11","RH":"11","F3":"11","PF":"11","WR":"11","C3":"11","WV":"11","VQ":"11","XW":"11","QF":"11","G7":"11","XX":"11","QG":"11","PG":"11","H9":"11","H8":"11","C4":"11","XV":"11","JC":"11","F5":"11","G6":"11","RM":"11","MC":"11","VP":"11","VM":"11"},"4P":{"FR":"11","44":"11","9M":"11","GX":"11","7G":"11","7C":"11","68":"11","HW":"11","CM":"11","6C":"11","FV":"11","GV":"11","32":"11","67":"11","34":"11","9J":"11","CP":"11","58":"11","22":"11","GW":"11","57":"11","7F":"11","46":"11","33":"11","8H":"11","CQ":"11","8G":"11","FQ":"11","9H":"11","69":"11","8F":"11","HX":"11","45":"11","79":"11","56":"11"},"5W":{"X2":"11"},"5R":{"8M":"11","7G":"11","7J":"11","8P":"11","6C":"11","9V":"11","32":"11","47":"11","34":"11","58":"11","7M":"11","9X":"11","22":"11","8Q":"11","CX":"11","57":"11","5C":"11","59":"11","46":"11","33":"11","CW":"11","9Q":"11","6H":"11","6F":"11","9R":"11","9W":"11","7H":"11","6G":"11","69":"11","45":"11","8R":"11"},"6X":{"QW":"11","RX":"11","F8":"11","G8":"11","GC":"11","MP":"11","QV":"11","MM":"11","JF":"11","QR":"11","83":"11","QQ":"11","F6":"11","93":"11","PM":"11","82":"11","HG":"11","C5":"11","C6":"11","PQ":"11","PR":"11","JJ":"11","HF":"11","JG":"11","92":"11","G9":"11","JH":"11","HC":"11","PP":"11","RW":"11","RV":"11","H9":"11","VX":"11","72":"11","C4":"11","F7":"11","84":"11","94":"11","MJ":"11","95":"11","MH":"11"},"4Q":{"XR":"11","M7":"11","P6":"11","RF":"11","M5":"11","WP":"11","WQ":"11","J2":"11","J4":"11","P8":"11","QC":"11","RH":"11","M6":"11","XQ":"11","WM":"11","WR":"11","P9":"11","RG":"11","H2":"11","J3":"11","XW":"11","QF":"11","P7":"11","VH":"11","Q9":"11","H3":"11","VJ":"11","XV":"11","J5":"11","VM":"11"},"3M":{"XW":"11","XX":"11","RM":"11","VP":"11","VQ":"11","RP":"11","XR":"11","WQ":"11","XV":"11","WV":"11","VM":"11","WR":"11"},"4M":{"2W":"11","2X":"11"},"FJ":{"4G":"11"}},"C6":{"62":{"X5":"11","V4":"11","X7":"11","W3":"11","V2":"11","X6":"11","X8":"11","W5":"11","R2":"11","W6":"11","V3":"11","W4":"11"},"J9":{"FX":"11","FW":"11","CW":"11","CV":"11","9R":"11","GX":"11","8R":"11","8Q":"11","9V":"11"},"C5":{"6P":"11","9V":"11","8V":"11","7Q":"11","7R":"11","2H":"11","5P":"11","CX":"11","5M":"11","FX":"11","2G":"11","CW":"11","4M":"11","9W":"11","4J":"11","6Q":"11","3J":"11","8R":"11","3H":"11"},"JC":{"P6":"11","M5":"11","WC":"11","R8":"11","Q8":"11","Q7":"11","J4":"11","WF":"11","XH":"11","M6":"11","M4":"11","XF":"11","P5":"11","XG":"11","H2":"11","J3":"11","P7":"11","V9":"11","H3":"11","R9":"11","G2":"11","J5":"11","VC":"11"},"H8":{"2W":"11","2X":"11"},"G8":{"QJ":"11","MH":"11","62":"11","VR":"11","C7":"11","XW":"11","PJ":"11","73":"11","JG":"11","XV":"11","C6":"11","RQ":"11","MG":"11","83":"11","PH":"11","WW":"11","G8":"11","HC":"11","F7":"11","VQ":"11","HF":"11","96":"11","JF":"11","RM":"11","95":"11","QM":"11","QP":"11","RP":"11","XX":"11","94":"11","F8":"11","WR":"11","72":"11","JC":"11","H9":"11","C5":"11","84":"11","WV":"11","G9":"11"},"73":{"MH":"11","VX":"11","93":"11","VW":"11","C7":"11","C6":"11","VV":"11","F9":"11","G8":"11","94":"11","RQ":"11","HG":"11","HC":"11","F7":"11","PM":"11","QQ":"11","RV":"11","G9":"11","C5":"11","JH":"11","QR":"11","92":"11","C4":"11","F8":"11","PP":"11","RR":"11","QP":"11","RW":"11","GC":"11","PJ":"11","F6":"11","JF":"11","82":"11","JG":"11","MJ":"11","WX":"11","HF":"11"},"74":{"X5":"11","W2":"11","W3":"11","V2":"11","X4":"11","X3":"11"},"F7":{"M8":"11","C3":"11","RC":"11","H6":"11","WH":"11","RG":"11","RF":"11","C2":"11","XJ":"11","VG":"11","P8":"11","P9":"11","QF":"11","F3":"11","G4":"11","Q9":"11","J6":"11","M7":"11","G5":"11","VH":"11","G3":"11","XM":"11","H5":"11","QC":"11","F2":"11","J7":"11","F4":"11","WJ":"11"},"72":{"7R":"11","3F":"11","8W":"11","3G":"11","27":"11","6R":"11","5J":"11","29":"11","28":"11","6Q":"11","7W":"11","26":"11","4G":"11","7V":"11","8X":"11","39":"11","5P":"11","5M":"11","2C":"11","4H":"11","6P":"11","4J":"11","3C":"11","4F":"11"},"H9":{"64":"11","33":"11","32":"11","54":"11","75":"11","74":"11","43":"11","22":"11","44":"11"},"XP":{"V3":"11","V2":"11","W3":"11","R2":"11","W4":"11","Q2":"11","X4":"11","X5":"11"},"VH":{"7M":"11","8M":"11","9P":"11","7P":"11","5J":"11","3J":"11","6J":"11","2H":"11","4J":"11","CQ":"11","3H":"11","9Q":"11","6M":"11","5M":"11","8Q":"11","CR":"11","8P":"11","FR":"11"},"XM":{"HR":"11","FP":"11","PW":"11","FQ":"11","JR":"11","HQ":"11","QX":"11","RX":"11","GR":"11","GP":"11","MW":"11","9M":"11","MV":"11","PX":"11","JV":"11","GQ":"11","CM":"11","CP":"11"},"C6":{"M7":"11","P6":"11","RC":"11","M5":"11","WC":"11","R8":"11","Q8":"11","Q7":"11","J4":"11","P8":"11","WF":"11","XH":"11","M6":"11","VF":"11","XF":"11","XG":"11","G3":"11","P7":"11","H4":"11","WG":"11","V9":"11","Q9":"11","H3":"11","R9":"11","F2":"11","G2":"11","J5":"11","VC":"11"},"95":{"P6":"11","M5":"11","WC":"11","R8":"11","Q8":"11","Q7":"11","C2":"11","J4":"11","WF":"11","M6":"11","XF":"11","XG":"11","G3":"11","P7":"11","H4":"11","V9":"11","H3":"11","R9":"11","F2":"11","G2":"11","J5":"11","VC":"11"},"84":{"37":"11","XR":"11","7G":"11","MM":"11","GH":"11","FH":"11","6C":"11","38":"11","36":"11","WQ":"11","CH":"11","PM":"11","26":"11","25":"11","48":"11","XQ":"11","QM":"11","5C":"11","59":"11","WR":"11","8H":"11","JJ":"11","6F":"11","8G":"11","JH":"11","PJ":"11","7H":"11","9H":"11","6G":"11","49":"11","QP":"11","HH":"11","MJ":"11","MH":"11"},"RH":{"RG":"11","WG":"11","QG":"11","WH":"11","XH":"11","XG":"11","VG":"11"},"F6":{"7R":"11","5Q":"11","8W":"11","2G":"11","4P":"11","6R":"11","6Q":"11","3J":"11","7V":"11","9W":"11","9X":"11","8V":"11","5P":"11","3M":"11","2H":"11","CX":"11","2J":"11","4M":"11"},"G7":{"6W":"11","5V":"11","2Q":"11","3P":"11","4R":"11","2P":"11","7X":"11","3R":"11","4V":"11","3Q":"11","5W":"11","2M":"11","6X":"11"},"MC":{"7R":"11","5Q":"11","8R":"11","2G":"11","9Q":"11","4P":"11","6R":"11","JW":"11","GR":"11","CQ":"11","HV":"11","FR":"11","9R":"11","CR":"11","MW":"11","FV":"11","6Q":"11","3H":"11","3J":"11","GV":"11","JV":"11","5P":"11","3M":"11","HW":"11","5M":"11","2H":"11","4M":"11","2J":"11","4J":"11"},"94":{"2R":"11","6W":"11","8W":"11","6V":"11","5V":"11","2Q":"11","4R":"11","6R":"11","3R":"11","4V":"11","3Q":"11","7W":"11","7V":"11","2V":"11","9W":"11","5R":"11","9X":"11","3V":"11","8V":"11","4Q":"11","CX":"11","FX":"11"}},"MV":{"VJ":{"X5":"11","X6":"11","W5":"11"}},"7Q":{"WJ":{"JW":"11","GR":"11","29":"11","HV":"11","FR":"11","GV":"11","39":"11","HW":"11","3C":"11"},"VH":{"9P":"11","8J":"11","9M":"11","CM":"11","9J":"11","CP":"11"},"VJ":{"P2":"11","Q4":"11","P3":"11","R4":"11","Q3":"11","M2":"11"},"PC":{"82":"11"},"XM":{"WP":"11","VP":"11","WJ":"11","RP":"11","WM":"11","VM":"11","XP":"11","XM":"11"},"P9":{"8W":"11","8V":"11","7W":"11","8X":"11","7R":"11","7V":"11"}},"V9":{"5C":{"8W":"11","7W":"11","7X":"11","8X":"11"},"28":{"XC":"11","WC":"11","WF":"11"}},"V4":{"RJ":{"GM":"11"},"MR":{"4Q":"11"}},"CX":{"7G":{"W3":"11"},"V8":{"85":"11","84":"11","95":"11","94":"11"},"V4":{"XQ":"11"},"F5":{"HC":"11"},"7J":{"8J":"11","7J":"11","7H":"11"},"R4":{"MV":"3","P5":"11","PV":"3"}},"QG":{"4M":{"C8":"11","C9":"11"}},"2V":{"5X":{"2H":"11","2F":"11","2G":"11"},"6V":{"4C":"11","4F":"11","29":"11"},"4X":{"XH":"11"},"5V":{"XC":"11","XF":"11","XG":"11"}},"WM":{"PQ":{"R3":"11","P3":"11","R4":"11","Q3":"11","P4":"11"}},"J3":{"7W":{"VR":"11","WR":"11","WQ":"11","VQ":"11"}},"82":{"X5":{"WF":"11","WH":"11","VJ":"11","WG":"11","VG":"11","X9":"11","XG":"11","VH":"11","XC":"11","XF":"11"},"V7":{"6F":"11","8F":"11","5G":"11","9F":"11","JF":"11","HG":"11","6J":"11","7G":"11","6H":"11","FH":"11","CF":"11","5J":"11","FF":"11","HF":"11","GF":"11","8G":"11","3H":"11","7H":"11","3J":"11","9G":"11","7F":"11","CG":"11","5H":"11","GH":"11","6G":"11","7J":"11","FG":"11","4H":"11","CH":"11","GG":"11","4J":"11"},"R7":{"CR":"11","8R":"11","GQ":"11","CW":"11","FW":"11","5W":"11","6W":"11","FR":"11","VM":"11","WJ":"11","8W":"11","7V":"11","GV":"11","6V":"11","VJ":"11","JQ":"11","HQ":"11","MM":"11","VP":"11","PM":"11","9W":"11","9R":"11","GW":"11","XH":"11","GR":"11","RM":"11","QM":"11","XJ":"11","PP":"11","QP":"11","XM":"11","RP":"11","JP":"11","MP":"11","WM":"11","7W":"11","FV":"11","CV":"11","JR":"11","9V":"11","8V":"11","HR":"11","HV":"11"},"CJ":{"GG":"11"}},"92":{"35":{"RC":"11","C5":"11","H6":"11","64":"11","65":"11","55":"11","P9":"11","54":"11","75":"11","74":"11","26":"11","96":"11","M9":"11","35":"11","Q9":"11","G6":"11","25":"11","24":"11","45":"11","C6":"11","44":"11","QC":"11","95":"11","F6":"11","PC":"11","34":"11","94":"11"},"25":{"J8":"11","F8":"11","M8":"11","X7":"11","78":"11","G8":"11","68":"11","X4":"11","C9":"11","R8":"11","Q8":"11","38":"11","J9":"11","67":"11","X6":"11","W6":"11","77":"11","P8":"11","58":"11","87":"11","39":"11","2C":"11","48":"11","28":"11","V8":"11","C8":"11","59":"11","C7":"11","2G":"11","88":"11","W5":"11","89":"11","G9":"11","X5":"11","29":"11","3C":"11","H9":"11","H8":"11","49":"11","Q9":"11","98":"11","M9":"11","F9":"11","69":"11","R7":"11","R9":"11","F7":"11","97":"11","4C":"11","V7":"11","79":"11","W7":"11","2F":"11","3F":"11"}},"GJ":{"J8":{"J8":"11","M8":"11","G8":"11","H7":"11","PH":"11","CC":"11","PF":"11","PC":"11","9F":"11","MG":"11","FC":"11","3G":"11","G9":"11","G7":"11","PG":"11","CF":"11","H8":"11","F9":"11","M9":"11","MC":"11","MH":"11"},"Q8":{"C8":"11","6F":"11","5G":"11","88":"11","7C":"11","F8":"11","F7":"11","7P":"11","7F":"11","C7":"11","8P":"11","89":"11","5H":"11","6G":"11","79":"11","98":"11","6C":"11"}},"V7":{"M8":{"GV":"11"},"M7":{"39":"11","6J":"11","CQ":"11","2J":"11","C5":"11","5V":"11"},"RJ":{"VR":"11"},"6W":{"99":"11","88":"11","98":"11"},"J7":{"XJ":"11"},"R8":{"2H":"11"},"H7":{"P4":"11"},"67":{"37":"11","35":"11","36":"11","27":"11","25":"11","26":"11"},"J9":{"H8":"11"},"MF":{"43":"11","53":"11"},"J4":{"PG":"11"},"P8":{"96":"11","V8":"11"},"HG":{"2V":"3"},"HJ":{"M3":"11","M2":"11"},"43":{"CF":"11","FC":"11","FF":"11"},"M6":{"3H":"11"},"5P":{"9W":"11","9V":"11"},"R6":{"8G":"11"},"65":{"38":"11","66":"11","48":"11","4C":"11","64":"11","65":"11","55":"11","29":"11","49":"11","28":"11","46":"11","54":"11","57":"11","47":"11","45":"11","44":"11","39":"11","56":"11","34":"11"},"P9":{"VH":"11","QH":"11","VG":"11"},"JP":{"MQ":"11","JR":"11","JQ":"11","MR":"11"},"QF":{"44":"11"},"P7":{"34":"11","44":"11"},"55":{"V8":"11","X9":"11","V9":"11","X8":"11","W9":"11","W8":"11","R9":"11"},"H8":{"64":"7"},"M9":{"GX":"11"},"42":{"FM":"11","8H":"11","FP":"11"},"R7":{"88":"11","87":"11","77":"11","78":"11","97":"11"},"72":{"F5":"11","9C":"11","G3":"11","97":"11","C7":"11","7C":"11","F4":"11","87":"11","CF":"11","78":"11","C6":"11","7F":"11","G4":"11","86":"11","F3":"11","F7":"11","88":"11","F6":"11","F2":"11","8C":"11","4F":"11","98":"11","6C":"11","G2":"11","96":"11","C4":"11","95":"11","H2":"11","8F":"11","C8":"11","9F":"11","CC":"11","5F":"11","6F":"11","C9":"11","99":"11","C5":"11","G5":"11","77":"11","79":"11"},"4P":{"JV":"11"},"JC":{"FJ":"11"},"HH":{"JR":"11"},"MC":{"GC":"11"},"5F":{"7W":"11"}},"4X":{"4X":{"48":"11","28":"11","XJ":"11","38":"11"},"RX":{"5Q":"11","8W":"11","6V":"11","3P":"11","2P":"11","6R":"11","3Q":"11","7W":"11","7V":"11","5R":"11","4Q":"11"},"GX":{"5H":"11","9G":"11","X7":"11","GF":"11","7J":"11","FG":"11","W8":"11","R8":"11","FF":"11","5G":"11","V8":"11","P9":"11","6H":"11","HF":"11","3G":"11","4G":"11","X8":"11","HC":"11","7H":"11","9H":"11","Q9":"11","M9":"11","R9":"11","JC":"11","MC":"11","CG":"11","2F":"11","3F":"11"},"3X":{"V7":"11","W7":"11","R7":"11","Q7":"11","W8":"11"},"5X":{"2M":"11","2J":"11","3M":"11","3P":"11"},"QX":{"9G":"11","RJ":"11","FG":"11","GH":"11","WP":"11","6C":"11","39":"11","XP":"11","WM":"11","5C":"11","7F":"11","9F":"11","MG":"11","GG":"11","6F":"11","JH":"11","29":"11","PJ":"11","3C":"11","CF":"11","8F":"11","4C":"11","HH":"11","MJ":"11","RM":"11","CG":"11","QJ":"11","MH":"11","VM":"11"},"PX":{"J8":"11","37":"11","M7":"11","M8":"11","J7":"11","R8":"11","Q8":"11","H7":"11","67":"11","47":"11","77":"11","P8":"11","W9":"11","58":"11","87":"11","48":"11","V8":"11","57":"11","C7":"11","X9":"11","G7":"11","V9":"11","F7":"11","97":"11","27":"11"},"9X":{"MX":"11","HX":"3","2X":"11","3X":"11"},"GW":{"9P":"11","CP":"11"},"CX":{"MH":"11","7Q":"11","PH":"11","9P":"11","7P":"11","7R":"11","JH":"11","8Q":"11","PJ":"11","8P":"11"},"6X":{"PR":"11","RM":"11","VP":"11","HX":"11","QQ":"11","RP":"11","XJ":"11","JW":"11","PQ":"11","QP":"11","JX":"11","MR":"11","MW":"11","WM":"11","MV":"11","JV":"11","VM":"11","WJ":"11"},"FX":{"5H":"11","5J":"11","9G":"11","7G":"11","FG":"11","RF":"11","JF":"11","2J":"11","MF":"11","HG":"11","WF":"11","VF":"11","XF":"11","PF":"11","6H":"11","GG":"11","JG":"11","QF":"11","8G":"11","7H":"11","6G":"11","3J":"11","CG":"11"},"8X":{"VX":"11","RX":"11","XX":"11","QX":"11","WX":"11"},"HV":{"H6":"11"},"JX":{"F4":"11","44":"11","V4":"11","R4":"11","X4":"11","83":"11","54":"11","93":"11","Q4":"11","J4":"11","34":"11","F3":"11","74":"11","73":"11","M4":"11","C3":"11","G4":"11","64":"11","W4":"11","G3":"11","H4":"11","P4":"11","24":"11","84":"11","94":"11"},"MX":{"44":"11","X7":"11","P6":"11","R8":"11","Q7":"11","75":"11","F6":"11","34":"11","C5":"11","M6":"11","35":"11","C6":"11","65":"11","P7":"11","55":"11","R7":"11","85":"11","24":"11","45":"11","F5":"11","V7":"11","J6":"11","95":"11","G6":"11","H6":"11","W7":"11"},"VJ":{"C7":"11"},"HX":{"37":"11","V4":"11","R4":"11","X4":"11","96":"11","F6":"11","67":"11","47":"11","Q4":"11","J4":"11","77":"11","87":"11","M4":"11","28":"11","57":"11","C6":"11","G5":"11","C7":"11","W4":"11","H4":"11","P4":"11","H5":"11","97":"11","F5":"11","27":"11"},"WJ":{"3V":"11"}},"V5":{"VX":{"C4":"11","C3":"11","9F":"11","C5":"11","F5":"11","CF":"11","8H":"11","93":"11","8G":"11","9G":"11","CG":"11","C6":"11","94":"11"},"VW":{"C7":"11","GP":"11","C6":"11","GM":"11","C8":"11","F6":"11","HP":"11"},"J5":{"W6":"11"},"HM":{"GX":"11"},"JF":{"HF":"11"}},"MH":{"48":{"JG":"11"},"25":{"F3":"11"},"58":{"2F":"11"},"4X":{"9Q":"11","CR":"11","FR":"11"}},"RM":{"GX":{"58":"11"}},"VH":{"JR":{"C5":"11"},"8G":{"GV":"11"},"7C":{"MX":"11"},"7F":{"J2":"11","J3":"11","J4":"11","M2":"11"}},"7V":{"5Q":{"W9":"11","WF":"11","X7":"11","VP":"11","X8":"11","WH":"11","VQ":"11","VJ":"11","WG":"11","X9":"11","W8":"11","V9":"11","VR":"11","WC":"11","XC":"11","RR":"11","XF":"11","VM":"11","WJ":"11"},"4R":{"P2":"11","V3":"11","23":"11","V4":"11","Q3":"11","33":"11","G2":"11","W3":"11","43":"11","H2":"11","Q2":"11","J2":"11","R3":"11","P3":"11","44":"11"},"XJ":{"G2":"11","27":"11","29":"11","28":"11","F3":"11","H2":"11","G4":"11","G3":"11","F4":"11"},"3R":{"W2":"11","X2":"11","X3":"11"},"XH":{"HX":"11","JX":"11","WP":"11","MV":"11","MW":"11","VQ":"11","JW":"11"},"3Q":{"WX":"11","2R":"11","5Q":"11","8R":"11","4R":"11","VV":"11","CV":"11","GW":"11","JW":"11","6R":"11","FW":"11","3R":"11","CW":"11","VW":"11","7Q":"11","9R":"11","6Q":"11","8Q":"11","2V":"11","7P":"11","5R":"11","8P":"11","3V":"11","9V":"11","WV":"11","HW":"11"},"6Q":{"C3":"11","64":"11","55":"11","73":"11","G2":"11","27":"11","93":"11","46":"11","54":"11","74":"11","26":"11","F3":"11","H2":"11","35":"11","J2":"11","45":"11","36":"11","F2":"11","83":"11"},"WM":{"C3":"11","F3":"11","C4":"11","F2":"11","G2":"11"},"7P":{"5J":"11","JM":"11","5M":"11","HM":"11"},"8P":{"8J":"11","8M":"11","FH":"11","7M":"11","9H":"11","HF":"11","GF":"11","6M":"11","FG":"11","CH":"11","6P":"11","GG":"11","9J":"11"},"GM":{"85":"11","R5":"11","34":"11","84":"11","44":"11","M3":"11","M4":"11","J4":"11","76":"11","75":"11","65":"11","Q5":"11","74":"11"},"4Q":{"MX":"11","JX":"11","QX":"11","PX":"11"},"HM":{"64":"11","54":"11","75":"11","74":"11"},"6P":{"RW":"11","MX":"11","HX":"11","PW":"11","VV":"11","JX":"11","MW":"11","QW":"11","QV":"11","VR":"11","PX":"11","RV":"11","WR":"11"},"WJ":{"RJ":"11","GX":"11","HW":"11","WC":"11","PM":"11","JW":"11","WF":"11","RH":"11","VG":"11","QM":"11","PQ":"11","PR":"11","JV":"11","HV":"11","MV":"11","X9":"11","X8":"11","PP":"11","WG":"11","VH":"11","QP":"11","HX":"11","MR":"11","QJ":"11","JR":"11","XC":"11"}},"H8":{"V6":{"4X":"11"},"V7":{"64":"11"},"X6":{"4C":"11"},"WG":{"MX":"11"}},"WR":{"V9":{"HC":"11","GC":"11","HF":"11"}},"FV":{"7X":{"P5":"11"},"6W":{"WQ":"11"}},"V8":{"P2":{"WJ":"11"}},"JH":{"9W":{"9G":"11"},"6Q":{"MR":"11"},"CV":{"HG":"11","HH":"11"},"GX":{"R3":"11"},"92":{"PG":"11","PH":"11","HG":"11","RG":"11","MG":"11","RF":"11","VG":"11","FF":"11","HF":"11","GF":"11","QF":"11","QC":"11","JG":"11","QG":"11","GG":"11"},"75":{"2Q":"11","4P":"11","5P":"11","2P":"11","4Q":"11"},"R4":{"44":"11","54":"11","43":"11","53":"11"},"65":{"XQ":"11","XP":"11"},"32":{"CJ":"11"}},"8X":{"R5":{"34":"11"}},"HR":{"XV":{"6H":"11"}},"M8":{"RG":{"J3":"11","J4":"11"}},"CP":{"F7":{"MJ":"11","VF":"11","W9":"11","PG":"11","FP":"11","8R":"11","PH":"11","9Q":"11","X8":"11","RG":"11","JJ":"11","RF":"11","HJ":"11","VC":"11","X9":"11","CQ":"11","FM":"11","3X":"11","9R":"11","GM":"11","WC":"11","MH":"11","QG":"11","HM":"11","CP":"11"},"G6":{"GW":"11","FX":"11","FW":"11","CX":"11","FV":"11"},"4C":{"RM":"11","VQ":"11","RP":"11","QP":"11","PP":"11","QM":"11","RQ":"11"},"C8":{"R8":"11","R9":"11","9F":"11","7G":"11","3P":"11","6H":"11","2P":"11","CF":"11","5J":"11","X6":"11","P9":"11","8G":"11","V8":"11","W6":"11","M9":"11","W7":"11","Q9":"11","9G":"11","5H":"11","V7":"11","3M":"11","5M":"11","4M":"11","4J":"11","X5":"11"},"F8":{"34":"11","33":"11","24":"11","25":"11","32":"11"},"98":{"JP":"11","VP":"11","QQ":"11","VQ":"11","RP":"11","WP":"11","PQ":"11","HP":"11","QP":"11","FM":"11","PP":"11","RQ":"11","XP":"11","GM":"11","CM":"11","HM":"11","MP":"11"},"G7":{"28":"11","27":"11"}},"4M":{"22":{"C4":"11","C5":"11","65":"11","55":"11","H2":"11","G4":"11","J2":"11","H3":"11","25":"11","24":"11","45":"11","G3":"11","44":"11","95":"11","34":"11","F4":"11"}},"PW":{"9H":{"F5":"11","F4":"11"},"42":{"93":"11","85":"11","96":"11","88":"11","84":"11","83":"11","C6":"11","95":"11","94":"11","87":"11","86":"11","77":"11","C5":"11","76":"11","C4":"11","75":"11","97":"11","74":"11"},"WV":{"6R":"11"},"CH":{"MJ":"11"}},"9W":{"RW":{"5R":"11"}},"C2":{"53":{"5H":"11"}},"X3":{"VV":{"5G":"11","5H":"11","8G":"11","4H":"11"}},"JF":{"CG":{"XX":"11"},"76":{"93":"11"},"75":{"8V":"11"},"MP":{"FJ":"11"},"XR":{"FF":"11"}},"FW":{"9P":{"MC":"11"},"8F":{"56":"11"},"CX":{"V4":"11","V5":"11","W5":"11","W4":"11"},"CW":{"4G":"11"},"G6":{"8X":"11"},"9C":{"VX":"11","VW":"11","7M":"11","7P":"11","WW":"11","WX":"11"},"HJ":{"8P":"11"},"MJ":{"7M":"11"}},"MG":{"V7":{"37":"11"},"RG":{"F9":"11","G9":"11"},"J3":{"99":"11","9C":"11","C8":"11","C9":"11"},"HC":{"V4":"11"},"QH":{"RG":"11","VH":"11"},"G5":{"JC":"11","X4":"11","X3":"11","JF":"11","W4":"11"},"WH":{"87":"11","86":"11"},"VF":{"2W":"11","2X":"11","4X":"11"},"WF":{"QF":"11","QC":"11","PF":"11","PC":"11"}},"F8":{"V4":{"88":"11","87":"11","86":"11","76":"11","75":"11"}},"62":{"24":{"WW":"11"}},"MJ":{"63":{"WF":"11"},"C7":{"2J":"11","4H":"11"},"97":{"RP":"11","JV":"11","MV":"11","VJ":"11","QP":"11"}},"WW":{"48":{"79":"11","7C":"11"}},"XQ":{"VP":{"CV":"11","FW":"11","CW":"11","FM":"11","GP":"11","FV":"11","9W":"11","9X":"11","GM":"11","GQ":"11","CX":"11"},"VQ":{"93":"11","83":"11","C2":"11","C3":"11","92":"11"},"52":{"C6":"11","F5":"11","F6":"11"}},"JC":{"G9":{"7H":"11"},"8R":{"C5":"11","C4":"11"},"HF":{"X8":"11"}},"8R":{"84":{"FC":"11"},"83":{"5C":"11","38":"11","48":"11","4C":"11","59":"11","27":"11","49":"11","28":"11","37":"11","39":"11"}},"83":{"79":{"RW":"11","MX":"11","PV":"11","PW":"11","QX":"11","RX":"11","VW":"11","MW":"11","QW":"11","QV":"11","PX":"11","RV":"11","VX":"11"},"7C":{"P2":"11","Q2":"11","R2":"11"}},"3J":{"XW":{"PR":"11","MX":"11","PV":"11","PW":"11","PQ":"11","XH":"11","PP":"11","PX":"11"},"XX":{"M5":"11","M3":"11","M4":"11|3","J6":"11","H6":"11","J4":"11","J5":"11","Q3":"11","M2":"11"},"JP":{"VX":"11","VW":"11","RW":"11"},"FP":{"R5":"11","V4":"11","R4":"11"},"H6":{"F5":"11","85":"11","G3":"11","93":"11","97":"11","44":"11","62":"11","H4":"11","64":"11","C7":"11","J5":"11","92":"11","W6":"11","42":"11","25":"11","32":"11","F4":"11","87":"11","73":"11","V9":"11","G6":"11","C6":"11","H7":"11","V6":"11","83":"11","55":"11","82":"11","G4":"11","86":"11","J2":"11","F3":"11","C2":"11","33":"11","75":"11","H3":"11","F7":"11","J6":"11","F6":"11","35":"11","J3":"11","W9":"11","54":"11","G2":"11","96":"11","C4":"11","43":"11","95":"11","H2":"11","VC":"11","H6":"11","W7":"11","52":"11","66":"11","H5":"11","63":"11","J4":"11","65":"11","94":"11","C8":"11","V7":"11","W8":"11","45":"11","34":"11","22":"11","24":"11","72":"11","G7":"11","53":"11","C3":"11","C5":"11","G5":"11","74":"11","M5":"11","76":"11","84":"11","23":"11"},"JJ":{"C8":"11"},"HJ":{"X5":"11","X6":"11"},"4P":{"XJ":"11","VH":"11","WG":"11","WH":"11","XH":"11","VG":"11"},"H7":{"99":"11","CC":"11","C9":"11"},"G6":{"V4":"11","R4":"11","P6":"11","Q5":"11","X4":"11","V5":"11","M5":"11","W2":"11","Q4":"11","X3":"11","Q2":"11","M6":"11","R6":"11","W3":"11","P5":"11","R5":"11","V2":"11","Q6":"11","W5":"11","R2":"11","W4":"11","Q3":"11","X5":"11","R3":"11","P4":"11","V6":"11","X2":"11","V3":"11"},"8P":{"57":"11","34":"11","44":"11","66":"11","56":"11","43":"11","53":"11","67":"11"},"G5":{"XX":"11"},"H5":{"7X":"11","2X":"11","3X":"11","9X":"11","6X":"11","8X":"11","5X":"11","4X":"11"},"HH":{"MH":"11","MG":"11","JH":"11","JG":"11"}},"R7":{"WM":{"V7":"11"},"Q8":{"MC":"11","CF":"11","JC":"11","QC":"11","HC":"11","8C":"11","M9":"11","CC":"11","PF":"11","MF":"11","FC":"11","9C":"11","GF":"11","PC":"11","FF":"11","GC":"11","P9":"11","JF":"11","9F":"11","HF":"11"},"XH":{"8F":"11","9F":"11","78":"11","HQ":"11","7C":"11","HP":"11","FM":"11","57":"11","7F":"11","47":"11","68":"11","CJ":"11","CM":"11","67":"11","79":"11"}},"2W":{"25":{"3C":"11","4C":"11","2C":"11","2F":"11"},"2G":{"3J":"11","2M":"11","5H":"11","6H":"11","4J":"11","2J":"11","4H":"11","2P":"11"}},"72":{"C4":{"2W":"11","2X":"11","3X":"11","4X":"11"},"C5":{"C8":"11","RM":"11","QH":"11","G9":"11","QJ":"11","PG":"11","VP":"11","PH":"11","HC":"11","JC":"11","64":"11","JF":"11","42":"11","GC":"11","XQ":"11","MG":"11","32":"11","WP":"11","97":"11","WQ":"11","RJ":"11","F8":"11","75":"11","74":"11","96":"11","63":"11","52":"11","F9":"11","C7":"11","H9":"11","XP":"11","86":"11","MF":"11","85":"11","VM":"11","53":"11"},"RC":{"6W":"11","5Q":"11","6V":"11","6R":"11","7X":"11","7W":"11","5R":"11"},"VP":{"HJ":"11","CR":"11","GQ":"11","H4":"11","FW":"11","CW":"11","J5":"11","FR":"11","HH":"11","HP":"11","HM":"11","H7":"11","GG":"11","J2":"11","FM":"11","GV":"11","HC":"11","H3":"11","J6":"11","HQ":"11","FP":"11","J3":"11","HF":"11","GM":"11","GW":"11","JF":"11","9X":"11","GR":"11","H6":"11","FX":"11","H5":"11","J4":"11","J7":"11","FV":"11","CV":"11","FQ":"11","JC":"11","H8":"11","GF":"11","H9":"11","J9":"11","GH":"11","HR":"11","GJ":"11","CX":"11","HG":"11","J8":"11","GP":"11"},"RG":{"P2":"11","R5":"11","Q3":"11","VF":"11","WF":"11","R8":"11","WH":"11","Q4":"11","R6":"11","XJ":"11","R7":"11","WG":"11","VC":"11","Q5":"11","V8":"11","V9":"11","Q2":"11","XM":"11","P3":"11","WJ":"11"},"VQ":{"C2":"11","C3":"11","F3":"11","F2":"11"},"RF":{"F8":"11","GF":"11","GH":"11","C9":"11","83":"11","96":"11","FF":"11","HM":"11","82":"11","PX":"11","HJ":"11","C6":"11","C8":"11","MW":"11","C7":"11","JM":"11","GG":"11","JP":"11","MV":"11","FC":"11","JQ":"11","PW":"11","F9":"11","72":"11","84":"11","MQ":"11","HH":"11","94":"11","95":"11","MR":"11","JR":"11"},"F5":{"2R":"11","6W":"11","5V":"11","2Q":"11","7X":"11","3R":"11","4V":"11","5W":"11","4W":"11","6X":"11","3V":"11"},"Q9":{"GG":"11"},"QC":{"R5":"11","W9":"11","R6":"11","V6":"11","X9":"11","W8":"11","W7":"11","V5":"11","V7":"11","R4":"11"},"84":{"R5":"11","H4":"11","P4":"11","Q4":"11","M5":"11","V6":"11","X6":"11","M4":"11","Q5":"11","W6":"11","F3":"11","G4":"11","V5":"11","P5":"11","W5":"11","F4":"11","J4":"11"},"F6":{"93":"11","C3":"11","72":"11","92":"11","82":"11"},"VM":{"JX":"11"},"94":{"37":"11","7C":"11","MM":"11","FG":"11","68":"11","GH":"11","QQ":"11","RR":"11","47":"11","PM":"11","26":"11","HJ":"11","58":"11","VR":"11","48":"11","59":"11","WR":"11","WV":"11","9C":"11","9F":"11","JM":"11","8C":"11","RQ":"11","JJ":"11","VQ":"11","GG":"11","XW":"11","PP":"11","CF":"11","69":"11","QP":"11","XV":"11","27":"11","HH":"11","MJ":"11","79":"11","CG":"11"}},"QJ":{"52":{"JR":"11","HR":"11"},"53":{"J7":"11","J6":"11","H6":"11"}},"CW":{"5H":{"XW":"11"},"6R":{"GM":"11"}},"RW":{"GW":{"XC":"11","WC":"11","XF":"11"}},"XW":{"H8":{"VQ":"11"}},"W3":{"69":{"27":"11","25":"11","26":"11"},"HG":{"Q9":"11","MC":"11","JC":"11","J9":"11","Q8":"11","M9":"11","M8":"11","P9":"11","JF":"11","P8":"11"},"4H":{"GH":"11"},"VQ":{"VC":"11","VF":"11"},"59":{"X7":"11","V6":"11","X6":"11","W4":"11","V5":"11","V7":"11","W5":"11","X4":"11","X5":"11"}},"PG":{"5C":{"FG":"11"},"4C":{"7W":"11"},"VP":{"WR":"11"},"3G":{"X8":"11"},"3X":{"52":"11"},"F9":{"6J":"11"},"69":{"GV":"11","W8":"11"},"89":{"XF":"11","2P":"11"},"99":{"8G":"11"}},"V6":{"WC":{"WQ":"11"},"HG":{"J2":"11"},"7X":{"HX":"11","JX":"11","GX":"11","JW":"11"},"WV":{"5H":"11"},"VJ":{"H7":"11","6P":"11","6M":"11","H6":"11"},"M7":{"C8":"11","PG":"11"},"XH":{"XC":"11","X9":"11","W9":"11"},"X3":{"GR":"11"},"JG":{"G6":"11","G7":"11"},"HF":{"JX":"11","RP":"11","MW":"11","PW":"11","JQ":"11","MP":"11","JP":"11"}},"6W":{"63":{"F2":"11"},"33":{"5G":"11","JF":"11","HG":"11","7G":"11","6H":"11","HF":"11","GF":"11","8G":"11","9G":"11","CG":"11","5H":"11","6G":"11","FG":"11","4H":"11","GG":"11"},"72":{"F8":"11","5H":"11","7C":"11","M5":"11","C9":"11","P3":"11","99":"11","5G":"11","2J":"11","2M":"11","J4":"11","4H":"11","Q2":"11","M4":"11","C8":"11","7F":"11","8C":"11","R2":"11","89":"11","6F":"11","Q3":"11","G7":"11","P4":"11","6G":"11","H5":"11","F7":"11","3J":"11","3H":"11","G6":"11","H6":"11","J5":"11"},"62":{"PR":"11","PV":"11","VP":"11","HX":"11","QQ":"11","VQ":"11","QR":"11","WP":"11","GW":"11","JW":"11","WM":"11","RQ":"11","MV":"11","GX":"11","JV":"11","XM":"11","HW":"11","FX":"11"},"43":{"HX":"11","VR":"11","HW":"11","MV":"11","WR":"11","XQ":"11","PV":"11","WQ":"11","MW":"11","QV":"11","QR":"11","RR":"11","VQ":"11","JW":"11"},"53":{"8J":"11","6J":"11","2Q":"11","3P":"11","2P":"11","4P":"11","7M":"11","FM":"11","CJ":"11","GM":"11","7J":"11","CM":"11","5M":"11","6M":"11","4M":"11","FJ":"11","9J":"11"},"23":{"65":"11","55":"11","F5":"11","46":"11","75":"11","26":"11","G4":"11","45":"11","G5":"11","36":"11","85":"11","95":"11","56":"11","F4":"11"}},"4J":{"9W":{"6J":"11","7G":"11","6H":"11","7C":"11","5J":"11","7H":"11","XV":"11","7F":"11","89":"11","6G":"11","WV":"11","79":"11","8C":"11","99":"11"},"2W":{"5V":"11","4R":"11","4P":"11","4V":"11","5W":"11","3H":"11","3J":"11","6X":"11","4Q":"11","2H":"11","5X":"11","4M":"11","4J":"11"},"7W":{"WM":"11","RM":"11","PM":"11","QM":"11","VM":"11","PP":"11"},"2X":{"RM":"11","PR":"11","62":"11","MX":"11","PV":"11","PW":"11","QQ":"11","PQ":"11","QP":"11","JX":"11","RJ":"11","MW":"11","QM":"11","PP":"11","72":"11","MV":"11","RH":"11"},"CW":{"4W":"11","2V":"11","3V":"11","4V":"11","4X":"11"},"6W":{"FH":"11","7M":"11","FM":"11","7P":"11","CG":"11","6M":"11","CH":"11","FJ":"11"},"4X":{"X5":"11","V4":"11","X4":"11","R4":"11","W4":"11"}},"QC":{"HQ":{"C8":"11","87":"11","78":"11","77":"11","97":"11","69":"11","C7":"11","79":"11","98":"11","6C":"11"},"JQ":{"H6":"11","F7":"11","H7":"11","J6":"11","C6":"11","F6":"11","J7":"11","G7":"11"},"QP":{"7Q":"11","9P":"11","7P":"11","6Q":"11","9M":"11","CM":"11","5R":"11","6P":"11","4R":"11","9Q":"11","6R":"11","4V":"11","CP":"11","8P":"11","5V":"11","3R":"11","5Q":"11"}},"VG":{"F8":{"FX":"11"}},"FR":{"P3":{"C8":"11"}},"3M":{"R3":{"85":"11","96":"11","C6":"11","73":"11","F7":"11","86":"11","72":"11","75":"11","97":"11","F6":"11","74":"11"},"X2":{"M8":"11","CC":"11","G9":"11","9F":"11","59":"11","H8":"11","R6":"11","V6":"11","9C":"11","Q6":"11","FC":"11","P7":"11","F9":"11","V5":"11","69":"11","68":"11","M7":"11","H9":"11","W5":"11","J8":"11","58":"11","X4":"11","X5":"11"},"R2":{"X8":"11","HJ":"11","QJ":"11","8R":"11","PQ":"11","PR":"11","PJ":"11","HH":"11","RF":"11","V9":"11","GG":"11","PH":"11","7V":"11","HC":"11","QR":"11","CM":"11","QG":"11","9P":"11","PM":"11","W9":"11","HF":"11","9R":"11","P7":"11","M7":"11","RC":"11","VC":"11","7X":"11","CP":"11","W7":"11","PP":"11","V8":"11","QH":"11","X6":"11","7W":"11","W8":"11","X7":"11","9Q":"11","JC":"11","H8":"11","J9":"11","GH":"11","8V":"11","GJ":"11","J8":"11"},"Q3":{"PJ":"11","QH":"11","QJ":"11","PH":"11","HJ":"11","JH":"11","QP":"11","PP":"11","QM":"11","JM":"11","MM":"11","MH":"11","HM":"11","HH":"11","MP":"11"}},"94":{"FX":{"MX":"11","JX":"11","JV":"11","HW":"11","GV":"11","HV":"11","JW":"11"},"CW":{"VF":"11","P6":"11","R8":"11","R9":"11","RC":"11","P4":"11","M2":"11","Q7":"11","RF":"11","VC":"11","VG":"11","M4":"11","Q5":"11","Q6":"11","Q8":"11","J2":"11","Q9":"11","M3":"11","P5":"11"},"CV":{"75":"11","52":"11","77":"11","JW":"11","GM":"11","GQ":"11","74":"11","FM":"11","65":"11","88":"11","64":"11","76":"11","JV":"11","HV":"11","89":"11","HR":"11","63":"11","JX":"11","HQ":"11","MX":"11","GP":"11","62":"11"},"27":{"CV":"11","9R":"11","CR":"11"},"38":{"PV":"11","JQ":"11","PW":"11","JR":"11","HQ":"11","QX":"11","HP":"11","GP":"11","MW":"11","QW":"11","MV":"11","PX":"11","GM":"11","JV":"11"},"CR":{"5X":"11"}},"52":{"48":{"C2":"11","F2":"11"},"57":{"85":"11","86":"11"},"37":{"FR":"11","5J":"11","7P":"11","6P":"11","FV":"11","GV":"11","2J":"11","7Q":"11","2M":"11","3P":"11","CR":"11","6M":"11","7M":"11","5P":"11","8Q":"11","5M":"11","9Q":"11","HV":"11","4M":"11","3M":"11","9R":"11","4J":"11","6Q":"11","4P":"11","3J":"11"},"47":{"CX":"11"},"68":{"2C":"11"},"27":{"RJ":"11","7G":"11","XJ":"11","GH":"11","FH":"11","5G":"11","CH":"11","QH":"11","PH":"11","RH":"11","2C":"11","WM":"11","XM":"11","8H":"11","JJ":"11","8G":"11","4G":"11","JH":"11","PJ":"11","7H":"11","3C":"11","9H":"11","6G":"11","VJ":"11","WJ":"11","HH":"11","MJ":"11","QJ":"11","2F":"11","4F":"11","MH":"11","VM":"11","3F":"11"},"C8":{"5H":"11","CH":"11"},"98":{"7Q":"11","JM":"11"},"58":{"XC":"11"}},"HF":{"VR":{"2M":"11","2P":"11","3Q":"11","4Q":"11","3P":"11"},"RQ":{"VP":"11","VV":"11","RP":"11","VR":"11","RQ":"11","VQ":"11","WX":"11"},"M7":{"JP":"11","PR":"11","8F":"11","87":"11","9F":"11","JQ":"11","88":"11","QQ":"11","QR":"11","GJ":"11","MQ":"11","97":"11","FH":"11","PQ":"11","HP":"11","9H":"11","8G":"11","9G":"11","CJ":"11","89":"11","GM":"11","HM":"11","CH":"11","8C":"11","FJ":"11"},"RR":{"XJ":"11","W8":"11","WC":"11","W2":"11","W6":"11","WF":"11","XH":"11","W9":"11","XF":"11","W3":"11","XM":"11","XG":"11","W5":"11","W4":"11","WG":"11","W7":"11","XC":"11"}},"JG":{"9X":{"JR":"11","JV":"11","MV":"11","PV":"11","PR":"11","QR":"11","RR":"11","JW":"11","MR":"11"},"2X":{"QJ":"11","VG":"11","RJ":"11"},"JM":{"X3":"11"},"R6":{"CR":"11"},"8X":{"6J":"11"}},"JJ":{"M5":{"94":"11"},"G6":{"23":"11"},"G5":{"MW":"11"},"43":{"5F":"11","4F":"11"},"53":{"48":"11","37":"11","47":"11","38":"11","58":"11"}},"W6":{"63":{"8C":"11"},"44":{"57":"11","69":"11","68":"11","G3":"11","H3":"11","58":"11"},"2R":{"Q6":"11"},"2H":{"3C":"11","4C":"11","2C":"11","4F":"11","29":"11","3F":"11"},"43":{"9M":"11","CM":"11","GH":"11","FV":"11","GV":"11","HM":"11","FW":"11","HJ":"11","GM":"11","CP":"11","9X":"11","FM":"11","8Q":"11","CW":"11","8X":"11","9Q":"11","HV":"11","9P":"11","FP":"11","GJ":"11","9W":"11","HR":"11","8W":"11","HH":"11"},"53":{"6H":"11"}},"G7":{"9W":{"QX":"11","QJ":"11","MH":"11","GX":"11","PQ":"11","JW":"11","R7":"11","W6":"11","QQ":"11","QF":"11","PR":"11","PJ":"11","MR":"11","RF":"11","V9":"11","X5":"11","V6":"11","QV":"11","JM":"11","PH":"11","VG":"11","MQ":"11","HX":"11","QR":"11","JV":"11","JQ":"11","MM":"11","PV":"11","R8":"11","QG":"11","PM":"11","W9":"11","VF":"11","RH":"11","JX":"11","V5":"11","PX":"11","PG":"11","RM":"11","RC":"11","QM":"11","VC":"11","W7":"11","FX":"11","PP":"11","QP":"11","V8":"11","MV":"11","QW":"11","QH":"11","RJ":"11","JP":"11","X6":"11","MP":"11","X3":"11","V7":"11","MJ":"11","W8":"11","R9":"11","W4":"11","PW":"11","MX":"11","W5":"11","JR":"11","MW":"11","W3":"11","X4":"11","RG":"11"},"9X":{"F4":"11","9G":"11","P2":"11","83":"11","96":"11","99":"11","75":"11","93":"11","J2":"11","C2":"11","77":"11","87":"11","C5":"11","F3":"11","74":"11","86":"11","M2":"11","C3":"11","9C":"11","88":"11","9F":"11","76":"11","8C":"11","J3":"11","H2":"11","89":"11","G3":"11","92":"11","98":"11","H3":"11","C4":"11","8F":"11","85":"11","97":"11","84":"11","F2":"11","94":"11","95":"11","G2":"11","M3":"11"},"CW":{"93":"11","63":"11","34":"11","83":"11","64":"11","44":"11","C2":"11","33":"11","24":"11","73":"11","42":"11","25":"11","45":"11","72":"11","54":"11","H2":"11","92":"11","62":"11","F2":"11","52":"11","43":"11","32":"11","G2":"11","53":"11","23":"11","82":"11","74":"11"},"CV":{"X8":"11","WP":"11","WG":"11","X9":"11","GX":"11","VR":"11","PQ":"11","FW":"11","WF":"11","JW":"11","W6":"11","QQ":"11","XP":"11","PR":"11","VM":"11","WJ":"11","HW":"11","RV":"11","MR":"11","RQ":"11","X5":"11","QV":"11","GV":"11","MQ":"11","HX":"11","VJ":"11","QR":"11","JV":"11","RR":"11","PV":"11","VP":"11","VH":"11","VQ":"11","GW":"11","XH":"11","9X":"11","RM":"11","XG":"11","XJ":"11","FX":"11","XM":"11","MV":"11","QW":"11","WH":"11","RP":"11","X6":"11","WM":"11","XF":"11","X7":"11","XC":"11","PW":"11","JR":"11","MW":"11","HR":"11","CX":"11","HV":"11"},"FV":{"3F":"11","38":"11","66":"11","48":"11","2F":"11","4C":"11","2G":"11","64":"11","3G":"11","65":"11","73":"11","55":"11","2P":"11","27":"11","29":"11","49":"11","28":"11","2M":"11","46":"11","54":"11","74":"11","4G":"11","26":"11","63":"11","3H":"11","3J":"11","57":"11","47":"11","39":"11","2H":"11","2C":"11","56":"11","58":"11","2J":"11","3C":"11","4F":"11"}},"H9":{"MJ":{"2R":"11","2W":"11","5V":"11","2Q":"11","4R":"11","2P":"11","3R":"11","4V":"11","5W":"11","3Q":"11","2V":"11","3V":"11","4Q":"11"},"HC":{"3F":"11","2F":"11","3G":"11","29":"11","28":"11","4G":"11","3H":"11","39":"11","2C":"11","4H":"11","3C":"11"},"JF":{"8W":"11","7W":"11","7X":"11","8X":"11","7R":"11","7V":"11"},"GC":{"R5":"11","V4":"11","W9":"11","X7":"11","X8":"11","R6":"11","V6":"11","X9":"11","W8":"11","V8":"11","W7":"11","V5":"11","XC":"11","V7":"11","XF":"11"},"JJ":{"V4":"11","XJ":"11","V5":"11","W8":"11","WC":"11","WH":"11","WF":"11","WW":"11","W9":"11","XP":"11","XQ":"11","WM":"11","V8":"11","XM":"11","XW":"11","XX":"11","WG":"11","VX":"11","V6":"11","XV":"11","WJ":"11","V7":"11","WX":"11","V3":"11","W7":"11"},"MQ":{"P2":"11","R5":"11","Q3":"11","P4":"11","Q4":"11","M2":"11","Q5":"11","R2":"11","M3":"11","R3":"11","P3":"11","R4":"11"},"JH":{"M7":"11","M8":"11","M5":"11","P2":"11","P3":"11","QH":"11","PH":"11","P8":"11","M6":"11","M4":"11","PF":"11","M2":"11","P9":"11","PC":"11","P7":"11","QG":"11","PG":"11","M3":"11"},"JM":{"X5":"11","X7":"11","W2":"11","W3":"11","X2":"11","X6":"11","X4":"11","X3":"11","W4":"11"},"MM":{"6V":"11","6W":"11","4R":"11","5W":"11","5X":"11","5Q":"11","26":"11","4H":"11","25":"11","5P":"11","39":"11","2C":"11","6X":"11","28":"11","4Q":"11","5R":"11","4M":"11","3G":"11","3M":"11","29":"11","3C":"11","4J":"11","4P":"11","5V":"11","3J":"11","27":"11","3H":"11","2F":"11","3F":"11"},"JG":{"CC":"11","C8":"11","HR":"11","HX":"11","HQ":"11","GJ":"11","97":"11","CF":"11","HP":"11","GR":"11","FF":"11","HV":"11","GP":"11","FM":"11","93":"11","82":"11","96":"11","GV":"11","CG":"11","C7":"11","PX":"11","GM":"11","GQ":"11","95":"11","HW":"11","84":"11","C9":"11","FG":"11","83":"11","98":"11","94":"11"},"MP":{"CC":"11","MX":"11","62":"11","HR":"11","87":"11","88":"11","HQ":"11","JR":"11","9C":"11","GJ":"11","97":"11","73":"11","FH":"11","JW":"11","CF":"11","JX":"11","HP":"11","HV":"11","GP":"11","MW":"11","75":"11","74":"11","72":"11","CG":"11","JV":"11","GM":"11","GQ":"11","86":"11","85":"11","C9":"11","FG":"11","99":"11","98":"11","FJ":"11"}},"PJ":{"V5":{"4J":"11"}},"PC":{"8M":{"RG":"11","RH":"11","VG":"11"},"H7":{"QM":"11"}},"J4":{"2X":{"G6":"11","H6":"11"},"62":{"V8":"11","V9":"11","W8":"11"}},"PF":{"MX":{"G4":"11"},"WJ":{"QW":"11","RX":"11","VW":"11","MP":"11","FG":"11","GH":"11","WP":"11","FH":"11","RP":"11","QQ":"11","WQ":"11","QX":"11","PX":"11","WW":"11","XQ":"11","RQ":"11","GG":"11","VQ":"11","XW":"11","GJ":"11","XX":"11","PP":"11","RW":"11","PW":"11","VX":"11","FJ":"11","QP":"11","WX":"11","VP":"11"},"XJ":{"JM":"11"},"9R":{"R7":"11","Q7":"11"},"27":{"CR":"7"},"QJ":{"3C":"11","2F":"11","3F":"11"},"PJ":{"VF":"11","W9":"11","WF":"11","X8":"11","RG":"11","RF":"11","WG":"11","VG":"11","X9":"11","XG":"11","XF":"11"}},"HC":{"JC":{"C8":"11","HG":"11","97":"11","96":"11","C7":"11","C6":"11","HH":"11","GG":"11"},"J9":{"FV":"11"},"M9":{"6J":"11","7J":"11"}},"QF":{"7W":{"J9":"11"},"RM":{"FC":"11"}},"3W":{"9F":{"XR":"11"},"H8":{"56":"11","76":"11"},"7G":{"RM":"11","XJ":"11","XH":"11","CQ":"11","CR":"11","WM":"11","VM":"11","WJ":"11"},"9C":{"3C":"11","4C":"11","4F":"11","4G":"11","3F":"11"},"G8":{"F5":"11","C5":"11"},"CF":{"2R":"11"},"GF":{"JM":"11","JP":"11"},"8G":{"5G":"11","2H":"11","5F":"11","3H":"11","6G":"11","6F":"11","4G":"11"},"CG":{"F9":"11","F5":"11","F7":"11","F4":"11","CC":"11","FC":"11","F8":"11","F6":"11"},"5P":{"WR":"11","XR":"11"},"2H":{"M8":"11"},"6P":{"9Q":"11","3P":"11","4P":"11","CQ":"11","9P":"11","7P":"11","8P":"11","5P":"11","6P":"11"},"GG":{"Q2":"11","Q3":"11"},"G7":{"MF":"11","GF":"11","JF":"11","HF":"11"},"4J":{"39":"11","49":"11","38":"11","29":"11"},"R4":{"F8":"11"}},"VV":{"W4":{"65":"11"}},"MC":{"C9":{"8J":"11","6J":"11","7G":"11","FH":"11","9H":"11","8H":"11","7H":"11","CG":"11","CJ":"11","GH":"11","6G":"11","8V":"11","7J":"11","FG":"11","CH":"11","CP":"11","GG":"11","FJ":"11","9J":"11"}},"W2":{"PH":{"5G":"11"},"PM":{"QJ":"11"}},"W7":{"59":{"X9":"11"}},"2J":{"MH":{"5J":"11"},"GG":{"XV":"11"},"GF":{"8V":"11","7V":"11","8R":"11"}},"MF":{"X6":{"RQ":"11"}},"5X":{"9W":{"XG":"11"},"GR":{"85":"2","86":"2","75":"2"},"JJ":{"C3":"11","C4":"11"},"CX":{"CV":"11"},"G6":{"FX":"11"}},"2X":{"M8":{"CC":"11","JP":"11","JQ":"11","78":"11","88":"11","JJ":"11","77":"11","HJ":"11","MQ":"11","MR":"11","FF":"11","GF":"11","FC":"11","JM":"11","57":"11","MV":"11","89":"11","GH":"11","C9":"11","HH":"11","FG":"11","67":"11","56":"11","GG":"11","99":"11"},"4R":{"2H":"11","CM":"11","87":"11","5F":"11","3W":"11","4F":"11","3G":"11","97":"11","2G":"11","CP":"11"},"RC":{"5G":"11","RM":"11","GJ":"11","PM":"11","JM":"11","QM":"11","2F":"11","3G":"11","HM":"11","HJ":"11","XM":"11","4G":"11","3F":"11","MM":"11"},"96":{"6X":"11","2R":"11","3W":"11","4W":"11","5X":"11","2V":"11","5W":"11","3V":"11","4V":"11"},"H7":{"MJ":"11","PJ":"11","6F":"11","8F":"11","3F":"11","9F":"11","5F":"11","3G":"11","JJ":"11","CF":"11","4G":"11","7F":"11","CG":"11","GH":"11","HH":"11","FG":"11","GG":"11","4F":"11"},"WF":{"XR":"11","PV":"11","HW":"11","QR":"11","GV":"11","RR":"11","WQ":"11","FW":"11","9X":"11","VR":"11","GW":"11","CX":"11","XQ":"11","FX":"11","WR":"11","CW":"11","PR":"11","JV":"11","HV":"11","VQ":"11","MV":"11","MR":"11"},"QC":{"C6":"11","H8":"11","H7":"11","F7":"11","G6":"11","XF":"11","22":"3","F6":"11","G7":"11"},"3V":{"Q3":"11"},"35":{"3Q":"11","4Q":"11"},"VG":{"M5":"11","P5":"11","J5":"11"},"VF":{"HV":"11"},"86":{"WR":"11","XV":"11","XR":"11"},"XF":{"7R":"11","5Q":"11","HR":"11","PV":"11|3","8R":"11","9Q":"11","PW":"3","2Q":"11","JR":"11","QX":"3","6R":"11","GR":"11","3Q":"11","HV":"11","FR":"11","7Q":"11","CR":"11","9R":"11","6Q":"11","QW":"3","8Q":"11","MV":"11","JV":"11","4Q":"11"},"C6":{"WX":"11"},"P9":{"39":"11","28":"11","3C":"11","XX":"3","4C":"11","27":"11","38":"11","29":"11","WX":"3|11"},"C7":{"CG":"11","W2":"11","V2":"11","FC":"11","FF":"11","FG":"11","R2":"11"},"PC":{"X2":"3"},"G7":{"R7":"11","Q7":"11"},"WG":{"64":"3","65":"3","55":"3","73":"11","92":"11","82":"11","54":"3","75":"3","74":"3","35":"3","45":"3","36":"3","83":"11"},"Q9":{"2X":"3"},"M9":{"R5":"11","X7":"11","H6":"11","X8":"11","R6":"11","M5":"11","V6":"11","Q5":"11","W6":"11","W7":"11","J5":"11","G6":"11","J6":"11","P5":"11","H5":"11"},"45":{"RG":"11","RH":"11","VG":"11"},"97":{"5C":"11","62":"11","4C":"11","59":"11","77":"11","73":"11","75":"11","74":"11","76":"11","63":"11","QV":"11","72":"11","57":"11","RV":"11","67":"11","58":"11"},"G6":{"JP":"11"},"3R":{"C8":"11","MX":"11","8F":"11","PF":"11","PG":"11","8R":"11","8J":"11","JC":"11","JF":"11","FQ":"11","8M":"11","WH":"11","RG":"11","6H":"11","VG":"11","XH":"11","CQ":"11","8H":"11","F8":"11","8G":"11","7H":"11","8Q":"11","89":"11","PX":"11","VH":"11","MF":"11","7J":"11","QG":"11","RH":"11","8C":"11"},"56":{"38":"11","23":"11"},"VC":{"7Q":"11","6Q":"11","2M":"11","6P":"11","4M":"11","3M":"11","5M":"11","7R":"11","5P":"11","2P":"11","8R":"11","5Q":"11"}},"9Q":{"9M":{"X7":"11","X8":"11","X9":"11","X6":"11","W3":"11","W4":"11","W6":"11","W5":"11","X4":"11","X5":"11"},"CM":{"5C":"11","3F":"11","38":"11","48":"11","4C":"11","59":"11","5F":"11","27":"11","29":"11","49":"11","28":"11","46":"11","26":"11","4G":"11","35":"11","47":"11","37":"11","25":"11","36":"11","39":"11","2C":"11","58":"11","3C":"11","4F":"11"}},"9X":{"62":{"V6":"11","V4":"11","V7":"11","V2":"11","V3":"11"}},"VF":{"CM":{"G6":"11"},"FJ":{"FV":"11"},"CC":{"8C":"11","79":"11","7C":"11"},"97":{"6X":"11"},"C9":{"MQ":"11"}},"J9":{"4X":{"27":"11"}},"4V":{"3X":{"FX":"11","CX":"11","CW":"11"}},"RC":{"Q2":{"85":"11","95":"11","94":"11","H3":"11"},"P8":{"XX":"11"},"P4":{"P2":"11","H4":"11","M2":"11","J3":"11","G4":"11","G6":"11","M3":"11","G5":"11","J4":"11"},"W4":{"V4":"11","V5":"11","W5":"11"}},"4W":{"4F":{"47":"11"},"6F":{"FH":"11","CH":"11"},"32":{"96":"11","C2":"11"},"RJ":{"93":"11","C3":"11"}}},"index":{"university,1|retail,2|tourism,3|wreck,4|historical,5|artsCulture,6|namedBuilding,7|water,8|wetland,9|park,10|beach,11|natureReserve,12|cemetery,13|trail,14":{}}}