{"index":{"university,1|retail,2|tourism,3|wreck,4|historical,5|artsCulture,6|namedBuilding,7|water,8|wetland,9|park,10|beach,11|natureReserve,12|cemetery,13|trail,14":{}},"7R":{"V4":{"M4":{"JM":"11","JP":"11"},"46":{"63":"11","34":"11","84":"11","37":"11","64":"11","69":"11","94":"11","36":"11","27":"11","54":"11","6C":"11","26":"11"},"26":{"WC":"11","QC":"11","RC":"11","VC":"11","VF":"11","WF":"11","R9":"11"},"35":{"7R":"11","6W":"11","6V":"11","5V":"11","VV":"11","4P":"11","5W":"11","7V":"11","VR":"11","4Q":"11","RR":"11"},"25":{"VP":"11","WP":"11","VM":"11"},"45":{"3V":"11","FR":"11"},"36":{"PF":"11","JF":"11","JJ":"11","HJ":"11","JH":"11","F3":"11","CJ":"11","MF":"11","JG":"11","F2":"11","HH":"11","4H":"11","F4":"11","3C":"11"}},"88":{"23":{"85":"11"}},"77":{"5Q":{"63":"11","GP":"11","64":"11","69":"11","62":"11","52":"11","65":"11","MJ":"11","FP":"11"},"4P":{"4P":"11","4R":"11","W2":"11","4M":"11","X2":"11","4Q":"11","58":"11","3R":"11"},"7Q":{"2F":"11","2G":"11","9Q":"11","3G":"11","CV":"11","CQ":"11","CR":"11","3H":"11","2C":"11"},"2M":{"94":"11"},"6Q":{"V6":"11","GR":"11","R3":"11","8J":"11","X9":"11","V4":"11","5H":"11","6H":"11","W7":"11","V5":"11","W9":"11","GQ":"11","W8":"11","W6":"11","V3":"11"},"3J":{"C7":"11","QM":"11","C8":"11","HF":"11"},"5P":{"63":"11","2W":"11","85":"11","96":"11","64":"11","42":"11","75":"11","52":"11","22":"11","32":"11","F6":"11","53":"11","74":"11"},"3M":{"64":"11"},"5M":{"2X":"11","3X":"11","4X":"11"},"6P":{"38":"11","48":"11","78":"11","88":"11","R6":"11","Q7":"11","9C":"11","V6":"11","R7":"11","68":"11","V7":"11","58":"11","98":"11","99":"11"},"2J":{"PX":"11","RW":"11"},"4M":{"VX":"11","QW":"11","RX":"11","JR":"11","JV":"11","MV":"11","GV":"11","HR":"11","PV":"11","FV":"11","PW":"11","HV":"11","RW":"11","WX":"11"}},"PM":{"7X":{"MJ":"11","JP":"11","RM":"11","PF":"11","RG":"11","MG":"11","JJ":"11","RP":"11","VJ":"11","WP":"11","JH":"11","QP":"11","PM":"11","QM":"11","PP":"11","JM":"11","WM":"11","QF":"11","VH":"11","MH":"11","MF":"11","QG":"11","RH":"11","MP":"11","PC":"11","VM":"11","WJ":"11","MC":"11"}},"C7":{"PM":{"P2":"11","QH":"11","PF":"11","PG":"11","H6":"11","M5":"11","V2":"11","XR":"11","M4":"11","R2":"11","J5":"11","Q2":"11","H7":"11","M3":"11","J6":"11","QG":"11"},"QJ":{"GP":"11","FQ":"11","GQ":"11","FP":"11"},"QM":{"2R":"11","4R":"11","4V":"11","3R":"11"},"PJ":{"VX":"11","RX":"11"},"4Q":{"5G":"11","5Q":"11","38":"11","P6":"11","5F":"11","H6":"11","R6":"11","Q7":"11","V6":"11","27":"11","5J":"11","28":"11","Q6":"11","M6":"11","4G":"11","G4":"11","P7":"11","G6":"11","V5":"11","5H":"11","G5":"11","4Q":"11","H5":"11","5P":"11","5M":"11","4F":"11"}},"P3":{"Q8":{"V3":"11","9C":"11","W2":"11","44":"11","CH":"11","64":"11","9H":"11","JW":"11","7C":"11","8G":"11","42":"11","CF":"11","78":"11","56":"11","7G":"11","RW":"11","R2":"11","RV":"11","XV":"11","7F":"11","55":"11","8H":"11","QV":"11","CG":"11","X2":"11","88":"11","67":"11","89":"11","PV":"11","8C":"11","VW":"11","V2":"11","9G":"11","54":"11","JX":"11","43":"11","52":"11","66":"11","8F":"11","QW":"11","MV":"11","XR":"11","65":"11","9F":"11","X3":"11","WR":"11","53":"11","99":"11","PW":"11","VV":"11","MW":"11","76":"11","W3":"11","WV":"11","77":"11","68":"11","X4":"11","79":"11"},"Q7":{"CR":"11","QX":"11","VX":"11","8R":"11","VR":"11","7Q":"11","PQ":"11","3V":"11","XW":"11","QQ":"11","FR":"11","5P":"11","PR":"11","RW":"11","7R":"11","RV":"11","MR":"11","RQ":"11","4P":"11","3X":"11","4X":"11","QV":"11","4Q":"11","WX":"11","WW":"11","5Q":"11","GV":"11","MQ":"11","QR":"11","JV":"11","RR":"11","PV":"11","VW":"11","9R":"11","4W":"11","3W":"11","GR":"11","6R":"11","QP":"11","RX":"11","QW":"11","MV":"11","RP":"11","XX":"11","2V":"11","WR":"11","FV":"11","CV":"11","5R":"11","8Q":"11","6Q":"11","PW":"11","VV":"11","JR":"11","9V":"11","WV":"11","HR":"11","2W":"11","HV":"11"},"R8":{"2R":"11","23":"11","2Q":"11","3P":"11","4P":"11","3R":"11","3Q":"11","35":"11","25":"11","24":"11","4Q":"11","22":"11"}},"67":{"57":{"X2":"11"},"44":{"JJ":"11","JH":"11","MM":"11","MJ":"11"},"XJ":{"8F":"11","78":"11","7G":"11","6H":"11","5J":"11","M6":"11","8G":"11","3J":"11","J6":"11","69":"11","5H":"11","79":"11","J7":"11","6C":"11"},"46":{"85":"11","84":"11","83":"11","86":"11"},"56":{"WM":"11"},"45":{"J7":"11"},"55":{"CQ":"11","FQ":"11","FV":"11","FR":"11"}},"56":{"8M":{"C2":"11"},"9M":{"V6":"11","Q6":"11","J3":"11","R6":"11","P4":"11"},"7P":{"4P":"11"},"6P":{"XF":"11","XG":"11"},"CM":{"37":"11","36":"11","46":"11","74":"11"},"7Q":{"G4":"11","R7":"11"},"JW":{"63":"11","44":"11","C2":"11","92":"11"},"9J":{"4W":"11"},"6M":{"R5":"11","R3":"11","Q2":"11","R4":"11","Q3":"11"},"7M":{"5F":"11","3H":"11","J6":"11","4G":"11","7F":"11"},"GQ":{"4P":"11","3V":"11","4V":"11","3Q":"11","3P":"11","3R":"11"},"FM":{"76":"11","74":"11"},"8Q":{"XC":"11","8C":"11","VC":"11","P6":"11"},"GR":{"C3":"11","73":"11","J3":"11","74":"11","F3":"11","H3":"11","V5":"11","G3":"11","84":"11","83":"11","R4":"11","94":"11"},"8J":{"VQ":"11"},"CQ":{"3J":"11","4J":"11","6M":"11","5M":"11"},"9Q":{"4C":"11","VC":"11"},"JV":{"9X":"11","GW":"11","FX":"11","FW":"11","CX":"11","GV":"11","PP":"11"},"FP":{"F9":"11","HW":"11","F8":"11","GC":"11","F6":"11"},"MV":{"34":"11","37":"11","35":"11","24":"11","36":"11","23":"11"},"6J":{"MV":"11","QX":"11","PX":"11","MW":"11","PW":"11"},"FQ":{"H8":"11","QF":"11","RG":"11","WG":"11","PF":"11","H6":"11","VF":"11","VG":"11","WF":"11"},"HR":{"GJ":"11","HJ":"11"},"FJ":{"7W":"11"},"CJ":{"VV":"11","VW":"11","9W":"11","9X":"11","8X":"11","RV":"11","RR":"11","VX":"11"},"JR":{"7P":"11","GP":"11"}},"R4":{"M5":{"M3":"11","M2":"11","G7":"11"},"H5":{"P2":"11"},"H4":{"PX":"11"},"M4":{"MX":"11","GW":"11","FW":"11","GV":"11","FV":"11"},"J5":{"6F":"11","J9":"11","P4":"11","HC":"11","JC":"11","7G":"11","R6":"11","Q6":"11","8G":"11","6G":"11","FG":"11","J8":"11"}}}}