{"index":{"university,1|retail,2|tourism,3|wreck,4|historical,5|artsCulture,6|namedBuilding,7|water,8|wetland,9|park,10|beach,11|natureReserve,12|cemetery,13|trail,14":{}},"7V":{"34":{"99":{"F5":"11"},"J7":{"R5":"11","Q6":"11","R6":"11"},"M5":{"5C":"11","6F":"11","5G":"11","4C":"11","5F":"11","GW":"11","GV":"11","6G":"11","4F":"11","6C":"11"},"M6":{"C4":"11","C8":"11","2W":"11","C5":"11","F5":"11","2X":"11","F8":"11","F7":"11","F3":"11","G4":"11","F9":"11","C7":"11","G3":"11","C6":"11","F6":"11","F4":"11"},"J6":{"XW":"11","XX":"11"}},"37":{"H6":{"G9":"11","HC":"11","GC":"11","4V":"11","7M":"11","9G":"11","7P":"11","CG":"11","H9":"11","6M":"11"},"M7":{"M3":"11","P3":"11","P4":"11"},"JH":{"C3":"11","62":"11","C2":"11","73":"11","G2":"11","92":"11","93":"11","82":"11","74":"11","63":"11","F3":"11","H2":"11","72":"11","J2":"11","H3":"11","G3":"11","84":"11","83":"11","94":"11"},"JG":{"MX":"11","GR":"11","JX":"11","PQ":"11","PH":"11","GW":"11","HQ":"11","FX":"11","MQ":"11","FW":"11","CX":"11","PM":"11","GV":"11","MV":"11","JM":"11","HR":"11","MW":"11","PR":"11","JQ":"11","PP":"11","PJ":"11","PG":"11","JP":"11","MM":"11","MR":"11","MJ":"11"},"G7":{"X5":"11","GP":"11","GM":"11","X4":"11","GQ":"11","HM":"11","FP":"11"}},"38":{"4F":{"F4":"11","9F":"11"}},"2F":{"3G":{"HC":"11","JC":"11","JF":"11","HG":"11","HF":"11","GF":"11","JG":"11","GG":"11"}},"F8":{"7M":{"C4":"11","C3":"11","Q3":"11","V2":"11","C2":"11","R2":"11","J3":"11","F3":"11","Q2":"11","G4":"11","J2":"11","M3":"11","H3":"11","R3":"11","G3":"11","P3":"11","F2":"11","F4":"11","W2":"11","94":"11"},"8J":{"97":"11","2M":"11","2P":"11","5W":"11","4G":"11","7C":"11","5C":"11","5P":"11","87":"11","2X":"11","7G":"11","5V":"11","7F":"11","5X":"11","4J":"11","4P":"11","3X":"11","4X":"11","5Q":"11","3G":"11","88":"11","4M":"11","3F":"11","89":"11","8C":"11","3J":"11","4F":"11","98":"11","6G":"11","4H":"11","6C":"11","5H":"11","3M":"11","3W":"11","5J":"11","8F":"11","6J":"11","3P":"11","5F":"11","3C":"11","6F":"11","5R":"11","99":"11","2W":"11","3H":"11","6H":"11","3Q":"11","79":"11","4C":"11"},"7J":{"Q8":"11","FV":"11","GV":"11","Q7":"11","HM":"11","FW":"11","MF":"11","P8":"11","GQ":"11","GW":"11","HP":"11","GR":"11","FX":"11","P9":"11","PC":"11","JM":"11","JJ":"11","MG":"11","JP":"11","XW":"11","JH":"11","XX":"11","HR":"11","HQ":"11","VX":"11","M9":"11","WX":"11","MC":"11","MH":"11"}},"6F":{"M2":{"67":"11"}},"4G":{"64":{"79":"11"},"73":{"JJ":"11","HJ":"11"},"54":{"R5":"11","V3":"11","V4":"11","P6":"11","P4":"11","Q4":"11","M5":"11","Q5":"11","M6":"11","R3":"11","P5":"11","R4":"11"}},"3F":{"6Q":{"38":"11","66":"11","48":"11","64":"11","55":"11","46":"11","54":"11","75":"11","74":"11","76":"11","57":"11","47":"11","45":"11","67":"11","58":"11"},"6R":{"FR":"11","9G":"11","9M":"11","HW":"11","9V":"11","FV":"11","FW":"11","JW":"11","CR":"11","CV":"11","9J":"11","CP":"11","GW":"11","CX":"11","8J":"11","CW":"11","8H":"11","9F":"11","CQ":"11","9Q":"11","8C":"11","9P":"11","8G":"11","9R":"11","9H":"11","JX":"11","8F":"11"},"6V":{"J2":"11","F5":"11","C2":"11","J3":"11","C3":"11","G6":"11","F4":"11","H5":"11","H4":"11","H6":"11","J4":"11","G5":"11","J5":"11","C4":"11","H3":"11"}}}}