{"85":{"X8":{"33":{"2V":"11","3V":"11"},"23":{"VP":"11","WP":"11","WR":"11","XV":"11","WQ":"11","VM":"11","VQ":"11","XR":"11"}},"V3":{"RX":{"22":"11"},"RW":{"2X":"11"},"W8":{"G3":"11","H5":"11","H4":"11","H6":"11","H3":"11"}},"9C":{"2F":{"86":"11"},"2G":{"34":"11","33":"11","24":"11","27":"11","25":"11","26":"11"}},"W2":{"XH":{"MJ":"11","PJ":"11","QH":"11","PF":"11","QJ":"11","PG":"11","PH":"11","HG":"11","MG":"11","JJ":"11","HJ":"11","JH":"11","P8":"11","P9":"11","QF":"11","Q9":"11","MH":"11","MF":"11","QC":"11","JG":"11","QG":"11","HH":"11","PC":"11"},"23":{"G6":"11","G7":"11"}},"MF":{"88":{"2H":"11","3H":"11","2J":"11","2G":"11"},"M5":{"3X":"11"},"H5":{"Q9":"11","QF":"11","RF":"11","QC":"11","RC":"11","Q8":"11","PF":"11","PC":"11","P9":"11"},"R7":{"8J":"11","7J":"11"},"78":{"XH":"11","XG":"11"},"Q7":{"Q9":"11","P9":"11","P8":"11"},"Q2":{"QR":"11"}},"93":{"5C":{"MV":"11","PV":"11","PR":"11","MR":"11"},"J2":{"P2":"11","Q3":"11","P6":"11","P4":"11","M2":"11","Q5":"11","Q6":"11","Q2":"11","P5":"11","P3":"11"},"H5":{"W2":"11","X2":"11"},"H4":{"XW":"11","XX":"11","WX":"11"}},"MH":{"JQ":{"7Q":"11","8M":"11","7R":"11"},"CR":{"4G":"11"}},"CQ":{"R5":{"GW":"11","FX":"11","GX":"11"},"Q4":{"VX":"11","VW":"11","QW":"11","RX":"11","QX":"11","RW":"11"},"87":{"G5":"11"},"77":{"CQ":"11","FQ":"11","CP":"11","FP":"11"},"R6":{"C2":"11","C3":"11","F3":"11","F2":"11"},"Q5":{"V3":"11","Q3":"11","PF":"2","PG":"2","MG":"2","V2":"11","JH":"2","R2":"11","Q2":"11","R3":"11","MH":"2","MF":"2","JG":"2"}},"97":{"XQ":{"QM":"11"}},"44":{"XR":{"R7":"11"},"WP":{"FR":"11","6V":"11","WP":"11","3W":"11","RP":"11","QQ":"11","CR":"11","7R":"11","3V":"11","7V":"11","4W":"11","GQ":"11","XP":"11","GR":"11","XM":"11","PQ":"11","RQ":"11","9R":"11","2W":"11","JQ":"11","HR":"11","4V":"11","HQ":"11","5V":"11","6R":"11","8R":"11","MQ":"11","VP":"11"},"FV":{"7M":"11","8J":"11","7J":"11","6M":"11","WG":"11","WH":"11","XH":"11","XG":"11"},"GV":{"9G":"11","7G":"11","FG":"11","5G":"11","HG":"11","WF":"11","VG":"11","VF":"11","XF":"11","RG":"11","2G":"11","MG":"11","GG":"11","JG":"11","8G":"11","3G":"11","4G":"11","QG":"11","PG":"11","WG":"11","6G":"11","CG":"11"},"RP":{"2R":"11","J9":"11","2Q":"11","3P":"11","4P":"11","3R":"11","3Q":"11","P9":"11","Q9":"11","WC":"11","4Q":"11","XC":"11","5P":"11","5M":"11","XF":"11"},"QQ":{"8Q":"11","P2":"11","J6":"11","F6":"11","PP":"11","HJ":"11","43":"11","H7":"11","HG":"11","MM":"11","M9":"11","HM":"11","FM":"11","R4":"11","C3":"11","42":"11","FH":"11","QM":"11","FJ":"11","8P":"11","FQ":"11","63":"11","QP":"11","9P":"11","8M":"11","R2":"11","HH":"11","44":"11","J2":"11","C8":"11","H2":"11","F3":"11","GG":"11","M5":"11","G8":"11","H3":"11","C7":"11","C5":"11","C6":"11","F5":"11","CQ":"11","R3":"11","R5":"11","F4":"11","H6":"11","WM":"11","82":"11","G4":"11","Q9":"11","92":"11","GJ":"11","J7":"11","FP":"11","MH":"11","VH":"11","H8":"11","JH":"11","M8":"11","CP":"11","C2":"11","F2":"11","F8":"11","62":"11","MJ":"11","72":"11","QJ":"11","9M":"11","C4":"11","G5":"11","PQ":"11","G3":"11","9J":"11","M2":"11","P9":"11","VG":"11","H5":"11","52":"11","JG":"11","CH":"11","G7":"11","H9":"11","JM":"11","PJ":"11","93":"11","45":"11","Q5":"11","PM":"11","GP":"11","GM":"11","G6":"11","CJ":"11","M6":"11","9Q":"11","J8":"11","QQ":"11","WG":"11","P6":"11","VM":"11","P5":"11","WH":"11","32":"11"},"CV":{"MX":"11","QW":"11","JX":"11","RX":"11","QX":"11","PX":"11","RW":"11"},"XP":{"GH":"11","FH":"11","XC":"11","8J":"11","5J":"11","3J":"11","2M":"11","6J":"11","4J":"11","GJ":"11","FJ":"11","4M":"11","7J":"11","3M":"11","CH":"11","9J":"11","XF":"11","CJ":"11"},"CW":{"C3":"11","64":"11","C2":"11","73":"11","G2":"11","93":"11","54":"11","74":"11","63":"11","H2":"11","35":"11","J2":"11","25":"11","45":"11","44":"11","F2":"11","83":"11"},"8X":{"62":"11","33":"11","92":"11","82":"11","43":"11","63":"11","44":"11","34":"11","53":"11"},"PQ":{"HR":"11","59":"11","7G":"11","HQ":"11","8G":"11","57":"11","7F":"11","58":"11","98":"11"},"PR":{"H8":"11","H7":"11"},"JV":{"78":"11","R4":"11","68":"11","M5":"11","96":"11","F6":"11","38":"11","W2":"11","67":"11","Q4":"11","77":"11","58":"11","87":"11","39":"11","M4":"11","48":"11","28":"11","W3":"11","57":"11","P5":"11","C6":"11","G5":"11","V2":"11","C7":"11","Q3":"11","R3":"11","29":"11","P4":"11","H5":"11","F7":"11","97":"11","X2":"11","J6":"11","G6":"11","H6":"11","V3":"11","J5":"11"},"HV":{"J8":"11","F8":"11","M8":"11","78":"11","G8":"11","W8":"11","R8":"11","Q8":"11","J9":"11","P8":"11","W9":"11","2C":"11","V8":"11","C8":"11","5C":"11","59":"11","P9":"11","88":"11","89":"11","X9":"11","G9":"11","X8":"11","3C":"11","H9":"11","H8":"11","V9":"11","49":"11","Q9":"11","98":"11","M9":"11","69":"11","F9":"11","R9":"11","4C":"11","79":"11","2F":"11","3F":"11"},"9W":{"5J":"11","9G":"11","M8":"11","GF":"11","GC":"11","2P":"11","7J":"11","FG":"11","Q8":"11","FF":"11","Q7":"11","J9":"11","2M":"11","W6":"11","P8":"11","8H":"11","9F":"11","W5":"11","6H":"11","4M":"11","HF":"11","8G":"11","6J":"11","X5":"11","3M":"11","HC":"11","7H":"11","H9":"11","CF":"11","4J":"11","M9":"11","R7":"11","V6":"11","JC":"11","3J":"11","V7":"11","CG":"11"},"PP":{"VW":"11","XW":"11","8V":"11","VV":"11","XX":"11","9V":"11","WW":"11"},"7X":{"J8":"11","J9":"11","GF":"11","FF":"11","GC":"11","H9":"11"},"QP":{"4X":"11","QW":"11","RX":"11","XR":"11","6W":"11","GX":"11","3X":"11","QV":"11","PV":"11","HW":"11","5W":"11","3W":"11","5X":"11","QX":"11","FW":"11","7W":"11","JW":"11","PX":"11","4W":"11","GW":"11","6X":"11","MW":"11","FX":"11","WR":"11","WV":"11","2X":"11","CW":"11","8X":"11","2W":"11","9W":"11","RV":"11","VV":"11","JX":"11","PW":"11","7X":"11","MX":"11","HX":"11","XV":"11","8W":"11"},"8W":{"GX":"11","PV":"11","HW":"11","WP":"11","QR":"11","QQ":"11","RR":"11","WQ":"11","FW":"11","JW":"11","9X":"11","GW":"11","XP":"11","CX":"11","FX":"11","XM":"11","PR":"11","JV":"11","RQ":"11","VQ":"11","MV":"11","MR":"11","VP":"11"},"MQ":{"QW":"11","M7":"11","M8":"11","PV":"11","QV":"11","QR":"11","QQ":"11","QX":"11","PM":"11","PH":"11","P8":"11","PX":"11","P9":"11","PQ":"11","PR":"11","MG":"11","PJ":"11","PP":"11","PW":"11","QP":"11","MJ":"11","MH":"11"},"MR":{"8R":"11","7Q":"11","CH":"11","5W":"11","P3":"11","M8":"11","2X":"11","5V":"11","P5":"11","7R":"11","GG":"11","7P":"11","Q2":"11","3X":"11","WX":"11","M6":"11","HC":"11","6V":"11","P2":"11","9M":"11","CM":"11","9P":"11","8M":"11","HF":"11","4V":"11","4W":"11","Q4":"11","XH":"11","P7":"11","3W":"11","M7":"11","6R":"11","XJ":"11","FG":"11","P6":"11","M9":"11","Q5":"11","FJ":"11","J7":"11","CJ":"11","5R":"11","GC":"11","8Q":"11","9Q":"11","JC":"11","6Q":"11","9J":"11","GF":"11","H9":"11","M5":"11","J9":"11","FH":"11","P4":"11","8P":"11","2W":"11","J8":"11"},"VP":{"QW":"11","VW":"11","6V":"11","6W":"11","GX":"11","4R":"11","8V":"11","7W":"11","2H":"11","WW":"11","7V":"11","CX":"11","FX":"11","2G":"11","CW":"11","5R":"11","XW":"11","3Q":"11","9W":"11","RW":"11","4V":"11","JX":"11","PW":"11","HX":"11","5V":"11","8W":"11","2Q":"11","3R":"11"},"JR":{"XX":"11","WX":"11"}},"GQ":{"35":{"HH":"11"},"F3":{"JX":"11","JW":"11"}},"62":{"8M":{"33":"11","24":"11","42":"11","32":"11","23":"11"},"9G":{"J8":"11","FR":"11","GC":"11","FG":"11","J7":"11","M5":"11","P2":"11","GH":"11","P3":"11","9V":"11","FF":"11","CR":"11","CV":"11","M6":"11","M4":"11","M2":"11","8X":"11","GG":"11","FC":"11","G9":"11","9W":"11","H9":"11","H8":"11","7X":"11","8W":"11","J6":"11","M3":"11"},"7P":{"CC":"11","C8":"11","6F":"11","5G":"11","8F":"11","7G":"11","9C":"11","F5":"11","F8":"11","F7":"11","3H":"11","F3":"11","3J":"11","G4":"11","7F":"11","G6":"11","C7":"11","5H":"11","6G":"11","G5":"11","G3":"11","C9":"11","F6":"11","F2":"11","4H":"11","8C":"11","99":"11","2J":"11"},"3X":{"M7":"11"},"4R":{"R5":"11","R3":"11","Q6":"11","V4":"11","R6":"11","V2":"11","R4":"11","Q5":"11","V3":"11","P8":"11"},"6P":{"4X":"11","FR":"11","6V":"11","RJ":"11","6W":"11","3X":"11","XJ":"11","PV":"11","MM":"11","5W":"11","8V":"11","3W":"11","PM":"11","CR":"11","7R":"11","PX":"11","7V":"11","4W":"11","GQ":"11","HP":"11","WM":"11","GR":"11","QM":"11","MW":"11","XM":"11","2X":"11","CQ":"11","9Q":"11","FP":"11","JP":"11","MV":"11","FQ":"11","9R":"11","PP":"11","HQ":"11","PW":"11","MX":"11","VJ":"11","QP":"11","5V":"11","8R":"11","WJ":"11","GP":"11","RM":"11","VM":"11"},"C9":{"9G":"11","83":"11","99":"11","93":"11","82":"11","9J":"11","9X":"11","87":"11","CX":"11","86":"11","9C":"11","CW":"11","88":"11","9F":"11","92":"11","9W":"11","9H":"11","98":"11","85":"11","84":"11"},"8V":{"2Q":"11","2R":"11","2V":"11"},"2J":{"7H":"11"},"5Q":{"V3":"11","W2":"11","Q3":"11","2M":"11","C7":"11","4G":"11","7C":"11","J5":"11","5C":"11","5G":"11","P5":"11","G6":"11","H7":"11","2H":"11","X2":"11","M6":"11","3G":"11","J6":"11","F7":"11","88":"11","R3":"11","89":"11","8C":"11","3J":"11","4F":"11","V2":"11","98":"11","6G":"11","4H":"11","6C":"11","5H":"11","Q4":"11","H6":"11","H5":"11","R4":"11","M4":"11","C8":"11","F8":"11","5F":"11","J7":"11","6F":"11","G7":"11","99":"11","2J":"11","M5":"11","W3":"11","69":"11","P4":"11","3H":"11","6H":"11","79":"11"},"7R":{"7R":"11","5G":"11","3F":"11","8W":"11","2F":"11","4C":"11","8R":"11","2G":"11","9Q":"11","6J":"11","3G":"11","CV":"11","5J":"11","7M":"11","29":"11","CW":"11","28":"11","7Q":"11","CR":"11","9R":"11","6Q":"11","4G":"11","3H":"11","8Q":"11","7P":"11","9W":"11","8P":"11","9X":"11","5H":"11","8V":"11","9V":"11","39":"11","5P":"11","5M":"11","6M":"11","2C":"11","CX":"11","4H":"11","FX":"11","6P":"11","4J":"11","3C":"11","4F":"11"},"CC":{"5W":"11","92":"11","93":"11","85":"11","95":"11","5X":"11","4X":"11","94":"11"},"7V":{"J8":"11","F4":"11","XR":"11","M8":"11","M7":"11","RJ":"11","J7":"11","RC":"11","RF":"11","WP":"11","Q8":"11","H7":"11","J9":"11","WQ":"11","C2":"11","P8":"11","WH":"11","QC":"11","RH":"11","F3":"11","XP":"11","VG":"11","VF":"11","XQ":"11","WM":"11","G5":"11","PF":"11","XM":"11","P9":"11","C3":"11","RG":"11","PC":"11","G4":"11","G3":"11","QF":"11","P7":"11","92":"11","G7":"11","QG":"11","H9":"11","H8":"11","H5":"11","VH":"11","Q9":"11","M9":"11","VJ":"11","R9":"11","XV":"11","F5":"11","WJ":"11","F2":"11","J6":"11","G6":"11","H6":"11","MC":"11","VM":"11"},"CP":{"QV":"11"},"7M":{"MJ":"11","PF":"11","PG":"11","MG":"11","R6":"11","JJ":"11","Q7":"11","V6":"11","R7":"11","HP":"11","GP":"11","P9":"11","W4":"11","JM":"11","Q8":"11","Q9":"11","V5":"11","X3":"11","GQ":"11","MH":"11","W5":"11","HM":"11","PC":"11","FX":"11","X4":"11"},"C5":{"8M":"11","44":"11","9G":"11","8P":"11","54":"11","75":"11","77":"11","34":"11","9X":"11","43":"11","87":"11","8Q":"11","86":"11","65":"11","33":"11","8J":"11","88":"11","8H":"11","9F":"11","76":"11","8C":"11","89":"11","8G":"11","9W":"11","55":"11","42":"11","8F":"11"},"5P":{"XX":"11"},"2C":{"XV":"11"},"C8":{"23":"11","8F":"11","66":"11","9F":"11","8J":"11","78":"11","33":"11","8M":"11","32":"11","77":"11","65":"11","7C":"11","55":"11","8H":"11","9P":"11","8G":"11","35":"11","8Q":"11","8P":"11","9X":"11","8X":"11","22":"11","79":"11","67":"11","56":"11","34":"11","8C":"11"},"C6":{"93":"11","94":"11","86":"11","92":"11","7F":"11"},"C3":{"JP":"11","P4":"11","JJ":"11","HQ":"11","HP":"11","FW":"11","GR":"11","CW":"11","FV":"11","JM":"11","GV":"11","GQ":"11","CX":"11"},"8J":{"C4":"11","C5":"11","5V":"11","G2":"11","5W":"11","3X":"11","F3":"11","H2":"11","4W":"11","J2":"11","G3":"11","95":"11","F4":"11","4X":"11"},"C7":{"33":"11","32":"11","27":"11","2X":"11","26":"11","35":"11","25":"11","24":"11","34":"11"},"4Q":{"VX":"11","VW":"11","WM":"11","XJ":"11","VM":"11","XM":"11"},"8H":{"HX":"11","JX":"11"},"9F":{"PR":"11","MX":"11","VF":"11","PV":"11","QJ":"11","PW":"11","RG":"11","VC":"11","QP":"11","VG":"11","RJ":"11","QM":"11","PP":"11","PX":"11","VH":"11","WC":"11","RH":"11"},"9H":{"63":"11","39":"11","44":"11","3C":"11","49":"11","72":"11","54":"11","2C":"11","62":"11","53":"11"},"CF":{"33":"11","42":"11","32":"11"},"6Q":{"M7":"11","M8":"11","MP":"11","P6":"11","PV":"11","MM":"11","M5":"11","P2":"11","P3":"11","PM":"11","MF":"11","PH":"11","P8":"11","PX":"11","22":"11","M6":"11","M4":"11","PF":"11","P5":"11","MW":"11","M2":"11","P9":"11","PC":"11","PQ":"11","PR":"11","MG":"11","MV":"11","P7":"11","PJ":"11","P4":"11","PG":"11","PP":"11","PW":"11","MX":"11","M9":"11","MQ":"11","MR":"11","MJ":"11","MC":"11","M3":"11","MH":"11"},"C4":{"4X":"11","5H":"11","5J":"11","78":"11","68":"11","5W":"11","96":"11","5G":"11","5X":"11","C2":"11","5Q":"11","77":"11","87":"11","5P":"11","86":"11","5M":"11","5C":"11","59":"11","C3":"11","5R":"11","69":"11","C4":"11","5V":"11","4C":"11","94":"11","95":"11","5F":"11","4F":"11"},"24":{"GF":"11"},"97":{"XW":"11","X7":"11","XX":"11","X6":"11","X8":"11"},"6R":{"P2":"11","R5":"11","V4":"11","Q3":"11","W9":"11","X7":"11","P4":"11","X8":"11","M2":"11","Q4":"11","R6":"11","V6":"11","X9":"11","Q5":"11","W8":"11","V8":"11","W6":"11","W7":"11","Q2":"11","V5":"11","R3":"11","P3":"11","XC":"11","V7":"11","W5":"11","R4":"11"}},"CH":{"PW":{"X8":"11"}},"PQ":{"CJ":{"7M":"11"}},"64":{"7Q":{"6X":"11","7X":"11"},"7M":{"J7":"11","J8":"11","J6":"11","M7":"11","M8":"11"},"2Q":{"5G":"11","5F":"11","3H":"11","4H":"11","4F":"11","3G":"11","4G":"11","3F":"11"},"44":{"V4":"11","V3":"11","W4":"11"},"35":{"RX":"11","JV":"11","MV":"11","RW":"11"},"6H":{"8M":"11","FH":"11","9H":"11","9M":"11","CJ":"11","CM":"11","CH":"11","FJ":"11","9J":"11"},"7R":{"77":"11","8H":"11","54":"11","26":"11","7H":"11","52":"11","24":"11","36":"11","34":"11","53":"11"},"6W":{"QC":"11"},"43":{"63":"11","62":"11","53":"11"},"FP":{"VM":"11"}},"Q6":{"HR":{"84":"11","94":"11"},"QR":{"P2":"11","Q2":"11"},"67":{"W3":"11"}},"5C":{"HQ":{"WG":"11","J6":"11","WH":"11","XH":"11","M8":"11"},"JR":{"R2":"11"},"HG":{"7M":"11","7P":"11"},"C3":{"M5":"11","M6":"11"},"C8":{"48":"11","49":"11","59":"11","58":"11"},"JQ":{"RX":"11","3J":"11","JV":"11","GV":"11","2G":"11"},"F8":{"34":"11","33":"11","24":"11","23":"11"},"HJ":{"GR":"11","GW":"11","GV":"11"},"G2":{"HQ":"11","JQ":"11","JP":"11","HP":"11"},"R9":{"X9":"11","W9":"11","X8":"11","W8":"11"},"MR":{"37":"11","38":"11"}},"3V":{"XR":{"4H":"11","4G":"11"}},"R7":{"3Q":{"96":"11","95":"11"},"4X":{"4V":"11"}},"92":{"WX":{"RJ":"11"},"V3":{"H6":"11"},"V4":{"MX":"11","HR":"11","JQ":"11","HX":"11","FQ":"11","JR":"11","HQ":"11","MQ":"11","GW":"11","PQ":"11","JW":"11","JX":"11","MR":"11","GR":"11","HV":"11","FR":"11","MW":"11","FV":"11","MV":"11","GX":"11","GV":"11","JV":"11","GQ":"11","HW":"11"},"MX":{"2R":"11","23":"11","3F":"11","38":"11","2F":"11","4C":"11","2G":"11","3G":"11","2Q":"11","27":"11","29":"11","49":"11","28":"11","2M":"11","26":"11","35":"11","2V":"11","37":"11","25":"11","24":"11","36":"11","39":"11","2C":"11","2H":"11","2J":"11","3C":"11"},"PF":{"JM":"11","JP":"11"},"RG":{"MX":"11","MQ":"11","PX":"11","PW":"11","MP":"11","MM":"11"},"JW":{"WX":"11","RW":"11","MX":"11","WW":"11","PV":"11","PW":"11","VV":"11","QX":"11","RX":"11","JX":"11","VW":"11","MW":"11","QW":"11","QV":"11","MV":"11","PX":"11","RV":"11","VX":"11"},"JX":{"V6":"11","H7":"11","R7":"11","MW":"11","PV":"11","HP":"11","VF":"11","XQ":"11","VP":"11","RW":"11","RM":"11","M8":"11","R3":"11","M2":"11","RP":"11","GF":"11","JC":"11","QW":"11","P3":"11","X5":"11","JJ":"11","XR":"11","Q6":"11","W3":"11","G9":"11","RH":"11","QJ":"11","QF":"11","MF":"11","GQ":"11","HF":"11","H9":"11","WH":"11","QV":"11","P2":"11","R6":"11","PQ":"11","W7":"11","QX":"11","WV":"11","FP":"11","X2":"11","XP":"11","H8":"11","JX":"11","WP":"11","Q5":"11","MM":"11","MX":"11","MC":"11","P9":"11","R9":"11","WC":"11","VR":"11","M4":"11","VW":"11","PR":"11","VX":"11","RF":"11","M9":"11","J9":"11","PW":"11","PH":"11","X7":"11","JH":"11","MJ":"11","GJ":"11","XX":"11","PF":"11","V7":"11","Q9":"11","JF":"11","JM":"11","V9":"11","W4":"11","WQ":"11","FJ":"11","M5":"11","X8":"11","JR":"11","J4":"11","HQ":"11","J7":"11","VH":"11","PX":"11","WF":"11","MR":"11","Q8":"11","J8":"11","PP":"11","XM":"11","QR":"11","HM":"11","P7":"11","V4":"11","Q3":"11","HC":"11","HW":"11","X6":"11","Q7":"11","V2":"11","HV":"11","JQ":"11","QH":"11","JW":"11","HG":"11","Q2":"11","VG":"11","PG":"11","XF":"11","XW":"11","JP":"11","W5":"11","RC":"11","V5":"11","PM":"11","RG":"11","J2":"11","V8":"11","RX":"11","X4":"11","QP":"11","JV":"11","R4":"11","FM":"11","MV":"11","QG":"11","X9":"11","MQ":"11","GC":"11","PC":"11","MH":"11","M7":"11","W6":"11","VJ":"11","WJ":"11","WX":"11","JG":"11","FF":"11","WR":"11","QM":"11","M3":"11","X3":"11","R2":"11","W2":"11","XV":"11","XJ":"11","P4":"11","FQ":"11","RQ":"11","HR":"11","FG":"11","QC":"11","VQ":"11","GG":"11","V3":"11","R8":"11","RJ":"11","XC":"11","RR":"11","WW":"11","P8":"11","WG":"11","QQ":"11","J3":"11","XG":"11","W9":"11","MG":"11","R5":"11","RV":"11","MP":"11","J5":"11","GH":"11","HH":"11","WM":"11","VV":"11","W8":"11","VM":"11","GM":"11","FH":"11","VC":"11","PJ":"11","M6":"11","Q4":"11","HJ":"11","GR":"11","J6":"11","XH":"11","P6":"11","GP":"11","P5":"11"},"QW":{"VP":"11","WJ":"11","WM":"11","WH":"11","VM":"11"},"9M":{"35":"11","36":"11","25":"11","26":"11"},"QV":{"JC":"11","HC":"11"},"V5":{"Q3":"11","P4":"11","Q4":"11","M2":"11","M5":"11","G2":"11","M4":"11","Q5":"11","J3":"11","H2":"11","J5":"11","J2":"11","M3":"11","H3":"11","G3":"11","P5":"11","P3":"11","J4":"11"},"9X":{"GP":"11","GQ":"11"},"8X":{"GJ":"3","GM":"3","HM":"3","HJ":"3"},"PC":{"WX":"11"}},"W6":{"74":{"2X":"11"}},"M8":{"4C":{"V9":"11"}},"QF":{"2R":{"M8":"11","PF":"11","J9":"11","PG":"11","HC":"11","JC":"11","JF":"11","HG":"11","MG":"11","JH":"11","P8":"11","P9":"11","HF":"11","M9":"11","MH":"11","JG":"11","PC":"11"},"97":{"3C":"7","4C":"7","4F":"7","3F":"7"}},"PF":{"GP":{"F9":"11","CC":"11","C9":"11"},"GC":{"RM":"11","VJ":"11","VM":"11"}},"25":{"9X":{"QW":"11","RX":"11","VW":"11","QV":"11","PV":"11","HW":"11","FV":"11","GV":"11","QX":"11","JW":"11","PX":"11","WW":"11","GW":"11","MW":"11","WV":"11","JV":"11","HV":"11","XW":"11","MV":"11","RW":"11","RV":"11","VV":"11","JX":"11","PW":"11","VX":"11","MX":"11","HX":"11","XV":"11","WX":"11"},"CX":{"6V":"11","4R":"11","5W":"11","3W":"11","HM":"11","7Q":"11","CR":"11","7R":"11","3V":"11","GM":"11","7V":"11","4W":"11","CP":"11","8Q":"11","HP":"11","5R":"11","JM":"11","CQ":"11","9Q":"11","2V":"11","JJ":"11","9P":"11","FP":"11","FQ":"11","9R":"11","2W":"11","4V":"11","6Q":"11","5V":"11","6R":"11","8R":"11","GP":"11","MJ":"11","3R":"11"},"FV":{"MX":"11","MW":"11","PW":"11"}},"38":{"7G":{"Q2":"11"},"8C":{"F4":"11","F8":"11","9M":"11","GF":"11","GC":"11","FG":"11","CM":"11","FF":"11","F6":"11","CH":"11","CP":"11","F3":"11","G5":"11","G4":"11","CQ":"11","9Q":"11","9P":"11","G3":"11","FC":"11","9R":"11","CF":"11","F9":"11","CJ":"11","F7":"11","F5":"11","CG":"11","G2":"11"},"89":{"GX":"11"},"7F":{"RX":"11","RV":"11","RW":"11"}},"PR":{"85":{"2R":"11"},"G4":{"2M":"11"},"M5":{"76":"11"},"CG":{"82":"11"},"4J":{"7M":"11"},"F4":{"WJ":"11","XJ":"11"},"3G":{"84":"11","74":"11"},"75":{"XV":"11","XR":"11"},"97":{"PM":"7","PJ":"7"},"58":{"XQ":"11"}},"87":{"9M":{"P7":"11"},"43":{"38":"11"},"CJ":{"CG":"11","QV":"11","JP":"11"},"32":{"HQ":"11","JJ":"11","JH":"11","HJ":"11","JP":"11","HP":"11","JG":"11"},"26":{"P6":"11","Q5":"11"}},"Q8":{"M2":{"RX":"7","RW":"7"}},"CF":{"MW":{"5M":"11","5P":"11"}},"73":{"XG":{"59":"11"}},"56":{"59":{"HG":"11","GG":"11"},"7G":{"5V":"11"},"65":{"54":"11"},"97":{"2H":"11"},"55":{"P8":"11"},"F3":{"VV":"11"},"G3":{"2M":"11","5H":"11","4M":"11","3M":"11","2P":"11","3P":"11"},"F4":{"98":"11"}},"59":{"9P":{"QW":"11","WP":"11","RP":"11","RR":"11","WQ":"11","QX":"11","PX":"11","VR":"11","M4":"11","WM":"11","MW":"11","WR":"11","WV":"11","RQ":"11","VQ":"11","RV":"11","VV":"11","PW":"11","MX":"11","VP":"11"},"CW":{"CC":"11","62":"11","87":"11","64":"11","97":"11","CF":"11","FF":"11","75":"11","FC":"11","74":"11","96":"11","63":"11","CG":"11","86":"11","85":"11","C9":"11","FG":"11","98":"11","99":"11"},"CV":{"6X":"11"},"CQ":{"2W":"11","2X":"11"},"9R":{"V3":"11","V4":"11","X7":"11","X8":"11","V2":"11","V6":"11","X9":"11","X6":"11","W3":"11","X2":"11","W4":"11","W6":"11","W7":"11","V5":"11","X3":"11","V7":"11","W5":"11","X4":"11","W2":"11","X5":"11"},"9Q":{"J8":"11","VW":"11","M7":"11","M8":"11","Q5":"11","RC":"11","J7":"11","M5":"11","P2":"11","P3":"11","FF":"11","H7":"11","Q4":"11","J4":"11","P8":"11","WW":"11","M6":"11","Q2":"11","P5":"11","M2":"11","WR":"11","P9":"11","J3":"11","XW":"11","Q3":"11","H4":"11","XX":"11","P4":"11","CF":"11","H8":"11","V9":"11","H5":"11","VX":"11","H3":"11","M9":"11","R9":"11","WX":"11","J6":"11","H6":"11","MC":"11","M3":"11","J5":"11","VC":"11"},"GX":{"FH":"11","FF":"11","GF":"11","CG":"11","CJ":"11","GH":"11","FG":"11","CH":"11","GG":"11","FJ":"11"},"CR":{"34":"11","37":"11","28":"11","33":"11","24":"11","27":"11","25":"11","2C":"11","29":"11","22":"11","23":"11","26":"11"}},"P5":{"XW":{"VP":"11","44":"11","VJ":"11","VM":"11","43":"11"},"WW":{"G5":"11","59":"11"}},"R2":{"7P":{"7X":"11"},"M3":{"J9":"11","M9":"11"},"W2":{"FW":"11"},"5X":{"X5":"11","X6":"11"},"6W":{"3V":"11","3R":"11"},"XM":{"8G":"11"},"8P":{"4P":"11","CR":"11"},"67":{"C7":"11","C6":"11"}},"JG":{"W7":{"J5":"11"},"V5":{"XH":"11","XG":"11"}},"RV":{"V5":{"83":"11","82":"11"},"VC":{"67":"11"}},"MR":{"QF":{"9R":"11"},"RC":{"WP":"11","WQ":"11"},"QG":{"6Q":"11"},"XG":{"99":"11","JF":"11"}},"G6":{"R7":{"X3":"11"}},"XV":{"RP":{"J2":"11","J3":"11"},"QP":{"5C":"11","69":"11","5F":"11","59":"11","6C":"11"}},"RQ":{"9P":{"5J":"11","5H":"11","6H":"11"}},"X5":{"87":{"RH":"11","RJ":"11"},"G6":{"57":"11","47":"11","56":"11"},"W3":{"7Q":"11","6X":"11","8R":"11","8Q":"11"},"M4":{"GG":"11"},"W4":{"62":"11","53":"11"}},"MG":{"JJ":{"QF":"11"},"CG":{"VJ":"11"},"FF":{"QQ":"11","PX":"11"},"FG":{"96":"11","J3":"11","C4":"11","97":"11","3F":"11"}},"GG":{"HH":{"P5":"11"}},"83":{"F9":{"93":"11","83":"11","92":"11","82":"11"},"Q4":{"52":"11"},"J6":{"6X":"11","4W":"11","5X":"11","5W":"11","4V":"11","6W":"11","5V":"11"},"Q3":{"6X":"11","QX":"11","PX":"11","5X":"11","5W":"11","QR":"11"}},"7P":{"R3":{"2G":"11"},"P3":{"HQ":"11","JR":"11","MQ":"11","HR":"11","JQ":"11","MR":"11"},"V2":{"62":"11","64":"11","73":"11","54":"11","74":"11","63":"11","52":"11","72":"11","53":"11"},"P4":{"85":"11","96":"11","95":"11","86":"11"}},"82":{"V6":{"MG":"11"},"JX":{"JP":"11"},"HG":{"PR":"11"}},"55":{"JP":{"MX":"11","MW":"11"},"JQ":{"J4":"11"},"QQ":{"5Q":"11","3W":"11","4R":"11","4P":"11","3R":"11","4V":"11","3Q":"11","2V":"11","3V":"11","4Q":"11","5P":"11","5M":"11","4M":"11"},"PM":{"CC":"11","C8":"11","G9":"11","9F":"11","G8":"11","FH":"11","CF":"11","FF":"11","F8":"11","FC":"11","F9":"11","CG":"11","C9":"11","FG":"11","99":"11"},"P8":{"4X":"11","6V":"11","6W":"11","3X":"11","4R":"11","5W":"11","3W":"11","5X":"11","7W":"11","7R":"11","3V":"11","7V":"11","4W":"11","6X":"11","2X":"11","5R":"11","2V":"11","2W":"11","4V":"11","7X":"11","2R":"11","5V":"11","6R":"11","3R":"11"},"R2":{"J7":"11"},"P9":{"42":"11","72":"11","62":"11","52":"11","22":"11","32":"11"},"MM":{"QQ":"7"},"QF":{"J3":"11","J4":"11"},"W6":{"C2":"11"}},"8H":{"RW":{"32":"11"}},"86":{"2W":{"C5":"11"},"4R":{"4W":"11","5W":"11","3V":"11","4V":"11","5V":"11"},"53":{"8W":"11","9W":"11","9X":"11","8V":"11","7W":"11","7X":"11","8X":"11"},"3R":{"WJ":"11","WM":"11","XJ":"11","XM":"11"}},"Q2":{"WP":{"H9":"11"},"V8":{"35":"11","36":"11","27":"11","26":"11"},"WM":{"J2":"11","J3":"11","F7":"11","F8":"11"},"R7":{"VP":"11","RM":"11","VM":"11"}},"QV":{"PQ":{"C2":"11","J3":"11","H4":"11","J4":"11","H2":"11","F2":"11","H3":"11"},"QQ":{"49":"11","4C":"11","59":"11"},"PP":{"HX":"11","FX":"11","CX":"11","CW":"11","CV":"11","9V":"11"}},"JM":{"H7":{"24":"11"},"G7":{"X4":"11"}},"FM":{"HX":{"W3":"11"},"7W":{"PQ":"11"},"FW":{"FX":"3","JJ":"11","JM":"11","MM":"11","MJ":"11"},"JC":{"V7":"11","XM":"11"},"55":{"JV":"11","JW":"11"},"JP":{"J5":"3"},"JF":{"Q9":"11","QC":"11"}},"27":{"W7":{"HJ":"11"},"R7":{"RR":"11"}},"PC":{"CH":{"Q5":"11"},"VM":{"92":"11"}},"WX":{"XM":{"M5":"11"}},"X2":{"G9":{"2W":"11","2Q":"11","2X":"11","2R":"11","4P":"11","2V":"11","3P":"11"},"VF":{"WX":"11","XW":"11","XX":"11","HX":"11","PW":"11","JW":"11","JX":"11","MW":"11","PX":"11","HW":"11","VX":"11"},"J9":{"42":"11","52":"11"},"WF":{"2X":"11"},"87":{"MJ":"11","PJ":"11","QH":"11","QJ":"11","PG":"11","PH":"11","HG":"11","RG":"11","MG":"11","JJ":"11","VJ":"11","JH":"11","VG":"11","RJ":"11","VH":"11","MH":"11","JG":"11","QG":"11","RH":"11","HH":"11","VM":"11"},"2G":{"RM":"11","HR":"11","HX":"11","JQ":"11","HQ":"11","GJ":"11","MQ":"11","QP":"11","JX":"11","HV":"11","QM":"11","HW":"11","FJ":"11"},"5F":{"V5":"11"},"HC":{"5C":"11","3F":"11","2F":"11","4C":"11","5F":"11","V2":"11","R2":"11","R3":"11","79":"11","4F":"11","6C":"11"},"64":{"36":"11"},"GC":{"FG":"11","RF":"11","GH":"11","FF":"11","36":"11","PH":"11","WF":"11","34":"11","CC":"11","HJ":"11","22":"11","23":"11","VF":"11","35":"11","XF":"11","PF":"11","59":"11","33":"11","9C":"11","RG":"11","8C":"11","JJ":"11","GG":"11","89":"11","QF":"11","QG":"11","PG":"11","CF":"11","49":"11","69":"11","HH":"11","MJ":"11","79":"11","MH":"11"},"3G":{"2R":"11"},"RG":{"G2":"11"},"H8":{"WX":"11"},"Q7":{"G8":"11"},"9C":{"P9":"11"},"27":{"VR":"11","RQ":"11","WR":"11","WQ":"11","VQ":"11","XR":"11"},"VG":{"93":"11","HX":"11","44":"11","35":"11","C3":"11","W2":"11","V2":"11","45":"11","H2":"11","F2":"11","G2":"11"},"FC":{"23":"11","38":"11","33":"11","32":"11","29":"11","37":"11","24":"11","36":"11","22":"11","39":"11","34":"11"},"F9":{"2W":"11","2X":"11","2R":"11","3X":"11","2V":"11"},"H9":{"WX":"11","V3":"11","WW":"11","78":"11","7G":"11","M5":"11","77":"11","V2":"11","7C":"11","FH":"11","M4":"11","VW":"11","9H":"11","8G":"11","CJ":"11","VX":"11","FG":"11","67":"11","79":"11","CH":"11","W2":"11","FJ":"11"},"QC":{"PV":"11","PR":"11"},"2H":{"Q9":"2","37":"11","J2":"11","M3":"11","P3":"11","36":"11","W3":"11","Q8":"2","R7":"2","38":"11","R4":"7","97":"11","R8":"2","P8":"2"},"J8":{"3W":"11","3X":"11","7R":"11","5X":"11","8R":"11","4X":"11"},"8C":{"WG":"11","XF":"11","XG":"11","WF":"11"}},"WW":{"2F":{"39":"11","3C":"11","4C":"11"}},"5Q":{"8M":{"89":"11"}},"M6":{"J3":{"39":"11","49":"11","59":"11","58":"11","3R":"11"}},"C2":{"2F":{"CF":"11","9G":"11","CG":"11"},"87":{"63":"3","64":"3","73":"3","62":"3"},"QJ":{"59":"11"},"X2":{"RW":"11","2R":"11","3W":"11","HX":"11","2Q":"11","QX":"11","GW":"11","JW":"11","RX":"11","MW":"11","QW":"11","4W":"11","2V":"11","MV":"11","GX":"11","3V":"11","6X":"11","JV":"11","HW":"11","5X":"11","4X":"11"},"52":{"R5":"11","V4":"11","V5":"11","R6":"11","R7":"11","W5":"11","R4":"11","W6":"11"},"2V":{"77":"11"},"X3":{"62":"11"},"W2":{"WJ":"11","WM":"11","XQ":"11","WG":"11","VC":"11","WH":"11","VF":"11","XP":"11","XM":"11","WF":"11"}},"HX":{"3C":{"5P":"11"}},"HC":{"RM":{"W7":"11","W2":"11","W3":"11","X2":"11","W5":"11","W8":"11","W6":"11","W4":"11"},"62":{"FF":"11","FG":"11"},"P6":{"V6":"11","R6":"11"},"VP":{"X7":"11","W7":"11","X8":"11","W8":"11"},"33":{"VF":"11","VG":"11"},"32":{"7Q":"11","M3":"11","9Q":"11","7R":"11"},"VJ":{"RM":"11","FM":"11","7P":"11","8P":"11","6M":"11","VM":"11","6P":"11"},"WP":{"M8":"11","38":"11","48":"11","H6":"11","27":"11","28":"11","P9":"11","M9":"11","H7":"11","57":"11","G6":"11","47":"11","J8":"11","J7":"11","58":"11","G7":"11"},"XJ":{"82":"11"},"RJ":{"XX":"11","WX":"11"},"76":{"F9":"11","G8":"11","G9":"11","F8":"11"},"W6":{"GR":"11","GV":"11"},"F3":{"X5":"11"},"XP":{"HH":"11"},"X3":{"66":"11","65":"11","67":"11"},"G3":{"24":"11","25":"11"},"XF":{"6H":"2"},"99":{"87":"11"},"WJ":{"5C":"3|11","5G":"11","48":"3","4C":"3","59":"3|11","P4":"11","5F":"3|11","49":"3","4G":"3|11","57":"11","69":"11","68":"11","P5":"11","67":"11","58":"3|11","4F":"3","6C":"11"}},"3G":{"VH":{"2H":"11"}},"J6":{"88":{"89":"11"}},"R3":{"HQ":{"WJ":"11"},"86":{"8M":"11","9P":"11","9M":"11","8P":"11"},"75":{"CC":"11","C9":"11"}},"35":{"Q9":{"RM":"11","VP":"11","XQ":"11","RP":"11","WP":"11","QP":"11","WQ":"11","QM":"11","MM":"11","XP":"11"},"H8":{"2M":"11"},"G8":{"PQ":"11","MV":"11","PR":"11","XM":"11","MR":"11"},"MF":{"5H":"2","5J":"2","7G":"2","7J":"2","5G":"2","4H":"2","8J":"2","7F":"2","8H":"2","6H":"2","6F":"2","8G":"2","3G":"2","6J":"2","4G":"2","7H":"2","6G":"2","4J":"2","8F":"2","3J":"2","3H":"2","5F":"2"},"P7":{"7V":"11","7R":"11"},"R9":{"7R":"11","5Q":"11","HR":"11","8R":"11","JQ":"11","QQ":"11","2Q":"11","JR":"11","4R":"11","MQ":"11","CV":"11","PQ":"11","6R":"11","3R":"11","MR":"11","GR":"11","3Q":"11","FR":"11","CR":"11","9R":"11","FV":"11","7V":"11","RQ":"11","5R":"11","8V":"11","4Q":"11","9V":"11"}},"F2":{"66":{"J9":"11","XH":"11"},"CR":{"8H":"11"},"22":{"2Q":"11","2R":"11","2V":"11","3V":"11","3R":"11"},"43":{"V6":"11","R5":"11","X9":"11","R6":"11","22":"11","W8":"11","23":"11"},"73":{"32":"11"},"23":{"42":"11"},"CX":{"X2":"11"},"33":{"R5":"11","Q5":"11","Q6":"11","W4":"11","V5":"11","X3":"11","P5":"11","W5":"11","X4":"11"},"CW":{"42":"11"},"76":{"6F":"11","5G":"11","5F":"11","3G":"11","7C":"11","4G":"11","3H":"11","89":"11","2H":"11","8C":"11","99":"11","98":"11","6C":"11"},"G7":{"MC":"11","M9":"11","PC":"11","P9":"11"},"9R":{"F6":"11"},"63":{"CC":"11","Q3":"11","P6":"11","P4":"11","Q4":"11","29":"11","M6":"11","R2":"11","Q2":"11","M7":"11","P5":"11","C9":"11","2C":"11"},"72":{"3X":"11"},"F5":{"GR":"11"},"53":{"38":"11","VF":"11","W9":"11","48":"11","78":"11","X8":"11","88":"11","GC":"11","VC":"11","X9":"11","29":"11","49":"11","28":"11","W8":"11","HF":"11","FC":"11","F9":"11","WC":"11","39":"11"},"62":{"RX":"11","WJ":"11","XF":"11","WH":"11","XH":"11","RW":"11","XG":"11"}},"3F":{"F4":{"WV":"11","WW":"11"}},"67":{"FM":{"62":"11","52":"11"},"9R":{"2H":"11","2J":"11"},"PF":{"MP":"11","MM":"11","HW":"11","PM":"11","QH":"11","PH":"11","JW":"11","RH":"11","VG":"11","VF":"11","RG":"11","JM":"11","JV":"11","HV":"11","JJ":"11","JP":"11","JH":"11","PJ":"11","QG":"11","JQ":"11","HR":"11","PG":"11","JX":"11","HQ":"11","HX":"11","MQ":"11","MR":"11","MJ":"11","QJ":"11","JR":"11","MH":"11"},"PG":{"H2":"11"},"R9":{"XW":"11","XX":"11","WW":"11","WX":"11"}},"HQ":{"55":{"4C":"11","4F":"11"},"23":{"2W":"11","3W":"11"}},"4R":{"PR":{"VR":"11","XJ":"11","XP":"11","XM":"11"},"QR":{"2M":"11","2J":"11"}},"FP":{"R5":{"VX":"11","XW":"11","RX":"11","XX":"11","QX":"11","WW":"11","WX":"11"},"MX":{"JX":"11"},"PV":{"3W":"11","3V":"11"},"R6":{"X8":"11","V3":"11","W2":"11","Q3":"11","WP":"11","X9":"11","WG":"11","WF":"11","Q6":"11","P3":"11","R7":"11","W6":"11","XP":"11","Q8":"11","WJ":"11","P5":"11","R2":"11","V9":"11","X5":"11","V6":"11","Q2":"11","WQ":"11","VG":"11","X2":"11","R3":"11","P2":"11","R8":"11","V2":"11","W9":"11","VF":"11","Q4":"11","R5":"11","XH":"11","V5":"11","Q7":"11","XG":"11","V4":"11","RC":"11","VC":"11","W7":"11","XJ":"11","P6":"11","V8":"11","XM":"11","Q5":"11","XR":"11","WH":"11","R4":"11","X6":"11","X3":"11","WM":"11","XF":"11","V7":"11","W8":"11","XQ":"11","X7":"11","R9":"11","W4":"11","XC":"11","W5":"11","WC":"11","W3":"11","P4":"11","R6":"11","X4":"11"},"JR":{"VH":"11","WG":"11","WH":"11"},"V6":{"QC":"11","3P":"11","RJ":"11","RH":"11","37":"11","97":"11","F6":"11","GR":"11","36":"11","GP":"11","57":"11","PG":"11","GG":"11","7H":"11","47":"11","GF":"11","2G":"11","HQ":"11","JG":"11","Q5":"11","6M":"11","FF":"11","P4":"11","MF":"11","6V":"11","CP":"11","P8":"11","4R":"11","HF":"11","FW":"11","C5":"11","58":"11","C8":"11","79":"11","J3":"11","HC":"11","28":"11","CQ":"11","PJ":"11","QG":"11","PF":"11","Q4":"11","FJ":"11","7J":"11","MH":"11","2F":"11","Q6":"11","CR":"11","FM":"11","MM":"11","54":"11","43":"11","2Q":"11","G4":"11","MR":"11","M8":"11","99":"11","2M":"11","GC":"11","9M":"11","GQ":"11","63":"11","CC":"11","98":"11","M4":"11","H6":"11","G9":"11","75":"11","FH":"11","5G":"11","2H":"11","8H":"11","9W":"11","R9":"11","6P":"11","4J":"11","J6":"11","CG":"11","85":"11","3H":"11","HG":"11","5C":"11","CW":"11","H7":"11","9Q":"11","5H":"11","7R":"11","78":"11","C7":"11","QJ":"11","P7":"11","P6":"11","2P":"11","H5":"11","HW":"11","7P":"11","9C":"11","42":"11","F3":"11","G6":"11","M5":"11","GM":"11","QQ":"11","4H":"11","H8":"11","CV":"11","J4":"11","94":"11","4G":"11","QF":"11","8G":"11","9F":"11","JC":"11","8M":"11","GV":"11","C3":"11","88":"11","J8":"11","9G":"11","Q9":"11","33":"11","JR":"11","9J":"11","86":"11","4P":"11","JJ":"11","J9":"11","FR":"11","P2":"11","HR":"11","7V":"11","4V":"11","96":"11","MJ":"11","CJ":"11","M6":"11","H3":"11","3J":"11","67":"11","4M":"11","PP":"11","53":"11","JP":"11","MV":"11","3F":"11","H2":"11","Q8":"11","9V":"11","65":"11","Q3":"11","Q7":"11","C2":"11","8P":"11","PR":"11","QP":"11","PQ":"11","F5":"11","3V":"11","7C":"11","56":"11","5J":"11","49":"11","5W":"11","8W":"11","GW":"11","P3":"11","24":"11","35":"11","Q2":"11","HH":"11","C6":"11","8R":"11","25":"11","CF":"11","F8":"11","34":"11","MG":"11","3Q":"11","6C":"11","8Q":"11","C4":"11","RG":"11","89":"11","RC":"11","29":"11","FC":"11","C9":"11","8F":"11","7F":"11","JQ":"11","JH":"11","6R":"11","5V":"11","M7":"11","GJ":"11","46":"11","8V":"11","74":"11","PH":"11","4C":"11","P5":"11","RF":"11","M3":"11","22":"11","39":"11","RM":"11","2J":"11","7G":"11","38":"11","6J":"11","9R":"11","84":"11","6F":"11","9P":"11","7M":"11","9H":"11","MC":"11","F7":"11","PM":"11","48":"11","3R":"11","93":"11","6Q":"11","J7":"11","H9":"11","JW":"11","G5":"11","3C":"11","F4":"11","76":"11","G3":"11","HM":"11","8X":"11","69":"11","G8":"11","MP":"11","5F":"11","45":"11","F9":"11","MQ":"11","HP":"11","PC":"11","CH":"11","23":"11","32":"11","CM":"11","44":"11","64":"11","59":"11","P9":"11","68":"11","2C":"11","6H":"11","3G":"11","F2":"11","FG":"11","5M":"11","JF":"11","5R":"11","6W":"11","27":"11","4Q":"11","QH":"11","5Q":"11","G7":"11","66":"11","7W":"11","5P":"11","FP":"11","FQ":"11","7Q":"11","4W":"11","J5":"11","2R":"11","HV":"11","3M":"11","GH":"11","77":"11","H4":"11","95":"11","HJ":"11","26":"11","JV":"11","8C":"11","55":"11","6G":"11","M9":"11","4F":"11","8J":"11","87":"11","FV":"11","G2":"11","JM":"11","QM":"11"},"VV":{"CC":"11","FC":"11","FF":"11"},"QX":{"2Q":"11"},"JX":{"93":"11","92":"11"},"XV":{"CC":"11","C9":"11"},"V5":{"2W":"11","2X":"11","3X":"11"},"69":{"CV":"11","GV":"11","CR":"11","FR":"11"},"X3":{"G6":"11","F6":"11"},"WV":{"J4":"11","J5":"11"},"RR":{"5R":"11","4P":"11","4R":"11","3M":"11","3Q":"11","4Q":"11","3R":"11","5Q":"11"},"CH":{"7C":"8","6F":"8","6C":"8"},"X5":{"X7":"11","X8":"11","X6":"11","W8":"11","V8":"11","W6":"11","V9":"11","W7":"11","X5":"11"}},"89":{"4W":{"25":"11"},"3V":{"XQ":"11"}},"J3":{"R4":{"5G":"3","5H":"3","4H":"3","4G":"3"}},"8C":{"94":{"86":"11","76":"11"},"V9":{"3W":"11","4W":"11","3V":"11","4V":"11"},"Q8":{"7P":"11","6P":"11","3M":"11","2G":"11"},"J6":{"6Q":"11","6P":"11","5P":"11","HP":"11"},"W9":{"2H":"11","49":"11","59":"11","2G":"11","3F":"11"},"G5":{"83":"11","J8":"11","H8":"11","82":"11"},"XH":{"87":"11"},"XG":{"X7":"11","X6":"11"},"P8":{"X9":"11"}},"R8":{"5P":{"RP":"11"}},"Q9":{"9V":{"4H":"11"}},"VW":{"7X":{"R3":"11"}},"CM":{"J4":{"67":"11"},"PR":{"JP":"3","PR":"3","G9":"11","JQ":"3","GC":"11","MQ":"3","PQ":"3","MR":"3","PP":"3","FC":"11","F9":"11","MP":"3"}},"QG":{"58":{"7R":"11","8R":"11"}},"9P":{"Q4":{"HV":"11"},"Q3":{"84":"11"}},"4F":{"68":{"QJ":"2","Q3":"2","WG":"2","P8":"2","WF":"2","Q6":"2","P3":"2","R7":"2","QF":"2","PF":"2","PJ":"2","Q8":"2","WJ":"2","P5":"2","RF":"2","V9":"2","V6":"2","PH":"2","VG":"2","PC":"2","VJ":"2","P9":"2","R8":"2","Q9":"2","QG":"2","W9":"2","VH":"2","VF":"2","RH":"2","Q4":"2","R5":"2","V5":"2","P7":"2","PG":"2","Q7":"2","V4":"2","RC":"2","VC":"2","W7":"2","P6":"2","V8":"2","Q5":"2","QC":"2","QH":"2","WH":"2","R4":"2","RJ":"2","V7":"2","W8":"2","R9":"2","WC":"2","P4":"2","R6":"2","RG":"2"},"75":{"PR":"2","PV":"2","QR":"2","MQ":"2","PQ":"2","MR":"2","QV":"2","MV":"2"}},"V2":{"9G":{"R5":"11","R7":"11","R4":"11","R8":"11"},"VV":{"5G":"11","W9":"11","WF":"11","6J":"11","8M":"11","6H":"11","7M":"11","9P":"11","63":"11","8P":"11","5H":"11","WC":"11","7J":"11","CP":"11","53":"11"},"42":{"22":"3","23":"3"},"4M":{"QP":"11"},"WV":{"48":"11"},"Q2":{"X8":"11"},"HJ":{"R3":"11","Q4":"11","Q3":"11"},"62":{"65":"11","C2":"11","92":"11","93":"11","75":"11","74":"11","84":"11","83":"11"},"WW":{"HX":"2","GR":"2","GW":"2","HW":"2","GV":"2","HR":"2","GX":"2","HV":"2","JW":"2"},"32":{"R3":"3","V4":"3","Q4":"3","W2":"3","X2":"3","W3":"3","V2":"3","Q2":"3","X4":"3","X3":"3","R4":"3","Q3":"3","R2":"3","V3":"3","W4":"3"},"WX":{"G3":"2","G2":"2"}},"98":{"4H":{"7P":"11"},"MW":{"77":"11","66":"11","76":"11","67":"11"}},"54":{"F8":{"5G":"11","3J":"11","2Q":"11","2M":"11","5H":"11","69":"11","68":"11","2R":"11","4J":"11","5F":"11","77":"11","66":"11","4H":"11","3M":"11","2P":"11","6F":"11","4G":"11","3P":"11","6C":"11","67":"11"},"5J":{"7R":"11","PF":"11","R8":"11","6V":"11","R9":"11","X7":"11","8R":"11","5V":"11","9Q":"11","HG":"11","MG":"11","HJ":"11","GJ":"11","JH":"11","6R":"11","X6":"11","2X":"11","5W":"11","FM":"11","9P":"11","3X":"11","W8":"11","V8":"11","W6":"11","W7":"11","4W":"11","7V":"11","8Q":"11","Q9":"11","GH":"11","MF":"11","V7":"11","QC":"11","JG":"11","CM":"11","HH":"11","PC":"11","CP":"11","FJ":"11","4X":"11"},"7G":{"RJ":"11","GX":"11","HW":"11","GV":"11","RP":"11","QQ":"11","FW":"11","WH":"11","XH":"11","GW":"11","CX":"11","QM":"11","FX":"11","PQ":"11","XG":"11","JV":"11","HV":"11","HR":"11","PP":"11","WG":"11","VH":"11","VJ":"11","QP":"11","WJ":"11","MQ":"11","MR":"11","RM":"11","JR":"11","VM":"11"},"R4":{"64":"3","42":"3","75":"3","52":"3","65":"3","74":"3"},"2P":{"V3":"11","C8":"11","5C":"11","Q3":"11","4C":"11","P4":"11","H6":"11","88":"11","M5":"11","V2":"11","M4":"11","X2":"11","F7":"11","J5":"11","G6":"11","J6":"11","69":"11","C7":"11","89":"11","R3":"11","X3":"11","P3":"11","2C":"11","79":"11","G7":"11","98":"11","3C":"11","W2":"11","6C":"11"},"MM":{"96":"11","88":"11","87":"11","78":"11","89":"11","97":"11"},"C9":{"J8":"11","8M":"11","7P":"11","4R":"11","GC":"11","R4":"11","Q5":"11","FG":"11","6P":"11","3W":"11","J9":"11","CH":"11","5Q":"11","Q4":"11","3V":"11","9J":"11","7M":"11","8J":"11","V2":"11","5R":"11","R2":"11","R3":"11","HC":"11","2W":"11","9H":"11","4V":"11","H9":"11","6Q":"11","CG":"11"},"3W":{"HQ":"11","HP":"11"},"99":{"VX":"11","XW":"11","XX":"11","WX":"11"},"5X":{"62":"11","52":"11"},"J9":{"Q6":"11","P5":"11","J4":"11","H2":"11","J5":"11","P6":"11","Q5":"11","P4":"11"},"J2":{"MH":"11","W6":"11","QF":"11","PF":"11","PJ":"11","MR":"11","RF":"11","V9":"11","X5":"11","V6":"11","JM":"11","PH":"11","MQ":"11","JQ":"11","HQ":"11","MM":"11","R8":"11","QG":"11","PM":"11","PG":"11","RC":"11","VC":"11","W7":"11","V8":"11","QC":"11","QH":"11","JP":"11","X6":"11","MP":"11","X3":"11","V7":"11","MJ":"11","W8":"11","R9":"11","W5":"11","JR":"11","HR":"11","X4":"11"},"3P":{"QW":"11","RX":"11","XR":"11","QV":"11","WP":"11","QR":"11","RP":"11","QQ":"11","RR":"11","WQ":"11","QX":"11","PX":"11","22":"11","XP":"11","XQ":"11","QM":"11","RQ":"11","VQ":"11","RW":"11","RV":"11","PW":"11","QP":"11","RM":"11","VP":"11","QJ":"11","VM":"11"},"MF":{"JM":"11"},"J4":{"23":"11","38":"11","28":"11","74":"11","F3":"11","G4":"11","G3":"11","85":"11","22":"11","95":"11","84":"11","83":"11","F4":"11","94":"11"},"VR":{"66":"11","87":"11","78":"11","88":"11","64":"11","77":"11","65":"11","73":"11","9H":"11","75":"11","8G":"11","74":"11","76":"11","63":"11","9G":"11","CG":"11","CJ":"11","CH":"11","9J":"11"},"G5":{"XV":"11"},"C8":{"VX":"11","XW":"11","WV":"11","XV":"11","WW":"11","XR":"11","WX":"11"},"M2":{"33":"11","24":"11","25":"11","22":"11","32":"11","23":"11"},"5M":{"22":"11","32":"11"},"9C":{"Q3":"11","J9":"11","8W":"11","P4":"11","JC":"11","JF":"11","HG":"11","M5":"11","V2":"11","M4":"11","M6":"11","R2":"11","Q2":"11","J6":"11","M7":"11","R3":"11","8X":"11","GH":"11","P5":"11","P3":"11","JG":"11","HH":"11","J8":"11","J7":"11","W2":"11"},"9F":{"48":"11","39":"11","37":"11","47":"11","64":"11","73":"11","46":"11","56":"11","72":"11","38":"11","2C":"11","55":"11","29":"11","65":"11","82":"11","74":"11"},"CQ":{"5F":"11","4F":"11"},"6H":{"FR":"11","MM":"11","RF":"11","WC":"11","9V":"11","8V":"11","FV":"11","HM":"11","7W":"11","QH":"11","PH":"11","CR":"11","CV":"11","W9":"11","GQ":"11","VF":"11","VG":"11","HP":"11","GR":"11","RG":"11","8X":"11","JM":"11","JJ":"11","JP":"11","X9":"11","QF":"11","FQ":"11","X8":"11","9R":"11","PJ":"11","QG":"11","9W":"11","PG":"11","HQ":"11","8W":"11","GP":"11","MJ":"11","XC":"11","MH":"11","VC":"11"},"J3":{"5H":"11","7J":"11","6P":"11","5W":"11","3W":"11","5G":"11","3P":"11","4H":"11","3V":"11","4W":"11","5P":"11","8J":"11","2X":"11","4Q":"11","8H":"11","6H":"11","2V":"11","4M":"11","6J":"11","4G":"11","3M":"11","3Q":"11","2W":"11","7H":"11","4V":"11","6G":"11","2R":"11","4J":"11","8F":"11","4P":"11","3J":"11","4C":"11","3H":"11","2Q":"11","3R":"11","5F":"11","4F":"11"},"JJ":{"XQ":"11","XV":"11","XR":"11"},"4M":{"5H":"11","V4":"11","M7":"11","G8":"11","7G":"11","P6":"11","Q5":"11","V5":"11","5G":"11","2J":"11","4H":"11","CC":"11","X3":"11","M6":"11","W3":"11","R6":"11","R5":"11","9C":"11","Q6":"11","9F":"11","W4":"11","FC":"11","8G":"11","P7":"11","G9":"11","CF":"11","H8":"11","6G":"11","F9":"11","8F":"11","3J":"11","X2":"11","3H":"11"},"Q3":{"XQ":"3","XP":"3","XR":"3"},"8G":{"C4":"11","C3":"11","3F":"11","2F":"11","4C":"11","87":"11","59":"11","C5":"11","78":"11","2G":"11","77":"11","G2":"11","49":"11","96":"11","76":"11","F3":"11","69":"11","68":"11","86":"11","G3":"11","85":"11","95":"11","F2":"11","67":"11","58":"11","F4":"11","3C":"11","94":"11"},"6J":{"42":"11","33":"11","26":"11","43":"11","35":"11","25":"11","36":"11","44":"11","34":"11","53":"11"},"G7":{"33":"11","24":"11","42":"11","32":"11","23":"11"},"R3":{"4X":"3","8M":"3","5H":"3","5J":"3","9M":"3","9G":"3","7G":"3","7C":"3","2P":"3","7J":"3","6P":"3","5G":"3","5X":"3","2M":"3","5Q":"3","3P":"3","4H":"3|11","3V":"3","9J":"3","7M":"3","6M":"3","5P":"3","5M":"3","8J":"3","7F":"3","4Q":"3","8H":"3","9F":"3","9Q":"3","6H":"3|11","8C":"3","2V":"3","9P":"3","4M":"3","6F":"3","8G":"3","3G":"3","6J":"3","4G":"3|11","3M":"3","3Q":"3","7H":"3","9H":"3","3C":"3","6G":"3","2R":"3","4J":"3","6Q":"3","8F":"3","4P":"3","3J":"3","4C":"3","3H":"3","2Q":"3","3R":"3","5F":"3","4F":"3","3F":"3"},"H4":{"RJ":"11","HW":"11","X4":"11","W8":"11","WC":"11","W6":"11","JW":"11","WF":"11","W9":"11","RH":"11","X3":"11","VG":"11","VF":"11","V8":"11","RG":"11","W5":"11","JV":"11","W4":"11","MV":"11","X5":"11","V9":"11","VH":"11","HX":"11","X2":"11","V7":"11","MQ":"11","MR":"11","W7":"11","QJ":"11","JR":"11","XC":"11","VC":"11"},"3M":{"6W":"11","RM":"11","JQ":"11","HQ":"11","RP":"11","MQ":"11","XJ":"11","PQ":"11","QP":"11","GR":"11","2X":"11","5W":"11","3X":"11","PP":"11","7W":"11","WM":"11","4W":"11","GQ":"11","XM":"11","MP":"11","VM":"11","5X":"11","WJ":"11","4X":"11"},"3Q":{"R3":"11","P2":"11","P3":"11","Q2":"11","R2":"11","Q3":"11"},"2W":{"JM":"11"},"QG":{"63":"11","34":"11","44":"11","33":"11","54":"11","52":"11","43":"11","53":"11"},"7H":{"37":"11","66":"11","83":"11","75":"11","38":"11","93":"11","47":"11","C2":"11","74":"11","73":"11","28":"11","57":"11","65":"11","46":"11","C3":"11","64":"11","92":"11","29":"11","55":"11","84":"11","27":"11","F2":"11","56":"11"},"H5":{"5H":"11","5J":"11","7G":"11","7C":"11","2P":"11","F6":"11","3P":"11","Q4":"11","G5":"11","C6":"11","7F":"11","C7":"11","88":"11","G4":"11","2V":"11","6H":"11","H2":"11","89":"11","6F":"11","G3":"11","3M":"11","3Q":"11","P4":"11","6G":"11","2R":"11","98":"11","4J":"11","H3":"11","3J":"11","97":"11","F5":"11","2Q":"11","79":"11"},"H3":{"XX":"11"},"8F":{"PR":"11","RM":"11","WF":"11","HX":"11","QQ":"11","WH":"11","RP":"11","VJ":"11","WG":"11","PQ":"11","JW":"11","QP":"11","JX":"11","MR":"11","RJ":"11","QM":"11","MV":"11","GX":"11","XG":"11","JV":"11","VH":"11","XC":"11","HW":"11","XF":"11","VM":"11"},"4P":{"2Q":"11","2R":"11","2P":"11"},"F7":{"8M":"11","9M":"11","7P":"11","X4":"11","GH":"11","JF":"11","FH":"11","Q8":"11","Q7":"11","CH":"11","7W":"11","W6":"11","MF":"11","P8":"11","HG":"11","9J":"11","7V":"11","7M":"11","W5":"11","GG":"11","JG":"11","X5":"11","FJ":"11","CJ":"11","V6":"11","MC":"11"},"2Q":{"9W":"11"},"MJ":{"2Q":"11","2R":"11"},"G6":{"7R":"11","6W":"11","V4":"11","R8":"11","6V":"11","9Q":"11","JF":"11","HG":"11","V6":"11","GJ":"11","R7":"11","W3":"11","5W":"11","7Q":"11","9P":"11","W4":"11","7W":"11","Q8":"11","7V":"11","8Q":"11","Q9":"11","V5":"11","6X":"11","GH":"11","V7":"11","JG":"11","HH":"11","CP":"11","5X":"11","FJ":"11","4X":"11"},"XC":{"JV":"11"}},"4V":{"J9":{"X2":"11"},"PM":{"CC":"11","5Q":"11","9F":"11","8J":"11","8M":"11","6J":"11","GJ":"11","FH":"11","4P":"11","CF":"11","5J":"11","FF":"11","7M":"11","FM":"11","7Q":"11","9H":"11","8H":"11","9P":"11","6Q":"11","8G":"11","9M":"11","7H":"11","8Q":"11","7P":"11","9G":"11","CG":"11","8P":"11","CJ":"11","GH":"11","7J":"11","5P":"11","CM":"11","5M":"11","6M":"11","FG":"11","CH":"11","6P":"11","GG":"11","4M":"11","FJ":"11","9J":"11"},"M7":{"FW":"11","CW":"11"}},"GM":{"F5":{"HX":"11"},"P3":{"7M":"11"},"C5":{"CM":"11","CJ":"11"},"QG":{"Q8":"11","Q7":"11"},"F6":{"J6":"11","H2":"11"}},"6C":{"V6":{"9R":"11","9Q":"11","75":"11","65":"11","CR":"11"},"X6":{"5W":"11"}},"Q4":{"7Q":{"FQ":"7"},"7V":{"JQ":"11"}},"G2":{"47":{"9X":"11"},"5F":{"V2":"11"},"58":{"9M":"11"}},"R5":{"GM":{"32":"11"},"72":{"CV":"11"},"QR":{"9G":"11","9H":"11"},"GC":{"25":"11"}},"GW":{"4V":{"XC":"11","X9":"11"},"5V":{"9Q":"11","9R":"11","9P":"11","9M":"11","9W":"11","9X":"11","9V":"11","CX":"11"}},"V5":{"XC":{"3J":"11","4J":"11","3H":"11"},"M5":{"HX":"11","JX":"11","FX":"11","GX":"11"},"Q6":{"3V":"11","5V":"11"},"M6":{"8M":"11","8J":"11","F5":"11","G3":"11","F7":"11","F4":"11","78":"11","8H":"11","7V":"11","7R":"11","H2":"11","F3":"11","79":"11","8R":"11","8Q":"11","F2":"11","F6":"11","G2":"11","8P":"11"},"P2":{"2X":"11","3X":"11"},"M3":{"XV":"11"},"P3":{"22":"11","32":"11"},"GV":{"Q9":"11","V9":"11","RC":"11","Q8":"11","R8":"11","R9":"11"},"Q8":{"CF":"11"},"M7":{"55":"11"}},"JF":{"X2":{"8G":"11","8H":"11"},"X3":{"92":"11"}},"PX":{"7X":{"RM":"11"},"CJ":{"J7":"11"},"8P":{"RH":"11","RJ":"11"}},"P7":{"R5":{"5Q":"11"},"Q4":{"MV":"11"}},"PG":{"F5":{"36":"11"}},"M7":{"V8":{"CW":"7","CV":"7"}},"43":{"RH":{"6P":"11"}},"5J":{"6Q":{"7R":"11","6W":"11","6V":"11","5V":"11","HX":"11","9Q":"11","CV":"11","GW":"11","JW":"11","6R":"11","JX":"11","FW":"11","2X":"11","CW":"11","CQ":"11","5W":"11","CR":"11","9R":"11","3X":"11","4W":"11","7V":"11","GX":"11","9W":"11","9V":"11","HW":"11","FX":"11","5X":"11","4X":"11"},"5R":{"R5":"11","R3":"11","V4":"11","P2":"11","W2":"11","X2":"11","V2":"11","Q2":"11","R4":"11","R2":"11","V3":"11"},"6R":{"M8":"11","H4":"11","P6":"11","J9":"11","P4":"11","JC":"11","JF":"11","HG":"11","M2":"11","H8":"11","M5":"11","M4":"11","M6":"11","P8":"11","P9":"11","HF":"11","J3":"11","M9":"11","H2":"11","J5":"11","P7":"11","J2":"11","M3":"11","H3":"11","J6":"11","M7":"11","H9":"11","P5":"11","P3":"11","22":"11","JG":"11","J8":"11","HH":"11","PC":"11","J7":"11","MC":"11","J4":"11"},"5Q":{"XW":"11","WX":"11","XX":"11","MX":"11","WW":"11","HX":"11","PW":"11","QX":"11","JW":"11","JX":"11","MW":"11","PX":"11","HW":"11","VX":"11"}},"V4":{"QW":{"74":"11"},"H8":{"75":"11","74":"11"},"58":{"HC":"11","HF":"11"},"MM":{"VR":"11","VQ":"11"}},"RC":{"J7":{"WX":"11"},"M5":{"VP":"11","WP":"11"},"Q4":{"27":"11"},"FF":{"JJ":"11","JM":"11","MM":"11","MJ":"11"}},"H6":{"VH":{"J9":"11"}},"CP":{"WG":{"34":"11","44":"11"},"FF":{"4X":"11"},"FG":{"42":"11"},"WF":{"MX":"11"}},"W7":{"2W":{"P9":"11"},"3W":{"69":"11","5F":"11","79":"11","4F":"11"},"FJ":{"5G":"11","JR":"11","5H":"11","MV":"11"},"CJ":{"9X":"11","8X":"11"}},"52":{"7F":{"MC":"11","MG":"11","M9":"11","JG":"11"}},"29":{"74":{"7R":"11","FR":"11"}},"P6":{"85":{"HX":"11","JX":"11","HW":"11","JW":"11"},"J8":{"XV":"11","XR":"11"},"QV":{"4P":"11","5P":"11"},"M8":{"2R":"11","2V":"11","3V":"11","3R":"11"}},"57":{"38":{"4F":"11"},"29":{"M9":"11","P9":"11","P8":"11"}},"V8":{"5F":{"JX":"11","QP":"11","JW":"11"},"6F":{"3Q":"11"}},"RX":{"R3":{"MM":"11"},"W2":{"RM":"11","RJ":"11"},"R9":{"G6":"11","H6":"11"}},"Q5":{"68":{"GM":"11"},"CM":{"7W":"11","6W":"11"},"PM":{"2M":"11","3M":"11"},"WV":{"F4":"11","F3":"11","F2":"11"},"MP":{"64":"11","74":"11"}},"63":{"23":{"RW":"11","RM":"11","V4":"11","W9":"11","WF":"11","WH":"11","VJ":"11","V6":"11","WG":"11","W3":"11","W8":"11","W4":"11","V8":"11","V5":"11","WC":"11","VH":"11","RV":"11","V7":"11","W5":"11","VM":"11","W2":"11"},"G9":{"2Q":"11","4P":"11","5P":"11","2P":"11","3Q":"11","3P":"11"},"2F":{"M8":"11","M7":"11","R4":"11","P6":"11","Q5":"11","GH":"11","JF":"11","9V":"11","8V":"11","J9":"11","7W":"11","Q4":"11","CR":"11","HG":"11","HJ":"11","GM":"11","CP":"11","Q2":"11","FM":"11","6X":"11","P5":"11","8X":"11","CQ":"11","9Q":"11","FP":"11","GJ":"11","HF":"11","JG":"11","Q3":"11","P7":"11","R3":"11","FQ":"11","9R":"11","9W":"11","P4":"11","7X":"11","M9":"11","FJ":"11","JC":"11","8R":"11","8W":"11","GP":"11","HH":"11","MC":"11"},"59":{"36":"11"},"2G":{"62":"11","27":"11","54":"11","26":"11","43":"11","63":"11","52":"11","35":"11","72":"11","25":"11","45":"11","44":"11","36":"11","34":"11","53":"11"},"32":{"2Q":"11","2R":"11","2P":"11","3Q":"11","3P":"11"},"Q7":{"F5":"11","F4":"11","C5":"11","C4":"11"},"27":{"M8":"11","JP":"11","HR":"11","JQ":"11","JC":"11","JF":"11","M5":"11","JJ":"11","JR":"11","JH":"11","JW":"11","JX":"11","M4":"11","HV":"11","M6":"11","J3":"11","JM":"11","M9":"11","J2":"11","M7":"11","JV":"11","HW":"11","JG":"11","MC":"11","J4":"11"},"29":{"QW":"11","P6":"11","QV":"11","PV":"11","Q5":"11","P2":"11","QR":"11","QX":"11","PM":"11","QH":"11","Q4":"11","PH":"11","P8":"11","Q2":"11","PF":"11","P5":"11","P9":"11","PC":"11","PQ":"11","PR":"11","QF":"11","Q3":"11","P7":"11","PJ":"11","QG":"11","PP":"11","QJ":"11"},"28":{"J8":"11","QW":"11","QV":"11","J7":"11","M5":"11","QR":"11","QQ":"11","J9":"11","QX":"11","J2":"11","QH":"11","J4":"11","M4":"11","QM":"11","PF":"11","PC":"11","J3":"11","QF":"11","QG":"11","M9":"11","QP":"11","JC":"11","J6":"11","MC":"11","M3":"11","QJ":"11","J5":"11"},"M6":{"F9":"11","6P":"11","6M":"11","FC":"11","G9":"11"},"26":{"44":"11","FG":"11","HW":"11","C9":"11","FH":"11","96":"11","54":"11","FF":"11","GV":"11","75":"11","GM":"11","43":"11","GQ":"11","GW":"11","74":"11","86":"11","GR":"11","C8":"11","65":"11","C7":"11","64":"11","HV":"11","GJ":"11","FC":"11","JX":"11","F9":"11","42":"11","FJ":"11","85":"11","HX":"11","97":"11","GP":"11"},"F9":{"XQ":"11","XP":"11"},"25":{"4X":"11","F8":"11","7G":"11","7J":"11","C9":"11","3W":"11","J2":"11","J4":"11","3V":"11","CC":"11","4W":"11","6M":"11","5P":"11","G5":"11","C8":"11","M2":"11","5M":"11","9C":"11","4Q":"11","8H":"11","9F":"11","2V":"11","J3":"11","8G":"11","6J":"11","G7":"11","H4":"11","3Q":"11","2W":"11","7H":"11","H5":"11","2R":"11","F9":"11","8F":"11","4P":"11","F7":"11","G6":"11","H6":"11","3R":"11"},"24":{"PV":"11","Q5":"11","Q8":"11","Q7":"11","PM":"11","QH":"11","Q4":"11","PH":"11","QC":"11","MW":"11","PQ":"11","Q6":"11","PR":"11","MV":"11","QF":"11","PJ":"11","QG":"11","PP":"11","PG":"11","Q9":"11","MX":"11","MQ":"11"},"45":{"XC":"11","RG":"11","VG":"11"},"22":{"XW":"11","XX":"11","WX":"11"},"2C":{"QW":"11","RJ":"11","QV":"11","Q5":"11","RF":"11","QR":"11","Q8":"11","QQ":"11","RP":"11","Q7":"11","QX":"11","Q4":"11","QC":"11","RH":"11","Q2":"11","RG":"11","Q6":"11","RQ":"11","QF":"11","Q3":"11","Q9":"11","RM":"11"}},"QH":{"5R":{"CV":"11"}},"QC":{"JX":{"R8":"11"},"QQ":{"GH":"11","GJ":"11"},"PX":{"36":"11","46":"11"},"MW":{"W7":"11","F8":"11","W6":"11"}},"65":{"63":{"XW":"11","XX":"11","WW":"11"},"64":{"8M":"11","FR":"11","6V":"11","9M":"11","7P":"11","6W":"11","7J":"11","CM":"11","6P":"11","5W":"11","8P":"11","9V":"11","8V":"11","FV":"11","GV":"11","5X":"11","7Q":"11","FW":"11","7W":"11","CR":"11","7R":"11","CV":"11","9J":"11","7V":"11","CP":"11","7M":"11","9X":"11","GQ":"11","FM":"11","8Q":"11","HP":"11","6X":"11","GR":"11","8J":"11","CW":"11","8X":"11","5R":"11","CQ":"11","9Q":"11","FP":"11","9P":"11","FQ":"11","9R":"11","9W":"11","HR":"11","HQ":"11","7X":"11","6Q":"11","CJ":"11","5V":"11","8R":"11","6R":"11","8W":"11","GP":"11","JR":"11"},"4J":{"PR":"11","PV":"11","QQ":"11","QR":"11","PQ":"11","QP":"11","PP":"11","QM":"11"},"54":{"6X":"11"}},"R4":{"MH":{"J2":"11","J3":"11","H3":"11"},"MG":{"M3":"11","Q4":"11","P3":"11","Q3":"11","P4":"11"},"J5":{"HX":"11","GW":"11","HW":"11","GV":"11"},"CR":{"84":"11","75":"11","74":"11"},"HP":{"5H":"11"}},"7M":{"HW":{"M2":"11"},"HV":{"MX":"11","PX":"11","MW":"11","PW":"11"}},"X6":{"6Q":{"PG":"11"}},"FJ":{"7Q":{"26":"11"},"6Q":{"X7":"11","W7":"11","X6":"11","W6":"11"},"9M":{"X6":"11"},"RR":{"2Q":"11","68":"11","2R":"11","77":"11","78":"11","2P":"11","3P":"11","67":"11"}},"47":{"J8":{"4X":"11"},"P9":{"J7":"11","J8":"11","J4":"11"}},"XX":{"2W":{"RQ":"11","RR":"11"},"VV":{"CJ":"11"},"WM":{"2Q":"11"},"VH":{"52":"11"},"3V":{"94":"11"}},"X3":{"2Q":{"HX":"11","JX":"11","HW":"11","VH":"11","XQ":"11","VJ":"11","VM":"11"},"2R":{"93":"11","84":"11","83":"11","73":"11","H2":"11","G2":"11","74":"11"},"P3":{"CC":"11","FC":"11"},"G6":{"V4":"11","M3":"11","J3":"11","W2":"11","V2":"11","X4":"11","X3":"11","M2":"11","V3":"11"},"H5":{"4X":"11"},"WV":{"QH":"11","QJ":"11","QG":"11"},"J6":{"2F":"11","2G":"11"},"H6":{"64":"11","44":"11","33":"11","24":"11","42":"11","54":"11","55":"11","22":"11","65":"11","32":"11","53":"11","23":"11"},"5P":{"X5":"11"},"G5":{"7Q":"11","9P":"11","7P":"11","GW":"11","6Q":"11","FW":"11","CQ":"11","6P":"11","4M":"11","3M":"11","CR":"11","8P":"11"},"3Q":{"2P":"11"}},"CC":{"7J":{"5G":"11","5F":"11"},"7H":{"PR":"7","QR":"7"}},"XF":{"MP":{"6F":"11","66":"11","7C":"11","76":"11","7F":"11","67":"11","6C":"11"},"MM":{"7Q":"11"}},"7W":{"PC":{"J2":"11","M3":"11","J3":"11","M2":"11"},"P9":{"JX":"11"}},"V7":{"MX":{"Q2":"11"},"86":{"J7":"11","M5":"11","J8":"11","M6":"11","J6":"11","J4":"11","J5":"11"},"QP":{"X4":"11"}},"W8":{"GQ":{"RF":"11"},"H3":{"56":"11"},"G2":{"H4":"11"}},"45":{"63":{"8J":"11","JF":"11","HG":"11","8M":"11","3P":"11","2P":"11","FH":"11","4P":"11","7M":"11","CJ":"11","GH":"11","7J":"11","JG":"11","5M":"11","6M":"11","CH":"11","GG":"11","4M":"11","9J":"11"},"34":{"Q9":"11","V8":"11","Q8":"11","X8":"11","R8":"11","W8":"11","R9":"11"},"39":{"RR":"11"},"JR":{"96":"11"},"44":{"48":"11","57":"11","37":"11","28":"11","47":"11","68":"11","27":"11","38":"11","58":"11","67":"11"},"72":{"2Q":"11","2R":"11","3Q":"11","3R":"11"},"MR":{"27":"11"}},"X7":{"QW":{"63":"11","83":"11","64":"11","73":"11","42":"11","92":"11","62":"11","52":"11","53":"11","82":"11","74":"11"},"VP":{"5C":"11","5G":"11","4C":"11","5F":"11","2X":"11","5W":"11","49":"11","3X":"11","4G":"11","4W":"11","37":"11","36":"11","5M":"11","6M":"11","6P":"11","5X":"11","4X":"11"},"WJ":{"66":"11","65":"11"},"RQ":{"X7":"11","VH":"11","X6":"11","X8":"11","VG":"11"},"VJ":{"8M":"11","FR":"11","9G":"11","7P":"11","GC":"11","RC":"11","W8":"11","8P":"11","R8":"11","Q8":"11","FV":"11","GV":"11","7Q":"11","P8":"11","W9":"11","8Q":"11","GR":"11","P9":"11","8J":"11","8H":"11","9F":"11","9Q":"11","8C":"11","FC":"11","8G":"11","HC":"11","9H":"11","CF":"11","V9":"11","Q9":"11","8F":"11","R9":"11","JC":"11","CG":"11","VC":"11"},"RV":{"48":"11","49":"11"},"WG":{"5C":"11","5F":"11","66":"11","56":"11","6F":"11","6C":"11"},"QV":{"PV":"11","VQ":"11","QR":"11","VJ":"11","WP":"11","FW":"11","MW":"11","WM":"11","QV":"11","VR":"11","MV":"11","9X":"11","RV":"11","RR":"11","CX":"11","VM":"11","FX":"11","5X":"11","WJ":"11","4X":"11"},"VM":{"FH":"11","FJ":"11","CH":"11","CJ":"11"},"RR":{"J2":"11","4J":"11","4P":"11","4M":"11","4H":"11","H2":"11","4Q":"11"},"VQ":{"23":"11","33":"11","32":"11","27":"11","28":"11","26":"11","22":"11"}},"CJ":{"7Q":{"J7":"11","J6":"11"},"67":{"C8":"11"}},"R9":{"5W":{"X4":"11","X3":"11"},"CR":{"VJ":"11"},"JW":{"7G":"11","6G":"11","6F":"11","7F":"11"}},"26":{"46":{"F4":"11","C5":"11","C4":"11"},"45":{"MX":"11","PX":"11"},"92":{"J2":"11","H2":"11"}},"GC":{"WC":{"F5":"11","C5":"11","F6":"11"},"JF":{"QC":"11","RJ":"11","RH":"11","97":"11","F6":"11","XR":"11","VJ":"11","GP":"11","5X":"11","PG":"11","72":"11","GG":"11","7H":"11","GF":"11","HQ":"11","JG":"11","Q5":"11","VR":"11","6M":"11","FF":"11","R7":"11","P4":"11","MF":"11","6V":"11","CP":"11","P8":"11","RX":"11","4R":"11","HF":"11","FW":"11","VH":"11","C5":"11","C8":"11","79":"11","PV":"11","WQ":"11","J3":"11","HC":"11","VX":"11","CQ":"11","PJ":"11","QG":"11","6X":"11","PF":"11","Q4":"11","V6":"11","VQ":"11","FJ":"11","7J":"11","MH":"11","XF":"11","Q6":"11","XH":"11","CR":"11","W9":"11","QW":"11","R4":"11","WC":"11","FM":"11","MM":"11","92":"11","X3":"11","G4":"11","V3":"11","MR":"11","GX":"11","M8":"11","RW":"11","99":"11","GC":"11","73":"11","9M":"11","QV":"11","63":"11","CC":"11","98":"11","VF":"11","M4":"11","WG":"11","W7":"11","H6":"11","VP":"11","QR":"11","G9":"11","WH":"11","75":"11","FH":"11","WX":"11","5G":"11","8H":"11","9W":"11","XQ":"11","R9":"11","82":"11","6P":"11","J6":"11","CG":"11","85":"11","83":"11","R8":"11","HG":"11","XV":"11","5C":"11","CW":"11","H7":"11","9Q":"11","5H":"11","7R":"11","78":"11","C7":"11","XM":"11","QJ":"11","P7":"11","W6":"11","X4":"11","P6":"11","H5":"11","7P":"11","9C":"11","F3":"11","G6":"11","V5":"11","M5":"11","GM":"11","QQ":"11","H8":"11","CV":"11","WV":"11","W5":"11","J4":"11","94":"11","QF":"11","8G":"11","9F":"11","JC":"11","8M":"11","C3":"11","88":"11","J8":"11","9G":"11","Q9":"11","JR":"11","9J":"11","86":"11","JJ":"11","J9":"11","FR":"11","P2":"11","7V":"11","4V":"11","96":"11","MJ":"11","CJ":"11","M6":"11","H3":"11","W3":"11","67":"11","4M":"11","XJ":"11","PP":"11","53":"11","JP":"11","4X":"11","MV":"11","H2":"11","Q8":"11","9V":"11","65":"11","Q3":"11","Q7":"11","C2":"11","V8":"11","8P":"11","PR":"11","QP":"11","PQ":"11","X2":"11","F5":"11","7X":"11","PW":"11","7C":"11","WJ":"11","5J":"11","J2":"11","5W":"11","CX":"11","8W":"11","P3":"11","M2":"11","Q2":"11","XC":"11","HH":"11","RP":"11","C6":"11","8R":"11","CF":"11","F8":"11","MG":"11","6C":"11","8Q":"11","XW":"11","C4":"11","VW":"11","V4":"11","RG":"11","89":"11","RC":"11","WW":"11","FC":"11","C9":"11","8F":"11","7F":"11","W8":"11","JQ":"11","JH":"11","6R":"11","5V":"11","M7":"11","GJ":"11","8V":"11","74":"11","PH":"11","WF":"11","P5":"11","RF":"11","M3":"11","WR":"11","RM":"11","7G":"11","6J":"11","9R":"11","84":"11","6F":"11","9P":"11","7M":"11","9H":"11","MC":"11","F7":"11","FX":"11","PM":"11","RQ":"11","RV":"11","R2":"11","93":"11","6Q":"11","J7":"11","WM":"11","XP":"11","H9":"11","G5":"11","F4":"11","VV":"11","W2":"11","76":"11","WP":"11","G3":"11","HM":"11","8X":"11","69":"11","G8":"11","MP":"11","5F":"11","F9":"11","MQ":"11","HP":"11","VM":"11","PC":"11","CH":"11","CM":"11","64":"11","V9":"11","XG":"11","52":"11","P9":"11","68":"11","6H":"11","VG":"11","W4":"11","VC":"11","V2":"11","F2":"11","FG":"11","5M":"11","JF":"11","R5":"11","5R":"11","6W":"11","QH":"11","5Q":"11","G7":"11","66":"11","7W":"11","9X":"11","X6":"11","5P":"11","R3":"11","X9":"11","FP":"11","FQ":"11","7Q":"11","4W":"11","J5":"11","GH":"11","77":"11","H4":"11","95":"11","HJ":"11","8C":"11","6G":"11","M9":"11","RR":"11","R6":"11","8J":"11","V7":"11","87":"11","FV":"11","G2":"11","JM":"11","62":"11","X5":"11","QM":"11"},"38":{"3C":"11","2F":"11"},"J9":{"CR":"11","2R":"11","CQ":"11","GX":"11","8R":"11","GQ":"11","7Q":"11","FW":"11","CW":"11","2M":"11","2P":"11","5W":"11","JW":"11","3V":"11","6W":"11","FR":"11","5P":"11","2X":"11","5V":"11","HW":"11","7R":"11","6M":"11","5X":"11","8W":"11","7P":"11","4P":"11","6P":"11","3X":"11","4X":"11","4Q":"11","7V":"11","5Q":"11","GV":"11","HX":"11","6V":"11","4M":"11","HQ":"11","4R":"11","FP":"11","9M":"11","3J":"11","CM":"11","9P":"11","2Q":"11","8X":"11","8M":"11","9W":"11","9R":"11","3R":"11","4V":"11","3M":"11","4W":"11","GW":"11","9X":"11","3W":"11","6X":"11","GR":"11","6R":"11","7X":"11","CP":"11","FX":"11","7M":"11","2V":"11","3P":"11","7W":"11","FV":"11","CV":"11","5R":"11","5M":"11","8Q":"11","FQ":"11","9Q":"11","6Q":"11","9V":"11","8V":"11","HR":"11","CX":"11","8P":"11","2W":"11","HV":"11","3Q":"11"},"MF":{"V3":"11","2R":"11","Q3":"11","93":"11","44":"11","62":"11","64":"11","2M":"11","2P":"11","P3":"11","92":"11","42":"11","25":"11","32":"11","73":"11","P5":"11","R2":"11","4J":"11","83":"11","82":"11","M3":"11","Q2":"11","J2":"11","2H":"11","M2":"11","C2":"11","33":"11","3G":"11","R3":"11","4M":"11","35":"11","P2":"11","3F":"11","3J":"11","2Q":"11","V2":"11","54":"11","4H":"11","3R":"11","5H":"11","3M":"11","Q4":"11","43":"11","5J":"11","52":"11","63":"11","M4":"11","2V":"11","3P":"11","2C":"11","45":"11","34":"11","3C":"11","22":"11","24":"11","72":"11","26":"11","5M":"11","53":"11","2F":"11","2J":"11","2G":"11","74":"11","23":"11","P4":"11","3H":"11","3Q":"11"},"QC":{"3F":"11","38":"11","48":"11","4C":"11","27":"11","29":"11","49":"11","28":"11","26":"11","47":"11","37":"11","36":"11","39":"11","2C":"11","3C":"11"},"X3":{"XW":"11"},"39":{"CX":"11"},"9C":{"RC":"11"},"PC":{"X9":"11","X7":"11","X6":"11","X8":"11"},"H2":{"32":"11"},"GJ":{"56":"11","55":"11"},"JG":{"MW":"11","53":"11","95":"11","56":"11","8H":"11","J6":"11","P8":"11","RV":"11","8F":"11","PP":"11","HJ":"11","43":"11","9H":"11","M7":"11","6G":"11","H7":"11","69":"11","RR":"11","4G":"11","JQ":"11","RJ":"11","CG":"11","HG":"11","98":"11","MM":"11","F7":"11","79":"11","78":"11","47":"11","M9":"11","VC":"11","JV":"11","C3":"11","42":"11","RH":"11","CC":"11","64":"11","89":"11","74":"11","QM":"11","X2":"11","5P":"11","QR":"11","QH":"11","QW":"11","8P":"11","7H":"11","63":"11","QP":"11","7G":"11","8M":"11","77":"11","JR":"11","4H":"11","85":"11","FF":"11","HH":"11","44":"11","C9":"11","C8":"11","F3":"11","PR":"11","6F":"11","6M":"11","R9":"11","G8":"11","PH":"11","7F":"11","55":"11","C7":"11","C5":"11","C6":"11","MV":"11","7Q":"11","5J":"11","9F":"11","QG":"11","RP":"11","QV":"11","7C":"11","86":"11","82":"11","Q9":"11","92":"11","9C":"11","J7":"11","G9":"11","99":"11","5G":"11","MH":"11","JP":"11","7M":"11","RM":"11","H8":"11","8G":"11","CF":"11","JH":"11","6P":"11","6C":"11","M8":"11","8C":"11","4M":"11","PW":"11","C2":"11","JF":"11","5M":"11","84":"11","MG":"11","F2":"11","F8":"11","76":"11","62":"11","MJ":"11","8J":"11","5C":"11","9G":"11","JC":"11","83":"11","4F":"11","72":"11","QJ":"11","7J":"11","67":"11","9M":"11","C4":"11","66":"11","PQ":"11","7P":"11","PG":"11","4J":"11","QC":"11","GF":"11","9J":"11","P9":"11","6J":"11","88":"11","49":"11","94":"11","HF":"11","52":"11","JG":"11","JJ":"11","CH":"11","65":"11","G7":"11","H9":"11","GC":"11","JM":"11","PJ":"11","PC":"11","96":"11","Q8":"11","PF":"11","6Q":"11","MX":"11","HC":"11","93":"11","PX":"11","75":"11","QF":"11","68":"11","46":"11","F9":"11","4C":"11","59":"11","57":"11","48":"11","MC":"11","MQ":"11","45":"11","W2":"11","54":"11","58":"11","PM":"11","87":"11","73":"11","MF":"11","CJ":"11","5H":"11","M6":"11","V2":"11","J8":"11","MP":"11","QQ":"11","MR":"11","G2":"11","4P":"11","PV":"11","J9":"11","FC":"11","6H":"11","RC":"11","97":"11","5F":"11"},"HC":{"X8":"11|2","V3":"11","W2":"11","QJ":"11","MF":"11","WP":"11","MH":"11","X9":"11","WG":"11","VR":"11","P8":"11","PQ":"11","WF":"11","R7":"11","W6":"11","QQ":"11","QF":"11","PF":"11","VM":"11","PJ":"11","Q8":"11","WJ":"11","JG":"11","R2":"11","RF":"11","V9":"11","RQ":"11","X5":"11","V6":"11","MG":"11","PH":"11","VG":"11","PC":"11","X2":"11","VJ":"11","R3":"11","RR":"11","P9":"11","MM":"11","VP":"11","R8":"11","Q9":"11","QG":"11","PM":"11","W9":"11","VQ":"11","V2":"11","VH":"11","VF":"11","RH":"11","R5":"11","XH":"11","V5":"11","JF":"11","PG":"11","JH":"11","Q7":"11","XG":"11","RM":"11","V4":"11","RC":"11","QM":"11","VC":"11","W7":"11","XJ":"11","PP":"11","QP":"11","V8":"11","M9":"11","QC":"11","QH":"11","WH":"11","RP":"11","R4":"11","RJ":"11","X6":"11","MP":"11","WM":"11","X3":"11","XF":"11","V7":"11","W8":"11","MJ":"11","X7":"11","R9":"11","W4":"11","XC":"11","JC":"11","W5":"11","WC":"11","JJ":"11","MC":"11","W3":"11","X4":"11","RG":"11"},"H9":{"XW":"11","XX":"11","WW":"11","XQ":"11","XR":"11","WQ":"11","XV":"11","XP":"11","WV":"11","WR":"11"},"F9":{"M3":"11","J3":"11","M4":"11"},"M9":{"RX":"11"},"45":{"RW":"11"},"JC":{"MW":"11","8Q":"11","53":"11","95":"11","RV":"11","HQ":"11","FX":"11","JW":"11","HV":"11","WQ":"11","6X":"11","43":"11","XM":"11","HX":"11","RR":"11","JQ":"11","VW":"11","7W":"11","7X":"11","VX":"11","5W":"11","WP":"11","VR":"11","9R":"11","47":"11","28":"11","JV":"11","8W":"11","C3":"11","42":"11","6V":"11","64":"11","VJ":"11","HW":"11","74":"11","GV":"11","QR":"11","9V":"11","QW":"11","WV":"11","FQ":"11","63":"11","JR":"11","XJ":"11","85":"11","44":"11","XG":"11","H2":"11","F3":"11","24":"11","GQ":"11","8V":"11","PR":"11","23":"11","36":"11","7R":"11","GX":"11","55":"11","WX":"11","C5":"11","MV":"11","7Q":"11","VP":"11","CQ":"11","CX":"11","25":"11","QV":"11","F4":"11","WM":"11","6R":"11","33":"11","82":"11","VQ":"11","92":"11","38":"11","RQ":"11","XH":"11","39":"11","RX":"11","WF":"11","34":"11","XP":"11","VH":"11","7V":"11","29":"11","WR":"11","FV":"11","8X":"11","6P":"11","27":"11","XC":"11","HR":"11","PW":"11","9W":"11","XV":"11","C2":"11","FW":"11","35":"11","84":"11","F2":"11","62":"11","WW":"11","XQ":"11","26":"11","8R":"11","83":"11","72":"11","CW":"11","RW":"11","C4":"11","XW":"11","37":"11","WJ":"11","PQ":"11","7P":"11","G3":"11","6W":"11","CV":"11","FR":"11","2C":"11","49":"11","94":"11","52":"11","GR":"11","65":"11","22":"11","CR":"11","6Q":"11","MX":"11","93":"11","PX":"11","75":"11","VV":"11","46":"11","4C":"11","57":"11","48":"11","2G":"11","3C":"11","MQ":"11","45":"11","GW":"11","54":"11","XR":"11","58":"11","73":"11","XX":"11","5X":"11","9Q":"11","QX":"11","9X":"11","QQ":"11","MR":"11","G2":"11","WG":"11","PV":"11","JX":"11","VM":"11","XF":"11","WH":"11","32":"11"},"4C":{"XV":"11","XR":"11"},"MC":{"QC":"11","3P":"11","RJ":"11","RH":"11","97":"11","F6":"11","GR":"11","GP":"11","5X":"11","57":"11","PG":"11","2V":"11","GG":"11","3W":"11","7H":"11","47":"11","GF":"11","2G":"11","HQ":"11","JG":"11","Q5":"11","6M":"11","FF":"11","R7":"11","P4":"11","MF":"11","6V":"11","CP":"11","P8":"11","RX":"11","4R":"11","HF":"11","FW":"11","C5":"11","58":"11","C8":"11","79":"11","PV":"11","J3":"11","HC":"11","VX":"11","28":"11","CQ":"11","PJ":"11","QG":"11","6X":"11","PF":"11","Q4":"11","V6":"11","FJ":"11","7J":"11","MH":"11","2F":"11","Q6":"11","CR":"11","W9":"11","QW":"11","R4":"11","FM":"11","MM":"11","HX":"11","54":"11","2Q":"11","G4":"11","V3":"11","MR":"11","GX":"11","M8":"11","RW":"11","99":"11","2M":"11","GC":"11","73":"11","9M":"11","GQ":"11","QV":"11","63":"11","CC":"11","98":"11","VF":"11","M4":"11","W7":"11","H6":"11","QR":"11","G9":"11","75":"11","FH":"11","5G":"11","2H":"11","8H":"11","9W":"11","R9":"11","6P":"11","4J":"11","J6":"11","CG":"11","85":"11","3H":"11","R8":"11","HG":"11","5C":"11","CW":"11","H7":"11","9Q":"11","5H":"11","7R":"11","78":"11","C7":"11","QJ":"11","PX":"11","P7":"11","W6":"11","X4":"11","P6":"11","2P":"11","H5":"11","HW":"11","7P":"11","9C":"11","F3":"11","G6":"11","V5":"11","M5":"11","GM":"11","QQ":"11","4H":"11","H8":"11","CV":"11","W5":"11","J4":"11","94":"11","4G":"11","QF":"11","8G":"11","9F":"11","JC":"11","8M":"11","GV":"11","C3":"11","88":"11","J8":"11","9G":"11","Q9":"11","JR":"11","9J":"11","86":"11","4P":"11","JJ":"11","J9":"11","FR":"11","3X":"11","HR":"11","7V":"11","4V":"11","96":"11","MJ":"11","CJ":"11","M6":"11","H3":"11","W3":"11","3J":"11","67":"11","4M":"11","PP":"11","53":"11","JP":"11","4X":"11","MV":"11","3F":"11","H2":"11","Q8":"11","9V":"11","65":"11","Q3":"11","Q7":"11","V8":"11","8P":"11","MX":"11","PR":"11","QP":"11","PQ":"11","F5":"11","7X":"11","PW":"11","2W":"11","3V":"11","7C":"11","56":"11","QX":"11","5J":"11","49":"11","5W":"11","CX":"11","8W":"11","GW":"11","P3":"11","RP":"11","HH":"11","C6":"11","8R":"11","CF":"11","F8":"11","MG":"11","3Q":"11","6C":"11","8Q":"11","C4":"11","VW":"11","V4":"11","RG":"11","89":"11","RC":"11","29":"11","FC":"11","C9":"11","8F":"11","W8":"11","7F":"11","JQ":"11","JH":"11","6R":"11","5V":"11","M7":"11","GJ":"11","46":"11","8V":"11","74":"11","PH":"11","4C":"11","P5":"11","RF":"11","M3":"11","39":"11","RM":"11","2J":"11","7G":"11","38":"11","6J":"11","9R":"11","84":"11","6F":"11","9P":"11","7M":"11","MW":"11","9H":"11","MC":"11","F7":"11","FX":"11","PM":"11","RQ":"11","48":"11","3R":"11","RV":"11","R2":"11","6Q":"11","J7":"11","H9":"11","JW":"11","G5":"11","3C":"11","2X":"11","F4":"11","76":"11","G3":"11","HM":"11","8X":"11","69":"11","G8":"11","MP":"11","JX":"11","5F":"11","F9":"11","MQ":"11","HP":"11","PC":"11","CH":"11","CM":"11","64":"11","V9":"11","59":"11","P9":"11","68":"11","2C":"11","6H":"11","VG":"11","3G":"11","W4":"11","VC":"11","V2":"11","FG":"11","5M":"11","JF":"11","R5":"11","5R":"11","6W":"11","4Q":"11","QH":"11","5Q":"11","G7":"11","66":"11","7W":"11","9X":"11","X6":"11","5P":"11","R3":"11","FP":"11","FQ":"11","7Q":"11","4W":"11","J5":"11","2R":"11","HV":"11","3M":"11","GH":"11","77":"11","H4":"11","95":"11","HJ":"11","JV":"11","8C":"11","55":"11","6G":"11","M9":"11","RR":"11","4F":"11","R6":"11","X7":"11","8J":"11","V7":"11","87":"11","FV":"11","JM":"11","X5":"11","QM":"11"},"CG":{"VC":"11"},"VC":{"C8":"11"}},"8Q":{"C2":{"G9":"11","PF":"11","J9":"11","PG":"11","HC":"11","JC":"11","JF":"11","HG":"11","GC":"11","MG":"11","JJ":"11","HJ":"11","JH":"11","P9":"11","GF":"11","HF":"11","QF":"11","M9":"11","H9":"11","GH":"11","MH":"11","MF":"11","QC":"11","JG":"11","QG":"11","HH":"11","PC":"11","GG":"11","MC":"11"}},"53":{"8M":{"VF":"11","4R":"11","VG":"11","4V":"11","4Q":"11","2H":"11","2J":"11"},"9G":{"PF":"11","PG":"11","78":"11","GC":"11","MG":"11","68":"11","89":"11","99":"11"},"9M":{"66":"11","75":"11","67":"11","93":"11","C2":"11","58":"11","39":"11","2C":"11","59":"11","C3":"11","76":"11","92":"11","3C":"11","49":"11","85":"11","84":"11","94":"11"},"RJ":{"V3":"11","23":"11","V4":"11","C5":"11","64":"11","33":"11","M5":"11","65":"11","55":"11","F5":"11","Q5":"11","54":"11","75":"11","J5":"11","G5":"11","P5":"11","H5":"11","44":"11","85":"11","95":"11","34":"11"},"QV":{"5C":"11","38":"11","2F":"11","59":"11","27":"11","29":"11","49":"11","28":"11","46":"11","54":"11","43":"11","52":"11","35":"11","47":"11","37":"11","45":"11","36":"11","44":"11","39":"11","2C":"11","3C":"11","53":"11"},"PV":{"RM":"11","MX":"11","PV":"11","VP":"11","PW":"11","QQ":"11","WH":"11","QR":"11","VJ":"11","RP":"11","WG":"11","QP":"11","QW":"11","WM":"11","QV":"11","RQ":"11","XG":"11","PX":"11","XC":"11","RR":"11","XF":"11","VM":"11","WJ":"11"},"QR":{"6V":"11","7P":"11","6W":"11","78":"11","7G":"11","7C":"11","7J":"11","6P":"11","5W":"11","5X":"11","7Q":"11","6M":"11","7M":"11","6X":"11","7F":"11","8C":"11","89":"11","7H":"11","69":"11","6Q":"11","5V":"11","6R":"11","79":"11"},"FF":{"8F":"11","2W":"11","7G":"11","6H":"11","9C":"11","5J":"11","89":"11","6G":"11","5M":"11","C9":"11","F2":"3","8C":"11","99":"11","4M":"11"},"CH":{"G9":"11","H4":"11","HC":"11","GC":"11","G8":"11","CV":"11","CW":"11","CR":"11","GF":"11","9W":"11","H5":"11","9V":"11","GG":"11"},"PH":{"RX":"11","QX":"11","PX":"11"},"WH":{"F8":"11","V4":"11","M7":"11","G8":"11","7C":"11","R4":"11","P6":"11","Q5":"11","J7":"11","V5":"11","X4":"11","C9":"11","6C":"11","H7":"11","99":"11","5G":"11","2H":"11","X3":"11","M6":"11","W3":"11","P5":"11","C8":"11","R5":"11","7F":"11","9C":"11","Q6":"11","8C":"11","W4":"11","89":"11","6F":"11","3G":"11","G7":"11","4G":"11","H8":"11","F9":"11","X2":"11","J6":"11","3H":"11","5F":"11"},"XH":{"33":"11","42":"11","52":"11","22":"11","32":"11","23":"11"},"CC":{"XC":"11"},"9J":{"QJ":"11","WH":"11","VJ":"11","MQ":"11","XJ":"11","GW":"11","PQ":"11","FW":"11","MR":"11","RJ":"11","HV":"11","PP":"11","QM":"11","GV":"11","VH":"11","RH":"11","FX":"11","WJ":"11"},"MW":{"XW":"11","XX":"11","WX":"11"},"8J":{"C6":"11","C2":"11","C5":"11"},"8H":{"C4":"11","C3":"11","C5":"11","CV":"11","CQ":"11","CW":"11","CR":"11","95":"11","CX":"11","CP":"11","94":"11"},"XG":{"X8":"11","HJ":"11","CR":"11","MH":"11","CQ":"11","8R":"11","7Q":"11","5W":"11","QF":"11","PF":"11","6W":"11","7R":"11","HM":"11","RF":"11","V9":"11","5X":"11","MG":"11","3X":"11","4X":"11","FM":"11","7V":"11","6V":"11","JV":"11","FP":"11","QG":"11","W9":"11","9R":"11","GM":"11","4W":"11","PG":"11","6X":"11","JH":"11","RC":"11","VC":"11","CP":"11","W7":"11","V8":"11","MV":"11","QC":"11","X6":"11","W8":"11","X7":"11","R9":"11","8Q":"11","FQ":"11","9Q":"11","JJ":"11","JR":"11","8V":"11","HR":"11","HV":"11","GP":"11"},"FC":{"FP":"11","FF":"11","FM":"11","F8":"11","F7":"11","G4":"11","G6":"11","G5":"11","2C":"11","F6":"11","FX":"3","FJ":"11"},"8G":{"W9":"11","PG":"11","RC":"11","PH":"11","X8":"11","JJ":"11","RF":"11","W8":"11","JM":"11","V9":"11","HM":"11"},"PJ":{"R3":"11","V4":"11","P2":"11","Q4":"11","P3":"11","RC":"11","V2":"11","Q2":"11","PR":"11","R4":"11","R8":"11","R2":"11","Q3":"11","V3":"11","R9":"11"},"PP":{"88":"11","57":"11","5C":"11","69":"11","68":"11","78":"11","59":"11","58":"11"},"CF":{"JR":"11","XX":"11","WX":"11"},"VH":{"4X":"11","FR":"11","RJ":"11","6W":"11","3X":"11","XJ":"11","MP":"11","9V":"11","FV":"11","GV":"11","5X":"11","7W":"11","CV":"11","XH":"11","6X":"11","GR":"11","QM":"11","CW":"11","PQ":"11","9W":"11","JQ":"11","HR":"11","PP":"11","HQ":"11","7X":"11","VJ":"11","QP":"11","WJ":"11","8W":"11","MQ":"11","RM":"11","JR":"11","VM":"11"},"PW":{"9H":"11","3V":"11","8G":"11","5P":"11","CF":"11","2X":"11","6M":"11","H7":"11","6P":"11","8H":"11","4Q":"11","CG":"11","M2":"11","5Q":"11","G8":"11","J6":"11","P2":"11","4R":"11","9G":"11","3R":"11","4V":"11","8J":"11","F9":"11","3W":"11","H6":"11","6J":"11","7J":"11","7M":"11","2V":"11","9F":"11","CC":"11","J7":"11","5R":"11","6Q":"11","H8":"11","7H":"11","2W":"11","FC":"11","G9":"11"},"MX":{"J8":"11","4X":"11","8M":"11","V4":"11","6V":"11","M7":"11","9M":"11","7P":"11","GF":"11","3X":"11","GC":"11","R4":"11","P6":"11","Q5":"11","FG":"11","J7":"11","6P":"11","5W":"11","8P":"11","3W":"11","FF":"11","W2":"11","J9":"11","7Q":"11","CH":"11","Q4":"11","7R":"11","9J":"11","4W":"11","7M":"11","M6":"11","W3":"11","P5":"11","R5":"11","8J":"11","V2":"11","5R":"11","Q6":"11","FC":"11","G9":"11","R3":"11","HC":"11","9H":"11","4V":"11","H9":"11","H8":"11","6Q":"11","CJ":"11","5V":"11","6R":"11","X2":"11","V3":"11","CG":"11"},"VJ":{"42":"11","22":"11","32":"11"},"CJ":{"84":"11","5C":"11","83":"11","5J":"11","3J":"11","68":"11","4J":"11","87":"11","5F":"11","77":"11","78":"11","6F":"11","59":"11"},"CG":{"R5":"11","96":"11","R3":"11","V8":"11","V2":"11","97":"11","R2":"11"}},"W4":{"FM":{"CX":"11"},"4C":{"C2":"11","C3":"11"},"JF":{"63":"2","73":"2","72":"2","75":"11","62":"2"}},"FQ":{"P4":{"99":"11","98":"11"},"5F":{"M3":"11"},"M5":{"22":"11"},"M4":{"2W":"11"},"43":{"GR":"11","CQ":"11","FQ":"11","GQ":"11","FR":"11"},"J5":{"W2":"11","W3":"11","V2":"11","X3":"11","V3":"11"},"M3":{"XG":"11"},"P5":{"6G":"11","6F":"11"},"J8":{"9W":"11","8W":"11","5F":"11","6G":"11","6F":"11"},"34":{"QC":"11","RC":"11"},"W2":{"HG":"11","JG":"11"},"J4":{"PQ":"11","PH":"11","QH":"11"}},"FF":{"4V":{"7R":"11","8R":"11","8Q":"11"},"5V":{"5P":"11"}},"9Q":{"J5":{"46":"11"}},"C3":{"H8":{"W2":"11"},"M6":{"VM":"11"}},"JC":{"WX":{"WJ":"11","8X":"11","WH":"11"},"XX":{"9C":"11"},"3P":{"2R":"11","WP":"11","XJ":"11","3R":"11","4V":"11","WM":"11","2V":"11","3V":"11","XP":"11","XM":"11"},"2P":{"XR":"11","FR":"11","MP":"11","WP":"11","QR":"11","RP":"11","QQ":"11","RR":"11","WQ":"11","CR":"11","GQ":"11","VR":"11","XQ":"11","GR":"11","WR":"11","WV":"11","PQ":"11","CQ":"11","9Q":"11","PR":"11","RQ":"11","VQ":"11","FQ":"11","JQ":"11","HR":"11","PP":"11","HQ":"11","QP":"11","XV":"11","MQ":"11","MR":"11","VP":"11","JR":"11"},"4P":{"85":"11","93":"11","97":"11","2M":"11","2P":"11","7C":"11","92":"11","5G":"11","87":"11","78":"11","7G":"11","7F":"11","4J":"11","83":"11","82":"11","86":"11","88":"11","4M":"11","89":"11","8C":"11","3J":"11","6G":"11","4H":"11","6C":"11","5H":"11","3M":"11","96":"11","95":"11","5J":"11","6J":"11","94":"11","3P":"11","6F":"11","5M":"11","2J":"11","84":"11","6H":"11","77":"11","79":"11"},"3J":{"56":"11","8F":"11","XM":"11","69":"11","RJ":"11","CG":"11","HG":"11","79":"11","78":"11","WP":"11","47":"11","28":"11","RH":"11","CC":"11","89":"11","VJ":"11","QH":"11","XJ":"11","FF":"11","RF":"11","RG":"11","XG":"11","C9":"11","GG":"11","PH":"11","9F":"11","QG":"11","7C":"11","WM":"11","38":"11","9C":"11","XH":"11","99":"11","39":"11","MH":"11","XP":"11","VH":"11","CF":"11","JH":"11","27":"11","6C":"11","8C":"11","JF":"11","MG":"11","JC":"11","QJ":"11","37":"11","WJ":"11","PG":"11","GF":"11","VG":"11","49":"11","HF":"11","JG":"11","GC":"11","PC":"11","PF":"11","HC":"11","QF":"11","68":"11","46":"11","F9":"11","59":"11","57":"11","48":"11","MC":"11","58":"11","MF":"11","VF":"11","FG":"11","WG":"11","FC":"11","VM":"11","WH":"11"},"2J":{"V6":"11","M5":"11","Q6":"11","V7":"11","X7":"11","W7":"11","P5":"11","R7":"11","R6":"11","X8":"11","P6":"11","W6":"11"},"4M":{"9G":"11","9M":"11","CM":"11","C9":"11","96":"11","9V":"11","99":"11","93":"11","CH":"11","82":"11","CR":"11","CV":"11","CC":"11","9J":"11","CP":"11","9X":"11","CX":"11","C8":"11","C6":"11","9C":"11","C7":"11","CW":"11","9F":"11","CQ":"11","9Q":"11","9P":"11","92":"11","9R":"11","9W":"11","9H":"11","CF":"11","98":"11","CJ":"11","97":"11","94":"11","95":"11","CG":"11"},"4J":{"7R":"11","6W":"11","8W":"11","6V":"11","5V":"11","3P":"11","2P":"11","6R":"11","7X":"11","5J":"11","5W":"11","2M":"11","6Q":"11","7W":"11","3H":"11","3J":"11","7V":"11","9W":"11","5R":"11","9X":"11","8X":"11","8V":"11","3M":"11","5M":"11","2H":"11","4H":"11","2J":"11","4M":"11","4J":"11"}},"99":{"M5":{"V2":"11"},"3F":{"G6":"11","H5":"11","G5":"11"},"P4":{"2X":"11"}},"9J":{"6Q":{"GQ":"11"},"J4":{"CR":"11","CQ":"11","GX":"11","GQ":"11","CW":"11","FW":"11","JW":"11","FR":"11","HP":"11","HW":"11","8W":"11","GV":"11","HX":"11","JV":"11","JQ":"11","HQ":"11","8X":"11","9W":"11","9R":"11","JX":"11","GW":"11","9X":"11","GR":"11","FX":"11","MV":"11","JP":"11","FV":"11","CV":"11","FQ":"11","MX":"11","JR":"11","MW":"11","9V":"11","8V":"11","HR":"11","CX":"11","HV":"11","GP":"11"},"J5":{"HJ":"11","F5":"11","85":"11","9C":"11","MF":"11","G3":"11","93":"11","MH":"11","97":"11","CQ":"11","GQ":"11","H4":"11","CH":"11","C7":"11","9H":"11","7C":"11","J5":"11","92":"11","M8":"11","8G":"11","F4":"11","87":"11","CF":"11","HP":"11","HH":"11","P5":"11","HM":"11","JG":"11","G6":"11","C6":"11","H7":"11","MG":"11","GG":"11","82":"11","M3":"11","G4":"11","86":"11","JM":"11","J2":"11","CG":"11","FM":"11","M2":"11","F3":"11","M6":"11","C2":"11","G8":"11","MQ":"11","HC":"11","H3":"11","J6":"11","F7":"11","F6":"11","88":"11","JQ":"11","F2":"11","HQ":"11","MM":"11","FP":"11","89":"11","J3":"11","8C":"11","CM":"11","9G":"11","HF":"11","98":"11","GM":"11","G2":"11","96":"11","JF":"11","F9":"11","M7":"11","JH":"11","C4":"11","95":"11","H2":"11","H6":"11","CP":"11","P6":"11","FG":"11","8F":"11","M9":"11","H5":"11","J4":"11","JP":"11","M4":"11","FJ":"11","94":"11","C8":"11","MP":"11","9F":"11","CC":"11","F8":"11","J7":"11","MJ":"11","CJ":"11","GC":"11","G7":"11","FQ":"11","FF":"11","C9":"11","C3":"11","JC":"11","99":"11","H8":"11","GF":"11","H9":"11","C5":"11","G5":"11","JJ":"11","JR":"11","M5":"11","J9":"11","MC":"11","GH":"11","84":"11","FH":"11","P4":"11","HR":"11","GJ":"11","HG":"11","J8":"11","FC":"11","79":"11","G9":"11","GP":"11"}},"H9":{"2R":{"5C":"11"},"CX":{"32":"11"},"CW":{"7W":"11","4W":"11","3X":"11","6W":"11","4X":"11","FR":"11"},"4M":{"RJ":"11"},"3X":{"9W":"11","9X":"11","CW":"11","9V":"11"},"2P":{"WR":"11"}},"MX":{"R2":{"V6":"11","Q6":"11","V7":"11","R6":"11","R7":"11","Q7":"11"}},"W5":{"G4":{"JX":"11"},"54":{"H5":"11"},"59":{"77":"11","76":"11"},"7F":{"G4":"11","C6":"11","F5":"11","86":"11","F4":"11","H4":"11","C5":"11","H3":"11","F6":"11"}},"37":{"44":{"R5":"11","P6":"11","R6":"11","V6":"11","X6":"11","Q6":"11","M6":"11","F7":"11","W6":"11","H7":"11","P7":"11","V5":"11","M7":"11","W5":"11","J7":"11","G7":"11","X5":"11"},"35":{"5F":"11","3H":"11","4F":"11","3G":"11","4G":"11"},"25":{"88":"11","57":"11","F9":"11","68":"11","78":"11","G9":"11","C8":"11","F8":"11","98":"11","58":"11"},"54":{"95":"11","G6":"11","P6":"11"}},"M5":{"MH":{"RP":"11","RM":"11"},"GW":{"JR":"11","JV":"11","HR":"11"},"XJ":{"3W":"11"},"MF":{"MH":"11","MC":"11","MG":"11","PF":"11","MF":"11"},"M7":{"RX":"11"},"JQ":{"G9":"11"},"MM":{"MF":"11"},"MJ":{"P2":"11","PX":"11","PV":"11","QV":"11","PW":"11"}},"J9":{"V7":{"JM":"11"},"R7":{"CW":"11"},"WH":{"88":"11","98":"11"},"R8":{"GQ":"11"},"W8":{"P6":"11"}},"MC":{"M3":{"XW":"11","XX":"11","XV":"11"},"P3":{"2W":"11","2X":"11"},"9Q":{"X3":"11"},"M4":{"X2":"11"},"PX":{"X2":"11"},"X8":{"8C":"11"},"W5":{"VQ":"11"}},"W3":{"CQ":{"VP":"11","WP":"11","WM":"11","VM":"11"},"GV":{"84":"11","83":"11"},"7J":{"WH":"11"},"7V":{"W3":"11"},"P8":{"XJ":"11"}},"FH":{"4M":{"64":"11","74":"11"},"3R":{"9X":"11"}},"HR":{"MV":{"GR":"11"},"WG":{"C8":"11","G9":"11","GC":"11","97":"11","F8":"11","FC":"11","96":"11","F9":"11","C7":"11","C9":"11"}},"GJ":{"2Q":{"48":"11","39":"11","49":"11","38":"11","29":"11"}},"R6":{"52":{"83":"11"}},"77":{"X5":{"H2":"11","H3":"11"},"4C":{"VF":"11","VG":"11","WF":"11"},"F8":{"3C":"11","V7":"11","R7":"11","2C":"11","3F":"11"},"29":{"85":"11","86":"11","76":"11"}},"X4":{"CC":{"VV":"11","VR":"11"},"88":{"9W":"11","8V":"11","FX":"11","9V":"11"},"73":{"56":"11","55":"11"},"CF":{"CC":"11","C9":"11"},"GP":{"33":"11","49":"11","8Q":"11","59":"11","43":"11","8P":"11"},"47":{"7P":"11","6P":"11","4R":"11","6M":"11"},"QG":{"9G":"11","9H":"11","8G":"11","CH":"11","9J":"11","CJ":"11"},"X4":{"V6":"11","R5":"11","V8":"11","V7":"11","R6":"11","R7":"11","Q7":"11","W8":"11"},"WJ":{"PR":"11"}},"FC":{"X8":{"C3":"11","F3":"11","C4":"11"},"JQ":{"M9":"11","M8":"11","P9":"11","P8":"11"}},"4C":{"6X":{"JM":"11"}},"G9":{"HX":{"6X":"11","3X":"11","5W":"11","3V":"11","6W":"11","3R":"11"},"PQ":{"GH":"11","MW":"11"},"GP":{"2F":"11"},"FX":{"HH":"11","JH":"11"}},"GP":{"GR":{"9W":"11"},"9P":{"69":"11","68":"11","77":"11","78":"11","79":"11"},"GW":{"HQ":"11","HR":"11","JQ":"11"},"JJ":{"J6":"11"},"2R":{"22":"11"},"CX":{"M6":"11","P6":"11"},"CW":{"84":"11"},"HR":{"JR":"11","JQ":"11"},"9C":{"PV":"11"},"HV":{"35":"11"},"55":{"64":"11"},"3Q":{"CC":"11","FC":"11"}}},"index":{"university,1|retail,2|tourism,3|wreck,4|historical,5|artsCulture,6|namedBuilding,7|water,8|wetland,9|park,10|beach,11|natureReserve,12|cemetery,13|trail,14":{}}}