{"index":{"university,1|retail,2|tourism,3|wreck,4|historical,5|artsCulture,6|namedBuilding,7|water,8|wetland,9|park,10|beach,11|natureReserve,12|cemetery,13|trail,14":{}},"88":{"V4":{"M8":{"X5":"11","X4":"11","W5":"11","W4":"11"},"J9":{"34":"11","44":"11","33":"11","24":"11","43":"11","22":"11","32":"11","23":"11"},"H8":{"XW":"11","XX":"11","XQ":"11","XV":"11","XR":"11"},"QR":{"QR":"11","MR":"11"},"Q7":{"CC":"11","6F":"11","8F":"11","5G":"11","9F":"11","7G":"11","9C":"11","CF":"11","8G":"11","3H":"11","3J":"11","6G":"11","4H":"11"},"RP":{"VM":"11"},"GJ":{"GC":"11"},"R7":{"V6":"11","V7":"11","W7":"11","X6":"11","W6":"11"},"QP":{"MJ":"11","PJ":"11","QH":"11","PH":"11","HG":"11","WH":"11","RG":"11","JJ":"11","HJ":"11","VJ":"11","JH":"11","WG":"11","VG":"11","JM":"11","MM":"11","GH":"11","MH":"11","QG":"11","RH":"11","HH":"11","GG":"11"},"P8":{"44":"11","24":"11"},"P7":{"WP":"11","JR":"11","WM":"11","JV":"11","HW":"11","HV":"11","XP":"11","MR":"11"},"J6":{"QX":"11","PX":"11"},"P3":{"7M":"11","7P":"11","6Q":"11","6J":"11","6H":"11","6P":"11","6G":"11","6M":"11"},"J8":{"8M":"11","F8":"11","6V":"11","6W":"11","7G":"11","7C":"11","5W":"11","CC":"11","3V":"11","4W":"11","G5":"11","M2":"11","8J":"11","2X":"11","8H":"11","9F":"11","8C":"11","2V":"11","8G":"11","G7":"11","2W":"11","4V":"11","CF":"11","H5":"11","2R":"11","F9":"11","8F":"11","F7":"11","5V":"11","2Q":"11","G6":"11"},"J7":{"RJ":"11","R4":"11","RC":"11","RF":"11","QR":"11","R8":"11","QQ":"11","RP":"11","RR":"11","RH":"11","Q2":"11","VG":"11","VF":"11","V8":"11","R6":"11","R5":"11","RG":"11","RQ":"11","V9":"11","VH":"11","MX":"11","QP":"11","R7":"11","R9":"11","V7":"11","RM":"11","VC":"11"}},"X7":{"PQ":{"22":"11"},"MQ":{"X2":"11"},"M5":{"MV":"11"},"M6":{"46":"11","66":"11","45":"11"},"M7":{"CF":"11","FF":"11"},"PP":{"2W":"11","2X":"11"},"MP":{"XX":"11"}},"X4":{"C4":{"MC":"11","M5":"11","MG":"11","M6":"11","PF":"11","MF":"11","M7":"11","PC":"11","PG":"11","M8":"11","P7":"11","P6":"11"},"5G":{"HX":"11","JX":"11","HW":"11","JW":"11"},"5Q":{"9W":"11","8W":"11","8V":"11","CQ":"11","9R":"11","9Q":"11","9V":"11"},"FP":{"2Q":"11","2R":"11"},"JQ":{"JR":"11","HR":"11","HV":"11"},"JR":{"75":"11","65":"11"},"V6":{"C2":"11","C3":"11","F3":"11"},"4R":{"RX":"11","HQ":"11","JR":"11","HR":"11","QX":"11"},"GW":{"9W":"11","CX":"11","CW":"11","CV":"11","CQ":"11","9R":"11","9Q":"11","9V":"11","CR":"11"},"X6":{"2W":"11","6Q":"11","5J":"11","5H":"11","6J":"11","6H":"11","5R":"11","6P":"11","3W":"11","4R":"11","4W":"11","6M":"11","5M":"11","5P":"11","2V":"11","3V":"11","4V":"11","5V":"11","5Q":"11"},"4V":{"R3":"11","Q2":"11","R2":"11","V3":"11"},"7M":{"8F":"11","FP":"11","7C":"11","GW":"11","CQ":"11","FR":"11","7F":"11","CJ":"11","89":"11","CP":"11","8C":"11"},"3Q":{"QQ":"11","VV":"11","PQ":"11","QP":"11","MR":"11","PM":"11","QM":"11","PP":"11","VR":"11","RQ":"11","RR":"11","MP":"11"},"HV":{"2F":"11","3G":"11","2G":"11","3F":"11"},"F7":{"GG":"11","GF":"11","22":"11","32":"11"},"9M":{"WJ":"11","WM":"11","XJ":"11","VH":"11","VJ":"11"},"W6":{"QR":"11","QQ":"11","RR":"11","PM":"11","MF":"11","PH":"11","WW":"11","VR":"11","P9":"11","WV":"11","PC":"11","RQ":"11","MG":"11","XW":"11","PJ":"11","PG":"11","PP":"11","RV":"11","VV":"11","M9":"11","QP":"11","XV":"11","JC":"11","MJ":"11","MC":"11","MH":"11"},"G4":{"99":"11","C7":"11","8F":"11","F7":"11","8C":"11","9C":"11","C8":"11","98":"11"},"GX":{"C2":"11"},"GV":{"CQ":"11","XG":"11","CR":"11","FR":"11"},"V5":{"CR":"11","4G":"11","8G":"11","5G":"11","FR":"11","5P":"11","7G":"11","6M":"11","H7":"11","GG":"11","6P":"11","8H":"11","G8":"11","HC":"11","4F":"11","8M":"11","6G":"11","9R":"11","8J":"11","F9":"11","FG":"11","7J":"11","7M":"11","CC":"11","F8":"11","5F":"11","FV":"11","6F":"11","CV":"11","GC":"11","5M":"11","FF":"11","C9":"11","JC":"11","H8":"11","7H":"11","8P":"11","6H":"11","FC":"11"},"C7":{"J7":"11","J8":"11","M6":"11","J6":"11","M7":"11"},"5H":{"H4":"11","J3":"11","F7":"11","96":"11","J2":"11","G6":"11","H3":"11","C7":"11","G5":"11","H5":"11","C6":"11","85":"11","95":"11","84":"11","G7":"11"},"PX":{"XC":"11","X5":"11","WC":"11","X6":"11","XF":"11","W5":"11","W6":"11"},"8X":{"8W":"11","7W":"11","7X":"11","8X":"11"},"CM":{"GW":"11","FX":"11","FW":"11","GX":"11"},"F6":{"2X":"11","3X":"11"},"CP":{"F4":"11","XR":"11","WP":"11","H7":"11","WQ":"11","J2":"11","F3":"11","XP":"11","XQ":"11","G5":"11","M2":"11","WR":"11","G4":"11","H2":"11","J3":"11","G3":"11","G7":"11","H8":"11","H3":"11","F5":"11","F2":"11","G6":"11","H6":"11","G2":"11","M3":"11"},"98":{"HX":"11","JX":"11","M5":"11","HW":"11","P5":"11","M4":"11","J5":"11","P4":"11"},"99":{"J2":"11"},"R4":{"GR":"11","HQ":"11","CQ":"11","PM":"11","HR":"11","FQ":"11","GQ":"11","JQ":"11","PP":"11","MP":"11","CP":"11","MM":"11","FR":"11"}},"V5":{"GR":{"2G":"11"},"FX":{"XR":"11","X7":"11","XJ":"11","W8":"11","P2":"11","WC":"11","X6":"11","W6":"11","WF":"11","XH":"11","W9":"11","X3":"11","XP":"11","XQ":"11","XF":"11","W3":"11","M2":"11","XM":"11","V2":"11","XG":"11","W5":"11","W4":"11","XW":"11","X5":"11","X8":"11","XX":"11","WG":"11","V9":"11","XV":"11","V3":"11","W7":"11","VC":"11"},"FW":{"F4":"11","RX":"11","G8":"11","JF":"11","HM":"11","F6":"11","QX":"11","JW":"11","PX":"11","HJ":"11","F3":"11","HP":"11","MW":"11","JV":"11","JG":"11","MV":"11","G9":"11","G7":"11","JH":"11","HC":"11","H9":"11","H8":"11","JX":"11","VX":"11","MX":"11","F7":"11","JC":"11","F5":"11","MQ":"11","HH":"11","F2":"11","MR":"11","G6":"11","JR":"11"},"3J":{"J8":"11","F8":"11","M7":"11","M8":"11","G8":"11","WP":"11","Q7":"11","WQ":"11","X6":"11","W6":"11","WH":"11","XH":"11","WW":"11","WM":"11","R6":"11","C8":"11","WR":"11","WV":"11","88":"11","XG":"11","VQ":"11","XW":"11","P7":"11","X5":"11","XX":"11","H8":"11","98":"11","R7":"11","V6":"11","WJ":"11","V7":"11","VP":"11","VM":"11"},"2Q":{"Q2":"11","R2":"11"},"2M":{"2Q":"11","2R":"11"},"4J":{"23":"11","2F":"11","2G":"11","33":"11","26":"11","25":"11","24":"11","34":"11"},"W2":{"JJ":"11","JM":"11","MJ":"11"},"V2":{"M8":"11","23":"11","66":"11","65":"11","55":"11","P8":"11","P9":"11","M9":"11","35":"11","Q9":"11","24":"11","45":"11","J8":"11","34":"11"},"3M":{"RC":"11","X4":"11","V5":"11","R8":"11","FV":"11","GV":"11","HM":"11","FW":"11","QC":"11","X3":"11","GQ":"11","GW":"11","HP":"11","W3":"11","GR":"11","PF":"11","FX":"11","JM":"11","W5":"11","JJ":"11","MG":"11","W4":"11","QF":"11","JH":"11","PG":"11","HQ":"11","Q9":"11","R7":"11","V6":"11","R9":"11","X2":"11","V7":"11","MH":"11"},"2P":{"XW":"11","WX":"11","RW":"11","XX":"11","MX":"11","WW":"11","PW":"11","QX":"11","RX":"11","VW":"11","MW":"11","PX":"11","VX":"11"},"FV":{"8M":"11","F8":"11","7G":"11","C9":"11","8P":"11","F6":"11","FW":"11","CR":"11","CV":"11","7M":"11","8Q":"11","CX":"11","G5":"11","C8":"11","FX":"11","9C":"11","CW":"11","G4":"11","9Q":"11","8C":"11","H2":"11","8G":"11","9R":"11","H3":"11","8F":"11","F7":"11","F5":"11","G6":"11"},"R2":{"W2":"11","W3":"11","V2":"11","X4":"11","X3":"11","V3":"11"},"Q3":{"GG":"11","GF":"11","FF":"11","FG":"11"},"3P":{"7R":"11","C4":"11","C3":"11","6W":"11","8F":"11","6V":"11","2W":"11","9F":"11","3W":"11","C5":"11","8J":"11","5V":"11","8M":"11","9C":"11","C2":"11","97":"11","6R":"11","7M":"11","2X":"11","5W":"11","8H":"11","9H":"11","7Q":"11","3X":"11","6Q":"11","8G":"11","96":"11","4W":"11","7P":"11","9G":"11","C7":"11","C6":"11","95":"11","F2":"11","99":"11","98":"11"},"FR":{"PJ":"11","QJ":"11","HX":"11","VJ":"11","MQ":"11","XJ":"11","WG":"11","PQ":"11","XH":"11","RJ":"11","PM":"11","PP":"11","QM":"11","WM":"11","XG":"11","XM":"11","XF":"11","MP":"11","WJ":"11"}},"W8":{"8J":{"WG":"11","XF":"11","XG":"11"},"2P":{"8G":"11","CQ":"11","8H":"11","CP":"11"},"JX":{"M5":"11","G8":"11","F9":"11","F8":"11"},"M6":{"2X":"11"},"9M":{"73":"11","72":"11","62":"11"},"7H":{"M4":"11"},"52":{"GJ":"11"},"M7":{"22":"11"},"J7":{"Q6":"11","RC":"11","Q8":"11","Q7":"11","R8":"11","R9":"11"},"9J":{"7R":"11","9F":"11","2G":"11","FQ":"11","CV":"11","CF":"11","CW":"11","CR":"11","9P":"11","9M":"11","3H":"11","8Q":"11","CG":"11","69":"11","CJ":"11","GQ":"11","2H":"11","79":"11","9J":"11"}},"R8":{"V3":{"QJ":"11","PJ":"11"},"PJ":{"GH":"11","GW":"11","X8":"11"},"VF":{"QW":"11","RX":"11","V4":"11","VW":"11","R4":"11","MP":"11","PV":"11","MM":"11","Q5":"11","V5":"11","Q8":"11","H7":"11","RP":"11","Q7":"11","RR":"11","QX":"11","QH":"11","P8":"11","HG":"11","QC":"11","WW":"11","W3":"11","QM":"11","PF":"11","R5":"11","P9":"11","V2":"11","PC":"11","PQ":"11","Q6":"11","JM":"11","PR":"11","R2":"11","H2":"11","RQ":"11","JJ":"11","W4":"11","HF":"11","JG":"11","QF":"11","P7":"11","JH":"11","H4":"11","HC":"11","QG":"11","PG":"11","RV":"11","H9":"11","VV":"11","H8":"11","PW":"11","H5":"11","Q9":"11","VX":"11","H3":"11","QP":"11","WX":"11","MQ":"11","MR":"11","H6":"11","G2":"11","RM":"11","V3":"11","QJ":"11"},"W9":{"2Q":"11","2M":"11","2R":"11","3M":"11","2V":"11","2P":"11","3Q":"11","3P":"11"},"WF":{"VH":"11","WG":"11","WH":"11","XH":"11","VG":"11","XG":"11"},"R8":{"QX":"11","PX":"11"},"R9":{"9M":"11","6W":"11","4R":"11","7G":"11","2P":"11","7J":"11","CM":"11","5W":"11","38":"11","QX":"11","2M":"11","3P":"11","W6":"11","JW":"11","PX":"11","9J":"11","CP":"11","GQ":"11","39":"11","Q2":"11","6X":"11","28":"11","GR":"11","MW":"11","5C":"11","8J":"11","8X":"11","8H":"11","W5":"11","JV":"11","HV":"11","FP":"11","6F":"11","MV":"11","FQ":"11","3Q":"11","7H":"11","HR":"11","4V":"11","6G":"11","49":"11","PW":"11","7X":"11","CJ":"11","5V":"11","4C":"11","2Q":"11","3R":"11","5F":"11","JR":"11"},"RC":{"J8":"11","F4":"11","V4":"11","M8":"11","RC":"11","RF":"11","H7":"11","F6":"11","93":"11","J9":"11","82":"11","P8":"11","WH":"11","QC":"11","XH":"11","C5":"11","Q2":"11","VG":"11","VF":"11","G5":"11","P9":"11","C3":"11","R2":"11","92":"11","G7":"11","R3":"11","H8":"11","WG":"11","Q9":"11","M9":"11","72":"11","C4":"11","R9":"11","F5":"11","G6":"11","V3":"11"},"JR":{"PX":"11"},"VC":{"HJ":"11","CR":"11","9C":"11","58":"11","GX":"11","8R":"11","7Q":"11","PQ":"11","FW":"11","CW":"11","5P":"11","PR":"11","CF":"11","HH":"11","78":"11","RW":"11","HM":"11","6M":"11","36":"11","GG":"11","4J":"11","7P":"11","6P":"11","QV":"11","JM":"11","CG":"11","2H":"11","MQ":"11","QR":"11","4M":"11","89":"11","PV":"11","8C":"11","3J":"11","9R":"11","FX":"11","FG":"11","57":"11","RX":"11","QW":"11","JP":"11","47":"11","MP":"11","9F":"11","FV":"11","CV":"11","26":"11","5M":"11","8Q":"11","FF":"11","9Q":"11","2J":"11","37":"11","JJ":"11","9V":"11","GH":"11","69":"11","68":"11","79":"11"},"VG":{"R2":"11"},"X9":{"VP":"11","WH":"11","WP":"11","XJ":"11","XH":"11","WM":"11","XG":"11","XF":"11","VM":"11","WJ":"11"},"Q8":{"VX":"11"},"V9":{"QW":"11","RX":"11","XR":"11","VW":"11","9G":"11","QV":"11","PV":"11","FH":"11","HM":"11","CH":"11","GM":"11","WW":"11","HP":"11","28":"11","WV":"11","GJ":"11","XW":"11","MV":"11","JQ":"11","9H":"11","RW":"11","HQ":"11","VX":"11","FJ":"11","XV":"11","27":"11","WX":"11","MR":"11","CG":"11"},"Q9":{"X8":"11","V3":"11","7Q":"11","P8":"11","CH":"11","Q6":"11","R7":"11","M8":"11","XP":"11","Q8":"11","WJ":"11","X5":"11","GG":"11","7P":"11","6P":"11","4Q":"11","VG":"11","5Q":"11","HC":"11","VJ":"11","P9":"11","4R":"11","9M":"11","CM":"11","8M":"11","V2":"11","VH":"11","HF":"11","RH":"11","R5":"11","V5":"11","JF":"11","P7":"11","Q7":"11","V4":"11","XJ":"11","XM":"11","M9":"11","WH":"11","R4":"11","X6":"11","FJ":"11","WM":"11","X7":"11","CJ":"11","5R":"11","JC":"11","6Q":"11","9J":"11","W5":"11","J9":"11","MC":"11","GH":"11","FH":"11","8P":"11","HG":"11","R6":"11","RG":"11"},"XC":{"MC":"11","5J":"11","5H":"11","6H":"11","4J":"11","4M":"11","5M":"11"},"XF":{"7G":"11","5G":"11","5F":"11","6G":"11","89":"11","4F":"11","3G":"11","6F":"11","2G":"11","4G":"11"}},"X6":{"9G":{"CX":"11"},"P2":{"WQ":"11"},"J3":{"8C":"11"},"W7":{"F6":"11"},"H5":{"F4":"11"},"H4":{"X9":"11"},"J6":{"J5":"11"}},"W6":{"M8":{"FP":"11","78":"11","FM":"11","GP":"11","89":"11","GM":"11","79":"11","8C":"11"},"JP":{"C8":"11","87":"11","88":"11","QQ":"11","JJ":"11","QR":"11","HJ":"11","97":"11","FH":"11","PQ":"11","GH":"11","RR":"11","C9":"11","FG":"11","98":"11","GG":"11"},"PR":{"23":"11","5C":"11","5G":"11","48":"11","4C":"11","59":"11","5F":"11","49":"11","CW":"11","9W":"11","45":"11","5H":"11","6G":"11","22":"11","CX":"11","58":"11"},"PV":{"PF":"11","J9":"11","PG":"11","F7":"11","QF":"11","F3":"11","M9":"11","G6":"11","MF":"11","QG":"11","F6":"11","PC":"11","G7":"11","MC":"11"},"JJ":{"2R":"11","62":"11","66":"11","64":"11","3G":"11","2Q":"11","65":"11","2P":"11","2X":"11","4G":"11","63":"11","3H":"11","3J":"11","52":"11","2J":"11","4F":"11"},"HJ":{"XX":"11","XP":"11"},"JH":{"6X":"11","2W":"11","5X":"11","2V":"11"},"MQ":{"MJ":"11","C3":"11","MG":"11","C2":"11","F5":"11","92":"11","F3":"11","G6":"11","MH":"11","F6":"11","G7":"11","F4":"11"},"MR":{"X2":"11"},"M9":{"V6":"11","V5":"11"},"W7":{"WV":"11"},"XF":{"64":"11","75":"11","65":"11"},"HM":{"W9":"11","WF":"11","X2":"11","W6":"11","X3":"11","WC":"11","XC":"11","W5":"11","X4":"11"},"HH":{"WP":"11","XW":"11","WM":"11","XQ":"11","WQ":"11","XV":"11","XP":"11"},"MP":{"7X":"11","8X":"11","5V":"11"},"WR":{"WJ":"11","WM":"11"}},"X3":{"7R":{"J8":"11","44":"11","M8":"11","J7":"11","96":"11","54":"11","32":"11","F6":"11","J9":"11","QH":"11","22":"11","23":"11","86":"11","QM":"11","PF":"11","C6":"11","65":"11","33":"11","C7":"11","PC":"11","55":"11","M9":"11","85":"11","45":"11","97":"11","F5":"11","QJ":"11"},"2R":{"G3":"11","C2":"11","C3":"11","H2":"11","F3":"11","92":"11","F2":"11","H3":"11","G2":"11"},"5V":{"63":"11","JR":"11","JV":"11","HW":"11","73":"11","HV":"11","JW":"11"},"9Q":{"GF":"11","FG":"11","HW":"11","FF":"11","HM":"11","JW":"11","HG":"11","CC":"11","HP":"11","7F":"11","9F":"11","JV":"11","HV":"11","GG":"11","FC":"11","CF":"11","JX":"11","F9":"11","8F":"11","HX":"11","HH":"11"},"2Q":{"8M":"11","7P":"11","7G":"11","7J":"11","8P":"11","8V":"11","7M":"11","9X":"11","8Q":"11","CX":"11","7F":"11","8J":"11","8X":"11","8H":"11","8C":"11","89":"11","8G":"11","9W":"11","7H":"11","8F":"11","HX":"11","8R":"11","8W":"11"},"6R":{"P2":"11","V3":"11","Q3":"11","V2":"11","M4":"11","R2":"11","J3":"11","X2":"11","J5":"11","M3":"11","R3":"11","P3":"11","W2":"11","J4":"11"},"4V":{"G3":"11","H4":"11","PV":"11","MW":"11","PR":"11","PW":"11","H3":"11"},"3Q":{"6G":"11","7C":"11","6F":"11","7F":"11"},"9R":{"RH":"11","QH":"11","QJ":"11","QM":"11","QP":"11"},"6Q":{"VX":"11"},"3H":{"RF":"11","RG":"11","QG":"11"},"2V":{"G4":"11","V2":"11"},"9X":{"VX":"11","VW":"11","RX":"11","RW":"11","WX":"11"},"4H":{"7Q":"11","8V":"11","6Q":"11","6R":"11","7R":"11","7V":"11","8R":"11"},"FX":{"QW":"11","QX":"11"},"4J":{"M4":"11"},"4X":{"GP":"11","FM":"11","CM":"11","FP":"11"}},"Q2":{"X5":{"V3":"11","PJ":"11","V2":"11","W3":"11","X2":"11","R3":"11","X3":"11","W2":"11"},"X7":{"X3":"11"},"V2":{"H2":"11"}},"V8":{"37":{"RX":"11","QQ":"11","RV":"11","QX":"11","QV":"11","QR":"11","RR":"11","RW":"11"},"GX":{"VX":"11","VW":"11","WW":"11","WX":"11"},"GC":{"GJ":"11","GM":"11"},"QR":{"MV":"11","PR":"11","MR":"11"},"83":{"HG":"11","HH":"11","HJ":"11"},"6C":{"9W":"11","9X":"11","9P":"11","8V":"11","9Q":"11","8R":"11","8Q":"11","9V":"11"},"9V":{"V7":"11","R7":"11"},"38":{"2W":"11","2R":"11","Q2":"11","2V":"11","R2":"11"},"93":{"5C":"11","3F":"11","38":"11","2F":"11","48":"11","4C":"11","GJ":"11","49":"11","FM":"11","7P":"11","8P":"11","GM":"11","39":"11","2C":"11","3C":"11"},"FW":{"GP":"11"},"26":{"QH":"11","R9":"11","QJ":"11","RC":"11","RG":"11","RF":"11","VC":"11","VG":"11","RJ":"11","QM":"11","RH":"11"},"WW":{"MC":"11","MF":"11","PC":"11"},"58":{"6X":"11","7W":"11","7X":"11","6W":"11"},"Q2":{"8F":"11","66":"11","7G":"11","77":"11","7C":"11","8G":"11","76":"11","7H":"11","89":"11","67":"11","79":"11","8C":"11"},"HP":{"XC":"11","GP":"11","WC":"11","X9":"11","GM":"11","FQ":"11","XF":"11","X8":"11","W9":"11","GQ":"11","FV":"11","HM":"11","W8":"11","HP":"11","FR":"11","FP":"11"},"28":{"57":"11","XW":"11","47":"11","XV":"11","67":"11"},"GR":{"4M":"11"},"5C":{"6F":"11","5G":"11","3F":"11","R8":"11","R9":"11","2G":"11","5F":"11","3G":"11","R6":"11","Q7":"11","R7":"11","Q6":"11","V8":"11","3H":"11","V9":"11","6G":"11","2H":"11","4F":"11"},"59":{"62":"11"},"PQ":{"GJ":"11","PC":"11"},"JP":{"58":"11","26":"11"},"4G":{"J2":"11"},"JQ":{"4C":"11","6J":"11","7G":"11","6H":"11","7C":"11","8G":"11","69":"11","5H":"11","39":"11","79":"11","4F":"11","6C":"11"},"3C":{"6F":"11","8J":"11","7G":"11","FH":"11","8H":"11","9H":"11","GF":"11","9M":"11","7H":"11","7F":"11","CJ":"11","6G":"11","GH":"11","7J":"11","CM":"11","FG":"11","GG":"11","9J":"11","FJ":"11"},"72":{"63":"11","44":"11","54":"11","62":"11","53":"11"},"MQ":{"M9":"11","F6":"11"},"62":{"QH":"11","PF":"11","PG":"11","VJ":"11","WP":"11","RJ":"11","WM":"11","XP":"11","XM":"11","QG":"11","RH":"11","VM":"11"},"V3":{"28":"11"},"5F":{"C4":"11","8F":"11","9F":"11","C5":"11","59":"11","9C":"11","97":"11","7C":"11","96":"11","69":"11","C7":"11","89":"11","C6":"11","58":"11","8C":"11","99":"11","98":"11","6C":"11"},"4F":{"HX":"11","JX":"11","HW":"11"}},"W3":{"M8":{"WG":"11","WF":"11","C7":"11","4G":"11","7C":"11","QQ":"11","5G":"11","PR":"11","MR":"11","7F":"11","H7":"11","2H":"11","VG":"11","3G":"11","J6":"11","F7":"11","89":"11","PV":"11","8C":"11","4F":"11","VH":"11","98":"11","VF":"11","RH":"11","6C":"11","PX":"11","XG":"11","RM":"11","QM":"11","VC":"11","H6":"11","QP":"11","MV":"11","WH":"11","RJ":"11","C8":"11","XF":"11","F8":"11","5F":"11","J7":"11","6F":"11","G7":"11","XC":"11","99":"11","2J":"11","PW":"11","WC":"11","2G":"11","MW":"11","79":"11","RG":"11"},"QH":{"M7":"11","M8":"11","XJ":"11","RC":"11","J7":"11","Q8":"11","P8":"11","M6":"11","VF":"11","P9":"11","G4":"11","H2":"11","G3":"11","P7":"11","H4":"11","V9":"11","H5":"11","Q9":"11","H3":"11","R9":"11","F2":"11","J6":"11","H6":"11","G2":"11","J5":"11","VC":"11"},"G9":{"VX":"11","VW":"11","VC":"11","VF":"11"},"PF":{"77":"11","78":"11","79":"11"},"38":{"VP":"11","PW":"11","QQ":"11","QR":"11","RP":"11","WP":"11","XJ":"11","XH":"11","MW":"11","WM":"11","QV":"11","RQ":"11"},"66":{"QV":"11","PV":"11","P2":"11","QR":"11","QQ":"11","W6":"11","QH":"11","PX":"11","W3":"11","QM":"11","M2":"11","PR":"11","W5":"11","W4":"11","QG":"11","PW":"11","QP":"11","QJ":"11"},"48":{"2H":"11","73":"11","3H":"11","49":"11","4C":"11","72":"11","3G":"11","75":"11","65":"11","4G":"11"},"WF":{"VW":"11","WV":"11","RV":"11","QV":"11","QR":"11","RW":"11","WW":"11"},"P4":{"35":"11"},"88":{"WP":"11","WJ":"11","WM":"11","XJ":"11","XQ":"11","WQ":"11","WH":"11","XH":"11","XP":"11","XM":"11"},"64":{"6V":"11","3W":"11","5V":"11","4R":"11","6R":"11","3R":"11","3X":"11","5R":"11","3V":"11"},"GC":{"V4":"11","MP":"11","HW":"11","RC":"11","V5":"11","RF":"11","R8":"11","PM":"11","QH":"11","QC":"11","V8":"11","QM":"11","V2":"11","RG":"11","JV":"11","HV":"11","QF":"11","PJ":"11","QG":"11","JQ":"11","PP":"11","V9":"11","V6":"11","R9":"11","V7":"11","MQ":"11","MR":"11","V3":"11","QJ":"11","JR":"11"},"WH":{"GW":"11","FX":"11","FW":"11","GX":"11","HV":"11"},"H8":{"37":"11","2H":"11","3H":"11","4H":"11","38":"11","2C":"11","2F":"11","3G":"11","2G":"11","4G":"11"},"7G":{"XQ":"11","XR":"11"},"65":{"23":"11","PR":"11","QH":"11","MX":"11","QJ":"11","VP":"11","33":"11","RG":"11","32":"11","WP":"11","XJ":"11","MR":"11","WQ":"11","RJ":"11","26":"11","WM":"11","MV":"11","25":"11","24":"11","PX":"11","XM":"11","22":"11","QG":"11","RH":"11","34":"11","VM":"11","WJ":"11","WR":"11"},"WP":{"CC":"11","8F":"11","9C":"11","7C":"11","CF":"11","FF":"11","FC":"11","X2":"11","7F":"11","89":"11","FG":"11","8C":"11","99":"11","6C":"11"},"55":{"X7":"11","MM":"11","X4":"11","W8":"11","WC":"11","X6":"11","PM":"11","PH":"11","PX":"11","W9":"11","VF":"11","X9":"11","X5":"11","X8":"11","PJ":"11","PW":"11","MX":"11","MJ":"11","W7":"11","VC":"11"},"FM":{"7R":"11","66":"11","8M":"11","7G":"11","7M":"11","7Q":"11","7W":"11","7V":"11","7P":"11","69":"11","8P":"11","56":"11","6C":"11"},"Q6":{"73":"11"},"9H":{"M8":"11","P6":"11","FP":"11","M5":"11","M4":"11","FM":"11","M6":"11","J3":"11","M3":"11","9W":"11","M7":"11","P5":"11","9V":"11","J4":"11"},"P8":{"3H":"11","2F":"11","3G":"11","2G":"11"},"9R":{"8M":"11","7M":"11","7P":"11","7W":"11","7X":"11","7V":"11","8P":"11"},"9P":{"5G":"11","5H":"11","4H":"11","4G":"11"},"GF":{"C8":"11","H4":"11","97":"11","F5":"11","J3":"11","F7":"11","G4":"11","G6":"11","H3":"11","C7":"11","G5":"11","H5":"11","C6":"11","F6":"11","98":"11","J4":"11"},"9M":{"FP":"11","FQ":"11","FH":"11","G2":"11","FF":"11","CQ":"11","FM":"11","FR":"11","CR":"11","FC":"11","G6":"11","G3":"11","FG":"11","G7":"11","FJ":"11"},"WM":{"37":"11","VW":"11","QR":"11","QQ":"11","38":"11","RR":"11","67":"11","47":"11","WW":"11","VR":"11","39":"11","2C":"11","57":"11","WV":"11","PQ":"11","PR":"11","RQ":"11","XW":"11","29":"11","XX":"11","VV":"11","RV":"11","XV":"11","WX":"11","MR":"11","2F":"11","56":"11"},"M9":{"RM":"11","PF":"11","VJ":"11","RJ":"11","QF":"11","VH":"11","QC":"11","PC":"11"},"7H":{"MJ":"11","PG":"11","PH":"11","RG":"11","HJ":"11","GJ":"11","FM":"11","MH":"11","QG":"11","RH":"11","FJ":"11"},"57":{"48":"11","37":"11","28":"11","47":"11","38":"11"},"9G":{"JR":"11","HH":"11","JQ":"11","JP":"11"},"47":{"7X":"11","QH":"11","8X":"11","QG":"11"},"H3":{"WC":"11","5R":"11","4R":"11","4W":"11","W9":"11","3V":"11","4V":"11","W8":"11","5V":"11"},"XP":{"34":"11","44":"11","33":"11","42":"11","43":"11","22":"11","32":"11","23":"11"},"8V":{"X9":"11","X8":"11"},"XM":{"2W":"11","2X":"11","3X":"11"},"P5":{"XH":"11"},"9V":{"57":"11","39":"11","3C":"11","66":"11","2C":"11","29":"11","67":"11"},"QG":{"8M":"11","FR":"11","9M":"11","7G":"11","CM":"11","6C":"11","FV":"11","38":"11","FW":"11","CR":"11","CV":"11","9J":"11","CP":"11","58":"11","39":"11","48":"11","28":"11","5C":"11","FX":"11","59":"11","7F":"11","8J":"11","9Q":"11","CQ":"11","9P":"11","6F":"11","7H":"11","6G":"11","49":"11","69":"11","CJ":"11","27":"11","5F":"11"},"RH":{"CC":"11","8F":"11","J9":"11","9F":"11","HC":"11","JC":"11","GC":"11","7G":"11","CF":"11","FF":"11","8H":"11","2M":"11","GF":"11","FC":"11","8G":"11","7H":"11","3J":"11","9G":"11","H9":"11","3M":"11","2J":"11","4M":"11","4J":"11"},"J8":{"RJ":"11","7G":"11","6C":"11","HM":"11","CH":"11","QH":"11","WH":"11","XH":"11","HJ":"11","GM":"11","9J":"11","RH":"11","VG":"11","5C":"11","59":"11","7F":"11","RG":"11","8H":"11","XG":"11","JJ":"11","GJ":"11","6F":"11","8G":"11","QG":"11","9H":"11","WG":"11","VH":"11","FJ":"11","CJ":"11"},"67":{"P2":"11","QH":"11","QJ":"11","Q7":"11","QP":"11","Q5":"11","P8":"11","QF":"11","P7":"11","P5":"11","QG":"11"},"56":{"FH":"11","M3":"11","J3":"11","FC":"11","FF":"11","FG":"11","M2":"11"},"PC":{"2M":"11","2J":"11"},"VM":{"XF":"11","XG":"11"},"FX":{"Q9":"11","QF":"11","RF":"11","RG":"11","QC":"11","Q4":"11","QG":"11","Q3":"11","Q5":"11"},"WJ":{"7G":"11","66":"11","96":"11","83":"11","54":"11","75":"11","5G":"11","67":"11","77":"11","87":"11","74":"11","73":"11","86":"11","65":"11","7F":"11","64":"11","76":"11","6F":"11","8G":"11","6G":"11","85":"11","84":"11","95":"11","5F":"11"},"MC":{"XJ":"11"},"9J":{"GX":"11"}},"R6":{"V9":{"WJ":"11","XJ":"11","WH":"11","XH":"11","XM":"11"},"VH":{"MX":"11"},"VJ":{"M2":"11"},"WG":{"H8":"11","HC":"11","G9":"11","GC":"11","H9":"11"},"V3":{"PJ":"11","QH":"11","QJ":"11","QQ":"11","QR":"11","PQ":"11","QP":"11","PM":"11","PP":"11","QM":"11","QV":"11"}},"R5":{"WM":{"X8":"11","9C":"11","MF":"11","X9":"11","WG":"11","2M":"11","2P":"11","7C":"11","5C":"11","8G":"11","PF":"11","5G":"11","CF":"11","7G":"11","JG":"11","V9":"11","7F":"11","MG":"11","4J":"11","CG":"11","VG":"11","PC":"11","HC":"11","4M":"11","8C":"11","3J":"11","Q9":"11","QG":"11","4F":"11","2Q":"11","W9":"11","VH":"11","9G":"11","HF":"11","6G":"11","4H":"11","6C":"11","5H":"11","3M":"11","XH":"11","JF":"11","PG":"11","5J":"11","RC":"11","FG":"11","8F":"11","QC":"11","WH":"11","9F":"11","CC":"11","2C":"11","5F":"11","R9":"11","3C":"11","6F":"11","GC":"11","FF":"11","JC":"11","2J":"11","GF":"11","MC":"11","7H":"11","3H":"11","6H":"11","FC":"11","4C":"11","RG":"11"},"QQ":{"88":"11","5C":"11","2H":"11","3H":"11","78":"11","79":"11","7C":"11","3G":"11","6F":"11","2G":"11","6C":"11"},"VM":{"XC":"11","V8":"11","X9":"11","V9":"11","XQ":"11","W9":"11","XP":"11","W8":"11"},"XP":{"P2":"11","P6":"11","R8":"11","P4":"11","M2":"11","Q7":"11","M4":"11","Q5":"11","Q6":"11","Q8":"11","Q2":"11","J2":"11","M3":"11","P5":"11","P3":"11"},"XM":{"8M":"11","XR":"11","FR":"11","5J":"11","7P":"11","HW":"11","8P":"11","96":"11","FV":"11","GV":"11","F6":"11","38":"11","2J":"11","67":"11","47":"11","J4":"11","77":"11","JW":"11","CR":"11","PX":"11","2H":"11","58":"11","7M":"11","6M":"11","87":"11","C5":"11","GW":"11","48":"11","XQ":"11","86":"11","28":"11","GR":"11","57":"11","C6":"11","G5":"11","MW":"11","5M":"11","G4":"11","9Q":"11","76":"11","CQ":"11","J3":"11","JV":"11","HV":"11","9P":"11","MV":"11","6J":"11","H4":"11","29":"11","HR":"11","JX":"11","H5":"11","MX":"11","4J":"11","HX":"11","3J":"11","F5":"11","3H":"11","95":"11","G6":"11","M3":"11"}},"V2":{"WX":{"9G":"11","66":"11","CM":"11","R8":"11","GV":"11","67":"11","77":"11","P8":"11","FM":"11","VF":"11","86":"11","GR":"11","R6":"11","65":"11","9F":"11","76":"11","HV":"11","FP":"11","P7":"11","FQ":"11","HR":"11","R7":"11","V6":"11","R9":"11","VC":"11"},"RW":{"8M":"11","9P":"11","8J":"11","9M":"11","8P":"11"},"XX":{"4R":"11","4V":"11"},"JP":{"GF":"11","GC":"11","G8":"11","FG":"11","GH":"11","FH":"11","9V":"11","8V":"11","H7":"11","HG":"11","CR":"11","CV":"11","GM":"11","CP":"11","9X":"11","GQ":"11","FM":"11","8X":"11","CQ":"11","FP":"11","GG":"11","GJ":"11","G9":"11","G7":"11","FQ":"11","9R":"11","9W":"11","H9":"11","H8":"11","FJ":"11","8R":"11","8W":"11","GP":"11","HH":"11"},"RM":{"HC":"11","JF":"11","GC":"11","HF":"11","GF":"11","FC":"11","MF":"11","MC":"11"},"WW":{"6X":"11","5G":"11","6Q":"11","28":"11","3C":"11","6R":"11","5W":"11","6V":"11","4F":"11","3G":"11","6W":"11","4G":"11","3F":"11","5Q":"11"},"HR":{"J8":"11","M7":"11","M8":"11","P6":"11","Q5":"11","J7":"11","M5":"11","P3":"11","H7":"11","Q4":"11","Q2":"11","F3":"11","M6":"11","P5":"11","R2":"11","Q3":"11","P4":"11","H5":"11","F2":"11","J6":"11","H6":"11","J5":"11"},"JQ":{"37":"11","66":"11","83":"11","75":"11","38":"11","67":"11","36":"11","47":"11","82":"11","58":"11","39":"11","74":"11","73":"11","2C":"11","48":"11","28":"11","57":"11","65":"11","59":"11","46":"11","64":"11","76":"11","92":"11","29":"11","3C":"11","55":"11","49":"11","72":"11","4C":"11","27":"11","56":"11"},"HQ":{"QW":"11","RX":"11","X7":"11","RC":"11","W8":"11","RF":"11","RR":"11","QX":"11","QC":"11","W9":"11","VF":"11","V8":"11","PF":"11","P9":"11","RG":"11","PC":"11","MG":"11","X9":"11","QF":"11","JH":"11","X8":"11","QG":"11","RW":"11","PG":"11","RV":"11","V9":"11","Q9":"11","R9":"11","V7":"11","XC":"11","MH":"11","VC":"11"},"VV":{"88":"11","QW":"11","RX":"11","87":"11","8C":"11","QX":"11","PX":"11","89":"11","PW":"11","98":"11","97":"11"},"VW":{"V6":"11","R3":"11","V4":"11","V5":"11","X8":"11","W5":"11","R2":"11","W8":"11","W6":"11","W4":"11"},"HV":{"GR":"11"},"QM":{"7Q":"11","7P":"11","6R":"11","7R":"11","6V":"11","3V":"11","4V":"11","5V":"11"},"VR":{"8W":"11","7Q":"11","6Q":"11","8X":"11","7R":"11"},"VH":{"HX":"11","HW":"11","JW":"11"},"RV":{"87":"11"},"RR":{"GR":"11","CG":"11","GV":"11","FJ":"11","HR":"11","CH":"11","HV":"11"}},"W5":{"6X":{"R5":"11","H4":"11","R6":"11","M5":"11","V6":"11","Q5":"11","J5":"11","V5":"11","H5":"11","J4":"11"},"R5":{"8W":"11","CF":"11","7W":"11","CG":"11","7X":"11","CC":"11","8X":"11","7V":"11"},"G3":{"J8":"11","RJ":"11","J7":"11","RP":"11","RR":"11","J9":"11","QH":"11","MF":"11","PH":"11","VR":"11","QM":"11","WR":"11","WV":"11","RQ":"11","VQ":"11","PJ":"11","PP":"11","PG":"11","RV":"11","QP":"11","JC":"11","J6":"11","MC":"11","RM":"11","QJ":"11","J5":"11"},"R6":{"83":"11","82":"11"},"56":{"F4":"11","7C":"11","C4":"11"},"WG":{"PQ":"11","GW":"11","MQ":"11","JR":"11","JV":"11","HW":"11","GX":"11","HV":"11","JQ":"11","MR":"11"}},"R2":{"28":{"H4":"11","H6":"11","M6":"11","F3":"11","J5":"11","G4":"11","H3":"11","J6":"11","G3":"11","H5":"11","F2":"11"},"44":{"5C":"11","5G":"11","87":"11","6V":"11","59":"11","5V":"11","5F":"11","77":"11","97":"11","6R":"11","5J":"11","5W":"11","96":"11","76":"11","57":"11","69":"11","5R":"11","68":"11","5H":"11","86":"11","5M":"11","79":"11","67":"11","4H":"11","58":"11","4M":"11","4J":"11","4F":"11","6C":"11"},"27":{"CC":"11","C8":"11","23":"11","87":"11","FP":"11","88":"11","FQ":"11","97":"11","GR":"11","CQ":"11","FR":"11","F8":"11","FV":"11","96":"11","GV":"11","F9":"11","GQ":"11","86":"11","22":"11","C9":"11","CP":"11","98":"11","99":"11"},"25":{"33":"11","22":"11","23":"11"},"54":{"5W":"11"},"22":{"7R":"11","6W":"11","PJ":"11","8R":"11","VQ":"11","RP":"11","QP":"11","PM":"11","7Q":"11","QM":"11","7W":"11","7V":"11","RQ":"11","6X":"11","8V":"11"},"53":{"J8":"11","GF":"11","J7":"11","GH":"11","HM":"11","J9":"11","J4":"11","HG":"11","HJ":"11","HP":"11","J3":"11","HF":"11","GJ":"11","HC":"11","H9":"11","H8":"11","JC":"11","HH":"11"},"23":{"66":"11","48":"11","4C":"11","49":"11","57":"11","47":"11","67":"11","56":"11","58":"11"},"26":{"2X":"11","2H":"11","2J":"11","2F":"11","2G":"11"}},"W4":{"44":{"V6":"11","R5":"11","V7":"11","V5":"11","R6":"11","R4":"11","W6":"11"},"QR":{"48":"11","37":"11","49":"11","38":"11"},"54":{"F4":"11","F8":"11","G8":"11","7C":"11","C9":"11","96":"11","6C":"11","99":"11","F6":"11","87":"11","C5":"11","F3":"11","86":"11","G5":"11","C6":"11","C8":"11","5C":"11","59":"11","C7":"11","88":"11","G4":"11","G3":"11","G7":"11","H5":"11","98":"11","69":"11","F7":"11","97":"11","F2":"11","95":"11","G6":"11","H6":"11","79":"11"},"H7":{"69":"11","78":"11","79":"11"},"52":{"87":"11","88":"11","97":"11","9P":"11","9M":"11","96":"11","86":"11","85":"11","84":"11","CP":"11","98":"11"},"JW":{"H4":"11","H6":"11","WH":"11","RG":"11","XH":"11","X9":"11","P8":"11","P7":"11","H3":"11","XG":"11","M7":"11","VH":"11","G3":"11","H5":"11","XC":"11","XF":"11"},"43":{"C7":"11","87":"11","36":"11","86":"11","46":"11","77":"11","66":"11","C8":"11","76":"11","F8":"11","75":"11","98":"11","97":"11"},"C6":{"RX":"11","QX":"11"},"MW":{"34":"11","37":"11","2H":"11","35":"11","33":"11","2J":"11","38":"11","29":"11","2G":"11"},"9C":{"7G":"11","8F":"11","8C":"11","6G":"11","6F":"11","7F":"11"},"C7":{"R3":"11","Q4":"11","P3":"11","P5":"11","Q2":"11","R2":"11","Q3":"11","Q5":"11","P4":"11"},"PQ":{"6W":"11","GX":"11","4R":"11","5W":"11","9V":"11","2J":"11","FW":"11","7W":"11","3P":"11","7R":"11","7V":"11","4W":"11","CX":"11","FX":"11","4Q":"11","CW":"11","4M":"11","3M":"11","9W":"11","4V":"11","MX":"11","4P":"11","3J":"11","5V":"11","6R":"11"},"PR":{"V4":"11","W5":"11","W6":"11"},"JM":{"FM":"11","CM":"11","FJ":"11","CJ":"11"},"JV":{"FX":"11","FW":"11","GX":"11","FV":"11","FR":"11"},"XW":{"99":"11","CC":"11","FC":"11","9C":"11"},"JP":{"M4":"11"},"MV":{"3W":"11","3G":"11","4V":"11","3X":"11","3H":"11","3J":"11","4W":"11","52":"11","3M":"11","53":"11"},"PJ":{"5C":"11","39":"11","3C":"11","49":"11","4C":"11","2C":"11","2F":"11","29":"11","59":"11"},"PG":{"44":"11","43":"11"},"3J":{"VP":"11","WH":"11","VJ":"11","RP":"11","WP":"11","F5":"11","WM":"11","G4":"11","G3":"11","VM":"11","F4":"11","WJ":"11"},"MQ":{"VW":"11","WP":"11","VV":"11","VR":"11","WR":"11","WV":"11","WQ":"11","WW":"11","WX":"11"},"53":{"FR":"11","F8":"11","GX":"11","FG":"11","HW":"11","GH":"11","CM":"11","C9":"11","FH":"11","FF":"11","FV":"11","GV":"11","F6":"11","FW":"11","CH":"11","CC":"11","GM":"11","GW":"11","FM":"11","CX":"11","GR":"11","C8":"11","FX":"11","9F":"11","FP":"11","GJ":"11","FC":"11","FQ":"11","CF":"11","F9":"11","FJ":"11","HX":"11","CJ":"11","F7":"11","GP":"11","CG":"11"},"F2":{"C3":"11"},"MR":{"V3":"11","V4":"11","PJ":"11","VF":"11","RC":"11","QJ":"11","PH":"11","QQ":"11","GC":"11","V2":"11","RF":"11","VG":"11","QP":"11","W3":"11","PM":"11","QM":"11","PP":"11","FC":"11","W4":"11","W6":"11","RQ":"11","V5":"11","W5":"11","W2":"11"},"MJ":{"XC":"11","XF":"11","WF":"11"}},"X5":{"9M":{"R3":"11","V4":"11","Q3":"11","W6":"11"},"PV":{"2W":"11","2X":"11"},"RF":{"FM":"11","M3":"11","CM":"11","CP":"11","FP":"11"},"M5":{"XW":"11","WW":"11","WX":"11"},"CM":{"6X":"11","5J":"11","6P":"11","6M":"11","5M":"11"},"9V":{"2R":"11","4P":"11","4R":"11","4M":"11","3Q":"11","4Q":"11"},"8V":{"WP":"11","RM":"11","WR":"11","VM":"11","XR":"11"},"99":{"48":"11","5C":"11","6G":"11","49":"11","4C":"11"},"WQ":{"FM":"11","FJ":"11","CH":"11","CJ":"11"},"FW":{"RM":"11","VJ":"11","VM":"11","RJ":"11"},"X6":{"69":"11","68":"11","77":"11","78":"11","79":"11","67":"11"},"3P":{"X4":"11"},"5Q":{"59":"11","GJ":"11","FH":"11","27":"11","HP":"11","8H":"11","9H":"11","8G":"11","26":"11","37":"11","9G":"11","25":"11","69":"11","68":"11","CJ":"11","GM":"11","36":"11","HM":"11","6C":"11","9J":"11","FJ":"11"},"CR":{"7Q":"11","6Q":"11","2V":"11","3V":"11","5Q":"11"},"CV":{"85":"11","86":"11","74":"11"},"9J":{"HX":"11"},"CP":{"88":"11","87":"11","74":"11"},"Q2":{"88":"11","89":"11"},"73":{"5R":"11","6R":"11"},"4Q":{"X5":"11"},"G4":{"MC":"11","MF":"11","JF":"11"},"9Q":{"G4":"11","G3":"11","G5":"11","H3":"11"},"MV":{"XW":"11","XX":"11"},"Q3":{"8M":"11","6V":"11","9M":"11","6W":"11","JF":"11","CM":"11","8P":"11","9V":"11","8V":"11","7Q":"11","7W":"11","MF":"11","HG":"11","CR":"11","7R":"11","CV":"11","HJ":"11","GM":"11","9J":"11","7V":"11","CP":"11","9X":"11","FM":"11","8Q":"11","8J":"11","CW":"11","8X":"11","CQ":"11","MG":"11","FP":"11","9P":"11","GJ":"11","JG":"11","JH":"11","FQ":"11","9R":"11","9W":"11","M9":"11","FJ":"11","CJ":"11","JC":"11","8W":"11","HH":"11","MC":"11"},"3M":{"QR":"11"},"9R":{"XR":"11","7G":"11","MP":"11","WP":"11","RP":"11","WQ":"11","9J":"11","FM":"11","XP":"11","WM":"11","XM":"11","WR":"11","8J":"11","8H":"11","RQ":"11","FP":"11","VQ":"11","JQ":"11","9H":"11","QP":"11","XV":"11","MQ":"11","RM":"11","VP":"11","VM":"11"},"63":{"87":"11","88":"11","C2":"11","XH":"11","92":"11","93":"11","96":"11","Q2":"11","XG":"11","89":"11","86":"11","85":"11","95":"11","84":"11","83":"11","94":"11"},"PW":{"22":"11"},"FJ":{"FM":"11"},"4P":{"GH":"11","CF":"11","24":"11","JM":"11","CC":"11","GG":"11","9C":"11","FF":"11","JQ":"11","FG":"11","JP":"11","9F":"11"},"J6":{"56":"11","55":"11","65":"11"},"62":{"HJ":"11","CR":"11","QX":"11","MF":"11","93":"11","MH":"11","CQ":"11","CH":"11","PQ":"11","CW":"11","92":"11","FR":"11","PR":"11","PJ":"11","HH":"11","JG":"11","MR":"11","MG":"11","QV":"11","PH":"11","FM":"11","C2":"11","MQ":"11","MM":"11","FP":"11","PV":"11","CM":"11","PM":"11","HF":"11","RH":"11","JF":"11","9X":"11","JH":"11","CP":"11","PP":"11","QP":"11","QW":"11","MV":"11","FJ":"11","94":"11","MP":"11","MJ":"11","CJ":"11","FV":"11","CV":"11","C3":"11","JC":"11","99":"11","J9":"11","GH":"11","FH":"11","GJ":"11","CX":"11","HG":"11","RG":"11"}},"X8":{"C4":{"4X":"11","F8":"11","6V":"11","7G":"11","P2":"11","5W":"11","C9":"11","5X":"11","J4":"11","CC":"11","4W":"11","M4":"11","G5":"11","M2":"11","7F":"11","9C":"11","9F":"11","8C":"11","6H":"11","J3":"11","FC":"11","8G":"11","6J":"11","H4":"11","7H":"11","6G":"11","H5":"11","F9":"11","8F":"11","5V":"11","M3":"11"},"C3":{"QW":"11","RJ":"11","QV":"11","PV":"11","RC":"11","X4":"11","V5":"11","RF":"11","QR":"11","R8":"11","QQ":"11","W6":"11","QH":"11","PX":"11","RH":"11","V8":"11","QM":"11","MW":"11","RG":"11","PQ":"11","PR":"11","W5":"11","W4":"11","MV":"11","QF":"11","X5":"11","QG":"11","PP":"11","V9":"11","PW":"11","MX":"11","QP":"11","V6":"11","R9":"11","V7":"11","QJ":"11"},"87":{"VX":"11","RX":"11","QX":"11","WX":"11"},"C5":{"42":"11","33":"11","43":"11","52":"11","35":"11","44":"11","2H":"11","34":"11","2J":"11"},"88":{"F8":"11","G8":"11","FG":"11","P2":"11","C9":"11","P3":"11","8V":"11","FF":"11","H7":"11","F6":"11","W2":"11","7W":"11","J4":"11","CC":"11","7V":"11","Q2":"11","8Q":"11","M4":"11","G5":"11","V2":"11","9Q":"11","R2":"11","9P":"11","FC":"11","G9":"11","G7":"11","H4":"11","9R":"11","H5":"11","7X":"11","F9":"11","F7":"11","8R":"11","G6":"11","H6":"11","M3":"11","J5":"11"},"7G":{"62":"11","73":"11","27":"11","82":"11","26":"11","63":"11","35":"11","72":"11","37":"11","25":"11","36":"11","34":"11","83":"11","53":"11"},"C2":{"V4":"11","V2":"11","V3":"11"},"7C":{"HR":"11","HQ":"11","HP":"11","GR":"11","W3":"11","HV":"11","GP":"11","W4":"11","X2":"11","JM":"11","GV":"11","X3":"11","GQ":"11","W5":"11","HM":"11","X4":"11","X5":"11"},"F3":{"24":"11"},"89":{"7R":"11","6F":"11","5Q":"11","2W":"11","3W":"11","8J":"11","78":"11","8M":"11","7G":"11","77":"11","4R":"11","7C":"11","4P":"11","3R":"11","7M":"11","4V":"11","2X":"11","7Q":"11","9P":"11","6Q":"11","7H":"11","7P":"11","7F":"11","69":"11","5R":"11","8P":"11","3V":"11","6G":"11","4Q":"11","7J":"11","5P":"11","79":"11","6P":"11","6C":"11"},"6G":{"J8":"11","M8":"11","M7":"11","GF":"11","GC":"11","FG":"11","J7":"11","W8":"11","JF":"11","R8":"11","Q8":"11","H7":"11","Q7":"11","J9":"11","CH":"11","J4":"11","P8":"11","HG":"11","W9":"11","V8":"11","P9":"11","H2":"11","HF":"11","JG":"11","G3":"11","P7":"11","G9":"11","H4":"11","HC":"11","H9":"11","H8":"11","V9":"11","H5":"11","H3":"11","M9":"11","R7":"11","R9":"11","JC":"11","V7":"11","J6":"11","H6":"11","MC":"11","CG":"11","G2":"11","J5":"11"},"95":{"WP":"11","VP":"11","WJ":"11","WM":"11","XJ":"11","XH":"11","VM":"11","VQ":"11"},"79":{"XW":"11","XX":"11"},"8C":{"24":"11","25":"11","22":"11"},"3C":{"8M":"11"}},"V9":{"M8":{"39":"11","28":"11","33":"11","24":"11","29":"11","23":"11"},"H4":{"J2":"11","M3":"11","J3":"11","H2":"11","M2":"11"},"66":{"W2":"11","PC":"11"},"H8":{"H2":"11"},"Q7":{"57":"11","47":"11"},"65":{"73":"11","74":"11"},"55":{"V4":"11","R4":"11"},"75":{"2W":"11","6Q":"11","5R":"11","3W":"11","4W":"11","4V":"11","H9":"11","5Q":"11"},"76":{"MC":"11"},"H2":{"XF":"11"},"J5":{"CC":"11","72":"11","C9":"11"},"H7":{"HX":"11","QG":"11"},"P7":{"JM":"11","CR":"11","MM":"11"},"H3":{"8R":"11","HX":"11","3P":"11","GW":"11","4P":"11","FW":"11","CW":"11","2M":"11","GX":"11","9W":"11","8V":"11","9V":"11","3M":"11"},"M7":{"59":"11"},"G3":{"R8":"11","R9":"11","RC":"11","RG":"11","R6":"11","RF":"11","VJ":"11","R7":"11","VH":"11","P3":"11","RH":"11","WJ":"11"},"P5":{"PQ":"11","PR":"11","3Q":"11","3P":"11"},"H5":{"G4":"11","G5":"11"}},"R7":{"RV":{"G4":"11","G3":"11","H2":"11","H3":"11","G2":"11"},"RW":{"5C":"11","5G":"11","66":"11","59":"11","5F":"11","5J":"11","57":"11","69":"11","68":"11","5H":"11","67":"11","56":"11","4H":"11","58":"11","4M":"11","4J":"11"}},"V6":{"8M":{"5V":"11"},"37":{"X3":"11"},"FR":{"CX":"11","CW":"11","CV":"11"},"5H":{"Q3":"11","W9":"11","R8":"11","P4":"11","X8":"11","Q4":"11","R6":"11","Q7":"11","R7":"11","X9":"11","Q5":"11","Q6":"11","W8":"11","V8":"11","V7":"11"},"6W":{"GR":"11","24":"11","FQ":"11","GQ":"11","23":"11"},"5W":{"XC":"11","WC":"11","V4":"11","V5":"11","W3":"11","XF":"11","X3":"11","WF":"11","V3":"11","W4":"11"},"FH":{"Q9":"11","HC":"11","Q8":"11","GF":"11","GC":"11","R8":"11","R9":"11"},"FV":{"F5":"11","C2":"11","C3":"11","F4":"11","G5":"11","C4":"11"},"5G":{"9G":"11","7C":"11","MM":"11","FG":"11","GH":"11","FH":"11","6C":"11","HM":"11","38":"11","CH":"11","HJ":"11","39":"11","28":"11","5C":"11","59":"11","7F":"11","9F":"11","JM":"11","8C":"11","JJ":"11","GJ":"11","6F":"11","29":"11","49":"11","FJ":"11","8F":"11","4C":"11","27":"11","MJ":"11","CG":"11"},"F6":{"FM":"11","J3":"11","GJ":"11","GM":"11"},"38":{"V3":"11","R5":"11","VF":"11","WF":"11","R8":"11","R9":"11","R6":"11","V2":"11","XJ":"11","R7":"11","WG":"11","VC":"11","XH":"11","V8":"11","V9":"11","XG":"11","R3":"11","WC":"11","V7":"11","R4":"11"},"W2":{"59":"11","7G":"11","55":"11","46":"11","57":"11","7F":"11","47":"11","69":"11","68":"11","67":"11","56":"11","58":"11","6C":"11"},"FW":{"Q9":"11","VP":"11","RP":"11","Q6":"11","QF":"11","VR":"11","RF":"11","QC":"11","RQ":"11","Q4":"11","RR":"11","P9":"11","P7":"11","P6":"11","Q5":"11","P8":"11"},"JW":{"RC":"11"},"CC":{"R5":"11","R3":"11","Q6":"11","Q4":"11","P5":"11","R6":"11","R4":"11","P6":"11","Q3":"11","Q5":"11"},"7M":{"38":"11","48":"11","59":"11","9Q":"11","FQ":"11","GR":"11","29":"11","CQ":"11","49":"11","28":"11","FR":"11","9P":"11","9M":"11","69":"11","39":"11"},"6M":{"R5":"11","V4":"11","X7":"11","X8":"11","R6":"11","V2":"11","V6":"11","R2":"11","W8":"11","W6":"11","W7":"11","Q2":"11","V5":"11","V7":"11","R4":"11"},"6X":{"54":"11"},"48":{"2J":"11"},"G4":{"V6":"11","V7":"11","W7":"11","W5":"11","W6":"11","W4":"11"},"5R":{"6X":"11","5W":"11","6W":"11"},"CQ":{"MH":"11","PQ":"11","PH":"11","QQ":"11","QJ":"11","PP":"11","QP":"11","PJ":"11","MJ":"11"},"6H":{"5Q":"11","8W":"11","8R":"11","9Q":"11","5J":"11","CQ":"11","FR":"11","7Q":"11","CR":"11","9R":"11","6Q":"11","3H":"11","3J":"11","8Q":"11","7P":"11","9W":"11","8P":"11","9X":"11","8X":"11","5P":"11","5M":"11","6M":"11","4H":"11","CP":"11","6P":"11","4M":"11","4J":"11"},"G3":{"H4":"11","H6":"11","J5":"11","G4":"11","J6":"11","H5":"11","J7":"11"},"FC":{"34":"11","33":"11","22":"11","23":"11"},"6J":{"CC":"11","C8":"11","PR":"11","PV":"11","87":"11","PW":"11","MQ":"11","97":"11","QX":"11","PQ":"11","RX":"11","82":"11","PP":"11","FC":"11","QW":"11","96":"11","MV":"11","F9":"11","PX":"11","86":"11","85":"11","84":"11","C9":"11","MP":"11","83":"11","99":"11","98":"11"},"4G":{"P2":"11","R5":"11","Q3":"11","X7":"11","P4":"11","X8":"11","M2":"11","Q4":"11","R6":"11","V6":"11","Q5":"11","W8":"11","W6":"11","W7":"11","Q2":"11","V5":"11","R3":"11","P3":"11","R4":"11"},"49":{"5C":"11","6F":"11","8J":"11","59":"11","8M":"11","7G":"11","8H":"11","9P":"11","9M":"11","7H":"11","69":"11","8P":"11","6G":"11","58":"11","9J":"11","6C":"11"},"F9":{"2X":"11","4P":"11","4R":"11","4M":"11","5M":"11","5P":"11","4V":"11","4Q":"11"},"R7":{"48":"11","47":"11","46":"11","49":"11","58":"11"},"V6":{"8V":"11"},"4C":{"JX":"11"},"F2":{"X2":"11"},"4F":{"MX":"11","J2":"11","QX":"11","PX":"11","PV":"11","MW":"11","PW":"11"}},"V7":{"MP":{"Q9":"11","PC":"11","P9":"11"},"MM":{"8F":"11","9F":"11"},"HW":{"99":"11","9C":"11"},"CM":{"VX":"11","RX":"11"},"QR":{"64":"11"},"J2":{"45":"11"},"CR":{"6V":"11","8J":"11","6R":"11","9H":"11","8H":"11","7Q":"11","6Q":"11","7P":"11","6P":"11","9J":"11"},"CP":{"V2":"11"},"C5":{"7F":"11"},"MW":{"Q9":"11","Q8":"11","R9":"11"},"G4":{"WR":"11","XQ":"11","WQ":"11","XR":"11"},"9F":{"MH":"11","PH":"11","MG":"11","VM":"11","PG":"11","MJ":"11"},"JM":{"6F":"11","6C":"11"},"G3":{"GJ":"11","FH":"11","FF":"11","FC":"11","GM":"11","FG":"11","FJ":"11"},"MV":{"48":"11","37":"11","47":"11"},"Q3":{"X5":"11","X7":"11","V5":"11","F4":"11","X6":"11","F3":"11","W5":"11"},"R3":{"H4":"11","55":"11","27":"11","46":"11","26":"11","J5":"11","37":"11","45":"11","H5":"11","36":"11","J4":"11"},"H4":{"2Q":"11","2R":"11","2P":"11","3P":"11","3R":"11"},"CJ":{"8X":"11"},"MQ":{"V6":"11","R5":"11","P2":"11","P3":"11","V5":"11","R6":"11"},"G2":{"4M":"11","3M":"11"}},"V3":{"Q6":{"Q8":"11","R8":"11"},"W2":{"XJ":"11","XH":"11"},"PP":{"X5":"11"},"QP":{"37":"11","36":"11","25":"11","38":"11","26":"11"},"PJ":{"3G":"11"},"Q5":{"QW":"11"}},"W7":{"PQ":{"MH":"11","MG":"11","JJ":"11","MJ":"11"},"RP":{"24":"11","25":"11"},"W7":{"RF":"11","RG":"11","VG":"11"},"QP":{"X5":"11"},"W4":{"PH":"11","RH":"11","PJ":"11"}}}}