{"index":{"university,1|retail,2|tourism,3|wreck,4|historical,5|artsCulture,6|namedBuilding,7|water,8|wetland,9|park,10|beach,11|natureReserve,12|cemetery,13|trail,14":{}},"8J":{"HJ":{"44":{"V6":"11","V8":"11","V7":"11","W7":"11","V5":"11","W6":"11"}},"F5":{"4H":{"6P":"11","5P":"11","5Q":"11"}},"2R":{"5G":{"W6":"11"}},"9C":{"VW":{"MW":"11","QG":"11"},"VQ":{"WR":"11"}},"MF":{"HP":{"3M":"11","2P":"11","3P":"11"}},"P8":{"2X":{"4R":"11","3V":"11","4V":"11","5V":"11","3R":"11"}},"PQ":{"WR":{"MH":"11","JJ":"11","HH":"11","JH":"11","HJ":"11","MJ":"11"},"XQ":{"96":"11","C7":"11","C6":"11","95":"11","F4":"11","F3":"11","C5":"11","C8":"11","F2":"11","98":"11","97":"11"},"WV":{"37":"11","47":"11","38":"11"},"XP":{"MM":"11","RF":"11","WC":"11","HM":"11","QH":"11","PH":"11","WH":"11","WF":"11","XH":"11","HJ":"11","RH":"11","GQ":"11","VG":"11","HP":"11","VF":"11","XF":"11","GR":"11","RG":"11","XG":"11","JM":"11","JJ":"11","JP":"11","JH":"11","PJ":"11","QG":"11","JQ":"11","HR":"11","PG":"11","WG":"11","HQ":"11","VH":"11","MJ":"11","QJ":"11","XC":"11","MH":"11","VC":"11"},"XM":{"XJ":"11","XH":"11","XG":"11","XP":"11","XM":"11","XC":"11","XF":"11"}},"2P":{"XX":{"C6":"11","C9":"11"},"46":{"PC":"11"},"4Q":{"HX":"11"},"XR":{"FW":"11"}},"9H":{"GJ":{"C7":"11"},"MV":{"Q7":"11"},"6G":{"2Q":"11","2P":"11","3Q":"11","3P":"11"},"FG":{"QF":"11","QC":"11","PF":"11","QG":"11"}},"JW":{"H8":{"F2":"11","G2":"11"},"G3":{"FH":"11","CF":"11","CG":"11","CH":"11","9C":"11","FG":"11","9F":"11"},"FG":{"7Q":"11","6Q":"11","6R":"11"},"P6":{"HG":"11","JG":"11"},"P4":{"QH":"11","QG":"11"}},"3V":{"XF":{"W4":"11"}},"M8":{"WM":{"XW":"11","XX":"11","XQ":"11","XV":"11","XR":"11"},"XJ":{"5C":"11","62":"11","5G":"11","38":"11","48":"11","4C":"11","59":"11","5F":"11","49":"11","54":"11","63":"11","39":"11","53":"11"},"XX":{"RH":"11","QH":"11","QG":"11","RJ":"11"},"WR":{"VP":"11","VR":"11","WR":"11","VQ":"11"},"XV":{"5H":"11","6H":"11","4J":"11","4H":"11","7H":"11"},"WQ":{"RV":"11","RR":"11"},"XP":{"8W":"11","8V":"11","9V":"11"},"XG":{"RF":"11","RG":"11","VF":"11","VG":"11"}},"QQ":{"3F":{"33":"11","42":"11","43":"11","32":"11"},"66":{"XX":"11","WW":"11","HX":"11","QX":"11","RX":"11","VW":"11","GX":"11","HW":"11","VX":"11","FX":"11"},"48":{"84":"11","83":"11","73":"11","74":"11"},"2G":{"JC":"11","J9":"11","HC":"11","H9":"11"},"77":{"22":"11"},"2P":{"2C":"11"},"49":{"9W":"11","8W":"11","9X":"11","8V":"11","CX":"11","CW":"11","CV":"11","9R":"11","8X":"11","FV":"11","9V":"11","CR":"11"},"2M":{"2F":"11","2G":"11","2Q":"11","2P":"11","2M":"11","3H":"11","3J":"11","2C":"11","2H":"11","2J":"11"},"76":{"4X":"11","FG":"11","CM":"11","FH":"11","J9":"11","HG":"11","4W":"11","CP":"11","8Q":"11","P9":"11","V2":"11","2X":"11","9Q":"11","9P":"11","GG":"11","HF":"11","HC":"11","4V":"11","H9":"11","M9":"11","FJ":"11","CJ":"11","JC":"11","MC":"11"},"47":{"7Q":"11","7P":"11"},"85":{"C6":"11","F7":"11","59":"11","F6":"11"},"39":{"H7":"11"},"67":{"R3":"11","P2":"11","M3":"11","C2":"11","P3":"11","V2":"11","Q2":"11","F2":"11","R2":"11"}},"PR":{"GJ":{"RG":"11","RH":"11","QH":"11","QG":"11"},"Q8":{"J2":"11","M2":"11"},"Q7":{"QW":"11","QV":"11","PV":"11","QR":"11","RP":"11","QQ":"11","RR":"11","QH":"11","JW":"11","QC":"11","PX":"11","QM":"11","MW":"11","PQ":"11","PR":"11","RQ":"11","MV":"11","QF":"11","RV":"11","JX":"11","PW":"11","MX":"11","QP":"11","RM":"11"},"R4":{"9G":"11","8F":"11","8C":"11","9C":"11","9F":"11"}},"CF":{"88":{"WR":"11"},"X8":{"QF":"11","QC":"11"},"97":{"MC":"11","PF":"11","MF":"11","PC":"11"}},"HH":{"VX":{"JJ":"11"},"7G":{"RQ":"11"}},"2X":{"84":{"23":"11","38":"11","42":"11","33":"11","29":"11","43":"11","26":"11","52":"11","35":"11","37":"11","25":"11","24":"11","39":"11","36":"11","2C":"11","34":"11","3C":"11"},"83":{"2W":"11","2X":"11","2R":"11","3W":"11","4W":"11","3X":"11","5X":"11","2V":"11","4X":"11"},"2M":{"G4":"11","C7":"11","J2":"11","F9":"11","F5":"11","G3":"11","F7":"11","F4":"11","H4":"11","CC":"11","FC":"11","H2":"11","C8":"11","G5":"11","F8":"11","H3":"11","F6":"11","G2":"11","M2":"11"},"2H":{"M8":"11","R9":"11","RC":"11","M5":"11","Q7":"11","M4":"11","P8":"11","P9":"11","Q8":"11","M9":"11","J5":"11","P7":"11","Q9":"11","J6":"11","M7":"11","J8":"11","J4":"11"},"73":{"XQ":"11","XV":"11","WQ":"11","XR":"11"},"2J":{"RJ":"11","MP":"11","PM":"11","QH":"11","JW":"11","QM":"11","MW":"11","PQ":"11","PR":"11","JV":"11","MV":"11","PJ":"11","PP":"11","JX":"11","MX":"11","MQ":"11","MR":"11","RM":"11","QJ":"11"},"74":{"X9":"11","V9":"11","W9":"11"}},"RW":{"9W":{"87":"11","86":"11","77":"11","76":"11"},"9P":{"M3":"11","P2":"11","M2":"11"},"9M":{"M8":"11","H6":"11","PW":"11","QQ":"11","QR":"11","RP":"11","QW":"11","QV":"11","H7":"11","RQ":"11","J6":"11","PX":"11","H5":"11","RR":"11","J8":"11","J7":"11"},"78":{"PH":"11","69":"11","JH":"11","PJ":"11","6C":"11","MJ":"11"},"9C":{"CF":"11"},"9V":{"5G":"11","5C":"11","5F":"11","4G":"11"}},"6M":{"MX":{"83":"11","22":"11"},"RG":{"QR":"11"},"4M":{"J4":"11"},"MW":{"6V":"11","3W":"11","2X":"11","5W":"11","7W":"11","4W":"11","5R":"11","6X":"11","5X":"11"}},"MR":{"6W":{"2Q":"11","54":"11","2P":"11","55":"11"},"5V":{"X7":"11","FH":"7","X6":"11","FV":"11","W6":"11","W7":"11","FG":"7","FJ":"7"},"59":{"5R":"11","4R":"11","4Q":"11","5Q":"11"},"5W":{"XQ":"11","XR":"11"},"9W":{"R7":"11","P7":"11"},"8X":{"FH":"11"},"9V":{"MR":"11"},"4H":{"WC":"11","VC":"11","VF":"11","WF":"11"}},"V9":{"RP":{"68":"11","2C":"11","29":"11","67":"11"},"QP":{"XC":"11"}},"RQ":{"R2":{"83":"11","64":"11","73":"11","74":"11"}},"GG":{"GX":{"GR":"11","GP":"11","FQ":"11","GQ":"11"},"62":{"WR":"11","WV":"11"}},"7P":{"6P":{"QG":"11"}},"6P":{"4R":{"PG":"11"},"R9":{"62":"11"}},"8H":{"WF":{"GR":"11","GV":"11"},"3R":{"8M":"11"}},"QV":{"2W":{"9G":"11","CG":"11","CH":"11"}},"JM":{"6P":{"M6":"11","M7":"11","P7":"11","P6":"11"}},"M2":{"69":{"FW":"11"},"35":{"6H":"11"}},"G8":{"RX":{"28":"11","29":"11"},"JM":{"WJ":"11","VH":"11","VJ":"11","WH":"11","RJ":"11"}},"HC":{"V4":{"Q6":"11","Q4":"11","P5":"11","Q5":"11","P4":"11"},"4P":{"3C":"11","3F":"11"},"82":{"34":"11","28":"11","35":"11","24":"11","36":"11","27":"11","25":"11","29":"11","23":"11","26":"11"},"W4":{"XX":"11","G9":"11","66":"11","HC":"11","GC":"11","FF":"11","HF":"11","GF":"11","FC":"11","H9":"11","67":"11"},"W5":{"X2":"11","X3":"11"},"83":{"C4":"11","C3":"11","C5":"11","F3":"11","85":"11","95":"11","F4":"11","94":"11"},"X5":{"96":"11","F6":"11","34":"11","22":"11","87":"11","C5":"11","23":"11","35":"11","86":"11","C6":"11","33":"11","C7":"11","24":"11","F7":"11","45":"11","97":"11","F5":"11","95":"11"},"4X":{"Q6":"3","R7":"3","Q7":"3","P6":"3"}},"F6":{"RC":{"6Q":"11","5R":"11","6P":"11","6R":"11","5Q":"11"},"QQ":{"R3":"3","V4":"3","QF":"11","W2":"3|11","W3":"3|11","X2":"3|11","V2":"3","QG":"11","R4":"3","R2":"3","V3":"3","W4":"3"},"X3":{"HG":"11","HC":"11","JG":"11","JF":"11","HF":"11"},"QP":{"VX":"3","VW":"3","XW":"3","RX":"3","XX":"3|11","WV":"3","XV":"3","WW":"3","XR":"3","WX":"3|11"},"P8":{"VW":"11","RV":"11","RW":"11"}},"JV":{"5J":{"V6":"11","RH":"11","R6":"11","QV":"11","RJ":"11"},"M8":{"F4":"11","G8":"11","83":"11","F6":"11","93":"11","C2":"11","82":"11","PX":"11","C5":"11","F3":"11","C6":"11","MW":"11","C3":"11","G4":"11","G3":"11","MV":"11","G9":"11","92":"11","G7":"11","PW":"11","MX":"11","C4":"11","F7":"11","F5":"11","94":"11","F2":"11","95":"11","MR":"11","G2":"11"},"M7":{"7R":"11","8F":"11","8W":"11","9F":"11","8R":"11","9C":"11","8H":"11","7Q":"11","8G":"11","9G":"11","7P":"11","8X":"11","8V":"11","CX":"11"},"M5":{"2Q":"11","2R":"11"},"54":{"5J":"11","4J":"11","4M":"11","5M":"11","5P":"11"},"5G":{"57":"11","5C":"11","3J":"11","2M":"11","5H":"11","69":"11","68":"11","2H":"11","5F":"11","42":"11","3H":"11","2J":"11","4C":"11","4H":"11","56":"11","3M":"11","54":"11","2P":"11","4F":"11","55":"11","59":"11","58":"11","4G":"11"},"FW":{"7Q":"11","7W":"11","7X":"11","7V":"11","7R":"11"},"PM":{"6X":"11","5R":"11","5X":"11","5W":"11","6W":"11","5V":"11"},"J2":{"7R":"11","MX":"11","HX":"11","64":"11","2Q":"11","3P":"11","2P":"11","27":"11","JX":"11","3Q":"11","92":"11","93":"11","82":"11","35":"11","37":"11","GX":"11","4Q":"11","36":"11","2H":"11","83":"11"},"52":{"7R":"11","8R":"11","GJ":"11","GP":"11","FM":"11","7Q":"11","GM":"11","GQ":"11","FJ":"11"},"MF":{"57":"11","66":"11","56":"11","58":"11","67":"11"},"J4":{"R5":"11","V3":"11","V2":"11","R2":"11","RQ":"11","R3":"11","RV":"11","RR":"11","R4":"11"},"CR":{"2W":"11","33":"11","73":"11","2X":"11","43":"11","63":"11","52":"11","35":"11","25":"11","24":"11","44":"11","34":"11","53":"11"},"CV":{"VF":"11","W9":"11","X7":"11","X8":"11","V6":"11","VC":"11","W8":"11","W6":"11","V9":"11","W7":"11","WC":"11"},"58":{"GW":"11","GX":"11"},"M6":{"2Q":"11","2R":"11","4R":"11","4V":"11","5V":"11","3R":"11"},"M2":{"PQ":"11","MQ":"11","JR":"11","JV":"11","MV":"11","PV":"11","PR":"11","MR":"11"},"5C":{"H7":"11","H6":"11"},"FX":{"72":"11"},"59":{"G2":"11"},"PR":{"FH":"11","FJ":"11"},"H2":{"WH":"11","XJ":"11","WG":"11","XH":"11","XG":"11","XP":"11","XM":"11","XC":"11","XF":"11","WJ":"11"},"J3":{"VX":"11","MF":"11","GQ":"11","VR":"11","JW":"11","QF":"11","HH":"11","HP":"11","HW":"11","JG":"11","RF":"11","RQ":"11","MG":"11","QV":"11","J2":"11","M2":"11","WX":"11","GV":"11","QR":"11","RR":"11","FP":"11","PV":"11","QG":"11","VQ":"11","GM":"11","GW":"11","JF":"11","GR":"11","H2":"11","MV":"11","FQ":"11","MW":"11","WV":"11","GJ":"11","RG":"11","GP":"11"},"MG":{"5X":"11","4X":"11"},"4G":{"WX":"11","WW":"11","XQ":"11","XR":"11","WP":"11","VV":"11","WQ":"11","VW":"11","WM":"11","XV":"11","VR":"11","XP":"11","XM":"11","WV":"11","VX":"11","WR":"11"},"9R":{"XW":"11","XQ":"11","WP":"11","WQ":"11","XV":"11","XP":"11","XM":"11","WV":"11","WR":"11"},"PP":{"62":"11","52":"11"},"55":{"99":"11","88":"11","87":"11","89":"11","98":"11"},"M9":{"M8":"11","P2":"11","MJ":"11","HR":"3|11","P4":"11","JQ":"3","M2":"11","MG":"11","JJ":"11","JR":"3","HQ":"3|11","JH":"11","JW":"3","GR":"11","HV":"3|11","P8":"11","JM":"11","M9":"11","GV":"3|11","JV":"3","MH":"11","P3":"11","HW":"3"},"53":{"47":"11","46":"11"},"J6":{"RC":"11","V5":"11","RF":"11","R8":"11","QH":"11","WF":"11","WH":"11","QC":"11","XH":"11","VG":"11","VF":"11","XQ":"11","V8":"11","W3":"11","QM":"11","PF":"11","RG":"11","PC":"11","XG":"11","W5":"11","W4":"11","QF":"11","QG":"11","WG":"11","V9":"11","VH":"11","Q9":"11","R7":"11","V6":"11","R9":"11","X2":"11","V7":"11","RM":"11","QJ":"11","VC":"11"},"5F":{"4W":"11","4V":"11","4X":"11"},"MH":{"42":"11","52":"11"},"J5":{"Q3":"11","WP":"11","Q6":"11","R7":"11","XW":"11","XP":"11","VM":"11","WJ":"11","R2":"11","RF":"11","XV":"11","Q2":"11","WQ":"11","VG":"11","VJ":"11","R3":"11","VP":"11","R8":"11","VH":"11","RH":"11","Q4":"11","XH":"11","RM":"11","XJ":"11","XM":"11","Q5":"11","XR":"11","WH":"11","R4":"11","RJ":"11","XX":"11","WM":"11","WR":"11","XQ":"11","R9":"11","WV":"11","R6":"11","RG":"11"},"56":{"FX":"11","FW":"11","FV":"11","FR":"11"}},"JQ":{"V5":{"FC":"11"}},"HQ":{"HV":{"97":"11"}},"P9":{"22":{"85":"11","88":"11","84":"11","6J":"11","87":"11","86":"11","7J":"11","7H":"11","75":"11","74":"11"}},"4R":{"58":{"GP":"11"}},"VP":{"CR":{"G4":"11","F4":"11","G6":"11","H5":"11","H6":"11","G5":"11"}},"HF":{"FR":{"R5":"11","P6":"11","P4":"11","Q4":"11","W3":"11","Q5":"11","X2":"11","X3":"11","P5":"11","X4":"11","R4":"11"},"F8":{"6X":"11","5X":"11","4X":"11"},"GX":{"7R":"11","3F":"11","2F":"11","2G":"11","3G":"3","6R":"11","7M":"11","29":"11","28":"11","7Q":"11","6Q":"11","4G":"3","3H":"3","3J":"3","7P":"11","8P":"11","3M":"3","6M":"11","2C":"11","4H":"3","6P":"11","4M":"3","4J":"3","3C":"11"},"HW":{"92":"11","82":"11"},"66":{"2J":"11"},"75":{"25":"11","26":"11"},"FW":{"QW":"3","RV":"3","PV":"3","QV":"3","PW":"3","QR":"11","RW":"3"},"JW":{"5C":"3","48":"3","PV":"11","4C":"3","59":"3","PW":"11","55":"3","JW":"11","JX":"11","49":"3","HV":"11","46":"3","MW":"11","54":"3","QV":"11","57":"3","MV":"11","47":"3","69":"3","68":"3","45":"3","HW":"11","56":"3","58":"3"},"7R":{"CF":"11","F9":"11","CG":"11","CC":"11","FC":"11","FF":"11"},"HP":{"X9":"3","X7":"3","X8":"3"},"GR":{"33":"11","24":"11","22":"11","23":"11"},"MW":{"GF":"3|11","G8":"3","GC":"3","FG":"3","GH":"3","FH":"3","FF":"3","HM":"3","GM":"3","GQ":"3","FM":"3","HP":"3","XQ":"11","FP":"3","GG":"11|3","GJ":"3","FC":"3","G9":"3","FQ":"3","HQ":"3","GP":"3"},"65":{"X5":"11","X6":"11"},"FX":{"VF":"11","WF":"11","X8":"11","WH":"11","WG":"11","VG":"11","XH":"11","X9":"11","XG":"11","WC":"11","XC":"11","XF":"11"},"76":{"J8":"11","J9":"11"},"8C":{"GR":"11","GV":"11","HR":"11"},"JV":{"WJ":"11","PR":"11"},"HV":{"HQ":"3","HJ":"3","GJ":"3","JW":"11","JX":"11","HP":"3","GP":"3","MW":"11","9X":"11","JV":"11","8X":"11","GM":"3","GQ":"3","HW":"11","HM":"3"},"JP":{"4X":"3","37":"3","6V":"3","5X":"3","38":"3","7Q":"3|11","5Q":"3","7R":"3","39":"3","8Q":"11","28":"3","5R":"3","29":"3","6Q":"3","5V":"3","6R":"3","8R":"11","27":"3"},"MV":{"2H":"11"},"JQ":{"CM":"11","GH":"11","FH":"11","HM":"11","X6":"11","52":"3","GM":"11","43":"3","GQ":"11","FM":"11","HP":"11","FP":"11","GJ":"11","JP":"11","FQ":"11","JQ":"11","63":"3","HQ":"11","42":"3","FJ":"11","CJ":"11","53":"3","GP":"11","62":"3","W7":"11"},"CF":{"HX":"11","GW":"11","7W":"11","HW":"11","7V":"11","GX":"11"},"JX":{"66":"3","64":"3","65":"3","55":"3","7X":"3","46":"3","54":"3","45":"3","6X":"3","56":"3"},"PW":{"2Q":"11","2P":"11","3Q":"11","4Q":"11","3P":"11","3R":"11"},"MX":{"J7":"3","M5":"3","44":"11","M6":"3","42":"11","J6":"3","54":"11","J4":"3","J5":"3","43":"11","53":"11"},"F9":{"63":"11","64":"11","42":"11","72":"11","54":"11","62":"11","52":"11","43":"11","53":"11"},"6Q":{"WX":"11","WW":"11","W9":"11","X8":"11","VV":"11","X9":"11","VW":"11","W8":"11","WC":"11","WV":"11","XC":"11","VX":"11","XF":"11"},"8R":{"8M":"11","7M":"11","8J":"11","7J":"11"},"MQ":{"44":"11","25":"11","45":"11","54":"11"},"CG":{"H2":"11","G2":"11"},"56":{"XJ":"11"}},"98":{"MJ":{"Q9":"3","Q8":"3","R8":"3","R9":"3"}},"3R":{"PG":{"4G":"11"}},"4V":{"27":{"5R":"11"},"75":{"PH":"11","QH":"11","J4":"11"}},"GM":{"RJ":{"VX":"11","VW":"11","WW":"11","WX":"11"}},"Q4":{"P4":{"XC":"11","WC":"11","V9":"11","RC":"11","VH":"11","WG":"11","XF":"11","VC":"11","W9":"11","WH":"11","VF":"11","VG":"11","WF":"11"}},"JF":{"HX":{"4X":"11"}},"F9":{"96":{"8J":"11","8M":"11","7G":"11","6H":"11","7M":"11","7H":"11","6G":"11","7J":"11"},"WX":{"85":"11","84":"11","86":"11","75":"11"}},"P7":{"RG":{"69":"11","68":"11","59":"11","58":"11"}},"RM":{"3J":{"9R":"11","CR":"11"}},"H2":{"VV":{"7Q":"11","6Q":"11","6P":"11","6R":"11","7R":"11","5P":"11","5Q":"11"},"GG":{"35":"3","36":"3","46":"3","25":"3","45":"3","26":"3"}},"QM":{"6X":{"FJ":"11"},"RC":{"5V":"11"},"XP":{"Q9":"11","V8":"11","V7":"11","X7":"11","W7":"11","R7":"11","Q8":"11","X8":"11","Q7":"11","R8":"11","P8":"11"}},"28":{"6X":{"4W":"11"}},"H6":{"J6":{"2Q":"11","2M":"11","2P":"11"},"H6":{"VP":"11","XQ":"11","VJ":"11","WP":"11","XJ":"11","WQ":"11","WM":"11","XP":"11","XM":"11","VM":"11","WJ":"11"},"H9":{"3G":"11","5J":"11","4G":"11","5H":"11","4H":"11","4M":"11","4J":"11"}},"QP":{"FM":{"J7":"11","F9":"11","H7":"11","J6":"11","H6":"11","F8":"11"},"CQ":{"RG":"11","QG":"11"},"GG":{"3Q":"11","3P":"11"},"M7":{"XC":"11","X9":"11","XF":"11"},"P7":{"48":"11","88":"11","39":"11","37":"11","28":"11","47":"11","3C":"11","36":"11","46":"11","77":"11","78":"11","38":"11","2C":"11","2F":"11","29":"11"},"P6":{"4Q":"11"}},"FG":{"MW":{"WQ":"11"}},"XM":{"R3":{"4H":"11","4F":"11","4G":"11"},"Q3":{"JC":"11","M8":"11"}},"6J":{"HC":{"QX":"11"}},"Q5":{"J8":{"9H":"11","CH":"11"}},"M9":{"X2":{"RM":"11","66":"11","48":"11","4C":"11","C5":"11","59":"11","VP":"11","HC":"11","JF":"11","HG":"11","MG":"11","JJ":"11","RP":"11","JH":"11","49":"11","HF":"11","75":"11","WM":"11","96":"11","57":"11","MH":"11","C6":"11","85":"11","95":"11","JG":"11","HH":"11","67":"11","56":"11","VM":"11","58":"11"}},"QW":{"2C":{"C2":"11","92":"11"},"29":{"CX":"11","CW":"11"}},"MV":{"V3":{"8M":"11","FR":"11","5J":"11","9M":"11","8P":"11","JW":"11","4H":"11","2H":"11","CP":"11","6M":"11","7M":"11","GQ":"11","GR":"11","2G":"11","CQ":"11","HV":"11","9P":"11","FP":"11","3G":"11","6J":"11","FQ":"11","HR":"11","JX":"11","4J":"11","3J":"11","3H":"11"},"V4":{"V6":"11","M5":"11","J2":"11","V7":"11","M3":"11","J3":"11","RC":"11","R7":"11","R6":"11","M4":"11","W9":"11","P7":"11","R9":"11"},"Q4":{"VX":"11","QW":"11","QV":"11","RW":"11"},"65":{"VV":"11","VR":"11","WR":"11","WV":"11","WQ":"11","VQ":"11","WW":"11"},"V6":{"W7":"11","WG":"11","WH":"11","XH":"11","W5":"11","W6":"11"},"W3":{"7W":"11","7V":"11","6V":"11","6W":"11"},"W8":{"VF":"11","WF":"11","R8":"11","VP":"11","WH":"11","Q7":"11","VJ":"11","R7":"11","VC":"11","WG":"11","VG":"11","WQ":"11","V8":"11","WM":"11","V9":"11","XG":"11","VM":"11","WJ":"11"},"W4":{"99":"11","F5":"11","F4":"11","C4":"11","F6":"11"},"F7":{"73":"11"},"W7":{"HR":"11","66":"11","8J":"11","JQ":"11","7G":"11","HQ":"11","JR":"11","7C":"11","JW":"11","GP":"11","8H":"11","MW":"11","8G":"11","57":"11","MV":"11","7F":"11","69":"11","GQ":"11","56":"11","6C":"11","9J":"11"},"V5":{"WX":"11","XX":"11","WW":"11","WH":"3|11","XJ":"3","WG":"11","XH":"3","WV":"11","WJ":"3"},"R3":{"QQ":"11","RG":"11","QR":"11","VJ":"11","PQ":"11","VG":"11","QP":"11","PP":"11","QV":"11","VH":"11","RH":"11"},"67":{"M3":"11","Q4":"11","P3":"11","M4":"11","Q3":"11","P4":"11"},"F2":{"HG":"11"},"R4":{"X3":"11"}},"RP":{"PH":{"F7":"11","F8":"11","F6":"11"},"RX":{"MJ":"11","JF":"11","MG":"11","JM":"11","MM":"11","MH":"11","JG":"11"},"QX":{"MH":"11","MG":"11","JJ":"11","HH":"11","JH":"11","HJ":"11","JG":"11","MJ":"11"},"QM":{"FX":"11"},"QR":{"9P":"11","9Q":"11","8Q":"11","8P":"11"},"QP":{"G4":"3","F5":"3","G6":"11","H5":"11","H6":"11","G5":"11|3","F2":"11","G7":"11"}},"JP":{"WJ":{"2C":"11"},"JJ":{"HC":"11","RC":"11"},"VJ":{"XC":"11","WC":"11","X9":"11","W9":"11","W8":"11"},"MJ":{"G9":"3","HC":"3","GC":"3","CV":"11","FF":"3","CW":"11","GF":"3","FC":"3","F9":"3"}},"2V":{"X5":{"9R":"11"},"M6":{"7G":"11"},"V5":{"M8":"11"},"X6":{"55":"11"}},"C8":{"29":{"PQ":"3","QQ":"3","PR":"3","QR":"3","QP":"3"}},"3P":{"HF":{"95":"11","94":"11","C5":"11","C4":"11"}},"CC":{"FP":{"W2":"11","V2":"11"},"FQ":{"MX":"11","HQ":"11","JR":"11","MV":"11","PX":"11","MW":"11","JQ":"11","HP":"11","MR":"11"},"HQ":{"J8":"11","JC":"11","J9":"11"},"GW":{"CR":"11","QX":"11","VX":"11","MF":"11","MH":"11","CQ":"11","58":"11","44":"11","GX":"11","CH":"11","FW":"11","PQ":"11","9H":"11","7C":"11","J5":"11","5C":"11","M8":"11","8G":"11","QQ":"11","PF":"11","42":"11","FR":"11","PJ":"11","56":"11","59":"11","7G":"11","RW":"11","7F":"11","MG":"11","55":"11","8H":"11","49":"11","QV":"11","PH":"11","J2":"11","CG":"11","FM":"11","PC":"11","GV":"11","M6":"11","QR":"11","J6":"11","67":"11","P9":"11","FP":"11","J3":"11","9M":"11","CM":"11","PM":"11","9G":"11","48":"11","54":"11","6C":"11","GW":"11","PG":"11","M7":"11","GR":"11","43":"11","H2":"11","QM":"11","CP":"11","FX":"11","PP":"11","QP":"11","57":"11","8F":"11","RX":"11","M9":"11","QW":"11","J4":"11","47":"11","9F":"11","J7":"11","MJ":"11","45":"11","CJ":"11","FV":"11","6F":"11","FQ":"11","JC":"11","9J":"11","M5":"11","46":"11","J9":"11","MC":"11","69":"11","68":"11","J8":"11","79":"11"},"GR":{"2R":"11","2W":"11","3W":"11","2G":"11","2Q":"11","3P":"11","2P":"11","3R":"11","4V":"11","2X":"11","3Q":"11","3J":"11","3V":"11","3M":"11","2H":"11","2J":"11"},"FM":{"VX":"11","WX":"11"},"FR":{"XW":"11","P2":"11","XX":"11","R5":"11","W9":"11","WF":"11","R8":"11","R9":"11","P4":"11","M2":"11","Q4":"11","V6":"11","R7":"11","WG":"11","X9":"11","Q5":"11","V8":"11","V9":"11","V5":"11","XG":"11","WC":"11","P5":"11","P3":"11","XC":"11","V7":"11","XF":"11","R4":"11"},"FV":{"X2":"11"},"GX":{"R5":"11","C5":"11","R6":"11","V2":"11","Q7":"11","G8":"11","G2":"11","F5":"11","Q5":"11","Q6":"11","R2":"11","F7":"11","F3":"11","Q2":"11","G4":"11","G6":"11","R3":"11","G5":"11","G3":"11","C6":"11","F6":"11","F2":"11","G7":"11","F4":"11","R4":"11"},"GV":{"2R":"11","2M":"11","2P":"11","JW":"11","3V":"11","38":"11","HP":"11","HW":"11","HM":"11","36":"11","4P":"11","49":"11","3X":"11","4X":"11","4Q":"11","HX":"11","3G":"11","JV":"11","4M":"11","JQ":"11","35":"11","3F":"11","HQ":"11","4R":"11","3J":"11","4F":"11","2Q":"11","48":"11","3R":"11","4V":"11","JX":"11","3M":"11","4W":"11","3W":"11","JP":"11","47":"11","3P":"11","34":"11","3C":"11","22":"11","24":"11","39":"11","2J":"11","37":"11","JR":"11","23":"11","HR":"11","HV":"11","3H":"11","3Q":"11","4C":"11"}},"F8":{"8W":{"3R":"11"},"JX":{"44":"11","42":"11","52":"11","43":"11","53":"11"},"VP":{"5Q":"3","6V":"3","5V":"3","4R":"3","6R":"3","4V":"3","6Q":"3","5R":"3","4Q":"3","5P":"3"},"PC":{"V8":"3","X9":"3","V7":"3","X7":"3","W7":"3","X8":"3","W9":"3","W8":"3"}},"XQ":{"CF":{"XQ":"11","XP":"11"},"5R":{"HX":"11","JX":"11","HW":"11","JW":"11"},"9C":{"83":"11"},"FF":{"2Q":"11","2M":"11","3M":"11","2P":"11","3Q":"11","4Q":"11","3P":"11","3R":"11"}},"G7":{"48":{"XQ":"11","XP":"11","XR":"11"},"XW":{"WJ":"11"},"8J":{"7G":"11","8G":"11","6G":"11","6F":"11","7F":"11"},"58":{"2Q":"11","2R":"11","4P":"11","4R":"11","2P":"11","3V":"11","4V":"11","3Q":"11","4Q":"11","3R":"11"},"7F":{"47":"11","44":"11","35":"11","36":"11","46":"11","56":"11","45":"11","54":"11","55":"11"}},"GC":{"RM":{"8M":"11","7M":"11"},"VP":{"MG":"11","PG":"11"},"VQ":{"WG":"11","XG":"11"},"QR":{"WJ":"11","VH":"11","VJ":"11","WG":"11","XF":"11","WH":"11","VM":"11","XH":"11","XG":"11"},"WP":{"3W":"11","3X":"11","22":"11","32":"11","23":"11"},"XJ":{"2Q":"11","2P":"11"},"WM":{"G4":"11","F5":"11","F7":"11","G6":"11","F4":"11","XQ":"11","G5":"11","F6":"11"},"RQ":{"PH":"11","PM":"11","PJ":"11","MM":"11"},"XM":{"2R":"11","J9":"11","R9":"11","H6":"11","JC":"11","2Q":"11","H8":"11","M9":"11","H7":"11","G4":"11","Q9":"11","G5":"11","H5":"11","QC":"11","J8":"11","PC":"11","MC":"11"},"RR":{"2F":"11"},"WJ":{"XQ":"11","XP":"11"},"WR":{"H8":"11","H7":"11","G8":"11","G7":"11"}},"5M":{"5J":{"8W":"11"},"P3":{"82":"11"},"J3":{"HW":"11"}},"FF":{"VV":{"G3":"11","F3":"11","F2":"11"},"RG":{"Q9":"11","MC":"11","JC":"11","Q8":"11","M9":"11","R8":"11","P9":"11","R9":"11"}},"JC":{"46":{"9G":"11","8J":"11","9H":"11","9J":"11","8H":"11"},"77":{"FH":"11","9H":"11","5J":"11","FM":"11","5H":"11","4J":"11","GJ":"11","FJ":"11","4H":"11","CH":"11","9J":"11","CJ":"11"},"CR":{"QF":"11"}},"99":{"68":{"J7":"11","J8":"11"}},"H8":{"22":{"C3":"11","F3":"11"},"23":{"H7":"2","G6":"2","H5":"2","H4":"2","J6":"2","H6":"2","G5":"2","J5":"2","G7":"2"}},"GF":{"VH":{"9R":"11","9Q":"11"},"7J":{"VF":"11","RC":"11","RG":"11","VJ":"11","RF":"11","VC":"11","RJ":"11","VH":"11","RH":"11"},"7R":{"M8":"11","MJ":"11","PJ":"11","JJ":"11","PM":"11","PP":"11","JM":"11","MM":"11","M9":"11","J8":"11","MP":"11"},"X8":{"J9":"11","48":"11","Q4":"11","GJ":"11","FH":"11","GW":"7","FW":"7","57":"11","47":"11","GX":"7","R3":"11","GH":"11","FG":"11","FX":"7","58":"11","GG":"11","R4":"11"},"W9":{"9W":"11","9X":"11","HG":"11","HH":"11","JH":"11","JG":"11","JF":"11","HF":"11"},"VF":{"V6":"11","R5":"11","V8":"11","V7":"11","V9":"11","V5":"11","R6":"11","R7":"11","R8":"11","R9":"11"}},"PW":{"MW":{"PR":"11"}},"H9":{"6X":{"WP":"11","WJ":"11","WM":"11","WG":"11","WH":"11","XP":"11","WF":"11"},"7X":{"64":"11","VQ":"11","VV":"11","73":"11","VW":"11","54":"11","74":"11","63":"11","35":"11","VR":"11","45":"11","44":"11","WV":"11","34":"11","83":"11","WR":"11","53":"11"},"5W":{"VH":"11","WG":"11","WH":"11","VG":"11"},"6W":{"G4":"11","3H":"11","M4":"11","3G":"11","2G":"11","W4":"11"}},"MX":{"83":{"XJ":"11"},"22":{"FW":"11","FV":"11"},"23":{"H2":"11","G2":"11"}},"JJ":{"RV":{"6X":"11","GW":"11","5X":"11"},"RW":{"62":"11","52":"11"}},"JR":{"HW":{"XW":"11","XJ":"11","XX":"11","XQ":"11","XV":"11","XP":"11","XM":"11","XR":"11"},"GH":{"6P":"11"},"5W":{"XC":"11","XF":"11","XG":"11"},"FF":{"RM":"11","RJ":"11"},"HM":{"63":"11","64":"11","68":"11","66":"11","78":"11","54":"11","79":"11","7C":"11","65":"11","53":"11","67":"11"},"F6":{"5J":"11","5H":"11"},"7Q":{"23":"11"},"JW":{"2R":"11","2W":"11","3W":"11","2Q":"11","3P":"11","4R":"11","2P":"11","4P":"11","3R":"11","4V":"11","2X":"11","3Q":"11","2M":"11","3J":"11","2V":"11","3V":"11","4Q":"11","3M":"11","2J":"11"},"HP":{"G9":"11","GC":"11","HQ":"11","G8":"11","HP":"11","FW":"11","GR":"11","CW":"11","GH":"11","GQ":"11","HM":"11","CX":"11","FX":"11"},"HV":{"XW":"11","XX":"11","VC":"11","XV":"11","VF":"11","VG":"11"},"GJ":{"GH":"11","JF":"11","QH":"11","MF":"11","PH":"11","HG":"11","WH":"11","RH":"11","RG":"11","MG":"11","HF":"11","JG":"11","JH":"11","HC":"11","VH":"11","VJ":"11","JC":"11","WJ":"11","HH":"11","MC":"11","MH":"11"},"FC":{"C2":"11","C3":"11","F3":"11","F2":"11"},"JX":{"37":"11","5H":"11","5J":"11","6P":"11","6C":"11","9V":"11","8V":"11","38":"11","47":"11","26":"11","58":"11","6M":"11","9X":"11","25":"11","5P":"11","39":"11","48":"11","28":"11","5M":"11","5C":"11","59":"11","6H":"11","6F":"11","6J":"11","9W":"11","3C":"11","6G":"11","49":"11","69":"11","24":"11","8R":"11","4C":"11","27":"11","5F":"11","4F":"11"},"HQ":{"C4":"11","C3":"11","H4":"11","C2":"11","M4":"11","93":"11","96":"11","M3":"11","H3":"11","G5":"11","H5":"11","C6":"11","95":"11","J4":"11","94":"11"},"6Q":{"X5":"11","W7":"11","X4":"11","W5":"11","X3":"11","W6":"11","W4":"11"},"HX":{"X5":"11","X2":"11","X6":"11","X4":"11","X3":"11"},"F5":{"2M":"11","2X":"11","2P":"11"}},"MW":{"39":{"CC":"11","GJ":"11","FH":"11","GW":"11","CF":"11","FF":"11","GP":"11","HV":"11","FC":"11","GX":"11","GV":"11","GM":"11","GH":"11","GQ":"11","HW":"11","C9":"11","FG":"11"},"3C":{"H4":"11","H6":"11","G2":"11","H7":"11","G4":"11","G6":"11","G5":"11","G3":"11","H5":"11"},"Q2":{"58":"11"},"P6":{"PM":"11","XH":"11"}},"GH":{"VX":{"PX":"11","PW":"11"},"7G":{"FP":"3","9Q":"3","CQ":"3","FM":"3","9P":"3","9M":"3","8Q":"3","CM":"3","CP":"3"},"WF":{"48":"3","57":"3","47":"3","49":"3","59":"3","58":"3"}},"GJ":{"C3":{"PH":"3","QH":"3","QJ":"3","QM":"3","PJ":"3"},"R8":{"X5":"11","X7":"11","W7":"11","X6":"11","W5":"11","W6":"11"},"PW":{"V6":"11"},"V2":{"48":"11","39":"11","49":"11","38":"11"},"G8":{"8Q":"11","8P":"11"},"RX":{"5J":"11","5H":"11","6J":"11","6H":"11","4J":"11","4M":"11","5M":"11"},"Q6":{"M9":"11","M8":"11"},"V8":{"36":"11","27":"11","25":"11","26":"11"},"GQ":{"98":"11"},"QC":{"G3":"11","F3":"11","F2":"11","G2":"11"},"PC":{"GW":"11","FW":"11","GV":"11","FV":"11"}},"HG":{"J2":{"CR":"11","2R":"11","CQ":"11","58":"3","44":"11","GX":"11","8R":"11","62":"3","FW":"3|11","CW":"3|11","64":"11","2P":"11","5C":"3","32":"11","FR":"11","73":"3","2X":"11","59":"3","7G":"3|11","56":"3|11","7F":"3|11","8W":"11","55":"11","8H":"11","49":"3","33":"11","67":"3|11","FP":"11","9M":"11","CM":"11","9P":"11","4F":"3","2Q":"11","8M":"11","8X":"11","48":"3","9W":"11","54":"11","6G":"3","9R":"11","3R":"11","6C":"3|11","8J":"11","9X":"11","6X":"11","43":"11","7X":"11","CP":"11","52":"3","FX":"3|11","57":"3","66":"3|11","63":"3|11","65":"11","7M":"11","47":"3","2V":"11","7W":"11","5F":"3","34":"11","24":"11","FV":"3","72":"3","CV":"3|11","6F":"3|11","8Q":"3","53":"3","FQ":"11","9Q":"11|3","9J":"11","74":"11","9V":"11","8V":"11","69":"3|11","7H":"11","8P":"3|11","2W":"11","6H":"3","68":"3|11","3Q":"11","4C":"3","GP":"11"},"J3":{"72":"11","62":"11","F2":"11"},"H4":{"66":"11","55":"11","46":"11","H2":"11","J2":"11","47":"11","37":"11","36":"11","56":"11"},"H2":{"XW":"11","XX":"11","MJ":"3","PJ":"3","G9":"11","J9":"11","PG":"3","PH":"3","HC":"11","JC":"11","JF":"11","GC":"11","XQ":"11","XR":"11","G8":"11","F8":"11","HF":"11","FC":"11","MM":"3","XV":"11","F9":"11","H9":"11","MH":"3","MF":"11"},"H3":{"CC":"11","JP":"3","PR":"3","MX":"11","VF":"3","W9":"11","R8":"3|11","PV":"3","R9":"3","JQ":"3","HC":"11","PW":"3","GC":"11","RG":"3","H8":"11","R6":"11","JR":"3","RF":"3","V6":"11","MQ":"3","R7":"3|11","CF":"11","VG":"3","JX":"11","HP":"3","MR":"3","MW":"3","F8":"11","W8":"11","GF":"11","W4":"11","V8":"3","F7":"11","W6":"11","V9":"3","W7":"11","H7":"11","MV":"3","F9":"11","V5":"11","CG":"11","H9":"11","VH":"3","V7":"3|11","W5":"11","C9":"11","RH":"3","FG":"11","F6":"11","MP":"3","GG":"11","G7":"11","X4":"11","X5":"11"},"G2":{"G9":"3","HC":"3","GC":"3","MG":"11","H8":"3","G8":"3|11","JH":"11","F8":"3|11","F7":"11","H9":"3","JG":"11","F6":"11","G7":"11"},"M2":{"V4":"11","X7":"11","R4":"11","Q5":"11","X4":"11","V5":"11","R8":"11","Q8":"11","Q7":"11","X6":"11","W6":"11","P8":"11","V8":"11","W3":"11","R6":"11","R5":"11","P9":"11","Q6":"11","W5":"11","W4":"11","P7":"11","X5":"11","Q9":"11","R7":"11","V6":"11","R9":"11","V7":"11","W7":"11"}},"2W":{"48":{"MJ":"11","G9":"11","GC":"11","JJ":"11","GJ":"11","MQ":"11","FH":"11","F8":"11","GF":"11","FC":"11","MM":"11","F9":"11","GH":"11","FJ":"11"},"C2":{"VR":"11"},"49":{"JR":"11","9H":"11","JV":"11","CM":"11","CQ":"11","9Q":"11","HR":"11","9J":"11","PX":"11","PW":"11","CJ":"11","CR":"11","CP":"11","MR":"11"},"4C":{"J8":"11","M7":"11","M8":"11","GC":"11","P6":"11","7J":"11","J7":"11","P2":"11","6P":"11","C9":"11","P3":"11","5Q":"11","Q4":"11","CC":"11","7M":"11","5P":"11","M6":"11","P5":"11","9C":"11","Q3":"11","G9":"11","7H":"11","P4":"11","H9":"11","F9":"11","6Q":"11","4P":"11"}},"3Q":{"M5":{"CQ":"11"}},"FC":{"JP":{"6X":"11","5X":"11","5W":"11","6W":"11"},"W9":{"HR":"11","JQ":"11","JR":"11","HQ":"11","MQ":"11","MR":"11","GR":"11","GQ":"11"},"R9":{"GR":"11"},"JQ":{"63":"11","62":"11","52":"11"},"JF":{"MX":"3"},"MG":{"34":"3"},"HQ":{"PF":"11","Q7":"11","P8":"11","P9":"11","Q8":"11","Q9":"11","PC":"11"},"RX":{"XW":"11","XX":"11","XV":"11"},"MF":{"6R":"11","7V":"11","7R":"11","6V":"11"},"QC":{"66":"11","56":"11","55":"11","65":"11"},"VX":{"2W":"11","2X":"11","3W":"11","3X":"11"},"JG":{"M2":"3"}},"G9":{"QH":{"C4":"11","C3":"11","73":"11","FM":"11","93":"11","82":"11","72":"11","GX":"11","CJ":"11","8X":"11","CM":"11","83":"11","FX":"11","FJ":"11","94":"11"},"Q3":{"5C":"11","62":"11","3F":"11","2F":"11","4C":"11","2W":"11","59":"11","2G":"11","73":"11","2X":"11","49":"11","74":"11","63":"11","52":"11","72":"11","2V":"11","84":"11","83":"11","3C":"11","4F":"11"},"QJ":{"QH":"11","QJ":"11","G2":"11","F5":"11","CF":"11","QP":"11","FF":"11","HV":"11","82":"11","QM":"11","FC":"11","F3":"11","G4":"11","F9":"11","JV":"11","G5":"11","G3":"11","F2":"11","F4":"11"},"P4":{"MH":"11","PQ":"11","PH":"11","JJ":"11","MJ":"11"},"Q4":{"2H":"11","3H":"11"},"JJ":{"55":"11"},"4R":{"M5":"11","M3":"11","J3":"11","M4":"11","J4":"11","J5":"11"},"P8":{"GF":"11"},"Q2":{"6X":"11","7W":"11","7V":"11","7R":"11"},"H9":{"2M":"11","3M":"11"},"86":{"MP":"11"},"P5":{"5C":"11","5F":"11"},"P3":{"XX":"11","WH":"11","XQ":"11","WG":"11","VG":"11","XH":"11","WQ":"11","XV":"11","XG":"11","XP":"11","VH":"11","XF":"11"}}}}