{"index":{"university,1|retail,2|tourism,3|wreck,4|historical,5|artsCulture,6|namedBuilding,7|water,8|wetland,9|park,10|beach,11|natureReserve,12|cemetery,13|trail,14":{}},"8P":{"X8":{"C2":{"X5":"11","V7":"11","X6":"11"},"F2":{"36":"11","27":"11","25":"11","26":"11"}},"CR":{"VV":{"8M":"11","5H":"11","5J":"11","6V":"11","7P":"11","4R":"11","7G":"11","7J":"11","6P":"11","8P":"11","8V":"11","5G":"11","7Q":"11","5Q":"11","7R":"11","4H":"11","7V":"11","6M":"11","7M":"11","5P":"11","8Q":"11","5M":"11","8J":"11","4Q":"11","8H":"11","5R":"11","6H":"11","4M":"11","8G":"11","6J":"11","4G":"11","7H":"11","4V":"11","6G":"11","4J":"11","6Q":"11","4P":"11","5V":"11","8R":"11","6R":"11"}},"85":{"FJ":{"4H":"11"}},"44":{"4V":{"34":"11","44":"11","35":"11","46":"11","45":"11","55":"11"}},"GX":{"2W":{"C4":"11","C5":"11","F5":"11","27":"11","28":"11","G6":"11","G5":"11","H5":"11","95":"11","F6":"11","94":"11"},"3X":{"9W":"11","CX":"11","CW":"11","CV":"11","9V":"11"}},"GQ":{"WC":{"MJ":"11","6W":"11","PJ":"11","6V":"11","QJ":"11","X9":"11","5W":"11","PM":"11","QM":"11","MM":"11","4W":"11","6X":"11","5X":"11","4X":"11"},"FX":{"F9":"11","G8":"11","FC":"11","G9":"11","F8":"11","GC":"11"},"2Q":{"2H":"11","2G":"11"},"X9":{"6V":"11"},"WF":{"42":"11","52":"11"},"HF":{"49":"11"}},"7Q":{"5G":{"JQ":"11","HQ":"11","HJ":"11","GJ":"11","HP":"11","GP":"11","GM":"11","GH":"11","HM":"11","HH":"11"},"R3":{"44":"11","45":"11","54":"11","55":"11","43":"11","53":"11"},"8G":{"5R":"11","6R":"11","7V":"11","7R":"11","6V":"11","5V":"11"},"M2":{"MC":"11","J8":"11","JC":"11","J9":"11","M9":"11","M8":"11"}},"FW":{"4R":{"2W":"11","2X":"11","3X":"11","6V":"11","5V":"11"},"5X":{"GH":"11","FH":"11","34":"11","33":"11","GJ":"11","22":"11","23":"11"},"5W":{"C4":"11","C3":"11","G9":"11","C5":"11","GC":"11","G8":"11","C2":"11","F5":"11","92":"11","F8":"11","F7":"11","F6":"11","G7":"11","F4":"11"},"4V":{"C8":"11","23":"11","66":"11","87":"11","88":"11","33":"11","32":"11","77":"11","65":"11","97":"11","55":"11","F8":"11","54":"11","F7":"11","43":"11","76":"11","C7":"11","45":"11","86":"11","22":"11","44":"11","56":"11","34":"11","98":"11"},"3F":{"39":"11","3C":"11","2C":"11","29":"11"},"5V":{"9X":"11","CX":"11"},"3R":{"XW":"11","XX":"11","XQ":"11","XR":"11","WP":"11","WQ":"11","XV":"11","XP":"11","WR":"11"}},"CW":{"WG":{"93":"11","84":"11","83":"11","95":"11","94":"11","C2":"11","92":"11"},"3X":{"R3":"11","Q3":"11","V3":"11"},"WF":{"9X":"11","CX":"11","MM":"11"}},"2P":{"2R":{"V4":"11","W2":"11","W3":"11","V2":"11","V3":"11","W4":"11"},"6F":{"V4":"11","W3":"11","R4":"11","V3":"11"},"H6":{"8W":"11","FQ":"11","CV":"11","CQ":"11","CR":"11","9W":"11","9X":"11","8X":"11","8V":"11","9V":"11","CP":"11"},"H8":{"X5":"11","R3":"11","W3":"11","V2":"11","Q2":"11","X4":"11","X3":"11","R2":"11","V3":"11","W4":"11"},"FF":{"XW":"2","XX":"2","WW":"2","WX":"2"},"GF":{"2W":"2","2X":"2","3W":"2","3X":"2"},"F3":{"WC":"11","VH":"11","VJ":"11","VC":"11"},"H7":{"8M":"11","FR":"11","9M":"11","7P":"11","78":"11","7G":"11","7C":"11","8P":"11","83":"11","GV":"11","75":"11","QX":"11","82":"11","77":"11","JW":"11","PX":"11","9J":"11","6M":"11","7M":"11","87":"11","74":"11","86":"11","GR":"11","MW":"11","7F":"11","8J":"11","8H":"11","CQ":"11","76":"11","9Q":"11","JV":"11","HV":"11","9P":"11","6F":"11","8G":"11","FQ":"11","7H":"11","9H":"11","PW":"11","MX":"11","85":"11","84":"11","79":"11"},"H9":{"9P":"11","CQ":"11","9Q":"11","CP":"11"},"J8":{"66":"11","46":"11","35":"11","57":"11","47":"11","25":"11","24":"11","45":"11","36":"11","56":"11"},"FG":{"X5":"2","X7":"2","W2":"2","X2":"2","W3":"2","X6":"2","X8":"2","X4":"2","W5":"2","X3":"2","W4":"2"},"GG":{"37":"2","32":"2","38":"2","36":"2","26":"2","34":"2","22":"2","25":"2","39":"2","2C":"2","23":"2","35":"2","28":"2","33":"2","29":"2","3C":"2","24":"2","27":"2"}},"5W":{"X5":{"R3":"11","P2":"11","W2":"11","W3":"11","V2":"11","Q2":"11","R2":"11","V3":"11"},"X6":{"CM":"11","CQ":"11","CP":"11"},"X4":{"QW":"11","RX":"11","XR":"11","VW":"11","RR":"11","WQ":"11","QX":"11","PX":"11","WW":"11","VR":"11","XQ":"11","WR":"11","WV":"11","VQ":"11","XW":"11","XX":"11","RW":"11","RV":"11","VV":"11","VX":"11","XV":"11","WX":"11"}},"3V":{"JC":{"9X":"11","FX":"11","CX":"11","GX":"11"},"R6":{"69":"11","6F":"11","6C":"11"},"MW":{"48":"11","69":"11","68":"11","49":"11","59":"11","58":"11"},"P7":{"HQ":"11","JR":"11","JQ":"11"},"P8":{"33":"11","43":"11","32":"11"},"JF":{"63":"11","83":"11","C2":"11","73":"11","92":"11","43":"11","53":"11","82":"11"}},"6W":{"27":{"X7":"11","W7":"11","W6":"11"},"29":{"P2":"11","M2":"11"},"28":{"MX":"11","PX":"11"},"37":{"CF":"11","69":"11","68":"11","8C":"11","CC":"11","78":"11","9C":"11","79":"11","89":"11","7C":"11","58":"11","9F":"11"},"24":{"2Q":"11","2R":"11","2V":"11","3Q":"11"},"R3":{"X5":"11","X6":"11","W5":"11","W6":"11"},"XC":{"R5":"11","V3":"11"},"X4":{"Q7":"11","QG":"11"}},"FR":{"WF":{"WG":"11","WH":"11"},"PH":{"5C":"11","49":"11","4C":"11","59":"11"},"Q7":{"JR":"11","MR":"11"},"XJ":{"62":"11","64":"11","65":"11","73":"11","75":"11","74":"11","63":"11","72":"11","85":"11","84":"11"},"XH":{"6W":"11","5C":"11","6F":"11","5G":"11","59":"11","5F":"11","7G":"11","6H":"11","7C":"11","7X":"11","7W":"11","7F":"11","69":"11","6X":"11","5H":"11","6G":"11","79":"11","6C":"11"},"X6":{"PQ":"11","MQ":"11","JJ":"11","PM":"11","JM":"11","PP":"11","JP":"11","MP":"11","MM":"11","MJ":"11"},"M6":{"6Q":"11","5R":"11","4R":"11","6R":"11","4Q":"11","5Q":"11"},"VM":{"F5":"11","F4":"11"}},"5P":{"H2":{"JM":"11","JQ":"11","JP":"11"},"H3":{"Q6":"11","R6":"11","P6":"11"}},"CF":{"8P":{"H8":"11","G8":"11","F9":"11","G9":"11","C9":"11","H9":"11"}},"2X":{"FH":{"9Q":"11"},"2X":{"WG":"11","WF":"11"},"HV":{"5C":"11","6F":"11","4C":"11","59":"11","78":"11","5F":"11","88":"11","7C":"11","49":"11","7F":"11","69":"11","68":"11","89":"11","39":"11","79":"11","8C":"11","3C":"11","4F":"11","6C":"11"},"P8":{"53":"11"},"Q9":{"FM":"11","FJ":"11","CP":"11","FP":"11"},"CJ":{"XR":"11"},"MC":{"X9":"11"}},"59":{"32":{"28":"11","27":"11"}},"6M":{"F2":{"9W":"11","8W":"11","7W":"11","7X":"11","8X":"11","7V":"11"}},"V9":{"QJ":{"HX":"11","FX":"11","CX":"11","GX":"11"},"VC":{"23":"11"},"QM":{"G4":"11","G3":"11","C2":"11","C3":"11","F4":"11","H2":"11","F3":"11","F2":"11","G2":"11"},"XH":{"VV":"11"},"W4":{"FV":"11"}},"36":{"GV":{"X7":"11","X8":"11"},"HV":{"27":"11"},"JF":{"C7":"11","C6":"11","F5":"11","F7":"11","C5":"11","F8":"11","F6":"11"}},"8W":{"MF":{"3W":"11","5V":"11","PH":"11","4R":"11","4V":"11","5W":"11","4W":"11","5R":"11","3V":"11"},"H3":{"MG":"11"},"JF":{"XC":"11","WC":"11","X9":"11","XF":"11","W9":"11","WF":"11"}},"4J":{"34":{"8F":"11"},"24":{"P2":"11"},"25":{"RM":"11","VF":"11","W9":"11","WF":"11","VP":"11","WH":"11","VJ":"11","RP":"11","WG":"11","VG":"11","RJ":"11","W8":"11","WM":"11","VH":"11","WC":"11","VM":"11","WJ":"11"},"XH":{"Q4":"11","Q2":"11","Q3":"11"},"23":{"PX":"11","PW":"11"}},"7P":{"QW":{"HX":"11","GR":"2","HQ":"2","HW":"11","GV":"2","HR":"2","GQ":"2","FV":"2","HV":"2"},"QX":{"7W":"11","7X":"11"},"P7":{"88":"11","C7":"11","87":"11","C8":"11","98":"11","97":"11"}},"6P":{"V2":{"CC":"11","FP":"11","HJ":"11","GJ":"11","FH":"11","CF":"11","FF":"11","GP":"11","FM":"11","GF":"11","FC":"11","F9":"11","CG":"11","CJ":"11","GM":"11","GH":"11","HM":"11","C9":"11","HH":"11","FG":"11","CH":"11","GG":"11","FJ":"11"},"R7":{"7C":"11","6F":"11","7F":"11","6C":"11"}},"86":{"PM":{"H7":"11"}},"3X":{"WX":{"44":"11","45":"11"},"7C":{"PQ":"11","MQ":"11","PP":"11","MP":"11"},"QX":{"H8":"11","HC":"11","GC":"11","H9":"11"},"GW":{"X5":"11","X6":"11","W5":"11","W6":"11"},"RX":{"HX":"11","GX":"11"},"RV":{"3W":"11","2V":"11","3V":"11"},"HW":{"25":"11","26":"11"},"79":{"QX":"11"},"99":{"7X":"11"}},"4X":{"33":{"34":"11","35":"11","33":"11","24":"11","25":"11","22":"11","32":"11","23":"11"},"54":{"W8":"11"},"22":{"XW":"11","XV":"11"},"32":{"8H":"11"}},"4Q":{"2H":{"CC":"3","9C":"3"},"4J":{"GR":"11"}},"2H":{"8M":{"M5":"11","M3":"11","P3":"11","P5":"11","M4":"11","P7":"11","P6":"11","P4":"11"},"9P":{"X2":"11","X3":"11"},"9G":{"39":"11","28":"11","27":"11","38":"11","29":"11"},"J8":{"RJ":"11","MP":"11","WC":"11","PM":"11","WH":"11","WF":"11","XH":"11","W9":"11","RH":"11","VG":"11","VF":"11","QM":"11","PQ":"11","XG":"11","X9":"11","X8":"11","PP":"11","VH":"11","VJ":"11","QP":"11","WJ":"11","MQ":"11","RM":"11","QJ":"11","VM":"11"},"9M":{"XW":"11","XX":"11","XQ":"11","XV":"11","XP":"11","XM":"11","XR":"11"},"8G":{"V6":"11","X7":"11","W7":"11","X8":"11","W8":"11","W6":"11"},"CM":{"2W":"11","2Q":"11","2M":"11","2X":"11","2R":"11","3W":"11","3X":"11","2V":"11","2P":"11"},"CV":{"F5":"11","C2":"11","C3":"11","F4":"11","F3":"11","F2":"11"},"7H":{"85":"11","7C":"11","8G":"11","87":"11","78":"11","7G":"11","7F":"11","8H":"11","86":"11","75":"11","88":"11","67":"11","89":"11","8C":"11","9M":"11","9P":"11","8M":"11","6G":"11","6C":"11","8J":"11","66":"11","8F":"11","7J":"11","7M":"11","6F":"11","8Q":"11","9Q":"11","76":"11","69":"11","7H":"11","8P":"11","6H":"11","77":"11","68":"11","79":"11"},"M8":{"37":"11","78":"11","68":"11","66":"11","96":"11","83":"11","75":"11","38":"11","67":"11","36":"11","47":"11","77":"11","58":"11","87":"11","74":"11","73":"11","48":"11","86":"11","28":"11","57":"11","65":"11","5C":"11","59":"11","46":"11","2G":"11","64":"11","76":"11","3C":"11","55":"11","49":"11","69":"11","85":"11","4C":"11","84":"11","27":"11","94":"11","95":"11","2F":"11","4F":"11","56":"11","3F":"11"},"CR":{"FR":"11","9G":"11","9M":"11","CM":"11","FV":"11","FW":"11","CH":"11","CR":"11","CV":"11","9J":"11","CP":"11","FM":"11","CX":"11","FX":"11","8J":"11","9C":"11","CW":"11","8H":"11","9F":"11","CQ":"11","9Q":"11","8C":"11","FP":"11","9P":"11","89":"11","8G":"11","FQ":"11","9H":"11","FJ":"11","8F":"11","CJ":"11","CG":"11"},"CP":{"48":"11","57":"11","34":"11","47":"11","44":"11","35":"11","33":"11","24":"11","36":"11","46":"11","45":"11","22":"11","32":"11","58":"11","23":"11"}},"27":{"J6":{"2V":"11"},"H6":{"XW":"11","XV":"11"}},"7V":{"24":{"RW":"11","QX":"11","RX":"11","VW":"11","QW":"11","QV":"11","RV":"11","VX":"11"},"25":{"Q2":"11"},"VQ":{"VW":"11","VV":"11","WR":"11","WV":"11","XV":"11","WW":"11","XR":"11"}},"GV":{"J8":{"XW":"11","WV":"11","WQ":"11","XV":"11","WW":"11"},"6Q":{"57":"2","44":"2","69":"2","68":"2","45":"2","54":"2","55":"2","58":"2","67":"2"},"JC":{"XR":"11"}},"C2":{"XC":{"7G":"11","8M":"11","7M":"11","5G":"11","7P":"11","5J":"11","5H":"11","6J":"11","6H":"11","6P":"11","6G":"11","7J":"11","6M":"11","5M":"11","5P":"11","7H":"11","6F":"11","8P":"11"},"WF":{"RG":"11","RH":"11","QH":"11","QJ":"11","RJ":"11"}},"HX":{"2M":{"XC":"11","WC":"11","X9":"11","XF":"11","W9":"11"},"3M":{"2C":"11","2F":"11","2G":"11"}},"75":{"J6":{"FH":"11","CG":"11","CH":"11","FG":"11"},"WQ":{"3V":"11","4V":"11","3R":"11"},"F6":{"WJ":"3"}},"HQ":{"7W":{"JJ":"11"}},"9P":{"2F":{"HH":"11","HM":"11","HJ":"11"}},"8X":{"P5":{"9G":"11"}},"9W":{"FW":{"CG":"11"}},"54":{"FF":{"J9":"11","M9":"11","M8":"11","P9":"11","P8":"11"}},"3R":{"PX":{"JV":"11","MV":"11","MW":"11","JW":"11"}},"4V":{"5V":{"34":"11"}},"3M":{"83":{"V8":"11","V7":"11","R7":"11","R8":"11"},"4X":{"4F":"11"}},"4W":{"4J":{"MX":"11","HR":"11","PV":"11","HX":"11","PW":"11","JR":"11","QX":"11","GW":"11","JW":"11","JX":"11","GR":"11","HV":"11","MW":"11","MV":"11","GX":"11","GV":"11","JV":"11","PX":"11","HW":"11","FX":"11"},"4M":{"F5":"11","Q3":"11","G3":"11","H4":"11","C7":"11","Q6":"11","P3":"11","J5":"11","F4":"11","P5":"11","G6":"11","C6":"11","H7":"11","M3":"11","G4":"11","Q2":"11","J2":"11","M2":"11","F3":"11","M6":"11","C2":"11","G8":"11","H3":"11","J6":"11","F7":"11","F6":"11","F2":"11","P2":"11","J3":"11","G2":"11","Q4":"11","F9":"11","M7":"11","C4":"11","H2":"11","H6":"11","P6":"11","Q5":"11","H5":"11","J4":"11","M4":"11","C8":"11","CC":"11","F8":"11","J7":"11","G7":"11","GC":"11","C9":"11","C3":"11","H8":"11","C5":"11","G5":"11","M5":"11","P4":"11","FC":"11","J8":"11","G9":"11"},"55":{"RF":"11","QC":"11","RC":"11","M9":"3","VC":"11","VF":"11","R9":"11"},"75":{"M3":"3"}},"V5":{"7W":{"PM":"11","PP":"11","PJ":"11","MJ":"11","MM":"11"}},"3W":{"MC":{"J8":"11","M8":"11","M7":"11","P6":"11","J7":"11","R8":"11","96":"11","Q8":"11","54":"11","H7":"11","Q7":"11","F6":"11","P8":"11","W9":"11","M6":"11","V8":"11","C6":"11","64":"11","P7":"11","G7":"11","63":"11","V9":"11","H5":"11","Q9":"11","R7":"11","72":"11","R9":"11","F7":"11","53":"11","J6":"11","95":"11","G6":"11","62":"11","H6":"11","J5":"11"},"V8":{"96":"11","87":"11","86":"11","98":"11","97":"11"},"5J":{"P2":"11","V3":"11","Q3":"11","H4":"11","P4":"11","M2":"11","Q4":"11","V2":"11","G2":"11","F5":"11","M4":"11","R2":"11","J3":"11","X2":"11","F3":"11","H2":"11","Q2":"11","G4":"11","J2":"11","H3":"11","M3":"11","R3":"11","G5":"11","G3":"11","P3":"11","F2":"11","F4":"11","W2":"11"},"5H":{"QW":"11","RX":"11","VW":"11","GX":"11","QX":"11","PX":"11","WW":"11","MW":"11","FX":"11","WV":"11","XW":"11","XX":"11","RW":"11","JX":"11","PW":"11","VX":"11","MX":"11","HX":"11","XV":"11","WX":"11"},"WQ":{"MR":"11"}},"6X":{"Q9":{"57":"11","68":"11","59":"11","58":"11","67":"11"},"J7":{"WV":"11"},"QF":{"93":"11","83":"11","C2":"11","7C":"11","92":"11","6F":"11","7F":"11","82":"11","6C":"11"},"P2":{"G6":"2","H5":"2","H6":"2","G5":"2"},"Q8":{"7M":"11","6J":"11","7J":"11","6M":"11","7H":"11"}},"GR":{"9M":{"R8":"11","X7":"11","X8":"11","VJ":"11","V6":"11","R7":"11","VG":"11","X6":"11","W8":"11","V8":"11","W6":"11","W7":"11","V5":"11","VH":"11","V7":"11","W5":"11","X4":"11","X5":"11"},"CM":{"XW":"11","28":"11","24":"11","27":"11","25":"11","26":"11"},"GH":{"MC":"11","MG":"11","JC":"11","MF":"11","JF":"11"},"6C":{"VR":"11","RQ":"11","RR":"11","VQ":"11"},"67":{"Q7":"11","P7":"11"},"9J":{"CC":"11","G9":"11","8F":"11","66":"11","9F":"11","7G":"11","65":"11","9C":"11","G8":"11","55":"11","7C":"11","CF":"11","8H":"11","F8":"11","8G":"11","57":"11","7F":"11","F9":"11","89":"11","C9":"11","67":"11","79":"11","56":"11","8C":"11","99":"11"},"25":{"8C":"11"},"FM":{"2W":"11","2R":"11","2V":"11"},"2C":{"VP":"11","WP":"11","VR":"11","WR":"11","WQ":"11","VQ":"11"},"XF":{"6J":"11","6H":"11","3Q":"11","3P":"11"},"GR":{"M5":"11","M4":"11","J5":"11"},"5M":{"93":"11","95":"11","94":"11","C3":"11","C5":"11","C4":"11"},"29":{"VR":"11","WR":"11","VQ":"11"},"H3":{"Q9":"11","Q8":"11","P9":"11","P8":"11"},"CJ":{"7R":"11","8R":"11","9Q":"11","6R":"11","7Q":"11","9P":"11","6Q":"11","7V":"11","8Q":"11","8V":"11","5P":"11","5M":"11","6M":"11","6P":"11"},"HH":{"VH":"11","VG":"11"}},"6R":{"6W":{"69":"11","79":"11"}},"RM":{"P8":{"57":"11","64":"11","68":"11","46":"11","77":"11","66":"11","56":"11","45":"11","54":"11","76":"11","55":"11","65":"11","67":"11"}},"VC":{"JC":{"42":"11"},"J9":{"4X":"11"}},"7X":{"FH":{"9X":"11","2H":"11","3H":"11","7X":"11","4H":"11","8X":"11","3G":"11","2G":"11"},"9H":{"J7":"11","J8":"11","Q6":"11","H8":"11","M6":"11","R7":"11","R6":"11","Q7":"11","M7":"11","P7":"11","P6":"11","H9":"11"},"69":{"5R":"11","4R":"11","6R":"11","3Q":"11","4Q":"11"},"FJ":{"C2":"11","C3":"11","F4":"11","F3":"11","92":"11"},"CH":{"F8":"11","G8":"11","66":"11","RF":"11","J9":"11","36":"11","77":"11","26":"11","WF":"11","87":"11","25":"11","VF":"11","VG":"11","35":"11","PF":"11","C8":"11","46":"11","RG":"11","C7":"11","PC":"11","XG":"11","76":"11","QF":"11","G9":"11","QG":"11","H9":"11","WG":"11","98":"11","45":"11","JC":"11","97":"11","MC":"11","56":"11"},"MW":{"R5":"11","C3":"11","H4":"11","P6":"11","X7":"11","X8":"11","M5":"11","R6":"11","V6":"11","73":"11","R7":"11","X9":"11","M4":"11","Q5":"11","Q6":"11","93":"11","54":"11","W8":"11","63":"11","W6":"11","F3":"11","W7":"11","J5":"11","G4":"11","H3":"11","G3":"11","P5":"11","V7":"11","83":"11","F4":"11","J4":"11","53":"11"},"PW":{"28":"11","29":"11"},"F6":{"FQ":"11","CR":"11","FR":"11","FP":"11"}},"CP":{"H2":{"P6":"11","P4":"11","M5":"11","M4":"11","M6":"11","J3":"11","J5":"11","M3":"11","P5":"11","P3":"11","J4":"11"}},"FX":{"XW":{"X7":"11","X6":"11"},"M8":{"23":"11","38":"11","48":"11","59":"11","42":"11","33":"11","32":"11","55":"11","27":"11","49":"11","28":"11","46":"11","54":"11","43":"11","26":"11","WM":"11","35":"11","57":"11","47":"11","37":"11","25":"11","24":"11","45":"11","XP":"11","XM":"11","44":"11","39":"11","36":"11","22":"11","56":"11","34":"11","VM":"11","58":"11"},"RC":{"2W":"11","2R":"11","3W":"11","3X":"11","2V":"11","4X":"11"},"XQ":{"8W":"11","8V":"11","FX":"11","FW":"11","CW":"11","CV":"11","7V":"11","7R":"11","GX":"11","8R":"11","9V":"11"},"WH":{"48":"11","46":"11","35":"11","47":"11","45":"11","36":"11","34":"11"},"RG":{"87":"11","78":"11","77":"11","7C":"11","82":"11","75":"11","74":"11","76":"11","85":"11","84":"11","79":"11","83":"11"},"RF":{"7P":"11","78":"11","7G":"11","7C":"11","7J":"11","68":"11","66":"11","6P":"11","54":"11","32":"11","67":"11","7Q":"11","7W":"11","77":"11","7R":"11","7V":"11","6M":"11","7M":"11","43":"11","65":"11","7F":"11","8X":"11","6H":"11","8G":"11","6J":"11","7H":"11","55":"11","42":"11","6Q":"11","8F":"11","8W":"11","53":"11","79":"11"},"XR":{"H2":"11","H3":"11","G2":"11"},"P8":{"7R":"11","5Q":"11","8R":"11","3P":"11","2P":"11","CV":"11","4P":"11","6R":"11","2M":"11","7Q":"11","9R":"11","6Q":"11","8V":"11","4Q":"11","9V":"11"},"M7":{"3W":"11","4W":"11","3X":"11","4X":"11"},"QC":{"QJ":"11","MF":"11","WP":"11","MH":"11","VR":"11","PQ":"11","M8":"11","XW":"11","QQ":"11","QF":"11","PF":"11","XP":"11","VM":"11","PJ":"11","HH":"11","WJ":"11","JG":"11","RF":"11","XV":"11","RQ":"11","GG":"11","MG":"11","JM":"11","PH":"11","WQ":"11","VG":"11","PC":"11","HC":"11","VJ":"11","RR":"11","P9":"11","MM":"11","VP":"11","QG":"11","PM":"11","VQ":"11","VH":"11","HF":"11","RH":"11","JF":"11","F9":"11","PG":"11","JH":"11","RM":"11","RC":"11","QM":"11","PP":"11","QP":"11","M9":"11","XR":"11","QH":"11","QC":"11","RP":"11","RJ":"11","MP":"11","WM":"11","WR":"11","MJ":"11","XQ":"11","GC":"11","JC":"11","H8":"11","GF":"11","H9":"11","VV":"11","JJ":"11","J9":"11","MC":"11","WV":"11","HG":"11","FC":"11","J8":"11","RG":"11","G9":"11"},"J8":{"V4":"11","X7":"11","R4":"11","P6":"11","Q5":"11","X4":"11","V5":"11","M5":"11","W2":"11","X6":"11","W6":"11","Q4":"11","J4":"11","X3":"11","Q2":"11","W3":"11","R6":"11","P5":"11","R5":"11","V2":"11","G4":"11","Q6":"11","W5":"11","R2":"11","W4":"11","Q3":"11","X5":"11","R3":"11","H4":"11","X8":"11","R7":"11","V6":"11","X2":"11","V7":"11","V3":"11","W7":"11","J5":"11"},"J7":{"VX":"11","RX":"11","QX":"11"},"WJ":{"8F":"11","69":"11","68":"11","8C":"11","79":"11","89":"11","7C":"11","9F":"11"}},"29":{"C7":{"7F":"11"}},"V8":{"QV":{"H2":"11","H3":"11"},"QR":{"GW":"11","FX":"11","FW":"11","GV":"11","GX":"11","FV":"11"}},"6J":{"GJ":{"76":"11","75":"11"},"X8":{"5R":"11","4R":"11","4W":"11","5W":"11","4V":"11","5V":"11"}},"X6":{"33":{"5C":"11","69":"11","5F":"11","6F":"11","59":"11","6C":"11"}},"2V":{"JV":{"G3":"11","F3":"11","F2":"11"}},"3P":{"R3":{"93":"11","94":"11","C3":"11","C4":"11"}},"7W":{"5C":{"MX":"11","PQ":"11","MQ":"11","JR":"11","JV":"11","MV":"11","PV":"11","MW":"11","PR":"11","JW":"11","MR":"11"},"8F":{"78":"11","C9":"11","83":"11","96":"11","99":"11","75":"11","77":"11","87":"11","74":"11","73":"11","86":"11","C6":"11","C8":"11","C7":"11","88":"11","76":"11","89":"11","98":"11","72":"11","85":"11","97":"11","84":"11","94":"11","95":"11","79":"11"},"78":{"5J":"11","4J":"11"},"49":{"5G":"11","39":"11","3C":"11","5F":"11","6G":"11","4C":"11","2C":"11","4F":"11","6F":"11","29":"11","3F":"11"},"HF":{"8F":"11","9F":"11","8J":"11","7G":"11","9H":"11","8H":"11","8G":"11","7H":"11","9G":"11","7F":"11","7J":"11","9J":"11"},"F9":{"JJ":"11","JM":"11","PJ":"11","MM":"11","MJ":"11"},"39":{"Q9":"11","J7":"11","XC":"11","J8":"11","H8":"11","H7":"11","V9":"11","Q8":"11","M9":"11","H6":"11","W9":"11","R8":"11","M8":"11","P9":"11","R9":"11","P8":"11"}},"34":{"GX":{"FW":"11","CV":"11","FV":"11","CR":"11"}},"3C":{"27":{"3J":"11","2M":"11","2J":"11"}},"FV":{"2R":{"5C":"11","39":"11","3C":"11","69":"11","49":"11","4C":"11","2C":"11","7C":"11","2F":"11","6F":"11","59":"11","7F":"11","6C":"11"}},"CV":{"XR":{"XC":"11","WC":"11","XF":"11","WF":"11"}},"26":{"C6":{"5C":"11","49":"11","59":"11"},"H4":{"HV":"11"},"F8":{"HP":"11"}},"5M":{"HX":{"M9":"11","PC":"11","P9":"11","P8":"11"},"JX":{"33":"11","22":"11","32":"11"},"JR":{"25":"11"},"5J":{"X4":"11"},"6J":{"24":"11"},"52":{"QW":"11","RX":"11","FR":"11","VW":"11","GX":"11","MP":"11","QV":"11","PV":"11","MM":"11","HW":"11","QR":"11","9V":"11","FV":"11","GV":"11","RP":"11","QQ":"11","HM":"11","RR":"11","QX":"11","FW":"11","PM":"11","JW":"11","CV":"11","PX":"11","WW":"11","9X":"11","VR":"11","GQ":"11","GW":"11","CX":"11","HP":"11","GR":"11","QM":"11","MW":"11","FX":"11","WR":"11","WV":"11","CW":"11","PQ":"11","PR":"11","JM":"11","JV":"11","RQ":"11","HV":"11","VQ":"11","JP":"11","MV":"11","FQ":"11","JQ":"11","9W":"11","HR":"11","RW":"11","PP":"11","VV":"11","RV":"11","JX":"11","HQ":"11","PW":"11","VX":"11","MX":"11","QP":"11","HX":"11","WX":"11","MQ":"11","GP":"11","MR":"11","RM":"11","JR":"11"},"4Q":{"HG":"11","HH":"11"},"53":{"F5":"11","V3":"11","Q3":"11","G3":"11","93":"11","P8":"11","H4":"11","C7":"11","Q6":"11","P3":"11","J5":"11","92":"11","M8":"11","F4":"11","P5":"11","R2":"11","G6":"11","C6":"11","H7":"11","M3":"11","G4":"11","Q2":"11","J2":"11","M2":"11","F3":"11","M6":"11","C2":"11","G8":"11","H3":"11","J6":"11","F7":"11","F6":"11","R3":"11","P2":"11","F2":"11","J3":"11","V2":"11","Q4":"11","G2":"11","R5":"11","P7":"11","M7":"11","C4":"11","Q7":"11","95":"11","V4":"11","H2":"11","H6":"11","P6":"11","Q5":"11","H5":"11","J4":"11","R4":"11","M4":"11","94":"11","F8":"11","J7":"11","G7":"11","C3":"11","H8":"11","C5":"11","G5":"11","M5":"11","P4":"11","R6":"11","J8":"11"}},"8Q":{"CX":{"J2":"11","V2":"11","Q2":"11","H2":"11","R2":"11","M2":"11"},"CW":{"MX":"11","HX":"11","JX":"11"}},"W4":{"7X":{"8C":"11","7C":"11"}},"FQ":{"XQ":{"XG":"11"}},"FF":{"HR":{"93":"11","85":"11","83":"11","95":"11","94":"11","92":"11","82":"11"}},"6Q":{"JX":{"PC":"11","P9":"11|3"},"QX":{"2R":"3","5Q":"3","2Q":"3","3P":"3","4R":"3","4P":"3","3R":"3","3Q":"3","5R":"3","4Q":"3","5P":"3","3M":"3"}},"2J":{"9R":{"VF":"11","W9":"11","VC":"11","W8":"11","V8":"11","V9":"11","W7":"11","V7":"11"}},"9J":{"VQ":{"59":"11"}},"VV":{"WV":{"8J":"11","6J":"11","6H":"11","4P":"11","5J":"11","7M":"11","8H":"11","7H":"11","7J":"11","5P":"11","5M":"11","6M":"11","6P":"11","4M":"11"}},"74":{"9F":{"4X":"11"}},"8V":{"2R":{"XC":"11","X9":"11"},"6J":{"9R":"11","9Q":"11"},"3R":{"2C":"11","29":"11"},"29":{"9P":"11","9M":"11"},"63":{"94":"11","C2":"11","C3":"11","C4":"11","F2":"11","G2":"11"},"F3":{"63":"11","64":"11","35":"11","36":"11","45":"11","54":"11","55":"11","62":"11","52":"11","53":"11","26":"11"},"84":{"3H":"11","4H":"11","3G":"11"},"2C":{"H4":"11","H6":"11","M5":"11","M6":"11","J5":"11","H3":"11","J6":"11","G5":"11","H5":"11","J4":"11"},"F2":{"7R":"11","6W":"11","6V":"11","8J":"11","8M":"11","6R":"11","7X":"11","7M":"11","5W":"11","7Q":"11","7W":"11","9M":"11","7V":"11","7P":"11","8P":"11","6X":"11","7J":"11","6P":"11","5X":"11","9J":"11"},"34":{"93":"11","84":"11","83":"11","94":"11"},"94":{"V8":"11","Q6":"11","V7":"11","R7":"11","Q8":"11","Q7":"11","R8":"11","R9":"11"}},"69":{"7P":{"VW":"11","VV":"11","WV":"11","WW":"11","WX":"11"}},"8P":{"28":{"RM":"11","VP":"11","QQ":"11","XQ":"11","VQ":"11","QR":"11","VJ":"11","RP":"11","WP":"11","QP":"11","WQ":"11","RJ":"11","VR":"11","RQ":"11","XP":"11","RR":"11","VM":"11"}},"2W":{"WJ":{"28":"11"},"VJ":{"X9":"11","W9":"11","X8":"11","W8":"11"}},"6H":{"24":{"RP":"11"},"Q4":{"7G":"2","8F":"2","7F":"2"}},"X4":{"59":{"92":"11"},"58":{"9W":"11","9X":"11","CX":"11"}},"GP":{"RP":{"JX":"11"},"RQ":{"J2":"11","M3":"11","J3":"11","M2":"11"}}}}