{"index":{"university,1|retail,2|tourism,3|wreck,4|historical,5|artsCulture,6|namedBuilding,7|water,8|wetland,9|park,10|beach,11|natureReserve,12|cemetery,13|trail,14":{}},"8R":{"M8":{"RW":{"V4":"11","M8":"11","J7":"11","V5":"11","96":"11","Q7":"11","93":"11","C2":"11","P8":"11","F3":"11","74":"11","73":"11","R6":"11","R5":"11","P9":"11","C3":"11","V2":"11","Q6":"11","H2":"11","J3":"11","92":"11","H3":"11","F2":"11","J6":"11","62":"11","G2":"11","J5":"11"},"RM":{"GJ":"11","GM":"11"},"PJ":{"Q3":"11","8W":"11","Q4":"11","VC":"11","7X":"11","X9":"11","CR":"11","9R":"11","Q2":"11","8X":"11","GH":"11","WC":"11","MF":"11","XC":"11","HH":"11"},"QH":{"6X":"11","JX":"11","4R":"11","7X":"11","PV":"11","MW":"11","QV":"11","5W":"11","PW":"11","4V":"11","5V":"11"},"QJ":{"C4":"11","H4":"11","73":"11","29":"11","74":"11","G4":"11","J2":"11","85":"11","95":"11","84":"11","2C":"11","F4":"11","94":"11"},"C5":{"63":"11","96":"11","54":"11","97":"11","52":"11","53":"11"},"PH":{"VX":"11","VW":"11","XQ":"11","QX":"11","WW":"11","WX":"11"},"QQ":{"5H":"11","5J":"11","7P":"11","6W":"11","7G":"11","5W":"11","9V":"11","5X":"11","7Q":"11","26":"11","CV":"11","PX":"11","34":"11","3V":"11","X3":"11","59":"11","7F":"11","33":"11","CQ":"11","8C":"11","2V":"11","JP":"11","89":"11","MV":"11","2W":"11","JQ":"11","4V":"11","49":"11","PW":"11","MX":"11","69":"11","42":"11","5V":"11","8R":"11","27":"11","79":"11","JR":"11"},"VQ":{"9P":"11","CQ":"11","9Q":"11","FQ":"11","FC":"11","7R":"11","7V":"11","8R":"11","6W":"11","CP":"11"},"QR":{"QW":"11","RX":"11","XR":"11","RJ":"11","MP":"11","QV":"11","MM":"11","RC":"11","RF":"11","Q8":"11","RP":"11","Q7":"11","RR":"11","QX":"11","J2":"11","52":"11","Q4":"11","J4":"11","WH":"11","22":"11","43":"11","R6":"11","M2":"11","R5":"11","XG":"11","J3":"11","RQ":"11","MG":"11","JP":"11","QF":"11","P4":"11","PG":"11","RV":"11","WG":"11","VH":"11","Q9":"11","VJ":"11","42":"11","R7":"11","MJ":"11","RM":"11","MH":"11"},"RP":{"F4":"11","FR":"11","MP":"11","MM":"11","HW":"11","RC":"11","RF":"11","WC":"11","JF":"11","FV":"11","F6":"11","PH":"11","JW":"11","WF":"11","CV":"11","HJ":"11","GQ":"11","HP":"11","GR":"11","PF":"11","PC":"11","CW":"11","G4":"11","JV":"11","JG":"11","JH":"11","JQ":"11","PG":"11","WG":"11","JC":"11","F5":"11","GP":"11","MQ":"11","HH":"11","MJ":"11","MR":"11","G6":"11","H6":"11","JR":"11","VC":"11"},"VV":{"C8":"11","2Q":"11","97":"11","2P":"11","G2":"11","5J":"11","3J":"11","7F":"11","C7":"11","5H":"11","3M":"11","98":"11","99":"11","4J":"11"},"F5":{"PQ":"11","RQ":"11","QQ":"11","QR":"11","PP":"11","QP":"11"},"PQ":{"WV":"11","XV":"11","WW":"11","XR":"11"},"QP":{"3X":"11","4X":"11"},"RJ":{"CV":"11","CQ":"11","9R":"11","9Q":"11","CR":"11"},"PM":{"VW":"11","MM":"11","HW":"11","GV":"11","QQ":"11","RR":"11","FW":"11","CV":"11","WW":"11","VR":"11","GW":"11","HP":"11","WV":"11","PQ":"11","JV":"11","RQ":"11","HV":"11","VQ":"11","HR":"11","VV":"11","72":"11","WX":"11","GP":"11","MQ":"11","MR":"11","JR":"11"},"PP":{"WH":"11","R6":"11","Q7":"11","V6":"11","XR":"11","Q6":"11","P8":"11","P9":"11","Q8":"11","XV":"11","V5":"11","VH":"11","XM":"11","RH":"11","W2":"11"},"QV":{"Q2":"11","R2":"11"},"G4":{"5R":"11"},"VR":{"C4":"11","C3":"11","PV":"11","C5":"11","HX":"11","HC":"11","JC":"11","F5":"11","MW":"11","QF":"11","MV":"11","GX":"11","H9":"11","C6":"11","95":"11","QG":"11","F6":"11","94":"11"},"RV":{"6V":"11","7P":"11","7G":"11","7J":"11","68":"11","6P":"11","6C":"11","5X":"11","67":"11","52":"11","4W":"11","7M":"11","43":"11","XQ":"11","57":"11","59":"11","WR":"11","7F":"11","WV":"11","7H":"11","69":"11","6Q":"11","6R":"11","62":"11","56":"11"},"RR":{"2R":"11","6W":"11","5Q":"11","5V":"11","2G":"11","2Q":"11","4P":"11","5W":"11","3H":"11","3J":"11","5R":"11","6X":"11","5P":"11","2H":"11","4J":"11"}},"R5":{"R5":{"MH":"11","MG":"11","JH":"11","JG":"11"},"M9":{"F4":"11","F8":"11","9G":"11","78":"11","G8":"11","7C":"11","FG":"11","C9":"11","96":"11","FF":"11","H7":"11","99":"11","CH":"11","C2":"11","77":"11","CC":"11","87":"11","C5":"11","F3":"11","86":"11","G5":"11","C6":"11","C8":"11","C3":"11","9C":"11","C7":"11","88":"11","G4":"11","9F":"11","8C":"11","H2":"11","89":"11","G3":"11","FC":"11","G9":"11","G7":"11","H4":"11","H9":"11","H8":"11","CF":"11","H5":"11","98":"11","H3":"11","F9":"11","C4":"11","85":"11","F7":"11","97":"11","F2":"11","94":"11","95":"11","G6":"11","H6":"11","G2":"11","CG":"11","79":"11"},"M8":{"HR":"11","FP":"11","8R":"11","HX":"11","9Q":"11","FQ":"11","HQ":"11","CV":"11","GW":"11","FW":"11","GR":"11","CW":"11","CQ":"11","HV":"11","GP":"11","FR":"11","9R":"11","9P":"11","FV":"11","8Q":"11","GX":"11","GV":"11","9W":"11","JV":"11","GQ":"11","8V":"11","9V":"11","HW":"11","FX":"11","CP":"11"}},"C3":{"Q9":{"JQ":"11"},"83":{"6H":"11","7H":"11"},"CG":{"RJ":"11"},"73":{"VF":"11","WF":"11","R8":"11","R9":"11","WH":"11","Q7":"11","VC":"11","WG":"11","VG":"11","Q8":"11","V9":"11","P7":"11","XG":"11","M7":"11","WC":"11","XF":"11"},"VJ":{"6F":"11","3F":"11","2F":"11","FM":"11","7F":"11","CJ":"11","2C":"11","3C":"11","6C":"11","FJ":"11"},"72":{"HX":"11","HW":"11","GV":"11","HV":"11"},"FG":{"87":"11","88":"11","7G":"11","FF":"11","8G":"11","89":"11","6G":"11","99":"11","98":"11"},"XP":{"5F":"11","6F":"11"},"JG":{"CG":"11","PF":"11"},"7F":{"2W":"11","G6":"11","G7":"11"}},"V4":{"J2":{"6J":"11","6H":"11","7J":"11","7H":"11"},"4J":{"5J":"11","4J":"11","4P":"11","4M":"11","3M":"11","5M":"11","3P":"11"},"52":{"MX":"11","JX":"11","QX":"11","PX":"11","MW":"11","JW":"11"},"4Q":{"HQ":"11","JM":"11","JQ":"11","HM":"11","JP":"11","HP":"11"},"32":{"3W":"11"},"Q3":{"85":"11"},"53":{"R3":"11","P2":"11","V2":"11","Q2":"11","R2":"11","V3":"11"}},"P6":{"42":{"J8":"11","GX":"11","J7":"11","M5":"11","JF":"11","GV":"11","HM":"11","J9":"11","HG":"11","HJ":"11","M6":"11","GW":"11","HP":"11","M4":"11","GR":"11","M2":"11","HV":"11","HF":"11","JG":"11","HR":"11","HQ":"11","JC":"11","J6":"11","HH":"11","M3":"11","J5":"11"},"43":{"FH":"11","G4":"11","F9":"11","F5":"11","G3":"11","F7":"11","G6":"11","FJ":"11","FC":"11","FF":"11","G5":"11","F8":"11","FG":"11","F6":"11","G2":"11","G7":"11"}},"M2":{"6Q":{"2H":"11","2J":"11","3G":"11","2G":"11"},"5R":{"7C":"11"},"7J":{"X4":"11","W4":"11"},"4C":{"RH":"11","VH":"11","VJ":"11","VG":"11","RJ":"11"},"6W":{"99":"11","69":"11","8C":"11","9C":"11","79":"11","7C":"11"},"9F":{"FH":"3","FG":"3"},"5Q":{"XJ":"11","XP":"11","XM":"11"}},"VJ":{"25":{"95":"11","94":"11"}},"C2":{"6X":{"8M":"11","FR":"11","5H":"11","5J":"11","7P":"11","7J":"11","8P":"11","GV":"11","4H":"11","CP":"11","6M":"11","7M":"11","GR":"11","2G":"11","CQ":"11","9Q":"11","6H":"11","9P":"11","3G":"11","6J":"11","4G":"11","FQ":"11","2F":"11"},"2W":{"MC":"11","QC":"11","PF":"11","MF":"11","PC":"11"},"5X":{"XF":"11"}},"G2":{"VV":{"V6":"11","V5":"11","W5":"11","W6":"11"},"RP":{"JP":"11","HP":"11"},"Q6":{"JF":"11"},"RQ":{"JJ":"11","JH":"11","JG":"11"},"CV":{"JQ":"11"},"WV":{"W7":"11"},"R7":{"44":"11","33":"11","43":"11","32":"11"}},"M4":{"3J":{"F5":"3","CR":"3","85":"3","9C":"3","G3":"3","93":"3","97":"3","CQ":"3","58":"3","7Q":"3","H4":"3","CH":"3","C7":"3","4G":"3","9H":"3","7C":"3","5C":"3","8G":"3","5G":"3","F4":"3","5P":"3","87":"3","CF":"3","78":"3","7G":"3","56":"3","59":"3","6M":"3","G6":"3","C6":"3","7F":"3","H7":"3","GG":"3","4J":"3","7P":"3","G4":"3","4P":"3","6P":"3","8H":"3","49":"3","86":"3","4Q":"3","CG":"3","FM":"3","F3":"3","5Q":"3","C2":"3","G8":"3","75":"3","HC":"3","H3":"3","J6":"3","F7":"3","F6":"3","88":"3","4M":"3","F2":"3","67":"3","4R":"3","FP":"3","89":"3","8C":"3","9M":"3","CM":"3","9P":"3","4F":"3","8M":"3","9G":"3","HF":"3","98":"3","48":"3","6G":"3","4H":"3","3R":"3","6C":"3","8J":"3","5H":"3","G2":"3","96":"3","F9":"3","C4":"3","95":"3","5J":"3","H2":"3","H6":"3","CP":"3","FG":"3","57":"3","66":"3","8F":"3","6J":"3","H5":"3","65":"3","7J":"3","7M":"3","FJ":"3","47":"3","C8":"3","94":"3","9F":"3","3P":"3","CC":"3","F8":"3","5F":"3","J7":"3","CJ":"3","6F":"3","GC":"3","G7":"3","5R":"3","5M":"3","8Q":"3","FQ":"3","FF":"3","9Q":"3","C9":"3","C3":"3","JC":"3","99":"3","H8":"3","GF":"3","9J":"3","H9":"3","C5":"3","G5":"3","J9":"3","GH":"3","76":"3","84":"3","69":"3","7H":"3","FH":"3","GJ":"3","8P":"3","HG":"3","6H":"3","77":"3","68":"3","3Q":"3","J8":"3","FC":"3","79":"3","4C":"3","G9":"3"},"5F":{"5R":"11","4R":"11","4W":"11","5W":"11","4V":"11","5V":"11"},"3H":{"HX":"3","GW":"3","FX":"3","HW":"3","GX":"3"}},"RJ":{"W3":{"R5":"11","V4":"11","Q3":"11","X7":"11","X8":"11","V6":"11","X6":"11","W6":"11","W7":"11","V5":"11","R3":"11","W5":"11","R4":"11"},"X3":{"3F":"11","3G":"11","29":"11","28":"11","4G":"11","39":"11","3C":"11","4F":"11"}},"92":{"V3":{"R3":"11","Q4":"11","R4":"11","Q3":"11"},"C4":{"9G":"11","9H":"11","8F":"11","FM":"11","FJ":"11","CH":"11","CJ":"11","9F":"11"},"C3":{"9P":"11","9H":"11","9M":"11","CQ":"11","9Q":"11","CH":"11","9J":"11","CJ":"11"},"WW":{"2H":"11","3H":"11","3G":"11","2G":"11"},"WP":{"HQ":"11","HM":"11","HP":"11"},"RX":{"J7":"11","J8":"11","H8":"11","FM":"11","H7":"11","G8":"11","HC":"11","GJ":"11","FJ":"11","G9":"11","GC":"11","H9":"11"},"2X":{"CC":"11","8F":"11","PF":"11","VF":"11","WF":"11","9F":"11","HC":"11","JC":"11","GC":"11","9C":"11","RF":"11","CF":"11","FF":"11","FC":"11","QF":"11","7F":"11","QC":"11","XF":"11","PC":"11","8C":"11","MC":"11"},"VW":{"GP":"11","JM":"11","GM":"11","HM":"11"},"3X":{"2F":"11","3F":"11"},"G4":{"2W":"11","2V":"11"},"M3":{"J8":"11","M8":"11"},"F2":{"9W":"11","8W":"11","GP":"11","7W":"11","FW":"11","CW":"11","GM":"11","5X":"11","5W":"11","6W":"11","HP":"11"},"F4":{"XW":"11","WW":"11"},"4X":{"MX":"11","HX":"11","JX":"11","RX":"11","QX":"11","PX":"11"}},"P8":{"CG":{"GR":"11","FM":"11","CM":"11","FJ":"11","GQ":"11","FR":"11","FP":"11"}},"93":{"C2":{"8M":"11","2M":"11","9M":"11","JM":"11","4M":"11","6M":"11","3M":"11","5M":"11","MM":"11"},"42":{"V2":"11","R2":"11"},"92":{"WP":"11","VP":"11","WM":"11","RM":"11","PM":"11","QM":"11","VM":"11","XP":"11","XM":"11"},"F2":{"HQ":"11","CQ":"11","HR":"11","FQ":"11","GQ":"11","CP":"11","FP":"11"},"M2":{"69":"11","68":"11","49":"11","4C":"11","79":"11","59":"11"}},"P9":{"XG":{"W9":"11","R6":"11","V6":"11","X9":"11","W8":"11","W6":"11","W7":"11","V7":"11","W5":"11"}},"82":{"P2":{"96":"11","C7":"11","C6":"11","97":"11"},"WW":{"R2":"11"},"VQ":{"7R":"11","HR":"11","PV":"11","9Q":"11","PW":"11","FQ":"11","JR":"11","QX":"11","RX":"11","GR":"11","CQ":"11","HV":"11","FR":"11","7Q":"11","MW":"11","QW":"11","8Q":"11","MV":"11","JV":"11","GQ":"11","VX":"11"},"GJ":{"VW":"11","VV":"11","9M":"11"},"8H":{"7P":"11","6P":"11","9V":"11","FV":"11","GV":"11","38":"11","7Q":"11","CR":"11","CV":"11","39":"11","2C":"11","8Q":"11","28":"11","MW":"11","JV":"11","HV":"11","MV":"11","29":"11","9R":"11","3C":"11","8R":"11","27":"11","2F":"11","3F":"11"},"PP":{"8G":"11","8H":"11"},"X2":{"4H":"11"},"JM":{"8J":"11"},"7H":{"R5":"11","X7":"11","X8":"11","R6":"11","V6":"11","X9":"11","Q5":"11","Q6":"11","W8":"11","W6":"11","W7":"11","V5":"11","P5":"11","V7":"11"},"VR":{"W2":"11","W3":"11","V2":"11","X4":"11","X3":"11"},"5H":{"3J":"11","4J":"11","3H":"11","2J":"11","4H":"11"},"36":{"8C":"11"},"4H":{"XJ":"11","XM":"11"},"2J":{"9W":"11","8W":"11","8V":"11","CV":"11","FV":"11","9V":"11","CR":"11","FR":"11"},"WR":{"5C":"11","6F":"11","48":"11","59":"11","7G":"11","7C":"11","46":"11","35":"11","57":"11","7F":"11","47":"11","25":"11","24":"11","69":"11","68":"11","45":"11","6G":"11","36":"11","58":"11","6C":"11"}},"J3":{"HW":{"5G":"11","G4":"11","G3":"11","F4":"11","6G":"11","6F":"11","6C":"11"},"GX":{"J8":"11","J9":"11","M8":"11"},"82":{"PJ":"11","RM":"11","PG":"11","VP":"11","HC":"11","PH":"11","JC":"11","JF":"11","MG":"11","VQ":"11","WP":"11","WQ":"11","H9":"11","MF":"11","VM":"11"},"MM":{"XW":"11","XV":"11"}},"X2":{"38":{"28":"11","36":"11","27":"11","29":"11","26":"11"},"79":{"HC":"11","MF":"11","GF":"11","FF":"11","GC":"11","JF":"11","HF":"11"}},"W4":{"2H":{"J2":"11"},"2G":{"FX":"11","CX":"11","7R":"11","RW":"11"}},"W6":{"GJ":{"3J":"11","2H":"11","4J":"11","3H":"11","4H":"11","3G":"11","2G":"11"}},"F3":{"FX":{"6F":"11","7F":"11"},"CX":{"QH":"11","QG":"11"},"4R":{"WP":"11"},"WW":{"VV":"11","VR":"11","WR":"11","WV":"11","WW":"11"}},"H2":{"V4":{"88":"11","89":"11"},"38":{"5F":"11","2F":"11","4F":"11","6F":"11","3F":"11","7F":"11"},"2W":{"34":"11","35":"11","25":"11","26":"11"},"4R":{"Q9":"11","QC":"11"},"28":{"QF":"11","RF":"11","QC":"11","XF":"11","QG":"11","VF":"11","WF":"11"},"9R":{"7G":"11","8F":"11","8G":"11","5F":"11","6F":"11","7F":"11"},"6Q":{"5H":"11","4H":"11"},"W4":{"HR":"11","JQ":"11","JR":"11","HQ":"11","MQ":"11","PQ":"11","GR":"11","FR":"11","CR":"11","9R":"11","GQ":"11"},"F7":{"J7":"11","J6":"11","M7":"11"}},"P7":{"2M":{"5C":"11","6F":"11","59":"11","7G":"11","6H":"11","46":"11","7H":"11","35":"11","57":"11","47":"11","45":"11","6G":"11","34":"11","58":"11","6C":"11"},"5V":{"2H":"11"}},"72":{"44":{"23":"11","66":"11","78":"11","35":"11","24":"11","68":"11","45":"11","44":"11","79":"11","67":"11","56":"11","34":"11"},"GF":{"M7":"11","P6":"11","W8":"11","M5":"11","WC":"11","R8":"11","Q8":"11","Q7":"11","J4":"11","P8":"11","W9":"11","M6":"11","M4":"11","V8":"11","H2":"11","J3":"11","G3":"11","X9":"11","P7":"11","H4":"11","V9":"11","H3":"11","R7":"11","F2":"11","J6":"11","G2":"11","M3":"11","XC":"11","J5":"11"},"GC":{"GX":"11","9V":"11","8V":"11","2J":"11","7Q":"11","FW":"11","2M":"11","5Q":"11","7R":"11","CV":"11","5P":"11","FX":"11","CW":"11","4M":"11","3M":"11","9W":"11","6Q":"11","4P":"11","3J":"11","8R":"11"},"PV":{"CC":"11","78":"11","88":"11","9C":"11","27":"11","68":"11","89":"11","C9":"11","58":"11","99":"11"},"QR":{"5H":"11","7C":"11","2P":"11","P2":"11","P3":"11","99":"11","5G":"11","F6":"11","2J":"11","2M":"11","3P":"11","J4":"11","4H":"11","Q2":"11","M4":"11","G5":"11","C8":"11","7F":"11","C7":"11","8C":"11","R2":"11","89":"11","6F":"11","Q3":"11","G7":"11","3M":"11","6G":"11","H5":"11","98":"11","4J":"11","F7":"11","3J":"11","G6":"11","H6":"11","M3":"11","J5":"11"},"6C":{"X4":"11"},"H7":{"2X":"11","3X":"11"},"QQ":{"VX":"11","VW":"11","RX":"11","WV":"11","QX":"11","XV":"11","RW":"11","WW":"11","XR":"11"},"99":{"7R":"11","2R":"11","8R":"11","5V":"11","4R":"11","6R":"11","3R":"11","GR":"11","FR":"11","CR":"11","9R":"11","FV":"11","2V":"11","5R":"11","3V":"11","8V":"11"},"47":{"P2":"11","PF":"11","P6":"11","PG":"11","P4":"11","MG":"11","M2":"11","Q4":"11","Q7":"11","Q5":"11","Q6":"11","QF":"11","P7":"11","QC":"11","QG":"11"},"J2":{"RJ":"11","GX":"11","HW":"11","RP":"11","JW":"11","XF":"11","QM":"11","PQ":"11","PR":"11","JV":"11","HV":"11","PP":"11","VH":"11","VJ":"11","QP":"11","HX":"11","MR":"11","RM":"11","XC":"11"},"HG":{"R5":"11","W9":"11","P4":"11","M2":"11","Q4":"11","R6":"11","R7":"11","X9":"11","Q5":"11","Q6":"11","W8":"11","V8":"11","J2":"11","M3":"11","P5":"11","P3":"11","XC":"11","V7":"11"},"34":{"X4":"11","X3":"11"},"58":{"8M":"11","7M":"11","JX":"11","9P":"11","6J":"11","24":"11","CQ":"11","9Q":"11","7J":"11","25":"11","CR":"11","8P":"11"},"48":{"X5":"11"},"M2":{"2C":"11","2F":"11","29":"11"},"59":{"PJ":"11","M5":"11","M4":"11","M6":"11","HF":"11","J3":"11","J5":"11","J2":"11","M3":"11","J6":"11","MH":"11","J8":"11","J7":"11","J4":"11"},"46":{"MX":"11","PX":"11"},"PR":{"4Q":"11","5Q":"11"},"J3":{"C4":"11","C3":"11","87":"11","2W":"11","78":"11","77":"11","G2":"11","96":"11","F3":"11","69":"11","68":"11","86":"11","95":"11","F2":"11","F4":"11"},"RQ":{"J8":"11","V4":"11","M8":"11","M7":"11","9G":"11","GF":"11","GC":"11","P6":"11","7J":"11","FG":"11","X4":"11","V5":"11","FF":"11","Q7":"11","J9":"11","3P":"11","P8":"11","6M":"11","7M":"11","X3":"11","5P":"11","W3":"11","R6":"11","5M":"11","R5":"11","8J":"11","4Q":"11","8H":"11","Q6":"11","W5":"11","2V":"11","W4":"11","FC":"11","P7":"11","6J":"11","3Q":"11","HC":"11","7H":"11","9H":"11","H9":"11","CF":"11","2R":"11","M9":"11","V6":"11","4P":"11","X2":"11","2Q":"11","CG":"11","3R":"11"},"VQ":{"33":"11","24":"11","42":"11","22":"11","32":"11","23":"11"},"89":{"XV":"11","XR":"11"},"HF":{"8M":"11","FR":"11","5H":"11","5J":"11","7P":"11","7J":"11","HW":"11","8P":"11","FV":"11","GV":"11","5G":"11","CR":"11","4H":"11","6M":"11","7M":"11","GW":"11","8Q":"11","2C":"11","CQ":"11","9Q":"11","6H":"11","9P":"11","3G":"11","6J":"11","4G":"11","3C":"11","JX":"11","HX":"11","2F":"11","4F":"11","3F":"11"},"JG":{"2F":"11","2G":"11","3G":"11","5J":"11","3H":"11","5M":"11","2C":"11","4H":"11","4M":"11","4J":"11"},"MV":{"V6":"11","X7":"11","W7":"11","V5":"11","W5":"11","W6":"11"},"FC":{"MC":"11","QF":"11","JC":"11","J9":"11","XJ":"11","RG":"11","HC":"11","VH":"11","PF":"11","MF":"11","G9":"11","QG":"11","PC":"11","WH":"11","XH":"11","VG":"11","H9":"11"},"P4":{"35":"11","36":"11","45":"11"},"H3":{"XW":"11","XX":"11"},"VP":{"7R":"11","6W":"11","6V":"11","8R":"11","9Q":"11","FQ":"11","CQ":"11","5W":"11","FR":"11","9R":"11","CR":"11","3X":"11","7W":"11","4W":"11","7V":"11","6X":"11","8V":"11","9V":"11","5X":"11","4X":"11"},"QJ":{"Q6":"11","R6":"11","R7":"11","Q7":"11"}},"J2":{"87":{"WM":"11","CG":"11","RM":"11","VM":"11","XP":"11","XM":"11"},"VP":{"88":"11"},"HG":{"PQ":"11","QQ":"11","QP":"11"},"JR":{"WP":"11","WJ":"11","WM":"11","XP":"11"},"VJ":{"6J":"11","3P":"11","4P":"11","5J":"11","2M":"11","3H":"11","3J":"11","4Q":"11","5P":"11","3M":"11","5M":"11","6M":"11","2H":"11","4H":"11","6P":"11","2J":"11","4M":"11","4J":"11"},"97":{"2M":"11","4P":"11","3M":"11","5P":"11","2P":"11","3P":"11","5Q":"11"},"HP":{"M3":"11","M4":"11","M2":"11"},"RJ":{"XJ":"11","XH":"11"},"68":{"P5":"11","P6":"11","P9":"11","P8":"11"},"8X":{"5J":"11","4J":"11","4P":"11","4M":"11","3M":"11","3Q":"11","4Q":"11"},"GQ":{"2Q":"11","6J":"11"},"4H":{"5J":"11","5H":"11","5M":"11"}},"Q9":{"8X":{"MX":"11","MW":"11","JW":"11"},"2G":{"28":"11","38":"11","29":"11"}},"M3":{"CC":{"3J":"11","2H":"11","3H":"11","2J":"11"},"59":{"F5":"3","94":"3","F4":"3","C5":"3","C4":"3"},"6H":{"W8":"11"},"9C":{"WJ":"11"},"55":{"2R":"11","3W":"11","2Q":"11","2P":"11","3R":"11","2M":"11","3X":"11","2V":"11","3V":"11","4X":"11"},"27":{"R3":"11"},"54":{"4C":"11","4F":"11"},"57":{"H4":"11","M5":"11","G2":"11","M6":"11","P8":"11","Q8":"11","H2":"11","J5":"11","P7":"11","H3":"11","J6":"11","M7":"11","J4":"11"},"F9":{"GR":"11","HR":"11"},"69":{"X2":"11"},"68":{"VW":"11","GF":"11","GC":"11","MM":"11","C9":"11","QR":"11","96":"11","FF":"11","QQ":"11","RR":"11","PM":"11","HG":"11","WW":"11","87":"11","C5":"11","C6":"11","C8":"11","C7":"11","PQ":"11","RQ":"11","JJ":"11","GG":"11","FC":"11","JH":"11","XX":"11","PP":"11","RV":"11","VV":"11","98":"11","F9":"11","QP":"11","C4":"11","97":"11","WX":"11","HH":"11","MJ":"11","95":"11"},"45":{"W9":"11","WF":"11","XJ":"11","WG":"11","XH":"11","W8":"11","V8":"11","XG":"11","XP":"11","WC":"11","XM":"11","V7":"11","XF":"11"},"XM":{"X4":"11"},"79":{"23":"11","66":"11","33":"11","65":"11","55":"11","45":"11","44":"11","22":"11","56":"11","34":"11"},"56":{"8F":"11","66":"11","8J":"11","42":"11","7G":"11","7C":"11","55":"11","GW":"11","FW":"11","CQ":"11","FR":"11","8H":"11","CR":"11","9P":"11","54":"11","FV":"11","8G":"11","9M":"11","43":"11","57":"11","7F":"11","GX":"11","69":"11","68":"11","45":"11","44":"11","79":"11","67":"11","56":"11","FX":"11","CP":"11","9J":"11"},"WJ":{"MJ":"11","PJ":"11","9F":"11","JJ":"11","HJ":"11","9C":"11","GJ":"11","FH":"11","PM":"11","MM":"11","9G":"11","CG":"11","GH":"11","HH":"11","CH":"11"}},"H3":{"83":{"GP":"11"}},"M7":{"88":{"JJ":"11","HQ":"11","HJ":"11","GJ":"11","HP":"11","GP":"11","GM":"11","GQ":"11","HM":"11"},"FX":{"32":"11"},"FW":{"2W":"11","3W":"11","2Q":"11","4R":"11","4P":"11","4V":"11","2X":"11","3X":"11","3J":"11","4W":"11","2V":"11","4Q":"11","3M":"11","2J":"11","4M":"11","4J":"11"},"H7":{"FM":"11","F9":"11","CQ":"11","FQ":"11","FC":"11","G9":"11","CR":"11","FP":"11"},"CX":{"G3":"11","H2":"11","G2":"11"},"CW":{"GF":"11","GC":"11","FG":"11","HW":"11","X4":"11","W8":"11","P2":"11","WC":"11","WP":"11","83":"11","W6":"11","JW":"11","WF":"11","XH":"11","W9":"11","X3":"11","C5":"11","Q2":"11","XP":"11","XQ":"11","XF":"11","WM":"11","G5":"11","QM":"11","FX":"11","PQ":"11","XG":"11","PR":"11","W5":"11","JV":"11","W4":"11","GG":"11","MV":"11","G9":"11","X5":"11","G7":"11","PP":"11","QP":"11","C4":"11","HX":"11","X2":"11","F5":"11","94":"11","MR":"11","G6":"11","G2":"11","RM":"11","W7":"11","VP":"11","XC":"11","VM":"11"},"CV":{"XW":"11","WX":"11","XX":"11","MX":"11","WW":"11","HR":"11","HX":"11","XQ":"11","XR":"11","QX":"11","GW":"11","JW":"11","RX":"11","JX":"11","HV":"11","FV":"11","XV":"11","GX":"11","GV":"11","XP":"11","PX":"11","HW":"11","VX":"11"},"M4":{"6P":"11","5P":"11","5Q":"11"},"FV":{"4R":"11","2P":"11","38":"11","2J":"11","47":"11","2M":"11","5Q":"11","4H":"11","2H":"11","3V":"11","5P":"11","2C":"11","48":"11","28":"11","5M":"11","2G":"11","5R":"11","2V":"11","4M":"11","4G":"11","29":"11","4V":"11","49":"11","2R":"11","4J":"11","6Q":"11","3J":"11","6R":"11","4C":"11","3R":"11","4F":"11"},"9V":{"PR":"11","PV":"11","RG":"11","JR":"11","MR":"11","MV":"11","JV":"11","QG":"11"}},"G3":{"2W":{"72":"11","82":"11"},"MC":{"4R":"11","7Q":"11","5Q":"11","7R":"11","3V":"11","CP":"11","GQ":"11","8Q":"11","GR":"11","5R":"11","CQ":"11","9Q":"11","2V":"11","FP":"11","FQ":"11","4V":"11","HQ":"11","2R":"11","6Q":"11","6R":"11","8R":"11","GP":"11","3R":"11"},"GH":{"FP":"11","9Q":"11","FQ":"11","JJ":"11","HJ":"11","CQ":"11","GP":"11","FM":"11","Q5":"11","Q6":"11","CR":"11","9R":"11","JM":"11","GM":"11","9V":"11","HM":"11","CP":"11"},"JC":{"VW":"11","XW":"11","WV":"11","XV":"11","WW":"11"},"GJ":{"37":"11","47":"11","36":"11","46":"11","38":"11","2C":"11"},"FJ":{"RJ":"11","MP":"11","MM":"11","FW":"11","PM":"11","RH":"11","GW":"11","CX":"11","HP":"11","XF":"11","CW":"11","JM":"11","JP":"11","JQ":"11","HQ":"11","VH":"11","VJ":"11","MJ":"11","QJ":"11","XC":"11"},"2V":{"7X":"11","8X":"11"},"P9":{"G4":"11","G3":"11","H4":"11","J4":"11","F3":"11","F2":"11","H3":"11","G2":"11"},"CP":{"3C":"11","2C":"11"},"JF":{"37":"11","28":"11","27":"11"},"HF":{"PF":"11","W9":"11","R9":"11","RC":"11","X8":"11","W8":"11","V9":"11","Q9":"11","QC":"11","PC":"11"}},"P5":{"4W":{"WH":"11","VQ":"11","VV":"11","WP":"11","XJ":"11","RX":"11","WQ":"11","VW":"11","WM":"11","VR":"11","VX":"11","WJ":"11"},"5M":{"VC":"11"},"89":{"HG":"11","HH":"11","JG":"11","JF":"11","HF":"11"},"4X":{"R4":"11","PV":"11","R8":"11","Q8":"11","Q7":"11","PM":"11","QH":"11","PH":"11","QC":"11","R6":"11","MW":"11","R5":"11","V2":"11","PQ":"11","Q6":"11","PR":"11","R2":"11","MV":"11","QF":"11","R3":"11","PJ":"11","QG":"11","PP":"11","PG":"11","Q9":"11","MX":"11","R7":"11","MR":"11","V3":"11","QJ":"11"}},"P3":{"8M":{"87":"11","86":"11"},"5M":{"65":"11"},"GQ":{"P7":"11"}},"QC":{"8J":{"JC":"11","HC":"11","JF":"11","JG":"11"}},"F2":{"P2":{"XX":"11"},"6W":{"P4":"11"},"PM":{"MW":"11"},"R2":{"Q6":"11","R6":"11","R7":"11","Q7":"11","P7":"11","P8":"11"},"J3":{"87":"11","X7":"11","77":"11","97":"11","76":"11","96":"11","C7":"11","86":"11","C6":"11"},"Q2":{"2X":"11","4W":"11","3X":"11","4X":"11"},"M3":{"37":"11","M7":"11","P6":"11","Q5":"11","J7":"11","66":"11","96":"11","H7":"11","Q7":"11","F6":"11","67":"11","47":"11","X6":"11","W6":"11","77":"11","87":"11","M6":"11","86":"11","R6":"11","57":"11","C6":"11","R5":"11","C7":"11","Q6":"11","76":"11","P7":"11","G7":"11","R7":"11","V6":"11","F7":"11","97":"11","V7":"11","27":"11","J6":"11","G6":"11","H6":"11","56":"11"},"G3":{"R3":"11","W2":"11","W3":"11","V2":"11","R2":"11","V3":"11"},"P3":{"66":"11","P3":"11","75":"11","36":"11","J4":"11","26":"11","C5":"11","35":"11","M4":"11","86":"11","G5":"11","65":"11","46":"11","76":"11","J3":"11","Q3":"11","P4":"11","55":"11","H5":"11","85":"11","45":"11","F5":"11","95":"11","M3":"11","J5":"11","56":"11"}},"W2":{"W5":{"HQ":"11"}},"R4":{"PH":{"62":"11","87":"11","64":"11","88":"11","77":"11","65":"11","75":"11","74":"11","76":"11","63":"11","52":"11","89":"11","8C":"11"},"WP":{"WR":"11","XR":"11"},"MG":{"XJ":"11","WG":"11","XF":"11","XH":"11","XM":"11","XG":"11","WF":"11"},"JV":{"GJ":"11","GR":"11","GP":"11","GV":"11","GM":"11","GH":"11","GQ":"11","HM":"11"},"WQ":{"G4":"11","G3":"11","H4":"11","H3":"11"},"XP":{"98":"11","97":"11"},"PG":{"2Q":"11","2M":"11","87":"11","4R":"11","4W":"11","2J":"11","5X":"11","2P":"11","5W":"11","4V":"11","3Q":"11","3P":"11","3R":"11"}},"J4":{"5Q":{"3Q":"11","4Q":"11"},"6J":{"FH":"11","9H":"11","9P":"11","9M":"11","CJ":"11","CM":"11","FG":"11","CH":"11","9J":"11"},"4R":{"QW":"11","RX":"11","RV":"11","QX":"11","QV":"11","RW":"11"},"97":{"9W":"11","8W":"11","GH":"11","FH":"11","8V":"11","FM":"11","CM":"11","CQ":"11","FJ":"11","9R":"11","9Q":"11","7X":"11","8X":"11","9V":"11","CR":"11","CP":"11"},"F5":{"66":"11","59":"11","65":"11","73":"11","75":"11","74":"11","72":"11","69":"11","68":"11","67":"11","58":"11"},"F3":{"CV":"11","CQ":"11","CW":"11","CR":"11","9W":"11","CJ":"11","9X":"11","CM":"11","CX":"11","CH":"11","CP":"11"},"4W":{"M5":"11","J2":"11","J3":"11","M4":"11","J6":"11","J4":"11","J5":"11"},"98":{"63":"11","64":"11"},"F4":{"8W":"11","8R":"11","C2":"11","97":"11","7X":"11","92":"11","93":"11","7W":"11","96":"11","8Q":"11","8P":"11","8X":"11","8V":"11","95":"11","94":"11"}}}}