{"index":{"university,1|retail,2|tourism,3|wreck,4|historical,5|artsCulture,6|namedBuilding,7|water,8|wetland,9|park,10|beach,11|natureReserve,12|cemetery,13|trail,14":{}},"92":{"9F":{"4P":{"RW":"11","PR":"11","QQ":"11","QR":"11","MQ":"11","PQ":"11","RX":"11","PP":"11","QW":"11","QV":"11","RV":"11","VX":"11","MP":"11"},"4Q":{"V3":"11","V4":"11","W9":"11","WF":"11","WH":"11","V2":"11","XJ":"11","WG":"11","XH":"11","X9":"11","R2":"11","W8":"11","W4":"11","W6":"11","W7":"11","V5":"11","XG":"11","WC":"11","XC":"11","XF":"11","W5":"11","WJ":"11"}},"32":{"6V":{"GW":"11","FX":"11","FW":"11","GV":"11","GX":"11","FV":"11","FR":"11"},"6W":{"G3":"11","G2":"11"}},"WP":{"42":{"RF":"11","RG":"11","RH":"11","RC":"11","QH":"11","QJ":"11","QG":"11"}},"7X":{"8F":{"HR":"11"},"8H":{"Q8":"11","RR":"11"},"7H":{"X5":"11"}},"P9":{"RG":{"GW":"11","FW":"11","GR":"11","FR":"11","FV":"11","GX":"11","GV":"11"},"RH":{"H7":"11","HG":"11","G5":"11","G4":"11","H2":"11","HF":"11","G3":"11","G7":"11","H4":"11","HC":"11","H9":"11","H8":"11","H5":"11","H3":"11","G6":"11","H6":"11","G2":"11"}},"6Q":{"42":{"Q9":"11","Q8":"11","R8":"11","R9":"11"}},"8G":{"H8":{"8M":"11","8P":"11"}},"QF":{"H2":{"G9":"11","Q3":"11","J9":"11","R8":"11","Q4":"11","H8":"11","Q7":"11","G8":"11","R7":"11","Q5":"11","Q6":"11","P9":"11","F8":"11","Q8":"11","M9":"11","Q2":"11","Q9":"11","F9":"11","H9":"11"}},"7V":{"4F":{"3C":"11"},"67":{"5J":"11","6J":"11","6H":"11","5M":"11"}},"35":{"X9":{"57":"11","47":"11","44":"11","69":"11","68":"11","33":"11","46":"11","56":"11","45":"11","7C":"11","59":"11","43":"11","32":"11","58":"11","6C":"11"},"V9":{"CF":"11","HC":"11","CC":"11","FC":"11","GC":"11"},"P5":{"96":"11","C7":"11","C6":"11","F7":"11","F8":"11"},"X8":{"2R":"11","3W":"11","2Q":"11","2P":"11","3R":"11","2M":"11","3X":"11","2V":"11","3V":"11"}},"MV":{"GP":{"Q6":"11","Q4":"11","Q2":"11","Q3":"11","Q5":"11"},"GM":{"QW":"11","QX":"11","QV":"11"}},"V7":{"FC":{"44":"3"}},"QC":{"HX":{"QH":"11","QJ":"11","QQ":"11","QR":"11","QX":"11","QP":"11","RJ":"11","QM":"11","QW":"11","QV":"11","RH":"11"}},"5M":{"VC":{"HQ":"11","GP":"11","GQ":"11","HP":"11"},"WH":{"88":"11","77":"11","66":"11","78":"11","76":"11","75":"11","65":"11","67":"11"}},"CX":{"VW":{"MX":"11"}},"34":{"QG":{"2R":"11","2V":"11","3V":"11","3R":"11"}},"W2":{"WC":{"2W":"11","2Q":"11","2X":"11","2R":"11","2V":"11","2P":"11"},"V8":{"XR":"11","X7":"11","XJ":"11","X4":"11","WQ":"11","X6":"11","XH":"11","WW":"11","X3":"11","XP":"11","XQ":"11","XF":"11","XM":"11","WR":"11","WV":"11","XG":"11","XW":"11","X9":"11","X5":"11","X8":"11","XX":"11","XV":"11","WX":"11","XC":"11"},"V7":{"XW":"11","XV":"11"},"W7":{"2R":"11","3F":"11","48":"11","4C":"11","2W":"11","3G":"11","2Q":"11","3P":"11","2P":"11","3R":"11","2X":"11","3Q":"11","49":"11","2M":"11","4G":"11","3H":"11","3J":"11","2V":"11","47":"11","3M":"11","3C":"11","4F":"11"},"V9":{"WX":"11","WW":"11","W9":"11","WF":"11","WH":"11","WP":"11","WG":"11","WQ":"11","W3":"11","W8":"11","W4":"11","WM":"11","W6":"11","W7":"11","WC":"11","WV":"11","W5":"11","WJ":"11","W2":"11","WR":"11"},"VC":{"X7":"11","XJ":"11","X4":"11","W2":"11","X6":"11","W6":"11","XH":"11","XP":"11","XQ":"11","XF":"11","W3":"11","XM":"11","XG":"11","W5":"11","W4":"11","X9":"11","X5":"11","X8":"11","XC":"11"},"W8":{"24":"11","25":"11","22":"11","23":"11","26":"11"},"WF":{"37":"11","5J":"11","38":"11","36":"11","4H":"11","34":"11","22":"11","39":"11","23":"11","35":"11","5M":"11","4M":"11","4G":"11","49":"11","4J":"11","24":"11","4C":"11","4F":"11"}}}}