{"93":{"F8":{"C4":{"CC":"11","C8":"11","92":"11","93":"11","96":"11","95":"11","C9":"11","94":"11"}},"G8":{"Q2":{"J7":"11","H7":"11","J6":"11","H6":"11"}},"GC":{"GP":{"XJ":"11","XQ":"11","XH":"11","XP":"11","XM":"11"},"HP":{"3F":"11","38":"11","48":"11","2F":"11","2G":"11","2Q":"11","2P":"11","49":"11","39":"11","2C":"11","2H":"11","2J":"11","3C":"11"}},"FG":{"WC":{"3J":"11","2M":"11","4P":"11","2J":"11","3M":"11","3P":"11"},"WG":{"J7":"11","J8":"11","M5":"11","J2":"11","J9":"11","M6":"11","J3":"11","J6":"11","J4":"11","J5":"11"},"VC":{"VP":"11","VQ":"11","VJ":"11","RP":"11","VV":"11","XJ":"11","WM":"11","RQ":"11","RV":"11","RR":"11","VM":"11","WJ":"11"},"XH":{"PQ":"11","PM":"11","PP":"11"},"WF":{"JP":"11","G9":"11","JQ":"11","GC":"11","HG":"11","JR":"11","HJ":"11","JW":"11","JX":"11","HP":"11","F8":"11","GF":"11","JM":"11","F7":"11","F9":"11","C7":"11","JV":"11","HM":"11","HH":"11","GG":"11"}},"C9":{"GH":{"3J":"11","2H":"11","3H":"11","2J":"11","3M":"11","3G":"11","2G":"11"},"FH":{"M6":"11","P5":"11","M7":"11","P6":"11"},"HC":{"FX":"11","GX":"11"},"86":{"82":"11"},"WQ":{"CC":"11","JP":"11","MX":"11","JQ":"11","JR":"11","HJ":"11","MQ":"11","CF":"11","MR":"11","FF":"11","MW":"11","FC":"11","JM":"11","MV":"11","GH":"11","HM":"11","HH":"11","FG":"11","GG":"11"},"HF":{"V6":"11","V4":"11","V7":"11","C2":"11","J3":"11","C3":"11","V5":"11","W3":"11","J4":"11","F2":"11","H3":"11","G2":"11","V3":"11"}},"FF":{"62":{"M8":"11","PF":"11","PG":"11","PH":"11","MG":"11","M5":"11","M6":"11","P8":"11","P9":"11","J5":"11","P7":"11","J6":"11","M7":"11","MH":"11","PC":"11"}},"99":{"JP":{"8W":"11","FP":"11","9Q":"11","GJ":"11","CQ":"11","FM":"11","CR":"11","9R":"11","9W":"11","9X":"11","8X":"11","9V":"11","CM":"11","CP":"11","FJ":"11"},"V4":{"9X":"11"},"PG":{"R5":"11","M3":"11","Q4":"11","P3":"11","R6":"11","M4":"11","Q3":"11"},"JQ":{"84":"11","83":"11","73":"11","86":"11","76":"11","75":"11","82":"11","74":"11"},"MG":{"85":"11","86":"11","75":"11","74":"11"},"JR":{"FM":"11","CQ":"11","CP":"11","FP":"11"},"JH":{"5R":"11","5X":"11","5W":"11","5V":"11"},"FH":{"42":"11","22":"11","32":"11"},"RJ":{"PX":"11"},"9P":{"R5":"11","QH":"11","R8":"11","R9":"11","RC":"11","P4":"11","R6":"11","V6":"11","R7":"11","M4":"11","Q5":"11","Q6":"11","J3":"11","QF":"11","J2":"11","Q9":"11","M3":"11","V5":"11","P5":"11","QC":"11","QG":"11"},"JM":{"9Q":"11","FH":"11","FF":"11","9R":"11","9P":"11","GF":"11","9M":"11","CG":"11","CJ":"11","CM":"11","FG":"11","CH":"11","9J":"11"},"9M":{"HX":"11","JX":"11","GW":"11","GX":"11"},"V5":{"92":"11"},"QG":{"48":"11","5C":"11","49":"11","59":"11"},"FG":{"7R":"11","6W":"11","8F":"11","6V":"11","9F":"11","8J":"11","5V":"11","8M":"11","9C":"11","97":"11","6R":"11","7M":"11","5W":"11","8H":"11","7Q":"11","3X":"11","6Q":"11","8G":"11","96":"11","7P":"11","7J":"11","95":"11","8C":"11","99":"11","98":"11","5X":"11","4X":"11"}},"FW":{"WJ":{"FH":"11","CG":"11","CH":"11","FG":"11","CJ":"11"},"WM":{"VF":"11","W9":"11","WF":"11","RC":"11","X8":"11","RF":"11","VC":"11","X9":"11","V9":"11","WC":"11","XC":"11","XF":"11"},"XM":{"39":"11","28":"11","38":"11","2C":"11","2F":"11","29":"11"}},"HG":{"5J":{"FX":"11"},"42":{"RQ":"11"},"HH":{"JF":"11"},"55":{"WJ":"11","WH":"11"},"75":{"GH":"11","FH":"11"},"H3":{"97":"11"}},"GQ":{"5C":{"J8":"11","FR":"11","HW":"11","JF":"11","GV":"11","H7":"11","HM":"11","J9":"11","J4":"11","JW":"11","HJ":"11","GQ":"11","GW":"11","HP":"11","GR":"11","G5":"11","JM":"11","J3":"11","HV":"11","JJ":"11","FP":"11","JG":"11","G7":"11","JH":"11","H4":"11","FQ":"11","HC":"11","H9":"11","H8":"11","JX":"11","HQ":"11","H5":"11","MX":"11","HX":"11","JC":"11","GP":"11","HH":"11","J6":"11","G6":"11","H6":"11","J5":"11"},"5F":{"PF":"11","P6":"11","PG":"11","P4":"11","M2":"11","M5":"11","M4":"11","M6":"11","P8":"11","P9":"11","J3":"11","QF":"11","P7":"11","J2":"11","Q9":"11","M3":"11","M7":"11","P5":"11","P3":"11","QC":"11","QG":"11","PC":"11"}},"C5":{"M7":{"MX":"11","MV":"11","PV":"11","MW":"11","PR":"11"},"M8":{"MC":"11","JC":"11","JF":"11"}},"QM":{"3W":{"3V":"11"}},"GG":{"2H":{"4W":"11","6V":"11","4V":"11","5V":"11"},"3H":{"W3":"11","X4":"11","X3":"11","W4":"11"}},"HF":{"4W":{"XW":"11","XX":"11","XQ":"11","XV":"11","XR":"11"},"2J":{"Q9":"11","PQ":"11","PH":"11","QF":"11","QC":"11","PM":"11","QH":"11","QJ":"11","QG":"11","PP":"11","PJ":"11","PG":"11"},"5W":{"5G":"11","3J":"11","2Q":"11","2M":"11","3H":"11","2J":"11","2P":"11","3G":"11","4G":"11"},"4X":{"V8":"11","V7":"11","W7":"11","W2":"11","X2":"11","W3":"11","W5":"11","X3":"11","W6":"11","W4":"11"}},"FC":{"R5":{"MH":"11","JH":"11","JG":"11","MJ":"11"},"J9":{"VX":"11","VW":"11"},"JC":{"QW":"11","V4":"11","RJ":"11","QV":"11","RC":"11","V5":"11","RF":"11","QR":"11","R8":"11","RP":"11","QQ":"11","QX":"11","QH":"11","QC":"11","RH":"11","V8":"11","R6":"11","QM":"11","R5":"11","V2":"11","RG":"11","QF":"11","QG":"11","QP":"11","R7":"11","V6":"11","R9":"11","V7":"11","RM":"11","V3":"11","QJ":"11"},"JF":{"M8":"11","Q3":"11","P6":"11","J9":"11","P4":"11","Q4":"11","Q5":"11","Q6":"11","M6":"11","P8":"11","P9":"11","M9":"11","Q2":"11","P7":"11","M7":"11","P5":"11","P3":"11","J8":"11"},"HQ":{"V9":"11"},"JH":{"2P":"11","54":"11","38":"11","2J":"11","47":"11","2M":"11","3P":"11","2H":"11","39":"11","73":"11","2C":"11","48":"11","57":"11","65":"11","46":"11","2G":"11","64":"11","3M":"11","3Q":"11","3C":"11","63":"11","55":"11","49":"11","2R":"11","72":"11","2Q":"11","62":"11","2F":"11","56":"11","3F":"11"},"FH":{"G6":"11","H5":"11","H6":"11"},"FF":{"87":"11","77":"11"},"GF":{"5G":"11","3J":"11","4J":"11","5F":"11","4P":"11","3H":"11","4W":"11","4H":"11","5X":"11","5P":"11","5W":"11","3G":"11","4Q":"11","4X":"11","5Q":"11"},"F7":{"3J":"11","3M":"11"},"C7":{"WM":"11","VH":"11","VJ":"11","VM":"11"},"JG":{"G9":"11","H4":"11","8W":"11","8R":"11","H6":"11","9Q":"11","GC":"11","H8":"11","G8":"11","FH":"11","7X":"11","FF":"11","CQ":"11","9R":"11","9P":"11","J3":"11","GF":"11","7W":"11","H2":"11","J5":"11","H7":"11","J2":"11","H3":"11","CJ":"11","H9":"11","8X":"11","8V":"11","H5":"11","9V":"11","CM":"11","FG":"11","CP":"11","GG":"11","G7":"11","J4":"11","FJ":"11"},"HH":{"XJ":"11","XQ":"11","XH":"11","XP":"11","XM":"11","XR":"11"},"FG":{"XH":"11"},"GG":{"RJ":"11","78":"11","C9":"11","83":"11","99":"11","75":"11","52":"11","QH":"11","82":"11","77":"11","2H":"11","RH":"11","74":"11","73":"11","65":"11","76":"11","89":"11","QG":"11","F9":"11","42":"11","72":"11","84":"11","79":"11","QJ":"11"}},"HC":{"HF":{"83":"11"}},"PJ":{"QQ":{"CC":"11","C8":"11","9C":"11","F8":"11","F9":"11","C9":"11","99":"11"}},"PW":{"VR":{"V2":"11"}},"F9":{"V3":{"G8":"11","HG":"11","HC":"11","G6":"11","G9":"11","GF":"11","G5":"11","GC":"11","HF":"11","G7":"11"}},"HX":{"95":{"M6":"11","P5":"11","M7":"11","P7":"11","P6":"11"},"C2":{"J3":"11","H5":"11","H4":"11","J4":"11","H2":"11","J5":"11","H3":"11"},"C4":{"4M":"11","3M":"11"}},"F7":{"QV":{"MH":"11","MG":"11","MF":"11","JF":"11"},"6V":{"3G":"11","4G":"11"}},"GP":{"G7":{"WR":"11"}}},"index":{"university,1|retail,2|tourism,3|wreck,4|historical,5|artsCulture,6|namedBuilding,7|water,8|wetland,9|park,10|beach,11|natureReserve,12|cemetery,13|trail,14":{}}}