{"index":{"university,1|retail,2|tourism,3|wreck,4|historical,5|artsCulture,6|namedBuilding,7|water,8|wetland,9|park,10|beach,11|natureReserve,12|cemetery,13|trail,14":{}},"94":{"HJ":{"FX":{"JX":"11","JW":"11"}},"2R":{"3X":{"VX":"11"},"54":{"7W":"11"},"55":{"PM":"11","PP":"11","QP":"11"}},"G3":{"3Q":{"34":"11","44":"11","35":"11","33":"11","42":"11","43":"11","32":"11"}},"97":{"GC":{"48":"11","38":"11"}},"CQ":{"57":{"7Q":"11","7G":"11","63":"11","7M":"11","7P":"11","6Q":"11","69":"11","68":"11","6H":"11","73":"11","6G":"11","6R":"11","7J":"11","78":"11","72":"11","7R":"11","79":"11","7H":"11","7C":"11","6V":"11","6F":"11","62":"11","6C":"11"},"56":{"6X":"11","5G":"11","6Q":"11","5J":"11","5H":"11","6J":"11","6H":"11","5R":"11","6P":"11","6R":"11","6M":"11","5M":"11","5P":"11","6V":"11","6W":"11","5Q":"11"},"27":{"7R":"11","3F":"11","8W":"11","2F":"11","8R":"11","2G":"11","3G":"11","27":"11","6R":"11","5J":"11","29":"11","28":"11","7Q":"11","6Q":"11","3H":"11","3J":"11","7V":"11","5H":"11","8V":"11","5M":"11","6M":"11","2C":"11","2H":"11","4H":"11","6P":"11","4J":"11"},"J4":{"PM":"11","9P":"11","JM":"11","9M":"11","MM":"11","CM":"11","CP":"11"},"62":{"23":"11","3F":"11","38":"11","33":"11","3G":"11","32":"11","29":"11","28":"11","46":"11","4G":"11","43":"11","3H":"11","35":"11","37":"11","24":"11","45":"11","44":"11","39":"11","36":"11","22":"11","2C":"11","4H":"11","34":"11","3C":"11"},"P9":{"2R":"11","6W":"11","2F":"11","6V":"11","5V":"11","2G":"11","3G":"11","2Q":"11","3R":"11","4V":"11","3Q":"11","3H":"11","5R":"11","3V":"11","2C":"11","2H":"11"},"H9":{"C4":"11","62":"11","C5":"11","F5":"11","63":"11","52":"11","95":"11","84":"11","53":"11","94":"11"}},"8R":{"MX":{"RW":"11","VP":"11","VQ":"11","VV":"11","WP":"11","WQ":"11","VW":"11","VR":"11","RV":"11","VX":"11","VM":"11"},"PQ":{"6F":"11","5G":"11","3P":"11","4R":"11","7C":"11","4P":"11","3Q":"11","3J":"11","69":"11","5H":"11","6G":"11","4Q":"11","3M":"11","4M":"11","4J":"11","6C":"11"},"PV":{"3P":"11","4R":"11","4P":"11","3R":"11","4V":"11","3Q":"11","4Q":"11","3M":"11","4H":"11","4M":"11","4J":"11"},"MW":{"XC":"11","WV":"11","XF":"11","XP":"11","XM":"11"},"PW":{"2M":"11","CH":"11","2P":"11","2C":"11","29":"11","CJ":"11"},"JH":{"99":"11","88":"11","87":"11","89":"11","98":"11"},"R2":{"72":"11","62":"11"}},"7Q":{"VC":{"2H":"11","3H":"11","3G":"11","2G":"11"}},"FW":{"R7":{"GP":"11","FM":"11","GM":"11","FP":"11"}},"2M":{"RX":{"5G":"11","5J":"11","2Q":"11","5H":"11","6J":"11","6H":"11","4J":"11","6G":"11","4H":"11"},"83":{"V8":"11","R9":"11"},"VR":{"GH":"11","GP":"11","HG":"11","GJ":"11","GM":"11","HH":"11","HM":"11","HJ":"11","HP":"11"},"69":{"9Q":"11","8R":"11","8Q":"11"},"73":{"36":"11","27":"11","26":"11"},"QX":{"WP":"11","WR":"11","XQ":"11","WQ":"11","XP":"11"},"HM":{"XP":"11"},"X3":{"5G":"11","5C":"11","5F":"11"}},"2P":{"2W":{"VW":"11","XW":"11","VV":"11","VR":"11","WV":"11","RV":"11","PV":"11","QV":"11","QR":"11","RR":"11","WW":"11"},"2R":{"22":"11","23":"11"},"RH":{"M8":"11","WF":"11","R8":"11","4C":"11","R9":"11","78":"11","88":"11","X9":"11","P8":"11","P9":"11","F8":"11","Q8":"11","M9":"11","P7":"11","F9":"11","68":"11","WC":"11","XC":"11","3C":"11"},"3W":{"2W":"11"},"VH":{"2C":"11","2F":"11","29":"11","2G":"11"},"4W":{"7J":"11"},"QH":{"J7":"11","X9":"11","X8":"11","M7":"11","M8":"11"},"3X":{"R5":"11","Q4":"11","P3":"11","R6":"11","R4":"11","Q3":"11","Q5":"11","P4":"11"},"75":{"2W":"11","2H":"11","2J":"11","2V":"11","2F":"11","2G":"11"},"HJ":{"4P":"11","4M":"11","3M":"11","3P":"11"},"65":{"XW":"11","XF":"11"},"4G":{"G8":"11"}},"C7":{"96":{"VX":"11","VW":"11","RX":"11","RW":"11","WX":"11"},"M3":{"F4":"11","J7":"11","96":"11","H7":"11","F6":"11","C5":"11","C6":"11","G5":"11","C7":"11","G4":"11","G3":"11","G7":"11","H4":"11","H5":"11","H3":"11","C4":"11","F7":"11","97":"11","F5":"11","J6":"11","94":"11","95":"11","G6":"11","H6":"11","J5":"11"},"7J":{"CC":"11","C8":"11","G9":"11","9F":"11","9C":"11","G8":"11","CF":"11","F8":"11","FC":"11","F7":"11","9G":"11","F9":"11","CG":"11","C7":"11","C9":"11"},"98":{"34":"11","44":"11","43":"11","53":"11"},"97":{"W2":"11","V2":"11"}},"P3":{"32":{"7M":"11","7P":"11","7J":"11","82":"11"}},"7C":{"C6":{"CF":"11","9G":"11","6Q":"11","9H":"11","CG":"11","5R":"11","6P":"11","4W":"11","CH":"11","4V":"11","5V":"11","5Q":"11"},"F5":{"6C":"11"},"C5":{"X9":"11"},"F6":{"C3":"11"},"G7":{"6C":"11"}},"J5":{"J2":{"63":"11","73":"11","72":"11","62":"11"},"2P":{"V6":"11","R5":"11","Q6":"11","V4":"11","V5":"11","R6":"11","R7":"11","W5":"11"}},"5C":{"C3":{"3H":"11"},"X7":{"5H":"11","78":"11","7G":"11","7C":"11","68":"11","6C":"11","5G":"11","67":"11","77":"11","4H":"11","58":"11","39":"11","2C":"11","48":"11","5C":"11","59":"11","7F":"11","2G":"11","88":"11","8C":"11","6H":"11","89":"11","6F":"11","8G":"11","3G":"11","4G":"11","7H":"11","3C":"11","6G":"11","49":"11","69":"11","8F":"11","4C":"11","79":"11","5F":"11","2F":"11","4F":"11","3F":"11"},"V6":{"WC":"11","V9":"11","WG":"11","XF":"11","VC":"11","XH":"11","XG":"11","WF":"11","R9":"11"},"M4":{"H4":"11","P6":"11","M5":"11","M4":"11","J3":"11","J5":"11","H3":"11","G3":"11","P5":"11","J4":"11"},"J3":{"G9":"11","PF":"11","38":"11","J9":"11","48":"11","PG":"11","HC":"11","JC":"11","JF":"11","MG":"11","27":"11","28":"11","57":"11","47":"11","37":"11","F9":"11","H9":"11","MF":"11","58":"11","MC":"11"},"W6":{"7R":"11","5Q":"11","8W":"11","8R":"11","4P":"11","6R":"11","CW":"11","6Q":"11","3J":"11","7V":"11","9W":"11","9X":"11","8V":"11","5P":"11","3M":"11","5M":"11","2H":"11","CX":"11","FX":"11","6P":"11","2J":"11","4M":"11","4J":"11"},"W7":{"P6":"11","W8":"11","M5":"11","WC":"11","R8":"11","Q7":"11","C2":"11","J4":"11","W9":"11","M6":"11","M4":"11","XF":"11","V8":"11","P5":"11","Q6":"11","G3":"11","X9":"11","H4":"11","V9":"11","H3":"11","R7":"11","F2":"11","G2":"11","XC":"11","J5":"11"},"H3":{"X8":"11","F5":"11","9C":"11","97":"11","58":"11","P8":"11","C7":"11","5C":"11","R7":"11","8G":"11","M8":"11","CF":"11","Q8":"11","59":"11","7G":"11","G6":"11","C6":"11","7F":"11","GG":"11","CG":"11","75":"11","HC":"11","F7":"11","F6":"11","67":"11","R8":"11","HF":"11","6C":"11","96":"11","P7":"11","Q7":"11","W7":"11","57":"11","66":"11","FG":"11","8F":"11","V8":"11","9F":"11","CC":"11","V7":"11","W8":"11","X7":"11","6F":"11","GC":"11","FF":"11","39":"11","GF":"11","H9":"11","G5":"11","J9":"11","76":"11","69":"11","77":"11","68":"11","J8":"11"},"G3":{"V3":"11"}},"8G":{"J8":{"F4":"11","5H":"11","5J":"11","7G":"11","2P":"11","7J":"11","5G":"11","2J":"11","2M":"11","3P":"11","6M":"11","F3":"11","7F":"11","G4":"11","6H":"11","4M":"11","6F":"11","G3":"11","8G":"11","6J":"11","H4":"11","3M":"11","3Q":"11","7H":"11","6G":"11","2R":"11","4J":"11","H3":"11","8F":"11","3J":"11","F2":"11","3H":"11","2Q":"11","G2":"11"},"44":{"3J":"11","2M":"11","2H":"11","4M":"11","2J":"11","3M":"11","3P":"11"},"GF":{"Q3":"11","P6":"11","P4":"11","Q4":"11","Q5":"11","Q6":"11","Q2":"11","P7":"11","M7":"11","P5":"11","P3":"11"},"P6":{"W2":"11","X2":"11","X3":"11"},"J7":{"V6":"11","GW":"11","V4":"11","V7":"11","HW":"11","V5":"11","GV":"11","W3":"11","R6":"11","R7":"11","GX":"11","HV":"11","W5":"11","R8":"11","V3":"11","W4":"11"},"H7":{"22":"11","32":"11"},"47":{"7R":"11","87":"11","8R":"11","8J":"11","88":"11","8M":"11","73":"11","8H":"11","7Q":"11","82":"11","7V":"11","8Q":"11","72":"11","8V":"11","86":"11","84":"11","83":"11"},"52":{"X7":"11","W8":"11","38":"11","67":"11","W6":"11","77":"11","58":"11","87":"11","39":"11","48":"11","86":"11","28":"11","57":"11","59":"11","76":"11","X9":"11","29":"11","X8":"11","49":"11","V6":"11","V7":"11","W7":"11"},"26":{"5C":"11","6F":"11","5G":"11","3F":"11","2F":"11","2G":"11","5F":"11","88":"11","3G":"11","7C":"11","4G":"11","7F":"11","69":"11","89":"11","6G":"11","79":"11","4H":"11","8C":"11","4F":"11","6C":"11"},"34":{"XJ":"11","Q5":"11","V5":"11","W8":"11","P2":"11","P3":"11","Q7":"11","J2":"11","C2":"11","W6":"11","Q4":"11","XH":"11","M4":"11","XF":"11","R6":"11","M2":"11","R5":"11","XG":"11","Q6":"11","J3":"11","Q3":"11","92":"11","P4":"11","R7":"11","V6":"11","V7":"11","F2":"11","G2":"11","W7":"11","M3":"11"},"22":{"2R":"11","2W":"11","3W":"11","3R":"11","4V":"11","3X":"11","4W":"11","2V":"11","3V":"11","4X":"11"},"25":{"C4":"11","C5":"11","GJ":"11","F5":"11","FM":"11","F8":"11","F7":"11","F9":"11","C7":"11","GM":"11","C6":"11","F6":"11"},"M6":{"2R":"11","C4":"11","C3":"11","2W":"11","C5":"11","78":"11","88":"11","97":"11","7C":"11","3R":"11","96":"11","F3":"11","2V":"11","95":"11","79":"11","F4":"11"},"23":{"J8":"11","F8":"11","M7":"11","M8":"11","RJ":"11","G8":"11","XJ":"11","PV":"11","QV":"11","RC":"11","J7":"11","RF":"11","C9":"11","QR":"11","96":"11","Q8":"11","54":"11","H7":"11","32":"11","QQ":"11","RP":"11","75":"11","F6":"11","J9":"11","52":"11","QH":"11","P8":"11","WH":"11","QC":"11","XH":"11","RH":"11","43":"11","87":"11","74":"11","73":"11","86":"11","QM":"11","C6":"11","C8":"11","P9":"11","33":"11","RG":"11","C7":"11","PC":"11","88":"11","64":"11","76":"11","QF":"11","P7":"11","G9":"11","G7":"11","QG":"11","H9":"11","H8":"11","63":"11","WG":"11","JX":"11","Q9":"11","98":"11","MX":"11","M9":"11","F9":"11","42":"11","QP":"11","72":"11","R9":"11","HX":"11","85":"11","F7":"11","97":"11","WJ":"11","84":"11","53":"11","J6":"11","95":"11","G6":"11","62":"11","H6":"11","RM":"11","MC":"11","QJ":"11"},"48":{"64":"11","73":"11","66":"11","75":"11","65":"11","74":"11"},"P5":{"VX":"11","VW":"11","VV":"11","VR":"11","RM":"11","RH":"11","F7":"11","G6":"11","QH":"11","RV":"11","QJ":"11","QM":"11","QG":"11","G5":"11","RR":"11","P7":"11","P6":"11","F6":"11","P8":"11","WX":"11","RJ":"11"},"G5":{"WX":"11","WW":"11","VV":"11","WQ":"11","VW":"11","VR":"11","WV":"11","VX":"11","WR":"11"},"46":{"7R":"11","73":"11","7X":"11","82":"11","75":"11","74":"11","7W":"11","7V":"11","72":"11","8X":"11","86":"11","85":"11","84":"11","83":"11"},"33":{"HX":"11","6J":"11","JX":"11","5J":"11","7M":"11","CW":"11","3H":"11","3J":"11","7P":"11","GX":"11","9W":"11","9X":"11","9V":"11","7J":"11","2H":"11","CX":"11","4H":"11","2J":"11","4J":"11"},"H4":{"Q3":"11","MF":"11","MH":"11","GX":"11","P8":"11","PQ":"11","Q6":"11","JW":"11","PF":"11","PJ":"11","Q8":"11","HW":"11","R2":"11","MR":"11","MG":"11","Q2":"11","PC":"11","MQ":"11","HX":"11","R3":"11","JV":"11","P9":"11","MM":"11","PM":"11","Q4":"11","GW":"11","P7":"11","PG":"11","Q7":"11","PP":"11","P6":"11","M9":"11","Q5":"11","MV":"11","R4":"11","MP":"11","MJ":"11","JR":"11","MC":"11","HV":"11"},"HC":{"57":"11","64":"11","68":"11","66":"11","56":"11","55":"11","59":"11","65":"11","58":"11","67":"11"},"H9":{"MG":"11","PF":"11","MF":"11","PC":"11","PG":"11"},"63":{"5R":"11","4R":"11","6R":"11","7R":"11","6V":"11","4Q":"11","5V":"11","5Q":"11"},"49":{"39":"11","3C":"11","38":"11","3G":"11","3F":"11"},"H5":{"F4":"11","F8":"11","9G":"11","9M":"11","CM":"11","C9":"11","8V":"11","9V":"11","F6":"11","CH":"11","7W":"11","CC":"11","7V":"11","9J":"11","CP":"11","8Q":"11","G5":"11","C8":"11","C7":"11","8X":"11","G4":"11","9F":"11","9Q":"11","H2":"11","9P":"11","G3":"11","FC":"11","9R":"11","9H":"11","CF":"11","7X":"11","F9":"11","CJ":"11","F7":"11","8R":"11","F5":"11","8W":"11","G6":"11","CG":"11","G2":"11"},"H3":{"RW":"11","RM":"11","VF":"11","VP":"11","RG":"11","VQ":"11","V6":"11","VJ":"11","RF":"11","RP":"11","QX":"11","VC":"11","RX":"11","VG":"11","RJ":"11","QW":"11","V8":"11","QV":"11","VR":"11","RQ":"11","VH":"11","RV":"11","V7":"11","RR":"11","RH":"11","VM":"11"},"42":{"X8":"11"},"24":{"CC":"11","CF":"11","9H":"11","H2":"11","J2":"11","9G":"11","CG":"11","CH":"11","9J":"11"},"45":{"8W":"11","7Q":"11","8V":"11","7W":"11","7X":"11","8X":"11","7V":"11","7R":"11"},"53":{"MJ":"11","PJ":"11","5Q":"11","FP":"11","2Q":"11","3P":"11","4P":"11","3Q":"11","PM":"11","FM":"11","9P":"11","9M":"11","MM":"11","GM":"11","4Q":"11","5P":"11","CM":"11","HM":"11","CP":"11","6P":"11"},"J6":{"VX":"11","VW":"11","XW":"11","WV":"11","XV":"11","WW":"11","WX":"11"},"G6":{"V3":"11","X7":"11","X8":"11","V2":"11","X6":"11","W3":"11","W4":"11","X3":"11","W5":"11","X4":"11","W2":"11","X5":"11"},"62":{"28":"11","29":"11"},"H6":{"3X":"11","78":"11","2P":"11","68":"11","66":"11","83":"11","3W":"11","75":"11","2J":"11","67":"11","2M":"11","3P":"11","82":"11","77":"11","4H":"11","3V":"11","58":"11","39":"11","74":"11","73":"11","2C":"11","86":"11","28":"11","57":"11","5C":"11","59":"11","2X":"11","4Q":"11","76":"11","2V":"11","4M":"11","3G":"11","4G":"11","3M":"11","3Q":"11","29":"11","2W":"11","3C":"11","49":"11","2R":"11","4J":"11","69":"11","72":"11","85":"11","4P":"11","3J":"11","4C":"11","84":"11","27":"11","2Q":"11","3H":"11","3R":"11","5F":"11","4F":"11","3F":"11"}},"6W":{"23":{"VX":"11","WX":"11"},"3F":{"V6":"11","V7":"11","W7":"11","W6":"11"},"66":{"GH":"11","GG":"11","H2":"11"},"PH":{"4P":"11","3Q":"11","4Q":"11","3P":"11"},"64":{"QQ":"11","HG":"11","VQ":"11","QR":"11","F5":"11","F3":"11","VR":"11","RQ":"11","RR":"11","HH":"11","F4":"11"},"QQ":{"FH":"11","FJ":"11","CH":"11","CJ":"11"},"65":{"JP":"11","HR":"11","FP":"11","HX":"11","HQ":"11","HP":"11","HV":"11","FM":"11","HW":"11"},"7C":{"25":"11","26":"11"},"5J":{"MJ":"11","JP":"11","PJ":"11","QQ":"11","PQ":"11","QP":"11","PM":"11","PP":"11","JM":"11","MM":"11","MH":"11"},"28":{"G8":"11","G9":"11","GC":"11"},"8H":{"CQ":"11","CP":"11"},"R2":{"54":"11","52":"11","53":"11"},"9M":{"5J":"11","4C":"11","5M":"11","5P":"11","4F":"11"},"7H":{"X7":"11","X8":"11","W8":"11"},"24":{"W2":"11","V2":"11","Q2":"11","Q3":"11"},"69":{"RX":"11","RV":"11","RW":"11"},"6X":{"MG":"11","HH":"11","JG":"11"},"22":{"X7":"11","X8":"11"},"2H":{"M8":"11","JC":"11","JF":"11","FQ":"11","CV":"11","FW":"11","CW":"11","P8":"11","P9":"11","FV":"11","M9":"11","GV":"11","MF":"11","CX":"11","MC":"11"},"2J":{"5C":"11","6C":"11"}},"FR":{"68":{"XM":"11"},"P3":{"GW":"11","GX":"11"},"C3":{"93":"11","84":"11","94":"11","C3":"11","F3":"11"},"77":{"97":"11","G2":"11","F5":"11","7X":"11","7W":"11","F3":"11","H2":"11","7V":"11","C7":"11","G3":"11","C6":"11","F6":"11","F2":"11","98":"11","99":"11"},"78":{"7G":"11","2M":"11","8G":"11","2J":"11","8H":"11","7H":"11"},"76":{"HX":"11","JV":"11","HW":"11","GX":"11","JW":"11"}},"HP":{"9P":{"C2":"11","F2":"11"},"9H":{"M3":"11","J3":"11","M4":"11","J4":"11","J5":"11","M2":"11"},"9M":{"FX":"11","FW":"11","FM":"11","CX":"11","CW":"11","CV":"11","FQ":"11","FV":"11","FR":"11","FP":"11"},"9R":{"X7":"11","X6":"11","W6":"11"},"C4":{"FQ":"11","FW":"11","CQ":"11","FR":"11","CR":"11","FV":"11","FX":"11"},"CR":{"5C":"11","6F":"11","38":"11","PV":"11","4C":"11","59":"11","JQ":"11","PW":"11","JR":"11","MQ":"11","27":"11","MR":"11","29":"11","49":"11","28":"11","QW":"11","26":"11","QV":"11","MV":"11","69":"11","39":"11","3C":"11","6C":"11"}},"78":{"7Q":{"W4":"11"}},"2X":{"MJ":{"QH":"11","MX":"11","R8":"11","R9":"11","RC":"11","RG":"11","RF":"11","R7":"11","JX":"11","QF":"11","V7":"11","QC":"11","QG":"11"},"23":{"2Q":"11"},"PF":{"99":"11","C7":"11","F5":"11","F7":"11","G6":"11","C8":"11","G5":"11","98":"11","F6":"11","G7":"11"},"PG":{"2M":"11","2J":"11","2P":"11"},"5F":{"G8":"11","G9":"11"},"MG":{"XW":"11","XX":"11","WV":"11","XV":"11","XP":"11","WW":"11","XM":"11","WX":"11"},"29":{"8J":"11"},"Q5":{"34":"11","33":"11"},"46":{"34":"11","35":"11"},"MM":{"J2":"11","JJ":"11","H7":"11","J3":"11","HG":"11","H6":"11","J4":"11","JH":"11","JG":"11"},"35":{"7M":"11","7P":"11","6M":"11"},"45":{"8V":"11","F7":"11","C8":"11","8R":"11","F8":"11","C9":"11","F6":"11"},"MH":{"WC":"11","V8":"11","X9":"11","V9":"11","WG":"11","VC":"11","W9":"11","VF":"11","VG":"11","WF":"11"},"36":{"P9":"11"},"44":{"JR":"11","JV":"11","HR":"11","HV":"11"},"FG":{"P2":"11","P3":"11","Q2":"11","Q3":"11"}},"5V":{"X7":{"2X":"11","3W":"11","4W":"11","3X":"11","5X":"11","5W":"11","6V":"11","4X":"11","5V":"11"},"P4":{"MX":"11","MV":"11","MW":"11"},"X8":{"J8":"11","XJ":"11","W8":"11","R8":"11","Q8":"11","32":"11","J9":"11","7Q":"11","52":"11","P8":"11","7R":"11","XH":"11","34":"11","W9":"11","22":"11","GQ":"11","FM":"11","VF":"11","VG":"11","35":"11","V8":"11","XM":"11","P9":"11","33":"11","RG":"11","PC":"11","FP":"11","GJ":"11","FQ":"11","WG":"11","V9":"11","Q9":"11","M9":"11","42":"11","FJ":"11","6Q":"11","6R":"11","GP":"11","MC":"11"},"Q7":{"RP":"11","RM":"11","QP":"11"},"V6":{"HQ":"11","MV":"11","PV":"11","MW":"11","PW":"11","JQ":"11","JP":"11","HP":"11","MR":"11"},"W3":{"63":"11","M5":"11","H5":"11","M4":"11","J6":"11","H6":"11","J4":"11","J5":"11"},"R2":{"RP":"11","RQ":"11","PM":"11","QQ":"11","PP":"11","QP":"11"},"F8":{"5C":"11","8F":"11","59":"11","7C":"11","69":"11","89":"11","8C":"11","6C":"11"},"W8":{"R5":"11","M5":"11","V5":"11","X2":"11","M4":"11"},"W6":{"Q4":"11","P5":"11","HR":"11","HV":"11","Q5":"11","P4":"11"},"W7":{"GH":"11","83":"11","39":"11","FM":"11","HG":"11","HC":"11","XX":"11","GJ":"11","GM":"11","GG":"11","GF":"11","2C":"11","92":"11","29":"11","HF":"11"},"X3":{"23":"11","8R":"11","8J":"11","64":"11","8M":"11","65":"11","75":"11","74":"11","26":"11","8Q":"11","25":"11","24":"11","8P":"11"},"V7":{"X9":"11"},"95":{"44":"11","GG":"11","54":"11","GF":"11","GC":"11","52":"11","43":"11","53":"11"},"X4":{"GH":"11","FH":"11","GG":"11","FG":"11"},"W2":{"VP":"11","FX":"11","FW":"11","VR":"11","CW":"11","CV":"11","PM":"11","QJ":"11","FV":"11","VM":"11","VQ":"11","PJ":"11"}},"59":{"GR":{"64":"11","69":"11","77":"11","66":"11","78":"11","72":"11","79":"11","7C":"11","76":"11","75":"11","65":"11","6C":"11"},"X8":{"5C":"11","3C":"11","49":"11","4C":"11","4F":"11","3F":"11"},"GQ":{"7X":"11"},"J5":{"5G":"11","5H":"11","4H":"11","4F":"11","4G":"11"}},"7G":{"RM":{"MP":"11","7J":"11","QQ":"11","RR":"11","GM":"11","9J":"11","WW":"11","VR":"11","FM":"11","8J":"11","WV":"11","PQ":"11","7H":"11","JQ":"11","PP":"11","RV":"11","VV":"11","QP":"11","XV":"11","MQ":"11","MR":"11","JR":"11"},"QJ":{"W9":"11","RC":"11","X8":"11","RG":"11","RF":"11","VC":"11","X9":"11","RJ":"11","W8":"11","V9":"11","RH":"11"},"VP":{"F4":"11","X7":"11","G8":"11","W8":"11","R8":"11","83":"11","H7":"11","75":"11","J9":"11","74":"11","73":"11","V8":"11","G5":"11","PC":"11","X9":"11","G7":"11","H8":"11","M9":"11","72":"11","C4":"11","85":"11","JC":"11","F5":"11","84":"11","V7":"11","94":"11","95":"11","62":"11","MC":"11","W7":"11"},"WP":{"CC":"11","48":"11","HG":"11","JJ":"11","9C":"11","JH":"11","CF":"11","FF":"11","29":"11","28":"11","GF":"11","JM":"11","57":"11","47":"11","GH":"11","HH":"11","FG":"11","58":"11","GG":"11"},"XH":{"3J":"11","3H":"11"},"RJ":{"28":"11","29":"11"},"QM":{"V7":"11","W7":"11","W8":"11"},"X2":{"XW":"11","XV":"11","XR":"11"},"WM":{"HH":"11","JH":"11","HJ":"11","JG":"11"},"WV":{"WJ":"11","XJ":"11","VH":"11","WH":"11","XH":"11"},"VX":{"PQ":"11","RM":"11","QQ":"11","QM":"11","PP":"11","QP":"11"},"VM":{"6W":"11","6V":"11","5V":"11","4R":"11","3R":"11","4V":"11","5W":"11","2V":"11","5R":"11","6X":"11","3V":"11"},"W2":{"QF":"11","PF":"11","MF":"11","QG":"11","PG":"11"}},"HW":{"94":{"8J":"11","8M":"11","6J":"11","7G":"11","6H":"11","8H":"11","8G":"11","7H":"11","8P":"11","7J":"11"},"P3":{"Q9":"11","Q4":"11","Q8":"11","P9":"11","Q3":"11","P7":"11","Q5":"11","P8":"11"},"QQ":{"6J":"11","6H":"11","7J":"11","7H":"11"},"P4":{"CF":"11","FF":"11","9H":"11","F8":"11","FC":"11","F7":"11","G6":"11","F9":"11","CG":"11","G5":"11","F6":"11","9J":"11"}},"7R":{"8W":{"PH":"11","VF":"11","PG":"11"},"H8":{"44":"11","45":"11","54":"11","43":"11","53":"11"}},"HM":{"HH":{"7M":"11","69":"11","7J":"11","79":"11","7C":"11","7F":"11","6C":"11"},"HJ":{"64":"11","6J":"11","55":"11","92":"11","93":"11","82":"11","54":"11","63":"11","72":"11","57":"11","6M":"11","56":"11","83":"11","6P":"11","53":"11"}},"6M":{"C7":{"92":"11"},"C6":{"9W":"11","9X":"11","9P":"11","CM":"11","CQ":"11","9R":"11","9Q":"11","CH":"11","CJ":"11","CP":"11"},"C8":{"2J":"11","3Q":"11","3R":"11"},"97":{"X5":"11","X4":"11","W5":"11","W6":"11","W4":"11"}},"G6":{"QW":{"96":"11","C7":"11","C6":"11","95":"11","F9":"11","F7":"11","FC":"11","G9":"11","F8":"11","F6":"11"}},"C6":{"XQ":{"CH":"11","CJ":"11"},"GX":{"R3":"11","V2":"11","Q2":"11","R4":"11","Q3":"11","R2":"11","V3":"11"},"2F":{"W2":"11","X2":"11","W3":"11","V2":"11","X3":"11","V3":"11"}},"5X":{"62":{"QW":"11","QX":"11","PX":"11"},"XG":{"JF":"11","JG":"11","HF":"11"}},"8W":{"5G":{"W2":"11","W3":"11"},"35":{"MH":"11","GH":"11","FH":"11","PH":"11","JJ":"11","GJ":"11","QJ":"11","HH":"11","JH":"11","HJ":"11","PJ":"11","MJ":"11"},"5F":{"VX":"11","WX":"11"},"G6":{"5J":"11","4J":"11","4M":"11","5M":"11"}},"GG":{"2R":{"FV":"11"}},"4J":{"9X":{"5W":"11","6V":"11","6W":"11","5V":"11"},"9H":{"5C":"11","5F":"11","59":"11"}},"4P":{"56":{"R5":"11","R4":"11","Q5":"11"},"55":{"H7":"11","QM":"11","H6":"11","QV":"11","QR":"11"}},"G4":{"RG":{"28":"11","27":"11"}},"3X":{"VF":{"MG":"11","HG":"11","HH":"11","JG":"11"},"WP":{"HX":"11"},"JW":{"XW":"11","XR":"11"},"WQ":{"H2":"11"},"CQ":{"GQ":"11"},"MW":{"4P":"11","5P":"11"},"5H":{"8G":"11"}},"4X":{"JJ":{"9G":"11","8F":"11","8C":"11","9C":"11","9F":"11"},"5Q":{"FH":"11"}},"2H":{"MJ":{"WP":"11","WM":"11","VH":"11","VJ":"11","VM":"11","XP":"11","XM":"11"},"PJ":{"MH":"11","PH":"11","RH":"11","X2":"11","QH":"11","2P":"11"},"QH":{"6W":"11","FQ":"11","CV":"11","GW":"11","FW":"11","GR":"11","CW":"11","5W":"11","CQ":"11","GP":"11","FR":"11","CR":"11","3X":"11","FV":"11","GV":"11","9W":"11","9X":"11","6X":"11","GQ":"11","CX":"11","CP":"11","5X":"11"},"QJ":{"QW":"11","RX":"11","VW":"11","M7":"11","MP":"11","QV":"11","PV":"11","MM":"11","J7":"11","QR":"11","32":"11","J4":"11","WW":"11","22":"11","M6":"11","5P":"11","PF":"11","PC":"11","PQ":"11","PR":"11","JM":"11","J3":"11","XW":"11","H4":"11","XX":"11","RW":"11","PP":"11","RV":"11","H5":"11","VX":"11","H3":"11","WX":"11","MQ":"11","J6":"11","MR":"11","MJ":"11","MH":"11","J5":"11"},"PH":{"XX":"11"},"HQ":{"M8":"11","R5":"11","C4":"11","J9":"11","C5":"11","H6":"11","R6":"11","Q7":"11","R7":"11","Q5":"11","Q6":"11","P8":"11","R2":"11","P9":"11","Q8":"11","M9":"11","H7":"11","P7":"11","G6":"11","R3":"11","C6":"11","F6":"11","J7":"11","G7":"11","MC":"11","R4":"11"},"RP":{"2Q":"11","2M":"11","3X":"11","2P":"11"},"VV":{"6W":"11","5Q":"11","8W":"11","6V":"11","5V":"11","6R":"11","7X":"11","6Q":"11","7W":"11","5R":"11","8X":"11"},"HP":{"VX":"11","VW":"11","RX":"11","VV":"11","VR":"11","RV":"11","WQ":"11","RW":"11","VQ":"11"},"QP":{"W2":"11","W3":"11","X4":"11","X3":"11","W4":"11"},"FW":{"J2":"11","J3":"11","H2":"11","J4":"11","J5":"11","H3":"11"},"VW":{"FR":"11","9M":"11","GX":"11","CM":"11","96":"11","GV":"11","93":"11","FW":"11","9J":"11","CP":"11","9X":"11","GQ":"11","GW":"11","GR":"11","FX":"11","CW":"11","8X":"11","CQ":"11","FP":"11","92":"11","FQ":"11","9W":"11","85":"11","84":"11","95":"11"},"QM":{"WX":"11","WW":"11","VV":"11","VW":"11","VR":"11","WV":"11","VX":"11","WR":"11"},"MM":{"CC":"11","9F":"11","9C":"11","CF":"11","FW":"11","CW":"11","8H":"11","9H":"11","8G":"11","9G":"11","CX":"11","FX":"11"},"RQ":{"44":"11","33":"11","56":"11","45":"11","54":"11","55":"11","43":"11","32":"11"},"Q9":{"QW":"11","QV":"11","RW":"11"},"RV":{"Q3":"11","Q4":"11","RG":"11","Q7":"11","RF":"11","VG":"11","Q5":"11","Q6":"11","Q8":"11","QF":"11","Q9":"11","VH":"11","QC":"11","RH":"11"},"VX":{"5R":"11","6R":"11","5X":"11","5W":"11","82":"11","5V":"11"},"MP":{"F8":"11","GC":"11","G8":"11","FG":"11","FH":"11","FF":"11","CC":"11","G5":"11","G4":"11","9F":"11","8C":"11","FC":"11","G9":"11","G7":"11","H4":"11","CF":"11","H5":"11","F9":"11","8F":"11","F7":"11","F2":"11","G6":"11","H6":"11","CG":"11"}},"FM":{"FC":{"7M":"11","6G":"11","6F":"11"},"C9":{"XW":"11","WW":"11"}},"F3":{"6J":{"34":"11","35":"11","25":"11"}},"M6":{"H6":{"QW":"11","PQ":"11","RX":"11","QQ":"11","QX":"11","QV":"11","QR":"11","RW":"11"},"H3":{"PH":"11","PM":"11","QM":"11","PP":"11","QP":"11","PJ":"11"}},"G8":{"P8":{"H8":"11","H7":"11","H5":"11","H6":"11"}},"HX":{"99":{"WF":"11","WH":"11","XJ":"11","WG":"11","X6":"11","WC":"11","XM":"11","X5":"11"},"98":{"XR":"11"},"C9":{"2M":"11","27":"11","3Q":"11","3R":"11","26":"11"}},"6V":{"3F":{"WJ":"11","XJ":"11","RH":"11","QJ":"11","XH":"11","RJ":"11"},"4C":{"9W":"11","C7":"11","C6":"11","CW":"11","C5":"11","C4":"11","9V":"11"},"73":{"5Q":"11","5V":"11","3G":"11","6R":"11","4V":"11","5W":"11","6Q":"11","3H":"11","4W":"11","5R":"11","5P":"11","5M":"11","5X":"11","4X":"11"},"W3":{"35":"11","36":"11"},"29":{"XR":"11","XJ":"11","QV":"11","PV":"11","WP":"11","QR":"11","9V":"11","8V":"11","RP":"11","QQ":"11","RR":"11","WQ":"11","PX":"11","8Q":"11","XP":"11","XQ":"11","WM":"11","XM":"11","WR":"11","WV":"11","PQ":"11","PR":"11","RQ":"11","9W":"11","PP":"11","RV":"11","PW":"11","QP":"11","8R":"11","WJ":"11","8W":"11","VP":"11"},"75":{"6W":"11","5W":"11","54":"11","75":"11","5X":"11","47":"11","52":"11","74":"11","6X":"11","48":"11","65":"11","46":"11","64":"11","63":"11","49":"11","5V":"11","53":"11","62":"11","56":"11"},"74":{"6W":"11","6F":"11","5Q":"11","6V":"11","64":"11","42":"11","6J":"11","65":"11","6H":"11","7C":"11","73":"11","6R":"11","5J":"11","6Q":"11","74":"11","63":"11","52":"11","69":"11","6X":"11","5H":"11","6G":"11","5P":"11","5M":"11","6M":"11","79":"11","6P":"11","5X":"11","6C":"11"},"76":{"38":"11","55":"11","46":"11","54":"11","43":"11","52":"11","47":"11","37":"11","45":"11","44":"11","36":"11","56":"11","53":"11"},"39":{"2P":"11"},"79":{"J4":"11","J5":"11"},"67":{"88":"11","87":"11","5F":"11","79":"11","89":"11","6F":"11"},"3C":{"9P":"11","3J":"11","9M":"11","4J":"11","3H":"11","9R":"11","9Q":"11","4H":"11","8R":"11","3G":"11","8Q":"11"},"4F":{"85":"11","84":"11","75":"11"},"53":{"M5":"11","M4":"11","J4":"11","J5":"11"}},"F7":{"JM":{"2H":"11","2J":"11","2G":"11"},"HM":{"JP":"11","JQ":"11","9Q":"11","JR":"11","XJ":"11","JW":"11","JX":"11","XH":"11","9P":"11","JM":"11","9M":"11","XG":"11","JV":"11","XF":"11"},"HJ":{"PQ":"11","PM":"11","PP":"11"},"HP":{"J2":"11","M3":"11","J3":"11","M4":"11","M2":"11"}},"F6":{"V4":{"VX":"11","WX":"11"},"FM":{"2J":"11"},"CM":{"XJ":"11"},"V5":{"V3":"11","V4":"11","V2":"11","W3":"11","R2":"11","W4":"11","R3":"11","W2":"11","R4":"11"},"W2":{"7M":"11","8M":"11","9P":"11","7P":"11","8J":"11","9M":"11","CM":"11","CV":"11","CQ":"11","9R":"11","9Q":"11","7J":"11","9J":"11","8R":"11","8Q":"11","9V":"11","CR":"11","CP":"11","8P":"11"},"GM":{"93":"11","84":"11","83":"11","94":"11","C3":"11","F4":"11","C4":"11"}},"4M":{"99":{"QF":"11","QC":"11","PF":"11","PC":"11"},"72":{"3J":"11","2H":"11","3H":"11","2J":"11"},"9F":{"X6":"11"}},"P2":{"3X":{"8X":"11"}},"F2":{"F7":{"RC":"11"}},"HQ":{"44":{"HX":"11","JR":"11","JV":"11","HW":"11","HV":"11","JW":"11"}},"FP":{"J8":{"QH":"11","RG":"11","WM":"11","VH":"11","XM":"11","QG":"11","RH":"11"},"4X":{"R5":"11","R8":"11","Q4":"11","R6":"11","Q7":"11","R7":"11","JW":"11","JX":"11","Q5":"11","Q6":"11","Q8":"11","R3":"11","JV":"11","R4":"11"},"44":{"M8":"11","J9":"11","JC":"11","JF":"11","HG":"11","CV":"11","X6":"11","CQ":"11","CR":"11","9R":"11","W8":"11","HF":"11","W4":"11","V8":"11","W6":"11","M9":"11","W7":"11","9W":"11","GH":"11","9V":"11","V7":"11","JG":"11","W5":"11","HH":"11","J8":"11","GG":"11","X4":"11","X5":"11"},"VW":{"PJ":"11","PR":"11","MX":"11","P6":"11","PG":"11","PH":"11","MQ":"11","PQ":"11","MR":"11","PM":"11","P8":"11","P9":"11","MW":"11","PP":"11","P7":"11","PC":"11"},"M7":{"39":"11","3C":"11","49":"11","4C":"11"},"7P":{"H8":"11","H7":"11"},"2P":{"XX":"11","XQ":"11","XP":"11","XR":"11"},"7J":{"48":"11","34":"11","37":"11","47":"11","35":"11","33":"11","24":"11","36":"11","46":"11","25":"11","45":"11","38":"11","23":"11"},"5W":{"2H":"11","2C":"11","2F":"11","2G":"11"},"54":{"42":"11","43":"11","52":"11","25":"11","24":"11","44":"11","34":"11"},"3W":{"22":"11"},"J9":{"Q7":"11","P7":"11","P6":"11"},"7Q":{"QF":"11","PF":"11","PC":"11","PG":"11"},"WQ":{"4X":"11","J8":"11","9G":"11","7J":"11","FG":"11","J7":"11","W8":"11","5W":"11","4W":"11","W9":"11","6M":"11","M6":"11","8J":"11","8H":"11","X9":"11","6J":"11","X8":"11","9H":"11","4V":"11","CF":"11","5V":"11","V7":"11","J6":"11","CG":"11","W7":"11","J5":"11"},"2M":{"R5":"11","VP":"11","VH":"11","VJ":"11","R6":"11","R7":"11","VM":"11","R4":"11"},"3V":{"48":"11","4C":"11","2W":"11","42":"11","3R":"11","49":"11","3Q":"11","46":"11","2V":"11","47":"11","37":"11","45":"11","3V":"11","36":"11"},"4W":{"VV":"11","XH":"11","X6":"11","X9":"11","VW":"11","WM":"11","W6":"11","XG":"11","XM":"11","XC":"11","XF":"11","W5":"11","WR":"11","X5":"11"},"GQ":{"52":"11"},"XQ":{"54":"11","53":"11"},"2X":{"3J":"11","2Q":"11","2M":"11","2R":"11","2H":"11","3H":"11","2J":"11","3M":"11","2P":"11","3G":"11","3P":"11"},"5R":{"6X":"11","6R":"11","5X":"11","6V":"11"},"8G":{"99":"11","8F":"11","8G":"11","8C":"11","9C":"11","89":"11"},"FQ":{"V4":"11","V5":"11","M9":"11","PC":"11","P9":"11","V3":"11","P8":"11"},"3Q":{"28":"11","25":"11","29":"11"},"2W":{"RW":"11","VF":"11","R8":"11","PV":"11","R9":"11","RC":"11","PW":"11","V6":"11","QX":"11","VC":"11","RX":"11","MW":"11","X2":"11","QW":"11","V8":"11","V9":"11","MV":"11","X3":"11","V7":"11"},"VV":{"G8":"11","F5":"11","G6":"11","G5":"11","G7":"11"},"63":{"34":"11","33":"11","24":"11","23":"11"},"6G":{"9W":"11","9X":"11"},"VX":{"J7":"11","J8":"11","M3":"11","M4":"11","J6":"11"},"JC":{"G4":"11","FM":"11","F9":"11","G3":"11","GJ":"11","F7":"11","FJ":"11","H4":"11","FC":"11","F8":"11","GC":"11","H3":"11"},"5V":{"2W":"11","2X":"11","54":"11","2F":"11","62":"11","52":"11","2G":"11","53":"11"},"GP":{"6V":"11","5V":"11","8J":"11","8M":"11","6R":"11","7M":"11","5W":"11","6Q":"11","4W":"11","7P":"11","8P":"11","5X":"11"},"53":{"4X":"11","V4":"11","6V":"11","M8":"11","6W":"11","GF":"11","GC":"11","FG":"11","X4":"11","V5":"11","GH":"11","5W":"11","FH":"11","Q8":"11","5X":"11","J9":"11","7W":"11","W6":"11","P8":"11","HG":"11","7V":"11","6X":"11","P9":"11","W5":"11","W4":"11","GG":"11","HF":"11","HC":"11","H9":"11","Q9":"11","M9":"11","FJ":"11","V6":"11","CJ":"11","JC":"11","5V":"11","V7":"11"},"HH":{"JR":"11","MR":"11"},"2Q":{"X7":"11","X8":"11","X6":"11","X2":"11","X3":"11","X4":"11","X5":"11"},"62":{"9Q":"11","HG":"11","9P":"11","HF":"11","GF":"11","8Q":"11","8P":"11","GG":"11"},"79":{"87":"11","86":"11"},"3R":{"48":"11","4C":"11","42":"11","4R":"11","3Q":"11","49":"11","46":"11","43":"11","47":"11","45":"11","4Q":"11","44":"11","4F":"11","4X":"11"}},"3J":{"9V":{"FG":"11"}},"2Q":{"32":{"8C":"11","7F":"11"},"V2":{"7Q":"11","8M":"11","7P":"11","9G":"11","8J":"11","9H":"11","CG":"11","9M":"11","9J":"11","7R":"11","8P":"11"},"W4":{"PR":"11","MX":"11","PV":"11","HX":"11","XQ":"11","JR":"11","XR":"11","GW":"11","JW":"11","JX":"11","MR":"11","HV":"11","MW":"11","MV":"11","GX":"11","XP":"11","JV":"11","HW":"11"},"4G":{"3J":"11","3H":"11","3G":"11"},"XP":{"RH":"11","QH":"11","QJ":"11","QM":"11","RJ":"11"},"X3":{"8M":"11","9M":"11","7P":"11","X7":"11","GF":"11","FG":"11","WC":"11","JF":"11","GH":"11","CM":"11","8P":"11","FH":"11","8V":"11","7Q":"11","HG":"11","7R":"11","WH":"11","WF":"11","XH":"11","9J":"11","RH":"11","FM":"11","8Q":"11","VF":"11","XF":"11","XG":"11","9Q":"11","9P":"11","GG":"11","GJ":"11","HF":"11","X9":"11","X8":"11","VH":"11","VJ":"11","FJ":"11","CJ":"11","8R":"11","WJ":"11","XC":"11"},"W5":{"J8":"11","M8":"11","M7":"11","J7":"11","M5":"11","JF":"11","H7":"11","J9":"11","J2":"11","J4":"11","HG":"11","M6":"11","M4":"11","M2":"11","J3":"11","HF":"11","JG":"11","JH":"11","H4":"11","HC":"11","H9":"11","H8":"11","H5":"11","H3":"11","JC":"11","HH":"11","J6":"11","H6":"11","M3":"11","J5":"11"},"X4":{"3F":"11","2F":"11","2G":"11","3G":"11","3H":"11","3J":"11","2C":"11","3C":"11"}},"8X":{"48":{"M8":"11"},"G8":{"G2":"11"},"M6":{"Q6":"11","P3":"11","P5":"11","P6":"11","Q5":"11","P4":"11"},"4W":{"HR":"11","HV":"11","JP":"11"}},"3R":{"8W":{"8M":"11","7M":"11","9P":"11","7P":"11","9M":"11","CM":"11","WR":"11","WV":"11","XV":"11","CP":"11","8P":"11","XR":"11"},"5C":{"2R":"11","5V":"11","2Q":"11","3P":"11","4R":"11","2P":"11","3R":"11","4V":"11","5W":"11","3Q":"11","4W":"11","2V":"11","5R":"11","5X":"11"},"7W":{"MQ":"11","VR":"11","RQ":"11","PR":"11","QR":"11","JQ":"11","RR":"11","VQ":"11"},"5F":{"85":"11","66":"11","75":"11","65":"11"},"4C":{"XV":"11","XR":"11"},"2C":{"GJ":"11","GM":"11","HH":"11","HM":"11","HJ":"11"},"4F":{"34":"11","33":"11","24":"11","23":"11"},"3F":{"X3":"11"}},"9R":{"VX":{"MX":"11","RX":"11","FX":"11","QX":"11","PX":"11","GX":"11"},"JX":{"6X":"11","7X":"11","5X":"11"},"PX":{"PX":"11"}},"6C":{"38":{"37":"11","F8":"11","GF":"11","GC":"11","7C":"11","XJ":"11","FG":"11","JF":"11","C9":"11","6C":"11","FF":"11","99":"11","38":"11","47":"11","MF":"11","HG":"11","26":"11","WH":"11","XH":"11","CC":"11","58":"11","39":"11","48":"11","28":"11","57":"11","PF":"11","C8":"11","59":"11","7F":"11","9C":"11","C7":"11","9F":"11","8C":"11","MG":"11","GG":"11","HF":"11","89":"11","6F":"11","JG":"11","FC":"11","G9":"11","G7":"11","29":"11","3C":"11","PG":"11","CF":"11","49":"11","VH":"11","98":"11","F9":"11","69":"11","8F":"11","F7":"11","4C":"11","27":"11","CG":"11","79":"11"},"48":{"HJ":"11","QJ":"11","G3":"11","WP":"11","H4":"11","P8":"11","WF":"11","J5":"11","XP":"11","VM":"11","PJ":"11","Q8":"11","HM":"11","V9":"11","4J":"11","JM":"11","2H":"11","FM":"11","M6":"11","VJ":"11","H3":"11","J6":"11","4M":"11","F2":"11","MM":"11","VP":"11","R8":"11","9M":"11","3J":"11","CM":"11","PM":"11","8M":"11","GM":"11","8J":"11","G2":"11","P7":"11","M7":"11","Q7":"11","RM":"11","XG":"11","5J":"11","RC":"11","QM":"11","VC":"11","PP":"11","QP":"11","P6":"11","6J":"11","XM":"11","H5":"11","J4":"11","RP":"11","7J":"11","RJ":"11","MP":"11","WM":"11","XF":"11","XQ":"11","R9":"11","5M":"11","2J":"11","WC":"11","JJ":"11","M5":"11"},"28":{"P6":"11","X7":"11","H6":"11","X8":"11","64":"11","42":"11","33":"11","32":"11","R6":"11","M5":"11","Q7":"11","73":"11","R7":"11","X6":"11","Q5":"11","Q6":"11","M6":"11","W8":"11","74":"11","V8":"11","43":"11","63":"11","W7":"11","52":"11","P7":"11","G5":"11","P5":"11","H5":"11","V7":"11","84":"11","53":"11"},"47":{"5H":"11","5J":"11","7P":"11","6P":"11","8V":"11","9V":"11","7Q":"11","7R":"11","CV":"11","4H":"11","6M":"11","8Q":"11","2C":"11","CX":"11","28":"11","5M":"11","FX":"11","CW":"11","3G":"11","6J":"11","4G":"11","29":"11","9R":"11","9W":"11","3C":"11","8R":"11","3F":"11"},"37":{"V3":"11","V4":"11","X7":"11","X8":"11","X6":"11","X9":"11","R2":"11","W4":"11","W6":"11","W7":"11","V5":"11","R3":"11","W5":"11"},"36":{"MJ":"11","PR":"11","G9":"11","H4":"11","HC":"11","HG":"11","GC":"11","JJ":"11","G8":"11","MQ":"11","JH":"11","QX":"11","F5":"11","PQ":"11","RX":"11","PP":"11","HF":"11","JM":"11","F7":"11","MM":"11","G6":"11","H3":"11","H9":"11","G3":"11","JG":"11","HH":"11","F6":"11","MP":"11","G7":"11"},"58":{"7P":"11","GX":"11","2P":"11","6P":"11","8V":"11","9V":"11","7Q":"11","FW":"11","2M":"11","3P":"11","5Q":"11","7R":"11","CV":"11","2H":"11","7V":"11","6M":"11","5P":"11","GW":"11","8Q":"11","5M":"11","FX":"11","2G":"11","4Q":"11","CW":"11","4M":"11","3M":"11","3Q":"11","9R":"11","9W":"11","4J":"11","6Q":"11","HX":"11","4P":"11","3J":"11","6R":"11","8R":"11","3H":"11","2Q":"11"}},"8J":{"8R":{"GH":"11","HG":"11","GG":"11","HH":"11"},"8P":{"F9":"11","FC":"11","FF":"11"}},"3M":{"2R":{"RW":"11","VP":"11","WP":"11","QX":"11","XJ":"11","RX":"11","QW":"11","WM":"11","XM":"11","RV":"11","VM":"11"},"6F":{"9G":"11","7G":"11","2P":"11","7J":"11","2J":"11","CH":"11","2M":"11","6M":"11","7M":"11","8J":"11","8H":"11","6H":"11","8G":"11","6J":"11","7H":"11","9H":"11","CG":"11"},"5G":{"F4":"11","44":"11","R4":"11","Q5":"11","M5":"11","83":"11","54":"11","93":"11","C2":"11","82":"11","J4":"11","34":"11","43":"11","25":"11","M6":"11","F3":"11","73":"11","35":"11","M4":"11","R5":"11","C3":"11","V2":"11","G4":"11","R2":"11","J3":"11","H2":"11","G3":"11","92":"11","H4":"11","H5":"11","H3":"11","72":"11","C4":"11","24":"11","53":"11","F2":"11","V3":"11","J5":"11"},"3F":{"9G":"11","7G":"11","2P":"11","PV":"11","FH":"11","5G":"11","CH":"11","3P":"11","JW":"11","PX":"11","GQ":"11","FM":"11","MW":"11","7F":"11","9F":"11","PR":"11","6H":"11","JV":"11","FP":"11","6F":"11","MV":"11","8G":"11","3M":"11","JQ":"11","HR":"11","CF":"11","6G":"11","HQ":"11","PW":"11","MX":"11","FJ":"11","8F":"11","MQ":"11","GP":"11","2Q":"11","MR":"11","CG":"11","5F":"11","JR":"11"},"2F":{"M7":"11","M8":"11","RJ":"11","R8":"11","Q8":"11","RP":"11","QQ":"11","Q7":"11","PM":"11","QH":"11","PH":"11","P8":"11","QC":"11","XP":"11","XQ":"11","PF":"11","QM":"11","P9":"11","PC":"11","RQ":"11","MG":"11","P7":"11","PJ":"11","QG":"11","PG":"11","PP":"11","Q9":"11","M9":"11","QP":"11","R7":"11","R9":"11","MJ":"11","RM":"11","MC":"11","VP":"11","QJ":"11","MH":"11","VM":"11"},"5F":{"RX":"11","XR":"11","VW":"11","XJ":"11","WP":"11","WQ":"11","9X":"11","VR":"11","XP":"11","XQ":"11","XM":"11","WR":"11","VQ":"11","RW":"11","RV":"11","VV":"11","7X":"11","VX":"11"},"3G":{"R5":"11","X5":"11","X9":"11","V4":"11","P2":"11","X7":"11","P3":"11","Q4":"11","V5":"11","W3":"11","X6":"11","X8":"11","Q2":"11","X4":"11","W5":"11","X3":"11","R4":"11","Q3":"11","Q5":"11","M2":"11","W6":"11","V3":"11","P4":"11","W4":"11"},"4R":{"XW":"11","WX":"11","XX":"11","6W":"11","8W":"11","6V":"11","2W":"11","3W":"11","5V":"11","HX":"11","XQ":"11","XR":"11","CV":"11","GW":"11","JW":"11","JX":"11","FW":"11","7X":"11","4V":"11","WQ":"11","2X":"11","CW":"11","5W":"11","3X":"11","FV":"11","7W":"11","4W":"11","7V":"11","XV":"11","GV":"11","9W":"11","9X":"11","6X":"11","XP":"11","8V":"11","XM":"11","9V":"11","WV":"11","CX":"11","5X":"11","WR":"11","4X":"11"},"6R":{"34":"11","35":"11","33":"11","24":"11","42":"11","25":"11","43":"11","32":"11","23":"11","26":"11"},"3R":{"QX":"11","VX":"11","GQ":"11","7Q":"11","CH":"11","4G":"11","XW":"11","QQ":"11","5P":"11","7G":"11","RW":"11","RV":"11","XV":"11","RQ":"11","4J":"11","7P":"11","6P":"11","QV":"11","2H":"11","FM":"11","WX":"11","WW":"11","5Q":"11","QR":"11","3G":"11","RR":"11","FP":"11","3J":"11","VW":"11","4H":"11","5H":"11","5J":"11","RX":"11","6J":"11","QW":"11","7J":"11","7M":"11","FJ":"11","CJ":"11","5M":"11","FQ":"11","6Q":"11","2J":"11","2G":"11","7H":"11","FH":"11","3H":"11","6H":"11","GP":"11"},"4V":{"23":"11","P6":"11","P4":"11","M2":"11","M5":"11","Q7":"11","R7":"11","W3":"11","M4":"11","Q5":"11","Q6":"11","J3":"11","W4":"11","X2":"11","H2":"11","P7":"11","J2":"11","M3":"11","H3":"11","X3":"11","P5":"11","P3":"11","22":"11","X4":"11","W2":"11","J4":"11"},"6Q":{"4X":"11"},"4G":{"9C":"11","P8":"11","CH":"11","4G":"11","R7":"11","W6":"11","8G":"11","5G":"11","CF":"11","HH":"11","7G":"11","V6":"11","GG":"11","4J":"11","8H":"11","CG":"11","27":"11","M6":"11","HC":"11","3G":"11","J6":"11","3F":"11","8C":"11","HF":"11","6G":"11","4H":"11","8J":"11","5H":"11","JF":"11","P7":"11","M7":"11","Q7":"11","5J":"11","28":"11","W7":"11","29":"11","P6":"11","FG":"11","V8":"11","8F":"11","7J":"11","CC":"11","2C":"11","5F":"11","V7":"11","J7":"11","W8":"11","3C":"11","26":"11","5M":"11","2F":"11","FF":"11","C9":"11","JC":"11","99":"11","GF":"11","H9":"11","J9":"11","GH":"11","7H":"11","FH":"11","HG":"11","3H":"11","6H":"11","FC":"11","J8":"11"},"2V":{"P2":"11","C4":"11","Q3":"11","87":"11","C5":"11","78":"11","M2":"11","3P":"11","77":"11","97":"11","2P":"11","G2":"11","F5":"11","7M":"11","2M":"11","96":"11","F3":"11","7H":"11","Q2":"11","G4":"11","69":"11","68":"11","G3":"11","86":"11","P3":"11","7J":"11","3M":"11","95":"11","79":"11","F4":"11","94":"11"},"69":{"H4":"11","H3":"11"},"5R":{"5H":"11","5J":"11","9M":"11","X7":"11","7C":"11","2P":"11","RC":"11","W8":"11","RF":"11","WC":"11","JF":"11","GH":"11","CM":"11","FH":"11","6C":"11","5G":"11","CH":"11","X6":"11","2M":"11","3P":"11","W6":"11","MF":"11","HG":"11","WF":"11","QC":"11","HJ":"11","9J":"11","W9":"11","VF":"11","V8":"11","PF":"11","5M":"11","8J":"11","7F":"11","RG":"11","4Q":"11","8H":"11","6H":"11","MG":"11","GG":"11","4M":"11","GJ":"11","HF":"11","6F":"11","JG":"11","X9":"11","QF":"11","X5":"11","JH":"11","3M":"11","3Q":"11","X8":"11","QG":"11","7H":"11","9H":"11","PG":"11","6G":"11","V9":"11","FJ":"11","CJ":"11","4P":"11","V7":"11","HH":"11","2Q":"11","W7":"11","VC":"11"},"3V":{"W2":"11","X3":"11"},"58":{"VP":"11","WH":"11","VJ":"11","WP":"11","VG":"11","WQ":"11","WM":"11","VH":"11","VM":"11","WJ":"11"},"5X":{"QX":"11"}},"4W":{"9P":{"M5":"11","M6":"11"}},"96":{"85":{"2C":"11","2F":"11","4F":"11","3G":"11","4G":"11","3F":"11"},"3J":{"GH":"11","GG":"11"},"28":{"7Q":"11","8M":"11","7M":"11","7P":"11","8V":"11","8J":"11","7W":"11","7J":"11","7V":"11","7R":"11","8R":"11","8Q":"11","8P":"11"},"75":{"XC":"11","WC":"11","V8":"11","X9":"11","V7":"11","W7":"11","XF":"11","W9":"11","W8":"11"}},"9X":{"23":{"2W":"11","2X":"11"}},"F9":{"JV":{"RV":"11","PV":"11","QV":"11","PR":"11","QR":"11"},"MV":{"93":"11","85":"11","95":"11","94":"11","C2":"11","C3":"11","92":"11"},"MR":{"CX":"11"}},"6X":{"MX":{"X2":"11","X4":"11","X3":"11"},"HR":{"9P":"11","9M":"11","X2":"11","9J":"11"},"PG":{"R5":"11","V5":"11"},"JQ":{"2X":"11","3X":"11"},"PW":{"2X":"11"},"HG":{"28":"11","4M":"11","3M":"11","29":"11"},"Q4":{"H4":"11","H3":"11"},"MG":{"28":"11","27":"11","29":"11"},"JJ":{"5G":"11","3F":"11","8M":"11","9P":"11","4G":"11","9M":"11","8P":"11","5H":"11","4H":"11","CP":"11","4F":"11"},"JR":{"44":"11","36":"11","46":"11","45":"11","22":"11","32":"11"},"HQ":{"XX":"11"},"HJ":{"C4":"11","C3":"11","PF":"11","W9":"11","C2":"11","92":"11","93":"11","QF":"11","WC":"11","MF":"11","QC":"11","PC":"11","MC":"11","94":"11"},"XR":{"QW":"11","JM":"11","RV":"11","QX":"11","PX":"11","QV":"11","PW":"11","RR":"11","RW":"11"},"MR":{"V8":"11","V7":"11","V9":"11","VC":"11"},"GR":{"7R":"11","FP":"11","5V":"11","FQ":"11","6R":"11","GP":"11","7Q":"11","6Q":"11","5R":"11","GQ":"11"},"MW":{"P2":"11","Q4":"11","P3":"11","XX":"11","WR":"11","XQ":"11","WG":"11","Q2":"11","WH":"11","Q3":"11","XR":"11"},"MM":{"6F":"11","5G":"11","8J":"11","5F":"11","7G":"11","8H":"11","7H":"11","GX":"11","CJ":"11","6G":"11","7J":"11","FX":"11","9J":"11"},"XV":{"P6":"11","Q4":"11","JJ":"11","HJ":"11","JH":"11","Q5":"11","M6":"11","JM":"11","MM":"11","Q2":"11","P7":"11","J6":"11"},"MV":{"PR":"11","PJ":"11","PF":"11","PG":"11","PH":"11","PW":"11","PQ":"11","JW":"11","JX":"11","PM":"11","MW":"11","PP":"11","MM":"11","PX":"11","JV":"11","MF":"11","MP":"11"},"PX":{"5H":"11","5J":"11","FV":"11","GV":"11","FW":"11","4H":"11","22":"11","9X":"11","GW":"11","2C":"11","23":"11","CX":"11","28":"11","GR":"11","FX":"11","JV":"11","HV":"11","3G":"11","29":"11","HR":"11","4J":"11","24":"11","JR":"11","2F":"11","3F":"11"},"JG":{"X7":"11","X8":"11"},"HH":{"5Q":"11","48":"11","8W":"11","55":"11","54":"11","6Q":"11","7W":"11","7V":"11","57":"11","47":"11","45":"11","9X":"11","44":"11","5P":"11","6P":"11"},"MP":{"MJ":"11","J9":"11","JC":"11","JF":"11","H8":"11","JJ":"11","MM":"11","JG":"11","J8":"11"},"GG":{"X9":"11","X8":"11"}},"6R":{"24":{"2W":"11","3W":"11","4R":"11","4P":"11","5J":"11","3R":"11","4V":"11","2V":"11","3V":"11","4Q":"11","5P":"11","5M":"11"},"2F":{"2Q":"11","2R":"11","2F":"11","2G":"11"},"23":{"7G":"11","84":"11","83":"11"}},"H2":{"5H":{"69":"11","79":"11","59":"11","6C":"11"},"78":{"CC":"11","C8":"11","9F":"11","9C":"11","97":"11","93":"11","96":"11","C7":"11","85":"11","95":"11","84":"11","C9":"11","83":"11","99":"11","98":"11","94":"11"}},"7X":{"62":{"7R":"11","2R":"11","2W":"11","3W":"11","2Q":"11","2P":"11","6R":"11","2X":"11","7Q":"11","3X":"11","9R":"11","8Q":"11","2V":"11","9W":"11","9X":"11","3V":"11","9V":"11"},"2W":{"F4":"11","F8":"11","GF":"11","78":"11","GC":"11","FF":"11","32":"11","52":"11","JW":"11","22":"11","C5":"11","MW":"11","33":"11","C3":"11","88":"11","JV":"11","HV":"11","89":"11","HF":"11","FC":"11","HC":"11","HR":"11","JX":"11","HQ":"11","MX":"11","F9":"11","C4":"11","F7":"11","F5":"11","79":"11","JR":"11"},"33":{"MX":"11","Q3":"11","R8":"11","R9":"11","RC":"11","Q4":"11","V2":"11","Q7":"11","RF":"11","R2":"11","MW":"11","QF":"11","Q8":"11","R3":"11","QC":"11","W2":"11"},"32":{"VX":"11"},"73":{"2J":"11"},"2X":{"M8":"11","RC":"11","XQ":"11","WH":"11","M2":"11","RF":"11","WP":"11","P8":"11","P9":"11","J3":"11","WM":"11","QF":"11","H2":"11","J2":"11","H3":"11","M7":"11","XP":"11","QC":"11","WJ":"11"},"3X":{"2W":"11","2X":"11","2V":"11"},"63":{"M8":"11","V3":"11","C4":"11","V4":"11","W9":"11","R8":"11","R9":"11","C5":"11","WH":"11","R6":"11","V6":"11","XJ":"11","R7":"11","VC":"11","92":"11","P8":"11","93":"11","P9":"11","82":"11","75":"11","74":"11","96":"11","V9":"11","V5":"11","WC":"11","VH":"11","86":"11","85":"11","95":"11","84":"11","83":"11","F4":"11","WJ":"11","94":"11"},"52":{"F8":"11","RJ":"11","XJ":"11","83":"11","96":"11","82":"11","QH":"11","RH":"11","74":"11","73":"11","C8":"11","C7":"11","RG":"11","QG":"11","VH":"11","VJ":"11","72":"11","85":"11","F7":"11","WJ":"11","84":"11","95":"11","62":"11"},"35":{"42":"11","33":"11","26":"11","43":"11","52":"11","35":"11","25":"11","36":"11","34":"11"},"2V":{"5X":"11"},"25":{"R5":"11","J9":"11","HC":"11","H8":"11","R6":"11","Q7":"11","X6":"11","M6":"11","V5":"11","M7":"11","H9":"11","J8":"11"},"34":{"6W":"11","H4":"11","6V":"11","M2":"11","9H":"11","7Q":"11","8H":"11","FC":"11","8G":"11","J5":"11","J2":"11","9G":"11","7P":"11","F9":"11","CG":"11","6X":"11","G5":"11","H5":"11","5X":"11","J4":"11","4X":"11"},"6C":{"MP":"11","X4":"11","Q8":"11","GV":"11","X6":"11","W6":"11","MF":"11","QC":"11","GR":"11","R6":"11","PF":"11","JM":"11","W5":"11","HV":"11","MG":"11","JP":"11","QF":"11","X5":"11","QG":"11","JQ":"11","HR":"11","PG":"11","HQ":"11","Q9":"11","R7":"11","MQ":"11","JR":"11"}},"CP":{"X7":{"HG":"11","HC":"11","F2":"11","H9":"11","HF":"11"},"4R":{"V3":"11","V4":"11","V2":"11","W3":"11","R2":"11","W4":"11","X2":"11","Q2":"11","X3":"11","W5":"11","X4":"11","W2":"11","X5":"11"},"HW":{"6Q":"11","6P":"11","6M":"11","5M":"11","5P":"11","5Q":"11"},"RF":{"28":"11","3C":"11","27":"11","2C":"11","2F":"11","29":"11"},"5W":{"F5":"11","QJ":"11","VX":"11","MH":"11","VR":"11","PQ":"11","QQ":"11","F4":"11","PR":"11","PJ":"11","RW":"11","JG":"11","RV":"11","G6":"11","RQ":"11","MG":"11","QV":"11","PH":"11","WX":"11","F3":"11","C2":"11","G8":"11","HC":"11","QR":"11","F7":"11","F6":"11","RR":"11","MM":"11","VW":"11","PM":"11","HF":"11","JF":"11","C4":"11","QM":"11","PP":"11","QP":"11","RX":"11","RP":"11","MP":"11","MJ":"11","G7":"11","GC":"11","C3":"11","JC":"11","H8":"11","H9":"11","C5":"11","VV":"11","G5":"11","J9":"11","HG":"11","G9":"11"},"9V":{"V4":"11","X7":"11","R4":"11","Q5":"11","V5":"11","W8":"11","P2":"11","WC":"11","X6":"11","W6":"11","Q4":"11","W9":"11","Q2":"11","V8":"11","R6":"11","R5":"11","Q6":"11","W5":"11","X9":"11","Q3":"11","X8":"11","V9":"11","R7":"11","V6":"11","V7":"11","W7":"11","XC":"11"},"FV":{"J6":"11","P8":"11","8F":"11","F6":"11","Q4":"11","M7":"11","6G":"11","69":"11","H7":"11","4G":"11","Q6":"11","CG":"11","98":"11","79":"11","F7":"11","78":"11","H4":"11","2F":"11","CC":"11","89":"11","7G":"11","R8":"11","W5":"11","77":"11","4H":"11","P7":"11","Q7":"11","FF":"11","C9":"11","C8":"11","2M":"11","6F":"11","M5":"11","G8":"11","7F":"11","C7":"11","C5":"11","C6":"11","F5":"11","9F":"11","3F":"11","R5":"11","F4":"11","7C":"11","H6":"11","G4":"11","9C":"11","V7":"11","V5":"11","J7":"11","G9":"11","99":"11","J5":"11","5G":"11","3H":"11","H8":"11","8G":"11","CF":"11","6C":"11","M8":"11","8C":"11","F8":"11","3G":"11","5C":"11","9G":"11","4F":"11","3J":"11","R7":"11","G5":"11","V6":"11","H5":"11","2C":"11","88":"11","X7":"11","49":"11","W6":"11","G7":"11","H9":"11","GC":"11","96":"11","J4":"11","Q8":"11","P4":"11","W8":"11","HC":"11","68":"11","F9":"11","4C":"11","59":"11","48":"11","2G":"11","3C":"11","W7":"11","2J":"11","Q5":"11","58":"11","87":"11","G6":"11","R6":"11","M6":"11","J8":"11","P6":"11","J9":"11","FC":"11","2H":"11","P5":"11","M4":"11","97":"11","5F":"11"},"5G":{"2P":"11"},"5X":{"V3":"11","V4":"11","X7":"11","X8":"11","WH":"11","XQ":"11","V2":"11","V6":"11","XR":"11","XJ":"11","X6":"11","XH":"11","W3":"11","X2":"11","W4":"11","W6":"11","W7":"11","V5":"11","XG":"11","XP":"11","X3":"11","XM":"11","XC":"11","XF":"11","W5":"11","WJ":"11","X4":"11","W2":"11","X5":"11"},"X6":{"FX":"11","2H":"11","2J":"11","2G":"11"},"W6":{"VW":"11","RJ":"11","XJ":"11","MP":"11","PV":"11","MM":"11","WP":"11","QQ":"11","WQ":"11","PM":"11","QH":"11","PX":"11","XH":"11","VR":"11","XP":"11","XQ":"11","WM":"11","QM":"11","MW":"11","XM":"11","WR":"11","WV":"11","PQ":"11","PR":"11","MV":"11","PP":"11","VV":"11","PW":"11","VX":"11","MX":"11","QP":"11","MQ":"11","MR":"11","RM":"11","QJ":"11"},"JW":{"J2":"11","J3":"11","G6":"11","H5":"11","H4":"11","M4":"11","J4":"11","H2":"11","G5":"11","H3":"11"},"CV":{"HJ":"11","CR":"11","QJ":"11","WP":"11","MH":"11","CQ":"11","VR":"11","CH":"11","PQ":"11","4G":"11","9H":"11","QQ":"11","5G":"11","XP":"11","PR":"11","VM":"11","PJ":"11","HP":"11","HH":"11","WJ":"11","HM":"11","JG":"11","6M":"11","MR":"11","8W":"11","RQ":"11","MG":"11","GG":"11","8H":"11","PH":"11","JM":"11","CG":"11","WQ":"11","FM":"11","MQ":"11","VJ":"11","QR":"11","3G":"11","JQ":"11","3F":"11","MM":"11","FP":"11","VP":"11","9M":"11","CM":"11","QG":"11","PM":"11","9P":"11","4F":"11","8X":"11","8M":"11","VQ":"11","VH":"11","9G":"11","9W":"11","6G":"11","4H":"11","9R":"11","GM":"11","RH":"11","8J":"11","5H":"11","XH":"11","9X":"11","PG":"11","JH":"11","XG":"11","RM":"11","5J":"11","QM":"11","28":"11","CP":"11","XJ":"11","PP":"11","QP":"11","29":"11","XM":"11","6J":"11","QH":"11","WH":"11","RP":"11","7J":"11","7M":"11","RJ":"11","JP":"11","FJ":"11","MP":"11","WM":"11","2C":"11","5F":"11","WR":"11","MJ":"11","CJ":"11","3C":"11","6F":"11","CV":"11","2F":"11","9Q":"11","39":"11","9J":"11","2G":"11","JJ":"11","9V":"11","GH":"11","7H":"11","FH":"11","GJ":"11","HG":"11","3H":"11","6H":"11","4C":"11","GP":"11"},"GW":{"V8":"11","V9":"11","RC":"11","VC":"11","R8":"11","R9":"11"},"6X":{"2R":"11","2F":"11","2W":"11","3W":"11","2G":"11","2Q":"11","2P":"11","3R":"11","2X":"11","2M":"11","3X":"11","2V":"11","3V":"11","2H":"11","2J":"11"},"57":{"J7":"11","M5":"11","M6":"11","W2":"11","V2":"11","M4":"11","J6":"11","J5":"11"},"4Q":{"QX":"11","QJ":"11","VX":"11","MF":"11","H4":"11","P8":"11","J5":"11","M8":"11","QQ":"11","QF":"11","PF":"11","PJ":"11","Q8":"11","RW":"11","RF":"11","RV":"11","RQ":"11","QV":"11","PH":"11","J2":"11","PC":"11","M6":"11","H3":"11","QR":"11","J6":"11","RR":"11","P9":"11","J3":"11","Q9":"11","VW":"11","QG":"11","PM":"11","RH":"11","P7":"11","PG":"11","M7":"11","RM":"11","H2":"11","RC":"11","QM":"11","QP":"11","P6":"11","RX":"11","M9":"11","QW":"11","QH":"11","QC":"11","J4":"11","RP":"11","RJ":"11","M4":"11","J7":"11","R9":"11","VV":"11","M5":"11","MC":"11","RG":"11"},"5R":{"23":"11","48":"11","46":"11","26":"11","35":"11","47":"11","25":"11","24":"11","45":"11","36":"11","44":"11","34":"11"},"JV":{"HX":"11","JX":"11","HW":"11","HV":"11","JW":"11"},"FP":{"CC":"11","C8":"11","FP":"11","FQ":"11","9C":"11","97":"11","FH":"11","GW":"11","CF":"11","FM":"11","GX":"11","CG":"11","C7":"11","CJ":"11","CM":"11","C9":"11","CH":"11","CP":"11","98":"11","99":"11","FJ":"11"},"QF":{"W9":"11","WF":"11","X7":"11","X8":"11","WG":"11","X9":"11","W8":"11","XG":"11","WC":"11","XC":"11","XF":"11"},"4G":{"WP":"11","VP":"11","XQ":"11","WQ":"11","XP":"11","VQ":"11"},"FQ":{"G3":"11","G2":"11"},"9R":{"2R":"11","QX":"11","GQ":"11","CW":"11","FW":"11","2P":"11","6W":"11","FR":"11","5P":"11","PR":"11","5V":"11","7R":"11","MR":"11","8W":"11","4P":"11","4Q":"11","7V":"11","5Q":"11","6V":"11","4R":"11","PV":"11","2Q":"11","8X":"11","9W":"11","3R":"11","PX":"11","9X":"11","GR":"11","6R":"11","QW":"11","MV":"11","3P":"11","7W":"11","FV":"11","CV":"11","5R":"11","FQ":"11","6Q":"11","PW":"11","MW":"11","9V":"11","8V":"11","CX":"11","3Q":"11"},"XX":{"XQ":"11","XR":"11"},"R7":{"JP":"11","JQ":"11","JJ":"11","JR":"11","HJ":"11","GJ":"11","MQ":"11","JW":"11","HP":"11","MR":"11","JM":"11","MV":"11","JV":"11","GH":"11","HM":"11","HH":"11","MP":"11"},"V6":{"6X":"11","JX":"11","JR":"11","JV":"11","7X":"11","JQ":"11","6W":"11","JW":"11"},"4P":{"F8":"11","GF":"11","GX":"11","GC":"11","FG":"11","HW":"11","GH":"11","C9":"11","FH":"11","FF":"11","GV":"11","HM":"11","CH":"11","JW":"11","CC":"11","HJ":"11","GM":"11","GQ":"11","GW":"11","FM":"11","HP":"11","GR":"11","C8":"11","C7":"11","JV":"11","HV":"11","FP":"11","GG":"11","GJ":"11","FC":"11","HR":"11","CF":"11","JX":"11","HQ":"11","F9":"11","FJ":"11","HX":"11","GP":"11","CG":"11"},"8R":{"RM":"11","VP":"11","QQ":"11","XQ":"11","RP":"11","WP":"11","MQ":"11","PQ":"11","QP":"11","PP":"11","RQ":"11","XP":"11","MP":"11","VM":"11"},"V7":{"62":"11","64":"11","73":"11","82":"11","J3":"11","63":"11","72":"11","J2":"11"},"W7":{"V3":"11","P3":"11","J5":"11","HM":"11","H7":"11","V6":"11","GG":"11","M3":"11","JM":"11","FM":"11","M2":"11","HC":"11","J6":"11","P2":"11","J3":"11","CM":"11","V2":"11","HF":"11","V5":"11","JH":"11","V4":"11","CP":"11","J4":"11","M4":"11","FJ":"11","V7":"11","J7":"11","CJ":"11","H8":"11","GF":"11","H9":"11","JJ":"11","M5":"11","J9":"11","GH":"11","FH":"11","GJ":"11","HG":"11","J8":"11"},"56":{"XW":"11","WX":"11","WW":"11","XQ":"11","XR":"11","XV":"11","WV":"11","VX":"11","WR":"11"}},"FX":{"73":{"P6":"11","PV":"11","MM":"11","Q5":"11","P2":"11","P3":"11","Q8":"11","Q7":"11","PM":"11","Q4":"11","PH":"11","P8":"11","PX":"11","Q2":"11","PF":"11","P5":"11","MW":"11","P9":"11","PC":"11","PQ":"11","Q6":"11","PR":"11","MG":"11","Q3":"11","P7":"11","PJ":"11","PG":"11","PP":"11","PW":"11","Q9":"11","MX":"11","MQ":"11","MR":"11","MJ":"11"},"82":{"48":"11","47":"11","33":"11","46":"11","49":"11","45":"11","32":"11"},"74":{"P2":"11","C3":"11","PF":"11","H4":"11","H6":"11","M2":"11","C2":"11","93":"11","J3":"11","F3":"11","M9":"11","J5":"11","G4":"11","J2":"11","M3":"11","H3":"11","J6":"11","G5":"11","G3":"11","P3":"11","H5":"11","J8":"11","F2":"11","PC":"11","J7":"11","MC":"11","J4":"11"}},"FG":{"33":{"WC":"11","V8":"11","V9":"11","W9":"11"},"QR":{"PM":"11","PP":"11"},"CV":{"RH":"11","PM":"11","QH":"11","QJ":"11","QM":"11","PJ":"11"},"7X":{"68":"11","78":"11","79":"11"},"CW":{"J7":"11","M5":"11","J8":"11","H8":"11","J9":"11","H7":"11","HC":"11","M4":"11","J6":"11","J5":"11","GC":"11","H9":"11"},"QV":{"4R":"11","G8":"11","C9":"11","99":"11","VG":"11","C8":"11","5C":"11","59":"11","2X":"11","4Q":"11","88":"11","2V":"11","4M":"11","G7":"11","3Q":"11","2W":"11","VH":"11","H5":"11","2R":"11","98":"11","4J":"11","4P":"11","J6":"11","H6":"11","J5":"11"},"45":{"FH":"11","GG":"11","FG":"11"},"9X":{"6M":"11","5M":"11"},"9V":{"63":"11","64":"11","77":"11","66":"11","78":"11","76":"11","75":"11","65":"11","53":"11"},"39":{"PR":"11","QR":"11"}},"6J":{"JJ":{"2M":"11","2J":"11","3M":"11","2P":"11","3P":"11"},"MV":{"9W":"11","9R":"11","9V":"11"},"PV":{"6Q":"11","6P":"11"},"MW":{"J7":"11","M6":"11","RH":"11","QH":"11","J6":"11","M7":"11"},"PW":{"5C":"11","6F":"11","66":"11","59":"11","78":"11","64":"11","77":"11","65":"11","55":"11","7C":"11","54":"11","43":"11","76":"11","57":"11","7F":"11","69":"11","68":"11","44":"11","67":"11","79":"11","58":"11","6C":"11","53":"11"},"HJ":{"WP":"11","WJ":"11","WM":"11","XJ":"11","WH":"11","XP":"11","XM":"11"}},"J4":{"JX":{"6X":"11","7X":"11"}},"2V":{"85":{"6X":"11"},"H8":{"6J":"11","6H":"11"},"F9":{"HJ":"7"},"42":{"CF":"11","6Q":"11","6R":"11","C8":"11","98":"11","59":"11","9F":"11"},"43":{"H8":"11","G8":"11","W3":"11","93":"2","83":"2","G7":"11","W2":"11","94":"2"}},"3P":{"4X":{"8H":"11","P8":"11","Q4":"11","9H":"11","M7":"11","Q6":"11","CG":"11","M9":"11","3Q":"11","R4":"11","2P":"11","FH":"11","FJ":"11","7H":"11","2R":"11","8M":"11","R2":"11","P7":"11","FF":"11","Q2":"11","2M":"11","CM":"11","6M":"11","GG":"11","M5":"11","3P":"11","5J":"11","9F":"11","R3":"11","2V":"11","J7":"11","G9":"11","7M":"11","8G":"11","CF":"11","6P":"11","M8":"11","4M":"11","JF":"11","5M":"11","8J":"11","9G":"11","GH":"11","JC":"11","7J":"11","9M":"11","GF":"11","9J":"11","P9":"11","6J":"11","3M":"11","HF":"11","CH":"11","H9":"11","GC":"11","HC":"11","2J":"11","Q5":"11","2Q":"11","CJ":"11","5H":"11","M6":"11","J8":"11","FG":"11","4P":"11","FC":"11","J9":"11","P6":"11","2H":"11","6H":"11","P5":"11"},"3X":{"XW":"11","WW":"11","XQ":"11","VQ":"11","XR":"11","VV":"11","WP":"11","XJ":"11","XH":"11","WQ":"11","VW":"11","XV":"11","VR":"11","XP":"11","XM":"11","RV":"11","WV":"11","RR":"11","VX":"11","WR":"11"},"5W":{"8M":"11","5H":"11","5J":"11","7P":"11","2P":"11","7J":"11","8P":"11","9V":"11","8V":"11","5G":"11","2J":"11","7Q":"11","FW":"11","2M":"11","3P":"11","4H":"11","7M":"11","9X":"11","8Q":"11","CX":"11","FX":"11","8J":"11","CW":"11","8X":"11","9Q":"11","2V":"11","6H":"11","9P":"11","4M":"11","6J":"11","3M":"11","3Q":"11","9R":"11","9W":"11","2R":"11","4J":"11","4P":"11","3J":"11","8R":"11","8W":"11","3H":"11","2Q":"11"},"3W":{"24":"11","25":"11"},"5X":{"F5":"11","QX":"11","VX":"11","93":"11","MH":"11","92":"11","F4":"11","RW":"11","JG":"11","RV":"11","G6":"11","C6":"11","H7":"11","MG":"11","82":"11","QV":"11","PC":"11","WX":"11","F3":"11","WW":"11","C2":"11","G8":"11","QR":"11","F7":"11","F6":"11","F2":"11","RR":"11","VW":"11","JF":"11","JH":"11","C4":"11","RX":"11","QW":"11","XX":"11","MJ":"11","G7":"11","C3":"11","JC":"11","H8":"11","C5":"11","VV":"11","JJ":"11","J9":"11","MC":"11","J8":"11"},"38":{"C7":"11","39":"11","C6":"11","3C":"11","F7":"11","2C":"11","2F":"11","F6":"11"},"47":{"F4":"11","7G":"11","7J":"11","P2":"11","6P":"11","P3":"11","96":"11","5Q":"11","7M":"11","87":"11","C5":"11","5P":"11","Q2":"11","C6":"11","7F":"11","C7":"11","5R":"11","G4":"11","6H":"11","Q3":"11","6J":"11","7H":"11","4V":"11","6Q":"11","97":"11","5V":"11","F5":"11"},"52":{"X9":"11","X8":"11","W9":"11","Q2":"11","R2":"11","W8":"11"},"4W":{"RW":"11","VQ":"11","QR":"11","XR":"11","VV":"11","QX":"11","RX":"11","WQ":"11","QW":"11","QV":"11","XV":"11","VR":"11","RQ":"11","RV":"11","WV":"11","RR":"11","WR":"11"},"GW":{"2W":"11","3W":"11"},"28":{"XC":"11","WG":"11","XF":"11","WH":"11","XH":"11","XG":"11"},"46":{"VW":"11","RX":"11","QX":"11","RW":"11"},"2V":{"H2":"11","H3":"11"},"29":{"GH":"11","FH":"11","GJ":"11","GG":"11","GF":"11","HF":"11"},"3C":{"QW":"11","RX":"11","MP":"11","QV":"11","PV":"11","QR":"11","QQ":"11","HM":"11","HJ":"11","HP":"11","PQ":"11","JM":"11","PR":"11","JP":"11","MV":"11","JQ":"11","RW":"11","HQ":"11","PW":"11","MQ":"11","MR":"11","JR":"11"},"2R":{"HX":"11","GW":"11","HW":"11","GV":"11","HV":"11"},"62":{"CC":"11","6F":"11","3F":"11","2F":"11","4C":"11","7C":"11","CF":"11","7F":"11","6G":"11","2C":"11","3C":"11","6C":"11"},"5F":{"G9":"11","3F":"11","2F":"11","J9":"11","2G":"11","HC":"11","JC":"11","GC":"11","G8":"11","P9":"11","F8":"11","F9":"11","H9":"11","QC":"11","PC":"11"},"QJ":{"CC":"11","FH":"11","FC":"11","F9":"11","CG":"11","FG":"11","CH":"11"},"4F":{"VF":"11","WF":"11","H8":"11","RF":"11","WG":"11","VG":"11","P9":"11","Q9":"11","XG":"11","QC":"11","XF":"11","J8":"11","PC":"11"}},"7W":{"62":{"V8":"11","X7":"11","V9":"11","RC":"11","X6":"11","VC":"11","R9":"11"},"55":{"8F":"11","48":"11","59":"11","7G":"11","49":"11","8H":"11","8G":"11","7H":"11","7F":"11","25":"11","24":"11","9X":"11","8X":"11"},"54":{"3F":"11","38":"11","2P":"11","27":"11","2M":"11","26":"11","37":"11","36":"11","39":"11","2H":"11","3C":"11"},"26":{"PH":"11","GW":"11","JR":"11","MQ":"11","PM":"11","JQ":"11","PJ":"11"},"43":{"XJ":"11","MP":"11","FV":"11","GV":"11","FW":"11","PM":"11","CV":"11","9X":"11","GW":"11","XP":"11","CX":"11","6X":"11","QM":"11","XM":"11","HV":"11","PJ":"11","JQ":"11","HR":"11","7X":"11","MQ":"11","RM":"11","QJ":"11"},"35":{"M5":"11","F9":"11","HC":"11","H5":"11","FC":"11","H6":"11","G9":"11","J4":"11","J5":"11","GC":"11","H9":"11"},"72":{"27":"11","26":"11"},"57":{"V6":"11","R5":"11","XC":"11","WC":"11","R3":"11","X9":"11","XJ":"11","Q4":"11","V5":"11","XF":"11","X8":"11","W9":"11","Q2":"11","R4":"11","XM":"11","XG":"11","Q3":"11","R2":"11","Q5":"11","W6":"11"},"68":{"R5":"11","C3":"11","H4":"11","X7":"11","H6":"11","R6":"11","V6":"11","C2":"11","G2":"11","X6":"11","W6":"11","F3":"11","W7":"11","G4":"11","H3":"11","V5":"11","G5":"11","G3":"11","H5":"11","W5":"11","F2":"11"},"45":{"X4":"11"},"44":{"62":"11","XQ":"11","XR":"11","XJ":"11","27":"11","XH":"11","26":"11","72":"11","XG":"11","XP":"11","XM":"11"},"67":{"4R":"11","6P":"11","2J":"11","7Q":"11","2M":"11","3P":"11","5Q":"11","7R":"11","2H":"11","9X":"11","5P":"11","2C":"11","CX":"11","5M":"11","4Q":"11","4M":"11","3Q":"11","29":"11","9W":"11","6Q":"11","4P":"11","3J":"11","6R":"11","8W":"11","3H":"11","2F":"11"},"56":{"F8":"11","4R":"11","78":"11","7G":"11","7C":"11","6P":"11","93":"11","82":"11","HG":"11","HJ":"11","6M":"11","87":"11","C8":"11","7F":"11","C3":"11","C7":"11","88":"11","5R":"11","JM":"11","6H":"11","JJ":"11","6F":"11","JG":"11","92":"11","6J":"11","JH":"11","7H":"11","4V":"11","6Q":"11","C4":"11","F7":"11","97":"11","6R":"11","HH":"11","MJ":"11","79":"11","MH":"11"},"34":{"QW":"11","RP":"11","X9":"11","X7":"11","X6":"11","QX":"11","PV":"11","X8":"11","QV":"11"},"5X":{"6X":"11","7X":"11"},"53":{"2Q":"11","2M":"11","4R":"11","2P":"11","3V":"11","4V":"11","3R":"11"}},"3C":{"XX":{"66":"11","C5":"11","65":"11","G8":"11","F8":"11","75":"11","74":"11","F7":"11","76":"11","C7":"11","C6":"11","85":"11","95":"11","84":"11","F6":"11","G7":"11","94":"11"}},"FV":{"WX":{"39":"11","3C":"11","2C":"11","2F":"11","3F":"11"},"X6":{"V2":"11","XF":"11","R2":"11"},"3Q":{"96":"11","97":"11"},"X2":{"MX":"11","W9":"11","PW":"11","Q7":"11","QX":"11","R7":"11","X9":"11","MW":"11","QW":"11","Q8":"11","PX":"11"},"XC":{"XJ":"11","XH":"11","XM":"11","XG":"11"},"XF":{"X5":"11","X6":"11","X4":"11"},"X4":{"Q9":"11","QC":"11","RC":"11"},"X5":{"VX":"11","RX":"11","RW":"11"}},"6F":{"4P":{"GR":"11","FX":"11","FW":"11","CX":"11","GQ":"11"},"4Q":{"93":"11","C2":"11","C3":"11","92":"11"}},"CV":{"HG":{"R5":"11","9G":"11","9H":"11","Q4":"11","R4":"11","Q5":"11","9F":"11"},"46":{"GH":"11","HG":"11","GG":"11","GF":"11","HF":"11"},"XG":{"MC":"11","MG":"11","M9":"11","MF":"11","M7":"11","M8":"11","P9":"11"},"JG":{"34":"11","44":"11","33":"11","24":"11","43":"11","23":"11"}},"G7":{"57":{"8Q":"11","8H":"11","J6":"11","8F":"11","F6":"11","PP":"11","9H":"11","H7":"11","CG":"11","98":"11","F7":"11","H4":"11","C3":"11","CC":"11","89":"11","QM":"11","8P":"11","QP":"11","9P":"11","8M":"11","FF":"11","C8":"11","C9":"11","F3":"11","CM":"11","7R":"11","G8":"11","H3":"11","C7":"11","C5":"11","C6":"11","F5":"11","7Q":"11","9F":"11","F4":"11","H6":"11","G4":"11","9C":"11","J7":"11","G9":"11","99":"11","J5":"11","7V":"11","H8":"11","8G":"11","CF":"11","8C":"11","C2":"11","JF":"11","F2":"11","F8":"11","8J":"11","9G":"11","JC":"11","8R":"11","QJ":"11","9M":"11","C4":"11","G5":"11","7P":"11","G3":"11","9J":"11","GF":"11","H5":"11","HF":"11","CH":"11","G7":"11","H9":"11","GC":"11","PJ":"11","96":"11","HC":"11","F9":"11","PM":"11","G6":"11","CJ":"11","J8":"11","FG":"11","G2":"11","J9":"11","FC":"11","97":"11"},"44":{"9G":"11","78":"11","7C":"11","68":"11","GH":"11","FH":"11","6C":"11","67":"11","CH":"11","77":"11","GM":"11","9C":"11","9F":"11","8C":"11","GJ":"11","8G":"11","9H":"11","69":"11","FJ":"11","8F":"11","CJ":"11","79":"11","CG":"11"},"56":{"GW":"11","FX":"11","HG":"11","GV":"11","GX":"11","HH":"11","HJ":"11"}},"5R":{"7P":{"WV":"11","WW":"11"},"X7":{"CM":"11","CQ":"11","CR":"11","CP":"11"},"FQ":{"2W":"11","5V":"11","4R":"11","6R":"11","4V":"11","2X":"11","2V":"11","5R":"11"},"7V":{"R3":"11","P3":"11","Q2":"11","Q3":"11"},"7R":{"VX":"11","VW":"11","RP":"11","RM":"11","VH":"11","VJ":"11","WG":"11","WH":"11","VM":"11","RW":"11","VG":"11","RJ":"11"},"X4":{"XW":"11"}},"5M":{"XH":{"M8":"11"}},"8Q":{"VX":{"CF":"11","V8":"11","V7":"11","CC":"11","9C":"11","9F":"11"},"MX":{"GX":"11"},"VR":{"6P":"11","6M":"11"},"WW":{"8J":"11","QH":"11","MF":"11","9J":"11","8H":"11","QG":"11","JF":"11"},"WX":{"57":"11","56":"11","58":"11"}},"FQ":{"J8":{"XW":"11","XX":"11"},"FR":{"GF":"11","FF":"11","FG":"11"},"M8":{"2X":"11"},"RJ":{"VX":"11","VW":"11","VV":"11"},"MP":{"7Q":"11","7W":"11","3J":"11","3H":"11","7X":"11","7V":"11","7R":"11"},"R8":{"PV":"11"},"2J":{"JP":"11","FP":"11","JQ":"11","MQ":"11","96":"11","MP":"11","CP":"11"},"PM":{"PR":"11","JQ":"11","MQ":"11","PQ":"11","MR":"11","46":"11","26":"11","4G":"11","37":"11","45":"11","36":"11","4H":"11"},"5Q":{"G4":"11","F4":"11","VH":"11","VJ":"11","F3":"11","F2":"11"},"WH":{"PP":"11","QP":"11"},"XH":{"7R":"11","HR":"11","J9":"11","8R":"11","HQ":"11","GR":"11","M4":"11","7Q":"11","9R":"11","8Q":"11","7P":"11","M3":"11","M7":"11","GQ":"11","4Q":"11","9V":"11","J8":"11"},"7V":{"3J":"11","2J":"11"},"GW":{"9G":"11","8F":"11","8G":"11","9F":"11"},"W3":{"56":"11","55":"11"},"QM":{"9W":"11","8W":"11","9X":"11","CW":"11","CV":"11","8X":"11","5X":"11","FV":"11"},"XG":{"MH":"11","MG":"11","JH":"11","JG":"11"},"CQ":{"MC":"11","96":"11","95":"11","PF":"11","MF":"11","PC":"11"},"JV":{"27":"11","2M":"11","26":"11","3J":"11","37":"11","36":"11","3M":"11","2J":"11"},"HV":{"RQ":"11","RR":"11"},"JP":{"WW":"11","WX":"11"},"92":{"2H":"11","2G":"11"},"PJ":{"66":"11","77":"11","73":"11","74":"11","76":"11","69":"11","68":"11","84":"11","67":"11","83":"11"},"JQ":{"VW":"11","VV":"11","W2":"11","W3":"11","RV":"11","PV":"11","PR":"11","RW":"11"},"QP":{"63":"11","84":"11","83":"11","64":"11","73":"11","72":"11","52":"11","53":"11","82":"11","74":"11"},"4P":{"MH":"11","MQ":"11","MG":"11","MF":"11","JH":"11","MP":"11","JG":"11","MM":"11"},"HX":{"PR":"11","48":"11","3W":"11","VJ":"11","MQ":"11","PQ":"11","RJ":"11","P9":"11","PP":"11","47":"11","3V":"11","PC":"11","58":"11"},"3J":{"HQ":"11","FM":"11","CM":"11","FJ":"11","HR":"11","CH":"11","CJ":"11"},"MQ":{"34":"11","35":"11","36":"11","27":"11","72":"11","26":"11"},"G6":{"QW":"11","QX":"11","PW":"11"},"RM":{"G9":"11","C5":"11","HC":"11","GC":"11","GF":"11","HF":"11","4G":"11","96":"11","J6":"11","C7":"11","C6":"11","95":"11","4H":"11","J7":"11","4M":"11","4J":"11"},"VP":{"GF":"11"},"JR":{"J2":"11","J3":"11"}},"6Q":{"35":{"75":"11","74":"11"},"CJ":{"CC":"11"}},"2J":{"48":{"P2":"11","R5":"11","Q3":"11","X7":"11","Q4":"11","R6":"11","M5":"11","R7":"11","X6":"11","R2":"11","J3":"11","W6":"11","J5":"11","Q2":"11","J2":"11","R3":"11","R4":"11"},"34":{"VW":"11","VP":"11","VV":"11","VR":"11","VQ":"11"},"84":{"MH":"11","MG":"11","JH":"11","JG":"11"},"47":{"C8":"11","JQ":"11","JR":"11","HQ":"11","HJ":"11","GJ":"11","QX":"11","FH":"11","JW":"11","CF":"11","JX":"11","FF":"11","F8":"11","FC":"11","F9":"11","JV":"11","GM":"11","HM":"11","FG":"11","FJ":"11"},"44":{"V3":"11","V4":"11","V6":"11","X9":"11","R2":"11","54":"11","W6":"11","52":"11","V5":"11","R3":"11","XC":"11","XF":"11","53":"11"},"35":{"HW":"11","HM":"11","JW":"11","HP":"11","JM":"11","JV":"11","HV":"11","JJ":"11","JP":"11","JQ":"11","HR":"11","JX":"11","HQ":"11","HX":"11","MJ":"11","MH":"11"},"36":{"M5":"11","J2":"11","M6":"11","J3":"11","H4":"11","J4":"11","H2":"11","J5":"11","H3":"11"},"46":{"4W":"11","5W":"11","4V":"11","5V":"11"},"66":{"HQ":"11","JR":"11","44":"11","33":"11","54":"11","JQ":"11","43":"11","22":"11","32":"11"},"V2":{"9P":"11","FX":"11","FW":"11","9M":"11","CW":"11","CV":"11","FV":"11","52":"11","CR":"11","CP":"11"},"54":{"2H":"11","2F":"11","2G":"11"},"55":{"F8":"11","G8":"11","JF":"11","96":"11","QH":"11","WW":"11","C6":"11","PF":"11","P9":"11","C7":"11","PC":"11","XW":"11","HC":"11","XX":"11","QG":"11","PG":"11","H9":"11","M9":"11","F7":"11","97":"11","JC":"11","WX":"11","95":"11","MC":"11"},"43":{"6X":"11","5X":"11"},"65":{"2X":"11"},"V3":{"F5":"11","F7":"11","F6":"11"}},"GF":{"5C":{"H4":"11","H6":"11","M5":"11","M4":"11","M6":"11","J5":"11","H7":"11","J6":"11","M7":"11","H5":"11","J8":"11","J7":"11","J4":"11"}},"H9":{"VW":{"5J":"11","5H":"11"},"XC":{"XW":"11","XX":"11","XV":"11"},"XF":{"X5":"11","X7":"11","W7":"11","X6":"11","W6":"11"},"XG":{"R5":"11","Q6":"11","Q4":"11","P5":"11","R4":"11","P7":"11","P6":"11","Q5":"11","P8":"11"}},"9V":{"P6":{"87":"11","78":"11","88":"11","FQ":"11","77":"11","FW":"11","CQ":"11","FR":"11","9H":"11","CR":"11","FV":"11","9G":"11","FX":"11"},"X4":{"2W":"11","2Q":"11","2X":"11","2R":"11","3W":"11","3X":"11","2V":"11"},"P2":{"XR":"11","RJ":"11","R4":"11","P2":"11","WP":"11","P3":"11","WQ":"11","Q4":"11","WH":"11","QC":"11","RH":"11","XP":"11","M4":"11","XQ":"11","WM":"11","M2":"11","XM":"11","XW":"11","Q3":"11","XX":"11","P4":"11","VH":"11","Q9":"11","VJ":"11","XV":"11","WJ":"11","M3":"11"},"W2":{"HJ":"11","9C":"11","97":"11","58":"11","GQ":"11","CH":"11","JW":"11","7C":"11","25":"11","38":"11","87":"11","CF":"11","HP":"11","HH":"11","78":"11","56":"11","59":"11","HW":"11","HM":"11","MR":"11","7F":"11","36":"11","GG":"11","49":"11","86":"11","JM":"11","CG":"11","FM":"11","27":"11","GV":"11","HX":"11","88":"11","JV":"11","JQ":"11","35":"11","67":"11","HQ":"11","FP":"11","89":"11","8C":"11","9G":"11","98":"11","48":"11","GM":"11","JX":"11","GR":"11","28":"11","FG":"11","57":"11","8F":"11","MV":"11","JP":"11","FJ":"11","47":"11","C8":"11","9F":"11","CC":"11","24":"11","26":"11","GC":"11","C9":"11","39":"11","99":"11","GF":"11","MX":"11","37":"11","JJ":"11","JR":"11","MW":"11","46":"11","GH":"11","76":"11","69":"11","FH":"11","HR":"11","GJ":"11","HG":"11","HV":"11","77":"11","68":"11","79":"11","G9":"11","GP":"11"},"X6":{"J8":"11","F4":"11","F8":"11","GF":"11","G8":"11","GC":"11","MP":"11","MM":"11","JF":"11","RP":"11","F6":"11","J9":"11","PM":"11","PH":"11","HG":"11","HJ":"11","C5":"11","F3":"11","QM":"11","C3":"11","JM":"11","RQ":"11","JJ":"11","MG":"11","HF":"11","JG":"11","FC":"11","G9":"11","G7":"11","JH":"11","HC":"11","PJ":"11","PP":"11","H9":"11","H8":"11","F9":"11","QP":"11","C4":"11","F7":"11","JC":"11","F5":"11","HH":"11","F2":"11","MJ":"11","G6":"11","MH":"11"},"J2":{"62":"11","73":"11","55":"11","26":"11","63":"11","52":"11","35":"11","72":"11","25":"11","45":"11","36":"11","34":"11","53":"11"},"J4":{"RM":"11","VJ":"11","MQ":"11","XJ":"11","PQ":"11","QP":"11","XH":"11","MR":"11","RJ":"11","PM":"11","PP":"11","QM":"11","WM":"11","MP":"11","VM":"11","WJ":"11"},"P8":{"MJ":"11","MG":"11","MQ":"11","MR":"11","M6":"11","MV":"11","M7":"11","MH":"11","MF":"11"},"Q2":{"2R":"11","6W":"11","2W":"11","3W":"11","2Q":"11","7X":"11","2X":"11","3X":"11","7W":"11","4W":"11","9X":"11","6X":"11","3V":"11","8X":"11","CX":"11","FX":"11","5X":"11","4X":"11"},"M4":{"J8":"11","RX":"11","F8":"11","VW":"11","M8":"11","78":"11","G8":"11","68":"11","J7":"11","H7":"11","RR":"11","J9":"11","67":"11","47":"11","77":"11","58":"11","VR":"11","39":"11","48":"11","57":"11","PF":"11","C6":"11","C8":"11","C7":"11","PC":"11","RQ":"11","QF":"11","G7":"11","QG":"11","3C":"11","RW":"11","PG":"11","VV":"11","H8":"11","49":"11","VX":"11","M9":"11","F7":"11","JC":"11","4C":"11"},"W3":{"J8":"11","M8":"11","M7":"11","MP":"11","MM":"11","HW":"11","J7":"11","M5":"11","JF":"11","HM":"11","J9":"11","J2":"11","MF":"11","J4":"11","P8":"11","JW":"11","HJ":"11","M6":"11","HP":"11","M4":"11","MW":"11","M2":"11","JM":"11","JV":"11","H2":"11","J3":"11","HV":"11","JJ":"11","MG":"11","JP":"11","MV":"11","JG":"11","JH":"11","JQ":"11","HR":"11","JX":"11","HQ":"11","MX":"11","M9":"11","H3":"11","HX":"11","JC":"11","MQ":"11","J6":"11","MR":"11","MJ":"11","MC":"11","JR":"11","MH":"11","J5":"11"},"PF":{"9G":"11","9M":"11","83":"11","96":"11","93":"11","82":"11","9J":"11","9F":"11","9P":"11","92":"11","CF":"11","98":"11","72":"11","CJ":"11","97":"11","84":"11","94":"11","CG":"11"},"P9":{"J8":"11","GF":"11","GC":"11","FG":"11","J7":"11","GH":"11","FH":"11","J4":"11","CP":"11","FM":"11","M4":"11","CQ":"11","J3":"11","FP":"11","GG":"11","GJ":"11","HF":"11","G9":"11","FQ":"11","HC":"11","H9":"11","FJ":"11","J6":"11","M3":"11","J5":"11"},"V2":{"V4":"11","X7":"11","R4":"11","X4":"11","V5":"11","P2":"11","P3":"11","W2":"11","X6":"11","J2":"11","W6":"11","Q4":"11","X3":"11","Q2":"11","W3":"11","M2":"11","R5":"11","V2":"11","W5":"11","R2":"11","W4":"11","Q3":"11","X5":"11","R3":"11","X8":"11","V6":"11","X2":"11","F2":"11","G2":"11","V3":"11","W7":"11","M3":"11"},"PC":{"8W":"11","7Q":"11","8M":"11","8V":"11","8J":"11","8X":"11","8H":"11","7V":"11","7R":"11","8R":"11","8Q":"11","8P":"11"},"H2":{"J8":"11","8M":"11","V4":"11","M8":"11","7P":"11","X7":"11","GF":"11","GC":"11","P6":"11","V5":"11","M5":"11","8P":"11","Q8":"11","FF":"11","Q7":"11","X6":"11","W6":"11","J4":"11","P8":"11","M6":"11","74":"11","73":"11","M4":"11","G5":"11","P9":"11","G4":"11","64":"11","Q6":"11","W5":"11","W4":"11","FC":"11","P7":"11","G9":"11","X5":"11","H4":"11","HC":"11","H9":"11","63":"11","H5":"11","V6":"11","94":"11","95":"11"},"R2":{"7R":"11","6W":"11","6F":"11","6V":"11","5V":"11","88":"11","7G":"11","7C":"11","6R":"11","7X":"11","7M":"11","5W":"11","7Q":"11","75":"11","74":"11","7H":"11","8Q":"11","7P":"11","5R":"11","89":"11","6X":"11","6G":"11","7J":"11","84":"11","6M":"11","79":"11","83":"11","8C":"11","6P":"11","5X":"11","6C":"11"},"W4":{"Q3":"11","WP":"11","WG":"11","VR":"11","P8":"11","WF":"11","Q6":"11","P3":"11","J5":"11","R7":"11","XW":"11","XP":"11","VM":"11","Q8":"11","WJ":"11","P5":"11","V9":"11","XV":"11","M3":"11","J2":"11","WQ":"11","VG":"11","M2":"11","M6":"11","VJ":"11","H3":"11","J3":"11","VP":"11","R8":"11","Q9":"11","VQ":"11","VH":"11","W9":"11","VF":"11","Q4":"11","R5":"11","P7":"11","M7":"11","Q7":"11","H2":"11","VC":"11","XJ":"11","P6":"11","V8":"11","XM":"11","Q5":"11","XR":"11","J4":"11","WH":"11","M4":"11","XX":"11","WM":"11","WR":"11","W8":"11","XQ":"11","R9":"11","WC":"11","M5":"11","WV":"11","P4":"11","R6":"11"},"Q3":{"J8":"11","M8":"11","RJ":"11","XJ":"11","WP":"11","83":"11","H7":"11","32":"11","J9":"11","WQ":"11","52":"11","C2":"11","QH":"11","82":"11","PH":"11","P8":"11","XH":"11","RH":"11","XP":"11","WM":"11","PF":"11","XM":"11","P9":"11","C3":"11","PC":"11","XG":"11","92":"11","G7":"11","H4":"11","QG":"11","PG":"11","H8":"11","VH":"11","H5":"11","VJ":"11","H3":"11","M9":"11","42":"11","72":"11","F2":"11","G6":"11","H6":"11","RM":"11","G2":"11","VM":"11"},"P7":{"JF":"11","PW":"11","H8":"11","JH":"11","MR":"11","MW":"11","MV":"11","H9":"11","MH":"11","MF":"11","JG":"11"},"X5":{"CR":"11","44":"11","8R":"11","7Q":"11","CW":"11","FW":"11","5C":"11","5G":"11","32":"11","38":"11","7R":"11","6M":"11","36":"11","7P":"11","6P":"11","49":"11","33":"11","35":"11","4F":"11","48":"11","9W":"11","6G":"11","9R":"11","5H":"11","43":"11","FX":"11","6J":"11","7J":"11","7M":"11","47":"11","5F":"11","45":"11","34":"11","22":"11","6F":"11","CV":"11","8Q":"11","9Q":"11","37":"11","46":"11","9V":"11","8V":"11","CX":"11","8P":"11","6H":"11","4C":"11"},"R3":{"62":"11","3F":"11","48":"11","2F":"11","4C":"11","2G":"11","64":"11","3G":"11","65":"11","55":"11","4P":"11","49":"11","46":"11","54":"11","4G":"11","63":"11","3H":"11","3J":"11","57":"11","47":"11","39":"11","3M":"11","56":"11","4H":"11","4M":"11","4J":"11","3C":"11","4F":"11","53":"11"},"H3":{"7C":"11","6F":"11","6C":"11"},"G2":{"PR":"11","XQ":"11","VQ":"11","XR":"11","PQ":"11","MR":"11","WQ":"11","VR":"11","MV":"11","WR":"11"}},"M5":{"C4":{"99":"11","88":"11","87":"11","77":"11","66":"11","78":"11","89":"11","76":"11","98":"11","67":"11"}},"J9":{"29":{"J7":"11","M5":"11","J2":"11","M6":"11","M3":"11","J3":"11","M4":"11","J6":"11","J4":"11","J5":"11","M2":"11"},"28":{"MX":"11","RG":"11","RH":"11"},"43":{"5Q":"11","2X":"11","7Q":"11","3X":"11","6Q":"11","7P":"11","5P":"11","5M":"11","6M":"11","6P":"11"},"35":{"J7":"11","M6":"11","P2":"11","J6":"11","Q2":"11","M7":"11","Q3":"11"},"37":{"88":"11","5C":"11","5J":"11","5H":"11","87":"11","5F":"11","86":"11","6F":"11","6C":"11"},"44":{"24":"11","25":"11","22":"11","32":"11","23":"11","26":"11"},"36":{"C5":"11","8J":"11","9Q":"11","F5":"11","8H":"11","9H":"11","9R":"11","8Q":"11","9G":"11","8P":"11","C6":"11","F6":"11","F4":"11"},"2C":{"7C":"11","2P":"11","C9":"11","99":"11","2J":"11","2M":"11","3P":"11","CC":"11","C8":"11","5C":"11","7F":"11","9C":"11","C7":"11","3M":"11","8F":"11","3J":"11","4C":"11","5F":"11","4F":"11"},"34":{"QW":"11","XC":"11","X5":"11","X9":"11","X7":"11","X6":"11","QX":"11","PX":"11","X4":"11","QV":"11","PW":"11","QR":"11","RR":"11"}},"69":{"2W":{"J8":"11","GX":"11","J7":"11","HW":"11","JF":"11","H7":"11","J9":"11","J2":"11","J4":"11","JM":"11","JV":"11","H2":"11","J3":"11","HV":"11","JJ":"11","JP":"11","JG":"11","JH":"11","H4":"11","HC":"11","JQ":"11","HR":"11","H9":"11","H8":"11","H5":"11","H3":"11","HX":"11","JC":"11","J6":"11","H6":"11","JR":"11","J5":"11"},"2Q":{"M3":"11","P2":"11","Q2":"11","M2":"11"},"2X":{"GX":"11","GF":"11","G8":"11","GC":"11","HW":"11","GH":"11","GV":"11","H7":"11","HG":"11","GM":"11","GQ":"11","GW":"11","GR":"11","G5":"11","G4":"11","H2":"11","HV":"11","GG":"11","HF":"11","GJ":"11","G3":"11","G9":"11","G7":"11","H4":"11","HC":"11","H9":"11","H8":"11","H5":"11","H3":"11","HX":"11","GP":"11","HH":"11","G6":"11","H6":"11","G2":"11"},"2R":{"QW":"11","RJ":"11","R4":"11","P6":"11","QV":"11","PV":"11","Q5":"11","QR":"11","QQ":"11","W2":"11","P8":"11","PX":"11","RH":"11","QM":"11","R5":"11","P9":"11","V2":"11","Q6":"11","P7":"11","R3":"11","PW":"11","M9":"11","QP":"11","X2":"11","RM":"11","MC":"11","V3":"11","QJ":"11"},"2V":{"J8":"11","M8":"11","M7":"11","J7":"11","HW":"11","P2":"11","M5":"11","JF":"11","HM":"11","J9":"11","JW":"11","HG":"11","HJ":"11","M6":"11","HP":"11","M4":"11","M2":"11","JM":"11","JV":"11","HV":"11","JJ":"11","JP":"11","HF":"11","JG":"11","JH":"11","JQ":"11","HR":"11","JX":"11","HQ":"11","HX":"11","JC":"11","HH":"11","J6":"11","M3":"11","JR":"11","J5":"11"},"2P":{"QX":"11","PX":"11"},"3R":{"24":"11","25":"11","22":"11","23":"11","26":"11"}},"8V":{"WF":{"6X":"11"},"X7":{"GR":"11","GQ":"11"},"FH":{"8W":"11","9W":"11","9X":"11","8V":"11","CC":"11","9V":"11"},"GW":{"24":"11"},"WG":{"62":"11","66":"11","87":"11","64":"11","65":"11","73":"11","46":"11","75":"11","74":"11","63":"11","57":"11","47":"11","37":"11","86":"11","36":"11","67":"11","56":"11"},"MF":{"QF":"11","RF":"11","QC":"11","RC":"11","R9":"11"},"FG":{"HW":"11","GV":"11","HR":"11","HV":"11"},"CP":{"H8":"11","G8":"11","H7":"11","87":"11","F7":"11","G6":"11","77":"11","H6":"11","F8":"11","98":"11","97":"11","G7":"11"},"FJ":{"C4":"11","C5":"11","92":"11","9H":"11","93":"11","96":"11","9G":"11","C6":"11","95":"11","94":"11"}},"7H":{"P5":{"M8":"11","P6":"11","JF":"11","HG":"11","Q5":"11","Q6":"11","P8":"11","HF":"11","9M":"11","P7":"11","CJ":"11","P5":"11","JG":"11","CM":"11"},"H6":{"MH":"11","MG":"11","JC":"11","MF":"11","JF":"11"}},"HR":{"WQ":{"2C":"11","2F":"11","2G":"11"},"VQ":{"XF":"11","XG":"11"}},"2W":{"G6":{"GV":"11","W6":"11"},"4C":{"WC":"11","9J":"11"},"29":{"4H":"11","4G":"11"},"MP":{"G3":"11","H4":"11","J4":"11","H2":"11","H3":"11","G2":"11"},"7F":{"57":"11","68":"11","66":"11","65":"11","58":"11","67":"11"},"MM":{"GX":"11"}},"3H":{"RP":{"3X":"11","4X":"11"},"RQ":{"42":"11","55":"11","26":"11","43":"11","52":"11","25":"11","24":"11","45":"11"},"QQ":{"X5":"11","X2":"11","X4":"11","X3":"11"}},"6H":{"CF":{"7G":"11","6G":"11","77":"11","78":"11","7C":"11","76":"11","7F":"11"},"9F":{"Q8":"11","Q7":"11","R8":"11"}},"68":{"2W":{"WX":"11","RW":"11","XW":"11","XX":"11","QR":"11","RX":"11","QV":"11","RV":"11","VX":"11"},"2X":{"W2":"11","X2":"11","V2":"11"},"3W":{"2W":"11","2V":"11","3V":"11","3R":"11"},"5X":{"VX":"11","VW":"11","RX":"11","RV":"11","QV":"11","RW":"11"}},"3Q":{"23":{"62":"11","2F":"11","64":"11","65":"11","73":"11","55":"11","27":"11","29":"11","28":"11","54":"11","26":"11","43":"11","63":"11","52":"11","35":"11","72":"11","25":"11","45":"11","36":"11","44":"11","2C":"11","34":"11","53":"11"},"62":{"QJ":"11","58":"11","P8":"11","C7":"11","M8":"11","QQ":"11","G6":"11","H7":"11","QV":"11","PH":"11","M6":"11","QR":"11","J6":"11","F7":"11","QG":"11","48":"11","RH":"11","F9":"11","P7":"11","PG":"11","M7":"11","RM":"11","QM":"11","H6":"11","QP":"11","57":"11","H5":"11","QW":"11","QH":"11","RP":"11","RJ":"11","47":"11","C8":"11","F8":"11","J7":"11","34":"11","22":"11","24":"11","G7":"11","C9":"11","23":"11","J8":"11"},"32":{"9C":"11","Q3":"11","MF":"11","4G":"11","P3":"11","R7":"11","5G":"11","CF":"11","P5":"11","R2":"11","M3":"11","CG":"11","2H":"11","PC":"11","HC":"11","3G":"11","R3":"11","R8":"11","4F":"11","9G":"11","6G":"11","4H":"11","5H":"11","Q4":"11","JF":"11","F9":"11","5J":"11","FG":"11","P6":"11","6J":"11","Q5":"11","QC":"11","R4":"11","M4":"11","9F":"11","CC":"11","F8":"11","5F":"11","GC":"11","FF":"11","C9":"11","JC":"11","2G":"11","P4":"11","R6":"11","6H":"11","FC":"11","G9":"11"},"6R":{"48":"11","57":"11","39":"11","3J":"11","47":"11","3C":"11","3H":"11","49":"11","4C":"11","58":"11","67":"11"},"3X":{"FH":"11","9H":"11","CG":"11","FJ":"11","CH":"11","FG":"11","CJ":"11"},"63":{"VF":"11","WH":"11","RG":"11","RF":"11","XJ":"11","WG":"11","VG":"11","XH":"11","XG":"11","XP":"11","VH":"11","XM":"11","WJ":"11"},"52":{"W2":"11","X2":"11","V2":"11","X3":"11"},"35":{"84":"11","83":"11","72":"11","82":"11"},"22":{"HJ":"11","WP":"11","MH":"11","7Q":"11","PQ":"11","5W":"11","QQ":"11","VM":"11","PJ":"11","HH":"11","HP":"11","5V":"11","HM":"11","5X":"11","7P":"11","6P":"11","JM":"11","PH":"11","FM":"11","MQ":"11","VJ":"11","QR":"11","MM":"11","VP":"11","9M":"11","CM":"11","9P":"11","PM":"11","GM":"11","XH":"11","6X":"11","XG":"11","CP":"11","PP":"11","QP":"11","RP":"11","JP":"11","FJ":"11","MP":"11","WM":"11","MJ":"11","CJ":"11","6Q":"11","9J":"11","JJ":"11","GH":"11","FH":"11","GJ":"11"},"34":{"7X":"11","8X":"11"},"5X":{"MQ":"11","MR":"11"}},"J8":{"5C":{"PR":"11","HX":"11","MQ":"11","PQ":"11","VG":"11","JX":"11","PM":"11","PP":"11","MM":"11","VH":"11","RH":"11","MP":"11"},"5F":{"J2":"11","H2":"11"},"54":{"4R":"11","5W":"11","4V":"11","4Q":"11","5V":"11"},"59":{"WW":"11","WX":"11"},"58":{"Q4":"11","Q2":"11","Q3":"11"}}}}