{"index":{"university,1|retail,2|tourism,3|wreck,4|historical,5|artsCulture,6|namedBuilding,7|water,8|wetland,9|park,10|beach,11|natureReserve,12|cemetery,13|trail,14":{}},"96":{"44":{"9X":{"39":"11"},"9P":{"9G":"11","9C":"11","9F":"11"},"8J":{"23":"11"},"7J":{"X2":"11"},"6M":{"VX":"11","VW":"11","RX":"11","RW":"11"},"8H":{"PH":"11","QF":"11","PF":"11","QG":"11","PG":"11","PJ":"11"},"7H":{"WR":"11"},"8Q":{"CM":"11","CJ":"11"},"R8":{"GV":"11","FV":"11","FR":"11"},"R9":{"87":"11","9F":"11","78":"11","88":"11","77":"11","9C":"11","F5":"11","9H":"11","9P":"11","F7":"11","9M":"11","9G":"11","89":"11","C9":"11","F6":"11","CH":"11","99":"11","9J":"11"},"8P":{"VV":"11","3W":"11","3X":"11","FP":"11"}},"5H":{"G9":{"MP":"11","MM":"11"},"H9":{"VJ":"11"}},"54":{"F9":{"62":"11"}},"32":{"5C":{"XJ":"11"},"6C":{"3J":"11","2M":"11","2J":"11","3M":"11"},"74":{"2R":"11"}},"99":{"2W":{"X2":"11","X3":"11"},"2V":{"XW":"11","HQ":"11","MQ":"11","JR":"11","XX":"11","HR":"11","JQ":"11","MR":"11"}},"5G":{"25":{"MH":"11","PH":"11","MJ":"11"}},"38":{"24":{"FH":"11","JR":"11","JV":"11","HG":"11","MV":"11","JP":"11","HP":"11","MR":"11"}},"C2":{"X2":{"GJ":"11","GM":"11"}},"52":{"9W":{"44":"11","43":"11"},"8W":{"48":"11","47":"11","46":"11"},"7W":{"Q9":"11","V8":"11","QF":"11","RF":"11","QC":"11","RC":"11","V9":"11","VC":"11","R8":"11","R9":"11"},"6P":{"MV":"11"}},"26":{"93":{"3Q":"11"},"2F":{"MP":"11"},"MJ":{"CC":"11"}},"2H":{"49":{"H5":"11","H6":"11","VG":"11"},"27":{"V5":"11"},"2F":{"56":"11"}},"34":{"VX":{"27":"11","26":"11"},"VV":{"PJ":"11","QQ":"11","VV":"11","PQ":"11","PM":"11","PP":"11","VR":"11","WV":"11","RR":"11"},"RQ":{"6X":"11","2X":"11","3X":"11","5X":"11","4X":"11"},"WR":{"3J":"11","2R":"11","4J":"11","4P":"11","3H":"11","4M":"11","2V":"11","3Q":"11","3P":"11","3R":"11"},"QR":{"64":"11","73":"11","93":"11","74":"11","63":"11","84":"11","83":"11"}},"22":{"M3":{"94":"11"},"75":{"5H":"11"},"M2":{"5G":"11","5C":"11","5J":"11","5H":"11","59":"11"}},"25":{"P2":{"V8":"11","X9":"11","V7":"11","W7":"11","X8":"11","W8":"11"},"C9":{"FP":"11","HX":"11","FQ":"11","FH":"11","GW":"11","GR":"11","FM":"11","GV":"11","GQ":"11","HW":"11","CH":"11","FJ":"11"},"J2":{"J8":"11","Q8":"11","M8":"11","P8":"11"},"7W":{"4R":"11"},"MF":{"J2":"11","M3":"11","J3":"11","M4":"11","H2":"11","G2":"11"},"CC":{"H2":"11","VF":"11","H3":"11","WF":"11"},"X3":{"PC":"11","P9":"11"},"Q2":{"39":"11","RF":"11","QC":"11","RC":"11","49":"11","M9":"11","VC":"11","PC":"11","VF":"11","29":"11","P9":"11"},"PF":{"M5":"11","M6":"11","F5":"11","F4":"11","P5":"11","G5":"11","C4":"11","P4":"11"},"PC":{"7R":"11","8W":"11","2Q":"11","3P":"11","2P":"11","6R":"11","6Q":"11","7V":"11","8V":"11","5P":"11","3M":"11","5M":"11","4M":"11","4J":"11"},"H2":{"57":"11","37":"11","47":"11","86":"11","66":"11","56":"11","76":"11"},"R2":{"5P":"11","5Q":"11"},"G9":{"FF":"11","9H":"11","GF":"11","9M":"11","9G":"11","CG":"11","FG":"11","CH":"11","9J":"11"},"HC":{"MC":"11","J7":"11","J8":"11","J9":"11","H7":"11","C2":"11","C3":"11","F4":"11","M9":"11","H6":"11","PC":"11","C4":"11","92":"11"},"H9":{"5H":"11","5J":"11","7P":"11","7J":"11","6P":"11","8V":"11","5G":"11","7Q":"11","7R":"11","7M":"11","6M":"11","9X":"11","8Q":"11","5C":"11","59":"11","6H":"11","6F":"11","6J":"11","9W":"11","6G":"11","6Q":"11","8R":"11","8W":"11","5F":"11"},"CF":{"8M":"11","8J":"11"},"24":{"6F":"11","78":"11","77":"11","7C":"11","7F":"11","6G":"11","79":"11"},"MC":{"FR":"11","GX":"11","WP":"11","96":"11","FV":"11","WQ":"11","FW":"11","CR":"11","CP":"11","GW":"11","74":"11","73":"11","XQ":"11","86":"11","C7":"11","CQ":"11","85":"11","HX":"11","F7":"11","97":"11","84":"11"},"G2":{"8J":"11"},"3F":{"5G":"11","5F":"11","4F":"11","4G":"11"}},"23":{"FX":{"V8":"11","V9":"11","PM":"11","PJ":"11","W8":"11","MM":"11"},"H9":{"V4":"11","W4":"11"}},"35":{"88":{"M3":"11","J3":"11","M4":"11","J4":"11","J5":"11","M2":"11"},"69":{"2H":"11","3H":"11","2G":"11"},"P3":{"M5":"11","M6":"11","M4":"11","M7":"11","P7":"11"},"R6":{"9H":"11","9M":"11","9J":"11"},"59":{"RG":"11","RH":"11","QH":"11","QJ":"11","QM":"11","VG":"11"},"23":{"3P":"11"}},"28":{"JR":{"QF":"3|11","QC":"3","PF":"3|11","PC":"3|11","P9":"11"},"QH":{"H4":"11","F5":"11","H2":"11","G4":"11","H3":"11","G5":"11","C6":"11","F6":"11"}},"C8":{"P5":{"MH":"11","MG":"11","MM":"11","MJ":"11"},"PF":{"M8":"11","C4":"11","H4":"11","R8":"11","R9":"11","RC":"11","C5":"11","H6":"11","Q7":"11","F5":"11","M6":"11","P8":"11","P9":"11","Q8":"11","J5":"11","H7":"11","P7":"11","Q9":"11","G6":"11","H3":"11","J6":"11","M7":"11","G5":"11","H5":"11","C6":"11","QC":"11","J8":"11","F6":"11","J7":"11","F4":"11"},"P7":{"V4":"11","V5":"11","W2":"11","X2":"11","W3":"11","X3":"11","V3":"11","W4":"11"}},"5C":{"F7":{"2C":"11","2F":"11"}},"33":{"PH":{"RF":"11"},"47":{"34":"11","44":"11","35":"11","45":"11"},"PF":{"FX":"11"},"GC":{"8Q":"11"},"6C":{"4W":"11"}},"C7":{"QR":{"5F":"11","3G":"11","6F":"11","4G":"11"},"MR":{"7M":"11","6J":"11","7J":"11"}},"88":{"P6":{"6W":"11","6V":"11","3W":"11","7X":"11","3R":"11","3Q":"11","3X":"11","7W":"11","4W":"11","6X":"11","3V":"11"},"M5":{"8H":"11","9H":"11","9P":"11","8G":"11","9M":"11","9G":"11","CJ":"11","CM":"11","CP":"11","9J":"11"},"XJ":{"4X":"11","F8":"11","G8":"11","FG":"11","M5":"11","6P":"11","5W":"11","8P":"11","FF":"11","5X":"11","5Q":"11","3V":"11","9J":"11","4W":"11","6M":"11","7M":"11","Q2":"11","8Q":"11","P5":"11","2X":"11","5R":"11","9Q":"11","CQ":"11","G9":"11","2W":"11","9H":"11","4V":"11","F9":"11","6Q":"11","5V":"11","CG":"11","J5":"11"},"XH":{"RW":"11","WH":"11","VQ":"11","QX":"11","WG":"11","VW":"11","QW":"11","VR":"11","RQ":"11","RR":"11"},"P9":{"XR":"11","HW":"11","6P":"11","RR":"11","2J":"11","CR":"11","CV":"11","4H":"11","2H":"11","GM":"11","6M":"11","VR":"11","FM":"11","CX":"11","MW":"11","5M":"11","2G":"11","CW":"11","CQ":"11","9Q":"11","6H":"11","RQ":"11","HV":"11","FP":"11","4M":"11","MV":"11","9R":"11","XX":"11","6G":"11","MX":"11","4J":"11","HX":"11","XV":"11","3J":"11","WX":"11","GP":"11"},"WM":{"V3":"11","W2":"11","P8":"11","QF":"11","Q8":"11","R2":"11","V9":"11","X5":"11","X2":"11","M6":"11","HC":"11","J6":"11","R3":"11","R8":"11","Q9":"11","HF":"11","V5":"11","P7":"11","M7":"11","V4":"11","P6":"11","V8":"11","QC":"11","R4":"11","X6":"11","X3":"11","R9":"11","GC":"11","W4":"11","H8":"11","H9":"11","W5":"11","W3":"11","X4":"11","G9":"11"},"M9":{"XJ":"11","XG":"11"},"J5":{"XF":"11","XG":"11"},"P7":{"83":"11","72":"11","82":"11"},"XM":{"24":"11","42":"11","25":"11","52":"11","23":"11"},"PC":{"J2":"11","J3":"11","W2":"11","X2":"11","H2":"11","H3":"11"},"WJ":{"XW":"11","7W":"11","7X":"11","XV":"11","6V":"11","6W":"11"},"J4":{"5G":"11"}},"76":{"76":{"W9":"11","X7":"11","X8":"11","X9":"11","X6":"11","W8":"11","W4":"11","W6":"11","W7":"11","W5":"11","X4":"11","X5":"11"}},"2V":{"7W":{"28":"11","2C":"11","29":"11"},"6W":{"V4":"11","X8":"11","V6":"11","X9":"11","W8":"11","W4":"11","W6":"11","W7":"11","V5":"11","XC":"11","W5":"11"}},"89":{"V9":{"FP":"11","FM":"11","GP":"11","9H":"11","CJ":"11","GM":"11","GQ":"11","86":"11","85":"11","95":"11","CM":"11","CH":"11","9J":"11","FJ":"11"},"Q8":{"64":"11","33":"11","65":"11","XR":"11","VV":"11","54":"11","43":"11","63":"11","QV":"11","VR":"11","RV":"11","RR":"11","WR":"11","53":"11"},"VC":{"X5":"11","V4":"11","X6":"11","W5":"11","W4":"11"},"W5":{"5J":"11","6J":"11","6H":"11"},"WF":{"CV":"11","CQ":"11","FQ":"11","CR":"11","CP":"11","FR":"11","FP":"11"}},"4G":{"X4":{"V7":"11","W7":"11"}},"3Q":{"5R":{"HX":"11","7M":"11","9P":"11","7P":"11","GW":"11","FW":"11","CW":"11","HW":"11","CV":"11","GV":"11","9R":"11","9Q":"11","GX":"11","FV":"11","8Q":"11","8P":"11"},"5V":{"M8":"11","JF":"11","MG":"11","M5":"11","JH":"11","M6":"11","P8":"11","P9":"11","J3":"11","H2":"11","J5":"11","P7":"11","J2":"11","H3":"11","M7":"11","MH":"11","JG":"11","PC":"11","J4":"11"}},"63":{"CX":{"JP":"11","HP":"11"}},"24":{"4M":{"RC":"11"}},"97":{"9Q":{"5G":"11","6J":"11","7X":"11","7M":"11","49":"11","7V":"11","35":"11","45":"11","5H":"11","8X":"11","8V":"11","39":"11","7J":"11","6M":"11"},"9R":{"99":"11","93":"11","8M":"11","8J":"11","9H":"11","9M":"11","CQ":"11","9Q":"11","9J":"11","9C":"11","92":"11"},"9P":{"C4":"11","G9":"11","C5":"11","GJ":"11","97":"11","73":"11","F5":"11","FW":"11","FM":"11","82":"11","G4":"11","72":"11","F9":"11","GM":"11","CX":"11","83":"11","FX":"11","98":"11","FJ":"11"},"9M":{"8W":"11","8V":"11","7W":"11","7X":"11","4M":"11","8X":"11","7V":"11","8R":"11"},"9W":{"M8":"11","PF":"11","RG":"11","RF":"11","J3":"11","M9":"11","M7":"11","PC":"11"},"9V":{"GR":"11","F4":"11","HR":"11","GF":"11","FF":"11","F8":"11"},"CX":{"48":"11","5G":"11","47":"11","44":"11","33":"11","24":"11","5F":"11","4C":"11","5W":"11","4F":"11","43":"11","32":"11","23":"11"}},"27":{"48":{"4Q":"11"}},"53":{"M3":{"34":"11","33":"11","4P":"11","4M":"11","3M":"11","43":"11"}},"2Q":{"8F":{"2Q":"11","3Q":"11"},"2H":{"88":"11","78":"11","79":"11","89":"11"},"7C":{"HQ":"11","HM":"11","HJ":"11","HP":"11"}},"62":{"Q2":{"WM":"11"}},"2F":{"CC":{"4R":"11","3V":"11","4V":"11","3R":"11"},"FF":{"HX":"11"},"HJ":{"6X":"11"},"FG":{"J2":"11","J3":"11","H2":"11","H3":"11","P4":"11"}}}}