{"index":{"university,1|retail,2|tourism,3|wreck,4|historical,5|artsCulture,6|namedBuilding,7|water,8|wetland,9|park,10|beach,11|natureReserve,12|cemetery,13|trail,14":{}},"97":{"CR":{"M5":{"2F":"11","2G":"11","27":"11","29":"11","28":"11","2C":"11","2H":"11"},"J4":{"WX":"11","WW":"11","VF":"11","WF":"11","XQ":"11","WH":"11","XR":"11","WP":"11","XJ":"11","WG":"11","VG":"11","WQ":"11","VW":"11","WM":"11","XV":"11","XP":"11","VH":"11","WV":"11","VX":"11","WJ":"11","WR":"11"},"J5":{"XR":"11","X7":"11","XJ":"11","X4":"11","W8":"11","WC":"11","WP":"11","W2":"11","WQ":"11","X6":"11","W6":"11","WH":"11","WF":"11","XH":"11","WW":"11","X3":"11","XP":"11","XQ":"11","XF":"11","W3":"11","WM":"11","XM":"11","WR":"11","WV":"11","XG":"11","W5":"11","W4":"11","X9":"11","X5":"11","X8":"11","WG":"11","X2":"11","WJ":"11","WX":"11","W7":"11","XC":"11"},"VM":{"85":"11","84":"11","83":"11","86":"11"},"5V":{"62":"11","66":"11","77":"11","65":"11","73":"11","75":"11","76":"11","63":"11","72":"11","67":"11"}},"2R":{"8M":{"8W":"11","6J":"11","6H":"11","7M":"11","7Q":"11","8Q":"11","7P":"11","9W":"11","8P":"11","9X":"11","8X":"11","6G":"11","7J":"11","6M":"11"},"78":{"95":"11","53":"11","56":"11","6X":"11","43":"11","7X":"11","3V":"11","5W":"11","47":"11","28":"11","3Q":"11","C3":"11","2P":"11","42":"11","2F":"11","64":"11","74":"11","63":"11","2R":"11","85":"11","44":"11","J2":"11","H2":"11","F3":"11","24":"11","2M":"11","23":"11","5V":"11","3X":"11","36":"11","H3":"11","55":"11","C5":"11","F5":"11","3P":"11","25":"11","F4":"11","2V":"11","J3":"11","86":"11","33":"11","82":"11","G4":"11","92":"11","4X":"11","34":"11","29":"11","27":"11","C2":"11","35":"11","84":"11","F2":"11","62":"11","26":"11","83":"11","2W":"11","72":"11","C4":"11","37":"11","G5":"11","66":"11","G3":"11","6W":"11","2C":"11","3M":"11","94":"11","52":"11","65":"11","22":"11","96":"11","93":"11","3R":"11","75":"11","3W":"11","46":"11","57":"11","2G":"11","45":"11","2J":"11","54":"11","73":"11","2Q":"11","5X":"11","2X":"11","G2":"11","4V":"11","2H":"11","4W":"11","32":"11"},"7G":{"23":"11","33":"11","32":"11","27":"11","29":"11","28":"11","26":"11","25":"11","24":"11","22":"11","34":"11"},"7C":{"3W":"11","2G":"11","2Q":"11","3P":"11","4R":"11","2P":"11","3R":"11","4V":"11","3Q":"11","2M":"11","3J":"11","4W":"11","3V":"11","3M":"11","2H":"11","2J":"11","4X":"11"},"68":{"XW":"11","XX":"11","X7":"11","X8":"11","XQ":"11","XR":"11","XJ":"11","X6":"11","XH":"11","X9":"11","X2":"11","XV":"11","XG":"11","XP":"11","X3":"11","XM":"11","XC":"11","XF":"11","X4":"11","X5":"11"},"8P":{"93":"11","84":"11","83":"11","95":"11","94":"11","WG":"11","92":"11","XG":"11","82":"11"},"83":{"XJ":"11","P6":"11","Q5":"11","R8":"11","Q8":"11","Q7":"11","Q4":"11","26":"11","WH":"11","2H":"11","22":"11","25":"11","2C":"11","23":"11","VG":"11","VF":"11","28":"11","P5":"11","M2":"11","2G":"11","Q6":"11","29":"11","WG":"11","VH":"11","24":"11","WJ":"11","27":"11","M3":"11","2F":"11","VC":"11"},"6C":{"P2":"11","R5":"11","Q3":"11","W9":"11","WF":"11","R8":"11","P4":"11","Q4":"11","R6":"11","Q7":"11","V6":"11","R7":"11","WG":"11","VC":"11","XH":"11","Q5":"11","Q6":"11","W8":"11","V8":"11","V9":"11","Q2":"11","XG":"11","WC":"11","P5":"11","P3":"11","XC":"11","V7":"11","XF":"11","R4":"11"},"75":{"8J":"11","V6":"11","8P":"11","H7":"11","9R":"11","C6":"11","R7":"11","FR":"11","7G":"11","MW":"11","PV":"11","8W":"11","CV":"11","HP":"11","VF":"11","XQ":"11","VP":"11","RW":"11","G4":"11","RM":"11","77":"11","M8":"11","R3":"11","M2":"11","8H":"11","RP":"11","GF":"11","JC":"11","QW":"11","P3":"11","X5":"11","JJ":"11","G8":"11","XR":"11","GV":"11","Q6":"11","W3":"11","G9":"11","RH":"11","QJ":"11","F5":"11","QF":"11","H4":"11","86":"11","MF":"11","GQ":"11","97":"11","8M":"11","HF":"11","H9":"11","WH":"11","QV":"11","P2":"11","FV":"11","R6":"11","PQ":"11","CR":"11","W7":"11","QX":"11","WV":"11","FP":"11","7Q":"11","XP":"11","H8":"11","9V":"11","GW":"11","JX":"11","WP":"11","Q5":"11","MM":"11","MX":"11","8X":"11","MC":"11","96":"11","P9":"11","R9":"11","WC":"11","78":"11","VR":"11","M4":"11","9Q":"11","9X":"11","CX":"11","VW":"11","7V":"11","F8":"11","PR":"11","VX":"11","RF":"11","M9":"11","J9":"11","PW":"11","PH":"11","C4":"11","X7":"11","JH":"11","88":"11","MJ":"11","G5":"11","PF":"11","V7":"11","9P":"11","Q9":"11","JF":"11","V9":"11","JM":"11","7R":"11","W4":"11","WQ":"11","6R":"11","M5":"11","X8":"11","JR":"11","J4":"11","HQ":"11","J7":"11","VH":"11","PX":"11","8Q":"11","GX":"11","WF":"11","95":"11","7C":"11","7P":"11","6W":"11","MR":"11","Q8":"11","7J":"11","J8":"11","PP":"11","H5":"11","QR":"11","F9":"11","H3":"11","HM":"11","FX":"11","P7":"11","V4":"11","Q3":"11","HC":"11","HW":"11","F7":"11","X6":"11","Q7":"11","V2":"11","HV":"11","JQ":"11","QH":"11","JW":"11","8V":"11","HG":"11","Q2":"11","VG":"11","PG":"11","XF":"11","F6":"11","XW":"11","JP":"11","7W":"11","W5":"11","7M":"11","V5":"11","RC":"11","PM":"11","RG":"11","J2":"11","6V":"11","7H":"11","V8":"11","RX":"11","G2":"11","QP":"11","HX":"11","JV":"11","R4":"11","MV":"11","QG":"11","X9":"11","MQ":"11","GC":"11","PC":"11","8R":"11","9M":"11","H2":"11","MH":"11","M7":"11","W6":"11","VJ":"11","WJ":"11","9W":"11","WX":"11","JG":"11","C7":"11","G6":"11","CW":"11","H6":"11","WR":"11","QM":"11","M3":"11","R2":"11","XV":"11","F4":"11","C3":"11","C9":"11","P4":"11","FQ":"11","FC":"11","RQ":"11","HR":"11","QC":"11","79":"11","8C":"11","VQ":"11","V3":"11","94":"11","R8":"11","RJ":"11","G7":"11","XC":"11","89":"11","RR":"11","C5":"11","WW":"11","P8":"11","CQ":"11","8G":"11","WG":"11","QQ":"11","87":"11","J3":"11","C8":"11","7X":"11","XG":"11","W9":"11","MG":"11","R5":"11","RV":"11","MP":"11","J5":"11","HH":"11","WM":"11","VV":"11","8F":"11","W8":"11","6X":"11","VM":"11","7F":"11","F2":"11","VC":"11","PJ":"11","M6":"11","Q4":"11","HJ":"11","GR":"11","J6":"11","F3":"11","FW":"11","P6":"11","GP":"11","G3":"11","P5":"11"},"F6":{"5H":"11","5J":"11","6W":"11","5G":"11","7W":"11","5Q":"11","7R":"11","7V":"11","2C":"11","6X":"11","4Q":"11","5R":"11","6H":"11","4M":"11","3G":"11","6J":"11","4G":"11","3C":"11","6G":"11","7X":"11","4J":"11","6Q":"11","4P":"11","6R":"11","4F":"11","3F":"11"},"93":{"8R":"11","9Q":"11","GR":"11","FR":"11","7Q":"11","9R":"11","CR":"11","FV":"11","6Q":"11","8Q":"11","7P":"11","GV":"11","5P":"11","5M":"11","6P":"11"},"82":{"2R":"11","G3":"11","44":"11","H4":"11","2P":"11","42":"11","25":"11","32":"11","F4":"11","38":"11","2X":"11","JG":"11","MR":"11","G6":"11","36":"11","H7":"11","G4":"11","49":"11","JM":"11","27":"11","F3":"11","33":"11","MQ":"11","J6":"11","35":"11","JQ":"11","3F":"11","2Q":"11","HF":"11","48":"11","JF":"11","43":"11","28":"11","H6":"11","29":"11","JP":"11","47":"11","2V":"11","2C":"11","J7":"11","45":"11","34":"11","3C":"11","24":"11","26":"11","JC":"11","39":"11","H8":"11","G5":"11","37":"11","JJ":"11","JR":"11","46":"11","J9":"11","23":"11","HG":"11","2W":"11","4C":"11"},"77":{"6P":"11","V6":"11","8P":"11","H7":"11","4X":"11","9R":"11","R7":"11","FR":"11","3V":"11","MW":"11","PV":"11","8W":"11","CV":"11","HP":"11","G4":"11","M8":"11","R3":"11","CF":"11","M2":"11","GF":"11","JC":"11","P3":"11","JJ":"11","G8":"11","GV":"11","Q6":"11","G9":"11","RH":"11","QJ":"11","F5":"11","QF":"11","H4":"11","MF":"11","GQ":"11","8M":"11","HF":"11","H9":"11","P2":"11","FV":"11","R6":"11","CC":"11","PQ":"11","CJ":"11","CR":"11","FP":"11","7Q":"11","H8":"11","9V":"11","GW":"11","JX":"11","Q5":"11","MM":"11","MX":"11","8X":"11","MC":"11","P9":"11","R9":"11","M4":"11","9Q":"11","9X":"11","CX":"11","7V":"11","F8":"11","CH":"11","PR":"11","2X":"11","RF":"11","M9":"11","J9":"11","PH":"11","JH":"11","5Q":"11","MJ":"11","G5":"11","GJ":"11","PF":"11","V7":"11","3W":"11","9P":"11","Q9":"11","JF":"11","JM":"11","7R":"11","6R":"11","FJ":"11","CP":"11","M5":"11","JR":"11","J4":"11","HQ":"11","J7":"11","8Q":"11","GX":"11","7P":"11","6W":"11","MR":"11","Q8":"11","7J":"11","J8":"11","PP":"11","5V":"11","H5":"11","F9":"11","H3":"11","HM":"11","FX":"11","P7":"11","V4":"11","Q3":"11","HC":"11","3X":"11","HW":"11","F7":"11","Q7":"11","V2":"11","HV":"11","JQ":"11","QH":"11","JW":"11","9H":"11","8V":"11","HG":"11","CG":"11","Q2":"11","PG":"11","F6":"11","JP":"11","7W":"11","7M":"11","RC":"11","V5":"11","PM":"11","RG":"11","J2":"11","6V":"11","V8":"11","G2":"11","QP":"11","HX":"11","JV":"11","R4":"11","FM":"11","MV":"11","QG":"11","MQ":"11","GC":"11","PC":"11","4V":"11","8R":"11","9M":"11","H2":"11","MH":"11","M7":"11","9W":"11","JG":"11","C7":"11","G6":"11","FF":"11","CW":"11","H6":"11","QM":"11","M3":"11","R2":"11","5R":"11","F4":"11","C9":"11","P4":"11","FQ":"11","FC":"11","HR":"11","FG":"11","QC":"11","6M":"11","GG":"11","V3":"11","R8":"11","G7":"11","P8":"11","CQ":"11","J3":"11","C8":"11","5W":"11","7X":"11","4W":"11","MG":"11","R5":"11","MP":"11","J5":"11","GH":"11","5X":"11","6Q":"11","HH":"11","6X":"11","GM":"11","FH":"11","PJ":"11","M6":"11","Q4":"11","HJ":"11","GR":"11","CM":"11","F3":"11","J6":"11","9J":"11","FW":"11","P6":"11","GP":"11","G3":"11","P5":"11"},"87":{"4X":"11","F4":"11","F8":"11","5H":"11","5J":"11","9G":"11","3X":"11","4R":"11","7C":"11","5W":"11","C9":"11","6C":"11","3W":"11","5G":"11","F6":"11","5X":"11","CH":"11","5Q":"11","CC":"11","4W":"11","F3":"11","5P":"11","G5":"11","C8":"11","5M":"11","5C":"11","4Q":"11","G4":"11","5R":"11","6F":"11","G3":"11","9H":"11","4V":"11","CF":"11","6G":"11","F9":"11","69":"11","4P":"11","5V":"11","F5":"11","F2":"11","CG":"11","79":"11","5F":"11"},"C5":{"QW":"11","MP":"11","PV":"11","C9":"11","96":"11","FF":"11","HM":"11","75":"11","QX":"11","52":"11","PX":"11","CC":"11","HJ":"11","74":"11","86":"11","MW":"11","65":"11","PQ":"11","64":"11","PR":"11","GJ":"11","MV":"11","FC":"11","PP":"11","63":"11","CF":"11","PW":"11","98":"11","85":"11","97":"11","84":"11","MQ":"11","53":"11","MR":"11","62":"11"},"74":{"QX":"11","QJ":"11","W2":"11","WP":"11","WG":"11","VR":"11","PQ":"11","WF":"11","JW":"11","R7":"11","W6":"11","QQ":"11","PR":"11","VM":"11","WJ":"11","HW":"11","RW":"11","MR":"11","RV":"11","RF":"11","V9":"11","RQ":"11","V6":"11","QV":"11","VG":"11","HX":"11","VJ":"11","QR":"11","JV":"11","RR":"11","PV":"11","VP":"11","R8":"11","VH":"11","VQ":"11","W9":"11","VF":"11","RH":"11","JX":"11","XH":"11","V5":"11","PX":"11","XG":"11","RM":"11","V4":"11","RC":"11","QM":"11","VC":"11","W7":"11","XJ":"11","QP":"11","V8":"11","RX":"11","MV":"11","QW":"11","WH":"11","RP":"11","RJ":"11","WM":"11","XF":"11","V7":"11","W8":"11","R9":"11","W4":"11","XC":"11","PW":"11","MX":"11","W5":"11","WC":"11","MW":"11","W3":"11","RG":"11"},"73":{"VX":"11","VW":"11","GH":"11","WP":"11","X5":"11","VV":"11","VR":"11","XJ":"11","HG":"11","WR":"11","XQ":"11","WV":"11","X6":"11","GG":"11","WQ":"11","HH":"11","XH":"11","XP":"11","VQ":"11","XM":"11","WW":"11","XG":"11","WX":"11"},"86":{"8J":"11","9Q":"11","8M":"11","CQ":"11","9P":"11","9M":"11","CM":"11","CX":"11","FX":"11","CP":"11","9J":"11"},"C6":{"R5":"11","R3":"11","V5":"11","Q2":"11","R4":"11","R2":"11"},"7F":{"44":"11","3X":"11","3W":"11","47":"11","3P":"11","4H":"11","3V":"11","43":"11","48":"11","46":"11","2X":"11","4Q":"11","2V":"11","4M":"11","4G":"11","3M":"11","3Q":"11","2W":"11","49":"11","4J":"11","42":"11","4P":"11","45":"11","3J":"11","4C":"11","3R":"11","4F":"11"},"8J":{"7R":"11","6W":"11","6V":"11","8R":"11","9Q":"11","C2":"11","7Q":"11","9P":"11","7V":"11","8Q":"11","8P":"11","6X":"11","F2":"11","CP":"11"},"88":{"5W":"11","32":"11","5X":"11","47":"11","3P":"11","43":"11","6X":"11","48":"11","46":"11","33":"11","3G":"11","3M":"11","3Q":"11","4V":"11","49":"11","42":"11","3J":"11","5V":"11","4C":"11","3H":"11"},"8H":{"9W":"11","93":"11","9X":"11","FX":"11","CX":"11","C2":"11","CW":"11","92":"11"},"76":{"MW":"11","P2":"11","95":"11","8H":"11","J6":"11","RV":"11","P8":"11","HQ":"11","F6":"11","8F":"11","JW":"11","HV":"11","M3":"11","PP":"11","HJ":"11","9H":"11","M7":"11","H7":"11","RR":"11","HX":"11","JQ":"11","VW":"11","RJ":"11","CG":"11","HG":"11","VX":"11","98":"11","MM":"11","F7":"11","VR":"11","M9":"11","HM":"11","H4":"11","JV":"11","C3":"11","RH":"11","CC":"11","FH":"11","89":"11","74":"11","VJ":"11","HW":"11","QM":"11","GV":"11","QR":"11","QH":"11","FJ":"11","QW":"11","FQ":"11","63":"11","QP":"11","9P":"11","8M":"11","W5":"11","R2":"11","JR":"11","P7":"11","85":"11","FF":"11","P3":"11","RF":"11","HH":"11","Q3":"11","RG":"11","J2":"11","Q2":"11","C9":"11","C8":"11","H2":"11","F3":"11","GQ":"11","HP":"11","CM":"11","PR":"11","GG":"11","M5":"11","G8":"11","H3":"11","PH":"11","GX":"11","C7":"11","C5":"11","C6":"11","F5":"11","MV":"11","W4":"11","VP":"11","CQ":"11","9F":"11","V4":"11","R3":"11","QG":"11","RP":"11","QV":"11","F4":"11","H6":"11","J3":"11","86":"11","82":"11","VQ":"11","G4":"11","92":"11","Q9":"11","GJ":"11","9C":"11","RQ":"11","V5":"11","J7":"11","G9":"11","99":"11","J5":"11","RX":"11","MH":"11","JP":"11","RM":"11","VH":"11","H8":"11","FV":"11","8G":"11","CF":"11","JH":"11","HR":"11","M8":"11","CP":"11","8C":"11","PW":"11","C2":"11","JF":"11","84":"11","MG":"11","F2":"11","F8":"11","62":"11","MJ":"11","8J":"11","9G":"11","GH":"11","JC":"11","83":"11","72":"11","QJ":"11","9M":"11","RW":"11","C4":"11","W3":"11","G5":"11","PQ":"11","PG":"11","G3":"11","QC":"11","GF":"11","9J":"11","M2":"11","P9":"11","FR":"11","H5":"11","88":"11","94":"11","HF":"11","GR":"11","JG":"11","JJ":"11","CH":"11","W6":"11","G7":"11","H9":"11","GC":"11","JM":"11","PJ":"11","PC":"11","96":"11","J4":"11","CR":"11","PF":"11","P4":"11","93":"11","MX":"11","HC":"11","PX":"11","75":"11","QF":"11","VV":"11","F9":"11","MC":"11","MQ":"11","W2":"11","PM":"11","GM":"11","87":"11","73":"11","G6":"11","V3":"11","MF":"11","CJ":"11","M6":"11","V2":"11","9Q":"11","QX":"11","MP":"11","J8":"11","QQ":"11","MR":"11","FG":"11","G2":"11","PV":"11","FC":"11","J9":"11","P6":"11","JX":"11","VM":"11","P5":"11","M4":"11","RC":"11","97":"11"},"8C":{"37":"11","44":"11","5J":"11","6W":"11","5W":"11","32":"11","5X":"11","38":"11","36":"11","47":"11","5Q":"11","4H":"11","34":"11","43":"11","5P":"11","39":"11","6X":"11","35":"11","48":"11","5M":"11","46":"11","33":"11","4Q":"11","5R":"11","4M":"11","3G":"11","4G":"11","3C":"11","49":"11","4J":"11","42":"11","4P":"11","45":"11","5V":"11","3J":"11","3H":"11","4F":"11","3F":"11"},"89":{"4R":"11","7G":"11","68":"11","6C":"11","54":"11","52":"11","4H":"11","3V":"11","58":"11","57":"11","5C":"11","59":"11","4Q":"11","6H":"11","2V":"11","4M":"11","6F":"11","3Q":"11","63":"11","6G":"11","2R":"11","4J":"11","69":"11","53":"11","62":"11","3R":"11"},"8G":{"8W":"11","8R":"11","6J":"11","5J":"11","7M":"11","CW":"11","7Q":"11","9R":"11","8Q":"11","7P":"11","9W":"11","8P":"11","9X":"11","8V":"11","9V":"11","6M":"11","CX":"11","6P":"11"},"FQ":{"93":"11","96":"11","95":"11","94":"11","67":"11"},"6G":{"RM":"11","W9":"11","WF":"11","X7":"11","X8":"11","WH":"11","JR":"11","VJ":"11","MQ":"11","WG":"11","JW":"11","PQ":"11","QP":"11","VG":"11","X9":"11","X6":"11","MR":"11","RJ":"11","HV":"11","PM":"11","QM":"11","PP":"11","MV":"11","JV":"11","WC":"11","VH":"11","XC":"11","HW":"11","XF":"11","VM":"11","WJ":"11"},"69":{"RJ":"11","X7":"11","XJ":"11","X4":"11","W8":"11","WC":"11","WP":"11","QQ":"11","RP":"11","WQ":"11","QX":"11","X6":"11","QH":"11","W6":"11","WH":"11","WF":"11","PX":"11","XH":"11","W9":"11","RH":"11","X3":"11","XP":"11","VF":"11","VG":"11","XF":"11","WM":"11","QM":"11","XM":"11","RG":"11","XG":"11","RQ":"11","VQ":"11","X9":"11","X5":"11","X8":"11","PP":"11","WG":"11","V9":"11","PW":"11","VH":"11","VJ":"11","QP":"11","X2":"11","WJ":"11","RM":"11","W7":"11","VP":"11","QJ":"11","XC":"11","VM":"11","VC":"11"},"C4":{"2G":"11","3P":"11","4P":"11","5W":"11","2M":"11","4W":"11","4Q":"11","3M":"11","2H":"11","5X":"11","4X":"11"},"72":{"X8":"11","V3":"11","Q3":"11","WP":"11","WG":"11","X9":"11","P8":"11","WF":"11","Q6":"11","P3":"11","R7":"11","W6":"11","QF":"11","XP":"11","Q8":"11","WJ":"11","P5":"11","R2":"11","RF":"11","V9":"11","V6":"11","X5":"11","Q2":"11","J2":"11","VG":"11","M6":"11","VJ":"11","R3":"11","P2":"11","P9":"11","R8":"11","Q9":"11","VH":"11","V2":"11","W9":"11","VF":"11","RH":"11","G2":"11","Q4":"11","R5":"11","XH":"11","V5":"11","P7":"11","M7":"11","Q7":"11","XG":"11","V4":"11","H2":"11","RC":"11","VC":"11","W7":"11","XJ":"11","P6":"11","V8":"11","XM":"11","Q5":"11","QC":"11","WH":"11","R4":"11","M4":"11","X6":"11","WM":"11","V7":"11","W8":"11","XQ":"11","X7":"11","R9":"11","W4":"11","W5":"11","WC":"11","M5":"11","W3":"11","P4":"11","R6":"11","X4":"11","RG":"11"},"8F":{"7P":"11","4R":"11","78":"11","7G":"11","7C":"11","7J":"11","66":"11","5W":"11","75":"11","7Q":"11","67":"11","5Q":"11","77":"11","7R":"11","58":"11","7M":"11","87":"11","86":"11","57":"11","65":"11","7F":"11","88":"11","4Q":"11","5R":"11","64":"11","76":"11","8C":"11","6H":"11","89":"11","7H":"11","6G":"11","8F":"11","85":"11","4P":"11","5V":"11","84":"11","62":"11","79":"11"},"85":{"2P":"11","3W":"11","2J":"11","2M":"11","26":"11","2H":"11","25":"11","2C":"11","28":"11","2X":"11","2G":"11","2V":"11","3Q":"11","29":"11","2W":"11","3C":"11","2R":"11","3J":"11","27":"11","3H":"11","2Q":"11","2F":"11"},"F7":{"F5":"11","MF":"11","93":"11","WP":"11","MH":"11","62":"11","C7":"11","92":"11","PF":"11","XP":"11","VM":"11","73":"11","C6":"11","MG":"11","83":"11","82":"11","PH":"11","HC":"11","F7":"11","F6":"11","VP":"11","F9":"11","PG":"11","C4":"11","RM":"11","QM":"11","QP":"11","XM":"11","RP":"11","94":"11","C8":"11","WM":"11","F8":"11","72":"11","GC":"11","C9":"11","JC":"11","H9":"11","C5":"11","J9":"11","MC":"11","FC":"11","G9":"11"},"94":{"XH":"11","XG":"11"},"79":{"23":"11","62":"11","3F":"11","38":"11","48":"11","66":"11","2F":"11","4C":"11","59":"11","2G":"11","64":"11","33":"11","42":"11","3G":"11","32":"11","65":"11","55":"11","73":"11","27":"11","29":"11","49":"11","28":"11","2M":"11","46":"11","82":"11","54":"11","75":"11","74":"11","43":"11","26":"11","63":"11","3H":"11","3J":"11","52":"11","35":"11","57":"11","72":"11","47":"11","37":"11","25":"11","24":"11","45":"11","36":"11","44":"11","22":"11","39":"11","3M":"11","84":"11","2H":"11","2C":"11","56":"11","67":"11","34":"11","83":"11","58":"11","2J":"11","3C":"11","53":"11"}},"85":{"HC":{"2W":"11","3W":"11","4V":"11"},"GF":{"V3":"11","R5":"11","V4":"11","Q4":"11","W3":"11","Q5":"11","X2":"11","P5":"11","W2":"11","R4":"11"},"HF":{"C4":"11","62":"11","H6":"11","73":"11","93":"11","J5":"11","72":"11","J6":"11","H5":"11","84":"11","83":"11","94":"11"}},"QJ":{"F4":{"H4":"11","P6":"11","M2":"11","M5":"11","Q7":"11","G2":"11","M4":"11","Q6":"11","M6":"11","P8":"11","J3":"11","Q8":"11","H2":"11","J5":"11","P7":"11","J2":"11","M3":"11","H3":"11","J6":"11","M7":"11","P5":"11","H5":"11","J7":"11","J4":"11"},"6V":{"X2":"11"},"3W":{"72":"11","82":"11"},"7Q":{"5Q":"11","2W":"11","3W":"11","5V":"11","4R":"11","4V":"11","2X":"11","5W":"11","3X":"11","4W":"11","5R":"11","6X":"11","3V":"11","4Q":"11","5X":"11","4X":"11"},"7R":{"53":"11","56":"11","43":"11","6G":"11","69":"11","4G":"11","3V":"11","5W":"11","47":"11","28":"11","3Q":"11","2P":"11","42":"11","2F":"11","64":"11","5P":"11","7H":"11","63":"11","7G":"11","2R":"11","4H":"11","44":"11","24":"11","2M":"11","23":"11","5V":"11","3X":"11","6M":"11","6F":"11","36":"11","7F":"11","55":"11","5Q":"11","7Q":"11","5J":"11","3F":"11","25":"11","2V":"11","33":"11","38":"11","4X":"11","5G":"11","39":"11","34":"11","7M":"11","3H":"11","29":"11","6P":"11","27":"11","6C":"11","4M":"11","4R":"11","35":"11","5M":"11","3G":"11","62":"11","4Q":"11","5C":"11","26":"11","4F":"11","3J":"11","2W":"11","7J":"11","67":"11","37":"11","66":"11","7P":"11","4J":"11","6J":"11","2C":"11","3M":"11","49":"11","52":"11","65":"11","22":"11","6Q":"11","3R":"11","3W":"11","68":"11","46":"11","4C":"11","59":"11","57":"11","48":"11","2G":"11","3C":"11","45":"11","2J":"11","54":"11","58":"11","5R":"11","2Q":"11","5H":"11","5X":"11","2X":"11","4P":"11","4V":"11","2H":"11","6H":"11","4W":"11","32":"11","5F":"11"},"3V":{"8M":"11","5H":"11","5J":"11","7P":"11","7G":"11","2P":"11","7J":"11","6P":"11","8P":"11","8V":"11","9V":"11","5G":"11","2J":"11","7Q":"11","2M":"11","7W":"11","3P":"11","7R":"11","4H":"11","2H":"11","7V":"11","7M":"11","6M":"11","8Q":"11","2C":"11","28":"11","5M":"11","2G":"11","4Q":"11","8X":"11","9Q":"11","6H":"11","9P":"11","6F":"11","3G":"11","6J":"11","4G":"11","3Q":"11","3M":"11","29":"11","9R":"11","9W":"11","7H":"11","3C":"11","6G":"11","7X":"11","4J":"11","6Q":"11","3J":"11","8R":"11","4C":"11","8W":"11","27":"11","3H":"11","2Q":"11","5F":"11","2F":"11","4F":"11","3F":"11"},"7V":{"57":"11","34":"11","47":"11","44":"11","35":"11","33":"11","24":"11","36":"11","46":"11","42":"11","56":"11","25":"11","45":"11","54":"11","55":"11","52":"11","43":"11","22":"11","32":"11","53":"11","23":"11"},"F3":{"MX":"11","HX":"11","JX":"11","GX":"11","JW":"11"},"HP":{"RM":"11","QH":"11","P6":"11","R8":"11","R9":"11","RC":"11","RG":"11","Q7":"11","VJ":"11","RF":"11","R7":"11","RJ":"11","Q6":"11","P8":"11","P9":"11","QF":"11","Q8":"11","P7":"11","Q9":"11","VH":"11","QC":"11","QG":"11","RH":"11","VM":"11"},"JM":{"MJ":"11","6W":"11","PR":"11","PJ":"11","8W":"11","PV":"11","QJ":"11","QQ":"11","QR":"11","RP":"11","QX":"11","PQ":"11","QP":"11","7X":"11","PM":"11","QM":"11","PP":"11","QW":"11","7W":"11","MM":"11","QV":"11","RQ":"11","6X":"11","8X":"11","RR":"11","MP":"11"},"2V":{"VF":"11","WF":"11","X7":"11","X8":"11","XQ":"11","WH":"11","VJ":"11","WP":"11","XJ":"11","WG":"11","VG":"11","XH":"11","X9":"11","WQ":"11","WM":"11","XG":"11","XP":"11","VH":"11","WC":"11","XM":"11","XC":"11","XF":"11","VM":"11","WJ":"11"},"JJ":{"X8":"11","F5":"11","V3":"11","W2":"11","G3":"11","X9":"11","92":"11","W6":"11","XW":"11","F4":"11","XP":"11","R2":"11","XV":"11","X5":"11","G4":"11","F3":"11","X2":"11","C2":"11","F6":"11","R3":"11","F2":"11","V2":"11","W9":"11","R5":"11","V5":"11","C4":"11","V4":"11","W7":"11","XM":"11","XR":"11","R4":"11","X6":"11","X3":"11","W8":"11","XQ":"11","X7":"11","W4":"11","C3":"11","C5":"11","W5":"11","G5":"11","W3":"11","R6":"11","X4":"11"},"HF":{"34":"11","44":"11","35":"11","33":"11","45":"11","43":"11"},"JP":{"5H":"11","78":"11","7G":"11","7C":"11","7J":"11","6C":"11","5G":"11","75":"11","47":"11","82":"11","58":"11","6M":"11","39":"11","74":"11","73":"11","48":"11","65":"11","5C":"11","59":"11","7F":"11","64":"11","6H":"11","6F":"11","6J":"11","4G":"11","7H":"11","3C":"11","63":"11","6G":"11","49":"11","69":"11","72":"11","4C":"11","62":"11","79":"11","4F":"11"},"JH":{"RX":"11","XR":"11","VW":"11","9V":"11","8V":"11","FV":"11","FW":"11","CR":"11","CV":"11","WW":"11","9X":"11","CX":"11","FX":"11","WR":"11","WV":"11","CW":"11","9Q":"11","XW":"11","9R":"11","XX":"11","9W":"11","VX":"11","XV":"11","8R":"11","WX":"11"},"6Q":{"VX":"11","XW":"11","RX":"11","XX":"11","WX":"11"},"6R":{"X8":"11","V3":"11","W2":"11","Q3":"11","WG":"11","X9":"11","WF":"11","Q6":"11","R7":"11","W6":"11","XW":"11","XP":"11","R2":"11","V9":"11","XV":"11","V6":"11","X5":"11","X2":"11","R3":"11","R8":"11","V2":"11","W9":"11","Q4":"11","R5":"11","XH":"11","V5":"11","XG":"11","V4":"11","VC":"11","W7":"11","XJ":"11","V8":"11","XM":"11","Q5":"11","XR":"11","R4":"11","X6":"11","XX":"11","X3":"11","XF":"11","V7":"11","W8":"11","XQ":"11","X7":"11","W4":"11","XC":"11","W5":"11","WC":"11","W3":"11","R6":"11","X4":"11"},"MJ":{"37":"11","44":"11","5H":"11","5J":"11","78":"11","2P":"11","68":"11","54":"11","32":"11","75":"11","38":"11","2J":"11","67":"11","36":"11","47":"11","2M":"11","52":"11","3P":"11","77":"11","26":"11","4H":"11","34":"11","43":"11","22":"11","25":"11","5P":"11","39":"11","74":"11","73":"11","23":"11","35":"11","28":"11","5M":"11","5C":"11","65":"11","33":"11","46":"11","64":"11","76":"11","4M":"11","3G":"11","4G":"11","3Q":"11","3M":"11","29":"11","3C":"11","55":"11","63":"11","2R":"11","4J":"11","42":"11","72":"11","4P":"11","24":"11","45":"11","3J":"11","4C":"11","84":"11","27":"11","53":"11","2Q":"11","3H":"11","62":"11","79":"11","3R":"11","5F":"11","2F":"11","4F":"11","3F":"11"},"MH":{"4X":"11","8M":"11","9M":"11","6W":"11","3X":"11","4R":"11","7J":"11","8P":"11","3W":"11","5X":"11","5Q":"11","3V":"11","4W":"11","7M":"11","8Q":"11","6X":"11","8J":"11","2X":"11","4Q":"11","5R":"11","9Q":"11","2V":"11","9P":"11","3Q":"11","9R":"11","2W":"11","7H":"11","4V":"11","7X":"11","4P":"11","5V":"11","8R":"11","3R":"11"}},"MH":{"G3":{"G2":"11"},"M4":{"QH":"11","QJ":"11"},"GF":{"85":"11","58":"11","64":"11","7C":"11","5C":"11","42":"11","32":"11","87":"11","78":"11","59":"11","JG":"11","7F":"11","GG":"11","86":"11","F3":"11","75":"11","HC":"11","67":"11","HF":"11","6G":"11","6C":"11","Q4":"11","96":"11","JF":"11","C4":"11","95":"11","52":"11","66":"11","Q5":"11","M9":"11","65":"11","94":"11","6F":"11","FF":"11","C3":"11","JC":"11","GF":"11","C5":"11","74":"11","J9":"11","MC":"11","76":"11","84":"11","69":"11","HG":"11","77":"11","68":"11","79":"11"},"PC":{"RM":"11","VP":"11","WH":"11","VJ":"11","RP":"11","WG":"11","VG":"11","WM":"11","VH":"11","VM":"11","WJ":"11"},"GC":{"C8":"11","J9":"11","4P":"11","3X":"11","J6":"11","C7":"11","M7":"11","H9":"11","5P":"11","5M":"11","J8":"11","J7":"11","4M":"11","4X":"11"},"G2":{"FR":"11","GX":"11","FG":"11","CM":"11","C9":"11","FH":"11","FF":"11","GV":"11","CH":"11","CC":"11","CP":"11","GQ":"11","GW":"11","FM":"11","GR":"11","C8":"11","FP":"11","FC":"11","FQ":"11","CF":"11","FJ":"11","CG":"11"},"P4":{"QW":"11","QV":"11","VQ":"11"}},"CQ":{"JP":{"44":"11","7J":"11","8P":"11","6C":"11","32":"11","36":"11","34":"11","58":"11","7M":"11","9X":"11","22":"11","43":"11","8Q":"11","23":"11","35":"11","48":"11","5C":"11","59":"11","46":"11","33":"11","6H":"11","6J":"11","9W":"11","49":"11","45":"11","8R":"11","8W":"11"},"PV":{"57":"11","JR":"11","JV":"11","HR":"11","56":"11","25":"11","JQ":"11","67":"11","26":"11"},"JQ":{"PR":"11","G9":"11","PV":"11","HC":"11","PW":"11","GC":"11","RX":"11","HF":"11","QW":"11","MM":"11","QV":"11","MP":"11"},"PW":{"PV":"11","PW":"11","Q4":"11","QX":"11","MR":"11","Q5":"11","Q6":"11","QW":"11","MV":"11","Q9":"11","PX":"11","QC":"11"},"JJ":{"2F":"11","2W":"11","2G":"11","27":"11","2X":"11","29":"11","28":"11","3X":"11","26":"11","2V":"11","25":"11","22":"11","2C":"11","2H":"11"},"JR":{"V3":"11","V4":"11","X7":"11","V2":"11","X6":"11","W3":"11","R2":"11","W4":"11","V5":"11","W5":"11","X5":"11"},"HJ":{"X2":"11","X3":"11"},"JH":{"68":"11","66":"11","83":"11","75":"11","93":"11","67":"11","47":"11","3P":"11","82":"11","77":"11","4H":"11","2H":"11","58":"11","48":"11","57":"11","2X":"11","2G":"11","76":"11","2V":"11","3G":"11","92":"11","4G":"11","3M":"11","3Q":"11","2W":"11","49":"11","2R":"11","3J":"11","3H":"11","2Q":"11","3R":"11","4F":"11","3F":"11"},"MR":{"WX":"11","38":"11","48":"11","4C":"11","8J":"11","FQ":"11","6J":"11","6H":"11","27":"11","49":"11","FR":"11","8H":"11","26":"11","7H":"11","37":"11","25":"11","36":"11","39":"11","7J":"11","VX":"11","3C":"11","4F":"11","9J":"11"},"JM":{"37":"11","3X":"11","3W":"11","2J":"11","36":"11","34":"11","3V":"11","25":"11","39":"11","35":"11","33":"11","2X":"11","2V":"11","3G":"11","2W":"11","3C":"11","2R":"11","3H":"11","2Q":"11"},"MV":{"X5":"11","R3":"11","W2":"11","W3":"11","V2":"11","X6":"11","R2":"11","V3":"11"},"PX":{"R5":"11","PR":"11","QH":"11","R8":"11","PV":"11","R9":"11","QJ":"11","RC":"11","QQ":"11","RG":"11","R6":"11","QR":"11","RF":"11","QP":"11","PM":"11","Q5":"11","Q6":"11","QM":"11","PP":"11","QF":"11","Q8":"11","QV":"11","Q9":"11","QC":"11","QG":"11"},"JG":{"62":"11","8W":"11","8R":"11","64":"11","9R":"11","54":"11","63":"11","52":"11","9W":"11","9X":"11","8X":"11","9V":"11","53":"11"},"HM":{"XJ":"11","XQ":"11","XP":"11","XM":"11","XR":"11"},"HH":{"XW":"11","XQ":"11","XV":"11","XR":"11"}},"8R":{"MQ":{"5H":"11","5J":"11","78":"11","7C":"11","68":"11","66":"11","83":"11","6C":"11","75":"11","5G":"11","67":"11","82":"11","77":"11","74":"11","73":"11","65":"11","5C":"11","59":"11","64":"11","76":"11","6H":"11","6J":"11","63":"11","6G":"11","69":"11","72":"11","84":"11","62":"11","79":"11","5F":"11"},"MP":{"6X":"11","7M":"11","7W":"11","6J":"11","6H":"11","6G":"11","7X":"11","7J":"11","6M":"11","7V":"11","7H":"11","8Q":"11","6W":"11","8P":"11"},"5V":{"H8":"11","H7":"11","G7":"11"},"MR":{"3P":"11","3Q":"11","4G":"11","3H":"11","3J":"11","3M":"11","4H":"11","4J":"11"},"MM":{"96":"11","9G":"11","8F":"11","8G":"11","87":"11","8C":"11","86":"11","9C":"11","97":"11","9F":"11"},"MJ":{"9R":"11","9V":"11"}},"GQ":{"2Q":{"PR":"11","PV":"11","QQ":"11","PQ":"11","QP":"11","PM":"11","PP":"11","QM":"11","PX":"11"},"2R":{"P2":"11","P3":"11","M2":"11"},"F5":{"5W":"11","6V":"11","6W":"11","5V":"11"}},"CH":{"4J":{"34":"11","35":"11","33":"11"}},"2M":{"5C":{"2W":"11","2Q":"11","2M":"11","2X":"11","2R":"11","2V":"11","2P":"11"},"48":{"FR":"11","GX":"11","66":"11","FH":"11","54":"11","GV":"11","32":"11","99":"11","CH":"11","52":"11","77":"11","43":"11","87":"11","GQ":"11","GW":"11","FM":"11","GR":"11","65":"11","9C":"11","88":"11","64":"11","9F":"11","76":"11","FP":"11","89":"11","FQ":"11","CF":"11","55":"11","42":"11","FJ":"11","HX":"11","CJ":"11","53":"11","CG":"11"},"4C":{"V4":"11","W9":"11","WF":"11","V6":"11","XJ":"11","XH":"11","W8":"11","W7":"11","V5":"11","XG":"11","XP":"11","WC":"11","XM":"11","XC":"11","V7":"11","XF":"11","R4":"11"},"5F":{"22":"11"},"7X":{"88":"11","87":"11","98":"11","97":"11"},"5W":{"WJ":"11","WM":"11","XJ":"11","VJ":"11","XM":"11","RJ":"11"},"49":{"MJ":"11","H4":"11","J9":"11","H6":"11","HC":"11","JC":"11","JF":"11","QQ":"11","H8":"11","JH":"11","G2":"11","PQ":"11","PP":"11","MM":"11","H2":"11","H7":"11","G4":"11","H3":"11","H9":"11","G3":"11","MH":"11","H5":"11","JG":"11","J8":"11","MP":"11"},"8H":{"5R":"11","4P":"11","4M":"11","5P":"11","5Q":"11"},"47":{"2W":"11","3W":"11","3X":"11","2V":"11","4X":"11"},"37":{"MJ":"11","PJ":"11","VP":"11","HG":"11","VQ":"11","JJ":"11","RP":"11","XR":"11","JH":"11","QP":"11","WQ":"11","PM":"11","QM":"11","MM":"11","VR":"11","XV":"11","RQ":"11","MH":"11","WV":"11","HH":"11","GG":"11","WR":"11"},"6M":{"4W":"11"}},"2P":{"7R":{"P2":"11","RM":"11","P6":"11","P4":"11","M5":"11","RP":"11","QP":"11","M6":"11","P8":"11","P9":"11","QM":"11","P7":"11","P5":"11","P3":"11","QC":"11","PC":"11"},"8J":{"3X":"11"},"78":{"8W":"11","8V":"11","8X":"11","8R":"11","9V":"11"},"8M":{"34":"11","37":"11","28":"11","35":"11","33":"11","36":"11","27":"11","32":"11","26":"11"},"77":{"6Q":"11","5H":"11","6H":"11","6R":"11"},"73":{"M6":"11","M4":"11","P9":"11","P8":"11"},"7Q":{"QW":"11","RJ":"11","QV":"11","RC":"11","X4":"11","RF":"11","QR":"11","RP":"11","QQ":"11","W2":"11","QX":"11","QH":"11","QC":"11","PX":"11","RH":"11","X3":"11","W3":"11","QM":"11","RG":"11","W5":"11","W4":"11","QF":"11","QG":"11","Q9":"11","QP":"11","R9":"11","X2":"11","RM":"11"},"7W":{"MC":"11","M6":"11","P2":"11","M3":"11","P3":"11","M9":"11","M7":"11","PC":"11","M8":"11","P9":"11","P7":"11","M2":"11","P8":"11"},"7V":{"MP":"11","P6":"11","MM":"11","Q5":"11","PM":"11","Q4":"11","P8":"11","PX":"11","Q2":"11","PF":"11","P5":"11","P9":"11","PC":"11","PQ":"11","R2":"11","Q3":"11","P7":"11","R3":"11","PP":"11","MQ":"11"},"7P":{"WX":"11","XW":"11","XX":"11","X7":"11","X6":"11","XV":"11","X3":"11","X4":"11","X5":"11"},"8P":{"2W":"11","2Q":"11","28":"11","2R":"11","27":"11","2V":"11","2P":"11","26":"11"},"79":{"88":"11","72":"11","82":"11"}},"5W":{"MX":{"8J":"11","78":"11","9Q":"11","8M":"11","7G":"11","FW":"11","CQ":"11","FR":"11","8H":"11","CR":"11","9R":"11","9P":"11","FV":"11","8G":"11","9M":"11","7H":"11","GX":"11","69":"11","8P":"11","68":"11","7J":"11","67":"11","79":"11","FX":"11"},"2P":{"GP":"11","Q6":"11","Q4":"11","Q7":"11","Q3":"11","P7":"11","Q5":"11","P8":"11","FP":"11"},"MQ":{"3W":"11","3X":"11","3V":"11","3G":"11","4G":"11","3F":"11"},"3R":{"8X":"11"},"MR":{"2R":"11","38":"11","3W":"11","33":"11","32":"11","2Q":"11","3R":"11","3Q":"11","2M":"11","3H":"11","3J":"11","35":"11","37":"11","36":"11","39":"11","3M":"11","2H":"11","34":"11","2J":"11","3C":"11"},"4V":{"3X":"11"},"2M":{"W2":"11","W3":"11","V2":"11","XF":"11","W5":"11","XG":"11","W6":"11","V3":"11","W4":"11"},"MW":{"7R":"11","6W":"11","6F":"11","8W":"11","42":"11","6J":"11","6H":"11","55":"11","7X":"11","7M":"11","54":"11","7W":"11","43":"11","7V":"11","57":"11","7P":"11","6X":"11","8V":"11","6M":"11","67":"11","56":"11","6P":"11","6C":"11"},"4W":{"34":"11","47":"11","44":"11","35":"11","33":"11","36":"11","46":"11","45":"11","54":"11","55":"11","43":"11","32":"11"},"MV":{"3W":"11","33":"11","32":"11","2P":"11","27":"11","29":"11","28":"11","2M":"11","3X":"11","26":"11","35":"11","25":"11","3V":"11","2H":"11","34":"11","2J":"11"},"3V":{"C4":"11","C3":"11","92":"11","93":"11","82":"11","83":"11","94":"11"},"JV":{"XJ":"11","X7":"11","X8":"11","XH":"11","XP":"11","XM":"11"},"2J":{"VX":"11","PM":"11","QM":"11"},"4X":{"VW":"11","VV":"11","VR":"11","XX":"11","RV":"11","QR":"11","RR":"11","WW":"11","WX":"11"}},"6W":{"J2":{"63":"11","64":"11","73":"11","72":"11","62":"11","65":"11","74":"11"},"H8":{"F4":"11","QW":"11","RJ":"11","QR":"11","RP":"11","QQ":"11","F6":"11","RR":"11","QX":"11","C2":"11","QH":"11","PH":"11","PX":"11","F3":"11","G5":"11","QM":"11","C3":"11","G4":"11","RQ":"11","G3":"11","QG":"11","PG":"11","PW":"11","QP":"11","C4":"11","F5":"11","F2":"11","G6":"11","RM":"11","QJ":"11"},"H7":{"FX":"11","FW":"11","CX":"11","CW":"11","FV":"11"},"VH":{"M8":"11","P7":"11","P8":"11"},"WG":{"C7":"11","HQ":"11","GP":"11","FM":"11","GJ":"11","F7":"11","GM":"11","FJ":"11","GQ":"11","F8":"11","HP":"11"},"XM":{"J9":"11","HC":"11","JC":"11","JF":"11","HG":"11","H8":"11","G8":"11","HF":"11","F7":"11","C7":"11","H9":"11","JG":"11","G7":"11"},"H3":{"66":"11","78":"11","64":"11","77":"11","65":"11","55":"11","73":"11","75":"11","74":"11","76":"11","83":"11"},"H9":{"P2":"11","P3":"11","Q2":"11","P4":"11"}},"FR":{"44":{"QH":"11","PF":"11","P6":"11","QJ":"11","M5":"11","M4":"11","RJ":"11","M6":"11","P8":"11","P9":"11","J3":"11","QF":"11","H2":"11","P7":"11","J2":"11","M3":"11","QC":"11","QG":"11","RH":"11","PC":"11","J4":"11"},"6C":{"34":"11","44":"11","24":"11","25":"11","45":"11","43":"11"},"5G":{"GP":"11","GM":"11","GQ":"11"},"F6":{"MJ":"11","RM":"11","PJ":"11","QH":"11","PG":"11","QJ":"11","VP":"11","PH":"11","VQ":"11","RP":"11","WP":"11","QP":"11","WQ":"11","RJ":"11","PM":"11","PP":"11","QM":"11","MM":"11","XV":"11","VR":"11","WV":"11","QG":"11","VM":"11","WR":"11"},"2J":{"CF":"11","FM":"11","CG":"11","CM":"11","CH":"11","CJ":"11","FP":"11"},"36":{"M7":"11","M8":"11","M5":"11","J2":"11","J4":"11","P8":"11","QC":"11","M6":"11","PF":"11","P9":"11","PC":"11","H2":"11","J3":"11","QF":"11","P7":"11","H4":"11","QG":"11","H3":"11","J5":"11"},"C2":{"P2":"11","M3":"11","P3":"11","J3":"11","M2":"11"},"3P":{"44":"11","46":"11","42":"11","45":"11","52":"11","43":"11"},"J4":{"3F":"11","2F":"11","2G":"11","3G":"11","4G":"11","3H":"11","2C":"11","4H":"11","4F":"11"},"26":{"6X":"11","5X":"11","5W":"11","6W":"11"},"34":{"J2":"11","P2":"11","Q2":"11","H2":"11","M2":"11"},"43":{"8M":"11","9M":"11","7P":"11","4R":"11","6P":"11","CM":"11","FH":"11","7Q":"11","CH":"11","5Q":"11","3V":"11","7M":"11","8J":"11","5R":"11","2V":"11","2W":"11","4V":"11","FJ":"11","6Q":"11","CJ":"11","3R":"11"},"35":{"HX":"11"},"65":{"QJ":"11","Q3":"11","WG":"11","X9":"11","P8":"11","WF":"11","Q6":"11","P3":"11","R7":"11","W6":"11","QQ":"11","QF":"11","VM":"11","PJ":"11","Q8":"11","WJ":"11","RW":"11","P5":"11","RV":"11","RF":"11","V9":"11","RQ":"11","V6":"11","M3":"11","Q2":"11","QV":"11","PH":"11","VG":"11","M2":"11","PC":"11","M6":"11","VJ":"11","QR":"11","RR":"11","P2":"11","P9":"11","VP":"11","R8":"11","Q9":"11","QG":"11","W9":"11","VH":"11","VQ":"11","VF":"11","RH":"11","Q4":"11","R5":"11","V5":"11","XH":"11","P7":"11","PG":"11","M7":"11","Q7":"11","RM":"11","XG":"11","V4":"11","RC":"11","QM":"11","VC":"11","W7":"11","XJ":"11","QP":"11","P6":"11","V8":"11","Q5":"11","QC":"11","QH":"11","RP":"11","WH":"11","R4":"11","RJ":"11","M4":"11","WM":"11","XF":"11","V7":"11","W8":"11","R9":"11","XC":"11","WC":"11","M5":"11","P4":"11","R6":"11","RG":"11"},"5C":{"X5":"11","X2":"11","X4":"11","X3":"11"},"C3":{"MJ":"11","QQ":"11","JJ":"11","QR":"11","VV":"11","PQ":"11","PM":"11","PP":"11","JM":"11","MM":"11","VR":"11","RQ":"11","WV":"11","RR":"11","MP":"11","WR":"11"},"33":{"XW":"11","WX":"11","RW":"11","WW":"11","HX":"11","QX":"11","RX":"11","JX":"11","VW":"11","XV":"11","GX":"11","PX":"11","HW":"11","VX":"11"},"2G":{"44":"11","35":"11","45":"11"},"64":{"QW":"11","M7":"11","RJ":"11","MP":"11","P6":"11","QV":"11","PV":"11","Q5":"11","MM":"11","RC":"11","RF":"11","P2":"11","M5":"11","R8":"11","P3":"11","Q8":"11","QQ":"11","RP":"11","Q7":"11","QX":"11","PM":"11","QH":"11","Q4":"11","MF":"11","PH":"11","P8":"11","QC":"11","PX":"11","RH":"11","M6":"11","M4":"11","R6":"11","QM":"11","PF":"11","P5":"11","MW":"11","M2":"11","R5":"11","P9":"11","RG":"11","PC":"11","PQ":"11","Q6":"11","PR":"11","MG":"11","MV":"11","QF":"11","Q3":"11","P7":"11","PJ":"11","QG":"11","P4":"11","PG":"11","PP":"11","PW":"11","Q9":"11","MX":"11","QP":"11","R7":"11","R9":"11","MQ":"11","MR":"11","MJ":"11","RM":"11","MC":"11","M3":"11","QJ":"11","MH":"11"},"6F":{"C7":"11","C6":"11","F5":"11","F7":"11","C5":"11","F6":"11"},"H4":{"RC":"11","RF":"11","WC":"11","FH":"11","9V":"11","8V":"11","HM":"11","7W":"11","CR":"11","WF":"11","QC":"11","HJ":"11","GM":"11","W9":"11","CP":"11","FM":"11","VF":"11","XF":"11","PF":"11","8X":"11","CQ":"11","9Q":"11","FP":"11","GJ":"11","QF":"11","9R":"11","9W":"11","PG":"11","V9":"11","7X":"11","FJ":"11","R9":"11","8W":"11","XC":"11","VC":"11"},"3M":{"5X":"11","4X":"11"},"63":{"M8":"11","P2":"11","MJ":"11","MX":"11","P6":"11","PV":"11","P4":"11","PW":"11","MG":"11","MR":"11","M6":"11","MW":"11","MM":"11","M9":"11","MV":"11","M3":"11","M7":"11","PX":"11","P5":"11","MH":"11","P3":"11","MF":"11","MP":"11","MC":"11"},"H5":{"72":"11","82":"11"},"69":{"88":"11","87":"11","86":"11","77":"11","78":"11","79":"11","89":"11","76":"11"},"27":{"62":"11","66":"11","64":"11","33":"11","65":"11","73":"11","55":"11","27":"11","54":"11","26":"11","43":"11","63":"11","52":"11","35":"11","25":"11","44":"11","67":"11","56":"11","34":"11","53":"11"},"G6":{"PV":"11"},"62":{"J8":"11","M7":"11","M8":"11","PV":"11","MM":"11","J7":"11","M5":"11","MF":"11","J4":"11","PX":"11","M6":"11","PF":"11","PC":"11","H2":"11","J3":"11","MG":"11","MV":"11","H4":"11","PG":"11","H5":"11","PW":"11","H3":"11","J6":"11","MR":"11","MJ":"11","H6":"11","MH":"11","J5":"11"},"2F":{"CC":"11","G9":"11","8J":"11","8M":"11","G8":"11","CF":"11","FF":"11","9H":"11","7Q":"11","9P":"11","F8":"11","FC":"11","9M":"11","8Q":"11","9G":"11","F9":"11","CG":"11","8P":"11","9J":"11"},"4F":{"2J":"11"},"3F":{"WJ":"11","WM":"11","XJ":"11","XM":"11"}},"2X":{"9C":{"23":"11","38":"11","4C":"11","FP":"11","FQ":"11","CQ":"11","49":"11","FR":"11","25":"11","24":"11","39":"11","34":"11","CP":"11","3C":"11","4F":"11"},"89":{"PF":"11","PG":"11","XQ":"11","XR":"11","WQ":"11","RJ":"11","XV":"11","WR":"11"}},"5V":{"2R":{"M5":"11","J4":"11","J5":"11"},"4M":{"2M":"11","2J":"11"},"3M":{"XW":"11","XX":"11","W3":"11","W5":"11","XM":"11","W4":"11"}},"7R":{"VH":{"J7":"11","J8":"11","H8":"11","H7":"11","M6":"11","J6":"11","H6":"11","M7":"11","J5":"11","M8":"11"}},"6M":{"J7":{"J2":"11","J3":"11","H5":"11","H4":"11","J4":"11","J5":"11","H3":"11"},"FP":{"WJ":"11","WM":"11","VJ":"11","VM":"11"}},"5X":{"64":{"73":"11","74":"11"},"42":{"X2":"11"},"Q5":{"J9":"11","H8":"11","M5":"11","V6":"11","X6":"11","M4":"11","M6":"11","W6":"11","J5":"11","G4":"11","J6":"11","H9":"11","G5":"11","P5":"11","H5":"11","W5":"11","J8":"11","J7":"11"},"9H":{"VW":"11","GF":"11","P6":"11","RC":"11","RF":"11","M5":"11","R8":"11","Q8":"11","Q7":"11","J9":"11","WW":"11","RH":"11","M6":"11","VF":"11","VG":"11","P5":"11","WV":"11","RG":"11","HF":"11","P7":"11","HC":"11","P4":"11","RW":"11","VV":"11","H9":"11","V9":"11","R7":"11","R9":"11","JC":"11","VC":"11"},"7Q":{"R5":"11","R3":"11","V4":"11","V5":"11","R6":"11","Q2":"11","R4":"11","R2":"11"},"52":{"8M":"11","9M":"11","7C":"11","7J":"11","68":"11","8P":"11","6C":"11","36":"11","FW":"11","47":"11","CR":"11","CV":"11","34":"11","9J":"11","58":"11","22":"11","23":"11","35":"11","57":"11","FX":"11","59":"11","7F":"11","46":"11","33":"11","8J":"11","CW":"11","CQ":"11","9Q":"11","9P":"11","6F":"11","9R":"11","69":"11","24":"11","45":"11","56":"11"},"9G":{"VW":"11","VV":"11","VR":"11","RQ":"11","WR":"11","WV":"11","VQ":"11"},"7P":{"RX":"11","QX":"11"},"W2":{"G4":"11","84":"11","83":"11","F5":"11","94":"11","G6":"11","F4":"11","G5":"11","F6":"11"},"53":{"VP":"11","XQ":"11","VJ":"11","XR":"11","WP":"11","F5":"11","WQ":"11","RJ":"11","WM":"11","F3":"11","VH":"11","F6":"11","F2":"11","RH":"11","VM":"11","F4":"11","WR":"11"},"9J":{"GH":"11","FH":"11","FJ":"11","CH":"11","HH":"11","FG":"11"}},"8W":{"Q3":{"2W":"11","2X":"11","3X":"11"},"J9":{"WP":"11","XQ":"11","XV":"11","WQ":"11","XP":"11","XR":"11"},"Q4":{"34":"11","44":"11","35":"11","33":"11","45":"11","43":"11","32":"11"},"CV":{"XX":"11","WX":"11"},"CF":{"XW":"11","XQ":"11","VQ":"11","XR":"11","VV":"11","WQ":"11","XV":"11","VR":"11","RQ":"11","XP":"11","RV":"11","WV":"11","RR":"11","WR":"11"},"FW":{"22":"11","23":"11"},"FF":{"2R":"11","66":"11","2W":"11","64":"11","3G":"11","2Q":"11","3P":"11","65":"11","55":"11","2P":"11","2M":"11","46":"11","54":"11","3H":"11","3J":"11","57":"11","2V":"11","47":"11","3M":"11","2H":"11","56":"11","2J":"11"},"W3":{"MX":"11","JR":"11","HR":"11"},"CW":{"66":"11","87":"11","78":"11","77":"11","73":"11","82":"11","75":"11","X2":"11","74":"11","96":"11","76":"11","72":"11","68":"11","X3":"11","86":"11","85":"11","95":"11","84":"11","67":"11","83":"11","W2":"11","94":"11"},"FV":{"2X":"11"},"W4":{"P6":"11","P4":"11","M2":"11","M5":"11","M4":"11","M6":"11","P8":"11","P9":"11","P7":"11","P5":"11"},"M9":{"2W":"11","2V":"11"},"52":{"JR":"11","JV":"11","MV":"11","HH":"11","JQ":"11","HJ":"11","JP":"11"},"57":{"C4":"11","C3":"11","G9":"11","PG":"11","C5":"11","JF":"11","MG":"11","93":"11","F8":"11","F7":"11","F9":"11","C7":"11","MF":"11","C6":"11","95":"11","F6":"11","94":"11"},"22":{"22":"11","23":"11"},"W2":{"48":"11","96":"11","88":"11","87":"11","77":"11","49":"11","78":"11","97":"11","59":"11","58":"11"}},"4J":{"QW":{"VC":"11"}},"4P":{"2Q":{"HQ":"11","GJ":"11","GM":"11","HM":"11","HJ":"11","HP":"11"},"3V":{"38":"11","48":"11","55":"11","54":"11","57":"11","37":"11","69":"11","68":"11","56":"11","58":"11","53":"11"},"3Q":{"PR":"11","MX":"11","PV":"11","HX":"11","PW":"11","QX":"11","JW":"11","JX":"11","MR":"11","QW":"11","MV":"11","HW":"11"},"3R":{"F5":"11","G3":"11","5W":"11","7C":"11","F4":"11","5P":"11","73":"11","78":"11","5V":"11","G6":"11","7F":"11","83":"11","4P":"11","G4":"11","4Q":"11","F3":"11","5Q":"11","F6":"11","4M":"11","67":"11","4R":"11","6G":"11","4V":"11","6C":"11","5H":"11","5J":"11","H6":"11","66":"11","6F":"11","5R":"11","5M":"11","C3":"11","G5":"11","76":"11","69":"11","6H":"11","77":"11","68":"11","79":"11"}},"4Q":{"HJ":{"48":"11","57":"11","47":"11","46":"11","56":"11","58":"11"}},"2H":{"G3":{"JQ":"11","HM":"11","JP":"11","HP":"11"}},"7V":{"VV":{"GF":"11","GC":"11","FG":"11","CM":"11","C9":"11","FH":"11","FV":"11","FF":"11","99":"11","75":"11","FW":"11","CH":"11","52":"11","77":"11","CR":"11","CV":"11","CC":"11","CP":"11","43":"11","87":"11","FM":"11","CX":"11","65":"11","9C":"11","CW":"11","88":"11","CQ":"11","89":"11","FC":"11","CF":"11","98":"11","F9":"11","42":"11","FJ":"11","CJ":"11","53":"11","CG":"11"},"VR":{"C7":"11","C6":"11","F5":"11","94":"11","C3":"11","F4":"11","C5":"11","F3":"11","C8":"11","C4":"11"},"V9":{"FP":"11","HX":"11","FQ":"11","3G":"11","6J":"11","GR":"11","FM":"11","FR":"11","FV":"11","3H":"11","GV":"11","7J":"11","HW":"11","CM":"11","CP":"11"},"WV":{"3P":"11","4R":"11","4P":"11","4V":"11","3Q":"11","3H":"11","3J":"11","4W":"11","6X":"11","4Q":"11","3M":"11","5X":"11","4M":"11","4X":"11"},"VC":{"GH":"11","FH":"11","HQ":"11","H7":"11","HG":"11","H5":"11","HR":"11","H4":"11","GG":"11","H6":"11","H2":"11","HH":"11","HM":"11","H3":"11","HP":"11","HF":"11"},"VF":{"F4":"11","FR":"11","F8":"11","GX":"11","FG":"11","FH":"11","FV":"11","GV":"11","F6":"11","GM":"11","C5":"11","F3":"11","GW":"11","FM":"11","GR":"11","C6":"11","H2":"11","GG":"11","GJ":"11","G3":"11","G9":"11","G7":"11","F9":"11","FJ":"11","F5":"11","F2":"11","G6":"11","G2":"11"},"VQ":{"9Q":"11","CQ":"11","9P":"11","9W":"11","9V":"11","CM":"11","CP":"11"},"WW":{"J8":"11","78":"11","G8":"11","MM":"11","J7":"11","H7":"11","99":"11","F6":"11","J9":"11","QX":"11","PM":"11","52":"11","77":"11","PX":"11","87":"11","C5":"11","C6":"11","G5":"11","C8":"11","C7":"11","88":"11","MG":"11","G7":"11","PJ":"11","H9":"11","H8":"11","98":"11","F5":"11","MJ":"11","G6":"11","62":"11","MH":"11"},"VG":{"9Q":"11","F5":"11","CQ":"11","CR":"11","9R":"11","9P":"11","F8":"11","FC":"11","F7":"11","9M":"11","F9":"11","CM":"11","F6":"11","CP":"11"},"WX":{"R4":"11","Q5":"11","RC":"11","RF":"11","P2":"11","P3":"11","R8":"11","Q8":"11","RP":"11","Q7":"11","RR":"11","Q4":"11","P8":"11","QC":"11","VR":"11","Q2":"11","VF":"11","R6":"11","R5":"11","P9":"11","RG":"11","PC":"11","Q6":"11","RQ":"11","VQ":"11","QF":"11","Q3":"11","P7":"11","QG":"11","VH":"11","Q9":"11","VJ":"11","R7":"11","R9":"11","RM":"11","VP":"11","VM":"11","VC":"11"}},"5Q":{"GW":{"8M":"11","9G":"11","6W":"11","99":"11","7W":"11","9J":"11","7V":"11","6X":"11","8J":"11","9C":"11","88":"11","8H":"11","9F":"11","8C":"11","89":"11","8G":"11","9H":"11","7X":"11","8F":"11"},"GX":{"62":"11","87":"11","64":"11","73":"11","75":"11","74":"11","63":"11","72":"11","86":"11","85":"11"}},"6V":{"JQ":{"8F":"11","7C":"11","8H":"11","9H":"11","8G":"11","9M":"11","7F":"11","9G":"11","CJ":"11","CM":"11","CP":"11","8C":"11","9J":"11"},"MG":{"8W":"11","CV":"11","7X":"11","CW":"11","CR":"11","75":"11","76":"11","8X":"11"},"JR":{"34":"11","35":"11","33":"11","46":"11","56":"11","45":"11","32":"11","23":"11"},"JW":{"C8":"11","8W":"11","FP":"11","9Q":"11","97":"11","7X":"11","CQ":"11","FM":"11","F8":"11","7W":"11","96":"11","7V":"11","8Q":"11","F9":"11","C7":"11","8X":"11","8V":"11","CM":"11","C9":"11","CP":"11","98":"11"},"JX":{"6W":"11","73":"11","5W":"11","92":"11","93":"11","82":"11","75":"11","74":"11","6X":"11","83":"11","5X":"11"},"HP":{"7G":"11","68":"11","69":"11","8G":"11","8H":"11"},"XV":{"3Q":"11","4Q":"11","3R":"11"},"GM":{"R3":"11","WG":"11","Q2":"11","WH":"11","VG":"11","R2":"11","Q3":"11"},"JV":{"37":"11","68":"11","66":"11","38":"11","67":"11","47":"11","77":"11","58":"11","39":"11","74":"11","73":"11","48":"11","57":"11","64":"11","76":"11","63":"11","49":"11"},"MH":{"5H":"11","5J":"11","4R":"11","96":"11","5Q":"11","82":"11","3V":"11","5P":"11","86":"11","5M":"11","4Q":"11","5R":"11","4V":"11","72":"11","85":"11","84":"11","94":"11","95":"11","3R":"11"},"MF":{"7G":"11","69":"11","68":"11","78":"11","79":"11","7C":"11","7F":"11","67":"11"},"HM":{"4R":"11","3Q":"11","4Q":"11","3R":"11"},"FG":{"GW":"11","HW":"11","6P":"11","GV":"11","5P":"11","HV":"11"},"MC":{"CC":"11","C9":"11"}},"4M":{"V2":{"V4":"11"},"PR":{"MQ":"11"}},"35":{"MP":{"GR":"11","GP":"11","GV":"11","FQ":"11","GQ":"11"}},"P9":{"29":{"C6":"11","F7":"11","F6":"11"}},"8C":{"HW":{"96":"11","6J":"11","6M":"11"}},"2Q":{"F4":{"2R":"11","2V":"11","3V":"11","3R":"11"},"F8":{"52":"11"},"7P":{"F4":"11","F8":"11","9G":"11","9M":"11","CM":"11","C9":"11","9V":"11","F6":"11","CH":"11","CC":"11","9J":"11","9X":"11","F3":"11","C8":"11","C7":"11","9Q":"11","9P":"11","G3":"11","9R":"11","9W":"11","9H":"11","CF":"11","CJ":"11","F7":"11","F5":"11","F2":"11","CG":"11","G2":"11"},"7C":{"PH":"11","PF":"11","PJ":"11","PG":"11"},"7J":{"MX":"11","VP":"11","PW":"11","WH":"11","VQ":"11","QR":"11","VJ":"11","RP":"11","QX":"11","WG":"11","XH":"11","QW":"11","WM":"11","QV":"11","RQ":"11","XG":"11","PX":"11","RV":"11","XC":"11","RR":"11","XF":"11","VM":"11","WJ":"11"},"FG":{"JV":"11","JW":"11"},"J7":{"FH":"11","5R":"11","GJ":"11","4R":"11","FJ":"11","5V":"11"},"96":{"HR":"11","6V":"11","2W":"11","3W":"11","5V":"11","9Q":"11","PW":"11","JR":"11","QX":"11","HP":"11","4V":"11","5W":"11","GP":"11","9R":"11","4W":"11","7V":"11","PX":"11","GM":"11","HM":"11"},"83":{"99":"11","9H":"11","73":"11","9J":"11","72":"11","9C":"11","75":"11","9F":"11","74":"11"},"75":{"88":"11","89":"11"},"7Q":{"8M":"11","7P":"11","7J":"11","8P":"11","83":"11","8V":"11","7Q":"11","93":"11","7W":"11","82":"11","7R":"11","7V":"11","7M":"11","87":"11","8Q":"11","86":"11","8J":"11","88":"11","8H":"11","8C":"11","89":"11","8G":"11","92":"11","7H":"11","7X":"11","8F":"11","85":"11","8R":"11","84":"11","94":"11","95":"11"},"J2":{"CG":"11","CH":"11"},"C2":{"QW":"11","9M":"11","7P":"11","QV":"11","PV":"11","7Q":"11","7R":"11","4H":"11","9J":"11","6M":"11","7M":"11","8Q":"11","PR":"11","9Q":"11","FP":"11","9P":"11","FQ":"11","9R":"11","HR":"11","RW":"11","RV":"11","HQ":"11","4J":"11","CJ":"11","8R":"11","4F":"11","3F":"11"},"7W":{"QW":"11","RJ":"11","QV":"11","PV":"11","Q5":"11","RC":"11","RF":"11","P2":"11","P3":"11","QR":"11","R8":"11","Q7":"11","QQ":"11","QX":"11","Q4":"11","QH":"11","PX":"11","RH":"11","Q2":"11","R6":"11","QM":"11","R5":"11","RG":"11","PQ":"11","Q6":"11","PR":"11","Q3":"11","QG":"11","PW":"11","QP":"11","R7":"11","R9":"11","RM":"11","QJ":"11"},"82":{"6V":"11","7P":"11","6P":"11","8P":"11","7Q":"11","7W":"11","CR":"11","7V":"11","CP":"11","7M":"11","8Q":"11","CQ":"11","9Q":"11","9P":"11","9R":"11","6Q":"11","6R":"11"},"J4":{"6X":"11","CX":"11","7X":"11"},"7R":{"5H":"11","5J":"11","6W":"11","4R":"11","68":"11","66":"11","5W":"11","6C":"11","5G":"11","5X":"11","67":"11","5Q":"11","4H":"11","4W":"11","5P":"11","6X":"11","5M":"11","5C":"11","59":"11","4Q":"11","5R":"11","4M":"11","6F":"11","4G":"11","4V":"11","4J":"11","69":"11","4P":"11","5V":"11","5F":"11"},"CC":{"WR":"11","WV":"11","WQ":"11"},"7V":{"C9":"11","96":"11","FF":"11","HM":"11","75":"11","52":"11","PX":"11","CC":"11","HJ":"11","GM":"11","74":"11","73":"11","HP":"11","86":"11","C8":"11","MW":"11","C7":"11","JV":"11","GJ":"11","JP":"11","MV":"11","FC":"11","JQ":"11","63":"11","CF":"11","HQ":"11","PW":"11","98":"11","F9":"11","85":"11","97":"11","84":"11","MR":"11","62":"11","JR":"11"},"7M":{"P2":"11","J6":"11","P8":"11","HQ":"11","HV":"11","M3":"11","HJ":"11","M7":"11","H7":"11","Q6":"11","RJ":"11","HG":"11","M9":"11","HM":"11","RH":"11","VJ":"11","GV":"11","QH":"11","R8":"11","P7":"11","Q7":"11","P3":"11","RF":"11","HH":"11","RG":"11","HP":"11","M5":"11","PH":"11","GX":"11","QG":"11","H6":"11","Q9":"11","J7":"11","MH":"11","RM":"11","VH":"11","H8":"11","JH":"11","HR":"11","M8":"11","JF":"11","MG":"11","JC":"11","R7":"11","QJ":"11","PG":"11","QC":"11","M2":"11","P9":"11","HF":"11","GR":"11","JG":"11","JJ":"11","H9":"11","JM":"11","PC":"11","PJ":"11","Q8":"11","PF":"11","HC":"11","QF":"11","MC":"11","GW":"11","MF":"11","J8":"11","J9":"11","P6":"11","VM":"11","M4":"11"},"87":{"J8":"11","M7":"11","M8":"11","J7":"11","V5":"11","W2":"11","67":"11","P8":"11","QC":"11","W3":"11","V8":"11","P9":"11","V2":"11","C7":"11","PC":"11","W5":"11","Q9":"11","V6":"11","97":"11","V7":"11","V3":"11"},"C5":{"MQ":"11"},"F3":{"J8":"11","F8":"11","M8":"11","G8":"11","XJ":"11","RC":"11","54":"11","75":"11","J9":"11","QC":"11","74":"11","VF":"11","35":"11","65":"11","C7":"11","PC":"11","64":"11","76":"11","G7":"11","H9":"11","55":"11","H8":"11","WG":"11","M9":"11","45":"11","97":"11","MC":"11","VC":"11"},"74":{"69":"11","79":"11","7C":"11","6C":"11"},"73":{"93":"11","CQ":"11","GQ":"11","CH":"11","CF":"11","HP":"11","MR":"11","RV":"11","XV":"11","GG":"11","CG":"11","FM":"11","HC":"11","JV":"11","JQ":"11","HQ":"11","FP":"11","PV":"11","CM":"11","GM":"11","PX":"11","F9":"11","GR":"11","C4":"11","CP":"11","FG":"11","MV":"11","FJ":"11","94":"11","CC":"11","CJ":"11","GC":"11","FQ":"11","FF":"11","C3":"11","GF":"11","PW":"11","H9":"11","JR":"11","MW":"11","WV":"11","FH":"11","HR":"11","GJ":"11","HV":"11","FC":"11","G9":"11","GP":"11"},"6X":{"Q9":"11","QC":"11","PC":"11","P9":"11"},"86":{"WX":"11"},"M2":{"G4":"11","64":"11","54":"11","G5":"11","65":"11","P6":"11"},"8J":{"38":"11","42":"11","27":"11","29":"11","28":"11","43":"11","35":"11","52":"11","37":"11","45":"11","36":"11","44":"11","2C":"11","34":"11","53":"11"},"C7":{"XW":"11","RW":"11","WW":"11","GJ":"11","54":"11","QV":"11","35":"11","XV":"11","25":"11","24":"11","RV":"11","WV":"11","RR":"11"},"G4":{"P2":"11","V3":"11","V4":"11","Q3":"11","M2":"11","V2":"11","W3":"11","R2":"11","W4":"11","Q2":"11","J2":"11","X3":"11","P3":"11","X4":"11","X5":"11"},"8X":{"2W":"11","3W":"11","2X":"11","3X":"11","4W":"11","2V":"11","3V":"11","4X":"11"},"8H":{"7R":"11","6W":"11","8F":"11","6V":"11","87":"11","8J":"11","88":"11","8M":"11","9C":"11","97":"11","6R":"11","7M":"11","5W":"11","7Q":"11","8H":"11","6Q":"11","8G":"11","96":"11","7P":"11","89":"11","6X":"11","86":"11","85":"11","7J":"11","95":"11","84":"11","8C":"11","99":"11","98":"11","5X":"11","94":"11"},"9Q":{"99":"11","8F":"11","8C":"11","9C":"11","7C":"11","6F":"11","C9":"11","7F":"11"},"76":{"F9":"11","F5":"11","F7":"11","XH":"11","F8":"11","XG":"11","F6":"11"},"H2":{"M6":"11"},"G3":{"RX":"11","5H":"11","5J":"11","GX":"11","HW":"11","8V":"11","GV":"11","2J":"11","7Q":"11","QX":"11","FW":"11","2M":"11","JW":"11","7R":"11","PX":"11","4H":"11","2H":"11","GW":"11","8Q":"11","CX":"11","FX":"11","JV":"11","HV":"11","4M":"11","3G":"11","4G":"11","9R":"11","HR":"11","JX":"11","VX":"11","4J":"11","HX":"11","8R":"11","3H":"11"},"FC":{"8W":"11","8V":"11","7W":"11","7V":"11"},"8G":{"8F":"11","87":"11","8R":"11","8J":"11","78":"11","9Q":"11","64":"11","88":"11","8M":"11","7G":"11","77":"11","65":"11","7M":"11","8H":"11","7Q":"11","9R":"11","54":"11","8G":"11","7H":"11","8Q":"11","7P":"11","7F":"11","8P":"11","89":"11","7J":"11","8C":"11"},"92":{"WJ":"11","WM":"11","XJ":"11","VJ":"11","XM":"11"},"H4":{"F8":"11","GC":"11","G8":"11","J7":"11","66":"11","96":"11","54":"11","32":"11","75":"11","67":"11","77":"11","34":"11","87":"11","22":"11","43":"11","25":"11","74":"11","73":"11","23":"11","86":"11","C8":"11","65":"11","33":"11","C7":"11","64":"11","76":"11","FC":"11","G9":"11","G7":"11","63":"11","55":"11","F9":"11","42":"11","85":"11","24":"11","F7":"11","97":"11","84":"11","53":"11","J6":"11","95":"11","G6":"11"},"7X":{"HJ":"11","QX":"11","QJ":"11","Q3":"11","VX":"11","GX":"11","P8":"11","Q6":"11","JW":"11","P3":"11","XW":"11","QQ":"11","QF":"11","PF":"11","HH":"11","HW":"11","RW":"11","P5":"11","JG":"11","RV":"11","XV":"11","H7":"11","RQ":"11","JM":"11","PC":"11","HX":"11","HC":"11","J6":"11","JV":"11","JQ":"11","RR":"11","P2":"11","P9":"11","QG":"11","JX":"11","Q4":"11","GW":"11","JF":"11","P7":"11","PG":"11","JH":"11","RM":"11","QP":"11","P6":"11","RX":"11","Q5":"11","QW":"11","QH":"11","RP":"11","RJ":"11","JP":"11","J7":"11","JC":"11","H8":"11","H9":"11","JJ":"11","JR":"11","J9":"11","P4":"11","HR":"11","HV":"11","J8":"11"},"H3":{"3X":"11","4X":"11"},"F7":{"6X":"11","3X":"11","5X":"11","VF":"11","6W":"11","VG":"11","4X":"11"},"97":{"W2":"11","W3":"11","V2":"11","R2":"11","V3":"11"},"F2":{"2X":"11"},"H6":{"78":"11"},"G2":{"WJ":"11","WM":"11","VJ":"11","VM":"11"},"J5":{"G3":"11","R7":"11","72":"11","F3":"11","62":"11","F2":"11","H3":"11"}},"HF":{"3J":{"2Q":"11","4P":"11","3Q":"11","4Q":"11","3P":"11","3R":"11"},"2H":{"C4":"11","C5":"11","F5":"11","96":"11","86":"11","85":"11","95":"11","84":"11","83":"11","F4":"11"},"42":{"6X":"11","5X":"11","5W":"11","6W":"11","5V":"11"},"2F":{"XW":"11","RP":"11","RM":"11","RQ":"11","WR":"11","WV":"11","QM":"11","XV":"11","QP":"11","XR":"11"},"3F":{"2R":"11","6W":"11","6V":"11","2W":"11","5V":"11","2Q":"11","3P":"11","2P":"11","3Q":"11","5W":"11","2V":"11","6X":"11","3M":"11"},"3R":{"PM":"11","PJ":"11"}},"9W":{"37":{"PR":"11","HR":"11","HX":"11","JQ":"11","JR":"11","HQ":"11","JW":"11","MR":"11","HV":"11","MV":"11","JV":"11","HW":"11"},"44":{"34":"11","QW":"11","JV":"11","33":"11","24":"11","MV":"11","RV":"11","PV":"11","MW":"11","PW":"11","RW":"11","23":"11"},"5H":{"MH":"11","PH":"11"},"78":{"M8":"11","J9":"11","VP":"11","HC":"11","JC":"11","WH":"11","M5":"11","VJ":"11","WP":"11","G2":"11","WG":"11","XH":"11","M6":"11","J3":"11","WM":"11","H2":"11","H3":"11","J6":"11","XG":"11","M7":"11","H9":"11","XF":"11","J8":"11","J7":"11","VM":"11","WJ":"11"},"66":{"R5":"11","Q6":"11","P2":"11","Q4":"11","P3":"11","P5":"11","R6":"11","Q7":"11","R4":"11","P6":"11","Q5":"11","P4":"11"},"54":{"5R":"11","4R":"11","8R":"11","8Q":"11","4Q":"11","8P":"11","5Q":"11"},"38":{"37":"11","9M":"11","JF":"11","CM":"11","38":"11","36":"11","J2":"11","MF":"11","HG":"11","26":"11","HJ":"11","GM":"11","9J":"11","CP":"11","25":"11","FM":"11","35":"11","28":"11","H2":"11","J3":"11","JJ":"11","MG":"11","9P":"11","FP":"11","HF":"11","GJ":"11","JG":"11","JH":"11","HC":"11","M9":"11","H3":"11","FJ":"11","CJ":"11","24":"11","JC":"11","27":"11","HH":"11","MC":"11"},"36":{"P2":"11","8F":"11","5G":"11","8J":"11","5F":"11","6J":"11","7G":"11","6H":"11","5J":"11","8H":"11","8G":"11","4G":"11","7H":"11","7F":"11","5H":"11","6G":"11","7J":"11","5M":"11","6M":"11","4F":"11"},"52":{"2G":"11","3H":"11","3J":"11","9X":"11","2H":"11","CX":"11","2J":"11"},"77":{"HX":"11","GW":"11","FX":"11","FW":"11","HW":"11","W7":"11","GV":"11","GX":"11","FV":"11","W5":"11","W6":"11","FR":"11"},"26":{"44":"11","42":"11","54":"11","52":"11","43":"11","53":"11"},"34":{"R3":"11","V3":"11"},"25":{"7Q":"11","7M":"11","7P":"11","6Q":"11","6P":"11"},"39":{"FR":"11","GX":"11","CM":"11","GH":"11","FH":"11","FV":"11","GV":"11","CH":"11","FW":"11","CR":"11","CV":"11","GM":"11","CP":"11","GQ":"11","GW":"11","FM":"11","GR":"11","FX":"11","CQ":"11","FP":"11","GJ":"11","FQ":"11","FJ":"11","CJ":"11","GP":"11"},"73":{"22":"11","23":"11"},"2C":{"P2":"11","8F":"11","Q3":"11","9F":"11","M2":"11","V2":"11","9C":"11","8H":"11","R2":"11","8G":"11","4W":"11","Q2":"11","9G":"11","M3":"11","R3":"11","P3":"11","8C":"11","4X":"11"},"35":{"37":"11","7P":"11","7J":"11","8P":"11","8V":"11","6C":"11","5G":"11","38":"11","7Q":"11","JW":"11","7R":"11","PX":"11","7V":"11","8Q":"11","48":"11","MW":"11","5C":"11","8J":"11","8H":"11","JV":"11","6F":"11","MV":"11","8R":"11","MR":"11","5F":"11","JR":"11"},"48":{"VW":"11","QW":"11","VV":"11","VR":"11","RV":"11","RR":"11","RW":"11"},"28":{"63":"11","84":"11","83":"11","64":"11","73":"11","42":"11","72":"11","62":"11","52":"11","32":"11","53":"11","74":"11"},"C8":{"22":"11","23":"11"},"65":{"MX":"11","C2":"11","PX":"11","92":"11"},"5C":{"3F":"11","48":"11","4C":"11","59":"11","3G":"11","49":"11","4G":"11","3H":"11","3J":"11","4H":"11","58":"11","4J":"11","4F":"11"},"R5":{"C8":"11","G9":"11","F8":"11","F7":"11","F9":"11","C7":"11","C6":"11","F6":"11"},"C7":{"2X":"11"},"64":{"9W":"11","8W":"11","9X":"11","CX":"11","CW":"11","JH":"11","JG":"11"},"6H":{"V8":"11","V9":"11","R8":"11","R9":"11"},"4M":{"R5":"11","Q6":"11","R6":"11","R4":"11","Q5":"11"},"4G":{"WR":"11","XQ":"11","WQ":"11","XR":"11"},"29":{"VX":"11","MX":"11","RX":"11","PX":"11"},"3C":{"F5":"11","QJ":"11","G3":"11","93":"11","H4":"11","P8":"11","J5":"11","R7":"11","92":"11","QF":"11","PF":"11","F4":"11","Q8":"11","P5":"11","RF":"11","C6":"11","82":"11","G4":"11","PC":"11","M6":"11","C2":"11","H3":"11","F6":"11","P9":"11","J3":"11","R8":"11","Q9":"11","QG":"11","G2":"11","P7":"11","PG":"11","C4":"11","Q7":"11","RM":"11","95":"11","RC":"11","QM":"11","H6":"11","QP":"11","P6":"11","H5":"11","QH":"11","QC":"11","J4":"11","RP":"11","RJ":"11","94":"11","R9":"11","C3":"11","C5":"11","G5":"11","M5":"11","P4":"11"},"63":{"X2":"11","X3":"11"},"6G":{"5P":"11","5Q":"11"},"98":{"V6":"11","W3":"11","W4":"11","X2":"11","W6":"11","V5":"11","X3":"11","W5":"11"},"4J":{"48":"11","4C":"11","59":"11","77":"11","49":"11","57":"11","68":"11","67":"11","58":"11"},"42":{"M8":"11","WF":"11","R8":"11","R9":"11","H6":"11","WG":"11","XH":"11","M6":"11","P8":"11","P9":"11","V8":"11","V9":"11","M9":"11","H7":"11","P7":"11","Q9":"11","J6":"11","XG":"11","M7":"11","QC":"11","J8":"11","J7":"11"},"72":{"2R":"11","3F":"11","2F":"11","2W":"11","2G":"11","33":"11","3G":"11","32":"11","2Q":"11","29":"11","2X":"11","28":"11","35":"11","2V":"11","36":"11","2C":"11","34":"11"},"24":{"F8":"11","GC":"11","GH":"11","JF":"11","C9":"11","FH":"11","HM":"11","QH":"11","PH":"11","MF":"11","HG":"11","HJ":"11","GM":"11","58":"11","HP":"11","48":"11","PF":"11","59":"11","PC":"11","MG":"11","HF":"11","GJ":"11","JG":"11","FC":"11","QG":"11","PG":"11","49":"11","F9":"11","FJ":"11","CJ":"11","JC":"11","GP":"11","HH":"11","MC":"11","QJ":"11"},"45":{"8F":"11","8C":"11","89":"11","7C":"11","7F":"11"},"27":{"6X":"11","4W":"11","3X":"11","5X":"11","5W":"11","4X":"11"},"53":{"92":"11"},"62":{"96":"11","CF":"11","XW":"11","CG":"11","XX":"11","XV":"11","98":"11","97":"11","9F":"11","WX":"11","XR":"11"},"2F":{"34":"11","44":"11","35":"11","33":"11","24":"11","42":"11","25":"11","43":"11","23":"11"},"4F":{"7R":"11","HR":"11","8R":"11","HX":"11","2G":"11","FQ":"11","JR":"11","2P":"11","JW":"11","RX":"11","HV":"11","FR":"11","7Q":"11","2M":"11","7V":"11","8Q":"11","JV":"11","8V":"11","HW":"11","VX":"11","2H":"11","2J":"11"},"3F":{"R5":"11","R8":"11","R9":"11","RC":"11","RG":"11","R6":"11","Q7":"11","RF":"11","XJ":"11","R7":"11","XH":"11","Q5":"11","Q6":"11","QF":"11","Q8":"11","Q9":"11","XG":"11","XM":"11","QC":"11","QG":"11","RH":"11"}},"4V":{"4R":{"J2":"11","G3":"11","J3":"11","F3":"11","F2":"11","G2":"11"},"W2":{"MJ":"11","JP":"11","8R":"11","JQ":"11","9Q":"11","JJ":"11","HQ":"11","MQ":"11","HP":"11","5W":"11","9R":"11","JM":"11","MM":"11","8Q":"11","9W":"11","GQ":"11","9V":"11","MP":"11","5X":"11"},"W3":{"66":"11","48":"11","33":"11","65":"11","35":"11","57":"11","47":"11","25":"11","24":"11","44":"11","39":"11","2C":"11","67":"11","34":"11","3C":"11"},"V3":{"6V":"11","RJ":"11","6W":"11","P6":"11","FG":"11","M5":"11","5W":"11","FH":"11","5X":"11","PH":"11","MF":"11","WH":"11","RH":"11","M6":"11","6X":"11","P5":"11","PF":"11","MG":"11","QF":"11","QG":"11","PG":"11","VH":"11","VJ":"11","MJ":"11","RM":"11","MH":"11","VM":"11"},"3R":{"7C":"11","6F":"11","7F":"11","6C":"11"}},"9R":{"2W":{"C8":"11","C5":"11","6J":"11","6H":"11","97":"11","5J":"11","C7":"11","5H":"11","C6":"11","5P":"11","5M":"11","6M":"11","98":"11"},"FX":{"4X":"11","4R":"11","3X":"11","2P":"11","5W":"11","3W":"11","5X":"11","2J":"11","2M":"11","3P":"11","2H":"11","3V":"11","4W":"11","2C":"11","2G":"11","2V":"11","3M":"11","3Q":"11","2W":"11","4V":"11","2R":"11","3J":"11","2Q":"11","3R":"11","2F":"11"},"CX":{"XC":"11","X7":"11","W7":"11","WG":"11","X6":"11","XF":"11","X8":"11","W5":"11","W8":"11","W6":"11","WF":"11","W4":"11"},"2V":{"RG":"11","RF":"11","V6":"11","W3":"11","W4":"11","W6":"11","V5":"11","W5":"11","W2":"11"},"3Q":{"MJ":"11","FP":"11","FQ":"11","JJ":"11","VJ":"11","HJ":"11","GJ":"11","XJ":"11","CV":"11","XH":"11","CW":"11","CQ":"11","GP":"11","FM":"11","CR":"11","9R":"11","JM":"11","WM":"11","9W":"11","9X":"11","GM":"11","VH":"11","9V":"11","HM":"11","CX":"11","CP":"11","WJ":"11"},"4Q":{"5C":"11","3F":"11","66":"11","2F":"11","4C":"11","59":"11","2G":"11","3G":"11","77":"11","49":"11","76":"11","69":"11","68":"11","2H":"11","67":"11","58":"11","3C":"11","4F":"11"},"3R":{"64":"11","65":"11","74":"11"}},"4W":{"V4":{"VP":"11","V4":"11","RM":"11","V2":"11","VM":"11","V3":"11"},"XJ":{"8M":"11","7P":"11","7G":"11","7J":"11","8P":"11","9V":"11","8V":"11","7M":"11","9X":"11","8Q":"11","8J":"11","8X":"11","8H":"11","9Q":"11","8C":"11","89":"11","8G":"11","9R":"11","9W":"11","7H":"11","8F":"11","8R":"11","8W":"11","79":"11"},"V5":{"WJ":"11","V4":"11","XJ":"11","V5":"11","WG":"11","WH":"11","W5":"11","WF":"11","W4":"11"},"3M":{"RM":"11","RJ":"11"},"5P":{"RQ":"11","RV":"11","QV":"11","QR":"11","RR":"11"},"XM":{"92":"11","82":"11"},"V3":{"VX":"11"},"R9":{"F9":"11","HC":"11","6G":"11","FC":"11","HF":"11"},"9F":{"4C":"11","4F":"11","4G":"11"},"MJ":{"78":"11","96":"11","F6":"11","J2":"11","J4":"11","77":"11","87":"11","86":"11","G5":"11","C6":"11","C8":"11","C7":"11","88":"11","G4":"11","8H":"11","J3":"11","H2":"11","8G":"11","G7":"11","H4":"11","H5":"11","98":"11","H3":"11","85":"11","97":"11","F5":"11","95":"11","G6":"11","H6":"11"}},"3W":{"59":{"F8":"11","9G":"11","G8":"11","7G":"11","7C":"11","7J":"11","6P":"11","C9":"11","99":"11","F6":"11","5Q":"11","CC":"11","7M":"11","6M":"11","5P":"11","G5":"11","C6":"11","C8":"11","5M":"11","8J":"11","7F":"11","9C":"11","4Q":"11","8H":"11","9F":"11","8C":"11","89":"11","8G":"11","6J":"11","G7":"11","7H":"11","CF":"11","H5":"11","98":"11","F9":"11","8F":"11","4P":"11","F7":"11","F5":"11","G6":"11","H6":"11"}},"6X":{"Q6":{"PH":"11","QH":"11"},"R7":{"8F":"11","8C":"11","7C":"11","7F":"11"}},"7X":{"2P":{"X5":"11","X7":"11","X6":"11","X8":"11","W6":"11"},"3Q":{"CM":"11","CJ":"11"},"3P":{"3F":"11","2F":"11","4C":"11","2G":"11","3G":"11","27":"11","29":"11","28":"11","4G":"11","26":"11","25":"11","39":"11","2C":"11","3C":"11","4F":"11"}},"52":{"QW":{"PF":"11","PC":"11"}},"PP":{"4J":{"R5":"11","R3":"11","V4":"11","V2":"11","Q2":"11","R4":"11","R2":"11","Q3":"11","V3":"11"},"4H":{"VX":"11","VW":"11","RX":"11","RV":"11","QX":"11","RW":"11"}},"2V":{"7R":{"7G":"11","QW":"11","69":"11","68":"11","8H":"11","7H":"11","RW":"11","67":"11"},"6W":{"FR":"11","9G":"11","CM":"11","FV":"11","99":"11","CH":"11","C2":"11","CR":"11","CV":"11","CP":"11","9X":"11","FM":"11","CX":"11","C3":"11","9C":"11","CW":"11","9F":"11","CQ":"11","FP":"11","FQ":"11","9W":"11","CF":"11","FJ":"11","CJ":"11","8W":"11","CG":"11"},"8F":{"32":"11"},"6V":{"J8":"11","FR":"11","MP":"11","J7":"11","M5":"11","GH":"11","CM":"11","FV":"11","J9":"11","FW":"11","J4":"11","HG":"11","CR":"11","CV":"11","GM":"11","CP":"11","FM":"11","CX":"11","M4":"11","M2":"11","FX":"11","CW":"11","CQ":"11","FP":"11","GG":"11","JP":"11","HF":"11","GJ":"11","FQ":"11","HC":"11","JQ":"11","H9":"11","FJ":"11","CJ":"11","JC":"11","MQ":"11","HH":"11","J6":"11","JR":"11","J5":"11"},"8R":{"MX":"11","9X":"11","FX":"11","CX":"11","PX":"11"},"78":{"VW":"11","VV":"11","VR":"11","QQ":"11","RV":"11","QR":"11","RR":"11","RW":"11"},"88":{"R5":"11","X7":"11","Q4":"11","R6":"11","R4":"11","Q5":"11"},"7C":{"WP":"11","WM":"11","XQ":"11","XP":"11"},"6R":{"M8":"11","PJ":"11","PR":"11","MX":"11","PF":"11","P6":"11","PV":"11","PG":"11","PH":"11","PW":"11","M2":"11","M5":"11","PQ":"11","M4":"11","PM":"11","M6":"11","P8":"11","P9":"11","PP":"11","J3":"11","P7":"11","J2":"11","M3":"11","M7":"11","PX":"11","PC":"11"},"7M":{"P2":"11","P3":"11","V2":"11","Q2":"11","R2":"11","Q3":"11","V3":"11"},"7Q":{"22":"11"},"6Q":{"MJ":"11","JP":"11","V4":"11","PJ":"11","PF":"11","HR":"11","PG":"11","MG":"11","R6":"11","JJ":"11","JR":"11","JW":"11","JX":"11","HP":"11","P8":"11","P9":"11","JM":"11","Q8":"11","Q9":"11","V5":"11","JV":"11","MH":"11","MF":"11","PC":"11"},"7W":{"VV":"11","VR":"11","WR":"11","WV":"11"},"7H":{"GX":"11","MP":"11","MM":"11","HW":"11","66":"11","QR":"11","96":"11","FV":"11","GV":"11","RP":"11","QQ":"11","HM":"11","75":"11","RR":"11","67":"11","FW":"11","PM":"11","PH":"11","77":"11","JW":"11","CV":"11","PX":"11","HJ":"11","87":"11","VR":"11","GW":"11","HP":"11","86":"11","GR":"11","QM":"11","MW":"11","65":"11","CW":"11","PQ":"11","JM":"11","76":"11","JV":"11","RQ":"11","HV":"11","JJ":"11","JP":"11","GJ":"11","MV":"11","JH":"11","PJ":"11","JQ":"11","HR":"11","PP":"11","JX":"11","HQ":"11","MX":"11","QP":"11","HX":"11","85":"11","HH":"11","MR":"11","MJ":"11","QJ":"11","JR":"11","MH":"11"},"7P":{"5H":"11","5J":"11","4R":"11","66":"11","5G":"11","67":"11","52":"11","4H":"11","3V":"11","58":"11","43":"11","74":"11","73":"11","57":"11","5M":"11","5C":"11","65":"11","59":"11","2X":"11","4Q":"11","64":"11","2V":"11","4M":"11","4G":"11","2W":"11","63":"11","55":"11","4J":"11","42":"11","4P":"11","53":"11","3R":"11","5F":"11","56":"11"},"9X":{"PV":"11","FP":"11","JQ":"11","PW":"11","HQ":"11","GJ":"11","QX":"11","HP":"11","MR":"11","GP":"11","FM":"11","MW":"11","QW":"11","MV":"11","CJ":"11","PX":"11","GM":"11","GQ":"11","CM":"11","HM":"11","9J":"11","FJ":"11"},"6X":{"C2":"11","C3":"11","F3":"11","92":"11","F2":"11"},"8X":{"8F":"11","66":"11","HX":"11","78":"11","88":"11","FQ":"11","77":"11","65":"11","9C":"11","55":"11","7C":"11","JX":"11","GR":"11","CQ":"11","FR":"11","FV":"11","76":"11","GV":"11","89":"11","HW":"11","79":"11","8C":"11"},"8V":{"P2":"11","33":"11","M2":"11","G2":"11","92":"11","43":"11","H2":"11","J2":"11"},"85":{"8J":"11","8M":"11","QR":"11","6H":"11","RQ":"11","6G":"11","7J":"11","RR":"11"},"7J":{"RX":"11","P2":"11","P3":"11","Q2":"11","Q3":"11","M2":"11"},"95":{"2W":"11","2X":"11","3W":"11","3X":"11"},"FG":{"F5":"11","F4":"11"},"79":{"MV":"11","PV":"11","MW":"11","PW":"11"},"83":{"MP":"11","MM":"11","JF":"11","HM":"11","J9":"11","MF":"11","J4":"11","HG":"11","QC":"11","HJ":"11","PF":"11","PC":"11","JM":"11","JV":"11","J3":"11","HV":"11","MG":"11","JP":"11","JG":"11","QF":"11","JH":"11","H4":"11","JQ":"11","HR":"11","PG":"11","HQ":"11","Q9":"11","H3":"11","JC":"11","MQ":"11","HH":"11","MJ":"11","MR":"11","JR":"11","MH":"11"},"8C":{"8F":"11","2W":"11","9F":"11","3W":"11","9C":"11","2X":"11","3X":"11","2V":"11","89":"11","8C":"11","99":"11"},"98":{"C5":"11","H6":"11","F5":"11","27":"11","96":"11","G6":"11","G5":"11","H5":"11","C6":"11","95":"11","F6":"11"}},"MP":{"6F":{"W9":"11","X8":"11","X9":"11","W8":"11","V8":"11","V9":"11","XC":"11","XF":"11"},"7F":{"2H":"11","2C":"11","2F":"11","2G":"11"}},"2C":{"23":{"63":"11","54":"11","62":"11","53":"11"},"PV":{"QW":"11","VV":"11","VR":"11","WR":"11","XQ":"11","WV":"11","RV":"11","QX":"11","XV":"11","QV":"11","RR":"11","XP":"11","XM":"11","XR":"11"},"PW":{"V3":"11","PR":"11","V4":"11","W9":"11","X8":"11","QQ":"11","QR":"11","V2":"11","XJ":"11","X9":"11","XH":"11","W3":"11","R2":"11","W4":"11","XG":"11","R3":"11","WC":"11","X3":"11","XC":"11","XF":"11","X4":"11"},"QR":{"6X":"11","3X":"11","5X":"11","4X":"11"},"QW":{"2G":"11","3P":"11","2P":"11","27":"11","29":"11","3Q":"11","28":"11","2M":"11","26":"11","35":"11","37":"11","25":"11","24":"11","36":"11","2H":"11","34":"11","2J":"11"},"QV":{"2R":"11","58":"11","44":"11","62":"11","64":"11","2M":"11","2P":"11","4G":"11","5C":"11","42":"11","5G":"11","38":"11","73":"11","56":"11","36":"11","55":"11","49":"11","3G":"11","35":"11","3F":"11","3J":"11","4F":"11","2Q":"11","48":"11","54":"11","4H":"11","52":"11","66":"11","57":"11","63":"11","65":"11","47":"11","5F":"11","45":"11","34":"11","3C":"11","39":"11","2J":"11","74":"11","37":"11","46":"11","3H":"11","4C":"11"},"22":{"GR":"11","HQ":"11","HR":"11","GQ":"11"},"W5":{"X5":"11","X6":"11","W5":"11","W6":"11"}},"7W":{"5Q":{"MJ":"11","8J":"11","6J":"11","JJ":"11","JH":"11","7M":"11","8H":"11","7H":"11","MH":"11","7J":"11","6M":"11","HH":"11"},"2W":{"PC":"11","P9":"11"},"3G":{"8J":"11","9Q":"11","88":"11","8H":"11","9H":"11","9R":"11","89":"11","9X":"11","98":"11","99":"11","9J":"11"},"7G":{"FR":"11","M8":"11","FV":"11","HM":"11","MF":"11","CR":"11","P8":"11","CV":"11","GM":"11","GQ":"11","HP":"11","GR":"11","P9":"11","PC":"11","8X":"11","CQ":"11","MG":"11","FP":"11","JG":"11","JH":"11","FQ":"11","M9":"11","JC":"11","GP":"11","MC":"11"},"4R":{"32":"11"},"X2":{"X2":"11"},"3H":{"92":"11"},"7H":{"5C":"11","6F":"11","5G":"11","59":"11","5F":"11","77":"11","3P":"11","4P":"11","3Q":"11","82":"11","76":"11","69":"11","68":"11","86":"11","85":"11","84":"11","67":"11","83":"11","58":"11","4M":"11","4J":"11","6C":"11"},"J5":{"G4":"11","G3":"11","H5":"11","H4":"11","G2":"11"},"7F":{"PQ":"11","QQ":"11","PR":"11","QR":"11"},"4Q":{"2X":"11","3X":"11"},"5P":{"X7":"11","X8":"11"},"6P":{"C7":"11","37":"11","28":"11","38":"11","C8":"11","98":"11","97":"11","C9":"11"}},"CV":{"H8":{"6F":"11","8F":"11","5G":"11","7G":"11","6H":"11","7C":"11","7F":"11","89":"11","5H":"11","6G":"11","79":"11","8C":"11","6C":"11"},"G8":{"X7":"11","W7":"11","X6":"11","W5":"11","W8":"11","W6":"11","W4":"11"},"F7":{"PR":"11"},"46":{"8W":"11","8V":"11","7W":"11","7X":"11","7V":"11"},"56":{"H2":"11"},"55":{"HX":"11","HW":"11"},"F8":{"PC":"11"},"3F":{"PV":"11","HX":"11","MQ":"11","JW":"11","JX":"11","MR":"11","MW":"11","MV":"11","JV":"11","HW":"11"}},"5R":{"6P":{"FP":"11","FQ":"11","GJ":"11","FH":"11","CQ":"11","FM":"11","GM":"11","GH":"11","FG":"11","CP":"11","GG":"11","FJ":"11"},"6M":{"RW":"11","RM":"11","VJ":"11","RP":"11","RX":"11","QP":"11","RJ":"11","RQ":"11","VH":"11","RV":"11","RR":"11","RH":"11","VM":"11"}},"5M":{"4R":{"RV":"11","P8":"11","Q4":"11","PP":"11","HJ":"11","M7":"11","RR":"11","Q6":"11","JQ":"11","CG":"11","HG":"11","MM":"11","VR":"11","M9":"11","HM":"11","FM":"11","CC":"11","FH":"11","QM":"11","QR":"11","FJ":"11","WV":"11","QP":"11","R8":"11","JR":"11","P7":"11","Q7":"11","FF":"11","P3":"11","RF":"11","Q3":"11","RG":"11","Q2":"11","C9":"11","PR":"11","R9":"11","G8":"11","MV":"11","RP":"11","QV":"11","R5":"11","Q9":"11","GJ":"11","RQ":"11","G9":"11","FP":"11","JP":"11","WR":"11","CF":"11","M8":"11","XV":"11","JF":"11","F8":"11","GH":"11","JC":"11","R7":"11","RW":"11","PQ":"11","PG":"11","QC":"11","GF":"11","P9":"11","HF":"11","JG":"11","JJ":"11","CH":"11","GC":"11","JM":"11","PC":"11","Q8":"11","PF":"11","P4":"11","HC":"11","QF":"11","VV":"11","F9":"11","MC":"11","MQ":"11","XR":"11","PM":"11","GP":"11","GM":"11","R6":"11","MF":"11","MP":"11","QQ":"11","MR":"11","FG":"11","PV":"11","FC":"11","P6":"11","P5":"11","RC":"11"}},"53":{"Q4":{"9P":"11","9M":"11","8Q":"11","8P":"11"},"R2":{"F5":"11","F6":"11"},"P7":{"GR":"11","GV":"11"}},"FQ":{"5J":{"6Q":"11","6R":"11","5Q":"11"},"M7":{"X5":"11","X6":"11"},"9M":{"J8":"11","M7":"11","M8":"11","J7":"11","P3":"11","HM":"11","J9":"11","J4":"11","JW":"11","HG":"11","HJ":"11","Q2":"11","HP":"11","M4":"11","MW":"11","JM":"11","JV":"11","HV":"11","JJ":"11","HF":"11","JP":"11","JG":"11","MV":"11","Q3":"11","JH":"11","JQ":"11","JX":"11","HQ":"11","MX":"11","M9":"11","HH":"11","J6":"11","M3":"11","JR":"11"},"MP":{"VF":"11","R8":"11","R9":"11","RC":"11","WH":"11","M5":"11","Q7":"11","WP":"11","G2":"11","F5":"11","WG":"11","VC":"11","VG":"11","M6":"11","P8":"11","WM":"11","Q8":"11","V9":"11","H2":"11","J5":"11","G4":"11","P7":"11","Q9":"11","H3":"11","M7":"11","XP":"11","VH":"11","G3":"11","F4":"11","WJ":"11","J4":"11"},"R8":{"X4":"11","X3":"11"},"9V":{"M8":"11","Q3":"11","J9":"11","P4":"11","HC":"11","JC":"11","GC":"11","Q4":"11","M5":"11","M6":"11","HF":"11","GF":"11","M9":"11","Q2":"11","M7":"11","P5":"11","P3":"11"},"FV":{"V8":"11","V7":"11","R7":"11","Q7":"11","R8":"11","P7":"11","W8":"11"},"GV":{"33":"11","32":"11"},"99":{"8J":"11","FQ":"11","CV":"11","29":"11","CQ":"11","FR":"11","8H":"11","9H":"11","CR":"11","FV":"11","8G":"11","9M":"11","39":"11","CM":"11","CP":"11","9J":"11"},"5X":{"63":"11","85":"11","34":"11","84":"11","95":"11","64":"11","33":"11","24":"11","73":"11","75":"11","43":"11","53":"11","23":"11","74":"11"},"J9":{"R5":"11","R4":"11"},"93":{"F4":"11","8M":"11","9M":"11","C9":"11","8P":"11","96":"11","99":"11","F6":"11","C2":"11","9J":"11","C5":"11","F3":"11","C6":"11","C8":"11","8J":"11","C3":"11","9C":"11","C7":"11","8X":"11","8H":"11","9Q":"11","8C":"11","9P":"11","G3":"11","8G":"11","9H":"11","98":"11","C4":"11","F7":"11","97":"11","F5":"11","8W":"11","94":"11","F2":"11","95":"11","G2":"11"},"QH":{"G3":"11","RG":"11","RH":"11","F2":"11","G2":"11"},"77":{"V4":"11","M7":"11","9G":"11","M8":"11","7P":"11","R4":"11","Q5":"11","J7":"11","M5":"11","6P":"11","H7":"11","W2":"11","3P":"11","5Q":"11","Q4":"11","J4":"11","6M":"11","7M":"11","M6":"11","5P":"11","Q2":"11","M4":"11","R6":"11","P5":"11","R5":"11","8J":"11","V2":"11","5R":"11","8H":"11","Q6":"11","R2":"11","Q3":"11","8G":"11","R3":"11","3M":"11","9H":"11","P4":"11","H8":"11","M9":"11","6Q":"11","6R":"11","J6":"11","H6":"11","V3":"11","M3":"11","J5":"11"},"P8":{"F8":"11","G8":"11","HM":"11","75":"11","HG":"11","PX":"11","HJ":"11","74":"11","HP":"11","MW":"11","76":"11","JM":"11","JJ":"11","JP":"11","JG":"11","G9":"11","JH":"11","JQ":"11","HQ":"11","MX":"11","F9":"11","85":"11","84":"11","HH":"11"},"QC":{"2M":"11"},"CC":{"6Q":"11","5Q":"11"},"9J":{"RW":"11"},"87":{"RX":"11","P2":"11","M2":"11"},"6X":{"88":"11","87":"11","86":"11","76":"11"},"86":{"6V":"11","M8":"11","M7":"11","4R":"11","MP":"11","P6":"11","Q5":"11","MM":"11","P2":"11","CM":"11","GH":"11","P3":"11","FH":"11","Q8":"11","Q7":"11","HM":"11","PM":"11","J2":"11","Q4":"11","MF":"11","PH":"11","P8":"11","HG":"11","7R":"11","QC":"11","3V":"11","HJ":"11","GM":"11","7V":"11","CP":"11","GQ":"11","M6":"11","Q2":"11","FM":"11","HP":"11","P5":"11","PF":"11","M2":"11","P9":"11","PC":"11","PQ":"11","Q6":"11","JM":"11","CQ":"11","9Q":"11","JJ":"11","MG":"11","FP":"11","GG":"11","GJ":"11","JP":"11","JG":"11","Q3":"11","P7":"11","JH":"11","3Q":"11","FQ":"11","P4":"11","PP":"11","PG":"11","4V":"11","HQ":"11","Q9":"11","MX":"11","M9":"11","FJ":"11","CJ":"11","6R":"11","8R":"11","MQ":"11","GP":"11","HH":"11","MJ":"11","MC":"11","3R":"11","JR":"11","MH":"11"},"V8":{"37":"11","35":"11","24":"11","36":"11","27":"11","25":"11","23":"11"},"QM":{"HX":"11","HW":"11","XQ":"11","HV":"11","XP":"11","XM":"11"},"P9":{"RC":"11","P2":"11","WC":"11","WP":"11","Q8":"11","WQ":"11","P8":"11","WF":"11","QC":"11","XP":"11","VF":"11","XQ":"11","XF":"11","M2":"11","XM":"11","XG":"11","WG":"11","Q9":"11","R9":"11","M3":"11","VP":"11","VC":"11"},"2X":{"C2":"11","F2":"11"},"PC":{"XJ":"11","XP":"11","XM":"11"},"88":{"R5":"11","R3":"11","R4":"11","R2":"11"},"PQ":{"66":"11","8J":"11","8M":"11","55":"11","8H":"11","8G":"11","9M":"11","45":"11","56":"11"},"CQ":{"2R":"11","6F":"11","3F":"11","48":"11","4C":"11","3G":"11","2Q":"11","3P":"11","2P":"11","49":"11","2M":"11","4G":"11","3H":"11","3J":"11","57":"11","47":"11","69":"11","3M":"11","56":"11","58":"11","3C":"11","4F":"11","6C":"11"},"9Q":{"R3":"11","Q2":"11","R2":"11","Q3":"11"},"76":{"VX":"11","WX":"11"},"JV":{"XW":"11","QQ":"11","VQ":"11","RP":"11","XR":"11","QP":"11","29":"11","WQ":"11","28":"11","XV":"11","VR":"11","RQ":"11","WV":"11","RR":"11","WR":"11"},"JJ":{"R7":"11","Q7":"11","R8":"11","R9":"11"},"9P":{"J8":"11","QW":"11","RX":"11","M8":"11","PV":"11","QV":"11","J7":"11","JF":"11","QR":"11","H7":"11","QQ":"11","J9":"11","QX":"11","PM":"11","J2":"11","MF":"11","PH":"11","J4":"11","M4":"11","QM":"11","M2":"11","PR":"11","J3":"11","MG":"11","JG":"11","PJ":"11","RW":"11","PP":"11","PG":"11","RV":"11","H5":"11","M9":"11","QP":"11","JC":"11","J6":"11","MJ":"11","H6":"11","MC":"11","M3":"11","MH":"11","J5":"11"},"4M":{"H8":"11","H9":"11"},"89":{"X8":"11"},"MV":{"2W":"11","2V":"11"},"P7":{"6W":"11","5C":"11","6F":"11","5G":"11","5Q":"11","6V":"11","4C":"11","5F":"11","7G":"11","6H":"11","27":"11","6R":"11","49":"11","6Q":"11","26":"11","7F":"11","37":"11","5R":"11","6X":"11","5H":"11","6G":"11","5P":"11","6P":"11","6C":"11"},"92":{"HJ":"11","CR":"11","MF":"11","MH":"11","CQ":"11","GX":"11","GQ":"11","P8":"11","H4":"11","CW":"11","FW":"11","Q6":"11","J5":"11","M8":"11","PF":"11","FR":"11","Q8":"11","HP":"11","HH":"11","HM":"11","JG":"11","H7":"11","MG":"11","GG":"11","PH":"11","JM":"11","FM":"11","PC":"11","GV":"11","G8":"11","HC":"11","J6":"11","JQ":"11","HQ":"11","P9":"11","MM":"11","FP":"11","Q9":"11","CM":"11","HF":"11","GM":"11","GW":"11","JF":"11","F9":"11","P7":"11","PG":"11","M7":"11","GR":"11","JH":"11","Q7":"11","H6":"11","CP":"11","FX":"11","P6":"11","FG":"11","M9":"11","H5":"11","QC":"11","J4":"11","JP":"11","FJ":"11","J7":"11","MJ":"11","CJ":"11","FV":"11","CV":"11","GC":"11","FQ":"11","FF":"11","JC":"11","H8":"11","GF":"11","H9":"11","JJ":"11","J9":"11","MC":"11","GH":"11","FH":"11","HR":"11","GJ":"11","HG":"11","HV":"11","J8":"11","FC":"11","G9":"11","GP":"11"},"9R":{"QW":"11","RX":"11","V4":"11","MP":"11","QV":"11","MM":"11","RC":"11","V5":"11","RF":"11","P2":"11","JF":"11","P3":"11","R8":"11","RR":"11","QX":"11","Q2":"11","VF":"11","VG":"11","V8":"11","W3":"11","RG":"11","RQ":"11","MG":"11","W4":"11","JG":"11","HC":"11","RW":"11","RV":"11","V9":"11","V6":"11","R9":"11","JC":"11","V7":"11","MQ":"11","MJ":"11","V3":"11","M3":"11","MH":"11","VC":"11"},"2W":{"FX":"11","FW":"11","CX":"11","CW":"11","CV":"11","FV":"11","CR":"11"},"QG":{"8M":"11","9G":"11","9M":"11","GX":"11","C9":"11","96":"11","99":"11","CC":"11","9J":"11","C6":"11","C8":"11","FX":"11","8J":"11","9C":"11","C7":"11","8H":"11","9F":"11","8G":"11","9H":"11","CF":"11","98":"11","85":"11","97":"11","84":"11"},"HQ":{"99":"11","9G":"11","CC":"11","9C":"11","98":"11","C9":"11","9F":"11"},"Q9":{"2Q":"11","2M":"11","2P":"11"},"85":{"QW":"11","QV":"11","PV":"11","X4":"11","V5":"11","QR":"11","QQ":"11","X6":"11","W6":"11","JW":"11","PX":"11","MW":"11","PQ":"11","PR":"11","W5":"11","JV":"11","W4":"11","MV":"11","X5":"11","JX":"11","PW":"11","MX":"11","QP":"11","V6":"11"},"94":{"5H":"11","5J":"11","3X":"11","78":"11","7G":"11","7C":"11","68":"11","96":"11","83":"11","6C":"11","3W":"11","75":"11","5G":"11","67":"11","82":"11","77":"11","3V":"11","87":"11","86":"11","5M":"11","7F":"11","88":"11","4Q":"11","76":"11","6H":"11","4M":"11","6F":"11","6J":"11","3Q":"11","7H":"11","6G":"11","4J":"11","69":"11","85":"11","4P":"11","84":"11","94":"11","95":"11","79":"11","3R":"11"},"95":{"34":"11","37":"11","35":"11","24":"11","36":"11","27":"11","25":"11","32":"11","26":"11"},"RM":{"2M":"11","2P":"11"}},"2F":{"2F":{"37":"11","47":"11","87":"11","86":"11","77":"11","66":"11","56":"11","25":"11","38":"11","67":"11","26":"11"},"9F":{"R3":"11","V8":"11","V7":"11","Q4":"11","W7":"11","Q2":"11","Q3":"11","W8":"11"},"9C":{"MX":"11","JX":"11","JW":"11"},"WM":{"2C":"11","2F":"11","2G":"11"},"68":{"QF":"11","PF":"11","QG":"11","PG":"11"},"44":{"3F":"11"},"34":{"Q9":"11","Q8":"11","VC":"11","R8":"11","P9":"11","R9":"11"}},"2J":{"4V":{"V9":"11","R8":"11","R9":"11"},"5V":{"24":"11","25":"11"}},"9V":{"F5":{"3F":"11","38":"11","2W":"11","3W":"11","64":"11","42":"11","3P":"11","65":"11","4R":"11","55":"11","2P":"11","3R":"11","4V":"11","29":"11","3Q":"11","28":"11","2M":"11","46":"11","54":"11","43":"11","3H":"11","3J":"11","4W":"11","52":"11","2V":"11","37":"11","3V":"11","39":"11","3M":"11","2C":"11","56":"11","3C":"11","2J":"11","53":"11"},"CQ":{"62":"11","PF":"11","87":"11","88":"11","MG":"11","77":"11","75":"11","74":"11","76":"11","72":"11","86":"11","MF":"11","85":"11","84":"11","PC":"11","MC":"11"},"GQ":{"V3":"11","W2":"11","W6":"11","QQ":"11","25":"11","38":"11","RV":"11","RF":"11","V9":"11","RQ":"11","V6":"11","QV":"11","VG":"11","27":"11","QR":"11","RR":"11","3F":"11","PV":"11","R8":"11","V2":"11","VH":"11","VF":"11","RH":"11","V5":"11","PX":"11","RM":"11","V4":"11","RC":"11","28":"11","VC":"11","W7":"11","29":"11","V8":"11","QW":"11","RP":"11","RJ":"11","2C":"11","V7":"11","R9":"11","3C":"11","26":"11","2F":"11","39":"11","PW":"11","MX":"11","37":"11","W3":"11","RG":"11"},"7Q":{"5H":"11","5J":"11","9M":"11","9V":"11","8V":"11","6C":"11","32":"11","5G":"11","7Q":"11","47":"11","7R":"11","26":"11","4H":"11","58":"11","6M":"11","9X":"11","25":"11","8Q":"11","57":"11","5M":"11","5C":"11","59":"11","8X":"11","9Q":"11","9P":"11","6J":"11","4G":"11","9R":"11","9W":"11","8R":"11","8W":"11"},"9H":{"C7":"11","C6":"11","F6":"11"},"M8":{"2R":"11","4R":"11","4P":"11","3R":"11","3Q":"11","2V":"11","4Q":"11"},"F4":{"4X":"11","4R":"11","38":"11","5Q":"11","26":"11","4W":"11","22":"11","25":"11","5P":"11","39":"11","2C":"11","23":"11","28":"11","2G":"11","4Q":"11","5R":"11","4M":"11","3G":"11","29":"11","3C":"11","4V":"11","4J":"11","4P":"11","24":"11","5V":"11","3J":"11","27":"11","3H":"11","3F":"11"},"CF":{"XJ":"11","66":"11","JF":"11","WP":"11","2J":"11","67":"11","36":"11","WQ":"11","2M":"11","PM":"11","QH":"11","34":"11","XP":"11","35":"11","WM":"11","QM":"11","XM":"11","46":"11","2V":"11","VQ":"11","HF":"11","3Q":"11","HC":"11","PJ":"11","QG":"11","2R":"11","VX":"11","42":"11","45":"11","JC":"11","WX":"11","MJ":"11","3R":"11","VP":"11","QJ":"11","MH":"11"},"JG":{"C2":"11","F2":"11"},"C6":{"X9":"11","X7":"11","X2":"11","X8":"11"},"7P":{"2X":"11","3X":"11","4X":"11"},"4Q":{"34":"11","33":"11"},"CG":{"W2":"11","X2":"11","X4":"11","X3":"11"},"F3":{"2R":"11","2W":"11","2Q":"11","2X":"11","2M":"11","2V":"11","2H":"11","2J":"11"},"G8":{"V3":"11","R5":"11","Q3":"11","R8":"11","Q4":"11","R6":"11","Q7":"11","R7":"11","W3":"11","Q5":"11","Q6":"11","W4":"11","Q8":"11","W5":"11","W2":"11","R4":"11"},"F7":{"V6":"11","X5":"11","X7":"11","W7":"11","X6":"11","X8":"11","W8":"11","W6":"11"},"F6":{"QW":"11","37":"11","44":"11","5H":"11","RJ":"11","GF":"11","7C":"11","MP":"11","PV":"11","MM":"11","FG":"11","GH":"11","QR":"11","FH":"11","6C":"11","54":"11","FF":"11","RP":"11","QQ":"11","HM":"11","99":"11","5G":"11","36":"11","QX":"11","47":"11","QH":"11","HG":"11","26":"11","PX":"11","CC":"11","34":"11","RH":"11","22":"11","43":"11","2C":"11","23":"11","HP":"11","28":"11","57":"11","46":"11","33":"11","9C":"11","JM":"11","8C":"11","RQ":"11","GG":"11","JP":"11","HF":"11","6F":"11","3G":"11","29":"11","PJ":"11","JQ":"11","3C":"11","CF":"11","55":"11","HQ":"11","PW":"11","VJ":"11","69":"11","8F":"11","24":"11","45":"11","27":"11","RM":"11","CG":"11","79":"11","QJ":"11","2F":"11","56":"11","VM":"11","3F":"11"},"JQ":{"2W":"11","2X":"11"},"F2":{"32":"11","5G":"11","52":"11","5Q":"11","34":"11","58":"11","43":"11","5P":"11","48":"11","57":"11","5C":"11","59":"11","33":"11","5R":"11","49":"11","42":"11","4C":"11","5F":"11"},"HQ":{"VX":"11","VW":"11","XW":"11","VV":"11","XX":"11","WR":"11","WV":"11","WW":"11","WX":"11"},"89":{"6X":"11","2Q":"11","5X":"11","2P":"11","5W":"11","6W":"11"},"8C":{"F8":"11","GF":"11","GC":"11","66":"11","JF":"11","C9":"11","96":"11","FF":"11","99":"11","75":"11","MF":"11","HG":"11","CC":"11","87":"11","86":"11","C8":"11","65":"11","C7":"11","PQ":"11","76":"11","MG":"11","HF":"11","JG":"11","FC":"11","G9":"11","HC":"11","PP":"11","H9":"11","63":"11","98":"11","F9":"11","F7":"11","JC":"11","97":"11","62":"11","MC":"11","MH":"11"},"9G":{"MV":"11","MW":"11"},"98":{"VX":"11","WP":"11","VR":"11","PQ":"11","PR":"11","VM":"11","HH":"11","JG":"11","RV":"11","RQ":"11","GG":"11","QV":"11","JM":"11","WQ":"11","MQ":"11","HC":"11","QR":"11","RR":"11","MM":"11","VP":"11","VW":"11","PM":"11","VQ":"11","HF":"11","F9":"11","JH":"11","PP":"11","FG":"11","RP":"11","C8":"11","MP":"11","F8":"11","MJ":"11","GC":"11","FF":"11","GF":"11","VV":"11","JJ":"11","HG":"11"},"GM":{"6X":"11","4W":"11","5X":"11","4X":"11"},"JF":{"Q3":"11","J9":"11","P4":"11","HC":"11","JC":"11","JF":"11","FQ":"11","GR":"11","M6":"11","FR":"11","HF":"11","FV":"11","J6":"11","M7":"11","GQ":"11","P3":"11","J8":"11","CX":"11","J7":"11","FX":"11"},"GR":{"H4":"11","M2":"11","J3":"11","J2":"11","H3":"11","M3":"11","H5":"11","J4":"11"},"C4":{"X2":"11"},"CP":{"7X":"11"},"FG":{"6F":"11","59":"11","6J":"11","6H":"11","7C":"11","5J":"11","46":"11","35":"11","57":"11","7F":"11","47":"11","24":"11","69":"11","45":"11","5H":"11","6G":"11","36":"11","79":"11","56":"11","58":"11","6C":"11"},"6J":{"4W":"11","3V":"11","4V":"11","4X":"11","3R":"11"},"M9":{"7R":"11","6W":"11","5C":"11","6F":"11","6V":"11","59":"11","6J":"11","6H":"11","6R":"11","7M":"11","7Q":"11","7H":"11","7V":"11","7P":"11","6X":"11","7J":"11","58":"11","6C":"11"},"H5":{"4P":"11","4W":"11","5P":"11","5W":"11","4V":"11","4Q":"11","5Q":"11"},"9F":{"XQ":"11","XP":"11","XM":"11"},"CC":{"4X":"11","5J":"11","7C":"11","66":"11","6P":"11","5W":"11","75":"11","5X":"11","52":"11","5Q":"11","77":"11","4W":"11","6M":"11","5P":"11","5M":"11","65":"11","5R":"11","76":"11","6H":"11","6J":"11","7H":"11","4V":"11","6Q":"11","5V":"11","79":"11"},"G7":{"8M":"11","44":"11","5H":"11","5J":"11","9G":"11","7P":"11","78":"11","7C":"11","XJ":"11","7J":"11","FG":"11","68":"11","66":"11","GH":"11","WP":"11","C9":"11","8P":"11","FH":"11","6C":"11","FF":"11","99":"11","5G":"11","7Q":"11","67":"11","47":"11","77":"11","26":"11","4H":"11","CC":"11","34":"11","HJ":"11","CP":"11","58":"11","7M":"11","6M":"11","87":"11","25":"11","8Q":"11","XP":"11","35":"11","86":"11","WM":"11","57":"11","5C":"11","XM":"11","59":"11","8J":"11","7F":"11","46":"11","33":"11","9C":"11","88":"11","9F":"11","CQ":"11","9Q":"11","76":"11","8C":"11","6H":"11","9P":"11","GJ":"11","89":"11","6F":"11","FC":"11","8G":"11","6J":"11","4G":"11","CF":"11","55":"11","49":"11","98":"11","69":"11","8F":"11","24":"11","45":"11","97":"11","4C":"11","WJ":"11","HH":"11","79":"11","5F":"11","4F":"11","56":"11","3F":"11"},"GC":{"4X":"11","6V":"11","6W":"11","3X":"11","4R":"11","5W":"11","8V":"11","3W":"11","5X":"11","7W":"11","5Q":"11","7R":"11","3V":"11","7V":"11","4W":"11","2X":"11","4Q":"11","5R":"11","2W":"11","4V":"11","6Q":"11","5V":"11","6R":"11","3R":"11"},"FQ":{"X5":"11","X6":"11"},"FF":{"V3":"11","R5":"11","V4":"11","X7":"11","X8":"11","R6":"11","V2":"11","V6":"11","X9":"11","X6":"11","W3":"11","R2":"11","W8":"11","X2":"11","W4":"11","W6":"11","W7":"11","V5":"11","R3":"11","W2":"11","X5":"11","R4":"11"},"C9":{"4X":"11","44":"11","5H":"11","5J":"11","4R":"11","5W":"11","32":"11","5X":"11","3P":"11","4H":"11","34":"11","3V":"11","4W":"11","58":"11","22":"11","23":"11","35":"11","57":"11","59":"11","46":"11","33":"11","4Q":"11","6H":"11","4M":"11","6F":"11","3M":"11","3Q":"11","4V":"11","6G":"11","4J":"11","4P":"11","45":"11","5F":"11","56":"11"},"C3":{"XW":"11","XJ":"11","XX":"11","XH":"11","XM":"11"},"99":{"W2":"11","W3":"11","V2":"11","X3":"11","V3":"11"},"6Q":{"X5":"11","X6":"11"},"GF":{"44":"11","4G":"11","42":"11","25":"11","5G":"11","32":"11","38":"11","36":"11","4J":"11","55":"11","49":"11","27":"11","33":"11","3G":"11","35":"11","3F":"11","4F":"11","48":"11","54":"11","4H":"11","5H":"11","43":"11","28":"11","52":"11","29":"11","47":"11","2C":"11","45":"11","34":"11","3C":"11","24":"11","26":"11","53":"11","2F":"11","39":"11","37":"11","46":"11","23":"11","3H":"11","4C":"11"},"C5":{"XW":"11","XX":"11","WV":"11","XV":"11","WW":"11","XR":"11"},"HR":{"V4":"11","R4":"11","Q5":"11","RC":"11","X4":"11","V5":"11","RF":"11","R8":"11","Q8":"11","Q7":"11","W2":"11","W6":"11","Q4":"11","PH":"11","P8":"11","QC":"11","X3":"11","W3":"11","V8":"11","R6":"11","PF":"11","R5":"11","P9":"11","V2":"11","PC":"11","W5":"11","R2":"11","W4":"11","QF":"11","R3":"11","QG":"11","PG":"11","V9":"11","Q9":"11","R7":"11","V6":"11","R9":"11","X2":"11","V7":"11","V3":"11","W7":"11"},"FC":{"VX":"11","XW":"11","XX":"11","WV":"11","XV":"11","WW":"11","WX":"11","XR":"11"},"79":{"PR":"11","QQ":"11","XQ":"11","VQ":"11","QR":"11","PQ":"11","WQ":"11","VR":"11","XP":"11"},"GP":{"85":"11","VX":"11","62":"11","VR":"11","P8":"11","C7":"11","Q6":"11","M8":"11","QF":"11","PF":"11","73":"11","Q8":"11","RV":"11","RF":"11","C6":"11","H7":"11","RQ":"11","83":"11","PC":"11","F7":"11","RR":"11","P9":"11","Q9":"11","VW":"11","QG":"11","VQ":"11","RH":"11","96":"11","F9":"11","P7":"11","M7":"11","Q7":"11","RM":"11","95":"11","RC":"11","52":"11","P6":"11","63":"11","QC":"11","RP":"11","RJ":"11","94":"11","C8":"11","F8":"11","J7":"11","72":"11","GC":"11","H8":"11","H9":"11","C5":"11","VV":"11","74":"11","84":"11","J8":"11","G9":"11","RG":"11"}},"8V":{"44":{"72":"11"},"9M":{"6X":"11","7X":"11","6V":"11","6W":"11"},"RC":{"HR":"11","FP":"11","JQ":"11","FQ":"11","JR":"11","HQ":"11","GW":"11","HP":"11","FW":"11","GR":"11","HV":"11","FM":"11","GP":"11","GX":"11","GV":"11","JV":"11","GM":"11","GQ":"11","HM":"11","FX":"11"},"RF":{"G4":"11","F5":"11","G3":"11","F4":"11","F3":"11","G5":"11","F2":"11","G2":"11"},"5W":{"HQ":"11","HR":"11"},"FV":{"JC":"11","JF":"11","HG":"11","JJ":"11","HJ":"11","JH":"11","HF":"11","JG":"11","HH":"11"},"5X":{"J3":"11","J4":"11","J5":"11"},"7R":{"RW":"11","VP":"11","RP":"11","RX":"11","VW":"11","RQ":"11","VX":"11"},"GM":{"78":"11","88":"11","7C":"11","5W":"11","4W":"11","89":"11","79":"11","5X":"11","6C":"11","4X":"11"},"7V":{"V3":"11","V4":"11","RC":"11","RG":"11","V2":"11","RF":"11","V6":"11","R7":"11","W4":"11","Q8":"11","QF":"11","W6":"11","W7":"11","Q9":"11","V5":"11","V7":"11","QC":"11","W5":"11","QG":"11"},"43":{"9G":"11","7P":"11","6P":"11","83":"11","99":"11","7W":"11","82":"11","9J":"11","7V":"11","6M":"11","7M":"11","87":"11","86":"11","8J":"11","9C":"11","88":"11","8H":"11","9F":"11","8C":"11","89":"11","8G":"11","9H":"11","7X":"11","98":"11","8F":"11","85":"11","97":"11","84":"11"},"Q2":{"7G":"11","7H":"11"},"V2":{"63":"11","73":"11","72":"11","62":"11"},"9P":{"5G":"11","4J":"11","73":"11","4H":"11","72":"11","62":"11","4G":"11"},"42":{"9W":"11","8W":"11","9X":"11","7X":"11","8X":"11"},"5V":{"JR":"11","JV":"11","MV":"11","MW":"11","JW":"11"},"8R":{"7M":"11","5G":"11","9P":"11","5J":"11","3J":"11","5H":"11","3C":"11","6J":"11","9M":"11","CM":"11","6H":"11","4J":"11","4P":"11","3H":"11","6G":"11","4M":"11","7J":"11","4H":"11","7H":"11","4F":"11","3G":"11","CP":"11","4G":"11","3F":"11"},"GP":{"47":"11","46":"11","56":"11"}},"23":{"RX":{"8R":"11","9Q":"11","9R":"11","9P":"11","9M":"11","8Q":"11","8P":"11"},"XG":{"HC":"11","H9":"11"}},"2W":{"48":{"P2":"11","P8":"11","Q4":"11","WQ":"11","XM":"11","Q6":"11","VW":"11","RJ":"11","VX":"11","WP":"11","X4":"11","VC":"11","W9":"11","R4":"11","RH":"11","VJ":"11","X2":"11","WV":"11","R8":"11","W5":"11","R2":"11","P7":"11","XJ":"11","Q7":"11","P3":"11","RF":"11","Q3":"11","RG":"11","XG":"11","Q2":"11","R9":"11","WX":"11","W4":"11","V9":"11","V4":"11","R3":"11","R5":"11","WM":"11","WC":"11","Q9":"11","XH":"11","V7":"11","V5":"11","RX":"11","WF":"11","XP":"11","VH":"11","WR":"11","X8":"11","V8":"11","XC":"11","XV":"11","X3":"11","WW":"11","XQ":"11","R7":"11","XW":"11","W3":"11","X5":"11","WJ":"11","V6":"11","QC":"11","VG":"11","X7":"11","W6":"11","Q8":"11","P4":"11","W8":"11","QF":"11","VV":"11","X6":"11","W2":"11","W7":"11","XR":"11","Q5":"11","X9":"11","R6":"11","XX":"11","V3":"11","V2":"11","VF":"11","WG":"11","P6":"11","VM":"11","XF":"11","P5":"11","WH":"11","RC":"11"},"57":{"63":"11","72":"11","62":"11"},"5C":{"37":"11","68":"11","32":"11","36":"11","47":"11","52":"11","34":"11","58":"11","22":"11","23":"11","35":"11","48":"11","57":"11","59":"11","46":"11","33":"11","63":"11","69":"11","42":"11","24":"11","45":"11","53":"11","62":"11","79":"11"},"47":{"J8":"11","QW":"11","RX":"11","VW":"11","M7":"11","M8":"11","RJ":"11","J7":"11","RF":"11","QR":"11","H7":"11","QQ":"11","RP":"11","RR":"11","QX":"11","PM":"11","J2":"11","QH":"11","J4":"11","QC":"11","WW":"11","RH":"11","VR":"11","M6":"11","QM":"11","PF":"11","WR":"11","P9":"11","WV":"11","RG":"11","PC":"11","H2":"11","J3":"11","RQ":"11","VQ":"11","QF":"11","H4":"11","XX":"11","QG":"11","PP":"11","RW":"11","PG":"11","VV":"11","RV":"11","H8":"11","H5":"11","VX":"11","VJ":"11","H3":"11","M9":"11","QP":"11","WX":"11","J6":"11","H6":"11","RM":"11","VP":"11","QJ":"11","J5":"11","VM":"11"},"46":{"JX":"11"},"49":{"XR":"11","X7":"11","X4":"11","V5":"11","W8":"11","WP":"11","W2":"11","WQ":"11","X6":"11","W6":"11","X3":"11","XP":"11","XQ":"11","W3":"11","V2":"11","W5":"11","R2":"11","W4":"11","X9":"11","6J":"11","X5":"11","X8":"11","V6":"11","XV":"11","X2":"11","V3":"11","W7":"11"},"56":{"8W":"11","6X":"11","8V":"11","7W":"11","7X":"11","7V":"11","5X":"11","H2":"11","5W":"11","6V":"11","6W":"11","G2":"11"},"45":{"QW":"11","8M":"11","VW":"11","9M":"11","QV":"11","PV":"11","CM":"11","8P":"11","GM":"11","WW":"11","CP":"11","FM":"11","8Q":"11","CQ":"11","9Q":"11","JV":"11","9P":"11","FP":"11","XW":"11","MV":"11","9R":"11","XX":"11","7H":"11","HR":"11","RW":"11","PW":"11","8R":"11","WX":"11","GP":"11","MR":"11","JR":"11"},"55":{"6W":"11","6V":"11","2W":"11","3W":"11","FP":"11","8R":"11","HX":"11","FQ":"11","JJ":"11","JR":"11","HJ":"11","JH":"11","JW":"11","JX":"11","HP":"11","MR":"11","2X":"11","CQ":"11","5W":"11","GP":"11","HV":"11","FR":"11","9R":"11","CR":"11","3X":"11","7W":"11","JM":"11","4W":"11","7V":"11","MV":"11","GX":"11","JV":"11","GQ":"11","8V":"11","9V":"11","HW":"11","JG":"11","HM":"11"},"4F":{"Q6":"11"},"59":{"4X":"11","6W":"11","3X":"11","4R":"11","5W":"11","3W":"11","5X":"11","26":"11","3V":"11","4W":"11","22":"11","25":"11","39":"11","2C":"11","23":"11","6X":"11","28":"11","2X":"11","2V":"11","29":"11","2W":"11","3C":"11","4V":"11","2R":"11","24":"11","27":"11","2Q":"11","3R":"11","3F":"11"},"58":{"2P":"11","2J":"11","2M":"11","26":"11","2H":"11","25":"11","2C":"11","23":"11","28":"11","2X":"11","2G":"11","2V":"11","29":"11","2W":"11","2R":"11","24":"11","27":"11","2Q":"11","2F":"11"},"6C":{"MQ":"11","PR":"11","QR":"11","JQ":"11","RR":"11","MR":"11"}},"3H":{"7Q":{"XC":"11","X9":"11","XF":"11","X8":"11","XG":"11"},"8Q":{"37":"11","44":"11","5H":"11","5J":"11","9G":"11","7J":"11","C9":"11","96":"11","54":"11","99":"11","5G":"11","75":"11","38":"11","36":"11","52":"11","4H":"11","2H":"11","CC":"11","87":"11","43":"11","74":"11","35":"11","86":"11","28":"11","C8":"11","65":"11","46":"11","9C":"11","2G":"11","88":"11","8H":"11","64":"11","9F":"11","76":"11","6H":"11","89":"11","8G":"11","3G":"11","6J":"11","4G":"11","29":"11","7H":"11","9H":"11","CF":"11","63":"11","55":"11","98":"11","4J":"11","85":"11","45":"11","97":"11","27":"11","53":"11","3H":"11","95":"11","62":"11","CG":"11","2F":"11","3F":"11"}},"4C":{"CC":{"G4":"11","G3":"11","F4":"11","F3":"11","G5":"11","F2":"11","G2":"11"}},"RG":{"M5":{"RM":"11","VP":"11","QQ":"11","VQ":"11","QR":"11","RP":"11","RQ":"11","RR":"11","VM":"11"},"RF":{"6X":"11","9X":"11","CX":"11","CW":"11","CV":"11","7X":"11","CR":"11"},"M6":{"HC":"11","HG":"11","FF":"11","HF":"11","GF":"11","GH":"11","FG":"11","GG":"11"},"RG":{"93":"11","63":"11","94":"11","C2":"11","C3":"11","73":"11","72":"11","92":"11","62":"11","74":"11"},"M7":{"C4":"11","C5":"11","88":"11","97":"11","96":"11","89":"11","C6":"11","95":"11","99":"11","98":"11","94":"11"},"XG":{"HQ":"11","JM":"11","HM":"11","JQ":"11","HJ":"11","JP":"11","HP":"11"}}}}