{"index":{"university,1|retail,2|tourism,3|wreck,4|historical,5|artsCulture,6|namedBuilding,7|water,8|wetland,9|park,10|beach,11|natureReserve,12|cemetery,13|trail,14":{}},"98":{"WC":{"H8":{"29":"11"},"G7":{"RM":"11"}},"R8":{"W9":{"CC":"11","C9":"11"}},"54":{"RW":{"5G":"11","5F":"11"},"XQ":{"F4":"11","5H":"11","5J":"11","78":"11","7C":"11","96":"11","6C":"11","5G":"11","3P":"11","4H":"11","87":"11","C5":"11","F3":"11","86":"11","C3":"11","88":"11","4M":"11","6F":"11","3Q":"11","6G":"11","4J":"11","C4":"11","4P":"11","94":"11","F2":"11","95":"11","G2":"11","79":"11","3R":"11","5F":"11"},"VQ":{"RM":"11","QJ":"11","QM":"11"},"7C":{"W7":"11","W6":"11"},"WQ":{"5G":"11","7G":"11","PQ":"11","PP":"11","8G":"11","JM":"11","MM":"11","6G":"11","MP":"11"},"VW":{"7G":"11","5C":"11","5F":"11","6G":"11","6F":"11"},"GF":{"7Q":"11","7P":"11","8V":"11","6Q":"11","6P":"11","9R":"11","7R":"11","7V":"11","8R":"11","8Q":"11"},"VR":{"5C":"11","59":"11","78":"11","77":"11","2P":"11","5J":"11","2M":"11","76":"11","3J":"11","69":"11","68":"11","5H":"11","86":"11","85":"11","3M":"11","5M":"11","67":"11","4M":"11","4J":"11","6C":"11"},"XP":{"HX":"11","HW":"11","GX":"11"},"RR":{"WP":"11","XQ":"11","WQ":"11","XP":"11","XM":"11"},"79":{"JR":"11","JV":"11","HR":"11","HV":"11"}},"36":{"HG":{"J9":"11"}},"52":{"84":{"M8":"11","C3":"11","C2":"11","XH":"11","P8":"11","P9":"11","M9":"11","XG":"11"},"R3":{"PF":"11","PG":"11","FP":"11","9Q":"11","MG":"11","GJ":"11","FM":"11","9P":"11","8Q":"11","8P":"11","GM":"11","MF":"11","HM":"11","FJ":"11"}},"34":{"CW":{"HQ":"11","HR":"11","HV":"11","HP":"11"},"CV":{"FF":"11","FC":"11","F3":"11","G4":"11","F9":"11","G5":"11","F2":"11","F4":"11"},"CQ":{"JR":"11","MQ":"11","PQ":"11","MR":"11","HV":"11","PM":"11","PP":"11","FV":"11","GV":"11","JV":"11","MP":"11"},"CR":{"GR":"11","GV":"11","HR":"11","GQ":"11","HV":"11"}},"GM":{"XR":{"H5":"11","H4":"11","J5":"11"},"WX":{"29":"11"}},"W9":{"57":{"8G":"11","8H":"11"},"J7":{"3J":"11"},"M5":{"69":"11"}},"22":{"MH":{"93":"11","83":"11","C3":"11","F4":"11","M7":"11","7C":"11","C4":"11","M8":"11","7F":"11","82":"11","6C":"11"},"F9":{"8M":"11","9P":"11","9M":"11","9R":"11","9Q":"11","8P":"11"},"PC":{"33":"11","42":"11","43":"11","32":"11"},"P8":{"VX":"11","VW":"11","XW":"11","WW":"11","WX":"11"}},"GQ":{"28":{"4J":"11"}},"25":{"37":{"5X":"11"},"47":{"H5":"11","J6":"11","H6":"11","J4":"11","J5":"11"},"4R":{"8X":"11"},"6C":{"WR":"11","XQ":"11","WQ":"11","XR":"11"}},"73":{"62":{"8W":"11","8V":"11","FW":"11","CW":"11","CV":"11","CQ":"11","9Q":"11","FV":"11"}},"23":{"V2":{"47":"11"}},"HP":{"5F":{"7Q":"11","6Q":"11","2M":"11","4P":"11","6P":"11","3M":"11","7R":"11","5P":"11","2P":"11","8R":"11","3P":"11"},"4F":{"WP":"11","VR":"11","WR":"11","RV":"11","WQ":"11","QV":"11","QR":"11","RR":"11","XP":"11","XM":"11"},"53":{"P5":"11","M8":"11","P7":"11","P6":"11","P8":"11"},"4G":{"38":"11","48":"11","4C":"11","5J":"11","49":"11","4M":"11","4J":"11","4F":"11"},"3F":{"63":"11","88":"11","64":"11","87":"11","42":"11","77":"11","76":"11","32":"11","53":"11"}},"35":{"J7":{"JX":"11"},"J8":{"RC":"11","M5":"11","RF":"11","M4":"11","M6":"11","P8":"11","P9":"11","J3":"11","Q8":"11","QF":"11","P7":"11","J2":"11","Q9":"11","M3":"11","M7":"11","QC":"11","QG":"11","PC":"11"},"VV":{"39":"11","28":"11","3C":"11","38":"11","29":"11"},"H7":{"HR":"11","9F":"11","FP":"11","JR":"11","HQ":"11","9C":"11","GP":"11","FM":"11","9G":"11","CG":"11","CJ":"11","GM":"11","GQ":"11","CH":"11","FJ":"11"},"F4":{"G9":"11","HC":"11","GC":"11","H8":"11","GJ":"11","G8":"11","FH":"11","GF":"11","HF":"11","H9":"11","GH":"11","FG":"11","GG":"11","FJ":"11"},"RV":{"W7":"11","X8":"11","W8":"11"},"H6":{"7Q":"11","6X":"11","7V":"11","7R":"11","5X":"11","8R":"11","5W":"11","8Q":"11","6W":"11","8P":"11"},"G5":{"GH":"11","GJ":"11","GM":"11","GG":"11"},"F2":{"XM":"11"},"M8":{"G3":"11","C2":"11","H2":"11","F3":"11","92":"11","F2":"11","H3":"11","G2":"11"},"3R":{"J2":"11","M3":"11","M4":"11","M2":"11"}},"XF":{"82":{"V2":"11"}},"33":{"69":{"G8":"11","F8":"11"}},"PC":{"47":{"G6":"11","G7":"11"},"46":{"9P":"11","77":"11","CP":"11","67":"11"},"43":{"G4":"11","G5":"11"},"58":{"G8":"11","G9":"11","GC":"11","G7":"11"}},"64":{"P2":{"RJ":"11","RC":"11","RF":"11","C9":"11","99":"11","F6":"11","93":"11","WW":"11","C5":"11","F3":"11","VG":"11","VF":"11","C6":"11","G5":"11","C7":"11","RG":"11","88":"11","G3":"11","XX":"11","VH":"11","98":"11","C4":"11","R9":"11","F5":"11","WX":"11","94":"11","95":"11","G6":"11","RM":"11"},"Q3":{"23":"11"},"P4":{"RM":"11","QH":"11","R8":"11","QJ":"11","VP":"11","VQ":"11","R6":"11","R7":"11","RJ":"11","X2":"11","Q8":"11","QF":"11","VR":"11","Q9":"11","X3":"11","QC":"11","QG":"11","RH":"11","VM":"11","W2":"11","X4":"11","X5":"11"},"JC":{"GF":"11","RC":"11","RF":"11","WC":"11","R8":"11","FF":"11","WF":"11","QC":"11","VG":"11","VF":"11","V8":"11","P9":"11","PC":"11","WG":"11","V9":"11","Q9":"11","R9":"11","VC":"11"},"M5":{"8M":"11","FR":"11","9M":"11","9G":"11","78":"11","7G":"11","7C":"11","CM":"11","FV":"11","HM":"11","99":"11","93":"11","C2":"11","JW":"11","CR":"11","CV":"11","HJ":"11","9J":"11","CP":"11","C5":"11","HP":"11","C6":"11","C8":"11","C3":"11","7F":"11","8J":"11","9C":"11","CW":"11","88":"11","8H":"11","9F":"11","9Q":"11","CQ":"11","8C":"11","JV":"11","9P":"11","89":"11","8G":"11","92":"11","G7":"11","9R":"11","7H":"11","9H":"11","CF":"11","C4":"11","8F":"11","CJ":"11","F7":"11","CG":"11","79":"11"},"JH":{"27":"11","26":"11"},"M4":{"69":"11","68":"11"},"M6":{"J8":"11","M8":"11","M7":"11","GX":"11","GF":"11","P6":"11","HW":"11","JF":"11","GH":"11","GV":"11","HM":"11","J9":"11","FW":"11","HG":"11","HJ":"11","GM":"11","GQ":"11","GW":"11","HP":"11","GR":"11","FX":"11","HV":"11","GG":"11","HF":"11","GJ":"11","JG":"11","P7":"11","JH":"11","HR":"11","JX":"11","HQ":"11","HX":"11","JC":"11","GP":"11","HH":"11"},"M3":{"39":"11","3C":"11","3F":"11"},"M7":{"J2":"11","F3":"11","F2":"11"},"H9":{"7P":"11","8J":"11","7J":"11","8H":"11"},"P5":{"7R":"11","6F":"11","6J":"11","7G":"11","6H":"11","7M":"11","7Q":"11","7H":"11","7P":"11","7F":"11","7J":"11","6M":"11"},"P3":{"WX":"11","W9":"11","WW":"11","VP":"11","VQ":"11","VJ":"11","VV":"11","RJ":"11","W8":"11","X2":"11","VR":"11","X3":"11","WV":"11","VM":"11"},"JG":{"9W":"11","CW":"11","CV":"11","FV":"11","9V":"11","CR":"11","FR":"11"},"HH":{"X5":"11","X7":"11","W7":"11","X6":"11","X8":"11","W8":"11","W6":"11"},"J8":{"JP":"11","JQ":"11","HC":"11","JF":"11","HG":"11","M2":"11","JJ":"11","HQ":"11","HJ":"11","GJ":"11","JH":"11","HP":"11","GP":"11","HF":"11","JM":"11","M3":"11","GM":"11","GQ":"11","JG":"11","HM":"11","HH":"11"},"J7":{"PR":"11","MX":"11","PV":"11","PW":"11","MQ":"11","PQ":"11","MR":"11","MW":"11","MV":"11","PX":"11"}},"FP":{"XR":{"PQ":"11","JQ":"11","JP":"11"}},"X8":{"6F":{"WF":"11","X7":"11","XJ":"11","XH":"11","XG":"11","WC":"11","XC":"11","XF":"11"},"7F":{"2Q":"11","2M":"11","2R":"11","2H":"11","2J":"11","2V":"11","2P":"11"}},"63":{"48":{"FP":"11","FQ":"11","FH":"11","CQ":"11","FM":"11","FR":"11","CR":"11","CJ":"11","CM":"11","CH":"11","CP":"11","FJ":"11"},"V2":{"99":"11","88":"11","87":"11","86":"11","98":"11"},"PW":{"FC":"11","FF":"11"},"R2":{"JJ":"11","JM":"11","JH":"11","JP":"11","JG":"11"}},"55":{"Q6":{"3C":"11","2F":"11"},"P8":{"FQ":"11","FP":"11"}},"Q9":{"GW":{"CG":"11","CH":"11"},"FV":{"Q9":"11","QC":"11","Q5":"11"}},"42":{"2H":{"WF":"11","WG":"11","X6":"11","XH":"11","W3":"11","W4":"11","XG":"11","X3":"11","W5":"11","X4":"11","X5":"11"},"3H":{"26":"11"},"2J":{"8M":"11","9M":"11","Q5":"11","HM":"11","P8":"11","HJ":"11","GM":"11","9J":"11","Q2":"11","HP":"11","8J":"11","8H":"11","Q6":"11","9P":"11","GJ":"11","Q3":"11","P7":"11","9H":"11"}},"72":{"2F":{"7M":"11","7P":"11","6M":"11","8Q":"11","8P":"11"},"5V":{"HW":"11"}},"24":{"38":{"C2":"11","92":"11"},"48":{"RX":"11","QX":"11"},"59":{"MX":"11","JQ":"11","JR":"11","MQ":"11","CV":"11","GW":"11","JW":"11","JX":"11","FW":"11","MR":"11","HV":"11","CR":"11","MW":"11","FV":"11","MV":"11","GX":"11","25":"11","GV":"11","24":"11","JV":"11","HW":"11"},"JJ":{"2G":"11","3P":"11","4R":"11","3R":"11","4V":"11","5W":"11","3Q":"11","3H":"11","3J":"11","4W":"11","6X":"11","4Q":"11","3M":"11","2H":"11","5X":"11"},"HJ":{"J8":"11","F4":"11","M7":"11","M8":"11","RC":"11","J7":"11","RF":"11","75":"11","93":"11","P8":"11","WF":"11","QC":"11","F3":"11","74":"11","VF":"11","XF":"11","G5":"11","65":"11","P9":"11","C3":"11","PC":"11","G4":"11","64":"11","XG":"11","55":"11","WG":"11","H5":"11","Q9":"11","M9":"11","C4":"11","85":"11","45":"11","84":"11","J6":"11","94":"11","H6":"11"},"GJ":{"M6":"11","H5":"11","H4":"11","J6":"11","M7":"11","J5":"11"},"27":{"XR":"11","MP":"11","HW":"11","QR":"11","QQ":"11","RR":"11","JW":"11","PX":"11","VR":"11","WR":"11","PQ":"11","PR":"11","JV":"11","RQ":"11","HV":"11","VQ":"11","JP":"11","MV":"11","JQ":"11","HR":"11","PP":"11","JX":"11","MX":"11","HX":"11","MQ":"11","MR":"11","JR":"11"},"PQ":{"QF":"11","PF":"11","M7":"11","PC":"11","M8":"11","P9":"11","P7":"11","P8":"11"},"49":{"X5":"11","R3":"11","W3":"11","X4":"11","X3":"11","R2":"11","V3":"11"},"28":{"P2":"11","Q3":"11","P4":"11","M2":"11","Q4":"11","Q2":"11","J2":"11","M3":"11","P3":"11"},"JM":{"XR":"11","78":"11","68":"11","66":"11","WP":"11","RP":"11","67":"11","WQ":"11","7W":"11","77":"11","73":"11","XP":"11","XQ":"11","WM":"11","WR":"11","9C":"11","88":"11","64":"11","9F":"11","8C":"11","RQ":"11","VQ":"11","89":"11","8G":"11","63":"11","72":"11","8F":"11","62":"11","VP":"11","VM":"11"},"MM":{"7R":"11","2R":"11","6V":"11","5V":"11","8R":"11","HC":"11","GC":"11","HG":"11","2Q":"11","FH":"11","6R":"11","3R":"11","HF":"11","GF":"11","7V":"11","CJ":"11","GH":"11","8V":"11","CM":"11","CH":"11","CP":"11","GG":"11"},"37":{"2R":"11","6W":"11","3W":"11","7X":"11","4V":"11","5W":"11","7W":"11","4W":"11","2V":"11","9X":"11","6X":"11","3V":"11","8X":"11"},"6C":{"R5":"11","Q6":"11","Q4":"11","R6":"11","P6":"11","Q5":"11"}},"45":{"GP":{"P9":"11"},"87":{"W9":"11","VC":"11","HP":"11","GP":"11","W8":"11","V8":"11","V9":"11","GM":"11","WC":"11","V7":"11","HM":"11"},"GC":{"F9":"11","FC":"11","G9":"11","GC":"11"}},"GP":{"2W":{"28":"11","2C":"11","29":"11"},"X7":{"9H":"11","CM":"11","CH":"11","CJ":"11"},"GF":{"57":"11","47":"11","46":"11"},"HJ":{"XH":"11","XG":"11"}},"XC":{"8X":{"VX":"11","JV":"11","QV":"11"},"6V":{"2C":"11","2F":"11"},"3V":{"GP":"11","MQ":"11","MP":"11"}},"56":{"67":{"JM":"11","HM":"11"}}}}