{"99":{"RW":{"2J":{"F7":"11","F6":"11"}},"PR":{"RX":{"2R":"11","23":"11","2W":"11","33":"11","32":"11","2Q":"11","27":"11","2X":"11","3X":"11","26":"11","2V":"11","25":"11","24":"11","22":"11"},"RJ":{"F8":"11","GX":"11","GF":"11","GC":"11","HW":"11","GH":"11","GV":"11","CC":"11","GM":"11","GQ":"11","GW":"11","HP":"11","GR":"11","9C":"11","HV":"11","GG":"11","GJ":"11","FC":"11","HR":"11","HQ":"11","F9":"11","HX":"11","GP":"11"},"XJ":{"8M":"11","44":"11","7P":"11","78":"11","7G":"11","7C":"11","7J":"11","8P":"11","9V":"11","8V":"11","54":"11","32":"11","77":"11","7M":"11","43":"11","87":"11","8Q":"11","7F":"11","46":"11","33":"11","8J":"11","88":"11","9Q":"11","76":"11","8C":"11","89":"11","9R":"11","9W":"11","7H":"11","55":"11","42":"11","8F":"11","45":"11","8R":"11","79":"11","56":"11"},"RC":{"5W":"11","4G":"11","3V":"11","25":"11","38":"11","5P":"11","5V":"11","5X":"11","36":"11","4J":"11","4P":"11","49":"11","3X":"11","4X":"11","4Q":"11","27":"11","5Q":"11","3G":"11","4M":"11","35":"11","3F":"11","4R":"11","3J":"11","4F":"11","48":"11","4H":"11","3R":"11","4V":"11","3M":"11","4W":"11","3W":"11","5J":"11","28":"11","29":"11","47":"11","3P":"11","34":"11","3C":"11","24":"11","26":"11","5R":"11","5M":"11","39":"11","37":"11","46":"11","23":"11","3H":"11","3Q":"11","4C":"11"},"RF":{"4X":"11","44":"11","5H":"11","6V":"11","5J":"11","6W":"11","3X":"11","4R":"11","68":"11","66":"11","6P":"11","5W":"11","6C":"11","3W":"11","54":"11","32":"11","5G":"11","5X":"11","67":"11","47":"11","3P":"11","52":"11","5Q":"11","4H":"11","3V":"11","4W":"11","58":"11","6M":"11","43":"11","5P":"11","6X":"11","48":"11","57":"11","5M":"11","65":"11","5C":"11","59":"11","46":"11","4Q":"11","5R":"11","6H":"11","4M":"11","6F":"11","3G":"11","6J":"11","4G":"11","3Q":"11","3M":"11","4V":"11","55":"11","6G":"11","49":"11","4J":"11","69":"11","42":"11","6Q":"11","4P":"11","45":"11","3J":"11","5V":"11","4C":"11","6R":"11","53":"11","3H":"11","3R":"11","5F":"11","4F":"11","56":"11","3F":"11"},"WP":{"R5":"11","V4":"11","P4":"11","M2":"11","M4":"11","Q5":"11","J2":"11","M3":"11","V5":"11","P5":"11","R4":"11"},"RP":{"GX":"11","GF":"11","G8":"11","GC":"11","GH":"11","GV":"11","H7":"11","FW":"11","GM":"11","GQ":"11","GW":"11","GR":"11","G5":"11","FX":"11","G4":"11","GG":"11","GJ":"11","G3":"11","G9":"11","G7":"11","H9":"11","H8":"11","GP":"11","G6":"11","H6":"11","G2":"11"},"RR":{"6W":"11","6V":"11","87":"11","78":"11","88":"11","6J":"11","7G":"11","6H":"11","7C":"11","6R":"11","7M":"11","92":"11","93":"11","82":"11","6Q":"11","7H":"11","7F":"11","89":"11","6X":"11","86":"11","85":"11","7J":"11","84":"11","6M":"11","79":"11","83":"11","6P":"11"},"QX":{"WC":"11","X9":"11","XJ":"11","X7":"11","XQ":"11","WG":"11","X8":"11","W9":"11","WH":"11","XH":"11","XP":"11","XM":"11","XG":"11","WF":"11","XR":"11"},"Q4":{"22":"11","32":"11"},"WH":{"XR":"11","XJ":"11","W8":"11","WC":"11","W6":"11","WH":"11","WF":"11","XH":"11","W9":"11","X3":"11","XP":"11","XQ":"11","XF":"11","W3":"11","XM":"11","XG":"11","W5":"11","W4":"11","X9":"11","X8":"11","WG":"11","X2":"11","WJ":"11","W7":"11","XC":"11"},"QC":{"W2":"11","X2":"11","X3":"11"},"XH":{"2W":"11","2Q":"11","2X":"11","2R":"11","3W":"11","3X":"11","2V":"11"},"WM":{"HR":"11","GW":"11","JW":"11","JX":"11","GR":"11","HV":"11","GV":"11","GQ":"11","HW":"11"},"V8":{"V2":"11"},"WV":{"R4":"11","FG":"11","Q5":"11","Q8":"11","FF":"11","Q7":"11","Q4":"11","MF":"11","HG":"11","QC":"11","PF":"11","R5":"11","PC":"11","Q6":"11","MG":"11","GG":"11","HF":"11","JG":"11","QF":"11","Q3":"11","QG":"11","PG":"11","CF":"11","Q9":"11"},"V2":{"J7":"11","J8":"11","J6":"11"},"RG":{"62":"11","42":"11","33":"11","32":"11","55":"11","46":"11","54":"11","43":"11","63":"11","52":"11","35":"11","47":"11","37":"11","45":"11","36":"11","44":"11","34":"11","53":"11"},"XG":{"2F":"11","2G":"11","27":"11","29":"11","28":"11","2M":"11","2C":"11","2H":"11","2J":"11"},"RQ":{"F4":"11","F8":"11","9M":"11","CM":"11","C9":"11","9V":"11","F6":"11","CH":"11","CC":"11","9J":"11","CP":"11","9X":"11","F3":"11","C8":"11","C7":"11","CQ":"11","9Q":"11","9P":"11","9R":"11","9W":"11","9H":"11","CF":"11","F9":"11","CJ":"11","F7":"11","F5":"11","F2":"11","CG":"11"},"Q3":{"2W":"11","3J":"11","2M":"11","2X":"11","2R":"11","3M":"11","3X":"11","2V":"11","3P":"11"},"RW":{"3F":"11","38":"11","3W":"11","33":"11","3G":"11","32":"11","3P":"11","3R":"11","3Q":"11","3X":"11","26":"11","3H":"11","3J":"11","35":"11","37":"11","3V":"11","36":"11","39":"11","3M":"11","2C":"11","34":"11","3C":"11"},"RV":{"3X":"11","54":"11","3W":"11","52":"11","3P":"11","3V":"11","58":"11","48":"11","57":"11","5C":"11","59":"11","64":"11","3G":"11","4G":"11","3M":"11","3Q":"11","63":"11","55":"11","49":"11","3J":"11","4C":"11","53":"11","3H":"11","62":"11","3R":"11","4F":"11","56":"11"},"WG":{"XW":"11","XX":"11","X7":"11","X8":"11","XQ":"11","XR":"11","X6":"11","XV":"11","XP":"11","XM":"11"},"Q9":{"VW":"11","9M":"11","RJ":"11","RP":"11","RR":"11","QH":"11","PH":"11","WW":"11","9J":"11","RH":"11","VR":"11","VG":"11","QM":"11","8H":"11","RQ":"11","MG":"11","VQ":"11","JG":"11","JH":"11","RW":"11","RV":"11","VV":"11","VH":"11","VJ":"11","WX":"11","RM":"11","QJ":"11","MH":"11"},"V7":{"VX":"11"},"RM":{"GX":"11","GV":"11","H7":"11","HM":"11","HG":"11","HJ":"11","GM":"11","GQ":"11","GW":"11","HP":"11","GR":"11","G5":"11","H2":"11","HV":"11","HF":"11","G7":"11","H4":"11","HC":"11","HR":"11","H9":"11","H8":"11","HQ":"11","H5":"11","H3":"11","GP":"11","HH":"11","G6":"11","H6":"11","G2":"11"}},"MX":{"PF":{"23":"11","62":"11","64":"11","42":"11","33":"11","32":"11","55":"11","27":"11","29":"11","28":"11","46":"11","54":"11","43":"11","26":"11","63":"11","52":"11","35":"11","37":"11","25":"11","24":"11","45":"11","44":"11","36":"11","22":"11","2C":"11","34":"11","53":"11"},"HR":{"56":"11","53":"11","43":"11","6G":"11","69":"11","4G":"11","3V":"11","79":"11","78":"11","47":"11","28":"11","3Q":"11","2P":"11","42":"11","2F":"11","64":"11","74":"11","5P":"11","63":"11","2R":"11","77":"11","4H":"11","85":"11","44":"11","24":"11","2M":"11","23":"11","6M":"11","6F":"11","36":"11","55":"11","3P":"11","5J":"11","3F":"11","25":"11","7C":"11","2V":"11","86":"11","33":"11","82":"11","92":"11","38":"11","5G":"11","39":"11","34":"11","3H":"11","29":"11","27":"11","6C":"11","4M":"11","35":"11","5M":"11","84":"11","76":"11","3G":"11","62":"11","4Q":"11","5C":"11","26":"11","83":"11","4F":"11","3J":"11","2W":"11","72":"11","67":"11","37":"11","66":"11","4J":"11","6J":"11","2C":"11","3M":"11","49":"11","52":"11","65":"11","22":"11","93":"11","3R":"11","75":"11","3W":"11","68":"11","46":"11","4C":"11","59":"11","57":"11","48":"11","2G":"11","3C":"11","45":"11","2J":"11","54":"11","58":"11","73":"11","2Q":"11","5H":"11","2X":"11","4P":"11","2H":"11","6H":"11","32":"11","5F":"11"},"FP":{"2X":"11","3X":"11"},"HX":{"2R":"11","9C":"11","58":"11","7Q":"11","2M":"11","2P":"11","5W":"11","4G":"11","7C":"11","5C":"11","3V":"11","8G":"11","25":"11","6W":"11","5G":"11","38":"11","5P":"11","78":"11","2X":"11","7G":"11","59":"11","5V":"11","7R":"11","6M":"11","7F":"11","5X":"11","36":"11","4J":"11","7P":"11","4P":"11","6P":"11","8H":"11","49":"11","4X":"11","3X":"11","4Q":"11","2H":"11","27":"11","7V":"11","5Q":"11","6V":"11","3G":"11","4M":"11","3F":"11","4R":"11","89":"11","8C":"11","3J":"11","4F":"11","2Q":"11","8M":"11","48":"11","6G":"11","4H":"11","4V":"11","3R":"11","6C":"11","5H":"11","8J":"11","3M":"11","4W":"11","3W":"11","6X":"11","6R":"11","5J":"11","28":"11","29":"11","57":"11","8F":"11","6J":"11","7J":"11","7M":"11","47":"11","2V":"11","3P":"11","2C":"11","7W":"11","5F":"11","3C":"11","6F":"11","26":"11","5R":"11","5M":"11","2F":"11","99":"11","39":"11","6Q":"11","2J":"11","2G":"11","37":"11","69":"11","7H":"11","2W":"11","3H":"11","6H":"11","68":"11","3Q":"11","79":"11","4C":"11"},"FQ":{"22":"11"},"MG":{"P2":"11","8Q":"11","56":"11","95":"11","8H":"11","J6":"11","F6":"11","8F":"11","M3":"11","6X":"11","9H":"11","M7":"11","6G":"11","69":"11","H7":"11","4G":"11","CG":"11","7X":"11","7W":"11","HG":"11","3V":"11","98":"11","F7":"11","79":"11","78":"11","5W":"11","9R":"11","M9":"11","H4":"11","FM":"11","3Q":"11","8W":"11","2P":"11","C3":"11","6V":"11","CC":"11","FH":"11","64":"11","89":"11","74":"11","5P":"11","FJ":"11","9V":"11","8P":"11","7H":"11","9P":"11","2R":"11","7G":"11","8M":"11","77":"11","4H":"11","85":"11","P3":"11","FF":"11","HH":"11","Q3":"11","J2":"11","Q2":"11","C9":"11","C8":"11","H2":"11","F3":"11","8V":"11","2M":"11","CM":"11","5V":"11","3X":"11","6M":"11","6F":"11","7R":"11","GG":"11","M5":"11","G8":"11","H3":"11","7F":"11","C7":"11","C5":"11","C6":"11","5Q":"11","F5":"11","7Q":"11","3P":"11","5J":"11","CQ":"11","9F":"11","3F":"11","F4":"11","7C":"11","H6":"11","2V":"11","J3":"11","86":"11","6R":"11","82":"11","G4":"11","92":"11","9C":"11","4X":"11","J7":"11","G9":"11","99":"11","J5":"11","5G":"11","7M":"11","3H":"11","7V":"11","H8":"11","8G":"11","CF":"11","6P":"11","8X":"11","6C":"11","M8":"11","CP":"11","8C":"11","4M":"11","C2":"11","JF":"11","4R":"11","5M":"11","84":"11","F2":"11","F8":"11","76":"11","3G":"11","4Q":"11","8J":"11","5C":"11","9G":"11","GH":"11","JC":"11","8R":"11","83":"11","4F":"11","3J":"11","2W":"11","72":"11","7J":"11","67":"11","9M":"11","C4":"11","G5":"11","66":"11","7P":"11","G3":"11","6W":"11","4J":"11","M2":"11","9J":"11","GF":"11","6J":"11","H5":"11","88":"11","3M":"11","49":"11","94":"11","HF":"11","CH":"11","65":"11","G7":"11","H9":"11","GC":"11","96":"11","J4":"11","CR":"11","P4":"11","6Q":"11","93":"11","3R":"11","HC":"11","75":"11","3W":"11","68":"11","F9":"11","4C":"11","59":"11","57":"11","48":"11","2J":"11","58":"11","87":"11","73":"11","5R":"11","G6":"11","2Q":"11","CJ":"11","5H":"11","M6":"11","2X":"11","5X":"11","9Q":"11","J8":"11","FG":"11","G2":"11","4P":"11","J9":"11","2H":"11","FC":"11","4V":"11","6H":"11","M4":"11","4W":"11","97":"11","5F":"11"},"JJ":{"8J":"11","6P":"11","8P":"11","H7":"11","4X":"11","9R":"11","C6":"11","FR":"11","C2":"11","3V":"11","7G":"11","8W":"11","6G":"11","6H":"11","CV":"11","HP":"11","G4":"11","M8":"11","CF":"11","M2":"11","8H":"11","GF":"11","JC":"11","P3":"11","JJ":"11","G8":"11","GV":"11","G9":"11","4J":"11","F5":"11","H4":"11","86":"11","MF":"11","GQ":"11","4M":"11","97":"11","8M":"11","HF":"11","H9":"11","P2":"11","FV":"11","CC":"11","CJ":"11","CR":"11","FP":"11","7Q":"11","H8":"11","9V":"11","GW":"11","3Q":"11","8X":"11","MC":"11","96":"11","78":"11","M4":"11","9Q":"11","9X":"11","CX":"11","7V":"11","F8":"11","CH":"11","2X":"11","M9":"11","J9":"11","C4":"11","JH":"11","88":"11","99":"11","5Q":"11","G5":"11","GJ":"11","2V":"11","3W":"11","9P":"11","5P":"11","JF":"11","JM":"11","7R":"11","6R":"11","FJ":"11","CP":"11","M5":"11","J4":"11","HQ":"11","J7":"11","4P":"11","9F":"11","8Q":"11","GX":"11","95":"11","7C":"11","7P":"11","6W":"11","7J":"11","J8":"11","5V":"11","H5":"11","F9":"11","H3":"11","HM":"11","FX":"11","Q3":"11","HC":"11","3X":"11","HW":"11","F7":"11","HV":"11","9H":"11","8V":"11","HG":"11","CG":"11","Q2":"11","F6":"11","7W":"11","7M":"11","J2":"11","6V":"11","7H":"11","G2":"11","HX":"11","FM":"11","2R":"11","3P":"11","GC":"11","4V":"11","8R":"11","9M":"11","85":"11","H2":"11","M7":"11","9W":"11","6F":"11","JG":"11","C7":"11","G6":"11","2W":"11","FF":"11","CW":"11","H6":"11","5M":"11","M3":"11","5R":"11","6J":"11","F4":"11","C3":"11","C9":"11","6C":"11","P4":"11","FQ":"11","FC":"11","HR":"11","FG":"11","79":"11","8C":"11","6M":"11","GG":"11","94":"11","G7":"11","4Q":"11","89":"11","C5":"11","4R":"11","3R":"11","CQ":"11","8G":"11","98":"11","87":"11","J3":"11","C8":"11","5J":"11","5H":"11","5W":"11","7X":"11","9C":"11","4W":"11","9G":"11","J5":"11","GH":"11","5X":"11","6Q":"11","HH":"11","5G":"11","8F":"11","6X":"11","GM":"11","7F":"11","FH":"11","F2":"11","M6":"11","HJ":"11","GR":"11","93":"11","CM":"11","F3":"11","J6":"11","9J":"11","FW":"11","GP":"11","G3":"11"},"HQ":{"8J":"11","6P":"11","8P":"11","4X":"11","9R":"11","C6":"11","C2":"11","3V":"11","7G":"11","2J":"11","8W":"11","6G":"11","6H":"11","CV":"11","3C":"11","G4":"11","2P":"11","77":"11","74":"11","CF":"11","67":"11","8H":"11","56":"11","4H":"11","49":"11","84":"11","G8":"11","69":"11","G9":"11","4J":"11","F5":"11","H4":"11","3J":"11","86":"11","4M":"11","97":"11","8M":"11","2G":"11","CC":"11","33":"11","CJ":"11","CR":"11","58":"11","68":"11","7Q":"11","9V":"11","3Q":"11","27":"11","2F":"11","8X":"11","96":"11","78":"11","9Q":"11","9X":"11","72":"11","7V":"11","F8":"11","CH":"11","2X":"11","4C":"11","C4":"11","76":"11","88":"11","99":"11","5Q":"11","G5":"11","2V":"11","65":"11","3W":"11","9P":"11","5P":"11","2H":"11","7R":"11","6R":"11","FJ":"11","CP":"11","35":"11","J4":"11","43":"11","4P":"11","9F":"11","8Q":"11","46":"11","95":"11","7C":"11","7P":"11","6W":"11","7J":"11","44":"11","34":"11","37":"11","5V":"11","55":"11","H5":"11","F9":"11","H3":"11","29":"11","F7":"11","57":"11","3X":"11","59":"11","48":"11","9H":"11","8V":"11","82":"11","CG":"11","F6":"11","36":"11","7W":"11","7M":"11","J2":"11","6V":"11","7H":"11","62":"11","G2":"11","2R":"11","3P":"11","73":"11","4V":"11","8R":"11","9M":"11","85":"11","53":"11","H2":"11","92":"11","45":"11","9W":"11","42":"11","6F":"11","75":"11","C7":"11","G6":"11","2W":"11","FF":"11","CW":"11","H6":"11","5M":"11","5R":"11","3F":"11","F4":"11","C3":"11","6J":"11","5F":"11","C9":"11","6C":"11","47":"11","FC":"11","FG":"11","79":"11","8C":"11","6M":"11","5C":"11","66":"11","63":"11","94":"11","38":"11","2C":"11","G7":"11","4Q":"11","89":"11","C5":"11","4R":"11","39":"11","3R":"11","CQ":"11","3M":"11","8G":"11","98":"11","87":"11","J3":"11","C8":"11","5J":"11","5H":"11","5W":"11","26":"11","4G":"11","7X":"11","9C":"11","4W":"11","9G":"11","2M":"11","5X":"11","64":"11","6Q":"11","5G":"11","8F":"11","6X":"11","2Q":"11","FH":"11","7F":"11","F2":"11","3G":"11","54":"11","4F":"11","93":"11","CM":"11","F3":"11","3H":"11","9J":"11","28":"11","52":"11","G3":"11","83":"11"},"HJ":{"XW":"11","XX":"11"},"JH":{"X8":"11","HJ":"11","V3":"11","QX":"11","W2":"11","QJ":"11","VX":"11","MF":"11","WP":"11","MH":"11","X9":"11","WG":"11","GX":"11","VR":"11","GQ":"11","P8":"11","FW":"11","PQ":"11","WF":"11","Q6":"11","JW":"11","R7":"11","W6":"11","XW":"11","QQ":"11","QF":"11","PF":"11","XP":"11","PR":"11","VM":"11","Q8":"11","PJ":"11","HP":"11","WJ":"11","HW":"11","RW":"11","HM":"11","JG":"11","RV":"11","RF":"11","MR":"11","V9":"11","XV":"11","RQ":"11","X5":"11","V6":"11","MG":"11","QV":"11","JM":"11","PH":"11","WQ":"11","VG":"11","PC":"11","WX":"11","X2":"11","WW":"11","GV":"11","MQ":"11","HX":"11","VJ":"11","QR":"11","R3":"11","JV":"11","JQ":"11","RR":"11","HQ":"11","MM":"11","P9":"11","PV":"11","VP":"11","R8":"11","Q9":"11","VW":"11","QG":"11","PM":"11","W9":"11","V2":"11","VQ":"11","VH":"11","VF":"11","RH":"11","JX":"11","GW":"11","R5":"11","XH":"11","V5":"11","PX":"11","PG":"11","GR":"11","JH":"11","Q7":"11","XG":"11","RM":"11","V4":"11","RC":"11","QM":"11","VC":"11","W7":"11","XJ":"11","FX":"11","PP":"11","QP":"11","V8":"11","RX":"11","XM":"11","Q5":"11","QW":"11","MV":"11","XR":"11","QC":"11","QH":"11","WH":"11","RP":"11","R4":"11","RJ":"11","JP":"11","X6":"11","MP":"11","X3":"11","WM":"11","XF":"11","WR":"11","V7":"11","W8":"11","MJ":"11","XQ":"11","X7":"11","R9":"11","FV":"11","W4":"11","XC":"11","PW":"11","MX":"11","W5":"11","VV":"11","WC":"11","JJ":"11","JR":"11","MW":"11","MC":"11","W3":"11","WV":"11","HR":"11","CX":"11","R6":"11","HV":"11","X4":"11","RG":"11","GP":"11"},"GW":{"QX":"11","VX":"11","MF":"11","MH":"11","VR":"11","H4":"11","PQ":"11","J5":"11","M8":"11","QQ":"11","PR":"11","RW":"11","JG":"11","RV":"11","H7":"11","RQ":"11","MG":"11","QV":"11","JM":"11","J2":"11","WX":"11","WW":"11","H3":"11","QR":"11","J6":"11","JQ":"11","RR":"11","J3":"11","PV":"11","VW":"11","VQ":"11","JF":"11","PX":"11","M7":"11","JH":"11","H2":"11","H6":"11","RX":"11","M9":"11","H5":"11","MV":"11","QW":"11","J4":"11","JP":"11","J7":"11","MJ":"11","JC":"11","H8":"11","PW":"11","MX":"11","VV":"11","JJ":"11","JR":"11","MW":"11","J9":"11","MC":"11","WV":"11","J8":"11"},"HP":{"MW":"11","8Q":"11","P2":"11","8H":"11","J6":"11","P8":"11","HQ":"11","8F":"11","FX":"11","F6":"11","JW":"11","HV":"11","M3":"11","Q4":"11","PP":"11","6X":"11","HJ":"11","9H":"11","M7":"11","H7":"11","HX":"11","Q6":"11","JQ":"11","CG":"11","HG":"11","7W":"11","7X":"11","MM":"11","F7":"11","5W":"11","9R":"11","M9":"11","HM":"11","JV":"11","H4":"11","FM":"11","8W":"11","R4":"11","6V":"11","CC":"11","FH":"11","HW":"11","GV":"11","QH":"11","FJ":"11","9V":"11","8P":"11","FQ":"11","7H":"11","9P":"11","8M":"11","R8":"11","R2":"11","JR":"11","P7":"11","Q7":"11","FF":"11","P3":"11","HH":"11","Q3":"11","J2":"11","Q2":"11","C9":"11","C8":"11","H2":"11","8V":"11","GQ":"11","HP":"11","CM":"11","5V":"11","7R":"11","R9":"11","GG":"11","M5":"11","G8":"11","H3":"11","PH":"11","GX":"11","C7":"11","C6":"11","MV":"11","F5":"11","7Q":"11","CQ":"11","9F":"11","V4":"11","CX":"11","R3":"11","QG":"11","R5":"11","F4":"11","H6":"11","J3":"11","6R":"11","G4":"11","Q9":"11","GJ":"11","9C":"11","V7":"11","4X":"11","J7":"11","V5":"11","G9":"11","99":"11","FP":"11","J5":"11","MH":"11","JP":"11","7M":"11","7V":"11","H8":"11","FV":"11","8G":"11","CF":"11","JH":"11","8X":"11","6P":"11","HR":"11","M8":"11","CP":"11","9W":"11","JF":"11","FW":"11","MG":"11","F8":"11","MJ":"11","8J":"11","9G":"11","GH":"11","JC":"11","8R":"11","R7":"11","7J":"11","QJ":"11","9M":"11","CW":"11","G5":"11","PQ":"11","7P":"11","PG":"11","G3":"11","V6":"11","6W":"11","QC":"11","CV":"11","9J":"11","GF":"11","M2":"11","P9":"11","FR":"11","H5":"11","HF":"11","GR":"11","JG":"11","JJ":"11","CH":"11","G7":"11","H9":"11","GC":"11","JM":"11","PC":"11","PJ":"11","J4":"11","CR":"11","Q8":"11","PF":"11","P4":"11","6Q":"11","MX":"11","HC":"11","QF":"11","F9":"11","MC":"11","MQ":"11","GW":"11","Q5":"11","PM":"11","GP":"11","GM":"11","5R":"11","G6":"11","R6":"11","V3":"11","MF":"11","CJ":"11","M6":"11","V2":"11","5X":"11","9Q":"11","J8":"11","MP":"11","9X":"11","MR":"11","FG":"11","G2":"11","FC":"11","J9":"11","P6":"11","JX":"11","P5":"11","M4":"11","RC":"11"},"GR":{"X8":"11","V3":"11","QX":"11","QJ":"11","W2":"11","Q3":"11","VX":"11","MF":"11","WP":"11","MH":"11","X9":"11","WG":"11","VR":"11","P8":"11","PQ":"11","WF":"11","Q6":"11","R7":"11","W6":"11","XW":"11","QQ":"11","PF":"11","QF":"11","XP":"11","PR":"11","VM":"11","PJ":"11","Q8":"11","WJ":"11","RW":"11","P5":"11","R2":"11","RV":"11","RF":"11","MR":"11","V9":"11","XV":"11","RQ":"11","X5":"11","V6":"11","MG":"11","Q2":"11","QV":"11","PH":"11","WQ":"11","VG":"11","PC":"11","WX":"11","X2":"11","WW":"11","MQ":"11","VJ":"11","QR":"11","R3":"11","RR":"11","P9":"11","MM":"11","PV":"11","VP":"11","R8":"11","Q9":"11","VW":"11","QG":"11","PM":"11","V2":"11","VQ":"11","W9":"11","VH":"11","VF":"11","RH":"11","Q4":"11","R5":"11","XH":"11","V5":"11","PX":"11","P7":"11","PG":"11","Q7":"11","XG":"11","RM":"11","V4":"11","RC":"11","QM":"11","VC":"11","W7":"11","XJ":"11","PP":"11","QP":"11","P6":"11","V8":"11","RX":"11","XM":"11","Q5":"11","QW":"11","MV":"11","XR":"11","QH":"11","QC":"11","RP":"11","WH":"11","R4":"11","RJ":"11","X6":"11","XX":"11","MP":"11","X3":"11","WM":"11","XF":"11","WR":"11","V7":"11","W8":"11","MJ":"11","XQ":"11","X7":"11","R9":"11","W4":"11","XC":"11","PW":"11","MX":"11","VV":"11","W5":"11","WC":"11","MW":"11","MC":"11","W3":"11","WV":"11","R6":"11","X4":"11","RG":"11"},"CQ":{"R8":"11","R9":"11","RC":"11","V2":"11","RF":"11","R7":"11","W3":"11","W4":"11","V8":"11","QF":"11","V7":"11","QC":"11","W2":"11"},"HV":{"2Q":"11","2M":"11","2R":"11","24":"11","2P":"11","22":"11","23":"11"},"JM":{"F5":"11","G3":"11","93":"11","44":"11","62":"11","2M":"11","92":"11","42":"11","25":"11","32":"11","F4":"11","38":"11","G6":"11","C6":"11","36":"11","H7":"11","83":"11","82":"11","55":"11","G4":"11","2H":"11","27":"11","F3":"11","C2":"11","G8":"11","33":"11","H3":"11","3G":"11","F7":"11","F6":"11","35":"11","3F":"11","F2":"11","48":"11","54":"11","G2":"11","C4":"11","43":"11","95":"11","H2":"11","28":"11","H6":"11","52":"11","29":"11","H5":"11","47":"11","94":"11","2C":"11","45":"11","34":"11","3C":"11","22":"11","24":"11","72":"11","26":"11","G7":"11","53":"11","2F":"11","C3":"11","39":"11","H8":"11","2J":"11","H9":"11","C5":"11","G5":"11","2G":"11","37":"11","46":"11","J9":"11","23":"11","3H":"11","J8":"11"},"GX":{"MW":"11","P2":"11","J6":"11","RV":"11","P8":"11","M3":"11","Q4":"11","PP":"11","WQ":"11","XM":"11","M7":"11","RR":"11","Q6":"11","VW":"11","RJ":"11","VX":"11","MM":"11","WP":"11","VR":"11","X4":"11","M9":"11","VC":"11","W9":"11","R4":"11","RH":"11","VJ":"11","QM":"11","QR":"11","QH":"11","QW":"11","WV":"11","QP":"11","R8":"11","W5":"11","R2":"11","P7":"11","XJ":"11","Q7":"11","P3":"11","RF":"11","Q3":"11","RG":"11","XG":"11","Q2":"11","PR":"11","R9":"11","M5":"11","PH":"11","WX":"11","MV":"11","W4":"11","V9":"11","VP":"11","V4":"11","R3":"11","QG":"11","RP":"11","QV":"11","R5":"11","WM":"11","WC":"11","VQ":"11","Q9":"11","RQ":"11","XH":"11","V7":"11","V5":"11","J5":"11","RX":"11","MH":"11","WF":"11","RM":"11","XP":"11","VH":"11","X8":"11","WR":"11","V8":"11","XC":"11","M8":"11","PW":"11","XV":"11","X3":"11","MG":"11","MJ":"11","WW":"11","XQ":"11","R7":"11","QJ":"11","RW":"11","XW":"11","X5":"11","W3":"11","WJ":"11","PQ":"11","PG":"11","V6":"11","QC":"11","M2":"11","P9":"11","VG":"11","X7":"11","W6":"11","PC":"11","PJ":"11","J4":"11","Q8":"11","PF":"11","P4":"11","W8":"11","PX":"11","QF":"11","VV":"11","X6":"11","MC":"11","MQ":"11","W2":"11","W7":"11","XR":"11","Q5":"11","PM":"11","X9":"11","R6":"11","XX":"11","V3":"11","MF":"11","M6":"11","V2":"11","MP":"11","QX":"11","VF":"11","QQ":"11","MR":"11","WG":"11","PV":"11","P6":"11","VM":"11","XF":"11","P5":"11","WH":"11","M4":"11","RC":"11"},"GV":{"X8":"11","HJ":"11","V3":"11","W2":"11","Q3":"11","MF":"11","WP":"11","MH":"11","WG":"11","X9":"11","P8":"11","WF":"11","Q6":"11","JW":"11","P3":"11","J5":"11","R7":"11","M8":"11","W6":"11","QF":"11","XP":"11","Q8":"11","HH":"11","HP":"11","WJ":"11","HW":"11","P5":"11","R2":"11","JG":"11","RF":"11","V9":"11","X5":"11","V6":"11","MG":"11","M3":"11","Q2":"11","JM":"11","J2":"11","VG":"11","M2":"11","PC":"11","X2":"11","M6":"11","HX":"11","VJ":"11","J6":"11","R3":"11","JV":"11","JQ":"11","P2":"11","HQ":"11","P9":"11","J3":"11","R8":"11","Q9":"11","QG":"11","V2":"11","W9":"11","VH":"11","VF":"11","RH":"11","JX":"11","Q4":"11","R5":"11","XH":"11","V5":"11","JF":"11","P7":"11","M7":"11","JH":"11","Q7":"11","XG":"11","V4":"11","RC":"11","VC":"11","W7":"11","XJ":"11","P6":"11","V8":"11","XM":"11","M9":"11","Q5":"11","XR":"11","QC":"11","J4":"11","WH":"11","R4":"11","JP":"11","X6":"11","M4":"11","WM":"11","X3":"11","XF":"11","V7":"11","J7":"11","W8":"11","MJ":"11","XQ":"11","X7":"11","R9":"11","W4":"11","XC":"11","JC":"11","W5":"11","WC":"11","JJ":"11","JR":"11","M5":"11","J9":"11","MC":"11","W3":"11","HR":"11","P4":"11","HV":"11","R6":"11","X4":"11","J8":"11","RG":"11"},"GQ":{"XW":"11","WX":"11","RW":"11","XX":"11","WW":"11","VP":"11","X8":"11","WH":"11","XQ":"11","VQ":"11","XR":"11","VV":"11","WP":"11","QX":"11","XJ":"11","WG":"11","RX":"11","X9":"11","XH":"11","WQ":"11","VW":"11","WM":"11","VR":"11","XV":"11","XG":"11","XP":"11","XM":"11","RV":"11","XC":"11","WV":"11","RR":"11","VX":"11","XF":"11","VM":"11","WJ":"11","WR":"11"},"MH":{"37":"11","44":"11","2P":"11","68":"11","66":"11","6C":"11","54":"11","32":"11","38":"11","2J":"11","67":"11","36":"11","47":"11","2M":"11","52":"11","3P":"11","26":"11","2H":"11","4H":"11","34":"11","58":"11","43":"11","22":"11","25":"11","39":"11","73":"11","2C":"11","23":"11","35":"11","48":"11","28":"11","57":"11","5C":"11","65":"11","59":"11","46":"11","33":"11","2G":"11","64":"11","6F":"11","3G":"11","4G":"11","3M":"11","29":"11","3C":"11","55":"11","63":"11","49":"11","2R":"11","4J":"11","69":"11","42":"11","72":"11","24":"11","45":"11","3J":"11","4C":"11","27":"11","53":"11","2Q":"11","3H":"11","62":"11","5F":"11","2F":"11","4F":"11","56":"11","3F":"11"},"MF":{"X8":"11","HJ":"11","V3":"11","CR":"11","QX":"11","W2":"11","QJ":"11","Q3":"11","MF":"11","WP":"11","MH":"11","CQ":"11","X9":"11","WG":"11","GX":"11","GQ":"11","VR":"11","P8":"11","FW":"11","PQ":"11","CW":"11","WF":"11","Q6":"11","JW":"11","P3":"11","J5":"11","R7":"11","W6":"11","M8":"11","QQ":"11","QF":"11","PF":"11","FR":"11","PR":"11","Q8":"11","PJ":"11","VM":"11","HP":"11","HH":"11","WJ":"11","HW":"11","P5":"11","HM":"11","R2":"11","JG":"11","RV":"11","RF":"11","MR":"11","V9":"11","8W":"11","H7":"11","RQ":"11","GG":"11","V6":"11","X5":"11","MG":"11","M3":"11","Q2":"11","QV":"11","PH":"11","JM":"11","VG":"11","FM":"11","M2":"11","PC":"11","X2":"11","GV":"11","M6":"11","MQ":"11","HX":"11","HC":"11","VJ":"11","QR":"11","J6":"11","R3":"11","JV":"11","JQ":"11","RR":"11","P2":"11","HQ":"11","MM":"11","P9":"11","FP":"11","PV":"11","VP":"11","R8":"11","Q9":"11","CM":"11","QG":"11","PM":"11","9P":"11","8X":"11","W9":"11","V2":"11","VQ":"11","VH":"11","HF":"11","9W":"11","VF":"11","9R":"11","GM":"11","RH":"11","JX":"11","Q4":"11","GW":"11","R5":"11","XH":"11","V5":"11","JF":"11","PX":"11","9X":"11","P7":"11","PG":"11","M7":"11","GR":"11","JH":"11","Q7":"11","XG":"11","RM":"11","V4":"11","RC":"11","QM":"11","VC":"11","CP":"11","W7":"11","XJ":"11","FX":"11","PP":"11","QP":"11","FG":"11","P6":"11","V8":"11","Q5":"11","M9":"11","QW":"11","MV":"11","QH":"11","QC":"11","J4":"11","WH":"11","RP":"11","R4":"11","RJ":"11","JP":"11","X6":"11","M4":"11","FJ":"11","MP":"11","WM":"11","X3":"11","XF":"11","V7":"11","J7":"11","W8":"11","MJ":"11","CJ":"11","X7":"11","R9":"11","FV":"11","CV":"11","GC":"11","W4":"11","FQ":"11","XC":"11","9Q":"11","JC":"11","H8":"11","GF":"11","PW":"11","H9":"11","MX":"11","W5":"11","WC":"11","JJ":"11","JR":"11","M5":"11","9V":"11","MW":"11","J9":"11","MC":"11","GH":"11","W3":"11","8V":"11","FH":"11","HR":"11","P4":"11","GJ":"11","CX":"11","HG":"11","R6":"11","HV":"11","J8":"11","X4":"11","RG":"11","GP":"11"},"JG":{"XW":"11","WX":"11","XX":"11","WW":"11","XQ":"11","XR":"11","VW":"11","XV":"11","XP":"11","XM":"11","WV":"11","VX":"11","WR":"11"},"HM":{"X8":"11","QX":"11","QJ":"11","VX":"11","WP":"11","WG":"11","X9":"11","GX":"11","VR":"11","PQ":"11","WF":"11","JW":"11","R7":"11","W6":"11","QQ":"11","QF":"11","XP":"11","PR":"11","PJ":"11","VM":"11","WJ":"11","HW":"11","RW":"11","RV":"11","MR":"11","RF":"11","V9":"11","RQ":"11","V6":"11","X5":"11","QV":"11","PH":"11","WQ":"11","VG":"11","WX":"11","X2":"11","WW":"11","MQ":"11","HX":"11","VJ":"11","QR":"11","JV":"11","JQ":"11","RR":"11","MM":"11","PV":"11","VP":"11","R8":"11","VW":"11","QG":"11","PM":"11","W9":"11","VH":"11","VQ":"11","VF":"11","RH":"11","JX":"11","V5":"11","XH":"11","PX":"11","PG":"11","XG":"11","RM":"11","RC":"11","QM":"11","VC":"11","W7":"11","XJ":"11","PP":"11","QP":"11","V8":"11","XM":"11","RX":"11","QW":"11","MV":"11","XR":"11","QH":"11","QC":"11","WH":"11","RP":"11","RJ":"11","X6":"11","MP":"11","WM":"11","X3":"11","XF":"11","V7":"11","WR":"11","MJ":"11","W8":"11","XQ":"11","X7":"11","R9":"11","W4":"11","XC":"11","PW":"11","MX":"11","W5":"11","VV":"11","WC":"11","JR":"11","MW":"11","W3":"11","WV":"11","HV":"11","X4":"11","RG":"11"},"PC":{"4X":"11","6V":"11","6W":"11","3X":"11","4R":"11","2P":"11","5W":"11","3W":"11","5X":"11","7W":"11","3V":"11","7V":"11","4W":"11","6X":"11","2X":"11","2V":"11","2W":"11","4V":"11","2R":"11","5V":"11","2Q":"11","3R":"11"},"CP":{"WX":"11","5G":"11","3F":"11","4C":"11","3G":"11","49":"11","4G":"11","5H":"11","39":"11","4H":"11","3C":"11","4F":"11"},"W2":{"Q4":"11"},"MC":{"QW":"11","RX":"11","XR":"11","VW":"11","PV":"11","QV":"11","WP":"11","QR":"11","RP":"11","QQ":"11","RR":"11","WQ":"11","QX":"11","PX":"11","WW":"11","VR":"11","XP":"11","XQ":"11","WR":"11","WV":"11","RQ":"11","VQ":"11","XW":"11","XX":"11","RW":"11","VV":"11","RV":"11","PW":"11","VX":"11","XV":"11","WX":"11","VP":"11"}},"PV":{"4X":{"5C":"11","6F":"11","38":"11","4C":"11","59":"11","27":"11","29":"11","49":"11","28":"11","6G":"11","39":"11","3C":"11","6C":"11"},"3X":{"V4":"11","W9":"11","X8":"11","V6":"11","VC":"11","X9":"11","W8":"11","W4":"11","V8":"11","W6":"11","V9":"11","W7":"11","V5":"11","WC":"11","W5":"11"},"R4":{"2W":"11","2M":"11","2Q":"11","2R":"11","2X":"11","2H":"11","2J":"11","2P":"11","2V":"11","2G":"11"},"Q5":{"WX":"11","WW":"11","WF":"11","X7":"11","X8":"11","WH":"11","WP":"11","WG":"11","X9":"11","XH":"11","X6":"11","WQ":"11","WM":"11","XG":"11","XC":"11","WV":"11","XF":"11","WJ":"11","WR":"11"},"Q8":{"C2":"11","F3":"11","F2":"11","G2":"11"},"Q7":{"HJ":"11","Q3":"11","MF":"11","MH":"11","GX":"11","GQ":"11","P8":"11","FW":"11","P3":"11","M8":"11","FR":"11","HH":"11","HP":"11","P5":"11","HM":"11","JG":"11","MG":"11","Q2":"11","JM":"11","PC":"11","GV":"11","JV":"11","JQ":"11","P9":"11","GM":"11","Q4":"11","GW":"11","JF":"11","P7":"11","M7":"11","GR":"11","JH":"11","FX":"11","P6":"11","M9":"11","JP":"11","FV":"11","FQ":"11","JC":"11","JJ":"11","JR":"11","MC":"11","P4":"11","CX":"11","HV":"11","GP":"11"},"5X":{"7M":"11","5J":"11","4J":"11","6M":"11","5M":"11"},"Q4":{"X7":"11","W8":"11","W2":"11","X6":"11","W6":"11","XH":"11","W9":"11","XF":"11","W3":"11","V2":"11","XG":"11","W5":"11","W4":"11","X9":"11","X5":"11","X8":"11","W7":"11","XC":"11"},"9X":{"QW":"11","RJ":"11","QV":"11","PV":"11","WC":"11","QR":"11","QQ":"11","RP":"11","QX":"11","WF":"11","PX":"11","W9":"11","RH":"11","VG":"11","VF":"11","QM":"11","MW":"11","RG":"11","PR":"11","X9":"11","X8":"11","VH":"11","PW":"11","MX":"11","QP":"11","RM":"11","XC":"11","VC":"11"},"CX":{"XQ":"11","VQ":"11","XR":"11","27":"11","WQ":"11","28":"11","35":"11","XV":"11","37":"11","45":"11","36":"11"},"R5":{"28":"11","24":"11","27":"11","25":"11","22":"11","23":"11","26":"11"},"FX":{"2W":"11","2Q":"11","2R":"11","3W":"11","4W":"11","3X":"11","2V":"11","3V":"11","4X":"11","3R":"11"},"8X":{"2R":"11","3F":"11","38":"11","2F":"11","2W":"11","3W":"11","64":"11","3G":"11","2Q":"11","3P":"11","65":"11","55":"11","73":"11","3R":"11","2X":"11","29":"11","3Q":"11","28":"11","46":"11","54":"11","75":"11","74":"11","3H":"11","3J":"11","2V":"11","72":"11","37":"11","45":"11","3V":"11","36":"11","39":"11","3M":"11","2C":"11","3C":"11"},"Q6":{"RW":"11","V3":"11","V4":"11","RM":"11","VF":"11","V2":"11","V6":"11","RP":"11","VJ":"11","QX":"11","VC":"11","VG":"11","W3":"11","RJ":"11","W4":"11","QW":"11","V8":"11","V9":"11","QV":"11","RQ":"11","V5":"11","VH":"11","RV":"11","V7":"11","RR":"11","VM":"11","W2":"11"},"R2":{"48":"11","2W":"11","4C":"11","3W":"11","33":"11","42":"11","32":"11","3P":"11","55":"11","4P":"11","3R":"11","2X":"11","49":"11","3Q":"11","46":"11","54":"11","4G":"11","43":"11","2V":"11","57":"11","47":"11","45":"11","3V":"11","44":"11","56":"11","4H":"11","58":"11","4M":"11","4J":"11","4F":"11"},"JJ":{"R8":"11","R9":"11","RC":"11","V6":"11","RF":"11","R7":"11","W3":"11","W4":"11","X2":"11","V8":"11","W6":"11","Q9":"11","V5":"11","X3":"11","V7":"11","QC":"11","W5":"11","PC":"11","W2":"11"},"MG":{"6X":"11"},"Q3":{"VX":"11","WP":"11","WG":"11","X9":"11","VR":"11","WF":"11","W6":"11","XP":"11","VM":"11","WJ":"11","X5":"11","WQ":"11","WX":"11","X2":"11","VJ":"11","VP":"11","VW":"11","VQ":"11","W9":"11","XH":"11","XG":"11","W7":"11","XJ":"11","XM":"11","WH":"11","X6":"11","WM":"11","X3":"11","XF":"11","W8":"11","XQ":"11","XC":"11","VV":"11","W5":"11","WC":"11","X4":"11"},"R3":{"2M":"11","2J":"11","22":"11","23":"11"},"JH":{"XW":"11","XX":"11","XV":"11"},"PJ":{"2H":"11","2J":"11"},"27":{"2H":"11","2J":"11"},"8W":{"8W":"11","9P":"11","8V":"11","7W":"11","7X":"11","8R":"11","8Q":"11","8P":"11"},"MJ":{"Q5":"11","RC":"11","RF":"11","M5":"11","P2":"11","WC":"11","P3":"11","R8":"11","Q8":"11","Q7":"11","Q4":"11","J4":"11","P8":"11","WH":"11","WF":"11","XH":"11","Q2":"11","VF":"11","VG":"11","M4":"11","R6":"11","V8":"11","P5":"11","G5":"11","M2":"11","G4":"11","XG":"11","Q6":"11","J3":"11","Q3":"11","P7":"11","H4":"11","P4":"11","WG":"11","V9":"11","H5":"11","Q9":"11","R7":"11","R9":"11","V7":"11","J6":"11","H6":"11","M3":"11","J5":"11","VC":"11"},"MH":{"2R":"11","CR":"11","85":"11","QX":"11","93":"11","97":"11","CQ":"11","8R":"11","62":"11","GQ":"11","PQ":"11","64":"11","CW":"11","2M":"11","2P":"11","JW":"11","92":"11","FR":"11","PR":"11","87":"11","2X":"11","56":"11","HW":"11","MR":"11","83":"11","82":"11","55":"11","49":"11","QV":"11","GV":"11","MQ":"11","75":"11","QR":"11","3G":"11","88":"11","JV":"11","3F":"11","FP":"11","PV":"11","9M":"11","3J":"11","CM":"11","9P":"11","4F":"11","2Q":"11","98":"11","48":"11","54":"11","9W":"11","9R":"11","3M":"11","96":"11","PX":"11","GR":"11","95":"11","CP":"11","52":"11","57":"11","QW":"11","MV":"11","65":"11","47":"11","94":"11","2V":"11","3P":"11","45":"11","3C":"11","FV":"11","72":"11","CV":"11","53":"11","8Q":"11","FQ":"11","9Q":"11","39":"11","PW":"11","MX":"11","74":"11","JR":"11","46":"11","MW":"11","9V":"11","76":"11","84":"11","8V":"11","HR":"11","8P":"11","2W":"11","3H":"11","HV":"11","3Q":"11","4C":"11","GP":"11"}},"PW":{"6W":{"64":"11"},"66":{"3X":"11","4X":"11"},"54":{"9W":"11","CW":"11","4J":"11","CV":"11","9V":"11"},"32":{"H8":"11","G9":"11","H9":"11"},"67":{"2R":"11","42":"11","2Q":"11","3P":"11","3R":"11","2M":"11","46":"11","43":"11","45":"11","44":"11","3M":"11","2J":"11"},"5Q":{"2W":"11","2X":"11","3W":"11"},"82":{"28":"11","24":"11","27":"11","2C":"11","29":"11","22":"11","23":"11"},"7V":{"2H":"11","2J":"11","2G":"11"},"4W":{"F8":"11","G8":"11","FG":"11","FH":"11","FF":"11","F6":"11","J2":"11","J4":"11","G5":"11","G4":"11","J3":"11","FC":"11","G7":"11","H4":"11","H5":"11","F9":"11","H3":"11","F7":"11","G6":"11"},"43":{"CF":"11","8G":"11","CC":"11","8H":"11","C9":"11"},"23":{"QH":"11","QJ":"11"},"48":{"MH":"11","GR":"11","GP":"11","JJ":"11","PM":"11","GM":"11","FQ":"11","QJ":"11","QM":"11","GQ":"11","JH":"11","PP":"11","QP":"11","PJ":"11","MJ":"11","FP":"11"},"57":{"X5":"11","83":"11","XJ":"11","X7":"11","73":"11","X6":"11","72":"11","W5":"11","W4":"11"},"65":{"GP":"11","P2":"11","GM":"11","Q2":"11"},"33":{"V4":"11","V5":"11"},"9C":{"HX":"11","GW":"11","FX":"11","GX":"11"},"64":{"QW":"11","PQ":"11","V8":"11","V9":"11","PM":"11","QX":"11","W9":"11","QV":"11","PR":"11","QR":"11","PP":"11","W8":"11","MM":"11","MJ":"11"},"9F":{"F5":"11","G3":"11","F4":"11","H2":"11","G2":"11"},"92":{"9C":"11","Q3":"11","97":"11","CH":"11","Q6":"11","P3":"11","J5":"11","87":"11","CF":"11","P5":"11","H7":"11","M3":"11","Q2":"11","CG":"11","M2":"11","M6":"11","G8":"11","HC":"11","J6":"11","88":"11","P2":"11","98":"11","HF":"11","Q4":"11","F9":"11","M7":"11","H6":"11","FG":"11","Q5":"11","H5":"11","J4":"11","M4":"11","C8":"11","9F":"11","CC":"11","F8":"11","J7":"11","GC":"11","FF":"11","C9":"11","99":"11","H8":"11","GF":"11","H9":"11","M5":"11","76":"11","FH":"11","P4":"11","77":"11","FC":"11","J8":"11","G9":"11"},"4V":{"MX":"11","QW":"11","JX":"11","RX":"11","MV":"11","QX":"11","MW":"11","PW":"11","JW":"11"},"72":{"X5":"11","X7":"11","X6":"11","X8":"11","X4":"11","X3":"11"},"45":{"HQ":"11","HR":"11","HV":"11","JQ":"11","MP":"11"},"F2":{"42":"11","54":"11","52":"11","43":"11","53":"11"},"56":{"44":"11","6V":"11","6W":"11","66":"11","47":"11","5Q":"11","4H":"11","HJ":"11","5P":"11","6X":"11","48":"11","5M":"11","65":"11","46":"11","5R":"11","JJ":"11","4M":"11","4G":"11","55":"11","49":"11","7X":"11","4J":"11","45":"11","4C":"11","HH":"11","4F":"11","56":"11"}},"QQ":{"FX":{"9C":"11","93":"11","97":"11","7Q":"11","C7":"11","5W":"11","7C":"11","8G":"11","6W":"11","F4":"11","87":"11","5V":"11","7G":"11","7R":"11","6M":"11","C6":"11","7F":"11","7P":"11","6P":"11","8H":"11","86":"11","F3":"11","5Q":"11","C2":"11","6V":"11","88":"11","F2":"11","89":"11","8C":"11","98":"11","8J":"11","96":"11","6X":"11","C4":"11","6R":"11","95":"11","8F":"11","6J":"11","7J":"11","7M":"11","94":"11","9F":"11","5R":"11","C3":"11","99":"11","6Q":"11","C5":"11","7H":"11","6H":"11","79":"11"},"FW":{"HJ":"11","GQ":"11","CW":"11","FW":"11","P3":"11","J5":"11","M8":"11","FR":"11","HH":"11","HP":"11","HM":"11","JG":"11","GG":"11","M3":"11","M2":"11","GV":"11","M6":"11","HC":"11","J6":"11","P2":"11","HQ":"11","FP":"11","HF":"11","GM":"11","GW":"11","JF":"11","M7":"11","GR":"11","FX":"11","J4":"11","M4":"11","J7":"11","FV":"11","CV":"11","FQ":"11","JC":"11","H8":"11","H9":"11","M5":"11","J9":"11","GH":"11","P4":"11","GJ":"11","CX":"11","HG":"11","J8":"11","GP":"11"},"FV":{"QW":"11","V4":"11","RJ":"11","QV":"11","PV":"11","RC":"11","V5":"11","RF":"11","QR":"11","R8":"11","QQ":"11","W2":"11","QH":"11","PX":"11","RH":"11","VF":"11","W3":"11","R6":"11","V8":"11","QM":"11","MW":"11","V2":"11","RG":"11","PQ":"11","PR":"11","W5":"11","W4":"11","QF":"11","QG":"11","PP":"11","V9":"11","PW":"11","MX":"11","QP":"11","R7":"11","V6":"11","R9":"11","V7":"11","V3":"11","RM":"11","QJ":"11","VC":"11"},"FR":{"VX":"11","VW":"11","WW":"11","WX":"11"}},"Q4":{"V6":{"RC":"11"},"HQ":{"7M":"11"},"Q3":{"GH":"11"}},"QR":{"C8":{"M7":"11","P6":"11","J7":"11","W8":"11","WC":"11","R8":"11","Q8":"11","Q7":"11","P8":"11","XH":"11","W9":"11","M6":"11","XF":"11","V8":"11","G4":"11","XG":"11","G3":"11","X9":"11","P7":"11","H4":"11","V9":"11","H5":"11","H3":"11","R7":"11","V7":"11","J6":"11","H6":"11","G2":"11","XC":"11","J5":"11"},"VJ":{"34":"11","37":"11","35":"11","33":"11","36":"11","42":"11","32":"11"},"GJ":{"2J":"11","2M":"11","26":"11","4H":"11","2H":"11","22":"11","25":"11","39":"11","23":"11","48":"11","2G":"11","3G":"11","4G":"11","3C":"11","49":"11","24":"11","3J":"11","4C":"11","3H":"11","2F":"11","4F":"11","3F":"11"},"C2":{"X8":"11","WP":"11","WG":"11","X9":"11","VR":"11","WF":"11","QQ":"11","PR":"11","VM":"11","WJ":"11","RV":"11","RQ":"11","QV":"11","WQ":"11","VG":"11","VJ":"11","QR":"11","RR":"11","PV":"11","VP":"11","VH":"11","VQ":"11","W9":"11","VF":"11","XH":"11","XG":"11","RM":"11","XJ":"11","QP":"11","XM":"11","WH":"11","RP":"11","RJ":"11","WM":"11","XF":"11","WR":"11","X7":"11","XC":"11","VV":"11","WC":"11"},"FH":{"R4":"11","V5":"11","WP":"11","WQ":"11","WH":"11","WF":"11","WW":"11","VR":"11","Q2":"11","VG":"11","VF":"11","WM":"11","V8":"11","R5":"11","WR":"11","WV":"11","R2":"11","Q3":"11","R3":"11","WG":"11","V9":"11","VH":"11","VJ":"11","V6":"11","WJ":"11","V7":"11","WX":"11","VM":"11","VC":"11"},"VG":{"CC":"11","6W":"11","8F":"11","6V":"11","9F":"11","8J":"11","9C":"11","6R":"11","7M":"11","5W":"11","8H":"11","7Q":"11","6Q":"11","8G":"11","7H":"11","7P":"11","9G":"11","6X":"11","7J":"11","6P":"11","5X":"11"},"FF":{"HX":"11","GH":"11","JX":"11","GP":"11","HQ":"11","F9":"11","F5":"11","HW":"11","GJ":"11","F7":"11","F4":"11","GM":"11","HR":"11","GG":"11","FC":"11","G9":"11","GF":"11","F3":"11","FF":"11","HV":"11","F8":"11","HM":"11","GC":"11","F2":"11","F6":"11","HP":"11"},"FM":{"R5":"11","QH":"11","R8":"11","R9":"11","QJ":"11","RC":"11","RG":"11","R6":"11","RF":"11","R7":"11","R2":"11","QM":"11","QF":"11","Q9":"11","R3":"11","QC":"11","QG":"11","RH":"11","R4":"11"},"F8":{"2R":"11","8W":"11","3W":"11","2Q":"11","2P":"11","7X":"11","3R":"11","2M":"11","3X":"11","7W":"11","2V":"11","6X":"11","3V":"11","8X":"11","2H":"11","5X":"11","2J":"11","4X":"11"},"FC":{"FR":"11","9G":"11","CM":"11","96":"11","FV":"11","99":"11","93":"11","FW":"11","CH":"11","87":"11","FM":"11","86":"11","C6":"11","C8":"11","FX":"11","9C":"11","88":"11","9F":"11","8C":"11","FP":"11","89":"11","92":"11","FQ":"11","CF":"11","98":"11","FJ":"11","CJ":"11","97":"11","94":"11","95":"11","CG":"11"},"F9":{"9G":"11","9M":"11","FG":"11","CM":"11","C9":"11","96":"11","83":"11","FH":"11","9V":"11","FF":"11","32":"11","99":"11","75":"11","93":"11","CH":"11","52":"11","82":"11","77":"11","CR":"11","CC":"11","9J":"11","CP":"11","43":"11","9X":"11","87":"11","C5":"11","74":"11","73":"11","86":"11","C8":"11","C6":"11","33":"11","9C":"11","C7":"11","88":"11","64":"11","9F":"11","76":"11","CQ":"11","9Q":"11","8C":"11","9P":"11","89":"11","FC":"11","9R":"11","9W":"11","9H":"11","CF":"11","63":"11","98":"11","F9":"11","42":"11","FJ":"11","72":"11","85":"11","CJ":"11","97":"11","84":"11","53":"11","94":"11","95":"11","62":"11","CG":"11"},"C7":{"FX":"11","FW":"11","CV":"11","GX":"11","FV":"11","CR":"11"},"GH":{"2W":"11","2X":"11","4P":"11","3W":"11","4M":"11","3X":"11","3V":"11","3Q":"11","4Q":"11","3R":"11"},"VH":{"4X":"11","5H":"11","5J":"11","4R":"11","54":"11","47":"11","52":"11","5Q":"11","4H":"11","4W":"11","58":"11","5P":"11","48":"11","5M":"11","46":"11","5R":"11","4G":"11","4V":"11","55":"11","49":"11","45":"11","5V":"11","4C":"11","53":"11","4F":"11","56":"11"},"F2":{"38":"11","2F":"11","2G":"11","27":"11","29":"11","28":"11","46":"11","26":"11","43":"11","35":"11","37":"11","25":"11","45":"11","44":"11","36":"11","2C":"11","34":"11"},"FG":{"J8":"11","MP":"11","PV":"11","MM":"11","J7":"11","JF":"11","J9":"11","QX":"11","J2":"11","J4":"11","PX":"11","PR":"11","JM":"11","J3":"11","JJ":"11","JG":"11","MV":"11","JH":"11","PW":"11","JC":"11","MQ":"11","J6":"11","MJ":"11","MR":"11","MH":"11","J5":"11"},"FJ":{"X8":"11","V3":"11","W2":"11","WP":"11","X9":"11","VR":"11","WF":"11","W6":"11","VM":"11","WJ":"11","RW":"11","RV":"11","RQ":"11","V6":"11","X5":"11","VJ":"11","RR":"11","VP":"11","VW":"11","VQ":"11","V2":"11","W9":"11","XH":"11","V5":"11","XG":"11","V4":"11","W7":"11","XJ":"11","XM":"11","RX":"11","X6":"11","WM":"11","XF":"11","W8":"11","X7":"11","W4":"11","XC":"11","VV":"11","W5":"11","WC":"11","W3":"11","X4":"11"}},"MW":{"VJ":{"9G":"11","9H":"11","8F":"11","FM":"11","8G":"11","CM":"11","FQ":"11","CH":"11","9J":"11","CJ":"11","CP":"11","7F":"11","FP":"11"},"VQ":{"GJ":"11"}},"QW":{"C5":{"84":"11","83":"11","73":"11","72":"11"},"C4":{"7R":"11","87":"11","88":"11","7G":"11","97":"11","7C":"11","7X":"11","7M":"11","7Q":"11","7W":"11","7H":"11","7V":"11","7P":"11","7F":"11","89":"11","7J":"11","79":"11","8C":"11"}},"QV":{"R9":{"V8":"11","V7":"11","W7":"11","W8":"11"},"XJ":{"C6":"11","F5":"11","F7":"11","G6":"11","H5":"11","G5":"11","F6":"11"},"XH":{"G3":"11","G2":"11"},"V9":{"5Q":"11","8R":"11","9Q":"11","3Q":"11","7Q":"11","9R":"11","6Q":"11","8Q":"11","4Q":"11"},"J5":{"6J":"11","6P":"11","6M":"11"},"47":{"FH":"11","FJ":"11"},"J6":{"MJ":"11","8J":"11","HG":"11","8M":"11","JJ":"11","HJ":"11","GJ":"11","JH":"11","FH":"11","7M":"11","JM":"11","9M":"11","MM":"11","8P":"11","CJ":"11","GH":"11","MH":"11","7J":"11","JG":"11","HH":"11","CH":"11","FJ":"11","9J":"11"},"45":{"VW":"11","WP":"11","VP":"11","VV":"11","VR":"11","WR":"11","RV":"11","VM":"11"},"X4":{"QW":"11","MV":"11","QX":"11","PV":"11","QV":"11","PW":"11","MR":"11"}},"MV":{"X7":{"XJ":"11","XH":"11"},"VH":{"J2":"3","J3":"3","H2":"3"},"R7":{"6Q":"11","5R":"11","4R":"11","6R":"11","5V":"11","5Q":"11"},"VG":{"HX":"3","JX":"3"},"WX":{"CV":"11"}},"RV":{"7R":{"2W":"11","2X":"11","3W":"11","3X":"11"},"C3":{"XC":"11","WC":"11","V8":"11","Q6":"11","V7":"11","P2":"11","Q4":"11","P3":"11","V9":"11","R7":"11","R6":"11","XF":"11","W9":"11","R8":"11","Q3":"11","Q5":"11","WF":"11","P4":"11"},"62":{"5H":"11","5J":"11","GF":"11","7G":"11","MP":"11","2P":"11","MM":"11","FF":"11","3P":"11","HG":"11","PX":"11","MW":"11","5M":"11","9F":"11","6H":"11","JJ":"11","4M":"11","HF":"11","MV":"11","JG":"11","8G":"11","6J":"11","JH":"11","3M":"11","7H":"11","CF":"11","6G":"11","MX":"11","4J":"11","8F":"11","4P":"11","MQ":"11","2Q":"11","MJ":"11","MR":"11"},"2G":{"J8":"11","XR":"11","M8":"11","GF":"11","GC":"11","FG":"11","JF":"11","GH":"11","CM":"11","9V":"11","FF":"11","RP":"11","J9":"11","CH":"11","MF":"11","HG":"11","CR":"11","CC":"11","HJ":"11","GM":"11","CP":"11","9X":"11","VR":"11","PF":"11","QM":"11","WR":"11","P9":"11","PC":"11","CQ":"11","9Q":"11","RQ":"11","VQ":"11","GG":"11","GJ":"11","HF":"11","JG":"11","FC":"11","G9":"11","JH":"11","9R":"11","HC":"11","9W":"11","H9":"11","CF":"11","H8":"11","M9":"11","QP":"11","CJ":"11","JC":"11","HH":"11","RM":"11","MC":"11","CG":"11"},"64":{"R5":"11","WF":"11","R8":"11","R9":"11","RC":"11","WH":"11","RG":"11","R6":"11","Q7":"11","V2":"11","RF":"11","R7":"11","WG":"11","VG":"11","R2":"11","Q8":"11","Q9":"11","R3":"11","VH":"11","QC":"11","R4":"11"},"C2":{"MX":"11","MQ":"11","MV":"11","PX":"11","MW":"11","PW":"11","MR":"11"},"29":{"68":"11","66":"11","65":"11","67":"11"},"92":{"P2":"11","J3":"11","H5":"11","H4":"11","J6":"11","J4":"11","H2":"11","J5":"11","H3":"11","G2":"11"},"7Q":{"6F":"11","5Q":"11","78":"11","88":"11","6J":"11","7G":"11","6H":"11","7C":"11","97":"11","6Q":"11","7F":"11","5R":"11","69":"11","C7":"11","89":"11","6G":"11","5P":"11","6M":"11","79":"11","6P":"11","98":"11"},"7W":{"Q4":"11","J3":"11","P5":"11","J4":"11","Q5":"11","P4":"11"},"26":{"35":"11","36":"11","46":"11","27":"11","25":"11","26":"11"},"63":{"RX":"11","VW":"11","RJ":"11","P6":"11","P2":"11","P3":"11","Q8":"11","RP":"11","Q7":"11","RR":"11","QH":"11","QC":"11","RH":"11","P5":"11","M2":"11","Q6":"11","RQ":"11","QF":"11","QG":"11","P4":"11","RW":"11","RV":"11","VV":"11","Q9":"11","RM":"11"},"F3":{"3C":"11","2C":"11","2F":"11","3F":"11"},"7V":{"24":"11","25":"11","22":"11","23":"11"},"35":{"5C":"11","6F":"11","3F":"11","2F":"11","48":"11","5F":"11","29":"11","49":"11","28":"11","69":"11","68":"11","39":"11","2C":"11","79":"11","58":"11","4F":"11","6C":"11"},"25":{"XC":"11","WC":"11","X9":"11","XF":"11","W9":"11","X8":"11","WF":"11"},"CG":{"G9":"11","HR":"11","HX":"11","GC":"11","GJ":"11","G8":"11","GW":"11","GR":"11","GP":"11","HV":"11","GF":"11","G6":"11","GX":"11","GV":"11","GM":"11","GH":"11","GQ":"11","G5":"11","HW":"11","G7":"11","GG":"11"},"84":{"MG":"11","JC":"11","HC":"11","H9":"11","JG":"11","JF":"11"},"CH":{"J3":"11","H4":"11","J4":"11","H2":"11","H3":"11","G2":"11"}},"RR":{"9X":{"MW":"11","8Q":"11","8H":"11","HQ":"11","JW":"11","HV":"11","PP":"11","6G":"11","HX":"11","4G":"11","JQ":"11","RJ":"11","MM":"11","47":"11","HM":"11","JV":"11","FM":"11","RH":"11","HW":"11","QM":"11","GV":"11","QR":"11","QH":"11","FJ":"11","8P":"11","QW":"11","FQ":"11","7H":"11","QP":"11","9P":"11","7G":"11","8M":"11","JR":"11","RF":"11","RG":"11","GQ":"11","HP":"11","CM":"11","PR":"11","6F":"11","6M":"11","PH":"11","GX":"11","MV":"11","7Q":"11","5J":"11","CQ":"11","QG":"11","RP":"11","QV":"11","FP":"11","5G":"11","JP":"11","7M":"11","RM":"11","FV":"11","6P":"11","6C":"11","HR":"11","CP":"11","PW":"11","FW":"11","MJ":"11","8J":"11","5C":"11","4F":"11","7J":"11","QJ":"11","9M":"11","PQ":"11","7P":"11","QC":"11","9J":"11","FR":"11","6J":"11","49":"11","GR":"11","JJ":"11","JM":"11","PJ":"11","MX":"11","PX":"11","QF":"11","4C":"11","59":"11","48":"11","MQ":"11","GW":"11","PM":"11","GP":"11","GM":"11","CJ":"11","5H":"11","QX":"11","MP":"11","QQ":"11","MR":"11","PV":"11","6H":"11","RC":"11","5F":"11"},"37":{"5Q":"11","5V":"11","5W":"11","6Q":"11","5R":"11","6P":"11","5X":"11"},"4C":{"FG":"11","C9":"11","FH":"11","CH":"11","JW":"11","CC":"11","GM":"11","FM":"11","HP":"11","JV":"11","HR":"11","CF":"11","JX":"11","HQ":"11","MX":"11","FJ":"11","GP":"11","CG":"11","JR":"11"},"25":{"VW":"11","VV":"11","VR":"11","QQ":"11","RV":"11","QR":"11","RR":"11","WW":"11"},"38":{"57":"11","69":"11","68":"11","66":"11","56":"11","54":"11","55":"11","52":"11","58":"11","53":"11","67":"11"},"4F":{"J9":"11","M2":"11","M5":"11","M4":"11","J5":"11","J2":"11","M3":"11","J6":"11","J8":"11","J7":"11","J4":"11"}}},"index":{"university,1|retail,2|tourism,3|wreck,4|historical,5|artsCulture,6|namedBuilding,7|water,8|wetland,9|park,10|beach,11|natureReserve,12|cemetery,13|trail,14":{}}}