{"index":{"university,1|retail,2|tourism,3|wreck,4|historical,5|artsCulture,6|namedBuilding,7|water,8|wetland,9|park,10|beach,11|natureReserve,12|cemetery,13|trail,14":{}},"9J":{"8Q":{"96":{"Q9":"11","P3":"11","Q8":"11","QM":"11","Q7":"11","Q3":"11"},"95":{"MQ":"11","MP":"11","MR":"11"},"98":{"FM":"11","GJ":"11","FJ":"11","GF":"11","FP":"11"},"97":{"87":"11","9F":"11","97":"11","M4":"11","M6":"11","F8":"11","86":"11"}},"95":{"2M":{"3Q":"11","3R":"11"},"2R":{"VP":"11","VM":"11"},"2V":{"WC":"11","WG":"11","WH":"11","WF":"11"},"2P":{"QF":"11","RF":"11","RG":"11","RH":"11","QH":"11","QJ":"11","QG":"11"}},"56":{"66":{"83":"11","C6":"11","68":"11","C5":"11","79":"11","82":"11","67":"11"}},"8H":{"2H":{"C4":"11"}},"HQ":{"65":{"PQ":"11","QQ":"11","QM":"11","PP":"11","QP":"11"}},"8F":{"3C":{"VP":"11"},"2C":{"GX":"11"},"2F":{"H8":"11","G8":"11","G2":"11","PM":"3","QM":"3","F3":"11","G4":"11","J6":"3","G3":"11","F2":"11","J8":"3","J7":"3","F4":"11"},"4F":{"28":"11"}},"F6":{"RQ":{"GP":"11"}},"HJ":{"5F":{"WV":"7"},"5X":{"F5":"3","F7":"3","G6":"3","G5":"3","F8":"3","F6":"3","G7":"3"},"6W":{"RC":"11"}},"9H":{"P5":{"5C":"11","6F":"11","2F":"11","4C":"11","59":"11","2G":"11","2P":"11","49":"11","2M":"11","7F":"11","39":"11","2C":"11","2H":"11","3C":"11","2J":"11","6C":"11"}},"RR":{"3J":{"XW":"11","P2":"11","C4":"11","C3":"11","C5":"11","P4":"11","XQ":"11","XR":"11","C2":"11","93":"11","96":"11","XV":"11","XP":"11","P3":"11","C6":"11","95":"11","F6":"11","94":"11"},"4J":{"44":"11","68":"11","6C":"11","32":"11","47":"11","26":"11","34":"11","58":"11","43":"11","25":"11","23":"11","35":"11","48":"11","57":"11","5C":"11","59":"11","46":"11","33":"11","2X":"11","64":"11","2V":"11","2W":"11","63":"11","55":"11","49":"11","2R":"11","42":"11","24":"11","45":"11","4C":"11","27":"11","2Q":"11","62":"11","5F":"11","56":"11","4F":"11"},"4P":{"5H":"11","5J":"11","4R":"11","78":"11","7C":"11","96":"11","83":"11","75":"11","5G":"11","38":"11","3P":"11","77":"11","4H":"11","3V":"11","87":"11","39":"11","74":"11","73":"11","48":"11","86":"11","28":"11","C6":"11","5M":"11","5C":"11","7F":"11","88":"11","4Q":"11","76":"11","6H":"11","4M":"11","89":"11","6F":"11","4G":"11","3Q":"11","29":"11","3C":"11","6G":"11","4J":"11","85":"11","4P":"11","4C":"11","84":"11","94":"11","95":"11","79":"11","3R":"11","5F":"11","4F":"11"},"3H":{"9W":"11","9X":"11","8J":"11","9H":"11","CX":"11","CW":"11","CV":"11","MV":"11","9J":"11","PX":"11","8H":"11","MR":"11"},"4R":{"34":"11","44":"11","33":"11","24":"11","42":"11","43":"11","22":"11","32":"11","23":"11"},"4M":{"44":"11","5H":"11","5J":"11","2P":"11","66":"11","54":"11","5G":"11","2J":"11","67":"11","36":"11","2M":"11","3P":"11","4H":"11","2H":"11","34":"11","58":"11","22":"11","43":"11","25":"11","2C":"11","23":"11","35":"11","57":"11","5M":"11","65":"11","5C":"11","59":"11","64":"11","4M":"11","3G":"11","3M":"11","29":"11","55":"11","2R":"11","4J":"11","24":"11","45":"11","3J":"11","53":"11","3H":"11","2Q":"11","5F":"11","2F":"11","56":"11","3F":"11"},"4H":{"7R":"11","6W":"11","6V":"11","6J":"11","6H":"11","6R":"11","5J":"11","7Q":"11","6Q":"11","7V":"11","7P":"11","6X":"11","5H":"11","6M":"11","6P":"11"},"4C":{"2X":"11","3W":"11","3X":"11","3V":"11","4X":"11"},"3M":{"X8":"11","VX":"11","CQ":"11","X9":"11","XW":"11","FR":"11","XP":"11","XV":"11","V6":"11","X5":"11","GG":"11","WX":"11","WW":"11","GV":"11","FP":"11","CM":"11","W9":"11","HF":"11","V5":"11","V4":"11","CP":"11","W7":"11","V8":"11","XR":"11","X3":"11","V7":"11","W8":"11","XQ":"11","FV":"11","GC":"11","FQ":"11","W4":"11","XC":"11","GF":"11","W5":"11","WC":"11","W3":"11","WV":"11","X4":"11"},"4F":{"33":"11","42":"11","43":"11","22":"11","32":"11","23":"11"},"4Q":{"4W":"11","3X":"11","4X":"11"},"3P":{"V3":"11","V4":"11","X7":"11","X8":"11","V2":"11","V6":"11","X9":"11","X6":"11","W3":"11","W8":"11","W4":"11","W6":"11","W7":"11","V5":"11","V7":"11","W5":"11","W2":"11"},"3R":{"X3":"11"}},"4G":{"XC":{"7M":"11","C8":"11","C9":"11"}},"98":{"5H":{"6W":"11","66":"11","6V":"11","5V":"11","64":"11","65":"11","73":"11","6R":"11","7X":"11","54":"11","75":"11","7W":"11","74":"11","76":"11","63":"11","5R":"11","85":"11","84":"11"},"47":{"7G":"11","6H":"11","3H":"11","6G":"11","7J":"11","4H":"11","7H":"11","3G":"11","4G":"11"},"44":{"63":"3","64":"3","54":"3","55":"3","62":"3","52":"3","65":"3","53":"3"},"M6":{"RM":"11","VJ":"11","RP":"11","XJ":"11","XH":"11","WM":"11","VM":"11","WJ":"11"},"98":{"HH":"11","HJ":"11"},"P6":{"3F":"11","48":"11","2F":"11","4C":"11","2G":"11","3G":"11","49":"11","46":"11","43":"11","47":"11","45":"11","44":"11","39":"11","2H":"11","3C":"11"}},"MM":{"HW":{"VV":"11","RP":"11","VR":"11","RM":"11","RQ":"11","XX":"11","WV":"11","QM":"11","VQ":"11","WW":"11","WX":"11","RJ":"11"}},"79":{"6X":{"P2":"11","HR":"11","JQ":"11","JR":"11","MQ":"11","GW":"11","FW":"11","MR":"11","HV":"11","GX":"11","GV":"11","JV":"11","HW":"11","CX":"11","FX":"11"},"6W":{"5J":"11","5H":"11","6J":"11","6H":"11","PX":"11"}},"5W":{"9W":{"9P":"11","9M":"11","9Q":"11","8P":"11"},"P2":{"W5":"11","W6":"11"}},"HM":{"88":{"C3":"11","C4":"11"},"77":{"6J":"11"},"65":{"XW":"11","XX":"11","XV":"11"},"VV":{"MX":"11"},"VW":{"P2":"11","M3":"11","P3":"11","M2":"11"},"75":{"2W":"11","2X":"11","2V":"11"},"76":{"99":"11","88":"11","8C":"11","78":"11|7","79":"11","89":"11","7C":"11","98":"11","7F":"11"},"89":{"9X":"11","HJ":"11"},"45":{"VP":"11","RP":"11","VR":"11","RM":"11","RQ":"11","VM":"11","RR":"11","VQ":"11"},"79":{"63":"11","64":"11","73":"11","74":"11"},"6C":{"J7":"11","J8":"11","JC":"11","J9":"11","M7":"11","M8":"11"},"53":{"J3":"11"}},"JV":{"49":{"RH":"11","VH":"11","VJ":"11","RJ":"11"}},"H4":{"8M":{"H4":"3","H6":"3","J5":"3","G4":"3","H3":"3","J6":"3","G5":"3","G3":"3","H5":"3"},"8X":{"7Q":"11","8M":"11","7M":"11","7P":"11","8J":"11","9H":"11","9M":"11","7J":"11","9J":"11","7R":"11","8Q":"11","CJ":"11","8P":"11"}},"C3":{"FX":{"MX":"11","CM":"11","CP":"11"},"FW":{"9G":"11","9F":"11"},"2M":{"6M":"11"},"CM":{"QF":"11","RG":"11","QC":"11","QG":"11"},"QQ":{"57":"11","5C":"11","49":"11","4C":"11","59":"11","58":"11"},"Q8":{"RX":"11","RV":"11","RW":"11"},"Q7":{"X5":"11","X7":"11","X6":"11","X4":"11"},"FV":{"99":"11","9G":"11","9H":"11","9J":"11","9C":"11","9F":"11"},"QP":{"48":"11","37":"11","47":"11","36":"11","46":"11"}},"2P":{"6V":{"FP":"11","8M":"11","HP":"11","7M":"11","GP":"11","9P":"11","JM":"11","8P":"11","HM":"11","CP":"11"}},"CC":{"88":{"PQ":"11","PM":"11","PP":"11","MP":"11"},"77":{"88":"3","89":"3"},"CF":{"77":"11","66":"11","76":"11","75":"11","65":"11","67":"11"},"46":{"X8":"11"},"76":{"GH":"11"},"47":{"4W":"11"},"67":{"62":"11"},"56":{"28":"11"},"99":{"73":"11"}},"74":{"WQ":{"WX":"11"},"62":{"7M":"11","39":"11","38":"11","6C":"11"},"82":{"RM":"11"}},"X2":{"2X":{"WP":"11","XC":"11","X9":"11","XJ":"11","XF":"11","XH":"11","XP":"11","XM":"11","XG":"11"},"3W":{"FX":"11","CX":"11","3W":"11","4W":"11","3X":"11","5X":"11","4X":"11"},"3X":{"85":"11","58":"11","8R":"11","7Q":"11","64":"11","5W":"11","7C":"11","8G":"11","42":"11","32":"11","6W":"11","38":"11","87":"11","7G":"11","56":"11","5V":"11","59":"11","7R":"11","6M":"11","7F":"11","5X":"11","36":"11","8W":"11","83":"11","7P":"11","82":"11","55":"11","6P":"11","86":"11","27":"11","7V":"11","5Q":"11","C2":"11","33":"11","6V":"11","88":"11","35":"11","89":"11","8C":"11","8X":"11","8M":"11","48":"11","54":"11","6G":"11","8J":"11","6X":"11","6R":"11","7X":"11","52":"11","66":"11","8F":"11","6J":"11","65":"11","7J":"11","7M":"11","47":"11","7W":"11","45":"11","34":"11","5R":"11","8Q":"11","53":"11","39":"11","6Q":"11","46":"11","84":"11","8V":"11","7H":"11","8P":"11","6H":"11","79":"11"}},"GV":{"QJ":{"P8":"3"},"FP":{"QW":"11","XJ":"11","QV":"11","PV":"11","WP":"11","QR":"11","RP":"11","QQ":"11","RR":"11","QX":"11","PX":"11","WM":"11","MW":"11","PQ":"11","PR":"11","RQ":"11","VQ":"11","MV":"11","PP":"11","RV":"11","JX":"11","PW":"11","MX":"11","QP":"11","WJ":"11","MR":"11","VP":"11","VM":"11"},"FQ":{"FR":"11","GX":"11","FG":"11","P2":"11","FH":"11","FV":"11","FF":"11","GV":"11","H7":"11","FW":"11","J2":"11","J4":"11","CV":"11","GW":"11","FM":"11","CX":"11","M4":"11","M2":"11","FX":"11","CW":"11","J3":"11","FP":"11","FQ":"11","FJ":"11","J6":"11","H6":"11","M3":"11","J5":"11"},"CV":{"R8":"11","FP":"11","FQ":"11","MG":"11","HJ":"11","GJ":"11","JH":"11","R7":"11","X6":"11","GP":"11","FR":"11","FV":"11","V8":"11","W6":"11","W7":"11","GM":"11","MF":"11","V7":"11","JG":"11","HH":"11","X5":"11"},"HP":{"63":"11","85":"11","96":"11","34":"11","84":"11","83":"11","C6":"11","95":"11","64":"11","44":"11","F5":"11","94":"11","33":"11","24":"11","73":"11","86":"11","42":"11","54":"11","C5":"11","55":"11","75":"11","62":"11","52":"11","43":"11","65":"11","32":"11","F6":"11","53":"11","23":"11","74":"11"},"CW":{"7R":"11","8F":"11","8W":"11","8R":"11","8J":"11","8M":"11","7X":"11","7M":"11","8H":"11","7Q":"11","7W":"11","8G":"11","7H":"11","7V":"11","8Q":"11","7P":"11","8P":"11","8X":"11","8V":"11","7J":"11","8C":"11"},"GP":{"83":"11","54":"11","75":"11","93":"11","52":"11","82":"11","X3":"11","74":"11","73":"11","65":"11","C3":"11","64":"11","63":"11","55":"11","C4":"11","72":"11","85":"11","84":"11","53":"11","94":"11","62":"11"},"FR":{"HJ":"11","F5":"11","9C":"11","G3":"11","93":"11","97":"11","GQ":"11","7Q":"11","FW":"11","C7":"11","9H":"11","8G":"11","FR":"11","F4":"11","CF":"11","HP":"11","HH":"11","7R":"11","HM":"11","JG":"11","G6":"11","C6":"11","7P":"11","G4":"11","8H":"11","F3":"11","GV":"11","C2":"11","F7":"11","F6":"11","F2":"11","8M":"11","9G":"11","HF":"11","98":"11","GM":"11","8J":"11","G2":"11","96":"11","JF":"11","F9":"11","GR":"11","C4":"11","6R":"11","95":"11","FX":"11","8F":"11","7J":"11","7M":"11","94":"11","C8":"11","9F":"11","CC":"11","F8":"11","FV":"11","C9":"11","C3":"11","99":"11","6Q":"11","C5":"11","G5":"11","HG":"11","GP":"11"},"FV":{"C4":"11","C3":"11","H4":"11","C5":"11","P4":"11","33":"11","42":"11","M5":"11","C2":"11","F5":"11","M4":"11","Q5":"11","43":"11","J5":"11","25":"11","24":"11","G5":"11","P5":"11","H5":"11","F2":"11","34":"11","J4":"11"},"QF":{"H2":"11"},"GM":{"GR":"11","9X":"11","FQ":"11","8X":"11","GQ":"11","FV":"11","FR":"11"},"QC":{"HX":"11"},"CX":{"4X":"11","5H":"11","5J":"11","6V":"11","7P":"11","6W":"11","4R":"11","7G":"11","7C":"11","7J":"11","6P":"11","5W":"11","83":"11","5X":"11","7Q":"11","5Q":"11","82":"11","4W":"11","6M":"11","7M":"11","5P":"11","73":"11","6X":"11","5M":"11","7F":"11","4Q":"11","5R":"11","6H":"11","6F":"11","6J":"11","7H":"11","4V":"11","6G":"11","6Q":"11","72":"11","85":"11","4P":"11","5V":"11","6R":"11","84":"11"}},"8P":{"FW":{"34":"11","44":"11","68":"11","35":"11","66":"11","56":"11","54":"11","55":"11","43":"11","65":"11","67":"11"},"5H":{"V7":"11","R7":"11","R8":"11"},"CW":{"W2":"11"},"CV":{"XQ":"11","XV":"11","XR":"11","WX":"11"},"FV":{"7W":"11","7V":"11","6V":"11","6W":"11"}},"63":{"3C":{"MJ":"11","PR":"11","PV":"11","MQ":"11","PQ":"11","MR":"11","PM":"11","PP":"11","MM":"11","MV":"11","MP":"11"},"RM":{"7Q":"11","7X":"11","7R":"11"},"3H":{"JJ":"11","HJ":"11","JH":"11","G4":"11","G6":"11","G5":"11","H5":"11"},"2J":{"V9":"11","W9":"11"},"VC":{"V5":"7"},"3G":{"CG":"11"},"G2":{"8X":"11"},"3F":{"WR":"11","WV":"11","XV":"11","XR":"11"},"RJ":{"PH":"11","5R":"11","4R":"11","QH":"11","QJ":"11","4V":"11","PJ":"11","4Q":"11","58":"11","5V":"11","5Q":"11"}},"R8":{"GJ":{"GR":"11","GP":"11","GW":"11","GJ":"11","GV":"11","GM":"11","GX":"11","GQ":"11"}},"77":{"88":{"XC":"11","WC":"11","X9":"11","W9":"11"},"C7":{"7J":"11"},"G8":{"9P":"11","9H":"11","9M":"11","CM":"11","CQ":"11","9Q":"11","CH":"11","9J":"11","CJ":"11","CP":"11"},"F7":{"5J":"11","5H":"11","5M":"11","5P":"11"},"78":{"H5":"11","J6":"11","H6":"11","J5":"11"},"C8":{"C4":"11","C3":"11","HX":"11","GJ":"11","JX":"11","F3":"11","GH":"11","HW":"11","F4":"11"},"C9":{"QF":"11","QC":"11"},"F6":{"QW":"11","QX":"11"}},"4H":{"CV":{"22":"11","32":"11"}},"85":{"3H":{"X2":"3"},"4M":{"83":"11","73":"11","74":"11"},"4H":{"22":"3"},"XP":{"MH":"11","MG":"11","MF":"11"},"3R":{"2H":"11"}},"HH":{"59":{"W2":"11","X2":"11","W3":"11","X3":"11"},"64":{"Q9":"11","V8":"11","V9":"11","Q8":"11","Q2":"11","R8":"11","R9":"11"},"65":{"R8":"11","R9":"11","RC":"11","V6":"11","X6":"11","W4":"11","V8":"11","QF":"11","W6":"11","W7":"11","V5":"11","V7":"11","QC":"11","W5":"11","X4":"11","X5":"11"},"46":{"9P":"11","9M":"11","CM":"11","CQ":"11","FQ":"11","CP":"11","FP":"11"},"75":{"34":"11","33":"11","24":"11","25":"11","32":"11","23":"11"},"63":{"QX":"11","VX":"11","WG":"11","VR":"11","WF":"11","JW":"11","FR":"11","PR":"11","VM":"11","WJ":"11","HW":"11","RW":"11","MR":"11","RV":"11","QV":"11","WX":"11","WW":"11","GV":"11","VJ":"11","QR":"11","JV":"11","RR":"11","PV":"11","VP":"11","VW":"11","VQ":"11","GW":"11","PX":"11","GR":"11","RX":"11","MV":"11","QW":"11","WH":"11","WM":"11","WR":"11","FV":"11","PW":"11","MX":"11","VV":"11","JR":"11","MW":"11","WV":"11","HR":"11","HV":"11"},"52":{"PV":"11","HM":"11","JW":"11","PX":"11","HJ":"11","HP":"11","MW":"11","JV":"11","JP":"11","MV":"11","JQ":"11","HR":"11","JX":"11","HQ":"11","PW":"11","MX":"11","MQ":"11","MR":"11","JR":"11"},"35":{"M8":"11","MG":"11","M6":"11","M9":"11","J6":"11","M7":"11","MF":"11","J7":"11","MC":"11"},"57":{"HX":"11","GW":"11","GV":"11","GX":"11"},"69":{"58":"11","44":"11","CW":"11","64":"11","7C":"11","8G":"11","42":"11","78":"11","56":"11","59":"11","7G":"11","7F":"11","55":"11","8H":"11","33":"11","35":"11","67":"11","9M":"11","9P":"11","8M":"11","9W":"11","54":"11","9R":"11","6C":"11","8J":"11","43":"11","52":"11","57":"11","66":"11","8F":"11","65":"11","7J":"11","47":"11","45":"11","34":"11","24":"11","6F":"11","CV":"11","53":"11","9Q":"11","9J":"11","46":"11","9V":"11","69":"11","7H":"11","23":"11","CX":"11","8P":"11","68":"11","79":"11"},"68":{"2R":"11","2F":"11","3W":"11","2G":"11","3G":"11","2Q":"11","3P":"11","4R":"11","2P":"11","3R":"11","4V":"11","29":"11","3Q":"11","5W":"11","28":"11","2M":"11","3H":"11","3J":"11","4W":"11","2V":"11","3V":"11","4Q":"11","3M":"11","2C":"11","2H":"11","5X":"11","2J":"11","4X":"11"},"58":{"J6":"11","RV":"11","P8":"11","PP":"11","XM":"11","M7":"11","H7":"11","RR":"11","Q6":"11","VW":"11","RJ":"11","HG":"11","VX":"11","MM":"11","VR":"11","M9":"11","H4":"11","W9":"11","RH":"11","VJ":"11","QM":"11","QR":"11","QH":"11","WV":"11","QP":"11","R8":"11","P7":"11","XJ":"11","Q7":"11","XG":"11","H2":"11","R9":"11","M5":"11","G8":"11","H3":"11","PH":"11","WX":"11","V9":"11","RP":"11","H6":"11","WM":"11","WC":"11","G4":"11","Q9":"11","RQ":"11","XH":"11","V7":"11","J7":"11","G9":"11","J5":"11","MH":"11","RM":"11","XP":"11","VH":"11","H8":"11","X8":"11","V8":"11","JH":"11","XC":"11","M8":"11","JF":"11","MG":"11","MJ":"11","WW":"11","XQ":"11","JC":"11","R7":"11","QJ":"11","G5":"11","WJ":"11","PG":"11","G3":"11","QC":"11","P9":"11","H5":"11","HF":"11","JG":"11","JJ":"11","G7":"11","H9":"11","GC":"11","PC":"11","PJ":"11","J4":"11","Q8":"11","PF":"11","W8":"11","HC":"11","VV":"11","MC":"11","PM":"11","X9":"11","G6":"11","XX":"11","MF":"11","M6":"11","J8":"11","QQ":"11","G2":"11","J9":"11","P6":"11","VM":"11","XF":"11","WH":"11"},"6C":{"F4":"11","FR":"11","F8":"11","FG":"11","FH":"11","FF":"11","FV":"11","F6":"11","FW":"11","C2":"11","C5":"11","FM":"11","C6":"11","C3":"11","FP":"11","FC":"11","FQ":"11","F9":"11","FJ":"11","C4":"11","F7":"11","F5":"11"},"53":{"P2":"11","R5":"11","Q3":"11","W9":"11","P6":"11","R8":"11","R9":"11","RC":"11","P4":"11","Q4":"11","M2":"11","R6":"11","M5":"11","Q7":"11","R7":"11","VC":"11","M4":"11","Q5":"11","Q6":"11","M6":"11","P8":"11","W8":"11","V8":"11","Q8":"11","V9":"11","P7":"11","J2":"11","Q9":"11","M3":"11","M7":"11","WC":"11","P5":"11","P3":"11","V7":"11"}},"44":{"VX":{"XQ":"11","3G":"11","XR":"11"},"VW":{"VQ":"11"},"VV":{"HQ":"11"},"F5":{"JP":"11","JQ":"11","HG":"11","JJ":"11","JR":"11","MQ":"11","JH":"11","MR":"11","JM":"11","GH":"11","HH":"11","MP":"11"},"WX":{"55":"11"},"HF":{"4P":"11","5P":"11","4Q":"11","23":"11","5Q":"11"}},"F3":{"5W":{"P2":"11"},"5V":{"JR":"11","JV":"11","CV":"11","MV":"11","PX":"11","MW":"11","PW":"11","9V":"11","CR":"11","MR":"11"}},"2M":{"42":{"CC":"11","9F":"11","9C":"11","97":"11","CF":"11","96":"11","C9":"11","99":"11"}},"PR":{"99":{"J9":"11","H6":"11","JC":"11","JF":"11","H8":"11","G8":"11","FW":"11","FR":"11","F8":"11","FV":"11","F7":"11","H7":"11","G6":"11","J6":"11","H9":"11","J8":"11","J7":"11","FX":"11","G7":"11"},"CF":{"8F":"11","9F":"11","78":"11","7C":"11","7F":"11","79":"11","8C":"11"},"9G":{"XR":"11"},"CG":{"2W":"11","HX":"11","2Q":"11","2X":"11","2R":"11","3W":"11","4W":"11","3X":"11","GX":"11","2V":"11","4X":"11"},"CC":{"6P":"11","6M":"11","5M":"11","5P":"11"},"CH":{"42":"11","33":"11","32":"11","G2":"11","54":"11","J3":"11","43":"11","H2":"11","52":"11","J2":"11","H3":"11","45":"11","22":"11","44":"11","34":"11","53":"11"},"9C":{"G3":"11","F3":"11","F2":"11"},"9F":{"J9":"11","HC":"11","JC":"11","JF":"11","HG":"11","MG":"11","H8":"11","HF":"11","H9":"11","MF":"11","JG":"11","J8":"11","MC":"11"}},"5V":{"QX":{"Q9":"11","Q8":"11"}},"3X":{"RV":{"MH":"11"}},"6F":{"R3":{"R2":"11"},"P2":{"PQ":"11","PP":"11","MP":"11"},"Q2":{"Q6":"11","RM":"11","RH":"11","QH":"11","R7":"11","M9":"11","Q8":"11","R6":"11","QJ":"11","QM":"11","Q7":"11","M7":"11","R8":"11","M8":"11","P9":"11","P7":"11","P6":"11","P8":"11","RJ":"11"},"X4":{"X7":"11","M8":"11"},"R4":{"V6":"11","V7":"11","R7":"11","R8":"11"},"V3":{"MV":"11","MR":"11"}},"6M":{"JX":{"2R":"11","2V":"11"},"V8":{"PQ":"11","MQ":"11","MV":"11","PV":"11","MW":"11","PR":"11","PW":"11","JQ":"11","MR":"11"},"X9":{"34":"3","33":"3","24":"11","Q4":"11","HC":"11","P5":"11","GF":"11","FF":"11","FG":"11","Q5":"11","P4":"11","HF":"11"},"RF":{"VX":"11","VW":"11","RX":"11","VV":"11","RV":"11","QX":"11","RW":"11"},"RG":{"Q4":"11","Q2":"11","R2":"11","Q3":"11"},"PM":{"4G":"11"},"W2":{"5C":"3","66":"3","59":"3","78":"3","77":"3","57":"3","69":"3","68":"3","79":"3","67":"3","56":"3","58":"3","6C":"3"},"X8":{"WJ":"11","WR":"11","XQ":"11","WV":"11","XV":"11","WH":"11","XP":"11","XR":"11"},"W9":{"R3":"11","V2":"7","X4":"11","R4":"11","Q3":"11","V3":"7|11"},"PP":{"WC":"11","RF":"11","RC":"11","V9":"11","WG":"11","VC":"11","W9":"11","VF":"11","VG":"11","WF":"11"},"MP":{"FP":"11"},"R9":{"JR":"11","JQ":"11"}},"7R":{"8W":{"XW":"11","XX":"11","WV":"11","XV":"11","WW":"11","WX":"11"},"8X":{"W2":"11","X2":"11","W3":"11","X4":"11","X3":"11","W4":"11"}},"7F":{"34":{"9V":"11"},"XC":{"GX":"11"},"35":{"4R":"11","4V":"11"},"24":{"F7":"11","66":"11","GG":"11"},"36":{"9F":"11"},"46":{"36":"11","26":"11"},"J6":{"VX":"11","WX":"11"},"XF":{"5G":"11","J7":"11","R3":"11","H9":"11"},"VF":{"RQ":"11"},"32":{"7M":"11","6J":"11","6H":"11","6G":"11","7J":"11","6M":"11","6F":"11"}},"55":{"5J":{"XW":"11","VV":"11","VR":"11","F9":"11","5F":"11","XX":"11","F8":"11","6F":"11","WW":"11","C9":"11","WX":"11"},"6J":{"4R":"11","3Q":"11","4Q":"11","3R":"11"},"4J":{"W2":"11","W3":"11"},"6M":{"CQ":"11","9R":"11","9Q":"11","22":"11","CR":"11"},"FV":{"PJ":"11","JF":"11","MJ":"11"},"4V":{"HC":"11","GG":"11","FC":"11","GF":"11","GC":"11","HF":"11"},"67":{"V6":"11"}},"C7":{"3C":{"96":"11","95":"11"},"2H":{"FJ":"3"},"2G":{"7V":"3"}},"5Q":{"V2":{"JR":"11","PR":"11","MR":"11"}},"C6":{"9P":{"8W":"11","8V":"11","9V":"11"}},"7C":{"62":{"F4":"11","37":"11","44":"11","F8":"11","RJ":"11","78":"11","G8":"11","7G":"11","7C":"11","JF":"11","83":"11","6C":"11","54":"11","75":"11","F6":"11","38":"11","93":"11","36":"11","47":"11","C2":"11","QH":"11","82":"11","77":"11","26":"11","9J":"11","58":"11","RH":"11","87":"11","C5":"11","25":"11","F3":"11","39":"11","74":"11","73":"11","2C":"11","35":"11","48":"11","86":"11","28":"11","C6":"11","5C":"11","59":"11","7F":"11","C3":"11","8J":"11","46":"11","88":"11","8H":"11","64":"11","76":"11","8C":"11","MG":"11","HF":"11","89":"11","JG":"11","FC":"11","8G":"11","G9":"11","92":"11","G7":"11","29":"11","HC":"11","QG":"11","9H":"11","PG":"11","H9":"11","63":"11","49":"11","VJ":"11","F9":"11","C4":"11","8F":"11","CJ":"11","85":"11","F7":"11","45":"11","4C":"11","F5":"11","84":"11","27":"11","53":"11","94":"11","95":"11"},"52":{"9C":"11","MF":"11","97":"11","CQ":"11","X9":"11","GX":"11","GQ":"11","P8":"11","PQ":"11","WF":"11","C7":"11","Q6":"11","9H":"11","7C":"11","5C":"11","R7":"11","M8":"11","QF":"11","PF":"11","PR":"11","CF":"11","PJ":"11","JG":"11","MR":"11","7F":"11","V6":"11","X5":"11","MG":"11","7P":"11","8H":"11","PH":"11","CG":"11","FM":"11","PC":"11","G8":"11","HX":"11","HC":"11","F7":"11","88":"11","89":"11","PV":"11","8C":"11","R8":"11","QG":"11","9P":"11","PM":"11","8M":"11","W9":"11","9G":"11","98":"11","HF":"11","GM":"11","6C":"11","JX":"11","8J":"11","R5":"11","GW":"11","V5":"11","JF":"11","PX":"11","F9":"11","P7":"11","PG":"11","M7":"11","GR":"11","Q7":"11","V4":"11","RC":"11","CP":"11","PP":"11","FG":"11","P6":"11","8F":"11","V8":"11","M9":"11","MV":"11","7J":"11","7M":"11","FJ":"11","C8":"11","9F":"11","CC":"11","XF":"11","F8":"11","5F":"11","V7":"11","R9":"11","6F":"11","GC":"11","FQ":"11","W4":"11","XC":"11","JC":"11","99":"11","9J":"11","PW":"11","H9":"11","WC":"11","J9":"11","MC":"11","7H":"11","FH":"11","8P":"11","R6":"11","X4":"11","J8":"11","G9":"11","GP":"11"},"53":{"P2":"11","P6":"11","P4":"11","M5":"11","Q7":"11","G2":"11","M4":"11","P8":"11","P9":"11","Q8":"11","P7":"11","J2":"11","Q9":"11","P5":"11","P3":"11"}},"86":{"9G":{"5Q":"11"}},"82":{"QJ":{"GX":"11","PP":"11"},"WP":{"QP":"11"},"X9":{"QW":"11","QQ":"11","QV":"11","QR":"11"},"GQ":{"5C":"11","2H":"11","3H":"11","7C":"11","3G":"11","6F":"11","59":"11","2G":"11","7F":"11","6C":"11"},"R7":{"X8":"11","2P":"11"},"FR":{"P3":"11","Q4":"11"},"VM":{"8V":"11","4M":"11","V2":"11","3M":"11","7V":"11","7R":"11","2P":"11","8R":"11"},"Q8":{"63":"11","42":"11","62":"11","52":"11","53":"11"},"R2":{"28":"11","6P":"11","6M":"11","27":"11"},"RF":{"XX":"11"},"V9":{"7C":"11"},"4P":{"GX":"11"},"VG":{"4G":"11"},"7V":{"HC":"11"},"GV":{"JJ":"11","JM":"11","HM":"11","MP":"11","JP":"11","MM":"11","MJ":"11"},"QR":{"M8":"11","J9":"11","H6":"11","H8":"11","M5":"11","M4":"11","M6":"11","J3":"11","M9":"11","J5":"11","H7":"11","J2":"11","M3":"11","J6":"11","M7":"11","H5":"11","J8":"11","J7":"11","J4":"11"},"J6":{"WP":"11","WQ":"11"},"R3":{"9P":"11","9R":"11","CP":"11"},"FP":{"28":"11","27":"11","26":"11"},"VP":{"8F":"11","5G":"11","H8":"11","7G":"11","CF":"11","FF":"11","29":"11","FM":"11","8G":"11","CJ":"11","6G":"11","CM":"11","2C":"11","J8":"11","3C":"11","FJ":"11"},"4F":{"JP":"11","RM":"11","PJ":"11","QJ":"11","JQ":"11","HQ":"11","MQ":"11","HP":"11","RJ":"11","PM":"11","PP":"11","QM":"11","MM":"11","RH":"11","MP":"11"},"5H":{"68":"11","86":"11"},"V5":{"5G":"11","5C":"11","5F":"11","4F":"11"},"Q7":{"6X":"11","4W":"11","5X":"11","5W":"11","4V":"11","4X":"11","5V":"11"},"RM":{"WR":"11","WV":"11","XV":"11","XH":"11","XR":"11"},"V4":{"3W":"11"},"QM":{"CC":"11"},"CP":{"X7":"11","GF":"11","GH":"11","JF":"11","96":"3","X6":"11","W6":"11","HG":"11","HJ":"11","VR":"11","C5":"3|11","C6":"3","P9":"3|11","C7":"3","PC":"3","W5":"11","GG":"11","W4":"11","VQ":"11","HF":"11","JG":"11","X5":"11","JH":"11","X8":"11","M9":"11","97":"3","HH":"11","95":"3"},"QP":{"H8":"11","H9":"11"},"FG":{"GR":"11","FQ":"11"},"RP":{"X2":"11","X3":"11"},"R4":{"77":"11","66":"11","76":"11","75":"11","65":"11"},"M4":{"97":"11"},"3P":{"MX":"11","WJ":"11","WM":"11"},"WM":{"8J":"11","7J":"11","8H":"11","7H":"11"},"XF":{"J2":"11","M3":"11","P3":"11","H2":"11"},"5F":{"4J":"11","4H":"11"},"XQ":{"57":"11","69":"11","68":"11","59":"11","58":"11","67":"11"},"FQ":{"6F":"11","6J":"11","7G":"11","6H":"11","7C":"11","5J":"11","7H":"11","7F":"11","5H":"11","6G":"11","5M":"11","6C":"11"},"XC":{"HX":"11","JX":"11","JW":"11"},"MX":{"X7":"11","W7":"11","X6":"11","X8":"11"},"J9":{"J8":"11","68":"11","J7":"11","66":"11","H7":"11","J9":"11","67":"11","57":"11","65":"11","H9":"11","55":"11","H8":"11","H5":"11","J6":"11","H6":"11","56":"11","J5":"11"},"WV":{"96":"11","88":"11","C7":"11","C6":"11","95":"11","C3":"11","87":"11","86":"11","98":"11","97":"11"},"3Q":{"M3":"11","M2":"11"},"RG":{"PH":"11","QQ":"11","X2":"11","RV":"11","QJ":"11","QR":"11","RR":"11","QP":"11","RW":"11","PJ":"11"},"GP":{"5W":"3","6V":"3","6W":"3","5V":"3"}},"92":{"9G":{"9X":"11","CX":"11","CW":"11"},"P2":{"9W":"11","9X":"11","FX":"11","CX":"11","CW":"11","9R":"11","9V":"11"},"P3":{"C3":"11","P4":"11","M2":"11","C2":"11","M4":"11","92":"11","93":"11","F3":"11","M3":"11","P3":"11","F2":"11","83":"11"},"2H":{"8V":"11","JV":"11","RV":"11","PV":"11","F3":"11","8R":"11","QR":"11","RR":"11","F2":"11","98":"11","97":"11","JW":"11"},"87":{"3J":"11","4J":"11","3H":"11","3G":"11"},"C5":{"VF":"11","PG":"11","VP":"11","MG":"11","VQ":"11","VV":"11","VG":"11","VR":"11","RV":"11","RR":"11"},"74":{"CG":"11"},"5M":{"48":"11","57":"11","37":"11","47":"11","44":"11","36":"11","46":"11","56":"11","45":"11","55":"11","59":"11","58":"11"},"46":{"M8":"11","H4":"11","J9":"11","87":"11","78":"11","H6":"11","88":"11","H8":"11","77":"11","V6":"11","76":"11","M9":"11","G4":"11","J5":"11","H7":"11","G6":"11","V5":"11","J6":"11","89":"11","G5":"11","86":"11","G3":"11","H5":"11","J8":"11","79":"11","J7":"11","G7":"11","J4":"11"},"C3":{"XF":"11","WF":"11"},"64":{"WF":"11|3","6H":"7","VC":"11","5J":"11","FF":"11|3","WQ":"11","GF":"11","6G":"7","WC":"11|3","FG":"11","GG":"11"},"R2":{"W9":"11","R8":"11","R9":"11","X7":"11","X8":"11","X9":"11","W8":"11","V8":"11","Q8":"11","V9":"11","W7":"11","Q9":"11","WC":"11","XC":"11","V7":"11"},"W4":{"3W":"11"},"9H":{"84":"11","83":"11","C2":"11","92":"11","74":"11"},"63":{"HX":"11"},"55":{"9X":"11","CX":"11"},"45":{"Q6":"11","44":"11","F4":"11","45":"11","P7":"11","P6":"11"},"3J":{"9X":"11","HM":"11","HJ":"11"},"56":{"93":"11","95":"11","94":"11","C2":"11","C3":"11","C5":"11","C4":"11","92":"11","52":"11"}},"GJ":{"PQ":{"RQ":"11","QQ":"11","RR":"11"},"XC":{"92":"11","82":"11"},"X9":{"9W":"11","8W":"11","9X":"11","8V":"11","CW":"11","9R":"11","8X":"11","8R":"11","9V":"11"}},"4X":{"MX":{"X2":"11","V2":"11","V3":"11"},"RV":{"J7":"11","J8":"11"},"PV":{"JV":"11","HW":"11","JM":"11","HM":"11","JW":"11"}},"J7":{"5F":{"8J":"11","8H":"11"},"GJ":{"W5":"11","W4":"11"},"4F":{"WC":"11","V9":"11","W9":"11"}},"99":{"9C":{"VV":"11"},"9F":{"Q9":"11","QC":"11","PC":"11","P9":"11"}},"5G":{"37":{"Q9":"11"},"25":{"4X":"11"}},"39":{"JC":{"4H":"11","4G":"11"}},"JP":{"8G":{"37":"11","28":"11","38":"11"},"7F":{"H8":"11","J9":"11","HC":"11","G9":"11","H9":"11"}},"7M":{"2R":{"PC":"11","P9":"11","P8":"11"},"62":{"M8":"11","VF":"3","W9":"11","P8":"11","P9":"11","WM":"11","XC":"7|3"},"2W":{"PC":"11","P9":"11","P7":"11","P6":"11","P8":"11"},"59":{"JJ":"11"},"73":{"73":"11","62":"3"},"27":{"FH":"11","83":"11","8F":"11","FM":"11","8G":"11","CM":"11","FJ":"11","CH":"11","CJ":"11"},"28":{"9W":"11","5G":"11","2M":"11","CV":"11","5F":"11","9R":"11","9Q":"11","2P":"11","8R":"11","4F":"11","8Q":"11","9V":"11","4G":"11"},"82":{"4H":"11","3V":"3"},"26":{"C2":"11","92":"11"},"72":{"96":"11","J7":"11|3","WC":"11","J8":"3","H7":"11|3","G8":"11","RG":"11","HC":"11","87":"11","5R":"11","4P":"3","86":"11","PF":"3","MF":"3","VC":"11","M7":"11","VF":"3","2G":"11","9F":"3","G7":"11"},"84":{"MH":"7","VP":"11","MG":"7","JJ":"7","QV":"7","QR":"7","VQ":"11","M8":"3","MM":"7","MJ":"7"},"67":{"73":"11"},"83":{"GH":"11","HG":"11","HH":"11","67":"3"}},"3H":{"7M":{"J9":"3","H6":"3","HC":"3","JC":"3","H8":"3","M9":"3","J5":"3","H7":"3","J6":"3","H9":"3","H5":"3","J8":"3","J7":"3"},"5C":{"59":"11","58":"11"},"4H":{"FJ":"11"},"M2":{"PM":"11","PJ":"11","MM":"11","MJ":"11"}},"8G":{"CF":{"GW":"11","FX":"11","FW":"11","GX":"11","FV":"11"},"RJ":{"GW":"11","GX":"11"}},"6P":{"H2":{"MH":"11","JJ":"11","JM":"11","JQ":"11","PJ":"11","MP":"11","JP":"11","MM":"11","MJ":"11"}},"6C":{"VX":{"8M":"11"},"PX":{"2Q":"11","2P":"11"},"MW":{"8C":"11"},"2C":{"GF":"11"}},"M8":{"MQ":{"MX":"11","JX":"11","MW":"11","JW":"11"},"PM":{"93":"11","85":"11","84":"11","83":"11","94":"11","92":"11"},"MP":{"VP":"11","VQ":"11"},"MR":{"J2":"11","M2":"11"}},"HR":{"2J":{"CC":"3","C8":"3","C4":"3","C5":"3","9C":"3","97":"3","FH":"3","93":"3","F8":"3","F7":"3","96":"3","F9":"3","CG":"3","C7":"3","86":"3","C6":"3","85":"3","95":"3","84":"3","C9":"3","FG":"3","CH":"3","99":"3","98":"3","94":"3"},"25":{"8W":"11","8X":"11"},"26":{"64":"11","73":"11","55":"11","46":"11","82":"11","54":"11","63":"11","72":"11","47":"11","45":"11"}},"C2":{"2H":{"Q2":"11"},"VM":{"99":"11","8C":"11","9C":"11","89":"11"},"29":{"GM":"11"},"2G":{"QX":"11"},"82":{"JC":"11","JF":"11"},"74":{"R9":"11"}},"X3":{"33":{"5H":"11","5J":"11","7P":"11","RJ":"11","P6":"11","68":"11","RC":"11","RF":"11","P2":"11","P3":"11","6C":"11","Q8":"11","54":"11","Q7":"11","5G":"11","7Q":"11","7W":"11","P8":"11","7R":"11","QC":"11","7V":"11","58":"11","RH":"11","6M":"11","7M":"11","57":"11","M2":"11","P9":"11","RG":"11","64":"11","6F":"11","QF":"11","P7":"11","6J":"11","QG":"11","P4":"11","63":"11","55":"11","Q9":"11","7X":"11","69":"11","R9":"11","53":"11","62":"11","M3":"11","5F":"11","56":"11"},"32":{"85":"11","9C":"11","97":"11","62":"11","64":"11","JW":"11","7C":"11","5C":"11","5G":"11","6W":"11","5P":"11","87":"11","73":"11","HP":"11","78":"11","56":"11","5V":"11","HW":"11","HM":"11","MR":"11","GG":"11","83":"11","55":"11","82":"11","86":"11","49":"11","5Q":"11","G8":"11","MQ":"11","75":"11","6V":"11","F7":"11","88":"11","JV":"11","JQ":"11","HQ":"11","89":"11","8C":"11","4F":"11","98":"11","48":"11","54":"11","GM":"11","JX":"11","5H":"11","96":"11","F9":"11","6X":"11","95":"11","5J":"11","52":"11","FG":"11","63":"11","MV":"11","FJ":"11","47":"11","C8":"11","CC":"11","F8":"11","5F":"11","45":"11","72":"11","GC":"11","5R":"11","5M":"11","53":"11","FF":"11","C9":"11","99":"11","GF":"11","MX":"11","74":"11","JR":"11","MW":"11","46":"11","GH":"11","76":"11","84":"11","FH":"11","HR":"11","GJ":"11","HV":"11","77":"11","FC":"11","79":"11","4C":"11","G9":"11","GP":"11"}},"4R":{"8V":{"9W":"3"},"7W":{"PM":"11","JM":"11","QM":"11","HM":"11","PP":"11","QP":"11","MP":"11","JP":"11","MM":"11"}},"84":{"RP":{"HG":"11","GG":"11"},"RH":{"8M":"11","9P":"11","9M":"11","CQ":"11","9Q":"11","8Q":"11","8P":"11"},"J3":{"VQ":"11"},"P8":{"R7":"11","R8":"11"},"RJ":{"62":"11","64":"11","42":"11","65":"11","55":"11","73":"11","54":"11","75":"11","74":"11","43":"11","63":"11","52":"11","72":"11","44":"11","53":"11"}},"F2":{"2F":{"RX":"11","MP":"11","MM":"11","Q5":"11","P2":"11","P3":"11","QR":"11","Q8":"11","QQ":"11","Q7":"11","PM":"11","QH":"11","Q4":"11","P8":"11","QC":"11","RH":"11","VG":"11","M4":"11","QM":"11","P9":"11","RG":"11","PC":"11","PQ":"11","Q6":"11","P4":"11","PP":"11","Q9":"11","M3":"11","QJ":"11"},"2G":{"Q9":"11","R3":"11","P5":"11","Q2":"11","R2":"11","P9":"11","Q3":"11","P4":"11"},"HG":{"MX":"11","Q9":"11","R5":"11","JX":"11","QF":"11","QC":"11","R6":"11","QG":"11","PG":"11","MP":"11","MM":"11"},"Q4":{"R5":"11","V4":"11","Q3":"11","Q4":"11","G8":"11","F5":"11","Q5":"11","F7":"11","G6":"11","R3":"11","G5":"11","F6":"11","G7":"11","R4":"11"},"M5":{"QH":"11","QJ":"11"},"29":{"PX":"11"},"Q5":{"7M":"11","9X":"11","7P":"11"},"2C":{"P2":"11","M8":"11","PR":"11","J9":"11","PV":"11","M2":"11","M5":"11","PQ":"11","PM":"11","M6":"11","PP":"11","J3":"11","M9":"11","J5":"11","H7":"11","J2":"11","M3":"11","M7":"11","PX":"11","P3":"11","J8":"11","J7":"11","MC":"11","J4":"11"},"HH":{"J2":"11","H4":"11","H2":"11","H3":"11"}},"76":{"HH":{"V8":"11","X7":"11","W7":"11","V9":"11","X8":"11","W9":"11","W8":"11"}},"3G":{"84":{"3H":"11","2J":"11"},"7X":{"VR":"11","WR":"11"},"74":{"WQ":"11","XM":"11"}},"62":{"X7":{"XR":"3","5J":"3|11","9M":"11|3","7P":"3","RJ":"3","XJ":"3","7J":"3","QV":"3","GH":"3","6P":"3","CM":"11","WP":"3","QR":"3","FH":"11|3","QQ":"3","RP":"3|11","RR":"3","WQ":"3","CH":"11","QH":"3","9J":"11|3","CP":"11","RH":"3","6M":"3","7M":"3","FM":"11","XP":"3","VG":"3","XQ":"3","WM":"3","QM":"3","5M":"3","XM":"3","RG":"3","6H":"3","RQ":"3|11","9P":"11","GG":"3","GJ":"3","MV":"11","6J":"3|11","7H":"3","9H":"11","RV":"3","VH":"3","VJ":"3","FJ":"11|3","CJ":"11|3","XV":"3","WJ":"3","RM":"3","CG":"11","VP":"11","QJ":"3","VM":"3"},"X8":{"R5":"3","QH":"3","W9":"3","VF":"3","WF":"3","RC":"3|11","P4":"3","RG":"3","Q4":"3","R6":"3","Q7":"3","V6":"3","RF":"3","R7":"3","VC":"3","VG":"3","FW":"11","RJ":"3","Q5":"3","Q6":"3","QF":"3","Q8":"3|11","Q9":"11","V5":"3","XG":"3","WC":"3","VH":"3","P5":"3","P3":"3|11","XC":"3","QC":"3","XF":"3","QG":"3","RH":"3","FX":"11","R4":"3"},"V6":{"M7":"11","M8":"11","XJ":"11","P6":"11","J7":"11","M5":"11","P2":"11","JF":"11","WP":"11","J9":"11","WQ":"11","MF":"11","PH":"11","VR":"11","M6":"11","XP":"11","M4":"11","PF":"11","P5":"11","XM":"11","WR":"11","MG":"11","VQ":"11","P4":"11","PG":"11","M9":"11","JC":"11","J6":"11","MC":"11","VP":"11","J5":"11"},"X9":{"Q4":"11","P5":"11","Q5":"11","P4":"11"},"X2":{"VP":"11","RP":"11","VR":"11","RQ":"11","RR":"11","VQ":"11"},"W6":{"CF":"11","C7":"11","9G":"11","C6":"11","8F":"11","9H":"11","2M":"11","F9":"11","CG":"11","8G":"11","F7":"11","2J":"11","CC":"11","FC":"11","8H":"11","9C":"11","C8":"11","FF":"11","F8":"11","C9":"11","F6":"11","9F":"11"},"XV":{"V3":"11"},"V5":{"QW":"11","QX":"11","PX":"11","PV":"11","PW":"11"},"X3":{"MX":"11","M8":"11","P8":"11"},"X4":{"M2":"11","XQ":"11","XR":"11","WQ":"11","M3":"11","WV":"11","WR":"11"}},"GH":{"XW":{"WP":"11","WM":"11","XQ":"11","WQ":"11","XP":"11","XM":"11"}},"83":{"8W":{"JX":"11","JW":"11"},"R8":{"57":"11","47":"11","46":"11","56":"11","75":"11"},"8J":{"9P":"11","9Q":"11"},"Q7":{"RP":"11","RM":"11","QM":"11","QP":"11"},"CV":{"68":"11","77":"11","66":"11","78":"11","67":"11"},"R7":{"7G":"11"},"CR":{"8M":"11","7M":"11","48":"11","9P":"11","8J":"11","9M":"11","9Q":"11","7J":"11","8Q":"11","8P":"11"},"QW":{"PG":"11"},"4G":{"5G":"11","5Q":"11","4R":"11","4P":"11","5J":"11","4V":"11","4W":"11","5H":"11","4Q":"11","5P":"11","5M":"11","4M":"11"},"QF":{"J4":"11"},"W6":{"93":"11","C2":"11","C3":"11","F3":"11","92":"11","F2":"11"},"XV":{"F7":"11"},"J2":{"36":"3"},"H3":{"R5":"11","VF":"11","RC":"11","RF":"11","VC":"11","V9":"11","Q9":"11","QC":"11"},"5R":{"J3":"11","H2":"11","H3":"11"},"CJ":{"M3":"11"},"W5":{"8R":"11","9Q":"11","FW":"11","CW":"11","9R":"11","9P":"11","8Q":"11","GX":"11","8P":"11","9X":"11","8V":"11","CX":"11","FX":"11"},"J7":{"57":"11","66":"11","56":"11"}},"3J":{"53":{"P6":"11","R8":"11","Q7":"11","R7":"11","Q5":"11","Q6":"11","Q8":"11","P5":"11"}},"2W":{"QH":{"25":"11","26":"11"}},"72":{"QX":{"VP":"11","VM":"11"},"9C":{"44":"11","5H":"11","9M":"11","5G":"11","2H":"11","9J":"11","43":"11","33":"11","8J":"11","2G":"11","8H":"11","6H":"11","6F":"11","3G":"11","4G":"11","6G":"11","3H":"11","5F":"11","4F":"11"},"W2":{"F9":"11","C8":"11","F8":"11","C9":"11"},"QJ":{"XJ":"11","WH":"11","XH":"11","XM":"11"},"MH":{"HX":"11"},"58":{"JJ":"11","JM":"11","HM":"11","JP":"11","JW":"11","HP":"11"},"44":{"R5":"11","X5":"11","R3":"11","V4":"11","Q4":"11","V5":"11","W3":"11","V2":"3","X6":"11","X4":"11","W5":"11","R4":"11","R2":"3","Q3":"11","W4":"11"},"PF":{"WP":"11","WW":"11"},"42":{"MJ":"11","FP":"11","9Q":"11","FQ":"11","XQ":"3","VV":"3","GW":"3","FW":"3","GR":"3","7M":"11","GP":"11","FM":"11","FR":"3","CR":"11","9R":"11","FV":"3","MM":"11","VR":"3","7P":"11","GX":"3","GV":"3","XP":"3","GM":"11","GQ":"11","WV":"3","6M":"11","FX":"3","6P":"11","WR":"3"},"F4":{"92":"3","82":"3"},"XP":{"G9":"11","J9":"11","HC":"11","JC":"11","JF":"11","GC":"11","H8":"11","G8":"11","HF":"11","GF":"11","H9":"11","J8":"11","6P":"11"},"59":{"9P":"11","G8":"11","9M":"11","CM":"11","CQ":"11","9Q":"11","G9":"11","CP":"11"},"HM":{"X5":"11","X4":"11","X3":"11"},"MG":{"XQ":"11"},"GG":{"XQ":"3","XV":"3","XR":"3"},"49":{"H4":"3","H6":"3","F5":"3","92":"3","93":"3","G4":"3","G6":"3","G5":"3","H5":"3","85":"3","95":"3","84":"3","F6":"3","83":"3","G7":"3","94":"3"},"JM":{"23":"11","G9":"11","H4":"11","P6":"11","P4":"11","HC":"11","42":"11","33":"11","GC":"11","M2":"11","32":"11","M5":"11","G8":"11","M4":"11","M6":"11","J3":"11","H2":"11","J5":"11","H7":"11","J2":"11","H3":"11","25":"11","24":"11","M3":"11","J6":"11","H9":"11","P5":"11","H5":"11","G7":"11","GG":"11","J4":"11"},"27":{"2R":"3|11","3W":"11","5V":"3","2Q":"3","3P":"3","4R":"3","2P":"3","3R":"3|11","4V":"3","5W":"3","3Q":"3","2M":"3","4W":"3","2V":"3|11","3V":"11","4Q":"3","3M":"3","5X":"3","4X":"3"},"F3":{"9X":"3","8X":"3"},"HC":{"MJ":"11","JP":"11","PR":"11","PJ":"11","PV":"11","JJ":"11","MQ":"11","PQ":"11","RX":"11","HP":"11","MR":"11","PM":"11","PP":"11","JM":"11","MM":"11","MV":"11","VX":"11","HM":"11","MP":"11"},"J3":{"JC":"11"},"8C":{"XJ":"11","XH":"11","XG":"11"},"98":{"RP":"11","C9":"11"},"HF":{"8M":"11","9M":"11","R4":"11","CM":"11","8P":"11","FH":"11","F6":"11","CH":"11","Q4":"11","9J":"11","CP":"11","9X":"11","FM":"11","V2":"11","8X":"11","9Q":"11","R2":"11","9P":"11","FP":"11","Q3":"11","R3":"11","FJ":"11","CJ":"11","F7":"11","8W":"11","V3":"11"},"48":{"HQ":"3","JR":"3","7W":"3","JV":"3","HW":"3","7X":"3","6R":"11","HR":"3|11","7V":"3|11","HV":"3|11","6V":"3","6W":"3","JW":"3"},"54":{"96":"11","75":"3","36":"11","26":"11","C5":"11","25":"11","35":"11","86":"11","C6":"11","65":"3","46":"11","64":"11","C4":"11","85":"11","45":"11","84":"11","94":"11","95":"11"},"6X":{"48":"11","57":"11","39":"11","28":"11","47":"11","49":"11","38":"11","58":"11"},"JH":{"C3":"11","M7":"11","C5":"11","C4":"11"},"43":{"VX":"3","MH":"11","PQ":"3","RX":"3","JJ":"11","PV":"3","PR":"3","QV":"3","JH":"11","QR":"3","RW":"3","JF":"11","JG":"11","MJ":"11"},"RM":{"64":"11","73":"3","72":"3","54":"11","65":"11"},"QM":{"9H":"11","66":"11","CH":"11","9J":"11","6F":"11","FG":"11","CJ":"11","65":"11","7F":"11","6C":"11"},"28":{"F4":"11","44":"3","78":"3","MP":"11","MM":"11","54":"3","99":"3","47":"3","PM":"11","52":"3|11","87":"3","39":"3","F3":"11","2C":"3|11","48":"3|11","86":"3","57":"3","C8":"11","46":"3","C7":"11","2G":"3","88":"3","JM":"11","89":"3","3C":"3","PP":"11","55":"3","49":"3","98":"3","45":"3","97":"3","MQ":"11","53":"3","62":"3","2F":"3","56":"3","3F":"3"},"52":{"GC":"11","GH":"11","HM":"11|3","3P":"11","PX":"11","HJ":"3|11","87":"11","HP":"11|3","JM":"11","JV":"11","HV":"11","JP":"11","3M":"11","JQ":"11","HR":"11","HQ":"11","MX":"11","F9":"11","97":"11","JR":"11"},"QP":{"PV":"11","9F":"11","H6":"11","CF":"11","FF":"11","FC":"11","F9":"11","CG":"11","H5":"11","CM":"11","CP":"11"},"29":{"H2":"11","H3":"11"},"FG":{"M8":"11","H4":"3","H6":"11","G2":"3","M6":"11","J3":"3|11","H2":"3|11","J5":"11","G4":"3","J2":"3|11","H3":"3","J6":"11","M7":"11","G3":"3","H5":"11","J8":"11","J7":"11","J4":"3|11"},"RJ":{"2M":"11","2H":"11","4P":"11","2J":"11","3M":"11","3Q":"11","4Q":"11","3P":"11"},"C8":{"MQ":"11","JQ":"11","JP":"11","MP":"11"},"3C":{"P2":"11","M3":"11"},"22":{"9J":"11"},"24":{"7G":"11","5G":"11","8F":"11","5J":"11","5H":"11","6J":"11","8G":"11","6H":"11","5M":"11"},"GC":{"2R":"11","CR":"11","CW":"11","FW":"11","2M":"11","2P":"11","JW":"11","FR":"11","5P":"11","HH":"11","5V":"11","7R":"11","MR":"11","8W":"11","GG":"11","6P":"11","4Q":"11","7V":"11","5Q":"11","GV":"11","6V":"11","JV":"11","4R":"11","2Q":"11","8X":"11","3R":"11","4V":"11","6R":"11","7X":"11","FX":"11","FG":"11","MV":"11","3P":"11","7W":"11","FV":"11","CV":"11","5R":"11","GC":"11","5M":"11","FF":"11","6Q":"11","GF":"11","JR":"11","GH":"11","8V":"11","HR":"11","GJ":"11","HV":"11","3Q":"11","FC":"11"},"53":{"P2":"11","MJ":"11","PF":"11","PG":"11","P4":"11","PH":"11","M2":"11","Q4":"11","MG":"11","HV":"11","Q5":"11","Q6":"11","JM":"11","MM":"11","P5":"11","MH":"11","P3":"11","HW":"11"},"FF":{"Q3":"11","FP":"11","HX":"3|11","H6":"11","FQ":"11|3","JX":"3|11","GR":"11","CQ":"11","HV":"11","FM":"11","GP":"11","R2":"11","J5":"11","Q2":"11","GX":"3","GV":"11|3","J6":"11","GQ":"11","H5":"11","HW":"3|11","CP":"11"},"JC":{"HW":"11","HV":"11"},"39":{"VH":"11","PX":"11"},"GF":{"72":"11","82":"11"},"JJ":{"MX":"11","9F":"11","8R":"3","8J":"11","9Q":"3|11","8M":"3","7M":"3","9H":"11","8H":"11","7Q":"3","3X":"11","9P":"3|11","PP":"11","8G":"11","8Q":"3","9G":"11","7P":"3","8P":"3","9J":"11","4X":"11"},"GH":{"J7":"11","9G":"11","CG":"11","FJ":"3","J6":"11","2C":"11","2F":"11","3F":"11","9F":"11"},"23":{"5C":"11","4R":"11","4V":"11"},"FH":{"XC":"11","X9":"11","X8":"11"},"GJ":{"57":"11","69":"11","68":"11","58":"11","67":"11"},"HG":{"37":"11","44":"11","83":"11","54":"11","2J":"3","36":"11","47":"11","82":"11","26":"11","2H":"3","25":"11","74":"11","73":"11","35":"11","65":"11","46":"11","2G":"3","64":"11","2V":"3","3G":"3","92":"11","3M":"3","63":"11","55":"11","2R":"3","72":"11","45":"11","3J":"3","27":"11","53":"11","3H":"3","2Q":"3","62":"11","56":"11"},"FC":{"RW":"11","WW":"11","XQ":"11","XR":"11","VV":"11","WP":"11","QX":"11","RX":"11","WQ":"11","VW":"11","QW":"11","XV":"11","XP":"11","RV":"11","WV":"11","VX":"11","WR":"11"}},"C4":{"J8":{"MH":"11","PH":"11","VP":"11","RP":"11","MG":"11","VM":"11","PG":"11"},"GF":{"G3":"11","C5":"11","F3":"11","C4":"11"},"GC":{"GW":"11","GX":"11","JQ":"11"},"G8":{"R5":"11","C4":"11","C3":"11","H6":"11","Q4":"11","R6":"11","F5":"11","92":"11","93":"11","H7":"11","G6":"11","G5":"11","H5":"11","F4":"11","R4":"11","94":"11"},"GH":{"2R":"11","23":"11","2W":"11","33":"11","42":"11","2Q":"11","43":"11","2V":"11","24":"11","34":"11"},"CM":{"VF":"11","WF":"11","X7":"11","X8":"11","WH":"11","V6":"11","WG":"11","VC":"11","VG":"11","X9":"11","X6":"11","V8":"11","WM":"11","W6":"11","V9":"11","XG":"11","VH":"11","XC":"11","V7":"11","XF":"11","W5":"11","WJ":"11","X5":"11"},"FH":{"XW":"11","PF":"11","W9":"11","X7":"11","JQ":"11","HX":"11","MG":"11","JR":"11","RX":"11","X6":"11","VW":"11","W8":"11","W6":"11","W7":"11","GX":"11","JV":"11","WC":"11","MF":"11","XC":"11","HW":"11","VX":"11","XF":"11","PC":"11","MC":"11","X5":"11"},"8V":{"22":"11","23":"11"},"7R":{"XW":"11","XX":"11","XR":"11","WP":"11","XJ":"11","WQ":"11","WM":"11","XV":"11","WV":"11","WJ":"11","WR":"11"},"7V":{"X4":"11","X3":"11","W4":"11"},"CP":{"4X":"11","9M":"11","GF":"11","GC":"11","R4":"11","FG":"11","RC":"11","RF":"11","CM":"11","5W":"11","8P":"11","FH":"11","FF":"11","7Q":"11","WH":"11","XH":"11","4W":"11","8Q":"11","VF":"11","XF":"11","V8":"11","R5":"11","XG":"11","9Q":"11","9P":"11","GG":"11","4V":"11","WG":"11","FJ":"11","V6":"11","CJ":"11","5V":"11","V7":"11"},"FM":{"5H":"11","5J":"11","66":"11","54":"11","5G":"11","67":"11","4H":"11","58":"11","57":"11","65":"11","5C":"11","64":"11","63":"11","4J":"11","3J":"11","53":"11","5F":"11","56":"11"},"G5":{"3G":"11","3P":"11","7C":"11","3H":"11","89":"11","3M":"11","5M":"11","6M":"11","79":"11","8C":"11"},"CQ":{"44":"11","42":"11","2C":"11","29":"11","43":"11"},"9Q":{"RX":"11","VW":"11","RC":"11","WC":"11","R8":"11","9V":"11","WQ":"11","QH":"11","QC":"11","WW":"11","W9":"11","CP":"11","9X":"11","GQ":"11","FM":"11","V8":"11","WR":"11","WV":"11","8X":"11","CQ":"11","9Q":"11","FP":"11","9R":"11","9W":"11","V9":"11","Q9":"11","VX":"11","R9":"11","GP":"11","VP":"11","QJ":"11","XC":"11"},"FP":{"2G":"11"},"GG":{"Q6":"11","5X":"11","Q7":"11","4X":"11","V3":"11"},"HF":{"46":"11","45":"11"},"G9":{"HX":"11","HW":"11","GV":"11","HV":"11"},"G7":{"C3":"11","C2":"11","J3":"11","F7":"11","J2":"11","G6":"11","9X":"11","F6":"11"},"HC":{"JR":"11","CQ":"11","FQ":"11","PF":"11","MF":"11","JQ":"11","PG":"11","CR":"11"},"9R":{"P2":"11","Q3":"11","M2":"11","55":"11","92":"11","R2":"11","46":"11","82":"11","54":"11","26":"11","63":"11","Q2":"11","72":"11","47":"11","37":"11","P3":"11","53":"11"},"FJ":{"87":"11","88":"11","4R":"11","97":"11","G2":"11","4P":"11","3R":"11","4V":"11","JM":"11","4W":"11","G4":"11","G5":"11","G3":"11","4Q":"11","HM":"11","F6":"11","98":"11","4X":"11"},"8R":{"F8":"11","5H":"11","V4":"11","R4":"11","P6":"11","Q5":"11","V5":"11","5G":"11","2J":"11","X6":"11","Q4":"11","J4":"11","77":"11","4H":"11","M6":"11","M4":"11","86":"11","C8":"11","5C":"11","2X":"11","76":"11","W5":"11","4G":"11","R3":"11","98":"11","F7":"11","3J":"11","97":"11","3H":"11","V3":"11","5F":"11"},"J6":{"Q8":"11","P9":"11","P8":"11"},"F2":{"H2":"11","H3":"11"},"G6":{"FR":"11","9G":"11","7J":"11","66":"11","54":"11","FV":"11","FW":"11","CR":"11","CC":"11","7M":"11","CX":"11","65":"11","FX":"11","8H":"11","9F":"11","CQ":"11","CF":"11","55":"11","JX":"11","HX":"11"}},"66":{"CH":{"5C":"11","5G":"11","3F":"11","48":"11","4C":"11","59":"11","6J":"11","6H":"11","49":"11","46":"11","57":"11","47":"11","5H":"11","6G":"11","39":"11","56":"11","58":"11","3C":"11","4F":"11"},"GC":{"M3":"11"}},"PQ":{"7R":{"PQ":"11","VP":"11","RP":"11","VR":"11","RM":"11","RF":"11","RQ":"11","RG":"11","RH":"11","RC":"11","VH":"11","QQ":"11","VJ":"11","QJ":"11","VC":"11","QM":"11","VM":"11","VF":"11","RR":"11","VQ":"11","QP":"11","VG":"11","RJ":"11"},"6W":{"F5":"11","QX":"11","85":"11","9C":"11","G3":"11","93":"11","97":"11","8R":"11","62":"11","7Q":"11","H4":"11","CH":"11","64":"11","C7":"11","9H":"11","92":"11","F4":"11","PR":"11","CF":"11","73":"11","RW":"11","7R":"11","MR":"11","G6":"11","C6":"11","H7":"11","GG":"11","83":"11","82":"11","G4":"11","86":"11","CG":"11","F3":"11","7V":"11","C2":"11","G8":"11","75":"11","H3":"11","F7":"11","88":"11","F6":"11","F2":"11","89":"11","PV":"11","9G":"11","98":"11","54":"11","G2":"11","96":"11","PX":"11","F9":"11","C4":"11","95":"11","H2":"11","H6":"11","FG":"11","RX":"11","H5":"11","63":"11","MV":"11","QW":"11","65":"11","FJ":"11","94":"11","C8":"11","9F":"11","CC":"11","F8":"11","CJ":"11","72":"11","G7":"11","GC":"11","8Q":"11","FF":"11","C9":"11","C3":"11","99":"11","9J":"11","GF":"11","PW":"11","MX":"11","C5":"11","G5":"11","74":"11","MW":"11","76":"11","GH":"11","84":"11","FH":"11","FC":"11","G9":"11"},"6V":{"R5":"11","V3":"11","V4":"11","Q3":"11","VF":"11","HR":"11","8W":"11","WF":"11","R8":"11","FP":"11","8R":"11","HX":"11","9Q":"11","FQ":"11","WH":"11","Q4":"11","R6":"11","Q7":"11","HQ":"11","V6":"11","XJ":"11","CV":"11","R7":"11","GW":"11","WG":"11","VG":"11","FW":"11","7X":"11","XH":"11","GR":"11","CW":"11","CQ":"11","HV":"11","Q5":"11","Q6":"11","FR":"11","CR":"11","9R":"11","9P":"11","FV":"11","W4":"11","7W":"11","V8":"11","WM":"11","7V":"11","GX":"11","GV":"11","V5":"11","9W":"11","XG":"11","R3":"11","9X":"11","XP":"11","8X":"11","GQ":"11","8V":"11","XM":"11","9V":"11","V7":"11","HW":"11","XF":"11","W5":"11","CX":"11","FX":"11","CP":"11","WJ":"11","R4":"11"},"9P":{"5H":"11","5J":"11","4R":"11","7G":"11","7C":"11","66":"11","6C":"11","67":"11","3P":"11","5Q":"11","4H":"11","6M":"11","5P":"11","5M":"11","65":"11","7F":"11","4Q":"11","8H":"11","6H":"11","4M":"11","6F":"11","8G":"11","6J":"11","3M":"11","3Q":"11","7H":"11","4V":"11","55":"11","6G":"11","4J":"11","69":"11","8F":"11","4P":"11","3J":"11","79":"11","3R":"11","56":"11"},"7W":{"RX":"11","XR":"11","VW":"11","WP":"11","RR":"11","93":"11","WQ":"11","C2":"11","WW":"11","VR":"11","F3":"11","XP":"11","XQ":"11","WM":"11","XM":"11","WR":"11","C3":"11","WV":"11","VQ":"11","XW":"11","92":"11","RW":"11","RV":"11","VV":"11","VX":"11","C4":"11","XV":"11","WX":"11","94":"11","F2":"11","G2":"11","VP":"11","VM":"11"},"7V":{"HJ":"11","CR":"11","CQ":"11","GX":"11","GQ":"11","CH":"11","FW":"11","CW":"11","2M":"11","2P":"11","4G":"11","J5":"11","5C":"11","M8":"11","5G":"11","FR":"11","HP":"11","HH":"11","HW":"11","HM":"11","GG":"11","49":"11","JM":"11","2H":"11","FM":"11","GV":"11","M6":"11","MQ":"11","3G":"11","J6":"11","JQ":"11","3F":"11","HQ":"11","FP":"11","3J":"11","CM":"11","9P":"11","4F":"11","48":"11","9W":"11","4H":"11","9R":"11","GM":"11","GW":"11","9X":"11","M7":"11","GR":"11","CP":"11","FX":"11","FG":"11","J4":"11","JP":"11","M4":"11","FJ":"11","MP":"11","2C":"11","5F":"11","J7":"11","CJ":"11","3C":"11","FV":"11","CV":"11","FQ":"11","2F":"11","9Q":"11","39":"11","2J":"11","2G":"11","JJ":"11","JR":"11","M5":"11","GH":"11","FH":"11","HR":"11","GJ":"11","CX":"11","HV":"11","3H":"11","J8":"11","4C":"11","GP":"11"},"8Q":{"FP":"11","9Q":"11","FQ":"11","CV":"11","FH":"11","GR":"11","CQ":"11","FM":"11","GP":"11","FR":"11","CR":"11","9P":"11","FV":"11","CJ":"11","GM":"11","GQ":"11","CM":"11","FG":"11","CP":"11","FJ":"11"},"6X":{"V4":"11","R4":"11","X4":"11","P2":"11","P3":"11","W2":"11","J2":"11","Q4":"11","X3":"11","Q2":"11","M4":"11","W3":"11","M2":"11","R5":"11","J3":"11","R2":"11","W4":"11","Q3":"11","R3":"11","P4":"11","V3":"11","M3":"11"}},"7P":{"M5":{"XP":"11"},"3J":{"99":"11"},"35":{"48":"7","49":"7"},"3H":{"6J":"11"},"P8":{"7G":"11","7M":"11","6J":"11","6H":"11","6G":"11","7J":"11","7H":"11","7F":"11"}},"GF":{"J2":{"RW":"11","PR":"11","MX":"11","HR":"11","PV":"11","HX":"11","PW":"11","XQ":"11","JR":"11","VV":"11","QX":"11","GW":"11","JW":"11","RX":"11","MR":"11","WQ":"11","VW":"11","HV":"11","MW":"11","QW":"11","QV":"11","VR":"11","MV":"11","GX":"11","PX":"11","JV":"11","RV":"11","HW":"11","WR":"11"},"35":{"RG":"3","RH":"3"},"M3":{"2R":"11","85":"11","58":"11","8R":"11","7Q":"11","64":"11","5W":"11|3","7C":"11","5C":"11","3V":"11","6W":"3","87":"11","73":"11","78":"11","56":"11","5V":"11|3","59":"11","7R":"11","8W":"11","7P":"11","55":"11","86":"11","7V":"11|3","5Q":"11","75":"11","6V":"11|3","88":"11","67":"11","4R":"11","89":"11","8C":"11","54":"11","4V":"11","9R":"11","4W":"11","3W":"11","6R":"11","52":"11","57":"11","66":"11","8F":"11","63":"11","65":"11","2V":"11","7W":"11|3","5R":"11","53":"11","6Q":"11","74":"11","9V":"11","76":"11","84":"11","69":"11","8V":"11","2W":"11","77":"11","68":"11","79":"11"},"J3":{"F8":"11","VW":"11","M7":"11","M8":"11","RJ":"11","GF":"11","G8":"11","GC":"11","R4":"11","QV":"11","Q5":"11","RC":"11","P2":"11","RF":"11","GH":"11","R8":"11","QR":"11","Q8":"11","QQ":"11","RP":"11","F6":"11","RR":"11","PM":"11","QH":"11","Q4":"11","PH":"11","MF":"11","P8":"11","QC":"11","GM":"11","WW":"11","VR":"11","GQ":"11","Q2":"11","PF":"11","QM":"11","G5":"11","M2":"11","R5":"11","P9":"11","WR":"11","WV":"11","RG":"11","PC":"11","PQ":"11","G4":"11","R2":"11","H2":"11","RQ":"11","MG":"11","VQ":"11","GG":"11","XW":"11","GJ":"11","G3":"11","QF":"11","Q3":"11","P7":"11","G9":"11","G7":"11","R3":"11","H4":"11","PJ":"11","QG":"11","PG":"11","RW":"11","PP":"11","VV":"11","RV":"11","H5":"11","Q9":"11","M9":"11","H3":"11","F9":"11","QP":"11","R7":"11","R9":"11","XV":"11","F7":"11","F5":"11","GP":"11","G6":"11","RM":"11","MC":"11","G2":"11","QJ":"11","MH":"11"},"M2":{"4W":"11","5X":"11","5W":"11","3V":"11","4V":"11","4X":"11","3R":"11"}},"6J":{"5V":{"99":"11","8F":"11","8C":"11","9C":"11","89":"11","7C":"11","7F":"11"}},"H5":{"96":{"F8":"3","GC":"3"},"88":{"6J":"7"}},"88":{"GH":{"6J":"3","7G":"3","6H":"3","7M":"3","7H":"3","6G":"3","7J":"3","6M":"3"},"FH":{"WC":"11","WF":"11"},"GW":{"WJ":"3","XJ":"3","WG":"3","WH":"3","XH":"3","XG":"3"},"C8":{"WW":"3","VQ":"3","VV":"3","WP":"3","WQ":"3","VW":"3","WM":"3","VR":"3","XP":"3","WV":"3","WR":"3"},"H3":{"MF":"11","98":"11"},"82":{"CM":"11","CQ":"11","FQ":"11","CP":"11","FP":"11"}},"94":{"W7":{"8W":"11","8X":"11"},"46":{"R3":"3","V2":"3","R2":"3"},"45":{"VX":"3","VW":"3","RX":"3","WW":"3"},"W9":{"G8":"11","G7":"11"},"WH":{"8G":"11","8H":"11"}},"HF":{"42":{"23":"11","38":"11","33":"11","32":"11","49":"11","26":"11","35":"11","37":"11","25":"11","24":"11","39":"11","36":"11","22":"11","34":"11"},"29":{"8F":"3","8C":"3|11","7C":"3","7F":"3"},"22":{"56":"11","54":"11","55":"11"}},"52":{"8W":{"VX":"11","QW":"11","RX":"11","QV":"11","RW":"11"},"8X":{"V2":"11"}},"GR":{"Q9":{"3X":"3","4X":"3"},"QC":{"34":"3","44":"3","35":"3","33":"3","42":"3","45":"3","43":"3","32":"3"},"XQ":{"7Q":"11","6X":"11","7P":"11","6W":"11"},"XV":{"9P":"11","9M":"11","CQ":"11","9Q":"11","CP":"11","8P":"11"},"WH":{"WG":"11","WH":"11"},"XH":{"3F":"11","2F":"11","3H":"11","2C":"11","2H":"11","2J":"11","3C":"11"},"XR":{"62":"11"}},"65":{"7H":{"VC":"11"},"G2":{"RF":"11"}},"G7":{"32":{"Q7":"3"}},"GC":{"H4":{"6X":"11","4W":"11","4V":"11","4X":"11"},"J9":{"RX":"11","VW":"11","PV":"11","PM":"11","PX":"11","MW":"11","PQ":"11","PR":"11","MV":"11","PP":"11","RW":"11","RV":"11","VV":"11","PW":"11","VX":"11","MX":"11","MQ":"11","MR":"11"},"H6":{"5C":"11","62":"11","48":"11","4C":"11","59":"11","5F":"11","42":"11","55":"11","49":"11","46":"11","54":"11","43":"11","52":"11","57":"11","47":"11","45":"11","44":"11","56":"11","4F":"11","53":"11"},"JC":{"J7":"11","X5":"11","M5":"11","M6":"11","P2":"11","M3":"11","W2":"11","W3":"11","V2":"11","M4":"11","J6":"11","M7":"11","X4":"11","J5":"11","W5":"11","X3":"11","M2":"11","V3":"11","W4":"11"},"HQ":{"WC":"3","WG":"3","WF":"3"},"WP":{"X5":"11","X7":"11","W7":"11","X6":"11","W6":"11"},"J3":{"CC":"11","7R":"11","6F":"11","66":"11","87":"11","8R":"11","HX":"11","9Q":"11","64":"11","6J":"11","65":"11","6H":"11","97":"11","73":"11","FH":"11","GW":"11","CF":"11","FF":"11","7M":"11","CQ":"11","HV":"11","FM":"11","7Q":"11","9R":"11","75":"11","6Q":"11","7W":"11","74":"11","76":"11","7V":"11","7P":"11","GV":"11","CG":"11","69":"11","68":"11","CJ":"11","6G":"11","8V":"11","86":"11","85":"11","HW":"11","CM":"11","84":"11","C9":"11","6M":"11","FG":"11","67":"11","CP":"11","6P":"11","99":"11","98":"11","FJ":"11","6C":"11"},"J5":{"J8":"11","M7":"11","RJ":"11","PV":"11","J7":"11","M5":"11","P2":"11","JF":"11","P3":"11","H7":"11","J9":"11","QH":"11","MF":"11","M6":"11","M4":"11","PF":"11","P5":"11","PQ":"11","G4":"11","PR":"11","JM":"11","JJ":"11","JP":"11","JG":"11","G3":"11","QF":"11","JH":"11","H4":"11","QG":"11","JQ":"11","P4":"11","H8":"11","H5":"11","H3":"11","MQ":"11","J6":"11","MR":"11","H6":"11","G2":"11","QJ":"11","J5":"11"},"XP":{"34":"11","33":"11","24":"11","42":"11","25":"11","32":"11","23":"11"},"XM":{"3X":"11","4X":"11"},"H5":{"44":"11","78":"11","7C":"11","68":"11","83":"11","6C":"11","75":"11","67":"11","47":"11","77":"11","43":"11","73":"11","48":"11","86":"11","5C":"11","46":"11","76":"11","6F":"11","49":"11","69":"11","42":"11","72":"11","85":"11","45":"11","4C":"11","84":"11","62":"11","79":"11","5F":"11"},"J7":{"J9":"11","JC":"11","H8":"11","G8":"11","G4":"11","G6":"11","H9":"11","G5":"11","G3":"11","G7":"11"},"MC":{"24":"11","25":"11"},"J4":{"J8":"11","FR":"11","M8":"11","M7":"11","GX":"11","GF":"11","GC":"11","MP":"11","PV":"11","MM":"11","FG":"11","J7":"11","FH":"11","FV":"11","FF":"11","GV":"11","FW":"11","PM":"11","MF":"11","PX":"11","GM":"11","GQ":"11","GW":"11","FM":"11","HP":"11","GR":"11","PQ":"11","PR":"11","H2":"11","MG":"11","GJ":"11","JG":"11","FC":"11","G9":"11","H4":"11","JH":"11","FQ":"11","PP":"11","HQ":"11","PW":"11","H5":"11","H3":"11","M9":"11","FJ":"11","GP":"11","J6":"11","MJ":"11","H6":"11","MC":"11","MH":"11","J5":"11"}},"96":{"3J":{"2Q":"11","3Q":"11"},"JC":{"FC":"11","GF":"11","FF":"11"}},"HC":{"3X":{"87":"11","9F":"11","88":"11","9C":"11","GJ":"11","FH":"11","CF":"11","9H":"11","9G":"11","CG":"11","CJ":"11","89":"11","GH":"11","86":"11","85":"11","FG":"11","CH":"11","8C":"11","FJ":"11"},"3V":{"GR":"11","GW":"11","GV":"11","GQ":"11"}},"93":{"RM":{"VV":"11"},"3F":{"QQ":"11","QR":"11"},"3G":{"F9":"11","FC":"11"},"3P":{"XC":"11","XF":"11"},"HQ":{"M3":"11","M2":"11"},"4P":{"2C":"11","2F":"11"},"HP":{"MX":"11"},"3Q":{"V8":"11","M6":"11","V9":"11","J4":"11","J5":"11","P6":"11"},"3M":{"PQ":"11","QQ":"11","QP":"11"},"2C":{"F5":"7"},"98":{"5Q":"11","6J":"11","4P":"11","6R":"11","5J":"11","6Q":"11","5P":"11","5M":"11","6M":"11","6P":"11"},"4M":{"4P":"11","3Q":"11"},"F4":{"8M":"11","9P":"11","9H":"11","9M":"11","CM":"11","CH":"11","9J":"11","CJ":"11"},"99":{"8F":"11","4C":"11"}},"4C":{"X7":{"GH":"11","JJ":"11","HG":"11","GJ":"11","GG":"11","HH":"11","JH":"11","HJ":"11","JG":"11"},"X8":{"48":"11","47":"11","46":"11","49":"11","59":"11","58":"11"}},"MQ":{"6H":{"X9":"11","X8":"11"},"6C":{"FG":"11","GH":"11","FH":"11","FF":"11","HM":"11","CC":"11","HJ":"11","GM":"11","HP":"11","C7":"7","GJ":"11","JP":"11","FC":"11","CF":"11","FJ":"11","GP":"11","CG":"11"}},"45":{"X5":{"44":"11","43":"11"},"X3":{"2X":"11"}},"2J":{"4W":{"3J":"11","3H":"11"},"3X":{"WC":"11","V8":"11","Q6":"11","V7":"11","V9":"11","RC":"11","R7":"11","R6":"11","VC":"11","W9":"11","Q7":"11","R8":"11","R9":"11","82":"11"},"4X":{"FH":"11","FM":"11","CG":"11","CM":"11","FJ":"11","CH":"11","CJ":"11"}},"GW":{"99":{"9M":"11","M8":"11","PV":"11","CM":"11","Q8":"11","Q7":"11","HM":"11","MF":"11","P8":"11","JW":"11","GM":"11","CP":"11","FM":"11","HP":"11","MW":"11","P9":"11","PC":"11","PR":"11","JM":"11","JV":"11","JJ":"11","MG":"11","FP":"11","JP":"11","MV":"11","P7":"11","JH":"11","JX":"11","M9":"11","HX":"11","GP":"11","MR":"11","MJ":"11","MC":"11","MH":"11"},"C7":{"8F":"11","87":"11","9F":"11","88":"11","9C":"11","97":"11","8G":"11","9G":"11","89":"11","86":"11","8C":"11","99":"11","98":"11"},"5J":{"Q9":"11","V8":"11","QF":"11","RF":"11","QC":"11","V9":"11","RC":"11","R8":"11","R9":"11"},"C2":{"37":"11","44":"11","54":"11","32":"11","38":"11","36":"11","47":"11","52":"11","26":"11","34":"11","43":"11","25":"11","39":"11","2C":"11","23":"11","35":"11","48":"11","28":"11","46":"11","33":"11","29":"11","3C":"11","55":"11","42":"11","24":"11","45":"11","27":"11","53":"11","2F":"11"},"5F":{"XW":"11","XJ":"11","XF":"11","XV":"11","XH":"11","XG":"11","XR":"11"},"6G":{"22":"11","32":"11"},"4R":{"F4":"11","G8":"11","H7":"11","F6":"11","J2":"11","C2":"11","J4":"11","F3":"11","G5":"11","G4":"11","J3":"11","H2":"11","G3":"11","G7":"11","H4":"11","H8":"11","H5":"11","H3":"11","F5":"11","J6":"11","F2":"11","G6":"11","H6":"11","G2":"11","J5":"11"},"89":{"PJ":"11","QH":"11","PF":"11","QJ":"11","PG":"11","PH":"11","JC":"11","JF":"11","HG":"11","RG":"11","MG":"11","JH":"11","HF":"11","QF":"11","MH":"11","MF":"11","JG":"11","QG":"11","RH":"11","PC":"11","GG":"11","MC":"11"},"92":{"X8":"11","V3":"11","X9":"11","WG":"11","P8":"11","PQ":"11","WF":"11","Q6":"11","QQ":"11","PF":"11","PR":"11","VM":"11","Q8":"11","WJ":"11","RQ":"11","PH":"11","VG":"11","PC":"11","VJ":"11","QR":"11","Q9":"11","W9":"11","VH":"11","VF":"11","RH":"11","R5":"11","XH":"11","PG":"11","Q7":"11","XG":"11","RM":"11","V4":"11","QM":"11","QP":"11","Q5":"11","QC":"11","WH":"11","RP":"11","R4":"11","RJ":"11","X6":"11","XF":"11","W8":"11","X7":"11","XC":"11","WC":"11","R6":"11"},"6F":{"2R":"11","2F":"11","2W":"11","3W":"11","2G":"11","2Q":"11","2X":"11","3X":"11","2V":"11","2H":"11"},"4Q":{"HJ":"11","F5":"11","GX":"11","GQ":"11","FW":"11","JW":"11","F4":"11","HH":"11","HP":"11","HW":"11","HM":"11","G6":"11","G4":"11","JM":"11","CG":"11","GV":"11","G8":"11","HX":"11","F7":"11","F6":"11","JV":"11","JQ":"11","HQ":"11","HF":"11","GM":"11","JX":"11","GW":"11","F9":"11","GR":"11","JH":"11","FX":"11","FG":"11","JP":"11","F8":"11","G7":"11","GC":"11","FF":"11","G5":"11","JJ":"11","JR":"11","HR":"11","GJ":"11","CX":"11","HG":"11","HV":"11","FC":"11","G9":"11","GP":"11"}},"GM":{"WH":{"XR":"11","WP":"11","XJ":"11","WQ":"11","XV":"11","XP":"11","XM":"11","WR":"11"},"XH":{"3J":"11","2H":"11","3H":"11","2J":"11"},"XG":{"8F":"11","FP":"11","88":"11","97":"11","9H":"11","8H":"11","9P":"11","8G":"11","9M":"11","96":"11","89":"11","CP":"11","8C":"11","98":"11","9J":"11"}},"87":{"XF":{"6F":"11"},"XV":{"HQ":"3","JJ":"3","C2":"3","JM":"3","JQ":"3","HM":"3","HJ":"3","F2":"3","JP":"3","HP":"3"},"XP":{"WP":"3","VP":"3","WJ":"3","WM":"3","XJ":"3","VH":"3","VJ":"3","WH":"3","VM":"3","XP":"3","XM":"3"},"XR":{"CC":"3|11","C8":"3","87":"3","88":"3","97":"3","CF":"11","FW":"3","9H":"3|11","FC":"3","9M":"3","96":"3","9G":"11","F9":"3","CG":"3|11","C7":"3","CJ":"3","86":"3","85":"3","CM":"3","C9":"3","CX":"3","CH":"3|11","FX":"3","98":"3","99":"3","9J":"3"}},"73":{"C7":{"64":"11","65":"11","73":"11","75":"11","74":"11","63":"11","72":"11"},"5C":{"QW":"11","RX":"11","QX":"11","RW":"11"},"M8":{"2F":"11","2G":"11"},"5G":{"H8":"11","H7":"11"},"87":{"M8":"11","J9":"11","C5":"11","JC":"11","JF":"11","H8":"11","97":"11","96":"11","M9":"11","C7":"11","H9":"11","C6":"11","95":"11","J8":"11","J7":"11","98":"11","MC":"11"},"59":{"2F":"11"},"RV":{"C7":"11","C6":"11","C5":"11"},"C6":{"7R":"11","6F":"11","7G":"11","7C":"11","7X":"11","7M":"11","7Q":"11","7W":"11","7H":"11","7V":"11","57":"11","7P":"11","7F":"11","69":"11","68":"11","7J":"11","67":"11","79":"11","58":"11","6C":"11"},"36":{"P3":"11","Q3":"11","P4":"11"},"55":{"CC":"11","62":"2","64":"2|11","9C":"11","CF":"11","FF":"11","54":"2|11","43":"2","63":"2","52":"2","89":"11","44":"2","99":"11","53":"2|11"},"88":{"8W":"2","9X":"2","8X":"2"},"RR":{"F9":"11","F7":"11","F8":"11"},"89":{"H5":"11","H4":"11","H6":"11","J4":"11","J5":"11","92":"2","82":"2"},"9M":{"6X":"11","9X":"11","3W":"11","7X":"11","8X":"11","4X":"11"},"9P":{"PX":"11","PW":"11"},"4F":{"66":"11","59":"11","64":"11","73":"11","74":"11","F7":"11","C7":"11","68":"11","C6":"11","67":"11","58":"11"},"48":{"JP":"11","QH":"11","5G":"11","PF":"11","QJ":"11","PG":"11","WH":"11","MG":"11","7G":"11","HJ":"11","GJ":"11","JH":"11","FH":"3|11","HP":"11","W3":"11","RJ":"11","GP":"11","FM":"11","X2":"11","JM":"11","4G":"11","7F":"11","CJ":"3","GM":"11","GH":"11","X3":"11","VH":"11","MH":"11","JG":"11","QG":"11","HM":"11","RH":"11","FG":"11","CH":"3","W2":"11","FJ":"3|11"},"54":{"5G":"11","8R":"11","R6":"11","R7":"11","7X":"11","7W":"11","4G":"11","7V":"11","8Q":"11","5H":"11","6X":"2","4H":"11","CP":"11"},"6G":{"JC":"11","J9":"11","C2":"3|11","JF":"11","JG":"11"},"4H":{"CM":"11","CQ":"7","CP":"11"},"96":{"C8":"11","97":"11","82":"11","96":"11","C7":"11","86":"11","85":"11","95":"11","84":"11","C9":"11","83":"11","98":"11","94":"11"},"M7":{"8F":"3|11","8C":"3","7C":"3","7F":"3"},"95":{"8V":"11","9R":"11","9Q":"11","8X":"11","8R":"11"},"57":{"27":"11"},"RJ":{"5R":"11","4R":"11","4Q":"11","5Q":"11"},"47":{"WW":"11","WX":"11"},"5F":{"HR":"11","VP":"11","JQ":"11","QQ":"11","VQ":"11","JR":"11","GW":"11","WQ":"11","HV":"11","Q2":"11","RQ":"11","GX":"11","GV":"11","HW":"11"},"J7":{"QX":"11"},"3C":{"F4":"2|11","R4":"11","Q5":"11","P2":"11","P3":"11","J2":"2","Q4":"11","J4":"2|11","Q2":"11","M4":"11|2","M2":"11|2","R5":"11","G4":"2|11","H2":"2","J3":"2|11","G3":"2","Q3":"11","H4":"2|11","P4":"11","H3":"2","95":"11","G2":"2","M3":"11|2"},"22":{"94":"11"},"6F":{"CX":"3|11"},"2F":{"WQ":"3"},"9Q":{"M3":"11"},"MC":{"MV":"11"},"69":{"VJ":"11","VM":"11"},"8P":{"WC":"11","VH":"3","WG":"3","WH":"3","X3":"11","VG":"3"},"6H":{"M5":"11","M6":"11","J6":"11","J5":"11"},"J8":{"Q3":"11","X7":"11","X8":"11","Q4":"11","R7":"11","X9":"11","Q2":"11","R3":"11","XC":"11","V7":"11","XF":"11","R4":"11"},"79":{"5Q":"11","VF":"11","WF":"11","X7":"7","RC":"11","X8":"7","RG":"11","RF":"11","4P":"11","WG":"11","VC":"11","VG":"11","3Q":"11","VH":"11","4Q":"11","5P":"11","RH":"11"},"4C":{"5G":"11","5C":"11","5F":"11","6G":"11","6F":"11"}},"G6":{"VW":{"GP":"11","HQ":"11","GM":"11"},"QP":{"5R":"3","3M":"3","5Q":"3"}},"2Q":{"RH":{"9W":"11","9X":"11","FW":"11","CX":"11","CW":"11","FV":"11"},"VM":{"99":"11","88":"11","C8":"11","89":"11","C9":"11"},"QP":{"63":"11","64":"11","66":"11","54":"11","55":"11","65":"11"}},"5X":{"J9":{"3Q":"11"},"X7":{"FR":"11","GX":"11","GC":"11","HW":"11","9V":"11","8V":"11","FV":"11","GV":"11","FW":"11","CR":"11","CV":"11","CP":"11","9X":"11","GW":"11","CX":"11","FX":"11","CW":"11","8X":"11","CQ":"11","9Q":"11","HV":"11","G9":"11","9R":"11","9W":"11","HX":"11","8R":"11","8W":"11"},"X8":{"H4":"11","C2":"11","G2":"11","92":"11","93":"11","82":"11","F3":"11","H2":"11","G4":"11","J2":"11","H3":"11","G3":"11","84":"11","F2":"11","83":"11"},"JH":{"C7":"11","C6":"11"}},"PV":{"WP":{"9X":"11"},"WQ":{"93":"11","83":"11","94":"11","92":"11","82":"11"}},"2H":{"X7":{"C4":"11"}},"4W":{"CW":{"H4":"11","HC":"11","GC":"11","FF":"11","GF":"11","J5":"11","H3":"11","H9":"11","J4":"11"},"6H":{"F5":"11","J3":"11","J5":"11","G4":"11","H3":"11","G5":"11","G3":"11","H5":"11","F4":"11","J4":"11"},"GV":{"RQ":"11","QQ":"11","QV":"11","QR":"11","RR":"11"},"FV":{"VX":"11","WW":"11","WX":"11"},"WH":{"8M":"11","7C":"11","68":"11","H7":"11","67":"11","34":"11","35":"11","7F":"11","8J":"11","8H":"11","9F":"7","8G":"11","69":"11","8F":"11|7","45":"11","79":"11"}},"97":{"7G":{"69":"11","68":"11","78":"11"},"5G":{"GR":"11","JV":"11","HR":"11","GQ":"11","HV":"11"},"5H":{"5J":"7"},"6J":{"FM":"11","CM":"11","CJ":"11"},"2X":{"5C":"11","6F":"11","5G":"11","48":"11","4C":"11","59":"11","5F":"11","6J":"11","6H":"11","5J":"11","49":"11","46":"11","4G":"11","57":"11","47":"11","5H":"11","6G":"11","6M":"11","4H":"11","58":"11","4F":"11","6C":"11"},"73":{"VP":"3","WP":"3","WJ":"3","WM":"3","VH":"3","VJ":"3","WH":"3","VM":"3"},"4P":{"9W":"11","8W":"11","9X":"11","VP":"11","VR":"11","RF":"11","RQ":"11","RC":"11","RR":"11","VQ":"11","R8":"11","R9":"11"},"4R":{"Q3":"11","P4":"11","Q4":"11","M5":"11","CV":"11","FH":"11","FF":"11","CQ":"11","CW":"11","R2":"11","CR":"11","Q2":"11","CJ":"11","P5":"11","CM":"11","FG":"11","CX":"11","CH":"11","CP":"11","FJ":"11"},"4W":{"W9":"11","X8":"11","V6":"11","X9":"11","W8":"11","W6":"11","W7":"11","XC":"11"},"3M":{"H5":"11","H4":"11","H6":"11"},"5X":{"9M":"11","6W":"11","CM":"11","9V":"11","8V":"11","38":"11","7W":"11","CR":"11","26":"11","9J":"11","CP":"11","22":"11","25":"11","39":"11","23":"11","6X":"11","28":"11","8J":"11","8X":"11","CQ":"11","9R":"11","9W":"11","3C":"11","7X":"11","24":"11","4C":"11","8W":"11","27":"11"},"5P":{"48":"11","39":"11","28":"11","47":"11","49":"11","38":"11","29":"11"},"2V":{"2H":"11","2F":"11","2G":"11"},"2P":{"PV":"7"},"2C":{"38":"11","48":"11","55":"11","46":"11|7","54":"11","35":"11","57":"11","47":"11|7","37":"11|7","45":"11","36":"11","44":"11","56":"11","34":"11","53":"11"},"5W":{"9G":"11","3X":"11","7C":"11","68":"11","6C":"11","58":"11","39":"11","2C":"11","48":"11","59":"11","7F":"11","2X":"11","8C":"11","8G":"11","29":"11","3C":"11","9H":"11","69":"11","8F":"11","79":"11"},"2F":{"64":"11","66":"11","56":"11","54":"11","55":"11","75":"11","65":"11","74":"11"},"4F":{"96":"11","88":"11","87":"11","86":"11","98":"11","97":"11"},"3G":{"67":"11"},"6F":{"P4":"11","H6":"11","M5":"11","M4":"11","J3":"11","J5":"11","H7":"11","M3":"11","P3":"11","J4":"11"},"4V":{"F4":"11","Q5":"11","Q8":"11","Q7":"11","93":"11","C2":"11","PH":"11","QC":"11","C5":"11","P5":"11","PF":"11","C3":"11","G4":"11","Q6":"11","QF":"11","92":"11","QG":"11","P4":"11","PG":"11","Q9":"11","F5":"11","94":"11","95":"11"},"3Q":{"93":"11","C2":"11","92":"11"},"4Q":{"QW":"11","RX":"11","5H":"11","FV":"11","GV":"11","5G":"11","QX":"11","FW":"11","7W":"11","3P":"11","PH":"11","4H":"11","GM":"11","9X":"11","GQ":"11","HP":"11","CX":"11","GR":"11","4Q":"11","CW":"11","8X":"11","MG":"11","JG":"11","4G":"11","JH":"11","3M":"11","RW":"11","HQ":"11","7X":"11","4J":"11","4P":"11","3J":"11","8W":"11","GP":"11","5F":"11","MH":"11"},"3P":{"9W":"11","7Q":"11","8M":"11","7M":"11","9X":"11","7P":"11","CX":"11","CW":"11","9R":"11","8Q":"11","9V":"11","8P":"11"},"82":{"9P":"3","CM":"3","CQ":"3","CJ":"3","CP":"3"},"6C":{"PJ":"11","PR":"11","MQ":"11","PQ":"11","QP":"3","MR":"11","PM":"11|3","PP":"11|3","QM":"3"},"74":{"2C":"3","2F":"3"}},"5F":{"79":{"RF":"11"}}}}