{"index":{"university,1|retail,2|tourism,3|wreck,4|historical,5|artsCulture,6|namedBuilding,7|water,8|wetland,9|park,10|beach,11|natureReserve,12|cemetery,13|trail,14":{}},"9M":{"8Q":{"6Q":{"RC":"11"}},"53":{"W7":{"MJ":"11","QQ":"11","JJ":"11","QR":"11","VV":"11","JM":"11","VR":"11","RR":"11"},"8C":{"5J":"11","5M":"11"},"QQ":{"69":"11","6C":"11"},"X8":{"R5":"11","Q6":"11","R6":"11","Q5":"11"},"R8":{"3R":"11"},"PJ":{"MV":"11","MR":"11"}},"56":{"QW":{"H4":"11","2F":"11","J3":"11","G4":"11","H3":"11","G5":"11","2C":"11"},"9G":{"35":"11","36":"11","46":"11","45":"11"},"RJ":{"F4":"11","37":"11","8V":"11","54":"11","7Q":"11","36":"11","J2":"11","7R":"11","7V":"11","F3":"11","35":"11","G5":"11","8X":"11","G4":"11","64":"11","J3":"11","H4":"11","63":"11","H5":"11","H3":"11","45":"11","8R":"11","8W":"11","53":"11","F2":"11"},"X7":{"F8":"11","GF":"11","G8":"11","GC":"11","66":"11","GH":"11","9V":"11","67":"11","77":"11","9X":"11","87":"11","FM":"11","C8":"11","65":"11","64":"11","76":"11","GG":"11","GJ":"11","FC":"11","G9":"11","9W":"11","F9":"11","FJ":"11","97":"11"},"XJ":{"6Q":"11","6P":"11"},"QV":{"WJ":"11","RM":"11","VJ":"11","QM":"11","RJ":"11"},"X4":{"8M":"11","9G":"11","7P":"11","7G":"11","8P":"11","7Q":"11","9J":"11","22":"11","39":"11","28":"11","7F":"11","8J":"11","8H":"11","8G":"11","29":"11","9H":"11","3C":"11","49":"11","8F":"11","4C":"11","27":"11"},"QR":{"V6":"11","XC":"11","RF":"11","RG":"11","RC":"11","R6":"11","R7":"11","WG":"11","WH":"11","VF":"11","R8":"11","VG":"11","R9":"11"},"96":{"7R":"11"},"RP":{"63":"11","48":"11","5C":"11","64":"11","5F":"11","46":"11","45":"11","55":"11","62":"11","59":"11","58":"11"},"QQ":{"FR":"11","GF":"11","FG":"11","CM":"11","R8":"11","FH":"11","Q8":"11","FV":"11","FF":"11","GV":"11","Q7":"11","CH":"11","CR":"11","CP":"11","R6":"11","GR":"11","P9":"11","PC":"11","CQ":"11","HV":"11","GG":"11","HF":"11","FQ":"11","Q9":"11","R7":"11","CJ":"11","JC":"11","MC":"11","CG":"11"},"RR":{"28":"11","38":"11","2C":"11","29":"11"},"W2":{"C4":"11","C3":"11","HR":"11","C5":"11","HQ":"11","HJ":"11","GJ":"11","GW":"11","HP":"11","FW":"11","GR":"11","GP":"11","92":"11","93":"11","GF":"11","GV":"11","GX":"11","GM":"11","GH":"11","GQ":"11","C6":"11","HM":"11","FX":"11","GG":"11","94":"11"},"X6":{"F8":"11","9G":"11","GF":"11","GC":"11","G8":"11","FG":"11","66":"11","FF":"11","32":"11","75":"11","38":"11","26":"11","34":"11","25":"11","39":"11","23":"11","48":"11","28":"11","65":"11","33":"11","8H":"11","GG":"11","8G":"11","G9":"11","29":"11","49":"11","F9":"11","42":"11","85":"11","24":"11","27":"11","CG":"11"},"WH":{"44":"11","R4":"11","P6":"11","83":"11","Q8":"11","54":"11","Q7":"11","75":"11","93":"11","P8":"11","26":"11","43":"11","25":"11","Q2":"11","2C":"11","23":"11","M4":"11","86":"11","28":"11","R6":"11","M2":"11","R5":"11","33":"11","76":"11","R2":"11","P7":"11","92":"11","R3":"11","29":"11","R7":"11","85":"11","24":"11","84":"11","27":"11","94":"11","95":"11","M3":"11","2F":"11"},"PX":{"GR":"11","GW":"11","FX":"11","FW":"11","GV":"11","H5":"11","H4":"11","FQ":"11","H6":"11","GX":"11","FV":"11","FR":"11"},"XH":{"83":"11","73":"11","72":"11","82":"11"},"RH":{"RM":"11","CV":"11","FW":"11","JX":"11","CW":"11","PM":"11","QM":"11","FX":"11"},"X3":{"3J":"11","2X":"11","2H":"11","4P":"11","3W":"11","4R":"11","4M":"11","2J":"11","3M":"11","3X":"11","3V":"11","3Q":"11","4Q":"11","3P":"11","3R":"11"},"XF":{"8W":"11","8R":"11","Q7":"11","GP":"11","Q6":"11","FR":"11","CR":"11","9R":"11","P9":"11","Q8":"11","Q9":"11","8X":"11","GQ":"11","8V":"11","9V":"11"},"W3":{"QJ":"11","C7":"11","Q6":"11","M8":"11","QQ":"11","VM":"11","PJ":"11","WJ":"11","P5":"11","C6":"11","RQ":"11","V6":"11","M6":"11","F2":"11","VP":"11","PM":"11","R5":"11","XH":"11","V5":"11","F9":"11","P7":"11","M7":"11","QM":"11","XJ":"11","PP":"11","QP":"11","P6":"11","V8":"11","Q5":"11","QH":"11","WH":"11","RP":"11","C8":"11","WM":"11","F8":"11","V7":"11","J7":"11","C9":"11","H8":"11","H9":"11","J9":"11","R6":"11","J8":"11","G9":"11"},"59":{"R5":"3","Q6":"3","Q4":"3","R6":"3","R4":"3","Q3":"3","Q5":"3"},"XG":{"C8":"11","5C":"11","6F":"11","3F":"11","48":"11","59":"11","5F":"11","3G":"11","7G":"11","7C":"11","49":"11","8H":"11","F8":"11","8G":"11","F7":"11","4G":"11","7H":"11","2V":"11","7F":"11","C7":"11","8X":"11","C6":"11","39":"11","7J":"11","F6":"11","58":"11","3C":"11","4F":"11","6C":"11"},"W4":{"X7":"11","X8":"11","X6":"11","W4":"11","X2":"11","W6":"11","X3":"11","W5":"11","X4":"11","X5":"11"},"X9":{"JR":"11","GW":"11","FW":"11","MR":"11","CW":"11","HV":"11","P8":"11","J3":"11","J5":"11","MV":"11","M3":"11","J6":"11","9W":"11","9X":"11","JV":"11","HW":"11","CX":"11","J4":"11"},"X5":{"4X":"11","FR":"11","6V":"11","FG":"11","GH":"11","5W":"11","FH":"11","FF":"11","CR":"11","7R":"11","GM":"11","4W":"11","GQ":"11","FM":"11","CQ":"11","FP":"11","GG":"11","GJ":"11","FQ":"11","CF":"11","5V":"11","6R":"11","8R":"11","GP":"11"},"X8":{"G8":"11","PV":"11","MM":"11","JF":"11","F6":"11","PM":"11","PX":"11","C5":"11","PQ":"11","PR":"11","JJ":"11","JG":"11","92":"11","G7":"11","JH":"11","PP":"11","PW":"11","C4":"11","F7":"11","F5":"11","MJ":"11","G6":"11","MH":"11"},"RV":{"6F":"11","5G":"11","69":"11","68":"11","6G":"11","67":"11","6C":"11"},"WG":{"PR":"11","MX":"11","FP":"11","9Q":"11","FQ":"11","RP":"11","QX":"11","PQ":"11","JW":"11","RX":"11","QP":"11","CQ":"11","GP":"11","9R":"11","MW":"11","PP":"11","XV":"11","RQ":"11","9W":"11","9X":"11","JV":"11","GQ":"11","9V":"11","WV":"11","CP":"11"},"VH":{"VF":"11","HR":"11","48":"11","WF":"11","RG":"11","JR":"11","RF":"11","VC":"11","WG":"11","XH":"11","69":"11","XG":"11","68":"11","JV":"11","58":"11"},"PW":{"MJ":"11","JP":"11","FP":"11","PH":"11","JF":"11","FQ":"11","MG":"11","HQ":"11","GW":"11","HP":"11","GR":"11","GP":"11","JM":"11","MM":"11","GV":"11","MH":"11","MF":"11","XC":"11","XF":"11"},"85":{"G4":"11","G3":"11","F4":"11"},"94":{"28":"11","29":"11"},"RM":{"6X":"11","85":"11","84":"11","83":"11","73":"11","86":"11","72":"11","76":"11","75":"11","82":"11"},"XC":{"J8":"11","QW":"11","GF":"11","MP":"11","QV":"11","PV":"11","J7":"11","GH":"11","QR":"11","HM":"11","93":"11","QX":"11","C2":"11","HJ":"11","GM":"11","HP":"11","G5":"11","C3":"11","PQ":"11","PR":"11","GG":"11","HF":"11","GJ":"11","JP":"11","92":"11","H4":"11","HC":"11","JQ":"11","H5":"11","C4":"11","MQ":"11","J6":"11","J5":"11"}},"WQ":{"69":{"48":"11"}},"6X":{"W2":{"X9":"11"},"X2":{"28":"11","2H":"11","2F":"11"},"W3":{"46":"11"},"F2":{"VP":"11","QQ":"11","VQ":"11","QR":"11","WP":"11","X6":"11","VR":"11","RQ":"11","RR":"11","X5":"11"},"G2":{"37":"11","36":"11","27":"11","25":"11","38":"11","26":"11"}},"43":{"69":{"6P":"11","5P":"11"},"V2":{"J8":"11","M7":"11","M8":"11","J7":"11","M5":"11","P2":"11","P3":"11","J9":"11","J2":"11","Q4":"11","J4":"11","WH":"11","Q2":"11","M6":"11","H2":"11","Q3":"11","P7":"11","H4":"11","P4":"11","H5":"11","H3":"11","J6":"11","H6":"11","J5":"11"},"XV":{"V4":"11","V5":"11","W4":"11"},"PJ":{"3J":"11"},"67":{"8J":"11","9H":"11","8G":"11","9J":"11","8H":"11"},"W4":{"V6":"11","W5":"11","W6":"11","W4":"11"},"G7":{"3R":"11"}},"6G":{"F5":{"V3":"3","QH":"11","X7":"11","RC":"11","X8":"11","V2":"3","RF":"11","VC":"11","W3":"3","W8":"11","QF":"11","W7":"11","QG":"11","W2":"3"},"M6":{"FP":"11","FQ":"11","GW":"11","GR":"11","FM":"11","FR":"11","GX":"11","GV":"11","CJ":"11","CM":"11","CH":"11","FJ":"11"},"J5":{"M5":"11","M6":"11","M4":"11","J4":"11","J5":"11"},"G4":{"2W":"3","2X":"3"},"P7":{"3J":"11","4J":"11","3M":"11","2P":"11","3P":"11"},"M3":{"RM":"3"},"M7":{"J8":"11","J7":"11","WP":"11","RP":"11","J9":"11","WQ":"11","PM":"11","MF":"11","PH":"11","XP":"11","XQ":"11","QM":"11","H2":"11","RQ":"11","MG":"11","VQ":"11","H4":"11","PJ":"11","PG":"11","H5":"11","H3":"11","M9":"11","QP":"11","J6":"11","H6":"11","MC":"11","G2":"11","VP":"11","MH":"11","J5":"11"},"G5":{"34":"11","35":"11","24":"11","25":"11","26":"11"},"F6":{"M3":"11","P3":"11","M2":"11"},"F4":{"XW":"3","M5":"11","M6":"11","WV":"3","M4":"11","XV":"3"}},"4G":{"M6":{"23":"11"},"M3":{"2X":"7"},"J3":{"XX":"7","6F":"11","C5":"11","QQ":"11","7G":"11","VQ":"11","6H":"11","RP":"11","QP":"11","VR":"11","RQ":"11","6G":"11","RR":"11"},"J6":{"X3":"11"},"H2":{"VV":"11"}},"98":{"37":{"34":"11","35":"11"},"27":{"X5":"11","V9":"11","VC":"11","W5":"11","W4":"11"}},"79":{"6M":{"82":"11"},"23":{"HG":"11","HH":"11","HM":"11","HJ":"11","HP":"11"}},"78":{"38":{"PF":"11","R9":"11","RC":"11","PG":"11","RG":"11","MG":"11","RF":"11","W8":"11","V8":"11","QF":"11","V9":"11","MH":"11","MF":"11","QC":"11","PC":"11"},"48":{"CC":"11","PF":"11","HC":"11","JC":"11","JF":"11","GC":"11","RG":"11","VJ":"11","RF":"11","FC":"11","QF":"11","VH":"11","MF":"11","QG":"11","RH":"11","PC":"11","MC":"11"},"4C":{"8F":"11","9F":"11","FP":"11","FQ":"11","7C":"11","GR":"11","GP":"11","FM":"11","FR":"11","9H":"11","8G":"11","9G":"11","GV":"11","69":"11","CJ":"11","89":"11","GM":"11","79":"11","8C":"11","FJ":"11"},"2W":{"F9":"11","F5":"11","F7":"11","F4":"11","FC":"11","F3":"11","F8":"11","F2":"11","F6":"11","G2":"11"},"59":{"M7":"11","M8":"11","P6":"11","96":"11","Q8":"11","Q7":"11","F6":"11","93":"11","P8":"11","87":"11","C5":"11","74":"11","73":"11","86":"11","C6":"11","G5":"11","P9":"11","C3":"11","C7":"11","G4":"11","Q6":"11","P7":"11","H4":"11","H5":"11","Q9":"11","98":"11","97":"11","F5":"11","84":"11","94":"11"},"77":{"78":"11","68":"11","66":"11","P2":"11","P3":"11","83":"11","96":"11","75":"11","F6":"11","93":"11","J2":"11","J4":"11","77":"11","58":"11","87":"11","C5":"11","Q2":"11","M4":"11","86":"11","57":"11","G5":"11","C6":"11","M2":"11","65":"11","59":"11","C3":"11","H4":"11","3C":"11","P4":"11","49":"11","H5":"11","C4":"11","4C":"11","F5":"11","84":"11","94":"11","M3":"11","2F":"11","56":"11","3F":"11"},"93":{"9J":"11"},"76":{"6W":"11","MX":"11","6V":"11","5V":"11","PW":"11","WP":"11","XJ":"11","JW":"11","6R":"11","JX":"11","7X":"11","MW":"11","7W":"11","WM":"11","7V":"11","5R":"11","6X":"11","XP":"11","PX":"11","XM":"11","5X":"11","4X":"11"},"96":{"C8":"11","G2":"11","F5":"11","F7":"11","H2":"11","G4":"11","C7":"11","G5":"11","G3":"11","C6":"11","2C":"11","F6":"11","98":"11","3C":"11"},"2V":{"GW":"11","FX":"11","GX":"11"},"J2":{"5C":"11","6C":"11"},"68":{"2R":"11","87":"11","9F":"11","2Q":"11","3P":"11","9C":"11","2P":"11","3R":"11","FF":"11","3Q":"11","92":"11","93":"11","9G":"11","86":"11","85":"11","84":"11","99":"11","94":"11"},"86":{"PF":"11","R9":"11","PG":"11","MG":"11","P9":"11","Q9":"11","WC":"11","MF":"11","XC":"11","QC":"11","QG":"11","PC":"11","2J":"11"},"39":{"M3":"11","P2":"11","P3":"11","M2":"11","P4":"11"},"95":{"HX":"11","85":"11","84":"11","HQ":"11","HW":"11","HR":"11","GX":"11","HV":"11","HP":"11","74":"11"},"67":{"PF":"11","W9":"11","CV":"11","FW":"11","CW":"11","FV":"11","QF":"11","9W":"11","9X":"11","QC":"11","CX":"11","PC":"11"},"4F":{"H4":"11","H6":"11","H8":"11","FH":"11","FF":"11","J5":"11","H7":"11","G4":"11","G6":"11","J6":"11","G5":"11","H5":"11","FG":"11","J7":"11"},"94":{"57":"11","58":"11"}},"47":{"F8":{"44":"11","8R":"11","7Q":"11","5W":"11","5C":"11","6W":"11","5G":"11","38":"11","5P":"11","2X":"11","59":"11","7G":"11","56":"11","5V":"11","7R":"11","6M":"11","5X":"11","36":"11","8W":"11","4J":"11","7P":"11","55":"11","4P":"11","6P":"11","8H":"11","49":"11","7V":"11","5Q":"11","6V":"11","3G":"11","4M":"11","3F":"11","3J":"11","8X":"11","8M":"11","48":"11","9W":"11","54":"11","6G":"11","4V":"11","8J":"11","5H":"11","4W":"11","9X":"11","6X":"11","43":"11","6R":"11","5J":"11","29":"11","57":"11","6J":"11","7J":"11","47":"11","2C":"11","5F":"11","45":"11","3C":"11","6F":"11","5R":"11","5M":"11","8Q":"11","53":"11","2F":"11","39":"11","6Q":"11","2G":"11","37":"11","46":"11","8V":"11","7H":"11","8P":"11","2W":"11","3H":"11","6H":"11","4C":"11"},"HW":{"PJ":"11","MX":"11","4C":"11","QJ":"11","9Q":"11","PW":"11","QQ":"11","QR":"11","GJ":"11","QX":"11","JW":"11","QP":"11","JX":"11","FM":"11","9P":"11","MW":"11","QM":"11","8Q":"11","8P":"11","PX":"11","GM":"11","CM":"11","CP":"11","4F":"11","FJ":"11"},"C9":{"WH":"11","VQ":"11","VV":"11","WG":"11","VW":"11","VR":"11","XG":"11","WV":"11","VX":"11","WR":"11"},"HM":{"X2":"11"},"F6":{"4X":"11","5H":"11","5J":"11","4R":"11","6C":"11","5G":"11","5X":"11","5Q":"11","26":"11","4H":"11","22":"11","25":"11","5P":"11","39":"11","2C":"11","23":"11","28":"11","5M":"11","4Q":"11","5R":"11","4M":"11","6F":"11","4G":"11","29":"11","3C":"11","6G":"11","4J":"11","69":"11","6Q":"11","4P":"11","24":"11","3J":"11","6R":"11","27":"11","3H":"11","5F":"11","4F":"11","3F":"11"},"C2":{"HJ":"11","CR":"11","CQ":"11","PQ":"11","CW":"11","FW":"11","JW":"11","J5":"11","PR":"11","PJ":"11","HP":"11","HH":"11","HM":"11","MR":"11","H7":"11","GG":"11","PH":"11","JM":"11","M6":"11","G8":"11","MQ":"11","HC":"11","J6":"11","JV":"11","JQ":"11","HQ":"11","MM":"11","9P":"11","HF":"11","9W":"11","JF":"11","9X":"11","F9":"11","CP":"11","FX":"11","FG":"11","MV":"11","JP":"11","M4":"11","MP":"11","J7":"11","MJ":"11","CV":"11","GC":"11","FF":"11","9Q":"11","JC":"11","H8":"11","GF":"11","H9":"11","JJ":"11","JR":"11","M5":"11","9V":"11","J9":"11","GH":"11","FH":"11","HR":"11","CX":"11","HG":"11","HV":"11","FC":"11","J8":"11","G9":"11"},"7R":{"MC":"11","V8":"11","X9":"11","FM":"11","9M":"11","CM":"11","GM":"11","FJ":"11","Q8":"11","M9":"11","MF":"11","9J":"11","X8":"11","W9":"11","CJ":"11","P9":"11","W8":"11","P8":"11"},"CC":{"X5":"11","WC":"11","V8":"11","X9":"11","RF":"11","X7":"11","RC":"11","V9":"11","X2":"11","V2":"11","X6":"11","VC":"11","X8":"11","W9":"11","X4":"11","VF":"11","X3":"11","R8":"11","W8":"11","R9":"11"},"HJ":{"XW":"11","XX":"11","WH":"11","XQ":"11","XR":"11","WP":"11","WG":"11","VG":"11","WM":"11","XV":"11","XP":"11","VH":"11"},"C5":{"R4":"11","XJ":"11","RC":"11","V5":"11","R8":"11","WH":"11","XH":"11","XP":"11","XF":"11","V8":"11","R6":"11","XM":"11","R5":"11","XG":"11","X9":"11","X8":"11","XX":"11","WG":"11","V9":"11","R7":"11","R9":"11","WJ":"11","WX":"11","XC":"11","VC":"11"},"G5":{"7R":"11","5G":"11","8W":"11","8R":"11","5F":"11","6H":"11","7Q":"11","9R":"11","7W":"11","7V":"11","8Q":"11","6G":"11","8V":"11","9V":"11","2C":"11"},"C6":{"X5":"11","X9":"11","X7":"11","W2":"11","X2":"11","W3":"11","X6":"11","X8":"11","X4":"11","X3":"11","W4":"11"},"C8":{"XC":"11","XW":"11","XX":"11"},"C3":{"C3":"11","H4":"11","H6":"11","HG":"11","H8":"11","HJ":"11","C2":"11","JH":"11","G2":"11","92":"11","H7":"11","G4":"11","GX":"11","G5":"11","G3":"11","H5":"11","JG":"11","HM":"11","HH":"11","F2":"11","FX":"11"},"JM":{"22":"11"},"J3":{"VX":"11","VW":"11"},"HV":{"44":"11","45":"11","54":"11","55":"11","52":"11","53":"11"},"JJ":{"2W":"11","3W":"11","4W":"11","2V":"11"},"FC":{"23":"11","38":"11","42":"11","33":"11","32":"11","27":"11","28":"11","46":"11","43":"11","26":"11","35":"11","37":"11","25":"11","24":"11","44":"11","39":"11","36":"11","22":"11","34":"11"},"29":{"2F":"11"},"HR":{"CC":"11","5Q":"11","9F":"11","8J":"11","8M":"11","CF":"11","6R":"11","7M":"11","5W":"11","9H":"11","8H":"11","6Q":"11","7P":"11","9G":"11","5R":"11","6X":"11","7J":"11","6P":"11","5X":"11"},"JX":{"7R":"11","38":"11","6J":"11","6H":"11","7M":"11","29":"11","49":"11","28":"11","7Q":"11","7P":"11","6X":"11","6G":"11","39":"11","7J":"11","6M":"11"},"HQ":{"HC":"11","H9":"11"},"F9":{"85":"11","9C":"11","93":"11","44":"11","5W":"11","9H":"11","7C":"11","3V":"11","92":"11","8G":"11","25":"11","38":"11","5P":"11","CF":"11","2X":"11","7G":"11","56":"11","5V":"11","4J":"11","83":"11","4P":"11","8H":"11","86":"11","4X":"11","3X":"11","4Q":"11","CG":"11","2H":"11","33":"11","75":"11","6V":"11","3G":"11","4M":"11","35":"11","67":"11","3F":"11","4R":"11","8C":"11","3J":"11","9G":"11","48":"11","54":"11","4V":"11","3R":"11","8J":"11","5H":"11","3M":"11","4W":"11","3W":"11","43":"11","6R":"11","95":"11","5J":"11","52":"11","57":"11","66":"11","8F":"11","6J":"11","7J":"11","47":"11","94":"11","2V":"11","9F":"11","3P":"11","45":"11","34":"11","3C":"11","26":"11","5R":"11","5M":"11","53":"11","2F":"11","39":"11","6Q":"11","2J":"11","2G":"11","37":"11","76":"11","84":"11","7H":"11","2W":"11","3H":"11","77":"11","6H":"11","3Q":"11"},"42":{"23":"11","38":"11","66":"11","48":"11","59":"11","33":"11","65":"11","27":"11","75":"11","26":"11","35":"11","25":"11","69":"11","68":"11","22":"11","39":"11","67":"11","34":"11","58":"11","3C":"11"},"C4":{"F4":"11","PV":"11","96":"11","FH":"11","CH":"11","GM":"11","87":"11","F3":"11","86":"11","C6":"11","C8":"11","MW":"11","C7":"11","88":"11","9F":"11","JV":"11","GJ":"11","MV":"11","CF":"11","98":"11","FJ":"11","85":"11","97":"11","94":"11","F2":"11","MR":"11","95":"11","CG":"11","G2":"11","JR":"11"},"HX":{"V6":"11","R5":"11","J2":"11","P2":"11","R6":"11","R7":"11","X8":"11","Q2":"11","R8":"11"},"F7":{"58":"11","44":"11","7Q":"11","64":"11","7C":"11","5C":"11","42":"11","32":"11","78":"11","7G":"11","56":"11","59":"11","6M":"11","7P":"11","55":"11","6P":"11","49":"11","5Q":"11","33":"11","75":"11","67":"11","4F":"11","48":"11","54":"11","6G":"11","6C":"11","43":"11","6R":"11","52":"11","57":"11","66":"11","6J":"11","65":"11","7J":"11","7M":"11","47":"11","5F":"11","45":"11","6F":"11","53":"11","6Q":"11","74":"11","46":"11","76":"11","69":"11","7H":"11","77":"11","6H":"11","68":"11","79":"11","4C":"11"},"5V":{"F5":"11","P2":"11","F4":"11"},"F5":{"2R":"11","W9":"11","2F":"11","2G":"11","33":"11","M2":"11","2Q":"11","3P":"11","4R":"11","4P":"11","X9":"11","2X":"11","29":"11","3Q":"11","28":"11","V8":"11","V9":"11","2V":"11","J2":"11","M3":"11","WC":"11","4Q":"11","44":"11","XC":"11","2C":"11","2H":"11","34":"11","2J":"11"},"G6":{"MG":"11","PG":"11"}},"28":{"44":{"PR":"11","P6":"11","PV":"11","P4":"11","PW":"11","Q4":"11","QX":"11","RX":"11","Q5":"11","Q6":"11","P8":"11","P9":"11","QW":"11","QV":"11","PX":"11","P5":"11"},"5H":{"23":"11","5G":"11","38":"11","48":"11","4C":"11","5F":"11","33":"11","32":"11","5J":"11","49":"11","4G":"11","47":"11","37":"11","5H":"11","36":"11","22":"11","39":"11","5M":"11","4F":"11"},"M7":{"VR":"11","RR":"11"},"9M":{"HR":"3","FP":"3","9Q":"3","FQ":"3","8M":"3","CV":"3","GR":"3","7M":"3","CQ":"3","FR":"3","CR":"3","9R":"3","9P":"3","FV":"3","8Q":"3","7P":"3","GV":"3","8P":"3","GQ":"3","9V":"3","CP":"3"},"7P":{"33":"3","46":"3","4G":"11","35":"3|11","47":"3","37":"3|11","45":"3","5H":"11","36":"3|11","4H":"11","34":"3","4F":"11"},"5G":{"2W":"11","2Q":"11","2M":"11","2X":"11","2R":"11","3W":"11","2J":"11","3X":"11","2V":"11","2P":"11","3Q":"11"},"47":{"WR":"11","XQ":"11","WQ":"11"},"52":{"F4":"11","F8":"11","78":"11","P6":"11","Q5":"11","68":"11","M5":"11","P3":"11","FF":"11","99":"11","F6":"11","Q4":"11","CC":"11","58":"11","C5":"11","M6":"11","M4":"11","P5":"11","C6":"11","59":"11","9C":"11","C7":"11","88":"11","G4":"11","8C":"11","89":"11","FC":"11","P4":"11","CF":"11","F9":"11","69":"11","F7":"11","F5":"11","J6":"11","79":"11","M3":"11"},"58":{"5H":"11","5J":"11","7P":"11","6C":"11","54":"11","5G":"11","7Q":"11","52":"11","58":"11","6M":"11","7M":"11","48":"11","57":"11","5C":"11","59":"11","6H":"11","6F":"11","6J":"11","4G":"11","55":"11","6G":"11","49":"11","4C":"11","53":"11","5F":"11","4F":"11","56":"11"},"43":{"P2":"11","MX":"11","J9":"11","HC":"11","JC":"11","JF":"11","PW":"11","HG":"11","M2":"11","QX":"11","MW":"11","HF":"11","MV":"11","M3":"11","PX":"11","JV":"11","P3":"11","JG":"11","HH":"11"},"57":{"2Q":"11","2R":"11","4R":"11","4W":"11","5X":"11","5W":"11","3Q":"11","4Q":"11","4X":"11","3R":"11"},"P5":{"MJ":"3","PJ":"3","PG":"3","P4":"11","PH":"3","PM":"3","MM":"3","P5":"11","MH":"3","P3":"11"},"5C":{"34":"11","24":"11","22":"11","23":"11"},"59":{"2G":"11","42":"11","33":"11","27":"11","29":"11","2X":"11","28":"11","43":"11","2H":"11","2J":"11"},"46":{"J2":"11","J3":"11","J4":"11","H2":"11"},"QF":{"MJ":"11","JP":"11","RM":"11","PJ":"11","QQ":"11","HG":"11","JJ":"11","RP":"11","MQ":"11","JH":"11","PQ":"11","QP":"11","PM":"11","QM":"11","PP":"11","JM":"11","MM":"11","RQ":"11","MH":"11","JG":"11","HH":"11","MP":"11"},"4G":{"X5":"11","XJ":"11","X7":"11","XQ":"11","W3":"11","XF":"11","X8":"11","X4":"11","XH":"11","XP":"11","X3":"11","XM":"11","XG":"11","W4":"11"},"49":{"XC":"11","X9":"11","XX":"11","XF":"11","X8":"11","XH":"11","XG":"11"},"42":{"WP":"11","WJ":"11","WM":"11","XJ":"11","WH":"11","XH":"11"},"45":{"V4":"11","RJ":"11","R4":"11","HW":"11","RC":"11","V5":"11","RF":"11","JW":"11","QC":"11","RH":"11","Q2":"11","V8":"11","R5":"11","RG":"11","JV":"11","R2":"11","HV":"11","QF":"11","R3":"11","QG":"11","V9":"11","JX":"11","Q9":"11","V6":"11","R9":"11","V7":"11","QJ":"11","VC":"11"},"4C":{"X2":"11","X3":"11"},"W7":{"HV":"11"},"4F":{"WX":"11","XX":"11","WW":"11","WF":"11","X7":"11","WH":"11","WP":"11","WG":"11","X6":"11","WQ":"11","WM":"11","WJ":"11","WR":"11","X5":"11"}},"C3":{"PQ":{"FG":"11","GH":"11","FH":"11","HM":"11","38":"11","CH":"11","HG":"11","HJ":"11","GM":"11","39":"11","FM":"11","48":"11","28":"11","GG":"11","GJ":"11","JG":"11","JH":"11","29":"11","49":"11","FJ":"11","HH":"11","CG":"11"},"MQ":{"XC":"11","WC":"11","X9":"11","W9":"11"},"QH":{"34":"11","35":"11","33":"11","32":"11"},"QG":{"2F":"11","3W":"11","2G":"11","3G":"11","3P":"11","3R":"11","29":"11","3Q":"11","28":"11","2M":"11","3X":"11","3H":"11","3J":"11","3V":"11","3M":"11","2C":"11","2H":"11","2J":"11"},"PJ":{"G9":"11","GC":"11","H8":"11","G8":"11","FH":"11","9H":"11","GF":"11","H7":"11","H9":"11","CJ":"11","GH":"11","FG":"11","GG":"11","G7":"11","9J":"11"},"PG":{"J8":"11","V4":"11","M8":"11","M7":"11","X7":"11","GF":"11","R4":"11","P6":"11","Q5":"11","HW":"11","J7":"11","V5":"11","M5":"11","JF":"11","GH":"11","GV":"11","H7":"11","HM":"11","J9":"11","X6":"11","W6":"11","Q4":"11","MF":"11","P8":"11","HG":"11","HJ":"11","GM":"11","GQ":"11","M6":"11","GW":"11","HP":"11","R6":"11","GR":"11","P5":"11","R5":"11","Q6":"11","JM":"11","W5":"11","HV":"11","JJ":"11","MG":"11","GG":"11","JP":"11","HF":"11","GJ":"11","JG":"11","X9":"11","P7":"11","JH":"11","X8":"11","HC":"11","JQ":"11","P4":"11","HR":"11","H9":"11","H8":"11","HQ":"11","M9":"11","V6":"11","HX":"11","JC":"11","GP":"11","J6":"11","HH":"11","MC":"11","W7":"11","XC":"11"},"MM":{"QF":"11","QH":"11","QJ":"11","QM":"11","QG":"11"}},"2P":{"XP":{"R5":"11","Q6":"11","Q4":"11","R6":"11","Q7":"11","R4":"11","P6":"11","Q5":"11"}},"42":{"VX":{"HX":"11","JX":"11","CW":"11"}},"2F":{"XW":{"VF":"3","W9":"3","WF":"3","RG":"3","RF":"3","V6":"3","VC":"3","WG":"3","VG":"3","W8":"3","V8":"3","V9":"3","W7":"3","WC":"3","V7":"3"}},"64":{"RX":{"XC":"11","WC":"11","X9":"11","W9":"11"},"XR":{"8M":"11","PV":"7","8P":"11"},"MP":{"W8":"11","W6":"11","W7":"11","X3":"11","W5":"11","X4":"11","W2":"11"},"MM":{"XW":"11","XJ":"11","XX":"11","WX":"11"},"HW":{"MQ":"11"},"RR":{"6X":"11","5R":"11","6R":"11","5P":"11","6V":"11","6W":"11","5V":"11","5Q":"11"},"J9":{"CQ":"11","9Q":"11","CP":"11"},"PM":{"2W":"11","3J":"11","2R":"11","4P":"11","2J":"11","3M":"11","5M":"11","5P":"11","2V":"11","3Q":"11","4Q":"11"},"C8":{"V4":"11","W5":"11","V3":"11","W4":"11"},"C7":{"RF":"11","QC":"11","VH":"11","VG":"11"},"JP":{"VV":"11","RV":"11","WW":"11","WX":"11"},"MV":{"6P":"11","5P":"11","6C":"11"},"92":{"M5":"11","M3":"11","J3":"11","P5":"11","M4":"11","P4":"11"},"FQ":{"83":"11"},"XX":{"8F":"11","H4":"11","9F":"11","5V":"11","6J":"11","7G":"11","9C":"11","5W":"11","8H":"11","8G":"11","7H":"11","F3":"11","G4":"11","G5":"11","G3":"11","7J":"11","6M":"11","F4":"11"},"RW":{"J7":"11","H7":"11","H6":"11","G2":"11"},"RV":{"9G":"11","GX":"11","78":"11","75":"11","77":"11","87":"11","74":"11","73":"11","9C":"11","88":"11","64":"11","9F":"11","76":"11","8C":"11","89":"11","9H":"11","63":"11","8F":"11","62":"11"},"MX":{"P2":"11","Q2":"11","Q3":"11"},"F9":{"QF":"11"}},"89":{"6Q":{"7G":"11","6C":"11"},"6P":{"CQ":"11","FQ":"11","CP":"11"},"5Q":{"VP":"11","RP":"11","WM":"11","RM":"11","VH":"11","QH":"11","VJ":"11","QJ":"11","QM":"11","VM":"11","RJ":"11"}},"74":{"2R":{"VX":"11","VW":"11","XJ":"11","XH":"11","WW":"11","WX":"11"},"6V":{"42":"11"},"2W":{"3C":"11","2F":"11","3G":"11","2G":"11","3F":"11"},"8R":{"QX":"3"},"5V":{"45":"11"},"4R":{"34":"11","44":"11","24":"11","45":"11","54":"11","55":"11","23":"11"},"6R":{"5X":"11","4X":"11"},"3R":{"P2":"11","Q3":"11","H4":"11","8J":"11","6J":"11","M2":"11","7G":"11","6H":"11","8H":"11","J3":"11","8G":"11","7H":"11","H2":"11","G4":"11","J2":"11","H3":"11","M3":"11","G3":"11","P3":"11","7J":"11","2H":"11"},"3X":{"3R":"11"},"2V":{"V2":"11","V3":"11"},"9V":{"93":"11","84":"11","83":"11","94":"11"},"4X":{"G9":"11","GC":"11","H9":"11"}},"8P":{"2Q":{"VW":"11","VV":"11","WV":"11","WW":"11"},"3H":{"X5":"11","X7":"11","X6":"11"},"4H":{"39":"11","37":"11","3C":"11","36":"11","27":"11","38":"11","4F":"11","3F":"11","26":"11"},"4G":{"GJ":"3","GM":"3","HH":"3","HJ":"3"}},"7H":{"94":{"22":"11"},"5V":{"PH":"11","PJ":"11"}},"63":{"8W":{"FC":"11"},"39":{"QW":"11","RX":"11","RJ":"11","QV":"11","QX":"11","QH":"11","RH":"11","VG":"11","VF":"11","QM":"11","RG":"11","RW":"11","RV":"11","QP":"11","QJ":"11","VC":"11"},"5J":{"PV":"11","PW":"11"},"6P":{"H5":"11","H4":"11"},"8R":{"QQ":"11","QR":"11","RR":"11"},"29":{"CF":"11","CC":"11","FC":"11","FF":"11"},"3F":{"XC":"11","WC":"11","XF":"11","WF":"11"}},"9P":{"7R":{"J5":"11"}},"8M":{"5C":{"7W":"11","9R":"11","9V":"11"},"5G":{"8R":"11","8M":"11","CQ":"11","7Q":"11","CR":"11","9R":"11","9M":"11","8Q":"11","8P":"11","CM":"11","CP":"11"},"7G":{"2W":"3","2V":"3"},"46":{"VF":"11","W9":"11","WF":"11","RC":"11","WH":"11","RG":"11","VJ":"11","RF":"11","VC":"11","WG":"11","VG":"11","RJ":"11","V8":"11","V9":"11","VH":"11","WC":"11","RH":"11","WJ":"11"},"F3":{"G8":"11"},"47":{"V3":"11","V4":"11","H6":"11","W3":"11","W4":"11","J6":"11","V5":"11","W5":"11"},"37":{"PQ":"11","MQ":"11","MV":"11","MR":"11"},"5H":{"87":"11","C5":"11","97":"11","96":"11","C7":"11","86":"11","C6":"11","85":"11","95":"11","84":"11","94":"11"},"6G":{"XW":"3","V3":"11","MJ":"11","W9":"11","X7":"11","JJ":"11","V2":"11","W8":"11","W7":"11","W2":"11"},"4F":{"M6":"11","J6":"11","J5":"11"}},"77":{"HQ":{"CQ":"11","FQ":"11","CR":"11","FR":"11"},"8V":{"P6":"11"},"HR":{"MG":"11","JC":"11","MF":"11","JH":"11","JF":"11","JG":"11"},"7J":{"4W":"11","JH":"7","4V":"11","JG":"7"},"8R":{"MJ":"11","JP":"11","RM":"11","J9":"11","R8":"11","R9":"11","RC":"11","JC":"11","QQ":"11","JJ":"11","RP":"11","HJ":"11","JH":"11","MQ":"11","PQ":"11","QP":"11","QM":"11","PP":"11","JM":"11","QF":"11","Q8":"11","MM":"11","M9":"11","RQ":"11","Q9":"11","QC":"11","HH":"11","MP":"11","PC":"11","MC":"11"}},"44":{"3J":{"XP":"11","XM":"11"},"QF":{"X3":"11"},"4J":{"2M":"11","2P":"11"},"3H":{"X4":"11","X3":"11","R2":"11"},"4H":{"33":"11","24":"11","23":"11"},"2C":{"6X":"11","2Q":"11","2M":"11","2R":"11","3W":"11","4R":"11","4W":"11","2J":"11","5X":"11","5W":"11","4V":"11","3Q":"11","4X":"11","3R":"11"},"2F":{"9G":"11","RJ":"11","HM":"11","F6":"11","52":"11","QH":"11","2H":"11","CC":"11","RH":"11","C5":"11","73":"11","HP":"11","C6":"11","C8":"11","9C":"11","RG":"11","C7":"11","9F":"11","XW":"11","4G":"11","XX":"11","QG":"11","CF":"11","72":"11","WX":"11","GP":"11","62":"11","QJ":"11"},"3G":{"RW":"11","VP":"11","2Q":"11","VQ":"11","VJ":"11","VV":"11","WP":"11","RX":"11","WQ":"11","VW":"11","WM":"11","H2":"11","H3":"11","VH":"11","WV":"11","VM":"11","WR":"11"},"2G":{"WJ":"11","W2":"11","XQ":"11","X2":"11","WH":"11"},"3F":{"HX":"11","GW":"11","7W":"11","FW":"11","HW":"11","GV":"11","GX":"11","FV":"11","3V":"11","4V":"11"}},"XG":{"CP":{"F5":"11","C3":"11","F7":"11","F4":"11","F3":"11","F2":"11","F6":"11"}},"C8":{"W2":{"W2":"11","V2":"11","R2":"11"}},"24":{"2Q":{"4X":"11"},"V4":{"VW":"11","8X":"11","7V":"11","7R":"11"},"CM":{"WJ":"11","WM":"11","VH":"11","VJ":"11","WH":"11","VM":"11"},"V5":{"68":"11","82":"11"},"W2":{"6X":"11","8V":"11","7X":"11","FQ":"11","7V":"11","FR":"11"},"W3":{"7P":"11","72":"11","62":"11"},"7J":{"F5":"11","G6":"11","G5":"11"},"XF":{"8M":"3","7M":"3"},"4X":{"F9":"11","G8":"11","FC":"11","G9":"11","GF":"11","F8":"11","GC":"11"},"W4":{"HG":"11","5R":"11","6R":"11","7V":"11","HH":"11","6V":"11","5Q":"11"}},"23":{"93":{"MX":"11","PX":"11","PW":"11"},"C3":{"3J":"11","2Q":"11","2R":"11","2P":"11","3Q":"11","3P":"11","3R":"11"},"XX":{"99":"11","89":"11"},"HR":{"5X":"3"},"JW":{"99":"11","9C":"11","89":"11"},"WX":{"RG":"11","VG":"11"}},"36":{"XX":{"J8":"3","F4":"3","M7":"3","M8":"3","P6":"3","RC":"11","M5":"3","Q8":"3|11","Q7":"3","P8":"3","RH":"3","M6":"3","VF":"3|11|7","RG":"3","P7":"3","H4":"3","H9":"7","Q9":"11","R9":"11","J6":"3","H6":"3","J5":"3|7","VC":"3"},"VP":{"7M":"11","6P":"11","6M":"11"},"XJ":{"GW":"11","FX":"11","FW":"11","GX":"11"},"QX":{"MX":"3","JX":"3","JR":"3","JV":"3","MW":"3","JQ":"3","JW":"3"},"27":{"GW":"11","HW":"11","PM":"11","PP":"11","PJ":"11"},"29":{"9G":"11","9F":"11"},"26":{"X7":"11","X6":"11"},"35":{"56":"11","55":"11"},"XV":{"4R":"11","2P":"11","38":"11","2J":"11","2M":"11","3P":"11","4H":"11","2H":"11","39":"11","2C":"11","28":"11","2G":"11","4Q":"11","4M":"11","3G":"11","4G":"11","3Q":"11","3M":"11","29":"11","3C":"11","2R":"11","4J":"11","4P":"11","3J":"11","3H":"11","2Q":"11","3R":"11","2F":"11","3F":"11"},"RQ":{"WP":"11","VP":"11","WM":"11","WR":"11","WV":"11","WQ":"11","VQ":"11"},"XM":{"C3":"11","C5":"11","C4":"11"},"36":{"26":"11"},"WV":{"XC":"11","X9":"11","XJ":"11","XF":"11","X8":"11","XH":"11","XP":"11","XM":"11","XG":"11"},"2C":{"7M":"11","7J":"11"}},"7R":{"88":{"72":"11"},"87":{"VF":"11","8W":"11","WF":"11","8R":"11","9Q":"11","JH":"11","VG":"11","7X":"11","9H":"11","CR":"11","9R":"11","9G":"11","CJ":"11","8X":"11","WC":"11","MH":"11","9V":"11","9J":"11"},"97":{"28":"11","27":"11","26":"11"}},"7F":{"3P":{"P5":"11","P4":"11"}},"55":{"RJ":{"5H":"11","3W":"11","5G":"11","47":"11","3P":"11","4H":"11","3V":"11","58":"11","48":"11","57":"11","5C":"11","59":"11","46":"11","4M":"11","4G":"11","3M":"11","3Q":"11","49":"11","4J":"11","4P":"11","45":"11","4C":"11","3R":"11","5F":"11","56":"11","4F":"11"},"4R":{"J8":"11","8M":"11","M7":"11","4R":"11","R4":"11","P6":"11","Q5":"11","J7":"11","X4":"11","FF":"11","5Q":"11","9J":"11","X3":"11","Q2":"11","M6":"11","W3":"11","P5":"11","8J":"11","5R":"11","Q6":"11","R2":"11","W4":"11","FC":"11","R3":"11","9H":"11","6Q":"11","X2":"11","CG":"11","V3":"11"},"MP":{"J7":"3","M5":"3","M6":"3","M4":"3","J6":"3","M7":"3","J5":"3"},"CM":{"PJ":"11","QH":"11","PF":"11","QJ":"11","PG":"11","PH":"11","QQ":"11","MG":"11","QR":"11","QP":"11","QM":"11","QF":"11","M9":"11","MF":"11","QG":"11","PC":"11","MC":"11"},"GV":{"R4":"11"},"2J":{"QX":"11","9C":"11","CQ":"11","GX":"11","PQ":"11","QQ":"11","QF":"11","PF":"11","FR":"11","PR":"11","CF":"11","HP":"11","HM":"11","MR":"11","QV":"11","JM":"11","MQ":"11","HX":"11","QR":"11","JQ":"11","MM":"11","FP":"11","PV":"11","QG":"11","PM":"11","HF":"11","JX":"11","GW":"11","XH":"11","PX":"11","XG":"11","CP":"11","PP":"11","MV":"11","QW":"11","WH":"11","JP":"11","MP":"11","FV":"11","GC":"11","FQ":"11","FF":"11","GF":"11","PW":"11","FC":"11","RG":"11"},"7Q":{"85":"11","97":"11","WG":"11","GX":"11","64":"11","8G":"11","25":"11","6W":"11","38":"11","XP":"11","7G":"11","JG":"11","MR":"11","7F":"11","5X":"11","MG":"11","8H":"11","86":"11","27":"11","33":"11","HX":"11","75":"11","VH":"11","98":"11","96":"11","PX":"11","PG":"11","6X":"11","43":"11","28":"11","29":"11","XM":"11","63":"11","WH":"11","C8":"11","WM":"11","2C":"11","XQ":"11","3C":"11","24":"11","26":"11","53":"11","2F":"11","39":"11","74":"11","37":"11","JR":"11","23":"11"},"WQ":{"5X":"11","5W":"11"},"FW":{"MQ":"11","MR":"11"},"2M":{"X6":"11","M4":"11","M6":"11","J3":"11","H2":"11","J2":"11","M3":"11","M7":"11","X4":"11","X5":"11"},"3P":{"J8":"11","V4":"11","VW":"11","M8":"11","M7":"11","R4":"11","P6":"11","J7":"11","M5":"11","JF":"11","WP":"11","P3":"11","W2":"11","J9":"11","P8":"11","HG":"11","M6":"11","M4":"11","W3":"11","P5":"11","P9":"11","V2":"11","JV":"11","HF":"11","JP":"11","JG":"11","MV":"11","P7":"11","HC":"11","JQ":"11","P4":"11","H8":"11","M9":"11","JC":"11","X2":"11","HH":"11","MR":"11","V3":"11","MC":"11","JR":"11"},"5Q":{"F5":"11","2R":"11","9C":"11","93":"11","5W":"11","7C":"11","3V":"11","92":"11","6W":"11","F4":"11","CF":"11","HH":"11","2X":"11","G6":"11","7F":"11","5X":"11","8W":"11","GG":"11","82":"11","G4":"11","CG":"11","F3":"11","C2":"11","G8":"11","F2":"11","8C":"11","8X":"11","3R":"11","4V":"11","4W":"11","6X":"11","C4":"11","7X":"11","FG":"11","XX":"11","2V":"11","9F":"11","3P":"11","CC":"11","7W":"11","72":"11","G7":"11","FF":"11","C3":"11","GF":"11","G5":"11","GH":"11","FH":"11","2W":"11","3Q":"11","G9":"11"},"QH":{"93":"11","83":"11","C2":"11","C3":"11","72":"11","92":"11","F2":"11","82":"11"},"CR":{"3F":"11","48":"11","2F":"11","4C":"11","2G":"11","55":"11","49":"11","46":"11","54":"11","52":"11","57":"11","47":"11","45":"11","39":"11","56":"11","3C":"11","53":"11"},"7R":{"P2":"11","66":"11","64":"11","65":"11","55":"11","54":"11","52":"11"},"CC":{"GX":"11","MP":"11","PV":"11","MM":"11","JF":"11","GV":"11","PM":"11","PH":"11","MF":"11","JW":"11","GW":"11","HP":"11","MW":"11","FX":"11","PQ":"11","PR":"11","HV":"11","MG":"11","HF":"11","MV":"11","JG":"11","JH":"11","HC":"11","PJ":"11","HR":"11","PP":"11","JX":"11","HQ":"11","MX":"11","HX":"11","JC":"11","MQ":"11","MJ":"11","MR":"11","MH":"11"},"WW":{"84":"11","83":"11","94":"11","82":"11"},"CP":{"F8":"11","M7":"11","G8":"11","P6":"11","68":"11","J7":"11","H7":"11","Q7":"11","58":"11","M6":"11","5C":"11","59":"11","Q6":"11","3G":"11","P7":"11","G7":"11","3C":"11","H8":"11","49":"11","69":"11","F7":"11","4C":"11","J6":"11","3H":"11","G6":"11","H6":"11","4F":"11","3F":"11"},"7M":{"V4":"11","V5":"11"},"9X":{"RW":"11"},"VR":{"VF":"11","W9":"11","X8":"11","WH":"11","XJ":"11","VC":"11","WG":"11","VG":"11","XH":"11","X9":"11","W8":"11","XG":"11","VH":"11","WC":"11","XM":"11","XC":"11","XF":"11","WJ":"11"},"F3":{"7R":"11","8W":"11","6J":"11","7C":"11","7X":"11","7M":"11","7W":"11","7V":"11","7P":"11","7F":"11","8X":"11","6M":"11"},"5P":{"2R":"11","2W":"11","3W":"11","7X":"11","3R":"11","4V":"11","5W":"11","4W":"11","2V":"11","6X":"11","3V":"11","5X":"11","4X":"11"},"FM":{"8M":"11","7M":"11","9P":"11","7P":"11","FX":"11","FW":"11","6P":"11","9Q":"11","FV":"11","8Q":"11","8P":"11"},"8Q":{"9W":"11","6Q":"11","3J":"11","2Q":"11","CW":"11","2J":"11","3M":"11","3X":"11","2P":"11","9V":"11","4X":"11"},"WR":{"6V":"11","7P":"11","6W":"11","6P":"11","5W":"11","54":"11","5X":"11","7Q":"11","2M":"11","7W":"11","52":"11","3P":"11","7R":"11","7V":"11","5P":"11","2C":"11","6X":"11","4M":"11","3M":"11","29":"11","3C":"11","7X":"11","6Q":"11","4P":"11","5V":"11","53":"11"},"WV":{"4R":"11","7G":"11","2P":"11","FG":"11","C9":"11","FH":"11","9V":"11","54":"11","FF":"11","99":"11","2J":"11","2M":"11","52":"11","3P":"11","CC":"11","7F":"11","9C":"11","4Q":"11","8X":"11","8C":"11","89":"11","FC":"11","3Q":"11","9R":"11","9W":"11","CF":"11","63":"11","55":"11","2R":"11","F9":"11","FJ":"11","8F":"11","45":"11","8W":"11","53":"11","2Q":"11","62":"11","3R":"11"},"4Q":{"QW":"11","RX":"11","F8":"11","V4":"11","VW":"11","GF":"11","GC":"11","G8":"11","R4":"11","QV":"11","RC":"11","66":"11","W8":"11","V5":"11","RF":"11","P2":"11","JF":"11","QR":"11","R8":"11","96":"11","54":"11","FV":"11","GV":"11","QQ":"11","75":"11","F6":"11","QX":"11","FW":"11","52":"11","W6":"11","MF":"11","HG":"11","QC":"11","WW":"11","43":"11","GQ":"11","C5":"11","GW":"11","Q2":"11","74":"11","73":"11","R6":"11","V8":"11","GR":"11","PF":"11","C8":"11","C6":"11","65":"11","R5":"11","C7":"11","64":"11","76":"11","W5":"11","MG":"11","XW":"11","HF":"11","JG":"11","FC":"11","QF":"11","G9":"11","G7":"11","R3":"11","JH":"11","HC":"11","XX":"11","QG":"11","HR":"11","RW":"11","PG":"11","RV":"11","H9":"11","H8":"11","63":"11","V9":"11","HQ":"11","Q9":"11","F9":"11","42":"11","R7":"11","V6":"11","R9":"11","85":"11","F7":"11","JC":"11","F5":"11","V7":"11","WX":"11","84":"11","53":"11","HH":"11","94":"11","95":"11","62":"11","V3":"11","W7":"11"},"8X":{"HG":"11"},"5R":{"QW":"11","V4":"11","X7":"11","R4":"11","QV":"11","Q5":"11","W8":"11","V5":"11","QR":"11","96":"11","QQ":"11","X6":"11","PM":"11","W6":"11","Q4":"11","22":"11","Q2":"11","23":"11","R6":"11","R5":"11","88":"11","W5":"11","8C":"11","W4":"11","89":"11","8G":"11","Q3":"11","X5":"11","R3":"11","X8":"11","PJ":"11","PP":"11","98":"11","QP":"11","8F":"11","V6":"11","97":"11","V7":"11","94":"11","95":"11","W7":"11"},"CQ":{"5G":"11","5C":"11","5H":"11","5F":"11","5X":"11","5W":"11"},"9P":{"89":"11"},"4M":{"2W":"11","2Q":"11","2M":"11","2X":"11","2H":"11","2J":"11","3X":"11","2V":"11","2P":"11"},"6F":{"M8":"11","PF":"11","J9":"11","JC":"11","P9":"11","M9":"11","J5":"11","J6":"11","M7":"11","MF":"11","J8":"11","PC":"11","J7":"11","MC":"11","J4":"11"},"QF":{"7Q":"11","9R":"11","9Q":"11","8R":"11","8Q":"11"},"3M":{"CR":"11","MF":"11","97":"11","CQ":"11","WG":"11","8R":"11","7Q":"11","C7":"11","QF":"11","PF":"11","25":"11","32":"11","FR":"11","38":"11","5P":"11","78":"11","RF":"11","C6":"11","36":"11","MG":"11","55":"11","4P":"11","49":"11","VG":"11","27":"11","5Q":"11","G8":"11","33":"11","F7":"11","88":"11","4M":"11","35":"11","9M":"11","CM":"11","QG":"11","9P":"11","48":"11","VF":"11","9R":"11","XH":"11","PG":"11","XG":"11","VC":"11","CP":"11","XJ":"11","66":"11","65":"11","XX":"11","34":"11","3C":"11","24":"11","26":"11","5M":"11","8Q":"11","FQ":"11","9Q":"11","39":"11","H8":"11","6Q":"11","WC":"11","37":"11","J9":"11","76":"11","8P":"11","77":"11","J8":"11","4C":"11","RG":"11"},"9R":{"R5":"11","V4":"11","38":"11","VF":"11","48":"11","WF":"11","CV":"11","WG":"11","VG":"11","29":"11","49":"11","CW":"11","V5":"11","XG":"11","39":"11","2C":"11","3C":"11","R4":"11"},"QG":{"MP":"11","MM":"11","8P":"11","8V":"11","RP":"11","QQ":"11","F6":"11","RR":"11","WQ":"11","PM":"11","7W":"11","WW":"11","VR":"11","C5":"11","8Q":"11","CX":"11","C6":"11","QM":"11","FX":"11","WR":"11","WV":"11","8X":"11","RQ":"11","VQ":"11","PP":"11","VV":"11","7X":"11","QP":"11","F7":"11","8R":"11","F5":"11","8W":"11","RM":"11","VP":"11"},"VV":{"XC":"11","XJ":"11","XF":"11","XH":"11","XP":"11","XM":"11","XG":"11"},"CF":{"H4":"11","G2":"11","F5":"11","J3":"11","F3":"11","H2":"11","G4":"11","J2":"11","H3":"11","G5":"11","G3":"11","F2":"11","F4":"11"},"WG":{"W5":"11","W6":"11"},"FJ":{"5R":"11","4P":"11","4M":"11","5P":"11","4Q":"11","5Q":"11"},"6Q":{"RJ":"11","X7":"11","3X":"11","MP":"11","7J":"11","MM":"11","RC":"11","X4":"11","V5":"11","RF":"11","W8":"11","WC":"11","CM":"11","GH":"11","3W":"11","QQ":"11","HM":"11","X6":"11","PM":"11","W6":"11","QH":"11","PH":"11","HG":"11","WF":"11","3V":"11","HJ":"11","GM":"11","4W":"11","W9":"11","CP":"11","X3":"11","FM":"11","VF":"11","XF":"11","W3":"11","QM":"11","2X":"11","5R":"11","JM":"11","W5":"11","JJ":"11","MG":"11","W4":"11","GJ":"11","JG":"11","X9":"11","QF":"11","X5":"11","JH":"11","X8":"11","PJ":"11","2W":"11","PP":"11","PG":"11","4V":"11","V9":"11","QP":"11","FJ":"11","V6":"11","5V":"11","V7":"11","HH":"11","MJ":"11","RM":"11","W7":"11","QJ":"11","XC":"11","MH":"11","VC":"11"},"4P":{"4X":"11","XR":"11","RJ":"11","PV":"11","5W":"11","WP":"11","QR":"11","3W":"11","QQ":"11","5X":"11","WQ":"11","PM":"11","QH":"11","PX":"11","4W":"11","RH":"11","22":"11","XQ":"11","WM":"11","QM":"11","MW":"11","PQ":"11","PR":"11","MV":"11","PJ":"11","PP":"11","PW":"11","VJ":"11","QP":"11","XV":"11","MQ":"11","MR":"11","RM":"11","QJ":"11","VM":"11"},"3J":{"2H":"11","3H":"11","3G":"11","2G":"11"},"5V":{"H8":"11","H7":"11","Q4":"11","F3":"11","F2":"11","Q3":"11"},"8R":{"9G":"11","FG":"11","GH":"11","R8":"11","FH":"11","83":"11","99":"11","75":"11","93":"11","52":"11","MF":"11","77":"11","HG":"11","87":"11","39":"11","74":"11","73":"11","8Q":"11","86":"11","V8":"11","9C":"11","8X":"11","64":"11","9F":"11","76":"11","8C":"11","MG":"11","GG":"11","89":"11","JG":"11","JH":"11","63":"11","42":"11","R7":"11","C4":"11","85":"11","V7":"11","84":"11","HH":"11","94":"11","62":"11","CG":"11"},"6R":{"35":"11","27":"11","25":"11","45":"11","54":"11","55":"11","53":"11","26":"11"},"WX":{"8M":"11","9G":"11","9M":"11","8P":"11","8V":"11","99":"11","9J":"11","87":"11","8Q":"11","8J":"11","9C":"11","88":"11","9F":"11","89":"11","9H":"11","98":"11","97":"11","8R":"11","8W":"11","CG":"11"},"8W":{"G9":"11","VJ":"11","G8":"11","WM":"11","H9":"11","VM":"11","WJ":"11"},"RM":{"RC":"11"},"79":{"CP":"11"},"VP":{"8M":"11","6V":"11","9M":"11","7P":"11","6W":"11","4R":"11","CM":"11","5W":"11","8P":"11","HM":"11","7Q":"11","7R":"11","GM":"11","7V":"11","4W":"11","FM":"11","8Q":"11","HP":"11","FP":"11","4V":"11","5V":"11","GP":"11"}},"C7":{"GR":{"X9":"11","W3":"11","W4":"11","X2":"11","WM":"11","W6":"11","X3":"11","XM":"11","XC":"11","W5":"11","W2":"11"},"HQ":{"4W":"11","4X":"11"},"XX":{"5M":"11"},"GV":{"V6":"11","W6":"11"},"HR":{"8M":"11","9M":"11","7P":"11","8P":"11","7Q":"11","5Q":"11","4H":"11","22":"11","43":"11","2C":"11","23":"11","33":"11","4Q":"11","9P":"11","4M":"11","3G":"11","4G":"11","4J":"11","42":"11","6Q":"11","4P":"11","3H":"11","2F":"11","3F":"11"},"HV":{"G8":"11","F5":"11","G6":"11","G9":"11","F6":"11","H9":"11","G7":"11"},"WX":{"WX":"11","RW":"11","QQ":"11","RP":"11","RX":"11","QP":"11","RQ":"11","RR":"11","VX":"11"}},"C5":{"36":{"P2":"11","Q3":"11","P4":"11","Q4":"11","M2":"11","M5":"11","M4":"11","J3":"11","H2":"11","J5":"11","J2":"11","H3":"11","M3":"11","P5":"11","P3":"11","J4":"11"},"43":{"F5":"11","9C":"11","CH":"11","CW":"11","C7":"11","9H":"11","F4":"11","CF":"11","G6":"11","C6":"11","G4":"11","CG":"11","F7":"11","F6":"11","9M":"11","CM":"11","9P":"11","9G":"11","98":"11","9W":"11","9R":"11","F9":"11","C8":"11","9F":"11","CC":"11","F8":"11","CJ":"11","CV":"11","G7":"11","9Q":"11","C9":"11","99":"11","9J":"11","C5":"11","G5":"11","9V":"11","CX":"11"}},"3P":{"PH":{"2M":"11","2P":"11"},"CQ":{"87":"11","88":"11","77":"11","97":"11","76":"11","96":"11","89":"11","86":"11","98":"11","99":"11"},"PF":{"C5":"11","C4":"11"},"VC":{"6Q":"11","5R":"11","6R":"11","5Q":"11"},"9C":{"5R":"11","4W":"11","5W":"11","4V":"11","5V":"11"},"59":{"8C":"11","7C":"11"}},"5J":{"Q6":{"5C":"11","6F":"11","5G":"11","48":"11","87":"11","59":"11","5F":"11","88":"11","97":"11","49":"11","75":"11","74":"11","96":"11","6G":"11","86":"11","85":"11","95":"11","84":"11","58":"11","98":"11","6C":"11"},"RV":{"3Q":"11","4Q":"11"}},"25":{"9W":{"8M":"3","8R":"3","8Q":"3","8P":"3"},"8M":{"JC":"11","MF":"11","JG":"11","JF":"11","HF":"11"},"8J":{"GR":"11","GW":"11","FW":"11","GV":"11","FV":"11"},"66":{"RX":"7","RW":"7"},"7C":{"QH":"11","PF":"11","QJ":"11","PG":"11","PH":"11","P8":"11","P9":"11","MF":"11","QG":"11","PC":"11","MC":"11"},"9V":{"4W":"11","5W":"11","4X":"11"},"6C":{"C3":"11","C4":"11"},"67":{"W6":"3"}},"7C":{"GR":{"M9":"11"},"4G":{"FR":"11","MP":"11","MM":"11","FV":"11","GV":"11","HM":"11","CR":"11","CV":"11","HJ":"11","GM":"11","CP":"11","GQ":"11","FM":"11","HP":"11","GR":"11","CW":"11","JM":"11","CQ":"11","9Q":"11","HV":"11","FP":"11","GJ":"11","JP":"11","FQ":"11","9R":"11","JQ":"11","HR":"11","HQ":"11","FJ":"11","MQ":"11","GP":"11","MR":"11","JR":"11"}},"86":{"9V":{"GR":"11","HQ":"11","GP":"11","JV":"11","HR":"11","FQ":"11","GQ":"11","HV":"11","FP":"11"},"GV":{"9J":"11"},"93":{"JP":"3","RM":"3|11","HR":"3","VP":"3","JQ":"3|11","QQ":"11","WH":"11","JR":"3","HQ":"3","RP":"3|11","VJ":"3","MQ":"3","WG":"11","PQ":"3","QP":"3|11","HP":"3","XH":"11","GR":"3","RJ":"3","GP":"3","PP":"3|11","QM":"3|11","RQ":"3","XG":"11","VH":"11","GQ":"3|11","RR":"3","XF":"11","MP":"3","VM":"3","WJ":"11"},"FW":{"WH":"11","XJ":"11","XH":"11","2M":"11","MV":"11","2J":"11","WJ":"11"},"GM":{"6X":"11"},"GW":{"2H":"11"},"CX":{"8J":"11","9J":"11|7"},"G5":{"F5":"11","F4":"11","F6":"11"},"C3":{"CC":"11","5C":"11","6F":"11","8F":"11","5G":"11","2F":"11","4C":"11","9F":"11","2G":"11","5F":"11","9C":"11","CF":"11","FF":"11","9H":"11","8H":"11","FC":"11","8G":"11","4G":"11","9G":"11","CG":"11","2H":"11","FG":"11","8C":"11","4F":"11","6C":"11"},"CW":{"XJ":"11","PF":"11","XP":"11","XM":"11"},"8X":{"33":"11","24":"11","2C":"11","29":"11","32":"11","23":"11"},"G4":{"RF":"11","RG":"11","QQ":"11","QR":"11"},"HV":{"C2":"11","C3":"11"},"9R":{"9R":"11","9V":"11"},"PP":{"XV":"11","XR":"11"},"7X":{"XC":"11","X9":"11","XF":"11","XG":"11"},"QP":{"2R":"11","38":"11","2W":"11","3W":"11","27":"11","4V":"11","28":"11","26":"11","35":"11","2V":"11","37":"11","25":"11","24":"11","45":"11","3V":"11","4Q":"11","36":"11"},"5V":{"5R":"11","5W":"11","4V":"11","5V":"11"},"8W":{"MH":"11","MG":"11"},"GP":{"62":"11"}},"33":{"48":{"V4":"11","X8":"11","V6":"11","X6":"11","X9":"11","W4":"11","W6":"11","W7":"11","V7":"11","W5":"11","X5":"11"},"5G":{"24":"11"},"46":{"V8":"11","Q8":"11","Q7":"11","R8":"11"},"4W":{"85":"11","95":"11","8F":"11","8C":"11","86":"11","7C":"11","7F":"11"},"4H":{"R5":"11","QF":"11","RG":"11","QC":"11","P2":"11","P3":"11","V5":"11","R6":"11","Q2":"11","QG":"11","P7":"11","P6":"11","R2":"11"},"5M":{"2V":"11"},"H6":{"92":"11","82":"11"},"65":{"G4":"11","G5":"11"},"4Q":{"9G":"11","9H":"11","8G":"11","F7":"11","9J":"11","8H":"11","F8":"11"},"58":{"39":"11","27":"11","38":"11","26":"11"},"4G":{"RX":"11","RW":"11"}},"38":{"93":{"CV":"3","FQ":"3","CR":"3","FR":"3"},"63":{"W7":"11"},"84":{"CH":"3","CJ":"3"},"F6":{"3W":"11"}},"XH":{"9H":{"R5":"3","R4":"3"}},"5G":{"63":{"CV":"11","FV":"11","CR":"11"},"8V":{"PQ":"11","RQ":"11","8C":"11","QQ":"11","79":"11","PR":"11","7C":"11","QR":"11","RR":"11","MR":"11"},"CC":{"XF":"11","XH":"11","XG":"11"},"FC":{"2H":"11","2F":"11","3G":"11","2G":"11","3F":"11"}},"39":{"9P":{"8W":"11","7W":"11","7X":"11","8X":"11"},"9Q":{"73":"11","82":"11","75":"11","74":"11","76":"11","72":"11","45":"3","85":"11","84":"11","83":"11"},"Q8":{"V6":"11","V7":"11","R7":"11","R6":"11","R8":"11"},"Q7":{"V4":"11","V5":"11"},"PC":{"VV":"11"},"4V":{"3J":"11","2H":"11","2J":"11","3M":"11"},"PG":{"PV":"11","PR":"11"},"P8":{"44":"11","33":"11","43":"11","32":"11"}},"34":{"C8":{"5G":"11","8F":"11"},"W9":{"85":"11","MF":"11","X9":"11","62":"11","64":"11","PF":"11","QF":"11","42":"11","32":"11","87":"11","73":"11","78":"11","RF":"11","V9":"11","G6":"11","83":"11","86":"11","PH":"11","PC":"11","G8":"11","75":"11","HC":"11","F7":"11","88":"11","89":"11","R8":"11","QG":"11","W9":"11","98":"11","54":"11","RH":"11","JF":"11","F9":"11","PG":"11","RC":"11","66":"11","V8":"11","63":"11","QH":"11","QC":"11","65":"11","C8":"11","CC":"11","XF":"11","F8":"11","R9":"11","72":"11","GC":"11","G7":"11","53":"11","XC":"11","C9":"11","JC":"11","99":"11","H8":"11","H9":"11","WC":"11","74":"11","J9":"11","MC":"11","76":"11","84":"11","77":"11","J8":"11","FC":"11","79":"11","RG":"11","G9":"11"},"8M":{"32":"11"},"MQ":{"R5":"11","X9":"11","R6":"11","X8":"11"},"PQ":{"5G":"11","3F":"11","6J":"11","3G":"11","5J":"11","29":"11","28":"11","4G":"11","5H":"11","39":"11","5M":"11","6M":"11","4H":"11","3C":"11","4F":"11"},"X9":{"CR":"11","8R":"11","GQ":"11","7Q":"11","JW":"11","FR":"11","5P":"11","HW":"11","6M":"11","7P":"11","4P":"11","6P":"11","4Q":"11","5Q":"11","GV":"11","HX":"11","4M":"11","JV":"11","HQ":"11","4R":"11","9M":"11","9P":"11","8M":"11","4H":"11","9R":"11","JX":"11","3M":"11","9X":"11","GR":"11","6R":"11","5J":"11","6J":"11","7J":"11","7M":"11","3P":"11","FV":"11","CV":"11","5M":"11","8Q":"11","FQ":"11","6Q":"11","9V":"11","8V":"11","HR":"11","CX":"11","8P":"11","HV":"11","GP":"11"},"MR":{"QW":"11","QV":"11","PV":"11","QR":"11","RP":"11","QQ":"11","JW":"11","PX":"11","MW":"11","JV":"11","JQ":"11","PP":"11","JX":"11","PW":"11","MX":"11","QP":"11","MQ":"11","MR":"11","RM":"11","JR":"11"},"W8":{"5V":"11","2Q":"11","4R":"11","4V":"11","3Q":"11","3X":"11","5R":"11","4X":"11"},"V8":{"MX":"11","XQ":"11","QR":"11","XR":"11","JW":"11","JX":"11","WQ":"11","QV":"11","XV":"11","WV":"11","RR":"11","WR":"11"},"V9":{"P6":"11","55":"11","92":"11","46":"11","82":"11","P7":"11","45":"11","56":"11","83":"11"},"H7":{"6F":"11","6C":"11"},"57":{"X3":"11"},"MV":{"F4":"11","5H":"11","5J":"11","7G":"11","7J":"11","P2":"11","96":"11","5G":"11","F6":"11","2J":"11","J2":"11","4H":"11","2H":"11","6M":"11","7M":"11","C5":"11","C8":"11","G5":"11","C6":"11","M2":"11","8J":"11","C7":"11","2G":"11","G4":"11","8H":"11","6H":"11","J3":"11","H2":"11","G3":"11","3G":"11","6J":"11","4G":"11","H4":"11","7H":"11","6G":"11","4J":"11","H3":"11","3J":"11","97":"11","F5":"11","3H":"11"},"45":{"XR":"11"},"JV":{"VP":"11","WP":"11","RP":"11","WJ":"11","WM":"11","XJ":"11","RM":"11","RH":"11","VH":"11","QQ":"11","VJ":"11","XH":"11","VM":"11","QP":"11","XG":"11","RJ":"11"},"XC":{"MF":"11","MH":"11","P8":"11","PQ":"11","Q6":"11","R7":"11","M8":"11","QF":"11","PF":"11","PR":"11","PJ":"11","HH":"11","HP":"11","JG":"11","RF":"11","MR":"11","MG":"11","PH":"11","J2":"11","MQ":"11","HC":"11","JQ":"11","HQ":"11","MM":"11","PV":"11","R8":"11","QG":"11","PM":"11","VH":"11","HF":"11","RH":"11","R5":"11","XH":"11","JF":"11","PX":"11","P7":"11","PG":"11","M7":"11","H2":"11","XJ":"11","P6":"11","Q5":"11","MV":"11","QC":"11","QH":"11","WH":"11","MP":"11","R9":"11","JC":"11","H9":"11","MX":"11","MW":"11","J9":"11","HG":"11","R6":"11","RG":"11"},"V7":{"PQ":"11","MV":"11","MW":"11","PR":"11","PW":"11"},"95":{"GH":"11","GM":"11"},"XF":{"P2":"11","XH":"11","M2":"11"},"67":{"M3":"11"},"56":{"PX":"11","PW":"11"},"PC":{"XX":"11"}},"7M":{"7G":{"27":"11"},"Q6":{"V3":"11"},"VF":{"F5":"3"}},"3H":{"4J":{"M5":"11","M4":"11","J4":"11","J5":"11"}},"29":{"7M":{"V8":"3","V7":"3","W7":"3","W8":"3"},"8J":{"65":"3"},"92":{"9P":"3","9Q":"3","8Q":"3","8P":"3"},"97":{"34":"11","33":"11","43":"11"}},"8G":{"2G":{"GH":"11","HG":"11","G9":"11","HH":"11","GC":"11"}},"6P":{"W6":{"Q7":"11"}},"27":{"RX":{"57":"11","5C":"11","3J":"11","5F":"11","46":"11","4C":"11","56":"11","54":"11","55":"11","4F":"11","53":"11","3P":"11"},"6V":{"62":"11","3F":"11","38":"11","2F":"11","2W":"11","2G":"11","64":"11","3G":"11","3P":"11","65":"11","55":"11","27":"11","2X":"11","29":"11","28":"11","46":"11","54":"11","26":"11","63":"11","3H":"11","3J":"11","52":"11","72":"11","2V":"11","37":"11","45":"11","44":"11","36":"11","39":"11","3M":"11","2C":"11","56":"11","4H":"11","4M":"11","3C":"11","4J":"11","53":"11"},"6W":{"34":"11","33":"11","24":"11","25":"11","22":"11","23":"11","26":"11"},"78":{"XC":"11","X5":"11","X9":"11","X6":"11","XF":"11","X4":"11","XG":"11"},"7G":{"RW":"11","G9":"11","H8":"11","G8":"11","QX":"11","QW":"11","H7":"11","H9":"11","J7":"11","G7":"11"},"7C":{"XW":"11","XX":"11","WW":"11","XQ":"11","XR":"11","WP":"11","WQ":"11","WM":"11","XV":"11","XP":"11","WV":"11","WR":"11"},"7J":{"58":"11","8R":"11","7Q":"11","5W":"11","7C":"11","8G":"11","42":"11","6W":"11","32":"11","73":"11","56":"11","59":"11","7G":"11","7R":"11","7F":"11","5X":"11","8W":"11","7P":"11","8H":"11","4X":"11","7V":"11","8X":"11","8M":"11","48":"11","6G":"11","6C":"11","8J":"11","4W":"11","6X":"11","6R":"11","7X":"11","52":"11","57":"11","7J":"11","7M":"11","47":"11","7W":"11","72":"11","6F":"11","8Q":"11","6Q":"11","46":"11","8V":"11","69":"11","7H":"11","8P":"11","68":"11"},"6P":{"HJ":"11","Q3":"11","MF":"11","GX":"11","H4":"11","P3":"11","JW":"11","J5":"11","M8":"11","FR":"11","HP":"11","HH":"11","HW":"11","P5":"11","HM":"11","JG":"11","MR":"11","H7":"11","MG":"11","M3":"11","Q2":"11","JM":"11","J2":"11","M2":"11","GV":"11","M6":"11","MQ":"11","HX":"11","HC":"11","H3":"11","J6":"11","JV":"11","JQ":"11","P2":"11","HQ":"11","MM":"11","FP":"11","J3":"11","PM":"11","GM":"11","JX":"11","Q4":"11","GW":"11","JF":"11","M7":"11","GR":"11","JH":"11","H2":"11","H6":"11","PP":"11","M9":"11","H5":"11","J4":"11","JP":"11","M4":"11","MP":"11","J7":"11","FQ":"11","JC":"11","H8":"11","H9":"11","MX":"11","JJ":"11","JR":"11","M5":"11","MW":"11","J9":"11","MC":"11","P4":"11","HR":"11","HG":"11","HV":"11","J8":"11","GP":"11"},"5W":{"RX":"11","XR":"11","V4":"11","VW":"11","X7":"11","XJ":"11","X4":"11","V5":"11","W8":"11","WC":"11","WP":"11","RR":"11","WQ":"11","X6":"11","W6":"11","WH":"11","WF":"11","WW":"11","W9":"11","X3":"11","VR":"11","XP":"11","VF":"11","XQ":"11","W3":"11","WM":"11","V8":"11","XM":"11","WR":"11","WV":"11","W5":"11","W4":"11","VQ":"11","X9":"11","X5":"11","X8":"11","RW":"11","VV":"11","RV":"11","WG":"11","V9":"11","VX":"11","V6":"11","X2":"11","WJ":"11","V7":"11","W7":"11","VP":"11","VC":"11"},"96":{"64":"11","5F":"11","55":"11","4F":"11","65":"11","4G":"11","74":"11"},"5G":{"X5":"11","X4":"11","X3":"11"},"5X":{"J8":"11","V4":"11","M8":"11","M7":"11","J7":"11","66":"11","96":"11","Q8":"11","H7":"11","Q7":"11","F6":"11","J9":"11","QH":"11","PH":"11","77":"11","P8":"11","87":"11","86":"11","R6":"11","PF":"11","C6":"11","P9":"11","V2":"11","C7":"11","9F":"3","76":"11","R2":"11","G7":"11","PJ":"11","QG":"11","PG":"11","H8":"11","Q9":"11","M9":"11","R7":"11","F7":"11","G6":"11","H6":"11","V3":"11","QJ":"11","56":"11"},"93":{"V4":"11","VW":"11","V5":"11","WC":"11","R8":"11","RP":"11","RR":"11","W2":"11","WW":"11","VR":"11","XF":"11","V8":"11","W3":"11","WR":"11","WV":"11","XG":"11","RQ":"11","W4":"11","VV":"11","VJ":"11","V6":"11","WJ":"11","V7":"11","VP":"11","XC":"11","VM":"11"},"6M":{"QX":"11","QJ":"11","X9":"11","WG":"11","PQ":"11","WF":"11","JW":"11","PR":"11","VM":"11","WJ":"11","RW":"11","MR":"11","RV":"11","RQ":"11","QV":"11","MQ":"11","HX":"11","VJ":"11","QR":"11","JV":"11","JQ":"11","RR":"11","PV":"11","VP":"11","VW":"11","PM":"11","VQ":"11","VH":"11","JX":"11","XH":"11","XG":"11","RM":"11","QM":"11","XJ":"11","PP":"11","QP":"11","RX":"11","MV":"11","XR":"11","WH":"11","RP":"11","RJ":"11","MP":"11","WM":"11","XF":"11","XQ":"11","XC":"11","PW":"11","VV":"11","JR":"11","MW":"11"},"7M":{"2R":"11","62":"11","64":"11","2M":"11","2P":"11","4G":"11","7C":"11","5C":"11","42":"11","5G":"11","38":"11","73":"11","78":"11","7G":"11","59":"11","7F":"11","36":"11","49":"11","2H":"11","75":"11","3G":"11","67":"11","3J":"11","4F":"11","2Q":"11","54":"11","6G":"11","4H":"11","6C":"11","5H":"11","43":"11","52":"11","29":"11","66":"11","63":"11","65":"11","47":"11","2C":"11","5F":"11","3C":"11","72":"11","6F":"11","53":"11","39":"11","2J":"11","2G":"11","37":"11","46":"11","76":"11","69":"11","3H":"11","77":"11","68":"11","79":"11","4C":"11"},"87":{"8M":"11","9M":"11","4W":"11","5X":"11","5W":"11","6W":"11","4X":"11"},"C3":{"2H":"11","2F":"11","2G":"11"},"7F":{"RH":"11","W7":"11","X2":"11","X4":"11","X3":"11","W6":"11","RJ":"11"},"88":{"24":"11","25":"11","23":"11","26":"11"},"8C":{"2X":"11","35":"11","36":"11"},"6H":{"XJ":"11","P6":"11","RC":"11","W8":"11","RF":"11","WC":"11","R8":"11","Q8":"11","Q7":"11","Q4":"11","WH":"11","WF":"11","QC":"11","XH":"11","W9":"11","Q2":"11","VF":"11","VG":"11","XF":"11","V8":"11","R6":"11","XG":"11","Q6":"11","R2":"11","Q3":"11","P7":"11","WG":"11","V9":"11","Q9":"11","R7":"11","R9":"11","WJ":"11","V7":"11","XC":"11","VC":"11"},"6F":{"2X":"11"},"92":{"PR":"11","H4":"11","PV":"11","JJ":"11","QX":"11","PQ":"11","PM":"11","PP":"11","QW":"11","JM":"11","MM":"11","QV":"11"},"7H":{"3W":"11","3P":"11","4R":"11","2P":"11","4P":"11","7X":"11","3R":"11","4V":"11","3Q":"11","2M":"11","3X":"11","3J":"11","4W":"11","3V":"11","4Q":"11","3M":"11","2H":"11","5X":"11","4M":"11","2J":"11","4X":"11"},"RW":{"6W":"11","6F":"11","6V":"11","5V":"11","59":"11","5F":"11","6R":"11","5W":"11","6X":"11","6G":"11","5X":"11"},"6G":{"56":"11","8H":"11","HQ":"11","8F":"11","PP":"11","HJ":"11","9H":"11","6G":"11","69":"11","CG":"11","MM":"11","79":"11","78":"11","47":"11","HM":"11","FM":"11","89":"11","QR":"11","QW":"11","7G":"11","77":"11","24":"11","HP":"11","CM":"11","23":"11","PR":"11","6F":"11","36":"11","PH":"11","7F":"11","9F":"11","25":"11","QV":"11","7C":"11","38":"11","GJ":"11","9C":"11","FP":"11","RX":"11","MH":"11","JP":"11","8G":"11","6C":"11","CP":"11","8C":"11","PW":"11","35":"11","MJ":"11","9G":"11","67":"11","RW":"11","37":"11","PQ":"11","9J":"11","49":"11","JJ":"11","CH":"11","22":"11","JM":"11","PJ":"11","PX":"11","68":"11","46":"11","59":"11","57":"11","48":"11","MQ":"11","58":"11","PM":"11","GP":"11","GM":"11","CJ":"11","MP":"11","QX":"11","QQ":"11"},"6Q":{"HJ":"11","MF":"11","MH":"11","GX":"11","GQ":"11","H4":"11","CW":"11","FW":"11","P3":"11","J5":"11","M8":"11","PF":"11","FR":"11","HP":"11","78":"11","HW":"11","P5":"11","HM":"11","H7":"11","GG":"11","MG":"11","M3":"11","JM":"11","PH":"11","J2":"11","M2":"11","GV":"11","M6":"11","HX":"11","H3":"11","J6":"11","88":"11","JQ":"11","HQ":"11","MM":"11","89":"11","FP":"11","J3":"11","8X":"11","HF":"11","9W":"11","GM":"11","GW":"11","9X":"11","PG":"11","M7":"11","GR":"11","H2":"11","FX":"11","M9":"11","J4":"11","JP":"11","M4":"11","J7":"11","MJ":"11","FV":"11","G7":"11","FQ":"11","H8":"11","GF":"11","H9":"11","JJ":"11","M5":"11","MC":"11","76":"11","HR":"11","P4":"11","GJ":"11","CX":"11","HG":"11","HV":"11","77":"11","J8":"11","G9":"11","GP":"11"},"8F":{"22":"11","23":"11"},"5V":{"XC":"11","XW":"11","X9":"11","X7":"11","XX":"11","X8":"11"},"6R":{"F5":"11","85":"11","G3":"11","93":"11","97":"11","8R":"11","7Q":"11","C7":"11","5W":"11","5C":"11","92":"11","6W":"11","5G":"11","F4":"11","87":"11","78":"11","7G":"11","7R":"11","6M":"11","C6":"11","7F":"11","8W":"11","7P":"11","82":"11","4P":"11","6P":"11","86":"11","4Q":"11","F3":"11","7V":"11","C2":"11","75":"11","6V":"11","88":"11","4M":"11","F2":"11","67":"11","4R":"11","98":"11","6G":"11","4V":"11","6C":"11","5H":"11","96":"11","G2":"11","4W":"11","6X":"11","C4":"11","6R":"11","95":"11","5J":"11","H2":"11","7X":"11","6J":"11","7J":"11","7M":"11","94":"11","7W":"11","5F":"11","6F":"11","5M":"11","8Q":"11","C3":"11","C5":"11","74":"11","76":"11","84":"11","69":"11","8V":"11","7H":"11","8P":"11","6H":"11","77":"11","68":"11","79":"11"},"94":{"V4":"11","R4":"11","QV":"11","PV":"11","V5":"11","QR":"11","R8":"11","RP":"11","QQ":"11","RR":"11","V8":"11","W3":"11","PR":"11","W5":"11","RQ":"11","W4":"11","V9":"11","PW":"11","V6":"11","R9":"11","V7":"11"},"95":{"PF":"11","PG":"11","FP":"11","JF":"11","HG":"11","MG":"11","HJ":"11","JH":"11","FM":"11","HF":"11","Q8":"11","Q9":"11","CJ":"11","GM":"11","MF":"11","QC":"11","JG":"11","CM":"11","HM":"11","HH":"11","PC":"11"},"79":{"VV":"11"},"5F":{"99":"11","8F":"11","F9":"11","XX":"11","8C":"11","G9":"11","C8":"11","7C":"11","F8":"11","6F":"11","GC":"11","98":"11","C9":"11","7F":"11","6C":"11"}},"XC":{"85":{"RW":"11","WF":"11","WH":"11","VJ":"11","VV":"11","WG":"11","WM":"11","VR":"11","RV":"11","VM":"11","WJ":"11"},"F9":{"3F":"11","2F":"11","6V":"11","9F":"11","2G":"11","3G":"11","3P":"11","4P":"11","6R":"11","29":"11","28":"11","9H":"11","8G":"11","3H":"11","7H":"11","3J":"11","9G":"11","9X":"2","8X":"2","7J":"11","3M":"11","2C":"11","4H":"11","4M":"11","4J":"11","3C":"11"},"FC":{"92":"2","82":"2"},"C8":{"FR":"11","F8":"11","MM":"11","FG":"11","GH":"11","C9":"11","FH":"11","FF":"11","HM":"11","JW":"11","PX":"11","CC":"11","GM":"11","GQ":"11","FM":"11","HP":"11","C8":"11","MW":"11","JV":"11","HV":"11","JJ":"11","FP":"11","GJ":"11","JP":"11","MV":"11","FC":"11","FQ":"11","JQ":"11","HR":"11","HQ":"11","PW":"11","MX":"11","F9":"11","FJ":"11","GP":"11","MR":"11","MJ":"11","JR":"11"},"98":{"RW":"11","WP":"11","XJ":"11","QX":"11","GW":"11","RX":"11","HV":"11","QW":"11","WM":"11","QV":"11","GV":"11","XP":"11","XM":"11","RV":"11","RR":"11","WJ":"11"},"C9":{"V6":"11","XC":"11","X9":"11","V7":"11","P2":"11","M3":"11","P3":"11","M4":"11","X8":"11","M2":"11","W6":"11","P4":"11"}},"4M":{"Q9":{"73":"11","72":"11"},"R7":{"HX":"11"},"R6":{"3W":"11","3X":"11"},"R8":{"H2":"11"}},"35":{"9H":{"J8":"11","M8":"11"}},"76":{"69":{"WP":"11"},"79":{"3J":"11","2M":"11","3M":"11","25":"11","3G":"11"},"6F":{"M3":"11","F3":"11","F2":"11","M2":"11"},"6C":{"P2":"11","M4":"11","PJ":"11","MJ":"11"}},"8J":{"2W":{"CW":"11","CV":"11"},"5J":{"63":"11","62":"11","52":"11","53":"11"},"5H":{"5X":"11"},"5M":{"25":"11","26":"11"},"2V":{"34":"11","2Q":"11","2M":"11","35":"11","49":"11","4C":"11","2P":"11","3Q":"11","3P":"11"},"3Q":{"RW":"11","RM":"11","VP":"11","QQ":"11","VQ":"11","QR":"11","RP":"11","RQ":"11","RV":"11","RR":"11"},"3P":{"6G":"11","6F":"11"}},"5C":{"M5":{"R5":"11","Q4":"11","P3":"11","R6":"11","Q3":"11","Q5":"11","P4":"11"},"6J":{"3H":"11"},"M3":{"VF":"11","RG":"11","RF":"11","VC":"11","VG":"11","VH":"11","RH":"11"},"MV":{"7R":"11","6W":"11","6V":"11","5V":"11","6R":"11","4V":"11","5W":"11","6Q":"11","7W":"11","4W":"11","7V":"11","5R":"11","6X":"11","5X":"11"},"J4":{"PR":"11","MX":"11","PV":"11","VP":"11","PW":"11","WH":"11","VQ":"11","VJ":"11","RP":"11","WP":"11","JW":"11","JX":"11","MR":"11","MW":"11","WM":"11","RQ":"11","MV":"11","PX":"11","VM":"11","WJ":"11"},"J5":{"MQ":"11","JM":"11","MP":"11","JP":"11","M2":"11","MR":"11","MM":"11"}},"26":{"WP":{"X5":"11","X6":"11","WG":"11","VG":"11"},"VV":{"M8":"11","V4":"11","P6":"11","8J":"11","GC":"11","R6":"11","Q7":"11","Q6":"11","8H":"11","9H":"11","GF":"11","X2":"11","M9":"11","P7":"11","CG":"11","FG":"11","CH":"11","4M":"11","4J":"11","9J":"11"},"VR":{"XX":"11"},"WR":{"5C":"11","5G":"11","5F":"11","3P":"11","4R":"11","4P":"11","5J":"11","2X":"11","3Q":"11","3V":"11","5H":"11","4Q":"11","4M":"11","4J":"11"},"XF":{"PX":"11","PW":"11"},"XG":{"MH":"11","MC":"11","JR":"11","M9":"11","MF":"11","MJ":"11"}},"4F":{"2M":{"XF":"11"},"C3":{"WX":"11"},"3M":{"2F":"11","2G":"11"},"C4":{"W2":"11"},"5V":{"G6":"11"}},"7J":{"63":{"C2":"11","C3":"11"},"V6":{"2X":"11"},"V7":{"22":"11"},"WR":{"XW":"11","XX":"11","XQ":"11","XV":"11","XR":"11","WX":"11"},"XQ":{"6R":"11","7V":"11","7R":"11","6V":"11"},"WV":{"X2":"11"},"R7":{"X2":"11"},"R6":{"XX":"11","Q8":"11"},"XV":{"RG":"11","RH":"11","VH":"11","RJ":"11"},"62":{"9X":"11","CX":"11"},"XR":{"2W":"11","2Q":"11","2M":"11","2R":"11","2V":"11","2P":"11","3Q":"11","3P":"11"}},"67":{"7Q":{"HG":"11","GG":"11","GF":"11","HJ":"11"},"7W":{"2Q":"11"},"7R":{"C4":"11","6F":"11","C5":"11","97":"11","F5":"11","96":"11","7F":"11","C7":"11","6G":"11","C6":"11","95":"11","F4":"11"}},"C4":{"8W":{"4R":"11","5W":"11","5X":"11","5Q":"11","4H":"11","4W":"11","2C":"11","28":"11","4Q":"11","5R":"11","4M":"11","3G":"11","29":"11","3C":"11","4V":"11","4J":"11","4P":"11","3J":"11","5V":"11","27":"11","3H":"11","3F":"11"},"7P":{"X7":"11","X8":"11","XJ":"11","XH":"11","X9":"11","W8":"11","XM":"11","XC":"11","XF":"11"},"7W":{"X8":"11","8R":"11","7Q":"11","4G":"11","5C":"11","5G":"11","7R":"11","6M":"11","4J":"11","7P":"11","6P":"11","7V":"11","3G":"11","3F":"11","4F":"11","6G":"11","4H":"11","5H":"11","6R":"11","5J":"11","6J":"11","7J":"11","7M":"11","X6":"11","2C":"11","5F":"11","X7":"11","3C":"11","6F":"11","5M":"11","8Q":"11","2F":"11","6Q":"11","2G":"11","8V":"11","7H":"11","8P":"11","6H":"11","4C":"11"},"7X":{"HJ":"11","QX":"11","MH":"11","VR":"11","PQ":"11","QQ":"11","PR":"11","PJ":"11","HH":"11","RW":"11","HM":"11","JG":"11","RV":"11","MR":"11","XV":"11","RQ":"11","MG":"11","QV":"11","JM":"11","WQ":"11","WW":"11","G8":"11","MQ":"11","HC":"11","QR":"11","JQ":"11","RR":"11","MM":"11","PV":"11","VW":"11","PM":"11","VQ":"11","HF":"11","JF":"11","JH":"11","RM":"11","QM":"11","PP":"11","QP":"11","RX":"11","MV":"11","QW":"11","XR":"11","RP":"11","JP":"11","MP":"11","WR":"11","MJ":"11","GC":"11","JC":"11","GF":"11","PW":"11","H9":"11","VV":"11","JJ":"11","WV":"11","HG":"11","G9":"11"},"8X":{"48":"11","57":"11","2Q":"11","3J":"11","47":"11","2R":"11","3H":"11","49":"11","4C":"11","4H":"11","56":"11","3M":"11","54":"11","2P":"11","4F":"11","55":"11","59":"11","52":"11","58":"11","53":"11","3P":"11","4G":"11"},"7V":{"V3":"11","R5":"11","V4":"11","R6":"11","V2":"11","V6":"11","R7":"11","R2":"11","V8":"11","V9":"11","V5":"11","R3":"11","V7":"11","R4":"11"},"7R":{"VX":"11","VW":"11","VV":"11"},"5W":{"8M":"11","9M":"11","GF":"11","FG":"11","CM":"11","8P":"11","8V":"11","FF":"11","CH":"11","7W":"11","7R":"11","9J":"11","7V":"11","CP":"11","8Q":"11","8J":"11","9Q":"11","9P":"11","GG":"11","9R":"11","9H":"11","CJ":"11","8R":"11","8W":"11","CG":"11"},"8Q":{"34":"11","39":"11","37":"11","28":"11","3C":"11","35":"11","33":"11","24":"11","36":"11","27":"11","25":"11","38":"11","2C":"11","29":"11","3F":"11","26":"11"},"6W":{"XF":"11"},"8P":{"3F":"11","2F":"11","2G":"11","3G":"11","2Q":"11","2P":"11","29":"11","28":"11","2M":"11","3H":"11","3J":"11","39":"11","2C":"11","2H":"11","3C":"11","2J":"11"}},"37":{"PF":{"RP":"11","RM":"11"},"VP":{"9H":"3","9M":"3","33":"3","24":"3","9J":"3","22":"3","32":"3","23":"3"},"JQ":{"M6":"11"},"X8":{"8W":"11","6V":"11","4R":"11","6R":"11","4V":"11","7W":"11","7V":"11","5R":"11","9W":"11","9X":"11","CX":"11","FX":"11"},"VQ":{"C8":"11","G9":"11","G8":"11","F5":"11","F8":"11","FC":"11","F7":"11","F3":"11","G4":"11","G6":"11","F9":"11","C7":"11","G3":"11","F6":"11","G7":"11","F4":"11"},"RP":{"JJ":"11","HG":"11","HH":"11","JH":"11","HJ":"11","X3":"3","JG":"11","JF":"11","HF":"11"},"VV":{"V8":"11","V7":"11","M6":"11","Q4":"11","X6":"3","Q3":"11","W8":"11"},"MQ":{"62":"3","VF":"11","W9":"11","X8":"11","JJ":"11","HJ":"11","JH":"11","VC":"11","X9":"11","W8":"11","63":"3","V9":"11","WC":"11","MH":"11","HH":"11"},"GW":{"JC":"3","J9":"3","HC":"3","H9":"3","JF":"3","HF":"3"},"PQ":{"48":"11","37":"11","28":"11","38":"11","29":"11"},"QP":{"QW":"3","RQ":"11","QQ":"11","RV":"3","QV":"3","QR":"11","RR":"11","RW":"3"},"X9":{"W9":"11","P4":"11","Q4":"11","R6":"11","G2":"11","M4":"11","Q5":"11","Q6":"11","W8":"11","J3":"11","V8":"11","V9":"11","H2":"11","J2":"11","M3":"11","P5":"11","XF":"11","F2":"11"},"WQ":{"VW":"3"},"HV":{"99":"3","F5":"11","C8":"3","98":"3","C9":"3"},"W8":{"QW":"11","RX":"11","QX":"11","RW":"11"},"JM":{"GH":"3|11","GJ":"3|11","GM":"3","HM":"3","HJ":"3"},"VR":{"M8":"11","PJ":"11","H4":"11","PH":"11","JC":"11","JF":"11","MG":"11","PP":"11","H2":"11","H3":"11","M7":"11","MF":"11","JG":"11","J7":"11","MC":"11"},"RQ":{"J4":"11","J5":"11"},"WV":{"34":"11","33":"11"},"HW":{"25":"11"},"2H":{"PR":"11","PV":"11","PW":"11","QR":"11","QX":"11","QW":"11","QV":"11","PX":"11"},"CX":{"FH":"11","VJ":"11","CH":"11","8Q":"11"},"PC":{"MC":"11","JC":"11","J9":"11","M9":"11","PF":"11","MF":"11","PC":"11","M8":"11","P9":"11","P8":"11","JF":"11"},"MP":{"6X":"3"},"VM":{"2X":"3","3X":"3"},"FX":{"HG":"11","HH":"11","HF":"11"},"WR":{"FX":"11","FW":"11","CX":"11","CW":"11"}},"66":{"C2":{"W2":"11","V2":"11","V3":"11"},"G2":{"WP":"11","3J":"11","2M":"11","9R":"11","2J":"11","3M":"11","3Q":"11","CJ":"11","3P":"11"},"H2":{"GW":"11","FX":"11","FW":"11","2R":"11","PF":"11","GX":"11","JH":"11","4X":"11"},"J2":{"62":"11"},"H3":{"42":"11","45":"11"},"86":{"HM":"11","HJ":"11"},"G3":{"G4":"11","J8":"11","G3":"11","X8":"11"},"4Q":{"4C":"11"},"F2":{"VF":"11","VJ":"11","M4":"11","P9":"11","J3":"11","WM":"11","96":"11","H2":"11","J2":"11","H3":"11","XM":"11","QC":"11","95":"11","PC":"11","VM":"11","WJ":"11"}},"7P":{"V8":{"X5":"11","W5":"11","W4":"11"},"WW":{"9G":"11","9H":"11"}},"6W":{"FX":{"PR":"11","PV":"11","PW":"11","QR":"11","MQ":"11","PQ":"11","MR":"11","QV":"11"}},"2C":{"57":{"H9":"11"}},"88":{"G6":{"62":"11","73":"11","93":"11","82":"11","63":"11","72":"11","83":"11"},"G5":{"6P":"11","6M":"11","5M":"11"},"P4":{"8W":"11","9X":"11","7W":"11","8X":"11","7V":"11"}},"3M":{"HG":{"9R":"11","9Q":"11","8R":"11","8Q":"11"}},"49":{"33":{"2C":"11"},"73":{"9M":"11","9J":"11","CJ":"11"},"QX":{"6F":"11","7F":"11"},"VW":{"MV":"11","MR":"11"},"J3":{"3J":"11","2H":"11","4M":"11","2J":"11"},"43":{"XJ":"11","XM":"11"},"QV":{"82":"11"},"H3":{"XJ":"11","XH":"11"},"69":{"87":"11","88":"11","GJ":"11","97":"11","FH":"11","FF":"11","96":"11","GH":"11","86":"11","85":"11","95":"11","C9":"11","FG":"11","99":"11","98":"11"},"4M":{"96":"11","88":"11","C7":"11","M5":"11","C6":"11","69":"11","68":"11","87":"11","F7":"11","G6":"11","P5":"11","78":"11","J5":"11","97":"11","F6":"11","P4":"11","G7":"11"},"53":{"FH":"11","8J":"11","9H":"11","2M":"11","FM":"11","9M":"11","CM":"11","HC":"11","FJ":"11","2J":"11","9J":"11","8H":"11","FG":"11","H9":"11"}},"94":{"RJ":{"2Q":"11","2R":"11","2F":"11","2G":"11"}},"52":{"7P":{"HG":"11","HH":"11"},"3R":{"VW":"11","VV":"11","RV":"11","RW":"11"}},"65":{"HJ":{"VW":"11","VV":"11","WM":"11","WV":"11","WW":"11","XM":"11"},"W2":{"X5":"11","RP":"11","2Q":"11","X9":"11","2R":"11","X7":"11","X6":"11","X8":"11","X4":"11","X3":"11"},"Q3":{"V3":"11","MJ":"11","H4":"11","V2":"11","MQ":"11","WG":"11","VG":"11","XH":"11","W3":"11","M4":"11","FM":"11","GP":"11","R2":"11","MW":"11","J3":"11","X2":"11","MM":"11","J5":"11","MV":"11","M3":"11","GM":"11","X3":"11","P3":"11","H5":"11","FG":"11","MP":"11","X4":"11","W2":"11","J4":"11"},"Q6":{"2R":"11","66":"11","3W":"11","64":"11","M5":"11","65":"11","73":"11","3R":"11","5J":"11","82":"11","74":"11","72":"11","2V":"11","3V":"11","5M":"11","4M":"11","4J":"11"},"JW":{"7G":"11","3J":"11","8G":"11"},"W6":{"W2":"11"},"HH":{"WP":"11","WM":"11"},"HM":{"R5":"11","R6":"11","VC":"11","VF":"11","R4":"11","WF":"11"},"JG":{"7Q":"11","5G":"11","6Q":"11","44":"11","5F":"11","6R":"11","7R":"11","5P":"11","4F":"11","4G":"11"},"R2":{"MX":"11","9P":"11","RQ":"11","9R":"11","9Q":"11","PX":"11","RR":"11","CR":"11"},"6M":{"9M":"11","9J":"11"},"Q2":{"VX":"11","VW":"11","VR":"11","RQ":"11","XX":"11","VQ":"11","WW":"11","WX":"11"},"JM":{"5C":"11","8J":"11","59":"11","FQ":"11","8M":"11","7G":"11","VQ":"11","VV":"11","MQ":"11","7C":"11","27":"11","PQ":"11","7M":"11","49":"11","VW":"11","8H":"11","PP":"11","26":"11","7H":"11","8Q":"11","VR":"11","7P":"11","7F":"11","37":"11","8P":"11","GQ":"11","36":"11","7J":"11","VX":"11","MP":"11","6C":"11"},"GV":{"5C":"11","5F":"11","4C":"11","4F":"11"},"MQ":{"2Q":"11","2M":"11","2P":"11","3Q":"11","3P":"11","3R":"11"},"R3":{"8M":"11","M7":"11","9M":"11","M8":"11","7P":"11","J7":"11","P2":"11","6P":"11","CM":"11","8P":"11","HM":"11","2J":"11","J2":"11","MF":"11","J4":"11","26":"11","2H":"11","HJ":"11","GM":"11","6M":"11","25":"11","5P":"11","M6":"11","FM":"11","5M":"11","M2":"11","J3":"11","JJ":"11","9P":"11","MG":"11","4M":"11","GJ":"11","JG":"11","JH":"11","3M":"11","M9":"11","FJ":"11","24":"11","3J":"11","27":"11","J6":"11","MC":"11","M3":"11","MH":"11","J5":"11"},"JV":{"V4":"11","R9":"11","RC":"11","FQ":"11","JJ":"11","V6":"11","GJ":"11","JH":"11","W6":"11","V9":"11","W7":"11","Q9":"11","V5":"11","W2":"11"},"JQ":{"X5":"11","XX":"11","XF":"11","XG":"11"},"P2":{"57":"11","69":"11","68":"11","HC":"11","F7":"11","FC":"11","F8":"11","GC":"11","58":"11"},"V2":{"VP":"11","XQ":"11","QR":"11","RP":"11","XR":"11","WP":"11","FF":"11","WQ":"11","RQ":"11","GX":"11","XP":"11","RR":"11","FX":"11"},"JX":{"7H":"11","5W":"11","4V":"11"},"Q4":{"PJ":"11","J9":"11","P4":"11","PH":"11","JC":"11","MG":"11","GW":"11","FW":"11","PM":"11","M6":"11","W4":"11","W6":"11","GV":"11","M7":"11","GQ":"11","P5":"11","MH":"11","P3":"11","JG":"11","W5":"11","J8":"11","J7":"11"},"JF":{"57":"11","69":"11","68":"11","22":"11","23":"11","67":"11"},"P7":{"95":"11","F5":"11","C5":"11","43":"11","F6":"11","53":"11"},"M7":{"V6":"11","96":"11","V4":"11","V5":"11"},"JH":{"6V":"11","2J":"11","36":"11","2M":"11","7W":"11","3P":"11","5Q":"11","7R":"11","26":"11","7V":"11","25":"11","5P":"11","74":"11","35":"11","28":"11","4M":"11","3M":"11","6Q":"11","4P":"11","3J":"11","6R":"11","27":"11"},"Q7":{"99":"11","8F":"11","78":"11","79":"11","89":"11","9F":"11"},"P6":{"PQ":"11","MQ":"11","Q4":"11","Q3":"11"},"Q5":{"HC":"11","JC":"11","JF":"11","GC":"11","HG":"11","JJ":"11","HJ":"11","JH":"11","7X":"11","HF":"11","FC":"11","JM":"11","57":"11","8X":"11","JG":"11","HM":"11","67":"11","HH":"11"},"R4":{"JW":"11"},"JP":{"W2":"11","W3":"11","V2":"11","V3":"11"},"X6":{"R4":"11"},"MP":{"34":"11","37":"11","47":"11","44":"11","35":"11","33":"11","5F":"11","4C":"11","45":"11","38":"11","4F":"11","22":"11"},"W4":{"M3":"11","P3":"11","M4":"11","P4":"11"},"JC":{"C8":"11","2W":"11","3W":"11","7C":"11","2X":"11","3X":"11","4W":"11","7F":"11","C9":"11","98":"11","99":"11"},"2J":{"VP":"11","WP":"11","WQ":"11"},"W5":{"WX":"11"},"JJ":{"2M":"11","36":"11","46":"11","2J":"11","45":"11"},"JR":{"WC":"11","WW":"11","WF":"11","WX":"11"},"J9":{"9H":"11","9M":"11","9J":"11"},"CX":{"VX":"11","WW":"11","WX":"11"},"J8":{"5Q":"11","J9":"11","3P":"11","3Q":"11","V9":"11","5P":"11","5M":"11"}},"22":{"C6":{"Q6":"11","Q8":"11","Q7":"11"}},"CR":{"FR":{"X3":"11"}},"PX":{"4W":{"7R":"11","5G":"11","8R":"11","6J":"11","6H":"11","5J":"11","7M":"11","7Q":"11","6Q":"11","7H":"11","7V":"11","7P":"11","5H":"11","6G":"11","8V":"11","7J":"11","6M":"11","6P":"11"}},"75":{"28":{"8J":"11","8M":"11","7M":"11","7Q":"11","6Q":"11","8Q":"11","7P":"11","8P":"11","7J":"11","6M":"11","6P":"11"},"68":{"2X":"11"},"33":{"V2":"11"},"5R":{"43":"11"},"C5":{"M5":"11","M3":"11","M4":"11","M2":"11"},"HH":{"25":"11","26":"11"},"C4":{"F9":"11","F7":"11","FC":"11","F8":"11","F6":"11"},"4V":{"7Q":"11","6Q":"11"},"HJ":{"J3":"11"},"52":{"GW":"11","HW":"11","GV":"11","HV":"11"},"32":{"VX":"11"},"3P":{"3J":"11"}},"68":{"9G":{"WV":"11"},"CC":{"QQ":"11","QV":"11","QR":"11"},"FC":{"4W":"11","5W":"11"}},"46":{"4X":{"2F":"11","3W":"11","2G":"11","2Q":"11","2P":"11","4V":"11","2X":"11","29":"11","2M":"11","3X":"11","3H":"11","4W":"11","2V":"11","3V":"11","3M":"11","2C":"11","2H":"11","4H":"11","4J":"11"},"5H":{"XW":"11","XJ":"11","VH":"11","XQ":"11","WG":"11","XV":"11","WH":"11","XH":"11","XP":"11","XM":"11","P7":"11","VG":"11","P6":"11","P8":"11","XR":"11"},"3X":{"X9":"11","W7":"11","W2":"11","W3":"11","W9":"11","W5":"11","W8":"11","W4":"11"},"2P":{"R4":"11","Q5":"11","WC":"11","WP":"11","Q4":"11","WF":"11","WW":"11","VG":"11","VF":"11","XF":"11","R6":"11","R5":"11","WR":"11","WV":"11","XG":"11","R2":"11","R3":"11","XX":"11","VV":"11","VJ":"11","V6":"11","WJ":"11","V7":"11","VP":"11","VM":"11","VC":"11"},"96":{"MX":"11","7Q":"11","7M":"11","8M":"11","JX":"11","7P":"11","HQ":"11","JR":"11","JV":"11","7J":"11","7H":"11","JQ":"11","JW":"11","HP":"11"},"3W":{"WX":"11","RM":"11","Q3":"11","WW":"11","R8":"11","R9":"11","RC":"11","VP":"11","Q4":"11","VQ":"11","R6":"11","V2":"11","VJ":"11","RF":"11","VV":"11","WP":"11","WQ":"11","VW":"11","RJ":"11","Q5":"11","Q6":"11","R2":"11","WM":"11","Q2":"11","VR":"11","RR":"11","RH":"11","VM":"11","WR":"11"},"99":{"R5":"11","V4":"11","R6":"11","V6":"11","W6":"11","W7":"11","V5":"11","V7":"11","W5":"11"},"67":{"6F":"11","5G":"11","33":"11","6H":"11","43":"11","45":"11","5H":"11","6G":"11","44":"11"},"2M":{"RW":"11","JP":"11","PR":"11","PV":"11","JQ":"11","PW":"11","QQ":"11","QR":"11","JR":"11","HQ":"11","GJ":"11","QX":"11","RX":"11","MW":"11","QW":"11","QV":"11","MV":"11","JV":"11","GQ":"11","RV":"11","RR":"11"},"3P":{"2X":"11"},"CR":{"MX":"11","JR":"11","JV":"11","H5":"11","H6":"11","MW":"11","JW":"11"},"CV":{"P2":"11","VF":"11","R8":"11","R9":"11","RC":"11","P4":"11","Q4":"11","RG":"11","R6":"11","RF":"11","R7":"11","VG":"11","Q5":"11","Q6":"11","V9":"11","J5":"11","J6":"11","P3":"11"},"3V":{"VW":"11","H7":"11","RP":"11","RR":"11","PH":"11","HG":"11","F3":"11","G5":"11","PF":"11","G4":"11","RQ":"11","HF":"11","JG":"11","G3":"11","QF":"11","JH":"11","HC":"11","QG":"11","PG":"11","RV":"11","VV":"11","H5":"11","VX":"11","QP":"11","F2":"11","HH":"11","MJ":"11","G6":"11","H6":"11","G2":"11","MH":"11"},"CC":{"37":"11","28":"11","36":"11","27":"11","25":"11","38":"11","FV":"11","26":"11","FR":"11"},"43":{"PM":"11","JM":"11","JQ":"11","PJ":"11","JP":"11","MM":"11","MJ":"11"},"6J":{"96":"11","G8":"11","F9":"11","86":"11","G9":"11","C8":"11","F8":"11"},"3Q":{"37":"11","6W":"11","6P":"11","8V":"11","7Q":"11","36":"11","47":"11","7W":"11","7R":"11","7V":"11","58":"11","6M":"11","22":"11","8Q":"11","23":"11","6X":"11","35":"11","48":"11","59":"11","46":"11","6J":"11","6G":"11","49":"11","7X":"11","69":"11","6Q":"11","24":"11","8R":"11","6R":"11"},"PJ":{"6F":"11","66":"11","64":"11","6J":"11","7G":"11","65":"11","6H":"11","75":"11","7H":"11","7F":"11","6G":"11","7J":"11"},"CF":{"8W":"11","8X":"11"},"97":{"M5":"11","M3":"11","M4":"11","M2":"11"},"2Q":{"X4":"11","X3":"11"},"CG":{"83":"11","2M":"11","3H":"11","2J":"11","5X":"11","2P":"11","5W":"11","3G":"11","3F":"11","82":"11"},"3R":{"CC":"11","C8":"11","C4":"11","62":"11","C5":"11","73":"11","GW":"11","FW":"11","GR":"11","FF":"11","93":"11","FC":"11","72":"11","GX":"11","GV":"11","C7":"11","GQ":"11","C6":"11","84":"11","C9":"11","FG":"11","83":"11","FX":"11"}},"4C":{"2C":{"GR":"11"}},"59":{"M5":{"HX":"11","GW":"11","FW":"11","QX":"11","PX":"11","GX":"11"},"V4":{"3M":"11","8R":"11"},"M6":{"V6":"11","R5":"11","R3":"11","V5":"11","R6":"11","Q2":"11","R4":"11","R2":"11"},"P2":{"39":"11"},"P5":{"WP":"11","VP":"11","MQ":"11","PP":"11","MP":"11"},"R4":{"JV":"11","XF":"11","HV":"11"},"P6":{"94":"11"}},"57":{"4X":{"VX":"11","XW":"11","XX":"11","XV":"11","WW":"11","WX":"11","XR":"11"},"6W":{"XW":"11","XX":"11","XQ":"11","XV":"11","XR":"11","WX":"11"},"G8":{"RW":"11","VV":"11","RX":"11","2X":"11","VW":"11","RV":"11","VX":"11"},"R4":{"MC":"11"},"FG":{"4X":"11","5H":"11","5J":"11","66":"11","6P":"11","5W":"11","5G":"11","5X":"11","47":"11","58":"11","6M":"11","74":"11","73":"11","48":"11","57":"11","5C":"11","65":"11","59":"11","5R":"11","64":"11","6H":"11","6J":"11","63":"11","55":"11","49":"11","6Q":"11","72":"11","5V":"11","6R":"11","4C":"11","5F":"11","56":"11"},"P2":{"C3":"11","C2":"11","73":"11","G2":"11","82":"11","75":"11","74":"11","F3":"11","72":"11","F2":"11"},"CM":{"W8":"11","RF":"11","WC":"11","W2":"11","W6":"11","QH":"11","WF":"11","W9":"11","RH":"11","VG":"11","VF":"11","XF":"11","W3":"11","QM":"11","MW":"11","RG":"11","PQ":"11","PR":"11","W5":"11","W4":"11","MV":"11","X9":"11","PP":"11","WG":"11","MX":"11","QP":"11","MR":"11","W7":"11","QJ":"11","XC":"11"},"FH":{"42":"11","52":"11"},"9V":{"62":"11","42":"11","43":"11","63":"11","52":"11","35":"11","25":"11","24":"11","44":"11","34":"11","53":"11"},"8V":{"F8":"11","2P":"11","X4":"11","F6":"11","W2":"11","2M":"11","J4":"11","X3":"11","C6":"11","G5":"11","C8":"11","V2":"11","C7":"11","R2":"11","4M":"11","G7":"11","H4":"11","3M":"11","H5":"11","4J":"11","F7":"11","3J":"11","X2":"11","G6":"11","J5":"11"},"FF":{"7R":"11","5C":"11","5G":"11","6V":"11","5F":"11","6J":"11","6R":"11","7X":"11","5J":"11","7Q":"11","6Q":"11","7W":"11","4G":"11","7V":"11","5H":"11","5P":"11","5M":"11","6M":"11","6P":"11","4F":"11"},"H7":{"V6":"11","M5":"11","Q6":"11","H7":"11","V5":"11","H5":"11","R6":"11","R7":"11","H6":"11","Q7":"11","J4":"11","J5":"11"},"5X":{"8J":"11","WM":"11","2R":"11","8H":"11","XP":"11","XM":"11","3R":"11"},"7W":{"5H":"11","5J":"11","9G":"11","78":"11","7G":"11","7C":"11","2P":"11","68":"11","5G":"11","3P":"11","5Q":"11","5P":"11","5M":"11","7F":"11","4Q":"11","8H":"11","9F":"11","8C":"11","6F":"11","8G":"11","3Q":"11","7H":"11","6G":"11","69":"11","8F":"11","4P":"11","2Q":"11","79":"11","5F":"11"},"J4":{"X5":"11","X7":"11","W2":"11","W3":"11","X2":"11","X6":"11","X8":"11","W5":"11","X3":"11","W6":"11","W4":"11"},"CR":{"38":"11","64":"11","65":"11","73":"11","55":"11","29":"11","28":"11","46":"11","74":"11","72":"11","37":"11","45":"11","36":"11"},"CV":{"7G":"11","5C":"11","8F":"11","8G":"11","7J":"11","7H":"11"},"7V":{"HR":"11","8J":"11","9Q":"11","8M":"11","6J":"11","XQ":"11","JR":"11","WP":"11","CV":"11","GW":"11","6R":"11","FW":"11","7M":"11","WQ":"11","CW":"11","HV":"11","9R":"11","CR":"11","9P":"11","6Q":"11","8Q":"11","GX":"11","GV":"11","8P":"11","XP":"11","JV":"11","XM":"11","9V":"11","7J":"11","6M":"11","FX":"11","6P":"11"},"CP":{"8M":"11","F8":"11","9G":"11","9M":"11","3X":"11","G8":"11","C9":"11","3W":"11","5Q":"11","3V":"11","CC":"11","9J":"11","G5":"11","M2":"11","8J":"11","2X":"11","9C":"11","4Q":"11","9F":"11","2V":"11","J3":"11","FC":"11","G9":"11","G7":"11","3Q":"11","2W":"11","9H":"11","CF":"11","F9":"11","G6":"11","3R":"11","M3":"11"},"6X":{"2M":"11","G6":"11","G7":"11"},"M4":{"5Q":"11","2F":"11","6V":"11","5V":"11","2G":"11","3P":"11","27":"11","6R":"11","29":"11","28":"11","2M":"11","6Q":"11","5R":"11","22":"11","5P":"11","3M":"11","2C":"11","2H":"11","6P":"11","2J":"11"},"M2":{"HR":"11","QJ":"11","HX":"11","QQ":"11","JR":"11","JW":"11","PQ":"11","QP":"11","JX":"11","RJ":"11","HV":"11","QM":"11","PP":"11","JV":"11","HW":"11"},"J3":{"XX":"11"},"FC":{"F8":"11","GF":"11","GC":"11","G8":"11","FG":"11","CM":"11","83":"11","FH":"11","FF":"11","F6":"11","93":"11","CH":"11","C2":"11","C5":"11","F3":"11","C6":"11","C3":"11","H2":"11","FC":"11","G9":"11","92":"11","G7":"11","F9":"11","FJ":"11","C4":"11","CJ":"11","F7":"11","F5":"11","84":"11","94":"11","F2":"11","95":"11","G6":"11","G2":"11"},"G9":{"63":"11","57":"11","34":"11","84":"11","83":"11","39":"11","64":"11","3C":"11","35":"11","33":"11","24":"11","73":"11","36":"11","49":"11","4C":"11","V2":"11","56":"11","54":"11","38":"11","55":"11","59":"11","22":"11","32":"11","R2":"11","58":"11"},"9R":{"WF":"11","QJ":"11","QQ":"11","MQ":"11","CV":"11","PQ":"11","QP":"11","X9":"11","FR":"11","CR":"11","PP":"11","FV":"11","QM":"11","WC":"11"},"H8":{"6V":"11","7C":"11","6P":"11","5W":"11","6C":"11","3W":"11","J9":"11","3V":"11","4W":"11","6M":"11","P9":"11","7F":"11","8C":"11","6H":"11","6F":"11","6J":"11","HC":"11","H9":"11","6G":"11","Q9":"11","M9":"11","6Q":"11","5V":"11","6R":"11"},"F9":{"V3":"11","R5":"11","V4":"11","R8":"11","HX":"11","R6":"11","V2":"11","R7":"11","QF":"11","Q9":"11","GX":"11","R3":"11","QC":"11","W2":"11","R4":"11"},"FJ":{"2Q":"11","7G":"11","3P":"11","55":"11","7C":"11","2P":"11","4P":"11","7M":"11","3Q":"11","54":"11","6Q":"11","43":"11","57":"11","7P":"11","7F":"11","69":"11","45":"11","4Q":"11","44":"11","7J":"11","6M":"11","56":"11","6P":"11","6C":"11"},"CJ":{"XW":"11","XX":"11","XQ":"11","XV":"11","XR":"11","WX":"11"},"J6":{"7G":"11","7J":"11","FG":"11","FH":"11","FF":"11","5G":"11","CH":"11","J2":"11","J4":"11","4H":"11","9J":"11","8J":"11","8H":"11","6H":"11","J3":"11","FC":"11","G9":"11","4G":"11","7H":"11","9H":"11","6G":"11","2R":"11","4J":"11","F9":"11","CJ":"11","3J":"11","3H":"11","2Q":"11","CG":"11","J5":"11"},"H6":{"XQ":"11","XR":"11"},"M3":{"J8":"11","5H":"11","F8":"11","5J":"11","M8":"11","M7":"11","3X":"11","4R":"11","78":"11","G8":"11","GC":"11","P6":"11","68":"11","M5":"11","3W":"11","5G":"11","J9":"11","5Q":"11","3V":"11","58":"11","M6":"11","5P":"11","M4":"11","P5":"11","C8":"11","5M":"11","M2":"11","5C":"11","59":"11","2X":"11","4Q":"11","G9":"11","P4":"11","4V":"11","H9":"11","H8":"11","69":"11","F9":"11","4P":"11","M3":"11"},"J5":{"RM":"11","VP":"11","QQ":"11","WH":"11","RP":"11","VJ":"11","MQ":"11","WG":"11","JW":"11","PQ":"11","QP":"11","JX":"11","MR":"11","PP":"11","MV":"11","JV":"11","MP":"11","VM":"11","WJ":"11"}},"48":{"JF":{"G4":"11","J2":"11","J3":"11","H5":"11","H4":"11","J4":"11","G5":"11","H3":"11"},"FQ":{"2M":"11","2P":"11","92":"11"},"H8":{"PC":"11"},"G8":{"F4":"11"},"MW":{"7G":"11","6P":"11","6M":"11","7F":"11"},"J3":{"7R":"11","8W":"11","7G":"11","7X":"11","7Q":"11","7W":"11","7H":"11","7V":"11","8X":"11","8V":"11"},"J2":{"9M":"11","78":"11","7C":"11","66":"11","P2":"11","P3":"11","9V":"11","54":"11","67":"11","52":"11","77":"11","CR":"11","CV":"11","9J":"11","9X":"11","CX":"11","57":"11","M2":"11","65":"11","7F":"11","46":"11","CW":"11","8H":"11","64":"11","9Q":"11","9P":"11","8G":"11","9R":"11","9W":"11","9H":"11","63":"11","55":"11","8F":"11","53":"11","62":"11","M3":"11","56":"11"},"G6":{"2M":"11","2H":"11","3G":"11","2G":"11"},"F6":{"VW":"11","WP":"11","WV":"11","WQ":"11","XP":"11","WW":"11","XM":"11","WX":"11"},"HH":{"85":"11","86":"11"}},"3C":{"32":{"C4":"11"}},"45":{"7P":{"33":"11","24":"11","22":"11","32":"11","23":"11"},"RJ":{"X7":"11","P4":"11","X8":"11","M5":"11","X6":"11","M4":"11","W6":"11","F3":"11","J5":"11","G4":"11","G5":"11","P3":"11","H5":"11","W5":"11","F2":"11"},"XJ":{"V4":"11","M7":"11","G8":"11","R4":"11","P6":"11","J7":"11","GH":"11","WP":"11","C9":"11","FH":"11","H7":"11","RP":"11","WQ":"11","HG":"11","2H":"11","M6":"11","XQ":"11","P5":"11","2G":"11","3G":"11","P7":"11","G9":"11","4G":"11","JH":"11","3C":"11","H8":"11","F9":"11","M9":"11","FJ":"11","CJ":"11","HH":"11","J6":"11","3H":"11","RM":"11","MC":"11","VP":"11","2F":"11","4F":"11","VM":"11","3F":"11"},"32":{"2M":"11","2R":"11","3W":"11","3X":"11","2V":"11","2P":"11","3V":"11","3Q":"11","3P":"11","3R":"11"},"47":{"JC":"11","HC":"11","JF":"11","HF":"11"},"PM":{"2P":"11","RC":"11","WC":"11","2J":"11","2M":"11","WF":"11","2H":"11","W9":"11","M4":"11","XF":"11","2G":"11","XG":"11","J3":"11","V9":"11","R9":"11","2Q":"11","M3":"11","2F":"11","VC":"11","3F":"11"},"34":{"42":"11"},"GM":{"66":"11","64":"11","65":"11","55":"11","46":"11","54":"11","75":"11","74":"11","63":"11","52":"11","45":"11","44":"11","56":"11","53":"11"},"7M":{"3W":"11","3X":"11","3V":"11","3Q":"11","3R":"11"},"22":{"XX":"11"},"23":{"XR":"11","X7":"11","X4":"11","W8":"11","WP":"11","W2":"11","WQ":"11","X6":"11","W9":"11","X3":"11","XP":"11","VG":"11","VF":"11","XQ":"11","W3":"11","W4":"11","X5":"11","X8":"11","V9":"11","VH":"11","X2":"11","W7":"11","VC":"11"},"35":{"8V":"11","9R":"11","7V":"11","7R":"11","9V":"11"},"QM":{"R5":"11","Q6":"11","R7":"11","Q7":"11","R4":"11","Q5":"11"},"5C":{"Q4":"11","Q2":"11","Q3":"11","Q5":"11"},"59":{"VX":"11","RX":"11","QX":"11","RW":"11"},"33":{"2R":"11","23":"11","3W":"11","33":"11","32":"11","2Q":"11","3R":"11","4V":"11","4W":"11","24":"11","3V":"11","22":"11","34":"11","4X":"11"},"JM":{"6F":"11","7F":"11"},"9Q":{"5G":"11","5J":"11","5H":"11","6H":"11","6G":"11","5M":"11"},"6H":{"FH":"11","9G":"11","CG":"11","CH":"11","9F":"11"},"9P":{"3W":"11","4H":"11","8R":"11","3V":"11","8Q":"11","8P":"11"},"6G":{"GR":"11","CV":"11","GV":"11","FV":"11","FR":"11"},"VJ":{"8M":"11","37":"11","5H":"11","V4":"11","7P":"11","X7":"11","R4":"11","2P":"11","RC":"11","X4":"11","V5":"11","5G":"11","38":"11","7Q":"11","X6":"11","3P":"11","5Q":"11","W6":"11","MF":"11","7R":"11","QC":"11","4H":"11","2H":"11","9J":"11","7M":"11","X3":"11","W3":"11","PF":"11","8J":"11","PC":"11","4Q":"11","8H":"11","W5":"11","MG":"11","W4":"11","QF":"11","3G":"11","X5":"11","4G":"11","R3":"11","3Q":"11","7H":"11","9H":"11","6Q":"11","V6":"11","4P":"11","6R":"11","27":"11","3H":"11","V3":"11","W7":"11"},"8R":{"VF":"11","RC":"11","RF":"11","V6":"11","VC":"11","V8":"11","W6":"11","V9":"11","W7":"11","V7":"11"},"WJ":{"5C":"11","6F":"11","38":"11","48":"11","59":"11","WH":"11","55":"11","27":"11","XH":"11","29":"11","49":"11","46":"11","54":"11","26":"11","35":"11","37":"11","25":"11","XG":"11","45":"11","6G":"11","36":"11","44":"11","39":"11","XF":"11","58":"11","6C":"11"}},"54":{"CW":{"V6":"11","R5":"11","V4":"11","V5":"11","V2":"11","R6":"11","Q8":"11","R7":"11","Q7":"11","V3":"11"},"CV":{"V3":"11","V4":"11","R8":"11","R9":"11","RC":"11","V2":"11","V6":"11","W3":"11","VW":"11","W4":"11","W6":"11","V5":"11","V7":"11","VX":"11","W5":"11"},"CQ":{"8W":"11","9W":"11","9X":"11","8V":"11","8R":"11","9V":"11"},"8X":{"78":"11","79":"11","7C":"11","89":"11"},"FC":{"6X":"11","7W":"11","6W":"11"},"FF":{"63":"11","57":"11","64":"11","56":"11","54":"11","55":"11","62":"11","65":"11","53":"11"},"CR":{"F4":"11","VW":"11","93":"11","WQ":"11","C2":"11","WW":"11","VR":"11","C5":"11","F3":"11","WR":"11","C3":"11","WV":"11","XW":"11","92":"11","XX":"11","VV":"11","VX":"11","C4":"11","XV":"11","F5":"11","WX":"11","94":"11"}},"58":{"42":{"P6":"11","8W":"11","8J":"11","9Q":"11","8M":"11","M5":"11","V2":"11","CF":"11","M6":"11","9H":"11","9R":"11","9P":"11","9G":"11","CG":"11","8P":"11","9X":"11","8X":"11","8V":"11","P5":"11","CH":"11","W2":"11","9J":"11"},"33":{"XC":"11","WP":"11","VR":"11","WR":"11","XF":"11","WQ":"11","VQ":"11","XG":"11"},"MR":{"2C":"11","2F":"11"},"92":{"XW":"11","WV":"11","XV":"11","WW":"11"},"46":{"57":"11","66":"11","56":"11","65":"11"},"26":{"X9":"11","X8":"11"},"43":{"C4":"11","C3":"11","C2":"11","92":"11","93":"11","85":"11","95":"11","94":"11"},"35":{"6X":"11","7X":"11","8X":"11","2V":"11","3V":"11","4V":"11"},"RQ":{"2Q":"11","2R":"11","3W":"11","2V":"11","3V":"11"},"36":{"R5":"11","R4":"11","58":"11"},"XF":{"44":"11","66":"11","76":"11","43":"11"},"34":{"4R":"11","7G":"11","7J":"11","J7":"11","M5":"11","P3":"11","3W":"11","H7":"11","5Q":"11","3V":"11","6M":"11","5P":"11","M4":"11","G5":"11","7F":"11","9F":"11","6J":"11","7H":"11","P4":"11","4V":"11","8F":"11","F5":"11","J6":"11","H6":"11","J5":"11"}},"87":{"84":{"XJ":"3","XH":"3","XG":"3"},"C6":{"C2":"11"},"95":{"34":"11","44":"11","35":"11","33":"11","43":"11"},"94":{"2H":"3","2J":"3","2G":"3"},"J3":{"35":"11","36":"11","27":"11","25":"11","26":"11"}},"5H":{"MJ":{"56":"11","QX":"11","32":"11"},"PF":{"7R":"11","6W":"11","6V":"11","4C":"11","GJ":"11","FH":"11","27":"11","6R":"11","7X":"11","29":"11","49":"11","28":"11","7Q":"11","6Q":"11","7W":"11","4G":"11","9X":"11","6X":"11","GH":"11","8X":"11","39":"11","5P":"11","5M":"11","6M":"11","2C":"11","6P":"11","3C":"11","4F":"11","FJ":"11"},"HR":{"P2":"11","P3":"11"},"4C":{"F5":"11","C3":"11","C5":"11","C4":"11"},"PG":{"83":"11","73":"11","72":"11","92":"11","82":"11"},"HQ":{"PX":"11"},"GR":{"3J":"11","4J":"11","4P":"11","4R":"11","4M":"11","4Q":"11"},"MM":{"Q2":"11"},"96":{"GJ":"11","GM":"11"},"MF":{"V3":"11","PJ":"11","V4":"11","X7":"11","X8":"11","V6":"11","X6":"11","W3":"11","PM":"11","W8":"11","MM":"11","W6":"11","W7":"11","V5":"11","R3":"11","V7":"11","W5":"11","R4":"11","X5":"11"},"2C":{"VR":"11"},"MC":{"7Q":"11","9P":"11","7P":"11","8V":"11","9Q":"11","8R":"11","8Q":"11","8P":"11"}},"J8":{"F6":{"9P":"11","9Q":"11","8Q":"11","8P":"11"},"G7":{"XW":"11","2R":"11","WW":"11","FP":"11","8J":"11","5V":"11","9Q":"11","FQ":"11","8M":"11","4R":"11","XR":"11","VV":"11","3R":"11","7M":"11","4V":"11","CQ":"11","VW":"11","GP":"11","FM":"11","9P":"11","6Q":"11","9M":"11","2V":"11","XV":"11","7P":"11","5R":"11","8P":"11","3V":"11","GQ":"11","RV":"11","WV":"11","7J":"11","CM":"11","6M":"11","CP":"11","6P":"11","WR":"11","9J":"11"}},"2H":{"32":{"QW":"11","PV":"11","QV":"11","PR":"11","PW":"11","QR":"11"}},"6H":{"8C":{"6V":"11","6W":"11","JF":"11","CM":"11","8V":"11","HM":"11","7W":"11","MF":"11","HG":"11","7R":"11","HJ":"11","GM":"11","7V":"11","CP":"11","GQ":"11","FM":"11","8Q":"11","HP":"11","CQ":"11","9Q":"11","JJ":"11","MG":"11","9P":"11","FP":"11","JG":"11","JH":"11","FQ":"11","9R":"11","HQ":"11","JC":"11","6R":"11","8R":"11","8W":"11","GP":"11","HH":"11","MC":"11"}},"97":{"JM":{"7R":"11","6V":"11","8R":"11","5V":"11","5W":"11","9P":"11","9M":"11","7V":"11","8Q":"11","8P":"11","9J":"11"},"HP":{"8F":"11","87":"11","78":"11","88":"11","7G":"11","77":"11","6H":"11","7C":"11","8H":"11","8G":"11","76":"11","7H":"11","7F":"11","89":"11","6G":"11","86":"11","79":"11","8C":"11"}},"32":{"V4":{"4W":"11","5W":"11","4V":"11"},"QV":{"C8":"11","62":"3","HG":"3","97":"3","73":"3","96":"3","F9":"3","85":"3","84":"3","HH":"3"},"QR":{"4W":"3","5X":"3"}}}}