{"index":{"university,1|retail,2|tourism,3|wreck,4|historical,5|artsCulture,6|namedBuilding,7|water,8|wetland,9|park,10|beach,11|natureReserve,12|cemetery,13|trail,14":{}},"9V":{"5J":{"2P":{"2H":"11"}},"GC":{"H4":{"8M":"11","78":"11","7G":"11","7C":"11","66":"11","8P":"11","9V":"11","8V":"11","67":"11","52":"11","77":"11","9X":"11","8Q":"11","65":"11","7F":"11","8J":"11","8H":"11","64":"11","76":"11","8G":"11","9R":"11","9W":"11","63":"11","8F":"11","8R":"11","8W":"11","62":"11","79":"11"},"H6":{"JP":"11","MX":"11","H4":"11","JQ":"11","H6":"11","HC":"11","HG":"11","H8":"11","JJ":"11","JR":"11","HJ":"11","JH":"11","G2":"11","JW":"11","JX":"11","HF":"11","JM":"11","H7":"11","G4":"11","G6":"11","H9":"11","JV":"11","G5":"11","G3":"11","H5":"11","JG":"11","HH":"11"},"HC":{"W8":"11","WC":"11","WP":"11","W2":"11","WQ":"11","W6":"11","WH":"11","WF":"11","WW":"11","W9":"11","WM":"11","W3":"11","WR":"11","WV":"11","V2":"11","W5":"11","W4":"11","WG":"11","WJ":"11","WX":"11","W7":"11"},"HG":{"VW":"11","W8":"11","WC":"11","WP":"11","W2":"11","WQ":"11","W6":"11","WH":"11","WF":"11","WW":"11","W9":"11","WM":"11","W3":"11","WR":"11","WV":"11","W5":"11","W4":"11","WG":"11","VX":"11","WJ":"11","WX":"11","W7":"11"},"H8":{"RW":"11","RM":"11","Q3":"11","R8":"11","R9":"11","RC":"11","Q4":"11","RG":"11","Q7":"11","RF":"11","RP":"11","VV":"11","R7":"11","RX":"11","VW":"11","RJ":"11","Q5":"11","Q6":"11","Q8":"11","Q2":"11","Q9":"11","RQ":"11","RV":"11","RR":"11","VX":"11","RH":"11"},"HF":{"W8":"11","WC":"11","WP":"11","W2":"11","WQ":"11","W6":"11","WH":"11","WF":"11","WW":"11","W9":"11","WM":"11","W3":"11","WR":"11","WV":"11","W5":"11","W4":"11","WG":"11","WJ":"11","WX":"11","W7":"11"},"H7":{"MC":"11","PQ":"11","QW":"11","PH":"11","M5":"11","M6":"11","M3":"11","PM":"11","M9":"11","PF":"11","QX":"11","M4":"11","MF":"11","PV":"11","M7":"11","PC":"11","PR":"11","QV":"11","QR":"11","PP":"11","M8":"11","PJ":"11","PG":"11","M2":"11"},"H3":{"5Q":"11","5V":"11","4P":"11","5W":"11","4G":"11","5R":"11","6X":"11","5P":"11","5M":"11","4H":"11","5X":"11","4M":"11","4J":"11","4F":"11"},"H9":{"V4":"11","VW":"11","V5":"11","WQ":"11","WW":"11","VR":"11","VG":"11","VF":"11","V8":"11","WR":"11","WV":"11","V2":"11","VQ":"11","VV":"11","V9":"11","VH":"11","VX":"11","VJ":"11","V6":"11","V7":"11","WX":"11","V3":"11","VP":"11","VM":"11","VC":"11"},"H5":{"93":"11","GR":"11","FH":"11","96":"11","CF":"11","C7":"11","GW":"11","95":"11","C6":"11","FM":"11","CG":"11","94":"11","GV":"11","FJ":"11","CC":"11","FQ":"11","CH":"11","GX":"11","C8":"11","FV":"11","92":"11","97":"11","C9":"11","FR":"11","FP":"11"},"HH":{"V6":"11","V4":"11","V5":"11","W2":"11","W3":"11","V2":"11","V3":"11"}},"PV":{"QH":{"V6":"11","V4":"11","V7":"11","V5":"11","R7":"11","R8":"11","W4":"11"}},"FG":{"XC":{"QH":"11","PG":"11","JF":"11","HG":"11","MG":"11","VJ":"11","XJ":"11","FF":"11","HF":"11","GF":"11","JG":"11","QG":"11","FG":"11","GG":"11","WJ":"11"}},"GH":{"PF":{"2Q":"11","2M":"11","3W":"11","4W":"11","2P":"11","3V":"11","4V":"11","3Q":"11","4X":"11","3R":"11"},"H4":{"37":"11","35":"11","24":"11","36":"11","25":"11","38":"11","22":"11","23":"11","26":"11"},"PG":{"7G":"11","68":"11","8G":"11","42":"11","77":"11","66":"11","78":"11","54":"11","8H":"11","79":"11","7H":"11","7C":"11","55":"11","52":"11","65":"11","53":"11","7F":"11","67":"11"},"JC":{"X5":"11","R3":"11","V4":"11","W3":"11","X6":"11","Q2":"11","X4":"11","W5":"11","R2":"11","Q3":"11","V3":"11","W4":"11"},"G2":{"MX":"11","GH":"11","FH":"11","CF":"11","HQ":"11","JR":"11","JV":"11","GJ":"11","MV":"11","GG":"11","PX":"11","MW":"11","FF":"11","JQ":"11","HM":"11","HJ":"11","FG":"11","HP":"11"},"H3":{"2W":"11","2X":"11"},"G3":{"XR":"11","Q5":"11","RC":"11","RF":"11","P2":"11","WP":"11","P3":"11","R8":"11","Q7":"11","WQ":"11","Q4":"11","WH":"11","XP":"11","VF":"11","VG":"11","XQ":"11","WM":"11","R6":"11","M2":"11","Q6":"11","XW":"11","XX":"11","P4":"11","VH":"11","R7":"11","R9":"11","XV":"11","WJ":"11","VC":"11"},"MF":{"XJ":"11","Q5":"11","WC":"11","P3":"11","R8":"11","Q7":"11","J2":"11","Q4":"11","WH":"11","WF":"11","XH":"11","V8":"11","R6":"11","P5":"11","M2":"11","XM":"11","XG":"11","Q6":"11","P4":"11","WG":"11","V9":"11","R7":"11","R9":"11","M3":"11","VC":"11"},"MC":{"37":"11","FR":"11","9M":"11","7G":"11","HW":"11","CM":"11","6C":"11","GV":"11","38":"11","JW":"11","26":"11","9J":"11","CP":"11","58":"11","GQ":"11","48":"11","28":"11","GR":"11","5C":"11","59":"11","7F":"11","8H":"11","HV":"11","FP":"11","6F":"11","8G":"11","FQ":"11","29":"11","9H":"11","HR":"11","JX":"11","49":"11","CJ":"11","27":"11"}},"F6":{"V4":{"XC":"11","RG":"11","RH":"11","QH":"11","XF":"11","VF":"11","VG":"11","WF":"11"},"JJ":{"8R":"11","CV":"11","GW":"11","FW":"11","CR":"11","9R":"11","FV":"11","GX":"11","8V":"11","9V":"11"},"X6":{"CC":"11","C8":"11","FP":"11","FQ":"11","97":"11","FH":"11","GW":"11","CF":"11","FF":"11","GR":"11","FM":"11","FR":"11","82":"11","96":"11","72":"11","GV":"11","C7":"11","GQ":"11","85":"11","95":"11","84":"11","C9":"11","FG":"11","83":"11","FJ":"11","94":"11"},"W4":{"QW":"11","RX":"11","9G":"11","7G":"11","PV":"11","QV":"11","FH":"11","HM":"11","QX":"11","CH":"11","GM":"11","FM":"11","2C":"11","HP":"11","5C":"11","7F":"11","PR":"11","JP":"11","GJ":"11","6F":"11","MV":"11","8G":"11","JQ":"11","3C":"11","9H":"11","PW":"11","FJ":"11","8F":"11","CJ":"11","4C":"11","MQ":"11","MR":"11","CG":"11","5F":"11"},"JM":{"G9":"11","H6":"11","H8":"11","G8":"11","G2":"11","H7":"11","G4":"11","G5":"11","G3":"11","H5":"11","G7":"11"},"35":{"J8":"11","QW":"11","QV":"11","MM":"11","J7":"11","JF":"11","QR":"11","H7":"11","J9":"11","QX":"11","PM":"11","MF":"11","G4":"11","PQ":"11","PR":"11","MG":"11","G3":"11","H4":"11","PJ":"11","PP":"11","H8":"11","H5":"11","H3":"11","JC":"11","MJ":"11","H6":"11","G2":"11","MH":"11"},"47":{"24":"11","25":"11","22":"11","23":"11","26":"11"},"37":{"X2":"11","X3":"11"},"36":{"XR":"11","R4":"11","WP":"11","WQ":"11","WH":"11","Q2":"11","VF":"11","VG":"11","WM":"11","V8":"11","R6":"11","R5":"11","WR":"11","R2":"11","XW":"11","R3":"11","XX":"11","WG":"11","V9":"11","VH":"11","R7":"11","XV":"11","WJ":"11","V7":"11","VC":"11"},"W5":{"R3":"11","V4":"11","X7":"11","V2":"11","X6":"11","X8":"11","W5":"11","R2":"11","W6":"11","V3":"11","W4":"11"},"HM":{"WP":"11","VP":"11","RP":"11","WM":"11","RQ":"11","VQ":"11"},"34":{"8F":"11","9F":"11","FP":"11","FQ":"11","GW":"11","FW":"11","FR":"11","9H":"11","FV":"11","8G":"11","9G":"11","GX":"11","GV":"11","CJ":"11","CM":"11","CP":"11","9J":"11"},"X5":{"5Q":"11","3F":"11","6V":"11","3G":"11","6R":"11","7X":"11","5J":"11","29":"11","28":"11","6Q":"11","7W":"11","4G":"11","7V":"11","8X":"11","5P":"11","5M":"11","2C":"11","4H":"11","6P":"11","4J":"11","3C":"11"}},"J9":{"P3":{"RJ":"11","XJ":"11","RF":"11","WP":"11","WF":"11","XH":"11","RH":"11","XP":"11","VG":"11","VF":"11","XQ":"11","WM":"11","RG":"11","XG":"11","QF":"11","WG":"11","VH":"11","VJ":"11","VM":"11"},"Q3":{"2R":"11","5Q":"11","8J":"11","8M":"11","6J":"11","2Q":"11","3P":"11","4R":"11","2P":"11","4P":"11","3R":"11","7M":"11","3Q":"11","2M":"11","6Q":"11","9M":"11","3H":"11","3J":"11","7P":"11","8P":"11","4Q":"11","7J":"11","5P":"11","3M":"11","5M":"11","6M":"11","2H":"11","6P":"11","4M":"11","4J":"11","2J":"11","9J":"11"}},"W6":{"36":{"WH":"11","XJ":"11","WG":"11","XH":"11","WM":"11","XG":"11","XM":"11","WJ":"11"},"46":{"38":"11","66":"11","48":"11","64":"11","65":"11","73":"11","55":"11","49":"11","54":"11","75":"11","74":"11","63":"11","35":"11","72":"11","57":"11","47":"11","37":"11","36":"11","39":"11","56":"11","3C":"11"},"45":{"8W":"11","8M":"11","8J":"11","7W":"11","9H":"11","7X":"11","8X":"11","9J":"11","8H":"11","8Q":"11","8P":"11"}},"82":{"8V":{"G4":"11","F5":"11","G6":"11","F4":"11","G5":"11","F6":"11"}},"77":{"7Q":{"P6":"11","R8":"11","P4":"11","RG":"11","R6":"11","Q7":"11","RF":"11","R7":"11","VG":"11","M4":"11","Q5":"11","Q6":"11","QF":"11","Q8":"11","Q9":"11","M3":"11","P5":"11","P3":"11","QC":"11"},"5X":{"WR":"11","WV":"11"}},"C5":{"JP":{"CC":"11","62":"11","87":"11","78":"11","88":"11","77":"11","9C":"11","73":"11","FH":"11","FF":"11","75":"11","FC":"11","74":"11","76":"11","72":"11","89":"11","FG":"11","98":"11","99":"11"},"HC":{"37":"11","5H":"11","5J":"11","6V":"11","6W":"11","6P":"11","5G":"11","38":"11","36":"11","47":"11","26":"11","6M":"11","6X":"11","48":"11","5M":"11","5C":"11","49":"11","7X":"11","6Q":"11","6R":"11","4C":"11","27":"11","5F":"11","4F":"11"},"HG":{"8F":"11","87":"11","9F":"11","9Q":"11","88":"11","9C":"11","CV":"11","CW":"11","CQ":"11","9H":"11","9R":"11","9P":"11","CR":"11","82":"11","9M":"11","9G":"11","89":"11","86":"11","85":"11","84":"11","CX":"11","83":"11","8C":"11","99":"11","9J":"11"},"GC":{"6W":"11","8W":"11","FP":"11","FQ":"11","X6":"11","2X":"11","CQ":"11","FM":"11","9R":"11","CR":"11","3X":"11","7W":"11","W6":"11","6X":"11","8V":"11","9V":"11","W5":"11","CP":"11","5X":"11","X5":"11","4X":"11"},"VQ":{"QH":"11","PG":"11","VP":"11","XQ":"11","VJ":"11","XR":"11","WP":"11","WQ":"11","RJ":"11","WM":"11","QG":"11","RH":"11","VM":"11"},"JJ":{"64":"11","42":"11","32":"11","65":"11","54":"11","75":"11","74":"11","43":"11","86":"11","22":"11","85":"11","53":"11"},"JH":{"2W":"11","2X":"11","3X":"11"},"FF":{"MX":"11","HX":"11","JX":"11","FX":"11","J2":"11","CX":"11","J3":"11","X2":"11","GX":"11","H3":"11"},"WQ":{"2R":"11","3W":"11","3X":"11","2V":"11","3V":"11","4X":"11"},"HF":{"8M":"11","78":"11","7G":"11","7C":"11","8P":"11","8V":"11","75":"11","77":"11","74":"11","73":"11","8Q":"11","7F":"11","8J":"11","8X":"11","8H":"11","76":"11","8C":"11","8G":"11","7H":"11","72":"11","8F":"11","8R":"11","8W":"11","79":"11"},"GF":{"42":"11","22":"11","32":"11"},"FC":{"WX":"11","RW":"11","XX":"11","PR":"11","MX":"11","WW":"11","PV":"11","PW":"11","QR":"11","VV":"11","JX":"11","VW":"11","MW":"11","QV":"11","RV":"11","RR":"11","VX":"11"},"JM":{"6W":"11","5Q":"11","2F":"11","6V":"11","2G":"11","3G":"11","4P":"11","6R":"11","7X":"11","4G":"11","3H":"11","5R":"11","6X":"11","5P":"11","5M":"11","4H":"11","4M":"11","4J":"11"},"GH":{"MJ":"11","JP":"11","VF":"11","WF":"11","RC":"11","JQ":"11","WH":"11","RG":"11","JJ":"11","HQ":"11","JR":"11","RF":"11","MQ":"11","XJ":"11","WG":"11","VG":"11","HP":"11","XH":"11","MR":"11","PP":"11","JM":"11","MM":"11","XG":"11","VH":"11","XM":"11","HM":"11","RH":"11","MP":"11","WJ":"11"},"HM":{"XF":"11"},"HH":{"F4":"11","G8":"11","GC":"11","JF":"11","RP":"11","F6":"11","2J":"11","PM":"11","2M":"11","C2":"11","PH":"11","2H":"11","WW":"11","VR":"11","F3":"11","QM":"11","WR":"11","C3":"11","WV":"11","RQ":"11","MG":"11","VQ":"11","XW":"11","HF":"11","JG":"11","G9":"11","G7":"11","JH":"11","HC":"11","XX":"11","PJ":"11","VV":"11","H9":"11","QP":"11","XV":"11","F7":"11","F5":"11","F2":"11","MJ":"11","MH":"11"},"FG":{"R3":"11","V4":"11","P2":"11","C2":"11","Q2":"11","X4":"11","R4":"11","Q3":"11","M2":"11","W4":"11"},"GG":{"24":"11"}},"73":{"6Q":{"8M":"11","9M":"11","7P":"11","4R":"11","6P":"11","CM":"11","8P":"11","7Q":"11","5Q":"11","3V":"11","CP":"11","8Q":"11","5R":"11","2V":"11","9P":"11","6Q":"11","3R":"11"},"5R":{"P2":"11","H4":"11","48":"11","C5":"11","M2":"11","77":"11","F5":"11","49":"11","J3":"11","76":"11","96":"11","G4":"11","57":"11","J2":"11","H3":"11","86":"11","G3":"11","39":"11","85":"11","95":"11","2C":"11","67":"11","58":"11","F4":"11","3C":"11"},"4R":{"MJ":"11","PJ":"11","QH":"11","VF":"11","WF":"11","QJ":"11","PH":"11","RG":"11","JJ":"11","JH":"11","WG":"11","HP":"11","VG":"11","JM":"11","MM":"11","XC":"11","XF":"11","HM":"11","RH":"11"},"5Q":{"RW":"11","XW":"11","MX":"11","WW":"11","VV":"11","QX":"11","RX":"11","VW":"11","XV":"11","PX":"11","WV":"11"}},"XF":{"V4":{"XR":"11","X7":"11","XJ":"11","W8":"11","X4":"11","WC":"11","WP":"11","WQ":"11","X6":"11","W6":"11","XH":"11","WW":"11","W9":"11","X3":"11","XP":"11","XQ":"11","XF":"11","XM":"11","WR":"11","WV":"11","XG":"11","W5":"11","W4":"11","XW":"11","X9":"11","X5":"11","X8":"11","XX":"11","XV":"11","WX":"11","W7":"11","XC":"11"},"RC":{"XW":"11","WX":"11","XX":"11","MX":"11","WW":"11","XQ":"11","XR":"11","VV":"11","RX":"11","VW":"11","XV":"11","VR":"11","PX":"11","WV":"11","VX":"11","WR":"11"},"W8":{"2R":"11","58":"11","62":"11","64":"11","2P":"11","2M":"11","4G":"11","7C":"11","5C":"11","3V":"11","5G":"11","38":"11","5P":"11","73":"11","2X":"11","7G":"11","56":"11","59":"11","6M":"11","7F":"11","4J":"11","83":"11","82":"11","55":"11","4P":"11","49":"11","3X":"11","4X":"11","4Q":"11","2H":"11","5Q":"11","75":"11","3G":"11","4M":"11","67":"11","3F":"11","4R":"11","3J":"11","4F":"11","2Q":"11","48":"11","54":"11","6G":"11","4H":"11","3R":"11","4V":"11","6C":"11","5H":"11","3M":"11","4W":"11","3W":"11","5J":"11","66":"11","57":"11","6J":"11","63":"11","65":"11","47":"11","2V":"11","3P":"11","2C":"11","5F":"11","45":"11","3C":"11","72":"11","6F":"11","5R":"11","5M":"11","53":"11","2F":"11","39":"11","2J":"11","2G":"11","74":"11","37":"11","46":"11","76":"11","69":"11","2W":"11","3H":"11","6H":"11","68":"11","3Q":"11","4C":"11"},"V5":{"X8":"11","W2":"11","VX":"11","WP":"11","WG":"11","X9":"11","VR":"11","WF":"11","W6":"11","XW":"11","XP":"11","VM":"11","WJ":"11","V9":"11","XV":"11","X5":"11","WQ":"11","VG":"11","WX":"11","X2":"11","WW":"11","VJ":"11","VP":"11","VW":"11","VH":"11","VQ":"11","W9":"11","VF":"11","XH":"11","XG":"11","VC":"11","W7":"11","XJ":"11","V8":"11","XM":"11","XR":"11","WH":"11","X6":"11","XX":"11","WM":"11","X3":"11","XF":"11","WR":"11","W8":"11","XQ":"11","X7":"11","W4":"11","XC":"11","VV":"11","W5":"11","WC":"11","W3":"11","WV":"11","X4":"11"},"RF":{"HJ":"11","X8":"11","F5":"11","V3":"11","CR":"11","85":"11","QJ":"11","W2":"11","Q3":"11","G3":"11","MH":"11","97":"11","CQ":"11","58":"11","X9":"11","44":"11","8R":"11","GQ":"11","7Q":"11","H4":"11","64":"11","WF":"11","2P":"11","2M":"11","C7":"11","Q6":"11","P3":"11","J5":"11","R7":"11","W6":"11","PF":"11","QF":"11","25":"11","FR":"11","F4":"11","38":"11","5P":"11","87":"11","PJ":"11","73":"11","HP":"11","HH":"11","78":"11","59":"11","56":"11","P5":"11","7R":"11","HM":"11","R2":"11","RF":"11","V9":"11","G6":"11","C6":"11","36":"11","H7":"11","MG":"11","V6":"11","X5":"11","7P":"11","55":"11","M3":"11","G4":"11","4P":"11","6P":"11","86":"11","49":"11","Q2":"11","PH":"11","JM":"11","4Q":"11","J2":"11","VG":"11","FM":"11","27":"11","M2":"11","F3":"11","X2":"11","5Q":"11","M6":"11","75":"11","H3":"11","J6":"11","F7":"11","F6":"11","R3":"11","35":"11","P2":"11","F2":"11","67":"11","HQ":"11","MM":"11","FP":"11","J3":"11","R8":"11","CM":"11","QG":"11","PM":"11","9P":"11","W9":"11","V2":"11","48":"11","54":"11","VF":"11","9R":"11","GM":"11","RH":"11","3M":"11","96":"11","Q4":"11","R5":"11","V5":"11","PG":"11","GR":"11","JH":"11","C4":"11","6R":"11","95":"11","V4":"11","H2":"11","RC":"11","28":"11","VC":"11","CP":"11","H6":"11","W7":"11","29":"11","57":"11","P6":"11","66":"11","V8":"11","Q5":"11","H5":"11","63":"11","QH":"11","QC":"11","J4":"11","65":"11","R4":"11","JP":"11","M4":"11","X6":"11","47":"11","94":"11","MP":"11","3P":"11","X3":"11","J7":"11","V7":"11","MJ":"11","W8":"11","45":"11","34":"11","X7":"11","R9":"11","24":"11","26":"11","G7":"11","5R":"11","8Q":"11","FQ":"11","W4":"11","9Q":"11","C3":"11","39":"11","6Q":"11","C5":"11","W5":"11","G5":"11","WC":"11","74":"11","37":"11","JJ":"11","46":"11","M5":"11","76":"11","W3":"11","84":"11","69":"11","23":"11","P4":"11","GJ":"11","8P":"11","R6":"11","77":"11","68":"11","3Q":"11","X4":"11","RG":"11","GP":"11"},"W2":{"8J":"11","6P":"11","V6":"11","8P":"11","H7":"11","4X":"11","9R":"11","C6":"11","R7":"11","FR":"11","C2":"11","7G":"11","MW":"11","PV":"11","8W":"11","6G":"11","6H":"11","CV":"11","HP":"11","VF":"11","XQ":"11","VP":"11","RW":"11","G4":"11","RM":"11","77":"11","M8":"11","74":"11","R3":"11","CF":"11","M2":"11","67":"11","8H":"11","RP":"11","GF":"11","JC":"11","QW":"11","P3":"11","X5":"11","84":"11","JJ":"11","G8":"11","XR":"11","GV":"11","Q6":"11","W3":"11","69":"11","G9":"11","RH":"11","QJ":"11","F5":"11","QF":"11","H4":"11","86":"11","GQ":"11","97":"11","8M":"11","HF":"11","H9":"11","WH":"11","QV":"11","P2":"11","FV":"11","R6":"11","CC":"11","PQ":"11","CJ":"11","CR":"11","W7":"11","68":"11","WV":"11","QX":"11","X2":"11","FP":"11","7Q":"11","XP":"11","H8":"11","9V":"11","GW":"11","JX":"11","WP":"11","Q5":"11","MM":"11","MX":"11","8X":"11","MC":"11","96":"11","P9":"11","R9":"11","WC":"11","78":"11","VR":"11","M4":"11","9Q":"11","9X":"11","72":"11","CX":"11","VW":"11","7V":"11","F8":"11","CH":"11","PR":"11","RF":"11","M9":"11","PW":"11","J9":"11","PH":"11","C4":"11","X7":"11","76":"11","JH":"11","88":"11","99":"11","MJ":"11","G5":"11","GJ":"11","XX":"11","PF":"11","V7":"11","65":"11","9P":"11","Q9":"11","JF":"11","V9":"11","JM":"11","7R":"11","W4":"11","WQ":"11","6R":"11","FJ":"11","CP":"11","M5":"11","X8":"11","JR":"11","J4":"11","HQ":"11","J7":"11","VH":"11","PX":"11","9F":"11","8Q":"11","GX":"11","WF":"11","95":"11","7C":"11","7P":"11","6W":"11","MR":"11","Q8":"11","7J":"11","J8":"11","PP":"11","XM":"11","5V":"11","H5":"11","QR":"11","F9":"11","H3":"11","HM":"11","FX":"11","P7":"11","V4":"11","Q3":"11","HC":"11","HW":"11","F7":"11","X6":"11","Q7":"11","V2":"11","HV":"11","JQ":"11","QH":"11","JW":"11","9H":"11","82":"11","8V":"11","HG":"11","CG":"11","Q2":"11","VG":"11","PG":"11","XF":"11","F6":"11","XW":"11","JP":"11","7W":"11","W5":"11","7M":"11","V5":"11","RC":"11","PM":"11","RG":"11","J2":"11","6V":"11","7H":"11","V8":"11","62":"11","RX":"11","G2":"11","X4":"11","QP":"11","HX":"11","JV":"11","R4":"11","FM":"11","MV":"11","QG":"11","X9":"11","MQ":"11","GC":"11","PC":"11","73":"11","8R":"11","9M":"11","85":"11","H2":"11","MH":"11","M7":"11","W6":"11","VJ":"11","WJ":"11","92":"11","9W":"11","WX":"11","6F":"11","75":"11","JG":"11","C7":"11","G6":"11","FF":"11","CW":"11","H6":"11","WR":"11","QM":"11","M3":"11","X3":"11","R2":"11","W2":"11","XV":"11","6J":"11","F4":"11","C3":"11","5F":"11","C9":"11","XJ":"11","6C":"11","P4":"11","FQ":"11","FC":"11","RQ":"11","HR":"11","FG":"11","QC":"11","79":"11","6M":"11","8C":"11","VQ":"11","GG":"11","5C":"11","V3":"11","66":"11","63":"11","94":"11","R8":"11","G7":"11","RJ":"11","XC":"11","89":"11","C5":"11","RR":"11","WW":"11","P8":"11","CQ":"11","8G":"11","WG":"11","98":"11","QQ":"11","87":"11","J3":"11","C8":"11","5J":"11","5H":"11","5W":"11","7X":"11","XG":"11","W9":"11","9C":"11","MG":"11","R5":"11","9G":"11","RV":"11","MP":"11","J5":"11","GH":"11","5X":"11","64":"11","6Q":"11","HH":"11","WM":"11","5G":"11","VV":"11","8F":"11","W8":"11","6X":"11","VM":"11","GM":"11","FH":"11","7F":"11","F2":"11","VC":"11","PJ":"11","M6":"11","Q4":"11","HJ":"11","GR":"11","93":"11","CM":"11","F3":"11","J6":"11","XH":"11","9J":"11","FW":"11","P6":"11","GP":"11","G3":"11","P5":"11","83":"11"},"W6":{"F4":"11","F8":"11","9G":"11","9M":"11","CM":"11","C9":"11","8V":"11","9V":"11","99":"11","F6":"11","CH":"11","CR":"11","26":"11","CV":"11","CC":"11","9J":"11","CP":"11","9X":"11","22":"11","C5":"11","25":"11","F3":"11","8Q":"11","2C":"11","23":"11","CX":"11","28":"11","C8":"11","C6":"11","G5":"11","9C":"11","C7":"11","CW":"11","8X":"11","G4":"11","9F":"11","CQ":"11","9Q":"11","H2":"11","9P":"11","G3":"11","29":"11","9R":"11","9W":"11","9H":"11","CF":"11","F9":"11","CJ":"11","24":"11","F7":"11","8R":"11","F5":"11","8W":"11","27":"11","F2":"11","CG":"11","G2":"11"},"QC":{"VX":"11","VW":"11","RX":"11","RV":"11","RW":"11"},"W9":{"23":"11","33":"11","32":"11","27":"11","28":"11","26":"11","35":"11","25":"11","24":"11","22":"11","34":"11"},"VF":{"44":"11","32":"11","36":"11","52":"11","26":"11","34":"11","22":"11","43":"11","25":"11","23":"11","35":"11","28":"11","33":"11","42":"11","24":"11","45":"11","27":"11","53":"11"},"V8":{"J8":"11","XR":"11","FR":"11","GX":"11","GF":"11","GC":"11","G8":"11","J7":"11","HW":"11","JF":"11","GH":"11","FH":"11","FV":"11","GV":"11","H7":"11","HM":"11","J9":"11","FW":"11","J2":"11","J4":"11","HG":"11","HJ":"11","GM":"11","WW":"11","GQ":"11","GW":"11","FM":"11","XP":"11","CX":"11","HP":"11","XQ":"11","GR":"11","G5":"11","FX":"11","H2":"11","J3":"11","HV":"11","JJ":"11","FP":"11","GG":"11","XW":"11","GJ":"11","HF":"11","JG":"11","G9":"11","G7":"11","H4":"11","JH":"11","FQ":"11","HC":"11","XX":"11","HR":"11","H9":"11","H8":"11","HQ":"11","H5":"11","H3":"11","FJ":"11","XV":"11","JC":"11","WX":"11","GP":"11","J6":"11","HH":"11","G6":"11","H6":"11","J5":"11"},"W3":{"P2":"11","8Q":"11","95":"11","53":"11","56":"11","8H":"11","F6":"11","8F":"11","M3":"11","WQ":"11","6X":"11","43":"11","9H":"11","XM":"11","6G":"11","69":"11","H7":"11","4G":"11","CG":"11","7X":"11","7W":"11","3V":"11","98":"11","F7":"11","79":"11","78":"11","5W":"11","WP":"11","47":"11","X4":"11","H4":"11","3Q":"11","2P":"11","C3":"11","42":"11","6V":"11","CC":"11","64":"11","89":"11","74":"11","X2":"11","5P":"11","8P":"11","WV":"11","7H":"11","63":"11","9P":"11","2R":"11","7G":"11","8M":"11","W5":"11","77":"11","4H":"11","XJ":"11","85":"11","P3":"11","FF":"11","44":"11","J2":"11","Q2":"11","C9":"11","C8":"11","H2":"11","F3":"11","8V":"11","2M":"11","5V":"11","3X":"11","6M":"11","6F":"11","36":"11","7R":"11","G8":"11","H3":"11","7F":"11","55":"11","WX":"11","C7":"11","C5":"11","C6":"11","5Q":"11","F5":"11","7Q":"11","W4":"11","3P":"11","5J":"11","9F":"11","3F":"11","F4":"11","7C":"11","H6":"11","2V":"11","WM":"11","J3":"11","86":"11","6R":"11","82":"11","G4":"11","92":"11","38":"11","9C":"11","V7":"11","4X":"11","V5":"11","G9":"11","99":"11","J5":"11","5G":"11","39":"11","WF":"11","34":"11","7M":"11","XP":"11","3H":"11","7V":"11","H8":"11","WR":"11","8G":"11","CF":"11","V8":"11","6P":"11","6C":"11","8C":"11","4M":"11","C2":"11","X3":"11","4R":"11","35":"11","5M":"11","84":"11","F2":"11","F8":"11","76":"11","3G":"11","62":"11","4Q":"11","WW":"11","8J":"11","5C":"11","9G":"11","8R":"11","83":"11","4F":"11","3J":"11","2W":"11","72":"11","7J":"11","67":"11","9M":"11","C4":"11","X5":"11","W3":"11","37":"11","G5":"11","66":"11","WJ":"11","7P":"11","G3":"11","V6":"11","6W":"11","4J":"11","M2":"11","9J":"11","VG":"11","6J":"11","H5":"11","88":"11","3M":"11","49":"11","94":"11","52":"11","CH":"11","65":"11","W6":"11","G7":"11","GC":"11","96":"11","J4":"11","W8":"11","6Q":"11","93":"11","3R":"11","75":"11","3W":"11","68":"11","X6":"11","46":"11","F9":"11","4C":"11","59":"11","57":"11","48":"11","3C":"11","45":"11","W2":"11","W7":"11","2J":"11","54":"11","58":"11","87":"11","73":"11","5R":"11","G6":"11","2Q":"11","CJ":"11","5H":"11","2X":"11","5X":"11","VF":"11","FG":"11","G2":"11","WG":"11","4P":"11","2H":"11","FC":"11","4V":"11","6H":"11","WH":"11","M4":"11","4W":"11","97":"11","5F":"11"},"W5":{"GX":"11","R4":"11","MP":"11","2P":"11","MM":"11","Q5":"11","HW":"11","RC":"11","R8":"11","Q8":"11","GV":"11","Q7":"11","2J":"11","PM":"11","2M":"11","QH":"11","Q4":"11","PH":"11","26":"11","QC":"11","2H":"11","25":"11","GW":"11","Q2":"11","2C":"11","28":"11","V8":"11","R6":"11","FX":"11","R5":"11","2X":"11","2G":"11","Q6":"11","JM":"11","2V":"11","R2":"11","JV":"11","HV":"11","JP":"11","QF":"11","Q3":"11","R3":"11","3Q":"11","29":"11","PJ":"11","2W":"11","QG":"11","JQ":"11","HR":"11","PP":"11","PG":"11","HQ":"11","Q9":"11","2R":"11","R7":"11","HX":"11","R9":"11","V7":"11","27":"11","MQ":"11","2Q":"11","MJ":"11","MR":"11","3R":"11","QJ":"11","JR":"11","2F":"11","MH":"11"},"W4":{"QX":"11","W2":"11","44":"11","62":"11","W6":"11","42":"11","25":"11","32":"11","38":"11","56":"11","RW":"11","RV":"11","V9":"11","36":"11","RQ":"11","V6":"11","55":"11","VG":"11","27":"11","33":"11","VJ":"11","35":"11","RR":"11","VH":"11","48":"11","54":"11","VF":"11","RH":"11","V5":"11","43":"11","RM":"11","V4":"11","28":"11","VC":"11","W7":"11","52":"11","29":"11","V8":"11","RX":"11","63":"11","QW":"11","RP":"11","RJ":"11","47":"11","2C":"11","V7":"11","W8":"11","45":"11","34":"11","3C":"11","22":"11","24":"11","26":"11","53":"11","W4":"11","2F":"11","39":"11","W5":"11","2G":"11","37":"11","46":"11","W3":"11","23":"11","RG":"11"},"QF":{"V4":"11","X7":"11","XJ":"11","X4":"11","RF":"11","W2":"11","X6":"11","W6":"11","WH":"11","QC":"11","RH":"11","X3":"11","VG":"11","WM":"11","W3":"11","XM":"11","P9":"11","V2":"11","RG":"11","PC":"11","W5":"11","R2":"11","W4":"11","QF":"11","X5":"11","X8":"11","VH":"11","VJ":"11","X2":"11","WJ":"11","V3":"11"},"V9":{"X8":"11","F5":"11","9C":"11","QJ":"11","W2":"11","G3":"11","97":"11","MH":"11","X9":"11","WG":"11","GX":"11","8R":"11","CH":"11","FW":"11","PQ":"11","WF":"11","C7":"11","9H":"11","JW":"11","R7":"11","W6":"11","8G":"11","QQ":"11","QF":"11","F4":"11","PR":"11","PJ":"11","CF":"11","VM":"11","HW":"11","MR":"11","RF":"11","V9":"11","C6":"11","8W":"11","RQ":"11","X5":"11","V6":"11","G4":"11","8H":"11","QV":"11","PH":"11","JM":"11","CG":"11","VG":"11","F3":"11","X2":"11","GV":"11","C2":"11","MQ":"11","HX":"11","VJ":"11","QR":"11","F7":"11","F6":"11","JV":"11","JQ":"11","F2":"11","MM":"11","PV":"11","R8":"11","9M":"11","QG":"11","PM":"11","9P":"11","8X":"11","8M":"11","W9":"11","VH":"11","9G":"11","98":"11","VF":"11","9R":"11","RH":"11","JX":"11","8J":"11","96":"11","G2":"11","GW":"11","V5":"11","PX":"11","PG":"11","C4":"11","RM":"11","V4":"11","RC":"11","QM":"11","7X":"11","VC":"11","W7":"11","FX":"11","PP":"11","QP":"11","V8":"11","QW":"11","MV":"11","QH":"11","QC":"11","WH":"11","RP":"11","JP":"11","RJ":"11","X6":"11","C8":"11","MP":"11","9F":"11","X3":"11","CC":"11","XF":"11","F8":"11","7W":"11","V7":"11","MJ":"11","W8":"11","X7":"11","R9":"11","FV":"11","8Q":"11","W4":"11","XC":"11","9Q":"11","C9":"11","C3":"11","99":"11","9J":"11","PW":"11","MX":"11","C5":"11","W5":"11","WC":"11","JJ":"11","JR":"11","MW":"11","W3":"11","8V":"11","HR":"11","CX":"11","8P":"11","HV":"11","X4":"11","RG":"11"},"V6":{"X8":"11","V3":"11","QX":"11","W2":"11","WP":"11","X9":"11","WG":"11","VR":"11","PQ":"11","WF":"11","R7":"11","W6":"11","QQ":"11","PR":"11","VM":"11","WJ":"11","RW":"11","RV":"11","RF":"11","V9":"11","RQ":"11","X5":"11","V6":"11","QV":"11","WQ":"11","VG":"11","X2":"11","VJ":"11","QR":"11","RR":"11","PV":"11","VP":"11","R8":"11","VW":"11","VH":"11","VQ":"11","V2":"11","W9":"11","VF":"11","RH":"11","XH":"11","V5":"11","PX":"11","XG":"11","RM":"11","V4":"11","RC":"11","QM":"11","VC":"11","W7":"11","XJ":"11","QP":"11","V8":"11","XM":"11","RX":"11","QW":"11","WH":"11","RP":"11","RJ":"11","X6":"11","WM":"11","X3":"11","XF":"11","V7":"11","W8":"11","X7":"11","R9":"11","W4":"11","XC":"11","PW":"11","MX":"11","VV":"11","W5":"11","WC":"11","W3":"11","X4":"11","RG":"11"},"X2":{"2R":"11","23":"11","38":"11","2F":"11","2W":"11","2G":"11","33":"11","32":"11","2Q":"11","2P":"11","27":"11","29":"11","28":"11","2M":"11","26":"11","35":"11","2V":"11","37":"11","25":"11","24":"11","36":"11","39":"11","22":"11","2H":"11","2C":"11","34":"11","2J":"11"},"V7":{"J8":"11","M8":"11","M7":"11","MP":"11","P6":"11","MM":"11","Q5":"11","HW":"11","M5":"11","P2":"11","JF":"11","P3":"11","Q7":"11","J9":"11","Q4":"11","MF":"11","P8":"11","JW":"11","M6":"11","Q2":"11","M4":"11","PF":"11","P5":"11","MW":"11","M2":"11","P9":"11","PC":"11","Q6":"11","JM":"11","R2":"11","JV":"11","HV":"11","JJ":"11","MG":"11","JP":"11","JG":"11","MV":"11","Q3":"11","P7":"11","R3":"11","JH":"11","JQ":"11","HR":"11","P4":"11","PG":"11","JX":"11","HQ":"11","M9":"11","HX":"11","JC":"11","MQ":"11","MJ":"11","MR":"11","MC":"11","M3":"11","JR":"11","MH":"11"},"V3":{"XQ":"11","XV":"11","XP":"11","XM":"11","XR":"11"},"W7":{"7R":"11","C4":"11","C3":"11","8F":"11","8W":"11","87":"11","9F":"11","C5":"11","8R":"11","8J":"11","9Q":"11","88":"11","8M":"11","9C":"11","C2":"11","97":"11","7X":"11","7M":"11","92":"11","7Q":"11","8H":"11","9H":"11","93":"11","9P":"11","82":"11","7W":"11","8G":"11","9M":"11","96":"11","7H":"11","7V":"11","8Q":"11","7P":"11","9G":"11","C7":"11","8P":"11","89":"11","6X":"11","8X":"11","86":"11","8V":"11","85":"11","C6":"11","7J":"11","95":"11","84":"11","83":"11","8C":"11","99":"11","98":"11","94":"11","9J":"11"},"VC":{"8J":"11","6P":"11","8P":"11","H7":"11","4X":"11","C6":"11","C2":"11","3V":"11","7G":"11","6G":"11","6H":"11","2P":"11","G4":"11","77":"11","74":"11","CF":"11","M2":"11","67":"11","8H":"11","4H":"11","84":"11","G8":"11","69":"11","G9":"11","4J":"11","F5":"11","H4":"11","86":"11","4M":"11","97":"11","8M":"11","P2":"11","CC":"11","CJ":"11","68":"11","7Q":"11","H8":"11","3Q":"11","96":"11","78":"11","M4":"11","72":"11","7V":"11","F8":"11","CH":"11","2X":"11","C4":"11","76":"11","88":"11","99":"11","5Q":"11","G5":"11","2V":"11","65":"11","3W":"11","9P":"11","5P":"11","7R":"11","6R":"11","J4":"11","4P":"11","9F":"11","8Q":"11","95":"11","7C":"11","7P":"11","6W":"11","7J":"11","5V":"11","H5":"11","F9":"11","H3":"11","3X":"11","F7":"11","59":"11","9H":"11","82":"11","CG":"11","F6":"11","7W":"11","7M":"11","J2":"11","6V":"11","7H":"11","G2":"11","2R":"11","3P":"11","GC":"11","73":"11","4V":"11","8R":"11","9M":"11","85":"11","H2":"11","6F":"11","75":"11","C7":"11","G6":"11","2W":"11","FF":"11","H6":"11","5M":"11","M3":"11","5R":"11","6J":"11","F4":"11","C3":"11","5F":"11","C9":"11","6C":"11","FC":"11","FG":"11","79":"11","8C":"11","6M":"11","5C":"11","66":"11","94":"11","G7":"11","4Q":"11","89":"11","C5":"11","4R":"11","3R":"11","3M":"11","8G":"11","98":"11","87":"11","J3":"11","C8":"11","5J":"11","5H":"11","5W":"11","9C":"11","4W":"11","9G":"11","J5":"11","5X":"11","6Q":"11","5G":"11","8F":"11","6X":"11","2Q":"11","7F":"11","F2":"11","F3":"11","J6":"11","9J":"11","G3":"11","83":"11"}},"C6":{"R5":{"8W":"11","7Q":"11","7M":"11","7P":"11","8V":"11","8X":"11","7R":"11","8R":"11","8Q":"11","8P":"11"},"R6":{"85":"11","88":"11","84":"11","83":"11","87":"11","8C":"11","86":"11","89":"11","7C":"11","82":"11","7F":"11"}},"C3":{"2X":{"6W":"11","PR":"11","HR":"11","8W":"11","PV":"11","XQ":"11","QR":"11","JR":"11","XR":"11","VV":"11","CV":"11","GW":"11","JW":"11","FW":"11","7X":"11","MR":"11","CW":"11","HV":"11","3X":"11","FV":"11","7W":"11","QV":"11","VR":"11","XV":"11","MV":"11","GV":"11","9W":"11","9X":"11","6X":"11","JV":"11","8X":"11","RV":"11","WV":"11","RR":"11","HW":"11","CX":"11","FX":"11","5X":"11","WR":"11","4X":"11"},"3X":{"7R":"11","2R":"11","5Q":"11","2Q":"11","4R":"11","6R":"11","3R":"11","3Q":"11","6Q":"11","7V":"11","2V":"11","5R":"11","4Q":"11"}},"4M":{"V7":{"96":"11","88":"11","C7":"11","C6":"11","H8":"11","H7":"11","87":"11","F7":"11","G6":"11","77":"11","78":"11","97":"11","F6":"11","H9":"11","G7":"11"},"CM":{"MX":"11","PV":"11","PW":"11","QR":"11","MW":"11","QV":"11","PX":"11"},"X3":{"MC":"11","M5":"11","M6":"11","P5":"11","M9":"11","M7":"11","M8":"11","P6":"11"},"W4":{"JF":"11","HG":"11","FH":"11","FM":"11","HF":"11","GF":"11","CG":"11","CJ":"11","JG":"11","FG":"11","CH":"11","GG":"11","FJ":"11"}},"GG":{"7G":{"5G":"11","3F":"11","8W":"11","8R":"11","6J":"11","8M":"11","6H":"11","5J":"11","7M":"11","29":"11","7Q":"11","4G":"11","8Q":"11","7P":"11","8P":"11","5H":"11","8X":"11","8V":"11","2C":"11","6M":"11","3C":"11","4F":"11"},"33":{"24":"11","22":"11","23":"11"},"24":{"J8":"11","FR":"11","M8":"11","M7":"11","P6":"11","M5":"11","P2":"11","JF":"11","GH":"11","P3":"11","9V":"11","FV":"11","J9":"11","CR":"11","HG":"11","CV":"11","HJ":"11","GM":"11","M6":"11","Q2":"11","P5":"11","CW":"11","FP":"11","HF":"11","GJ":"11","Q3":"11","FQ":"11","9W":"11","P4":"11","M9":"11","JC":"11","GP":"11","HH":"11"},"5F":{"RJ":"11","GF":"11","7C":"11","XJ":"11","FG":"11","6C":"11","FF":"11","QH":"11","PH":"11","HG":"11","RH":"11","39":"11","28":"11","WM":"11","5C":"11","XM":"11","7F":"11","9C":"11","9F":"11","8C":"11","MG":"11","GG":"11","JG":"11","JH":"11","29":"11","PJ":"11","3C":"11","CF":"11","49":"11","VH":"11","VJ":"11","8F":"11","4C":"11","WJ":"11","HH":"11","CG":"11","QJ":"11","MH":"11"},"6G":{"V6":"11","R5":"11","J2":"11","Q6":"11","X9":"11","V7":"11","M3":"11","J3":"11","P3":"11","Q4":"11","W7":"11","P5":"11","R6":"11","M4":"11","X8":"11","H2":"11","G2":"11","W8":"11","Q5":"11","P4":"11"},"9J":{"99":"11","48":"11","88":"11","57":"11","39":"11","47":"11","68":"11","87":"11","77":"11","66":"11","78":"11","9C":"11","38":"11","2C":"11","2F":"11","29":"11","98":"11","C9":"11","58":"11","67":"11"},"2C":{"8M":"11","5J":"11","9M":"11","7J":"11","QV":"11","CM":"11","QR":"11","QQ":"11","RR":"11","2J":"11","GM":"11","9J":"11","6M":"11","7M":"11","FM":"11","5M":"11","8J":"11","PQ":"11","PR":"11","FP":"11","6J":"11","RV":"11","4J":"11","FJ":"11","CJ":"11","3J":"11","GP":"11","MQ":"11","MR":"11","JR":"11"},"FV":{"M7":"11","M8":"11","M5":"11","QH":"11","J4":"11","P8":"11","QC":"11","M6":"11","PF":"11","P9":"11","PC":"11","H2":"11","J3":"11","QF":"11","H4":"11","QG":"11","H3":"11","M9":"11","J6":"11","G2":"11","QJ":"11","J5":"11"},"4F":{"C4":"11","W9":"11","66":"11","R8":"11","R9":"11","C5":"11","H6":"11","X8":"11","F5":"11","X9":"11","P8":"11","W8":"11","75":"11","V8":"11","Q8":"11","76":"11","96":"11","V9":"11","P7":"11","G6":"11","J6":"11","M7":"11","G5":"11","H5":"11","85":"11","95":"11","84":"11","F6":"11","J7":"11"},"6F":{"7R":"11","5Q":"11","8R":"11","HX":"11","3P":"11","2P":"11","CV":"11","GW":"11","4P":"11","6R":"11","FW":"11","CW":"11","7Q":"11","2M":"11","9R":"11","6Q":"11","GX":"11","9W":"11","8V":"11","4Q":"11","9V":"11","5P":"11","3M":"11","FX":"11","6P":"11","4M":"11"},"32":{"2X":"11"},"23":{"QW":"11","X7":"11","QV":"11","W8":"11","X4":"11","WC":"11","RP":"11","RR":"11","QX":"11","X6":"11","WH":"11","WF":"11","W9":"11","X3":"11","VG":"11","RQ":"11","X9":"11","X5":"11","X8":"11","RW":"11","RV":"11","WG":"11","VH":"11","VJ":"11","VP":"11","VM":"11"},"FR":{"8M":"11","FR":"11","9M":"11","GX":"11","7G":"11","7J":"11","8P":"11","FV":"11","GV":"11","5G":"11","38":"11","FW":"11","CR":"11","CP":"11","39":"11","GW":"11","28":"11","5C":"11","8J":"11","CQ":"11","9Q":"11","6H":"11","9P":"11","6F":"11","FQ":"11","7H":"11","6G":"11","49":"11","HX":"11","4C":"11","27":"11","5F":"11","4F":"11"}},"GJ":{"V4":{"72":"11"},"V3":{"5C":"11","6F":"11","5G":"11","8W":"11","4C":"11","8R":"11","5F":"11","6H":"11","7X":"11","7M":"11","49":"11","7Q":"11","7W":"11","7H":"11","8Q":"11","7P":"11","9W":"11","8P":"11","9X":"11","8X":"11","6G":"11","8V":"11","39":"11","7J":"11","3C":"11","4F":"11"}},"G9":{"CC":{"8F":"11","62":"11","66":"11","8J":"11","78":"11","64":"11","8M":"11","7G":"11","77":"11","65":"11","7C":"11","8H":"11","8G":"11","76":"11","63":"11","52":"11","7F":"11","79":"11","67":"11","53":"11"},"C9":{"5X":"11","5W":"11"}},"JX":{"HC":{"MX":"11","JX":"11","HW":"11","GV":"11","HV":"11","JW":"11"},"JG":{"62":"11","87":"11","78":"11","88":"11","64":"11","77":"11","65":"11","7C":"11","75":"11","74":"11","76":"11","63":"11","52":"11","7F":"11","89":"11","79":"11"},"JF":{"6X":"11","3J":"11","2M":"11","2H":"11","5R":"11","4P":"11","4R":"11","2J":"11","3M":"11","5X":"11","5W":"11","2F":"11","4V":"11","3Q":"11","2G":"11","4Q":"11","3P":"11","5V":"11"},"HF":{"P2":"11","R5":"11","W9":"11","WF":"11","P4":"11","M2":"11","Q4":"11","R6":"11","V6":"11","R7":"11","XH":"11","Q5":"11","W8":"11","V8":"11","V9":"11","J2":"11","M3":"11","XG":"11","WC":"11","P3":"11","XC":"11","V7":"11","XF":"11"}},"PW":{"JR":{"XR":"11","P6":"11","RC":"11","RF":"11","WP":"11","R8":"11","Q8":"11","Q7":"11","WQ":"11","WH":"11","XP":"11","VG":"11","VF":"11","XQ":"11","WM":"11","P5":"11","WR":"11","RG":"11","Q6":"11","XW":"11","XX":"11","VH":"11","Q9":"11","VJ":"11","R9":"11","XV":"11","WJ":"11","VM":"11","VC":"11"},"MV":{"8M":"11","44":"11","7P":"11","7G":"11","7J":"11","8P":"11","9V":"11","8V":"11","6C":"11","32":"11","36":"11","47":"11","34":"11","58":"11","7M":"11","9X":"11","22":"11","8Q":"11","23":"11","CX":"11","35":"11","48":"11","57":"11","5C":"11","59":"11","8J":"11","46":"11","33":"11","CW":"11","9Q":"11","6H":"11","6F":"11","9R":"11","9W":"11","7H":"11","6G":"11","69":"11","45":"11","8R":"11","5F":"11"},"MW":{"C3":"11","H6":"11","G8":"11","C2":"11","F5":"11","F3":"11","G4":"11","H7":"11","G6":"11","G5":"11","F6":"11","F2":"11","G7":"11","F4":"11"},"MR":{"2W":"11","2X":"11","2V":"11"}},"MX":{"64":{"VX":"11","XW":"11","XQ":"11","WV":"11","XV":"11","WW":"11","XR":"11","WX":"11"},"65":{"V4":"11","R4":"11","Q8":"11","Q7":"11","W2":"11","MF":"11","P8":"11","R6":"11","PF":"11","R5":"11","P9":"11","V2":"11","PC":"11","Q6":"11","Q9":"11","MC":"11","V3":"11"},"74":{"5G":"11","3J":"11","2Q":"11","2M":"11","5H":"11","2R":"11","4J":"11","5F":"11","3H":"11","4H":"11","3M":"11","2P":"11","4G":"11","3P":"11"}},"4J":{"XW":{"H4":"11","FP":"11","FQ":"11","G2":"11","CV":"11","CW":"11","CQ":"11","FR":"11","CR":"11","F8":"11","F7":"11","H2":"11","G4":"11","J2":"11","G6":"11","F9":"11","H3":"11","G5":"11","G3":"11","F6":"11","CX":"11","FX":"11","CP":"11","G7":"11"},"XX":{"C3":"11","G9":"11","HC":"11","C2":"11","G8":"11","F3":"11","H9":"11","F2":"11","G7":"11"},"WF":{"C4":"11","8F":"11","8W":"11","C5":"11","7C":"11","8G":"11","7F":"11","9W":"11","9X":"11","9V":"11","8C":"11"},"VP":{"MH":"11","MG":"11","JJ":"11","JM":"11","JH":"11","JF":"11","JG":"11"},"VQ":{"RM":"11","MX":"11","PV":"11","QJ":"11","PW":"11","QQ":"11","QR":"11","RP":"11","JW":"11","MW":"11","QM":"11","QV":"11","RQ":"11","JV":"11","RR":"11"},"QX":{"83":"11","73":"11","72":"11"},"QW":{"5R":"11","4R":"11","5V":"11"},"WM":{"72":"11","62":"11","82":"11"},"QV":{"XC":"11","X9":"11","X7":"11","WG":"11","XF":"11","X8":"11","WH":"11","XH":"11","XG":"11"},"XP":{"W9":"11","WF":"11","X7":"11","WG":"11","XH":"11","X6":"11","W8":"11","W6":"11","W7":"11","XG":"11","WC":"11","XC":"11","XF":"11","X4":"11","X5":"11"},"RV":{"28":"11"},"WJ":{"8W":"11","FP":"11","FQ":"11","CV":"11","7X":"11","CW":"11","GP":"11","FR":"11","CR":"11","FV":"11","9W":"11","9X":"11","6X":"11","GM":"11","8X":"11","GQ":"11","9V":"11"}},"69":{"PP":{"PH":"11","PM":"11","QM":"11","PJ":"11","MM":"11","MJ":"11"}},"C4":{"83":{"2R":"11","6W":"11","3W":"11","7X":"11","4V":"11","5W":"11","4W":"11","2V":"11","6X":"11","3V":"11","8X":"11","5X":"11"},"H7":{"2W":"11","2X":"11","3X":"11","2V":"11"},"F6":{"34":"11","35":"11","24":"11","23":"11"},"QH":{"7P":"11","7J":"11","8P":"11","9V":"11","8V":"11","5G":"11","7Q":"11","36":"11","47":"11","34":"11","7M":"11","9X":"11","22":"11","8Q":"11","23":"11","35":"11","48":"11","5C":"11","59":"11","46":"11","33":"11","6H":"11","6F":"11","6J":"11","9W":"11","6G":"11","49":"11","24":"11","8R":"11","8W":"11","5F":"11"},"22":{"42":"11","52":"11","22":"11","32":"11","23":"11"},"C5":{"VW":"11","78":"11","7C":"11","MP":"11","QV":"11","FG":"11","68":"11","GH":"11","QR":"11","FH":"11","HM":"11","36":"11","47":"11","HJ":"11","58":"11","25":"11","35":"11","57":"11","46":"11","9C":"11","PQ":"11","9F":"11","JM":"11","PR":"11","8C":"11","GJ":"11","89":"11","JP":"11","RW":"11","RV":"11","CF":"11","VX":"11","69":"11","8F":"11","24":"11","WX":"11","MQ":"11","79":"11","CG":"11"},"73":{"JP":"11","JQ":"11","QQ":"11","VQ":"11","QR":"11","HQ":"11","XR":"11","GJ":"11","MQ":"11","PQ":"11","HP":"11","WQ":"11","GP":"11","FM":"11","9H":"11","XV":"11","VR":"11","RQ":"11","CJ":"11","GM":"11","RR":"11","HM":"11","CH":"11","WR":"11","FJ":"11"},"C6":{"W2":"11","X2":"11","X3":"11"},"PF":{"8R":"11","CW":"11","7Q":"11","9R":"11","8Q":"11","7P":"11","9W":"11","8P":"11","9V":"11","CX":"11","FX":"11"},"G7":{"XR":"11","GF":"11","GC":"11","C9":"11","RP":"11","99":"11","WQ":"11","PM":"11","77":"11","HG":"11","CC":"11","87":"11","VR":"11","QM":"11","C8":"11","WR":"11","WV":"11","88":"11","76":"11","RQ":"11","VQ":"11","XW":"11","HF":"11","JG":"11","FC":"11","JH":"11","PJ":"11","98":"11","F9":"11","QP":"11","XV":"11","MJ":"11","RM":"11","VP":"11","QJ":"11","MH":"11"},"QG":{"2X":"11"},"PG":{"J8":"11","M8":"11","RJ":"11","J7":"11","H7":"11","J9":"11","WQ":"11","C2":"11","QH":"11","RH":"11","F3":"11","G5":"11","PF":"11","WR":"11","WV":"11","PC":"11","G4":"11","VQ":"11","XW":"11","G3":"11","QF":"11","XX":"11","QG":"11","PG":"11","H5":"11","M9":"11","XV":"11","F2":"11","J6":"11","H6":"11","MC":"11","RM":"11","VP":"11","VM":"11"},"H8":{"GF":"11","GC":"11","66":"11","C9":"11","54":"11","32":"11","RP":"11","75":"11","PM":"11","77":"11","HG":"11","43":"11","87":"11","86":"11","QM":"11","C8":"11","65":"11","88":"11","64":"11","76":"11","RQ":"11","VQ":"11","HF":"11","JG":"11","FC":"11","JH":"11","PJ":"11","98":"11","F9":"11","42":"11","QP":"11","97":"11","53":"11","MJ":"11","RM":"11","MH":"11"},"84":{"F4":"11","P6":"11","W8":"11","M5":"11","R8":"11","Q7":"11","93":"11","82":"11","W9":"11","F3":"11","M6":"11","V8":"11","G5":"11","C3":"11","G4":"11","X9":"11","P7":"11","92":"11","H4":"11","H5":"11","R7":"11","72":"11","C4":"11","V7":"11","J6":"11","J5":"11"},"94":{"RX":"11","9M":"11","7G":"11","CM":"11","5G":"11","QX":"11","PX":"11","9J":"11","CP":"11","GQ":"11","FM":"11","2C":"11","GR":"11","MW":"11","8J":"11","8H":"11","6H":"11","JV":"11","HV":"11","FP":"11","MV":"11","29":"11","FQ":"11","7H":"11","3C":"11","HR":"11","6G":"11","HQ":"11","PW":"11","CJ":"11","4C":"11","GP":"11","5F":"11","JR":"11","4F":"11","3F":"11"},"95":{"V3":"11","V2":"11","W3":"11","R2":"11","W4":"11","Q2":"11","R3":"11","X4":"11","X5":"11"},"QJ":{"C4":"11","C3":"11","G9":"11","C5":"11","GC":"11","C2":"11","F5":"11","92":"11","93":"11","F8":"11","GF":"11","FC":"11","F7":"11","F9":"11","C6":"11","F6":"11","GG":"11"}},"F5":{"2Q":{"8F":"11","87":"11","8J":"11","9Q":"11","88":"11","8M":"11","73":"11","8H":"11","9H":"11","9R":"11","9P":"11","75":"11","74":"11","8G":"11","9M":"11","76":"11","72":"11","9W":"11","89":"11","9X":"11","86":"11","9V":"11","85":"11","8C":"11","9J":"11"},"2R":{"9G":"11","9M":"11","CM":"11","96":"11","99":"11","93":"11","CH":"11","CR":"11","CV":"11","9J":"11","CP":"11","CX":"11","9C":"11","CW":"11","9F":"11","CQ":"11","9P":"11","92":"11","9H":"11","98":"11","CJ":"11","97":"11","94":"11","95":"11"},"2V":{"C7":"11","C6":"11","C2":"11","C3":"11","CC":"11","C5":"11","C8":"11","C4":"11","C9":"11"},"2P":{"6W":"11","5Q":"11","6V":"11","4C":"11","6R":"11","7X":"11","5J":"11","6Q":"11","7W":"11","4G":"11","5H":"11","6X":"11","39":"11","5P":"11","5M":"11","4H":"11","6P":"11","3C":"11","4F":"11"}},"84":{"PQ":{"XX":"11"},"MV":{"XW":"11","XX":"11","XV":"11"},"QQ":{"5Q":"11","2W":"11","3W":"11","8M":"11","4R":"11","6R":"11","7M":"11","4V":"11","2X":"11","7Q":"11","6Q":"11","7P":"11","5R":"11","8P":"11","3V":"11","6P":"11"},"PV":{"2P":"11","68":"11","66":"11","83":"11","75":"11","67":"11","2M":"11","3P":"11","82":"11","4H":"11","58":"11","74":"11","73":"11","5C":"11","59":"11","76":"11","2V":"11","4G":"11","3M":"11","2W":"11","2R":"11","69":"11","3J":"11","84":"11","3H":"11","2Q":"11","5F":"11","4F":"11"},"MW":{"VF":"11","W9":"11","VJ":"11","VC":"11","VG":"11","W3":"11","RJ":"11","W8":"11","W4":"11","X2":"11","W6":"11","V9":"11","W7":"11","X3":"11","VH":"11","WC":"11","W5":"11","RH":"11","X4":"11"},"PR":{"FR":"11","V4":"11","V5":"11","JF":"11","9V":"11","Q8":"11","Q7":"11","W2":"11","MF":"11","CR":"11","P8":"11","HG":"11","CV":"11","HJ":"11","GM":"11","9X":"11","FM":"11","W3":"11","R6":"11","R5":"11","P9":"11","PC":"11","CW":"11","8X":"11","Q6":"11","CQ":"11","FP":"11","W4":"11","GJ":"11","JG":"11","JH":"11","FQ":"11","9W":"11","M9":"11","R7":"11","X2":"11","GP":"11","HH":"11","MC":"11","V3":"11"}},"94":{"V4":{"68":"11","83":"11","75":"11","2J":"11","67":"11","93":"11","2M":"11","C2":"11","77":"11","2H":"11","58":"11","5C":"11","59":"11","76":"11","3G":"11","92":"11","4G":"11","69":"11","85":"11","4C":"11","84":"11","94":"11","3H":"11","4F":"11"},"W2":{"JP":"11","HR":"11","WF":"11","QJ":"11","JQ":"11","WH":"11","JR":"11","HQ":"11","MQ":"11","CV":"11","WG":"11","FW":"11","VG":"11","GR":"11","CW":"11","PM":"11","RJ":"11","QM":"11","PP":"11","FV":"11","GV":"11","9W":"11","XG":"11","9X":"11","8X":"11","VH":"11","XF":"11","RH":"11","CX":"11","MP":"11"},"X2":{"V3":"11","97":"11","C7":"11","J5":"11","5C":"11","87":"11","78":"11","59":"11","P5":"11","G6":"11","49":"11","X2":"11","J6":"11","F7":"11","88":"11","F6":"11","R3":"11","3F":"11","98":"11","Q4":"11","V4":"11","H6":"11","Q5":"11","H5":"11","R4":"11","M4":"11","X3":"11","2C":"11","3C":"11","G7":"11","2F":"11","M5":"11","W3":"11","69":"11","P4":"11","68":"11","79":"11","4C":"11"},"W3":{"64":"11","55":"11","73":"11","27":"11","28":"11","46":"11","82":"11","54":"11","26":"11","63":"11","35":"11","72":"11","37":"11","45":"11","44":"11","36":"11","53":"11"},"R4":{"RM":"11","VP":"11","RP":"11","WP":"11","XJ":"11","QP":"11","QM":"11","WM":"11","XP":"11","XM":"11"},"V3":{"X7":"11","MM":"11","RC":"11","W8":"11","RF":"11","FV":"11","GV":"11","FW":"11","QH":"11","PH":"11","W9":"11","GQ":"11","CX":"11","HP":"11","GR":"11","RG":"11","CW":"11","JM":"11","JP":"11","X9":"11","QF":"11","X8":"11","PJ":"11","QG":"11","HR":"11","PG":"11","V9":"11","HQ":"11","MJ":"11","MH":"11","VC":"11"}},"62":{"FH":{"6F":"11","8J":"11","59":"11","33":"11","8M":"11","32":"11","7G":"11","8H":"11","46":"11","9P":"11","9M":"11","7H":"11","57":"11","47":"11","7F":"11","69":"11","68":"11","45":"11","44":"11","22":"11","56":"11","34":"11","58":"11","6C":"11"},"CF":{"8M":"11","FR":"11","9M":"11","GX":"11","7G":"11","7C":"11","68":"11","6C":"11","FV":"11","36":"11","FW":"11","47":"11","CR":"11","CV":"11","9J":"11","CP":"11","58":"11","GW":"11","35":"11","57":"11","FX":"11","59":"11","8J":"11","7F":"11","46":"11","8H":"11","9Q":"11","CQ":"11","9P":"11","6F":"11","8G":"11","7H":"11","69":"11","45":"11","56":"11"},"CG":{"XR":"11","M7":"11","M8":"11","RJ":"11","WP":"11","WQ":"11","J4":"11","P8":"11","QC":"11","RH":"11","M6":"11","WR":"11","P9":"11","RG":"11","PC":"11","H2":"11","XW":"11","QF":"11","H4":"11","QG":"11","H3":"11","VJ":"11","XV":"11","J6":"11","G2":"11","VP":"11","J5":"11","VM":"11"},"FG":{"2W":"11","2X":"11"}},"G2":{"R5":{"7R":"11","6W":"11","8R":"11","7X":"11","9P":"11","7W":"11","9M":"11","7V":"11","8Q":"11","8P":"11","CJ":"11","6X":"11","8V":"11","CH":"11","9J":"11"},"Q6":{"XC":"11","X9":"11","WG":"11","XF":"11","XG":"11","WF":"11"},"R6":{"62":"11","38":"11","55":"11","27":"11","29":"11","28":"11","46":"11","54":"11","63":"11","52":"11","35":"11","37":"11","45":"11","36":"11","44":"11","2C":"11","53":"11"},"QM":{"CV":"11","CQ":"11","CR":"11","CP":"11"}},"XC":{"XR":{"8Q":"11","95":"11","53":"11","56":"11","8H":"11","8F":"11","6X":"11","9H":"11","6G":"11","69":"11","4G":"11","CG":"11","7X":"11","7W":"11","3V":"11","98":"11","79":"11","78":"11","5W":"11","9R":"11","47":"11","8W":"11","3Q":"11","2P":"11","C3":"11","2F":"11","6V":"11","CC":"11","64":"11","89":"11","74":"11","5P":"11","9V":"11","8P":"11","7H":"11","63":"11","9P":"11","2R":"11","7G":"11","8M":"11","77":"11","4H":"11","85":"11","C9":"11","C8":"11","F3":"11","8V":"11","2M":"11","5V":"11","3X":"11","6M":"11","6F":"11","7R":"11","7F":"11","55":"11","C7":"11","C5":"11","C6":"11","5Q":"11","7Q":"11","3P":"11","5J":"11","9F":"11","3F":"11","7C":"11","2V":"11","86":"11","6R":"11","82":"11","92":"11","38":"11","9C":"11","4X":"11","99":"11","5G":"11","39":"11","7M":"11","3H":"11","7V":"11","29":"11","8G":"11","CF":"11","6P":"11","8X":"11","6C":"11","8C":"11","4M":"11","9W":"11","C2":"11","4R":"11","5M":"11","84":"11","F2":"11","76":"11","3G":"11","62":"11","4Q":"11","8J":"11","5C":"11","9G":"11","8R":"11","83":"11","4F":"11","3J":"11","2W":"11","72":"11","7J":"11","67":"11","9M":"11","C4":"11","37":"11","66":"11","7P":"11","6W":"11","4J":"11","9J":"11","6J":"11","2C":"11","88":"11","3M":"11","49":"11","94":"11","52":"11","CH":"11","65":"11","96":"11","6Q":"11","93":"11","3R":"11","75":"11","3W":"11","68":"11","46":"11","4C":"11","59":"11","57":"11","48":"11","2G":"11","3C":"11","45":"11","2J":"11","54":"11","58":"11","87":"11","73":"11","5R":"11","2Q":"11","CJ":"11","5H":"11","2X":"11","5X":"11","9Q":"11","9X":"11","4P":"11","2H":"11","4V":"11","6H":"11","4W":"11","97":"11","5F":"11"},"XJ":{"8Q":"11","P2":"11","8H":"11","J6":"11","RV":"11","HQ":"11","FX":"11","JW":"11","HV":"11","M3":"11","WQ":"11","HJ":"11","9H":"11","XM":"11","M7":"11","H7":"11","RR":"11","HX":"11","JQ":"11","VW":"11","RJ":"11","HG":"11","VX":"11","WP":"11","9R":"11","VR":"11","X4":"11","M9":"11","HM":"11","VC":"11","JV":"11","H4":"11","FM":"11","8W":"11","W9":"11","FH":"11","VJ":"11","HW":"11","X2":"11","GV":"11","FJ":"11","9V":"11","8P":"11","FQ":"11","WV":"11","9P":"11","8M":"11","W5":"11","JR":"11","XJ":"11","FF":"11","P3":"11","HH":"11","XG":"11","J2":"11","H2":"11","8V":"11","GQ":"11","HP":"11","GG":"11","M5":"11","G8":"11","H3":"11","GX":"11","W4":"11","V9":"11","VP":"11","CQ":"11","CX":"11","RP":"11","H6":"11","WM":"11","J3":"11","WC":"11","VQ":"11","G4":"11","GJ":"11","RQ":"11","XH":"11","V7":"11","J7":"11","G9":"11","FP":"11","J5":"11","RX":"11","MH":"11","WF":"11","JP":"11","RM":"11","VH":"11","H8":"11","WR":"11","X8":"11","FV":"11","V8":"11","8X":"11","JH":"11","HR":"11","XC":"11","M8":"11","CP":"11","9W":"11","X3":"11","JF":"11","FW":"11","MG":"11","MJ":"11","8J":"11","WW":"11","GH":"11","JC":"11","8R":"11","9M":"11","CW":"11","RW":"11","W3":"11","X5":"11","G5":"11","WJ":"11","G3":"11","V6":"11","CV":"11","9J":"11","GF":"11","M2":"11","VG":"11","FR":"11","H5":"11","X7":"11","HF":"11","GR":"11","JG":"11","JJ":"11","W6":"11","G7":"11","H9":"11","GC":"11","JM":"11","J4":"11","CR":"11","W8":"11","HC":"11","VV":"11","X6":"11","MC":"11","MQ":"11","W2":"11","W7":"11","GW":"11","GP":"11","GM":"11","X9":"11","G6":"11","MF":"11","M6":"11","9Q":"11","J8":"11","9X":"11","VF":"11","FG":"11","G2":"11","WG":"11","FC":"11","J9":"11","JX":"11","VM":"11","XF":"11","WH":"11","M4":"11"},"X4":{"MW":"11","56":"11","53":"11","95":"11","8H":"11","J6":"11","RV":"11","P8":"11","F6":"11","8F":"11","PP":"11","HJ":"11","43":"11","9H":"11","M7":"11","69":"11","H7":"11","RR":"11","JQ":"11","VW":"11","RJ":"11","CG":"11","HG":"11","VX":"11","98":"11","MM":"11","F7":"11","79":"11","78":"11","VR":"11","9R":"11","47":"11","M9":"11","HM":"11","H4":"11","JV":"11","C3":"11","42":"11","CC":"11","64":"11","89":"11","74":"11","QM":"11","QR":"11","QH":"11","QW":"11","8P":"11","63":"11","7H":"11","QP":"11","9P":"11","7G":"11","8M":"11","77":"11","JR":"11","P7":"11","85":"11","FF":"11","HH":"11","44":"11","J2":"11","C9":"11","C8":"11","H2":"11","F3":"11","24":"11","CM":"11","PR":"11","23":"11","GG":"11","M5":"11","G8":"11","H3":"11","PH":"11","7F":"11","55":"11","C7":"11","WX":"11","C5":"11","C6":"11","F5":"11","MV":"11","CQ":"11","9F":"11","25":"11","QG":"11","RP":"11","QV":"11","F4":"11","7C":"11","H6":"11","J3":"11","86":"11","33":"11","82":"11","VQ":"11","G4":"11","92":"11","9C":"11","RQ":"11","J7":"11","G9":"11","99":"11","J5":"11","RX":"11","MH":"11","JP":"11","34":"11","7M":"11","RM":"11","H8":"11","8G":"11","CF":"11","JH":"11","M8":"11","CP":"11","8C":"11","PW":"11","C2":"11","JF":"11","35":"11","84":"11","MG":"11","F2":"11","F8":"11","62":"11","76":"11","MJ":"11","8J":"11","9G":"11","GH":"11","JC":"11","83":"11","72":"11","QJ":"11","7J":"11","67":"11","9M":"11","RW":"11","C4":"11","G5":"11","66":"11","PQ":"11","7P":"11","PG":"11","G3":"11","QC":"11","9J":"11","GF":"11","P9":"11","H5":"11","88":"11","94":"11","52":"11","HF":"11","JG":"11","JJ":"11","CH":"11","65":"11","G7":"11","H9":"11","22":"11","GC":"11","JM":"11","PJ":"11","PC":"11","96":"11","J4":"11","CR":"11","PF":"11","93":"11","MX":"11","HC":"11","PX":"11","75":"11","QF":"11","VV":"11","68":"11","46":"11","F9":"11","57":"11","MC":"11","MQ":"11","45":"11","54":"11","58":"11","PM":"11","87":"11","73":"11","G6":"11","MF":"11","CJ":"11","M6":"11","9Q":"11","J8":"11","QX":"11","MP":"11","QQ":"11","MR":"11","G2":"11","PV":"11","J9":"11","FC":"11","M4":"11","97":"11","32":"11"},"W2":{"RX":"11","XR":"11","VW":"11","XJ":"11","WP":"11","WQ":"11","WH":"11","XH":"11","WW":"11","VR":"11","XP":"11","XQ":"11","WM":"11","XM":"11","WR":"11","WV":"11","XG":"11","VQ":"11","XW":"11","XX":"11","RW":"11","VV":"11","WG":"11","VX":"11","XV":"11","WJ":"11","WX":"11"},"X6":{"X8":"11","V3":"11","W2":"11","Q3":"11","X9":"11","P8":"11","WF":"11","Q6":"11","P3":"11","R7":"11","W6":"11","XP":"11","Q8":"11","P5":"11","R2":"11","V9":"11","V6":"11","X5":"11","M3":"11","Q2":"11","M2":"11","X2":"11","R3":"11","P2":"11","R8":"11","Q9":"11","V2":"11","W9":"11","Q4":"11","R5":"11","XH":"11","V5":"11","P7":"11","Q7":"11","XG":"11","V4":"11","RC":"11","W7":"11","XJ":"11","P6":"11","V8":"11","XM":"11","Q5":"11","QC":"11","R4":"11","M4":"11","X6":"11","X3":"11","XF":"11","V7":"11","W8":"11","X7":"11","R9":"11","W4":"11","XC":"11","W5":"11","WC":"11","M5":"11","W3":"11","P4":"11","R6":"11","X4":"11"},"XH":{"X8":"11","HJ":"11","V3":"11","QX":"11","W2":"11","QJ":"11","Q3":"11","MF":"11","MH":"11","X9":"11","GQ":"11","P8":"11","PQ":"11","Q6":"11","JW":"11","P3":"11","R7":"11","M8":"11","QQ":"11","PF":"11","QF":"11","FR":"11","PR":"11","PJ":"11","Q8":"11","HP":"11","HH":"11","HW":"11","P5":"11","HM":"11","R2":"11","JG":"11","MR":"11","X5":"11","MG":"11","M3":"11","Q2":"11","QV":"11","PH":"11","JM":"11","FM":"11","M2":"11","PC":"11","WX":"11","X2":"11","GV":"11","M6":"11","MQ":"11","HX":"11","QR":"11","R3":"11","JV":"11","JQ":"11","P2":"11","HQ":"11","MM":"11","P9":"11","FP":"11","PV":"11","R8":"11","Q9":"11","QG":"11","PM":"11","V2":"11","GM":"11","JX":"11","Q4":"11","GW":"11","R5":"11","V5":"11","JF":"11","PX":"11","P7":"11","PG":"11","M7":"11","GR":"11","JH":"11","Q7":"11","XG":"11","V4":"11","QM":"11","PP":"11","QP":"11","P6":"11","M9":"11","Q5":"11","QW":"11","MV":"11","QC":"11","QH":"11","R4":"11","JP":"11","X6":"11","M4":"11","FJ":"11","XX":"11","MP":"11","X3":"11","XF":"11","J7":"11","MJ":"11","X7":"11","R9":"11","FQ":"11","W4":"11","XC":"11","JC":"11","PW":"11","MX":"11","JJ":"11","JR":"11","M5":"11","MW":"11","J9":"11","MC":"11","GH":"11","W3":"11","FH":"11","HR":"11","P4":"11","GJ":"11","HG":"11","HV":"11","R6":"11","J8":"11","X4":"11","GP":"11"},"WW":{"8J":"11","8P":"11","V6":"11","H7":"11","9R":"11","C6":"11","R7":"11","FR":"11","C2":"11","MW":"11","PV":"11","8W":"11","CV":"11","HP":"11","XQ":"11","VF":"11","VP":"11","RW":"11","G4":"11","RM":"11","M8":"11","R3":"11","CF":"11","M2":"11","8H":"11","RP":"11","GF":"11","JC":"11","QW":"11","P3":"11","X5":"11","JJ":"11","G8":"11","XR":"11","GV":"11","Q6":"11","W3":"11","G9":"11","RH":"11","QJ":"11","F5":"11","QF":"11","H4":"11","MF":"11","GQ":"11","97":"11","8M":"11","HF":"11","H9":"11","WH":"11","QV":"11","P2":"11","FV":"11","R6":"11","CC":"11","PQ":"11","CJ":"11","CR":"11","W7":"11","QX":"11","WV":"11","X2":"11","FP":"11","XP":"11","H8":"11","9V":"11","GW":"11","JX":"11","WP":"11","Q5":"11","MM":"11","8X":"11","MX":"11","MC":"11","P9":"11","R9":"11","WC":"11","VR":"11","M4":"11","9Q":"11","9X":"11","CX":"11","VW":"11","F8":"11","CH":"11","PR":"11","VX":"11","RF":"11","M9":"11","J9":"11","PW":"11","PH":"11","C4":"11","X7":"11","JH":"11","99":"11","MJ":"11","G5":"11","GJ":"11","XX":"11","PF":"11","V7":"11","9P":"11","Q9":"11","JF":"11","V9":"11","JM":"11","W4":"11","WQ":"11","FJ":"11","CP":"11","M5":"11","X8":"11","JR":"11","J4":"11","HQ":"11","J7":"11","VH":"11","PX":"11","9F":"11","8Q":"11","GX":"11","WF":"11","MR":"11","Q8":"11","J8":"11","PP":"11","XM":"11","H5":"11","QR":"11","F9":"11","H3":"11","HM":"11","FX":"11","P7":"11","V4":"11","Q3":"11","HC":"11","HW":"11","F7":"11","X6":"11","Q7":"11","V2":"11","HV":"11","JQ":"11","QH":"11","JW":"11","9H":"11","8V":"11","HG":"11","CG":"11","Q2":"11","VG":"11","PG":"11","XF":"11","F6":"11","XW":"11","JP":"11","W5":"11","RC":"11","V5":"11","PM":"11","RG":"11","J2":"11","V8":"11","RX":"11","G2":"11","X4":"11","QP":"11","HX":"11","JV":"11","R4":"11","FM":"11","MV":"11","QG":"11","X9":"11","MQ":"11","GC":"11","PC":"11","8R":"11","9M":"11","H2":"11","MH":"11","M7":"11","W6":"11","VJ":"11","WJ":"11","9W":"11","WX":"11","JG":"11","C7":"11","G6":"11","FF":"11","CW":"11","H6":"11","WR":"11","QM":"11","M3":"11","X3":"11","R2":"11","W2":"11","XV":"11","F4":"11","C3":"11","C9":"11","XJ":"11","P4":"11","FQ":"11","FC":"11","RQ":"11","HR":"11","FG":"11","QC":"11","VQ":"11","GG":"11","V3":"11","R8":"11","G7":"11","RJ":"11","XC":"11","RR":"11","C5":"11","WW":"11","P8":"11","CQ":"11","WG":"11","98":"11","QQ":"11","J3":"11","C8":"11","XG":"11","W9":"11","9C":"11","MG":"11","R5":"11","9G":"11","RV":"11","MP":"11","J5":"11","GH":"11","HH":"11","WM":"11","VV":"11","W8":"11","VM":"11","GM":"11","FH":"11","F2":"11","VC":"11","PJ":"11","M6":"11","Q4":"11","HJ":"11","GR":"11","CM":"11","F3":"11","J6":"11","XH":"11","9J":"11","FW":"11","P6":"11","GP":"11","G3":"11","P5":"11"},"X3":{"8Q":"11","56":"11","53":"11","8H":"11","FX":"11","8F":"11","HV":"11","6X":"11","43":"11","9H":"11","6G":"11","69":"11","HX":"11","4G":"11","CG":"11","7X":"11","7W":"11","3V":"11","98":"11","79":"11","78":"11","5W":"11","9R":"11","47":"11","28":"11","FM":"11","8W":"11","3Q":"11","2P":"11","42":"11","2F":"11","6V":"11","CC":"11","FH":"11","64":"11","89":"11","HW":"11","74":"11","5P":"11","GV":"11","FJ":"11","9V":"11","8P":"11","FQ":"11","7H":"11","63":"11","9P":"11","7G":"11","2R":"11","8M":"11","77":"11","4H":"11","85":"11","44":"11","24":"11","GQ":"11","8V":"11","2M":"11","CM":"11","23":"11","5V":"11","3X":"11","6M":"11","6F":"11","7R":"11","36":"11","GX":"11","7F":"11","55":"11","5Q":"11","7Q":"11","3P":"11","5J":"11","CQ":"11","9F":"11","3F":"11","CX":"11","25":"11","7C":"11","2V":"11","86":"11","6R":"11","33":"11","38":"11","9C":"11","4X":"11","FP":"11","99":"11","5G":"11","39":"11","34":"11","7M":"11","3H":"11","7V":"11","29":"11","FV":"11","8G":"11","CF":"11","6P":"11","8X":"11","27":"11","6C":"11","HR":"11","CP":"11","8C":"11","4M":"11","9W":"11","FW":"11","4R":"11","35":"11","5M":"11","76":"11","3G":"11","62":"11","4Q":"11","8J":"11","5C":"11","9G":"11","8R":"11","26":"11","4F":"11","3J":"11","2W":"11","72":"11","7J":"11","67":"11","CW":"11","9M":"11","37":"11","66":"11","7P":"11","6W":"11","4J":"11","CV":"11","9J":"11","FR":"11","6J":"11","2C":"11","88":"11","3M":"11","49":"11","52":"11","GR":"11","CH":"11","65":"11","22":"11","CR":"11","6Q":"11","3R":"11","75":"11","3W":"11","68":"11","46":"11","4C":"11","59":"11","57":"11","48":"11","2G":"11","3C":"11","45":"11","2J":"11","GW":"11","54":"11","58":"11","GP":"11","GM":"11","87":"11","73":"11","5R":"11","2Q":"11","CJ":"11","5H":"11","5X":"11","2X":"11","9Q":"11","9X":"11","4P":"11","4V":"11","2H":"11","JX":"11","6H":"11","4W":"11","97":"11","32":"11","5F":"11"},"XP":{"P2":"11","8Q":"11","56":"11","95":"11","8H":"11","HQ":"11","FX":"11","8F":"11","F6":"11","HV":"11","M3":"11","6X":"11","HJ":"11","9H":"11","M7":"11","6G":"11","69":"11","H7":"11","HX":"11","4G":"11","JQ":"11","CG":"11","HG":"11","7W":"11","7X":"11","3V":"11","98":"11","79":"11","F7":"11","78":"11","5W":"11","9R":"11","M9":"11","HM":"11","H4":"11","JV":"11","3Q":"11","FM":"11","8W":"11","C3":"11","6V":"11","CC":"11","FH":"11","64":"11","89":"11","HW":"11","74":"11","5P":"11","GV":"11","FJ":"11","9V":"11","8P":"11","FQ":"11","7H":"11","9P":"11","7G":"11","8M":"11","77":"11","JR":"11","4H":"11","85":"11","P3":"11","FF":"11","HH":"11","C9":"11","C8":"11","H2":"11","F3":"11","GQ":"11","8V":"11","HP":"11","CM":"11","5V":"11","3X":"11","6M":"11","6F":"11","7R":"11","GG":"11","M5":"11","G8":"11","H3":"11","GX":"11","7F":"11","55":"11","C7":"11","C5":"11","5Q":"11","C6":"11","F5":"11","7Q":"11","3P":"11","5J":"11","CQ":"11","9F":"11","CX":"11","F4":"11","7C":"11","H6":"11","86":"11","6R":"11","82":"11","G4":"11","92":"11","GJ":"11","9C":"11","4X":"11","J7":"11","G9":"11","FP":"11","99":"11","5G":"11","JP":"11","7M":"11","3H":"11","7V":"11","FV":"11","8G":"11","CF":"11","6P":"11","JH":"11","8X":"11","6C":"11","M8":"11","HR":"11","CP":"11","8C":"11","4M":"11","9W":"11","C2":"11","JF":"11","FW":"11","4R":"11","5M":"11","84":"11","MG":"11","F2":"11","F8":"11","76":"11","4Q":"11","8J":"11","5C":"11","9G":"11","GH":"11","JC":"11","8R":"11","83":"11","4F":"11","3J":"11","72":"11","7J":"11","67":"11","9M":"11","CW":"11","C4":"11","G5":"11","66":"11","7P":"11","G3":"11","6W":"11","4J":"11","CV":"11","M2":"11","9J":"11","GF":"11","FR":"11","6J":"11","H5":"11","88":"11","3M":"11","49":"11","94":"11","HF":"11","GR":"11","JG":"11","JJ":"11","CH":"11","65":"11","G7":"11","GC":"11","JM":"11","96":"11","CR":"11","P4":"11","6Q":"11","3R":"11","HC":"11","93":"11","75":"11","3W":"11","68":"11","F9":"11","4C":"11","59":"11","57":"11","48":"11","MC":"11","GW":"11","58":"11","GP":"11","GM":"11","87":"11","73":"11","5R":"11","G6":"11","MF":"11","CJ":"11","5H":"11","M6":"11","5X":"11","9Q":"11","J8":"11","9X":"11","FG":"11","G2":"11","4P":"11","J9":"11","FC":"11","4V":"11","6H":"11","P5":"11","M4":"11","4W":"11","97":"11","5F":"11"},"XQ":{"8Q":"11","56":"11","53":"11","95":"11","8H":"11","FX":"11","8F":"11","F6":"11","6X":"11","43":"11","9H":"11","6G":"11","69":"11","H7":"11","CG":"11","7W":"11","7X":"11","98":"11","F7":"11","79":"11","78":"11","5W":"11","9R":"11","47":"11","H4":"11","FM":"11","8W":"11","C3":"11","42":"11","6V":"11","CC":"11","FH":"11","64":"11","89":"11","74":"11","5P":"11","FJ":"11","9V":"11","8P":"11","FQ":"11","7H":"11","63":"11","9P":"11","7G":"11","8M":"11","77":"11","85":"11","FF":"11","44":"11","C9":"11","C8":"11","H2":"11","F3":"11","8V":"11","CM":"11","5V":"11","6F":"11","6M":"11","36":"11","7R":"11","GG":"11","G8":"11","H3":"11","7F":"11","55":"11","C7":"11","C5":"11","C6":"11","5Q":"11","F5":"11","7Q":"11","5J":"11","CQ":"11","9F":"11","CX":"11","F4":"11","7C":"11","H6":"11","86":"11","33":"11","6R":"11","82":"11","G4":"11","92":"11","GJ":"11","9C":"11","G9":"11","FP":"11","99":"11","5G":"11","34":"11","7M":"11","7V":"11","FV":"11","8G":"11","CF":"11","6P":"11","8X":"11","6C":"11","CP":"11","8C":"11","9W":"11","C2":"11","FW":"11","35":"11","5M":"11","84":"11","F2":"11","F8":"11","76":"11","62":"11","8J":"11","5C":"11","9G":"11","GH":"11","8R":"11","83":"11","4F":"11","72":"11","7J":"11","67":"11","9M":"11","CW":"11","C4":"11","37":"11","G5":"11","66":"11","7P":"11","G3":"11","6W":"11","CV":"11","GF":"11","9J":"11","FR":"11","6J":"11","H5":"11","88":"11","49":"11","94":"11","52":"11","CH":"11","65":"11","G7":"11","GC":"11","96":"11","CR":"11","6Q":"11","93":"11","75":"11","68":"11","46":"11","F9":"11","4C":"11","59":"11","57":"11","48":"11","45":"11","54":"11","58":"11","GP":"11","GM":"11","87":"11","73":"11","5R":"11","G6":"11","CJ":"11","5H":"11","5X":"11","9Q":"11","9X":"11","FG":"11","G2":"11","FC":"11","6H":"11","97":"11","32":"11","5F":"11"},"XF":{"X8":"11","V3":"11","QX":"11","QJ":"11","W2":"11","VX":"11","WP":"11","WG":"11","X9":"11","VR":"11","PQ":"11","WF":"11","JW":"11","R7":"11","W6":"11","QQ":"11","XW":"11","QF":"11","XP":"11","PR":"11","VM":"11","HP":"11","WJ":"11","RW":"11","R2":"11","RV":"11","MR":"11","RF":"11","V9":"11","XV":"11","RQ":"11","V6":"11","X5":"11","QV":"11","WQ":"11","VG":"11","WX":"11","X2":"11","WW":"11","MQ":"11","VJ":"11","QR":"11","R3":"11","JV":"11","JQ":"11","RR":"11","HQ":"11","PV":"11","VP":"11","R8":"11","VW":"11","QG":"11","PM":"11","W9":"11","V2":"11","VH":"11","VQ":"11","VF":"11","RH":"11","JX":"11","R5":"11","V5":"11","XH":"11","PX":"11","XG":"11","RM":"11","V4":"11","RC":"11","QM":"11","VC":"11","W7":"11","XJ":"11","PP":"11","QP":"11","V8":"11","XM":"11","RX":"11","QW":"11","MV":"11","XR":"11","QH":"11","QC":"11","WH":"11","RP":"11","R4":"11","JP":"11","RJ":"11","X6":"11","XX":"11","WM":"11","X3":"11","XF":"11","V7":"11","WR":"11","W8":"11","XQ":"11","X7":"11","R9":"11","W4":"11","XC":"11","PW":"11","MX":"11","W5":"11","VV":"11","WC":"11","JR":"11","MW":"11","W3":"11","WV":"11","HR":"11","R6":"11","X4":"11","RG":"11"},"W3":{"X8":"11","V3":"11","QJ":"11","W2":"11","VX":"11","WP":"11","WG":"11","X9":"11","VR":"11","WF":"11","R7":"11","W6":"11","QQ":"11","XW":"11","XP":"11","VM":"11","WJ":"11","RW":"11","R2":"11","RV":"11","RF":"11","V9":"11","XV":"11","RQ":"11","V6":"11","X5":"11","QV":"11","WQ":"11","VG":"11","WX":"11","X2":"11","WW":"11","VJ":"11","QR":"11","R3":"11","RR":"11","VP":"11","R8":"11","VW":"11","VH":"11","VQ":"11","V2":"11","W9":"11","VF":"11","RH":"11","R5":"11","XH":"11","V5":"11","RM":"11","XG":"11","V4":"11","RC":"11","QM":"11","VC":"11","W7":"11","XJ":"11","QP":"11","V8":"11","XM":"11","RX":"11","QW":"11","XR":"11","QH":"11","WH":"11","RP":"11","R4":"11","RJ":"11","X6":"11","XX":"11","WM":"11","X3":"11","XF":"11","V7":"11","WR":"11","W8":"11","XQ":"11","X7":"11","R9":"11","W4":"11","XC":"11","VV":"11","W5":"11","WC":"11","W3":"11","WV":"11","R6":"11","X4":"11","RG":"11"},"XM":{"MW":"11","8Q":"11","95":"11","8H":"11","HQ":"11","8F":"11","FX":"11","F6":"11","HV":"11","Q4":"11","PP":"11","HJ":"11","9H":"11","H7":"11","HX":"11","Q6":"11","CG":"11","HG":"11","98":"11","79":"11","F7":"11","78":"11","9R":"11","HM":"11","H4":"11","FM":"11","8W":"11","R4":"11","C3":"11","CC":"11","FH":"11","89":"11","HW":"11","QM":"11","GV":"11","QH":"11","FJ":"11","9V":"11","8P":"11","FQ":"11","7H":"11","QP":"11","9P":"11","8M":"11","R8":"11","R2":"11","85":"11","Q7":"11","FF":"11","RF":"11","HH":"11","Q3":"11","J2":"11","C9":"11","C8":"11","H2":"11","F3":"11","8V":"11","GQ":"11","HP":"11","CM":"11","PR":"11","R9":"11","GG":"11","G8":"11","H3":"11","PH":"11","GX":"11","C7":"11","C5":"11","C6":"11","F5":"11","CQ":"11","9F":"11","V4":"11","CX":"11","R3":"11","QG":"11","R5":"11","F4":"11","7C":"11","H6":"11","86":"11","82":"11","G4":"11","Q9":"11","92":"11","GJ":"11","9C":"11","J7":"11","V5":"11","G9":"11","99":"11","FP":"11","JP":"11","7M":"11","H8":"11","FV":"11","8G":"11","CF":"11","JH":"11","8X":"11","HR":"11","CP":"11","8C":"11","PW":"11","9W":"11","C2":"11","JF":"11","FW":"11","84":"11","F2":"11","F8":"11","8J":"11","9G":"11","GH":"11","JC":"11","8R":"11","83":"11","R7":"11","7J":"11","QJ":"11","9M":"11","CW":"11","C4":"11","G5":"11","PQ":"11","PG":"11","G3":"11","QC":"11","CV":"11","9J":"11","GF":"11","FR":"11","H5":"11","88":"11","94":"11","HF":"11","GR":"11","JG":"11","JJ":"11","CH":"11","G7":"11","H9":"11","GC":"11","JM":"11","PJ":"11","96":"11","J4":"11","CR":"11","Q8":"11","MX":"11","HC":"11","93":"11","PX":"11","QF":"11","F9":"11","GW":"11","Q5":"11","PM":"11","GP":"11","GM":"11","87":"11","G6":"11","R6":"11","V3":"11","CJ":"11","V2":"11","9Q":"11","J8":"11","9X":"11","QQ":"11","FG":"11","G2":"11","PV":"11","FC":"11","J9":"11","RC":"11","97":"11"},"WR":{"QW":"11","RX":"11","XR":"11","VW":"11","MP":"11","XJ":"11","QV":"11","PV":"11","MM":"11","HW":"11","WP":"11","QR":"11","QQ":"11","RP":"11","RR":"11","QX":"11","WQ":"11","PM":"11","JW":"11","WH":"11","PX":"11","XH":"11","WW":"11","VR":"11","XP":"11","XQ":"11","WM":"11","XF":"11","QM":"11","MW":"11","XM":"11","WR":"11","WV":"11","PQ":"11","XG":"11","PR":"11","JV":"11","RQ":"11","HV":"11","VQ":"11","XW":"11","JP":"11","MV":"11","XX":"11","JQ":"11","PP":"11","RW":"11","RV":"11","VV":"11","JX":"11","PW":"11","VX":"11","MX":"11","VJ":"11","QP":"11","HX":"11","XV":"11","WJ":"11","WX":"11","MQ":"11","MR":"11","RM":"11","VP":"11","JR":"11","VM":"11"},"WV":{"MW":"11","P2":"11","J6":"11","RV":"11","P8":"11","HQ":"11","FX":"11","JW":"11","HV":"11","M3":"11","Q4":"11","PP":"11","WQ":"11","HJ":"11","XM":"11","M7":"11","H7":"11","RR":"11","HX":"11","Q6":"11","JQ":"11","VW":"11","RJ":"11","HG":"11","VX":"11","MM":"11","WP":"11","VR":"11","M9":"11","X4":"11","HM":"11","H4":"11","JV":"11","W9":"11","R4":"11","VJ":"11","HW":"11","QM":"11","X2":"11","GV":"11","QR":"11","QH":"11","QW":"11","WV":"11","QP":"11","W5":"11","R2":"11","JR":"11","P7":"11","XJ":"11","Q7":"11","P3":"11","HH":"11","Q3":"11","XG":"11","J2":"11","Q2":"11","H2":"11","GQ":"11","HP":"11","PR":"11","GG":"11","M5":"11","G8":"11","H3":"11","PH":"11","GX":"11","WX":"11","MV":"11","W4":"11","VP":"11","V4":"11","R3":"11","QG":"11","RP":"11","QV":"11","R5":"11","H6":"11","WM":"11","J3":"11","WC":"11","VQ":"11","G4":"11","Q9":"11","GJ":"11","RQ":"11","XH":"11","V5":"11","J7":"11","G9":"11","J5":"11","RX":"11","MH":"11","WF":"11","JP":"11","RM":"11","XP":"11","VH":"11","H8":"11","WR":"11","X8":"11","FV":"11","JH":"11","XC":"11","M8":"11","HR":"11","PW":"11","XV":"11","X3":"11","JF":"11","FW":"11","MG":"11","MJ":"11","WW":"11","XQ":"11","GH":"11","JC":"11","QJ":"11","RW":"11","XW":"11","W3":"11","X5":"11","G5":"11","WJ":"11","PQ":"11","PG":"11","G3":"11","QC":"11","GF":"11","M2":"11","P9":"11","H5":"11","X7":"11","HF":"11","GR":"11","JG":"11","JJ":"11","W6":"11","G7":"11","H9":"11","GC":"11","JM":"11","PJ":"11","PC":"11","J4":"11","Q8":"11","PF":"11","P4":"11","W8":"11","MX":"11","HC":"11","PX":"11","QF":"11","VV":"11","X6":"11","MC":"11","MQ":"11","W2":"11","W7":"11","GW":"11","XR":"11","Q5":"11","PM":"11","GP":"11","GM":"11","X9":"11","G6":"11","R6":"11","XX":"11","V3":"11","MF":"11","M6":"11","V2":"11","MP":"11","QX":"11","J8":"11","QQ":"11","MR":"11","G2":"11","WG":"11","PV":"11","J9":"11","P6":"11","JX":"11","VM":"11","XF":"11","P5":"11","WH":"11","M4":"11"},"XG":{"X8":"11","V3":"11","QX":"11","QJ":"11","W2":"11","Q3":"11","VX":"11","WP":"11","WG":"11","X9":"11","VR":"11","P8":"11","WF":"11","Q6":"11","P3":"11","R7":"11","W6":"11","QQ":"11","XW":"11","PF":"11","QF":"11","XP":"11","VM":"11","Q8":"11","WJ":"11","P5":"11","RW":"11","R2":"11","RV":"11","RF":"11","V9":"11","XV":"11","RQ":"11","X5":"11","V6":"11","M3":"11","Q2":"11","QV":"11","PH":"11","WQ":"11","VG":"11","M2":"11","PC":"11","WX":"11","X2":"11","WW":"11","VJ":"11","QR":"11","R3":"11","P2":"11","RR":"11","P9":"11","VP":"11","R8":"11","Q9":"11","VW":"11","QG":"11","W9":"11","VH":"11","VQ":"11","V2":"11","VF":"11","RH":"11","Q4":"11","R5":"11","XH":"11","V5":"11","PX":"11","P7":"11","PG":"11","Q7":"11","XG":"11","RM":"11","V4":"11","RC":"11","QM":"11","VC":"11","W7":"11","XJ":"11","QP":"11","P6":"11","V8":"11","XM":"11","RX":"11","Q5":"11","QW":"11","XR":"11","QC":"11","QH":"11","WH":"11","RP":"11","R4":"11","RJ":"11","M4":"11","X6":"11","XX":"11","WM":"11","X3":"11","XF":"11","V7":"11","WR":"11","W8":"11","XQ":"11","X7":"11","R9":"11","W4":"11","XC":"11","MX":"11","W5":"11","VV":"11","WC":"11","M5":"11","W3":"11","WV":"11","P4":"11","R6":"11","X4":"11","RG":"11"},"W4":{"X2":"11","X3":"11"},"XW":{"2R":"11","58":"11","44":"11","62":"11","64":"11","2P":"11","2M":"11","5W":"11","4G":"11","5C":"11","3V":"11","42":"11","25":"11","5G":"11","32":"11","38":"11","5P":"11","73":"11","2X":"11","59":"11","56":"11","5V":"11","6M":"11","5X":"11","36":"11","4J":"11","55":"11","4P":"11","6P":"11","49":"11","3X":"11","4X":"11","4Q":"11","2H":"11","27":"11","5Q":"11","33":"11","75":"11","3G":"11","4M":"11","35":"11","67":"11","3F":"11","4R":"11","3J":"11","4F":"11","2Q":"11","48":"11","54":"11","6G":"11","4H":"11","3R":"11","4V":"11","6C":"11","5H":"11","3M":"11","4W":"11","3W":"11","43":"11","5J":"11","28":"11","52":"11","29":"11","57":"11","66":"11","6J":"11","63":"11","65":"11","47":"11","2V":"11","3P":"11","2C":"11","5F":"11","45":"11","34":"11","3C":"11","22":"11","24":"11","72":"11","6F":"11","26":"11","5R":"11","5M":"11","53":"11","2F":"11","39":"11","2J":"11","2G":"11","74":"11","37":"11","46":"11","69":"11","23":"11","2W":"11","3H":"11","6H":"11","68":"11","3Q":"11","4C":"11"},"X5":{"X8":"11","V3":"11","QX":"11","W2":"11","QJ":"11","Q3":"11","MF":"11","VX":"11","MH":"11","WP":"11","X9":"11","WG":"11","VR":"11","P8":"11","PQ":"11","WF":"11","Q6":"11","P3":"11","R7":"11","M8":"11","W6":"11","XW":"11","QQ":"11","PF":"11","QF":"11","XP":"11","PR":"11","PJ":"11","VM":"11","Q8":"11","WJ":"11","RW":"11","P5":"11","R2":"11","JG":"11","RV":"11","MR":"11","RF":"11","V9":"11","XV":"11","RQ":"11","MG":"11","X5":"11","V6":"11","M3":"11","Q2":"11","QV":"11","PH":"11","JM":"11","WQ":"11","VG":"11","M2":"11","PC":"11","WX":"11","WW":"11","MQ":"11","VJ":"11","QR":"11","J6":"11","R3":"11","JQ":"11","RR":"11","P2":"11","MM":"11","P9":"11","PV":"11","VP":"11","R8":"11","Q9":"11","VW":"11","QG":"11","PM":"11","W9":"11","V2":"11","VH":"11","VQ":"11","VF":"11","RH":"11","Q4":"11","R5":"11","XH":"11","V5":"11","JF":"11","PX":"11","P7":"11","PG":"11","M7":"11","JH":"11","Q7":"11","XG":"11","RM":"11","V4":"11","RC":"11","QM":"11","VC":"11","W7":"11","XJ":"11","PP":"11","QP":"11","P6":"11","V8":"11","XM":"11","RX":"11","M9":"11","Q5":"11","QW":"11","MV":"11","XR":"11","QH":"11","QC":"11","WH":"11","RP":"11","R4":"11","JP":"11","RJ":"11","M4":"11","X6":"11","XX":"11","MP":"11","WM":"11","XF":"11","J7":"11","V7":"11","WR":"11","MJ":"11","W8":"11","XQ":"11","X7":"11","R9":"11","W4":"11","XC":"11","JC":"11","PW":"11","MX":"11","W5":"11","VV":"11","WC":"11","JJ":"11","M5":"11","MW":"11","J9":"11","MC":"11","W3":"11","WV":"11","P4":"11","R6":"11","J8":"11","RG":"11"},"X8":{"XC":"11","X9":"11"},"XX":{"37":"11","44":"11","3X":"11","4R":"11","2P":"11","54":"11","3W":"11","32":"11","38":"11","2J":"11","36":"11","47":"11","2M":"11","52":"11","3P":"11","26":"11","2H":"11","4H":"11","34":"11","3V":"11","43":"11","22":"11","25":"11","39":"11","2C":"11","23":"11","35":"11","48":"11","28":"11","33":"11","46":"11","2X":"11","2G":"11","4Q":"11","2V":"11","4M":"11","3G":"11","4G":"11","3Q":"11","3M":"11","29":"11","2W":"11","3C":"11","4V":"11","55":"11","49":"11","2R":"11","4J":"11","42":"11","4P":"11","24":"11","45":"11","3J":"11","4C":"11","27":"11","53":"11","2Q":"11","3H":"11","3R":"11","2F":"11","56":"11","4F":"11","3F":"11"},"XV":{"95":"11","53":"11","56":"11","8H":"11","8F":"11","6X":"11","43":"11","6G":"11","69":"11","4G":"11","7X":"11","7W":"11","3V":"11","79":"11","78":"11","5W":"11","47":"11","28":"11","3Q":"11","2P":"11","42":"11","2F":"11","6V":"11","64":"11","89":"11","74":"11","5P":"11","7H":"11","63":"11","7G":"11","2R":"11","8M":"11","77":"11","4H":"11","85":"11","44":"11","24":"11","2M":"11","23":"11","5V":"11","3X":"11","6M":"11","6F":"11","7R":"11","36":"11","7F":"11","55":"11","5Q":"11","7Q":"11","3P":"11","5J":"11","3F":"11","25":"11","7C":"11","2V":"11","86":"11","6R":"11","33":"11","82":"11","92":"11","38":"11","4X":"11","5G":"11","39":"11","34":"11","7M":"11","3H":"11","7V":"11","29":"11","8G":"11","6P":"11","27":"11","6C":"11","8C":"11","4M":"11","4R":"11","35":"11","5M":"11","84":"11","76":"11","3G":"11","62":"11","4Q":"11","8J":"11","5C":"11","26":"11","83":"11","4F":"11","3J":"11","2W":"11","72":"11","7J":"11","67":"11","37":"11","66":"11","7P":"11","6W":"11","4J":"11","6J":"11","2C":"11","88":"11","3M":"11","49":"11","94":"11","52":"11","65":"11","22":"11","96":"11","6Q":"11","93":"11","3R":"11","75":"11","3W":"11","68":"11","46":"11","4C":"11","59":"11","57":"11","48":"11","2G":"11","3C":"11","45":"11","2J":"11","54":"11","58":"11","87":"11","73":"11","5R":"11","2Q":"11","5H":"11","5X":"11","2X":"11","4P":"11","4V":"11","2H":"11","6H":"11","4W":"11","32":"11","5F":"11"},"X2":{"4X":"11","6W":"11","4R":"11","3X":"11","2P":"11","5W":"11","3W":"11","5X":"11","2J":"11","2M":"11","3P":"11","5Q":"11","2H":"11","3V":"11","4W":"11","6X":"11","2X":"11","2G":"11","4Q":"11","5R":"11","2V":"11","4M":"11","3G":"11","3M":"11","3Q":"11","2W":"11","4V":"11","2R":"11","4J":"11","4P":"11","3J":"11","5V":"11","3H":"11","2Q":"11","3R":"11","2F":"11"},"WX":{"8J":"11","V6":"11","H7":"11","R7":"11","FR":"11","C2":"11","7G":"11","MW":"11","PV":"11","8W":"11","6G":"11","6H":"11","HP":"11","CV":"11","VF":"11","XQ":"11","VP":"11","RW":"11","G4":"11","RM":"11","77":"11","M8":"11","R3":"11","CF":"11","M2":"11","8H":"11","RP":"11","GF":"11","QW":"11","P3":"11","X5":"11","84":"11","JJ":"11","G8":"11","XR":"11","GV":"11","Q6":"11","W3":"11","69":"11","G9":"11","RH":"11","QJ":"11","QF":"11","H4":"11","86":"11","MF":"11","GQ":"11","97":"11","WH":"11","QV":"11","P2":"11","FV":"11","R6":"11","CC":"11","PQ":"11","CJ":"11","CR":"11","W7":"11","QX":"11","WV":"11","FP":"11","X2":"11","XP":"11","H8":"11","GW":"11","JX":"11","WP":"11","Q5":"11","MM":"11","8X":"11","MX":"11","MC":"11","96":"11","P9":"11","R9":"11","WC":"11","78":"11","VR":"11","M4":"11","9X":"11","CX":"11","VW":"11","7V":"11","F8":"11","CH":"11","PR":"11","VX":"11","RF":"11","M9":"11","PW":"11","PH":"11","C4":"11","X7":"11","76":"11","JH":"11","88":"11","99":"11","MJ":"11","G5":"11","GJ":"11","XX":"11","PF":"11","V7":"11","Q9":"11","JF":"11","JM":"11","V9":"11","7R":"11","W4":"11","WQ":"11","FJ":"11","CP":"11","M5":"11","X8":"11","JR":"11","J4":"11","HQ":"11","J7":"11","VH":"11","PX":"11","GX":"11","WF":"11","95":"11","7C":"11","6W":"11","MR":"11","Q8":"11","7J":"11","PP":"11","XM":"11","H5":"11","QR":"11","F9":"11","H3":"11","HM":"11","FX":"11","P7":"11","V4":"11","Q3":"11","HW":"11","X6":"11","Q7":"11","V2":"11","HV":"11","JQ":"11","QH":"11","JW":"11","82":"11","CG":"11","Q2":"11","VG":"11","PG":"11","XF":"11","XW":"11","JP":"11","7W":"11","W5":"11","7M":"11","RC":"11","V5":"11","PM":"11","RG":"11","J2":"11","7H":"11","V8":"11","RX":"11","G2":"11","X4":"11","QP":"11","HX":"11","JV":"11","R4":"11","FM":"11","MV":"11","QG":"11","X9":"11","MQ":"11","GC":"11","PC":"11","85":"11","H2":"11","MH":"11","M7":"11","W6":"11","VJ":"11","WJ":"11","92":"11","9W":"11","WX":"11","6F":"11","JG":"11","G6":"11","FF":"11","CW":"11","H6":"11","WR":"11","QM":"11","M3":"11","X3":"11","R2":"11","W2":"11","6J":"11","C3":"11","XV":"11","5F":"11","XJ":"11","6C":"11","P4":"11","FQ":"11","FC":"11","RQ":"11","HR":"11","FG":"11","QC":"11","79":"11","6M":"11","8C":"11","VQ":"11","GG":"11","V3":"11","94":"11","R8":"11","G7":"11","RJ":"11","XC":"11","89":"11","C5":"11","RR":"11","WW":"11","P8":"11","CQ":"11","8G":"11","WG":"11","98":"11","QQ":"11","87":"11","J3":"11","7X":"11","XG":"11","W9":"11","MG":"11","R5":"11","RV":"11","MP":"11","J5":"11","GH":"11","WM":"11","5G":"11","VV":"11","8F":"11","W8":"11","6X":"11","VM":"11","GM":"11","FH":"11","7F":"11","F2":"11","VC":"11","PJ":"11","M6":"11","Q4":"11","HJ":"11","GR":"11","93":"11","CM":"11","J6":"11","F3":"11","XH":"11","FW":"11","P6":"11","GP":"11","G3":"11","83":"11","P5":"11"},"XC":{"RX":"11","XR":"11","X7":"11","XJ":"11","W8":"11","X4":"11","WC":"11","WP":"11","WQ":"11","X6":"11","WH":"11","WF":"11","XH":"11","WW":"11","W9":"11","X3":"11","XP":"11","XQ":"11","WM":"11","XF":"11","XM":"11","WR":"11","WV":"11","XG":"11","XW":"11","X9":"11","X5":"11","X8":"11","XX":"11","WG":"11","VX":"11","XV":"11","WJ":"11","WX":"11","XC":"11"}}}}