{"index":{"university,1|retail,2|tourism,3|wreck,4|historical,5|artsCulture,6|namedBuilding,7|water,8|wetland,9|park,10|beach,11|natureReserve,12|cemetery,13|trail,14":{}},"C3":{"35":{"77":{"RJ":"11"}},"2P":{"48":{"5H":"11","5J":"11","3X":"11","4R":"11","78":"11","68":"11","83":"11","6C":"11","3W":"11","75":"11","5G":"11","82":"11","77":"11","3V":"11","74":"11","5M":"11","2X":"11","4Q":"11","76":"11","4M":"11","6F":"11","92":"11","3Q":"11","2W":"11","4V":"11","6G":"11","4J":"11","69":"11","85":"11","4P":"11","84":"11","79":"11","3R":"11","5F":"11"},"39":{"WX":"11","W9":"11","WW":"11","WF":"11","X7":"11","X8":"11","WH":"11","XJ":"11","WG":"11","XH":"11","X6":"11","X9":"11","VW":"11","XG":"11","WC":"11","VH":"11","XC":"11","VX":"11","XF":"11","WJ":"11","X4":"11","X5":"11"},"47":{"GF":"11","GC":"11","G8":"11","FG":"11","CM":"11","FH":"11","9V":"11","FF":"11","H7":"11","J2":"11","J4":"11","CR":"11","CV":"11","CP":"11","9X":"11","FM":"11","M2":"11","8X":"11","CQ":"11","J3":"11","FP":"11","GG":"11","G9":"11","G7":"11","9R":"11","9W":"11","H8":"11","H5":"11","FJ":"11","J6":"11","G6":"11","H6":"11","M3":"11","J5":"11"},"3C":{"RW":"11","V3":"11","RM":"11","V4":"11","VF":"11","RG":"11","V2":"11","V6":"11","RP":"11","RF":"11","QX":"11","VC":"11","RX":"11","VG":"11","W3":"11","RJ":"11","W4":"11","QW":"11","V8":"11","V9":"11","QV":"11","RQ":"11","V5":"11","VH":"11","RV":"11","V7":"11","RR":"11","RH":"11","W2":"11"},"46":{"PR":"11","QH":"11","MX":"11","VF":"11","PV":"11","RC":"11","QJ":"11","PW":"11","QQ":"11","RG":"11","RF":"11","V6":"11","PQ":"11","VC":"11","QP":"11","W3":"11","RJ":"11","MW":"11","PP":"11","QM":"11","W4":"11","X2":"11","V8":"11","W6":"11","V9":"11","W7":"11","MV":"11","X3":"11","V7":"11","W5":"11","RH":"11","W2":"11"},"49":{"23":"11","33":"11","32":"11","27":"11","26":"11","25":"11","24":"11","22":"11"},"45":{"XW":"11","XX":"11","XV":"11","XR":"11","WX":"11"},"54":{"6V":"11","7P":"11","7G":"11","7J":"11","83":"11","93":"11","7Q":"11","7R":"11","7V":"11","7M":"11","87":"11","86":"11","88":"11","8H":"11","8C":"11","89":"11","8G":"11","92":"11","7H":"11","6Q":"11","8F":"11","85":"11","6R":"11","84":"11","94":"11","95":"11"},"55":{"2R":"11","3F":"11","48":"11","4C":"11","2W":"11","3G":"11","2Q":"11","2P":"11","49":"11","2M":"11","3H":"11","3J":"11","57":"11","2V":"11","47":"11","3M":"11","56":"11","2J":"11","3C":"11","4F":"11"},"52":{"9W":"11","9X":"11","9R":"11","9V":"11"},"53":{"9G":"11","9M":"11","CM":"11","C9":"11","96":"11","9V":"11","99":"11","93":"11","CH":"11","CC":"11","9J":"11","9X":"11","C6":"11","C8":"11","9C":"11","C7":"11","9F":"11","9Q":"11","9P":"11","92":"11","9R":"11","9W":"11","9H":"11","CF":"11","98":"11","CJ":"11","97":"11","94":"11","95":"11","CG":"11"}}}}