{"index":{"university,1|retail,2|tourism,3|wreck,4|historical,5|artsCulture,6|namedBuilding,7|water,8|wetland,9|park,10|beach,11|natureReserve,12|cemetery,13|trail,14":{}},"C7":{"9F":{"Q9":{"M8":"11"}},"JQ":{"HR":{"FX":"11","FW":"11","FM":"11","FQ":"11","FV":"11","FR":"11","FP":"11"},"GJ":{"93":"11","C7":"11","C6":"11","C2":"11","C3":"11","C5":"11","C4":"11","92":"11"},"HP":{"CC":"11","C8":"11","C4":"11","C3":"11","C5":"11","C2":"11","F5":"11","CF":"11","FF":"11","F8":"11","FC":"11","F7":"11","F3":"11","F9":"11","C7":"11","C6":"11","C9":"11","F6":"11","F2":"11","F4":"11"},"29":{"2C":"11","2F":"11","2G":"11"},"HV":{"FP":"11","FQ":"11","GJ":"11","FH":"11","F5":"11","GW":"11","GR":"11","GP":"11","FM":"11","FR":"11","FV":"11","GF":"11","F3":"11","GX":"11","GV":"11","GM":"11","GH":"11","GQ":"11","FG":"11","F6":"11","F2":"11","GG":"11","F4":"11","FJ":"11"},"MW":{"62":"11","64":"11","65":"11","55":"11","54":"11","63":"11","52":"11","56":"11","53":"11"},"MV":{"6W":"11","5C":"11","5G":"11","5Q":"11","6V":"11","5V":"11","59":"11","5F":"11","6J":"11","55":"11","6R":"11","5J":"11","5W":"11","6Q":"11","57":"11","5R":"11","6X":"11","5H":"11","5P":"11","5M":"11","6M":"11","56":"11","6P":"11","58":"11","5X":"11"},"GH":{"9G":"11","9M":"11","83":"11","96":"11","9V":"11","99":"11","82":"11","9J":"11","9X":"11","87":"11","CX":"11","86":"11","9C":"11","CW":"11","88":"11","9F":"11","9Q":"11","8C":"11","9P":"11","89":"11","8G":"11","9R":"11","9W":"11","9H":"11","98":"11","8F":"11","85":"11","97":"11","84":"11","94":"11","95":"11"},"HW":{"G4":"11","G8":"11","G3":"11","G6":"11","G5":"11","G2":"11","G7":"11"},"HM":{"FR":"11","FG":"11","CM":"11","C9":"11","FH":"11","96":"11","FV":"11","99":"11","FW":"11","CH":"11","CR":"11","CV":"11","CC":"11","CP":"11","FM":"11","CX":"11","C8":"11","FX":"11","9C":"11","C7":"11","CW":"11","9F":"11","CQ":"11","FP":"11","FQ":"11","CF":"11","98":"11","FJ":"11","CJ":"11","97":"11","CG":"11"}},"JC":{"WP":{"8F":"11","87":"11","8J":"11","78":"11","88":"11","8M":"11","77":"11","8H":"11","8G":"11","76":"11","8Q":"11","8P":"11","89":"11","86":"11","79":"11","8C":"11"}},"JJ":{"P6":{"F4":"11","FR":"11","F8":"11","GF":"11","G8":"11","GC":"11","FG":"11","CM":"11","GH":"11","C9":"11","FH":"11","FV":"11","FF":"11","F6":"11","CH":"11","FW":"11","CR":"11","CV":"11","CC":"11","GM":"11","CP":"11","GQ":"11","F3":"11","FM":"11","C6":"11","C8":"11","FX":"11","C7":"11","CW":"11","CQ":"11","FP":"11","GG":"11","GJ":"11","FC":"11","G9":"11","G7":"11","FQ":"11","CF":"11","F9":"11","FJ":"11","CJ":"11","F7":"11","F5":"11","GP":"11","F2":"11","CG":"11"},"PV":{"3X":"11","4X":"11"},"MM":{"44":"11","68":"11","66":"11","6P":"11","6C":"11","54":"11","32":"11","67":"11","47":"11","52":"11","26":"11","6M":"11","22":"11","43":"11","25":"11","73":"11","23":"11","48":"11","57":"11","65":"11","46":"11","33":"11","64":"11","6H":"11","6F":"11","6J":"11","63":"11","55":"11","6G":"11","49":"11","69":"11","72":"11","24":"11","45":"11","4C":"11","53":"11","62":"11","4F":"11","56":"11"},"P2":{"37":"11","44":"11","54":"11","32":"11","38":"11","36":"11","47":"11","52":"11","26":"11","4H":"11","34":"11","43":"11","22":"11","25":"11","39":"11","2C":"11","23":"11","35":"11","48":"11","28":"11","46":"11","33":"11","2G":"11","3G":"11","4G":"11","29":"11","3C":"11","55":"11","49":"11","42":"11","24":"11","45":"11","4C":"11","27":"11","53":"11","2F":"11","56":"11","4F":"11","3F":"11"},"JF":{"X2":"11"},"HM":{"QW":"11","QX":"11","PX":"11"},"QX":{"V4":"11","VW":"11","RJ":"11","R4":"11","RC":"11","V5":"11","RF":"11","WP":"11","R8":"11","RP":"11","RR":"11","WQ":"11","WH":"11","RH":"11","VR":"11","VG":"11","VF":"11","V8":"11","WM":"11","R6":"11","R5":"11","WR":"11","RG":"11","RQ":"11","VQ":"11","RW":"11","VV":"11","RV":"11","WG":"11","V9":"11","VH":"11","VX":"11","VJ":"11","R7":"11","V6":"11","R9":"11","V7":"11","WJ":"11","RM":"11","VP":"11","VC":"11","VM":"11"},"X6":{"37":"11","44":"11","5H":"11","66":"11","54":"11","32":"11","5G":"11","38":"11","36":"11","47":"11","52":"11","26":"11","4H":"11","34":"11","58":"11","22":"11","43":"11","25":"11","23":"11","35":"11","48":"11","57":"11","5C":"11","59":"11","46":"11","33":"11","4G":"11","63":"11","55":"11","49":"11","42":"11","24":"11","45":"11","4C":"11","27":"11","53":"11","62":"11","5F":"11","4F":"11","56":"11"},"MF":{"37":"11","44":"11","32":"11","38":"11","36":"11","47":"11","26":"11","34":"11","43":"11","22":"11","25":"11","39":"11","2C":"11","23":"11","35":"11","48":"11","28":"11","46":"11","33":"11","2G":"11","29":"11","3C":"11","42":"11","24":"11","45":"11","27":"11","2F":"11","3F":"11"},"HP":{"HJ":"11","Q3":"11","MF":"11","MH":"11","P8":"11","PQ":"11","Q6":"11","P3":"11","M8":"11","PF":"11","PR":"11","Q8":"11","HH":"11","P5":"11","HM":"11","JG":"11","MR":"11","MG":"11","M3":"11","Q2":"11","PH":"11","JM":"11","M2":"11","PC":"11","M6":"11","HC":"11","J6":"11","P2":"11","P9":"11","PV":"11","HF":"11","Q4":"11","JF":"11","PX":"11","P7":"11","PG":"11","M7":"11","JH":"11","Q7":"11","P6":"11","Q5":"11","M9":"11","MV":"11","M4":"11","J7":"11","MJ":"11","JC":"11","PW":"11","H9":"11","MX":"11","JJ":"11","M5":"11","MW":"11","J9":"11","MC":"11","P4":"11","HG":"11","J8":"11"},"PF":{"WX":"11","WW":"11","WH":"11","XQ":"11","XR":"11","WP":"11","XJ":"11","XH":"11","WQ":"11","WM":"11","XV":"11","XP":"11","XM":"11","WV":"11","WJ":"11","WR":"11"},"M2":{"V3":"11","X7":"11","X8":"11","V2":"11","X6":"11","X9":"11","W3":"11","W8":"11","W4":"11","X2":"11","W6":"11","W7":"11","X3":"11","XC":"11","W5":"11","XF":"11","X4":"11","W2":"11","X5":"11"},"JM":{"RX":"11","MV":"11","QX":"11","PX":"11","PV":"11","MW":"11","PW":"11","MR":"11"},"JJ":{"X5":"11","X7":"11","X2":"11","X6":"11","X4":"11","X3":"11"},"JP":{"QX":"11","QJ":"11","Q3":"11","VR":"11","Q6":"11","P3":"11","R7":"11","QQ":"11","QF":"11","VM":"11","Q8":"11","RW":"11","P5":"11","R2":"11","RV":"11","RF":"11","V9":"11","RQ":"11","Q2":"11","QV":"11","VG":"11","VJ":"11","QR":"11","R3":"11","RR":"11","P2":"11","VP":"11","R8":"11","Q9":"11","VW":"11","QG":"11","VQ":"11","VH":"11","VF":"11","RH":"11","Q4":"11","R5":"11","Q7":"11","RM":"11","RC":"11","QM":"11","VC":"11","QP":"11","V8":"11","RX":"11","Q5":"11","QW":"11","QC":"11","QH":"11","RP":"11","R4":"11","RJ":"11","V7":"11","R9":"11","VV":"11","P4":"11","R6":"11","RG":"11"},"X5":{"6W":"11","5C":"11","5G":"11","5Q":"11","6V":"11","4C":"11","2W":"11","3W":"11","5V":"11","59":"11","5F":"11","4R":"11","6R":"11","5J":"11","3R":"11","4V":"11","2X":"11","5W":"11","3X":"11","6Q":"11","4G":"11","4W":"11","2V":"11","5R":"11","6X":"11","5H":"11","3V":"11","4Q":"11","5P":"11","5M":"11","4H":"11","5X":"11","4M":"11","4J":"11","4F":"11","4X":"11"},"JH":{"XW":"11","XJ":"11","XX":"11","XQ":"11","XV":"11","XP":"11","XM":"11","XR":"11"},"JQ":{"Q9":"11","R5":"11","R3":"11","Q6":"11","Q4":"11","Q8":"11","R6":"11","R7":"11","Q7":"11","Q2":"11","R4":"11","Q3":"11","R2":"11","Q5":"11"},"P4":{"9M":"11","9G":"11","99":"11","9J":"11","87":"11","86":"11","8J":"11","9C":"11","88":"11","8H":"11","9F":"11","8C":"11","89":"11","8G":"11","9H":"11","98":"11","8F":"11","85":"11","97":"11"},"PG":{"W2":"11"},"HQ":{"M7":"11","M8":"11","P6":"11","M5":"11","P2":"11","P3":"11","PM":"11","MF":"11","PH":"11","P8":"11","M6":"11","M4":"11","PF":"11","P5":"11","M2":"11","P9":"11","PC":"11","MG":"11","P7":"11","PJ":"11","P4":"11","PG":"11","PP":"11","M9":"11","MC":"11","M3":"11"},"PW":{"34":"11","44":"11","35":"11","33":"11","36":"11","46":"11","42":"11","45":"11","43":"11","32":"11"},"JC":{"XW":"11","XX":"11","XQ":"11","XR":"11","WP":"11","WM":"11","XP":"11","XM":"11"},"MJ":{"2R":"11","58":"11","44":"11","7Q":"11","2M":"11","2P":"11","5W":"11","4G":"11","5C":"11","3V":"11","42":"11","25":"11","6W":"11","5G":"11","32":"11","38":"11","2X":"11","56":"11","59":"11","5V":"11","7R":"11","6M":"11","5X":"11","36":"11","4J":"11","7P":"11","55":"11","4P":"11","6P":"11","49":"11","3X":"11","4Q":"11","2H":"11","27":"11","7V":"11","33":"11","6V":"11","3G":"11","4M":"11","35":"11","3F":"11","4R":"11","3J":"11","4F":"11","2Q":"11","48":"11","54":"11","4H":"11","4V":"11","3R":"11","5H":"11","3M":"11","4W":"11","3W":"11","6X":"11","43":"11","6R":"11","5J":"11","7X":"11","52":"11","57":"11","7M":"11","47":"11","2V":"11","3P":"11","2C":"11","7W":"11","5F":"11","45":"11","34":"11","3C":"11","22":"11","24":"11","26":"11","5R":"11","5M":"11","53":"11","2F":"11","39":"11","6Q":"11","2J":"11","2G":"11","37":"11","46":"11","23":"11","2W":"11","3H":"11","3Q":"11","4C":"11"},"MC":{"2R":"11","2F":"11","2W":"11","3W":"11","2G":"11","2Q":"11","3P":"11","2P":"11","3R":"11","2X":"11","3Q":"11","2M":"11","3X":"11","3H":"11","3J":"11","4W":"11","2V":"11","3V":"11","3M":"11","2C":"11","2H":"11","2J":"11","4X":"11"},"MH":{"2W":"11","2Q":"11","2X":"11","2R":"11","5R":"11","4R":"11","4W":"11","5X":"11","2V":"11","2P":"11","5W":"11","4V":"11","4Q":"11","4X":"11","5V":"11","5Q":"11"}},"HQ":{"RM":{"F5":"11","CR":"11","85":"11","9C":"11","G3":"11","93":"11","97":"11","CQ":"11","8R":"11","GQ":"11","7Q":"11","H4":"11","CH":"11","FW":"11","CW":"11","C7":"11","9H":"11","P3":"11","7C":"11","J5":"11","92":"11","M8":"11","8G":"11","FR":"11","F4":"11","87":"11","CF":"11","73":"11","HH":"11","78":"11","P5":"11","7R":"11","JG":"11","G6":"11","C6":"11","7F":"11","8W":"11","H7":"11","GG":"11","7P":"11","83":"11","82":"11","M3":"11","G4":"11","8H":"11","86":"11","J2":"11","CG":"11","FM":"11","M2":"11","F3":"11","7V":"11","M6":"11","C2":"11","G8":"11","75":"11","HC":"11","H3":"11","J6":"11","F7":"11","F6":"11","88":"11","P2":"11","FP":"11","89":"11","J3":"11","8C":"11","9M":"11","CM":"11","9P":"11","8X":"11","8M":"11","9G":"11","HF":"11","98":"11","9W":"11","9R":"11","GM":"11","8J":"11","G2":"11","96":"11","JF":"11","9X":"11","F9":"11","M7":"11","GR":"11","JH":"11","C4":"11","95":"11","H2":"11","7X":"11","H6":"11","CP":"11","FX":"11","FG":"11","8F":"11","M9":"11","H5":"11","J4":"11","7J":"11","7M":"11","M4":"11","FJ":"11","C8":"11","94":"11","9F":"11","CC":"11","F8":"11","7W":"11","J7":"11","CJ":"11","FV":"11","CV":"11","GC":"11","G7":"11","8Q":"11","FQ":"11","FF":"11","C9":"11","9Q":"11","C3":"11","JC":"11","99":"11","H8":"11","GF":"11","9J":"11","H9":"11","C5":"11","G5":"11","74":"11","M5":"11","9V":"11","J9":"11","GH":"11","76":"11","8V":"11","84":"11","7H":"11","FH":"11","P4":"11","GJ":"11","8P":"11","CX":"11","HG":"11","77":"11","J8":"11","FC":"11","79":"11","G9":"11","GP":"11"},"VF":{"2W":"11","2Q":"11","2X":"11","2R":"11","3W":"11","3X":"11","2V":"11","3V":"11","3Q":"11","3R":"11"},"RG":{"XW":"11","WX":"11","WW":"11","XQ":"11","XR":"11","WP":"11","XJ":"11","XH":"11","WQ":"11","XV":"11","XG":"11","XP":"11","XM":"11","WV":"11","XF":"11","WR":"11"},"RP":{"C3":"11","C2":"11","73":"11","92":"11","93":"11","82":"11","74":"11","72":"11","85":"11","84":"11","F2":"11","83":"11"},"VC":{"5H":"11","5J":"11","78":"11","7C":"11","68":"11","66":"11","6C":"11","54":"11","75":"11","5G":"11","67":"11","52":"11","77":"11","58":"11","74":"11","73":"11","57":"11","5M":"11","65":"11","5C":"11","59":"11","64":"11","76":"11","6F":"11","63":"11","55":"11","6G":"11","69":"11","53":"11","62":"11","79":"11","5F":"11","56":"11"},"VG":{"23":"11","2F":"11","2G":"11","33":"11","32":"11","27":"11","29":"11","28":"11","26":"11","35":"11","25":"11","24":"11","22":"11","2C":"11","2H":"11","34":"11"},"X9":{"RM":"11","VF":"11","W9":"11","WF":"11","R9":"11","RC":"11","X8":"11","RG":"11","WH":"11","RF":"11","VJ":"11","RP":"11","VC":"11","WG":"11","VG":"11","XH":"11","X9":"11","RJ":"11","V8":"11","V9":"11","XG":"11","WC":"11","VH":"11","XC":"11","V7":"11","XF":"11","RH":"11","VM":"11","WJ":"11"},"RJ":{"V3":"11","QJ":"11","GX":"11","PQ":"11","JW":"11","R7":"11","QQ":"11","PF":"11","QF":"11","PR":"11","Q8":"11","PJ":"11","HW":"11","R2":"11","RF":"11","MR":"11","8W":"11","QV":"11","PH":"11","MQ":"11","HX":"11","QR":"11","R3":"11","JV":"11","JQ":"11","MM":"11","PV":"11","R8":"11","Q9":"11","QG":"11","PM":"11","8X":"11","V2":"11","9W":"11","RH":"11","JX":"11","R5":"11","V5":"11","PX":"11","9X":"11","PG":"11","V4":"11","RC":"11","QM":"11","PP":"11","QP":"11","MV":"11","QC":"11","QH":"11","R4":"11","JP":"11","MP":"11","R9":"11","PW":"11","MX":"11","JR":"11","MW":"11","HR":"11","R6":"11","HV":"11","RG":"11"},"X2":{"C7":"11","C6":"11","F5":"11","F7":"11","F4":"11","C5":"11","F6":"11"},"V8":{"HJ":"11","GX":"11","GQ":"11","FW":"11","J5":"11","FR":"11","HH":"11","HP":"11","HM":"11","JG":"11","H7":"11","GG":"11","J2":"11","GV":"11","HC":"11","J6":"11","HQ":"11","J3":"11","HF":"11","GM":"11","GW":"11","JF":"11","GR":"11","JH":"11","H6":"11","FX":"11","H5":"11","J4":"11","J7":"11","FV":"11","GC":"11","FQ":"11","JC":"11","H8":"11","GF":"11","H9":"11","J9":"11","GH":"11","HR":"11","GJ":"11","HG":"11","HV":"11","J8":"11","GP":"11"},"V9":{"F5":"11","CR":"11","G3":"11","CQ":"11","8R":"11","CH":"11","C7":"11","5W":"11","9H":"11","6W":"11","F4":"11","CF":"11","5V":"11","C6":"11","5X":"11","G4":"11","CG":"11","F3":"11","5Q":"11","6V":"11","F7":"11","F6":"11","F2":"11","9M":"11","CM":"11","9P":"11","9R":"11","G2":"11","F9":"11","6X":"11","C4":"11","CP":"11","FG":"11","C8":"11","CC":"11","F8":"11","CJ":"11","5R":"11","8Q":"11","FF":"11","9Q":"11","C9":"11","9J":"11","C5":"11","8P":"11","FC":"11"},"X3":{"6V":"11","6W":"11","78":"11","7C":"11","68":"11","6P":"11","5W":"11","6C":"11","5X":"11","5Q":"11","77":"11","6M":"11","6X":"11","5R":"11","6H":"11","6F":"11","6J":"11","6G":"11","69":"11","6Q":"11","5V":"11","6R":"11","79":"11"},"V7":{"JX":"11","JR":"11","JV":"11","JQ":"11","JW":"11"},"RH":{"RX":"11","V4":"11","VW":"11","RJ":"11","W8":"11","V5":"11","WC":"11","WP":"11","RP":"11","RR":"11","W2":"11","WQ":"11","W6":"11","WF":"11","WH":"11","W9":"11","VR":"11","VF":"11","VG":"11","W3":"11","WM":"11","V8":"11","WR":"11","V2":"11","W5":"11","RQ":"11","W4":"11","VQ":"11","RW":"11","RV":"11","VV":"11","WG":"11","V9":"11","VH":"11","VX":"11","VJ":"11","V6":"11","WJ":"11","V7":"11","RM":"11","V3":"11","W7":"11","VP":"11","VC":"11","VM":"11"},"X4":{"5C":"11","5G":"11","62":"11","59":"11","5F":"11","64":"11","55":"11","54":"11","4G":"11","63":"11","52":"11","57":"11","56":"11","58":"11","4F":"11","53":"11"}},"HJ":{"R5":{"XV":"11"},"RX":{"GJ":"11","GW":"11","GR":"11","GP":"11","GX":"11","GV":"11","GM":"11","GH":"11","GQ":"11"},"V5":{"2R":"11","6F":"11","5Q":"11","2W":"11","6J":"11","7G":"11","6H":"11","6R":"11","6Q":"11","7H":"11","2V":"11","7F":"11","5R":"11","6G":"11","6M":"11","6P":"11"},"R7":{"W2":"11","W3":"11","W4":"11"},"R6":{"WR":"11","WV":"11","WQ":"11","WW":"11","WX":"11"}},"GJ":{"W9":{"C8":"11","C4":"11","C3":"11","C5":"11","C2":"11","97":"11","92":"11","93":"11","96":"11","C7":"11","C6":"11","95":"11","C9":"11","94":"11"},"WP":{"V2":"11","R2":"11","V3":"11"},"X6":{"22":"11","23":"11"},"R2":{"V4":"11","X7":"11","X4":"11","V5":"11","W8":"11","WC":"11","W2":"11","X6":"11","W6":"11","WF":"11","W9":"11","X3":"11","VF":"11","V8":"11","W3":"11","V2":"11","W5":"11","W4":"11","X9":"11","X5":"11","X8":"11","WG":"11","V9":"11","V6":"11","X2":"11","V7":"11","V3":"11","W7":"11","VC":"11"},"WM":{"HJ":"11","QJ":"11","Q3":"11","VX":"11","MF":"11","WP":"11","MH":"11","VR":"11","PQ":"11","Q6":"11","P3":"11","JW":"11","J5":"11","R7":"11","XW":"11","QQ":"11","PF":"11","QF":"11","XP":"11","PR":"11","PJ":"11","VM":"11","Q8":"11","HH":"11","HP":"11","RW":"11","P5":"11","HM":"11","R2":"11","JG":"11","RV":"11","RF":"11","MR":"11","XV":"11","RQ":"11","MG":"11","M3":"11","Q2":"11","QV":"11","PH":"11","JM":"11","J2":"11","WQ":"11","VG":"11","M2":"11","PC":"11","WX":"11","WW":"11","M6":"11","MQ":"11","HC":"11","VJ":"11","QR":"11","R3":"11","JV":"11","JQ":"11","RR":"11","P2":"11","HQ":"11","MM":"11","J3":"11","PV":"11","VP":"11","R8":"11","Q9":"11","VW":"11","QG":"11","PM":"11","VQ":"11","VH":"11","HF":"11","VF":"11","RH":"11","JX":"11","Q4":"11","R5":"11","JF":"11","PG":"11","JH":"11","Q7":"11","RM":"11","RC":"11","QM":"11","XJ":"11","PP":"11","QP":"11","P6":"11","XM":"11","RX":"11","M9":"11","Q5":"11","MV":"11","XR":"11","QH":"11","QC":"11","J4":"11","RP":"11","R4":"11","RJ":"11","JP":"11","M4":"11","MP":"11","WR":"11","MJ":"11","XQ":"11","R9":"11","JC":"11","PW":"11","VV":"11","JJ":"11","JR":"11","M5":"11","J9":"11","MC":"11","WV":"11","P4":"11","HR":"11","HG":"11","R6":"11","HV":"11","RG":"11"},"W6":{"X2":"11"},"W5":{"XW":"11","XX":"11","XQ":"11","XR":"11","XJ":"11","XH":"11","WM":"11","XV":"11","XG":"11","XP":"11","XM":"11","XC":"11","XF":"11"},"WJ":{"RW":"11","JP":"11","MJ":"11","PJ":"11","PR":"11","QH":"11","MX":"11","PV":"11","QJ":"11","PG":"11","JQ":"11","PH":"11","PW":"11","QQ":"11","MG":"11","QR":"11","JR":"11","MQ":"11","QX":"11","JW":"11","PQ":"11","QP":"11","RX":"11","JX":"11","MR":"11","PM":"11","MW":"11","QM":"11","PP":"11","QW":"11","MM":"11","QV":"11","MV":"11","JV":"11","PX":"11","RV":"11","MH":"11","MP":"11"},"X5":{"2R":"11","2F":"11","2W":"11","2G":"11","2Q":"11","2P":"11","2X":"11","2M":"11","2V":"11","2C":"11","2H":"11","2J":"11"},"R4":{"FR":"11","GF":"11","G8":"11","GC":"11","GH":"11","FH":"11","HM":"11","HG":"11","HJ":"11","GM":"11","GQ":"11","FM":"11","GR":"11","FP":"11","GG":"11","HF":"11","GJ":"11","G9":"11","FQ":"11","HC":"11","H9":"11","H8":"11","FJ":"11","GP":"11","HH":"11"}},"JH":{"MX":{"VX":"11","XX":"11","WX":"11"},"PM":{"34":"11","35":"11","33":"11","32":"11"},"PX":{"2X":"11","3X":"11","5X":"11","4X":"11"},"PJ":{"3F":"11","48":"11","4C":"11","3W":"11","3G":"11","3P":"11","4R":"11","4P":"11","3R":"11","3Q":"11","49":"11","3X":"11","4G":"11","3H":"11","3J":"11","3V":"11","4Q":"11","3M":"11","4H":"11","4M":"11","4J":"11","4F":"11"}},"JW":{"CJ":{"Q8":"11"}},"HP":{"VV":{"G9":"11","H4":"11","GC":"11","G8":"11","G2":"11","FH":"11","FF":"11","GF":"11","FC":"11","H2":"11","G4":"11","G6":"11","H3":"11","G5":"11","G3":"11","H5":"11","FG":"11","GG":"11","G7":"11","FJ":"11"},"VR":{"HX":"11","HQ":"11","GW":"11","HW":"11","HR":"11","GX":"11","HV":"11"}},"JM":{"GW":{"C4":"11","C3":"11","G9":"11","C5":"11","HC":"11","HG":"11","GC":"11","H8":"11","HQ":"11","HJ":"11","G8":"11","C2":"11","G2":"11","F5":"11","HP":"11","F8":"11","HF":"11","GF":"11","F7":"11","F3":"11","G4":"11","G6":"11","H9":"11","GH":"11","G5":"11","G3":"11","HM":"11","HH":"11","F6":"11","F2":"11","GG":"11","G7":"11","F4":"11"},"GV":{"FX":"11","FW":"11","9H":"11","FM":"11","CX":"11","9M":"11","CM":"11","CV":"11","CQ":"11","FQ":"11","CH":"11","9J":"11","FV":"11","CJ":"11","CR":"11","CP":"11","FR":"11","FP":"11"},"QQ":{"85":"11","58":"11","62":"11","7Q":"11","64":"11","7C":"11","5C":"11","5G":"11","6W":"11","5P":"11","87":"11","73":"11","78":"11","56":"11","59":"11","7G":"11","7R":"11","6M":"11","7F":"11","83":"11","7P":"11","82":"11","55":"11","6P":"11","86":"11","7V":"11","5Q":"11","75":"11","6V":"11","88":"11","67":"11","89":"11","54":"11","6G":"11","6C":"11","5H":"11","6X":"11","6R":"11","5J":"11","7X":"11","52":"11","57":"11","66":"11","6J":"11","63":"11","65":"11","7J":"11","7M":"11","7W":"11","5F":"11","72":"11","6F":"11","5R":"11","5M":"11","53":"11","6Q":"11","74":"11","76":"11","84":"11","69":"11","7H":"11","6H":"11","77":"11","68":"11","79":"11"},"Q2":{"V2":"11"},"QR":{"63":"11","64":"11","72":"11","62":"11"},"QP":{"6W":"11","5Q":"11","8W":"11","6V":"11","5V":"11","6R":"11","7X":"11","5W":"11","6Q":"11","7W":"11","5R":"11","6X":"11","8X":"11","5P":"11","6M":"11","6P":"11","5X":"11"},"P7":{"85":"11","86":"11","77":"11","78":"11","79":"11","7C":"11","76":"11","75":"11"}},"JV":{"4X":{"V4":"11","X7":"11","X4":"11","V5":"11","W8":"11","WC":"11","W2":"11","X6":"11","W6":"11","WH":"11","WF":"11","W9":"11","X3":"11","VG":"11","VF":"11","XF":"11","V8":"11","W3":"11","V2":"11","XG":"11","W5":"11","W4":"11","X9":"11","X5":"11","X8":"11","WG":"11","V9":"11","V6":"11","X2":"11","V7":"11","V3":"11","W7":"11","XC":"11","VC":"11"},"5W":{"2Q":"11","2R":"11","2V":"11"},"26":{"HJ":"11","GX":"11","GQ":"11","H4":"11","JW":"11","HH":"11","HP":"11","HW":"11","HM":"11","JG":"11","H7":"11","GG":"11","JM":"11","GV":"11","HX":"11","HC":"11","H3":"11","JV":"11","JQ":"11","HQ":"11","HF":"11","GM":"11","JX":"11","GW":"11","JF":"11","GR":"11","JH":"11","H2":"11","H6":"11","H5":"11","JP":"11","J7":"11","GC":"11","JC":"11","H8":"11","GF":"11","H9":"11","JJ":"11","JR":"11","J9":"11","GH":"11","HR":"11","GJ":"11","HG":"11","HV":"11","J8":"11","GP":"11"},"4H":{"87":"11","78":"11","88":"11","77":"11","73":"11","82":"11","75":"11","74":"11","76":"11","72":"11","89":"11","86":"11","85":"11","84":"11","83":"11"},"4W":{"XR":"11","V4":"11","VW":"11","XJ":"11","V5":"11","WC":"11","WP":"11","WQ":"11","WH":"11","WF":"11","XH":"11","WW":"11","VR":"11","XP":"11","VG":"11","VF":"11","XQ":"11","XF":"11","WM":"11","V8":"11","XM":"11","WR":"11","WV":"11","XG":"11","VQ":"11","XW":"11","XX":"11","VV":"11","WG":"11","V9":"11","VX":"11","V6":"11","XV":"11","WX":"11","WJ":"11","V7":"11","VC":"11"},"22":{"6V":"11","6W":"11","68":"11","66":"11","6P":"11","6C":"11","67":"11","6M":"11","5P":"11","6X":"11","65":"11","6H":"11","6F":"11","6J":"11","6G":"11","69":"11","6Q":"11","5V":"11","6R":"11"},"25":{"CR":"11","85":"11","9C":"11","93":"11","97":"11","CQ":"11","GQ":"11","CH":"11","C7":"11","9H":"11","92":"11","87":"11","CF":"11","HP":"11","HW":"11","83":"11","82":"11","86":"11","CG":"11","GV":"11","HX":"11","88":"11","HQ":"11","9M":"11","CM":"11","9P":"11","9G":"11","98":"11","9R":"11","96":"11","GR":"11","95":"11","CP":"11","94":"11","C8":"11","9F":"11","CC":"11","CJ":"11","CV":"11","9Q":"11","C9":"11","99":"11","9J":"11","84":"11","HR":"11","HV":"11","GP":"11"},"2C":{"HJ":"11","GX":"11","H4":"11","JW":"11","J5":"11","HH":"11","HP":"11","HW":"11","HM":"11","JG":"11","M3":"11","JM":"11","J2":"11","M2":"11","GV":"11","M6":"11","HX":"11","H3":"11","J6":"11","JV":"11","JQ":"11","HQ":"11","J3":"11","HF":"11","JX":"11","GW":"11","JF":"11","GR":"11","JH":"11","H2":"11","J4":"11","JP":"11","M4":"11","J7":"11","JC":"11","JJ":"11","JR":"11","M5":"11","J9":"11","HR":"11","HG":"11","HV":"11","J8":"11"},"23":{"6V":"11","7P":"11","6W":"11","7G":"11","7J":"11","66":"11","6P":"11","6C":"11","54":"11","5G":"11","7Q":"11","67":"11","7W":"11","7R":"11","7V":"11","7M":"11","6M":"11","6X":"11","65":"11","5C":"11","59":"11","64":"11","6H":"11","6F":"11","6J":"11","7H":"11","63":"11","55":"11","6G":"11","7X":"11","69":"11","6Q":"11","6R":"11","62":"11","5F":"11"},"48":{"G9":"11","FP":"11","GC":"11","FQ":"11","GJ":"11","G8":"11","FH":"11","GW":"11","FW":"11","GR":"11","FF":"11","GP":"11","FM":"11","FR":"11","F8":"11","GF":"11","FV":"11","FC":"11","F7":"11","G6":"11","GX":"11","GV":"11","F9":"11","GM":"11","GH":"11","GQ":"11","G5":"11","FG":"11","F6":"11","FX":"11","GG":"11","G7":"11","FJ":"11"},"28":{"HJ":"11","MF":"11","MH":"11","H4":"11","JW":"11","J5":"11","M8":"11","HH":"11","HP":"11","HW":"11","HM":"11","JG":"11","MR":"11","H7":"11","MG":"11","M3":"11","JM":"11","J2":"11","M2":"11","M6":"11","MQ":"11","HX":"11","HC":"11","H3":"11","J6":"11","JV":"11","JQ":"11","HQ":"11","MM":"11","J3":"11","HF":"11","JX":"11","JF":"11","M7":"11","JH":"11","H2":"11","H6":"11","M9":"11","H5":"11","MV":"11","J4":"11","JP":"11","M4":"11","MP":"11","J7":"11","MJ":"11","JC":"11","H8":"11","H9":"11","MX":"11","JJ":"11","JR":"11","MW":"11","M5":"11","J9":"11","MC":"11","HR":"11","HG":"11","HV":"11","J8":"11"},"4G":{"8R":"11","7Q":"11","7C":"11","8G":"11","78":"11","7G":"11","7R":"11","6M":"11","7F":"11","8W":"11","7P":"11","6P":"11","8H":"11","7V":"11","88":"11","89":"11","8C":"11","9M":"11","9P":"11","8X":"11","8M":"11","9W":"11","6G":"11","9R":"11","6C":"11","8J":"11","7X":"11","8F":"11","6J":"11","7J":"11","7M":"11","7W":"11","6F":"11","8Q":"11","9Q":"11","6Q":"11","9J":"11","9V":"11","69":"11","8V":"11","7H":"11","8P":"11","6H":"11","79":"11"},"29":{"J8":"11","M8":"11","M7":"11","MP":"11","MM":"11","J7":"11","M5":"11","JF":"11","H7":"11","HM":"11","J9":"11","J2":"11","MF":"11","J4":"11","JW":"11","HG":"11","HJ":"11","M6":"11","HP":"11","M4":"11","M2":"11","MW":"11","JM":"11","JV":"11","H2":"11","J3":"11","JJ":"11","MG":"11","JP":"11","HF":"11","MV":"11","JG":"11","JH":"11","H4":"11","HC":"11","JQ":"11","HR":"11","H9":"11","H8":"11","JX":"11","HQ":"11","H5":"11","MX":"11","M9":"11","H3":"11","JC":"11","MQ":"11","J6":"11","HH":"11","MJ":"11","MR":"11","H6":"11","MC":"11","M3":"11","JR":"11","MH":"11","J5":"11"},"63":{"V6":"11","V4":"11","V7":"11","V5":"11","V2":"11","V3":"11"},"49":{"7R":"11","6W":"11","G2":"11","F5":"11","7X":"11","7Q":"11","F8":"11","7W":"11","F7":"11","F3":"11","G4":"11","7V":"11","7P":"11","6X":"11","G5":"11","G3":"11","F6":"11","F2":"11","F4":"11"},"24":{"8R":"11","62":"11","64":"11","7C":"11","8G":"11","73":"11","78":"11","7G":"11","7F":"11","8W":"11","7P":"11","8H":"11","75":"11","88":"11","89":"11","8C":"11","8X":"11","8M":"11","9W":"11","8J":"11","9X":"11","8F":"11","63":"11","65":"11","7J":"11","7M":"11","72":"11","8Q":"11","74":"11","9V":"11","76":"11","8V":"11","7H":"11","8P":"11","77":"11","79":"11"},"4C":{"85":"11","58":"11","62":"11","64":"11","5W":"11","7C":"11","5C":"11","8G":"11","5G":"11","5P":"11","87":"11","73":"11","78":"11","7G":"11","56":"11","5V":"11","59":"11","7F":"11","5X":"11","8W":"11","4J":"11","7P":"11","83":"11","82":"11","4P":"11","8H":"11","86":"11","4X":"11","4Q":"11","5Q":"11","75":"11","88":"11","4M":"11","67":"11","4R":"11","89":"11","8C":"11","8X":"11","8M":"11","6G":"11","4H":"11","4V":"11","6C":"11","8J":"11","5H":"11","4W":"11","5J":"11","57":"11","66":"11","8F":"11","63":"11","65":"11","7J":"11","7M":"11","5F":"11","72":"11","6F":"11","5R":"11","5M":"11","74":"11","76":"11","84":"11","69":"11","7H":"11","8P":"11","77":"11","6H":"11","68":"11","79":"11"},"27":{"HJ":"11","MF":"11","MH":"11","H4":"11","JW":"11","J5":"11","M8":"11","HH":"11","HP":"11","HW":"11","HM":"11","JG":"11","MR":"11","H7":"11","MG":"11","JM":"11","J2":"11","MQ":"11","HX":"11","HC":"11","H3":"11","J6":"11","JV":"11","JQ":"11","HQ":"11","MM":"11","J3":"11","HF":"11","JX":"11","G2":"11","JF":"11","JH":"11","H2":"11","H6":"11","M9":"11","H5":"11","MV":"11","J4":"11","JP":"11","MP":"11","J7":"11","MJ":"11","JC":"11","H8":"11","H9":"11","MX":"11","JJ":"11","JR":"11","MW":"11","J9":"11","MC":"11","HR":"11","HG":"11","HV":"11","J8":"11"},"62":{"VP":"11","VQ":"11","VJ":"11","VV":"11","VW":"11","VR":"11","VH":"11","VX":"11","VM":"11"},"2F":{"J7":"11","J8":"11","J2":"11","J9":"11","H7":"11","J3":"11","H5":"11","H4":"11","J6":"11","H6":"11","J4":"11","H2":"11","J5":"11","H3":"11","G2":"11"},"4F":{"85":"11","58":"11","44":"11","8R":"11","7Q":"11","64":"11","4G":"11","7C":"11","5C":"11","8G":"11","42":"11","5G":"11","5P":"11","87":"11","73":"11","78":"11","7G":"11","56":"11","5V":"11","59":"11","6M":"11","7F":"11","8W":"11","4J":"11","83":"11","7P":"11","82":"11","55":"11","4P":"11","6P":"11","8H":"11","49":"11","86":"11","4Q":"11","5Q":"11","75":"11","88":"11","4M":"11","67":"11","4R":"11","89":"11","8C":"11","4F":"11","8M":"11","48":"11","54":"11","6G":"11","4H":"11","4V":"11","6C":"11","8J":"11","5H":"11","43":"11","5J":"11","52":"11","57":"11","66":"11","8F":"11","6J":"11","63":"11","65":"11","7J":"11","7M":"11","47":"11","5F":"11","45":"11","6F":"11","5R":"11","5M":"11","8Q":"11","53":"11","74":"11","46":"11","76":"11","84":"11","8V":"11","7H":"11","8P":"11","6H":"11","77":"11","68":"11","79":"11","4C":"11"}},"GH":{"RX":{"VX":"11","XX":"11","WX":"11"}},"HM":{"XW":{"PV":"11","PX":"11","PR":"11","PW":"11"},"XX":{"P2":"11","Q3":"11","P6":"11","P4":"11","Q4":"11","Q5":"11","P8":"11","P9":"11","Q2":"11","P7":"11","P5":"11","P3":"11"},"W9":{"9W":"11","9X":"11","9P":"11","9R":"11","9Q":"11","9V":"11"},"XQ":{"M8":"11","GX":"11","MP":"11","PV":"11","MM":"11","HW":"11","GV":"11","PM":"11","MF":"11","PH":"11","JW":"11","GW":"11","GR":"11","PF":"11","MW":"11","P9":"11","PC":"11","PQ":"11","PR":"11","MG":"11","MV":"11","PJ":"11","PP":"11","PG":"11","JX":"11","M9":"11","HX":"11","MQ":"11","MR":"11","MJ":"11","MC":"11","MH":"11"},"XR":{"H4":"11","J9":"11","H6":"11","JC":"11","H8":"11","M5":"11","G2":"11","2X":"11","M6":"11","H2":"11","J5":"11","H7":"11","G4":"11","J2":"11","G6":"11","H3":"11","J6":"11","H9":"11","G5":"11","G3":"11","H5":"11","J8":"11","J7":"11","J4":"11"},"VV":{"R3":"11","Q2":"11","R2":"11","Q3":"11"},"R2":{"G9":"11","H4":"11","HR":"11","HC":"11","H6":"11","GC":"11","HG":"11","H8":"11","HQ":"11","HJ":"11","GJ":"11","G8":"11","G2":"11","HP":"11","GF":"11","HF":"11","H7":"11","G4":"11","G6":"11","H9":"11","GH":"11","G5":"11","G3":"11","H5":"11","HM":"11","HH":"11","GG":"11","G7":"11"},"XV":{"2R":"11","23":"11","2F":"11","2G":"11","2Q":"11","3P":"11","2P":"11","27":"11","3R":"11","29":"11","3Q":"11","28":"11","2M":"11","26":"11","2V":"11","25":"11","24":"11","3V":"11","22":"11","2C":"11","2H":"11","2J":"11"},"VR":{"RW":"11","QH":"11","QJ":"11","QQ":"11","QR":"11","RP":"11","QX":"11","RX":"11","QP":"11","QM":"11","QW":"11","QV":"11","RQ":"11","RV":"11","RR":"11"},"WC":{"93":"11","96":"11","C6":"11","95":"11","94":"11","C3":"11","C5":"11","C4":"11","92":"11","97":"11"},"WV":{"X2":"11","X4":"11","X3":"11"},"WR":{"XW":"11","XX":"11","WH":"11","XQ":"11","XR":"11","WP":"11","XJ":"11","XH":"11","WQ":"11","WM":"11","XV":"11","XP":"11","XM":"11","WJ":"11","WR":"11"}},"J7":{"MC":{"9W":"11","9X":"11","9P":"11","9M":"11","9R":"11","9Q":"11","9V":"11"}}}}