{"index":{"university,1|retail,2|tourism,3|wreck,4|historical,5|artsCulture,6|namedBuilding,7|water,8|wetland,9|park,10|beach,11|natureReserve,12|cemetery,13|trail,14":{}},"CF":{"2W":{"37":{"3H":"11","2C":"11"},"2P":{"M4":"11"},"38":{"3H":"11","27":"11"},"2J":{"5G":"11","C6":"11","MG":"11","J3":"11","8R":"11","F6":"11"},"2M":{"JX":"11"},"22":{"GM":"11"},"2C":{"2Q":"11","WR":"11","Q8":"11","QR":"11","FR":"11"},"28":{"R5":"11","9X":"11","57":"11","25":"11"},"2G":{"F9":"11","CG":"11","P2":"11","6R":"11","WG":"11","G9":"11","8R":"11","VG":"11","WF":"11"},"29":{"C3":"11","WG":"11","FV":"11","RR":"11","G2":"11"},"3C":{"38":"11","4X":"11"},"2R":{"5C":"11","69":"11","68":"11","6F":"11","59":"11","6C":"11"},"27":{"VW":"11","34":"11"},"3H":{"C5":"11"},"2F":{"JP":"11","PG":"11","CV":"11","JX":"11","XH":"11","QM":"11","XG":"11","95":"11"},"3F":{"5C":"11","5V":"11"}},"2X":{"4X":{"VV":"11","WV":"11","RV":"11","QV":"11","RR":"11","WW":"11"}}}}