{"index":{"university,1|retail,2|tourism,3|wreck,4|historical,5|artsCulture,6|namedBuilding,7|water,8|wetland,9|park,10|beach,11|natureReserve,12|cemetery,13|trail,14":{}},"CG":{"23":{"2H":{"99":"11","88":"11","8C":"11","79":"11","7C":"11","89":"11","98":"11","97":"11"},"66":{"57":"11","56":"11","58":"11"},"22":{"2J":"11"},"26":{"GH":"11","GJ":"11","GM":"11","GG":"11","GF":"11","HF":"11"}},"2F":{"29":{"4J":"11","4M":"11","4H":"11"},"P9":{"GH":"11","HQ":"11","GJ":"11","HR":"11","GG":"11","HV":"11"}},"2G":{"33":{"HR":"11","HQ":"11","HJ":"11","GW":"11","HP":"11","HV":"11","GX":"11","GV":"11","HW":"11","HM":"11","HH":"11"},"GJ":{"Q6":"11","Q4":"11","R6":"11","Q5":"11"},"CQ":{"H8":"11","H9":"11"},"GH":{"6J":"11","3P":"11","6H":"11","4P":"11","3R":"11","5J":"11","3Q":"11","4Q":"11","5P":"11","5M":"11","6M":"11","4M":"11"},"34":{"F2":"11","G2":"11"},"CP":{"GJ":"11","GM":"11","HH":"11","HM":"11","HJ":"11"},"58":{"5J":"11","9G":"11","7G":"11","MP":"11","MM":"11","FG":"11","GH":"11","FH":"11","PM":"11","PH":"11","MF":"11","CC":"11","HJ":"11","5M":"11","9C":"11","PQ":"11","8H":"11","9F":"11","JM":"11","6H":"11","JJ":"11","MG":"11","GJ":"11","JG":"11","8G":"11","6J":"11","JH":"11","PJ":"11","7H":"11","PG":"11","PP":"11","CF":"11","FJ":"11","8F":"11","HH":"11","MJ":"11","CG":"11","MH":"11"}},"GC":{"33":{"WG":"11"}},"27":{"HV":{"FH":"11","FF":"11","FC":"11","F9":"11","GH":"11","FG":"11","GG":"11"}},"28":{"CH":{"J6":"11"},"WH":{"XJ":"11","XF":"11","XH":"11","XG":"11"},"XH":{"2H":"11","2J":"11","2F":"11","2G":"11"},"FG":{"3J":"11","3H":"11","4R":"11","3M":"11","4V":"11","3Q":"11","4Q":"11","3P":"11","3R":"11"},"XM":{"66":"11","77":"11","65":"11","7Q":"11","6Q":"11","7P":"11","5P":"11","5M":"11","6M":"11","67":"11","6P":"11"},"CJ":{"W7":"11","W8":"11"}},"25":{"PR":{"CQ":"11"},"H9":{"C3":"11","F4":"11","C4":"11"},"MM":{"9W":"11","9V":"11"},"MJ":{"GW":"11","GV":"11","GX":"11"}},"24":{"F5":{"M6":"11","P5":"11","P6":"11","P4":"11"},"F4":{"J2":"11","J3":"11","H5":"11","H4":"11","J4":"11","J5":"11"},"H4":{"XC":"11","X5":"11","X9":"11","X6":"11"},"J5":{"6G":"11","6F":"11","6C":"11"}},"GH":{"38":{"6M":"11"},"3F":{"CW":"11"}},"22":{"2W":{"MW":"11"},"2X":{"HM":"11","HP":"11"}},"36":{"22":{"6Q":"11","5R":"11","6P":"11","4R":"11","4W":"11","5P":"11","4V":"11","4X":"11","5Q":"11"}},"39":{"3J":{"WF":"11","XQ":"11","WH":"11","XR":"11","XJ":"11","WG":"11","WM":"11","XV":"11","XP":"11","WC":"11","XM":"11","WJ":"11"},"4P":{"76":"11"},"4W":{"J2":"11"},"4V":{"JX":"11"},"29":{"99":"11","7G":"11","8F":"11","8G":"11","8C":"11","8H":"11","7H":"11","89":"11"}},"2C":{"G8":{"5Q":"11","48":"11","4C":"11","5F":"11","32":"11","6R":"11","49":"11","6Q":"11","5P":"11","5M":"11","4F":"11"},"VC":{"8F":"11","8G":"11","7C":"11","7F":"11"},"G7":{"3X":"11"}},"3C":{"23":{"WG":"11"}}}}