{"index":{"university,1|retail,2|tourism,3|wreck,4|historical,5|artsCulture,6|namedBuilding,7|water,8|wetland,9|park,10|beach,11|natureReserve,12|cemetery,13|trail,14":{}},"CM":{"4W":{"X7":{"QW":"11","M8":"11","M7":"11","MP":"11","P6":"11","QV":"11","PV":"11","MM":"11","RC":"11","WC":"11","JF":"11","QR":"11","R8":"11","Q8":"11","Q7":"11","RR":"11","J9":"11","MF":"11","P8":"11","WF":"11","WH":"11","W9":"11","VR":"11","VG":"11","VF":"11","V8":"11","WM":"11","R6":"11","P9":"11","PC":"11","PQ":"11","Q6":"11","JM":"11","PR":"11","RQ":"11","JJ":"11","VQ":"11","JP":"11","JG":"11","MV":"11","P7":"11","JH":"11","JQ":"11","RW":"11","VV":"11","RV":"11","WG":"11","V9":"11","VH":"11","PW":"11","VJ":"11","M9":"11","R7":"11","R9":"11","JC":"11","V7":"11","WJ":"11","MQ":"11","MR":"11","MC":"11","VP":"11","VC":"11","VM":"11"}},"3X":{"79":{"GH":"11","FH":"11","GP":"11","GJ":"11","GM":"11","GG":"11","HM":"11","HP":"11"}}}}