{"index":{"university,1|retail,2|tourism,3|wreck,4|historical,5|artsCulture,6|namedBuilding,7|water,8|wetland,9|park,10|beach,11|natureReserve,12|cemetery,13|trail,14":{}},"CV":{"2C":{"28":{"8Q":"11","53":"11","56":"11","8H":"11","8F":"11","6X":"11","43":"11","6G":"11","69":"11","4G":"11","7W":"11","7X":"11","79":"11","78":"11","5W":"11","47":"11","28":"11","8W":"11","42":"11","2F":"11","6V":"11","64":"11","74":"11","5P":"11","8P":"11","7H":"11","63":"11","7G":"11","8M":"11","77":"11","4H":"11","44":"11","24":"11","8V":"11","23":"11","5V":"11","6F":"11","6M":"11","36":"11","7R":"11","7F":"11","55":"11","5Q":"11","7Q":"11","5J":"11","3F":"11","25":"11","7C":"11","33":"11","6R":"11","38":"11","4X":"11","5G":"11","39":"11","34":"11","7M":"11","3H":"11","7V":"11","29":"11","8G":"11","8X":"11","6P":"11","27":"11","6C":"11","8C":"11","4M":"11","4R":"11","35":"11","5M":"11","76":"11","3G":"11","62":"11","4Q":"11","8J":"11","5C":"11","8R":"11","26":"11","4F":"11","3J":"11","72":"11","7J":"11","67":"11","37":"11","66":"11","7P":"11","6W":"11","4J":"11","6J":"11","2C":"11","49":"11","52":"11","65":"11","6Q":"11","75":"11","68":"11","46":"11","4C":"11","59":"11","57":"11","48":"11","3C":"11","45":"11","54":"11","58":"11","73":"11","5R":"11","5H":"11","5X":"11","4P":"11","4V":"11","6H":"11","4W":"11","32":"11","5F":"11"},"2H":{"4X":"11","5H":"11","5J":"11","3X":"11","4R":"11","78":"11","7G":"11","7C":"11","68":"11","6P":"11","83":"11","6C":"11","3W":"11","32":"11","5G":"11","75":"11","67":"11","93":"11","C2":"11","3P":"11","5Q":"11","82":"11","77":"11","2H":"11","4H":"11","3V":"11","4W":"11","6M":"11","22":"11","87":"11","5P":"11","74":"11","73":"11","2C":"11","23":"11","86":"11","5M":"11","5C":"11","7F":"11","2X":"11","2G":"11","4Q":"11","88":"11","5R":"11","76":"11","2V":"11","6H":"11","4M":"11","6F":"11","89":"11","3G":"11","92":"11","6J":"11","4G":"11","3Q":"11","3M":"11","2W":"11","4V":"11","6G":"11","2R":"11","4J":"11","69":"11","72":"11","85":"11","24":"11","4P":"11","5V":"11","84":"11","94":"11","3H":"11","95":"11","3R":"11","79":"11","5F":"11","2F":"11","4F":"11","3F":"11"},"2J":{"23":"11","42":"11","33":"11","32":"11","27":"11","29":"11","28":"11","43":"11","26":"11","35":"11","37":"11","25":"11","24":"11","36":"11","22":"11","2C":"11","34":"11"},"27":{"53":"11","56":"11","6X":"11","43":"11","6G":"11","69":"11","4G":"11","7W":"11","7X":"11","3V":"11","5W":"11","47":"11","28":"11","3Q":"11","42":"11","2F":"11","6V":"11","5P":"11","4H":"11","44":"11","24":"11","23":"11","5V":"11","3X":"11","6F":"11","6M":"11","36":"11","55":"11","5Q":"11","3P":"11","5J":"11","3F":"11","25":"11","33":"11","6R":"11","38":"11","4X":"11","5G":"11","39":"11","34":"11","3H":"11","7V":"11","29":"11","6P":"11","27":"11","6C":"11","4M":"11","4R":"11","35":"11","5M":"11","3G":"11","4Q":"11","5C":"11","26":"11","4F":"11","3J":"11","37":"11","6W":"11","4J":"11","6J":"11","2C":"11","3M":"11","49":"11","52":"11","22":"11","6Q":"11","3R":"11","3W":"11","46":"11","4C":"11","59":"11","57":"11","48":"11","2G":"11","3C":"11","45":"11","54":"11","58":"11","5R":"11","5H":"11","5X":"11","4P":"11","4V":"11","6H":"11","4W":"11","32":"11","5F":"11"},"25":{"2R":"11","2F":"11","2W":"11","3W":"11","2G":"11","2Q":"11","2P":"11","3R":"11","2X":"11","3Q":"11","2M":"11","3X":"11","2V":"11","3V":"11","2H":"11","2J":"11"},"2C":{"8Q":"11","95":"11","53":"11","56":"11","8H":"11","HQ":"11","FX":"11","F6":"11","8F":"11","JW":"11","HV":"11","6X":"11","HJ":"11","43":"11","9H":"11","6G":"11","69":"11","HX":"11","4G":"11","JQ":"11","CG":"11","7X":"11","7W":"11","HG":"11","3V":"11","98":"11","F7":"11","79":"11","78":"11","5W":"11","9R":"11","47":"11","28":"11","HM":"11","JV":"11","FM":"11","8W":"11","3Q":"11","C3":"11","2P":"11","42":"11","2F":"11","6V":"11","CC":"11","FH":"11","64":"11","89":"11","HW":"11","74":"11","5P":"11","GV":"11","FJ":"11","9V":"11","8P":"11","FQ":"11","7H":"11","63":"11","9P":"11","7G":"11","2R":"11","8M":"11","77":"11","JR":"11","4H":"11","85":"11","FF":"11","HH":"11","44":"11","C9":"11","C8":"11","F3":"11","24":"11","GQ":"11","8V":"11","HP":"11","2M":"11","CM":"11","23":"11","5V":"11","3X":"11","6M":"11","6F":"11","7R":"11","36":"11","GG":"11","G8":"11","GX":"11","7F":"11","55":"11","C7":"11","C5":"11","C6":"11","5Q":"11","F5":"11","7Q":"11","3P":"11","5J":"11","CQ":"11","9F":"11","3F":"11","CX":"11","25":"11","F4":"11","7C":"11","2V":"11","86":"11","6R":"11","33":"11","82":"11","G4":"11","92":"11","38":"11","GJ":"11","9C":"11","4X":"11","G9":"11","99":"11","FP":"11","5G":"11","39":"11","JP":"11","34":"11","7M":"11","3H":"11","7V":"11","H8":"11","29":"11","FV":"11","8G":"11","CF":"11","8X":"11","6P":"11","27":"11","6C":"11","HR":"11","CP":"11","8C":"11","4M":"11","9W":"11","C2":"11","FW":"11","4R":"11","35":"11","5M":"11","84":"11","F2":"11","F8":"11","76":"11","3G":"11","62":"11","4Q":"11","8J":"11","5C":"11","9G":"11","GH":"11","8R":"11","26":"11","83":"11","4F":"11","3J":"11","2W":"11","72":"11","7J":"11","67":"11","9M":"11","CW":"11","C4":"11","37":"11","G5":"11","66":"11","7P":"11","G3":"11","6W":"11","4J":"11","CV":"11","GF":"11","9J":"11","FR":"11","6J":"11","2C":"11","88":"11","3M":"11","49":"11","94":"11","HF":"11","52":"11","GR":"11","CH":"11","65":"11","G7":"11","H9":"11","22":"11","GC":"11","96":"11","CR":"11","6Q":"11","93":"11","HC":"11","3R":"11","75":"11","3W":"11","68":"11","46":"11","F9":"11","4C":"11","59":"11","57":"11","48":"11","2G":"11","3C":"11","45":"11","2J":"11","GW":"11","54":"11","58":"11","GP":"11","GM":"11","87":"11","73":"11","5R":"11","G6":"11","2Q":"11","CJ":"11","5H":"11","5X":"11","2X":"11","9Q":"11","9X":"11","FG":"11","G2":"11","4P":"11","FC":"11","4V":"11","2H":"11","JX":"11","6H":"11","4W":"11","97":"11","32":"11","5F":"11"},"2F":{"8J":"11","6P":"11","8P":"11","H7":"11","4X":"11","9R":"11","C6":"11","FR":"11","C2":"11","3V":"11","7G":"11","2J":"11","MW":"11","8W":"11","6G":"11","6H":"11","CV":"11","HP":"11","3C":"11","G4":"11","2P":"11","77":"11","74":"11","CF":"11","67":"11","8H":"11","56":"11","GF":"11","JC":"11","4H":"11","49":"11","84":"11","JJ":"11","G8":"11","GV":"11","69":"11","G9":"11","4J":"11","F5":"11","32":"11","H4":"11","3J":"11","86":"11","MF":"11","GQ":"11","4M":"11","97":"11","8M":"11","HF":"11","H9":"11","FV":"11","2G":"11","CC":"11","33":"11","CJ":"11","CR":"11","58":"11","68":"11","FP":"11","7Q":"11","H8":"11","9V":"11","GW":"11","3Q":"11","JX":"11","27":"11","2F":"11","MM":"11","MX":"11","8X":"11","MC":"11","96":"11","78":"11","9Q":"11","9X":"11","72":"11","CX":"11","7V":"11","F8":"11","CH":"11","2X":"11","4C":"11","M9":"11","J9":"11","C4":"11","76":"11","JH":"11","88":"11","99":"11","5Q":"11","MJ":"11","G5":"11","GJ":"11","2V":"11","65":"11","3W":"11","9P":"11","5P":"11","2H":"11","JF":"11","JM":"11","7R":"11","6R":"11","FJ":"11","CP":"11","JR":"11","35":"11","J4":"11","HQ":"11","J7":"11","43":"11","4P":"11","9F":"11","8Q":"11","GX":"11","46":"11","95":"11","7C":"11","7P":"11","6W":"11","MR":"11","7J":"11","J8":"11","44":"11","34":"11","37":"11","5V":"11","55":"11","H5":"11","F9":"11","H3":"11","HM":"11","FX":"11","HC":"11","29":"11","57":"11","3X":"11","HW":"11","F7":"11","59":"11","HV":"11","JQ":"11","48":"11","JW":"11","9H":"11","82":"11","8V":"11","HG":"11","CG":"11","F6":"11","36":"11","JP":"11","7W":"11","7M":"11","J2":"11","6V":"11","7H":"11","62":"11","G2":"11","HX":"11","JV":"11","FM":"11","2R":"11","3P":"11","MV":"11","MQ":"11","GC":"11","73":"11","24":"11","4V":"11","8R":"11","9M":"11","85":"11","53":"11","H2":"11","MH":"11","92":"11","45":"11","9W":"11","42":"11","6F":"11","75":"11","JG":"11","C7":"11","G6":"11","2W":"11","FF":"11","CW":"11","H6":"11","5M":"11","5R":"11","3F":"11","6J":"11","F4":"11","C3":"11","5F":"11","C9":"11","6C":"11","FQ":"11","47":"11","FC":"11","HR":"11","FG":"11","25":"11","79":"11","8C":"11","6M":"11","GG":"11","5C":"11","66":"11","63":"11","94":"11","38":"11","2C":"11","G7":"11","4Q":"11","23":"11","89":"11","C5":"11","4R":"11","39":"11","3R":"11","CQ":"11","3M":"11","8G":"11","98":"11","87":"11","J3":"11","C8":"11","5J":"11","5H":"11","5W":"11","26":"11","4G":"11","7X":"11","9C":"11","4W":"11","MG":"11","9G":"11","MP":"11","J5":"11","GH":"11","2M":"11","5X":"11","64":"11","6Q":"11","HH":"11","5G":"11","8F":"11","6X":"11","2Q":"11","GM":"11","7F":"11","FH":"11","F2":"11","22":"11","3G":"11","HJ":"11","GR":"11","54":"11","4F":"11","93":"11","CM":"11","J6":"11","F3":"11","3H":"11","9J":"11","FW":"11","28":"11","52":"11","GP":"11","G3":"11","83":"11"},"29":{"8Q":"11","95":"11","53":"11","56":"11","8H":"11","FX":"11","8F":"11","6X":"11","43":"11","9H":"11","6G":"11","69":"11","4G":"11","CG":"11","7X":"11","7W":"11","3V":"11","98":"11","79":"11","78":"11","5W":"11","9R":"11","47":"11","28":"11","FM":"11","8W":"11","3Q":"11","2P":"11","42":"11","2F":"11","6V":"11","CC":"11","64":"11","89":"11","74":"11","5P":"11","9V":"11","8P":"11","FQ":"11","7H":"11","63":"11","9P":"11","2R":"11","7G":"11","8M":"11","77":"11","4H":"11","85":"11","44":"11","24":"11","8V":"11","2M":"11","CM":"11","23":"11","5V":"11","3X":"11","6M":"11","6F":"11","36":"11","7R":"11","GX":"11","7F":"11","55":"11","5Q":"11","7Q":"11","3P":"11","5J":"11","CQ":"11","9F":"11","3F":"11","CX":"11","25":"11","7C":"11","2V":"11","86":"11","6R":"11","82":"11","92":"11","38":"11","9C":"11","4X":"11","FP":"11","99":"11","5G":"11","39":"11","7M":"11","3H":"11","7V":"11","29":"11","FV":"11","8G":"11","CF":"11","8X":"11","6P":"11","27":"11","6C":"11","CP":"11","8C":"11","4M":"11","9W":"11","FW":"11","4R":"11","35":"11","5M":"11","84":"11","76":"11","3G":"11","62":"11","4Q":"11","8J":"11","5C":"11","9G":"11","8R":"11","26":"11","83":"11","4F":"11","3J":"11","2W":"11","72":"11","7J":"11","67":"11","9M":"11","CW":"11","37":"11","66":"11","7P":"11","6W":"11","4J":"11","CV":"11","9J":"11","FR":"11","6J":"11","2C":"11","88":"11","3M":"11","49":"11","94":"11","52":"11","CH":"11","65":"11","96":"11","CR":"11","6Q":"11","93":"11","3R":"11","75":"11","3W":"11","68":"11","46":"11","4C":"11","59":"11","57":"11","48":"11","2G":"11","3C":"11","45":"11","2J":"11","GW":"11","54":"11","58":"11","87":"11","73":"11","5R":"11","2Q":"11","CJ":"11","5H":"11","2X":"11","5X":"11","9Q":"11","9X":"11","4P":"11","2H":"11","4V":"11","6H":"11","4W":"11","97":"11","5F":"11"},"2G":{"8Q":"11","95":"11","56":"11","53":"11","J6":"11","F6":"11","M3":"11","43":"11","9H":"11","6G":"11","69":"11","H7":"11","4G":"11","CG":"11","HG":"11","3V":"11","98":"11","F7":"11","79":"11","78":"11","9R":"11","47":"11","28":"11","H4":"11","8W":"11","FM":"11","3Q":"11","C3":"11","2P":"11","42":"11","2F":"11","CC":"11","FH":"11","64":"11","89":"11","74":"11","5P":"11","FJ":"11","9V":"11","FQ":"11","63":"11","9P":"11","2R":"11","77":"11","4H":"11","85":"11","FF":"11","44":"11","J2":"11","C9":"11","C8":"11","H2":"11","F3":"11","24":"11","8V":"11","2M":"11","CM":"11","23":"11","3X":"11","6F":"11","36":"11","GG":"11","M5":"11","G8":"11","H3":"11","7F":"11","55":"11","C7":"11","C5":"11","C6":"11","5Q":"11","F5":"11","3P":"11","5J":"11","CQ":"11","9F":"11","3F":"11","CX":"11","25":"11","F4":"11","7C":"11","H6":"11","2V":"11","J3":"11","86":"11","33":"11","82":"11","G4":"11","92":"11","38":"11","GJ":"11","9C":"11","J7":"11","G9":"11","99":"11","FP":"11","J5":"11","5G":"11","39":"11","34":"11","3H":"11","H8":"11","29":"11","FV":"11","CF":"11","8X":"11","27":"11","6C":"11","CP":"11","8C":"11","4M":"11","9W":"11","C2":"11","4R":"11","35":"11","5M":"11","84":"11","F2":"11","F8":"11","62":"11","76":"11","3G":"11","4Q":"11","5C":"11","9G":"11","GH":"11","8R":"11","26":"11","83":"11","4F":"11","3J":"11","2W":"11","72":"11","67":"11","9M":"11","CW":"11","C4":"11","37":"11","G5":"11","66":"11","G3":"11","4J":"11","CV":"11","M2":"11","GF":"11","9J":"11","FR":"11","6J":"11","H5":"11","2C":"11","88":"11","3M":"11","49":"11","94":"11","52":"11","HF":"11","CH":"11","65":"11","G7":"11","H9":"11","22":"11","GC":"11","96":"11","J4":"11","CR":"11","93":"11","3R":"11","HC":"11","75":"11","3W":"11","68":"11","46":"11","F9":"11","4C":"11","59":"11","57":"11","48":"11","2G":"11","3C":"11","45":"11","2J":"11","54":"11","58":"11","GM":"11","87":"11","73":"11","G6":"11","2Q":"11","CJ":"11","5H":"11","2X":"11","9Q":"11","J8":"11","9X":"11","FG":"11","G2":"11","4P":"11","FC":"11","4V":"11","2H":"11","6H":"11","M4":"11","97":"11","32":"11","5F":"11"},"26":{"2R":"11","2P":"11","2M":"11","5W":"11","4G":"11","3V":"11","25":"11","32":"11","38":"11","2X":"11","5V":"11","5X":"11","36":"11","4J":"11","4P":"11","49":"11","3X":"11","4X":"11","4Q":"11","2H":"11","27":"11","33":"11","3G":"11","4M":"11","35":"11","3F":"11","4R":"11","3J":"11","4F":"11","2Q":"11","48":"11","4H":"11","3R":"11","4V":"11","3M":"11","4W":"11","3W":"11","28":"11","29":"11","47":"11","2V":"11","3P":"11","2C":"11","45":"11","34":"11","3C":"11","22":"11","24":"11","26":"11","5R":"11","2F":"11","39":"11","2J":"11","2G":"11","37":"11","46":"11","23":"11","2W":"11","3H":"11","3Q":"11","4C":"11"}}}}